polymorphic_index,HXB2_index,nucleotide,TF,consensus,epitope,escape,f_at_0,f_at_16,f_at_45,f_at_111,f_at_181,f_at_283,f_at_412,f_at_552,xp_at_0,xp_at_16,xp_at_45,xp_at_111,xp_at_181,xp_at_283,xp_at_412,xp_at_552
18,5404,G,A,A,AIRKAILGR,True,0.0,0.0,0.0,0.0,0.0,0.81818,0.75,0.41667,0.000000,0.000000,0.000000,0.111111,0.714286,0.818182,0.750000,0.416667
19,5405,C,A,A,AIRKAILGR,True,0.0,0.0,0.0,0.0,0.57143,0.0,0.0,0.0,0.000000,0.000000,0.000000,0.111111,0.714286,0.818182,0.750000,0.416667
20,5410,C,A,A,AIRKAILGR,True,0.0,0.0,0.0,0.11111,0.0,0.0,0.0,0.16667,0.000000,0.000000,0.000000,0.111111,0.714286,0.818182,0.750000,0.416667
21,5413,G,T,T,AIRKAILGR,True,0.0,0.0,0.0,0.0,0.14286,0.0,0.0,0.0,0.000000,0.000000,0.000000,0.111111,0.714286,0.818182,0.750000,0.416667
257,8745,T,C,C,RACRAILHI,True,0.0,0.0,0.0,0.11111,0.0,0.0,0.083333,0.0,0.000000,0.000000,0.000000,0.111111,0.000000,0.090909,0.166667,0.000000
258,8746,G,T,T,RACRAILHI,True,0.0,0.0,0.0,0.0,0.0,0.0,0.16667,0.0,0.000000,0.000000,0.000000,0.111111,0.000000,0.090909,0.166667,0.000000
259,8752,C,T,T,RACRAILHI,True,0.0,0.0,0.0,0.0,0.0,0.090909,0.0,0.0,0.000000,0.000000,0.000000,0.111111,0.000000,0.090909,0.166667,0.000000
286,9359,A,G,G,SSLAFRHVAR,True,0.0,0.0,0.14286,0.11111,0.0,0.72727,0.41667,0.25,0.750000,0.444444,0.928571,1.000000,1.000000,1.000000,1.000000,1.000000
287,9360,A,C,C,SSLAFRHVAR,True,0.0,0.11111,0.0,0.0,0.0,0.0,0.0,0.0,0.750000,0.444444,0.928571,1.000000,1.000000,1.000000,1.000000,1.000000
287,9360,G,C,C,SSLAFRHVAR,True,0.125,0.0,0.0,0.0,0.0,0.0,0.0,0.0,0.750000,0.444444,0.928571,1.000000,1.000000,1.000000,1.000000,1.000000
288,9371,A,G,A,SSLAFRHVAR,True,0.25,0.33333,0.0,0.44444,0.0,0.0,0.0,0.0,0.750000,0.444444,0.928571,1.000000,1.000000,1.000000,1.000000,1.000000
290,9377,A,T,T,SSLAFRHVAR,True,0.125,0.0,0.0,0.0,0.0,0.0,0.0,0.0,0.750000,0.444444,0.928571,1.000000,1.000000,1.000000,1.000000,1.000000
291,9383,A,G,G,SSLAFRHVAR,True,0.25,0.0,0.78571,0.44444,1.0,0.27273,0.58333,0.75,0.750000,0.444444,0.928571,1.000000,1.000000,1.000000,1.000000,1.000000
