polymorphic_index,HXB2_index,nucleotide,TF,consensus,epitope,escape,f_at_0,f_at_8,f_at_12,f_at_22,f_at_29,f_at_56,f_at_85,xp_at_0,xp_at_8,xp_at_12,xp_at_22,xp_at_29,xp_at_56,xp_at_85
223,8501,T,C,T,PTEPVPFQL,True,0.0,0.0,0.0,0.16667,0.14286,0.30769,0.9,0.000000,0.000000,0.000000,0.333333,0.857143,0.923077,1.000000
224,8502,A,C,C,PTEPVPFQL,True,0.0,0.0,0.0,0.0,0.0,0.30769,0.1,0.000000,0.000000,0.000000,0.333333,0.857143,0.923077,1.000000
224,8502,T,C,C,PTEPVPFQL,True,0.0,0.0,0.0,0.0,0.0,0.076923,0.0,0.000000,0.000000,0.000000,0.333333,0.857143,0.923077,1.000000
225,8511,T,C,C,PTEPVPFQL,True,0.0,0.0,0.0,0.0,0.0,0.076923,0.0,0.000000,0.000000,0.000000,0.333333,0.857143,0.923077,1.000000
226,8516,T,C,C,PTEPVPFQL,True,0.0,0.0,0.0,0.16667,0.14286,0.0,0.0,0.000000,0.000000,0.000000,0.333333,0.857143,0.923077,1.000000
227,8519,C,T,C,PTEPVPFQL,True,0.0,0.0,0.0,0.0,0.42857,0.076923,0.0,0.000000,0.000000,0.000000,0.333333,0.857143,0.923077,1.000000
228,8521,A,T,T,PTEPVPFQL,True,0.0,0.0,0.0,0.0,0.14286,0.0,0.0,0.000000,0.000000,0.000000,0.333333,0.857143,0.923077,1.000000
228,8521,G,T,T,PTEPVPFQL,True,0.0,0.0,0.0,0.0,0.0,0.076923,0.0,0.000000,0.000000,0.000000,0.333333,0.857143,0.923077,1.000000
254,9328,G,A,A,REVLIWKFD,True,0.0,0.0,0.0,0.0,0.0,0.15385,0.0,0.000000,0.000000,0.076923,0.166667,0.857143,1.000000,1.000000
255,9329,A,G,G,REVLIWKFD,True,0.0,0.0,0.0,0.16667,0.42857,0.076923,0.0,0.000000,0.000000,0.076923,0.166667,0.857143,1.000000,1.000000
257,9331,A,G,G,REVLIWKFD,True,0.0,0.0,0.076923,0.0,0.0,0.0,0.0,0.000000,0.000000,0.076923,0.166667,0.857143,1.000000,1.000000
258,9333,C,A,A,REVLIWKFD,True,0.0,0.0,0.0,0.0,0.0,0.15385,0.1,0.000000,0.000000,0.076923,0.166667,0.857143,1.000000,1.000000
258,9333,T,A,A,REVLIWKFD,True,0.0,0.0,0.0,0.0,0.0,0.076923,0.8,0.000000,0.000000,0.076923,0.166667,0.857143,1.000000,1.000000
259,9335,A,T,T,REVLIWKFD,True,0.0,0.0,0.0,0.0,0.28571,0.15385,0.0,0.000000,0.000000,0.076923,0.166667,0.857143,1.000000,1.000000
260,9339,C,A,A,REVLIWKFD,True,0.0,0.0,0.0,0.0,0.0,0.076923,0.0,0.000000,0.000000,0.076923,0.166667,0.857143,1.000000,1.000000
261,9341,A,T,A,REVLIWKFD,True,0.0,0.0,0.0,0.0,0.0,0.15385,0.0,0.000000,0.000000,0.076923,0.166667,0.857143,1.000000,1.000000
261,9341,C,T,A,REVLIWKFD,True,0.0,0.0,0.0,0.0,0.0,0.076923,0.0,0.000000,0.000000,0.076923,0.166667,0.857143,1.000000,1.000000
261,9341,G,T,A,REVLIWKFD,True,0.0,0.0,0.0,0.0,0.14286,0.076923,0.1,0.000000,0.000000,0.076923,0.166667,0.857143,1.000000,1.000000
