polymorphic_index,HXB2_index,nucleotide,TF,consensus,epitope,escape,f_at_0,f_at_8,f_at_45,f_at_85,xp_at_0,xp_at_8,xp_at_45,xp_at_85
60,7980,C,T,T,ERYLRDQQL,True,0.0,0.16667,0.33333,0.33333,0.000000,0.333333,0.888889,0.888889
61,7986,G,A,A,ERYLRDQQL,True,0.0,0.16667,0.22222,0.11111,0.000000,0.333333,0.888889,0.888889
62,7987,A,G,A,ERYLRDQQL,True,0.0,0.0,0.11111,0.33333,0.000000,0.333333,0.888889,0.888889
63,7988,C,G,G,ERYLRDQQL,True,0.0,0.0,0.22222,0.11111,0.000000,0.333333,0.888889,0.888889
