polymorphic_index,HXB2_index,nucleotide,TF,consensus,epitope,escape,sc_MPL,tc_MPL,f_at_0,f_at_13,f_at_41,f_at_69,f_at_174,xp_at_0,xp_at_13,xp_at_41,xp_at_69,xp_at_174
57,2236,A,C,C,ELYPMTSLK,True,0.0005597109,0.01150253,0.0,0.0,0.0,0.0,0.22222,0.000000,0.000000,0.034483,0.000000,0.222222
59,2258,G,A,G,ELYPMTSLK,True,0.0019583372,0.01150253,0.0,0.0,0.034483,0.0,0.0,0.000000,0.000000,0.034483,0.000000,0.222222
108,3931,A,G,G,RGRQKVVSL,True,-0.010234749,0.03457756,0.0,0.0,0.0,0.9,0.11111,0.000000,0.000000,0.000000,0.900000,1.000000
109,3939,A,C,C,RGRQKVVSL,True,0.0030993419999999,0.03457756,0.0,0.0,0.0,0.0,0.11111,0.000000,0.000000,0.000000,0.900000,1.000000
110,3946,C,T,T,RGRQKVVSL,True,0.0013851582,0.03457756,0.0,0.0,0.0,0.0,0.11111,0.000000,0.000000,0.000000,0.900000,1.000000
111,3951,C,T,T,RGRQKVVSL,True,0.010325796,0.03457756,0.0,0.0,0.0,0.0,0.66667,0.000000,0.000000,0.000000,0.900000,1.000000
