polymorphic_index,HXB2_index,nucleotide,TF,consensus,epitope,escape,sc_MPL,tc_MPL,f_at_0,f_at_13,f_at_41,f_at_69,f_at_174,xp_at_0,xp_at_13,xp_at_41,xp_at_69,xp_at_174
0,5096,G,A,G,RIKTWKSLVK,True,-0.003607721,0.0778845,0.0,0.0,0.035714,0.0,0.08,0.000000,0.000000,0.071429,0.956522,1.000000
1,5097,T,A,A,RIKTWKSLVK,True,0.02928689,0.0778845,0.0,0.0,0.0,0.95652,0.92,0.000000,0.000000,0.071429,0.956522,1.000000
2,5106,C,A,A,RIKTWKSLVK,True,-0.013309049,0.0778845,0.0,0.0,0.035714,0.0,0.0,0.000000,0.000000,0.071429,0.956522,1.000000
3,5107,G,A,A,RIKTWKSLVK,True,-0.010068946,0.0778845,0.0,0.0,0.035714,0.0,0.0,0.000000,0.000000,0.071429,0.956522,1.000000
238,8776,C,T,T,RQGLERALI,True,-0.0010206968,0.03822912,0.0,0.0,0.0,0.0,0.04,0.000000,0.000000,0.000000,0.000000,0.920000
239,8784,A,G,G,RQGLERALI,True,0.0064140329999999,0.03822912,0.0,0.0,0.0,0.0,0.76,0.000000,0.000000,0.000000,0.000000,0.920000
240,8785,T,C,C,RQGLERALI,True,0.000717085,0.03822912,0.0,0.0,0.0,0.0,0.08,0.000000,0.000000,0.000000,0.000000,0.920000
241,8789,T,A,G,RQGLERALI,True,0.0014391692,0.03822912,0.0,0.0,0.0,0.0,0.04,0.000000,0.000000,0.000000,0.000000,0.920000
271,9359,A,G,G,RLAYQHIAKEK,True,-0.0037683021,0.1506117,0.0,0.071429,0.14286,0.043478,0.0,0.000000,0.071429,1.000000,1.000000,1.000000
271,9359,T,G,G,RLAYQHIAKEK,True,0.0045755309,0.1506117,0.0,0.0,0.28571,0.0,0.04,0.000000,0.071429,1.000000,1.000000,1.000000
272,9370,A,C,C,RLAYQHIAKEK,True,0.0010415968,0.1506117,0.0,0.0,0.071429,0.0,0.04,0.000000,0.071429,1.000000,1.000000,1.000000
273,9383,G,A,G,RLAYQHIAKEK,True,0.02876101,0.1506117,0.0,0.0,0.57143,1.0,1.0,0.000000,0.071429,1.000000,1.000000,1.000000
