polymorphic_index,HXB2_index,nucleotide,TF,consensus,epitope,escape,sc_MPL,tc_MPL,f_at_0,f_at_21,f_at_60,f_at_172,xp_at_0,xp_at_21,xp_at_60,xp_at_172
9,1225,A,G,G,QMVHQALSP,True,0.008486264,0.1275246,0.0,0.27778,0.28571,0.25,0.000000,0.833333,1.000000,1.000000
10,1228,A,C,A,QMVHQALSP,True,0.015944126,0.1275246,0.0,0.55556,0.71429,0.75,0.000000,0.833333,1.000000,1.000000
