polymorphic_index,HXB2_index,nucleotide,TF,consensus,epitope,escape,sc_MPL,tc_MPL,f_at_0,f_at_28,f_at_63,f_at_172,xp_at_0,xp_at_28,xp_at_63,xp_at_172
77,3280,C,T,T,PIQLPEKDS,True,-0.014462125,0.04802701,0.0,0.0,0.033333,0.0,0.000000,0.000000,0.066667,0.615385
78,3282,A,C,C,PIQLPEKDS,True,0.002437914,0.04802701,0.0,0.0,0.0,0.076923,0.000000,0.000000,0.066667,0.615385
79,3283,T,A,A,PIQLPEKDS,True,0.02902936,0.04802701,0.0,0.0,0.0,0.38462,0.000000,0.000000,0.066667,0.615385
80,3300,T,A,A,PIQLPEKDS,True,-0.0070674169999999,0.04802701,0.0,0.0,0.033333,0.0,0.000000,0.000000,0.066667,0.615385
81,3301,A,G,G,PIQLPEKDS,True,-0.0003352772,0.04802701,0.0,0.0,0.0,0.15385,0.000000,0.000000,0.066667,0.615385
