polymorphic_index,HXB2_index,nucleotide,TF,consensus,epitope,escape,sc_old,sc_MPL,tc_MPL,f_at_0,f_at_21,f_at_28,f_at_34,f_at_63,f_at_91,f_at_175,f_at_273,f_at_333,xp_at_0,xp_at_21,xp_at_28,xp_at_34,xp_at_63,xp_at_91,xp_at_175,xp_at_273,xp_at_333
14,1261,A,G,G,VKVIEEKAF,True,0.0013028593,-0.0004823251,0.007685973,0.0,0.0,0.0,0.0,0.083333,0.0,0.0,0.0,0.0,0.000000,0.000000,0.000000,0.000000,0.083333,0.000000,0.000000,0.100000,0.222222
15,1270,C,G,G,VKVIEEKAF,True,0.004443362,0.00368677,0.007685973,0.0,0.0,0.0,0.0,0.0,0.0,0.0,0.0,0.11111,0.000000,0.000000,0.000000,0.000000,0.083333,0.000000,0.000000,0.100000,0.222222
16,1272,C,G,G,VKVIEEKAF,True,0.003943135,0.0034378605,0.007685973,0.0,0.0,0.0,0.0,0.0,0.0,0.0,0.0,0.11111,0.000000,0.000000,0.000000,0.000000,0.083333,0.000000,0.000000,0.100000,0.222222
16,1272,T,G,G,VKVIEEKAF,True,0.005391292,0.004571211,0.007685973,0.0,0.0,0.0,0.0,0.0,0.0,0.0,0.0,0.11111,0.000000,0.000000,0.000000,0.000000,0.083333,0.000000,0.000000,0.100000,0.222222
19,1276,C,G,G,VKVIEEKAF,True,-0.00042645006,-0.0012607287,0.007685973,0.0,0.0,0.0,0.0,0.0,0.0,0.0,0.1,0.0,0.000000,0.000000,0.000000,0.000000,0.083333,0.000000,0.000000,0.100000,0.222222
