polymorphic_index,HXB2_index,nucleotide,TF,consensus,epitope,escape,sc_old,sc_MPL,tc_MPL,f_at_0,f_at_21,f_at_77,f_at_179,f_at_438,xp_at_0,xp_at_21,xp_at_77,xp_at_179,xp_at_438
6,1057,G,A,G,VHKGIKVKD,True,0.007224,0.004484,0.03362371,0.0,0.0,0.0,0.0,0.95,0.000000,0.000000,0.000000,1.000000,1.000000
7,1067,C,A,A,VHKGIKVKD,True,0.023934,0.001309,0.03362371,0.0,0.0,0.0,0.125,0.0,0.000000,0.000000,0.000000,1.000000,1.000000
8,1069,A,G,G,VHKGIKVKD,True,0.033897,0.005566,0.03362371,0.0,0.0,0.0,0.875,1.0,0.000000,0.000000,0.000000,1.000000,1.000000
30,1979,G,A,A,GKEGHIAKN,True,0.01004,0.004338,0.07449132,0.0,0.0,0.75,0.0,0.0,0.000000,0.000000,1.000000,1.000000,1.000000
31,1990,C,A,A,GKEGHIAKN,True,0.001386,0.000341,0.07449132,0.0,0.0,0.25,0.0,0.0,0.000000,0.000000,1.000000,1.000000,1.000000
33,1997,G,A,G,GKEGHIAKN,True,0.059138,0.008183,0.07449132,0.0,0.0,0.0,1.0,1.0,0.000000,0.000000,1.000000,1.000000,1.000000
38,2352,A,G,G,EEMNLTGKW,True,-0.000353,-0.000615,0.04065495,0.0,0.0,0.0,0.0,0.05,0.000000,0.000000,0.000000,1.000000,1.000000
39,2361,C,A,A,EEMNLTGKW,True,0.005786,0.00025,0.04065495,0.0,0.0,0.0,0.125,0.0,0.000000,0.000000,0.000000,1.000000,1.000000
40,2362,G,A,A,EEMNLTGKW,True,0.015356,-0.001298,0.04065495,0.0,0.0,0.0,0.25,0.0,0.000000,0.000000,0.000000,1.000000,1.000000
42,2367,C,A,C,EEMNLTGKW,True,0.011295,0.005248,0.04065495,0.0,0.0,0.0,0.0,1.0,0.000000,0.000000,0.000000,1.000000,1.000000
42,2367,G,A,C,EEMNLTGKW,True,0.010961,0.001216,0.04065495,0.0,0.0,0.0,0.25,0.0,0.000000,0.000000,0.000000,1.000000,1.000000
43,2374,G,A,A,EEMNLTGKW,True,0.004559,-1.6e-05,0.04065495,0.0,0.0,0.0,0.5,0.0,0.000000,0.000000,0.000000,1.000000,1.000000
