polymorphic_index,HXB2_index,nucleotide,TF,consensus,epitope,escape,sc_old,sc_MPL,tc_MPL,f_at_0,f_at_25,f_at_67,xp_at_0,xp_at_25,xp_at_67
2,1003,T,A,A,GTEELRSLY,True,0.012455,0.006109,0.08134024,0.0,0.0,0.045455,0.000000,0.062500,1.000000
3,1006,A,G,G,GTEELRSLY,True,0.016671,0.008162,0.08134024,0.0,0.0,0.090909,0.000000,0.062500,1.000000
4,1011,C,A,A,GTEELRSLY,True,0.003827,0.001322,0.08134024,0.0,0.0,0.090909,0.000000,0.062500,1.000000
5,1016,A,G,G,GTEELRSLY,True,0.007597,-0.013513,0.08134024,0.0,0.0625,0.0,0.000000,0.062500,1.000000
6,1024,C,T,T,GTEELRSLY,True,0.027407,0.014003,0.08134024,0.0,0.0,0.77273,0.000000,0.062500,1.000000
