polymorphic_index,HXB2_index,nucleotide,TF,consensus,epitope,escape,sc_old,sc_MPL,tc_MPL,f_at_0,f_at_21,f_at_28,f_at_34,f_at_63,f_at_91,f_at_175,f_at_273,f_at_333,xp_at_0,xp_at_21,xp_at_28,xp_at_34,xp_at_63,xp_at_91,xp_at_175,xp_at_273,xp_at_333
618,8988a,-,G,G,EEVGFPVKPQV,True,0.005217,-0.014669,0.1587205,0.0,0.0,0.125,0.0,0.0,0.0,0.0,0.0,0.0,0.000000,0.700000,0.750000,1.000000,1.000000,1.000000,1.000000,1.000000,1.000000
618,8988a,A,G,G,EEVGFPVKPQV,True,0.01462,-0.021666,0.1587205,0.0,0.3,0.25,0.16667,0.0,0.0,0.0,0.0,0.0,0.000000,0.700000,0.750000,1.000000,1.000000,1.000000,1.000000,1.000000,1.000000
619,8988b,-,A,A,EEVGFPVKPQV,True,0.017386,0.002384,0.1587205,0.0,0.0,0.125,0.0,0.0,0.0,0.0,0.0,0.0,0.000000,0.700000,0.750000,1.000000,1.000000,1.000000,1.000000,1.000000,1.000000
619,8988b,G,A,A,EEVGFPVKPQV,True,0.038947,0.01243,0.1587205,0.0,0.2,0.125,0.41667,0.5,0.11111,0.58333,0.11111,0.33333,0.000000,0.700000,0.750000,1.000000,1.000000,1.000000,1.000000,1.000000,1.000000
620,8988c,-,A,A,EEVGFPVKPQV,True,0.031482,0.016185,0.1587205,0.0,0.0,0.125,0.0,0.0,0.0,0.0,0.0,0.0,0.000000,0.700000,0.750000,1.000000,1.000000,1.000000,1.000000,1.000000,1.000000
620,8988c,C,A,A,EEVGFPVKPQV,True,0.060075,0.035017,0.1587205,0.0,0.1,0.0,0.16667,0.33333,0.77778,0.33333,0.77778,0.66667,0.000000,0.700000,0.750000,1.000000,1.000000,1.000000,1.000000,1.000000,1.000000
620,8988c,T,A,A,EEVGFPVKPQV,True,0.039962,0.023776,0.1587205,0.0,0.0,0.0,0.0,0.083333,0.0,0.083333,0.11111,0.0,0.000000,0.700000,0.750000,1.000000,1.000000,1.000000,1.000000,1.000000,1.000000
621,8990,G,A,A,EEVGFPVKPQV,True,0.035037,0.019291,0.1587205,0.0,0.0,0.125,0.25,0.083333,0.11111,0.0,0.0,0.0,0.000000,0.700000,0.750000,1.000000,1.000000,1.000000,1.000000,1.000000,1.000000
624,9008,G,A,G,EEVGFPVKPQV,True,0.027375,0.016143,0.1587205,0.0,0.1,0.125,0.0,0.0,0.11111,0.58333,0.55556,0.33333,0.000000,0.700000,0.750000,1.000000,1.000000,1.000000,1.000000,1.000000,1.000000
