,trajectory,ns,dt,sc_0,sc_1,sc_2,sc_3,sc_4,sc_5,d_sc0,d_sc1,d_sc2,d_sc3,d_sc4,d_sc5,AUROC_ben,AUROC_del
0,0,1000,1,0.0126136672681699,0.0284489415950634,0.0033555675946291,0.0023599514801376,-0.0289911063481982,-0.021011056376694,-0.0173863327318301,-0.0015510584049365991,0.0033555675946291,0.0023599514801376,0.0010088936518018003,0.008988943623306,1.0,1.0
1,0,1000,10,0.0143060718307251,0.0274880475159209,0.0021439555042298,0.0004713877272912,-0.030174435171785,-0.0193664742106197,-0.0156939281692749,-0.0025119524840790976,0.0021439555042298,0.0004713877272912,-0.00017443517178499998,0.010633525789380299,1.0,1.0
2,0,1000,100,0.010337070373304,0.0191475571888035,0.0002675457205856,-0.0005161488653688,-0.0377837749161771,-0.0167851546566775,-0.019662929626695996,-0.0108524428111965,0.0002675457205856,-0.0005161488653688,-0.0077837749161771,0.013214845343322498,1.0,1.0
3,0,100,1,0.0308560468429671,0.03939158485937,0.0105147631719798,-0.0077079479197776,-0.0089397494272857,-0.0153418345673334,0.0008560468429671016,0.00939158485937,0.0105147631719798,-0.0077079479197776,0.0210602505727143,0.0146581654326666,1.0,1.0
4,0,100,10,0.0159339239344497,0.0272204849676964,0.0031109029452311,0.0005879244595122,-0.0316572789559059,-0.0199746040797867,-0.014066076065550298,-0.0027795150323036005,0.0031109029452311,0.0005879244595122,-0.0016572789559059012,0.010025395920213297,1.0,1.0
5,0,100,100,0.0150814513463813,0.0225537340879174,0.0012170714909321,-0.0002871430282703,-0.0669104727561457,-0.0166995847113445,-0.0149185486536187,-0.0074462659120825975,0.0012170714909321,-0.0002871430282703,-0.0369104727561457,0.013300415288655498,1.0,1.0
6,1,1000,1,0.0172971927146843,0.0152838760784519,-0.0012877914068983,0.010489347100612,-0.0175233629970327,-0.0212776910398263,-0.012702807285315698,-0.0147161239215481,-0.0012877914068983,0.010489347100612,0.012476637002967299,0.008722308960173699,1.0,1.0
7,1,1000,10,0.0157461222657061,0.0185358787969434,0.0008408805825217,0.0078784148390433,-0.01629328452686,-0.0204519503527693,-0.014253877734293898,-0.0114641212030566,0.0008408805825217,0.0078784148390433,0.013706715473139997,0.009548049647230699,1.0,1.0
8,1,1000,100,0.0117209930351284,0.0132670868371011,-0.0028963639632368,0.0066746481819053,-0.0156534771340671,-0.022285522754473,-0.0182790069648716,-0.016732913162898898,-0.0028963639632368,0.0066746481819053,0.014346522865932899,0.007714477245526999,1.0,1.0
9,1,100,1,0.0112488428766572,0.0001953927937196,-0.0255788913382461,0.0095446355986621,-0.0256544477624294,-0.0346259673984884,-0.0187511571233428,-0.0298046072062804,-0.0255788913382461,0.0095446355986621,0.004345552237570598,-0.004625967398488404,0.875,1.0
10,1,100,10,0.0149190259695334,0.0174793791715263,-0.0003794948530074,0.0070031336990725,-0.0155660980474127,-0.0209524849945583,-0.015080974030466598,-0.012520620828473699,-0.0003794948530074,0.0070031336990725,0.0144339019525873,0.009047515005441698,1.0,1.0
11,1,100,100,0.0120835405285584,0.0129203645972231,-0.0043200842909012,0.005107005526196,-0.0168207703101029,-0.021816807714092,-0.017916459471441597,-0.017079635402776898,-0.0043200842909012,0.005107005526196,0.013179229689897098,0.008183192285907998,1.0,1.0
12,2,1000,1,0.0220279413024589,0.019991531087831,0.0055437225723792,-0.0046760821604715,-0.0185795530658819,-0.0204509184828325,-0.007972058697541098,-0.010008468912169,0.0055437225723792,-0.0046760821604715,0.0114204469341181,0.009549081517167497,1.0,1.0
13,2,1000,10,0.0197076063521401,0.0148671677854007,0.0029435569461448,-0.0011623878919479,-0.0178798014137979,-0.0148147406316078,-0.010292393647859898,-0.015132832214599299,0.0029435569461448,-0.0011623878919479,0.0121201985862021,0.015185259368392198,1.0,1.0
14,2,1000,100,0.0180815654030684,0.0125321197036543,-0.0003723649317103,0.0008889034227649,-0.0129252557209864,-0.0126557851127492,-0.0119184345969316,-0.0174678802963457,-0.0003723649317103,0.0008889034227649,0.0170747442790136,0.017344214887250797,1.0,1.0
15,2,100,1,-0.0024141617861233,0.0006625988861541,-0.0140945901502351,-0.0135983374216221,-0.010592844048704,0.0064323817538076,-0.0324141617861233,-0.0293374011138459,-0.0140945901502351,-0.0135983374216221,0.019407155951296,0.0364323817538076,0.75,0.25
16,2,100,10,0.018685569400967,0.0137958507201559,0.0019848439548454,-0.0012763442254912,-0.0184243666889324,-0.0161194865326519,-0.011314430599033,-0.0162041492798441,0.0019848439548454,-0.0012763442254912,0.0115756333110676,0.013880513467348098,1.0,1.0
17,2,100,100,0.0202876659714769,0.0128487800289662,-0.0017163835157613,0.0012476927993066,-0.0152127289381512,-0.0156903490576593,-0.0097123340285231,-0.017151219971033797,-0.0017163835157613,0.0012476927993066,0.014787271061848798,0.014309650942340699,1.0,1.0
18,3,1000,1,0.0132211780136754,0.0165612484271453,-0.0035328945321313,-0.0010576149264229,-0.0244959331733943,-0.0226630482710547,-0.016778821986324598,-0.0134387515728547,-0.0035328945321313,-0.0010576149264229,0.005504066826605699,0.007336951728945298,1.0,1.0
19,3,1000,10,0.0156648376812574,0.0153159121629836,-0.0035722364833031,-0.0037138506631215,-0.0259472363239978,-0.0254347765055724,-0.0143351623187426,-0.014684087837016399,-0.0035722364833031,-0.0037138506631215,0.0040527636760021996,0.0045652234944276,1.0,1.0
20,3,1000,100,0.0155901533363947,0.0092690801464622,-0.0047031976244717,-0.007259336778406,-0.0212390725205618,-0.0274201663636476,-0.0144098466636053,-0.020730919853537796,-0.0047031976244717,-0.007259336778406,0.0087609274794382,0.002579833636352398,1.0,1.0
21,3,100,1,0.0320848447810881,0.0193328734759202,-0.009824243587832,0.0179247262095187,-0.0094578691770744,0.0019071370835264,0.0020848447810880993,-0.0106671265240798,-0.009824243587832,0.0179247262095187,0.0205421308229256,0.031907137083526396,1.0,0.75
22,3,100,10,0.0158032988261234,0.0154817876533698,-0.0039335740658059,-0.0051139955845747,-0.0259649819985612,-0.0281370517581118,-0.0141967011738766,-0.0145182123466302,-0.0039335740658059,-0.0051139955845747,0.004035018001438798,0.0018629482418882001,1.0,1.0
23,3,100,100,0.0155445022827735,0.0132450733423897,-0.0048364860392853,-0.0087307771924592,-0.0279747828485849,-0.0253312957776376,-0.014455497717226498,-0.0167549266576103,-0.0048364860392853,-0.0087307771924592,0.0020252171514150985,0.0046687042223623985,1.0,1.0
24,4,1000,1,0.0135557632645362,0.0145052119662511,0.0010049880378556,-0.0029241842536977,-0.0194451595865849,-0.015723115606049,-0.0164442367354638,-0.015494788033748898,0.0010049880378556,-0.0029241842536977,0.0105548404134151,0.014276884393951,1.0,1.0
25,4,1000,10,0.0164491296509564,0.014492587111304,0.0003592378296076,-0.0023622567443929,-0.0191823146663702,-0.0175213306407522,-0.0135508703490436,-0.015507412888695999,0.0003592378296076,-0.0023622567443929,0.010817685333629798,0.0124786693592478,1.0,1.0
26,4,1000,100,0.0122396022528937,0.0120982260839366,-5.723789236734612e-05,-0.0019847354949626,-0.0131639502661279,-0.0161182373134293,-0.017760397747106298,-0.017901773916063398,-5.723789236734612e-05,-0.0019847354949626,0.0168360497338721,0.013881762686570698,1.0,1.0
27,4,100,1,0.0231655769534888,0.0175881692623257,0.0175022261374509,0.0015547846062116,-0.0447845200654863,-0.0350928977681939,-0.0068344230465112,-0.012411830737674299,0.0175022261374509,0.0015547846062116,-0.0147845200654863,-0.005092897768193903,1.0,1.0
28,4,100,10,0.0170507331538051,0.012896389078585,1.7688555604118232e-05,-0.0009457223812123,-0.0214943692236578,-0.0165498220289088,-0.0129492668461949,-0.017103610921414998,1.7688555604118232e-05,-0.0009457223812123,0.008505630776342199,0.013450177971091198,1.0,1.0
29,4,100,100,0.0107091474271893,0.0110171300185175,0.0001497318712229,-0.0008884711714142,-0.0152380108067711,-0.014364279881759,-0.0192908525728107,-0.0189828699814825,0.0001497318712229,-0.0008884711714142,0.0147619891932289,0.015635720118241,1.0,1.0
30,5,1000,1,0.0164105800575363,0.0203685766920529,0.0024597893301375,0.0059129218776319,-0.0180468195253464,-0.028823738579945,-0.0135894199424637,-0.009631423307947098,0.0024597893301375,0.0059129218776319,0.011953180474653598,0.001176261420054999,1.0,1.0
31,5,1000,10,0.0203246873062646,0.0161709135663313,-4.874100795673381e-05,0.0021831887009306,-0.0192703423669868,-0.0225998460357018,-0.009675312693735397,-0.013829086433668699,-4.874100795673381e-05,0.0021831887009306,0.010729657633013197,0.0074001539642982,1.0,1.0
32,5,1000,100,0.0173325331674041,0.0096327357830367,0.000476827733257,0.0019546054119769,-0.0134292659553229,-0.0227580478328234,-0.012667466832595897,-0.020367264216963298,0.000476827733257,0.0019546054119769,0.0165707340446771,0.007241952167176598,1.0,1.0
33,5,100,1,0.0018702627763381,0.0126560750597946,0.008294498537907,-0.0012216492570932,-0.0036218399046006,0.007929772287492,-0.0281297372236619,-0.017343924940205396,0.008294498537907,-0.0012216492570932,0.026378160095399398,0.037929772287492,0.75,0.75
34,5,100,10,0.0212577163545684,0.0157110938466404,0.0001106843783542,0.0029844950008439,-0.020157470069369,-0.0234544712759537,-0.0087422836454316,-0.0142889061533596,0.0001106843783542,0.0029844950008439,0.009842529930630999,0.0065455287240463005,1.0,1.0
35,5,100,100,0.0191510844206199,0.0086547028622229,-3.3800889787999325e-05,0.0011258309243878,-0.0164426439101832,-0.0264095814989918,-0.0108489155793801,-0.0213452971377771,-3.3800889787999325e-05,0.0011258309243878,0.0135573560898168,0.003590418501008198,1.0,1.0
36,6,1000,1,0.0186640813589256,0.0198393889801631,0.0075447278273147,-0.0003020337197125,-0.0182376584335559,-0.0346771951238016,-0.011335918641074399,-0.0101606110198369,0.0075447278273147,-0.0003020337197125,0.011762341566444099,-0.004677195123801603,1.0,1.0
37,6,1000,10,0.0174090996902444,0.0190107211216285,0.0050248339181294,-0.000527344680301,-0.0204293369035052,-0.0337962144661439,-0.012590900309755598,-0.010989278878371499,0.0050248339181294,-0.000527344680301,0.009570663096494798,-0.0037962144661439004,1.0,1.0
38,6,1000,100,0.0107169298141693,0.0175765482284318,0.0043211584047108,0.0010320853233458,-0.0207553593094555,-0.0333660614701957,-0.019283070185830697,-0.0124234517715682,0.0043211584047108,0.0010320853233458,0.009244640690544498,-0.0033660614701956984,1.0,1.0
39,6,100,1,0.0146529332979345,0.0381397221315617,0.0046471718183593,-0.0169324094219317,-0.0310932361968536,-0.0242068548595809,-0.015347066702065499,0.008139722131561701,0.0046471718183593,-0.0169324094219317,-0.0010932361968536003,0.0057931451404190995,1.0,1.0
40,6,100,10,0.0181711957599819,0.0193593557039065,0.0050902685673245,0.0001205100592125,-0.0218543843237848,-0.0342245069693909,-0.011828804240018097,-0.010640644296093498,0.0050902685673245,0.0001205100592125,0.0081456156762152,-0.004224506969390904,1.0,1.0
41,6,100,100,0.0107688437651835,0.015914569341103,0.0023331543332749,0.0015104643859421,-0.035354055967267,-0.0334300010044147,-0.0192311562348165,-0.014085430658896999,0.0023331543332749,0.0015104643859421,-0.005354055967266999,-0.0034300010044146997,1.0,1.0
42,7,1000,1,0.0171089188665439,0.016097447482466,-0.0029493418608725,0.0074671155912055,-0.0095897798393443,-0.0152783596326316,-0.012891081133456099,-0.013902552517534,-0.0029493418608725,0.0074671155912055,0.020410220160655697,0.014721640367368399,1.0,1.0
43,7,1000,10,0.0192715610345789,0.0173395824931559,-0.0021804246807871,0.0039352995230321,-0.011737265752528,-0.0183273562000877,-0.0107284389654211,-0.012660417506844098,-0.0021804246807871,0.0039352995230321,0.018262734247471997,0.0116726437999123,1.0,1.0
44,7,1000,100,0.0107212117496527,0.0136298028956794,-0.0035491467941397,0.0020995226792474,-0.0120074896829824,-0.0154065967261983,-0.019278788250347297,-0.016370197104320597,-0.0035491467941397,0.0020995226792474,0.0179925103170176,0.0145934032738017,1.0,1.0
45,7,100,1,0.023281692606321,0.0045401797366046,-0.0039522726581764,0.0097465215032348,-0.0324170899873903,-0.0384612237017277,-0.006718307393678999,-0.025459820263395397,-0.0039522726581764,0.0097465215032348,-0.0024170899873902987,-0.0084612237017277,0.875,1.0
46,7,100,10,0.019194126734387,0.0172898779743518,-0.0011287183001656,0.0041483305852236,-0.0115870369614183,-0.0198719011841379,-0.010805873265612997,-0.0127101220256482,-0.0011287183001656,0.0041483305852236,0.018412963038581698,0.010128098815862099,1.0,1.0
47,7,100,100,0.0104968110869205,0.0123497005900796,-0.0037372415304218,0.0022708276070372,-0.0101442001595565,-0.0170088668644285,-0.0195031889130795,-0.017650299409920397,-0.0037372415304218,0.0022708276070372,0.0198557998404435,0.0129911331355715,1.0,1.0
48,8,1000,1,0.0125782867769319,0.0186371731895824,-0.0036642005142484,-0.0006817230909632,-0.028773491619056,-0.0218336876241654,-0.017421713223068097,-0.0113628268104176,-0.0036642005142484,-0.0006817230909632,0.0012265083809439997,0.008166312375834598,1.0,1.0
49,8,1000,10,0.0155697116438115,0.019077170878145,-0.0027163076263899,-0.0009093016299474,-0.0241499618893018,-0.0221581310863747,-0.014430288356188498,-0.010922829121855,-0.0027163076263899,-0.0009093016299474,0.005850038110698199,0.007841868913625299,1.0,1.0
50,8,1000,100,0.0120688796111333,0.0171211934015647,-0.0035351799891953,0.0006075738637961,-0.0254734792053271,-0.0207524548670497,-0.017931120388866698,-0.012878806598435297,-0.0035351799891953,0.0006075738637961,0.0045265207946728996,0.0092475451329503,1.0,1.0
51,8,100,1,-0.0136660454673635,0.0167153619475124,0.0087941288706628,-0.0010566176101285,-0.0737564237907091,-0.0306912091552728,-0.043666045467363496,-0.013284638052487599,0.0087941288706628,-0.0010566176101285,-0.0437564237907091,-0.0006912091552727997,0.75,1.0
52,8,100,10,0.0156754297918848,0.0211098950371011,-0.0014466969422156,-0.0013773268273402,-0.0249757206886125,-0.02241917744185,-0.0143245702081152,-0.008890104962898899,-0.0014466969422156,-0.0013773268273402,0.005024279311387499,0.007580822558149999,1.0,1.0
53,8,100,100,0.0117804077693784,0.018106919502377,-0.0030307993292303,0.0016988952166597,-0.0251136287933114,-0.0237201112781676,-0.018219592230621598,-0.011893080497622999,-0.0030307993292303,0.0016988952166597,0.004886371206688597,0.0062798887218324,1.0,1.0
54,9,1000,1,0.0165310318524193,0.0138105573493342,-1.1097116159822482e-05,0.0018102771289859,-0.0189461835345216,-0.0244985712355291,-0.013468968147580699,-0.016189442650665797,-1.1097116159822482e-05,0.0018102771289859,0.0110538164654784,0.005501428764470899,1.0,1.0
55,9,1000,10,0.0117769589598939,0.0166241301119802,-0.0008596699895018,-0.000132990950311,-0.0220672729119776,-0.0214500030164544,-0.0182230410401061,-0.013375869888019799,-0.0008596699895018,-0.000132990950311,0.007932727088022399,0.0085499969835456,1.0,1.0
56,9,1000,100,0.0064867334542703,0.0129436992397953,-0.0024089320858235,-0.0005477193122426,-0.0183547652539236,-0.0200196459550013,-0.0235132665457297,-0.0170563007602047,-0.0024089320858235,-0.0005477193122426,0.0116452347460764,0.0099803540449987,1.0,1.0
57,9,100,1,0.0104151273228389,0.0122568958287443,0.0016463539296464,0.0155897934277897,-0.0262557813264075,-0.032504713562035,-0.0195848726771611,-0.0177431041712557,0.0016463539296464,0.0155897934277897,0.0037442186735924983,-0.0025047135620350006,0.75,1.0
58,9,100,10,0.01299475123627,0.0187067777636079,-0.0013242651112087,0.000904626541314,-0.0241499770418809,-0.0208276210697425,-0.017005248763729996,-0.011293222236392099,-0.0013242651112087,0.000904626541314,0.005850022958119098,0.009172378930257498,1.0,1.0
59,9,100,100,0.0073411258305278,0.0151329267525338,-0.0032185416718095,0.0003715060431964,-0.0247510014320791,-0.0224652558091698,-0.0226588741694722,-0.014867073247466198,-0.0032185416718095,0.0003715060431964,0.005248998567920899,0.007534744190830198,1.0,1.0
60,10,1000,1,0.0201876969815655,0.0217371084391104,0.0003179672606657,0.0070036047275044,-0.0263033405154363,-0.0197762005354871,-0.009812303018434498,-0.0082628915608896,0.0003179672606657,0.0070036047275044,0.0036966594845636996,0.010223799464512899,1.0,1.0
61,10,1000,10,0.0246839091393753,0.0216666617167073,0.0001892291214959,0.0048627873267931,-0.0281386860378583,-0.0206131357715486,-0.005316090860624699,-0.008333338283292697,0.0001892291214959,0.0048627873267931,0.0018613139621416995,0.009386864228451398,1.0,1.0
62,10,1000,100,0.0140518786503267,0.0161210503618154,-0.0022020010730724,0.0064070680207525,-0.0275312412190373,-0.021910779711444,-0.0159481213496733,-0.0138789496381846,-0.0022020010730724,0.0064070680207525,0.0024687587809626987,0.008089220288556,1.0,1.0
63,10,100,1,0.0266719728010959,0.0220275895357567,-0.0041622327256018,0.0108311690981588,-0.0112768964486216,-0.0246763029220147,-0.003328027198904099,-0.0079724104642433,-0.0041622327256018,0.0108311690981588,0.0187231035513784,0.0053236970779852975,1.0,1.0
64,10,100,10,0.0239503435801373,0.0196420887993785,-0.0001710683017723,0.0049409097508652,-0.0314866580396067,-0.0217020280084203,-0.006049656419862697,-0.0103579112006215,-0.0001710683017723,0.0049409097508652,-0.0014866580396067017,0.008297971991579698,1.0,1.0
65,10,100,100,0.0156141851223345,0.0164560497768408,-0.0026985182842599,0.0051407654413877,-0.0290420637755765,-0.0208240397841174,-0.0143858148776655,-0.013543950223159198,-0.0026985182842599,0.0051407654413877,0.0009579362244235001,0.0091759602158826,1.0,1.0
66,11,1000,1,0.0207922925154539,0.013763496693627,-0.0008754137347672,0.0014978687041336,-0.021839678786709,-0.0304636353082181,-0.0092077074845461,-0.016236503306373,-0.0008754137347672,0.0014978687041336,0.008160321213290998,-0.0004636353082181008,1.0,1.0
67,11,1000,10,0.0188131957760424,0.0148741437015079,-0.0017613392902303,0.0001528094021778,-0.0178273114181315,-0.0269436881949639,-0.0111868042239576,-0.015125856298492099,-0.0017613392902303,0.0001528094021778,0.012172688581868499,0.0030563118050360993,1.0,1.0
68,11,1000,100,0.0162251194927909,0.0152116677713462,0.0009781303175993,-0.0003905580466976,-0.0182152952897483,-0.0313553205180754,-0.013774880507209097,-0.014788332228653799,0.0009781303175993,-0.0003905580466976,0.011784704710251698,-0.0013553205180754022,1.0,1.0
69,11,100,1,-0.0052678590756371,0.0008036262904019,0.0049355820953764,0.0186517649365373,-0.0087831518725081,-0.068306071282896,-0.0352678590756371,-0.0291963737095981,0.0049355820953764,0.0186517649365373,0.0212168481274919,-0.038306071282895995,0.5,1.0
70,11,100,10,0.0205556305329152,0.0151178368935789,-0.00192026334363,6.125394407408775e-05,-0.017197914489012,-0.0292847438966576,-0.009444369467084799,-0.0148821631064211,-0.00192026334363,6.125394407408775e-05,0.012802085510988,0.0007152561033423981,1.0,1.0
71,11,100,100,0.0162965058776415,0.0148195402025406,0.0009444062785179,-0.0015612423820647,-0.0159978126871853,-0.032919395031345,-0.013703494122358498,-0.0151804597974594,0.0009444062785179,-0.0015612423820647,0.0140021873128147,-0.0029193950313450012,1.0,1.0
72,12,1000,1,0.0230717193017025,0.0265473706637053,0.0061228080931896,-0.0011990932565391,-0.0211051612559532,-0.0227154432603367,-0.006928280698297498,-0.003452629336294699,0.0061228080931896,-0.0011990932565391,0.008894838744046799,0.0072845567396633,1.0,1.0
73,12,1000,10,0.0207039173724855,0.0272166569143678,0.0028682680611826,-0.0034109979004271,-0.0180546613528273,-0.026363526588866,-0.0092960826275145,-0.0027833430856322,0.0028682680611826,-0.0034109979004271,0.011945338647172697,0.0036364734111339996,1.0,1.0
74,12,1000,100,0.0210681355085723,0.0183146032898233,0.0032112137826397,-0.0029697569331315,-0.01634145891714,-0.030573019212735,-0.008931864491427698,-0.0116853967101767,0.0032112137826397,-0.0029697569331315,0.01365854108286,-0.0005730192127350008,1.0,1.0
75,12,100,1,0.0064154849678847,0.0097851348935394,0.0144513557903148,-0.0195411881850535,-0.0217414625232558,0.0047476599856029,-0.023584515032115297,-0.0202148651064606,0.0144513557903148,-0.0195411881850535,0.0082585374767442,0.0347476599856029,0.75,0.875
76,12,100,10,0.0196448261088427,0.0276627667245673,0.0022965804462472,-0.0038247623212662,-0.0181661218682492,-0.029361281990781,-0.0103551738911573,-0.0023372332754326985,0.0022965804462472,-0.0038247623212662,0.0118338781317508,0.0006387180092190005,1.0,1.0
77,12,100,100,0.0179662573749919,0.0176873653404192,0.0041097851185398,-0.0060136029922281,-0.0153480163772008,-0.0317409841042788,-0.012033742625008097,-0.012312634659580799,0.0041097851185398,-0.0060136029922281,0.0146519836227992,-0.0017409841042788018,1.0,1.0
78,13,1000,1,0.0221407944362907,0.0186665852311537,-0.0040199566329659,-0.0024339948915283,-0.0143093656876254,-0.0194073307218631,-0.007859205563709299,-0.011333414768846299,-0.0040199566329659,-0.0024339948915283,0.0156906343123746,0.010592669278136898,1.0,1.0
79,13,1000,10,0.0182731621270225,0.0190937497402437,-0.0017645762763573,-0.0029971661385551,-0.0147852434755341,-0.0187686776651705,-0.0117268378729775,-0.010906250259756299,-0.0017645762763573,-0.0029971661385551,0.015214756524465899,0.0112313223348295,1.0,1.0
80,13,1000,100,0.015450300085011,0.0137948698970049,-0.0044204494868235,8.148574421652625e-05,-0.0117593073082949,-0.013500188701525,-0.014549699914988999,-0.016205130102995097,-0.0044204494868235,8.148574421652625e-05,0.0182406926917051,0.016499811298474998,1.0,1.0
81,13,100,1,0.0345326855605225,0.0303982781002312,-0.0077397679898112,-0.0025622095018259,-0.0134511622081131,-0.0093871281058092,0.004532685560522498,0.00039827810023120025,-0.0077397679898112,-0.0025622095018259,0.0165488377918869,0.0206128718941908,1.0,1.0
82,13,100,10,0.0177000728575135,0.0203290377469164,-0.0017635463569899,-0.0032259111570077,-0.0136913137396167,-0.0176418069444206,-0.0122999271424865,-0.009670962253083597,-0.0017635463569899,-0.0032259111570077,0.0163086862603833,0.012358193055579399,1.0,1.0
83,13,100,100,0.0131436422821678,0.0169821570285484,-0.0050703842708711,0.0001270178482264,-0.0105733912649652,-0.0125494758784676,-0.0168563577178322,-0.013017842971451598,-0.0050703842708711,0.0001270178482264,0.0194266087350348,0.017450524121532397,1.0,1.0
84,14,1000,1,0.0154705881679441,0.0261896664815775,-6.643442419247979e-05,0.0040242989123967,-0.0151337841214576,-0.0172421020422673,-0.014529411832055899,-0.0038103335184224985,-6.643442419247979e-05,0.0040242989123967,0.014866215878542399,0.0127578979577327,1.0,1.0
85,14,1000,10,0.0145787298438594,0.021179500413427,0.0024593762698877,-0.0007058198401777,-0.0171526208977654,-0.0160948110550516,-0.0154212701561406,-0.008820499586572998,0.0024593762698877,-0.0007058198401777,0.012847379102234598,0.0139051889449484,1.0,1.0
86,14,1000,100,0.0167072697908089,0.0184177574407057,0.0002370543432159,0.0007950641896217,-0.0151375793624476,-0.0128744674821718,-0.013292730209191098,-0.011582242559294298,0.0002370543432159,0.0007950641896217,0.0148624206375524,0.0171255325178282,1.0,1.0
87,14,100,1,0.0250472060798935,0.032065061417232,-0.0044299230660099,-0.002981646691742,-0.012898958232448,-0.0096213751632837,-0.004952793920106498,0.002065061417231999,-0.0044299230660099,-0.002981646691742,0.017101041767552,0.0203786248367163,1.0,1.0
88,14,100,10,0.0160653254798444,0.0208099163053675,0.0018939382577278,-0.001188027184508,-0.0165211037624922,-0.0159053209239871,-0.0139346745201556,-0.009190083694632499,0.0018939382577278,-0.001188027184508,0.013478896237507799,0.0140946790760129,1.0,1.0
89,14,100,100,0.0177923492402165,0.0168469360904374,-0.0014624624217951,0.0003734084974112,-0.0157873948117664,-0.0160194193779995,-0.0122076507597835,-0.013153063909562598,-0.0014624624217951,0.0003734084974112,0.014212605188233599,0.013980580622000499,1.0,1.0
90,15,1000,1,0.0238160450975311,0.0149692227849123,-0.0014622961434112,0.0059718723730424,-0.0137627210311691,-0.0199069652697853,-0.0061839549024689,-0.015030777215087698,-0.0014622961434112,0.0059718723730424,0.0162372789688309,0.010093034730214698,1.0,1.0
91,15,1000,10,0.0243933458190401,0.0168221284093946,-5.564462531121272e-06,0.0037814964899172,-0.0172728757678617,-0.0214294789719601,-0.005606654180959899,-0.013177871590605399,-5.564462531121272e-06,0.0037814964899172,0.012727124232138298,0.008570521028039898,1.0,1.0
92,15,1000,100,0.0192797896335977,0.0122977111784634,-0.000431758582749,0.0017758003574608,-0.0144372401279948,-0.0234945395434203,-0.010720210366402298,-0.0177022888215366,-0.000431758582749,0.0017758003574608,0.0155627598720052,0.006505460456579699,1.0,1.0
93,15,100,1,0.0094012395234238,0.0336096405676584,-0.001533285709875,-0.0006948524758783,-0.0060352707878648,-0.0337520125286942,-0.0205987604765762,0.0036096405676584037,-0.001533285709875,-0.0006948524758783,0.0239647292121352,-0.0037520125286941985,1.0,1.0
94,15,100,10,0.0242223486958344,0.0176610775816404,0.0001614371517767,0.0042377839335923,-0.0175397068750321,-0.0217505413706079,-0.005777651304165597,-0.012338922418359599,0.0001614371517767,0.0042377839335923,0.012460293124967898,0.008249458629392099,1.0,1.0
95,15,100,100,0.0227178994199153,0.0120163240438501,-0.0012465151020521,0.0006915146801533,-0.012027929728721,-0.0230330390178273,-0.007282100580084699,-0.0179836759561499,-0.0012465151020521,0.0006915146801533,0.017972070271279,0.0069669609821726985,1.0,1.0
96,16,1000,1,0.0205879876190224,0.0284136729772484,0.0065689767145525,0.0021440471819216,-0.0158002028817058,-0.016652762283851,-0.009412012380977598,-0.0015863270227515977,0.0065689767145525,0.0021440471819216,0.014199797118294197,0.013347237716148999,1.0,1.0
97,16,1000,10,0.0226031123540371,0.0275142667254754,0.0038598830979946,0.002877719025986,-0.0199879407682342,-0.0178292943379084,-0.007396887645962899,-0.002485733274524598,0.0038598830979946,0.002877719025986,0.010012059231765798,0.012170705662091597,1.0,1.0
98,16,1000,100,0.020930422148439,0.025156202233398,0.0041249661785137,0.0019250688748734,-0.018504651881248,-0.012848802277088,-0.009069577851560998,-0.0048437977666019975,0.0041249661785137,0.0019250688748734,0.011495348118752,0.017151197722912,1.0,1.0
99,16,100,1,0.0346470886216626,0.0099827449740784,0.0176025069074719,0.0007352204378019,0.0016958710540272,-0.035726255417242,0.004647088621662604,-0.0200172550259216,0.0176025069074719,0.0007352204378019,0.0316958710540272,-0.005726255417242004,0.875,0.875
100,16,100,10,0.0220021939632161,0.031178970362026,0.0037046956146277,0.0031024277831006,-0.0200503897360274,-0.0177074059097507,-0.007997806036783899,0.0011789703620260009,0.0037046956146277,0.0031024277831006,0.009949610263972598,0.012292594090249298,1.0,1.0
101,16,100,100,0.01278155931112,0.0281003894724909,0.0018819970235053,0.0023370352442833,-0.018289675270907,-0.0135180478800604,-0.01721844068888,-0.0018996105275090984,0.0018819970235053,0.0023370352442833,0.011710324729092999,0.0164819521199396,1.0,1.0
102,17,1000,1,0.0213182096066008,0.0167441036760776,-0.0035309295333862,0.0055671118162018,-0.0182341810394281,-0.0152622623387659,-0.0086817903933992,-0.013255896323922399,-0.0035309295333862,0.0055671118162018,0.0117658189605719,0.0147377376612341,1.0,1.0
103,17,1000,10,0.0186501386817492,0.0161135393182952,-0.0030205765557612,0.0052549555440682,-0.0193561285033048,-0.0164973314803277,-0.0113498613182508,-0.0138864606817048,-0.0030205765557612,0.0052549555440682,0.010643871496695198,0.013502668519672297,1.0,1.0
104,17,1000,100,0.0140806536343692,0.013681214704099,-0.0058373122736436,0.0018993844960357,-0.0174294523235833,-0.0173930693240344,-0.015919346365630797,-0.016318785295901,-0.0058373122736436,0.0018993844960357,0.012570547676416698,0.012606930675965598,1.0,1.0
105,17,100,1,0.0158152953139956,0.0468430564724692,-0.0138571901311671,0.0140685509233538,-0.0238025648350754,-0.0383156240903388,-0.014184704686004398,0.016843056472469198,-0.0138571901311671,0.0140685509233538,0.006197435164924599,-0.0083156240903388,1.0,1.0
106,17,100,10,0.0204200290239041,0.0155593658381533,-0.0037394349180427,0.0037053507272107,-0.0193556521739254,-0.0152960076133926,-0.009579970976095899,-0.014440634161846698,-0.0037394349180427,0.0037053507272107,0.0106443478260746,0.0147039923866074,1.0,1.0
107,17,100,100,0.0143053855003107,0.013515865527797,-0.0055561197063057,0.0013256318903205,-0.0198217309370562,-0.015039835391291,-0.0156946144996893,-0.016484134472202996,-0.0055561197063057,0.0013256318903205,0.0101782690629438,0.014960164608709,1.0,1.0
108,18,1000,1,0.0179675032657855,0.0252287572815788,-0.0034890267378636,0.0037642444440914,-0.0216673457071845,-0.0110491121587864,-0.012032496734214498,-0.0047712427184211995,-0.0034890267378636,0.0037642444440914,0.0083326542928155,0.0189508878412136,1.0,1.0
109,18,1000,10,0.0168345285541645,0.0213556522544971,-0.0028743048765343,0.0028654886127417,-0.0181214276869325,-0.012031055958662,-0.013165471445835498,-0.0086443477455029,-0.0028743048765343,0.0028654886127417,0.0118785723130675,0.017968944041338,1.0,1.0
110,18,1000,100,0.0168462470207258,0.0163972467413166,-0.0030241089864578,0.0026819301220818,-0.0188636009810745,-0.0092795152893454,-0.013153752979274198,-0.0136027532586834,-0.0030241089864578,0.0026819301220818,0.011136399018925498,0.0207204847106546,1.0,1.0
111,18,100,1,0.0399083365437926,0.027487341388003,-0.0135996077324464,-0.0024036474819608,-0.0455455310044017,-0.0068965665006248,0.009908336543792598,-0.002512658611996999,-0.0135996077324464,-0.0024036474819608,-0.015545531004401703,0.0231034334993752,1.0,0.875
112,18,100,10,0.0170297380888064,0.0230958767522356,-0.003425465132232,0.0028281141215416,-0.0188503201710595,-0.0120296991540503,-0.0129702619111936,-0.006904123247764397,-0.003425465132232,0.0028281141215416,0.011149679828940499,0.0179703008459497,1.0,1.0
113,18,100,100,0.0187220536335889,0.0234545369544552,-0.0048046247893021,0.0027810686105002,-0.0198014377422669,-0.010173279352571,-0.0112779463664111,-0.0065454630455447985,-0.0048046247893021,0.0027810686105002,0.0101985622577331,0.019826720647429,1.0,1.0
114,19,1000,1,0.0188972513456755,0.0185171597369686,0.0051656665854437,-0.0017807464655485,-0.013441563640338,-0.0120503908694917,-0.0111027486543245,-0.0114828402630314,0.0051656665854437,-0.0017807464655485,0.016558436359661997,0.017949609130508297,1.0,1.0
115,19,1000,10,0.0188217980160145,0.0178758193116959,0.0034075969998481,-0.0033935301815529,-0.0148100353149824,-0.0169142779681808,-0.0111782019839855,-0.0121241806883041,0.0034075969998481,-0.0033935301815529,0.015189964685017598,0.013085722031819198,1.0,1.0
116,19,1000,100,0.0149845524907542,0.0159476854759899,0.0020402964719628,-0.0036287405064792,-0.0139270109807568,-0.0148683557980444,-0.0150154475092458,-0.014052314524010099,0.0020402964719628,-0.0036287405064792,0.0160729890192432,0.0151316442019556,1.0,1.0
117,19,100,1,0.01689068145483,0.0360477709816898,0.0164464186958765,0.00288318621868,-0.024210728168314,-0.0296314414509219,-0.013109318545169998,0.0060477709816898,0.0164464186958765,0.00288318621868,0.005789271831686,0.00036855854907810043,1.0,1.0
118,19,100,10,0.0187962272493582,0.0188122778145135,0.0034891729819512,-0.0030351499425547,-0.013751108301905,-0.0178531542310197,-0.0112037727506418,-0.011187722185486498,0.0034891729819512,-0.0030351499425547,0.016248891698095,0.0121468457689803,1.0,1.0
119,19,100,100,0.013683657228403,0.015397190228593,0.0014486249397711,-0.0038029677046729,-0.0152307049840058,-0.0149086717449515,-0.016316342771597,-0.014602809771406999,0.0014486249397711,-0.0038029677046729,0.014769295015994199,0.015091328255048499,1.0,1.0
120,20,1000,1,0.0242025653651693,0.0117249277998759,-0.003141497222947,-0.0039666476481825,-0.0241814887178019,-0.0142045724450725,-0.005797434634830699,-0.0182750722001241,-0.003141497222947,-0.0039666476481825,0.0058185112821981,0.0157954275549275,1.0,1.0
121,20,1000,10,0.0233763928785317,0.0148711301190604,-0.002088340761821,-0.0022378461766029,-0.0223143696211656,-0.0131337297046541,-0.006623607121468297,-0.015128869880939599,-0.002088340761821,-0.0022378461766029,0.0076856303788344,0.0168662702953459,1.0,1.0
122,20,1000,100,0.0194317440587929,0.0143422922103551,-0.0021336348770967,-0.0014961566267822,-0.0279754305969023,-0.0138303304301604,-0.0105682559412071,-0.015657707789644898,-0.0021336348770967,-0.0014961566267822,0.002024569403097698,0.016169669569839597,1.0,1.0
123,20,100,1,0.0231696659916861,0.0011427922669439,-0.0070364716831482,-0.0048250150030534,-0.0102801350953591,-0.0232074067431462,-0.006830334008313899,-0.028857207733056098,-0.0070364716831482,-0.0048250150030534,0.0197198649046409,0.006792593256853798,1.0,1.0
124,20,100,10,0.0234806543387866,0.0153555851176123,-0.0020615609802871,-0.003687099735332,-0.021433737313087,-0.0156822963004724,-0.006519345661213399,-0.014644414882387699,-0.0020615609802871,-0.003687099735332,0.008566262686913,0.0143177036995276,1.0,1.0
125,20,100,100,0.0195163521976798,0.0120673449604085,-0.0009847010004315,-0.0012766684090971,-0.0235307234309562,-0.0132198724260796,-0.010483647802320199,-0.0179326550395915,-0.0009847010004315,-0.0012766684090971,0.006469276569043798,0.0167801275739204,1.0,1.0
126,21,1000,1,0.0175341976479658,0.0156235377989692,-0.0009989255723011,0.0023662427695616,-0.0245003721219686,-0.012466684452179,-0.012465802352034198,-0.0143764622010308,-0.0009989255723011,0.0023662427695616,0.005499627878031398,0.017533315547820998,1.0,1.0
127,21,1000,10,0.0188555532460472,0.0133760445383443,-0.0016817974558281,0.0033738812779507,-0.0248734681610997,-0.0152164440741214,-0.011144446753952798,-0.0166239554616557,-0.0016817974558281,0.0033738812779507,0.0051265318389003,0.014783555925878598,1.0,1.0
128,21,1000,100,0.0128642060739214,0.0077432131611661,-0.0014141515379641,0.0016309494550212,-0.0193359643668693,-0.0095429891388234,-0.0171357939260786,-0.0222567868388339,-0.0014141515379641,0.0016309494550212,0.0106640356331307,0.0204570108611766,1.0,1.0
129,21,100,1,0.0072841815870952,0.0089640440543608,-0.0019234859489447,0.0077198347275298,-0.0881734265509692,-0.0240840736379421,-0.0227158184129048,-0.0210359559456392,-0.0019234859489447,0.0077198347275298,-0.0581734265509692,0.0059159263620578995,0.875,1.0
130,21,100,10,0.0195182471584975,0.0129366107335542,-0.0013978572931649,0.0036394123681326,-0.026246663862814,-0.0148025380999486,-0.0104817528415025,-0.0170633892664458,-0.0013978572931649,0.0036394123681326,0.003753336137185998,0.015197461900051399,1.0,1.0
131,21,100,100,0.0134604717975835,0.0081590094418288,-0.0005671718759128,0.0024862611176796,-0.017374651673873,-0.0100670893900093,-0.016539528202416498,-0.0218409905581712,-0.0005671718759128,0.0024862611176796,0.012625348326126998,0.0199329106099907,1.0,1.0
132,22,1000,1,0.0165065038989713,0.0214749979562171,-0.001523587393131,0.004127755448622,-0.0234275895807213,-0.0144052321996797,-0.0134934961010287,-0.008525002043782898,-0.001523587393131,0.004127755448622,0.006572410419278699,0.015594767800320299,1.0,1.0
133,22,1000,10,0.0177334800981396,0.0190704607925547,-0.0021809359021677,0.0041794583058591,-0.0281398596165779,-0.016633922918878,-0.012266519901860399,-0.010929539207445299,-0.0021809359021677,0.0041794583058591,0.0018601403834220993,0.013366077081121999,1.0,1.0
134,22,1000,100,0.0155923962807727,0.0138951919158817,-0.0026240156600993,0.0017449821219916,-0.0351225641896073,-0.0135618373465435,-0.014407603719227299,-0.0161048080841183,-0.0026240156600993,0.0017449821219916,-0.005122564189607298,0.016438162653456496,1.0,1.0
135,22,100,1,0.0131416064915821,0.0019819138065455,-0.0008401463997438,-0.0123515054305026,-0.0382217151349985,-0.0379766598525117,-0.016858393508417897,-0.0280180861934545,-0.0008401463997438,-0.0123515054305026,-0.008221715134998503,-0.007976659852511704,1.0,1.0
136,22,100,10,0.0187101098416545,0.0198283527443974,-0.0020355976542238,0.002524309117096,-0.0275912441360029,-0.0172124274925496,-0.0112898901583455,-0.0101716472556026,-0.0020355976542238,0.002524309117096,0.002408755863997098,0.012787572507450398,1.0,1.0
137,22,100,100,0.017675370136914,0.0139526447323006,-0.0024988656810184,0.0021759617919336,-0.0313146607558845,-0.0128974344132453,-0.012324629863085999,-0.016047355267699397,-0.0024988656810184,0.0021759617919336,-0.001314660755884503,0.0171025655867547,1.0,1.0
138,23,1000,1,0.0221144160527247,0.0144801233462901,-0.0038775030684667,-0.0018125258162657,-0.0243362030667389,-0.0239677045664328,-0.007885583947275298,-0.015519876653709899,-0.0038775030684667,-0.0018125258162657,0.005663796933261099,0.0060322954335671995,1.0,1.0
139,23,1000,10,0.026559957969844,0.0180889803832746,-0.0016227595991275,0.0005670850395973,-0.0224029762793654,-0.0230585151693553,-0.003440042030156,-0.011911019616725398,-0.0016227595991275,0.0005670850395973,0.0075970237206345985,0.0069414848306447,1.0,1.0
140,23,1000,100,0.0223246654361297,0.0143826590476106,-0.000532209666761,-0.0010837811825904,-0.0302898635942852,-0.0208632075029753,-0.0076753345638703,-0.015617340952389399,-0.000532209666761,-0.0010837811825904,-0.0002898635942852022,0.0091367924970247,1.0,1.0
141,23,100,1,0.044292513220293,0.0189174153334753,-0.0124888167604906,0.0088170663107199,-0.041713303823229,-0.0543598120072431,0.014292513220292999,-0.0110825846665247,-0.0124888167604906,0.0088170663107199,-0.011713303823229,-0.024359812007243103,1.0,1.0
142,23,100,10,0.0263121522967787,0.0188716579572003,-0.0015509978672184,0.0003560236253383,-0.0240589187671729,-0.0212933761210378,-0.003687847703221298,-0.011128342042799697,-0.0015509978672184,0.0003560236253383,0.005941081232827099,0.008706623878962198,1.0,1.0
143,23,100,100,0.0244135070319496,0.014435786643236,0.0015998420810272,1.517269852646516e-05,-0.0362866655763003,-0.0169697806020232,-0.005586492968050399,-0.015564213356763999,0.0015998420810272,1.517269852646516e-05,-0.006286665576300303,0.0130302193979768,1.0,1.0
144,24,1000,1,0.0190999689864806,0.0190239077291064,0.0047929611004023,0.0010849525254455,-0.0163419248365504,-0.018669565326862,-0.010900031013519398,-0.010976092270893599,0.0047929611004023,0.0010849525254455,0.0136580751634496,0.011330434673138,1.0,1.0
145,24,1000,10,0.018313965050207,0.019103044152343,0.0027553995921931,0.0016155041155187,-0.0191353475074585,-0.0216637341370153,-0.011686034949792999,-0.010896955847657,0.0027553995921931,0.0016155041155187,0.0108646524925415,0.0083362658629847,1.0,1.0
146,24,1000,100,0.0148662537798933,0.0154080752898627,0.0039171526181803,0.0027875312544569,-0.0206903211087381,-0.0200596944228304,-0.015133746220106698,-0.014591924710137299,0.0039171526181803,0.0027875312544569,0.0093096788912619,0.0099403055771696,1.0,1.0
147,24,100,1,0.0144823815155533,0.0277627561143325,0.0126868018374713,0.0045276784241987,-0.0393959404282389,0.0082990736804769,-0.015517618484446698,-0.0022372438856674975,0.0126868018374713,0.0045276784241987,-0.009395940428238901,0.0382990736804769,1.0,0.875
148,24,100,10,0.0191644817582097,0.0173956182987685,0.0038678278215616,0.0015344590116757,-0.0199053443051468,-0.0223626067863596,-0.010835518241790298,-0.012604381701231498,0.0038678278215616,0.0015344590116757,0.0100946556948532,0.0076373932136404,1.0,1.0
149,24,100,100,0.0146802133128082,0.0147780826624037,0.0034569761248385,0.0032966975168988,-0.0237872999420954,-0.0199829523998059,-0.015319786687191798,-0.0152219173375963,0.0034569761248385,0.0032966975168988,0.006212700057904599,0.0100170476001941,1.0,1.0
150,25,1000,1,0.0201162404187587,0.0172268469027331,-0.0100569652001803,-0.0043286749472079,-0.0210804364085067,-0.0164492542170268,-0.0098837595812413,-0.012773153097266898,-0.0100569652001803,-0.0043286749472079,0.008919563591493297,0.0135507457829732,1.0,1.0
151,25,1000,10,0.021224818279802,0.0171451613670951,-0.006743154159649,-0.0021746242582967,-0.0214912455787543,-0.0189400432233584,-0.008775181720197998,-0.012854838632904899,-0.006743154159649,-0.0021746242582967,0.008508754421245698,0.011059956776641598,1.0,1.0
152,25,1000,100,0.0185250787695348,0.0139280599789261,-0.0041652319659742,-0.001173903520051,-0.0218226211154941,-0.0152661514124163,-0.011474921230465198,-0.0160719400210739,-0.0041652319659742,-0.001173903520051,0.008177378884505898,0.0147338485875837,1.0,1.0
153,25,100,1,0.0603911307840917,0.0342839829225267,-0.0210516718633369,-0.0136990563840336,-0.0457996185152257,0.0081105842884289,0.030391130784091704,0.0042839829225266995,-0.0210516718633369,-0.0136990563840336,-0.015799618515225704,0.038110584288428895,1.0,0.75
154,25,100,10,0.0208560389100888,0.016596155138503,-0.0066821172638359,-0.0032603394523798,-0.0218498145168724,-0.0192416629595338,-0.009143961089911199,-0.013403844861497,-0.0066821172638359,-0.0032603394523798,0.008150185483127598,0.0107583370404662,1.0,1.0
155,25,100,100,0.0197158966587346,0.0111379303298473,-0.0040988967037312,-0.001446398644289,-0.0222647356933633,-0.0160265823387935,-0.010284103341265397,-0.0188620696701527,-0.0040988967037312,-0.001446398644289,0.007735264306636697,0.013973417661206498,1.0,1.0
156,26,1000,1,0.0212286075460951,0.0150944768906729,-0.0093047719866856,0.0009864543774052,-0.0269265035663872,-0.0194306985145,-0.0087713924539049,-0.014905523109327098,-0.0093047719866856,0.0009864543774052,0.0030734964336128004,0.010569301485499998,1.0,1.0
157,26,1000,10,0.018883247645703,0.0159546594620218,-0.0058121053656891,0.0002197481761201,-0.028447139959327,-0.0178631768294293,-0.011116752354296999,-0.0140453405379782,-0.0058121053656891,0.0002197481761201,0.0015528600406729993,0.012136823170570698,1.0,1.0
158,26,1000,100,0.014762362102617,0.0120224485119654,-0.0068126275097836,-0.0023785830228708,-0.0316982954588842,-0.0186638122807016,-0.015237637897383,-0.0179775514880346,-0.0068126275097836,-0.0023785830228708,-0.001698295458884204,0.0113361877192984,1.0,1.0
159,26,100,1,0.0317732842885638,0.0319644707353363,0.0104778032456027,0.0049628170429883,-0.0126329178976288,-0.0664595150193244,0.0017732842885637978,0.0019644707353363017,0.0104778032456027,0.0049628170429883,0.0173670821023712,-0.0364595150193244,1.0,1.0
160,26,100,10,0.0179201221114841,0.0163150873333695,-0.0056972030842102,0.000824348958902,-0.0278610397776805,-0.0174745027562099,-0.012079877888515899,-0.013684912666630498,-0.0056972030842102,0.000824348958902,0.0021389602223194984,0.0125254972437901,1.0,1.0
161,26,100,100,0.0155926854015501,0.0142645082332217,-0.007034364489151,-0.0008810908125305,-0.0275743077517985,-0.0190095882348348,-0.014407314598449898,-0.015735491766778298,-0.007034364489151,-0.0008810908125305,0.0024256922482014977,0.0109904117651652,1.0,1.0
162,27,1000,1,0.0194510029898567,0.0154855468630342,-0.0005567275885281,0.0054550882354964,-0.0197122340335518,-0.0286612719955237,-0.0105489970101433,-0.014514453136965798,-0.0005567275885281,0.0054550882354964,0.0102877659664482,0.0013387280044762986,1.0,1.0
163,27,1000,10,0.0236206148930537,0.0183337663274679,-0.0001263755461382,0.0032153866322185,-0.0219668958737252,-0.0248289096408256,-0.0063793851069463,-0.011666233672532098,-0.0001263755461382,0.0032153866322185,0.008033104126274799,0.005171090359174398,1.0,1.0
164,27,1000,100,0.0190597342848737,0.0134427260752683,0.0007450671685479,0.0027771184881441,-0.018529205068008,-0.0153522706090958,-0.0109402657151263,-0.0165572739247317,0.0007450671685479,0.0027771184881441,0.011470794931992,0.0146477293909042,1.0,1.0
165,27,100,1,0.0081304598628666,0.0153210574317308,-0.0133077585021428,-0.0007369676868896,-0.0215483807169048,-0.0150646475130428,-0.021869540137133398,-0.0146789425682692,-0.0133077585021428,-0.0007369676868896,0.0084516192830952,0.0149353524869572,1.0,1.0
166,27,100,10,0.0256089561029525,0.0197062475739043,0.0006433836836833,0.0033626407836735,-0.0228415113557873,-0.0208831993768898,-0.0043910438970474995,-0.0102937524260957,0.0006433836836833,0.0033626407836735,0.007158488644212698,0.0091168006231102,1.0,1.0
167,27,100,100,0.0219546024345249,0.013863295411305,-0.0003108541142522,0.0030483386668379,-0.0183067134043964,-0.0108897799641339,-0.0080453975654751,-0.016136704588694997,-0.0003108541142522,0.0030483386668379,0.011693286595603598,0.0191102200358661,1.0,1.0
168,28,1000,1,0.0220014423101444,0.014675048749227,0.0003365670368652,-0.0009379181268964,-0.016028271791088,-0.0145162936522141,-0.0079985576898556,-0.015324951250773,0.0003365670368652,-0.0009379181268964,0.013971728208911998,0.015483706347785899,1.0,1.0
169,28,1000,10,0.0202813919047075,0.0148947741304139,-0.0001135608361838,-0.0004829739823679,-0.0156232932334989,-0.0165868417176736,-0.0097186080952925,-0.0151052258695861,-0.0001135608361838,-0.0004829739823679,0.014376706766501098,0.0134131582823264,1.0,1.0
170,28,1000,100,0.0195438629809698,0.0117385771129043,-0.0027424277337512,-0.0008358639204886,-0.0210807666593682,-0.0156158160240666,-0.010456137019030198,-0.0182614228870957,-0.0027424277337512,-0.0008358639204886,0.0089192333406318,0.014384183975933398,1.0,1.0
171,28,100,1,0.0391159015302647,-0.0057386834503967,-0.0073875172293098,-0.002090833828972,-0.0108765025303882,0.0019915145626423,0.009115901530264703,-0.0357386834503967,-0.0073875172293098,-0.002090833828972,0.019123497469611797,0.0319915145626423,0.75,0.625
172,28,100,10,0.0201271903768937,0.015087464599221,-0.0003770152795715,-0.0009803477614766,-0.016804439926081,-0.0174980597963186,-0.009872809623106299,-0.014912535400779,-0.0003770152795715,-0.0009803477614766,0.013195560073918998,0.012501940203681398,1.0,1.0
173,28,100,100,0.0205238082010964,0.0139314398803137,-0.0038267325821497,0.000900578036985,-0.0177060013385729,-0.0150725777726229,-0.009476191798903598,-0.016068560119686298,-0.0038267325821497,0.000900578036985,0.012293998661427098,0.014927422227377099,1.0,1.0
174,29,1000,1,0.0225252241628367,0.0158091733094843,-0.0046073159761895,0.0029774483623054,-0.0189161929695798,-0.0183821413893456,-0.0074747758371633,-0.0141908266905157,-0.0046073159761895,0.0029774483623054,0.011083807030420199,0.0116178586106544,1.0,1.0
175,29,1000,10,0.0210599546956991,0.0148712115166189,-0.0044320934357152,0.0009461346033382,-0.0173155011949046,-0.0186419623995248,-0.008940045304300898,-0.0151287884833811,-0.0044320934357152,0.0009461346033382,0.012684498805095399,0.011358037600475199,1.0,1.0
176,29,1000,100,0.0166928561747646,0.0134003580512807,-0.0065420731950889,0.0012781483064601,-0.0150874731969376,-0.022819806449134,-0.013307143825235398,-0.0165996419487193,-0.0065420731950889,0.0012781483064601,0.014912526803062398,0.007180193550866,1.0,1.0
177,29,100,1,0.013486306568859,0.0234929578974847,0.0035481825926419,0.0050292446030721,-0.0136997372871526,-0.0024314902790798,-0.016513693431141,-0.006507042102515299,0.0035481825926419,0.0050292446030721,0.0163002627128474,0.0275685097209202,1.0,1.0
178,29,100,10,0.0210294719171731,0.0149185711714089,-0.0041446307438431,0.0011720524439785,-0.0181194813390459,-0.0197039294301507,-0.0089705280828269,-0.0150814288285911,-0.0041446307438431,0.0011720524439785,0.0118805186609541,0.0102960705698493,1.0,1.0
179,29,100,100,0.0143823714692231,0.0111839740832973,-0.0055419484682146,0.0006007478670192,-0.0169135179062847,-0.0239960262661182,-0.0156176285307769,-0.0188160259167027,-0.0055419484682146,0.0006007478670192,0.0130864820937153,0.006003973733881798,1.0,1.0
180,30,1000,1,0.0216669461532296,0.0225525891935783,0.0015259539899091,0.0019518809969577,-0.0157278617967025,-0.0308827363480554,-0.0083330538467704,-0.007447410806421698,0.0015259539899091,0.0019518809969577,0.0142721382032975,-0.0008827363480554025,1.0,1.0
181,30,1000,10,0.0212419852949315,0.0188054375531362,-0.0007369933237252,0.0028064228449007,-0.0148873945311258,-0.0279698756323397,-0.008758014705068498,-0.011194562446863798,-0.0007369933237252,0.0028064228449007,0.0151126054688742,0.0020301243676602992,1.0,1.0
182,30,1000,100,0.015035030162145,0.0135553933910419,-0.0026888068467357,0.0024971132515573,-0.0169737212697348,-0.0271014268094022,-0.014964969837854999,-0.0164446066089581,-0.0026888068467357,0.0024971132515573,0.013026278730265198,0.0028985731905977995,1.0,1.0
183,30,100,1,0.0296587674972685,0.0223409004143502,0.0065926444682645,-0.0059501634738764,-0.0298543416077302,-0.0185718161263425,-0.00034123250273149913,-0.0076590995856497986,0.0065926444682645,-0.0059501634738764,0.00014565839226979987,0.011428183873657499,1.0,1.0
184,30,100,10,0.0208455564712137,0.0189642798792269,2.705619676111423e-05,0.0026562527772659,-0.012685101570185,-0.0272078186012045,-0.009154443528786298,-0.011035720120773099,2.705619676111423e-05,0.0026562527772659,0.017314898429815,0.002792181398795498,1.0,1.0
185,30,100,100,0.0153176060820145,0.0138928579642415,-0.0051438321327822,0.0030799744398735,-0.016764434438044,-0.0217836998864079,-0.014682393917985499,-0.016107142035758498,-0.0051438321327822,0.0030799744398735,0.013235565561956,0.0082163001135921,1.0,1.0
186,31,1000,1,0.0338589164288428,0.0272057274164756,-0.0005673934751858,0.0003596207397098,-0.0147912388147203,-0.0143184828915604,0.0038589164288427985,-0.0027942725835243994,-0.0005673934751858,0.0003596207397098,0.015208761185279699,0.015681517108439597,1.0,1.0
187,31,1000,10,0.027365631669542,0.0233336961148599,-0.002568530283132,0.0011355346018787,-0.0126690978593993,-0.0168866160454657,-0.0026343683304579993,-0.0066663038851400985,-0.002568530283132,0.0011355346018787,0.0173309021406007,0.013113383954534298,1.0,1.0
188,31,1000,100,0.022290607169474,0.0188373966506575,-0.002481483180297,-0.0016787577489591,-0.0101694006087925,-0.0146994929628631,-0.007709392830525998,-0.0111626033493425,-0.002481483180297,-0.0016787577489591,0.0198305993912075,0.015300507037136899,1.0,1.0
189,31,100,1,0.0224907858501731,0.0270339972470573,-0.0038879696969162,0.0013796961649133,-0.0116930294013056,-0.0018766587374107,-0.007509214149826898,-0.0029660027529427,-0.0038879696969162,0.0013796961649133,0.0183069705986944,0.0281233412625893,1.0,0.875
190,31,100,10,0.0277645943042732,0.0241125938479444,-0.0033269636331732,0.0007372253931991,-0.011701905668291,-0.0181905036301951,-0.0022354056957267984,-0.0058874061520555986,-0.0033269636331732,0.0007372253931991,0.018298094331709,0.011809496369804898,1.0,1.0
191,31,100,100,0.0279276590674437,0.0199380210799157,-0.003442604313262,-0.0031776295226748,-0.0097912488974942,-0.0169216613267515,-0.0020723409325562984,-0.0100619789200843,-0.003442604313262,-0.0031776295226748,0.0202087511025058,0.0130783386732485,1.0,1.0
192,32,1000,1,0.0231898077507866,0.0178989243150905,0.0055696751069196,0.0031760425411863,-0.0203209743281262,-0.0185690999117325,-0.0068101922492133996,-0.0121010756849095,0.0055696751069196,0.0031760425411863,0.0096790256718738,0.011430900088267498,1.0,1.0
193,32,1000,10,0.0212248913612181,0.0179832935812835,0.0039979635515242,4.849130720428457e-05,-0.0200137156206915,-0.0239558811136002,-0.008775108638781899,-0.012016706418716498,0.0039979635515242,4.849130720428457e-05,0.0099862843793085,0.006044118886399798,1.0,1.0
194,32,1000,100,0.0111718789530967,0.0146671443502266,0.0050644675830984,-0.0031144165763872,-0.0159013865306771,-0.0181999377326036,-0.018828121046903297,-0.0153328556497734,0.0050644675830984,-0.0031144165763872,0.0140986134693229,0.0118000622673964,1.0,1.0
195,32,100,1,0.015139048461343,-0.0130950322539096,-0.0019134709733757,-0.0088479503659782,-0.0053008416818874,-0.0346745301439915,-0.014860951538656998,-0.0430950322539096,-0.0019134709733757,-0.0088479503659782,0.024699158318112598,-0.004674530143991502,0.625,0.75
196,32,100,10,0.0220094148655284,0.0194281433752029,0.0027777072750316,0.0001511393005361,-0.019569504654465,-0.023458386746983,-0.007990585134471598,-0.0105718566247971,0.0027777072750316,0.0001511393005361,0.010430495345534998,0.006541613253016998,1.0,1.0
197,32,100,100,0.0111903825457429,0.0147738818907525,0.0044275227278944,-0.001879135935513,-0.0147435291701355,-0.0218125810479924,-0.018809617454257098,-0.015226118109247498,0.0044275227278944,-0.001879135935513,0.0152564708298645,0.0081874189520076,1.0,1.0
198,33,1000,1,0.0238158187723748,0.015361622472828,-0.0021390606408427,-0.0004104532581241,-0.0134534434435374,-0.0180542891263811,-0.0061841812276252,-0.014638377527171998,-0.0021390606408427,-0.0004104532581241,0.0165465565564626,0.011945710873618898,1.0,1.0
199,33,1000,10,0.0224341325587812,0.0179339967886004,-0.0013026539370009,0.0017154928029446,-0.0177937888204935,-0.0211127371840632,-0.007565867441218798,-0.012066003211399598,-0.0013026539370009,0.0017154928029446,0.012206211179506498,0.008887262815936797,1.0,1.0
200,33,1000,100,0.0189332011169409,0.0171807503981908,-0.0026131885560534,0.0032842734822835,-0.0184649612070266,-0.0231281738677913,-0.011066798883059097,-0.012819249601809198,-0.0026131885560534,0.0032842734822835,0.0115350387929734,0.0068718261322087,1.0,1.0
201,33,100,1,0.0277757148641044,0.0077753037273032,0.0024845136338288,-0.0027514486168457,0.0044174328013619,-0.0397988844475618,-0.0022242851358956,-0.022224696272696798,0.0024845136338288,-0.0027514486168457,0.0344174328013619,-0.009798884447561801,1.0,0.75
202,33,100,10,0.0213604506144078,0.0175147208343936,-0.0015764698019348,0.002293354532529,-0.0192138724906313,-0.0197503593193113,-0.0086395493855922,-0.012485279165606399,-0.0015764698019348,0.002293354532529,0.0107861275093687,0.010249640680688697,1.0,1.0
203,33,100,100,0.0175021220878316,0.0135183257253397,-0.0024314606192027,0.0040620210286117,-0.0190725914814615,-0.0247832607522344,-0.012497877912168397,-0.0164816742746603,-0.0024314606192027,0.0040620210286117,0.0109274085185385,0.005216739247765598,1.0,1.0
204,34,1000,1,0.0141064291431887,0.0210994897835663,3.7813866930897626e-05,0.0040789764457659,-0.0152821851408395,-0.0130778437984054,-0.015893570856811298,-0.008900510216433698,3.7813866930897626e-05,0.0040789764457659,0.014717814859160499,0.0169221562015946,1.0,1.0
205,34,1000,10,0.0143183310921751,0.0197803225217894,-0.0016038306040833,0.0027140640362172,-0.0150128568697759,-0.0188730280258439,-0.0156816689078249,-0.0102196774782106,-0.0016038306040833,0.0027140640362172,0.014987143130224099,0.011126971974156099,1.0,1.0
206,34,1000,100,0.0129607401849869,0.0175130826038013,-0.0032764547654133,0.0019423112593496,-0.010208170719378,-0.0224380740260016,-0.0170392598150131,-0.012486917396198699,-0.0032764547654133,0.0019423112593496,0.019791829280621998,0.0075619259739984,1.0,1.0
207,34,100,1,0.0149568457180911,0.0141654650984218,-0.004064232989518,0.0128350035635097,-0.0166745259237864,-0.0167134726039152,-0.015043154281908899,-0.0158345349015782,-0.004064232989518,0.0128350035635097,0.013325474076213598,0.0132865273960848,1.0,1.0
208,34,100,10,0.0145435699816467,0.0194445295230246,-0.0023859439105651,0.0036027630046412,-0.0143771500591583,-0.0178070718950691,-0.015456430018353298,-0.010555470476975398,-0.0023859439105651,0.0036027630046412,0.015622849940841699,0.0121929281049309,1.0,1.0
209,34,100,100,0.0153858321893229,0.0206552239128895,-0.0039603710963609,0.0028398554376934,-0.0086336642984292,-0.0231891906416327,-0.0146141678106771,-0.009344776087110498,-0.0039603710963609,0.0028398554376934,0.021366335701570798,0.006810809358367299,1.0,1.0
210,35,1000,1,0.0263753621678167,0.0234518308017053,-0.001949943655699,-0.0009733751693634,-0.0187986247006111,-0.0212716274106861,-0.003624637832183298,-0.0065481691982947,-0.001949943655699,-0.0009733751693634,0.011201375299388899,0.008728372589313898,1.0,1.0
211,35,1000,10,0.0236100625732197,0.0256478688407797,9.988974104891904e-05,-0.0030754150240217,-0.0178638170504159,-0.0222143891021005,-0.0063899374267803,-0.004352131159220299,9.988974104891904e-05,-0.0030754150240217,0.012136182949584098,0.0077856108978995,1.0,1.0
212,35,1000,100,0.0152688251271491,0.0245677744248417,-0.0012926662356755,-0.0048934663902279,-0.0163569289728883,-0.0166097286802877,-0.014731174872850899,-0.005432225575158298,-0.0012926662356755,-0.0048934663902279,0.013643071027111698,0.0133902713197123,1.0,1.0
213,35,100,1,0.0065882791391954,0.049077316231785,-0.0089956191699917,0.0061118465616439,-0.0073625417943154,-0.0385404406847972,-0.023411720860804598,0.019077316231784998,-0.0089956191699917,0.0061118465616439,0.0226374582056846,-0.008540440684797201,1.0,0.875
214,35,100,10,0.0245502623774389,0.0263618827836983,2.37821080145815e-05,-0.0035218421741924,-0.0213865038959523,-0.0229259703903665,-0.0054497376225610995,-0.0036381172163016985,2.37821080145815e-05,-0.0035218421741924,0.0086134961040477,0.007074029609633499,1.0,1.0
215,35,100,100,0.0182424649517735,0.0327364140529885,-0.0018566242147301,-0.0055085799269161,-0.0174801057670111,-0.0214210329890516,-0.011757535048226499,0.002736414052988502,-0.0018566242147301,-0.0055085799269161,0.0125198942329889,0.008578967010948398,1.0,1.0
216,36,1000,1,0.0191867394031807,0.0227053115494772,0.0044457456648427,0.0007895767793459,-0.0225857145756534,-0.0138595110521943,-0.0108132605968193,-0.0072946884505228,0.0044457456648427,0.0007895767793459,0.007414285424346599,0.016140488947805696,1.0,1.0
217,36,1000,10,0.0216859405804581,0.0224948996081556,0.0049322071827221,0.000453415413001,-0.0184033193199063,-0.0168209558374944,-0.0083140594195419,-0.007505100391844398,0.0049322071827221,0.000453415413001,0.011596680680093698,0.0131790441625056,1.0,1.0
218,36,1000,100,0.0161103704047397,0.0121273722047651,0.0031470302446405,-0.0018270395518481,-0.0169535747226885,-0.0133447628785775,-0.0138896295952603,-0.0178726277952349,0.0031470302446405,-0.0018270395518481,0.0130464252773115,0.0166552371214225,1.0,1.0
219,36,100,1,0.0266238569323251,0.0235538285094723,0.0103235183767155,0.0003446554600538,-0.0115021703755074,-0.0389769262554218,-0.0033761430676748985,-0.006446171490527699,0.0103235183767155,0.0003446554600538,0.018497829624492597,-0.008976926255421798,1.0,1.0
220,36,100,10,0.0224447438197115,0.0224706611266789,0.0048262288652055,0.0012759998952868,-0.0214925714287733,-0.0171290191784113,-0.007555256180288499,-0.0075293388733210995,0.0048262288652055,0.0012759998952868,0.008507428571226699,0.0128709808215887,1.0,1.0
221,36,100,100,0.016111418524441,0.0112476938768416,0.0030199024696552,-0.0029650178675295,-0.0196744602910532,-0.0132027601724558,-0.013888581475558999,-0.018752306123158397,0.0030199024696552,-0.0029650178675295,0.010325539708946799,0.0167972398275442,1.0,1.0
222,37,1000,1,0.0135435749822574,0.0140749140543233,0.0021016442458562,0.0003576007079201,-0.0230090458892156,-0.0129657735624966,-0.0164564250177426,-0.0159250859456767,0.0021016442458562,0.0003576007079201,0.0069909541107844,0.0170342264375034,1.0,1.0
223,37,1000,10,0.0163430984665741,0.013047457891342,0.0006366161005818,0.000359349641303,-0.0200569542125932,-0.017054543064674,-0.0136569015334259,-0.016952542108658,0.0006366161005818,0.000359349641303,0.0099430457874068,0.012945456935325998,1.0,1.0
224,37,1000,100,0.0187580439404446,0.0069123638872426,-0.0015752776158158,-0.001297993102113,-0.0224610048675679,-0.0215928616360868,-0.0112419560595554,-0.0230876361127574,-0.0015752776158158,-0.001297993102113,0.0075389951324321,0.0084071383639132,1.0,1.0
225,37,100,1,0.0119342225396659,0.0201176658945735,-0.0118698011905021,0.0128853600122352,-0.0024244151449877,-0.0360807685014059,-0.0180657774603341,-0.0098823341054265,-0.0118698011905021,0.0128853600122352,0.027575584855012297,-0.006080768501405903,0.875,0.875
226,37,100,10,0.0169058255273646,0.0141209936766514,0.00144817132087,-0.0003443080112461,-0.0202988910871272,-0.0180264881893329,-0.0130941744726354,-0.0158790063233486,0.00144817132087,-0.0003443080112461,0.009701108912872798,0.011973511810667099,1.0,1.0
227,37,100,100,0.0195829004058239,0.0094596359065655,-0.0010756558042672,-0.0018063008771841,-0.0240371187032672,-0.0206780550285699,-0.0104170995941761,-0.020540364093434498,-0.0010756558042672,-0.0018063008771841,0.005962881296732798,0.009321944971430098,1.0,1.0
228,38,1000,1,0.0162673533416458,0.0153645087575093,0.0005891602837251,0.0038977843381015,-0.0094430064691277,-0.016404642237776,-0.013732646658354199,-0.014635491242490698,0.0005891602837251,0.0038977843381015,0.0205569935308723,0.013595357762223998,1.0,1.0
229,38,1000,10,0.0133961303394199,0.0175742536764171,-0.0014681698333658,0.003938180675015,-0.0185601504292549,-0.019197402029736,-0.016603869660580098,-0.012425746323582898,-0.0014681698333658,0.003938180675015,0.011439849570745099,0.010802597970263998,1.0,1.0
230,38,1000,100,0.0077484834369515,0.01741642112216,-0.0023131388131802,0.0006762573040543,-0.0214929454344023,-0.0170418715656232,-0.0222515165630485,-0.01258357887784,-0.0023131388131802,0.0006762573040543,0.0085070545655977,0.012958128434376798,1.0,1.0
231,38,100,1,0.0056940764174262,0.044485293684877,-0.0028246450822819,0.0116346561319044,-0.031180954012245,-0.022152346106793,-0.0243059235825738,0.014485293684876999,-0.0028246450822819,0.0116346561319044,-0.0011809540122450016,0.007847653893206998,0.875,1.0
232,38,100,10,0.0130692982686546,0.0189688732469094,-0.0016497608929094,0.0026990533346674,-0.0188513586829416,-0.0195700706895057,-0.0169307017313454,-0.011031126753090599,-0.0016497608929094,0.0026990533346674,0.011148641317058398,0.010429929310494298,1.0,1.0
233,38,100,100,0.0069475102956527,0.0173060888563357,-0.0015094764105707,0.0012858319834866,-0.0216736451737855,-0.0154326425049507,-0.023052489704347298,-0.012693911143664298,-0.0015094764105707,0.0012858319834866,0.008326354826214497,0.0145673574950493,1.0,1.0
234,39,1000,1,0.0206357987924282,0.0283509020595339,-0.0005856207484397,0.0079710376336211,-0.0168915206155073,-0.0162474468911469,-0.009364201207571799,-0.0016490979404660995,-0.0005856207484397,0.0079710376336211,0.013108479384492697,0.013752553108853097,1.0,1.0
235,39,1000,10,0.0236571947863852,0.0325669232118937,-0.0038596730371619,0.0047394202123246,-0.0210494319848667,-0.0180736736885458,-0.006342805213614799,0.0025669232118937027,-0.0038596730371619,0.0047394202123246,0.0089505680151333,0.0119263263114542,1.0,1.0
236,39,1000,100,0.0164911576376617,0.0266386596011263,-0.0030851379867983,0.00065531618682,-0.0229759133602471,-0.025232083885946,-0.013508842362338298,-0.003361340398873699,-0.0030851379867983,0.00065531618682,0.007024086639752899,0.004767916114053999,1.0,1.0
237,39,100,1,0.0301372866269719,0.0273581013161694,0.0163043250267931,0.0203849034379821,-0.0083968910847575,-0.0376521752026228,0.00013728662697190183,-0.0026418986838306,0.0163043250267931,0.0203849034379821,0.0216031089152425,-0.007652175202622798,1.0,1.0
238,39,100,10,0.0229420099976279,0.0351728536695238,-0.0036981851657271,0.0038266690183657,-0.0218591716022376,-0.0163751089116934,-0.007057990002372099,0.0051728536695238025,-0.0036981851657271,0.0038266690183657,0.008140828397762399,0.013624891088306598,1.0,1.0
239,39,100,100,0.016653098635774,0.0262129973927162,-0.00621596556598,-0.0004709913357192,-0.0218293421476319,-0.0234364286417263,-0.013346901364225998,-0.0037870026072837973,-0.00621596556598,-0.0004709913357192,0.008170657852368098,0.0065635713582737,1.0,1.0
240,40,1000,1,0.0236860063343863,0.0258264880563201,-0.0036039990806547,0.0029117457680587,-0.0126509408614359,-0.0257019406390073,-0.0063139936656137,-0.004173511943679899,-0.0036039990806547,0.0029117457680587,0.017349059138564098,0.0042980593609926974,1.0,1.0
241,40,1000,10,0.0189903802475611,0.0232463401737735,-0.0013097585046485,3.372856840377892e-05,-0.0170383313458011,-0.0202290401468298,-0.011009619752438898,-0.006753659826226499,-0.0013097585046485,3.372856840377892e-05,0.012961668654198899,0.0097709598531702,1.0,1.0
242,40,1000,100,0.0117008058225163,0.0136759750989959,0.0015652321475051,-0.0016907807677821,-0.0220930533213375,-0.0223102345909567,-0.0182991941774837,-0.016324024901004097,0.0015652321475051,-0.0016907807677821,0.0079069466786625,0.0076897654090433,1.0,1.0
243,40,100,1,0.0089068511911904,0.0130029443904679,-0.0171373136911189,0.0037736079187563,-0.0166626390177226,-0.022065131354413,-0.021093148808809598,-0.0169970556095321,-0.0171373136911189,0.0037736079187563,0.013337360982277398,0.007934868645586998,1.0,0.875
244,40,100,10,0.0195443261917267,0.0215798958069881,-0.0021211251744605,-0.0002833808258564,-0.0172124302514243,-0.0193008609078269,-0.010455673808273298,-0.0084201041930119,-0.0021211251744605,-0.0002833808258564,0.0127875697485757,0.010699139092173099,1.0,1.0
245,40,100,100,0.0131125817830472,0.0128757619604541,0.0022584874332751,-0.0026957615334779,-0.0246649654232047,-0.0169015416594218,-0.016887418216952797,-0.0171242380395459,0.0022584874332751,-0.0026957615334779,0.005335034576795298,0.013098458340578198,1.0,1.0
246,41,1000,1,0.0175672058694203,0.0191192242395658,0.008574821857864,0.001168319174423,-0.0156481392424783,-0.0231378340517482,-0.0124327941305797,-0.0108807757604342,0.008574821857864,0.001168319174423,0.0143518607575217,0.0068621659482518,1.0,1.0
247,41,1000,10,0.0164340981679082,0.0147126426188526,0.0049551048771734,0.000527063587891,-0.0195744289704012,-0.0246921011258637,-0.0135659018320918,-0.015287357381147398,0.0049551048771734,0.000527063587891,0.010425571029598797,0.0053078988741363,1.0,1.0
248,41,1000,100,0.0124497602173818,0.0148226492481421,0.0055163982869871,0.0031585301124244,-0.0241070865536502,-0.0255588973171164,-0.017550239782618198,-0.015177350751857898,0.0055163982869871,0.0031585301124244,0.0058929134463498005,0.004441102682883599,1.0,1.0
249,41,100,1,0.0128989074423881,0.0034528327240721,0.0219002052199805,0.0161602231829204,0.0037573399117662,-0.0314391720845798,-0.0171010925576119,-0.0265471672759279,0.0219002052199805,0.0161602231829204,0.0337573399117662,-0.001439172084579804,0.375,0.875
250,41,100,10,0.0180280122597127,0.0139963531474977,0.0047322993609734,0.0013612065036907,-0.0219214434559832,-0.0262010656789886,-0.0119719877402873,-0.0160036468525023,0.0047322993609734,0.0013612065036907,0.008078556544016798,0.0037989343210113984,1.0,1.0
251,41,100,100,0.0138959132461651,0.0160087511086766,0.0044946871943361,0.0049382669602003,-0.0263980304200911,-0.0245692950711208,-0.0161040867538349,-0.013991248891323398,0.0044946871943361,0.0049382669602003,0.0036019695799088987,0.005430704928879197,1.0,1.0
252,42,1000,1,0.0156040508487924,0.0110826244904344,-0.006004469143045,-0.0020736531117095,-0.0060389807306348,-0.0143023390326511,-0.014395949151207598,-0.018917375509565598,-0.006004469143045,-0.0020736531117095,0.023961019269365197,0.015697660967348898,1.0,1.0
253,42,1000,10,0.0194232318522026,0.0111239691894628,-0.0040497642116983,-0.0013992224672092,-0.0136288186596156,-0.0127834526352045,-0.0105767681477974,-0.0188760308105372,-0.0040497642116983,-0.0013992224672092,0.0163711813403844,0.017216547364795498,1.0,1.0
254,42,1000,100,0.0129037905019777,0.007203504163737,-0.0057521115260064,-0.0023491175082415,-0.0123243473339009,-0.0087883424652368,-0.017096209498022298,-0.022796495836263,-0.0057521115260064,-0.0023491175082415,0.0176756526660991,0.0212116575347632,1.0,1.0
255,42,100,1,1.8031160961201405e-06,0.0231722233223804,-0.0022384310230618,-0.0277042157986317,0.0013778458504111,-0.0173844453166914,-0.02999819688390388,-0.0068277766776196,-0.0022384310230618,-0.0277042157986317,0.0313778458504111,0.012615554683308598,0.875,0.5
256,42,100,10,0.0215844324971104,0.0122585849998188,-0.0036937319638752,-0.0015873605912679,-0.0145806622446376,-0.0128310246542921,-0.0084155675028896,-0.0177414150001812,-0.0036937319638752,-0.0015873605912679,0.0154193377553624,0.0171689753457079,1.0,1.0
257,42,100,100,0.0138159221488154,0.0071656244525624,-0.0037145409395826,-0.0032142958881238,-0.0109268957517118,-0.0079762330464902,-0.0161840778511846,-0.0228343755474376,-0.0037145409395826,-0.0032142958881238,0.0190731042482882,0.0220237669535098,1.0,1.0
258,43,1000,1,0.0205733905862507,0.0158856957124812,-0.0001186329310833,0.0014765333794621,-0.0249051190207828,-0.0250048911936868,-0.009426609413749298,-0.014114304287518798,-0.0001186329310833,0.0014765333794621,0.0050948809792172,0.004995108806313198,1.0,1.0
259,43,1000,10,0.0167287720175988,0.0160917238524952,-0.0009136811032591,0.0004460074372557,-0.0226994101741066,-0.0201537746439595,-0.013271227982401199,-0.013908276147504797,-0.0009136811032591,0.0004460074372557,0.0073005898258933985,0.0098462253560405,1.0,1.0
260,43,1000,100,0.0125682223207688,0.0141960535268686,-0.0004486098417434,0.0007291117788201,-0.0252740491331638,-0.0215491451492018,-0.017431777679231198,-0.0158039464731314,-0.0004486098417434,0.0007291117788201,0.0047259508668362,0.0084508548507982,1.0,1.0
261,43,100,1,0.0266186490643955,0.0192487972229442,-0.0122767255266923,0.0184682907863156,-0.0239052371547831,-0.0675754675602695,-0.0033813509356044984,-0.0107512027770558,-0.0122767255266923,0.0184682907863156,0.0060947628452169,-0.0375754675602695,1.0,1.0
262,43,100,10,0.0168493433378121,0.0137616163375286,-0.00187687005525,0.0016778312595447,-0.0227526495243236,-0.0220503910739443,-0.013150656662187898,-0.0162383836624714,-0.00187687005525,0.0016778312595447,0.007247350475676397,0.007949608926055698,1.0,1.0
263,43,100,100,0.0115540150097559,0.011827935974033,-0.0010343897272369,0.0014186635610259,-0.0239542409019926,-0.0202823798388179,-0.0184459849902441,-0.018172064025967,-0.0010343897272369,0.0014186635610259,0.006045759098007399,0.009717620161182099,1.0,1.0
264,44,1000,1,0.0256611120816193,0.0223023692881629,-0.0044228286010506,0.0034137469125168,-0.0238584456035741,-0.0166659312056177,-0.0043388879183806975,-0.0076976307118371,-0.0044228286010506,0.0034137469125168,0.0061415543964258995,0.0133340687943823,1.0,1.0
265,44,1000,10,0.0210706647267223,0.0204353222938737,-0.0050473671708743,0.0014331330565681,-0.0179797574644048,-0.0202166187422876,-0.008929335273277699,-0.0095646777061263,-0.0050473671708743,0.0014331330565681,0.0120202425355952,0.009783381257712397,1.0,1.0
266,44,1000,100,0.0157711796752617,0.0199775502350877,-0.0039658562480976,0.0010864216432395,-0.0197466997352508,-0.0138334033402107,-0.014228820324738298,-0.0100224497649123,-0.0039658562480976,0.0010864216432395,0.010253300264749198,0.016166596659789298,1.0,1.0
267,44,100,1,0.0298539699676494,0.0185859960354423,0.0103774913889681,-0.0115900749736112,-0.0180838274769209,-0.0124941291442373,-0.00014603003235059975,-0.0114140039645577,0.0103774913889681,-0.0115900749736112,0.0119161725230791,0.017505870855762697,1.0,1.0
268,44,100,10,0.0204301685092541,0.0207908726017583,-0.0049455284161234,0.0005879180182429,-0.0164635591400957,-0.0202929199902626,-0.0095698314907459,-0.009209127398241698,-0.0049455284161234,0.0005879180182429,0.013536440859904297,0.009707080009737398,1.0,1.0
269,44,100,100,0.0148972741096173,0.0213954149990622,-0.0041079942548732,-0.0008697050480931,-0.0207716832847018,-0.0166338896791519,-0.015102725890382699,-0.0086045850009378,-0.0041079942548732,-0.0008697050480931,0.0092283167152982,0.013366110320848099,1.0,1.0
270,45,1000,1,0.0207647039514649,0.0256249896348167,1.8405490632505774e-05,-0.0030008942686343,-0.0216912042081476,-0.0129231863755945,-0.0092352960485351,-0.004375010365183299,1.8405490632505774e-05,-0.0030008942686343,0.0083087957918524,0.0170768136244055,1.0,1.0
271,45,1000,10,0.0187747694406539,0.0223398801496472,0.0022354528447135,0.0005351984292309,-0.0277561643719204,-0.0152600467919485,-0.0112252305593461,-0.0076601198503527985,0.0022354528447135,0.0005351984292309,0.0022438356280795983,0.0147399532080515,1.0,1.0
272,45,1000,100,0.0185218284343093,0.0179289022311949,0.000117597227012,0.000363075661691,-0.0256652695009225,-0.016633888072376,-0.011478171565690698,-0.012071097768805099,0.000117597227012,0.000363075661691,0.0043347304990775,0.013366111927623998,1.0,1.0
273,45,100,1,0.0135172726285136,0.0069456863203178,-0.0122117539916744,0.0158497199313189,-0.0195784845661645,-0.0275487266879295,-0.0164827273714864,-0.0230543136796822,-0.0122117539916744,0.0158497199313189,0.010421515433835498,0.0024512733120704983,0.75,1.0
274,45,100,10,0.018979832958705,0.0242428118470351,0.0018352280766107,-0.0001407399270091,-0.0303865505703554,-0.014998483817533,-0.011020167041295,-0.005757188152964898,0.0018352280766107,-0.0001407399270091,-0.0003865505703554012,0.015001516182467,1.0,1.0
275,45,100,100,0.0174905057492277,0.0193962796807897,0.0012341398947224,-0.0019271271664736,-0.0233021715042634,-0.015077788080591,-0.012509494250772298,-0.010603720319210298,0.0012341398947224,-0.0019271271664736,0.0066978284957366005,0.014922211919408998,1.0,1.0
276,46,1000,1,0.0151841197265742,0.0245332031922479,0.0017814449746176,0.0005532599294624,-0.0304126249778334,-0.0179438238890813,-0.0148158802734258,-0.005466796807752097,0.0017814449746176,0.0005532599294624,-0.0004126249778334014,0.0120561761109187,1.0,1.0
277,46,1000,10,0.0148878145729363,0.0232253907995156,0.0067793385457311,0.0006033581030264,-0.0231683453964045,-0.0152751703965677,-0.015112185427063699,-0.006774609200484397,0.0067793385457311,0.0006033581030264,0.0068316546035954995,0.014724829603432299,1.0,1.0
278,46,1000,100,0.0110019689858728,0.0138728591942695,0.0068722600622267,5.592488770179063e-05,-0.0168346925340056,-0.0223112005379721,-0.018998031014127198,-0.0161271408057305,0.0068722600622267,5.592488770179063e-05,0.0131653074659944,0.007688799462027898,1.0,1.0
279,46,100,1,0.0253626880273437,-0.0030452252921382,0.0079314362652358,0.0044718078160272,-0.0571820546659505,-0.0082316631874088,-0.004637311972656297,-0.0330452252921382,0.0079314362652358,0.0044718078160272,-0.0271820546659505,0.0217683368125912,0.75,1.0
280,46,100,10,0.0139557993363159,0.0238493910301084,0.0064520006106401,-3.8253751298726066e-05,-0.0222787534291827,-0.0156279013861692,-0.0160442006636841,-0.0061506089698915994,0.0064520006106401,-3.8253751298726066e-05,0.007721246570817297,0.014372098613830799,1.0,1.0
281,46,100,100,0.0085152690892911,0.0138672193144566,0.0062971660168695,-0.0002492275932226,-0.0221481569101677,-0.0238524290022173,-0.021484730910708898,-0.0161327806855434,0.0062971660168695,-0.0002492275932226,0.007851843089832299,0.006147570997782698,1.0,1.0
282,47,1000,1,0.024670897580529,0.0186668605764452,-0.0041826418896463,0.0045926898245429,-0.018137355621522,-0.0108751064515132,-0.005329102419470998,-0.011333139423554798,-0.0041826418896463,0.0045926898245429,0.011862644378477998,0.019124893548486798,1.0,1.0
283,47,1000,10,0.0236990204072551,0.0178385583747373,-0.0037130064724288,0.0047296290342036,-0.013328216840535,-0.013869969849414,-0.0063009795927449,-0.012161441625262698,-0.0037130064724288,0.0047296290342036,0.016671783159465,0.016130030150586,1.0,1.0
284,47,1000,100,0.0231514174749606,0.0185679189840401,-0.0023051917797945,0.0035796956494142,-0.0111822027920035,-0.0135499331302721,-0.0068485825250394,-0.0114320810159599,-0.0023051917797945,0.0035796956494142,0.0188177972079965,0.0164500668697279,1.0,1.0
285,47,100,1,0.0131418918861997,0.0492049896013106,-0.01847526480786,0.026249618088473,-0.0147104936802656,-0.0282613535002322,-0.0168581081138003,0.019204989601310604,-0.01847526480786,0.026249618088473,0.015289506319734398,0.0017386464997678,0.875,0.875
286,47,100,10,0.0248219900183903,0.0173992760019755,-0.0041820813392583,0.0057489396446955,-0.0154470164446293,-0.0139545780670165,-0.0051780099816097006,-0.012600723998024498,-0.0041820813392583,0.0057489396446955,0.0145529835553707,0.0160454219329835,1.0,1.0
287,47,100,100,0.0257459239893562,0.0186343558730539,-0.001732001285851,0.0063533229995256,-0.0135186019624071,-0.0147847342587027,-0.004254076010643797,-0.0113656441269461,-0.001732001285851,0.0063533229995256,0.0164813980375929,0.015215265741297298,1.0,1.0
288,48,1000,1,0.0129739020079005,0.0162250546608522,0.003532667857272,-0.0070948136616379,-0.018860144150227,-0.0188753868715378,-0.017026097992099497,-0.0137749453391478,0.003532667857272,-0.0070948136616379,0.011139855849772999,0.011124613128462198,1.0,1.0
289,48,1000,10,0.0150032317551464,0.0177218215451856,0.0053238483586284,-0.0092012249461927,-0.021037618713419,-0.0169562142823798,-0.014996768244853598,-0.012278178454814399,0.0053238483586284,-0.0092012249461927,0.008962381286581,0.013043785717620198,1.0,1.0
290,48,1000,100,0.013672622107711,0.0102524450623405,0.0049568530883851,-0.0091378047074062,-0.0241908924512274,-0.0215939500638836,-0.016327377892288997,-0.0197475549376595,0.0049568530883851,-0.0091378047074062,0.005809107548772598,0.008406049936116398,1.0,1.0
291,48,100,1,0.0407886312458108,-0.0038886207298729,0.0174379201614021,-0.0142190528067135,-0.000895057738605,-0.0090944385574875,0.010788631245810802,-0.0338886207298729,0.0174379201614021,-0.0142190528067135,0.029104942261394998,0.0209055614425125,0.75,0.625
292,48,100,10,0.0141686143652571,0.0208962078183466,0.0068362539900793,-0.0101141031002004,-0.0197451020692169,-0.0162139943560619,-0.0158313856347429,-0.0091037921816534,0.0068362539900793,-0.0101141031002004,0.010254897930783099,0.013786005643938098,1.0,1.0
293,48,100,100,0.0116664710205072,0.0128979452057633,0.005731363537048,-0.0083908094114888,-0.0227511360899977,-0.0153981956531737,-0.0183335289794928,-0.0171020547942367,0.005731363537048,-0.0083908094114888,0.0072488639100023,0.014601804346826298,1.0,1.0
294,49,1000,1,0.023881295903101,0.0229429610446021,0.0015959605797027,-0.003819609159671,-0.0180937370539424,-0.013935737968353,-0.006118704096898998,-0.007057038955397898,0.0015959605797027,-0.003819609159671,0.011906262946057598,0.016064262031647,1.0,1.0
295,49,1000,10,0.0209904111284553,0.021900148159354,0.0002845987738284,0.0010113074152923,-0.020803111302816,-0.0176266496046331,-0.0090095888715447,-0.008099851840645999,0.0002845987738284,0.0010113074152923,0.009196888697183998,0.012373350395366897,1.0,1.0
296,49,1000,100,0.0173991011105299,0.0150745806863663,0.0004382287087867,0.0025221024612999,-0.0101994777066886,-0.0224724094761017,-0.012600898889470098,-0.0149254193136337,0.0004382287087867,0.0025221024612999,0.019800522293311397,0.0075275905238983,1.0,1.0
297,49,100,1,0.0046693507025634,0.0498257418654831,0.0042202950557048,-0.0008720619499555,-0.0237883850323471,0.0046989209109093,-0.0253306492974366,0.019825741865483103,0.0042202950557048,-0.0008720619499555,0.0062116149676528995,0.0346989209109093,0.875,0.625
298,49,100,10,0.0227396212099748,0.0217273440032931,-0.0006245079056736,0.0010732344201924,-0.0227047889320924,-0.0162788404347071,-0.007260378790025199,-0.008272655996706898,-0.0006245079056736,0.0010732344201924,0.007295211067907599,0.0137211595652929,1.0,1.0
299,49,100,100,0.0181325862707474,0.0146741533600348,-0.0002572420109898,0.002050742666549,-0.0132484855890669,-0.0251314519139168,-0.0118674137292526,-0.0153258466399652,-0.0002572420109898,0.002050742666549,0.0167515144109331,0.0048685480860832,1.0,1.0
300,50,1000,1,0.0201848596152093,0.0105669305635084,0.0003872574346305,-0.0038416939839925,-0.017867062111049,-0.0173875360700176,-0.0098151403847907,-0.019433069436491597,0.0003872574346305,-0.0038416939839925,0.012132937888951,0.012612463929982397,1.0,1.0
301,50,1000,10,0.0188599545937076,0.0127867441586151,0.0002250446090452,-0.003103622433939,-0.0232724181559609,-0.02056603226414,-0.0111400454062924,-0.0172132558413849,0.0002250446090452,-0.003103622433939,0.006727581844039099,0.00943396773586,1.0,1.0
302,50,1000,100,0.0147266384322501,0.0071488630847613,-0.0004955187648688,-0.0041306881685517,-0.0232733393233294,-0.0150153671973793,-0.015273361567749898,-0.0228511369152387,-0.0004955187648688,-0.0041306881685517,0.0067266606766706,0.014984632802620699,1.0,1.0
303,50,100,1,0.0076335118317284,0.0261977781963972,0.0005551777718515,-0.0176466809043892,-0.0070741768838782,-0.0307236507906134,-0.0223664881682716,-0.0038022218036028003,0.0005551777718515,-0.0176466809043892,0.022925823116121798,-0.0007236507906134004,1.0,0.875
304,50,100,10,0.0195897239274627,0.0132865598474692,0.0005344696442539,-0.0033400106330441,-0.0207949689114577,-0.0207854933701318,-0.010410276072537299,-0.016713440152530797,0.0005344696442539,-0.0033400106330441,0.009205031088542297,0.0092145066298682,1.0,1.0
305,50,100,100,0.0164195291727539,0.0076675542786271,0.000781340676933,-0.0064489920273014,-0.0252053818268249,-0.014089815101524,-0.013580470827246099,-0.0223324457213729,0.000781340676933,-0.0064489920273014,0.0047946181731751,0.015910184898476,1.0,1.0
306,51,1000,1,0.0150542237391631,0.009640982165385,-0.0018503471146859,-0.0027317996966946,-0.0172107970112697,-0.02337182984594,-0.014945776260836898,-0.020359017834615,-0.0018503471146859,-0.0027317996966946,0.012789202988730299,0.00662817015406,1.0,1.0
307,51,1000,10,0.0156185211482499,0.0150120682736088,-0.0026652705732023,-0.0050855976085577,-0.0186257732128749,-0.0204840992754326,-0.014381478851750099,-0.014987931726391198,-0.0026652705732023,-0.0050855976085577,0.011374226787125099,0.0095159007245674,1.0,1.0
308,51,1000,100,0.013411315331969,0.0131878999852206,-0.0017727197397924,-0.004311727100342,-0.0171187359041563,-0.0338954151023914,-0.016588684668030998,-0.016812100014779396,-0.0017727197397924,-0.004311727100342,0.012881264095843697,-0.0038954151023914,1.0,1.0
309,51,100,1,0.0002658549629265,-0.0071102846487019,-0.0044005217010897,-0.0066070711544562,-0.0065120504309669,-0.0440731427575468,-0.0297341450370735,-0.0371102846487019,-0.0044005217010897,-0.0066070711544562,0.0234879495690331,-0.0140731427575468,0.625,0.75
310,51,100,10,0.0156980361551407,0.0153838178734551,-0.0028577966827237,-0.0038813746019137,-0.0175215035228282,-0.0210033685891386,-0.014301963844859298,-0.0146161821265449,-0.0028577966827237,-0.0038813746019137,0.012478496477171797,0.008996631410861398,1.0,1.0
311,51,100,100,0.0133877328156928,0.0139676703726979,-0.0034115775775442,-0.0028555816608294,-0.0181917148814802,-0.0274445281278214,-0.0166122671843072,-0.016032329627302097,-0.0034115775775442,-0.0028555816608294,0.0118082851185198,0.0025554718721786003,1.0,1.0
312,52,1000,1,0.0157454270699898,0.0297219054274964,0.0009959116010396,0.0012462207640117,-0.0275949857947757,-0.017545256249324,-0.014254572930010197,-0.00027809457250359965,0.0009959116010396,0.0012462207640117,0.0024050142052243,0.012454743750675998,1.0,1.0
313,52,1000,10,0.0125114168211865,0.0266240318306476,-4.3896251777091385e-05,0.0039754491925685,-0.0235873311434333,-0.0162415462755565,-0.0174885831788135,-0.0033759681693524,-4.3896251777091385e-05,0.0039754491925685,0.006412668856566699,0.013758453724443499,1.0,1.0
314,52,1000,100,0.0113755036545316,0.0186883058045142,-0.0012916556206355,0.0061920283766707,-0.0209570390875807,-0.0191676805607924,-0.0186244963454684,-0.011311694195485798,-0.0012916556206355,0.0061920283766707,0.009042960912419299,0.010832319439207597,1.0,1.0
315,52,100,1,0.0307746490248099,0.0284453718678747,-0.0032803125745342,-0.016772225591868,-0.0446725402952938,-0.012085260650336,0.0007746490248098994,-0.0015546281321252992,-0.0032803125745342,-0.016772225591868,-0.014672540295293801,0.017914739349663998,1.0,0.875
316,52,100,10,0.0124305267241937,0.0265091024532621,0.0001764372236984,0.0044538957293427,-0.0214746236957868,-0.0153162454050099,-0.017569473275806297,-0.0034908975467378978,0.0001764372236984,0.0044538957293427,0.008525376304213197,0.014683754594990099,1.0,1.0
317,52,100,100,0.0102174762140371,0.0190588320156566,-0.0005815630204897,0.0055677926285629,-0.0230962607322368,-0.01627927743629,-0.0197825237859629,-0.0109411679843434,-0.0005815630204897,0.0055677926285629,0.0069037392677631995,0.01372072256371,1.0,1.0
318,53,1000,1,0.0171461940844829,0.0204114562218463,-0.0008851893649528,-0.002330180400458,-0.0146332704770549,-0.0181386256894545,-0.012853805915517099,-0.0095885437781537,-0.0008851893649528,-0.002330180400458,0.0153667295229451,0.0118613743105455,1.0,1.0
319,53,1000,10,0.0168920964338117,0.0215308644311465,0.0024950894247091,-0.0012692858034673,-0.0161648732135187,-0.0202995167086313,-0.013107903566188298,-0.008469135568853498,0.0024950894247091,-0.0012692858034673,0.0138351267864813,0.0097004832913687,1.0,1.0
320,53,1000,100,0.0122169001376365,0.013951144347895,0.0019283178504607,-0.0003470808339925,-0.0126668623690979,-0.0141699211419811,-0.017783099862363497,-0.016048855652105,0.0019283178504607,-0.0003470808339925,0.0173331376309021,0.015830078858018896,1.0,1.0
321,53,100,1,0.0213909012825465,0.0001872805574489,0.0082382364040859,-0.0117282045806775,0.0243145944004301,-0.0307294643612213,-0.008609098717453498,-0.029812719442551098,0.0082382364040859,-0.0117282045806775,0.0543145944004301,-0.000729464361221302,0.625,0.5
322,53,100,10,0.0168785891807386,0.0203627543356375,0.0019171224088303,-0.0009904230425573,-0.0152419063881271,-0.0209744982937638,-0.013121410819261398,-0.009637245664362498,0.0019171224088303,-0.0009904230425573,0.0147580936118729,0.0090255017062362,1.0,1.0
323,53,100,100,0.0135607776885133,0.0123601777156221,0.0017628036952069,-0.000389223706993,-0.0150656555204974,-0.0123050434648754,-0.0164392223114867,-0.0176398222843779,0.0017628036952069,-0.000389223706993,0.0149343444795026,0.0176949565351246,1.0,1.0
324,54,1000,1,0.0135921276349556,0.0229671582147245,-0.0087718713426346,0.0027871422915053,-0.0126093940838948,-0.0199814342334036,-0.0164078723650444,-0.007032841785275499,-0.0087718713426346,0.0027871422915053,0.0173906059161052,0.010018565766596398,1.0,1.0
325,54,1000,10,0.0124723750826648,0.0209124423448049,-0.0054495016592195,0.0017545876856123,-0.0102834434217978,-0.0251960890129438,-0.0175276249173352,-0.0090875576551951,-0.0054495016592195,0.0017545876856123,0.019716556578202198,0.004803910987056199,1.0,1.0
326,54,1000,100,0.0117490146331383,0.0175799733524435,-0.0065296313051622,0.0016237153651816,-0.0128863442283736,-0.0269603297744106,-0.018250985366861698,-0.012420026647556499,-0.0065296313051622,0.0016237153651816,0.0171136557716264,0.003039670225589399,1.0,1.0
327,54,100,1,0.0202237537615762,0.0253063861367397,0.007080449552531,-0.0177687192807308,0.0199239578058882,-0.0070065144244043,-0.0097762462384238,-0.004693613863260299,0.007080449552531,-0.0177687192807308,0.049923957805888194,0.022993485575595697,1.0,0.625
328,54,100,10,0.0118257487263508,0.0204004292496574,-0.0052400393728935,0.0017841421627542,-0.0099953545462531,-0.0285662803220062,-0.0181742512736492,-0.009599570750342599,-0.0052400393728935,0.0017841421627542,0.0200046454537469,0.0014337196779938,1.0,1.0
329,54,100,100,0.0117299473718143,0.0172709489384972,-0.0058373630147469,0.0012890612245305,-0.0156873583249347,-0.0345613719321602,-0.0182700526281857,-0.012729051061502798,-0.0058373630147469,0.0012890612245305,0.0143126416750653,-0.004561371932160198,1.0,1.0
330,55,1000,1,0.0177518597322506,0.0119699752455442,-0.0040740284397727,0.0050467989325947,-0.0135345364795357,-0.0248869188284505,-0.0122481402677494,-0.0180300247544558,-0.0040740284397727,0.0050467989325947,0.0164654635204643,0.005113081171549499,1.0,1.0
331,55,1000,10,0.0190850443999844,0.0173686947177531,-0.0035624845688343,0.0028601139161742,-0.0150807129618998,-0.0229404120195786,-0.0109149556000156,-0.012631305282246898,-0.0035624845688343,0.0028601139161742,0.014919287038100198,0.007059587980421399,1.0,1.0
332,55,1000,100,0.0145932841200438,0.0162882774449373,-0.0046501423365933,0.00292324219159,-0.0119385825751332,-0.0284961278793857,-0.0154067158799562,-0.0137117225550627,-0.0046501423365933,0.00292324219159,0.018061417424866798,0.0015038721206142996,1.0,1.0
333,55,100,1,0.0289397045855815,-0.0081567773021302,-0.0072643948145278,0.0126643194627562,0.0124930667179622,-0.0706302869736428,-0.0010602954144184988,-0.0381567773021302,-0.0072643948145278,0.0126643194627562,0.0424930667179622,-0.04063028697364281,0.625,0.75
334,55,100,10,0.0192407801277128,0.0151811702053342,-0.004107414871786,0.0028064270744829,-0.0130854856572428,-0.0241709424700165,-0.010759219872287198,-0.014818829794665799,-0.004107414871786,0.0028064270744829,0.0169145143427572,0.0058290575299835,1.0,1.0
335,55,100,100,0.0150909105810392,0.0179881726507049,-0.0062269050023252,0.0041422304067005,-0.0088479120850353,-0.0407066517699967,-0.014909089418960799,-0.012011827349295099,-0.0062269050023252,0.0041422304067005,0.0211520879149647,-0.010706651769996703,1.0,1.0
336,56,1000,1,0.0099779835642073,0.020193512177318,-0.0024482089904592,0.0010579990984052,-0.0287564269707954,-0.0200398675690242,-0.020022016435792697,-0.009806487822681998,-0.0024482089904592,0.0010579990984052,0.0012435730292045984,0.0099601324309758,1.0,1.0
337,56,1000,10,0.0102160361591585,0.0191070650778329,-0.0028342419671222,0.00294433954422,-0.0260329609661151,-0.0215717292297835,-0.0197839638408415,-0.0108929349221671,-0.0028342419671222,0.00294433954422,0.0039670390338849,0.0084282707702165,1.0,1.0
338,56,1000,100,0.0072406078600065,0.0151181459510449,-0.003012958755076,0.0017090937957235,-0.0181306709136905,-0.0188198663346902,-0.0227593921399935,-0.014881854048955099,-0.003012958755076,0.0017090937957235,0.011869329086309499,0.011180133665309799,1.0,1.0
339,56,100,1,0.0104336685477735,0.0438920683186904,-0.0113008416229444,0.0116398469169257,-0.0080462842343334,-0.0162285451926949,-0.0195663314522265,0.013892068318690401,-0.0113008416229444,0.0116398469169257,0.021953715765666598,0.0137714548073051,0.875,0.875
340,56,100,10,0.0103672187089511,0.0187633831473995,-0.0031153255795784,0.0029260013592839,-0.027965165887347,-0.0238416056883285,-0.0196327812910489,-0.011236616852600499,-0.0031153255795784,0.0029260013592839,0.0020348341126529973,0.006158394311671499,1.0,1.0
341,56,100,100,0.0072274149326713,0.0172003371059785,-0.0033976484625979,0.0004839682508509,-0.018985685822552,-0.0217511869805705,-0.0227725850673287,-0.012799662894021499,-0.0033976484625979,0.0004839682508509,0.011014314177447998,0.0082488130194295,1.0,1.0
342,57,1000,1,0.0159849148981759,0.0129790710343065,0.0036394436531064,-0.0033120675657394,-0.0186777351272834,-0.0158473558728993,-0.014015085101824098,-0.0170209289656935,0.0036394436531064,-0.0033120675657394,0.011322264872716599,0.0141526441271007,1.0,1.0
343,57,1000,10,0.0108176453763866,0.0147761676661229,0.0047269548830596,-0.0001332998615456,-0.0232925355574533,-0.014760721581242,-0.0191823546236134,-0.0152238323338771,0.0047269548830596,-0.0001332998615456,0.0067074644425467005,0.015239278418757999,1.0,1.0
344,57,1000,100,0.0092694627944526,0.0128039273115357,0.0038923610810839,-2.3641029236832207e-05,-0.0255094288345574,-0.0137005868061597,-0.0207305372055474,-0.0171960726884643,0.0038923610810839,-2.3641029236832207e-05,0.004490571165442599,0.016299413193840297,1.0,1.0
345,57,100,1,0.0233580233054212,0.0139940640076457,0.013535191890014,-0.0014286462717026,-0.0464688060717179,-0.0170148147863976,-0.006641976694578798,-0.0160059359923543,0.013535191890014,-0.0014286462717026,-0.016468806071717898,0.0129851852136024,1.0,1.0
346,57,100,10,0.0119281492049945,0.0155573695298254,0.0047593340715525,-0.0004589927764072,-0.0239498510631602,-0.0155950090060581,-0.0180718507950055,-0.014442630470174599,0.0047593340715525,-0.0004589927764072,0.006050148936839798,0.014404990993941899,1.0,1.0
347,57,100,100,0.0074003916946791,0.0128987042823491,0.0048532469051165,-0.0004833348004297,-0.0267371226959486,-0.0114966335374116,-0.0225996083053209,-0.0171012957176509,0.0048532469051165,-0.0004833348004297,0.0032628773040513995,0.0185033664625884,1.0,1.0
348,58,1000,1,0.0275758153791535,0.0155879988837342,-0.0045847526211429,-0.0053430798541754,-0.0110481562434429,-0.0221218118750396,-0.0024241846208464986,-0.0144120011162658,-0.0045847526211429,-0.0053430798541754,0.018951843756557098,0.007878188124960397,1.0,1.0
349,58,1000,10,0.0201335115047811,0.0157692154520895,-0.0030951711719331,-0.0026880322532949,-0.0158125005655826,-0.0241900700381476,-0.0098664884952189,-0.014230784547910498,-0.0030951711719331,-0.0026880322532949,0.0141874994344174,0.005809929961852398,1.0,1.0
350,58,1000,100,0.0134326521583383,0.0146162728037045,-0.0002319933596827,-0.0021587581109242,-0.0093778481557862,-0.0226816357824349,-0.0165673478416617,-0.015383727196295499,-0.0002319933596827,-0.0021587581109242,0.0206221518442138,0.007318364217565099,1.0,1.0
351,58,100,1,0.0663400001502834,0.0140066338868105,-0.0105816525070092,-0.0097270597708829,0.0034342792131859,0.0149167521801534,0.03634000015028341,-0.0159933661131895,-0.0105816525070092,-0.0097270597708829,0.0334342792131859,0.044916752180153396,0.875,0.375
352,58,100,10,0.0211344631699441,0.0163320773844178,-0.0017736755280128,-0.0017396712112429,-0.0161884316861422,-0.028379793247346,-0.0088655368300559,-0.013667922615582199,-0.0017736755280128,-0.0017396712112429,0.0138115683138578,0.0016202067526539972,1.0,1.0
353,58,100,100,0.0136123245553489,0.0149130127973219,0.0018527304330146,-0.0014970297247267,-0.0118309072573902,-0.0222893847766234,-0.016387675444651098,-0.0150869872026781,0.0018527304330146,-0.0014970297247267,0.018169092742609798,0.007710615223376599,1.0,1.0
354,59,1000,1,0.0125832476957102,0.0132676133199648,0.0050607442586389,-1.5772025495761e-05,-0.0222337103504993,-0.0214635837382275,-0.0174167523042898,-0.016732386680035197,0.0050607442586389,-1.5772025495761e-05,0.007766289649500699,0.008536416261772498,1.0,1.0
355,59,1000,10,0.0137713343168495,0.0121465168341955,0.0074786794401499,-0.0007595826821215,-0.0223550163150978,-0.0246031669869395,-0.016228665683150498,-0.0178534831658045,0.0074786794401499,-0.0007595826821215,0.0076449836849021985,0.005396833013060497,1.0,1.0
356,59,1000,100,0.0126482465886858,0.0094513155378937,0.0085635543714373,-0.0016167399524426,-0.0220072222866972,-0.0291986725775391,-0.0173517534113142,-0.0205486844621063,0.0085635543714373,-0.0016167399524426,0.007992777713302798,0.0008013274224609006,1.0,1.0
357,59,100,1,0.0284632633518758,-0.0054223944322224,0.009484119629952,-0.0014860380594658,-0.0331058489988348,-0.0245941547121622,-0.0015367366481242005,-0.0354223944322224,0.009484119629952,-0.0014860380594658,-0.003105848998834801,0.005405845287837798,0.75,1.0
358,59,100,10,0.0136309387524518,0.0114765853071972,0.0076013942083143,-0.0007646893495051,-0.0219835848670571,-0.0266198508247915,-0.0163690612475482,-0.0185234146928028,0.0076013942083143,-0.0007646893495051,0.008016415132942899,0.0033801491752084994,1.0,1.0
359,59,100,100,0.013668383636176,0.0086435914128481,0.0108715621448383,-0.0020382766717171,-0.0188822506806268,-0.040190970079826,-0.016331616363824,-0.021356408587151897,0.0108715621448383,-0.0020382766717171,0.011117749319373198,-0.010190970079826,0.875,1.0
360,60,1000,1,0.0110983827552059,0.0196364437252797,-0.0048635846886789,0.0018926677858918,-0.0230987846313073,-0.0111986423030245,-0.018901617244794097,-0.010363556274720298,-0.0048635846886789,0.0018926677858918,0.0069012153686927,0.0188013576969755,1.0,1.0
361,60,1000,10,0.0139621652812779,0.019503765619965,-0.0038108777251217,0.0003084130104919,-0.0213343969142943,-0.0139125809908268,-0.016037834718722097,-0.010496234380035,-0.0038108777251217,0.0003084130104919,0.0086656030857057,0.0160874190091732,1.0,1.0
362,60,1000,100,0.0103134559720874,0.0156719025210856,-0.0050968717451386,-0.0005145677074463,-0.0300354162037424,-0.0169607668153909,-0.0196865440279126,-0.0143280974789144,-0.0050968717451386,-0.0005145677074463,-3.541620374240134e-05,0.0130392331846091,1.0,1.0
363,60,100,1,0.0370216542212867,0.0362579606547847,-0.0087605712511725,0.0144901561443152,-0.0380768463996293,0.0087425555312698,0.0070216542212866995,0.006257960654784699,-0.0087605712511725,0.0144901561443152,-0.0080768463996293,0.0387425555312698,1.0,0.875
364,60,100,10,0.0133899717132788,0.0195052536651166,-0.0038125492291339,0.0012157450352988,-0.0211748599740781,-0.0144709440139002,-0.0166100282867212,-0.010494746334883398,-0.0038125492291339,0.0012157450352988,0.008825140025921899,0.015529055986099799,1.0,1.0
365,60,100,100,0.0098851718294568,0.0158110835924784,-0.0069650787677791,-0.0017382765384603,-0.0352843994151898,-0.0208367437969364,-0.0201148281705432,-0.0141889164075216,-0.0069650787677791,-0.0017382765384603,-0.005284399415189801,0.009163256203063599,1.0,1.0
366,61,1000,1,0.0174518742425191,0.0204155281214971,2.041739350931414e-05,0.0002630042368067,-0.0185482693639403,-0.0283729637871508,-0.012548125757480898,-0.0095844718785029,2.041739350931414e-05,0.0002630042368067,0.011451730636059698,0.0016270362128491984,1.0,1.0
367,61,1000,10,0.0173968626138954,0.0218723246033194,-0.0011163239216189,0.0023945877892142,-0.0186503341372241,-0.0247615538966481,-0.0126031373861046,-0.008127675396680599,-0.0011163239216189,0.0023945877892142,0.011349665862775898,0.005238446103351897,1.0,1.0
368,61,1000,100,0.0167845436044905,0.0162919241994542,-9.457260201931396e-05,0.0024542013896435,-0.021530461738178,-0.0212341874661805,-0.0132154563955095,-0.0137080758005458,-9.457260201931396e-05,0.0024542013896435,0.008469538261822,0.0087658125338195,1.0,1.0
369,61,100,1,0.0354063584047118,-0.002540359841382,-0.0041976432084251,-0.0028755679461025,-0.0177432059509998,-0.0032239443434869,0.005406358404711799,-0.032540359841382,-0.0041976432084251,-0.0028755679461025,0.012256794049000198,0.0267760556565131,1.0,0.875
370,61,100,10,0.016984802297081,0.0212481864384528,-0.0017569007129649,0.0016845978539306,-0.0165225549930163,-0.0240660278001034,-0.013015197702919,-0.008751813561547198,-0.0017569007129649,0.0016845978539306,0.0134774450069837,0.0059339721998965984,1.0,1.0
371,61,100,100,0.0165754041858733,0.0176502845067589,-0.0010330038532729,0.0020243913834107,-0.0167173110364747,-0.0225489650501802,-0.013424595814126698,-0.012349715493241098,-0.0010330038532729,0.0020243913834107,0.013282688963525299,0.007451034949819798,1.0,1.0
372,62,1000,1,0.0266942264275017,0.0157151046713593,-0.0052995650558901,0.008911476477722,-0.0413488730322094,-0.0236138285158143,-0.0033057735724983,-0.0142848953286407,-0.0052995650558901,0.008911476477722,-0.011348873032209404,0.006386171484185698,1.0,1.0
373,62,1000,10,0.0238890006743641,0.0166339595540916,-0.0049257708618427,0.0062804304727772,-0.0359818372896748,-0.0229266287792836,-0.006110999325635899,-0.0133660404459084,-0.0049257708618427,0.0062804304727772,-0.005981837289674802,0.0070733712207163985,1.0,1.0
374,62,1000,100,0.0180435772251801,0.0122313069263215,-0.0012783110590243,0.0054555029850264,-0.0319115113232751,-0.0180800101610903,-0.0119564227748199,-0.0177686930736785,-0.0012783110590243,0.0054555029850264,-0.0019115113232750988,0.011919989838909698,1.0,1.0
375,62,100,1,0.012583914960917,-0.0004882184018789,-0.0034328616425644,0.0110842833303417,-0.0556281635302003,-0.0409576109076656,-0.017416085039083,-0.0304882184018789,-0.0034328616425644,0.0110842833303417,-0.025628163530200303,-0.010957610907665602,0.875,1.0
376,62,100,10,0.0245875301186447,0.0167740588914846,-0.0039110471967243,0.0059753883788098,-0.0365686528275714,-0.0256524034019736,-0.005412469881355297,-0.0132259411085154,-0.0039110471967243,0.0059753883788098,-0.0065686528275714015,0.004347596598026398,1.0,1.0
377,62,100,100,0.019502760891002,0.0126240045497296,-0.0006538759226491,0.0059651040691714,-0.0310605961836961,-0.0221171872921825,-0.010497239108998,-0.0173759954502704,-0.0006538759226491,0.0059651040691714,-0.0010605961836961005,0.007882812707817499,1.0,1.0
378,63,1000,1,0.0232373611199368,0.0262793300902725,0.0010964256676786,-0.0004464372868852,-0.0170913606650329,-0.020363755993775,-0.006762638880063197,-0.0037206699097274976,0.0010964256676786,-0.0004464372868852,0.012908639334967099,0.009636244006224998,1.0,1.0
379,63,1000,10,0.0235362491446928,0.0239286007624035,-0.0036117140291831,-0.0017908180932605,-0.0157822656733392,-0.0187438117703484,-0.006463750855307197,-0.0060713992375965,-0.0036117140291831,-0.0017908180932605,0.014217734326660798,0.0112561882296516,1.0,1.0
380,63,1000,100,0.0190219673049161,0.0260379158915431,-0.0057491728483804,-0.0025078550567356,-0.0210884323880248,-0.0202977828797951,-0.010978032695083899,-0.003962084108456897,-0.0057491728483804,-0.0025078550567356,0.008911567611975198,0.009702217120204897,1.0,1.0
381,63,100,1,0.0260302337483345,0.0299156872146483,-0.0096837411417313,0.0133151249696566,0.0021023349036742,-0.0055729288719773,-0.0039697662516655005,-8.431278535169992e-05,-0.0096837411417313,0.0133151249696566,0.0321023349036742,0.024427071128022698,1.0,0.75
382,63,100,10,0.0238559193775284,0.0240878213781011,-0.0036227834484822,-0.0028186652261649,-0.0164717596687793,-0.0209402514758573,-0.006144080622471598,-0.0059121786218988975,-0.0036227834484822,-0.0028186652261649,0.0135282403312207,0.009059748524142697,1.0,1.0
383,63,100,100,0.018610119629548,0.0238453144915474,-0.006199265793073,-0.0028579304371728,-0.024724053906481,-0.0189210250132113,-0.011389880370452,-0.0061546855084525995,-0.006199265793073,-0.0028579304371728,0.005275946093518998,0.011078974986788698,1.0,1.0
384,64,1000,1,0.0183215173851543,0.018804374217347,-0.0012608770074205,-0.0008301899017469,-0.0107888885518936,-0.0203983202160537,-0.011678482614845699,-0.011195625782652999,-0.0012608770074205,-0.0008301899017469,0.0192111114481064,0.009601679783946299,1.0,1.0
385,64,1000,10,0.0186691075867271,0.0184117224847885,-0.0001050593685555,-0.0007685821434323,-0.0131696411562643,-0.0231033245438469,-0.011330892413272897,-0.0115882775152115,-0.0001050593685555,-0.0007685821434323,0.0168303588437357,0.006896675456153099,1.0,1.0
386,64,1000,100,0.0119961990971226,0.0149829176126741,-0.001649282135548,-0.0023395146205815,-0.0091810558535566,-0.0219131359384175,-0.018003800902877398,-0.015017082387325898,-0.001649282135548,-0.0023395146205815,0.020818944146443398,0.008086864061582499,1.0,1.0
387,64,100,1,0.0192469805370741,0.0172637136727587,-0.0050854411865609,0.0118316793443224,-0.0069169522752437,0.0042821231765326,-0.010753019462925898,-0.0127362863272413,-0.0050854411865609,0.0118316793443224,0.0230830477247563,0.0342821231765326,1.0,0.875
388,64,100,10,0.0194732136473684,0.0181346355852507,-0.0010004394811747,4.4217974215410966e-05,-0.0156099687132152,-0.0262570914571907,-0.010526786352631597,-0.011865364414749297,-0.0010004394811747,4.4217974215410966e-05,0.014390031286784798,0.003742908542809297,1.0,1.0
389,64,100,100,0.0126052313090354,0.015384577512691,-0.002892110972637,-0.0028055670504331,-0.0091603311201071,-0.0275232909763913,-0.0173947686909646,-0.014615422487308998,-0.002892110972637,-0.0028055670504331,0.0208396688798929,0.002476709023608699,1.0,1.0
390,65,1000,1,0.0210362006115807,0.0264990736368569,0.0030326758718658,-0.0055346778130773,-0.0339763063488656,-0.0270357952376296,-0.008963799388419298,-0.0035009263631431004,0.0030326758718658,-0.0055346778130773,-0.003976306348865602,0.0029642047623703975,1.0,1.0
391,65,1000,10,0.0188755044233701,0.0231521772499165,0.0041275864540393,-0.0055375800666199,-0.0321922497653401,-0.0260328058328114,-0.011124495576629898,-0.006847822750083499,0.0041275864540393,-0.0055375800666199,-0.002192249765340104,0.0039671941671886,1.0,1.0
392,65,1000,100,0.0088515787374438,0.0192947108570718,0.007488674868627,-0.0057469599160358,-0.0233081209586504,-0.0263081451077726,-0.0211484212625562,-0.0107052891429282,0.007488674868627,-0.0057469599160358,0.006691879041349599,0.0036918548922273975,1.0,1.0
393,65,100,1,0.0458729322713088,0.0388778211788769,0.0050383321877336,-0.0124371111340062,-0.0528233595806175,-0.0439049258713465,0.0158729322713088,0.0088778211788769,0.0050383321877336,-0.0124371111340062,-0.0228233595806175,-0.0139049258713465,1.0,1.0
394,65,100,10,0.018851114529781,0.0226667428455072,0.0049863794673119,-0.0056271958182259,-0.0328815740874674,-0.0275641510674247,-0.011148885470219,-0.0073332571544928,0.0049863794673119,-0.0056271958182259,-0.0028815740874673992,0.002435848932575299,1.0,1.0
395,65,100,100,0.0088968528763918,0.0177350747222248,0.0092863554902673,-0.0055705533452795,-0.0286425544460446,-0.0256996396664929,-0.0211031471236082,-0.012264925277775198,0.0092863554902673,-0.0055705533452795,0.0013574455539553977,0.0043003603335071,0.875,1.0
396,66,1000,1,0.0195741238564229,0.0287937692313673,-0.001583739211313,-0.0044368836347055,-0.0213469744243405,-0.010516993344011,-0.010425876143577099,-0.0012062307686326983,-0.001583739211313,-0.0044368836347055,0.008653025575659497,0.019483006655988996,1.0,1.0
397,66,1000,10,0.0179130599212639,0.0262385763448772,6.024468837394873e-06,-0.0052171698348018,-0.0211484811396723,-0.0115277259060951,-0.012086940078736098,-0.0037614236551227996,6.024468837394873e-06,-0.0052171698348018,0.008851518860327697,0.018472274093904898,1.0,1.0
398,66,1000,100,0.0151168586578192,0.0281762172914325,0.0029429016601401,-0.0038387974900653,-0.0265321197243275,-0.0129124562066485,-0.014883141342180798,-0.0018237827085674993,0.0029429016601401,-0.0038387974900653,0.0034678802756724983,0.0170875437933515,1.0,1.0
399,66,100,1,0.0230542418681814,0.0127927845135804,-0.0034474383676034,-0.0293286110015979,-0.0172377054198656,-0.0231386642615149,-0.0069457581318185975,-0.017207215486419597,-0.0034474383676034,-0.0293286110015979,0.0127622945801344,0.006861335738485099,1.0,0.75
400,66,100,10,0.0176423447808103,0.026684650063218,0.0007545462440189,-0.0047531084406047,-0.0201749579014894,-0.0103691100006929,-0.0123576552191897,-0.003315349936781998,0.0007545462440189,-0.0047531084406047,0.009825042098510598,0.0196308899993071,1.0,1.0
401,66,100,100,0.0158471287400186,0.028485831984031,0.0040240548216236,-0.0017415211279304,-0.0256440810857314,-0.0099579751424407,-0.014152871259981398,-0.0015141680159690002,0.0040240548216236,-0.0017415211279304,0.004355918914268599,0.0200420248575593,1.0,1.0
402,67,1000,1,0.0151364718194682,0.0204211285572998,-0.0030079462607569,-0.0033136416933374,-0.0130527950738822,-0.0132524464841135,-0.014863528180531799,-0.009578871442700199,-0.0030079462607569,-0.0033136416933374,0.0169472049261178,0.0167475535158865,1.0,1.0
403,67,1000,10,0.014243433170831,0.0191236056093098,-0.0028093960370395,-0.0051436759391413,-0.0138128119997506,-0.0178951322937973,-0.015756566829168997,-0.0108763943906902,-0.0028093960370395,-0.0051436759391413,0.0161871880002494,0.012104867706202699,1.0,1.0
404,67,1000,100,0.0139601543190165,0.0142011031618518,-0.0052412111996239,-0.0065266980167067,-0.0130179715088588,-0.0164409591710479,-0.0160398456809835,-0.015798896838148196,-0.0052412111996239,-0.0065266980167067,0.0169820284911412,0.0135590408289521,1.0,1.0
405,67,100,1,0.02969235701583,0.0224917460847059,-0.0022817716805839,-0.026040958067118,-0.0219598432509952,-0.0458550323297842,-0.0003076429841699993,-0.0075082539152941,-0.0022817716805839,-0.026040958067118,0.008040156749004799,-0.015855032329784198,1.0,0.875
406,67,100,10,0.0142004357443901,0.0187792524054119,-0.0025923318462122,-0.0053564981101922,-0.0142416348915001,-0.0199058315857248,-0.015799564255609896,-0.011220747594588097,-0.0025923318462122,-0.0053564981101922,0.0157583651084999,0.010094168414275198,1.0,1.0
407,67,100,100,0.012259240694198,0.0140344802300082,-0.0053209656554289,-0.0063015459593848,-0.018392647630599,-0.0157754369969859,-0.017740759305801997,-0.015965519769991797,-0.0053209656554289,-0.0063015459593848,0.011607352369400997,0.014224563003014098,1.0,1.0
408,68,1000,1,0.0128277032624917,0.0195528349067035,0.0032285487467955,0.0009025182103554,-0.0132460194950093,-0.0283309610065665,-0.0171722967375083,-0.0104471650932965,0.0032285487467955,0.0009025182103554,0.016753980504990697,0.0016690389934334998,1.0,1.0
409,68,1000,10,0.0139942104914582,0.0182234828929767,0.0013951284926341,-0.0005126616870845,-0.0130109442081573,-0.0259086979432402,-0.0160057895085418,-0.0117765171070233,0.0013951284926341,-0.0005126616870845,0.0169890557918427,0.0040913020567598,1.0,1.0
410,68,1000,100,0.0110784153255733,0.0101304396904066,0.0037860320636076,-0.000597783355574,-0.0122688927837821,-0.0202308390525434,-0.0189215846744267,-0.0198695603095934,0.0037860320636076,-0.000597783355574,0.0177311072162179,0.009769160947456598,1.0,1.0
411,68,100,1,0.0046414575296785,0.0234434745708115,0.0054925992712878,0.0094431337818987,-0.0223934515110461,-0.0464772028565855,-0.0253585424703215,-0.006556525429188498,0.0054925992712878,0.0094431337818987,0.007606548488953899,-0.0164772028565855,0.75,1.0
412,68,100,10,0.0134500602588546,0.0190588448094617,0.0020343587720786,-0.0006786896854684,-0.0121882491699786,-0.0261895344203282,-0.016549939741145398,-0.010941155190538298,0.0020343587720786,-0.0006786896854684,0.0178117508300214,0.003810465579671799,1.0,1.0
413,68,100,100,0.0117904684477471,0.0120473182512886,0.0033647514090575,-0.0014737210719404,-0.0095562061216063,-0.0214753120963112,-0.018209531552252897,-0.017952681748711397,0.0033647514090575,-0.0014737210719404,0.0204437938783937,0.0085246879036888,1.0,1.0
414,69,1000,1,0.0195632111740938,0.0238159405798607,-0.0009926207247299,0.0011908171460521,-0.0153089076207644,-0.0214429629911212,-0.0104367888259062,-0.0061840594201393005,-0.0009926207247299,0.0011908171460521,0.014691092379235599,0.0085570370088788,1.0,1.0
415,69,1000,10,0.0179645072598092,0.0242184017699915,0.0011282937533612,0.001748986636592,-0.0166428851311997,-0.021062920683922,-0.0120354927401908,-0.005781598230008497,0.0011282937533612,0.001748986636592,0.013357114868800299,0.008937079316077998,1.0,1.0
416,69,1000,100,0.013457353274818,0.018268818198078,-0.0024758283728444,0.0021586346042426,-0.0166590352573905,-0.0176516648236148,-0.016542646725182,-0.011731181801921998,-0.0024758283728444,0.0021586346042426,0.013340964742609498,0.0123483351763852,1.0,1.0
417,69,100,1,0.0167773568687645,0.0445133563520551,0.0148800844065241,-0.0230370447937072,-0.0335917130693231,-0.0270953388722318,-0.013222643131235497,0.014513356352055098,0.0148800844065241,-0.0230370447937072,-0.003591713069323099,0.002904661127768198,1.0,1.0
418,69,100,10,0.0193658098867851,0.0253018174940389,0.0003251440746415,0.0014880030439568,-0.0174111508710125,-0.0241004916404113,-0.010634190113214897,-0.004698182505961098,0.0003251440746415,0.0014880030439568,0.0125888491289875,0.0058995083595887,1.0,1.0
419,69,100,100,0.0152303014610235,0.0221382667231301,-0.0050557285724151,0.0017993951357451,-0.0188401581115381,-0.0232921359392253,-0.014769698538976498,-0.007861733276869898,-0.0050557285724151,0.0017993951357451,0.011159841888461898,0.006707864060774699,1.0,1.0
420,70,1000,1,0.0138439043949926,0.0235263216202555,-0.0030269054615951,0.0044783358452029,-0.013561226297367,-0.0171075295774874,-0.0161560956050074,-0.0064736783797445,-0.0030269054615951,0.0044783358452029,0.016438773702632997,0.012892470422512597,1.0,1.0
421,70,1000,10,0.0182067659240984,0.0217069027082718,-0.0033320345467923,0.0027220257034836,-0.0159997591035478,-0.0145276689272409,-0.011793234075901597,-0.0082930972917282,-0.0033320345467923,0.0027220257034836,0.014000240896452198,0.0154723310727591,1.0,1.0
422,70,1000,100,0.0158915391341086,0.0113792848553952,-0.0041401757484496,0.002134126375151,-0.0169320569333839,-0.0132986035782268,-0.0141084608658914,-0.018620715144604796,-0.0041401757484496,0.002134126375151,0.0130679430666161,0.0167013964217732,1.0,1.0
423,70,100,1,0.0137754272573122,0.0220211910961615,0.0090769273307478,0.0103468790712377,-0.00866874483232,-0.0270456943193654,-0.0162245727426878,-0.007978808903838498,0.0090769273307478,0.0103468790712377,0.02133125516768,0.002954305680634598,1.0,1.0
424,70,100,10,0.0191218849198275,0.021636634319346,-0.0021804301836144,0.0025174106880229,-0.0156691150250864,-0.0134011380704936,-0.010878115080172498,-0.008363365680654,-0.0021804301836144,0.0025174106880229,0.0143308849749136,0.0165988619295064,1.0,1.0
425,70,100,100,0.0166286869926653,0.0122941016194164,-0.0037687668111401,0.0026143048441306,-0.0166820139784278,-0.0100032575012011,-0.013371313007334698,-0.017705898380583597,-0.0037687668111401,0.0026143048441306,0.0133179860215722,0.0199967424987989,1.0,1.0
426,71,1000,1,0.0192802598193319,0.0211282035534268,0.002859843521253,-0.0016809515525231,-0.0204279908491202,-0.0314473556184811,-0.0107197401806681,-0.0088717964465732,0.002859843521253,-0.0016809515525231,0.009572009150879798,-0.001447355618481104,1.0,1.0
427,71,1000,10,0.0166125870164063,0.0175089774708835,0.0020586177623818,0.0016168786659943,-0.0177329127765873,-0.0268300307593194,-0.013387412983593697,-0.012491022529116498,0.0020586177623818,0.0016168786659943,0.012267087223412697,0.0031699692406805986,1.0,1.0
428,71,1000,100,0.018168737402073,0.0137822522416749,0.0010073929889257,0.0011308604782833,-0.0184371410977478,-0.0323664487874036,-0.011831262597926998,-0.0162177477583251,0.0010073929889257,0.0011308604782833,0.011562858902252199,-0.002366448787403601,1.0,1.0
429,71,100,1,0.0178223612408463,0.0285461860751039,0.0010644768668147,0.003663111428385,-0.0057762059506878,-0.078121772672249,-0.0121776387591537,-0.001453813924896099,0.0010644768668147,0.003663111428385,0.0242237940493122,-0.048121772672249,1.0,1.0
430,71,100,10,0.0155749021746045,0.0160719781479373,0.0019676212856217,0.0020624822613376,-0.0172043592165574,-0.0295324319183215,-0.014425097825395498,-0.0139280218520627,0.0019676212856217,0.0020624822613376,0.0127956407834426,0.00046756808167849884,1.0,1.0
431,71,100,100,0.0180158172803814,0.0146178380630671,-0.001123069657466,0.0009364070129617,-0.018843839467908,-0.0445638383589184,-0.0119841827196186,-0.0153821619369329,-0.001123069657466,0.0009364070129617,0.011156160532091997,-0.014563838358918405,1.0,1.0
432,72,1000,1,0.0151185068296379,0.0119312712760299,0.0023171148878607,0.0011371614747887,-0.0240065639231784,-0.0220173554177209,-0.014881493170362099,-0.0180687287239701,0.0023171148878607,0.0011371614747887,0.005993436076821599,0.0079826445822791,1.0,1.0
433,72,1000,10,0.0194924586493431,0.0130847517775219,-0.0001523252460199,0.0025745043397467,-0.0237731384515791,-0.0212589445218782,-0.010507541350656898,-0.0169152482224781,-0.0001523252460199,0.0025745043397467,0.006226861548420899,0.0087410554781218,1.0,1.0
434,72,1000,100,0.0176980554939785,0.0094837395503731,-0.0020608775012157,0.000192627596262,-0.0319807674907982,-0.0183867782157025,-0.012301944506021498,-0.0205162604496269,-0.0020608775012157,0.000192627596262,-0.001980767490798202,0.011613221784297498,1.0,1.0
435,72,100,1,0.0340479296381492,0.0240908737216522,-0.0182514443950881,0.0099490363420567,-0.0268541098097733,0.007792698868488,0.004047929638149199,-0.0059091262783478,-0.0182514443950881,0.0099490363420567,0.0031458901902266974,0.037792698868487996,1.0,0.875
436,72,100,10,0.0203350327336705,0.0133291242768255,0.0005369526115669,0.0016533371857537,-0.0238622100523965,-0.0211252451726242,-0.0096649672663295,-0.0166708757231745,0.0005369526115669,0.0016533371857537,0.0061377899476035,0.008874754827375798,1.0,1.0
437,72,100,100,0.0146014243823354,0.0084019474665174,-0.0016597049545398,-0.0008358955882041,-0.0341057288422375,-0.0174610145715373,-0.0153985756176646,-0.021598052533482598,-0.0016597049545398,-0.0008358955882041,-0.004105728842237498,0.012538985428462698,1.0,1.0
438,73,1000,1,0.0225727406386823,0.0153711836290135,-0.0025696219345786,-0.0029394923270414,-0.0214613132233412,-0.0180483567224822,-0.0074272593613177,-0.0146288163709865,-0.0025696219345786,-0.0029394923270414,0.0085386867766588,0.011951643277517798,1.0,1.0
439,73,1000,10,0.0206483047331079,0.0122604874756135,-0.0034126090794499,-0.0029822606464053,-0.0161106404523498,-0.0201132923734295,-0.009351695266892099,-0.0177395125243865,-0.0034126090794499,-0.0029822606464053,0.0138893595476502,0.009886707626570498,1.0,1.0
440,73,1000,100,0.0147612317604765,0.0071883784944428,-0.0030462178092996,-0.0041910397848321,-0.0192525110429635,-0.0221828627974231,-0.0152387682395235,-0.022811621505557197,-0.0030462178092996,-0.0041910397848321,0.010747488957036498,0.007817137202576898,1.0,1.0
441,73,100,1,0.0132590786773803,0.0045089227190217,-0.0026260852109858,-0.0024478760054077,-0.0486543808941277,-0.0056665445416727,-0.0167409213226197,-0.025491077280978297,-0.0026260852109858,-0.0024478760054077,-0.0186543808941277,0.0243334554583273,1.0,1.0
442,73,100,10,0.0215302486165631,0.0082976731414588,-0.0030711402970968,-0.001325833083957,-0.015432421561028,-0.0215751020658052,-0.008469751383436898,-0.021702326858541197,-0.0030711402970968,-0.001325833083957,0.014567578438971999,0.008424897934194799,1.0,1.0
443,73,100,100,0.0168896445161515,0.0034815525079041,-0.0028229315362996,-0.0017417526067152,-0.023442260335249,-0.024980725371265,-0.0131103554838485,-0.0265184474920959,-0.0028229315362996,-0.0017417526067152,0.006557739664750997,0.005019274628734999,1.0,1.0
444,74,1000,1,0.0201925721582333,0.0187954935565383,-0.0025777588863303,-0.0018934845900313,-0.019894700186732,-0.0214717481347355,-0.009807427841766699,-0.011204506443461697,-0.0025777588863303,-0.0018934845900313,0.010105299813268,0.0085282518652645,1.0,1.0
445,74,1000,10,0.0201045457488658,0.0189164203199516,-0.00093893206303,0.0010581337723828,-0.0166980408277136,-0.0215307681760218,-0.009895454251134198,-0.0110835796800484,-0.00093893206303,0.0010581337723828,0.013301959172286399,0.008469231823978199,1.0,1.0
446,74,1000,100,0.0174681160795455,0.014775003455392,-0.0031236870998275,-0.0012754112323333,-0.0182823685857137,-0.0239474346632233,-0.012531883920454498,-0.015224996544607999,-0.0031236870998275,-0.0012754112323333,0.011717631414286299,0.0060525653367767,1.0,1.0
447,74,100,1,0.0384925009239215,0.0320293556111413,-0.0083680547517717,-0.0036106548326279,-0.0142015807736418,-0.0198844873176972,0.008492500923921502,0.002029355611141301,-0.0083680547517717,-0.0036106548326279,0.015798419226358197,0.010115512682302798,1.0,1.0
448,74,100,10,0.0193923974621018,0.0196618109490539,-0.0008643042194132,0.0009926331798799,-0.0180821652753448,-0.0216148995758868,-0.010607602537898199,-0.0103381890509461,-0.0008643042194132,0.0009926331798799,0.011917834724655199,0.008385100424113199,1.0,1.0
449,74,100,100,0.0190185484239777,0.0153189042587032,-0.0025613392659395,-0.0011811391986699,-0.0193552294933584,-0.0218798967511302,-0.010981451576022299,-0.014681095741296798,-0.0025613392659395,-0.0011811391986699,0.010644770506641598,0.0081201032488698,1.0,1.0
450,75,1000,1,0.0194910693718781,0.0164003771732234,-0.0005538808822126,0.0017461922921882,-0.0225736114703464,-0.0174356370993068,-0.010508930628121898,-0.013599622826776597,-0.0005538808822126,0.0017461922921882,0.007426388529653598,0.0125643629006932,1.0,1.0
451,75,1000,10,0.0209926488856274,0.0145449248290095,-0.0015568528705104,0.0010768642646925,-0.0222199175683519,-0.0164650029936327,-0.009007351114372598,-0.015455075170990498,-0.0015568528705104,0.0010768642646925,0.0077800824316481,0.013534997006367299,1.0,1.0
452,75,1000,100,0.0162682733298473,0.0123409895778536,-0.0021868784864548,-0.0006624199100514,-0.0245097346091308,-0.0200209635162905,-0.0137317266701527,-0.017659010422146397,-0.0021868784864548,-0.0006624199100514,0.005490265390869199,0.0099790364837095,1.0,1.0
453,75,100,1,0.0313197135753544,0.0121185686572155,0.0041871039255983,0.016330852882264,-0.0355891322889466,0.0049368826138771,0.0013197135753544031,-0.0178814313427845,0.0041871039255983,0.016330852882264,-0.005589132288946599,0.0349368826138771,0.875,0.875
454,75,100,10,0.0221780328589827,0.0158946696311191,-0.0014624364217769,0.0018476866134993,-0.0227131291126809,-0.0149384628616048,-0.007821967141017298,-0.014105330368880897,-0.0014624364217769,0.0018476866134993,0.0072868708873190975,0.0150615371383952,1.0,1.0
455,75,100,100,0.0187654902993754,0.0117690545139612,-0.0012401163440778,-0.000696563798599,-0.0201755484859468,-0.0145939541896874,-0.0112345097006246,-0.018230945486038798,-0.0012401163440778,-0.000696563798599,0.009824451514053197,0.015406045810312598,1.0,1.0
456,76,1000,1,0.0223479901361666,0.0224610775189639,-0.0014724440792163,-0.004385823288331,-0.0182971278817094,-0.0182623828754485,-0.0076520098638333985,-0.0075389224810361,-0.0014724440792163,-0.004385823288331,0.011702872118290599,0.0117376171245515,1.0,1.0
457,76,1000,10,0.0245658071612321,0.0219134815948256,-0.0001983884370691,-0.002125217790292,-0.0157405688672319,-0.0191621702202754,-0.0054341928387679,-0.008086518405174398,-0.0001983884370691,-0.002125217790292,0.014259431132768098,0.010837829779724598,1.0,1.0
458,76,1000,100,0.0193632896002572,0.0223359110600941,-0.0020587532590049,-0.0048682141459839,-0.0106322005193563,-0.0122532191023994,-0.010636710399742798,-0.007664088939905899,-0.0020587532590049,-0.0048682141459839,0.019367799480643696,0.017746780897600598,1.0,1.0
459,76,100,1,0.0334317752094911,0.0296231459884831,-0.0021200869254829,0.0057361067543431,-0.0179226301393281,0.003944818702426,0.003431775209491103,-0.00037685401151689793,-0.0021200869254829,0.0057361067543431,0.0120773698606719,0.033944818702426,1.0,0.875
460,76,100,10,0.0237314804352287,0.0214588394180737,-0.000738094777804,-0.0029367970583676,-0.013600895868882,-0.0167560208698164,-0.006268519564771299,-0.008541160581926298,-0.000738094777804,-0.0029367970583676,0.016399104131118,0.0132439791301836,1.0,1.0
461,76,100,100,0.0187783291819114,0.0198470161138826,-0.0035489601778992,-0.0049701847986545,-0.0073222217704298,-0.0136820242667908,-0.0112216708180886,-0.010152983886117399,-0.0035489601778992,-0.0049701847986545,0.0226777782295702,0.0163179757332092,1.0,1.0
462,77,1000,1,0.017626930344907,0.0243280144570716,-0.006442370783364,0.0066627147984239,-0.0228172814596978,-0.0177733766350759,-0.012373069655092998,-0.005671985542928398,-0.006442370783364,0.0066627147984239,0.0071827185403022,0.0122266233649241,1.0,1.0
463,77,1000,10,0.0198304463936683,0.022709539396994,-0.002305652691128,0.0055170338835916,-0.0239696402033643,-0.0177942098254516,-0.010169553606331698,-0.007290460603005998,-0.002305652691128,0.0055170338835916,0.006030359796635697,0.012205790174548398,1.0,1.0
464,77,1000,100,0.0131811171900827,0.0205779040827369,-0.0029260254399812,0.0054172553837091,-0.0194020468441082,-0.0118823306885875,-0.0168188828099173,-0.009422095917263097,-0.0029260254399812,0.0054172553837091,0.0105979531558918,0.0181176693114125,1.0,1.0
465,77,100,1,0.0156453854625068,0.0069041306437661,-0.0001620944120236,0.0073684440152773,-0.0181270757931296,-0.0266334412248736,-0.014354614537493197,-0.023095869356233898,-0.0001620944120236,0.0073684440152773,0.0118729242068704,0.0033665587751263992,0.875,1.0
466,77,100,10,0.0199042424682758,0.0228072158531351,-0.0030823812222546,0.0070694746711992,-0.0263724611725378,-0.0182362588820204,-0.0100957575317242,-0.007192784146864899,-0.0030823812222546,0.0070694746711992,0.003627538827462199,0.0117637411179796,1.0,1.0
467,77,100,100,0.0160952900180839,0.0232991328731274,-0.0024099780510174,0.0055238756298019,-0.021695744398018,-0.012888177295004,-0.013904709981916098,-0.0067008671268725985,-0.0024099780510174,0.0055238756298019,0.008304255601981999,0.017111822704995998,1.0,1.0
468,78,1000,1,0.0118200834887746,0.0197267710935342,0.0005125172699361,-0.0034043979901214,-0.0168129421507009,-0.0182925149721637,-0.0181799165112254,-0.0102732289064658,0.0005125172699361,-0.0034043979901214,0.013187057849299098,0.0117074850278363,1.0,1.0
469,78,1000,10,0.0122363420816372,0.0178454246647867,0.0020927421627815,-0.0045431974472335,-0.015927294241351,-0.0152049939343876,-0.017763657918362798,-0.012154575335213299,0.0020927421627815,-0.0045431974472335,0.014072705758648999,0.014795006065612399,1.0,1.0
470,78,1000,100,0.010803173650279,0.0140609295234208,-0.0010458532911829,-0.0039998029293919,-0.018645662254747,-0.0200751684582207,-0.019196826349721,-0.0159390704765792,-0.0010458532911829,-0.0039998029293919,0.011354337745252997,0.0099248315417793,1.0,1.0
471,78,100,1,0.0112468626311228,0.0184407120136644,-0.0019676903534112,0.0018774239426967,-0.0245670809864381,-0.0378540825581336,-0.0187531373688772,-0.011559287986335598,-0.0019676903534112,0.0018774239426967,0.0054329190135618995,-0.0078540825581336,1.0,1.0
472,78,100,10,0.0117274502652271,0.0164302021437793,0.0026594597781051,-0.0060677188552067,-0.0154158657453374,-0.0177901216920217,-0.0182725497347729,-0.0135697978562207,0.0026594597781051,-0.0060677188552067,0.014584134254662599,0.0122098783079783,1.0,1.0
473,78,100,100,0.01181745762439,0.0147118587392852,-0.0013555075015987,-0.0047987231531139,-0.0175230637270626,-0.0229487733742352,-0.018182542375609997,-0.015288141260714799,-0.0013555075015987,-0.0047987231531139,0.0124769362729374,0.007051226625764798,1.0,1.0
474,79,1000,1,0.0231838124782242,0.01689046752853,0.0009415858087386,-0.0013846589129479,-0.0227360700791772,-0.0180705433311448,-0.0068161875217757975,-0.013109532471469999,0.0009415858087386,-0.0013846589129479,0.007263929920822799,0.011929456668855198,1.0,1.0
475,79,1000,10,0.0221699148380759,0.0173167545371102,0.0009294950988798,-0.0008384924691307,-0.0183952813253501,-0.01723364173339,-0.0078300851619241,-0.012683245462889799,0.0009294950988798,-0.0008384924691307,0.011604718674649898,0.01276635826661,1.0,1.0
476,79,1000,100,0.0172070569732146,0.0139022294995176,0.0001829458875164,-0.0008378857458542,-0.0126398500967552,-0.014997502689074,-0.012792943026785398,-0.0160977705004824,0.0001829458875164,-0.0008378857458542,0.017360149903244797,0.015002497310925999,1.0,1.0
477,79,100,1,0.0171516406376023,-0.0027687853471105,-0.0079367366112402,0.0017949581968611,-0.0096165744334802,-0.0243448200170405,-0.012848359362397699,-0.0327687853471105,-0.0079367366112402,0.0017949581968611,0.0203834255665198,0.005655179982959498,0.875,1.0
478,79,100,10,0.0215161587267195,0.0165624231940653,0.0010027012608381,-0.0015231498465543,-0.0189083800330136,-0.0177979955952297,-0.008483841273280498,-0.0134375768059347,0.0010027012608381,-0.0015231498465543,0.011091619966986398,0.0122020044047703,1.0,1.0
479,79,100,100,0.0161560337323364,0.0149727395877397,0.0008585261480698,-0.0034482963473772,-0.0088468575944826,-0.0190756547202557,-0.013843966267663599,-0.0150272604122603,0.0008585261480698,-0.0034482963473772,0.021153142405517397,0.0109243452797443,1.0,1.0
480,80,1000,1,0.0197939225811954,0.023604688077572,-0.0008909941754054,0.0046979744172575,-0.0151839206727961,-0.0211123350042079,-0.0102060774188046,-0.006395311922427999,-0.0008909941754054,0.0046979744172575,0.014816079327203899,0.008887664995792098,1.0,1.0
481,80,1000,10,0.0170956266845445,0.0252030161790651,1.8023058434657203e-06,0.004186370574353,-0.0138504719677055,-0.0206174757762602,-0.012904373315455499,-0.004796983820934898,1.8023058434657203e-06,0.004186370574353,0.016149528032294497,0.009382524223739797,1.0,1.0
482,80,1000,100,0.0122446065940275,0.0251179408318519,-8.96363066471481e-05,0.0056767310127126,-0.0133459895664217,-0.0188575630107917,-0.0177553934059725,-0.004882059168148097,-8.96363066471481e-05,0.0056767310127126,0.0166540104335783,0.011142436989208297,1.0,1.0
483,80,100,1,0.0067968689409641,-0.0027883015998952,-0.0141247852521592,-0.0056090844290363,-0.0359969584169714,-0.0173596227645494,-0.0232031310590359,-0.0327883015998952,-0.0141247852521592,-0.0056090844290363,-0.0059969584169713985,0.012640377235450598,1.0,1.0
484,80,100,10,0.0172138819238848,0.0234426830598095,-2.163116869941503e-05,0.0044950654309151,-0.0136628981897802,-0.021022338282567,-0.0127861180761152,-0.006557316940190499,-2.163116869941503e-05,0.0044950654309151,0.0163371018102198,0.008977661717433,1.0,1.0
485,80,100,100,0.0115202755637785,0.0168820365930886,0.000192027219028,0.0059085749791452,-0.013771040733468,-0.0193345438598566,-0.0184797244362215,-0.0131179634069114,0.000192027219028,0.0059085749791452,0.016228959266532,0.0106654561401434,1.0,1.0
486,81,1000,1,0.0158840035067906,0.0130538906750853,-0.006270101757548,-0.0033251396416896,-0.0247656868110096,-0.0161676432849305,-0.014115996493209399,-0.0169461093249147,-0.006270101757548,-0.0033251396416896,0.005234313188990401,0.013832356715069497,1.0,1.0
487,81,1000,10,0.0168917999166159,0.0175768635008593,-0.005852072421984,-0.0054832214003905,-0.0225760649791794,-0.0180016557837405,-0.013108200083384099,-0.012423136499140699,-0.005852072421984,-0.0054832214003905,0.007423935020820598,0.011998344216259497,1.0,1.0
488,81,1000,100,0.0143658981946938,0.0137675059267003,-0.0076540226540947,-0.006525940145327,-0.0189254630024248,-0.011325638575341,-0.0156341018053062,-0.0162324940732997,-0.0076540226540947,-0.006525940145327,0.011074536997575199,0.018674361424659,1.0,1.0
489,81,100,1,-0.0017553012802576,-0.0075924698238325,-0.023620837863734,-0.0269817263871121,-0.0221181680555942,-0.0224175921033614,-0.0317553012802576,-0.0375924698238325,-0.023620837863734,-0.0269817263871121,0.007881831944405799,0.0075824078966385995,1.0,0.5
490,81,100,10,0.0182001929298321,0.0191844366727515,-0.0061570935175369,-0.0053026313996508,-0.0230439272006724,-0.0189249915944294,-0.011799807070167898,-0.0108155633272485,-0.0061570935175369,-0.0053026313996508,0.006956072799327598,0.011075008405570599,1.0,1.0
491,81,100,100,0.0151620953889546,0.0164337224313031,-0.0065053296325742,-0.0060106978508359,-0.022008101423019,-0.0117042142011539,-0.014837904611045399,-0.0135662775686969,-0.0065053296325742,-0.0060106978508359,0.007991898576980998,0.0182957857988461,1.0,1.0
492,82,1000,1,0.0194524109285882,0.0216147660534372,-0.0006428219317469,-0.0041261190053562,-0.0150760234799296,-0.0258628531701012,-0.0105475890714118,-0.0083852339465628,-0.0006428219317469,-0.0041261190053562,0.014923976520070398,0.0041371468298988,1.0,1.0
493,82,1000,10,0.0174704792327226,0.0228435974245354,0.0026898316860992,-0.0007834174395938,-0.0164476505388036,-0.0332563568063237,-0.0125295207672774,-0.007156402575464599,0.0026898316860992,-0.0007834174395938,0.013552349461196399,-0.003256356806323704,1.0,1.0
494,82,1000,100,0.0153544409182766,0.0147090530741372,0.0032639840920618,0.0019087691566538,-0.0165605332633937,-0.0248847882319411,-0.0146455590817234,-0.0152909469258628,0.0032639840920618,0.0019087691566538,0.013439466736606297,0.005115211768058899,1.0,1.0
495,82,100,1,0.025622511388152,0.0087283269241335,0.0008055303913143,-0.0122611784191891,-0.0384565452868401,-0.0060913172229703,-0.004377488611847998,-0.0212716730758665,0.0008055303913143,-0.0122611784191891,-0.008456545286840103,0.023908682777029698,1.0,0.875
496,82,100,10,0.0190751108912322,0.0240794300987209,0.0026359990175941,-0.0013961825767497,-0.0156167151343317,-0.0339344870462628,-0.0109248891087678,-0.0059205699012791005,0.0026359990175941,-0.0013961825767497,0.014383284865668299,-0.0039344870462627995,1.0,1.0
497,82,100,100,0.0163062207341891,0.016232904002365,0.0037359218069438,0.0023091348661367,-0.0142850689316682,-0.0238311148396919,-0.013693779265810897,-0.013767095997634999,0.0037359218069438,0.0023091348661367,0.0157149310683318,0.006168885160308099,1.0,1.0
498,83,1000,1,0.0229385675261785,0.0175152353413434,-0.0038710331030665,0.0016004501597671,-0.0209067633674469,-0.0293282933292083,-0.007061432473821499,-0.0124847646586566,-0.0038710331030665,0.0016004501597671,0.009093236632553098,0.0006717066707916976,1.0,1.0
499,83,1000,10,0.0186854406544443,0.0160982399904457,-0.0035497988254918,0.0019601139653717,-0.0227117307140309,-0.0240459999933211,-0.0113145593455557,-0.013901760009554297,-0.0035497988254918,0.0019601139653717,0.007288269285969099,0.005954000006678898,1.0,1.0
500,83,1000,100,0.0197047813766347,0.0141031543217229,-0.0040364521470525,0.0015149761024363,-0.0258988516980195,-0.0245379965945148,-0.010295218623365299,-0.0158968456782771,-0.0040364521470525,0.0015149761024363,0.0041011483019804985,0.0054620034054851975,1.0,1.0
501,83,100,1,0.0282953739222282,0.0542764168336617,0.0085634906325823,0.0036182320404292,-0.0355365589309693,-0.0253208971835588,-0.0017046260777718002,0.024276416833661704,0.0085634906325823,0.0036182320404292,-0.005536558930969299,0.0046791028164412,1.0,1.0
502,83,100,10,0.019567632328272,0.0170884260630228,-0.0038688987617673,0.0030983434083613,-0.0208437592170231,-0.0271388914527957,-0.010432367671727998,-0.0129115739369772,-0.0038688987617673,0.0030983434083613,0.009156240782976898,0.0028611085472043003,1.0,1.0
503,83,100,100,0.0208658589401536,0.0163773630347731,-0.0060643279844277,-0.00076869854038,-0.0291275723944524,-0.0302097569442827,-0.0091341410598464,-0.013622636965226899,-0.0060643279844277,-0.00076869854038,0.0008724276055476002,-0.00020975694428270256,1.0,1.0
504,84,1000,1,0.0182285902460439,0.0214362908153141,-0.000346516162481,-0.0011353138679872,-0.0223314011571638,-0.0244322452975898,-0.011771409753956099,-0.008563709184685898,-0.000346516162481,-0.0011353138679872,0.007668598842836199,0.005567754702410201,1.0,1.0
505,84,1000,10,0.0178626510723646,0.0192257617782117,0.0002042772060071,-0.0026584063055719,-0.0181986263765959,-0.0230894160071074,-0.012137348927635398,-0.010774238221788298,0.0002042772060071,-0.0026584063055719,0.0118013736234041,0.006910583992892599,1.0,1.0
506,84,1000,100,0.0124319952739263,0.0120805916270462,-0.002862155186366,-0.0037019014719931,-0.0121412366578302,-0.0187254317615833,-0.0175680047260737,-0.017919408372953798,-0.002862155186366,-0.0037019014719931,0.0178587633421698,0.011274568238416698,1.0,1.0
507,84,100,1,0.0022307315960969,0.0294854398115353,-0.0105643076386211,0.0124515359298525,-0.0159704235814553,-0.0478502458067127,-0.027769268403903098,-0.0005145601884646994,-0.0105643076386211,0.0124515359298525,0.014029576418544697,-0.017850245806712704,0.875,1.0
508,84,100,10,0.018269329008877,0.0202180866119445,-0.0005253697072842,-0.0027546674354032,-0.018519563725164,-0.0237024544009719,-0.011730670991122998,-0.009781913388055497,-0.0005253697072842,-0.0027546674354032,0.011480436274835998,0.0062975455990281,1.0,1.0
509,84,100,100,0.0165169874639155,0.0147746938112555,-0.0035506236862085,-0.0051020010079851,-0.0134352164441741,-0.0196357370706691,-0.013483012536084499,-0.015225306188744498,-0.0035506236862085,-0.0051020010079851,0.0165647835558259,0.0103642629293309,1.0,1.0
510,85,1000,1,0.0099568549493091,0.0162142851236905,0.001377190934546,-0.0042032098990081,-0.0227577773023926,-0.0262605472315823,-0.0200431450506909,-0.013785714876309498,0.001377190934546,-0.0042032098990081,0.0072422226976073985,0.0037394527684176983,1.0,1.0
511,85,1000,10,0.0134233963679032,0.0189875477574136,0.0007421175202243,-0.0018068965494587,-0.0214410509701899,-0.0228035076132398,-0.0165766036320968,-0.011012452242586398,0.0007421175202243,-0.0018068965494587,0.008558949029810099,0.007196492386760199,1.0,1.0
512,85,1000,100,0.0105673512606411,0.0145873202083035,-0.00103048706014,-0.0046702075472521,-0.0154845569348454,-0.0208043381798451,-0.019432648739358897,-0.015412679791696499,-0.00103048706014,-0.0046702075472521,0.014515443065154598,0.0091956618201549,1.0,1.0
513,85,100,1,-0.0318296572594579,0.0467786086011812,-0.0096761896300606,-0.0057567904410322,-0.0798018764243377,-0.0573226320830995,-0.061829657259457896,0.016778608601181202,-0.0096761896300606,-0.0057567904410322,-0.0498018764243377,-0.0273226320830995,0.75,1.0
514,85,100,10,0.0157658915016781,0.0174142441954355,-4.736953972330778e-05,-0.0028851043073632,-0.022172625515734,-0.0237117852002415,-0.0142341084983219,-0.012585755804564499,-4.736953972330778e-05,-0.0028851043073632,0.007827374484266,0.006288214799758499,1.0,1.0
515,85,100,100,0.0139322024255676,0.0149513191285328,-0.0023462306321375,-0.0077690686434894,-0.0141174867461756,-0.0148940082254371,-0.0160677975744324,-0.015048680871467199,-0.0023462306321375,-0.0077690686434894,0.0158825132538244,0.015105991774562899,1.0,1.0
516,86,1000,1,0.0198596163034103,0.0135534152837115,0.0031380711141983,-0.0030077645213301,-0.0202420143048676,-0.0242354824694848,-0.010140383696589698,-0.0164465847162885,0.0031380711141983,-0.0030077645213301,0.0097579856951324,0.005764517530515198,1.0,1.0
517,86,1000,10,0.0152370661582049,0.0166900510385475,0.0031599788607102,-0.0013830176556479,-0.0232440195182428,-0.0206815251495785,-0.0147629338417951,-0.0133099489614525,0.0031599788607102,-0.0013830176556479,0.006755980481757198,0.009318474850421497,1.0,1.0
518,86,1000,100,0.0150598030449168,0.0146639276742671,0.0024098651230467,-0.0014682294660677,-0.0319081334636856,-0.0190075437079763,-0.0149401969550832,-0.015336072325732898,0.0024098651230467,-0.0014682294660677,-0.0019081334636856032,0.010992456292023698,1.0,1.0
519,86,100,1,-0.0037921281999348,0.0235573552484422,-0.0064333244284996,-0.0076479839626522,-0.0238334272598332,-0.037634381683282,-0.033792128199934796,-0.0064426447515577995,-0.0064333244284996,-0.0076479839626522,0.006166572740166798,-0.007634381683282003,1.0,1.0
520,86,100,10,0.017166336391532,0.0170881477446623,0.0038246048871377,-0.0012026136733358,-0.0233598431382063,-0.0224606517755309,-0.012833663608468,-0.0129118522553377,0.0038246048871377,-0.0012026136733358,0.0066401568617937,0.007539348224469097,1.0,1.0
521,86,100,100,0.0202948100990037,0.0165415112015291,0.0021283661093225,-0.0007892190183516,-0.0351112511788055,-0.0191612143221805,-0.009705189900996298,-0.013458488798470898,0.0021283661093225,-0.0007892190183516,-0.005111251178805502,0.010838785677819499,1.0,1.0
522,87,1000,1,0.0228822039143316,0.0171054097116949,-0.0012825839184699,0.003080697785239,-0.0220065928055247,-0.0133717899609525,-0.007117796085668399,-0.0128945902883051,-0.0012825839184699,0.003080697785239,0.007993407194475298,0.0166282100390475,1.0,1.0
523,87,1000,10,0.0191992469172059,0.0178941412171791,-0.0011146478085354,0.0046967175015713,-0.020557312905135,-0.0137285799223205,-0.010800753082794098,-0.012105858782820899,-0.0011146478085354,0.0046967175015713,0.009442687094865,0.016271420077679496,1.0,1.0
524,87,1000,100,0.0160077874104117,0.0128198799587858,-0.0009284126732041,0.003426008193883,-0.017572734653512,-0.0157995379238168,-0.013992212589588299,-0.0171801200412142,-0.0009284126732041,0.003426008193883,0.012427265346487998,0.0142004620761832,1.0,1.0
525,87,100,1,0.017481519965519,-0.001607166303504,-0.0217606408359719,0.0059906093212889,-0.0427710223097625,-0.0141758459300856,-0.012518480034481,-0.031607166303504,-0.0217606408359719,0.0059906093212889,-0.0127710223097625,0.0158241540699144,0.875,0.875
526,87,100,10,0.0202563498357126,0.0178416470307139,-0.0007966533289571,0.0055688507932614,-0.0209714053762137,-0.0135017335870996,-0.0097436501642874,-0.0121583529692861,-0.0007966533289571,0.0055688507932614,0.009028594623786298,0.0164982664129004,1.0,1.0
527,87,100,100,0.0135627084718493,0.0124681937566367,0.000613529583455,0.0031659327634034,-0.0191865402440178,-0.0157263300815272,-0.016437291528150696,-0.0175318062433633,0.000613529583455,0.0031659327634034,0.010813459755982198,0.0142736699184728,1.0,1.0
528,88,1000,1,0.0133228856587003,0.0167379032334124,0.0001350310869618,-0.0006571695688813,-0.0239041113477347,-0.0120820610247556,-0.016677114341299697,-0.0132620967665876,0.0001350310869618,-0.0006571695688813,0.006095888652265298,0.0179179389752444,1.0,1.0
529,88,1000,10,0.0138300565550424,0.0130650822539718,-0.0031005872758251,-0.0025807524643519,-0.0181485567200704,-0.0126133045365738,-0.016169943444957598,-0.0169349177460282,-0.0031005872758251,-0.0025807524643519,0.0118514432799296,0.0173866954634262,1.0,1.0
530,88,1000,100,0.0106025050284241,0.0139623886720379,-0.0031537784164517,-0.0033334249096237,-0.0178566364675619,-0.0160546000617877,-0.019397494971575897,-0.0160376113279621,-0.0031537784164517,-0.0033334249096237,0.012143363532438098,0.0139453999382123,1.0,1.0
531,88,100,1,0.0134223853535906,0.013151246097055,-0.0101161537871484,0.005964059570834,-0.0276977083962177,-0.0108868820967339,-0.0165776146464094,-0.016848753902944998,-0.0101161537871484,0.005964059570834,0.0023022916037823,0.0191131179032661,1.0,1.0
532,88,100,10,0.014023183093422,0.0132195992536001,-0.0028641355606161,-0.0024276237953389,-0.0173183108459013,-0.0118188645633383,-0.015976816906577998,-0.0167804007463999,-0.0028641355606161,-0.0024276237953389,0.012681689154098699,0.0181811354366617,1.0,1.0
533,88,100,100,0.0103728530816756,0.0149501201318172,-0.0044170769073877,-0.0043177495913144,-0.016963844964867,-0.0137355830208839,-0.0196271469183244,-0.015049879868182799,-0.0044170769073877,-0.0043177495913144,0.013036155035132998,0.016264416979116098,1.0,1.0
534,89,1000,1,0.0256711667961537,0.0182033483942385,0.0059137185061229,0.0005663137452774,-0.0231528076789435,-0.007791257105372,-0.004328833203846298,-0.011796651605761498,0.0059137185061229,0.0005663137452774,0.006847192321056499,0.022208742894628,1.0,1.0
535,89,1000,10,0.0254571246345302,0.0161047246077425,0.004346703291554,-0.0009372213467888,-0.0188177019434952,-0.0127079230879566,-0.0045428753654697986,-0.0138952753922575,0.004346703291554,-0.0009372213467888,0.011182298056504798,0.0172920769120434,1.0,1.0
536,89,1000,100,0.0195095386348525,0.0129807419424747,0.0027367930988185,-0.0020360728139133,-0.0163770623401167,-0.0144431884129359,-0.010490461365147499,-0.0170192580575253,0.0027367930988185,-0.0020360728139133,0.013622937659883299,0.015556811587064099,1.0,1.0
537,89,100,1,0.0317846963373518,0.0038830251393543,0.0085332139629108,0.0222169650470889,-0.0314481511657723,-0.0022974882914675,0.0017846963373518016,-0.026116974860645698,0.0085332139629108,0.0222169650470889,-0.0014481511657723004,0.0277025117085325,0.75,1.0
538,89,100,10,0.0257499276360582,0.016818866301284,0.0043615212977409,-0.0019033043598795,-0.0175673446391807,-0.0120135169077685,-0.004250072363941797,-0.013181133698716,0.0043615212977409,-0.0019033043598795,0.012432655360819299,0.017986483092231498,1.0,1.0
539,89,100,100,0.0179942289283334,0.015337041211545,0.0035586676620311,-0.0019849187498652,-0.0119153494048564,-0.0147509880144775,-0.012005771071666598,-0.014662958788455,0.0035586676620311,-0.0019849187498652,0.0180846505951436,0.015249011985522498,1.0,1.0
540,90,1000,1,0.014315629947149,0.0234782577116857,0.0009021558215796,0.0072535502687016,-0.0143710485187509,-0.0256063495173115,-0.015684370052850997,-0.0065217422883143,0.0009021558215796,0.0072535502687016,0.015628951481249098,0.004393650482688499,1.0,1.0
541,90,1000,10,0.0132903298302368,0.0219614829391924,0.000955641829215,0.0034611469760585,-0.0188458717050827,-0.0225145455050749,-0.0167096701697632,-0.0080385170608076,0.000955641829215,0.0034611469760585,0.011154128294917298,0.0074854544949251,1.0,1.0
542,90,1000,100,0.0122258927675389,0.0159488892884833,0.0005718510253672,0.0005879559616756,-0.0131928164786321,-0.0181034775336186,-0.017774107232461096,-0.014051110711516698,0.0005718510253672,0.0005879559616756,0.016807183521367897,0.011896522466381398,1.0,1.0
543,90,100,1,0.0246593863314479,0.0186185466233234,0.0074402419190149,-0.0004029819957506,-0.0049942993225427,-0.0425584692798393,-0.0053406136685521,-0.0113814533766766,0.0074402419190149,-0.0004029819957506,0.025005700677457297,-0.0125584692798393,1.0,1.0
544,90,100,10,0.0131970079430891,0.0218839709906875,0.0010586181967478,0.0037136604189374,-0.0187568334455889,-0.0206917236838963,-0.0168029920569109,-0.008116029009312499,0.0010586181967478,0.0037136604189374,0.0112431665544111,0.0093082763161037,1.0,1.0
545,90,100,100,0.012034230656111,0.0149940991306211,-0.0004640142483852,0.001573497486558,-0.0132560036037804,-0.014920274666275,-0.017965769343889,-0.0150059008693789,-0.0004640142483852,0.001573497486558,0.0167439963962196,0.015079725333725,1.0,1.0
546,91,1000,1,0.0205743869413399,0.0170634764950249,0.0018445443410528,-0.0002792898865552,-0.0144148624344717,-0.0213058236823089,-0.0094256130586601,-0.012936523504975098,0.0018445443410528,-0.0002792898865552,0.015585137565528298,0.0086941763176911,1.0,1.0
547,91,1000,10,0.0201883713423917,0.0184050138088741,0.0023845855766953,-0.0026211232820791,-0.0199831227013335,-0.0174945132271768,-0.0098116286576083,-0.011594986191125898,0.0023845855766953,-0.0026211232820791,0.010016877298666498,0.012505486772823197,1.0,1.0
548,91,1000,100,0.012425183696373,0.0117300499079335,0.0002680168450464,-0.0018498169076353,-0.0134343696068445,-0.0133117644772479,-0.017574816303627,-0.0182699500920665,0.0002680168450464,-0.0018498169076353,0.0165656303931555,0.0166882355227521,1.0,1.0
549,91,100,1,0.0103762738039387,0.0135374981352531,-0.0036235847437333,-0.0017843265828633,-0.0034521513813892,-0.0369235397483723,-0.0196237261960613,-0.016462501864746897,-0.0036235847437333,-0.0017843265828633,0.0265478486186108,-0.006923539748372301,1.0,0.875
550,91,100,10,0.0205563413086025,0.0182261571526189,0.0028760843167242,-0.0023379856334746,-0.0219356154060159,-0.016698011296148,-0.009443658691397499,-0.011773842847381099,0.0028760843167242,-0.0023379856334746,0.008064384593984099,0.013301988703851998,1.0,1.0
551,91,100,100,0.0110115625863956,0.0109703008294551,-0.0012342638761877,-0.0014864331086615,-0.0139549334885767,-0.0106726126145379,-0.018988437413604398,-0.019029699170544898,-0.0012342638761877,-0.0014864331086615,0.0160450665114233,0.0193273873854621,1.0,1.0
552,92,1000,1,0.023017743669647,0.0179597685097184,0.005096546821704,-0.0038724202164262,-0.0197526641709305,-0.0183571560787492,-0.006982256330352998,-0.012040231490281599,0.005096546821704,-0.0038724202164262,0.0102473358290695,0.011642843921250798,1.0,1.0
553,92,1000,10,0.0198636755604904,0.017370275789652,0.0019379787295277,-0.0046660416763563,-0.0206869121652875,-0.0171226414282471,-0.010136324439509597,-0.012629724210347998,0.0019379787295277,-0.0046660416763563,0.009313087834712498,0.0128773585717529,1.0,1.0
554,92,1000,100,0.0138473577464919,0.0109367323016008,0.0017149012032263,-0.003075151739501,-0.0211267650640169,-0.0136124586849783,-0.016152642253508098,-0.0190632676983992,0.0017149012032263,-0.003075151739501,0.008873234935983097,0.016387541315021698,1.0,1.0
555,92,100,1,0.0046210481136164,0.0164728057658746,0.0206817305525691,-0.0098834633990951,-0.0315699276559056,-0.0413713978775332,-0.0253789518863836,-0.013527194234125399,0.0206817305525691,-0.0098834633990951,-0.0015699276559055994,-0.011371397877533204,0.75,1.0
556,92,100,10,0.0208499986012908,0.0174688081501407,0.0020161401145234,-0.0055836839288441,-0.0197238450915197,-0.0178381932980469,-0.009150001398709199,-0.012531191849859298,0.0020161401145234,-0.0055836839288441,0.0102761549084803,0.0121618067019531,1.0,1.0
557,92,100,100,0.0134196374705531,0.0085992106596384,0.0025993185401228,-0.0049527627000787,-0.0208675234528389,-0.0140130816981538,-0.016580362529446897,-0.021400789340361596,0.0025993185401228,-0.0049527627000787,0.009132476547161098,0.015986918301846197,1.0,1.0
558,93,1000,1,0.0217624446920318,0.0217154161871622,-0.00328249965566,0.0010356077257026,-0.0273582732320175,-0.0271917861537073,-0.0082375553079682,-0.008284583812837799,-0.00328249965566,0.0010356077257026,0.0026417267679824975,0.0028082138462926995,1.0,1.0
559,93,1000,10,0.0240757244846051,0.0221514616554166,-0.0019785237790993,0.0016255156996191,-0.0237749863683926,-0.025289147106218,-0.0059242755153949,-0.007848538344583399,-0.0019785237790993,0.0016255156996191,0.0062250136316074,0.004710852893781998,1.0,1.0
560,93,1000,100,0.0141073294907482,0.0229212712887198,0.0020991041605457,-0.0017381226825296,-0.0220079819365244,-0.029744151217013,-0.015892670509251798,-0.007078728711280197,0.0020991041605457,-0.0017381226825296,0.0079920180634756,0.00025584878298699765,1.0,1.0
561,93,100,1,0.0199781750686287,0.036718697581555,0.0089826842337834,-0.0113904994440385,-0.0181130217175816,-0.0429689645415329,-0.010021824931371298,0.006718697581555001,0.0089826842337834,-0.0113904994440385,0.0118869782824184,-0.012968964541532901,1.0,1.0
562,93,100,10,0.0239663197707592,0.0231122170319017,-0.0009362638851108,0.0012944580108625,-0.0244437798259801,-0.0256595879063534,-0.0060336802292407996,-0.006887782968098298,-0.0009362638851108,0.0012944580108625,0.0055562201740199,0.004340412093646599,1.0,1.0
563,93,100,100,0.0109582423792357,0.0246903499385306,0.0028960752990705,-0.0033105202938276,-0.0174839095000569,-0.026393726924421,-0.0190417576207643,-0.005309650061469398,0.0028960752990705,-0.0033105202938276,0.012516090499943098,0.003606273075578998,1.0,1.0
564,94,1000,1,0.0205716420061123,0.0193551194394318,0.0029014088938922,-0.0069705397662342,-0.0176814896834248,-0.0136483345637483,-0.0094283579938877,-0.010644880560568198,0.0029014088938922,-0.0069705397662342,0.012318510316575198,0.0163516654362517,1.0,1.0
565,94,1000,10,0.021050711415797,0.0172963805084223,0.0006441614981985,-0.0029245190571463,-0.0223495880098758,-0.0198755808895251,-0.008949288584202998,-0.012703619491577698,0.0006441614981985,-0.0029245190571463,0.007650411990124197,0.0101244191104749,1.0,1.0
566,94,1000,100,0.0193618787041771,0.0120023600631689,0.0011653232132801,-0.0011563510083645,-0.0292318966921541,-0.025663732967589,-0.010638121295822898,-0.017997639936831098,0.0011653232132801,-0.0011563510083645,0.0007681033078458972,0.004336267032410999,1.0,1.0
567,94,100,1,0.0092838191133418,0.0219428283784773,0.004243476523551,-0.0198182943591724,-0.0399623515438115,-0.0526872300385398,-0.0207161808866582,-0.0080571716215227,0.004243476523551,-0.0198182943591724,-0.009962351543811504,-0.0226872300385398,1.0,1.0
568,94,100,10,0.0200040070162108,0.0176505657653115,0.0009136713901475,-0.0027841447792339,-0.0227052595275818,-0.0183888672021528,-0.009995992983789198,-0.012349434234688497,0.0009136713901475,-0.0027841447792339,0.007294740472418199,0.011611132797847198,1.0,1.0
569,94,100,100,0.0214923028299151,0.0129664533956563,0.0017024345856937,-0.0029862163750685,-0.0326231346315663,-0.0240622754058703,-0.008507697170084899,-0.017033546604343697,0.0017024345856937,-0.0029862163750685,-0.0026231346315662984,0.005937724594129699,1.0,1.0
570,95,1000,1,0.0261267868138734,0.018900796260789,-0.0003759343163313,0.0041000386382731,-0.0188924808132404,-0.025360060915024,-0.0038732131861266006,-0.011099203739211,-0.0003759343163313,0.0041000386382731,0.0111075191867596,0.004639939084975998,1.0,1.0
571,95,1000,10,0.0279796506860175,0.01696941366048,0.0026560729023999,0.003063060338188,-0.018265480728201,-0.0245878802932773,-0.0020203493139824974,-0.01303058633952,0.0026560729023999,0.003063060338188,0.011734519271798999,0.005412119706722698,1.0,1.0
572,95,1000,100,0.0180563266946574,0.011854836519865,0.0026142427270314,0.0022498310424272,-0.0185967539820012,-0.0200075632680035,-0.0119436733053426,-0.018145163480135,0.0026142427270314,0.0022498310424272,0.0114032460179988,0.009992436731996499,1.0,1.0
573,95,100,1,0.0153438528915272,0.0219331435510974,0.004516717984399,0.018652527143812,-0.0272809508058628,-0.0397152378412494,-0.014656147108472798,-0.0080668564489026,0.004516717984399,0.018652527143812,0.0027190491941372005,-0.009715237841249398,0.875,1.0
574,95,100,10,0.0276238575863518,0.0173358007446615,0.0031799424546126,0.0037978728185194,-0.0177168904872548,-0.0273305804538168,-0.0023761424136482003,-0.012664199255338498,0.0031799424546126,0.0037978728185194,0.012283109512745197,0.0026694195461831986,1.0,1.0
575,95,100,100,0.0159733369846034,0.0104159108921369,0.0024590675040309,0.0025511687650608,-0.0162360284952792,-0.0231892211552016,-0.014026663015396599,-0.0195840891078631,0.0024590675040309,0.0025511687650608,0.0137639715047208,0.006810778844798398,1.0,1.0
576,96,1000,1,0.0183852333277941,0.0299694564944393,0.0111280452128204,0.0019746887205511,-0.025354025610284,-0.0217442476876194,-0.011614766672205897,-3.05435055606984e-05,0.0111280452128204,0.0019746887205511,0.004645974389716,0.008255752312380599,1.0,1.0
577,96,1000,10,0.0188172331470356,0.0266927433531197,0.0076009975671934,-0.0011119659492557,-0.0207179080726653,-0.0192324576180874,-0.011182766852964397,-0.0033072566468802973,0.0076009975671934,-0.0011119659492557,0.009282091927334698,0.0107675423819126,1.0,1.0
578,96,1000,100,0.0174565256457671,0.0189634693902586,0.0060788746437301,-0.0012183697851708,-0.0211849140681048,-0.0201981254546534,-0.012543474354232899,-0.011036530609741399,0.0060788746437301,-0.0012183697851708,0.0088150859318952,0.0098018745453466,1.0,1.0
579,96,100,1,0.0359246120803456,0.0235236802056976,0.0049886910080132,0.0035072880939059,-0.0522179658133475,-0.0329357052302789,0.005924612080345601,-0.006476319794302399,0.0049886910080132,0.0035072880939059,-0.0222179658133475,-0.002935705230278904,1.0,1.0
580,96,100,10,0.0199809764676508,0.0254234110108232,0.0078540679003005,-0.0028478803718941,-0.0203220297256959,-0.0188123072630572,-0.010019023532349198,-0.004576588989176799,0.0078540679003005,-0.0028478803718941,0.009677970274304098,0.011187692736942798,1.0,1.0
581,96,100,100,0.0162124322545629,0.0202438111727477,0.0049254305258334,-0.0029121848053781,-0.0199755786217591,-0.019009769659171,-0.013787567745437098,-0.0097561888272523,0.0049254305258334,-0.0029121848053781,0.010024421378240899,0.010990230340829,1.0,1.0
582,97,1000,1,0.0219324855628491,0.0125529219959714,-0.0030560351736303,0.0023355660201125,-0.0105318575224545,-0.0199217765063723,-0.0080675144371509,-0.017447078004028598,-0.0030560351736303,0.0023355660201125,0.019468142477545497,0.010078223493627698,1.0,1.0
583,97,1000,10,0.0227011866329725,0.0135766063331018,-0.0044999083307975,5.868269578376706e-05,-0.0111645674167562,-0.0188150078772495,-0.0072988133670275,-0.016423393666898198,-0.0044999083307975,5.868269578376706e-05,0.0188354325832438,0.011184992122750499,1.0,1.0
584,97,1000,100,0.0182222776681212,0.0103828359696936,-0.007018013532657,0.0012391790894415,-0.0107390396897671,-0.0194120096086063,-0.0117777223318788,-0.0196171640303064,-0.007018013532657,0.0012391790894415,0.0192609603102329,0.010587990391393697,1.0,1.0
585,97,100,1,0.0450238560659727,0.0096230147927643,-0.0081138151597398,0.0066221509435486,-0.0144096677335422,-0.0104065103143502,0.015023856065972702,-0.0203769852072357,-0.0081138151597398,0.0066221509435486,0.015590332266457799,0.0195934896856498,1.0,1.0
586,97,100,10,0.0228096473569487,0.014063691833591,-0.0037839284801989,-0.0004265196289812,-0.010263134380004,-0.019438107445311,-0.0071903526430513,-0.015936308166409,-0.0037839284801989,-0.0004265196289812,0.019736865619995998,0.010561892554689,1.0,1.0
587,97,100,100,0.017620370622944,0.0099305019796379,-0.0076811233948543,0.0017193287853997,-0.0102336751447752,-0.0213706067620388,-0.012379629377055997,-0.0200694980203621,-0.0076811233948543,0.0017193287853997,0.0197663248552248,0.008629393237961198,1.0,1.0
588,98,1000,1,0.017623906192643,0.0172732410992597,0.0019746779743189,-0.0107910603477111,-0.0218224894464432,-0.0148603711701815,-0.012376093807356998,-0.0127267589007403,0.0019746779743189,-0.0107910603477111,0.0081775105535568,0.015139628829818499,1.0,1.0
589,98,1000,10,0.0206249407519029,0.0170323429789135,0.0012927422357519,-0.0098441356516826,-0.0284820396524123,-0.015145225032563,-0.0093750592480971,-0.012967657021086498,0.0012927422357519,-0.0098441356516826,0.0015179603475877004,0.014854774967437,1.0,1.0
590,98,1000,100,0.0170672293451908,0.0121780216108203,-0.0010503481976007,-0.0127035340017566,-0.0162990322932108,-0.0127206208780587,-0.0129327706548092,-0.017821978389179698,-0.0010503481976007,-0.0127035340017566,0.013700967706789198,0.0172793791219413,1.0,1.0
591,98,100,1,0.0031994263375171,0.0284117543548866,0.0234295603745088,-0.0348723944460853,-0.0273418051969971,-0.021544606874318,-0.0268005736624829,-0.0015882456451133987,0.0234295603745088,-0.0348723944460853,0.0026581948030028994,0.008455393125681998,0.875,0.75
592,98,100,10,0.0211936330341166,0.0178419943537536,0.0027784135933602,-0.0099167689877146,-0.0293958122240411,-0.0146356962956331,-0.0088063669658834,-0.0121580056462464,0.0027784135933602,-0.0099167689877146,0.0006041877759589004,0.0153643037043669,1.0,1.0
593,98,100,100,0.0195647641560875,0.0159858269179597,-0.0009938221088045,-0.0133430845463811,-0.0132749322721669,-0.0086520104740997,-0.0104352358439125,-0.0140141730820403,-0.0009938221088045,-0.0133430845463811,0.0167250677278331,0.0213479895259003,1.0,0.75
594,99,1000,1,0.0179897325032317,0.0170488478816618,0.0009832696019194,0.0106329943302571,-0.0159962072551467,-0.0120611665858181,-0.012010267496768298,-0.012951152118338197,0.0009832696019194,0.0106329943302571,0.014003792744853298,0.0179388334141819,1.0,1.0
595,99,1000,10,0.0178040176508428,0.0203964983492931,0.004090930659249,0.0090381500666707,-0.0127747897818035,-0.0187786921713609,-0.012195982349157197,-0.009603501650706898,0.004090930659249,0.0090381500666707,0.0172252102181965,0.011221307828639098,1.0,1.0
596,99,1000,100,0.0111810515524798,0.0178657251466076,0.0021804116097807,0.0071440225610387,-0.0190610065842443,-0.0152665561116467,-0.018818948447520197,-0.012134274853392399,0.0021804116097807,0.0071440225610387,0.010938993415755698,0.0147334438883533,1.0,1.0
597,99,100,1,0.0382489644325688,0.0058458319770005,0.0040783100525122,0.0263435486197176,-0.0215438017472554,0.0158932496264165,0.008248964432568798,-0.0241541680229995,0.0040783100525122,0.0263435486197176,0.008456198252744598,0.0458932496264165,0.75,0.75
598,99,100,10,0.0194497504954153,0.0203742222043263,0.0048426153994675,0.0090400794116637,-0.0125688667892359,-0.0188292805442879,-0.010550249504584698,-0.009625777795673699,0.0048426153994675,0.0090400794116637,0.0174311332107641,0.011170719455712099,1.0,1.0
599,99,100,100,0.0121795762133499,0.018864310689394,0.0020445049995683,0.0062023433525935,-0.0225463747289994,-0.0154494177663316,-0.0178204237866501,-0.011135689310606,0.0020445049995683,0.0062023433525935,0.007453625271000599,0.014550582233668398,1.0,1.0
