0	250	0 1 0 1 1 0 0 0 0 0 0 0 1 0 0 0
0	250	1 1 0 0 1 0 0 0 0 0 0 0 0 0 1 0
0	250	0 1 0 0 0 1 0 0 1 0 0 0 0 0 1 0
0	250	0 0 1 0 0 0 0 0 0 1 0 0 0 1 0 0
10	142	0 1 0 1 1 0 0 0 0 0 0 0 1 0 0 0
10	212	1 1 0 0 1 0 0 0 0 0 0 0 0 0 1 0
10	146	0 1 0 0 0 1 0 0 1 0 0 0 0 0 1 0
10	227	0 0 1 0 0 0 0 0 0 1 0 0 0 1 0 0
10	19	0 1 0 1 1 0 0 0 1 0 0 0 0 0 1 0
10	11	0 1 0 0 0 1 0 0 1 0 0 0 0 0 0 0
10	9	0 0 1 0 0 0 0 0 0 1 0 0 0 0 1 0
10	8	0 1 0 1 1 0 0 0 0 0 0 0 1 0 0 1
10	10	0 1 0 0 0 1 0 1 1 0 0 0 0 0 1 0
10	4	0 0 1 0 0 0 0 0 0 1 0 0 1 1 0 0
10	9	0 0 1 0 0 1 0 0 0 1 0 0 0 1 0 0
10	7	1 1 0 0 0 0 0 0 0 1 0 0 1 1 0 0
10	5	0 0 1 0 0 0 0 0 0 0 0 0 0 0 1 0
10	10	1 1 0 0 1 0 0 0 0 0 0 1 0 0 1 0
10	3	1 1 0 0 0 0 0 0 0 0 0 0 0 0 1 0
10	5	0 1 0 1 1 0 1 0 0 0 0 0 1 0 0 0
10	5	0 1 0 1 0 0 0 0 0 0 0 0 1 0 0 0
10	6	1 1 0 0 1 0 0 0 0 0 0 0 0 1 1 0
10	14	1 0 1 0 0 0 0 0 0 1 0 0 0 1 0 0
10	6	0 0 1 0 0 0 1 0 0 1 0 0 0 1 0 0
10	4	0 0 1 0 0 1 0 0 0 1 0 0 0 0 1 0
10	8	0 1 0 0 0 0 0 0 0 1 0 0 0 1 0 0
10	3	0 1 0 1 1 0 0 0 1 0 0 0 1 0 0 0
10	9	0 1 0 0 0 1 0 0 1 0 0 0 0 0 1 1
10	8	0 0 1 0 0 0 0 0 0 1 0 1 0 1 0 0
10	2	0 1 0 0 0 1 0 1 1 0 1 0 0 0 1 0
10	4	0 0 1 0 0 1 0 0 0 0 0 0 1 0 0 0
10	5	1 1 0 0 1 0 0 0 0 0 1 0 0 0 1 0
10	5	0 0 1 1 0 0 0 0 0 1 0 0 0 1 0 0
10	2	0 1 0 0 0 1 0 0 1 1 1 0 0 0 1 0
10	7	0 1 1 0 0 0 1 0 0 1 0 0 0 1 0 0
10	5	0 1 0 1 1 0 0 0 0 0 0 0 0 1 0 0
10	4	0 1 0 0 1 0 0 0 0 0 0 0 0 0 1 0
10	3	1 1 0 0 1 0 0 0 1 0 0 0 0 0 1 1
10	2	1 1 0 0 1 0 0 0 0 0 0 0 1 0 0 0
10	2	0 1 0 0 0 1 0 0 1 1 0 0 0 1 0 0
10	4	0 1 0 0 0 1 0 0 1 0 0 0 1 0 0 0
10	1	0 1 0 0 0 1 0 0 0 0 0 0 0 0 1 0
10	5	0 0 1 0 0 0 0 0 0 1 0 0 0 1 1 0
10	3	1 1 0 0 0 0 0 0 0 0 0 0 0 0 0 0
10	2	1 0 0 1 1 0 0 0 0 0 0 0 1 0 0 0
10	3	0 1 0 0 1 0 0 0 0 0 0 0 1 0 0 0
10	4	1 1 1 0 1 0 0 0 0 0 0 0 0 0 1 0
10	4	0 0 1 0 0 0 0 0 0 1 1 0 0 1 0 0
10	1	0 1 0 0 1 0 0 0 0 0 0 0 1 0 0 1
10	1	0 0 1 0 0 1 0 0 0 0 0 0 0 0 1 0
10	15	0 1 1 0 0 0 1 0 0 1 0 0 0 0 0 0
10	3	0 1 0 1 1 0 0 0 0 0 0 0 1 0 1 0
10	3	1 1 0 0 1 0 0 0 0 0 0 0 0 0 1 1
10	1	1 1 0 0 1 0 0 1 0 0 0 0 0 0 1 0
10	1	1 1 0 0 1 0 0 0 0 0 0 0 0 0 0 0
10	1	0 1 0 0 0 1 0 0 1 1 0 0 0 0 1 0
10	3	0 1 1 0 0 1 0 0 0 0 0 0 0 0 1 0
10	1	0 1 0 1 1 0 0 0 0 0 0 0 0 0 1 0
10	2	1 1 0 1 1 0 0 0 0 0 0 0 1 0 0 0
10	1	1 1 0 0 1 0 0 0 0 1 0 0 0 1 0 0
10	3	0 1 0 1 1 0 0 0 0 1 0 0 1 0 0 0
10	1	0 1 1 1 1 0 0 0 0 0 0 0 1 0 0 0
10	1	0 1 0 0 1 1 0 0 1 0 0 0 0 0 1 0
10	3	0 1 0 0 0 1 0 0 1 0 0 0 1 0 1 0
10	1	0 0 1 0 1 0 0 0 0 1 0 0 0 1 0 0
10	1	0 0 1 0 0 0 0 0 0 1 0 1 1 1 0 0
20	87	0 1 0 1 1 0 0 0 0 0 0 0 1 0 0 0
20	132	1 1 0 0 1 0 0 0 0 0 0 0 0 0 1 0
20	62	0 1 0 0 0 1 0 0 1 0 0 0 0 0 1 0
20	254	0 0 1 0 0 0 0 0 0 1 0 0 0 1 0 0
20	7	0 1 0 1 1 0 0 0 1 0 0 0 0 0 1 0
20	17	0 0 1 0 0 0 0 0 0 1 0 0 0 0 1 0
20	3	0 1 0 1 1 0 0 0 0 0 0 0 1 0 0 1
20	1	0 1 0 0 0 1 0 1 1 0 0 0 0 0 1 0
20	5	0 0 1 0 0 0 0 0 0 1 0 0 1 1 0 0
20	29	0 0 1 0 0 1 0 0 0 1 0 0 0 1 0 0
20	11	1 1 0 0 0 0 0 0 0 1 0 0 1 1 0 0
20	13	0 0 1 0 0 0 0 0 0 0 0 0 0 0 1 0
20	11	1 1 0 0 1 0 0 0 0 0 0 1 0 0 1 0
20	7	1 1 0 0 0 0 0 0 0 0 0 0 0 0 1 0
20	4	0 1 0 1 1 0 1 0 0 0 0 0 1 0 0 0
20	5	0 1 0 1 0 0 0 0 0 0 0 0 1 0 0 0
20	12	1 1 0 0 1 0 0 0 0 0 0 0 0 1 1 0
20	48	1 0 1 0 0 0 0 0 0 1 0 0 0 1 0 0
20	8	0 1 0 0 0 0 0 0 0 1 0 0 0 1 0 0
20	4	0 1 0 1 1 0 0 0 1 0 0 0 1 0 0 0
20	2	0 1 0 0 0 1 0 0 1 0 0 0 0 0 1 1
20	32	0 0 1 0 0 0 0 0 0 1 0 1 0 1 0 0
20	9	0 0 1 0 0 1 0 0 0 0 0 0 1 0 0 0
20	13	0 0 1 1 0 0 0 0 0 1 0 0 0 1 0 0
20	2	0 1 0 0 0 1 0 0 1 0 0 0 1 0 0 0
20	3	0 1 0 0 0 1 0 0 0 0 0 0 0 0 1 0
20	5	0 0 1 0 0 0 0 0 0 1 0 0 0 1 1 0
20	4	1 1 1 0 1 0 0 0 0 0 0 0 0 0 1 0
20	14	0 1 1 0 0 0 1 0 0 1 0 0 0 0 0 0
20	1	1 1 0 0 1 0 0 1 0 0 0 0 0 0 1 0
20	2	1 1 0 0 1 0 0 0 0 0 0 0 0 0 0 0
20	6	0 1 1 0 0 1 0 0 0 0 0 0 0 0 1 0
20	1	0 1 0 1 1 0 0 0 0 0 0 0 0 0 1 0
20	2	1 1 0 1 1 0 0 0 0 0 0 0 1 0 0 0
20	19	0 1 0 1 1 0 0 0 0 1 0 0 1 0 0 0
20	1	0 1 0 0 0 1 0 0 1 0 0 0 1 0 1 0
20	3	0 0 1 0 1 0 0 0 0 1 0 0 0 1 0 0
20	9	0 0 1 0 0 0 0 0 0 1 0 1 1 1 0 0
20	11	0 1 0 1 1 0 0 0 1 1 0 0 0 1 0 0
20	8	0 1 0 1 0 1 0 0 0 0 0 0 1 0 0 0
20	6	0 1 0 1 1 0 1 0 1 0 0 0 0 0 1 0
20	11	0 1 0 1 1 0 1 0 0 0 0 0 1 1 0 0
20	2	1 1 0 0 1 0 1 0 0 0 0 0 0 0 1 0
20	1	0 0 1 0 0 0 0 0 0 1 0 0 1 0 1 0
20	6	0 1 1 1 1 0 0 0 0 0 0 0 1 0 0 0
20	10	0 1 1 0 0 0 0 0 0 1 0 0 0 1 0 0
20	9	0 0 1 0 0 0 0 0 0 1 0 1 0 1 1 0
20	2	1 1 0 0 1 0 0 0 0 0 0 0 0 1 0 0
20	4	0 1 0 1 1 0 0 1 0 0 0 0 1 0 0 0
20	2	0 1 0 0 0 0 0 0 0 1 0 1 0 1 0 0
20	5	1 1 0 0 1 0 0 0 1 0 0 0 0 0 1 0
20	3	0 0 0 1 1 0 0 0 0 0 0 0 1 0 0 1
20	4	0 0 1 0 0 0 0 1 0 0 0 0 0 0 1 0
20	4	1 0 1 0 0 0 0 0 0 1 0 1 0 1 0 0
20	2	0 0 1 0 0 0 0 0 0 0 0 0 0 1 0 0
20	3	0 1 0 0 0 0 0 0 0 1 0 0 1 1 0 0
20	3	0 0 1 1 0 0 1 0 0 1 0 0 0 1 0 0
20	3	1 1 0 1 0 0 0 0 0 0 0 0 1 0 0 0
20	2	1 1 0 0 1 0 0 1 0 0 1 0 0 0 1 0
20	4	0 1 0 1 0 0 0 1 0 0 0 1 1 0 0 0
20	3	0 1 0 1 1 0 0 0 0 1 0 0 0 1 0 0
20	5	1 1 0 0 1 0 0 0 0 0 0 0 1 0 0 0
20	1	0 0 1 0 0 0 0 0 1 0 0 0 0 0 1 0
20	2	0 0 1 0 0 1 0 0 0 1 0 0 1 0 0 0
20	4	0 1 1 0 0 0 1 0 0 1 0 0 0 1 0 0
20	1	1 1 0 0 1 0 0 0 1 0 0 0 0 1 0 0
20	1	1 0 0 0 1 0 0 0 0 0 0 0 0 0 1 0
20	7	0 0 0 0 0 1 0 0 1 0 0 0 0 0 1 0
20	3	1 1 0 1 1 0 1 0 0 0 0 0 1 0 0 0
20	2	1 1 0 0 0 0 0 0 0 1 0 0 0 1 0 0
20	1	1 1 0 0 1 0 0 0 0 0 0 0 0 0 1 1
20	1	0 0 1 0 0 0 0 0 1 1 0 1 0 1 0 0
20	3	0 1 0 1 1 0 0 0 0 0 0 1 0 0 1 0
20	1	1 1 0 1 1 0 0 0 0 1 0 0 1 0 0 0
20	1	0 1 0 0 0 0 0 0 0 0 0 0 0 1 0 0
20	1	0 0 1 0 1 0 0 0 0 0 0 0 0 0 1 0
20	2	0 0 1 0 1 0 0 0 0 0 0 1 0 0 1 0
20	2	1 1 0 0 1 0 0 0 0 1 0 0 0 1 0 0
20	2	1 0 1 0 0 0 0 0 0 1 0 0 1 1 0 0
20	2	0 0 1 0 0 0 0 0 0 1 1 0 0 1 0 0
20	2	1 1 0 0 1 1 0 0 0 0 0 1 0 0 1 0
30	41	0 1 0 1 1 0 0 0 0 0 0 0 1 0 0 0
30	52	1 1 0 0 1 0 0 0 0 0 0 0 0 0 1 0
30	35	0 1 0 0 0 1 0 0 1 0 0 0 0 0 1 0
30	287	0 0 1 0 0 0 0 0 0 1 0 0 0 1 0 0
30	1	0 1 0 1 1 0 0 0 1 0 0 0 0 0 1 0
30	3	0 0 1 0 0 0 0 0 0 1 0 0 0 0 1 0
30	5	0 1 0 0 0 1 0 1 1 0 0 0 0 0 1 0
30	22	0 0 1 0 0 0 0 0 0 1 0 0 1 1 0 0
30	28	0 0 1 0 0 1 0 0 0 1 0 0 0 1 0 0
30	2	0 0 1 0 0 0 0 0 0 0 0 0 0 0 1 0
30	1	1 1 0 0 1 0 0 0 0 0 0 1 0 0 1 0
30	2	1 1 0 0 0 0 0 0 0 0 0 0 0 0 1 0
30	18	1 1 0 0 1 0 0 0 0 0 0 0 0 1 1 0
30	112	1 0 1 0 0 0 0 0 0 1 0 0 0 1 0 0
30	6	0 1 0 0 0 0 0 0 0 1 0 0 0 1 0 0
30	16	0 0 1 0 0 0 0 0 0 1 0 1 0 1 0 0
30	28	0 0 1 0 0 1 0 0 0 0 0 0 1 0 0 0
30	13	0 0 1 1 0 0 0 0 0 1 0 0 0 1 0 0
30	7	0 1 0 0 0 1 0 0 0 0 0 0 0 0 1 0
30	7	1 1 1 0 1 0 0 0 0 0 0 0 0 0 1 0
30	6	0 1 1 0 0 0 1 0 0 1 0 0 0 0 0 0
30	4	0 1 1 0 0 1 0 0 0 0 0 0 0 0 1 0
30	20	0 0 1 0 1 0 0 0 0 1 0 0 0 1 0 0
30	12	0 0 1 0 0 0 0 0 0 1 0 1 1 1 0 0
30	16	0 1 0 1 1 0 0 0 1 1 0 0 0 1 0 0
30	6	0 1 0 1 0 1 0 0 0 0 0 0 1 0 0 0
30	1	0 1 0 1 1 0 1 0 1 0 0 0 0 0 1 0
30	5	0 0 1 0 0 0 0 0 0 1 0 0 1 0 1 0
30	8	0 1 1 1 1 0 0 0 0 0 0 0 1 0 0 0
30	28	0 1 1 0 0 0 0 0 0 1 0 0 0 1 0 0
30	2	0 1 0 1 1 0 0 1 0 0 0 0 1 0 0 0
30	7	1 1 0 0 1 0 0 0 1 0 0 0 0 0 1 0
30	10	1 0 1 0 0 0 0 0 0 1 0 1 0 1 0 0
30	2	0 1 0 0 0 0 0 0 0 1 0 0 1 1 0 0
30	17	0 0 1 1 0 0 1 0 0 1 0 0 0 1 0 0
30	1	0 1 0 1 1 0 0 0 0 1 0 0 0 1 0 0
30	18	1 1 0 0 1 0 0 0 0 0 0 0 1 0 0 0
30	7	0 0 0 0 0 1 0 0 1 0 0 0 0 0 1 0
30	5	1 1 0 0 1 0 1 0 0 0 0 0 0 1 0 0
30	8	0 1 0 0 0 1 1 0 0 0 0 0 0 0 1 0
30	14	0 0 1 0 0 0 0 0 0 1 0 0 0 0 0 0
30	2	0 1 0 0 0 1 0 0 1 0 0 1 0 0 1 0
30	5	0 0 1 0 0 0 0 0 0 1 0 0 0 1 0 1
30	4	0 1 1 0 0 0 0 0 0 1 0 1 0 1 0 0
30	10	0 0 0 1 1 0 0 0 0 0 0 0 1 0 0 0
30	1	1 0 1 0 0 0 0 0 0 1 0 0 0 0 0 0
30	6	0 0 1 0 0 0 0 0 0 1 0 1 1 0 0 0
30	7	0 0 0 0 0 0 0 0 0 1 0 0 0 1 0 0
30	13	1 0 1 0 0 0 0 0 0 1 0 0 0 1 1 0
30	4	1 0 1 0 0 0 0 0 0 1 1 0 0 1 0 0
30	1	1 1 0 1 1 0 1 0 0 0 0 0 0 0 1 0
30	3	1 0 1 0 0 0 0 0 0 1 0 0 1 0 0 0
30	2	0 1 0 1 1 0 0 0 1 0 1 0 0 0 1 0
30	3	0 1 0 1 1 0 0 0 0 0 0 0 0 0 1 0
30	5	1 1 0 0 1 0 0 0 0 1 0 0 0 1 0 0
30	3	0 1 0 0 0 1 0 0 1 0 0 0 0 1 0 0
30	1	1 0 1 0 0 0 0 0 0 0 0 0 0 0 1 0
30	4	1 1 0 0 1 0 0 0 0 0 0 0 0 0 0 0
30	8	1 1 0 0 1 0 0 0 0 0 1 0 0 0 1 0
30	3	0 0 1 0 0 0 0 0 1 1 0 0 0 1 0 0
30	1	0 0 0 1 1 0 0 0 0 0 0 1 1 0 0 0
30	2	1 1 1 0 0 0 0 0 0 1 0 0 0 1 0 0
30	1	0 1 0 1 1 0 0 0 1 1 0 0 0 0 1 0
30	3	0 1 0 0 1 0 0 0 0 0 0 0 0 0 1 0
30	1	1 1 0 1 0 1 0 0 1 0 0 0 0 0 1 0
30	1	0 0 1 0 0 1 0 0 0 0 0 1 1 0 0 0
30	3	0 0 1 0 0 0 0 0 0 1 0 0 0 1 1 0
30	2	1 1 0 0 0 0 0 0 0 0 0 0 0 0 0 0
30	1	1 1 1 0 1 0 0 0 0 0 0 0 0 1 0 0
30	2	1 1 1 0 1 0 0 0 0 0 0 0 0 1 1 0
30	1	0 1 1 1 1 0 0 0 0 0 0 0 1 1 0 0
30	3	1 0 0 0 1 0 0 0 0 0 0 0 0 0 1 0
30	1	0 0 1 0 0 1 0 0 0 1 0 0 0 1 1 0
30	1	1 1 0 0 1 0 0 0 0 0 0 1 0 0 0 0
30	1	0 1 0 0 0 1 0 0 0 1 0 0 0 1 0 0
30	3	0 0 1 0 0 0 0 0 1 1 0 1 0 1 0 0
30	1	0 0 1 1 0 1 0 0 0 1 0 0 0 1 0 0
30	2	0 0 0 0 0 0 0 0 0 1 0 1 1 1 0 0
30	1	0 1 0 1 0 1 0 0 0 1 0 0 1 0 0 0
30	1	1 0 1 0 0 0 0 0 1 1 1 0 0 1 0 0
40	25	0 1 0 1 1 0 0 0 0 0 0 0 1 0 0 0
40	44	1 1 0 0 1 0 0 0 0 0 0 0 0 0 1 0
40	3	0 1 0 0 0 1 0 0 1 0 0 0 0 0 1 0
40	264	0 0 1 0 0 0 0 0 0 1 0 0 0 1 0 0
40	5	0 0 1 0 0 0 0 0 0 1 0 0 0 0 1 0
40	18	0 0 1 0 0 0 0 0 0 1 0 0 1 1 0 0
40	37	0 0 1 0 0 1 0 0 0 1 0 0 0 1 0 0
40	25	1 1 0 0 1 0 0 0 0 0 0 0 0 1 1 0
40	141	1 0 1 0 0 0 0 0 0 1 0 0 0 1 0 0
40	2	0 1 0 0 0 0 0 0 0 1 0 0 0 1 0 0
40	14	0 0 1 0 0 0 0 0 0 1 0 1 0 1 0 0
40	5	0 0 1 0 0 1 0 0 0 0 0 0 1 0 0 0
40	27	0 0 1 1 0 0 0 0 0 1 0 0 0 1 0 0
40	1	0 1 0 0 0 1 0 0 0 0 0 0 0 0 1 0
40	32	1 1 1 0 1 0 0 0 0 0 0 0 0 0 1 0
40	11	0 1 1 0 0 1 0 0 0 0 0 0 0 0 1 0
40	29	0 0 1 0 1 0 0 0 0 1 0 0 0 1 0 0
40	10	0 0 1 0 0 0 0 0 0 1 0 1 1 1 0 0
40	4	0 1 0 1 1 0 0 0 1 1 0 0 0 1 0 0
40	12	0 1 1 1 1 0 0 0 0 0 0 0 1 0 0 0
40	32	0 1 1 0 0 0 0 0 0 1 0 0 0 1 0 0
40	11	1 0 1 0 0 0 0 0 0 1 0 1 0 1 0 0
40	17	0 0 1 1 0 0 1 0 0 1 0 0 0 1 0 0
40	4	0 1 0 1 1 0 0 0 0 1 0 0 0 1 0 0
40	1	1 1 0 0 1 0 0 0 0 0 0 0 1 0 0 0
40	3	0 1 0 0 0 1 1 0 0 0 0 0 0 0 1 0
40	5	0 0 1 0 0 0 0 0 0 1 0 0 0 0 0 0
40	7	0 0 1 0 0 0 0 0 0 1 0 0 0 1 0 1
40	10	0 0 0 0 0 0 0 0 0 1 0 0 0 1 0 0
40	8	1 0 1 0 0 0 0 0 0 1 0 0 0 1 1 0
40	2	0 1 0 1 1 0 0 0 1 0 1 0 0 0 1 0
40	11	1 1 0 0 1 0 0 0 0 0 1 0 0 0 1 0
40	2	0 0 1 0 0 0 0 0 1 1 0 0 0 1 0 0
40	6	1 1 1 0 0 0 0 0 0 1 0 0 0 1 0 0
40	9	0 0 1 0 0 0 0 0 0 1 0 0 0 1 1 0
40	7	0 0 1 1 0 1 0 0 0 1 0 0 0 1 0 0
40	5	1 0 1 0 0 0 0 0 1 1 1 0 0 1 0 0
40	7	1 1 0 0 1 0 0 0 0 1 0 0 0 0 0 0
40	2	0 1 0 1 1 0 0 0 0 0 1 0 1 0 0 0
40	5	1 1 0 1 1 0 0 0 0 0 0 0 0 0 1 0
40	3	0 0 1 0 0 1 0 0 0 0 0 0 0 1 0 0
40	1	1 1 1 0 1 0 0 0 0 0 0 0 0 0 1 1
40	1	1 1 0 0 1 0 0 0 0 0 1 0 0 1 1 0
40	1	1 1 1 0 0 0 0 0 0 0 0 0 0 1 1 0
40	4	1 0 1 0 0 1 0 0 0 1 0 0 0 1 0 0
40	3	0 0 1 0 0 0 0 1 0 1 0 1 0 1 0 0
40	3	0 1 1 0 0 1 0 0 0 0 0 0 1 0 0 0
40	26	1 1 1 0 1 0 0 0 1 0 0 1 0 0 1 0
40	2	0 1 1 0 0 1 0 0 0 0 0 0 1 0 1 0
40	19	1 1 0 1 1 0 0 0 0 0 0 0 0 1 0 0
40	1	1 0 1 0 1 0 0 0 0 1 0 0 0 1 0 0
40	5	0 0 1 0 0 0 0 0 0 0 0 0 1 0 0 0
40	5	0 0 1 0 0 1 0 0 0 0 0 0 0 0 1 0
40	2	0 1 1 1 1 0 0 0 0 0 0 0 1 1 0 0
40	3	0 1 0 0 0 1 0 0 1 0 0 0 0 1 0 0
40	3	0 1 0 0 0 1 0 0 1 0 0 0 1 1 0 0
40	1	0 0 1 0 0 0 0 0 1 1 0 1 1 1 0 0
40	1	0 1 1 0 0 0 0 0 1 1 0 0 0 1 0 0
40	1	1 0 1 0 0 1 0 0 0 1 0 0 1 1 0 0
40	2	0 0 1 0 0 1 0 0 0 1 0 0 0 0 1 0
40	2	1 1 0 0 1 0 0 0 1 1 0 1 1 1 0 0
40	6	0 1 0 0 1 0 0 0 0 0 0 0 0 0 1 0
40	1	0 0 1 0 0 1 0 0 0 1 0 0 0 1 1 0
40	2	1 1 0 0 1 0 0 0 0 0 0 0 1 0 0 1
40	3	0 0 1 0 0 1 0 0 0 1 0 0 0 0 0 0
40	1	0 0 1 1 1 0 0 0 0 1 0 0 0 1 0 0
40	3	0 0 0 0 0 0 0 1 0 1 0 0 0 1 0 0
40	2	0 0 1 1 0 1 0 1 0 1 0 0 0 1 0 0
40	4	0 0 1 0 1 0 0 0 0 0 0 0 0 0 1 0
40	1	1 0 1 0 0 0 0 0 0 0 0 0 0 0 1 0
40	4	1 1 0 1 1 0 0 0 0 1 0 0 0 1 0 0
40	1	1 1 0 0 1 1 0 0 0 0 0 0 0 1 1 0
40	4	1 0 1 0 0 0 0 0 0 0 0 0 0 1 0 0
40	3	1 0 1 0 0 0 1 0 0 1 0 0 0 1 0 0
40	2	0 0 1 0 0 0 0 0 0 1 1 0 0 1 0 1
40	1	1 1 0 0 1 0 0 0 0 0 0 1 0 1 0 0
40	3	1 1 1 0 0 1 0 0 0 1 0 0 0 1 0 0
40	1	0 0 1 0 0 0 0 0 1 1 0 0 1 1 0 0
40	2	0 0 1 0 0 1 0 0 0 1 0 1 0 1 0 0
40	2	0 1 0 0 0 0 0 0 0 1 0 1 0 1 0 0
40	1	1 1 1 0 0 0 0 0 0 1 0 0 0 1 1 0
40	1	1 1 1 0 0 1 0 0 0 1 0 0 1 1 0 0
50	28	0 1 0 1 1 0 0 0 0 0 0 0 1 0 0 0
50	17	1 1 0 0 1 0 0 0 0 0 0 0 0 0 1 0
50	182	0 0 1 0 0 0 0 0 0 1 0 0 0 1 0 0
50	15	0 0 1 0 0 0 0 0 0 1 0 0 1 1 0 0
50	28	0 0 1 0 0 1 0 0 0 1 0 0 0 1 0 0
50	28	1 1 0 0 1 0 0 0 0 0 0 0 0 1 1 0
50	140	1 0 1 0 0 0 0 0 0 1 0 0 0 1 0 0
50	15	0 0 1 0 0 0 0 0 0 1 0 1 0 1 0 0
50	50	0 0 1 1 0 0 0 0 0 1 0 0 0 1 0 0
50	43	1 1 1 0 1 0 0 0 0 0 0 0 0 0 1 0
50	19	0 1 1 0 0 1 0 0 0 0 0 0 0 0 1 0
50	27	0 0 1 0 1 0 0 0 0 1 0 0 0 1 0 0
50	9	0 0 1 0 0 0 0 0 0 1 0 1 1 1 0 0
50	15	0 1 1 1 1 0 0 0 0 0 0 0 1 0 0 0
50	24	0 1 1 0 0 0 0 0 0 1 0 0 0 1 0 0
50	4	1 0 1 0 0 0 0 0 0 1 0 1 0 1 0 0
50	4	0 1 0 1 1 0 0 0 0 1 0 0 0 1 0 0
50	6	0 1 0 0 0 1 1 0 0 0 0 0 0 0 1 0
50	26	0 0 1 0 0 0 0 0 0 1 0 0 0 0 0 0
50	5	1 1 0 0 1 0 0 0 0 0 1 0 0 0 1 0
50	10	1 1 1 0 0 0 0 0 0 1 0 0 0 1 0 0
50	5	0 0 1 0 0 0 0 0 0 1 0 0 0 1 1 0
50	11	0 0 1 1 0 1 0 0 0 1 0 0 0 1 0 0
50	6	1 0 1 0 0 0 0 0 1 1 1 0 0 1 0 0
50	3	1 1 0 1 1 0 0 0 0 0 0 0 0 0 1 0
50	13	0 0 1 0 0 1 0 0 0 0 0 0 0 1 0 0
50	3	1 1 1 0 1 0 0 0 0 0 0 0 0 0 1 1
50	5	1 0 1 0 0 1 0 0 0 1 0 0 0 1 0 0
50	3	0 0 1 0 0 0 0 1 0 1 0 1 0 1 0 0
50	1	0 1 1 0 0 1 0 0 0 0 0 0 1 0 0 0
50	34	1 1 1 0 1 0 0 0 1 0 0 1 0 0 1 0
50	5	1 1 0 1 1 0 0 0 0 0 0 0 0 1 0 0
50	3	0 0 1 0 0 1 0 0 0 0 0 0 0 0 1 0
50	15	0 1 1 1 1 0 0 0 0 0 0 0 1 1 0 0
50	8	0 1 0 0 1 0 0 0 0 0 0 0 0 0 1 0
50	1	0 0 1 0 0 1 0 0 0 1 0 0 0 0 0 0
50	4	0 0 1 0 1 0 0 0 0 0 0 0 0 0 1 0
50	22	1 0 1 0 0 0 1 0 0 1 0 0 0 1 0 0
50	2	0 0 1 0 0 1 0 0 0 1 0 1 0 1 0 0
50	17	1 0 1 0 0 0 0 0 0 1 0 0 0 1 0 1
50	8	0 1 1 0 0 1 0 0 0 0 0 0 0 0 0 0
50	21	0 0 1 0 1 0 0 0 0 1 0 0 0 1 1 0
50	8	0 1 1 1 0 0 1 0 0 1 0 0 0 1 0 0
50	7	0 1 1 0 1 0 0 0 1 0 0 1 0 0 1 0
50	2	1 1 1 0 1 0 0 0 1 0 0 1 1 0 0 0
50	2	0 1 0 1 1 1 0 0 0 0 0 0 1 0 0 0
50	12	0 0 1 0 1 0 0 0 0 0 0 0 0 1 0 0
50	2	1 1 1 0 1 0 0 0 1 0 0 0 0 1 0 0
50	3	0 0 1 0 0 0 0 0 0 1 0 0 0 1 0 1
50	3	0 0 1 0 0 0 0 0 0 0 0 0 0 1 0 0
50	3	1 1 0 0 1 0 0 0 0 1 0 0 0 1 1 0
50	1	1 1 0 1 1 1 0 0 0 0 0 0 0 0 1 0
50	1	0 0 1 0 0 1 0 0 0 1 0 0 1 1 0 0
50	3	1 0 1 0 0 0 0 0 0 0 0 0 0 0 1 0
50	2	1 1 0 0 1 0 0 0 0 1 0 0 0 1 0 0
50	8	0 0 1 0 0 0 0 1 0 1 0 0 0 0 1 0
50	7	1 0 1 0 0 0 0 0 0 0 0 0 0 1 0 0
50	9	1 1 1 0 1 0 0 0 0 0 0 0 0 1 1 0
50	2	1 0 1 0 0 1 0 0 0 1 1 0 1 1 0 0
50	4	1 1 1 0 1 0 0 0 0 0 0 0 1 1 0 0
50	1	1 1 1 0 1 0 0 0 0 1 0 0 0 1 0 0
50	2	1 0 1 0 0 0 0 1 0 1 0 0 0 1 0 0
50	1	0 1 0 0 0 1 0 0 0 0 0 0 0 0 1 0
50	4	0 1 1 0 0 0 0 0 0 1 0 0 0 0 0 0
50	2	1 1 1 0 0 0 0 0 0 1 0 1 0 1 0 0
50	1	1 0 1 0 1 0 1 0 0 1 0 0 0 1 0 0
50	2	0 1 1 0 0 1 0 0 0 1 0 0 0 1 0 0
50	1	1 0 1 0 0 0 0 0 0 1 0 0 0 0 0 0
50	1	1 0 1 0 0 0 0 0 0 1 1 0 0 1 0 0
50	1	1 1 1 0 1 0 0 0 0 0 0 1 0 0 1 0
50	4	0 0 1 0 1 0 0 0 0 1 0 0 0 0 0 0
50	4	1 1 1 0 1 0 0 1 1 0 0 1 0 0 1 0
50	1	1 0 1 0 0 1 0 0 0 1 1 0 1 1 0 1
50	1	1 1 0 1 1 0 0 0 0 0 0 0 1 1 0 0
50	1	1 1 1 0 1 0 0 0 1 0 0 1 0 1 0 0
50	1	1 1 1 0 1 0 0 0 0 1 0 0 0 1 1 0
50	1	0 0 1 0 0 0 0 0 0 1 1 0 0 1 0 0
50	3	1 0 1 1 0 0 0 0 0 1 0 0 0 1 0 0
50	2	1 1 1 1 1 0 0 0 0 0 0 0 0 0 1 0
50	2	1 0 1 0 0 0 0 0 0 0 0 1 0 1 0 0
60	8	0 1 0 1 1 0 0 0 0 0 0 0 1 0 0 0
60	12	1 1 0 0 1 0 0 0 0 0 0 0 0 0 1 0
60	148	0 0 1 0 0 0 0 0 0 1 0 0 0 1 0 0
60	8	0 0 1 0 0 0 0 0 0 1 0 0 1 1 0 0
60	62	0 0 1 0 0 1 0 0 0 1 0 0 0 1 0 0
60	14	1 1 0 0 1 0 0 0 0 0 0 0 0 1 1 0
60	124	1 0 1 0 0 0 0 0 0 1 0 0 0 1 0 0
60	7	0 0 1 0 0 0 0 0 0 1 0 1 0 1 0 0
60	74	0 0 1 1 0 0 0 0 0 1 0 0 0 1 0 0
60	29	1 1 1 0 1 0 0 0 0 0 0 0 0 0 1 0
60	40	0 0 1 0 1 0 0 0 0 1 0 0 0 1 0 0
60	1	0 0 1 0 0 0 0 0 0 1 0 1 1 1 0 0
60	15	0 1 1 1 1 0 0 0 0 0 0 0 1 0 0 0
60	25	0 1 1 0 0 0 0 0 0 1 0 0 0 1 0 0
60	32	0 0 1 0 0 0 0 0 0 1 0 0 0 0 0 0
60	2	1 1 0 0 1 0 0 0 0 0 1 0 0 0 1 0
60	13	1 1 1 0 0 0 0 0 0 1 0 0 0 1 0 0
60	3	0 0 1 1 0 1 0 0 0 1 0 0 0 1 0 0
60	2	0 0 1 0 0 1 0 0 0 0 0 0 0 1 0 0
60	18	1 1 1 0 1 0 0 0 0 0 0 0 0 0 1 1
60	9	1 0 1 0 0 1 0 0 0 1 0 0 0 1 0 0
60	2	0 0 1 0 0 0 0 1 0 1 0 1 0 1 0 0
60	33	1 1 1 0 1 0 0 0 1 0 0 1 0 0 1 0
60	4	1 1 0 1 1 0 0 0 0 0 0 0 0 1 0 0
60	14	0 1 1 1 1 0 0 0 0 0 0 0 1 1 0 0
60	3	0 1 0 0 1 0 0 0 0 0 0 0 0 0 1 0
60	6	0 0 1 0 0 1 0 0 0 1 0 0 0 0 0 0
60	9	1 0 1 0 0 0 1 0 0 1 0 0 0 1 0 0
60	2	0 0 1 0 0 1 0 0 0 1 0 1 0 1 0 0
60	5	1 0 1 0 0 0 0 0 0 1 0 0 0 1 0 1
60	38	0 1 1 0 0 1 0 0 0 0 0 0 0 0 0 0
60	11	0 0 1 0 1 0 0 0 0 1 0 0 0 1 1 0
60	8	0 0 1 0 1 0 0 0 0 0 0 0 0 1 0 0
60	1	1 1 1 0 1 0 0 0 1 0 0 0 0 1 0 0
60	17	0 0 1 0 0 0 0 0 0 0 0 0 0 1 0 0
60	4	0 0 1 0 0 1 0 0 0 1 0 0 1 1 0 0
60	6	1 0 1 0 0 0 0 0 0 0 0 0 0 0 1 0
60	1	0 0 1 0 0 0 0 1 0 1 0 0 0 0 1 0
60	11	1 0 1 0 0 0 0 0 0 0 0 0 0 1 0 0
60	2	1 1 1 0 1 0 0 0 0 0 0 0 0 1 1 0
60	6	1 1 1 0 1 0 0 0 0 0 0 0 1 1 0 0
60	5	0 1 1 0 0 0 0 0 0 1 0 0 0 0 0 0
60	8	1 0 1 0 0 0 0 0 0 1 0 0 0 0 0 0
60	19	1 1 1 0 1 0 0 0 0 0 0 1 0 0 1 0
60	7	1 1 1 0 1 0 0 0 0 1 0 0 0 1 1 0
60	9	1 0 1 1 0 0 0 0 0 1 0 0 0 1 0 0
60	2	1 0 1 0 0 0 0 0 0 0 0 1 0 1 0 0
60	9	1 1 1 0 1 0 0 0 0 0 0 0 0 1 0 0
60	2	0 1 0 0 0 1 0 0 0 0 0 0 0 1 0 0
60	1	0 0 0 0 0 0 0 0 0 1 0 0 0 1 0 0
60	3	0 1 0 0 0 1 0 0 0 0 0 0 0 0 1 0
60	4	0 1 0 0 1 0 0 0 0 0 0 0 0 1 1 0
60	6	1 0 1 0 0 0 0 0 0 0 0 0 0 0 0 0
60	4	1 1 0 0 1 0 0 1 0 0 0 0 0 1 0 0
60	2	0 1 0 1 1 0 0 0 1 0 0 0 1 0 0 0
60	1	0 1 1 1 1 0 0 0 0 0 0 0 0 1 0 0
60	9	0 0 1 0 0 1 0 0 0 1 1 0 0 1 0 0
60	7	0 0 1 0 0 0 0 0 0 1 0 0 0 1 1 0
60	3	0 0 1 1 0 0 0 0 0 1 0 0 0 1 1 0
60	1	0 1 0 1 1 0 1 0 0 0 0 0 1 0 0 0
60	5	0 0 1 0 0 0 0 1 0 1 0 0 0 1 0 0
60	2	1 0 1 1 0 0 0 0 0 1 0 1 0 1 0 0
60	2	1 1 0 0 1 0 0 0 0 1 0 0 0 1 0 0
60	2	0 0 1 1 0 0 0 0 0 1 0 0 0 1 0 1
60	1	0 1 1 0 1 0 0 0 0 1 0 0 0 1 0 0
60	1	0 1 1 0 0 0 0 1 0 1 0 0 0 1 0 0
60	3	1 1 1 0 1 0 0 0 1 0 0 1 0 0 0 0
60	3	1 0 1 0 0 1 1 0 0 1 0 0 0 0 0 0
60	7	0 1 1 1 1 1 0 0 0 0 0 0 1 0 0 0
60	3	0 0 1 0 0 1 1 0 0 0 0 0 0 1 0 0
60	2	0 0 1 1 0 1 0 0 0 0 0 0 0 1 0 0
60	2	1 0 1 0 1 0 1 0 0 1 0 0 0 1 0 0
60	8	1 1 1 1 0 0 0 0 0 1 0 0 0 1 0 0
60	1	1 1 1 0 1 0 0 0 0 1 0 0 0 1 0 0
60	1	1 1 1 0 0 1 0 0 0 1 0 0 0 1 0 0
60	3	0 0 1 0 1 0 0 0 0 0 0 0 0 1 1 0
60	2	1 0 1 0 0 0 0 0 0 1 1 0 0 1 0 0
60	1	0 1 0 0 0 0 0 0 0 1 0 0 0 1 0 0
60	3	0 0 1 0 0 0 0 0 0 1 0 1 0 0 0 0
60	1	0 1 1 0 0 0 0 0 0 0 0 0 0 1 0 0
60	2	1 0 1 1 1 0 0 0 0 1 0 0 0 1 0 0
60	2	0 0 1 0 0 0 0 0 0 0 0 0 0 0 0 0
60	3	0 0 1 0 0 0 0 0 0 0 0 0 1 0 0 0
60	1	1 0 1 0 1 0 0 0 0 1 0 0 0 1 0 0
60	3	1 0 1 0 1 0 0 0 1 0 0 1 0 0 1 0
60	1	1 0 0 0 0 0 0 0 0 1 0 0 0 1 0 0
60	2	1 0 1 0 0 0 0 1 0 1 0 0 0 1 0 0
60	1	1 0 1 0 0 0 1 0 0 1 0 0 0 1 1 0
60	1	1 0 1 1 0 0 0 1 0 1 0 0 0 1 0 0
70	11	0 1 0 1 1 0 0 0 0 0 0 0 1 0 0 0
70	8	1 1 0 0 1 0 0 0 0 0 0 0 0 0 1 0
70	86	0 0 1 0 0 0 0 0 0 1 0 0 0 1 0 0
70	9	0 0 1 0 0 0 0 0 0 1 0 0 1 1 0 0
70	65	0 0 1 0 0 1 0 0 0 1 0 0 0 1 0 0
70	77	1 0 1 0 0 0 0 0 0 1 0 0 0 1 0 0
70	3	0 0 1 0 0 0 0 0 0 1 0 1 0 1 0 0
70	50	0 0 1 1 0 0 0 0 0 1 0 0 0 1 0 0
70	47	1 1 1 0 1 0 0 0 0 0 0 0 0 0 1 0
70	19	0 0 1 0 1 0 0 0 0 1 0 0 0 1 0 0
70	17	0 1 1 1 1 0 0 0 0 0 0 0 1 0 0 0
70	23	0 1 1 0 0 0 0 0 0 1 0 0 0 1 0 0
70	45	0 0 1 0 0 0 0 0 0 1 0 0 0 0 0 0
70	5	1 1 0 0 1 0 0 0 0 0 1 0 0 0 1 0
70	31	1 1 1 0 0 0 0 0 0 1 0 0 0 1 0 0
70	2	1 1 1 0 1 0 0 0 0 0 0 0 0 0 1 1
70	19	1 0 1 0 0 1 0 0 0 1 0 0 0 1 0 0
70	37	1 1 1 0 1 0 0 0 1 0 0 1 0 0 1 0
70	4	0 1 1 1 1 0 0 0 0 0 0 0 1 1 0 0
70	10	1 0 1 0 0 0 1 0 0 1 0 0 0 1 0 0
70	42	0 1 1 0 0 1 0 0 0 0 0 0 0 0 0 0
70	6	0 0 1 0 1 0 0 0 0 1 0 0 0 1 1 0
70	22	0 0 1 0 1 0 0 0 0 0 0 0 0 1 0 0
70	9	0 0 1 0 0 0 0 0 0 0 0 0 0 1 0 0
70	6	0 0 1 0 0 1 0 0 0 1 0 0 1 1 0 0
70	7	1 0 1 0 0 0 0 0 0 0 0 0 0 1 0 0
70	6	0 1 1 0 0 0 0 0 0 1 0 0 0 0 0 0
70	38	1 0 1 0 0 0 0 0 0 1 0 0 0 0 0 0
70	20	1 1 1 0 1 0 0 0 0 0 0 1 0 0 1 0
70	26	1 0 1 1 0 0 0 0 0 1 0 0 0 1 0 0
70	5	1 1 1 0 1 0 0 0 0 0 0 0 0 1 0 0
70	7	0 1 0 0 1 0 0 0 0 0 0 0 0 1 1 0
70	7	1 0 1 0 0 0 0 0 0 0 0 0 0 0 0 0
70	9	0 0 1 0 0 1 0 0 0 1 1 0 0 1 0 0
70	1	0 0 1 0 0 0 0 1 0 1 0 0 0 1 0 0
70	4	1 0 1 1 0 0 0 0 0 1 0 1 0 1 0 0
70	3	1 1 0 0 1 0 0 0 0 1 0 0 0 1 0 0
70	24	0 1 1 1 1 1 0 0 0 0 0 0 1 0 0 0
70	5	1 1 1 1 0 0 0 0 0 1 0 0 0 1 0 0
70	7	0 0 1 0 0 0 0 0 0 0 0 0 0 0 0 0
70	4	1 0 1 0 1 0 0 0 0 1 0 0 0 1 0 0
70	13	1 0 1 0 0 0 0 0 0 1 0 1 0 0 0 0
70	10	1 1 1 0 1 0 0 0 0 0 0 0 0 0 0 0
70	4	1 1 1 1 1 0 0 0 0 0 0 0 0 0 1 1
70	8	1 1 1 0 1 0 0 0 1 1 0 1 0 0 1 0
70	4	1 0 1 0 0 0 0 0 0 0 0 0 1 0 0 0
70	1	0 0 1 0 0 0 0 0 0 1 0 0 0 1 0 1
70	6	0 0 1 1 0 0 0 0 0 1 0 0 1 1 0 0
70	1	1 1 1 0 1 0 0 0 1 0 0 0 0 0 1 1
70	1	1 1 1 0 1 0 0 0 1 0 0 1 0 0 1 1
70	2	0 1 1 1 0 0 0 0 0 1 0 0 0 1 0 0
70	11	1 0 1 0 1 0 0 0 1 0 0 1 0 0 1 0
70	4	0 1 1 0 0 1 1 0 0 0 0 0 0 0 0 0
70	7	1 1 0 0 1 0 0 0 0 0 0 0 1 0 0 0
70	9	0 0 1 1 1 1 0 0 0 0 0 0 1 0 0 0
70	7	1 1 0 0 1 0 0 0 1 0 0 1 0 0 1 0
70	2	1 0 1 1 0 0 0 0 0 1 1 0 0 1 0 0
70	3	1 1 1 0 0 1 0 0 0 0 0 0 0 0 0 0
70	6	0 1 1 0 0 1 0 0 0 0 0 0 1 0 0 0
70	3	0 1 1 0 1 0 0 0 0 0 0 0 0 0 1 0
70	3	0 0 1 0 0 1 0 0 0 1 0 0 0 1 1 0
70	6	1 1 1 0 1 0 0 0 1 0 1 1 0 0 1 0
70	4	0 1 1 1 1 0 0 0 1 0 0 0 1 1 0 0
70	1	1 1 1 0 0 0 0 0 0 0 0 0 0 0 1 0
70	3	0 1 1 1 1 0 0 0 0 1 0 0 1 0 0 0
70	3	0 1 1 1 1 1 0 0 0 1 0 0 1 0 0 0
70	2	1 0 1 0 1 0 0 0 0 0 0 0 0 0 1 0
70	6	0 1 1 0 0 1 1 0 0 0 0 0 0 1 0 0
70	2	1 1 1 0 0 0 1 0 0 1 0 0 0 1 0 0
70	6	1 0 1 0 0 1 0 1 0 1 0 0 0 1 0 0
70	5	0 1 0 1 1 1 0 0 0 0 0 0 1 0 0 0
70	2	0 1 1 1 1 1 0 0 0 0 0 0 1 1 0 0
70	4	0 1 1 1 1 1 0 0 0 0 0 0 1 0 0 1
70	6	1 0 1 1 0 0 0 0 0 1 0 1 0 0 0 0
70	2	0 0 1 0 0 0 0 0 1 1 0 0 0 1 0 0
70	2	1 1 1 0 1 0 0 0 1 0 0 1 0 0 0 0
70	1	0 0 1 0 0 1 0 0 0 0 0 0 0 0 0 0
70	2	1 1 1 0 1 0 0 0 1 0 0 1 1 1 0 0
70	2	0 1 1 0 1 0 0 0 1 0 1 1 0 0 1 0
70	1	1 1 1 0 0 0 0 0 0 1 0 1 0 1 0 0
70	2	0 0 1 0 0 0 0 0 0 1 0 0 0 1 1 0
70	5	0 1 1 0 0 0 0 0 0 0 0 0 0 0 0 0
70	2	1 0 1 1 1 0 0 0 0 0 0 0 0 0 1 0
80	2	1 1 0 0 1 0 0 0 0 0 0 0 0 0 1 0
80	74	0 0 1 0 0 0 0 0 0 1 0 0 0 1 0 0
80	8	0 0 1 0 0 0 0 0 0 1 0 0 1 1 0 0
80	51	0 0 1 0 0 1 0 0 0 1 0 0 0 1 0 0
80	100	1 0 1 0 0 0 0 0 0 1 0 0 0 1 0 0
80	8	0 0 1 0 0 0 0 0 0 1 0 1 0 1 0 0
80	58	0 0 1 1 0 0 0 0 0 1 0 0 0 1 0 0
80	50	1 1 1 0 1 0 0 0 0 0 0 0 0 0 1 0
80	9	0 0 1 0 1 0 0 0 0 1 0 0 0 1 0 0
80	34	0 1 1 1 1 0 0 0 0 0 0 0 1 0 0 0
80	15	0 1 1 0 0 0 0 0 0 1 0 0 0 1 0 0
80	28	0 0 1 0 0 0 0 0 0 1 0 0 0 0 0 0
80	74	1 1 1 0 0 0 0 0 0 1 0 0 0 1 0 0
80	2	1 1 1 0 1 0 0 0 0 0 0 0 0 0 1 1
80	26	1 0 1 0 0 1 0 0 0 1 0 0 0 1 0 0
80	33	1 1 1 0 1 0 0 0 1 0 0 1 0 0 1 0
80	1	0 1 1 1 1 0 0 0 0 0 0 0 1 1 0 0
80	4	1 0 1 0 0 0 1 0 0 1 0 0 0 1 0 0
80	9	0 1 1 0 0 1 0 0 0 0 0 0 0 0 0 0
80	4	0 0 1 0 0 1 0 0 0 1 0 0 1 1 0 0
80	14	1 0 1 0 0 0 0 0 0 0 0 0 0 1 0 0
80	41	1 0 1 0 0 0 0 0 0 1 0 0 0 0 0 0
80	14	1 1 1 0 1 0 0 0 0 0 0 1 0 0 1 0
80	30	1 0 1 1 0 0 0 0 0 1 0 0 0 1 0 0
80	11	1 1 1 0 1 0 0 0 0 0 0 0 0 1 0 0
80	2	0 1 0 0 1 0 0 0 0 0 0 0 0 1 1 0
80	2	0 0 1 0 0 1 0 0 0 1 1 0 0 1 0 0
80	8	1 1 0 0 1 0 0 0 0 1 0 0 0 1 0 0
80	11	0 1 1 1 1 1 0 0 0 0 0 0 1 0 0 0
80	4	0 0 1 0 0 0 0 0 0 0 0 0 0 0 0 0
80	1	1 0 1 0 0 0 0 0 0 1 0 1 0 0 0 0
80	1	1 1 1 1 1 0 0 0 0 0 0 0 0 0 1 1
80	6	1 1 1 0 1 0 0 0 1 1 0 1 0 0 1 0
80	10	1 0 1 0 0 0 0 0 0 0 0 0 1 0 0 0
80	8	0 0 1 1 0 0 0 0 0 1 0 0 1 1 0 0
80	4	1 1 1 0 1 0 0 0 1 0 0 0 0 0 1 1
80	7	1 0 1 0 1 0 0 0 1 0 0 1 0 0 1 0
80	13	0 1 1 0 0 1 1 0 0 0 0 0 0 0 0 0
80	5	1 1 0 0 1 0 0 0 0 0 0 0 1 0 0 0
80	8	0 1 1 0 0 1 0 0 0 0 0 0 1 0 0 0
80	8	1 1 1 0 1 0 0 0 1 0 1 1 0 0 1 0
80	20	0 1 1 1 1 0 0 0 1 0 0 0 1 1 0 0
80	3	0 1 1 1 1 0 0 0 0 1 0 0 1 0 0 0
80	2	0 1 1 1 1 1 0 0 0 1 0 0 1 0 0 0
80	15	0 1 1 0 0 1 1 0 0 0 0 0 0 1 0 0
80	1	0 1 1 1 1 1 0 0 0 0 0 0 1 0 0 1
80	3	1 0 1 1 0 0 0 0 0 1 0 1 0 0 0 0
80	6	0 1 1 0 0 0 0 0 0 0 0 0 0 0 0 0
80	1	0 0 0 0 0 0 0 0 0 1 0 0 0 1 0 0
80	3	1 1 1 0 0 0 1 0 0 1 0 0 1 1 0 0
80	4	0 0 0 0 1 0 0 0 0 1 0 0 0 1 0 0
80	6	0 0 1 0 0 0 0 0 0 1 0 0 0 0 1 0
80	15	1 0 1 0 1 0 0 0 1 0 1 1 0 0 1 0
80	1	0 0 1 1 1 1 0 1 0 0 0 0 1 0 0 0
80	8	0 0 1 1 0 0 0 0 0 1 0 1 0 0 0 0
80	1	1 0 1 0 0 0 0 0 0 1 0 0 1 1 0 0
80	6	1 1 1 1 1 0 0 0 0 0 0 1 0 1 0 0
80	1	0 0 1 0 0 1 0 1 0 1 0 0 0 1 0 0
80	3	0 0 1 1 0 0 0 0 0 0 0 0 0 1 0 0
80	6	0 0 1 1 0 0 0 0 0 1 0 0 0 0 0 0
80	3	1 1 1 0 1 0 1 0 0 0 0 0 0 0 1 0
80	4	1 1 1 0 0 0 0 1 0 1 0 0 0 1 0 0
80	1	1 1 1 0 0 0 0 0 0 1 0 0 0 0 0 0
80	2	1 0 1 0 0 1 0 1 0 1 0 0 0 0 0 0
80	7	0 0 1 1 1 0 0 0 0 1 0 1 0 0 0 0
80	3	1 1 1 0 1 0 0 0 0 0 0 0 1 0 0 0
80	2	1 0 1 0 0 1 0 0 1 1 0 0 0 1 0 0
80	2	1 1 1 0 1 0 0 0 1 0 0 1 0 1 1 0
80	1	0 0 1 1 0 0 0 0 1 0 0 0 0 1 0 0
80	5	1 0 1 1 0 0 0 0 0 0 0 0 0 1 0 0
80	3	0 1 1 0 0 1 0 0 1 0 0 0 1 1 0 0
80	1	1 1 1 0 1 0 0 0 1 0 0 0 0 0 1 0
80	2	0 1 1 0 0 1 0 0 0 0 0 0 0 1 0 0
80	1	1 0 1 0 0 0 0 0 0 0 0 0 1 1 0 0
80	10	0 0 1 1 1 1 0 0 0 0 1 0 1 0 0 0
80	3	0 0 1 0 0 0 0 0 0 1 0 0 0 1 1 0
80	4	0 0 1 0 1 1 0 0 0 1 0 0 0 1 0 0
80	1	1 0 1 0 0 0 0 1 0 1 0 0 0 1 0 0
80	4	0 0 1 0 1 0 0 0 0 1 0 1 0 1 0 0
80	1	0 0 1 0 0 0 0 0 0 1 0 1 0 0 0 0
80	1	1 0 1 0 0 1 0 0 0 0 0 0 0 1 0 0
80	3	1 0 1 1 1 0 0 0 0 0 0 1 0 1 0 0
80	1	0 1 1 0 0 1 1 0 0 0 0 0 1 1 0 0
80	2	0 0 1 0 1 0 0 0 0 0 0 1 0 0 1 0
80	1	1 1 1 0 0 0 0 0 0 0 0 0 0 1 0 0
80	2	1 1 1 0 1 0 0 0 0 0 0 0 0 1 1 1
80	1	1 1 1 0 0 0 1 0 0 1 0 0 1 0 0 0
80	1	0 0 1 0 0 0 0 0 0 0 0 0 1 0 0 0
80	2	1 1 1 0 1 0 0 0 1 0 0 1 0 0 0 0
80	1	1 0 1 0 0 0 0 0 0 1 0 1 0 0 1 0
80	2	0 1 1 0 0 0 0 1 0 1 0 0 0 1 0 0
80	2	1 0 1 0 1 0 0 0 1 0 1 1 0 0 0 0
80	2	0 0 1 1 0 0 0 0 0 0 0 0 0 1 1 0
80	1	0 0 1 1 1 1 0 0 0 0 1 0 1 1 0 0
80	1	0 0 1 0 1 0 0 0 0 0 0 0 0 0 1 0
80	1	0 0 1 0 0 0 1 0 0 1 0 0 0 1 0 0
80	2	0 0 1 0 0 0 0 0 0 1 0 0 0 1 0 1
80	1	1 0 1 0 0 0 0 0 1 1 0 0 0 1 0 0
80	1	0 0 1 1 0 0 0 0 0 1 1 0 0 1 0 0
80	2	0 1 1 0 0 0 0 0 0 1 0 0 0 0 0 0
80	1	1 0 1 0 0 1 0 0 0 1 0 0 1 1 0 0
80	1	1 0 1 0 0 1 1 0 0 1 0 0 0 1 0 0
80	2	0 1 0 0 1 0 0 0 0 1 0 0 0 1 1 0
80	2	0 1 0 0 1 0 0 0 0 0 1 0 0 1 1 0
80	1	0 0 1 1 0 0 0 0 0 1 0 0 0 0 1 0
90	1	1 1 0 0 1 0 0 0 0 0 0 0 0 0 1 0
90	43	0 0 1 0 0 0 0 0 0 1 0 0 0 1 0 0
90	35	0 0 1 0 0 1 0 0 0 1 0 0 0 1 0 0
90	64	1 0 1 0 0 0 0 0 0 1 0 0 0 1 0 0
90	7	0 0 1 0 0 0 0 0 0 1 0 1 0 1 0 0
90	34	0 0 1 1 0 0 0 0 0 1 0 0 0 1 0 0
90	31	1 1 1 0 1 0 0 0 0 0 0 0 0 0 1 0
90	39	0 1 1 1 1 0 0 0 0 0 0 0 1 0 0 0
90	7	0 1 1 0 0 0 0 0 0 1 0 0 0 1 0 0
90	29	0 0 1 0 0 0 0 0 0 1 0 0 0 0 0 0
90	124	1 1 1 0 0 0 0 0 0 1 0 0 0 1 0 0
90	4	1 1 1 0 1 0 0 0 0 0 0 0 0 0 1 1
90	50	1 0 1 0 0 1 0 0 0 1 0 0 0 1 0 0
90	32	1 1 1 0 1 0 0 0 1 0 0 1 0 0 1 0
90	5	1 0 1 0 0 0 1 0 0 1 0 0 0 1 0 0
90	29	0 1 1 0 0 1 0 0 0 0 0 0 0 0 0 0
90	6	1 0 1 0 0 0 0 0 0 0 0 0 0 1 0 0
90	9	1 0 1 0 0 0 0 0 0 1 0 0 0 0 0 0
90	11	1 1 1 0 1 0 0 0 0 0 0 1 0 0 1 0
90	26	1 0 1 1 0 0 0 0 0 1 0 0 0 1 0 0
90	16	1 1 1 0 1 0 0 0 0 0 0 0 0 1 0 0
90	1	1 1 0 0 1 0 0 0 0 1 0 0 0 1 0 0
90	9	0 1 1 1 1 1 0 0 0 0 0 0 1 0 0 0
90	2	0 0 1 0 0 0 0 0 0 0 0 0 0 0 0 0
90	29	1 1 1 0 1 0 0 0 1 1 0 1 0 0 1 0
90	5	1 0 1 0 0 0 0 0 0 0 0 0 1 0 0 0
90	9	0 0 1 1 0 0 0 0 0 1 0 0 1 1 0 0
90	1	1 1 1 0 1 0 0 0 1 0 0 0 0 0 1 1
90	7	1 0 1 0 1 0 0 0 1 0 0 1 0 0 1 0
90	13	0 1 1 0 0 1 1 0 0 0 0 0 0 0 0 0
90	3	1 1 0 0 1 0 0 0 0 0 0 0 1 0 0 0
90	12	0 1 1 0 0 1 0 0 0 0 0 0 1 0 0 0
90	14	1 1 1 0 1 0 0 0 1 0 1 1 0 0 1 0
90	3	0 1 1 1 1 0 0 0 0 1 0 0 1 0 0 0
90	3	0 1 1 0 0 1 1 0 0 0 0 0 0 1 0 0
90	1	1 0 1 1 0 0 0 0 0 1 0 1 0 0 0 0
90	6	1 1 1 0 0 0 1 0 0 1 0 0 1 1 0 0
90	3	0 0 0 0 1 0 0 0 0 1 0 0 0 1 0 0
90	15	1 0 1 0 1 0 0 0 1 0 1 1 0 0 1 0
90	8	0 0 1 1 0 0 0 0 0 1 0 1 0 0 0 0
90	2	1 1 1 0 0 0 0 1 0 1 0 0 0 1 0 0
90	7	1 1 1 0 1 0 0 0 1 0 0 0 0 0 1 0
90	14	1 0 1 0 0 0 0 0 0 0 0 0 1 1 0 0
90	3	0 0 1 1 1 1 0 0 0 0 1 0 1 0 0 0
90	2	1 0 1 0 0 0 0 1 0 1 0 0 0 1 0 0
90	1	1 0 1 0 0 1 0 0 0 0 0 0 0 1 0 0
90	25	1 1 1 0 0 0 0 0 0 0 0 0 0 1 0 0
90	1	1 1 1 0 1 0 0 0 0 0 0 0 0 1 1 1
90	6	1 1 1 0 0 0 1 0 0 1 0 0 1 0 0 0
90	1	1 1 1 0 1 0 0 0 1 0 0 1 0 0 0 0
90	2	1 0 1 0 0 0 0 0 0 1 0 1 0 0 1 0
90	3	0 0 1 1 0 0 0 0 0 1 0 0 0 0 1 0
90	3	0 1 1 1 1 1 0 0 0 0 0 0 0 1 0 0
90	3	1 1 1 0 0 0 0 0 0 0 0 1 0 1 0 0
90	11	0 0 1 0 0 1 0 0 0 1 0 0 0 0 0 0
90	8	1 0 1 0 0 0 0 0 0 1 1 0 0 1 0 0
90	5	1 1 0 0 1 0 0 0 0 0 0 1 0 0 1 0
90	3	0 0 1 0 0 1 1 0 0 0 0 0 0 1 0 0
90	8	1 1 1 0 1 0 0 0 0 0 0 0 0 0 0 0
90	6	1 1 1 0 1 0 0 0 1 1 0 0 0 1 0 0
90	11	1 1 1 0 1 0 0 0 1 0 0 1 0 1 1 0
90	2	1 1 1 0 0 0 0 0 0 1 0 0 0 0 0 0
90	2	1 0 1 0 0 0 0 0 0 1 0 0 0 0 1 0
90	7	1 0 1 0 0 0 0 0 0 0 0 0 1 1 1 0
90	9	1 1 1 0 1 0 0 0 0 1 0 0 0 1 0 0
90	5	1 0 1 1 0 0 0 0 0 1 0 1 0 0 1 0
90	11	0 0 1 1 0 0 0 0 0 0 0 0 0 0 0 0
90	3	0 1 1 1 1 0 0 1 0 1 0 0 1 0 0 0
90	6	0 0 1 0 0 0 0 0 0 0 0 0 1 1 0 0
90	2	1 1 1 0 0 0 0 0 1 1 0 0 0 1 0 0
90	4	1 1 1 0 1 0 0 1 1 1 0 1 0 0 1 0
90	10	1 0 1 0 0 0 0 0 0 0 0 0 0 0 0 0
90	3	0 0 1 0 0 0 0 0 0 0 0 0 0 0 1 0
90	2	1 0 1 0 0 0 0 0 0 1 0 0 1 1 0 0
90	2	1 0 1 1 0 0 0 0 0 0 0 0 0 0 1 0
90	1	0 0 1 1 1 1 0 0 0 0 0 0 0 1 0 0
90	2	0 0 1 1 0 0 0 1 0 1 0 0 0 1 0 0
90	2	0 0 1 1 0 0 0 0 0 1 0 0 0 1 0 1
90	10	1 1 0 0 0 0 0 0 0 1 0 0 0 1 0 0
90	1	0 1 1 0 0 1 0 0 1 0 1 0 1 1 0 0
90	10	1 1 1 1 0 0 0 0 0 0 0 0 0 1 0 0
90	1	0 0 1 1 0 1 1 0 0 0 0 0 0 0 0 0
90	2	0 1 1 0 0 1 0 0 0 1 0 0 0 1 0 0
90	2	1 1 1 1 0 0 0 0 0 1 0 0 0 1 0 0
90	2	1 1 1 0 0 0 0 0 0 1 0 0 0 1 1 0
90	3	1 1 1 0 1 0 0 0 0 0 0 1 0 0 1 1
90	1	1 0 1 1 0 0 0 0 1 1 0 0 0 1 0 0
90	1	1 0 1 1 0 0 0 0 0 1 0 1 0 1 0 0
90	1	1 0 1 0 0 0 0 0 1 0 0 0 1 0 0 0
90	1	0 0 1 1 1 0 0 0 1 0 0 0 0 0 1 0
90	1	0 0 1 0 0 0 0 0 0 1 0 0 1 1 0 0
90	2	0 0 0 0 0 1 0 0 0 1 0 0 0 1 0 0
90	3	1 0 1 0 0 1 0 0 1 1 0 0 0 1 0 0
90	1	0 0 1 0 0 1 0 0 0 0 0 0 0 0 0 0
90	2	1 1 1 0 0 0 0 0 0 0 0 1 0 0 1 0
90	1	1 1 1 0 0 1 1 0 0 0 0 0 0 1 0 0
90	1	1 1 0 0 1 0 0 0 1 1 0 0 0 1 0 0
90	1	0 0 1 1 0 1 1 0 0 0 0 0 0 1 0 0
90	1	0 1 1 1 1 0 0 0 0 1 0 0 0 1 0 0
90	1	1 0 1 0 0 1 0 0 1 1 0 0 0 0 1 0
90	1	1 1 0 0 1 0 0 0 1 0 0 0 0 0 1 0
90	2	1 0 1 0 0 0 0 0 0 1 0 1 0 1 0 0
90	1	1 1 1 0 0 0 0 0 0 1 1 0 0 1 0 0
90	1	1 0 1 0 0 0 1 0 0 1 1 0 0 1 0 0
90	1	1 1 1 0 1 0 0 0 1 1 0 0 0 1 0 1
90	1	1 1 1 0 1 0 0 0 1 0 0 0 0 1 0 0
100	10	0 0 1 0 0 0 0 0 0 1 0 0 0 1 0 0
100	22	0 0 1 0 0 1 0 0 0 1 0 0 0 1 0 0
100	89	1 0 1 0 0 0 0 0 0 1 0 0 0 1 0 0
100	8	0 0 1 0 0 0 0 0 0 1 0 1 0 1 0 0
100	36	0 0 1 1 0 0 0 0 0 1 0 0 0 1 0 0
100	29	1 1 1 0 1 0 0 0 0 0 0 0 0 0 1 0
100	11	0 1 1 1 1 0 0 0 0 0 0 0 1 0 0 0
100	15	0 1 1 0 0 0 0 0 0 1 0 0 0 1 0 0
100	25	0 0 1 0 0 0 0 0 0 1 0 0 0 0 0 0
100	83	1 1 1 0 0 0 0 0 0 1 0 0 0 1 0 0
100	7	1 1 1 0 1 0 0 0 0 0 0 0 0 0 1 1
100	18	1 0 1 0 0 1 0 0 0 1 0 0 0 1 0 0
100	21	1 1 1 0 1 0 0 0 1 0 0 1 0 0 1 0
100	2	1 0 1 0 0 0 1 0 0 1 0 0 0 1 0 0
100	54	0 1 1 0 0 1 0 0 0 0 0 0 0 0 0 0
100	7	1 0 1 0 0 0 0 0 0 0 0 0 0 1 0 0
100	9	1 0 1 0 0 0 0 0 0 1 0 0 0 0 0 0
100	26	1 0 1 1 0 0 0 0 0 1 0 0 0 1 0 0
100	4	1 1 1 0 1 0 0 0 0 0 0 0 0 1 0 0
100	8	0 1 1 1 1 1 0 0 0 0 0 0 1 0 0 0
100	31	1 1 1 0 1 0 0 0 1 1 0 1 0 0 1 0
100	7	0 0 1 1 0 0 0 0 0 1 0 0 1 1 0 0
100	9	0 1 1 0 0 1 1 0 0 0 0 0 0 0 0 0
100	14	1 1 0 0 1 0 0 0 0 0 0 0 1 0 0 0
100	10	1 1 1 0 1 0 0 0 1 0 1 1 0 0 1 0
100	3	0 1 1 1 1 0 0 0 0 1 0 0 1 0 0 0
100	1	0 0 0 0 1 0 0 0 0 1 0 0 0 1 0 0
100	13	0 0 1 1 0 0 0 0 0 1 0 1 0 0 0 0
100	3	1 1 1 0 1 0 0 0 1 0 0 0 0 0 1 0
100	10	1 0 1 0 0 0 0 0 0 0 0 0 1 1 0 0
100	9	0 0 1 1 1 1 0 0 0 0 1 0 1 0 0 0
100	7	1 0 1 0 0 0 0 1 0 1 0 0 0 1 0 0
100	21	1 1 1 0 0 0 0 0 0 0 0 0 0 1 0 0
100	4	1 1 1 0 1 0 0 0 0 0 0 0 0 1 1 1
100	6	0 0 1 1 0 0 0 0 0 1 0 0 0 0 1 0
100	9	0 1 1 1 1 1 0 0 0 0 0 0 0 1 0 0
100	3	1 1 1 0 0 0 0 0 0 0 0 1 0 1 0 0
100	10	0 0 1 0 0 1 0 0 0 1 0 0 0 0 0 0
100	19	1 0 1 0 0 0 0 0 0 1 1 0 0 1 0 0
100	4	1 1 0 0 1 0 0 0 0 0 0 1 0 0 1 0
100	34	1 1 1 0 1 0 0 0 0 0 0 0 0 0 0 0
100	1	1 1 1 0 1 0 0 0 1 0 0 1 0 1 1 0
100	4	1 1 1 0 0 0 0 0 0 1 0 0 0 0 0 0
100	9	1 1 1 0 1 0 0 0 0 1 0 0 0 1 0 0
100	23	0 0 1 1 0 0 0 0 0 0 0 0 0 0 0 0
100	2	1 0 1 0 0 0 0 0 0 0 0 0 0 0 0 0
100	14	0 0 1 0 0 0 0 0 0 0 0 0 0 0 1 0
100	9	0 0 1 1 0 0 0 0 0 1 0 0 0 1 0 1
100	12	1 1 1 1 0 0 0 0 0 0 0 0 0 1 0 0
100	7	0 1 1 0 0 1 0 0 0 1 0 0 0 1 0 0
100	9	1 0 1 1 0 0 0 0 0 1 0 1 0 1 0 0
100	1	0 0 1 0 0 1 0 0 0 0 0 0 0 0 0 0
100	17	1 1 1 0 0 0 0 0 0 0 0 1 0 0 1 0
100	14	0 0 1 1 0 1 1 0 0 0 0 0 0 1 0 0
100	31	0 1 1 1 1 0 0 0 0 1 0 0 0 1 0 0
100	8	1 1 1 0 0 1 0 0 0 1 0 0 0 1 0 0
100	2	1 1 1 0 1 0 0 0 1 0 0 1 0 1 0 0
100	4	1 0 1 1 0 0 0 0 0 0 0 0 1 1 0 0
100	6	0 0 1 1 0 0 0 0 0 0 0 0 0 0 1 0
100	3	1 1 0 0 1 0 0 0 0 1 0 0 0 0 0 0
100	2	0 0 1 0 0 0 0 0 0 0 0 0 0 1 0 0
100	3	0 0 1 1 0 0 0 0 0 1 0 1 0 1 0 0
100	2	0 1 1 0 1 0 0 0 1 0 0 1 0 1 1 0
100	2	1 1 1 0 0 0 0 0 0 1 0 0 1 1 0 0
100	2	1 1 1 0 1 0 0 0 1 0 0 1 1 0 1 0
100	4	1 0 1 0 0 0 0 0 0 1 1 0 0 1 1 0
100	2	0 0 0 0 0 0 0 0 0 1 0 1 0 1 0 0
100	4	1 1 1 0 0 0 0 0 0 1 0 0 0 1 0 1
100	4	0 0 1 0 0 0 0 0 0 1 0 0 0 0 1 0
100	1	1 0 1 1 0 1 0 0 0 1 0 0 0 1 0 0
100	4	0 1 1 1 1 0 1 0 0 0 0 0 1 0 0 0
100	3	0 1 1 0 1 1 0 0 0 0 0 0 0 0 0 0
100	7	0 0 1 1 1 0 0 0 0 0 1 0 1 0 0 0
100	9	0 0 1 0 0 1 0 0 0 1 0 0 0 0 0 1
100	3	0 0 1 1 0 0 0 1 0 0 0 0 0 0 0 0
100	7	1 0 1 1 0 0 0 0 0 1 0 0 0 1 1 1
100	2	1 0 1 0 0 1 0 0 0 1 0 0 0 0 0 1
100	5	0 1 1 1 1 0 0 0 0 0 0 0 0 1 0 0
100	3	1 0 1 0 1 0 0 0 1 1 0 0 0 1 0 0
100	3	0 0 1 0 0 1 1 0 0 1 0 0 0 1 0 0
100	3	1 1 1 0 0 0 0 0 0 1 0 1 0 1 0 0
100	3	0 1 1 0 0 1 0 0 0 0 0 0 0 0 1 0
100	3	1 1 0 0 1 0 0 0 0 1 0 0 0 1 0 0
100	1	1 0 1 0 0 1 0 0 0 1 0 0 0 0 0 0
100	4	1 0 1 1 0 0 0 0 0 0 0 0 1 0 0 0
100	1	1 1 1 0 1 0 0 1 0 0 0 0 0 0 1 0
100	1	1 0 1 0 0 1 0 1 0 1 0 0 0 1 0 0
100	1	1 1 1 0 1 0 0 1 0 0 0 0 0 0 0 0
100	3	1 0 1 1 0 0 0 0 0 0 1 0 1 0 0 0
100	1	1 1 1 0 1 0 0 0 1 1 0 0 0 1 0 0
100	1	1 0 1 0 0 0 0 0 0 0 0 0 0 0 1 0
100	1	1 1 0 0 0 0 0 0 0 1 0 1 0 0 0 0
100	4	1 0 1 0 0 0 0 0 0 1 0 0 0 1 0 1
100	2	1 0 1 0 0 0 0 0 0 0 0 0 0 1 0 1
100	2	0 1 1 1 1 1 0 0 0 0 0 0 1 0 1 0
100	2	0 0 1 1 0 1 1 0 1 0 0 0 0 1 0 0
100	1	1 0 1 1 0 0 0 0 0 0 0 0 0 0 0 0
100	1	0 0 1 0 0 0 0 0 1 1 0 0 0 0 0 0
100	3	1 1 1 0 0 0 1 0 0 1 0 0 0 1 0 0
100	1	1 0 1 1 0 0 0 0 0 1 0 1 0 1 0 1
100	2	0 0 1 0 0 0 0 0 0 0 0 0 1 0 1 0
110	6	0 0 1 0 0 0 0 0 0 1 0 0 0 1 0 0
110	10	0 0 1 0 0 1 0 0 0 1 0 0 0 1 0 0
110	78	1 0 1 0 0 0 0 0 0 1 0 0 0 1 0 0
110	3	0 0 1 0 0 0 0 0 0 1 0 1 0 1 0 0
110	10	0 0 1 1 0 0 0 0 0 1 0 0 0 1 0 0
110	22	1 1 1 0 1 0 0 0 0 0 0 0 0 0 1 0
110	30	0 1 1 1 1 0 0 0 0 0 0 0 1 0 0 0
110	5	0 1 1 0 0 0 0 0 0 1 0 0 0 1 0 0
110	15	0 0 1 0 0 0 0 0 0 1 0 0 0 0 0 0
110	83	1 1 1 0 0 0 0 0 0 1 0 0 0 1 0 0
110	6	1 1 1 0 1 0 0 0 0 0 0 0 0 0 1 1
110	41	1 0 1 0 0 1 0 0 0 1 0 0 0 1 0 0
110	5	1 1 1 0 1 0 0 0 1 0 0 1 0 0 1 0
110	36	0 1 1 0 0 1 0 0 0 0 0 0 0 0 0 0
110	16	1 0 1 0 0 0 0 0 0 0 0 0 0 1 0 0
110	47	1 0 1 0 0 0 0 0 0 1 0 0 0 0 0 0
110	29	1 0 1 1 0 0 0 0 0 1 0 0 0 1 0 0
110	5	1 1 1 0 1 0 0 0 0 0 0 0 0 1 0 0
110	9	0 1 1 1 1 1 0 0 0 0 0 0 1 0 0 0
110	5	1 1 1 0 1 0 0 0 1 1 0 1 0 0 1 0
110	10	0 1 1 0 0 1 1 0 0 0 0 0 0 0 0 0
110	9	1 1 0 0 1 0 0 0 0 0 0 0 1 0 0 0
110	7	1 1 1 0 1 0 0 0 1 0 1 1 0 0 1 0
110	16	0 0 1 1 0 0 0 0 0 1 0 1 0 0 0 0
110	11	1 1 1 0 1 0 0 0 1 0 0 0 0 0 1 0
110	6	0 0 1 1 1 1 0 0 0 0 1 0 1 0 0 0
110	3	1 0 1 0 0 0 0 1 0 1 0 0 0 1 0 0
110	11	1 1 1 0 0 0 0 0 0 0 0 0 0 1 0 0
110	20	0 1 1 1 1 1 0 0 0 0 0 0 0 1 0 0
110	1	1 1 1 0 0 0 0 0 0 0 0 1 0 1 0 0
110	16	0 0 1 0 0 1 0 0 0 1 0 0 0 0 0 0
110	4	1 0 1 0 0 0 0 0 0 1 1 0 0 1 0 0
110	35	1 1 1 0 1 0 0 0 0 0 0 0 0 0 0 0
110	1	1 1 1 0 0 0 0 0 0 1 0 0 0 0 0 0
110	16	1 1 1 0 1 0 0 0 0 1 0 0 0 1 0 0
110	12	0 0 1 1 0 0 0 0 0 0 0 0 0 0 0 0
110	2	0 0 1 0 0 0 0 0 0 0 0 0 0 0 1 0
110	4	0 0 1 1 0 0 0 0 0 1 0 0 0 1 0 1
110	11	1 1 1 1 0 0 0 0 0 0 0 0 0 1 0 0
110	3	0 1 1 0 0 1 0 0 0 1 0 0 0 1 0 0
110	12	1 0 1 1 0 0 0 0 0 1 0 1 0 1 0 0
110	7	1 1 1 0 0 0 0 0 0 0 0 1 0 0 1 0
110	17	0 0 1 1 0 1 1 0 0 0 0 0 0 1 0 0
110	54	0 1 1 1 1 0 0 0 0 1 0 0 0 1 0 0
110	18	1 1 1 0 0 1 0 0 0 1 0 0 0 1 0 0
110	2	0 0 0 0 0 0 0 0 0 1 0 1 0 1 0 0
110	2	0 0 1 1 1 0 0 0 0 0 1 0 1 0 0 0
110	3	0 0 1 0 0 1 0 0 0 1 0 0 0 0 0 1
110	3	0 0 1 1 0 0 0 1 0 0 0 0 0 0 0 0
110	1	1 0 1 1 0 0 0 0 0 1 0 0 0 1 1 1
110	10	1 0 1 0 0 1 0 0 0 1 0 0 0 0 0 1
110	2	1 1 1 0 0 0 0 0 0 1 0 1 0 1 0 0
110	9	1 1 0 0 1 0 0 0 0 1 0 0 0 1 0 0
110	3	0 1 1 1 1 1 0 0 0 0 0 0 1 0 1 0
110	7	1 0 1 1 0 0 0 0 0 0 0 0 0 0 0 0
110	2	1 1 1 0 0 0 1 0 0 1 0 0 0 1 0 0
110	4	0 0 1 0 0 0 0 0 0 0 0 0 1 0 1 0
110	8	1 1 1 0 1 0 1 0 0 0 0 0 0 0 1 0
110	3	0 1 1 0 0 0 0 0 0 1 0 0 0 1 0 1
110	4	1 1 1 0 1 0 1 0 1 1 0 1 0 0 1 0
110	4	0 1 1 1 1 0 0 0 0 1 0 1 0 1 0 0
110	4	0 0 1 1 0 0 0 0 0 0 0 0 0 1 0 0
110	1	0 0 0 1 0 0 0 0 0 1 0 0 0 1 0 0
110	1	1 0 1 0 1 0 0 0 1 1 0 1 0 0 1 0
110	4	1 1 1 0 0 0 0 0 0 0 0 0 0 0 0 0
110	5	1 0 1 1 0 0 0 0 0 0 1 0 1 0 0 0
110	10	0 0 1 0 0 1 0 0 0 0 0 0 1 0 1 0
110	2	0 0 1 0 1 0 0 0 1 1 0 1 0 0 1 0
110	5	0 0 1 1 0 1 1 1 0 0 0 0 0 1 0 1
110	2	1 1 1 0 1 0 0 0 0 0 0 1 0 0 1 0
110	7	1 1 0 0 1 0 0 1 0 0 0 0 1 0 0 0
110	2	1 0 1 0 1 0 0 0 1 0 0 0 0 0 1 0
110	2	1 1 1 1 0 0 0 0 0 1 0 0 0 1 0 0
110	2	1 0 1 0 0 0 0 0 0 0 1 0 0 1 0 0
110	10	1 0 0 1 0 0 0 0 0 1 0 0 0 1 0 0
110	15	0 0 1 1 0 1 1 0 0 0 0 0 0 0 0 0
110	9	1 0 1 0 0 0 0 0 0 1 0 1 0 1 0 0
110	1	0 1 1 0 0 1 0 0 0 0 0 0 0 1 0 0
110	5	1 0 0 0 0 0 0 0 0 1 0 0 0 1 0 0
110	6	0 0 1 1 0 1 0 0 0 0 0 0 0 1 0 0
110	2	0 0 1 0 0 0 0 0 1 1 0 1 0 1 0 0
110	8	1 1 1 1 1 0 0 0 0 0 0 0 1 0 0 0
110	5	0 1 1 1 0 0 0 0 0 1 0 0 0 1 0 0
110	4	0 1 1 1 1 0 0 1 0 1 0 0 0 1 0 0
110	5	1 1 1 0 0 0 0 0 0 1 0 1 0 1 1 0
110	1	1 1 1 0 0 0 0 0 0 1 0 1 0 0 1 0
110	5	1 1 0 0 1 0 0 0 0 1 0 0 0 1 0 1
110	1	1 1 1 0 1 0 0 0 0 0 0 0 1 0 0 0
110	3	1 0 1 1 0 0 0 0 0 1 0 1 0 0 1 0
110	2	0 0 1 1 1 0 0 0 0 0 0 0 1 0 0 0
110	4	0 1 1 1 0 0 0 0 0 0 0 0 1 0 0 0
110	6	1 0 1 0 0 1 1 0 0 1 0 0 0 1 0 0
110	5	1 1 1 0 1 0 1 0 1 1 0 0 0 0 1 0
110	1	0 1 1 1 0 0 0 0 0 1 0 1 0 1 0 0
110	1	0 0 1 1 0 1 1 0 0 1 0 0 0 1 0 0
110	1	0 1 1 0 1 0 0 0 0 0 0 0 0 0 0 0
110	4	0 1 1 1 1 1 0 0 0 0 1 0 1 0 0 0
110	1	0 1 1 1 1 0 0 0 0 1 1 0 0 1 0 0
110	1	1 1 0 0 1 0 0 1 0 0 0 0 1 1 0 0
110	1	1 0 1 0 0 1 0 0 0 0 1 0 1 0 0 0
110	1	0 0 1 1 1 0 0 0 0 0 1 0 0 0 0 0
110	1	0 1 1 1 0 0 0 0 0 0 0 0 0 0 0 0
110	2	1 0 1 1 0 0 0 0 1 1 0 0 0 1 0 0
110	1	1 0 1 1 0 0 0 0 0 1 0 0 0 1 0 1
110	2	0 0 1 1 0 1 1 0 0 0 0 0 1 1 0 0
110	1	0 1 1 1 0 1 1 0 0 0 0 0 0 1 0 0
110	2	1 1 1 1 1 0 0 0 0 1 0 0 0 1 0 0
110	2	1 0 1 0 0 1 0 0 0 1 0 0 0 1 0 1
120	7	0 0 1 0 0 0 0 0 0 1 0 0 0 1 0 0
120	49	1 0 1 0 0 0 0 0 0 1 0 0 0 1 0 0
120	29	1 1 1 0 1 0 0 0 0 0 0 0 0 0 1 0
120	62	0 1 1 1 1 0 0 0 0 0 0 0 1 0 0 0
120	9	0 0 1 0 0 0 0 0 0 1 0 0 0 0 0 0
120	51	1 1 1 0 0 0 0 0 0 1 0 0 0 1 0 0
120	5	1 1 1 0 1 0 0 0 0 0 0 0 0 0 1 1
120	35	1 0 1 0 0 1 0 0 0 1 0 0 0 1 0 0
120	2	1 1 1 0 1 0 0 0 1 0 0 1 0 0 1 0
120	24	0 1 1 0 0 1 0 0 0 0 0 0 0 0 0 0
120	4	1 0 1 0 0 0 0 0 0 0 0 0 0 1 0 0
120	35	1 0 1 0 0 0 0 0 0 1 0 0 0 0 0 0
120	31	1 0 1 1 0 0 0 0 0 1 0 0 0 1 0 0
120	8	1 1 1 0 1 0 0 0 0 0 0 0 0 1 0 0
120	15	0 1 1 1 1 1 0 0 0 0 0 0 1 0 0 0
120	6	1 1 0 0 1 0 0 0 0 0 0 0 1 0 0 0
120	1	1 1 1 0 1 0 0 0 1 0 1 1 0 0 1 0
120	3	0 0 1 1 0 0 0 0 0 1 0 1 0 0 0 0
120	2	0 0 1 1 1 1 0 0 0 0 1 0 1 0 0 0
120	5	1 1 1 0 0 0 0 0 0 0 0 0 0 1 0 0
120	34	0 1 1 1 1 1 0 0 0 0 0 0 0 1 0 0
120	1	0 0 1 0 0 1 0 0 0 1 0 0 0 0 0 0
120	125	1 1 1 0 1 0 0 0 0 0 0 0 0 0 0 0
120	38	1 1 1 0 1 0 0 0 0 1 0 0 0 1 0 0
120	2	0 0 1 1 0 0 0 0 0 0 0 0 0 0 0 0
120	4	1 1 1 1 0 0 0 0 0 0 0 0 0 1 0 0
120	6	0 1 1 0 0 1 0 0 0 1 0 0 0 1 0 0
120	5	1 0 1 1 0 0 0 0 0 1 0 1 0 1 0 0
120	3	1 1 1 0 0 0 0 0 0 0 0 1 0 0 1 0
120	4	0 0 1 1 0 1 1 0 0 0 0 0 0 1 0 0
120	31	0 1 1 1 1 0 0 0 0 1 0 0 0 1 0 0
120	8	0 0 1 0 0 1 0 0 0 1 0 0 0 0 0 1
120	11	1 0 1 1 0 0 0 0 0 1 0 0 0 1 1 1
120	1	1 0 1 0 0 1 0 0 0 1 0 0 0 0 0 1
120	1	1 1 1 0 0 0 0 0 0 1 0 1 0 1 0 0
120	3	1 1 0 0 1 0 0 0 0 1 0 0 0 1 0 0
120	9	0 0 1 0 0 0 0 0 0 0 0 0 1 0 1 0
120	16	1 1 1 0 1 0 1 0 0 0 0 0 0 0 1 0
120	2	1 1 1 0 1 0 1 0 1 1 0 1 0 0 1 0
120	5	0 1 1 1 1 0 0 0 0 1 0 1 0 1 0 0
120	1	0 0 1 1 0 0 0 0 0 0 0 0 0 1 0 0
120	2	1 1 1 0 0 0 0 0 0 0 0 0 0 0 0 0
120	4	1 0 1 1 0 0 0 0 0 0 1 0 1 0 0 0
120	6	0 0 1 0 0 1 0 0 0 0 0 0 1 0 1 0
120	2	0 0 1 0 1 0 0 0 1 1 0 1 0 0 1 0
120	11	0 0 1 1 0 1 1 1 0 0 0 0 0 1 0 1
120	3	1 1 1 0 1 0 0 0 0 0 0 1 0 0 1 0
120	2	1 0 1 0 1 0 0 0 1 0 0 0 0 0 1 0
120	1	1 0 1 0 0 0 0 0 0 0 1 0 0 1 0 0
120	3	1 0 0 1 0 0 0 0 0 1 0 0 0 1 0 0
120	7	0 0 1 1 0 1 1 0 0 0 0 0 0 0 0 0
120	5	0 1 1 0 0 1 0 0 0 0 0 0 0 1 0 0
120	14	0 0 1 1 0 1 0 0 0 0 0 0 0 1 0 0
120	27	0 1 1 1 0 0 0 0 0 1 0 0 0 1 0 0
120	7	1 1 1 0 0 0 0 0 0 1 0 1 0 1 1 0
120	1	1 0 1 1 0 0 0 0 0 1 0 1 0 0 1 0
120	19	0 1 1 1 0 0 0 0 0 0 0 0 1 0 0 0
120	5	0 1 1 1 1 1 0 0 0 0 1 0 1 0 0 0
120	3	1 0 1 1 0 0 0 0 1 1 0 0 0 1 0 0
120	6	0 1 1 1 0 1 1 0 0 0 0 0 0 1 0 0
120	14	1 1 1 0 0 0 0 0 0 1 0 0 0 0 1 0
120	6	0 1 1 1 1 0 0 1 0 1 0 0 1 0 0 0
120	4	1 0 1 0 0 0 1 0 0 1 1 0 0 1 0 0
120	5	1 1 1 0 1 0 0 0 0 1 0 0 0 0 0 0
120	1	1 1 1 0 0 0 0 0 0 0 0 1 0 1 0 0
120	4	0 1 1 1 1 1 0 0 0 0 0 1 0 1 0 0
120	4	0 0 1 1 0 0 0 0 0 0 0 0 1 0 0 0
120	5	1 1 1 1 1 0 0 0 0 1 0 0 0 1 1 0
120	4	0 0 1 0 0 1 0 0 0 0 0 0 0 0 1 0
120	17	0 0 0 1 1 0 0 0 0 0 1 0 0 0 0 0
120	3	1 0 1 0 0 1 1 0 0 1 1 0 0 1 0 0
120	5	0 1 1 1 1 0 0 0 0 0 0 0 0 1 0 0
120	8	1 1 1 1 0 0 0 0 0 1 0 0 0 1 0 0
120	6	1 1 1 0 0 0 0 0 0 0 0 0 1 0 0 0
120	7	0 1 1 1 1 0 0 0 0 0 1 0 1 0 0 0
120	3	1 1 1 0 1 0 0 0 0 1 0 0 0 1 1 0
120	3	0 1 1 0 0 1 0 0 0 0 0 0 0 1 1 0
120	5	1 0 1 0 0 0 0 0 0 1 0 0 0 1 0 1
120	1	0 1 1 1 1 0 0 0 1 0 0 0 1 0 0 0
120	6	1 1 1 0 0 0 0 0 0 1 1 0 0 1 0 0
120	2	0 1 1 1 0 0 0 0 0 1 0 1 0 1 0 0
120	3	1 1 1 1 0 0 0 0 0 0 0 0 1 0 0 0
120	1	0 1 1 1 1 0 0 0 0 0 0 0 1 0 1 0
120	1	0 1 1 1 0 0 0 0 0 0 0 1 0 1 0 0
120	3	0 1 1 1 0 1 1 0 0 0 0 0 1 0 0 0
120	4	1 0 1 0 0 0 0 0 0 1 0 0 1 1 0 0
120	1	1 1 1 0 1 0 0 0 0 1 1 0 0 1 0 0
120	1	0 1 1 1 0 0 0 1 0 0 0 0 1 0 0 0
120	4	0 1 1 1 1 0 0 0 0 0 0 0 0 0 0 0
120	3	0 1 1 0 0 1 0 0 0 0 1 0 0 0 0 0
120	2	0 1 1 0 0 1 0 0 0 0 0 0 1 0 0 0
120	4	0 1 1 0 0 1 1 0 0 0 0 0 0 0 0 0
120	1	1 1 1 1 1 0 0 0 0 0 0 0 0 1 0 0
120	5	0 1 1 0 0 1 0 1 0 0 0 0 0 1 0 0
120	1	0 0 1 0 0 0 0 0 0 1 0 1 0 1 0 0
120	1	0 1 1 1 1 1 0 0 0 0 0 0 0 0 0 0
120	1	1 1 1 0 0 0 0 0 0 1 0 1 1 1 1 0
120	2	1 0 1 1 0 1 0 0 0 1 0 1 0 0 1 0
120	3	1 0 1 0 0 0 0 0 0 1 0 0 0 0 1 0
120	1	1 1 1 1 1 1 0 0 0 0 0 1 0 1 0 0
120	2	0 0 1 1 0 0 0 0 0 1 0 0 1 0 0 0
120	2	1 0 1 0 1 0 0 0 0 1 1 0 0 1 0 0
120	1	1 1 1 0 1 0 0 0 1 0 0 0 0 1 0 0
120	2	1 1 1 1 1 0 0 0 0 0 0 0 1 0 0 0
120	2	1 1 1 0 0 0 0 0 0 0 0 0 0 0 1 0
120	1	1 0 1 1 0 0 0 0 0 0 0 0 1 0 0 0
120	2	0 0 1 0 0 0 0 0 0 0 0 0 0 0 0 0
120	1	0 0 1 1 0 1 1 1 0 0 0 0 0 1 0 0
120	1	0 1 1 0 0 1 0 1 0 0 0 0 0 0 1 0
120	2	1 1 1 0 1 0 0 0 1 0 0 1 1 0 1 0
120	1	1 0 1 0 0 0 0 0 0 1 0 0 1 0 0 0
120	1	0 1 0 0 1 0 0 0 0 0 0 0 1 0 0 0
120	1	1 1 1 0 1 0 0 0 0 0 0 0 0 0 0 1
120	1	0 0 0 0 1 0 0 0 1 1 0 1 0 0 1 0
120	1	1 1 1 0 0 0 0 1 0 1 0 1 0 1 1 0
120	1	1 1 1 1 1 0 0 1 0 1 0 0 0 1 1 0
120	2	1 0 1 0 0 1 1 0 1 1 1 0 0 1 0 0
130	1	0 0 1 0 0 0 0 0 0 1 0 0 0 1 0 0
130	22	1 0 1 0 0 0 0 0 0 1 0 0 0 1 0 0
130	54	1 1 1 0 1 0 0 0 0 0 0 0 0 0 1 0
130	100	0 1 1 1 1 0 0 0 0 0 0 0 1 0 0 0
130	22	0 0 1 0 0 0 0 0 0 1 0 0 0 0 0 0
130	19	1 1 1 0 0 0 0 0 0 1 0 0 0 1 0 0
130	2	1 1 1 0 1 0 0 0 0 0 0 0 0 0 1 1
130	23	1 0 1 0 0 1 0 0 0 1 0 0 0 1 0 0
130	15	0 1 1 0 0 1 0 0 0 0 0 0 0 0 0 0
130	4	1 0 1 0 0 0 0 0 0 0 0 0 0 1 0 0
130	27	1 0 1 0 0 0 0 0 0 1 0 0 0 0 0 0
130	27	1 0 1 1 0 0 0 0 0 1 0 0 0 1 0 0
130	2	0 1 1 1 1 1 0 0 0 0 0 0 1 0 0 0
130	6	1 1 0 0 1 0 0 0 0 0 0 0 1 0 0 0
130	21	0 1 1 1 1 1 0 0 0 0 0 0 0 1 0 0
130	16	0 0 1 0 0 1 0 0 0 1 0 0 0 0 0 0
130	138	1 1 1 0 1 0 0 0 0 0 0 0 0 0 0 0
130	25	1 1 1 0 1 0 0 0 0 1 0 0 0 1 0 0
130	4	1 1 1 1 0 0 0 0 0 0 0 0 0 1 0 0
130	4	0 1 1 0 0 1 0 0 0 1 0 0 0 1 0 0
130	3	1 1 1 0 0 0 0 0 0 0 0 1 0 0 1 0
130	4	0 0 1 1 0 1 1 0 0 0 0 0 0 1 0 0
130	24	0 1 1 1 1 0 0 0 0 1 0 0 0 1 0 0
130	2	1 0 1 1 0 0 0 0 0 1 0 0 0 1 1 1
130	18	0 0 1 0 0 0 0 0 0 0 0 0 1 0 1 0
130	3	1 1 1 0 1 0 1 0 0 0 0 0 0 0 1 0
130	2	0 0 1 1 0 0 0 0 0 0 0 0 0 1 0 0
130	1	0 0 1 0 0 1 0 0 0 0 0 0 1 0 1 0
130	2	0 0 1 1 0 1 1 1 0 0 0 0 0 1 0 1
130	5	1 0 0 1 0 0 0 0 0 1 0 0 0 1 0 0
130	3	0 0 1 1 0 1 1 0 0 0 0 0 0 0 0 0
130	2	0 0 1 1 0 1 0 0 0 0 0 0 0 1 0 0
130	11	0 1 1 1 0 0 0 0 0 1 0 0 0 1 0 0
130	11	1 1 1 0 0 0 0 0 0 1 0 1 0 1 1 0
130	5	1 0 1 1 0 0 0 0 0 1 0 1 0 0 1 0
130	19	0 1 1 1 0 0 0 0 0 0 0 0 1 0 0 0
130	3	1 0 1 1 0 0 0 0 1 1 0 0 0 1 0 0
130	2	1 1 1 0 0 0 0 0 0 1 0 0 0 0 1 0
130	8	0 1 1 1 1 0 0 1 0 1 0 0 1 0 0 0
130	13	1 0 1 0 0 0 1 0 0 1 1 0 0 1 0 0
130	20	1 1 1 0 1 0 0 0 0 1 0 0 0 0 0 0
130	16	0 0 0 1 1 0 0 0 0 0 1 0 0 0 0 0
130	7	1 0 1 0 0 1 1 0 0 1 1 0 0 1 0 0
130	13	0 1 1 1 1 0 0 0 0 0 0 0 0 1 0 0
130	9	1 1 1 1 0 0 0 0 0 1 0 0 0 1 0 0
130	10	1 1 1 0 0 0 0 0 0 0 0 0 1 0 0 0
130	1	0 1 1 1 1 0 0 0 0 0 1 0 1 0 0 0
130	6	1 1 1 0 0 0 0 0 0 1 1 0 0 1 0 0
130	11	0 1 1 0 0 1 0 0 0 0 0 0 1 0 0 0
130	4	0 1 1 0 0 1 1 0 0 0 0 0 0 0 0 0
130	2	1 0 1 0 0 0 0 0 0 1 0 0 0 0 1 0
130	4	1 1 1 0 1 0 0 0 1 0 0 0 0 1 0 0
130	7	1 1 1 1 1 0 0 0 0 0 0 0 1 0 0 0
130	9	1 1 1 1 1 0 0 1 0 1 0 0 0 1 1 0
130	4	1 0 1 0 0 1 1 0 1 1 1 0 0 1 0 0
130	18	1 0 1 1 1 1 0 0 0 0 0 0 1 0 0 0
130	2	1 0 1 1 0 0 0 0 0 1 0 1 0 0 0 0
130	15	1 1 1 0 1 0 1 0 0 0 0 0 0 0 0 0
130	4	0 1 1 1 0 0 0 1 0 0 0 0 1 0 0 1
130	12	1 0 1 0 0 0 0 0 0 0 1 0 1 0 0 0
130	3	1 0 1 0 1 0 0 0 1 0 0 0 0 0 0 0
130	2	1 1 1 0 1 0 0 0 1 0 0 0 0 0 0 0
130	5	0 0 1 1 0 1 1 1 0 0 0 0 0 1 1 1
130	1	1 1 1 1 0 0 0 0 0 1 0 0 0 0 1 0
130	2	0 1 1 1 0 1 0 0 0 0 0 0 0 0 0 0
130	3	1 1 1 1 0 0 0 0 1 0 0 0 0 0 0 0
130	1	1 1 1 0 1 0 0 0 0 0 0 0 1 0 0 0
130	14	1 1 1 0 1 0 1 0 0 0 1 0 0 0 1 0
130	2	0 1 1 1 0 1 0 0 0 1 0 0 0 1 0 0
130	7	1 0 0 0 0 0 0 1 0 1 0 0 0 1 0 0
130	4	0 1 1 1 1 0 0 0 0 1 1 0 0 1 0 0
130	10	1 1 1 0 0 0 0 1 0 1 0 1 0 1 1 0
130	3	1 0 1 0 0 0 0 0 0 1 0 0 0 1 1 0
130	2	0 1 1 1 1 0 0 0 1 0 0 0 1 0 0 0
130	2	1 0 1 0 0 0 0 0 1 1 0 0 0 0 0 0
130	9	1 1 1 0 1 0 0 0 0 0 1 0 0 0 0 0
130	9	1 1 0 0 1 0 0 0 0 1 0 0 0 1 1 0
130	2	1 0 1 0 0 1 0 0 0 1 0 0 1 1 0 0
130	1	1 1 1 0 0 1 0 0 0 1 0 0 0 1 0 0
130	1	1 0 1 0 0 0 0 0 0 1 1 0 0 1 0 0
130	3	0 1 1 1 0 1 1 1 0 0 0 0 0 1 0 1
130	2	1 0 1 0 0 1 0 0 0 1 0 0 1 0 0 0
130	3	1 0 1 1 0 1 0 0 0 0 0 0 0 1 0 0
130	1	1 1 1 0 1 0 0 0 0 0 0 0 1 0 1 0
130	6	0 1 1 1 1 0 1 0 0 1 1 0 0 1 0 0
130	1	0 1 1 0 1 0 0 0 0 0 0 0 1 0 0 0
130	3	1 1 1 0 1 0 0 0 0 0 0 0 0 0 0 1
130	1	1 1 1 0 0 0 0 0 0 0 0 0 0 0 1 0
130	2	1 0 1 0 0 0 0 0 0 0 0 0 0 0 0 0
130	2	1 0 1 1 0 0 0 0 0 0 0 0 1 0 1 0
130	2	0 0 1 1 0 0 0 0 0 1 0 0 0 0 1 0
130	2	0 1 1 1 1 0 0 0 0 1 0 0 1 0 0 0
130	3	1 1 1 0 0 0 0 0 0 1 0 0 1 1 0 0
130	5	1 0 1 0 1 1 0 0 0 1 0 0 0 1 0 0
130	3	0 1 1 0 0 1 1 0 0 1 0 0 0 1 0 0
130	4	0 1 1 0 0 0 0 0 0 0 0 0 1 0 1 0
130	1	1 0 0 1 1 0 0 0 0 0 1 0 0 0 0 0
130	1	1 0 1 1 1 0 0 0 0 0 0 0 1 0 0 0
130	3	0 1 1 1 1 0 0 0 0 1 0 0 0 1 1 0
130	1	1 0 1 0 0 0 0 1 0 1 0 0 0 1 1 0
130	1	0 0 1 0 1 0 0 0 0 0 0 0 0 0 1 0
130	1	0 0 1 0 0 0 0 0 0 0 0 0 1 0 0 0
130	2	1 0 1 1 0 0 0 0 0 0 0 0 0 0 0 0
130	1	0 1 1 1 1 0 0 0 0 0 0 0 1 0 1 0
130	1	1 0 1 0 0 1 1 0 0 1 0 0 0 1 0 0
130	5	1 0 1 1 0 0 0 0 0 0 0 0 0 1 0 0
130	2	1 0 1 0 0 0 1 0 0 1 0 0 0 0 0 0
130	2	0 1 1 1 1 1 1 0 0 0 0 0 0 1 0 0
130	2	1 1 1 0 1 0 0 0 0 0 0 0 0 1 0 0
130	1	0 1 1 0 0 0 0 0 0 0 0 0 1 0 0 0
130	2	1 0 1 1 1 1 0 0 0 0 0 1 1 0 0 0
130	1	0 1 1 1 0 1 0 1 0 0 0 0 0 1 0 1
140	5	0 0 1 0 0 0 0 0 0 1 0 0 0 1 0 0
140	23	1 0 1 0 0 0 0 0 0 1 0 0 0 1 0 0
140	54	1 1 1 0 1 0 0 0 0 0 0 0 0 0 1 0
140	144	0 1 1 1 1 0 0 0 0 0 0 0 1 0 0 0
140	6	0 0 1 0 0 0 0 0 0 1 0 0 0 0 0 0
140	6	1 1 1 0 0 0 0 0 0 1 0 0 0 1 0 0
140	16	0 1 1 0 0 1 0 0 0 0 0 0 0 0 0 0
140	8	1 0 1 0 0 0 0 0 0 0 0 0 0 1 0 0
140	3	1 0 1 0 0 0 0 0 0 1 0 0 0 0 0 0
140	5	1 0 1 1 0 0 0 0 0 1 0 0 0 1 0 0
140	19	0 1 1 1 1 1 0 0 0 0 0 0 0 1 0 0
140	7	0 0 1 0 0 1 0 0 0 1 0 0 0 0 0 0
140	94	1 1 1 0 1 0 0 0 0 0 0 0 0 0 0 0
140	45	1 1 1 0 1 0 0 0 0 1 0 0 0 1 0 0
140	21	1 1 1 1 0 0 0 0 0 0 0 0 0 1 0 0
140	2	0 1 1 0 0 1 0 0 0 1 0 0 0 1 0 0
140	24	1 1 1 0 0 0 0 0 0 0 0 1 0 0 1 0
140	2	0 0 1 0 0 0 0 0 0 0 0 0 1 0 1 0
140	2	1 0 0 1 0 0 0 0 0 1 0 0 0 1 0 0
140	6	0 1 1 1 0 0 0 0 0 1 0 0 0 1 0 0
140	6	1 1 1 0 0 0 0 0 0 1 0 1 0 1 1 0
140	2	1 0 1 1 0 0 0 0 0 1 0 1 0 0 1 0
140	15	0 1 1 1 0 0 0 0 0 0 0 0 1 0 0 0
140	8	0 1 1 1 1 0 0 1 0 1 0 0 1 0 0 0
140	20	1 0 1 0 0 0 1 0 0 1 1 0 0 1 0 0
140	7	1 1 1 0 1 0 0 0 0 1 0 0 0 0 0 0
140	23	0 0 0 1 1 0 0 0 0 0 1 0 0 0 0 0
140	1	1 0 1 0 0 1 1 0 0 1 1 0 0 1 0 0
140	9	0 1 1 1 1 0 0 0 0 0 0 0 0 1 0 0
140	1	1 1 1 1 0 0 0 0 0 1 0 0 0 1 0 0
140	1	1 1 1 0 0 0 0 0 0 0 0 0 1 0 0 0
140	4	0 1 1 0 0 1 1 0 0 0 0 0 0 0 0 0
140	8	1 0 1 0 0 0 0 0 0 1 0 0 0 0 1 0
140	35	1 1 1 1 1 0 0 0 0 0 0 0 1 0 0 0
140	2	1 0 1 0 0 1 1 0 1 1 1 0 0 1 0 0
140	17	1 0 1 1 1 1 0 0 0 0 0 0 1 0 0 0
140	20	1 1 1 0 1 0 1 0 0 0 0 0 0 0 0 0
140	2	0 1 1 1 0 0 0 1 0 0 0 0 1 0 0 1
140	3	1 0 1 0 0 0 0 0 0 0 1 0 1 0 0 0
140	1	0 1 1 1 0 1 0 0 0 0 0 0 0 0 0 0
140	17	1 1 1 0 1 0 1 0 0 0 1 0 0 0 1 0
140	9	0 1 1 1 0 1 0 0 0 1 0 0 0 1 0 0
140	2	1 0 0 0 0 0 0 1 0 1 0 0 0 1 0 0
140	1	1 1 1 0 0 0 0 1 0 1 0 1 0 1 1 0
140	13	1 1 0 0 1 0 0 0 0 1 0 0 0 1 1 0
140	1	1 1 1 0 0 1 0 0 0 1 0 0 0 1 0 0
140	2	0 1 1 1 0 1 1 1 0 0 0 0 0 1 0 1
140	5	1 0 1 1 0 1 0 0 0 0 0 0 0 1 0 0
140	8	0 1 1 1 1 0 1 0 0 1 1 0 0 1 0 0
140	3	1 1 1 0 1 0 0 0 0 0 0 0 0 0 0 1
140	4	1 0 1 0 0 0 0 0 0 0 0 0 0 0 0 0
140	2	0 1 1 1 1 0 0 0 0 1 0 0 1 0 0 0
140	7	1 0 1 0 1 1 0 0 0 1 0 0 0 1 0 0
140	4	0 1 1 0 0 0 0 0 0 0 0 0 1 0 1 0
140	8	1 0 1 1 1 0 0 0 0 0 0 0 1 0 0 0
140	5	0 1 1 1 1 0 0 0 0 1 0 0 0 1 1 0
140	2	0 1 1 1 1 0 0 0 0 0 0 0 1 0 1 0
140	14	0 1 1 1 1 1 1 0 0 0 0 0 0 1 0 0
140	11	1 1 1 0 1 0 0 0 0 0 0 0 0 1 0 0
140	10	0 0 1 1 1 1 0 0 0 0 0 1 1 0 0 0
140	14	0 1 1 1 1 0 0 0 0 0 0 0 1 1 0 0
140	6	0 1 1 1 1 1 0 0 0 0 0 1 0 1 0 0
140	1	1 0 1 1 1 1 0 0 0 0 0 0 0 1 0 0
140	8	1 1 1 0 0 0 0 0 0 1 0 0 0 0 0 0
140	2	0 0 1 0 0 0 0 0 0 0 0 0 1 0 0 0
140	8	1 1 1 0 1 0 0 1 0 0 0 0 0 0 1 0
140	6	1 0 1 1 0 0 1 0 0 1 0 0 0 1 0 0
140	4	0 1 1 0 0 1 0 0 0 1 0 0 0 0 0 0
140	11	0 1 1 1 1 1 0 0 0 1 0 0 0 1 0 0
140	6	1 0 1 1 1 1 1 0 0 0 0 0 0 1 0 0
140	1	1 1 1 0 1 0 1 0 0 0 1 0 0 0 1 1
140	3	1 1 0 0 1 0 0 0 0 1 0 0 0 0 1 0
140	6	0 1 1 1 1 0 0 0 0 0 0 1 1 0 0 0
140	1	0 1 1 1 1 0 0 0 1 0 0 0 1 0 0 0
140	10	0 1 0 1 1 1 0 0 0 0 0 0 0 1 0 0
140	4	1 1 1 0 1 0 0 0 0 1 0 0 0 1 0 1
140	2	1 0 1 0 0 0 0 0 0 1 1 0 0 1 0 0
140	1	0 1 1 1 0 0 0 1 0 1 0 0 1 0 0 1
140	5	0 1 1 1 1 0 0 0 0 0 0 0 0 0 0 0
140	7	1 1 1 1 0 0 0 0 0 0 0 0 1 0 0 0
140	2	1 0 1 1 1 1 0 0 0 0 0 0 0 0 0 0
140	2	1 0 0 0 0 0 0 0 0 0 1 0 1 0 0 0
140	1	1 0 0 1 1 0 0 0 0 0 1 0 0 0 0 0
140	4	1 0 1 1 1 0 1 0 0 1 1 0 0 1 0 0
140	1	1 1 1 0 1 0 1 0 0 0 0 0 0 0 1 0
140	6	0 1 1 1 1 0 0 0 0 0 1 0 0 0 0 0
140	1	1 0 1 1 0 0 0 0 0 0 0 0 0 1 0 0
140	8	1 0 0 0 1 0 0 0 0 0 0 0 1 0 0 0
140	15	1 0 1 1 1 1 0 0 0 0 0 1 1 0 0 0
140	2	0 1 1 0 1 0 0 0 0 1 0 0 0 1 0 0
140	5	1 1 1 0 0 0 1 0 0 1 1 0 0 1 0 0
140	2	0 0 1 1 1 0 0 0 0 0 0 0 1 0 0 0
140	1	1 0 1 0 0 1 0 0 0 1 0 0 0 1 1 0
140	1	1 0 1 0 0 0 0 0 0 1 1 0 0 0 0 0
140	5	1 0 1 1 0 0 0 0 0 1 0 0 0 1 1 0
140	7	1 1 1 0 1 0 0 0 0 0 0 0 1 0 0 0
140	1	1 1 1 0 1 0 0 0 0 1 1 0 0 1 0 0
140	2	1 1 1 0 0 0 0 0 0 0 0 1 1 0 0 0
140	4	1 1 1 0 1 1 0 0 0 0 0 0 0 1 0 0
140	4	1 1 1 0 0 0 0 0 0 0 0 0 1 0 1 0
140	1	1 1 1 0 0 0 0 0 0 0 0 0 0 0 0 1
140	1	1 1 1 1 1 0 0 0 0 0 0 0 0 0 0 0
140	2	0 0 1 1 1 1 0 0 0 0 0 1 0 0 1 0
140	1	1 0 1 1 1 1 1 0 0 0 0 0 0 0 0 0
140	1	0 1 0 1 1 1 0 0 0 1 0 0 0 1 0 0
140	2	0 1 1 0 1 0 0 0 0 1 0 0 0 1 0 1
140	1	1 0 1 0 0 0 0 1 0 1 0 0 0 1 0 0
140	1	0 1 1 1 1 0 0 0 0 0 1 0 1 0 0 0
140	1	0 0 1 1 1 1 0 0 0 0 0 0 0 1 0 0
140	2	1 0 1 1 0 1 0 0 0 0 0 0 1 1 0 0
140	1	0 1 0 1 1 1 0 0 0 0 0 1 0 1 0 0
140	1	0 1 1 0 0 0 0 1 0 1 0 0 1 0 0 1
150	7	0 0 1 0 0 0 0 0 0 1 0 0 0 1 0 0
150	25	1 0 1 0 0 0 0 0 0 1 0 0 0 1 0 0
150	39	1 1 1 0 1 0 0 0 0 0 0 0 0 0 1 0
150	116	0 1 1 1 1 0 0 0 0 0 0 0 1 0 0 0
150	1	0 0 1 0 0 0 0 0 0 1 0 0 0 0 0 0
150	10	1 1 1 0 0 0 0 0 0 1 0 0 0 1 0 0
150	13	0 1 1 0 0 1 0 0 0 0 0 0 0 0 0 0
150	2	1 0 1 0 0 0 0 0 0 0 0 0 0 1 0 0
150	10	1 0 1 1 0 0 0 0 0 1 0 0 0 1 0 0
150	9	0 1 1 1 1 1 0 0 0 0 0 0 0 1 0 0
150	73	1 1 1 0 1 0 0 0 0 0 0 0 0 0 0 0
150	48	1 1 1 0 1 0 0 0 0 1 0 0 0 1 0 0
150	33	1 1 1 1 0 0 0 0 0 0 0 0 0 1 0 0
150	6	1 1 1 0 0 0 0 0 0 0 0 1 0 0 1 0
150	5	0 1 1 1 0 0 0 0 0 1 0 0 0 1 0 0
150	26	0 1 1 1 0 0 0 0 0 0 0 0 1 0 0 0
150	4	0 1 1 1 1 0 0 1 0 1 0 0 1 0 0 0
150	15	1 0 1 0 0 0 1 0 0 1 1 0 0 1 0 0
150	15	1 1 1 0 1 0 0 0 0 1 0 0 0 0 0 0
150	19	0 0 0 1 1 0 0 0 0 0 1 0 0 0 0 0
150	7	0 1 1 1 1 0 0 0 0 0 0 0 0 1 0 0
150	9	0 1 1 0 0 1 1 0 0 0 0 0 0 0 0 0
150	7	1 0 1 0 0 0 0 0 0 1 0 0 0 0 1 0
150	30	1 1 1 1 1 0 0 0 0 0 0 0 1 0 0 0
150	4	1 0 1 0 0 1 1 0 1 1 1 0 0 1 0 0
150	4	1 1 1 0 1 0 1 0 0 0 0 0 0 0 0 0
150	1	1 0 1 0 0 0 0 0 0 0 1 0 1 0 0 0
150	36	1 1 1 0 1 0 1 0 0 0 1 0 0 0 1 0
150	1	0 1 1 1 0 1 1 1 0 0 0 0 0 1 0 1
150	7	1 0 1 1 0 1 0 0 0 0 0 0 0 1 0 0
150	7	1 0 1 0 0 0 0 0 0 0 0 0 0 0 0 0
150	28	0 1 1 1 1 0 0 0 0 1 0 0 1 0 0 0
150	2	0 1 1 0 0 0 0 0 0 0 0 0 1 0 1 0
150	22	1 0 1 1 1 0 0 0 0 0 0 0 1 0 0 0
150	23	0 1 1 1 1 1 1 0 0 0 0 0 0 1 0 0
150	5	1 1 1 0 1 0 0 0 0 0 0 0 0 1 0 0
150	3	0 0 1 1 1 1 0 0 0 0 0 1 1 0 0 0
150	1	0 1 1 1 1 0 0 0 0 0 0 0 1 1 0 0
150	2	1 1 1 0 0 0 0 0 0 1 0 0 0 0 0 0
150	5	1 1 1 0 1 0 0 1 0 0 0 0 0 0 1 0
150	40	1 0 1 1 0 0 1 0 0 1 0 0 0 1 0 0
150	6	1 0 1 1 1 1 1 0 0 0 0 0 0 1 0 0
150	1	1 1 0 0 1 0 0 0 0 1 0 0 0 0 1 0
150	3	0 1 0 1 1 1 0 0 0 0 0 0 0 1 0 0
150	5	0 1 1 1 1 0 0 0 0 0 0 0 0 0 0 0
150	10	1 1 1 1 0 0 0 0 0 0 0 0 1 0 0 0
150	2	1 0 0 0 0 0 0 0 0 0 1 0 1 0 0 0
150	8	1 0 1 1 1 0 1 0 0 1 1 0 0 1 0 0
150	7	1 0 0 0 1 0 0 0 0 0 0 0 1 0 0 0
150	9	1 0 1 1 1 1 0 0 0 0 0 1 1 0 0 0
150	29	1 1 1 0 1 0 0 0 0 0 0 0 1 0 0 0
150	3	1 1 1 0 1 1 0 0 0 0 0 0 0 1 0 0
150	9	1 0 1 1 1 1 1 0 0 0 0 0 0 0 0 0
150	10	0 1 1 1 1 1 0 0 0 0 0 0 1 0 0 0
150	14	1 1 1 0 0 0 0 0 0 0 0 0 0 1 0 0
150	14	1 1 1 0 1 0 0 0 0 0 0 1 0 0 1 0
150	3	1 1 1 0 1 0 0 1 0 0 0 0 0 0 0 0
150	6	1 1 1 1 0 0 0 0 0 0 0 0 0 0 0 0
150	3	0 1 0 1 1 0 0 0 0 0 1 0 0 0 0 0
150	8	0 1 0 1 1 0 0 0 0 0 0 0 0 1 0 0
150	7	1 1 1 0 1 0 1 0 0 1 0 0 0 0 0 0
150	12	0 1 1 0 1 0 0 0 0 0 0 0 0 0 0 0
150	1	0 1 1 1 1 0 1 0 0 0 0 0 1 0 0 0
150	8	1 0 1 0 0 0 1 0 0 1 1 1 0 1 0 0
150	2	1 1 1 1 1 0 0 0 0 0 1 0 1 0 0 0
150	1	0 1 1 1 1 0 0 0 0 1 0 0 0 0 0 0
150	3	1 1 1 1 1 0 0 0 0 0 0 1 0 0 1 0
150	8	0 1 1 0 1 0 0 1 0 1 0 0 0 0 0 0
150	2	1 0 1 0 0 0 1 0 0 1 0 1 0 1 0 0
150	4	0 1 1 0 0 1 1 0 0 0 0 0 0 1 0 0
150	3	1 0 1 1 0 0 1 0 0 1 0 0 0 0 0 0
150	3	1 0 1 1 1 1 0 0 0 0 0 0 0 0 1 0
150	1	0 0 1 1 1 0 0 0 0 0 0 0 1 0 0 0
150	5	0 1 1 0 0 1 1 0 0 0 0 0 0 0 0 1
150	1	1 0 1 0 0 0 0 0 0 0 1 0 1 0 1 0
150	7	1 1 1 1 1 0 0 0 0 0 0 0 0 1 0 0
150	1	1 1 1 0 0 0 0 0 1 1 0 0 0 1 0 0
150	1	0 1 1 0 0 0 0 0 0 0 0 0 1 0 0 0
150	2	0 1 1 1 1 0 0 0 0 0 0 1 0 1 0 0
150	4	1 0 1 0 0 0 1 0 0 1 0 0 0 0 1 0
150	4	1 0 1 0 0 0 0 0 0 1 0 0 0 1 1 0
150	6	1 0 1 0 0 0 1 0 1 1 1 0 0 1 0 0
150	5	1 0 1 1 0 0 0 0 0 0 0 0 1 0 0 0
150	1	0 1 0 1 1 1 0 0 0 0 1 0 0 0 0 0
150	4	1 1 1 0 1 0 0 1 0 0 0 0 0 1 0 0
150	1	1 0 1 1 1 1 0 0 0 0 0 1 1 1 0 0
150	2	0 0 0 1 1 0 1 0 0 1 0 0 0 1 0 0
150	1	0 1 1 0 1 1 1 0 0 0 0 0 0 1 0 0
150	3	1 1 1 0 1 1 0 0 0 0 0 0 0 0 0 0
150	1	0 0 0 1 1 0 0 0 0 0 1 1 0 0 0 0
150	4	0 1 1 0 1 0 1 0 0 0 1 0 0 0 1 0
150	1	0 1 1 1 0 0 0 0 0 0 0 0 0 0 0 0
150	3	0 1 1 0 0 1 0 0 0 0 0 0 0 0 1 0
150	1	1 1 1 1 0 0 0 0 0 1 1 1 0 1 0 0
150	2	0 1 1 1 0 0 0 0 0 0 0 0 0 1 0 0
150	1	1 0 1 0 0 0 0 0 0 1 0 0 1 0 0 0
150	1	1 1 1 1 1 0 0 0 0 0 0 0 0 0 0 0
150	1	1 1 1 1 0 0 0 0 0 0 0 0 0 0 1 0
150	2	1 0 1 1 1 1 1 0 0 1 0 0 0 1 0 0
150	2	1 1 1 0 0 0 1 0 0 1 0 0 0 1 0 0
150	1	1 0 1 0 1 0 0 0 0 0 0 0 1 0 0 0
150	2	1 0 1 1 0 0 1 0 0 0 0 0 1 0 0 0
150	1	1 0 1 0 0 0 0 0 0 0 0 1 1 0 0 0
150	1	1 1 1 0 1 0 0 0 1 1 0 0 0 1 0 0
150	2	0 1 1 0 0 0 0 0 0 0 0 1 0 0 1 0
150	1	0 0 1 1 1 1 0 0 0 0 0 0 1 0 0 0
160	2	0 0 1 0 0 0 0 0 0 1 0 0 0 1 0 0
160	13	1 0 1 0 0 0 0 0 0 1 0 0 0 1 0 0
160	44	1 1 1 0 1 0 0 0 0 0 0 0 0 0 1 0
160	72	0 1 1 1 1 0 0 0 0 0 0 0 1 0 0 0
160	10	1 1 1 0 0 0 0 0 0 1 0 0 0 1 0 0
160	7	0 1 1 0 0 1 0 0 0 0 0 0 0 0 0 0
160	5	0 1 1 1 1 1 0 0 0 0 0 0 0 1 0 0
160	53	1 1 1 0 1 0 0 0 0 0 0 0 0 0 0 0
160	23	1 1 1 0 1 0 0 0 0 1 0 0 0 1 0 0
160	22	1 1 1 1 0 0 0 0 0 0 0 0 0 1 0 0
160	5	1 1 1 0 0 0 0 0 0 0 0 1 0 0 1 0
160	18	0 1 1 1 0 0 0 0 0 1 0 0 0 1 0 0
160	76	0 1 1 1 0 0 0 0 0 0 0 0 1 0 0 0
160	9	0 1 1 1 1 0 0 1 0 1 0 0 1 0 0 0
160	4	1 0 1 0 0 0 1 0 0 1 1 0 0 1 0 0
160	18	1 1 1 0 1 0 0 0 0 1 0 0 0 0 0 0
160	15	0 0 0 1 1 0 0 0 0 0 1 0 0 0 0 0
160	19	0 1 1 1 1 0 0 0 0 0 0 0 0 1 0 0
160	3	0 1 1 0 0 1 1 0 0 0 0 0 0 0 0 0
160	9	1 0 1 0 0 0 0 0 0 1 0 0 0 0 1 0
160	29	1 1 1 1 1 0 0 0 0 0 0 0 1 0 0 0
160	2	1 1 1 0 1 0 1 0 0 0 0 0 0 0 0 0
160	57	1 1 1 0 1 0 1 0 0 0 1 0 0 0 1 0
160	1	0 1 1 1 0 1 1 1 0 0 0 0 0 1 0 1
160	17	1 0 1 0 0 0 0 0 0 0 0 0 0 0 0 0
160	8	0 1 1 1 1 0 0 0 0 1 0 0 1 0 0 0
160	14	1 0 1 1 1 0 0 0 0 0 0 0 1 0 0 0
160	4	0 1 1 1 1 1 1 0 0 0 0 0 0 1 0 0
160	4	0 1 1 1 1 0 0 0 0 0 0 0 1 1 0 0
160	11	1 1 1 0 0 0 0 0 0 1 0 0 0 0 0 0
160	8	1 0 1 1 0 0 1 0 0 1 0 0 0 1 0 0
160	3	1 0 1 1 1 1 1 0 0 0 0 0 0 1 0 0
160	12	0 1 0 1 1 1 0 0 0 0 0 0 0 1 0 0
160	6	1 1 1 1 0 0 0 0 0 0 0 0 1 0 0 0
160	6	1 0 1 1 1 0 1 0 0 1 1 0 0 1 0 0
160	20	1 0 0 0 1 0 0 0 0 0 0 0 1 0 0 0
160	17	1 1 1 0 1 0 0 0 0 0 0 0 1 0 0 0
160	5	1 0 1 1 1 1 1 0 0 0 0 0 0 0 0 0
160	30	0 1 1 1 1 1 0 0 0 0 0 0 1 0 0 0
160	3	1 1 1 0 0 0 0 0 0 0 0 0 0 1 0 0
160	15	1 1 1 0 1 0 0 0 0 0 0 1 0 0 1 0
160	1	1 1 1 0 1 0 0 1 0 0 0 0 0 0 0 0
160	5	1 1 1 1 0 0 0 0 0 0 0 0 0 0 0 0
160	9	0 1 0 1 1 0 0 0 0 0 1 0 0 0 0 0
160	13	0 1 0 1 1 0 0 0 0 0 0 0 0 1 0 0
160	17	0 1 1 0 1 0 0 0 0 0 0 0 0 0 0 0
160	4	1 1 1 1 1 0 0 0 0 0 1 0 1 0 0 0
160	1	1 1 1 1 1 0 0 0 0 0 0 1 0 0 1 0
160	8	0 1 1 0 1 0 0 1 0 1 0 0 0 0 0 0
160	3	1 0 1 1 0 0 1 0 0 1 0 0 0 0 0 0
160	6	1 0 1 1 1 1 0 0 0 0 0 0 0 0 1 0
160	6	0 1 1 0 0 1 1 0 0 0 0 0 0 0 0 1
160	4	1 1 1 1 1 0 0 0 0 0 0 0 0 1 0 0
160	3	1 0 1 0 0 0 0 0 0 1 0 0 0 1 1 0
160	16	1 0 1 0 0 0 1 0 1 1 1 0 0 1 0 0
160	2	1 0 1 1 0 0 0 0 0 0 0 0 1 0 0 0
160	14	1 0 1 1 1 1 0 0 0 0 0 1 1 1 0 0
160	1	0 0 0 1 1 0 1 0 0 1 0 0 0 1 0 0
160	5	1 1 1 0 1 1 0 0 0 0 0 0 0 0 0 0
160	19	0 1 1 0 1 0 1 0 0 0 1 0 0 0 1 0
160	5	0 1 1 1 0 0 0 0 0 0 0 0 0 0 0 0
160	10	1 1 1 1 1 0 0 0 0 0 0 0 0 0 0 0
160	1	1 1 1 0 0 0 1 0 0 0 0 0 1 0 0 0
160	9	1 1 1 0 1 0 1 0 0 1 0 0 0 1 0 0
160	10	1 1 1 0 0 0 0 0 0 0 0 0 0 0 0 0
160	2	0 1 1 0 0 0 0 0 0 0 0 0 0 1 0 0
160	13	0 1 1 1 1 1 1 0 0 0 1 0 0 0 1 0
160	2	0 1 0 1 1 0 0 0 0 0 0 0 1 0 0 0
160	3	0 0 1 0 0 1 0 0 0 0 0 0 0 0 0 0
160	2	1 0 1 1 1 0 1 0 0 1 0 0 0 1 0 0
160	3	0 1 1 0 1 0 0 0 0 0 0 0 1 0 0 0
160	2	0 1 1 1 1 0 0 1 0 0 0 0 1 0 0 0
160	4	1 1 1 0 0 0 0 0 0 1 0 0 0 1 1 0
160	3	0 1 1 0 1 0 1 0 0 0 0 0 0 0 0 0
160	6	1 0 1 0 0 0 1 0 0 1 1 0 0 0 0 0
160	2	0 1 1 0 0 0 0 0 0 1 0 0 0 1 0 0
160	6	1 1 1 0 1 1 0 0 0 0 0 0 0 0 1 0
160	6	1 1 1 0 1 1 0 0 0 1 0 0 1 0 0 0
160	9	0 1 1 1 0 0 0 0 0 0 0 0 0 1 0 0
160	1	1 1 1 0 1 0 1 0 0 0 1 0 0 0 0 0
160	4	0 1 1 1 1 1 0 0 0 1 0 0 1 0 0 0
160	1	1 0 1 0 0 0 0 0 0 1 0 0 1 0 1 0
160	3	1 1 1 0 0 0 1 0 0 0 1 0 0 0 1 0
160	5	1 0 0 0 1 0 1 0 0 0 1 0 0 0 1 0
160	8	1 1 0 0 1 0 0 0 0 0 0 0 0 0 1 0
160	3	0 1 1 0 1 1 1 0 0 0 0 0 0 0 0 0
160	3	1 1 1 1 1 1 0 0 0 0 0 0 1 0 0 0
160	5	1 1 1 1 1 0 1 0 0 0 0 0 0 0 0 0
160	1	1 0 1 1 1 0 0 0 0 0 0 0 1 1 0 0
160	6	0 1 1 0 1 0 0 0 0 0 0 0 0 1 0 0
160	3	1 1 1 1 1 0 0 0 0 0 0 0 0 0 1 0
160	1	1 1 1 0 0 1 1 0 0 0 0 0 0 0 0 1
160	2	1 0 1 1 1 0 0 0 0 0 1 0 0 0 0 0
160	1	0 1 1 0 1 0 0 0 0 0 0 0 0 0 1 0
160	1	0 1 1 0 1 0 0 1 0 1 0 0 0 1 0 0
160	1	1 1 0 0 1 0 0 0 0 0 0 0 0 0 0 0
160	1	1 0 1 1 0 0 0 0 0 0 0 0 0 1 0 0
160	1	1 0 1 0 0 1 0 0 0 1 0 0 0 0 1 0
160	1	0 1 0 0 1 0 0 0 0 0 0 0 0 0 0 0
160	3	1 1 1 0 0 0 1 0 0 0 1 0 0 0 1 1
160	2	1 1 1 0 1 0 1 0 0 0 0 0 1 0 0 0
160	1	1 0 1 1 1 0 0 0 0 1 0 0 0 1 0 0
160	1	1 0 1 1 1 0 0 0 0 0 0 0 0 0 0 0
160	2	0 1 1 0 0 1 0 0 0 1 0 0 0 0 0 0
160	2	1 1 1 1 0 0 0 0 0 0 0 0 0 1 1 0
160	1	1 1 1 0 1 0 1 0 0 0 1 0 1 0 1 0
160	2	0 1 1 0 1 0 1 0 0 0 0 0 0 0 1 0
170	14	1 0 1 0 0 0 0 0 0 1 0 0 0 1 0 0
170	4	1 1 1 0 1 0 0 0 0 0 0 0 0 0 1 0
170	33	0 1 1 1 1 0 0 0 0 0 0 0 1 0 0 0
170	10	1 1 1 0 0 0 0 0 0 1 0 0 0 1 0 0
170	11	0 1 1 0 0 1 0 0 0 0 0 0 0 0 0 0
170	37	1 1 1 0 1 0 0 0 0 0 0 0 0 0 0 0
170	21	1 1 1 0 1 0 0 0 0 1 0 0 0 1 0 0
170	23	1 1 1 1 0 0 0 0 0 0 0 0 0 1 0 0
170	34	0 1 1 1 0 0 0 0 0 1 0 0 0 1 0 0
170	78	0 1 1 1 0 0 0 0 0 0 0 0 1 0 0 0
170	14	0 1 1 1 1 0 0 1 0 1 0 0 1 0 0 0
170	12	1 1 1 0 1 0 0 0 0 1 0 0 0 0 0 0
170	19	0 1 1 1 1 0 0 0 0 0 0 0 0 1 0 0
170	54	1 1 1 1 1 0 0 0 0 0 0 0 1 0 0 0
170	48	1 1 1 0 1 0 1 0 0 0 1 0 0 0 1 0
170	5	1 0 1 0 0 0 0 0 0 0 0 0 0 0 0 0
170	17	0 1 1 1 1 0 0 0 0 1 0 0 1 0 0 0
170	6	1 0 1 1 1 0 0 0 0 0 0 0 1 0 0 0
170	9	1 1 1 0 0 0 0 0 0 1 0 0 0 0 0 0
170	5	1 0 1 1 0 0 1 0 0 1 0 0 0 1 0 0
170	13	1 1 1 1 0 0 0 0 0 0 0 0 1 0 0 0
170	10	1 0 1 1 1 0 1 0 0 1 1 0 0 1 0 0
170	1	1 0 0 0 1 0 0 0 0 0 0 0 1 0 0 0
170	21	1 1 1 0 1 0 0 0 0 0 0 0 1 0 0 0
170	57	0 1 1 1 1 1 0 0 0 0 0 0 1 0 0 0
170	1	1 1 1 0 1 0 0 0 0 0 0 1 0 0 1 0
170	20	1 1 1 1 0 0 0 0 0 0 0 0 0 0 0 0
170	14	0 1 0 1 1 0 0 0 0 0 1 0 0 0 0 0
170	5	0 1 0 1 1 0 0 0 0 0 0 0 0 1 0 0
170	17	0 1 1 0 1 0 0 0 0 0 0 0 0 0 0 0
170	18	1 1 1 1 1 0 0 0 0 0 1 0 1 0 0 0
170	26	0 1 1 0 1 0 0 1 0 1 0 0 0 0 0 0
170	1	1 0 1 0 0 0 0 0 0 1 0 0 0 1 1 0
170	9	1 0 1 0 0 0 1 0 1 1 1 0 0 1 0 0
170	5	1 0 1 1 0 0 0 0 0 0 0 0 1 0 0 0
170	6	1 1 1 0 1 1 0 0 0 0 0 0 0 0 0 0
170	25	0 1 1 0 1 0 1 0 0 0 1 0 0 0 1 0
170	15	0 1 1 1 0 0 0 0 0 0 0 0 0 0 0 0
170	7	1 1 1 1 1 0 0 0 0 0 0 0 0 0 0 0
170	3	1 1 1 0 0 0 0 0 0 0 0 0 0 0 0 0
170	2	0 1 1 0 0 0 0 0 0 0 0 0 0 1 0 0
170	5	0 1 1 1 1 1 1 0 0 0 1 0 0 0 1 0
170	2	0 1 0 1 1 0 0 0 0 0 0 0 1 0 0 0
170	3	0 0 1 0 0 1 0 0 0 0 0 0 0 0 0 0
170	10	0 1 1 0 1 0 1 0 0 0 0 0 0 0 0 0
170	6	1 0 1 0 0 0 1 0 0 1 1 0 0 0 0 0
170	5	0 1 1 0 0 0 0 0 0 1 0 0 0 1 0 0
170	5	1 1 1 0 1 1 0 0 0 0 0 0 0 0 1 0
170	10	1 1 1 0 1 1 0 0 0 1 0 0 1 0 0 0
170	6	0 1 1 1 0 0 0 0 0 0 0 0 0 1 0 0
170	6	0 1 1 1 1 1 0 0 0 1 0 0 1 0 0 0
170	9	1 1 0 0 1 0 0 0 0 0 0 0 0 0 1 0
170	2	1 1 1 1 1 1 0 0 0 0 0 0 1 0 0 0
170	19	1 1 1 1 1 0 1 0 0 0 0 0 0 0 0 0
170	7	1 0 1 1 1 0 0 0 0 0 0 0 1 1 0 0
170	6	1 0 1 1 0 0 0 0 0 0 0 0 0 1 0 0
170	2	1 1 1 0 0 0 1 0 0 0 1 0 0 0 1 1
170	4	1 0 1 1 1 0 0 0 0 0 0 0 0 0 0 0
170	20	0 1 1 0 0 1 0 0 0 1 0 0 0 0 0 0
170	1	0 1 1 0 1 0 1 0 0 0 0 0 0 0 1 0
170	8	1 0 1 1 1 0 0 0 0 0 0 0 0 1 0 0
170	7	0 1 1 1 1 0 0 0 1 1 0 0 1 0 0 0
170	4	1 0 1 1 1 0 0 0 0 0 0 0 1 0 1 0
170	4	1 1 1 0 1 0 1 0 0 1 0 0 1 0 0 0
170	1	1 0 1 0 0 0 1 0 0 1 1 0 0 0 1 0
170	4	1 0 1 0 0 0 0 0 0 0 0 0 0 1 0 0
170	2	1 0 1 0 0 0 1 0 0 1 1 0 1 0 0 0
170	5	1 1 1 0 1 0 0 0 0 0 0 1 0 0 0 0
170	4	1 1 1 1 1 0 1 0 0 0 1 0 0 0 1 0
170	6	1 0 1 1 1 0 0 0 0 0 0 1 1 0 0 0
170	2	1 0 1 1 0 0 1 0 0 0 0 0 0 1 0 0
170	2	0 1 1 1 1 1 0 0 0 1 0 0 0 1 0 0
170	2	0 1 1 1 1 1 0 0 1 1 0 0 1 0 0 0
170	3	1 0 1 1 1 0 0 0 0 1 0 0 0 0 0 0
170	1	1 1 1 0 1 1 0 0 0 0 0 0 1 0 0 0
170	8	0 1 1 1 0 1 0 0 0 0 0 0 1 0 0 0
170	6	0 1 1 1 0 0 1 0 0 0 0 0 1 0 0 0
170	5	0 1 1 1 1 0 0 0 0 0 1 0 1 0 0 0
170	3	1 1 1 1 0 1 0 0 0 0 0 0 1 0 0 0
170	1	0 1 1 1 0 0 0 0 0 1 1 0 0 1 0 0
170	6	0 0 1 1 1 1 0 0 0 0 0 0 1 0 0 0
170	2	1 1 1 0 0 1 0 0 0 1 0 0 0 0 0 0
170	2	0 1 1 1 1 0 0 0 0 0 0 0 0 0 0 0
170	3	0 1 1 1 0 0 1 0 0 0 1 0 0 0 1 0
170	5	0 1 1 1 1 1 0 0 0 0 0 0 0 0 1 0
170	1	0 1 1 1 1 1 0 0 0 0 0 0 0 1 0 0
170	3	1 1 1 1 1 0 0 0 0 0 0 0 1 1 0 0
170	4	0 1 1 0 1 0 0 1 0 1 0 0 0 1 0 0
170	4	1 1 1 0 1 1 0 1 0 0 0 0 0 0 0 0
170	2	0 1 0 0 1 0 1 0 0 0 1 0 0 0 1 0
170	1	1 1 1 1 0 0 0 1 0 1 0 0 0 1 0 0
170	3	0 1 1 1 0 0 0 0 0 0 0 0 0 0 1 0
170	3	0 1 1 0 1 0 1 0 0 0 1 0 0 0 0 0
170	2	0 0 1 1 0 0 0 0 0 0 0 0 1 0 0 0
170	1	1 0 1 1 1 0 0 0 0 1 0 0 1 0 0 0
170	2	1 1 1 0 1 1 0 0 0 0 0 0 0 0 0 1
170	2	0 1 1 1 0 1 0 0 0 0 0 0 0 0 1 0
170	1	1 0 1 1 1 0 0 0 0 0 1 0 1 0 0 0
170	2	0 1 1 0 1 0 0 0 0 0 0 0 0 0 1 0
170	2	0 1 1 1 1 1 1 0 0 0 0 0 1 0 0 0
170	4	0 1 1 0 0 1 0 1 0 0 0 0 0 0 0 0
170	1	1 1 1 0 1 0 0 0 0 0 0 0 0 1 0 0
170	1	0 1 1 1 0 0 1 0 0 1 0 0 0 1 0 0
170	1	0 1 1 0 1 0 0 0 0 1 0 0 1 0 0 0
170	1	0 1 1 1 1 0 0 0 0 1 1 0 1 0 0 0
170	1	1 1 1 0 0 0 0 1 0 1 0 0 0 0 0 0
170	2	1 0 1 0 0 0 1 0 0 0 1 0 0 0 0 0
170	1	0 1 1 1 1 1 0 0 0 1 0 0 1 1 0 0
170	1	1 1 1 1 1 0 1 0 0 0 1 0 0 0 0 0
180	4	1 0 1 0 0 0 0 0 0 1 0 0 0 1 0 0
180	15	0 1 1 1 1 0 0 0 0 0 0 0 1 0 0 0
180	9	1 1 1 0 0 0 0 0 0 1 0 0 0 1 0 0
180	20	0 1 1 0 0 1 0 0 0 0 0 0 0 0 0 0
180	41	1 1 1 0 1 0 0 0 0 0 0 0 0 0 0 0
180	21	1 1 1 0 1 0 0 0 0 1 0 0 0 1 0 0
180	2	1 1 1 1 0 0 0 0 0 0 0 0 0 1 0 0
180	42	0 1 1 1 0 0 0 0 0 1 0 0 0 1 0 0
180	23	0 1 1 1 0 0 0 0 0 0 0 0 1 0 0 0
180	4	0 1 1 1 1 0 0 1 0 1 0 0 1 0 0 0
180	20	1 1 1 0 1 0 0 0 0 1 0 0 0 0 0 0
180	17	0 1 1 1 1 0 0 0 0 0 0 0 0 1 0 0
180	34	1 1 1 1 1 0 0 0 0 0 0 0 1 0 0 0
180	50	1 1 1 0 1 0 1 0 0 0 1 0 0 0 1 0
180	5	1 0 1 0 0 0 0 0 0 0 0 0 0 0 0 0
180	6	0 1 1 1 1 0 0 0 0 1 0 0 1 0 0 0
180	14	1 1 1 0 0 0 0 0 0 1 0 0 0 0 0 0
180	4	1 1 1 1 0 0 0 0 0 0 0 0 1 0 0 0
180	6	1 0 1 1 1 0 1 0 0 1 1 0 0 1 0 0
180	36	1 1 1 0 1 0 0 0 0 0 0 0 1 0 0 0
180	29	0 1 1 1 1 1 0 0 0 0 0 0 1 0 0 0
180	14	1 1 1 1 0 0 0 0 0 0 0 0 0 0 0 0
180	3	0 1 0 1 1 0 0 0 0 0 1 0 0 0 0 0
180	5	0 1 1 0 1 0 0 0 0 0 0 0 0 0 0 0
180	33	1 1 1 1 1 0 0 0 0 0 1 0 1 0 0 0
180	22	0 1 1 0 1 0 0 1 0 1 0 0 0 0 0 0
180	11	1 0 1 0 0 0 1 0 1 1 1 0 0 1 0 0
180	19	0 1 1 0 1 0 1 0 0 0 1 0 0 0 1 0
180	4	0 1 1 1 0 0 0 0 0 0 0 0 0 0 0 0
180	28	1 1 1 1 1 0 0 0 0 0 0 0 0 0 0 0
180	17	1 1 1 0 0 0 0 0 0 0 0 0 0 0 0 0
180	12	0 1 1 0 1 0 1 0 0 0 0 0 0 0 0 0
180	6	1 0 1 0 0 0 1 0 0 1 1 0 0 0 0 0
180	8	0 1 1 0 0 0 0 0 0 1 0 0 0 1 0 0
180	20	1 1 1 0 1 1 0 0 0 0 0 0 0 0 1 0
180	4	1 1 1 0 1 1 0 0 0 1 0 0 1 0 0 0
180	18	0 1 1 1 1 1 0 0 0 1 0 0 1 0 0 0
180	3	1 1 1 1 1 0 1 0 0 0 0 0 0 0 0 0
180	3	1 0 1 1 0 0 0 0 0 0 0 0 0 1 0 0
180	2	1 1 1 0 0 0 1 0 0 0 1 0 0 0 1 1
180	5	0 1 1 0 0 1 0 0 0 1 0 0 0 0 0 0
180	19	1 0 1 1 1 0 0 0 0 0 0 0 0 1 0 0
180	5	0 1 1 1 1 0 0 0 1 1 0 0 1 0 0 0
180	20	1 0 1 1 1 0 0 0 0 0 0 0 1 0 1 0
180	7	1 0 1 0 0 0 0 0 0 0 0 0 0 1 0 0
180	19	1 1 1 0 1 0 0 0 0 0 0 1 0 0 0 0
180	3	1 1 1 1 1 0 1 0 0 0 1 0 0 0 1 0
180	7	1 0 1 1 1 0 0 0 0 0 0 1 1 0 0 0
180	3	1 1 1 0 1 1 0 0 0 0 0 0 1 0 0 0
180	4	0 1 1 1 0 1 0 0 0 0 0 0 1 0 0 0
180	8	0 1 1 1 0 0 1 0 0 0 0 0 1 0 0 0
180	15	0 1 1 1 1 0 0 0 0 0 1 0 1 0 0 0
180	20	1 1 1 1 0 1 0 0 0 0 0 0 1 0 0 0
180	1	0 0 1 1 1 1 0 0 0 0 0 0 1 0 0 0
180	6	0 1 1 0 1 0 0 1 0 1 0 0 0 1 0 0
180	9	1 1 1 0 1 1 0 1 0 0 0 0 0 0 0 0
180	3	0 1 1 1 0 0 0 0 0 0 0 0 0 0 1 0
180	2	1 0 1 1 1 0 0 0 0 1 0 0 1 0 0 0
180	10	1 0 1 1 1 0 0 0 0 0 1 0 1 0 0 0
180	5	1 1 1 1 1 0 1 0 0 0 1 0 0 0 0 0
180	2	0 1 1 1 1 1 0 0 1 0 0 0 1 0 0 0
180	15	1 1 1 0 1 0 0 0 0 0 0 0 0 0 0 1
180	7	1 0 1 1 1 0 1 0 0 0 0 0 0 0 0 0
180	6	1 1 1 0 1 0 0 0 0 0 1 0 0 0 1 0
180	1	1 1 1 1 0 0 0 0 0 1 0 0 0 1 0 0
180	9	0 1 1 1 0 0 0 0 0 1 1 0 0 1 0 0
180	2	1 0 1 0 1 0 1 0 0 1 1 0 0 1 0 0
180	4	0 0 1 1 1 0 0 0 0 0 0 0 1 0 0 0
180	13	1 1 1 1 0 0 0 0 1 0 0 0 0 0 0 0
180	3	0 1 0 1 0 0 0 0 0 0 0 0 0 0 0 0
180	1	1 1 1 0 0 1 0 0 0 1 0 1 0 0 0 0
180	4	1 0 1 0 0 0 1 0 0 1 1 0 1 0 0 0
180	3	0 1 1 1 1 0 0 0 0 0 0 1 1 0 0 0
180	10	0 1 1 0 1 0 0 0 0 0 0 0 0 0 0 1
180	2	1 1 1 1 1 0 0 0 1 0 1 0 1 0 0 0
180	2	1 0 1 1 1 0 0 0 0 0 0 0 1 1 0 1
180	4	1 1 1 0 1 1 1 0 0 0 0 0 0 0 0 0
180	3	0 1 1 1 0 0 0 0 0 1 0 0 0 0 0 0
180	1	1 1 1 0 1 0 1 0 0 0 0 0 0 0 0 0
180	4	0 1 1 0 1 0 0 0 0 0 0 0 1 0 0 0
180	1	1 0 1 1 1 0 0 0 0 0 0 0 0 0 0 0
180	3	1 1 1 1 1 0 0 0 0 0 1 0 0 1 0 0
180	3	1 1 1 0 1 0 0 0 0 1 0 0 0 0 0 1
180	7	1 1 1 0 0 0 0 0 0 0 0 0 1 0 0 0
180	1	0 1 0 1 1 1 0 0 0 0 0 0 1 0 0 0
180	7	0 1 1 0 1 0 0 1 0 1 0 0 0 0 0 1
180	2	0 1 1 0 1 1 0 1 0 1 0 0 0 0 0 0
180	1	0 1 1 0 1 0 1 0 0 0 1 1 0 0 1 0
180	1	1 1 1 1 1 0 0 0 0 0 0 0 0 1 0 0
180	1	1 1 1 1 0 1 0 0 1 0 0 0 1 0 0 0
180	1	0 0 1 1 0 0 0 0 0 0 0 0 0 0 1 0
180	1	0 1 1 1 0 0 0 0 0 1 0 0 1 0 0 0
180	2	0 1 1 1 1 1 0 0 0 0 0 0 0 0 0 0
180	8	0 1 1 1 1 0 0 1 0 0 0 0 1 0 0 0
180	3	1 1 1 0 0 0 0 0 0 1 0 0 0 1 1 0
180	2	1 1 1 1 1 1 0 0 0 0 0 0 1 0 0 0
180	3	0 1 1 0 1 0 1 0 0 0 1 0 0 0 0 0
180	6	1 1 1 1 1 0 0 0 0 0 0 0 0 0 1 0
180	3	0 1 1 0 1 0 1 0 0 1 0 0 0 0 0 0
180	5	0 1 1 1 1 0 1 0 0 0 0 0 0 0 0 0
180	4	1 0 1 1 1 0 0 0 1 1 0 0 1 0 0 0
180	3	0 1 1 1 1 0 0 0 0 0 0 0 0 0 0 0
180	4	1 0 1 1 1 0 0 0 0 0 0 0 1 0 0 0
180	5	1 1 1 0 1 1 0 1 0 1 1 0 0 1 0 0
180	2	0 1 1 1 0 0 0 0 0 0 0 0 0 1 0 0
180	5	1 1 1 0 0 0 0 0 0 1 0 0 0 0 1 0
180	1	1 1 1 1 1 0 0 0 0 0 1 0 1 0 1 0
180	1	1 1 1 0 0 1 0 0 0 1 0 0 1 0 0 0
180	1	0 1 1 1 0 0 0 0 0 1 0 0 0 0 1 0
180	1	0 1 1 0 1 0 0 1 0 0 1 0 0 0 1 0
180	1	1 1 0 0 0 0 0 0 0 1 0 0 0 0 0 0
180	2	1 0 1 1 1 0 1 1 0 1 1 0 0 1 0 0
180	1	0 1 1 1 1 1 0 0 0 0 0 0 1 0 0 1
180	1	0 1 1 1 1 1 1 0 0 0 0 0 1 0 0 0
180	3	1 1 1 0 1 0 0 0 0 1 0 0 1 0 0 0
180	2	1 1 1 1 1 0 1 0 0 0 1 0 1 0 1 0
180	1	1 1 1 1 0 0 0 0 1 0 1 0 0 0 0 0
190	7	1 0 1 0 0 0 0 0 0 1 0 0 0 1 0 0
190	27	0 1 1 1 1 0 0 0 0 0 0 0 1 0 0 0
190	21	1 1 1 0 0 0 0 0 0 1 0 0 0 1 0 0
190	5	0 1 1 0 0 1 0 0 0 0 0 0 0 0 0 0
190	81	1 1 1 0 1 0 0 0 0 0 0 0 0 0 0 0
190	19	1 1 1 0 1 0 0 0 0 1 0 0 0 1 0 0
190	27	0 1 1 1 0 0 0 0 0 1 0 0 0 1 0 0
190	25	0 1 1 1 0 0 0 0 0 0 0 0 1 0 0 0
190	3	1 1 1 0 1 0 0 0 0 1 0 0 0 0 0 0
190	4	0 1 1 1 1 0 0 0 0 0 0 0 0 1 0 0
190	49	1 1 1 1 1 0 0 0 0 0 0 0 1 0 0 0
190	25	1 1 1 0 1 0 1 0 0 0 1 0 0 0 1 0
190	2	1 0 1 0 0 0 0 0 0 0 0 0 0 0 0 0
190	9	1 1 1 1 0 0 0 0 0 0 0 0 1 0 0 0
190	19	1 1 1 0 1 0 0 0 0 0 0 0 1 0 0 0
190	47	0 1 1 1 1 1 0 0 0 0 0 0 1 0 0 0
190	5	0 1 1 0 1 0 0 0 0 0 0 0 0 0 0 0
190	19	1 1 1 1 1 0 0 0 0 0 1 0 1 0 0 0
190	16	0 1 1 0 1 0 0 1 0 1 0 0 0 0 0 0
190	7	1 0 1 0 0 0 1 0 1 1 1 0 0 1 0 0
190	17	0 1 1 0 1 0 1 0 0 0 1 0 0 0 1 0
190	34	1 1 1 1 1 0 0 0 0 0 0 0 0 0 0 0
190	5	1 1 1 0 0 0 0 0 0 0 0 0 0 0 0 0
190	2	0 1 1 0 1 0 1 0 0 0 0 0 0 0 0 0
190	7	0 1 1 0 0 0 0 0 0 1 0 0 0 1 0 0
190	25	1 1 1 0 1 1 0 0 0 0 0 0 0 0 1 0
190	6	0 1 1 1 1 1 0 0 0 1 0 0 1 0 0 0
190	2	1 1 1 1 1 0 1 0 0 0 0 0 0 0 0 0
190	6	1 1 1 0 0 0 1 0 0 0 1 0 0 0 1 1
190	14	1 0 1 1 1 0 0 0 0 0 0 0 0 1 0 0
190	5	0 1 1 1 1 0 0 0 1 1 0 0 1 0 0 0
190	11	1 0 1 1 1 0 0 0 0 0 0 0 1 0 1 0
190	1	1 0 1 0 0 0 0 0 0 0 0 0 0 1 0 0
190	13	1 1 1 0 1 0 0 0 0 0 0 1 0 0 0 0
190	50	1 0 1 1 1 0 0 0 0 0 0 1 1 0 0 0
190	15	0 1 1 1 0 1 0 0 0 0 0 0 1 0 0 0
190	8	0 1 1 1 0 0 1 0 0 0 0 0 1 0 0 0
190	11	0 1 1 1 1 0 0 0 0 0 1 0 1 0 0 0
190	23	1 1 1 1 0 1 0 0 0 0 0 0 1 0 0 0
190	14	0 1 1 0 1 0 0 1 0 1 0 0 0 1 0 0
190	2	0 1 1 1 0 0 0 0 0 0 0 0 0 0 1 0
190	2	1 0 1 1 1 0 0 0 0 0 1 0 1 0 0 0
190	4	1 1 1 1 1 0 1 0 0 0 1 0 0 0 0 0
190	8	1 1 1 0 1 0 0 0 0 0 0 0 0 0 0 1
190	14	1 0 1 1 1 0 1 0 0 0 0 0 0 0 0 0
190	19	0 1 1 1 0 0 0 0 0 1 1 0 0 1 0 0
190	7	1 0 1 0 1 0 1 0 0 1 1 0 0 1 0 0
190	6	1 0 1 0 0 0 1 0 0 1 1 0 1 0 0 0
190	4	0 1 1 1 1 0 0 0 0 0 0 1 1 0 0 0
190	11	0 1 1 0 1 0 0 0 0 0 0 0 0 0 0 1
190	1	1 1 1 1 1 0 0 0 1 0 1 0 1 0 0 0
190	9	1 1 1 0 0 0 0 0 0 0 0 0 1 0 0 0
190	1	1 1 1 1 0 1 0 0 1 0 0 0 1 0 0 0
190	2	1 1 1 0 0 0 0 0 0 1 0 0 0 1 1 0
190	1	1 1 1 1 1 1 0 0 0 0 0 0 1 0 0 0
190	4	0 1 1 0 1 0 1 0 0 0 1 0 0 0 0 0
190	19	1 1 1 1 1 0 0 0 0 0 0 0 0 0 1 0
190	3	0 1 1 0 1 0 1 0 0 1 0 0 0 0 0 0
190	1	0 1 1 1 1 0 0 0 0 0 0 0 0 0 0 0
190	5	1 0 1 1 1 0 0 0 0 0 0 0 1 0 0 0
190	11	1 1 1 0 1 1 0 1 0 1 1 0 0 1 0 0
190	16	0 1 1 1 0 0 0 0 0 0 0 0 0 1 0 0
190	1	1 1 1 0 0 0 0 0 0 1 0 0 0 0 1 0
190	2	1 1 1 0 0 1 0 0 0 1 0 0 1 0 0 0
190	9	0 1 1 1 0 0 0 0 0 1 0 0 0 0 1 0
190	24	1 1 1 0 1 0 0 0 0 1 0 0 1 0 0 0
190	19	1 1 1 1 1 0 1 0 0 0 1 0 1 0 1 0
190	1	1 1 1 0 1 1 0 0 0 1 0 0 0 0 0 0
190	7	1 0 0 1 1 0 0 0 0 0 0 0 0 1 0 0
190	1	1 1 1 0 1 0 0 0 1 0 1 0 1 0 0 0
190	8	1 1 1 1 1 0 0 0 0 1 1 0 0 1 0 0
190	6	1 1 1 1 0 1 0 0 0 0 0 0 0 0 0 0
190	3	0 1 1 1 0 0 0 1 0 1 0 0 0 1 0 0
190	1	0 1 1 0 1 0 0 0 0 0 0 0 1 0 0 0
190	3	0 1 1 0 1 0 0 1 0 1 0 1 0 0 0 0
190	6	1 1 1 0 1 1 0 0 0 0 0 0 1 0 1 0
190	1	1 1 1 0 0 1 0 0 0 1 0 0 0 0 1 0
190	7	1 1 1 0 1 1 0 0 0 0 0 0 1 0 0 0
190	3	0 1 1 1 1 0 0 1 0 1 0 0 0 0 0 0
190	1	0 1 1 0 1 0 1 0 0 0 0 0 0 0 0 1
190	2	0 0 1 1 1 0 0 0 0 0 0 1 1 0 0 0
190	1	0 1 1 1 1 0 0 0 0 1 0 0 0 1 0 0
190	3	0 1 1 0 1 0 1 0 0 0 1 0 0 1 1 0
190	2	1 1 1 0 1 0 0 0 0 1 0 0 1 0 0 1
190	1	1 0 1 0 1 0 0 0 0 0 0 0 0 0 0 0
190	4	0 1 1 0 0 0 0 0 0 1 1 0 0 1 0 0
190	1	1 1 1 1 1 0 0 0 0 0 1 0 0 1 0 0
190	3	0 1 1 0 1 0 0 1 0 1 1 0 0 0 1 1
190	5	0 0 1 1 1 0 0 0 0 0 0 1 0 0 0 0
190	1	1 0 1 0 1 1 0 0 0 0 0 0 0 0 1 0
190	1	1 1 1 0 0 0 0 0 0 0 0 0 0 1 0 0
190	3	0 1 1 1 0 0 0 0 0 1 0 0 0 1 0 1
190	2	1 0 1 1 1 0 0 1 0 0 0 0 0 1 0 0
190	1	1 0 1 0 1 0 0 0 0 0 0 0 0 1 0 0
190	3	0 1 1 1 1 0 0 0 0 0 0 0 0 0 1 0
190	3	0 1 1 0 0 0 0 1 0 1 1 0 0 0 1 1
190	1	0 1 1 1 1 0 0 0 0 1 1 0 0 1 0 0
190	2	1 1 1 0 1 0 1 0 0 0 0 0 1 0 0 0
190	1	0 1 1 0 1 0 0 1 0 1 0 0 1 0 0 0
190	3	0 1 1 0 1 0 0 0 0 0 0 1 1 0 0 0
190	2	1 1 1 0 1 0 0 0 0 0 0 0 0 1 0 0
190	1	1 0 1 1 1 0 0 0 0 0 0 0 0 0 0 1
190	1	1 1 1 0 0 1 0 0 0 0 0 0 1 0 1 0
190	1	1 1 1 0 1 0 0 0 0 0 1 0 0 0 0 0
190	1	1 1 1 0 1 0 0 0 0 0 0 0 1 0 0 1
190	3	1 1 1 1 1 0 0 0 0 0 0 0 0 0 0 1
190	1	1 0 1 0 1 0 0 0 0 0 0 1 1 0 0 0
190	1	0 1 1 1 0 0 0 0 0 0 1 0 0 0 1 0
190	2	1 1 1 0 0 0 0 0 0 0 1 0 1 0 0 0
190	1	0 1 1 1 0 1 0 0 0 0 0 0 0 1 0 0
190	2	1 1 1 0 1 0 0 0 0 1 0 0 1 1 0 0
190	2	0 1 1 1 1 0 1 1 0 1 0 0 0 0 0 0
200	3	1 0 1 0 0 0 0 0 0 1 0 0 0 1 0 0
200	17	0 1 1 1 1 0 0 0 0 0 0 0 1 0 0 0
200	20	1 1 1 0 0 0 0 0 0 1 0 0 0 1 0 0
200	74	1 1 1 0 1 0 0 0 0 0 0 0 0 0 0 0
200	21	1 1 1 0 1 0 0 0 0 1 0 0 0 1 0 0
200	20	0 1 1 1 0 0 0 0 0 1 0 0 0 1 0 0
200	15	0 1 1 1 0 0 0 0 0 0 0 0 1 0 0 0
200	14	1 1 1 0 1 0 0 0 0 1 0 0 0 0 0 0
200	10	0 1 1 1 1 0 0 0 0 0 0 0 0 1 0 0
200	46	1 1 1 1 1 0 0 0 0 0 0 0 1 0 0 0
200	12	1 1 1 0 1 0 1 0 0 0 1 0 0 0 1 0
200	12	1 1 1 1 0 0 0 0 0 0 0 0 1 0 0 0
200	4	1 1 1 0 1 0 0 0 0 0 0 0 1 0 0 0
200	39	0 1 1 1 1 1 0 0 0 0 0 0 1 0 0 0
200	6	0 1 1 0 1 0 0 0 0 0 0 0 0 0 0 0
200	38	1 1 1 1 1 0 0 0 0 0 1 0 1 0 0 0
200	17	0 1 1 0 1 0 0 1 0 1 0 0 0 0 0 0
200	1	1 0 1 0 0 0 1 0 1 1 1 0 0 1 0 0
200	10	0 1 1 0 1 0 1 0 0 0 1 0 0 0 1 0
200	34	1 1 1 1 1 0 0 0 0 0 0 0 0 0 0 0
200	27	1 1 1 0 1 1 0 0 0 0 0 0 0 0 1 0
200	9	0 1 1 1 1 1 0 0 0 1 0 0 1 0 0 0
200	9	1 1 1 0 0 0 1 0 0 0 1 0 0 0 1 1
200	1	1 0 1 1 1 0 0 0 0 0 0 0 0 1 0 0
200	4	1 0 1 1 1 0 0 0 0 0 0 0 1 0 1 0
200	3	1 1 1 0 1 0 0 0 0 0 0 1 0 0 0 0
200	37	1 0 1 1 1 0 0 0 0 0 0 1 1 0 0 0
200	20	0 1 1 1 0 1 0 0 0 0 0 0 1 0 0 0
200	3	0 1 1 1 0 0 1 0 0 0 0 0 1 0 0 0
200	7	0 1 1 1 1 0 0 0 0 0 1 0 1 0 0 0
200	3	0 1 1 0 1 0 0 1 0 1 0 0 0 1 0 0
200	4	1 1 1 0 1 0 0 0 0 0 0 0 0 0 0 1
200	4	1 0 1 1 1 0 1 0 0 0 0 0 0 0 0 0
200	29	0 1 1 1 0 0 0 0 0 1 1 0 0 1 0 0
200	8	0 1 1 0 1 0 0 0 0 0 0 0 0 0 0 1
200	10	1 1 1 1 1 0 0 0 1 0 1 0 1 0 0 0
200	21	1 1 1 0 0 0 0 0 0 0 0 0 1 0 0 0
200	15	1 1 1 1 0 1 0 0 1 0 0 0 1 0 0 0
200	17	1 1 1 1 1 0 0 0 0 0 0 0 0 0 1 0
200	2	0 1 1 0 1 0 1 0 0 1 0 0 0 0 0 0
200	3	1 0 1 1 1 0 0 0 0 0 0 0 1 0 0 0
200	2	1 1 1 0 1 1 0 1 0 1 1 0 0 1 0 0
200	32	0 1 1 1 0 0 0 0 0 0 0 0 0 1 0 0
200	2	1 1 1 0 0 1 0 0 0 1 0 0 1 0 0 0
200	12	0 1 1 1 0 0 0 0 0 1 0 0 0 0 1 0
200	9	1 1 1 0 1 0 0 0 0 1 0 0 1 0 0 0
200	8	1 1 1 1 1 0 1 0 0 0 1 0 1 0 1 0
200	10	1 0 0 1 1 0 0 0 0 0 0 0 0 1 0 0
200	7	1 1 1 1 1 0 0 0 0 1 1 0 0 1 0 0
200	9	0 1 1 0 1 0 0 1 0 1 0 1 0 0 0 0
200	2	1 1 1 0 1 1 0 0 0 0 0 0 1 0 1 0
200	7	1 0 1 0 1 0 0 0 0 0 0 0 0 0 0 0
200	5	0 0 1 1 1 0 0 0 0 0 0 1 0 0 0 0
200	10	1 1 1 0 0 0 0 0 0 0 0 0 0 1 0 0
200	17	0 1 1 1 0 0 0 0 0 1 0 0 0 1 0 1
200	9	1 1 1 0 1 0 1 0 0 0 0 0 1 0 0 0
200	11	0 1 1 0 1 0 0 1 0 1 0 0 1 0 0 0
200	2	0 1 1 0 1 0 0 0 0 0 0 1 1 0 0 0
200	23	1 1 1 1 1 0 0 0 0 0 0 0 0 0 0 1
200	4	1 1 1 0 1 0 0 0 0 0 1 0 1 0 0 0
200	2	1 0 1 1 1 0 0 0 0 0 0 1 1 0 1 1
200	12	1 1 1 1 1 0 0 0 1 0 0 0 1 0 0 0
200	1	1 1 1 0 0 0 1 0 0 0 1 0 0 0 1 0
200	7	1 1 1 1 0 1 1 0 0 0 0 0 1 0 0 0
200	1	0 1 0 0 0 0 0 1 0 1 1 0 0 0 1 1
200	8	1 0 1 0 1 0 0 0 0 0 0 0 1 0 0 0
200	1	0 1 1 0 1 1 1 0 0 0 1 0 0 0 1 0
200	4	0 1 1 0 1 0 0 0 0 1 0 0 0 0 0 0
200	3	1 1 1 0 0 0 0 0 0 1 0 0 1 0 0 0
200	4	0 1 1 0 1 0 0 1 0 0 0 0 0 0 0 0
200	4	0 1 1 0 1 1 1 0 0 0 1 0 0 0 0 0
200	3	1 0 1 1 1 0 1 0 0 1 0 0 0 0 0 0
200	5	1 1 1 0 1 1 0 1 0 0 0 0 1 0 1 0
200	6	1 0 1 1 1 0 0 0 0 0 0 0 0 0 0 0
200	6	1 0 1 0 0 0 0 0 0 0 0 0 0 1 0 0
200	7	0 1 1 1 1 1 0 0 1 0 0 0 1 0 0 0
200	6	0 1 1 1 1 0 1 0 0 0 1 0 0 0 1 0
200	5	1 1 1 0 0 0 0 0 0 1 0 0 0 1 1 1
200	3	1 1 1 0 1 0 0 0 0 0 0 1 1 0 0 0
200	7	1 1 1 1 0 0 1 0 0 0 1 0 1 0 1 0
200	5	0 1 1 0 1 0 0 0 0 0 0 0 1 0 0 0
200	2	1 1 1 1 1 0 0 0 1 0 0 0 0 0 0 0
200	5	1 1 1 1 1 0 0 0 0 0 0 0 1 0 1 0
200	1	1 1 1 0 1 1 0 0 0 0 0 1 0 0 1 0
200	1	1 1 1 0 1 0 0 0 0 0 0 0 1 0 1 0
200	2	0 1 1 0 1 0 0 0 0 0 1 0 0 0 0 0
200	1	0 1 1 0 0 0 0 0 0 0 0 0 1 0 0 0
200	2	0 1 1 1 0 0 0 0 0 1 0 1 0 1 0 0
200	5	0 1 1 1 0 0 1 0 0 1 0 0 0 1 0 0
200	1	1 1 0 1 1 0 0 0 0 0 0 0 1 0 0 0
200	4	1 1 1 1 1 0 0 0 0 0 0 1 1 0 0 0
200	1	1 1 1 1 1 0 0 0 0 0 0 0 1 1 0 0
200	5	0 0 1 0 1 0 0 1 0 1 0 0 0 0 0 0
200	2	1 0 0 1 1 0 0 0 0 0 0 1 1 0 0 0
200	2	1 1 1 0 0 0 1 0 0 0 0 0 1 0 0 0
200	3	1 1 1 1 1 1 0 0 0 0 0 1 1 0 0 0
200	1	1 1 1 1 1 0 0 0 0 1 0 0 0 0 0 0
200	3	1 1 1 0 0 0 0 0 0 0 0 0 0 0 0 0
200	1	0 1 1 1 1 1 0 0 0 0 0 0 0 1 0 0
200	1	1 1 1 1 1 0 0 0 0 0 0 0 1 0 0 1
200	2	1 1 0 0 0 0 1 0 0 0 1 0 0 0 1 1
200	1	0 1 1 1 0 0 1 0 0 1 1 0 0 1 0 0
200	1	0 1 1 0 1 1 0 0 1 0 0 0 1 0 0 0
200	1	1 1 1 1 0 0 0 0 0 0 0 0 0 0 0 0
200	1	1 0 1 0 1 0 0 0 0 0 0 1 1 0 0 0
200	7	1 1 1 0 1 1 0 0 0 1 0 0 0 1 0 0
200	1	1 1 1 0 1 0 0 1 0 1 0 0 0 0 0 0
200	1	1 1 1 0 1 0 1 0 0 0 1 0 0 0 1 1
200	2	0 1 1 1 1 1 0 0 0 0 0 0 1 0 1 0
200	4	0 1 1 0 1 1 0 0 0 0 0 0 0 0 0 0
200	2	0 1 1 1 1 0 0 0 0 1 1 0 0 1 0 0
200	2	1 0 1 1 1 0 1 0 0 1 0 0 0 1 0 0
200	2	1 1 0 1 1 0 0 0 0 0 0 0 1 0 0 1
210	28	0 1 1 1 1 0 0 0 0 0 0 0 1 0 0 0
210	45	1 1 1 0 0 0 0 0 0 1 0 0 0 1 0 0
210	110	1 1 1 0 1 0 0 0 0 0 0 0 0 0 0 0
210	16	1 1 1 0 1 0 0 0 0 1 0 0 0 1 0 0
210	24	0 1 1 1 0 0 0 0 0 1 0 0 0 1 0 0
210	11	0 1 1 1 0 0 0 0 0 0 0 0 1 0 0 0
210	47	1 1 1 1 1 0 0 0 0 0 0 0 1 0 0 0
210	3	1 1 1 0 1 0 1 0 0 0 1 0 0 0 1 0
210	23	1 1 1 1 0 0 0 0 0 0 0 0 1 0 0 0
210	8	1 1 1 0 1 0 0 0 0 0 0 0 1 0 0 0
210	21	0 1 1 1 1 1 0 0 0 0 0 0 1 0 0 0
210	1	0 1 1 0 1 0 0 0 0 0 0 0 0 0 0 0
210	37	1 1 1 1 1 0 0 0 0 0 1 0 1 0 0 0
210	6	0 1 1 0 1 0 0 1 0 1 0 0 0 0 0 0
210	3	1 0 1 0 0 0 1 0 1 1 1 0 0 1 0 0
210	9	0 1 1 0 1 0 1 0 0 0 1 0 0 0 1 0
210	22	1 1 1 1 1 0 0 0 0 0 0 0 0 0 0 0
210	14	1 1 1 0 1 1 0 0 0 0 0 0 0 0 1 0
210	1	0 1 1 1 1 1 0 0 0 1 0 0 1 0 0 0
210	11	1 1 1 0 0 0 1 0 0 0 1 0 0 0 1 1
210	30	1 0 1 1 1 0 0 0 0 0 0 1 1 0 0 0
210	11	0 1 1 1 0 1 0 0 0 0 0 0 1 0 0 0
210	17	0 1 1 1 1 0 0 0 0 0 1 0 1 0 0 0
210	12	0 1 1 0 1 0 0 1 0 1 0 0 0 1 0 0
210	22	1 0 1 1 1 0 1 0 0 0 0 0 0 0 0 0
210	12	0 1 1 1 0 0 0 0 0 1 1 0 0 1 0 0
210	9	0 1 1 0 1 0 0 0 0 0 0 0 0 0 0 1
210	5	1 1 1 1 1 0 0 0 1 0 1 0 1 0 0 0
210	10	1 1 1 0 0 0 0 0 0 0 0 0 1 0 0 0
210	16	1 1 1 1 1 0 0 0 0 0 0 0 0 0 1 0
210	14	0 1 1 1 0 0 0 0 0 0 0 0 0 1 0 0
210	7	1 1 1 0 0 1 0 0 0 1 0 0 1 0 0 0
210	19	0 1 1 1 0 0 0 0 0 1 0 0 0 0 1 0
210	3	1 1 1 1 1 0 1 0 0 0 1 0 1 0 1 0
210	25	1 0 0 1 1 0 0 0 0 0 0 0 0 1 0 0
210	4	0 1 1 0 1 0 0 1 0 1 0 1 0 0 0 0
210	20	1 0 1 0 1 0 0 0 0 0 0 0 0 0 0 0
210	16	1 1 1 0 0 0 0 0 0 0 0 0 0 1 0 0
210	10	1 1 1 0 1 0 1 0 0 0 0 0 1 0 0 0
210	10	1 1 1 1 1 0 0 0 0 0 0 0 0 0 0 1
210	12	1 1 1 0 1 0 0 0 0 0 1 0 1 0 0 0
210	15	1 1 1 1 1 0 0 0 1 0 0 0 1 0 0 0
210	2	1 1 1 1 0 1 1 0 0 0 0 0 1 0 0 0
210	11	0 1 0 0 0 0 0 1 0 1 1 0 0 0 1 1
210	4	1 0 1 0 1 0 0 0 0 0 0 0 1 0 0 0
210	2	0 1 1 0 1 0 0 1 0 0 0 0 0 0 0 0
210	5	1 1 1 0 1 1 0 1 0 0 0 0 1 0 1 0
210	2	1 0 1 1 1 0 0 0 0 0 0 0 0 0 0 0
210	1	0 1 1 1 1 1 0 0 1 0 0 0 1 0 0 0
210	12	0 1 1 1 1 0 1 0 0 0 1 0 0 0 1 0
210	1	1 1 1 0 1 0 0 0 0 0 0 1 1 0 0 0
210	3	1 1 1 1 0 0 1 0 0 0 1 0 1 0 1 0
210	17	1 1 1 1 1 0 0 0 0 0 0 0 1 0 1 0
210	4	0 1 1 0 0 0 0 0 0 0 0 0 1 0 0 0
210	6	0 1 1 1 0 0 1 0 0 1 0 0 0 1 0 0
210	15	1 1 0 1 1 0 0 0 0 0 0 0 1 0 0 0
210	4	1 1 1 1 1 0 0 0 0 0 0 1 1 0 0 0
210	3	1 1 1 1 1 0 0 0 0 1 0 0 0 0 0 0
210	5	1 1 1 1 1 0 0 0 0 0 0 0 1 0 0 1
210	10	0 1 1 1 0 0 1 0 0 1 1 0 0 1 0 0
210	1	0 1 1 1 0 0 0 0 0 1 1 0 0 0 1 0
210	1	0 1 1 1 0 0 0 0 0 0 0 0 0 0 0 0
210	6	1 1 1 1 1 0 0 0 0 1 0 0 0 1 0 0
210	6	1 0 1 1 0 0 0 0 0 1 1 0 0 1 0 0
210	17	0 1 1 1 0 0 0 0 0 0 0 1 1 0 0 0
210	20	1 1 1 0 1 0 0 0 0 1 0 0 0 0 0 1
210	1	0 1 1 1 1 1 0 0 0 0 0 0 0 0 0 0
210	3	1 1 1 1 0 1 0 0 0 0 0 0 1 0 0 0
210	1	1 1 1 0 1 0 0 0 1 0 0 0 0 0 0 0
210	4	1 1 1 0 0 0 1 0 0 0 0 0 0 1 0 0
210	5	1 1 0 0 0 0 0 1 0 1 1 0 0 0 1 1
210	1	0 1 1 1 0 0 1 0 0 1 0 0 0 0 0 0
210	5	0 1 1 1 1 0 0 0 0 1 0 0 1 0 0 0
210	3	1 0 1 0 1 0 0 0 0 0 0 0 0 0 1 1
210	1	1 1 0 0 1 0 0 0 0 0 0 0 0 0 0 0
210	2	0 1 1 0 1 1 0 1 0 1 0 0 0 0 0 0
210	3	0 1 1 1 1 1 0 0 1 0 0 1 1 0 0 0
210	6	1 1 1 1 0 0 0 0 0 0 1 0 0 0 1 0
210	4	0 1 1 1 0 1 0 0 0 1 0 0 1 0 0 0
210	6	0 1 1 0 1 0 0 0 0 0 1 0 1 0 0 0
210	3	0 1 1 1 0 0 0 0 0 1 0 1 0 0 1 0
210	2	1 0 1 0 1 0 0 0 0 0 0 0 0 1 0 0
210	2	1 1 1 1 0 0 0 0 0 0 0 0 0 0 1 0
210	1	1 1 1 0 1 1 0 0 0 0 0 0 0 0 0 0
210	1	1 1 1 0 0 0 1 0 0 0 1 0 1 0 0 0
210	3	1 1 1 0 1 0 0 0 0 1 0 0 0 1 1 0
210	2	1 1 1 0 1 0 1 0 0 0 1 0 1 0 0 0
210	7	1 1 1 0 0 0 1 0 0 0 0 0 0 0 0 0
210	3	1 0 1 1 1 0 1 0 0 0 1 0 0 0 1 0
210	1	1 1 1 0 0 0 0 0 0 0 0 0 0 0 0 0
210	2	1 1 1 0 1 0 0 0 0 0 0 0 0 1 0 0
210	1	1 1 1 0 0 1 0 0 0 0 0 0 1 0 0 0
210	3	1 0 1 0 1 0 0 0 0 0 0 1 0 0 0 0
210	1	1 1 1 1 0 1 1 0 0 1 0 0 1 0 0 0
210	1	1 1 1 1 0 0 0 0 0 1 0 0 0 0 0 0
210	2	1 1 1 1 1 0 0 0 0 1 1 0 0 0 1 0
210	2	1 1 1 0 1 0 0 0 0 0 0 0 0 0 1 1
210	1	1 1 1 0 1 1 0 0 0 0 0 0 1 0 0 0
210	1	1 1 1 1 1 0 0 1 0 0 0 0 1 0 0 0
210	1	1 0 1 1 1 0 0 0 0 0 1 0 1 0 0 0
210	1	1 1 1 0 0 0 1 0 0 0 1 0 0 1 1 1
210	2	0 1 1 1 1 0 0 0 0 0 1 0 1 0 0 1
210	2	1 1 1 1 1 0 0 0 0 0 0 0 0 1 1 0
210	3	1 1 1 1 1 0 0 0 0 0 1 0 0 0 1 0
210	1	0 1 1 1 1 0 0 0 0 1 0 0 0 0 1 0
210	3	0 1 1 0 1 0 1 1 0 0 0 0 0 0 0 0
210	1	1 1 1 1 1 0 0 0 1 1 0 0 0 0 0 0
210	3	0 1 1 1 1 1 0 0 1 0 0 0 0 0 0 0
210	2	1 0 1 0 1 0 0 0 0 0 0 0 0 0 0 1
220	35	0 1 1 1 1 0 0 0 0 0 0 0 1 0 0 0
220	30	1 1 1 0 0 0 0 0 0 1 0 0 0 1 0 0
220	65	1 1 1 0 1 0 0 0 0 0 0 0 0 0 0 0
220	33	1 1 1 0 1 0 0 0 0 1 0 0 0 1 0 0
220	8	0 1 1 1 0 0 0 0 0 1 0 0 0 1 0 0
220	1	0 1 1 1 0 0 0 0 0 0 0 0 1 0 0 0
220	62	1 1 1 1 1 0 0 0 0 0 0 0 1 0 0 0
220	27	1 1 1 1 0 0 0 0 0 0 0 0 1 0 0 0
220	14	1 1 1 0 1 0 0 0 0 0 0 0 1 0 0 0
220	26	0 1 1 1 1 1 0 0 0 0 0 0 1 0 0 0
220	44	1 1 1 1 1 0 0 0 0 0 1 0 1 0 0 0
220	3	0 1 1 0 1 0 0 1 0 1 0 0 0 0 0 0
220	4	0 1 1 0 1 0 1 0 0 0 1 0 0 0 1 0
220	35	1 1 1 1 1 0 0 0 0 0 0 0 0 0 0 0
220	1	1 1 1 0 1 1 0 0 0 0 0 0 0 0 1 0
220	2	1 1 1 0 0 0 1 0 0 0 1 0 0 0 1 1
220	35	1 0 1 1 1 0 0 0 0 0 0 1 1 0 0 0
220	29	0 1 1 1 1 0 0 0 0 0 1 0 1 0 0 0
220	5	0 1 1 0 1 0 0 1 0 1 0 0 0 1 0 0
220	15	1 0 1 1 1 0 1 0 0 0 0 0 0 0 0 0
220	20	0 1 1 0 1 0 0 0 0 0 0 0 0 0 0 1
220	7	1 1 1 1 1 0 0 0 1 0 1 0 1 0 0 0
220	8	1 1 1 0 0 0 0 0 0 0 0 0 1 0 0 0
220	4	1 1 1 1 1 0 0 0 0 0 0 0 0 0 1 0
220	19	0 1 1 1 0 0 0 0 0 0 0 0 0 1 0 0
220	13	0 1 1 1 0 0 0 0 0 1 0 0 0 0 1 0
220	2	1 0 0 1 1 0 0 0 0 0 0 0 0 1 0 0
220	5	0 1 1 0 1 0 0 1 0 1 0 1 0 0 0 0
220	19	1 0 1 0 1 0 0 0 0 0 0 0 0 0 0 0
220	18	1 1 1 0 0 0 0 0 0 0 0 0 0 1 0 0
220	30	1 1 1 0 1 0 1 0 0 0 0 0 1 0 0 0
220	10	1 1 1 1 1 0 0 0 0 0 0 0 0 0 0 1
220	10	1 1 1 0 1 0 0 0 0 0 1 0 1 0 0 0
220	22	1 1 1 1 1 0 0 0 1 0 0 0 1 0 0 0
220	1	0 1 0 0 0 0 0 1 0 1 1 0 0 0 1 1
220	5	1 0 1 0 1 0 0 0 0 0 0 0 1 0 0 0
220	17	0 1 1 1 1 1 0 0 1 0 0 0 1 0 0 0
220	3	0 1 1 1 1 0 1 0 0 0 1 0 0 0 1 0
220	2	1 1 1 1 0 0 1 0 0 0 1 0 1 0 1 0
220	9	1 1 1 1 1 0 0 0 0 0 0 0 1 0 1 0
220	4	0 1 1 0 0 0 0 0 0 0 0 0 1 0 0 0
220	21	1 1 0 1 1 0 0 0 0 0 0 0 1 0 0 0
220	9	1 1 1 1 1 0 0 0 0 0 0 1 1 0 0 0
220	13	1 1 1 1 1 0 0 0 0 1 0 0 0 0 0 0
220	3	1 1 1 1 1 0 0 0 0 0 0 0 1 0 0 1
220	22	0 1 1 1 0 0 1 0 0 1 1 0 0 1 0 0
220	8	0 1 1 1 0 0 0 0 0 1 1 0 0 0 1 0
220	5	0 1 1 1 0 0 0 0 0 0 0 0 0 0 0 0
220	3	1 1 1 1 1 0 0 0 0 1 0 0 0 1 0 0
220	9	1 1 1 0 1 0 0 0 0 1 0 0 0 0 0 1
220	8	1 1 1 0 1 0 0 0 1 0 0 0 0 0 0 0
220	4	1 1 1 0 0 0 1 0 0 0 0 0 0 1 0 0
220	9	0 1 1 1 1 0 0 0 0 1 0 0 1 0 0 0
220	13	0 1 1 0 1 0 0 0 0 0 1 0 1 0 0 0
220	2	0 1 1 1 0 0 0 0 0 1 0 1 0 0 1 0
220	4	1 1 1 0 0 0 1 0 0 0 0 0 0 0 0 0
220	6	0 1 1 1 1 0 0 0 0 0 1 0 1 0 0 1
220	7	0 1 1 1 1 1 0 0 1 0 0 0 0 0 0 0
220	2	0 1 1 1 1 0 0 0 0 0 0 0 0 0 1 0
220	3	1 1 1 1 1 1 0 0 0 0 0 0 1 0 0 0
220	1	0 1 1 1 1 0 0 0 0 0 1 0 0 0 1 0
220	13	1 1 1 1 0 0 0 0 0 0 0 0 0 1 0 0
220	2	1 1 1 1 1 0 0 0 0 0 1 0 0 1 0 0
220	2	1 1 1 0 1 0 0 0 0 0 1 0 1 0 1 0
220	8	1 1 1 1 1 0 0 0 1 1 0 1 0 0 0 0
220	3	1 1 1 1 1 0 0 0 0 1 0 0 0 0 0 1
220	1	1 1 1 1 0 0 0 0 0 0 0 1 1 0 0 0
220	9	1 1 1 0 1 0 0 0 0 0 0 0 0 1 0 0
220	1	0 1 1 1 1 0 1 0 0 1 0 0 0 1 0 0
220	3	1 1 1 1 1 0 0 0 1 1 0 1 1 0 0 0
220	3	1 1 1 0 1 0 0 0 0 0 0 1 0 0 0 0
220	1	1 0 1 1 0 0 0 0 0 0 0 0 1 0 0 0
220	7	1 1 1 0 0 0 0 1 0 0 0 0 1 0 0 0
220	6	1 1 1 1 1 0 0 0 0 0 1 1 1 0 0 0
220	7	1 1 1 1 0 0 0 0 0 0 0 0 1 0 0 1
220	1	1 1 1 1 0 0 0 0 0 0 1 0 1 0 1 0
220	2	1 1 1 0 1 0 0 0 0 1 0 0 0 0 1 0
220	1	1 1 1 0 0 0 0 0 0 1 0 1 0 1 0 0
220	5	0 1 1 1 1 0 0 0 0 0 0 0 0 0 0 0
220	4	1 1 1 1 1 0 0 1 0 0 0 0 0 0 0 0
220	5	0 1 1 1 1 0 0 0 0 0 0 0 0 1 0 0
220	2	1 1 0 1 1 0 0 0 0 0 0 0 1 0 0 1
220	1	1 1 1 1 0 0 0 0 0 1 0 0 0 1 0 0
220	1	1 1 1 0 1 0 0 0 0 0 0 0 0 0 0 1
220	3	0 1 1 0 1 0 1 0 0 0 1 1 0 0 1 0
220	7	1 1 1 1 1 0 0 0 0 1 0 0 0 1 1 0
220	2	1 1 1 0 1 0 0 0 0 1 0 1 0 1 0 0
220	1	1 1 1 0 1 0 0 0 0 1 0 0 0 0 0 0
220	6	1 1 1 0 1 1 0 0 0 0 0 0 0 0 0 0
220	1	1 1 0 1 1 0 0 0 0 1 0 0 1 0 0 0
220	1	0 1 1 1 1 0 0 0 0 0 0 0 1 0 1 0
220	1	1 0 1 0 0 0 0 0 0 1 0 1 1 0 0 0
220	3	1 1 1 0 0 0 0 0 0 1 0 0 1 1 0 0
220	1	1 1 1 0 0 0 0 0 0 0 1 0 0 1 0 0
220	2	1 1 1 1 1 0 1 0 0 0 1 0 0 1 0 0
220	3	1 0 1 0 0 0 0 0 0 1 0 1 0 1 1 0
220	3	0 1 1 1 0 0 0 0 0 1 0 0 1 0 0 0
220	1	1 0 1 1 1 0 1 0 0 0 1 0 0 1 0 0
220	1	1 1 1 0 1 0 0 0 0 0 1 0 0 0 1 0
220	1	1 1 1 1 1 0 0 0 0 0 0 0 0 1 0 0
220	2	1 1 1 0 1 0 0 0 0 0 1 0 0 0 0 0
220	3	1 1 1 0 1 0 0 1 0 0 0 0 0 0 0 0
220	2	1 1 1 0 1 1 0 0 0 1 0 0 0 1 0 0
220	1	1 0 1 1 1 0 0 0 0 0 1 0 1 0 0 0
220	1	1 1 1 1 1 0 0 0 1 0 1 0 1 1 0 0
220	3	1 0 1 1 1 0 0 0 0 0 0 0 0 0 0 0
220	1	1 1 1 0 1 0 1 0 1 0 0 0 1 0 0 0
220	4	1 1 1 0 0 0 1 0 0 0 0 0 1 0 0 0
220	2	1 1 1 0 1 0 0 0 1 0 0 0 0 0 1 0
220	2	0 1 1 0 1 0 1 0 0 0 1 0 1 0 0 0
230	27	0 1 1 1 1 0 0 0 0 0 0 0 1 0 0 0
230	23	1 1 1 0 0 0 0 0 0 1 0 0 0 1 0 0
230	13	1 1 1 0 1 0 0 0 0 0 0 0 0 0 0 0
230	25	1 1 1 0 1 0 0 0 0 1 0 0 0 1 0 0
230	93	1 1 1 1 1 0 0 0 0 0 0 0 1 0 0 0
230	41	1 1 1 1 0 0 0 0 0 0 0 0 1 0 0 0
230	16	1 1 1 0 1 0 0 0 0 0 0 0 1 0 0 0
230	15	0 1 1 1 1 1 0 0 0 0 0 0 1 0 0 0
230	18	1 1 1 1 1 0 0 0 0 0 1 0 1 0 0 0
230	37	1 1 1 1 1 0 0 0 0 0 0 0 0 0 0 0
230	1	1 1 1 0 0 0 1 0 0 0 1 0 0 0 1 1
230	9	1 0 1 1 1 0 0 0 0 0 0 1 1 0 0 0
230	35	0 1 1 1 1 0 0 0 0 0 1 0 1 0 0 0
230	1	0 1 1 0 1 0 0 1 0 1 0 0 0 1 0 0
230	26	1 0 1 1 1 0 1 0 0 0 0 0 0 0 0 0
230	15	0 1 1 0 1 0 0 0 0 0 0 0 0 0 0 1
230	13	1 1 1 0 0 0 0 0 0 0 0 0 1 0 0 0
230	15	1 1 1 1 1 0 0 0 0 0 0 0 0 0 1 0
230	17	0 1 1 1 0 0 0 0 0 0 0 0 0 1 0 0
230	32	1 0 1 0 1 0 0 0 0 0 0 0 0 0 0 0
230	40	1 1 1 0 0 0 0 0 0 0 0 0 0 1 0 0
230	37	1 1 1 0 1 0 1 0 0 0 0 0 1 0 0 0
230	12	1 1 1 1 1 0 0 0 0 0 0 0 0 0 0 1
230	22	1 1 1 0 1 0 0 0 0 0 1 0 1 0 0 0
230	20	1 1 1 1 1 0 0 0 1 0 0 0 1 0 0 0
230	4	0 1 1 1 1 0 1 0 0 0 1 0 0 0 1 0
230	21	1 1 1 1 1 0 0 0 0 0 0 0 1 0 1 0
230	2	0 1 1 0 0 0 0 0 0 0 0 0 1 0 0 0
230	25	1 1 0 1 1 0 0 0 0 0 0 0 1 0 0 0
230	15	1 1 1 1 1 0 0 0 0 1 0 0 0 0 0 0
230	17	0 1 1 1 0 0 1 0 0 1 1 0 0 1 0 0
230	3	0 1 1 1 0 0 0 0 0 1 1 0 0 0 1 0
230	6	0 1 1 1 0 0 0 0 0 0 0 0 0 0 0 0
230	11	1 1 1 1 1 0 0 0 0 1 0 0 0 1 0 0
230	27	1 1 1 0 1 0 0 0 1 0 0 0 0 0 0 0
230	6	0 1 1 1 1 0 0 0 0 1 0 0 1 0 0 0
230	5	0 1 1 0 1 0 0 0 0 0 1 0 1 0 0 0
230	10	1 1 1 0 0 0 1 0 0 0 0 0 0 0 0 0
230	1	0 1 1 1 1 0 0 0 0 0 1 0 1 0 0 1
230	4	0 1 1 1 1 1 0 0 1 0 0 0 0 0 0 0
230	12	1 1 1 0 1 0 0 0 0 0 0 0 0 1 0 0
230	1	1 1 1 1 1 0 0 0 1 1 0 1 1 0 0 0
230	5	1 1 1 0 1 0 0 0 0 1 0 0 0 0 1 0
230	9	0 1 1 1 1 0 0 0 0 0 0 0 0 0 0 0
230	2	0 1 1 1 1 0 0 0 0 0 0 0 0 1 0 0
230	5	1 1 1 1 1 0 0 0 0 1 0 0 0 1 1 0
230	12	1 1 1 0 1 1 0 0 0 0 0 0 0 0 0 0
230	4	1 1 1 0 0 0 0 0 0 0 1 0 0 1 0 0
230	1	0 1 1 1 0 0 0 0 0 1 0 0 1 0 0 0
230	2	1 1 1 0 1 0 0 0 0 0 1 0 0 0 0 0
230	7	1 1 1 0 0 0 1 0 0 0 0 0 1 0 0 0
230	1	1 1 1 0 1 0 1 0 0 0 1 0 1 0 0 0
230	19	1 1 1 0 0 0 0 1 0 0 0 0 0 0 0 0
230	5	0 1 1 0 1 0 1 1 0 1 0 0 0 0 0 0
230	3	0 1 1 0 1 0 0 0 0 0 0 0 1 0 0 1
230	6	0 1 1 0 0 0 0 0 0 1 0 0 0 0 1 0
230	2	1 1 0 1 1 0 0 0 0 0 0 0 0 0 0 0
230	4	1 1 1 0 0 0 0 0 0 0 0 0 1 0 1 0
230	4	1 1 1 1 1 0 0 0 0 1 1 0 1 0 1 0
230	1	1 1 1 0 1 0 0 0 1 0 0 0 1 0 0 0
230	1	0 1 1 1 1 1 0 0 0 0 1 0 1 0 0 0
230	10	0 1 1 1 1 0 0 0 0 0 1 0 0 0 0 0
230	6	1 1 1 1 0 0 1 0 0 1 1 0 1 0 1 0
230	1	1 1 1 0 0 1 0 0 0 0 0 1 0 1 0 0
230	1	0 1 1 0 0 0 0 0 0 1 0 0 0 1 0 0
230	4	0 1 1 1 1 0 1 0 0 1 1 0 0 1 0 0
230	4	1 1 1 1 0 0 0 0 0 1 0 0 0 1 0 0
230	2	1 0 1 1 0 0 0 0 0 1 0 0 0 0 1 0
230	4	0 0 1 1 1 0 1 0 0 0 1 0 0 0 0 0
230	5	0 1 1 0 1 0 0 0 0 0 0 0 1 0 0 0
230	5	1 1 1 1 1 0 0 1 0 0 0 0 1 0 0 0
230	1	0 1 1 1 1 1 1 0 0 0 0 0 1 0 0 0
230	1	1 1 1 1 1 1 0 0 0 0 1 0 1 0 0 0
230	1	0 1 1 0 1 0 0 0 0 0 0 1 0 0 0 1
230	9	1 0 1 0 0 0 0 0 0 0 0 0 0 1 0 0
230	6	1 1 1 0 0 0 0 0 0 0 0 0 1 0 0 1
230	1	1 0 1 1 1 0 1 0 0 0 1 0 0 0 1 0
230	6	0 1 1 0 1 0 0 0 0 0 0 0 0 0 0 0
230	1	0 1 1 1 0 0 0 0 0 0 0 0 1 0 0 0
230	1	1 0 1 1 1 0 0 0 1 0 0 1 1 0 0 0
230	2	1 1 0 1 1 0 0 0 0 1 0 0 0 0 0 0
230	2	0 1 1 1 0 0 0 0 0 1 0 0 0 1 0 0
230	1	1 1 1 0 0 1 1 0 0 0 0 1 0 1 0 0
230	4	1 0 1 0 0 0 0 0 1 0 0 0 0 1 0 0
230	1	1 1 1 1 1 0 0 0 0 0 0 1 1 0 0 0
230	4	1 0 1 1 1 0 0 0 0 0 0 0 0 0 0 0
230	1	1 0 1 1 0 0 0 0 0 0 0 0 1 0 0 0
230	2	0 1 1 0 0 0 1 0 0 1 1 0 1 0 1 0
230	2	1 1 1 1 0 0 0 0 0 0 1 0 1 0 0 0
230	5	1 1 1 1 1 0 0 0 0 1 1 0 1 0 0 0
230	1	0 1 1 0 1 0 0 0 0 0 0 0 0 0 1 1
230	2	0 1 1 1 0 0 0 0 0 0 1 0 0 1 0 0
230	1	0 1 1 0 0 0 1 0 0 1 1 0 0 1 0 0
230	1	1 1 1 1 1 1 0 0 1 0 0 0 0 0 0 0
230	5	1 1 1 0 1 0 0 0 0 1 0 0 0 0 0 0
230	1	0 1 1 1 1 0 0 0 0 0 1 0 0 1 0 0
230	2	1 1 0 0 0 1 0 0 0 0 0 1 0 1 0 0
230	3	1 1 1 1 1 1 0 0 0 0 0 0 0 0 1 0
230	3	1 1 0 1 1 0 1 0 0 0 0 0 1 0 0 0
230	3	0 1 1 1 0 0 1 0 0 1 1 1 0 1 0 0
230	1	1 1 1 1 1 0 0 0 0 0 1 0 0 1 1 0
230	2	1 1 1 1 1 1 0 1 1 0 0 0 0 0 0 0
230	2	0 1 1 1 0 0 1 0 0 1 1 0 1 0 0 0
230	2	1 1 1 0 0 1 0 0 0 0 0 0 1 0 0 0
230	1	1 0 1 0 1 0 0 0 0 0 1 0 0 0 0 0
230	2	1 1 1 1 1 0 1 0 0 0 0 0 1 0 0 0
230	2	1 1 1 0 1 1 0 0 0 0 1 0 1 0 0 0
230	1	1 1 0 1 1 0 0 0 1 0 0 0 1 0 0 0
230	1	1 1 1 0 0 0 1 0 0 0 0 0 0 0 1 0
230	2	1 0 1 0 1 1 0 0 0 0 0 0 0 0 0 0
230	1	0 1 1 1 0 0 0 0 0 0 1 0 0 0 0 0
230	2	1 0 1 1 1 0 1 1 0 0 1 0 0 0 1 0
240	30	0 1 1 1 1 0 0 0 0 0 0 0 1 0 0 0
240	12	1 1 1 0 0 0 0 0 0 1 0 0 0 1 0 0
240	20	1 1 1 0 1 0 0 0 0 0 0 0 0 0 0 0
240	9	1 1 1 0 1 0 0 0 0 1 0 0 0 1 0 0
240	67	1 1 1 1 1 0 0 0 0 0 0 0 1 0 0 0
240	46	1 1 1 1 0 0 0 0 0 0 0 0 1 0 0 0
240	10	1 1 1 0 1 0 0 0 0 0 0 0 1 0 0 0
240	5	0 1 1 1 1 1 0 0 0 0 0 0 1 0 0 0
240	19	1 1 1 1 1 0 0 0 0 0 1 0 1 0 0 0
240	30	1 1 1 1 1 0 0 0 0 0 0 0 0 0 0 0
240	18	0 1 1 1 1 0 0 0 0 0 1 0 1 0 0 0
240	33	1 0 1 1 1 0 1 0 0 0 0 0 0 0 0 0
240	10	0 1 1 0 1 0 0 0 0 0 0 0 0 0 0 1
240	17	1 1 1 0 0 0 0 0 0 0 0 0 1 0 0 0
240	30	1 1 1 1 1 0 0 0 0 0 0 0 0 0 1 0
240	21	0 1 1 1 0 0 0 0 0 0 0 0 0 1 0 0
240	44	1 0 1 0 1 0 0 0 0 0 0 0 0 0 0 0
240	23	1 1 1 0 0 0 0 0 0 0 0 0 0 1 0 0
240	10	1 1 1 1 1 0 0 0 0 0 0 0 0 0 0 1
240	2	1 1 1 0 1 0 0 0 0 0 1 0 1 0 0 0
240	8	1 1 1 1 1 0 0 0 1 0 0 0 1 0 0 0
240	27	1 1 1 1 1 0 0 0 0 0 0 0 1 0 1 0
240	21	1 1 0 1 1 0 0 0 0 0 0 0 1 0 0 0
240	14	1 1 1 1 1 0 0 0 0 1 0 0 0 0 0 0
240	30	0 1 1 1 0 0 1 0 0 1 1 0 0 1 0 0
240	6	0 1 1 1 0 0 0 0 0 0 0 0 0 0 0 0
240	19	1 1 1 1 1 0 0 0 0 1 0 0 0 1 0 0
240	9	1 1 1 0 1 0 0 0 1 0 0 0 0 0 0 0
240	4	0 1 1 1 1 0 0 0 0 1 0 0 1 0 0 0
240	13	1 1 1 0 0 0 1 0 0 0 0 0 0 0 0 0
240	6	0 1 1 1 1 0 0 0 0 0 1 0 1 0 0 1
240	9	1 1 1 0 1 0 0 0 0 0 0 0 0 1 0 0
240	11	1 1 1 0 1 0 0 0 0 1 0 0 0 0 1 0
240	28	0 1 1 1 1 0 0 0 0 0 0 0 0 0 0 0
240	2	0 1 1 1 1 0 0 0 0 0 0 0 0 1 0 0
240	9	1 1 1 0 1 1 0 0 0 0 0 0 0 0 0 0
240	3	1 1 1 0 0 0 0 0 0 0 1 0 0 1 0 0
240	15	1 1 1 0 0 0 0 1 0 0 0 0 0 0 0 0
240	10	0 1 1 0 1 0 0 0 0 0 0 0 1 0 0 1
240	5	0 1 1 0 0 0 0 0 0 1 0 0 0 0 1 0
240	1	1 1 0 1 1 0 0 0 0 0 0 0 0 0 0 0
240	4	1 1 1 1 1 0 0 0 0 1 1 0 1 0 1 0
240	20	0 1 1 1 1 0 0 0 0 0 1 0 0 0 0 0
240	2	1 1 1 1 0 0 1 0 0 1 1 0 1 0 1 0
240	4	0 1 1 1 1 0 1 0 0 1 1 0 0 1 0 0
240	2	1 1 1 1 0 0 0 0 0 1 0 0 0 1 0 0
240	15	0 0 1 1 1 0 1 0 0 0 1 0 0 0 0 0
240	8	0 1 1 0 1 0 0 0 0 0 0 0 1 0 0 0
240	5	1 1 1 1 1 0 0 1 0 0 0 0 1 0 0 0
240	7	0 1 1 0 1 0 0 0 0 0 0 1 0 0 0 1
240	9	1 0 1 0 0 0 0 0 0 0 0 0 0 1 0 0
240	14	0 1 1 0 1 0 0 0 0 0 0 0 0 0 0 0
240	3	1 1 0 1 1 0 0 0 0 1 0 0 0 0 0 0
240	7	1 1 1 0 0 1 1 0 0 0 0 1 0 1 0 0
240	10	1 1 1 1 1 0 0 0 0 0 0 1 1 0 0 0
240	4	1 0 1 1 1 0 0 0 0 0 0 0 0 0 0 0
240	3	1 0 1 1 0 0 0 0 0 0 0 0 1 0 0 0
240	10	1 1 1 1 1 0 0 0 0 1 1 0 1 0 0 0
240	18	1 1 1 0 1 0 0 0 0 1 0 0 0 0 0 0
240	2	0 1 1 1 0 0 1 0 0 1 1 1 0 1 0 0
240	21	1 1 1 1 1 0 1 0 0 0 0 0 1 0 0 0
240	3	1 0 1 1 1 0 1 1 0 0 1 0 0 0 1 0
240	8	1 1 1 1 1 1 0 0 0 0 0 0 1 0 0 0
240	4	1 0 1 0 0 0 0 0 0 0 0 0 0 0 0 0
240	6	1 1 1 1 1 0 0 1 1 0 0 0 1 0 0 0
240	2	1 1 0 0 1 0 0 0 0 0 0 0 1 0 0 0
240	2	0 1 1 1 1 1 0 0 0 0 0 0 0 1 0 0
240	1	0 1 1 1 1 0 0 0 0 0 0 0 1 0 0 1
240	5	1 1 0 1 0 0 0 0 0 0 0 0 1 0 0 0
240	7	1 1 1 0 0 0 1 0 0 0 0 0 0 0 0 1
240	2	0 1 1 0 1 0 0 0 0 0 0 0 0 1 0 0
240	1	1 0 1 0 1 0 0 0 0 0 0 0 0 0 1 0
240	2	1 1 1 1 1 0 0 0 0 1 1 0 0 0 1 0
240	4	0 1 1 1 1 0 0 0 0 0 1 0 0 0 1 0
240	2	1 1 1 1 1 0 0 1 0 1 0 0 1 0 0 0
240	2	1 1 1 0 1 0 0 0 0 1 0 0 0 1 0 1
240	2	0 1 1 1 1 1 0 0 0 0 0 0 0 0 0 0
240	6	0 1 1 1 1 1 0 0 0 0 1 0 0 0 0 0
240	1	1 1 1 1 0 0 1 0 0 1 1 0 1 0 0 0
240	5	0 1 1 1 1 0 1 0 0 1 0 0 0 1 0 0
240	2	0 1 1 0 0 0 0 0 0 1 0 0 0 1 0 0
240	2	0 1 1 0 1 0 0 0 0 1 0 0 0 1 0 0
240	2	1 1 1 0 0 0 0 1 0 0 0 0 0 1 0 0
240	1	0 0 1 1 1 0 0 0 0 0 1 0 0 0 0 0
240	1	0 0 1 1 1 0 1 0 0 0 0 0 0 0 0 0
240	2	1 1 1 0 0 0 0 0 0 0 0 0 1 0 0 1
240	3	1 1 1 1 1 0 0 0 0 0 0 0 0 1 0 0
240	2	1 0 1 0 1 0 0 0 0 0 1 0 1 0 0 0
240	2	0 1 1 1 1 0 0 0 0 0 0 0 0 0 1 0
240	3	1 1 1 1 0 1 0 0 0 0 0 0 1 0 0 0
240	1	1 1 1 0 1 0 0 0 0 0 0 0 1 1 0 0
240	2	1 0 1 1 1 0 0 0 0 0 0 0 0 0 1 0
240	12	1 1 1 0 0 0 0 0 0 0 0 0 0 0 0 0
240	3	0 1 0 1 0 0 0 0 0 0 0 0 0 0 0 0
240	4	1 1 1 0 0 0 0 1 0 0 0 0 0 1 1 0
240	2	0 1 1 1 0 0 0 0 0 0 0 0 1 0 1 0
240	2	1 0 1 0 0 0 0 0 0 0 0 0 1 0 0 0
240	1	0 1 1 1 1 0 0 0 0 0 0 0 1 0 1 0
240	2	0 1 0 1 1 0 0 0 0 0 0 0 1 0 0 0
240	1	0 1 1 1 1 0 0 0 1 0 1 0 1 0 0 0
240	2	1 1 1 0 1 0 1 0 0 0 0 0 0 1 0 0
240	3	0 1 1 0 1 1 0 0 0 0 0 0 1 0 0 0
240	2	1 1 0 0 1 0 0 0 0 1 0 0 0 0 0 0
240	1	0 1 1 1 1 0 0 0 0 1 1 0 0 0 1 0
240	3	0 1 1 0 1 0 0 0 0 1 0 0 1 0 1 0
250	12	0 1 1 1 1 0 0 0 0 0 0 0 1 0 0 0
250	3	1 1 1 0 0 0 0 0 0 1 0 0 0 1 0 0
250	15	1 1 1 0 1 0 0 0 0 0 0 0 0 0 0 0
250	8	1 1 1 0 1 0 0 0 0 1 0 0 0 1 0 0
250	70	1 1 1 1 1 0 0 0 0 0 0 0 1 0 0 0
250	9	1 1 1 1 0 0 0 0 0 0 0 0 1 0 0 0
250	2	1 1 1 0 1 0 0 0 0 0 0 0 1 0 0 0
250	12	1 1 1 1 1 0 0 0 0 0 1 0 1 0 0 0
250	75	1 1 1 1 1 0 0 0 0 0 0 0 0 0 0 0
250	6	0 1 1 1 1 0 0 0 0 0 1 0 1 0 0 0
250	36	1 0 1 1 1 0 1 0 0 0 0 0 0 0 0 0
250	7	0 1 1 0 1 0 0 0 0 0 0 0 0 0 0 1
250	2	1 1 1 0 0 0 0 0 0 0 0 0 1 0 0 0
250	34	1 1 1 1 1 0 0 0 0 0 0 0 0 0 1 0
250	8	0 1 1 1 0 0 0 0 0 0 0 0 0 1 0 0
250	22	1 0 1 0 1 0 0 0 0 0 0 0 0 0 0 0
250	6	1 1 1 1 1 0 0 0 0 0 0 0 0 0 0 1
250	19	1 1 1 1 1 0 0 0 0 0 0 0 1 0 1 0
250	8	0 1 1 1 0 0 1 0 0 1 1 0 0 1 0 0
250	17	0 1 1 1 0 0 0 0 0 0 0 0 0 0 0 0
250	21	1 1 1 1 1 0 0 0 0 1 0 0 0 1 0 0
250	4	1 1 1 0 1 0 0 0 1 0 0 0 0 0 0 0
250	9	0 1 1 1 1 0 0 0 0 1 0 0 1 0 0 0
250	5	1 1 1 0 0 0 1 0 0 0 0 0 0 0 0 0
250	14	1 1 1 0 1 0 0 0 0 1 0 0 0 0 1 0
250	26	0 1 1 1 1 0 0 0 0 0 0 0 0 0 0 0
250	5	1 1 1 0 1 1 0 0 0 0 0 0 0 0 0 0
250	13	1 1 1 0 0 0 0 1 0 0 0 0 0 0 0 0
250	13	0 1 1 0 1 0 0 0 0 0 0 0 1 0 0 1
250	4	0 1 1 0 0 0 0 0 0 1 0 0 0 0 1 0
250	7	1 1 0 1 1 0 0 0 0 0 0 0 0 0 0 0
250	23	0 1 1 1 1 0 0 0 0 0 1 0 0 0 0 0
250	7	0 0 1 1 1 0 1 0 0 0 1 0 0 0 0 0
250	45	0 1 1 0 1 0 0 0 0 0 0 0 1 0 0 0
250	19	1 1 1 1 1 0 0 1 0 0 0 0 1 0 0 0
250	2	0 1 1 0 1 0 0 0 0 0 0 1 0 0 0 1
250	30	1 0 1 0 0 0 0 0 0 0 0 0 0 1 0 0
250	4	0 1 1 0 1 0 0 0 0 0 0 0 0 0 0 0
250	13	1 1 0 1 1 0 0 0 0 1 0 0 0 0 0 0
250	2	1 1 1 1 1 0 0 0 0 0 0 1 1 0 0 0
250	23	1 0 1 1 1 0 0 0 0 0 0 0 0 0 0 0
250	23	1 0 1 1 0 0 0 0 0 0 0 0 1 0 0 0
250	2	1 1 1 1 1 0 0 0 0 1 1 0 1 0 0 0
250	24	1 1 1 0 1 0 0 0 0 1 0 0 0 0 0 0
250	9	1 1 1 1 1 0 1 0 0 0 0 0 1 0 0 0
250	2	1 1 1 1 1 1 0 0 0 0 0 0 1 0 0 0
250	5	1 0 1 0 0 0 0 0 0 0 0 0 0 0 0 0
250	10	1 1 1 1 1 0 0 1 1 0 0 0 1 0 0 0
250	15	1 1 1 0 0 0 1 0 0 0 0 0 0 0 0 1
250	2	0 1 1 1 1 0 0 0 0 0 1 0 0 0 1 0
250	1	0 1 1 1 1 1 0 0 0 0 0 0 0 0 0 0
250	21	0 1 1 1 1 1 0 0 0 0 1 0 0 0 0 0
250	12	0 1 1 1 1 0 1 0 0 1 0 0 0 1 0 0
250	4	0 0 1 1 1 0 1 0 0 0 0 0 0 0 0 0
250	8	1 1 1 0 1 0 0 0 0 0 0 0 1 1 0 0
250	20	1 1 1 0 0 0 0 0 0 0 0 0 0 0 0 0
250	5	1 0 1 0 0 0 0 0 0 0 0 0 1 0 0 0
250	6	0 1 0 1 1 0 0 0 0 0 0 0 1 0 0 0
250	2	0 1 1 0 1 1 0 0 0 0 0 0 1 0 0 0
250	8	0 1 1 1 0 0 0 0 0 0 0 0 1 0 0 0
250	3	1 1 1 0 1 0 0 0 0 0 0 0 0 0 1 0
250	1	1 0 1 1 1 0 1 0 0 0 0 0 1 0 0 0
250	1	1 1 1 0 1 1 0 0 0 0 0 0 1 0 0 0
250	1	1 0 0 1 1 0 0 0 0 0 0 0 0 0 0 0
250	1	1 1 1 1 1 1 0 0 0 0 0 0 0 0 0 0
250	10	0 1 1 1 1 0 1 0 0 1 0 0 0 0 0 0
250	10	1 0 1 0 1 0 0 0 0 0 1 0 0 0 0 0
250	6	0 1 0 1 1 0 0 0 0 0 1 0 1 0 0 1
250	6	1 1 1 0 1 1 0 0 0 0 0 1 0 0 0 0
250	5	1 0 1 0 0 0 1 0 0 0 0 0 0 1 0 0
250	2	1 1 0 1 1 0 0 0 0 0 0 1 1 0 0 0
250	3	1 0 1 1 1 0 1 0 0 0 0 0 0 1 0 0
250	8	1 1 1 1 1 0 1 0 0 0 1 0 0 0 0 0
250	1	1 1 1 1 0 0 0 0 0 0 0 0 0 0 0 0
250	2	1 0 1 1 1 0 0 0 0 0 0 0 1 0 1 0
250	5	0 1 1 1 0 0 1 1 0 1 1 0 0 1 0 0
250	2	1 1 1 1 1 0 0 0 0 1 0 0 0 1 0 1
250	6	1 0 1 0 0 0 0 0 0 0 0 0 0 0 1 0
250	11	0 1 1 1 1 0 0 0 1 0 1 0 0 0 1 0
250	5	1 1 1 1 1 0 0 0 0 0 0 0 0 1 0 0
250	2	1 1 0 1 1 0 0 0 0 1 0 0 0 0 1 0
250	4	1 1 1 1 1 0 0 0 0 0 0 0 1 1 1 0
250	3	0 1 1 1 1 0 0 0 1 0 1 0 1 0 0 1
250	2	1 1 1 0 0 0 0 1 0 0 0 0 0 0 1 0
250	12	1 1 1 0 0 0 0 0 0 0 0 0 0 0 1 0
250	2	0 1 0 1 1 0 0 0 0 0 0 0 0 0 0 0
250	4	1 1 1 0 1 0 0 0 0 1 0 1 0 0 0 0
250	10	0 1 1 1 1 1 0 0 0 0 1 0 0 0 0 1
250	2	1 1 1 0 1 0 0 0 0 0 0 1 0 0 0 0
250	2	1 1 1 1 1 0 0 0 1 0 0 0 0 0 0 0
250	1	0 1 0 1 1 0 0 0 0 0 0 0 1 0 0 1
250	3	0 1 1 1 0 0 1 0 0 1 1 0 0 1 0 1
250	2	0 1 1 1 1 0 0 0 0 0 0 0 0 0 0 1
250	1	1 1 1 0 0 0 0 1 0 1 0 0 0 0 0 0
250	1	1 1 1 1 0 0 0 0 0 1 1 1 1 0 0 0
250	1	0 0 1 0 0 0 0 0 0 0 0 0 0 1 0 0
250	1	1 0 1 0 1 0 0 0 0 0 1 0 0 0 1 0
250	1	0 1 1 0 1 0 0 0 0 1 0 0 1 0 0 0
250	3	0 1 1 0 1 0 1 0 0 0 0 0 1 0 0 0
250	1	1 1 1 0 0 0 0 0 0 0 0 0 0 0 0 1
250	1	0 1 1 1 0 0 1 0 0 1 0 0 0 1 0 0
250	1	1 0 1 1 1 0 0 0 0 0 1 0 0 0 1 0
250	1	1 0 1 1 1 0 0 0 0 0 0 0 0 0 0 1
250	2	1 0 1 0 1 0 0 0 0 0 1 0 0 1 0 0
250	1	1 0 1 0 1 0 0 1 0 0 0 0 0 0 0 0
250	1	0 1 1 1 1 0 0 1 0 0 0 0 1 0 0 0
250	1	1 1 1 1 1 0 0 1 0 0 0 0 0 0 0 0
250	3	1 1 1 1 1 0 0 0 0 0 1 1 1 0 0 0
250	1	1 1 1 0 0 0 1 0 0 0 0 1 0 0 0 1
250	1	1 1 1 0 0 1 1 0 0 0 0 0 0 0 0 1
250	1	0 1 1 1 1 1 0 0 0 0 0 0 0 0 0 1
260	8	0 1 1 1 1 0 0 0 0 0 0 0 1 0 0 0
260	24	1 1 1 0 1 0 0 0 0 0 0 0 0 0 0 0
260	45	1 1 1 1 1 0 0 0 0 0 0 0 1 0 0 0
260	3	1 1 1 1 0 0 0 0 0 0 0 0 1 0 0 0
260	7	1 1 1 0 1 0 0 0 0 0 0 0 1 0 0 0
260	2	1 1 1 1 1 0 0 0 0 0 1 0 1 0 0 0
260	141	1 1 1 1 1 0 0 0 0 0 0 0 0 0 0 0
260	13	0 1 1 1 1 0 0 0 0 0 1 0 1 0 0 0
260	28	1 0 1 1 1 0 1 0 0 0 0 0 0 0 0 0
260	58	1 1 1 1 1 0 0 0 0 0 0 0 0 0 1 0
260	4	0 1 1 1 0 0 0 0 0 0 0 0 0 1 0 0
260	28	1 0 1 0 1 0 0 0 0 0 0 0 0 0 0 0
260	4	1 1 1 1 1 0 0 0 0 0 0 0 0 0 0 1
260	9	1 1 1 1 1 0 0 0 0 0 0 0 1 0 1 0
260	12	0 1 1 1 0 0 0 0 0 0 0 0 0 0 0 0
260	20	1 1 1 1 1 0 0 0 0 1 0 0 0 1 0 0
260	4	1 1 1 0 1 0 0 0 1 0 0 0 0 0 0 0
260	21	0 1 1 1 1 0 0 0 0 1 0 0 1 0 0 0
260	10	1 1 1 0 0 0 1 0 0 0 0 0 0 0 0 0
260	17	1 1 1 0 1 0 0 0 0 1 0 0 0 0 1 0
260	26	0 1 1 1 1 0 0 0 0 0 0 0 0 0 0 0
260	3	1 1 1 0 0 0 0 1 0 0 0 0 0 0 0 0
260	3	0 1 1 0 1 0 0 0 0 0 0 0 1 0 0 1
260	5	1 1 0 1 1 0 0 0 0 0 0 0 0 0 0 0
260	47	0 1 1 1 1 0 0 0 0 0 1 0 0 0 0 0
260	3	0 0 1 1 1 0 1 0 0 0 1 0 0 0 0 0
260	12	0 1 1 0 1 0 0 0 0 0 0 0 1 0 0 0
260	7	1 1 1 1 1 0 0 1 0 0 0 0 1 0 0 0
260	1	0 1 1 0 1 0 0 0 0 0 0 1 0 0 0 1
260	11	1 0 1 0 0 0 0 0 0 0 0 0 0 1 0 0
260	3	0 1 1 0 1 0 0 0 0 0 0 0 0 0 0 0
260	33	1 1 0 1 1 0 0 0 0 1 0 0 0 0 0 0
260	17	1 0 1 1 1 0 0 0 0 0 0 0 0 0 0 0
260	19	1 0 1 1 0 0 0 0 0 0 0 0 1 0 0 0
260	26	1 1 1 0 1 0 0 0 0 1 0 0 0 0 0 0
260	7	1 1 1 1 1 0 1 0 0 0 0 0 1 0 0 0
260	8	1 1 1 1 1 1 0 0 0 0 0 0 1 0 0 0
260	11	1 0 1 0 0 0 0 0 0 0 0 0 0 0 0 0
260	9	1 1 1 1 1 0 0 1 1 0 0 0 1 0 0 0
260	21	1 1 1 0 0 0 1 0 0 0 0 0 0 0 0 1
260	20	0 1 1 1 1 0 0 0 0 0 1 0 0 0 1 0
260	1	0 1 1 1 1 1 0 0 0 0 0 0 0 0 0 0
260	2	0 1 1 1 1 1 0 0 0 0 1 0 0 0 0 0
260	7	0 1 1 1 1 0 1 0 0 1 0 0 0 1 0 0
260	2	0 0 1 1 1 0 1 0 0 0 0 0 0 0 0 0
260	1	1 1 1 0 0 0 0 0 0 0 0 0 0 0 0 0
260	6	0 1 0 1 1 0 0 0 0 0 0 0 1 0 0 0
260	9	1 1 1 0 1 0 0 0 0 0 0 0 0 0 1 0
260	10	1 0 1 1 1 0 1 0 0 0 0 0 1 0 0 0
260	11	0 1 1 1 1 0 1 0 0 1 0 0 0 0 0 0
260	11	1 1 1 0 1 1 0 0 0 0 0 1 0 0 0 0
260	16	1 0 1 1 1 0 1 0 0 0 0 0 0 1 0 0
260	2	1 1 1 1 1 0 1 0 0 0 1 0 0 0 0 0
260	3	0 1 1 1 0 0 1 1 0 1 1 0 0 1 0 0
260	7	0 1 1 1 1 0 0 0 1 0 1 0 0 0 1 0
260	14	1 1 1 1 1 0 0 0 0 0 0 0 0 1 0 0
260	1	1 1 1 0 0 0 0 0 0 0 0 0 0 0 1 0
260	5	0 1 0 1 1 0 0 0 0 0 0 0 0 0 0 0
260	9	0 1 1 1 1 1 0 0 0 0 1 0 0 0 0 1
260	12	0 0 1 0 0 0 0 0 0 0 0 0 0 1 0 0
260	3	1 0 1 1 1 0 0 0 0 0 1 0 0 0 1 0
260	6	1 0 1 1 1 0 0 0 0 0 0 0 0 0 0 1
260	1	1 0 1 0 1 0 0 0 0 0 1 0 0 1 0 0
260	6	0 1 1 1 1 0 0 1 0 0 0 0 1 0 0 0
260	2	1 1 1 1 1 0 0 1 0 0 0 0 0 0 0 0
260	10	1 1 1 1 1 0 0 0 0 0 1 1 1 0 0 0
260	5	1 0 1 1 1 0 1 0 0 0 1 0 0 0 0 0
260	2	1 0 1 1 1 0 1 0 0 1 0 0 0 0 0 0
260	2	1 1 1 1 1 0 0 0 0 0 1 0 1 0 0 1
260	2	1 0 1 1 0 0 0 0 0 0 0 0 0 1 0 0
260	13	1 0 1 1 1 0 0 0 0 0 0 0 1 0 0 0
260	2	0 1 0 1 1 0 0 0 1 0 0 0 1 0 0 0
260	2	0 1 1 0 1 0 0 0 0 0 0 0 1 1 0 0
260	3	1 1 1 0 1 0 0 0 1 1 0 0 0 0 0 0
260	2	1 1 1 0 1 0 0 0 0 0 0 0 0 1 0 0
260	4	1 0 1 1 1 0 0 0 0 0 1 0 0 0 0 0
260	2	1 1 1 1 1 0 0 1 0 0 0 0 1 0 1 0
260	1	0 1 1 0 1 0 0 1 0 0 0 0 1 0 0 0
260	1	0 1 1 0 1 0 0 0 1 0 0 0 1 0 0 0
260	2	1 0 1 1 0 0 0 0 0 0 0 0 1 0 0 1
260	2	1 1 1 0 1 0 0 0 0 0 0 0 0 0 1 1
260	6	1 0 1 1 0 1 0 0 0 0 0 0 0 1 0 0
260	6	1 0 1 0 1 0 0 0 0 0 0 0 1 0 0 0
260	2	1 0 1 1 1 0 0 0 0 0 1 0 1 0 0 0
260	1	1 1 1 1 0 0 0 0 0 0 0 0 0 0 1 0
260	3	0 1 1 1 1 0 0 1 0 0 0 0 0 0 0 0
260	2	1 0 1 1 1 0 0 0 0 1 0 0 1 0 0 0
260	2	1 1 1 0 1 0 0 0 0 0 0 0 1 1 0 0
260	4	1 1 1 1 1 0 0 1 0 0 0 0 0 0 1 0
260	1	1 0 1 0 1 0 0 1 0 0 0 0 0 0 0 0
260	1	1 0 1 0 1 0 0 0 0 0 0 0 0 0 1 0
260	2	1 1 1 1 1 0 0 0 0 0 0 1 1 0 0 1
260	1	0 1 1 1 1 0 0 0 0 0 1 0 0 0 1 1
260	1	1 0 1 1 1 0 0 1 0 0 0 0 1 0 1 0
260	2	0 1 1 1 1 0 0 1 1 0 1 0 1 0 0 1
260	2	1 1 1 1 1 1 0 0 0 0 0 0 0 0 1 0
260	2	1 1 1 1 0 0 0 1 0 0 0 0 0 0 0 0
260	2	1 0 1 1 1 1 0 0 0 0 0 0 0 0 0 0
260	1	0 1 1 1 1 1 0 0 0 0 1 0 0 0 1 0
260	3	1 1 1 1 1 1 0 0 0 0 1 0 0 0 0 0
260	1	0 1 0 1 1 0 1 0 0 1 0 0 0 0 0 0
260	3	1 0 1 1 1 1 0 0 0 0 0 0 1 0 0 0
270	8	0 1 1 1 1 0 0 0 0 0 0 0 1 0 0 0
270	35	1 1 1 0 1 0 0 0 0 0 0 0 0 0 0 0
270	35	1 1 1 1 1 0 0 0 0 0 0 0 1 0 0 0
270	15	1 1 1 0 1 0 0 0 0 0 0 0 1 0 0 0
270	1	1 1 1 1 1 0 0 0 0 0 1 0 1 0 0 0
270	109	1 1 1 1 1 0 0 0 0 0 0 0 0 0 0 0
270	4	0 1 1 1 1 0 0 0 0 0 1 0 1 0 0 0
270	11	1 0 1 1 1 0 1 0 0 0 0 0 0 0 0 0
270	76	1 1 1 1 1 0 0 0 0 0 0 0 0 0 1 0
270	7	1 0 1 0 1 0 0 0 0 0 0 0 0 0 0 0
270	14	0 1 1 1 0 0 0 0 0 0 0 0 0 0 0 0
270	1	1 1 1 1 1 0 0 0 0 1 0 0 0 1 0 0
270	7	0 1 1 1 1 0 0 0 0 1 0 0 1 0 0 0
270	11	1 1 1 0 0 0 1 0 0 0 0 0 0 0 0 0
270	13	1 1 1 0 1 0 0 0 0 1 0 0 0 0 1 0
270	40	0 1 1 1 1 0 0 0 0 0 0 0 0 0 0 0
270	6	1 1 1 0 0 0 0 1 0 0 0 0 0 0 0 0
270	3	0 1 1 0 1 0 0 0 0 0 0 0 1 0 0 1
270	44	0 1 1 1 1 0 0 0 0 0 1 0 0 0 0 0
270	2	0 1 1 0 1 0 0 0 0 0 0 0 1 0 0 0
270	26	1 1 0 1 1 0 0 0 0 1 0 0 0 0 0 0
270	13	1 0 1 1 1 0 0 0 0 0 0 0 0 0 0 0
270	1	1 0 1 1 0 0 0 0 0 0 0 0 1 0 0 0
270	26	1 1 1 0 1 0 0 0 0 1 0 0 0 0 0 0
270	14	1 1 1 1 1 0 1 0 0 0 0 0 1 0 0 0
270	5	1 1 1 1 1 1 0 0 0 0 0 0 1 0 0 0
270	6	1 0 1 0 0 0 0 0 0 0 0 0 0 0 0 0
270	35	1 1 1 1 1 0 0 1 1 0 0 0 1 0 0 0
270	12	1 1 1 0 0 0 1 0 0 0 0 0 0 0 0 1
270	38	0 1 1 1 1 0 0 0 0 0 1 0 0 0 1 0
270	4	1 1 1 0 1 0 0 0 0 0 0 0 0 0 1 0
270	14	0 1 1 1 1 0 1 0 0 1 0 0 0 0 0 0
270	28	1 1 1 0 1 1 0 0 0 0 0 1 0 0 0 0
270	12	1 0 1 1 1 0 1 0 0 0 0 0 0 1 0 0
270	3	1 1 1 1 1 0 1 0 0 0 1 0 0 0 0 0
270	4	0 1 1 1 1 0 0 0 1 0 1 0 0 0 1 0
270	11	1 1 1 1 1 0 0 0 0 0 0 0 0 1 0 0
270	5	1 1 1 0 0 0 0 0 0 0 0 0 0 0 1 0
270	2	0 0 1 0 0 0 0 0 0 0 0 0 0 1 0 0
270	3	1 0 1 1 1 0 0 0 0 0 0 0 0 0 0 1
270	5	1 0 1 0 1 0 0 0 0 0 1 0 0 1 0 0
270	21	0 1 1 1 1 0 0 1 0 0 0 0 1 0 0 0
270	2	1 1 1 1 1 0 0 1 0 0 0 0 0 0 0 0
270	16	1 1 1 1 1 0 0 0 0 0 1 1 1 0 0 0
270	19	1 0 1 1 1 0 1 0 0 0 1 0 0 0 0 0
270	6	1 0 1 1 1 0 1 0 0 1 0 0 0 0 0 0
270	6	1 1 1 1 1 0 0 0 0 0 1 0 1 0 0 1
270	14	0 1 1 0 1 0 0 1 0 0 0 0 1 0 0 0
270	11	1 0 1 1 0 1 0 0 0 0 0 0 0 1 0 0
270	1	1 0 1 0 1 0 0 0 0 0 0 0 1 0 0 0
270	2	0 1 1 1 1 0 0 1 0 0 0 0 0 0 0 0
270	4	1 0 1 1 1 0 0 0 0 1 0 0 1 0 0 0
270	11	1 0 1 1 1 0 0 1 0 0 0 0 1 0 1 0
270	6	0 1 1 1 1 0 0 1 1 0 1 0 1 0 0 1
270	4	1 1 1 1 1 1 0 0 0 0 0 0 0 0 1 0
270	5	1 1 1 1 0 0 0 1 0 0 0 0 0 0 0 0
270	4	1 0 1 1 1 1 0 0 0 0 0 0 0 0 0 0
270	11	1 1 1 1 1 1 0 0 0 0 1 0 0 0 0 0
270	5	1 1 1 1 1 0 0 0 0 0 1 0 0 0 0 0
270	2	1 1 1 1 1 0 0 0 0 0 1 0 0 0 1 0
270	4	1 1 0 1 1 0 0 0 0 1 0 1 0 0 0 0
270	5	1 1 1 1 1 0 0 0 0 1 0 0 1 0 0 0
270	8	1 1 1 1 1 0 0 0 0 1 0 0 0 0 0 0
270	10	1 1 1 1 1 1 0 0 0 0 0 0 0 0 0 0
270	2	1 1 1 1 1 0 0 0 1 0 0 0 0 0 1 0
270	2	1 1 1 1 1 1 0 0 0 1 0 0 0 0 0 0
270	12	1 1 1 0 1 1 0 0 0 1 0 0 0 0 0 0
270	7	1 1 1 1 0 1 0 1 0 0 0 0 0 1 0 0
270	6	1 0 1 1 1 1 0 0 0 0 1 0 0 0 0 1
270	5	1 1 1 1 1 1 0 0 0 0 1 1 1 0 0 0
270	2	0 1 1 1 1 1 0 0 0 0 0 0 1 0 0 0
270	10	1 0 1 1 1 0 0 0 0 0 0 0 0 1 0 0
270	11	1 1 1 1 1 0 1 1 1 0 0 0 1 0 0 0
270	6	1 0 1 1 1 1 0 0 0 0 0 0 0 0 0 1
270	3	1 1 1 1 1 0 0 0 0 0 1 0 0 1 0 0
270	3	1 0 1 0 0 0 0 0 0 0 0 0 1 0 0 0
270	4	0 1 0 1 1 1 0 0 0 0 0 1 0 0 0 0
270	3	1 0 1 0 1 1 0 0 0 1 0 0 0 0 0 0
270	1	1 0 1 1 1 0 1 1 0 0 0 0 0 0 0 0
270	4	1 1 0 1 1 0 0 0 0 1 0 0 0 1 0 0
270	1	1 0 1 1 0 0 0 0 0 1 0 0 1 0 0 0
270	1	1 1 1 0 1 0 0 0 1 1 0 0 0 0 0 0
270	2	1 0 1 1 1 1 0 0 0 0 0 0 0 1 0 0
270	1	1 1 1 1 0 1 0 1 0 0 0 1 0 1 0 0
270	1	1 1 1 1 1 1 0 0 0 1 0 1 0 0 0 0
270	3	1 0 1 0 1 0 0 0 0 1 0 0 0 0 1 0
270	2	1 1 1 0 1 0 1 0 0 0 0 0 0 0 0 0
270	1	1 1 0 0 1 0 0 0 0 0 0 0 0 0 0 0
270	2	0 1 1 1 0 0 0 0 0 1 0 0 0 0 0 0
270	1	0 1 1 1 1 0 0 1 0 0 1 0 0 0 1 0
270	1	0 1 1 1 0 0 1 0 0 1 0 0 0 0 0 0
270	3	1 1 1 0 1 1 0 0 0 0 0 1 0 0 0 1
270	1	1 1 1 1 1 0 0 0 0 1 0 1 0 0 0 0
270	1	1 1 1 1 1 0 0 0 1 0 0 0 1 0 0 0
270	1	1 1 1 0 1 0 0 0 1 0 0 0 1 0 0 0
270	1	1 0 1 0 1 1 0 0 0 0 0 0 0 0 0 0
270	2	1 1 1 1 1 1 0 0 0 0 0 0 1 0 1 0
270	3	0 1 1 1 1 0 0 1 1 0 0 0 1 0 0 0
270	2	0 1 1 1 1 0 1 0 0 1 0 0 0 0 0 1
270	2	1 1 0 0 1 1 0 0 0 0 0 1 0 0 0 0
270	1	1 1 1 1 1 0 0 0 0 1 1 0 1 0 0 0
280	15	0 1 1 1 1 0 0 0 0 0 0 0 1 0 0 0
280	6	1 1 1 0 1 0 0 0 0 0 0 0 0 0 0 0
280	19	1 1 1 1 1 0 0 0 0 0 0 0 1 0 0 0
280	7	1 1 1 0 1 0 0 0 0 0 0 0 1 0 0 0
280	116	1 1 1 1 1 0 0 0 0 0 0 0 0 0 0 0
280	4	0 1 1 1 1 0 0 0 0 0 1 0 1 0 0 0
280	9	1 0 1 1 1 0 1 0 0 0 0 0 0 0 0 0
280	83	1 1 1 1 1 0 0 0 0 0 0 0 0 0 1 0
280	15	1 0 1 0 1 0 0 0 0 0 0 0 0 0 0 0
280	4	0 1 1 1 0 0 0 0 0 0 0 0 0 0 0 0
280	12	1 1 1 0 0 0 1 0 0 0 0 0 0 0 0 0
280	10	1 1 1 0 1 0 0 0 0 1 0 0 0 0 1 0
280	56	0 1 1 1 1 0 0 0 0 0 0 0 0 0 0 0
280	38	0 1 1 1 1 0 0 0 0 0 1 0 0 0 0 0
280	58	1 1 0 1 1 0 0 0 0 1 0 0 0 0 0 0
280	1	1 0 1 1 1 0 0 0 0 0 0 0 0 0 0 0
280	14	1 1 1 0 1 0 0 0 0 1 0 0 0 0 0 0
280	13	1 1 1 1 1 0 1 0 0 0 0 0 1 0 0 0
280	5	1 1 1 1 1 1 0 0 0 0 0 0 1 0 0 0
280	27	1 1 1 1 1 0 0 1 1 0 0 0 1 0 0 0
280	12	1 1 1 0 0 0 1 0 0 0 0 0 0 0 0 1
280	58	0 1 1 1 1 0 0 0 0 0 1 0 0 0 1 0
280	1	1 1 1 0 1 0 0 0 0 0 0 0 0 0 1 0
280	25	0 1 1 1 1 0 1 0 0 1 0 0 0 0 0 0
280	15	1 1 1 0 1 1 0 0 0 0 0 1 0 0 0 0
280	22	1 1 1 1 1 0 0 0 0 0 0 0 0 1 0 0
280	16	0 1 1 1 1 0 0 1 0 0 0 0 1 0 0 0
280	8	1 1 1 1 1 0 0 0 0 0 1 1 1 0 0 0
280	22	1 0 1 1 1 0 1 0 0 0 1 0 0 0 0 0
280	6	1 0 1 1 1 0 1 0 0 1 0 0 0 0 0 0
280	8	1 1 1 1 1 0 0 0 0 0 1 0 1 0 0 1
280	8	1 0 1 1 0 1 0 0 0 0 0 0 0 1 0 0
280	6	0 1 1 1 1 0 0 1 1 0 1 0 1 0 0 1
280	1	1 0 1 1 1 1 0 0 0 0 0 0 0 0 0 0
280	4	1 1 1 1 1 1 0 0 0 0 1 0 0 0 0 0
280	16	1 1 1 1 1 0 0 0 0 0 1 0 0 0 0 0
280	15	1 1 0 1 1 0 0 0 0 1 0 1 0 0 0 0
280	3	1 1 1 1 1 0 0 0 0 1 0 0 1 0 0 0
280	22	1 1 1 1 1 0 0 0 0 1 0 0 0 0 0 0
280	1	1 1 1 1 1 1 0 0 0 1 0 0 0 0 0 0
280	1	1 1 1 0 1 1 0 0 0 1 0 0 0 0 0 0
280	7	1 1 1 1 0 1 0 1 0 0 0 0 0 1 0 0
280	3	1 1 1 1 1 1 0 0 0 0 1 1 1 0 0 0
280	7	1 1 1 0 1 0 1 0 0 0 0 0 0 0 0 0
280	6	0 1 1 1 0 0 0 0 0 1 0 0 0 0 0 0
280	4	0 1 1 1 1 0 0 1 0 0 1 0 0 0 1 0
280	5	1 1 1 1 1 0 0 0 0 1 0 1 0 0 0 0
280	2	1 1 1 1 1 1 0 0 0 0 0 0 1 0 1 0
280	1	1 1 1 0 1 0 0 0 0 1 0 0 1 0 0 0
280	9	1 1 1 1 0 0 0 0 0 0 0 0 1 0 0 0
280	7	1 1 1 0 0 0 0 0 0 0 0 0 0 0 0 0
280	9	0 1 1 1 1 0 0 0 0 0 0 0 0 0 1 0
280	2	1 1 1 1 0 0 0 0 0 0 0 0 0 0 0 0
280	21	1 1 1 0 1 1 0 0 0 0 0 0 0 0 0 0
280	11	1 1 1 1 1 0 0 0 0 0 0 0 0 1 1 0
280	2	0 0 1 1 1 0 0 0 0 0 0 0 0 0 0 0
280	6	1 1 1 1 1 1 0 0 0 0 1 0 1 0 0 0
280	2	1 1 1 0 1 1 0 0 0 1 0 0 1 0 0 0
280	3	1 1 1 0 1 1 0 1 0 0 0 0 1 0 0 0
280	9	1 1 1 1 0 1 0 0 0 0 0 0 1 0 0 0
280	9	1 1 0 0 1 1 0 0 0 0 0 1 0 0 0 0
280	8	0 1 1 1 1 0 0 0 0 0 0 0 0 1 0 0
280	8	1 1 1 1 1 0 0 0 0 0 0 1 0 0 0 0
280	8	0 1 1 1 1 0 0 0 0 0 0 1 0 0 0 0
280	5	1 0 1 0 0 0 0 1 0 0 0 0 0 0 0 0
280	1	1 0 1 0 1 0 0 1 0 0 0 0 1 0 1 0
280	1	1 1 1 1 1 0 0 0 0 1 0 0 0 0 1 0
280	3	1 1 1 1 1 1 0 0 0 0 1 0 1 1 0 0
280	5	1 1 1 0 1 0 0 0 0 0 1 0 0 0 0 0
280	5	0 1 1 1 1 0 0 0 0 1 0 0 0 0 0 0
280	3	1 1 1 0 1 0 0 0 0 0 1 0 1 0 0 0
280	5	1 1 1 1 1 0 0 0 1 0 0 0 0 0 0 0
280	2	0 1 1 1 1 1 0 0 0 0 1 0 0 0 0 0
280	4	1 0 1 1 1 0 1 0 0 0 1 1 0 0 0 0
280	1	1 1 1 1 0 1 0 0 0 0 0 0 0 1 0 0
280	4	1 1 0 1 1 0 0 0 0 0 0 0 0 0 0 0
280	9	1 0 1 0 0 0 0 0 0 0 0 0 0 0 0 0
280	2	1 1 0 1 1 0 0 0 0 1 0 0 0 0 0 1
280	1	1 1 1 0 1 1 0 0 0 0 0 0 0 0 1 0
280	1	1 1 1 1 1 0 0 0 0 0 1 0 0 0 1 0
280	1	1 0 1 1 1 0 0 0 0 0 1 0 0 0 0 0
280	2	1 1 1 1 1 0 1 0 0 0 0 0 0 0 0 0
280	1	1 1 0 1 1 0 0 0 0 1 0 0 0 1 0 0
280	1	0 1 1 0 1 0 0 0 0 0 0 0 0 0 1 0
280	1	1 1 0 0 1 1 0 0 0 0 0 0 0 0 0 0
280	2	1 1 1 1 1 0 0 0 0 0 0 0 1 0 0 1
280	1	1 1 1 0 1 1 0 0 0 0 0 0 1 0 0 0
280	1	1 0 0 1 0 1 0 0 0 0 0 0 0 1 0 0
280	2	1 1 0 1 1 1 0 0 0 1 0 0 0 0 0 0
280	2	1 0 1 0 0 0 0 1 0 0 0 0 1 0 0 0
280	2	1 1 1 0 1 1 0 0 0 1 0 0 0 1 0 0
280	1	1 1 1 0 0 1 1 0 0 0 0 0 0 0 1 0
290	36	0 1 1 1 1 0 0 0 0 0 0 0 1 0 0 0
290	12	1 1 1 0 1 0 0 0 0 0 0 0 0 0 0 0
290	17	1 1 1 1 1 0 0 0 0 0 0 0 1 0 0 0
290	91	1 1 1 1 1 0 0 0 0 0 0 0 0 0 0 0
290	3	0 1 1 1 1 0 0 0 0 0 1 0 1 0 0 0
290	5	1 0 1 1 1 0 1 0 0 0 0 0 0 0 0 0
290	82	1 1 1 1 1 0 0 0 0 0 0 0 0 0 1 0
290	5	1 0 1 0 1 0 0 0 0 0 0 0 0 0 0 0
290	4	0 1 1 1 0 0 0 0 0 0 0 0 0 0 0 0
290	30	1 1 1 0 0 0 1 0 0 0 0 0 0 0 0 0
290	86	0 1 1 1 1 0 0 0 0 0 0 0 0 0 0 0
290	44	0 1 1 1 1 0 0 0 0 0 1 0 0 0 0 0
290	110	1 1 0 1 1 0 0 0 0 1 0 0 0 0 0 0
290	7	1 1 1 0 1 0 0 0 0 1 0 0 0 0 0 0
290	10	1 1 1 1 1 0 1 0 0 0 0 0 1 0 0 0
290	2	1 1 1 1 1 1 0 0 0 0 0 0 1 0 0 0
290	23	1 1 1 1 1 0 0 1 1 0 0 0 1 0 0 0
290	3	1 1 1 0 0 0 1 0 0 0 0 0 0 0 0 1
290	24	0 1 1 1 1 0 0 0 0 0 1 0 0 0 1 0
290	7	0 1 1 1 1 0 1 0 0 1 0 0 0 0 0 0
290	27	1 1 1 0 1 1 0 0 0 0 0 1 0 0 0 0
290	17	1 1 1 1 1 0 0 0 0 0 0 0 0 1 0 0
290	7	0 1 1 1 1 0 0 1 0 0 0 0 1 0 0 0
290	14	1 0 1 1 1 0 1 0 0 0 1 0 0 0 0 0
290	2	1 0 1 1 1 0 1 0 0 1 0 0 0 0 0 0
290	1	1 1 1 1 1 0 0 0 0 0 1 0 1 0 0 1
290	5	1 1 1 1 1 1 0 0 0 0 1 0 0 0 0 0
290	12	1 1 1 1 1 0 0 0 0 0 1 0 0 0 0 0
290	12	1 1 0 1 1 0 0 0 0 1 0 1 0 0 0 0
290	25	1 1 1 1 1 0 0 0 0 1 0 0 0 0 0 0
290	4	1 1 1 1 0 1 0 1 0 0 0 0 0 1 0 0
290	1	1 1 1 1 1 1 0 0 0 0 1 1 1 0 0 0
290	18	1 1 1 0 1 0 1 0 0 0 0 0 0 0 0 0
290	6	1 1 1 1 1 0 0 0 0 1 0 1 0 0 0 0
290	11	1 1 1 1 0 0 0 0 0 0 0 0 1 0 0 0
290	7	1 1 1 0 0 0 0 0 0 0 0 0 0 0 0 0
290	14	1 1 1 0 1 1 0 0 0 0 0 0 0 0 0 0
290	7	1 1 1 1 1 0 0 0 0 0 0 0 0 1 1 0
290	7	1 1 1 0 1 1 0 1 0 0 0 0 1 0 0 0
290	14	1 1 1 1 0 1 0 0 0 0 0 0 1 0 0 0
290	13	1 1 0 0 1 1 0 0 0 0 0 1 0 0 0 0
290	2	0 1 1 1 1 0 0 0 0 0 0 0 0 1 0 0
290	6	0 1 1 1 1 0 0 0 0 0 0 1 0 0 0 0
290	1	1 0 1 0 0 0 0 1 0 0 0 0 0 0 0 0
290	18	1 1 1 0 1 0 0 0 0 0 1 0 0 0 0 0
290	18	0 1 1 1 1 0 0 0 0 1 0 0 0 0 0 0
290	1	1 1 1 1 1 0 0 0 1 0 0 0 0 0 0 0
290	5	1 1 1 1 0 1 0 0 0 0 0 0 0 1 0 0
290	2	1 1 0 1 1 0 0 0 0 1 0 0 0 0 0 1
290	5	1 1 1 1 1 0 1 0 0 0 0 0 0 0 0 0
290	2	1 0 1 0 0 0 0 0 0 0 0 0 0 0 1 0
290	7	0 1 1 1 1 1 0 0 0 0 1 0 0 0 0 1
290	3	1 1 1 1 1 0 0 1 0 0 0 0 1 0 0 0
290	2	1 1 0 1 1 0 0 0 0 0 0 0 0 0 1 0
290	11	1 1 1 1 1 0 0 0 0 0 0 1 0 0 0 0
290	1	0 1 1 1 1 0 0 0 0 1 0 1 0 0 0 0
290	4	1 1 1 1 1 0 0 1 0 0 0 0 0 0 1 0
290	4	1 1 0 1 1 0 0 1 1 0 0 0 1 0 0 0
290	4	1 1 1 0 0 0 0 0 0 0 0 0 1 0 0 0
290	3	1 1 1 1 1 0 0 0 1 0 0 0 0 0 1 0
290	4	0 1 0 1 1 0 0 0 0 0 0 0 1 0 0 0
290	3	1 1 1 0 1 0 0 0 0 0 0 0 0 0 1 0
290	1	0 0 1 1 1 0 0 0 0 0 0 0 0 0 0 0
290	3	0 1 1 1 1 1 0 0 0 0 1 0 0 0 0 0
290	8	1 1 1 1 1 0 0 0 0 0 1 0 0 0 1 0
290	3	0 1 1 0 1 0 0 0 0 0 0 0 1 0 0 0
290	2	1 1 1 1 0 0 0 0 0 0 0 0 0 0 1 0
290	2	1 1 1 1 1 1 0 0 0 0 0 0 0 0 1 0
290	2	1 1 0 1 1 0 0 0 0 1 1 0 0 0 0 0
290	6	1 1 1 1 1 1 1 0 0 0 1 1 1 0 0 0
290	8	0 1 1 1 1 0 0 0 0 0 1 0 0 1 0 0
290	4	0 1 1 1 1 0 0 0 1 0 0 0 1 0 0 0
290	1	1 0 1 1 1 0 0 0 0 0 0 0 0 0 1 0
290	1	0 1 0 1 1 0 0 0 0 0 0 0 0 0 0 0
290	2	0 1 1 1 1 0 0 0 0 0 0 0 0 0 0 1
290	3	1 1 1 1 0 0 0 0 0 0 0 1 1 0 0 0
290	1	1 1 1 1 0 1 0 0 0 0 1 0 1 0 0 0
290	1	0 1 1 1 1 0 1 0 0 0 0 0 0 1 0 0
290	1	0 1 1 1 1 0 0 0 0 0 0 0 0 0 1 0
290	2	1 1 1 1 0 0 0 0 0 0 0 0 0 0 0 0
290	1	1 0 1 1 1 0 0 0 0 0 1 0 0 0 0 0
290	1	1 1 1 0 1 0 0 1 0 0 0 0 1 0 0 0
290	5	1 1 1 1 1 1 0 0 0 0 1 0 0 0 0 1
290	2	0 1 1 1 1 0 0 1 0 0 0 0 0 0 0 0
290	2	0 1 1 0 1 0 0 0 0 0 0 0 0 0 0 0
290	1	1 1 0 0 1 0 0 0 0 1 0 0 0 0 0 0
290	2	1 1 0 1 1 0 0 0 0 1 1 1 0 0 0 0
290	4	0 1 1 1 1 1 0 0 0 0 0 1 0 0 0 0
300	12	0 1 1 1 1 0 0 0 0 0 0 0 1 0 0 0
300	3	1 1 1 0 1 0 0 0 0 0 0 0 0 0 0 0
300	9	1 1 1 1 1 0 0 0 0 0 0 0 1 0 0 0
300	92	1 1 1 1 1 0 0 0 0 0 0 0 0 0 0 0
300	104	1 1 1 1 1 0 0 0 0 0 0 0 0 0 1 0
300	2	1 0 1 0 1 0 0 0 0 0 0 0 0 0 0 0
300	12	1 1 1 0 0 0 1 0 0 0 0 0 0 0 0 0
300	61	0 1 1 1 1 0 0 0 0 0 0 0 0 0 0 0
300	27	0 1 1 1 1 0 0 0 0 0 1 0 0 0 0 0
300	114	1 1 0 1 1 0 0 0 0 1 0 0 0 0 0 0
300	4	1 1 1 0 1 0 0 0 0 1 0 0 0 0 0 0
300	10	1 1 1 1 1 0 1 0 0 0 0 0 1 0 0 0
300	7	1 1 1 1 1 0 0 1 1 0 0 0 1 0 0 0
300	9	1 1 1 0 0 0 1 0 0 0 0 0 0 0 0 1
300	18	0 1 1 1 1 0 0 0 0 0 1 0 0 0 1 0
300	10	0 1 1 1 1 0 1 0 0 1 0 0 0 0 0 0
300	53	1 1 1 0 1 1 0 0 0 0 0 1 0 0 0 0
300	14	1 1 1 1 1 0 0 0 0 0 0 0 0 1 0 0
300	13	1 0 1 1 1 0 1 0 0 0 1 0 0 0 0 0
300	8	1 1 1 1 1 1 0 0 0 0 1 0 0 0 0 0
300	33	1 1 1 1 1 0 0 0 0 0 1 0 0 0 0 0
300	14	1 1 0 1 1 0 0 0 0 1 0 1 0 0 0 0
300	20	1 1 1 1 1 0 0 0 0 1 0 0 0 0 0 0
300	2	1 1 1 1 0 1 0 1 0 0 0 0 0 1 0 0
300	4	1 1 1 0 1 0 1 0 0 0 0 0 0 0 0 0
300	1	1 1 1 1 1 0 0 0 0 1 0 1 0 0 0 0
300	19	1 1 1 1 0 0 0 0 0 0 0 0 1 0 0 0
300	21	1 1 1 0 1 1 0 0 0 0 0 0 0 0 0 0
300	1	1 1 1 1 1 0 0 0 0 0 0 0 0 1 1 0
300	15	1 1 1 1 0 1 0 0 0 0 0 0 1 0 0 0
300	9	1 1 0 0 1 1 0 0 0 0 0 1 0 0 0 0
300	12	0 1 1 1 1 0 0 0 0 0 0 0 0 1 0 0
300	11	0 1 1 1 1 0 0 0 0 0 0 1 0 0 0 0
300	14	1 1 1 0 1 0 0 0 0 0 1 0 0 0 0 0
300	7	0 1 1 1 1 0 0 0 0 1 0 0 0 0 0 0
300	6	1 1 1 1 0 1 0 0 0 0 0 0 0 1 0 0
300	1	1 1 0 1 1 0 0 0 0 1 0 0 0 0 0 1
300	4	0 1 1 1 1 1 0 0 0 0 1 0 0 0 0 1
300	1	1 1 1 1 1 0 0 1 0 0 0 0 1 0 0 0
300	1	1 1 1 1 1 0 0 1 0 0 0 0 0 0 1 0
300	21	1 1 0 1 1 0 0 1 1 0 0 0 1 0 0 0
300	12	1 1 1 1 1 0 0 0 1 0 0 0 0 0 1 0
300	2	1 1 1 1 1 0 0 0 0 0 1 0 0 0 1 0
300	3	1 1 1 1 1 1 1 0 0 0 1 1 1 0 0 0
300	10	0 1 1 1 1 0 0 0 0 0 1 0 0 1 0 0
300	2	0 1 1 1 1 0 0 0 1 0 0 0 1 0 0 0
300	4	1 0 1 1 1 0 0 0 0 0 0 0 0 0 1 0
300	8	1 1 1 1 0 0 0 0 0 0 0 1 1 0 0 0
300	4	1 1 1 1 0 0 0 0 0 0 0 0 0 0 0 0
300	4	1 0 1 1 1 0 0 0 0 0 1 0 0 0 0 0
300	2	1 1 0 0 1 0 0 0 0 1 0 0 0 0 0 0
300	4	0 1 0 0 1 1 0 0 0 0 0 1 0 0 0 0
300	5	1 1 0 1 1 0 0 0 0 1 0 0 0 0 1 0
300	8	1 1 1 1 1 0 0 0 0 0 0 1 0 0 1 0
300	6	1 1 1 0 1 1 0 0 0 0 0 0 0 0 0 1
300	15	1 1 0 1 1 0 0 0 0 0 0 0 0 0 0 0
300	6	1 1 1 1 1 0 0 0 0 1 1 0 0 0 1 0
300	2	1 1 1 0 1 1 0 1 0 0 0 0 0 1 0 0
300	4	1 1 0 1 1 0 0 0 1 1 0 0 0 0 0 0
300	2	1 1 1 0 1 1 0 1 0 0 0 1 0 0 0 0
300	8	1 1 1 1 1 0 0 0 1 0 0 0 1 0 0 0
300	4	1 1 0 1 1 0 0 0 0 1 1 0 0 0 0 0
300	6	1 1 0 1 1 0 0 0 0 0 0 1 0 0 1 0
300	1	1 1 1 0 1 0 0 0 0 0 0 0 0 0 1 0
300	5	0 1 1 1 1 0 0 1 0 0 1 0 0 0 0 0
300	3	1 1 0 1 1 1 0 0 0 0 0 1 0 0 0 0
300	19	1 1 0 1 1 0 0 1 0 0 0 0 1 0 0 0
300	3	1 0 1 1 1 0 0 0 0 0 0 0 0 0 1 1
300	1	1 1 0 1 1 0 0 0 1 1 0 0 0 0 1 0
300	3	1 1 1 1 1 0 0 0 0 1 1 0 0 0 0 0
300	2	0 1 1 1 0 0 0 0 0 0 0 0 1 0 0 0
300	1	1 1 1 0 1 1 0 0 0 0 0 1 1 0 0 0
300	2	0 1 1 1 1 0 1 0 0 0 0 0 0 0 0 0
300	2	1 0 1 1 1 1 0 0 0 0 1 0 0 0 0 0
300	3	1 1 0 0 1 0 0 0 0 0 0 0 0 0 0 0
300	1	0 1 1 1 1 0 0 0 0 0 0 1 1 0 0 0
300	1	1 1 1 1 1 0 0 0 0 0 0 1 0 0 0 0
300	2	0 1 1 1 1 0 0 0 0 0 1 0 1 0 0 0
300	2	0 1 1 0 1 0 0 0 0 0 1 0 0 0 1 0
300	1	0 0 1 1 1 0 0 0 0 0 1 0 0 0 1 0
300	1	1 1 0 1 1 0 0 0 0 0 0 1 0 0 0 0
300	4	0 1 0 0 1 1 0 0 0 0 1 1 0 0 0 0
300	1	1 1 0 1 1 0 0 0 0 0 1 0 0 0 1 0
300	1	0 1 1 1 1 0 0 1 1 0 0 0 1 0 0 0
300	3	0 1 1 1 1 1 0 0 0 0 0 0 0 0 0 0
300	2	1 1 1 0 1 1 1 0 0 0 0 1 0 0 0 0
300	3	1 1 1 1 1 1 0 0 0 0 1 0 0 0 0 1
300	1	1 1 0 1 1 0 0 0 1 0 0 0 1 0 0 0
300	1	1 1 1 1 0 0 0 0 0 0 1 0 0 0 0 0
300	1	1 0 1 1 0 1 0 0 0 0 0 0 0 0 0 0
300	1	1 1 1 0 1 1 0 1 1 0 0 0 1 0 0 0
300	1	1 1 0 1 1 0 0 0 0 0 0 0 1 0 0 0
300	1	1 1 1 0 0 0 1 0 0 0 0 1 0 0 0 0
300	4	1 1 0 1 1 0 0 0 0 1 0 0 1 0 0 0
300	1	1 0 1 1 0 0 1 0 0 0 1 0 0 0 0 0
300	1	1 1 1 1 1 0 0 0 0 0 1 0 0 1 1 0
300	1	1 1 0 1 0 0 0 0 1 1 0 0 0 0 0 0
310	1	0 1 1 1 1 0 0 0 0 0 0 0 1 0 0 0
310	1	1 1 1 1 1 0 0 0 0 0 0 0 1 0 0 0
310	110	1 1 1 1 1 0 0 0 0 0 0 0 0 0 0 0
310	66	1 1 1 1 1 0 0 0 0 0 0 0 0 0 1 0
310	5	1 1 1 0 0 0 1 0 0 0 0 0 0 0 0 0
310	30	0 1 1 1 1 0 0 0 0 0 0 0 0 0 0 0
310	10	0 1 1 1 1 0 0 0 0 0 1 0 0 0 0 0
310	156	1 1 0 1 1 0 0 0 0 1 0 0 0 0 0 0
310	2	1 1 1 1 1 0 1 0 0 0 0 0 1 0 0 0
310	4	1 1 1 1 1 0 0 1 1 0 0 0 1 0 0 0
310	11	1 1 1 0 0 0 1 0 0 0 0 0 0 0 0 1
310	9	0 1 1 1 1 0 0 0 0 0 1 0 0 0 1 0
310	31	1 1 1 0 1 1 0 0 0 0 0 1 0 0 0 0
310	24	1 1 1 1 1 0 0 0 0 0 0 0 0 1 0 0
310	6	1 0 1 1 1 0 1 0 0 0 1 0 0 0 0 0
310	3	1 1 1 1 1 1 0 0 0 0 1 0 0 0 0 0
310	66	1 1 1 1 1 0 0 0 0 0 1 0 0 0 0 0
310	30	1 1 0 1 1 0 0 0 0 1 0 1 0 0 0 0
310	46	1 1 1 1 1 0 0 0 0 1 0 0 0 0 0 0
310	11	1 1 1 1 0 1 0 1 0 0 0 0 0 1 0 0
310	4	1 1 1 1 0 0 0 0 0 0 0 0 1 0 0 0
310	12	1 1 1 0 1 1 0 0 0 0 0 0 0 0 0 0
310	21	1 1 1 1 0 1 0 0 0 0 0 0 1 0 0 0
310	4	1 1 0 0 1 1 0 0 0 0 0 1 0 0 0 0
310	16	0 1 1 1 1 0 0 0 0 0 0 0 0 1 0 0
310	6	0 1 1 1 1 0 0 0 0 0 0 1 0 0 0 0
310	13	1 1 1 0 1 0 0 0 0 0 1 0 0 0 0 0
310	1	0 1 1 1 1 0 0 0 0 1 0 0 0 0 0 0
310	11	1 1 1 1 0 1 0 0 0 0 0 0 0 1 0 0
310	1	1 1 1 1 1 0 0 1 0 0 0 0 0 0 1 0
310	15	1 1 0 1 1 0 0 1 1 0 0 0 1 0 0 0
310	4	1 1 1 1 1 0 0 0 1 0 0 0 0 0 1 0
310	1	1 1 1 1 1 1 1 0 0 0 1 1 1 0 0 0
310	5	0 1 1 1 1 0 0 0 0 0 1 0 0 1 0 0
310	5	1 0 1 1 1 0 0 0 0 0 0 0 0 0 1 0
310	8	1 1 1 1 0 0 0 0 0 0 0 1 1 0 0 0
310	13	1 1 1 1 0 0 0 0 0 0 0 0 0 0 0 0
310	11	1 0 1 1 1 0 0 0 0 0 1 0 0 0 0 0
310	55	1 1 0 1 1 0 0 0 0 0 0 0 0 0 0 0
310	4	1 1 1 1 1 0 0 0 0 1 1 0 0 0 1 0
310	5	1 1 1 1 1 0 0 0 1 0 0 0 1 0 0 0
310	2	1 1 0 1 1 0 0 0 0 1 1 0 0 0 0 0
310	2	1 1 0 1 1 0 0 0 0 0 0 1 0 0 1 0
310	9	1 1 0 1 1 0 0 1 0 0 0 0 1 0 0 0
310	1	1 0 1 1 1 0 0 0 0 0 0 0 0 0 1 1
310	1	1 1 0 1 1 0 0 0 1 1 0 0 0 0 1 0
310	5	1 1 1 1 1 0 0 0 0 1 1 0 0 0 0 0
310	4	1 1 1 0 1 1 0 0 0 0 0 1 1 0 0 0
310	4	0 1 1 1 1 0 1 0 0 0 0 0 0 0 0 0
310	9	1 1 0 0 1 0 0 0 0 0 0 0 0 0 0 0
310	5	0 1 0 0 1 1 0 0 0 0 1 1 0 0 0 0
310	7	0 1 1 1 1 0 0 1 1 0 0 0 1 0 0 0
310	13	1 1 1 1 1 1 0 0 0 0 1 0 0 0 0 1
310	1	0 0 1 1 1 0 0 0 0 0 1 0 0 0 0 0
310	5	1 1 1 0 1 1 0 0 0 0 0 1 0 1 0 0
310	2	1 1 1 0 1 1 0 0 0 1 0 0 0 0 1 0
310	2	1 1 1 0 0 0 1 0 0 0 1 0 0 0 0 1
310	9	1 1 0 1 1 1 0 0 0 0 0 1 0 0 1 0
310	2	1 1 1 1 1 0 0 0 0 0 1 0 0 1 0 0
310	1	1 1 0 1 1 0 0 0 0 1 0 0 1 0 1 0
310	4	1 1 1 0 1 0 1 0 0 0 1 0 0 0 0 0
310	1	1 0 1 1 0 0 1 0 0 0 1 0 0 0 0 0
310	5	1 1 1 1 1 0 0 0 0 0 1 0 0 0 0 1
310	3	1 1 1 0 0 0 1 0 0 0 0 0 0 1 0 0
310	10	1 0 0 1 1 0 0 0 0 1 0 0 0 0 0 0
310	4	1 1 1 0 1 1 0 0 0 1 0 1 0 0 0 0
310	1	1 1 1 1 1 0 0 1 0 1 1 0 0 0 1 0
310	5	1 1 0 1 0 1 0 0 0 0 0 0 1 0 0 0
310	3	1 1 1 1 0 0 0 0 0 0 0 0 0 0 1 0
310	5	1 1 0 1 0 0 0 0 0 1 0 0 0 0 0 0
310	2	1 1 1 1 1 1 0 1 1 0 0 0 1 0 0 0
310	3	1 1 1 1 1 0 0 1 0 0 0 0 1 0 0 0
310	1	1 0 1 0 1 1 0 0 0 0 0 1 0 0 0 0
310	1	1 0 1 0 1 0 1 0 0 0 1 0 0 0 0 0
310	2	1 1 1 1 0 1 0 1 0 0 0 0 0 1 0 1
310	1	1 0 1 0 1 0 0 0 0 0 0 0 0 0 1 0
310	3	1 1 0 1 1 0 0 0 0 0 1 0 0 0 0 1
310	3	0 1 1 0 1 0 0 0 0 0 0 0 0 0 0 0
310	1	1 1 1 1 0 1 0 0 0 1 0 0 1 0 0 0
310	1	1 1 1 0 1 1 1 0 0 0 0 1 1 0 0 0
310	3	1 1 1 1 1 0 0 0 0 1 0 0 1 0 1 0
310	3	1 1 1 0 1 0 0 0 0 1 0 0 0 0 0 0
310	1	1 0 1 1 1 0 0 0 0 1 0 0 0 0 0 0
310	2	1 1 1 1 0 0 0 0 0 0 1 0 0 0 0 0
310	1	0 0 1 1 1 0 0 0 0 0 0 0 0 0 0 0
310	2	1 1 1 1 1 0 0 0 0 0 0 0 0 1 1 0
310	1	0 1 1 1 0 1 0 0 0 0 0 0 1 0 0 0
310	2	0 1 0 1 1 0 0 0 0 0 0 0 0 0 0 0
310	2	1 1 0 1 0 0 0 0 0 0 0 0 0 0 0 0
310	3	1 1 1 1 1 0 0 0 0 1 0 0 1 0 1 1
320	76	1 1 1 1 1 0 0 0 0 0 0 0 0 0 0 0
320	47	1 1 1 1 1 0 0 0 0 0 0 0 0 0 1 0
320	5	1 1 1 0 0 0 1 0 0 0 0 0 0 0 0 0
320	23	0 1 1 1 1 0 0 0 0 0 0 0 0 0 0 0
320	26	0 1 1 1 1 0 0 0 0 0 1 0 0 0 0 0
320	117	1 1 0 1 1 0 0 0 0 1 0 0 0 0 0 0
320	14	1 1 1 0 0 0 1 0 0 0 0 0 0 0 0 1
320	1	0 1 1 1 1 0 0 0 0 0 1 0 0 0 1 0
320	27	1 1 1 0 1 1 0 0 0 0 0 1 0 0 0 0
320	16	1 1 1 1 1 0 0 0 0 0 0 0 0 1 0 0
320	12	1 0 1 1 1 0 1 0 0 0 1 0 0 0 0 0
320	3	1 1 1 1 1 1 0 0 0 0 1 0 0 0 0 0
320	47	1 1 1 1 1 0 0 0 0 0 1 0 0 0 0 0
320	12	1 1 0 1 1 0 0 0 0 1 0 1 0 0 0 0
320	49	1 1 1 1 1 0 0 0 0 1 0 0 0 0 0 0
320	7	1 1 1 1 0 1 0 1 0 0 0 0 0 1 0 0
320	27	1 1 1 1 0 0 0 0 0 0 0 0 1 0 0 0
320	11	1 1 1 0 1 1 0 0 0 0 0 0 0 0 0 0
320	16	1 1 1 1 0 1 0 0 0 0 0 0 1 0 0 0
320	2	0 1 1 1 1 0 0 0 0 0 0 0 0 1 0 0
320	14	1 1 1 1 0 1 0 0 0 0 0 0 0 1 0 0
320	7	1 1 0 1 1 0 0 1 1 0 0 0 1 0 0 0
320	3	0 1 1 1 1 0 0 0 0 0 1 0 0 1 0 0
320	10	1 0 1 1 1 0 0 0 0 0 0 0 0 0 1 0
320	7	1 1 1 1 0 0 0 0 0 0 0 1 1 0 0 0
320	14	1 1 1 1 0 0 0 0 0 0 0 0 0 0 0 0
320	4	1 0 1 1 1 0 0 0 0 0 1 0 0 0 0 0
320	58	1 1 0 1 1 0 0 0 0 0 0 0 0 0 0 0
320	7	1 1 1 1 1 0 0 0 0 1 1 0 0 0 1 0
320	3	1 1 0 1 1 0 0 0 0 0 0 1 0 0 1 0
320	8	1 1 0 1 1 0 0 1 0 0 0 0 1 0 0 0
320	2	1 1 0 1 1 0 0 0 1 1 0 0 0 0 1 0
320	5	1 1 1 0 1 1 0 0 0 0 0 1 1 0 0 0
320	3	1 1 0 0 1 0 0 0 0 0 0 0 0 0 0 0
320	7	1 1 1 1 1 1 0 0 0 0 1 0 0 0 0 1
320	14	1 1 1 0 1 1 0 0 0 1 0 0 0 0 1 0
320	10	1 1 1 0 1 0 1 0 0 0 1 0 0 0 0 0
320	20	1 0 0 1 1 0 0 0 0 1 0 0 0 0 0 0
320	1	1 1 1 0 1 1 0 0 0 1 0 1 0 0 0 0
320	3	1 1 0 1 0 1 0 0 0 0 0 0 1 0 0 0
320	24	1 1 1 0 1 1 1 0 0 0 0 1 1 0 0 0
320	32	1 1 1 1 1 0 0 0 0 1 0 0 1 0 1 0
320	5	1 1 1 0 1 0 0 0 0 1 0 0 0 0 0 0
320	13	1 1 1 1 1 0 0 0 0 1 0 0 1 0 1 1
320	3	1 1 0 1 0 0 0 0 0 0 0 1 1 0 0 0
320	4	1 1 0 1 1 1 0 0 0 0 0 0 1 0 0 0
320	23	1 1 0 1 1 1 0 0 0 0 0 0 0 0 0 0
320	11	1 1 1 1 1 0 0 0 0 0 0 0 1 0 1 0
320	1	1 1 1 1 1 0 0 0 0 0 1 0 1 0 0 0
320	3	1 1 0 1 0 1 0 0 0 0 0 0 1 1 0 0
320	2	1 1 1 1 1 0 0 0 0 1 1 0 1 0 1 0
320	6	1 1 1 1 1 1 0 0 0 0 0 0 0 0 0 0
320	1	1 1 1 1 1 1 0 0 0 1 1 0 0 0 0 0
320	3	1 1 1 1 0 1 0 0 0 0 0 0 1 0 0 1
320	2	1 1 0 1 1 0 0 1 1 0 1 0 1 0 0 0
320	2	1 1 0 1 1 1 0 0 0 1 0 0 0 0 0 0
320	4	1 1 1 0 1 1 0 0 0 0 0 0 1 0 0 0
320	1	1 1 1 1 0 1 0 0 0 0 0 0 1 0 1 0
320	4	1 1 0 1 1 1 0 0 0 0 0 1 0 0 1 1
320	1	1 1 0 1 1 1 0 0 0 0 0 0 1 1 0 0
320	8	0 1 1 1 1 0 0 0 0 1 0 0 0 0 0 0
320	5	1 1 0 1 1 0 0 0 0 0 0 1 0 0 0 0
320	4	1 1 0 1 1 0 0 0 0 1 0 0 0 0 1 0
320	1	1 1 1 1 1 0 0 0 0 0 0 0 0 1 0 1
320	4	0 1 1 1 0 0 0 0 0 0 1 0 0 1 0 0
320	1	1 0 1 1 0 0 0 0 0 0 0 0 0 0 0 0
320	1	0 1 0 1 0 0 0 0 0 0 0 0 1 0 0 0
320	4	1 1 1 1 0 1 0 0 0 1 0 0 0 0 1 0
320	5	1 1 1 1 1 0 0 0 0 1 0 0 1 0 0 0
320	3	1 1 1 1 0 1 0 0 1 0 0 0 1 0 0 0
320	2	1 1 0 1 0 0 1 0 0 0 0 0 0 0 0 0
320	11	1 1 1 1 1 0 0 0 1 0 0 0 1 0 1 0
320	7	1 1 0 1 1 0 0 0 0 0 0 0 0 0 1 0
320	3	1 1 0 1 0 1 0 0 1 0 0 0 1 0 0 0
320	2	1 1 1 1 1 1 0 0 0 0 0 0 1 0 0 0
320	3	1 0 1 1 0 0 0 0 0 0 0 0 1 0 0 0
320	2	0 1 1 1 1 0 0 0 0 0 0 0 0 0 1 0
320	4	0 1 1 1 1 0 0 0 0 0 1 0 1 0 0 0
320	7	1 1 1 1 0 1 1 0 0 0 0 0 1 0 0 0
320	3	1 1 1 0 1 1 0 0 0 1 0 1 0 1 0 0
320	1	1 1 0 1 1 1 0 0 0 1 0 0 1 1 0 0
320	4	1 1 1 1 1 0 0 0 1 0 0 0 0 0 0 0
320	3	1 1 1 1 0 0 0 0 0 0 0 0 0 0 1 0
320	2	1 1 0 1 1 0 0 0 1 1 0 0 0 0 0 0
320	3	1 1 0 1 0 1 0 0 0 0 0 0 0 0 0 0
320	2	0 1 1 1 1 0 0 0 0 1 0 0 1 0 1 0
320	1	0 0 1 1 1 0 0 0 0 1 0 0 0 0 0 0
320	1	0 1 1 1 1 0 0 0 0 0 0 0 1 0 0 0
320	2	0 1 0 1 1 0 0 0 0 1 0 0 0 0 0 0
320	2	1 1 1 1 1 0 1 0 0 0 0 0 0 1 0 0
320	1	1 1 1 1 1 1 0 0 0 1 0 0 0 0 0 0
320	2	1 1 0 1 1 1 1 0 0 0 0 1 0 0 1 1
320	2	1 0 1 1 1 0 1 0 0 0 0 0 1 0 0 0
320	1	1 1 1 1 0 0 0 0 0 0 0 0 0 0 0 1
320	2	1 1 1 1 0 1 0 0 0 0 0 0 0 1 0 1
320	2	1 0 0 1 1 0 0 0 0 0 1 0 0 0 0 0
320	3	1 1 1 1 1 0 0 1 0 0 0 0 0 0 0 0
320	1	1 1 1 1 1 0 0 0 0 0 0 0 0 0 0 1
320	1	0 1 1 1 1 0 0 0 0 1 1 0 0 0 0 0
320	1	1 1 0 1 1 0 0 0 0 1 0 0 0 0 0 1
330	85	1 1 1 1 1 0 0 0 0 0 0 0 0 0 0 0
330	18	1 1 1 1 1 0 0 0 0 0 0 0 0 0 1 0
330	1	1 1 1 0 0 0 1 0 0 0 0 0 0 0 0 0
330	22	0 1 1 1 1 0 0 0 0 0 0 0 0 0 0 0
330	5	0 1 1 1 1 0 0 0 0 0 1 0 0 0 0 0
330	82	1 1 0 1 1 0 0 0 0 1 0 0 0 0 0 0
330	2	1 1 1 0 0 0 1 0 0 0 0 0 0 0 0 1
330	16	0 1 1 1 1 0 0 0 0 0 1 0 0 0 1 0
330	25	1 1 1 0 1 1 0 0 0 0 0 1 0 0 0 0
330	7	1 1 1 1 1 0 0 0 0 0 0 0 0 1 0 0
330	24	1 1 1 1 1 0 0 0 0 0 1 0 0 0 0 0
330	99	1 1 1 1 1 0 0 0 0 1 0 0 0 0 0 0
330	16	1 1 1 1 0 1 0 1 0 0 0 0 0 1 0 0
330	19	1 1 1 1 0 0 0 0 0 0 0 0 1 0 0 0
330	9	1 1 1 0 1 1 0 0 0 0 0 0 0 0 0 0
330	15	1 1 1 1 0 1 0 0 0 0 0 0 1 0 0 0
330	14	1 1 1 1 0 1 0 0 0 0 0 0 0 1 0 0
330	1	0 1 1 1 1 0 0 0 0 0 1 0 0 1 0 0
330	1	1 1 1 1 0 0 0 0 0 0 0 1 1 0 0 0
330	22	1 1 1 1 0 0 0 0 0 0 0 0 0 0 0 0
330	32	1 1 0 1 1 0 0 0 0 0 0 0 0 0 0 0
330	2	1 1 1 1 1 0 0 0 0 1 1 0 0 0 1 0
330	12	1 1 0 1 1 0 0 1 0 0 0 0 1 0 0 0
330	2	1 1 1 0 1 1 0 0 0 0 0 1 1 0 0 0
330	6	1 1 0 0 1 0 0 0 0 0 0 0 0 0 0 0
330	13	1 1 1 1 1 1 0 0 0 0 1 0 0 0 0 1
330	6	1 1 1 0 1 1 0 0 0 1 0 0 0 0 1 0
330	1	1 1 1 0 1 0 1 0 0 0 1 0 0 0 0 0
330	10	1 0 0 1 1 0 0 0 0 1 0 0 0 0 0 0
330	12	1 1 1 0 1 1 1 0 0 0 0 1 1 0 0 0
330	30	1 1 1 1 1 0 0 0 0 1 0 0 1 0 1 0
330	11	1 1 1 1 1 0 0 0 0 1 0 0 1 0 1 1
330	39	1 1 0 1 1 1 0 0 0 0 0 0 0 0 0 0
330	10	1 1 1 1 1 0 0 0 0 0 0 0 1 0 1 0
330	1	1 1 1 1 1 0 0 0 0 0 1 0 1 0 0 0
330	6	1 1 0 1 0 1 0 0 0 0 0 0 1 1 0 0
330	4	1 1 1 1 1 0 0 0 0 1 1 0 1 0 1 0
330	8	1 1 1 1 1 1 0 0 0 0 0 0 0 0 0 0
330	16	1 1 1 1 1 1 0 0 0 1 1 0 0 0 0 0
330	1	1 1 1 1 0 1 0 0 0 0 0 0 1 0 0 1
330	5	1 1 1 0 1 1 0 0 0 0 0 0 1 0 0 0
330	8	1 1 1 1 0 1 0 0 0 0 0 0 1 0 1 0
330	2	1 1 0 1 1 1 0 0 0 0 0 1 0 0 1 1
330	14	0 1 1 1 1 0 0 0 0 1 0 0 0 0 0 0
330	2	1 1 0 1 1 0 0 0 0 0 0 1 0 0 0 0
330	5	1 1 0 1 1 0 0 0 0 1 0 0 0 0 1 0
330	12	0 1 1 1 0 0 0 0 0 0 1 0 0 1 0 0
330	6	1 1 1 1 0 1 0 0 0 1 0 0 0 0 1 0
330	11	1 1 1 1 0 1 0 0 1 0 0 0 1 0 0 0
330	3	1 1 1 1 1 0 0 0 1 0 0 0 1 0 1 0
330	4	1 1 0 1 1 0 0 0 0 0 0 0 0 0 1 0
330	10	1 1 1 1 0 1 1 0 0 0 0 0 1 0 0 0
330	10	1 1 1 0 1 1 0 0 0 1 0 1 0 1 0 0
330	9	1 1 1 1 1 0 0 0 1 0 0 0 0 0 0 0
330	16	1 1 1 1 0 0 0 0 0 0 0 0 0 0 1 0
330	6	0 1 1 1 1 0 0 0 0 1 0 0 1 0 1 0
330	2	0 1 0 1 1 0 0 0 0 1 0 0 0 0 0 0
330	1	1 1 1 1 1 0 1 0 0 0 0 0 0 1 0 0
330	1	1 1 0 1 1 1 1 0 0 0 0 1 0 0 1 1
330	6	1 1 1 1 0 1 0 0 0 0 0 0 0 1 0 1
330	10	1 1 1 1 0 1 0 0 0 0 0 0 0 0 0 0
330	10	1 1 1 1 0 1 1 0 0 0 0 0 1 0 1 0
330	6	1 1 1 1 1 1 0 0 1 0 0 0 0 0 1 0
330	12	1 1 1 1 1 0 0 0 0 1 0 0 0 0 1 0
330	1	1 1 1 0 0 1 0 0 0 0 0 1 1 0 0 0
330	4	1 1 0 1 1 1 0 1 0 0 0 0 0 0 0 0
330	1	0 1 1 1 1 0 0 0 0 0 1 0 0 1 0 1
330	2	1 1 0 1 1 0 0 0 1 0 0 0 0 0 0 0
330	2	1 1 0 1 1 1 0 0 0 1 0 0 0 0 0 0
330	2	1 1 1 1 0 1 0 0 0 0 0 0 0 0 1 0
330	3	1 1 1 1 0 0 0 0 0 0 0 0 1 0 1 1
330	2	1 0 0 1 1 0 0 0 0 0 0 0 0 0 0 0
330	1	0 1 1 1 1 0 0 1 0 0 0 0 0 0 0 0
330	2	1 1 0 1 1 0 0 0 0 1 0 1 0 0 0 0
330	7	1 1 1 0 1 1 1 0 0 0 0 0 0 0 0 0
330	5	1 1 1 1 1 0 0 0 0 0 0 0 1 0 0 0
330	2	1 1 1 1 0 0 0 0 0 0 0 0 0 1 0 0
330	2	1 1 1 1 1 0 0 0 1 1 1 0 1 0 1 0
330	2	1 1 1 0 0 0 1 0 0 0 0 0 1 0 1 0
330	9	1 1 1 0 1 0 0 0 0 0 0 0 0 0 0 0
330	2	1 1 1 1 0 1 0 0 0 0 0 1 1 0 0 0
330	2	1 1 1 1 1 1 0 0 0 0 0 1 1 0 0 0
330	2	1 0 1 1 0 1 0 0 0 0 0 0 0 0 1 0
330	2	1 1 1 0 0 0 1 0 0 0 0 0 1 0 0 0
330	6	1 1 0 1 1 0 0 0 0 0 1 0 0 0 0 0
330	1	1 0 0 1 1 0 0 0 0 0 0 0 0 0 1 0
330	3	1 1 1 1 1 1 0 0 0 0 0 1 0 0 0 0
330	2	1 1 1 1 1 1 0 0 0 0 0 0 1 0 1 0
330	3	1 1 1 1 1 0 1 0 0 0 0 0 0 0 0 0
330	6	0 1 1 1 0 0 0 0 0 0 0 0 0 0 0 0
330	1	1 1 1 1 0 0 0 0 0 0 1 0 0 0 0 0
330	1	1 1 1 1 1 0 0 0 0 1 0 1 0 0 0 0
330	3	1 1 1 1 1 0 0 0 0 1 0 0 0 0 0 1
330	4	1 1 0 1 1 0 0 0 0 1 0 0 1 0 1 0
330	3	0 1 1 1 1 1 0 0 0 1 1 0 0 0 0 0
330	1	1 1 0 1 1 1 0 0 0 0 0 1 0 0 1 0
330	2	0 1 1 1 1 0 0 0 1 0 0 0 1 0 1 0
330	2	1 1 1 1 1 0 0 0 1 0 0 0 0 1 0 0
330	1	1 1 1 1 1 0 0 0 0 0 0 0 0 0 1 1
330	2	1 1 1 1 1 1 0 0 0 1 0 0 0 0 0 0
330	3	1 1 1 1 0 0 1 0 0 0 0 0 0 0 1 0
330	1	1 1 1 1 1 1 0 1 0 0 0 0 0 0 0 0
330	3	1 1 1 1 0 1 0 0 0 1 0 0 0 0 0 0
330	1	0 1 1 1 1 0 0 0 0 0 0 1 0 0 0 0
330	1	0 1 1 1 1 0 0 0 0 0 0 0 0 1 0 0
330	1	1 1 0 1 1 0 0 0 0 1 0 0 0 1 0 0
330	2	1 1 0 1 1 0 1 0 0 1 0 0 0 0 0 0
330	4	1 1 1 1 1 0 0 0 1 1 0 0 0 0 0 0
330	1	1 1 1 1 1 1 0 1 0 0 1 0 0 0 0 1
330	1	1 1 0 1 1 0 0 0 0 0 0 1 0 0 1 0
330	1	1 1 0 1 0 1 0 0 0 1 0 0 0 0 1 0
330	2	1 1 1 1 1 0 0 0 1 0 0 1 1 0 1 0
330	3	1 1 1 1 0 0 0 0 0 0 0 0 1 0 1 0
330	1	1 1 1 1 0 1 0 0 0 0 1 0 0 1 0 1
330	3	1 0 0 1 1 1 0 0 0 1 0 0 0 0 0 0
340	85	1 1 1 1 1 0 0 0 0 0 0 0 0 0 0 0
340	4	1 1 1 1 1 0 0 0 0 0 0 0 0 0 1 0
340	37	0 1 1 1 1 0 0 0 0 0 0 0 0 0 0 0
340	2	0 1 1 1 1 0 0 0 0 0 1 0 0 0 0 0
340	85	1 1 0 1 1 0 0 0 0 1 0 0 0 0 0 0
340	4	0 1 1 1 1 0 0 0 0 0 1 0 0 0 1 0
340	7	1 1 1 0 1 1 0 0 0 0 0 1 0 0 0 0
340	18	1 1 1 1 1 0 0 0 0 0 1 0 0 0 0 0
340	103	1 1 1 1 1 0 0 0 0 1 0 0 0 0 0 0
340	1	1 1 1 1 0 1 0 1 0 0 0 0 0 1 0 0
340	1	1 1 1 1 0 0 0 0 0 0 0 0 1 0 0 0
340	2	1 1 1 0 1 1 0 0 0 0 0 0 0 0 0 0
340	6	1 1 1 1 0 1 0 0 0 0 0 0 1 0 0 0
340	10	1 1 1 1 0 1 0 0 0 0 0 0 0 1 0 0
340	20	1 1 1 1 0 0 0 0 0 0 0 0 0 0 0 0
340	21	1 1 0 1 1 0 0 0 0 0 0 0 0 0 0 0
340	11	1 1 1 1 1 1 0 0 0 0 1 0 0 0 0 1
340	10	1 1 1 0 1 1 0 0 0 1 0 0 0 0 1 0
340	14	1 1 1 0 1 0 1 0 0 0 1 0 0 0 0 0
340	24	1 0 0 1 1 0 0 0 0 1 0 0 0 0 0 0
340	1	1 1 1 0 1 1 1 0 0 0 0 1 1 0 0 0
340	11	1 1 1 1 1 0 0 0 0 1 0 0 1 0 1 0
340	7	1 1 1 1 1 0 0 0 0 1 0 0 1 0 1 1
340	21	1 1 0 1 1 1 0 0 0 0 0 0 0 0 0 0
340	1	1 1 1 1 1 0 0 0 0 0 0 0 1 0 1 0
340	3	1 1 1 1 1 0 0 0 0 1 1 0 1 0 1 0
340	26	1 1 1 1 1 1 0 0 0 0 0 0 0 0 0 0
340	38	1 1 1 1 1 1 0 0 0 1 1 0 0 0 0 0
340	2	1 1 1 1 0 1 0 0 0 0 0 0 1 0 0 1
340	73	1 1 1 1 0 1 0 0 0 0 0 0 1 0 1 0
340	1	0 1 1 1 1 0 0 0 0 1 0 0 0 0 0 0
340	4	1 1 0 1 1 0 0 0 0 0 0 1 0 0 0 0
340	12	0 1 1 1 0 0 0 0 0 0 1 0 0 1 0 0
340	18	1 1 1 1 0 1 0 0 0 1 0 0 0 0 1 0
340	2	1 1 1 1 0 1 1 0 0 0 0 0 1 0 0 0
340	4	1 1 1 0 1 1 0 0 0 1 0 1 0 1 0 0
340	5	1 1 1 1 1 0 0 0 1 0 0 0 0 0 0 0
340	8	1 1 1 1 0 0 0 0 0 0 0 0 0 0 1 0
340	18	1 1 1 1 0 1 0 0 0 0 0 0 0 1 0 1
340	6	1 1 1 1 0 1 0 0 0 0 0 0 0 0 0 0
340	21	1 1 1 1 0 1 1 0 0 0 0 0 1 0 1 0
340	4	1 1 1 1 1 1 0 0 1 0 0 0 0 0 1 0
340	21	1 1 1 1 1 0 0 0 0 1 0 0 0 0 1 0
340	20	1 1 1 1 1 0 0 0 0 0 0 0 1 0 0 0
340	6	1 1 1 1 1 0 0 0 1 1 1 0 1 0 1 0
340	4	1 0 1 1 0 1 0 0 0 0 0 0 0 0 1 0
340	2	1 1 0 1 1 0 0 0 0 0 1 0 0 0 0 0
340	5	1 1 1 1 1 1 0 0 0 0 0 0 1 0 1 0
340	14	1 1 1 1 1 0 1 0 0 0 0 0 0 0 0 0
340	2	0 1 1 1 0 0 0 0 0 0 0 0 0 0 0 0
340	5	1 1 1 1 0 0 0 0 0 0 1 0 0 0 0 0
340	10	1 1 1 1 1 0 0 0 0 1 0 1 0 0 0 0
340	1	1 1 0 1 1 0 0 0 0 1 0 0 1 0 1 0
340	1	0 1 1 1 1 1 0 0 0 1 1 0 0 0 0 0
340	5	0 1 1 1 1 0 0 0 0 0 0 0 0 1 0 0
340	10	1 1 1 1 0 1 0 0 0 0 1 0 0 1 0 1
340	2	1 0 0 1 1 1 0 0 0 1 0 0 0 0 0 0
340	1	1 1 0 1 1 0 0 0 0 1 1 0 0 0 0 0
340	5	1 1 1 0 1 1 1 0 0 0 0 0 0 1 0 1
340	9	1 1 1 1 1 0 0 0 0 1 1 0 0 0 0 0
340	5	1 0 1 1 1 0 0 0 0 1 0 0 0 0 0 0
340	7	0 1 1 1 0 0 0 0 1 0 1 0 0 1 0 0
340	9	1 1 1 0 1 0 1 0 0 0 0 0 0 0 0 0
340	3	0 1 0 1 1 0 1 0 0 0 0 0 0 0 0 0
340	1	1 1 1 1 1 0 0 0 0 1 1 0 1 0 0 0
340	5	1 1 1 1 0 0 0 1 0 0 0 0 1 0 0 0
340	1	1 1 0 1 0 1 0 0 0 0 0 0 1 0 0 0
340	2	1 1 1 1 1 0 0 1 0 0 0 0 0 0 0 0
340	6	1 1 1 1 1 0 1 0 0 1 0 0 0 0 0 0
340	3	1 1 1 1 1 1 0 0 0 0 1 1 0 0 0 1
340	3	0 1 1 1 0 1 0 0 0 0 0 0 1 0 0 1
340	2	0 0 1 1 0 1 0 0 0 0 0 0 0 0 1 0
340	3	1 1 0 1 1 0 0 0 0 1 0 0 0 0 1 0
340	2	0 1 0 1 1 0 0 0 0 0 0 0 0 0 0 0
340	2	1 1 1 1 1 1 1 0 0 0 0 0 0 1 0 1
340	1	1 1 1 1 1 1 0 0 0 1 0 0 0 0 0 0
340	6	1 1 1 1 0 1 0 1 0 1 0 0 0 1 0 0
340	1	1 1 1 1 0 1 0 1 0 0 0 0 1 0 0 0
340	1	1 0 0 1 1 0 0 0 0 1 0 0 0 0 0 1
340	1	1 1 1 1 0 0 0 0 0 1 0 0 1 0 1 0
340	1	1 1 1 1 1 1 1 0 0 0 0 0 0 0 0 0
340	2	1 0 1 1 0 1 0 0 0 0 0 0 0 0 0 0
340	1	1 1 1 1 1 1 0 0 0 1 1 0 0 0 0 1
340	1	1 1 1 1 0 1 0 0 0 1 0 0 0 0 0 0
340	2	1 1 0 0 1 0 0 0 0 1 0 0 0 0 0 0
340	3	1 1 1 1 1 0 0 0 0 1 0 0 0 0 0 1
340	5	1 1 1 1 0 1 0 1 0 0 0 0 0 1 1 0
340	1	1 1 0 1 0 1 0 0 0 0 0 0 0 1 0 0
340	4	1 1 1 1 1 0 0 0 1 1 0 0 1 0 1 0
340	6	1 1 1 1 1 0 0 0 0 1 0 0 1 1 1 0
340	3	1 1 1 1 1 0 0 0 0 0 0 0 1 1 1 0
340	2	1 1 1 1 0 1 0 0 0 0 0 0 1 0 1 1
340	2	1 1 1 1 1 1 0 0 0 0 0 1 0 0 1 0
340	5	0 1 1 1 1 1 0 0 0 0 0 0 1 0 1 0
340	1	1 1 1 1 0 0 0 0 0 1 0 0 0 0 0 0
340	1	0 1 1 1 0 0 0 0 0 0 0 0 0 1 0 0
340	1	0 1 1 1 1 0 0 0 0 0 0 0 1 0 1 0
340	2	1 1 1 1 1 0 0 0 1 1 0 0 0 0 0 0
340	1	1 1 1 1 1 1 0 0 0 1 0 0 1 0 1 1
340	3	1 1 1 1 0 1 0 0 0 0 0 1 1 0 1 0
340	1	1 1 1 1 0 0 0 0 1 0 1 0 0 0 0 0
340	3	1 1 1 1 1 1 0 0 0 1 0 0 0 0 0 1
340	3	1 1 0 1 1 1 0 0 0 1 0 0 0 0 0 0
340	1	1 1 0 1 1 0 0 0 0 1 0 0 0 0 0 1
340	1	1 1 0 1 1 0 0 0 0 1 0 0 1 0 0 0
340	3	0 1 1 1 0 1 0 0 0 0 0 1 1 0 0 1
340	3	1 1 1 1 0 1 0 0 0 1 0 0 0 1 0 0
350	61	1 1 1 1 1 0 0 0 0 0 0 0 0 0 0 0
350	3	1 1 1 1 1 0 0 0 0 0 0 0 0 0 1 0
350	51	0 1 1 1 1 0 0 0 0 0 0 0 0 0 0 0
350	87	1 1 0 1 1 0 0 0 0 1 0 0 0 0 0 0
350	1	1 1 1 0 1 1 0 0 0 0 0 1 0 0 0 0
350	11	1 1 1 1 1 0 0 0 0 0 1 0 0 0 0 0
350	115	1 1 1 1 1 0 0 0 0 1 0 0 0 0 0 0
350	13	1 1 1 1 0 1 0 0 0 0 0 0 0 1 0 0
350	17	1 1 1 1 0 0 0 0 0 0 0 0 0 0 0 0
350	3	1 1 0 1 1 0 0 0 0 0 0 0 0 0 0 0
350	9	1 1 1 1 1 1 0 0 0 0 1 0 0 0 0 1
350	15	1 1 1 0 1 1 0 0 0 1 0 0 0 0 1 0
350	16	1 1 1 0 1 0 1 0 0 0 1 0 0 0 0 0
350	35	1 0 0 1 1 0 0 0 0 1 0 0 0 0 0 0
350	10	1 1 1 1 1 0 0 0 0 1 0 0 1 0 1 0
350	11	1 1 0 1 1 1 0 0 0 0 0 0 0 0 0 0
350	6	1 1 1 1 1 0 0 0 0 0 0 0 1 0 1 0
350	28	1 1 1 1 1 1 0 0 0 0 0 0 0 0 0 0
350	23	1 1 1 1 1 1 0 0 0 1 1 0 0 0 0 0
350	6	1 1 1 1 0 1 0 0 0 0 0 0 1 0 0 1
350	30	1 1 1 1 0 1 0 0 0 0 0 0 1 0 1 0
350	9	1 1 0 1 1 0 0 0 0 0 0 1 0 0 0 0
350	5	0 1 1 1 0 0 0 0 0 0 1 0 0 1 0 0
350	21	1 1 1 1 0 1 0 0 0 1 0 0 0 0 1 0
350	5	1 1 1 1 1 0 0 0 1 0 0 0 0 0 0 0
350	27	1 1 1 1 0 0 0 0 0 0 0 0 0 0 1 0
350	2	1 1 1 1 0 1 1 0 0 0 0 0 1 0 1 0
350	6	1 1 1 1 1 1 0 0 1 0 0 0 0 0 1 0
350	11	1 1 1 1 1 0 0 0 0 1 0 0 0 0 1 0
350	14	1 1 1 1 1 0 0 0 0 0 0 0 1 0 0 0
350	2	1 0 1 1 0 1 0 0 0 0 0 0 0 0 1 0
350	9	1 1 0 1 1 0 0 0 0 0 1 0 0 0 0 0
350	9	1 1 1 1 1 1 0 0 0 0 0 0 1 0 1 0
350	12	1 1 1 1 1 0 1 0 0 0 0 0 0 0 0 0
350	4	1 1 1 1 0 0 0 0 0 0 1 0 0 0 0 0
350	24	1 1 1 1 1 0 0 0 0 1 0 1 0 0 0 0
350	4	1 1 1 1 0 1 0 0 0 0 1 0 0 1 0 1
350	2	1 1 1 0 1 1 1 0 0 0 0 0 0 1 0 1
350	15	1 1 1 1 1 0 0 0 0 1 1 0 0 0 0 0
350	5	1 0 1 1 1 0 0 0 0 1 0 0 0 0 0 0
350	5	0 1 1 1 0 0 0 0 1 0 1 0 0 1 0 0
350	7	0 1 0 1 1 0 1 0 0 0 0 0 0 0 0 0
350	4	1 1 1 1 0 0 0 1 0 0 0 0 1 0 0 0
350	5	1 1 1 1 1 0 0 1 0 0 0 0 0 0 0 0
350	11	1 1 1 1 1 0 1 0 0 1 0 0 0 0 0 0
350	4	1 1 1 1 1 1 0 0 0 1 0 0 0 0 0 0
350	8	1 1 1 1 0 1 0 1 0 1 0 0 0 1 0 0
350	3	1 1 1 1 0 1 0 1 0 0 0 0 1 0 0 0
350	6	1 1 1 1 0 1 0 0 0 1 0 0 0 0 0 0
350	7	1 1 1 1 1 0 0 0 0 1 0 0 0 0 0 1
350	9	1 1 1 1 0 1 0 1 0 0 0 0 0 1 1 0
350	5	1 1 1 1 1 1 0 0 0 0 0 1 0 0 1 0
350	5	0 1 1 1 1 1 0 0 0 0 0 0 1 0 1 0
350	17	1 1 1 1 0 0 0 0 1 0 1 0 0 0 0 0
350	10	1 1 1 1 0 1 0 0 0 1 1 0 0 0 0 0
350	3	0 0 1 1 0 1 0 0 0 0 0 1 1 0 0 1
350	4	0 1 1 1 0 1 0 0 1 0 0 1 1 0 0 1
350	13	1 1 1 1 1 0 0 0 0 1 0 0 0 1 0 0
350	6	1 1 1 1 1 0 0 0 0 1 0 0 0 1 0 1
350	3	0 1 1 1 1 1 0 0 1 1 1 0 0 0 0 0
350	7	1 1 1 1 0 1 0 1 0 1 0 0 0 0 0 1
350	4	1 1 0 1 0 0 0 0 0 0 0 0 0 0 1 0
350	10	1 1 0 1 1 0 0 0 0 1 0 0 0 0 0 1
350	4	1 1 1 0 1 1 0 0 0 1 0 0 0 0 0 0
350	3	1 1 1 1 0 1 0 0 1 0 0 0 1 0 1 0
350	3	1 1 1 1 0 1 0 0 0 1 1 0 0 0 1 0
350	1	1 0 1 1 0 0 0 0 0 0 0 0 0 0 1 0
350	1	0 1 1 1 1 0 0 0 0 0 0 1 0 1 0 0
350	2	0 0 1 1 0 0 0 0 1 0 1 0 0 1 0 0
350	4	1 1 0 1 1 0 0 0 0 1 0 0 0 1 0 0
350	1	0 1 1 1 0 0 0 0 0 0 1 0 0 1 1 0
350	2	1 1 1 1 0 1 0 0 0 0 0 1 0 1 0 1
350	4	1 1 1 1 1 0 0 1 0 1 0 0 1 0 1 0
350	8	1 1 1 1 1 1 0 1 0 1 1 0 0 0 0 0
350	3	1 1 1 0 1 1 0 0 0 1 0 0 0 0 0 1
350	2	1 1 0 1 1 0 0 0 1 1 0 0 0 0 0 0
350	1	1 1 1 1 1 1 0 1 0 0 0 0 0 0 0 0
350	4	1 1 0 1 1 0 0 0 1 1 0 1 0 0 0 0
350	2	0 1 1 1 1 0 0 0 0 1 0 0 0 0 0 0
350	2	1 1 1 1 1 0 0 0 0 0 1 0 0 1 0 0
350	1	0 1 1 1 1 0 0 1 0 1 0 0 1 0 1 0
350	4	0 1 1 1 1 0 0 0 0 0 0 0 0 0 0 1
350	2	0 1 0 1 1 0 0 0 0 0 0 0 0 0 0 0
350	6	0 1 1 1 0 0 0 0 0 0 0 0 0 0 0 0
350	3	1 1 1 0 0 0 0 0 0 0 0 0 0 0 0 0
350	3	1 1 1 1 0 1 0 0 0 0 0 0 1 0 1 1
350	4	0 1 0 1 1 0 1 0 0 0 0 0 1 0 0 0
350	2	0 1 1 1 1 0 0 0 0 1 0 0 0 0 0 1
350	1	1 1 1 0 1 0 0 0 0 1 0 0 0 0 0 0
350	2	1 1 1 1 0 1 0 0 0 0 0 0 1 0 0 0
350	2	1 0 1 1 1 0 0 0 0 1 0 0 0 0 1 0
350	1	1 1 1 1 1 1 0 0 0 0 0 1 0 0 0 0
350	2	0 1 1 1 1 0 0 0 0 0 0 0 0 0 1 0
350	4	0 0 1 1 1 0 0 0 0 0 0 0 0 0 0 0
350	3	1 1 0 1 1 0 0 0 0 1 0 0 0 0 1 0
350	2	1 0 0 1 1 1 0 0 0 0 0 0 0 0 0 0
350	1	1 1 1 1 1 0 0 0 0 1 1 1 0 0 0 0
350	1	1 1 0 1 1 0 0 0 0 1 1 0 0 0 0 1
350	2	1 1 1 1 0 0 0 0 0 1 0 0 0 0 0 0
350	3	1 1 1 1 1 1 0 0 1 0 0 0 0 0 0 0
350	1	1 1 0 1 1 0 0 0 0 0 1 0 0 1 0 0
350	1	1 0 1 1 1 0 0 0 0 0 0 0 0 0 0 0
350	2	1 1 1 1 1 0 0 0 1 1 0 0 0 0 0 0
350	2	1 1 1 1 0 0 0 0 0 0 0 0 1 0 1 0
350	2	1 1 1 1 0 0 0 1 0 0 0 0 0 1 1 0
350	3	0 0 1 1 1 0 0 0 1 0 0 0 0 0 0 0
360	67	1 1 1 1 1 0 0 0 0 0 0 0 0 0 0 0
360	26	0 1 1 1 1 0 0 0 0 0 0 0 0 0 0 0
360	74	1 1 0 1 1 0 0 0 0 1 0 0 0 0 0 0
360	64	1 1 1 1 1 0 0 0 0 1 0 0 0 0 0 0
360	1	1 1 1 1 0 1 0 0 0 0 0 0 0 1 0 0
360	23	1 1 1 1 0 0 0 0 0 0 0 0 0 0 0 0
360	9	1 1 1 1 1 1 0 0 0 0 1 0 0 0 0 1
360	10	1 1 1 0 1 0 1 0 0 0 1 0 0 0 0 0
360	11	1 0 0 1 1 0 0 0 0 1 0 0 0 0 0 0
360	28	1 1 1 1 1 0 0 0 0 1 0 0 1 0 1 0
360	7	1 1 1 1 1 0 0 0 0 0 0 0 1 0 1 0
360	19	1 1 1 1 1 1 0 0 0 0 0 0 0 0 0 0
360	55	1 1 1 1 1 1 0 0 0 1 1 0 0 0 0 0
360	5	1 1 1 1 0 1 0 0 0 0 0 0 1 0 0 1
360	6	1 1 1 1 0 1 0 0 0 0 0 0 1 0 1 0
360	13	1 1 0 1 1 0 0 0 0 0 0 1 0 0 0 0
360	5	0 1 1 1 0 0 0 0 0 0 1 0 0 1 0 0
360	13	1 1 1 1 0 1 0 0 0 1 0 0 0 0 1 0
360	27	1 1 1 1 0 0 0 0 0 0 0 0 0 0 1 0
360	14	1 1 1 1 1 0 0 0 0 1 0 0 0 0 1 0
360	7	1 1 1 1 1 0 0 0 0 0 0 0 1 0 0 0
360	31	1 1 0 1 1 0 0 0 0 0 1 0 0 0 0 0
360	2	1 1 1 1 1 1 0 0 0 0 0 0 1 0 1 0
360	29	1 1 1 1 1 0 1 0 0 0 0 0 0 0 0 0
360	16	1 1 1 1 0 0 0 0 0 0 1 0 0 0 0 0
360	21	1 1 1 1 1 0 0 0 0 1 0 1 0 0 0 0
360	4	1 1 1 1 1 0 0 0 0 1 1 0 0 0 0 0
360	24	0 1 1 1 0 0 0 0 1 0 1 0 0 1 0 0
360	8	0 1 0 1 1 0 1 0 0 0 0 0 0 0 0 0
360	12	1 1 1 1 0 0 0 1 0 0 0 0 1 0 0 0
360	10	1 1 1 1 1 0 0 1 0 0 0 0 0 0 0 0
360	4	1 1 1 1 1 1 0 0 0 1 0 0 0 0 0 0
360	5	1 1 1 1 0 1 0 1 0 0 0 0 1 0 0 0
360	6	1 1 1 1 0 1 0 0 0 1 0 0 0 0 0 0
360	7	1 1 1 1 0 1 0 1 0 0 0 0 0 1 1 0
360	23	1 1 1 1 0 0 0 0 1 0 1 0 0 0 0 0
360	18	1 1 1 1 0 1 0 0 0 1 1 0 0 0 0 0
360	14	0 1 1 1 0 1 0 0 1 0 0 1 1 0 0 1
360	13	1 1 1 1 1 0 0 0 0 1 0 0 0 1 0 0
360	1	1 1 1 1 1 0 0 0 0 1 0 0 0 1 0 1
360	20	1 1 0 1 1 0 0 0 0 1 0 0 0 0 0 1
360	19	1 1 1 0 1 1 0 0 0 1 0 0 0 0 0 0
360	4	1 1 1 1 0 1 0 0 0 1 1 0 0 0 1 0
360	12	0 1 1 1 1 0 0 0 0 0 0 1 0 1 0 0
360	4	1 1 0 1 1 0 0 0 0 1 0 0 0 1 0 0
360	8	1 1 1 1 1 1 0 1 0 1 1 0 0 0 0 0
360	1	1 1 1 0 1 1 0 0 0 1 0 0 0 0 0 1
360	3	0 1 1 1 1 0 0 0 0 1 0 0 0 0 0 0
360	4	1 1 1 1 1 0 0 0 0 0 1 0 0 1 0 0
360	6	0 1 1 1 1 0 0 0 0 0 0 0 0 0 0 1
360	19	0 1 1 1 0 0 0 0 0 0 0 0 0 0 0 0
360	1	0 1 0 1 1 0 1 0 0 0 0 0 1 0 0 0
360	2	1 1 1 1 0 1 0 0 0 0 0 0 1 0 0 0
360	6	0 0 1 1 1 0 0 0 0 0 0 0 0 0 0 0
360	2	1 1 0 1 1 0 0 0 0 1 0 0 0 0 1 0
360	4	1 1 1 1 1 0 0 0 0 1 1 1 0 0 0 0
360	16	1 1 1 1 0 0 0 0 0 1 0 0 0 0 0 0
360	1	1 1 1 1 1 1 0 0 1 0 0 0 0 0 0 0
360	2	1 1 0 1 1 0 0 0 0 0 1 0 0 1 0 0
360	9	1 1 1 1 1 0 0 0 1 1 0 0 0 0 0 0
360	9	1 1 0 1 1 0 0 0 0 1 0 0 1 0 0 0
360	1	0 1 0 1 1 1 0 0 0 0 0 0 0 0 0 0
360	5	1 1 1 1 1 1 0 0 0 0 0 0 0 0 0 1
360	2	0 1 1 1 1 0 0 1 0 0 0 0 0 0 0 0
360	3	1 1 1 1 0 1 0 0 0 0 0 1 0 1 0 0
360	14	1 1 0 0 1 1 0 0 0 0 0 0 0 0 0 0
360	1	1 0 0 1 1 0 0 0 0 0 1 0 0 0 0 0
360	3	0 1 1 1 1 0 0 0 0 1 0 0 1 0 1 0
360	12	1 1 1 1 0 1 0 0 0 0 1 0 0 0 0 1
360	4	1 1 1 1 1 0 0 0 1 1 0 0 0 1 0 0
360	3	1 1 0 1 1 0 0 0 0 1 1 1 0 0 0 0
360	5	1 1 0 1 1 0 0 0 0 0 0 0 0 0 1 0
360	3	1 1 0 1 1 0 0 1 0 1 0 0 0 0 0 0
360	8	1 1 1 1 0 1 0 0 0 1 0 1 0 0 1 0
360	4	1 1 1 1 1 0 0 0 0 1 0 1 0 1 0 1
360	3	1 1 0 0 1 0 0 0 0 1 0 0 0 1 0 0
360	1	1 1 1 1 1 1 0 0 0 0 0 1 0 1 0 0
360	1	0 1 1 1 0 1 0 0 1 0 0 1 1 0 0 0
360	2	0 1 1 1 1 0 0 0 0 0 0 1 0 0 0 0
360	5	0 1 0 1 1 0 0 0 0 1 0 0 0 0 0 0
360	1	0 0 0 1 1 0 0 0 0 1 0 0 0 0 0 0
360	2	1 1 0 1 0 0 0 0 0 0 1 0 0 0 0 0
360	1	0 1 1 1 1 0 0 0 0 0 1 0 0 1 0 0
360	1	1 1 1 1 0 0 0 1 0 0 0 0 0 0 0 1
360	2	0 1 1 1 0 0 0 0 0 1 0 0 0 0 0 1
360	1	0 0 1 1 1 0 0 0 0 0 0 0 0 0 1 0
360	1	1 1 1 1 0 0 0 0 0 1 0 0 0 1 0 0
360	1	0 1 1 0 1 0 0 0 0 0 0 0 0 0 0 0
360	1	1 1 1 1 1 0 0 0 0 0 1 0 0 0 0 1
360	1	0 1 1 1 0 0 0 0 1 0 1 0 0 1 1 0
360	3	1 1 0 1 1 0 0 0 0 1 1 0 0 0 0 1
360	1	1 1 1 0 1 1 0 0 0 1 0 0 1 0 0 0
360	1	1 1 0 0 1 1 0 0 0 0 0 0 0 0 1 0
360	3	1 1 1 1 1 0 0 0 0 0 0 0 0 1 1 0
360	2	1 1 0 1 1 0 1 0 0 0 0 0 0 0 0 0
360	2	1 0 0 1 1 0 0 1 0 0 0 0 0 0 0 0
360	1	1 1 1 1 1 1 0 0 0 1 1 0 0 0 0 1
360	2	1 1 1 1 0 0 0 0 0 0 1 0 0 0 0 1
360	1	1 1 0 1 1 0 0 0 0 0 0 0 0 0 0 0
360	1	0 1 1 1 1 0 1 0 0 0 0 0 0 0 0 0
360	4	1 1 1 1 0 1 0 0 0 0 1 0 1 0 0 1
360	1	1 1 1 1 0 0 1 0 0 0 1 0 0 0 0 0
360	2	1 0 1 1 1 0 0 0 0 1 0 1 0 0 0 0
370	65	1 1 1 1 1 0 0 0 0 0 0 0 0 0 0 0
370	8	0 1 1 1 1 0 0 0 0 0 0 0 0 0 0 0
370	36	1 1 0 1 1 0 0 0 0 1 0 0 0 0 0 0
370	73	1 1 1 1 1 0 0 0 0 1 0 0 0 0 0 0
370	48	1 1 1 1 0 0 0 0 0 0 0 0 0 0 0 0
370	1	1 1 1 0 1 0 1 0 0 0 1 0 0 0 0 0
370	4	1 1 1 1 1 0 0 0 0 1 0 0 1 0 1 0
370	4	1 1 1 1 1 0 0 0 0 0 0 0 1 0 1 0
370	12	1 1 1 1 1 1 0 0 0 0 0 0 0 0 0 0
370	7	1 1 1 1 1 1 0 0 0 1 1 0 0 0 0 0
370	24	1 1 1 1 0 1 0 0 0 0 0 0 1 0 1 0
370	7	1 1 0 1 1 0 0 0 0 0 0 1 0 0 0 0
370	11	1 1 1 1 0 1 0 0 0 1 0 0 0 0 1 0
370	39	1 1 1 1 0 0 0 0 0 0 0 0 0 0 1 0
370	37	1 1 1 1 1 0 0 0 0 1 0 0 0 0 1 0
370	62	1 1 0 1 1 0 0 0 0 0 1 0 0 0 0 0
370	12	1 1 1 1 1 1 0 0 0 0 0 0 1 0 1 0
370	5	1 1 1 1 1 0 1 0 0 0 0 0 0 0 0 0
370	3	1 1 1 1 0 0 0 0 0 0 1 0 0 0 0 0
370	23	1 1 1 1 1 0 0 0 0 1 0 1 0 0 0 0
370	13	0 1 1 1 0 0 0 0 1 0 1 0 0 1 0 0
370	13	1 1 1 1 1 0 0 1 0 0 0 0 0 0 0 0
370	10	1 1 1 1 1 1 0 0 0 1 0 0 0 0 0 0
370	12	1 1 1 1 0 1 0 1 0 0 0 0 1 0 0 0
370	20	1 1 1 1 0 1 0 0 0 1 0 0 0 0 0 0
370	18	1 1 1 1 0 1 0 1 0 0 0 0 0 1 1 0
370	29	1 1 1 1 0 0 0 0 1 0 1 0 0 0 0 0
370	20	1 1 1 1 0 1 0 0 0 1 1 0 0 0 0 0
370	6	0 1 1 1 0 1 0 0 1 0 0 1 1 0 0 1
370	6	1 1 1 1 1 0 0 0 0 1 0 0 0 1 0 0
370	17	1 1 0 1 1 0 0 0 0 1 0 0 0 0 0 1
370	7	1 1 1 0 1 1 0 0 0 1 0 0 0 0 0 0
370	1	1 1 1 1 0 1 0 0 0 1 1 0 0 0 1 0
370	6	1 1 0 1 1 0 0 0 0 1 0 0 0 1 0 0
370	34	0 1 1 1 0 0 0 0 0 0 0 0 0 0 0 0
370	5	0 0 1 1 1 0 0 0 0 0 0 0 0 0 0 0
370	3	1 1 0 1 1 0 0 0 0 1 0 0 0 0 1 0
370	1	1 1 1 1 1 0 0 0 0 1 1 1 0 0 0 0
370	24	1 1 1 1 0 0 0 0 0 1 0 0 0 0 0 0
370	9	1 1 0 1 1 0 0 0 0 0 1 0 0 1 0 0
370	16	1 1 1 1 1 0 0 0 1 1 0 0 0 0 0 0
370	4	1 1 0 1 1 0 0 0 0 1 0 0 1 0 0 0
370	1	0 1 0 1 1 1 0 0 0 0 0 0 0 0 0 0
370	1	1 1 1 1 1 1 0 0 0 0 0 0 0 0 0 1
370	6	0 1 1 1 1 0 0 1 0 0 0 0 0 0 0 0
370	26	1 1 0 0 1 1 0 0 0 0 0 0 0 0 0 0
370	7	1 1 1 1 0 1 0 0 0 0 1 0 0 0 0 1
370	2	1 1 1 1 1 0 0 0 1 1 0 0 0 1 0 0
370	6	1 1 0 1 1 0 0 0 0 0 0 0 0 0 1 0
370	7	1 1 1 1 0 1 0 0 0 1 0 1 0 0 1 0
370	14	1 1 1 1 1 0 0 0 0 1 0 1 0 1 0 1
370	4	0 1 1 1 0 1 0 0 1 0 0 1 1 0 0 0
370	4	0 1 1 1 0 0 0 0 0 1 0 0 0 0 0 1
370	3	1 1 1 1 1 1 0 0 0 1 1 0 0 0 0 1
370	25	1 1 1 1 0 0 1 0 0 0 1 0 0 0 0 0
370	1	0 1 1 1 0 1 0 1 0 0 0 0 1 0 0 0
370	2	1 1 1 1 1 0 0 0 0 1 0 0 1 0 0 0
370	4	1 1 1 1 1 0 0 0 0 1 0 0 1 0 1 1
370	2	1 1 1 1 1 1 0 0 0 1 1 0 1 0 0 0
370	3	0 1 1 1 1 0 0 0 0 0 0 1 0 1 0 1
370	8	1 1 1 1 1 0 0 0 0 1 1 0 0 0 0 0
370	4	1 1 1 1 1 0 0 0 0 1 0 1 0 1 0 0
370	2	1 1 0 1 0 0 0 1 0 1 0 0 0 0 0 0
370	1	1 1 1 1 0 0 0 0 0 1 0 0 1 0 1 0
370	6	1 1 1 1 0 1 0 0 0 0 1 0 0 0 0 0
370	5	1 1 1 1 1 0 0 1 0 1 0 0 0 0 0 0
370	5	0 1 1 1 0 0 0 0 0 0 1 0 0 1 0 1
370	5	1 1 1 1 0 1 0 0 0 1 0 1 0 0 0 0
370	2	1 1 1 1 1 1 0 0 0 1 1 0 0 0 1 0
370	6	1 1 1 1 1 1 1 0 0 0 0 0 0 0 0 0
370	5	1 1 1 1 1 0 0 1 0 0 0 0 1 0 0 0
370	4	1 1 1 1 0 0 0 0 0 0 0 1 0 0 0 0
370	15	1 1 1 1 0 1 0 0 0 0 0 0 0 0 1 0
370	4	1 1 0 1 1 0 0 0 0 1 1 0 0 0 0 0
370	2	1 1 1 1 1 1 1 0 1 0 0 0 0 0 0 0
370	4	0 1 0 1 1 0 0 0 0 0 0 0 0 0 0 0
370	3	1 1 0 1 1 0 1 0 0 1 0 0 0 0 0 0
370	3	1 1 1 1 0 0 0 0 1 0 1 0 0 0 1 0
370	1	1 1 1 0 1 1 0 0 0 0 0 1 0 0 0 0
370	2	1 1 1 1 0 1 0 0 0 1 1 0 0 0 0 1
370	3	0 1 1 1 1 0 0 0 0 1 1 0 0 0 0 0
370	3	1 0 1 1 0 0 0 0 1 0 1 0 0 0 0 0
370	3	0 1 1 1 1 1 0 0 0 0 0 0 0 0 0 0
370	4	1 1 0 0 1 1 0 0 0 0 0 0 0 0 0 1
370	4	0 1 1 1 0 0 0 0 0 1 0 0 0 0 0 0
370	1	1 1 1 1 1 0 0 0 0 0 1 0 0 0 0 0
370	2	1 1 1 1 0 0 0 0 0 0 1 0 1 0 0 0
370	1	1 1 1 1 0 0 0 1 0 0 0 0 0 0 0 0
370	2	1 1 0 1 1 0 0 0 0 0 0 0 0 0 0 0
370	2	1 1 1 1 0 0 0 0 1 0 0 0 0 0 0 0
370	2	0 1 0 1 1 1 0 0 0 0 0 1 0 0 0 0
370	1	1 1 1 1 0 1 0 0 0 0 0 0 0 0 0 0
370	2	1 1 0 0 1 0 0 0 0 1 0 0 0 0 0 0
370	2	1 1 1 1 0 0 0 0 0 0 0 0 0 0 1 1
370	1	1 1 0 1 1 1 0 0 0 0 1 0 0 0 0 0
370	1	0 1 1 1 1 0 0 0 1 0 1 0 0 1 0 0
370	1	1 1 1 1 0 1 0 0 0 1 0 0 1 0 0 0
370	1	0 1 1 1 0 0 0 0 1 0 1 0 0 0 0 0
370	1	1 1 1 1 0 0 1 0 0 0 1 0 0 0 0 1
370	1	1 1 1 1 0 1 0 0 1 1 0 1 0 0 0 0
370	2	1 1 0 0 1 0 0 0 0 1 1 0 0 0 0 0
380	46	1 1 1 1 1 0 0 0 0 0 0 0 0 0 0 0
380	3	0 1 1 1 1 0 0 0 0 0 0 0 0 0 0 0
380	17	1 1 0 1 1 0 0 0 0 1 0 0 0 0 0 0
380	30	1 1 1 1 1 0 0 0 0 1 0 0 0 0 0 0
380	73	1 1 1 1 0 0 0 0 0 0 0 0 0 0 0 0
380	10	1 1 1 1 1 0 0 0 0 1 0 0 1 0 1 0
380	9	1 1 1 1 1 0 0 0 0 0 0 0 1 0 1 0
380	18	1 1 1 1 1 1 0 0 0 0 0 0 0 0 0 0
380	14	1 1 1 1 1 1 0 0 0 1 1 0 0 0 0 0
380	4	1 1 1 1 0 1 0 0 0 0 0 0 1 0 1 0
380	4	1 1 0 1 1 0 0 0 0 0 0 1 0 0 0 0
380	14	1 1 1 1 0 1 0 0 0 1 0 0 0 0 1 0
380	42	1 1 1 1 0 0 0 0 0 0 0 0 0 0 1 0
380	13	1 1 1 1 1 0 0 0 0 1 0 0 0 0 1 0
380	54	1 1 0 1 1 0 0 0 0 0 1 0 0 0 0 0
380	16	1 1 1 1 1 1 0 0 0 0 0 0 1 0 1 0
380	4	1 1 1 1 1 0 1 0 0 0 0 0 0 0 0 0
380	8	1 1 1 1 0 0 0 0 0 0 1 0 0 0 0 0
380	14	1 1 1 1 1 0 0 0 0 1 0 1 0 0 0 0
380	3	0 1 1 1 0 0 0 0 1 0 1 0 0 1 0 0
380	17	1 1 1 1 1 0 0 1 0 0 0 0 0 0 0 0
380	32	1 1 1 1 1 1 0 0 0 1 0 0 0 0 0 0
380	7	1 1 1 1 0 1 0 0 0 1 0 0 0 0 0 0
380	14	1 1 1 1 0 1 0 1 0 0 0 0 0 1 1 0
380	26	1 1 1 1 0 0 0 0 1 0 1 0 0 0 0 0
380	45	1 1 1 1 0 1 0 0 0 1 1 0 0 0 0 0
380	7	1 1 1 1 1 0 0 0 0 1 0 0 0 1 0 0
380	2	1 1 0 1 1 0 0 0 0 1 0 0 0 0 0 1
380	6	1 1 1 0 1 1 0 0 0 1 0 0 0 0 0 0
380	56	0 1 1 1 0 0 0 0 0 0 0 0 0 0 0 0
380	3	1 1 0 1 1 0 0 0 0 1 0 0 0 0 1 0
380	31	1 1 1 1 0 0 0 0 0 1 0 0 0 0 0 0
380	4	1 1 0 1 1 0 0 0 0 0 1 0 0 1 0 0
380	40	1 1 1 1 1 0 0 0 1 1 0 0 0 0 0 0
380	2	0 1 0 1 1 1 0 0 0 0 0 0 0 0 0 0
380	31	1 1 0 0 1 1 0 0 0 0 0 0 0 0 0 0
380	5	1 1 1 1 1 0 0 0 1 1 0 0 0 1 0 0
380	6	1 1 0 1 1 0 0 0 0 0 0 0 0 0 1 0
380	4	1 1 1 1 0 1 0 0 0 1 0 1 0 0 1 0
380	2	0 1 1 1 0 1 0 0 1 0 0 1 1 0 0 0
380	24	1 1 1 1 0 0 1 0 0 0 1 0 0 0 0 0
380	3	1 1 1 1 1 0 0 0 0 1 0 0 1 0 1 1
380	2	1 1 1 1 1 0 0 0 0 1 1 0 0 0 0 0
380	8	1 1 1 1 1 0 0 0 0 1 0 1 0 1 0 0
380	4	1 1 1 1 0 1 0 0 0 0 1 0 0 0 0 0
380	2	0 1 1 1 0 0 0 0 0 0 1 0 0 1 0 1
380	1	1 1 1 1 1 1 1 0 0 0 0 0 0 0 0 0
380	11	1 1 1 1 1 0 0 1 0 0 0 0 1 0 0 0
380	8	1 1 1 1 0 0 0 0 0 0 0 1 0 0 0 0
380	1	1 1 1 1 0 1 0 0 0 0 0 0 0 0 1 0
380	2	0 1 0 1 1 0 0 0 0 0 0 0 0 0 0 0
380	2	1 1 0 1 1 0 1 0 0 1 0 0 0 0 0 0
380	17	1 1 1 1 0 0 0 0 1 0 1 0 0 0 1 0
380	20	1 0 1 1 0 0 0 0 1 0 1 0 0 0 0 0
380	2	1 1 1 1 1 0 0 0 0 0 1 0 0 0 0 0
380	9	1 1 0 1 1 0 0 0 0 0 0 0 0 0 0 0
380	11	1 1 0 0 1 0 0 0 0 1 1 0 0 0 0 0
380	2	1 1 1 1 0 1 0 0 0 1 1 0 0 1 0 0
380	12	1 1 1 1 0 0 1 0 0 0 0 0 0 0 0 0
380	7	1 1 1 1 1 0 0 1 1 0 0 0 0 0 0 0
380	7	1 1 0 0 1 1 0 0 0 1 0 0 0 0 0 0
380	5	1 1 0 1 1 0 0 0 0 0 0 0 1 0 0 0
380	1	1 1 1 1 1 0 0 0 0 1 0 1 0 0 0 1
380	3	1 1 1 1 1 0 0 0 0 1 0 1 0 0 1 0
380	5	1 1 1 0 0 1 0 1 0 0 0 0 1 0 0 0
380	1	0 1 1 1 0 0 0 0 0 0 0 1 0 0 0 0
380	4	1 1 1 1 1 1 0 0 0 1 0 0 1 0 1 0
380	2	1 1 1 1 0 1 0 0 1 1 0 0 0 0 0 0
380	3	1 1 1 1 1 0 0 0 0 0 0 0 0 0 1 0
380	2	1 1 1 1 1 1 0 0 1 1 0 0 0 0 0 0
380	1	1 1 1 1 1 0 0 0 1 1 0 0 0 0 0 1
380	2	1 1 1 0 1 0 0 0 0 1 0 0 0 0 0 0
380	3	1 1 1 0 0 0 0 0 0 0 0 0 0 0 0 0
380	13	1 1 1 1 1 1 0 0 0 1 0 1 0 0 0 0
380	1	0 1 1 1 1 1 0 0 1 0 0 0 0 0 0 0
380	2	1 1 1 1 0 1 0 1 0 1 1 0 0 1 0 0
380	5	1 1 1 1 1 0 1 0 0 1 0 0 0 0 0 0
380	7	1 1 0 1 1 0 0 0 0 0 1 0 0 0 1 0
380	7	0 1 1 1 0 0 0 0 1 0 1 0 0 0 1 0
380	9	0 1 0 1 1 1 0 0 0 0 0 1 0 1 1 0
380	2	0 1 1 1 0 0 0 1 1 0 1 0 0 1 0 0
380	1	1 1 0 1 1 0 0 0 0 1 0 1 0 0 0 0
380	2	1 1 1 1 0 0 0 0 0 1 1 0 0 0 0 0
380	5	1 1 1 1 0 1 0 1 0 0 0 1 0 1 1 0
380	3	0 1 1 1 0 0 1 0 0 0 0 0 0 0 0 0
380	3	1 0 1 1 1 0 0 0 0 1 0 0 1 0 1 0
380	4	1 1 1 0 0 1 0 0 0 1 0 0 0 0 1 0
380	1	1 1 1 1 0 0 0 0 0 0 0 0 0 1 1 0
380	1	1 1 0 1 1 0 0 0 0 0 1 0 0 0 0 1
380	1	1 0 1 1 1 1 0 0 0 1 0 1 0 0 1 0
380	2	1 1 1 1 0 1 0 0 0 0 0 0 0 0 0 0
380	1	1 1 1 1 0 1 0 1 0 0 0 0 1 0 1 0
380	2	1 1 1 1 0 0 0 0 1 0 0 0 0 0 0 0
380	1	0 1 1 1 1 0 0 0 0 1 0 0 0 0 0 0
380	1	1 1 1 1 0 0 0 1 0 0 0 0 0 0 0 0
380	1	1 1 1 1 1 0 0 0 0 1 0 1 1 0 0 0
380	1	1 1 1 1 0 1 0 0 0 0 1 0 1 0 0 0
380	1	0 1 0 1 1 0 0 0 0 0 1 0 0 0 0 0
390	48	1 1 1 1 1 0 0 0 0 0 0 0 0 0 0 0
390	2	0 1 1 1 1 0 0 0 0 0 0 0 0 0 0 0
390	23	1 1 0 1 1 0 0 0 0 1 0 0 0 0 0 0
390	22	1 1 1 1 1 0 0 0 0 1 0 0 0 0 0 0
390	60	1 1 1 1 0 0 0 0 0 0 0 0 0 0 0 0
390	8	1 1 1 1 1 0 0 0 0 1 0 0 1 0 1 0
390	3	1 1 1 1 1 0 0 0 0 0 0 0 1 0 1 0
390	13	1 1 1 1 1 1 0 0 0 0 0 0 0 0 0 0
390	6	1 1 1 1 1 1 0 0 0 1 1 0 0 0 0 0
390	13	1 1 1 1 0 1 0 0 0 1 0 0 0 0 1 0
390	14	1 1 1 1 0 0 0 0 0 0 0 0 0 0 1 0
390	22	1 1 1 1 1 0 0 0 0 1 0 0 0 0 1 0
390	10	1 1 0 1 1 0 0 0 0 0 1 0 0 0 0 0
390	1	1 1 1 1 1 1 0 0 0 0 0 0 1 0 1 0
390	1	1 1 1 1 1 0 1 0 0 0 0 0 0 0 0 0
390	4	0 1 1 1 0 0 0 0 1 0 1 0 0 1 0 0
390	9	1 1 1 1 1 0 0 1 0 0 0 0 0 0 0 0
390	39	1 1 1 1 1 1 0 0 0 1 0 0 0 0 0 0
390	8	1 1 1 1 0 1 0 0 0 1 0 0 0 0 0 0
390	3	1 1 1 1 0 1 0 1 0 0 0 0 0 1 1 0
390	67	1 1 1 1 0 0 0 0 1 0 1 0 0 0 0 0
390	64	1 1 1 1 0 1 0 0 0 1 1 0 0 0 0 0
390	12	1 1 1 1 1 0 0 0 0 1 0 0 0 1 0 0
390	5	1 1 1 0 1 1 0 0 0 1 0 0 0 0 0 0
390	63	0 1 1 1 0 0 0 0 0 0 0 0 0 0 0 0
390	34	1 1 1 1 0 0 0 0 0 1 0 0 0 0 0 0
390	2	1 1 0 1 1 0 0 0 0 0 1 0 0 1 0 0
390	31	1 1 1 1 1 0 0 0 1 1 0 0 0 0 0 0
390	11	0 1 0 1 1 1 0 0 0 0 0 0 0 0 0 0
390	29	1 1 0 0 1 1 0 0 0 0 0 0 0 0 0 0
390	2	1 1 1 1 1 0 0 0 1 1 0 0 0 1 0 0
390	4	1 1 1 1 0 1 0 0 0 1 0 1 0 0 1 0
390	5	1 1 1 1 0 0 1 0 0 0 1 0 0 0 0 0
390	2	1 1 1 1 1 0 0 0 0 1 1 0 0 0 0 0
390	8	1 1 1 1 1 0 0 0 0 1 0 1 0 1 0 0
390	7	1 1 1 1 0 1 0 0 0 0 1 0 0 0 0 0
390	1	1 1 1 1 1 0 0 1 0 0 0 0 1 0 0 0
390	10	1 1 1 1 0 0 0 0 0 0 0 1 0 0 0 0
390	2	1 1 1 1 0 1 0 0 0 0 0 0 0 0 1 0
390	10	0 1 0 1 1 0 0 0 0 0 0 0 0 0 0 0
390	6	1 1 1 1 0 0 0 0 1 0 1 0 0 0 1 0
390	32	1 0 1 1 0 0 0 0 1 0 1 0 0 0 0 0
390	25	1 1 0 1 1 0 0 0 0 0 0 0 0 0 0 0
390	4	1 1 0 0 1 0 0 0 0 1 1 0 0 0 0 0
390	1	1 1 0 0 1 1 0 0 0 1 0 0 0 0 0 0
390	19	1 1 0 1 1 0 0 0 0 0 0 0 1 0 0 0
390	2	1 1 1 1 1 0 0 0 0 1 0 1 0 0 0 1
390	30	1 1 1 1 1 0 0 0 0 1 0 1 0 0 1 0
390	1	1 1 1 1 1 0 0 0 0 0 0 0 0 0 1 0
390	3	1 1 1 1 1 1 0 0 1 1 0 0 0 0 0 0
390	4	1 1 1 1 1 1 0 0 0 1 0 1 0 0 0 0
390	12	1 1 1 1 1 0 1 0 0 1 0 0 0 0 0 0
390	12	1 1 0 1 1 0 0 0 0 0 1 0 0 0 1 0
390	6	0 1 0 1 1 1 0 0 0 0 0 1 0 1 1 0
390	1	1 1 1 1 0 0 0 0 0 1 1 0 0 0 0 0
390	11	0 1 1 1 0 0 1 0 0 0 0 0 0 0 0 0
390	12	1 1 1 0 0 1 0 0 0 1 0 0 0 0 1 0
390	4	1 1 1 1 0 1 0 0 0 0 0 0 0 0 0 0
390	2	1 1 1 1 0 0 0 0 1 0 0 0 0 0 0 0
390	1	1 1 1 1 0 0 0 1 0 0 0 0 0 0 0 0
390	2	1 1 1 1 1 0 0 0 1 0 1 0 0 1 0 0
390	11	1 1 0 1 0 0 0 0 0 0 1 0 0 0 0 0
390	6	1 1 1 1 1 0 0 1 0 0 1 0 0 0 0 0
390	6	1 1 1 1 0 0 0 0 0 0 0 0 0 1 1 0
390	10	1 1 0 0 1 1 0 0 0 0 1 0 0 0 0 0
390	12	1 1 1 1 1 1 0 0 0 0 1 0 0 0 0 0
390	2	1 1 1 1 0 1 0 0 0 1 1 0 0 0 1 0
390	1	1 1 0 1 1 0 0 0 0 1 1 0 0 0 0 0
390	2	1 0 0 1 1 0 0 0 0 0 1 0 0 0 1 0
390	4	1 1 1 0 0 1 0 0 0 1 1 0 0 0 1 0
390	2	1 1 0 1 1 0 0 0 1 0 1 0 0 1 0 0
390	5	1 1 1 0 0 1 0 0 0 0 0 0 0 0 1 0
390	1	0 1 1 1 1 0 0 0 0 0 0 0 0 1 0 0
390	7	0 1 1 1 0 0 0 0 0 0 0 0 0 0 1 0
390	1	1 1 1 0 1 0 0 0 0 1 0 0 0 0 1 0
390	1	1 1 1 1 1 0 1 0 0 1 0 1 0 0 0 0
390	1	0 1 1 1 0 0 0 0 0 0 1 0 0 0 0 0
390	10	1 1 0 0 0 0 0 0 0 0 0 0 0 0 0 0
390	2	0 1 0 1 1 0 0 0 0 1 0 0 0 0 0 0
390	1	1 1 1 1 1 0 0 0 0 1 0 0 0 1 0 1
390	3	1 1 1 1 1 0 0 0 0 1 0 1 0 0 1 1
390	6	1 1 0 1 1 0 0 0 0 1 1 0 0 0 0 1
390	1	1 0 1 1 1 1 0 0 0 1 0 0 0 0 0 0
390	4	1 1 1 1 0 0 1 0 0 1 0 0 0 0 0 0
390	2	1 1 1 0 1 1 0 0 0 1 0 0 0 1 0 0
390	8	0 1 1 1 0 0 0 0 0 1 0 0 0 0 0 0
390	2	1 1 1 1 0 0 1 0 0 0 1 0 0 0 1 0
390	2	1 0 1 1 0 0 0 0 1 0 0 0 0 0 0 0
390	1	1 1 0 1 0 0 0 0 0 0 0 0 0 0 0 0
390	2	1 1 1 1 1 1 0 0 0 0 0 0 0 0 1 0
390	3	1 0 1 1 1 0 0 0 0 1 1 0 0 0 0 0
390	1	1 1 1 0 0 1 0 0 0 1 0 0 0 0 1 1
390	1	1 0 1 1 1 0 0 0 0 1 0 0 0 1 0 1
390	2	1 1 1 1 0 0 0 0 0 0 0 0 1 0 0 0
390	1	0 1 1 1 0 0 0 0 1 0 1 0 0 0 0 0
390	1	1 1 1 1 1 1 0 0 0 0 0 0 0 1 0 0
390	1	1 1 1 0 1 0 0 0 0 1 0 0 0 0 0 0
390	1	0 1 1 1 0 1 0 0 0 0 0 0 0 0 0 0
390	1	1 1 0 0 1 1 0 0 0 0 0 0 0 0 0 1
390	3	1 0 1 1 0 0 0 0 1 1 1 0 0 0 0 0
390	1	1 1 0 1 1 0 0 1 0 1 1 0 0 0 0 1
400	76	1 1 1 1 1 0 0 0 0 0 0 0 0 0 0 0
400	12	1 1 0 1 1 0 0 0 0 1 0 0 0 0 0 0
400	22	1 1 1 1 1 0 0 0 0 1 0 0 0 0 0 0
400	33	1 1 1 1 0 0 0 0 0 0 0 0 0 0 0 0
400	10	1 1 1 1 1 0 0 0 0 1 0 0 1 0 1 0
400	4	1 1 1 1 1 0 0 0 0 0 0 0 1 0 1 0
400	42	1 1 1 1 1 1 0 0 0 0 0 0 0 0 0 0
400	6	1 1 1 1 1 1 0 0 0 1 1 0 0 0 0 0
400	7	1 1 1 1 0 1 0 0 0 1 0 0 0 0 1 0
400	8	1 1 1 1 0 0 0 0 0 0 0 0 0 0 1 0
400	6	1 1 1 1 1 0 0 0 0 1 0 0 0 0 1 0
400	12	1 1 0 1 1 0 0 0 0 0 1 0 0 0 0 0
400	2	1 1 1 1 1 1 0 0 0 0 0 0 1 0 1 0
400	2	0 1 1 1 0 0 0 0 1 0 1 0 0 1 0 0
400	8	1 1 1 1 1 0 0 1 0 0 0 0 0 0 0 0
400	36	1 1 1 1 1 1 0 0 0 1 0 0 0 0 0 0
400	9	1 1 1 1 0 1 0 0 0 1 0 0 0 0 0 0
400	65	1 1 1 1 0 0 0 0 1 0 1 0 0 0 0 0
400	16	1 1 1 1 0 1 0 0 0 1 1 0 0 0 0 0
400	7	1 1 1 1 1 0 0 0 0 1 0 0 0 1 0 0
400	57	0 1 1 1 0 0 0 0 0 0 0 0 0 0 0 0
400	23	1 1 1 1 0 0 0 0 0 1 0 0 0 0 0 0
400	24	1 1 1 1 1 0 0 0 1 1 0 0 0 0 0 0
400	19	1 1 0 0 1 1 0 0 0 0 0 0 0 0 0 0
400	1	1 1 1 1 0 0 1 0 0 0 1 0 0 0 0 0
400	1	1 1 1 1 1 0 0 0 0 1 1 0 0 0 0 0
400	3	1 1 1 1 1 0 0 0 0 1 0 1 0 1 0 0
400	6	1 1 1 1 0 0 0 0 0 0 0 1 0 0 0 0
400	24	1 0 1 1 0 0 0 0 1 0 1 0 0 0 0 0
400	9	1 1 0 1 1 0 0 0 0 0 0 0 0 0 0 0
400	6	1 1 0 1 1 0 0 0 0 0 0 0 1 0 0 0
400	63	1 1 1 1 1 0 0 0 0 1 0 1 0 0 1 0
400	4	1 1 1 1 1 1 0 0 1 1 0 0 0 0 0 0
400	2	1 1 1 1 1 1 0 0 0 1 0 1 0 0 0 0
400	9	1 1 1 1 1 0 1 0 0 1 0 0 0 0 0 0
400	19	1 1 0 1 1 0 0 0 0 0 1 0 0 0 1 0
400	4	0 1 0 1 1 1 0 0 0 0 0 1 0 1 1 0
400	7	1 1 1 1 0 0 0 0 0 1 1 0 0 0 0 0
400	21	0 1 1 1 0 0 1 0 0 0 0 0 0 0 0 0
400	3	1 1 1 0 0 1 0 0 0 1 0 0 0 0 1 0
400	2	1 1 1 1 0 1 0 0 0 0 0 0 0 0 0 0
400	27	1 1 0 1 0 0 0 0 0 0 1 0 0 0 0 0
400	10	1 1 0 0 1 1 0 0 0 0 1 0 0 0 0 0
400	8	1 1 1 1 1 1 0 0 0 0 1 0 0 0 0 0
400	5	1 1 1 1 0 1 0 0 0 1 1 0 0 0 1 0
400	3	1 0 0 1 1 0 0 0 0 0 1 0 0 0 1 0
400	9	1 1 1 0 0 1 0 0 0 1 1 0 0 0 1 0
400	30	1 1 0 0 0 0 0 0 0 0 0 0 0 0 0 0
400	1	1 1 0 1 1 0 0 0 0 1 1 0 0 0 0 1
400	7	1 0 1 1 0 0 0 0 1 0 0 0 0 0 0 0
400	4	1 0 1 1 1 0 0 0 0 1 1 0 0 0 0 0
400	12	1 1 1 1 0 0 0 0 0 0 0 0 1 0 0 0
400	3	0 1 1 1 0 0 0 0 1 0 1 0 0 0 0 0
400	7	1 1 1 1 1 0 0 1 0 0 0 0 0 0 1 0
400	2	0 1 0 1 1 0 0 0 0 0 1 0 0 0 0 0
400	12	1 1 1 1 0 0 0 0 1 0 1 0 0 1 0 0
400	4	1 1 0 0 1 1 0 1 0 0 0 0 0 0 0 0
400	3	1 1 1 1 1 0 0 0 1 0 1 0 0 0 0 0
400	4	1 1 1 1 1 0 0 0 0 0 1 0 0 0 0 0
400	8	1 1 1 1 0 0 0 0 0 1 0 0 0 0 1 0
400	3	1 1 1 1 1 0 0 0 1 1 0 0 1 0 0 0
400	6	0 1 0 1 1 1 0 0 0 0 0 1 0 1 0 0
400	8	0 1 1 1 0 0 1 0 0 0 0 0 0 0 1 0
400	6	1 1 1 1 0 0 0 0 1 1 0 0 1 0 0 0
400	5	1 1 1 1 1 0 0 0 0 1 0 0 1 0 0 0
400	8	1 1 0 1 1 0 0 0 0 1 1 0 0 0 0 0
400	1	0 1 1 1 0 0 0 0 1 0 0 0 0 0 0 0
400	5	1 1 1 1 1 0 0 0 0 0 0 0 0 0 1 0
400	3	1 1 1 1 0 0 1 0 0 0 0 1 0 0 0 0
400	1	0 1 1 1 0 0 0 0 0 0 0 0 0 1 0 0
400	3	1 1 1 1 0 0 0 1 0 1 0 0 0 0 0 0
400	2	1 0 1 1 0 0 0 0 1 0 1 0 0 0 1 0
400	2	1 1 1 1 1 0 0 0 1 1 0 1 1 0 0 0
400	3	1 1 1 1 1 0 0 0 0 0 0 0 1 0 0 0
400	5	1 1 1 0 1 0 0 0 0 0 0 0 0 0 0 1
400	12	0 1 1 1 0 0 0 0 0 1 0 0 0 0 1 0
400	2	1 1 1 1 1 1 1 0 0 0 0 0 0 0 0 0
400	4	1 0 1 1 0 1 0 0 0 1 0 0 0 0 0 0
400	2	1 0 1 1 0 0 0 1 1 0 1 0 0 0 0 0
400	2	1 1 0 1 1 0 0 0 0 0 0 0 0 0 0 1
400	6	1 1 0 1 1 1 0 0 0 0 1 0 0 0 0 0
400	2	1 1 0 0 0 0 0 0 0 0 0 0 0 0 0 1
400	2	1 0 1 1 0 0 0 0 1 0 0 1 0 0 0 0
400	1	0 1 1 1 0 0 0 0 0 0 0 0 1 0 0 0
400	4	1 1 1 1 1 0 0 0 1 0 0 1 1 0 0 0
400	2	0 1 0 1 1 0 0 0 0 1 1 0 0 0 0 0
400	2	1 0 1 1 0 0 0 0 0 1 0 0 0 0 0 0
400	6	1 1 1 1 0 0 0 0 0 0 0 0 0 0 0 1
400	1	1 1 0 1 1 0 0 0 0 0 0 0 0 0 1 0
400	4	1 1 0 1 1 0 0 0 0 0 1 0 1 0 1 0
400	8	1 1 1 1 1 1 0 0 0 0 0 0 0 0 0 1
400	1	1 0 1 1 1 0 0 0 0 0 0 0 0 0 0 0
400	4	1 1 1 1 1 0 1 0 0 0 0 0 0 0 0 0
400	2	1 1 1 1 1 0 0 0 0 0 0 1 0 0 1 0
400	1	1 1 0 1 0 1 0 0 0 0 1 0 0 0 0 0
400	2	1 1 0 1 1 1 0 0 0 1 1 0 0 0 0 0
400	1	1 1 1 1 1 1 0 0 0 0 0 0 0 1 0 1
400	1	1 1 1 1 1 1 0 0 0 0 0 1 0 1 0 0
400	2	1 1 1 1 1 1 0 0 1 0 0 0 0 0 0 0
400	1	1 1 1 1 1 0 0 0 0 1 0 1 1 0 0 0
400	1	1 0 1 1 1 0 1 0 0 1 0 0 0 0 0 0
400	3	1 1 1 1 1 0 0 0 0 0 0 1 0 0 0 0
400	1	1 1 1 1 1 1 1 0 0 1 1 0 0 0 0 0
400	1	1 1 0 1 1 0 0 0 0 0 1 0 0 1 0 0
400	3	1 1 1 1 1 0 1 0 0 1 0 1 0 0 1 0
400	2	1 0 1 1 1 0 0 0 0 0 1 0 0 0 0 0
400	1	1 1 1 1 1 0 0 1 0 0 0 0 1 0 1 0
400	1	1 1 0 1 1 0 0 0 0 1 1 1 0 0 0 0
400	2	1 0 1 1 0 1 0 0 1 0 1 0 0 0 1 0
