0	250	1 0 0 1 0 0 0 1 0 1 0 0 1 0 0 0
0	250	1 0 1 0 0 0 1 0 1 0 0 1 0 0 0 0
0	250	1 0 0 0 1 0 0 1 0 0 1 0 0 0 0 0
0	250	1 0 0 0 0 0 0 0 1 1 0 0 0 1 1 1
10	229	1 0 0 1 0 0 0 1 0 1 0 0 1 0 0 0
10	286	1 0 1 0 0 0 1 0 1 0 0 1 0 0 0 0
10	178	1 0 0 0 1 0 0 1 0 0 1 0 0 0 0 0
10	66	1 0 0 0 0 0 0 0 1 1 0 0 0 1 1 1
10	5	1 0 0 0 0 0 0 0 1 1 1 0 0 0 0 0
10	9	1 0 0 0 0 0 1 0 1 0 0 1 0 0 0 0
10	3	1 0 0 1 0 0 1 1 0 1 0 0 1 0 0 0
10	20	0 0 0 1 0 0 0 1 0 1 0 0 1 0 0 0
10	7	1 0 1 0 1 0 1 0 1 0 0 1 0 0 0 0
10	2	1 0 1 0 0 0 1 0 1 0 0 1 0 1 0 0
10	4	1 0 0 0 0 0 0 1 1 1 0 0 0 1 1 1
10	1	1 0 0 0 0 0 0 0 1 0 0 0 0 1 1 1
10	10	1 0 0 0 0 0 0 0 1 0 1 0 0 0 0 0
10	9	1 0 1 1 0 0 0 1 0 1 0 0 1 0 0 0
10	6	1 0 1 0 0 0 1 0 1 0 1 1 0 0 0 0
10	2	1 1 0 0 1 0 0 1 0 0 1 0 0 0 0 0
10	13	1 0 0 0 1 0 0 1 0 1 1 0 0 0 0 0
10	1	1 0 0 0 1 0 0 1 0 0 1 1 0 0 0 0
10	3	0 0 0 0 1 0 0 1 0 0 1 0 0 0 0 0
10	12	1 0 0 1 0 0 0 1 0 1 0 0 0 0 0 0
10	2	1 0 0 1 0 0 0 0 1 0 0 1 0 0 0 0
10	1	1 0 0 0 0 0 0 1 1 0 1 0 0 0 0 0
10	9	1 0 0 1 1 0 0 1 0 0 1 0 0 0 0 0
10	6	1 0 0 0 1 0 0 1 0 0 1 0 0 0 1 0
10	11	1 0 1 0 0 0 1 0 1 0 1 0 0 0 0 0
10	3	1 0 0 1 0 0 0 1 0 0 0 0 1 0 0 0
10	1	1 0 0 0 1 0 1 1 0 0 1 0 0 0 0 0
10	3	1 0 0 0 0 0 0 0 1 1 0 0 0 1 0 1
10	1	1 0 0 0 0 0 1 0 1 0 1 0 0 0 0 0
10	1	1 0 0 0 0 0 0 0 1 1 0 1 0 0 0 0
10	1	1 0 0 1 0 0 0 1 0 0 1 0 0 0 0 0
10	2	1 0 1 0 0 0 1 1 1 0 0 1 0 0 0 0
10	11	1 0 0 0 1 0 0 1 0 0 1 0 0 1 0 0
10	4	1 0 0 0 0 0 1 0 1 1 0 0 0 1 1 1
10	10	1 0 0 1 0 0 0 1 0 1 0 1 1 0 0 0
10	10	1 0 0 1 0 0 0 1 0 1 0 0 1 0 1 0
10	2	1 0 0 1 1 0 0 1 0 1 0 0 1 0 0 0
10	1	1 0 0 1 0 0 0 0 0 1 0 0 1 0 0 0
10	1	1 0 1 0 1 0 0 1 0 1 0 0 1 0 0 0
10	4	1 0 1 0 0 0 1 0 0 0 1 0 0 0 0 0
10	3	1 0 0 0 1 0 0 1 0 0 1 0 0 0 1 1
10	5	1 0 0 1 0 0 0 1 0 1 1 0 1 0 0 0
10	2	1 0 1 0 0 0 0 0 1 1 0 0 0 1 1 1
10	2	1 0 0 0 1 0 0 0 1 1 0 0 0 1 1 1
10	1	1 0 0 0 1 0 0 1 1 0 1 1 0 0 0 0
10	7	1 0 0 0 1 0 1 0 1 0 0 1 0 0 0 0
10	3	1 0 0 0 0 0 0 0 1 1 0 0 0 1 1 0
10	1	1 0 0 0 0 0 0 0 1 1 0 0 0 0 1 1
10	1	1 0 1 1 0 0 0 1 0 1 1 0 1 0 0 0
10	4	1 0 0 1 0 0 1 0 1 0 0 1 0 0 0 0
10	1	1 0 0 0 1 0 0 1 0 0 0 0 1 0 0 0
10	4	1 0 0 1 0 0 0 1 1 1 0 0 1 0 0 0
10	2	1 0 1 1 0 0 1 0 1 0 0 1 0 0 0 0
10	1	0 0 1 0 0 0 1 0 1 0 0 1 0 0 0 0
10	3	1 0 0 0 1 0 0 1 0 0 1 1 0 1 0 0
10	1	1 0 1 0 0 0 1 0 1 1 0 0 0 1 1 1
10	1	1 0 1 0 1 0 0 1 0 1 1 0 0 0 0 0
10	1	1 0 1 0 0 0 1 0 1 1 0 0 1 1 1 1
10	3	1 0 1 0 1 0 0 1 0 0 1 0 0 0 0 0
10	2	1 0 1 0 0 0 1 0 1 0 0 1 0 0 0 1
10	1	1 1 1 0 0 0 1 0 1 0 0 1 0 0 0 0
10	1	1 0 0 0 1 0 0 1 1 0 1 0 0 0 0 0
20	228	1 0 0 1 0 0 0 1 0 1 0 0 1 0 0 0
20	276	1 0 1 0 0 0 1 0 1 0 0 1 0 0 0 0
20	131	1 0 0 0 1 0 0 1 0 0 1 0 0 0 0 0
20	6	1 0 0 0 0 0 0 0 1 1 0 0 0 1 1 1
20	10	1 0 0 0 0 0 1 0 1 0 0 1 0 0 0 0
20	24	0 0 0 1 0 0 0 1 0 1 0 0 1 0 0 0
20	5	1 0 1 0 1 0 1 0 1 0 0 1 0 0 0 0
20	6	1 0 1 1 0 0 0 1 0 1 0 0 1 0 0 0
20	7	1 0 1 0 0 0 1 0 1 0 1 1 0 0 0 0
20	16	1 0 0 0 1 0 0 1 0 1 1 0 0 0 0 0
20	13	0 0 0 0 1 0 0 1 0 0 1 0 0 0 0 0
20	16	1 0 0 1 0 0 0 1 0 1 0 0 0 0 0 0
20	5	1 0 0 1 0 0 0 0 1 0 0 1 0 0 0 0
20	6	1 0 0 1 1 0 0 1 0 0 1 0 0 0 0 0
20	2	1 0 0 0 1 0 0 1 0 0 1 0 0 0 1 0
20	23	1 0 1 0 0 0 1 0 1 0 1 0 0 0 0 0
20	3	1 0 0 0 0 0 0 0 1 1 0 0 0 1 0 1
20	7	1 0 0 1 0 0 0 1 0 0 1 0 0 0 0 0
20	8	1 0 1 0 0 0 1 1 1 0 0 1 0 0 0 0
20	12	1 0 0 0 1 0 0 1 0 0 1 0 0 1 0 0
20	1	1 0 0 0 0 0 1 0 1 1 0 0 0 1 1 1
20	9	1 0 0 1 0 0 0 1 0 1 0 1 1 0 0 0
20	3	1 0 0 1 0 0 0 1 0 1 0 0 1 0 1 0
20	2	1 0 1 0 0 0 1 0 0 0 1 0 0 0 0 0
20	9	1 0 0 0 1 0 0 1 0 0 1 0 0 0 1 1
20	14	1 0 0 1 0 0 0 1 0 1 1 0 1 0 0 0
20	2	1 0 0 0 1 0 1 0 1 0 0 1 0 0 0 0
20	9	1 0 0 1 0 0 0 1 1 1 0 0 1 0 0 0
20	3	1 0 1 1 0 0 1 0 1 0 0 1 0 0 0 0
20	4	1 0 1 0 1 0 0 1 0 0 1 0 0 0 0 0
20	18	1 0 1 0 0 0 1 0 1 0 0 1 0 0 0 1
20	1	1 0 0 0 0 0 0 0 0 1 0 0 1 0 0 0
20	6	1 0 0 1 0 0 0 1 0 1 0 0 1 1 0 0
20	15	1 0 1 0 0 0 1 0 1 0 0 1 1 0 0 0
20	29	1 0 1 0 0 0 1 0 0 0 0 1 0 0 0 0
20	8	1 0 0 0 1 0 0 1 1 0 1 0 0 0 0 0
20	2	1 0 0 1 0 0 1 0 1 0 0 1 0 0 0 0
20	1	1 0 0 0 1 0 0 1 0 0 1 0 0 0 0 1
20	2	1 0 0 0 1 0 0 1 0 0 1 1 0 0 0 0
20	2	1 0 0 0 0 0 0 0 1 0 0 0 0 1 1 0
20	12	1 0 1 0 0 0 1 0 1 0 0 1 0 0 1 0
20	1	1 0 0 0 1 1 0 1 0 0 1 0 0 0 0 0
20	4	1 0 0 0 0 0 0 1 0 0 1 0 0 0 0 0
20	4	1 0 0 0 1 0 0 0 1 0 0 1 0 0 0 0
20	2	0 0 0 1 0 0 0 1 0 1 0 1 1 0 0 0
20	12	1 0 0 1 0 1 0 1 0 1 0 0 1 0 0 0
20	1	1 0 0 1 0 0 0 1 0 1 0 1 0 0 0 0
20	2	1 0 1 0 0 0 1 0 1 1 0 0 1 0 0 0
20	2	1 0 0 0 0 0 0 1 0 1 0 0 1 0 0 0
20	7	0 0 0 1 1 0 0 1 0 1 0 0 1 0 0 0
20	1	0 0 0 0 1 0 0 1 0 1 0 0 1 0 0 0
20	1	1 0 1 0 0 0 0 0 1 0 0 1 0 0 0 0
20	1	1 0 0 0 1 0 0 1 0 0 0 0 0 1 0 0
20	2	1 1 1 0 0 0 1 0 1 0 0 1 0 0 0 0
20	3	1 0 1 0 1 0 0 1 0 0 1 0 0 1 0 0
20	1	0 0 0 0 1 0 0 1 1 0 1 0 0 0 0 0
30	186	1 0 0 1 0 0 0 1 0 1 0 0 1 0 0 0
30	300	1 0 1 0 0 0 1 0 1 0 0 1 0 0 0 0
30	93	1 0 0 0 1 0 0 1 0 0 1 0 0 0 0 0
30	1	1 0 0 0 0 0 0 0 1 1 0 0 0 1 1 1
30	4	1 0 0 0 0 0 1 0 1 0 0 1 0 0 0 0
30	8	0 0 0 1 0 0 0 1 0 1 0 0 1 0 0 0
30	19	1 0 1 1 0 0 0 1 0 1 0 0 1 0 0 0
30	20	1 0 1 0 0 0 1 0 1 0 1 1 0 0 0 0
30	11	1 0 0 0 1 0 0 1 0 1 1 0 0 0 0 0
30	17	0 0 0 0 1 0 0 1 0 0 1 0 0 0 0 0
30	10	1 0 0 1 0 0 0 1 0 1 0 0 0 0 0 0
30	8	1 0 0 1 0 0 0 0 1 0 0 1 0 0 0 0
30	8	1 0 0 1 1 0 0 1 0 0 1 0 0 0 0 0
30	4	1 0 1 0 0 0 1 0 1 0 1 0 0 0 0 0
30	6	1 0 0 1 0 0 0 1 0 0 1 0 0 0 0 0
30	1	1 0 1 0 0 0 1 1 1 0 0 1 0 0 0 0
30	5	1 0 0 0 1 0 0 1 0 0 1 0 0 1 0 0
30	18	1 0 0 1 0 0 0 1 0 1 0 1 1 0 0 0
30	11	1 0 0 1 0 0 0 1 0 1 1 0 1 0 0 0
30	5	1 0 0 1 0 0 0 1 1 1 0 0 1 0 0 0
30	14	1 0 1 0 0 0 1 0 1 0 0 1 0 0 0 1
30	7	1 0 0 1 0 0 0 1 0 1 0 0 1 1 0 0
30	2	1 0 1 0 0 0 1 0 1 0 0 1 1 0 0 0
30	31	1 0 1 0 0 0 1 0 0 0 0 1 0 0 0 0
30	1	1 0 0 0 1 0 0 1 1 0 1 0 0 0 0 0
30	1	1 0 0 0 1 0 0 1 0 0 1 1 0 0 0 0
30	14	1 0 1 0 0 0 1 0 1 0 0 1 0 0 1 0
30	6	0 0 0 1 0 0 0 1 0 1 0 1 1 0 0 0
30	36	1 0 0 1 0 1 0 1 0 1 0 0 1 0 0 0
30	5	1 0 1 0 0 0 1 0 1 1 0 0 1 0 0 0
30	3	1 1 1 0 0 0 1 0 1 0 0 1 0 0 0 0
30	7	1 0 0 1 0 0 0 1 0 1 0 1 0 0 0 0
30	1	1 0 0 0 1 0 0 1 0 1 0 0 1 0 0 0
30	8	1 0 0 1 0 1 0 1 0 0 1 0 0 0 0 0
30	2	1 0 1 0 0 0 1 0 1 1 1 0 0 0 0 0
30	5	1 0 0 1 0 0 0 1 0 0 1 0 0 1 0 0
30	7	1 0 1 0 0 0 1 0 0 0 1 1 0 0 0 0
30	2	0 0 0 1 0 0 0 1 0 1 0 0 1 1 0 0
30	3	1 0 0 1 1 0 0 1 0 1 0 0 1 0 0 0
30	7	0 0 1 0 0 0 1 0 1 0 0 1 0 0 0 0
30	12	1 0 1 1 0 0 0 0 0 1 0 0 1 0 0 0
30	3	0 0 1 0 0 0 1 0 1 0 0 1 0 0 1 0
30	4	1 0 0 1 0 0 1 0 1 0 0 1 0 0 0 0
30	1	1 0 0 1 0 0 0 1 0 0 0 1 0 0 0 0
30	2	1 0 1 0 0 0 1 0 1 0 0 0 0 0 0 0
30	5	1 0 0 0 1 0 0 1 1 1 1 0 0 0 0 0
30	2	1 0 0 1 0 0 0 1 1 1 1 0 1 0 0 0
30	5	1 0 0 1 1 0 0 1 0 1 0 0 1 1 0 0
30	1	1 0 1 0 0 0 1 1 0 1 0 0 1 0 0 0
30	3	1 0 0 1 0 0 1 1 0 1 0 0 1 0 0 0
30	1	1 0 1 1 0 0 0 1 0 1 0 0 1 1 0 0
30	5	1 0 0 0 0 1 0 1 0 1 0 0 1 0 0 0
30	7	0 0 0 1 0 0 1 0 1 0 0 1 0 0 0 0
30	2	1 0 0 0 1 0 0 0 0 0 1 0 0 0 0 0
30	2	1 1 0 1 0 0 0 1 0 1 0 1 1 0 0 0
30	6	1 0 1 1 0 0 0 1 0 1 0 1 1 0 0 0
30	1	1 0 0 1 0 0 0 1 1 1 0 0 1 0 1 0
30	4	1 0 1 0 0 0 1 0 0 1 0 0 1 0 0 0
30	3	1 0 0 0 0 0 1 0 0 0 0 1 0 0 0 0
30	1	1 0 1 0 1 0 0 1 0 0 1 0 0 0 0 0
30	1	1 0 1 0 0 0 0 1 0 1 0 0 1 1 0 0
30	5	1 0 0 0 1 0 0 1 0 0 1 0 0 0 0 1
30	2	1 0 0 0 0 0 0 1 0 1 0 1 1 0 0 0
30	3	1 0 1 0 0 0 1 0 0 0 0 1 0 1 0 0
30	3	1 0 1 0 0 0 1 0 1 1 0 0 0 0 0 0
30	2	1 0 1 0 0 0 1 0 1 0 0 0 1 0 0 0
30	2	1 0 1 1 0 0 0 1 0 0 0 1 0 0 0 0
30	4	1 0 0 0 0 0 1 0 0 1 0 0 1 0 0 0
30	2	1 0 0 0 0 0 0 1 0 1 0 0 1 0 0 0
30	1	1 0 1 0 0 0 0 0 1 0 0 1 0 0 0 0
30	3	1 0 1 1 0 0 1 0 0 0 0 1 0 0 0 0
30	2	1 0 1 0 0 0 1 0 1 1 1 0 1 0 0 0
30	1	1 0 0 1 1 0 0 1 0 1 0 1 1 1 0 0
30	1	1 0 1 1 0 0 0 1 0 0 1 0 1 0 0 0
30	1	0 0 0 0 1 0 0 1 0 0 1 0 0 0 0 1
40	116	1 0 0 1 0 0 0 1 0 1 0 0 1 0 0 0
40	240	1 0 1 0 0 0 1 0 1 0 0 1 0 0 0 0
40	51	1 0 0 0 1 0 0 1 0 0 1 0 0 0 0 0
40	10	0 0 0 1 0 0 0 1 0 1 0 0 1 0 0 0
40	31	1 0 1 1 0 0 0 1 0 1 0 0 1 0 0 0
40	30	1 0 1 0 0 0 1 0 1 0 1 1 0 0 0 0
40	17	1 0 0 0 1 0 0 1 0 1 1 0 0 0 0 0
40	1	0 0 0 0 1 0 0 1 0 0 1 0 0 0 0 0
40	5	1 0 0 1 0 0 0 1 0 1 0 0 0 0 0 0
40	13	1 0 0 1 1 0 0 1 0 0 1 0 0 0 0 0
40	1	1 0 1 0 0 0 1 0 1 0 1 0 0 0 0 0
40	4	1 0 0 1 0 0 0 1 0 0 1 0 0 0 0 0
40	31	1 0 1 0 0 0 1 1 1 0 0 1 0 0 0 0
40	7	1 0 0 0 1 0 0 1 0 0 1 0 0 1 0 0
40	7	1 0 0 1 0 0 0 1 0 1 0 1 1 0 0 0
40	2	1 0 0 1 0 0 0 1 0 1 1 0 1 0 0 0
40	32	1 0 1 0 0 0 1 0 1 0 0 1 0 0 0 1
40	2	1 0 0 1 0 0 0 1 0 1 0 0 1 1 0 0
40	12	1 0 1 0 0 0 1 0 1 0 0 1 1 0 0 0
40	42	1 0 1 0 0 0 1 0 0 0 0 1 0 0 0 0
40	3	1 0 0 0 1 0 0 1 1 0 1 0 0 0 0 0
40	17	1 0 1 0 0 0 1 0 1 0 0 1 0 0 1 0
40	28	1 0 0 1 0 1 0 1 0 1 0 0 1 0 0 0
40	2	1 0 1 0 0 0 1 0 1 1 0 0 1 0 0 0
40	5	1 1 1 0 0 0 1 0 1 0 0 1 0 0 0 0
40	2	1 0 0 1 0 0 0 1 0 1 0 1 0 0 0 0
40	14	1 0 0 1 0 1 0 1 0 0 1 0 0 0 0 0
40	4	1 0 1 0 0 0 1 0 1 1 1 0 0 0 0 0
40	9	1 0 1 0 0 0 1 0 0 0 1 1 0 0 0 0
40	13	0 0 0 1 0 0 0 1 0 1 0 0 1 1 0 0
40	19	0 0 1 0 0 0 1 0 1 0 0 1 0 0 0 0
40	23	1 0 0 1 0 0 1 0 1 0 0 1 0 0 0 0
40	18	1 0 1 0 0 0 1 0 1 0 0 0 0 0 0 0
40	7	1 0 0 1 1 0 0 1 0 1 0 0 1 1 0 0
40	1	1 0 0 0 0 1 0 1 0 1 0 0 1 0 0 0
40	6	0 0 0 1 0 0 1 0 1 0 0 1 0 0 0 0
40	13	1 0 0 0 1 0 0 0 0 0 1 0 0 0 0 0
40	4	1 0 1 0 0 0 0 1 0 1 0 0 1 1 0 0
40	1	1 0 0 0 1 0 0 1 0 0 1 0 0 0 0 1
40	4	1 0 1 0 0 0 1 0 0 0 0 1 0 1 0 0
40	1	1 0 1 0 0 0 1 0 1 1 0 0 0 0 0 0
40	6	1 0 1 0 0 0 1 0 1 0 0 0 1 0 0 0
40	4	1 0 0 0 0 0 1 0 0 1 0 0 1 0 0 0
40	3	1 0 1 1 0 0 1 0 0 0 0 1 0 0 0 0
40	9	1 0 1 0 0 0 1 0 1 1 1 0 1 0 0 0
40	10	1 0 0 1 0 1 1 1 0 0 1 0 0 0 0 0
40	5	1 1 0 1 0 0 0 1 0 1 0 0 1 0 0 0
40	6	1 0 1 0 0 0 1 0 1 0 0 1 0 0 1 1
40	4	1 0 1 0 0 1 1 0 1 0 0 1 0 0 0 0
40	15	1 0 0 1 1 0 0 1 0 0 1 1 0 0 0 0
40	5	1 0 0 1 0 0 1 1 0 1 0 0 1 1 0 0
40	12	1 0 1 0 1 0 1 0 1 0 0 1 0 0 0 0
40	1	1 0 1 1 0 0 1 0 1 0 0 1 0 0 0 0
40	4	1 0 1 0 0 0 1 0 1 0 0 1 0 1 0 0
40	2	1 0 0 0 1 0 0 1 0 0 1 0 0 1 1 0
40	4	1 0 0 0 0 0 1 0 0 0 0 1 0 0 0 0
40	2	1 0 0 0 1 0 0 1 1 1 1 0 0 1 0 0
40	3	1 0 1 0 0 1 0 1 0 1 0 0 1 1 0 0
40	3	1 0 1 0 0 0 1 1 0 1 0 0 1 1 0 0
40	3	1 1 1 0 0 0 1 0 0 0 0 1 0 1 0 0
40	5	1 0 1 0 0 0 0 1 0 1 0 0 1 0 0 0
40	4	1 0 0 0 1 0 0 1 1 0 0 1 0 0 0 0
40	6	1 0 0 1 0 0 0 1 0 1 0 0 1 0 0 1
40	1	1 0 0 0 1 0 0 1 0 0 0 1 0 0 0 0
40	3	1 0 0 1 0 0 0 1 0 0 1 0 0 1 0 0
40	1	1 0 1 0 0 0 1 0 1 1 0 1 0 0 0 0
40	1	1 0 1 1 0 0 0 1 0 1 1 0 1 0 0 0
40	3	1 0 1 0 0 0 1 0 1 0 1 1 0 0 1 0
40	2	1 0 0 1 1 0 1 0 1 1 1 0 1 0 0 0
40	2	1 0 0 1 0 1 0 1 1 0 1 1 0 0 0 0
40	2	1 0 0 0 0 0 1 0 1 0 0 1 0 0 0 0
40	2	1 0 0 1 0 1 1 1 0 1 0 0 1 0 0 0
40	1	1 0 0 1 1 0 0 1 0 0 1 1 1 0 0 0
40	1	1 0 0 0 0 0 1 1 1 0 0 1 0 0 0 0
40	3	1 0 1 0 0 0 1 1 1 0 0 1 1 0 0 0
40	3	0 0 0 1 0 0 0 1 0 0 1 0 0 0 0 0
40	3	1 0 0 1 1 0 0 1 0 0 0 1 0 0 0 0
40	2	1 0 0 1 0 0 0 1 0 1 1 0 0 0 0 0
40	1	1 0 0 1 0 0 0 1 0 1 0 0 1 0 1 0
40	1	1 0 0 0 1 0 0 1 0 0 0 0 0 0 0 0
40	1	0 0 1 0 0 0 0 0 1 0 0 1 0 0 1 0
40	2	1 1 1 1 0 0 0 0 0 0 0 1 0 1 0 0
40	1	1 0 0 1 0 1 1 1 0 1 0 0 1 0 1 0
50	38	1 0 0 1 0 0 0 1 0 1 0 0 1 0 0 0
50	273	1 0 1 0 0 0 1 0 1 0 0 1 0 0 0 0
50	52	1 0 0 0 1 0 0 1 0 0 1 0 0 0 0 0
50	1	0 0 0 1 0 0 0 1 0 1 0 0 1 0 0 0
50	7	1 0 1 1 0 0 0 1 0 1 0 0 1 0 0 0
50	48	1 0 1 0 0 0 1 0 1 0 1 1 0 0 0 0
50	17	1 0 0 0 1 0 0 1 0 1 1 0 0 0 0 0
50	5	1 0 0 1 0 0 0 1 0 1 0 0 0 0 0 0
50	2	1 0 0 1 1 0 0 1 0 0 1 0 0 0 0 0
50	36	1 0 1 0 0 0 1 1 1 0 0 1 0 0 0 0
50	12	1 0 0 0 1 0 0 1 0 0 1 0 0 1 0 0
50	5	1 0 0 1 0 0 0 1 0 1 1 0 1 0 0 0
50	29	1 0 1 0 0 0 1 0 1 0 0 1 0 0 0 1
50	16	1 0 1 0 0 0 1 0 1 0 0 1 1 0 0 0
50	31	1 0 1 0 0 0 1 0 0 0 0 1 0 0 0 0
50	10	1 0 1 0 0 0 1 0 1 0 0 1 0 0 1 0
50	21	1 0 0 1 0 1 0 1 0 1 0 0 1 0 0 0
50	3	1 0 1 0 0 0 1 0 1 1 0 0 1 0 0 0
50	26	1 1 1 0 0 0 1 0 1 0 0 1 0 0 0 0
50	5	1 0 0 1 0 1 0 1 0 0 1 0 0 0 0 0
50	7	1 0 1 0 0 0 1 0 0 0 1 1 0 0 0 0
50	10	0 0 0 1 0 0 0 1 0 1 0 0 1 1 0 0
50	5	0 0 1 0 0 0 1 0 1 0 0 1 0 0 0 0
50	35	1 0 0 1 0 0 1 0 1 0 0 1 0 0 0 0
50	20	1 0 1 0 0 0 1 0 1 0 0 0 0 0 0 0
50	2	1 0 0 1 1 0 0 1 0 1 0 0 1 1 0 0
50	36	1 0 0 0 1 0 0 0 0 0 1 0 0 0 0 0
50	12	1 0 1 0 0 0 0 1 0 1 0 0 1 1 0 0
50	4	1 0 0 0 1 0 0 1 0 0 1 0 0 0 0 1
50	14	1 0 1 0 0 0 1 0 1 0 0 0 1 0 0 0
50	3	1 0 1 0 0 0 1 0 1 1 1 0 1 0 0 0
50	5	1 0 0 1 0 1 1 1 0 0 1 0 0 0 0 0
50	2	1 1 0 1 0 0 0 1 0 1 0 0 1 0 0 0
50	9	1 0 1 0 0 1 1 0 1 0 0 1 0 0 0 0
50	13	1 0 0 1 1 0 0 1 0 0 1 1 0 0 0 0
50	19	1 0 1 0 0 0 1 0 1 0 0 1 0 1 0 0
50	1	1 0 0 0 0 0 1 0 0 0 0 1 0 0 0 0
50	6	1 0 1 0 0 1 0 1 0 1 0 0 1 1 0 0
50	5	1 0 1 0 0 0 0 1 0 1 0 0 1 0 0 0
50	5	1 0 1 0 0 0 1 0 1 1 0 1 0 0 0 0
50	12	1 0 1 1 0 0 0 1 0 1 1 0 1 0 0 0
50	7	0 0 0 1 0 0 0 1 0 0 1 0 0 0 0 0
50	11	1 0 0 1 0 0 0 1 0 1 1 0 0 0 0 0
50	2	1 0 1 0 0 0 1 0 0 1 0 0 1 0 0 0
50	5	0 0 1 0 0 0 1 0 0 0 0 1 0 0 0 0
50	1	1 0 0 1 0 0 0 1 0 1 1 1 0 0 0 0
50	15	1 1 1 1 0 0 0 0 1 0 0 1 0 1 0 0
50	10	0 0 1 0 1 0 1 0 1 0 0 1 0 0 0 0
50	1	0 0 1 1 0 0 1 0 0 0 0 1 0 0 0 0
50	7	1 0 0 1 0 1 0 1 1 0 0 1 0 0 0 0
50	7	1 0 0 0 0 0 1 0 1 0 1 1 0 0 0 0
50	4	1 0 1 0 0 0 1 0 0 0 0 1 0 0 0 1
50	6	0 0 0 1 0 0 0 1 0 0 0 0 1 1 0 0
50	3	1 0 0 1 1 0 1 1 0 0 0 1 0 0 0 0
50	1	1 1 1 0 0 0 1 0 1 0 0 1 0 0 0 1
50	4	0 0 1 0 0 0 1 0 1 0 0 1 0 0 1 0
50	4	1 0 0 1 0 0 0 1 1 1 0 0 1 0 0 0
50	2	1 0 0 1 0 0 1 0 0 0 0 1 0 0 0 0
50	3	1 0 1 0 0 0 1 1 1 0 0 1 0 0 0 1
50	1	1 0 1 0 0 0 0 0 1 0 0 1 0 0 0 1
50	1	1 1 0 1 0 1 0 1 0 1 0 0 1 0 0 0
50	1	1 0 1 1 0 0 1 0 1 0 0 0 0 0 0 0
50	4	1 0 0 0 1 0 0 0 0 1 1 0 0 0 0 0
50	1	1 0 1 0 1 0 0 1 0 0 1 0 0 0 0 0
50	1	1 0 0 1 0 0 1 0 1 0 1 1 0 0 0 0
50	1	1 1 1 0 0 0 1 0 1 0 0 1 0 1 0 0
50	4	1 0 0 0 1 0 0 1 0 0 1 1 0 0 0 0
50	1	1 0 1 0 0 0 1 1 1 0 0 1 1 0 0 0
50	2	1 1 1 0 0 0 1 0 0 0 1 1 0 0 0 0
50	4	1 1 0 0 0 0 0 1 0 1 0 0 1 0 0 0
50	2	1 0 0 0 1 0 0 1 0 0 1 1 0 1 0 0
50	3	1 0 0 1 0 0 0 1 0 1 1 1 0 1 0 0
50	1	1 0 0 1 0 0 1 1 0 0 0 1 0 0 0 0
50	1	1 0 1 0 0 0 0 0 1 0 0 1 0 0 0 0
50	4	1 0 0 0 0 0 1 0 1 0 0 1 0 0 0 0
50	2	1 0 0 0 0 0 1 1 1 0 0 1 0 0 0 0
50	2	1 0 0 0 0 0 1 0 1 0 0 1 0 0 0 1
50	1	1 1 1 0 0 0 1 0 1 0 1 1 0 0 0 0
50	1	1 0 1 0 1 0 0 1 0 0 1 0 0 0 0 1
50	1	1 0 0 0 0 0 1 0 1 0 0 0 1 0 0 0
50	2	1 0 1 0 1 0 0 1 0 1 0 0 1 0 0 0
50	1	1 0 0 1 0 1 0 1 1 0 0 0 0 0 0 0
50	3	1 0 1 0 0 0 1 0 1 0 1 0 0 0 0 0
60	21	1 0 0 1 0 0 0 1 0 1 0 0 1 0 0 0
60	271	1 0 1 0 0 0 1 0 1 0 0 1 0 0 0 0
60	36	1 0 0 0 1 0 0 1 0 0 1 0 0 0 0 0
60	84	1 0 1 0 0 0 1 0 1 0 1 1 0 0 0 0
60	13	1 0 0 0 1 0 0 1 0 1 1 0 0 0 0 0
60	11	1 0 0 1 0 0 0 1 0 1 0 0 0 0 0 0
60	9	1 0 1 0 0 0 1 1 1 0 0 1 0 0 0 0
60	7	1 0 0 0 1 0 0 1 0 0 1 0 0 1 0 0
60	27	1 0 1 0 0 0 1 0 1 0 0 1 0 0 0 1
60	20	1 0 1 0 0 0 1 0 1 0 0 1 1 0 0 0
60	15	1 0 1 0 0 0 1 0 0 0 0 1 0 0 0 0
60	2	1 0 1 0 0 0 1 0 1 0 0 1 0 0 1 0
60	56	1 0 0 1 0 1 0 1 0 1 0 0 1 0 0 0
60	1	1 0 1 0 0 0 1 0 1 1 0 0 1 0 0 0
60	35	1 1 1 0 0 0 1 0 1 0 0 1 0 0 0 0
60	5	0 0 0 1 0 0 0 1 0 1 0 0 1 1 0 0
60	15	0 0 1 0 0 0 1 0 1 0 0 1 0 0 0 0
60	24	1 0 0 1 0 0 1 0 1 0 0 1 0 0 0 0
60	15	1 0 1 0 0 0 1 0 1 0 0 0 0 0 0 0
60	29	1 0 0 0 1 0 0 0 0 0 1 0 0 0 0 0
60	3	1 0 1 0 0 0 0 1 0 1 0 0 1 1 0 0
60	9	1 0 1 0 0 0 1 0 1 0 0 0 1 0 0 0
60	8	1 0 1 0 0 1 1 0 1 0 0 1 0 0 0 0
60	19	1 0 1 0 0 0 1 0 1 0 0 1 0 1 0 0
60	19	1 0 1 0 0 1 0 1 0 1 0 0 1 1 0 0
60	7	1 0 1 0 0 0 0 1 0 1 0 0 1 0 0 0
60	15	1 0 1 0 0 0 1 0 1 1 0 1 0 0 0 0
60	8	1 0 1 1 0 0 0 1 0 1 1 0 1 0 0 0
60	9	0 0 0 1 0 0 0 1 0 0 1 0 0 0 0 0
60	28	1 0 0 1 0 0 0 1 0 1 1 0 0 0 0 0
60	9	0 0 1 0 0 0 1 0 0 0 0 1 0 0 0 0
60	13	1 1 1 1 0 0 0 0 1 0 0 1 0 1 0 0
60	4	0 0 1 0 1 0 1 0 1 0 0 1 0 0 0 0
60	11	1 0 0 0 0 0 1 0 1 0 1 1 0 0 0 0
60	1	1 0 1 0 0 0 1 0 0 0 0 1 0 0 0 1
60	10	0 0 0 1 0 0 0 1 0 0 0 0 1 1 0 0
60	7	1 0 1 0 0 0 1 1 1 0 0 1 0 0 0 1
60	4	1 1 0 1 0 1 0 1 0 1 0 0 1 0 0 0
60	11	1 0 0 0 1 0 0 0 0 1 1 0 0 0 0 0
60	17	1 0 0 1 0 0 0 1 0 1 1 1 0 1 0 0
60	3	1 0 1 0 0 0 0 0 1 0 0 1 0 0 0 0
60	3	1 0 1 0 0 0 1 0 1 0 1 0 0 0 0 0
60	2	1 0 1 0 0 0 1 0 0 1 1 0 1 0 0 0
60	1	1 1 0 0 1 0 0 1 0 0 1 0 0 0 0 0
60	4	1 0 0 1 0 0 0 1 0 1 1 0 0 0 0 1
60	2	1 0 0 0 0 1 0 1 0 1 0 0 1 1 0 0
60	1	1 0 1 0 0 0 1 1 0 0 0 0 1 1 0 0
60	5	1 0 1 0 0 0 1 0 1 0 0 1 1 1 0 0
60	3	0 0 1 0 0 0 1 0 0 0 1 0 0 0 0 0
60	4	1 0 0 1 0 1 1 0 1 0 0 1 0 0 0 0
60	5	1 0 0 0 1 0 0 0 1 0 1 1 0 0 0 0
60	1	1 0 1 1 0 0 0 1 0 1 0 0 1 0 0 1
60	2	1 0 1 0 0 0 0 0 1 0 1 1 0 0 0 0
60	2	1 0 0 0 1 0 1 0 0 0 1 0 0 0 0 1
60	1	1 0 1 0 0 1 1 1 1 0 0 1 0 0 0 1
60	1	1 0 0 0 1 0 0 1 1 0 1 1 0 0 0 0
60	2	1 0 1 0 0 0 0 1 0 1 0 1 0 0 0 0
60	7	1 0 0 1 0 0 0 1 0 1 1 0 1 0 0 0
60	6	1 1 0 1 0 0 0 1 0 1 1 0 0 0 0 0
60	2	1 0 0 0 1 0 0 0 1 0 0 1 0 0 0 0
60	4	1 0 1 0 0 0 1 1 1 0 1 1 0 0 0 0
60	1	1 0 0 0 0 0 0 1 0 0 1 0 0 1 0 0
60	1	1 0 1 0 0 0 1 1 1 0 0 1 1 0 0 0
60	1	1 0 1 0 0 0 1 1 1 1 0 1 0 0 0 0
60	1	1 0 1 0 0 0 0 0 0 0 1 0 0 0 0 0
60	1	1 0 1 0 0 1 0 1 0 1 0 0 1 0 0 0
60	1	1 0 0 0 1 0 0 1 0 0 0 1 0 0 0 0
60	3	0 0 0 1 0 0 0 0 1 0 0 1 0 0 0 0
60	1	1 0 1 1 0 0 1 0 1 0 0 1 0 0 0 0
60	2	1 0 1 0 1 0 0 1 0 0 1 0 0 0 0 0
60	3	1 1 0 1 0 0 0 1 0 1 0 0 0 0 0 0
60	1	1 0 0 1 0 1 0 1 0 1 0 0 1 0 1 0
60	3	1 0 0 1 0 1 0 1 0 1 0 0 1 0 0 1
60	2	1 0 1 0 0 0 1 0 1 0 1 1 0 1 0 0
60	4	1 1 1 0 0 0 1 0 1 0 0 1 0 1 0 0
60	2	1 0 1 0 0 1 0 1 0 1 0 1 1 1 0 0
60	1	1 0 1 0 0 1 0 1 0 1 0 0 1 1 1 0
60	1	0 1 0 1 0 0 0 1 0 0 1 0 0 0 0 0
60	2	0 0 1 0 0 0 1 1 0 0 0 0 1 1 0 0
70	2	1 0 0 1 0 0 0 1 0 1 0 0 1 0 0 0
70	246	1 0 1 0 0 0 1 0 1 0 0 1 0 0 0 0
70	44	1 0 0 0 1 0 0 1 0 0 1 0 0 0 0 0
70	36	1 0 1 0 0 0 1 0 1 0 1 1 0 0 0 0
70	39	1 0 0 0 1 0 0 1 0 1 1 0 0 0 0 0
70	1	1 0 0 1 0 0 0 1 0 1 0 0 0 0 0 0
70	19	1 0 1 0 0 0 1 1 1 0 0 1 0 0 0 0
70	18	1 0 1 0 0 0 1 0 1 0 0 1 0 0 0 1
70	36	1 0 1 0 0 0 1 0 1 0 0 1 1 0 0 0
70	17	1 0 1 0 0 0 1 0 0 0 0 1 0 0 0 0
70	75	1 0 0 1 0 1 0 1 0 1 0 0 1 0 0 0
70	48	1 1 1 0 0 0 1 0 1 0 0 1 0 0 0 0
70	23	0 0 1 0 0 0 1 0 1 0 0 1 0 0 0 0
70	39	1 0 0 1 0 0 1 0 1 0 0 1 0 0 0 0
70	35	1 0 1 0 0 0 1 0 1 0 0 0 0 0 0 0
70	29	1 0 0 0 1 0 0 0 0 0 1 0 0 0 0 0
70	11	1 0 1 0 0 0 1 0 1 0 0 1 0 1 0 0
70	13	1 0 1 0 0 1 0 1 0 1 0 0 1 1 0 0
70	6	1 0 1 0 0 0 0 1 0 1 0 0 1 0 0 0
70	11	1 0 1 0 0 0 1 0 1 1 0 1 0 0 0 0
70	7	1 0 1 1 0 0 0 1 0 1 1 0 1 0 0 0
70	12	1 0 0 1 0 0 0 1 0 1 1 0 0 0 0 0
70	4	0 0 1 0 1 0 1 0 1 0 0 1 0 0 0 0
70	3	0 0 0 1 0 0 0 1 0 0 0 0 1 1 0 0
70	10	1 1 0 1 0 1 0 1 0 1 0 0 1 0 0 0
70	2	1 0 0 0 1 0 0 0 0 1 1 0 0 0 0 0
70	3	1 0 0 1 0 0 0 1 0 1 1 1 0 1 0 0
70	4	1 0 1 0 0 0 0 0 1 0 0 1 0 0 0 0
70	8	1 0 1 0 0 0 1 0 0 1 1 0 1 0 0 0
70	4	1 0 1 0 0 0 1 0 1 0 0 1 1 1 0 0
70	3	0 0 1 0 0 0 1 0 0 0 1 0 0 0 0 0
70	15	1 0 0 0 1 0 0 0 1 0 1 1 0 0 0 0
70	6	1 0 1 0 0 0 0 1 0 1 0 1 0 0 0 0
70	18	1 0 0 1 0 0 0 1 0 1 1 0 1 0 0 0
70	5	1 0 1 0 0 0 1 1 1 0 1 1 0 0 0 0
70	2	1 0 1 0 0 0 1 1 1 0 0 1 1 0 0 0
70	15	1 0 1 1 0 0 1 0 1 0 0 1 0 0 0 0
70	1	1 0 1 0 1 0 0 1 0 0 1 0 0 0 0 0
70	1	1 1 1 0 0 0 1 0 1 0 0 1 0 1 0 0
70	2	1 0 1 0 0 1 0 1 0 1 0 1 1 1 0 0
70	16	0 0 1 0 0 0 1 1 1 0 0 1 0 0 0 0
70	1	1 0 0 0 1 0 0 1 0 0 0 1 0 0 0 0
70	7	1 0 1 0 0 0 1 1 0 1 0 0 1 0 0 0
70	7	1 0 1 0 1 0 1 0 1 0 0 1 0 0 0 0
70	4	1 0 1 1 0 0 0 1 1 1 1 0 0 0 0 0
70	2	1 0 1 0 0 0 1 0 1 1 1 1 0 0 0 0
70	4	1 0 0 1 0 1 0 1 0 1 0 0 1 0 0 1
70	5	0 0 1 0 0 1 1 0 0 0 1 0 0 0 0 0
70	1	1 0 1 0 0 0 1 1 0 1 1 0 0 0 0 0
70	7	0 0 0 0 1 0 0 0 0 0 1 0 0 0 0 0
70	1	1 0 1 0 0 1 0 1 0 1 0 0 0 1 0 0
70	2	1 0 1 0 0 0 1 1 1 0 0 0 0 0 0 1
70	3	1 0 1 0 0 0 0 0 0 0 0 1 0 0 0 0
70	2	1 0 1 1 0 1 0 1 0 1 0 0 1 0 0 0
70	2	0 0 0 1 0 0 0 1 0 1 1 1 0 1 0 0
70	1	0 0 0 0 1 0 0 1 0 1 1 0 0 0 0 0
70	2	0 0 0 1 0 0 0 0 1 1 0 1 0 0 0 0
70	3	1 0 1 0 1 0 1 0 1 0 1 1 0 0 0 0
70	2	1 0 1 0 1 0 0 1 0 1 0 0 1 0 0 0
70	4	0 0 1 1 0 0 0 1 0 0 0 0 1 1 0 0
70	1	1 0 0 0 1 0 0 0 0 0 1 1 0 1 0 0
70	3	1 0 1 1 0 0 1 1 1 1 1 0 1 0 0 0
70	1	0 0 0 1 0 0 0 1 1 1 0 1 0 0 0 0
70	3	1 1 1 0 0 0 1 0 1 0 0 1 1 0 0 0
70	1	1 0 1 0 0 0 0 1 0 1 0 0 1 1 0 0
70	4	1 0 0 0 1 0 1 1 0 1 0 0 1 0 0 0
70	2	1 0 0 1 1 0 0 1 0 1 1 0 0 0 0 0
70	2	1 0 0 0 0 0 1 0 1 0 1 1 0 0 0 0
70	3	1 0 1 0 0 0 1 0 1 0 1 1 0 0 0 1
70	2	1 0 0 0 1 0 0 1 1 1 1 0 0 0 0 0
70	8	0 0 1 0 0 0 1 0 0 0 0 1 0 0 0 0
70	1	1 0 0 1 0 1 0 1 0 1 1 0 1 0 0 1
70	1	1 0 0 0 1 0 0 1 0 0 1 1 0 0 0 0
70	2	1 0 1 0 1 0 1 0 1 0 0 1 1 1 0 0
70	1	1 0 1 0 1 0 1 0 1 0 0 1 1 0 0 0
70	2	1 0 1 0 0 1 1 0 1 0 0 1 0 0 0 0
70	1	1 0 1 0 0 0 1 0 1 0 0 1 0 0 1 0
70	1	1 0 0 0 0 0 0 1 0 1 1 0 0 0 0 0
70	1	1 0 0 0 1 0 0 1 0 1 0 0 0 0 0 0
70	2	1 0 0 1 0 1 0 0 0 1 0 0 1 0 0 0
70	1	1 1 1 0 0 0 1 0 1 0 0 1 0 0 1 0
70	1	1 0 0 0 0 0 0 0 1 0 0 1 0 0 0 0
70	1	1 0 0 0 0 0 1 1 1 0 1 1 0 0 0 0
70	4	1 0 1 1 0 1 1 0 1 0 0 1 0 0 0 0
70	1	1 1 0 1 0 0 0 1 0 1 0 1 0 0 0 0
70	1	1 0 1 0 0 0 0 1 0 0 1 0 1 0 0 0
80	225	1 0 1 0 0 0 1 0 1 0 0 1 0 0 0 0
80	35	1 0 0 0 1 0 0 1 0 0 1 0 0 0 0 0
80	38	1 0 1 0 0 0 1 0 1 0 1 1 0 0 0 0
80	22	1 0 0 0 1 0 0 1 0 1 1 0 0 0 0 0
80	13	1 0 1 0 0 0 1 1 1 0 0 1 0 0 0 0
80	24	1 0 1 0 0 0 1 0 1 0 0 1 0 0 0 1
80	29	1 0 1 0 0 0 1 0 1 0 0 1 1 0 0 0
80	5	1 0 1 0 0 0 1 0 0 0 0 1 0 0 0 0
80	60	1 0 0 1 0 1 0 1 0 1 0 0 1 0 0 0
80	56	1 1 1 0 0 0 1 0 1 0 0 1 0 0 0 0
80	6	0 0 1 0 0 0 1 0 1 0 0 1 0 0 0 0
80	30	1 0 0 1 0 0 1 0 1 0 0 1 0 0 0 0
80	74	1 0 1 0 0 0 1 0 1 0 0 0 0 0 0 0
80	22	1 0 0 0 1 0 0 0 0 0 1 0 0 0 0 0
80	6	1 0 1 0 0 0 1 0 1 0 0 1 0 1 0 0
80	11	1 0 1 0 0 1 0 1 0 1 0 0 1 1 0 0
80	17	1 0 1 0 0 0 1 0 1 1 0 1 0 0 0 0
80	4	1 0 1 1 0 0 0 1 0 1 1 0 1 0 0 0
80	5	1 0 0 1 0 0 0 1 0 1 1 0 0 0 0 0
80	7	0 0 1 0 1 0 1 0 1 0 0 1 0 0 0 0
80	4	1 1 0 1 0 1 0 1 0 1 0 0 1 0 0 0
80	1	1 0 1 0 0 0 1 0 0 1 1 0 1 0 0 0
80	2	0 0 1 0 0 0 1 0 0 0 1 0 0 0 0 0
80	12	1 0 0 0 1 0 0 0 1 0 1 1 0 0 0 0
80	23	1 0 0 1 0 0 0 1 0 1 1 0 1 0 0 0
80	11	1 0 1 0 0 0 1 1 1 0 1 1 0 0 0 0
80	14	1 0 1 1 0 0 1 0 1 0 0 1 0 0 0 0
80	13	0 0 1 0 0 0 1 1 1 0 0 1 0 0 0 0
80	14	1 0 1 0 0 0 1 1 0 1 0 0 1 0 0 0
80	1	1 0 1 1 0 0 0 1 1 1 1 0 0 0 0 0
80	3	0 0 0 0 1 0 0 0 0 0 1 0 0 0 0 0
80	1	1 0 1 0 1 0 0 1 0 1 0 0 1 0 0 0
80	33	1 0 1 1 0 0 1 1 1 1 1 0 1 0 0 0
80	3	1 0 0 0 1 0 1 1 0 1 0 0 1 0 0 0
80	16	1 0 1 0 0 0 1 0 1 0 1 1 0 0 0 1
80	14	0 0 1 0 0 0 1 0 0 0 0 1 0 0 0 0
80	4	1 0 1 0 0 1 1 0 1 0 0 1 0 0 0 0
80	12	1 0 1 0 0 0 1 0 1 0 0 1 0 0 1 0
80	10	1 1 0 1 0 0 0 1 0 1 0 1 0 0 0 0
80	5	1 0 1 0 0 0 1 0 1 1 1 0 0 0 0 0
80	9	1 0 1 0 0 1 0 0 1 0 0 1 0 0 0 0
80	2	1 1 1 0 0 0 1 0 1 0 0 1 0 1 0 0
80	11	1 0 1 0 0 0 1 0 1 0 0 1 1 0 0 1
80	4	1 1 1 0 0 0 1 1 0 1 0 0 1 0 0 0
80	13	1 0 1 1 0 0 1 0 1 0 0 1 0 0 1 0
80	1	1 0 0 1 0 1 0 1 0 1 0 0 1 1 0 0
80	1	1 0 1 0 0 0 1 0 1 0 0 0 1 0 0 0
80	4	1 1 0 1 0 1 0 1 0 1 0 0 1 0 0 1
80	4	1 1 0 1 0 0 0 0 0 1 0 0 0 0 0 0
80	3	1 0 0 0 0 0 1 0 1 0 0 1 0 0 0 0
80	8	1 0 1 1 0 0 1 0 1 0 1 0 0 0 0 0
80	1	1 1 1 0 0 0 1 0 1 0 0 1 0 0 0 1
80	2	1 0 0 0 0 0 1 0 1 0 0 0 0 0 0 0
80	2	1 0 1 0 0 0 1 0 0 1 1 1 0 0 0 0
80	1	1 0 1 1 0 0 1 1 1 1 1 0 1 1 0 0
80	1	0 0 1 1 0 0 1 1 1 1 1 0 1 0 0 0
80	11	1 0 0 1 0 1 0 0 1 0 0 1 0 0 0 0
80	1	1 0 0 0 1 0 0 0 0 0 0 1 0 0 0 0
80	1	1 0 0 0 1 0 0 0 0 1 1 0 1 0 0 0
80	2	1 0 0 1 0 0 0 1 0 1 0 0 1 0 0 0
80	3	1 1 1 0 0 1 1 0 1 0 0 1 0 0 0 0
80	4	0 0 1 0 1 0 1 1 1 0 0 1 0 0 0 0
80	2	1 0 1 0 0 0 1 0 0 1 1 0 0 0 0 0
80	4	1 0 0 0 1 1 0 0 1 0 1 1 0 0 0 0
80	1	1 0 1 0 0 0 1 0 0 0 0 1 0 0 1 0
80	3	1 0 0 1 0 0 1 0 1 0 0 0 0 0 0 0
80	1	1 0 1 1 0 0 1 1 1 0 0 1 0 0 1 0
80	1	1 0 1 0 0 0 1 0 1 0 1 0 0 0 0 0
80	2	1 1 1 0 0 0 1 0 1 0 0 1 0 0 1 0
80	1	1 0 1 0 0 0 0 0 0 0 1 0 0 0 0 0
80	4	1 1 1 0 0 0 1 0 1 0 1 1 0 0 0 0
80	1	1 0 0 0 1 0 0 0 0 1 1 0 1 0 0 1
80	1	1 0 1 0 0 1 1 0 1 0 1 1 0 0 0 0
80	1	1 0 0 0 1 0 0 0 0 1 1 0 0 0 0 0
80	1	1 1 1 0 0 0 1 1 1 0 0 1 0 0 0 0
80	2	1 0 0 1 0 1 0 1 0 1 0 0 1 0 1 0
80	1	1 1 1 0 0 0 1 0 1 0 0 0 0 0 0 0
90	192	1 0 1 0 0 0 1 0 1 0 0 1 0 0 0 0
90	21	1 0 0 0 1 0 0 1 0 0 1 0 0 0 0 0
90	50	1 0 1 0 0 0 1 0 1 0 1 1 0 0 0 0
90	5	1 0 0 0 1 0 0 1 0 1 1 0 0 0 0 0
90	5	1 0 1 0 0 0 1 1 1 0 0 1 0 0 0 0
90	21	1 0 1 0 0 0 1 0 1 0 0 1 1 0 0 0
90	80	1 0 0 1 0 1 0 1 0 1 0 0 1 0 0 0
90	53	1 1 1 0 0 0 1 0 1 0 0 1 0 0 0 0
90	22	0 0 1 0 0 0 1 0 1 0 0 1 0 0 0 0
90	72	1 0 0 1 0 0 1 0 1 0 0 1 0 0 0 0
90	75	1 0 1 0 0 0 1 0 1 0 0 0 0 0 0 0
90	11	1 0 0 0 1 0 0 0 0 0 1 0 0 0 0 0
90	14	1 0 1 0 0 0 1 0 1 1 0 1 0 0 0 0
90	3	1 0 0 1 0 0 0 1 0 1 1 0 0 0 0 0
90	7	1 0 1 0 0 0 1 0 0 1 1 0 1 0 0 0
90	2	1 0 0 0 1 0 0 0 1 0 1 1 0 0 0 0
90	22	1 0 0 1 0 0 0 1 0 1 1 0 1 0 0 0
90	2	1 0 1 0 0 0 1 1 1 0 1 1 0 0 0 0
90	8	1 0 1 1 0 0 1 0 1 0 0 1 0 0 0 0
90	14	0 0 1 0 0 0 1 1 1 0 0 1 0 0 0 0
90	7	1 0 1 0 0 0 1 1 0 1 0 0 1 0 0 0
90	32	1 0 1 1 0 0 1 1 1 1 1 0 1 0 0 0
90	16	1 0 1 0 0 0 1 0 1 0 1 1 0 0 0 1
90	14	0 0 1 0 0 0 1 0 0 0 0 1 0 0 0 0
90	1	1 0 1 0 0 1 1 0 1 0 0 1 0 0 0 0
90	4	1 0 1 0 0 0 1 0 1 0 0 1 0 0 1 0
90	15	1 0 1 0 0 0 1 0 1 1 1 0 0 0 0 0
90	4	1 0 1 0 0 1 0 0 1 0 0 1 0 0 0 0
90	7	1 1 1 0 0 0 1 0 1 0 0 1 0 1 0 0
90	4	1 0 1 0 0 0 1 0 1 0 0 1 1 0 0 1
90	6	1 1 1 0 0 0 1 1 0 1 0 0 1 0 0 0
90	11	1 0 1 1 0 0 1 0 1 0 0 1 0 0 1 0
90	9	1 1 0 1 0 1 0 1 0 1 0 0 1 0 0 1
90	1	1 1 0 1 0 0 0 0 0 1 0 0 0 0 0 0
90	11	1 0 1 1 0 0 1 0 1 0 1 0 0 0 0 0
90	28	1 0 0 1 0 1 0 0 1 0 0 1 0 0 0 0
90	8	0 0 1 0 1 0 1 1 1 0 0 1 0 0 0 0
90	1	1 0 0 0 1 1 0 0 1 0 1 1 0 0 0 0
90	6	1 0 1 1 0 0 1 1 1 0 0 1 0 0 1 0
90	9	1 0 0 0 1 0 0 0 0 1 1 0 0 0 0 0
90	1	1 0 1 0 0 0 1 1 0 1 0 0 0 0 0 0
90	1	1 0 1 0 1 0 0 1 0 1 1 0 0 0 0 0
90	4	0 0 1 0 0 0 1 0 0 0 0 1 1 0 0 0
90	2	1 0 1 0 0 0 1 0 0 1 0 1 0 0 0 0
90	7	1 0 0 0 1 0 0 1 0 1 1 1 0 0 0 0
90	1	0 0 1 0 0 0 1 1 1 0 1 1 0 0 0 0
90	5	0 0 1 0 0 0 1 0 0 0 0 0 0 0 0 0
90	6	1 0 0 1 0 1 0 1 0 1 0 1 0 0 0 0
90	9	1 0 0 1 0 0 1 1 1 0 0 1 0 0 0 0
90	3	1 0 0 0 0 0 1 0 1 0 0 0 0 0 0 0
90	1	1 0 1 0 1 0 1 1 1 0 0 1 0 0 0 0
90	7	0 0 1 0 0 0 0 0 0 0 1 0 0 0 0 0
90	4	1 0 0 1 0 0 1 1 0 1 1 0 1 0 0 0
90	2	1 0 1 1 0 0 0 0 1 0 1 0 0 0 0 0
90	2	1 0 1 1 0 0 1 1 0 1 0 0 0 0 0 0
90	2	1 0 1 0 0 0 1 0 0 0 0 0 0 0 0 0
90	7	0 0 0 1 0 0 0 1 0 1 1 0 0 0 0 0
90	2	1 0 1 1 0 0 1 0 1 0 0 1 0 0 1 1
90	5	1 0 1 0 0 0 1 0 1 1 1 1 0 0 0 0
90	2	1 1 1 0 0 0 1 0 1 1 0 1 0 0 0 0
90	6	1 0 1 0 1 0 1 0 1 1 1 0 0 0 0 0
90	4	0 0 1 0 0 0 1 1 0 0 0 1 1 0 0 0
90	2	1 1 1 0 0 0 1 0 1 0 0 1 0 0 1 0
90	1	1 0 1 1 0 0 0 0 1 0 0 1 0 0 0 1
90	5	1 0 1 0 0 0 0 0 1 0 0 1 0 0 0 0
90	4	1 0 1 0 0 0 1 0 0 0 0 1 0 0 0 0
90	2	1 0 1 0 0 0 1 0 1 0 0 0 0 0 0 1
90	8	1 0 1 0 0 0 1 0 1 0 1 0 0 0 0 0
90	2	1 1 0 1 0 0 0 1 0 1 1 0 1 0 0 0
90	3	0 1 1 0 0 0 1 1 0 0 0 1 1 0 0 0
90	1	0 0 1 0 0 0 1 0 0 1 1 0 1 0 0 0
90	2	1 0 0 1 0 1 0 0 1 0 1 1 0 0 0 0
90	2	1 0 0 0 0 0 1 0 1 0 0 1 0 0 0 0
90	1	1 1 1 0 0 0 1 0 1 0 0 1 0 0 0 1
90	3	0 0 0 0 0 0 1 0 1 0 0 1 0 0 0 0
90	3	1 0 0 1 0 0 1 0 1 0 0 1 1 0 0 0
90	1	0 1 1 0 0 0 1 0 0 0 0 1 0 0 0 0
90	2	0 0 1 0 1 0 1 1 1 0 0 1 0 0 0 1
90	1	1 0 1 0 1 0 1 0 1 1 1 0 0 0 0 1
90	1	1 0 1 0 1 0 1 0 1 0 0 1 1 1 0 0
100	111	1 0 1 0 0 0 1 0 1 0 0 1 0 0 0 0
100	19	1 0 0 0 1 0 0 1 0 0 1 0 0 0 0 0
100	41	1 0 1 0 0 0 1 0 1 0 1 1 0 0 0 0
100	7	1 0 1 0 0 0 1 0 1 0 0 1 1 0 0 0
100	80	1 0 0 1 0 1 0 1 0 1 0 0 1 0 0 0
100	31	1 1 1 0 0 0 1 0 1 0 0 1 0 0 0 0
100	19	0 0 1 0 0 0 1 0 1 0 0 1 0 0 0 0
100	84	1 0 0 1 0 0 1 0 1 0 0 1 0 0 0 0
100	59	1 0 1 0 0 0 1 0 1 0 0 0 0 0 0 0
100	22	1 0 0 0 1 0 0 0 0 0 1 0 0 0 0 0
100	27	1 0 1 0 0 0 1 0 1 1 0 1 0 0 0 0
100	1	1 0 0 0 1 0 0 0 1 0 1 1 0 0 0 0
100	21	1 0 0 1 0 0 0 1 0 1 1 0 1 0 0 0
100	1	1 0 1 0 0 0 1 1 1 0 1 1 0 0 0 0
100	5	1 0 1 1 0 0 1 0 1 0 0 1 0 0 0 0
100	24	0 0 1 0 0 0 1 1 1 0 0 1 0 0 0 0
100	3	1 0 1 0 0 0 1 1 0 1 0 0 1 0 0 0
100	40	1 0 1 1 0 0 1 1 1 1 1 0 1 0 0 0
100	4	1 0 1 0 0 0 1 0 1 0 1 1 0 0 0 1
100	11	0 0 1 0 0 0 1 0 0 0 0 1 0 0 0 0
100	14	1 0 1 0 0 1 1 0 1 0 0 1 0 0 0 0
100	18	1 0 1 0 0 0 1 0 1 1 1 0 0 0 0 0
100	7	1 1 1 0 0 0 1 0 1 0 0 1 0 1 0 0
100	4	1 0 1 0 0 0 1 0 1 0 0 1 1 0 0 1
100	8	1 0 1 1 0 0 1 0 1 0 0 1 0 0 1 0
100	8	1 0 1 1 0 0 1 0 1 0 1 0 0 0 0 0
100	17	1 0 0 1 0 1 0 0 1 0 0 1 0 0 0 0
100	8	0 0 1 0 1 0 1 1 1 0 0 1 0 0 0 0
100	6	1 0 1 1 0 0 1 1 1 0 0 1 0 0 1 0
100	10	1 0 0 0 1 0 0 0 0 1 1 0 0 0 0 0
100	1	0 0 1 0 0 0 1 0 0 0 0 1 1 0 0 0
100	4	1 0 1 0 0 0 1 0 0 1 0 1 0 0 0 0
100	2	1 0 0 0 1 0 0 1 0 1 1 1 0 0 0 0
100	2	0 0 1 0 0 0 1 0 0 0 0 0 0 0 0 0
100	18	1 0 0 1 0 1 0 1 0 1 0 1 0 0 0 0
100	11	1 0 0 0 0 0 1 0 1 0 0 0 0 0 0 0
100	17	1 0 1 1 0 0 1 1 0 1 0 0 0 0 0 0
100	2	0 0 0 1 0 0 0 1 0 1 1 0 0 0 0 0
100	10	1 0 1 1 0 0 1 0 1 0 0 1 0 0 1 1
100	12	1 0 1 0 0 0 1 0 1 1 1 1 0 0 0 0
100	1	0 0 1 0 0 0 1 1 0 0 0 1 1 0 0 0
100	18	1 1 1 0 0 0 1 0 1 0 0 1 0 0 1 0
100	22	1 0 1 0 0 0 0 0 1 0 0 1 0 0 0 0
100	9	1 0 1 0 0 0 1 0 1 0 1 0 0 0 0 0
100	9	1 0 0 1 0 1 0 0 1 0 1 1 0 0 0 0
100	4	0 0 0 0 0 0 1 0 1 0 0 1 0 0 0 0
100	4	0 0 1 0 1 0 1 1 1 0 0 1 0 0 0 1
100	3	1 0 1 0 1 0 1 0 1 0 0 1 1 1 0 0
100	3	1 0 0 0 0 0 0 1 0 1 1 0 0 0 0 0
100	6	1 0 0 1 0 0 1 0 1 0 0 1 0 1 0 0
100	5	1 0 1 0 0 0 1 0 1 0 0 0 1 0 0 0
100	2	1 0 1 0 0 0 0 0 1 0 0 0 0 0 0 0
100	3	1 0 0 1 0 0 1 1 1 1 1 0 1 0 0 0
100	1	1 0 1 1 0 1 1 1 1 1 1 0 1 0 0 0
100	3	1 0 0 0 0 0 1 0 1 1 1 0 0 0 0 0
100	3	1 0 0 1 0 0 0 1 1 0 0 1 0 0 0 0
100	1	1 0 1 0 0 0 1 0 1 0 0 1 0 0 0 1
100	1	1 0 1 0 0 0 1 1 1 1 1 0 1 0 0 0
100	3	1 1 1 0 0 0 1 0 1 0 0 1 1 0 0 0
100	2	1 0 1 1 0 1 0 1 0 1 0 0 1 0 0 0
100	3	1 0 1 1 0 0 1 0 1 0 0 0 0 0 0 0
100	17	1 0 1 1 1 0 1 0 1 0 1 0 0 0 0 0
100	6	1 0 0 0 0 0 0 1 0 1 0 0 0 0 0 0
100	5	1 0 0 1 0 1 0 0 1 0 0 0 0 0 0 0
100	3	1 1 1 0 0 0 1 0 0 0 1 0 0 0 0 0
100	3	1 0 0 1 0 0 1 0 1 1 0 1 0 0 0 0
100	9	1 0 0 0 1 0 1 0 1 0 0 0 0 0 0 0
100	5	1 0 0 0 1 0 0 1 0 0 1 0 1 0 0 0
100	4	1 1 1 0 0 0 1 0 1 1 1 0 0 0 0 1
100	3	0 0 1 0 0 0 1 0 1 0 0 1 0 0 0 1
100	5	1 0 1 1 0 0 1 0 1 0 1 0 0 0 1 0
100	2	1 0 0 0 1 0 0 0 0 1 0 1 0 0 0 0
100	3	1 0 1 1 0 0 0 0 1 0 0 1 0 0 0 0
100	2	0 0 1 0 0 0 1 0 1 0 0 1 1 0 0 0
100	5	1 0 1 1 0 0 1 0 1 0 1 0 1 0 0 0
100	3	1 0 0 1 0 1 0 1 0 0 0 0 1 0 0 0
100	1	1 0 0 1 0 1 0 0 1 0 1 1 0 0 1 0
100	1	1 0 1 0 0 1 1 0 1 0 1 1 0 0 0 0
100	1	1 0 1 0 0 0 1 0 0 0 1 1 0 0 0 0
100	1	1 1 0 1 0 0 1 0 1 0 0 1 0 0 0 0
100	3	1 0 1 1 0 0 0 1 1 1 1 0 1 0 0 0
100	1	1 0 1 1 0 0 1 1 1 0 1 0 1 0 0 0
100	2	1 0 0 0 1 0 0 1 0 1 1 1 1 0 0 0
100	2	1 0 0 1 0 1 0 1 0 1 0 1 1 0 0 0
100	3	1 1 1 0 0 0 0 0 1 0 0 1 0 0 0 0
100	1	1 0 0 0 1 0 0 1 0 1 1 0 0 0 0 0
100	2	1 0 1 1 1 0 1 0 1 1 1 0 0 0 0 0
100	1	1 1 0 0 0 0 0 1 0 1 0 0 0 0 0 0
100	1	1 0 1 0 0 0 1 1 1 0 0 1 0 0 0 0
100	2	0 0 1 0 0 0 1 0 1 1 0 1 0 0 0 0
100	2	1 0 1 0 0 0 1 0 1 0 0 0 0 1 0 0
100	1	1 0 0 0 1 0 0 0 0 0 1 0 1 0 0 0
100	1	0 0 1 0 0 0 0 0 0 0 0 1 0 0 0 0
100	2	1 0 1 0 0 0 1 0 1 1 1 0 0 1 0 0
100	2	1 0 0 0 0 1 0 0 1 0 0 1 0 0 0 0
110	124	1 0 1 0 0 0 1 0 1 0 0 1 0 0 0 0
110	1	1 0 0 0 1 0 0 1 0 0 1 0 0 0 0 0
110	64	1 0 1 0 0 0 1 0 1 0 1 1 0 0 0 0
110	7	1 0 1 0 0 0 1 0 1 0 0 1 1 0 0 0
110	20	1 0 0 1 0 1 0 1 0 1 0 0 1 0 0 0
110	19	1 1 1 0 0 0 1 0 1 0 0 1 0 0 0 0
110	7	0 0 1 0 0 0 1 0 1 0 0 1 0 0 0 0
110	74	1 0 0 1 0 0 1 0 1 0 0 1 0 0 0 0
110	31	1 0 1 0 0 0 1 0 1 0 0 0 0 0 0 0
110	12	1 0 0 0 1 0 0 0 0 0 1 0 0 0 0 0
110	50	1 0 1 0 0 0 1 0 1 1 0 1 0 0 0 0
110	13	1 0 0 1 0 0 0 1 0 1 1 0 1 0 0 0
110	19	1 0 1 1 0 0 1 0 1 0 0 1 0 0 0 0
110	6	0 0 1 0 0 0 1 1 1 0 0 1 0 0 0 0
110	20	1 0 1 1 0 0 1 1 1 1 1 0 1 0 0 0
110	2	0 0 1 0 0 0 1 0 0 0 0 1 0 0 0 0
110	6	1 0 1 0 0 1 1 0 1 0 0 1 0 0 0 0
110	9	1 0 1 0 0 0 1 0 1 1 1 0 0 0 0 0
110	4	1 1 1 0 0 0 1 0 1 0 0 1 0 1 0 0
110	26	1 0 1 0 0 0 1 0 1 0 0 1 1 0 0 1
110	26	1 0 0 1 0 1 0 0 1 0 0 1 0 0 0 0
110	13	0 0 1 0 1 0 1 1 1 0 0 1 0 0 0 0
110	13	1 0 1 1 0 0 1 1 1 0 0 1 0 0 1 0
110	24	1 0 1 0 0 0 1 0 0 1 0 1 0 0 0 0
110	9	1 0 0 1 0 1 0 1 0 1 0 1 0 0 0 0
110	2	0 0 0 1 0 0 0 1 0 1 1 0 0 0 0 0
110	20	1 0 1 1 0 0 1 0 1 0 0 1 0 0 1 1
110	17	1 0 1 0 0 0 1 0 1 1 1 1 0 0 0 0
110	11	1 1 1 0 0 0 1 0 1 0 0 1 0 0 1 0
110	50	1 0 1 0 0 0 0 0 1 0 0 1 0 0 0 0
110	16	1 0 0 1 0 1 0 0 1 0 1 1 0 0 0 0
110	3	1 0 1 0 1 0 1 0 1 0 0 1 1 1 0 0
110	24	1 0 0 1 0 0 1 0 1 0 0 1 0 1 0 0
110	3	1 0 1 0 0 0 1 0 1 0 0 0 1 0 0 0
110	1	1 0 0 1 0 0 0 1 1 0 0 1 0 0 0 0
110	4	1 0 1 0 0 0 1 1 1 1 1 0 1 0 0 0
110	43	1 0 1 1 1 0 1 0 1 0 1 0 0 0 0 0
110	1	1 0 1 1 0 0 1 0 1 0 1 0 0 0 1 0
110	1	1 0 1 1 0 0 0 0 1 0 0 1 0 0 0 0
110	21	1 0 1 1 0 0 1 0 1 0 1 0 1 0 0 0
110	3	1 0 0 1 0 1 0 1 0 0 0 0 1 0 0 0
110	1	1 1 0 1 0 0 1 0 1 0 0 1 0 0 0 0
110	7	1 1 1 0 0 0 0 0 1 0 0 1 0 0 0 0
110	3	0 0 1 0 0 0 1 0 1 1 0 1 0 0 0 0
110	1	1 0 1 1 0 0 0 1 0 1 1 0 1 0 0 0
110	1	1 0 1 0 0 0 0 0 1 0 0 1 0 1 0 0
110	8	1 0 1 1 0 0 1 0 1 0 1 0 0 1 1 0
110	3	0 0 1 0 0 0 0 1 1 0 0 1 0 0 0 0
110	1	1 0 1 1 0 1 1 1 1 1 1 0 1 0 0 0
110	5	1 0 1 1 0 0 0 0 1 0 0 1 0 0 1 0
110	4	1 0 0 0 0 0 1 0 1 1 0 0 0 0 0 0
110	4	1 1 0 1 0 0 1 0 1 0 0 1 1 0 0 0
110	8	1 0 1 1 1 0 1 0 1 0 1 0 0 1 1 0
110	3	1 0 1 1 0 0 0 0 1 0 1 0 0 0 0 0
110	11	1 1 0 1 0 1 0 1 0 1 0 0 1 0 0 0
110	12	1 0 1 0 1 0 1 0 1 0 1 0 0 0 0 0
110	2	1 0 1 1 0 0 1 1 1 0 1 0 1 0 0 0
110	5	1 0 1 0 0 0 1 0 0 1 1 0 0 0 0 0
110	1	1 1 1 0 0 0 1 0 1 0 0 1 0 1 1 0
110	4	0 0 1 0 0 0 1 0 1 0 0 1 0 1 0 0
110	2	1 0 1 1 0 0 1 0 1 1 0 1 0 0 0 0
110	4	1 0 1 1 1 0 1 0 0 0 1 0 0 0 0 0
110	3	1 0 1 0 0 1 1 0 1 1 1 0 0 0 0 0
110	3	1 0 0 1 0 0 1 0 1 0 0 0 0 0 0 0
110	1	1 0 1 1 0 0 1 0 1 0 0 1 0 1 0 0
110	3	1 0 0 1 0 0 0 0 1 0 0 0 0 0 0 0
110	2	1 0 1 0 0 0 1 1 1 1 1 0 1 0 0 1
110	1	1 0 0 0 1 0 0 1 1 0 0 0 0 0 0 0
110	3	1 0 0 0 1 0 1 1 1 0 0 1 0 0 0 0
110	5	1 1 1 1 0 0 1 1 1 1 1 0 1 0 0 0
110	3	1 0 1 1 0 0 1 0 1 1 1 0 0 0 0 0
110	3	1 0 1 0 1 0 1 0 1 0 0 1 1 0 0 1
110	2	1 0 1 0 0 0 1 0 1 0 0 1 1 1 0 1
110	2	1 0 0 1 0 1 0 1 0 1 0 1 0 0 0 1
110	5	1 1 1 0 0 0 1 0 1 0 1 1 0 0 1 0
110	1	1 0 1 1 1 0 0 0 1 0 1 0 0 1 1 0
110	1	1 0 1 1 1 0 1 0 1 0 1 0 0 1 1 1
110	4	1 0 1 0 1 0 0 0 0 0 1 0 0 0 0 0
110	5	1 0 1 0 0 0 1 1 1 0 0 1 0 0 0 0
110	1	1 0 0 1 0 0 0 0 1 0 0 1 0 0 0 0
110	7	1 0 1 0 0 0 1 0 1 0 1 0 1 0 0 0
110	1	1 0 0 1 1 0 1 0 1 0 0 1 0 0 0 0
110	2	0 0 0 1 0 0 1 0 1 0 0 1 0 0 0 0
110	2	1 0 0 1 0 1 1 0 1 0 0 1 0 0 0 0
110	4	1 0 1 0 0 0 1 0 1 0 0 0 0 0 1 0
110	6	1 0 1 1 0 1 0 1 0 0 0 0 1 0 0 0
110	2	1 1 1 0 0 0 0 0 0 0 0 1 0 0 0 0
110	1	1 0 0 1 0 0 0 1 0 1 0 0 1 0 0 0
110	1	1 0 1 1 0 1 0 1 0 1 0 0 1 0 0 0
110	3	1 0 1 1 0 0 1 0 1 0 0 0 0 0 0 0
110	1	0 0 1 0 0 1 0 1 0 1 0 1 0 0 0 0
110	2	1 1 0 1 0 1 0 1 0 1 1 0 0 0 0 0
110	2	1 0 1 0 0 0 1 0 1 0 0 1 0 0 0 1
110	1	1 1 1 0 0 1 1 0 1 0 0 1 0 0 0 0
110	2	0 0 0 0 0 0 1 0 1 0 0 1 0 0 0 0
110	2	1 0 0 1 0 0 1 0 1 1 0 1 0 0 0 0
110	3	1 0 1 0 0 1 1 0 1 1 0 1 0 0 0 0
110	1	0 0 1 0 1 0 1 1 1 0 0 0 0 0 0 0
120	102	1 0 1 0 0 0 1 0 1 0 0 1 0 0 0 0
120	59	1 0 1 0 0 0 1 0 1 0 1 1 0 0 0 0
120	26	1 0 0 1 0 1 0 1 0 1 0 0 1 0 0 0
120	16	1 1 1 0 0 0 1 0 1 0 0 1 0 0 0 0
120	4	0 0 1 0 0 0 1 0 1 0 0 1 0 0 0 0
120	49	1 0 0 1 0 0 1 0 1 0 0 1 0 0 0 0
120	21	1 0 1 0 0 0 1 0 1 0 0 0 0 0 0 0
120	11	1 0 0 0 1 0 0 0 0 0 1 0 0 0 0 0
120	52	1 0 1 0 0 0 1 0 1 1 0 1 0 0 0 0
120	22	1 0 1 1 0 0 1 0 1 0 0 1 0 0 0 0
120	3	1 0 1 1 0 0 1 1 1 1 1 0 1 0 0 0
120	1	1 0 1 0 0 0 1 0 1 1 1 0 0 0 0 0
120	19	1 1 1 0 0 0 1 0 1 0 0 1 0 1 0 0
120	16	1 0 1 0 0 0 1 0 1 0 0 1 1 0 0 1
120	28	1 0 0 1 0 1 0 0 1 0 0 1 0 0 0 0
120	1	0 0 1 0 1 0 1 1 1 0 0 1 0 0 0 0
120	17	1 0 1 1 0 0 1 1 1 0 0 1 0 0 1 0
120	11	1 0 1 0 0 0 1 0 0 1 0 1 0 0 0 0
120	4	1 0 0 1 0 1 0 1 0 1 0 1 0 0 0 0
120	19	1 0 1 1 0 0 1 0 1 0 0 1 0 0 1 1
120	24	1 0 1 0 0 0 1 0 1 1 1 1 0 0 0 0
120	4	1 1 1 0 0 0 1 0 1 0 0 1 0 0 1 0
120	66	1 0 1 0 0 0 0 0 1 0 0 1 0 0 0 0
120	7	1 0 0 1 0 1 0 0 1 0 1 1 0 0 0 0
120	19	1 0 1 0 1 0 1 0 1 0 0 1 1 1 0 0
120	34	1 0 0 1 0 0 1 0 1 0 0 1 0 1 0 0
120	5	1 0 1 0 0 0 1 0 1 0 0 0 1 0 0 0
120	53	1 0 1 1 1 0 1 0 1 0 1 0 0 0 0 0
120	23	1 0 1 1 0 0 1 0 1 0 1 0 1 0 0 0
120	4	1 1 1 0 0 0 0 0 1 0 0 1 0 0 0 0
120	8	1 0 1 0 0 0 0 0 1 0 0 1 0 1 0 0
120	11	1 0 1 1 0 0 1 0 1 0 1 0 0 1 1 0
120	1	0 0 1 0 0 0 0 1 1 0 0 1 0 0 0 0
120	1	1 0 1 1 1 0 1 0 1 0 1 0 0 1 1 0
120	6	1 0 1 0 1 0 1 0 1 0 1 0 0 0 0 0
120	11	1 0 1 1 0 0 1 0 1 1 0 1 0 0 0 0
120	15	1 0 0 1 0 0 1 0 1 0 0 0 0 0 0 0
120	2	1 0 0 0 1 0 0 1 1 0 0 0 0 0 0 0
120	9	1 0 0 0 1 0 1 1 1 0 0 1 0 0 0 0
120	4	1 0 0 1 0 1 0 1 0 1 0 1 0 0 0 1
120	2	1 1 1 0 0 0 1 0 1 0 1 1 0 0 1 0
120	3	1 0 1 0 0 0 1 1 1 0 0 1 0 0 0 0
120	17	1 0 1 0 0 0 1 0 1 0 1 0 1 0 0 0
120	4	1 0 1 1 0 1 0 1 0 0 0 0 1 0 0 0
120	11	1 1 1 0 0 0 0 0 0 0 0 1 0 0 0 0
120	6	1 0 1 1 0 0 1 0 1 0 0 0 0 0 0 0
120	6	1 0 0 1 0 0 1 0 1 1 0 1 0 0 0 0
120	6	1 0 1 0 0 1 1 0 1 1 0 1 0 0 0 0
120	3	1 0 0 1 0 1 1 0 1 0 1 1 0 0 0 0
120	15	1 0 1 1 0 0 1 0 1 0 1 0 0 0 0 0
120	1	1 1 0 1 0 1 0 1 1 0 1 0 1 0 0 0
120	1	1 0 1 0 0 0 1 1 1 0 1 1 0 0 0 0
120	5	1 0 1 0 0 0 1 0 1 0 1 1 1 0 0 1
120	8	1 1 1 0 0 0 1 0 1 0 1 0 0 0 0 0
120	3	0 0 1 0 0 0 1 0 1 0 1 0 1 0 0 0
120	11	1 0 0 1 0 1 0 1 0 1 0 0 1 0 0 1
120	3	1 0 0 0 0 0 1 1 1 0 0 1 0 0 0 0
120	9	1 0 1 0 0 0 1 0 1 0 0 1 0 0 1 0
120	1	1 0 0 1 0 1 1 0 0 1 0 1 0 0 0 0
120	8	1 0 0 1 0 1 0 0 1 0 0 1 0 1 0 0
120	1	1 1 0 1 0 1 0 1 0 1 0 1 0 0 0 0
120	2	1 1 1 1 0 0 1 0 1 0 1 0 0 0 0 0
120	4	1 0 0 1 0 0 1 0 1 0 1 0 0 0 0 0
120	8	1 0 1 1 1 0 1 0 1 0 0 0 0 0 0 0
120	2	1 0 1 1 1 0 1 0 1 0 1 0 0 1 0 0
120	3	1 0 0 1 0 1 0 1 0 1 1 0 1 0 0 0
120	3	1 0 0 1 0 0 1 0 1 0 0 1 0 0 0 1
120	4	1 0 1 0 0 0 1 0 1 0 1 0 0 0 0 0
120	3	0 1 1 1 0 0 1 0 1 0 1 0 0 0 0 0
120	7	1 0 1 1 1 0 1 0 1 0 0 1 0 0 0 0
120	8	1 0 1 1 0 0 1 0 1 0 0 1 0 0 0 1
120	2	1 0 1 1 0 0 1 0 0 0 0 1 0 0 1 1
120	4	1 0 0 1 1 0 1 0 1 0 0 1 0 1 0 0
120	3	1 0 0 1 0 0 1 0 1 0 1 0 0 1 1 0
120	1	1 0 1 0 0 0 1 0 1 0 1 1 0 1 0 0
120	8	1 1 1 1 0 0 1 1 1 0 1 0 0 0 0 0
120	3	1 0 1 0 0 1 1 0 1 0 1 1 0 0 0 0
120	1	1 0 1 1 0 0 1 0 0 1 0 1 0 0 0 0
120	3	1 1 1 1 0 0 1 0 1 0 1 0 0 1 1 0
120	1	0 0 1 1 0 0 1 0 1 0 1 0 0 0 0 0
120	1	1 0 0 0 1 0 1 0 1 0 1 1 0 0 0 0
120	1	1 1 0 0 0 0 1 0 1 0 0 0 1 0 0 0
120	2	1 0 1 0 0 0 1 0 0 0 0 1 0 0 0 0
120	2	1 1 1 0 0 0 1 0 1 0 1 1 0 0 0 0
120	5	1 0 1 0 0 0 1 1 1 0 0 1 0 0 1 0
120	4	1 0 1 0 0 0 0 0 1 0 1 1 0 0 0 0
120	1	1 0 0 1 0 0 1 0 1 0 0 1 0 1 0 1
120	1	1 0 1 1 1 0 1 0 1 0 1 1 0 0 0 0
120	1	1 0 0 1 1 0 1 0 1 0 1 0 0 1 0 0
130	79	1 0 1 0 0 0 1 0 1 0 0 1 0 0 0 0
130	57	1 0 1 0 0 0 1 0 1 0 1 1 0 0 0 0
130	8	1 0 0 1 0 1 0 1 0 1 0 0 1 0 0 0
130	24	1 1 1 0 0 0 1 0 1 0 0 1 0 0 0 0
130	48	1 0 0 1 0 0 1 0 1 0 0 1 0 0 0 0
130	34	1 0 1 0 0 0 1 0 1 0 0 0 0 0 0 0
130	30	1 0 1 0 0 0 1 0 1 1 0 1 0 0 0 0
130	45	1 0 1 1 0 0 1 0 1 0 0 1 0 0 0 0
130	7	1 0 1 1 0 0 1 1 1 1 1 0 1 0 0 0
130	12	1 1 1 0 0 0 1 0 1 0 0 1 0 1 0 0
130	13	1 0 0 1 0 1 0 0 1 0 0 1 0 0 0 0
130	11	1 0 1 0 0 0 1 0 0 1 0 1 0 0 0 0
130	7	1 0 0 1 0 1 0 1 0 1 0 1 0 0 0 0
130	32	1 0 1 1 0 0 1 0 1 0 0 1 0 0 1 1
130	24	1 0 1 0 0 0 1 0 1 1 1 1 0 0 0 0
130	49	1 0 1 0 0 0 0 0 1 0 0 1 0 0 0 0
130	5	1 0 0 1 0 1 0 0 1 0 1 1 0 0 0 0
130	18	1 0 1 0 1 0 1 0 1 0 0 1 1 1 0 0
130	19	1 0 0 1 0 0 1 0 1 0 0 1 0 1 0 0
130	64	1 0 1 1 1 0 1 0 1 0 1 0 0 0 0 0
130	11	1 0 1 1 0 0 1 0 1 0 1 0 1 0 0 0
130	2	1 1 1 0 0 0 0 0 1 0 0 1 0 0 0 0
130	1	1 0 1 0 0 0 0 0 1 0 0 1 0 1 0 0
130	13	1 0 1 1 0 0 1 0 1 0 1 0 0 1 1 0
130	51	1 0 1 0 1 0 1 0 1 0 1 0 0 0 0 0
130	4	1 0 1 1 0 0 1 0 1 1 0 1 0 0 0 0
130	4	1 0 0 1 0 0 1 0 1 0 0 0 0 0 0 0
130	3	1 0 0 0 1 0 0 1 1 0 0 0 0 0 0 0
130	7	1 1 1 0 0 0 1 0 1 0 1 1 0 0 1 0
130	6	1 0 1 0 0 0 1 1 1 0 0 1 0 0 0 0
130	8	1 0 1 0 0 0 1 0 1 0 1 0 1 0 0 0
130	13	1 0 1 1 0 1 0 1 0 0 0 0 1 0 0 0
130	4	1 1 1 0 0 0 0 0 0 0 0 1 0 0 0 0
130	5	1 0 1 1 0 0 1 0 1 0 0 0 0 0 0 0
130	13	1 0 0 1 0 0 1 0 1 1 0 1 0 0 0 0
130	17	1 0 1 0 0 1 1 0 1 1 0 1 0 0 0 0
130	20	1 0 1 1 0 0 1 0 1 0 1 0 0 0 0 0
130	15	1 0 1 0 0 0 1 1 1 0 1 1 0 0 0 0
130	5	1 1 1 0 0 0 1 0 1 0 1 0 0 0 0 0
130	7	1 0 0 1 0 1 0 1 0 1 0 0 1 0 0 1
130	8	1 0 0 0 0 0 1 1 1 0 0 1 0 0 0 0
130	4	1 0 1 0 0 0 1 0 1 0 0 1 0 0 1 0
130	3	1 0 0 1 0 1 0 0 1 0 0 1 0 1 0 0
130	9	1 0 1 1 1 0 1 0 1 0 1 0 0 1 0 0
130	4	1 0 1 0 0 0 1 0 1 0 1 0 0 0 0 0
130	1	0 1 1 1 0 0 1 0 1 0 1 0 0 0 0 0
130	16	1 0 1 1 1 0 1 0 1 0 0 1 0 0 0 0
130	6	1 0 1 1 0 0 1 0 1 0 0 1 0 0 0 1
130	13	1 1 1 1 0 0 1 1 1 0 1 0 0 0 0 0
130	4	1 0 1 0 0 0 1 1 1 0 0 1 0 0 1 0
130	10	1 0 1 0 0 0 0 0 1 0 1 1 0 0 0 0
130	6	1 0 1 0 0 0 1 0 1 0 0 1 0 1 0 0
130	4	1 0 0 1 0 0 0 0 1 1 0 1 0 0 0 0
130	4	1 0 1 0 0 1 1 0 1 0 1 0 0 0 0 0
130	7	1 0 1 0 0 1 1 1 1 0 1 1 0 0 0 0
130	1	1 1 1 0 0 0 1 1 1 0 0 1 0 0 0 0
130	1	1 0 1 1 0 0 1 0 1 1 1 1 0 0 0 0
130	7	1 0 0 1 0 0 0 0 1 1 0 0 0 0 0 0
130	7	0 0 1 0 0 0 1 0 0 1 0 1 0 0 0 0
130	1	1 0 1 0 0 0 1 0 1 0 1 1 0 0 1 0
130	2	1 0 1 0 0 0 1 1 1 0 0 1 1 0 1 0
130	1	1 0 1 0 1 0 0 0 1 0 0 1 0 0 0 0
130	7	1 0 1 1 0 0 1 0 0 0 1 0 1 0 0 0
130	2	1 0 1 0 1 0 0 0 1 0 1 0 0 0 0 0
130	5	1 0 1 0 1 1 1 0 1 1 0 1 0 0 0 0
130	5	1 0 1 1 1 0 0 0 1 0 0 1 0 0 0 0
130	3	1 0 1 0 0 1 1 0 1 1 0 1 0 0 1 1
130	6	0 0 1 0 1 0 1 0 1 0 1 0 0 0 0 0
130	3	1 1 1 0 1 0 1 0 1 0 0 1 1 1 0 0
130	4	1 0 1 0 0 1 1 1 1 1 0 1 0 0 0 0
130	2	1 0 1 1 0 1 0 1 0 1 0 1 1 0 0 0
130	1	1 0 0 1 0 0 1 0 1 0 1 0 0 0 0 0
130	11	1 1 1 1 0 0 1 0 1 0 0 1 0 0 0 0
130	1	1 0 1 0 0 0 1 0 1 0 0 1 1 0 0 0
130	3	0 0 1 1 0 0 1 0 1 0 0 1 0 0 1 1
130	1	1 0 1 1 0 0 0 0 1 0 0 1 0 0 0 0
130	5	1 0 1 1 0 1 0 1 0 0 0 1 1 0 0 0
130	4	0 0 1 0 0 0 1 0 1 0 1 1 0 0 0 0
130	1	1 0 1 1 0 1 0 1 0 1 0 0 1 0 0 0
130	2	0 0 1 1 0 0 1 0 1 0 0 1 0 0 0 0
130	2	1 0 1 0 0 0 0 0 1 0 0 0 0 0 0 0
130	2	1 0 1 0 0 0 0 0 1 0 0 1 0 0 0 1
130	1	1 1 1 1 0 0 1 1 1 0 1 0 1 0 0 0
130	1	1 0 1 1 0 0 0 0 1 0 0 0 0 0 0 0
130	1	1 0 1 0 0 1 1 1 1 0 0 1 1 0 1 0
130	2	1 0 1 0 0 0 0 0 1 1 0 0 0 0 0 0
130	1	1 0 0 1 0 0 1 0 1 0 0 1 0 0 1 0
130	2	1 0 0 1 0 0 1 1 1 0 0 1 0 0 0 0
130	2	1 0 1 1 0 1 1 0 1 0 0 1 0 0 0 0
130	1	1 0 1 0 1 0 1 0 1 0 1 0 0 0 0 1
130	4	1 0 0 1 0 1 0 0 0 0 0 1 0 1 0 0
130	1	1 0 1 1 1 0 1 0 1 1 0 1 0 0 0 0
140	62	1 0 1 0 0 0 1 0 1 0 0 1 0 0 0 0
140	44	1 0 1 0 0 0 1 0 1 0 1 1 0 0 0 0
140	23	1 1 1 0 0 0 1 0 1 0 0 1 0 0 0 0
140	27	1 0 0 1 0 0 1 0 1 0 0 1 0 0 0 0
140	19	1 0 1 0 0 0 1 0 1 0 0 0 0 0 0 0
140	49	1 0 1 0 0 0 1 0 1 1 0 1 0 0 0 0
140	29	1 0 1 1 0 0 1 0 1 0 0 1 0 0 0 0
140	17	1 0 1 1 0 0 1 1 1 1 1 0 1 0 0 0
140	3	1 1 1 0 0 0 1 0 1 0 0 1 0 1 0 0
140	22	1 0 0 1 0 1 0 0 1 0 0 1 0 0 0 0
140	16	1 0 1 0 0 0 1 0 0 1 0 1 0 0 0 0
140	3	1 0 0 1 0 1 0 1 0 1 0 1 0 0 0 0
140	25	1 0 1 1 0 0 1 0 1 0 0 1 0 0 1 1
140	36	1 0 1 0 0 0 0 0 1 0 0 1 0 0 0 0
140	48	1 0 1 0 1 0 1 0 1 0 0 1 1 1 0 0
140	18	1 0 0 1 0 0 1 0 1 0 0 1 0 1 0 0
140	78	1 0 1 1 1 0 1 0 1 0 1 0 0 0 0 0
140	29	1 0 1 1 0 0 1 0 1 0 1 0 1 0 0 0
140	9	1 0 1 1 0 0 1 0 1 0 1 0 0 1 1 0
140	33	1 0 1 0 1 0 1 0 1 0 1 0 0 0 0 0
140	17	1 0 1 1 0 0 1 0 1 1 0 1 0 0 0 0
140	2	1 0 0 1 0 0 1 0 1 0 0 0 0 0 0 0
140	7	1 0 1 0 0 0 1 1 1 0 0 1 0 0 0 0
140	9	1 0 1 1 0 1 0 1 0 0 0 0 1 0 0 0
140	8	1 1 1 0 0 0 0 0 0 0 0 1 0 0 0 0
140	6	1 0 0 1 0 0 1 0 1 1 0 1 0 0 0 0
140	10	1 0 1 0 0 1 1 0 1 1 0 1 0 0 0 0
140	32	1 0 1 1 0 0 1 0 1 0 1 0 0 0 0 0
140	2	1 0 1 0 0 0 1 1 1 0 1 1 0 0 0 0
140	14	1 0 0 1 0 1 0 1 0 1 0 0 1 0 0 1
140	14	1 0 0 0 0 0 1 1 1 0 0 1 0 0 0 0
140	5	1 0 1 0 0 0 1 0 1 0 0 1 0 0 1 0
140	30	1 0 1 1 1 0 1 0 1 0 1 0 0 1 0 0
140	26	1 0 1 1 1 0 1 0 1 0 0 1 0 0 0 0
140	8	1 0 1 1 0 0 1 0 1 0 0 1 0 0 0 1
140	14	1 1 1 1 0 0 1 1 1 0 1 0 0 0 0 0
140	4	1 0 0 1 0 0 0 0 1 1 0 1 0 0 0 0
140	13	1 0 1 0 0 1 1 1 1 0 1 1 0 0 0 0
140	5	1 0 1 1 0 0 1 0 1 1 1 1 0 0 0 0
140	7	1 0 1 0 0 0 1 1 1 0 0 1 1 0 1 0
140	2	1 0 1 0 1 0 0 0 1 0 0 1 0 0 0 0
140	4	1 0 1 0 1 0 0 0 1 0 1 0 0 0 0 0
140	11	1 0 1 0 1 1 1 0 1 1 0 1 0 0 0 0
140	2	1 0 1 1 1 0 0 0 1 0 0 1 0 0 0 0
140	3	0 0 1 0 1 0 1 0 1 0 1 0 0 0 0 0
140	14	1 0 1 0 0 1 1 1 1 1 0 1 0 0 0 0
140	5	1 0 1 1 0 1 0 1 0 1 0 1 1 0 0 0
140	21	1 1 1 1 0 0 1 0 1 0 0 1 0 0 0 0
140	5	1 0 0 1 0 0 1 1 1 0 0 1 0 0 0 0
140	2	1 0 1 1 0 1 1 0 1 0 0 1 0 0 0 0
140	9	1 0 1 1 1 0 1 0 1 0 1 1 1 1 0 0
140	3	0 0 0 1 0 0 1 0 1 0 0 1 0 0 0 0
140	5	1 0 1 1 1 0 1 0 1 0 1 1 0 0 0 0
140	11	1 0 0 0 0 0 1 1 1 0 0 1 0 1 0 0
140	6	0 0 1 0 0 0 1 0 0 0 1 0 0 1 0 0
140	3	1 0 1 0 0 0 1 0 1 1 0 1 1 0 0 0
140	10	1 1 0 1 0 0 1 0 1 1 0 1 0 0 0 0
140	1	1 0 0 1 0 0 1 1 1 1 0 1 0 0 0 0
140	4	1 0 1 0 1 0 1 0 1 0 0 1 0 0 0 0
140	5	1 1 1 1 0 0 1 1 1 0 1 0 1 1 0 0
140	2	1 0 1 1 1 0 1 0 1 1 0 1 0 0 0 0
140	1	1 0 0 1 0 0 1 1 1 1 1 0 1 0 0 0
140	3	1 0 1 1 1 0 1 0 0 0 0 1 0 0 0 0
140	2	1 0 1 0 0 0 1 0 1 0 0 1 0 0 1 1
140	4	1 0 1 0 0 0 1 0 1 1 0 1 0 1 0 0
140	5	1 0 1 0 1 0 1 0 1 0 1 0 0 1 0 0
140	2	1 0 0 1 0 0 1 0 1 0 1 1 0 0 0 0
140	5	1 1 0 1 0 0 0 0 1 1 0 1 0 0 0 0
140	1	1 0 0 1 0 1 0 1 0 1 0 0 1 1 0 1
140	2	1 0 1 1 0 0 1 0 1 0 1 0 0 1 0 0
140	1	0 0 1 0 0 0 1 0 1 0 0 1 0 0 0 0
140	2	1 1 1 0 0 0 1 0 1 0 0 0 0 0 0 0
140	2	1 0 1 1 0 0 1 1 1 1 1 0 1 1 0 0
140	1	1 0 1 0 0 0 0 0 1 0 0 1 1 0 0 0
140	2	1 0 0 1 0 0 1 0 1 0 1 0 1 0 0 0
140	1	1 1 1 1 0 0 1 1 1 0 1 0 0 0 0 1
140	2	1 1 1 0 0 0 0 0 0 0 0 1 0 1 0 0
140	1	1 0 0 0 0 0 1 0 1 0 0 1 0 0 1 1
140	2	1 0 1 1 1 0 1 0 1 0 1 0 1 0 0 0
140	1	1 0 1 1 0 0 1 0 1 0 1 1 0 0 0 0
140	2	1 0 1 1 0 0 1 0 1 0 0 0 0 0 0 0
140	1	1 0 0 1 0 1 0 1 1 0 0 1 0 0 0 0
140	1	1 0 0 1 0 1 0 0 1 0 0 1 0 0 0 1
140	1	1 0 0 1 0 0 1 0 1 0 0 1 0 0 1 1
140	3	1 0 0 1 1 0 1 0 1 0 1 0 0 0 0 0
140	1	1 0 1 1 1 0 0 0 1 0 0 0 0 0 0 0
150	72	1 0 1 0 0 0 1 0 1 0 0 1 0 0 0 0
150	34	1 0 1 0 0 0 1 0 1 0 1 1 0 0 0 0
150	30	1 1 1 0 0 0 1 0 1 0 0 1 0 0 0 0
150	9	1 0 0 1 0 0 1 0 1 0 0 1 0 0 0 0
150	13	1 0 1 0 0 0 1 0 1 0 0 0 0 0 0 0
150	38	1 0 1 0 0 0 1 0 1 1 0 1 0 0 0 0
150	20	1 0 1 1 0 0 1 0 1 0 0 1 0 0 0 0
150	18	1 0 1 1 0 0 1 1 1 1 1 0 1 0 0 0
150	2	1 0 0 1 0 1 0 0 1 0 0 1 0 0 0 0
150	17	1 0 1 0 0 0 1 0 0 1 0 1 0 0 0 0
150	9	1 0 1 1 0 0 1 0 1 0 0 1 0 0 1 1
150	10	1 0 1 0 0 0 0 0 1 0 0 1 0 0 0 0
150	5	1 0 1 0 1 0 1 0 1 0 0 1 1 1 0 0
150	21	1 0 0 1 0 0 1 0 1 0 0 1 0 1 0 0
150	119	1 0 1 1 1 0 1 0 1 0 1 0 0 0 0 0
150	11	1 0 1 1 0 0 1 0 1 0 1 0 1 0 0 0
150	22	1 0 1 0 1 0 1 0 1 0 1 0 0 0 0 0
150	34	1 0 1 1 0 0 1 0 1 1 0 1 0 0 0 0
150	27	1 0 1 0 0 0 1 1 1 0 0 1 0 0 0 0
150	10	1 0 1 1 0 1 0 1 0 0 0 0 1 0 0 0
150	24	1 1 1 0 0 0 0 0 0 0 0 1 0 0 0 0
150	3	1 0 0 1 0 0 1 0 1 1 0 1 0 0 0 0
150	16	1 0 1 1 0 0 1 0 1 0 1 0 0 0 0 0
150	7	1 0 0 1 0 1 0 1 0 1 0 0 1 0 0 1
150	25	1 0 0 0 0 0 1 1 1 0 0 1 0 0 0 0
150	4	1 0 1 0 0 0 1 0 1 0 0 1 0 0 1 0
150	21	1 0 1 1 1 0 1 0 1 0 0 1 0 0 0 0
150	1	1 1 1 1 0 0 1 1 1 0 1 0 0 0 0 0
150	2	1 0 1 0 0 1 1 1 1 0 1 1 0 0 0 0
150	31	1 0 1 0 0 0 1 1 1 0 0 1 1 0 1 0
150	3	1 0 1 0 1 0 0 0 1 0 0 1 0 0 0 0
150	1	1 0 1 0 1 1 1 0 1 1 0 1 0 0 0 0
150	10	1 0 1 0 0 1 1 1 1 1 0 1 0 0 0 0
150	4	1 0 1 1 0 1 0 1 0 1 0 1 1 0 0 0
150	27	1 1 1 1 0 0 1 0 1 0 0 1 0 0 0 0
150	6	1 0 1 1 0 1 1 0 1 0 0 1 0 0 0 0
150	4	1 0 1 1 1 0 1 0 1 0 1 1 1 1 0 0
150	3	1 0 1 1 1 0 1 0 1 0 1 1 0 0 0 0
150	8	0 0 1 0 0 0 1 0 0 0 1 0 0 1 0 0
150	6	1 0 1 0 0 0 1 0 1 1 0 1 1 0 0 0
150	6	1 1 0 1 0 0 1 0 1 1 0 1 0 0 0 0
150	14	1 0 0 1 0 0 1 1 1 1 0 1 0 0 0 0
150	10	1 1 1 1 0 0 1 1 1 0 1 0 1 1 0 0
150	7	1 0 1 1 1 0 1 0 1 1 0 1 0 0 0 0
150	2	1 0 1 1 1 0 1 0 0 0 0 1 0 0 0 0
150	14	1 0 1 0 0 0 1 0 1 0 0 1 0 0 1 1
150	5	1 0 1 0 0 0 1 0 1 1 0 1 0 1 0 0
150	3	1 0 0 1 0 0 1 0 1 0 1 1 0 0 0 0
150	12	1 1 1 1 0 0 1 1 1 0 1 0 0 0 0 1
150	10	1 0 0 0 0 0 1 0 1 0 0 1 0 0 1 1
150	27	1 0 0 1 1 0 1 0 1 0 1 0 0 0 0 0
150	4	1 0 1 0 1 0 1 0 1 1 1 0 0 0 0 0
150	5	1 0 1 0 0 0 0 0 1 0 0 0 0 0 0 0
150	4	1 0 1 0 0 1 0 1 1 1 0 1 0 0 0 0
150	1	1 0 1 0 0 0 1 0 1 1 0 0 1 0 0 0
150	5	1 0 0 0 0 0 1 0 1 0 0 1 0 0 0 0
150	6	1 0 1 1 1 1 1 0 1 0 0 1 0 0 0 0
150	1	1 0 1 1 0 0 1 0 0 1 1 1 0 0 0 0
150	12	1 0 0 0 0 0 1 0 1 1 0 1 0 0 0 0
150	7	0 0 1 1 1 0 1 0 1 0 1 0 0 0 0 0
150	7	1 0 0 1 0 0 1 0 1 0 0 1 0 1 1 0
150	2	1 0 1 1 0 1 0 1 0 1 0 0 1 0 0 0
150	2	1 0 1 1 1 0 0 0 1 0 1 0 0 1 0 0
150	7	1 0 1 0 0 0 1 0 1 0 1 0 0 1 0 0
150	6	1 0 0 1 1 1 1 0 1 0 1 0 0 0 0 0
150	3	1 0 1 0 1 0 1 0 1 0 1 0 0 0 0 1
150	1	1 0 1 1 1 0 1 0 1 0 1 1 0 1 0 0
150	1	1 0 1 1 1 0 1 0 1 1 1 0 0 1 0 0
150	2	1 1 1 1 0 0 1 1 0 0 1 0 0 0 0 0
150	6	1 0 1 0 0 0 1 1 1 0 0 0 1 0 1 0
150	2	1 0 1 0 0 0 0 0 1 1 0 1 1 0 0 0
150	2	1 0 1 1 1 0 0 0 1 0 0 0 0 1 0 0
150	1	1 0 1 0 0 0 1 0 0 0 1 0 0 1 0 0
150	5	0 0 1 0 0 0 1 0 0 0 1 1 0 0 0 0
150	3	1 1 1 1 0 0 0 0 0 0 0 1 0 0 0 0
150	10	1 0 1 0 1 0 1 0 1 0 0 1 0 0 0 0
150	1	1 0 1 1 0 1 0 1 0 0 0 0 1 0 1 0
150	2	1 0 0 0 0 1 1 1 1 0 0 1 0 0 0 0
150	1	1 0 1 1 1 0 1 0 1 0 0 1 1 0 0 0
150	1	0 0 1 0 0 0 1 0 0 0 0 0 0 1 0 0
150	7	1 0 0 1 0 0 1 0 1 0 0 1 0 0 1 1
150	1	1 0 0 1 0 0 1 0 1 0 1 0 0 0 0 0
150	5	1 0 1 1 1 0 1 0 1 0 1 0 1 0 0 0
150	1	0 0 1 0 0 1 1 1 1 1 0 1 0 0 0 0
150	9	0 0 1 0 0 0 1 0 0 1 1 0 0 1 0 0
150	2	1 1 1 0 0 0 1 0 1 0 1 0 0 0 0 1
150	2	1 0 1 1 0 0 0 0 1 0 0 1 1 0 1 1
150	2	1 0 1 1 0 1 0 1 0 0 0 1 0 0 1 1
150	1	1 1 1 0 0 0 1 0 0 0 0 1 0 0 0 0
150	2	1 0 1 1 0 0 1 1 1 1 1 1 1 0 0 0
150	4	1 0 1 1 0 0 1 0 1 0 1 0 1 0 0 1
150	2	1 0 1 1 0 1 1 1 1 1 0 1 0 0 0 0
150	1	1 0 1 0 0 1 1 1 1 0 0 1 0 0 0 0
150	1	1 0 0 1 0 0 1 1 1 0 0 1 0 0 0 0
150	1	1 0 0 1 0 0 1 1 1 0 0 0 1 0 1 0
150	1	1 1 1 1 0 0 1 0 1 0 0 1 0 0 0 1
150	1	1 0 1 0 0 1 1 0 1 1 0 1 1 0 0 0
150	2	1 0 1 0 0 0 0 0 1 1 0 1 0 1 0 0
150	5	1 0 1 1 0 0 1 1 1 0 1 0 0 1 0 0
150	1	1 0 1 0 0 0 0 0 1 0 0 0 1 0 0 0
150	1	1 0 1 0 0 0 1 0 1 0 0 0 1 0 0 0
150	1	1 0 1 1 0 1 0 1 0 0 0 0 1 1 1 0
160	61	1 0 1 0 0 0 1 0 1 0 0 1 0 0 0 0
160	29	1 0 1 0 0 0 1 0 1 0 1 1 0 0 0 0
160	59	1 1 1 0 0 0 1 0 1 0 0 1 0 0 0 0
160	1	1 0 0 1 0 0 1 0 1 0 0 1 0 0 0 0
160	11	1 0 1 0 0 0 1 0 1 0 0 0 0 0 0 0
160	17	1 0 1 0 0 0 1 0 1 1 0 1 0 0 0 0
160	17	1 0 1 1 0 0 1 0 1 0 0 1 0 0 0 0
160	14	1 0 1 1 0 0 1 1 1 1 1 0 1 0 0 0
160	3	1 0 1 0 0 0 1 0 0 1 0 1 0 0 0 0
160	2	1 0 1 1 0 0 1 0 1 0 0 1 0 0 1 1
160	4	1 0 1 0 0 0 0 0 1 0 0 1 0 0 0 0
160	3	1 0 1 0 1 0 1 0 1 0 0 1 1 1 0 0
160	11	1 0 0 1 0 0 1 0 1 0 0 1 0 1 0 0
160	104	1 0 1 1 1 0 1 0 1 0 1 0 0 0 0 0
160	6	1 0 1 1 0 0 1 0 1 0 1 0 1 0 0 0
160	18	1 0 1 0 1 0 1 0 1 0 1 0 0 0 0 0
160	19	1 0 1 1 0 0 1 0 1 1 0 1 0 0 0 0
160	57	1 0 1 0 0 0 1 1 1 0 0 1 0 0 0 0
160	15	1 1 1 0 0 0 0 0 0 0 0 1 0 0 0 0
160	2	1 0 0 1 0 0 1 0 1 1 0 1 0 0 0 0
160	20	1 0 1 1 0 0 1 0 1 0 1 0 0 0 0 0
160	12	1 0 0 1 0 1 0 1 0 1 0 0 1 0 0 1
160	26	1 0 0 0 0 0 1 1 1 0 0 1 0 0 0 0
160	4	1 0 1 1 1 0 1 0 1 0 0 1 0 0 0 0
160	8	1 0 1 0 0 1 1 1 1 1 0 1 0 0 0 0
160	4	1 0 1 1 0 1 0 1 0 1 0 1 1 0 0 0
160	39	1 1 1 1 0 0 1 0 1 0 0 1 0 0 0 0
160	25	1 0 1 1 0 1 1 0 1 0 0 1 0 0 0 0
160	16	1 0 1 1 1 0 1 0 1 0 1 1 0 0 0 0
160	1	1 1 0 1 0 0 1 0 1 1 0 1 0 0 0 0
160	24	1 0 0 1 0 0 1 1 1 1 0 1 0 0 0 0
160	2	1 1 1 1 0 0 1 1 1 0 1 0 1 1 0 0
160	13	1 0 1 1 1 0 1 0 1 1 0 1 0 0 0 0
160	3	1 0 1 0 0 0 1 0 1 0 0 1 0 0 1 1
160	9	1 0 1 0 0 0 1 0 1 1 0 1 0 1 0 0
160	2	1 0 0 1 0 0 1 0 1 0 1 1 0 0 0 0
160	30	1 1 1 1 0 0 1 1 1 0 1 0 0 0 0 1
160	4	1 0 0 0 0 0 1 0 1 0 0 1 0 0 1 1
160	23	1 0 0 1 1 0 1 0 1 0 1 0 0 0 0 0
160	15	1 0 1 0 1 0 1 0 1 1 1 0 0 0 0 0
160	7	1 0 1 0 0 0 0 0 1 0 0 0 0 0 0 0
160	2	1 0 1 0 0 1 0 1 1 1 0 1 0 0 0 0
160	5	1 0 0 0 0 0 1 0 1 0 0 1 0 0 0 0
160	2	1 0 1 1 1 1 1 0 1 0 0 1 0 0 0 0
160	4	1 0 0 0 0 0 1 0 1 1 0 1 0 0 0 0
160	9	0 0 1 1 1 0 1 0 1 0 1 0 0 0 0 0
160	7	1 0 0 1 0 0 1 0 1 0 0 1 0 1 1 0
160	4	1 0 1 0 0 0 1 0 1 0 1 0 0 1 0 0
160	2	1 0 1 0 1 0 1 0 1 0 1 0 0 0 0 1
160	2	1 0 1 0 0 0 1 1 1 0 0 0 1 0 1 0
160	10	0 0 1 0 0 0 1 0 0 0 1 1 0 0 0 0
160	1	1 1 1 1 0 0 0 0 0 0 0 1 0 0 0 0
160	1	0 0 1 0 0 1 1 1 1 1 0 1 0 0 0 0
160	2	0 0 1 0 0 0 1 0 0 1 1 0 0 1 0 0
160	5	1 1 1 0 0 0 1 0 1 0 1 0 0 0 0 1
160	2	1 0 1 1 0 0 1 0 1 0 1 0 1 0 0 1
160	23	1 0 1 1 0 1 1 1 1 1 0 1 0 0 0 0
160	4	1 0 1 0 0 0 0 0 1 1 0 1 0 1 0 0
160	2	1 1 1 1 0 0 1 0 1 0 0 1 0 1 1 0
160	3	1 0 0 0 0 0 1 1 1 0 0 1 1 0 0 0
160	7	1 0 0 0 0 0 1 1 1 1 0 1 0 0 0 0
160	11	1 0 0 0 0 1 1 1 1 0 0 0 0 0 0 0
160	11	1 0 1 0 0 0 1 0 1 0 1 0 0 0 0 0
160	7	1 0 1 0 0 0 1 0 0 0 0 1 0 0 0 0
160	19	1 0 1 0 0 0 1 1 1 0 0 0 0 0 0 0
160	3	1 1 1 0 0 0 0 0 0 0 0 1 0 1 0 0
160	3	1 0 1 1 1 1 1 0 1 0 1 1 1 1 0 0
160	4	1 0 1 0 0 0 1 0 1 0 1 0 1 1 0 0
160	4	1 0 0 1 0 1 0 1 0 1 0 0 1 1 0 1
160	2	1 0 1 1 1 0 1 0 1 0 0 0 1 0 0 0
160	8	0 1 1 0 0 0 1 0 1 0 0 1 0 0 0 0
160	9	0 0 0 1 0 0 1 0 1 0 1 1 0 0 0 0
160	7	1 0 1 0 1 0 1 0 1 1 0 1 0 0 0 0
160	10	1 0 1 0 0 0 1 1 1 0 0 1 1 1 0 0
160	3	1 0 1 1 0 0 1 0 0 1 1 0 0 1 0 0
160	6	1 0 0 1 0 0 1 0 1 0 0 0 0 0 0 0
160	2	1 0 0 0 0 0 1 0 1 1 1 0 0 0 0 1
160	4	1 0 1 0 0 0 0 0 1 0 1 1 0 0 0 0
160	1	1 1 0 1 0 0 0 0 1 1 0 1 0 0 0 0
160	1	1 1 1 1 0 0 1 1 1 0 0 0 0 0 0 1
160	2	0 0 1 0 0 0 1 1 1 0 0 1 0 0 0 0
160	1	0 0 1 0 0 0 1 0 0 1 0 1 0 0 0 0
160	7	1 0 1 1 1 0 1 0 0 0 1 0 0 0 0 0
160	3	1 1 1 1 0 0 1 0 1 0 0 1 0 1 0 0
160	3	1 1 1 1 1 0 1 0 1 0 0 1 0 0 0 0
160	1	1 0 1 0 0 0 0 1 1 0 0 0 0 0 0 0
160	1	0 1 1 1 0 0 1 1 1 0 0 0 0 0 0 1
160	2	1 0 1 1 0 1 0 1 0 0 0 1 0 0 0 0
160	1	1 0 1 0 1 0 1 0 1 0 0 1 0 1 0 0
160	2	1 0 1 1 1 0 1 1 1 0 1 0 0 0 0 0
160	4	1 0 1 0 0 0 1 1 1 1 0 1 0 0 0 0
160	2	1 0 0 1 1 1 1 0 1 0 1 0 0 0 1 0
160	1	1 0 1 0 0 0 1 1 0 0 0 0 1 0 1 0
160	4	0 0 1 0 0 0 1 0 0 0 1 1 0 0 1 0
160	1	1 1 1 1 0 0 1 1 1 0 1 0 0 0 0 0
160	1	1 0 1 0 1 0 1 0 1 0 0 1 0 0 0 0
160	2	1 1 1 0 0 0 1 0 1 0 0 1 1 0 0 0
160	4	1 0 1 1 1 0 1 0 1 0 0 0 0 0 0 0
160	2	0 0 1 1 0 1 1 0 1 0 0 1 0 0 0 0
160	1	1 1 1 1 1 0 1 1 1 0 1 0 0 0 0 1
160	1	1 0 1 0 0 1 0 1 1 1 0 1 0 0 0 1
160	1	1 0 1 0 0 0 0 0 0 0 0 1 0 1 0 0
160	1	1 0 1 0 1 0 1 0 1 0 0 0 1 0 0 0
170	31	1 0 1 0 0 0 1 0 1 0 0 1 0 0 0 0
170	33	1 0 1 0 0 0 1 0 1 0 1 1 0 0 0 0
170	60	1 1 1 0 0 0 1 0 1 0 0 1 0 0 0 0
170	11	1 0 1 0 0 0 1 0 1 0 0 0 0 0 0 0
170	28	1 0 1 0 0 0 1 0 1 1 0 1 0 0 0 0
170	35	1 0 1 1 0 0 1 0 1 0 0 1 0 0 0 0
170	14	1 0 1 1 0 0 1 1 1 1 1 0 1 0 0 0
170	3	1 0 1 0 0 0 0 0 1 0 0 1 0 0 0 0
170	1	1 0 0 1 0 0 1 0 1 0 0 1 0 1 0 0
170	80	1 0 1 1 1 0 1 0 1 0 1 0 0 0 0 0
170	10	1 0 1 1 0 0 1 0 1 0 1 0 1 0 0 0
170	19	1 0 1 0 1 0 1 0 1 0 1 0 0 0 0 0
170	5	1 0 1 1 0 0 1 0 1 1 0 1 0 0 0 0
170	21	1 0 1 0 0 0 1 1 1 0 0 1 0 0 0 0
170	12	1 1 1 0 0 0 0 0 0 0 0 1 0 0 0 0
170	26	1 0 1 1 0 0 1 0 1 0 1 0 0 0 0 0
170	18	1 0 0 1 0 1 0 1 0 1 0 0 1 0 0 1
170	19	1 0 0 0 0 0 1 1 1 0 0 1 0 0 0 0
170	9	1 0 1 1 1 0 1 0 1 0 0 1 0 0 0 0
170	5	1 0 1 0 0 1 1 1 1 1 0 1 0 0 0 0
170	2	1 0 1 1 0 1 0 1 0 1 0 1 1 0 0 0
170	59	1 1 1 1 0 0 1 0 1 0 0 1 0 0 0 0
170	2	1 0 1 1 0 1 1 0 1 0 0 1 0 0 0 0
170	2	1 0 1 1 1 0 1 0 1 0 1 1 0 0 0 0
170	2	1 0 0 1 0 0 1 1 1 1 0 1 0 0 0 0
170	19	1 0 1 1 1 0 1 0 1 1 0 1 0 0 0 0
170	4	1 0 1 0 0 0 1 0 1 1 0 1 0 1 0 0
170	13	1 0 0 1 0 0 1 0 1 0 1 1 0 0 0 0
170	53	1 1 1 1 0 0 1 1 1 0 1 0 0 0 0 1
170	9	1 0 0 1 1 0 1 0 1 0 1 0 0 0 0 0
170	14	1 0 1 0 0 0 0 0 1 0 0 0 0 0 0 0
170	4	1 0 0 0 0 0 1 0 1 0 0 1 0 0 0 0
170	14	1 0 1 1 1 1 1 0 1 0 0 1 0 0 0 0
170	7	1 0 0 0 0 0 1 0 1 1 0 1 0 0 0 0
170	5	1 0 1 0 0 0 1 0 1 0 1 0 0 1 0 0
170	7	0 0 1 0 0 0 1 0 0 0 1 1 0 0 0 0
170	14	1 0 1 1 0 1 1 1 1 1 0 1 0 0 0 0
170	3	1 0 1 0 0 0 0 0 1 1 0 1 0 1 0 0
170	24	1 1 1 1 0 0 1 0 1 0 0 1 0 1 1 0
170	1	1 0 0 0 0 0 1 1 1 0 0 1 1 0 0 0
170	12	1 0 0 0 0 0 1 1 1 1 0 1 0 0 0 0
170	9	1 0 1 0 0 0 1 0 1 0 1 0 0 0 0 0
170	2	1 0 1 0 0 0 1 0 0 0 0 1 0 0 0 0
170	3	1 0 1 0 0 0 1 1 1 0 0 0 0 0 0 0
170	2	1 1 1 0 0 0 0 0 0 0 0 1 0 1 0 0
170	8	0 1 1 0 0 0 1 0 1 0 0 1 0 0 0 0
170	14	0 0 0 1 0 0 1 0 1 0 1 1 0 0 0 0
170	3	1 0 1 0 1 0 1 0 1 1 0 1 0 0 0 0
170	7	1 0 1 0 0 0 1 1 1 0 0 1 1 1 0 0
170	1	1 0 1 1 0 0 1 0 0 1 1 0 0 1 0 0
170	1	1 0 0 1 0 0 1 0 1 0 0 0 0 0 0 0
170	3	1 0 0 0 0 0 1 0 1 1 1 0 0 0 0 1
170	6	1 0 1 1 1 0 1 0 0 0 1 0 0 0 0 0
170	19	1 1 1 1 1 0 1 0 1 0 0 1 0 0 0 0
170	6	1 0 1 1 0 1 0 1 0 0 0 1 0 0 0 0
170	3	1 0 1 1 1 0 1 1 1 0 1 0 0 0 0 0
170	5	0 0 1 0 0 0 1 0 0 0 1 1 0 0 1 0
170	4	1 1 1 1 0 0 1 1 1 0 1 0 0 0 0 0
170	7	1 0 1 0 1 0 1 0 1 0 0 1 0 0 0 0
170	1	1 1 1 0 0 0 1 0 1 0 0 1 1 0 0 0
170	13	1 0 1 1 1 0 1 0 1 0 0 0 0 0 0 0
170	12	1 0 1 0 0 0 0 0 0 0 0 1 0 1 0 0
170	4	1 0 1 1 0 0 1 1 1 0 0 1 0 0 0 0
170	5	1 0 0 1 0 0 1 1 1 0 0 1 0 0 0 0
170	5	0 0 1 0 0 0 1 0 1 0 1 0 0 1 0 0
170	3	1 1 1 0 0 0 1 0 1 1 0 1 0 0 0 0
170	12	0 0 0 1 0 0 1 0 1 0 0 1 0 1 0 0
170	8	1 1 1 1 1 0 1 0 1 0 0 1 0 1 1 0
170	3	1 0 1 0 0 0 1 1 1 0 0 1 1 1 0 1
170	6	1 0 1 1 0 1 1 1 1 0 0 0 0 0 0 0
170	1	1 1 0 1 0 0 1 1 1 0 1 0 0 0 0 1
170	6	1 0 1 1 0 0 1 0 1 0 1 1 0 0 0 0
170	2	1 0 0 0 0 0 1 1 1 0 1 0 0 0 0 0
170	2	1 0 1 1 0 1 0 0 1 0 0 1 0 0 0 0
170	4	1 0 0 0 0 0 1 0 1 0 1 0 0 0 0 0
170	3	1 1 1 0 1 0 1 0 1 0 0 1 0 0 0 0
170	3	1 0 1 0 0 0 1 1 1 1 0 1 0 0 0 0
170	1	1 0 1 1 0 0 1 0 1 0 1 1 1 0 0 0
170	5	1 0 1 0 0 0 1 0 1 0 1 0 0 0 0 1
170	2	1 0 0 0 0 0 1 1 1 0 1 1 0 0 0 0
170	4	1 0 1 1 1 0 1 0 1 0 1 1 0 0 0 1
170	4	0 0 1 0 1 0 1 0 0 0 1 1 0 0 0 0
170	4	1 1 1 0 0 0 1 1 1 0 1 0 0 0 0 1
170	2	1 0 0 1 0 0 1 0 1 0 1 0 0 0 0 0
170	5	1 0 0 0 0 0 1 0 1 0 1 1 0 0 0 0
170	2	1 0 1 0 0 0 1 0 1 1 1 1 0 0 0 0
170	8	1 0 1 1 1 0 1 0 1 0 1 0 0 0 1 0
170	1	1 0 1 1 0 0 1 0 1 0 0 0 0 0 0 0
170	1	1 0 1 0 1 0 0 0 1 0 0 0 0 0 0 0
170	3	0 0 0 1 0 0 1 0 1 0 1 0 0 0 0 0
170	1	1 0 1 1 1 0 1 1 1 0 1 0 0 0 1 0
170	1	1 1 1 0 0 0 1 0 1 0 1 1 0 0 0 0
170	4	1 0 1 1 0 0 1 1 1 0 1 0 1 0 0 0
170	1	1 0 1 0 1 0 0 0 1 1 0 1 0 1 0 0
170	1	1 1 1 0 0 0 1 1 1 0 0 0 0 0 0 0
170	3	1 1 1 1 1 0 1 0 0 0 0 1 0 0 0 0
170	4	1 1 0 1 0 0 1 0 1 0 0 1 0 0 0 0
170	5	1 0 0 1 0 0 0 0 1 0 0 0 0 0 0 0
170	2	1 1 0 0 0 0 1 0 1 0 0 1 0 0 0 0
170	5	1 0 1 1 0 1 1 0 1 1 0 1 0 0 0 0
170	1	1 0 1 1 1 0 0 0 1 0 0 1 0 0 0 0
170	2	1 0 1 1 1 0 1 1 1 0 0 1 0 0 0 0
170	3	1 0 1 1 1 0 1 0 1 1 0 1 1 0 0 0
170	1	1 0 0 0 0 0 1 0 1 0 0 1 1 0 0 0
170	2	1 1 1 1 0 0 1 1 1 1 1 0 0 0 0 0
170	3	1 1 1 1 1 0 1 0 0 0 0 1 0 0 1 0
170	1	1 1 1 0 1 0 1 0 1 0 1 0 0 0 0 0
170	1	1 0 1 1 1 0 1 0 1 1 1 0 0 0 0 0
170	1	1 1 1 1 0 0 1 1 1 0 0 0 1 0 0 1
170	1	1 0 1 0 0 0 0 0 1 1 0 1 0 0 0 0
170	1	1 0 0 1 1 0 1 0 1 1 0 1 0 0 0 0
170	1	1 1 1 0 0 0 1 0 0 0 0 1 0 0 0 0
170	1	1 0 1 1 1 0 1 0 1 0 1 0 1 0 0 0
170	1	1 1 1 1 0 0 1 0 1 0 0 1 0 0 0 1
170	2	1 0 0 1 0 0 1 0 1 1 0 1 0 0 0 0
170	1	1 1 1 1 0 0 1 0 1 0 0 0 0 1 1 0
170	2	0 0 1 0 0 0 1 1 0 0 1 1 0 0 1 0
180	20	1 0 1 0 0 0 1 0 1 0 0 1 0 0 0 0
180	26	1 0 1 0 0 0 1 0 1 0 1 1 0 0 0 0
180	24	1 1 1 0 0 0 1 0 1 0 0 1 0 0 0 0
180	12	1 0 1 0 0 0 1 0 1 0 0 0 0 0 0 0
180	5	1 0 1 0 0 0 1 0 1 1 0 1 0 0 0 0
180	55	1 0 1 1 0 0 1 0 1 0 0 1 0 0 0 0
180	5	1 0 1 1 0 0 1 1 1 1 1 0 1 0 0 0
180	14	1 0 1 0 0 0 0 0 1 0 0 1 0 0 0 0
180	63	1 0 1 1 1 0 1 0 1 0 1 0 0 0 0 0
180	39	1 0 1 1 0 0 1 0 1 0 1 0 1 0 0 0
180	26	1 0 1 0 1 0 1 0 1 0 1 0 0 0 0 0
180	27	1 1 1 0 0 0 0 0 0 0 0 1 0 0 0 0
180	30	1 0 1 1 0 0 1 0 1 0 1 0 0 0 0 0
180	6	1 0 0 1 0 1 0 1 0 1 0 0 1 0 0 1
180	26	1 0 0 0 0 0 1 1 1 0 0 1 0 0 0 0
180	31	1 0 1 1 1 0 1 0 1 0 0 1 0 0 0 0
180	82	1 1 1 1 0 0 1 0 1 0 0 1 0 0 0 0
180	2	1 0 1 1 1 0 1 0 1 0 1 1 0 0 0 0
180	2	1 0 0 1 0 0 1 1 1 1 0 1 0 0 0 0
180	15	1 0 1 1 1 0 1 0 1 1 0 1 0 0 0 0
180	6	1 0 0 1 0 0 1 0 1 0 1 1 0 0 0 0
180	87	1 1 1 1 0 0 1 1 1 0 1 0 0 0 0 1
180	12	1 0 1 0 0 0 0 0 1 0 0 0 0 0 0 0
180	5	1 0 1 1 1 1 1 0 1 0 0 1 0 0 0 0
180	25	1 0 1 0 0 0 1 0 1 0 1 0 0 1 0 0
180	5	1 0 1 1 0 1 1 1 1 1 0 1 0 0 0 0
180	12	1 1 1 1 0 0 1 0 1 0 0 1 0 1 1 0
180	1	1 0 0 0 0 0 1 1 1 1 0 1 0 0 0 0
180	5	1 0 1 0 0 0 1 0 1 0 1 0 0 0 0 0
180	2	1 0 1 0 0 0 1 0 0 0 0 1 0 0 0 0
180	11	1 1 1 0 0 0 0 0 0 0 0 1 0 1 0 0
180	20	0 1 1 0 0 0 1 0 1 0 0 1 0 0 0 0
180	5	0 0 0 1 0 0 1 0 1 0 1 1 0 0 0 0
180	13	1 0 0 1 0 0 1 0 1 0 0 0 0 0 0 0
180	4	1 0 1 1 1 0 1 0 0 0 1 0 0 0 0 0
180	37	1 1 1 1 1 0 1 0 1 0 0 1 0 0 0 0
180	5	1 0 1 1 0 1 0 1 0 0 0 1 0 0 0 0
180	7	1 1 1 1 0 0 1 1 1 0 1 0 0 0 0 0
180	4	1 0 1 0 1 0 1 0 1 0 0 1 0 0 0 0
180	13	1 0 1 1 1 0 1 0 1 0 0 0 0 0 0 0
180	18	0 0 0 1 0 0 1 0 1 0 0 1 0 1 0 0
180	8	1 1 1 1 1 0 1 0 1 0 0 1 0 1 1 0
180	7	1 0 1 1 0 1 1 1 1 0 0 0 0 0 0 0
180	6	1 0 0 0 0 0 1 0 1 0 1 0 0 0 0 0
180	3	1 0 1 0 0 0 1 1 1 1 0 1 0 0 0 0
180	8	1 0 1 0 0 0 1 0 1 0 1 0 0 0 0 1
180	1	0 0 1 0 1 0 1 0 0 0 1 1 0 0 0 0
180	4	1 0 1 1 1 0 1 1 1 0 0 1 0 0 0 0
180	20	1 1 1 1 1 0 1 0 0 0 0 1 0 0 1 0
180	7	1 0 0 1 1 0 1 0 1 1 0 1 0 0 0 0
180	2	1 0 0 1 0 0 1 0 1 1 0 1 0 0 0 0
180	7	1 1 1 1 1 0 1 0 1 0 1 0 0 0 0 0
180	3	0 1 1 1 0 0 1 1 1 0 1 0 0 0 0 1
180	6	1 0 1 1 1 0 1 0 1 0 0 0 0 0 0 1
180	2	1 0 1 0 1 0 1 0 1 0 1 1 0 0 0 0
180	1	1 0 0 0 0 0 1 0 1 1 0 1 0 1 0 0
180	3	1 0 1 1 1 0 0 0 1 0 1 0 0 0 0 0
180	3	1 0 1 1 1 0 1 0 1 0 1 0 0 0 0 1
180	4	0 0 1 0 0 0 1 1 1 0 0 1 0 0 0 0
180	5	1 1 1 1 0 0 1 0 1 0 1 0 0 0 0 0
180	2	1 0 1 1 0 1 1 1 1 1 0 1 1 0 0 0
180	1	1 0 1 1 0 1 0 1 0 0 0 1 1 0 0 0
180	9	0 0 1 1 1 0 1 0 1 0 1 0 0 0 0 0
180	9	1 0 0 0 0 0 1 1 1 0 0 1 0 0 0 1
180	2	1 0 1 1 1 0 1 0 0 0 1 0 1 0 0 0
180	9	1 1 1 1 1 0 1 0 1 0 0 0 0 0 0 0
180	4	0 0 1 1 1 0 1 0 1 1 0 1 0 0 0 0
180	3	1 1 1 0 0 0 0 0 0 0 1 1 0 0 0 0
180	3	0 1 1 0 0 0 1 0 0 0 1 1 0 0 0 0
180	2	1 1 1 1 0 0 1 0 1 0 1 0 1 0 0 0
180	2	1 0 1 1 0 0 1 0 1 0 0 1 1 0 0 0
180	6	1 0 1 0 1 0 1 0 1 0 0 0 0 0 0 0
180	5	0 0 1 0 0 0 1 0 0 0 1 1 0 0 1 0
180	2	1 0 1 1 1 0 1 1 1 0 0 1 0 1 0 0
180	4	1 0 1 1 1 0 1 0 1 1 0 0 0 0 0 0
180	1	1 0 0 1 0 0 1 0 1 1 0 1 0 0 1 0
180	1	0 1 1 0 0 0 1 0 1 0 0 1 0 0 1 0
180	1	1 0 1 0 0 0 1 0 1 0 1 0 1 0 0 0
180	1	0 0 1 0 0 0 1 0 1 0 1 0 0 0 0 1
180	1	1 1 1 0 0 0 1 0 1 0 1 1 0 0 0 0
180	2	1 0 1 1 0 0 1 0 0 0 1 0 1 0 0 0
180	6	1 0 1 0 0 0 0 0 1 0 1 0 0 0 0 0
180	1	1 0 1 1 1 0 1 1 1 0 0 0 0 0 0 1
180	2	1 1 1 0 0 0 1 0 1 0 1 0 0 0 0 1
180	1	1 1 1 0 0 0 0 0 0 0 1 0 0 1 0 0
180	1	1 0 0 1 0 0 1 0 1 0 1 0 0 0 0 0
180	4	1 0 1 1 0 1 1 1 1 0 1 0 0 0 0 0
180	1	1 1 1 0 0 0 1 0 1 0 0 1 0 1 0 0
180	3	1 0 1 1 0 0 1 0 1 1 0 1 0 0 0 0
180	1	1 1 1 0 0 0 0 0 1 0 0 1 0 0 0 0
180	1	1 1 1 1 0 0 1 0 1 0 0 1 1 0 0 0
180	2	1 0 1 1 0 1 1 1 1 1 1 0 0 0 0 0
190	4	1 0 1 0 0 0 1 0 1 0 0 1 0 0 0 0
190	11	1 0 1 0 0 0 1 0 1 0 1 1 0 0 0 0
190	16	1 1 1 0 0 0 1 0 1 0 0 1 0 0 0 0
190	9	1 0 1 0 0 0 1 0 1 0 0 0 0 0 0 0
190	39	1 0 1 1 0 0 1 0 1 0 0 1 0 0 0 0
190	12	1 0 1 1 0 0 1 1 1 1 1 0 1 0 0 0
190	49	1 0 1 0 0 0 0 0 1 0 0 1 0 0 0 0
190	49	1 0 1 1 1 0 1 0 1 0 1 0 0 0 0 0
190	26	1 0 1 1 0 0 1 0 1 0 1 0 1 0 0 0
190	48	1 0 1 0 1 0 1 0 1 0 1 0 0 0 0 0
190	35	1 0 1 1 0 0 1 0 1 0 1 0 0 0 0 0
190	6	1 0 0 1 0 1 0 1 0 1 0 0 1 0 0 1
190	15	1 0 0 0 0 0 1 1 1 0 0 1 0 0 0 0
190	40	1 0 1 1 1 0 1 0 1 0 0 1 0 0 0 0
190	80	1 1 1 1 0 0 1 0 1 0 0 1 0 0 0 0
190	18	1 0 1 1 1 0 1 0 1 1 0 1 0 0 0 0
190	61	1 1 1 1 0 0 1 1 1 0 1 0 0 0 0 1
190	10	1 0 1 1 1 1 1 0 1 0 0 1 0 0 0 0
190	21	1 0 1 0 0 0 1 0 1 0 1 0 0 1 0 0
190	9	1 0 1 1 0 1 1 1 1 1 0 1 0 0 0 0
190	4	1 1 1 1 0 0 1 0 1 0 0 1 0 1 1 0
190	7	0 1 1 0 0 0 1 0 1 0 0 1 0 0 0 0
190	7	1 0 0 1 0 0 1 0 1 0 0 0 0 0 0 0
190	80	1 1 1 1 1 0 1 0 1 0 0 1 0 0 0 0
190	12	1 1 1 1 0 0 1 1 1 0 1 0 0 0 0 0
190	4	1 0 1 0 1 0 1 0 1 0 0 1 0 0 0 0
190	17	1 0 1 1 1 0 1 0 1 0 0 0 0 0 0 0
190	9	0 0 0 1 0 0 1 0 1 0 0 1 0 1 0 0
190	1	1 1 1 1 1 0 1 0 1 0 0 1 0 1 1 0
190	1	1 0 1 1 0 1 1 1 1 0 0 0 0 0 0 0
190	2	1 0 1 1 1 0 1 1 1 0 0 1 0 0 0 0
190	12	1 1 1 1 1 0 1 0 0 0 0 1 0 0 1 0
190	5	1 0 0 1 1 0 1 0 1 1 0 1 0 0 0 0
190	4	1 0 0 1 0 0 1 0 1 1 0 1 0 0 0 0
190	11	1 1 1 1 1 0 1 0 1 0 1 0 0 0 0 0
190	2	0 1 1 1 0 0 1 1 1 0 1 0 0 0 0 1
190	3	1 0 1 1 1 0 1 0 1 0 0 0 0 0 0 1
190	7	1 1 1 1 0 0 1 0 1 0 1 0 0 0 0 0
190	4	0 0 1 1 1 0 1 0 1 0 1 0 0 0 0 0
190	1	1 1 1 1 1 0 1 0 1 0 0 0 0 0 0 0
190	8	1 0 1 1 0 0 1 0 1 0 0 1 1 0 0 0
190	1	0 0 1 0 0 0 1 0 0 0 1 1 0 0 1 0
190	10	1 0 1 1 1 0 1 1 1 0 0 1 0 1 0 0
190	3	0 0 1 0 0 0 1 0 1 0 1 0 0 0 0 1
190	8	1 0 1 1 0 0 1 0 0 0 1 0 1 0 0 0
190	6	1 0 0 1 0 0 1 0 1 0 1 0 0 0 0 0
190	1	1 0 1 1 0 0 1 0 1 1 0 1 0 0 0 0
190	12	1 1 1 0 0 0 0 0 1 0 0 1 0 0 0 0
190	8	1 1 1 1 0 0 1 1 1 0 1 1 0 0 0 0
190	3	1 0 1 1 0 1 1 0 1 0 1 0 1 0 0 0
190	5	1 0 1 1 0 0 1 0 1 0 0 1 0 0 0 1
190	4	0 0 1 1 0 0 1 1 1 1 1 0 1 0 0 0
190	7	1 0 1 1 0 0 1 0 1 0 1 0 1 0 1 0
190	14	1 0 1 1 0 0 1 0 0 0 1 0 0 0 0 0
190	5	1 0 0 0 0 0 1 0 1 0 1 0 0 1 0 0
190	6	1 1 1 1 0 0 1 1 1 0 0 1 0 0 0 0
190	2	1 1 1 1 1 0 0 0 0 0 0 1 0 0 1 0
190	8	1 0 0 1 0 0 1 0 1 0 0 1 0 0 0 0
190	9	1 1 1 1 0 0 0 0 1 0 1 0 0 0 0 0
190	4	1 0 1 1 0 1 1 0 1 0 1 0 1 0 1 0
190	8	1 1 1 1 0 1 1 0 1 0 0 1 0 0 0 0
190	5	1 1 0 1 1 0 1 0 1 0 0 1 0 0 0 0
190	4	0 0 1 1 1 0 1 0 1 0 0 0 0 0 0 0
190	4	1 1 1 1 1 0 1 0 1 0 0 0 0 0 0 1
190	2	1 0 1 0 0 1 1 0 1 0 0 0 0 0 0 0
190	1	1 0 1 1 0 0 1 1 1 1 1 0 1 0 0 1
190	3	1 0 1 1 0 0 1 0 1 0 1 0 1 0 0 1
190	7	1 1 1 1 0 0 1 0 1 0 0 1 1 0 0 0
190	4	1 1 1 1 0 0 1 0 0 0 0 1 0 0 0 0
190	6	1 1 1 1 0 0 1 1 1 0 1 1 0 0 0 1
190	1	1 0 1 1 0 0 1 0 1 0 0 0 0 0 0 0
190	3	1 0 1 1 0 0 1 0 1 0 0 0 1 0 0 0
190	4	1 1 1 1 0 0 1 0 1 0 1 0 1 0 0 0
190	3	1 0 0 0 0 0 1 0 1 0 1 1 0 0 0 0
190	3	1 0 1 1 1 0 1 0 1 0 1 0 0 0 0 1
190	3	1 0 1 1 0 0 1 0 0 0 1 0 1 0 1 0
190	6	1 1 1 0 1 0 1 0 1 0 0 1 0 0 0 0
190	2	1 0 1 1 0 0 1 1 0 1 1 0 1 0 0 0
190	1	0 0 1 0 0 0 0 0 1 0 0 1 0 0 0 0
190	3	0 1 1 1 0 0 1 0 1 0 0 1 0 0 0 0
190	3	1 1 1 1 1 0 1 0 0 0 0 1 0 0 0 0
190	5	1 1 1 1 1 0 1 1 1 0 0 1 0 0 0 0
190	1	1 0 1 1 1 0 1 0 0 0 0 0 0 0 0 0
190	1	1 0 1 1 0 0 1 0 1 0 1 0 0 1 1 0
190	3	1 1 1 1 0 0 1 0 0 0 0 1 0 0 1 0
190	1	1 0 1 1 1 0 1 0 1 1 0 0 0 0 0 1
190	1	1 0 1 1 1 0 1 0 1 1 1 0 0 0 0 0
190	1	1 0 1 0 1 0 1 0 1 0 0 0 0 0 0 0
190	5	1 1 1 1 0 0 1 0 1 0 1 1 0 0 0 0
190	1	1 1 1 1 0 0 1 1 1 0 1 0 1 0 0 1
190	1	1 1 1 1 0 1 1 1 1 0 1 0 0 0 0 1
190	3	1 0 0 1 1 1 1 0 1 0 0 1 0 0 0 0
190	2	1 0 1 1 1 1 0 0 1 0 0 1 0 0 0 0
190	2	1 0 1 1 1 1 1 0 1 0 0 1 0 0 1 0
190	1	1 1 1 1 1 0 1 0 1 0 0 1 0 1 0 0
190	3	1 1 1 1 1 0 1 0 1 1 0 1 0 0 0 0
190	3	1 1 1 1 1 0 1 0 1 0 0 1 0 0 1 0
190	3	1 0 1 1 0 0 1 0 1 0 1 1 0 0 0 0
190	2	1 1 1 0 0 0 0 0 1 0 1 0 0 0 0 0
190	2	1 1 1 0 0 1 1 0 1 0 0 1 0 0 0 0
190	1	1 0 1 1 0 0 1 0 1 0 1 0 1 1 0 0
190	2	0 0 1 1 0 0 1 0 1 0 1 0 0 0 0 0
190	1	1 0 1 1 1 0 1 1 1 0 0 0 0 0 0 0
190	1	1 1 1 1 0 1 1 0 1 0 1 0 1 0 0 0
190	3	1 1 1 1 0 0 0 0 1 0 0 0 0 0 0 0
200	5	1 0 1 0 0 0 1 0 1 0 0 1 0 0 0 0
200	12	1 1 1 0 0 0 1 0 1 0 0 1 0 0 0 0
200	1	1 0 1 0 0 0 1 0 1 0 0 0 0 0 0 0
200	43	1 0 1 1 0 0 1 0 1 0 0 1 0 0 0 0
200	18	1 0 1 1 0 0 1 1 1 1 1 0 1 0 0 0
200	45	1 0 1 0 0 0 0 0 1 0 0 1 0 0 0 0
200	53	1 0 1 1 1 0 1 0 1 0 1 0 0 0 0 0
200	17	1 0 1 1 0 0 1 0 1 0 1 0 1 0 0 0
200	22	1 0 1 0 1 0 1 0 1 0 1 0 0 0 0 0
200	28	1 0 1 1 0 0 1 0 1 0 1 0 0 0 0 0
200	8	1 0 0 0 0 0 1 1 1 0 0 1 0 0 0 0
200	32	1 0 1 1 1 0 1 0 1 0 0 1 0 0 0 0
200	78	1 1 1 1 0 0 1 0 1 0 0 1 0 0 0 0
200	11	1 0 1 1 1 0 1 0 1 1 0 1 0 0 0 0
200	76	1 1 1 1 0 0 1 1 1 0 1 0 0 0 0 1
200	14	1 0 1 1 1 1 1 0 1 0 0 1 0 0 0 0
200	7	1 0 1 0 0 0 1 0 1 0 1 0 0 1 0 0
200	19	1 0 1 1 0 1 1 1 1 1 0 1 0 0 0 0
200	114	1 1 1 1 1 0 1 0 1 0 0 1 0 0 0 0
200	34	1 1 1 1 0 0 1 1 1 0 1 0 0 0 0 0
200	4	1 0 1 1 1 0 1 0 1 0 0 0 0 0 0 0
200	5	1 1 1 1 1 0 1 0 0 0 0 1 0 0 1 0
200	15	1 1 1 1 1 0 1 0 1 0 1 0 0 0 0 0
200	16	1 1 1 1 0 0 1 0 1 0 1 0 0 0 0 0
200	11	0 0 1 1 1 0 1 0 1 0 1 0 0 0 0 0
200	5	1 0 1 1 0 0 1 0 1 0 0 1 1 0 0 0
200	11	1 0 1 1 1 0 1 1 1 0 0 1 0 1 0 0
200	3	0 0 1 0 0 0 1 0 1 0 1 0 0 0 0 1
200	14	1 1 1 1 0 0 1 1 1 0 1 1 0 0 0 0
200	18	1 0 1 1 0 0 1 0 1 0 1 0 1 0 1 0
200	11	1 0 1 1 0 0 1 0 0 0 1 0 0 0 0 0
200	8	1 1 1 1 0 0 1 1 1 0 0 1 0 0 0 0
200	10	1 1 1 1 1 0 0 0 0 0 0 1 0 0 1 0
200	1	1 0 0 1 0 0 1 0 1 0 0 1 0 0 0 0
200	16	1 1 1 1 0 0 0 0 1 0 1 0 0 0 0 0
200	1	1 1 1 1 0 1 1 0 1 0 0 1 0 0 0 0
200	10	1 1 0 1 1 0 1 0 1 0 0 1 0 0 0 0
200	3	1 1 1 1 1 0 1 0 1 0 0 0 0 0 0 1
200	6	1 1 1 1 0 0 1 0 1 0 0 1 1 0 0 0
200	20	1 1 1 1 0 0 1 0 0 0 0 1 0 0 0 0
200	6	1 1 1 1 0 0 1 1 1 0 1 1 0 0 0 1
200	7	1 0 1 1 0 0 1 0 1 0 0 0 0 0 0 0
200	1	1 0 1 1 0 0 1 0 1 0 0 0 1 0 0 0
200	9	1 1 1 1 0 0 1 0 1 0 1 0 1 0 0 0
200	10	1 1 1 0 1 0 1 0 1 0 0 1 0 0 0 0
200	8	0 0 1 0 0 0 0 0 1 0 0 1 0 0 0 0
200	3	1 1 1 1 0 0 1 0 1 0 1 1 0 0 0 0
200	3	1 1 1 1 1 0 1 0 1 0 0 1 0 1 0 0
200	1	1 1 1 1 1 0 1 0 1 1 0 1 0 0 0 0
200	8	0 0 1 1 0 0 1 0 1 0 1 0 0 0 0 0
200	3	1 0 1 1 1 0 1 0 0 1 0 1 0 0 0 0
200	5	1 0 1 0 1 0 1 0 0 0 1 0 0 0 0 0
200	4	1 0 0 1 1 0 1 0 1 0 1 0 0 0 0 0
200	11	1 0 1 0 0 1 1 0 1 0 1 0 1 0 0 0
200	3	1 1 1 1 1 0 0 1 0 0 0 1 0 0 1 0
200	5	1 0 1 1 0 0 1 0 1 0 1 0 0 1 0 0
200	1	1 0 1 1 0 0 1 1 1 0 1 0 1 0 1 0
200	2	1 0 1 1 0 0 1 1 1 0 1 0 0 0 0 0
200	1	1 0 1 1 0 0 1 1 1 0 1 0 0 0 0 1
200	2	1 0 1 0 0 0 1 0 1 0 1 1 0 0 0 1
200	1	1 0 1 0 0 0 0 0 1 0 0 1 0 0 1 0
200	1	1 0 1 0 0 0 0 1 1 0 0 1 0 0 0 0
200	1	1 0 1 1 1 0 1 0 1 0 1 0 0 0 1 0
200	10	1 0 0 0 0 0 0 1 1 0 0 1 0 0 0 0
200	3	1 1 1 0 0 0 1 0 1 0 1 0 0 0 0 0
200	4	1 0 1 1 0 0 1 0 1 0 1 1 0 0 0 0
200	1	1 0 1 1 1 0 1 0 1 0 0 1 0 0 1 0
200	7	1 1 1 1 0 0 1 1 1 0 1 0 0 1 0 1
200	10	1 1 1 1 0 1 1 1 1 0 1 0 0 0 0 1
200	2	1 1 1 1 0 0 1 1 1 1 1 1 0 0 0 1
200	2	1 0 1 1 0 0 0 0 1 0 0 1 0 0 0 0
200	4	1 0 1 0 1 0 1 0 1 0 1 0 1 0 0 0
200	1	1 1 1 1 1 0 1 0 1 0 0 1 1 0 0 0
200	1	1 1 1 1 0 0 1 1 1 0 1 0 1 0 0 0
200	3	1 0 1 1 1 0 1 1 1 0 1 0 0 0 0 1
200	4	1 0 1 0 1 0 1 1 1 0 1 0 0 0 0 0
200	1	1 0 1 1 1 0 1 0 1 0 0 1 0 0 0 1
200	1	1 1 1 1 1 0 1 0 1 1 1 0 0 0 0 0
200	2	1 1 1 1 0 1 1 0 1 0 0 0 0 0 0 0
200	2	1 1 1 0 0 0 1 0 1 0 1 0 1 0 0 0
200	1	0 0 1 1 0 0 1 1 1 0 0 1 0 0 0 0
200	1	1 0 1 0 0 0 1 0 1 0 0 1 0 0 0 1
200	2	1 0 1 0 1 0 1 0 1 0 0 1 0 0 0 0
200	1	1 1 1 1 1 0 0 0 1 0 0 1 0 0 0 0
200	3	1 1 1 1 1 0 1 0 1 0 0 1 0 0 1 0
200	2	1 0 1 0 0 1 1 0 1 0 0 0 1 0 0 0
200	3	1 0 1 0 1 0 1 0 1 0 1 0 0 0 1 0
200	2	1 1 1 1 0 0 0 0 1 0 0 1 0 0 0 0
200	2	1 0 1 1 0 0 1 1 1 0 0 1 0 0 0 0
200	3	1 0 1 0 1 0 1 0 1 1 1 0 0 0 0 0
200	1	1 0 1 1 0 1 1 1 1 1 0 1 1 0 0 0
210	9	1 1 1 0 0 0 1 0 1 0 0 1 0 0 0 0
210	41	1 0 1 1 0 0 1 0 1 0 0 1 0 0 0 0
210	2	1 0 1 1 0 0 1 1 1 1 1 0 1 0 0 0
210	9	1 0 1 0 0 0 0 0 1 0 0 1 0 0 0 0
210	33	1 0 1 1 1 0 1 0 1 0 1 0 0 0 0 0
210	1	1 0 1 1 0 0 1 0 1 0 1 0 1 0 0 0
210	13	1 0 1 0 1 0 1 0 1 0 1 0 0 0 0 0
210	12	1 0 1 1 0 0 1 0 1 0 1 0 0 0 0 0
210	5	1 0 0 0 0 0 1 1 1 0 0 1 0 0 0 0
210	63	1 0 1 1 1 0 1 0 1 0 0 1 0 0 0 0
210	33	1 1 1 1 0 0 1 0 1 0 0 1 0 0 0 0
210	9	1 0 1 1 1 0 1 0 1 1 0 1 0 0 0 0
210	72	1 1 1 1 0 0 1 1 1 0 1 0 0 0 0 1
210	46	1 0 1 1 1 1 1 0 1 0 0 1 0 0 0 0
210	3	1 0 1 0 0 0 1 0 1 0 1 0 0 1 0 0
210	19	1 0 1 1 0 1 1 1 1 1 0 1 0 0 0 0
210	131	1 1 1 1 1 0 1 0 1 0 0 1 0 0 0 0
210	37	1 1 1 1 0 0 1 1 1 0 1 0 0 0 0 0
210	5	1 1 1 1 1 0 1 0 0 0 0 1 0 0 1 0
210	17	1 1 1 1 1 0 1 0 1 0 1 0 0 0 0 0
210	19	1 1 1 1 0 0 1 0 1 0 1 0 0 0 0 0
210	2	0 0 1 1 1 0 1 0 1 0 1 0 0 0 0 0
210	6	1 0 1 1 1 0 1 1 1 0 0 1 0 1 0 0
210	12	1 1 1 1 0 0 1 1 1 0 1 1 0 0 0 0
210	7	1 0 1 1 0 0 1 0 1 0 1 0 1 0 1 0
210	14	1 0 1 1 0 0 1 0 0 0 1 0 0 0 0 0
210	13	1 1 1 1 0 0 1 1 1 0 0 1 0 0 0 0
210	6	1 1 1 1 1 0 0 0 0 0 0 1 0 0 1 0
210	16	1 1 1 1 0 0 0 0 1 0 1 0 0 0 0 0
210	2	1 1 0 1 1 0 1 0 1 0 0 1 0 0 0 0
210	12	1 1 1 1 1 0 1 0 1 0 0 0 0 0 0 1
210	22	1 1 1 1 0 0 1 0 0 0 0 1 0 0 0 0
210	7	1 1 1 1 0 0 1 1 1 0 1 1 0 0 0 1
210	8	1 0 1 1 0 0 1 0 1 0 0 0 0 0 0 0
210	30	1 1 1 1 0 0 1 0 1 0 1 0 1 0 0 0
210	2	1 1 1 0 1 0 1 0 1 0 0 1 0 0 0 0
210	9	0 0 1 0 0 0 0 0 1 0 0 1 0 0 0 0
210	3	0 0 1 1 0 0 1 0 1 0 1 0 0 0 0 0
210	6	1 0 1 0 0 1 1 0 1 0 1 0 1 0 0 0
210	2	1 1 1 1 1 0 0 1 0 0 0 1 0 0 1 0
210	16	1 0 0 0 0 0 0 1 1 0 0 1 0 0 0 0
210	3	1 1 1 0 0 0 1 0 1 0 1 0 0 0 0 0
210	12	1 1 1 1 0 0 1 1 1 0 1 0 0 1 0 1
210	1	1 1 1 1 0 0 1 1 1 1 1 1 0 0 0 1
210	9	1 0 1 1 0 0 0 0 1 0 0 1 0 0 0 0
210	6	1 0 1 0 1 0 1 0 1 0 1 0 1 0 0 0
210	3	1 1 1 0 0 0 1 0 1 0 1 0 1 0 0 0
210	5	1 1 1 1 0 0 0 0 1 0 0 1 0 0 0 0
210	7	1 0 1 0 1 0 1 0 1 1 1 0 0 0 0 0
210	1	1 1 1 0 1 0 1 0 1 0 1 0 1 0 0 0
210	2	1 0 1 1 0 0 1 1 1 0 1 1 0 0 0 0
210	3	1 0 1 1 1 0 1 1 1 0 0 1 1 1 0 0
210	8	1 1 1 1 1 0 1 0 1 0 0 0 0 0 0 0
210	6	1 0 1 1 0 0 1 0 1 0 0 1 0 0 0 1
210	9	0 1 1 1 0 0 1 0 1 0 0 1 0 0 0 0
210	4	1 0 1 1 0 0 1 0 1 1 0 0 0 0 0 0
210	10	1 1 1 0 1 0 0 0 1 0 0 1 0 0 0 0
210	15	1 0 1 0 0 0 1 0 1 0 1 0 0 0 0 0
210	8	1 0 1 1 0 0 1 1 1 1 1 0 1 0 0 1
210	12	1 0 1 1 1 0 1 1 1 0 0 1 0 0 0 0
210	4	1 1 1 1 1 0 1 0 1 0 1 0 1 0 0 0
210	2	1 1 1 1 1 0 1 0 0 0 0 1 0 0 0 0
210	2	1 0 0 0 0 0 0 1 1 0 1 1 0 0 0 0
210	3	1 1 1 1 1 0 1 0 1 0 1 0 0 1 0 0
210	3	1 1 1 1 1 0 1 0 1 0 1 1 0 0 0 0
210	2	1 0 1 1 0 0 0 0 0 0 1 0 0 0 0 0
210	4	1 1 1 1 0 0 1 0 1 0 1 1 1 0 0 0
210	5	1 1 1 1 1 0 1 0 1 0 0 1 0 0 0 1
210	4	1 0 1 0 1 0 0 0 1 0 1 0 0 0 0 0
210	3	0 0 1 0 0 0 1 0 1 0 1 0 1 0 1 0
210	5	1 0 1 1 0 0 1 0 1 1 0 1 0 0 0 0
210	2	1 1 1 0 0 0 1 1 1 0 1 0 0 0 0 1
210	7	1 0 1 1 1 1 1 1 1 0 0 1 0 0 0 0
210	2	1 1 1 1 0 1 1 0 1 0 1 0 0 0 0 0
210	7	1 1 1 0 0 0 0 0 1 0 1 0 0 0 0 0
210	7	0 0 1 0 0 0 0 0 1 1 0 1 0 0 0 0
210	2	1 1 1 1 0 0 1 0 1 0 0 1 0 1 0 0
210	1	1 1 1 1 1 1 1 0 1 0 1 0 0 0 0 0
210	1	0 1 1 1 0 0 1 0 1 0 1 0 0 0 0 0
210	1	1 0 1 1 1 0 1 0 0 0 1 0 0 0 0 0
210	3	1 1 1 1 0 0 1 1 1 0 0 1 1 0 0 0
210	2	1 0 0 0 0 0 0 1 1 0 0 1 0 1 0 0
210	1	1 1 1 0 0 0 1 0 1 1 1 0 0 0 0 0
210	2	1 0 1 0 0 0 0 0 0 1 0 1 0 0 0 0
210	5	1 0 1 1 0 0 0 0 0 0 1 0 0 0 0 1
210	3	1 1 1 1 1 0 1 0 1 1 0 1 0 0 0 0
210	1	1 1 1 1 0 0 1 0 1 0 1 0 0 0 0 1
210	3	1 0 1 1 0 1 1 1 1 1 1 0 1 0 0 0
210	1	1 1 0 1 1 0 0 0 0 0 0 1 0 0 1 0
210	4	1 1 1 1 0 0 0 0 0 0 0 1 0 0 1 0
210	1	1 0 1 1 1 0 0 0 0 0 1 0 0 0 0 1
210	1	1 1 1 1 1 0 0 0 1 0 1 0 0 0 0 0
210	1	1 0 1 1 1 0 0 0 1 0 1 0 0 0 0 0
210	1	0 0 1 1 1 0 1 0 1 0 0 1 0 0 0 0
210	1	1 0 1 1 0 1 1 1 1 1 0 1 1 0 0 0
210	2	0 0 1 0 0 0 0 0 1 0 0 1 1 0 0 0
210	2	1 0 0 0 0 0 0 1 1 0 0 1 0 0 0 1
210	1	1 1 1 0 0 0 1 1 1 0 0 1 1 0 0 0
220	7	1 1 1 0 0 0 1 0 1 0 0 1 0 0 0 0
220	48	1 0 1 1 0 0 1 0 1 0 0 1 0 0 0 0
220	29	1 0 1 1 1 0 1 0 1 0 1 0 0 0 0 0
220	2	1 0 1 0 1 0 1 0 1 0 1 0 0 0 0 0
220	11	1 0 1 1 0 0 1 0 1 0 1 0 0 0 0 0
220	52	1 0 1 1 1 0 1 0 1 0 0 1 0 0 0 0
220	64	1 1 1 1 0 0 1 0 1 0 0 1 0 0 0 0
220	4	1 0 1 1 1 0 1 0 1 1 0 1 0 0 0 0
220	33	1 1 1 1 0 0 1 1 1 0 1 0 0 0 0 1
220	12	1 0 1 1 1 1 1 0 1 0 0 1 0 0 0 0
220	2	1 0 1 0 0 0 1 0 1 0 1 0 0 1 0 0
220	11	1 0 1 1 0 1 1 1 1 1 0 1 0 0 0 0
220	128	1 1 1 1 1 0 1 0 1 0 0 1 0 0 0 0
220	33	1 1 1 1 0 0 1 1 1 0 1 0 0 0 0 0
220	27	1 1 1 1 1 0 1 0 1 0 1 0 0 0 0 0
220	39	1 1 1 1 0 0 1 0 1 0 1 0 0 0 0 0
220	8	1 0 1 1 1 0 1 1 1 0 0 1 0 1 0 0
220	24	1 1 1 1 0 0 1 1 1 0 1 1 0 0 0 0
220	33	1 0 1 1 0 0 1 0 0 0 1 0 0 0 0 0
220	35	1 1 1 1 0 0 1 1 1 0 0 1 0 0 0 0
220	8	1 1 1 1 1 0 0 0 0 0 0 1 0 0 1 0
220	12	1 1 1 1 0 0 0 0 1 0 1 0 0 0 0 0
220	1	1 1 0 1 1 0 1 0 1 0 0 1 0 0 0 0
220	4	1 1 1 1 1 0 1 0 1 0 0 0 0 0 0 1
220	27	1 1 1 1 0 0 1 0 0 0 0 1 0 0 0 0
220	6	1 0 1 1 0 0 1 0 1 0 0 0 0 0 0 0
220	34	1 1 1 1 0 0 1 0 1 0 1 0 1 0 0 0
220	4	1 1 1 0 1 0 1 0 1 0 0 1 0 0 0 0
220	19	0 0 1 0 0 0 0 0 1 0 0 1 0 0 0 0
220	13	1 0 0 0 0 0 0 1 1 0 0 1 0 0 0 0
220	5	1 0 1 0 1 0 1 0 1 0 1 0 1 0 0 0
220	4	1 0 1 1 0 0 1 1 1 0 1 1 0 0 0 0
220	16	1 1 1 1 1 0 1 0 1 0 0 0 0 0 0 0
220	15	1 0 1 1 0 0 1 0 1 0 0 1 0 0 0 1
220	2	0 1 1 1 0 0 1 0 1 0 0 1 0 0 0 0
220	18	1 0 1 1 0 0 1 0 1 1 0 0 0 0 0 0
220	16	1 1 1 0 1 0 0 0 1 0 0 1 0 0 0 0
220	3	1 0 1 0 0 0 1 0 1 0 1 0 0 0 0 0
220	1	1 0 1 1 0 0 1 1 1 1 1 0 1 0 0 1
220	2	1 0 1 1 1 0 1 1 1 0 0 1 0 0 0 0
220	4	1 1 1 1 1 0 1 0 1 0 1 0 0 1 0 0
220	3	1 0 1 1 0 0 0 0 0 0 1 0 0 0 0 0
220	14	1 1 1 1 0 0 1 0 1 0 1 1 1 0 0 0
220	1	1 0 1 1 0 0 1 0 1 1 0 1 0 0 0 0
220	1	1 0 1 1 1 1 1 1 1 0 0 1 0 0 0 0
220	3	1 1 1 0 0 0 0 0 1 0 1 0 0 0 0 0
220	6	0 0 1 0 0 0 0 0 1 1 0 1 0 0 0 0
220	6	1 1 1 1 0 0 1 0 1 0 0 1 0 1 0 0
220	5	0 1 1 1 0 0 1 0 1 0 1 0 0 0 0 0
220	11	1 0 1 1 1 0 1 0 0 0 1 0 0 0 0 0
220	13	1 0 1 1 0 1 1 1 1 1 1 0 1 0 0 0
220	4	0 0 1 1 1 0 1 0 1 0 0 1 0 0 0 0
220	20	1 1 1 0 0 0 1 1 1 0 0 1 1 0 0 0
220	2	0 1 1 1 0 0 1 1 1 0 0 1 0 0 0 0
220	2	1 1 1 1 1 0 1 0 1 0 1 0 0 0 1 0
220	1	1 0 1 1 0 0 1 1 1 0 0 1 0 0 0 0
220	3	0 0 1 1 0 0 1 0 1 0 0 1 0 0 0 0
220	3	0 1 1 0 1 0 1 0 1 0 0 1 0 0 0 0
220	2	1 0 1 1 1 0 1 1 1 0 1 1 0 0 0 0
220	1	1 1 1 1 0 0 1 1 1 0 0 1 1 1 0 0
220	1	1 0 1 0 1 0 0 0 1 1 0 1 0 0 0 0
220	3	1 0 0 1 0 1 1 1 1 1 0 1 0 0 0 0
220	1	1 1 1 1 0 0 0 0 1 0 0 0 0 0 0 0
220	5	1 0 1 1 1 1 1 0 0 0 0 1 0 0 0 0
220	3	0 1 1 1 1 0 1 0 1 0 0 1 0 0 0 0
220	4	1 0 1 1 0 0 1 1 1 0 1 0 0 0 0 0
220	4	1 0 1 1 0 0 1 1 1 0 0 1 0 0 0 1
220	3	1 0 1 1 0 0 0 0 1 0 1 0 0 0 0 0
220	2	1 0 1 0 1 0 1 0 1 0 1 1 0 0 1 0
220	1	1 1 1 0 0 0 1 0 1 0 1 1 0 0 0 0
220	1	1 0 1 1 0 1 1 1 1 0 1 0 0 0 0 0
220	2	1 0 0 1 1 0 1 0 1 0 0 1 0 0 0 0
220	2	1 1 1 1 0 0 1 1 0 0 1 0 0 0 0 1
220	4	1 1 1 1 0 0 1 1 1 0 1 0 1 0 0 1
220	3	1 1 1 1 0 0 0 0 1 1 0 1 0 0 0 0
220	1	1 1 1 1 0 0 1 1 1 1 1 0 0 0 0 0
220	2	1 1 1 1 0 0 1 0 1 0 1 0 0 0 1 0
220	4	1 0 1 1 0 1 1 1 1 1 1 0 1 0 1 0
220	3	1 0 1 1 1 0 1 0 1 0 0 0 0 0 0 0
220	1	1 0 1 1 1 0 1 0 0 1 0 1 0 0 0 0
220	2	1 1 1 1 1 0 1 0 1 0 0 1 0 0 1 0
220	1	1 1 1 1 1 0 1 0 1 0 0 1 0 1 0 0
220	4	0 1 1 1 1 0 1 0 1 0 0 0 0 0 0 1
220	2	1 0 1 1 0 0 1 0 1 0 0 1 0 1 0 1
220	1	1 0 1 1 0 0 1 0 1 0 0 1 1 0 0 1
220	4	1 1 1 1 1 0 1 0 0 0 1 0 0 1 0 0
220	2	1 0 0 1 0 0 0 0 0 0 1 0 0 0 0 0
220	2	1 0 0 1 1 0 1 0 0 0 1 0 0 0 0 0
220	2	1 0 1 0 1 0 0 0 1 0 0 1 0 0 0 0
220	1	1 0 1 1 0 1 1 1 1 0 0 1 0 0 0 0
220	2	1 0 1 1 1 1 1 0 1 0 0 1 1 0 0 0
220	1	1 0 1 0 1 1 1 0 1 0 0 1 0 0 0 0
220	3	0 1 1 1 0 0 1 0 0 0 0 1 0 0 0 0
220	3	1 1 1 1 0 0 1 0 1 0 0 0 1 0 0 0
220	3	0 0 0 1 1 0 1 0 1 0 0 1 0 0 0 0
230	2	1 1 1 0 0 0 1 0 1 0 0 1 0 0 0 0
230	42	1 0 1 1 0 0 1 0 1 0 0 1 0 0 0 0
230	35	1 0 1 1 1 0 1 0 1 0 1 0 0 0 0 0
230	17	1 0 1 1 0 0 1 0 1 0 1 0 0 0 0 0
230	72	1 0 1 1 1 0 1 0 1 0 0 1 0 0 0 0
230	74	1 1 1 1 0 0 1 0 1 0 0 1 0 0 0 0
230	24	1 0 1 1 1 0 1 0 1 1 0 1 0 0 0 0
230	33	1 1 1 1 0 0 1 1 1 0 1 0 0 0 0 1
230	11	1 0 1 1 1 1 1 0 1 0 0 1 0 0 0 0
230	110	1 1 1 1 1 0 1 0 1 0 0 1 0 0 0 0
230	36	1 1 1 1 0 0 1 1 1 0 1 0 0 0 0 0
230	37	1 1 1 1 1 0 1 0 1 0 1 0 0 0 0 0
230	13	1 1 1 1 0 0 1 0 1 0 1 0 0 0 0 0
230	2	1 0 1 1 1 0 1 1 1 0 0 1 0 1 0 0
230	11	1 1 1 1 0 0 1 1 1 0 1 1 0 0 0 0
230	3	1 0 1 1 0 0 1 0 0 0 1 0 0 0 0 0
230	20	1 1 1 1 0 0 1 1 1 0 0 1 0 0 0 0
230	15	1 1 1 1 1 0 0 0 0 0 0 1 0 0 1 0
230	11	1 1 1 1 0 0 0 0 1 0 1 0 0 0 0 0
230	45	1 1 1 1 0 0 1 0 0 0 0 1 0 0 0 0
230	3	1 0 1 1 0 0 1 0 1 0 0 0 0 0 0 0
230	19	1 1 1 1 0 0 1 0 1 0 1 0 1 0 0 0
230	7	0 0 1 0 0 0 0 0 1 0 0 1 0 0 0 0
230	4	1 0 0 0 0 0 0 1 1 0 0 1 0 0 0 0
230	3	1 0 1 1 0 0 1 1 1 0 1 1 0 0 0 0
230	44	1 1 1 1 1 0 1 0 1 0 0 0 0 0 0 0
230	12	1 0 1 1 0 0 1 0 1 0 0 1 0 0 0 1
230	16	1 0 1 1 0 0 1 0 1 1 0 0 0 0 0 0
230	1	1 1 1 0 1 0 0 0 1 0 0 1 0 0 0 0
230	9	1 1 1 1 0 0 1 0 1 0 1 1 1 0 0 0
230	4	1 1 1 0 0 0 0 0 1 0 1 0 0 0 0 0
230	2	1 0 1 1 1 0 1 0 0 0 1 0 0 0 0 0
230	6	1 0 1 1 0 1 1 1 1 1 1 0 1 0 0 0
230	47	1 1 1 0 0 0 1 1 1 0 0 1 1 0 0 0
230	2	0 0 1 1 0 0 1 0 1 0 0 1 0 0 0 0
230	2	1 0 0 1 0 1 1 1 1 1 0 1 0 0 0 0
230	5	1 0 1 1 1 1 1 0 0 0 0 1 0 0 0 0
230	18	0 1 1 1 1 0 1 0 1 0 0 1 0 0 0 0
230	3	1 1 1 1 0 0 0 0 1 1 0 1 0 0 0 0
230	7	1 0 0 1 0 0 0 0 0 0 1 0 0 0 0 0
230	16	1 1 1 0 0 0 1 1 1 0 0 1 0 0 0 0
230	7	1 1 1 1 1 0 1 0 0 0 0 1 0 0 0 0
230	7	1 1 1 1 1 0 1 0 1 0 0 1 0 0 1 0
230	4	1 1 1 1 0 0 1 0 1 0 1 0 1 0 0 1
230	4	1 1 1 0 0 0 1 1 1 1 0 1 1 0 0 0
230	1	1 1 1 1 1 0 1 0 1 1 0 1 0 0 0 0
230	9	1 0 1 1 0 0 1 1 1 0 0 1 0 0 0 0
230	5	1 0 1 1 1 0 1 0 1 0 0 1 0 0 1 0
230	21	1 1 1 1 0 0 1 0 1 0 1 1 0 0 0 0
230	7	1 1 1 1 1 0 0 1 0 0 0 1 0 0 1 0
230	5	1 0 1 1 0 0 1 0 1 1 0 1 0 0 0 0
230	5	1 0 1 1 1 0 1 0 1 0 1 0 1 0 0 0
230	9	1 0 1 1 1 1 1 0 1 0 0 0 0 0 0 0
230	4	1 1 1 0 1 0 0 0 1 0 0 0 0 0 0 0
230	3	1 1 1 1 1 0 1 0 1 0 1 1 1 0 0 0
230	3	1 1 1 1 0 0 1 1 0 0 1 0 0 0 0 0
230	5	1 1 1 1 0 0 1 0 0 0 1 0 0 0 0 0
230	1	1 1 1 1 0 0 1 0 1 0 0 0 0 0 0 0
230	1	1 0 1 0 1 0 1 0 1 0 0 1 0 0 0 0
230	4	1 0 0 1 1 0 1 0 1 0 0 1 0 0 0 0
230	3	1 0 1 1 1 0 1 0 1 1 0 1 1 0 0 0
230	1	1 1 1 1 1 0 1 1 1 0 0 1 0 0 0 0
230	3	1 1 1 1 0 0 0 0 1 0 1 0 1 0 0 0
230	2	1 0 1 1 1 0 1 0 1 0 0 0 0 0 0 0
230	6	1 1 1 0 0 0 1 1 1 0 1 1 0 0 0 0
230	1	1 0 1 1 1 0 1 0 1 0 0 1 0 1 0 0
230	4	1 1 1 1 0 0 1 0 1 1 0 1 0 0 0 0
230	5	1 1 1 1 0 0 1 0 1 0 0 1 0 0 0 1
230	2	1 1 1 1 0 0 1 1 1 0 1 1 1 0 0 0
230	4	1 1 1 1 0 0 0 0 1 0 0 1 0 0 0 0
230	3	1 0 0 1 1 0 0 0 0 0 1 0 0 0 0 0
230	2	1 1 1 1 0 0 1 0 1 0 1 0 0 0 0 1
230	1	1 0 1 0 1 0 1 0 1 0 1 0 0 0 0 0
230	1	1 0 1 1 0 0 1 0 1 0 1 0 0 0 1 0
230	2	1 1 1 1 1 0 1 0 1 0 1 0 0 0 1 0
230	2	1 1 1 1 0 0 1 0 0 0 0 1 1 0 0 0
230	1	1 1 1 1 0 0 1 0 0 0 1 0 1 0 0 0
230	3	1 1 1 1 1 0 1 0 1 0 0 0 0 0 0 1
230	1	0 1 1 1 1 0 1 0 1 0 0 0 0 0 0 0
230	2	1 1 1 1 1 0 1 0 1 0 0 0 0 0 1 0
230	1	0 0 1 1 0 0 1 0 1 0 0 1 0 0 0 1
230	1	1 0 0 0 0 0 0 0 0 0 1 0 0 0 0 0
230	1	1 0 0 1 0 0 1 0 0 0 1 0 0 0 0 0
240	5	1 0 1 1 0 0 1 0 1 0 0 1 0 0 0 0
240	54	1 0 1 1 1 0 1 0 1 0 1 0 0 0 0 0
240	9	1 0 1 1 0 0 1 0 1 0 1 0 0 0 0 0
240	43	1 0 1 1 1 0 1 0 1 0 0 1 0 0 0 0
240	89	1 1 1 1 0 0 1 0 1 0 0 1 0 0 0 0
240	16	1 0 1 1 1 0 1 0 1 1 0 1 0 0 0 0
240	30	1 1 1 1 0 0 1 1 1 0 1 0 0 0 0 1
240	89	1 1 1 1 1 0 1 0 1 0 0 1 0 0 0 0
240	26	1 1 1 1 0 0 1 1 1 0 1 0 0 0 0 0
240	25	1 1 1 1 1 0 1 0 1 0 1 0 0 0 0 0
240	21	1 1 1 1 0 0 1 0 1 0 1 0 0 0 0 0
240	17	1 1 1 1 0 0 1 1 1 0 1 1 0 0 0 0
240	12	1 0 1 1 0 0 1 0 0 0 1 0 0 0 0 0
240	18	1 1 1 1 0 0 1 1 1 0 0 1 0 0 0 0
240	10	1 1 1 1 0 0 0 0 1 0 1 0 0 0 0 0
240	31	1 1 1 1 0 0 1 0 0 0 0 1 0 0 0 0
240	12	1 1 1 1 0 0 1 0 1 0 1 0 1 0 0 0
240	5	1 0 1 1 0 0 1 1 1 0 1 1 0 0 0 0
240	61	1 1 1 1 1 0 1 0 1 0 0 0 0 0 0 0
240	1	1 0 1 1 0 0 1 0 1 0 0 1 0 0 0 1
240	54	1 0 1 1 0 0 1 0 1 1 0 0 0 0 0 0
240	2	1 0 1 1 0 1 1 1 1 1 1 0 1 0 0 0
240	19	1 1 1 0 0 0 1 1 1 0 0 1 1 0 0 0
240	9	1 0 1 1 1 1 1 0 0 0 0 1 0 0 0 0
240	24	0 1 1 1 1 0 1 0 1 0 0 1 0 0 0 0
240	3	1 1 1 1 0 0 0 0 1 1 0 1 0 0 0 0
240	20	1 1 1 0 0 0 1 1 1 0 0 1 0 0 0 0
240	6	1 1 1 1 1 0 1 0 0 0 0 1 0 0 0 0
240	3	1 1 1 1 1 0 1 0 1 0 0 1 0 0 1 0
240	4	1 1 1 1 0 0 1 0 1 0 1 0 1 0 0 1
240	10	1 1 1 0 0 0 1 1 1 1 0 1 1 0 0 0
240	63	1 1 1 1 0 0 1 0 1 0 1 1 0 0 0 0
240	12	1 1 1 1 1 0 0 1 0 0 0 1 0 0 1 0
240	2	1 0 1 1 1 0 1 0 1 0 1 0 1 0 0 0
240	1	1 1 1 0 1 0 0 0 1 0 0 0 0 0 0 0
240	5	1 1 1 1 0 0 1 1 0 0 1 0 0 0 0 0
240	3	1 1 1 1 1 0 1 1 1 0 0 1 0 0 0 0
240	11	1 1 1 1 0 0 0 0 1 0 1 0 1 0 0 0
240	1	1 0 1 1 1 0 1 0 1 0 0 0 0 0 0 0
240	17	1 1 1 1 0 0 1 0 1 0 0 1 0 0 0 1
240	4	1 1 1 1 0 0 1 1 1 0 1 1 1 0 0 0
240	1	1 0 1 0 1 0 1 0 1 0 1 0 0 0 0 0
240	1	1 0 1 1 0 0 1 0 1 0 1 0 0 0 1 0
240	1	0 1 1 1 1 0 1 0 1 0 0 0 0 0 0 0
240	3	1 0 0 0 0 0 0 0 0 0 1 0 0 0 0 0
240	4	1 0 0 1 0 0 1 0 0 0 1 0 0 0 0 0
240	3	1 1 1 1 0 0 1 1 1 0 0 0 0 0 0 1
240	12	1 1 1 1 0 0 1 0 0 1 0 1 0 0 0 0
240	12	1 1 1 0 0 0 0 0 1 0 1 1 0 0 0 0
240	1	0 1 1 1 1 0 1 0 1 0 1 0 0 0 0 0
240	1	1 1 1 1 0 0 1 0 1 1 0 0 0 0 0 0
240	1	1 1 1 0 0 0 1 1 0 0 1 0 0 0 0 0
240	9	1 1 1 0 0 0 1 0 0 0 0 1 1 0 0 0
240	3	0 1 1 1 0 0 1 0 1 0 0 1 1 0 0 1
240	4	1 0 1 1 0 0 1 0 1 0 0 1 0 1 0 0
240	2	1 1 1 1 1 0 1 0 1 0 1 1 0 0 0 0
240	9	1 1 1 1 0 0 1 1 0 0 1 1 0 0 0 0
240	1	1 1 0 1 0 0 1 0 1 0 1 0 1 0 0 0
240	3	1 0 1 1 1 0 1 1 1 0 0 1 1 0 0 0
240	9	1 1 1 1 0 0 1 0 1 0 0 0 0 0 0 0
240	1	1 1 1 1 0 0 1 1 1 0 1 1 0 0 0 1
240	4	0 1 1 1 0 0 1 1 1 0 1 0 0 0 0 1
240	4	1 0 1 1 0 0 0 0 1 1 0 0 0 0 0 0
240	7	1 0 1 1 1 0 1 0 1 0 1 0 0 1 0 0
240	2	1 0 1 1 1 0 1 0 1 0 0 1 0 0 1 0
240	2	1 0 1 1 0 0 0 0 1 0 0 0 0 0 0 0
240	6	1 1 1 0 1 0 1 0 1 0 0 0 0 0 0 0
240	2	1 0 1 1 0 0 1 0 0 0 0 1 0 0 0 1
240	2	1 0 1 0 0 0 1 1 1 0 0 1 1 0 0 0
240	5	1 0 1 1 1 0 1 0 1 0 1 0 0 0 1 0
240	4	1 0 1 1 1 0 1 0 1 1 0 1 0 0 0 1
240	1	1 1 0 1 1 0 1 0 1 0 1 0 0 0 0 0
240	1	1 0 1 1 0 0 1 0 0 1 0 0 0 0 0 0
240	1	1 1 1 1 0 0 0 0 1 0 0 1 0 0 1 0
240	1	1 0 1 1 0 0 1 0 0 0 1 1 0 0 0 0
240	2	1 1 1 1 0 0 1 0 0 0 0 0 0 0 0 0
240	1	1 1 1 1 1 0 1 0 1 1 0 1 0 0 0 0
240	5	1 0 1 1 0 0 1 0 1 1 0 1 0 0 0 0
240	2	1 1 0 1 1 0 1 0 1 0 0 1 0 0 0 0
240	2	1 0 1 1 0 1 1 0 1 1 0 0 0 0 0 0
240	2	1 1 1 1 0 0 1 0 1 0 1 1 0 0 0 1
240	2	1 1 1 1 0 0 1 0 1 0 0 0 0 0 0 1
240	3	1 0 1 1 0 0 1 0 1 0 0 1 1 0 0 0
240	2	0 0 1 1 1 0 1 0 1 0 0 1 0 0 0 0
240	5	1 0 1 1 1 0 1 1 1 1 0 1 0 0 0 0
240	2	1 1 0 1 0 0 1 1 1 0 0 1 0 0 0 0
240	1	1 1 1 1 0 1 1 1 1 1 1 0 1 0 0 0
240	1	1 0 0 1 1 0 1 0 1 0 0 1 0 0 1 0
250	23	1 0 1 1 1 0 1 0 1 0 1 0 0 0 0 0
250	11	1 0 1 1 0 0 1 0 1 0 1 0 0 0 0 0
250	9	1 0 1 1 1 0 1 0 1 0 0 1 0 0 0 0
250	85	1 1 1 1 0 0 1 0 1 0 0 1 0 0 0 0
250	7	1 0 1 1 1 0 1 0 1 1 0 1 0 0 0 0
250	7	1 1 1 1 0 0 1 1 1 0 1 0 0 0 0 1
250	69	1 1 1 1 1 0 1 0 1 0 0 1 0 0 0 0
250	42	1 1 1 1 0 0 1 1 1 0 1 0 0 0 0 0
250	17	1 1 1 1 1 0 1 0 1 0 1 0 0 0 0 0
250	29	1 1 1 1 0 0 1 0 1 0 1 0 0 0 0 0
250	3	1 1 1 1 0 0 1 1 1 0 1 1 0 0 0 0
250	6	1 0 1 1 0 0 1 0 0 0 1 0 0 0 0 0
250	3	1 1 1 1 0 0 1 1 1 0 0 1 0 0 0 0
250	2	1 1 1 1 0 0 0 0 1 0 1 0 0 0 0 0
250	28	1 1 1 1 0 0 1 0 0 0 0 1 0 0 0 0
250	7	1 1 1 1 0 0 1 0 1 0 1 0 1 0 0 0
250	3	1 0 1 1 0 0 1 1 1 0 1 1 0 0 0 0
250	116	1 1 1 1 1 0 1 0 1 0 0 0 0 0 0 0
250	21	1 0 1 1 0 0 1 0 1 1 0 0 0 0 0 0
250	7	1 0 1 1 0 1 1 1 1 1 1 0 1 0 0 0
250	18	1 1 1 0 0 0 1 1 1 0 0 1 1 0 0 0
250	4	1 0 1 1 1 1 1 0 0 0 0 1 0 0 0 0
250	14	0 1 1 1 1 0 1 0 1 0 0 1 0 0 0 0
250	6	1 1 1 1 1 0 1 0 0 0 0 1 0 0 0 0
250	1	1 1 1 1 1 0 1 0 1 0 0 1 0 0 1 0
250	13	1 1 1 0 0 0 1 1 1 1 0 1 1 0 0 0
250	70	1 1 1 1 0 0 1 0 1 0 1 1 0 0 0 0
250	16	1 1 1 1 1 0 0 1 0 0 0 1 0 0 1 0
250	3	1 1 1 1 0 0 1 1 0 0 1 0 0 0 0 0
250	13	1 1 1 1 0 0 0 0 1 0 1 0 1 0 0 0
250	37	1 1 1 1 0 0 1 0 1 0 0 1 0 0 0 1
250	9	1 1 1 1 0 0 1 1 1 0 1 1 1 0 0 0
250	1	1 0 1 0 1 0 1 0 1 0 1 0 0 0 0 0
250	3	1 1 1 1 0 0 1 0 0 1 0 1 0 0 0 0
250	24	1 1 1 0 0 0 0 0 1 0 1 1 0 0 0 0
250	4	1 1 1 0 0 0 1 1 0 0 1 0 0 0 0 0
250	15	1 1 1 0 0 0 1 0 0 0 0 1 1 0 0 0
250	4	1 1 1 1 1 0 1 0 1 0 1 1 0 0 0 0
250	2	1 1 1 1 0 0 1 1 0 0 1 1 0 0 0 0
250	27	1 1 1 1 0 0 1 0 1 0 0 0 0 0 0 0
250	2	0 1 1 1 0 0 1 1 1 0 1 0 0 0 0 1
250	15	1 0 1 1 0 0 0 0 1 1 0 0 0 0 0 0
250	17	1 0 1 1 1 0 1 0 1 0 1 0 0 1 0 0
250	2	1 0 1 1 0 0 0 0 1 0 0 0 0 0 0 0
250	7	1 0 1 1 1 0 1 0 1 0 1 0 0 0 1 0
250	3	1 1 1 1 1 0 1 0 1 1 0 1 0 0 0 0
250	1	1 1 0 1 1 0 1 0 1 0 0 1 0 0 0 0
250	4	1 1 1 1 0 0 1 0 1 0 1 1 0 0 0 1
250	1	1 0 1 1 0 0 1 0 1 0 0 1 1 0 0 0
250	6	1 0 0 1 1 0 1 0 1 0 0 1 0 0 1 0
250	1	1 1 1 0 0 0 1 1 1 0 1 0 0 0 0 1
250	14	1 1 1 1 1 1 1 0 1 0 0 0 0 0 0 0
250	4	1 1 1 1 0 0 1 0 1 0 0 1 0 0 1 0
250	14	1 0 1 1 1 0 0 0 1 1 0 1 0 0 0 1
250	4	1 1 1 1 0 0 1 1 1 0 1 0 0 1 0 0
250	5	1 1 1 1 1 0 1 0 1 0 0 0 0 1 0 0
250	5	1 1 1 1 0 1 1 0 1 0 0 0 0 0 0 0
250	10	1 1 1 1 1 0 1 0 0 0 0 0 0 0 0 0
250	2	1 1 1 1 0 0 1 0 1 1 0 1 0 0 0 0
250	2	0 1 1 1 0 0 1 0 1 0 0 1 0 0 0 0
250	3	1 1 1 1 1 0 1 0 0 0 0 1 1 0 0 0
250	2	1 1 1 1 0 0 1 0 1 0 1 1 0 1 0 0
250	2	1 0 1 1 1 0 1 0 1 0 1 1 0 0 0 0
250	1	1 1 1 0 0 0 1 1 1 0 1 0 0 0 0 0
250	3	1 1 1 1 0 0 1 1 1 0 0 1 0 1 0 0
250	7	1 1 1 1 0 0 1 0 0 0 1 1 0 0 0 1
250	3	1 0 1 1 0 0 1 0 1 1 0 1 0 0 0 0
250	5	1 0 1 1 0 0 1 0 1 0 0 1 0 0 0 0
250	2	1 1 1 0 0 0 1 0 1 0 0 1 0 0 0 0
250	1	1 1 1 1 0 0 1 1 1 0 1 0 0 0 1 0
250	4	1 1 1 1 0 1 1 0 0 0 0 1 0 0 0 0
250	9	1 0 1 1 0 0 1 0 1 1 0 0 1 0 0 0
250	4	0 1 1 1 0 0 1 0 1 0 1 1 1 0 0 1
250	2	1 1 1 1 0 0 1 0 0 1 1 0 0 0 0 0
250	3	1 0 1 1 0 0 1 1 1 0 0 1 0 0 0 0
250	2	1 1 1 0 0 0 0 0 1 0 1 1 1 0 0 0
250	1	1 1 1 0 0 0 1 0 1 0 0 0 0 0 0 0
250	2	1 1 1 1 0 0 1 1 1 0 1 1 0 0 0 1
250	7	1 1 1 1 1 0 1 0 1 0 1 0 1 0 0 0
250	4	1 0 1 1 0 0 1 0 1 1 1 0 0 0 0 0
250	2	1 1 1 0 0 0 0 0 0 0 1 1 0 0 0 0
250	4	1 0 1 1 0 0 1 0 1 0 1 1 0 0 0 0
250	3	1 0 1 1 0 1 1 0 1 0 0 0 0 0 0 0
250	1	1 0 1 1 1 0 1 0 1 0 0 1 0 0 0 1
250	1	1 0 1 1 0 0 1 1 1 0 1 0 0 0 0 0
250	4	1 0 1 1 1 0 1 0 1 0 0 0 0 0 0 0
250	1	1 1 1 0 1 0 1 0 1 0 0 0 0 0 0 0
250	2	1 1 1 1 0 0 1 0 0 0 1 1 0 0 0 0
250	1	0 1 1 0 0 0 1 0 0 0 0 1 1 0 0 0
250	2	1 1 1 0 0 1 1 0 1 0 0 0 0 0 0 0
250	1	1 1 1 1 1 1 1 0 0 0 0 1 0 0 0 0
250	1	1 1 1 0 1 0 0 0 1 1 0 1 0 0 0 1
250	3	1 0 1 1 1 0 0 0 1 1 1 0 0 0 1 0
250	1	1 0 0 1 1 0 1 0 1 1 0 1 0 0 0 0
250	1	1 0 1 0 1 0 1 0 1 1 0 1 0 0 0 0
250	2	1 1 1 1 0 0 1 0 1 0 1 1 1 0 0 0
250	2	1 1 1 0 1 0 0 0 1 0 1 1 0 0 0 0
250	3	1 1 1 1 0 0 1 0 1 1 0 0 0 0 0 0
260	30	1 0 1 1 1 0 1 0 1 0 1 0 0 0 0 0
260	7	1 0 1 1 1 0 1 0 1 0 0 1 0 0 0 0
260	99	1 1 1 1 0 0 1 0 1 0 0 1 0 0 0 0
260	4	1 0 1 1 1 0 1 0 1 1 0 1 0 0 0 0
260	73	1 1 1 1 1 0 1 0 1 0 0 1 0 0 0 0
260	48	1 1 1 1 0 0 1 1 1 0 1 0 0 0 0 0
260	27	1 1 1 1 1 0 1 0 1 0 1 0 0 0 0 0
260	44	1 1 1 1 0 0 1 0 1 0 1 0 0 0 0 0
260	5	1 1 1 1 0 0 1 1 1 0 0 1 0 0 0 0
260	2	1 1 1 1 0 0 0 0 1 0 1 0 0 0 0 0
260	22	1 1 1 1 0 0 1 0 0 0 0 1 0 0 0 0
260	4	1 1 1 1 0 0 1 0 1 0 1 0 1 0 0 0
260	1	1 0 1 1 0 0 1 1 1 0 1 1 0 0 0 0
260	117	1 1 1 1 1 0 1 0 1 0 0 0 0 0 0 0
260	8	1 0 1 1 0 0 1 0 1 1 0 0 0 0 0 0
260	3	1 0 1 1 0 1 1 1 1 1 1 0 1 0 0 0
260	10	1 1 1 0 0 0 1 1 1 0 0 1 1 0 0 0
260	3	1 1 1 1 1 0 1 0 0 0 0 1 0 0 0 0
260	57	1 1 1 1 0 0 1 0 1 0 1 1 0 0 0 0
260	5	1 1 1 1 0 0 0 0 1 0 1 0 1 0 0 0
260	9	1 1 1 1 0 0 1 0 1 0 0 1 0 0 0 1
260	19	1 1 1 1 0 0 1 1 1 0 1 1 1 0 0 0
260	9	1 1 1 0 0 0 0 0 1 0 1 1 0 0 0 0
260	6	1 1 1 0 0 0 1 0 0 0 0 1 1 0 0 0
260	4	1 1 1 1 1 0 1 0 1 0 1 1 0 0 0 0
260	28	1 1 1 1 0 0 1 0 1 0 0 0 0 0 0 0
260	2	1 0 1 1 0 0 0 0 1 1 0 0 0 0 0 0
260	45	1 0 1 1 1 0 1 0 1 0 1 0 0 1 0 0
260	1	1 1 1 1 0 0 1 0 1 0 1 1 0 0 0 1
260	6	1 0 0 1 1 0 1 0 1 0 0 1 0 0 1 0
260	2	1 1 1 1 1 1 1 0 1 0 0 0 0 0 0 0
260	26	1 1 1 1 0 0 1 0 1 0 0 1 0 0 1 0
260	11	1 0 1 1 1 0 0 0 1 1 0 1 0 0 0 1
260	11	1 1 1 1 0 0 1 1 1 0 1 0 0 1 0 0
260	17	1 1 1 1 1 0 1 0 1 0 0 0 0 1 0 0
260	5	1 1 1 1 0 1 1 0 1 0 0 0 0 0 0 0
260	5	1 1 1 1 1 0 1 0 0 0 0 0 0 0 0 0
260	3	0 1 1 1 0 0 1 0 1 0 0 1 0 0 0 0
260	4	1 1 1 0 0 0 1 1 1 0 1 0 0 0 0 0
260	3	1 1 1 1 0 0 1 0 0 0 1 1 0 0 0 1
260	8	1 1 1 0 0 0 1 0 1 0 0 1 0 0 0 0
260	9	1 1 1 1 0 1 1 0 0 0 0 1 0 0 0 0
260	2	1 0 1 1 0 0 1 0 1 1 0 0 1 0 0 0
260	1	1 1 1 0 0 0 0 0 1 0 1 1 1 0 0 0
260	21	1 1 1 1 1 0 1 0 1 0 1 0 1 0 0 0
260	6	1 1 1 0 0 0 0 0 0 0 1 1 0 0 0 0
260	1	1 0 1 1 1 0 1 0 1 0 0 0 0 0 0 0
260	6	1 1 1 1 1 1 1 0 0 0 0 1 0 0 0 0
260	2	1 1 1 1 0 0 1 0 1 0 1 1 1 0 0 0
260	10	1 1 1 1 1 0 0 0 1 0 0 1 0 0 0 0
260	2	1 1 1 1 0 0 0 1 0 0 0 1 0 0 1 0
260	4	1 0 0 1 0 0 0 0 1 1 0 0 0 0 0 0
260	10	1 0 1 1 1 0 1 0 1 1 0 1 1 0 0 0
260	4	1 0 1 1 1 0 1 0 1 1 1 0 0 0 0 0
260	6	0 1 1 1 0 0 1 0 1 0 0 0 0 0 0 1
260	15	1 1 1 1 0 0 1 0 1 1 1 0 0 0 0 0
260	11	1 1 1 1 1 0 1 0 1 0 0 0 0 0 0 1
260	6	1 0 1 1 1 1 1 0 1 0 0 0 0 0 0 0
260	4	1 1 1 1 1 0 1 0 1 0 1 0 0 1 0 0
260	2	1 0 1 1 1 0 1 0 1 1 0 0 0 0 0 0
260	2	1 1 1 1 1 1 1 0 1 0 0 0 0 0 1 0
260	8	1 1 1 1 0 1 1 0 1 0 1 0 0 0 0 0
260	11	1 1 0 1 1 0 1 0 1 0 0 0 0 0 0 0
260	2	1 1 0 1 1 0 1 0 1 1 0 1 0 0 0 0
260	3	1 1 1 0 0 0 0 0 0 0 1 1 0 0 0 1
260	2	1 1 1 1 0 0 1 0 0 0 0 1 0 0 0 1
260	8	1 1 1 1 1 0 1 0 1 0 0 1 0 0 1 0
260	5	1 0 1 1 1 0 0 0 1 1 0 1 0 0 0 0
260	5	1 1 1 1 0 0 1 1 1 0 0 0 0 0 0 0
260	1	1 1 1 1 1 0 1 0 1 1 0 0 0 0 0 0
260	4	1 1 1 1 0 0 1 0 1 0 1 1 0 0 1 0
260	1	0 1 1 1 0 0 1 0 1 0 0 1 0 0 0 1
260	1	1 0 1 1 0 0 1 0 1 0 0 0 0 0 0 0
260	7	1 0 1 1 0 0 1 0 1 0 1 0 0 1 0 0
260	2	0 1 1 1 1 0 1 0 0 0 0 0 0 0 0 0
260	6	0 1 1 1 1 0 1 0 1 0 0 1 0 0 0 0
260	1	1 1 0 1 0 0 1 0 1 0 1 1 0 0 0 0
260	2	1 1 1 1 0 1 1 0 1 0 0 0 0 0 1 0
260	1	1 1 1 0 0 0 1 0 0 0 0 0 0 0 1 0
260	1	1 0 1 1 1 0 1 0 1 1 1 1 0 0 0 0
260	2	1 1 1 1 0 0 1 1 1 0 1 0 0 0 1 0
260	1	1 1 1 1 0 0 1 0 1 0 0 0 0 0 0 1
260	1	1 0 1 1 0 1 1 0 1 0 1 0 0 0 0 0
260	2	1 0 1 1 0 0 1 0 1 0 1 1 0 0 0 0
260	1	1 1 1 0 1 0 1 0 1 0 0 1 0 0 0 0
260	1	1 1 1 1 0 0 1 0 1 0 1 0 0 0 1 0
260	2	1 1 1 1 0 1 1 0 1 0 0 1 0 0 0 1
260	1	1 1 1 0 0 0 1 0 1 0 0 1 1 0 0 0
260	1	1 0 1 1 0 0 1 0 1 0 1 0 0 0 0 0
270	55	1 0 1 1 1 0 1 0 1 0 1 0 0 0 0 0
270	96	1 1 1 1 0 0 1 0 1 0 0 1 0 0 0 0
270	57	1 1 1 1 1 0 1 0 1 0 0 1 0 0 0 0
270	38	1 1 1 1 0 0 1 1 1 0 1 0 0 0 0 0
270	48	1 1 1 1 1 0 1 0 1 0 1 0 0 0 0 0
270	42	1 1 1 1 0 0 1 0 1 0 1 0 0 0 0 0
270	3	1 1 1 1 0 0 1 0 0 0 0 1 0 0 0 0
270	7	1 1 1 1 0 0 1 0 1 0 1 0 1 0 0 0
270	139	1 1 1 1 1 0 1 0 1 0 0 0 0 0 0 0
270	1	1 1 1 0 0 0 1 1 1 0 0 1 1 0 0 0
270	33	1 1 1 1 0 0 1 0 1 0 1 1 0 0 0 0
270	21	1 1 1 1 0 0 0 0 1 0 1 0 1 0 0 0
270	7	1 1 1 1 0 0 1 0 1 0 0 1 0 0 0 1
270	4	1 1 1 1 0 0 1 1 1 0 1 1 1 0 0 0
270	4	1 1 1 0 0 0 0 0 1 0 1 1 0 0 0 0
270	2	1 1 1 0 0 0 1 0 0 0 0 1 1 0 0 0
270	21	1 1 1 1 1 0 1 0 1 0 1 1 0 0 0 0
270	31	1 1 1 1 0 0 1 0 1 0 0 0 0 0 0 0
270	3	1 0 1 1 0 0 0 0 1 1 0 0 0 0 0 0
270	33	1 0 1 1 1 0 1 0 1 0 1 0 0 1 0 0
270	2	1 0 0 1 1 0 1 0 1 0 0 1 0 0 1 0
270	40	1 1 1 1 0 0 1 0 1 0 0 1 0 0 1 0
270	4	1 0 1 1 1 0 0 0 1 1 0 1 0 0 0 1
270	3	1 1 1 1 0 0 1 1 1 0 1 0 0 1 0 0
270	4	1 1 1 1 1 0 1 0 1 0 0 0 0 1 0 0
270	3	1 1 1 1 0 1 1 0 1 0 0 0 0 0 0 0
270	10	1 1 1 1 0 0 1 0 0 0 1 1 0 0 0 1
270	6	1 1 1 0 0 0 1 0 1 0 0 1 0 0 0 0
270	8	1 1 1 1 0 1 1 0 0 0 0 1 0 0 0 0
270	2	1 1 1 1 1 1 1 0 0 0 0 1 0 0 0 0
270	6	1 1 1 1 1 0 0 0 1 0 0 1 0 0 0 0
270	3	1 0 0 1 0 0 0 0 1 1 0 0 0 0 0 0
270	20	1 0 1 1 1 0 1 0 1 1 0 1 1 0 0 0
270	25	1 0 1 1 1 0 1 0 1 1 1 0 0 0 0 0
270	10	1 1 1 1 0 0 1 0 1 1 1 0 0 0 0 0
270	3	1 0 1 1 1 1 1 0 1 0 0 0 0 0 0 0
270	5	1 1 1 1 1 0 1 0 1 0 1 0 0 1 0 0
270	21	1 1 0 1 1 0 1 0 1 0 0 0 0 0 0 0
270	4	1 1 1 1 1 0 1 0 1 0 0 1 0 0 1 0
270	16	1 0 1 1 1 0 0 0 1 1 0 1 0 0 0 0
270	6	1 1 1 1 0 0 1 1 1 0 0 0 0 0 0 0
270	2	1 1 1 1 1 0 1 0 1 1 0 0 0 0 0 0
270	4	1 1 1 1 0 0 1 1 1 0 1 0 0 0 1 0
270	2	1 1 1 0 0 0 1 0 1 0 0 1 0 0 0 1
270	10	1 1 1 1 0 0 1 1 0 0 1 0 0 0 0 0
270	10	1 1 1 1 1 0 0 0 1 0 0 1 0 0 0 1
270	2	0 1 1 1 1 0 1 0 1 0 0 0 0 0 0 0
270	3	1 0 1 1 1 0 0 0 1 1 0 1 0 1 0 1
270	7	1 0 1 1 1 0 1 0 1 0 0 0 0 0 0 0
270	5	1 1 1 1 0 1 1 0 1 0 0 1 0 0 0 0
270	5	1 1 1 1 0 0 0 0 1 0 1 0 0 0 0 0
270	2	1 0 1 1 0 0 1 0 1 0 0 1 0 0 0 0
270	4	1 1 1 1 1 0 1 0 1 1 0 1 0 0 0 0
270	2	1 1 1 1 1 0 1 0 1 0 0 1 0 1 0 0
270	2	1 1 1 1 0 0 1 0 0 0 1 1 0 0 0 0
270	11	0 1 1 1 0 0 1 0 1 1 1 0 0 0 0 0
270	4	1 0 1 1 1 0 1 0 1 0 1 1 0 0 0 0
270	2	1 1 1 1 0 0 0 0 1 0 0 1 0 0 0 0
270	5	1 0 1 1 0 0 1 0 1 0 0 0 0 0 0 0
270	9	1 0 1 1 1 0 1 0 1 0 0 0 0 1 0 0
270	9	1 0 1 0 0 0 1 0 0 0 0 1 1 0 0 0
270	7	1 1 1 1 1 0 0 0 1 0 0 0 0 0 0 0
270	1	0 1 1 1 1 0 1 0 1 0 1 0 0 1 0 0
270	8	1 0 1 1 1 0 1 0 1 0 0 1 0 0 0 0
270	1	1 1 1 1 0 0 1 0 1 0 0 1 0 1 0 0
270	1	1 1 1 0 0 0 1 0 1 0 1 0 1 0 0 0
270	2	1 0 1 1 1 0 1 0 1 0 1 0 1 0 0 0
270	2	1 1 1 1 0 0 1 1 1 1 0 1 0 0 0 0
270	1	1 1 1 0 0 0 0 0 1 0 1 0 0 0 0 0
270	1	1 0 1 1 1 0 0 0 1 1 0 0 0 0 0 0
270	3	1 0 1 1 1 0 0 0 1 0 1 0 0 0 0 0
270	2	1 1 1 1 0 0 0 0 1 0 1 1 0 0 0 0
270	1	1 1 0 1 0 0 1 0 1 0 1 1 0 0 0 0
270	1	1 1 1 1 0 0 1 0 1 0 0 1 1 0 0 1
270	8	1 1 1 1 0 0 0 0 1 0 0 0 0 0 0 0
270	2	1 1 1 1 0 1 1 1 1 0 0 0 0 0 0 0
270	5	0 1 1 1 0 0 1 0 1 1 0 0 0 0 0 0
270	1	1 1 1 1 0 0 0 1 1 0 1 0 0 0 0 0
270	2	1 1 1 1 0 0 1 0 0 0 0 0 0 0 0 0
270	1	1 0 0 1 1 0 1 0 1 0 1 0 0 1 0 0
270	2	1 1 1 0 0 0 1 0 1 0 0 1 0 0 1 0
270	2	1 1 1 1 1 0 1 0 1 1 0 0 0 1 0 0
280	28	1 0 1 1 1 0 1 0 1 0 1 0 0 0 0 0
280	103	1 1 1 1 0 0 1 0 1 0 0 1 0 0 0 0
280	73	1 1 1 1 1 0 1 0 1 0 0 1 0 0 0 0
280	38	1 1 1 1 0 0 1 1 1 0 1 0 0 0 0 0
280	47	1 1 1 1 1 0 1 0 1 0 1 0 0 0 0 0
280	48	1 1 1 1 0 0 1 0 1 0 1 0 0 0 0 0
280	8	1 1 1 1 0 0 1 0 0 0 0 1 0 0 0 0
280	134	1 1 1 1 1 0 1 0 1 0 0 0 0 0 0 0
280	75	1 1 1 1 0 0 1 0 1 0 1 1 0 0 0 0
280	11	1 1 1 1 0 0 0 0 1 0 1 0 1 0 0 0
280	2	1 1 1 0 0 0 0 0 1 0 1 1 0 0 0 0
280	21	1 1 1 1 1 0 1 0 1 0 1 1 0 0 0 0
280	38	1 1 1 1 0 0 1 0 1 0 0 0 0 0 0 0
280	7	1 0 1 1 1 0 1 0 1 0 1 0 0 1 0 0
280	2	1 0 0 1 1 0 1 0 1 0 0 1 0 0 1 0
280	63	1 1 1 1 0 0 1 0 1 0 0 1 0 0 1 0
280	6	1 0 1 1 1 0 0 0 1 1 0 1 0 0 0 1
280	3	1 1 1 1 1 0 1 0 1 0 0 0 0 1 0 0
280	1	1 1 1 0 0 0 1 0 1 0 0 1 0 0 0 0
280	11	1 1 1 1 0 1 1 0 0 0 0 1 0 0 0 0
280	5	1 1 1 1 1 0 0 0 1 0 0 1 0 0 0 0
280	14	1 0 0 1 0 0 0 0 1 1 0 0 0 0 0 0
280	17	1 0 1 1 1 0 1 0 1 1 0 1 1 0 0 0
280	14	1 0 1 1 1 0 1 0 1 1 1 0 0 0 0 0
280	15	1 1 1 1 0 0 1 0 1 1 1 0 0 0 0 0
280	12	1 1 1 1 1 0 1 0 1 0 1 0 0 1 0 0
280	4	1 1 1 1 1 0 1 0 1 0 0 1 0 0 1 0
280	14	1 0 1 1 1 0 0 0 1 1 0 1 0 0 0 0
280	2	1 1 1 1 0 0 1 1 0 0 1 0 0 0 0 0
280	9	1 1 1 1 1 0 0 0 1 0 0 1 0 0 0 1
280	2	1 1 1 1 1 0 1 0 1 1 0 1 0 0 0 0
280	11	1 1 1 1 0 0 1 0 0 0 1 1 0 0 0 0
280	4	1 0 1 1 1 0 1 0 1 0 0 0 0 1 0 0
280	2	1 0 1 0 0 0 1 0 0 0 0 1 1 0 0 0
280	5	1 1 1 1 1 0 0 0 1 0 0 0 0 0 0 0
280	3	1 0 1 1 1 0 1 0 1 0 0 1 0 0 0 0
280	1	1 0 1 1 1 0 0 0 1 0 1 0 0 0 0 0
280	2	1 1 1 1 0 0 0 0 1 0 0 0 0 0 0 0
280	22	0 1 1 1 0 0 1 0 1 1 0 0 0 0 0 0
280	1	1 0 0 1 1 0 1 0 1 0 1 0 0 1 0 0
280	6	1 1 1 1 1 0 1 0 1 1 0 0 0 1 0 0
280	4	1 1 1 1 1 0 0 0 1 1 0 0 0 0 0 0
280	1	1 1 1 1 1 1 1 0 1 0 0 0 0 0 0 0
280	4	1 0 1 1 1 0 0 0 1 0 0 1 0 0 0 1
280	11	1 1 1 1 1 0 1 0 1 1 1 0 0 0 0 0
280	3	1 1 1 1 0 0 1 0 1 1 0 0 0 0 0 0
280	8	1 1 1 0 0 0 1 0 1 0 0 1 0 0 1 0
280	1	1 1 1 0 0 0 1 0 1 0 0 0 0 0 0 0
280	1	1 1 1 1 0 0 0 0 1 0 0 1 0 0 1 0
280	1	1 1 1 1 1 0 1 0 1 0 0 0 0 1 1 0
280	2	1 0 1 1 1 0 1 0 1 1 1 0 0 0 1 0
280	2	1 0 1 1 1 0 1 1 1 0 1 0 0 0 0 0
280	3	1 0 1 1 1 0 1 0 0 0 1 0 0 1 0 0
280	6	1 0 0 1 1 0 1 0 1 0 1 0 0 0 0 0
280	2	1 0 1 1 1 0 1 0 1 0 0 0 0 0 0 0
280	4	1 1 1 1 0 1 1 0 1 0 0 1 0 0 0 0
280	3	1 1 1 1 1 0 1 1 1 0 1 1 0 0 0 0
280	4	1 0 1 1 0 0 1 0 1 0 0 0 0 0 0 0
280	2	1 1 1 1 0 0 1 0 1 0 0 1 0 1 1 0
280	1	1 1 1 1 1 0 0 0 1 0 0 1 0 0 1 1
280	1	1 1 1 1 0 0 1 0 1 0 1 1 0 0 1 0
280	2	1 1 1 1 1 0 1 0 0 0 1 0 0 1 0 0
280	4	1 1 1 1 1 0 1 0 1 0 0 0 0 0 0 1
280	3	1 1 1 1 1 0 1 0 0 0 0 0 0 0 0 0
280	6	1 1 1 1 0 1 1 0 1 0 1 1 0 0 0 0
280	3	1 1 1 1 0 0 0 0 1 0 1 0 0 0 0 0
280	1	0 1 1 1 1 0 1 0 1 0 1 1 0 0 0 0
280	3	1 1 1 0 1 0 1 0 1 0 1 1 0 0 0 0
280	1	1 1 1 1 1 1 1 0 1 0 1 0 0 1 0 0
280	4	1 1 1 1 0 0 0 0 0 0 1 0 0 1 0 0
280	1	1 0 0 1 0 0 0 0 1 0 0 0 0 0 0 0
280	2	1 0 1 1 1 0 0 0 1 1 0 0 0 0 0 0
280	3	1 1 1 1 0 1 1 0 1 0 0 0 0 0 0 0
280	1	1 0 0 1 1 0 0 0 1 1 1 0 0 0 0 0
280	1	1 0 1 1 1 0 1 0 0 0 1 0 0 0 0 0
280	1	0 1 1 1 0 0 1 0 1 0 0 1 0 0 0 0
280	2	1 1 1 1 0 0 1 0 1 1 0 1 0 0 0 0
280	3	1 1 1 1 0 0 1 0 0 0 1 0 0 0 0 0
280	3	0 1 1 1 0 0 1 0 1 0 0 1 0 0 1 0
280	1	1 1 1 1 0 0 1 0 0 0 0 1 0 0 1 0
280	2	1 0 1 1 0 0 1 0 1 0 0 1 0 0 1 0
280	1	1 0 1 0 1 0 1 0 1 1 0 1 1 0 0 0
280	1	1 0 0 1 1 0 0 0 1 1 0 1 0 0 0 0
280	2	1 1 1 1 0 0 1 0 0 0 1 1 1 0 0 0
280	1	1 1 1 1 1 0 1 0 1 0 0 0 0 1 0 1
290	30	1 0 1 1 1 0 1 0 1 0 1 0 0 0 0 0
290	57	1 1 1 1 0 0 1 0 1 0 0 1 0 0 0 0
290	98	1 1 1 1 1 0 1 0 1 0 0 1 0 0 0 0
290	59	1 1 1 1 0 0 1 1 1 0 1 0 0 0 0 0
290	81	1 1 1 1 1 0 1 0 1 0 1 0 0 0 0 0
290	49	1 1 1 1 0 0 1 0 1 0 1 0 0 0 0 0
290	6	1 1 1 1 0 0 1 0 0 0 0 1 0 0 0 0
290	110	1 1 1 1 1 0 1 0 1 0 0 0 0 0 0 0
290	54	1 1 1 1 0 0 1 0 1 0 1 1 0 0 0 0
290	12	1 1 1 1 0 0 0 0 1 0 1 0 1 0 0 0
290	17	1 1 1 1 1 0 1 0 1 0 1 1 0 0 0 0
290	50	1 1 1 1 0 0 1 0 1 0 0 0 0 0 0 0
290	4	1 0 1 1 1 0 1 0 1 0 1 0 0 1 0 0
290	48	1 1 1 1 0 0 1 0 1 0 0 1 0 0 1 0
290	7	1 0 1 1 1 0 0 0 1 1 0 1 0 0 0 1
290	17	1 1 1 1 0 1 1 0 0 0 0 1 0 0 0 0
290	4	1 0 0 1 0 0 0 0 1 1 0 0 0 0 0 0
290	7	1 0 1 1 1 0 1 0 1 1 1 0 0 0 0 0
290	15	1 1 1 1 0 0 1 0 1 1 1 0 0 0 0 0
290	5	1 0 1 1 1 0 0 0 1 1 0 1 0 0 0 0
290	3	1 1 1 1 1 0 0 0 1 0 0 1 0 0 0 1
290	1	1 1 1 1 1 0 1 0 1 1 0 1 0 0 0 0
290	2	1 1 1 1 0 0 1 0 0 0 1 1 0 0 0 0
290	2	1 0 1 1 1 0 1 0 1 0 0 0 0 1 0 0
290	3	1 1 1 1 1 0 0 0 1 0 0 0 0 0 0 0
290	4	1 0 1 1 1 0 0 0 1 0 1 0 0 0 0 0
290	23	0 1 1 1 0 0 1 0 1 1 0 0 0 0 0 0
290	8	1 1 1 1 1 0 1 0 1 1 0 0 0 1 0 0
290	14	1 1 1 1 1 0 1 0 1 1 1 0 0 0 0 0
290	6	1 1 1 1 0 0 1 0 1 1 0 0 0 0 0 0
290	12	1 1 1 0 0 0 1 0 1 0 0 1 0 0 1 0
290	4	1 1 1 0 0 0 1 0 1 0 0 0 0 0 0 0
290	11	1 0 1 1 1 0 1 0 1 1 1 0 0 0 1 0
290	5	1 0 0 1 1 0 1 0 1 0 1 0 0 0 0 0
290	5	1 0 1 1 0 0 1 0 1 0 0 0 0 0 0 0
290	10	1 1 1 1 0 0 1 0 1 0 0 1 0 1 1 0
290	1	1 1 1 1 1 0 1 0 1 0 0 0 0 0 0 1
290	12	1 1 1 1 0 0 0 0 1 0 1 0 0 0 0 0
290	5	1 1 1 1 0 1 1 0 1 0 0 0 0 0 0 0
290	5	1 1 1 1 0 0 1 0 1 1 0 1 0 0 0 0
290	5	1 1 1 1 1 0 1 0 1 1 0 0 0 0 0 0
290	3	1 1 1 1 1 0 1 0 1 0 0 0 0 0 1 0
290	2	1 1 1 1 1 0 1 0 0 0 0 1 0 0 0 0
290	11	1 0 1 1 1 0 1 0 1 1 1 0 1 0 0 0
290	7	1 1 1 1 0 0 1 0 1 0 0 1 0 1 0 0
290	5	0 1 1 1 0 0 1 1 1 0 1 0 0 0 0 0
290	1	1 1 1 1 1 0 1 0 0 1 1 0 0 0 0 0
290	1	1 1 1 1 0 0 0 0 1 0 0 1 0 0 0 0
290	12	1 1 1 1 0 0 1 1 1 0 0 1 0 0 0 0
290	3	1 1 1 1 1 0 1 0 1 0 0 0 1 0 0 0
290	7	1 1 1 1 0 0 1 0 0 1 0 1 0 0 0 0
290	4	1 1 1 0 1 0 1 0 1 0 1 0 0 0 0 0
290	3	1 0 1 1 1 0 0 0 0 0 1 0 0 0 0 0
290	2	0 1 1 1 0 1 1 0 0 0 0 1 0 0 0 0
290	14	1 0 1 1 0 0 1 1 1 0 1 0 0 0 0 0
290	3	1 0 1 1 1 0 1 0 1 0 0 0 0 0 0 0
290	4	1 1 0 1 1 0 1 0 0 0 0 1 0 0 0 0
290	6	1 1 1 1 0 0 1 1 1 0 1 1 0 0 0 0
290	1	1 1 1 1 1 0 1 0 1 0 0 1 0 1 1 0
290	7	1 0 0 1 0 0 0 0 1 1 1 0 0 0 0 0
290	2	1 0 1 1 1 1 1 0 1 0 1 0 0 0 0 0
290	2	1 0 1 1 0 0 1 0 1 0 0 1 0 0 0 0
290	3	1 1 1 1 1 0 1 0 0 0 1 0 0 0 0 0
290	2	1 1 1 1 1 0 1 0 1 0 0 0 0 1 0 0
290	1	1 0 1 1 1 0 1 0 1 1 0 0 0 0 0 0
290	2	1 1 1 1 1 0 1 0 1 1 0 1 0 0 1 0
290	2	1 1 1 1 1 0 1 0 1 1 1 0 0 1 0 0
290	2	1 0 0 1 1 0 1 0 1 0 1 0 0 0 0 1
290	1	1 1 1 1 1 0 1 0 1 1 1 0 0 0 1 0
290	1	1 1 1 1 1 0 1 0 1 0 0 1 0 0 1 0
290	1	1 1 1 1 1 0 1 0 1 0 0 1 0 1 0 0
290	1	1 1 1 1 1 0 1 0 1 0 1 0 1 0 0 0
290	1	1 1 1 0 1 0 1 0 1 0 0 0 0 0 0 0
290	1	1 1 1 1 1 0 1 0 1 0 1 1 0 0 1 0
290	1	1 1 1 1 0 0 1 0 1 0 0 0 0 1 0 0
290	3	1 1 0 1 0 0 1 0 1 0 0 1 0 0 1 0
290	2	0 1 1 1 0 0 1 0 1 1 0 0 0 1 0 0
290	3	1 1 1 1 0 0 0 0 1 1 0 0 0 0 0 0
290	2	1 0 1 1 1 1 0 0 0 0 1 0 0 0 0 0
300	10	1 0 1 1 1 0 1 0 1 0 1 0 0 0 0 0
300	54	1 1 1 1 0 0 1 0 1 0 0 1 0 0 0 0
300	83	1 1 1 1 1 0 1 0 1 0 0 1 0 0 0 0
300	87	1 1 1 1 0 0 1 1 1 0 1 0 0 0 0 0
300	64	1 1 1 1 1 0 1 0 1 0 1 0 0 0 0 0
300	9	1 1 1 1 0 0 1 0 1 0 1 0 0 0 0 0
300	4	1 1 1 1 0 0 1 0 0 0 0 1 0 0 0 0
300	85	1 1 1 1 1 0 1 0 1 0 0 0 0 0 0 0
300	15	1 1 1 1 0 0 1 0 1 0 1 1 0 0 0 0
300	21	1 1 1 1 0 0 0 0 1 0 1 0 1 0 0 0
300	19	1 1 1 1 1 0 1 0 1 0 1 1 0 0 0 0
300	53	1 1 1 1 0 0 1 0 1 0 0 0 0 0 0 0
300	36	1 1 1 1 0 0 1 0 1 0 0 1 0 0 1 0
300	12	1 0 1 1 1 0 0 0 1 1 0 1 0 0 0 1
300	14	1 1 1 1 0 1 1 0 0 0 0 1 0 0 0 0
300	4	1 0 1 1 1 0 1 0 1 1 1 0 0 0 0 0
300	21	1 1 1 1 0 0 1 0 1 1 1 0 0 0 0 0
300	10	1 0 1 1 1 0 0 0 1 1 0 1 0 0 0 0
300	5	1 1 1 1 0 0 1 0 0 0 1 1 0 0 0 0
300	21	1 0 1 1 1 0 0 0 1 0 1 0 0 0 0 0
300	10	0 1 1 1 0 0 1 0 1 1 0 0 0 0 0 0
300	35	1 1 1 1 1 0 1 0 1 1 1 0 0 0 0 0
300	14	1 1 1 1 0 0 1 0 1 1 0 0 0 0 0 0
300	15	1 1 1 0 0 0 1 0 1 0 0 1 0 0 1 0
300	8	1 0 1 1 1 0 1 0 1 1 1 0 0 0 1 0
300	8	1 0 1 1 0 0 1 0 1 0 0 0 0 0 0 0
300	5	1 1 1 1 0 0 0 0 1 0 1 0 0 0 0 0
300	7	1 1 1 1 0 0 1 0 1 1 0 1 0 0 0 0
300	10	1 1 1 1 1 0 1 0 0 0 0 1 0 0 0 0
300	41	1 0 1 1 1 0 1 0 1 1 1 0 1 0 0 0
300	9	1 1 1 1 0 0 1 1 1 0 0 1 0 0 0 0
300	23	1 1 1 1 0 0 1 0 0 1 0 1 0 0 0 0
300	26	1 1 1 0 1 0 1 0 1 0 1 0 0 0 0 0
300	5	1 0 1 1 1 0 0 0 0 0 1 0 0 0 0 0
300	1	1 0 1 1 0 0 1 1 1 0 1 0 0 0 0 0
300	1	1 0 1 1 1 0 1 0 1 0 0 0 0 0 0 0
300	3	1 1 0 1 1 0 1 0 0 0 0 1 0 0 0 0
300	7	1 1 1 1 0 0 1 1 1 0 1 1 0 0 0 0
300	8	1 1 1 1 1 0 1 0 0 0 1 0 0 0 0 0
300	2	1 1 1 1 1 0 1 0 1 0 0 0 0 1 0 0
300	2	1 1 0 1 0 0 1 0 1 0 0 1 0 0 1 0
300	7	1 1 1 1 0 0 1 0 1 0 1 1 0 0 1 0
300	2	1 1 1 1 1 0 1 1 1 0 1 0 0 0 0 0
300	5	1 0 1 1 1 0 1 0 1 0 1 1 0 0 0 0
300	1	1 0 1 1 1 0 1 0 0 0 1 0 0 0 0 0
300	1	1 1 1 1 1 0 1 0 1 0 0 1 0 0 0 1
300	10	1 0 1 1 0 0 1 0 1 0 0 1 0 0 1 0
300	2	1 0 0 1 0 0 0 0 1 1 1 0 0 0 0 1
300	1	1 1 1 1 0 0 0 0 1 1 0 1 0 0 0 0
300	2	1 1 1 1 0 0 1 0 1 1 0 1 0 0 1 0
300	8	1 1 1 1 0 0 1 1 1 0 0 0 0 0 0 0
300	4	1 1 1 0 1 0 1 0 1 0 1 0 0 0 1 0
300	1	0 1 1 1 0 0 1 0 1 0 0 1 0 0 0 0
300	1	1 0 1 1 1 0 1 0 1 0 0 1 0 0 0 0
300	11	1 1 1 1 1 0 1 0 1 0 1 0 0 0 0 1
300	5	1 1 1 1 1 0 1 0 1 1 1 0 0 0 1 0
300	2	0 1 1 1 0 0 1 0 1 0 0 1 0 0 1 0
300	8	1 1 1 1 0 0 1 1 1 0 1 0 0 0 0 1
300	1	1 1 1 1 1 0 1 0 1 0 0 0 0 0 1 0
300	1	0 1 1 0 1 0 1 0 1 0 1 0 0 0 0 0
300	9	1 1 1 1 1 0 1 0 1 0 0 1 0 1 0 0
300	2	1 1 1 0 0 0 1 1 1 0 0 1 0 1 1 0
300	3	1 1 1 1 1 0 0 0 1 1 0 1 0 0 0 0
300	5	1 0 1 1 0 0 0 0 1 0 1 0 1 0 0 0
300	10	1 1 1 1 1 0 1 0 1 0 1 0 0 1 0 0
300	3	1 1 1 1 1 0 1 0 1 1 0 0 0 0 0 0
300	1	1 1 1 0 0 0 1 0 0 1 0 1 0 0 0 0
300	1	1 1 1 1 0 1 1 0 1 0 0 1 0 0 0 0
300	1	1 1 1 1 0 0 1 0 1 0 0 1 0 0 0 1
300	1	1 1 1 1 1 0 1 0 1 0 0 0 1 0 0 0
300	2	1 1 1 1 1 1 1 0 1 0 0 0 0 0 0 0
300	1	1 1 1 1 0 0 0 0 1 0 1 0 1 0 0 1
300	3	1 1 1 1 0 0 1 0 0 1 0 0 0 0 0 0
300	1	1 1 1 1 0 0 1 0 0 0 1 1 0 0 1 0
300	4	1 0 0 1 0 0 1 0 1 1 1 0 0 0 0 1
300	4	1 1 1 1 1 1 1 0 1 0 0 1 0 0 0 0
300	1	1 1 1 1 1 0 1 0 0 0 0 0 0 0 0 0
300	1	0 1 1 1 0 0 1 0 1 0 1 1 0 0 0 0
300	1	1 0 1 1 1 0 1 0 1 1 1 1 1 0 0 0
300	2	1 0 1 1 1 0 1 1 1 0 1 1 0 0 0 0
300	1	1 0 0 1 1 0 0 0 1 1 1 0 0 0 0 1
300	3	1 0 1 1 1 0 1 0 1 0 1 0 0 1 0 0
310	17	1 0 1 1 1 0 1 0 1 0 1 0 0 0 0 0
310	53	1 1 1 1 0 0 1 0 1 0 0 1 0 0 0 0
310	61	1 1 1 1 1 0 1 0 1 0 0 1 0 0 0 0
310	94	1 1 1 1 0 0 1 1 1 0 1 0 0 0 0 0
310	61	1 1 1 1 1 0 1 0 1 0 1 0 0 0 0 0
310	91	1 1 1 1 1 0 1 0 1 0 0 0 0 0 0 0
310	7	1 1 1 1 0 0 1 0 1 0 1 1 0 0 0 0
310	23	1 1 1 1 0 0 0 0 1 0 1 0 1 0 0 0
310	9	1 1 1 1 1 0 1 0 1 0 1 1 0 0 0 0
310	22	1 1 1 1 0 0 1 0 1 0 0 0 0 0 0 0
310	55	1 1 1 1 0 0 1 0 1 0 0 1 0 0 1 0
310	4	1 0 1 1 1 0 0 0 1 1 0 1 0 0 0 1
310	3	1 1 1 1 0 1 1 0 0 0 0 1 0 0 0 0
310	11	1 0 1 1 1 0 1 0 1 1 1 0 0 0 0 0
310	9	1 1 1 1 0 0 1 0 1 1 1 0 0 0 0 0
310	8	1 1 1 1 0 0 1 0 0 0 1 1 0 0 0 0
310	9	1 0 1 1 1 0 0 0 1 0 1 0 0 0 0 0
310	8	0 1 1 1 0 0 1 0 1 1 0 0 0 0 0 0
310	54	1 1 1 1 1 0 1 0 1 1 1 0 0 0 0 0
310	4	1 1 1 1 0 0 1 0 1 1 0 0 0 0 0 0
310	1	1 1 1 0 0 0 1 0 1 0 0 1 0 0 1 0
310	6	1 0 1 1 0 0 1 0 1 0 0 0 0 0 0 0
310	9	1 1 1 1 0 0 0 0 1 0 1 0 0 0 0 0
310	5	1 1 1 1 0 0 1 0 1 1 0 1 0 0 0 0
310	2	1 1 1 1 1 0 1 0 0 0 0 1 0 0 0 0
310	19	1 0 1 1 1 0 1 0 1 1 1 0 1 0 0 0
310	20	1 1 1 1 0 0 1 0 0 1 0 1 0 0 0 0
310	8	1 1 1 0 1 0 1 0 1 0 1 0 0 0 0 0
310	1	1 0 1 1 1 0 0 0 0 0 1 0 0 0 0 0
310	2	1 0 1 1 0 0 1 1 1 0 1 0 0 0 0 0
310	12	1 1 1 1 1 0 1 0 0 0 1 0 0 0 0 0
310	9	1 1 1 1 0 0 1 0 1 0 1 1 0 0 1 0
310	7	1 0 1 1 0 0 1 0 1 0 0 1 0 0 1 0
310	15	1 1 1 1 0 0 1 0 1 1 0 1 0 0 1 0
310	4	1 1 1 1 0 0 1 1 1 0 0 0 0 0 0 0
310	1	1 1 1 0 1 0 1 0 1 0 1 0 0 0 1 0
310	13	0 1 1 1 0 0 1 0 1 0 0 1 0 0 0 0
310	1	1 0 1 1 1 0 1 0 1 0 0 1 0 0 0 0
310	21	1 1 1 1 1 0 1 0 1 0 1 0 0 0 0 1
310	6	1 1 1 1 1 0 1 0 1 1 1 0 0 0 1 0
310	2	1 1 1 1 0 0 1 1 1 0 1 0 0 0 0 1
310	9	0 1 1 0 1 0 1 0 1 0 1 0 0 0 0 0
310	8	1 1 1 1 1 0 1 0 1 0 0 1 0 1 0 0
310	7	1 0 1 1 0 0 0 0 1 0 1 0 1 0 0 0
310	1	1 1 1 1 1 0 1 0 1 0 1 0 0 1 0 0
310	5	1 1 1 1 1 0 1 0 1 1 0 0 0 0 0 0
310	5	1 1 1 1 1 0 1 0 1 0 0 0 1 0 0 0
310	15	1 1 1 1 1 1 1 0 1 0 0 0 0 0 0 0
310	11	1 1 1 1 0 0 1 0 0 1 0 0 0 0 0 0
310	3	1 1 1 1 0 0 1 0 0 0 1 1 0 0 1 0
310	1	1 0 0 1 0 0 1 0 1 1 1 0 0 0 0 1
310	10	1 1 1 1 1 1 1 0 1 0 0 1 0 0 0 0
310	1	1 1 1 1 1 0 1 0 0 0 0 0 0 0 0 0
310	4	1 0 1 1 1 0 1 0 0 0 0 1 0 0 0 0
310	19	1 0 1 1 1 0 1 0 1 0 1 0 1 0 0 0
310	4	1 1 1 1 0 1 1 1 0 0 0 1 0 0 0 0
310	9	1 1 1 1 1 0 1 0 1 1 1 1 0 0 0 0
310	1	1 1 1 1 0 0 1 1 0 0 1 0 0 0 0 0
310	8	0 0 1 1 1 0 1 0 1 1 1 0 1 0 0 0
310	3	1 1 1 1 0 1 1 0 0 0 0 0 0 0 0 0
310	16	1 1 1 1 0 0 1 1 1 1 1 0 0 0 0 0
310	4	0 1 1 1 1 0 1 0 1 0 1 0 0 0 0 0
310	1	1 0 0 1 0 0 0 0 1 0 1 0 1 0 0 0
310	7	1 1 1 1 1 0 1 0 1 1 0 1 0 0 0 0
310	1	1 1 1 1 0 1 0 0 1 0 1 0 1 0 0 0
310	1	1 1 1 1 1 0 1 0 0 0 1 1 0 0 0 0
310	2	1 1 0 1 0 0 1 1 1 0 1 0 0 0 0 0
310	7	1 1 1 1 0 1 1 0 1 0 0 1 0 0 1 0
310	3	1 0 1 1 1 0 0 0 1 0 0 1 0 0 0 0
310	4	0 1 1 1 0 0 1 0 1 0 1 0 1 0 0 0
310	2	1 1 1 1 0 0 1 0 1 1 0 1 0 1 1 0
310	1	1 1 0 1 0 0 1 0 1 1 0 1 0 0 1 0
310	8	1 1 1 1 0 0 1 0 1 0 1 0 0 0 0 0
310	3	1 1 1 1 1 0 1 0 1 1 1 0 0 0 0 1
310	2	1 1 1 1 0 0 0 0 1 0 0 1 0 0 0 0
310	3	1 1 1 1 0 0 0 0 1 1 1 0 0 0 0 0
310	1	1 1 1 1 0 0 1 0 0 0 0 1 0 0 0 0
310	2	1 1 1 1 1 0 1 0 1 0 1 0 0 0 1 0
310	2	1 0 1 1 1 0 0 0 1 0 1 0 1 0 0 0
310	4	1 1 1 1 0 0 1 0 1 0 0 0 0 1 0 0
310	1	1 1 1 1 1 0 1 0 1 0 0 1 0 0 1 0
310	2	1 1 1 1 0 0 0 0 1 0 1 0 1 0 1 0
310	1	1 0 1 0 1 0 0 0 1 0 1 0 0 0 0 0
310	7	1 1 1 1 1 0 1 0 1 1 1 0 0 1 0 0
310	2	1 1 1 1 0 0 0 0 1 0 0 0 0 0 0 0
310	1	1 1 1 0 0 0 1 1 1 0 0 0 0 0 0 0
310	2	0 1 1 0 0 0 1 0 1 0 1 1 0 0 0 0
310	1	0 1 0 1 1 0 1 0 1 0 1 0 0 0 0 0
310	2	0 1 1 1 1 0 1 0 1 1 1 0 0 0 0 0
310	3	1 0 1 1 0 0 1 0 1 0 0 1 0 0 0 0
310	1	1 1 1 1 0 0 1 1 1 0 1 0 0 1 0 0
310	2	1 1 0 1 0 0 1 0 1 0 0 0 0 0 0 0
310	2	0 1 1 1 0 0 1 0 0 1 0 1 0 0 0 0
310	3	0 1 1 1 0 1 1 0 1 0 0 1 0 0 0 0
310	1	1 1 1 1 1 1 1 1 1 0 0 1 0 0 0 0
310	2	1 1 1 1 1 0 1 0 1 0 1 0 1 0 0 0
310	2	1 1 1 1 0 0 0 0 1 1 0 1 0 0 0 0
320	16	1 0 1 1 1 0 1 0 1 0 1 0 0 0 0 0
320	62	1 1 1 1 0 0 1 0 1 0 0 1 0 0 0 0
320	32	1 1 1 1 1 0 1 0 1 0 0 1 0 0 0 0
320	58	1 1 1 1 0 0 1 1 1 0 1 0 0 0 0 0
320	78	1 1 1 1 1 0 1 0 1 0 1 0 0 0 0 0
320	59	1 1 1 1 1 0 1 0 1 0 0 0 0 0 0 0
320	8	1 1 1 1 0 0 1 0 1 0 1 1 0 0 0 0
320	17	1 1 1 1 0 0 0 0 1 0 1 0 1 0 0 0
320	7	1 1 1 1 1 0 1 0 1 0 1 1 0 0 0 0
320	29	1 1 1 1 0 0 1 0 1 0 0 0 0 0 0 0
320	45	1 1 1 1 0 0 1 0 1 0 0 1 0 0 1 0
320	6	1 0 1 1 1 0 0 0 1 1 0 1 0 0 0 1
320	27	1 0 1 1 1 0 1 0 1 1 1 0 0 0 0 0
320	3	1 1 1 1 0 0 1 0 1 1 1 0 0 0 0 0
320	3	1 1 1 1 0 0 1 0 0 0 1 1 0 0 0 0
320	2	1 0 1 1 1 0 0 0 1 0 1 0 0 0 0 0
320	8	0 1 1 1 0 0 1 0 1 1 0 0 0 0 0 0
320	43	1 1 1 1 1 0 1 0 1 1 1 0 0 0 0 0
320	10	1 1 1 1 0 0 1 0 1 1 0 0 0 0 0 0
320	12	1 1 1 1 0 0 0 0 1 0 1 0 0 0 0 0
320	6	1 0 1 1 1 0 1 0 1 1 1 0 1 0 0 0
320	41	1 1 1 1 0 0 1 0 0 1 0 1 0 0 0 0
320	7	1 1 1 0 1 0 1 0 1 0 1 0 0 0 0 0
320	12	1 1 1 1 1 0 1 0 0 0 1 0 0 0 0 0
320	14	1 1 1 1 0 0 1 0 1 0 1 1 0 0 1 0
320	7	1 0 1 1 0 0 1 0 1 0 0 1 0 0 1 0
320	9	1 1 1 1 0 0 1 0 1 1 0 1 0 0 1 0
320	21	0 1 1 1 0 0 1 0 1 0 0 1 0 0 0 0
320	2	1 0 1 1 1 0 1 0 1 0 0 1 0 0 0 0
320	29	1 1 1 1 1 0 1 0 1 0 1 0 0 0 0 1
320	7	0 1 1 0 1 0 1 0 1 0 1 0 0 0 0 0
320	1	1 1 1 1 1 0 1 0 1 0 0 1 0 1 0 0
320	12	1 0 1 1 0 0 0 0 1 0 1 0 1 0 0 0
320	4	1 1 1 1 1 0 1 0 1 1 0 0 0 0 0 0
320	5	1 1 1 1 1 0 1 0 1 0 0 0 1 0 0 0
320	4	1 1 1 1 1 1 1 0 1 0 0 0 0 0 0 0
320	7	1 1 1 1 0 0 1 0 0 1 0 0 0 0 0 0
320	2	1 1 1 1 0 0 1 0 0 0 1 1 0 0 1 0
320	1	1 1 1 1 1 1 1 0 1 0 0 1 0 0 0 0
320	8	1 0 1 1 1 0 1 0 1 0 1 0 1 0 0 0
320	8	1 1 1 1 0 1 1 1 0 0 0 1 0 0 0 0
320	4	1 1 1 1 1 0 1 0 1 1 1 1 0 0 0 0
320	14	1 1 1 1 0 0 1 1 1 1 1 0 0 0 0 0
320	1	1 1 1 1 1 0 1 0 1 1 0 1 0 0 0 0
320	5	1 1 1 1 0 1 1 0 1 0 0 1 0 0 1 0
320	1	0 1 1 1 0 0 1 0 1 0 1 0 1 0 0 0
320	6	1 1 1 1 0 0 1 0 1 1 0 1 0 1 1 0
320	23	1 1 1 1 0 0 1 0 1 0 1 0 0 0 0 0
320	14	1 1 1 1 0 0 0 0 1 1 1 0 0 0 0 0
320	5	1 1 1 1 0 0 1 0 0 0 0 1 0 0 0 0
320	6	1 0 1 0 1 0 0 0 1 0 1 0 0 0 0 0
320	11	1 1 1 1 1 0 1 0 1 1 1 0 0 1 0 0
320	1	1 1 1 1 0 0 0 0 1 0 0 0 0 0 0 0
320	3	0 1 1 0 0 0 1 0 1 0 1 1 0 0 0 0
320	7	0 1 1 1 1 0 1 0 1 1 1 0 0 0 0 0
320	1	1 0 1 1 0 0 1 0 1 0 0 1 0 0 0 0
320	14	1 1 0 1 0 0 1 0 1 0 0 0 0 0 0 0
320	3	1 1 1 1 1 0 0 0 1 0 1 1 0 0 0 0
320	4	1 1 1 0 0 0 1 0 1 0 1 0 0 0 0 0
320	9	1 0 1 1 0 0 0 0 1 0 0 1 0 0 1 0
320	9	1 0 1 1 0 0 0 0 1 0 1 0 0 0 0 0
320	9	1 1 1 0 0 0 1 1 1 0 1 0 0 0 0 0
320	5	1 0 1 1 1 1 0 0 1 0 1 0 0 0 0 0
320	4	1 1 1 1 0 0 1 0 0 1 0 0 0 0 1 0
320	12	1 1 1 1 1 0 1 1 1 0 1 0 0 0 0 0
320	8	1 1 1 0 1 0 1 0 1 0 0 0 0 0 0 0
320	2	1 1 1 1 0 0 1 1 1 0 0 0 0 0 0 0
320	1	1 1 1 1 0 1 1 0 1 1 0 1 0 0 1 0
320	2	0 1 0 1 0 0 1 0 1 0 1 0 1 0 0 0
320	4	1 1 0 1 0 0 0 0 1 0 0 0 0 0 0 0
320	2	1 1 1 1 0 0 1 0 1 1 1 0 0 0 0 1
320	4	1 1 1 1 0 0 0 1 1 0 0 0 0 0 0 0
320	5	1 1 1 1 1 0 1 0 1 0 0 0 0 0 1 0
320	2	1 1 1 1 1 0 1 0 0 1 1 0 0 0 0 0
320	1	1 1 1 1 1 1 1 1 0 0 0 1 0 0 0 0
320	2	1 1 1 1 0 0 1 0 1 1 0 0 0 0 1 0
320	9	1 1 1 1 1 0 1 0 0 0 1 0 0 0 0 1
320	2	1 0 1 1 1 1 0 0 1 1 0 1 0 0 0 0
320	3	1 1 1 1 1 0 1 0 1 0 0 1 0 0 0 1
320	1	1 0 1 1 1 0 1 0 1 0 0 0 0 0 0 0
320	2	1 1 0 1 0 0 1 0 1 0 0 1 0 0 1 0
320	1	1 0 1 1 1 0 0 0 1 1 0 1 0 0 1 1
320	3	1 1 1 1 0 0 1 0 0 1 0 1 0 0 1 0
320	1	0 1 1 1 0 0 1 0 0 0 0 1 0 0 0 0
320	5	1 1 1 1 1 1 1 0 1 0 0 0 0 0 0 1
320	4	1 1 1 1 0 0 1 1 1 1 0 0 0 0 0 0
320	1	1 1 1 1 1 0 1 0 0 0 0 1 0 0 0 0
320	5	1 1 1 1 1 0 1 0 1 0 1 0 0 0 1 0
320	3	1 1 1 1 1 0 1 0 1 1 1 0 0 0 0 1
320	1	1 1 1 1 1 0 1 0 0 1 0 0 0 0 0 0
320	3	1 1 1 1 1 0 0 0 1 1 1 0 0 0 0 0
320	1	1 1 1 1 1 0 1 0 1 1 1 0 1 0 0 0
320	6	1 1 1 1 0 0 1 0 0 0 1 0 0 0 0 0
320	2	1 0 1 1 0 0 0 0 1 0 0 1 0 0 0 1
320	2	1 1 1 1 1 0 0 1 1 0 1 0 0 0 0 0
320	3	1 0 1 1 1 0 0 0 1 1 1 0 0 0 0 0
320	1	1 1 1 0 0 0 0 0 1 0 0 0 0 0 0 0
320	1	1 1 1 1 0 0 0 0 1 0 0 1 0 0 1 0
320	1	1 0 1 0 1 0 1 0 1 0 0 0 0 0 0 0
320	1	1 1 1 1 1 0 1 0 0 1 1 0 0 1 0 0
320	2	1 1 1 1 1 0 1 0 1 1 1 1 0 0 0 1
330	6	1 0 1 1 1 0 1 0 1 0 1 0 0 0 0 0
330	33	1 1 1 1 0 0 1 0 1 0 0 1 0 0 0 0
330	62	1 1 1 1 1 0 1 0 1 0 0 1 0 0 0 0
330	21	1 1 1 1 0 0 1 1 1 0 1 0 0 0 0 0
330	66	1 1 1 1 1 0 1 0 1 0 1 0 0 0 0 0
330	93	1 1 1 1 1 0 1 0 1 0 0 0 0 0 0 0
330	16	1 1 1 1 0 0 0 0 1 0 1 0 1 0 0 0
330	8	1 1 1 1 1 0 1 0 1 0 1 1 0 0 0 0
330	39	1 1 1 1 0 0 1 0 1 0 0 0 0 0 0 0
330	38	1 1 1 1 0 0 1 0 1 0 0 1 0 0 1 0
330	13	1 0 1 1 1 0 0 0 1 1 0 1 0 0 0 1
330	18	1 0 1 1 1 0 1 0 1 1 1 0 0 0 0 0
330	14	1 1 1 1 0 0 1 0 1 1 1 0 0 0 0 0
330	14	1 1 1 1 1 0 1 0 1 1 1 0 0 0 0 0
330	7	1 1 1 1 0 0 1 0 1 1 0 0 0 0 0 0
330	17	1 1 1 1 0 0 0 0 1 0 1 0 0 0 0 0
330	45	1 1 1 1 0 0 1 0 0 1 0 1 0 0 0 0
330	18	1 1 1 1 1 0 1 0 0 0 1 0 0 0 0 0
330	15	1 0 1 1 0 0 1 0 1 0 0 1 0 0 1 0
330	8	0 1 1 1 0 0 1 0 1 0 0 1 0 0 0 0
330	29	1 1 1 1 1 0 1 0 1 0 1 0 0 0 0 1
330	4	0 1 1 0 1 0 1 0 1 0 1 0 0 0 0 0
330	2	1 1 1 1 1 0 1 0 1 0 0 1 0 1 0 0
330	7	1 0 1 1 0 0 0 0 1 0 1 0 1 0 0 0
330	10	1 1 1 1 1 0 1 0 1 0 0 0 1 0 0 0
330	8	1 1 1 1 1 1 1 0 1 0 0 0 0 0 0 0
330	4	1 1 1 1 0 0 1 0 0 0 1 1 0 0 1 0
330	6	1 1 1 1 1 1 1 0 1 0 0 1 0 0 0 0
330	4	1 0 1 1 1 0 1 0 1 0 1 0 1 0 0 0
330	1	1 1 1 1 0 1 1 1 0 0 0 1 0 0 0 0
330	35	1 1 1 1 1 0 1 0 1 1 1 1 0 0 0 0
330	6	1 1 1 1 0 0 1 1 1 1 1 0 0 0 0 0
330	10	1 1 1 1 0 1 1 0 1 0 0 1 0 0 1 0
330	14	1 1 1 1 0 0 1 0 1 0 1 0 0 0 0 0
330	4	1 1 1 1 0 0 0 0 1 1 1 0 0 0 0 0
330	8	1 1 1 1 0 0 1 0 0 0 0 1 0 0 0 0
330	5	1 0 1 0 1 0 0 0 1 0 1 0 0 0 0 0
330	2	1 1 1 1 1 0 1 0 1 1 1 0 0 1 0 0
330	22	0 1 1 1 1 0 1 0 1 1 1 0 0 0 0 0
330	14	1 1 0 1 0 0 1 0 1 0 0 0 0 0 0 0
330	4	1 1 1 0 0 0 1 0 1 0 1 0 0 0 0 0
330	7	1 0 1 1 0 0 0 0 1 0 0 1 0 0 1 0
330	3	1 0 1 1 0 0 0 0 1 0 1 0 0 0 0 0
330	18	1 1 1 0 0 0 1 1 1 0 1 0 0 0 0 0
330	1	1 0 1 1 1 1 0 0 1 0 1 0 0 0 0 0
330	33	1 1 1 1 1 0 1 1 1 0 1 0 0 0 0 0
330	2	1 1 1 0 1 0 1 0 1 0 0 0 0 0 0 0
330	2	1 1 0 1 0 0 0 0 1 0 0 0 0 0 0 0
330	12	1 1 1 1 1 0 1 0 1 0 0 1 0 0 0 1
330	5	1 1 1 1 0 0 1 0 0 1 0 1 0 0 1 0
330	7	0 1 1 1 0 0 1 0 0 0 0 1 0 0 0 0
330	4	1 1 1 1 0 0 1 1 1 1 0 0 0 0 0 0
330	7	1 1 1 1 1 0 1 0 1 0 1 0 0 0 1 0
330	1	1 1 1 1 1 0 0 0 1 1 1 0 0 0 0 0
330	4	1 0 1 0 1 0 1 0 1 0 0 0 0 0 0 0
330	5	1 1 1 0 0 0 1 0 1 0 0 1 0 0 0 0
330	2	1 1 1 1 0 0 1 1 1 0 1 0 1 0 0 0
330	3	1 1 1 1 0 0 1 0 1 0 0 0 0 0 0 1
330	2	1 1 1 1 1 0 1 0 1 0 1 0 1 0 0 0
330	3	1 1 1 1 0 0 0 0 1 0 0 1 0 0 0 0
330	6	1 0 1 1 1 0 1 0 1 0 0 0 0 0 0 0
330	10	1 1 1 1 1 0 1 0 1 0 0 1 0 0 1 0
330	2	1 1 1 1 1 0 1 1 1 1 1 0 0 0 0 0
330	3	1 0 1 1 0 0 0 0 0 0 1 0 0 0 0 0
330	12	1 1 1 1 1 1 0 1 1 0 1 0 0 0 0 0
330	8	1 1 0 1 0 0 1 0 1 0 0 1 0 0 0 0
330	9	1 0 1 1 1 0 1 0 1 1 0 0 0 0 0 0
330	2	1 0 1 1 0 0 1 0 1 0 0 1 0 0 0 0
330	7	1 1 1 0 1 0 1 0 1 0 0 1 0 0 0 0
330	2	1 1 1 1 1 0 1 0 0 0 0 0 0 0 0 0
330	3	0 1 1 1 1 0 1 0 1 0 0 1 0 0 0 0
330	3	0 1 1 1 0 0 1 0 1 0 0 0 0 0 0 0
330	4	1 0 1 1 0 0 0 1 1 0 1 0 0 0 0 0
330	3	1 1 1 1 1 0 0 0 1 0 0 1 0 0 1 0
330	2	1 1 1 1 0 0 1 0 1 0 0 0 1 0 0 0
330	2	1 1 1 1 0 0 1 0 0 0 0 1 0 0 1 0
330	4	1 1 1 0 0 0 0 0 1 1 1 0 0 0 0 0
330	3	0 0 1 1 0 0 0 0 1 0 1 0 0 0 0 0
330	2	1 1 0 1 0 0 0 0 1 1 1 0 0 0 0 0
330	3	0 1 1 1 0 0 1 0 1 0 1 0 0 0 0 1
330	8	1 1 1 1 0 0 1 1 1 0 1 0 0 0 1 0
330	1	0 0 1 0 1 0 1 0 1 0 1 0 0 0 0 0
330	2	1 1 1 1 0 0 0 0 1 1 1 0 1 0 0 0
330	5	1 1 1 1 0 0 1 0 0 0 0 0 0 0 0 0
330	1	1 1 1 1 1 0 1 1 1 1 0 1 0 0 0 1
330	1	1 1 1 1 1 1 1 1 1 0 0 0 0 0 0 0
330	1	1 1 1 1 0 0 0 0 1 0 1 0 1 0 1 0
330	1	1 1 1 1 0 0 1 0 0 0 1 0 0 0 0 0
330	1	1 1 0 1 0 0 1 1 1 0 1 0 0 0 0 0
330	3	1 1 1 1 1 1 1 0 0 1 0 1 0 0 0 0
330	1	1 1 0 1 0 0 1 0 1 0 0 1 0 0 1 0
330	2	1 1 1 1 1 0 1 1 1 0 0 1 0 0 0 0
330	1	1 1 1 1 1 0 1 0 1 0 0 0 0 0 1 0
330	2	1 1 1 1 0 0 0 0 1 0 1 0 0 1 0 0
330	2	1 1 1 1 0 0 1 0 0 1 0 1 0 1 0 0
330	2	1 1 1 1 0 0 1 0 0 1 0 1 1 0 0 0
330	3	1 0 0 1 1 0 1 0 1 0 1 0 1 0 0 0
330	1	1 1 1 1 0 0 1 0 1 0 1 0 1 0 0 0
330	1	1 1 1 1 0 0 1 1 0 0 0 0 0 0 0 0
340	9	1 0 1 1 1 0 1 0 1 0 1 0 0 0 0 0
340	31	1 1 1 1 0 0 1 0 1 0 0 1 0 0 0 0
340	49	1 1 1 1 1 0 1 0 1 0 0 1 0 0 0 0
340	58	1 1 1 1 0 0 1 1 1 0 1 0 0 0 0 0
340	91	1 1 1 1 1 0 1 0 1 0 1 0 0 0 0 0
340	85	1 1 1 1 1 0 1 0 1 0 0 0 0 0 0 0
340	9	1 1 1 1 0 0 0 0 1 0 1 0 1 0 0 0
340	11	1 1 1 1 1 0 1 0 1 0 1 1 0 0 0 0
340	23	1 1 1 1 0 0 1 0 1 0 0 0 0 0 0 0
340	24	1 1 1 1 0 0 1 0 1 0 0 1 0 0 1 0
340	19	1 0 1 1 1 0 1 0 1 1 1 0 0 0 0 0
340	28	1 1 1 1 0 0 1 0 1 1 1 0 0 0 0 0
340	3	1 1 1 1 1 0 1 0 1 1 1 0 0 0 0 0
340	30	1 1 1 1 0 0 1 0 1 1 0 0 0 0 0 0
340	18	1 1 1 1 0 0 0 0 1 0 1 0 0 0 0 0
340	10	1 1 1 1 0 0 1 0 0 1 0 1 0 0 0 0
340	15	1 1 1 1 1 0 1 0 0 0 1 0 0 0 0 0
340	9	1 0 1 1 0 0 1 0 1 0 0 1 0 0 1 0
340	29	1 1 1 1 1 0 1 0 1 0 1 0 0 0 0 1
340	1	0 1 1 0 1 0 1 0 1 0 1 0 0 0 0 0
340	1	1 0 1 1 0 0 0 0 1 0 1 0 1 0 0 0
340	9	1 1 1 1 1 0 1 0 1 0 0 0 1 0 0 0
340	1	1 1 1 1 1 1 1 0 1 0 0 0 0 0 0 0
340	25	1 1 1 1 0 0 1 0 0 0 1 1 0 0 1 0
340	4	1 1 1 1 1 1 1 0 1 0 0 1 0 0 0 0
340	3	1 0 1 1 1 0 1 0 1 0 1 0 1 0 0 0
340	5	1 1 1 1 1 0 1 0 1 1 1 1 0 0 0 0
340	4	1 1 1 1 0 0 1 1 1 1 1 0 0 0 0 0
340	6	1 1 1 1 0 1 1 0 1 0 0 1 0 0 1 0
340	21	1 1 1 1 0 0 1 0 1 0 1 0 0 0 0 0
340	5	1 1 1 1 0 0 1 0 0 0 0 1 0 0 0 0
340	3	1 1 1 1 1 0 1 0 1 1 1 0 0 1 0 0
340	6	0 1 1 1 1 0 1 0 1 1 1 0 0 0 0 0
340	3	1 1 0 1 0 0 1 0 1 0 0 0 0 0 0 0
340	6	1 0 1 1 0 0 0 0 1 0 0 1 0 0 1 0
340	1	1 1 1 0 0 0 1 1 1 0 1 0 0 0 0 0
340	45	1 1 1 1 1 0 1 1 1 0 1 0 0 0 0 0
340	9	1 1 1 0 1 0 1 0 1 0 0 0 0 0 0 0
340	11	1 1 1 1 1 0 1 0 1 0 0 1 0 0 0 1
340	19	1 1 1 1 0 0 1 0 0 1 0 1 0 0 1 0
340	8	1 1 1 1 1 0 1 0 1 0 1 0 0 0 1 0
340	2	1 1 1 1 1 0 0 0 1 1 1 0 0 0 0 0
340	5	1 1 1 1 0 0 1 0 1 0 0 0 0 0 0 1
340	1	1 1 1 1 0 0 0 0 1 0 0 1 0 0 0 0
340	13	1 0 1 1 1 0 1 0 1 0 0 0 0 0 0 0
340	3	1 1 1 1 1 0 1 0 1 0 0 1 0 0 1 0
340	32	1 1 1 1 1 1 0 1 1 0 1 0 0 0 0 0
340	23	1 1 0 1 0 0 1 0 1 0 0 1 0 0 0 0
340	3	1 0 1 1 0 0 1 0 1 0 0 1 0 0 0 0
340	8	1 1 1 0 1 0 1 0 1 0 0 1 0 0 0 0
340	20	1 1 1 1 1 0 1 0 0 0 0 0 0 0 0 0
340	3	1 0 1 1 0 0 0 1 1 0 1 0 0 0 0 0
340	2	1 1 1 1 1 0 0 0 1 0 0 1 0 0 1 0
340	3	1 1 1 1 0 0 1 0 1 0 0 0 1 0 0 0
340	3	1 1 0 1 0 0 0 0 1 1 1 0 0 0 0 0
340	6	0 1 1 1 0 0 1 0 1 0 1 0 0 0 0 1
340	7	1 1 1 1 0 0 1 1 1 0 1 0 0 0 1 0
340	7	1 1 1 1 1 1 1 0 0 1 0 1 0 0 0 0
340	5	1 1 1 1 1 0 1 1 1 0 0 1 0 0 0 0
340	8	1 1 1 1 0 0 1 0 1 0 1 0 1 0 0 0
340	1	0 1 1 1 1 0 1 0 1 1 0 0 0 0 0 0
340	17	1 1 1 1 1 0 1 1 0 0 1 0 0 0 0 0
340	1	0 1 1 1 0 0 1 0 1 0 1 0 0 0 0 0
340	1	1 1 1 1 1 0 1 0 1 0 1 0 1 0 0 0
340	3	1 1 1 1 1 0 0 0 1 0 1 0 0 0 0 0
340	2	1 1 1 1 0 0 1 0 0 1 1 1 0 0 1 0
340	4	1 1 1 1 1 0 1 0 0 1 0 1 0 0 1 0
340	2	1 0 1 1 1 0 1 0 1 1 0 0 0 0 0 0
340	7	1 1 1 0 0 0 1 1 1 1 1 1 0 0 0 0
340	1	1 1 1 1 0 0 1 1 1 0 1 0 0 1 0 0
340	6	0 1 0 1 1 0 1 0 1 1 1 0 0 0 0 0
340	11	1 1 1 1 0 0 1 0 1 0 0 0 0 0 1 0
340	5	1 1 1 1 0 0 1 0 1 1 0 1 1 0 0 0
340	6	1 1 1 1 1 0 1 0 1 1 0 0 0 0 0 0
340	2	1 1 1 1 0 0 1 0 0 1 0 0 0 0 0 0
340	1	1 1 0 1 1 0 1 0 1 0 0 0 0 0 0 0
340	2	1 1 1 1 1 0 1 1 1 0 1 0 0 1 0 0
340	3	1 1 0 1 1 0 1 0 1 0 1 0 0 0 0 0
340	7	1 1 1 1 1 1 1 0 1 0 1 0 0 0 0 0
340	1	1 1 1 0 1 0 1 1 0 0 1 0 0 0 0 0
340	1	1 1 1 1 1 0 1 0 0 0 1 0 0 0 0 1
340	2	1 0 1 1 0 0 0 0 1 0 1 0 0 0 0 0
340	1	1 1 1 0 1 0 1 1 0 0 0 0 0 0 0 0
340	1	1 1 1 1 0 0 1 1 1 0 1 1 0 0 0 0
340	2	0 0 1 1 0 0 0 0 1 0 0 1 0 0 1 0
340	1	1 0 1 1 1 0 1 0 1 0 1 0 0 0 0 1
340	3	1 1 1 1 0 0 1 0 0 0 1 0 0 0 0 0
340	1	1 1 1 1 0 0 1 1 1 0 1 0 0 0 0 1
340	1	0 0 1 1 0 0 1 0 1 0 0 1 0 0 1 0
340	2	1 1 1 1 0 0 1 0 1 0 1 0 0 0 0 1
340	1	1 1 1 1 1 0 1 1 1 0 0 0 0 0 0 0
350	47	1 1 1 1 0 0 1 0 1 0 0 1 0 0 0 0
350	80	1 1 1 1 1 0 1 0 1 0 0 1 0 0 0 0
350	91	1 1 1 1 0 0 1 1 1 0 1 0 0 0 0 0
350	53	1 1 1 1 1 0 1 0 1 0 1 0 0 0 0 0
350	76	1 1 1 1 1 0 1 0 1 0 0 0 0 0 0 0
350	16	1 1 1 1 0 0 0 0 1 0 1 0 1 0 0 0
350	11	1 1 1 1 1 0 1 0 1 0 1 1 0 0 0 0
350	33	1 1 1 1 0 0 1 0 1 0 0 0 0 0 0 0
350	16	1 1 1 1 0 0 1 0 1 0 0 1 0 0 1 0
350	3	1 0 1 1 1 0 1 0 1 1 1 0 0 0 0 0
350	26	1 1 1 1 0 0 1 0 1 1 1 0 0 0 0 0
350	13	1 1 1 1 0 0 1 0 1 1 0 0 0 0 0 0
350	6	1 1 1 1 0 0 0 0 1 0 1 0 0 0 0 0
350	4	1 1 1 1 0 0 1 0 0 1 0 1 0 0 0 0
350	20	1 1 1 1 1 0 1 0 0 0 1 0 0 0 0 0
350	3	1 0 1 1 0 0 1 0 1 0 0 1 0 0 1 0
350	6	1 1 1 1 1 0 1 0 1 0 1 0 0 0 0 1
350	7	1 1 1 1 1 0 1 0 1 0 0 0 1 0 0 0
350	15	1 1 1 1 1 1 1 0 1 0 0 0 0 0 0 0
350	37	1 1 1 1 0 0 1 0 0 0 1 1 0 0 1 0
350	7	1 1 1 1 1 1 1 0 1 0 0 1 0 0 0 0
350	6	1 1 1 1 1 0 1 0 1 1 1 1 0 0 0 0
350	21	1 1 1 1 0 0 1 0 1 0 1 0 0 0 0 0
350	9	1 1 1 1 1 0 1 0 1 1 1 0 0 1 0 0
350	8	0 1 1 1 1 0 1 0 1 1 1 0 0 0 0 0
350	4	1 1 1 0 0 0 1 1 1 0 1 0 0 0 0 0
350	18	1 1 1 1 1 0 1 1 1 0 1 0 0 0 0 0
350	8	1 1 1 0 1 0 1 0 1 0 0 0 0 0 0 0
350	9	1 1 1 1 1 0 1 0 1 0 0 1 0 0 0 1
350	5	1 1 1 1 1 0 0 0 1 1 1 0 0 0 0 0
350	11	1 0 1 1 1 0 1 0 1 0 0 0 0 0 0 0
350	5	1 1 1 1 1 0 1 0 1 0 0 1 0 0 1 0
350	34	1 1 1 1 1 1 0 1 1 0 1 0 0 0 0 0
350	19	1 1 0 1 0 0 1 0 1 0 0 1 0 0 0 0
350	30	1 1 1 1 1 0 1 0 0 0 0 0 0 0 0 0
350	5	1 0 1 1 0 0 0 1 1 0 1 0 0 0 0 0
350	1	1 1 1 1 0 0 1 0 1 0 0 0 1 0 0 0
350	6	1 1 1 1 0 0 1 1 1 0 1 0 0 0 1 0
350	2	1 1 1 1 1 1 1 0 0 1 0 1 0 0 0 0
350	3	1 1 1 1 0 0 1 0 1 0 1 0 1 0 0 0
350	12	0 1 1 1 1 0 1 0 1 1 0 0 0 0 0 0
350	14	1 1 1 1 1 0 1 1 0 0 1 0 0 0 0 0
350	2	1 1 1 1 0 0 1 0 0 1 1 1 0 0 1 0
350	3	1 1 1 1 1 0 1 0 0 1 0 1 0 0 1 0
350	3	1 0 1 1 1 0 1 0 1 1 0 0 0 0 0 0
350	10	0 1 0 1 1 0 1 0 1 1 1 0 0 0 0 0
350	13	1 1 1 1 0 0 1 0 1 0 0 0 0 0 1 0
350	1	1 1 1 1 0 0 1 0 1 1 0 1 1 0 0 0
350	3	1 1 1 1 1 0 1 0 1 1 0 0 0 0 0 0
350	3	1 1 1 1 1 0 1 1 1 0 1 0 0 1 0 0
350	2	1 1 1 1 1 1 1 0 1 0 1 0 0 0 0 0
350	2	1 0 1 1 0 0 0 0 1 0 1 0 0 0 0 0
350	6	1 0 1 1 1 0 1 0 1 0 1 0 0 0 0 1
350	7	1 1 1 1 0 0 1 0 0 0 1 0 0 0 0 0
350	5	1 1 1 1 0 0 1 1 1 0 1 0 0 0 0 1
350	11	1 1 1 1 1 0 1 1 1 0 0 0 0 0 0 0
350	7	1 0 1 1 0 1 1 0 1 0 0 1 0 0 1 0
350	3	1 1 1 0 1 1 0 1 1 0 1 0 0 0 0 0
350	2	1 0 1 1 0 0 1 0 1 0 0 0 0 0 0 0
350	6	1 0 1 1 0 0 1 1 1 0 1 0 0 0 0 0
350	3	1 1 1 0 1 1 1 0 1 0 0 1 0 0 0 0
350	3	1 1 1 1 1 0 1 0 1 0 0 0 0 0 1 0
350	1	1 1 1 1 0 0 1 0 0 0 1 1 0 1 1 0
350	3	0 1 1 1 1 0 0 0 1 1 1 0 0 0 0 0
350	12	1 1 1 1 1 0 1 1 1 1 1 0 0 0 0 0
350	18	1 1 1 1 1 0 1 1 0 0 1 0 1 0 0 0
350	7	1 1 1 1 0 0 1 0 0 0 0 0 0 0 0 0
350	1	1 1 0 0 0 0 1 1 1 0 1 0 0 0 0 0
350	1	1 1 1 1 1 0 1 0 1 0 0 1 0 1 0 1
350	1	0 0 1 1 1 0 0 0 1 1 1 0 0 0 0 0
350	5	1 1 0 1 0 0 1 1 0 0 1 0 0 0 0 0
350	4	1 1 1 1 0 0 1 0 0 0 0 1 0 0 0 0
350	3	0 1 1 1 0 0 1 1 1 0 1 0 0 0 0 0
350	6	1 1 1 1 1 0 1 0 0 0 0 0 1 0 0 0
350	2	1 1 1 0 1 0 1 0 0 0 0 0 0 0 0 0
350	1	1 1 0 1 0 0 1 1 1 0 1 0 0 0 0 0
350	1	1 1 1 1 0 0 1 0 0 0 1 1 0 0 1 1
350	1	0 1 1 1 1 0 1 0 1 1 0 0 0 0 1 0
350	1	1 1 1 1 0 0 1 1 1 1 1 0 0 0 0 0
350	4	1 1 1 1 1 0 1 0 1 0 1 0 1 0 0 0
350	1	1 1 1 1 1 0 1 0 0 1 1 0 0 0 0 0
350	4	0 1 0 1 1 0 1 0 1 1 1 0 0 0 1 0
350	2	1 1 1 1 1 1 1 1 0 0 1 0 1 0 0 0
350	3	1 1 1 1 0 0 1 0 0 0 0 0 1 0 0 0
350	3	1 1 1 1 0 0 1 0 0 1 0 0 0 0 0 0
350	1	0 1 1 1 1 1 1 0 1 0 0 0 0 0 0 0
350	4	0 1 1 1 0 0 1 0 1 1 1 0 0 0 0 0
350	2	1 1 1 1 0 0 1 0 0 0 1 1 1 1 1 0
350	4	1 1 1 1 0 0 1 0 1 1 1 0 0 0 1 0
350	2	1 1 1 1 1 0 1 0 1 1 1 0 0 0 0 0
350	1	1 1 1 1 1 0 0 0 1 0 1 1 0 0 0 0
350	1	1 1 1 1 1 0 1 1 1 0 1 0 0 0 1 0
350	2	1 0 1 1 0 1 1 0 1 0 0 1 0 0 1 1
350	1	1 0 1 1 0 0 1 1 1 0 1 0 0 0 1 0
350	2	1 1 1 0 0 0 1 0 0 0 0 0 0 0 0 0
360	13	1 1 1 1 0 0 1 0 1 0 0 1 0 0 0 0
360	99	1 1 1 1 1 0 1 0 1 0 0 1 0 0 0 0
360	63	1 1 1 1 0 0 1 1 1 0 1 0 0 0 0 0
360	33	1 1 1 1 1 0 1 0 1 0 1 0 0 0 0 0
360	37	1 1 1 1 1 0 1 0 1 0 0 0 0 0 0 0
360	18	1 1 1 1 0 0 0 0 1 0 1 0 1 0 0 0
360	8	1 1 1 1 1 0 1 0 1 0 1 1 0 0 0 0
360	26	1 1 1 1 0 0 1 0 1 0 0 0 0 0 0 0
360	30	1 1 1 1 0 0 1 0 1 0 0 1 0 0 1 0
360	21	1 1 1 1 0 0 1 0 1 1 1 0 0 0 0 0
360	17	1 1 1 1 0 0 1 0 1 1 0 0 0 0 0 0
360	16	1 1 1 1 0 0 0 0 1 0 1 0 0 0 0 0
360	9	1 1 1 1 0 0 1 0 0 1 0 1 0 0 0 0
360	22	1 1 1 1 1 0 1 0 0 0 1 0 0 0 0 0
360	17	1 0 1 1 0 0 1 0 1 0 0 1 0 0 1 0
360	7	1 1 1 1 1 0 1 0 1 0 1 0 0 0 0 1
360	6	1 1 1 1 1 1 1 0 1 0 0 0 0 0 0 0
360	29	1 1 1 1 0 0 1 0 0 0 1 1 0 0 1 0
360	1	1 1 1 1 1 1 1 0 1 0 0 1 0 0 0 0
360	30	1 1 1 1 0 0 1 0 1 0 1 0 0 0 0 0
360	23	1 1 1 1 1 0 1 0 1 1 1 0 0 1 0 0
360	3	0 1 1 1 1 0 1 0 1 1 1 0 0 0 0 0
360	26	1 1 1 1 1 0 1 1 1 0 1 0 0 0 0 0
360	15	1 1 1 0 1 0 1 0 1 0 0 0 0 0 0 0
360	17	1 0 1 1 1 0 1 0 1 0 0 0 0 0 0 0
360	21	1 1 1 1 1 1 0 1 1 0 1 0 0 0 0 0
360	59	1 1 1 1 1 0 1 0 0 0 0 0 0 0 0 0
360	20	1 0 1 1 0 0 0 1 1 0 1 0 0 0 0 0
360	1	0 1 1 1 1 0 1 0 1 1 0 0 0 0 0 0
360	12	1 1 1 1 1 0 1 1 0 0 1 0 0 0 0 0
360	12	1 1 1 1 0 0 1 0 1 0 0 0 0 0 1 0
360	10	1 1 1 1 1 0 1 1 1 0 1 0 0 1 0 0
360	7	1 1 1 1 1 1 1 0 1 0 1 0 0 0 0 0
360	4	1 1 1 1 0 0 1 0 0 0 1 0 0 0 0 0
360	9	1 1 1 1 0 0 1 1 1 0 1 0 0 0 0 1
360	41	1 1 1 1 1 0 1 1 1 0 0 0 0 0 0 0
360	1	1 0 1 1 0 1 1 0 1 0 0 1 0 0 1 0
360	1	1 1 1 0 1 1 0 1 1 0 1 0 0 0 0 0
360	27	1 0 1 1 0 0 1 1 1 0 1 0 0 0 0 0
360	20	1 1 1 1 1 0 1 0 1 0 0 0 0 0 1 0
360	1	1 1 1 1 1 0 1 1 1 1 1 0 0 0 0 0
360	33	1 1 1 1 1 0 1 1 0 0 1 0 1 0 0 0
360	5	1 1 0 1 0 0 1 1 0 0 1 0 0 0 0 0
360	10	1 1 1 1 0 0 1 0 0 0 0 1 0 0 0 0
360	4	1 1 1 1 1 0 1 0 0 0 0 0 1 0 0 0
360	8	1 1 1 0 1 0 1 0 0 0 0 0 0 0 0 0
360	2	0 1 1 1 0 0 1 0 1 1 1 0 0 0 0 0
360	2	1 1 1 1 1 0 1 0 1 1 1 0 0 0 0 0
360	5	0 1 1 1 0 0 1 0 1 0 0 0 0 0 0 0
360	1	1 1 1 1 0 0 1 1 0 0 1 0 0 0 0 0
360	5	1 1 1 1 1 1 1 0 0 0 0 0 0 0 0 0
360	8	1 1 1 1 0 0 1 1 1 0 0 1 0 0 0 0
360	3	1 1 0 0 0 0 1 1 1 0 1 1 0 0 0 0
360	3	1 1 1 1 1 1 1 0 1 0 0 0 1 0 0 0
360	4	1 1 1 1 0 0 1 0 1 0 0 0 1 0 1 0
360	4	1 0 1 1 0 0 1 1 0 0 1 0 0 0 0 0
360	1	0 1 1 1 0 0 1 0 1 0 0 1 0 0 0 0
360	5	1 1 1 1 1 0 1 0 0 0 1 0 0 0 0 1
360	5	1 1 1 1 1 0 1 0 1 0 1 0 0 1 0 0
360	1	1 1 0 1 0 0 1 0 0 0 0 1 0 0 0 0
360	1	1 1 1 1 0 0 0 0 1 0 0 1 0 0 1 0
360	2	1 1 0 1 1 0 1 1 1 0 0 0 0 0 0 0
360	5	1 1 1 1 1 0 1 1 1 0 0 1 0 0 0 0
360	2	1 1 1 1 1 0 1 1 1 0 0 0 1 0 0 0
360	1	1 1 1 1 1 1 0 1 1 0 1 0 0 1 0 0
360	4	1 1 1 1 1 0 1 0 0 0 0 0 0 1 0 0
360	3	1 0 1 1 1 0 1 0 1 1 0 0 0 0 0 1
360	3	1 1 0 1 1 1 1 0 1 0 1 0 0 0 0 0
360	2	1 1 1 1 0 0 1 1 0 0 1 0 1 0 0 0
360	5	1 1 1 1 1 0 1 1 1 0 0 0 0 0 1 0
360	3	1 1 1 1 1 0 1 0 0 1 0 1 0 0 0 0
360	1	1 1 1 1 1 0 1 0 1 1 0 1 0 0 0 0
360	2	1 1 1 1 0 0 1 0 1 0 0 1 1 0 1 0
360	2	1 0 1 1 0 0 1 0 0 0 1 1 0 0 1 0
360	5	1 1 1 1 1 0 1 1 0 1 1 0 0 0 0 0
360	1	1 1 1 1 0 0 1 1 0 0 0 1 0 0 0 0
360	2	1 0 1 1 0 1 1 0 1 0 0 1 0 0 0 0
360	3	1 1 1 1 1 0 0 0 1 0 0 1 0 0 0 0
360	1	1 1 1 0 1 0 1 0 1 0 0 1 0 0 0 0
360	1	1 1 1 1 1 0 1 0 1 1 1 1 0 0 0 0
360	2	1 1 1 1 1 0 1 0 0 0 1 1 0 0 0 0
360	3	1 1 1 1 0 0 1 1 0 0 1 1 0 0 1 0
360	1	1 1 1 1 0 0 1 0 1 1 1 0 0 1 0 0
360	1	0 1 1 1 1 0 1 0 1 1 1 0 0 1 0 0
360	1	1 1 1 1 1 0 0 0 1 1 1 1 0 0 0 0
360	2	1 1 1 1 0 0 1 0 1 0 1 1 0 0 1 1
370	11	1 1 1 1 0 0 1 0 1 0 0 1 0 0 0 0
370	139	1 1 1 1 1 0 1 0 1 0 0 1 0 0 0 0
370	27	1 1 1 1 0 0 1 1 1 0 1 0 0 0 0 0
370	34	1 1 1 1 1 0 1 0 1 0 1 0 0 0 0 0
370	33	1 1 1 1 1 0 1 0 1 0 0 0 0 0 0 0
370	10	1 1 1 1 0 0 0 0 1 0 1 0 1 0 0 0
370	4	1 1 1 1 1 0 1 0 1 0 1 1 0 0 0 0
370	10	1 1 1 1 0 0 1 0 1 0 0 0 0 0 0 0
370	28	1 1 1 1 0 0 1 0 1 0 0 1 0 0 1 0
370	3	1 1 1 1 0 0 1 0 1 1 1 0 0 0 0 0
370	10	1 1 1 1 0 0 1 0 1 1 0 0 0 0 0 0
370	2	1 1 1 1 0 0 0 0 1 0 1 0 0 0 0 0
370	7	1 1 1 1 0 0 1 0 0 1 0 1 0 0 0 0
370	24	1 1 1 1 1 0 1 0 0 0 1 0 0 0 0 0
370	7	1 0 1 1 0 0 1 0 1 0 0 1 0 0 1 0
370	7	1 1 1 1 1 0 1 0 1 0 1 0 0 0 0 1
370	10	1 1 1 1 1 1 1 0 1 0 0 0 0 0 0 0
370	4	1 1 1 1 0 0 1 0 0 0 1 1 0 0 1 0
370	4	1 1 1 1 1 1 1 0 1 0 0 1 0 0 0 0
370	41	1 1 1 1 0 0 1 0 1 0 1 0 0 0 0 0
370	38	1 1 1 1 1 0 1 0 1 1 1 0 0 1 0 0
370	17	0 1 1 1 1 0 1 0 1 1 1 0 0 0 0 0
370	11	1 1 1 1 1 0 1 1 1 0 1 0 0 0 0 0
370	3	1 1 1 0 1 0 1 0 1 0 0 0 0 0 0 0
370	6	1 0 1 1 1 0 1 0 1 0 0 0 0 0 0 0
370	50	1 1 1 1 1 1 0 1 1 0 1 0 0 0 0 0
370	57	1 1 1 1 1 0 1 0 0 0 0 0 0 0 0 0
370	20	1 0 1 1 0 0 0 1 1 0 1 0 0 0 0 0
370	7	1 1 1 1 1 0 1 1 0 0 1 0 0 0 0 0
370	1	1 1 1 1 0 0 1 0 1 0 0 0 0 0 1 0
370	21	1 1 1 1 1 0 1 1 1 0 1 0 0 1 0 0
370	2	1 1 1 1 1 1 1 0 1 0 1 0 0 0 0 0
370	5	1 1 1 1 0 0 1 0 0 0 1 0 0 0 0 0
370	49	1 1 1 1 1 0 1 1 1 0 0 0 0 0 0 0
370	14	1 0 1 1 0 0 1 1 1 0 1 0 0 0 0 0
370	14	1 1 1 1 1 0 1 0 1 0 0 0 0 0 1 0
370	7	1 1 1 1 1 0 1 1 1 1 1 0 0 0 0 0
370	9	1 1 1 1 1 0 1 1 0 0 1 0 1 0 0 0
370	31	1 1 1 1 0 0 1 0 0 0 0 1 0 0 0 0
370	5	1 1 1 0 1 0 1 0 0 0 0 0 0 0 0 0
370	4	0 1 1 1 0 0 1 0 1 1 1 0 0 0 0 0
370	1	0 1 1 1 0 0 1 0 1 0 0 0 0 0 0 0
370	5	1 1 1 1 0 0 1 1 0 0 1 0 0 0 0 0
370	3	1 1 0 0 0 0 1 1 1 0 1 1 0 0 0 0
370	2	1 0 1 1 0 0 1 1 0 0 1 0 0 0 0 0
370	1	1 1 1 1 1 0 1 0 1 0 1 0 0 1 0 0
370	8	1 1 1 1 1 0 1 1 1 0 0 1 0 0 0 0
370	4	1 1 1 1 1 1 0 1 1 0 1 0 0 1 0 0
370	4	1 0 1 1 1 0 1 0 1 1 0 0 0 0 0 1
370	2	1 1 0 1 1 1 1 0 1 0 1 0 0 0 0 0
370	8	1 1 1 1 1 0 1 1 1 0 0 0 0 0 1 0
370	11	1 1 1 1 1 0 1 0 0 1 0 1 0 0 0 0
370	5	1 1 1 1 1 0 1 0 1 1 0 1 0 0 0 0
370	13	1 1 1 1 1 0 0 0 1 1 1 1 0 0 0 0
370	4	1 1 1 1 0 0 1 0 1 0 0 1 0 1 0 0
370	4	1 1 1 1 0 0 1 1 1 0 1 0 0 0 1 0
370	8	1 1 1 1 0 0 1 0 0 0 0 1 0 0 1 0
370	1	1 0 1 1 0 0 1 0 0 0 1 0 0 0 0 0
370	12	1 1 1 1 0 0 1 0 0 0 0 0 0 0 0 0
370	3	0 1 1 1 1 0 1 0 1 0 0 1 0 0 0 0
370	1	1 1 1 1 1 0 1 0 1 0 0 1 0 0 0 1
370	9	1 1 1 1 1 0 1 0 0 0 0 1 0 0 0 0
370	4	1 1 1 0 1 0 1 0 0 0 0 0 0 0 1 0
370	2	1 1 1 1 1 0 1 1 0 0 0 1 0 0 0 0
370	14	1 1 1 1 0 0 0 1 1 0 1 0 0 0 0 0
370	1	1 1 1 0 1 0 1 0 1 0 0 1 0 0 0 0
370	5	0 1 1 1 0 0 0 0 1 0 1 0 1 0 0 0
370	9	1 1 1 1 1 0 0 0 1 0 1 0 1 0 0 0
370	1	1 1 1 0 1 0 1 1 1 0 1 0 0 0 0 0
370	1	1 1 1 1 1 0 1 1 0 1 0 1 0 0 0 0
370	10	1 1 1 1 1 0 1 0 1 0 0 1 0 0 1 0
370	3	1 1 1 1 0 0 1 0 1 0 1 0 1 0 0 0
370	3	0 1 1 1 1 0 0 0 1 0 0 1 0 0 0 0
370	3	1 1 1 1 1 0 1 0 1 1 1 0 0 0 0 0
370	1	1 1 1 1 0 0 1 0 0 1 1 1 0 0 0 0
370	4	0 1 1 1 1 0 1 0 1 1 1 0 0 1 0 0
370	3	1 1 1 1 1 0 1 0 0 0 0 0 0 0 1 0
370	9	1 1 1 1 1 0 1 1 1 1 1 1 0 0 0 0
370	2	1 1 1 1 0 0 0 0 1 0 0 0 0 0 1 0
370	2	1 1 1 1 1 0 1 0 1 0 1 1 1 0 0 0
370	4	1 1 1 1 0 0 1 1 0 0 1 0 1 0 0 0
370	4	1 0 1 1 0 0 1 0 0 0 0 1 0 0 0 0
370	1	1 1 1 1 1 0 1 0 1 1 1 0 0 0 0 1
370	2	1 1 1 1 0 0 1 0 1 0 0 1 0 1 1 0
370	2	0 1 1 1 0 0 1 0 0 0 0 1 0 0 0 0
370	3	1 1 1 1 1 1 1 0 0 1 0 1 0 0 0 0
370	2	1 1 1 1 0 0 0 0 0 0 1 0 0 0 0 0
370	2	1 1 1 1 0 0 1 0 1 0 1 0 0 1 0 0
370	1	1 1 1 1 0 0 1 0 1 1 0 0 0 0 1 0
370	1	1 0 0 1 0 0 1 0 1 0 0 1 0 0 1 0
370	1	1 1 1 1 1 0 1 0 1 1 1 0 1 1 0 0
370	1	1 1 1 1 0 0 1 0 1 1 1 0 0 1 0 0
370	3	1 0 1 1 0 0 1 1 1 1 1 0 0 0 0 0
370	1	1 1 0 0 0 0 1 1 1 0 1 0 0 0 0 0
380	2	1 1 1 1 0 0 1 0 1 0 0 1 0 0 0 0
380	105	1 1 1 1 1 0 1 0 1 0 0 1 0 0 0 0
380	13	1 1 1 1 0 0 1 1 1 0 1 0 0 0 0 0
380	13	1 1 1 1 1 0 1 0 1 0 1 0 0 0 0 0
380	42	1 1 1 1 1 0 1 0 1 0 0 0 0 0 0 0
380	18	1 1 1 1 0 0 0 0 1 0 1 0 1 0 0 0
380	17	1 1 1 1 1 0 1 0 1 0 1 1 0 0 0 0
380	19	1 1 1 1 0 0 1 0 1 0 0 0 0 0 0 0
380	31	1 1 1 1 0 0 1 0 1 0 0 1 0 0 1 0
380	42	1 1 1 1 1 0 1 0 0 0 1 0 0 0 0 0
380	16	1 0 1 1 0 0 1 0 1 0 0 1 0 0 1 0
380	12	1 1 1 1 1 1 1 0 1 0 0 0 0 0 0 0
380	5	1 1 1 1 0 0 1 0 0 0 1 1 0 0 1 0
380	4	1 1 1 1 0 0 1 0 1 0 1 0 0 0 0 0
380	23	1 1 1 1 1 0 1 0 1 1 1 0 0 1 0 0
380	24	0 1 1 1 1 0 1 0 1 1 1 0 0 0 0 0
380	28	1 1 1 1 1 0 1 1 1 0 1 0 0 0 0 0
380	2	1 1 1 0 1 0 1 0 1 0 0 0 0 0 0 0
380	69	1 1 1 1 1 1 0 1 1 0 1 0 0 0 0 0
380	77	1 1 1 1 1 0 1 0 0 0 0 0 0 0 0 0
380	7	1 0 1 1 0 0 0 1 1 0 1 0 0 0 0 0
380	13	1 1 1 1 1 0 1 1 0 0 1 0 0 0 0 0
380	29	1 1 1 1 1 0 1 1 1 0 1 0 0 1 0 0
380	39	1 1 1 1 1 0 1 1 1 0 0 0 0 0 0 0
380	49	1 0 1 1 0 0 1 1 1 0 1 0 0 0 0 0
380	5	1 1 1 1 1 0 1 0 1 0 0 0 0 0 1 0
380	5	1 1 1 1 1 0 1 1 1 1 1 0 0 0 0 0
380	14	1 1 1 1 1 0 1 1 0 0 1 0 1 0 0 0
380	16	1 1 1 1 0 0 1 0 0 0 0 1 0 0 0 0
380	1	1 1 1 0 1 0 1 0 0 0 0 0 0 0 0 0
380	1	1 1 1 1 0 0 1 1 0 0 1 0 0 0 0 0
380	2	1 1 1 1 1 0 1 0 1 0 1 0 0 1 0 0
380	5	1 1 1 1 1 1 0 1 1 0 1 0 0 1 0 0
380	10	1 1 1 1 1 0 1 1 1 0 0 0 0 0 1 0
380	13	1 1 1 1 1 0 0 0 1 1 1 1 0 0 0 0
380	1	1 1 1 1 0 0 1 0 1 0 0 1 0 1 0 0
380	4	1 1 1 1 0 0 1 1 1 0 1 0 0 0 1 0
380	13	1 1 1 1 0 0 1 0 0 0 0 1 0 0 1 0
380	29	1 1 1 1 0 0 1 0 0 0 0 0 0 0 0 0
380	2	1 1 1 1 1 0 1 0 1 0 0 1 0 0 0 1
380	1	1 1 1 0 1 0 1 0 0 0 0 0 0 0 1 0
380	1	1 1 1 1 0 0 0 1 1 0 1 0 0 0 0 0
380	3	1 1 1 1 1 0 0 0 1 0 1 0 1 0 0 0
380	4	1 1 1 1 1 0 1 0 1 0 0 1 0 0 1 0
380	27	1 1 1 1 1 0 1 0 1 1 1 0 0 0 0 0
380	11	1 1 1 1 0 0 1 0 0 1 1 1 0 0 0 0
380	2	1 1 1 1 1 0 1 1 1 1 1 1 0 0 0 0
380	12	1 1 1 1 0 0 0 0 0 0 1 0 0 0 0 0
380	7	1 0 1 1 0 0 1 1 1 1 1 0 0 0 0 0
380	6	1 1 1 1 0 0 1 1 1 0 0 0 0 0 0 0
380	1	1 1 1 1 1 1 0 1 1 0 1 1 0 0 0 0
380	10	1 1 1 1 0 0 1 1 1 0 0 1 0 0 0 0
380	13	1 1 1 1 1 0 1 0 1 0 1 0 1 0 0 0
380	5	1 1 1 1 1 0 1 1 1 0 1 0 0 1 1 0
380	1	0 1 1 1 1 0 1 1 1 0 0 0 0 0 0 0
380	1	1 0 1 1 0 0 0 1 1 0 0 1 0 0 1 0
380	2	1 0 1 1 0 0 1 1 0 0 1 0 0 0 0 0
380	13	1 1 1 1 1 0 1 0 1 0 0 0 1 0 1 0
380	1	1 1 1 1 0 0 1 0 0 0 0 1 0 0 0 1
380	4	1 1 0 1 1 0 1 0 1 1 1 0 0 1 0 0
380	3	0 1 1 1 1 0 1 1 1 0 1 0 0 0 0 0
380	3	1 1 1 1 1 0 1 0 1 0 0 0 0 0 1 1
380	3	1 1 1 1 1 1 1 0 1 0 0 1 0 0 0 0
380	1	1 1 1 0 1 0 0 1 1 0 1 0 0 0 0 0
380	6	1 1 1 1 1 1 1 0 1 0 1 0 0 0 0 0
380	2	1 0 1 1 0 0 0 0 1 0 1 0 1 0 0 0
380	3	0 0 1 1 0 0 1 0 1 0 0 1 0 0 1 0
380	3	1 1 1 0 1 0 1 0 1 0 0 0 0 0 0 1
380	4	1 1 1 1 0 0 1 1 0 1 1 1 0 0 0 0
380	1	1 1 1 1 0 0 1 0 0 1 1 0 0 0 0 0
380	1	1 1 1 1 0 0 1 1 0 1 1 0 0 0 0 0
380	1	1 1 1 1 0 0 1 0 0 0 1 0 0 0 0 0
380	1	1 1 1 1 1 0 1 0 1 1 1 0 0 1 0 1
380	2	1 1 1 1 1 0 1 1 1 0 0 0 0 1 0 0
380	5	1 1 1 1 1 0 1 1 1 1 1 0 0 1 0 0
380	2	1 1 1 1 0 0 1 1 1 0 1 1 0 0 1 0
380	2	1 1 1 1 0 0 1 0 1 1 1 1 0 0 0 0
380	2	0 1 1 1 1 0 1 1 1 0 1 0 0 1 0 0
380	4	1 1 1 1 1 0 1 1 1 0 0 1 0 0 0 0
380	1	0 1 1 1 1 0 1 0 0 1 1 0 0 0 0 0
380	2	1 1 1 1 1 1 0 1 1 0 1 0 0 0 0 1
380	1	1 1 1 1 1 0 1 0 0 1 0 0 0 0 0 0
380	2	1 0 1 1 0 0 1 1 1 0 1 1 0 0 0 0
390	96	1 1 1 1 1 0 1 0 1 0 0 1 0 0 0 0
390	17	1 1 1 1 0 0 1 1 1 0 1 0 0 0 0 0
390	8	1 1 1 1 1 0 1 0 1 0 1 0 0 0 0 0
390	39	1 1 1 1 1 0 1 0 1 0 0 0 0 0 0 0
390	11	1 1 1 1 0 0 0 0 1 0 1 0 1 0 0 0
390	10	1 1 1 1 1 0 1 0 1 0 1 1 0 0 0 0
390	23	1 1 1 1 0 0 1 0 1 0 0 0 0 0 0 0
390	17	1 1 1 1 0 0 1 0 1 0 0 1 0 0 1 0
390	38	1 1 1 1 1 0 1 0 0 0 1 0 0 0 0 0
390	23	1 0 1 1 0 0 1 0 1 0 0 1 0 0 1 0
390	17	1 1 1 1 1 1 1 0 1 0 0 0 0 0 0 0
390	8	1 1 1 1 0 0 1 0 1 0 1 0 0 0 0 0
390	9	1 1 1 1 1 0 1 0 1 1 1 0 0 1 0 0
390	17	0 1 1 1 1 0 1 0 1 1 1 0 0 0 0 0
390	37	1 1 1 1 1 0 1 1 1 0 1 0 0 0 0 0
390	6	1 1 1 0 1 0 1 0 1 0 0 0 0 0 0 0
390	76	1 1 1 1 1 1 0 1 1 0 1 0 0 0 0 0
390	45	1 1 1 1 1 0 1 0 0 0 0 0 0 0 0 0
390	11	1 1 1 1 1 0 1 1 0 0 1 0 0 0 0 0
390	38	1 1 1 1 1 0 1 1 1 0 1 0 0 1 0 0
390	49	1 1 1 1 1 0 1 1 1 0 0 0 0 0 0 0
390	36	1 0 1 1 0 0 1 1 1 0 1 0 0 0 0 0
390	5	1 1 1 1 1 0 1 0 1 0 0 0 0 0 1 0
390	13	1 1 1 1 1 0 1 1 0 0 1 0 1 0 0 0
390	30	1 1 1 1 0 0 1 0 0 0 0 1 0 0 0 0
390	19	1 1 1 1 1 0 1 1 1 0 0 0 0 0 1 0
390	7	1 1 1 1 1 0 0 0 1 1 1 1 0 0 0 0
390	15	1 1 1 1 0 0 1 0 0 0 0 1 0 0 1 0
390	33	1 1 1 1 0 0 1 0 0 0 0 0 0 0 0 0
390	3	1 1 1 1 1 0 1 0 1 0 0 1 0 0 1 0
390	33	1 1 1 1 1 0 1 0 1 1 1 0 0 0 0 0
390	4	1 1 1 1 0 0 1 0 0 1 1 1 0 0 0 0
390	4	1 1 1 1 1 0 1 1 1 1 1 1 0 0 0 0
390	7	1 1 1 1 0 0 0 0 0 0 1 0 0 0 0 0
390	10	1 1 1 1 0 0 1 1 1 0 0 0 0 0 0 0
390	6	1 1 1 1 1 0 1 0 1 0 1 0 1 0 0 0
390	3	1 1 1 1 1 0 1 0 1 0 0 0 1 0 1 0
390	1	1 1 1 1 0 0 1 0 0 0 0 1 0 0 0 1
390	3	1 1 0 1 1 0 1 0 1 1 1 0 0 1 0 0
390	8	1 1 1 1 1 1 1 0 1 0 0 1 0 0 0 0
390	5	0 0 1 1 0 0 1 0 1 0 0 1 0 0 1 0
390	1	1 1 1 1 1 0 1 1 1 1 1 0 0 1 0 0
390	16	1 1 1 1 1 0 1 1 1 0 0 1 0 0 0 0
390	1	1 1 1 1 1 0 1 1 1 0 1 1 0 0 1 0
390	9	1 0 1 1 0 0 1 1 1 1 0 1 0 0 1 0
390	5	1 0 1 0 0 0 1 1 1 0 1 0 0 0 0 0
390	3	1 1 1 0 1 0 1 0 1 0 0 1 0 0 0 0
390	3	0 1 1 1 0 0 1 1 1 0 1 0 0 0 0 0
390	4	1 1 1 1 1 0 1 1 1 0 1 0 0 0 1 0
390	1	1 1 1 1 1 1 1 0 0 0 0 0 0 0 0 0
390	16	1 1 0 1 0 0 1 0 0 1 1 1 0 0 0 0
390	1	1 1 0 1 1 0 1 0 1 0 0 0 0 0 0 0
390	24	1 1 0 1 1 1 0 1 1 0 1 0 0 0 0 0
390	7	0 0 1 1 1 0 1 0 1 0 0 1 0 0 1 0
390	1	1 1 1 1 0 0 1 1 1 0 1 1 0 1 0 0
390	4	1 1 1 1 0 0 1 0 1 0 0 1 0 0 0 0
390	5	1 1 1 1 1 1 0 1 1 0 1 0 0 0 1 0
390	2	0 1 1 1 1 0 1 1 1 0 1 0 0 1 0 0
390	6	1 1 1 1 0 1 1 1 1 0 1 0 0 1 0 0
390	1	1 1 1 1 1 0 1 1 0 0 0 0 0 0 0 0
390	4	1 1 1 1 1 0 1 1 1 0 1 0 1 0 0 0
390	2	1 0 1 1 1 1 0 1 1 0 1 0 0 0 1 0
390	3	0 1 1 1 0 0 1 0 1 0 1 0 0 0 0 0
390	1	0 1 1 1 1 0 1 0 1 1 1 1 0 0 0 0
390	2	1 1 1 1 1 0 1 1 1 0 1 0 0 0 0 1
390	1	1 1 1 0 1 1 0 1 1 0 1 0 0 0 0 0
390	2	1 1 1 1 0 0 1 1 1 0 1 0 0 1 0 0
390	2	1 1 1 1 1 0 0 0 1 1 0 1 0 0 0 0
390	1	1 1 1 0 0 0 1 1 1 0 0 0 0 0 0 0
390	2	1 1 1 0 1 0 1 0 1 0 0 1 1 0 0 0
390	3	0 1 1 1 1 0 1 0 1 1 1 0 0 0 0 1
390	2	1 1 1 1 1 0 1 1 1 0 0 0 0 0 0 1
390	4	1 1 1 1 0 0 0 0 0 0 0 0 0 0 0 0
390	2	1 1 1 1 0 0 1 0 1 0 1 0 0 0 1 0
390	1	1 1 1 1 1 0 1 1 1 0 1 0 0 1 1 0
390	1	1 1 1 1 0 0 1 0 1 1 1 0 0 1 0 0
390	3	0 1 1 1 1 0 1 1 1 0 0 0 0 0 0 0
390	3	1 1 1 1 1 0 1 0 0 0 0 0 0 1 0 0
390	2	1 0 1 1 1 0 1 0 1 0 0 0 0 0 0 0
390	2	1 1 1 1 0 0 1 0 0 0 1 0 0 0 0 0
390	1	1 1 1 1 1 0 1 1 1 0 0 1 0 0 0 1
390	1	1 0 1 0 0 0 1 0 1 0 0 1 0 0 1 0
390	2	1 1 0 1 1 0 1 1 1 0 1 0 0 0 0 0
390	1	1 1 1 1 0 1 1 0 0 0 0 1 0 0 1 0
390	1	1 1 1 1 1 0 1 0 1 0 0 0 1 0 1 1
390	1	1 0 1 1 0 0 0 1 1 1 0 1 0 0 1 0
400	114	1 1 1 1 1 0 1 0 1 0 0 1 0 0 0 0
400	19	1 1 1 1 0 0 1 1 1 0 1 0 0 0 0 0
400	23	1 1 1 1 1 0 1 0 1 0 1 0 0 0 0 0
400	45	1 1 1 1 1 0 1 0 1 0 0 0 0 0 0 0
400	12	1 1 1 1 0 0 0 0 1 0 1 0 1 0 0 0
400	33	1 1 1 1 0 0 1 0 1 0 0 0 0 0 0 0
400	25	1 1 1 1 0 0 1 0 1 0 0 1 0 0 1 0
400	15	1 1 1 1 1 0 1 0 0 0 1 0 0 0 0 0
400	23	1 0 1 1 0 0 1 0 1 0 0 1 0 0 1 0
400	6	1 1 1 1 1 1 1 0 1 0 0 0 0 0 0 0
400	17	1 1 1 1 0 0 1 0 1 0 1 0 0 0 0 0
400	17	0 1 1 1 1 0 1 0 1 1 1 0 0 0 0 0
400	87	1 1 1 1 1 0 1 1 1 0 1 0 0 0 0 0
400	1	1 1 1 0 1 0 1 0 1 0 0 0 0 0 0 0
400	52	1 1 1 1 1 1 0 1 1 0 1 0 0 0 0 0
400	45	1 1 1 1 1 0 1 0 0 0 0 0 0 0 0 0
400	18	1 1 1 1 1 0 1 1 1 0 1 0 0 1 0 0
400	41	1 1 1 1 1 0 1 1 1 0 0 0 0 0 0 0
400	43	1 0 1 1 0 0 1 1 1 0 1 0 0 0 0 0
400	8	1 1 1 1 1 0 1 0 1 0 0 0 0 0 1 0
400	32	1 1 1 1 0 0 1 0 0 0 0 1 0 0 0 0
400	1	1 1 1 1 1 0 1 1 1 0 0 0 0 0 1 0
400	17	1 1 1 1 1 0 0 0 1 1 1 1 0 0 0 0
400	21	1 1 1 1 0 0 1 0 0 0 0 0 0 0 0 0
400	21	1 1 1 1 1 0 1 0 1 1 1 0 0 0 0 0
400	3	1 1 1 1 1 0 1 1 1 1 1 1 0 0 0 0
400	15	1 1 1 1 1 1 1 0 1 0 0 1 0 0 0 0
400	2	1 1 1 1 1 0 1 1 1 1 1 0 0 1 0 0
400	15	1 1 1 1 1 0 1 1 1 0 0 1 0 0 0 0
400	11	1 0 1 1 0 0 1 1 1 1 0 1 0 0 1 0
400	2	1 1 1 0 1 0 1 0 1 0 0 1 0 0 0 0
400	3	0 1 1 1 0 0 1 1 1 0 1 0 0 0 0 0
400	7	1 1 0 1 0 0 1 0 0 1 1 1 0 0 0 0
400	11	1 1 0 1 1 1 0 1 1 0 1 0 0 0 0 0
400	14	1 1 1 1 0 0 1 0 1 0 0 1 0 0 0 0
400	6	1 1 1 1 1 1 0 1 1 0 1 0 0 0 1 0
400	9	1 1 1 1 0 1 1 1 1 0 1 0 0 1 0 0
400	10	1 1 1 1 1 0 1 1 1 0 1 0 1 0 0 0
400	3	1 0 1 1 1 1 0 1 1 0 1 0 0 0 1 0
400	11	1 1 1 1 0 0 1 1 1 0 1 0 0 1 0 0
400	9	1 1 1 1 0 0 0 0 0 0 0 0 0 0 0 0
400	8	1 1 0 1 1 0 1 1 1 0 1 0 0 0 0 0
400	2	1 1 1 1 0 1 1 0 0 0 0 1 0 0 1 0
400	18	1 1 1 1 1 1 1 0 1 0 1 0 0 0 0 0
400	13	1 1 1 1 0 0 1 1 0 0 0 1 0 0 0 0
400	4	1 1 1 1 0 0 1 0 1 0 1 1 0 0 0 0
400	4	1 1 1 1 1 1 0 1 1 0 1 0 0 0 0 1
400	3	1 1 1 1 1 1 1 1 1 0 1 0 0 1 0 0
400	2	1 0 1 1 0 0 1 0 1 0 0 0 0 0 0 0
400	7	1 1 1 1 1 1 0 1 1 0 1 1 0 0 0 0
400	4	1 1 1 1 1 0 1 1 1 0 0 0 1 0 0 0
400	17	1 1 1 1 0 0 1 0 0 0 0 1 0 0 1 0
400	1	1 1 1 1 0 0 1 0 1 0 0 0 1 0 0 0
400	3	1 0 1 1 0 0 1 0 1 0 0 1 0 0 0 0
400	4	1 1 1 1 1 0 1 0 0 1 1 1 0 0 0 0
400	2	1 1 1 1 1 0 1 0 0 0 1 0 0 1 0 0
400	3	1 1 1 1 1 0 1 0 0 0 0 1 0 0 0 0
400	1	1 0 1 1 0 0 1 1 1 0 0 1 0 0 0 0
400	2	1 1 1 1 1 0 1 0 1 0 0 0 0 1 0 0
400	1	0 1 1 0 1 0 1 0 1 1 1 0 0 0 0 0
400	4	1 1 1 1 1 1 1 0 1 0 0 1 0 0 0 1
400	4	1 1 1 1 0 1 1 0 1 0 0 1 0 0 0 0
400	1	1 0 1 1 0 0 1 0 1 1 1 0 0 0 0 0
400	1	1 1 1 1 0 1 1 1 1 0 0 0 0 0 0 0
400	2	1 0 1 0 0 0 1 0 1 0 0 1 0 0 1 0
400	3	1 1 0 1 1 0 1 1 1 0 0 1 0 0 0 0
400	3	1 0 1 1 1 1 0 1 1 0 1 0 0 0 0 0
400	1	1 1 1 1 1 0 1 0 1 1 0 0 0 0 0 0
400	3	1 1 1 1 1 0 1 0 1 0 1 0 1 0 0 0
400	1	1 1 1 1 1 0 1 0 1 0 0 1 0 1 0 0
400	1	1 1 1 1 1 0 1 0 1 0 1 0 0 1 0 0
400	1	1 1 1 1 1 0 1 1 1 1 1 0 0 0 0 0
400	4	1 1 1 1 1 0 1 1 1 0 0 0 0 0 0 1
400	1	1 1 1 0 0 0 1 0 0 0 0 1 0 0 0 0
400	1	1 1 1 1 0 0 1 0 1 0 0 0 0 0 1 0
400	1	1 1 1 1 1 1 1 0 0 0 0 0 0 0 0 0
400	1	1 1 1 1 1 0 1 0 1 1 1 0 1 0 0 0
400	1	1 0 1 1 1 1 0 1 1 1 1 0 0 0 1 0
