0	250	1 0 0 0 0 0 0 0 0 1 0 0 0 0 0 0
0	250	0 0 1 1 0 0 0 0 1 0 0 0 0 1 0 1
0	250	0 0 0 0 0 0 1 0 0 0 0 0 0 0 0 0
0	250	1 0 1 1 0 0 0 0 0 0 1 1 1 0 1 1
10	208	1 0 0 0 0 0 0 0 0 1 0 0 0 0 0 0
10	326	0 0 1 1 0 0 0 0 1 0 0 0 0 1 0 1
10	103	0 0 0 0 0 0 1 0 0 0 0 0 0 0 0 0
10	220	1 0 1 1 0 0 0 0 0 0 1 1 1 0 1 1
10	5	1 0 0 0 0 0 0 0 0 0 1 1 1 0 1 1
10	8	1 0 0 0 0 0 0 0 0 1 1 0 0 0 0 0
10	11	1 0 1 1 0 0 0 0 1 0 0 0 0 1 0 1
10	1	0 0 0 0 0 0 0 0 0 1 0 0 0 0 0 0
10	18	0 0 1 1 0 0 0 0 1 0 0 0 0 1 0 0
10	3	0 0 1 1 0 0 0 0 1 0 0 0 0 0 0 0
10	5	1 0 1 1 0 1 0 0 0 0 1 1 1 0 1 1
10	2	0 0 1 1 0 0 0 0 0 0 1 1 1 0 1 1
10	5	0 0 1 1 0 0 0 0 1 0 0 1 1 0 1 1
10	5	1 0 1 0 0 0 0 0 0 1 0 0 0 0 0 0
10	3	0 0 1 1 0 0 0 0 1 0 0 0 0 1 1 1
10	4	1 0 1 1 1 0 0 0 0 0 1 1 1 0 1 1
10	2	1 0 1 1 0 0 0 1 0 0 1 1 1 0 1 1
10	1	1 0 0 0 0 0 0 0 1 0 0 0 0 1 0 1
10	1	1 0 0 0 0 0 0 1 0 1 0 0 0 0 0 0
10	10	0 0 1 1 0 0 0 1 1 0 0 0 0 1 0 1
10	11	0 0 0 1 0 0 0 0 1 0 0 0 0 1 0 1
10	2	0 1 1 1 0 0 0 0 1 0 0 0 0 1 0 1
10	3	1 0 0 1 0 0 0 0 0 0 1 1 1 0 1 1
10	3	1 0 0 0 0 0 0 0 0 1 1 0 1 0 0 0
10	3	1 0 0 0 0 0 0 0 0 1 0 0 0 0 0 1
10	5	1 0 1 1 0 0 0 0 0 1 0 0 0 0 0 0
10	6	1 0 0 0 0 0 0 0 1 1 0 0 0 0 0 0
10	2	0 0 1 1 0 0 0 0 1 0 0 1 0 1 0 1
10	1	0 1 0 0 0 0 1 0 0 0 0 0 0 0 0 0
10	5	1 0 0 0 0 0 1 0 0 0 0 0 0 0 0 0
10	1	1 0 0 0 0 0 0 0 0 1 0 0 0 1 0 1
10	1	0 0 1 1 0 0 1 0 1 0 0 0 0 1 0 1
10	2	0 0 1 1 1 0 0 0 1 0 0 0 0 1 0 1
10	1	0 0 1 0 0 0 0 0 1 0 0 0 0 1 0 1
10	1	1 0 1 1 0 0 0 0 0 0 1 1 0 0 1 1
10	2	1 0 1 1 0 0 0 0 1 0 0 0 0 1 1 1
10	2	1 0 0 1 0 0 0 0 1 0 0 0 1 1 0 1
10	1	0 0 1 1 0 0 0 0 1 0 1 1 1 0 1 1
10	3	0 0 0 0 0 0 0 0 0 0 1 1 1 0 1 1
10	1	0 0 0 0 0 0 1 0 0 0 0 0 0 1 0 0
10	1	1 0 1 1 0 0 1 0 0 0 1 1 1 0 1 1
10	1	0 0 1 1 0 0 0 0 1 0 0 1 1 0 1 0
10	1	1 1 1 0 0 0 0 0 0 1 0 0 0 0 0 0
20	91	1 0 0 0 0 0 0 0 0 1 0 0 0 0 0 0
20	267	0 0 1 1 0 0 0 0 1 0 0 0 0 1 0 1
20	43	0 0 0 0 0 0 1 0 0 0 0 0 0 0 0 0
20	238	1 0 1 1 0 0 0 0 0 0 1 1 1 0 1 1
20	11	1 0 0 0 0 0 0 0 0 0 1 1 1 0 1 1
20	23	1 0 0 0 0 0 0 0 0 1 1 0 0 0 0 0
20	9	1 0 1 1 0 0 0 0 1 0 0 0 0 1 0 1
20	22	0 0 1 1 0 0 0 0 1 0 0 0 0 1 0 0
20	15	1 0 1 1 0 1 0 0 0 0 1 1 1 0 1 1
20	15	0 0 1 1 0 0 0 0 0 0 1 1 1 0 1 1
20	1	1 0 1 0 0 0 0 0 0 1 0 0 0 0 0 0
20	13	0 0 1 1 0 0 0 0 1 0 0 0 0 1 1 1
20	7	0 0 1 1 0 0 0 1 1 0 0 0 0 1 0 1
20	21	0 0 0 1 0 0 0 0 1 0 0 0 0 1 0 1
20	6	1 0 0 1 0 0 0 0 0 0 1 1 1 0 1 1
20	3	1 0 1 1 0 0 0 0 0 1 0 0 0 0 0 0
20	5	1 0 0 0 0 0 0 0 1 1 0 0 0 0 0 0
20	12	0 0 1 1 0 0 0 0 1 0 0 1 0 1 0 1
20	9	0 0 1 1 0 0 1 0 1 0 0 0 0 1 0 1
20	2	1 0 0 1 0 0 0 0 1 0 0 0 1 1 0 1
20	1	0 0 1 1 0 0 0 0 1 0 1 1 1 0 1 1
20	2	0 0 0 0 0 0 1 0 0 0 0 0 0 1 0 0
20	10	1 0 1 1 0 0 1 0 0 0 1 1 1 0 1 1
20	2	0 0 1 1 0 0 0 0 1 0 0 1 1 0 1 0
20	5	0 0 0 0 1 0 1 0 0 0 0 0 0 0 0 0
20	3	0 0 0 0 0 0 1 0 1 0 0 0 0 0 0 0
20	12	1 0 1 1 0 0 0 0 0 0 1 1 1 0 0 1
20	4	0 0 1 1 0 0 0 1 1 1 0 0 0 1 0 1
20	11	0 0 1 1 0 0 0 0 0 1 0 0 0 0 0 0
20	4	0 0 0 0 0 0 1 0 0 0 0 0 1 0 1 1
20	7	0 0 1 1 0 0 0 0 0 0 0 0 0 0 0 0
20	5	1 0 0 0 0 0 0 0 0 1 0 1 0 0 0 0
20	7	1 0 1 0 0 0 0 0 1 0 0 0 0 1 0 1
20	6	1 0 0 1 0 0 0 0 0 1 0 0 0 0 0 0
20	4	0 0 1 1 0 0 0 0 1 1 0 0 0 1 0 1
20	10	0 0 0 0 0 0 0 0 1 0 0 0 0 1 0 1
20	9	1 0 1 1 0 0 1 0 0 0 0 0 0 0 0 0
20	12	1 0 1 1 0 0 0 0 0 0 0 0 0 0 0 0
20	5	1 0 0 0 0 0 0 0 0 1 1 0 0 0 0 1
20	1	1 0 1 1 0 0 0 0 1 0 0 0 0 1 0 0
20	3	1 0 0 0 0 0 0 0 0 0 0 0 0 0 0 0
20	2	1 0 0 0 0 0 0 0 0 1 0 0 0 0 1 0
20	6	0 0 1 0 0 0 0 0 1 0 0 0 0 1 0 1
20	4	0 1 0 0 0 0 1 0 0 0 0 0 0 0 0 0
20	2	0 0 0 0 0 0 1 0 0 0 0 0 0 0 1 1
20	1	1 0 1 1 0 0 0 0 0 0 0 0 0 1 0 1
20	1	1 0 0 0 0 0 0 0 1 0 0 0 0 1 0 1
20	1	0 0 0 0 0 0 0 0 0 0 1 1 1 0 1 1
20	3	1 0 0 0 0 0 0 1 0 1 0 0 0 0 0 0
20	1	0 0 0 0 0 0 1 0 0 0 0 0 0 0 1 0
20	1	1 0 0 0 0 0 0 0 1 1 1 0 0 0 0 0
20	2	0 0 1 1 1 0 0 0 0 0 0 0 0 0 0 0
20	2	0 0 1 1 0 0 0 0 1 0 0 0 1 0 1 1
20	1	0 0 0 1 0 0 0 0 1 0 1 0 0 1 0 1
20	1	1 0 0 1 0 0 0 0 1 0 0 0 0 1 0 1
20	4	1 0 0 0 0 0 1 0 0 0 0 0 0 0 0 0
20	2	1 0 0 0 0 0 0 0 0 1 0 0 0 0 1 1
20	1	1 0 1 1 0 0 0 0 1 0 0 0 0 1 1 1
20	9	0 0 0 0 0 0 0 0 0 1 0 0 0 0 0 0
20	2	0 1 1 1 0 0 0 0 1 0 0 0 0 1 0 1
20	1	0 0 1 1 0 0 0 0 1 0 0 0 1 1 0 1
20	1	1 1 1 1 0 0 0 0 0 0 1 1 1 0 1 1
20	1	1 0 1 1 0 0 0 0 0 1 1 1 1 0 1 1
20	4	1 0 0 0 0 0 0 0 1 0 1 1 1 0 1 1
20	1	0 0 1 1 0 0 0 0 1 0 0 0 0 0 0 0
20	2	0 0 1 0 0 0 0 0 0 1 0 0 0 0 0 0
20	1	1 0 1 1 0 0 0 0 0 0 0 1 1 0 1 1
20	2	0 0 1 1 0 0 0 1 1 0 0 0 0 1 0 0
20	1	0 0 0 1 0 0 0 0 1 0 0 0 1 1 0 1
20	2	0 0 1 1 0 0 0 0 1 0 1 1 0 0 1 1
20	1	0 0 0 0 0 0 0 0 1 0 0 0 0 1 1 1
20	1	1 0 1 1 0 0 1 1 0 0 0 0 0 0 0 0
30	33	1 0 0 0 0 0 0 0 0 1 0 0 0 0 0 0
30	221	0 0 1 1 0 0 0 0 1 0 0 0 0 1 0 1
30	10	0 0 0 0 0 0 1 0 0 0 0 0 0 0 0 0
30	201	1 0 1 1 0 0 0 0 0 0 1 1 1 0 1 1
30	3	1 0 0 0 0 0 0 0 0 0 1 1 1 0 1 1
30	42	1 0 0 0 0 0 0 0 0 1 1 0 0 0 0 0
30	41	1 0 1 1 0 0 0 0 1 0 0 0 0 1 0 1
30	13	0 0 1 1 0 0 0 0 1 0 0 0 0 1 0 0
30	1	1 0 1 1 0 1 0 0 0 0 1 1 1 0 1 1
30	37	0 0 1 1 0 0 0 0 0 0 1 1 1 0 1 1
30	1	0 0 1 1 0 0 0 0 1 0 0 0 0 1 1 1
30	5	0 0 0 1 0 0 0 0 1 0 0 0 0 1 0 1
30	6	1 0 0 1 0 0 0 0 0 0 1 1 1 0 1 1
30	7	1 0 1 1 0 0 0 0 0 1 0 0 0 0 0 0
30	10	1 0 0 0 0 0 0 0 1 1 0 0 0 0 0 0
30	8	0 0 1 1 0 0 0 0 1 0 0 1 0 1 0 1
30	1	0 0 1 1 0 0 1 0 1 0 0 0 0 1 0 1
30	9	1 0 1 1 0 0 1 0 0 0 1 1 1 0 1 1
30	17	0 0 0 0 0 0 1 0 1 0 0 0 0 0 0 0
30	37	1 0 1 1 0 0 0 0 0 0 1 1 1 0 0 1
30	5	0 0 1 1 0 0 0 1 1 1 0 0 0 1 0 1
30	16	0 0 1 1 0 0 0 0 0 1 0 0 0 0 0 0
30	1	1 0 0 0 0 0 0 0 0 1 0 1 0 0 0 0
30	5	1 0 0 1 0 0 0 0 0 1 0 0 0 0 0 0
30	4	0 0 1 1 0 0 0 0 1 1 0 0 0 1 0 1
30	14	1 0 1 1 0 0 0 0 0 0 0 0 0 0 0 0
30	7	1 0 0 0 0 0 0 0 0 0 0 0 0 0 0 0
30	1	1 0 0 0 0 0 0 0 0 1 0 0 0 0 1 0
30	3	0 0 0 1 0 0 0 0 1 0 1 0 0 1 0 1
30	4	1 0 0 1 0 0 0 0 1 0 0 0 0 1 0 1
30	1	1 0 0 0 0 0 0 0 0 1 0 0 0 0 1 1
30	9	1 0 1 1 0 0 0 0 1 0 0 0 0 1 1 1
30	19	0 0 0 0 0 0 0 0 0 1 0 0 0 0 0 0
30	7	1 0 0 0 0 0 0 0 1 0 1 1 1 0 1 1
30	10	1 0 1 1 0 0 0 0 0 0 0 1 1 0 1 1
30	4	1 0 0 0 0 0 0 0 0 1 0 0 0 0 0 1
30	7	1 0 0 0 1 0 0 0 0 1 0 0 0 0 0 0
30	8	1 0 1 1 0 0 0 0 0 0 1 0 1 0 1 1
30	3	1 0 0 0 0 0 0 0 0 0 1 0 0 0 0 0
30	1	1 0 0 0 1 0 0 1 0 1 0 0 0 0 0 0
30	30	1 0 1 1 0 0 0 1 0 0 1 1 1 0 1 1
30	9	0 0 1 1 0 1 0 0 0 0 0 0 0 0 0 0
30	15	0 0 1 1 0 0 0 0 1 0 0 0 0 0 0 0
30	8	1 0 1 1 0 0 0 0 0 0 1 1 1 0 0 0
30	5	0 0 1 1 0 0 0 0 0 0 0 0 0 1 0 1
30	21	1 0 0 1 0 0 0 0 1 0 0 1 0 1 0 1
30	4	0 0 1 1 0 1 0 0 1 0 0 0 0 1 0 1
30	1	0 0 1 0 0 0 0 0 1 0 0 0 0 1 0 0
30	11	0 0 1 1 0 0 0 0 1 0 0 0 0 0 0 1
30	8	0 1 1 1 0 0 0 0 1 0 0 0 0 1 0 1
30	3	0 0 0 1 0 1 0 0 1 0 0 0 0 1 0 1
30	3	1 0 1 1 0 0 0 0 0 0 1 1 0 0 1 1
30	1	0 0 1 1 0 0 1 0 0 0 0 0 0 0 0 0
30	2	0 0 1 1 0 0 0 0 1 0 1 0 0 0 0 0
30	1	0 0 1 1 0 0 0 1 1 1 0 0 0 0 0 0
30	3	1 0 1 1 0 0 0 0 1 0 1 1 1 0 1 1
30	2	0 0 0 0 1 0 0 0 0 1 0 0 0 0 0 0
30	3	1 0 1 1 0 0 0 0 0 0 0 1 0 1 0 1
30	8	0 0 1 1 0 0 0 0 0 0 1 1 1 0 0 0
30	9	0 0 0 1 0 0 0 0 1 0 1 1 1 0 1 1
30	4	0 0 1 1 0 1 0 0 0 0 1 0 1 0 1 1
30	1	1 0 1 1 0 0 0 0 1 0 1 0 0 1 0 1
30	4	0 1 1 1 0 0 0 0 0 0 1 1 1 0 1 1
30	3	1 0 1 1 0 1 0 0 0 0 1 1 1 0 0 1
30	4	0 0 1 1 0 0 0 0 1 0 0 0 1 1 0 1
30	1	1 0 0 1 0 0 0 0 0 1 1 0 0 0 0 0
30	1	1 0 1 1 0 0 0 0 1 0 0 0 0 1 0 0
30	1	0 0 1 1 0 1 0 0 0 0 1 1 1 0 1 1
30	1	0 0 1 1 0 0 0 0 1 0 0 1 1 1 0 1
30	1	1 0 0 0 0 0 0 0 0 0 1 0 0 0 1 1
40	46	1 0 0 0 0 0 0 0 0 1 0 0 0 0 0 0
40	211	0 0 1 1 0 0 0 0 1 0 0 0 0 1 0 1
40	152	1 0 1 1 0 0 0 0 0 0 1 1 1 0 1 1
40	34	1 0 0 0 0 0 0 0 0 1 1 0 0 0 0 0
40	38	1 0 1 1 0 0 0 0 1 0 0 0 0 1 0 1
40	18	0 0 1 1 0 0 0 0 1 0 0 0 0 1 0 0
40	30	0 0 1 1 0 0 0 0 0 0 1 1 1 0 1 1
40	5	0 0 0 1 0 0 0 0 1 0 0 0 0 1 0 1
40	10	1 0 0 1 0 0 0 0 0 0 1 1 1 0 1 1
40	12	1 0 1 1 0 0 0 0 0 1 0 0 0 0 0 0
40	26	1 0 0 0 0 0 0 0 1 1 0 0 0 0 0 0
40	1	0 0 1 1 0 0 0 0 1 0 0 1 0 1 0 1
40	16	1 0 1 1 0 0 1 0 0 0 1 1 1 0 1 1
40	2	0 0 0 0 0 0 1 0 1 0 0 0 0 0 0 0
40	6	1 0 1 1 0 0 0 0 0 0 1 1 1 0 0 1
40	3	0 0 1 1 0 0 0 1 1 1 0 0 0 1 0 1
40	9	0 0 1 1 0 0 0 0 0 1 0 0 0 0 0 0
40	2	1 0 0 1 0 0 0 0 0 1 0 0 0 0 0 0
40	12	1 0 0 1 0 0 0 0 1 0 0 0 0 1 0 1
40	33	1 0 1 1 0 0 0 0 1 0 0 0 0 1 1 1
40	9	0 0 0 0 0 0 0 0 0 1 0 0 0 0 0 0
40	1	1 0 0 0 0 0 0 0 1 0 1 1 1 0 1 1
40	34	1 0 1 1 0 0 0 0 0 0 0 1 1 0 1 1
40	5	1 0 0 0 1 0 0 0 0 1 0 0 0 0 0 0
40	6	1 0 1 1 0 0 0 0 0 0 1 0 1 0 1 1
40	22	1 0 1 1 0 0 0 1 0 0 1 1 1 0 1 1
40	14	0 0 1 1 0 0 0 0 1 0 0 0 0 0 0 0
40	34	1 0 0 1 0 0 0 0 1 0 0 1 0 1 0 1
40	8	0 0 1 1 0 0 0 0 1 0 0 0 0 0 0 1
40	1	0 0 0 1 0 1 0 0 1 0 0 0 0 1 0 1
40	15	1 0 1 1 0 0 0 0 0 0 1 1 0 0 1 1
40	16	0 0 1 1 0 0 0 0 1 0 1 0 0 0 0 0
40	4	1 0 1 1 0 0 0 0 1 0 1 1 1 0 1 1
40	1	0 0 0 0 1 0 0 0 0 1 0 0 0 0 0 0
40	11	0 0 0 1 0 0 0 0 1 0 1 1 1 0 1 1
40	5	0 0 1 1 0 1 0 0 0 0 1 0 1 0 1 1
40	3	0 1 1 1 0 0 0 0 0 0 1 1 1 0 1 1
40	6	1 0 0 1 0 0 0 0 0 1 1 0 0 0 0 0
40	6	1 0 1 1 0 0 1 0 0 0 0 1 1 0 1 1
40	7	1 1 1 1 0 0 0 0 0 0 1 1 1 0 1 1
40	7	1 0 1 1 0 1 0 0 1 0 0 0 0 1 0 1
40	7	0 0 1 1 1 0 0 1 1 1 0 0 0 1 0 1
40	4	1 0 1 1 0 0 0 1 1 0 1 1 1 0 1 1
40	4	0 0 1 1 0 1 1 0 1 0 0 0 0 1 0 1
40	2	0 0 0 0 0 0 1 0 1 1 0 0 0 0 0 0
40	3	1 0 1 1 0 0 0 0 0 1 1 1 1 0 1 1
40	4	1 0 1 0 0 0 0 0 0 0 1 1 1 0 1 1
40	1	0 0 1 1 0 0 0 0 1 0 1 0 0 1 0 1
40	4	0 0 1 1 0 0 1 0 0 0 0 1 1 0 1 1
40	3	0 0 0 1 0 0 0 0 1 0 1 1 1 0 1 0
40	1	1 0 0 0 0 0 0 0 0 1 0 0 0 0 1 0
40	3	0 0 1 0 0 0 0 0 0 0 1 1 1 0 1 1
40	1	1 0 1 1 0 0 0 1 0 0 1 1 1 0 1 0
40	9	1 0 1 0 0 0 0 1 0 0 1 1 1 0 1 1
40	2	1 0 0 0 0 0 0 0 0 0 1 1 1 0 1 1
40	1	1 0 1 1 0 0 0 1 0 0 0 0 0 1 0 1
40	9	0 0 0 1 0 0 0 0 0 0 1 1 1 0 1 1
40	5	1 0 1 1 0 0 0 0 1 0 1 1 1 0 0 1
40	6	1 0 1 1 0 0 0 0 1 1 0 0 0 1 1 1
40	1	0 0 1 1 0 0 0 0 0 1 1 0 0 0 0 0
40	4	1 0 1 1 0 0 0 0 1 0 0 0 1 0 1 1
40	2	0 0 1 1 0 0 0 0 1 0 0 0 1 1 0 0
40	3	1 0 1 1 0 0 0 0 0 0 1 0 0 0 0 0
40	2	0 0 1 1 0 1 0 0 0 0 1 0 0 1 0 1
40	7	0 0 1 1 0 0 0 0 1 0 0 0 1 1 0 1
40	1	1 0 1 1 0 0 0 0 0 0 1 0 1 0 0 1
40	2	1 0 1 1 0 0 0 1 0 0 0 1 1 0 1 1
40	1	0 0 1 1 0 0 0 0 1 0 1 1 0 0 0 0
40	1	0 0 1 1 0 0 0 0 1 1 0 0 0 1 0 1
40	5	1 0 1 1 1 0 0 0 0 0 1 1 1 0 1 1
40	1	0 0 1 1 0 0 0 1 1 1 0 0 1 1 0 1
40	2	1 0 1 1 1 0 0 0 0 0 0 1 1 0 1 1
40	2	0 0 0 1 0 0 0 0 1 0 0 0 0 0 0 1
40	2	0 0 1 1 0 0 0 0 1 1 0 0 0 0 0 1
40	3	1 0 1 1 0 0 0 0 1 0 1 1 0 0 1 1
40	2	0 0 0 1 0 0 0 0 1 0 1 1 0 0 0 0
40	2	0 0 1 1 0 0 0 0 0 1 0 0 0 0 0 1
40	1	1 0 0 0 0 0 0 0 0 1 1 0 0 1 0 0
40	1	0 0 1 1 0 0 0 0 0 1 0 1 0 0 0 0
40	2	1 0 1 1 0 0 0 0 1 0 0 0 0 0 1 1
40	3	0 0 1 1 0 0 0 0 1 0 0 0 0 1 1 1
50	22	1 0 0 0 0 0 0 0 0 1 0 0 0 0 0 0
50	189	0 0 1 1 0 0 0 0 1 0 0 0 0 1 0 1
50	109	1 0 1 1 0 0 0 0 0 0 1 1 1 0 1 1
50	36	1 0 0 0 0 0 0 0 0 1 1 0 0 0 0 0
50	34	1 0 1 1 0 0 0 0 1 0 0 0 0 1 0 1
50	17	0 0 1 1 0 0 0 0 1 0 0 0 0 1 0 0
50	7	0 0 1 1 0 0 0 0 0 0 1 1 1 0 1 1
50	4	0 0 0 1 0 0 0 0 1 0 0 0 0 1 0 1
50	8	1 0 0 1 0 0 0 0 0 0 1 1 1 0 1 1
50	9	1 0 1 1 0 0 0 0 0 1 0 0 0 0 0 0
50	30	1 0 0 0 0 0 0 0 1 1 0 0 0 0 0 0
50	27	1 0 1 1 0 0 1 0 0 0 1 1 1 0 1 1
50	34	1 0 0 1 0 0 0 0 1 0 0 0 0 1 0 1
50	27	1 0 1 1 0 0 0 0 1 0 0 0 0 1 1 1
50	2	0 0 0 0 0 0 0 0 0 1 0 0 0 0 0 0
50	13	1 0 1 1 0 0 0 0 0 0 0 1 1 0 1 1
50	10	1 0 1 1 0 0 0 0 0 0 1 0 1 0 1 1
50	28	1 0 1 1 0 0 0 1 0 0 1 1 1 0 1 1
50	16	0 0 1 1 0 0 0 0 1 0 0 0 0 0 0 0
50	20	1 0 0 1 0 0 0 0 1 0 0 1 0 1 0 1
50	2	0 0 1 1 0 0 0 0 1 0 0 0 0 0 0 1
50	8	1 0 1 1 0 0 0 0 0 0 1 1 0 0 1 1
50	27	0 0 1 1 0 0 0 0 1 0 1 0 0 0 0 0
50	4	0 0 0 1 0 0 0 0 1 0 1 1 1 0 1 1
50	3	0 0 1 1 0 1 0 0 0 0 1 0 1 0 1 1
50	14	1 0 0 1 0 0 0 0 0 1 1 0 0 0 0 0
50	24	1 0 1 1 0 0 1 0 0 0 0 1 1 0 1 1
50	24	1 1 1 1 0 0 0 0 0 0 1 1 1 0 1 1
50	17	1 0 1 1 0 1 0 0 1 0 0 0 0 1 0 1
50	3	1 0 1 1 0 0 0 1 1 0 1 1 1 0 1 1
50	1	0 0 0 0 0 0 1 0 1 1 0 0 0 0 0 0
50	10	1 0 1 1 0 0 0 0 0 1 1 1 1 0 1 1
50	10	0 0 0 1 0 0 0 0 0 0 1 1 1 0 1 1
50	2	1 0 1 1 0 0 0 0 1 0 1 1 1 0 0 1
50	4	1 0 1 1 0 0 0 0 1 1 0 0 0 1 1 1
50	9	1 0 1 1 0 0 0 0 0 0 1 0 0 0 0 0
50	5	0 0 1 1 0 1 0 0 0 0 1 0 0 1 0 1
50	13	0 0 1 1 0 0 0 0 1 0 0 0 1 1 0 1
50	2	1 0 1 1 0 0 0 0 0 0 1 0 1 0 0 1
50	3	0 0 1 1 0 0 0 0 0 1 0 0 0 0 0 1
50	1	1 0 1 1 0 0 0 0 1 0 0 0 0 0 1 1
50	3	0 0 1 1 0 0 0 0 1 0 0 0 0 1 1 1
50	8	0 0 1 1 0 0 0 0 0 0 1 1 1 0 0 1
50	8	0 0 1 1 0 0 0 0 1 0 0 1 0 1 1 1
50	15	0 0 0 1 0 0 0 0 1 0 1 0 0 0 0 0
50	11	1 0 1 1 0 0 0 0 1 0 0 0 0 0 0 0
50	2	0 0 1 0 0 0 0 0 0 1 0 0 0 0 0 0
50	3	0 0 1 1 0 0 0 0 0 0 0 1 1 0 1 1
50	2	0 0 1 1 0 0 0 0 1 0 1 0 0 1 0 1
50	12	1 0 1 1 0 0 0 0 1 0 0 0 0 1 0 0
50	5	1 0 0 1 0 0 0 0 1 0 1 0 0 1 0 1
50	7	0 0 0 0 0 0 0 0 0 1 1 0 0 0 0 0
50	4	1 0 0 1 0 0 0 0 1 0 0 0 0 1 0 0
50	2	0 0 0 0 0 0 0 0 1 0 1 1 1 0 1 1
50	2	0 1 1 1 0 0 0 0 0 0 1 1 1 0 1 1
50	2	1 0 0 0 0 0 1 0 0 1 0 0 0 0 0 0
50	1	0 0 1 1 0 0 0 1 0 0 0 1 1 0 1 1
50	2	0 0 1 1 0 0 0 0 0 0 1 1 0 0 1 1
50	4	0 0 1 1 0 0 0 0 1 0 0 0 1 0 1 1
50	5	0 0 0 1 0 0 1 0 0 0 1 1 1 0 1 1
50	14	1 0 1 1 0 0 1 0 0 0 1 1 0 0 1 1
50	2	0 0 1 1 0 0 0 0 0 1 0 0 0 0 0 0
50	2	0 0 1 1 0 0 0 1 0 0 1 1 1 0 1 1
50	3	0 0 1 1 0 1 0 0 1 0 0 0 0 1 0 1
50	3	0 0 1 1 0 0 0 0 1 0 0 1 0 1 0 1
50	1	1 0 0 0 0 0 0 0 0 1 1 0 0 0 1 0
50	3	1 1 1 1 0 0 0 0 0 0 1 0 1 0 1 1
50	3	0 0 1 1 0 1 0 0 1 0 1 0 0 1 0 1
50	2	0 0 1 1 1 0 0 0 1 0 1 1 0 0 0 0
50	2	1 0 0 0 0 0 0 0 1 0 0 0 0 1 0 1
50	2	1 0 1 1 0 0 0 0 1 1 0 0 0 0 0 0
50	1	1 0 1 1 0 0 1 0 0 0 0 0 0 1 0 1
50	4	0 0 1 1 0 0 1 0 1 0 0 0 0 1 0 1
50	6	1 0 1 1 1 0 0 0 0 0 1 1 1 0 1 1
50	5	0 0 1 1 0 0 0 0 1 0 0 0 0 0 1 0
50	1	1 0 1 1 0 1 0 0 0 0 1 0 0 0 0 0
50	2	0 0 1 1 1 1 0 0 0 0 1 0 0 1 0 1
50	1	1 1 1 1 0 0 0 0 1 0 0 0 0 1 0 1
50	3	1 1 1 1 0 0 0 0 0 0 0 1 1 0 1 1
50	1	1 0 1 1 0 0 0 0 1 0 1 0 0 1 1 1
50	2	0 0 1 1 0 0 0 0 0 0 0 0 0 0 1 0
50	2	1 0 1 1 0 0 0 0 0 0 1 1 1 0 1 0
50	1	1 0 1 1 0 0 0 0 0 0 0 0 0 1 0 1
50	1	1 0 0 0 0 1 0 0 0 1 1 0 0 0 0 0
50	1	0 0 1 1 0 0 0 0 1 0 0 0 1 1 0 0
50	1	1 0 0 1 0 0 0 1 1 0 0 0 0 1 0 1
50	2	1 0 0 1 1 0 0 0 1 0 0 0 0 1 0 1
50	2	0 0 1 1 0 0 0 0 1 0 0 0 1 0 0 0
50	1	1 0 1 1 0 0 0 0 1 0 1 1 0 0 1 1
60	5	1 0 0 0 0 0 0 0 0 1 0 0 0 0 0 0
60	112	0 0 1 1 0 0 0 0 1 0 0 0 0 1 0 1
60	105	1 0 1 1 0 0 0 0 0 0 1 1 1 0 1 1
60	19	1 0 0 0 0 0 0 0 0 1 1 0 0 0 0 0
60	52	1 0 1 1 0 0 0 0 1 0 0 0 0 1 0 1
60	26	0 0 1 1 0 0 0 0 1 0 0 0 0 1 0 0
60	6	0 0 1 1 0 0 0 0 0 0 1 1 1 0 1 1
60	12	1 0 1 1 0 0 0 0 0 1 0 0 0 0 0 0
60	18	1 0 0 0 0 0 0 0 1 1 0 0 0 0 0 0
60	10	1 0 1 1 0 0 1 0 0 0 1 1 1 0 1 1
60	17	1 0 0 1 0 0 0 0 1 0 0 0 0 1 0 1
60	24	1 0 1 1 0 0 0 0 1 0 0 0 0 1 1 1
60	19	1 0 1 1 0 0 0 0 0 0 0 1 1 0 1 1
60	26	1 0 1 1 0 0 0 0 0 0 1 0 1 0 1 1
60	28	1 0 1 1 0 0 0 1 0 0 1 1 1 0 1 1
60	29	0 0 1 1 0 0 0 0 1 0 0 0 0 0 0 0
60	1	1 0 0 1 0 0 0 0 1 0 0 1 0 1 0 1
60	56	0 0 1 1 0 0 0 0 1 0 1 0 0 0 0 0
60	3	0 0 0 1 0 0 0 0 1 0 1 1 1 0 1 1
60	22	0 0 1 1 0 1 0 0 0 0 1 0 1 0 1 1
60	17	1 0 0 1 0 0 0 0 0 1 1 0 0 0 0 0
60	40	1 0 1 1 0 0 1 0 0 0 0 1 1 0 1 1
60	12	1 1 1 1 0 0 0 0 0 0 1 1 1 0 1 1
60	3	1 0 1 1 0 1 0 0 1 0 0 0 0 1 0 1
60	1	1 0 1 1 0 0 0 1 1 0 1 1 1 0 1 1
60	7	1 0 1 1 0 0 0 0 0 1 1 1 1 0 1 1
60	19	0 0 0 1 0 0 0 0 0 0 1 1 1 0 1 1
60	1	1 0 1 1 0 0 0 0 0 0 1 0 0 0 0 0
60	5	0 0 1 1 0 0 0 0 1 0 0 0 1 1 0 1
60	21	0 0 1 1 0 0 0 0 1 0 0 0 0 1 1 1
60	5	0 0 1 1 0 0 0 0 1 0 0 1 0 1 1 1
60	16	0 0 0 1 0 0 0 0 1 0 1 0 0 0 0 0
60	26	1 0 1 1 0 0 0 0 1 0 0 0 0 0 0 0
60	1	0 0 1 1 0 0 0 0 1 0 1 0 0 1 0 1
60	5	1 0 1 1 0 0 0 0 1 0 0 0 0 1 0 0
60	8	1 0 0 1 0 0 0 0 1 0 0 0 0 1 0 0
60	9	0 0 1 1 0 0 0 0 0 0 1 1 0 0 1 1
60	6	0 0 1 1 0 0 0 1 0 0 1 1 1 0 1 1
60	11	1 1 1 1 0 0 0 0 0 0 1 0 1 0 1 1
60	23	0 0 1 1 0 1 0 0 1 0 1 0 0 1 0 1
60	4	0 0 1 1 1 0 0 0 1 0 1 1 0 0 0 0
60	1	1 0 0 0 0 0 0 0 1 0 0 0 0 1 0 1
60	1	1 0 1 1 1 0 0 0 0 0 1 1 1 0 1 1
60	9	0 0 1 1 0 0 0 0 1 0 0 0 0 0 1 0
60	6	1 1 1 1 0 0 0 0 0 0 0 1 1 0 1 1
60	7	1 0 1 1 0 0 0 0 0 0 1 1 1 0 1 0
60	1	0 0 1 1 0 0 0 0 0 1 1 0 0 0 0 0
60	5	1 0 1 1 0 0 0 0 0 0 1 0 0 0 0 1
60	3	0 0 1 0 0 0 0 0 0 0 1 1 1 0 0 1
60	6	1 0 1 1 0 0 1 0 0 0 1 1 0 0 0 1
60	1	1 0 0 0 0 0 0 0 0 0 1 0 1 0 1 1
60	11	0 0 1 1 0 0 0 0 1 0 1 1 0 0 0 0
60	1	0 0 1 1 1 1 0 0 1 0 1 1 0 0 0 0
60	8	0 0 1 0 0 0 0 0 1 1 0 0 0 0 0 0
60	1	0 0 1 0 0 0 0 0 1 0 0 0 0 1 0 1
60	1	0 0 1 1 0 0 0 0 1 0 1 0 1 0 0 0
60	7	1 0 0 1 0 1 0 0 0 1 1 0 0 0 0 0
60	1	1 0 1 1 0 0 0 0 1 0 1 0 0 0 0 0
60	5	1 0 0 1 0 0 0 0 1 0 0 1 0 0 1 1
60	2	0 0 1 1 0 0 0 0 1 1 0 0 0 1 0 1
60	7	1 0 1 1 0 0 0 0 0 0 0 0 0 1 1 1
60	2	1 1 1 1 0 0 0 0 0 0 1 1 0 1 1 1
60	2	0 0 0 1 0 0 0 0 0 0 1 0 0 0 0 1
60	1	0 1 1 1 0 0 0 0 0 0 0 0 0 1 0 1
60	1	0 0 1 1 0 0 0 0 0 0 0 0 0 1 0 1
60	5	1 0 0 0 0 0 0 0 0 1 1 0 0 0 1 0
60	2	1 0 0 0 0 0 0 1 1 1 0 0 0 0 0 0
60	1	1 0 1 1 0 0 1 0 0 0 1 1 1 0 0 1
60	1	1 0 1 1 0 1 0 0 1 0 0 0 1 1 0 1
60	5	1 0 1 1 0 0 0 0 1 0 1 1 0 0 1 1
60	1	0 0 1 1 0 0 0 1 0 0 0 0 0 1 0 1
60	1	1 0 0 0 0 0 0 0 1 1 0 0 0 1 0 0
60	4	0 0 1 1 0 1 0 0 0 0 1 0 1 1 1 1
60	1	0 0 0 1 0 0 0 0 0 0 1 1 1 0 1 0
60	3	1 0 1 1 0 0 0 0 1 1 0 0 0 0 0 0
60	7	1 0 1 1 0 0 0 0 0 0 1 0 0 0 1 1
60	4	1 0 1 0 0 0 0 0 0 0 1 0 0 0 0 1
60	2	1 0 0 1 0 0 0 0 1 0 0 0 0 0 0 0
60	4	1 0 1 1 0 0 0 0 0 0 1 0 0 1 0 1
60	1	1 0 1 1 0 1 0 0 0 0 1 1 1 0 1 1
60	5	0 0 0 1 0 0 0 0 1 0 0 0 0 1 0 1
60	1	1 0 1 1 0 0 0 0 1 0 0 1 0 1 0 1
60	2	1 0 0 1 0 0 1 0 0 1 1 0 0 0 0 0
60	5	0 0 1 1 0 0 0 0 0 0 1 1 0 0 1 0
60	1	1 0 1 0 0 0 0 0 0 1 1 0 0 1 0 0
60	2	1 0 1 1 0 0 0 0 1 0 0 0 1 0 1 1
60	2	1 0 0 1 0 0 0 0 1 0 0 0 0 0 1 1
60	1	1 0 1 1 0 1 0 0 0 0 1 0 1 1 1 1
60	2	0 0 1 1 0 0 0 0 0 0 0 1 1 0 1 1
60	1	0 1 1 1 0 0 0 0 1 0 0 0 0 1 0 1
60	3	1 0 1 0 0 0 0 0 0 0 1 1 1 0 1 1
60	1	1 0 1 1 0 0 0 0 0 0 1 1 1 1 1 1
60	1	0 0 0 0 0 0 0 0 1 1 0 0 0 0 0 0
60	2	1 0 1 1 1 0 0 1 0 0 1 1 1 0 1 1
60	1	0 0 1 1 0 1 0 0 1 0 0 0 0 0 0 0
60	2	0 0 0 1 0 0 0 0 0 1 1 0 0 0 0 0
60	3	1 0 1 0 0 1 0 0 1 0 0 0 0 1 0 1
60	3	0 0 1 0 0 0 0 0 1 0 0 1 0 1 0 1
70	69	0 0 1 1 0 0 0 0 1 0 0 0 0 1 0 1
70	95	1 0 1 1 0 0 0 0 0 0 1 1 1 0 1 1
70	7	1 0 0 0 0 0 0 0 0 1 1 0 0 0 0 0
70	32	1 0 1 1 0 0 0 0 1 0 0 0 0 1 0 1
70	56	0 0 1 1 0 0 0 0 1 0 0 0 0 1 0 0
70	7	0 0 1 1 0 0 0 0 0 0 1 1 1 0 1 1
70	17	1 0 1 1 0 0 0 0 0 1 0 0 0 0 0 0
70	9	1 0 0 0 0 0 0 0 1 1 0 0 0 0 0 0
70	19	1 0 1 1 0 0 1 0 0 0 1 1 1 0 1 1
70	30	1 0 1 1 0 0 0 0 1 0 0 0 0 1 1 1
70	22	1 0 1 1 0 0 0 0 0 0 0 1 1 0 1 1
70	8	1 0 1 1 0 0 0 0 0 0 1 0 1 0 1 1
70	26	1 0 1 1 0 0 0 1 0 0 1 1 1 0 1 1
70	38	0 0 1 1 0 0 0 0 1 0 0 0 0 0 0 0
70	73	0 0 1 1 0 0 0 0 1 0 1 0 0 0 0 0
70	13	0 0 1 1 0 1 0 0 0 0 1 0 1 0 1 1
70	20	1 0 1 1 0 0 1 0 0 0 0 1 1 0 1 1
70	2	1 1 1 1 0 0 0 0 0 0 1 1 1 0 1 1
70	4	1 0 1 1 0 1 0 0 1 0 0 0 0 1 0 1
70	5	1 0 1 1 0 0 0 0 0 1 1 1 1 0 1 1
70	17	0 0 0 1 0 0 0 0 0 0 1 1 1 0 1 1
70	16	0 0 1 1 0 0 0 0 1 0 0 0 0 1 1 1
70	22	0 0 0 1 0 0 0 0 1 0 1 0 0 0 0 0
70	19	1 0 1 1 0 0 0 0 1 0 0 0 0 0 0 0
70	3	1 0 0 1 0 0 0 0 1 0 0 0 0 1 0 0
70	5	0 0 1 1 0 0 0 1 0 0 1 1 1 0 1 1
70	23	1 1 1 1 0 0 0 0 0 0 1 0 1 0 1 1
70	4	0 0 1 1 0 1 0 0 1 0 1 0 0 1 0 1
70	8	0 0 1 1 0 0 0 0 1 0 0 0 0 0 1 0
70	4	1 1 1 1 0 0 0 0 0 0 0 1 1 0 1 1
70	7	1 0 1 1 0 0 0 0 0 0 1 1 1 0 1 0
70	15	1 0 1 1 0 0 0 0 0 0 1 0 0 0 0 1
70	5	0 0 1 1 0 0 0 0 1 0 1 1 0 0 0 0
70	5	0 0 1 0 0 0 0 0 1 0 0 0 0 1 0 1
70	3	1 0 0 1 0 1 0 0 0 1 1 0 0 0 0 0
70	5	1 0 1 1 0 0 0 0 1 0 1 0 0 0 0 0
70	5	1 0 0 1 0 0 0 0 1 0 0 1 0 0 1 1
70	1	1 0 1 1 0 0 0 0 0 0 0 0 0 1 1 1
70	5	0 0 0 1 0 0 0 0 0 0 1 0 0 0 0 1
70	34	1 0 0 0 0 0 0 1 1 1 0 0 0 0 0 0
70	7	1 0 1 1 0 0 0 0 1 0 1 1 0 0 1 1
70	8	1 0 1 0 0 0 0 0 0 0 1 0 0 0 0 1
70	4	1 0 1 1 0 0 0 0 0 0 1 0 0 1 0 1
70	11	1 0 1 1 0 1 0 0 0 0 1 1 1 0 1 1
70	3	0 0 0 1 0 0 0 0 1 0 0 0 0 1 0 1
70	6	0 0 1 1 0 0 0 0 0 0 1 1 0 0 1 0
70	5	1 0 1 0 0 0 0 0 0 1 1 0 0 1 0 0
70	5	1 0 1 0 0 0 0 0 0 0 1 1 1 0 1 1
70	12	1 0 1 1 1 0 0 1 0 0 1 1 1 0 1 1
70	2	1 0 0 1 0 0 0 0 1 1 0 0 0 0 0 0
70	7	0 0 1 1 0 0 0 0 0 0 1 1 0 1 1 0
70	1	0 0 1 1 0 0 0 0 1 0 1 0 0 0 0 1
70	6	0 0 0 1 1 0 0 0 0 0 1 0 0 0 0 1
70	17	0 0 1 1 0 0 0 0 1 0 1 1 1 0 1 1
70	11	1 1 1 1 0 0 0 0 1 0 0 0 0 1 0 1
70	4	0 1 1 1 0 0 0 0 1 0 0 0 0 0 0 0
70	2	0 0 1 1 0 0 0 0 1 0 1 0 0 1 0 0
70	4	1 0 0 1 0 0 0 0 0 1 1 0 0 0 0 1
70	1	0 0 1 1 1 1 0 0 1 0 1 1 0 0 1 0
70	2	1 0 0 1 0 1 0 0 0 0 1 0 0 0 0 0
70	9	1 0 1 1 0 0 0 0 0 0 1 0 1 1 0 1
70	8	0 0 1 0 0 1 0 0 1 0 0 0 0 1 0 1
70	7	1 0 1 1 0 0 1 0 0 0 1 0 0 1 0 1
70	3	1 0 1 1 0 0 0 0 1 0 0 0 1 1 0 1
70	1	1 0 1 1 0 0 1 0 0 0 0 1 1 0 1 0
70	2	0 1 1 1 0 1 0 0 1 0 0 0 0 0 0 0
70	1	0 0 0 1 0 0 1 0 0 0 1 1 1 0 1 1
70	4	1 0 1 0 0 0 0 0 1 0 0 0 0 1 0 1
70	4	0 0 1 1 0 0 0 0 1 0 1 0 0 1 0 1
70	2	0 0 1 1 1 0 0 0 1 0 0 0 0 1 1 1
70	3	0 0 1 1 0 0 0 0 1 1 0 0 0 1 1 1
70	4	0 0 1 1 0 0 0 0 1 0 0 1 0 0 1 0
70	5	1 1 1 1 1 0 0 0 0 0 0 1 1 0 1 1
70	5	0 0 1 1 0 0 0 0 1 0 1 1 0 0 1 1
70	3	1 0 0 0 0 0 0 0 1 0 0 0 0 1 0 1
70	1	1 0 1 1 0 0 0 0 1 0 1 0 0 1 0 1
70	5	0 0 1 1 0 0 0 0 1 0 0 0 0 0 0 1
70	5	0 0 1 1 1 0 0 0 1 0 0 0 0 0 0 0
70	1	1 0 1 1 0 0 0 0 0 0 0 0 0 0 0 0
70	2	0 0 1 1 0 0 1 0 0 0 0 1 1 0 1 1
70	2	1 0 1 1 0 0 0 0 0 1 0 0 1 0 0 0
70	12	0 0 1 1 0 0 0 0 1 1 0 0 0 0 0 0
70	2	1 1 1 1 0 0 0 0 0 0 1 0 0 1 0 1
70	1	0 0 0 1 0 0 0 0 1 0 0 0 1 0 1 1
70	4	0 0 1 1 0 0 0 0 0 0 0 0 0 1 0 1
70	2	0 0 1 1 0 0 1 0 1 0 0 0 0 1 0 0
70	1	0 0 1 1 0 0 0 0 0 0 1 1 0 0 1 1
70	2	0 0 1 1 0 0 0 0 1 0 0 0 1 0 0 0
70	1	1 0 1 1 0 0 1 0 0 1 0 1 1 0 1 1
70	3	1 0 1 1 0 1 0 0 0 0 1 0 0 0 0 0
70	1	1 0 1 1 0 0 0 0 0 0 1 1 0 0 0 0
70	1	0 0 1 1 0 0 0 0 1 0 0 0 1 0 1 1
70	4	1 1 1 1 0 0 0 0 1 0 1 1 1 0 1 1
70	1	1 0 1 1 0 0 0 0 1 0 1 0 1 0 1 1
70	4	1 0 1 1 0 0 0 0 0 0 1 0 0 0 1 1
70	1	1 0 1 1 0 0 1 1 0 0 1 1 1 0 1 1
70	1	0 0 1 1 1 0 0 0 1 0 1 0 0 0 0 0
70	1	1 1 1 1 0 0 0 0 0 0 0 0 1 0 1 1
70	2	1 0 1 1 0 1 0 0 0 0 1 1 1 0 0 1
70	3	0 0 1 1 0 0 0 0 0 1 1 1 0 0 1 0
80	41	0 0 1 1 0 0 0 0 1 0 0 0 0 1 0 1
80	46	1 0 1 1 0 0 0 0 0 0 1 1 1 0 1 1
80	12	1 0 1 1 0 0 0 0 1 0 0 0 0 1 0 1
80	38	0 0 1 1 0 0 0 0 1 0 0 0 0 1 0 0
80	10	1 0 1 1 0 0 0 0 0 1 0 0 0 0 0 0
80	27	1 0 1 1 0 0 1 0 0 0 1 1 1 0 1 1
80	7	1 0 1 1 0 0 0 0 1 0 0 0 0 1 1 1
80	14	1 0 1 1 0 0 0 0 0 0 0 1 1 0 1 1
80	18	1 0 1 1 0 0 0 1 0 0 1 1 1 0 1 1
80	39	0 0 1 1 0 0 0 0 1 0 0 0 0 0 0 0
80	154	0 0 1 1 0 0 0 0 1 0 1 0 0 0 0 0
80	15	0 0 1 1 0 1 0 0 0 0 1 0 1 0 1 1
80	17	1 0 1 1 0 0 1 0 0 0 0 1 1 0 1 1
80	12	1 0 1 1 0 1 0 0 1 0 0 0 0 1 0 1
80	1	0 0 0 1 0 0 0 0 0 0 1 1 1 0 1 1
80	2	0 0 1 1 0 0 0 0 1 0 0 0 0 1 1 1
80	31	0 0 0 1 0 0 0 0 1 0 1 0 0 0 0 0
80	8	1 0 1 1 0 0 0 0 1 0 0 0 0 0 0 0
80	1	0 0 1 1 0 0 0 1 0 0 1 1 1 0 1 1
80	19	1 1 1 1 0 0 0 0 0 0 1 0 1 0 1 1
80	6	0 0 1 1 0 0 0 0 1 0 0 0 0 0 1 0
80	7	1 1 1 1 0 0 0 0 0 0 0 1 1 0 1 1
80	3	1 0 1 1 0 0 0 0 0 0 1 1 1 0 1 0
80	34	1 0 1 1 0 0 0 0 0 0 1 0 0 0 0 1
80	1	0 0 1 0 0 0 0 0 1 0 0 0 0 1 0 1
80	5	1 0 0 1 0 1 0 0 0 1 1 0 0 0 0 0
80	17	1 0 1 1 0 0 0 0 1 0 1 0 0 0 0 0
80	9	1 0 0 1 0 0 0 0 1 0 0 1 0 0 1 1
80	50	1 0 0 0 0 0 0 1 1 1 0 0 0 0 0 0
80	28	1 0 1 1 0 0 0 0 1 0 1 1 0 0 1 1
80	3	0 0 1 1 0 0 0 0 0 0 1 1 0 0 1 0
80	18	1 0 1 0 0 0 0 0 0 0 1 1 1 0 1 1
80	5	0 0 1 1 0 0 0 0 0 0 1 1 0 1 1 0
80	10	0 0 1 1 0 0 0 0 1 0 1 1 1 0 1 1
80	39	1 1 1 1 0 0 0 0 1 0 0 0 0 1 0 1
80	8	1 0 1 1 0 0 0 0 0 0 1 0 1 1 0 1
80	3	0 0 1 0 0 1 0 0 1 0 0 0 0 1 0 1
80	5	1 0 1 1 0 0 1 0 0 0 1 0 0 1 0 1
80	4	0 1 1 1 0 1 0 0 1 0 0 0 0 0 0 0
80	1	0 0 1 1 0 0 0 0 1 1 0 0 0 1 1 1
80	33	1 1 1 1 1 0 0 0 0 0 0 1 1 0 1 1
80	3	0 0 1 1 0 0 0 0 1 0 1 1 0 0 1 1
80	4	0 0 1 1 0 0 0 0 1 0 0 0 0 0 0 1
80	11	0 0 1 1 0 0 0 0 1 1 0 0 0 0 0 0
80	2	0 0 1 1 0 0 0 0 0 0 0 0 0 1 0 1
80	5	0 0 1 1 0 0 1 0 1 0 0 0 0 1 0 0
80	3	0 0 1 1 0 0 0 0 0 0 1 1 0 0 1 1
80	7	0 0 1 1 0 0 0 0 0 1 1 1 0 0 1 0
80	14	0 0 1 1 0 0 0 0 0 0 0 1 1 0 1 1
80	7	1 0 1 1 0 0 0 0 0 0 1 0 1 1 1 1
80	18	0 0 1 1 0 1 0 0 1 0 0 0 0 1 0 1
80	3	1 0 1 1 0 1 0 0 1 0 1 0 0 1 0 1
80	4	1 0 1 1 0 0 0 0 0 0 1 0 1 0 1 0
80	4	1 0 0 1 0 0 0 0 0 1 1 0 0 0 0 0
80	3	1 0 1 1 0 1 0 0 1 0 0 0 0 1 1 1
80	2	1 1 1 1 0 0 0 0 0 0 1 1 1 0 1 0
80	2	1 0 0 0 0 0 1 1 1 1 0 0 0 0 0 0
80	2	0 0 1 1 0 0 1 0 0 0 1 1 1 0 1 1
80	4	0 1 0 1 0 1 0 0 1 0 0 0 0 0 0 0
80	10	0 0 1 1 0 0 0 0 0 0 1 1 0 0 0 0
80	2	1 1 1 1 0 0 0 0 0 0 1 1 1 0 1 1
80	9	1 0 0 0 1 0 0 1 1 1 0 0 0 0 0 0
80	2	1 0 1 1 1 0 1 0 0 0 1 1 0 0 1 1
80	5	1 1 0 1 0 0 0 0 0 0 0 0 1 0 1 1
80	3	0 0 1 1 0 1 0 0 1 0 0 0 0 0 0 0
80	3	1 0 1 1 0 0 0 1 0 0 1 1 1 1 1 1
80	1	0 0 1 1 0 0 1 0 1 0 0 0 0 0 0 0
80	3	0 0 1 1 0 1 0 0 1 0 1 0 0 0 0 0
80	3	0 1 1 0 0 0 0 0 1 0 0 0 0 1 0 1
80	2	0 0 1 1 0 0 1 0 0 1 0 1 1 0 1 1
80	3	1 0 1 1 0 1 0 0 1 0 1 1 0 1 0 1
80	1	0 0 1 1 0 0 0 0 1 0 0 1 0 0 1 1
80	3	1 0 0 0 0 0 0 1 1 0 1 0 0 0 0 0
80	1	1 0 1 1 0 0 0 0 0 0 1 0 1 0 0 0
80	6	1 1 1 1 0 0 0 0 0 0 1 0 0 0 0 0
80	2	0 0 1 1 0 0 0 0 1 0 0 1 0 1 0 1
80	5	0 0 1 1 0 0 0 1 1 0 1 0 0 0 0 0
80	2	1 0 1 1 0 0 1 0 0 0 1 0 0 1 0 0
80	1	0 0 1 1 1 0 0 0 1 1 0 0 0 0 0 0
80	3	0 0 1 1 0 0 0 0 1 0 0 1 1 0 1 1
80	1	0 0 1 1 0 0 0 0 1 0 1 0 0 0 0 1
80	1	1 0 1 1 0 0 0 0 0 1 1 1 1 0 1 1
80	2	1 0 1 1 0 0 0 0 1 0 0 0 0 0 0 1
80	1	1 0 1 1 0 0 1 0 0 0 1 0 0 0 0 1
80	1	0 0 0 0 0 0 0 1 1 1 0 0 0 0 0 0
80	2	1 1 1 1 1 0 0 0 0 0 0 0 1 0 1 1
80	1	1 0 1 1 0 0 1 0 0 1 0 1 1 0 1 0
80	5	0 0 1 0 0 0 0 0 0 0 1 1 0 0 0 0
80	1	1 0 0 1 0 0 0 0 0 0 1 1 0 0 1 1
80	1	0 0 1 1 0 1 0 0 0 0 1 1 1 0 1 1
80	3	1 0 1 1 0 1 0 0 1 0 0 0 0 0 0 0
80	1	1 1 1 1 1 0 0 0 0 0 0 0 0 1 0 1
80	1	1 1 1 1 1 0 0 0 0 0 1 1 1 0 1 1
80	2	1 0 1 1 0 1 0 0 0 1 0 0 0 0 0 0
80	1	1 0 1 1 0 0 0 1 0 0 1 0 1 0 1 1
80	2	0 0 1 1 0 0 0 0 1 0 1 0 0 1 0 0
80	1	0 0 1 1 0 0 0 0 1 0 1 1 0 0 0 0
80	2	1 1 0 0 0 0 0 1 1 1 0 0 0 0 0 0
80	2	1 0 0 1 0 0 0 0 0 1 1 0 0 1 0 0
90	28	0 0 1 1 0 0 0 0 1 0 0 0 0 1 0 1
90	7	1 0 1 1 0 0 0 0 0 0 1 1 1 0 1 1
90	14	1 0 1 1 0 0 0 0 1 0 0 0 0 1 0 1
90	62	0 0 1 1 0 0 0 0 1 0 0 0 0 1 0 0
90	34	1 0 1 1 0 0 1 0 0 0 1 1 1 0 1 1
90	8	1 0 1 1 0 0 0 0 1 0 0 0 0 1 1 1
90	6	1 0 1 1 0 0 0 1 0 0 1 1 1 0 1 1
90	32	0 0 1 1 0 0 0 0 1 0 0 0 0 0 0 0
90	144	0 0 1 1 0 0 0 0 1 0 1 0 0 0 0 0
90	18	0 0 1 1 0 1 0 0 0 0 1 0 1 0 1 1
90	1	1 0 1 1 0 0 1 0 0 0 0 1 1 0 1 1
90	13	1 0 1 1 0 1 0 0 1 0 0 0 0 1 0 1
90	22	0 0 0 1 0 0 0 0 1 0 1 0 0 0 0 0
90	4	1 1 1 1 0 0 0 0 0 0 1 0 1 0 1 1
90	5	0 0 1 1 0 0 0 0 1 0 0 0 0 0 1 0
90	30	1 0 1 1 0 0 0 0 0 0 1 0 0 0 0 1
90	14	1 0 0 1 0 1 0 0 0 1 1 0 0 0 0 0
90	38	1 0 1 1 0 0 0 0 1 0 1 0 0 0 0 0
90	19	1 0 0 1 0 0 0 0 1 0 0 1 0 0 1 1
90	22	1 0 0 0 0 0 0 1 1 1 0 0 0 0 0 0
90	14	1 0 1 1 0 0 0 0 1 0 1 1 0 0 1 1
90	22	1 0 1 0 0 0 0 0 0 0 1 1 1 0 1 1
90	15	0 0 1 1 0 0 0 0 0 0 1 1 0 1 1 0
90	46	1 1 1 1 0 0 0 0 1 0 0 0 0 1 0 1
90	22	1 0 1 1 0 0 0 0 0 0 1 0 1 1 0 1
90	5	0 0 1 1 0 0 0 0 1 1 0 0 0 1 1 1
90	9	1 1 1 1 1 0 0 0 0 0 0 1 1 0 1 1
90	3	0 0 1 1 0 0 0 0 1 0 0 0 0 0 0 1
90	17	0 0 1 1 0 0 0 0 1 1 0 0 0 0 0 0
90	5	0 0 1 1 0 0 1 0 1 0 0 0 0 1 0 0
90	4	0 0 1 1 0 0 0 0 0 1 1 1 0 0 1 0
90	32	0 0 1 1 0 1 0 0 1 0 0 0 0 1 0 1
90	11	1 0 1 1 0 1 0 0 1 0 1 0 0 1 0 1
90	9	1 0 0 1 0 0 0 0 0 1 1 0 0 0 0 0
90	5	0 1 0 1 0 1 0 0 1 0 0 0 0 0 0 0
90	19	0 0 1 1 0 0 0 0 0 0 1 1 0 0 0 0
90	2	1 1 1 1 0 0 0 0 0 0 1 1 1 0 1 1
90	30	1 0 0 0 1 0 0 1 1 1 0 0 0 0 0 0
90	6	0 1 1 0 0 0 0 0 1 0 0 0 0 1 0 1
90	5	0 0 1 1 0 0 1 0 0 1 0 1 1 0 1 1
90	5	1 0 1 1 0 1 0 0 1 0 1 1 0 1 0 1
90	18	0 0 1 1 0 0 0 0 1 0 0 1 0 0 1 1
90	12	1 0 1 1 0 0 0 0 0 0 1 0 1 0 0 0
90	1	0 0 1 1 0 0 0 0 1 0 0 1 1 0 1 1
90	2	1 0 1 1 0 0 0 0 0 1 1 1 1 0 1 1
90	1	1 0 1 1 0 0 1 0 0 0 1 0 0 0 0 1
90	3	0 0 1 1 0 0 0 0 1 0 1 0 0 1 0 0
90	13	1 1 1 1 1 0 0 0 0 0 0 1 1 0 0 0
90	8	0 1 1 1 0 0 0 1 1 0 1 0 0 0 0 0
90	3	0 0 1 1 0 0 0 0 1 0 1 0 0 0 1 0
90	3	0 0 1 1 0 0 0 0 1 0 1 0 1 0 1 1
90	4	0 0 1 1 0 0 0 1 0 0 1 1 1 0 1 1
90	1	1 0 0 1 0 0 0 0 1 0 0 1 1 0 0 0
90	1	1 0 1 0 0 0 0 0 1 0 1 1 0 0 1 1
90	3	0 0 0 1 0 0 0 1 1 0 1 0 0 1 0 0
90	5	0 0 1 0 0 0 0 0 1 0 1 0 0 0 0 1
90	10	1 0 1 1 0 0 0 0 1 0 1 0 0 0 0 1
90	9	1 0 1 1 0 0 0 0 1 0 1 1 0 1 1 1
90	2	1 0 1 0 1 0 0 1 1 1 0 0 0 0 0 0
90	2	0 0 1 1 1 0 0 0 1 0 0 0 0 1 0 0
90	3	0 0 1 1 0 1 0 0 1 0 1 0 0 0 0 0
90	3	0 0 0 1 0 0 0 0 1 1 1 0 0 0 0 0
90	1	1 0 1 1 0 0 1 0 1 0 1 0 0 0 0 0
90	1	0 0 1 1 0 0 0 0 1 0 1 0 1 0 0 0
90	4	1 0 1 1 0 0 0 1 1 0 0 0 0 0 0 0
90	5	1 0 1 1 1 0 0 0 1 0 1 1 0 0 1 1
90	2	1 1 0 1 1 0 0 0 0 0 0 1 1 0 1 0
90	2	0 0 1 1 0 0 0 0 1 0 0 0 1 0 1 1
90	2	0 0 0 1 0 0 1 0 0 0 1 1 1 0 1 1
90	2	1 1 1 1 0 0 0 0 0 0 0 0 0 1 0 1
90	1	1 1 1 1 1 0 0 0 0 0 0 0 0 0 0 0
90	3	0 0 1 1 1 0 0 0 1 0 1 0 0 0 0 0
90	4	1 0 0 1 0 0 0 0 0 0 1 0 0 0 0 1
90	2	1 0 1 0 0 0 0 0 0 0 1 0 1 1 0 1
90	4	1 0 1 1 0 0 1 0 0 0 1 0 1 1 0 1
90	5	1 1 1 1 0 0 0 0 1 0 0 0 0 1 0 0
90	4	1 1 1 1 0 0 0 0 1 0 0 0 0 0 0 0
90	7	1 1 1 1 1 0 0 0 1 0 1 0 0 0 0 0
90	6	0 0 1 0 0 1 0 0 0 0 1 0 1 0 1 1
90	2	0 0 1 1 0 0 0 0 0 0 1 0 0 0 0 1
90	4	0 0 1 1 1 0 0 0 1 1 0 0 0 0 0 0
90	1	1 0 1 1 0 0 1 0 0 0 1 0 1 0 0 0
90	1	1 1 1 1 1 0 0 0 0 0 0 0 1 0 0 0
90	1	1 1 1 1 0 0 0 0 0 0 1 1 0 0 0 0
90	2	1 0 0 1 0 0 1 0 0 0 1 1 1 0 1 1
90	7	0 0 1 1 0 0 1 0 1 0 1 0 0 0 0 0
90	2	0 0 0 1 0 0 0 0 1 0 1 0 0 0 1 0
90	2	0 0 1 1 0 0 0 0 0 0 0 0 0 0 1 0
90	1	1 0 1 1 0 0 0 0 0 1 1 1 0 0 1 0
90	1	0 0 1 1 0 1 0 1 1 0 0 0 0 1 0 1
90	1	0 0 1 1 0 0 0 0 1 0 1 1 0 0 0 0
90	2	1 0 1 1 0 0 0 0 1 0 1 1 0 0 0 1
90	1	0 0 1 1 0 0 0 0 1 1 0 0 0 1 0 0
90	1	0 0 1 1 0 0 0 0 1 0 1 0 0 0 0 1
90	1	0 1 1 0 0 0 0 0 1 0 0 0 0 1 1 1
90	1	1 1 1 1 0 0 0 0 1 0 0 0 1 1 0 0
100	5	0 0 1 1 0 0 0 0 1 0 0 0 0 1 0 1
100	39	0 0 1 1 0 0 0 0 1 0 0 0 0 1 0 0
100	3	1 0 1 1 0 0 1 0 0 0 1 1 1 0 1 1
100	17	1 0 1 1 0 0 0 0 1 0 0 0 0 1 1 1
100	29	0 0 1 1 0 0 0 0 1 0 0 0 0 0 0 0
100	179	0 0 1 1 0 0 0 0 1 0 1 0 0 0 0 0
100	7	0 0 1 1 0 1 0 0 0 0 1 0 1 0 1 1
100	28	1 0 1 1 0 1 0 0 1 0 0 0 0 1 0 1
100	11	0 0 0 1 0 0 0 0 1 0 1 0 0 0 0 0
100	20	1 0 1 1 0 0 0 0 0 0 1 0 0 0 0 1
100	8	1 0 0 1 0 1 0 0 0 1 1 0 0 0 0 0
100	40	1 0 1 1 0 0 0 0 1 0 1 0 0 0 0 0
100	10	1 0 0 1 0 0 0 0 1 0 0 1 0 0 1 1
100	29	1 0 0 0 0 0 0 1 1 1 0 0 0 0 0 0
100	7	1 0 1 1 0 0 0 0 1 0 1 1 0 0 1 1
100	2	1 0 1 0 0 0 0 0 0 0 1 1 1 0 1 1
100	3	0 0 1 1 0 0 0 0 0 0 1 1 0 1 1 0
100	42	1 1 1 1 0 0 0 0 1 0 0 0 0 1 0 1
100	33	1 0 1 1 0 0 0 0 0 0 1 0 1 1 0 1
100	6	0 0 1 1 0 0 0 0 1 1 0 0 0 1 1 1
100	22	0 0 1 1 0 0 0 0 1 1 0 0 0 0 0 0
100	13	0 0 1 1 0 1 0 0 1 0 0 0 0 1 0 1
100	4	1 0 1 1 0 1 0 0 1 0 1 0 0 1 0 1
100	11	1 0 0 1 0 0 0 0 0 1 1 0 0 0 0 0
100	6	0 1 0 1 0 1 0 0 1 0 0 0 0 0 0 0
100	17	0 0 1 1 0 0 0 0 0 0 1 1 0 0 0 0
100	34	1 0 0 0 1 0 0 1 1 1 0 0 0 0 0 0
100	19	0 0 1 1 0 0 0 0 1 0 0 1 0 0 1 1
100	28	1 0 1 1 0 0 0 0 0 0 1 0 1 0 0 0
100	2	1 0 1 1 0 0 0 0 0 1 1 1 1 0 1 1
100	25	1 1 1 1 1 0 0 0 0 0 0 1 1 0 0 0
100	3	0 1 1 1 0 0 0 1 1 0 1 0 0 0 0 0
100	9	0 0 0 1 0 0 0 1 1 0 1 0 0 1 0 0
100	2	0 0 1 0 0 0 0 0 1 0 1 0 0 0 0 1
100	14	1 0 1 1 0 0 0 0 1 0 1 0 0 0 0 1
100	8	1 0 1 1 0 0 0 0 1 0 1 1 0 1 1 1
100	9	1 0 1 1 0 0 0 1 1 0 0 0 0 0 0 0
100	9	0 0 1 1 1 0 0 0 1 0 1 0 0 0 0 0
100	13	1 0 0 1 0 0 0 0 0 0 1 0 0 0 0 1
100	13	1 0 1 0 0 0 0 0 0 0 1 0 1 1 0 1
100	4	1 0 1 1 0 0 1 0 0 0 1 0 1 1 0 1
100	5	1 1 1 1 0 0 0 0 1 0 0 0 0 1 0 0
100	20	1 1 1 1 0 0 0 0 1 0 0 0 0 0 0 0
100	17	1 1 1 1 1 0 0 0 1 0 1 0 0 0 0 0
100	8	0 0 1 0 0 1 0 0 0 0 1 0 1 0 1 1
100	1	0 0 1 1 0 0 1 0 1 0 1 0 0 0 0 0
100	1	1 0 1 1 0 1 0 1 0 0 1 1 1 0 1 1
100	3	0 0 1 1 0 0 0 0 1 0 1 1 1 0 1 1
100	17	1 0 1 1 0 0 0 0 0 0 0 1 0 0 1 1
100	7	1 0 0 0 0 0 0 1 1 1 0 0 0 0 0 1
100	4	0 0 1 1 0 0 0 0 1 0 1 0 1 0 0 0
100	1	0 0 1 1 0 0 0 0 1 1 0 0 0 0 0 1
100	5	1 1 1 1 0 0 0 0 0 0 1 0 0 0 0 1
100	2	1 0 1 0 0 0 0 0 1 0 1 1 0 1 1 1
100	2	1 1 1 1 0 0 0 0 1 1 0 0 0 1 0 1
100	6	0 0 1 1 0 0 0 0 1 1 0 0 0 1 0 1
100	6	0 0 0 0 1 1 0 1 1 1 0 0 0 0 0 0
100	1	1 0 1 1 0 0 0 0 1 0 0 0 0 1 0 1
100	2	0 0 1 0 0 0 0 0 1 0 0 0 0 1 0 0
100	2	0 0 1 1 0 0 0 0 1 1 1 0 0 0 0 0
100	7	1 0 1 1 0 0 1 0 1 0 1 1 0 0 1 1
100	1	1 1 1 1 1 0 0 0 1 0 0 1 1 0 0 0
100	1	0 0 0 0 1 0 0 1 1 1 0 0 0 0 0 0
100	6	0 0 1 1 0 0 0 1 1 1 0 0 0 0 0 0
100	3	1 1 1 1 0 0 0 0 1 0 0 0 0 0 1 0
100	11	1 0 1 1 0 0 0 0 1 0 0 0 0 0 0 0
100	5	0 0 1 1 0 0 0 0 0 0 0 0 0 1 0 0
100	11	1 0 1 0 0 0 0 1 1 1 0 0 0 0 0 0
100	5	0 1 1 0 0 0 1 0 1 0 0 0 0 1 0 1
100	2	1 0 1 1 0 0 0 1 1 1 0 0 0 0 0 0
100	2	0 0 1 1 0 0 0 0 1 0 0 0 1 0 0 1
100	2	0 0 1 1 0 0 0 0 0 0 1 0 0 0 0 1
100	1	0 0 1 1 0 0 0 0 0 0 0 1 0 0 1 1
100	2	1 0 1 1 0 0 0 0 0 0 1 0 1 0 0 1
100	3	0 0 1 1 0 0 0 1 1 0 0 0 0 0 0 0
100	8	1 1 1 1 0 1 0 0 1 0 0 0 0 1 0 1
100	1	0 0 1 1 0 0 0 0 1 1 0 0 1 0 0 0
100	3	1 0 0 0 0 0 0 1 1 1 0 0 0 1 0 1
100	2	1 0 1 1 1 0 0 1 1 0 1 1 0 0 1 1
100	1	1 1 1 1 1 0 0 0 0 0 0 1 0 0 0 0
100	3	1 0 1 1 0 0 0 0 1 0 0 0 0 1 0 0
100	1	0 0 1 1 0 1 0 0 1 0 1 0 0 0 0 0
100	5	1 0 1 1 0 0 0 0 0 0 1 1 1 1 0 1
100	3	0 0 1 1 0 0 0 0 0 1 0 0 0 0 0 0
100	1	0 0 1 1 0 0 0 0 1 0 1 0 0 0 1 1
100	1	1 0 1 1 1 0 0 0 1 0 1 0 0 0 0 0
100	1	0 0 1 1 0 0 0 0 0 0 1 1 0 1 0 1
100	2	1 0 0 1 0 0 0 0 1 0 1 0 0 0 0 0
100	1	1 0 1 1 0 0 0 0 1 0 0 0 1 1 1 1
100	1	0 1 1 1 0 0 0 0 1 0 1 0 0 0 0 0
100	2	1 0 0 0 1 0 0 1 0 1 0 0 0 0 0 0
100	1	1 0 1 0 1 0 0 1 1 1 0 0 0 0 0 0
100	1	0 0 1 0 0 0 0 0 1 0 0 1 0 0 1 1
100	2	1 1 1 1 0 0 0 0 1 0 0 1 0 1 0 0
100	4	1 0 0 1 0 0 0 0 0 0 0 1 1 0 1 1
100	1	0 0 1 1 1 0 0 0 0 0 0 0 0 1 0 0
110	3	0 0 1 1 0 0 0 0 1 0 0 0 0 1 0 1
110	34	0 0 1 1 0 0 0 0 1 0 0 0 0 1 0 0
110	2	1 0 1 1 0 0 1 0 0 0 1 1 1 0 1 1
110	21	0 0 1 1 0 0 0 0 1 0 0 0 0 0 0 0
110	225	0 0 1 1 0 0 0 0 1 0 1 0 0 0 0 0
110	36	1 0 1 1 0 1 0 0 1 0 0 0 0 1 0 1
110	1	1 0 1 1 0 0 0 0 0 0 1 0 0 0 0 1
110	31	1 0 1 1 0 0 0 0 1 0 1 0 0 0 0 0
110	7	1 0 0 1 0 0 0 0 1 0 0 1 0 0 1 1
110	18	1 0 0 0 0 0 0 1 1 1 0 0 0 0 0 0
110	11	1 0 1 1 0 0 0 0 1 0 1 1 0 0 1 1
110	24	1 1 1 1 0 0 0 0 1 0 0 0 0 1 0 1
110	21	1 0 1 1 0 0 0 0 0 0 1 0 1 1 0 1
110	1	0 0 1 1 0 0 0 0 1 1 0 0 0 1 1 1
110	2	0 0 1 1 0 0 0 0 1 1 0 0 0 0 0 0
110	15	0 0 1 1 0 1 0 0 1 0 0 0 0 1 0 1
110	11	1 0 0 1 0 0 0 0 0 1 1 0 0 0 0 0
110	9	0 0 1 1 0 0 0 0 0 0 1 1 0 0 0 0
110	11	1 0 0 0 1 0 0 1 1 1 0 0 0 0 0 0
110	1	0 0 1 1 0 0 0 0 1 0 0 1 0 0 1 1
110	41	1 0 1 1 0 0 0 0 0 0 1 0 1 0 0 0
110	22	1 1 1 1 1 0 0 0 0 0 0 1 1 0 0 0
110	1	0 0 0 1 0 0 0 1 1 0 1 0 0 1 0 0
110	7	1 0 1 1 0 0 0 0 1 0 1 0 0 0 0 1
110	3	1 0 1 1 0 0 0 0 1 0 1 1 0 1 1 1
110	19	1 0 1 1 0 0 0 1 1 0 0 0 0 0 0 0
110	12	0 0 1 1 1 0 0 0 1 0 1 0 0 0 0 0
110	27	1 0 0 1 0 0 0 0 0 0 1 0 0 0 0 1
110	25	1 0 1 0 0 0 0 0 0 0 1 0 1 1 0 1
110	28	1 1 1 1 0 0 0 0 1 0 0 0 0 1 0 0
110	38	1 1 1 1 0 0 0 0 1 0 0 0 0 0 0 0
110	6	1 1 1 1 1 0 0 0 1 0 1 0 0 0 0 0
110	14	0 0 1 1 0 0 0 0 1 0 1 1 1 0 1 1
110	17	1 0 1 1 0 0 0 0 0 0 0 1 0 0 1 1
110	5	1 1 1 1 0 0 0 0 0 0 1 0 0 0 0 1
110	4	0 0 0 0 1 1 0 1 1 1 0 0 0 0 0 0
110	4	0 0 1 1 0 0 0 0 1 1 1 0 0 0 0 0
110	4	1 0 1 1 0 0 0 0 1 0 0 0 0 0 0 0
110	3	0 0 1 1 0 0 0 0 0 0 0 0 0 1 0 0
110	15	1 0 1 0 0 0 0 1 1 1 0 0 0 0 0 0
110	5	0 1 1 0 0 0 1 0 1 0 0 0 0 1 0 1
110	29	1 1 1 1 0 1 0 0 1 0 0 0 0 1 0 1
110	2	1 0 1 1 1 0 0 1 1 0 1 1 0 0 1 1
110	6	0 0 1 1 0 1 0 0 1 0 1 0 0 0 0 0
110	8	0 0 1 1 0 0 0 0 0 1 0 0 0 0 0 0
110	7	1 1 1 1 0 0 0 0 1 0 0 1 0 1 0 0
110	7	0 0 1 1 0 0 0 0 1 0 1 0 0 1 0 0
110	10	0 0 1 1 0 0 0 0 1 0 1 0 0 0 0 1
110	1	0 0 1 1 0 1 0 0 0 0 0 0 0 1 0 1
110	6	0 0 1 1 0 0 0 1 1 1 0 0 0 0 0 1
110	2	1 0 1 1 0 1 0 0 1 0 1 1 0 0 1 1
110	10	0 1 0 1 0 1 0 0 1 0 1 0 0 0 0 0
110	6	0 0 1 1 0 0 0 1 1 1 0 1 0 0 0 0
110	1	1 0 1 1 0 0 0 0 1 0 0 0 0 1 0 1
110	3	1 1 1 1 1 0 0 0 1 0 0 0 0 1 0 1
110	15	0 0 0 0 0 0 0 1 1 1 0 0 0 0 0 0
110	3	1 0 1 1 0 1 0 0 0 0 0 0 0 1 0 1
110	8	1 0 0 0 1 0 0 0 1 0 1 0 0 0 0 0
110	4	0 0 1 1 1 0 0 1 1 0 1 0 0 0 0 0
110	3	1 1 1 1 0 0 0 0 1 0 0 0 1 0 0 0
110	4	1 0 1 1 0 0 0 0 0 0 1 0 0 0 0 0
110	7	1 1 0 1 0 0 0 0 1 0 0 0 0 1 0 1
110	11	0 0 0 1 0 1 0 1 1 0 1 0 0 1 0 0
110	1	0 0 0 1 0 1 0 0 1 0 0 0 0 1 0 1
110	2	0 1 1 0 0 0 1 0 1 0 0 0 0 1 1 1
110	2	0 0 1 1 1 0 0 1 1 0 1 0 0 0 0 1
110	6	1 1 1 1 0 0 0 0 1 0 1 0 0 0 0 0
110	4	1 1 1 1 0 0 0 0 0 0 1 0 1 0 0 0
110	3	0 0 1 1 0 0 0 0 0 0 1 0 0 0 0 0
110	1	1 0 1 1 0 0 0 1 1 0 1 0 0 0 0 0
110	3	0 1 1 1 0 1 0 0 1 0 0 0 0 1 0 1
110	3	0 0 1 1 0 0 0 0 1 0 1 0 1 0 0 0
110	1	1 0 1 1 0 1 0 0 1 0 1 0 0 0 0 0
110	1	1 0 1 1 0 0 0 1 1 1 0 0 0 0 0 0
110	4	1 0 1 1 1 0 0 0 0 0 1 0 0 0 0 1
110	1	0 0 1 1 1 0 0 0 1 0 1 0 0 1 0 0
110	2	1 0 0 0 0 0 0 0 0 0 1 0 1 1 0 1
110	4	1 1 1 1 0 0 0 1 1 1 0 0 0 0 0 0
110	1	0 0 0 0 0 0 0 1 1 1 0 0 0 0 0 1
110	1	1 0 0 0 1 0 0 0 0 0 0 1 1 0 0 0
110	1	0 0 0 1 0 0 0 0 1 0 1 0 0 0 0 0
110	1	1 0 1 1 0 0 0 0 0 0 1 0 1 0 0 1
110	4	1 0 1 0 0 0 0 0 0 0 1 0 1 1 1 1
110	1	1 0 1 1 0 0 0 0 0 0 0 0 0 0 1 1
110	5	0 0 0 0 1 0 0 1 1 1 0 0 0 0 0 0
110	3	1 1 1 0 0 0 0 0 1 0 0 1 0 1 0 0
110	1	0 0 0 1 0 0 0 0 1 0 0 1 0 0 1 1
110	2	1 0 1 1 0 0 0 0 1 0 1 0 0 1 0 1
110	1	1 1 1 1 0 1 0 0 1 0 0 0 1 0 1 1
110	4	1 0 0 1 0 0 0 0 0 1 1 0 1 0 0 0
120	7	0 0 1 1 0 0 0 0 1 0 0 0 0 1 0 1
120	34	0 0 1 1 0 0 0 0 1 0 0 0 0 1 0 0
120	7	1 0 1 1 0 0 1 0 0 0 1 1 1 0 1 1
120	5	0 0 1 1 0 0 0 0 1 0 0 0 0 0 0 0
120	106	0 0 1 1 0 0 0 0 1 0 1 0 0 0 0 0
120	29	1 0 1 1 0 1 0 0 1 0 0 0 0 1 0 1
120	87	1 0 1 1 0 0 0 0 1 0 1 0 0 0 0 0
120	1	1 0 0 1 0 0 0 0 1 0 0 1 0 0 1 1
120	24	1 0 1 1 0 0 0 0 1 0 1 1 0 0 1 1
120	6	1 1 1 1 0 0 0 0 1 0 0 0 0 1 0 1
120	12	1 0 1 1 0 0 0 0 0 0 1 0 1 1 0 1
120	1	0 0 1 1 0 0 0 0 1 1 0 0 0 0 0 0
120	18	0 0 1 1 0 1 0 0 1 0 0 0 0 1 0 1
120	3	1 0 0 1 0 0 0 0 0 1 1 0 0 0 0 0
120	12	1 0 0 0 1 0 0 1 1 1 0 0 0 0 0 0
120	30	1 0 1 1 0 0 0 0 0 0 1 0 1 0 0 0
120	25	1 1 1 1 1 0 0 0 0 0 0 1 1 0 0 0
120	5	1 0 1 1 0 0 0 0 1 0 1 1 0 1 1 1
120	35	1 0 1 1 0 0 0 1 1 0 0 0 0 0 0 0
120	9	0 0 1 1 1 0 0 0 1 0 1 0 0 0 0 0
120	25	1 0 0 1 0 0 0 0 0 0 1 0 0 0 0 1
120	4	1 0 1 0 0 0 0 0 0 0 1 0 1 1 0 1
120	39	1 1 1 1 0 0 0 0 1 0 0 0 0 1 0 0
120	69	1 1 1 1 0 0 0 0 1 0 0 0 0 0 0 0
120	17	0 0 1 1 0 0 0 0 1 0 1 1 1 0 1 1
120	26	1 0 1 1 0 0 0 0 0 0 0 1 0 0 1 1
120	15	0 0 1 1 0 0 0 0 1 1 1 0 0 0 0 0
120	6	1 0 1 1 0 0 0 0 1 0 0 0 0 0 0 0
120	15	0 0 1 1 0 0 0 0 0 0 0 0 0 1 0 0
120	5	1 0 1 0 0 0 0 1 1 1 0 0 0 0 0 0
120	40	1 1 1 1 0 1 0 0 1 0 0 0 0 1 0 1
120	2	0 0 1 1 0 0 0 0 0 1 0 0 0 0 0 0
120	25	1 1 1 1 0 0 0 0 1 0 0 1 0 1 0 0
120	3	0 0 1 1 0 0 0 0 1 0 1 0 0 1 0 0
120	17	0 0 1 1 0 0 0 0 1 0 1 0 0 0 0 1
120	17	0 0 1 1 0 0 0 1 1 1 0 0 0 0 0 1
120	17	0 0 1 1 0 0 0 1 1 1 0 1 0 0 0 0
120	3	1 0 0 0 1 0 0 0 1 0 1 0 0 0 0 0
120	6	1 1 1 1 0 0 0 0 1 0 0 0 1 0 0 0
120	5	1 0 1 1 0 0 0 0 0 0 1 0 0 0 0 0
120	11	1 1 0 1 0 0 0 0 1 0 0 0 0 1 0 1
120	1	0 0 0 1 0 1 0 1 1 0 1 0 0 1 0 0
120	4	1 1 1 1 0 0 0 0 1 0 1 0 0 0 0 0
120	12	1 1 1 1 0 0 0 0 0 0 1 0 1 0 0 0
120	11	0 0 1 1 0 0 0 0 0 0 1 0 0 0 0 0
120	9	0 0 1 1 0 0 0 0 1 0 1 0 1 0 0 0
120	7	1 0 1 1 1 0 0 0 0 0 1 0 0 0 0 1
120	1	0 0 0 1 0 0 0 0 1 0 0 1 0 0 1 1
120	4	1 0 0 1 0 0 0 0 0 1 1 0 1 0 0 0
120	8	1 1 1 1 0 1 0 0 1 0 0 0 0 0 0 0
120	1	1 0 1 1 0 1 0 0 1 0 0 0 0 0 0 1
120	5	1 0 0 0 1 0 0 1 1 1 0 0 1 0 0 0
120	3	1 1 0 1 0 0 0 0 0 0 0 0 0 1 0 1
120	5	1 0 0 1 0 0 0 0 0 0 0 0 0 1 0 0
120	4	0 0 1 1 0 0 0 0 1 0 0 0 0 0 1 0
120	2	0 0 1 1 1 0 0 0 1 0 1 1 0 0 0 0
120	1	0 1 1 1 0 0 0 0 1 0 0 0 1 0 0 0
120	1	1 1 1 1 1 0 0 0 1 1 0 0 0 1 0 1
120	2	1 1 1 1 0 0 0 0 0 0 1 0 1 0 1 0
120	5	1 0 1 1 0 0 0 0 1 0 0 0 0 1 0 0
120	3	0 0 1 1 0 0 1 0 1 0 1 0 0 0 0 0
120	5	1 1 1 1 0 1 1 0 1 0 0 0 0 1 0 1
120	7	1 1 1 1 0 1 0 1 1 0 0 0 0 1 0 1
120	1	1 0 1 1 1 0 0 0 1 0 1 1 0 0 0 1
120	5	0 0 1 1 0 1 0 0 1 0 0 0 0 1 0 0
120	1	1 1 1 1 0 1 0 0 1 0 0 1 0 1 0 1
120	4	1 0 1 1 0 0 0 0 1 0 0 1 0 1 0 0
120	4	0 0 1 1 0 0 0 0 1 0 1 1 0 0 1 1
120	6	0 0 1 1 0 0 0 0 1 0 1 0 0 0 1 0
120	4	1 0 1 1 0 0 0 0 1 0 1 1 0 0 1 0
120	7	1 0 1 1 0 0 0 0 0 0 1 0 0 0 0 1
120	1	1 1 1 1 0 0 0 0 1 0 0 1 0 0 1 0
120	2	0 0 1 1 0 0 0 0 1 0 1 1 1 0 1 0
120	1	1 0 1 1 0 0 0 0 0 0 1 0 0 1 0 0
120	1	1 0 0 1 0 0 0 0 1 0 1 0 0 0 0 0
120	2	0 0 1 1 0 0 0 0 1 0 0 0 0 0 0 1
120	4	0 0 1 1 0 1 0 0 1 0 1 0 0 0 0 0
120	1	1 1 0 1 0 0 0 0 1 0 0 0 0 0 0 0
120	1	1 1 1 1 0 0 0 0 1 0 0 0 0 0 1 0
120	3	1 1 1 0 0 0 0 1 1 1 0 0 0 0 0 0
120	1	0 1 1 1 0 1 0 0 1 0 0 0 0 0 0 0
120	3	0 0 1 1 0 0 0 1 1 0 0 0 0 0 1 0
120	1	1 0 1 1 0 0 0 0 0 0 1 0 0 1 0 1
120	1	1 1 1 1 0 0 0 0 1 1 0 0 0 0 0 0
120	3	1 0 1 1 0 0 0 0 0 0 1 0 1 0 1 1
120	1	1 1 1 1 0 0 0 0 0 0 1 0 1 1 0 1
120	2	1 1 1 1 0 0 0 0 1 0 0 0 0 0 1 1
120	1	1 0 1 1 0 0 0 0 0 0 0 0 0 0 0 0
120	2	1 1 1 1 0 1 0 0 1 0 0 1 0 0 1 1
120	1	1 1 1 1 0 1 0 1 1 0 0 0 0 0 0 0
120	1	0 1 1 1 0 0 0 0 1 1 0 0 0 0 0 0
120	1	1 1 1 1 1 0 0 0 1 0 0 1 1 0 0 0
120	2	1 1 1 1 0 0 1 0 1 0 0 0 0 1 0 0
120	3	1 1 1 1 0 0 1 0 1 0 0 0 0 0 0 0
120	2	1 0 1 1 0 0 0 0 0 0 0 0 0 1 0 0
120	2	0 0 1 1 1 0 0 0 1 1 1 1 0 0 0 0
120	1	0 0 1 1 0 0 0 0 0 1 1 0 1 0 0 0
130	13	0 0 1 1 0 0 0 0 1 0 0 0 0 1 0 0
130	8	1 0 1 1 0 0 1 0 0 0 1 1 1 0 1 1
130	17	0 0 1 1 0 0 0 0 1 0 0 0 0 0 0 0
130	65	0 0 1 1 0 0 0 0 1 0 1 0 0 0 0 0
130	11	1 0 1 1 0 1 0 0 1 0 0 0 0 1 0 1
130	35	1 0 1 1 0 0 0 0 1 0 1 0 0 0 0 0
130	20	1 0 1 1 0 0 0 0 1 0 1 1 0 0 1 1
130	5	1 0 1 1 0 0 0 0 0 0 1 0 1 1 0 1
130	7	0 0 1 1 0 1 0 0 1 0 0 0 0 1 0 1
130	8	1 0 0 1 0 0 0 0 0 1 1 0 0 0 0 0
130	7	1 0 0 0 1 0 0 1 1 1 0 0 0 0 0 0
130	27	1 0 1 1 0 0 0 0 0 0 1 0 1 0 0 0
130	51	1 1 1 1 1 0 0 0 0 0 0 1 1 0 0 0
130	16	1 0 1 1 0 0 0 1 1 0 0 0 0 0 0 0
130	4	0 0 1 1 1 0 0 0 1 0 1 0 0 0 0 0
130	5	1 0 0 1 0 0 0 0 0 0 1 0 0 0 0 1
130	27	1 0 1 0 0 0 0 0 0 0 1 0 1 1 0 1
130	25	1 1 1 1 0 0 0 0 1 0 0 0 0 1 0 0
130	33	1 1 1 1 0 0 0 0 1 0 0 0 0 0 0 0
130	12	0 0 1 1 0 0 0 0 1 0 1 1 1 0 1 1
130	43	1 0 1 1 0 0 0 0 0 0 0 1 0 0 1 1
130	36	0 0 1 1 0 0 0 0 1 1 1 0 0 0 0 0
130	5	1 0 1 1 0 0 0 0 1 0 0 0 0 0 0 0
130	11	0 0 1 1 0 0 0 0 0 0 0 0 0 1 0 0
130	11	1 0 1 0 0 0 0 1 1 1 0 0 0 0 0 0
130	35	1 1 1 1 0 1 0 0 1 0 0 0 0 1 0 1
130	34	1 1 1 1 0 0 0 0 1 0 0 1 0 1 0 0
130	2	0 0 1 1 0 0 0 0 1 0 1 0 0 1 0 0
130	4	0 0 1 1 0 0 0 1 1 1 0 0 0 0 0 1
130	11	0 0 1 1 0 0 0 1 1 1 0 1 0 0 0 0
130	17	1 1 1 1 0 0 0 0 1 0 0 0 1 0 0 0
130	6	1 1 1 1 0 0 0 0 1 0 1 0 0 0 0 0
130	23	1 1 1 1 0 0 0 0 0 0 1 0 1 0 0 0
130	10	0 0 1 1 0 0 0 0 0 0 1 0 0 0 0 0
130	1	0 0 1 1 0 0 0 0 1 0 1 0 1 0 0 0
130	17	1 1 1 1 0 1 0 0 1 0 0 0 0 0 0 0
130	18	1 0 0 0 1 0 0 1 1 1 0 0 1 0 0 0
130	4	1 0 0 1 0 0 0 0 0 0 0 0 0 1 0 0
130	8	1 1 1 1 0 0 0 0 0 0 1 0 1 0 1 0
130	4	1 0 1 1 0 0 0 0 1 0 0 0 0 1 0 0
130	3	1 1 1 1 0 1 0 1 1 0 0 0 0 1 0 1
130	4	0 0 1 1 0 0 0 0 1 0 1 0 0 0 1 0
130	1	1 0 1 1 0 0 0 0 0 0 1 0 0 0 0 1
130	4	1 1 1 1 0 0 0 0 1 0 0 1 0 0 1 0
130	12	0 0 1 1 0 0 0 0 1 0 0 0 0 0 0 1
130	18	0 0 1 1 0 1 0 0 1 0 1 0 0 0 0 0
130	20	1 1 1 1 0 0 0 0 1 0 0 0 0 0 1 1
130	5	1 1 1 1 1 0 0 0 1 0 0 1 1 0 0 0
130	6	1 1 1 1 0 0 1 0 1 0 0 0 0 0 0 0
130	4	1 0 1 1 0 1 0 0 0 0 1 0 1 0 0 0
130	4	0 0 0 1 1 0 0 0 1 0 1 0 0 0 0 0
130	6	1 1 1 1 0 1 0 0 1 0 0 1 0 1 0 0
130	15	1 0 1 0 1 0 0 0 0 0 1 0 0 0 0 1
130	1	1 0 1 1 0 0 0 0 0 0 0 1 0 0 0 0
130	2	1 1 1 1 0 1 0 0 1 0 0 0 0 0 0 1
130	2	1 1 1 1 0 0 0 0 1 0 0 1 0 0 0 0
130	3	1 1 1 1 0 0 0 0 1 0 0 0 1 0 1 0
130	6	0 0 1 1 0 0 0 0 0 0 0 0 0 0 0 0
130	4	0 0 1 1 0 0 0 1 0 0 1 0 0 0 0 0
130	7	0 0 1 1 0 0 0 0 1 0 1 1 0 0 1 0
130	1	1 0 1 1 0 0 0 0 1 0 1 0 0 0 1 1
130	3	1 0 1 1 1 0 0 0 1 0 1 0 0 0 0 0
130	7	1 0 1 1 0 0 0 0 1 0 0 1 1 0 0 0
130	7	0 0 1 0 0 0 0 0 1 0 0 0 0 0 0 0
130	4	0 0 0 1 0 0 0 0 1 0 1 0 0 0 0 0
130	2	1 1 1 0 0 0 0 0 1 0 0 0 0 1 0 0
130	3	0 0 1 1 0 0 0 0 0 0 1 0 1 0 0 0
130	9	1 1 1 1 0 0 0 0 1 0 0 0 0 0 0 1
130	4	1 1 1 1 0 0 0 0 1 0 1 1 0 0 1 1
130	14	1 0 1 1 0 0 0 0 1 0 1 1 0 0 0 0
130	1	0 0 1 1 0 0 0 0 0 0 1 1 0 0 0 0
130	3	1 0 1 1 0 0 0 0 0 0 1 0 0 0 0 0
130	11	1 1 1 1 1 0 0 0 0 0 1 0 1 0 0 0
130	1	0 1 1 1 0 0 0 0 1 0 1 0 0 0 0 0
130	8	1 0 1 1 0 0 0 0 1 0 1 0 0 0 1 0
130	7	1 0 1 1 0 0 0 0 0 0 0 0 1 0 0 0
130	1	1 1 1 1 0 0 0 0 0 1 1 0 0 0 0 0
130	11	1 1 1 1 0 0 0 0 1 0 0 1 0 0 1 1
130	3	1 1 1 1 0 0 0 0 0 0 0 0 0 1 0 0
130	3	0 0 1 1 0 0 0 0 0 0 1 0 0 0 0 1
130	2	1 0 0 1 1 0 0 0 0 1 1 0 1 0 0 0
130	1	1 0 1 1 0 0 0 0 0 1 0 0 0 1 0 0
130	1	1 0 1 0 1 0 1 0 0 0 1 0 0 0 0 1
130	9	1 0 1 1 1 0 0 0 1 0 1 1 0 0 0 0
130	5	0 0 1 1 1 0 0 1 1 0 0 0 0 0 0 0
130	3	1 0 1 1 0 0 0 0 0 0 0 0 0 0 0 0
130	1	1 0 0 1 0 0 0 0 1 0 0 0 0 1 0 1
130	3	1 1 1 1 0 0 0 0 1 0 0 0 1 1 0 1
130	1	1 1 1 1 0 1 0 0 1 0 0 0 0 1 0 0
130	3	1 0 1 1 0 0 1 0 0 0 1 0 1 0 1 1
130	9	0 0 1 1 0 0 0 0 0 0 1 0 1 1 0 1
130	4	1 1 1 1 0 1 0 0 1 0 0 1 0 1 0 1
130	2	0 0 1 1 1 1 0 0 1 0 0 0 0 0 0 0
130	3	1 0 1 1 1 0 0 0 1 0 1 1 0 0 1 1
130	1	1 0 0 1 0 0 0 0 0 0 1 0 0 0 0 0
130	4	1 0 1 0 0 0 0 0 0 0 0 1 0 0 1 1
130	1	0 0 1 1 0 1 0 0 1 0 0 0 0 1 1 0
130	1	0 0 0 1 1 0 0 0 1 1 1 0 0 0 0 0
130	2	1 1 1 1 1 0 0 0 1 0 1 0 0 0 0 0
130	1	1 1 1 1 1 0 0 0 0 0 0 1 1 1 0 1
130	3	0 0 1 1 0 0 0 0 1 0 0 0 0 1 0 1
130	4	1 1 1 1 1 0 0 0 0 0 1 0 0 1 0 1
130	2	1 1 1 1 0 0 0 0 0 0 0 0 0 1 0 1
130	1	0 0 1 1 0 0 0 0 1 0 1 1 0 0 1 1
130	3	1 0 1 1 0 0 0 0 0 1 0 1 0 0 1 1
130	2	0 1 1 1 0 0 0 0 0 0 0 0 0 1 0 0
130	1	1 1 1 1 0 1 0 0 1 0 0 0 1 0 0 0
130	1	1 0 0 0 1 1 0 1 1 1 0 0 1 0 0 0
140	3	1 0 1 1 0 0 1 0 0 0 1 1 1 0 1 1
140	10	0 0 1 1 0 0 0 0 1 0 0 0 0 0 0 0
140	10	0 0 1 1 0 0 0 0 1 0 1 0 0 0 0 0
140	9	1 0 1 1 0 1 0 0 1 0 0 0 0 1 0 1
140	42	1 0 1 1 0 0 0 0 1 0 1 0 0 0 0 0
140	2	1 0 1 1 0 0 0 0 1 0 1 1 0 0 1 1
140	9	1 0 0 1 0 0 0 0 0 1 1 0 0 0 0 0
140	11	1 0 1 1 0 0 0 0 0 0 1 0 1 0 0 0
140	50	1 1 1 1 1 0 0 0 0 0 0 1 1 0 0 0
140	3	1 0 1 1 0 0 0 1 1 0 0 0 0 0 0 0
140	2	0 0 1 1 1 0 0 0 1 0 1 0 0 0 0 0
140	15	1 0 1 0 0 0 0 0 0 0 1 0 1 1 0 1
140	4	1 1 1 1 0 0 0 0 1 0 0 0 0 1 0 0
140	33	1 1 1 1 0 0 0 0 1 0 0 0 0 0 0 0
140	41	1 0 1 1 0 0 0 0 0 0 0 1 0 0 1 1
140	49	0 0 1 1 0 0 0 0 1 1 1 0 0 0 0 0
140	5	1 0 1 1 0 0 0 0 1 0 0 0 0 0 0 0
140	8	0 0 1 1 0 0 0 0 0 0 0 0 0 1 0 0
140	4	1 0 1 0 0 0 0 1 1 1 0 0 0 0 0 0
140	19	1 1 1 1 0 1 0 0 1 0 0 0 0 1 0 1
140	56	1 1 1 1 0 0 0 0 1 0 0 1 0 1 0 0
140	33	1 1 1 1 0 0 0 0 1 0 0 0 1 0 0 0
140	8	1 1 1 1 0 0 0 0 1 0 1 0 0 0 0 0
140	26	1 1 1 1 0 0 0 0 0 0 1 0 1 0 0 0
140	21	0 0 1 1 0 0 0 0 0 0 1 0 0 0 0 0
140	24	1 1 1 1 0 1 0 0 1 0 0 0 0 0 0 0
140	4	1 0 0 0 1 0 0 1 1 1 0 0 1 0 0 0
140	2	1 1 1 1 0 0 0 0 0 0 1 0 1 0 1 0
140	5	1 1 1 1 0 0 0 0 1 0 0 1 0 0 1 0
140	5	0 0 1 1 0 0 0 0 1 0 0 0 0 0 0 1
140	14	0 0 1 1 0 1 0 0 1 0 1 0 0 0 0 0
140	7	1 1 1 1 0 0 0 0 1 0 0 0 0 0 1 1
140	6	1 1 1 1 1 0 0 0 1 0 0 1 1 0 0 0
140	8	1 1 1 1 0 0 1 0 1 0 0 0 0 0 0 0
140	2	0 0 0 1 1 0 0 0 1 0 1 0 0 0 0 0
140	35	1 0 1 0 1 0 0 0 0 0 1 0 0 0 0 1
140	2	1 1 1 1 0 1 0 0 1 0 0 0 0 0 0 1
140	10	1 1 1 1 0 0 0 0 1 0 0 1 0 0 0 0
140	9	0 0 1 1 0 0 0 1 0 0 1 0 0 0 0 0
140	3	0 0 1 1 0 0 0 0 1 0 1 1 0 0 1 0
140	5	1 0 1 1 0 0 0 0 1 0 0 1 1 0 0 0
140	1	1 1 1 0 0 0 0 0 1 0 0 0 0 1 0 0
140	19	1 1 1 1 0 0 0 0 1 0 0 0 0 0 0 1
140	2	1 1 1 1 0 0 0 0 1 0 1 1 0 0 1 1
140	3	1 0 1 1 0 0 0 0 0 0 1 0 0 0 0 0
140	3	1 1 1 1 1 0 0 0 0 0 1 0 1 0 0 0
140	4	0 1 1 1 0 0 0 0 1 0 1 0 0 0 0 0
140	19	1 0 1 1 0 0 0 0 1 0 1 0 0 0 1 0
140	2	1 0 1 1 0 0 0 0 0 0 0 0 1 0 0 0
140	19	1 1 1 1 0 0 0 0 1 0 0 1 0 0 1 1
140	31	1 0 1 1 1 0 0 0 1 0 1 1 0 0 0 0
140	3	1 1 1 1 0 1 0 0 1 0 0 0 0 1 0 0
140	9	0 0 1 1 1 1 0 0 1 0 0 0 0 0 0 0
140	2	1 0 0 1 0 0 0 0 0 0 1 0 0 0 0 0
140	1	0 0 1 1 0 1 0 0 1 0 0 0 0 1 1 0
140	11	1 1 1 1 1 0 0 0 1 0 1 0 0 0 0 0
140	17	0 1 1 1 0 0 0 0 0 0 0 0 0 1 0 0
140	4	0 0 1 1 0 0 0 0 1 0 0 1 0 0 1 1
140	7	0 0 1 1 0 0 0 1 1 0 0 0 0 0 0 0
140	2	1 0 1 1 0 0 0 1 1 0 1 0 0 0 0 0
140	1	0 0 0 1 0 0 0 0 1 0 0 0 0 0 0 1
140	5	0 0 0 1 1 0 0 0 1 0 1 0 0 0 1 0
140	2	1 1 1 1 0 0 0 0 1 1 0 1 0 0 1 1
140	1	0 0 1 1 0 1 0 0 1 0 1 0 0 0 1 1
140	3	1 1 0 1 0 1 0 0 1 0 0 0 0 1 0 1
140	3	1 0 1 1 0 0 0 0 1 1 1 1 0 0 1 1
140	3	1 0 0 0 1 0 0 1 1 0 0 0 1 0 0 0
140	2	1 0 1 1 0 0 0 0 1 0 1 1 0 0 1 0
140	3	1 0 1 1 0 1 0 0 1 0 0 0 0 1 0 0
140	5	1 1 1 1 1 0 1 0 0 0 1 0 0 1 0 1
140	2	1 0 1 1 0 0 0 0 1 0 1 0 0 0 1 1
140	9	0 0 1 1 0 0 0 0 0 1 1 0 0 0 0 0
140	19	1 1 1 1 1 0 0 0 1 0 0 0 0 0 0 0
140	1	0 1 1 1 0 0 0 0 0 0 1 0 1 0 0 0
140	3	1 1 1 1 0 0 0 0 1 0 0 1 1 0 0 0
140	3	1 1 1 1 0 1 0 0 1 0 0 0 1 0 1 0
140	6	1 0 0 1 0 0 0 0 1 0 1 0 0 0 0 0
140	2	1 0 1 0 1 0 0 0 0 0 1 0 1 1 0 1
140	6	1 1 1 1 0 0 0 0 1 0 0 1 1 1 0 0
140	5	1 1 1 0 0 0 0 0 1 0 0 0 1 0 0 0
140	3	1 1 1 1 0 1 0 0 1 0 0 0 0 0 1 0
140	4	1 0 1 1 1 0 0 0 0 0 1 1 0 0 0 0
140	2	1 0 1 1 1 1 0 0 1 0 1 1 0 0 0 0
140	5	1 1 1 1 0 1 0 0 1 0 1 1 0 0 0 0
140	1	1 0 1 0 1 1 0 0 1 0 0 0 0 1 0 1
140	5	0 1 1 1 1 0 0 0 0 0 0 1 1 0 0 0
140	1	1 1 1 1 0 0 1 0 1 0 0 1 1 0 0 0
140	6	1 1 1 1 0 1 0 0 1 0 0 0 1 0 0 0
140	1	0 0 1 1 0 0 0 0 1 0 0 0 1 0 0 0
140	4	0 0 1 1 0 1 0 0 1 0 0 0 0 0 0 0
140	1	1 0 1 1 0 1 0 0 1 0 1 0 0 0 0 0
140	8	0 0 1 1 0 0 0 0 1 1 1 0 1 0 0 0
140	4	1 1 1 1 1 0 0 0 1 0 1 1 0 0 1 1
140	5	1 1 1 1 0 0 0 0 1 0 1 1 0 1 1 1
140	4	1 0 1 1 0 1 0 0 0 0 0 0 1 0 0 0
140	2	1 0 0 0 1 0 0 1 1 0 0 0 0 0 1 1
140	8	1 0 1 1 0 0 0 0 1 0 0 1 0 0 0 0
140	8	1 0 1 0 1 0 0 0 0 0 1 0 1 0 0 0
140	2	1 1 1 1 0 0 0 0 1 0 1 1 0 0 0 0
140	1	1 1 1 1 0 0 0 1 1 1 0 0 0 0 0 0
140	7	1 0 1 1 0 0 1 0 1 0 0 0 0 0 0 0
140	2	0 0 1 1 0 0 1 0 1 0 1 0 0 0 0 0
140	4	1 0 1 0 0 0 0 0 0 0 1 1 1 1 0 1
140	4	1 0 1 1 0 0 0 0 1 0 0 1 0 1 0 0
140	3	1 1 1 1 1 1 0 0 1 0 0 1 0 1 0 1
140	3	1 0 1 1 0 0 0 0 1 0 0 0 0 0 0 1
140	1	0 0 1 1 1 0 0 0 1 0 0 1 0 0 1 1
140	3	1 0 1 1 0 0 0 0 0 1 1 0 0 0 0 0
140	6	0 0 1 1 0 0 0 0 0 0 0 1 1 0 0 0
140	3	1 0 1 1 1 0 0 0 1 0 1 0 0 0 0 0
140	1	1 0 0 1 1 0 0 0 1 0 1 1 0 0 0 0
140	1	0 0 1 1 0 0 0 1 1 0 1 0 0 0 0 0
140	3	1 1 1 1 1 0 0 1 0 0 0 1 1 0 0 0
140	2	1 0 1 0 0 0 0 0 0 0 0 1 0 0 1 1
140	1	1 0 1 1 0 0 0 0 0 0 0 1 0 0 1 0
140	5	0 1 1 1 0 0 0 0 1 1 1 0 0 0 0 0
140	1	0 0 1 1 0 1 0 0 1 0 1 1 0 0 0 0
140	1	0 0 1 1 0 0 0 0 0 1 1 0 0 0 0 1
140	1	1 0 1 1 0 0 0 0 1 0 1 0 1 0 1 0
140	2	1 0 1 1 0 0 0 0 0 0 0 1 0 0 0 1
140	1	1 1 1 1 0 0 0 0 0 0 1 0 0 0 0 0
140	1	0 1 1 1 0 0 0 0 0 0 0 0 0 0 0 0
140	1	0 1 1 1 1 0 1 0 0 0 1 1 1 0 1 1
140	2	1 0 1 0 0 0 0 0 0 0 1 0 1 0 0 0
140	1	1 0 1 1 0 1 1 0 1 0 0 0 0 1 0 1
140	1	1 0 1 1 0 0 0 0 1 0 1 0 1 0 0 0
140	1	1 1 1 1 0 0 1 0 1 0 0 0 1 0 0 0
140	2	1 1 1 1 0 0 0 1 0 0 1 0 1 0 0 0
140	1	1 1 1 1 0 0 1 0 1 0 0 1 0 0 0 0
140	1	1 1 1 1 0 1 1 0 1 0 0 0 0 1 0 0
140	1	0 1 1 1 0 0 0 0 0 0 0 0 0 1 1 0
140	1	1 0 1 0 0 0 0 0 1 0 1 0 0 0 1 1
150	5	1 0 1 1 0 0 1 0 0 0 1 1 1 0 1 1
150	11	0 0 1 1 0 0 0 0 1 0 0 0 0 0 0 0
150	6	0 0 1 1 0 0 0 0 1 0 1 0 0 0 0 0
150	12	1 0 1 1 0 0 0 0 1 0 1 0 0 0 0 0
150	2	1 0 1 1 0 0 0 0 1 0 1 1 0 0 1 1
150	19	1 0 0 1 0 0 0 0 0 1 1 0 0 0 0 0
150	3	1 0 1 1 0 0 0 0 0 0 1 0 1 0 0 0
150	36	1 1 1 1 1 0 0 0 0 0 0 1 1 0 0 0
150	15	1 0 1 1 0 0 0 1 1 0 0 0 0 0 0 0
150	35	1 0 1 0 0 0 0 0 0 0 1 0 1 1 0 1
150	55	1 1 1 1 0 0 0 0 1 0 0 0 0 0 0 0
150	17	1 0 1 1 0 0 0 0 0 0 0 1 0 0 1 1
150	53	0 0 1 1 0 0 0 0 1 1 1 0 0 0 0 0
150	3	0 0 1 1 0 0 0 0 0 0 0 0 0 1 0 0
150	12	1 0 1 0 0 0 0 1 1 1 0 0 0 0 0 0
150	15	1 1 1 1 0 1 0 0 1 0 0 0 0 1 0 1
150	71	1 1 1 1 0 0 0 0 1 0 0 1 0 1 0 0
150	25	1 1 1 1 0 0 0 0 1 0 0 0 1 0 0 0
150	13	1 1 1 1 0 0 0 0 1 0 1 0 0 0 0 0
150	11	1 1 1 1 0 0 0 0 0 0 1 0 1 0 0 0
150	14	0 0 1 1 0 0 0 0 0 0 1 0 0 0 0 0
150	11	1 1 1 1 0 1 0 0 1 0 0 0 0 0 0 0
150	10	1 0 0 0 1 0 0 1 1 1 0 0 1 0 0 0
150	3	0 0 1 1 0 0 0 0 1 0 0 0 0 0 0 1
150	4	0 0 1 1 0 1 0 0 1 0 1 0 0 0 0 0
150	8	1 1 1 1 0 0 0 0 1 0 0 0 0 0 1 1
150	4	1 1 1 1 1 0 0 0 1 0 0 1 1 0 0 0
150	10	1 1 1 1 0 0 1 0 1 0 0 0 0 0 0 0
150	7	1 0 1 0 1 0 0 0 0 0 1 0 0 0 0 1
150	10	1 1 1 1 0 0 0 0 1 0 0 1 0 0 0 0
150	5	0 0 1 1 0 0 0 1 0 0 1 0 0 0 0 0
150	4	0 0 1 1 0 0 0 0 1 0 1 1 0 0 1 0
150	6	1 0 1 1 0 0 0 0 1 0 0 1 1 0 0 0
150	14	1 1 1 0 0 0 0 0 1 0 0 0 0 1 0 0
150	46	1 1 1 1 0 0 0 0 1 0 0 0 0 0 0 1
150	7	1 0 1 1 0 0 0 0 0 0 1 0 0 0 0 0
150	5	0 1 1 1 0 0 0 0 1 0 1 0 0 0 0 0
150	11	1 0 1 1 0 0 0 0 1 0 1 0 0 0 1 0
150	4	1 0 1 1 0 0 0 0 0 0 0 0 1 0 0 0
150	19	1 1 1 1 0 0 0 0 1 0 0 1 0 0 1 1
150	3	1 0 1 1 1 0 0 0 1 0 1 1 0 0 0 0
150	3	1 1 1 1 0 1 0 0 1 0 0 0 0 1 0 0
150	7	0 0 1 1 1 1 0 0 1 0 0 0 0 0 0 0
150	8	1 1 1 1 1 0 0 0 1 0 1 0 0 0 0 0
150	13	0 1 1 1 0 0 0 0 0 0 0 0 0 1 0 0
150	4	0 0 1 1 0 0 0 0 1 0 0 1 0 0 1 1
150	8	0 0 1 1 0 0 0 1 1 0 0 0 0 0 0 0
150	3	1 0 1 1 0 0 0 1 1 0 1 0 0 0 0 0
150	1	0 0 0 1 1 0 0 0 1 0 1 0 0 0 1 0
150	9	1 1 0 1 0 1 0 0 1 0 0 0 0 1 0 1
150	15	1 0 1 1 0 0 0 0 1 1 1 1 0 0 1 1
150	3	1 0 1 1 0 0 0 0 1 0 1 1 0 0 1 0
150	10	1 0 1 1 0 0 0 0 1 0 1 0 0 0 1 1
150	2	0 1 1 1 0 0 0 0 0 0 1 0 1 0 0 0
150	2	1 1 1 1 0 0 0 0 1 0 0 1 1 0 0 0
150	1	1 0 0 1 0 0 0 0 1 0 1 0 0 0 0 0
150	7	1 1 1 1 0 0 0 0 1 0 0 1 1 1 0 0
150	7	1 1 1 0 0 0 0 0 1 0 0 0 1 0 0 0
150	8	1 1 1 1 0 1 0 0 1 0 0 0 0 0 1 0
150	17	1 1 1 1 0 1 0 0 1 0 1 1 0 0 0 0
150	2	1 1 1 1 0 0 1 0 1 0 0 1 1 0 0 0
150	13	1 1 1 1 0 1 0 0 1 0 0 0 1 0 0 0
150	4	0 0 1 1 0 1 0 0 1 0 0 0 0 0 0 0
150	6	0 0 1 1 0 0 0 0 1 1 1 0 1 0 0 0
150	10	1 0 1 1 0 0 0 0 1 0 0 1 0 0 0 0
150	4	1 0 1 0 1 0 0 0 0 0 1 0 1 0 0 0
150	9	1 0 1 1 0 0 1 0 1 0 0 0 0 0 0 0
150	6	1 0 1 1 0 0 0 0 1 0 0 1 0 1 0 0
150	4	1 0 1 1 0 0 0 0 1 0 0 0 0 0 0 1
150	1	0 0 1 1 0 0 0 1 1 0 1 0 0 0 0 0
150	11	0 1 1 1 0 0 0 0 1 1 1 0 0 0 0 0
150	4	1 1 1 1 0 0 0 0 0 0 1 0 0 0 0 0
150	4	0 1 1 1 0 0 0 0 0 0 0 0 0 0 0 0
150	5	1 1 1 1 0 0 0 0 0 0 0 1 0 0 1 1
150	4	1 1 1 1 0 0 0 0 0 1 1 0 0 0 0 0
150	13	1 0 1 0 1 0 0 0 1 0 1 0 0 0 0 1
150	1	0 1 1 1 0 0 0 0 1 0 0 1 0 1 0 0
150	2	0 0 1 1 0 0 0 0 1 0 0 0 0 1 0 1
150	5	1 0 1 1 0 0 0 0 1 1 1 0 1 0 0 0
150	7	1 1 1 1 0 0 0 0 1 1 1 0 0 0 0 0
150	1	1 1 1 1 1 0 0 0 0 0 1 0 0 0 0 0
150	2	0 0 1 1 0 0 0 0 1 0 0 0 1 0 0 0
150	2	1 1 0 1 0 1 0 0 1 0 0 0 0 1 0 0
150	2	1 1 1 1 1 0 0 0 1 0 1 1 1 0 1 1
150	3	1 1 1 1 0 0 0 0 1 0 0 1 0 1 1 0
150	2	1 0 1 1 0 1 0 0 1 0 0 0 1 0 0 0
150	4	0 0 1 0 1 0 0 0 0 0 1 0 1 0 0 0
150	1	1 1 1 1 0 1 0 0 0 0 1 0 0 0 0 0
150	2	1 1 1 1 0 1 0 0 1 0 1 0 0 0 0 0
150	4	1 0 1 1 0 0 0 0 1 0 1 1 0 0 0 0
150	2	0 0 1 1 0 0 0 1 1 1 1 0 0 0 0 0
150	7	0 0 1 1 0 0 0 0 1 1 1 0 0 0 1 0
150	2	1 0 1 1 0 0 0 0 1 1 1 0 0 0 1 0
150	1	1 0 1 1 0 0 0 0 0 0 1 0 1 1 0 1
150	4	1 1 1 1 0 1 0 0 1 0 0 1 0 1 0 0
150	9	1 1 1 1 0 0 0 0 1 0 1 0 0 0 0 1
150	1	1 0 1 1 1 0 0 0 1 1 1 1 0 0 0 0
150	1	1 0 0 1 0 1 0 0 1 0 0 0 0 1 0 0
150	8	1 1 1 1 0 1 1 0 1 0 0 0 0 0 1 0
150	4	1 0 1 1 0 0 0 1 1 0 0 0 0 0 0 1
150	3	1 1 1 1 0 0 0 0 1 1 1 0 0 0 1 0
150	4	1 1 1 1 0 0 0 0 0 0 1 0 0 0 0 1
150	2	1 1 1 1 0 0 0 0 0 0 0 1 1 0 0 0
150	7	0 1 1 1 0 0 0 0 0 0 0 1 0 0 1 1
150	2	1 1 1 1 0 1 0 0 0 0 1 0 1 1 0 1
150	4	1 0 0 1 0 0 1 0 0 1 1 0 0 0 0 0
150	1	1 0 1 1 1 0 0 0 1 0 1 1 0 1 0 0
150	2	0 1 1 1 0 0 0 0 0 0 0 0 0 0 0 1
150	4	1 0 1 1 0 0 0 1 0 0 1 0 1 1 0 1
150	4	0 0 1 1 0 0 0 0 1 0 0 1 1 1 0 0
150	2	1 1 0 1 0 1 0 0 1 0 0 0 0 0 0 0
150	1	1 0 1 0 1 0 0 0 0 0 1 0 1 0 0 1
150	3	1 1 0 1 0 0 0 0 1 0 0 0 1 0 0 0
150	2	1 1 1 1 0 0 0 0 1 0 0 0 1 1 0 0
150	4	1 1 0 1 0 0 0 0 0 0 1 0 1 0 0 0
150	1	1 1 1 1 0 0 0 0 1 0 0 0 0 1 0 1
150	2	0 1 1 1 0 0 0 0 1 0 1 1 0 0 0 0
150	1	1 1 1 1 0 0 0 0 1 1 0 1 1 1 0 0
150	2	0 0 1 1 0 1 0 0 1 0 1 1 0 0 0 0
150	2	1 1 1 0 1 0 0 0 0 0 1 0 0 0 0 1
150	1	1 0 1 1 0 0 0 0 1 1 1 0 0 0 0 0
150	1	1 0 1 0 1 0 0 0 1 1 0 0 0 0 0 0
150	1	1 1 1 1 0 1 0 0 1 1 1 0 0 0 0 0
150	2	0 1 1 1 0 0 0 0 1 1 1 0 0 0 0 1
150	1	1 0 1 1 0 1 1 0 0 0 1 1 1 0 1 1
150	4	1 0 1 0 0 0 0 0 0 0 1 0 0 1 0 1
150	1	1 0 1 1 1 0 0 0 0 0 0 1 0 0 1 1
150	1	0 0 1 1 0 0 0 0 1 1 1 0 0 1 0 0
150	2	1 1 1 1 0 0 0 0 1 0 0 1 0 1 0 1
150	2	1 1 1 1 0 0 0 0 1 0 0 1 0 0 0 1
150	1	1 0 1 1 0 0 0 0 1 0 1 0 1 0 1 1
150	1	1 1 1 1 0 1 0 0 1 0 1 1 0 0 0 1
160	6	0 0 1 1 0 0 0 0 1 0 0 0 0 0 0 0
160	6	0 0 1 1 0 0 0 0 1 0 1 0 0 0 0 0
160	11	1 0 1 1 0 0 0 0 1 0 1 0 0 0 0 0
160	18	1 0 0 1 0 0 0 0 0 1 1 0 0 0 0 0
160	50	1 1 1 1 1 0 0 0 0 0 0 1 1 0 0 0
160	15	1 0 1 1 0 0 0 1 1 0 0 0 0 0 0 0
160	25	1 0 1 0 0 0 0 0 0 0 1 0 1 1 0 1
160	23	1 1 1 1 0 0 0 0 1 0 0 0 0 0 0 0
160	4	1 0 1 1 0 0 0 0 0 0 0 1 0 0 1 1
160	47	0 0 1 1 0 0 0 0 1 1 1 0 0 0 0 0
160	7	1 0 1 0 0 0 0 1 1 1 0 0 0 0 0 0
160	9	1 1 1 1 0 1 0 0 1 0 0 0 0 1 0 1
160	67	1 1 1 1 0 0 0 0 1 0 0 1 0 1 0 0
160	34	1 1 1 1 0 0 0 0 1 0 0 0 1 0 0 0
160	10	1 1 1 1 0 0 0 0 1 0 1 0 0 0 0 0
160	3	1 1 1 1 0 0 0 0 0 0 1 0 1 0 0 0
160	2	0 0 1 1 0 1 0 0 1 0 1 0 0 0 0 0
160	2	1 1 1 1 0 0 0 0 1 0 0 0 0 0 1 1
160	20	1 1 1 1 0 0 1 0 1 0 0 0 0 0 0 0
160	17	1 0 1 0 1 0 0 0 0 0 1 0 0 0 0 1
160	29	1 1 1 1 0 0 0 0 1 0 0 1 0 0 0 0
160	2	0 0 1 1 0 0 0 1 0 0 1 0 0 0 0 0
160	7	1 0 1 1 0 0 0 0 1 0 0 1 1 0 0 0
160	3	1 1 1 0 0 0 0 0 1 0 0 0 0 1 0 0
160	59	1 1 1 1 0 0 0 0 1 0 0 0 0 0 0 1
160	21	1 0 1 1 0 0 0 0 1 0 1 0 0 0 1 0
160	35	1 1 1 1 0 0 0 0 1 0 0 1 0 0 1 1
160	8	1 0 1 1 1 0 0 0 1 0 1 1 0 0 0 0
160	6	0 0 1 1 1 1 0 0 1 0 0 0 0 0 0 0
160	19	1 1 1 1 1 0 0 0 1 0 1 0 0 0 0 0
160	19	0 1 1 1 0 0 0 0 0 0 0 0 0 1 0 0
160	7	0 0 1 1 0 0 0 0 1 0 0 1 0 0 1 1
160	14	0 0 1 1 0 0 0 1 1 0 0 0 0 0 0 0
160	3	1 1 0 1 0 1 0 0 1 0 0 0 0 1 0 1
160	4	1 0 1 1 0 0 0 0 1 1 1 1 0 0 1 1
160	1	1 0 1 1 0 0 0 0 1 0 1 1 0 0 1 0
160	4	1 1 1 1 0 0 0 0 1 0 0 1 1 0 0 0
160	3	1 1 1 1 0 0 0 0 1 0 0 1 1 1 0 0
160	9	1 1 1 1 0 1 0 0 1 0 1 1 0 0 0 0
160	1	1 0 1 1 0 0 0 0 1 0 0 1 0 0 0 0
160	2	1 0 1 1 0 0 1 0 1 0 0 0 0 0 0 0
160	18	1 0 1 1 0 0 0 0 1 0 0 1 0 1 0 0
160	14	1 0 1 1 0 0 0 0 1 0 0 0 0 0 0 1
160	10	0 0 1 1 0 0 0 1 1 0 1 0 0 0 0 0
160	20	0 1 1 1 0 0 0 0 1 1 1 0 0 0 0 0
160	2	0 1 1 1 0 0 0 0 0 0 0 0 0 0 0 0
160	4	1 1 1 1 0 0 0 0 0 0 0 1 0 0 1 1
160	9	1 0 1 0 1 0 0 0 1 0 1 0 0 0 0 1
160	7	1 1 1 1 1 0 0 0 1 0 1 1 1 0 1 1
160	1	0 0 1 0 1 0 0 0 0 0 1 0 1 0 0 0
160	2	1 0 1 1 0 0 0 0 1 0 1 1 0 0 0 0
160	12	0 0 1 1 0 0 0 0 1 1 1 0 0 0 1 0
160	23	1 1 1 1 0 0 0 0 1 0 1 0 0 0 0 1
160	9	1 1 1 1 0 1 1 0 1 0 0 0 0 0 1 0
160	11	1 0 1 1 0 0 0 1 1 0 0 0 0 0 0 1
160	6	1 1 1 1 0 0 0 0 1 1 1 0 0 0 1 0
160	1	1 1 1 1 0 0 0 0 0 0 0 1 1 0 0 0
160	8	1 0 1 0 1 0 0 0 0 0 1 0 1 0 0 1
160	3	1 1 1 1 0 0 0 0 1 0 0 0 1 1 0 0
160	6	1 1 0 1 0 0 0 0 0 0 1 0 1 0 0 0
160	9	0 0 1 1 0 1 0 0 1 0 1 1 0 0 0 0
160	5	1 1 1 1 0 0 0 0 1 0 0 1 0 0 0 1
160	9	1 0 1 0 0 0 0 0 0 0 1 0 1 1 0 0
160	1	1 0 1 0 0 0 0 0 1 0 1 0 0 0 0 1
160	5	1 0 1 1 0 0 0 0 1 1 0 0 0 0 0 0
160	15	0 0 1 1 0 0 0 0 1 1 1 1 0 0 1 0
160	3	0 1 1 1 0 0 0 0 0 0 0 1 0 0 0 0
160	1	0 0 1 1 0 0 0 0 1 0 1 1 0 1 1 0
160	2	0 0 1 1 0 0 0 0 1 0 1 0 0 0 0 1
160	5	1 1 0 1 0 0 0 0 1 1 1 0 1 0 0 0
160	1	0 0 1 1 0 0 1 0 1 1 1 0 0 0 0 0
160	2	1 1 1 0 0 0 0 0 1 0 0 0 0 0 1 1
160	4	0 0 1 1 0 0 0 0 1 0 1 0 0 0 1 1
160	7	0 1 1 1 0 0 0 0 1 0 1 0 1 0 0 0
160	12	1 0 1 1 0 0 0 1 1 0 1 0 0 0 0 0
160	5	1 1 1 1 0 0 0 0 1 0 0 0 0 1 0 0
160	9	1 1 1 1 0 0 0 0 1 0 1 1 0 1 0 0
160	1	0 0 1 1 0 0 0 0 1 0 0 1 0 0 1 0
160	1	0 0 1 1 0 0 0 0 1 0 0 0 0 0 0 1
160	6	1 1 1 1 0 0 0 0 1 0 0 1 0 1 1 1
160	2	1 1 1 1 1 0 0 0 1 0 1 1 0 0 0 0
160	1	0 0 1 1 0 0 0 0 1 0 0 1 0 1 0 0
160	3	0 0 1 0 0 0 0 0 1 0 1 0 0 0 0 0
160	2	1 0 1 0 1 0 1 0 1 0 1 0 0 0 0 1
160	4	1 1 1 1 1 0 0 0 1 0 1 0 0 0 1 1
160	9	0 0 1 1 0 0 0 0 1 1 1 0 0 0 0 1
160	2	1 1 1 1 0 0 0 0 1 0 1 0 0 0 1 0
160	2	1 0 1 1 0 0 0 0 1 0 1 0 1 0 1 1
160	2	1 0 1 1 0 0 0 1 1 0 1 0 0 1 0 0
160	1	1 1 1 1 0 0 0 0 0 0 1 0 1 1 0 1
160	7	0 0 1 1 1 1 0 0 0 0 0 0 0 1 0 0
160	3	1 0 0 1 0 0 0 0 0 1 1 0 0 0 0 1
160	3	1 0 1 0 0 0 0 0 0 0 0 0 1 1 0 1
160	1	1 1 1 1 0 0 0 0 1 0 1 1 0 0 0 0
160	1	1 1 1 1 0 0 0 0 1 1 0 1 0 0 0 0
160	1	0 1 1 0 0 0 0 0 1 1 1 0 0 0 0 0
160	3	1 0 1 1 1 0 0 0 1 0 1 1 1 0 1 1
160	2	1 1 1 1 0 0 0 1 1 0 0 0 0 0 0 1
160	4	1 1 1 0 0 0 0 0 1 1 1 0 0 0 1 0
160	1	0 1 1 1 0 1 0 0 1 0 1 1 0 0 0 0
160	1	1 0 1 0 1 0 0 0 0 0 1 0 0 0 0 0
160	4	1 1 1 1 1 0 0 0 1 0 0 1 0 1 0 0
160	2	1 1 1 1 0 0 0 0 0 0 1 0 0 0 0 0
160	1	1 1 1 1 0 0 1 0 1 0 0 1 0 0 1 1
160	2	1 1 1 1 1 0 0 0 1 0 1 0 1 0 0 0
160	1	0 0 1 1 0 0 0 0 1 1 1 1 0 0 1 1
160	2	1 0 0 1 0 0 0 0 1 0 0 1 0 0 0 0
160	1	0 0 1 1 0 0 0 1 1 0 1 0 1 0 0 0
160	1	1 1 1 0 1 0 0 0 1 0 1 0 0 0 0 1
160	1	1 0 1 0 0 0 0 0 1 0 1 0 0 0 1 0
160	3	1 1 1 1 0 1 0 0 1 0 0 0 0 0 0 0
160	1	1 0 1 1 0 0 0 0 1 0 1 0 0 0 0 1
160	1	0 0 1 1 1 0 0 0 1 0 1 0 1 0 0 0
160	1	0 0 1 1 0 1 0 0 1 0 1 1 0 1 0 0
160	2	1 0 1 1 0 0 0 1 1 1 1 1 0 0 1 0
160	1	1 0 1 0 0 0 0 0 0 0 1 1 0 0 1 0
160	1	1 0 0 1 0 0 0 0 1 0 1 0 0 0 0 0
160	1	1 0 1 1 0 0 0 0 0 1 1 0 0 0 0 0
160	1	1 0 1 0 0 0 0 1 0 0 1 0 1 1 0 1
160	2	0 0 1 1 0 0 0 0 0 1 1 0 0 0 0 0
160	1	0 0 1 0 1 0 0 0 0 0 1 0 0 0 0 1
160	2	1 1 0 1 0 1 0 1 1 0 0 0 0 1 0 1
160	3	1 1 1 1 0 0 0 0 1 0 0 1 1 1 0 1
160	1	1 0 1 1 0 0 0 0 1 0 0 0 0 1 0 0
160	3	1 1 1 1 0 1 1 0 1 0 0 0 1 0 1 0
160	1	1 0 0 1 0 0 0 1 1 0 0 0 0 0 0 1
160	1	1 0 1 0 0 0 0 1 1 0 1 0 0 0 0 0
160	3	1 1 1 1 0 0 1 0 1 0 0 0 0 1 0 0
170	10	0 0 1 1 0 0 0 0 1 0 0 0 0 0 0 0
170	3	1 0 0 1 0 0 0 0 0 1 1 0 0 0 0 0
170	71	1 1 1 1 1 0 0 0 0 0 0 1 1 0 0 0
170	16	1 0 1 1 0 0 0 1 1 0 0 0 0 0 0 0
170	14	1 1 1 1 0 0 0 0 1 0 0 0 0 0 0 0
170	13	0 0 1 1 0 0 0 0 1 1 1 0 0 0 0 0
170	23	1 0 1 0 0 0 0 1 1 1 0 0 0 0 0 0
170	39	1 1 1 1 0 0 0 0 1 0 0 1 0 1 0 0
170	26	1 1 1 1 0 0 0 0 1 0 0 0 1 0 0 0
170	17	1 1 1 1 0 0 0 0 1 0 1 0 0 0 0 0
170	16	1 1 1 1 0 0 1 0 1 0 0 0 0 0 0 0
170	19	1 0 1 0 1 0 0 0 0 0 1 0 0 0 0 1
170	13	1 1 1 1 0 0 0 0 1 0 0 1 0 0 0 0
170	11	0 0 1 1 0 0 0 1 0 0 1 0 0 0 0 0
170	10	1 0 1 1 0 0 0 0 1 0 0 1 1 0 0 0
170	45	1 1 1 1 0 0 0 0 1 0 0 0 0 0 0 1
170	25	1 0 1 1 0 0 0 0 1 0 1 0 0 0 1 0
170	24	1 1 1 1 0 0 0 0 1 0 0 1 0 0 1 1
170	8	1 0 1 1 1 0 0 0 1 0 1 1 0 0 0 0
170	26	0 0 1 1 1 1 0 0 1 0 0 0 0 0 0 0
170	17	1 1 1 1 1 0 0 0 1 0 1 0 0 0 0 0
170	3	0 1 1 1 0 0 0 0 0 0 0 0 0 1 0 0
170	1	0 0 1 1 0 0 0 1 1 0 0 0 0 0 0 0
170	1	1 1 0 1 0 1 0 0 1 0 0 0 0 1 0 1
170	10	1 1 1 1 0 0 0 0 1 0 0 1 1 0 0 0
170	3	1 0 1 1 0 0 0 0 1 0 0 1 0 1 0 0
170	3	1 0 1 1 0 0 0 0 1 0 0 0 0 0 0 1
170	28	0 0 1 1 0 0 0 1 1 0 1 0 0 0 0 0
170	25	0 1 1 1 0 0 0 0 1 1 1 0 0 0 0 0
170	20	1 1 1 1 0 0 0 0 0 0 0 1 0 0 1 1
170	4	0 0 1 0 1 0 0 0 0 0 1 0 1 0 0 0
170	17	0 0 1 1 0 0 0 0 1 1 1 0 0 0 1 0
170	13	1 1 1 1 0 0 0 0 1 0 1 0 0 0 0 1
170	8	1 1 1 1 0 1 1 0 1 0 0 0 0 0 1 0
170	22	1 0 1 1 0 0 0 1 1 0 0 0 0 0 0 1
170	15	1 1 1 1 0 0 0 0 1 0 0 0 1 1 0 0
170	4	1 1 0 1 0 0 0 0 0 0 1 0 1 0 0 0
170	3	1 1 1 1 0 0 0 0 1 0 0 1 0 0 0 1
170	2	1 0 1 0 0 0 0 0 0 0 1 0 1 1 0 0
170	5	0 0 1 1 0 0 0 0 1 1 1 1 0 0 1 0
170	11	0 1 1 1 0 0 0 0 0 0 0 1 0 0 0 0
170	2	0 0 1 1 0 0 0 0 1 0 1 0 0 0 0 1
170	2	1 1 0 1 0 0 0 0 1 1 1 0 1 0 0 0
170	8	0 1 1 1 0 0 0 0 1 0 1 0 1 0 0 0
170	6	1 0 1 1 0 0 0 1 1 0 1 0 0 0 0 0
170	4	1 1 1 1 0 0 0 0 1 0 1 1 0 1 0 0
170	1	1 1 1 1 0 0 0 0 1 0 0 1 0 1 1 1
170	18	1 1 1 1 1 0 0 0 1 0 1 1 0 0 0 0
170	9	1 1 1 1 1 0 0 0 1 0 1 0 0 0 1 1
170	11	0 0 1 1 0 0 0 0 1 1 1 0 0 0 0 1
170	3	1 0 1 1 0 0 0 1 1 0 1 0 0 1 0 0
170	26	0 0 1 1 1 1 0 0 0 0 0 0 0 1 0 0
170	31	1 0 0 1 0 0 0 0 0 1 1 0 0 0 0 1
170	1	1 0 1 1 1 0 0 0 1 0 1 1 1 0 1 1
170	2	1 1 1 1 0 0 0 1 1 0 0 0 0 0 0 1
170	7	1 1 1 0 0 0 0 0 1 1 1 0 0 0 1 0
170	18	1 1 1 1 1 0 0 0 1 0 0 1 0 1 0 0
170	11	1 0 1 1 0 0 0 0 0 1 1 0 0 0 0 0
170	1	1 1 1 1 0 1 1 0 1 0 0 0 1 0 1 0
170	6	1 1 1 1 0 0 1 0 1 0 0 0 0 1 0 0
170	2	1 0 1 1 0 0 0 0 0 0 1 0 0 0 1 0
170	5	1 1 0 1 1 0 0 0 1 0 1 0 0 0 0 0
170	2	1 1 1 1 1 0 0 0 0 0 1 0 0 0 0 1
170	5	1 1 1 1 1 0 0 0 1 0 0 1 1 0 0 0
170	5	1 1 1 1 1 0 1 0 0 0 0 1 1 0 0 0
170	1	1 1 1 1 0 0 0 0 0 0 0 0 0 0 0 0
170	3	0 1 1 1 0 0 0 0 1 0 0 1 0 0 1 1
170	1	0 1 1 1 1 0 0 0 0 0 0 0 0 1 0 0
170	1	1 1 1 1 1 0 0 0 0 1 0 1 1 0 0 0
170	4	1 1 1 1 0 0 0 0 1 0 0 0 1 0 1 0
170	16	1 1 1 1 0 0 0 0 1 1 1 0 0 0 0 0
170	8	1 0 1 0 0 0 0 0 0 0 0 1 0 1 0 0
170	1	1 0 1 0 0 0 0 0 0 0 0 0 0 1 0 0
170	1	1 1 1 1 0 0 0 1 1 0 0 0 1 0 0 0
170	5	1 0 1 1 0 0 0 0 1 0 1 0 0 0 0 1
170	10	1 1 1 0 0 0 0 0 1 0 0 1 1 0 0 0
170	2	1 1 1 1 1 0 0 0 1 1 1 0 0 0 1 0
170	1	1 0 1 1 0 0 0 1 1 0 0 0 0 0 1 1
170	1	0 0 1 1 1 0 1 0 0 0 0 1 1 0 0 0
170	4	1 1 1 1 1 0 0 0 1 0 0 0 0 0 0 1
170	1	0 1 1 1 1 0 0 0 0 0 0 1 1 0 0 0
170	7	1 0 1 1 0 0 0 1 1 0 0 1 0 0 0 0
170	4	1 0 1 1 0 0 0 0 1 0 0 0 0 0 1 0
170	4	0 0 1 1 0 0 0 0 0 0 0 0 0 1 0 0
170	4	1 1 1 1 0 0 1 0 1 0 0 0 0 0 1 0
170	4	1 1 1 1 1 0 0 0 0 0 0 0 1 0 0 0
170	8	0 0 1 1 1 0 0 0 1 1 1 0 0 0 0 0
170	9	1 1 1 1 0 0 0 0 1 0 0 1 0 1 1 0
170	3	1 1 1 1 0 0 0 0 1 0 1 0 1 0 0 0
170	8	0 1 1 1 0 0 1 0 1 1 1 0 0 0 0 0
170	3	0 1 1 1 0 0 0 0 1 0 1 0 0 0 1 1
170	2	0 1 1 1 0 0 0 1 1 0 0 0 1 0 0 0
170	1	0 0 1 1 0 0 0 0 0 0 0 0 0 0 0 0
170	5	1 0 1 1 1 0 0 0 1 0 1 1 0 0 0 1
170	1	1 0 1 1 1 0 0 0 1 0 1 0 0 0 1 1
170	1	0 1 1 1 0 0 0 0 1 0 0 1 1 1 0 0
170	2	1 1 0 1 1 1 0 1 1 0 1 1 0 1 0 0
170	2	1 1 0 1 0 0 0 0 1 0 0 1 0 1 0 0
170	2	1 1 0 1 0 0 0 0 1 0 0 1 0 0 1 1
170	2	1 1 1 1 1 1 0 0 1 0 0 1 0 1 0 0
170	4	1 0 1 1 0 0 0 1 0 0 1 0 0 0 0 0
170	1	0 1 1 1 0 0 0 0 1 0 0 1 1 0 0 0
170	2	0 1 1 1 0 0 0 0 1 0 1 0 0 0 1 0
170	3	0 0 1 1 0 0 0 0 1 0 1 0 0 0 1 0
170	1	0 0 1 1 0 0 1 0 1 1 1 0 0 0 0 0
170	2	1 0 1 1 0 0 0 0 1 0 0 1 0 1 1 1
170	1	1 0 1 1 0 0 0 1 1 0 0 1 1 0 0 0
170	2	1 0 1 0 1 0 0 0 0 0 1 0 0 0 0 0
170	1	0 0 1 1 1 1 0 0 1 0 1 0 0 0 0 0
170	1	0 0 1 1 1 0 0 0 1 0 1 0 0 0 0 1
170	2	1 1 0 1 1 0 0 0 1 0 0 1 0 0 0 0
170	1	1 0 1 0 0 0 0 0 1 0 1 0 0 0 1 0
170	1	1 0 1 1 0 0 0 0 1 0 0 1 0 0 1 1
170	3	1 1 1 1 1 1 0 0 0 0 0 1 1 0 0 0
170	1	1 0 1 1 0 0 0 0 1 1 1 0 0 0 0 0
170	1	1 0 1 0 0 0 0 1 1 0 0 0 0 0 0 0
170	2	0 1 1 1 0 0 0 0 1 1 1 1 0 0 0 0
170	1	1 1 1 1 1 0 1 0 1 0 1 1 0 0 0 0
170	2	1 1 1 1 1 0 0 0 1 1 1 1 0 0 0 0
170	2	1 0 1 1 0 0 1 1 1 0 1 0 0 1 0 0
170	4	0 1 1 0 0 0 0 0 1 0 0 1 0 0 1 1
180	5	0 0 1 1 0 0 0 0 1 0 0 0 0 0 0 0
180	62	1 1 1 1 1 0 0 0 0 0 0 1 1 0 0 0
180	14	1 0 1 1 0 0 0 1 1 0 0 0 0 0 0 0
180	36	1 1 1 1 0 0 0 0 1 0 0 0 0 0 0 0
180	2	0 0 1 1 0 0 0 0 1 1 1 0 0 0 0 0
180	26	1 0 1 0 0 0 0 1 1 1 0 0 0 0 0 0
180	30	1 1 1 1 0 0 0 0 1 0 0 1 0 1 0 0
180	28	1 1 1 1 0 0 0 0 1 0 0 0 1 0 0 0
180	30	1 1 1 1 0 0 0 0 1 0 1 0 0 0 0 0
180	35	1 1 1 1 0 0 1 0 1 0 0 0 0 0 0 0
180	6	1 0 1 0 1 0 0 0 0 0 1 0 0 0 0 1
180	6	1 1 1 1 0 0 0 0 1 0 0 1 0 0 0 0
180	11	0 0 1 1 0 0 0 1 0 0 1 0 0 0 0 0
180	7	1 0 1 1 0 0 0 0 1 0 0 1 1 0 0 0
180	67	1 1 1 1 0 0 0 0 1 0 0 0 0 0 0 1
180	6	1 0 1 1 0 0 0 0 1 0 1 0 0 0 1 0
180	9	0 0 1 1 1 1 0 0 1 0 0 0 0 0 0 0
180	4	1 1 1 1 1 0 0 0 1 0 1 0 0 0 0 0
180	3	1 0 1 1 0 0 0 0 1 0 0 0 0 0 0 1
180	12	0 0 1 1 0 0 0 1 1 0 1 0 0 0 0 0
180	14	0 1 1 1 0 0 0 0 1 1 1 0 0 0 0 0
180	5	0 0 1 0 1 0 0 0 0 0 1 0 1 0 0 0
180	13	0 0 1 1 0 0 0 0 1 1 1 0 0 0 1 0
180	3	1 1 1 1 0 0 0 0 1 0 1 0 0 0 0 1
180	8	1 1 1 1 0 1 1 0 1 0 0 0 0 0 1 0
180	46	1 0 1 1 0 0 0 1 1 0 0 0 0 0 0 1
180	26	1 1 1 1 0 0 0 0 1 0 0 0 1 1 0 0
180	6	0 0 1 1 0 0 0 0 1 1 1 1 0 0 1 0
180	7	0 1 1 1 0 0 0 0 0 0 0 1 0 0 0 0
180	13	1 1 0 1 0 0 0 0 1 1 1 0 1 0 0 0
180	8	0 1 1 1 0 0 0 0 1 0 1 0 1 0 0 0
180	3	1 0 1 1 0 0 0 1 1 0 1 0 0 0 0 0
180	53	1 1 1 1 1 0 0 0 1 0 1 1 0 0 0 0
180	5	1 1 1 1 1 0 0 0 1 0 1 0 0 0 1 1
180	3	0 0 1 1 0 0 0 0 1 1 1 0 0 0 0 1
180	1	1 0 1 1 0 0 0 1 1 0 1 0 0 1 0 0
180	1	0 0 1 1 1 1 0 0 0 0 0 0 0 1 0 0
180	50	1 0 0 1 0 0 0 0 0 1 1 0 0 0 0 1
180	25	1 1 1 0 0 0 0 0 1 1 1 0 0 0 1 0
180	2	1 1 1 1 1 0 0 0 1 0 0 1 0 1 0 0
180	2	1 1 1 1 0 1 1 0 1 0 0 0 1 0 1 0
180	1	1 1 1 1 0 0 1 0 1 0 0 0 0 1 0 0
180	11	1 1 0 1 1 0 0 0 1 0 1 0 0 0 0 0
180	1	1 1 1 1 1 0 0 0 0 0 1 0 0 0 0 1
180	2	1 1 1 1 1 0 1 0 0 0 0 1 1 0 0 0
180	1	0 1 1 1 0 0 0 0 1 0 0 1 0 0 1 1
180	7	1 1 1 1 0 0 0 0 1 0 0 0 1 0 1 0
180	10	1 1 1 1 0 0 0 0 1 1 1 0 0 0 0 0
180	1	1 0 1 0 0 0 0 0 0 0 0 1 0 1 0 0
180	11	1 0 1 1 0 0 0 0 1 0 1 0 0 0 0 1
180	1	1 0 1 1 0 0 0 1 1 0 0 0 0 0 1 1
180	2	1 1 1 1 1 0 0 0 1 0 0 0 0 0 0 1
180	7	1 0 1 1 0 0 0 1 1 0 0 1 0 0 0 0
180	4	1 0 1 1 0 0 0 0 1 0 0 0 0 0 1 0
180	2	0 0 1 1 1 0 0 0 1 1 1 0 0 0 0 0
180	8	1 1 1 1 0 0 0 0 1 0 1 0 1 0 0 0
180	3	0 1 1 1 0 0 1 0 1 1 1 0 0 0 0 0
180	2	1 0 1 1 1 0 0 0 1 0 1 1 0 0 0 1
180	4	1 1 0 1 0 0 0 0 1 0 0 1 0 0 1 1
180	6	0 1 1 1 0 0 0 0 1 0 1 0 0 0 1 0
180	1	1 0 1 0 1 0 0 0 0 0 1 0 0 0 0 0
180	6	0 0 1 1 1 1 0 0 1 0 1 0 0 0 0 0
180	10	1 1 1 1 1 1 0 0 0 0 0 1 1 0 0 0
180	2	0 1 1 1 0 0 0 0 1 1 1 1 0 0 0 0
180	3	1 1 1 1 0 0 0 0 1 0 0 0 0 1 0 0
180	18	1 0 1 0 0 0 0 0 1 0 0 1 1 0 0 0
180	6	0 1 1 1 0 0 0 1 1 1 1 0 0 0 0 0
180	10	1 1 1 1 1 0 0 0 1 0 1 1 0 0 0 1
180	3	0 1 1 1 0 0 1 0 1 1 1 0 0 1 0 0
180	14	1 1 1 1 1 0 0 1 0 0 0 1 1 0 0 0
180	6	0 0 1 1 1 1 0 0 0 0 0 0 1 1 0 0
180	9	1 1 1 0 1 0 0 0 1 1 1 0 0 0 1 0
180	1	1 0 1 1 1 1 0 0 0 0 0 0 0 1 0 0
180	4	1 1 1 1 0 0 0 0 1 0 1 1 1 0 0 0
180	8	1 1 1 1 1 0 0 0 1 1 1 0 0 0 0 0
180	1	1 1 1 0 0 0 0 0 0 0 0 1 0 1 0 0
180	5	1 0 1 1 0 0 0 1 1 1 0 0 0 0 0 0
180	1	1 1 1 1 0 0 1 0 1 1 0 0 0 0 0 0
180	3	1 1 1 1 1 0 0 0 1 0 1 1 1 0 0 0
180	4	1 1 1 1 1 0 0 0 0 0 1 0 0 0 1 1
180	4	1 0 1 1 0 0 0 1 1 0 0 0 0 1 0 0
180	5	1 1 1 1 0 0 0 0 1 0 0 1 0 0 1 0
180	3	0 0 1 0 0 0 0 0 1 1 1 0 0 0 1 0
180	1	1 1 1 1 0 0 0 1 1 0 0 1 0 0 1 0
180	3	1 0 1 1 0 0 0 0 1 1 1 0 0 0 0 0
180	3	0 0 1 1 1 1 0 0 1 0 1 0 0 0 0 1
180	7	0 1 1 1 0 0 0 0 1 0 0 0 0 0 0 0
180	3	1 1 1 1 0 0 0 1 1 0 1 0 0 0 0 0
180	1	1 1 1 1 0 1 0 0 1 0 0 0 0 0 0 1
180	3	1 0 1 0 0 0 0 1 1 0 1 0 0 0 0 0
180	5	1 0 0 1 1 0 0 0 0 1 1 0 0 0 0 1
180	2	1 1 1 1 0 1 0 0 1 0 0 0 0 0 0 0
180	5	0 1 1 1 0 0 0 0 1 0 0 1 0 1 0 0
180	5	1 1 1 1 0 1 0 0 1 0 0 0 1 0 0 0
180	2	0 0 0 1 0 0 0 1 0 0 1 0 0 0 0 0
180	3	0 1 1 1 1 0 0 0 0 0 0 1 0 0 0 0
180	1	1 0 1 0 0 0 0 1 1 0 0 0 0 0 0 1
180	2	0 1 1 1 0 0 0 0 0 1 1 0 0 0 0 1
180	3	0 0 1 1 1 1 0 0 0 0 0 0 1 1 0 1
180	2	1 1 1 1 1 0 0 0 0 0 1 1 1 0 0 0
180	2	1 1 1 1 0 0 0 0 1 0 0 0 1 0 0 1
180	4	0 1 1 1 0 0 0 0 1 0 0 0 1 1 0 0
180	1	0 1 1 1 0 0 0 0 1 0 0 1 0 0 1 0
180	1	1 0 1 0 0 0 0 0 0 1 0 1 0 1 0 0
180	6	1 1 1 1 0 0 0 0 1 0 0 1 0 0 0 1
180	4	1 1 1 1 0 0 0 0 1 0 1 0 0 1 0 0
180	2	1 0 1 1 1 0 0 0 1 0 0 0 0 0 0 1
180	2	1 1 1 1 1 0 0 0 1 0 0 0 1 0 0 0
180	6	1 1 0 1 0 0 0 0 1 0 1 0 0 0 0 0
180	1	1 1 0 1 0 0 0 0 1 0 0 0 0 0 0 1
180	1	1 1 1 1 1 0 0 0 1 0 1 0 0 0 1 0
180	3	1 1 1 1 1 0 0 0 1 0 0 1 0 0 0 1
180	2	0 0 1 0 0 0 0 1 1 1 0 0 0 0 0 0
180	2	1 1 1 0 0 0 0 0 1 1 1 0 0 0 0 0
180	3	1 0 1 1 0 0 0 0 1 0 0 0 1 0 0 0
180	4	0 1 1 1 0 0 0 0 1 1 0 0 0 0 0 0
180	1	0 1 1 1 1 0 1 0 1 1 1 0 0 0 0 0
190	1	0 0 1 1 0 0 0 0 1 0 0 0 0 0 0 0
190	85	1 1 1 1 1 0 0 0 0 0 0 1 1 0 0 0
190	11	1 0 1 1 0 0 0 1 1 0 0 0 0 0 0 0
190	44	1 1 1 1 0 0 0 0 1 0 0 0 0 0 0 0
190	25	1 0 1 0 0 0 0 1 1 1 0 0 0 0 0 0
190	25	1 1 1 1 0 0 0 0 1 0 0 1 0 1 0 0
190	16	1 1 1 1 0 0 0 0 1 0 0 0 1 0 0 0
190	3	1 1 1 1 0 0 0 0 1 0 1 0 0 0 0 0
190	19	1 1 1 1 0 0 1 0 1 0 0 0 0 0 0 0
190	4	1 1 1 1 0 0 0 0 1 0 0 1 0 0 0 0
190	7	1 0 1 1 0 0 0 0 1 0 0 1 1 0 0 0
190	78	1 1 1 1 0 0 0 0 1 0 0 0 0 0 0 1
190	22	1 0 1 1 0 0 0 0 1 0 0 0 0 0 0 1
190	7	0 0 1 1 0 0 0 1 1 0 1 0 0 0 0 0
190	21	0 1 1 1 0 0 0 0 1 1 1 0 0 0 0 0
190	3	0 0 1 1 0 0 0 0 1 1 1 0 0 0 1 0
190	2	1 1 1 1 0 1 1 0 1 0 0 0 0 0 1 0
190	21	1 0 1 1 0 0 0 1 1 0 0 0 0 0 0 1
190	24	1 1 1 1 0 0 0 0 1 0 0 0 1 1 0 0
190	5	0 0 1 1 0 0 0 0 1 1 1 1 0 0 1 0
190	4	1 1 0 1 0 0 0 0 1 1 1 0 1 0 0 0
190	2	1 0 1 1 0 0 0 1 1 0 1 0 0 0 0 0
190	95	1 1 1 1 1 0 0 0 1 0 1 1 0 0 0 0
190	3	0 0 1 1 0 0 0 0 1 1 1 0 0 0 0 1
190	4	1 0 1 1 0 0 0 1 1 0 1 0 0 1 0 0
190	29	1 0 0 1 0 0 0 0 0 1 1 0 0 0 0 1
190	3	1 1 1 0 0 0 0 0 1 1 1 0 0 0 1 0
190	11	1 1 0 1 1 0 0 0 1 0 1 0 0 0 0 0
190	1	1 1 1 1 1 0 1 0 0 0 0 1 1 0 0 0
190	4	1 1 1 1 0 0 0 0 1 0 0 0 1 0 1 0
190	4	1 1 1 1 0 0 0 0 1 1 1 0 0 0 0 0
190	20	1 0 1 1 0 0 0 0 1 0 1 0 0 0 0 1
190	24	1 1 1 1 1 0 0 0 1 0 0 0 0 0 0 1
190	10	1 0 1 1 0 0 0 1 1 0 0 1 0 0 0 0
190	2	1 0 1 1 1 0 0 0 1 0 1 1 0 0 0 1
190	9	0 0 1 1 1 1 0 0 1 0 1 0 0 0 0 0
190	2	1 1 1 1 1 1 0 0 0 0 0 1 1 0 0 0
190	2	1 0 1 0 0 0 0 0 1 0 0 1 1 0 0 0
190	11	1 1 1 1 1 0 0 0 1 0 1 1 0 0 0 1
190	11	1 1 1 1 1 0 0 1 0 0 0 1 1 0 0 0
190	3	0 0 1 1 1 1 0 0 0 0 0 0 1 1 0 0
190	1	1 1 1 0 1 0 0 0 1 1 1 0 0 0 1 0
190	7	1 1 1 1 1 0 0 0 1 1 1 0 0 0 0 0
190	2	1 0 1 1 0 0 0 1 1 1 0 0 0 0 0 0
190	9	1 1 1 1 1 0 0 0 1 0 1 1 1 0 0 0
190	5	1 0 1 1 0 0 0 1 1 0 0 0 0 1 0 0
190	4	1 1 1 1 0 0 0 0 1 0 0 1 0 0 1 0
190	4	0 1 1 1 0 0 0 0 1 0 0 0 0 0 0 0
190	4	1 1 1 1 0 0 0 1 1 0 1 0 0 0 0 0
190	5	1 1 1 1 0 1 0 0 1 0 0 0 0 0 0 1
190	29	1 1 1 1 0 1 0 0 1 0 0 0 0 0 0 0
190	3	1 1 1 1 0 1 0 0 1 0 0 0 1 0 0 0
190	11	0 1 1 1 1 0 0 0 0 0 0 1 0 0 0 0
190	4	1 1 1 1 1 0 0 0 0 0 1 1 1 0 0 0
190	7	0 1 1 1 0 0 0 0 1 0 0 0 1 1 0 0
190	6	1 1 1 1 0 0 0 0 1 0 0 1 0 0 0 1
190	10	1 1 1 1 0 0 0 0 1 0 1 0 0 1 0 0
190	3	1 1 0 1 0 0 0 0 1 0 0 0 0 0 0 1
190	13	1 0 1 1 0 0 0 0 1 0 0 0 1 0 0 0
190	13	0 1 1 1 0 0 0 0 1 0 0 0 0 0 0 1
190	4	1 0 0 1 0 0 0 0 1 1 0 0 0 0 0 0
190	18	1 1 1 1 1 0 0 1 1 0 1 1 0 0 0 1
190	8	1 0 1 1 0 0 1 1 1 0 0 1 0 1 0 0
190	7	1 1 1 1 0 0 1 0 1 0 0 0 1 0 0 0
190	11	1 1 0 1 0 0 1 0 1 0 0 0 0 0 0 0
190	2	1 1 1 1 1 1 1 0 1 0 0 0 0 0 1 0
190	5	1 1 1 1 0 0 0 0 1 0 0 0 0 1 1 0
190	3	1 1 1 1 1 0 0 0 0 0 0 1 0 0 0 1
190	9	1 0 1 1 0 0 0 0 1 0 1 1 1 0 0 0
190	5	1 1 1 0 1 0 0 0 0 0 0 1 1 0 0 0
190	3	1 1 1 1 1 0 0 0 0 1 1 0 0 0 0 1
190	9	0 0 1 1 0 0 0 0 1 0 0 1 0 1 0 0
190	3	0 0 1 1 0 0 0 0 1 0 0 0 1 0 0 0
190	3	1 1 1 1 1 0 0 0 0 0 1 0 0 0 0 0
190	1	1 1 1 1 1 0 0 0 1 0 1 0 0 0 1 0
190	5	1 1 1 1 0 0 0 1 1 0 0 0 0 0 0 0
190	3	1 0 1 1 0 0 0 0 1 0 0 1 0 1 0 0
190	4	1 0 0 1 0 0 0 0 0 1 1 0 0 0 0 0
190	1	1 0 1 0 0 0 0 0 1 0 1 1 1 0 0 0
190	7	1 0 1 1 0 1 0 0 1 0 0 0 0 0 0 1
190	8	1 1 1 1 1 0 0 0 1 0 1 1 0 1 0 0
190	2	1 1 1 1 0 0 0 0 1 1 0 0 0 0 0 0
190	1	1 0 0 1 0 0 0 1 0 1 1 0 0 0 0 1
190	1	1 0 1 1 0 0 0 0 0 0 0 1 0 1 0 0
190	4	0 1 1 1 0 0 0 0 1 0 0 1 0 1 0 0
190	4	0 0 1 1 0 0 0 0 1 1 1 0 0 1 0 0
190	1	1 1 0 1 0 0 0 0 1 1 0 0 0 1 0 1
190	4	1 0 0 1 0 0 0 0 1 0 1 0 1 0 0 0
190	1	1 0 0 1 0 0 0 0 1 0 0 0 0 0 0 1
190	2	0 0 1 0 1 0 0 0 1 0 1 0 1 0 0 0
190	2	1 1 1 1 1 0 0 0 1 1 1 1 0 0 0 0
190	4	0 1 1 1 1 0 0 0 1 0 1 1 0 0 0 0
190	4	1 1 1 1 0 0 1 0 1 1 1 0 0 0 0 0
190	2	1 0 1 1 0 0 0 0 1 0 0 0 0 0 0 0
190	1	1 1 1 1 0 0 0 0 1 0 0 0 1 0 0 1
190	4	1 1 1 1 1 0 1 1 1 0 0 1 0 1 0 0
190	2	1 1 1 1 0 0 0 1 1 0 0 1 0 1 0 0
190	3	1 1 1 1 1 0 1 0 1 0 0 0 0 0 0 0
190	1	0 0 1 1 0 0 0 1 1 1 1 0 0 0 0 1
190	3	1 1 1 1 0 0 1 1 1 0 0 1 0 1 0 0
190	1	1 1 1 1 0 0 0 0 1 0 0 0 0 0 1 0
190	2	1 0 1 0 0 1 0 1 1 1 0 0 0 0 0 0
190	1	1 0 1 1 0 0 0 0 1 0 1 1 0 0 0 1
190	4	1 0 1 1 0 0 0 0 1 0 0 1 0 0 0 1
190	1	0 0 1 1 0 0 0 1 1 0 1 0 0 0 0 1
190	2	1 0 1 0 0 0 0 1 0 1 0 0 0 0 0 0
190	1	0 0 1 1 1 0 0 1 0 0 1 0 0 0 0 0
190	1	0 1 1 1 0 1 0 0 1 1 1 0 0 0 0 0
190	1	1 0 1 1 0 0 0 1 0 0 0 0 0 0 0 1
190	1	1 0 1 1 0 0 0 1 1 0 0 0 0 1 0 1
190	1	0 0 1 1 0 0 0 0 1 1 1 1 0 0 1 1
190	1	1 1 1 1 1 0 0 0 1 0 0 1 0 0 0 1
190	1	1 1 1 1 0 0 0 0 1 0 0 1 1 0 1 0
200	101	1 1 1 1 1 0 0 0 0 0 0 1 1 0 0 0
200	40	1 0 1 1 0 0 0 1 1 0 0 0 0 0 0 0
200	30	1 1 1 1 0 0 0 0 1 0 0 0 0 0 0 0
200	21	1 0 1 0 0 0 0 1 1 1 0 0 0 0 0 0
200	16	1 1 1 1 0 0 0 0 1 0 0 1 0 1 0 0
200	7	1 1 1 1 0 0 0 0 1 0 0 0 1 0 0 0
200	37	1 1 1 1 0 0 1 0 1 0 0 0 0 0 0 0
200	2	1 1 1 1 0 0 0 0 1 0 0 1 0 0 0 0
200	23	1 0 1 1 0 0 0 0 1 0 0 1 1 0 0 0
200	63	1 1 1 1 0 0 0 0 1 0 0 0 0 0 0 1
200	6	1 0 1 1 0 0 0 0 1 0 0 0 0 0 0 1
200	23	0 1 1 1 0 0 0 0 1 1 1 0 0 0 0 0
200	20	0 0 1 1 0 0 0 0 1 1 1 0 0 0 1 0
200	24	1 0 1 1 0 0 0 1 1 0 0 0 0 0 0 1
200	6	1 1 1 1 0 0 0 0 1 0 0 0 1 1 0 0
200	1	1 0 1 1 0 0 0 1 1 0 1 0 0 0 0 0
200	61	1 1 1 1 1 0 0 0 1 0 1 1 0 0 0 0
200	2	1 0 1 1 0 0 0 1 1 0 1 0 0 1 0 0
200	10	1 0 0 1 0 0 0 0 0 1 1 0 0 0 0 1
200	2	1 1 1 0 0 0 0 0 1 1 1 0 0 0 1 0
200	11	1 1 0 1 1 0 0 0 1 0 1 0 0 0 0 0
200	4	1 1 1 1 0 0 0 0 1 0 0 0 1 0 1 0
200	5	1 0 1 1 0 0 0 0 1 0 1 0 0 0 0 1
200	12	1 1 1 1 1 0 0 0 1 0 0 0 0 0 0 1
200	11	1 0 1 1 0 0 0 1 1 0 0 1 0 0 0 0
200	3	1 0 1 1 1 0 0 0 1 0 1 1 0 0 0 1
200	3	0 0 1 1 1 1 0 0 1 0 1 0 0 0 0 0
200	8	1 1 1 1 1 0 0 0 1 0 1 1 0 0 0 1
200	12	1 1 1 1 1 0 0 1 0 0 0 1 1 0 0 0
200	7	1 0 1 1 0 0 0 1 1 1 0 0 0 0 0 0
200	31	1 1 1 1 1 0 0 0 1 0 1 1 1 0 0 0
200	11	0 1 1 1 0 0 0 0 1 0 0 0 0 0 0 0
200	2	1 1 1 1 0 0 0 1 1 0 1 0 0 0 0 0
200	19	1 1 1 1 0 1 0 0 1 0 0 0 0 0 0 0
200	1	0 1 1 1 1 0 0 0 0 0 0 1 0 0 0 0
200	2	1 1 1 1 1 0 0 0 0 0 1 1 1 0 0 0
200	5	0 1 1 1 0 0 0 0 1 0 0 0 1 1 0 0
200	13	1 1 1 1 0 0 0 0 1 0 0 1 0 0 0 1
200	13	1 1 1 1 0 0 0 0 1 0 1 0 0 1 0 0
200	7	1 0 1 1 0 0 0 0 1 0 0 0 1 0 0 0
200	29	0 1 1 1 0 0 0 0 1 0 0 0 0 0 0 1
200	14	1 0 0 1 0 0 0 0 1 1 0 0 0 0 0 0
200	26	1 1 1 1 1 0 0 1 1 0 1 1 0 0 0 1
200	13	1 0 1 1 0 0 1 1 1 0 0 1 0 1 0 0
200	11	1 1 1 1 0 0 1 0 1 0 0 0 1 0 0 0
200	5	1 1 1 1 0 0 0 0 1 0 0 0 0 1 1 0
200	3	1 0 1 1 0 0 0 0 1 0 1 1 1 0 0 0
200	3	1 1 1 1 0 0 0 1 1 0 0 0 0 0 0 0
200	2	1 0 1 1 0 0 0 0 0 0 0 1 0 1 0 0
200	12	1 1 1 1 1 0 1 0 1 0 0 0 0 0 0 0
200	10	1 1 1 1 0 0 1 1 1 0 0 1 0 1 0 0
200	1	1 0 1 1 0 0 0 0 1 0 1 1 0 0 0 1
200	3	1 0 1 1 0 0 0 0 1 0 0 1 0 0 0 1
200	6	1 1 1 1 0 1 0 0 1 0 0 0 0 1 0 0
200	1	0 1 1 1 1 0 0 0 0 0 1 1 0 0 0 0
200	3	1 1 0 1 0 1 1 0 1 0 0 0 0 0 0 0
200	2	1 1 0 1 0 0 0 0 1 1 1 0 1 0 0 1
200	4	1 1 1 1 1 0 0 0 1 0 0 1 0 0 0 0
200	2	0 0 1 1 1 1 0 1 0 0 1 0 0 0 0 0
200	1	1 0 1 1 0 0 0 1 1 0 0 0 0 1 1 1
200	8	1 1 1 0 0 0 0 0 1 0 0 0 0 0 0 0
200	9	0 0 1 1 0 0 0 1 1 0 1 0 0 1 0 0
200	8	1 0 1 1 0 0 0 0 0 0 0 1 1 0 0 0
200	14	0 1 1 1 1 0 0 0 0 0 0 1 1 0 0 0
200	5	0 1 1 1 0 0 0 0 0 1 1 0 0 0 0 0
200	2	1 0 1 1 0 0 0 0 0 1 1 0 0 0 0 1
200	2	1 0 1 0 0 0 0 0 1 0 1 1 0 0 0 0
200	3	1 0 1 1 0 0 0 0 1 0 1 0 0 1 0 0
200	2	1 0 1 1 0 0 0 0 1 0 1 1 0 0 0 0
200	4	1 1 1 1 1 0 0 0 0 0 0 1 1 0 0 1
200	10	0 0 1 1 0 0 0 1 1 0 0 0 0 0 0 1
200	4	1 0 1 1 0 0 0 0 1 0 1 0 0 0 1 1
200	8	1 1 1 1 0 0 0 0 0 1 1 0 0 0 0 1
200	9	1 0 0 1 0 0 0 0 1 0 1 1 0 0 0 0
200	6	1 1 1 1 0 1 0 0 1 0 0 1 0 0 0 1
200	1	1 0 1 1 0 0 0 1 1 0 1 0 0 0 0 1
200	2	1 0 1 1 1 1 0 0 0 0 0 0 1 1 0 0
200	5	1 0 0 1 0 0 0 0 1 1 1 1 0 1 1 0
200	3	1 1 1 1 1 0 0 0 0 0 0 0 1 0 0 0
200	7	1 0 0 1 0 0 0 1 1 0 0 0 0 0 0 0
200	1	1 1 1 1 1 0 0 0 1 0 1 0 0 0 0 0
200	4	0 1 1 1 0 0 0 0 1 0 0 0 0 1 0 1
200	1	1 1 1 1 1 0 1 0 1 0 0 0 0 0 0 1
200	7	1 1 1 1 1 0 0 0 0 0 0 1 0 1 0 0
200	3	1 0 1 1 0 0 0 1 1 0 0 0 1 1 0 0
200	2	1 1 1 1 1 0 0 0 0 0 1 1 0 0 0 0
200	1	1 0 0 1 0 0 0 0 0 1 1 1 0 0 0 0
200	5	1 1 1 1 0 0 0 0 1 0 0 0 0 1 0 1
200	2	1 1 1 1 1 0 0 0 1 0 1 0 1 0 0 0
200	1	0 1 1 1 0 0 0 0 0 0 0 0 0 0 0 1
200	1	1 1 1 1 1 0 0 1 1 0 0 0 0 0 0 0
200	2	1 1 1 1 0 1 1 0 1 0 0 0 0 1 0 0
200	3	1 1 1 1 0 0 0 0 1 0 1 1 1 0 0 0
200	1	1 1 1 0 0 0 0 0 0 0 0 1 0 1 0 0
200	2	1 0 1 1 0 0 0 1 1 1 0 0 0 0 0 1
200	3	0 1 1 1 1 0 0 0 1 0 0 0 0 0 0 1
200	1	1 0 0 1 1 0 0 0 1 1 1 1 0 1 1 0
200	1	1 0 1 1 0 0 0 1 1 0 0 0 1 0 0 0
200	1	1 0 1 1 1 0 0 0 1 0 0 0 0 0 0 1
200	2	1 1 1 1 1 0 0 1 1 1 0 0 0 0 0 0
200	1	1 1 1 1 0 0 0 1 1 0 1 0 0 0 0 1
200	1	1 1 1 1 0 0 0 0 1 0 0 1 1 0 0 0
200	2	0 1 1 1 0 0 0 0 1 0 1 1 0 0 0 1
200	2	1 0 1 1 0 0 0 0 0 0 0 1 1 0 0 1
200	1	1 1 1 1 0 0 0 0 1 0 1 1 0 1 0 0
200	4	1 1 1 1 0 0 1 0 1 0 1 0 0 0 0 0
200	2	1 1 1 1 1 0 0 0 1 0 1 1 0 0 1 1
200	2	1 0 1 1 0 0 1 1 1 0 1 1 0 1 0 0
200	3	1 1 1 1 1 0 0 0 0 1 0 1 1 0 0 1
210	93	1 1 1 1 1 0 0 0 0 0 0 1 1 0 0 0
210	44	1 0 1 1 0 0 0 1 1 0 0 0 0 0 0 0
210	52	1 1 1 1 0 0 0 0 1 0 0 0 0 0 0 0
210	15	1 0 1 0 0 0 0 1 1 1 0 0 0 0 0 0
210	30	1 1 1 1 0 0 0 0 1 0 0 1 0 1 0 0
210	33	1 1 1 1 0 0 1 0 1 0 0 0 0 0 0 0
210	22	1 0 1 1 0 0 0 0 1 0 0 1 1 0 0 0
210	82	1 1 1 1 0 0 0 0 1 0 0 0 0 0 0 1
210	14	0 1 1 1 0 0 0 0 1 1 1 0 0 0 0 0
210	6	0 0 1 1 0 0 0 0 1 1 1 0 0 0 1 0
210	48	1 0 1 1 0 0 0 1 1 0 0 0 0 0 0 1
210	58	1 1 1 1 1 0 0 0 1 0 1 1 0 0 0 0
210	4	1 0 0 1 0 0 0 0 0 1 1 0 0 0 0 1
210	1	1 1 0 1 1 0 0 0 1 0 1 0 0 0 0 0
210	4	1 0 1 1 0 0 0 0 1 0 1 0 0 0 0 1
210	4	1 1 1 1 1 0 0 0 1 0 0 0 0 0 0 1
210	13	0 0 1 1 1 1 0 0 1 0 1 0 0 0 0 0
210	11	1 1 1 1 1 0 0 0 1 0 1 1 0 0 0 1
210	7	1 1 1 1 1 0 0 1 0 0 0 1 1 0 0 0
210	13	1 0 1 1 0 0 0 1 1 1 0 0 0 0 0 0
210	11	1 1 1 1 1 0 0 0 1 0 1 1 1 0 0 0
210	27	1 1 1 1 0 1 0 0 1 0 0 0 0 0 0 0
210	8	0 1 1 1 0 0 0 0 1 0 0 0 1 1 0 0
210	19	1 1 1 1 0 0 0 0 1 0 0 1 0 0 0 1
210	7	1 0 1 1 0 0 0 0 1 0 0 0 1 0 0 0
210	3	0 1 1 1 0 0 0 0 1 0 0 0 0 0 0 1
210	3	1 0 0 1 0 0 0 0 1 1 0 0 0 0 0 0
210	7	1 1 1 1 1 0 0 1 1 0 1 1 0 0 0 1
210	5	1 0 1 1 0 0 1 1 1 0 0 1 0 1 0 0
210	3	1 1 1 1 0 0 1 0 1 0 0 0 1 0 0 0
210	2	1 1 1 1 0 0 0 0 1 0 0 0 0 1 1 0
210	15	1 1 1 1 1 0 1 0 1 0 0 0 0 0 0 0
210	8	1 1 1 1 0 0 1 1 1 0 0 1 0 1 0 0
210	6	1 1 0 1 0 1 1 0 1 0 0 0 0 0 0 0
210	4	1 1 1 1 1 0 0 0 1 0 0 1 0 0 0 0
210	1	1 1 1 0 0 0 0 0 1 0 0 0 0 0 0 0
210	1	0 0 1 1 0 0 0 1 1 0 1 0 0 1 0 0
210	3	0 1 1 1 1 0 0 0 0 0 0 1 1 0 0 0
210	1	0 1 1 1 0 0 0 0 0 1 1 0 0 0 0 0
210	20	1 1 1 1 1 0 0 0 0 0 0 1 1 0 0 1
210	12	0 0 1 1 0 0 0 1 1 0 0 0 0 0 0 1
210	10	1 1 1 1 0 0 0 0 0 1 1 0 0 0 0 1
210	1	1 0 0 1 0 0 0 0 1 0 1 1 0 0 0 0
210	1	1 0 1 1 1 1 0 0 0 0 0 0 1 1 0 0
210	5	1 1 1 1 1 0 1 0 1 0 0 0 0 0 0 1
210	3	1 1 1 1 1 0 0 0 0 0 0 1 0 1 0 0
210	2	1 0 1 1 0 0 0 1 1 0 0 0 1 1 0 0
210	10	1 1 1 1 1 0 0 1 1 1 0 0 0 0 0 0
210	11	1 1 1 1 0 0 1 0 1 0 1 0 0 0 0 0
210	19	1 0 1 1 0 0 1 1 1 0 1 1 0 1 0 0
210	30	1 1 1 1 1 0 0 0 1 0 0 1 1 0 0 0
210	15	1 0 1 0 0 0 0 0 0 0 0 1 1 0 0 0
210	2	1 0 1 0 0 0 0 1 1 0 0 0 0 0 0 0
210	8	1 1 1 1 0 1 0 0 1 0 0 0 0 0 0 1
210	5	1 1 1 1 0 0 0 0 1 1 1 0 0 0 0 0
210	4	1 1 1 1 1 0 0 1 1 0 1 0 0 0 0 1
210	1	1 1 1 1 0 0 0 0 1 1 1 0 0 0 1 0
210	7	1 1 1 1 0 0 1 0 1 0 1 0 0 1 0 0
210	1	0 1 1 1 1 0 0 1 1 0 0 0 0 0 0 1
210	2	1 1 1 1 0 0 0 0 1 0 0 0 1 1 1 0
210	2	1 1 0 1 1 0 0 1 1 0 1 0 0 0 0 0
210	10	1 1 1 1 0 0 1 1 1 0 0 1 0 0 0 0
210	2	1 1 1 1 0 0 0 0 0 0 0 1 0 1 0 0
210	15	1 1 1 1 1 0 0 1 1 0 0 0 0 0 0 1
210	3	1 0 1 0 0 0 0 1 1 1 0 0 1 0 0 0
210	3	1 1 1 1 0 0 1 0 1 0 0 0 0 1 0 0
210	1	1 0 1 1 0 0 1 1 1 0 0 0 0 0 0 1
210	1	1 1 1 1 0 0 0 1 1 0 0 0 0 0 0 1
210	3	1 1 1 1 0 0 0 0 1 0 1 1 0 0 0 0
210	13	1 1 1 1 0 1 1 0 1 0 0 0 0 0 0 0
210	1	1 1 1 1 0 1 0 0 1 0 1 0 0 0 0 0
210	4	0 1 1 1 0 0 0 0 0 0 0 0 0 0 0 1
210	5	1 1 1 1 1 1 0 1 1 0 1 1 0 0 0 1
210	4	0 1 1 1 0 0 0 0 0 1 1 1 0 0 0 0
210	6	1 1 1 1 0 0 0 0 1 1 1 0 0 0 0 1
210	1	1 1 1 1 1 0 0 0 0 0 0 1 1 1 1 0
210	1	1 1 1 1 1 0 0 0 0 1 1 0 0 0 0 0
210	11	1 1 1 1 1 0 0 0 1 0 0 0 1 1 1 0
210	2	1 0 1 1 0 0 0 0 1 0 1 0 0 0 0 0
210	2	1 0 1 1 0 1 0 1 1 0 1 1 0 0 0 1
210	1	1 0 1 1 1 1 0 1 1 0 1 1 0 0 0 1
210	1	1 1 0 1 1 0 0 0 0 0 0 1 1 0 0 0
210	1	1 1 1 1 1 1 0 0 1 0 1 1 1 0 0 0
210	5	1 1 1 1 0 0 1 1 1 0 0 1 0 1 0 1
210	3	0 0 1 1 1 0 0 0 0 0 0 1 1 0 0 0
210	4	1 0 1 1 1 0 0 0 1 0 0 0 0 0 0 0
210	6	1 1 0 1 0 0 1 0 1 0 0 0 0 0 0 0
210	2	0 1 1 1 1 0 0 0 0 0 0 1 1 0 0 1
210	1	1 1 1 1 0 0 1 0 1 1 1 0 0 0 0 0
210	1	1 0 1 0 0 0 1 1 1 0 1 1 0 1 0 0
210	1	1 1 1 1 1 0 0 0 1 0 0 1 1 0 1 0
210	3	1 0 1 1 0 0 0 0 1 1 0 0 0 0 0 0
210	3	1 1 1 1 1 0 1 1 1 0 0 1 0 1 0 1
210	3	1 0 1 1 0 0 0 0 1 0 0 0 0 0 0 0
210	3	1 0 1 1 0 0 0 0 1 0 0 0 0 0 0 1
210	1	1 1 1 1 0 0 1 0 1 0 0 1 0 1 0 0
210	3	1 0 1 0 0 0 0 1 1 1 0 0 1 1 0 0
210	1	1 0 1 1 1 0 0 0 0 0 0 1 1 0 0 0
210	1	1 1 1 1 1 0 1 0 0 0 0 1 1 0 0 0
210	2	1 1 1 1 1 0 0 0 1 0 1 1 1 0 0 1
210	1	0 1 1 1 0 0 0 0 1 1 0 0 0 0 0 1
210	4	1 1 1 1 0 1 1 0 1 0 0 0 1 0 0 0
210	1	1 1 1 0 1 0 1 0 1 0 0 0 0 0 0 0
210	1	1 0 1 1 0 0 0 1 1 0 0 0 0 1 0 0
220	34	1 1 1 1 1 0 0 0 0 0 0 1 1 0 0 0
220	25	1 0 1 1 0 0 0 1 1 0 0 0 0 0 0 0
220	77	1 1 1 1 0 0 0 0 1 0 0 0 0 0 0 0
220	8	1 0 1 0 0 0 0 1 1 1 0 0 0 0 0 0
220	14	1 1 1 1 0 0 0 0 1 0 0 1 0 1 0 0
220	28	1 1 1 1 0 0 1 0 1 0 0 0 0 0 0 0
220	7	1 0 1 1 0 0 0 0 1 0 0 1 1 0 0 0
220	54	1 1 1 1 0 0 0 0 1 0 0 0 0 0 0 1
220	22	0 1 1 1 0 0 0 0 1 1 1 0 0 0 0 0
220	64	1 0 1 1 0 0 0 1 1 0 0 0 0 0 0 1
220	53	1 1 1 1 1 0 0 0 1 0 1 1 0 0 0 0
220	10	0 0 1 1 1 1 0 0 1 0 1 0 0 0 0 0
220	4	1 1 1 1 1 0 0 0 1 0 1 1 0 0 0 1
220	8	1 1 1 1 1 0 0 1 0 0 0 1 1 0 0 0
220	14	1 0 1 1 0 0 0 1 1 1 0 0 0 0 0 0
220	21	1 1 1 1 1 0 0 0 1 0 1 1 1 0 0 0
220	38	1 1 1 1 0 1 0 0 1 0 0 0 0 0 0 0
220	9	0 1 1 1 0 0 0 0 1 0 0 0 1 1 0 0
220	14	1 1 1 1 0 0 0 0 1 0 0 1 0 0 0 1
220	16	1 0 1 1 0 0 0 0 1 0 0 0 1 0 0 0
220	1	1 0 0 1 0 0 0 0 1 1 0 0 0 0 0 0
220	6	1 0 1 1 0 0 1 1 1 0 0 1 0 1 0 0
220	13	1 1 1 1 1 0 1 0 1 0 0 0 0 0 0 0
220	3	1 1 1 1 0 0 1 1 1 0 0 1 0 1 0 0
220	6	0 0 1 1 0 0 0 1 1 0 1 0 0 1 0 0
220	3	0 1 1 1 1 0 0 0 0 0 0 1 1 0 0 0
220	25	1 1 1 1 1 0 0 0 0 0 0 1 1 0 0 1
220	12	0 0 1 1 0 0 0 1 1 0 0 0 0 0 0 1
220	15	1 1 1 1 0 0 0 0 0 1 1 0 0 0 0 1
220	9	1 1 1 1 1 0 1 0 1 0 0 0 0 0 0 1
220	11	1 1 1 1 1 0 0 0 0 0 0 1 0 1 0 0
220	5	1 1 1 1 1 0 0 1 1 1 0 0 0 0 0 0
220	15	1 1 1 1 0 0 1 0 1 0 1 0 0 0 0 0
220	23	1 0 1 1 0 0 1 1 1 0 1 1 0 1 0 0
220	23	1 1 1 1 1 0 0 0 1 0 0 1 1 0 0 0
220	3	1 0 1 0 0 0 0 0 0 0 0 1 1 0 0 0
220	11	1 1 1 1 0 1 0 0 1 0 0 0 0 0 0 1
220	2	1 1 1 1 0 0 1 0 1 0 1 0 0 1 0 0
220	1	1 1 1 1 0 0 0 0 1 0 0 0 1 1 1 0
220	7	1 1 0 1 1 0 0 1 1 0 1 0 0 0 0 0
220	7	1 1 1 1 0 0 0 0 0 0 0 1 0 1 0 0
220	15	1 1 1 1 1 0 0 1 1 0 0 0 0 0 0 1
220	35	1 1 1 1 0 1 1 0 1 0 0 0 0 0 0 0
220	2	1 1 1 1 0 1 0 0 1 0 1 0 0 0 0 0
220	2	1 1 1 1 1 1 0 1 1 0 1 1 0 0 0 1
220	4	0 1 1 1 0 0 0 0 0 1 1 1 0 0 0 0
220	11	1 1 1 1 1 0 0 0 0 1 1 0 0 0 0 0
220	1	1 0 1 1 0 0 0 0 1 0 1 0 0 0 0 0
220	2	1 1 0 1 0 0 1 0 1 0 0 0 0 0 0 0
220	7	1 0 1 1 0 0 0 0 1 0 0 0 0 0 0 0
220	1	1 1 1 1 0 1 1 0 1 0 0 0 1 0 0 0
220	2	1 0 1 0 0 0 0 0 1 0 0 0 0 0 0 1
220	1	1 0 1 1 0 0 0 1 1 0 0 0 0 0 1 0
220	6	1 1 1 1 1 0 0 0 1 0 0 0 0 0 0 0
220	19	1 1 1 1 0 0 1 0 1 0 0 0 0 0 1 0
220	3	1 1 1 1 0 0 0 0 1 0 1 0 0 0 0 1
220	7	1 1 1 1 0 0 1 0 1 0 0 1 0 0 0 1
220	2	1 1 1 1 1 0 0 0 0 0 0 1 0 0 0 0
220	3	1 1 1 1 0 0 0 0 1 0 0 1 0 1 0 1
220	1	1 1 1 0 0 0 1 0 1 0 0 0 0 0 0 0
220	5	1 0 1 1 0 1 0 1 1 0 0 0 0 0 0 1
220	5	1 1 1 1 0 0 1 0 1 0 0 0 0 0 0 1
220	9	1 1 1 1 1 0 0 0 0 1 0 1 1 0 0 0
220	3	1 0 1 1 0 1 0 0 1 0 0 1 1 0 0 0
220	10	1 1 1 0 0 0 0 0 1 0 0 0 0 0 0 1
220	3	0 1 1 1 0 0 0 0 1 1 0 0 0 0 0 1
220	2	0 1 1 1 0 0 1 0 1 0 1 0 0 0 0 0
220	2	1 1 1 1 1 0 0 0 1 0 1 1 1 1 0 1
220	4	1 0 1 1 0 0 1 0 1 0 1 0 0 0 0 0
220	10	1 0 0 1 0 0 0 1 0 1 1 0 0 0 0 1
220	3	1 0 1 1 1 0 0 0 1 0 0 0 0 0 0 0
220	1	1 1 1 1 1 0 0 0 0 0 0 0 0 0 0 0
220	4	1 1 1 1 0 0 0 0 1 0 1 1 1 0 0 0
220	9	1 1 1 1 0 0 0 0 1 0 0 0 1 0 0 0
220	13	1 1 1 1 1 0 0 0 1 0 0 0 0 0 0 1
220	3	0 1 1 1 0 0 0 0 1 0 0 0 0 0 0 0
220	4	1 1 1 1 0 0 1 0 1 0 0 0 1 0 1 0
220	10	1 1 1 1 0 0 0 1 1 0 0 0 0 0 0 1
220	5	0 0 1 1 0 0 0 1 1 0 0 0 0 0 0 0
220	2	1 1 1 1 0 0 0 0 1 0 0 0 0 0 1 0
220	1	1 1 1 0 1 0 0 0 1 0 1 1 1 0 0 0
220	4	1 0 1 1 0 1 0 1 1 0 1 0 0 0 0 1
220	5	1 1 1 1 1 0 0 0 1 0 1 0 0 0 0 0
220	2	1 0 1 1 0 0 0 0 0 1 1 0 0 0 0 1
220	1	1 0 1 1 0 0 0 0 1 0 0 1 0 1 0 0
220	3	1 0 1 1 0 0 0 1 1 0 0 1 1 0 0 0
220	1	1 1 1 1 1 0 0 0 1 1 0 1 1 0 0 0
220	1	1 0 1 1 0 0 0 0 1 0 1 1 0 0 0 0
220	4	1 1 1 1 0 0 0 1 1 0 0 0 0 0 0 0
220	1	1 0 1 1 0 0 0 1 1 0 0 0 0 0 1 1
220	2	1 1 1 1 1 0 1 1 1 0 0 0 0 0 0 0
220	3	1 1 1 0 0 0 0 0 0 1 1 0 0 0 0 1
220	2	1 0 1 0 0 0 0 0 0 0 0 1 1 0 1 0
220	1	1 1 1 1 1 0 1 0 1 0 1 0 0 0 0 0
220	2	1 1 1 1 0 0 0 0 1 1 1 0 0 0 0 0
220	1	0 1 1 1 0 0 0 0 1 1 1 0 1 0 0 0
220	2	1 0 1 1 0 0 0 0 1 0 0 0 0 0 0 1
220	1	1 1 0 1 1 0 0 0 1 0 1 1 0 0 0 0
220	1	1 0 1 1 0 0 0 0 1 0 0 0 1 0 0 1
220	1	1 1 1 1 1 0 0 0 0 0 1 1 1 0 0 1
220	2	0 0 1 1 0 0 0 1 1 0 0 0 1 0 0 1
220	2	1 0 1 1 0 0 1 1 0 0 1 1 0 1 0 0
220	1	1 1 1 0 0 0 0 0 1 0 1 0 0 0 0 1
220	2	1 1 1 0 0 0 0 0 1 0 1 1 0 0 0 1
220	1	1 1 1 0 0 0 0 0 1 0 0 0 0 1 0 1
220	1	1 1 1 1 1 0 0 0 0 0 0 0 0 1 0 0
230	29	1 1 1 1 1 0 0 0 0 0 0 1 1 0 0 0
230	9	1 0 1 1 0 0 0 1 1 0 0 0 0 0 0 0
230	54	1 1 1 1 0 0 0 0 1 0 0 0 0 0 0 0
230	1	1 0 1 0 0 0 0 1 1 1 0 0 0 0 0 0
230	11	1 1 1 1 0 0 0 0 1 0 0 1 0 1 0 0
230	24	1 1 1 1 0 0 1 0 1 0 0 0 0 0 0 0
230	10	1 0 1 1 0 0 0 0 1 0 0 1 1 0 0 0
230	45	1 1 1 1 0 0 0 0 1 0 0 0 0 0 0 1
230	29	0 1 1 1 0 0 0 0 1 1 1 0 0 0 0 0
230	57	1 0 1 1 0 0 0 1 1 0 0 0 0 0 0 1
230	63	1 1 1 1 1 0 0 0 1 0 1 1 0 0 0 0
230	8	0 0 1 1 1 1 0 0 1 0 1 0 0 0 0 0
230	14	1 1 1 1 1 0 0 0 1 0 1 1 0 0 0 1
230	2	1 1 1 1 1 0 0 1 0 0 0 1 1 0 0 0
230	11	1 0 1 1 0 0 0 1 1 1 0 0 0 0 0 0
230	10	1 1 1 1 1 0 0 0 1 0 1 1 1 0 0 0
230	1	1 1 1 1 0 1 0 0 1 0 0 0 0 0 0 0
230	8	0 1 1 1 0 0 0 0 1 0 0 0 1 1 0 0
230	11	1 0 1 1 0 0 0 0 1 0 0 0 1 0 0 0
230	2	1 0 1 1 0 0 1 1 1 0 0 1 0 1 0 0
230	23	1 1 1 1 1 0 1 0 1 0 0 0 0 0 0 0
230	3	1 1 1 1 0 0 1 1 1 0 0 1 0 1 0 0
230	4	0 0 1 1 0 0 0 1 1 0 1 0 0 1 0 0
230	8	1 1 1 1 1 0 0 0 0 0 0 1 1 0 0 1
230	3	0 0 1 1 0 0 0 1 1 0 0 0 0 0 0 1
230	11	1 1 1 1 0 0 0 0 0 1 1 0 0 0 0 1
230	15	1 1 1 1 1 0 1 0 1 0 0 0 0 0 0 1
230	10	1 1 1 1 1 0 0 0 0 0 0 1 0 1 0 0
230	5	1 1 1 1 1 0 0 1 1 1 0 0 0 0 0 0
230	16	1 1 1 1 0 0 1 0 1 0 1 0 0 0 0 0
230	18	1 0 1 1 0 0 1 1 1 0 1 1 0 1 0 0
230	13	1 1 1 1 1 0 0 0 1 0 0 1 1 0 0 0
230	24	1 1 1 1 0 1 0 0 1 0 0 0 0 0 0 1
230	2	1 1 1 1 0 0 0 0 1 0 0 0 1 1 1 0
230	4	1 1 0 1 1 0 0 1 1 0 1 0 0 0 0 0
230	33	1 1 1 1 1 0 0 1 1 0 0 0 0 0 0 1
230	30	1 1 1 1 0 1 1 0 1 0 0 0 0 0 0 0
230	4	0 1 1 1 0 0 0 0 0 1 1 1 0 0 0 0
230	8	1 1 1 1 1 0 0 0 0 1 1 0 0 0 0 0
230	5	1 1 0 1 0 0 1 0 1 0 0 0 0 0 0 0
230	12	1 0 1 1 0 0 0 0 1 0 0 0 0 0 0 0
230	7	1 0 1 0 0 0 0 0 1 0 0 0 0 0 0 1
230	1	1 1 1 1 1 0 0 0 1 0 0 0 0 0 0 0
230	9	1 1 1 1 0 0 1 0 1 0 0 0 0 0 1 0
230	20	1 1 1 1 0 0 1 0 1 0 0 0 0 0 0 1
230	4	1 1 1 1 1 0 0 0 0 1 0 1 1 0 0 0
230	16	1 1 1 0 0 0 0 0 1 0 0 0 0 0 0 1
230	5	0 1 1 1 0 0 1 0 1 0 1 0 0 0 0 0
230	1	1 0 0 1 0 0 0 1 0 1 1 0 0 0 0 1
230	4	1 0 1 1 1 0 0 0 1 0 0 0 0 0 0 0
230	26	1 1 1 1 1 0 0 0 1 0 0 0 0 0 0 1
230	7	0 0 1 1 0 0 0 1 1 0 0 0 0 0 0 0
230	3	1 1 1 1 0 0 0 0 1 0 0 0 0 0 1 0
230	1	1 0 1 1 0 1 0 1 1 0 1 0 0 0 0 1
230	10	1 0 1 1 0 0 0 1 1 0 0 1 1 0 0 0
230	5	1 1 1 1 0 0 0 1 1 0 0 0 0 0 0 0
230	3	1 0 1 1 0 0 0 0 1 0 0 0 0 0 0 1
230	2	1 1 0 1 1 0 0 0 1 0 1 1 0 0 0 0
230	4	0 0 1 1 0 0 0 1 1 0 0 0 1 0 0 1
230	9	1 0 1 1 0 0 1 1 0 0 1 1 0 1 0 0
230	8	1 1 1 0 0 0 0 0 1 0 0 0 0 1 0 1
230	2	1 0 0 1 0 0 0 1 0 1 1 0 0 0 0 0
230	1	1 1 1 1 0 0 0 0 1 0 0 0 1 0 0 1
230	3	1 0 1 1 1 0 0 1 1 1 0 0 0 0 0 0
230	5	1 1 1 1 0 0 0 0 1 0 0 1 1 0 0 1
230	5	1 0 0 1 0 0 0 0 1 0 0 0 1 0 0 0
230	10	1 1 1 1 0 1 1 1 1 0 0 0 0 0 0 0
230	7	1 1 1 1 0 0 1 0 1 0 0 0 0 0 1 1
230	4	1 0 1 1 0 0 0 1 1 1 0 0 0 0 1 0
230	2	1 1 1 1 1 1 0 0 1 0 0 0 0 0 0 1
230	5	1 1 1 1 1 0 0 1 1 0 1 0 0 1 0 0
230	8	0 1 1 1 0 0 0 0 0 0 0 1 0 1 0 0
230	15	1 0 1 1 0 1 1 1 1 0 0 0 0 0 0 0
230	2	1 1 1 1 0 0 0 0 0 0 1 0 0 0 0 1
230	3	1 1 1 1 0 0 0 0 1 0 0 1 1 0 0 0
230	16	1 1 1 1 0 0 0 1 1 1 0 0 0 0 0 0
230	1	0 1 1 1 0 0 0 1 1 0 0 0 1 1 0 0
230	3	1 1 1 1 1 0 0 0 0 0 0 1 1 1 0 0
230	1	1 1 1 1 0 0 0 0 0 0 0 1 1 0 0 0
230	3	1 0 1 1 1 0 0 1 1 0 0 0 0 0 0 1
230	1	0 0 0 1 0 0 0 0 1 0 0 0 1 0 0 0
230	3	1 0 1 1 1 0 0 0 1 0 0 1 1 0 0 0
230	1	1 0 1 1 0 0 0 0 1 0 0 1 0 1 0 0
230	4	1 0 0 1 0 0 0 1 1 0 0 0 0 0 0 1
230	3	1 1 1 1 1 0 1 0 1 0 1 1 0 0 0 0
230	3	1 1 1 1 1 0 1 0 1 0 0 1 0 0 0 0
230	1	1 0 0 1 0 1 0 1 0 1 1 0 0 0 0 1
230	1	0 0 1 1 0 0 0 0 1 0 0 0 0 0 0 0
230	5	1 0 1 0 1 0 0 0 1 0 1 1 0 0 0 0
230	4	1 0 0 1 0 0 0 0 1 0 0 1 1 0 0 0
230	2	0 1 1 1 0 0 0 0 0 0 0 0 0 1 0 0
230	2	0 1 1 1 0 0 0 1 1 0 0 0 1 1 1 0
230	1	1 1 1 1 0 0 0 0 1 0 1 1 0 1 0 0
230	1	1 0 1 1 0 0 1 1 1 0 1 1 0 0 0 1
230	5	1 1 1 1 1 0 1 0 1 1 0 0 0 0 0 1
230	1	1 1 1 1 1 0 0 0 0 0 0 1 0 1 0 1
230	1	1 0 1 1 0 0 1 0 1 0 0 0 0 0 0 0
230	2	1 0 1 1 0 1 0 0 1 0 0 0 0 0 0 0
230	5	1 0 0 1 0 0 0 0 1 0 0 0 0 0 0 0
230	1	1 0 1 1 0 0 0 0 0 0 0 1 0 1 0 0
230	1	1 1 1 1 0 1 0 0 1 0 0 1 1 0 0 0
230	1	1 1 1 1 1 0 0 1 1 0 0 0 1 0 0 0
230	2	0 0 1 1 0 0 0 0 1 0 0 1 1 0 0 0
230	1	1 0 1 1 1 0 0 0 1 0 0 0 0 0 0 1
230	2	1 1 1 1 1 0 0 0 0 0 0 1 0 0 0 0
230	2	1 1 1 1 0 0 0 0 0 0 0 1 0 1 0 0
230	3	1 0 1 1 0 0 0 0 1 0 0 1 0 0 0 0
230	2	1 1 1 1 0 1 0 0 1 1 0 0 0 0 0 0
230	5	1 1 1 1 1 0 0 0 0 0 0 1 0 1 1 0
230	4	1 1 1 1 1 0 1 0 1 0 1 0 0 0 0 0
230	4	1 1 1 1 0 1 0 1 1 0 0 0 0 0 0 1
230	1	1 1 1 1 0 0 1 0 1 0 0 0 1 1 1 0
230	2	1 1 1 1 0 1 1 0 1 0 0 1 0 0 0 0
230	4	1 0 0 1 1 0 0 1 0 1 1 0 0 0 0 1
230	1	1 1 1 1 0 0 0 0 1 0 0 1 0 0 1 0
230	1	1 1 1 0 0 1 0 0 1 0 0 0 0 1 0 1
230	1	0 0 1 1 0 0 0 0 1 0 1 1 0 0 0 0
230	1	0 0 1 1 0 0 0 1 1 0 0 0 1 0 0 0
230	2	0 0 0 1 0 0 0 0 1 0 0 0 0 0 0 0
230	1	1 0 1 1 0 0 0 1 1 0 1 0 0 0 0 1
230	1	1 1 1 0 1 0 0 0 1 0 1 1 0 0 0 0
230	1	1 1 1 1 0 0 0 0 1 0 1 1 0 0 0 0
230	1	0 0 1 1 1 1 0 0 1 0 1 0 1 0 0 0
230	2	1 0 1 1 1 0 0 1 0 0 0 1 1 0 0 0
230	1	1 0 1 1 0 0 1 1 1 0 0 1 0 1 1 0
230	4	1 1 1 0 1 0 1 0 1 0 0 0 0 0 0 0
230	2	1 1 1 1 1 0 1 0 1 0 0 0 0 1 0 1
230	2	1 0 1 1 0 1 0 0 1 0 0 0 0 0 0 1
230	1	1 1 1 0 1 0 0 1 1 0 0 0 0 0 0 1
230	2	0 0 1 0 0 0 0 1 1 0 0 0 0 0 0 0
230	3	0 0 1 1 1 0 0 1 1 1 0 0 0 0 0 0
230	1	1 1 0 1 0 0 0 1 1 1 0 0 0 0 0 0
240	24	1 1 1 1 1 0 0 0 0 0 0 1 1 0 0 0
240	6	1 0 1 1 0 0 0 1 1 0 0 0 0 0 0 0
240	62	1 1 1 1 0 0 0 0 1 0 0 0 0 0 0 0
240	24	1 1 1 1 0 0 1 0 1 0 0 0 0 0 0 0
240	32	1 1 1 1 0 0 0 0 1 0 0 0 0 0 0 1
240	38	0 1 1 1 0 0 0 0 1 1 1 0 0 0 0 0
240	26	1 0 1 1 0 0 0 1 1 0 0 0 0 0 0 1
240	79	1 1 1 1 1 0 0 0 1 0 1 1 0 0 0 0
240	2	0 0 1 1 1 1 0 0 1 0 1 0 0 0 0 0
240	7	1 1 1 1 1 0 0 0 1 0 1 1 0 0 0 1
240	24	1 0 1 1 0 0 0 1 1 1 0 0 0 0 0 0
240	7	0 1 1 1 0 0 0 0 1 0 0 0 1 1 0 0
240	6	1 0 1 1 0 0 0 0 1 0 0 0 1 0 0 0
240	3	1 0 1 1 0 0 1 1 1 0 0 1 0 1 0 0
240	32	1 1 1 1 1 0 1 0 1 0 0 0 0 0 0 0
240	3	1 1 1 1 1 0 0 0 0 0 0 1 1 0 0 1
240	15	1 1 1 1 0 0 0 0 0 1 1 0 0 0 0 1
240	14	1 1 1 1 1 0 1 0 1 0 0 0 0 0 0 1
240	1	1 1 1 1 1 0 0 0 0 0 0 1 0 1 0 0
240	3	1 1 1 1 0 0 1 0 1 0 1 0 0 0 0 0
240	14	1 0 1 1 0 0 1 1 1 0 1 1 0 1 0 0
240	4	1 1 1 1 0 1 0 0 1 0 0 0 0 0 0 1
240	21	1 1 0 1 1 0 0 1 1 0 1 0 0 0 0 0
240	20	1 1 1 1 1 0 0 1 1 0 0 0 0 0 0 1
240	43	1 1 1 1 0 1 1 0 1 0 0 0 0 0 0 0
240	9	0 1 1 1 0 0 0 0 0 1 1 1 0 0 0 0
240	3	1 1 1 1 1 0 0 0 0 1 1 0 0 0 0 0
240	20	1 1 0 1 0 0 1 0 1 0 0 0 0 0 0 0
240	6	1 0 1 1 0 0 0 0 1 0 0 0 0 0 0 0
240	28	1 0 1 0 0 0 0 0 1 0 0 0 0 0 0 1
240	5	1 1 1 1 1 0 0 0 1 0 0 0 0 0 0 0
240	10	1 1 1 1 0 0 1 0 1 0 0 0 0 0 1 0
240	32	1 1 1 1 0 0 1 0 1 0 0 0 0 0 0 1
240	3	1 1 1 1 1 0 0 0 0 1 0 1 1 0 0 0
240	16	1 1 1 0 0 0 0 0 1 0 0 0 0 0 0 1
240	1	0 1 1 1 0 0 1 0 1 0 1 0 0 0 0 0
240	30	1 1 1 1 1 0 0 0 1 0 0 0 0 0 0 1
240	8	0 0 1 1 0 0 0 1 1 0 0 0 0 0 0 0
240	7	1 0 1 1 0 0 0 0 1 0 0 0 0 0 0 1
240	6	1 1 0 1 1 0 0 0 1 0 1 1 0 0 0 0
240	1	1 0 0 1 0 0 0 1 0 1 1 0 0 0 0 0
240	3	1 0 1 1 1 0 0 1 1 1 0 0 0 0 0 0
240	6	1 1 1 1 0 0 1 0 1 0 0 0 0 0 1 1
240	20	1 0 1 1 0 1 1 1 1 0 0 0 0 0 0 0
240	5	1 1 1 1 0 0 0 0 0 0 1 0 0 0 0 1
240	14	1 1 1 1 0 0 0 0 1 0 0 1 1 0 0 0
240	9	1 1 1 1 0 0 0 1 1 1 0 0 0 0 0 0
240	5	1 1 1 1 1 0 0 0 0 0 0 1 1 1 0 0
240	1	0 0 1 1 0 0 0 0 1 0 0 0 0 0 0 0
240	2	1 0 0 1 0 0 0 0 1 0 0 1 1 0 0 0
240	4	1 1 1 1 0 0 0 0 1 0 1 1 0 1 0 0
240	3	1 1 1 1 1 0 1 0 1 1 0 0 0 0 0 1
240	2	1 0 1 1 0 0 1 0 1 0 0 0 0 0 0 0
240	20	1 1 1 1 0 1 0 0 1 0 0 1 1 0 0 0
240	7	1 1 1 1 1 0 0 0 0 0 0 1 0 0 0 0
240	2	1 0 1 1 0 0 0 0 1 0 0 1 0 0 0 0
240	2	1 1 1 1 0 1 0 0 1 1 0 0 0 0 0 0
240	22	1 1 1 1 0 1 0 1 1 0 0 0 0 0 0 1
240	2	1 1 1 0 0 1 0 0 1 0 0 0 0 1 0 1
240	5	0 0 0 1 0 0 0 0 1 0 0 0 0 0 0 0
240	10	0 0 1 1 1 1 0 0 1 0 1 0 1 0 0 0
240	3	1 1 1 0 1 0 1 0 1 0 0 0 0 0 0 0
240	9	0 0 1 1 1 0 0 1 1 1 0 0 0 0 0 0
240	4	1 1 0 1 0 0 0 1 1 1 0 0 0 0 0 0
240	1	0 1 1 1 1 0 0 0 1 0 1 1 1 0 0 0
240	3	1 1 1 1 0 0 0 0 1 0 0 1 0 0 0 0
240	19	1 1 1 1 1 0 0 1 1 0 1 1 0 0 0 0
240	3	0 0 1 1 1 0 0 0 1 0 0 0 0 0 0 0
240	7	1 1 1 1 0 0 0 0 1 1 0 0 0 0 0 0
240	4	1 0 1 1 1 0 1 0 1 0 1 0 0 0 0 0
240	2	1 0 1 1 0 0 0 1 1 1 0 0 0 0 0 1
240	3	1 1 1 1 0 0 0 0 1 0 1 0 0 0 0 1
240	10	1 1 1 0 0 0 0 0 1 0 0 0 0 0 0 0
240	5	1 1 1 1 1 0 0 0 1 1 1 0 0 0 0 0
240	2	1 0 1 1 1 0 0 0 1 0 1 0 0 0 0 0
240	4	1 0 1 1 0 0 1 0 1 0 1 0 0 0 0 0
240	7	1 1 1 1 1 0 0 1 1 0 0 0 0 0 0 0
240	4	0 1 1 1 0 0 0 0 1 1 1 0 1 0 0 0
240	4	1 1 1 1 1 0 1 0 0 0 0 0 0 0 0 1
240	1	1 0 1 1 1 0 0 0 1 1 1 0 0 0 0 0
240	1	1 1 1 1 0 0 0 1 1 1 0 0 0 0 0 1
240	7	1 1 1 1 0 0 0 1 1 0 0 0 0 0 0 1
240	9	1 1 1 1 0 0 0 0 1 1 1 0 0 0 0 0
240	6	1 1 1 1 1 0 0 0 0 1 1 0 0 0 0 1
240	6	1 1 1 1 1 0 1 1 1 0 0 0 0 0 0 1
240	1	1 1 1 1 0 0 0 1 1 1 0 1 0 0 0 0
240	2	0 1 1 1 0 0 0 0 1 0 0 0 1 0 0 0
240	2	0 1 1 1 1 1 0 0 1 0 1 0 0 0 0 0
240	2	1 0 1 1 0 0 1 1 1 0 1 1 1 1 0 0
240	1	0 1 1 1 0 0 0 1 0 1 1 1 0 0 0 0
240	1	1 0 1 1 1 0 0 0 0 1 1 0 0 0 0 0
240	4	1 1 1 1 1 0 1 0 1 1 0 0 0 1 0 1
240	2	1 1 1 1 1 0 1 0 1 1 0 0 0 0 0 0
240	1	1 0 1 1 0 0 0 1 1 1 0 1 0 0 0 0
240	3	1 0 1 1 0 0 1 1 1 0 1 1 0 1 0 1
240	2	1 1 1 1 0 0 1 0 0 0 0 0 0 0 0 1
240	2	1 1 0 1 0 0 0 0 1 1 1 0 0 0 0 0
240	4	0 1 1 1 0 0 0 0 1 1 0 0 0 0 0 1
240	2	1 0 1 1 0 0 1 0 1 0 0 0 0 0 0 1
240	1	1 1 0 1 1 0 0 1 1 0 1 0 0 0 0 1
240	2	1 1 1 1 0 1 0 0 1 0 0 0 0 0 0 0
240	2	1 1 1 1 1 0 0 0 0 0 0 1 1 0 1 0
240	1	1 1 1 1 0 1 0 0 0 1 1 0 0 0 0 1
240	1	1 1 1 1 0 1 1 0 1 0 0 1 1 0 0 0
240	1	0 0 1 1 1 1 0 0 1 0 1 0 1 0 1 0
250	1	1 0 1 1 0 0 0 1 1 0 0 0 0 0 0 0
250	66	1 1 1 1 0 0 0 0 1 0 0 0 0 0 0 0
250	20	1 1 1 1 0 0 1 0 1 0 0 0 0 0 0 0
250	4	1 1 1 1 0 0 0 0 1 0 0 0 0 0 0 1
250	22	0 1 1 1 0 0 0 0 1 1 1 0 0 0 0 0
250	25	1 0 1 1 0 0 0 1 1 0 0 0 0 0 0 1
250	106	1 1 1 1 1 0 0 0 1 0 1 1 0 0 0 0
250	31	1 0 1 1 0 0 0 1 1 1 0 0 0 0 0 0
250	1	1 0 1 1 0 0 0 0 1 0 0 0 1 0 0 0
250	84	1 1 1 1 1 0 1 0 1 0 0 0 0 0 0 0
250	10	1 1 1 1 1 0 0 0 0 0 0 1 1 0 0 1
250	19	1 1 1 1 0 0 0 0 0 1 1 0 0 0 0 1
250	23	1 1 1 1 1 0 1 0 1 0 0 0 0 0 0 1
250	21	1 0 1 1 0 0 1 1 1 0 1 1 0 1 0 0
250	4	1 1 1 1 0 1 0 0 1 0 0 0 0 0 0 1
250	10	1 1 0 1 1 0 0 1 1 0 1 0 0 0 0 0
250	12	1 1 1 1 1 0 0 1 1 0 0 0 0 0 0 1
250	28	1 1 1 1 0 1 1 0 1 0 0 0 0 0 0 0
250	18	0 1 1 1 0 0 0 0 0 1 1 1 0 0 0 0
250	10	1 1 0 1 0 0 1 0 1 0 0 0 0 0 0 0
250	5	1 0 1 0 0 0 0 0 1 0 0 0 0 0 0 1
250	2	1 1 1 1 1 0 0 0 1 0 0 0 0 0 0 0
250	1	1 1 1 1 0 0 1 0 1 0 0 0 0 0 1 0
250	25	1 1 1 1 0 0 1 0 1 0 0 0 0 0 0 1
250	43	1 1 1 0 0 0 0 0 1 0 0 0 0 0 0 1
250	10	1 1 1 1 1 0 0 0 1 0 0 0 0 0 0 1
250	10	0 0 1 1 0 0 0 1 1 0 0 0 0 0 0 0
250	13	1 0 1 1 0 0 0 0 1 0 0 0 0 0 0 1
250	5	1 1 0 1 1 0 0 0 1 0 1 1 0 0 0 0
250	4	1 0 1 1 1 0 0 1 1 1 0 0 0 0 0 0
250	1	1 1 1 1 0 0 1 0 1 0 0 0 0 0 1 1
250	16	1 0 1 1 0 1 1 1 1 0 0 0 0 0 0 0
250	3	1 1 1 1 0 0 0 0 0 0 1 0 0 0 0 1
250	7	1 1 1 1 0 0 0 0 1 0 0 1 1 0 0 0
250	11	1 1 1 1 0 0 0 1 1 1 0 0 0 0 0 0
250	1	0 0 1 1 0 0 0 0 1 0 0 0 0 0 0 0
250	1	1 1 1 1 0 0 0 0 1 0 1 1 0 1 0 0
250	2	1 1 1 1 0 1 0 0 1 0 0 1 1 0 0 0
250	18	1 1 1 1 0 1 0 1 1 0 0 0 0 0 0 1
250	4	0 0 1 1 1 1 0 0 1 0 1 0 1 0 0 0
250	1	1 1 1 0 1 0 1 0 1 0 0 0 0 0 0 0
250	1	0 0 1 1 1 0 0 1 1 1 0 0 0 0 0 0
250	7	1 1 0 1 0 0 0 1 1 1 0 0 0 0 0 0
250	23	1 1 1 1 1 0 0 1 1 0 1 1 0 0 0 0
250	11	0 0 1 1 1 0 0 0 1 0 0 0 0 0 0 0
250	1	1 0 1 1 1 0 1 0 1 0 1 0 0 0 0 0
250	12	1 1 1 0 0 0 0 0 1 0 0 0 0 0 0 0
250	10	1 1 1 1 1 0 0 0 1 1 1 0 0 0 0 0
250	7	0 1 1 1 0 0 0 0 1 1 1 0 1 0 0 0
250	7	1 1 1 1 1 0 1 0 0 0 0 0 0 0 0 1
250	7	1 1 1 1 0 0 0 1 1 0 0 0 0 0 0 1
250	24	1 1 1 1 0 0 0 0 1 1 1 0 0 0 0 0
250	3	1 1 1 1 1 0 0 0 0 1 1 0 0 0 0 1
250	6	1 1 1 1 0 0 1 0 0 0 0 0 0 0 0 1
250	5	1 0 1 1 0 0 1 0 1 0 0 0 0 0 0 1
250	1	1 1 1 1 0 1 0 0 0 1 1 0 0 0 0 1
250	5	1 1 0 1 0 0 1 0 1 0 0 0 0 0 0 1
250	2	1 1 1 1 1 0 0 0 1 0 1 1 0 1 0 0
250	1	1 0 1 1 1 0 1 1 1 0 1 1 1 1 0 0
250	10	1 1 1 1 0 0 0 0 0 0 0 1 1 0 0 0
250	7	1 1 1 1 1 0 0 0 0 0 0 0 0 0 0 1
250	7	1 1 1 1 0 1 0 0 1 0 0 0 1 0 0 0
250	9	1 1 0 1 0 0 0 0 1 0 0 0 0 0 0 1
250	5	1 0 1 1 0 0 0 0 1 1 1 0 0 0 0 0
250	10	1 1 1 1 1 0 0 0 1 0 1 1 0 0 1 0
250	2	1 1 1 1 0 0 0 0 0 1 1 1 0 0 0 1
250	2	1 1 1 1 0 0 1 0 1 0 0 1 1 0 0 0
250	1	1 0 1 1 1 0 0 0 0 1 0 1 1 0 0 0
250	6	1 1 1 1 0 0 0 0 1 0 0 1 1 0 0 1
250	3	0 1 1 1 0 0 0 0 1 1 0 1 0 0 0 0
250	5	1 0 1 1 1 0 1 1 1 0 1 1 0 1 0 0
250	10	1 0 1 1 1 0 0 1 1 1 1 1 0 0 0 0
250	2	0 1 1 1 1 0 0 0 1 1 0 0 0 0 0 1
250	1	1 1 1 1 0 0 0 0 0 1 1 1 0 0 0 0
250	1	0 1 1 1 0 0 0 0 1 1 0 0 0 0 0 0
250	3	0 1 1 1 0 0 1 0 1 0 0 0 0 0 0 0
250	2	1 1 1 1 0 0 0 0 0 0 0 0 0 0 0 1
250	1	1 0 1 1 0 0 0 1 1 0 0 0 0 1 0 0
250	5	1 1 1 1 1 0 1 0 1 0 1 1 0 1 0 0
250	3	1 1 1 0 0 1 1 1 1 0 0 0 0 0 0 0
250	2	1 1 1 1 1 0 0 0 1 0 1 1 1 0 0 0
250	3	0 0 1 1 0 1 0 1 1 0 0 0 0 0 0 0
250	1	1 1 1 1 1 0 1 0 1 0 0 1 0 1 0 0
250	3	0 1 1 1 0 0 0 0 0 1 1 1 0 0 0 1
250	1	1 0 1 0 0 0 0 0 1 0 0 1 1 1 0 1
250	2	0 1 1 1 0 0 1 0 1 1 1 0 0 0 0 0
250	2	1 1 1 1 1 1 1 0 1 0 0 0 0 0 0 0
250	2	1 1 1 1 1 0 1 0 1 0 0 0 0 1 0 0
250	5	1 0 0 1 1 0 0 1 1 0 1 0 0 0 0 0
250	1	1 1 0 1 1 0 0 1 1 0 1 0 0 0 0 1
250	1	1 1 1 1 0 1 1 0 1 0 0 0 0 0 0 1
250	1	1 1 1 0 0 0 0 0 0 0 0 0 0 0 0 1
250	2	0 0 0 1 0 0 0 0 1 0 0 0 1 0 0 0
250	1	0 1 0 1 0 0 0 0 1 1 1 0 1 0 0 0
250	2	1 1 1 1 0 0 0 0 0 0 1 1 1 0 0 0
250	4	1 1 1 1 1 0 0 1 0 0 0 1 1 1 0 1
250	1	1 0 1 1 0 0 0 0 0 0 0 1 1 0 0 0
250	3	1 1 1 1 0 1 0 1 1 0 1 1 0 1 0 0
250	2	1 1 1 1 1 0 0 1 1 0 0 0 0 0 0 0
250	3	1 1 1 1 0 1 0 0 1 0 0 0 0 0 0 0
250	1	1 1 1 1 1 0 0 0 1 1 1 1 0 0 0 0
250	1	1 0 1 1 0 0 0 1 1 1 0 0 0 1 0 0
250	2	1 1 0 1 1 0 1 0 1 0 0 0 0 0 0 0
250	2	0 1 1 1 1 0 1 0 1 0 0 0 0 0 0 1
250	2	1 1 1 1 0 1 0 1 1 0 0 0 0 0 1 1
250	7	1 1 0 1 0 0 1 0 0 0 0 0 0 0 0 1
250	4	1 1 0 1 0 0 1 0 1 0 0 0 1 0 0 1
250	1	1 1 0 1 0 1 0 0 1 0 0 0 1 0 0 0
250	1	1 1 1 1 0 0 1 0 1 0 0 0 1 0 0 0
250	1	0 1 1 1 0 0 0 0 1 1 1 0 0 0 0 1
250	3	1 1 1 1 0 0 0 1 1 0 0 0 0 0 0 0
250	2	0 1 1 1 1 0 0 0 1 1 1 0 0 0 0 0
250	1	1 0 1 0 0 0 0 1 1 1 0 0 0 0 0 0
250	1	1 1 1 1 0 0 0 0 1 0 0 0 1 0 0 0
250	1	1 0 1 1 0 0 1 1 1 0 1 1 0 1 0 1
250	1	1 1 0 1 1 0 0 1 1 1 1 0 0 0 0 0
250	1	0 0 1 1 1 0 0 0 1 0 0 0 0 1 0 0
260	37	1 1 1 1 0 0 0 0 1 0 0 0 0 0 0 0
260	9	1 1 1 1 0 0 1 0 1 0 0 0 0 0 0 0
260	8	1 1 1 1 0 0 0 0 1 0 0 0 0 0 0 1
260	19	0 1 1 1 0 0 0 0 1 1 1 0 0 0 0 0
260	20	1 0 1 1 0 0 0 1 1 0 0 0 0 0 0 1
260	126	1 1 1 1 1 0 0 0 1 0 1 1 0 0 0 0
260	10	1 0 1 1 0 0 0 1 1 1 0 0 0 0 0 0
260	77	1 1 1 1 1 0 1 0 1 0 0 0 0 0 0 0
260	18	1 1 1 1 0 0 0 0 0 1 1 0 0 0 0 1
260	10	1 1 1 1 1 0 1 0 1 0 0 0 0 0 0 1
260	16	1 0 1 1 0 0 1 1 1 0 1 1 0 1 0 0
260	7	1 1 1 1 0 1 0 0 1 0 0 0 0 0 0 1
260	60	1 1 1 1 0 1 1 0 1 0 0 0 0 0 0 0
260	5	0 1 1 1 0 0 0 0 0 1 1 1 0 0 0 0
260	8	1 1 0 1 0 0 1 0 1 0 0 0 0 0 0 0
260	3	1 0 1 0 0 0 0 0 1 0 0 0 0 0 0 1
260	24	1 1 1 1 1 0 0 0 1 0 0 0 0 0 0 0
260	17	1 1 1 1 0 0 1 0 1 0 0 0 0 0 0 1
260	49	1 1 1 0 0 0 0 0 1 0 0 0 0 0 0 1
260	10	1 1 1 1 1 0 0 0 1 0 0 0 0 0 0 1
260	2	0 0 1 1 0 0 0 1 1 0 0 0 0 0 0 0
260	1	1 0 1 1 0 0 0 0 1 0 0 0 0 0 0 1
260	24	1 0 1 1 0 1 1 1 1 0 0 0 0 0 0 0
260	2	1 1 1 1 0 0 0 0 0 0 1 0 0 0 0 1
260	27	1 1 1 1 0 0 0 1 1 1 0 0 0 0 0 0
260	4	1 1 1 1 0 1 0 1 1 0 0 0 0 0 0 1
260	8	1 1 0 1 0 0 0 1 1 1 0 0 0 0 0 0
260	62	1 1 1 1 1 0 0 1 1 0 1 1 0 0 0 0
260	1	0 0 1 1 1 0 0 0 1 0 0 0 0 0 0 0
260	4	1 1 1 1 1 0 0 0 1 1 1 0 0 0 0 0
260	12	1 1 1 1 1 0 1 0 0 0 0 0 0 0 0 1
260	8	1 1 1 1 0 0 0 1 1 0 0 0 0 0 0 1
260	29	1 1 1 1 0 0 0 0 1 1 1 0 0 0 0 0
260	13	1 1 1 1 0 0 1 0 0 0 0 0 0 0 0 1
260	3	1 1 0 1 0 0 1 0 1 0 0 0 0 0 0 1
260	10	1 1 1 1 1 0 0 0 1 0 1 1 0 1 0 0
260	18	1 1 1 1 0 0 0 0 0 0 0 1 1 0 0 0
260	5	1 1 1 1 0 1 0 0 1 0 0 0 1 0 0 0
260	1	1 1 0 1 0 0 0 0 1 0 0 0 0 0 0 1
260	4	1 0 1 1 1 0 1 1 1 0 1 1 0 1 0 0
260	4	1 1 1 1 0 0 0 0 0 1 1 1 0 0 0 0
260	11	1 1 1 0 0 1 1 1 1 0 0 0 0 0 0 0
260	2	1 1 1 1 1 0 0 0 1 0 1 1 1 0 0 0
260	13	0 1 1 1 0 0 0 0 0 1 1 1 0 0 0 1
260	4	1 0 1 0 0 0 0 0 1 0 0 1 1 1 0 1
260	8	1 1 1 1 0 0 0 0 0 0 1 1 1 0 0 0
260	10	1 1 0 1 0 0 1 0 0 0 0 0 0 0 0 1
260	2	1 1 0 1 0 0 1 0 1 0 0 0 1 0 0 1
260	10	1 1 1 1 0 0 0 0 1 0 0 0 1 0 0 0
260	2	0 0 1 1 1 0 0 0 1 0 0 0 0 1 0 0
260	1	1 1 1 1 0 0 0 0 1 1 0 0 0 0 0 0
260	13	1 1 1 1 0 0 0 0 1 0 1 1 0 0 0 0
260	9	1 1 1 1 1 0 1 0 1 1 0 0 0 0 0 0
260	3	1 1 0 1 0 0 0 0 0 0 1 0 0 0 0 1
260	10	1 1 1 1 1 0 1 0 1 0 1 1 0 0 0 0
260	5	1 1 1 1 1 0 1 0 1 0 0 0 1 0 0 0
260	1	1 0 1 1 1 0 1 0 1 0 0 0 0 0 0 0
260	5	1 0 0 1 0 0 0 0 1 1 0 0 1 0 0 0
260	4	0 1 1 1 0 0 0 0 1 0 0 0 0 0 0 0
260	12	1 1 1 1 1 0 0 1 1 0 1 1 0 1 0 0
260	4	1 1 1 1 1 0 0 0 1 1 1 0 0 0 0 1
260	7	1 1 1 1 0 0 0 0 0 1 0 1 1 0 0 0
260	2	1 1 0 1 0 0 0 0 1 0 0 0 0 0 0 0
260	4	1 1 0 1 0 0 0 1 1 0 0 0 0 0 0 0
260	1	1 1 1 1 1 0 1 0 1 0 0 1 0 0 0 0
260	1	1 1 1 1 0 0 0 0 0 0 0 1 1 0 0 1
260	6	1 1 1 1 0 0 1 0 1 0 1 0 0 0 0 1
260	1	1 1 1 0 0 0 0 0 1 0 0 0 1 0 0 1
260	5	1 1 1 1 1 0 0 1 1 1 1 1 0 0 0 0
260	4	1 1 1 0 0 0 1 0 1 0 0 0 0 0 0 1
260	1	0 0 1 1 1 0 1 1 1 1 0 0 0 0 0 0
260	1	1 1 0 1 0 0 0 0 1 0 0 0 1 0 0 1
260	5	1 1 1 1 0 0 1 0 1 1 1 1 0 0 0 0
260	1	1 1 1 1 0 1 0 0 1 0 0 0 0 0 0 0
260	2	0 1 1 1 0 0 0 0 0 1 1 1 0 0 1 1
260	5	0 1 1 1 1 0 0 0 1 0 1 1 0 0 0 0
260	2	1 0 1 1 0 0 0 1 1 1 0 0 0 0 1 0
260	1	1 0 1 1 0 1 1 1 0 0 0 0 0 0 0 0
260	3	1 0 1 1 1 0 1 0 0 0 0 0 0 0 0 1
260	2	1 1 1 1 1 0 0 0 0 1 1 1 0 0 0 1
260	1	1 1 1 1 1 0 0 0 1 0 0 1 1 0 0 0
260	1	1 1 1 1 0 0 0 0 0 1 1 0 0 0 0 0
260	1	1 1 1 1 0 0 0 0 1 1 1 1 0 0 0 0
260	1	1 0 1 1 0 0 0 1 1 0 0 1 0 0 0 1
260	3	1 0 1 1 0 0 0 1 1 0 1 0 0 0 0 1
260	1	1 0 0 1 0 0 1 1 1 0 1 1 0 1 0 0
260	1	1 1 1 1 0 1 0 0 1 0 0 1 0 0 0 1
260	1	1 1 1 1 1 0 0 0 1 1 0 0 0 0 0 0
260	3	1 1 1 0 1 0 0 0 1 0 0 0 0 0 0 0
260	5	1 1 1 1 0 0 1 0 1 0 0 0 0 1 0 1
260	3	1 1 1 0 0 0 0 0 1 1 0 0 0 0 0 1
260	2	1 1 0 1 0 0 0 0 1 1 1 0 0 0 0 0
260	1	1 0 1 1 0 0 0 1 1 0 0 0 0 0 0 0
260	1	1 1 1 1 0 1 0 0 0 0 0 1 1 0 0 0
260	3	1 1 1 1 1 0 1 0 0 0 0 0 0 0 0 0
260	1	1 1 1 1 0 0 1 0 0 0 1 1 0 1 0 0
260	1	0 1 1 1 0 0 0 0 0 1 1 1 1 0 0 0
260	2	1 1 1 0 1 0 0 0 1 0 1 1 0 0 0 0
260	1	1 1 1 1 1 0 0 0 0 0 1 1 0 0 0 0
260	1	0 1 1 1 1 0 1 0 0 0 0 0 0 0 0 1
260	3	1 0 0 1 0 0 0 0 1 0 0 0 1 0 0 0
260	1	1 1 1 0 1 0 0 1 1 0 1 1 0 1 0 0
260	2	1 0 1 1 1 0 0 1 1 1 1 1 0 0 0 0
260	2	1 1 1 1 0 0 0 0 1 1 1 1 0 1 0 0
270	48	1 1 1 1 0 0 0 0 1 0 0 0 0 0 0 0
270	13	1 1 1 1 0 0 1 0 1 0 0 0 0 0 0 0
270	4	1 1 1 1 0 0 0 0 1 0 0 0 0 0 0 1
270	13	0 1 1 1 0 0 0 0 1 1 1 0 0 0 0 0
270	4	1 0 1 1 0 0 0 1 1 0 0 0 0 0 0 1
270	159	1 1 1 1 1 0 0 0 1 0 1 1 0 0 0 0
270	87	1 1 1 1 1 0 1 0 1 0 0 0 0 0 0 0
270	20	1 1 1 1 0 0 0 0 0 1 1 0 0 0 0 1
270	9	1 0 1 1 0 0 1 1 1 0 1 1 0 1 0 0
270	7	1 1 1 1 0 1 0 0 1 0 0 0 0 0 0 1
270	33	1 1 1 1 0 1 1 0 1 0 0 0 0 0 0 0
270	2	1 1 0 1 0 0 1 0 1 0 0 0 0 0 0 0
270	59	1 1 1 1 1 0 0 0 1 0 0 0 0 0 0 0
270	12	1 1 1 1 0 0 1 0 1 0 0 0 0 0 0 1
270	17	1 1 1 0 0 0 0 0 1 0 0 0 0 0 0 1
270	16	1 1 1 1 1 0 0 0 1 0 0 0 0 0 0 1
270	5	1 0 1 1 0 1 1 1 1 0 0 0 0 0 0 0
270	56	1 1 1 1 0 0 0 1 1 1 0 0 0 0 0 0
270	63	1 1 1 1 1 0 0 1 1 0 1 1 0 0 0 0
270	2	1 1 1 1 1 0 1 0 0 0 0 0 0 0 0 1
270	10	1 1 1 1 0 0 0 1 1 0 0 0 0 0 0 1
270	5	1 1 1 1 0 0 0 0 1 1 1 0 0 0 0 0
270	16	1 1 1 1 0 0 1 0 0 0 0 0 0 0 0 1
270	1	1 1 0 1 0 0 1 0 1 0 0 0 0 0 0 1
270	14	1 1 1 1 1 0 0 0 1 0 1 1 0 1 0 0
270	27	1 1 1 1 0 0 0 0 0 0 0 1 1 0 0 0
270	7	1 1 1 1 0 1 0 0 1 0 0 0 1 0 0 0
270	14	1 0 1 1 1 0 1 1 1 0 1 1 0 1 0 0
270	1	1 1 1 0 0 1 1 1 1 0 0 0 0 0 0 0
270	8	1 1 1 1 1 0 0 0 1 0 1 1 1 0 0 0
270	2	0 1 1 1 0 0 0 0 0 1 1 1 0 0 0 1
270	8	1 1 1 1 0 0 0 0 0 0 1 1 1 0 0 0
270	19	1 1 0 1 0 0 1 0 0 0 0 0 0 0 0 1
270	7	1 1 1 1 0 0 0 0 1 0 0 0 1 0 0 0
270	23	1 1 1 1 0 0 0 0 1 0 1 1 0 0 0 0
270	4	1 1 1 1 1 0 1 0 1 0 1 1 0 0 0 0
270	2	1 0 0 1 0 0 0 0 1 1 0 0 1 0 0 0
270	1	1 1 1 1 1 0 0 1 1 0 1 1 0 1 0 0
270	2	1 1 1 1 1 0 0 0 1 1 1 0 0 0 0 1
270	12	1 1 1 1 0 0 1 0 1 0 1 0 0 0 0 1
270	13	1 1 1 1 1 0 0 1 1 1 1 1 0 0 0 0
270	15	1 1 1 1 0 0 1 0 1 1 1 1 0 0 0 0
270	13	1 0 1 1 1 0 1 0 0 0 0 0 0 0 0 1
270	2	1 0 1 1 0 0 0 1 1 0 0 1 0 0 0 1
270	1	1 0 1 1 0 0 0 1 1 0 1 0 0 0 0 1
270	6	1 1 1 0 1 0 0 0 1 0 0 0 0 0 0 0
270	4	1 1 1 1 0 0 1 0 0 0 1 1 0 1 0 0
270	13	1 1 1 1 0 0 0 1 1 1 1 1 0 0 0 0
270	1	1 0 1 1 0 0 0 0 1 0 0 0 0 0 0 1
270	1	1 1 1 1 0 1 1 0 1 0 0 0 1 0 0 0
270	8	1 1 1 1 0 1 0 1 1 0 0 0 0 0 0 0
270	2	1 1 1 1 1 0 0 0 0 0 1 1 1 0 0 0
270	2	1 0 1 1 0 0 1 1 1 1 1 1 0 0 0 0
270	1	1 1 1 1 1 0 0 0 1 1 1 1 0 0 0 0
270	6	1 1 1 1 1 0 0 0 0 0 1 1 0 0 0 0
270	1	1 0 1 1 0 0 1 1 1 0 1 1 0 1 0 1
270	3	1 1 1 1 1 0 0 1 1 0 0 1 0 0 0 0
270	2	0 1 1 1 0 0 0 1 1 0 0 0 0 0 0 1
270	2	1 0 1 1 0 0 0 1 1 0 0 1 0 0 0 0
270	1	1 1 1 1 0 0 0 1 1 1 0 1 0 0 0 0
270	3	0 1 1 1 0 0 0 0 1 0 1 1 0 0 0 0
270	4	1 0 1 1 1 0 0 0 1 0 1 1 0 0 0 0
270	3	1 1 1 1 0 0 0 0 1 1 1 0 0 0 1 0
270	8	1 1 0 1 0 0 0 1 1 0 1 0 0 0 0 0
270	3	1 1 1 1 1 0 0 0 1 0 1 0 0 0 0 1
270	1	1 1 1 1 0 1 1 1 1 0 0 0 0 0 0 0
270	7	0 0 1 1 0 1 1 1 1 0 0 0 0 0 0 0
270	3	1 0 1 1 1 0 1 0 0 0 0 1 1 0 0 0
270	3	1 0 1 1 1 0 0 1 1 0 1 1 0 0 0 0
270	8	1 1 1 1 1 0 0 0 1 0 1 1 0 0 0 1
270	10	1 1 1 1 1 0 1 0 1 0 0 0 0 0 1 0
270	1	1 0 1 0 0 0 0 0 1 0 0 0 0 0 0 1
270	2	0 1 1 1 1 0 0 1 1 0 1 1 0 1 0 0
270	2	0 1 1 1 0 0 0 0 1 0 1 1 0 0 1 0
270	5	1 0 1 1 1 0 1 0 0 0 0 0 1 0 0 0
270	2	0 1 1 1 0 0 0 0 1 1 1 0 0 0 0 1
270	1	1 0 1 1 0 0 1 1 1 0 0 0 0 0 0 0
270	3	1 1 1 1 1 0 0 1 1 0 1 1 0 0 0 1
270	1	1 1 0 1 0 0 1 0 0 0 0 0 0 0 0 0
270	1	1 1 0 1 0 0 0 0 0 0 0 1 1 0 0 0
270	1	1 1 1 0 1 0 1 0 1 0 0 0 0 0 0 0
270	2	1 1 1 1 0 0 0 0 0 0 0 1 1 1 0 0
270	2	1 0 1 1 1 0 1 1 1 1 1 1 0 1 0 0
270	2	1 1 1 1 0 0 0 0 1 0 1 1 0 1 0 0
270	1	1 1 1 1 1 0 0 1 1 1 1 1 0 1 0 0
270	1	1 1 0 1 0 0 0 1 1 0 1 0 1 0 0 0
270	2	1 1 1 1 0 0 1 0 1 0 0 0 0 1 0 0
270	3	1 0 1 1 1 0 1 0 0 0 0 0 0 0 0 0
270	1	1 1 1 1 1 0 1 0 1 0 0 0 0 0 0 1
270	1	1 1 1 1 1 0 0 1 1 1 0 0 0 0 0 0
270	1	1 1 1 1 0 0 0 0 0 0 0 0 1 0 0 0
270	1	1 1 1 1 0 0 1 0 1 0 0 0 1 0 0 0
270	2	0 1 1 1 0 0 1 0 0 0 1 1 0 1 0 0
280	25	1 1 1 1 0 0 0 0 1 0 0 0 0 0 0 0
280	33	1 1 1 1 0 0 1 0 1 0 0 0 0 0 0 0
280	19	1 1 1 1 0 0 0 0 1 0 0 0 0 0 0 1
280	20	0 1 1 1 0 0 0 0 1 1 1 0 0 0 0 0
280	127	1 1 1 1 1 0 0 0 1 0 1 1 0 0 0 0
280	78	1 1 1 1 1 0 1 0 1 0 0 0 0 0 0 0
280	14	1 1 1 1 0 0 0 0 0 1 1 0 0 0 0 1
280	2	1 1 1 1 0 1 0 0 1 0 0 0 0 0 0 1
280	42	1 1 1 1 0 1 1 0 1 0 0 0 0 0 0 0
280	74	1 1 1 1 1 0 0 0 1 0 0 0 0 0 0 0
280	10	1 1 1 1 0 0 1 0 1 0 0 0 0 0 0 1
280	9	1 1 1 0 0 0 0 0 1 0 0 0 0 0 0 1
280	8	1 1 1 1 1 0 0 0 1 0 0 0 0 0 0 1
280	1	1 0 1 1 0 1 1 1 1 0 0 0 0 0 0 0
280	47	1 1 1 1 0 0 0 1 1 1 0 0 0 0 0 0
280	80	1 1 1 1 1 0 0 1 1 0 1 1 0 0 0 0
280	8	1 1 1 1 1 0 1 0 0 0 0 0 0 0 0 1
280	2	1 1 1 1 0 0 1 0 0 0 0 0 0 0 0 1
280	21	1 1 1 1 1 0 0 0 1 0 1 1 0 1 0 0
280	16	1 1 1 1 0 0 0 0 0 0 0 1 1 0 0 0
280	11	1 1 1 1 0 1 0 0 1 0 0 0 1 0 0 0
280	18	1 0 1 1 1 0 1 1 1 0 1 1 0 1 0 0
280	24	1 1 1 1 1 0 0 0 1 0 1 1 1 0 0 0
280	22	1 1 1 1 0 0 0 0 0 0 1 1 1 0 0 0
280	3	1 1 0 1 0 0 1 0 0 0 0 0 0 0 0 1
280	10	1 1 1 1 0 0 0 0 1 0 1 1 0 0 0 0
280	10	1 1 1 1 1 0 1 0 1 0 1 1 0 0 0 0
280	6	1 1 1 1 0 0 1 0 1 0 1 0 0 0 0 1
280	5	1 1 1 1 0 0 1 0 1 1 1 1 0 0 0 0
280	8	1 1 1 1 0 0 0 1 1 1 1 1 0 0 0 0
280	6	1 1 1 1 0 1 0 1 1 0 0 0 0 0 0 0
280	3	0 1 1 1 0 0 0 1 1 0 0 0 0 0 0 1
280	3	1 0 1 1 0 0 0 1 1 0 0 1 0 0 0 0
280	1	1 0 1 1 1 0 0 0 1 0 1 1 0 0 0 0
280	6	1 1 0 1 0 0 0 1 1 0 1 0 0 0 0 0
280	8	1 1 1 1 1 0 0 0 1 0 1 0 0 0 0 1
280	1	0 0 1 1 0 1 1 1 1 0 0 0 0 0 0 0
280	23	1 1 1 1 1 0 0 0 1 0 1 1 0 0 0 1
280	6	1 1 1 1 1 0 1 0 1 0 0 0 0 0 1 0
280	3	1 0 1 0 0 0 0 0 1 0 0 0 0 0 0 1
280	1	1 0 1 1 1 0 1 0 0 0 0 0 1 0 0 0
280	4	1 0 1 1 1 0 1 1 1 1 1 1 0 1 0 0
280	2	1 1 1 1 1 0 1 0 1 0 0 0 0 0 0 1
280	4	1 1 1 1 0 0 1 0 1 0 0 0 1 0 0 0
280	2	0 1 1 1 1 0 0 0 1 0 1 1 0 0 0 0
280	10	1 1 1 1 1 0 0 0 1 0 0 0 1 0 0 0
280	2	1 1 1 1 0 0 0 0 0 0 1 0 0 0 0 1
280	8	1 1 1 0 0 1 1 0 1 0 0 0 0 0 0 0
280	1	1 1 1 1 0 0 1 0 0 0 1 0 0 0 0 1
280	3	1 1 1 0 1 0 0 1 1 0 1 1 0 0 0 0
280	12	1 1 0 1 1 0 0 0 1 0 1 1 0 0 0 0
280	8	1 1 0 1 1 0 1 0 1 0 0 0 0 0 0 0
280	1	1 1 1 1 0 0 0 0 1 0 1 1 0 0 0 1
280	1	1 1 1 1 0 0 1 0 0 0 1 1 0 0 0 0
280	8	1 1 1 1 1 0 1 0 0 0 0 0 0 0 0 0
280	3	1 0 1 1 1 0 0 0 1 1 1 1 0 0 0 0
280	6	1 1 1 1 1 1 0 0 1 0 1 1 0 0 0 0
280	2	1 1 1 1 0 0 0 0 0 0 1 0 1 0 0 0
280	2	1 1 1 1 0 0 1 0 0 1 1 0 0 0 0 1
280	2	1 1 1 1 0 0 0 0 1 1 0 0 0 0 0 1
280	10	1 1 1 1 0 1 1 0 0 0 0 0 0 0 0 0
280	4	1 1 1 1 1 0 0 0 0 0 1 1 0 1 0 0
280	16	1 1 1 1 0 1 0 0 0 0 1 1 1 0 0 0
280	3	1 1 1 1 0 1 0 0 0 1 1 0 0 0 0 1
280	6	1 1 1 1 0 1 1 0 1 0 0 0 0 0 1 0
280	2	0 1 1 1 1 0 0 0 1 0 1 1 0 0 0 1
280	1	1 1 1 1 0 1 0 1 1 1 0 0 0 0 0 0
280	1	0 1 1 1 0 0 0 0 1 1 1 1 0 0 0 1
280	2	1 1 1 1 0 0 0 1 1 0 0 0 0 0 0 0
280	4	1 1 1 1 1 0 0 0 0 0 0 1 1 0 0 0
280	9	1 1 1 0 0 0 0 0 0 0 0 1 1 0 0 0
280	1	0 1 1 1 0 0 0 0 0 0 1 1 1 0 0 0
280	15	1 1 1 1 1 0 1 0 1 0 1 0 0 0 0 0
280	4	1 1 0 1 1 0 0 0 1 0 1 1 0 0 0 1
280	2	1 1 1 1 1 1 0 0 1 0 1 1 0 1 0 0
280	2	1 1 1 1 1 0 1 0 1 0 0 0 1 0 0 0
280	2	0 1 1 1 0 0 0 0 1 0 1 1 0 0 0 1
280	1	1 1 0 1 1 0 1 0 0 0 0 0 0 0 0 1
280	2	1 1 1 1 0 1 0 0 1 0 0 0 1 0 0 1
280	1	1 1 1 1 0 1 0 0 1 0 0 0 1 1 0 0
280	3	1 1 1 1 0 0 0 1 1 1 0 1 1 0 0 0
280	1	1 1 1 1 0 0 0 0 1 0 0 0 0 0 1 0
280	1	1 1 1 1 1 0 0 0 1 1 0 0 0 0 0 0
280	1	1 1 1 1 1 0 0 1 1 0 1 1 0 0 0 1
280	1	1 1 1 1 1 0 0 1 1 0 0 1 0 0 0 0
280	3	1 1 1 1 0 0 0 0 1 0 1 1 1 0 0 0
280	1	1 1 1 1 0 0 0 0 1 0 1 0 0 0 0 0
280	3	1 1 1 1 0 1 0 1 1 0 0 1 0 0 0 0
280	1	1 1 0 1 0 0 0 1 1 0 1 1 0 0 0 0
280	2	0 1 1 1 1 0 0 0 1 0 0 0 1 0 0 0
290	19	1 1 1 1 0 0 0 0 1 0 0 0 0 0 0 0
290	21	1 1 1 1 0 0 1 0 1 0 0 0 0 0 0 0
290	26	0 1 1 1 0 0 0 0 1 1 1 0 0 0 0 0
290	214	1 1 1 1 1 0 0 0 1 0 1 1 0 0 0 0
290	48	1 1 1 1 1 0 1 0 1 0 0 0 0 0 0 0
290	40	1 1 1 1 0 1 1 0 1 0 0 0 0 0 0 0
290	97	1 1 1 1 1 0 0 0 1 0 0 0 0 0 0 0
290	3	1 1 1 1 0 0 1 0 1 0 0 0 0 0 0 1
290	7	1 1 1 0 0 0 0 0 1 0 0 0 0 0 0 1
290	5	1 1 1 1 1 0 0 0 1 0 0 0 0 0 0 1
290	21	1 1 1 1 0 0 0 1 1 1 0 0 0 0 0 0
290	72	1 1 1 1 1 0 0 1 1 0 1 1 0 0 0 0
290	22	1 1 1 1 1 0 1 0 0 0 0 0 0 0 0 1
290	10	1 1 1 1 1 0 0 0 1 0 1 1 0 1 0 0
290	1	1 1 1 1 0 0 0 0 0 0 0 1 1 0 0 0
290	6	1 1 1 1 0 1 0 0 1 0 0 0 1 0 0 0
290	2	1 0 1 1 1 0 1 1 1 0 1 1 0 1 0 0
290	23	1 1 1 1 1 0 0 0 1 0 1 1 1 0 0 0
290	5	1 1 1 1 0 0 0 0 0 0 1 1 1 0 0 0
290	28	1 1 1 1 0 0 0 0 1 0 1 1 0 0 0 0
290	9	1 1 1 1 1 0 1 0 1 0 1 1 0 0 0 0
290	2	1 1 1 1 0 0 0 1 1 1 1 1 0 0 0 0
290	16	1 1 1 1 0 1 0 1 1 0 0 0 0 0 0 0
290	1	1 1 1 1 1 0 0 0 1 0 1 0 0 0 0 1
290	26	1 1 1 1 1 0 0 0 1 0 1 1 0 0 0 1
290	11	1 1 1 1 1 0 1 0 1 0 0 0 0 0 1 0
290	5	1 1 1 1 0 0 1 0 1 0 0 0 1 0 0 0
290	1	0 1 1 1 1 0 0 0 1 0 1 1 0 0 0 0
290	5	1 1 1 1 1 0 0 0 1 0 0 0 1 0 0 0
290	6	1 1 1 1 0 0 1 0 0 0 1 0 0 0 0 1
290	3	1 1 1 0 1 0 0 1 1 0 1 1 0 0 0 0
290	4	1 1 0 1 1 0 0 0 1 0 1 1 0 0 0 0
290	3	1 1 1 1 1 1 0 0 1 0 1 1 0 0 0 0
290	2	1 1 1 1 0 0 0 0 0 0 1 0 1 0 0 0
290	1	1 1 1 1 0 1 1 0 0 0 0 0 0 0 0 0
290	14	1 1 1 1 1 0 0 0 0 0 1 1 0 1 0 0
290	17	1 1 1 1 0 1 0 0 0 0 1 1 1 0 0 0
290	10	1 1 1 1 0 1 0 0 0 1 1 0 0 0 0 1
290	1	1 1 1 1 0 1 1 0 1 0 0 0 0 0 1 0
290	1	0 1 1 1 1 0 0 0 1 0 1 1 0 0 0 1
290	3	1 1 1 1 1 0 0 0 0 0 0 1 1 0 0 0
290	9	1 1 1 0 0 0 0 0 0 0 0 1 1 0 0 0
290	30	1 1 1 1 1 0 1 0 1 0 1 0 0 0 0 0
290	4	1 1 1 1 1 1 0 0 1 0 1 1 0 1 0 0
290	3	1 1 1 1 1 0 1 0 1 0 0 0 1 0 0 0
290	4	1 1 0 1 1 0 1 0 0 0 0 0 0 0 0 1
290	6	1 1 1 1 1 0 0 1 1 0 0 1 0 0 0 0
290	1	1 1 1 1 1 0 0 0 1 0 1 1 0 1 0 1
290	2	1 1 1 0 0 0 0 0 0 0 0 0 0 0 0 0
290	4	0 1 1 1 1 0 1 0 1 0 0 0 0 0 0 0
290	2	1 1 1 1 0 1 1 0 0 1 1 0 0 0 0 1
290	10	1 1 1 1 0 0 0 0 1 1 0 0 0 0 0 0
290	3	1 1 1 1 1 0 0 1 1 0 0 1 1 0 0 1
290	11	1 1 1 1 1 0 0 0 1 0 0 1 1 0 0 0
290	4	1 1 1 0 0 1 1 0 1 1 0 0 0 0 0 0
290	2	1 1 1 1 0 0 1 0 0 1 1 0 0 0 0 1
290	2	1 1 1 1 0 1 1 0 0 1 1 0 0 0 1 1
290	1	1 1 1 1 1 0 1 0 0 0 1 0 0 0 0 1
290	3	1 1 1 1 0 0 0 0 0 0 1 1 0 0 0 0
290	1	1 1 1 1 1 0 1 0 1 0 0 1 0 0 0 0
290	9	1 1 1 1 0 0 0 1 1 0 0 1 1 0 0 0
290	4	0 1 1 1 1 0 0 0 1 1 1 0 0 0 0 0
290	4	1 1 1 1 1 0 0 0 0 0 1 1 0 0 0 0
290	3	1 1 1 0 1 0 0 0 1 0 1 1 0 0 0 0
290	2	1 1 0 1 0 0 0 0 1 0 1 0 0 0 0 0
290	3	1 1 1 1 1 0 1 0 1 0 0 0 1 0 1 0
290	4	1 1 1 1 0 0 0 1 1 0 1 1 0 0 0 0
290	2	0 1 1 1 0 0 1 0 1 0 0 0 0 0 0 0
290	7	1 1 1 1 1 0 0 0 1 0 0 1 0 0 0 0
290	1	1 0 1 1 1 0 1 0 1 0 0 0 0 0 1 0
290	5	1 1 1 1 0 1 1 0 0 0 0 1 0 0 0 0
290	2	1 0 1 1 1 0 0 0 1 0 1 1 0 0 0 1
290	1	1 1 1 1 1 0 0 0 1 1 1 1 0 0 0 0
290	2	1 1 1 0 0 0 0 0 1 0 0 0 0 0 0 0
290	3	0 1 1 1 1 0 0 0 1 0 0 0 0 0 0 1
290	2	1 1 1 1 1 0 0 1 1 0 1 1 0 0 1 0
290	3	1 1 1 1 1 0 0 0 0 1 1 1 0 1 0 0
290	1	1 1 1 1 0 1 0 0 1 1 1 0 0 0 0 1
290	2	1 1 1 0 1 0 0 0 1 0 0 0 0 0 0 0
290	2	1 1 1 1 0 0 0 0 1 0 1 0 0 0 0 0
290	2	1 1 1 1 1 0 0 0 1 0 1 0 0 0 0 0
290	2	1 1 1 1 1 0 1 0 0 0 0 0 0 0 0 0
290	1	1 1 0 0 0 0 0 0 1 0 0 0 0 0 0 1
290	2	1 0 1 1 1 0 0 1 1 0 1 1 0 0 0 0
290	2	1 1 1 0 0 1 0 0 1 0 0 0 1 0 0 0
290	2	1 1 0 1 1 0 0 0 1 0 1 1 0 0 1 0
290	1	1 1 1 1 1 0 1 0 1 0 0 0 0 0 0 1
290	1	1 1 1 1 0 1 0 1 1 0 1 1 0 0 0 0
290	1	1 1 1 1 0 0 0 0 1 1 1 1 0 0 0 0
290	1	1 1 1 1 0 0 0 0 1 1 1 0 0 0 0 0
290	1	1 1 1 1 1 0 0 0 0 0 1 1 1 0 0 0
290	3	1 1 0 1 0 0 1 0 1 0 0 0 0 0 0 0
290	1	1 0 1 1 1 0 0 0 1 0 1 1 0 0 0 0
290	1	1 0 1 1 1 0 1 0 1 0 0 0 0 0 0 0
290	1	1 1 1 1 1 1 0 1 1 0 0 0 0 0 0 0
290	2	1 1 1 1 1 0 1 1 1 0 0 1 0 0 0 0
290	1	1 1 1 1 1 0 0 0 1 1 0 1 1 0 0 1
300	4	1 1 1 1 0 0 0 0 1 0 0 0 0 0 0 0
300	1	1 1 1 1 0 0 1 0 1 0 0 0 0 0 0 0
300	4	0 1 1 1 0 0 0 0 1 1 1 0 0 0 0 0
300	201	1 1 1 1 1 0 0 0 1 0 1 1 0 0 0 0
300	34	1 1 1 1 1 0 1 0 1 0 0 0 0 0 0 0
300	21	1 1 1 1 0 1 1 0 1 0 0 0 0 0 0 0
300	99	1 1 1 1 1 0 0 0 1 0 0 0 0 0 0 0
300	3	1 1 1 0 0 0 0 0 1 0 0 0 0 0 0 1
300	26	1 1 1 1 1 0 0 0 1 0 0 0 0 0 0 1
300	30	1 1 1 1 0 0 0 1 1 1 0 0 0 0 0 0
300	69	1 1 1 1 1 0 0 1 1 0 1 1 0 0 0 0
300	18	1 1 1 1 1 0 1 0 0 0 0 0 0 0 0 1
300	3	1 1 1 1 1 0 0 0 1 0 1 1 0 1 0 0
300	18	1 1 1 1 1 0 0 0 1 0 1 1 1 0 0 0
300	2	1 1 1 1 0 0 0 0 0 0 1 1 1 0 0 0
300	36	1 1 1 1 0 0 0 0 1 0 1 1 0 0 0 0
300	4	1 1 1 1 1 0 1 0 1 0 1 1 0 0 0 0
300	5	1 1 1 1 0 0 0 1 1 1 1 1 0 0 0 0
300	11	1 1 1 1 0 1 0 1 1 0 0 0 0 0 0 0
300	28	1 1 1 1 1 0 0 0 1 0 1 1 0 0 0 1
300	6	1 1 1 1 1 0 1 0 1 0 0 0 0 0 1 0
300	3	0 1 1 1 1 0 0 0 1 0 1 1 0 0 0 0
300	1	1 1 1 1 1 0 0 0 1 0 0 0 1 0 0 0
300	16	1 1 0 1 1 0 0 0 1 0 1 1 0 0 0 0
300	6	1 1 1 1 0 1 0 0 0 0 1 1 1 0 0 0
300	5	1 1 1 1 0 1 0 0 0 1 1 0 0 0 0 1
300	11	1 1 1 1 0 1 1 0 1 0 0 0 0 0 1 0
300	2	1 1 1 1 1 0 0 0 0 0 0 1 1 0 0 0
300	23	1 1 1 1 1 0 1 0 1 0 1 0 0 0 0 0
300	7	1 1 1 1 1 1 0 0 1 0 1 1 0 1 0 0
300	2	1 1 0 1 1 0 1 0 0 0 0 0 0 0 0 1
300	1	1 1 1 1 0 1 1 0 0 1 1 0 0 0 0 1
300	1	1 1 1 1 0 0 0 0 1 1 0 0 0 0 0 0
300	9	1 1 1 1 1 0 0 0 1 0 0 1 1 0 0 0
300	8	1 1 1 0 0 1 1 0 1 1 0 0 0 0 0 0
300	27	1 1 1 1 0 0 0 1 1 0 0 1 1 0 0 0
300	1	1 1 1 1 1 0 1 0 1 0 0 0 1 0 1 0
300	5	1 1 1 1 0 0 0 1 1 0 1 1 0 0 0 0
300	5	1 1 1 1 1 0 0 0 1 0 0 1 0 0 0 0
300	6	1 1 1 1 0 1 1 0 0 0 0 1 0 0 0 0
300	4	1 1 1 0 0 0 0 0 1 0 0 0 0 0 0 0
300	18	1 1 1 1 1 0 0 0 0 1 1 1 0 1 0 0
300	6	1 1 1 1 0 1 0 0 1 1 1 0 0 0 0 1
300	4	1 1 1 1 1 0 1 0 0 0 0 0 0 0 0 0
300	8	1 1 0 1 1 0 0 0 1 0 1 1 0 0 1 0
300	5	1 1 1 1 0 0 0 0 1 1 1 1 0 0 0 0
300	9	1 1 0 1 0 0 1 0 1 0 0 0 0 0 0 0
300	3	1 0 1 1 1 0 0 0 1 0 1 1 0 0 0 0
300	6	1 1 1 1 0 1 0 0 0 0 0 0 0 0 0 0
300	6	0 1 1 1 0 1 1 0 1 0 0 0 0 0 0 0
300	5	1 1 1 1 1 0 0 1 1 0 1 1 0 1 0 0
300	11	1 1 1 0 1 0 1 0 1 0 0 0 0 0 1 0
300	3	1 1 1 1 0 0 0 0 1 0 1 1 1 0 0 0
300	9	0 1 1 1 1 0 0 0 1 0 0 0 0 0 0 0
300	1	0 1 1 1 1 0 0 1 1 0 1 1 0 0 0 0
300	20	1 1 1 0 0 0 0 0 0 0 1 0 1 0 0 0
300	10	1 1 1 1 0 0 1 0 0 0 1 1 0 0 0 0
300	3	1 1 1 1 1 1 0 0 1 0 0 0 0 0 0 0
300	1	1 1 1 1 0 0 1 0 1 0 1 1 0 0 0 0
300	4	1 1 1 1 0 1 0 0 0 0 1 1 1 1 0 0
300	1	1 1 1 1 0 1 0 0 1 0 0 0 0 0 0 0
300	5	1 1 1 1 1 0 0 0 1 0 1 1 0 1 0 1
300	5	1 1 1 1 0 1 0 0 0 0 0 1 1 0 0 0
300	1	1 1 1 1 0 0 0 1 1 1 0 1 1 0 0 0
300	1	1 1 1 1 0 0 0 1 1 1 0 0 0 0 0 1
300	5	1 1 1 1 1 0 0 0 0 0 1 1 1 0 0 0
300	1	0 0 1 1 1 0 0 0 1 0 1 1 0 0 0 0
300	7	1 1 1 1 1 0 0 0 0 0 0 0 0 0 0 0
300	5	1 1 1 1 1 0 0 0 1 1 0 1 0 0 0 0
300	1	1 1 1 1 0 1 0 0 1 1 0 0 0 0 0 0
300	4	0 1 0 1 1 0 0 0 1 0 1 1 0 0 1 0
300	4	0 1 1 1 1 0 0 0 1 0 1 1 0 0 0 1
300	1	1 1 1 0 0 0 1 0 1 0 0 0 0 0 0 0
300	10	1 1 1 1 1 0 0 0 1 0 1 0 0 0 0 0
300	1	0 1 1 1 1 0 1 0 1 0 0 0 0 0 0 0
300	2	1 1 1 1 0 1 1 0 1 0 0 0 0 1 1 0
300	4	0 1 1 1 0 0 0 0 1 0 0 0 0 0 0 0
300	2	1 1 1 1 1 0 1 0 1 1 1 0 0 0 0 1
300	1	0 1 1 1 1 0 1 0 0 0 0 0 0 0 0 1
300	3	1 0 1 1 1 0 0 0 1 0 1 1 1 0 0 0
300	4	1 1 0 1 1 0 0 0 1 0 1 0 0 0 1 0
300	1	1 1 1 1 1 0 0 0 1 1 1 1 0 0 0 0
300	1	1 1 0 1 0 0 1 0 1 1 0 0 0 0 0 0
300	3	1 1 1 0 1 0 0 0 1 0 1 1 0 0 0 0
300	1	1 1 1 1 1 0 1 0 1 0 1 0 0 0 1 0
300	6	0 1 1 1 0 0 0 1 1 0 0 1 1 0 0 0
300	4	1 1 1 1 1 0 0 0 0 1 1 0 0 0 0 1
300	2	1 0 1 1 0 0 0 1 1 1 0 0 0 0 0 0
300	1	1 1 1 1 1 0 0 1 1 1 0 0 0 0 0 0
300	3	1 1 1 0 1 0 0 1 1 0 1 1 0 0 0 0
300	1	1 1 1 1 1 0 1 0 0 0 0 0 1 0 0 1
300	4	1 1 1 0 0 0 0 0 1 0 1 1 0 0 0 0
300	3	1 0 1 1 1 1 0 0 1 0 1 1 0 1 0 0
300	1	1 1 0 1 1 0 1 0 0 0 0 0 0 0 1 1
300	3	1 1 1 0 1 0 1 0 1 1 0 0 0 0 1 0
310	3	1 1 1 1 0 0 0 0 1 0 0 0 0 0 0 0
310	5	0 1 1 1 0 0 0 0 1 1 1 0 0 0 0 0
310	177	1 1 1 1 1 0 0 0 1 0 1 1 0 0 0 0
310	48	1 1 1 1 1 0 1 0 1 0 0 0 0 0 0 0
310	15	1 1 1 1 0 1 1 0 1 0 0 0 0 0 0 0
310	65	1 1 1 1 1 0 0 0 1 0 0 0 0 0 0 0
310	59	1 1 1 1 1 0 0 0 1 0 0 0 0 0 0 1
310	77	1 1 1 1 0 0 0 1 1 1 0 0 0 0 0 0
310	82	1 1 1 1 1 0 0 1 1 0 1 1 0 0 0 0
310	6	1 1 1 1 1 0 1 0 0 0 0 0 0 0 0 1
310	11	1 1 1 1 1 0 0 0 1 0 1 1 0 1 0 0
310	9	1 1 1 1 1 0 0 0 1 0 1 1 1 0 0 0
310	61	1 1 1 1 0 0 0 0 1 0 1 1 0 0 0 0
310	8	1 1 1 1 0 0 0 1 1 1 1 1 0 0 0 0
310	3	1 1 1 1 0 1 0 1 1 0 0 0 0 0 0 0
310	31	1 1 1 1 1 0 0 0 1 0 1 1 0 0 0 1
310	13	1 1 1 1 1 0 1 0 1 0 0 0 0 0 1 0
310	16	1 1 0 1 1 0 0 0 1 0 1 1 0 0 0 0
310	4	1 1 1 1 0 1 1 0 1 0 0 0 0 0 1 0
310	4	1 1 1 1 1 0 1 0 1 0 1 0 0 0 0 0
310	9	1 1 1 1 1 1 0 0 1 0 1 1 0 1 0 0
310	1	1 1 1 0 0 1 1 0 1 1 0 0 0 0 0 0
310	22	1 1 1 1 0 0 0 1 1 0 0 1 1 0 0 0
310	10	1 1 1 1 0 0 0 1 1 0 1 1 0 0 0 0
310	6	1 1 1 1 1 0 0 0 1 0 0 1 0 0 0 0
310	1	1 1 1 1 0 1 1 0 0 0 0 1 0 0 0 0
310	2	1 1 1 0 0 0 0 0 1 0 0 0 0 0 0 0
310	13	1 1 1 1 1 0 0 0 0 1 1 1 0 1 0 0
310	4	1 1 0 1 1 0 0 0 1 0 1 1 0 0 1 0
310	12	1 1 1 1 0 0 0 0 1 1 1 1 0 0 0 0
310	7	1 1 0 1 0 0 1 0 1 0 0 0 0 0 0 0
310	5	1 0 1 1 1 0 0 0 1 0 1 1 0 0 0 0
310	5	1 1 1 1 0 1 0 0 0 0 0 0 0 0 0 0
310	3	1 1 1 1 1 0 0 1 1 0 1 1 0 1 0 0
310	1	1 1 1 0 1 0 1 0 1 0 0 0 0 0 1 0
310	6	1 1 1 1 0 0 0 0 1 0 1 1 1 0 0 0
310	1	0 1 1 1 1 0 0 0 1 0 0 0 0 0 0 0
310	5	1 1 1 0 0 0 0 0 0 0 1 0 1 0 0 0
310	9	1 1 1 1 0 0 1 0 0 0 1 1 0 0 0 0
310	8	1 1 1 1 0 1 0 0 0 0 1 1 1 1 0 0
310	3	1 1 1 1 0 1 0 0 0 0 0 1 1 0 0 0
310	6	1 1 1 1 1 0 0 0 0 0 1 1 1 0 0 0
310	2	0 0 1 1 1 0 0 0 1 0 1 1 0 0 0 0
310	1	1 1 1 1 1 0 0 0 0 0 0 0 0 0 0 0
310	6	1 1 1 1 1 0 0 0 1 0 1 0 0 0 0 0
310	1	0 1 1 1 1 0 1 0 1 0 0 0 0 0 0 0
310	12	0 1 1 1 0 0 0 1 1 0 0 1 1 0 0 0
310	2	1 1 1 0 1 0 0 1 1 0 1 1 0 0 0 0
310	2	1 1 1 0 0 0 0 0 1 0 1 1 0 0 0 0
310	8	1 0 1 1 1 1 0 0 1 0 1 1 0 1 0 0
310	2	1 1 1 0 1 0 1 0 1 1 0 0 0 0 1 0
310	8	1 1 1 1 1 0 1 0 1 0 1 1 1 0 0 0
310	4	1 1 1 0 0 1 0 0 1 1 0 0 0 0 0 0
310	1	1 1 0 0 1 0 1 0 1 0 0 0 0 0 1 0
310	1	1 1 1 0 0 0 0 0 0 1 1 0 0 0 0 1
310	1	1 1 1 1 1 0 0 1 1 0 0 1 1 0 0 0
310	13	1 1 1 0 0 0 0 0 0 0 0 1 1 0 0 0
310	13	1 1 1 1 0 0 1 0 1 0 0 0 0 0 0 0
310	11	1 1 1 1 1 0 0 1 1 0 1 0 0 0 0 0
310	2	1 1 0 0 1 0 1 0 1 0 1 1 0 0 0 0
310	5	1 1 1 1 0 1 1 0 0 0 0 1 0 1 0 0
310	7	1 1 1 1 0 0 1 0 1 0 1 1 0 0 0 0
310	1	1 0 1 1 0 1 1 0 1 0 0 0 0 0 1 0
310	4	1 1 1 1 1 1 0 0 1 0 0 1 0 0 0 0
310	9	1 1 1 1 1 0 1 0 1 1 0 0 0 0 0 0
310	3	1 1 1 1 0 0 0 1 1 0 1 1 1 1 0 0
310	5	1 1 1 0 1 0 0 0 1 0 1 1 0 0 0 0
310	2	1 1 1 1 1 0 1 0 1 0 0 0 1 0 0 0
310	2	1 1 1 1 1 0 0 0 0 0 0 0 0 0 0 1
310	2	1 1 1 0 0 0 1 0 1 0 0 0 0 0 1 0
310	2	1 1 1 1 1 1 0 0 1 0 0 0 0 0 0 1
310	4	1 1 1 1 0 0 0 0 0 0 1 1 1 1 0 0
310	3	1 1 1 1 1 1 0 0 1 0 1 1 1 0 0 0
310	5	1 1 1 0 1 0 0 0 1 0 0 0 0 0 0 0
310	2	1 1 1 1 1 0 0 0 1 0 0 0 1 0 0 0
310	3	1 1 1 1 1 0 0 1 0 0 1 1 0 0 0 0
310	5	1 1 1 0 1 0 1 0 1 0 1 0 0 0 1 0
310	2	0 1 1 1 1 1 1 0 1 0 0 0 0 0 0 0
310	1	1 1 0 1 0 0 0 1 1 1 0 0 1 0 0 0
310	1	1 1 1 1 0 0 0 1 1 1 0 1 0 0 0 0
310	2	1 1 1 1 0 0 0 1 1 0 0 0 0 0 0 0
310	1	1 0 1 1 1 0 1 0 1 0 0 0 0 0 0 0
310	1	1 0 1 1 1 1 0 0 1 0 0 0 0 0 0 1
310	1	0 1 1 1 1 0 0 0 1 0 1 1 0 0 0 0
310	1	0 1 1 1 1 0 1 0 0 0 0 0 0 0 0 1
320	12	1 1 1 1 0 0 0 0 1 0 0 0 0 0 0 0
320	201	1 1 1 1 1 0 0 0 1 0 1 1 0 0 0 0
320	31	1 1 1 1 1 0 1 0 1 0 0 0 0 0 0 0
320	2	1 1 1 1 0 1 1 0 1 0 0 0 0 0 0 0
320	81	1 1 1 1 1 0 0 0 1 0 0 0 0 0 0 0
320	36	1 1 1 1 1 0 0 0 1 0 0 0 0 0 0 1
320	106	1 1 1 1 0 0 0 1 1 1 0 0 0 0 0 0
320	76	1 1 1 1 1 0 0 1 1 0 1 1 0 0 0 0
320	2	1 1 1 1 1 0 1 0 0 0 0 0 0 0 0 1
320	3	1 1 1 1 1 0 0 0 1 0 1 1 0 1 0 0
320	15	1 1 1 1 1 0 0 0 1 0 1 1 1 0 0 0
320	55	1 1 1 1 0 0 0 0 1 0 1 1 0 0 0 0
320	23	1 1 1 1 0 0 0 1 1 1 1 1 0 0 0 0
320	1	1 1 1 1 0 1 0 1 1 0 0 0 0 0 0 0
320	7	1 1 1 1 1 0 0 0 1 0 1 1 0 0 0 1
320	17	1 1 1 1 1 0 1 0 1 0 0 0 0 0 1 0
320	12	1 1 0 1 1 0 0 0 1 0 1 1 0 0 0 0
320	2	1 1 1 1 1 0 1 0 1 0 1 0 0 0 0 0
320	9	1 1 1 1 1 1 0 0 1 0 1 1 0 1 0 0
320	3	1 1 1 1 0 0 0 1 1 0 0 1 1 0 0 0
320	28	1 1 1 1 0 0 0 1 1 0 1 1 0 0 0 0
320	4	1 1 1 1 1 0 0 0 1 0 0 1 0 0 0 0
320	5	1 1 1 1 1 0 0 0 0 1 1 1 0 1 0 0
320	2	1 1 1 1 0 0 0 0 1 1 1 1 0 0 0 0
320	2	1 1 0 1 0 0 1 0 1 0 0 0 0 0 0 0
320	6	1 1 1 1 0 1 0 0 0 0 0 0 0 0 0 0
320	5	1 1 1 1 0 0 1 0 0 0 1 1 0 0 0 0
320	8	1 1 1 1 1 0 0 0 0 0 1 1 1 0 0 0
320	6	1 1 1 1 1 0 0 0 1 0 1 0 0 0 0 0
320	2	0 1 1 1 0 0 0 1 1 0 0 1 1 0 0 0
320	4	1 1 1 0 1 0 0 1 1 0 1 1 0 0 0 0
320	11	1 1 1 0 0 1 0 0 1 1 0 0 0 0 0 0
320	15	1 1 1 1 0 0 1 0 1 0 0 0 0 0 0 0
320	11	1 1 1 1 1 0 0 1 1 0 1 0 0 0 0 0
320	14	1 1 1 1 1 1 0 0 1 0 0 1 0 0 0 0
320	5	1 1 1 0 1 0 0 0 1 0 1 1 0 0 0 0
320	4	1 1 1 1 1 0 0 0 0 0 0 0 0 0 0 1
320	14	1 1 1 0 0 0 1 0 1 0 0 0 0 0 1 0
320	6	1 1 1 1 0 0 0 0 0 0 1 1 1 1 0 0
320	12	1 1 1 0 1 0 0 0 1 0 0 0 0 0 0 0
320	1	1 1 1 1 1 0 0 1 0 0 1 1 0 0 0 0
320	9	1 1 0 1 0 0 0 1 1 1 0 0 1 0 0 0
320	1	1 0 1 1 1 1 0 0 1 0 0 0 0 0 0 1
320	4	1 1 1 1 1 0 1 0 1 1 1 1 0 0 0 0
320	9	1 1 1 1 0 0 0 1 1 1 0 1 0 0 0 0
320	13	1 1 1 1 0 1 1 0 1 0 0 1 0 0 0 0
320	8	1 1 1 1 0 0 0 0 1 0 0 0 0 0 0 1
320	1	1 1 1 1 0 1 0 1 1 0 1 1 0 0 0 0
320	2	1 1 0 1 1 0 0 0 1 0 0 1 0 0 0 0
320	1	1 1 1 1 1 1 0 0 1 0 1 1 0 0 0 0
320	2	1 1 1 1 0 0 1 0 1 0 0 0 0 0 1 0
320	1	0 1 1 1 1 0 1 0 1 0 0 0 0 0 0 0
320	5	1 1 0 1 1 0 0 0 1 0 1 0 0 0 0 0
320	1	1 1 1 1 1 0 1 0 1 1 0 1 0 0 0 0
320	2	1 1 1 1 0 0 0 1 1 1 0 0 0 1 0 0
320	2	1 1 1 1 0 0 0 0 1 0 1 1 1 0 0 0
320	8	1 1 1 1 1 1 1 0 1 0 0 0 0 0 0 0
320	1	1 1 1 1 1 0 0 0 1 0 0 0 0 0 1 0
320	3	0 1 1 1 1 0 0 0 1 0 0 0 0 0 0 1
320	6	1 1 1 1 1 0 0 1 1 1 0 0 0 0 0 0
320	2	1 1 1 1 1 0 1 0 1 1 0 0 0 1 0 0
320	5	1 1 1 1 1 1 0 1 1 1 0 0 0 0 0 0
320	7	1 1 1 1 1 0 0 1 1 0 1 1 0 0 0 1
320	1	1 1 1 1 0 0 0 1 1 0 0 1 1 1 0 0
320	2	1 1 1 1 1 1 0 0 1 1 0 0 0 0 0 0
320	1	1 1 1 1 0 0 1 0 0 0 0 0 0 0 0 0
320	2	1 1 1 0 1 0 0 1 1 1 0 0 0 0 0 0
320	3	1 1 1 1 0 1 0 0 1 0 0 0 0 0 0 0
320	3	0 1 1 1 1 0 0 0 1 0 1 1 0 0 0 0
320	1	1 0 1 0 1 0 0 0 1 0 1 1 0 0 0 0
320	1	1 1 1 1 1 0 0 0 1 0 0 1 0 0 0 1
320	2	1 1 1 1 0 0 0 1 1 0 0 0 0 0 0 0
320	3	0 1 1 1 0 0 0 1 1 1 0 0 0 0 0 0
320	2	1 1 0 1 1 0 0 0 1 0 1 1 1 0 0 0
320	1	0 1 1 1 1 0 0 0 1 0 0 1 0 0 0 0
320	2	1 1 1 1 1 0 1 0 1 0 1 1 0 0 0 0
320	1	1 1 1 1 0 0 1 0 1 0 1 1 0 0 0 0
320	1	1 1 1 0 1 0 0 0 1 0 0 0 0 0 0 1
320	1	1 1 1 1 1 0 0 0 0 0 1 1 0 0 0 0
320	2	1 1 1 0 0 0 0 1 1 1 0 0 0 0 0 0
320	1	1 1 1 1 1 0 0 1 1 1 1 1 0 0 0 0
320	2	1 1 1 1 1 0 0 1 1 0 1 1 0 1 0 0
320	1	1 0 1 1 1 0 0 0 0 0 1 1 1 0 0 0
320	4	1 1 1 0 1 0 0 0 0 0 0 1 1 0 0 0
320	3	1 1 1 1 1 1 0 1 1 0 1 0 0 0 0 0
320	4	1 1 1 1 1 0 0 1 1 0 1 0 0 0 0 1
320	1	0 1 1 1 1 1 0 0 1 0 0 1 0 0 0 0
320	3	1 0 1 0 1 0 0 1 1 0 1 1 0 0 0 0
330	24	1 1 1 1 0 0 0 0 1 0 0 0 0 0 0 0
330	179	1 1 1 1 1 0 0 0 1 0 1 1 0 0 0 0
330	25	1 1 1 1 1 0 1 0 1 0 0 0 0 0 0 0
330	50	1 1 1 1 1 0 0 0 1 0 0 0 0 0 0 0
330	15	1 1 1 1 1 0 0 0 1 0 0 0 0 0 0 1
330	96	1 1 1 1 0 0 0 1 1 1 0 0 0 0 0 0
330	88	1 1 1 1 1 0 0 1 1 0 1 1 0 0 0 0
330	10	1 1 1 1 1 0 0 0 1 0 1 1 1 0 0 0
330	27	1 1 1 1 0 0 0 0 1 0 1 1 0 0 0 0
330	35	1 1 1 1 0 0 0 1 1 1 1 1 0 0 0 0
330	6	1 1 1 1 1 0 1 0 1 0 0 0 0 0 1 0
330	21	1 1 0 1 1 0 0 0 1 0 1 1 0 0 0 0
330	5	1 1 1 1 1 1 0 0 1 0 1 1 0 1 0 0
330	15	1 1 1 1 0 0 0 1 1 0 1 1 0 0 0 0
330	8	1 1 1 1 1 0 0 0 1 0 0 1 0 0 0 0
330	8	1 1 1 1 0 0 0 0 1 1 1 1 0 0 0 0
330	3	1 1 1 1 0 0 1 0 0 0 1 1 0 0 0 0
330	6	1 1 1 1 1 0 0 0 1 0 1 0 0 0 0 0
330	4	1 1 1 0 1 0 0 1 1 0 1 1 0 0 0 0
330	16	1 1 1 0 0 1 0 0 1 1 0 0 0 0 0 0
330	28	1 1 1 1 0 0 1 0 1 0 0 0 0 0 0 0
330	7	1 1 1 1 1 0 0 1 1 0 1 0 0 0 0 0
330	20	1 1 1 1 1 1 0 0 1 0 0 1 0 0 0 0
330	9	1 1 1 0 0 0 1 0 1 0 0 0 0 0 1 0
330	1	1 1 1 0 1 0 0 0 1 0 0 0 0 0 0 0
330	6	1 1 0 1 0 0 0 1 1 1 0 0 1 0 0 0
330	1	1 1 1 1 1 0 1 0 1 1 1 1 0 0 0 0
330	13	1 1 1 1 0 0 0 1 1 1 0 1 0 0 0 0
330	46	1 1 1 1 0 1 1 0 1 0 0 1 0 0 0 0
330	13	1 1 1 1 0 0 0 0 1 0 0 0 0 0 0 1
330	22	1 1 0 1 1 0 0 0 1 0 1 0 0 0 0 0
330	13	1 1 1 1 1 1 1 0 1 0 0 0 0 0 0 0
330	6	1 1 1 1 1 0 0 1 1 1 0 0 0 0 0 0
330	5	1 1 1 1 0 1 0 0 1 0 0 0 0 0 0 0
330	3	0 1 1 1 1 0 0 0 1 0 0 1 0 0 0 0
330	8	1 0 1 1 1 0 0 0 0 0 1 1 1 0 0 0
330	2	1 1 1 0 1 0 0 0 0 0 0 1 1 0 0 0
330	5	1 1 1 1 1 0 0 1 1 0 1 0 0 0 0 1
330	16	1 1 1 0 0 0 1 0 1 0 0 0 0 0 0 0
330	8	1 1 1 1 1 0 1 1 1 0 1 1 0 0 0 0
330	7	1 1 1 1 1 0 1 0 1 1 1 1 0 0 1 0
330	6	0 1 1 1 0 0 1 1 1 1 0 0 0 0 0 0
330	8	1 1 1 1 1 0 0 0 1 0 1 1 0 0 1 0
330	5	1 1 1 1 1 0 0 0 0 0 0 0 0 0 0 0
330	5	1 1 1 1 0 1 1 1 0 0 1 1 0 0 0 0
330	3	1 1 1 1 1 1 0 0 1 0 0 0 0 0 0 0
330	12	1 1 1 1 1 0 0 1 1 0 0 0 0 0 0 0
330	1	1 0 0 1 1 0 0 0 1 0 1 1 0 0 0 0
330	14	1 0 1 1 1 1 0 0 1 0 0 0 0 0 0 0
330	1	1 1 1 1 0 0 0 1 1 1 1 1 1 0 0 0
330	5	1 1 1 1 0 1 1 0 1 0 0 1 1 0 0 0
330	10	1 1 1 1 0 0 0 0 1 0 1 1 1 0 0 0
330	1	1 1 1 1 1 0 1 0 1 0 1 0 0 0 0 0
330	4	1 1 1 1 1 1 1 0 1 1 0 0 0 0 0 0
330	4	1 1 1 1 0 1 0 1 1 0 0 1 0 0 0 0
330	4	1 1 0 1 1 0 0 1 1 0 1 1 0 0 0 0
330	3	1 1 1 1 1 0 1 0 1 0 0 1 0 0 0 0
330	3	1 1 1 1 0 0 0 1 1 0 0 0 0 0 0 0
330	2	1 1 0 1 0 0 0 1 1 1 1 1 0 0 0 0
330	2	1 1 1 1 1 1 0 1 1 0 1 1 0 0 0 0
330	2	1 0 1 1 0 0 0 1 1 1 1 1 0 0 0 0
330	4	1 1 1 1 1 0 0 0 1 0 1 0 1 0 0 0
330	1	1 0 1 1 1 0 0 0 1 0 0 0 0 0 0 0
330	1	1 1 1 1 0 0 1 0 1 0 1 1 0 0 0 0
330	1	1 1 0 1 0 0 0 1 1 1 0 0 1 0 0 1
330	1	1 1 1 1 1 0 1 1 1 1 1 1 0 0 0 0
330	3	1 1 1 1 1 1 0 1 1 1 0 0 0 0 0 0
330	1	1 1 1 1 1 0 1 0 1 0 1 0 1 0 0 0
330	1	1 1 1 1 1 0 0 0 1 1 0 0 0 0 0 0
330	1	1 1 1 1 0 0 0 0 0 0 1 1 1 0 0 0
330	2	1 1 1 0 0 0 0 0 1 0 1 1 0 0 0 0
330	1	1 1 1 1 1 1 0 0 1 0 1 1 0 0 0 0
330	2	1 1 1 1 1 0 0 0 0 0 1 1 0 0 0 0
330	1	0 1 1 1 1 0 1 0 1 0 0 0 0 0 0 0
330	1	1 0 1 1 0 0 0 0 1 0 1 1 0 0 0 0
330	1	1 1 1 1 0 1 1 0 0 0 0 1 0 0 0 0
330	1	0 1 1 0 0 0 1 1 1 1 0 0 0 0 0 0
330	1	0 1 1 1 0 0 1 1 0 1 0 0 0 0 0 0
330	1	1 1 1 1 1 0 1 0 0 1 0 0 0 0 1 0
340	7	1 1 1 1 0 0 0 0 1 0 0 0 0 0 0 0
340	191	1 1 1 1 1 0 0 0 1 0 1 1 0 0 0 0
340	30	1 1 1 1 1 0 1 0 1 0 0 0 0 0 0 0
340	49	1 1 1 1 1 0 0 0 1 0 0 0 0 0 0 0
340	5	1 1 1 1 1 0 0 0 1 0 0 0 0 0 0 1
340	59	1 1 1 1 0 0 0 1 1 1 0 0 0 0 0 0
340	37	1 1 1 1 1 0 0 1 1 0 1 1 0 0 0 0
340	8	1 1 1 1 1 0 0 0 1 0 1 1 1 0 0 0
340	13	1 1 1 1 0 0 0 0 1 0 1 1 0 0 0 0
340	42	1 1 1 1 0 0 0 1 1 1 1 1 0 0 0 0
340	18	1 1 1 1 1 0 1 0 1 0 0 0 0 0 1 0
340	43	1 1 0 1 1 0 0 0 1 0 1 1 0 0 0 0
340	23	1 1 1 1 0 0 0 1 1 0 1 1 0 0 0 0
340	9	1 1 1 1 1 0 0 0 1 0 0 1 0 0 0 0
340	3	1 1 1 1 1 0 0 0 1 0 1 0 0 0 0 0
340	56	1 1 1 1 0 0 1 0 1 0 0 0 0 0 0 0
340	18	1 1 1 1 1 1 0 0 1 0 0 1 0 0 0 0
340	6	1 1 1 0 0 0 1 0 1 0 0 0 0 0 1 0
340	13	1 1 1 1 0 0 0 1 1 1 0 1 0 0 0 0
340	58	1 1 1 1 0 1 1 0 1 0 0 1 0 0 0 0
340	8	1 1 1 1 0 0 0 0 1 0 0 0 0 0 0 1
340	7	1 1 0 1 1 0 0 0 1 0 1 0 0 0 0 0
340	5	1 1 1 1 1 1 1 0 1 0 0 0 0 0 0 0
340	2	1 1 1 1 1 0 0 1 1 1 0 0 0 0 0 0
340	6	1 1 1 1 0 1 0 0 1 0 0 0 0 0 0 0
340	3	1 1 1 1 1 0 0 1 1 0 1 0 0 0 0 1
340	9	1 1 1 1 1 0 1 0 1 1 1 1 0 0 1 0
340	1	0 1 1 1 0 0 1 1 1 1 0 0 0 0 0 0
340	4	1 1 1 1 1 0 0 0 1 0 1 1 0 0 1 0
340	18	1 1 1 1 1 0 0 0 0 0 0 0 0 0 0 0
340	13	1 1 1 1 0 1 1 1 0 0 1 1 0 0 0 0
340	15	1 1 1 1 1 1 0 0 1 0 0 0 0 0 0 0
340	18	1 1 1 1 1 0 0 1 1 0 0 0 0 0 0 0
340	4	1 0 0 1 1 0 0 0 1 0 1 1 0 0 0 0
340	31	1 0 1 1 1 1 0 0 1 0 0 0 0 0 0 0
340	8	1 1 1 1 0 1 1 0 1 0 0 1 1 0 0 0
340	3	1 1 1 1 1 1 1 0 1 1 0 0 0 0 0 0
340	4	1 1 1 1 0 1 0 1 1 0 0 1 0 0 0 0
340	11	1 1 1 1 1 0 1 0 1 0 0 1 0 0 0 0
340	3	1 1 0 1 0 0 0 1 1 1 1 1 0 0 0 0
340	20	1 1 1 1 0 0 1 0 1 0 1 1 0 0 0 0
340	10	1 1 1 1 1 0 0 0 1 1 0 0 0 0 0 0
340	3	1 1 1 0 0 0 0 0 1 0 1 1 0 0 0 0
340	3	1 1 1 1 0 0 0 1 1 1 0 0 0 0 0 1
340	12	1 0 1 1 1 0 0 0 1 1 0 0 0 0 0 0
340	16	1 1 1 1 1 0 0 0 1 0 1 1 0 0 0 1
340	5	1 1 1 1 0 0 0 0 0 0 1 1 0 0 0 0
340	3	1 1 1 1 0 0 0 1 1 1 1 0 0 0 0 0
340	2	1 1 1 1 1 0 0 1 1 0 1 1 1 0 0 0
340	1	1 0 1 0 0 0 1 0 1 0 0 0 0 0 1 0
340	1	0 1 1 1 0 0 0 1 1 0 1 1 0 0 0 0
340	3	1 1 1 1 0 1 0 1 1 0 1 1 0 0 0 0
340	7	1 1 1 1 1 1 0 0 1 0 1 0 0 0 0 0
340	1	1 1 0 1 1 0 1 0 1 0 0 0 0 0 0 0
340	6	1 1 0 1 1 0 0 1 1 0 1 0 0 0 0 0
340	7	0 1 1 1 0 1 1 0 1 0 0 1 0 0 0 0
340	3	1 0 1 1 1 1 0 0 0 0 0 0 0 0 0 0
340	2	1 1 1 1 0 0 0 0 1 1 0 0 0 0 0 0
340	1	1 0 1 1 1 0 0 0 1 0 1 1 0 0 0 0
340	8	1 1 1 0 1 0 0 0 1 0 1 1 0 0 0 0
340	2	1 1 0 1 1 0 0 1 1 0 1 1 0 0 0 0
340	2	1 1 1 1 0 0 0 1 1 0 1 0 0 0 0 0
340	1	1 1 1 1 1 1 0 0 1 0 0 1 1 0 0 0
340	1	0 1 0 1 1 0 0 0 1 0 1 0 0 0 0 0
340	1	1 0 1 1 0 1 0 0 1 0 0 0 0 0 0 0
340	2	1 1 1 1 0 1 0 0 1 0 1 1 0 0 0 0
340	2	1 1 1 1 1 0 1 0 1 0 0 0 0 1 0 0
340	1	1 0 1 1 1 1 0 0 1 0 0 1 0 0 0 0
340	2	1 1 1 1 0 0 0 0 1 0 1 0 1 0 0 0
340	2	0 1 1 1 1 0 0 0 1 0 0 0 0 0 0 0
340	1	1 1 1 1 1 0 0 1 1 0 1 1 0 1 0 0
340	2	1 0 1 1 1 0 0 1 1 0 1 1 0 0 0 0
340	1	1 1 1 1 0 0 1 0 0 0 0 0 0 0 0 0
340	1	0 1 1 1 0 0 0 1 1 1 0 1 0 0 0 0
340	1	1 1 1 1 0 0 0 0 1 0 1 0 0 0 0 1
340	1	1 1 1 0 1 0 0 1 1 1 0 0 0 0 0 0
340	2	1 1 1 1 0 1 1 1 0 0 1 1 0 0 0 1
350	116	1 1 1 1 1 0 0 0 1 0 1 1 0 0 0 0
350	15	1 1 1 1 1 0 1 0 1 0 0 0 0 0 0 0
350	59	1 1 1 1 1 0 0 0 1 0 0 0 0 0 0 0
350	90	1 1 1 1 0 0 0 1 1 1 0 0 0 0 0 0
350	48	1 1 1 1 1 0 0 1 1 0 1 1 0 0 0 0
350	12	1 1 1 1 1 0 0 0 1 0 1 1 1 0 0 0
350	21	1 1 1 1 0 0 0 0 1 0 1 1 0 0 0 0
350	41	1 1 1 1 0 0 0 1 1 1 1 1 0 0 0 0
350	18	1 1 1 1 1 0 1 0 1 0 0 0 0 0 1 0
350	15	1 1 0 1 1 0 0 0 1 0 1 1 0 0 0 0
350	13	1 1 1 1 0 0 0 1 1 0 1 1 0 0 0 0
350	48	1 1 1 1 0 0 1 0 1 0 0 0 0 0 0 0
350	17	1 1 1 1 1 1 0 0 1 0 0 1 0 0 0 0
350	3	1 1 1 0 0 0 1 0 1 0 0 0 0 0 1 0
350	16	1 1 1 1 0 0 0 1 1 1 0 1 0 0 0 0
350	63	1 1 1 1 0 1 1 0 1 0 0 1 0 0 0 0
350	4	1 1 1 1 0 0 0 0 1 0 0 0 0 0 0 1
350	7	1 1 0 1 1 0 0 0 1 0 1 0 0 0 0 0
350	41	1 1 1 1 1 0 0 0 0 0 0 0 0 0 0 0
350	6	1 1 1 1 0 1 1 1 0 0 1 1 0 0 0 0
350	10	1 1 1 1 1 1 0 0 1 0 0 0 0 0 0 0
350	20	1 1 1 1 1 0 0 1 1 0 0 0 0 0 0 0
350	1	1 0 0 1 1 0 0 0 1 0 1 1 0 0 0 0
350	7	1 1 1 1 0 1 1 0 1 0 0 1 1 0 0 0
350	6	1 1 1 1 0 1 0 1 1 0 0 1 0 0 0 0
350	20	1 1 1 1 1 0 1 0 1 0 0 1 0 0 0 0
350	6	1 1 0 1 0 0 0 1 1 1 1 1 0 0 0 0
350	1	1 1 1 1 0 0 1 0 1 0 1 1 0 0 0 0
350	7	1 1 1 1 1 0 0 0 1 1 0 0 0 0 0 0
350	17	1 1 1 0 0 0 0 0 1 0 1 1 0 0 0 0
350	33	1 0 1 1 1 0 0 0 1 1 0 0 0 0 0 0
350	19	1 1 1 1 1 0 0 0 1 0 1 1 0 0 0 1
350	9	0 1 1 1 0 0 0 1 1 0 1 1 0 0 0 0
350	1	1 1 1 1 0 1 0 1 1 0 1 1 0 0 0 0
350	1	1 1 1 1 1 1 0 0 1 0 1 0 0 0 0 0
350	14	1 1 0 1 1 0 0 1 1 0 1 0 0 0 0 0
350	4	0 1 1 1 0 1 1 0 1 0 0 1 0 0 0 0
350	2	1 0 1 1 1 1 0 0 0 0 0 0 0 0 0 0
350	3	1 0 1 1 1 0 0 1 1 0 1 1 0 0 0 0
350	7	1 1 0 1 1 0 0 0 1 0 1 1 1 0 0 0
350	9	1 1 1 1 0 0 1 0 1 0 0 0 0 0 1 0
350	3	0 1 1 1 1 0 0 0 1 1 0 0 0 0 0 0
350	1	1 1 0 1 1 1 0 0 1 0 0 0 0 1 0 0
350	2	1 1 1 1 0 1 1 0 0 0 0 1 0 0 0 0
350	1	1 0 1 1 0 0 0 0 1 0 0 0 0 0 0 1
350	1	1 1 1 1 1 0 0 0 1 0 0 0 0 0 1 0
350	6	1 0 1 1 1 0 0 0 1 1 0 0 0 0 0 1
350	7	1 1 1 0 0 0 1 0 1 0 0 1 0 0 0 0
350	5	1 1 1 1 0 0 0 1 1 1 0 0 0 1 0 0
350	1	1 1 0 1 1 1 0 0 1 0 1 1 0 0 0 0
350	10	1 0 0 1 1 0 0 0 1 1 0 0 0 0 0 0
350	2	1 0 1 1 1 0 1 0 1 0 0 0 0 0 1 0
350	12	1 0 1 1 1 0 1 0 1 0 0 0 0 0 0 0
350	6	1 1 1 1 1 0 0 0 1 0 0 0 0 1 0 0
350	2	1 1 1 1 1 0 0 1 1 1 1 1 0 0 0 0
350	1	1 1 0 0 1 0 0 0 1 0 1 1 0 0 0 0
350	3	1 1 1 1 0 0 1 0 1 0 0 0 0 1 0 0
350	6	1 1 1 1 1 0 0 0 1 1 1 1 0 0 1 0
350	4	1 1 0 1 1 0 0 0 1 1 1 1 1 0 0 0
350	11	1 1 1 1 1 0 0 0 1 1 0 1 0 0 0 0
350	3	1 1 0 1 1 0 0 0 1 1 0 0 0 0 0 0
350	3	1 1 1 1 0 0 1 0 1 0 0 1 0 0 0 0
350	6	1 1 1 1 1 0 0 0 1 1 1 1 0 0 0 0
350	2	1 1 1 1 1 0 0 0 1 0 1 0 0 0 0 0
350	2	1 1 1 1 0 0 1 1 1 0 1 1 0 0 0 0
350	5	1 1 0 1 1 0 0 0 1 0 1 0 0 0 1 0
350	3	1 1 1 1 0 1 1 0 1 0 1 1 0 0 0 0
350	1	1 0 1 1 1 0 1 0 1 0 0 1 0 0 0 0
350	8	0 1 1 1 1 0 0 0 1 0 1 1 0 0 0 0
350	3	1 1 1 1 1 1 0 0 1 0 1 1 0 0 0 0
350	5	1 1 1 1 1 1 0 0 0 0 0 0 0 0 0 0
350	4	1 1 0 1 1 0 0 0 0 0 0 0 0 0 0 0
350	1	1 1 0 1 1 0 0 1 1 0 0 0 0 0 0 0
350	4	1 1 1 1 0 0 0 1 0 1 0 0 0 0 0 0
350	2	1 1 1 1 0 0 0 0 1 1 1 1 0 0 0 0
350	1	1 1 0 1 1 0 1 0 1 0 0 0 0 0 1 0
350	1	1 1 0 1 0 0 1 0 1 0 0 0 0 0 0 0
350	3	0 1 1 1 1 0 1 0 1 0 0 1 0 0 0 0
350	3	1 1 1 1 1 0 1 0 1 0 1 1 0 0 0 0
350	2	1 1 1 1 1 1 0 0 1 0 0 1 1 0 0 0
350	1	1 1 0 1 1 0 0 0 1 0 1 0 0 1 0 0
350	2	1 1 1 1 1 0 0 0 1 0 0 1 0 1 0 0
350	1	1 1 1 1 1 0 1 0 1 1 1 1 0 0 0 0
360	80	1 1 1 1 1 0 0 0 1 0 1 1 0 0 0 0
360	14	1 1 1 1 1 0 1 0 1 0 0 0 0 0 0 0
360	78	1 1 1 1 1 0 0 0 1 0 0 0 0 0 0 0
360	97	1 1 1 1 0 0 0 1 1 1 0 0 0 0 0 0
360	45	1 1 1 1 1 0 0 1 1 0 1 1 0 0 0 0
360	24	1 1 1 1 1 0 0 0 1 0 1 1 1 0 0 0
360	28	1 1 1 1 0 0 0 0 1 0 1 1 0 0 0 0
360	27	1 1 1 1 0 0 0 1 1 1 1 1 0 0 0 0
360	5	1 1 1 1 1 0 1 0 1 0 0 0 0 0 1 0
360	1	1 1 0 1 1 0 0 0 1 0 1 1 0 0 0 0
360	13	1 1 1 1 0 0 0 1 1 0 1 1 0 0 0 0
360	38	1 1 1 1 0 0 1 0 1 0 0 0 0 0 0 0
360	40	1 1 1 1 1 1 0 0 1 0 0 1 0 0 0 0
360	61	1 1 1 1 0 1 1 0 1 0 0 1 0 0 0 0
360	8	1 1 1 1 1 0 0 0 0 0 0 0 0 0 0 0
360	1	1 1 1 1 0 1 1 1 0 0 1 1 0 0 0 0
360	1	1 1 1 1 1 1 0 0 1 0 0 0 0 0 0 0
360	37	1 1 1 1 1 0 0 1 1 0 0 0 0 0 0 0
360	6	1 1 1 1 0 1 1 0 1 0 0 1 1 0 0 0
360	2	1 1 1 1 0 1 0 1 1 0 0 1 0 0 0 0
360	13	1 1 1 1 1 0 1 0 1 0 0 1 0 0 0 0
360	9	1 1 0 1 0 0 0 1 1 1 1 1 0 0 0 0
360	3	1 1 1 1 1 0 0 0 1 1 0 0 0 0 0 0
360	4	1 1 1 0 0 0 0 0 1 0 1 1 0 0 0 0
360	18	1 0 1 1 1 0 0 0 1 1 0 0 0 0 0 0
360	2	1 1 1 1 1 0 0 0 1 0 1 1 0 0 0 1
360	20	0 1 1 1 0 0 0 1 1 0 1 1 0 0 0 0
360	18	0 1 1 1 0 1 1 0 1 0 0 1 0 0 0 0
360	3	1 1 0 1 1 0 0 0 1 0 1 1 1 0 0 0
360	6	1 1 1 1 0 0 1 0 1 0 0 0 0 0 1 0
360	3	1 0 1 1 1 0 0 0 1 1 0 0 0 0 0 1
360	13	1 1 1 0 0 0 1 0 1 0 0 1 0 0 0 0
360	2	1 1 1 1 0 0 0 1 1 1 0 0 0 1 0 0
360	2	1 1 0 1 1 1 0 0 1 0 1 1 0 0 0 0
360	16	1 0 0 1 1 0 0 0 1 1 0 0 0 0 0 0
360	4	1 0 1 1 1 0 1 0 1 0 0 0 0 0 0 0
360	3	1 1 1 1 1 0 0 0 1 0 0 0 0 1 0 0
360	6	1 1 1 1 1 0 0 1 1 1 1 1 0 0 0 0
360	11	1 1 0 0 1 0 0 0 1 0 1 1 0 0 0 0
360	3	1 1 1 1 0 0 1 0 1 0 0 0 0 1 0 0
360	4	1 1 1 1 1 0 0 0 1 1 1 1 0 0 1 0
360	4	1 1 1 1 1 0 0 0 1 1 0 1 0 0 0 0
360	1	1 1 1 1 1 0 0 0 1 1 1 1 0 0 0 0
360	3	1 1 1 1 0 0 1 1 1 0 1 1 0 0 0 0
360	10	1 1 0 1 1 0 0 0 1 0 1 0 0 0 1 0
360	5	1 1 1 1 1 1 0 0 1 0 1 1 0 0 0 0
360	16	1 1 0 1 1 0 0 1 1 0 0 0 0 0 0 0
360	10	1 1 1 1 0 0 0 1 0 1 0 0 0 0 0 0
360	1	0 1 1 1 1 0 1 0 1 0 0 1 0 0 0 0
360	3	1 1 1 1 1 0 1 0 1 0 1 1 0 0 0 0
360	3	1 1 1 1 1 0 0 0 1 0 0 1 0 1 0 0
360	7	1 0 1 1 1 0 1 0 1 1 0 0 0 0 0 0
360	17	1 1 1 1 1 0 0 0 1 0 0 1 0 0 0 0
360	3	1 0 1 1 1 0 0 0 1 1 0 0 0 1 0 0
360	3	1 1 0 1 1 0 0 1 1 1 0 0 0 0 0 0
360	1	1 1 1 1 0 0 0 1 1 0 0 0 0 0 0 0
360	9	1 1 1 0 0 0 0 1 1 0 1 1 0 0 0 0
360	3	1 1 1 1 0 1 1 0 1 0 0 1 0 0 1 0
360	7	1 0 1 1 1 0 0 1 1 1 0 0 0 0 0 0
360	6	1 1 1 1 1 0 0 1 1 1 0 0 0 0 0 0
360	4	1 1 1 1 1 0 0 0 1 0 1 0 0 0 0 0
360	10	1 1 1 1 0 0 0 1 1 1 1 0 0 0 0 0
360	8	1 0 1 1 0 0 1 0 1 0 0 0 0 0 0 0
360	5	1 1 1 1 0 0 0 1 1 1 0 0 0 1 0 1
360	9	1 1 0 1 1 0 0 1 0 1 0 0 0 0 0 0
360	4	1 1 1 1 0 0 0 0 1 0 1 1 1 0 0 0
360	2	0 1 1 1 0 0 0 1 1 1 1 1 0 0 0 0
360	4	1 1 1 1 1 0 0 1 1 1 1 1 0 0 1 0
360	5	0 1 1 1 0 0 1 0 1 0 0 0 0 0 0 0
360	6	0 1 1 1 1 0 0 0 1 0 1 1 1 0 0 0
360	3	1 1 1 0 1 0 0 0 1 0 1 1 0 0 0 0
360	6	0 1 1 1 0 0 0 1 1 1 0 0 0 0 0 0
360	5	1 1 1 1 1 1 0 0 1 0 0 1 0 0 0 1
360	5	1 1 1 1 0 1 1 0 1 0 0 0 0 0 0 0
360	1	1 1 1 1 0 0 1 0 1 0 0 0 1 0 1 0
360	1	1 1 1 1 1 0 0 1 1 0 1 0 0 0 0 0
360	5	1 1 1 1 0 0 1 0 1 0 1 0 0 0 0 0
360	1	1 1 1 1 1 0 0 0 0 0 1 1 0 0 0 0
360	2	1 1 1 1 0 0 1 1 1 0 0 0 0 0 0 0
360	3	1 1 0 1 1 0 0 1 1 0 1 1 0 0 0 0
360	2	1 1 1 1 1 0 0 0 1 0 0 1 1 0 0 0
360	2	1 1 1 1 0 0 0 1 1 1 1 1 0 1 0 0
360	2	1 1 1 0 0 0 1 0 1 0 0 0 0 0 1 1
360	3	1 1 0 1 1 0 0 0 1 0 0 0 0 1 0 0
360	2	1 1 1 1 0 1 1 0 1 1 0 1 0 0 1 0
360	1	1 0 1 1 1 0 0 1 1 0 0 0 0 0 0 0
360	2	1 1 1 1 1 0 0 1 1 1 0 0 0 1 0 1
360	3	1 1 0 1 1 0 0 0 0 1 0 0 0 0 0 0
360	1	1 1 1 1 1 0 0 1 0 1 0 0 0 0 0 0
360	2	1 1 1 0 1 0 0 0 1 0 0 0 0 0 0 0
360	1	1 1 1 1 0 0 0 0 1 1 0 0 0 0 0 0
360	1	1 1 1 0 0 0 1 0 1 0 0 0 0 0 0 0
360	1	1 1 1 1 0 0 1 0 1 0 0 1 0 0 0 0
360	2	1 1 0 0 1 0 0 1 1 0 1 0 0 0 0 0
360	2	1 1 0 1 0 0 0 1 0 1 0 0 0 0 0 0
360	1	1 1 1 1 0 0 0 1 0 1 0 0 0 0 0 1
360	1	1 1 1 1 0 0 0 1 0 0 0 0 0 0 0 0
360	1	1 1 1 1 1 1 0 1 1 1 0 0 0 0 0 0
370	53	1 1 1 1 1 0 0 0 1 0 1 1 0 0 0 0
370	18	1 1 1 1 1 0 1 0 1 0 0 0 0 0 0 0
370	37	1 1 1 1 1 0 0 0 1 0 0 0 0 0 0 0
370	76	1 1 1 1 0 0 0 1 1 1 0 0 0 0 0 0
370	36	1 1 1 1 1 0 0 1 1 0 1 1 0 0 0 0
370	25	1 1 1 1 1 0 0 0 1 0 1 1 1 0 0 0
370	14	1 1 1 1 0 0 0 0 1 0 1 1 0 0 0 0
370	44	1 1 1 1 0 0 0 1 1 1 1 1 0 0 0 0
370	10	1 1 1 1 0 0 0 1 1 0 1 1 0 0 0 0
370	25	1 1 1 1 0 0 1 0 1 0 0 0 0 0 0 0
370	59	1 1 1 1 1 1 0 0 1 0 0 1 0 0 0 0
370	20	1 1 1 1 0 1 1 0 1 0 0 1 0 0 0 0
370	1	1 1 1 1 1 0 0 0 0 0 0 0 0 0 0 0
370	2	1 1 1 1 1 1 0 0 1 0 0 0 0 0 0 0
370	17	1 1 1 1 1 0 0 1 1 0 0 0 0 0 0 0
370	16	1 1 1 1 0 1 0 1 1 0 0 1 0 0 0 0
370	26	1 1 1 1 1 0 1 0 1 0 0 1 0 0 0 0
370	1	1 1 0 1 0 0 0 1 1 1 1 1 0 0 0 0
370	1	1 1 1 0 0 0 0 0 1 0 1 1 0 0 0 0
370	6	1 0 1 1 1 0 0 0 1 1 0 0 0 0 0 0
370	7	0 1 1 1 0 0 0 1 1 0 1 1 0 0 0 0
370	18	0 1 1 1 0 1 1 0 1 0 0 1 0 0 0 0
370	1	1 0 1 1 1 0 0 0 1 1 0 0 0 0 0 1
370	3	1 1 1 0 0 0 1 0 1 0 0 1 0 0 0 0
370	5	1 0 0 1 1 0 0 0 1 1 0 0 0 0 0 0
370	2	1 1 1 1 1 0 0 0 1 0 0 0 0 1 0 0
370	9	1 1 0 0 1 0 0 0 1 0 1 1 0 0 0 0
370	8	1 1 0 1 1 0 0 0 1 0 1 0 0 0 1 0
370	9	1 1 1 1 1 1 0 0 1 0 1 1 0 0 0 0
370	42	1 1 0 1 1 0 0 1 1 0 0 0 0 0 0 0
370	7	1 1 1 1 0 0 0 1 0 1 0 0 0 0 0 0
370	10	1 1 1 1 1 0 1 0 1 0 1 1 0 0 0 0
370	5	1 0 1 1 1 0 1 0 1 1 0 0 0 0 0 0
370	25	1 1 1 1 1 0 0 0 1 0 0 1 0 0 0 0
370	6	1 0 1 1 1 0 0 0 1 1 0 0 0 1 0 0
370	23	1 1 0 1 1 0 0 1 1 1 0 0 0 0 0 0
370	2	1 1 1 1 0 0 0 1 1 0 0 0 0 0 0 0
370	22	1 1 1 0 0 0 0 1 1 0 1 1 0 0 0 0
370	12	1 1 1 1 0 1 1 0 1 0 0 1 0 0 1 0
370	6	1 0 1 1 1 0 0 1 1 1 0 0 0 0 0 0
370	25	1 1 1 1 0 0 0 1 1 1 1 0 0 0 0 0
370	18	1 0 1 1 0 0 1 0 1 0 0 0 0 0 0 0
370	3	1 1 0 1 1 0 0 1 0 1 0 0 0 0 0 0
370	5	1 1 1 1 0 0 0 0 1 0 1 1 1 0 0 0
370	1	0 1 1 1 0 0 0 1 1 1 1 1 0 0 0 0
370	5	1 1 1 1 1 0 0 1 1 1 1 1 0 0 1 0
370	12	0 1 1 1 0 0 1 0 1 0 0 0 0 0 0 0
370	2	0 1 1 1 1 0 0 0 1 0 1 1 1 0 0 0
370	2	1 1 1 0 1 0 0 0 1 0 1 1 0 0 0 0
370	13	0 1 1 1 0 0 0 1 1 1 0 0 0 0 0 0
370	12	1 1 1 1 0 1 1 0 1 0 0 0 0 0 0 0
370	1	1 1 1 1 0 0 1 1 1 0 0 0 0 0 0 0
370	2	1 1 0 1 1 0 0 0 1 0 0 0 0 1 0 0
370	14	1 1 1 1 0 1 1 0 1 1 0 1 0 0 1 0
370	5	1 1 0 1 1 0 0 0 0 1 0 0 0 0 0 0
370	3	1 1 0 1 0 0 0 1 0 1 0 0 0 0 0 0
370	14	1 1 1 1 1 1 0 1 1 1 0 0 0 0 0 0
370	7	1 1 1 1 0 0 0 1 1 1 0 1 0 0 0 0
370	9	1 1 1 1 1 0 0 1 1 0 0 1 0 0 0 0
370	1	1 0 1 1 0 0 0 0 1 0 1 1 0 0 0 0
370	3	1 1 1 0 0 0 1 0 1 0 0 0 0 0 1 0
370	7	1 0 1 1 1 0 0 0 1 1 1 1 0 0 1 0
370	15	1 1 1 1 0 0 0 0 1 1 1 1 0 0 0 0
370	7	1 1 0 1 1 0 1 1 1 0 0 0 0 0 0 0
370	5	0 1 1 0 0 0 0 1 1 0 1 1 0 0 0 0
370	1	1 1 1 1 1 0 1 0 1 0 0 0 0 0 0 1
370	3	1 1 1 1 0 0 0 1 1 1 0 0 1 0 0 0
370	2	1 1 1 0 1 0 1 0 1 0 0 1 0 0 0 0
370	2	1 0 0 1 1 0 0 0 1 1 0 0 0 0 1 0
370	9	0 1 1 1 0 0 0 1 1 0 0 0 0 0 0 0
370	6	1 0 1 1 0 1 1 0 1 0 0 1 0 0 0 0
370	2	0 1 1 1 0 0 0 0 1 1 1 1 0 0 0 0
370	1	1 1 0 1 1 0 0 1 1 0 0 1 0 0 0 0
370	1	1 1 1 0 1 0 0 1 1 0 1 1 0 0 0 0
370	6	1 1 1 1 1 0 0 1 0 0 0 0 0 0 0 0
370	1	0 1 1 1 1 1 0 0 1 0 0 1 0 0 0 1
370	4	1 1 1 1 0 0 1 0 1 0 1 0 0 0 0 0
370	7	1 1 0 1 0 0 0 0 1 0 1 1 0 0 0 0
370	2	1 1 1 1 0 0 1 1 1 1 1 1 0 0 0 0
370	1	1 1 1 0 0 0 0 0 1 0 1 1 0 0 0 1
370	4	1 1 0 1 1 0 0 0 1 0 0 1 0 0 0 0
370	3	1 0 1 1 1 0 0 0 1 1 0 0 0 1 1 0
370	2	1 1 0 1 1 0 0 1 1 1 1 1 0 0 1 0
370	6	1 1 1 0 1 0 0 0 1 0 1 0 0 0 0 0
370	2	1 0 1 1 1 0 0 0 1 0 1 1 0 0 0 0
370	1	1 1 1 1 0 0 0 1 1 1 0 0 0 1 0 0
370	3	1 1 1 1 1 0 0 1 1 0 1 1 0 0 1 0
370	4	1 1 1 1 1 1 0 1 1 0 0 1 0 0 0 0
370	4	1 1 1 1 0 1 0 0 1 0 0 1 0 0 0 0
370	1	1 1 1 1 1 1 0 0 1 0 1 1 0 1 0 0
370	2	1 0 1 0 1 0 0 1 1 0 1 1 0 0 0 0
370	2	1 1 1 1 1 0 0 1 1 1 1 1 0 0 0 0
370	1	0 1 1 1 0 0 1 0 1 0 0 0 1 0 0 0
370	2	1 0 1 1 1 0 0 0 1 1 1 0 0 0 0 0
370	1	1 1 1 1 1 0 0 1 0 0 1 1 0 0 0 0
370	2	1 1 1 1 1 0 1 0 1 0 1 0 0 0 0 0
370	1	1 0 1 1 1 0 0 0 1 0 0 0 0 0 0 0
370	1	1 1 0 1 0 0 0 1 1 1 0 0 0 0 0 0
370	1	1 0 1 1 1 0 0 1 1 0 0 0 0 0 0 0
370	2	1 1 1 1 0 0 0 1 1 0 0 1 0 0 0 0
370	1	1 1 1 1 0 1 0 1 1 0 0 0 0 0 0 0
370	1	1 0 0 1 1 0 0 1 1 0 0 0 0 0 0 0
370	2	1 0 1 0 0 0 0 1 1 0 1 1 0 0 0 0
370	2	1 0 1 1 1 0 0 1 1 1 0 1 0 0 0 0
370	1	1 0 1 1 0 0 0 1 1 1 0 1 0 0 0 0
380	43	1 1 1 1 1 0 0 0 1 0 1 1 0 0 0 0
380	7	1 1 1 1 1 0 1 0 1 0 0 0 0 0 0 0
380	38	1 1 1 1 1 0 0 0 1 0 0 0 0 0 0 0
380	44	1 1 1 1 0 0 0 1 1 1 0 0 0 0 0 0
380	25	1 1 1 1 1 0 0 1 1 0 1 1 0 0 0 0
380	16	1 1 1 1 1 0 0 0 1 0 1 1 1 0 0 0
380	40	1 1 1 1 0 0 0 0 1 0 1 1 0 0 0 0
380	15	1 1 1 1 0 0 0 1 1 1 1 1 0 0 0 0
380	8	1 1 1 1 0 0 0 1 1 0 1 1 0 0 0 0
380	35	1 1 1 1 0 0 1 0 1 0 0 0 0 0 0 0
380	56	1 1 1 1 1 1 0 0 1 0 0 1 0 0 0 0
380	23	1 1 1 1 0 1 1 0 1 0 0 1 0 0 0 0
380	9	1 1 1 1 1 0 0 1 1 0 0 0 0 0 0 0
380	21	1 1 1 1 0 1 0 1 1 0 0 1 0 0 0 0
380	30	1 1 1 1 1 0 1 0 1 0 0 1 0 0 0 0
380	1	0 1 1 1 0 0 0 1 1 0 1 1 0 0 0 0
380	21	0 1 1 1 0 1 1 0 1 0 0 1 0 0 0 0
380	9	1 1 0 1 1 0 0 0 1 0 1 0 0 0 1 0
380	3	1 1 1 1 1 1 0 0 1 0 1 1 0 0 0 0
380	30	1 1 0 1 1 0 0 1 1 0 0 0 0 0 0 0
380	10	1 1 1 1 0 0 0 1 0 1 0 0 0 0 0 0
380	12	1 0 1 1 1 0 1 0 1 1 0 0 0 0 0 0
380	27	1 1 1 1 1 0 0 0 1 0 0 1 0 0 0 0
380	33	1 1 0 1 1 0 0 1 1 1 0 0 0 0 0 0
380	39	1 1 1 0 0 0 0 1 1 0 1 1 0 0 0 0
380	11	1 1 1 1 0 1 1 0 1 0 0 1 0 0 1 0
380	16	1 0 1 1 1 0 0 1 1 1 0 0 0 0 0 0
380	14	1 1 1 1 0 0 0 1 1 1 1 0 0 0 0 0
380	12	1 0 1 1 0 0 1 0 1 0 0 0 0 0 0 0
380	14	1 1 0 1 1 0 0 1 0 1 0 0 0 0 0 0
380	4	1 1 1 1 0 0 0 0 1 0 1 1 1 0 0 0
380	19	0 1 1 1 0 0 1 0 1 0 0 0 0 0 0 0
380	3	1 1 1 0 1 0 0 0 1 0 1 1 0 0 0 0
380	14	0 1 1 1 0 0 0 1 1 1 0 0 0 0 0 0
380	8	1 1 1 1 0 1 1 0 1 0 0 0 0 0 0 0
380	7	1 1 1 1 0 1 1 0 1 1 0 1 0 0 1 0
380	8	1 1 0 1 0 0 0 1 0 1 0 0 0 0 0 0
380	5	1 1 1 1 1 1 0 1 1 1 0 0 0 0 0 0
380	10	1 1 1 1 1 0 0 1 1 0 0 1 0 0 0 0
380	12	1 1 1 0 0 0 1 0 1 0 0 0 0 0 1 0
380	16	1 1 1 1 0 0 0 0 1 1 1 1 0 0 0 0
380	6	1 1 0 1 1 0 1 1 1 0 0 0 0 0 0 0
380	8	0 1 1 0 0 0 0 1 1 0 1 1 0 0 0 0
380	8	0 1 1 1 0 0 0 1 1 0 0 0 0 0 0 0
380	10	1 0 1 1 0 1 1 0 1 0 0 1 0 0 0 0
380	2	1 1 1 0 1 0 0 1 1 0 1 1 0 0 0 0
380	27	1 1 0 1 0 0 0 0 1 0 1 1 0 0 0 0
380	1	1 1 1 0 1 0 0 0 1 0 1 0 0 0 0 0
380	5	1 0 1 1 1 0 0 0 1 0 1 1 0 0 0 0
380	4	1 1 1 1 0 0 0 1 1 1 0 0 0 1 0 0
380	8	1 1 1 1 0 1 0 0 1 0 0 1 0 0 0 0
380	2	1 1 1 1 1 1 0 0 1 0 1 1 0 1 0 0
380	6	1 1 0 1 0 0 0 1 1 1 0 0 0 0 0 0
380	10	1 1 1 1 0 1 1 0 1 1 0 1 0 0 0 0
380	7	1 1 1 1 0 0 0 1 1 1 1 1 0 0 0 1
380	6	1 1 1 1 0 1 0 1 1 1 1 0 0 0 0 0
380	2	1 1 0 1 1 0 1 0 1 0 0 1 0 0 0 0
380	12	1 1 1 1 0 1 1 0 1 0 1 1 1 0 0 0
380	7	1 0 1 1 0 0 1 0 1 1 0 0 0 0 0 0
380	5	1 1 1 0 0 0 0 1 1 0 1 1 0 0 1 0
380	2	1 1 1 1 1 0 0 0 1 0 1 1 0 0 0 1
380	1	1 1 0 1 1 0 0 1 1 0 0 1 0 0 0 0
380	3	1 1 1 1 0 0 0 1 1 1 1 0 1 0 0 0
380	2	1 1 1 1 0 0 1 0 1 1 0 1 0 0 1 0
380	7	1 1 1 1 1 0 0 0 1 1 1 1 0 0 0 0
380	5	1 1 1 1 1 1 0 0 1 0 0 0 0 0 0 0
380	1	0 1 1 1 0 0 1 0 1 0 1 1 0 0 0 0
380	4	1 1 1 1 0 1 0 0 1 0 0 0 0 0 0 0
380	3	1 1 1 1 1 0 0 1 1 0 1 1 0 0 0 1
380	4	0 1 1 1 0 0 0 0 1 0 1 1 0 0 0 0
380	4	1 1 0 1 1 0 0 0 1 0 0 0 0 0 0 0
380	3	1 1 1 1 1 0 0 1 0 1 0 0 0 0 0 0
380	8	1 1 1 1 0 0 0 0 1 1 0 0 0 0 0 0
380	2	1 0 1 1 0 1 1 0 0 0 0 1 0 0 0 0
380	1	1 1 0 1 1 0 0 1 1 0 0 0 0 0 1 0
380	2	1 1 0 1 0 1 1 0 1 0 0 1 0 0 1 0
380	1	1 1 1 1 0 0 0 1 1 1 0 0 0 0 0 1
380	1	1 1 1 1 0 0 0 1 1 1 0 0 1 0 0 0
380	2	1 1 1 1 0 0 0 1 1 0 0 0 0 0 0 0
380	4	1 1 1 0 0 0 0 0 1 0 1 1 0 0 0 0
380	3	1 1 1 1 1 0 1 1 1 0 0 0 1 0 0 0
380	3	1 1 0 1 1 0 0 0 1 0 1 1 0 0 0 1
380	1	1 1 1 1 1 0 0 1 1 0 1 0 0 0 0 0
380	1	1 1 1 1 1 0 0 1 1 1 1 1 0 0 0 0
380	1	1 1 1 1 1 1 0 0 1 1 0 1 0 0 0 0
380	1	1 1 0 1 1 1 0 0 1 0 0 1 0 0 0 0
380	2	1 1 1 1 1 0 1 0 1 0 0 1 0 0 0 1
380	2	1 1 1 0 0 0 1 1 1 0 1 1 0 0 0 0
380	1	1 1 1 1 1 1 0 1 0 1 0 0 0 0 0 0
380	3	1 0 1 1 1 0 0 1 1 0 0 1 0 0 0 0
380	1	1 1 0 1 1 0 1 0 1 0 0 0 0 0 0 0
380	2	1 1 1 1 0 1 0 1 1 1 1 0 1 0 0 0
380	3	1 1 1 1 0 0 0 1 1 1 0 1 0 0 0 0
380	2	1 1 1 1 1 0 0 1 1 0 1 1 1 0 0 0
380	1	1 1 1 1 1 0 0 1 1 0 0 0 0 0 0 1
380	1	1 1 1 1 1 1 1 0 1 0 0 1 0 0 0 0
380	3	1 1 1 1 0 1 0 1 0 1 0 0 0 0 0 0
380	1	1 1 1 0 1 0 0 0 1 0 0 1 0 0 0 0
380	1	1 1 1 1 0 1 1 0 1 1 0 0 0 0 1 0
380	2	1 1 0 1 0 0 0 0 0 1 0 0 0 0 0 0
380	1	0 1 1 1 0 1 0 0 1 0 0 1 0 0 0 0
390	62	1 1 1 1 1 0 0 0 1 0 1 1 0 0 0 0
390	13	1 1 1 1 1 0 0 0 1 0 0 0 0 0 0 0
390	32	1 1 1 1 0 0 0 1 1 1 0 0 0 0 0 0
390	5	1 1 1 1 1 0 0 1 1 0 1 1 0 0 0 0
390	4	1 1 1 1 1 0 0 0 1 0 1 1 1 0 0 0
390	29	1 1 1 1 0 0 0 0 1 0 1 1 0 0 0 0
390	11	1 1 1 1 0 0 0 1 1 1 1 1 0 0 0 0
390	26	1 1 1 1 0 0 0 1 1 0 1 1 0 0 0 0
390	20	1 1 1 1 0 0 1 0 1 0 0 0 0 0 0 0
390	34	1 1 1 1 1 1 0 0 1 0 0 1 0 0 0 0
390	27	1 1 1 1 0 1 1 0 1 0 0 1 0 0 0 0
390	1	1 1 1 1 1 0 0 1 1 0 0 0 0 0 0 0
390	17	1 1 1 1 0 1 0 1 1 0 0 1 0 0 0 0
390	53	1 1 1 1 1 0 1 0 1 0 0 1 0 0 0 0
390	21	0 1 1 1 0 1 1 0 1 0 0 1 0 0 0 0
390	24	1 1 0 1 1 0 0 0 1 0 1 0 0 0 1 0
390	10	1 1 1 1 1 1 0 0 1 0 1 1 0 0 0 0
390	20	1 1 0 1 1 0 0 1 1 0 0 0 0 0 0 0
390	3	1 1 1 1 0 0 0 1 0 1 0 0 0 0 0 0
390	8	1 0 1 1 1 0 1 0 1 1 0 0 0 0 0 0
390	3	1 1 1 1 1 0 0 0 1 0 0 1 0 0 0 0
390	10	1 1 0 1 1 0 0 1 1 1 0 0 0 0 0 0
390	3	1 1 1 0 0 0 0 1 1 0 1 1 0 0 0 0
390	13	1 1 1 1 0 1 1 0 1 0 0 1 0 0 1 0
390	10	1 0 1 1 1 0 0 1 1 1 0 0 0 0 0 0
390	42	1 1 1 1 0 0 0 1 1 1 1 0 0 0 0 0
390	2	1 0 1 1 0 0 1 0 1 0 0 0 0 0 0 0
390	18	1 1 0 1 1 0 0 1 0 1 0 0 0 0 0 0
390	4	0 1 1 1 0 0 1 0 1 0 0 0 0 0 0 0
390	22	0 1 1 1 0 0 0 1 1 1 0 0 0 0 0 0
390	8	1 1 1 1 0 1 1 0 1 0 0 0 0 0 0 0
390	1	1 1 1 1 0 1 1 0 1 1 0 1 0 0 1 0
390	10	1 1 0 1 0 0 0 1 0 1 0 0 0 0 0 0
390	5	1 1 1 1 1 1 0 1 1 1 0 0 0 0 0 0
390	26	1 1 1 0 0 0 1 0 1 0 0 0 0 0 1 0
390	44	1 1 1 1 0 0 0 0 1 1 1 1 0 0 0 0
390	2	0 1 1 0 0 0 0 1 1 0 1 1 0 0 0 0
390	1	0 1 1 1 0 0 0 1 1 0 0 0 0 0 0 0
390	8	1 0 1 1 0 1 1 0 1 0 0 1 0 0 0 0
390	32	1 1 0 1 0 0 0 0 1 0 1 1 0 0 0 0
390	8	1 0 1 1 1 0 0 0 1 0 1 1 0 0 0 0
390	7	1 1 1 1 1 1 0 0 1 0 1 1 0 1 0 0
390	14	1 1 0 1 0 0 0 1 1 1 0 0 0 0 0 0
390	4	1 1 1 1 0 1 1 0 1 1 0 1 0 0 0 0
390	15	1 1 1 1 0 0 0 1 1 1 1 1 0 0 0 1
390	12	1 1 1 1 0 1 0 1 1 1 1 0 0 0 0 0
390	2	1 1 0 1 1 0 1 0 1 0 0 1 0 0 0 0
390	6	1 1 1 1 0 1 1 0 1 0 1 1 1 0 0 0
390	16	1 1 1 1 1 0 0 0 1 0 1 1 0 0 0 1
390	5	1 1 1 1 0 0 0 1 1 1 1 0 1 0 0 0
390	7	1 1 1 1 0 0 1 0 1 1 0 1 0 0 1 0
390	11	1 1 1 1 1 1 0 0 1 0 0 0 0 0 0 0
390	1	1 1 1 1 1 0 0 1 1 0 1 1 0 0 0 1
390	6	1 1 0 1 1 0 0 0 1 0 0 0 0 0 0 0
390	11	1 1 1 1 0 0 0 0 1 1 0 0 0 0 0 0
390	11	1 0 1 1 0 1 1 0 0 0 0 1 0 0 0 0
390	8	1 1 0 1 1 0 0 1 1 0 0 0 0 0 1 0
390	4	1 1 1 1 0 0 0 1 1 0 0 0 0 0 0 0
390	7	1 1 1 0 0 0 0 0 1 0 1 1 0 0 0 0
390	2	1 1 1 1 1 0 1 1 1 0 0 0 1 0 0 0
390	2	1 1 1 1 1 0 1 0 1 0 0 1 0 0 0 1
390	3	1 1 1 1 0 0 0 1 1 1 0 1 0 0 0 0
390	16	1 1 1 1 0 1 0 0 1 0 1 0 0 0 0 0
390	2	1 1 0 1 1 0 0 0 1 0 0 0 0 1 0 0
390	15	1 1 1 1 0 0 1 0 1 0 1 1 0 0 0 0
390	6	1 1 1 1 0 1 0 0 1 0 1 1 1 0 0 0
390	8	1 1 1 1 1 0 0 0 1 0 0 0 0 1 0 0
390	7	1 1 1 1 1 1 0 0 0 0 0 1 0 0 0 0
390	5	1 1 0 0 0 0 0 0 1 0 1 1 0 0 0 0
390	1	1 1 1 1 0 0 0 0 1 1 1 1 0 0 1 0
390	8	1 1 0 1 1 0 0 0 1 0 0 1 0 0 0 0
390	4	1 1 1 1 0 0 0 1 1 0 0 1 0 0 0 0
390	5	0 1 0 1 0 0 1 1 1 0 0 0 0 0 0 0
390	3	1 1 0 0 1 0 0 0 1 0 1 1 0 0 0 0
390	4	1 1 1 1 1 0 1 0 1 0 1 1 0 0 0 0
390	2	1 1 1 1 1 0 0 0 0 0 0 0 0 0 0 0
390	1	1 0 1 1 0 0 0 0 1 0 1 1 0 0 0 0
390	2	1 1 1 1 0 1 1 0 1 0 0 1 0 1 0 0
390	4	1 1 1 1 0 0 0 0 1 1 1 0 0 0 0 0
390	4	1 1 1 1 0 1 1 0 1 1 0 0 0 0 0 0
390	6	1 1 1 1 1 0 0 1 1 0 1 1 0 0 1 0
390	5	1 1 0 1 0 0 0 1 1 1 0 1 0 0 0 0
390	2	1 1 1 1 1 0 0 0 1 1 1 1 0 0 0 0
390	2	1 1 1 1 1 0 0 0 1 0 0 0 0 0 0 1
390	2	1 0 1 1 1 0 0 0 1 0 1 1 0 0 0 1
390	1	1 1 0 1 0 0 0 1 1 0 0 0 0 0 0 0
390	1	1 1 1 1 0 1 0 0 1 1 0 1 0 0 0 0
390	4	1 1 1 0 0 0 1 0 1 0 0 1 0 0 0 0
390	1	1 1 1 0 0 0 1 0 1 0 1 1 1 0 0 0
390	1	1 1 1 1 0 0 0 0 1 0 1 1 1 0 0 0
390	1	1 1 1 1 1 0 0 1 1 1 1 1 0 0 0 0
390	4	1 1 1 1 0 1 0 1 1 0 1 1 0 0 0 0
390	2	0 1 1 1 0 1 0 1 1 1 0 0 0 0 0 0
390	1	1 1 1 1 1 0 0 0 1 0 1 0 0 0 0 0
390	2	1 1 1 1 1 0 1 0 1 1 0 1 0 0 0 0
390	1	1 1 0 1 0 0 0 1 1 1 1 0 0 0 0 0
390	1	1 1 1 1 0 1 0 1 0 1 0 0 0 0 0 0
390	1	1 1 1 1 1 1 0 0 1 0 1 1 1 0 0 0
390	1	1 0 1 1 1 1 0 0 1 0 0 1 0 0 0 0
390	1	1 1 1 1 0 1 0 1 1 0 0 1 0 0 1 0
390	2	1 1 1 1 1 0 1 0 1 0 0 1 0 1 0 0
390	2	1 1 1 1 1 0 1 0 1 0 0 0 0 0 0 0
390	1	1 1 0 1 1 0 0 0 0 0 1 0 0 0 1 0
390	3	0 1 1 1 0 0 1 1 1 1 0 0 0 0 0 0
390	2	1 0 0 1 0 0 0 1 0 1 0 0 0 0 0 0
390	1	1 1 1 1 0 0 1 0 1 1 0 1 0 1 1 0
390	2	1 1 1 1 0 0 1 0 1 0 1 1 0 0 0 1
390	2	1 1 1 1 1 1 0 0 1 0 0 0 0 1 0 0
390	1	1 1 1 1 1 0 0 0 1 0 0 0 0 1 0 1
390	1	1 1 1 1 0 1 0 0 1 1 0 0 0 0 0 0
400	69	1 1 1 1 1 0 0 0 1 0 1 1 0 0 0 0
400	16	1 1 1 1 1 0 0 0 1 0 0 0 0 0 0 0
400	9	1 1 1 1 0 0 0 1 1 1 0 0 0 0 0 0
400	22	1 1 1 1 1 0 0 0 1 0 1 1 1 0 0 0
400	81	1 1 1 1 0 0 0 0 1 0 1 1 0 0 0 0
400	1	1 1 1 1 0 0 0 1 1 1 1 1 0 0 0 0
400	28	1 1 1 1 0 0 0 1 1 0 1 1 0 0 0 0
400	14	1 1 1 1 0 0 1 0 1 0 0 0 0 0 0 0
400	19	1 1 1 1 1 1 0 0 1 0 0 1 0 0 0 0
400	26	1 1 1 1 0 1 1 0 1 0 0 1 0 0 0 0
400	4	1 1 1 1 1 0 0 1 1 0 0 0 0 0 0 0
400	36	1 1 1 1 1 0 1 0 1 0 0 1 0 0 0 0
400	15	0 1 1 1 0 1 1 0 1 0 0 1 0 0 0 0
400	7	1 1 0 1 1 0 0 0 1 0 1 0 0 0 1 0
400	19	1 1 0 1 1 0 0 1 1 0 0 0 0 0 0 0
400	13	1 1 1 1 0 0 0 1 0 1 0 0 0 0 0 0
400	3	1 0 1 1 1 0 1 0 1 1 0 0 0 0 0 0
400	15	1 1 0 1 1 0 0 1 1 1 0 0 0 0 0 0
400	8	1 1 1 1 0 1 1 0 1 0 0 1 0 0 1 0
400	77	1 1 1 1 0 0 0 1 1 1 1 0 0 0 0 0
400	18	1 1 0 1 1 0 0 1 0 1 0 0 0 0 0 0
400	16	0 1 1 1 0 0 0 1 1 1 0 0 0 0 0 0
400	18	1 1 1 1 0 1 1 0 1 0 0 0 0 0 0 0
400	3	1 1 0 1 0 0 0 1 0 1 0 0 0 0 0 0
400	4	1 1 1 1 1 1 0 1 1 1 0 0 0 0 0 0
400	21	1 1 1 0 0 0 1 0 1 0 0 0 0 0 1 0
400	32	1 1 1 1 0 0 0 0 1 1 1 1 0 0 0 0
400	7	1 0 1 1 0 1 1 0 1 0 0 1 0 0 0 0
400	3	1 1 0 1 0 0 0 0 1 0 1 1 0 0 0 0
400	4	1 0 1 1 1 0 0 0 1 0 1 1 0 0 0 0
400	7	1 1 1 1 1 1 0 0 1 0 1 1 0 1 0 0
400	8	1 1 0 1 0 0 0 1 1 1 0 0 0 0 0 0
400	6	1 1 1 1 0 0 0 1 1 1 1 1 0 0 0 1
400	3	1 1 1 1 0 1 0 1 1 1 1 0 0 0 0 0
400	6	1 1 1 1 0 1 1 0 1 0 1 1 1 0 0 0
400	10	1 1 1 1 1 0 0 0 1 0 1 1 0 0 0 1
400	8	1 1 1 1 0 0 1 0 1 1 0 1 0 0 1 0
400	16	1 1 1 1 1 1 0 0 1 0 0 0 0 0 0 0
400	3	1 1 0 1 1 0 0 0 1 0 0 0 0 0 0 0
400	2	1 1 1 1 0 0 0 0 1 1 0 0 0 0 0 0
400	7	1 0 1 1 0 1 1 0 0 0 0 1 0 0 0 0
400	7	1 1 1 1 0 0 0 1 1 1 0 1 0 0 0 0
400	21	1 1 1 1 0 1 0 0 1 0 1 0 0 0 0 0
400	1	1 1 1 1 0 0 1 0 1 0 1 1 0 0 0 0
400	12	1 1 1 1 0 1 0 0 1 0 1 1 1 0 0 0
400	2	1 1 1 1 1 1 0 0 0 0 0 1 0 0 0 0
400	12	1 1 0 1 1 0 0 0 1 0 0 1 0 0 0 0
400	5	0 1 0 1 0 0 1 1 1 0 0 0 0 0 0 0
400	1	1 1 0 0 1 0 0 0 1 0 1 1 0 0 0 0
400	8	1 1 1 1 1 0 0 0 0 0 0 0 0 0 0 0
400	2	1 1 1 1 0 1 1 0 1 0 0 1 0 1 0 0
400	3	1 1 1 1 0 0 0 0 1 1 1 0 0 0 0 0
400	5	1 1 1 1 1 0 0 1 1 0 1 1 0 0 1 0
400	9	1 1 1 1 1 0 0 0 1 0 0 0 0 0 0 1
400	25	1 1 1 1 1 0 0 0 1 0 1 0 0 0 0 0
400	14	1 1 1 1 1 0 1 0 1 1 0 1 0 0 0 0
400	3	1 1 1 1 1 1 0 0 1 0 1 1 1 0 0 0
400	3	1 1 1 1 1 0 1 0 1 0 0 1 0 1 0 0
400	6	1 1 1 1 1 0 1 0 1 0 0 0 0 0 0 0
400	17	0 1 1 1 0 0 1 1 1 1 0 0 0 0 0 0
400	2	1 0 0 1 0 0 0 1 0 1 0 0 0 0 0 0
400	1	1 1 1 1 0 0 1 0 1 1 0 1 0 1 1 0
400	8	1 1 1 1 1 1 0 0 1 0 0 0 0 1 0 0
400	2	1 0 1 1 0 1 0 1 1 0 0 1 0 0 0 0
400	13	1 0 1 1 1 0 1 1 1 1 0 0 0 0 0 0
400	12	1 1 1 1 0 1 1 0 1 0 0 0 0 0 0 1
400	1	1 0 1 1 1 0 1 0 1 0 1 1 0 0 0 0
400	2	1 1 0 1 1 0 0 0 1 0 1 1 0 0 0 0
400	4	1 1 1 1 1 1 1 0 1 0 0 1 0 0 0 0
400	7	0 1 0 1 0 0 0 1 1 1 0 0 0 0 0 0
400	3	1 1 1 1 0 0 1 0 1 0 1 1 1 0 0 0
400	2	1 1 1 1 0 0 1 0 1 0 0 0 0 0 1 0
400	5	1 1 1 0 0 0 0 1 1 1 1 0 0 0 0 0
400	5	1 1 0 1 0 0 0 1 0 1 0 0 0 0 1 0
400	1	0 1 1 1 1 1 0 0 1 0 0 0 0 0 0 0
400	2	1 1 0 1 1 0 0 1 1 0 1 1 0 0 1 0
400	1	1 1 1 1 1 0 1 0 1 0 0 0 0 0 1 0
400	3	1 1 1 1 0 0 0 0 1 0 0 0 0 0 0 0
400	2	1 1 1 1 0 1 0 0 1 0 1 1 0 0 0 0
400	2	1 1 1 1 0 0 1 0 1 1 0 1 0 1 0 0
400	2	1 1 1 1 1 0 0 1 1 1 1 0 0 0 0 0
400	6	1 1 1 1 0 0 0 0 1 1 1 1 0 1 0 0
400	1	1 1 1 1 1 1 0 0 1 0 0 0 0 0 0 1
400	2	1 0 1 1 0 0 1 0 1 0 1 1 0 0 0 0
400	5	1 0 0 1 0 0 0 1 0 1 0 0 0 0 0 1
400	1	0 1 1 0 0 0 0 1 1 1 0 0 0 0 0 0
400	3	1 1 1 1 0 0 0 0 1 0 1 1 0 0 0 1
400	2	0 1 1 1 1 0 1 0 1 0 0 1 0 0 0 0
400	4	1 1 1 1 1 1 1 0 1 1 0 1 0 0 0 0
400	2	1 1 1 1 0 1 0 0 1 1 1 0 0 0 0 0
400	6	0 1 0 1 0 0 1 1 1 0 1 0 0 0 0 0
400	5	1 1 0 1 0 0 0 0 1 1 1 0 0 0 0 0
400	3	1 1 1 1 1 0 0 0 1 0 0 0 0 0 1 0
400	1	1 1 1 1 1 0 0 1 1 0 1 1 0 0 0 0
400	2	1 1 1 1 1 0 0 1 1 0 0 1 0 0 0 0
400	3	1 1 1 1 1 1 0 0 1 0 0 0 0 1 1 0
400	2	1 0 1 1 1 1 0 0 1 0 0 1 0 0 0 0
400	2	1 0 1 1 1 0 1 0 1 1 0 0 0 0 1 0
400	2	1 1 1 1 0 0 1 1 1 1 0 1 0 0 1 0
400	7	1 1 1 1 0 0 0 0 1 0 1 1 0 1 0 1
400	3	1 1 0 1 0 0 1 0 1 0 0 0 0 0 0 0
400	1	1 1 0 1 1 0 0 0 1 0 1 0 0 0 0 0
400	2	0 1 0 1 0 0 0 1 1 0 1 1 1 0 0 0
400	2	0 1 1 1 0 0 1 0 1 0 0 0 0 0 0 0
400	1	1 1 1 1 0 1 1 1 1 0 0 1 0 0 0 0
400	2	1 1 1 1 1 1 0 1 1 0 0 0 0 0 0 0
400	4	1 1 1 1 1 0 1 0 1 0 0 1 1 0 0 0
400	3	0 1 1 1 0 0 0 1 1 1 1 1 0 0 0 1
400	2	1 1 1 1 1 0 0 0 0 0 1 0 0 0 0 0
400	1	1 1 1 1 1 0 0 1 1 1 1 0 1 0 0 0
