0	250	1 0 0 0 0 0 0 0 0 0 0 1 1 0 0 0
0	250	0 0 1 0 0 1 0 0 0 0 0 1 0 0 0 0
0	250	0 1 0 0 0 1 0 0 1 1 0 0 0 1 0 0
0	250	0 0 0 1 0 0 1 0 0 0 0 0 1 0 0 0
10	169	1 0 0 0 0 0 0 0 0 0 0 1 1 0 0 0
10	310	0 0 1 0 0 1 0 0 0 0 0 1 0 0 0 0
10	229	0 1 0 0 0 1 0 0 1 1 0 0 0 1 0 0
10	98	0 0 0 1 0 0 1 0 0 0 0 0 1 0 0 0
10	6	0 0 1 0 0 1 0 0 0 0 0 1 1 0 0 0
10	3	0 1 0 0 0 1 0 0 1 1 0 0 0 1 1 0
10	2	0 1 0 0 0 1 0 0 1 1 0 0 0 0 0 0
10	2	0 1 0 0 0 1 0 0 1 1 1 0 0 1 0 0
10	5	0 1 0 1 0 1 0 0 1 1 0 0 0 1 0 0
10	13	1 0 0 0 1 1 0 0 1 1 0 0 0 1 0 0
10	4	0 0 1 0 1 1 0 0 1 0 0 1 0 0 0 0
10	5	1 0 0 0 0 0 0 0 0 0 0 1 0 1 0 0
10	12	0 1 1 0 0 1 0 0 0 0 0 1 0 0 0 0
10	2	1 0 0 0 1 0 0 0 0 0 0 1 1 0 0 0
10	3	0 0 1 0 0 1 0 0 0 0 0 1 0 0 1 0
10	2	1 0 0 0 0 1 0 0 1 1 0 0 0 1 0 0
10	3	0 1 0 0 0 0 0 0 0 0 0 1 1 0 0 0
10	3	1 0 0 0 0 0 0 0 0 1 0 1 1 0 0 0
10	4	0 0 1 0 0 1 1 0 0 0 0 1 0 0 0 0
10	9	0 0 1 0 1 1 0 0 0 0 0 1 0 0 0 0
10	4	0 1 1 0 0 1 0 0 1 1 0 0 0 1 0 0
10	3	0 0 1 0 0 1 1 0 0 0 0 0 1 0 0 0
10	3	0 1 0 0 0 1 1 0 0 0 0 0 1 0 0 0
10	1	1 0 0 0 0 0 0 0 1 0 0 1 1 0 0 0
10	2	1 0 0 0 0 0 0 0 0 0 0 1 1 1 0 0
10	10	0 0 1 0 0 0 0 0 0 0 0 1 0 0 0 0
10	6	0 0 1 1 0 0 1 0 0 0 0 1 1 0 0 0
10	10	0 0 1 1 0 0 1 0 0 0 0 0 1 0 0 0
10	6	0 1 0 0 0 1 0 0 1 0 0 0 0 1 0 0
10	2	0 1 0 0 0 0 0 0 1 1 0 0 0 1 0 0
10	4	0 0 1 0 0 1 1 0 0 0 0 1 1 0 0 0
10	4	1 0 0 0 0 1 0 0 0 0 0 1 0 0 0 0
10	2	0 0 1 0 0 1 0 0 1 1 0 0 0 1 0 0
10	2	0 1 0 0 0 0 1 0 0 0 0 0 1 0 0 0
10	2	0 1 0 0 0 1 0 0 1 0 0 0 1 0 0 0
10	7	0 1 0 0 0 1 0 0 0 0 0 1 0 0 0 0
10	9	0 0 0 1 0 0 0 0 0 0 0 0 1 0 0 0
10	3	0 0 0 1 0 0 1 0 0 0 1 0 1 0 0 0
10	1	0 1 1 0 0 1 0 0 0 1 0 0 0 1 0 0
10	1	1 0 0 0 0 0 1 0 0 0 0 1 1 0 0 0
10	1	1 0 0 0 0 0 0 0 0 0 0 1 1 0 0 1
10	1	1 0 0 0 0 1 0 0 0 0 0 1 1 0 0 0
10	1	0 1 0 0 0 1 0 0 0 0 0 0 0 1 0 0
10	3	1 0 0 0 0 1 0 0 1 1 1 0 0 1 0 0
10	1	0 0 1 0 0 0 0 0 0 0 0 1 1 0 0 0
10	4	0 0 1 0 0 1 0 0 0 0 0 0 0 1 0 0
10	1	0 0 1 0 1 1 0 0 0 0 0 1 1 0 0 0
10	3	0 0 0 1 0 0 1 0 0 0 0 0 1 1 0 0
10	2	1 0 0 0 0 0 0 0 0 0 1 1 1 0 0 1
10	1	1 0 0 0 0 1 0 0 1 0 0 1 1 0 0 0
10	4	0 0 1 0 0 1 0 0 0 0 0 1 0 1 0 0
10	1	0 0 0 1 0 0 0 0 1 1 0 0 0 1 0 0
10	2	0 0 1 0 1 1 0 0 1 0 0 1 0 1 0 0
10	2	1 0 0 1 0 0 0 0 0 0 0 1 1 0 0 0
10	1	0 0 1 1 0 1 0 0 0 0 0 1 0 0 0 0
10	3	0 0 0 0 0 1 0 0 1 1 0 0 0 1 0 0
10	1	0 1 0 0 0 0 0 0 1 1 1 0 0 1 0 0
10	1	0 1 0 1 0 1 0 0 1 0 0 0 0 1 0 0
10	1	0 1 0 0 0 1 0 0 1 0 0 0 0 0 0 0
20	68	1 0 0 0 0 0 0 0 0 0 0 1 1 0 0 0
20	352	0 0 1 0 0 1 0 0 0 0 0 1 0 0 0 0
20	216	0 1 0 0 0 1 0 0 1 1 0 0 0 1 0 0
20	35	0 0 0 1 0 0 1 0 0 0 0 0 1 0 0 0
20	1	0 0 1 0 0 1 0 0 0 0 0 1 1 0 0 0
20	9	0 1 0 0 0 1 0 0 1 1 0 0 0 1 1 0
20	11	0 1 0 0 0 1 0 0 1 1 0 0 0 0 0 0
20	7	0 1 0 1 0 1 0 0 1 1 0 0 0 1 0 0
20	4	1 0 0 0 1 1 0 0 1 1 0 0 0 1 0 0
20	13	0 0 1 0 1 1 0 0 1 0 0 1 0 0 0 0
20	9	0 1 1 0 0 1 0 0 0 0 0 1 0 0 0 0
20	26	0 0 1 0 1 1 0 0 0 0 0 1 0 0 0 0
20	9	0 0 1 0 0 0 0 0 0 0 0 1 0 0 0 0
20	22	0 0 1 1 0 0 1 0 0 0 0 1 1 0 0 0
20	4	0 0 1 1 0 0 1 0 0 0 0 0 1 0 0 0
20	5	0 1 0 0 0 1 0 0 1 0 0 0 0 1 0 0
20	6	0 0 1 0 0 1 1 0 0 0 0 1 1 0 0 0
20	4	1 0 0 0 0 1 0 0 0 0 0 1 0 0 0 0
20	4	0 0 1 0 0 1 0 0 1 1 0 0 0 1 0 0
20	3	0 1 0 0 0 1 0 0 0 0 0 1 0 0 0 0
20	1	0 0 0 1 0 0 1 0 0 0 1 0 1 0 0 0
20	2	1 0 0 0 0 0 0 0 0 0 0 1 1 0 0 1
20	5	1 0 0 0 0 1 0 0 1 1 1 0 0 1 0 0
20	2	0 0 1 0 0 1 0 0 0 0 0 1 0 1 0 0
20	15	0 0 1 0 1 1 0 0 1 0 0 1 0 1 0 0
20	2	1 0 0 1 0 0 0 0 0 0 0 1 1 0 0 0
20	4	0 0 1 1 0 1 0 0 0 0 0 1 0 0 0 0
20	7	0 1 0 0 0 1 0 0 1 0 0 0 0 0 0 0
20	3	0 0 0 0 0 0 0 0 0 0 0 1 1 0 0 0
20	4	0 0 0 0 0 1 0 0 0 0 0 1 0 0 0 0
20	1	0 1 0 0 0 1 0 1 1 1 0 0 0 1 0 0
20	7	1 1 0 0 0 0 0 0 0 0 0 1 1 0 0 0
20	3	0 1 0 0 0 1 0 0 1 1 0 0 0 1 0 1
20	6	0 1 0 0 0 1 0 0 1 1 0 1 0 0 0 0
20	2	0 1 0 0 0 1 0 0 1 1 0 0 1 0 0 0
20	1	0 0 0 1 0 0 1 0 0 0 0 0 1 1 0 0
20	2	0 0 0 0 0 1 1 0 1 1 0 0 0 1 0 0
20	1	0 0 0 1 0 0 0 0 0 0 0 1 1 0 0 0
20	8	0 0 1 0 0 1 0 0 0 0 1 1 0 0 0 0
20	21	0 0 1 0 0 1 0 0 0 0 0 0 0 0 0 0
20	8	0 1 0 0 0 1 0 0 1 1 1 0 0 1 0 0
20	4	0 1 0 0 0 1 0 0 1 1 0 1 0 1 0 0
20	10	0 1 0 1 0 1 0 0 1 0 0 0 0 1 0 0
20	3	1 0 0 0 0 1 0 0 0 0 0 1 0 1 0 0
20	2	1 0 0 0 0 0 0 0 1 1 0 0 0 1 0 0
20	4	1 0 0 0 0 0 0 0 0 0 0 1 1 0 1 0
20	7	0 1 1 1 0 0 1 0 0 0 0 1 1 0 0 0
20	1	0 0 0 1 0 0 1 0 1 0 0 1 0 1 0 0
20	2	0 0 0 1 0 0 0 0 0 0 0 0 0 1 0 0
20	1	0 1 0 0 0 1 0 0 0 1 0 0 0 1 0 0
20	2	0 0 1 1 0 1 1 0 0 0 0 1 1 0 0 0
20	1	0 1 0 1 0 0 0 0 0 0 0 1 1 0 0 0
20	1	0 0 1 0 1 1 0 0 1 0 0 0 0 0 0 0
20	3	0 1 1 0 0 1 0 0 0 0 0 1 1 0 0 0
20	8	0 0 0 0 0 1 0 0 1 1 1 0 0 1 0 0
20	2	1 0 1 0 0 1 0 0 0 0 0 1 0 0 0 0
20	3	0 0 0 0 0 1 0 0 1 1 0 0 0 1 0 0
20	2	0 0 1 0 0 0 1 0 0 0 0 0 1 0 0 0
20	1	0 0 0 1 0 1 0 0 1 1 0 0 0 0 0 0
20	2	0 0 1 1 0 0 0 0 0 0 0 1 0 0 0 0
20	2	0 0 1 0 1 1 0 0 1 1 1 0 0 1 0 0
20	1	1 1 0 0 0 1 0 0 0 0 0 1 0 0 0 0
20	2	1 0 0 1 0 0 1 0 0 0 1 0 1 0 0 0
20	2	0 1 0 0 0 1 0 0 0 0 0 1 0 1 0 0
20	3	0 0 1 0 1 1 0 0 1 1 0 0 0 1 0 0
20	2	0 0 1 0 0 0 0 0 1 1 0 0 0 1 0 0
20	1	1 0 1 0 0 0 0 0 0 0 0 1 1 0 0 0
20	2	0 0 1 0 0 1 0 0 1 0 0 1 0 0 0 0
20	1	0 1 0 0 0 1 1 0 1 1 0 0 0 1 0 0
20	1	0 0 1 1 1 1 0 0 1 0 0 1 0 0 0 0
20	2	0 0 1 1 0 0 1 0 0 0 1 1 1 0 0 0
20	2	0 0 1 0 0 0 1 0 0 0 0 1 1 0 0 0
20	2	1 0 0 0 0 1 0 0 1 1 1 1 0 1 0 0
20	3	0 1 0 0 0 1 0 0 1 0 0 0 0 0 0 1
20	2	0 1 0 1 0 1 0 0 0 0 0 0 0 1 0 0
30	12	1 0 0 0 0 0 0 0 0 0 0 1 1 0 0 0
30	332	0 0 1 0 0 1 0 0 0 0 0 1 0 0 0 0
30	165	0 1 0 0 0 1 0 0 1 1 0 0 0 1 0 0
30	17	0 0 0 1 0 0 1 0 0 0 0 0 1 0 0 0
30	9	0 1 0 0 0 1 0 0 1 1 0 0 0 1 1 0
30	13	0 1 0 0 0 1 0 0 1 1 0 0 0 0 0 0
30	2	0 1 0 1 0 1 0 0 1 1 0 0 0 1 0 0
30	13	0 0 1 0 1 1 0 0 1 0 0 1 0 0 0 0
30	40	0 0 1 0 1 1 0 0 0 0 0 1 0 0 0 0
30	20	0 0 1 0 0 0 0 0 0 0 0 1 0 0 0 0
30	1	0 0 1 1 0 0 1 0 0 0 0 1 1 0 0 0
30	14	0 0 1 1 0 0 1 0 0 0 0 0 1 0 0 0
30	1	0 0 1 0 0 1 1 0 0 0 0 1 1 0 0 0
30	6	1 0 0 0 0 1 0 0 0 0 0 1 0 0 0 0
30	7	0 1 0 0 0 1 0 0 0 0 0 1 0 0 0 0
30	32	0 0 1 0 0 1 0 0 0 0 0 1 0 1 0 0
30	4	0 0 1 0 1 1 0 0 1 0 0 1 0 1 0 0
30	16	0 1 0 0 0 1 0 0 1 0 0 0 0 0 0 0
30	5	0 0 0 0 0 0 0 0 0 0 0 1 1 0 0 0
30	3	0 1 0 0 0 1 0 0 1 1 0 0 0 1 0 1
30	25	0 1 0 0 0 1 0 0 1 1 0 1 0 0 0 0
30	2	0 1 0 0 0 1 0 0 1 1 0 0 1 0 0 0
30	17	0 0 1 0 0 1 0 0 0 0 1 1 0 0 0 0
30	40	0 0 1 0 0 1 0 0 0 0 0 0 0 0 0 0
30	6	0 1 0 0 0 1 0 0 1 1 1 0 0 1 0 0
30	42	0 1 0 1 0 1 0 0 1 0 0 0 0 1 0 0
30	4	1 0 0 0 0 1 0 0 0 0 0 1 0 1 0 0
30	3	0 0 0 1 0 0 1 0 1 0 0 1 0 1 0 0
30	2	0 1 0 0 0 1 0 0 0 1 0 0 0 1 0 0
30	7	1 0 1 0 0 1 0 0 0 0 0 1 0 0 0 0
30	8	0 0 1 1 0 0 0 0 0 0 0 1 0 0 0 0
30	4	0 0 1 0 1 1 0 0 1 1 0 0 0 1 0 0
30	3	0 0 1 0 0 1 0 0 1 0 0 1 0 0 0 0
30	9	0 1 0 0 0 1 1 0 1 1 0 0 0 1 0 0
30	5	0 1 1 0 1 1 0 0 1 1 0 0 0 1 0 0
30	8	0 1 0 0 0 1 0 0 1 1 0 1 0 0 0 1
30	3	0 0 1 0 0 1 0 0 0 0 0 0 0 0 0 1
30	16	0 0 0 0 0 1 0 0 1 1 0 0 0 1 0 0
30	4	0 0 1 0 1 1 0 0 0 0 0 1 1 0 0 0
30	5	1 0 0 0 0 0 0 0 0 0 0 0 1 0 0 0
30	6	1 1 0 0 0 1 0 0 1 1 0 0 0 1 0 0
30	3	0 1 0 0 0 1 0 0 1 1 0 0 1 1 0 0
30	1	0 0 1 0 0 1 1 0 0 1 0 1 0 0 0 0
30	2	1 0 0 0 0 0 0 0 0 0 0 1 1 1 0 0
30	2	0 0 1 0 0 1 0 1 0 0 0 1 0 0 0 0
30	5	0 0 1 0 0 1 0 0 0 1 0 1 0 0 0 0
30	5	0 0 1 0 0 1 0 0 0 0 0 1 1 0 0 0
30	3	0 1 0 1 0 1 0 0 1 0 0 0 0 0 0 0
30	5	0 0 1 0 0 1 0 0 0 0 1 1 1 0 0 0
30	1	0 0 0 1 0 0 1 0 0 0 0 1 1 0 1 0
30	8	0 1 1 0 0 1 0 0 1 0 0 0 0 0 0 0
30	7	0 0 0 0 0 1 0 0 0 0 0 1 0 0 0 0
30	2	0 1 0 0 0 1 0 1 1 1 0 0 0 1 0 0
30	2	0 1 1 0 0 1 0 0 0 0 0 1 0 0 0 0
30	2	1 0 0 0 1 1 0 0 1 0 0 1 0 0 0 0
30	1	0 0 1 1 0 1 0 0 1 1 0 0 0 1 0 0
30	1	0 1 1 0 0 1 0 0 1 1 0 0 0 1 0 0
30	3	0 0 1 1 0 0 0 1 0 0 0 1 0 0 0 0
30	4	0 0 1 0 0 1 0 0 1 1 0 0 0 1 0 0
30	1	0 0 1 0 0 1 0 0 1 1 1 0 0 1 0 0
30	3	0 0 1 0 0 1 0 0 0 0 0 1 0 0 0 1
30	4	1 0 1 0 0 1 0 0 0 0 0 0 0 0 0 0
30	1	0 1 0 0 0 1 0 0 1 0 1 0 0 1 0 0
30	3	0 0 0 0 0 1 0 0 0 1 0 1 0 0 0 0
40	7	1 0 0 0 0 0 0 0 0 0 0 1 1 0 0 0
40	306	0 0 1 0 0 1 0 0 0 0 0 1 0 0 0 0
40	151	0 1 0 0 0 1 0 0 1 1 0 0 0 1 0 0
40	8	0 1 0 0 0 1 0 0 1 1 0 0 0 1 1 0
40	32	0 1 0 0 0 1 0 0 1 1 0 0 0 0 0 0
40	7	0 1 0 1 0 1 0 0 1 1 0 0 0 1 0 0
40	44	0 0 1 0 1 1 0 0 0 0 0 1 0 0 0 0
40	41	0 0 1 0 0 0 0 0 0 0 0 1 0 0 0 0
40	7	0 0 1 1 0 0 1 0 0 0 0 0 1 0 0 0
40	33	0 0 1 0 0 1 0 0 0 0 0 1 0 1 0 0
40	2	0 0 1 0 1 1 0 0 1 0 0 1 0 1 0 0
40	24	0 1 0 0 0 1 0 0 1 0 0 0 0 0 0 0
40	1	0 0 0 0 0 0 0 0 0 0 0 1 1 0 0 0
40	6	0 1 0 0 0 1 0 0 1 1 0 0 0 1 0 1
40	8	0 1 0 0 0 1 0 0 1 1 0 1 0 0 0 0
40	10	0 0 1 0 0 1 0 0 0 0 1 1 0 0 0 0
40	17	0 0 1 0 0 1 0 0 0 0 0 0 0 0 0 0
40	10	0 1 0 0 0 1 0 0 1 1 1 0 0 1 0 0
40	23	0 1 0 1 0 1 0 0 1 0 0 0 0 1 0 0
40	15	0 1 0 0 0 1 0 0 0 1 0 0 0 1 0 0
40	3	1 0 1 0 0 1 0 0 0 0 0 1 0 0 0 0
40	10	0 0 1 0 0 1 0 0 1 0 0 1 0 0 0 0
40	8	0 1 0 0 0 1 1 0 1 1 0 0 0 1 0 0
40	8	0 1 1 0 1 1 0 0 1 1 0 0 0 1 0 0
40	13	0 1 0 0 0 1 0 0 1 1 0 1 0 0 0 1
40	4	0 0 1 0 0 1 0 0 0 0 0 0 0 0 0 1
40	4	0 0 0 0 0 1 0 0 1 1 0 0 0 1 0 0
40	2	0 0 1 0 1 1 0 0 0 0 0 1 1 0 0 0
40	3	1 0 0 0 0 0 0 0 0 0 0 0 1 0 0 0
40	8	1 1 0 0 0 1 0 0 1 1 0 0 0 1 0 0
40	7	0 1 0 0 0 1 0 0 1 1 0 0 1 1 0 0
40	9	0 0 1 0 0 1 0 0 0 1 0 1 0 0 0 0
40	2	0 1 0 1 0 1 0 0 1 0 0 0 0 0 0 0
40	7	0 0 0 1 0 0 1 0 0 0 0 1 1 0 1 0
40	4	0 1 1 0 0 1 0 0 1 0 0 0 0 0 0 0
40	6	0 0 0 0 0 1 0 0 0 0 0 1 0 0 0 0
40	10	0 1 1 0 0 1 0 0 0 0 0 1 0 0 0 0
40	2	1 0 0 0 1 1 0 0 1 0 0 1 0 0 0 0
40	14	0 0 1 0 0 1 0 0 1 1 0 0 0 1 0 0
40	5	0 0 1 0 0 1 0 0 0 0 0 1 0 0 0 1
40	9	0 1 0 0 0 1 0 0 1 0 1 0 0 1 0 0
40	9	0 0 1 0 0 1 0 0 0 1 0 0 0 1 0 0
40	3	0 0 1 0 1 1 0 0 0 0 0 0 0 0 0 0
40	13	0 0 0 0 0 1 0 0 1 1 0 0 0 1 0 1
40	2	0 1 0 0 0 1 0 0 1 1 1 1 0 0 0 0
40	4	0 0 1 1 0 0 1 0 1 1 0 0 0 1 0 0
40	2	0 1 0 0 0 1 0 0 1 0 0 0 0 1 0 0
40	2	0 1 0 0 0 1 1 0 0 0 0 0 1 0 0 0
40	1	0 0 1 1 0 0 1 1 0 0 0 0 1 0 0 0
40	8	1 0 0 0 0 1 1 0 0 0 0 1 0 0 0 0
40	2	0 0 1 1 0 1 0 0 0 0 0 1 0 0 0 0
40	8	0 0 1 0 0 1 0 0 0 0 0 0 0 1 0 0
40	6	0 0 1 0 0 1 1 0 0 0 0 1 0 0 0 0
40	6	0 0 1 0 0 1 0 0 0 0 0 1 1 0 0 0
40	2	0 0 1 0 0 1 0 0 0 0 1 0 1 0 0 0
40	4	1 0 0 0 0 0 0 0 0 0 0 1 1 1 0 0
40	3	0 0 1 0 0 0 0 0 0 0 0 1 0 0 0 1
40	2	0 0 1 1 0 0 0 0 0 0 0 0 1 0 0 0
40	4	0 0 1 0 0 1 1 0 1 0 0 1 0 0 0 0
40	5	0 0 1 0 1 0 0 0 0 1 0 0 0 1 0 0
40	1	0 0 1 0 0 1 0 1 0 0 0 1 0 0 0 0
40	1	0 1 0 0 0 0 0 0 1 1 0 0 0 1 0 0
40	4	0 1 1 0 0 1 0 0 1 1 0 0 0 1 0 0
40	1	0 0 1 0 0 1 0 0 0 0 1 0 0 0 0 1
40	2	0 1 0 0 0 0 0 0 0 0 0 1 0 0 0 0
40	2	0 0 1 0 0 0 0 0 0 0 0 1 0 1 0 0
40	1	1 0 1 0 1 1 0 0 0 0 0 1 0 0 0 0
40	2	1 0 0 0 0 0 0 0 0 1 0 1 1 0 0 0
40	2	0 0 1 0 1 1 0 0 0 0 0 1 0 1 0 0
40	3	0 0 1 0 0 1 0 0 0 0 1 1 0 1 0 0
40	3	0 0 0 0 0 1 1 0 1 1 0 0 0 1 0 1
40	2	0 0 0 0 0 1 1 0 1 0 0 1 0 0 0 0
50	12	1 0 0 0 0 0 0 0 0 0 0 1 1 0 0 0
50	326	0 0 1 0 0 1 0 0 0 0 0 1 0 0 0 0
50	88	0 1 0 0 0 1 0 0 1 1 0 0 0 1 0 0
50	39	0 1 0 0 0 1 0 0 1 1 0 0 0 0 0 0
50	23	0 0 1 0 1 1 0 0 0 0 0 1 0 0 0 0
50	32	0 0 1 0 0 0 0 0 0 0 0 1 0 0 0 0
50	4	0 0 1 1 0 0 1 0 0 0 0 0 1 0 0 0
50	9	0 0 1 0 0 1 0 0 0 0 0 1 0 1 0 0
50	26	0 1 0 0 0 1 0 0 1 0 0 0 0 0 0 0
50	50	0 1 0 0 0 1 0 0 1 1 0 1 0 0 0 0
50	4	0 0 1 0 0 1 0 0 0 0 1 1 0 0 0 0
50	26	0 0 1 0 0 1 0 0 0 0 0 0 0 0 0 0
50	9	0 1 0 0 0 1 0 0 1 1 1 0 0 1 0 0
50	13	0 1 0 1 0 1 0 0 1 0 0 0 0 1 0 0
50	35	0 1 0 0 0 1 0 0 0 1 0 0 0 1 0 0
50	4	1 0 1 0 0 1 0 0 0 0 0 1 0 0 0 0
50	25	0 0 1 0 0 1 0 0 1 0 0 1 0 0 0 0
50	9	0 0 1 0 0 1 0 0 0 0 0 0 0 0 0 1
50	3	1 1 0 0 0 1 0 0 1 1 0 0 0 1 0 0
50	12	0 1 0 0 0 1 0 0 1 1 0 0 1 1 0 0
50	8	0 0 1 0 0 1 0 0 0 1 0 1 0 0 0 0
50	5	0 1 0 1 0 1 0 0 1 0 0 0 0 0 0 0
50	1	0 1 1 0 0 1 0 0 1 0 0 0 0 0 0 0
50	2	0 1 1 0 0 1 0 0 0 0 0 1 0 0 0 0
50	1	1 0 0 0 1 1 0 0 1 0 0 1 0 0 0 0
50	2	0 0 1 0 0 1 0 0 1 1 0 0 0 1 0 0
50	5	0 0 1 0 0 1 0 0 0 0 0 1 0 0 0 1
50	9	0 1 0 0 0 1 0 0 1 0 1 0 0 1 0 0
50	6	0 0 1 0 0 1 0 0 0 1 0 0 0 1 0 0
50	7	0 0 1 1 0 0 1 0 1 1 0 0 0 1 0 0
50	5	0 1 0 0 0 1 0 0 1 0 0 0 0 1 0 0
50	7	0 0 1 1 0 0 1 1 0 0 0 0 1 0 0 0
50	1	1 0 0 0 0 1 1 0 0 0 0 1 0 0 0 0
50	21	0 0 1 1 0 1 0 0 0 0 0 1 0 0 0 0
50	1	0 0 1 0 0 1 0 0 0 0 0 0 0 1 0 0
50	7	0 0 1 0 0 1 1 0 0 0 0 1 0 0 0 0
50	5	0 0 1 0 0 1 0 0 0 0 0 1 1 0 0 0
50	7	0 0 1 0 0 0 0 0 0 0 0 1 0 0 0 1
50	8	0 0 1 0 0 1 0 0 0 0 1 1 0 1 0 0
50	4	0 0 0 0 0 1 1 0 1 1 0 0 0 1 0 1
50	2	1 1 0 0 0 1 0 0 1 1 0 0 0 0 0 0
50	5	0 0 1 0 0 0 0 1 0 0 0 1 0 0 0 0
50	3	0 1 0 0 0 1 0 0 0 0 0 1 0 1 0 0
50	1	0 0 1 0 1 0 0 0 0 1 0 1 0 1 0 0
50	2	0 1 0 0 0 1 0 0 1 0 1 0 0 1 1 1
50	3	0 1 0 0 0 1 0 0 0 0 0 1 0 0 0 0
50	1	0 0 1 0 1 1 0 0 0 0 0 1 0 0 0 1
50	5	0 1 0 0 0 1 0 0 1 1 0 1 0 1 0 1
50	4	0 0 1 0 0 1 0 0 1 0 0 0 0 0 0 0
50	6	0 0 1 0 0 1 1 0 0 0 0 0 0 0 0 1
50	5	0 1 0 1 0 1 0 0 1 0 1 0 0 1 0 0
50	4	0 1 1 0 1 1 0 0 0 0 0 1 0 0 0 0
50	1	0 0 1 0 0 1 0 1 0 0 0 1 0 0 0 0
50	1	1 0 1 0 0 1 0 0 0 0 0 1 0 0 0 1
50	5	0 0 0 0 0 1 0 0 1 1 0 0 0 0 0 0
50	13	0 0 1 0 1 1 0 1 0 0 0 1 0 0 0 0
50	3	0 1 0 0 0 1 0 0 1 0 0 0 0 0 0 1
50	1	0 1 0 0 0 1 0 0 0 0 0 0 0 1 0 0
50	3	0 0 1 0 0 1 0 0 1 1 0 0 0 0 0 0
50	2	0 1 0 0 0 1 0 0 1 1 0 0 1 0 0 0
50	6	0 0 1 0 0 0 1 0 0 0 0 1 0 0 0 0
50	1	1 0 1 0 0 1 0 0 1 1 0 0 0 1 0 0
50	19	0 0 1 0 1 0 0 0 0 0 0 1 0 0 0 1
50	2	0 0 1 0 1 0 0 0 0 1 0 1 0 0 0 0
50	2	0 1 0 0 1 1 0 0 1 1 0 0 0 0 0 0
50	4	0 1 0 1 0 1 0 0 1 0 0 0 0 1 0 1
50	4	0 0 1 0 1 0 0 0 1 0 0 1 0 0 0 1
50	1	0 0 0 0 1 1 0 0 1 0 0 1 0 0 0 0
50	2	0 1 1 0 0 1 0 0 0 0 0 0 1 0 0 0
50	4	1 0 0 0 0 1 0 0 0 0 0 1 0 0 0 0
50	1	0 1 0 0 0 0 0 0 1 1 0 0 0 0 0 0
50	2	0 1 0 0 0 1 0 0 0 1 1 0 0 1 0 0
50	2	1 0 1 0 0 1 0 0 1 0 0 1 0 0 0 0
50	4	0 1 1 0 0 1 0 0 1 1 0 0 0 0 0 0
50	2	1 0 1 0 1 1 0 0 1 1 0 0 0 1 0 0
50	2	0 0 1 0 0 1 0 0 0 0 0 1 0 0 1 0
50	1	0 0 1 0 1 1 0 0 0 0 0 0 0 0 0 0
50	1	0 0 1 0 0 1 0 0 0 0 0 0 1 0 0 0
50	1	0 0 0 1 0 1 0 0 1 0 0 0 0 1 0 0
50	1	0 0 1 0 0 1 0 0 0 1 0 0 0 0 0 1
50	2	0 0 1 0 0 1 0 0 0 1 0 1 0 0 1 0
50	3	0 0 1 0 0 0 0 1 0 0 1 1 0 0 0 0
50	2	0 1 0 0 0 0 0 0 1 1 0 1 0 1 0 0
60	5	1 0 0 0 0 0 0 0 0 0 0 1 1 0 0 0
60	291	0 0 1 0 0 1 0 0 0 0 0 1 0 0 0 0
60	57	0 1 0 0 0 1 0 0 1 1 0 0 0 1 0 0
60	54	0 1 0 0 0 1 0 0 1 1 0 0 0 0 0 0
60	49	0 0 1 0 1 1 0 0 0 0 0 1 0 0 0 0
60	5	0 0 1 0 0 0 0 0 0 0 0 1 0 0 0 0
60	13	0 0 1 0 0 1 0 0 0 0 0 1 0 1 0 0
60	2	0 1 0 0 0 1 0 0 1 0 0 0 0 0 0 0
60	13	0 1 0 0 0 1 0 0 1 1 0 1 0 0 0 0
60	6	0 0 1 0 0 1 0 0 0 0 1 1 0 0 0 0
60	13	0 0 1 0 0 1 0 0 0 0 0 0 0 0 0 0
60	15	0 1 0 1 0 1 0 0 1 0 0 0 0 1 0 0
60	9	0 1 0 0 0 1 0 0 0 1 0 0 0 1 0 0
60	12	1 0 1 0 0 1 0 0 0 0 0 1 0 0 0 0
60	35	0 0 1 0 0 1 0 0 1 0 0 1 0 0 0 0
60	13	0 0 1 0 0 1 0 0 0 0 0 0 0 0 0 1
60	9	0 1 0 0 0 1 0 0 1 1 0 0 1 1 0 0
60	4	0 0 1 0 0 1 0 0 0 1 0 1 0 0 0 0
60	17	0 1 1 0 0 1 0 0 0 0 0 1 0 0 0 0
60	26	0 0 1 0 0 1 0 0 0 0 0 1 0 0 0 1
60	2	0 1 0 0 0 1 0 0 1 0 1 0 0 1 0 0
60	7	0 0 1 1 0 0 1 0 1 1 0 0 0 1 0 0
60	2	0 1 0 0 0 1 0 0 1 0 0 0 0 1 0 0
60	37	0 0 1 1 0 1 0 0 0 0 0 1 0 0 0 0
60	13	0 0 1 0 0 1 1 0 0 0 0 1 0 0 0 0
60	2	0 0 1 0 0 1 0 0 0 0 0 1 1 0 0 0
60	10	0 0 1 0 0 0 0 0 0 0 0 1 0 0 0 1
60	4	0 0 1 0 0 1 0 0 0 0 1 1 0 1 0 0
60	9	0 1 0 0 0 1 0 0 0 0 0 1 0 0 0 0
60	30	0 1 1 0 1 1 0 0 0 0 0 1 0 0 0 0
60	7	0 0 1 0 0 1 0 1 0 0 0 1 0 0 0 0
60	2	0 0 0 0 0 1 0 0 1 1 0 0 0 0 0 0
60	11	0 0 1 0 1 1 0 1 0 0 0 1 0 0 0 0
60	2	0 1 0 0 0 1 0 0 1 0 0 0 0 0 0 1
60	21	0 0 1 0 1 0 0 0 0 0 0 1 0 0 0 1
60	15	0 1 0 0 1 1 0 0 1 1 0 0 0 0 0 0
60	3	0 1 0 1 0 1 0 0 1 0 0 0 0 1 0 1
60	9	0 0 1 0 1 0 0 0 1 0 0 1 0 0 0 1
60	3	0 0 0 0 1 1 0 0 1 0 0 1 0 0 0 0
60	11	0 1 0 0 0 1 0 0 0 1 1 0 0 1 0 0
60	14	1 0 1 0 0 1 0 0 1 0 0 1 0 0 0 0
60	3	0 1 1 0 0 1 0 0 1 1 0 0 0 0 0 0
60	4	0 0 0 1 0 1 0 0 1 0 0 0 0 1 0 0
60	9	0 0 1 0 0 1 0 0 1 1 0 1 0 1 0 1
60	8	0 0 0 0 0 1 0 0 0 0 0 1 0 0 0 0
60	7	0 0 0 0 0 1 0 0 1 1 0 0 0 1 0 0
60	8	0 1 0 0 0 0 0 0 1 1 0 0 0 1 0 0
60	1	0 0 1 0 0 0 0 1 0 0 0 1 0 0 0 1
60	12	0 0 1 0 1 1 0 0 0 0 0 1 0 1 0 0
60	4	0 0 1 1 0 1 0 0 0 0 0 0 0 0 0 0
60	7	0 0 1 1 0 1 0 0 0 0 1 1 0 0 0 0
60	1	0 1 0 1 0 1 0 0 1 0 0 1 0 0 0 0
60	6	1 0 1 0 0 1 0 0 0 0 1 1 0 1 0 0
60	10	0 1 0 0 1 1 0 0 1 1 0 0 0 1 0 0
60	3	0 0 1 0 0 1 1 0 1 0 1 0 0 1 0 0
60	5	0 0 0 1 0 1 0 0 1 1 0 0 0 1 0 0
60	3	0 1 1 0 1 1 0 0 0 1 0 1 0 0 0 0
60	3	0 1 0 0 0 1 0 0 0 0 0 1 0 1 0 0
60	2	0 0 1 0 1 0 0 0 0 0 0 1 0 0 0 0
60	1	0 1 0 0 0 1 0 1 1 1 0 1 0 0 0 0
60	3	0 0 0 0 0 1 0 0 0 1 0 0 0 1 0 0
60	4	0 1 0 0 0 1 0 0 1 0 0 0 0 1 0 1
60	1	0 0 0 0 0 1 0 0 1 1 0 0 0 0 0 1
60	6	1 1 0 0 0 1 0 0 1 1 0 0 0 0 0 0
60	1	0 1 0 1 0 1 0 0 1 1 0 0 0 0 0 0
60	1	0 0 1 1 0 1 0 0 0 0 0 1 0 0 0 1
60	2	0 1 1 0 1 0 0 0 0 0 0 1 0 0 0 1
60	2	0 1 0 0 0 1 0 0 1 0 0 1 0 0 0 0
60	1	0 0 1 0 0 1 0 0 1 1 0 0 0 1 0 0
60	1	0 1 0 0 0 1 0 1 1 1 0 0 0 0 0 0
60	4	0 1 1 0 0 1 0 1 0 0 0 1 0 0 0 0
60	6	0 1 1 0 0 1 1 0 0 0 0 1 0 0 0 0
60	2	0 0 1 0 0 0 0 0 0 0 1 1 0 0 0 1
60	1	0 0 1 1 1 0 0 0 0 0 0 1 0 0 0 1
60	1	0 1 1 0 0 1 0 0 0 0 0 1 0 1 0 0
60	1	0 0 0 1 0 1 0 0 0 0 0 1 0 0 0 0
60	2	0 1 0 0 0 1 0 0 1 1 0 1 0 1 0 0
60	2	0 1 0 0 0 1 0 0 1 1 0 0 1 0 0 0
70	281	0 0 1 0 0 1 0 0 0 0 0 1 0 0 0 0
70	38	0 1 0 0 0 1 0 0 1 1 0 0 0 1 0 0
70	66	0 1 0 0 0 1 0 0 1 1 0 0 0 0 0 0
70	14	0 0 1 0 1 1 0 0 0 0 0 1 0 0 0 0
70	3	0 0 1 0 0 0 0 0 0 0 0 1 0 0 0 0
70	21	0 0 1 0 0 1 0 0 0 0 0 1 0 1 0 0
70	21	0 1 0 0 0 1 0 0 1 1 0 1 0 0 0 0
70	11	0 0 1 0 0 1 0 0 0 0 0 0 0 0 0 0
70	1	0 1 0 1 0 1 0 0 1 0 0 0 0 1 0 0
70	12	0 1 0 0 0 1 0 0 0 1 0 0 0 1 0 0
70	3	1 0 1 0 0 1 0 0 0 0 0 1 0 0 0 0
70	20	0 0 1 0 0 1 0 0 1 0 0 1 0 0 0 0
70	2	0 0 1 0 0 1 0 0 0 0 0 0 0 0 0 1
70	8	0 1 0 0 0 1 0 0 1 1 0 0 1 1 0 0
70	9	0 0 1 0 0 1 0 0 0 1 0 1 0 0 0 0
70	16	0 1 1 0 0 1 0 0 0 0 0 1 0 0 0 0
70	16	0 0 1 0 0 1 0 0 0 0 0 1 0 0 0 1
70	6	0 1 0 0 0 1 0 0 1 0 1 0 0 1 0 0
70	25	0 0 1 1 0 1 0 0 0 0 0 1 0 0 0 0
70	34	0 0 1 0 0 1 1 0 0 0 0 1 0 0 0 0
70	12	0 0 1 0 0 0 0 0 0 0 0 1 0 0 0 1
70	10	0 1 0 0 0 1 0 0 0 0 0 1 0 0 0 0
70	22	0 1 1 0 1 1 0 0 0 0 0 1 0 0 0 0
70	23	0 0 1 0 0 1 0 1 0 0 0 1 0 0 0 0
70	5	0 0 1 0 1 1 0 1 0 0 0 1 0 0 0 0
70	10	0 1 0 0 1 1 0 0 1 1 0 0 0 0 0 0
70	1	0 1 0 1 0 1 0 0 1 0 0 0 0 1 0 1
70	25	0 1 0 0 0 1 0 0 0 1 1 0 0 1 0 0
70	67	1 0 1 0 0 1 0 0 1 0 0 1 0 0 0 0
70	3	0 0 0 1 0 1 0 0 1 0 0 0 0 1 0 0
70	6	0 0 0 0 0 1 0 0 0 0 0 1 0 0 0 0
70	4	0 1 0 0 0 0 0 0 1 1 0 0 0 1 0 0
70	1	0 0 1 0 1 1 0 0 0 0 0 1 0 1 0 0
70	5	0 0 1 1 0 1 0 0 0 0 1 1 0 0 0 0
70	15	0 0 1 0 1 0 0 0 0 0 0 1 0 0 0 0
70	12	1 1 0 0 0 1 0 0 1 1 0 0 0 0 0 0
70	1	0 0 1 1 0 1 0 0 0 0 0 1 0 0 0 1
70	5	0 1 0 0 0 1 0 0 1 0 0 1 0 0 0 0
70	7	0 0 1 0 0 1 0 0 1 1 0 0 0 1 0 0
70	6	0 0 1 0 0 0 0 0 0 0 1 1 0 0 0 1
70	7	0 0 1 0 0 1 0 0 1 1 0 0 0 0 0 0
70	8	0 0 1 0 0 0 0 0 0 1 0 1 0 0 0 0
70	3	0 0 1 0 1 1 0 0 0 1 0 1 0 0 0 0
70	19	0 0 1 0 1 1 0 0 1 1 0 0 0 0 0 0
70	11	0 1 0 0 1 1 0 0 0 1 0 0 0 0 0 0
70	5	0 0 1 0 0 0 0 0 0 1 0 1 0 0 0 1
70	5	0 0 1 0 1 1 0 0 0 1 1 0 0 1 0 0
70	4	0 1 0 0 0 0 0 0 0 1 1 0 0 1 0 0
70	1	0 1 0 0 1 1 0 0 1 1 0 1 0 1 0 0
70	5	0 1 0 0 0 0 0 0 1 0 0 1 0 0 0 0
70	2	0 1 0 0 0 1 1 0 1 1 0 0 0 0 0 0
70	2	0 0 0 0 0 1 0 0 1 0 0 1 0 0 0 0
70	4	0 0 1 1 0 1 1 0 0 0 0 1 0 0 0 0
70	3	0 0 1 0 0 1 0 0 1 1 0 1 0 0 0 0
70	2	0 0 1 0 0 1 0 0 0 0 0 1 0 0 1 0
70	8	0 1 0 0 0 0 0 0 1 1 0 1 0 0 0 0
70	10	0 1 0 0 0 1 0 0 1 1 1 1 0 0 0 0
70	3	0 1 0 0 1 1 1 0 1 1 0 0 0 1 0 0
70	3	0 0 1 0 0 1 0 0 1 1 0 1 0 1 0 0
70	1	0 0 1 0 1 1 0 0 0 0 0 1 1 0 0 0
70	10	0 0 1 0 0 0 0 0 1 0 0 1 0 0 0 0
70	5	0 1 0 1 1 1 0 0 1 1 0 0 0 0 0 0
70	4	0 0 0 0 0 1 0 0 1 1 0 0 0 1 0 0
70	1	0 1 0 0 1 1 0 0 0 1 0 0 0 1 0 0
70	3	1 0 1 0 0 0 0 0 0 0 0 1 0 0 0 1
70	3	0 0 1 0 0 0 0 0 0 1 1 1 0 0 0 0
70	1	0 0 1 1 0 0 1 0 0 0 0 1 0 0 0 0
70	3	0 0 1 0 0 0 0 0 0 1 0 0 0 0 0 0
70	1	0 1 1 0 1 1 0 0 0 0 0 0 0 0 0 1
70	1	0 0 1 0 0 1 0 0 0 0 0 1 1 0 0 0
70	2	0 1 0 0 0 1 0 0 1 0 0 0 0 0 0 0
70	1	0 1 0 0 0 1 0 1 1 1 0 0 0 0 0 0
70	1	0 1 1 0 0 0 0 0 0 0 0 1 0 0 0 0
70	1	0 0 1 0 0 1 1 0 0 0 1 1 0 0 0 0
70	1	0 1 0 1 0 1 0 0 0 0 0 1 0 0 0 0
70	2	1 1 0 0 0 0 0 0 1 1 0 0 0 1 0 0
70	2	0 0 1 0 1 0 0 0 0 0 0 1 0 0 1 0
70	1	0 0 1 0 1 1 0 0 0 1 1 1 0 0 0 0
70	2	0 1 0 0 1 1 0 1 0 1 0 0 0 0 0 0
70	2	0 0 1 0 1 1 0 0 0 1 1 0 0 1 0 1
80	231	0 0 1 0 0 1 0 0 0 0 0 1 0 0 0 0
80	7	0 1 0 0 0 1 0 0 1 1 0 0 0 1 0 0
80	74	0 1 0 0 0 1 0 0 1 1 0 0 0 0 0 0
80	42	0 0 1 0 1 1 0 0 0 0 0 1 0 0 0 0
80	2	0 0 1 0 0 0 0 0 0 0 0 1 0 0 0 0
80	12	0 0 1 0 0 1 0 0 0 0 0 1 0 1 0 0
80	14	0 1 0 0 0 1 0 0 1 1 0 1 0 0 0 0
80	15	0 0 1 0 0 1 0 0 0 0 0 0 0 0 0 0
80	2	0 1 0 1 0 1 0 0 1 0 0 0 0 1 0 0
80	8	1 0 1 0 0 1 0 0 0 0 0 1 0 0 0 0
80	14	0 0 1 0 0 1 0 0 1 0 0 1 0 0 0 0
80	11	0 0 1 0 0 1 0 0 0 1 0 1 0 0 0 0
80	19	0 1 1 0 0 1 0 0 0 0 0 1 0 0 0 0
80	8	0 0 1 0 0 1 0 0 0 0 0 1 0 0 0 1
80	1	0 1 0 0 0 1 0 0 1 0 1 0 0 1 0 0
80	40	0 0 1 1 0 1 0 0 0 0 0 1 0 0 0 0
80	15	0 0 1 0 0 1 1 0 0 0 0 1 0 0 0 0
80	9	0 0 1 0 0 0 0 0 0 0 0 1 0 0 0 1
80	15	0 1 0 0 0 1 0 0 0 0 0 1 0 0 0 0
80	1	0 1 1 0 1 1 0 0 0 0 0 1 0 0 0 0
80	21	0 0 1 0 0 1 0 1 0 0 0 1 0 0 0 0
80	12	0 0 1 0 1 1 0 1 0 0 0 1 0 0 0 0
80	21	0 1 0 0 1 1 0 0 1 1 0 0 0 0 0 0
80	9	0 1 0 0 0 1 0 0 0 1 1 0 0 1 0 0
80	79	1 0 1 0 0 1 0 0 1 0 0 1 0 0 0 0
80	1	0 0 0 1 0 1 0 0 1 0 0 0 0 1 0 0
80	13	0 0 1 0 1 0 0 0 0 0 0 1 0 0 0 0
80	8	1 1 0 0 0 1 0 0 1 1 0 0 0 0 0 0
80	3	0 1 0 0 0 1 0 0 1 0 0 1 0 0 0 0
80	2	0 0 1 0 0 0 0 0 0 0 1 1 0 0 0 1
80	10	0 0 1 0 0 1 0 0 1 1 0 0 0 0 0 0
80	39	0 0 1 0 1 1 0 0 1 1 0 0 0 0 0 0
80	10	0 1 0 0 1 1 0 0 0 1 0 0 0 0 0 0
80	2	0 0 1 0 0 0 0 0 0 1 0 1 0 0 0 1
80	2	0 0 1 0 1 1 0 0 0 1 1 0 0 1 0 0
80	7	0 1 0 0 0 0 0 0 0 1 1 0 0 1 0 0
80	8	0 1 0 0 0 1 1 0 1 1 0 0 0 0 0 0
80	9	0 0 1 0 0 1 0 0 0 0 0 1 0 0 1 0
80	4	0 1 0 0 0 0 0 0 1 1 0 1 0 0 0 0
80	34	0 1 0 0 0 1 0 0 1 1 1 1 0 0 0 0
80	3	0 1 0 0 1 1 1 0 1 1 0 0 0 1 0 0
80	10	0 0 1 0 0 0 0 0 1 0 0 1 0 0 0 0
80	10	0 1 0 1 1 1 0 0 1 1 0 0 0 0 0 0
80	14	0 0 0 0 0 1 0 0 1 1 0 0 0 1 0 0
80	3	0 1 0 0 1 1 0 0 0 1 0 0 0 1 0 0
80	26	1 0 1 0 0 0 0 0 0 0 0 1 0 0 0 1
80	1	0 1 0 0 0 1 0 1 1 1 0 0 0 0 0 0
80	9	0 1 0 0 0 0 0 0 0 0 0 1 0 0 0 0
80	4	0 1 0 0 0 1 0 0 1 0 0 0 0 1 0 0
80	1	0 0 1 0 0 1 0 0 0 1 0 0 0 0 0 0
80	1	0 0 1 1 0 1 0 0 1 0 0 1 0 0 0 0
80	6	1 0 1 0 0 0 0 0 0 0 0 1 0 0 0 0
80	2	0 0 1 0 0 1 0 0 0 0 0 1 1 0 0 0
80	1	0 1 0 0 0 1 0 0 1 1 1 0 0 0 0 0
80	3	0 0 1 0 1 0 0 0 0 0 0 1 1 0 0 0
80	3	1 1 0 0 0 1 1 0 1 1 0 0 0 0 0 0
80	11	1 1 0 0 0 1 0 0 1 0 0 0 0 1 0 0
80	5	0 0 1 0 1 0 0 0 1 1 0 1 0 0 0 0
80	9	0 0 1 0 0 1 0 0 0 0 1 1 0 0 0 0
80	6	1 0 1 0 0 1 0 1 1 0 0 1 0 0 0 0
80	1	0 0 1 0 0 1 1 0 0 0 0 1 0 1 0 0
80	4	0 0 1 0 1 0 0 0 0 1 0 1 0 0 0 0
80	3	0 1 1 0 0 1 0 0 1 1 0 0 0 0 0 0
80	6	0 0 1 0 0 1 1 0 0 0 0 1 0 0 0 1
80	4	0 1 0 0 0 1 0 0 0 0 0 1 1 0 0 0
80	1	0 0 1 1 0 0 0 0 0 0 0 1 0 0 0 0
80	1	1 0 1 0 0 1 0 0 1 1 1 1 0 0 0 0
80	2	0 0 1 0 1 0 0 0 0 0 0 1 0 0 0 1
80	1	1 0 0 0 0 1 0 0 1 1 0 0 0 0 0 0
80	2	0 0 1 1 0 1 0 0 0 0 0 1 0 0 0 1
80	3	0 1 0 1 0 0 0 0 1 1 0 1 0 0 0 0
80	1	1 0 1 0 0 1 0 0 1 1 0 0 0 0 0 0
80	3	1 1 0 0 0 1 0 0 1 0 0 0 0 0 0 0
80	2	0 0 1 1 0 1 0 0 0 0 1 1 0 0 0 0
80	1	1 0 1 0 0 0 0 0 1 0 0 1 1 0 0 0
80	3	0 0 1 1 0 0 0 0 0 0 0 1 0 0 1 0
90	178	0 0 1 0 0 1 0 0 0 0 0 1 0 0 0 0
90	100	0 1 0 0 0 1 0 0 1 1 0 0 0 0 0 0
90	53	0 0 1 0 1 1 0 0 0 0 0 1 0 0 0 0
90	12	0 0 1 0 0 1 0 0 0 0 0 1 0 1 0 0
90	23	0 0 1 0 0 1 0 0 0 0 0 0 0 0 0 0
90	18	1 0 1 0 0 1 0 0 0 0 0 1 0 0 0 0
90	2	0 0 1 0 0 1 0 0 1 0 0 1 0 0 0 0
90	3	0 0 1 0 0 1 0 0 0 1 0 1 0 0 0 0
90	23	0 1 1 0 0 1 0 0 0 0 0 1 0 0 0 0
90	4	0 0 1 0 0 1 0 0 0 0 0 1 0 0 0 1
90	29	0 0 1 1 0 1 0 0 0 0 0 1 0 0 0 0
90	6	0 0 1 0 0 1 1 0 0 0 0 1 0 0 0 0
90	1	0 0 1 0 0 0 0 0 0 0 0 1 0 0 0 1
90	17	0 1 0 0 0 1 0 0 0 0 0 1 0 0 0 0
90	16	0 1 1 0 1 1 0 0 0 0 0 1 0 0 0 0
90	24	0 0 1 0 0 1 0 1 0 0 0 1 0 0 0 0
90	12	0 1 0 0 1 1 0 0 1 1 0 0 0 0 0 0
90	5	0 1 0 0 0 1 0 0 0 1 1 0 0 1 0 0
90	56	1 0 1 0 0 1 0 0 1 0 0 1 0 0 0 0
90	8	0 0 1 0 1 0 0 0 0 0 0 1 0 0 0 0
90	2	0 1 0 0 0 1 0 0 1 0 0 1 0 0 0 0
90	8	0 0 1 0 0 1 0 0 1 1 0 0 0 0 0 0
90	45	0 0 1 0 1 1 0 0 1 1 0 0 0 0 0 0
90	11	0 1 0 0 1 1 0 0 0 1 0 0 0 0 0 0
90	34	0 1 0 0 0 0 0 0 0 1 1 0 0 1 0 0
90	5	0 0 1 0 0 1 0 0 0 0 0 1 0 0 1 0
90	24	0 1 0 0 0 0 0 0 1 1 0 1 0 0 0 0
90	32	0 1 0 0 0 1 0 0 1 1 1 1 0 0 0 0
90	9	0 1 0 0 1 1 1 0 1 1 0 0 0 1 0 0
90	11	0 1 0 1 1 1 0 0 1 1 0 0 0 0 0 0
90	1	0 1 0 0 1 1 0 0 0 1 0 0 0 1 0 0
90	18	1 0 1 0 0 0 0 0 0 0 0 1 0 0 0 1
90	2	0 0 1 0 1 0 0 0 0 0 0 1 1 0 0 0
90	1	1 1 0 0 0 1 1 0 1 1 0 0 0 0 0 0
90	11	1 0 1 0 0 1 0 1 1 0 0 1 0 0 0 0
90	13	0 1 1 0 0 1 0 0 1 1 0 0 0 0 0 0
90	1	0 1 0 0 0 1 0 0 0 0 0 1 1 0 0 0
90	4	0 1 0 1 0 0 0 0 1 1 0 1 0 0 0 0
90	5	0 0 1 0 0 1 1 1 0 0 0 1 0 0 0 0
90	2	0 0 1 0 0 1 0 0 1 1 1 1 0 0 0 0
90	11	1 1 0 0 1 1 1 0 1 1 0 0 0 1 0 0
90	2	0 0 1 1 0 1 1 0 0 0 0 1 0 0 0 1
90	1	1 0 1 0 0 1 0 0 0 1 0 1 0 0 0 0
90	2	1 0 1 0 0 0 0 0 0 0 0 1 0 1 0 0
90	1	0 0 1 0 1 1 0 0 0 0 0 1 0 0 1 0
90	5	0 0 1 0 0 1 0 0 1 1 0 1 0 0 0 0
90	1	0 0 0 0 0 1 0 0 1 0 0 1 0 0 0 0
90	10	0 0 1 1 0 1 0 0 0 1 0 1 0 0 0 0
90	3	0 1 0 0 1 1 0 0 0 0 0 1 0 0 0 0
90	21	1 0 0 0 0 1 0 0 1 1 1 1 0 0 0 0
90	8	1 0 0 0 0 1 0 0 1 1 0 0 0 0 0 0
90	5	1 0 1 0 0 1 0 0 1 0 0 0 0 0 0 0
90	4	0 0 1 0 0 1 0 0 0 1 0 0 0 0 0 0
90	3	0 0 1 1 1 1 0 0 1 1 0 0 0 0 0 0
90	4	1 0 1 0 0 1 0 0 0 0 0 1 0 0 1 0
90	1	1 0 1 0 0 1 0 0 0 0 0 1 1 0 0 0
90	2	0 0 1 0 1 0 1 0 1 1 0 1 0 0 0 0
90	2	0 1 0 1 0 0 0 0 0 1 0 1 0 0 0 0
90	9	1 0 1 0 0 1 0 0 0 1 0 0 0 0 0 0
90	1	0 0 1 0 1 1 0 0 1 1 0 0 0 1 0 1
90	1	0 1 1 0 0 1 0 1 0 0 0 1 0 0 0 0
90	1	1 0 1 0 0 1 1 0 1 0 0 1 0 0 0 0
90	1	1 1 0 0 0 1 0 0 1 1 1 1 0 0 0 0
90	1	1 0 0 0 0 1 0 0 1 0 0 1 0 0 0 1
90	6	0 0 0 0 0 1 0 0 1 1 1 0 0 1 0 0
90	2	1 0 1 0 0 1 0 0 1 0 0 1 0 0 1 0
90	2	1 0 1 0 1 1 0 0 1 1 0 0 0 0 0 0
90	3	0 0 1 0 1 1 0 0 1 0 0 0 0 0 0 0
90	2	0 0 1 0 0 0 0 0 0 0 0 1 0 0 0 0
90	2	0 1 0 0 0 1 1 0 1 1 1 1 0 0 0 0
90	14	1 0 1 0 0 1 0 1 0 0 0 1 0 0 0 0
90	4	0 1 1 0 0 0 0 1 0 0 0 1 0 0 0 0
90	3	0 1 0 0 0 1 0 0 1 1 1 0 0 0 0 0
90	3	0 0 1 0 0 1 0 0 0 0 0 0 0 0 1 0
90	2	0 0 1 0 0 1 1 0 1 0 0 1 0 0 0 0
90	5	0 0 0 0 0 1 0 0 0 1 0 1 0 0 0 0
90	1	0 1 1 0 0 1 0 0 0 0 0 1 0 1 0 0
90	1	0 0 0 0 0 1 1 0 0 0 0 1 0 0 0 0
90	5	1 0 1 0 0 1 0 0 1 0 0 1 0 0 0 1
90	1	0 0 1 0 1 1 0 0 1 1 0 0 1 0 0 0
90	2	0 1 0 0 0 0 0 0 1 0 0 1 0 0 0 0
90	2	0 1 0 0 0 0 0 1 1 1 0 1 0 0 0 0
90	2	1 0 1 0 0 1 0 1 1 0 0 0 0 0 0 0
90	1	0 0 1 1 0 1 0 0 0 0 0 0 0 1 0 0
90	2	0 1 0 0 0 1 0 0 1 1 1 1 0 1 0 0
90	1	1 0 1 0 0 1 0 0 0 0 0 0 0 0 0 0
90	1	0 1 0 0 0 1 0 0 1 1 1 1 0 0 0 1
90	1	0 1 0 1 1 1 0 0 1 1 0 0 0 0 1 0
90	3	0 1 1 0 0 1 1 1 0 1 0 1 0 0 0 0
100	190	0 0 1 0 0 1 0 0 0 0 0 1 0 0 0 0
100	127	0 1 0 0 0 1 0 0 1 1 0 0 0 0 0 0
100	16	0 0 1 0 1 1 0 0 0 0 0 1 0 0 0 0
100	13	0 0 1 0 0 1 0 0 0 0 0 0 0 0 0 0
100	8	1 0 1 0 0 1 0 0 0 0 0 1 0 0 0 0
100	5	0 0 1 0 0 1 0 0 0 1 0 1 0 0 0 0
100	13	0 1 1 0 0 1 0 0 0 0 0 1 0 0 0 0
100	11	0 0 1 0 0 1 0 0 0 0 0 1 0 0 0 1
100	21	0 0 1 1 0 1 0 0 0 0 0 1 0 0 0 0
100	10	0 0 1 0 0 1 1 0 0 0 0 1 0 0 0 0
100	5	0 0 1 0 0 0 0 0 0 0 0 1 0 0 0 1
100	5	0 1 0 0 0 1 0 0 0 0 0 1 0 0 0 0
100	34	0 1 1 0 1 1 0 0 0 0 0 1 0 0 0 0
100	7	0 0 1 0 0 1 0 1 0 0 0 1 0 0 0 0
100	44	0 1 0 0 1 1 0 0 1 1 0 0 0 0 0 0
100	40	1 0 1 0 0 1 0 0 1 0 0 1 0 0 0 0
100	48	0 0 1 0 1 1 0 0 1 1 0 0 0 0 0 0
100	4	0 1 0 0 1 1 0 0 0 1 0 0 0 0 0 0
100	27	0 1 0 0 0 0 0 0 0 1 1 0 0 1 0 0
100	4	0 0 1 0 0 1 0 0 0 0 0 1 0 0 1 0
100	48	0 1 0 0 0 0 0 0 1 1 0 1 0 0 0 0
100	35	0 1 0 0 0 1 0 0 1 1 1 1 0 0 0 0
100	1	0 1 0 0 1 1 0 0 0 1 0 0 0 1 0 0
100	3	1 0 1 0 0 0 0 0 0 0 0 1 0 0 0 1
100	2	0 0 1 0 1 0 0 0 0 0 0 1 1 0 0 0
100	19	1 0 1 0 0 1 0 1 1 0 0 1 0 0 0 0
100	9	0 1 0 1 0 0 0 0 1 1 0 1 0 0 0 0
100	4	0 0 1 0 0 1 1 1 0 0 0 1 0 0 0 0
100	4	1 1 0 0 1 1 1 0 1 1 0 0 0 1 0 0
100	11	0 0 1 1 0 1 0 0 0 1 0 1 0 0 0 0
100	9	1 0 0 0 0 1 0 0 1 1 1 1 0 0 0 0
100	10	1 0 0 0 0 1 0 0 1 1 0 0 0 0 0 0
100	11	1 0 1 0 0 1 0 0 0 0 0 1 1 0 0 0
100	3	0 1 0 1 0 0 0 0 0 1 0 1 0 0 0 0
100	4	1 0 1 0 0 1 0 0 0 1 0 0 0 0 0 0
100	20	1 0 1 0 1 1 0 0 1 1 0 0 0 0 0 0
100	5	0 0 1 0 1 1 0 0 1 0 0 0 0 0 0 0
100	4	0 0 1 0 0 0 0 0 0 0 0 1 0 0 0 0
100	13	0 1 0 0 0 1 0 0 1 1 1 0 0 0 0 0
100	5	0 0 0 0 0 1 1 0 0 0 0 1 0 0 0 0
100	1	1 0 1 0 0 1 0 0 1 0 0 1 0 0 0 1
100	7	0 0 1 1 0 1 0 0 0 0 0 0 0 1 0 0
100	2	0 1 0 1 0 1 0 0 0 0 0 1 0 0 0 0
100	20	0 0 1 0 0 1 0 0 0 0 0 1 1 0 0 0
100	2	0 1 1 0 0 1 0 0 1 1 1 1 0 0 0 0
100	5	1 0 1 0 1 1 0 0 1 1 0 0 1 0 0 0
100	4	0 1 0 0 0 1 0 0 1 1 0 1 0 0 0 0
100	1	0 1 1 0 0 1 0 0 0 0 1 1 0 0 0 0
100	4	0 0 1 0 0 0 0 0 1 1 0 1 0 0 0 0
100	20	0 0 1 0 0 1 0 1 0 0 1 1 0 0 0 0
100	12	1 0 0 0 0 1 1 0 1 1 1 1 0 0 0 0
100	2	0 0 1 1 0 1 0 0 0 1 1 0 0 1 0 0
100	2	0 0 1 0 1 1 0 0 1 0 0 1 0 0 0 0
100	4	0 0 1 0 1 1 0 1 1 1 0 0 0 0 0 0
100	2	0 0 0 0 0 1 0 0 1 1 0 0 0 0 0 0
100	1	0 1 0 0 0 0 0 0 1 0 0 1 0 0 0 0
100	1	1 0 1 0 0 1 1 0 1 1 0 0 0 0 0 0
100	2	0 1 0 0 0 1 0 0 0 1 1 1 0 0 0 0
100	1	0 0 1 0 0 1 0 0 1 1 0 0 0 0 0 0
100	3	0 0 1 0 1 1 0 0 1 1 0 0 0 0 0 1
100	1	0 0 1 1 0 1 0 0 1 1 0 0 0 0 0 0
100	3	0 0 1 1 0 1 0 1 0 0 0 1 0 0 0 0
100	1	0 1 0 0 1 1 0 1 1 1 0 0 0 0 0 0
100	4	1 0 0 0 0 1 0 0 1 0 0 0 0 0 0 0
100	1	1 0 0 0 0 1 0 0 0 1 0 0 0 0 0 0
100	2	0 1 0 0 1 1 0 0 0 1 0 1 0 0 0 0
100	10	1 0 1 0 0 1 0 0 0 0 0 0 0 0 0 0
100	2	1 0 1 0 0 1 0 0 1 1 1 0 0 1 0 0
100	2	0 1 1 0 0 1 0 0 0 0 0 0 0 0 0 0
100	4	1 0 1 0 0 0 0 0 0 0 0 0 0 1 0 0
100	2	1 0 0 0 0 1 0 0 1 1 0 0 0 0 0 1
100	1	0 1 0 0 0 1 0 0 1 1 1 0 0 0 1 0
100	3	1 0 1 0 0 0 0 0 0 0 0 1 0 0 0 0
100	1	0 1 0 0 0 1 1 0 1 1 0 0 0 0 0 0
100	2	0 0 1 0 0 1 0 0 0 0 0 1 0 1 0 0
100	2	0 1 1 0 1 1 0 0 0 1 1 0 0 0 0 0
100	1	0 0 0 0 0 1 0 0 1 1 1 0 0 0 0 0
100	3	1 0 1 0 0 1 0 0 1 1 1 0 0 0 0 0
100	1	1 1 0 0 0 1 0 0 1 1 0 0 0 0 0 0
100	1	0 0 0 0 1 1 0 0 1 1 0 0 0 0 0 0
100	1	0 1 0 0 1 0 0 0 0 0 0 1 0 0 0 0
100	1	0 0 1 0 0 1 0 0 0 1 0 1 1 0 0 0
100	2	0 0 1 1 1 1 0 1 0 0 0 1 0 0 0 0
100	1	0 0 1 0 0 0 0 0 1 0 0 1 0 0 1 0
110	136	0 0 1 0 0 1 0 0 0 0 0 1 0 0 0 0
110	80	0 1 0 0 0 1 0 0 1 1 0 0 0 0 0 0
110	31	0 0 1 0 1 1 0 0 0 0 0 1 0 0 0 0
110	19	0 0 1 0 0 1 0 0 0 0 0 0 0 0 0 0
110	11	1 0 1 0 0 1 0 0 0 0 0 1 0 0 0 0
110	6	0 0 1 0 0 1 0 0 0 1 0 1 0 0 0 0
110	12	0 1 1 0 0 1 0 0 0 0 0 1 0 0 0 0
110	23	0 0 1 1 0 1 0 0 0 0 0 1 0 0 0 0
110	1	0 0 1 0 0 1 1 0 0 0 0 1 0 0 0 0
110	1	0 0 1 0 0 0 0 0 0 0 0 1 0 0 0 1
110	10	0 1 0 0 0 1 0 0 0 0 0 1 0 0 0 0
110	50	0 1 1 0 1 1 0 0 0 0 0 1 0 0 0 0
110	8	0 0 1 0 0 1 0 1 0 0 0 1 0 0 0 0
110	17	0 1 0 0 1 1 0 0 1 1 0 0 0 0 0 0
110	51	1 0 1 0 0 1 0 0 1 0 0 1 0 0 0 0
110	43	0 0 1 0 1 1 0 0 1 1 0 0 0 0 0 0
110	3	0 1 0 0 1 1 0 0 0 1 0 0 0 0 0 0
110	3	0 1 0 0 0 0 0 0 0 1 1 0 0 1 0 0
110	33	0 1 0 0 0 0 0 0 1 1 0 1 0 0 0 0
110	29	0 1 0 0 0 1 0 0 1 1 1 1 0 0 0 0
110	8	0 0 1 0 1 0 0 0 0 0 0 1 1 0 0 0
110	35	1 0 1 0 0 1 0 1 1 0 0 1 0 0 0 0
110	9	0 1 0 1 0 0 0 0 1 1 0 1 0 0 0 0
110	9	1 1 0 0 1 1 1 0 1 1 0 0 0 1 0 0
110	2	1 0 0 0 0 1 0 0 1 1 1 1 0 0 0 0
110	13	1 0 0 0 0 1 0 0 1 1 0 0 0 0 0 0
110	2	1 0 1 0 0 1 0 0 0 0 0 1 1 0 0 0
110	15	1 0 1 0 0 1 0 0 0 1 0 0 0 0 0 0
110	15	1 0 1 0 1 1 0 0 1 1 0 0 0 0 0 0
110	13	0 0 1 0 1 1 0 0 1 0 0 0 0 0 0 0
110	4	0 0 1 0 0 0 0 0 0 0 0 1 0 0 0 0
110	2	0 1 0 0 0 1 0 0 1 1 1 0 0 0 0 0
110	6	0 0 1 1 0 1 0 0 0 0 0 0 0 1 0 0
110	3	0 1 1 0 0 1 0 0 1 1 1 1 0 0 0 0
110	4	1 0 1 0 1 1 0 0 1 1 0 0 1 0 0 0
110	2	0 0 1 0 0 1 0 1 0 0 1 1 0 0 0 0
110	19	1 0 0 0 0 1 1 0 1 1 1 1 0 0 0 0
110	4	0 0 1 0 1 1 0 0 1 0 0 1 0 0 0 0
110	11	0 1 0 0 0 0 0 0 1 0 0 1 0 0 0 0
110	1	0 0 1 0 0 1 0 0 1 1 0 0 0 0 0 0
110	7	0 1 0 0 1 1 0 1 1 1 0 0 0 0 0 0
110	52	1 0 1 0 0 1 0 0 0 0 0 0 0 0 0 0
110	1	1 0 1 0 0 1 0 0 1 1 1 0 0 1 0 0
110	6	0 1 1 0 0 1 0 0 0 0 0 0 0 0 0 0
110	10	1 0 0 0 0 1 0 0 1 1 0 0 0 0 0 1
110	3	1 0 1 0 0 0 0 0 0 0 0 1 0 0 0 0
110	5	0 0 1 0 0 1 0 0 0 0 0 1 0 1 0 0
110	13	0 0 0 0 0 1 0 0 0 0 0 1 0 0 0 0
110	1	1 0 1 0 0 1 0 0 1 0 1 1 0 0 0 0
110	1	0 1 1 0 0 0 0 0 1 1 0 1 0 0 0 0
110	17	0 0 0 0 0 1 0 0 1 1 1 1 0 0 0 0
110	5	0 1 0 0 0 0 0 0 1 1 0 1 1 0 0 0
110	6	0 1 0 0 1 1 0 0 0 0 0 1 0 0 0 0
110	16	0 0 1 0 0 1 0 0 1 0 0 1 0 0 0 0
110	13	0 1 1 0 1 1 0 0 1 1 0 0 0 0 0 0
110	8	0 1 0 0 0 0 0 0 1 1 1 1 0 0 0 0
110	10	0 1 1 0 0 1 0 0 1 1 0 0 0 0 0 0
110	5	0 1 0 0 0 1 0 0 0 0 1 1 0 0 0 0
110	6	1 0 1 0 0 0 0 1 1 0 0 1 0 0 0 0
110	1	1 0 1 0 0 1 0 0 0 0 0 1 0 0 0 1
110	4	0 0 0 0 0 1 0 0 1 1 0 0 0 0 0 0
110	4	0 0 1 0 1 1 0 0 0 0 1 1 0 0 0 0
110	4	0 0 0 0 1 1 0 0 1 1 0 0 0 0 0 0
110	1	0 1 0 0 0 0 0 0 1 1 0 1 0 0 0 1
110	2	0 1 0 0 0 1 0 0 1 0 0 1 0 0 0 0
110	2	0 0 1 0 0 1 0 0 0 0 0 1 0 0 0 1
110	1	0 1 1 0 1 1 0 1 0 0 0 1 0 0 0 0
110	3	0 1 0 1 0 0 0 0 1 1 1 1 0 0 0 0
110	2	0 0 0 0 0 1 0 0 0 0 0 1 0 0 1 0
110	3	1 1 1 0 0 1 0 0 0 0 0 1 0 0 0 0
110	2	0 0 1 0 0 1 0 0 0 0 1 1 0 0 0 0
110	2	0 1 0 0 0 0 0 0 1 1 0 0 0 0 0 0
110	1	0 1 0 1 1 0 0 0 1 1 0 1 0 0 0 0
110	3	1 0 0 1 0 1 0 0 0 1 0 0 0 0 0 0
110	4	0 1 1 0 0 0 0 0 0 0 0 0 0 0 0 0
110	1	1 1 0 0 0 1 0 0 1 1 0 0 0 0 0 0
110	2	0 1 0 1 0 1 0 0 1 1 0 0 0 0 0 0
110	1	0 1 1 0 1 1 0 0 1 0 0 1 0 0 0 0
110	1	1 0 1 0 1 1 0 0 1 0 0 1 0 0 0 0
110	3	0 1 0 0 1 1 0 0 0 0 0 0 0 0 0 0
110	1	1 1 0 0 0 0 0 0 1 1 0 1 0 0 0 0
110	3	1 1 1 0 0 1 0 0 0 0 0 0 0 0 0 0
110	1	1 0 0 0 0 1 0 0 1 1 0 0 1 0 0 1
110	1	0 0 1 1 0 1 0 0 0 1 0 0 0 0 0 0
110	2	1 0 1 0 0 1 0 0 1 1 0 0 0 0 0 0
110	2	1 0 1 0 1 1 0 0 1 1 0 1 0 0 0 0
110	1	1 0 1 0 1 1 0 0 0 0 0 1 0 0 0 0
110	1	1 0 0 0 0 1 0 0 0 0 0 1 0 0 0 0
110	1	1 0 0 0 0 1 0 0 1 1 0 1 0 0 0 0
110	2	0 1 0 0 0 1 0 0 1 1 0 1 0 0 0 0
110	3	0 0 1 1 0 1 0 0 0 0 0 1 0 0 0 1
110	2	0 0 1 0 0 1 0 0 0 0 0 0 0 0 1 0
110	3	1 0 0 0 0 1 1 0 1 1 1 1 1 0 0 0
110	1	1 0 1 0 0 1 0 0 0 1 1 0 0 1 0 0
120	124	0 0 1 0 0 1 0 0 0 0 0 1 0 0 0 0
120	26	0 1 0 0 0 1 0 0 1 1 0 0 0 0 0 0
120	26	0 0 1 0 1 1 0 0 0 0 0 1 0 0 0 0
120	4	0 0 1 0 0 1 0 0 0 0 0 0 0 0 0 0
120	48	1 0 1 0 0 1 0 0 0 0 0 1 0 0 0 0
120	15	0 0 1 0 0 1 0 0 0 1 0 1 0 0 0 0
120	20	0 1 1 0 0 1 0 0 0 0 0 1 0 0 0 0
120	6	0 0 1 1 0 1 0 0 0 0 0 1 0 0 0 0
120	18	0 1 0 0 0 1 0 0 0 0 0 1 0 0 0 0
120	18	0 1 1 0 1 1 0 0 0 0 0 1 0 0 0 0
120	58	0 0 1 0 0 1 0 1 0 0 0 1 0 0 0 0
120	25	0 1 0 0 1 1 0 0 1 1 0 0 0 0 0 0
120	43	1 0 1 0 0 1 0 0 1 0 0 1 0 0 0 0
120	43	0 0 1 0 1 1 0 0 1 1 0 0 0 0 0 0
120	32	0 1 0 0 0 0 0 0 1 1 0 1 0 0 0 0
120	6	0 1 0 0 0 1 0 0 1 1 1 1 0 0 0 0
120	3	0 0 1 0 1 0 0 0 0 0 0 1 1 0 0 0
120	24	1 0 1 0 0 1 0 1 1 0 0 1 0 0 0 0
120	16	0 1 0 1 0 0 0 0 1 1 0 1 0 0 0 0
120	8	1 1 0 0 1 1 1 0 1 1 0 0 0 1 0 0
120	1	1 0 0 0 0 1 0 0 1 1 0 0 0 0 0 0
120	5	1 0 1 0 0 1 0 0 0 0 0 1 1 0 0 0
120	5	1 0 1 0 0 1 0 0 0 1 0 0 0 0 0 0
120	14	1 0 1 0 1 1 0 0 1 1 0 0 0 0 0 0
120	3	0 0 1 0 0 0 0 0 0 0 0 1 0 0 0 0
120	7	0 0 1 1 0 1 0 0 0 0 0 0 0 1 0 0
120	4	1 0 1 0 1 1 0 0 1 1 0 0 1 0 0 0
120	16	1 0 0 0 0 1 1 0 1 1 1 1 0 0 0 0
120	4	0 0 1 0 1 1 0 0 1 0 0 1 0 0 0 0
120	18	0 1 0 0 0 0 0 0 1 0 0 1 0 0 0 0
120	16	1 0 1 0 0 1 0 0 0 0 0 0 0 0 0 0
120	8	0 1 1 0 0 1 0 0 0 0 0 0 0 0 0 0
120	9	1 0 0 0 0 1 0 0 1 1 0 0 0 0 0 1
120	11	0 0 1 0 0 1 0 0 0 0 0 1 0 1 0 0
120	6	0 0 0 0 0 1 0 0 0 0 0 1 0 0 0 0
120	5	1 0 1 0 0 1 0 0 1 0 1 1 0 0 0 0
120	13	0 0 0 0 0 1 0 0 1 1 1 1 0 0 0 0
120	1	0 1 0 0 0 0 0 0 1 1 0 1 1 0 0 0
120	6	0 0 1 0 0 1 0 0 1 0 0 1 0 0 0 0
120	30	0 1 1 0 1 1 0 0 1 1 0 0 0 0 0 0
120	19	0 1 0 0 0 0 0 0 1 1 1 1 0 0 0 0
120	17	0 1 1 0 0 1 0 0 1 1 0 0 0 0 0 0
120	9	0 1 0 0 0 1 0 0 0 0 1 1 0 0 0 0
120	6	1 0 1 0 0 0 0 1 1 0 0 1 0 0 0 0
120	16	0 0 1 0 1 1 0 0 0 0 1 1 0 0 0 0
120	6	0 0 0 0 1 1 0 0 1 1 0 0 0 0 0 0
120	3	0 1 0 0 0 1 0 0 1 0 0 1 0 0 0 0
120	2	0 1 1 0 1 1 0 1 0 0 0 1 0 0 0 0
120	3	0 0 0 0 0 1 0 0 0 0 0 1 0 0 1 0
120	18	1 1 1 0 0 1 0 0 0 0 0 1 0 0 0 0
120	10	0 1 0 1 0 1 0 0 1 1 0 0 0 0 0 0
120	1	1 1 1 0 0 1 0 0 0 0 0 0 0 0 0 0
120	6	1 0 1 0 0 1 0 0 1 1 0 0 0 0 0 0
120	1	0 1 0 0 0 1 0 0 1 1 0 1 0 0 0 0
120	4	0 0 1 1 0 1 0 0 0 0 0 1 0 0 0 1
120	2	0 0 1 0 1 1 0 0 0 0 0 1 1 0 0 0
120	2	1 0 1 0 0 1 0 0 0 0 0 0 1 0 0 0
120	1	0 0 0 0 1 1 0 0 0 0 0 1 0 0 0 0
120	3	1 1 1 0 1 1 0 0 0 0 0 1 0 0 0 0
120	8	0 1 0 0 0 0 1 0 1 1 1 1 0 0 0 0
120	5	0 0 1 0 1 1 0 0 0 1 0 0 0 0 0 0
120	2	0 1 1 0 0 1 0 0 1 1 0 1 0 0 0 0
120	4	0 1 0 0 0 1 0 0 1 0 0 1 1 0 0 0
120	1	1 1 1 0 0 1 0 0 1 0 0 1 0 0 0 0
120	10	0 1 1 0 0 0 0 0 1 1 0 1 0 0 0 0
120	2	0 0 1 0 1 0 0 0 0 0 0 1 1 0 0 1
120	11	0 0 1 0 0 1 0 0 1 1 0 0 0 0 0 0
120	5	1 1 0 0 0 1 0 0 0 0 0 1 0 0 0 0
120	1	1 1 1 0 1 1 0 0 0 0 0 0 0 0 0 0
120	1	1 0 1 0 1 1 0 0 1 0 0 0 1 0 0 0
120	1	0 0 0 0 0 1 0 0 1 0 0 1 0 0 0 0
120	7	1 0 0 0 1 1 0 1 1 1 0 0 0 0 0 0
120	2	0 1 0 0 0 0 0 0 1 1 0 0 0 0 0 0
120	5	0 0 1 0 0 1 0 0 0 0 1 1 0 0 0 0
120	5	1 0 1 0 0 0 0 0 1 0 0 1 0 0 0 0
120	1	1 0 1 0 1 1 1 0 1 1 0 0 0 0 0 0
120	2	1 0 1 0 0 1 0 0 1 1 0 0 0 0 0 1
120	1	1 0 1 0 0 1 0 0 1 1 0 0 0 0 1 0
120	5	0 0 1 0 0 1 0 0 1 0 1 1 0 0 0 0
120	1	1 0 1 0 0 0 0 0 1 1 0 1 1 0 0 0
120	6	1 0 1 0 1 1 0 1 1 0 0 1 0 0 0 0
120	4	0 0 1 1 1 1 0 0 0 0 1 1 0 0 0 0
120	4	1 0 1 0 0 1 0 0 1 1 0 0 0 1 0 0
120	2	0 0 1 0 1 1 0 0 1 0 1 1 0 0 0 0
120	3	1 0 1 0 1 1 0 0 0 0 0 1 0 0 0 0
120	1	1 0 1 0 0 1 1 0 0 0 0 1 0 0 0 0
120	3	0 0 1 0 0 1 0 1 0 0 0 1 0 0 1 0
120	1	1 0 0 0 0 1 0 0 1 1 0 0 0 1 0 0
120	1	1 0 1 0 1 1 0 0 1 1 0 1 0 0 0 0
120	1	1 0 1 0 0 1 0 0 1 0 0 0 0 0 0 0
120	1	0 1 0 0 0 1 0 0 1 1 1 1 0 0 0 1
120	1	1 1 1 0 0 1 0 0 1 1 0 0 0 0 0 0
120	1	0 0 1 0 1 1 0 1 1 1 0 0 0 0 0 0
120	1	0 1 0 0 0 0 1 0 0 0 0 1 0 0 0 0
120	1	1 0 1 0 1 1 1 0 1 0 0 1 0 0 0 0
120	2	0 0 1 0 0 1 0 0 0 0 0 0 0 0 0 1
120	1	0 1 1 1 1 1 0 0 0 0 0 1 0 0 0 0
120	1	1 0 1 0 0 1 0 1 0 0 0 1 0 0 0 0
120	3	1 0 1 0 1 1 0 0 1 0 0 1 0 0 0 0
120	2	1 0 0 0 0 1 1 0 1 0 1 1 0 0 0 0
120	1	0 1 1 0 1 1 0 0 1 1 0 0 0 1 0 0
120	1	0 1 0 1 0 0 0 0 1 1 1 1 0 0 0 0
120	2	0 1 0 0 0 0 0 0 1 1 1 1 0 0 1 0
120	2	0 1 1 0 0 0 1 0 1 1 1 1 0 0 0 0
130	81	0 0 1 0 0 1 0 0 0 0 0 1 0 0 0 0
130	16	0 1 0 0 0 1 0 0 1 1 0 0 0 0 0 0
130	54	0 0 1 0 1 1 0 0 0 0 0 1 0 0 0 0
130	52	1 0 1 0 0 1 0 0 0 0 0 1 0 0 0 0
130	4	0 0 1 0 0 1 0 0 0 1 0 1 0 0 0 0
130	40	0 1 1 0 0 1 0 0 0 0 0 1 0 0 0 0
130	1	0 0 1 1 0 1 0 0 0 0 0 1 0 0 0 0
130	4	0 1 0 0 0 1 0 0 0 0 0 1 0 0 0 0
130	1	0 1 1 0 1 1 0 0 0 0 0 1 0 0 0 0
130	69	0 0 1 0 0 1 0 1 0 0 0 1 0 0 0 0
130	19	0 1 0 0 1 1 0 0 1 1 0 0 0 0 0 0
130	29	1 0 1 0 0 1 0 0 1 0 0 1 0 0 0 0
130	7	0 0 1 0 1 1 0 0 1 1 0 0 0 0 0 0
130	15	0 1 0 0 0 0 0 0 1 1 0 1 0 0 0 0
130	8	0 1 0 0 0 1 0 0 1 1 1 1 0 0 0 0
130	36	1 0 1 0 0 1 0 1 1 0 0 1 0 0 0 0
130	1	0 1 0 1 0 0 0 0 1 1 0 1 0 0 0 0
130	40	1 1 0 0 1 1 1 0 1 1 0 0 0 1 0 0
130	7	1 0 1 0 0 1 0 0 0 1 0 0 0 0 0 0
130	2	1 0 1 0 1 1 0 0 1 1 0 0 0 0 0 0
130	10	0 0 1 1 0 1 0 0 0 0 0 0 0 1 0 0
130	4	1 0 1 0 1 1 0 0 1 1 0 0 1 0 0 0
130	15	1 0 0 0 0 1 1 0 1 1 1 1 0 0 0 0
130	21	0 1 0 0 0 0 0 0 1 0 0 1 0 0 0 0
130	8	1 0 0 0 0 1 0 0 1 1 0 0 0 0 0 1
130	8	0 0 1 0 0 1 0 0 0 0 0 1 0 1 0 0
130	20	0 0 0 0 0 1 0 0 0 0 0 1 0 0 0 0
130	8	0 0 1 0 0 1 0 0 1 0 0 1 0 0 0 0
130	21	0 1 1 0 1 1 0 0 1 1 0 0 0 0 0 0
130	2	0 1 0 0 0 0 0 0 1 1 1 1 0 0 0 0
130	4	0 1 1 0 0 1 0 0 1 1 0 0 0 0 0 0
130	5	0 1 0 0 0 1 0 0 0 0 1 1 0 0 0 0
130	21	0 0 1 0 1 1 0 0 0 0 1 1 0 0 0 0
130	11	0 0 0 0 1 1 0 0 1 1 0 0 0 0 0 0
130	70	1 1 1 0 0 1 0 0 0 0 0 1 0 0 0 0
130	1	0 1 0 1 0 1 0 0 1 1 0 0 0 0 0 0
130	15	0 0 1 1 0 1 0 0 0 0 0 1 0 0 0 1
130	1	0 0 0 0 1 1 0 0 0 0 0 1 0 0 0 0
130	16	0 1 0 0 0 0 1 0 1 1 1 1 0 0 0 0
130	9	0 1 1 0 0 1 0 0 1 1 0 1 0 0 0 0
130	4	0 1 1 0 0 0 0 0 1 1 0 1 0 0 0 0
130	6	0 0 1 0 1 0 0 0 0 0 0 1 1 0 0 1
130	13	0 0 1 0 0 1 0 0 1 1 0 0 0 0 0 0
130	3	1 1 0 0 0 1 0 0 0 0 0 1 0 0 0 0
130	1	0 1 0 0 0 0 0 0 1 1 0 0 0 0 0 0
130	6	0 0 1 0 0 1 0 0 0 0 1 1 0 0 0 0
130	12	1 0 1 0 0 1 0 0 1 1 0 0 0 1 0 0
130	12	1 0 1 0 1 1 0 0 0 0 0 1 0 0 0 0
130	1	0 0 1 0 1 1 0 1 1 1 0 0 0 0 0 0
130	6	0 0 1 0 0 1 0 0 0 0 0 0 0 0 0 1
130	1	1 0 1 0 1 1 0 0 1 0 0 1 0 0 0 0
130	5	0 1 0 0 0 0 0 0 1 1 1 1 0 0 1 0
130	2	0 0 1 0 1 1 0 0 1 1 0 1 0 0 0 0
130	9	0 1 0 0 0 0 0 0 0 0 0 1 0 0 0 0
130	5	0 0 1 1 1 1 0 0 0 0 1 1 0 0 1 0
130	3	1 0 1 0 0 1 0 0 1 0 0 0 0 0 0 0
130	6	0 0 1 1 0 1 0 0 1 0 1 1 0 0 0 0
130	6	0 1 0 0 0 0 0 0 0 0 0 0 0 1 0 0
130	12	0 0 1 1 0 1 0 1 0 0 0 1 0 0 0 0
130	11	1 0 1 1 0 1 0 0 0 0 0 0 0 0 0 0
130	1	0 1 0 1 0 1 0 0 0 0 0 1 0 0 0 0
130	8	1 0 1 0 0 1 0 1 1 0 1 1 0 0 0 0
130	11	0 0 1 0 1 1 0 1 1 1 0 0 1 0 0 0
130	2	0 1 1 0 0 1 0 0 0 0 0 0 0 0 0 1
130	3	1 0 1 1 0 1 0 0 1 0 0 0 0 0 0 0
130	2	1 0 1 0 1 1 0 0 0 0 1 1 0 0 1 0
130	1	0 0 0 0 0 0 0 0 1 1 1 1 0 0 0 0
130	8	0 1 0 0 0 0 0 0 0 0 0 1 0 1 0 0
130	3	0 1 1 0 0 0 0 0 1 0 0 1 0 0 0 0
130	4	0 0 1 1 0 1 0 1 0 0 1 1 0 0 1 0
130	6	0 0 1 1 0 1 0 1 0 1 0 0 0 0 0 0
130	1	0 0 1 0 1 1 0 0 0 0 0 1 0 0 0 1
130	3	0 0 1 0 0 1 0 1 0 0 0 1 0 0 0 1
130	1	1 0 1 0 0 1 0 0 1 0 0 1 1 0 0 0
130	6	0 0 1 0 1 1 0 0 1 1 0 0 0 0 0 1
130	1	0 0 1 0 0 1 0 0 0 0 0 1 0 0 1 0
130	3	1 1 1 0 0 0 0 0 1 0 0 1 0 0 0 0
130	2	0 0 1 0 1 1 0 1 1 0 0 1 0 0 0 0
130	5	0 0 0 0 0 0 0 0 1 1 0 0 0 0 0 0
130	3	1 1 1 0 0 1 0 0 0 0 1 1 0 0 0 0
130	1	0 0 1 0 0 0 0 1 0 0 0 1 0 0 1 0
130	4	0 0 1 0 0 0 0 0 1 0 0 1 0 0 0 0
130	2	1 0 1 0 0 1 0 1 0 0 0 1 0 0 0 0
130	2	0 1 0 0 0 1 0 0 0 0 0 1 0 0 0 1
130	2	1 0 1 0 0 1 0 0 1 0 0 1 0 0 1 0
130	2	0 0 1 1 0 0 0 0 0 0 0 0 0 1 0 0
130	4	1 1 1 0 0 0 0 0 0 0 0 1 0 0 0 0
130	4	0 1 0 0 0 0 0 0 1 1 1 1 0 1 1 0
130	1	0 1 0 0 0 0 0 0 0 1 0 1 0 0 0 0
130	1	0 1 0 0 0 0 0 0 0 0 0 0 0 0 0 1
130	2	0 0 1 0 0 1 0 0 1 1 0 1 0 0 0 0
130	1	1 0 1 0 0 1 0 0 1 1 0 0 0 0 0 1
130	3	0 0 1 0 0 1 0 1 1 0 0 1 0 0 0 0
130	2	0 0 1 0 1 1 0 1 0 0 0 1 0 0 0 0
130	3	0 0 1 0 0 1 0 0 0 0 0 1 0 0 0 1
130	2	1 0 1 0 0 1 0 0 0 0 0 1 1 0 0 0
130	6	0 1 1 0 0 1 0 0 0 1 0 1 0 0 0 0
130	2	0 1 0 0 0 1 0 0 0 0 1 1 0 1 0 0
130	1	0 0 1 0 0 1 0 0 1 1 0 0 1 0 0 0
130	1	0 0 1 0 1 1 0 0 0 0 1 1 0 0 0 1
140	36	0 0 1 0 0 1 0 0 0 0 0 1 0 0 0 0
140	6	0 1 0 0 0 1 0 0 1 1 0 0 0 0 0 0
140	47	0 0 1 0 1 1 0 0 0 0 0 1 0 0 0 0
140	43	1 0 1 0 0 1 0 0 0 0 0 1 0 0 0 0
140	64	0 1 1 0 0 1 0 0 0 0 0 1 0 0 0 0
140	5	0 1 0 0 0 1 0 0 0 0 0 1 0 0 0 0
140	81	0 0 1 0 0 1 0 1 0 0 0 1 0 0 0 0
140	12	0 1 0 0 1 1 0 0 1 1 0 0 0 0 0 0
140	10	1 0 1 0 0 1 0 0 1 0 0 1 0 0 0 0
140	12	0 0 1 0 1 1 0 0 1 1 0 0 0 0 0 0
140	7	0 1 0 0 0 0 0 0 1 1 0 1 0 0 0 0
140	3	0 1 0 0 0 1 0 0 1 1 1 1 0 0 0 0
140	19	1 0 1 0 0 1 0 1 1 0 0 1 0 0 0 0
140	9	1 1 0 0 1 1 1 0 1 1 0 0 0 1 0 0
140	5	0 0 1 1 0 1 0 0 0 0 0 0 0 1 0 0
140	2	1 0 1 0 1 1 0 0 1 1 0 0 1 0 0 0
140	25	1 0 0 0 0 1 1 0 1 1 1 1 0 0 0 0
140	4	0 1 0 0 0 0 0 0 1 0 0 1 0 0 0 0
140	4	1 0 0 0 0 1 0 0 1 1 0 0 0 0 0 1
140	14	0 0 1 0 0 1 0 0 0 0 0 1 0 1 0 0
140	6	0 0 0 0 0 1 0 0 0 0 0 1 0 0 0 0
140	12	0 0 1 0 0 1 0 0 1 0 0 1 0 0 0 0
140	1	0 1 1 0 1 1 0 0 1 1 0 0 0 0 0 0
140	21	0 0 1 0 1 1 0 0 0 0 1 1 0 0 0 0
140	26	0 0 0 0 1 1 0 0 1 1 0 0 0 0 0 0
140	98	1 1 1 0 0 1 0 0 0 0 0 1 0 0 0 0
140	23	0 0 1 1 0 1 0 0 0 0 0 1 0 0 0 1
140	6	0 1 0 0 0 0 1 0 1 1 1 1 0 0 0 0
140	28	0 1 1 0 0 1 0 0 1 1 0 1 0 0 0 0
140	11	0 1 1 0 0 0 0 0 1 1 0 1 0 0 0 0
140	11	0 0 1 0 1 0 0 0 0 0 0 1 1 0 0 1
140	8	0 0 1 0 0 1 0 0 1 1 0 0 0 0 0 0
140	13	1 0 1 0 1 1 0 0 0 0 0 1 0 0 0 0
140	2	0 0 1 0 0 1 0 0 0 0 0 0 0 0 0 1
140	6	0 1 0 0 0 0 0 0 0 0 0 1 0 0 0 0
140	5	1 0 1 0 0 1 0 0 1 0 0 0 0 0 0 0
140	3	0 1 0 0 0 0 0 0 0 0 0 0 0 1 0 0
140	2	0 0 1 1 0 1 0 1 0 0 0 1 0 0 0 0
140	39	1 0 1 1 0 1 0 0 0 0 0 0 0 0 0 0
140	9	0 0 1 0 1 1 0 1 1 1 0 0 1 0 0 0
140	12	0 1 0 0 0 0 0 0 0 0 0 1 0 1 0 0
140	5	0 1 1 0 0 0 0 0 1 0 0 1 0 0 0 0
140	8	0 0 1 0 1 1 0 0 1 1 0 0 0 0 0 1
140	4	0 0 1 0 0 1 0 0 0 0 0 1 0 0 1 0
140	1	1 1 1 0 0 0 0 0 1 0 0 1 0 0 0 0
140	1	0 0 0 0 0 0 0 0 1 1 0 0 0 0 0 0
140	13	1 0 1 0 0 1 0 1 0 0 0 1 0 0 0 0
140	14	0 1 0 0 0 1 0 0 0 0 0 1 0 0 0 1
140	5	1 1 1 0 0 0 0 0 0 0 0 1 0 0 0 0
140	1	0 1 0 0 0 0 0 0 0 0 0 0 0 0 0 1
140	4	1 0 1 0 0 1 0 0 1 1 0 0 0 0 0 1
140	6	0 0 1 0 0 1 0 0 0 0 0 1 0 0 0 1
140	10	1 0 1 0 0 1 0 0 0 0 0 1 1 0 0 0
140	5	0 1 1 0 0 1 0 0 0 1 0 1 0 0 0 0
140	1	1 0 1 0 0 1 0 0 0 0 0 1 0 0 0 1
140	2	1 0 0 0 0 1 0 1 1 0 0 1 0 0 0 0
140	3	1 1 1 1 0 1 0 0 0 0 0 1 0 0 0 0
140	5	1 1 0 0 0 1 0 0 1 1 0 0 0 0 0 0
140	9	0 0 1 0 0 1 0 0 0 0 0 0 0 0 0 0
140	6	0 0 0 0 0 0 0 0 1 1 0 1 0 0 0 0
140	3	0 1 0 0 0 0 0 0 1 0 0 0 0 0 0 0
140	4	0 0 1 0 1 1 1 0 1 1 0 0 0 1 0 0
140	1	1 0 0 0 0 1 0 0 0 0 0 1 0 0 0 0
140	2	1 1 1 0 1 1 0 0 0 0 0 1 0 0 0 0
140	2	0 1 1 0 0 0 0 0 0 0 0 1 0 0 0 0
140	13	0 0 1 0 0 0 0 1 0 0 0 1 0 0 0 0
140	4	0 0 1 0 1 1 0 0 1 0 0 0 0 0 0 0
140	3	0 1 0 0 0 1 0 0 1 1 1 1 0 1 1 0
140	7	0 1 0 0 0 0 0 0 1 1 0 0 0 0 0 0
140	5	1 0 1 0 0 1 0 0 1 1 0 0 1 0 0 0
140	1	0 0 1 0 0 1 0 1 0 0 1 1 0 0 0 0
140	1	0 0 0 0 0 1 1 0 1 1 1 1 0 0 0 0
140	9	1 1 1 0 0 1 0 0 0 0 0 0 0 0 0 1
140	12	0 0 0 0 0 1 0 1 0 0 0 1 0 0 0 0
140	1	0 0 1 0 0 1 0 0 1 0 1 1 0 0 0 0
140	4	0 1 0 0 0 0 0 0 0 0 0 1 0 0 0 1
140	7	1 1 1 1 0 1 0 0 0 0 0 0 0 0 0 0
140	7	0 1 0 0 0 1 0 0 0 0 0 1 0 1 0 0
140	1	0 0 0 0 0 0 0 0 0 0 0 1 0 1 0 0
140	8	0 0 0 0 1 1 0 0 1 0 0 1 0 0 0 0
140	1	0 0 1 1 0 1 0 1 0 1 0 0 1 0 0 0
140	2	1 1 1 0 0 1 0 0 0 1 0 1 0 0 0 0
140	2	0 1 1 0 1 1 0 0 0 0 0 1 0 0 0 0
140	1	1 1 1 0 1 1 0 0 0 0 1 1 0 0 0 0
140	4	0 0 0 0 0 1 0 0 0 0 0 1 0 1 0 0
140	2	0 0 1 0 0 0 0 0 0 0 0 1 0 0 0 0
140	1	0 0 1 0 0 1 1 1 0 0 0 1 0 0 0 0
140	2	1 0 1 0 0 1 0 1 1 0 0 1 0 1 0 0
140	3	1 1 1 0 0 1 0 0 0 0 0 1 0 1 0 0
140	3	1 0 1 0 1 0 0 0 0 0 0 1 0 0 0 0
140	1	0 1 0 0 0 0 1 0 1 0 1 1 0 0 0 0
140	2	1 0 1 0 0 1 0 0 0 0 0 1 0 1 0 0
140	2	1 1 1 0 0 1 0 0 0 0 0 0 0 1 0 0
140	1	1 1 1 0 0 1 0 0 0 0 0 0 1 0 0 0
140	2	0 0 1 0 0 1 0 0 1 1 0 0 1 0 0 0
140	5	0 1 0 0 1 1 0 1 1 1 0 0 0 0 0 0
140	3	1 0 1 0 1 1 0 0 0 0 1 1 0 0 0 0
140	2	0 1 0 0 0 0 1 0 1 1 1 0 0 0 0 0
140	1	0 0 1 0 1 1 0 0 0 0 0 1 0 1 0 0
140	2	0 1 1 0 0 1 0 1 0 0 0 1 0 0 0 0
140	2	1 0 1 0 0 1 0 0 0 0 0 0 0 0 0 0
140	2	0 1 0 0 1 1 0 0 1 1 1 1 0 0 0 0
140	1	0 0 0 0 0 0 0 0 0 0 0 1 0 0 0 0
140	1	1 0 0 1 0 1 0 0 0 0 0 0 0 0 0 0
140	1	0 0 1 0 1 1 0 0 1 1 0 0 1 0 0 1
140	1	1 0 0 1 0 1 0 1 1 0 0 1 0 0 0 0
140	1	0 0 0 0 0 0 0 0 0 1 0 1 0 0 0 0
140	1	0 1 0 0 1 0 0 0 1 1 0 0 0 0 0 0
150	46	0 0 1 0 0 1 0 0 0 0 0 1 0 0 0 0
150	42	0 0 1 0 1 1 0 0 0 0 0 1 0 0 0 0
150	52	1 0 1 0 0 1 0 0 0 0 0 1 0 0 0 0
150	67	0 1 1 0 0 1 0 0 0 0 0 1 0 0 0 0
150	18	0 1 0 0 0 1 0 0 0 0 0 1 0 0 0 0
150	86	0 0 1 0 0 1 0 1 0 0 0 1 0 0 0 0
150	5	0 1 0 0 1 1 0 0 1 1 0 0 0 0 0 0
150	22	1 0 1 0 0 1 0 0 1 0 0 1 0 0 0 0
150	2	0 0 1 0 1 1 0 0 1 1 0 0 0 0 0 0
150	1	0 1 0 0 0 0 0 0 1 1 0 1 0 0 0 0
150	10	0 1 0 0 0 1 0 0 1 1 1 1 0 0 0 0
150	3	1 0 1 0 0 1 0 1 1 0 0 1 0 0 0 0
150	5	1 1 0 0 1 1 1 0 1 1 0 0 0 1 0 0
150	6	1 0 0 0 0 1 1 0 1 1 1 1 0 0 0 0
150	4	1 0 0 0 0 1 0 0 1 1 0 0 0 0 0 1
150	14	0 0 1 0 0 1 0 0 0 0 0 1 0 1 0 0
150	5	0 0 0 0 0 1 0 0 0 0 0 1 0 0 0 0
150	2	0 0 1 0 0 1 0 0 1 0 0 1 0 0 0 0
150	24	0 0 1 0 1 1 0 0 0 0 1 1 0 0 0 0
150	18	0 0 0 0 1 1 0 0 1 1 0 0 0 0 0 0
150	127	1 1 1 0 0 1 0 0 0 0 0 1 0 0 0 0
150	29	0 1 1 0 0 1 0 0 1 1 0 1 0 0 0 0
150	13	0 1 1 0 0 0 0 0 1 1 0 1 0 0 0 0
150	9	0 0 1 0 1 0 0 0 0 0 0 1 1 0 0 1
150	6	0 0 1 0 0 1 0 0 1 1 0 0 0 0 0 0
150	21	1 0 1 0 1 1 0 0 0 0 0 1 0 0 0 0
150	1	0 0 1 0 0 1 0 0 0 0 0 0 0 0 0 1
150	3	0 1 0 0 0 0 0 0 0 0 0 1 0 0 0 0
150	3	0 1 0 0 0 0 0 0 0 0 0 0 0 1 0 0
150	74	1 0 1 1 0 1 0 0 0 0 0 0 0 0 0 0
150	5	0 1 1 0 0 0 0 0 1 0 0 1 0 0 0 0
150	9	0 0 1 0 1 1 0 0 1 1 0 0 0 0 0 1
150	2	0 0 1 0 0 1 0 0 0 0 0 1 0 0 1 0
150	8	1 0 1 0 0 1 0 1 0 0 0 1 0 0 0 0
150	5	0 1 0 0 0 1 0 0 0 0 0 1 0 0 0 1
150	3	0 0 1 0 0 1 0 0 0 0 0 1 0 0 0 1
150	3	1 0 1 0 0 1 0 0 0 0 0 1 1 0 0 0
150	20	0 1 1 0 0 1 0 0 0 1 0 1 0 0 0 0
150	14	0 0 1 0 0 1 0 0 0 0 0 0 0 0 0 0
150	5	0 0 1 0 1 1 1 0 1 1 0 0 0 1 0 0
150	2	1 1 1 0 1 1 0 0 0 0 0 1 0 0 0 0
150	10	0 0 1 0 0 0 0 1 0 0 0 1 0 0 0 0
150	5	1 1 1 0 0 1 0 0 0 0 0 0 0 0 0 1
150	9	0 0 0 0 0 1 0 1 0 0 0 1 0 0 0 0
150	10	1 1 1 1 0 1 0 0 0 0 0 0 0 0 0 0
150	5	0 1 0 0 0 1 0 0 0 0 0 1 0 1 0 0
150	2	0 0 0 0 0 1 0 0 0 0 0 1 0 1 0 0
150	14	1 0 1 0 0 1 0 1 1 0 0 1 0 1 0 0
150	4	1 1 1 0 0 1 0 0 0 0 0 1 0 1 0 0
150	5	1 1 1 0 0 1 0 0 0 0 0 0 0 1 0 0
150	5	1 0 1 0 1 1 0 0 1 0 0 1 0 0 0 0
150	4	0 1 1 0 0 1 0 0 0 0 0 0 0 0 1 0
150	12	1 0 0 0 0 1 1 0 1 1 1 1 0 0 0 1
150	7	1 1 1 0 0 1 0 0 0 0 0 0 0 0 0 0
150	11	0 0 1 0 0 0 0 0 1 1 0 0 0 0 0 0
150	2	0 0 1 0 0 1 0 1 1 0 0 1 0 0 0 0
150	2	0 1 0 0 1 1 1 0 1 1 1 1 0 0 0 0
150	3	0 0 1 0 0 0 0 1 1 1 0 0 0 0 0 0
150	13	1 1 0 0 0 1 0 0 0 0 0 1 0 0 0 0
150	1	1 0 1 1 0 1 0 0 0 0 0 1 0 0 0 0
150	9	0 0 1 0 1 1 0 0 1 0 0 1 0 0 0 0
150	8	1 1 0 1 1 1 1 0 1 1 0 0 0 1 0 0
150	3	0 0 1 0 1 1 0 0 0 0 1 0 0 0 0 0
150	2	0 0 1 0 1 1 1 0 1 1 0 0 0 0 0 1
150	1	0 1 1 0 0 1 0 1 0 0 0 1 0 0 0 0
150	7	0 0 1 0 0 1 0 0 0 0 0 0 0 1 0 0
150	3	1 1 1 0 0 1 0 0 0 0 0 1 1 0 0 0
150	5	0 0 1 0 0 1 0 1 1 1 0 0 0 0 0 0
150	1	1 0 1 0 0 1 0 0 0 1 0 0 0 0 0 0
150	1	0 0 1 0 0 1 0 1 0 0 0 1 0 0 0 1
150	3	0 0 1 0 0 1 0 0 0 1 0 1 0 0 0 0
150	1	1 0 1 0 0 0 0 1 1 0 0 1 0 0 0 0
150	1	0 1 1 1 0 0 0 0 1 1 0 1 0 0 0 0
150	3	0 0 0 0 1 1 0 0 1 1 0 0 0 0 0 1
150	2	0 1 1 0 0 0 0 0 1 0 0 0 0 0 0 1
150	2	0 0 1 0 0 0 0 0 0 0 0 1 0 0 0 0
150	4	0 1 1 0 0 0 0 0 0 0 0 1 0 0 0 0
150	3	1 1 0 0 0 1 1 0 1 1 1 1 0 0 0 0
150	1	0 0 1 0 0 1 0 1 0 0 0 1 0 0 1 0
150	1	0 0 1 0 0 1 0 1 0 0 0 1 1 0 0 0
150	3	1 0 1 1 0 0 0 0 0 0 0 0 0 0 0 0
150	4	0 1 1 0 0 0 0 0 0 1 0 1 0 0 0 0
150	3	0 0 1 0 1 1 0 1 1 0 0 1 0 0 0 0
150	1	1 1 1 0 0 1 0 0 0 0 1 1 0 0 0 0
150	2	0 0 0 0 0 1 0 1 0 0 1 1 0 0 0 0
150	1	1 1 1 0 0 1 0 1 1 0 0 1 0 1 0 0
150	1	0 1 1 0 1 1 0 0 0 0 0 1 0 0 0 0
150	1	0 1 1 0 0 1 0 0 0 0 0 1 0 0 1 0
150	1	0 0 1 1 0 1 0 0 0 0 0 1 0 1 0 0
150	1	0 0 1 0 1 1 0 1 0 0 1 1 0 0 0 0
150	1	0 0 0 0 1 1 0 0 1 1 0 0 0 0 1 0
150	2	1 1 0 1 1 1 1 0 1 0 0 0 0 1 0 0
160	23	0 0 1 0 0 1 0 0 0 0 0 1 0 0 0 0
160	11	0 0 1 0 1 1 0 0 0 0 0 1 0 0 0 0
160	49	1 0 1 0 0 1 0 0 0 0 0 1 0 0 0 0
160	86	0 1 1 0 0 1 0 0 0 0 0 1 0 0 0 0
160	40	0 1 0 0 0 1 0 0 0 0 0 1 0 0 0 0
160	57	0 0 1 0 0 1 0 1 0 0 0 1 0 0 0 0
160	2	0 1 0 0 1 1 0 0 1 1 0 0 0 0 0 0
160	10	1 0 1 0 0 1 0 0 1 0 0 1 0 0 0 0
160	4	0 1 0 0 0 1 0 0 1 1 1 1 0 0 0 0
160	8	1 1 0 0 1 1 1 0 1 1 0 0 0 1 0 0
160	5	1 0 0 0 0 1 1 0 1 1 1 1 0 0 0 0
160	12	1 0 0 0 0 1 0 0 1 1 0 0 0 0 0 1
160	8	0 0 1 0 0 1 0 0 0 0 0 1 0 1 0 0
160	2	0 0 0 0 0 1 0 0 0 0 0 1 0 0 0 0
160	6	0 0 1 0 0 1 0 0 1 0 0 1 0 0 0 0
160	15	0 0 1 0 1 1 0 0 0 0 1 1 0 0 0 0
160	23	0 0 0 0 1 1 0 0 1 1 0 0 0 0 0 0
160	120	1 1 1 0 0 1 0 0 0 0 0 1 0 0 0 0
160	39	0 1 1 0 0 1 0 0 1 1 0 1 0 0 0 0
160	23	0 1 1 0 0 0 0 0 1 1 0 1 0 0 0 0
160	4	1 0 1 0 1 1 0 0 0 0 0 1 0 0 0 0
160	3	0 0 1 0 0 1 0 0 0 0 0 0 0 0 0 1
160	3	0 1 0 0 0 0 0 0 0 0 0 1 0 0 0 0
160	92	1 0 1 1 0 1 0 0 0 0 0 0 0 0 0 0
160	14	0 1 1 0 0 0 0 0 1 0 0 1 0 0 0 0
160	1	0 0 1 0 1 1 0 0 1 1 0 0 0 0 0 1
160	5	1 0 1 0 0 1 0 1 0 0 0 1 0 0 0 0
160	4	1 0 1 0 0 1 0 0 0 0 0 1 1 0 0 0
160	1	0 1 1 0 0 1 0 0 0 1 0 1 0 0 0 0
160	7	0 0 1 0 0 1 0 0 0 0 0 0 0 0 0 0
160	7	1 1 1 0 1 1 0 0 0 0 0 1 0 0 0 0
160	7	0 0 1 0 0 0 0 1 0 0 0 1 0 0 0 0
160	7	1 1 1 0 0 1 0 0 0 0 0 0 0 0 0 1
160	22	1 1 1 1 0 1 0 0 0 0 0 0 0 0 0 0
160	15	0 1 0 0 0 1 0 0 0 0 0 1 0 1 0 0
160	8	1 0 1 0 0 1 0 1 1 0 0 1 0 1 0 0
160	8	1 1 1 0 0 1 0 0 0 0 0 1 0 1 0 0
160	13	1 0 1 0 1 1 0 0 1 0 0 1 0 0 0 0
160	6	1 0 0 0 0 1 1 0 1 1 1 1 0 0 0 1
160	3	1 1 1 0 0 1 0 0 0 0 0 0 0 0 0 0
160	8	0 0 1 0 0 0 0 0 1 1 0 0 0 0 0 0
160	3	1 1 0 1 1 1 1 0 1 1 0 0 0 1 0 0
160	4	0 0 1 0 0 1 0 0 0 0 0 0 0 1 0 0
160	6	1 1 1 0 0 1 0 0 0 0 0 1 1 0 0 0
160	2	0 0 1 0 0 1 0 1 1 1 0 0 0 0 0 0
160	2	1 0 1 0 0 1 0 0 0 1 0 0 0 0 0 0
160	6	0 0 1 0 0 1 0 1 0 0 0 1 0 0 0 1
160	1	0 1 1 0 0 0 0 0 1 0 0 0 0 0 0 1
160	1	0 0 1 0 0 0 0 0 0 0 0 1 0 0 0 0
160	5	0 1 1 0 0 0 0 0 0 0 0 1 0 0 0 0
160	5	1 1 0 0 0 1 1 0 1 1 1 1 0 0 0 0
160	2	0 1 1 0 0 0 0 0 0 1 0 1 0 0 0 0
160	2	0 0 1 0 1 1 0 1 1 0 0 1 0 0 0 0
160	3	0 1 1 0 0 1 0 0 0 1 0 0 0 0 0 1
160	12	1 1 1 0 0 1 1 0 0 0 0 1 0 0 0 0
160	7	0 0 1 1 0 1 0 1 0 0 0 1 0 0 0 0
160	5	0 0 1 0 0 1 0 1 0 0 0 0 0 0 0 0
160	16	1 1 0 0 1 1 1 0 1 1 0 0 0 0 0 0
160	4	0 1 1 0 0 1 0 0 0 1 0 0 0 0 0 0
160	2	0 1 1 0 0 0 0 0 1 1 0 1 0 1 0 0
160	2	0 1 1 0 0 0 0 1 0 1 0 1 0 0 0 0
160	1	0 0 1 0 0 1 1 0 0 0 0 1 0 0 0 0
160	1	0 1 0 1 0 1 0 0 1 1 1 1 0 0 0 0
160	7	0 1 1 0 1 1 0 0 1 1 0 1 0 0 0 0
160	3	1 0 0 0 0 1 1 0 1 0 0 0 0 0 0 0
160	5	0 1 1 1 0 1 0 0 0 0 0 0 0 0 0 0
160	1	0 0 0 0 0 1 0 0 0 0 0 1 1 0 0 0
160	2	0 0 1 0 0 1 0 0 1 0 0 1 0 0 1 0
160	6	1 0 1 1 0 1 0 0 1 0 0 0 0 0 0 0
160	4	1 1 1 0 0 1 0 0 0 0 0 1 0 0 0 1
160	2	1 1 1 1 0 1 0 0 1 0 0 1 0 0 0 0
160	2	0 1 1 0 0 1 0 0 0 0 0 1 1 0 0 0
160	2	0 0 1 0 1 1 0 0 0 0 1 1 0 1 0 0
160	6	1 0 1 0 0 1 0 0 0 0 0 0 0 0 0 0
160	9	1 1 0 1 0 1 1 0 1 1 1 1 0 0 0 0
160	1	1 1 1 0 0 0 0 1 0 1 0 1 0 0 0 0
160	3	0 0 1 0 0 0 0 0 1 0 1 1 0 0 0 0
160	5	1 0 1 1 0 1 0 0 0 0 0 0 0 0 0 1
160	2	1 0 1 0 0 1 0 1 1 0 0 0 0 0 0 0
160	2	0 1 0 0 1 1 0 0 0 0 0 1 0 0 0 0
160	3	0 0 1 0 0 1 0 1 0 0 0 1 1 0 0 0
160	2	1 0 0 1 0 1 0 0 0 0 0 0 0 0 0 0
160	2	0 1 1 0 0 0 0 0 0 1 0 1 1 0 0 0
160	5	0 1 1 0 0 1 0 0 1 0 0 1 0 0 0 0
160	3	1 0 1 1 0 1 0 0 0 0 0 1 0 0 0 0
160	1	1 0 1 1 0 1 1 0 1 1 1 1 0 0 0 0
160	4	1 1 0 0 0 1 1 0 1 1 1 1 0 0 0 1
160	1	0 1 1 0 0 0 0 0 0 1 0 0 0 0 0 0
160	13	0 1 1 0 0 1 0 1 1 0 0 1 0 1 0 1
160	3	0 0 1 0 0 1 0 1 0 1 0 1 0 0 0 0
160	6	1 0 1 1 0 1 0 0 0 0 0 0 0 1 0 0
160	4	0 0 1 0 0 1 1 0 1 0 0 0 0 0 0 0
160	1	0 0 1 0 0 1 0 0 1 0 0 0 0 0 0 0
160	2	0 0 1 0 0 0 0 0 1 1 0 1 0 0 0 0
160	2	0 0 1 0 1 1 0 1 0 0 0 1 0 0 0 0
160	1	0 1 1 1 0 1 0 0 1 1 0 1 0 0 0 0
160	2	1 0 0 0 1 1 0 0 0 0 0 1 0 0 0 0
160	1	0 1 1 0 0 0 0 0 1 0 1 1 0 0 0 0
160	3	1 1 1 0 0 0 0 0 1 0 0 1 0 0 0 0
160	1	1 1 1 0 0 1 0 1 0 0 0 1 0 0 0 0
160	1	0 0 1 0 0 1 0 0 1 1 0 1 0 0 0 0
160	3	1 1 0 1 1 1 1 0 1 1 0 0 0 1 1 0
160	1	0 0 1 0 1 1 0 0 0 0 0 1 0 1 0 1
170	32	0 0 1 0 0 1 0 0 0 0 0 1 0 0 0 0
170	5	0 0 1 0 1 1 0 0 0 0 0 1 0 0 0 0
170	45	1 0 1 0 0 1 0 0 0 0 0 1 0 0 0 0
170	56	0 1 1 0 0 1 0 0 0 0 0 1 0 0 0 0
170	29	0 1 0 0 0 1 0 0 0 0 0 1 0 0 0 0
170	21	0 0 1 0 0 1 0 1 0 0 0 1 0 0 0 0
170	12	0 1 0 0 0 1 0 0 1 1 1 1 0 0 0 0
170	13	1 1 0 0 1 1 1 0 1 1 0 0 0 1 0 0
170	1	1 0 0 0 0 1 0 0 1 1 0 0 0 0 0 1
170	4	0 0 1 0 1 1 0 0 0 0 1 1 0 0 0 0
170	26	0 0 0 0 1 1 0 0 1 1 0 0 0 0 0 0
170	101	1 1 1 0 0 1 0 0 0 0 0 1 0 0 0 0
170	14	0 1 1 0 0 1 0 0 1 1 0 1 0 0 0 0
170	22	0 1 1 0 0 0 0 0 1 1 0 1 0 0 0 0
170	2	0 0 1 0 0 1 0 0 0 0 0 0 0 0 0 1
170	77	1 0 1 1 0 1 0 0 0 0 0 0 0 0 0 0
170	27	0 1 1 0 0 0 0 0 1 0 0 1 0 0 0 0
170	19	1 0 1 0 0 1 0 0 0 0 0 1 1 0 0 0
170	2	0 0 1 0 0 1 0 0 0 0 0 0 0 0 0 0
170	8	1 1 1 0 0 1 0 0 0 0 0 0 0 0 0 1
170	23	1 1 1 1 0 1 0 0 0 0 0 0 0 0 0 0
170	21	1 1 1 0 0 1 0 0 0 0 0 1 0 1 0 0
170	10	1 0 1 0 1 1 0 0 1 0 0 1 0 0 0 0
170	7	1 1 1 0 0 1 0 0 0 0 0 0 0 0 0 0
170	1	0 0 1 0 0 0 0 0 1 1 0 0 0 0 0 0
170	4	1 1 0 1 1 1 1 0 1 1 0 0 0 1 0 0
170	14	1 1 1 0 0 1 0 0 0 0 0 1 1 0 0 0
170	3	0 1 1 0 0 0 0 0 1 0 0 0 0 0 0 1
170	10	0 1 1 0 0 0 0 0 0 0 0 1 0 0 0 0
170	13	1 1 0 0 0 1 1 0 1 1 1 1 0 0 0 0
170	14	0 1 1 0 0 0 0 0 0 1 0 1 0 0 0 0
170	29	1 1 1 0 0 1 1 0 0 0 0 1 0 0 0 0
170	9	0 0 1 1 0 1 0 1 0 0 0 1 0 0 0 0
170	15	1 1 0 0 1 1 1 0 1 1 0 0 0 0 0 0
170	2	0 1 1 0 0 1 0 0 0 1 0 0 0 0 0 0
170	2	0 1 1 0 1 1 0 0 1 1 0 1 0 0 0 0
170	16	0 1 1 1 0 1 0 0 0 0 0 0 0 0 0 0
170	6	1 0 1 1 0 1 0 0 1 0 0 0 0 0 0 0
170	18	1 1 1 0 0 1 0 0 0 0 0 1 0 0 0 1
170	2	1 1 1 1 0 1 0 0 1 0 0 1 0 0 0 0
170	15	1 0 1 0 0 1 0 0 0 0 0 0 0 0 0 0
170	12	1 1 0 1 0 1 1 0 1 1 1 1 0 0 0 0
170	6	0 0 1 0 0 0 0 0 1 0 1 1 0 0 0 0
170	4	1 0 0 1 0 1 0 0 0 0 0 0 0 0 0 0
170	10	0 1 1 0 0 1 0 0 1 0 0 1 0 0 0 0
170	11	1 0 1 1 0 1 1 0 1 1 1 1 0 0 0 0
170	2	0 0 1 0 0 1 1 0 1 0 0 0 0 0 0 0
170	12	0 0 1 0 0 0 0 0 1 1 0 1 0 0 0 0
170	5	0 1 1 0 0 0 0 0 1 0 1 1 0 0 0 0
170	2	1 1 1 0 0 0 0 0 1 0 0 1 0 0 0 0
170	10	1 1 0 1 1 1 1 0 1 1 0 0 0 1 1 0
170	4	1 1 1 0 0 1 0 0 0 0 1 1 0 0 0 0
170	5	0 0 1 0 0 1 0 1 1 1 0 1 0 0 0 0
170	6	1 0 0 0 0 1 0 0 1 1 0 0 0 0 0 0
170	9	1 1 0 0 0 1 0 0 0 0 0 1 0 1 0 0
170	1	0 0 0 0 1 1 0 0 1 0 0 1 0 0 0 0
170	6	0 1 1 0 0 1 0 0 0 0 1 1 0 0 0 0
170	4	1 1 0 0 1 1 1 0 1 1 1 0 0 1 0 0
170	3	1 0 1 0 0 1 0 1 0 0 0 0 0 0 0 0
170	2	0 0 1 0 0 0 0 0 1 1 0 1 0 0 1 0
170	5	0 1 0 0 0 1 0 0 0 0 0 0 0 0 0 1
170	7	1 0 0 0 0 1 1 0 1 0 0 1 0 0 0 0
170	8	1 1 1 0 0 1 0 0 1 1 1 1 0 0 0 0
170	7	1 1 1 1 0 1 0 0 0 0 0 1 0 1 0 0
170	5	0 1 1 0 0 1 0 0 0 1 0 1 0 0 0 0
170	2	0 1 0 1 0 1 0 0 0 0 0 1 0 0 0 0
170	1	1 0 1 1 0 1 0 0 0 1 0 0 0 0 0 0
170	3	1 1 1 1 0 1 0 0 0 0 0 0 0 0 0 1
170	2	1 1 0 0 0 1 1 0 1 1 0 1 0 0 0 0
170	3	0 1 0 0 1 1 0 0 0 0 0 0 0 0 0 0
170	4	0 1 0 0 0 1 0 0 0 1 0 1 0 0 0 0
170	1	0 0 1 0 0 1 0 1 0 0 0 1 0 0 0 1
170	1	0 1 0 1 0 1 0 0 0 0 0 0 0 0 0 0
170	4	0 1 0 1 0 1 1 0 1 1 1 1 0 0 0 0
170	7	0 1 1 0 0 1 0 0 1 1 0 0 0 0 0 0
170	2	0 0 1 0 0 1 0 1 0 0 0 1 1 0 0 0
170	3	0 0 1 0 1 1 0 1 0 0 0 1 0 0 0 0
170	1	0 1 0 0 1 1 0 0 1 1 0 0 0 0 0 0
170	3	1 1 0 0 0 1 0 0 0 0 0 1 0 0 0 0
170	1	1 0 1 0 1 1 0 0 1 0 0 1 0 0 0 1
170	1	1 1 1 0 0 1 0 0 0 1 0 0 0 0 0 0
170	4	0 0 1 1 0 1 0 0 0 0 0 0 0 0 0 0
170	3	1 0 0 0 0 1 0 0 0 0 0 0 0 0 0 1
170	5	1 0 1 0 0 1 0 0 0 0 0 1 0 0 0 1
170	1	1 1 1 0 0 1 0 0 0 0 0 1 0 0 1 0
170	10	1 1 1 0 0 1 0 1 0 0 0 1 0 0 0 0
170	1	1 1 1 1 0 1 0 0 0 0 0 1 0 0 0 0
170	2	0 1 1 1 0 1 0 0 1 1 0 1 0 0 0 0
170	4	0 1 1 0 0 0 0 0 1 1 0 1 0 0 1 0
170	1	1 0 1 1 1 1 0 0 0 0 0 0 0 0 0 0
170	3	1 0 1 1 0 1 0 0 0 0 0 1 0 0 0 0
170	1	0 1 1 1 1 1 0 0 0 0 0 0 0 0 0 0
170	2	1 0 0 0 1 1 0 0 1 1 0 0 0 0 0 0
170	5	0 1 1 0 1 1 1 0 1 1 0 0 0 1 0 0
170	5	0 1 1 1 0 1 0 0 0 0 0 1 0 0 0 0
170	1	0 0 1 0 0 0 0 0 1 0 1 1 0 0 0 1
170	1	0 1 1 1 0 1 0 0 1 0 0 1 0 0 0 0
170	2	1 1 1 1 0 0 0 0 0 0 0 0 0 0 0 1
170	2	0 1 0 1 0 1 1 0 1 1 1 1 0 0 1 0
170	1	1 0 1 0 0 1 0 0 0 0 0 1 1 0 0 1
170	1	1 1 0 1 1 1 1 0 1 1 0 0 1 0 0 0
170	3	1 0 0 1 0 1 0 1 0 0 0 1 0 0 0 0
170	2	0 1 1 0 0 0 1 0 1 0 0 1 0 0 0 0
170	2	1 1 1 0 0 1 0 0 0 0 0 1 1 0 0 1
170	1	1 1 1 0 0 1 0 0 0 0 1 1 0 0 0 1
170	1	0 1 0 0 1 1 0 1 0 0 0 0 0 0 0 0
170	1	0 1 1 0 0 1 1 0 1 1 0 0 0 0 0 0
180	47	0 0 1 0 0 1 0 0 0 0 0 1 0 0 0 0
180	5	0 0 1 0 1 1 0 0 0 0 0 1 0 0 0 0
180	7	1 0 1 0 0 1 0 0 0 0 0 1 0 0 0 0
180	83	0 1 1 0 0 1 0 0 0 0 0 1 0 0 0 0
180	5	0 1 0 0 0 1 0 0 0 0 0 1 0 0 0 0
180	23	0 0 1 0 0 1 0 1 0 0 0 1 0 0 0 0
180	15	0 1 0 0 0 1 0 0 1 1 1 1 0 0 0 0
180	7	1 1 0 0 1 1 1 0 1 1 0 0 0 1 0 0
180	14	0 0 0 0 1 1 0 0 1 1 0 0 0 0 0 0
180	139	1 1 1 0 0 1 0 0 0 0 0 1 0 0 0 0
180	19	0 1 1 0 0 0 0 0 1 1 0 1 0 0 0 0
180	65	1 0 1 1 0 1 0 0 0 0 0 0 0 0 0 0
180	32	0 1 1 0 0 0 0 0 1 0 0 1 0 0 0 0
180	20	1 0 1 0 0 1 0 0 0 0 0 1 1 0 0 0
180	1	1 1 1 0 0 1 0 0 0 0 0 0 0 0 0 1
180	39	1 1 1 1 0 1 0 0 0 0 0 0 0 0 0 0
180	3	1 1 1 0 0 1 0 0 0 0 0 1 0 1 0 0
180	6	1 1 1 0 0 1 0 0 0 0 0 0 0 0 0 0
180	3	1 1 0 1 1 1 1 0 1 1 0 0 0 1 0 0
180	8	1 1 1 0 0 1 0 0 0 0 0 1 1 0 0 0
180	3	0 1 1 0 0 0 0 0 0 0 0 1 0 0 0 0
180	29	0 1 1 0 0 0 0 0 0 1 0 1 0 0 0 0
180	27	1 1 1 0 0 1 1 0 0 0 0 1 0 0 0 0
180	25	1 1 0 0 1 1 1 0 1 1 0 0 0 0 0 0
180	6	0 1 1 1 0 1 0 0 0 0 0 0 0 0 0 0
180	8	1 1 1 0 0 1 0 0 0 0 0 1 0 0 0 1
180	4	1 0 1 0 0 1 0 0 0 0 0 0 0 0 0 0
180	12	1 1 0 1 0 1 1 0 1 1 1 1 0 0 0 0
180	2	0 0 1 0 0 0 0 0 1 0 1 1 0 0 0 0
180	6	1 0 0 1 0 1 0 0 0 0 0 0 0 0 0 0
180	14	0 1 1 0 0 1 0 0 1 0 0 1 0 0 0 0
180	4	1 0 1 1 0 1 1 0 1 1 1 1 0 0 0 0
180	30	0 1 1 0 0 0 0 0 1 0 1 1 0 0 0 0
180	7	1 1 0 1 1 1 1 0 1 1 0 0 0 1 1 0
180	2	1 1 1 0 0 1 0 0 0 0 1 1 0 0 0 0
180	3	1 0 0 0 0 1 0 0 1 1 0 0 0 0 0 0
180	2	1 1 0 0 0 1 0 0 0 0 0 1 0 1 0 0
180	2	0 1 1 0 0 1 0 0 0 0 1 1 0 0 0 0
180	6	1 1 0 0 1 1 1 0 1 1 1 0 0 1 0 0
180	1	0 1 0 0 0 1 0 0 0 0 0 0 0 0 0 1
180	24	1 0 0 0 0 1 1 0 1 0 0 1 0 0 0 0
180	14	1 1 1 0 0 1 0 0 1 1 1 1 0 0 0 0
180	7	0 1 1 0 0 1 0 0 0 1 0 1 0 0 0 0
180	10	1 1 0 0 0 1 1 0 1 1 0 1 0 0 0 0
180	5	0 1 0 0 0 1 0 0 0 1 0 1 0 0 0 0
180	2	0 1 1 0 0 1 0 0 1 1 0 0 0 0 0 0
180	1	1 1 0 0 0 1 0 0 0 0 0 1 0 0 0 0
180	9	0 0 1 1 0 1 0 0 0 0 0 0 0 0 0 0
180	2	1 0 1 0 0 1 0 0 0 0 0 1 0 0 0 1
180	10	1 1 1 0 0 1 0 0 0 0 0 1 0 0 1 0
180	15	1 1 1 1 0 1 0 0 0 0 0 1 0 0 0 0
180	1	0 1 1 0 0 0 0 0 1 1 0 1 0 0 1 0
180	6	1 0 1 1 0 1 0 0 0 0 0 1 0 0 0 0
180	4	0 1 1 1 1 1 0 0 0 0 0 0 0 0 0 0
180	4	1 0 0 0 1 1 0 0 1 1 0 0 0 0 0 0
180	1	1 0 1 0 0 1 0 0 0 0 0 1 1 0 0 1
180	2	0 1 1 0 0 0 1 0 1 0 0 1 0 0 0 0
180	6	0 1 0 0 1 1 0 1 0 0 0 0 0 0 0 0
180	1	1 0 1 1 0 0 0 0 0 0 0 0 0 0 0 1
180	1	1 1 0 0 1 0 0 0 1 1 0 1 0 0 1 0
180	1	1 1 0 1 0 1 1 0 1 1 1 1 1 0 0 0
180	1	0 1 0 1 0 1 0 0 1 1 0 1 0 0 0 0
180	3	1 1 1 0 0 1 0 0 0 1 0 1 0 0 0 0
180	2	1 0 1 1 0 1 0 0 0 0 0 0 1 0 0 0
180	10	1 0 1 0 1 1 0 0 0 0 0 1 0 0 0 0
180	3	0 0 1 0 1 1 0 1 0 0 0 1 1 0 0 0
180	5	1 1 0 1 0 1 0 0 0 0 0 0 0 0 0 0
180	7	0 1 1 0 1 1 1 0 1 1 0 1 0 0 0 0
180	3	0 1 0 0 0 1 0 0 1 1 1 1 1 0 0 0
180	9	1 0 1 1 0 1 1 0 1 0 1 1 0 0 0 0
180	2	0 1 1 1 0 1 0 0 0 0 0 1 0 1 0 0
180	3	1 1 1 0 0 0 0 0 0 0 0 1 0 0 0 0
180	1	1 1 1 0 1 0 0 0 0 0 0 1 0 0 0 1
180	3	0 1 0 0 0 1 0 0 0 0 0 0 0 0 0 0
180	4	0 1 1 1 0 0 0 0 1 1 0 1 0 0 0 0
180	2	0 0 1 0 0 1 1 0 0 0 0 1 0 0 0 0
180	3	1 1 1 0 0 0 0 0 1 1 0 1 0 0 1 0
180	5	1 1 1 0 0 1 0 0 0 0 0 0 0 1 0 0
180	2	1 1 1 0 0 0 0 0 0 1 0 1 0 0 0 0
180	1	1 0 0 1 0 1 0 0 0 0 0 0 0 1 0 0
180	2	1 0 1 1 0 0 0 0 0 0 1 0 0 0 0 1
180	1	0 0 1 0 1 1 1 0 1 1 0 0 0 0 0 0
180	3	0 1 0 1 1 1 1 0 1 1 0 0 0 1 1 0
180	2	0 0 1 0 0 1 0 1 0 0 1 1 0 0 0 0
180	1	0 1 1 0 0 0 0 0 0 1 1 1 0 0 0 0
180	1	0 1 1 0 0 1 0 0 1 0 1 1 0 0 0 0
180	1	0 0 1 0 0 1 1 0 0 0 0 0 0 0 0 0
180	2	0 0 1 0 0 1 0 0 1 1 0 1 0 0 0 0
180	2	0 1 1 0 0 0 0 0 1 1 0 0 0 0 0 0
180	2	1 0 0 0 1 1 0 0 0 0 0 1 0 0 0 0
180	7	1 0 1 0 0 1 0 0 1 0 0 1 0 0 0 0
180	9	1 1 1 1 0 1 0 0 0 1 0 0 0 0 0 0
180	5	0 0 1 0 1 1 1 0 1 1 0 1 0 0 0 0
180	1	1 1 1 0 0 1 0 0 1 1 0 0 0 0 0 0
180	4	1 1 1 0 0 1 0 0 1 0 1 1 0 0 0 0
180	1	0 1 1 0 0 0 0 0 1 0 1 0 0 1 0 0
180	1	1 1 0 0 1 1 1 0 1 0 0 0 0 1 0 0
180	1	1 1 1 0 0 1 0 1 0 0 0 1 0 0 0 0
180	1	1 1 1 1 0 1 0 0 0 0 1 0 0 0 0 0
180	6	1 1 1 1 0 1 0 0 0 0 0 0 0 0 1 0
180	1	1 1 1 0 0 1 0 0 0 0 0 1 0 0 1 1
180	4	1 1 1 0 0 1 0 0 1 1 0 1 0 0 0 0
180	2	1 1 0 0 0 1 1 0 1 0 0 1 0 0 0 0
180	1	1 1 0 0 1 0 0 0 1 0 0 1 0 0 1 0
180	2	0 0 1 0 1 1 0 1 0 0 0 0 1 0 0 0
180	1	0 1 1 0 0 1 0 1 0 0 0 1 0 0 0 0
180	3	1 0 1 1 0 1 0 0 0 0 0 0 0 0 0 1
180	2	1 0 0 0 1 1 1 0 1 1 0 0 0 0 0 0
180	2	1 1 1 0 0 1 0 0 1 1 1 1 0 0 0 1
190	21	0 0 1 0 0 1 0 0 0 0 0 1 0 0 0 0
190	5	0 0 1 0 1 1 0 0 0 0 0 1 0 0 0 0
190	3	1 0 1 0 0 1 0 0 0 0 0 1 0 0 0 0
190	68	0 1 1 0 0 1 0 0 0 0 0 1 0 0 0 0
190	4	0 0 1 0 0 1 0 1 0 0 0 1 0 0 0 0
190	12	1 1 0 0 1 1 1 0 1 1 0 0 0 1 0 0
190	12	0 0 0 0 1 1 0 0 1 1 0 0 0 0 0 0
190	164	1 1 1 0 0 1 0 0 0 0 0 1 0 0 0 0
190	17	0 1 1 0 0 0 0 0 1 1 0 1 0 0 0 0
190	81	1 0 1 1 0 1 0 0 0 0 0 0 0 0 0 0
190	41	0 1 1 0 0 0 0 0 1 0 0 1 0 0 0 0
190	10	1 0 1 0 0 1 0 0 0 0 0 1 1 0 0 0
190	39	1 1 1 1 0 1 0 0 0 0 0 0 0 0 0 0
190	7	1 1 1 0 0 1 0 0 0 0 0 1 1 0 0 0
190	14	0 1 1 0 0 0 0 0 0 0 0 1 0 0 0 0
190	41	0 1 1 0 0 0 0 0 0 1 0 1 0 0 0 0
190	6	1 1 1 0 0 1 1 0 0 0 0 1 0 0 0 0
190	4	1 1 0 0 1 1 1 0 1 1 0 0 0 0 0 0
190	5	0 1 1 1 0 1 0 0 0 0 0 0 0 0 0 0
190	9	1 1 1 0 0 1 0 0 0 0 0 1 0 0 0 1
190	6	1 0 1 0 0 1 0 0 0 0 0 0 0 0 0 0
190	11	1 1 0 1 0 1 1 0 1 1 1 1 0 0 0 0
190	5	0 0 1 0 0 0 0 0 1 0 1 1 0 0 0 0
190	20	0 1 1 0 0 1 0 0 1 0 0 1 0 0 0 0
190	7	1 0 1 1 0 1 1 0 1 1 1 1 0 0 0 0
190	12	0 1 1 0 0 0 0 0 1 0 1 1 0 0 0 0
190	10	1 1 0 0 0 1 0 0 0 0 0 1 0 1 0 0
190	6	0 1 1 0 0 1 0 0 0 0 1 1 0 0 0 0
190	3	1 1 0 0 1 1 1 0 1 1 1 0 0 1 0 0
190	8	1 0 0 0 0 1 1 0 1 0 0 1 0 0 0 0
190	29	1 1 1 0 0 1 0 0 1 1 1 1 0 0 0 0
190	5	0 1 1 0 0 1 0 0 0 1 0 1 0 0 0 0
190	14	0 0 1 1 0 1 0 0 0 0 0 0 0 0 0 0
190	8	1 0 1 0 0 1 0 0 0 0 0 1 0 0 0 1
190	8	1 1 1 0 0 1 0 0 0 0 0 1 0 0 1 0
190	21	1 1 1 1 0 1 0 0 0 0 0 1 0 0 0 0
190	11	1 0 1 1 0 1 0 0 0 0 0 1 0 0 0 0
190	1	0 1 0 0 1 1 0 1 0 0 0 0 0 0 0 0
190	18	1 1 1 0 0 1 0 0 0 1 0 1 0 0 0 0
190	13	1 0 1 0 1 1 0 0 0 0 0 1 0 0 0 0
190	7	0 0 1 0 1 1 0 1 0 0 0 1 1 0 0 0
190	13	1 1 0 1 0 1 0 0 0 0 0 0 0 0 0 0
190	10	0 1 1 0 1 1 1 0 1 1 0 1 0 0 0 0
190	12	1 0 1 1 0 1 1 0 1 0 1 1 0 0 0 0
190	2	0 1 0 0 0 1 0 0 0 0 0 0 0 0 0 0
190	4	1 1 1 0 0 1 0 0 0 0 0 0 0 1 0 0
190	8	1 0 0 1 0 1 0 0 0 0 0 0 0 1 0 0
190	5	0 0 1 0 0 1 0 1 0 0 1 1 0 0 0 0
190	24	0 1 1 0 0 0 0 0 0 1 1 1 0 0 0 0
190	2	0 0 1 0 0 1 0 0 1 1 0 1 0 0 0 0
190	6	1 1 1 0 0 1 0 0 1 1 0 1 0 0 0 0
190	2	0 0 1 0 1 1 0 1 0 0 0 0 1 0 0 0
190	15	1 0 1 1 0 1 0 0 0 0 0 0 0 0 0 1
190	2	1 1 0 0 1 1 1 0 1 1 1 1 0 0 0 0
190	1	1 1 1 1 0 1 0 0 0 0 0 1 0 0 0 1
190	9	0 1 1 0 0 1 0 0 0 0 0 1 0 0 0 1
190	12	1 0 1 1 0 1 0 0 0 0 1 0 0 0 0 0
190	1	1 1 1 1 0 0 0 0 0 0 0 0 0 0 0 0
190	1	0 1 1 0 0 1 1 0 1 1 0 0 0 0 0 0
190	2	0 0 1 0 1 1 0 1 0 0 0 0 0 0 0 0
190	2	1 1 1 1 0 1 0 0 0 0 0 0 0 1 0 0
190	2	1 1 1 0 0 0 0 0 0 0 0 0 0 0 0 0
190	3	0 1 1 0 0 0 1 0 0 1 0 1 0 0 0 0
190	8	1 1 0 1 0 1 1 0 1 0 1 1 0 0 0 0
190	2	1 1 1 1 0 0 0 0 0 0 0 1 0 0 0 0
190	4	1 1 1 1 0 1 0 0 0 0 0 1 1 0 0 0
190	1	0 1 0 0 0 1 0 0 0 0 0 1 0 0 0 0
190	1	0 0 1 0 1 1 0 1 0 0 0 1 1 1 0 0
190	4	1 1 0 0 0 0 0 0 0 0 0 0 0 0 0 0
190	14	0 0 1 0 1 1 0 0 0 0 0 1 1 0 0 0
190	1	0 1 1 1 0 0 0 0 1 1 0 1 0 0 0 0
190	2	0 0 0 1 0 1 0 0 0 0 0 0 0 0 0 0
190	1	1 0 1 1 0 1 0 0 0 0 0 0 1 0 0 0
190	5	1 1 1 0 0 1 0 0 1 0 0 1 0 0 0 0
190	4	1 1 1 0 0 1 0 1 0 0 0 1 0 0 0 0
190	2	1 0 1 1 0 1 0 0 0 1 0 0 0 0 0 0
190	3	1 1 1 1 0 1 0 0 0 1 0 0 0 0 0 0
190	7	1 0 1 1 0 0 0 0 0 0 0 1 0 0 0 0
190	1	0 0 1 0 0 1 0 0 0 1 0 1 0 0 0 0
190	4	1 1 1 0 0 1 0 0 0 0 0 1 0 1 0 0
190	1	0 1 1 0 1 1 0 0 0 0 0 1 0 0 0 1
190	3	1 1 0 1 0 1 1 1 0 0 0 1 0 0 0 0
190	1	1 1 0 1 0 1 0 0 0 0 0 1 0 0 0 0
190	3	1 1 1 0 1 1 0 0 0 0 0 1 0 0 0 0
190	1	0 1 1 0 0 0 0 0 1 1 0 1 0 1 0 0
190	1	1 1 1 1 0 1 1 0 0 0 0 0 0 0 0 0
190	2	0 1 1 0 0 1 1 0 1 1 0 1 0 0 0 0
200	5	0 0 1 0 0 1 0 0 0 0 0 1 0 0 0 0
200	2	0 0 1 0 1 1 0 0 0 0 0 1 0 0 0 0
200	20	1 0 1 0 0 1 0 0 0 0 0 1 0 0 0 0
200	47	0 1 1 0 0 1 0 0 0 0 0 1 0 0 0 0
200	1	0 0 1 0 0 1 0 1 0 0 0 1 0 0 0 0
200	3	1 1 0 0 1 1 1 0 1 1 0 0 0 1 0 0
200	11	0 0 0 0 1 1 0 0 1 1 0 0 0 0 0 0
200	197	1 1 1 0 0 1 0 0 0 0 0 1 0 0 0 0
200	24	0 1 1 0 0 0 0 0 1 1 0 1 0 0 0 0
200	33	1 0 1 1 0 1 0 0 0 0 0 0 0 0 0 0
200	36	0 1 1 0 0 0 0 0 1 0 0 1 0 0 0 0
200	8	1 0 1 0 0 1 0 0 0 0 0 1 1 0 0 0
200	45	1 1 1 1 0 1 0 0 0 0 0 0 0 0 0 0
200	5	1 1 1 0 0 1 0 0 0 0 0 1 1 0 0 0
200	3	0 1 1 0 0 0 0 0 0 0 0 1 0 0 0 0
200	17	0 1 1 0 0 0 0 0 0 1 0 1 0 0 0 0
200	9	1 1 1 0 0 1 1 0 0 0 0 1 0 0 0 0
200	3	0 1 1 1 0 1 0 0 0 0 0 0 0 0 0 0
200	2	1 1 1 0 0 1 0 0 0 0 0 1 0 0 0 1
200	14	1 0 1 0 0 1 0 0 0 0 0 0 0 0 0 0
200	3	1 1 0 1 0 1 1 0 1 1 1 1 0 0 0 0
200	1	1 0 1 1 0 1 1 0 1 1 1 1 0 0 0 0
200	6	0 1 1 0 0 0 0 0 1 0 1 1 0 0 0 0
200	1	1 1 0 0 0 1 0 0 0 0 0 1 0 1 0 0
200	27	0 1 1 0 0 1 0 0 0 0 1 1 0 0 0 0
200	5	1 1 0 0 1 1 1 0 1 1 1 0 0 1 0 0
200	24	1 1 1 0 0 1 0 0 1 1 1 1 0 0 0 0
200	8	0 1 1 0 0 1 0 0 0 1 0 1 0 0 0 0
200	16	0 0 1 1 0 1 0 0 0 0 0 0 0 0 0 0
200	2	1 0 1 0 0 1 0 0 0 0 0 1 0 0 0 1
200	8	1 1 1 0 0 1 0 0 0 0 0 1 0 0 1 0
200	5	1 1 1 1 0 1 0 0 0 0 0 1 0 0 0 0
200	38	1 0 1 1 0 1 0 0 0 0 0 1 0 0 0 0
200	3	1 1 1 0 0 1 0 0 0 1 0 1 0 0 0 0
200	4	1 0 1 0 1 1 0 0 0 0 0 1 0 0 0 0
200	32	1 1 0 1 0 1 0 0 0 0 0 0 0 0 0 0
200	15	0 1 1 0 1 1 1 0 1 1 0 1 0 0 0 0
200	1	0 1 0 0 0 1 0 0 0 0 0 0 0 0 0 0
200	5	1 0 0 1 0 1 0 0 0 0 0 0 0 1 0 0
200	2	0 0 1 0 0 1 0 1 0 0 1 1 0 0 0 0
200	12	0 1 1 0 0 0 0 0 0 1 1 1 0 0 0 0
200	4	0 0 1 0 0 1 0 0 1 1 0 1 0 0 0 0
200	4	1 1 1 0 0 1 0 0 1 1 0 1 0 0 0 0
200	30	1 0 1 1 0 1 0 0 0 0 0 0 0 0 0 1
200	1	0 1 1 0 0 1 0 0 0 0 0 1 0 0 0 1
200	17	1 0 1 1 0 1 0 0 0 0 1 0 0 0 0 0
200	3	0 1 1 0 0 1 1 0 1 1 0 0 0 0 0 0
200	19	1 1 1 1 0 1 0 0 0 0 0 0 0 1 0 0
200	6	1 1 1 0 0 0 0 0 0 0 0 0 0 0 0 0
200	12	0 1 1 0 0 0 1 0 0 1 0 1 0 0 0 0
200	6	1 1 1 1 0 0 0 0 0 0 0 1 0 0 0 0
200	18	0 0 1 0 1 1 0 0 0 0 0 1 1 0 0 0
200	2	1 1 1 0 0 1 0 0 1 0 0 1 0 0 0 0
200	9	1 0 1 1 0 0 0 0 0 0 0 1 0 0 0 0
200	2	1 1 1 1 0 1 1 0 0 0 0 0 0 0 0 0
200	8	1 0 1 1 0 0 0 0 0 0 0 0 0 0 0 0
200	1	1 1 1 0 0 1 0 0 0 0 0 1 0 0 1 1
200	10	1 1 0 1 0 1 1 0 1 1 0 1 0 0 0 0
200	3	1 0 1 1 0 1 0 0 0 0 0 1 0 0 0 1
200	9	1 0 1 1 0 1 0 0 0 1 0 1 0 0 0 0
200	11	1 1 1 1 0 1 0 0 0 0 0 0 1 0 0 0
200	8	1 1 1 0 0 1 0 0 0 1 0 1 0 1 0 0
200	6	0 0 1 0 0 1 0 0 0 0 0 0 0 0 0 0
200	3	1 0 1 1 0 1 1 0 0 0 0 0 0 0 0 0
200	7	1 1 0 1 0 1 1 0 0 1 1 1 0 0 0 0
200	2	1 0 0 0 0 1 1 0 1 0 0 1 0 0 1 0
200	8	1 1 1 0 0 1 0 1 0 0 0 1 0 0 0 0
200	3	0 1 1 0 0 1 0 1 1 0 0 0 0 0 0 0
200	6	1 1 1 0 0 1 0 0 0 0 0 0 0 0 0 0
200	5	1 1 1 1 0 1 0 0 0 0 0 1 0 0 0 1
200	3	1 0 1 0 0 1 0 1 0 0 0 1 1 0 0 0
200	7	0 1 1 1 0 1 0 0 0 0 0 0 0 0 0 1
200	2	0 1 1 0 0 1 0 0 1 1 0 1 0 0 0 0
200	15	0 0 1 0 1 1 0 0 0 0 0 0 0 0 0 0
200	4	1 0 1 1 0 1 0 0 0 0 1 1 0 0 0 0
200	5	1 1 1 0 0 1 0 0 0 0 0 1 0 1 0 0
200	1	0 1 1 0 0 0 0 0 1 0 1 1 0 0 1 0
200	1	1 1 1 0 1 1 0 1 0 0 0 1 1 0 0 0
200	1	0 1 1 0 0 1 0 1 0 0 0 1 0 0 0 0
200	7	0 1 1 1 0 1 0 0 0 0 0 0 0 1 0 0
200	4	0 0 1 0 1 1 0 0 0 1 0 1 0 1 0 0
200	1	1 1 0 0 0 1 0 0 0 0 0 1 0 0 0 0
200	1	1 0 1 1 0 1 0 1 0 0 0 0 0 0 0 0
200	1	1 0 0 0 0 1 0 0 0 0 0 1 0 1 0 0
200	2	1 1 1 0 0 1 0 1 0 0 0 0 0 0 0 0
200	1	0 1 1 0 0 1 0 1 0 0 0 0 0 0 0 0
200	1	1 1 1 0 0 1 0 1 1 0 0 0 0 0 0 0
200	2	1 0 1 0 0 0 0 0 0 0 0 0 0 0 0 0
200	1	1 0 0 1 0 1 0 0 0 0 0 1 0 0 0 0
200	4	1 1 1 0 0 0 0 0 1 1 0 1 0 0 0 0
200	1	1 0 0 0 0 1 1 0 0 1 1 1 0 0 0 0
200	3	0 1 1 0 0 0 0 0 1 0 0 1 0 0 1 0
200	1	1 0 1 0 0 1 0 0 0 1 0 1 1 0 0 0
200	2	1 1 1 0 0 1 0 0 1 1 1 1 0 0 0 1
200	1	1 0 1 1 0 1 0 0 0 0 0 1 1 0 0 0
200	2	0 1 1 0 0 0 0 0 0 1 1 0 0 0 0 0
210	4	0 0 1 0 0 1 0 0 0 0 0 1 0 0 0 0
210	19	1 0 1 0 0 1 0 0 0 0 0 1 0 0 0 0
210	27	0 1 1 0 0 1 0 0 0 0 0 1 0 0 0 0
210	1	0 0 0 0 1 1 0 0 1 1 0 0 0 0 0 0
210	106	1 1 1 0 0 1 0 0 0 0 0 1 0 0 0 0
210	34	0 1 1 0 0 0 0 0 1 1 0 1 0 0 0 0
210	48	1 0 1 1 0 1 0 0 0 0 0 0 0 0 0 0
210	42	0 1 1 0 0 0 0 0 1 0 0 1 0 0 0 0
210	58	1 1 1 1 0 1 0 0 0 0 0 0 0 0 0 0
210	1	1 1 1 0 0 1 0 0 0 0 0 1 1 0 0 0
210	4	0 1 1 0 0 0 0 0 0 0 0 1 0 0 0 0
210	9	0 1 1 0 0 0 0 0 0 1 0 1 0 0 0 0
210	2	1 1 1 0 0 1 0 0 0 0 0 1 0 0 0 1
210	7	1 0 1 0 0 1 0 0 0 0 0 0 0 0 0 0
210	10	1 1 1 0 0 1 0 0 1 1 1 1 0 0 0 0
210	18	0 0 1 1 0 1 0 0 0 0 0 0 0 0 0 0
210	10	1 1 1 1 0 1 0 0 0 0 0 1 0 0 0 0
210	38	1 0 1 1 0 1 0 0 0 0 0 1 0 0 0 0
210	6	1 1 0 1 0 1 0 0 0 0 0 0 0 0 0 0
210	12	0 1 1 0 1 1 1 0 1 1 0 1 0 0 0 0
210	4	0 1 1 0 0 0 0 0 0 1 1 1 0 0 0 0
210	5	0 0 1 0 0 1 0 0 1 1 0 1 0 0 0 0
210	18	1 0 1 1 0 1 0 0 0 0 0 0 0 0 0 1
210	2	0 1 1 0 0 1 0 0 0 0 0 1 0 0 0 1
210	12	1 0 1 1 0 1 0 0 0 0 1 0 0 0 0 0
210	25	1 1 1 1 0 1 0 0 0 0 0 0 0 1 0 0
210	7	0 1 1 0 0 0 1 0 0 1 0 1 0 0 0 0
210	9	1 1 1 1 0 0 0 0 0 0 0 1 0 0 0 0
210	30	0 0 1 0 1 1 0 0 0 0 0 1 1 0 0 0
210	15	1 0 1 1 0 0 0 0 0 0 0 1 0 0 0 0
210	5	1 1 1 1 0 1 1 0 0 0 0 0 0 0 0 0
210	5	1 0 1 1 0 0 0 0 0 0 0 0 0 0 0 0
210	41	1 1 0 1 0 1 1 0 1 1 0 1 0 0 0 0
210	5	1 0 1 1 0 1 0 0 0 1 0 1 0 0 0 0
210	3	1 1 1 1 0 1 0 0 0 0 0 0 1 0 0 0
210	10	1 1 1 0 0 1 0 0 0 1 0 1 0 1 0 0
210	4	1 0 1 1 0 1 1 0 0 0 0 0 0 0 0 0
210	1	1 1 0 1 0 1 1 0 0 1 1 1 0 0 0 0
210	28	1 1 1 0 0 1 0 0 0 0 0 0 0 0 0 0
210	7	1 1 1 1 0 1 0 0 0 0 0 1 0 0 0 1
210	3	0 1 1 1 0 1 0 0 0 0 0 0 0 0 0 1
210	4	0 1 1 0 0 1 0 0 1 1 0 1 0 0 0 0
210	43	1 0 1 1 0 1 0 0 0 0 1 1 0 0 0 0
210	20	0 1 1 0 0 1 0 1 0 0 0 1 0 0 0 0
210	14	0 1 1 1 0 1 0 0 0 0 0 0 0 1 0 0
210	11	0 0 1 0 1 1 0 0 0 1 0 1 0 1 0 0
210	5	1 0 1 0 0 0 0 0 0 0 0 0 0 0 0 0
210	5	1 1 1 0 0 1 0 0 1 1 1 1 0 0 0 1
210	19	0 1 1 0 0 0 0 0 0 1 1 0 0 0 0 0
210	29	0 1 1 0 0 1 1 0 0 0 1 1 0 0 0 0
210	6	0 1 1 0 0 1 0 0 0 1 1 1 0 0 0 0
210	8	0 1 0 1 0 1 0 0 0 0 0 0 0 0 0 1
210	5	0 1 1 0 0 1 0 0 0 0 0 0 0 0 0 0
210	11	1 1 1 1 0 1 0 0 0 0 1 1 0 0 0 0
210	6	1 1 0 1 0 1 0 0 1 0 0 0 0 0 0 0
210	1	1 1 1 0 0 1 0 1 0 0 0 1 1 0 0 0
210	8	0 0 1 0 1 0 0 0 0 0 0 1 1 0 0 0
210	1	1 1 0 1 0 1 0 0 0 0 0 0 0 1 0 0
210	6	0 0 1 0 0 1 0 0 1 1 1 1 0 0 0 0
210	3	0 1 1 1 0 1 0 0 0 0 0 0 0 0 0 0
210	13	1 1 1 0 0 0 0 0 0 0 0 1 0 0 0 0
210	2	1 1 0 1 1 1 1 0 1 1 0 1 0 0 0 0
210	4	0 1 1 0 0 1 0 0 1 0 0 1 0 0 0 0
210	2	0 0 1 1 0 1 0 0 0 0 0 0 0 1 0 0
210	11	1 0 0 1 0 1 0 0 0 0 0 1 0 0 0 0
210	1	1 0 0 1 0 1 0 0 0 0 0 1 0 1 0 0
210	2	1 1 1 0 0 1 0 0 0 0 0 0 0 0 0 1
210	3	1 1 1 0 0 1 0 0 0 0 0 0 0 1 0 0
210	1	1 0 1 1 0 1 0 0 0 0 0 1 1 0 0 0
210	5	1 0 1 1 0 1 0 0 0 0 0 1 0 1 0 0
210	1	1 0 1 1 0 0 0 0 0 0 1 0 0 0 0 0
210	3	1 1 1 1 0 1 0 0 0 0 0 0 1 0 1 0
210	2	1 1 0 0 0 0 0 0 0 0 0 1 0 0 0 0
210	4	1 1 1 0 0 1 0 0 1 0 0 1 0 0 0 0
210	3	1 1 1 1 0 1 1 0 0 0 1 1 0 0 0 0
210	3	0 1 1 1 0 1 0 0 0 0 0 1 0 0 0 0
210	6	1 1 1 1 1 1 0 0 0 0 0 0 0 0 0 0
210	1	1 1 0 1 0 1 0 0 0 0 1 0 0 0 0 0
210	2	1 1 1 0 0 1 1 0 0 0 0 0 0 0 0 0
210	2	1 0 1 1 0 1 0 0 0 0 0 0 0 1 0 0
210	1	0 1 1 0 1 1 0 0 0 0 0 1 0 0 0 0
210	1	0 1 0 1 0 1 0 0 0 0 0 1 0 0 0 0
210	5	1 1 1 1 0 1 1 0 1 1 0 1 0 0 0 0
210	2	1 0 0 1 0 1 0 0 0 1 0 1 0 0 0 0
210	1	1 1 1 0 0 1 0 0 0 0 0 0 1 0 0 0
210	1	1 1 1 0 1 1 1 0 1 1 0 1 0 0 0 0
210	2	1 1 1 0 0 1 0 0 1 1 0 1 0 0 0 0
210	2	0 0 1 0 1 1 0 0 0 0 0 1 0 0 0 1
210	1	0 0 1 0 1 1 0 0 0 1 0 1 0 0 0 0
210	3	1 0 0 1 0 1 0 0 0 0 1 1 0 0 0 0
210	1	1 1 1 0 0 1 0 0 0 0 1 1 0 0 0 0
210	1	0 1 1 0 1 0 0 0 1 0 0 1 0 0 0 0
210	1	1 1 1 1 0 1 0 0 0 0 0 0 0 0 0 1
210	1	0 1 0 0 0 0 1 0 0 1 0 1 0 0 0 0
210	1	0 0 1 0 1 1 0 0 0 1 0 1 1 0 0 0
210	1	1 0 1 1 0 0 0 0 0 0 0 1 0 1 0 0
210	2	1 1 1 1 0 1 0 0 1 1 1 1 0 0 0 1
210	1	1 0 0 1 0 1 0 0 0 0 0 1 0 0 1 0
210	1	1 1 1 1 0 1 0 0 1 0 0 0 1 0 1 0
220	7	1 0 1 0 0 1 0 0 0 0 0 1 0 0 0 0
220	35	0 1 1 0 0 1 0 0 0 0 0 1 0 0 0 0
220	59	1 1 1 0 0 1 0 0 0 0 0 1 0 0 0 0
220	18	0 1 1 0 0 0 0 0 1 1 0 1 0 0 0 0
220	60	1 0 1 1 0 1 0 0 0 0 0 0 0 0 0 0
220	25	0 1 1 0 0 0 0 0 1 0 0 1 0 0 0 0
220	92	1 1 1 1 0 1 0 0 0 0 0 0 0 0 0 0
220	5	0 1 1 0 0 0 0 0 0 0 0 1 0 0 0 0
220	4	0 1 1 0 0 0 0 0 0 1 0 1 0 0 0 0
220	25	1 0 1 0 0 1 0 0 0 0 0 0 0 0 0 0
220	8	1 1 1 0 0 1 0 0 1 1 1 1 0 0 0 0
220	22	0 0 1 1 0 1 0 0 0 0 0 0 0 0 0 0
220	5	1 1 1 1 0 1 0 0 0 0 0 1 0 0 0 0
220	21	1 0 1 1 0 1 0 0 0 0 0 1 0 0 0 0
220	12	1 1 0 1 0 1 0 0 0 0 0 0 0 0 0 0
220	12	0 1 1 0 1 1 1 0 1 1 0 1 0 0 0 0
220	8	0 1 1 0 0 0 0 0 0 1 1 1 0 0 0 0
220	33	1 0 1 1 0 1 0 0 0 0 0 0 0 0 0 1
220	12	1 0 1 1 0 1 0 0 0 0 1 0 0 0 0 0
220	19	1 1 1 1 0 1 0 0 0 0 0 0 0 1 0 0
220	4	0 1 1 0 0 0 1 0 0 1 0 1 0 0 0 0
220	3	1 1 1 1 0 0 0 0 0 0 0 1 0 0 0 0
220	25	0 0 1 0 1 1 0 0 0 0 0 1 1 0 0 0
220	6	1 0 1 1 0 0 0 0 0 0 0 1 0 0 0 0
220	9	1 1 1 1 0 1 1 0 0 0 0 0 0 0 0 0
220	34	1 1 0 1 0 1 1 0 1 1 0 1 0 0 0 0
220	12	1 0 1 1 0 1 0 0 0 1 0 1 0 0 0 0
220	6	1 1 1 0 0 1 0 0 0 1 0 1 0 1 0 0
220	23	1 1 1 0 0 1 0 0 0 0 0 0 0 0 0 0
220	7	1 1 1 1 0 1 0 0 0 0 0 1 0 0 0 1
220	6	0 1 1 1 0 1 0 0 0 0 0 0 0 0 0 1
220	19	0 1 1 0 0 1 0 0 1 1 0 1 0 0 0 0
220	18	1 0 1 1 0 1 0 0 0 0 1 1 0 0 0 0
220	8	0 1 1 0 0 1 0 1 0 0 0 1 0 0 0 0
220	3	0 1 1 1 0 1 0 0 0 0 0 0 0 1 0 0
220	11	0 0 1 0 1 1 0 0 0 1 0 1 0 1 0 0
220	9	1 1 1 0 0 1 0 0 1 1 1 1 0 0 0 1
220	21	0 1 1 0 0 0 0 0 0 1 1 0 0 0 0 0
220	31	0 1 1 0 0 1 1 0 0 0 1 1 0 0 0 0
220	16	0 1 0 1 0 1 0 0 0 0 0 0 0 0 0 1
220	3	0 1 1 0 0 1 0 0 0 0 0 0 0 0 0 0
220	1	1 1 1 1 0 1 0 0 0 0 1 1 0 0 0 0
220	15	1 1 0 1 0 1 0 0 1 0 0 0 0 0 0 0
220	12	0 0 1 0 0 1 0 0 1 1 1 1 0 0 0 0
220	3	1 1 1 0 0 0 0 0 0 0 0 1 0 0 0 0
220	11	0 1 1 0 0 1 0 0 1 0 0 1 0 0 0 0
220	12	0 0 1 1 0 1 0 0 0 0 0 0 0 1 0 0
220	9	1 0 0 1 0 1 0 0 0 0 0 1 0 0 0 0
220	16	1 0 1 1 0 1 0 0 0 0 0 1 0 1 0 0
220	4	1 1 1 1 0 1 1 0 0 0 1 1 0 0 0 0
220	11	1 1 1 1 1 1 0 0 0 0 0 0 0 0 0 0
220	1	1 1 1 0 0 1 0 0 0 0 0 0 1 0 0 0
220	2	1 0 0 1 0 1 0 0 0 0 0 1 0 0 1 0
220	13	1 1 0 0 1 1 1 0 1 1 0 1 0 0 0 0
220	5	1 0 1 0 0 0 0 0 0 0 0 1 1 0 0 0
220	5	1 1 1 0 0 0 0 0 0 0 0 1 0 1 0 0
220	15	0 0 1 1 0 1 0 0 0 0 0 1 0 0 0 0
220	19	1 0 1 0 0 1 0 0 1 1 0 1 0 0 0 0
220	3	1 0 0 1 0 1 0 0 0 1 0 1 1 0 0 0
220	7	1 1 1 1 0 1 0 0 0 0 0 0 0 0 0 1
220	6	0 1 1 0 0 1 0 0 1 1 1 1 0 0 0 1
220	4	1 1 1 0 0 0 1 0 0 1 0 1 0 0 0 0
220	3	1 1 1 0 0 0 0 0 0 1 1 0 0 0 0 0
220	1	1 0 1 0 0 1 0 0 0 0 0 0 0 0 0 1
220	1	1 1 1 0 0 1 0 0 0 0 0 0 0 1 0 0
220	4	1 0 1 1 1 1 1 0 1 1 0 1 0 0 0 0
220	1	0 1 1 0 0 0 1 0 1 1 0 1 0 0 0 0
220	9	0 1 1 1 0 1 1 0 0 0 0 1 0 0 0 0
220	2	0 1 0 0 1 1 1 0 1 1 0 1 0 0 0 0
220	3	1 0 1 1 0 0 0 0 0 0 0 1 0 0 1 0
220	2	1 0 1 1 0 1 0 0 0 1 0 0 0 0 0 0
220	4	1 0 1 1 0 1 0 0 1 0 0 0 0 0 0 0
220	2	1 1 0 1 0 1 0 0 1 1 0 1 0 0 0 0
220	2	1 1 1 0 0 1 0 0 0 0 0 0 0 0 0 1
220	4	1 1 0 0 1 1 1 0 1 1 0 1 0 0 0 1
220	2	0 1 1 1 0 1 0 0 0 0 1 1 0 0 0 0
220	3	0 0 1 0 0 0 0 0 1 0 0 1 0 0 0 0
220	1	1 1 0 1 0 1 1 0 1 1 0 1 0 1 0 0
220	1	1 0 1 1 0 1 1 0 0 0 1 1 0 0 0 0
220	1	0 1 0 1 0 1 0 0 1 0 0 0 0 0 0 0
220	1	1 0 1 0 0 0 0 0 1 0 0 1 0 0 0 0
220	2	1 1 1 0 0 1 0 0 0 0 0 1 0 0 0 1
220	3	1 0 1 1 0 1 0 1 0 0 0 1 0 0 0 0
220	4	0 1 1 1 1 1 1 0 1 1 0 1 0 0 0 0
220	2	1 0 1 0 0 1 0 0 1 1 1 1 0 0 0 0
220	1	0 1 1 0 0 1 0 0 0 0 1 1 0 0 0 0
220	1	1 1 0 0 1 1 1 0 1 1 0 0 0 0 0 0
220	2	0 1 1 0 0 1 0 0 1 0 0 0 0 0 0 0
220	2	1 1 1 0 0 1 1 0 0 0 0 1 0 0 0 0
220	2	1 1 1 0 0 0 0 0 1 0 0 1 0 0 0 0
220	2	1 1 1 1 0 0 0 0 0 0 0 0 0 1 0 0
220	1	1 0 1 0 1 1 0 0 0 0 0 1 1 0 0 0
220	1	0 1 1 1 0 1 0 0 0 1 1 1 0 0 0 0
230	6	1 0 1 0 0 1 0 0 0 0 0 1 0 0 0 0
230	37	0 1 1 0 0 1 0 0 0 0 0 1 0 0 0 0
230	73	1 1 1 0 0 1 0 0 0 0 0 1 0 0 0 0
230	10	0 1 1 0 0 0 0 0 1 1 0 1 0 0 0 0
230	29	1 0 1 1 0 1 0 0 0 0 0 0 0 0 0 0
230	14	0 1 1 0 0 0 0 0 1 0 0 1 0 0 0 0
230	93	1 1 1 1 0 1 0 0 0 0 0 0 0 0 0 0
230	15	0 1 1 0 0 0 0 0 0 0 0 1 0 0 0 0
230	29	1 0 1 0 0 1 0 0 0 0 0 0 0 0 0 0
230	9	1 1 1 0 0 1 0 0 1 1 1 1 0 0 0 0
230	6	0 0 1 1 0 1 0 0 0 0 0 0 0 0 0 0
230	15	1 1 1 1 0 1 0 0 0 0 0 1 0 0 0 0
230	6	1 0 1 1 0 1 0 0 0 0 0 1 0 0 0 0
230	5	1 1 0 1 0 1 0 0 0 0 0 0 0 0 0 0
230	14	0 1 1 0 1 1 1 0 1 1 0 1 0 0 0 0
230	4	0 1 1 0 0 0 0 0 0 1 1 1 0 0 0 0
230	3	1 0 1 1 0 1 0 0 0 0 0 0 0 0 0 1
230	8	1 0 1 1 0 1 0 0 0 0 1 0 0 0 0 0
230	5	1 1 1 1 0 1 0 0 0 0 0 0 0 1 0 0
230	4	0 1 1 0 0 0 1 0 0 1 0 1 0 0 0 0
230	40	0 0 1 0 1 1 0 0 0 0 0 1 1 0 0 0
230	13	1 0 1 1 0 0 0 0 0 0 0 1 0 0 0 0
230	1	1 1 1 1 0 1 1 0 0 0 0 0 0 0 0 0
230	49	1 1 0 1 0 1 1 0 1 1 0 1 0 0 0 0
230	9	1 0 1 1 0 1 0 0 0 1 0 1 0 0 0 0
230	3	1 1 1 0 0 1 0 0 0 1 0 1 0 1 0 0
230	27	1 1 1 0 0 1 0 0 0 0 0 0 0 0 0 0
230	3	1 1 1 1 0 1 0 0 0 0 0 1 0 0 0 1
230	8	0 1 1 1 0 1 0 0 0 0 0 0 0 0 0 1
230	8	0 1 1 0 0 1 0 0 1 1 0 1 0 0 0 0
230	6	1 0 1 1 0 1 0 0 0 0 1 1 0 0 0 0
230	9	0 0 1 0 1 1 0 0 0 1 0 1 0 1 0 0
230	25	1 1 1 0 0 1 0 0 1 1 1 1 0 0 0 1
230	22	0 1 1 0 0 0 0 0 0 1 1 0 0 0 0 0
230	8	0 1 1 0 0 1 1 0 0 0 1 1 0 0 0 0
230	21	0 1 0 1 0 1 0 0 0 0 0 0 0 0 0 1
230	2	0 1 1 0 0 1 0 0 0 0 0 0 0 0 0 0
230	5	0 0 1 0 0 1 0 0 1 1 1 1 0 0 0 0
230	4	0 1 1 0 0 1 0 0 1 0 0 1 0 0 0 0
230	17	0 0 1 1 0 1 0 0 0 0 0 0 0 1 0 0
230	4	1 0 0 1 0 1 0 0 0 0 0 1 0 0 0 0
230	7	1 1 1 1 0 1 1 0 0 0 1 1 0 0 0 0
230	17	1 1 1 1 1 1 0 0 0 0 0 0 0 0 0 0
230	4	1 1 1 0 0 0 0 0 0 0 0 1 0 1 0 0
230	6	0 0 1 1 0 1 0 0 0 0 0 1 0 0 0 0
230	1	1 0 1 0 0 1 0 0 1 1 0 1 0 0 0 0
230	5	1 0 0 1 0 1 0 0 0 1 0 1 1 0 0 0
230	10	1 1 1 1 0 1 0 0 0 0 0 0 0 0 0 1
230	1	0 1 1 0 0 1 0 0 1 1 1 1 0 0 0 1
230	4	1 1 1 0 0 0 1 0 0 1 0 1 0 0 0 0
230	3	1 1 1 0 0 0 0 0 0 1 1 0 0 0 0 0
230	2	1 0 1 1 1 1 1 0 1 1 0 1 0 0 0 0
230	21	0 1 1 1 0 1 1 0 0 0 0 1 0 0 0 0
230	39	1 0 1 1 0 1 0 0 1 0 0 0 0 0 0 0
230	9	1 1 1 0 0 1 0 0 0 0 0 0 0 0 0 1
230	8	1 1 0 0 1 1 1 0 1 1 0 1 0 0 0 1
230	2	0 0 1 0 0 0 0 0 1 0 0 1 0 0 0 0
230	14	1 1 1 0 0 1 0 0 0 0 0 1 0 0 0 1
230	7	1 0 1 1 0 1 0 1 0 0 0 1 0 0 0 0
230	2	1 0 1 0 0 1 0 0 1 1 1 1 0 0 0 0
230	1	1 1 1 1 0 1 1 0 1 1 0 1 0 0 0 0
230	3	1 1 1 1 0 0 0 0 0 0 0 0 0 0 0 0
230	2	1 0 1 1 0 1 0 0 0 0 0 1 1 0 0 0
230	2	1 1 1 0 0 0 0 0 0 0 0 0 0 0 0 0
230	6	0 1 1 0 0 1 0 0 1 1 0 0 0 0 0 0
230	12	1 1 1 0 1 1 1 0 1 1 0 1 0 0 0 0
230	5	1 1 1 1 1 1 0 0 1 0 0 0 0 0 0 0
230	4	1 0 1 1 0 0 0 0 1 0 0 0 0 0 0 0
230	1	1 1 0 0 1 1 1 1 1 1 0 1 0 0 0 1
230	9	1 1 1 0 0 1 0 0 1 0 0 1 0 0 0 0
230	5	1 0 1 0 0 0 0 0 0 1 1 0 0 0 0 0
230	3	0 0 1 0 1 1 0 0 0 0 0 1 0 0 1 0
230	17	1 0 1 1 0 1 0 0 0 1 0 0 0 0 0 0
230	8	1 1 1 1 0 1 0 0 0 1 0 0 0 0 0 0
230	2	0 1 1 0 0 1 1 0 0 0 1 0 0 0 0 0
230	3	1 1 0 0 0 1 1 0 1 1 0 1 0 0 0 1
230	3	0 1 1 0 0 0 1 0 1 0 0 1 0 0 0 0
230	3	0 0 1 1 0 0 0 0 0 0 0 0 0 0 0 0
230	2	0 1 1 0 0 0 1 0 0 1 1 0 0 0 0 0
230	2	0 1 1 0 1 1 0 0 1 1 1 1 0 0 0 1
230	7	1 1 0 1 0 1 0 0 0 0 0 1 0 0 0 0
230	2	1 0 1 1 0 1 0 0 0 0 0 1 0 0 0 1
230	4	0 1 1 1 1 1 0 0 1 1 0 1 0 0 0 0
230	5	1 1 1 1 0 0 1 0 0 0 1 1 0 0 0 0
230	9	0 1 1 0 0 1 0 0 0 1 0 0 0 0 0 0
230	1	0 0 1 1 0 1 0 0 0 0 0 1 0 0 0 1
230	1	0 0 1 1 0 1 0 0 0 1 0 1 0 0 0 0
230	1	1 0 0 1 0 1 0 0 0 0 0 0 0 0 0 0
230	6	1 1 1 1 0 1 0 0 0 1 0 1 0 0 0 0
230	2	1 0 0 1 0 1 0 0 0 0 0 1 0 0 0 1
230	5	1 0 0 1 0 1 0 1 0 0 0 1 0 0 1 0
230	5	1 1 1 1 1 1 0 0 1 0 0 1 0 0 0 0
230	2	1 1 0 1 0 1 1 0 1 1 0 0 0 0 0 1
230	2	1 1 1 0 0 1 0 0 0 0 0 0 1 0 0 0
230	3	1 1 1 0 0 1 0 0 1 0 0 0 0 0 0 0
230	2	0 0 1 0 1 1 0 0 1 0 0 0 0 0 0 0
230	3	1 1 0 1 0 1 1 0 1 1 0 1 0 0 0 1
230	1	1 1 0 0 0 1 0 0 0 1 0 1 0 0 0 0
230	3	0 1 1 0 0 1 0 1 0 0 0 1 0 0 0 0
230	3	0 1 1 1 0 1 0 0 0 0 0 1 0 0 0 0
230	1	0 1 1 0 0 0 0 0 1 1 0 1 0 1 0 0
230	1	1 1 1 1 0 1 0 0 1 0 0 0 0 0 0 0
230	1	0 1 1 0 0 1 1 0 1 1 0 1 0 0 0 0
230	1	0 0 1 0 1 1 0 0 0 0 0 1 1 0 0 1
230	3	0 0 1 0 1 0 0 0 0 0 0 1 1 0 0 0
230	1	1 0 1 1 0 1 1 1 0 0 0 1 0 0 0 0
230	1	1 1 1 1 0 0 0 0 0 1 0 1 0 0 0 0
240	17	1 0 1 0 0 1 0 0 0 0 0 1 0 0 0 0
240	25	0 1 1 0 0 1 0 0 0 0 0 1 0 0 0 0
240	102	1 1 1 0 0 1 0 0 0 0 0 1 0 0 0 0
240	26	0 1 1 0 0 0 0 0 1 1 0 1 0 0 0 0
240	19	1 0 1 1 0 1 0 0 0 0 0 0 0 0 0 0
240	113	1 1 1 1 0 1 0 0 0 0 0 0 0 0 0 0
240	10	0 1 1 0 0 0 0 0 0 0 0 1 0 0 0 0
240	29	1 0 1 0 0 1 0 0 0 0 0 0 0 0 0 0
240	17	1 1 1 0 0 1 0 0 1 1 1 1 0 0 0 0
240	7	0 0 1 1 0 1 0 0 0 0 0 0 0 0 0 0
240	14	1 1 1 1 0 1 0 0 0 0 0 1 0 0 0 0
240	3	1 0 1 1 0 1 0 0 0 0 0 1 0 0 0 0
240	2	0 1 1 0 1 1 1 0 1 1 0 1 0 0 0 0
240	28	0 0 1 0 1 1 0 0 0 0 0 1 1 0 0 0
240	5	1 0 1 1 0 0 0 0 0 0 0 1 0 0 0 0
240	61	1 1 0 1 0 1 1 0 1 1 0 1 0 0 0 0
240	8	1 0 1 1 0 1 0 0 0 1 0 1 0 0 0 0
240	27	1 1 1 0 0 1 0 0 0 0 0 0 0 0 0 0
240	2	1 1 1 1 0 1 0 0 0 0 0 1 0 0 0 1
240	6	0 1 1 1 0 1 0 0 0 0 0 0 0 0 0 1
240	2	0 0 1 0 1 1 0 0 0 1 0 1 0 1 0 0
240	5	1 1 1 0 0 1 0 0 1 1 1 1 0 0 0 1
240	9	0 1 1 0 0 0 0 0 0 1 1 0 0 0 0 0
240	4	0 1 1 0 0 1 1 0 0 0 1 1 0 0 0 0
240	7	0 1 1 0 0 1 0 0 1 0 0 1 0 0 0 0
240	3	0 0 1 1 0 1 0 0 0 0 0 0 0 1 0 0
240	9	1 1 1 1 0 1 1 0 0 0 1 1 0 0 0 0
240	37	1 1 1 1 1 1 0 0 0 0 0 0 0 0 0 0
240	4	0 0 1 1 0 1 0 0 0 0 0 1 0 0 0 0
240	12	1 0 0 1 0 1 0 0 0 1 0 1 1 0 0 0
240	16	1 1 1 1 0 1 0 0 0 0 0 0 0 0 0 1
240	7	1 1 1 0 0 0 1 0 0 1 0 1 0 0 0 0
240	4	1 0 1 1 1 1 1 0 1 1 0 1 0 0 0 0
240	18	0 1 1 1 0 1 1 0 0 0 0 1 0 0 0 0
240	18	1 0 1 1 0 1 0 0 1 0 0 0 0 0 0 0
240	8	1 1 1 0 0 1 0 0 0 0 0 0 0 0 0 1
240	1	1 1 0 0 1 1 1 0 1 1 0 1 0 0 0 1
240	9	0 0 1 0 0 0 0 0 1 0 0 1 0 0 0 0
240	2	1 1 1 0 0 1 0 0 0 0 0 1 0 0 0 1
240	2	1 0 1 1 0 1 0 1 0 0 0 1 0 0 0 0
240	12	1 0 1 0 0 1 0 0 1 1 1 1 0 0 0 0
240	13	1 1 1 0 0 0 0 0 0 0 0 0 0 0 0 0
240	15	0 1 1 0 0 1 0 0 1 1 0 0 0 0 0 0
240	5	1 1 1 0 1 1 1 0 1 1 0 1 0 0 0 0
240	8	1 1 1 0 0 1 0 0 1 0 0 1 0 0 0 0
240	21	1 0 1 0 0 0 0 0 0 1 1 0 0 0 0 0
240	9	0 0 1 0 1 1 0 0 0 0 0 1 0 0 1 0
240	2	1 0 1 1 0 1 0 0 0 1 0 0 0 0 0 0
240	12	1 1 1 1 0 1 0 0 0 1 0 0 0 0 0 0
240	1	0 1 1 0 1 1 0 0 1 1 1 1 0 0 0 1
240	8	1 0 1 1 0 1 0 0 0 0 0 1 0 0 0 1
240	14	0 1 1 0 0 1 0 0 0 1 0 0 0 0 0 0
240	2	1 0 0 1 0 1 0 0 0 0 0 0 0 0 0 0
240	4	1 1 1 0 0 1 0 0 0 0 0 0 1 0 0 0
240	5	1 1 1 0 0 1 0 0 1 0 0 0 0 0 0 0
240	9	0 1 1 0 0 1 0 1 0 0 0 1 0 0 0 0
240	6	0 0 1 0 1 0 0 0 0 0 0 1 1 0 0 0
240	9	0 1 1 0 0 0 1 0 1 0 0 0 0 0 0 0
240	4	1 0 1 0 0 1 0 0 0 0 0 0 0 0 1 0
240	14	1 0 1 1 0 0 0 0 0 0 1 1 0 0 0 0
240	5	1 1 1 1 1 1 0 0 0 0 0 1 0 0 0 0
240	8	0 0 1 0 1 1 0 0 0 0 0 1 0 0 0 0
240	7	1 1 1 0 0 1 0 0 1 1 0 1 0 0 0 1
240	3	0 1 1 1 0 1 0 0 0 0 0 0 0 0 0 0
240	2	0 1 1 1 0 1 1 1 0 0 0 1 0 0 0 0
240	1	1 0 1 0 0 1 0 0 0 1 1 1 0 0 0 0
240	2	0 1 1 1 0 1 1 0 1 1 0 1 0 0 0 0
240	2	0 0 1 0 1 1 1 0 0 0 0 1 1 0 0 0
240	2	0 0 1 0 0 1 0 0 1 1 0 1 0 0 0 0
240	1	0 0 1 0 1 1 0 0 1 1 1 1 0 0 0 1
240	7	1 1 1 0 1 1 0 0 0 0 0 1 0 0 0 0
240	1	1 1 1 1 0 1 0 0 0 0 0 0 1 0 0 0
240	1	0 1 1 0 0 1 0 0 1 1 1 1 0 0 0 0
240	1	0 1 1 0 0 1 0 0 0 1 0 0 0 0 0 1
240	1	1 0 1 0 1 1 0 0 0 0 0 1 0 0 1 0
240	5	0 1 1 0 0 0 0 0 0 0 0 1 1 0 0 0
240	4	0 0 1 1 0 1 0 0 0 1 0 1 0 0 0 0
240	4	1 1 1 0 0 1 0 0 0 0 0 1 1 0 0 0
240	3	1 1 1 1 0 1 1 0 1 1 0 1 0 0 0 0
240	8	1 1 1 1 0 1 0 0 0 0 0 0 0 1 0 0
240	6	1 0 1 0 0 1 0 1 0 0 0 0 0 0 0 0
240	6	0 0 1 0 0 0 0 0 1 1 0 1 0 0 0 0
240	1	0 0 1 0 1 1 0 0 0 1 0 0 0 1 0 0
240	4	0 0 1 0 1 1 0 0 0 0 0 0 0 0 0 0
240	7	0 0 1 0 0 1 0 0 0 0 0 1 0 0 0 0
240	1	1 1 0 1 0 1 1 0 1 1 0 1 0 0 0 1
240	1	1 1 0 1 0 1 0 0 0 0 0 0 0 0 0 1
240	3	0 1 1 1 1 1 1 0 0 0 0 1 0 0 0 0
240	1	0 1 1 1 0 1 0 0 0 0 0 1 1 0 0 0
240	1	0 1 1 0 1 1 1 0 1 1 0 0 0 0 0 0
240	2	1 1 1 1 0 1 1 0 0 0 0 0 0 0 0 0
240	1	1 0 0 1 0 1 0 0 0 1 1 0 0 0 0 0
240	1	1 0 1 1 0 1 1 0 1 1 0 1 0 0 0 1
240	5	0 0 1 0 1 1 0 0 0 1 0 1 1 0 0 0
240	2	1 1 0 1 0 1 1 0 0 1 0 1 0 0 0 0
240	1	1 1 1 0 0 1 0 0 0 0 1 0 0 0 0 0
240	1	0 1 1 0 0 0 0 0 0 1 1 0 0 1 0 0
240	2	1 1 1 1 1 1 0 0 0 0 0 0 1 0 0 0
240	1	0 1 1 0 0 0 1 0 1 0 0 0 0 0 1 0
240	3	1 1 1 1 0 1 0 0 0 0 0 1 1 0 0 0
240	1	1 0 1 0 1 1 0 0 0 0 0 0 0 0 0 0
240	1	1 1 1 0 0 0 0 0 0 0 0 1 0 0 0 0
240	1	0 1 1 0 0 0 0 0 0 1 0 1 0 0 0 0
240	1	1 1 1 0 0 1 0 0 0 1 0 0 0 0 0 1
240	1	0 0 1 0 0 0 0 0 1 0 0 0 0 0 0 0
240	3	1 1 1 1 0 1 0 1 0 1 0 0 0 0 0 0
240	3	1 1 0 1 0 1 1 0 0 1 0 1 0 1 0 0
250	13	1 0 1 0 0 1 0 0 0 0 0 1 0 0 0 0
250	27	0 1 1 0 0 1 0 0 0 0 0 1 0 0 0 0
250	129	1 1 1 0 0 1 0 0 0 0 0 1 0 0 0 0
250	21	0 1 1 0 0 0 0 0 1 1 0 1 0 0 0 0
250	38	1 0 1 1 0 1 0 0 0 0 0 0 0 0 0 0
250	93	1 1 1 1 0 1 0 0 0 0 0 0 0 0 0 0
250	12	0 1 1 0 0 0 0 0 0 0 0 1 0 0 0 0
250	16	1 0 1 0 0 1 0 0 0 0 0 0 0 0 0 0
250	3	1 1 1 0 0 1 0 0 1 1 1 1 0 0 0 0
250	13	0 0 1 1 0 1 0 0 0 0 0 0 0 0 0 0
250	5	1 1 1 1 0 1 0 0 0 0 0 1 0 0 0 0
250	6	0 1 1 0 1 1 1 0 1 1 0 1 0 0 0 0
250	3	0 0 1 0 1 1 0 0 0 0 0 1 1 0 0 0
250	13	1 0 1 1 0 0 0 0 0 0 0 1 0 0 0 0
250	48	1 1 0 1 0 1 1 0 1 1 0 1 0 0 0 0
250	3	1 0 1 1 0 1 0 0 0 1 0 1 0 0 0 0
250	56	1 1 1 0 0 1 0 0 0 0 0 0 0 0 0 0
250	6	1 1 1 1 0 1 0 0 0 0 0 1 0 0 0 1
250	5	0 1 1 1 0 1 0 0 0 0 0 0 0 0 0 1
250	2	0 0 1 0 1 1 0 0 0 1 0 1 0 1 0 0
250	10	1 1 1 0 0 1 0 0 1 1 1 1 0 0 0 1
250	1	0 0 1 1 0 1 0 0 0 0 0 0 0 1 0 0
250	10	1 1 1 1 0 1 1 0 0 0 1 1 0 0 0 0
250	36	1 1 1 1 1 1 0 0 0 0 0 0 0 0 0 0
250	4	0 0 1 1 0 1 0 0 0 0 0 1 0 0 0 0
250	22	1 1 1 1 0 1 0 0 0 0 0 0 0 0 0 1
250	4	1 1 1 0 0 0 1 0 0 1 0 1 0 0 0 0
250	1	1 0 1 1 1 1 1 0 1 1 0 1 0 0 0 0
250	30	0 1 1 1 0 1 1 0 0 0 0 1 0 0 0 0
250	12	1 0 1 1 0 1 0 0 1 0 0 0 0 0 0 0
250	8	1 0 1 0 0 1 0 0 1 1 1 1 0 0 0 0
250	47	1 1 1 0 0 0 0 0 0 0 0 0 0 0 0 0
250	3	0 1 1 0 0 1 0 0 1 1 0 0 0 0 0 0
250	1	1 1 1 0 1 1 1 0 1 1 0 1 0 0 0 0
250	1	1 1 1 0 0 1 0 0 1 0 0 1 0 0 0 0
250	4	1 0 1 0 0 0 0 0 0 1 1 0 0 0 0 0
250	2	0 0 1 0 1 1 0 0 0 0 0 1 0 0 1 0
250	17	1 1 1 1 0 1 0 0 0 1 0 0 0 0 0 0
250	3	0 1 1 0 1 1 0 0 1 1 1 1 0 0 0 1
250	1	1 0 0 1 0 1 0 0 0 0 0 0 0 0 0 0
250	7	1 1 1 0 0 1 0 0 0 0 0 0 1 0 0 0
250	1	1 1 1 0 0 1 0 0 1 0 0 0 0 0 0 0
250	6	0 1 1 0 0 0 1 0 1 0 0 0 0 0 0 0
250	13	0 0 1 0 1 1 0 0 0 0 0 1 0 0 0 0
250	1	1 1 1 0 0 1 0 0 1 1 0 1 0 0 0 1
250	4	0 0 1 0 0 1 0 0 1 1 0 1 0 0 0 0
250	3	1 1 1 1 0 1 0 0 0 0 0 0 1 0 0 0
250	13	0 0 1 1 0 1 0 0 0 1 0 1 0 0 0 0
250	5	1 1 1 0 0 1 0 0 0 0 0 1 1 0 0 0
250	12	1 1 1 1 0 1 1 0 1 1 0 1 0 0 0 0
250	12	0 0 1 0 1 1 0 0 0 0 0 0 0 0 0 0
250	2	1 1 1 1 0 1 1 0 0 0 0 0 0 0 0 0
250	2	1 1 0 1 0 1 1 0 0 1 0 1 0 0 0 0
250	5	0 1 1 0 0 0 1 0 1 0 0 0 0 0 1 0
250	19	1 0 0 0 0 1 0 0 0 0 0 0 0 0 0 0
250	7	1 0 1 1 1 1 1 1 1 1 0 1 0 0 0 0
250	8	1 0 1 0 0 0 0 0 0 0 1 0 0 0 0 0
250	4	1 1 1 1 1 1 0 0 0 0 0 1 0 1 0 0
250	6	1 1 1 0 0 1 0 1 0 0 0 1 0 0 0 0
250	6	1 1 1 1 0 1 0 0 0 1 0 1 0 0 0 0
250	7	1 0 1 1 0 1 0 0 0 0 0 0 1 0 0 0
250	9	1 1 1 0 0 1 0 0 1 1 1 1 0 1 0 0
250	16	0 1 1 0 0 1 0 0 1 1 1 0 0 0 0 0
250	14	1 1 1 0 0 1 0 0 0 0 1 0 0 0 0 0
250	8	0 1 1 0 0 0 0 0 0 0 0 0 0 0 0 0
250	2	1 1 1 0 0 1 0 1 0 0 0 0 0 0 0 0
250	7	0 1 1 0 0 0 0 0 1 1 0 0 0 1 0 0
250	4	1 1 1 0 0 1 0 0 1 1 0 1 0 0 0 0
250	12	0 1 1 1 0 0 0 0 1 1 0 1 0 0 0 0
250	2	1 0 1 1 1 0 0 0 0 0 1 0 0 0 0 0
250	1	1 1 1 1 1 1 0 0 1 0 0 0 0 0 0 0
250	3	0 1 1 0 0 0 0 0 0 0 0 1 1 0 0 0
250	4	1 1 0 1 0 1 1 0 1 1 1 1 0 0 0 0
250	1	0 1 1 1 0 1 1 0 0 0 0 1 0 0 0 1
250	2	1 0 1 1 0 1 1 0 1 0 0 0 0 0 0 0
250	1	0 1 1 1 0 1 1 0 1 1 0 0 0 0 0 0
250	2	0 0 1 0 0 0 1 0 1 0 0 0 0 0 1 0
250	3	1 1 1 0 0 1 0 1 0 0 0 0 1 0 0 0
250	1	1 1 0 1 0 1 1 1 1 1 0 1 0 0 0 0
250	2	1 1 1 1 0 0 0 0 0 0 0 0 0 0 0 0
250	1	1 1 1 1 0 1 1 0 0 0 0 1 0 0 0 0
250	2	0 0 1 0 1 1 0 0 0 0 0 1 1 0 1 0
250	1	1 1 0 1 0 1 1 0 1 1 0 0 0 0 0 0
250	2	1 0 0 1 1 1 0 0 0 1 0 1 1 0 0 0
250	1	1 1 1 0 0 0 0 0 0 0 1 0 0 0 0 0
250	2	0 1 1 0 0 0 0 0 1 1 0 0 0 0 0 0
250	3	1 1 1 1 0 1 1 0 0 1 0 0 0 0 0 0
250	6	1 0 0 1 0 1 0 0 0 0 0 0 0 0 0 1
250	2	0 0 1 0 1 1 0 0 0 0 0 1 0 0 0 1
250	1	1 1 0 1 0 1 1 1 1 1 0 1 0 0 1 0
250	1	1 1 1 0 0 0 0 0 0 0 0 1 0 0 0 0
250	1	0 1 1 0 0 1 0 0 0 0 0 1 0 1 0 0
250	1	0 1 1 0 1 0 0 0 1 1 0 1 0 0 0 0
250	2	1 1 1 1 1 1 0 0 0 0 0 1 0 0 0 0
250	1	1 0 1 1 0 0 0 0 0 1 0 1 0 0 0 0
250	2	1 1 0 1 0 1 1 0 1 1 0 1 0 1 0 0
250	1	0 0 1 1 0 1 0 0 0 0 0 1 1 0 0 0
250	1	1 1 1 0 0 0 1 0 0 1 1 1 0 0 0 0
250	1	0 1 1 1 0 1 1 0 0 0 0 1 0 1 0 0
250	1	0 1 1 0 1 0 0 0 1 1 1 1 0 0 0 1
250	1	0 1 1 0 0 0 0 0 1 1 1 0 0 0 0 0
260	3	1 0 1 0 0 1 0 0 0 0 0 1 0 0 0 0
260	10	0 1 1 0 0 1 0 0 0 0 0 1 0 0 0 0
260	113	1 1 1 0 0 1 0 0 0 0 0 1 0 0 0 0
260	10	0 1 1 0 0 0 0 0 1 1 0 1 0 0 0 0
260	20	1 0 1 1 0 1 0 0 0 0 0 0 0 0 0 0
260	111	1 1 1 1 0 1 0 0 0 0 0 0 0 0 0 0
260	29	0 1 1 0 0 0 0 0 0 0 0 1 0 0 0 0
260	5	1 0 1 0 0 1 0 0 0 0 0 0 0 0 0 0
260	4	1 1 1 1 0 1 0 0 0 0 0 1 0 0 0 0
260	3	1 0 1 1 0 0 0 0 0 0 0 1 0 0 0 0
260	88	1 1 0 1 0 1 1 0 1 1 0 1 0 0 0 0
260	1	1 0 1 1 0 1 0 0 0 1 0 1 0 0 0 0
260	70	1 1 1 0 0 1 0 0 0 0 0 0 0 0 0 0
260	12	1 1 1 1 0 1 0 0 0 0 0 1 0 0 0 1
260	5	0 1 1 1 0 1 0 0 0 0 0 0 0 0 0 1
260	1	1 1 1 1 0 1 1 0 0 0 1 1 0 0 0 0
260	67	1 1 1 1 1 1 0 0 0 0 0 0 0 0 0 0
260	5	0 0 1 1 0 1 0 0 0 0 0 1 0 0 0 0
260	26	1 1 1 1 0 1 0 0 0 0 0 0 0 0 0 1
260	1	1 1 1 0 0 0 1 0 0 1 0 1 0 0 0 0
260	13	0 1 1 1 0 1 1 0 0 0 0 1 0 0 0 0
260	21	1 0 1 1 0 1 0 0 1 0 0 0 0 0 0 0
260	8	1 0 1 0 0 1 0 0 1 1 1 1 0 0 0 0
260	13	1 1 1 0 0 0 0 0 0 0 0 0 0 0 0 0
260	6	0 1 1 0 0 1 0 0 1 1 0 0 0 0 0 0
260	1	1 1 1 1 0 1 0 0 0 1 0 0 0 0 0 0
260	4	0 1 1 0 1 1 0 0 1 1 1 1 0 0 0 1
260	3	0 1 1 0 0 0 1 0 1 0 0 0 0 0 0 0
260	1	0 0 1 0 0 1 0 0 1 1 0 1 0 0 0 0
260	2	1 1 1 1 0 1 0 0 0 0 0 0 1 0 0 0
260	2	0 0 1 1 0 1 0 0 0 1 0 1 0 0 0 0
260	5	1 1 1 0 0 1 0 0 0 0 0 1 1 0 0 0
260	35	1 1 1 1 0 1 1 0 1 1 0 1 0 0 0 0
260	2	0 0 1 0 1 1 0 0 0 0 0 0 0 0 0 0
260	8	1 1 1 1 0 1 1 0 0 0 0 0 0 0 0 0
260	23	1 0 0 0 0 1 0 0 0 0 0 0 0 0 0 0
260	2	1 0 1 1 1 1 1 1 1 1 0 1 0 0 0 0
260	32	1 0 1 0 0 0 0 0 0 0 1 0 0 0 0 0
260	1	1 1 1 1 1 1 0 0 0 0 0 1 0 1 0 0
260	2	1 1 1 0 0 1 0 1 0 0 0 1 0 0 0 0
260	7	1 1 1 1 0 1 0 0 0 1 0 1 0 0 0 0
260	19	1 0 1 1 0 1 0 0 0 0 0 0 1 0 0 0
260	2	1 1 1 0 0 1 0 0 1 1 1 1 0 1 0 0
260	3	0 1 1 0 0 1 0 0 1 1 1 0 0 0 0 0
260	2	1 1 1 0 0 1 0 0 0 0 1 0 0 0 0 0
260	4	0 1 1 0 0 0 0 0 0 0 0 0 0 0 0 0
260	3	1 1 1 0 0 1 0 0 1 1 0 1 0 0 0 0
260	3	0 1 1 1 0 1 1 0 0 0 0 1 0 0 0 1
260	9	1 1 0 1 0 1 1 1 1 1 0 1 0 0 0 0
260	3	1 1 1 1 0 1 1 0 0 0 0 1 0 0 0 0
260	7	1 0 0 1 1 1 0 0 0 1 0 1 1 0 0 0
260	3	0 1 1 0 0 0 0 0 1 1 0 0 0 0 0 0
260	2	1 1 1 1 0 1 1 0 0 1 0 0 0 0 0 0
260	5	1 0 0 1 0 1 0 0 0 0 0 0 0 0 0 1
260	2	1 0 1 1 0 0 0 0 0 1 0 1 0 0 0 0
260	4	1 1 1 0 0 1 0 0 0 0 0 0 0 0 0 1
260	30	1 1 1 0 1 1 0 0 0 0 0 1 0 0 0 0
260	7	1 0 1 1 0 1 0 0 0 0 0 1 0 0 0 0
260	6	1 1 0 1 0 1 0 0 1 1 0 1 0 0 0 0
260	6	1 1 1 0 0 1 1 0 0 0 0 0 0 0 0 0
260	2	1 1 1 0 0 1 1 0 0 0 0 1 0 0 0 0
260	7	1 1 1 0 0 0 0 0 0 0 0 1 0 0 0 0
260	2	1 1 0 1 0 1 1 0 0 1 0 1 0 0 0 0
260	1	1 1 1 1 0 1 0 0 0 0 0 1 0 1 0 1
260	7	1 0 1 0 0 1 1 0 0 0 0 0 0 0 0 0
260	6	1 1 1 0 1 1 0 0 1 1 1 0 0 0 0 0
260	2	1 0 1 0 0 1 0 0 0 0 1 1 0 0 0 0
260	5	1 1 1 0 0 1 0 0 0 0 0 1 0 1 0 0
260	2	1 1 0 0 0 1 0 0 0 0 0 1 0 0 0 0
260	1	0 0 1 0 1 1 0 0 1 0 0 1 1 0 0 0
260	2	0 1 1 1 1 1 0 0 0 0 0 0 0 0 0 0
260	1	1 1 1 0 0 0 0 0 0 0 0 0 0 0 1 0
260	10	1 1 0 0 0 1 0 0 0 0 0 0 1 0 0 0
260	7	0 0 0 0 0 1 0 0 0 0 0 0 0 0 0 0
260	7	1 0 0 1 1 1 1 1 1 1 0 1 0 0 0 0
260	5	0 1 1 1 0 1 0 0 0 0 0 1 0 0 0 0
260	4	1 1 1 1 0 1 0 0 0 1 0 1 0 0 0 1
260	1	0 1 1 0 0 1 1 0 1 1 0 0 0 0 0 0
260	2	0 0 1 1 0 1 0 0 0 1 0 1 0 0 0 1
260	1	1 0 1 1 0 1 0 1 0 0 0 0 1 0 0 0
260	1	0 1 1 1 0 1 0 0 0 0 1 1 0 0 0 0
260	2	0 0 1 1 0 1 1 0 0 0 0 1 0 0 0 0
260	1	1 0 1 0 0 0 0 0 0 1 1 0 0 0 0 0
260	3	1 0 1 0 0 1 0 0 1 1 0 0 0 0 0 0
260	1	1 1 1 0 0 1 0 0 0 0 0 1 0 0 1 0
260	3	1 1 1 1 0 1 1 0 0 0 0 0 1 0 0 0
260	4	0 0 1 1 1 1 0 0 0 1 0 1 0 0 0 0
260	4	0 1 1 0 0 1 0 0 1 1 1 1 0 0 0 0
260	1	1 1 1 1 0 1 0 0 0 0 1 1 0 0 0 1
260	1	1 0 1 1 1 1 0 0 0 1 0 1 1 0 0 0
260	2	0 1 1 0 0 1 0 0 0 0 0 0 0 0 0 0
260	1	1 1 1 1 1 1 0 0 0 0 0 1 0 0 0 0
260	1	1 1 1 1 0 1 0 0 0 0 1 0 0 0 0 0
260	1	1 1 1 0 0 1 0 0 1 0 0 0 0 0 0 0
260	3	1 1 1 0 0 1 0 0 0 0 0 1 0 1 0 1
260	1	1 1 0 0 0 1 0 0 0 0 0 1 0 1 0 0
270	18	1 0 1 0 0 1 0 0 0 0 0 1 0 0 0 0
270	17	0 1 1 0 0 1 0 0 0 0 0 1 0 0 0 0
270	90	1 1 1 0 0 1 0 0 0 0 0 1 0 0 0 0
270	1	0 1 1 0 0 0 0 0 1 1 0 1 0 0 0 0
270	13	1 0 1 1 0 1 0 0 0 0 0 0 0 0 0 0
270	84	1 1 1 1 0 1 0 0 0 0 0 0 0 0 0 0
270	43	0 1 1 0 0 0 0 0 0 0 0 1 0 0 0 0
270	53	1 1 0 1 0 1 1 0 1 1 0 1 0 0 0 0
270	8	1 0 1 1 0 1 0 0 0 1 0 1 0 0 0 0
270	22	1 1 1 0 0 1 0 0 0 0 0 0 0 0 0 0
270	16	1 1 1 1 0 1 0 0 0 0 0 1 0 0 0 1
270	103	1 1 1 1 1 1 0 0 0 0 0 0 0 0 0 0
270	5	0 0 1 1 0 1 0 0 0 0 0 1 0 0 0 0
270	30	1 1 1 1 0 1 0 0 0 0 0 0 0 0 0 1
270	17	0 1 1 1 0 1 1 0 0 0 0 1 0 0 0 0
270	15	1 0 1 1 0 1 0 0 1 0 0 0 0 0 0 0
270	19	1 0 1 0 0 1 0 0 1 1 1 1 0 0 0 0
270	23	1 1 1 0 0 0 0 0 0 0 0 0 0 0 0 0
270	1	0 1 1 0 0 1 0 0 1 1 0 0 0 0 0 0
270	1	1 1 1 1 0 1 0 0 0 1 0 0 0 0 0 0
270	1	0 1 1 0 1 1 0 0 1 1 1 1 0 0 0 1
270	4	0 0 1 0 0 1 0 0 1 1 0 1 0 0 0 0
270	25	1 1 1 1 0 1 1 0 1 1 0 1 0 0 0 0
270	8	1 1 1 1 0 1 1 0 0 0 0 0 0 0 0 0
270	22	1 0 0 0 0 1 0 0 0 0 0 0 0 0 0 0
270	10	1 0 1 0 0 0 0 0 0 0 1 0 0 0 0 0
270	25	1 1 1 1 0 1 0 0 0 1 0 1 0 0 0 0
270	7	1 0 1 1 0 1 0 0 0 0 0 0 1 0 0 0
270	1	1 1 1 0 0 1 0 0 0 0 1 0 0 0 0 0
270	10	1 1 1 0 0 1 0 0 1 1 0 1 0 0 0 0
270	6	1 1 0 1 0 1 1 1 1 1 0 1 0 0 0 0
270	4	1 0 0 1 1 1 0 0 0 1 0 1 1 0 0 0
270	2	1 0 0 1 0 1 0 0 0 0 0 0 0 0 0 1
270	8	1 1 1 0 0 1 0 0 0 0 0 0 0 0 0 1
270	29	1 1 1 0 1 1 0 0 0 0 0 1 0 0 0 0
270	10	1 0 1 1 0 1 0 0 0 0 0 1 0 0 0 0
270	3	1 1 0 1 0 1 0 0 1 1 0 1 0 0 0 0
270	21	1 1 1 0 1 1 0 0 1 1 1 0 0 0 0 0
270	18	1 1 0 0 0 1 0 0 0 0 0 0 1 0 0 0
270	1	1 0 0 1 1 1 1 1 1 1 0 1 0 0 0 0
270	2	0 1 1 1 0 1 0 0 0 0 0 1 0 0 0 0
270	6	1 1 1 1 0 1 0 0 0 1 0 1 0 0 0 1
270	2	0 1 1 0 0 1 1 0 1 1 0 0 0 0 0 0
270	11	0 0 1 1 0 1 1 0 0 0 0 1 0 0 0 0
270	4	1 0 1 0 0 1 0 0 1 1 0 0 0 0 0 0
270	6	0 0 1 1 1 1 0 0 0 1 0 1 0 0 0 0
270	5	0 1 1 0 0 1 0 0 0 0 0 0 0 0 0 0
270	5	1 1 1 1 0 1 0 0 0 0 1 0 0 0 0 0
270	3	1 1 1 0 1 1 0 0 0 0 0 0 0 0 0 0
270	2	1 1 0 1 0 1 0 0 0 0 0 0 0 0 0 0
270	7	1 1 0 1 0 1 1 0 1 1 0 0 0 0 0 0
270	8	1 1 0 0 0 1 1 0 1 1 0 1 0 0 0 0
270	3	1 1 1 1 1 1 0 0 1 0 0 0 0 0 0 0
270	2	1 1 1 1 1 1 0 0 0 0 0 0 1 0 0 0
270	2	1 1 1 1 0 1 1 0 1 1 0 1 0 0 0 1
270	2	1 1 0 1 0 1 0 0 1 1 1 1 0 0 0 0
270	4	1 1 1 1 0 1 0 0 1 1 1 0 0 0 0 0
270	4	1 0 1 1 0 1 0 0 0 0 0 1 0 1 0 0
270	1	1 1 1 0 0 1 0 0 0 0 1 1 0 0 0 0
270	2	1 1 0 1 0 1 1 0 1 1 1 1 0 0 0 0
270	2	1 1 1 0 0 1 0 0 0 0 0 0 0 1 0 1
270	2	1 1 1 0 1 1 0 0 0 0 1 0 0 0 0 0
270	1	1 1 0 1 0 1 1 0 1 0 0 0 0 1 0 1
270	8	1 1 0 0 0 1 0 0 0 0 0 1 0 0 0 0
270	8	0 1 1 0 0 1 0 0 0 0 0 1 0 1 0 0
270	8	1 1 1 1 0 1 0 0 0 0 1 0 0 0 0 1
270	1	1 1 1 0 1 1 0 0 0 0 0 1 0 1 0 0
270	5	1 1 1 0 0 1 0 1 0 0 0 1 0 1 0 0
270	5	1 1 1 1 0 1 0 0 0 0 0 1 0 0 0 0
270	1	0 0 1 1 0 1 1 0 1 1 0 1 0 0 0 0
270	2	1 0 1 1 0 1 0 0 0 1 0 0 0 0 0 0
270	7	1 1 1 1 0 1 0 0 0 1 0 1 0 0 1 0
270	10	1 1 1 0 1 1 0 0 0 0 1 1 0 0 0 0
270	5	1 1 0 0 1 1 0 0 0 0 0 0 1 0 0 0
270	5	1 1 1 0 1 1 0 0 1 1 0 1 0 0 0 0
270	4	1 0 0 1 1 1 0 0 0 1 0 1 1 0 1 0
270	6	1 1 0 0 0 1 0 0 0 0 1 0 1 0 0 0
270	2	1 1 1 1 1 1 0 0 0 0 0 1 0 0 0 0
270	1	0 1 1 1 0 1 1 0 1 1 0 1 0 0 0 0
270	2	1 1 1 1 0 1 1 0 0 1 0 1 0 0 0 0
270	1	1 0 1 1 0 1 1 0 0 1 0 1 0 0 0 0
270	2	1 1 1 1 1 1 0 0 0 0 0 0 0 0 0 1
270	1	1 1 1 1 1 1 0 1 0 0 0 0 0 0 0 0
270	2	0 0 1 1 0 1 0 0 0 0 0 1 0 0 1 0
270	3	0 0 1 1 1 1 0 0 0 1 0 0 0 0 0 0
270	2	1 0 1 0 0 1 0 0 1 0 0 1 0 0 0 0
270	1	1 1 1 1 1 1 0 0 1 0 0 1 0 0 0 0
270	6	1 1 0 1 1 1 0 0 0 0 0 0 0 0 0 0
270	5	1 0 1 1 0 0 0 0 1 0 0 0 0 0 0 0
270	1	1 1 1 1 0 1 0 0 1 1 0 1 0 0 0 0
270	1	1 1 1 0 0 1 0 0 0 1 0 1 0 0 0 0
270	2	1 1 1 1 0 1 0 0 0 0 0 1 0 0 1 0
270	1	1 1 1 1 0 1 0 0 0 0 0 0 0 0 1 0
270	3	1 1 0 1 0 1 1 0 1 1 0 1 1 0 0 0
270	3	1 1 1 1 0 1 1 0 1 0 0 1 0 0 0 0
270	1	0 0 0 1 0 1 1 0 0 0 0 1 0 0 0 0
270	3	1 1 1 1 0 1 0 0 0 1 1 0 0 0 0 0
270	1	0 0 1 0 0 0 0 0 0 1 0 1 0 0 0 0
270	1	1 1 1 0 1 1 0 0 0 0 1 1 1 0 0 0
280	6	0 1 1 0 0 1 0 0 0 0 0 1 0 0 0 0
280	93	1 1 1 0 0 1 0 0 0 0 0 1 0 0 0 0
280	2	1 0 1 1 0 1 0 0 0 0 0 0 0 0 0 0
280	82	1 1 1 1 0 1 0 0 0 0 0 0 0 0 0 0
280	17	0 1 1 0 0 0 0 0 0 0 0 1 0 0 0 0
280	40	1 1 0 1 0 1 1 0 1 1 0 1 0 0 0 0
280	11	1 0 1 1 0 1 0 0 0 1 0 1 0 0 0 0
280	1	1 1 1 0 0 1 0 0 0 0 0 0 0 0 0 0
280	17	1 1 1 1 0 1 0 0 0 0 0 1 0 0 0 1
280	79	1 1 1 1 1 1 0 0 0 0 0 0 0 0 0 0
280	12	0 0 1 1 0 1 0 0 0 0 0 1 0 0 0 0
280	19	1 1 1 1 0 1 0 0 0 0 0 0 0 0 0 1
280	30	0 1 1 1 0 1 1 0 0 0 0 1 0 0 0 0
280	12	1 0 1 1 0 1 0 0 1 0 0 0 0 0 0 0
280	3	1 0 1 0 0 1 0 0 1 1 1 1 0 0 0 0
280	13	1 1 1 0 0 0 0 0 0 0 0 0 0 0 0 0
280	1	0 0 1 0 0 1 0 0 1 1 0 1 0 0 0 0
280	6	1 1 1 1 0 1 1 0 1 1 0 1 0 0 0 0
280	7	1 0 0 0 0 1 0 0 0 0 0 0 0 0 0 0
280	14	1 0 1 0 0 0 0 0 0 0 1 0 0 0 0 0
280	40	1 1 1 1 0 1 0 0 0 1 0 1 0 0 0 0
280	7	1 0 1 1 0 1 0 0 0 0 0 0 1 0 0 0
280	33	1 1 1 0 0 1 0 0 1 1 0 1 0 0 0 0
280	10	1 1 0 1 0 1 1 1 1 1 0 1 0 0 0 0
280	1	1 0 0 1 1 1 0 0 0 1 0 1 1 0 0 0
280	1	1 0 0 1 0 1 0 0 0 0 0 0 0 0 0 1
280	3	1 1 1 0 0 1 0 0 0 0 0 0 0 0 0 1
280	53	1 1 1 0 1 1 0 0 0 0 0 1 0 0 0 0
280	4	1 0 1 1 0 1 0 0 0 0 0 1 0 0 0 0
280	6	1 1 1 0 1 1 0 0 1 1 1 0 0 0 0 0
280	4	1 1 0 0 0 1 0 0 0 0 0 0 1 0 0 0
280	1	1 1 1 1 0 1 0 0 0 1 0 1 0 0 0 1
280	10	0 0 1 1 0 1 1 0 0 0 0 1 0 0 0 0
280	4	0 1 1 0 0 1 0 0 0 0 0 0 0 0 0 0
280	7	1 1 1 0 1 1 0 0 0 0 0 0 0 0 0 0
280	13	1 1 0 0 0 1 1 0 1 1 0 1 0 0 0 0
280	9	1 1 1 1 1 1 0 0 1 0 0 0 0 0 0 0
280	1	1 1 0 1 0 1 0 0 1 1 1 1 0 0 0 0
280	11	1 1 1 1 0 1 0 0 1 1 1 0 0 0 0 0
280	1	1 0 1 1 0 1 0 0 0 0 0 1 0 1 0 0
280	33	1 1 1 0 0 1 0 0 0 0 1 1 0 0 0 0
280	5	0 1 1 0 0 1 0 0 0 0 0 1 0 1 0 0
280	12	1 1 1 0 0 1 0 1 0 0 0 1 0 1 0 0
280	7	1 1 1 1 0 1 0 0 0 0 0 1 0 0 0 0
280	17	1 1 1 0 1 1 0 0 0 0 1 1 0 0 0 0
280	1	1 1 0 0 0 1 0 0 0 0 1 0 1 0 0 0
280	1	1 1 1 1 1 1 0 0 1 0 0 1 0 0 0 0
280	4	1 1 1 1 0 1 0 0 1 1 0 1 0 0 0 0
280	4	1 1 0 1 0 1 1 0 1 1 0 1 1 0 0 0
280	11	1 1 1 1 0 1 1 0 1 0 0 1 0 0 0 0
280	10	1 1 1 1 0 1 0 0 0 1 1 0 0 0 0 0
280	3	1 1 1 1 0 1 0 0 1 1 1 1 0 0 0 0
280	5	1 1 1 0 0 0 0 0 0 0 0 1 0 0 0 0
280	7	1 1 1 0 0 1 0 0 0 0 0 0 1 0 0 0
280	6	1 1 1 1 0 1 1 0 0 0 0 1 0 0 0 0
280	7	1 1 1 1 1 0 0 0 0 0 0 0 0 0 0 0
280	10	1 1 1 1 1 1 0 0 0 0 0 0 0 1 0 0
280	8	0 1 1 1 0 1 1 0 0 0 0 1 0 0 1 0
280	2	1 1 0 1 1 1 1 0 1 1 0 0 0 0 0 0
280	2	0 0 1 1 1 1 0 0 0 1 0 0 0 1 0 0
280	8	1 1 1 1 0 1 1 0 0 1 0 0 0 0 0 0
280	2	1 1 1 1 0 1 1 0 0 1 1 1 0 0 0 0
280	1	1 1 0 1 0 1 1 0 1 1 0 1 0 0 1 0
280	6	1 1 1 0 1 1 0 1 0 0 1 0 0 0 0 0
280	2	1 0 1 1 0 1 1 0 1 1 0 1 0 0 0 0
280	5	0 1 1 0 0 1 1 0 1 1 0 1 0 0 0 0
280	5	0 0 1 1 1 1 0 0 1 1 0 1 0 0 0 0
280	3	1 1 0 1 0 1 0 0 0 0 0 0 0 0 0 0
280	7	1 0 1 1 0 1 0 0 1 0 0 1 0 0 0 0
280	1	1 1 1 0 1 1 0 0 0 1 0 1 0 0 0 0
280	2	1 1 1 1 0 1 1 0 1 0 0 0 0 0 0 0
280	2	1 0 1 0 0 0 0 0 0 1 0 1 0 0 0 0
280	4	0 0 1 1 0 1 1 0 0 0 0 0 0 0 0 0
280	1	1 1 1 1 0 1 0 0 0 1 0 0 0 0 0 0
280	1	0 1 1 1 0 1 1 0 0 0 1 1 0 0 0 0
280	4	1 1 1 1 1 1 0 0 0 1 0 1 0 0 0 0
280	2	1 1 1 0 1 1 0 1 1 1 1 0 0 0 0 0
280	4	1 0 1 0 1 1 0 0 0 0 1 1 0 0 0 0
280	1	0 1 1 1 0 1 0 0 0 0 0 0 0 0 0 0
280	1	1 1 1 1 1 1 0 1 0 0 0 0 0 0 0 0
280	5	0 1 0 1 0 1 1 0 0 0 0 1 0 0 0 0
280	8	1 1 1 0 0 1 0 0 1 1 1 1 0 0 0 0
280	1	1 1 1 0 0 0 1 0 0 0 0 0 0 0 0 0
280	3	1 1 1 1 1 1 1 0 0 0 0 0 0 0 0 0
280	4	1 1 0 1 1 1 0 0 1 0 0 0 0 0 0 0
280	9	1 1 1 1 0 1 0 0 1 0 0 1 0 0 0 0
280	2	1 1 0 1 0 1 1 0 1 1 1 1 1 0 0 0
280	4	1 1 1 0 0 1 0 0 0 0 0 1 0 1 0 0
280	3	1 1 0 1 0 1 0 0 0 0 0 1 0 0 0 0
280	5	1 1 1 1 1 1 0 0 1 1 1 0 0 0 0 0
280	2	1 1 1 0 0 1 0 0 1 1 0 0 0 0 0 0
280	1	1 1 1 0 0 1 0 0 0 0 1 0 0 0 0 0
280	5	1 1 1 0 1 1 0 1 0 0 0 1 0 1 0 0
280	11	0 1 1 1 0 0 0 0 0 0 0 1 0 0 0 0
280	1	1 1 0 1 0 1 0 0 0 1 0 1 0 0 0 0
280	2	1 1 1 1 0 0 0 0 0 0 0 0 0 0 0 0
280	2	1 1 1 1 1 1 0 0 0 0 0 1 0 0 0 0
280	1	0 1 1 0 0 0 1 0 0 0 0 0 0 0 0 0
280	8	1 1 1 1 0 1 1 0 0 1 0 0 1 0 0 0
280	1	0 1 1 1 0 1 1 0 0 1 0 1 0 0 0 0
280	1	0 1 1 1 0 1 1 1 0 0 0 1 0 0 0 0
280	1	1 1 1 0 0 0 0 1 0 0 0 0 0 0 0 0
280	4	1 1 1 0 1 0 0 0 0 0 1 1 0 0 0 0
280	1	1 1 1 1 0 1 0 0 0 1 1 0 0 1 0 0
280	4	0 1 1 1 0 1 1 0 0 0 0 0 0 0 0 0
280	2	1 0 1 0 1 1 0 1 0 0 1 0 0 0 0 0
280	1	1 0 1 0 0 1 0 0 0 0 0 1 0 0 0 0
280	3	1 0 1 0 0 1 0 0 1 0 0 0 0 0 0 0
280	1	1 1 0 0 0 1 1 0 1 1 0 1 0 1 0 0
280	3	1 1 1 0 0 0 0 1 0 0 0 1 0 1 0 0
290	83	1 1 1 0 0 1 0 0 0 0 0 1 0 0 0 0
290	49	1 1 1 1 0 1 0 0 0 0 0 0 0 0 0 0
290	10	0 1 1 0 0 0 0 0 0 0 0 1 0 0 0 0
290	12	1 1 0 1 0 1 1 0 1 1 0 1 0 0 0 0
290	17	1 0 1 1 0 1 0 0 0 1 0 1 0 0 0 0
290	3	1 1 1 0 0 1 0 0 0 0 0 0 0 0 0 0
290	2	1 1 1 1 0 1 0 0 0 0 0 1 0 0 0 1
290	90	1 1 1 1 1 1 0 0 0 0 0 0 0 0 0 0
290	26	1 1 1 1 0 1 0 0 0 0 0 0 0 0 0 1
290	22	0 1 1 1 0 1 1 0 0 0 0 1 0 0 0 0
290	10	1 0 1 1 0 1 0 0 1 0 0 0 0 0 0 0
290	6	1 0 1 0 0 1 0 0 1 1 1 1 0 0 0 0
290	5	1 1 1 0 0 0 0 0 0 0 0 0 0 0 0 0
290	4	0 0 1 0 0 1 0 0 1 1 0 1 0 0 0 0
290	3	1 1 1 1 0 1 1 0 1 1 0 1 0 0 0 0
290	1	1 0 1 0 0 0 0 0 0 0 1 0 0 0 0 0
290	42	1 1 1 1 0 1 0 0 0 1 0 1 0 0 0 0
290	13	1 1 1 0 0 1 0 0 1 1 0 1 0 0 0 0
290	19	1 1 1 0 0 1 0 0 0 0 0 0 0 0 0 1
290	71	1 1 1 0 1 1 0 0 0 0 0 1 0 0 0 0
290	1	1 1 1 0 1 1 0 0 1 1 1 0 0 0 0 0
290	17	1 1 1 1 0 1 0 0 0 1 0 1 0 0 0 1
290	10	0 0 1 1 0 1 1 0 0 0 0 1 0 0 0 0
290	10	0 1 1 0 0 1 0 0 0 0 0 0 0 0 0 0
290	15	1 1 1 0 1 1 0 0 0 0 0 0 0 0 0 0
290	4	1 1 0 0 0 1 1 0 1 1 0 1 0 0 0 0
290	7	1 1 1 1 1 1 0 0 1 0 0 0 0 0 0 0
290	30	1 1 1 1 0 1 0 0 1 1 1 0 0 0 0 0
290	5	1 0 1 1 0 1 0 0 0 0 0 1 0 1 0 0
290	15	1 1 1 0 0 1 0 0 0 0 1 1 0 0 0 0
290	11	0 1 1 0 0 1 0 0 0 0 0 1 0 1 0 0
290	7	1 1 1 0 0 1 0 1 0 0 0 1 0 1 0 0
290	1	1 1 1 1 0 1 0 0 0 0 0 1 0 0 0 0
290	29	1 1 1 0 1 1 0 0 0 0 1 1 0 0 0 0
290	15	1 1 1 1 0 1 0 0 0 1 1 0 0 0 0 0
290	12	1 1 1 1 0 1 0 0 1 1 1 1 0 0 0 0
290	1	1 1 1 0 0 0 0 0 0 0 0 1 0 0 0 0
290	27	1 1 1 1 1 0 0 0 0 0 0 0 0 0 0 0
290	24	1 1 1 1 1 1 0 0 0 0 0 0 0 1 0 0
290	3	0 1 1 1 0 1 1 0 0 0 0 1 0 0 1 0
290	5	1 1 1 1 0 1 1 0 0 1 1 1 0 0 0 0
290	8	1 1 1 0 1 1 0 1 0 0 1 0 0 0 0 0
290	1	0 1 1 0 0 1 1 0 1 1 0 1 0 0 0 0
290	1	0 0 1 1 1 1 0 0 1 1 0 1 0 0 0 0
290	2	1 0 1 1 0 1 0 0 1 0 0 1 0 0 0 0
290	3	1 1 1 1 0 1 1 0 1 0 0 0 0 0 0 0
290	14	1 1 1 0 1 1 0 1 1 1 1 0 0 0 0 0
290	9	1 1 1 0 0 1 0 0 1 1 1 1 0 0 0 0
290	10	1 1 1 0 0 0 1 0 0 0 0 0 0 0 0 0
290	7	1 1 0 1 1 1 0 0 1 0 0 0 0 0 0 0
290	4	1 1 1 1 0 1 0 0 1 0 0 1 0 0 0 0
290	1	1 1 1 0 0 1 0 0 0 0 0 1 0 1 0 0
290	14	1 1 1 1 1 1 0 0 1 1 1 0 0 0 0 0
290	4	0 1 1 1 0 0 0 0 0 0 0 1 0 0 0 0
290	5	1 1 1 1 0 0 0 0 0 0 0 0 0 0 0 0
290	6	1 1 1 1 1 1 0 0 0 0 0 1 0 0 0 0
290	13	0 1 1 1 0 1 1 0 0 1 0 1 0 0 0 0
290	10	1 1 1 0 0 0 0 1 0 0 0 0 0 0 0 0
290	17	1 1 1 0 1 0 0 0 0 0 1 1 0 0 0 0
290	10	1 1 1 1 0 1 0 0 0 1 1 0 0 1 0 0
290	4	1 1 1 0 0 0 0 1 0 0 0 1 0 1 0 0
290	2	1 0 0 1 0 1 1 0 1 1 0 1 0 0 0 0
290	8	1 1 1 0 1 1 0 0 0 0 0 1 0 0 0 1
290	6	1 1 1 1 0 1 0 0 1 0 0 0 0 0 0 0
290	1	1 1 1 0 0 0 1 0 0 0 1 1 0 0 0 0
290	2	1 1 1 1 0 1 1 0 1 1 0 0 0 0 0 0
290	3	1 1 1 1 0 1 0 0 0 1 0 1 0 0 1 0
290	3	1 1 1 1 0 1 0 0 0 1 0 1 0 1 0 0
290	7	1 0 1 1 0 1 0 0 0 1 0 1 0 0 1 0
290	1	1 0 1 1 0 1 0 0 0 0 0 0 0 0 0 0
290	13	1 1 1 1 1 1 0 0 1 1 0 0 0 0 0 0
290	7	0 1 1 0 0 0 0 0 0 0 0 0 0 0 0 0
290	3	0 1 1 0 0 1 0 0 0 0 0 1 0 0 0 0
290	2	0 1 1 1 0 0 1 0 0 0 0 1 0 0 0 0
290	1	1 1 1 0 1 1 0 0 0 0 0 1 0 1 0 0
290	1	0 1 1 0 0 1 0 0 0 0 0 1 0 1 1 0
290	1	1 1 1 0 1 1 0 0 0 0 1 0 0 0 0 0
290	3	1 1 1 1 1 0 0 0 0 0 0 1 0 0 0 0
290	3	1 1 1 1 1 0 0 0 1 1 1 0 0 0 0 0
290	4	1 1 1 0 0 1 0 1 0 0 0 0 0 0 0 0
290	5	1 1 1 1 0 1 1 0 0 0 0 1 0 0 0 0
290	3	0 1 1 1 0 1 0 0 1 1 1 0 0 0 0 0
290	1	1 1 0 1 0 1 0 0 0 0 0 0 0 0 0 1
290	3	1 0 1 1 0 1 0 0 1 1 0 0 0 0 0 0
290	1	1 1 1 0 1 1 0 0 1 0 0 1 0 0 0 0
290	1	1 1 1 0 0 1 0 0 1 1 1 0 0 0 0 0
290	3	1 1 1 0 0 1 0 1 0 0 0 0 0 1 0 0
290	3	1 1 1 1 0 0 0 0 0 0 0 1 0 0 0 0
290	2	1 1 0 1 0 1 1 0 0 0 0 1 0 0 0 0
290	1	1 1 1 1 1 0 0 0 0 0 1 1 0 0 0 0
290	2	1 1 1 0 1 1 0 0 1 1 0 1 0 0 0 0
290	2	1 1 1 0 1 0 0 0 0 0 0 0 0 0 0 0
290	1	0 1 1 0 1 1 0 0 0 0 0 0 0 0 0 0
290	1	0 1 1 1 0 1 0 0 0 1 0 1 0 0 0 1
290	1	1 1 1 1 1 1 0 1 0 0 0 0 0 0 0 0
290	3	1 0 1 1 0 0 0 0 1 0 0 0 0 0 0 0
290	2	1 1 1 1 1 1 0 0 0 1 0 1 0 0 0 0
290	1	1 1 1 1 0 1 1 0 0 1 0 1 0 0 0 0
290	3	1 1 1 0 0 1 1 0 1 1 0 1 0 0 0 0
290	2	1 1 1 1 0 1 0 0 0 1 1 0 0 0 0 1
290	1	1 1 1 1 0 1 0 0 1 1 1 1 1 0 0 0
290	1	0 1 1 0 1 1 0 1 1 1 1 0 0 0 0 0
290	1	1 1 1 0 0 0 1 0 0 0 0 0 0 0 1 0
290	3	1 1 1 0 0 1 0 0 0 0 1 1 0 1 0 0
290	1	1 1 1 1 0 1 0 0 1 0 0 0 0 0 0 1
290	1	1 0 1 0 0 1 0 0 1 1 0 0 0 0 0 0
300	94	1 1 1 0 0 1 0 0 0 0 0 1 0 0 0 0
300	22	1 1 1 1 0 1 0 0 0 0 0 0 0 0 0 0
300	8	0 1 1 0 0 0 0 0 0 0 0 1 0 0 0 0
300	6	1 0 1 1 0 1 0 0 0 1 0 1 0 0 0 0
300	26	1 1 1 0 0 1 0 0 0 0 0 0 0 0 0 0
300	115	1 1 1 1 1 1 0 0 0 0 0 0 0 0 0 0
300	16	1 1 1 1 0 1 0 0 0 0 0 0 0 0 0 1
300	22	0 1 1 1 0 1 1 0 0 0 0 1 0 0 0 0
300	1	1 0 1 1 0 1 0 0 1 0 0 0 0 0 0 0
300	4	1 0 1 0 0 1 0 0 1 1 1 1 0 0 0 0
300	5	1 1 1 0 0 0 0 0 0 0 0 0 0 0 0 0
300	53	1 1 1 1 0 1 0 0 0 1 0 1 0 0 0 0
300	4	1 1 1 0 0 1 0 0 1 1 0 1 0 0 0 0
300	8	1 1 1 0 0 1 0 0 0 0 0 0 0 0 0 1
300	55	1 1 1 0 1 1 0 0 0 0 0 1 0 0 0 0
300	17	0 0 1 1 0 1 1 0 0 0 0 1 0 0 0 0
300	1	0 1 1 0 0 1 0 0 0 0 0 0 0 0 0 0
300	26	1 1 1 0 1 1 0 0 0 0 0 0 0 0 0 0
300	11	1 1 1 1 1 1 0 0 1 0 0 0 0 0 0 0
300	14	1 1 1 1 0 1 0 0 1 1 1 0 0 0 0 0
300	12	1 1 1 0 0 1 0 0 0 0 1 1 0 0 0 0
300	2	1 1 1 0 0 1 0 1 0 0 0 1 0 1 0 0
300	19	1 1 1 1 0 1 0 0 0 0 0 1 0 0 0 0
300	25	1 1 1 0 1 1 0 0 0 0 1 1 0 0 0 0
300	8	1 1 1 1 0 1 0 0 0 1 1 0 0 0 0 0
300	2	1 1 1 1 0 1 0 0 1 1 1 1 0 0 0 0
300	3	1 1 1 0 0 0 0 0 0 0 0 1 0 0 0 0
300	16	1 1 1 1 1 0 0 0 0 0 0 0 0 0 0 0
300	12	1 1 1 1 1 1 0 0 0 0 0 0 0 1 0 0
300	6	1 1 1 1 0 1 1 0 0 1 1 1 0 0 0 0
300	9	1 1 1 0 1 1 0 1 0 0 1 0 0 0 0 0
300	6	1 0 1 1 0 1 0 0 1 0 0 1 0 0 0 0
300	14	1 1 1 0 1 1 0 1 1 1 1 0 0 0 0 0
300	13	1 1 1 0 0 1 0 0 1 1 1 1 0 0 0 0
300	17	1 1 1 0 0 0 1 0 0 0 0 0 0 0 0 0
300	4	1 1 0 1 1 1 0 0 1 0 0 0 0 0 0 0
300	11	1 1 1 1 1 1 0 0 1 1 1 0 0 0 0 0
300	3	0 1 1 1 0 0 0 0 0 0 0 1 0 0 0 0
300	3	1 1 1 1 0 0 0 0 0 0 0 0 0 0 0 0
300	3	1 1 1 1 1 1 0 0 0 0 0 1 0 0 0 0
300	22	0 1 1 1 0 1 1 0 0 1 0 1 0 0 0 0
300	2	1 1 1 0 0 0 0 1 0 0 0 0 0 0 0 0
300	9	1 1 1 0 1 0 0 0 0 0 1 1 0 0 0 0
300	13	1 1 1 1 0 1 0 0 0 1 1 0 0 1 0 0
300	20	1 1 1 0 1 1 0 0 0 0 0 1 0 0 0 1
300	2	1 1 1 1 0 1 0 0 1 0 0 0 0 0 0 0
300	10	1 1 1 1 0 1 0 0 0 1 0 1 0 0 1 0
300	5	1 1 1 1 1 1 0 0 1 1 0 0 0 0 0 0
300	38	0 1 1 0 0 0 0 0 0 0 0 0 0 0 0 0
300	7	1 1 1 1 1 0 0 0 0 0 0 1 0 0 0 0
300	6	1 1 1 1 1 0 0 0 1 1 1 0 0 0 0 0
300	10	1 1 1 1 0 1 1 0 0 0 0 1 0 0 0 0
300	1	1 1 1 0 0 1 0 0 1 1 1 0 0 0 0 0
300	7	1 1 1 0 0 1 0 1 0 0 0 0 0 1 0 0
300	1	1 1 1 0 1 0 0 0 0 0 0 0 0 0 0 0
300	2	1 1 1 1 0 1 0 0 0 1 1 0 0 0 0 1
300	9	0 1 1 0 1 1 0 1 1 1 1 0 0 0 0 0
300	6	1 1 1 0 0 1 0 0 0 0 1 1 0 1 0 0
300	13	1 1 1 1 0 1 0 0 1 0 0 0 0 0 0 1
300	6	1 1 1 0 0 1 0 0 0 1 1 1 0 0 0 0
300	3	1 1 1 1 0 1 0 0 1 1 1 1 0 0 1 0
300	2	1 1 1 1 1 0 0 0 0 0 0 0 0 0 1 0
300	3	1 0 1 1 0 0 0 0 1 0 0 0 0 0 0 1
300	12	1 1 1 0 0 1 0 0 1 0 0 1 0 0 0 0
300	6	1 1 1 1 1 0 0 0 0 1 0 1 0 0 0 0
300	2	1 0 1 1 0 1 0 0 1 0 1 0 0 0 0 0
300	4	1 1 1 0 1 1 0 0 0 1 1 0 0 0 0 0
300	2	1 1 1 1 1 0 0 1 0 0 0 0 0 0 0 0
300	1	1 1 1 1 1 1 0 0 1 0 0 1 0 0 0 0
300	2	1 1 1 0 1 1 0 0 1 0 0 0 0 0 0 0
300	1	1 1 1 0 1 1 0 0 0 0 1 1 0 0 1 0
300	1	1 1 1 0 0 1 0 0 0 0 0 1 1 0 0 0
300	3	1 1 0 1 0 1 0 0 0 1 1 0 0 0 0 0
300	4	0 1 1 1 0 1 0 0 0 1 0 1 0 0 0 0
300	3	1 1 1 1 0 1 1 0 1 1 0 1 0 0 0 0
300	4	1 1 1 1 1 1 0 0 0 0 0 0 0 0 1 0
300	4	0 1 1 1 1 1 0 0 0 0 0 0 0 0 0 0
300	3	1 1 1 0 1 1 0 0 0 0 0 0 0 0 0 1
300	2	1 1 1 1 0 1 0 0 1 1 0 0 0 0 0 0
300	2	1 1 1 0 0 1 0 0 0 0 0 1 0 1 0 0
300	3	1 1 1 1 0 1 0 1 0 1 0 1 0 0 0 0
300	5	1 1 1 1 1 0 0 0 0 0 0 0 0 1 0 0
300	2	1 1 1 0 0 1 0 0 0 1 0 1 0 0 0 0
300	2	1 1 1 0 1 1 1 0 0 0 0 0 0 0 0 0
300	1	1 1 1 1 0 0 0 0 1 1 1 0 0 0 0 0
300	3	1 1 1 1 1 0 0 0 1 0 0 0 0 0 0 0
300	3	1 0 1 1 0 1 0 0 0 1 1 0 0 1 0 0
300	4	0 1 1 0 0 1 0 0 0 0 0 1 0 0 0 0
300	3	1 1 1 0 1 0 0 0 0 0 0 1 0 0 0 0
300	1	1 1 1 1 1 1 0 0 1 0 0 0 0 1 0 0
300	1	0 1 1 1 0 1 1 0 0 1 1 1 0 0 0 0
300	2	1 1 1 1 0 1 1 0 0 1 0 1 0 0 0 0
300	2	1 1 1 1 0 1 0 0 0 0 0 0 0 0 1 0
300	2	0 1 1 1 0 1 1 0 1 0 0 1 0 0 0 0
300	2	1 1 1 1 0 1 0 0 0 1 0 1 0 1 0 0
300	1	1 1 1 1 1 1 0 0 1 0 0 0 0 0 1 0
300	2	1 1 1 0 0 1 1 0 0 1 1 1 0 0 0 0
300	2	0 1 1 1 1 0 0 0 0 0 0 1 0 0 0 0
300	2	0 1 1 0 0 1 1 0 0 1 0 1 0 0 0 0
300	1	1 1 1 1 0 1 0 0 0 1 0 0 0 1 0 0
300	3	0 1 1 0 0 0 0 0 1 0 0 0 0 0 0 0
300	2	1 1 1 1 0 1 1 0 1 0 0 0 0 0 0 1
300	1	1 1 0 0 0 1 0 0 1 0 0 1 0 0 0 0
300	1	1 1 1 1 0 1 1 0 1 1 0 0 0 0 0 0
310	82	1 1 1 0 0 1 0 0 0 0 0 1 0 0 0 0
310	46	1 1 1 1 0 1 0 0 0 0 0 0 0 0 0 0
310	10	1 0 1 1 0 1 0 0 0 1 0 1 0 0 0 0
310	38	1 1 1 0 0 1 0 0 0 0 0 0 0 0 0 0
310	42	1 1 1 1 1 1 0 0 0 0 0 0 0 0 0 0
310	9	1 1 1 1 0 1 0 0 0 0 0 0 0 0 0 1
310	21	0 1 1 1 0 1 1 0 0 0 0 1 0 0 0 0
310	9	1 0 1 0 0 1 0 0 1 1 1 1 0 0 0 0
310	5	1 1 1 0 0 0 0 0 0 0 0 0 0 0 0 0
310	28	1 1 1 1 0 1 0 0 0 1 0 1 0 0 0 0
310	4	1 1 1 0 0 1 0 0 0 0 0 0 0 0 0 1
310	60	1 1 1 0 1 1 0 0 0 0 0 1 0 0 0 0
310	10	0 0 1 1 0 1 1 0 0 0 0 1 0 0 0 0
310	26	1 1 1 0 1 1 0 0 0 0 0 0 0 0 0 0
310	7	1 1 1 1 1 1 0 0 1 0 0 0 0 0 0 0
310	6	1 1 1 1 0 1 0 0 1 1 1 0 0 0 0 0
310	17	1 1 1 0 0 1 0 0 0 0 1 1 0 0 0 0
310	39	1 1 1 1 0 1 0 0 0 0 0 1 0 0 0 0
310	32	1 1 1 0 1 1 0 0 0 0 1 1 0 0 0 0
310	36	1 1 1 1 1 0 0 0 0 0 0 0 0 0 0 0
310	16	1 1 1 1 0 1 1 0 0 1 1 1 0 0 0 0
310	10	1 1 1 0 1 1 0 1 0 0 1 0 0 0 0 0
310	1	1 1 1 0 1 1 0 1 1 1 1 0 0 0 0 0
310	2	1 1 1 0 0 1 0 0 1 1 1 1 0 0 0 0
310	10	1 1 1 0 0 0 1 0 0 0 0 0 0 0 0 0
310	5	1 1 1 1 1 1 0 0 1 1 1 0 0 0 0 0
310	17	0 1 1 1 0 1 1 0 0 1 0 1 0 0 0 0
310	14	1 1 1 0 0 0 0 1 0 0 0 0 0 0 0 0
310	39	1 1 1 0 1 1 0 0 0 0 0 1 0 0 0 1
310	8	1 1 1 1 0 1 0 0 1 0 0 0 0 0 0 0
310	9	1 1 1 1 1 1 0 0 1 1 0 0 0 0 0 0
310	21	0 1 1 0 0 0 0 0 0 0 0 0 0 0 0 0
310	7	1 1 1 1 1 0 0 0 0 0 0 1 0 0 0 0
310	11	1 1 1 1 1 0 0 0 1 1 1 0 0 0 0 0
310	6	1 1 1 1 0 1 1 0 0 0 0 1 0 0 0 0
310	1	1 1 1 0 0 1 0 0 1 1 1 0 0 0 0 0
310	5	1 1 1 0 0 1 0 1 0 0 0 0 0 1 0 0
310	13	0 1 1 0 1 1 0 1 1 1 1 0 0 0 0 0
310	2	1 1 1 1 0 1 0 0 1 0 0 0 0 0 0 1
310	2	1 0 1 1 0 1 0 0 1 0 1 0 0 0 0 0
310	13	1 1 1 0 1 1 0 0 1 0 0 0 0 0 0 0
310	6	1 1 1 0 0 1 0 0 0 0 0 1 1 0 0 0
310	6	1 1 0 1 0 1 0 0 0 1 1 0 0 0 0 0
310	2	0 1 1 1 0 1 0 0 0 1 0 1 0 0 0 0
310	1	1 1 1 1 0 1 1 0 1 1 0 1 0 0 0 0
310	4	1 1 1 1 1 1 0 0 0 0 0 0 0 0 1 0
310	9	0 1 1 1 1 1 0 0 0 0 0 0 0 0 0 0
310	22	1 1 1 0 1 1 0 0 0 0 0 0 0 0 0 1
310	31	1 1 1 1 1 0 0 0 0 0 0 0 0 1 0 0
310	1	1 1 1 0 1 1 1 0 0 0 0 0 0 0 0 0
310	11	1 1 1 1 0 0 0 0 1 1 1 0 0 0 0 0
310	2	1 0 1 1 0 1 0 0 0 1 1 0 0 1 0 0
310	2	0 1 1 0 0 1 0 0 0 0 0 1 0 0 0 0
310	2	0 1 1 0 0 0 0 0 1 0 0 0 0 0 0 0
310	13	1 1 1 1 1 1 0 0 0 0 0 0 0 0 0 1
310	3	1 1 1 1 1 0 1 1 0 0 0 0 0 0 0 0
310	3	0 1 1 0 1 1 0 0 0 0 0 1 0 0 0 0
310	7	0 1 1 0 1 1 0 0 0 0 0 0 0 0 0 0
310	10	1 1 0 1 1 0 0 0 0 0 0 0 0 0 0 0
310	3	1 1 1 1 0 1 1 0 0 1 1 1 0 0 1 0
310	8	1 1 1 1 1 1 0 0 1 0 1 0 0 0 0 0
310	4	1 0 1 0 0 1 0 0 0 0 0 1 0 0 0 1
310	3	1 1 0 0 0 1 0 0 0 0 0 0 0 0 0 0
310	4	1 1 1 1 1 0 0 1 0 0 0 1 0 0 0 0
310	1	1 1 1 0 1 0 0 1 0 0 1 0 0 0 0 1
310	2	1 1 1 1 0 1 0 1 0 0 0 0 0 0 0 0
310	3	1 1 1 1 1 1 0 0 0 0 0 0 1 0 0 0
310	2	1 1 1 1 0 1 0 0 1 1 0 1 0 0 0 0
310	1	1 1 0 0 1 1 0 0 0 0 0 1 0 0 0 0
310	2	1 1 1 0 1 1 0 0 0 0 1 1 1 0 0 0
310	2	0 1 1 0 0 0 0 0 0 1 0 0 0 0 0 0
310	1	1 0 1 0 0 1 0 1 0 0 0 0 0 1 0 0
310	6	1 1 1 1 1 1 0 0 0 0 0 1 0 0 0 0
310	5	1 1 1 1 0 0 0 0 1 0 0 0 0 0 0 1
310	8	1 0 1 0 0 1 0 0 0 1 0 1 0 0 0 0
310	4	1 1 0 1 1 0 1 1 0 0 0 0 0 0 0 0
310	4	1 0 1 0 0 1 0 0 0 0 1 1 0 0 0 0
310	1	1 1 0 1 0 1 0 0 0 0 0 0 0 0 0 0
310	4	1 1 1 1 1 0 0 1 0 1 0 1 0 0 0 0
310	4	0 1 1 1 1 1 0 0 0 0 0 1 0 0 0 1
310	2	1 1 1 1 0 0 0 0 1 0 0 0 0 0 0 0
310	2	1 1 1 1 1 1 0 0 0 0 1 0 0 0 0 0
310	1	1 1 1 1 0 1 0 0 0 1 0 0 0 0 0 0
310	1	1 1 1 0 0 1 0 0 0 0 0 0 0 0 1 1
310	1	1 1 1 0 0 0 0 0 0 0 1 1 0 0 0 0
310	1	1 1 1 0 0 1 0 0 0 1 1 0 0 0 0 0
310	4	0 1 1 0 0 1 0 1 1 1 1 0 0 0 0 0
310	2	1 1 1 1 1 0 1 1 1 0 0 0 0 0 0 0
310	2	1 1 1 1 0 1 0 0 1 0 1 0 0 0 0 0
310	8	1 1 1 1 0 0 0 0 1 0 0 0 1 0 0 1
310	2	0 1 1 1 0 1 1 0 1 0 0 0 0 0 0 0
310	1	1 1 1 0 0 1 1 0 0 0 0 1 0 0 0 0
310	3	1 1 1 1 0 1 0 0 0 0 0 1 0 0 0 1
310	6	1 1 1 0 1 1 0 1 0 0 0 1 0 0 0 1
310	3	1 1 0 1 1 1 0 0 0 0 0 0 0 0 1 0
310	3	1 0 1 0 0 1 0 0 0 0 0 1 0 0 1 1
310	4	1 1 1 0 1 1 0 0 1 0 0 1 0 0 0 0
310	1	1 0 1 1 0 1 0 0 0 0 0 1 0 0 0 0
310	1	1 1 1 1 0 1 0 0 1 0 0 0 0 1 0 0
310	3	1 1 1 1 0 0 0 0 0 0 0 1 0 0 0 0
310	1	1 1 1 0 0 1 0 1 1 0 0 0 0 1 0 0
310	2	1 1 1 1 0 1 1 1 0 1 1 1 0 0 1 0
320	55	1 1 1 0 0 1 0 0 0 0 0 1 0 0 0 0
320	72	1 1 1 1 0 1 0 0 0 0 0 0 0 0 0 0
320	39	1 1 1 0 0 1 0 0 0 0 0 0 0 0 0 0
320	33	1 1 1 1 1 1 0 0 0 0 0 0 0 0 0 0
320	6	0 1 1 1 0 1 1 0 0 0 0 1 0 0 0 0
320	6	1 0 1 0 0 1 0 0 1 1 1 1 0 0 0 0
320	13	1 1 1 1 0 1 0 0 0 1 0 1 0 0 0 0
320	67	1 1 1 0 1 1 0 0 0 0 0 1 0 0 0 0
320	7	1 1 1 0 1 1 0 0 0 0 0 0 0 0 0 0
320	1	1 1 1 1 1 1 0 0 1 0 0 0 0 0 0 0
320	6	1 1 1 0 0 1 0 0 0 0 1 1 0 0 0 0
320	60	1 1 1 1 0 1 0 0 0 0 0 1 0 0 0 0
320	68	1 1 1 0 1 1 0 0 0 0 1 1 0 0 0 0
320	34	1 1 1 1 1 0 0 0 0 0 0 0 0 0 0 0
320	4	1 1 1 1 0 1 1 0 0 1 1 1 0 0 0 0
320	26	1 1 1 0 1 1 0 1 0 0 1 0 0 0 0 0
320	11	1 1 1 0 0 0 1 0 0 0 0 0 0 0 0 0
320	2	1 1 1 1 1 1 0 0 1 1 1 0 0 0 0 0
320	10	0 1 1 1 0 1 1 0 0 1 0 1 0 0 0 0
320	25	1 1 1 0 0 0 0 1 0 0 0 0 0 0 0 0
320	35	1 1 1 0 1 1 0 0 0 0 0 1 0 0 0 1
320	8	1 1 1 1 0 1 0 0 1 0 0 0 0 0 0 0
320	7	1 1 1 1 1 1 0 0 1 1 0 0 0 0 0 0
320	2	1 1 1 1 1 0 0 0 0 0 0 1 0 0 0 0
320	26	1 1 1 1 1 0 0 0 1 1 1 0 0 0 0 0
320	5	1 1 1 1 0 1 1 0 0 0 0 1 0 0 0 0
320	4	1 1 1 0 0 1 0 0 1 1 1 0 0 0 0 0
320	2	1 1 1 0 0 1 0 1 0 0 0 0 0 1 0 0
320	13	0 1 1 0 1 1 0 1 1 1 1 0 0 0 0 0
320	5	1 1 1 1 0 1 0 0 1 0 0 0 0 0 0 1
320	7	1 1 1 0 1 1 0 0 1 0 0 0 0 0 0 0
320	5	1 1 1 1 1 1 0 0 0 0 0 0 0 0 1 0
320	6	0 1 1 1 1 1 0 0 0 0 0 0 0 0 0 0
320	5	1 1 1 0 1 1 0 0 0 0 0 0 0 0 0 1
320	31	1 1 1 1 1 0 0 0 0 0 0 0 0 1 0 0
320	7	1 1 1 0 1 1 1 0 0 0 0 0 0 0 0 0
320	13	1 1 1 1 0 0 0 0 1 1 1 0 0 0 0 0
320	4	1 1 1 1 1 1 0 0 0 0 0 0 0 0 0 1
320	6	1 1 1 1 1 0 1 1 0 0 0 0 0 0 0 0
320	5	0 1 1 0 1 1 0 0 0 0 0 1 0 0 0 0
320	2	0 1 1 0 1 1 0 0 0 0 0 0 0 0 0 0
320	3	1 1 0 1 1 0 0 0 0 0 0 0 0 0 0 0
320	2	1 1 0 0 0 1 0 0 0 0 0 0 0 0 0 0
320	10	1 1 1 1 1 1 0 0 0 0 0 0 1 0 0 0
320	8	1 1 1 1 1 1 0 0 0 0 0 1 0 0 0 0
320	1	1 1 1 1 0 0 0 0 1 0 0 0 0 0 0 1
320	11	1 0 1 0 0 1 0 0 0 1 0 1 0 0 0 0
320	2	1 1 0 1 1 0 1 1 0 0 0 0 0 0 0 0
320	14	1 1 1 1 1 0 0 1 0 1 0 1 0 0 0 0
320	3	1 1 1 1 1 1 0 0 0 0 1 0 0 0 0 0
320	3	0 1 1 0 0 1 0 1 1 1 1 0 0 0 0 0
320	14	1 1 1 1 1 0 1 1 1 0 0 0 0 0 0 0
320	3	1 1 1 1 0 1 0 0 1 0 1 0 0 0 0 0
320	10	1 1 1 1 0 0 0 0 1 0 0 0 1 0 0 1
320	3	1 1 1 0 1 1 0 0 1 0 0 1 0 0 0 0
320	1	1 1 1 1 0 1 0 0 1 0 0 0 0 1 0 0
320	1	1 1 1 1 0 0 0 0 0 0 0 1 0 0 0 0
320	5	1 1 1 0 0 1 0 1 1 0 0 0 0 1 0 0
320	17	1 1 1 0 0 1 0 0 0 0 0 1 0 1 0 0
320	7	1 1 1 0 1 1 0 0 0 0 0 1 0 1 0 0
320	1	1 1 1 0 1 0 0 0 0 0 1 1 0 0 0 0
320	7	1 1 1 1 1 0 0 0 0 0 1 1 0 0 0 0
320	5	1 1 1 1 1 1 0 0 0 0 1 1 0 0 0 0
320	3	1 1 1 0 0 1 1 0 0 1 1 1 0 0 0 0
320	4	1 1 1 1 0 1 0 0 0 0 0 1 0 1 0 0
320	1	1 1 0 0 0 0 0 0 0 0 0 0 0 0 0 0
320	6	1 1 1 1 0 1 0 0 0 1 0 1 0 1 0 0
320	5	1 0 1 0 0 0 1 0 0 0 0 0 0 0 0 0
320	1	1 1 1 1 0 1 0 0 0 0 0 0 0 1 0 0
320	6	0 1 1 1 0 1 1 0 0 0 0 1 0 1 0 0
320	7	1 1 1 1 1 1 0 1 1 0 0 0 0 0 0 0
320	1	0 1 1 0 1 1 0 1 1 1 1 1 0 0 0 0
320	2	1 1 1 0 1 1 0 1 1 1 1 0 0 0 0 0
320	5	1 1 0 1 0 1 0 0 0 1 0 0 0 0 0 0
320	3	1 1 1 1 1 0 0 0 1 1 1 1 1 0 0 0
320	1	1 1 0 1 1 1 0 0 0 0 0 1 0 0 0 0
320	5	1 1 1 1 0 1 0 0 0 1 0 0 0 0 0 1
320	1	1 0 1 0 1 1 0 0 0 0 0 1 0 0 0 0
320	1	1 1 1 1 0 0 0 1 0 0 0 0 0 0 0 0
320	7	0 1 1 1 0 1 1 0 0 0 0 1 0 0 0 1
320	11	0 1 1 1 0 1 0 1 1 1 1 0 0 0 0 0
320	3	1 1 1 0 0 1 1 1 0 0 0 0 0 1 0 0
320	3	0 1 1 0 1 1 0 1 1 1 1 0 1 0 0 0
320	1	1 1 1 1 0 1 0 0 1 0 0 0 0 1 0 1
320	6	0 1 1 1 0 1 1 0 0 0 0 0 0 0 0 0
320	3	1 1 1 0 0 1 0 0 0 0 1 1 0 0 0 1
320	1	1 1 1 0 0 1 1 1 1 0 0 0 0 0 0 0
320	1	1 1 1 1 1 1 1 0 0 0 0 1 0 0 0 0
320	1	1 1 1 0 0 1 0 0 0 0 0 0 0 1 0 0
320	1	1 1 1 0 1 1 0 0 0 1 0 1 0 0 0 0
320	1	1 1 1 1 0 1 1 0 0 1 0 1 0 0 0 0
320	1	1 1 1 1 1 0 0 0 1 1 1 0 0 0 0 1
320	2	1 1 1 0 0 1 0 0 1 0 0 1 1 0 0 0
320	2	1 1 0 0 1 1 1 0 0 0 0 0 0 0 0 0
320	4	1 0 0 0 0 1 0 0 0 1 0 1 0 0 0 0
320	1	1 1 0 0 0 1 0 0 0 0 0 1 0 1 0 0
320	3	1 1 1 1 1 1 0 0 0 0 1 1 0 0 0 1
320	1	1 1 1 0 0 1 0 0 0 1 0 1 0 1 0 0
320	4	1 0 1 0 0 1 0 0 0 0 0 1 0 0 0 0
320	1	1 1 1 0 1 0 0 1 0 0 0 0 0 0 0 0
320	3	1 1 1 1 0 1 0 0 1 1 1 0 0 0 0 0
320	2	1 1 1 1 1 1 0 0 1 1 1 1 0 0 0 0
320	3	1 1 1 0 0 0 0 0 0 0 1 1 0 0 0 0
320	2	1 0 1 1 0 1 0 0 0 0 0 1 0 0 0 0
320	1	1 0 1 1 0 1 1 0 0 1 1 1 0 0 0 0
320	1	1 0 1 0 1 1 0 1 0 0 1 0 0 0 0 0
320	1	1 1 1 0 1 1 0 0 0 0 0 1 1 0 0 1
320	1	1 1 1 1 1 0 0 0 1 1 1 0 0 0 1 0
320	1	1 1 1 1 1 0 0 0 1 0 0 0 0 0 0 1
320	1	0 1 1 0 0 1 0 0 0 0 1 1 0 0 0 1
330	52	1 1 1 0 0 1 0 0 0 0 0 1 0 0 0 0
330	60	1 1 1 1 0 1 0 0 0 0 0 0 0 0 0 0
330	32	1 1 1 0 0 1 0 0 0 0 0 0 0 0 0 0
330	59	1 1 1 1 1 1 0 0 0 0 0 0 0 0 0 0
330	7	1 0 1 0 0 1 0 0 1 1 1 1 0 0 0 0
330	25	1 1 1 1 0 1 0 0 0 1 0 1 0 0 0 0
330	52	1 1 1 0 1 1 0 0 0 0 0 1 0 0 0 0
330	9	1 1 1 0 1 1 0 0 0 0 0 0 0 0 0 0
330	4	1 1 1 0 0 1 0 0 0 0 1 1 0 0 0 0
330	72	1 1 1 1 0 1 0 0 0 0 0 1 0 0 0 0
330	73	1 1 1 0 1 1 0 0 0 0 1 1 0 0 0 0
330	21	1 1 1 1 1 0 0 0 0 0 0 0 0 0 0 0
330	19	1 1 1 0 1 1 0 1 0 0 1 0 0 0 0 0
330	17	0 1 1 1 0 1 1 0 0 1 0 1 0 0 0 0
330	17	1 1 1 0 0 0 0 1 0 0 0 0 0 0 0 0
330	42	1 1 1 0 1 1 0 0 0 0 0 1 0 0 0 1
330	9	1 1 1 1 0 1 0 0 1 0 0 0 0 0 0 0
330	9	1 1 1 1 1 1 0 0 1 1 0 0 0 0 0 0
330	10	1 1 1 1 1 0 0 0 1 1 1 0 0 0 0 0
330	7	1 1 1 1 0 1 1 0 0 0 0 1 0 0 0 0
330	5	0 1 1 0 1 1 0 1 1 1 1 0 0 0 0 0
330	7	1 1 1 1 0 1 0 0 1 0 0 0 0 0 0 1
330	4	1 1 1 1 1 1 0 0 0 0 0 0 0 0 1 0
330	1	0 1 1 1 1 1 0 0 0 0 0 0 0 0 0 0
330	8	1 1 1 0 1 1 0 0 0 0 0 0 0 0 0 1
330	33	1 1 1 1 1 0 0 0 0 0 0 0 0 1 0 0
330	7	1 1 1 0 1 1 1 0 0 0 0 0 0 0 0 0
330	7	1 1 1 1 0 0 0 0 1 1 1 0 0 0 0 0
330	17	1 1 1 1 1 0 1 1 0 0 0 0 0 0 0 0
330	17	1 1 1 1 1 1 0 0 0 0 0 0 1 0 0 0
330	17	1 1 1 1 1 1 0 0 0 0 0 1 0 0 0 0
330	9	1 0 1 0 0 1 0 0 0 1 0 1 0 0 0 0
330	2	1 1 1 1 1 1 0 0 0 0 1 0 0 0 0 0
330	4	1 1 1 1 1 0 1 1 1 0 0 0 0 0 0 0
330	4	1 1 1 1 0 1 0 0 1 0 1 0 0 0 0 0
330	2	1 1 1 1 0 0 0 0 1 0 0 0 1 0 0 1
330	17	1 1 1 0 1 1 0 0 1 0 0 1 0 0 0 0
330	7	1 1 1 1 0 1 0 0 1 0 0 0 0 1 0 0
330	14	1 1 1 0 0 1 0 1 1 0 0 0 0 1 0 0
330	14	1 1 1 0 0 1 0 0 0 0 0 1 0 1 0 0
330	10	1 1 1 0 0 1 1 0 0 1 1 1 0 0 0 0
330	11	1 1 1 1 0 1 0 0 0 0 0 1 0 1 0 0
330	13	1 1 1 1 0 1 0 0 0 1 0 1 0 1 0 0
330	2	1 0 1 0 0 0 1 0 0 0 0 0 0 0 0 0
330	3	1 1 1 1 1 1 0 1 1 0 0 0 0 0 0 0
330	3	1 1 1 0 1 1 0 1 1 1 1 0 0 0 0 0
330	5	1 1 1 1 1 0 0 0 1 1 1 1 1 0 0 0
330	2	1 1 1 1 0 1 0 0 0 1 0 0 0 0 0 1
330	2	1 1 1 1 0 0 0 1 0 0 0 0 0 0 0 0
330	2	0 1 1 1 0 1 1 0 0 0 0 1 0 0 0 1
330	4	1 1 1 0 1 1 0 0 0 1 0 1 0 0 0 0
330	11	1 0 0 0 0 1 0 0 0 1 0 1 0 0 0 0
330	6	1 1 0 0 0 1 0 0 0 0 0 1 0 1 0 0
330	2	1 1 1 1 1 1 0 0 0 0 1 1 0 0 0 1
330	17	1 1 1 1 0 1 0 0 1 1 1 0 0 0 0 0
330	11	1 1 1 1 1 1 0 0 1 1 1 1 0 0 0 0
330	13	0 1 1 1 0 1 1 0 0 1 0 1 0 0 0 1
330	2	1 1 1 0 0 0 1 0 0 0 0 1 0 0 0 0
330	7	0 1 1 0 1 1 0 0 0 0 0 1 0 0 0 1
330	1	1 1 1 0 1 1 0 0 0 0 0 1 1 0 0 0
330	6	1 1 1 1 1 1 0 1 1 0 0 0 0 1 0 0
330	13	1 0 1 1 0 1 0 0 0 0 0 0 0 0 0 0
330	2	1 1 0 1 0 1 0 0 1 1 0 0 0 0 0 0
330	1	0 1 1 0 0 1 1 0 0 0 0 1 0 0 0 0
330	2	0 1 1 1 0 1 1 0 0 0 0 0 0 0 0 1
330	2	1 1 0 1 1 1 0 0 0 0 0 1 1 0 0 0
330	7	1 1 1 0 1 0 0 0 0 0 0 0 0 0 0 1
330	1	1 1 1 1 0 1 1 0 0 1 0 1 0 0 0 0
330	1	0 1 1 0 1 1 0 1 1 1 1 1 0 0 0 0
330	1	1 0 1 0 0 1 0 0 0 1 0 1 0 1 0 0
330	1	1 1 1 0 1 1 0 1 0 0 1 1 0 0 0 0
330	1	0 1 1 1 1 0 0 0 0 0 0 0 0 0 0 0
330	5	1 1 1 0 1 1 0 1 1 0 1 0 0 0 0 0
330	4	1 1 1 0 1 1 0 0 0 0 0 1 0 1 0 0
330	1	1 1 1 0 0 1 1 0 0 0 0 0 0 0 0 0
330	1	1 1 1 1 1 1 0 0 0 0 0 0 0 1 0 0
330	2	1 0 1 0 0 1 0 0 1 1 1 1 0 0 0 1
330	5	1 1 1 0 1 1 0 1 0 0 1 0 0 0 0 1
330	1	0 1 1 1 0 0 1 0 0 1 0 1 0 0 0 0
330	4	1 1 1 0 1 1 1 0 0 0 0 1 0 0 0 1
330	1	1 1 1 0 0 1 1 0 0 0 0 1 0 1 0 0
330	3	0 1 1 1 0 1 0 1 1 1 1 0 0 0 0 1
330	1	1 0 1 0 0 1 0 0 0 0 0 0 0 1 0 0
330	3	1 1 1 1 0 1 0 0 0 0 0 1 0 0 0 1
330	1	1 1 1 0 0 1 0 0 0 0 0 0 0 1 0 0
330	1	1 1 1 0 1 1 0 1 0 0 0 1 0 0 0 0
330	4	1 0 1 0 1 1 0 0 0 0 0 0 0 0 0 0
330	2	1 1 1 1 0 1 0 0 1 0 0 1 0 0 0 0
330	1	1 1 1 0 1 1 0 0 0 0 1 1 0 0 0 1
330	1	1 1 1 0 1 1 0 0 1 0 0 0 0 0 0 0
330	1	1 1 1 0 0 1 0 1 0 0 0 1 0 1 0 0
330	1	0 0 1 0 0 1 0 0 1 1 1 1 0 0 0 1
340	22	1 1 1 0 0 1 0 0 0 0 0 1 0 0 0 0
340	111	1 1 1 1 0 1 0 0 0 0 0 0 0 0 0 0
340	12	1 1 1 0 0 1 0 0 0 0 0 0 0 0 0 0
340	87	1 1 1 1 1 1 0 0 0 0 0 0 0 0 0 0
340	5	1 1 1 1 0 1 0 0 0 1 0 1 0 0 0 0
340	37	1 1 1 0 1 1 0 0 0 0 0 1 0 0 0 0
340	5	1 1 1 0 1 1 0 0 0 0 0 0 0 0 0 0
340	14	1 1 1 1 0 1 0 0 0 0 0 1 0 0 0 0
340	67	1 1 1 0 1 1 0 0 0 0 1 1 0 0 0 0
340	33	1 1 1 1 1 0 0 0 0 0 0 0 0 0 0 0
340	33	1 1 1 0 1 1 0 1 0 0 1 0 0 0 0 0
340	33	0 1 1 1 0 1 1 0 0 1 0 1 0 0 0 0
340	3	1 1 1 0 0 0 0 1 0 0 0 0 0 0 0 0
340	19	1 1 1 0 1 1 0 0 0 0 0 1 0 0 0 1
340	14	1 1 1 1 0 1 0 0 1 0 0 0 0 0 0 0
340	13	1 1 1 1 1 1 0 0 1 1 0 0 0 0 0 0
340	4	1 1 1 1 1 0 0 0 1 1 1 0 0 0 0 0
340	3	1 1 1 1 0 1 1 0 0 0 0 1 0 0 0 0
340	20	1 1 1 1 0 1 0 0 1 0 0 0 0 0 0 1
340	14	1 1 1 1 1 0 0 0 0 0 0 0 0 1 0 0
340	14	1 1 1 0 1 1 1 0 0 0 0 0 0 0 0 0
340	2	1 1 1 1 1 0 1 1 0 0 0 0 0 0 0 0
340	24	1 1 1 1 1 1 0 0 0 0 0 0 1 0 0 0
340	2	1 1 1 1 1 1 0 0 0 0 0 1 0 0 0 0
340	8	1 1 1 1 1 1 0 0 0 0 1 0 0 0 0 0
340	2	1 1 1 1 0 1 0 0 1 0 1 0 0 0 0 0
340	37	1 1 1 0 1 1 0 0 1 0 0 1 0 0 0 0
340	12	1 1 1 0 0 1 0 1 1 0 0 0 0 1 0 0
340	3	1 1 1 0 0 1 1 0 0 1 1 1 0 0 0 0
340	1	1 1 1 1 0 1 0 0 0 0 0 1 0 1 0 0
340	10	1 1 1 1 0 1 0 0 0 1 0 1 0 1 0 0
340	12	1 1 1 1 1 1 0 1 1 0 0 0 0 0 0 0
340	6	1 1 1 0 1 1 0 1 1 1 1 0 0 0 0 0
340	10	1 1 1 0 1 1 0 0 0 1 0 1 0 0 0 0
340	10	1 1 0 0 0 1 0 0 0 0 0 1 0 1 0 0
340	26	1 1 1 1 0 1 0 0 1 1 1 0 0 0 0 0
340	1	1 1 1 1 1 1 0 0 1 1 1 1 0 0 0 0
340	3	0 1 1 1 0 1 1 0 0 1 0 1 0 0 0 1
340	21	1 1 1 1 1 1 0 1 1 0 0 0 0 1 0 0
340	11	1 0 1 1 0 1 0 0 0 0 0 0 0 0 0 0
340	9	1 1 1 0 1 0 0 0 0 0 0 0 0 0 0 1
340	7	0 1 1 0 1 1 0 1 1 1 1 1 0 0 0 0
340	6	1 1 1 0 1 1 0 1 1 0 1 0 0 0 0 0
340	4	1 1 1 0 0 1 1 0 0 0 0 0 0 0 0 0
340	2	1 0 1 0 0 1 0 0 1 1 1 1 0 0 0 1
340	10	1 1 1 0 1 1 0 1 0 0 1 0 0 0 0 1
340	5	1 1 1 0 1 1 1 0 0 0 0 1 0 0 0 1
340	2	0 1 1 1 0 1 0 1 1 1 1 0 0 0 0 1
340	3	1 0 1 0 0 1 0 0 0 0 0 0 0 1 0 0
340	5	1 1 1 1 0 1 0 0 0 0 0 1 0 0 0 1
340	6	1 1 1 1 0 1 0 0 1 0 0 1 0 0 0 0
340	1	1 1 1 1 0 1 0 0 0 0 1 0 0 0 0 0
340	1	1 1 1 1 0 1 0 1 0 0 0 1 0 0 0 0
340	1	1 1 0 0 0 1 0 0 0 0 0 1 0 0 0 0
340	5	1 1 1 1 0 1 1 0 0 1 0 1 0 0 0 1
340	4	1 1 1 1 0 1 0 0 0 1 1 1 0 0 0 0
340	6	1 1 1 1 1 1 0 0 0 1 0 0 0 0 0 0
340	3	0 1 1 1 0 1 1 0 0 1 0 0 0 0 0 0
340	7	1 1 1 0 1 1 0 0 0 0 1 0 0 0 0 0
340	12	1 1 1 1 1 0 0 0 1 1 1 1 1 0 0 1
340	3	1 1 1 0 1 1 1 0 1 0 0 1 0 0 0 1
340	4	1 1 1 1 1 0 0 0 0 0 0 1 0 0 0 0
340	7	1 1 1 0 0 1 0 0 0 1 0 1 0 0 0 0
340	2	1 1 1 0 1 1 0 1 0 0 1 1 0 0 0 1
340	11	1 1 1 1 0 1 0 0 0 0 0 0 0 0 1 0
340	5	1 1 1 0 0 1 0 0 0 1 0 0 0 0 0 0
340	4	1 1 1 0 0 1 0 0 0 0 0 1 0 0 0 1
340	4	1 1 1 0 0 1 1 0 0 0 0 1 0 0 0 0
340	8	1 1 0 1 0 1 0 0 0 0 0 1 0 0 0 0
340	4	0 1 1 0 1 1 0 1 0 0 1 0 0 0 0 0
340	1	1 1 1 1 1 1 0 0 1 1 1 0 0 0 0 0
340	5	1 1 1 1 0 1 0 0 0 0 0 0 1 0 0 0
340	1	0 1 1 1 0 1 1 0 0 0 0 0 0 0 0 0
340	5	0 1 1 0 0 1 0 0 0 0 0 1 0 0 0 0
340	9	1 1 1 0 1 1 0 1 0 0 0 1 0 0 0 0
340	4	0 1 1 0 1 1 0 0 0 0 0 1 0 0 0 0
340	1	1 1 1 1 1 1 0 0 0 0 0 0 0 1 0 0
340	7	1 1 1 0 1 1 0 1 0 0 1 1 0 0 0 0
340	2	1 1 1 1 1 1 0 1 0 0 0 0 1 0 0 0
340	4	1 1 1 1 1 1 0 0 1 0 1 1 0 0 0 0
340	5	1 0 1 1 0 1 0 0 0 0 0 0 0 0 0 1
340	3	1 0 1 0 0 1 0 0 1 1 0 1 0 0 0 1
340	7	1 0 1 0 0 1 1 0 0 0 0 1 0 0 0 0
340	1	1 1 1 0 0 1 0 0 1 0 0 0 0 0 0 0
340	2	1 1 1 1 1 1 0 1 1 0 1 0 0 0 0 0
340	4	1 1 1 0 1 1 0 1 1 1 0 1 0 0 0 0
340	3	1 1 1 1 0 1 0 1 0 0 0 0 0 0 0 0
340	1	0 1 1 1 0 1 1 0 0 0 0 1 0 0 0 0
340	1	1 1 1 0 1 1 0 1 1 0 0 1 0 0 0 0
340	1	1 1 1 1 1 0 0 0 1 1 1 1 1 1 0 1
340	4	1 0 1 0 0 1 0 0 0 0 0 1 0 0 0 1
340	2	0 1 1 1 0 1 0 0 0 0 0 0 0 0 0 0
340	1	0 1 1 1 0 1 0 1 1 1 1 0 0 0 0 0
340	1	1 1 1 0 0 1 0 0 0 1 0 1 0 0 0 1
340	2	1 1 1 1 1 1 0 0 1 1 1 0 0 0 0 1
340	1	1 1 1 1 0 1 0 0 0 0 0 0 0 1 0 0
340	1	0 1 1 1 0 1 1 0 0 1 0 1 0 1 0 0
340	2	1 1 1 1 1 1 0 0 0 1 0 1 0 0 0 0
340	1	1 1 1 0 0 1 1 0 0 1 1 1 0 0 0 1
340	1	1 1 0 0 0 1 0 1 0 0 0 1 0 1 0 0
340	1	1 0 1 0 0 1 0 0 1 1 1 1 1 0 0 1
340	1	1 0 1 0 0 1 0 0 0 1 0 1 0 0 0 0
350	23	1 1 1 0 0 1 0 0 0 0 0 1 0 0 0 0
350	86	1 1 1 1 0 1 0 0 0 0 0 0 0 0 0 0
350	33	1 1 1 0 0 1 0 0 0 0 0 0 0 0 0 0
350	145	1 1 1 1 1 1 0 0 0 0 0 0 0 0 0 0
350	12	1 1 1 1 0 1 0 0 0 1 0 1 0 0 0 0
350	28	1 1 1 0 1 1 0 0 0 0 0 1 0 0 0 0
350	13	1 1 1 0 1 1 0 0 0 0 0 0 0 0 0 0
350	10	1 1 1 1 0 1 0 0 0 0 0 1 0 0 0 0
350	37	1 1 1 0 1 1 0 0 0 0 1 1 0 0 0 0
350	40	1 1 1 1 1 0 0 0 0 0 0 0 0 0 0 0
350	7	1 1 1 0 1 1 0 1 0 0 1 0 0 0 0 0
350	42	0 1 1 1 0 1 1 0 0 1 0 1 0 0 0 0
350	10	1 1 1 0 1 1 0 0 0 0 0 1 0 0 0 1
350	25	1 1 1 1 0 1 0 0 1 0 0 0 0 0 0 0
350	2	1 1 1 1 1 1 0 0 1 1 0 0 0 0 0 0
350	3	1 1 1 1 0 1 0 0 1 0 0 0 0 0 0 1
350	5	1 1 1 1 1 0 0 0 0 0 0 0 0 1 0 0
350	23	1 1 1 0 1 1 1 0 0 0 0 0 0 0 0 0
350	6	1 1 1 1 1 1 0 0 0 0 0 0 1 0 0 0
350	21	1 1 1 1 1 1 0 0 0 0 1 0 0 0 0 0
350	4	1 1 1 1 0 1 0 0 1 0 1 0 0 0 0 0
350	27	1 1 1 0 1 1 0 0 1 0 0 1 0 0 0 0
350	2	1 1 1 0 0 1 0 1 1 0 0 0 0 1 0 0
350	3	1 1 1 1 0 1 0 0 0 1 0 1 0 1 0 0
350	35	1 1 1 1 1 1 0 1 1 0 0 0 0 0 0 0
350	11	1 1 1 0 1 1 0 1 1 1 1 0 0 0 0 0
350	10	1 1 1 0 1 1 0 0 0 1 0 1 0 0 0 0
350	4	1 1 0 0 0 1 0 0 0 0 0 1 0 1 0 0
350	36	1 1 1 1 0 1 0 0 1 1 1 0 0 0 0 0
350	20	1 1 1 1 1 1 0 1 1 0 0 0 0 1 0 0
350	12	1 0 1 1 0 1 0 0 0 0 0 0 0 0 0 0
350	2	1 1 1 0 1 0 0 0 0 0 0 0 0 0 0 1
350	3	1 1 1 0 1 1 0 1 1 0 1 0 0 0 0 0
350	3	1 1 1 0 0 1 1 0 0 0 0 0 0 0 0 0
350	1	1 0 1 0 0 1 0 0 1 1 1 1 0 0 0 1
350	9	1 1 1 0 1 1 0 1 0 0 1 0 0 0 0 1
350	9	0 1 1 1 0 1 0 1 1 1 1 0 0 0 0 1
350	3	1 0 1 0 0 1 0 0 0 0 0 0 0 1 0 0
350	1	1 1 1 1 0 1 0 0 0 0 0 1 0 0 0 1
350	1	1 1 1 1 0 1 1 0 0 1 0 1 0 0 0 1
350	16	0 1 1 1 0 1 1 0 0 1 0 0 0 0 0 0
350	10	1 1 1 0 1 1 0 0 0 0 1 0 0 0 0 0
350	17	1 1 1 1 1 0 0 0 1 1 1 1 1 0 0 1
350	2	1 1 1 1 1 0 0 0 0 0 0 1 0 0 0 0
350	12	1 1 1 1 0 1 0 0 0 0 0 0 0 0 1 0
350	2	1 1 1 0 0 1 0 0 0 1 0 0 0 0 0 0
350	8	1 1 1 0 0 1 0 0 0 0 0 1 0 0 0 1
350	2	1 1 1 1 0 1 0 0 0 0 0 0 1 0 0 0
350	6	0 1 1 0 0 1 0 0 0 0 0 1 0 0 0 0
350	10	1 1 1 0 1 1 0 1 0 0 0 1 0 0 0 0
350	12	1 1 1 0 1 1 0 1 0 0 1 1 0 0 0 0
350	1	0 1 1 1 0 1 1 0 0 0 0 1 0 0 0 0
350	2	0 1 1 1 0 1 0 0 0 0 0 0 0 0 0 0
350	2	1 1 1 1 1 1 0 0 0 1 0 1 0 0 0 0
350	7	1 1 1 0 0 1 1 0 0 1 1 1 0 0 0 1
350	8	1 1 1 1 0 0 0 0 0 0 0 0 0 0 0 0
350	15	1 1 1 1 1 1 0 0 0 0 0 0 0 0 1 0
350	2	1 1 1 1 0 1 0 0 0 0 1 1 0 0 0 0
350	1	0 1 1 1 1 1 0 0 0 0 0 0 1 0 0 0
350	1	1 1 1 0 1 1 0 1 1 0 0 0 0 0 0 0
350	2	1 1 1 1 1 1 0 0 1 0 0 0 0 0 0 0
350	3	1 1 0 0 1 1 0 0 0 0 0 1 0 0 0 0
350	6	1 1 1 0 1 0 0 0 0 0 1 1 0 0 0 0
350	1	0 1 1 1 0 1 1 0 0 1 0 1 0 0 0 1
350	2	1 1 0 1 1 1 0 0 0 1 0 0 0 0 0 0
350	2	1 0 1 1 0 1 0 1 1 0 0 0 0 0 0 0
350	13	1 1 0 1 0 1 0 0 0 0 0 0 0 0 0 0
350	1	1 1 1 1 0 1 0 0 1 1 0 0 0 0 0 0
350	1	1 1 0 0 1 1 0 0 1 1 0 0 0 0 0 0
350	4	1 1 1 1 0 1 0 0 1 0 0 1 0 0 0 0
350	1	1 1 1 0 0 1 0 0 0 0 0 0 1 0 0 0
350	8	1 1 1 1 0 1 0 0 1 1 1 1 0 0 0 0
350	2	0 1 0 1 0 1 0 0 0 0 0 0 0 0 0 0
350	5	1 1 1 1 0 1 0 1 0 0 0 0 0 0 0 0
350	4	0 1 1 1 1 0 0 0 0 0 0 0 0 0 0 0
350	2	1 1 1 1 0 1 0 0 1 1 0 1 0 0 0 0
350	1	1 1 1 0 0 1 1 0 0 1 0 1 0 0 0 0
350	3	1 1 1 1 1 1 0 0 0 0 0 1 0 0 0 0
350	6	1 1 1 0 1 1 0 0 0 1 0 0 0 0 0 0
350	5	1 0 1 0 0 1 0 0 0 0 0 0 0 0 0 0
350	2	1 0 1 1 1 1 0 0 0 0 0 0 0 0 0 0
350	4	1 1 1 1 0 1 0 0 0 0 0 0 0 0 0 1
350	2	1 0 1 1 0 1 0 0 0 0 0 1 0 0 0 0
350	2	0 1 0 1 0 1 0 1 1 1 1 0 0 0 0 1
350	2	1 1 1 0 0 1 0 1 0 0 1 0 0 0 0 0
350	1	1 1 1 1 0 1 1 0 0 1 0 1 0 0 0 0
350	1	1 1 1 1 1 0 0 0 0 1 0 1 0 0 0 0
350	1	0 1 1 1 0 1 0 0 0 0 0 1 0 0 0 1
350	1	1 1 1 1 1 1 0 0 0 0 1 1 0 0 0 0
350	1	1 1 0 0 0 1 0 0 1 0 0 1 0 0 0 0
350	1	1 1 1 1 1 1 0 1 0 0 0 0 0 0 0 0
350	1	1 1 1 0 1 1 0 0 0 1 1 1 0 0 0 0
350	1	1 1 1 0 1 1 0 1 0 0 1 0 0 1 0 0
350	1	1 1 1 0 1 1 0 0 0 0 0 1 1 0 0 1
350	1	1 1 0 0 1 1 0 0 1 0 0 1 0 0 0 0
350	1	1 1 1 1 0 1 0 0 0 1 1 0 0 0 0 0
350	2	1 1 0 1 0 1 0 0 0 0 0 1 0 0 0 0
360	34	1 1 1 0 0 1 0 0 0 0 0 1 0 0 0 0
360	92	1 1 1 1 0 1 0 0 0 0 0 0 0 0 0 0
360	22	1 1 1 0 0 1 0 0 0 0 0 0 0 0 0 0
360	187	1 1 1 1 1 1 0 0 0 0 0 0 0 0 0 0
360	4	1 1 1 1 0 1 0 0 0 1 0 1 0 0 0 0
360	11	1 1 1 0 1 1 0 0 0 0 0 1 0 0 0 0
360	14	1 1 1 0 1 1 0 0 0 0 0 0 0 0 0 0
360	7	1 1 1 1 0 1 0 0 0 0 0 1 0 0 0 0
360	14	1 1 1 0 1 1 0 0 0 0 1 1 0 0 0 0
360	23	1 1 1 1 1 0 0 0 0 0 0 0 0 0 0 0
360	1	1 1 1 0 1 1 0 1 0 0 1 0 0 0 0 0
360	29	0 1 1 1 0 1 1 0 0 1 0 1 0 0 0 0
360	4	1 1 1 0 1 1 0 0 0 0 0 1 0 0 0 1
360	7	1 1 1 1 0 1 0 0 1 0 0 0 0 0 0 0
360	13	1 1 1 1 0 1 0 0 1 0 0 0 0 0 0 1
360	12	1 1 1 0 1 1 1 0 0 0 0 0 0 0 0 0
360	15	1 1 1 1 1 1 0 0 0 0 1 0 0 0 0 0
360	42	1 1 1 0 1 1 0 0 1 0 0 1 0 0 0 0
360	14	1 1 1 1 1 1 0 1 1 0 0 0 0 0 0 0
360	8	1 1 1 0 1 1 0 1 1 1 1 0 0 0 0 0
360	16	1 1 1 0 1 1 0 0 0 1 0 1 0 0 0 0
360	6	1 1 0 0 0 1 0 0 0 0 0 1 0 1 0 0
360	37	1 1 1 1 0 1 0 0 1 1 1 0 0 0 0 0
360	7	1 1 1 1 1 1 0 1 1 0 0 0 0 1 0 0
360	9	1 1 1 0 0 1 1 0 0 0 0 0 0 0 0 0
360	9	0 1 1 1 0 1 0 1 1 1 1 0 0 0 0 1
360	18	0 1 1 1 0 1 1 0 0 1 0 0 0 0 0 0
360	8	1 1 1 0 1 1 0 0 0 0 1 0 0 0 0 0
360	22	1 1 1 1 1 0 0 0 1 1 1 1 1 0 0 1
360	6	1 1 1 0 0 1 0 0 0 0 0 1 0 0 0 1
360	12	0 1 1 0 0 1 0 0 0 0 0 1 0 0 0 0
360	31	1 1 1 0 1 1 0 1 0 0 0 1 0 0 0 0
360	1	1 1 1 0 1 1 0 1 0 0 1 1 0 0 0 0
360	5	1 1 1 1 1 1 0 0 0 1 0 1 0 0 0 0
360	16	1 1 1 0 0 1 1 0 0 1 1 1 0 0 0 1
360	3	1 1 1 1 0 0 0 0 0 0 0 0 0 0 0 0
360	12	1 1 1 1 1 1 0 0 0 0 0 0 0 0 1 0
360	6	1 0 1 1 0 1 0 1 1 0 0 0 0 0 0 0
360	24	1 1 0 1 0 1 0 0 0 0 0 0 0 0 0 0
360	8	1 1 1 1 0 1 0 0 1 0 0 1 0 0 0 0
360	18	1 1 1 1 0 1 0 0 1 1 1 1 0 0 0 0
360	4	1 1 1 1 0 1 0 1 0 0 0 0 0 0 0 0
360	1	1 1 1 1 0 1 0 0 1 1 0 1 0 0 0 0
360	38	1 1 1 1 1 1 0 0 0 0 0 1 0 0 0 0
360	2	1 1 1 0 1 1 0 0 0 1 0 0 0 0 0 0
360	2	1 0 1 0 0 1 0 0 0 0 0 0 0 0 0 0
360	2	1 0 1 1 1 1 0 0 0 0 0 0 0 0 0 0
360	4	1 0 1 1 0 1 0 0 0 0 0 1 0 0 0 0
360	2	1 1 1 0 1 1 0 0 0 0 0 1 1 0 0 1
360	14	1 1 1 1 0 1 0 0 0 1 1 0 0 0 0 0
360	5	1 1 1 1 1 1 0 0 0 0 0 0 0 1 0 0
360	11	0 1 1 0 1 1 0 0 0 0 0 1 0 0 0 1
360	3	0 1 0 1 0 1 0 1 1 1 0 1 0 1 0 0
360	4	1 1 1 1 1 0 0 0 0 0 1 0 0 0 0 0
360	2	1 1 1 1 1 0 0 1 1 0 0 0 0 0 0 0
360	3	1 1 0 1 0 1 0 0 1 1 1 0 0 0 0 0
360	1	1 1 1 1 0 1 0 0 1 0 0 0 1 0 0 0
360	1	1 1 1 0 1 1 0 0 1 0 1 1 0 0 0 0
360	6	0 1 1 1 0 1 0 0 0 1 1 0 0 0 0 0
360	3	0 1 1 1 0 1 1 0 0 1 0 0 0 0 1 0
360	3	1 1 1 1 0 1 0 0 1 1 1 1 1 0 0 1
360	3	1 1 1 1 1 1 0 0 0 1 0 0 0 0 0 0
360	1	0 0 1 1 0 1 1 0 0 1 0 0 0 0 0 0
360	1	1 1 0 1 1 1 0 0 0 0 0 0 0 0 0 0
360	1	1 1 1 1 1 0 0 0 0 1 0 0 0 0 0 0
360	10	1 1 1 1 0 1 0 1 0 1 0 1 0 0 0 0
360	1	0 1 1 1 0 1 0 0 0 1 0 1 0 0 0 0
360	3	1 1 1 1 0 1 1 0 0 0 0 0 0 0 0 0
360	6	0 1 1 1 0 1 0 0 1 1 1 1 0 0 0 0
360	1	1 1 1 0 1 1 1 0 0 0 1 0 0 0 0 0
360	2	1 1 1 0 1 1 0 1 1 0 1 0 0 0 0 0
360	2	1 1 1 0 1 1 0 0 0 1 0 1 1 0 0 0
360	2	1 1 1 1 1 0 0 1 1 0 0 0 0 1 0 0
360	1	0 1 1 1 1 0 0 0 0 0 0 1 0 0 0 0
360	1	1 0 1 1 0 1 0 0 1 0 0 0 0 0 0 0
360	3	1 1 1 0 1 1 0 1 0 0 0 1 0 0 1 0
360	2	1 1 1 0 1 1 0 0 1 0 0 0 0 0 0 0
360	1	0 1 1 1 1 1 0 0 0 0 0 0 0 0 0 0
360	1	1 1 1 0 1 1 0 1 0 0 0 0 0 1 0 0
360	2	1 1 0 1 1 1 0 1 0 0 0 1 0 0 0 0
360	2	1 1 1 1 1 1 0 0 0 0 0 0 1 0 0 0
360	5	1 1 1 1 1 1 1 0 0 0 0 0 0 0 0 0
360	1	1 0 1 1 1 1 0 1 1 0 0 0 0 0 0 0
360	2	1 1 1 0 0 1 1 0 0 1 1 1 0 0 0 0
360	4	1 0 1 1 0 1 0 0 1 1 1 1 0 0 0 0
360	2	1 1 1 1 0 1 0 0 1 1 1 1 1 0 0 0
360	2	1 1 1 1 0 1 0 1 0 1 0 1 1 0 0 0
370	55	1 1 1 0 0 1 0 0 0 0 0 1 0 0 0 0
370	76	1 1 1 1 0 1 0 0 0 0 0 0 0 0 0 0
370	24	1 1 1 0 0 1 0 0 0 0 0 0 0 0 0 0
370	140	1 1 1 1 1 1 0 0 0 0 0 0 0 0 0 0
370	12	1 1 1 1 0 1 0 0 0 1 0 1 0 0 0 0
370	5	1 1 1 0 1 1 0 0 0 0 0 1 0 0 0 0
370	2	1 1 1 1 0 1 0 0 0 0 0 1 0 0 0 0
370	1	1 1 1 0 1 1 0 0 0 0 1 1 0 0 0 0
370	12	1 1 1 1 1 0 0 0 0 0 0 0 0 0 0 0
370	22	0 1 1 1 0 1 1 0 0 1 0 1 0 0 0 0
370	6	1 1 1 0 1 1 0 0 0 0 0 1 0 0 0 1
370	4	1 1 1 1 0 1 0 0 1 0 0 0 0 0 0 0
370	8	1 1 1 1 0 1 0 0 1 0 0 0 0 0 0 1
370	3	1 1 1 0 1 1 1 0 0 0 0 0 0 0 0 0
370	20	1 1 1 1 1 1 0 0 0 0 1 0 0 0 0 0
370	32	1 1 1 0 1 1 0 0 1 0 0 1 0 0 0 0
370	27	1 1 1 1 1 1 0 1 1 0 0 0 0 0 0 0
370	5	1 1 1 0 1 1 0 1 1 1 1 0 0 0 0 0
370	2	1 1 1 0 1 1 0 0 0 1 0 1 0 0 0 0
370	42	1 1 1 1 0 1 0 0 1 1 1 0 0 0 0 0
370	10	1 1 1 1 1 1 0 1 1 0 0 0 0 1 0 0
370	16	1 1 1 0 0 1 1 0 0 0 0 0 0 0 0 0
370	11	0 1 1 1 0 1 0 1 1 1 1 0 0 0 0 1
370	5	0 1 1 1 0 1 1 0 0 1 0 0 0 0 0 0
370	11	1 1 1 0 1 1 0 0 0 0 1 0 0 0 0 0
370	10	1 1 1 1 1 0 0 0 1 1 1 1 1 0 0 1
370	10	1 1 1 0 0 1 0 0 0 0 0 1 0 0 0 1
370	12	1 1 1 0 1 1 0 1 0 0 0 1 0 0 0 0
370	40	1 1 1 1 1 1 0 0 0 1 0 1 0 0 0 0
370	42	1 1 1 0 0 1 1 0 0 1 1 1 0 0 0 1
370	17	1 1 1 1 1 1 0 0 0 0 0 0 0 0 1 0
370	6	1 0 1 1 0 1 0 1 1 0 0 0 0 0 0 0
370	25	1 1 0 1 0 1 0 0 0 0 0 0 0 0 0 0
370	6	1 1 1 1 0 1 0 0 1 0 0 1 0 0 0 0
370	21	1 1 1 1 0 1 0 0 1 1 1 1 0 0 0 0
370	31	1 1 1 1 1 1 0 0 0 0 0 1 0 0 0 0
370	2	1 0 1 1 1 1 0 0 0 0 0 0 0 0 0 0
370	15	1 1 1 1 0 1 0 0 0 1 1 0 0 0 0 0
370	6	0 1 1 0 1 1 0 0 0 0 0 1 0 0 0 1
370	17	1 1 0 1 0 1 0 0 1 1 1 0 0 0 0 0
370	7	0 1 1 1 0 1 0 0 0 1 1 0 0 0 0 0
370	6	1 1 0 1 1 1 0 0 0 0 0 0 0 0 0 0
370	7	1 1 1 1 0 1 0 1 0 1 0 1 0 0 0 0
370	15	1 1 1 1 0 1 1 0 0 0 0 0 0 0 0 0
370	9	1 1 1 0 1 1 0 1 0 0 0 1 0 0 1 0
370	6	1 1 1 0 1 1 0 0 1 0 0 0 0 0 0 0
370	5	1 1 1 1 1 1 0 0 0 0 0 0 1 0 0 0
370	6	1 1 1 1 1 1 1 0 0 0 0 0 0 0 0 0
370	4	1 0 1 1 0 1 0 0 1 1 1 1 0 0 0 0
370	8	1 1 1 1 0 1 1 0 0 1 0 1 0 0 0 0
370	3	1 1 1 1 0 1 0 0 1 1 0 0 0 0 0 0
370	2	0 1 1 1 0 1 0 1 0 1 0 1 0 0 0 0
370	2	1 1 1 1 1 0 0 0 1 1 0 1 1 0 0 1
370	11	0 1 1 1 0 1 1 0 0 0 0 0 0 0 0 0
370	8	1 1 1 1 1 1 0 0 1 0 0 1 0 0 0 0
370	1	1 1 1 1 1 1 0 1 1 0 1 0 0 1 0 0
370	15	1 1 1 0 1 1 0 0 1 0 1 1 0 0 0 0
370	2	1 1 1 1 1 1 0 0 0 0 1 1 0 0 0 0
370	2	1 1 1 0 1 1 0 1 0 0 0 0 0 0 0 0
370	7	1 1 1 0 0 1 0 0 0 0 1 1 0 0 0 0
370	3	1 1 0 1 0 1 0 0 0 0 0 0 0 0 1 0
370	1	1 1 1 0 0 1 1 0 1 0 0 0 0 0 0 0
370	2	0 1 1 1 0 1 0 1 1 1 1 0 0 0 1 1
370	4	0 1 1 1 0 1 0 0 1 1 1 0 0 0 0 1
370	4	1 0 1 0 1 1 0 1 0 0 0 1 0 0 0 0
370	4	1 0 0 1 0 1 0 1 1 0 0 0 0 0 0 0
370	2	1 1 1 1 1 0 0 1 0 1 0 1 0 0 0 0
370	1	1 1 1 1 0 1 1 0 0 1 0 0 0 0 0 0
370	1	1 1 1 1 0 1 0 0 0 0 0 0 0 0 0 1
370	2	1 1 1 1 1 1 0 1 0 0 0 0 0 0 0 0
370	1	1 0 1 0 1 1 0 1 1 1 1 0 0 0 0 0
370	6	1 1 1 1 0 1 0 0 1 1 1 0 0 0 1 0
370	1	1 1 1 0 0 1 1 0 0 0 0 1 0 0 0 1
370	3	1 1 1 1 1 1 0 1 1 1 1 0 0 0 0 1
370	3	1 1 1 1 1 1 0 0 0 1 0 0 0 0 0 0
370	2	1 1 1 0 0 1 1 0 0 0 1 0 0 0 0 0
370	2	0 1 1 1 1 1 0 0 0 0 0 0 0 0 0 0
370	1	1 1 1 1 0 1 0 0 0 0 1 0 0 0 0 0
370	1	1 1 1 1 1 0 0 0 0 1 1 1 1 0 0 1
370	2	0 1 1 0 0 1 0 0 0 0 0 1 0 0 0 1
370	2	0 1 1 1 0 1 0 0 1 1 1 1 0 0 0 0
370	3	0 1 1 0 0 1 1 0 1 0 0 0 0 0 0 0
370	1	1 1 1 0 0 1 1 0 0 1 0 0 0 0 0 0
370	1	1 1 1 1 1 1 0 0 1 0 0 0 0 0 0 1
370	1	1 1 1 0 0 1 0 0 0 1 1 0 0 0 0 0
370	1	1 1 1 1 1 1 1 0 0 0 0 0 0 0 0 1
370	4	1 1 1 1 0 0 0 0 0 0 0 0 0 0 0 0
370	3	1 1 1 1 1 1 0 0 0 0 0 0 0 0 0 1
370	1	0 1 1 0 0 1 0 0 0 0 0 1 0 1 0 1
380	25	1 1 1 0 0 1 0 0 0 0 0 1 0 0 0 0
380	90	1 1 1 1 0 1 0 0 0 0 0 0 0 0 0 0
380	15	1 1 1 0 0 1 0 0 0 0 0 0 0 0 0 0
380	140	1 1 1 1 1 1 0 0 0 0 0 0 0 0 0 0
380	27	1 1 1 1 0 1 0 0 0 1 0 1 0 0 0 0
380	16	1 1 1 1 0 1 0 0 0 0 0 1 0 0 0 0
380	23	0 1 1 1 0 1 1 0 0 1 0 1 0 0 0 0
380	5	1 1 1 1 1 1 0 0 0 0 1 0 0 0 0 0
380	15	1 1 1 0 1 1 0 0 1 0 0 1 0 0 0 0
380	31	1 1 1 1 1 1 0 1 1 0 0 0 0 0 0 0
380	12	1 1 1 0 1 1 0 1 1 1 1 0 0 0 0 0
380	2	1 1 1 0 1 1 0 0 0 1 0 1 0 0 0 0
380	29	1 1 1 1 0 1 0 0 1 1 1 0 0 0 0 0
380	13	1 1 1 1 1 1 0 1 1 0 0 0 0 1 0 0
380	18	1 1 1 0 0 1 1 0 0 0 0 0 0 0 0 0
380	3	0 1 1 1 0 1 0 1 1 1 1 0 0 0 0 1
380	2	1 1 1 0 1 1 0 0 0 0 1 0 0 0 0 0
380	11	1 1 1 0 0 1 0 0 0 0 0 1 0 0 0 1
380	14	1 1 1 0 1 1 0 1 0 0 0 1 0 0 0 0
380	31	1 1 1 1 1 1 0 0 0 1 0 1 0 0 0 0
380	48	1 1 1 0 0 1 1 0 0 1 1 1 0 0 0 1
380	26	1 1 1 1 1 1 0 0 0 0 0 0 0 0 1 0
380	25	1 1 0 1 0 1 0 0 0 0 0 0 0 0 0 0
380	26	1 1 1 1 0 1 0 0 1 1 1 1 0 0 0 0
380	27	1 1 1 1 1 1 0 0 0 0 0 1 0 0 0 0
380	20	1 1 1 1 0 1 0 0 0 1 1 0 0 0 0 0
380	5	0 1 1 0 1 1 0 0 0 0 0 1 0 0 0 1
380	10	1 1 0 1 0 1 0 0 1 1 1 0 0 0 0 0
380	11	0 1 1 1 0 1 0 0 0 1 1 0 0 0 0 0
380	3	1 1 0 1 1 1 0 0 0 0 0 0 0 0 0 0
380	7	1 1 1 1 0 1 0 1 0 1 0 1 0 0 0 0
380	21	1 1 1 1 0 1 1 0 0 0 0 0 0 0 0 0
380	6	1 1 1 0 1 1 0 1 0 0 0 1 0 0 1 0
380	7	1 1 1 1 1 1 0 0 0 0 0 0 1 0 0 0
380	15	1 1 1 1 1 1 1 0 0 0 0 0 0 0 0 0
380	2	1 0 1 1 0 1 0 0 1 1 1 1 0 0 0 0
380	7	1 1 1 1 1 1 0 1 1 0 1 0 0 1 0 0
380	7	1 1 1 0 1 1 0 0 1 0 1 1 0 0 0 0
380	6	1 1 1 1 1 1 0 0 0 0 1 1 0 0 0 0
380	1	1 1 0 1 0 1 0 0 0 0 0 0 0 0 1 0
380	10	1 1 1 1 1 0 0 1 0 1 0 1 0 0 0 0
380	8	1 1 1 1 0 1 0 0 1 1 1 0 0 0 1 0
380	3	1 1 1 1 1 1 0 1 1 1 1 0 0 0 0 1
380	15	0 1 1 1 1 1 0 0 0 0 0 0 0 0 0 0
380	3	0 1 1 0 0 1 0 0 0 0 0 1 0 0 0 1
380	6	0 1 1 1 0 1 0 0 1 1 1 1 0 0 0 0
380	9	1 1 1 1 0 0 0 0 0 0 0 0 0 0 0 0
380	9	1 1 1 1 0 1 1 0 1 1 0 1 0 0 0 0
380	1	0 1 0 1 0 1 0 0 1 1 1 0 0 0 0 0
380	16	1 1 1 0 1 1 1 0 1 0 0 1 0 0 0 0
380	1	1 1 1 0 0 1 1 0 0 1 0 1 0 0 0 1
380	9	1 1 1 0 0 1 0 1 0 0 0 1 0 0 0 0
380	1	1 1 1 0 0 1 0 0 1 0 0 1 0 0 0 0
380	2	1 1 1 0 0 1 0 0 0 0 0 0 0 0 1 0
380	1	0 1 1 1 0 1 0 0 0 0 0 0 0 0 0 0
380	8	1 1 1 1 1 1 0 0 1 0 0 0 0 0 0 0
380	4	0 1 1 1 0 1 1 0 0 1 1 1 0 0 0 0
380	1	1 1 0 1 0 1 0 0 0 0 0 1 0 0 0 0
380	4	1 1 1 1 1 1 0 0 0 0 0 1 0 1 0 0
380	1	1 0 1 0 1 1 0 1 1 0 0 1 0 0 0 0
380	19	1 1 1 1 1 1 0 0 0 1 1 1 0 0 0 0
380	5	1 1 1 1 0 1 0 0 0 0 0 0 0 0 0 1
380	1	1 1 1 1 1 1 0 0 0 1 0 0 0 0 0 0
380	5	1 1 1 1 0 1 0 0 0 1 1 1 0 0 0 0
380	1	1 1 1 1 1 1 1 0 0 0 0 1 0 0 1 0
380	3	1 0 1 1 1 1 0 1 1 0 1 0 0 1 0 0
380	3	1 0 1 1 0 1 0 0 0 0 0 0 0 0 0 0
380	3	1 0 1 1 1 1 0 0 0 0 0 0 0 0 0 0
380	3	1 1 0 1 0 1 1 0 0 0 0 0 0 0 0 0
380	2	1 1 1 1 1 1 0 0 1 0 0 1 0 0 0 0
380	2	1 1 1 0 0 1 0 0 1 1 1 0 0 0 0 0
380	1	0 1 1 0 0 1 1 0 0 1 1 1 0 0 0 1
380	1	1 1 1 1 0 1 0 0 1 1 0 0 0 0 1 0
380	4	1 0 1 1 1 1 0 0 1 1 1 0 0 0 0 0
380	1	1 1 1 0 1 1 0 0 0 1 1 0 0 0 0 0
380	2	1 1 1 0 0 1 1 0 0 0 0 0 1 0 0 0
380	2	1 1 1 0 0 1 1 0 0 1 1 1 0 0 1 1
380	6	1 1 0 1 0 1 0 1 0 0 0 0 0 0 0 0
380	1	1 1 1 1 0 1 0 0 0 0 1 1 0 0 0 0
380	3	0 1 1 1 1 1 0 1 1 0 0 0 0 0 0 0
380	1	1 1 1 1 0 0 0 0 1 1 1 0 0 0 0 0
380	3	0 1 1 1 0 1 0 1 1 1 1 0 0 1 0 1
380	1	1 1 1 0 0 1 1 0 0 1 1 1 0 1 0 1
380	1	1 1 1 0 0 1 0 0 1 0 1 1 0 0 0 0
380	1	1 1 1 1 1 1 0 0 0 1 0 1 0 0 1 0
380	1	1 1 0 1 1 1 0 0 0 0 0 0 0 0 0 1
380	2	1 1 1 0 1 1 0 1 0 1 1 0 0 0 0 0
380	1	1 1 1 0 1 1 0 1 0 0 0 0 0 0 0 0
380	2	0 1 1 1 1 1 0 0 0 1 0 1 0 0 0 0
380	1	1 1 1 1 0 1 0 0 0 1 1 0 0 0 0 1
380	1	1 1 1 1 0 1 0 1 0 1 0 1 0 1 0 0
380	1	1 1 1 1 1 1 0 1 0 0 0 1 0 0 1 0
380	1	0 1 1 1 0 1 0 0 1 0 1 1 0 0 0 0
380	1	1 1 1 1 1 1 0 0 0 0 0 1 0 1 1 0
390	51	1 1 1 0 0 1 0 0 0 0 0 1 0 0 0 0
390	89	1 1 1 1 0 1 0 0 0 0 0 0 0 0 0 0
390	17	1 1 1 0 0 1 0 0 0 0 0 0 0 0 0 0
390	152	1 1 1 1 1 1 0 0 0 0 0 0 0 0 0 0
390	7	1 1 1 1 0 1 0 0 0 1 0 1 0 0 0 0
390	1	1 1 1 1 0 1 0 0 0 0 0 1 0 0 0 0
390	31	0 1 1 1 0 1 1 0 0 1 0 1 0 0 0 0
390	11	1 1 1 1 1 1 0 0 0 0 1 0 0 0 0 0
390	8	1 1 1 0 1 1 0 0 1 0 0 1 0 0 0 0
390	27	1 1 1 1 1 1 0 1 1 0 0 0 0 0 0 0
390	11	1 1 1 0 1 1 0 1 1 1 1 0 0 0 0 0
390	27	1 1 1 1 0 1 0 0 1 1 1 0 0 0 0 0
390	12	1 1 1 1 1 1 0 1 1 0 0 0 0 1 0 0
390	20	1 1 1 0 0 1 1 0 0 0 0 0 0 0 0 0
390	2	0 1 1 1 0 1 0 1 1 1 1 0 0 0 0 1
390	21	1 1 1 0 1 1 0 1 0 0 0 1 0 0 0 0
390	43	1 1 1 1 1 1 0 0 0 1 0 1 0 0 0 0
390	35	1 1 1 0 0 1 1 0 0 1 1 1 0 0 0 1
390	16	1 1 1 1 1 1 0 0 0 0 0 0 0 0 1 0
390	35	1 1 0 1 0 1 0 0 0 0 0 0 0 0 0 0
390	42	1 1 1 1 0 1 0 0 1 1 1 1 0 0 0 0
390	41	1 1 1 1 1 1 0 0 0 0 0 1 0 0 0 0
390	9	0 1 1 0 1 1 0 0 0 0 0 1 0 0 0 1
390	9	1 1 0 1 0 1 0 0 1 1 1 0 0 0 0 0
390	3	0 1 1 1 0 1 0 0 0 1 1 0 0 0 0 0
390	17	1 1 1 1 0 1 1 0 0 0 0 0 0 0 0 0
390	2	1 1 1 1 1 1 0 0 0 0 0 0 1 0 0 0
390	17	1 1 1 1 1 1 1 0 0 0 0 0 0 0 0 0
390	13	1 0 1 1 0 1 0 0 1 1 1 1 0 0 0 0
390	3	1 1 1 1 1 1 0 1 1 0 1 0 0 1 0 0
390	5	1 1 1 0 1 1 0 0 1 0 1 1 0 0 0 0
390	2	1 1 1 1 1 1 0 0 0 0 1 1 0 0 0 0
390	2	0 1 1 1 1 1 0 0 0 0 0 0 0 0 0 0
390	16	0 1 1 1 0 1 0 0 1 1 1 1 0 0 0 0
390	2	1 1 1 1 0 0 0 0 0 0 0 0 0 0 0 0
390	24	1 1 1 1 0 1 1 0 1 1 0 1 0 0 0 0
390	1	1 1 1 0 1 1 1 0 1 0 0 1 0 0 0 0
390	10	1 1 1 0 0 1 0 1 0 0 0 1 0 0 0 0
390	17	0 1 1 1 0 1 1 0 0 1 1 1 0 0 0 0
390	11	1 1 1 1 1 1 0 0 0 1 1 1 0 0 0 0
390	7	1 1 1 1 0 1 0 0 0 0 0 0 0 0 0 1
390	7	1 1 0 1 0 1 1 0 0 0 0 0 0 0 0 0
390	11	1 1 1 0 1 1 0 0 0 1 1 0 0 0 0 0
390	3	1 1 1 1 1 1 0 0 0 1 0 1 0 0 1 0
390	1	1 1 1 1 1 1 0 0 0 0 0 1 0 1 1 0
390	2	1 1 1 0 1 1 1 0 0 0 0 0 0 0 0 0
390	3	1 0 1 0 0 1 1 0 0 1 1 1 0 0 0 1
390	4	1 1 1 0 0 1 0 0 0 1 0 1 0 0 0 0
390	3	1 1 1 0 0 1 1 0 0 1 1 1 0 0 0 0
390	1	1 1 1 0 0 1 1 1 0 0 0 1 0 0 0 0
390	9	1 0 1 1 0 1 1 0 0 0 0 0 0 0 0 0
390	4	0 1 1 1 0 1 1 0 0 1 0 1 0 0 1 0
390	5	0 1 1 1 0 1 0 0 0 0 0 0 0 0 0 0
390	1	1 1 1 0 0 1 0 0 1 0 1 0 0 1 0 0
390	1	1 1 1 0 1 1 0 0 1 1 0 1 0 0 0 0
390	2	1 1 1 1 0 1 0 0 1 1 1 0 0 0 0 1
390	2	1 1 1 1 0 1 1 0 0 0 0 0 1 0 0 0
390	6	1 1 1 1 0 1 0 0 0 0 0 0 0 1 0 0
390	2	1 1 1 0 1 1 0 0 0 0 0 1 0 0 0 0
390	11	1 1 1 1 1 1 0 1 1 1 0 0 0 1 0 0
390	1	1 1 1 1 1 1 0 0 1 1 1 1 0 0 0 0
390	2	1 1 1 1 1 0 0 0 0 0 0 0 0 0 0 0
390	1	1 1 1 1 1 1 1 0 0 1 0 1 0 0 0 0
390	2	1 1 1 1 0 1 0 1 1 1 1 1 0 0 0 0
390	3	1 0 1 1 1 1 1 0 0 0 0 0 0 0 0 0
390	1	1 1 1 1 0 0 1 0 1 1 0 1 0 0 0 0
390	3	1 1 1 1 0 1 0 0 0 0 0 0 0 0 1 0
390	1	1 1 1 0 1 1 0 1 1 1 1 1 0 0 0 1
390	2	1 1 1 0 1 0 0 1 1 1 1 0 0 0 0 0
390	1	1 1 1 1 0 1 0 0 1 1 0 0 0 0 0 0
390	2	1 1 1 0 0 1 1 0 0 1 1 0 0 0 0 1
390	1	0 1 1 1 1 1 0 0 1 0 0 0 0 0 0 0
390	2	1 1 0 1 0 1 0 1 0 0 0 0 0 0 0 1
390	2	1 1 1 1 1 1 0 0 0 0 0 1 0 1 0 0
390	6	1 1 1 0 0 1 1 1 0 0 0 1 0 1 0 0
390	2	0 0 1 1 0 1 1 0 0 0 0 0 0 0 0 0
390	2	1 1 1 1 0 1 1 0 1 1 1 1 0 0 1 0
390	1	1 1 1 0 1 1 0 0 0 0 0 0 0 0 1 0
390	3	1 1 1 1 1 1 0 0 0 1 1 1 0 0 0 1
390	3	1 1 1 1 1 1 0 1 0 0 0 0 0 0 0 0
390	3	1 1 1 0 0 1 0 0 1 1 1 0 0 0 0 0
390	2	1 1 1 1 1 1 0 0 0 0 0 0 0 1 0 0
390	1	0 1 1 1 0 1 1 0 0 0 0 0 0 1 0 0
390	1	1 1 1 0 0 1 1 0 0 0 0 1 0 0 0 0
390	1	1 1 0 1 1 1 0 0 0 0 0 0 0 0 0 0
390	2	1 1 1 1 0 1 1 0 0 1 0 1 0 0 0 0
390	1	1 0 1 1 1 1 0 0 0 1 0 1 0 0 0 0
390	1	1 1 0 0 0 1 0 1 0 0 0 1 0 0 0 0
400	45	1 1 1 0 0 1 0 0 0 0 0 1 0 0 0 0
400	56	1 1 1 1 0 1 0 0 0 0 0 0 0 0 0 0
400	45	1 1 1 0 0 1 0 0 0 0 0 0 0 0 0 0
400	84	1 1 1 1 1 1 0 0 0 0 0 0 0 0 0 0
400	22	0 1 1 1 0 1 1 0 0 1 0 1 0 0 0 0
400	27	1 1 1 1 1 1 0 0 0 0 1 0 0 0 0 0
400	2	1 1 1 0 1 1 0 0 1 0 0 1 0 0 0 0
400	31	1 1 1 1 1 1 0 1 1 0 0 0 0 0 0 0
400	1	1 1 1 0 1 1 0 1 1 1 1 0 0 0 0 0
400	79	1 1 1 1 0 1 0 0 1 1 1 0 0 0 0 0
400	8	1 1 1 1 1 1 0 1 1 0 0 0 0 1 0 0
400	3	1 1 1 0 0 1 1 0 0 0 0 0 0 0 0 0
400	5	1 1 1 0 1 1 0 1 0 0 0 1 0 0 0 0
400	24	1 1 1 1 1 1 0 0 0 1 0 1 0 0 0 0
400	15	1 1 1 0 0 1 1 0 0 1 1 1 0 0 0 1
400	22	1 1 1 1 1 1 0 0 0 0 0 0 0 0 1 0
400	39	1 1 0 1 0 1 0 0 0 0 0 0 0 0 0 0
400	41	1 1 1 1 0 1 0 0 1 1 1 1 0 0 0 0
400	33	1 1 1 1 1 1 0 0 0 0 0 1 0 0 0 0
400	16	0 1 1 0 1 1 0 0 0 0 0 1 0 0 0 1
400	7	1 1 0 1 0 1 0 0 1 1 1 0 0 0 0 0
400	5	1 1 1 1 0 1 1 0 0 0 0 0 0 0 0 0
400	45	1 1 1 1 1 1 1 0 0 0 0 0 0 0 0 0
400	24	1 0 1 1 0 1 0 0 1 1 1 1 0 0 0 0
400	3	1 1 1 1 1 1 0 1 1 0 1 0 0 1 0 0
400	7	0 1 1 1 0 1 0 0 1 1 1 1 0 0 0 0
400	52	1 1 1 1 0 1 1 0 1 1 0 1 0 0 0 0
400	12	0 1 1 1 0 1 1 0 0 1 1 1 0 0 0 0
400	18	1 1 1 1 1 1 0 0 0 1 1 1 0 0 0 0
400	10	1 1 1 1 0 1 0 0 0 0 0 0 0 0 0 1
400	1	1 1 1 0 1 1 0 0 0 1 1 0 0 0 0 0
400	2	1 1 1 1 1 1 0 0 0 1 0 1 0 0 1 0
400	11	1 0 1 0 0 1 1 0 0 1 1 1 0 0 0 1
400	8	1 0 1 1 0 1 1 0 0 0 0 0 0 0 0 0
400	5	0 1 1 1 0 1 1 0 0 1 0 1 0 0 1 0
400	10	1 1 1 0 1 1 0 0 1 1 0 1 0 0 0 0
400	4	1 1 1 1 0 1 0 0 0 0 0 0 0 1 0 0
400	14	1 1 1 1 1 1 0 1 1 1 0 0 0 1 0 0
400	14	1 1 1 1 1 0 0 0 0 0 0 0 0 0 0 0
400	1	1 1 0 1 0 1 0 1 0 0 0 0 0 0 0 1
400	1	1 1 1 1 1 1 0 0 0 0 0 1 0 1 0 0
400	3	1 1 1 1 0 1 1 0 1 1 1 1 0 0 1 0
400	3	1 1 1 1 1 1 0 1 0 0 0 0 0 0 0 0
400	1	1 1 1 1 0 1 1 0 0 1 0 1 0 0 0 0
400	8	1 1 1 1 0 1 0 0 1 1 1 1 0 0 0 1
400	1	1 0 1 1 1 1 0 0 0 0 0 1 0 0 0 0
400	11	1 1 1 0 0 1 1 0 0 0 0 0 0 0 0 1
400	12	1 1 0 1 0 0 0 0 0 0 0 0 0 0 0 0
400	3	1 1 1 1 1 1 1 0 0 0 1 0 0 0 0 0
400	2	0 1 1 1 0 1 0 0 1 1 0 1 0 0 0 0
400	2	1 1 1 0 0 1 0 1 0 0 0 1 1 0 0 0
400	1	1 0 1 1 1 1 0 0 0 0 0 0 0 0 0 0
400	4	1 1 1 1 1 1 0 0 0 0 0 0 0 0 0 1
400	6	1 1 1 0 0 1 0 0 1 0 1 0 0 0 0 0
400	2	1 1 1 1 0 1 0 0 0 0 0 0 0 0 1 0
400	1	1 1 1 1 0 1 1 0 1 1 1 1 0 0 0 0
400	4	1 1 1 1 1 1 0 0 0 0 1 1 0 0 0 1
400	1	1 1 1 0 1 1 0 0 0 1 0 1 0 0 0 0
400	1	1 1 1 0 0 1 1 0 1 1 0 1 0 0 0 0
400	5	1 1 1 0 1 1 0 0 0 0 0 0 0 0 0 1
400	3	1 1 1 1 0 1 0 0 0 0 1 0 0 0 0 0
400	2	1 1 1 1 1 1 0 0 1 0 0 1 0 0 0 1
400	6	1 1 1 1 1 1 0 0 0 1 0 0 0 0 1 0
400	4	1 1 1 1 1 1 0 0 0 1 1 1 0 1 0 0
400	3	1 1 1 1 0 1 0 0 0 0 1 0 0 0 0 1
400	2	1 1 1 0 1 1 0 1 0 0 1 1 0 0 0 1
400	1	1 1 1 1 1 1 0 0 0 1 0 1 0 0 0 1
400	1	0 1 1 0 1 1 0 0 0 0 0 1 0 0 0 0
400	5	1 1 1 1 0 1 0 0 0 0 0 1 0 0 0 0
400	1	1 1 1 1 0 1 0 0 0 0 0 0 1 0 0 0
400	4	1 1 1 0 1 1 0 0 0 0 0 1 0 0 0 0
400	3	1 1 1 1 0 1 1 0 0 1 0 1 1 0 0 0
400	1	1 1 1 0 0 1 0 0 1 1 1 0 0 0 0 0
400	4	1 1 1 1 1 1 0 0 0 0 0 0 0 1 0 0
400	3	1 1 1 0 0 1 0 0 0 0 1 1 0 0 0 0
400	1	1 1 1 1 1 0 0 0 0 0 1 0 0 0 0 0
400	2	0 1 1 1 0 1 0 0 1 1 1 0 0 0 0 0
400	2	1 1 0 1 0 1 0 0 0 0 0 0 1 0 0 0
400	1	1 0 0 0 0 1 1 0 0 1 1 1 0 0 0 1
400	3	1 1 1 1 0 1 0 0 0 0 0 0 0 1 0 1
400	1	1 1 1 0 0 1 1 1 0 0 0 1 1 0 0 0
400	2	1 1 1 0 0 1 0 1 0 1 0 1 1 0 0 0
400	3	1 1 1 1 0 1 0 1 1 1 0 0 0 1 0 0
400	3	1 1 1 1 0 1 0 0 1 0 1 0 0 0 0 0
400	2	0 1 1 0 1 1 0 0 1 1 1 0 0 0 0 0
400	2	1 1 0 0 1 1 0 0 0 0 0 1 0 0 0 1
400	1	1 1 1 1 1 1 1 0 0 0 0 0 0 1 0 0
400	1	0 1 1 1 0 1 1 0 0 1 1 1 0 0 0 1
400	6	1 1 1 1 1 1 0 0 0 1 0 0 0 0 0 0
400	1	1 1 1 1 0 0 0 0 1 1 1 1 0 0 0 0
400	1	1 1 1 1 1 1 0 0 1 1 1 1 0 0 0 1
400	2	0 1 1 0 0 1 1 0 0 0 0 0 0 0 0 1
