0	250	1 1 0 0 1 1 1 0 0 0 0 0 0 1 0 0
0	250	0 0 0 1 0 1 0 1 0 0 0 1 0 0 0 0
0	250	0 0 0 0 1 1 0 0 0 0 0 0 1 1 1 0
0	250	0 0 1 0 0 0 0 0 0 1 0 1 0 0 1 0
10	404	1 1 0 0 1 1 1 0 0 0 0 0 0 1 0 0
10	148	0 0 0 1 0 1 0 1 0 0 0 1 0 0 0 0
10	86	0 0 0 0 1 1 0 0 0 0 0 0 1 1 1 0
10	189	0 0 1 0 0 0 0 0 0 1 0 1 0 0 1 0
10	1	1 1 0 0 1 1 1 0 0 0 1 0 0 1 0 0
10	24	0 0 0 1 1 1 0 0 0 0 0 0 1 1 1 0
10	9	1 1 0 0 1 1 1 0 0 1 0 0 0 1 0 0
10	17	1 1 0 0 1 1 0 0 0 0 0 0 0 1 0 0
10	1	0 0 1 0 0 0 0 0 0 0 0 0 1 1 1 0
10	5	1 1 0 0 1 1 1 0 1 0 0 0 0 1 0 0
10	6	0 0 0 1 0 1 1 1 0 0 0 1 0 0 0 0
10	6	0 0 0 0 0 1 0 1 0 0 0 1 0 0 0 0
10	2	1 0 0 1 0 1 0 0 0 1 0 1 0 0 1 0
10	3	0 0 0 1 0 1 0 1 0 0 0 0 0 1 0 0
10	4	0 0 1 0 0 0 0 0 0 1 0 1 0 0 0 0
10	10	1 1 0 0 1 1 1 0 0 0 0 0 1 1 0 0
10	4	1 1 0 0 1 1 1 0 0 0 0 0 0 1 1 0
10	8	0 0 0 1 0 1 0 1 0 0 0 1 1 0 0 0
10	3	0 0 1 0 0 0 0 0 0 1 0 1 1 0 1 0
10	5	0 0 1 0 0 0 0 0 0 1 0 1 0 1 1 0
10	4	0 0 1 0 1 1 0 0 0 0 0 0 1 0 0 0
10	15	1 1 0 0 1 1 1 0 0 0 0 0 0 0 0 0
10	1	0 0 1 0 0 0 0 1 0 1 0 1 0 0 1 0
10	3	0 0 0 1 0 1 0 0 0 0 0 0 1 1 1 0
10	1	1 1 0 0 1 1 1 0 0 0 0 1 0 1 0 0
10	3	0 0 0 1 0 1 0 1 0 0 0 1 0 0 1 0
10	1	1 1 0 0 1 1 1 1 0 0 0 0 0 1 0 0
10	1	1 1 0 1 0 1 0 1 0 0 0 0 0 1 0 0
10	3	1 1 0 0 1 1 1 0 0 0 0 1 0 0 1 0
10	2	0 0 0 1 0 0 0 0 0 1 0 1 0 1 1 0
10	4	0 0 0 0 1 1 0 0 0 0 0 0 0 1 0 0
10	1	0 0 1 0 0 0 0 0 0 1 0 0 0 1 0 0
10	1	1 1 0 0 1 0 1 0 0 0 0 0 0 1 0 0
10	1	0 0 0 1 1 1 0 1 0 0 0 1 0 0 0 0
10	1	0 0 0 0 0 1 0 0 0 0 0 0 1 1 1 0
10	2	1 1 1 0 1 0 0 0 0 0 0 1 0 0 1 0
10	1	0 0 0 1 0 1 0 1 0 0 0 1 0 1 0 0
10	2	0 0 0 0 1 1 1 0 0 0 0 0 0 1 0 0
10	2	0 0 0 1 0 1 0 1 0 0 1 1 0 0 0 0
10	2	0 1 1 0 0 0 0 0 0 1 0 1 0 0 1 0
10	2	1 1 0 1 0 1 0 1 0 0 0 1 0 0 0 0
10	1	0 0 1 0 0 0 1 0 0 0 0 0 0 1 0 0
10	1	0 0 1 0 1 1 1 0 0 0 0 0 1 1 0 0
10	2	0 0 0 1 0 0 0 0 0 1 0 1 0 0 1 0
10	1	1 1 1 0 1 1 1 0 0 0 0 0 0 1 0 0
10	1	0 0 0 1 0 1 0 1 0 1 0 1 0 0 0 0
10	1	0 0 1 1 0 0 0 0 0 1 0 1 0 0 1 0
10	2	1 1 0 0 1 1 0 0 1 0 0 0 0 1 0 0
10	2	0 0 0 1 0 1 0 1 0 0 1 0 0 1 0 0
10	1	1 1 0 0 1 1 1 0 0 0 0 0 1 0 0 0
20	488	1 1 0 0 1 1 1 0 0 0 0 0 0 1 0 0
20	49	0 0 0 1 0 1 0 1 0 0 0 1 0 0 0 0
20	40	0 0 0 0 1 1 0 0 0 0 0 0 1 1 1 0
20	97	0 0 1 0 0 0 0 0 0 1 0 1 0 0 1 0
20	6	1 1 0 0 1 1 1 0 0 0 1 0 0 1 0 0
20	9	0 0 0 1 1 1 0 0 0 0 0 0 1 1 1 0
20	15	1 1 0 0 1 1 1 0 0 1 0 0 0 1 0 0
20	33	1 1 0 0 1 1 0 0 0 0 0 0 0 1 0 0
20	3	0 0 0 1 0 1 1 1 0 0 0 1 0 0 0 0
20	3	0 0 0 0 0 1 0 1 0 0 0 1 0 0 0 0
20	5	0 0 1 0 0 0 0 0 0 1 0 1 0 0 0 0
20	32	1 1 0 0 1 1 1 0 0 0 0 0 1 1 0 0
20	15	1 1 0 0 1 1 1 0 0 0 0 0 0 1 1 0
20	2	0 0 0 1 0 1 0 1 0 0 0 1 1 0 0 0
20	37	1 1 0 0 1 1 1 0 0 0 0 0 0 0 0 0
20	1	1 1 0 0 1 1 1 0 0 0 0 1 0 1 0 0
20	10	1 1 0 0 1 1 1 0 0 0 0 1 0 0 1 0
20	2	1 1 1 0 1 0 0 0 0 0 0 1 0 0 1 0
20	7	0 0 0 1 0 1 0 1 0 0 0 1 0 1 0 0
20	1	0 0 0 1 0 1 0 1 0 0 1 1 0 0 0 0
20	2	1 1 0 1 0 1 0 1 0 0 0 1 0 0 0 0
20	4	0 0 1 0 1 1 1 0 0 0 0 0 1 1 0 0
20	19	1 1 0 0 1 1 1 0 0 0 0 0 0 0 1 0
20	2	1 1 0 0 1 1 0 0 0 1 0 1 0 0 1 0
20	7	1 1 1 0 0 0 0 0 0 1 0 1 0 0 1 0
20	1	0 0 0 0 1 1 0 0 0 0 0 0 0 1 1 0
20	2	0 0 1 0 1 1 1 0 0 0 0 0 0 0 0 0
20	1	0 0 0 0 0 0 0 0 0 1 0 1 0 0 1 0
20	10	1 1 0 0 1 1 1 0 0 0 0 0 1 1 1 0
20	2	0 0 1 0 0 0 0 0 0 1 0 1 0 1 0 0
20	3	0 0 0 0 1 1 1 0 0 0 0 0 0 1 0 0
20	3	0 0 0 0 1 1 0 1 0 0 0 0 1 1 1 0
20	5	0 0 1 0 1 0 0 0 0 1 0 1 0 0 1 0
20	2	0 0 0 0 0 1 0 1 0 0 0 1 0 0 1 0
20	2	1 1 0 0 1 0 1 0 0 0 0 0 0 1 0 0
20	1	0 0 0 0 1 0 0 0 0 0 0 0 1 1 1 0
20	6	1 1 0 0 1 1 0 1 0 0 0 1 0 0 1 0
20	2	0 0 1 0 1 1 1 0 0 0 1 0 0 1 0 0
20	3	1 1 0 0 1 1 1 0 0 0 0 1 0 0 0 0
20	4	0 0 0 1 0 1 0 1 0 0 0 0 1 1 1 0
20	1	0 0 0 0 1 1 0 0 1 0 0 0 1 1 1 0
20	3	1 0 0 0 1 1 1 0 0 0 1 0 0 1 0 0
20	4	1 1 0 0 1 1 1 1 0 1 0 0 0 1 0 0
20	7	1 1 0 0 1 1 0 0 0 1 0 0 0 1 0 0
20	8	1 1 0 0 1 1 1 0 0 0 0 0 1 1 0 1
20	1	1 0 0 1 0 1 0 1 0 0 0 1 0 0 1 0
20	4	0 1 0 0 1 1 1 0 0 0 0 0 0 1 0 0
20	1	1 0 0 0 1 1 0 0 0 0 0 0 1 1 1 0
20	2	0 0 1 0 0 0 0 0 0 1 0 1 0 0 0 1
20	1	1 1 0 0 0 1 1 0 0 0 0 0 1 1 0 0
20	2	1 1 0 0 0 0 0 0 0 1 0 1 0 0 1 0
20	3	1 1 0 1 1 1 1 0 0 0 0 0 0 1 0 0
20	4	1 1 0 0 1 1 1 0 0 0 0 0 0 1 0 1
20	1	1 0 0 0 1 1 1 0 0 0 0 0 0 1 0 0
20	5	0 0 0 0 0 1 0 1 0 0 1 1 0 0 0 0
20	1	1 1 0 0 1 1 1 0 0 0 1 0 1 1 1 0
20	1	0 0 1 0 1 1 0 1 0 0 0 0 1 1 1 0
20	2	1 1 1 1 1 1 1 0 0 0 0 0 0 0 0 0
20	2	1 1 0 0 1 0 0 0 0 1 0 1 0 0 1 0
20	1	0 0 1 0 0 0 0 0 0 0 0 0 0 1 0 0
20	1	1 1 1 0 1 0 0 0 0 0 0 1 0 1 0 0
20	2	1 1 1 0 0 0 0 0 0 1 0 1 0 1 0 0
20	1	0 0 0 1 1 1 0 1 0 0 0 1 0 0 0 0
20	4	0 0 1 1 0 0 0 0 0 1 0 1 0 0 1 0
20	1	0 0 1 0 0 0 0 0 0 1 0 1 0 1 1 0
20	1	0 0 1 0 1 1 1 0 0 0 1 0 0 0 0 0
30	465	1 1 0 0 1 1 1 0 0 0 0 0 0 1 0 0
30	32	0 0 0 1 0 1 0 1 0 0 0 1 0 0 0 0
30	5	0 0 0 0 1 1 0 0 0 0 0 0 1 1 1 0
30	51	0 0 1 0 0 0 0 0 0 1 0 1 0 0 1 0
30	21	0 0 0 1 1 1 0 0 0 0 0 0 1 1 1 0
30	12	1 1 0 0 1 1 1 0 0 1 0 0 0 1 0 0
30	42	1 1 0 0 1 1 0 0 0 0 0 0 0 1 0 0
30	11	0 0 0 0 0 1 0 1 0 0 0 1 0 0 0 0
30	1	0 0 1 0 0 0 0 0 0 1 0 1 0 0 0 0
30	66	1 1 0 0 1 1 1 0 0 0 0 0 1 1 0 0
30	14	1 1 0 0 1 1 1 0 0 0 0 0 0 1 1 0
30	22	1 1 0 0 1 1 1 0 0 0 0 0 0 0 0 0
30	14	1 1 0 0 1 1 1 0 0 0 0 1 0 1 0 0
30	5	1 1 0 0 1 1 1 0 0 0 0 1 0 0 1 0
30	2	0 0 0 1 0 1 0 1 0 0 1 1 0 0 0 0
30	6	0 0 1 0 1 1 1 0 0 0 0 0 1 1 0 0
30	13	1 1 0 0 1 1 1 0 0 0 0 0 0 0 1 0
30	17	1 1 0 0 1 0 1 0 0 0 0 0 0 1 0 0
30	6	1 0 0 0 1 1 1 0 0 0 1 0 0 1 0 0
30	1	1 0 0 1 0 1 0 1 0 0 0 1 0 0 1 0
30	32	0 1 0 0 1 1 1 0 0 0 0 0 0 1 0 0
30	2	0 0 1 0 0 0 0 0 0 1 0 1 0 0 0 1
30	9	1 1 0 0 0 0 0 0 0 1 0 1 0 0 1 0
30	5	1 1 0 1 1 1 1 0 0 0 0 0 0 1 0 0
30	2	1 1 0 0 1 1 1 0 0 0 0 0 0 1 0 1
30	1	0 0 1 0 1 1 0 1 0 0 0 0 1 1 1 0
30	10	1 1 1 0 1 0 0 0 0 0 0 1 0 1 0 0
30	3	0 0 1 1 0 0 0 0 0 1 0 1 0 0 1 0
30	1	0 0 0 1 1 0 1 0 0 0 0 0 0 1 0 0
30	9	1 1 0 0 0 1 1 0 0 0 0 0 0 1 0 0
30	10	1 1 0 1 1 1 0 0 0 0 0 0 0 1 0 0
30	9	1 1 0 0 1 1 1 0 0 1 0 1 0 0 1 0
30	3	1 1 0 0 1 1 0 1 0 0 0 1 0 0 0 0
30	2	1 1 0 0 1 1 1 0 1 0 0 0 0 1 0 0
30	3	1 1 0 0 1 1 1 1 0 0 0 0 0 1 1 0
30	9	1 1 0 0 1 0 1 0 0 0 0 0 0 0 0 0
30	2	0 0 1 0 0 1 0 1 0 0 1 1 0 0 0 0
30	9	1 0 1 0 0 0 0 0 0 1 0 1 0 0 1 0
30	7	1 1 0 0 1 1 0 0 0 1 0 0 0 1 0 0
30	15	1 1 0 0 1 1 1 0 0 0 1 0 0 1 0 0
30	5	1 1 0 0 0 1 1 0 0 0 0 0 0 1 1 0
30	2	1 0 0 0 1 0 1 0 0 0 1 0 0 1 0 0
30	3	0 0 0 1 0 1 0 1 0 0 0 0 0 1 0 0
30	4	0 1 0 0 1 1 0 0 0 0 0 0 0 1 0 0
30	1	1 0 0 0 1 1 1 0 0 0 0 0 0 1 0 0
30	7	0 0 1 0 0 1 0 0 0 1 0 1 0 0 1 0
30	1	1 1 0 1 1 1 1 0 1 0 0 0 0 1 0 0
30	4	1 1 0 0 1 1 1 1 0 1 0 0 0 1 1 0
30	1	0 0 0 0 1 1 1 0 0 0 0 0 1 1 0 0
30	7	1 1 0 0 1 1 1 0 0 1 0 0 1 1 0 0
30	1	1 1 0 0 1 1 1 0 1 0 0 0 0 0 0 0
30	1	1 1 0 0 1 0 1 0 0 0 0 1 0 0 0 0
30	2	1 1 0 0 1 0 0 0 0 0 0 0 0 1 0 0
30	1	1 1 0 0 1 0 0 0 0 1 0 1 0 0 1 0
30	2	0 0 1 0 0 0 0 0 0 0 0 0 0 1 0 0
30	1	1 1 0 0 1 1 1 1 0 0 0 0 0 1 0 0
30	3	1 1 1 0 1 0 0 0 0 0 0 0 0 1 0 0
30	1	1 1 1 0 1 1 1 0 0 0 0 0 0 1 0 0
30	2	0 1 1 0 0 0 0 0 0 1 0 1 0 0 1 0
30	1	1 0 0 0 1 1 0 0 0 0 0 0 0 1 0 0
30	1	1 1 0 0 1 1 0 0 0 0 0 0 0 0 1 0
40	455	1 1 0 0 1 1 1 0 0 0 0 0 0 1 0 0
40	17	0 0 0 1 0 1 0 1 0 0 0 1 0 0 0 0
40	5	0 0 0 0 1 1 0 0 0 0 0 0 1 1 1 0
40	15	0 0 1 0 0 0 0 0 0 1 0 1 0 0 1 0
40	3	0 0 0 1 1 1 0 0 0 0 0 0 1 1 1 0
40	22	1 1 0 0 1 1 0 0 0 0 0 0 0 1 0 0
40	51	1 1 0 0 1 1 1 0 0 0 0 0 1 1 0 0
40	21	1 1 0 0 1 1 1 0 0 0 0 0 0 1 1 0
40	22	1 1 0 0 1 1 1 0 0 0 0 0 0 0 0 0
40	11	1 1 0 0 1 1 1 0 0 0 0 1 0 1 0 0
40	9	1 1 0 0 1 1 1 0 0 0 0 0 0 0 1 0
40	19	1 1 0 0 1 0 1 0 0 0 0 0 0 1 0 0
40	10	1 0 0 0 1 1 1 0 0 0 1 0 0 1 0 0
40	20	0 1 0 0 1 1 1 0 0 0 0 0 0 1 0 0
40	6	1 1 0 0 0 0 0 0 0 1 0 1 0 0 1 0
40	9	1 1 0 1 1 1 1 0 0 0 0 0 0 1 0 0
40	39	1 1 1 0 1 0 0 0 0 0 0 1 0 1 0 0
40	17	1 1 0 0 0 1 1 0 0 0 0 0 0 1 0 0
40	5	1 1 0 1 1 1 0 0 0 0 0 0 0 1 0 0
40	10	1 1 0 0 1 1 0 1 0 0 0 1 0 0 0 0
40	24	1 1 0 0 1 1 1 0 1 0 0 0 0 1 0 0
40	10	1 1 0 0 1 0 1 0 0 0 0 0 0 0 0 0
40	15	1 0 1 0 0 0 0 0 0 1 0 1 0 0 1 0
40	20	1 1 0 0 1 1 0 0 0 1 0 0 0 1 0 0
40	15	1 1 0 0 1 1 1 0 0 0 1 0 0 1 0 0
40	20	1 1 0 0 0 1 1 0 0 0 0 0 0 1 1 0
40	5	0 0 1 0 0 1 0 0 0 1 0 1 0 0 1 0
40	11	1 1 0 1 1 1 1 0 1 0 0 0 0 1 0 0
40	10	1 1 0 0 1 1 1 1 0 1 0 0 0 1 1 0
40	10	1 1 0 0 1 1 1 0 0 1 0 0 1 1 0 0
40	1	1 1 0 0 1 1 1 0 0 0 1 1 0 1 0 0
40	9	1 1 0 0 1 1 1 1 0 0 0 0 1 1 0 0
40	5	0 0 0 1 1 1 1 0 0 0 0 0 0 1 0 0
40	7	1 1 0 0 1 1 1 0 0 0 0 1 1 1 0 0
40	4	1 1 0 0 1 1 0 0 0 0 0 1 0 0 1 0
40	2	1 1 0 1 1 0 1 0 0 0 0 0 0 1 0 0
40	2	1 1 0 0 1 1 1 0 1 0 0 0 0 0 0 0
40	4	1 1 0 0 1 1 1 0 0 1 0 0 0 1 0 0
40	1	1 1 0 0 1 1 0 0 0 0 1 0 0 1 0 0
40	2	0 1 0 0 1 1 1 0 0 0 0 0 0 0 0 0
40	4	1 1 1 0 1 1 0 0 0 0 0 1 0 0 1 0
40	9	1 1 1 0 0 0 0 0 0 1 0 1 0 0 1 0
40	4	1 1 0 0 1 1 0 0 0 1 0 1 0 0 1 0
40	1	1 1 0 0 1 1 1 0 0 0 0 0 0 0 0 1
40	2	1 1 0 1 1 1 1 0 0 0 0 0 1 1 0 0
40	4	1 1 0 0 1 1 1 1 0 0 0 1 0 1 0 0
40	5	1 1 1 0 1 0 0 0 0 0 0 1 0 1 1 0
40	2	1 0 1 0 0 0 0 1 0 1 0 1 0 0 1 0
40	1	1 0 1 0 0 0 0 0 0 1 0 1 0 1 0 0
40	1	0 1 0 0 1 0 1 0 0 0 0 0 0 1 0 0
40	1	1 1 0 0 1 1 1 0 0 0 1 0 0 1 0 1
40	3	1 1 0 0 1 1 0 0 0 0 0 1 0 1 1 0
40	2	0 0 1 0 0 0 0 0 0 1 0 0 0 1 0 0
40	2	1 1 0 0 1 1 1 0 0 0 0 0 1 1 1 0
40	1	1 1 0 0 1 1 0 0 0 0 0 1 0 1 0 0
40	2	1 1 0 0 1 0 1 0 0 0 0 0 1 1 0 0
40	1	1 1 0 0 1 1 1 0 0 0 0 0 0 1 0 1
40	4	0 0 0 1 0 1 0 1 0 0 1 1 0 0 0 0
40	1	1 1 0 0 1 1 0 0 0 0 0 0 0 1 0 1
40	5	1 1 0 0 0 1 1 0 0 0 0 0 1 1 0 0
40	1	1 1 0 0 1 1 1 0 1 0 0 0 1 1 0 0
40	1	1 1 0 0 1 1 0 0 0 1 0 0 1 1 0 0
50	402	1 1 0 0 1 1 1 0 0 0 0 0 0 1 0 0
50	5	0 0 1 0 0 0 0 0 0 1 0 1 0 0 1 0
50	4	0 0 0 1 1 1 0 0 0 0 0 0 1 1 1 0
50	27	1 1 0 0 1 1 0 0 0 0 0 0 0 1 0 0
50	44	1 1 0 0 1 1 1 0 0 0 0 0 1 1 0 0
50	12	1 1 0 0 1 1 1 0 0 0 0 0 0 1 1 0
50	11	1 1 0 0 1 1 1 0 0 0 0 0 0 0 0 0
50	22	1 1 0 0 1 1 1 0 0 0 0 1 0 1 0 0
50	17	1 1 0 0 1 1 1 0 0 0 0 0 0 0 1 0
50	9	1 1 0 0 1 0 1 0 0 0 0 0 0 1 0 0
50	33	0 1 0 0 1 1 1 0 0 0 0 0 0 1 0 0
50	2	1 1 0 0 0 0 0 0 0 1 0 1 0 0 1 0
50	24	1 1 0 1 1 1 1 0 0 0 0 0 0 1 0 0
50	24	1 1 1 0 1 0 0 0 0 0 0 1 0 1 0 0
50	18	1 1 0 0 0 1 1 0 0 0 0 0 0 1 0 0
50	14	1 1 0 1 1 1 0 0 0 0 0 0 0 1 0 0
50	21	1 1 0 0 1 1 0 1 0 0 0 1 0 0 0 0
50	11	1 1 0 0 1 1 1 0 1 0 0 0 0 1 0 0
50	13	1 0 1 0 0 0 0 0 0 1 0 1 0 0 1 0
50	7	1 1 0 0 1 1 0 0 0 1 0 0 0 1 0 0
50	40	1 1 0 0 0 1 1 0 0 0 0 0 0 1 1 0
50	1	1 1 0 1 1 1 1 0 1 0 0 0 0 1 0 0
50	4	1 1 0 0 1 1 1 1 0 0 0 0 1 1 0 0
50	1	1 1 0 0 1 1 1 0 0 0 0 1 1 1 0 0
50	15	1 1 0 0 1 1 1 0 1 0 0 0 0 0 0 0
50	7	1 1 0 0 1 1 1 0 0 1 0 0 0 1 0 0
50	4	1 1 0 0 1 1 0 0 0 0 1 0 0 1 0 0
50	10	1 1 1 0 0 0 0 0 0 1 0 1 0 0 1 0
50	11	1 1 0 0 1 1 1 0 0 0 0 0 0 0 0 1
50	7	1 1 0 1 1 1 1 0 0 0 0 0 1 1 0 0
50	13	1 1 1 0 1 0 0 0 0 0 0 1 0 1 1 0
50	1	1 1 0 0 1 1 1 0 0 0 0 0 1 1 1 0
50	3	1 1 0 0 1 1 1 0 0 0 0 0 0 1 0 1
50	7	1 1 0 0 0 1 1 0 0 0 0 0 1 1 0 0
50	1	1 1 0 0 0 1 1 0 0 0 0 0 0 1 0 1
50	11	1 1 0 0 1 1 1 1 0 1 0 1 0 0 1 0
50	51	1 1 1 0 1 1 1 0 0 0 0 0 0 1 0 0
50	4	1 1 0 0 1 0 0 0 0 0 0 0 0 0 0 0
50	1	0 0 1 0 0 0 1 0 0 1 0 1 0 0 1 0
50	14	1 0 1 0 0 0 0 0 0 1 0 1 0 1 0 0
50	5	1 1 0 0 1 0 0 0 0 0 0 0 0 1 0 0
50	6	0 1 0 0 1 1 1 0 0 0 0 0 0 1 0 1
50	6	1 0 0 0 1 1 1 0 0 0 1 0 0 1 1 0
50	9	1 1 1 0 1 0 0 0 0 0 1 0 0 1 0 0
50	4	1 1 1 0 1 0 0 0 0 0 0 0 0 1 0 0
50	3	1 1 0 0 1 1 1 0 0 0 1 0 1 1 0 0
50	3	0 0 0 0 1 1 1 0 0 0 0 0 0 1 0 0
50	1	1 1 0 0 1 1 0 0 0 1 1 0 0 1 0 0
50	1	1 1 0 1 1 0 1 0 0 0 0 0 1 1 0 0
50	1	0 0 1 0 0 0 1 0 0 1 0 1 0 1 0 0
50	2	0 1 0 0 1 1 1 0 0 0 0 0 1 1 0 0
50	4	1 1 0 0 1 1 1 0 0 0 1 0 0 1 1 0
50	4	1 1 0 0 0 0 1 0 0 1 0 1 0 0 1 0
50	1	1 1 0 0 1 0 1 0 0 0 1 0 0 0 0 0
50	4	1 0 0 0 1 1 1 0 0 0 0 0 0 1 0 0
50	5	1 1 0 0 1 1 0 0 0 1 0 0 0 0 0 0
50	7	1 0 1 0 0 0 0 0 0 1 1 1 0 1 0 0
50	1	1 1 0 0 1 0 1 0 0 0 0 1 0 1 0 0
50	3	1 1 1 0 1 1 0 0 0 0 0 0 0 1 0 0
50	1	1 1 0 0 0 1 1 0 0 0 0 1 0 1 1 0
50	1	0 1 1 0 1 1 1 0 0 0 0 0 0 1 0 0
50	2	0 0 0 0 1 1 0 0 0 0 0 0 0 1 0 0
60	345	1 1 0 0 1 1 1 0 0 0 0 0 0 1 0 0
60	3	1 1 0 0 1 1 0 0 0 0 0 0 0 1 0 0
60	27	1 1 0 0 1 1 1 0 0 0 0 0 1 1 0 0
60	13	1 1 0 0 1 1 1 0 0 0 0 0 0 1 1 0
60	56	1 1 0 0 1 1 1 0 0 0 0 0 0 0 0 0
60	24	1 1 0 0 1 1 1 0 0 0 0 1 0 1 0 0
60	21	1 1 0 0 1 1 1 0 0 0 0 0 0 0 1 0
60	33	1 1 0 0 1 0 1 0 0 0 0 0 0 1 0 0
60	20	0 1 0 0 1 1 1 0 0 0 0 0 0 1 0 0
60	39	1 1 0 1 1 1 1 0 0 0 0 0 0 1 0 0
60	28	1 1 1 0 1 0 0 0 0 0 0 1 0 1 0 0
60	28	1 1 0 0 0 1 1 0 0 0 0 0 0 1 0 0
60	6	1 1 0 1 1 1 0 0 0 0 0 0 0 1 0 0
60	1	1 1 0 0 1 1 0 1 0 0 0 1 0 0 0 0
60	1	1 1 0 0 1 1 1 0 1 0 0 0 0 1 0 0
60	13	1 0 1 0 0 0 0 0 0 1 0 1 0 0 1 0
60	19	1 1 0 0 1 1 0 0 0 1 0 0 0 1 0 0
60	14	1 1 0 0 0 1 1 0 0 0 0 0 0 1 1 0
60	13	1 1 0 0 1 1 1 0 1 0 0 0 0 0 0 0
60	15	1 1 0 0 1 1 1 0 0 1 0 0 0 1 0 0
60	16	1 1 1 0 0 0 0 0 0 1 0 1 0 0 1 0
60	11	1 1 0 0 1 1 1 0 0 0 0 0 0 0 0 1
60	2	1 1 1 0 1 0 0 0 0 0 0 1 0 1 1 0
60	1	1 1 0 0 1 1 1 0 0 0 0 0 0 1 0 1
60	1	1 1 0 0 0 1 1 0 0 0 0 0 0 1 0 1
60	1	1 1 0 0 1 1 1 1 0 1 0 1 0 0 1 0
60	67	1 1 1 0 1 1 1 0 0 0 0 0 0 1 0 0
60	1	1 1 0 0 1 0 0 0 0 0 0 0 0 0 0 0
60	5	0 0 1 0 0 0 1 0 0 1 0 1 0 0 1 0
60	23	1 0 1 0 0 0 0 0 0 1 0 1 0 1 0 0
60	2	0 1 0 0 1 1 1 0 0 0 0 0 0 1 0 1
60	2	1 0 0 0 1 1 1 0 0 0 1 0 0 1 1 0
60	2	1 1 1 0 1 0 0 0 0 0 0 0 0 1 0 0
60	2	0 0 0 0 1 1 1 0 0 0 0 0 0 1 0 0
60	13	1 1 0 1 1 0 1 0 0 0 0 0 1 1 0 0
60	2	1 1 0 0 0 0 1 0 0 1 0 1 0 0 1 0
60	1	1 1 0 0 1 0 1 0 0 0 1 0 0 0 0 0
60	14	1 1 0 0 1 1 0 0 0 1 0 0 0 0 0 0
60	1	1 0 1 0 0 0 0 0 0 1 1 1 0 1 0 0
60	3	0 0 0 0 1 1 0 0 0 0 0 0 0 1 0 0
60	3	1 0 1 0 0 1 1 0 0 0 0 0 0 1 1 0
60	6	1 1 1 0 1 0 0 0 0 0 0 1 0 1 0 1
60	6	0 1 0 0 1 1 1 1 0 0 0 0 0 1 0 0
60	15	1 0 0 0 1 1 1 0 0 0 0 0 0 1 0 0
60	2	1 1 0 0 1 1 0 0 0 0 0 1 0 1 0 0
60	1	1 1 0 0 1 1 1 0 0 0 0 0 1 1 0 1
60	2	1 1 0 0 1 1 1 0 0 0 1 0 0 1 0 0
60	2	1 1 1 0 0 0 0 0 0 1 0 1 0 1 0 0
60	3	1 1 1 0 0 0 1 0 0 0 1 0 0 0 0 0
60	3	1 1 0 0 1 1 1 1 0 0 0 0 0 1 0 0
60	3	1 1 1 0 1 1 1 0 0 0 0 1 0 1 0 0
60	1	1 1 0 0 1 1 1 0 0 1 0 1 0 0 1 0
60	17	0 1 1 0 1 1 1 0 0 0 0 0 0 1 0 0
60	2	1 1 1 1 1 1 1 0 0 0 0 0 0 1 0 0
60	8	1 1 0 0 1 1 0 0 0 0 0 1 0 1 1 0
60	3	0 1 0 0 1 1 0 0 0 0 0 0 0 1 0 0
60	5	1 1 0 0 1 0 1 0 0 0 0 1 0 1 0 0
60	1	1 1 0 0 1 0 1 0 0 0 0 0 1 1 0 0
60	2	1 1 0 0 1 1 1 0 0 0 0 0 1 0 1 0
60	1	0 1 0 0 1 1 1 0 0 0 0 1 0 1 0 0
60	1	1 0 1 0 0 0 0 0 0 1 0 1 0 1 1 0
60	3	1 1 1 0 1 1 0 0 0 0 0 1 0 1 1 0
60	2	1 1 1 0 1 1 1 0 0 0 0 0 0 0 0 0
60	3	1 1 0 0 0 1 1 0 0 0 0 0 0 0 0 0
60	1	1 1 0 0 1 1 1 0 0 0 0 0 0 0 1 1
60	1	1 1 0 1 1 1 1 1 0 0 0 0 0 1 0 0
60	1	1 1 1 0 1 0 1 0 0 0 0 1 0 1 0 0
60	2	1 0 1 0 1 1 1 0 0 0 0 0 0 1 0 0
60	2	1 1 0 0 1 0 0 0 0 0 0 0 1 1 0 0
60	1	1 1 0 0 1 1 1 1 0 0 0 1 0 0 0 0
60	3	1 1 0 0 0 0 1 0 0 0 0 1 0 1 0 0
60	3	1 0 1 0 0 0 0 0 0 1 1 0 0 1 0 0
60	1	0 1 0 0 1 1 1 0 1 0 0 0 0 1 0 0
60	1	1 1 0 0 0 1 1 0 0 1 0 0 0 1 1 0
70	286	1 1 0 0 1 1 1 0 0 0 0 0 0 1 0 0
70	26	1 1 0 0 1 1 1 0 0 0 0 0 1 1 0 0
70	30	1 1 0 0 1 1 1 0 0 0 0 0 0 1 1 0
70	71	1 1 0 0 1 1 1 0 0 0 0 0 0 0 0 0
70	17	1 1 0 0 1 1 1 0 0 0 0 1 0 1 0 0
70	1	1 1 0 0 1 1 1 0 0 0 0 0 0 0 1 0
70	15	1 1 0 0 1 0 1 0 0 0 0 0 0 1 0 0
70	3	0 1 0 0 1 1 1 0 0 0 0 0 0 1 0 0
70	9	1 1 0 1 1 1 1 0 0 0 0 0 0 1 0 0
70	22	1 1 1 0 1 0 0 0 0 0 0 1 0 1 0 0
70	24	1 1 0 0 0 1 1 0 0 0 0 0 0 1 0 0
70	6	1 0 1 0 0 0 0 0 0 1 0 1 0 0 1 0
70	6	1 1 0 0 1 1 0 0 0 1 0 0 0 1 0 0
70	4	1 1 0 0 0 1 1 0 0 0 0 0 0 1 1 0
70	11	1 1 0 0 1 1 1 0 1 0 0 0 0 0 0 0
70	16	1 1 0 0 1 1 1 0 0 1 0 0 0 1 0 0
70	4	1 1 1 0 0 0 0 0 0 1 0 1 0 0 1 0
70	2	1 1 1 0 1 0 0 0 0 0 0 1 0 1 1 0
70	138	1 1 1 0 1 1 1 0 0 0 0 0 0 1 0 0
70	13	1 0 1 0 0 0 0 0 0 1 0 1 0 1 0 0
70	9	0 0 0 0 1 1 1 0 0 0 0 0 0 1 0 0
70	22	1 1 0 1 1 0 1 0 0 0 0 0 1 1 0 0
70	9	1 1 0 0 1 1 0 0 0 1 0 0 0 0 0 0
70	2	1 0 1 0 0 1 1 0 0 0 0 0 0 1 1 0
70	10	1 1 1 0 1 0 0 0 0 0 0 1 0 1 0 1
70	30	1 0 0 0 1 1 1 0 0 0 0 0 0 1 0 0
70	7	1 1 1 0 0 0 0 0 0 1 0 1 0 1 0 0
70	5	1 1 1 0 0 0 1 0 0 0 1 0 0 0 0 0
70	2	1 1 0 0 1 1 1 1 0 0 0 0 0 1 0 0
70	7	1 1 1 0 1 1 1 0 0 0 0 1 0 1 0 0
70	27	0 1 1 0 1 1 1 0 0 0 0 0 0 1 0 0
70	17	1 1 0 0 1 1 0 0 0 0 0 1 0 1 1 0
70	2	1 1 0 0 1 0 1 0 0 0 0 1 0 1 0 0
70	5	1 1 0 0 1 0 1 0 0 0 0 0 1 1 0 0
70	1	1 1 1 0 1 1 0 0 0 0 0 1 0 1 1 0
70	4	1 1 0 0 0 1 1 0 0 0 0 0 0 0 0 0
70	1	1 0 1 0 1 1 1 0 0 0 0 0 0 1 0 0
70	3	1 1 0 0 1 0 0 0 0 0 0 0 1 1 0 0
70	3	1 0 1 0 0 0 0 0 0 1 1 0 0 1 0 0
70	2	1 1 1 0 1 0 1 0 0 0 0 0 0 1 0 0
70	16	0 1 0 0 1 1 1 0 0 0 0 0 1 1 0 0
70	15	1 1 0 0 1 0 1 0 0 0 0 0 0 0 0 0
70	1	1 1 0 0 1 1 1 0 0 1 0 0 1 1 0 0
70	3	1 1 0 0 1 1 1 0 0 0 1 0 0 1 0 1
70	1	1 1 0 0 1 0 1 0 0 0 0 0 0 1 1 0
70	5	1 1 1 0 1 0 0 0 0 0 1 1 0 1 0 0
70	20	1 1 0 0 1 1 1 0 1 0 0 0 0 0 0 1
70	1	1 1 0 0 1 1 1 0 1 0 0 0 1 0 0 0
70	2	1 1 1 0 1 1 1 0 0 0 0 0 0 1 1 0
70	4	1 1 1 0 0 0 0 0 0 1 0 1 1 1 0 0
70	8	1 0 0 0 1 0 1 0 0 0 0 0 1 1 0 0
70	1	1 1 1 0 1 0 0 0 0 0 0 1 0 0 0 0
70	4	1 1 0 0 1 1 0 0 0 0 0 0 0 0 0 0
70	1	1 1 0 0 1 0 1 0 0 1 0 0 0 1 0 0
70	4	1 1 1 0 1 0 1 0 0 0 0 0 0 0 0 0
70	1	1 0 1 0 1 0 0 0 0 0 0 1 0 1 0 0
70	5	1 1 1 0 0 1 1 0 0 0 0 0 0 1 0 0
70	1	1 0 1 0 0 0 1 0 0 0 1 0 0 0 0 0
70	1	0 1 1 0 1 1 1 0 0 0 0 0 0 1 0 1
70	4	1 1 1 0 1 1 1 0 0 0 0 0 0 0 0 1
70	3	1 1 1 0 1 1 1 0 0 0 0 0 0 0 0 0
70	3	0 0 0 0 1 1 1 0 0 1 0 0 0 1 0 0
70	2	1 1 0 0 1 1 1 1 0 0 0 1 0 0 0 0
70	2	1 1 0 0 1 1 0 0 0 0 0 0 0 1 0 0
70	3	1 1 0 0 1 1 1 0 1 0 0 0 0 1 0 0
70	3	1 1 0 0 1 1 1 0 1 0 0 1 0 0 0 0
70	2	1 1 1 0 1 1 1 0 0 0 1 0 0 1 0 0
70	1	1 1 1 0 1 1 0 0 0 0 0 1 0 1 0 0
70	2	1 1 0 0 1 0 0 0 0 0 0 0 0 0 0 0
70	1	1 0 1 0 0 1 1 0 0 0 0 0 0 1 0 0
70	2	0 1 1 0 1 1 1 0 0 0 1 0 0 1 0 1
70	1	1 1 0 0 1 1 1 0 0 0 0 0 0 1 0 1
70	1	1 1 0 0 1 1 1 0 0 0 1 0 0 1 0 0
70	3	1 1 1 0 1 1 1 0 1 0 0 0 0 1 0 0
70	1	1 1 1 0 1 0 0 0 0 0 1 1 0 1 0 1
80	288	1 1 0 0 1 1 1 0 0 0 0 0 0 1 0 0
80	9	1 1 0 0 1 1 1 0 0 0 0 0 1 1 0 0
80	20	1 1 0 0 1 1 1 0 0 0 0 0 0 1 1 0
80	48	1 1 0 0 1 1 1 0 0 0 0 0 0 0 0 0
80	11	1 1 0 0 1 1 1 0 0 0 0 1 0 1 0 0
80	42	1 1 0 0 1 0 1 0 0 0 0 0 0 1 0 0
80	4	0 1 0 0 1 1 1 0 0 0 0 0 0 1 0 0
80	15	1 1 0 1 1 1 1 0 0 0 0 0 0 1 0 0
80	3	1 1 1 0 1 0 0 0 0 0 0 1 0 1 0 0
80	16	1 1 0 0 0 1 1 0 0 0 0 0 0 1 0 0
80	9	1 0 1 0 0 0 0 0 0 1 0 1 0 0 1 0
80	3	1 1 0 0 0 1 1 0 0 0 0 0 0 1 1 0
80	1	1 1 0 0 1 1 1 0 1 0 0 0 0 0 0 0
80	11	1 1 0 0 1 1 1 0 0 1 0 0 0 1 0 0
80	141	1 1 1 0 1 1 1 0 0 0 0 0 0 1 0 0
80	13	1 0 1 0 0 0 0 0 0 1 0 1 0 1 0 0
80	7	1 1 0 1 1 0 1 0 0 0 0 0 1 1 0 0
80	35	1 1 0 0 1 1 0 0 0 1 0 0 0 0 0 0
80	9	1 0 1 0 0 1 1 0 0 0 0 0 0 1 1 0
80	11	1 1 1 0 1 0 0 0 0 0 0 1 0 1 0 1
80	12	1 0 0 0 1 1 1 0 0 0 0 0 0 1 0 0
80	30	1 1 1 0 0 0 0 0 0 1 0 1 0 1 0 0
80	17	1 1 0 0 1 1 1 1 0 0 0 0 0 1 0 0
80	6	1 1 1 0 1 1 1 0 0 0 0 1 0 1 0 0
80	21	0 1 1 0 1 1 1 0 0 0 0 0 0 1 0 0
80	7	1 1 1 0 1 1 0 0 0 0 0 1 0 1 1 0
80	3	1 0 1 0 1 1 1 0 0 0 0 0 0 1 0 0
80	12	1 1 0 0 1 0 0 0 0 0 0 0 1 1 0 0
80	5	1 1 1 0 1 0 1 0 0 0 0 0 0 1 0 0
80	4	0 1 0 0 1 1 1 0 0 0 0 0 1 1 0 0
80	14	1 1 0 0 1 0 1 0 0 0 0 0 0 0 0 0
80	9	1 1 0 0 1 0 1 0 0 0 0 0 0 1 1 0
80	7	1 1 0 0 1 1 1 0 1 0 0 0 0 0 0 1
80	4	1 1 0 0 1 1 1 0 1 0 0 0 1 0 0 0
80	3	1 0 0 0 1 0 1 0 0 0 0 0 1 1 0 0
80	6	1 1 0 0 1 1 0 0 0 0 0 0 0 0 0 0
80	2	1 1 1 0 1 0 1 0 0 0 0 0 0 0 0 0
80	1	1 0 1 0 1 0 0 0 0 0 0 1 0 1 0 0
80	18	1 1 1 0 0 1 1 0 0 0 0 0 0 1 0 0
80	1	1 1 1 0 1 1 1 0 0 0 0 0 0 0 0 1
80	8	0 0 0 0 1 1 1 0 0 1 0 0 0 1 0 0
80	14	1 1 0 0 1 1 1 0 1 0 0 0 0 1 0 0
80	2	1 1 0 0 1 1 1 0 1 0 0 1 0 0 0 0
80	1	1 1 1 0 1 1 1 0 0 0 1 0 0 1 0 0
80	7	1 1 0 0 1 0 0 0 0 0 0 1 0 1 0 0
80	2	1 1 0 0 1 1 1 0 0 1 0 1 1 1 0 0
80	1	1 1 0 0 1 1 1 0 0 1 0 0 0 0 0 0
80	3	1 1 0 0 1 1 1 0 0 0 0 0 0 1 0 1
80	19	1 1 0 1 0 1 1 0 0 0 0 0 0 1 0 0
80	1	1 1 0 0 0 1 1 0 0 0 0 0 1 1 0 0
80	4	1 0 1 0 0 1 0 0 0 1 0 1 0 1 0 0
80	1	1 1 0 0 1 1 1 0 0 1 0 0 0 1 1 0
80	5	1 1 0 1 1 1 1 1 0 0 0 0 0 1 0 0
80	1	1 1 0 0 0 1 1 0 0 1 0 0 0 0 0 0
80	4	1 1 0 1 1 1 1 0 0 0 0 0 0 0 0 0
80	4	1 0 1 0 0 1 0 0 0 0 0 1 0 1 0 0
80	1	0 1 0 0 1 1 1 0 0 0 0 0 0 0 0 0
80	1	0 1 1 0 1 0 0 0 0 0 0 1 0 1 0 0
80	1	1 1 0 0 1 1 0 0 0 1 0 0 0 1 0 0
80	3	1 1 1 0 1 0 0 0 0 0 0 0 0 1 0 1
80	3	1 1 0 0 1 1 0 0 0 1 0 1 0 1 0 0
80	2	1 1 1 0 1 0 0 0 0 0 0 0 0 1 0 0
80	1	1 1 1 0 0 0 0 0 0 1 0 0 1 1 0 0
80	3	1 1 0 0 1 1 1 0 0 0 1 0 0 1 0 0
80	1	1 1 0 0 1 1 1 1 0 0 0 0 0 1 1 0
80	4	1 1 1 0 0 1 1 0 0 0 0 0 0 1 1 0
80	6	1 1 1 0 1 1 1 0 0 0 0 0 0 0 0 0
80	1	0 1 1 0 1 1 1 0 0 0 0 0 0 1 0 1
80	1	1 0 0 1 1 1 1 0 0 0 0 0 0 0 0 0
80	2	1 1 0 1 1 0 1 0 0 0 0 0 0 1 0 0
80	1	0 1 0 0 1 0 1 0 0 0 0 0 0 1 0 0
80	2	1 1 0 0 1 1 1 0 0 0 0 0 0 1 1 1
80	3	1 1 1 0 1 1 1 0 0 1 0 0 0 1 0 0
80	1	0 1 0 0 1 1 0 0 0 1 0 0 0 0 0 0
80	2	1 1 0 0 1 1 0 0 1 0 0 0 1 0 0 0
80	6	1 0 0 0 1 1 1 0 0 1 0 0 0 1 0 0
90	207	1 1 0 0 1 1 1 0 0 0 0 0 0 1 0 0
90	10	1 1 0 0 1 1 1 0 0 0 0 0 0 1 1 0
90	52	1 1 0 0 1 1 1 0 0 0 0 0 0 0 0 0
90	7	1 1 0 0 1 1 1 0 0 0 0 1 0 1 0 0
90	31	1 1 0 0 1 0 1 0 0 0 0 0 0 1 0 0
90	2	1 1 0 1 1 1 1 0 0 0 0 0 0 1 0 0
90	43	1 1 0 0 0 1 1 0 0 0 0 0 0 1 0 0
90	14	1 0 1 0 0 0 0 0 0 1 0 1 0 0 1 0
90	12	1 1 0 0 1 1 1 0 0 1 0 0 0 1 0 0
90	167	1 1 1 0 1 1 1 0 0 0 0 0 0 1 0 0
90	15	1 1 0 1 1 0 1 0 0 0 0 0 1 1 0 0
90	24	1 1 0 0 1 1 0 0 0 1 0 0 0 0 0 0
90	12	1 0 1 0 0 1 1 0 0 0 0 0 0 1 1 0
90	9	1 1 1 0 1 0 0 0 0 0 0 1 0 1 0 1
90	6	1 0 0 0 1 1 1 0 0 0 0 0 0 1 0 0
90	20	1 1 1 0 0 0 0 0 0 1 0 1 0 1 0 0
90	20	1 1 0 0 1 1 1 1 0 0 0 0 0 1 0 0
90	6	1 1 1 0 1 1 1 0 0 0 0 1 0 1 0 0
90	18	0 1 1 0 1 1 1 0 0 0 0 0 0 1 0 0
90	3	1 1 1 0 1 0 1 0 0 0 0 0 0 1 0 0
90	18	1 1 0 0 1 0 1 0 0 0 0 0 0 0 0 0
90	5	1 1 0 0 1 1 1 0 1 0 0 0 0 0 0 1
90	5	1 1 0 0 1 1 1 0 1 0 0 0 1 0 0 0
90	12	1 1 0 0 1 1 0 0 0 0 0 0 0 0 0 0
90	1	1 1 1 0 1 0 1 0 0 0 0 0 0 0 0 0
90	14	1 0 1 0 1 0 0 0 0 0 0 1 0 1 0 0
90	13	1 1 1 0 0 1 1 0 0 0 0 0 0 1 0 0
90	5	0 0 0 0 1 1 1 0 0 1 0 0 0 1 0 0
90	5	1 1 0 0 1 1 1 0 1 0 0 0 0 1 0 0
90	6	1 1 0 0 1 1 1 0 1 0 0 1 0 0 0 0
90	6	1 1 0 0 1 1 1 0 0 1 0 0 0 0 0 0
90	4	1 1 0 0 1 1 1 0 0 0 0 0 0 1 0 1
90	46	1 1 0 1 0 1 1 0 0 0 0 0 0 1 0 0
90	13	1 0 1 0 0 1 0 0 0 1 0 1 0 1 0 0
90	3	1 1 0 1 1 1 1 1 0 0 0 0 0 1 0 0
90	8	1 1 0 1 1 1 1 0 0 0 0 0 0 0 0 0
90	5	1 0 1 0 0 1 0 0 0 0 0 1 0 1 0 0
90	9	1 1 0 0 1 1 0 0 0 1 0 0 0 1 0 0
90	1	1 1 0 0 1 1 1 0 0 0 1 0 0 1 0 0
90	1	1 1 1 0 1 1 1 0 0 0 0 0 0 0 0 0
90	21	1 1 0 1 1 0 1 0 0 0 0 0 0 1 0 0
90	4	1 1 0 0 1 1 1 0 0 0 0 0 0 1 1 1
90	11	1 1 1 0 1 1 1 0 0 1 0 0 0 1 0 0
90	8	1 1 0 1 1 1 0 0 0 0 0 0 1 1 0 0
90	3	1 1 0 0 1 0 1 1 0 0 0 0 0 1 0 0
90	2	1 0 1 0 1 1 1 0 0 0 0 1 0 1 0 0
90	4	1 0 1 0 1 0 1 0 0 0 0 0 0 1 0 0
90	1	1 1 0 0 1 1 1 0 0 1 0 1 0 1 0 0
90	5	1 1 0 1 1 1 0 0 0 1 0 0 0 0 0 0
90	3	1 1 0 0 1 1 0 1 0 1 0 0 0 0 0 0
90	7	1 1 0 0 1 0 1 0 0 1 0 0 0 1 0 0
90	3	1 1 1 0 0 1 1 0 0 0 0 0 1 1 0 0
90	1	1 1 1 0 0 1 1 0 0 0 0 1 0 1 0 0
90	1	1 1 0 0 1 1 0 0 0 1 0 0 0 0 1 0
90	7	1 1 0 1 0 1 1 0 0 0 0 1 0 1 0 0
90	3	1 0 0 1 0 1 1 0 0 0 0 0 0 1 0 0
90	3	1 0 1 0 0 1 0 0 0 0 0 1 0 1 0 1
90	6	1 1 1 0 0 1 0 0 0 0 0 0 1 1 0 0
90	1	1 1 0 0 1 0 1 0 0 0 0 0 0 1 1 0
90	1	1 1 0 1 0 1 1 0 0 1 0 0 0 1 0 0
90	9	1 1 0 0 1 1 1 0 1 0 0 0 0 0 0 0
90	1	0 1 1 0 0 1 1 0 0 0 0 1 0 1 0 0
90	2	1 1 0 0 1 1 0 0 0 1 0 1 0 1 0 0
90	2	1 1 0 0 0 1 1 0 0 0 0 0 0 0 0 0
90	3	1 1 0 0 1 1 0 0 0 0 0 0 0 1 0 0
90	1	1 1 0 0 1 1 1 1 0 0 0 0 0 0 0 0
90	3	1 1 1 1 1 1 1 0 0 0 0 0 0 1 0 0
90	3	1 1 0 0 1 1 0 0 1 1 0 0 0 0 0 0
90	4	1 1 0 0 1 0 1 0 0 0 0 1 0 0 0 0
90	3	1 0 1 0 0 1 0 0 0 1 0 1 0 1 1 0
90	1	1 1 1 0 1 0 0 0 0 0 0 1 0 1 0 0
90	1	1 1 0 1 0 1 1 1 0 0 0 0 0 1 0 0
90	2	1 1 1 1 1 1 0 0 0 0 0 0 0 1 0 0
90	2	1 0 1 0 1 1 1 0 0 0 0 0 0 1 0 0
90	3	1 0 1 0 0 1 0 0 0 0 0 0 0 1 0 0
90	3	1 1 1 0 0 1 0 0 0 0 0 0 0 1 0 0
90	2	1 1 0 0 0 1 1 0 0 0 1 0 0 1 0 0
90	1	1 0 1 0 0 1 0 0 0 1 0 1 1 1 0 0
90	1	1 1 1 0 1 0 1 1 0 0 0 0 0 1 0 0
100	192	1 1 0 0 1 1 1 0 0 0 0 0 0 1 0 0
100	9	1 1 0 0 1 1 1 0 0 0 0 0 0 1 1 0
100	97	1 1 0 0 1 1 1 0 0 0 0 0 0 0 0 0
100	12	1 1 0 0 1 1 1 0 0 0 0 1 0 1 0 0
100	20	1 1 0 0 1 0 1 0 0 0 0 0 0 1 0 0
100	2	1 1 0 1 1 1 1 0 0 0 0 0 0 1 0 0
100	9	1 1 0 0 0 1 1 0 0 0 0 0 0 1 0 0
100	16	1 0 1 0 0 0 0 0 0 1 0 1 0 0 1 0
100	34	1 1 0 0 1 1 1 0 0 1 0 0 0 1 0 0
100	98	1 1 1 0 1 1 1 0 0 0 0 0 0 1 0 0
100	7	1 1 0 1 1 0 1 0 0 0 0 0 1 1 0 0
100	3	1 1 1 0 1 0 0 0 0 0 0 1 0 1 0 1
100	1	1 0 0 0 1 1 1 0 0 0 0 0 0 1 0 0
100	11	1 1 1 0 0 0 0 0 0 1 0 1 0 1 0 0
100	32	1 1 0 0 1 1 1 1 0 0 0 0 0 1 0 0
100	1	1 1 1 0 1 1 1 0 0 0 0 1 0 1 0 0
100	11	0 1 1 0 1 1 1 0 0 0 0 0 0 1 0 0
100	1	1 1 1 0 1 0 1 0 0 0 0 0 0 1 0 0
100	8	1 1 0 0 1 0 1 0 0 0 0 0 0 0 0 0
100	3	1 1 0 0 1 1 1 0 1 0 0 0 0 0 0 1
100	23	1 1 0 0 1 1 0 0 0 0 0 0 0 0 0 0
100	16	1 0 1 0 1 0 0 0 0 0 0 1 0 1 0 0
100	36	1 1 1 0 0 1 1 0 0 0 0 0 0 1 0 0
100	1	1 1 0 0 1 1 1 0 1 0 0 0 0 1 0 0
100	2	1 1 0 0 1 1 1 0 1 0 0 1 0 0 0 0
100	6	1 1 0 0 1 1 1 0 0 0 0 0 0 1 0 1
100	18	1 1 0 1 0 1 1 0 0 0 0 0 0 1 0 0
100	4	1 0 1 0 0 1 0 0 0 1 0 1 0 1 0 0
100	2	1 1 0 1 1 1 1 1 0 0 0 0 0 1 0 0
100	12	1 1 0 1 1 1 1 0 0 0 0 0 0 0 0 0
100	2	1 1 0 0 1 1 0 0 0 1 0 0 0 1 0 0
100	11	1 1 1 0 1 1 1 0 0 0 0 0 0 0 0 0
100	9	1 1 0 1 1 0 1 0 0 0 0 0 0 1 0 0
100	7	1 1 0 0 1 1 1 0 0 0 0 0 0 1 1 1
100	28	1 1 1 0 1 1 1 0 0 1 0 0 0 1 0 0
100	7	1 1 0 1 1 1 0 0 0 0 0 0 1 1 0 0
100	15	1 0 1 0 1 1 1 0 0 0 0 1 0 1 0 0
100	32	1 0 1 0 1 0 1 0 0 0 0 0 0 1 0 0
100	12	1 1 0 0 1 0 1 0 0 1 0 0 0 1 0 0
100	16	1 1 1 0 0 1 1 0 0 0 0 0 1 1 0 0
100	4	1 1 0 1 0 1 1 0 0 0 0 1 0 1 0 0
100	9	1 0 1 0 0 1 0 0 0 0 0 1 0 1 0 1
100	7	1 1 1 0 0 1 0 0 0 0 0 0 1 1 0 0
100	9	1 1 0 1 0 1 1 0 0 1 0 0 0 1 0 0
100	9	1 1 0 0 1 1 1 0 1 0 0 0 0 0 0 0
100	1	1 1 0 0 1 1 0 0 0 1 0 1 0 1 0 0
100	16	1 1 0 0 0 1 1 0 0 0 1 0 0 1 0 0
100	14	1 1 0 0 1 0 1 0 0 0 0 0 0 1 0 1
100	4	1 1 1 0 1 1 1 0 0 0 0 0 1 1 0 0
100	5	1 1 0 0 1 1 0 0 0 0 0 0 0 1 0 1
100	2	1 0 0 0 1 1 1 1 0 0 0 0 0 1 0 0
100	2	1 1 0 0 1 1 0 0 1 1 0 0 0 1 0 0
100	3	1 1 1 0 1 1 0 0 0 1 0 1 0 0 1 0
100	19	1 0 1 0 0 0 1 0 0 0 0 0 0 1 0 0
100	1	1 0 1 0 0 1 1 0 0 0 0 0 0 1 0 0
100	12	1 1 0 1 1 0 1 0 0 0 0 0 0 0 0 0
100	7	1 1 0 0 1 0 1 0 0 0 0 1 0 0 1 0
100	1	1 1 1 0 1 1 1 0 0 0 0 0 0 1 0 1
100	4	1 1 0 1 1 0 1 0 0 0 1 0 0 1 0 0
100	4	1 1 1 0 0 1 0 0 0 0 0 0 0 1 0 0
100	3	1 0 1 0 0 0 0 0 0 1 0 1 0 0 0 0
100	1	1 1 1 0 0 0 0 0 0 1 0 1 0 0 1 0
100	7	1 1 0 0 1 1 0 0 0 0 0 1 0 1 0 0
100	1	1 1 1 0 0 1 0 0 0 1 0 1 0 1 0 0
100	3	1 1 0 1 0 1 1 0 0 1 0 1 0 0 1 0
100	5	1 0 1 0 1 1 0 0 0 0 0 1 0 1 0 0
100	5	1 1 0 0 1 0 1 1 0 0 0 1 0 0 0 0
100	1	1 1 0 0 1 0 1 0 0 0 0 1 0 1 0 0
100	2	1 1 0 1 1 1 0 0 1 1 0 0 0 1 0 0
100	3	1 1 0 0 1 1 1 0 0 0 1 0 0 1 0 0
100	1	1 1 1 0 1 1 1 0 0 0 0 0 0 0 0 1
100	2	0 1 1 0 1 1 1 0 0 0 0 0 0 0 0 0
100	1	1 1 1 0 0 1 1 0 0 0 0 1 0 0 1 0
100	1	1 1 0 0 0 1 1 0 0 0 0 0 0 0 0 0
100	1	1 1 1 0 1 1 1 0 0 1 0 1 0 1 0 0
100	1	1 1 1 0 0 1 1 0 0 0 0 0 0 1 1 0
100	1	1 1 1 0 0 0 1 0 0 0 0 0 0 1 0 0
100	2	1 0 1 0 0 1 0 0 0 1 0 1 0 1 1 0
110	154	1 1 0 0 1 1 1 0 0 0 0 0 0 1 0 0
110	4	1 1 0 0 1 1 1 0 0 0 0 0 0 1 1 0
110	68	1 1 0 0 1 1 1 0 0 0 0 0 0 0 0 0
110	3	1 1 0 0 1 1 1 0 0 0 0 1 0 1 0 0
110	1	1 1 0 0 1 0 1 0 0 0 0 0 0 1 0 0
110	19	1 1 0 0 0 1 1 0 0 0 0 0 0 1 0 0
110	19	1 0 1 0 0 0 0 0 0 1 0 1 0 0 1 0
110	34	1 1 0 0 1 1 1 0 0 1 0 0 0 1 0 0
110	107	1 1 1 0 1 1 1 0 0 0 0 0 0 1 0 0
110	3	1 1 0 0 1 1 1 1 0 0 0 0 0 1 0 0
110	6	1 1 1 0 1 1 1 0 0 0 0 1 0 1 0 0
110	17	0 1 1 0 1 1 1 0 0 0 0 0 0 1 0 0
110	8	1 1 1 0 1 0 1 0 0 0 0 0 0 1 0 0
110	16	1 1 0 0 1 0 1 0 0 0 0 0 0 0 0 0
110	4	1 1 0 0 1 1 1 0 1 0 0 0 0 0 0 1
110	22	1 1 0 0 1 1 0 0 0 0 0 0 0 0 0 0
110	14	1 0 1 0 1 0 0 0 0 0 0 1 0 1 0 0
110	27	1 1 1 0 0 1 1 0 0 0 0 0 0 1 0 0
110	9	1 1 0 0 1 1 1 0 1 0 0 0 0 1 0 0
110	1	1 1 0 0 1 1 1 0 0 0 0 0 0 1 0 1
110	12	1 1 0 1 0 1 1 0 0 0 0 0 0 1 0 0
110	2	1 0 1 0 0 1 0 0 0 1 0 1 0 1 0 0
110	25	1 1 0 1 1 1 1 0 0 0 0 0 0 0 0 0
110	4	1 1 1 0 1 1 1 0 0 0 0 0 0 0 0 0
110	6	1 1 0 1 1 0 1 0 0 0 0 0 0 1 0 0
110	31	1 1 1 0 1 1 1 0 0 1 0 0 0 1 0 0
110	3	1 0 1 0 1 1 1 0 0 0 0 1 0 1 0 0
110	41	1 0 1 0 1 0 1 0 0 0 0 0 0 1 0 0
110	24	1 1 0 0 1 0 1 0 0 1 0 0 0 1 0 0
110	26	1 1 1 0 0 1 1 0 0 0 0 0 1 1 0 0
110	2	1 0 1 0 0 1 0 0 0 0 0 1 0 1 0 1
110	12	1 1 0 1 0 1 1 0 0 1 0 0 0 1 0 0
110	12	1 1 0 0 1 1 1 0 1 0 0 0 0 0 0 0
110	8	1 1 0 0 0 1 1 0 0 0 1 0 0 1 0 0
110	5	1 1 0 0 1 0 1 0 0 0 0 0 0 1 0 1
110	2	1 0 0 0 1 1 1 1 0 0 0 0 0 1 0 0
110	11	1 1 0 1 1 0 1 0 0 0 0 0 0 0 0 0
110	16	1 1 0 0 1 0 1 0 0 0 0 1 0 0 1 0
110	9	1 1 0 1 1 0 1 0 0 0 1 0 0 1 0 0
110	18	1 1 0 0 1 1 0 0 0 0 0 1 0 1 0 0
110	7	1 1 0 1 0 1 1 0 0 1 0 1 0 0 1 0
110	2	1 0 1 0 1 1 0 0 0 0 0 1 0 1 0 0
110	13	1 1 0 0 1 0 1 1 0 0 0 1 0 0 0 0
110	13	1 1 0 0 1 1 1 0 0 0 1 0 0 1 0 0
110	1	1 1 1 0 0 0 0 0 1 1 0 1 0 1 0 0
110	12	1 1 0 0 1 1 0 0 0 0 0 0 0 1 0 0
110	3	1 0 1 0 0 0 1 0 0 0 0 0 0 0 0 0
110	3	1 0 1 0 1 1 1 0 0 0 0 0 0 1 0 0
110	7	1 1 1 0 1 1 0 0 0 0 0 0 0 0 0 0
110	2	1 1 0 0 1 1 1 0 0 1 0 1 0 0 1 0
110	8	1 1 0 0 1 0 1 1 0 0 0 0 0 1 0 0
110	3	0 1 0 1 1 1 1 0 0 0 0 0 0 0 0 0
110	12	1 1 0 1 0 1 1 0 0 1 0 0 1 1 0 0
110	8	1 1 0 0 1 1 1 0 0 0 0 0 1 1 0 1
110	2	1 0 1 0 0 0 0 0 0 1 0 1 0 0 1 1
110	26	1 1 1 0 0 0 0 0 0 1 1 1 0 1 0 0
110	2	1 1 0 0 0 1 1 0 0 0 0 0 0 1 0 1
110	3	1 0 0 0 1 1 0 0 0 0 0 0 0 0 0 0
110	6	1 1 1 0 1 1 1 0 0 0 0 1 0 0 0 0
110	7	1 1 0 1 0 1 1 0 0 1 0 0 0 0 0 0
110	2	1 0 1 0 1 0 1 1 0 0 0 0 0 1 0 0
110	1	1 1 0 0 1 1 1 0 1 0 0 0 0 0 1 0
110	8	1 1 0 1 1 0 1 0 0 0 0 1 0 0 1 0
110	2	1 1 1 0 1 1 1 0 0 0 0 0 0 1 1 0
110	1	1 0 1 0 1 0 0 0 0 0 0 0 0 1 0 0
110	2	1 1 1 0 1 1 1 0 0 1 0 0 0 1 0 1
110	6	1 1 1 1 1 1 1 0 0 1 0 0 0 1 0 0
110	6	1 1 1 0 1 1 0 0 0 1 0 0 0 1 0 0
110	1	1 1 0 0 1 0 1 1 0 0 0 1 0 0 1 0
110	1	1 1 1 0 0 0 0 0 1 1 0 0 0 1 0 0
110	1	1 1 1 0 0 1 1 0 1 0 0 0 0 1 0 0
110	4	1 1 0 0 1 0 1 0 0 0 0 1 0 1 1 0
110	1	1 1 0 0 0 1 0 0 0 0 0 1 0 1 0 0
110	3	1 1 1 0 1 1 1 0 1 0 0 0 0 1 0 0
110	3	1 0 1 0 1 0 1 0 0 0 0 0 0 0 0 0
110	1	1 0 1 0 0 0 1 0 1 0 0 0 0 1 0 0
110	1	1 1 1 0 1 1 0 0 0 0 0 1 0 1 0 0
110	1	1 1 0 0 1 1 1 0 0 0 0 1 0 0 1 0
110	1	1 0 1 0 1 0 0 0 0 0 0 1 0 1 0 1
110	1	1 0 1 0 0 1 1 0 0 0 0 1 0 1 0 0
110	2	1 0 0 0 1 1 1 0 0 1 0 0 0 1 0 0
110	1	1 1 1 0 1 1 1 1 0 0 0 0 0 1 0 0
110	2	1 1 0 0 1 0 1 1 0 0 0 1 0 1 0 0
110	1	0 0 0 1 1 1 1 0 0 0 0 0 0 0 0 0
110	2	1 1 0 1 1 1 1 0 0 0 0 1 0 0 1 0
120	102	1 1 0 0 1 1 1 0 0 0 0 0 0 1 0 0
120	5	1 1 0 0 1 1 1 0 0 0 0 0 0 1 1 0
120	65	1 1 0 0 1 1 1 0 0 0 0 0 0 0 0 0
120	8	1 1 0 0 1 1 1 0 0 0 0 1 0 1 0 0
120	8	1 1 0 0 1 0 1 0 0 0 0 0 0 1 0 0
120	13	1 1 0 0 0 1 1 0 0 0 0 0 0 1 0 0
120	6	1 0 1 0 0 0 0 0 0 1 0 1 0 0 1 0
120	17	1 1 0 0 1 1 1 0 0 1 0 0 0 1 0 0
120	70	1 1 1 0 1 1 1 0 0 0 0 0 0 1 0 0
120	3	1 1 0 0 1 1 1 1 0 0 0 0 0 1 0 0
120	22	1 1 1 0 1 1 1 0 0 0 0 1 0 1 0 0
120	16	0 1 1 0 1 1 1 0 0 0 0 0 0 1 0 0
120	9	1 1 1 0 1 0 1 0 0 0 0 0 0 1 0 0
120	12	1 1 0 0 1 0 1 0 0 0 0 0 0 0 0 0
120	7	1 1 0 0 1 1 1 0 1 0 0 0 0 0 0 1
120	37	1 1 0 0 1 1 0 0 0 0 0 0 0 0 0 0
120	5	1 0 1 0 1 0 0 0 0 0 0 1 0 1 0 0
120	36	1 1 1 0 0 1 1 0 0 0 0 0 0 1 0 0
120	8	1 1 0 0 1 1 1 0 1 0 0 0 0 1 0 0
120	21	1 1 0 1 0 1 1 0 0 0 0 0 0 1 0 0
120	16	1 1 0 1 1 1 1 0 0 0 0 0 0 0 0 0
120	12	1 1 1 0 1 1 1 0 0 0 0 0 0 0 0 0
120	16	1 1 0 1 1 0 1 0 0 0 0 0 0 1 0 0
120	19	1 1 1 0 1 1 1 0 0 1 0 0 0 1 0 0
120	18	1 0 1 0 1 0 1 0 0 0 0 0 0 1 0 0
120	36	1 1 0 0 1 0 1 0 0 1 0 0 0 1 0 0
120	8	1 1 1 0 0 1 1 0 0 0 0 0 1 1 0 0
120	32	1 1 0 1 0 1 1 0 0 1 0 0 0 1 0 0
120	4	1 1 0 0 0 1 1 0 0 0 1 0 0 1 0 0
120	27	1 1 0 1 1 0 1 0 0 0 0 0 0 0 0 0
120	16	1 1 0 1 1 0 1 0 0 0 1 0 0 1 0 0
120	39	1 1 0 0 1 1 0 0 0 0 0 1 0 1 0 0
120	3	1 1 0 1 0 1 1 0 0 1 0 1 0 0 1 0
120	18	1 1 0 0 1 0 1 1 0 0 0 1 0 0 0 0
120	10	1 1 0 0 1 1 1 0 0 0 1 0 0 1 0 0
120	2	1 1 1 0 0 0 0 0 1 1 0 1 0 1 0 0
120	17	1 1 0 0 1 1 0 0 0 0 0 0 0 1 0 0
120	4	1 0 1 0 1 1 1 0 0 0 0 0 0 1 0 0
120	4	1 1 1 0 1 1 0 0 0 0 0 0 0 0 0 0
120	20	1 1 0 0 1 0 1 1 0 0 0 0 0 1 0 0
120	15	1 1 1 0 0 0 0 0 0 1 1 1 0 1 0 0
120	10	1 1 1 0 1 1 1 0 0 0 0 1 0 0 0 0
120	10	1 1 0 1 0 1 1 0 0 1 0 0 0 0 0 0
120	15	1 1 0 1 1 0 1 0 0 0 0 1 0 0 1 0
120	1	1 1 1 0 1 1 0 0 0 1 0 0 0 1 0 0
120	1	1 1 0 0 1 0 1 0 0 0 0 1 0 1 1 0
120	4	1 0 1 0 1 0 1 0 0 0 0 0 0 0 0 0
120	2	1 1 1 0 1 1 0 0 0 0 0 1 0 1 0 0
120	2	0 1 0 0 1 1 1 0 0 0 0 0 0 1 0 0
120	6	1 1 0 0 1 1 1 0 0 1 0 0 0 0 0 0
120	1	1 1 0 0 1 1 0 0 0 1 0 0 0 0 0 0
120	2	1 0 0 1 1 1 1 0 0 0 0 0 0 0 0 0
120	6	1 1 1 0 1 1 1 0 0 1 0 0 1 1 0 0
120	4	1 1 1 0 0 1 1 0 0 0 0 1 1 1 0 0
120	1	1 1 0 1 1 1 1 0 0 0 0 0 1 1 0 1
120	1	1 1 0 1 1 0 1 0 0 0 1 0 1 1 0 0
120	3	1 1 1 0 1 1 1 1 0 1 0 0 0 1 0 1
120	1	1 0 1 0 0 0 0 0 0 1 0 1 0 0 0 0
120	13	1 0 1 0 1 0 1 0 0 0 1 0 0 1 0 0
120	8	1 1 0 0 0 0 1 0 0 0 0 1 0 1 1 0
120	6	0 1 1 0 1 1 1 0 0 0 0 1 0 1 0 0
120	4	1 1 1 0 1 1 0 0 0 0 0 0 0 0 1 0
120	1	1 1 0 1 0 1 1 0 0 1 0 0 1 0 0 0
120	14	1 1 0 0 1 1 0 0 0 1 1 1 0 1 0 0
120	7	1 1 0 0 1 0 1 1 0 1 0 1 0 0 1 0
120	1	0 1 0 0 1 0 1 0 0 1 0 0 0 1 0 0
120	4	1 1 1 0 1 1 0 0 0 0 0 0 0 1 0 0
120	9	1 1 0 0 0 1 1 0 0 0 0 1 0 1 0 0
120	1	1 1 0 0 1 0 1 0 1 1 0 0 0 1 0 0
120	3	1 1 0 0 1 1 0 0 0 0 1 1 0 1 0 0
120	2	1 1 1 1 1 1 0 0 0 0 0 0 0 0 0 0
120	3	1 1 1 0 0 1 0 0 0 0 0 0 0 0 1 0
120	1	1 1 1 0 0 0 0 0 0 1 1 0 0 1 0 0
120	2	1 0 1 0 1 0 1 0 0 0 0 0 0 1 1 0
120	3	1 1 0 1 1 0 1 0 1 0 1 0 0 1 0 0
120	1	1 1 0 0 1 0 0 1 0 0 0 1 0 0 0 0
120	1	1 1 1 0 1 0 1 1 0 0 0 0 0 1 0 0
120	1	1 1 1 0 1 1 1 0 1 0 0 0 0 0 0 1
120	4	1 0 1 0 0 0 0 0 0 1 0 0 0 0 1 0
120	1	0 0 1 0 0 0 0 0 0 1 0 1 0 0 1 0
120	1	1 1 1 0 1 1 1 0 0 0 0 1 0 1 0 1
120	2	0 1 1 0 1 1 1 0 0 0 0 0 0 0 0 0
120	4	1 1 1 1 1 0 1 0 0 0 0 0 0 0 0 0
120	3	1 1 0 1 1 0 1 0 0 1 1 0 0 1 0 0
120	2	1 1 0 0 1 0 0 0 0 0 0 1 0 1 0 0
120	4	1 1 0 0 1 0 1 1 1 0 0 1 0 0 0 0
120	4	1 1 0 0 1 0 1 1 0 0 0 0 1 1 0 0
120	1	1 0 0 0 1 1 0 0 0 1 1 1 0 1 0 0
120	1	1 1 0 0 1 1 1 0 0 0 0 1 0 0 0 0
120	1	1 1 0 1 0 1 1 0 0 0 0 0 0 0 0 0
120	2	1 1 0 1 1 0 1 0 0 1 1 1 0 1 0 0
120	1	1 1 0 0 1 1 0 0 0 0 0 1 0 0 1 0
120	2	1 1 1 1 0 1 1 0 0 0 0 0 0 1 0 0
120	4	1 0 1 0 1 0 1 1 0 0 0 0 0 1 0 0
120	1	1 1 0 0 1 1 1 1 0 0 0 1 0 0 0 0
120	1	1 1 1 0 1 1 0 1 0 1 0 0 0 1 0 0
130	79	1 1 0 0 1 1 1 0 0 0 0 0 0 1 0 0
130	2	1 1 0 0 1 1 1 0 0 0 0 0 0 1 1 0
130	30	1 1 0 0 1 1 1 0 0 0 0 0 0 0 0 0
130	7	1 1 0 0 1 1 1 0 0 0 0 1 0 1 0 0
130	9	1 1 0 0 1 0 1 0 0 0 0 0 0 1 0 0
130	10	1 1 0 0 0 1 1 0 0 0 0 0 0 1 0 0
130	12	1 1 0 0 1 1 1 0 0 1 0 0 0 1 0 0
130	21	1 1 1 0 1 1 1 0 0 0 0 0 0 1 0 0
130	12	1 1 1 0 1 1 1 0 0 0 0 1 0 1 0 0
130	26	0 1 1 0 1 1 1 0 0 0 0 0 0 1 0 0
130	8	1 1 0 0 1 0 1 0 0 0 0 0 0 0 0 0
130	29	1 1 0 0 1 1 0 0 0 0 0 0 0 0 0 0
130	2	1 0 1 0 1 0 0 0 0 0 0 1 0 1 0 0
130	31	1 1 1 0 0 1 1 0 0 0 0 0 0 1 0 0
130	7	1 1 0 1 0 1 1 0 0 0 0 0 0 1 0 0
130	40	1 1 0 1 1 1 1 0 0 0 0 0 0 0 0 0
130	39	1 1 1 0 1 1 1 0 0 0 0 0 0 0 0 0
130	44	1 1 0 1 1 0 1 0 0 0 0 0 0 1 0 0
130	33	1 1 1 0 1 1 1 0 0 1 0 0 0 1 0 0
130	19	1 0 1 0 1 0 1 0 0 0 0 0 0 1 0 0
130	27	1 1 0 0 1 0 1 0 0 1 0 0 0 1 0 0
130	41	1 1 1 0 0 1 1 0 0 0 0 0 1 1 0 0
130	22	1 1 0 1 0 1 1 0 0 1 0 0 0 1 0 0
130	2	1 1 0 0 0 1 1 0 0 0 1 0 0 1 0 0
130	22	1 1 0 1 1 0 1 0 0 0 0 0 0 0 0 0
130	1	1 1 0 1 1 0 1 0 0 0 1 0 0 1 0 0
130	11	1 1 0 0 1 1 0 0 0 0 0 1 0 1 0 0
130	24	1 1 0 0 1 0 1 1 0 0 0 1 0 0 0 0
130	12	1 1 0 0 1 1 0 0 0 0 0 0 0 1 0 0
130	17	1 1 1 0 1 1 0 0 0 0 0 0 0 0 0 0
130	39	1 1 0 0 1 0 1 1 0 0 0 0 0 1 0 0
130	11	1 1 1 0 0 0 0 0 0 1 1 1 0 1 0 0
130	27	1 1 1 0 1 1 1 0 0 0 0 1 0 0 0 0
130	5	1 1 0 1 0 1 1 0 0 1 0 0 0 0 0 0
130	11	1 1 0 1 1 0 1 0 0 0 0 1 0 0 1 0
130	12	1 0 0 1 1 1 1 0 0 0 0 0 0 0 0 0
130	2	1 1 1 0 0 1 1 0 0 0 0 1 1 1 0 0
130	1	1 1 0 1 1 1 1 0 0 0 0 0 1 1 0 1
130	19	1 0 1 0 1 0 1 0 0 0 1 0 0 1 0 0
130	3	1 1 1 0 1 1 0 0 0 0 0 0 0 0 1 0
130	5	1 1 0 0 1 1 0 0 0 1 1 1 0 1 0 0
130	17	1 1 0 0 1 0 1 1 0 1 0 1 0 0 1 0
130	1	1 1 0 0 0 1 1 0 0 0 0 1 0 1 0 0
130	18	1 1 0 0 1 0 1 0 1 1 0 0 0 1 0 0
130	5	0 1 1 0 1 1 1 0 0 0 0 0 0 0 0 0
130	3	1 1 0 0 1 0 1 1 1 0 0 1 0 0 0 0
130	2	1 1 0 0 1 0 1 1 0 0 0 0 1 1 0 0
130	3	1 1 0 0 1 1 1 0 0 0 0 1 0 0 0 0
130	10	1 1 1 1 0 1 1 0 0 0 0 0 0 1 0 0
130	8	1 0 1 0 1 0 1 1 0 0 0 0 0 1 0 0
130	5	1 1 0 0 1 1 0 1 0 0 0 0 0 0 0 0
130	10	1 1 1 0 1 1 1 0 0 1 0 1 0 1 0 0
130	14	1 1 0 0 1 0 1 1 0 0 0 1 0 0 1 0
130	2	1 1 0 0 1 1 1 0 0 0 0 1 0 1 0 1
130	2	1 0 1 0 1 0 1 0 1 0 0 0 0 1 0 0
130	17	1 0 0 0 1 0 1 1 0 0 0 1 0 0 0 0
130	10	1 1 0 0 0 1 1 0 0 0 0 0 0 0 0 0
130	1	1 1 1 0 1 1 1 0 1 0 0 0 0 0 0 0
130	5	1 1 1 0 1 1 1 0 0 1 0 0 0 0 0 0
130	1	1 1 0 1 0 1 1 1 0 1 0 0 0 0 0 0
130	8	1 1 0 0 1 1 1 0 1 1 0 0 0 1 0 0
130	2	1 1 1 0 0 1 1 0 0 1 0 0 0 1 0 0
130	3	1 1 1 0 0 1 1 0 0 0 0 0 1 0 0 0
130	19	1 1 0 1 0 0 1 0 0 0 0 1 0 0 1 0
130	1	1 1 1 0 1 1 1 0 0 1 0 0 0 1 0 1
130	1	1 1 0 0 1 1 1 0 0 1 0 0 0 0 0 0
130	1	1 1 0 0 0 1 1 0 0 0 0 0 1 1 0 0
130	2	0 1 1 0 1 1 1 0 0 1 0 0 0 1 0 0
130	8	1 0 1 0 1 0 0 0 0 0 0 0 0 1 0 0
130	4	1 1 1 0 0 1 1 1 0 0 0 1 0 0 1 0
130	4	1 0 1 0 1 0 1 0 0 1 0 1 0 1 0 0
130	1	1 0 0 0 1 1 1 0 0 0 0 0 0 0 0 0
130	1	1 1 0 0 1 0 1 0 0 0 0 0 0 1 0 1
130	2	1 1 1 0 0 1 1 0 0 0 1 0 0 1 0 0
130	5	1 1 1 0 1 1 1 1 0 0 0 0 0 0 0 0
130	1	1 1 0 1 1 0 1 0 0 1 0 0 0 1 0 0
130	1	1 1 1 0 1 1 1 0 0 1 0 0 1 0 0 0
130	1	1 1 1 0 1 0 1 1 0 0 0 0 0 1 0 0
130	2	1 1 0 1 1 1 1 0 0 0 0 0 0 1 0 0
130	1	1 1 0 0 1 0 1 1 0 0 0 1 0 1 0 0
130	3	1 1 0 0 1 1 1 0 1 0 0 0 0 1 0 0
130	5	1 1 0 0 1 1 1 0 0 0 0 0 0 1 0 1
130	4	1 1 1 0 0 1 0 0 0 0 0 0 0 1 0 0
130	1	1 0 1 0 1 0 1 0 0 0 0 0 1 1 0 0
130	1	1 1 0 0 1 0 0 1 0 0 1 1 0 0 0 0
130	3	1 1 0 0 1 0 1 1 0 0 0 0 0 0 1 0
130	1	1 1 1 0 0 1 1 0 0 0 0 0 1 1 1 0
130	4	1 1 1 1 0 1 1 0 0 0 0 0 0 1 0 1
130	1	1 1 0 1 1 1 1 0 0 1 1 1 0 1 0 0
130	1	1 1 1 1 0 1 1 0 0 0 0 0 1 1 1 0
140	45	1 1 0 0 1 1 1 0 0 0 0 0 0 1 0 0
140	51	1 1 0 0 1 1 1 0 0 0 0 0 0 0 0 0
140	5	1 1 0 0 1 1 1 0 0 0 0 1 0 1 0 0
140	3	1 1 0 0 1 0 1 0 0 0 0 0 0 1 0 0
140	9	1 1 0 0 0 1 1 0 0 0 0 0 0 1 0 0
140	18	1 1 1 0 1 1 1 0 0 0 0 0 0 1 0 0
140	13	1 1 1 0 1 1 1 0 0 0 0 1 0 1 0 0
140	11	0 1 1 0 1 1 1 0 0 0 0 0 0 1 0 0
140	7	1 1 0 0 1 0 1 0 0 0 0 0 0 0 0 0
140	13	1 1 0 0 1 1 0 0 0 0 0 0 0 0 0 0
140	43	1 1 1 0 0 1 1 0 0 0 0 0 0 1 0 0
140	23	1 1 0 1 0 1 1 0 0 0 0 0 0 1 0 0
140	45	1 1 0 1 1 1 1 0 0 0 0 0 0 0 0 0
140	10	1 1 1 0 1 1 1 0 0 0 0 0 0 0 0 0
140	68	1 1 0 1 1 0 1 0 0 0 0 0 0 1 0 0
140	36	1 1 1 0 1 1 1 0 0 1 0 0 0 1 0 0
140	15	1 0 1 0 1 0 1 0 0 0 0 0 0 1 0 0
140	14	1 1 0 0 1 0 1 0 0 1 0 0 0 1 0 0
140	29	1 1 1 0 0 1 1 0 0 0 0 0 1 1 0 0
140	10	1 1 0 1 0 1 1 0 0 1 0 0 0 1 0 0
140	3	1 1 0 0 0 1 1 0 0 0 1 0 0 1 0 0
140	33	1 1 0 1 1 0 1 0 0 0 0 0 0 0 0 0
140	16	1 1 0 0 1 1 0 0 0 0 0 1 0 1 0 0
140	11	1 1 0 0 1 0 1 1 0 0 0 1 0 0 0 0
140	4	1 1 0 0 1 1 0 0 0 0 0 0 0 1 0 0
140	28	1 1 1 0 1 1 0 0 0 0 0 0 0 0 0 0
140	29	1 1 0 0 1 0 1 1 0 0 0 0 0 1 0 0
140	6	1 1 1 0 0 0 0 0 0 1 1 1 0 1 0 0
140	42	1 1 1 0 1 1 1 0 0 0 0 1 0 0 0 0
140	3	1 1 0 1 0 1 1 0 0 1 0 0 0 0 0 0
140	13	1 1 0 1 1 0 1 0 0 0 0 1 0 0 1 0
140	3	1 0 0 1 1 1 1 0 0 0 0 0 0 0 0 0
140	3	1 1 1 0 0 1 1 0 0 0 0 1 1 1 0 0
140	11	1 0 1 0 1 0 1 0 0 0 1 0 0 1 0 0
140	3	1 1 0 0 1 0 1 1 0 1 0 1 0 0 1 0
140	8	1 1 0 0 1 0 1 0 1 1 0 0 0 1 0 0
140	12	1 1 0 0 1 1 1 0 0 0 0 1 0 0 0 0
140	3	1 1 1 1 0 1 1 0 0 0 0 0 0 1 0 0
140	3	1 0 1 0 1 0 1 1 0 0 0 0 0 1 0 0
140	3	1 1 0 0 1 1 0 1 0 0 0 0 0 0 0 0
140	14	1 1 1 0 1 1 1 0 0 1 0 1 0 1 0 0
140	12	1 1 0 0 1 0 1 1 0 0 0 1 0 0 1 0
140	5	1 0 1 0 1 0 1 0 1 0 0 0 0 1 0 0
140	11	1 0 0 0 1 0 1 1 0 0 0 1 0 0 0 0
140	12	1 1 0 0 0 1 1 0 0 0 0 0 0 0 0 0
140	4	1 1 1 0 1 1 1 0 0 1 0 0 0 0 0 0
140	12	1 1 0 1 0 0 1 0 0 0 0 1 0 0 1 0
140	7	1 0 1 0 1 0 0 0 0 0 0 0 0 1 0 0
140	20	1 1 1 0 0 1 1 1 0 0 0 1 0 0 1 0
140	3	1 1 1 0 1 1 1 0 0 1 0 0 1 0 0 0
140	4	1 1 0 0 1 0 1 1 0 0 0 1 0 1 0 0
140	15	0 1 1 0 1 1 1 0 0 1 0 1 0 1 0 0
140	3	1 1 0 0 1 1 1 0 0 0 0 0 1 0 0 0
140	12	1 1 1 0 1 0 1 1 0 0 0 0 0 1 0 0
140	4	1 1 0 0 1 1 0 0 0 1 1 1 1 1 0 0
140	8	1 1 1 0 1 1 1 0 0 1 0 1 0 1 0 1
140	7	1 1 0 1 0 1 1 0 0 0 0 0 0 0 0 0
140	1	1 1 0 0 1 0 1 0 0 1 0 0 1 1 0 0
140	1	1 1 1 0 1 0 1 1 0 0 0 1 0 0 1 0
140	10	1 1 1 0 1 0 1 0 0 1 0 0 0 1 0 0
140	7	0 1 0 1 1 0 1 0 0 0 0 0 0 0 0 0
140	5	1 1 1 0 1 1 1 0 1 0 0 1 0 0 0 0
140	6	1 1 0 0 1 0 1 0 1 1 1 0 0 1 0 0
140	1	1 1 0 1 1 0 1 0 0 0 0 0 0 1 0 1
140	2	1 1 1 0 1 0 1 0 0 0 0 0 0 1 0 0
140	5	0 1 1 0 1 1 1 0 0 0 0 1 0 1 0 0
140	12	1 1 0 0 1 1 1 1 0 0 0 1 0 0 0 0
140	5	0 1 0 0 1 1 1 0 0 0 0 0 0 0 0 0
140	7	1 0 0 1 0 1 1 0 0 1 0 0 0 1 0 0
140	9	1 1 0 1 1 0 1 1 0 0 0 1 0 0 1 0
140	4	1 0 1 0 1 0 0 0 0 0 0 1 0 1 0 0
140	3	1 1 0 0 1 1 1 1 0 0 0 0 0 1 0 0
140	4	1 1 0 1 1 1 1 0 0 0 0 0 0 1 0 0
140	5	1 0 1 0 1 0 0 0 0 0 0 1 0 0 1 0
140	1	1 0 0 0 1 1 1 0 0 0 0 0 0 0 0 0
140	5	1 1 0 1 0 1 1 0 0 1 0 0 1 1 0 0
140	7	1 1 0 0 1 1 0 1 0 0 0 0 0 0 0 1
140	4	1 1 1 0 1 1 0 0 0 0 0 0 0 1 0 0
140	5	1 1 1 0 0 1 1 0 1 0 0 0 0 1 0 0
140	1	1 1 0 1 0 0 1 0 1 1 0 0 0 1 0 0
140	1	0 1 0 1 1 0 1 0 0 1 0 1 0 1 0 0
140	1	1 1 0 0 1 1 0 0 0 0 0 1 0 0 0 0
140	1	1 1 1 0 0 1 0 0 0 0 0 0 0 1 0 0
140	1	1 1 1 0 1 1 1 0 0 1 0 0 1 1 0 0
140	1	1 0 1 0 1 0 1 0 0 0 1 0 0 0 0 0
140	3	1 1 0 0 1 1 0 1 0 0 0 1 0 0 0 0
140	2	1 0 0 0 0 1 1 0 0 0 0 1 0 1 0 0
140	1	1 1 0 0 0 1 1 0 0 0 0 1 1 1 0 0
140	2	1 1 1 0 1 0 1 1 0 0 0 0 0 1 1 0
140	2	1 1 1 0 0 1 1 1 0 0 0 0 0 1 0 0
140	1	1 1 1 0 0 1 1 0 0 0 1 0 0 1 0 0
140	4	1 1 1 0 0 1 1 0 0 0 0 0 0 1 1 0
140	3	1 1 1 1 1 1 1 0 0 0 0 0 0 0 0 0
140	3	1 1 1 0 1 1 0 0 0 0 0 1 0 1 0 0
140	2	0 1 0 0 1 1 0 0 0 0 0 1 0 1 0 0
140	1	1 1 1 0 1 1 0 0 0 1 0 0 0 0 0 0
140	2	1 1 1 0 0 1 0 0 0 0 0 1 1 1 0 0
140	1	1 1 1 0 0 1 1 1 0 1 0 1 0 0 1 0
150	44	1 1 0 0 1 1 1 0 0 0 0 0 0 1 0 0
150	59	1 1 0 0 1 1 1 0 0 0 0 0 0 0 0 0
150	6	1 1 0 0 1 0 1 0 0 0 0 0 0 1 0 0
150	12	1 1 1 0 1 1 1 0 0 0 0 0 0 1 0 0
150	11	1 1 1 0 1 1 1 0 0 0 0 1 0 1 0 0
150	16	0 1 1 0 1 1 1 0 0 0 0 0 0 1 0 0
150	12	1 1 0 0 1 1 0 0 0 0 0 0 0 0 0 0
150	25	1 1 1 0 0 1 1 0 0 0 0 0 0 1 0 0
150	25	1 1 0 1 0 1 1 0 0 0 0 0 0 1 0 0
150	94	1 1 0 1 1 1 1 0 0 0 0 0 0 0 0 0
150	1	1 1 1 0 1 1 1 0 0 0 0 0 0 0 0 0
150	36	1 1 0 1 1 0 1 0 0 0 0 0 0 1 0 0
150	34	1 1 1 0 1 1 1 0 0 1 0 0 0 1 0 0
150	10	1 0 1 0 1 0 1 0 0 0 0 0 0 1 0 0
150	8	1 1 0 0 1 0 1 0 0 1 0 0 0 1 0 0
150	35	1 1 1 0 0 1 1 0 0 0 0 0 1 1 0 0
150	3	1 1 0 1 0 1 1 0 0 1 0 0 0 1 0 0
150	15	1 1 0 1 1 0 1 0 0 0 0 0 0 0 0 0
150	2	1 1 0 0 1 1 0 0 0 0 0 1 0 1 0 0
150	15	1 1 0 0 1 0 1 1 0 0 0 1 0 0 0 0
150	47	1 1 1 0 1 1 0 0 0 0 0 0 0 0 0 0
150	24	1 1 0 0 1 0 1 1 0 0 0 0 0 1 0 0
150	7	1 1 1 0 0 0 0 0 0 1 1 1 0 1 0 0
150	7	1 1 1 0 1 1 1 0 0 0 0 1 0 0 0 0
150	4	1 1 0 1 1 0 1 0 0 0 0 1 0 0 1 0
150	23	1 0 1 0 1 0 1 0 0 0 1 0 0 1 0 0
150	5	1 1 0 0 1 0 1 1 0 1 0 1 0 0 1 0
150	17	1 1 1 1 0 1 1 0 0 0 0 0 0 1 0 0
150	21	1 1 1 0 1 1 1 0 0 1 0 1 0 1 0 0
150	3	1 0 1 0 1 0 1 0 1 0 0 0 0 1 0 0
150	3	1 0 0 0 1 0 1 1 0 0 0 1 0 0 0 0
150	10	1 1 0 0 0 1 1 0 0 0 0 0 0 0 0 0
150	5	1 1 0 1 0 0 1 0 0 0 0 1 0 0 1 0
150	39	1 1 1 0 0 1 1 1 0 0 0 1 0 0 1 0
150	11	1 1 0 0 1 0 1 1 0 0 0 1 0 1 0 0
150	19	0 1 1 0 1 1 1 0 0 1 0 1 0 1 0 0
150	15	1 1 1 0 1 0 1 1 0 0 0 0 0 1 0 0
150	1	1 1 1 0 1 1 1 0 0 1 0 1 0 1 0 1
150	7	1 1 0 1 0 1 1 0 0 0 0 0 0 0 0 0
150	5	1 1 1 0 1 0 1 0 0 1 0 0 0 1 0 0
150	28	0 1 0 1 1 0 1 0 0 0 0 0 0 0 0 0
150	1	1 1 1 0 1 1 1 0 1 0 0 1 0 0 0 0
150	9	1 1 0 0 1 0 1 0 1 1 1 0 0 1 0 0
150	4	0 1 1 0 1 1 1 0 0 0 0 1 0 1 0 0
150	15	1 1 0 0 1 1 1 1 0 0 0 1 0 0 0 0
150	8	1 1 0 1 1 1 1 0 0 0 0 0 0 1 0 0
150	5	1 0 1 0 1 0 0 0 0 0 0 1 0 0 1 0
150	19	1 1 1 0 1 1 0 0 0 0 0 0 0 1 0 0
150	3	1 1 1 0 0 1 1 0 1 0 0 0 0 1 0 0
150	4	1 1 1 0 1 1 1 0 0 1 0 0 1 1 0 0
150	5	1 1 1 0 0 1 1 1 0 0 0 0 0 1 0 0
150	9	1 1 1 0 0 1 1 0 0 0 0 0 0 1 1 0
150	4	1 1 1 1 1 1 1 0 0 0 0 0 0 0 0 0
150	7	1 1 1 0 1 1 0 0 0 0 0 1 0 1 0 0
150	6	1 1 1 0 0 1 0 0 0 0 0 1 1 1 0 0
150	3	1 1 1 0 0 1 1 0 0 0 0 0 0 0 0 0
150	10	1 1 0 1 1 0 1 1 0 0 0 1 0 0 0 0
150	1	0 1 0 1 1 0 1 0 0 0 0 0 0 1 0 0
150	6	1 1 0 1 0 1 1 0 0 1 1 0 0 1 0 0
150	6	1 1 0 0 1 1 1 0 0 0 0 0 1 1 0 0
150	8	1 1 0 1 0 1 1 0 0 0 0 1 0 0 1 0
150	5	1 0 1 0 1 0 1 0 0 1 1 0 0 1 0 0
150	3	1 1 0 0 1 1 1 0 0 0 0 1 0 1 1 0
150	6	1 1 1 0 1 1 1 0 0 0 0 0 0 1 0 1
150	2	1 1 0 1 1 1 1 1 0 0 0 0 0 0 0 0
150	1	1 1 0 1 0 1 1 0 0 1 0 0 0 1 0 1
150	3	0 1 0 0 1 0 1 0 1 1 1 0 0 1 0 0
150	7	1 1 1 1 1 1 0 0 0 0 0 0 0 0 1 0
150	2	1 1 1 0 0 1 1 1 0 0 0 1 0 0 0 0
150	1	1 1 1 0 0 0 1 0 0 0 0 0 1 1 0 0
150	4	1 1 0 0 1 0 1 1 1 0 0 0 0 1 0 0
150	2	1 1 1 0 1 1 1 0 0 1 0 1 0 0 0 0
150	2	0 1 0 0 1 0 1 1 0 0 0 1 0 1 0 0
150	3	1 1 0 0 1 1 1 1 0 1 0 1 0 0 0 0
150	5	1 1 1 0 0 0 1 0 0 0 0 0 0 1 0 0
150	2	1 1 0 1 1 0 1 0 0 1 0 0 0 1 0 0
150	8	1 1 0 0 1 0 1 0 1 1 0 0 0 1 0 0
150	2	1 1 0 0 0 1 1 1 0 0 0 0 0 1 0 0
150	3	1 1 1 0 0 1 1 0 0 1 0 1 0 1 0 0
150	3	1 0 1 0 1 0 1 1 0 0 0 0 0 1 0 0
150	2	1 1 0 0 1 1 1 0 0 0 0 0 0 1 1 0
150	2	1 1 1 0 0 1 1 0 0 0 1 0 0 1 0 0
150	6	1 1 1 0 1 1 0 0 0 1 0 0 0 1 0 0
150	3	1 0 1 0 1 0 0 0 1 0 0 0 0 1 0 0
150	1	1 0 1 0 1 0 0 0 0 0 0 0 0 1 1 0
150	1	1 0 1 0 1 1 1 0 0 0 0 0 0 0 0 0
150	4	1 1 1 1 1 0 1 1 0 0 0 1 0 0 0 0
150	4	1 1 1 0 1 1 1 0 0 1 1 1 0 1 0 0
150	2	0 1 1 0 1 1 1 0 0 1 1 1 0 1 0 0
150	2	1 1 1 0 1 1 1 0 1 0 1 1 0 0 0 0
150	1	1 1 1 0 0 0 1 0 0 0 1 0 0 1 0 0
150	2	1 1 0 0 1 1 0 0 0 0 0 0 0 1 0 0
150	1	1 1 1 0 0 1 1 0 1 0 0 0 0 0 0 0
150	2	1 1 1 0 1 1 1 0 1 0 0 0 0 1 0 0
150	1	1 1 0 1 0 1 1 0 0 1 0 0 0 1 1 0
150	1	1 1 1 0 0 0 0 0 0 1 1 1 0 1 1 0
150	3	1 1 1 0 0 1 1 1 1 0 0 1 0 0 1 0
150	1	1 1 1 1 0 1 1 0 0 0 0 1 0 0 1 0
160	28	1 1 0 0 1 1 1 0 0 0 0 0 0 1 0 0
160	29	1 1 0 0 1 1 1 0 0 0 0 0 0 0 0 0
160	19	1 1 1 0 1 1 1 0 0 0 0 1 0 1 0 0
160	7	0 1 1 0 1 1 1 0 0 0 0 0 0 1 0 0
160	15	1 1 0 0 1 1 0 0 0 0 0 0 0 0 0 0
160	11	1 1 1 0 0 1 1 0 0 0 0 0 0 1 0 0
160	47	1 1 0 1 0 1 1 0 0 0 0 0 0 1 0 0
160	76	1 1 0 1 1 1 1 0 0 0 0 0 0 0 0 0
160	72	1 1 0 1 1 0 1 0 0 0 0 0 0 1 0 0
160	6	1 1 1 0 1 1 1 0 0 1 0 0 0 1 0 0
160	11	1 1 0 0 1 0 1 0 0 1 0 0 0 1 0 0
160	12	1 1 1 0 0 1 1 0 0 0 0 0 1 1 0 0
160	55	1 1 0 1 1 0 1 0 0 0 0 0 0 0 0 0
160	6	1 1 0 0 1 0 1 1 0 0 0 1 0 0 0 0
160	39	1 1 1 0 1 1 0 0 0 0 0 0 0 0 0 0
160	17	1 1 0 0 1 0 1 1 0 0 0 0 0 1 0 0
160	5	1 1 1 0 0 0 0 0 0 1 1 1 0 1 0 0
160	7	1 1 1 0 1 1 1 0 0 0 0 1 0 0 0 0
160	6	1 1 0 1 1 0 1 0 0 0 0 1 0 0 1 0
160	10	1 0 1 0 1 0 1 0 0 0 1 0 0 1 0 0
160	3	1 1 0 0 1 0 1 1 0 1 0 1 0 0 1 0
160	2	1 1 1 1 0 1 1 0 0 0 0 0 0 1 0 0
160	6	1 1 1 0 1 1 1 0 0 1 0 1 0 1 0 0
160	4	1 0 1 0 1 0 1 0 1 0 0 0 0 1 0 0
160	5	1 1 0 0 0 1 1 0 0 0 0 0 0 0 0 0
160	24	1 1 1 0 0 1 1 1 0 0 0 1 0 0 1 0
160	17	1 1 0 0 1 0 1 1 0 0 0 1 0 1 0 0
160	32	0 1 1 0 1 1 1 0 0 1 0 1 0 1 0 0
160	1	1 1 1 0 1 0 1 1 0 0 0 0 0 1 0 0
160	48	1 1 0 1 0 1 1 0 0 0 0 0 0 0 0 0
160	4	1 1 1 0 1 0 1 0 0 1 0 0 0 1 0 0
160	15	0 1 0 1 1 0 1 0 0 0 0 0 0 0 0 0
160	2	0 1 1 0 1 1 1 0 0 0 0 1 0 1 0 0
160	14	1 1 0 0 1 1 1 1 0 0 0 1 0 0 0 0
160	12	1 1 0 1 1 1 1 0 0 0 0 0 0 1 0 0
160	6	1 0 1 0 1 0 0 0 0 0 0 1 0 0 1 0
160	4	1 1 1 0 0 1 1 1 0 0 0 0 0 1 0 0
160	6	1 1 1 1 1 1 1 0 0 0 0 0 0 0 0 0
160	11	1 1 1 0 0 1 0 0 0 0 0 1 1 1 0 0
160	10	1 1 1 0 0 1 1 0 0 0 0 0 0 0 0 0
160	11	1 1 0 1 1 0 1 1 0 0 0 1 0 0 0 0
160	17	1 1 0 1 0 1 1 0 0 1 1 0 0 1 0 0
160	12	1 1 0 0 1 1 1 0 0 0 0 0 1 1 0 0
160	1	1 0 1 0 1 0 1 0 0 1 1 0 0 1 0 0
160	8	1 1 1 0 1 1 1 0 0 0 0 0 0 1 0 1
160	16	0 1 0 0 1 0 1 0 1 1 1 0 0 1 0 0
160	11	1 1 1 1 1 1 0 0 0 0 0 0 0 0 1 0
160	17	1 1 1 0 0 1 1 1 0 0 0 1 0 0 0 0
160	1	1 1 0 0 1 0 1 1 1 0 0 0 0 1 0 0
160	4	1 1 1 0 1 1 1 0 0 1 0 1 0 0 0 0
160	1	0 1 0 0 1 0 1 1 0 0 0 1 0 1 0 0
160	1	1 1 0 0 1 1 1 1 0 1 0 1 0 0 0 0
160	2	1 1 0 0 1 0 1 0 1 1 0 0 0 1 0 0
160	13	1 1 0 0 0 1 1 1 0 0 0 0 0 1 0 0
160	1	1 1 1 0 0 1 1 0 0 1 0 1 0 1 0 0
160	1	1 0 1 0 1 0 1 1 0 0 0 0 0 1 0 0
160	3	1 1 1 0 1 1 0 0 0 1 0 0 0 1 0 0
160	1	1 0 1 0 1 0 0 0 1 0 0 0 0 1 0 0
160	15	1 1 1 0 0 0 1 0 0 0 1 0 0 1 0 0
160	9	1 1 0 0 1 1 0 0 0 0 0 0 0 1 0 0
160	7	1 1 0 0 1 0 1 1 0 0 0 0 0 0 0 0
160	5	1 1 1 0 1 1 1 0 0 1 1 0 0 1 0 0
160	3	1 0 0 1 0 1 1 0 0 0 0 1 0 0 1 0
160	3	1 1 0 0 1 0 1 0 0 0 0 0 0 1 0 0
160	4	1 1 0 1 1 1 1 0 0 0 0 1 0 0 0 0
160	2	1 1 1 0 1 1 0 0 0 1 0 0 1 1 0 0
160	11	1 1 0 0 1 1 1 0 0 0 0 0 0 0 1 0
160	8	1 1 0 1 1 1 1 0 0 0 1 0 0 0 0 0
160	5	0 0 0 1 0 1 1 0 0 0 0 1 0 0 1 0
160	4	1 1 1 0 1 1 1 0 0 0 0 0 0 0 0 0
160	6	1 1 0 0 1 1 1 0 0 0 0 1 0 1 0 0
160	12	1 1 1 0 0 1 1 0 0 0 0 1 1 1 0 0
160	1	1 1 1 1 0 1 1 0 0 1 0 0 0 1 0 0
160	7	1 1 0 0 0 1 1 1 0 0 0 1 0 0 1 0
160	1	1 0 0 1 1 1 1 0 0 0 0 0 0 0 1 0
160	5	1 1 0 1 1 0 1 0 0 1 1 0 0 1 0 0
160	4	1 1 0 1 0 1 1 0 0 0 0 0 1 0 0 0
160	3	1 1 0 0 0 1 1 0 0 0 0 1 0 0 1 0
160	2	1 1 1 0 0 1 1 0 0 0 0 0 1 0 1 0
160	2	1 0 0 1 0 1 1 0 0 0 0 0 0 1 0 0
160	9	1 1 0 0 1 1 0 0 0 0 1 0 0 0 0 0
160	3	1 1 0 1 1 0 1 0 0 0 1 0 0 0 0 0
160	4	1 1 1 1 1 1 1 0 0 0 0 1 0 0 0 0
160	1	1 1 0 0 1 1 1 0 0 0 0 0 0 1 1 0
160	3	1 1 0 0 1 1 1 0 0 0 0 1 0 0 0 0
160	1	1 1 0 1 1 0 1 0 0 0 0 0 1 0 0 0
160	1	1 1 0 1 1 0 1 0 0 1 0 1 0 0 1 0
160	1	1 1 1 0 0 1 1 0 0 0 0 1 0 0 1 0
160	2	1 1 0 1 0 1 1 0 0 1 0 0 0 0 0 0
160	1	0 1 0 0 1 0 1 0 1 1 0 0 0 1 0 0
160	3	1 0 1 1 1 0 1 0 0 1 0 0 0 1 0 0
160	4	1 1 1 1 1 1 0 0 0 0 0 0 0 0 0 0
160	1	1 1 0 0 1 1 1 0 0 1 0 0 0 0 0 0
160	4	0 1 0 1 0 1 1 0 0 0 0 0 0 1 0 0
160	2	1 1 1 0 1 1 0 0 0 0 1 0 0 0 0 0
160	1	1 1 1 0 0 0 1 0 0 1 1 1 0 1 0 0
160	4	0 1 0 0 1 0 1 1 0 1 0 1 0 0 1 0
160	2	1 1 0 0 1 0 1 0 0 0 1 0 0 1 0 0
160	1	1 1 0 1 1 0 1 0 0 0 0 0 0 0 1 0
160	1	1 1 0 0 0 1 1 0 0 0 0 0 0 1 0 0
160	2	1 1 0 1 1 0 1 0 0 0 0 1 0 1 0 0
160	2	1 1 1 0 0 1 1 1 0 0 1 1 0 0 1 0
160	1	1 1 1 1 0 1 0 0 0 0 0 0 0 0 1 0
160	1	1 1 1 0 1 1 0 0 0 0 0 0 0 1 0 0
160	1	1 1 0 1 1 1 1 0 0 1 1 0 0 0 0 0
170	33	1 1 0 0 1 1 1 0 0 0 0 0 0 1 0 0
170	15	1 1 0 0 1 1 1 0 0 0 0 0 0 0 0 0
170	16	1 1 1 0 1 1 1 0 0 0 0 1 0 1 0 0
170	21	1 1 0 0 1 1 0 0 0 0 0 0 0 0 0 0
170	7	1 1 1 0 0 1 1 0 0 0 0 0 0 1 0 0
170	40	1 1 0 1 0 1 1 0 0 0 0 0 0 1 0 0
170	74	1 1 0 1 1 1 1 0 0 0 0 0 0 0 0 0
170	61	1 1 0 1 1 0 1 0 0 0 0 0 0 1 0 0
170	7	1 1 1 0 0 1 1 0 0 0 0 0 1 1 0 0
170	53	1 1 0 1 1 0 1 0 0 0 0 0 0 0 0 0
170	7	1 1 0 0 1 0 1 1 0 0 0 1 0 0 0 0
170	58	1 1 1 0 1 1 0 0 0 0 0 0 0 0 0 0
170	1	1 1 0 0 1 0 1 1 0 0 0 0 0 1 0 0
170	10	1 1 1 0 0 0 0 0 0 1 1 1 0 1 0 0
170	7	1 1 1 0 1 1 1 0 0 0 0 1 0 0 0 0
170	34	1 1 0 1 1 0 1 0 0 0 0 1 0 0 1 0
170	11	1 0 1 0 1 0 1 0 1 0 0 0 0 1 0 0
170	23	1 1 0 0 0 1 1 0 0 0 0 0 0 0 0 0
170	1	1 1 0 0 1 0 1 1 0 0 0 1 0 1 0 0
170	23	0 1 1 0 1 1 1 0 0 1 0 1 0 1 0 0
170	7	1 1 1 0 1 0 1 1 0 0 0 0 0 1 0 0
170	44	1 1 0 1 0 1 1 0 0 0 0 0 0 0 0 0
170	13	1 1 0 0 1 1 1 1 0 0 0 1 0 0 0 0
170	16	1 1 0 1 1 1 1 0 0 0 0 0 0 1 0 0
170	2	1 0 1 0 1 0 0 0 0 0 0 1 0 0 1 0
170	1	1 1 1 0 0 1 1 1 0 0 0 0 0 1 0 0
170	8	1 1 1 1 1 1 1 0 0 0 0 0 0 0 0 0
170	42	1 1 1 0 0 1 0 0 0 0 0 1 1 1 0 0
170	19	1 1 0 1 1 0 1 1 0 0 0 1 0 0 0 0
170	18	1 1 1 0 1 1 1 0 0 0 0 0 0 1 0 1
170	17	0 1 0 0 1 0 1 0 1 1 1 0 0 1 0 0
170	1	1 1 1 1 1 1 0 0 0 0 0 0 0 0 1 0
170	28	1 1 1 0 0 1 1 1 0 0 0 1 0 0 0 0
170	9	1 1 1 0 1 1 1 0 0 1 0 1 0 0 0 0
170	2	1 1 0 0 1 1 1 1 0 1 0 1 0 0 0 0
170	4	1 1 0 0 0 1 1 1 0 0 0 0 0 1 0 0
170	1	1 1 1 0 0 0 1 0 0 0 1 0 0 1 0 0
170	17	1 1 0 0 1 1 0 0 0 0 0 0 0 1 0 0
170	1	1 1 0 0 1 0 1 1 0 0 0 0 0 0 0 0
170	11	1 1 1 0 1 1 1 0 0 1 1 0 0 1 0 0
170	1	1 1 0 0 1 1 1 0 0 0 0 0 0 0 1 0
170	3	1 1 0 1 1 1 1 0 0 0 1 0 0 0 0 0
170	4	1 1 1 0 0 1 1 0 0 0 0 1 1 1 0 0
170	2	1 1 1 1 0 1 1 0 0 1 0 0 0 1 0 0
170	2	1 1 0 0 0 1 1 1 0 0 0 1 0 0 1 0
170	1	1 1 0 1 0 1 1 0 0 0 0 0 1 0 0 0
170	3	1 1 0 0 1 1 0 0 0 0 1 0 0 0 0 0
170	17	1 1 0 1 1 0 1 0 0 0 1 0 0 0 0 0
170	14	1 1 1 1 1 1 1 0 0 0 0 1 0 0 0 0
170	1	1 0 1 1 1 0 1 0 0 1 0 0 0 1 0 0
170	20	1 1 1 1 1 1 0 0 0 0 0 0 0 0 0 0
170	7	0 1 0 1 0 1 1 0 0 0 0 0 0 1 0 0
170	5	1 1 0 1 1 0 1 0 0 0 0 0 0 0 1 0
170	11	1 1 0 1 1 0 1 0 0 0 0 1 0 1 0 0
170	1	1 1 1 0 1 1 0 0 0 0 0 0 0 1 0 0
170	1	0 1 0 1 1 1 1 0 0 0 1 0 0 0 0 0
170	5	1 1 0 0 1 0 1 1 0 0 0 0 1 0 1 0
170	2	0 1 0 1 1 0 1 0 0 0 0 0 0 1 0 0
170	3	1 1 0 1 1 0 1 1 0 0 0 0 0 0 0 0
170	10	1 1 0 0 1 0 1 0 1 1 1 0 0 1 0 0
170	6	1 1 0 0 1 1 1 0 0 0 1 0 0 0 0 0
170	1	1 1 0 1 0 1 1 1 0 0 0 0 0 0 0 0
170	1	1 1 1 1 1 1 0 0 0 0 0 0 0 1 0 0
170	4	1 1 1 0 0 0 1 0 0 0 1 1 0 1 0 0
170	7	1 1 1 0 1 1 0 0 0 1 1 0 0 1 0 0
170	4	1 1 0 0 1 1 1 0 0 1 1 0 0 1 0 0
170	7	1 1 1 0 1 0 1 0 0 0 0 0 0 0 0 0
170	1	1 1 0 1 1 1 1 1 0 0 0 0 0 0 0 0
170	1	1 1 1 0 1 1 1 0 1 1 0 1 0 0 0 0
170	20	1 1 1 0 1 1 1 1 0 0 0 1 0 0 0 0
170	1	1 1 0 0 1 1 1 0 1 0 0 0 0 1 0 0
170	1	1 1 0 1 0 0 1 0 0 0 0 0 0 1 0 0
170	3	1 1 1 1 1 0 1 0 0 0 0 0 0 1 0 0
170	1	1 1 1 0 1 1 1 0 0 0 0 0 0 0 0 1
170	2	1 1 1 1 1 1 0 0 0 0 1 0 0 1 0 0
170	6	1 1 0 1 1 1 1 0 0 1 0 0 0 0 0 0
170	2	1 1 0 1 0 0 1 0 0 0 0 0 0 0 0 0
170	6	0 1 1 1 1 1 1 0 0 1 0 1 0 1 0 0
170	3	1 1 0 1 1 1 1 0 0 0 0 0 1 1 0 0
170	2	1 1 0 1 1 0 0 0 0 0 0 1 0 1 0 0
170	6	1 1 1 0 1 0 0 1 0 0 0 1 0 0 1 0
170	2	1 1 1 0 1 1 1 0 0 0 0 1 0 0 1 0
170	1	1 1 0 1 1 1 1 0 0 0 0 1 0 0 0 0
170	1	1 1 1 1 0 1 1 0 0 0 0 0 0 1 0 0
170	2	1 1 0 0 1 0 0 1 0 0 0 0 0 1 0 0
170	7	1 1 0 1 1 0 0 0 0 0 0 1 0 0 1 0
170	3	1 1 0 1 1 0 1 0 0 0 0 1 0 1 1 0
170	1	0 1 0 1 1 0 1 0 0 0 0 1 0 1 0 0
170	1	1 1 0 1 0 1 1 0 0 0 0 1 0 0 1 0
170	3	1 1 0 1 1 1 1 0 0 0 0 0 0 0 1 0
170	1	1 1 0 1 1 0 1 0 0 0 0 1 1 1 0 0
170	1	1 1 0 1 0 0 0 0 0 1 1 1 0 1 0 0
170	1	0 1 1 0 1 1 0 0 0 0 0 0 0 0 0 0
170	2	1 1 1 0 1 1 1 0 0 0 0 0 0 1 0 0
170	1	0 1 0 0 1 1 1 0 0 1 0 1 0 1 0 0
170	1	1 1 1 1 0 1 1 0 0 0 0 0 0 0 0 0
170	3	1 1 0 1 0 1 1 0 0 0 0 0 0 0 0 1
170	2	0 1 0 1 0 1 1 0 0 0 0 0 0 0 0 0
170	1	0 1 0 1 1 0 0 0 0 0 0 0 0 0 0 0
170	2	1 1 0 0 1 1 0 1 0 0 0 1 0 0 0 0
170	1	1 1 1 1 1 1 1 0 0 0 0 0 0 1 0 0
170	1	1 1 0 1 1 0 1 1 0 0 0 1 1 0 0 0
170	1	1 0 0 1 0 1 1 1 0 0 0 0 0 0 0 0
180	18	1 1 0 0 1 1 1 0 0 0 0 0 0 1 0 0
180	14	1 1 0 0 1 1 1 0 0 0 0 0 0 0 0 0
180	19	1 1 1 0 1 1 1 0 0 0 0 1 0 1 0 0
180	18	1 1 0 0 1 1 0 0 0 0 0 0 0 0 0 0
180	3	1 1 1 0 0 1 1 0 0 0 0 0 0 1 0 0
180	73	1 1 0 1 0 1 1 0 0 0 0 0 0 1 0 0
180	83	1 1 0 1 1 1 1 0 0 0 0 0 0 0 0 0
180	39	1 1 0 1 1 0 1 0 0 0 0 0 0 1 0 0
180	11	1 1 1 0 0 1 1 0 0 0 0 0 1 1 0 0
180	66	1 1 0 1 1 0 1 0 0 0 0 0 0 0 0 0
180	15	1 1 0 0 1 0 1 1 0 0 0 1 0 0 0 0
180	44	1 1 1 0 1 1 0 0 0 0 0 0 0 0 0 0
180	10	1 1 1 0 0 0 0 0 0 1 1 1 0 1 0 0
180	14	1 1 1 0 1 1 1 0 0 0 0 1 0 0 0 0
180	31	1 1 0 1 1 0 1 0 0 0 0 1 0 0 1 0
180	3	1 0 1 0 1 0 1 0 1 0 0 0 0 1 0 0
180	1	1 1 0 0 0 1 1 0 0 0 0 0 0 0 0 0
180	4	0 1 1 0 1 1 1 0 0 1 0 1 0 1 0 0
180	55	1 1 0 1 0 1 1 0 0 0 0 0 0 0 0 0
180	9	1 1 0 1 1 1 1 0 0 0 0 0 0 1 0 0
180	13	1 1 1 1 1 1 1 0 0 0 0 0 0 0 0 0
180	13	1 1 1 0 0 1 0 0 0 0 0 1 1 1 0 0
180	1	1 1 0 1 1 0 1 1 0 0 0 1 0 0 0 0
180	8	1 1 1 0 1 1 1 0 0 0 0 0 0 1 0 1
180	6	1 1 1 1 1 1 0 0 0 0 0 0 0 0 1 0
180	19	1 1 1 0 0 1 1 1 0 0 0 1 0 0 0 0
180	31	1 1 0 0 1 1 0 0 0 0 0 0 0 1 0 0
180	5	1 1 0 1 1 1 1 0 0 0 1 0 0 0 0 0
180	3	1 1 0 1 1 0 1 0 0 0 1 0 0 0 0 0
180	14	1 1 1 1 1 1 1 0 0 0 0 1 0 0 0 0
180	30	1 1 1 1 1 1 0 0 0 0 0 0 0 0 0 0
180	1	0 1 0 1 0 1 1 0 0 0 0 0 0 1 0 0
180	7	1 1 0 1 1 0 1 0 0 0 0 1 0 1 0 0
180	5	1 1 0 0 1 0 1 1 0 0 0 0 1 0 1 0
180	1	0 1 0 1 1 0 1 0 0 0 0 0 0 1 0 0
180	5	1 1 0 1 1 0 1 1 0 0 0 0 0 0 0 0
180	5	1 1 0 0 1 0 1 0 1 1 1 0 0 1 0 0
180	13	1 1 1 0 0 0 1 0 0 0 1 1 0 1 0 0
180	3	1 1 1 0 1 1 0 0 0 1 1 0 0 1 0 0
180	3	1 1 0 0 1 1 1 0 0 1 1 0 0 1 0 0
180	28	1 1 1 0 1 0 1 0 0 0 0 0 0 0 0 0
180	2	1 1 0 1 1 1 1 1 0 0 0 0 0 0 0 0
180	8	1 1 1 0 1 1 1 1 0 0 0 1 0 0 0 0
180	7	1 1 0 0 1 1 1 0 1 0 0 0 0 1 0 0
180	13	1 1 1 1 1 1 0 0 0 0 1 0 0 1 0 0
180	5	1 1 0 1 0 0 1 0 0 0 0 0 0 0 0 0
180	6	1 1 1 0 1 0 0 1 0 0 0 1 0 0 1 0
180	4	1 1 1 0 1 1 1 0 0 0 0 1 0 0 1 0
180	4	0 1 0 1 1 0 1 0 0 0 0 1 0 1 0 0
180	2	1 1 0 1 0 0 0 0 0 1 1 1 0 1 0 0
180	1	1 1 0 0 1 1 0 1 0 0 0 1 0 0 0 0
180	7	1 1 1 0 1 1 1 1 0 0 0 0 0 0 0 0
180	22	1 1 1 1 1 1 0 0 0 0 0 0 1 0 0 0
180	2	0 1 1 0 1 1 1 0 0 0 0 0 0 0 0 0
180	3	1 1 0 1 0 1 1 0 0 0 0 0 0 1 0 1
180	17	1 1 0 1 1 0 1 0 0 0 0 0 0 1 0 1
180	6	1 1 0 1 1 1 1 0 0 1 0 0 0 1 0 0
180	1	1 0 1 0 1 1 0 0 0 1 1 0 0 1 0 0
180	7	1 1 0 1 1 0 1 0 0 0 0 1 0 1 1 1
180	3	1 1 0 1 1 1 0 0 0 0 0 0 0 0 0 0
180	9	1 1 1 0 1 1 0 0 0 1 0 0 0 0 0 0
180	4	1 1 1 0 1 0 1 0 0 0 0 0 0 1 0 1
180	2	1 1 0 0 1 1 1 0 0 0 0 0 0 0 1 1
180	1	1 1 1 0 0 1 0 0 0 0 0 0 0 0 0 1
180	3	1 1 0 1 0 1 1 0 0 1 0 0 0 1 0 0
180	4	1 1 0 1 1 1 1 0 0 0 0 1 0 0 0 0
180	1	1 1 0 1 1 0 1 0 1 0 0 1 0 0 1 0
180	8	1 1 1 0 1 0 0 1 0 0 0 0 0 1 0 0
180	2	1 1 1 1 1 1 1 0 0 0 0 0 0 0 1 0
180	4	1 1 1 0 0 1 0 0 0 0 0 0 0 0 0 0
180	3	1 1 0 0 1 1 1 0 0 0 0 1 0 1 0 0
180	3	1 1 0 0 1 1 1 0 0 1 1 0 0 0 0 0
180	5	1 1 0 1 1 0 1 1 0 0 0 0 0 1 0 0
180	1	1 1 1 0 0 0 0 0 0 0 0 1 1 1 0 0
180	4	1 1 0 1 0 1 0 0 0 1 0 0 0 1 0 0
180	2	1 1 1 0 1 1 1 1 0 0 0 0 1 1 0 0
180	3	1 1 1 0 1 0 1 1 0 0 1 0 0 1 0 0
180	4	1 1 0 1 1 1 1 1 0 0 0 0 0 1 0 0
180	1	1 1 0 1 1 0 1 1 1 0 0 1 0 0 0 0
180	1	1 1 0 1 1 1 1 0 0 0 1 0 1 0 0 0
180	4	1 1 0 1 1 0 1 0 0 0 1 0 0 0 0 1
180	2	1 1 0 0 0 0 1 0 0 0 1 1 0 1 0 0
180	1	1 1 1 1 0 1 0 0 0 0 1 0 0 1 0 0
180	5	1 1 0 0 1 1 1 0 0 0 0 0 0 0 0 1
180	2	1 1 0 1 1 0 1 0 0 0 0 1 1 1 0 0
180	2	1 1 1 1 1 0 1 0 0 0 0 1 0 0 0 0
180	3	1 1 1 0 1 1 0 0 0 1 1 0 0 1 0 1
180	1	1 1 1 0 0 1 1 1 0 0 0 1 0 1 0 0
180	1	0 1 0 1 0 1 1 0 0 0 0 0 0 0 0 0
180	4	1 0 0 0 1 1 1 0 0 0 0 0 0 0 0 0
180	1	1 1 0 1 1 0 1 0 1 0 0 0 0 0 0 0
180	1	1 1 0 1 1 0 1 0 0 0 0 1 0 0 0 0
180	1	1 1 1 0 0 1 1 1 0 0 1 1 0 0 0 0
180	9	0 1 0 0 1 0 1 0 1 1 1 0 0 1 0 0
180	2	1 1 0 1 1 0 1 0 1 0 0 0 0 1 0 1
180	1	1 1 1 1 1 0 1 0 0 0 0 0 0 1 0 1
180	3	1 1 1 0 1 1 1 0 0 0 0 0 1 1 0 0
180	1	1 1 1 1 0 1 1 0 0 0 0 0 0 1 0 0
180	2	1 1 1 1 1 1 1 0 0 1 0 0 0 1 0 0
180	6	0 1 0 1 1 1 1 0 0 0 0 0 0 0 0 0
180	1	1 1 0 0 1 1 0 1 0 0 0 0 0 1 0 0
180	3	1 1 0 1 0 0 1 0 1 0 0 1 0 0 1 0
180	1	1 1 1 0 0 1 0 1 0 0 0 0 0 0 0 0
180	1	1 1 0 1 0 1 1 0 0 0 0 0 0 0 1 0
180	1	1 1 0 0 1 1 1 0 0 0 0 0 0 1 0 1
180	2	1 1 1 0 1 1 1 0 0 0 0 0 0 0 0 1
180	1	1 1 1 0 1 1 0 0 0 0 1 0 0 1 0 0
180	1	1 1 1 0 1 1 1 0 0 0 0 1 0 1 0 1
180	1	1 1 0 1 1 1 1 0 1 0 0 0 0 0 0 0
180	1	1 1 0 1 1 0 1 0 0 0 0 0 1 1 0 0
180	3	1 1 0 1 0 0 1 0 0 0 0 1 0 0 1 0
180	1	1 1 1 1 1 1 0 0 0 0 0 1 1 0 0 0
180	1	1 1 0 1 1 0 1 0 1 0 0 1 0 1 1 0
180	1	1 1 0 1 1 0 1 0 0 1 0 1 0 0 0 0
190	13	1 1 0 0 1 1 1 0 0 0 0 0 0 1 0 0
190	23	1 1 0 0 1 1 1 0 0 0 0 0 0 0 0 0
190	17	1 1 0 0 1 1 0 0 0 0 0 0 0 0 0 0
190	85	1 1 0 1 0 1 1 0 0 0 0 0 0 1 0 0
190	109	1 1 0 1 1 1 1 0 0 0 0 0 0 0 0 0
190	20	1 1 0 1 1 0 1 0 0 0 0 0 0 1 0 0
190	88	1 1 0 1 1 0 1 0 0 0 0 0 0 0 0 0
190	5	1 1 0 0 1 0 1 1 0 0 0 1 0 0 0 0
190	33	1 1 1 0 1 1 0 0 0 0 0 0 0 0 0 0
190	13	1 1 1 0 0 0 0 0 0 1 1 1 0 1 0 0
190	5	1 1 1 0 1 1 1 0 0 0 0 1 0 0 0 0
190	9	1 1 0 1 1 0 1 0 0 0 0 1 0 0 1 0
190	1	1 0 1 0 1 0 1 0 1 0 0 0 0 1 0 0
190	90	1 1 0 1 0 1 1 0 0 0 0 0 0 0 0 0
190	18	1 1 1 1 1 1 1 0 0 0 0 0 0 0 0 0
190	3	1 1 1 0 0 1 0 0 0 0 0 1 1 1 0 0
190	2	1 1 1 0 1 1 1 0 0 0 0 0 0 1 0 1
190	24	1 1 1 0 0 1 1 1 0 0 0 1 0 0 0 0
190	6	1 1 0 0 1 1 0 0 0 0 0 0 0 1 0 0
190	3	1 1 0 1 1 1 1 0 0 0 1 0 0 0 0 0
190	2	1 1 1 1 1 1 1 0 0 0 0 1 0 0 0 0
190	26	1 1 1 1 1 1 0 0 0 0 0 0 0 0 0 0
190	7	1 1 0 1 1 0 1 0 0 0 0 1 0 1 0 0
190	4	1 1 0 0 1 0 1 1 0 0 0 0 1 0 1 0
190	6	1 1 0 1 1 0 1 1 0 0 0 0 0 0 0 0
190	18	1 1 0 0 1 0 1 0 1 1 1 0 0 1 0 0
190	10	1 1 1 0 0 0 1 0 0 0 1 1 0 1 0 0
190	24	1 1 1 0 1 0 1 0 0 0 0 0 0 0 0 0
190	10	1 1 1 0 1 1 1 1 0 0 0 1 0 0 0 0
190	14	1 1 1 1 1 1 0 0 0 0 1 0 0 1 0 0
190	4	1 1 1 0 1 0 0 1 0 0 0 1 0 0 1 0
190	3	1 1 1 0 1 1 1 0 0 0 0 1 0 0 1 0
190	4	1 1 1 0 1 1 1 1 0 0 0 0 0 0 0 0
190	2	1 1 1 1 1 1 0 0 0 0 0 0 1 0 0 0
190	4	1 1 0 1 1 1 1 0 0 1 0 0 0 1 0 0
190	15	1 1 1 0 1 1 0 0 0 1 0 0 0 0 0 0
190	9	1 1 1 0 1 0 1 0 0 0 0 0 0 1 0 1
190	1	1 1 0 0 1 1 1 0 0 0 0 0 0 0 1 1
190	6	1 1 1 0 0 1 0 0 0 0 0 0 0 0 0 1
190	6	1 1 0 1 0 1 1 0 0 1 0 0 0 1 0 0
190	16	1 1 1 1 1 1 1 0 0 0 0 0 0 0 1 0
190	5	1 1 0 0 1 1 1 0 0 0 0 1 0 1 0 0
190	4	1 1 1 0 1 0 1 1 0 0 1 0 0 1 0 0
190	5	1 1 0 1 1 1 1 1 0 0 0 0 0 1 0 0
190	9	1 1 1 1 0 1 0 0 0 0 1 0 0 1 0 0
190	1	0 1 0 1 0 1 1 0 0 0 0 0 0 0 0 0
190	5	1 0 0 0 1 1 1 0 0 0 0 0 0 0 0 0
190	15	0 1 0 1 1 1 1 0 0 0 0 0 0 0 0 0
190	14	1 1 1 0 1 1 1 0 0 0 0 0 0 0 0 1
190	3	1 1 0 1 1 0 1 0 0 1 0 1 0 0 0 0
190	8	1 1 0 1 1 0 0 0 0 0 0 0 0 0 0 0
190	4	1 1 0 0 0 0 1 1 0 0 0 1 0 0 0 0
190	3	1 1 1 0 1 0 1 0 0 0 1 0 0 0 0 0
190	9	1 1 0 0 1 0 0 0 0 0 0 0 0 0 0 0
190	8	1 1 0 1 1 1 1 0 0 0 0 0 0 0 0 1
190	8	1 0 0 0 1 0 1 1 0 0 0 0 1 0 1 0
190	4	1 1 0 1 0 1 1 0 0 0 0 1 0 1 1 1
190	6	1 1 1 1 1 0 1 0 0 0 0 0 0 0 0 0
190	2	1 1 0 1 0 1 1 0 0 0 0 1 0 0 0 0
190	5	1 1 1 0 1 1 1 0 0 0 0 0 0 0 0 0
190	1	1 1 1 0 1 0 1 0 0 0 0 1 0 1 0 0
190	7	1 1 0 1 0 1 1 0 0 0 0 1 0 1 0 0
190	16	1 1 0 1 0 0 0 0 0 0 0 0 0 0 0 0
190	9	1 1 1 0 1 1 0 0 0 0 0 1 0 0 1 0
190	6	1 1 1 1 1 1 1 0 0 0 0 1 0 1 0 0
190	7	1 1 1 0 1 1 0 0 1 0 0 0 0 0 0 0
190	3	1 1 1 0 1 1 1 0 0 0 0 0 0 1 0 0
190	1	1 1 0 0 0 1 1 1 0 0 0 1 0 0 0 0
190	1	1 1 0 0 1 1 1 0 0 1 0 0 0 1 0 0
190	2	1 1 0 1 1 1 1 0 0 1 0 0 0 0 0 0
190	2	1 1 1 0 1 1 0 1 0 0 0 0 0 0 0 0
190	7	1 1 1 0 1 1 0 0 0 0 0 1 0 0 0 0
190	1	1 1 0 1 1 1 0 0 0 0 0 0 0 0 1 1
190	3	1 1 1 0 0 1 1 0 0 0 0 0 0 0 0 0
190	2	1 1 0 1 1 0 1 0 0 0 0 1 0 1 1 0
190	3	1 1 0 1 1 0 0 1 0 0 0 1 0 0 1 0
190	1	1 1 1 0 0 1 1 1 0 0 0 1 0 1 0 0
190	1	1 1 1 1 1 0 1 0 0 1 0 0 0 0 0 0
190	7	1 1 1 0 1 0 0 0 0 1 1 1 0 1 0 0
190	1	1 1 1 0 0 1 0 0 1 0 0 0 0 0 0 1
190	4	1 1 1 0 0 0 0 0 0 1 1 0 1 1 0 0
190	1	1 1 1 0 1 0 1 1 0 0 1 0 0 0 0 0
190	1	1 1 0 1 1 0 0 0 0 0 0 0 0 1 0 0
190	3	1 0 0 1 0 1 1 0 0 0 0 0 0 1 0 0
190	6	1 1 0 1 0 1 1 0 1 0 0 0 0 1 0 0
190	1	1 1 0 0 1 1 0 0 0 0 0 0 0 1 0 1
190	3	1 1 0 1 1 0 0 0 0 0 0 1 0 1 0 0
190	2	1 0 1 0 1 1 1 0 0 0 0 1 0 0 1 0
190	1	0 1 1 0 1 1 0 0 0 1 0 0 0 0 0 0
190	5	1 1 1 1 1 0 1 0 0 0 1 0 0 0 0 0
190	1	1 1 1 0 1 1 0 0 0 0 1 0 0 1 0 0
190	2	1 1 1 0 0 0 0 0 0 0 0 1 0 0 0 0
190	1	1 1 1 1 1 1 0 0 0 1 1 1 0 1 0 0
190	3	1 1 1 0 0 0 1 0 0 0 1 0 0 0 0 0
190	3	1 1 0 1 0 1 0 0 0 0 0 0 0 1 0 0
190	1	1 1 0 1 1 0 1 1 0 0 0 0 0 1 0 0
190	3	1 1 0 0 1 1 1 0 1 0 0 0 0 1 0 1
190	2	1 1 1 1 1 1 0 0 0 0 0 0 0 0 1 0
200	26	1 1 0 0 1 1 1 0 0 0 0 0 0 1 0 0
200	43	1 1 0 0 1 1 1 0 0 0 0 0 0 0 0 0
200	15	1 1 0 0 1 1 0 0 0 0 0 0 0 0 0 0
200	43	1 1 0 1 0 1 1 0 0 0 0 0 0 1 0 0
200	126	1 1 0 1 1 1 1 0 0 0 0 0 0 0 0 0
200	1	1 1 0 1 1 0 1 0 0 0 0 0 0 1 0 0
200	57	1 1 0 1 1 0 1 0 0 0 0 0 0 0 0 0
200	1	1 1 0 0 1 0 1 1 0 0 0 1 0 0 0 0
200	12	1 1 1 0 1 1 0 0 0 0 0 0 0 0 0 0
200	8	1 1 1 0 0 0 0 0 0 1 1 1 0 1 0 0
200	9	1 1 0 1 1 0 1 0 0 0 0 1 0 0 1 0
200	98	1 1 0 1 0 1 1 0 0 0 0 0 0 0 0 0
200	28	1 1 1 1 1 1 1 0 0 0 0 0 0 0 0 0
200	21	1 1 1 0 0 1 1 1 0 0 0 1 0 0 0 0
200	38	1 1 1 1 1 1 0 0 0 0 0 0 0 0 0 0
200	6	1 1 0 1 1 0 1 0 0 0 0 1 0 1 0 0
200	6	1 1 0 1 1 0 1 1 0 0 0 0 0 0 0 0
200	2	1 1 0 0 1 0 1 0 1 1 1 0 0 1 0 0
200	38	1 1 1 0 1 0 1 0 0 0 0 0 0 0 0 0
200	4	1 1 1 0 1 0 0 1 0 0 0 1 0 0 1 0
200	5	1 1 1 1 1 1 0 0 0 0 0 0 1 0 0 0
200	17	1 1 1 0 1 1 0 0 0 1 0 0 0 0 0 0
200	9	1 1 1 0 1 0 1 0 0 0 0 0 0 1 0 1
200	1	1 1 1 0 0 1 0 0 0 0 0 0 0 0 0 1
200	3	1 1 0 1 0 1 1 0 0 1 0 0 0 1 0 0
200	3	1 1 1 1 1 1 1 0 0 0 0 0 0 0 1 0
200	3	1 1 0 0 1 1 1 0 0 0 0 1 0 1 0 0
200	2	1 1 0 1 1 1 1 1 0 0 0 0 0 1 0 0
200	42	1 1 1 1 0 1 0 0 0 0 1 0 0 1 0 0
200	2	1 0 0 0 1 1 1 0 0 0 0 0 0 0 0 0
200	6	0 1 0 1 1 1 1 0 0 0 0 0 0 0 0 0
200	10	1 1 1 0 1 1 1 0 0 0 0 0 0 0 0 1
200	10	1 1 0 1 1 0 0 0 0 0 0 0 0 0 0 0
200	4	1 1 0 0 1 0 0 0 0 0 0 0 0 0 0 0
200	3	1 1 1 1 1 0 1 0 0 0 0 0 0 0 0 0
200	6	1 1 0 1 0 1 1 0 0 0 0 1 0 1 0 0
200	30	1 1 0 1 0 0 0 0 0 0 0 0 0 0 0 0
200	6	1 1 1 0 1 1 0 0 0 0 0 1 0 0 1 0
200	5	1 1 1 1 1 1 1 0 0 0 0 1 0 1 0 0
200	7	1 1 1 0 1 1 0 0 1 0 0 0 0 0 0 0
200	1	1 1 1 0 1 1 1 0 0 0 0 0 0 1 0 0
200	20	1 1 0 0 0 1 1 1 0 0 0 1 0 0 0 0
200	13	1 1 1 0 1 1 0 0 0 0 0 1 0 0 0 0
200	8	1 1 0 1 1 0 1 0 0 0 0 1 0 1 1 0
200	7	1 1 1 0 1 0 1 1 0 0 1 0 0 0 0 0
200	4	1 1 0 1 1 0 0 0 0 0 0 0 0 1 0 0
200	4	1 0 0 1 0 1 1 0 0 0 0 0 0 1 0 0
200	2	1 1 0 1 0 1 1 0 1 0 0 0 0 1 0 0
200	14	1 1 1 1 1 0 1 0 0 0 1 0 0 0 0 0
200	5	1 1 0 1 1 1 1 0 0 0 0 0 0 1 0 0
200	10	1 1 1 1 1 1 0 0 0 0 1 0 1 1 0 0
200	4	1 1 1 1 0 1 0 0 0 0 1 1 0 1 0 0
200	1	1 1 0 0 1 0 0 0 0 0 0 0 0 1 0 0
200	18	1 1 1 1 1 1 0 0 1 0 0 0 0 0 0 0
200	5	1 1 0 1 0 1 0 0 0 0 0 0 0 0 0 0
200	2	1 1 1 0 0 0 1 0 0 0 0 0 0 1 0 1
200	1	1 1 1 1 1 1 1 0 0 0 0 1 0 0 1 0
200	1	1 1 0 0 0 1 1 0 1 0 0 0 0 1 0 0
200	10	1 1 0 1 0 1 1 0 0 0 0 1 0 0 0 0
200	5	1 1 0 1 1 1 1 0 0 0 0 0 1 0 0 0
200	2	1 1 0 1 1 1 1 0 1 0 0 0 0 0 0 0
200	4	1 1 0 1 1 0 1 0 0 1 0 0 0 0 0 0
200	4	1 0 0 1 1 0 1 0 0 0 0 1 0 1 1 0
200	11	1 1 1 1 1 1 1 0 0 0 0 1 0 1 0 1
200	1	1 1 0 0 1 1 1 0 0 0 0 0 0 1 0 1
200	4	1 0 1 0 1 1 1 0 0 1 0 0 0 0 0 0
200	2	1 0 0 1 1 1 1 0 0 0 0 0 0 0 0 0
200	3	1 1 0 1 1 0 1 0 0 0 0 0 1 0 0 0
200	3	1 1 1 1 1 1 1 0 0 0 0 0 0 1 0 0
200	2	1 0 0 1 0 1 1 0 1 0 0 0 0 1 0 0
200	3	1 1 1 0 0 0 1 0 0 0 1 0 0 0 0 1
200	2	1 1 1 1 1 1 0 0 1 0 1 0 0 0 0 0
200	2	1 1 0 0 1 1 1 0 0 1 0 0 0 0 0 0
200	2	1 1 0 0 1 1 0 0 1 0 0 0 0 0 0 0
200	1	1 1 0 1 0 1 1 0 1 0 0 0 0 0 0 0
200	1	1 1 0 1 1 1 0 0 0 0 0 0 0 1 0 1
200	2	1 1 0 0 1 0 0 0 0 0 0 0 0 1 0 1
200	4	1 1 0 1 1 1 1 0 0 0 1 0 1 0 0 0
200	8	1 1 0 1 0 0 0 0 0 0 0 1 0 0 0 0
200	5	1 0 0 1 1 0 1 0 0 0 0 1 0 0 0 0
200	4	1 1 0 1 1 0 1 0 0 1 0 1 0 1 0 0
200	2	1 1 0 0 1 0 1 0 1 1 1 0 0 0 0 0
200	1	1 1 1 0 1 1 0 1 0 1 0 0 0 0 0 0
200	1	1 1 1 1 1 1 1 0 0 0 0 0 0 1 1 0
200	4	1 1 0 1 1 0 0 1 0 0 0 0 0 0 0 0
200	1	1 1 0 1 0 0 0 0 0 0 0 0 0 0 0 1
200	2	1 1 0 0 0 1 1 1 0 0 0 1 0 0 1 0
200	1	1 1 0 1 0 1 1 0 0 0 1 0 1 1 0 0
200	4	1 1 0 1 1 1 0 0 0 0 0 0 0 0 0 0
200	1	1 0 1 0 1 1 0 0 0 0 0 0 0 0 0 0
200	4	1 1 0 1 1 0 1 0 0 0 1 0 0 0 0 0
200	2	1 1 1 1 1 1 0 1 0 0 1 0 1 1 0 0
200	1	1 1 0 1 1 1 1 0 0 0 0 1 0 1 0 0
200	3	1 1 0 1 1 1 0 0 0 0 1 0 0 1 0 0
200	1	1 1 0 1 1 1 1 0 0 0 1 0 1 1 0 0
200	3	1 1 1 0 0 1 0 0 0 0 0 0 0 0 0 0
200	1	1 1 0 1 0 1 1 0 0 1 0 0 0 0 0 0
200	1	1 1 0 1 0 1 1 0 0 0 0 0 0 0 1 0
200	1	1 1 0 1 1 0 0 0 0 0 0 1 0 0 0 0
200	3	1 1 0 0 1 1 0 0 0 0 0 1 0 1 0 0
200	2	1 1 0 1 0 1 0 0 1 0 0 0 0 0 0 0
210	19	1 1 0 0 1 1 1 0 0 0 0 0 0 1 0 0
210	23	1 1 0 0 1 1 1 0 0 0 0 0 0 0 0 0
210	7	1 1 0 0 1 1 0 0 0 0 0 0 0 0 0 0
210	57	1 1 0 1 0 1 1 0 0 0 0 0 0 1 0 0
210	118	1 1 0 1 1 1 1 0 0 0 0 0 0 0 0 0
210	42	1 1 0 1 1 0 1 0 0 0 0 0 0 0 0 0
210	24	1 1 1 0 1 1 0 0 0 0 0 0 0 0 0 0
210	11	1 1 1 0 0 0 0 0 0 1 1 1 0 1 0 0
210	89	1 1 0 1 0 1 1 0 0 0 0 0 0 0 0 0
210	22	1 1 1 1 1 1 1 0 0 0 0 0 0 0 0 0
210	13	1 1 1 0 0 1 1 1 0 0 0 1 0 0 0 0
210	29	1 1 1 1 1 1 0 0 0 0 0 0 0 0 0 0
210	4	1 1 0 1 1 0 1 0 0 0 0 1 0 1 0 0
210	9	1 1 0 1 1 0 1 1 0 0 0 0 0 0 0 0
210	33	1 1 1 0 1 0 1 0 0 0 0 0 0 0 0 0
210	4	1 1 1 1 1 1 0 0 0 0 0 0 1 0 0 0
210	4	1 1 1 0 1 1 0 0 0 1 0 0 0 0 0 0
210	22	1 1 1 0 1 0 1 0 0 0 0 0 0 1 0 1
210	11	1 1 0 1 0 1 1 0 0 1 0 0 0 1 0 0
210	3	1 1 1 1 1 1 1 0 0 0 0 0 0 0 1 0
210	48	1 1 1 1 0 1 0 0 0 0 1 0 0 1 0 0
210	22	1 1 0 1 1 0 0 0 0 0 0 0 0 0 0 0
210	18	1 1 0 1 0 0 0 0 0 0 0 0 0 0 0 0
210	7	1 1 1 0 1 1 0 0 0 0 0 1 0 0 1 0
210	5	1 1 1 1 1 1 1 0 0 0 0 1 0 1 0 0
210	10	1 1 1 0 1 1 0 0 1 0 0 0 0 0 0 0
210	31	1 1 0 0 0 1 1 1 0 0 0 1 0 0 0 0
210	5	1 1 1 0 1 1 0 0 0 0 0 1 0 0 0 0
210	1	1 1 0 1 1 0 0 0 0 0 0 0 0 1 0 0
210	3	1 1 0 1 0 1 1 0 1 0 0 0 0 1 0 0
210	6	1 1 1 1 1 0 1 0 0 0 1 0 0 0 0 0
210	11	1 1 0 1 1 1 1 0 0 0 0 0 0 1 0 0
210	4	1 1 1 1 1 1 0 0 0 0 1 0 1 1 0 0
210	8	1 1 1 1 0 1 0 0 0 0 1 1 0 1 0 0
210	21	1 1 1 1 1 1 0 0 1 0 0 0 0 0 0 0
210	2	1 1 0 1 1 1 1 0 1 0 0 0 0 0 0 0
210	8	1 0 0 1 1 0 1 0 0 0 0 1 0 1 1 0
210	4	1 1 1 1 1 1 1 0 0 0 0 1 0 1 0 1
210	10	1 0 1 0 1 1 1 0 0 1 0 0 0 0 0 0
210	14	1 1 0 1 1 1 1 0 0 0 1 0 1 0 0 0
210	11	1 0 0 1 1 0 1 0 0 0 0 1 0 0 0 0
210	8	1 1 1 0 1 1 0 1 0 1 0 0 0 0 0 0
210	3	1 1 0 1 0 0 0 0 0 0 0 0 0 0 0 1
210	2	1 1 0 0 0 1 1 1 0 0 0 1 0 0 1 0
210	10	1 1 0 1 1 1 0 0 0 0 0 0 0 0 0 0
210	1	1 1 1 1 1 0 0 0 0 0 0 0 0 0 0 0
210	7	1 1 1 1 1 1 0 0 0 0 0 1 0 0 0 0
210	7	1 1 1 0 1 1 1 0 0 0 0 0 0 0 0 0
210	8	1 1 1 0 1 1 1 0 0 1 0 0 0 0 0 0
210	1	1 1 0 1 0 1 1 1 0 0 0 0 0 0 0 0
210	5	1 1 1 0 0 0 0 0 0 1 1 0 0 1 0 0
210	12	1 1 0 1 0 0 1 0 0 0 0 0 0 0 0 0
210	9	1 1 1 1 0 1 0 0 0 0 0 0 0 0 0 0
210	8	1 1 0 1 1 1 1 1 0 0 0 0 0 0 0 0
210	1	1 1 1 1 1 1 0 0 1 0 0 1 0 0 0 0
210	1	1 1 1 1 0 1 0 0 0 0 0 1 0 1 1 0
210	3	1 1 1 0 1 0 1 0 0 0 0 1 0 0 1 0
210	5	1 1 1 1 1 0 1 0 0 0 0 0 0 0 0 0
210	3	1 1 0 1 0 1 1 0 0 0 0 1 0 0 0 0
210	3	1 1 1 0 1 0 1 0 0 0 1 0 0 0 0 0
210	7	0 1 1 1 1 1 1 0 0 0 0 0 0 1 0 0
210	12	1 0 1 1 1 1 1 0 0 0 0 0 0 0 0 0
210	5	1 1 1 0 0 1 1 0 0 0 0 1 0 0 0 0
210	2	1 1 1 0 1 1 0 0 0 0 1 0 1 1 0 0
210	3	1 1 1 1 1 1 1 0 0 0 0 1 0 1 1 0
210	2	1 1 0 1 0 0 0 0 0 0 0 0 0 0 1 0
210	2	1 1 1 1 1 1 0 0 1 0 1 0 0 0 0 0
210	6	1 1 0 0 1 0 1 0 0 0 0 0 0 1 0 0
210	7	1 1 1 0 1 1 0 0 0 0 0 0 0 0 0 1
210	1	1 1 1 1 1 1 0 0 0 0 0 0 0 0 1 0
210	4	1 1 0 0 1 1 1 1 0 0 0 1 0 0 0 0
210	7	1 1 0 0 1 1 1 0 0 0 0 0 0 1 1 0
210	3	1 1 0 0 1 1 0 0 1 1 1 0 0 1 0 0
210	4	1 1 0 1 1 0 1 0 0 0 0 0 0 1 0 0
210	7	1 1 1 1 1 1 0 0 0 0 0 0 0 1 0 0
210	4	1 1 0 1 1 1 1 0 0 0 0 1 0 0 0 0
210	1	0 1 0 1 1 0 1 1 0 0 0 0 0 0 0 0
210	1	0 1 1 1 0 1 0 0 0 0 1 0 0 1 0 0
210	4	1 1 0 1 1 0 0 0 0 0 0 1 0 0 0 0
210	2	1 0 0 1 0 0 0 0 0 0 0 0 0 0 0 0
210	1	1 1 0 1 0 1 1 0 0 0 0 0 0 1 0 1
210	4	1 1 1 0 1 1 0 0 1 0 0 1 0 1 1 0
210	1	0 1 1 1 1 1 1 0 0 0 0 0 0 0 0 0
210	3	1 1 0 1 1 1 1 0 0 0 0 0 0 0 0 1
210	2	1 1 1 1 1 1 1 0 0 0 0 0 0 0 0 1
210	3	1 1 0 1 0 1 0 1 1 0 0 0 0 0 0 0
210	1	1 1 0 0 1 1 1 0 0 0 0 0 0 0 1 0
210	2	1 1 1 1 0 1 1 0 0 0 0 0 0 1 0 0
210	1	1 1 1 0 1 1 1 0 0 0 0 0 0 1 0 0
210	4	1 1 1 0 1 0 1 0 0 0 0 1 1 0 0 0
210	1	1 1 0 1 0 1 1 0 0 0 0 0 1 0 0 0
210	1	1 1 1 1 0 1 0 0 0 0 1 0 0 1 1 0
210	1	1 1 0 0 0 1 1 1 0 1 0 1 0 0 0 0
210	1	1 1 1 1 1 1 0 0 0 0 0 1 0 1 1 0
220	7	1 1 0 0 1 1 1 0 0 0 0 0 0 1 0 0
220	9	1 1 0 0 1 1 1 0 0 0 0 0 0 0 0 0
220	27	1 1 0 1 0 1 1 0 0 0 0 0 0 1 0 0
220	176	1 1 0 1 1 1 1 0 0 0 0 0 0 0 0 0
220	55	1 1 0 1 1 0 1 0 0 0 0 0 0 0 0 0
220	23	1 1 1 0 1 1 0 0 0 0 0 0 0 0 0 0
220	2	1 1 1 0 0 0 0 0 0 1 1 1 0 1 0 0
220	117	1 1 0 1 0 1 1 0 0 0 0 0 0 0 0 0
220	22	1 1 1 1 1 1 1 0 0 0 0 0 0 0 0 0
220	1	1 1 1 0 0 1 1 1 0 0 0 1 0 0 0 0
220	26	1 1 1 1 1 1 0 0 0 0 0 0 0 0 0 0
220	5	1 1 0 1 1 0 1 0 0 0 0 1 0 1 0 0
220	14	1 1 0 1 1 0 1 1 0 0 0 0 0 0 0 0
220	38	1 1 1 0 1 0 1 0 0 0 0 0 0 0 0 0
220	2	1 1 1 1 1 1 0 0 0 0 0 0 1 0 0 0
220	29	1 1 1 0 1 0 1 0 0 0 0 0 0 1 0 1
220	6	1 1 0 1 0 1 1 0 0 1 0 0 0 1 0 0
220	51	1 1 1 1 0 1 0 0 0 0 1 0 0 1 0 0
220	29	1 1 0 1 1 0 0 0 0 0 0 0 0 0 0 0
220	9	1 1 0 1 0 0 0 0 0 0 0 0 0 0 0 0
220	5	1 1 1 0 1 1 0 0 0 0 0 1 0 0 1 0
220	3	1 1 1 1 1 1 1 0 0 0 0 1 0 1 0 0
220	3	1 1 1 0 1 1 0 0 1 0 0 0 0 0 0 0
220	7	1 1 0 0 0 1 1 1 0 0 0 1 0 0 0 0
220	24	1 1 1 0 1 1 0 0 0 0 0 1 0 0 0 0
220	1	1 1 0 1 1 0 0 0 0 0 0 0 0 1 0 0
220	3	1 1 1 1 1 0 1 0 0 0 1 0 0 0 0 0
220	10	1 1 0 1 1 1 1 0 0 0 0 0 0 1 0 0
220	9	1 1 1 1 1 1 0 0 0 0 1 0 1 1 0 0
220	4	1 1 1 1 0 1 0 0 0 0 1 1 0 1 0 0
220	14	1 1 1 1 1 1 0 0 1 0 0 0 0 0 0 0
220	10	1 1 0 1 1 1 1 0 1 0 0 0 0 0 0 0
220	6	1 0 0 1 1 0 1 0 0 0 0 1 0 1 1 0
220	8	1 0 1 0 1 1 1 0 0 1 0 0 0 0 0 0
220	8	1 1 0 1 1 1 1 0 0 0 1 0 1 0 0 0
220	6	1 1 1 0 1 1 0 1 0 1 0 0 0 0 0 0
220	4	1 1 0 1 1 1 0 0 0 0 0 0 0 0 0 0
220	10	1 1 1 0 1 1 1 0 0 0 0 0 0 0 0 0
220	10	1 1 1 0 1 1 1 0 0 1 0 0 0 0 0 0
220	7	1 1 1 0 0 0 0 0 0 1 1 0 0 1 0 0
220	1	1 1 0 1 0 0 1 0 0 0 0 0 0 0 0 0
220	4	1 1 1 1 0 1 0 0 0 0 0 0 0 0 0 0
220	1	1 1 0 1 1 1 1 1 0 0 0 0 0 0 0 0
220	4	1 1 1 1 0 1 0 0 0 0 0 1 0 1 1 0
220	5	1 1 1 0 1 0 1 0 0 0 0 1 0 0 1 0
220	5	0 1 1 1 1 1 1 0 0 0 0 0 0 1 0 0
220	3	1 0 1 1 1 1 1 0 0 0 0 0 0 0 0 0
220	2	1 1 1 0 0 1 1 0 0 0 0 1 0 0 0 0
220	9	1 1 0 0 1 0 1 0 0 0 0 0 0 1 0 0
220	4	1 1 1 0 1 1 0 0 0 0 0 0 0 0 0 1
220	4	1 1 0 0 1 1 0 0 1 1 1 0 0 1 0 0
220	2	1 1 1 1 1 1 0 0 0 0 0 0 0 1 0 0
220	4	1 1 0 1 1 1 1 0 0 0 0 1 0 0 0 0
220	1	1 1 1 0 1 1 0 0 1 0 0 1 0 1 1 0
220	10	1 1 0 1 0 1 1 0 0 0 0 0 1 0 0 0
220	6	1 1 0 0 1 0 0 0 0 0 0 0 0 0 0 0
220	2	1 1 0 1 1 1 0 0 0 0 1 0 0 1 0 0
220	4	1 1 1 0 1 1 0 0 0 0 0 0 1 0 0 0
220	5	1 1 1 0 0 0 1 0 0 0 0 0 0 1 0 1
220	2	1 1 1 1 0 1 0 1 0 1 0 0 0 0 0 0
220	7	1 1 0 1 1 1 1 1 0 0 0 0 0 1 0 0
220	2	1 1 0 1 1 0 1 0 0 0 0 1 0 0 0 0
220	2	1 1 0 1 1 0 0 0 0 0 0 0 1 0 0 0
220	7	1 0 1 1 1 1 1 1 0 0 0 0 0 0 0 0
220	3	1 0 0 0 1 1 1 0 0 0 0 0 0 0 0 0
220	7	1 1 1 0 0 1 1 0 0 0 0 0 0 0 0 0
220	11	1 1 0 1 1 1 1 1 0 0 0 1 0 0 0 0
220	4	1 0 0 1 1 0 1 0 0 1 0 0 0 0 0 0
220	12	1 1 0 1 1 1 1 0 1 0 0 0 0 0 0 1
220	3	1 0 1 0 1 1 1 0 0 1 0 0 0 1 0 0
220	3	1 0 1 0 1 1 1 0 0 1 0 1 0 0 0 0
220	2	1 1 0 1 1 1 1 0 0 0 0 0 0 1 0 1
220	6	1 1 1 0 1 0 1 0 1 0 0 0 0 0 0 0
220	1	1 1 1 0 1 1 0 1 0 1 0 0 0 0 1 0
220	11	0 0 1 1 1 1 1 0 0 0 0 0 0 0 0 0
220	2	1 1 1 0 1 0 0 0 0 0 0 0 0 0 0 1
220	3	1 1 1 1 1 1 1 0 0 0 0 1 0 1 0 1
220	1	1 1 0 1 1 1 1 0 0 0 0 0 0 0 0 1
220	3	1 0 0 1 1 0 1 0 0 0 0 0 0 0 0 0
220	1	1 1 0 1 1 0 0 1 0 0 0 0 0 0 0 0
220	1	1 1 1 0 1 0 1 0 0 1 0 0 0 0 0 0
220	1	1 1 0 1 1 1 0 0 0 0 1 1 0 1 0 0
220	1	1 1 1 0 1 0 1 0 1 0 0 0 0 0 0 1
220	2	1 1 0 1 1 1 1 0 0 0 0 0 1 0 0 0
220	3	1 1 0 1 1 1 1 0 0 0 0 0 0 0 1 0
220	2	1 1 0 1 0 1 1 0 0 1 0 0 0 0 0 0
220	1	1 1 1 0 1 0 1 0 0 1 0 0 0 1 0 1
220	3	1 1 1 0 1 1 1 0 1 0 0 0 0 0 0 0
220	3	1 1 0 0 0 1 1 1 1 0 0 1 0 0 0 0
220	3	0 0 1 1 1 1 1 0 0 0 0 0 0 1 0 0
220	3	1 1 0 1 0 1 1 0 0 0 1 0 0 1 0 1
220	1	1 1 1 0 0 1 1 0 0 0 0 0 0 1 0 0
220	1	1 1 1 0 1 1 0 0 0 1 0 0 0 0 0 0
220	3	1 1 0 1 0 1 1 0 0 0 0 0 0 0 0 1
220	1	1 1 1 0 1 1 0 0 0 0 0 1 1 0 0 0
220	2	1 0 1 1 1 0 1 0 0 0 0 0 0 0 0 0
230	12	1 1 0 0 1 1 1 0 0 0 0 0 0 0 0 0
230	30	1 1 0 1 0 1 1 0 0 0 0 0 0 1 0 0
230	188	1 1 0 1 1 1 1 0 0 0 0 0 0 0 0 0
230	27	1 1 0 1 1 0 1 0 0 0 0 0 0 0 0 0
230	29	1 1 1 0 1 1 0 0 0 0 0 0 0 0 0 0
230	12	1 1 1 0 0 0 0 0 0 1 1 1 0 1 0 0
230	158	1 1 0 1 0 1 1 0 0 0 0 0 0 0 0 0
230	9	1 1 1 1 1 1 1 0 0 0 0 0 0 0 0 0
230	29	1 1 1 1 1 1 0 0 0 0 0 0 0 0 0 0
230	7	1 1 0 1 1 0 1 1 0 0 0 0 0 0 0 0
230	17	1 1 1 0 1 0 1 0 0 0 0 0 0 0 0 0
230	6	1 1 1 0 1 0 1 0 0 0 0 0 0 1 0 1
230	32	1 1 1 1 0 1 0 0 0 0 1 0 0 1 0 0
230	14	1 1 0 1 1 0 0 0 0 0 0 0 0 0 0 0
230	23	1 1 1 0 1 1 0 0 0 0 0 1 0 0 1 0
230	6	1 1 1 0 1 1 0 0 1 0 0 0 0 0 0 0
230	12	1 1 0 0 0 1 1 1 0 0 0 1 0 0 0 0
230	12	1 1 1 0 1 1 0 0 0 0 0 1 0 0 0 0
230	4	1 1 1 1 1 1 0 0 0 0 1 0 1 1 0 0
230	4	1 1 1 1 0 1 0 0 0 0 1 1 0 1 0 0
230	41	1 1 1 1 1 1 0 0 1 0 0 0 0 0 0 0
230	17	1 1 0 1 1 1 1 0 1 0 0 0 0 0 0 0
230	7	1 0 1 0 1 1 1 0 0 1 0 0 0 0 0 0
230	11	1 1 0 1 1 1 1 0 0 0 1 0 1 0 0 0
230	4	1 1 0 1 1 1 0 0 0 0 0 0 0 0 0 0
230	14	1 1 1 0 1 1 1 0 0 0 0 0 0 0 0 0
230	7	1 0 1 1 1 1 1 0 0 0 0 0 0 0 0 0
230	5	1 1 0 0 1 1 0 0 1 1 1 0 0 1 0 0
230	5	1 1 0 1 1 1 1 0 0 0 0 1 0 0 0 0
230	6	1 1 0 1 0 1 1 0 0 0 0 0 1 0 0 0
230	6	1 1 0 0 1 0 0 0 0 0 0 0 0 0 0 0
230	1	1 1 1 0 1 1 0 0 0 0 0 0 1 0 0 0
230	5	1 1 1 0 0 0 1 0 0 0 0 0 0 1 0 1
230	1	1 1 0 1 1 0 1 0 0 0 0 1 0 0 0 0
230	4	1 1 1 0 0 1 1 0 0 0 0 0 0 0 0 0
230	1	1 1 0 1 1 1 1 1 0 0 0 1 0 0 0 0
230	2	1 1 0 1 1 1 1 0 1 0 0 0 0 0 0 1
230	11	1 1 1 0 1 0 1 0 1 0 0 0 0 0 0 0
230	9	1 1 0 1 0 1 1 0 0 1 0 0 0 0 0 0
230	15	0 0 1 1 1 1 1 0 0 0 0 0 0 1 0 0
230	2	1 1 0 1 0 1 1 0 0 0 0 0 0 0 0 1
230	7	1 1 1 0 1 1 0 0 0 0 0 1 1 0 0 0
230	8	1 0 1 1 1 0 1 0 0 0 0 0 0 0 0 0
230	11	1 1 0 1 0 1 1 1 0 0 0 0 0 0 0 0
230	2	1 1 0 1 0 1 1 0 0 0 1 0 0 1 0 0
230	2	1 1 0 1 1 1 0 0 0 0 0 0 0 1 0 1
230	5	1 1 0 1 1 1 1 0 0 0 1 0 0 0 0 0
230	3	1 1 1 1 0 1 0 0 0 0 1 0 0 0 0 0
230	3	1 1 0 1 0 0 1 0 0 0 0 0 0 0 0 0
230	3	1 1 1 1 0 1 0 1 0 0 1 0 0 1 0 0
230	2	1 1 1 1 0 1 0 0 0 0 0 0 0 1 0 0
230	5	1 1 1 1 0 1 0 0 0 0 0 0 0 0 0 0
230	3	1 1 1 0 1 0 1 0 1 0 1 0 0 1 0 0
230	2	1 1 0 1 0 1 1 0 0 0 0 1 0 0 0 0
230	2	1 1 0 0 0 1 1 0 0 0 0 0 0 0 0 0
230	4	1 1 1 0 1 0 1 0 0 0 0 0 0 0 0 1
230	8	1 1 0 1 1 1 1 0 0 1 0 0 0 1 0 0
230	6	1 1 0 1 1 1 1 0 0 0 0 0 1 0 0 0
230	4	1 1 0 1 0 0 1 0 0 0 0 0 0 1 0 0
230	3	1 1 1 1 0 1 1 0 0 0 0 0 0 0 0 0
230	10	1 1 1 1 1 1 0 0 0 0 0 1 0 0 0 0
230	2	1 0 0 1 0 1 1 0 0 1 0 0 0 1 0 0
230	4	1 1 1 1 1 1 0 0 0 0 1 1 0 1 0 0
230	4	1 1 1 1 1 0 1 0 0 0 0 0 0 0 0 0
230	9	1 1 1 0 0 1 0 0 0 0 1 0 0 1 0 0
230	5	1 1 1 1 0 1 0 0 0 1 1 1 0 1 0 0
230	2	1 1 0 0 1 1 1 0 1 0 0 0 0 0 0 0
230	1	1 1 0 0 1 1 0 0 0 0 0 0 1 0 0 0
230	1	1 1 1 0 0 1 0 0 0 0 0 0 0 0 0 0
230	4	1 1 0 1 1 1 1 0 0 0 0 0 0 0 0 1
230	3	1 1 0 1 1 0 1 0 0 0 0 1 0 1 0 1
230	11	1 1 0 1 0 1 0 0 0 0 0 1 1 0 0 0
230	2	1 0 0 1 0 1 1 0 0 0 0 0 0 0 0 0
230	2	1 1 0 1 0 1 0 0 0 0 0 0 0 0 0 0
230	3	1 1 1 1 1 1 0 0 1 0 0 1 0 0 0 0
230	4	1 0 1 0 1 0 1 0 1 0 0 0 0 0 0 0
230	6	1 1 0 1 0 0 0 0 0 0 1 0 0 0 0 0
230	3	1 1 1 1 0 0 1 0 0 0 0 0 0 0 0 0
230	6	1 1 0 1 1 1 0 0 0 0 0 1 0 0 0 0
230	1	1 1 0 1 1 0 1 0 1 0 0 0 0 0 0 0
230	1	1 1 0 1 0 1 1 0 0 0 1 0 0 0 0 0
230	2	1 1 0 0 0 1 1 1 0 1 0 1 0 0 0 0
230	4	1 1 1 1 0 1 0 0 1 0 1 1 0 1 0 0
230	1	1 1 0 1 1 1 1 1 0 0 0 1 0 0 1 0
230	4	1 1 0 1 1 1 1 0 0 1 0 0 0 0 0 0
230	2	0 1 1 0 0 0 0 0 0 1 1 1 0 1 0 0
230	2	1 1 0 1 0 1 1 0 1 0 0 0 0 0 0 0
230	2	1 1 0 1 0 1 1 0 0 0 0 0 0 0 1 0
230	1	1 1 1 0 1 1 0 0 0 0 0 1 0 1 0 0
230	2	1 0 1 1 1 1 1 0 0 1 0 0 0 0 0 0
230	1	0 1 0 0 1 1 0 0 1 1 1 0 0 1 0 0
230	2	1 1 0 1 1 0 1 0 1 0 0 1 0 0 0 0
230	2	0 1 0 1 0 1 1 0 0 1 0 0 0 0 0 0
230	2	0 0 1 1 1 1 0 0 0 0 0 0 0 1 0 0
230	1	1 1 0 1 0 1 1 0 0 0 0 1 1 0 0 0
240	21	1 1 0 0 1 1 1 0 0 0 0 0 0 0 0 0
240	28	1 1 0 1 0 1 1 0 0 0 0 0 0 1 0 0
240	119	1 1 0 1 1 1 1 0 0 0 0 0 0 0 0 0
240	28	1 1 0 1 1 0 1 0 0 0 0 0 0 0 0 0
240	14	1 1 1 0 1 1 0 0 0 0 0 0 0 0 0 0
240	84	1 1 0 1 0 1 1 0 0 0 0 0 0 0 0 0
240	14	1 1 1 1 1 1 1 0 0 0 0 0 0 0 0 0
240	36	1 1 1 1 1 1 0 0 0 0 0 0 0 0 0 0
240	6	1 1 0 1 1 0 1 1 0 0 0 0 0 0 0 0
240	27	1 1 1 0 1 0 1 0 0 0 0 0 0 0 0 0
240	7	1 1 1 0 1 0 1 0 0 0 0 0 0 1 0 1
240	12	1 1 1 1 0 1 0 0 0 0 1 0 0 1 0 0
240	17	1 1 0 1 1 0 0 0 0 0 0 0 0 0 0 0
240	5	1 1 1 0 1 1 0 0 0 0 0 1 0 0 1 0
240	12	1 1 1 0 1 1 0 0 1 0 0 0 0 0 0 0
240	24	1 1 0 0 0 1 1 1 0 0 0 1 0 0 0 0
240	11	1 1 1 0 1 1 0 0 0 0 0 1 0 0 0 0
240	4	1 1 1 1 1 1 0 0 0 0 1 0 1 1 0 0
240	53	1 1 1 1 1 1 0 0 1 0 0 0 0 0 0 0
240	11	1 1 0 1 1 1 1 0 1 0 0 0 0 0 0 0
240	1	1 0 1 0 1 1 1 0 0 1 0 0 0 0 0 0
240	9	1 1 0 1 1 1 1 0 0 0 1 0 1 0 0 0
240	9	1 1 0 1 1 1 0 0 0 0 0 0 0 0 0 0
240	44	1 1 1 0 1 1 1 0 0 0 0 0 0 0 0 0
240	11	1 0 1 1 1 1 1 0 0 0 0 0 0 0 0 0
240	8	1 1 0 0 1 1 0 0 1 1 1 0 0 1 0 0
240	6	1 1 1 0 0 1 1 0 0 0 0 0 0 0 0 0
240	2	1 1 0 1 1 1 1 0 1 0 0 0 0 0 0 1
240	6	1 1 1 0 1 0 1 0 1 0 0 0 0 0 0 0
240	3	1 1 0 1 0 1 1 0 0 1 0 0 0 0 0 0
240	4	0 0 1 1 1 1 1 0 0 0 0 0 0 1 0 0
240	5	1 0 1 1 1 0 1 0 0 0 0 0 0 0 0 0
240	21	1 1 0 1 0 1 1 1 0 0 0 0 0 0 0 0
240	7	1 1 0 1 0 1 1 0 0 0 1 0 0 1 0 0
240	9	1 1 0 1 1 1 0 0 0 0 0 0 0 1 0 1
240	1	1 1 0 1 1 1 1 0 0 0 1 0 0 0 0 0
240	15	1 1 1 1 0 1 0 0 0 0 1 0 0 0 0 0
240	3	1 1 1 1 0 1 0 0 0 0 0 0 0 1 0 0
240	7	1 1 0 1 0 1 1 0 0 0 0 1 0 0 0 0
240	8	1 1 1 0 1 0 1 0 0 0 0 0 0 0 0 1
240	7	1 1 0 1 1 1 1 0 0 1 0 0 0 1 0 0
240	3	1 1 0 1 1 1 1 0 0 0 0 0 1 0 0 0
240	10	1 1 1 1 0 1 1 0 0 0 0 0 0 0 0 0
240	12	1 1 1 1 1 1 0 0 0 0 0 1 0 0 0 0
240	13	1 1 1 1 1 1 0 0 0 0 1 1 0 1 0 0
240	4	1 1 1 0 0 1 0 0 0 0 1 0 0 1 0 0
240	5	1 1 1 0 0 1 0 0 0 0 0 0 0 0 0 0
240	2	1 1 0 1 1 0 1 0 0 0 0 1 0 1 0 1
240	2	1 1 0 1 0 1 0 0 0 0 0 1 1 0 0 0
240	14	1 1 0 1 0 1 0 0 0 0 0 0 0 0 0 0
240	8	1 1 0 1 0 0 0 0 0 0 1 0 0 0 0 0
240	6	1 1 1 1 0 0 1 0 0 0 0 0 0 0 0 0
240	7	1 1 0 1 1 1 0 0 0 0 0 1 0 0 0 0
240	1	1 1 0 1 1 1 1 1 0 0 0 1 0 0 1 0
240	12	1 1 0 1 1 1 1 0 0 1 0 0 0 0 0 0
240	10	1 1 0 1 0 1 1 0 1 0 0 0 0 0 0 0
240	2	1 1 0 1 1 0 1 0 1 0 0 1 0 0 0 0
240	6	0 0 1 1 1 1 0 0 0 0 0 0 0 1 0 0
240	16	1 1 0 1 0 1 1 0 0 0 0 0 0 1 0 1
240	14	1 1 0 1 1 1 1 0 1 0 0 0 0 0 1 0
240	3	1 1 1 1 0 1 0 0 1 1 1 1 0 1 0 0
240	9	1 1 1 0 1 1 0 0 0 0 0 0 0 1 0 0
240	8	1 1 1 0 1 1 0 1 0 0 0 1 0 0 1 0
240	16	0 1 0 0 1 0 0 0 0 0 0 0 0 0 0 0
240	3	1 1 1 1 0 1 0 0 0 0 0 1 0 0 0 0
240	4	1 1 1 0 0 1 0 0 0 0 1 0 0 0 0 0
240	2	1 1 0 0 0 1 1 1 0 1 0 1 0 0 0 0
240	4	1 1 0 1 0 1 1 0 0 0 1 0 0 0 0 0
240	1	1 1 1 0 1 0 1 0 1 0 0 0 1 0 0 0
240	4	1 1 0 1 1 1 1 0 0 0 0 0 0 1 0 0
240	4	1 1 0 0 1 0 1 0 0 0 0 0 0 1 0 1
240	1	1 1 0 1 0 1 1 0 1 1 0 0 0 0 0 0
240	10	1 1 0 1 1 1 1 0 0 0 0 0 0 0 1 0
240	3	1 1 1 0 0 0 1 0 0 0 0 0 0 0 0 0
240	5	1 1 1 1 0 1 1 0 0 0 1 0 0 0 0 0
240	2	1 1 0 1 0 1 0 1 0 0 0 1 1 0 0 0
240	5	1 1 0 1 0 1 1 0 0 0 0 0 0 0 1 0
240	3	1 1 1 1 1 1 0 0 0 0 1 0 0 0 0 0
240	5	1 1 0 1 0 1 0 0 0 0 1 0 0 0 0 0
240	9	1 1 0 1 1 1 0 0 0 0 0 1 1 0 0 0
240	1	1 1 1 0 1 0 1 0 1 0 0 0 1 0 1 0
240	1	1 1 0 0 1 1 0 0 0 0 0 0 0 0 0 0
240	1	1 1 0 1 0 1 1 0 0 0 0 0 0 0 0 1
240	2	0 1 1 0 1 1 1 0 0 0 0 0 0 0 0 0
240	1	1 1 0 1 0 1 1 0 1 0 1 0 0 1 0 0
240	4	1 1 1 0 1 0 1 0 0 0 1 0 0 0 0 0
240	6	1 1 1 1 0 0 0 0 0 0 1 0 0 0 0 0
240	1	1 0 0 1 1 1 1 0 0 0 0 0 0 0 0 1
240	1	1 1 0 1 1 0 0 0 0 0 1 0 0 0 0 0
240	2	1 1 1 1 1 1 0 0 0 0 0 0 0 1 0 1
240	2	1 1 0 1 1 1 0 0 1 0 0 1 0 0 0 0
240	1	1 1 1 0 1 1 0 1 0 0 0 0 0 0 0 0
240	1	1 1 0 0 1 0 1 0 0 0 0 0 0 0 0 0
240	1	1 1 1 1 1 0 1 0 0 0 0 0 0 0 0 0
240	3	1 0 1 1 1 1 0 0 0 0 0 0 0 0 0 0
240	1	1 1 1 1 0 1 0 0 0 0 0 0 0 0 0 0
240	1	1 1 0 0 0 1 1 1 0 0 0 1 1 0 0 0
240	2	1 1 0 0 0 1 0 1 0 0 0 1 0 0 0 0
240	1	1 1 0 1 0 1 0 1 0 0 0 0 0 0 0 0
250	9	1 1 0 0 1 1 1 0 0 0 0 0 0 0 0 0
250	2	1 1 0 1 0 1 1 0 0 0 0 0 0 1 0 0
250	91	1 1 0 1 1 1 1 0 0 0 0 0 0 0 0 0
250	80	1 1 0 1 1 0 1 0 0 0 0 0 0 0 0 0
250	28	1 1 1 0 1 1 0 0 0 0 0 0 0 0 0 0
250	135	1 1 0 1 0 1 1 0 0 0 0 0 0 0 0 0
250	23	1 1 1 1 1 1 1 0 0 0 0 0 0 0 0 0
250	28	1 1 1 1 1 1 0 0 0 0 0 0 0 0 0 0
250	2	1 1 1 0 1 0 1 0 0 0 0 0 0 0 0 0
250	6	1 1 1 1 0 1 0 0 0 0 1 0 0 1 0 0
250	32	1 1 0 1 1 0 0 0 0 0 0 0 0 0 0 0
250	18	1 1 1 0 1 1 0 0 0 0 0 1 0 0 1 0
250	6	1 1 1 0 1 1 0 0 1 0 0 0 0 0 0 0
250	9	1 1 0 0 0 1 1 1 0 0 0 1 0 0 0 0
250	13	1 1 1 0 1 1 0 0 0 0 0 1 0 0 0 0
250	87	1 1 1 1 1 1 0 0 1 0 0 0 0 0 0 0
250	2	1 1 0 1 1 1 1 0 1 0 0 0 0 0 0 0
250	5	1 1 0 1 1 1 1 0 0 0 1 0 1 0 0 0
250	9	1 1 0 1 1 1 0 0 0 0 0 0 0 0 0 0
250	24	1 1 1 0 1 1 1 0 0 0 0 0 0 0 0 0
250	3	1 0 1 1 1 1 1 0 0 0 0 0 0 0 0 0
250	3	1 1 1 0 0 1 1 0 0 0 0 0 0 0 0 0
250	18	1 1 1 0 1 0 1 0 1 0 0 0 0 0 0 0
250	22	1 1 0 1 0 1 1 1 0 0 0 0 0 0 0 0
250	8	1 1 0 1 1 1 0 0 0 0 0 0 0 1 0 1
250	18	1 1 1 1 0 1 0 0 0 0 1 0 0 0 0 0
250	2	1 1 1 0 1 0 1 0 0 0 0 0 0 0 0 1
250	8	1 1 0 1 1 1 1 0 0 1 0 0 0 1 0 0
250	4	1 1 0 1 1 1 1 0 0 0 0 0 1 0 0 0
250	4	1 1 1 1 0 1 1 0 0 0 0 0 0 0 0 0
250	7	1 1 1 1 1 1 0 0 0 0 0 1 0 0 0 0
250	10	1 1 1 1 1 1 0 0 0 0 1 1 0 1 0 0
250	3	1 1 1 0 0 1 0 0 0 0 1 0 0 1 0 0
250	2	1 1 1 0 0 1 0 0 0 0 0 0 0 0 0 0
250	5	1 1 0 1 0 1 0 0 0 0 0 1 1 0 0 0
250	6	1 1 0 1 0 1 0 0 0 0 0 0 0 0 0 0
250	16	1 1 0 1 0 0 0 0 0 0 1 0 0 0 0 0
250	7	1 1 0 1 1 1 1 0 0 1 0 0 0 0 0 0
250	20	1 1 0 1 0 1 1 0 1 0 0 0 0 0 0 0
250	3	1 1 0 1 0 1 1 0 0 0 0 0 0 1 0 1
250	19	1 1 0 1 1 1 1 0 1 0 0 0 0 0 1 0
250	9	1 1 1 0 1 1 0 0 0 0 0 0 0 1 0 0
250	11	0 1 0 0 1 0 0 0 0 0 0 0 0 0 0 0
250	3	1 1 1 0 0 1 0 0 0 0 1 0 0 0 0 0
250	13	1 1 0 0 0 1 1 1 0 1 0 1 0 0 0 0
250	18	1 1 0 1 0 1 1 0 0 0 1 0 0 0 0 0
250	8	1 1 0 1 1 1 1 0 0 0 0 0 0 1 0 0
250	4	1 1 0 1 1 1 1 0 0 0 0 0 0 0 1 0
250	1	1 1 0 1 0 1 0 1 0 0 0 1 1 0 0 0
250	15	1 1 0 1 0 1 1 0 0 0 0 0 0 0 1 0
250	4	1 1 0 1 0 1 0 0 0 0 1 0 0 0 0 0
250	4	1 1 0 0 1 1 0 0 0 0 0 0 0 0 0 0
250	10	1 1 1 1 0 0 0 0 0 0 1 0 0 0 0 0
250	3	1 1 1 0 1 1 0 1 0 0 0 0 0 0 0 0
250	12	1 1 0 0 0 1 0 1 0 0 0 1 0 0 0 0
250	15	0 1 1 1 1 1 0 0 1 0 0 0 0 0 0 0
250	3	0 1 0 0 0 0 0 0 0 0 0 0 0 0 0 0
250	1	1 1 0 1 1 1 1 0 0 0 0 1 0 0 0 0
250	9	1 1 1 1 0 1 1 0 0 0 1 0 0 1 0 0
250	2	1 1 1 1 1 1 0 0 0 0 0 1 0 0 1 0
250	2	1 1 0 1 1 0 1 0 0 0 0 1 0 0 0 0
250	9	1 1 0 0 1 0 1 0 0 0 0 0 0 0 0 0
250	5	1 1 0 1 1 0 0 0 0 0 0 0 0 1 0 1
250	3	1 0 0 1 0 1 1 0 0 0 0 0 0 0 0 0
250	1	1 1 1 0 1 1 1 0 0 0 0 0 0 0 1 0
250	8	1 0 0 1 1 1 1 0 0 1 0 0 0 0 0 0
250	5	1 1 0 1 1 0 1 0 0 0 1 0 1 0 0 0
250	1	1 1 1 1 1 1 0 0 1 0 0 0 0 0 1 0
250	3	1 1 1 0 1 1 1 0 0 0 0 0 0 1 0 1
250	3	1 1 1 1 0 1 0 0 0 0 1 1 0 0 0 0
250	2	1 1 1 1 0 1 0 0 0 0 0 0 1 0 0 0
250	1	1 1 1 0 0 1 0 0 0 0 1 0 0 0 0 1
250	1	1 1 0 1 1 1 0 0 0 0 1 0 0 0 0 0
250	1	1 1 1 1 1 1 0 0 1 0 0 1 0 0 0 0
250	1	1 1 1 1 0 1 0 0 1 0 0 0 0 0 0 0
250	5	0 1 0 1 0 1 1 0 0 0 1 0 0 0 0 0
250	1	1 1 1 1 1 1 0 0 1 0 0 0 0 0 0 1
250	1	1 1 1 1 1 1 0 0 1 0 0 0 0 1 0 0
250	1	1 1 0 1 1 1 1 0 1 0 0 0 0 1 0 0
250	1	1 1 0 1 0 1 1 0 0 0 0 0 0 1 1 0
250	3	0 1 1 1 1 0 0 0 1 0 0 0 0 0 0 0
260	1	1 1 0 0 1 1 1 0 0 0 0 0 0 0 0 0
260	94	1 1 0 1 1 1 1 0 0 0 0 0 0 0 0 0
260	65	1 1 0 1 1 0 1 0 0 0 0 0 0 0 0 0
260	28	1 1 1 0 1 1 0 0 0 0 0 0 0 0 0 0
260	119	1 1 0 1 0 1 1 0 0 0 0 0 0 0 0 0
260	20	1 1 1 1 1 1 1 0 0 0 0 0 0 0 0 0
260	40	1 1 1 1 1 1 0 0 0 0 0 0 0 0 0 0
260	21	1 1 0 1 1 0 0 0 0 0 0 0 0 0 0 0
260	17	1 1 1 0 1 1 0 0 0 0 0 1 0 0 1 0
260	1	1 1 1 0 1 1 0 0 0 0 0 1 0 0 0 0
260	65	1 1 1 1 1 1 0 0 1 0 0 0 0 0 0 0
260	8	1 1 0 1 1 1 1 0 0 0 1 0 1 0 0 0
260	6	1 1 0 1 1 1 0 0 0 0 0 0 0 0 0 0
260	14	1 1 1 0 1 1 1 0 0 0 0 0 0 0 0 0
260	6	1 1 1 0 0 1 1 0 0 0 0 0 0 0 0 0
260	20	1 1 1 0 1 0 1 0 1 0 0 0 0 0 0 0
260	37	1 1 0 1 0 1 1 1 0 0 0 0 0 0 0 0
260	3	1 1 0 1 1 1 0 0 0 0 0 0 0 1 0 1
260	1	1 1 1 1 0 1 0 0 0 0 1 0 0 0 0 0
260	2	1 1 0 1 1 1 1 0 0 1 0 0 0 1 0 0
260	13	1 1 0 1 1 1 1 0 0 0 0 0 1 0 0 0
260	11	1 1 1 1 0 1 1 0 0 0 0 0 0 0 0 0
260	1	1 1 1 1 1 1 0 0 0 0 0 1 0 0 0 0
260	11	1 1 1 1 1 1 0 0 0 0 1 1 0 1 0 0
260	1	1 1 1 0 0 1 0 0 0 0 0 0 0 0 0 0
260	7	1 1 0 1 0 1 0 0 0 0 0 1 1 0 0 0
260	2	1 1 0 1 0 1 0 0 0 0 0 0 0 0 0 0
260	4	1 1 0 1 0 0 0 0 0 0 1 0 0 0 0 0
260	2	1 1 0 1 1 1 1 0 0 1 0 0 0 0 0 0
260	5	1 1 0 1 0 1 1 0 1 0 0 0 0 0 0 0
260	2	1 1 0 1 0 1 1 0 0 0 0 0 0 1 0 1
260	49	1 1 0 1 1 1 1 0 1 0 0 0 0 0 1 0
260	33	1 1 0 0 0 1 1 1 0 1 0 1 0 0 0 0
260	12	1 1 0 1 0 1 1 0 0 0 1 0 0 0 0 0
260	8	1 1 0 1 1 1 1 0 0 0 0 0 0 1 0 0
260	2	1 1 0 1 1 1 1 0 0 0 0 0 0 0 1 0
260	7	1 1 0 1 0 1 1 0 0 0 0 0 0 0 1 0
260	8	1 1 0 1 0 1 0 0 0 0 1 0 0 0 0 0
260	5	1 1 0 0 1 1 0 0 0 0 0 0 0 0 0 0
260	14	1 1 1 1 0 0 0 0 0 0 1 0 0 0 0 0
260	34	1 1 0 0 0 1 0 1 0 0 0 1 0 0 0 0
260	11	0 1 1 1 1 1 0 0 1 0 0 0 0 0 0 0
260	6	1 1 1 1 0 1 1 0 0 0 1 0 0 1 0 0
260	1	1 1 1 1 1 1 0 0 0 0 0 1 0 0 1 0
260	2	1 1 0 0 1 0 1 0 0 0 0 0 0 0 0 0
260	1	1 0 0 1 0 1 1 0 0 0 0 0 0 0 0 0
260	1	1 1 1 0 1 1 1 0 0 0 0 0 0 0 1 0
260	11	1 1 0 1 1 0 1 0 0 0 1 0 1 0 0 0
260	13	1 1 1 1 0 1 0 0 0 0 1 1 0 0 0 0
260	20	1 1 1 1 0 1 0 0 1 0 0 0 0 0 0 0
260	3	0 1 0 1 0 1 1 0 0 0 1 0 0 0 0 0
260	5	0 1 1 0 1 1 0 0 1 0 0 0 0 0 0 0
260	3	1 0 0 1 0 0 0 0 0 0 1 0 0 0 0 0
260	3	1 1 0 1 1 1 0 0 1 0 0 0 0 0 0 0
260	2	1 1 1 1 1 1 1 0 0 0 0 0 1 0 0 0
260	9	0 1 1 1 0 1 0 0 0 0 1 1 0 0 0 0
260	1	1 1 0 0 0 1 0 1 0 0 0 1 0 0 1 0
260	9	1 1 0 0 0 1 0 0 0 0 1 1 0 0 0 0
260	12	0 1 0 1 1 1 1 0 0 0 0 0 0 0 0 0
260	4	1 1 1 0 1 0 1 0 1 0 0 1 0 0 0 0
260	8	1 1 0 1 1 1 0 0 1 0 0 0 0 1 0 1
260	3	1 1 0 1 1 1 1 1 1 0 0 0 0 0 1 0
260	1	1 1 0 0 1 1 1 1 0 1 0 1 0 0 0 0
260	1	1 1 1 1 1 1 0 0 1 0 0 0 0 1 0 1
260	9	1 1 1 1 0 1 1 0 0 0 0 0 0 0 1 0
260	4	1 1 0 1 0 1 1 1 0 0 0 0 1 0 0 0
260	2	1 1 1 1 1 1 1 0 0 1 0 0 0 1 0 0
260	2	1 1 1 1 0 0 1 0 0 0 1 0 0 0 0 0
260	6	1 1 1 1 0 1 1 0 0 1 1 0 0 1 0 0
260	2	1 1 0 1 0 1 0 0 0 0 0 1 1 0 1 0
260	2	0 1 1 1 0 1 1 0 0 0 0 0 0 0 0 0
260	1	1 0 0 0 0 1 0 1 0 0 0 1 0 0 0 0
260	1	1 1 0 0 1 0 1 0 0 0 0 0 0 1 0 0
260	7	1 1 0 0 0 1 0 0 1 0 0 0 0 0 0 0
260	2	1 0 1 1 1 1 0 0 1 0 0 0 0 0 0 0
260	3	1 1 0 1 0 1 1 0 1 0 0 0 0 0 1 0
260	4	1 1 0 1 0 1 1 0 0 0 0 1 0 0 0 0
260	2	1 1 0 0 0 1 0 0 0 0 0 0 0 0 0 0
260	2	1 1 0 1 1 1 1 0 0 0 0 0 0 0 0 1
260	2	1 1 0 1 1 0 0 0 1 0 0 0 0 0 0 0
260	3	0 1 1 1 0 1 0 0 0 0 1 0 0 0 0 0
260	2	1 1 1 1 1 1 0 1 0 0 0 0 0 0 0 0
260	1	1 1 0 1 1 1 0 0 0 0 0 1 0 0 0 0
260	1	1 1 1 1 0 1 1 1 0 0 0 0 0 0 0 0
260	3	0 1 1 0 0 1 0 1 0 0 0 1 0 0 0 0
260	2	1 1 0 1 1 1 1 1 0 0 0 0 0 0 0 0
260	1	1 1 0 1 1 0 1 0 0 1 0 0 0 0 0 0
260	2	1 1 0 1 1 1 1 0 0 0 1 0 1 0 0 1
260	4	1 1 0 1 0 1 0 0 0 0 0 0 0 1 0 1
260	1	1 1 0 0 0 1 1 1 0 1 1 1 0 0 0 0
270	105	1 1 0 1 1 1 1 0 0 0 0 0 0 0 0 0
270	56	1 1 0 1 1 0 1 0 0 0 0 0 0 0 0 0
270	30	1 1 1 0 1 1 0 0 0 0 0 0 0 0 0 0
270	85	1 1 0 1 0 1 1 0 0 0 0 0 0 0 0 0
270	11	1 1 1 1 1 1 1 0 0 0 0 0 0 0 0 0
270	43	1 1 1 1 1 1 0 0 0 0 0 0 0 0 0 0
270	34	1 1 0 1 1 0 0 0 0 0 0 0 0 0 0 0
270	18	1 1 1 0 1 1 0 0 0 0 0 1 0 0 1 0
270	13	1 1 1 0 1 1 0 0 0 0 0 1 0 0 0 0
270	66	1 1 1 1 1 1 0 0 1 0 0 0 0 0 0 0
270	1	1 1 0 1 1 1 1 0 0 0 1 0 1 0 0 0
270	6	1 1 0 1 1 1 0 0 0 0 0 0 0 0 0 0
270	24	1 1 1 0 1 1 1 0 0 0 0 0 0 0 0 0
270	10	1 1 1 0 1 0 1 0 1 0 0 0 0 0 0 0
270	15	1 1 0 1 0 1 1 1 0 0 0 0 0 0 0 0
270	12	1 1 0 1 1 1 1 0 0 0 0 0 1 0 0 0
270	15	1 1 1 1 0 1 1 0 0 0 0 0 0 0 0 0
270	6	1 1 1 1 1 1 0 0 0 0 0 1 0 0 0 0
270	9	1 1 1 1 1 1 0 0 0 0 1 1 0 1 0 0
270	16	1 1 0 1 0 1 0 0 0 0 0 1 1 0 0 0
270	5	1 1 0 1 0 1 0 0 0 0 0 0 0 0 0 0
270	61	1 1 0 1 1 1 1 0 1 0 0 0 0 0 1 0
270	18	1 1 0 0 0 1 1 1 0 1 0 1 0 0 0 0
270	22	1 1 0 1 1 1 1 0 0 0 0 0 0 0 1 0
270	7	1 1 0 1 0 1 0 0 0 0 1 0 0 0 0 0
270	3	1 1 1 1 0 0 0 0 0 0 1 0 0 0 0 0
270	30	1 1 0 0 0 1 0 1 0 0 0 1 0 0 0 0
270	31	0 1 1 1 1 1 0 0 1 0 0 0 0 0 0 0
270	1	1 1 1 1 0 1 1 0 0 0 1 0 0 1 0 0
270	12	1 1 1 1 0 1 0 0 0 0 1 1 0 0 0 0
270	18	0 1 0 1 0 1 1 0 0 0 1 0 0 0 0 0
270	3	0 1 1 0 1 1 0 0 1 0 0 0 0 0 0 0
270	3	1 1 0 1 1 1 0 0 1 0 0 0 0 0 0 0
270	3	0 1 1 1 0 1 0 0 0 0 1 1 0 0 0 0
270	7	0 1 0 1 1 1 1 0 0 0 0 0 0 0 0 0
270	11	1 1 1 0 1 0 1 0 1 0 0 1 0 0 0 0
270	3	1 1 0 1 1 1 0 0 1 0 0 0 0 1 0 1
270	7	1 1 0 1 1 1 1 1 1 0 0 0 0 0 1 0
270	7	1 1 1 1 0 1 1 0 0 0 0 0 0 0 1 0
270	3	1 1 0 1 0 1 1 1 0 0 0 0 1 0 0 0
270	12	1 1 1 1 0 0 1 0 0 0 1 0 0 0 0 0
270	1	1 1 1 1 0 1 1 0 0 1 1 0 0 1 0 0
270	1	1 1 0 1 0 1 1 0 1 0 0 0 0 0 1 0
270	3	1 1 0 1 0 1 1 0 0 0 0 1 0 0 0 0
270	7	0 1 1 1 0 1 0 0 0 0 1 0 0 0 0 0
270	3	1 1 0 1 0 1 0 1 0 0 0 1 0 0 0 0
270	2	1 1 0 1 1 1 1 0 1 0 0 0 1 0 1 0
270	4	1 1 0 1 1 0 1 0 1 0 1 0 1 0 0 0
270	3	1 1 0 1 1 1 1 0 0 0 0 1 0 0 0 0
270	8	1 1 0 0 1 0 1 0 0 0 1 0 1 0 0 0
270	5	1 1 0 1 1 0 1 0 0 0 0 0 0 0 0 1
270	2	1 1 1 0 1 1 0 0 0 0 0 1 1 0 1 0
270	3	0 1 0 0 0 1 0 1 0 0 0 1 0 0 0 0
270	5	1 1 1 1 1 0 1 0 0 0 0 0 0 0 0 0
270	2	1 0 0 1 1 1 1 0 1 0 0 0 0 0 1 0
270	5	1 0 0 0 1 1 0 0 0 0 0 0 0 0 0 0
270	1	1 1 1 1 0 0 1 0 1 0 0 0 0 0 0 0
270	4	1 0 0 1 1 1 1 0 0 0 1 0 1 0 0 0
270	2	1 1 1 0 1 1 0 0 0 0 0 0 0 0 1 0
270	2	1 1 0 1 0 1 1 1 1 0 0 0 0 0 0 0
270	1	1 1 0 1 0 1 0 0 0 0 0 1 1 0 0 1
270	9	1 1 0 1 1 0 1 0 1 0 0 0 0 0 0 0
270	3	1 1 0 1 0 0 0 0 0 0 0 0 0 0 0 0
270	2	1 1 0 1 0 1 0 0 0 0 0 0 1 0 0 0
270	2	1 1 0 0 0 1 1 1 0 1 0 1 0 0 0 1
270	3	1 1 1 1 1 1 1 0 0 0 0 0 0 0 0 1
270	3	1 1 1 0 1 1 1 0 0 0 0 1 0 0 0 0
270	2	0 1 0 1 0 1 1 0 0 0 0 0 0 0 0 0
270	5	1 1 0 1 1 1 0 1 1 0 0 0 0 0 0 0
270	3	1 1 1 1 0 1 1 0 1 0 0 0 0 0 1 0
270	2	1 1 0 1 0 1 0 0 0 0 0 0 0 0 1 0
270	5	1 1 0 0 0 1 0 0 0 0 0 0 0 0 0 1
270	11	1 1 1 1 0 1 1 0 0 1 1 0 0 0 0 0
270	2	1 1 1 1 1 1 0 0 0 0 0 0 1 0 0 0
270	4	1 1 1 1 1 1 1 0 1 0 0 0 0 0 1 0
270	6	1 1 1 1 0 1 0 0 0 0 1 0 0 0 0 0
270	2	1 1 1 1 1 1 1 0 0 0 0 0 0 1 0 0
270	2	1 1 1 1 1 1 0 0 1 0 0 1 0 0 0 0
270	5	1 1 0 1 0 0 1 1 0 0 0 0 0 0 0 0
270	2	1 0 0 1 0 1 0 0 0 0 1 0 0 0 0 0
270	2	1 1 0 0 0 1 0 1 0 0 0 0 0 0 0 0
270	2	1 0 0 1 1 1 1 0 1 0 1 0 0 0 1 0
270	3	1 1 0 1 1 0 1 0 0 1 0 0 0 0 0 0
270	2	1 1 0 0 0 1 1 0 0 0 0 0 0 0 0 0
270	1	1 1 0 1 0 0 1 0 0 0 0 0 0 0 0 0
270	1	1 1 1 1 1 1 0 0 0 0 0 0 0 0 0 1
270	1	1 1 0 1 1 0 0 0 0 0 0 0 0 0 0 1
270	3	1 1 1 0 1 1 0 0 0 0 1 1 0 0 1 0
270	2	1 1 1 1 0 1 0 0 0 0 1 1 1 0 0 0
270	4	1 1 1 0 0 1 1 0 0 0 0 0 0 0 1 0
280	120	1 1 0 1 1 1 1 0 0 0 0 0 0 0 0 0
280	93	1 1 0 1 1 0 1 0 0 0 0 0 0 0 0 0
280	20	1 1 1 0 1 1 0 0 0 0 0 0 0 0 0 0
280	112	1 1 0 1 0 1 1 0 0 0 0 0 0 0 0 0
280	40	1 1 1 1 1 1 1 0 0 0 0 0 0 0 0 0
280	25	1 1 1 1 1 1 0 0 0 0 0 0 0 0 0 0
280	31	1 1 0 1 1 0 0 0 0 0 0 0 0 0 0 0
280	13	1 1 1 0 1 1 0 0 0 0 0 1 0 0 1 0
280	8	1 1 1 0 1 1 0 0 0 0 0 1 0 0 0 0
280	83	1 1 1 1 1 1 0 0 1 0 0 0 0 0 0 0
280	8	1 1 0 1 1 1 0 0 0 0 0 0 0 0 0 0
280	4	1 1 1 0 1 1 1 0 0 0 0 0 0 0 0 0
280	7	1 1 1 0 1 0 1 0 1 0 0 0 0 0 0 0
280	1	1 1 0 1 0 1 1 1 0 0 0 0 0 0 0 0
280	8	1 1 1 1 0 1 1 0 0 0 0 0 0 0 0 0
280	1	1 1 1 1 1 1 0 0 0 0 1 1 0 1 0 0
280	3	1 1 0 1 0 1 0 0 0 0 0 1 1 0 0 0
280	1	1 1 0 1 0 1 0 0 0 0 0 0 0 0 0 0
280	32	1 1 0 1 1 1 1 0 1 0 0 0 0 0 1 0
280	7	1 1 0 0 0 1 1 1 0 1 0 1 0 0 0 0
280	8	1 1 0 1 1 1 1 0 0 0 0 0 0 0 1 0
280	3	1 1 1 1 0 1 0 0 0 0 1 1 0 0 0 0
280	9	0 1 0 1 0 1 1 0 0 0 1 0 0 0 0 0
280	8	0 1 0 1 1 1 1 0 0 0 0 0 0 0 0 0
280	13	1 1 1 0 1 0 1 0 1 0 0 1 0 0 0 0
280	1	1 1 0 1 1 1 0 0 1 0 0 0 0 1 0 1
280	10	1 1 0 1 1 1 1 1 1 0 0 0 0 0 1 0
280	8	1 1 1 1 0 1 1 0 0 0 0 0 0 0 1 0
280	9	1 1 1 1 0 0 1 0 0 0 1 0 0 0 0 0
280	3	0 1 1 1 0 1 0 0 0 0 1 0 0 0 0 0
280	6	1 1 0 1 1 1 1 0 1 0 0 0 1 0 1 0
280	17	1 1 0 1 1 0 1 0 0 0 0 0 0 0 0 1
280	1	0 1 0 0 0 1 0 1 0 0 0 1 0 0 0 0
280	11	1 0 0 0 1 1 0 0 0 0 0 0 0 0 0 0
280	1	1 0 0 1 1 1 1 0 0 0 1 0 1 0 0 0
280	2	1 1 0 1 0 1 0 0 0 0 0 1 1 0 0 1
280	32	1 1 0 1 1 0 1 0 1 0 0 0 0 0 0 0
280	30	1 1 0 1 0 0 0 0 0 0 0 0 0 0 0 0
280	6	1 1 1 0 1 1 1 0 0 0 0 1 0 0 0 0
280	12	1 1 0 1 1 1 0 1 1 0 0 0 0 0 0 0
280	7	1 1 1 1 0 1 1 0 0 1 1 0 0 0 0 0
280	5	1 1 1 1 0 1 0 0 0 0 1 0 0 0 0 0
280	7	1 1 1 1 1 1 0 0 1 0 0 1 0 0 0 0
280	11	1 1 0 1 0 0 1 1 0 0 0 0 0 0 0 0
280	7	1 1 0 1 1 0 1 0 0 1 0 0 0 0 0 0
280	12	1 1 1 1 0 1 0 0 0 0 1 1 1 0 0 0
280	1	1 1 0 1 1 1 0 1 0 0 0 1 0 0 0 0
280	11	1 0 1 1 1 1 0 0 0 0 0 0 0 0 0 0
280	3	1 1 1 1 1 0 0 0 0 0 1 1 0 1 0 0
280	10	1 1 1 0 1 1 0 0 1 0 0 1 1 0 1 0
280	5	1 1 0 1 1 0 1 0 0 0 0 0 0 1 0 0
280	1	1 1 0 0 1 1 1 0 0 0 0 0 0 0 1 0
280	6	1 1 0 1 0 1 1 0 0 0 0 0 0 0 1 0
280	2	1 1 0 0 1 1 0 0 0 0 0 0 0 0 0 0
280	2	1 1 0 1 0 1 1 1 0 1 0 0 1 0 0 0
280	6	1 1 0 1 0 1 1 0 0 0 1 0 0 0 0 0
280	9	1 1 1 0 1 0 1 0 1 1 0 0 0 0 0 0
280	3	1 1 0 1 1 1 1 0 1 0 1 0 0 0 1 0
280	3	1 1 1 0 0 0 1 0 1 0 0 1 0 0 0 0
280	2	1 1 0 0 0 1 0 0 0 0 1 0 0 0 0 0
280	8	1 1 0 1 0 0 1 0 0 0 0 0 0 0 0 0
280	2	1 1 0 1 0 1 1 0 1 0 0 0 0 0 0 0
280	2	1 1 1 1 1 1 0 0 1 0 0 0 0 0 0 1
280	4	1 1 0 1 1 1 1 1 1 0 0 0 0 0 0 0
280	5	1 1 0 1 1 1 1 0 0 0 1 0 0 0 0 0
280	2	1 1 0 1 1 0 1 0 0 0 1 0 0 0 0 0
280	2	1 1 1 1 1 1 1 0 0 0 0 1 0 0 0 0
280	1	1 1 1 1 1 1 0 1 0 0 0 0 0 0 0 0
280	3	1 1 1 1 1 1 0 0 1 1 0 0 0 0 0 0
280	1	1 1 0 1 0 1 1 0 1 0 0 0 0 0 1 0
280	10	1 1 1 1 1 0 1 0 1 0 0 0 0 0 0 0
280	2	1 1 1 1 1 1 1 0 1 0 0 0 0 0 1 0
280	3	1 1 0 1 1 1 0 0 1 0 0 0 0 0 0 0
280	1	1 1 0 1 0 1 1 0 0 0 0 0 0 0 0 1
280	1	1 1 1 1 0 1 0 0 1 0 0 0 0 0 0 0
280	2	0 1 1 0 1 1 1 0 0 0 0 0 0 0 0 0
280	2	1 1 0 0 0 0 0 0 0 0 0 0 0 0 0 0
280	2	1 1 0 1 0 1 1 0 0 0 1 0 0 1 0 0
280	3	1 1 1 1 1 1 1 0 1 1 0 0 0 0 1 0
280	3	1 1 1 1 0 1 1 0 0 0 0 0 1 0 0 0
280	3	0 1 0 1 0 1 0 0 0 0 0 0 0 0 0 0
280	1	1 1 0 0 0 1 1 1 0 1 0 1 0 0 1 0
280	2	1 1 0 0 0 1 1 1 0 1 0 1 0 0 0 1
280	2	1 1 1 0 1 0 0 0 1 0 0 1 0 0 0 0
280	1	1 1 0 0 0 0 1 1 0 0 0 0 0 0 0 0
280	2	1 1 0 1 1 1 0 1 0 0 0 0 0 0 0 0
280	1	1 1 0 1 1 1 1 0 0 0 0 0 0 1 0 0
280	1	1 1 1 1 1 1 0 0 1 0 1 0 0 0 0 0
280	1	1 1 0 1 0 1 0 0 0 0 0 0 1 0 0 0
280	2	1 1 1 1 1 1 1 1 1 0 0 0 0 0 1 0
280	2	1 1 1 0 0 1 0 0 0 0 1 1 1 0 0 0
280	3	1 1 1 0 0 0 1 0 1 1 0 0 0 0 0 0
290	117	1 1 0 1 1 1 1 0 0 0 0 0 0 0 0 0
290	95	1 1 0 1 1 0 1 0 0 0 0 0 0 0 0 0
290	26	1 1 1 0 1 1 0 0 0 0 0 0 0 0 0 0
290	98	1 1 0 1 0 1 1 0 0 0 0 0 0 0 0 0
290	15	1 1 1 1 1 1 1 0 0 0 0 0 0 0 0 0
290	36	1 1 1 1 1 1 0 0 0 0 0 0 0 0 0 0
290	41	1 1 0 1 1 0 0 0 0 0 0 0 0 0 0 0
290	3	1 1 1 0 1 1 0 0 0 0 0 1 0 0 1 0
290	76	1 1 1 1 1 1 0 0 1 0 0 0 0 0 0 0
290	10	1 1 0 1 1 1 0 0 0 0 0 0 0 0 0 0
290	4	1 1 1 0 1 1 1 0 0 0 0 0 0 0 0 0
290	17	1 1 1 1 0 1 1 0 0 0 0 0 0 0 0 0
290	5	1 1 0 1 0 1 0 0 0 0 0 0 0 0 0 0
290	14	1 1 0 1 1 1 1 0 1 0 0 0 0 0 1 0
290	15	1 1 0 0 0 1 1 1 0 1 0 1 0 0 0 0
290	14	0 1 0 1 0 1 1 0 0 0 1 0 0 0 0 0
290	3	0 1 0 1 1 1 1 0 0 0 0 0 0 0 0 0
290	50	1 1 0 1 1 1 1 1 1 0 0 0 0 0 1 0
290	5	1 1 1 1 0 1 1 0 0 0 0 0 0 0 1 0
290	2	0 1 1 1 0 1 0 0 0 0 1 0 0 0 0 0
290	4	1 1 0 1 1 0 1 0 0 0 0 0 0 0 0 1
290	6	0 1 0 0 0 1 0 1 0 0 0 1 0 0 0 0
290	16	1 0 0 0 1 1 0 0 0 0 0 0 0 0 0 0
290	18	1 1 0 1 1 0 1 0 1 0 0 0 0 0 0 0
290	44	1 1 0 1 0 0 0 0 0 0 0 0 0 0 0 0
290	1	1 1 1 0 1 1 1 0 0 0 0 1 0 0 0 0
290	4	1 1 0 1 1 1 0 1 1 0 0 0 0 0 0 0
290	6	1 1 1 1 0 1 1 0 0 1 1 0 0 0 0 0
290	1	1 1 1 1 0 1 0 0 0 0 1 0 0 0 0 0
290	3	1 1 1 1 1 1 0 0 1 0 0 1 0 0 0 0
290	13	1 1 0 1 0 0 1 1 0 0 0 0 0 0 0 0
290	8	1 1 0 1 1 0 1 0 0 1 0 0 0 0 0 0
290	15	1 0 1 1 1 1 0 0 0 0 0 0 0 0 0 0
290	3	1 1 1 1 1 0 0 0 0 0 1 1 0 1 0 0
290	1	1 1 1 0 1 1 0 0 1 0 0 1 1 0 1 0
290	15	1 1 0 1 0 1 1 0 0 0 0 0 0 0 1 0
290	4	1 1 0 0 1 1 0 0 0 0 0 0 0 0 0 0
290	3	1 1 1 0 1 0 1 0 1 1 0 0 0 0 0 0
290	3	1 1 0 1 1 1 1 0 1 0 1 0 0 0 1 0
290	2	1 1 1 0 0 0 1 0 1 0 0 1 0 0 0 0
290	3	1 1 0 1 0 0 1 0 0 0 0 0 0 0 0 0
290	2	1 1 0 1 0 1 1 0 1 0 0 0 0 0 0 0
290	3	1 1 0 1 1 0 1 0 0 0 1 0 0 0 0 0
290	5	1 1 1 1 1 0 1 0 1 0 0 0 0 0 0 0
290	21	1 1 0 1 1 1 0 0 1 0 0 0 0 0 0 0
290	2	1 1 0 1 0 1 1 0 0 0 0 0 0 0 0 1
290	1	1 1 1 1 0 1 1 0 0 0 0 0 1 0 0 0
290	2	0 1 0 1 0 1 0 0 0 0 0 0 0 0 0 0
290	1	1 1 0 0 0 1 1 1 0 1 0 1 0 0 0 1
290	1	1 1 0 0 0 0 1 1 0 0 0 0 0 0 0 0
290	4	1 1 1 0 1 0 0 0 0 0 0 0 0 0 0 0
290	1	1 1 1 0 1 1 0 0 0 0 0 1 0 0 1 1
290	1	1 1 0 1 1 1 0 0 0 0 1 0 0 0 0 0
290	3	1 1 0 1 1 1 1 0 0 1 0 0 0 0 0 0
290	1	1 1 0 0 0 1 1 0 0 0 0 0 0 0 0 0
290	2	1 1 0 1 1 1 1 0 1 0 0 0 0 0 0 0
290	7	1 1 0 1 0 1 1 1 1 0 0 0 0 0 1 0
290	1	1 1 0 1 1 1 1 0 0 0 0 1 0 0 0 0
290	8	1 1 0 1 1 0 1 1 0 0 0 0 0 0 0 0
290	3	1 1 0 1 0 1 1 0 0 0 0 0 1 0 0 0
290	10	1 0 1 1 1 1 0 0 1 0 0 0 0 0 0 0
290	3	1 1 0 0 1 0 1 0 1 1 0 0 0 0 0 0
290	16	1 1 1 1 1 0 1 0 1 0 0 0 1 0 0 0
290	4	1 1 0 1 1 1 0 0 0 0 1 0 0 1 0 0
290	1	1 1 1 1 1 0 1 0 0 0 0 0 0 0 0 0
290	3	1 1 0 1 0 1 1 0 0 0 1 0 0 0 0 0
290	9	1 1 1 0 1 1 0 0 1 0 0 0 0 0 0 0
290	4	0 1 0 1 1 1 1 0 1 0 0 0 0 0 1 0
290	1	1 1 0 1 0 0 0 0 0 0 0 0 0 0 0 1
290	3	1 1 0 1 0 0 1 1 0 1 0 0 0 0 0 0
290	1	1 1 1 1 1 1 1 0 0 0 1 0 0 0 0 0
290	6	1 1 0 1 1 1 1 0 0 0 0 0 0 1 0 0
290	2	1 1 1 1 1 1 1 1 0 0 0 0 0 0 0 0
290	8	1 1 1 1 1 1 0 0 0 0 0 0 0 1 0 0
290	3	1 1 0 1 1 0 0 0 0 0 0 0 0 0 0 1
290	2	1 0 1 1 1 1 0 0 1 1 0 0 0 0 0 0
290	6	1 1 0 1 1 0 0 0 0 0 0 0 1 0 0 0
290	1	1 0 0 1 1 1 1 0 1 0 0 0 0 0 1 0
290	2	1 1 0 1 0 1 1 0 0 0 0 0 1 0 1 0
290	2	1 1 1 0 1 0 1 0 1 0 0 0 0 0 0 0
290	3	1 1 0 1 0 1 1 0 1 0 0 0 0 0 1 0
290	3	1 0 0 1 1 1 1 0 0 0 0 0 0 0 0 0
290	5	1 1 0 1 1 1 1 0 0 0 0 0 0 0 0 1
290	2	1 1 0 1 1 1 1 0 0 0 0 0 1 0 0 0
290	1	1 1 1 1 0 1 0 0 0 0 0 0 0 0 0 0
290	1	1 1 0 1 1 1 0 0 0 0 1 0 1 1 0 0
290	2	1 1 0 1 0 0 0 0 0 0 1 0 0 0 0 0
290	1	1 1 0 1 1 1 0 0 1 0 0 0 0 0 0 1
290	1	1 1 1 1 1 1 0 0 0 0 0 0 0 0 1 0
290	1	1 1 0 1 0 0 0 0 0 0 0 0 1 0 0 0
290	2	1 1 0 1 0 1 1 1 0 0 0 0 0 0 1 0
290	2	1 1 0 1 0 1 1 1 1 1 0 0 0 0 1 0
290	1	1 1 0 1 1 0 1 1 1 0 0 0 0 0 0 0
300	75	1 1 0 1 1 1 1 0 0 0 0 0 0 0 0 0
300	87	1 1 0 1 1 0 1 0 0 0 0 0 0 0 0 0
300	6	1 1 1 0 1 1 0 0 0 0 0 0 0 0 0 0
300	88	1 1 0 1 0 1 1 0 0 0 0 0 0 0 0 0
300	39	1 1 1 1 1 1 1 0 0 0 0 0 0 0 0 0
300	26	1 1 1 1 1 1 0 0 0 0 0 0 0 0 0 0
300	76	1 1 0 1 1 0 0 0 0 0 0 0 0 0 0 0
300	16	1 1 1 0 1 1 0 0 0 0 0 1 0 0 1 0
300	65	1 1 1 1 1 1 0 0 1 0 0 0 0 0 0 0
300	16	1 1 0 1 1 1 0 0 0 0 0 0 0 0 0 0
300	26	1 1 1 0 1 1 1 0 0 0 0 0 0 0 0 0
300	7	1 1 1 1 0 1 1 0 0 0 0 0 0 0 0 0
300	2	1 1 0 1 1 1 1 0 1 0 0 0 0 0 1 0
300	5	1 1 0 0 0 1 1 1 0 1 0 1 0 0 0 0
300	14	0 1 0 1 0 1 1 0 0 0 1 0 0 0 0 0
300	32	1 1 0 1 1 1 1 1 1 0 0 0 0 0 1 0
300	3	1 0 0 0 1 1 0 0 0 0 0 0 0 0 0 0
300	8	1 1 0 1 1 0 1 0 1 0 0 0 0 0 0 0
300	21	1 1 0 1 0 0 0 0 0 0 0 0 0 0 0 0
300	13	1 1 0 1 1 1 0 1 1 0 0 0 0 0 0 0
300	5	1 1 1 1 0 1 1 0 0 1 1 0 0 0 0 0
300	13	1 1 1 1 0 1 0 0 0 0 1 0 0 0 0 0
300	6	1 1 0 1 0 0 1 1 0 0 0 0 0 0 0 0
300	2	1 1 0 1 1 0 1 0 0 1 0 0 0 0 0 0
300	15	1 1 0 1 0 1 1 0 0 0 0 0 0 0 1 0
300	15	1 1 0 0 1 1 0 0 0 0 0 0 0 0 0 0
300	12	1 1 0 1 0 1 1 0 1 0 0 0 0 0 0 0
300	8	1 1 0 1 1 0 1 0 0 0 1 0 0 0 0 0
300	7	1 1 0 1 1 1 0 0 1 0 0 0 0 0 0 0
300	2	1 1 0 1 0 1 1 0 0 0 0 0 0 0 0 1
300	3	0 1 0 1 0 1 0 0 0 0 0 0 0 0 0 0
300	3	1 1 0 0 0 0 1 1 0 0 0 0 0 0 0 0
300	4	1 1 1 0 1 1 0 0 0 0 0 1 0 0 1 1
300	8	1 1 0 1 1 1 0 0 0 0 1 0 0 0 0 0
300	1	1 1 0 1 0 1 1 1 1 0 0 0 0 0 1 0
300	25	1 1 0 1 1 0 1 1 0 0 0 0 0 0 0 0
300	8	1 1 1 1 1 0 1 0 1 0 0 0 1 0 0 0
300	9	1 1 1 0 1 1 0 0 1 0 0 0 0 0 0 0
300	5	0 1 0 1 1 1 1 0 1 0 0 0 0 0 1 0
300	4	1 1 0 1 0 0 0 0 0 0 0 0 0 0 0 1
300	20	1 1 0 1 1 1 1 0 0 0 0 0 0 1 0 0
300	7	1 1 1 1 1 1 0 0 0 0 0 0 0 1 0 0
300	2	1 0 1 1 1 1 0 0 1 1 0 0 0 0 0 0
300	18	1 1 0 1 1 0 0 0 0 0 0 0 1 0 0 0
300	4	1 0 0 1 1 1 1 0 1 0 0 0 0 0 1 0
300	7	1 1 1 0 1 0 1 0 1 0 0 0 0 0 0 0
300	5	1 1 0 1 1 1 1 0 0 0 0 0 0 0 0 1
300	1	1 1 1 1 1 1 0 0 0 0 0 0 0 0 1 0
300	4	1 1 0 1 0 1 1 1 1 1 0 0 0 0 1 0
300	4	1 1 0 0 0 1 1 1 0 1 1 1 0 0 0 0
300	3	0 1 0 1 0 1 0 0 1 0 0 0 0 0 0 0
300	12	1 0 0 1 1 0 0 0 0 0 0 0 0 0 0 0
300	6	1 1 1 1 1 0 0 0 0 0 0 0 0 0 0 0
300	13	1 1 1 1 0 1 1 0 0 0 1 0 0 0 0 0
300	2	1 1 0 1 1 1 1 1 1 1 0 0 0 0 1 0
300	14	1 1 1 0 1 1 0 1 1 0 0 0 0 0 0 0
300	1	1 1 0 1 1 1 1 1 1 0 0 0 0 0 0 0
300	1	1 1 1 1 1 1 0 0 1 0 0 0 0 0 0 1
300	2	1 1 1 0 0 1 1 1 0 1 0 1 0 0 0 0
300	5	1 1 0 1 1 1 1 0 0 1 0 0 0 0 0 0
300	1	1 1 1 1 1 1 0 0 1 0 1 0 0 0 0 0
300	19	0 1 0 1 1 1 0 0 1 0 0 0 0 0 0 0
300	2	1 0 1 1 1 0 1 0 1 0 0 0 1 0 0 0
300	1	0 1 0 1 0 1 1 0 0 0 0 0 1 0 0 0
300	3	1 1 0 1 1 0 1 0 0 0 0 0 0 1 0 0
300	15	0 1 0 1 0 1 0 0 0 0 0 0 0 0 0 1
300	2	1 1 0 1 0 1 1 1 1 0 0 0 1 0 1 0
300	3	1 1 1 1 0 1 0 0 0 0 0 0 0 0 1 0
300	7	1 1 1 0 1 0 0 0 0 0 0 0 0 0 0 0
300	2	1 1 1 0 0 1 1 0 0 0 0 0 0 0 0 0
300	3	1 1 1 0 1 1 0 0 1 0 0 1 0 0 1 1
300	2	1 1 1 0 1 1 0 0 0 0 0 1 0 0 0 0
300	1	1 1 0 1 0 1 1 0 0 0 0 1 0 0 0 0
300	1	1 0 1 1 1 1 0 0 1 0 0 0 0 0 0 0
300	3	1 1 0 1 0 1 0 0 1 0 0 0 0 0 0 0
300	7	1 1 1 0 1 0 1 0 0 0 0 0 0 0 0 0
300	3	1 1 0 1 1 1 1 1 1 1 1 0 0 0 1 0
300	2	1 1 1 1 1 0 1 0 0 0 0 0 0 0 0 0
300	2	1 1 1 0 1 1 1 0 0 1 0 0 0 0 0 0
300	2	1 1 1 1 1 0 1 0 1 0 0 0 0 0 0 0
300	4	1 1 0 1 1 0 0 0 1 0 0 0 1 0 0 0
300	1	1 1 0 0 1 0 1 0 0 0 0 0 0 0 0 0
300	2	1 1 0 1 1 1 0 0 0 0 0 1 0 0 0 0
300	1	0 1 0 0 0 1 0 0 0 0 0 0 0 0 0 1
310	71	1 1 0 1 1 1 1 0 0 0 0 0 0 0 0 0
310	92	1 1 0 1 1 0 1 0 0 0 0 0 0 0 0 0
310	6	1 1 1 0 1 1 0 0 0 0 0 0 0 0 0 0
310	89	1 1 0 1 0 1 1 0 0 0 0 0 0 0 0 0
310	22	1 1 1 1 1 1 1 0 0 0 0 0 0 0 0 0
310	9	1 1 1 1 1 1 0 0 0 0 0 0 0 0 0 0
310	46	1 1 0 1 1 0 0 0 0 0 0 0 0 0 0 0
310	2	1 1 1 0 1 1 0 0 0 0 0 1 0 0 1 0
310	40	1 1 1 1 1 1 0 0 1 0 0 0 0 0 0 0
310	16	1 1 0 1 1 1 0 0 0 0 0 0 0 0 0 0
310	53	1 1 1 0 1 1 1 0 0 0 0 0 0 0 0 0
310	4	1 1 1 1 0 1 1 0 0 0 0 0 0 0 0 0
310	1	1 1 0 0 0 1 1 1 0 1 0 1 0 0 0 0
310	28	0 1 0 1 0 1 1 0 0 0 1 0 0 0 0 0
310	21	1 1 0 1 1 1 1 1 1 0 0 0 0 0 1 0
310	4	1 1 0 1 1 0 1 0 1 0 0 0 0 0 0 0
310	4	1 1 0 1 0 0 0 0 0 0 0 0 0 0 0 0
310	18	1 1 0 1 1 1 0 1 1 0 0 0 0 0 0 0
310	5	1 1 1 1 0 1 1 0 0 1 1 0 0 0 0 0
310	6	1 1 1 1 0 1 0 0 0 0 1 0 0 0 0 0
310	3	1 1 0 1 0 0 1 1 0 0 0 0 0 0 0 0
310	1	1 1 0 1 1 0 1 0 0 1 0 0 0 0 0 0
310	32	1 1 0 1 0 1 1 0 0 0 0 0 0 0 1 0
310	16	1 1 0 0 1 1 0 0 0 0 0 0 0 0 0 0
310	8	1 1 0 1 0 1 1 0 1 0 0 0 0 0 0 0
310	8	1 1 0 1 1 0 1 0 0 0 1 0 0 0 0 0
310	6	1 1 0 1 0 1 1 0 0 0 0 0 0 0 0 1
310	4	1 1 0 0 0 0 1 1 0 0 0 0 0 0 0 0
310	1	1 1 0 1 1 1 0 0 0 0 1 0 0 0 0 0
310	20	1 1 0 1 1 0 1 1 0 0 0 0 0 0 0 0
310	8	1 1 1 1 1 0 1 0 1 0 0 0 1 0 0 0
310	16	1 1 1 0 1 1 0 0 1 0 0 0 0 0 0 0
310	15	1 1 0 1 1 1 1 0 0 0 0 0 0 1 0 0
310	3	1 0 1 1 1 1 0 0 1 1 0 0 0 0 0 0
310	12	1 1 0 1 1 0 0 0 0 0 0 0 1 0 0 0
310	2	1 0 0 1 1 1 1 0 1 0 0 0 0 0 1 0
310	4	1 1 1 0 1 0 1 0 1 0 0 0 0 0 0 0
310	4	1 0 0 1 1 0 0 0 0 0 0 0 0 0 0 0
310	22	1 1 1 1 0 1 1 0 0 0 1 0 0 0 0 0
310	1	1 1 1 0 1 1 0 1 1 0 0 0 0 0 0 0
310	1	1 1 0 1 1 1 1 1 1 0 0 0 0 0 0 0
310	13	1 1 1 0 0 1 1 1 0 1 0 1 0 0 0 0
310	12	1 1 0 1 1 1 1 0 0 1 0 0 0 0 0 0
310	23	0 1 0 1 1 1 0 0 1 0 0 0 0 0 0 0
310	6	1 0 1 1 1 0 1 0 1 0 0 0 1 0 0 0
310	3	0 1 0 1 0 1 0 0 0 0 0 0 0 0 0 1
310	1	1 1 1 1 0 1 0 0 0 0 0 0 0 0 1 0
310	6	1 1 1 0 1 0 0 0 0 0 0 0 0 0 0 0
310	15	1 1 0 1 1 1 1 1 1 1 1 0 0 0 1 0
310	5	1 1 1 1 1 0 1 0 0 0 0 0 0 0 0 0
310	9	1 1 1 0 1 1 1 0 0 1 0 0 0 0 0 0
310	2	1 1 0 1 1 0 0 0 1 0 0 0 1 0 0 0
310	19	1 1 0 0 1 0 1 0 0 0 0 0 0 0 0 0
310	3	1 1 0 1 1 1 0 0 0 0 0 1 0 0 0 0
310	4	1 1 0 1 1 1 1 0 1 0 0 0 0 0 0 0
310	1	1 1 0 1 0 0 0 0 0 0 0 0 0 1 0 0
310	7	0 1 0 1 1 0 1 1 0 0 0 0 0 0 0 0
310	9	1 1 1 1 1 1 1 0 0 0 0 0 0 1 0 0
310	11	1 1 0 1 0 1 1 0 0 0 0 0 0 1 1 0
310	6	0 1 0 1 1 1 0 0 1 1 0 0 0 0 0 0
310	9	1 1 0 1 1 0 0 1 0 0 0 0 0 0 0 0
310	5	1 1 0 0 1 1 0 0 0 0 1 0 0 0 0 0
310	2	1 1 0 1 1 1 1 0 0 0 0 1 0 0 0 0
310	11	1 1 1 0 1 1 0 0 0 0 0 0 0 0 1 0
310	1	1 1 1 1 0 1 0 0 0 0 1 0 0 1 0 0
310	2	1 1 0 1 1 0 0 0 1 0 0 0 0 0 0 0
310	4	1 1 0 1 1 1 1 0 0 0 0 0 1 0 0 0
310	5	1 1 0 1 1 0 0 0 0 0 0 1 0 0 0 0
310	4	1 0 1 1 1 1 0 0 1 0 0 0 0 0 0 0
310	1	1 1 0 1 0 0 0 0 0 0 0 0 0 0 0 1
310	1	1 1 0 1 1 1 1 0 0 0 0 1 0 0 0 1
310	6	1 1 1 1 1 0 1 0 0 0 0 0 0 1 0 0
310	4	1 1 0 0 0 1 1 1 0 0 0 0 1 0 1 0
310	1	1 1 1 1 1 1 1 0 0 0 0 0 0 0 1 0
310	8	1 1 0 1 1 1 1 1 1 0 0 0 1 0 0 0
310	2	1 1 0 1 1 0 1 1 1 1 1 0 0 0 1 0
310	6	1 1 1 1 1 1 0 0 0 0 0 0 0 0 1 0
310	2	1 1 1 0 1 1 1 0 1 0 0 0 0 0 0 0
310	1	1 1 0 1 1 0 1 0 0 0 1 0 0 0 1 0
310	1	1 1 0 0 1 1 1 1 0 1 0 1 0 0 0 0
310	1	1 1 1 0 1 1 0 0 0 0 0 1 1 0 1 0
310	2	1 1 0 1 1 0 1 0 1 0 0 1 0 0 0 0
310	1	1 1 1 1 0 1 0 0 1 0 1 0 0 0 0 0
310	1	1 1 0 1 0 1 1 0 1 0 0 0 0 0 0 1
310	4	1 1 0 1 1 0 1 0 0 0 0 0 0 1 0 0
310	4	1 1 0 1 0 1 1 0 0 1 1 0 0 0 0 0
310	2	0 1 1 1 1 1 0 0 1 0 0 0 0 0 0 0
310	2	1 1 0 1 1 1 1 1 0 0 0 0 0 0 0 0
310	1	0 1 1 1 1 1 1 0 0 0 0 0 0 0 0 0
310	4	1 1 1 1 0 1 0 0 1 0 0 0 0 0 0 0
310	2	0 1 1 0 1 1 1 0 0 0 0 0 0 0 0 0
310	6	1 1 0 1 0 0 0 0 0 0 0 0 0 0 1 0
310	2	1 1 0 1 1 0 1 1 0 0 0 1 0 0 0 0
310	1	1 0 1 1 1 1 0 1 1 0 0 0 0 0 0 0
310	1	0 1 0 1 1 1 1 0 0 0 0 0 0 0 0 0
310	2	1 1 1 1 1 1 1 0 0 0 0 0 1 0 0 0
310	2	1 1 1 1 1 1 1 0 0 0 1 0 0 0 0 0
310	2	1 1 0 1 1 1 0 0 1 0 0 0 0 0 0 0
310	1	1 1 0 1 0 0 0 1 0 0 0 0 0 0 0 0
310	3	1 1 0 0 0 1 1 0 0 0 0 0 0 0 1 0
310	1	0 1 0 1 1 1 0 0 1 1 0 0 0 1 0 0
320	46	1 1 0 1 1 1 1 0 0 0 0 0 0 0 0 0
320	34	1 1 0 1 1 0 1 0 0 0 0 0 0 0 0 0
320	16	1 1 1 0 1 1 0 0 0 0 0 0 0 0 0 0
320	120	1 1 0 1 0 1 1 0 0 0 0 0 0 0 0 0
320	28	1 1 1 1 1 1 1 0 0 0 0 0 0 0 0 0
320	3	1 1 1 1 1 1 0 0 0 0 0 0 0 0 0 0
320	10	1 1 0 1 1 0 0 0 0 0 0 0 0 0 0 0
320	11	1 1 1 0 1 1 0 0 0 0 0 1 0 0 1 0
320	32	1 1 1 1 1 1 0 0 1 0 0 0 0 0 0 0
320	17	1 1 0 1 1 1 0 0 0 0 0 0 0 0 0 0
320	31	1 1 1 0 1 1 1 0 0 0 0 0 0 0 0 0
320	7	1 1 1 1 0 1 1 0 0 0 0 0 0 0 0 0
320	24	0 1 0 1 0 1 1 0 0 0 1 0 0 0 0 0
320	25	1 1 0 1 1 1 1 1 1 0 0 0 0 0 1 0
320	28	1 1 0 1 1 1 0 1 1 0 0 0 0 0 0 0
320	9	1 1 1 1 0 1 1 0 0 1 1 0 0 0 0 0
320	3	1 1 1 1 0 1 0 0 0 0 1 0 0 0 0 0
320	22	1 1 0 1 0 1 1 0 0 0 0 0 0 0 1 0
320	5	1 1 0 0 1 1 0 0 0 0 0 0 0 0 0 0
320	20	1 1 0 1 0 1 1 0 1 0 0 0 0 0 0 0
320	9	1 1 0 1 1 0 1 0 0 0 1 0 0 0 0 0
320	8	1 1 0 1 0 1 1 0 0 0 0 0 0 0 0 1
320	5	1 1 0 1 1 0 1 1 0 0 0 0 0 0 0 0
320	9	1 1 1 1 1 0 1 0 1 0 0 0 1 0 0 0
320	32	1 1 1 0 1 1 0 0 1 0 0 0 0 0 0 0
320	16	1 1 0 1 1 1 1 0 0 0 0 0 0 1 0 0
320	12	1 0 1 1 1 1 0 0 1 1 0 0 0 0 0 0
320	4	1 1 0 1 1 0 0 0 0 0 0 0 1 0 0 0
320	8	1 0 0 1 1 0 0 0 0 0 0 0 0 0 0 0
320	7	1 1 1 1 0 1 1 0 0 0 1 0 0 0 0 0
320	18	1 1 1 0 0 1 1 1 0 1 0 1 0 0 0 0
320	1	1 1 0 1 1 1 1 0 0 1 0 0 0 0 0 0
320	15	0 1 0 1 1 1 0 0 1 0 0 0 0 0 0 0
320	6	1 1 1 0 1 0 0 0 0 0 0 0 0 0 0 0
320	7	1 1 0 1 1 1 1 1 1 1 1 0 0 0 1 0
320	22	1 1 0 0 1 0 1 0 0 0 0 0 0 0 0 0
320	3	1 1 0 1 1 1 0 0 0 0 0 1 0 0 0 0
320	7	1 1 1 1 1 1 1 0 0 0 0 0 0 1 0 0
320	42	1 1 0 1 1 0 0 1 0 0 0 0 0 0 0 0
320	1	1 1 1 0 1 1 0 0 0 0 0 0 0 0 1 0
320	14	1 1 1 1 0 1 0 0 0 0 1 0 0 1 0 0
320	4	1 1 0 1 1 0 0 0 1 0 0 0 0 0 0 0
320	1	1 1 0 1 1 0 0 0 0 0 0 1 0 0 0 0
320	8	1 1 1 1 1 0 1 0 0 0 0 0 0 1 0 0
320	2	1 1 0 1 1 1 1 1 1 0 0 0 1 0 0 0
320	6	1 1 1 1 1 1 0 0 0 0 0 0 0 0 1 0
320	2	1 1 1 0 1 1 1 0 1 0 0 0 0 0 0 0
320	2	1 1 0 1 0 1 1 0 1 0 0 0 0 0 0 1
320	12	1 1 0 1 1 0 1 0 0 0 0 0 0 1 0 0
320	5	0 1 1 1 1 1 0 0 1 0 0 0 0 0 0 0
320	2	1 1 1 1 0 1 0 0 1 0 0 0 0 0 0 0
320	12	1 1 0 1 1 0 1 1 0 0 0 1 0 0 0 0
320	7	1 1 0 1 1 1 0 0 1 0 0 0 0 0 0 0
320	11	1 1 1 0 1 1 1 0 0 0 0 0 0 1 0 0
320	7	0 1 1 0 1 0 0 0 0 0 0 0 0 0 0 0
320	1	1 1 0 1 0 1 1 0 0 0 0 0 0 1 0 0
320	5	1 1 0 1 1 1 0 0 0 1 0 0 0 0 0 0
320	6	1 1 0 0 1 1 1 1 1 0 0 0 0 0 1 0
320	4	1 1 1 1 1 1 0 0 1 0 0 0 1 0 0 0
320	9	1 1 0 1 0 1 1 1 0 0 0 0 0 0 0 0
320	7	0 1 0 1 1 1 1 0 0 0 0 0 0 1 0 0
320	1	0 1 0 1 1 0 0 1 0 0 0 0 0 0 0 0
320	4	1 1 1 1 1 0 1 0 0 0 0 0 1 0 0 0
320	15	1 1 0 1 1 1 1 1 0 0 0 0 0 0 0 0
320	4	1 1 0 1 1 0 1 1 1 0 0 0 0 0 1 0
320	10	1 1 1 0 0 1 1 0 0 1 0 1 0 0 0 0
320	6	1 1 0 1 1 1 1 1 1 1 0 0 0 0 1 0
320	1	1 1 0 1 0 1 1 1 1 0 1 0 1 0 0 0
320	2	0 1 0 1 0 1 1 0 0 0 0 0 0 0 0 0
320	2	0 1 0 1 0 1 1 0 0 0 1 0 0 0 0 1
320	17	1 1 1 1 0 1 0 0 0 0 0 0 0 0 0 0
320	6	1 1 0 1 1 1 1 0 0 0 0 1 1 0 0 1
320	3	0 1 0 1 1 0 1 0 0 0 0 0 0 0 0 0
320	7	1 1 1 0 1 0 1 0 0 0 0 0 0 0 0 0
320	7	1 1 0 1 0 1 1 0 0 0 1 0 0 0 0 0
320	1	1 1 1 0 1 1 0 0 0 0 0 0 0 1 0 0
320	9	1 1 0 1 1 1 1 1 1 1 0 0 0 0 0 0
320	7	1 1 1 1 1 0 1 0 0 0 0 0 0 0 0 0
320	3	1 1 0 0 1 1 0 1 1 0 0 0 0 0 0 0
320	4	1 1 0 1 1 1 1 0 0 1 0 0 0 1 0 0
320	1	1 1 1 0 1 1 0 0 0 0 1 0 0 0 0 0
320	1	1 1 1 0 0 1 1 1 0 1 0 0 0 0 0 0
320	2	1 1 0 0 1 1 1 1 1 0 0 0 0 1 1 0
320	7	1 1 0 0 1 1 1 0 0 0 0 0 0 0 0 0
320	1	1 1 1 1 1 1 1 1 1 0 0 0 0 0 0 0
320	2	1 1 0 1 1 1 1 0 1 0 0 0 0 0 0 0
320	6	1 1 0 1 1 1 0 1 1 0 0 0 0 0 0 1
320	1	1 1 0 1 0 1 0 0 1 0 0 0 0 0 0 0
320	1	1 1 1 0 1 1 0 0 1 0 0 0 0 0 1 0
320	1	1 0 1 1 1 1 0 0 0 1 0 0 0 0 0 0
320	3	1 0 0 0 1 0 1 0 0 0 0 0 0 0 0 0
320	1	1 1 0 1 0 0 0 0 0 0 0 1 0 0 0 0
320	1	1 1 0 1 1 0 1 0 1 0 0 1 1 0 0 0
320	1	1 1 0 1 1 0 0 0 1 1 0 0 0 0 0 0
320	1	1 1 0 1 1 1 0 0 1 1 0 0 0 0 0 0
320	1	1 1 0 1 1 1 0 0 0 1 0 0 0 0 1 0
320	1	0 1 1 0 1 1 1 0 0 0 0 0 0 1 0 0
320	1	1 1 1 0 0 1 1 0 0 0 1 0 1 0 0 0
320	1	1 1 0 1 1 1 1 0 0 0 0 1 0 0 0 0
320	1	1 1 1 0 1 0 0 0 0 1 0 0 0 0 0 0
320	1	1 1 0 1 1 0 0 1 0 0 0 1 0 0 0 0
320	3	1 1 1 1 0 0 0 0 0 0 0 0 0 0 0 0
320	2	1 1 0 1 0 1 1 0 0 0 1 0 0 0 1 0
330	12	1 1 0 1 1 1 1 0 0 0 0 0 0 0 0 0
330	16	1 1 0 1 1 0 1 0 0 0 0 0 0 0 0 0
330	2	1 1 1 0 1 1 0 0 0 0 0 0 0 0 0 0
330	109	1 1 0 1 0 1 1 0 0 0 0 0 0 0 0 0
330	22	1 1 1 1 1 1 1 0 0 0 0 0 0 0 0 0
330	26	1 1 1 1 1 1 0 0 0 0 0 0 0 0 0 0
330	2	1 1 0 1 1 0 0 0 0 0 0 0 0 0 0 0
330	7	1 1 1 0 1 1 0 0 0 0 0 1 0 0 1 0
330	42	1 1 1 1 1 1 0 0 1 0 0 0 0 0 0 0
330	60	1 1 0 1 1 1 0 0 0 0 0 0 0 0 0 0
330	50	1 1 1 0 1 1 1 0 0 0 0 0 0 0 0 0
330	42	1 1 1 1 0 1 1 0 0 0 0 0 0 0 0 0
330	21	0 1 0 1 0 1 1 0 0 0 1 0 0 0 0 0
330	15	1 1 0 1 1 1 1 1 1 0 0 0 0 0 1 0
330	37	1 1 0 1 1 1 0 1 1 0 0 0 0 0 0 0
330	7	1 1 1 1 0 1 1 0 0 1 1 0 0 0 0 0
330	13	1 1 0 1 0 1 1 0 0 0 0 0 0 0 1 0
330	8	1 1 0 1 0 1 1 0 1 0 0 0 0 0 0 0
330	2	1 1 0 1 1 0 1 0 0 0 1 0 0 0 0 0
330	29	1 1 0 1 1 0 1 1 0 0 0 0 0 0 0 0
330	6	1 1 1 1 1 0 1 0 1 0 0 0 1 0 0 0
330	17	1 1 1 0 1 1 0 0 1 0 0 0 0 0 0 0
330	5	1 1 0 1 1 1 1 0 0 0 0 0 0 1 0 0
330	2	1 0 1 1 1 1 0 0 1 1 0 0 0 0 0 0
330	1	1 0 0 1 1 0 0 0 0 0 0 0 0 0 0 0
330	4	1 1 1 1 0 1 1 0 0 0 1 0 0 0 0 0
330	30	1 1 1 0 0 1 1 1 0 1 0 1 0 0 0 0
330	20	0 1 0 1 1 1 0 0 1 0 0 0 0 0 0 0
330	5	1 1 1 0 1 0 0 0 0 0 0 0 0 0 0 0
330	6	1 1 0 1 1 1 1 1 1 1 1 0 0 0 1 0
330	21	1 1 0 0 1 0 1 0 0 0 0 0 0 0 0 0
330	12	1 1 1 1 1 1 1 0 0 0 0 0 0 1 0 0
330	40	1 1 0 1 1 0 0 1 0 0 0 0 0 0 0 0
330	39	1 1 1 1 0 1 0 0 0 0 1 0 0 1 0 0
330	24	1 1 1 1 1 0 1 0 0 0 0 0 0 1 0 0
330	1	1 1 1 1 1 1 0 0 0 0 0 0 0 0 1 0
330	8	1 1 0 1 1 0 1 0 0 0 0 0 0 1 0 0
330	1	1 1 1 1 0 1 0 0 1 0 0 0 0 0 0 0
330	2	1 1 0 1 1 0 1 1 0 0 0 1 0 0 0 0
330	7	1 1 0 1 1 1 0 0 1 0 0 0 0 0 0 0
330	11	1 1 1 0 1 1 1 0 0 0 0 0 0 1 0 0
330	1	1 1 0 0 1 1 1 1 1 0 0 0 0 0 1 0
330	4	1 1 0 1 0 1 1 1 0 0 0 0 0 0 0 0
330	12	0 1 0 1 1 1 1 0 0 0 0 0 0 1 0 0
330	13	1 1 0 1 1 1 1 1 0 0 0 0 0 0 0 0
330	4	1 1 0 1 1 0 1 1 1 0 0 0 0 0 1 0
330	3	1 1 1 0 0 1 1 0 0 1 0 1 0 0 0 0
330	9	1 1 0 1 1 1 1 1 1 1 0 0 0 0 1 0
330	2	0 1 0 1 0 1 1 0 0 0 1 0 0 0 0 1
330	13	1 1 1 1 0 1 0 0 0 0 0 0 0 0 0 0
330	3	1 1 0 1 1 1 1 0 0 0 0 1 1 0 0 1
330	8	0 1 0 1 1 0 1 0 0 0 0 0 0 0 0 0
330	8	1 1 1 0 1 0 1 0 0 0 0 0 0 0 0 0
330	11	1 1 0 1 0 1 1 0 0 0 1 0 0 0 0 0
330	2	1 1 0 0 1 1 0 1 1 0 0 0 0 0 0 0
330	4	1 1 1 1 1 1 1 1 1 0 0 0 0 0 0 0
330	1	1 1 0 1 1 1 1 0 1 0 0 0 0 0 0 0
330	12	1 1 0 1 1 1 0 1 1 0 0 0 0 0 0 1
330	5	1 1 0 1 1 0 0 0 1 1 0 0 0 0 0 0
330	2	1 1 0 1 0 1 1 0 0 0 1 0 0 0 1 0
330	2	1 1 0 1 0 0 1 0 0 0 0 0 0 0 0 0
330	2	0 1 0 0 1 1 1 0 0 0 0 0 0 1 0 0
330	1	1 1 1 0 1 1 1 0 0 1 0 0 0 0 0 0
330	4	1 1 0 0 1 0 1 0 0 0 0 0 1 0 0 0
330	1	1 1 0 1 1 1 0 0 1 1 0 0 0 0 0 0
330	6	1 1 1 0 1 1 0 0 0 1 1 0 0 0 0 0
330	3	1 1 0 1 0 1 1 0 0 0 0 0 1 0 0 0
330	2	1 1 1 1 0 1 0 0 0 0 0 0 0 1 0 0
330	4	1 1 0 1 1 0 1 0 0 0 1 0 0 1 0 0
330	2	1 1 0 1 1 1 0 1 1 1 0 0 0 0 0 0
330	7	0 1 1 0 1 1 1 0 0 0 0 0 0 0 1 0
330	1	1 1 1 1 1 1 0 0 1 1 0 0 0 0 0 0
330	2	1 1 0 1 0 1 0 0 0 0 1 0 0 1 0 0
330	5	1 1 1 1 1 1 1 0 0 1 0 0 0 0 0 0
330	4	1 1 1 1 1 1 0 0 1 0 0 0 0 1 0 0
330	3	1 0 1 1 1 0 1 0 0 0 0 0 0 1 0 0
330	2	1 1 0 1 1 1 0 0 0 0 0 1 0 0 0 0
330	1	1 1 0 0 0 1 1 1 0 1 0 1 0 0 0 0
330	3	1 1 1 1 1 1 1 0 0 0 0 1 0 0 0 0
330	2	1 1 0 1 0 1 1 0 0 0 0 0 0 1 0 0
330	1	1 1 1 1 0 0 1 1 0 0 0 0 0 0 1 0
330	2	1 1 0 1 0 1 0 0 0 0 0 0 0 0 0 0
330	1	1 1 0 1 1 1 0 0 0 0 0 0 1 0 0 0
330	3	1 1 1 0 0 1 1 1 0 0 0 1 0 0 0 0
330	4	1 1 1 1 1 0 1 0 0 0 1 0 0 1 0 0
330	1	1 0 1 0 1 0 1 0 0 0 0 0 0 0 0 0
330	2	1 1 0 1 0 1 1 0 0 1 0 1 0 0 0 0
330	2	1 1 1 1 0 1 1 0 0 0 0 0 0 1 0 0
330	3	1 1 0 1 0 1 1 0 0 0 0 1 0 0 0 0
330	5	1 1 1 1 1 1 1 0 1 0 0 0 0 0 0 0
330	1	1 1 0 1 1 0 0 0 0 0 0 0 0 0 1 0
330	2	1 1 1 1 1 1 0 0 1 0 0 0 1 0 0 0
330	2	1 1 0 1 1 0 0 0 0 0 0 0 0 1 0 0
330	3	0 1 1 1 0 1 0 0 0 0 0 0 0 1 0 0
330	1	1 1 0 0 1 1 1 0 0 0 0 0 0 0 1 0
330	1	1 1 0 1 1 1 0 1 0 0 0 0 0 0 0 0
330	1	0 1 0 1 0 1 1 0 0 0 0 0 0 0 0 0
330	1	1 1 1 1 1 0 0 0 1 0 0 0 0 0 0 0
330	2	0 1 0 1 0 1 1 0 0 0 1 0 0 0 1 0
330	1	0 1 0 1 1 0 1 1 0 0 0 0 0 0 0 0
330	1	1 1 0 1 1 0 0 1 0 0 0 0 0 0 1 0
330	1	1 1 0 1 1 1 1 1 0 1 0 0 0 0 0 0
330	1	1 1 0 1 1 1 1 1 1 1 0 0 0 0 1 1
340	28	1 1 0 1 1 1 1 0 0 0 0 0 0 0 0 0
340	8	1 1 0 1 1 0 1 0 0 0 0 0 0 0 0 0
340	73	1 1 0 1 0 1 1 0 0 0 0 0 0 0 0 0
340	21	1 1 1 1 1 1 1 0 0 0 0 0 0 0 0 0
340	24	1 1 1 1 1 1 0 0 0 0 0 0 0 0 0 0
340	1	1 1 0 1 1 0 0 0 0 0 0 0 0 0 0 0
340	12	1 1 1 0 1 1 0 0 0 0 0 1 0 0 1 0
340	60	1 1 1 1 1 1 0 0 1 0 0 0 0 0 0 0
340	52	1 1 0 1 1 1 0 0 0 0 0 0 0 0 0 0
340	19	1 1 1 0 1 1 1 0 0 0 0 0 0 0 0 0
340	53	1 1 1 1 0 1 1 0 0 0 0 0 0 0 0 0
340	23	0 1 0 1 0 1 1 0 0 0 1 0 0 0 0 0
340	22	1 1 0 1 1 1 1 1 1 0 0 0 0 0 1 0
340	19	1 1 0 1 1 1 0 1 1 0 0 0 0 0 0 0
340	20	1 1 0 1 0 1 1 0 1 0 0 0 0 0 0 0
340	10	1 1 0 1 1 0 1 1 0 0 0 0 0 0 0 0
340	17	1 1 1 0 1 1 0 0 1 0 0 0 0 0 0 0
340	12	1 1 0 1 1 1 1 0 0 0 0 0 0 1 0 0
340	12	1 0 1 1 1 1 0 0 1 1 0 0 0 0 0 0
340	23	1 1 1 0 0 1 1 1 0 1 0 1 0 0 0 0
340	16	0 1 0 1 1 1 0 0 1 0 0 0 0 0 0 0
340	1	1 1 0 1 1 1 1 1 1 1 1 0 0 0 1 0
340	8	1 1 0 0 1 0 1 0 0 0 0 0 0 0 0 0
340	20	1 1 1 1 1 1 1 0 0 0 0 0 0 1 0 0
340	20	1 1 0 1 1 0 0 1 0 0 0 0 0 0 0 0
340	32	1 1 1 1 0 1 0 0 0 0 1 0 0 1 0 0
340	29	1 1 1 1 1 0 1 0 0 0 0 0 0 1 0 0
340	10	1 1 1 1 1 1 0 0 0 0 0 0 0 0 1 0
340	13	1 1 0 1 1 1 0 0 1 0 0 0 0 0 0 0
340	7	1 1 1 0 1 1 1 0 0 0 0 0 0 1 0 0
340	2	1 1 0 0 1 1 1 1 1 0 0 0 0 0 1 0
340	34	0 1 0 1 1 1 1 0 0 0 0 0 0 1 0 0
340	14	1 1 0 1 1 1 1 1 0 0 0 0 0 0 0 0
340	12	1 1 0 1 1 1 1 1 1 1 0 0 0 0 1 0
340	1	1 1 1 1 0 1 0 0 0 0 0 0 0 0 0 0
340	3	0 1 0 1 1 0 1 0 0 0 0 0 0 0 0 0
340	16	1 1 1 0 1 0 1 0 0 0 0 0 0 0 0 0
340	18	1 1 0 1 0 1 1 0 0 0 1 0 0 0 0 0
340	3	1 1 1 1 1 1 1 1 1 0 0 0 0 0 0 0
340	7	1 1 0 1 1 1 1 0 1 0 0 0 0 0 0 0
340	19	1 1 0 1 1 1 0 1 1 0 0 0 0 0 0 1
340	1	1 1 0 1 1 0 0 0 1 1 0 0 0 0 0 0
340	3	1 1 0 1 0 1 1 0 0 0 1 0 0 0 1 0
340	3	1 1 1 0 1 1 0 0 0 1 1 0 0 0 0 0
340	4	1 1 0 1 0 1 1 0 0 0 0 0 1 0 0 0
340	2	1 1 1 1 0 1 0 0 0 0 0 0 0 1 0 0
340	1	1 1 0 1 1 0 1 0 0 0 1 0 0 1 0 0
340	15	1 1 0 1 0 1 1 0 0 0 0 0 0 1 0 0
340	1	1 1 1 1 0 0 1 1 0 0 0 0 0 0 1 0
340	3	1 0 1 0 1 0 1 0 0 0 0 0 0 0 0 0
340	4	0 1 1 1 0 1 0 0 0 0 0 0 0 1 0 0
340	11	1 1 0 1 1 1 0 1 0 0 0 0 0 0 0 0
340	1	1 1 0 1 1 0 1 1 0 1 0 0 0 0 0 0
340	2	0 1 1 1 0 1 0 0 0 0 0 0 0 0 0 0
340	24	1 1 1 1 0 1 1 0 0 1 0 0 0 0 0 0
340	1	1 1 1 0 1 1 1 1 0 0 0 0 0 0 0 0
340	16	1 1 0 1 1 0 0 1 0 0 0 0 1 0 0 0
340	9	1 1 0 1 1 0 1 1 0 0 0 1 0 1 0 0
340	14	1 1 0 1 1 1 1 0 0 0 0 0 1 0 0 0
340	6	1 1 1 1 1 1 1 0 0 0 0 0 0 0 1 0
340	3	1 0 1 1 0 1 1 0 0 0 0 0 0 0 0 0
340	1	1 1 1 0 0 1 1 1 0 1 1 1 0 0 0 0
340	1	1 1 0 1 1 1 0 0 0 0 1 0 0 1 0 0
340	6	1 1 0 1 1 1 0 0 0 1 1 0 0 0 0 0
340	2	1 1 0 1 0 1 0 0 0 0 0 0 0 0 0 0
340	2	1 1 0 0 1 0 0 1 0 0 0 0 1 0 0 0
340	5	1 1 0 1 1 1 0 0 1 0 0 1 0 0 0 0
340	2	1 1 0 1 1 1 0 0 0 0 0 1 0 0 0 0
340	2	1 1 0 1 1 1 1 1 0 0 0 0 0 0 1 0
340	3	1 1 0 1 1 1 0 0 1 0 0 1 0 1 0 0
340	5	1 0 0 1 0 1 1 0 0 0 0 0 0 0 0 0
340	1	1 1 0 1 1 1 1 0 0 0 0 1 0 1 0 0
340	2	1 1 1 0 1 0 1 0 0 1 0 0 0 0 0 0
340	2	0 1 1 1 0 1 0 0 0 0 0 1 0 1 0 0
340	5	0 1 1 1 0 1 0 0 0 0 1 0 0 1 0 0
340	1	1 1 1 0 1 0 1 1 0 0 0 0 0 0 0 0
340	5	1 1 1 1 1 1 0 0 0 1 1 0 0 0 1 0
340	2	1 1 0 0 1 1 1 1 1 0 0 0 0 0 0 0
340	1	1 1 1 1 1 1 1 0 1 0 0 0 0 0 0 0
340	5	1 1 0 1 1 1 0 0 0 0 1 0 0 0 0 0
340	2	1 1 0 1 1 0 1 0 0 0 0 0 0 1 0 0
340	5	1 1 1 1 1 1 0 1 0 0 0 0 0 0 0 0
340	3	1 1 0 1 0 1 1 0 0 0 0 0 0 0 0 1
340	1	1 1 0 1 1 1 0 1 1 0 0 0 0 1 0 0
340	2	1 0 1 1 1 1 0 0 1 1 1 0 0 0 0 0
340	2	1 1 1 0 0 1 1 1 0 1 0 0 0 0 0 0
340	3	0 1 0 1 1 1 1 0 0 0 0 0 0 1 0 1
340	1	1 1 1 0 1 0 1 1 0 1 0 0 0 0 0 0
340	1	1 1 1 0 1 1 0 0 0 0 0 1 0 1 0 0
340	1	0 1 0 1 1 1 1 0 0 0 0 0 0 0 0 0
340	1	1 1 0 1 1 0 0 1 0 1 0 0 0 0 1 0
340	3	1 1 1 1 1 1 1 0 0 0 1 0 0 0 0 0
340	1	1 0 0 1 0 1 1 0 0 0 0 0 0 1 0 0
340	1	1 1 0 1 1 1 1 0 1 0 0 0 1 0 0 0
340	1	1 1 1 1 1 1 1 0 0 0 1 0 0 0 1 0
340	1	1 1 1 0 0 1 1 1 0 0 1 1 0 0 0 0
350	45	1 1 0 1 1 1 1 0 0 0 0 0 0 0 0 0
350	41	1 1 0 1 1 0 1 0 0 0 0 0 0 0 0 0
350	68	1 1 0 1 0 1 1 0 0 0 0 0 0 0 0 0
350	9	1 1 1 1 1 1 1 0 0 0 0 0 0 0 0 0
350	8	1 1 1 1 1 1 0 0 0 0 0 0 0 0 0 0
350	37	1 1 1 1 1 1 0 0 1 0 0 0 0 0 0 0
350	74	1 1 0 1 1 1 0 0 0 0 0 0 0 0 0 0
350	38	1 1 1 0 1 1 1 0 0 0 0 0 0 0 0 0
350	84	1 1 1 1 0 1 1 0 0 0 0 0 0 0 0 0
350	11	0 1 0 1 0 1 1 0 0 0 1 0 0 0 0 0
350	24	1 1 0 1 1 1 1 1 1 0 0 0 0 0 1 0
350	1	1 1 0 1 0 1 1 0 1 0 0 0 0 0 0 0
350	6	1 1 0 1 1 0 1 1 0 0 0 0 0 0 0 0
350	2	1 1 1 0 1 1 0 0 1 0 0 0 0 0 0 0
350	7	1 1 0 1 1 1 1 0 0 0 0 0 0 1 0 0
350	4	1 1 1 0 0 1 1 1 0 1 0 1 0 0 0 0
350	12	0 1 0 1 1 1 0 0 1 0 0 0 0 0 0 0
350	5	1 1 0 0 1 0 1 0 0 0 0 0 0 0 0 0
350	10	1 1 1 1 1 1 1 0 0 0 0 0 0 1 0 0
350	9	1 1 0 1 1 0 0 1 0 0 0 0 0 0 0 0
350	36	1 1 1 1 0 1 0 0 0 0 1 0 0 1 0 0
350	32	1 1 1 1 1 0 1 0 0 0 0 0 0 1 0 0
350	58	1 1 1 1 1 1 0 0 0 0 0 0 0 0 1 0
350	28	1 1 0 1 1 1 0 0 1 0 0 0 0 0 0 0
350	1	1 1 1 0 1 1 1 0 0 0 0 0 0 1 0 0
350	3	0 1 0 1 1 1 1 0 0 0 0 0 0 1 0 0
350	3	1 1 0 1 1 1 1 1 0 0 0 0 0 0 0 0
350	4	0 1 0 1 1 0 1 0 0 0 0 0 0 0 0 0
350	29	1 1 1 0 1 0 1 0 0 0 0 0 0 0 0 0
350	24	1 1 0 1 0 1 1 0 0 0 1 0 0 0 0 0
350	14	1 1 0 1 1 1 1 0 1 0 0 0 0 0 0 0
350	2	1 1 0 1 1 1 0 1 1 0 0 0 0 0 0 1
350	15	1 1 0 1 1 0 0 0 1 1 0 0 0 0 0 0
350	8	1 1 0 1 0 1 1 0 0 0 1 0 0 0 1 0
350	5	1 1 0 1 1 0 1 0 0 0 1 0 0 1 0 0
350	6	1 1 0 1 0 1 1 0 0 0 0 0 0 1 0 0
350	6	1 0 1 0 1 0 1 0 0 0 0 0 0 0 0 0
350	23	1 1 0 1 1 1 0 1 0 0 0 0 0 0 0 0
350	1	1 1 1 1 0 1 1 0 0 1 0 0 0 0 0 0
350	2	1 1 1 0 1 1 1 1 0 0 0 0 0 0 0 0
350	4	1 1 0 1 1 0 0 1 0 0 0 0 1 0 0 0
350	11	1 1 0 1 1 0 1 1 0 0 0 1 0 1 0 0
350	14	1 1 0 1 1 1 1 0 0 0 0 0 1 0 0 0
350	2	1 1 0 1 1 1 0 0 0 1 1 0 0 0 0 0
350	4	1 1 0 1 0 1 0 0 0 0 0 0 0 0 0 0
350	9	1 1 0 1 1 1 1 1 0 0 0 0 0 0 1 0
350	14	1 1 0 1 1 1 0 0 1 0 0 1 0 1 0 0
350	8	1 1 0 0 1 1 1 1 1 0 0 0 0 0 0 0
350	4	1 1 0 1 1 1 0 0 0 0 1 0 0 0 0 0
350	1	1 1 1 1 1 1 0 1 0 0 0 0 0 0 0 0
350	7	1 1 1 1 1 1 1 0 0 0 1 0 0 0 0 0
350	10	1 1 1 0 0 1 1 1 0 1 0 1 0 1 0 0
350	4	0 0 0 1 1 1 1 0 0 0 0 0 0 1 0 0
350	1	1 1 0 1 1 0 0 1 0 1 0 0 1 0 0 0
350	7	1 1 1 1 1 1 0 0 1 1 0 0 0 0 0 0
350	16	1 1 0 1 0 1 1 1 1 0 0 0 0 0 1 0
350	3	1 1 0 1 1 1 1 0 0 0 0 0 0 0 1 0
350	8	1 1 0 1 0 1 1 0 0 0 0 0 0 0 1 0
350	2	1 1 0 1 1 1 0 0 0 1 0 0 0 0 0 0
350	1	1 1 1 1 0 1 1 0 0 1 0 0 0 0 0 1
350	2	1 1 0 1 1 1 0 0 0 0 0 1 0 1 0 0
350	2	0 1 1 1 1 1 0 0 1 0 0 0 0 0 0 0
350	2	1 1 0 1 1 1 0 1 0 0 1 0 0 0 0 0
350	4	1 1 1 1 0 0 1 0 0 0 0 0 0 0 0 0
350	1	0 1 0 1 0 1 1 0 0 0 0 0 0 1 0 0
350	4	1 1 0 1 0 1 1 1 0 0 0 0 0 0 0 0
350	5	0 1 0 1 0 1 1 0 0 0 0 0 0 0 0 0
350	2	1 1 1 1 1 1 0 0 0 0 0 0 0 0 0 1
350	1	1 1 0 1 1 1 0 0 0 0 0 0 1 0 0 0
350	6	1 1 1 1 1 1 1 0 0 1 0 0 0 1 0 0
350	2	1 1 1 1 1 1 0 0 0 0 1 0 0 1 0 0
350	1	0 1 0 1 1 1 0 0 1 0 1 0 0 1 0 0
350	4	0 0 0 1 1 1 0 1 0 0 1 0 0 0 0 0
350	3	1 1 0 0 1 1 0 0 0 0 0 0 0 0 0 0
350	4	1 1 0 1 0 1 0 0 0 0 0 0 0 1 0 0
350	4	1 1 0 1 0 1 1 1 1 0 0 1 0 0 1 0
350	4	1 1 1 1 0 1 1 0 0 0 0 0 0 1 0 0
350	2	1 1 1 0 1 0 1 0 0 0 0 0 0 0 1 0
350	1	1 1 1 1 1 1 1 0 0 0 1 0 0 0 1 0
350	3	0 1 0 1 1 1 0 0 0 0 0 0 0 0 0 0
350	3	0 1 0 1 0 1 0 0 1 0 0 0 0 0 0 0
350	1	0 1 1 1 1 1 0 0 0 0 0 0 0 0 1 0
350	1	0 0 0 1 1 1 1 0 0 0 0 0 1 1 0 0
350	1	1 1 1 1 1 1 0 0 0 1 1 0 0 0 0 0
350	2	1 1 1 0 0 1 1 1 0 1 0 0 0 0 0 0
350	1	1 1 1 1 1 1 0 0 0 0 0 0 1 0 0 0
350	3	0 1 0 1 1 1 1 0 0 0 0 0 0 0 0 0
350	1	0 1 0 1 1 1 0 0 1 0 0 1 0 0 0 0
350	1	1 1 1 1 1 1 1 0 0 0 0 0 0 0 1 0
350	4	1 1 0 0 0 1 0 0 0 0 0 0 0 1 0 0
360	44	1 1 0 1 1 1 1 0 0 0 0 0 0 0 0 0
360	16	1 1 0 1 1 0 1 0 0 0 0 0 0 0 0 0
360	43	1 1 0 1 0 1 1 0 0 0 0 0 0 0 0 0
360	10	1 1 1 1 1 1 1 0 0 0 0 0 0 0 0 0
360	38	1 1 1 1 1 1 0 0 0 0 0 0 0 0 0 0
360	29	1 1 1 1 1 1 0 0 1 0 0 0 0 0 0 0
360	125	1 1 0 1 1 1 0 0 0 0 0 0 0 0 0 0
360	22	1 1 1 0 1 1 1 0 0 0 0 0 0 0 0 0
360	73	1 1 1 1 0 1 1 0 0 0 0 0 0 0 0 0
360	24	0 1 0 1 0 1 1 0 0 0 1 0 0 0 0 0
360	37	1 1 0 1 1 1 1 1 1 0 0 0 0 0 1 0
360	2	1 1 1 0 1 1 0 0 1 0 0 0 0 0 0 0
360	3	0 1 0 1 1 1 0 0 1 0 0 0 0 0 0 0
360	7	1 1 1 1 1 1 1 0 0 0 0 0 0 1 0 0
360	5	1 1 0 1 1 0 0 1 0 0 0 0 0 0 0 0
360	31	1 1 1 1 0 1 0 0 0 0 1 0 0 1 0 0
360	23	1 1 1 1 1 0 1 0 0 0 0 0 0 1 0 0
360	16	1 1 1 1 1 1 0 0 0 0 0 0 0 0 1 0
360	18	1 1 0 1 1 1 0 0 1 0 0 0 0 0 0 0
360	5	0 1 0 1 1 0 1 0 0 0 0 0 0 0 0 0
360	38	1 1 1 0 1 0 1 0 0 0 0 0 0 0 0 0
360	4	1 1 0 1 0 1 1 0 0 0 1 0 0 0 0 0
360	15	1 1 0 1 1 1 1 0 1 0 0 0 0 0 0 0
360	1	1 1 0 1 1 0 0 0 1 1 0 0 0 0 0 0
360	2	1 1 0 1 0 1 1 0 0 0 1 0 0 0 1 0
360	8	1 1 0 1 1 0 1 0 0 0 1 0 0 1 0 0
360	1	1 0 1 0 1 0 1 0 0 0 0 0 0 0 0 0
360	8	1 1 0 1 1 1 0 1 0 0 0 0 0 0 0 0
360	7	1 1 0 1 1 0 1 1 0 0 0 1 0 1 0 0
360	5	1 1 0 1 1 1 1 0 0 0 0 0 1 0 0 0
360	15	1 1 0 1 0 1 0 0 0 0 0 0 0 0 0 0
360	10	1 1 0 1 1 1 1 1 0 0 0 0 0 0 1 0
360	8	1 1 0 1 1 1 0 0 1 0 0 1 0 1 0 0
360	8	1 1 1 1 1 1 0 1 0 0 0 0 0 0 0 0
360	20	1 1 1 0 0 1 1 1 0 1 0 1 0 1 0 0
360	15	1 1 1 1 1 1 0 0 1 1 0 0 0 0 0 0
360	4	1 1 0 1 0 1 1 1 1 0 0 0 0 0 1 0
360	4	1 1 0 1 1 1 1 0 0 0 0 0 0 0 1 0
360	1	1 1 0 1 0 1 1 0 0 0 0 0 0 0 1 0
360	3	1 1 0 1 1 1 0 0 0 1 0 0 0 0 0 0
360	10	1 1 0 1 1 1 0 1 0 0 1 0 0 0 0 0
360	21	1 1 1 1 1 1 1 0 0 1 0 0 0 1 0 0
360	25	1 1 0 1 0 1 0 0 0 0 0 0 0 1 0 0
360	12	1 1 1 1 0 1 1 0 0 0 0 0 0 1 0 0
360	5	0 1 0 1 0 1 0 0 1 0 0 0 0 0 0 0
360	3	0 1 1 1 1 1 0 0 0 0 0 0 0 0 1 0
360	3	1 1 0 1 1 0 1 0 0 0 0 0 0 1 0 0
360	8	0 1 0 1 0 1 0 0 0 0 1 0 0 0 0 0
360	3	1 1 0 1 1 1 0 1 1 0 0 0 0 0 0 0
360	1	1 1 0 1 0 1 1 0 0 0 0 0 0 1 1 0
360	2	1 1 1 1 1 0 1 0 0 0 1 0 0 1 0 0
360	6	1 1 0 1 1 1 1 0 0 0 1 0 1 0 0 0
360	3	1 1 0 1 1 1 0 0 1 0 0 1 0 1 1 0
360	6	1 1 0 1 0 1 1 0 0 1 0 0 0 0 0 0
360	1	1 1 0 1 0 1 1 1 1 1 0 1 0 0 1 0
360	9	1 1 1 1 1 0 1 0 0 0 0 0 0 0 0 0
360	10	1 1 0 1 1 0 0 0 1 0 0 0 0 0 0 0
360	13	1 1 0 1 0 0 1 0 0 0 0 0 0 1 0 0
360	1	1 0 0 1 1 1 0 0 0 0 0 0 0 0 0 0
360	2	1 1 0 1 1 1 0 1 0 0 0 0 0 1 0 0
360	1	1 1 0 1 1 1 0 1 0 1 0 0 0 0 0 0
360	2	1 1 0 0 1 1 1 1 1 0 0 0 0 0 1 0
360	4	1 1 0 1 1 0 0 0 0 0 0 0 0 0 0 0
360	2	1 0 1 0 1 1 1 0 0 0 0 0 0 0 0 0
360	3	1 1 1 0 1 1 1 0 0 0 1 0 0 0 0 0
360	2	1 1 1 1 0 1 1 0 0 0 0 0 1 0 0 0
360	2	0 1 1 1 0 1 0 0 0 0 1 0 0 1 0 0
360	7	1 1 1 0 1 0 1 0 1 0 0 0 0 0 0 0
360	1	1 1 1 1 1 1 0 0 0 0 0 0 0 1 0 0
360	3	1 1 1 1 1 0 1 0 0 0 0 0 0 1 0 1
360	6	1 1 0 1 0 1 0 0 1 0 0 1 0 1 0 0
360	8	1 1 1 1 0 1 1 1 0 0 0 0 0 0 0 0
360	3	0 1 0 1 0 1 0 0 1 0 0 0 1 0 0 0
360	1	1 1 0 1 1 0 1 0 0 0 1 0 0 0 0 0
360	2	0 1 0 1 0 1 0 0 0 0 1 0 0 1 0 0
360	9	0 1 0 1 0 1 0 0 1 0 0 0 0 1 0 0
360	1	0 1 1 1 1 0 1 0 0 0 0 0 0 1 0 0
360	1	1 1 0 1 1 1 0 0 0 0 0 0 0 1 0 0
360	3	1 1 1 0 0 0 1 0 0 0 0 0 0 0 0 0
360	4	1 1 1 0 0 1 1 1 0 1 0 0 0 1 0 0
360	2	1 1 0 1 0 1 1 1 0 0 0 1 0 0 0 0
360	9	1 1 1 1 1 0 1 0 0 1 0 0 0 1 0 0
360	4	1 1 0 1 1 1 1 1 1 0 0 0 0 0 0 0
360	1	1 1 0 1 1 1 1 0 1 0 0 1 0 1 0 0
360	2	1 1 0 1 1 1 0 0 0 0 0 1 0 0 0 0
360	3	1 1 0 1 0 1 1 0 0 1 0 0 0 0 1 0
360	1	1 1 1 1 0 1 1 0 0 0 1 0 0 1 0 0
360	1	1 1 0 1 1 1 1 0 0 0 1 0 0 0 0 0
360	1	1 1 0 1 1 0 0 0 0 0 0 0 0 0 1 0
360	3	1 1 0 0 0 1 1 0 0 0 0 0 0 0 0 0
360	1	1 1 1 1 0 1 1 0 1 0 0 0 0 0 0 0
360	3	0 1 0 1 1 1 0 0 1 0 0 1 0 0 0 0
360	2	1 1 1 0 0 1 0 0 0 0 1 0 0 1 0 0
360	2	1 1 1 1 1 0 1 1 0 0 0 0 0 1 0 0
360	2	1 1 1 1 1 1 0 1 0 0 1 0 0 0 0 0
360	1	1 1 1 1 1 1 0 1 0 0 0 0 0 0 1 0
360	2	1 1 1 0 0 1 1 0 0 0 0 0 0 1 0 0
360	3	0 1 0 1 0 1 0 0 0 0 0 0 0 0 0 0
370	29	1 1 0 1 1 1 1 0 0 0 0 0 0 0 0 0
370	10	1 1 0 1 1 0 1 0 0 0 0 0 0 0 0 0
370	30	1 1 0 1 0 1 1 0 0 0 0 0 0 0 0 0
370	11	1 1 1 1 1 1 1 0 0 0 0 0 0 0 0 0
370	69	1 1 1 1 1 1 0 0 0 0 0 0 0 0 0 0
370	24	1 1 1 1 1 1 0 0 1 0 0 0 0 0 0 0
370	120	1 1 0 1 1 1 0 0 0 0 0 0 0 0 0 0
370	4	1 1 1 0 1 1 1 0 0 0 0 0 0 0 0 0
370	84	1 1 1 1 0 1 1 0 0 0 0 0 0 0 0 0
370	1	0 1 0 1 0 1 1 0 0 0 1 0 0 0 0 0
370	13	1 1 0 1 1 1 1 1 1 0 0 0 0 0 1 0
370	5	0 1 0 1 1 1 0 0 1 0 0 0 0 0 0 0
370	52	1 1 1 1 0 1 0 0 0 0 1 0 0 1 0 0
370	20	1 1 1 1 1 0 1 0 0 0 0 0 0 1 0 0
370	13	1 1 1 1 1 1 0 0 0 0 0 0 0 0 1 0
370	11	1 1 0 1 1 1 0 0 1 0 0 0 0 0 0 0
370	4	0 1 0 1 1 0 1 0 0 0 0 0 0 0 0 0
370	67	1 1 1 0 1 0 1 0 0 0 0 0 0 0 0 0
370	1	1 1 0 1 0 1 1 0 0 0 1 0 0 0 0 0
370	1	1 1 0 1 1 0 0 0 1 1 0 0 0 0 0 0
370	6	1 1 0 1 1 1 0 1 0 0 0 0 0 0 0 0
370	13	1 1 0 1 1 0 1 1 0 0 0 1 0 1 0 0
370	19	1 1 0 1 1 1 1 0 0 0 0 0 1 0 0 0
370	14	1 1 0 1 0 1 0 0 0 0 0 0 0 0 0 0
370	6	1 1 0 1 1 1 0 0 1 0 0 1 0 1 0 0
370	31	1 1 1 0 0 1 1 1 0 1 0 1 0 1 0 0
370	1	1 1 1 1 1 1 0 0 1 1 0 0 0 0 0 0
370	9	1 1 0 1 1 1 1 0 0 0 0 0 0 0 1 0
370	16	1 1 0 1 1 1 0 1 0 0 1 0 0 0 0 0
370	8	1 1 1 1 1 1 1 0 0 1 0 0 0 1 0 0
370	18	1 1 0 1 0 1 0 0 0 0 0 0 0 1 0 0
370	4	1 1 1 1 0 1 1 0 0 0 0 0 0 1 0 0
370	7	1 1 0 1 1 0 1 0 0 0 0 0 0 1 0 0
370	6	1 1 0 1 1 1 0 1 1 0 0 0 0 0 0 0
370	4	1 1 0 1 0 1 1 0 0 1 0 0 0 0 0 0
370	1	1 1 1 1 1 0 1 0 0 0 0 0 0 0 0 0
370	1	1 1 0 1 1 0 0 0 1 0 0 0 0 0 0 0
370	15	1 1 0 1 0 0 1 0 0 0 0 0 0 1 0 0
370	20	1 1 0 1 1 0 0 0 0 0 0 0 0 0 0 0
370	9	1 0 1 0 1 1 1 0 0 0 0 0 0 0 0 0
370	13	1 1 1 0 1 0 1 0 1 0 0 0 0 0 0 0
370	10	1 1 1 1 1 0 1 0 0 0 0 0 0 1 0 1
370	15	1 1 1 1 0 1 1 1 0 0 0 0 0 0 0 0
370	2	0 1 0 1 0 1 0 0 1 0 0 0 1 0 0 0
370	2	0 1 0 1 0 1 0 0 1 0 0 0 0 1 0 0
370	4	1 1 1 0 0 0 1 0 0 0 0 0 0 0 0 0
370	1	1 1 1 0 0 1 1 1 0 1 0 0 0 1 0 0
370	5	1 1 1 1 1 0 1 0 0 1 0 0 0 1 0 0
370	7	1 1 0 1 1 1 1 1 1 0 0 0 0 0 0 0
370	5	1 1 0 1 1 0 0 0 0 0 0 0 0 0 1 0
370	2	1 1 1 1 0 1 1 0 1 0 0 0 0 0 0 0
370	15	1 1 1 1 1 1 1 0 0 1 0 0 0 0 0 0
370	6	1 1 0 1 1 1 0 0 0 0 0 0 1 0 0 0
370	9	1 1 1 1 1 0 0 0 1 1 0 0 0 0 0 0
370	3	1 1 0 1 1 1 0 0 0 0 1 0 0 1 0 0
370	7	1 1 0 1 0 1 1 0 0 0 0 0 0 1 0 0
370	8	1 1 1 1 1 1 1 0 1 0 0 0 0 0 0 0
370	6	1 0 0 1 1 1 1 1 1 0 0 0 0 0 1 0
370	1	1 1 1 1 1 1 1 1 1 0 0 0 0 0 0 0
370	2	1 1 0 1 1 1 1 1 0 0 0 0 0 0 0 0
370	8	0 1 0 1 0 1 1 0 0 0 0 0 0 0 0 0
370	8	1 1 1 1 1 1 1 1 0 0 0 0 0 0 0 0
370	3	1 1 1 1 1 1 0 0 0 1 0 0 0 0 0 0
370	1	1 1 0 1 0 0 0 0 0 0 0 0 0 1 0 0
370	5	1 1 1 1 1 1 0 1 1 0 0 0 0 0 1 0
370	4	1 0 0 1 0 1 1 0 0 0 0 0 0 0 0 0
370	5	1 1 0 1 1 1 0 0 0 0 1 0 0 0 0 0
370	1	1 1 1 0 1 0 0 0 0 0 0 0 0 0 0 0
370	1	1 1 1 0 1 0 1 0 1 0 1 0 0 0 0 0
370	1	0 1 1 1 0 1 0 0 0 1 1 0 0 1 0 0
370	11	1 1 1 1 0 0 1 0 0 0 0 0 0 0 0 0
370	2	1 1 1 1 0 1 1 0 1 1 0 0 0 0 0 0
370	5	0 1 0 1 1 1 1 1 1 0 0 0 0 0 1 0
370	1	1 1 0 1 1 1 0 0 1 1 0 0 0 1 0 0
370	1	1 1 0 1 1 1 1 1 1 0 0 0 0 0 1 1
370	2	1 1 0 0 0 1 1 0 0 1 0 0 0 0 1 0
370	4	1 1 1 0 1 0 0 0 1 1 0 0 0 0 0 0
370	1	1 1 0 1 0 0 0 1 0 0 0 0 0 1 0 0
370	5	1 1 0 1 1 1 1 0 0 0 0 0 0 0 1 1
370	1	1 1 1 0 1 0 1 0 0 0 1 0 0 0 0 0
370	1	0 1 0 1 0 1 0 0 1 0 0 0 0 0 0 0
370	2	1 1 1 1 0 1 1 0 0 0 0 1 0 0 0 0
370	1	1 1 1 1 0 1 0 0 0 0 1 0 0 1 0 1
370	1	1 1 0 1 0 1 0 0 0 0 1 0 0 1 0 0
370	3	1 1 0 1 0 1 1 1 0 0 0 0 0 0 0 0
370	1	1 1 0 1 0 1 1 0 0 0 0 0 0 0 1 0
370	2	1 0 0 1 1 1 1 1 1 0 1 0 0 1 0 0
370	6	1 1 0 1 1 0 0 1 0 0 1 0 0 0 0 0
370	1	1 1 1 0 1 0 1 1 0 0 0 0 0 0 0 0
370	1	1 1 1 1 0 1 0 0 0 0 0 1 0 0 0 0
370	2	1 1 0 1 1 1 1 1 1 0 1 0 0 0 0 0
370	2	1 1 1 0 0 1 1 0 0 0 0 0 0 0 0 0
370	1	1 1 1 0 0 1 1 1 0 1 0 0 0 0 0 0
370	1	0 1 0 1 0 1 0 0 0 0 0 0 0 0 0 0
370	2	0 1 1 1 0 1 1 0 0 0 0 0 0 0 0 0
370	2	1 1 1 1 0 1 0 0 0 0 0 0 0 1 0 0
370	1	0 1 0 1 1 1 0 0 0 0 0 0 1 0 0 0
380	38	1 1 0 1 1 1 1 0 0 0 0 0 0 0 0 0
380	9	1 1 0 1 0 1 1 0 0 0 0 0 0 0 0 0
380	15	1 1 1 1 1 1 1 0 0 0 0 0 0 0 0 0
380	77	1 1 1 1 1 1 0 0 0 0 0 0 0 0 0 0
380	24	1 1 1 1 1 1 0 0 1 0 0 0 0 0 0 0
380	92	1 1 0 1 1 1 0 0 0 0 0 0 0 0 0 0
380	97	1 1 1 1 0 1 1 0 0 0 0 0 0 0 0 0
380	2	1 1 0 1 1 1 1 1 1 0 0 0 0 0 1 0
380	54	1 1 1 1 0 1 0 0 0 0 1 0 0 1 0 0
380	23	1 1 1 1 1 0 1 0 0 0 0 0 0 1 0 0
380	11	1 1 0 1 1 1 0 0 1 0 0 0 0 0 0 0
380	20	0 1 0 1 1 0 1 0 0 0 0 0 0 0 0 0
380	31	1 1 1 0 1 0 1 0 0 0 0 0 0 0 0 0
380	2	1 1 0 1 1 0 0 0 1 1 0 0 0 0 0 0
380	14	1 1 0 1 1 0 1 1 0 0 0 1 0 1 0 0
380	4	1 1 0 1 0 1 0 0 0 0 0 0 0 0 0 0
380	8	1 1 1 0 0 1 1 1 0 1 0 1 0 1 0 0
380	5	1 1 0 1 1 1 0 1 0 0 1 0 0 0 0 0
380	6	1 1 1 1 1 1 1 0 0 1 0 0 0 1 0 0
380	5	1 1 0 1 0 1 0 0 0 0 0 0 0 1 0 0
380	19	1 1 1 1 0 1 1 0 0 0 0 0 0 1 0 0
380	2	1 1 0 1 1 0 1 0 0 0 0 0 0 1 0 0
380	6	1 1 0 1 0 1 1 0 0 1 0 0 0 0 0 0
380	5	1 1 1 1 1 0 1 0 0 0 0 0 0 0 0 0
380	19	1 1 0 1 0 0 1 0 0 0 0 0 0 1 0 0
380	13	1 1 0 1 1 0 0 0 0 0 0 0 0 0 0 0
380	6	1 0 1 0 1 1 1 0 0 0 0 0 0 0 0 0
380	7	1 1 1 1 1 0 1 0 0 0 0 0 0 1 0 1
380	12	1 1 1 1 0 1 1 1 0 0 0 0 0 0 0 0
380	4	0 1 0 1 0 1 0 0 1 0 0 0 1 0 0 0
380	1	0 1 0 1 0 1 0 0 1 0 0 0 0 1 0 0
380	4	1 1 1 0 0 0 1 0 0 0 0 0 0 0 0 0
380	5	1 1 0 1 1 0 0 0 0 0 0 0 0 0 1 0
380	50	1 1 1 1 1 1 1 0 0 1 0 0 0 0 0 0
380	15	1 1 0 1 1 1 0 0 0 0 0 0 1 0 0 0
380	3	1 1 1 1 1 0 0 0 1 1 0 0 0 0 0 0
380	1	1 1 0 1 0 1 1 0 0 0 0 0 0 1 0 0
380	8	1 1 1 1 1 1 1 0 1 0 0 0 0 0 0 0
380	4	1 1 1 1 1 1 1 1 1 0 0 0 0 0 0 0
380	5	1 1 0 1 1 1 1 1 0 0 0 0 0 0 0 0
380	11	0 1 0 1 0 1 1 0 0 0 0 0 0 0 0 0
380	25	1 1 1 1 1 1 1 1 0 0 0 0 0 0 0 0
380	2	1 1 1 1 1 1 0 0 0 1 0 0 0 0 0 0
380	10	1 1 0 1 0 0 0 0 0 0 0 0 0 1 0 0
380	4	1 0 0 1 0 1 1 0 0 0 0 0 0 0 0 0
380	10	1 1 0 1 1 1 0 0 0 0 1 0 0 0 0 0
380	21	1 1 1 1 0 0 1 0 0 0 0 0 0 0 0 0
380	5	1 1 0 1 1 1 1 1 1 0 0 0 0 0 1 1
380	3	1 1 0 1 1 1 1 0 0 0 0 0 0 0 1 1
380	3	1 1 1 1 0 1 1 0 0 0 0 1 0 0 0 0
380	3	1 1 0 1 0 1 0 0 0 0 1 0 0 1 0 0
380	7	1 1 0 1 1 0 0 1 0 0 1 0 0 0 0 0
380	24	1 1 1 1 0 1 0 0 0 0 0 1 0 0 0 0
380	7	1 1 0 1 1 1 0 0 0 0 0 0 0 1 0 0
380	6	1 1 0 1 1 0 1 1 0 0 0 1 0 0 0 0
380	6	1 1 0 1 1 0 0 0 0 1 0 0 0 0 1 0
380	9	1 1 0 1 0 1 1 0 0 0 0 0 1 0 0 0
380	6	1 1 0 1 1 0 1 0 0 1 0 0 0 1 0 0
380	6	1 1 1 1 0 1 0 0 0 0 1 0 0 0 0 0
380	2	0 1 0 1 1 1 1 1 1 0 0 0 0 0 0 0
380	3	1 1 0 1 1 1 0 0 0 0 0 0 0 0 1 0
380	4	1 1 1 1 0 1 1 0 1 0 0 0 0 1 0 0
380	3	1 1 1 1 1 1 0 0 0 1 0 0 1 0 0 0
380	1	1 1 0 1 1 1 0 0 1 0 1 0 0 0 0 0
380	13	1 1 0 1 0 0 0 1 0 0 1 0 0 0 0 0
380	2	1 1 0 1 1 1 0 1 0 0 0 0 1 0 0 0
380	12	1 1 1 0 0 1 0 1 0 1 0 1 0 1 0 0
380	4	1 1 0 1 0 0 1 1 0 0 1 0 0 0 0 0
380	4	1 1 0 1 1 1 1 1 0 0 0 0 0 1 0 1
380	3	0 1 1 1 0 1 1 0 0 0 0 0 0 0 0 0
380	3	1 1 0 0 0 1 1 0 0 1 0 0 0 0 0 0
380	2	1 1 1 1 0 1 1 1 0 0 1 0 0 0 0 0
380	1	1 1 1 1 0 1 1 0 0 0 0 0 0 0 1 0
380	8	1 1 1 1 1 1 0 0 1 1 0 0 0 0 0 0
380	2	1 1 0 1 0 0 1 0 0 0 0 0 0 0 0 0
380	5	1 1 0 0 1 1 0 0 0 0 0 0 0 0 0 0
380	2	0 1 0 1 1 0 1 0 0 0 0 0 0 0 0 1
380	3	1 1 1 0 1 0 1 1 0 0 0 0 0 0 0 0
380	2	1 0 1 1 1 1 1 0 0 1 0 0 0 0 0 0
380	1	1 1 0 1 1 1 0 0 0 0 0 1 0 1 0 0
380	1	1 1 1 1 0 0 1 0 0 0 0 0 0 1 0 0
380	2	1 1 1 0 1 1 0 0 0 0 0 0 0 0 0 0
380	1	1 1 1 1 0 1 0 1 0 0 1 0 0 1 0 0
380	1	0 1 1 1 0 1 0 0 0 0 1 0 0 1 0 0
380	1	1 1 1 1 0 1 0 0 0 0 1 0 1 1 0 0
380	1	1 1 1 0 1 0 1 0 0 0 0 1 0 0 0 0
380	2	1 1 1 0 0 0 1 1 0 1 0 1 0 1 0 0
380	2	1 0 1 0 1 1 1 0 0 0 0 0 0 0 1 0
380	1	0 1 0 1 0 0 0 0 0 0 0 0 0 1 0 0
380	1	1 1 1 0 1 0 1 0 0 0 0 0 0 1 0 1
380	1	1 1 1 1 1 0 1 0 0 0 0 0 1 0 0 0
380	2	0 1 0 1 0 1 1 0 0 0 0 0 0 1 0 0
380	1	1 1 0 1 0 1 0 0 0 0 1 0 0 0 0 0
380	1	1 0 0 1 1 1 1 0 0 0 0 0 0 0 0 0
380	3	1 1 1 1 1 1 1 0 0 0 0 0 1 0 0 0
380	1	0 1 0 0 1 0 1 0 0 0 0 0 0 0 0 0
380	2	1 1 1 0 1 0 1 0 0 0 0 0 0 0 0 1
380	1	1 1 1 0 1 1 1 1 0 1 0 1 0 1 0 0
380	1	0 1 0 1 0 1 1 0 0 0 0 0 0 0 0 1
390	51	1 1 0 1 1 1 1 0 0 0 0 0 0 0 0 0
390	14	1 1 0 1 0 1 1 0 0 0 0 0 0 0 0 0
390	43	1 1 1 1 1 1 1 0 0 0 0 0 0 0 0 0
390	58	1 1 1 1 1 1 0 0 0 0 0 0 0 0 0 0
390	29	1 1 1 1 1 1 0 0 1 0 0 0 0 0 0 0
390	51	1 1 0 1 1 1 0 0 0 0 0 0 0 0 0 0
390	38	1 1 1 1 0 1 1 0 0 0 0 0 0 0 0 0
390	1	1 1 0 1 1 1 1 1 1 0 0 0 0 0 1 0
390	19	1 1 1 1 0 1 0 0 0 0 1 0 0 1 0 0
390	11	1 1 1 1 1 0 1 0 0 0 0 0 0 1 0 0
390	4	1 1 0 1 1 1 0 0 1 0 0 0 0 0 0 0
390	5	0 1 0 1 1 0 1 0 0 0 0 0 0 0 0 0
390	64	1 1 1 0 1 0 1 0 0 0 0 0 0 0 0 0
390	2	1 1 0 1 1 0 0 0 1 1 0 0 0 0 0 0
390	8	1 1 0 1 0 1 0 0 0 0 0 0 0 0 0 0
390	13	1 1 1 0 0 1 1 1 0 1 0 1 0 1 0 0
390	11	1 1 0 1 1 1 0 1 0 0 1 0 0 0 0 0
390	6	1 1 0 1 0 1 0 0 0 0 0 0 0 1 0 0
390	23	1 1 1 1 0 1 1 0 0 0 0 0 0 1 0 0
390	20	1 1 0 1 0 1 1 0 0 1 0 0 0 0 0 0
390	7	1 1 1 1 1 0 1 0 0 0 0 0 0 0 0 0
390	25	1 1 0 1 0 0 1 0 0 0 0 0 0 1 0 0
390	6	1 1 0 1 1 0 0 0 0 0 0 0 0 0 0 0
390	14	1 1 1 1 1 0 1 0 0 0 0 0 0 1 0 1
390	6	1 1 1 1 0 1 1 1 0 0 0 0 0 0 0 0
390	14	1 1 1 0 0 0 1 0 0 0 0 0 0 0 0 0
390	30	1 1 1 1 1 1 1 0 0 1 0 0 0 0 0 0
390	2	1 1 0 1 1 1 0 0 0 0 0 0 1 0 0 0
390	16	1 1 1 1 1 1 1 0 1 0 0 0 0 0 0 0
390	9	0 1 0 1 0 1 1 0 0 0 0 0 0 0 0 0
390	62	1 1 1 1 1 1 1 1 0 0 0 0 0 0 0 0
390	4	1 1 0 1 0 0 0 0 0 0 0 0 0 1 0 0
390	2	1 1 0 1 1 1 0 0 0 0 1 0 0 0 0 0
390	42	1 1 1 1 0 0 1 0 0 0 0 0 0 0 0 0
390	1	1 1 1 1 0 1 1 0 0 0 0 1 0 0 0 0
390	7	1 1 0 1 1 0 0 1 0 0 1 0 0 0 0 0
390	28	1 1 1 1 0 1 0 0 0 0 0 1 0 0 0 0
390	3	1 1 0 1 0 1 1 0 0 0 0 0 1 0 0 0
390	28	1 1 0 1 1 0 1 0 0 1 0 0 0 1 0 0
390	3	1 1 1 1 0 1 0 0 0 0 1 0 0 0 0 0
390	2	1 1 0 1 1 1 0 0 0 0 0 0 0 0 1 0
390	6	1 1 1 1 0 1 1 0 1 0 0 0 0 1 0 0
390	4	1 1 0 1 0 0 0 1 0 0 1 0 0 0 0 0
390	13	1 1 1 0 0 1 0 1 0 1 0 1 0 1 0 0
390	2	1 1 0 0 0 1 1 0 0 1 0 0 0 0 0 0
390	2	1 1 1 1 0 1 1 1 0 0 1 0 0 0 0 0
390	7	1 1 1 1 1 1 0 0 1 1 0 0 0 0 0 0
390	3	1 1 0 1 0 0 1 0 0 0 0 0 0 0 0 0
390	14	1 1 0 0 1 1 0 0 0 0 0 0 0 0 0 0
390	14	0 1 0 1 0 1 1 1 1 0 0 0 0 0 0 0
390	8	1 0 0 1 1 1 0 0 0 0 0 0 0 0 0 0
390	9	1 1 1 0 0 1 1 1 0 1 0 1 0 1 1 0
390	1	1 0 1 0 1 1 1 0 0 1 0 0 0 0 0 0
390	3	1 1 0 1 1 1 0 0 0 0 1 0 0 1 0 0
390	5	1 1 1 1 1 1 1 0 0 0 0 0 0 0 0 1
390	5	1 1 1 1 0 0 1 0 1 0 0 0 0 0 0 0
390	6	1 1 1 1 1 0 1 1 0 0 0 0 0 0 0 0
390	3	1 0 1 1 1 1 0 0 0 0 0 0 0 0 0 0
390	2	1 0 1 1 0 1 1 0 0 0 0 0 0 1 0 0
390	9	1 1 1 1 1 1 0 0 0 0 0 0 0 0 0 1
390	1	0 1 0 1 1 0 1 0 0 1 0 0 0 0 0 0
390	2	0 1 0 1 1 0 1 0 0 0 0 1 0 0 0 0
390	4	1 1 1 0 1 0 1 0 0 1 0 0 0 0 0 0
390	8	0 1 0 1 0 1 1 0 0 0 0 1 0 0 0 0
390	5	1 1 0 1 0 1 1 0 0 0 0 1 1 0 0 0
390	1	0 1 1 0 0 1 1 0 0 0 0 0 0 0 0 0
390	4	1 1 1 1 1 1 0 0 0 0 1 0 0 0 0 0
390	3	1 1 1 1 0 0 1 0 0 0 0 0 0 1 0 0
390	2	1 1 1 1 1 1 0 0 0 0 0 0 1 0 0 0
390	2	1 1 0 0 0 1 1 1 0 1 0 1 0 1 0 0
390	5	1 1 1 1 1 1 1 0 0 1 0 0 0 0 1 0
390	6	1 1 0 1 0 0 1 0 0 0 0 0 0 0 0 1
390	6	1 1 1 1 0 1 1 0 0 0 0 0 1 0 0 0
390	1	0 1 0 1 0 1 1 1 1 1 0 0 0 0 0 0
390	1	1 1 1 1 0 0 0 0 1 0 0 0 0 0 0 0
390	1	1 1 1 1 0 1 0 0 0 0 0 1 1 0 0 0
390	6	0 1 0 1 1 0 1 0 0 0 0 0 0 1 0 0
390	5	0 1 0 1 1 0 1 0 0 0 0 0 0 1 1 0
390	5	1 1 1 1 1 0 1 1 0 1 0 1 0 1 0 0
390	3	1 1 0 1 0 0 0 0 0 0 0 0 0 0 0 0
390	4	0 1 0 1 0 0 1 0 0 0 0 0 0 0 0 0
390	1	1 1 0 1 1 1 1 0 0 0 0 1 0 0 0 0
390	1	1 1 1 1 1 1 1 0 0 0 0 0 0 1 0 1
390	2	1 1 1 1 1 0 1 0 0 0 0 0 0 1 1 0
390	2	1 1 0 1 1 1 0 1 0 0 0 0 0 0 0 0
390	2	0 1 0 1 1 1 1 0 0 0 0 0 0 0 0 0
390	2	1 1 0 1 1 1 1 0 0 1 0 0 0 0 0 0
390	4	1 1 1 1 0 1 1 0 0 0 1 0 0 0 0 0
390	1	1 1 0 1 0 0 1 0 0 0 0 0 0 1 1 0
390	1	1 1 1 1 1 1 0 0 0 1 0 0 0 0 0 0
390	2	1 1 1 0 1 0 1 0 0 1 1 0 0 0 0 0
390	2	1 1 1 1 1 0 1 0 0 1 0 1 0 1 0 0
390	1	1 1 0 1 1 1 0 0 0 1 0 0 0 0 0 0
390	2	1 1 1 1 1 1 0 0 0 0 0 1 0 0 0 0
390	3	1 1 0 1 1 0 1 0 0 0 0 0 0 0 0 0
390	1	1 1 1 1 1 1 0 0 1 0 1 0 0 0 0 0
400	11	1 1 0 1 1 1 1 0 0 0 0 0 0 0 0 0
400	8	1 1 0 1 0 1 1 0 0 0 0 0 0 0 0 0
400	44	1 1 1 1 1 1 1 0 0 0 0 0 0 0 0 0
400	86	1 1 1 1 1 1 0 0 0 0 0 0 0 0 0 0
400	24	1 1 1 1 1 1 0 0 1 0 0 0 0 0 0 0
400	83	1 1 0 1 1 1 0 0 0 0 0 0 0 0 0 0
400	36	1 1 1 1 0 1 1 0 0 0 0 0 0 0 0 0
400	30	1 1 1 1 0 1 0 0 0 0 1 0 0 1 0 0
400	19	1 1 1 1 1 0 1 0 0 0 0 0 0 1 0 0
400	1	1 1 0 1 1 1 0 0 1 0 0 0 0 0 0 0
400	10	0 1 0 1 1 0 1 0 0 0 0 0 0 0 0 0
400	45	1 1 1 0 1 0 1 0 0 0 0 0 0 0 0 0
400	5	1 1 0 1 0 1 0 0 0 0 0 0 0 0 0 0
400	20	1 1 1 0 0 1 1 1 0 1 0 1 0 1 0 0
400	1	1 1 0 1 1 1 0 1 0 0 1 0 0 0 0 0
400	1	1 1 0 1 0 1 0 0 0 0 0 0 0 1 0 0
400	3	1 1 1 1 0 1 1 0 0 0 0 0 0 1 0 0
400	2	1 1 0 1 0 1 1 0 0 1 0 0 0 0 0 0
400	18	1 1 1 1 1 0 1 0 0 0 0 0 0 0 0 0
400	5	1 1 0 1 0 0 1 0 0 0 0 0 0 1 0 0
400	27	1 1 0 1 1 0 0 0 0 0 0 0 0 0 0 0
400	19	1 1 1 1 1 0 1 0 0 0 0 0 0 1 0 1
400	4	1 1 1 0 0 0 1 0 0 0 0 0 0 0 0 0
400	32	1 1 1 1 1 1 1 0 0 1 0 0 0 0 0 0
400	81	1 1 1 1 1 1 1 1 0 0 0 0 0 0 0 0
400	25	1 1 1 1 0 0 1 0 0 0 0 0 0 0 0 0
400	28	1 1 0 1 1 0 0 1 0 0 1 0 0 0 0 0
400	19	1 1 1 1 0 1 0 0 0 0 0 1 0 0 0 0
400	7	1 1 0 1 1 0 1 0 0 1 0 0 0 1 0 0
400	3	1 1 1 1 0 1 0 0 0 0 1 0 0 0 0 0
400	6	1 1 0 1 0 0 0 1 0 0 1 0 0 0 0 0
400	1	1 1 1 1 0 1 1 1 0 0 1 0 0 0 0 0
400	13	1 1 1 1 1 1 0 0 1 1 0 0 0 0 0 0
400	3	1 1 0 0 1 1 0 0 0 0 0 0 0 0 0 0
400	9	0 1 0 1 0 1 1 1 1 0 0 0 0 0 0 0
400	2	1 0 0 1 1 1 0 0 0 0 0 0 0 0 0 0
400	1	1 0 1 0 1 1 1 0 0 1 0 0 0 0 0 0
400	2	1 1 1 1 1 0 1 1 0 0 0 0 0 0 0 0
400	5	1 0 1 1 1 1 0 0 0 0 0 0 0 0 0 0
400	7	1 1 1 1 1 1 0 0 0 0 0 0 0 0 0 1
400	1	1 1 1 0 1 0 1 0 0 1 0 0 0 0 0 0
400	10	0 1 0 1 0 1 1 0 0 0 0 1 0 0 0 0
400	3	0 1 1 0 0 1 1 0 0 0 0 0 0 0 0 0
400	2	1 1 1 1 1 1 0 0 0 0 1 0 0 0 0 0
400	6	1 1 1 1 0 0 1 0 0 0 0 0 0 1 0 0
400	1	1 1 0 0 0 1 1 1 0 1 0 1 0 1 0 0
400	6	1 1 0 1 0 0 1 0 0 0 0 0 0 0 0 1
400	19	1 1 1 1 0 1 1 0 0 0 0 0 1 0 0 0
400	9	0 1 0 1 1 0 1 0 0 0 0 0 0 1 0 0
400	28	1 1 1 1 1 0 1 1 0 1 0 1 0 1 0 0
400	6	1 1 0 1 1 1 1 0 0 0 0 1 0 0 0 0
400	12	1 1 0 1 1 1 1 0 0 1 0 0 0 0 0 0
400	14	1 1 1 1 1 1 0 0 0 1 0 0 0 0 0 0
400	1	1 1 0 1 1 0 1 0 0 0 0 0 0 0 0 0
400	4	1 1 1 0 1 0 1 1 0 1 0 1 0 1 0 0
400	2	1 1 1 0 0 0 1 0 0 0 0 0 0 0 0 1
400	3	1 0 0 1 1 1 0 1 0 0 0 0 0 0 0 0
400	1	1 1 1 1 0 1 0 0 0 0 1 0 0 1 1 0
400	4	1 1 0 1 0 0 1 0 0 0 0 0 1 1 0 0
400	9	1 1 0 1 1 0 0 0 0 0 0 0 1 0 0 0
400	5	1 1 0 1 0 0 1 0 0 0 0 0 0 0 0 0
400	1	1 1 1 1 0 0 1 0 0 0 0 1 0 0 0 0
400	6	0 1 0 1 1 1 0 0 0 0 0 0 0 0 0 0
400	6	1 1 1 1 1 1 1 1 0 0 0 1 0 0 0 0
400	2	1 1 0 1 1 0 1 0 0 0 0 0 0 1 0 0
400	12	1 1 1 1 0 1 1 0 0 1 0 1 0 0 0 0
400	3	1 1 1 1 1 1 1 1 0 0 1 0 0 0 0 0
400	1	1 1 1 1 0 0 1 0 0 1 0 0 0 0 0 0
400	3	1 1 1 1 1 1 1 0 0 0 0 0 1 0 0 0
400	4	1 1 1 0 1 1 0 0 1 0 0 0 0 0 0 0
400	4	1 1 0 1 1 1 0 0 0 1 0 0 0 0 0 0
400	1	1 1 0 1 1 1 0 1 0 0 1 0 0 0 1 0
400	8	1 1 1 1 1 0 1 0 0 1 0 0 0 0 0 0
400	7	1 1 1 0 1 1 1 1 0 0 0 0 0 0 0 0
400	6	1 1 1 1 1 1 0 0 0 1 0 1 1 0 0 0
400	16	1 1 1 1 1 1 1 0 0 0 0 0 0 0 1 0
400	2	1 1 1 1 1 0 1 0 0 0 0 0 0 1 1 0
400	1	1 0 0 1 1 1 0 0 0 0 0 0 1 0 0 1
400	1	1 1 1 1 1 1 1 0 0 1 0 0 1 0 0 0
400	1	1 1 1 1 1 1 0 0 1 0 0 0 0 0 0 1
400	1	0 1 1 1 0 1 0 0 0 0 1 0 0 1 0 0
400	2	1 1 1 1 0 0 1 0 0 1 0 1 0 0 0 0
400	1	1 1 1 0 1 1 0 0 1 0 0 0 0 0 1 0
400	3	1 1 0 1 1 1 0 0 0 1 0 1 0 0 0 0
400	1	1 1 1 1 1 1 1 0 0 0 0 1 0 0 0 0
400	3	1 1 1 1 0 0 0 0 0 0 0 0 0 0 0 0
400	1	1 1 0 1 1 0 1 0 0 1 0 1 0 1 0 0
400	1	1 1 0 1 0 0 0 1 0 0 0 0 0 0 0 0
400	1	1 1 1 1 1 0 1 1 0 1 0 1 0 0 0 0
400	1	1 1 1 1 0 1 0 0 0 0 0 0 0 0 0 0
400	3	1 1 1 1 1 1 1 1 0 0 0 0 0 0 0 1
400	1	1 1 1 1 0 0 1 0 1 0 0 0 0 0 0 0
400	2	1 1 0 1 1 0 0 1 1 0 1 0 0 0 0 0
400	1	1 1 1 1 0 0 0 0 0 0 0 1 0 0 0 0
400	1	1 1 0 1 0 0 1 0 0 0 0 0 1 1 1 0
