0	250	0 1 0 1 0 1 0 0 0 0 0 0 1 1 0 0
0	250	0 0 0 1 0 0 0 1 0 0 0 0 0 0 1 1
0	250	0 0 1 0 1 0 1 0 1 0 1 0 0 0 0 0
0	250	0 0 0 0 0 0 0 0 0 0 1 1 0 0 0 0
10	212	0 1 0 1 0 1 0 0 0 0 0 0 1 1 0 0
10	187	0 0 0 1 0 0 0 1 0 0 0 0 0 0 1 1
10	242	0 0 1 0 1 0 1 0 1 0 1 0 0 0 0 0
10	173	0 0 0 0 0 0 0 0 0 0 1 1 0 0 0 0
10	1	0 1 0 1 0 1 0 0 0 0 0 0 1 0 0 0
10	13	0 0 0 0 1 0 1 0 1 0 1 0 0 0 0 0
10	3	0 1 0 1 0 1 0 0 1 0 1 0 0 0 0 0
10	5	0 0 1 0 1 0 1 0 1 0 1 0 0 0 1 1
10	1	0 0 0 0 0 0 0 0 1 0 1 0 0 0 0 0
10	1	0 1 1 1 0 1 0 0 0 0 0 0 1 1 0 0
10	7	1 0 0 1 0 0 0 1 0 0 0 0 0 0 1 1
10	9	0 0 0 1 0 0 0 1 0 0 1 0 0 0 1 1
10	3	0 0 1 0 1 0 1 0 1 0 1 0 0 0 1 0
10	7	0 0 0 1 0 0 0 1 0 0 0 0 0 0 1 0
10	2	0 0 1 0 1 0 1 0 1 0 0 0 1 1 0 0
10	7	0 0 0 1 0 1 0 0 0 0 0 0 1 1 0 0
10	3	0 0 0 1 0 1 0 1 0 0 0 0 0 0 1 1
10	2	0 0 1 1 1 0 1 0 1 0 1 0 0 0 0 0
10	5	0 0 0 0 0 0 0 0 1 0 1 1 0 0 0 0
10	3	0 0 1 0 0 0 0 0 0 0 1 1 0 0 0 0
10	3	0 0 0 0 0 0 0 0 0 0 1 1 0 0 0 1
10	11	0 1 0 1 0 1 0 0 0 0 1 0 0 0 0 0
10	5	0 0 0 1 0 0 0 1 0 0 1 1 0 0 0 0
10	7	0 0 1 0 1 1 0 0 0 0 0 0 1 1 0 0
10	1	0 0 0 0 0 0 0 0 0 0 0 0 1 1 0 0
10	5	0 0 0 0 0 0 0 0 0 0 1 1 0 0 1 1
10	5	0 0 0 0 0 0 0 0 0 0 1 0 0 0 0 0
10	4	0 1 0 0 0 0 0 0 0 0 1 1 0 0 0 0
10	5	0 0 0 1 0 0 0 0 0 0 1 1 0 0 0 0
10	1	0 1 0 1 0 0 0 1 0 0 0 0 1 1 0 0
10	3	1 0 1 0 1 0 1 0 1 0 1 0 0 0 0 0
10	5	0 0 1 0 1 0 0 0 1 0 1 0 0 0 0 0
10	3	0 0 1 0 0 0 1 0 1 0 1 0 0 0 0 0
10	1	0 0 0 1 0 0 0 1 0 0 0 0 0 0 0 1
10	4	0 0 1 0 1 0 1 1 1 0 1 0 0 0 0 0
10	3	0 0 0 0 0 0 0 0 0 0 1 1 0 1 0 0
10	1	0 1 0 1 0 0 0 0 0 0 1 1 0 0 0 0
10	3	0 0 1 0 1 0 1 0 0 0 1 1 0 0 0 0
10	1	0 0 0 1 0 0 0 1 0 0 1 0 0 0 0 0
10	5	0 1 0 1 0 1 0 0 0 0 1 0 1 1 0 0
10	1	0 0 0 0 0 0 0 1 0 0 0 0 0 0 1 1
10	1	0 0 0 1 0 0 1 1 0 0 0 0 0 0 1 1
10	2	0 0 0 1 0 0 0 0 0 0 0 0 0 0 1 1
10	2	0 0 1 0 1 0 1 0 1 0 0 0 0 0 0 0
10	3	0 1 0 1 0 1 0 0 1 0 1 0 1 0 0 0
10	1	0 1 0 0 1 0 1 0 1 0 1 0 0 0 0 0
10	1	0 0 0 1 0 0 0 0 0 0 0 0 1 1 0 0
10	3	0 0 0 1 0 0 0 1 0 0 0 0 0 0 0 0
10	1	0 0 1 0 1 0 0 1 0 0 0 0 0 0 1 1
10	1	1 1 0 1 0 1 0 0 0 0 0 0 1 1 0 0
10	1	0 0 0 1 0 0 0 1 0 0 0 1 0 0 1 1
10	9	0 0 1 1 0 0 0 1 0 0 0 0 0 0 1 1
10	1	0 0 0 1 0 0 0 1 0 0 0 0 1 0 1 1
10	1	0 0 0 0 1 0 0 0 0 0 1 1 0 0 0 0
10	2	0 0 0 0 0 0 0 0 0 0 0 0 0 1 0 0
10	1	0 0 1 0 1 1 1 0 0 0 1 1 0 0 0 0
10	2	0 1 0 1 0 1 1 0 1 0 1 0 0 0 0 0
10	1	0 0 1 0 1 0 0 0 0 0 1 1 0 0 0 0
10	1	0 1 0 1 1 1 0 0 0 0 0 0 1 1 0 0
10	2	0 1 0 1 0 1 0 1 0 0 0 0 1 1 0 0
10	1	0 0 1 0 1 0 1 0 1 1 1 0 0 0 0 0
20	191	0 1 0 1 0 1 0 0 0 0 0 0 1 1 0 0
20	166	0 0 0 1 0 0 0 1 0 0 0 0 0 0 1 1
20	251	0 0 1 0 1 0 1 0 1 0 1 0 0 0 0 0
20	95	0 0 0 0 0 0 0 0 0 0 1 1 0 0 0 0
20	14	0 0 0 0 1 0 1 0 1 0 1 0 0 0 0 0
20	20	0 1 0 1 0 1 0 0 1 0 1 0 0 0 0 0
20	1	1 0 0 1 0 0 0 1 0 0 0 0 0 0 1 1
20	23	0 0 0 1 0 0 0 1 0 0 1 0 0 0 1 1
20	3	0 0 1 0 1 0 1 0 1 0 1 0 0 0 1 0
20	11	0 0 0 1 0 1 0 0 0 0 0 0 1 1 0 0
20	2	0 0 0 0 0 0 0 0 1 0 1 1 0 0 0 0
20	7	0 1 0 1 0 1 0 0 0 0 1 0 0 0 0 0
20	9	0 0 1 0 1 1 0 0 0 0 0 0 1 1 0 0
20	6	0 0 0 0 0 0 0 0 0 0 1 0 0 0 0 0
20	1	0 0 0 1 0 0 0 0 0 0 1 1 0 0 0 0
20	26	1 0 1 0 1 0 1 0 1 0 1 0 0 0 0 0
20	1	0 0 1 0 1 0 0 0 1 0 1 0 0 0 0 0
20	5	0 0 1 0 0 0 1 0 1 0 1 0 0 0 0 0
20	2	0 0 0 1 0 0 0 1 0 0 0 0 0 0 0 1
20	6	0 1 0 1 0 1 0 0 0 0 1 0 1 1 0 0
20	7	0 0 0 0 0 0 0 1 0 0 0 0 0 0 1 1
20	20	0 1 0 1 0 1 1 0 1 0 1 0 0 0 0 0
20	2	0 0 0 0 0 0 0 0 1 0 0 0 1 1 0 0
20	4	0 0 0 1 0 0 0 1 0 0 1 1 0 0 0 1
20	2	0 1 1 1 0 1 0 0 0 0 0 0 1 1 0 0
20	4	0 0 0 1 0 0 0 1 0 0 0 0 0 1 1 1
20	6	0 0 1 0 1 0 1 0 1 1 1 0 0 0 0 0
20	3	0 0 0 0 0 0 0 0 0 1 1 1 0 0 0 0
20	3	0 0 1 0 1 0 1 0 1 0 1 0 1 0 0 0
20	7	0 0 0 0 0 0 1 0 0 0 1 1 0 0 0 0
20	9	0 1 0 1 0 0 1 0 1 0 1 0 0 0 0 0
20	9	0 1 1 0 1 0 1 0 1 0 1 0 0 0 0 0
20	4	0 0 0 0 0 0 0 0 0 0 0 1 0 0 0 0
20	2	0 1 0 1 1 1 0 0 0 0 0 0 1 1 0 0
20	3	0 1 0 1 0 0 0 0 0 0 0 0 1 1 0 0
20	5	0 0 0 1 0 0 0 1 0 0 1 1 0 0 0 0
20	1	0 0 1 0 1 0 1 0 1 0 1 0 0 0 0 1
20	1	0 0 1 0 1 0 1 0 1 0 1 1 0 0 0 0
20	1	0 1 0 1 0 1 0 0 0 0 1 0 0 1 0 0
20	15	0 0 0 0 0 0 0 0 1 0 1 1 0 1 0 0
20	1	0 0 0 1 0 0 0 1 0 0 0 0 0 0 1 0
20	2	0 0 0 1 1 0 1 0 1 0 1 0 0 0 0 0
20	4	0 0 0 0 0 0 0 0 0 0 0 0 0 0 1 1
20	5	0 0 1 0 1 0 1 0 0 0 1 0 0 0 0 0
20	1	0 1 0 1 0 1 0 0 0 0 0 0 1 0 0 0
20	1	0 0 1 0 1 0 1 0 0 0 1 1 0 0 0 0
20	2	1 0 1 0 1 0 1 0 1 0 1 0 0 0 1 0
20	4	0 1 0 1 0 1 1 1 1 0 1 0 0 0 0 0
20	1	0 0 1 0 1 0 1 0 1 0 1 1 0 1 0 0
20	2	0 0 0 1 0 0 0 1 1 0 1 0 0 0 0 0
20	7	0 1 0 1 0 1 1 0 0 0 0 0 1 1 0 0
20	4	0 0 0 0 0 0 0 0 0 0 1 1 1 0 0 0
20	1	1 0 1 0 1 1 0 0 0 0 0 0 1 1 0 0
20	1	1 0 0 0 1 0 1 0 1 0 1 0 0 0 0 0
20	1	1 0 1 0 1 0 1 1 1 0 1 1 0 0 0 0
20	1	0 1 0 1 0 1 0 0 0 0 0 0 0 0 0 0
20	1	0 1 0 1 0 1 0 1 0 0 0 0 0 0 1 1
20	1	0 0 1 1 0 1 0 0 0 0 0 0 1 1 0 0
20	1	0 0 0 0 0 0 0 0 0 0 0 0 1 1 0 0
20	1	0 0 0 0 0 0 0 0 1 0 1 0 0 0 0 0
20	3	0 1 0 1 0 1 0 0 0 1 0 0 1 1 0 0
20	3	1 1 0 1 0 1 0 0 0 0 0 0 1 1 0 0
20	1	0 0 0 1 0 0 0 1 0 1 0 0 0 0 1 1
20	1	0 0 0 1 0 0 0 0 0 0 0 0 0 0 1 1
20	1	0 0 1 0 1 1 1 0 1 0 1 0 0 0 0 0
20	1	1 0 1 0 1 0 1 0 1 0 0 0 0 0 0 0
30	144	0 1 0 1 0 1 0 0 0 0 0 0 1 1 0 0
30	135	0 0 0 1 0 0 0 1 0 0 0 0 0 0 1 1
30	282	0 0 1 0 1 0 1 0 1 0 1 0 0 0 0 0
30	21	0 0 0 0 0 0 0 0 0 0 1 1 0 0 0 0
30	6	0 0 0 0 1 0 1 0 1 0 1 0 0 0 0 0
30	31	0 1 0 1 0 1 0 0 1 0 1 0 0 0 0 0
30	8	0 0 0 1 0 0 0 1 0 0 1 0 0 0 1 1
30	6	0 0 1 0 1 0 1 0 1 0 1 0 0 0 1 0
30	13	0 0 0 1 0 1 0 0 0 0 0 0 1 1 0 0
30	14	0 1 0 1 0 1 0 0 0 0 1 0 0 0 0 0
30	1	0 0 1 0 1 1 0 0 0 0 0 0 1 1 0 0
30	16	1 0 1 0 1 0 1 0 1 0 1 0 0 0 0 0
30	7	0 0 1 0 0 0 1 0 1 0 1 0 0 0 0 0
30	9	0 0 0 1 0 0 0 1 0 0 0 0 0 0 0 1
30	7	0 1 0 1 0 1 0 0 0 0 1 0 1 1 0 0
30	3	0 0 0 0 0 0 0 1 0 0 0 0 0 0 1 1
30	17	0 1 0 1 0 1 1 0 1 0 1 0 0 0 0 0
30	17	0 0 0 1 0 0 0 1 0 0 1 1 0 0 0 1
30	4	0 0 0 1 0 0 0 1 0 0 0 0 0 1 1 1
30	7	0 0 1 0 1 0 1 0 1 1 1 0 0 0 0 0
30	3	0 0 0 0 0 0 1 0 0 0 1 1 0 0 0 0
30	1	0 1 0 1 0 0 1 0 1 0 1 0 0 0 0 0
30	7	0 1 1 0 1 0 1 0 1 0 1 0 0 0 0 0
30	2	0 0 0 0 0 0 0 0 1 0 1 1 0 1 0 0
30	2	0 0 0 1 1 0 1 0 1 0 1 0 0 0 0 0
30	8	0 0 1 0 1 0 1 0 0 0 1 1 0 0 0 0
30	1	0 0 1 0 1 0 1 0 1 0 1 1 0 1 0 0
30	7	1 0 1 0 1 1 0 0 0 0 0 0 1 1 0 0
30	4	1 0 0 0 1 0 1 0 1 0 1 0 0 0 0 0
30	3	0 1 0 1 0 1 0 1 0 0 0 0 0 0 1 1
30	10	1 1 0 1 0 1 0 0 0 0 0 0 1 1 0 0
30	2	0 1 0 1 0 1 0 0 0 0 0 0 1 1 0 1
30	5	0 0 1 1 1 0 1 0 1 0 1 0 0 0 0 0
30	7	0 0 1 0 1 0 1 0 1 0 1 0 0 1 0 0
30	2	0 0 1 0 1 1 0 0 0 0 1 0 1 1 0 0
30	3	0 0 0 1 0 0 0 0 1 0 1 1 0 1 0 0
30	23	0 0 1 0 1 1 1 0 0 0 1 0 0 0 0 0
30	17	0 1 0 1 0 1 0 0 1 0 0 0 1 1 0 0
30	3	0 1 0 1 0 1 0 1 0 0 0 0 1 1 0 0
30	4	0 0 1 0 1 0 1 0 1 0 0 0 1 1 0 0
30	4	0 0 1 0 0 1 1 0 1 0 1 0 0 0 0 0
30	3	0 0 0 1 0 1 1 0 1 0 1 0 0 0 0 0
30	9	0 0 0 0 0 1 0 0 1 0 0 0 1 1 0 0
30	6	0 1 0 1 0 1 0 0 0 0 0 0 0 1 0 0
30	2	0 1 0 1 0 1 0 0 1 1 0 0 1 1 0 0
30	1	1 0 0 1 0 0 0 1 0 0 1 0 1 0 1 1
30	16	0 0 0 1 0 0 0 0 0 0 1 1 0 0 0 0
30	6	0 1 0 1 0 0 0 1 0 0 1 1 0 0 0 0
30	5	1 0 0 1 0 0 0 1 0 0 0 0 0 0 1 1
30	1	0 1 0 1 0 0 1 0 0 0 1 0 0 0 0 0
30	7	1 0 1 0 1 0 1 0 1 0 1 1 0 1 0 0
30	1	0 0 1 0 1 0 1 0 1 0 1 0 0 0 1 1
30	9	0 0 0 1 0 0 0 0 0 0 0 0 0 0 1 1
30	7	0 1 0 1 0 1 0 0 0 1 0 0 1 1 0 0
30	4	0 0 0 0 0 0 1 0 0 0 0 0 0 0 1 1
30	2	0 0 1 0 1 0 1 0 0 0 1 0 0 0 0 0
30	7	0 0 0 0 0 0 0 0 0 0 1 1 0 0 0 1
30	2	0 1 1 0 1 0 1 0 1 0 1 0 0 0 1 0
30	8	0 0 1 0 1 0 1 0 1 0 1 0 0 0 0 1
30	2	0 1 0 1 1 1 0 0 1 0 1 0 0 0 0 0
30	4	0 0 0 1 0 1 0 1 0 0 0 0 1 1 0 0
30	5	0 0 0 0 0 0 0 1 0 0 1 1 0 0 0 1
30	1	0 0 0 0 1 0 1 0 1 0 1 0 0 0 0 1
30	1	0 0 0 1 0 0 0 1 0 0 1 0 0 0 0 0
30	2	0 0 1 0 1 0 0 0 0 0 0 0 1 1 0 0
30	3	0 0 0 1 0 0 0 0 1 0 0 0 1 1 0 0
30	2	1 0 1 0 1 0 1 0 1 0 1 0 0 0 1 1
30	2	0 1 0 1 0 1 0 0 1 0 0 0 0 0 0 0
30	1	0 0 1 0 1 0 1 0 1 0 1 0 1 0 0 0
30	2	0 1 0 1 1 1 0 0 1 0 0 0 1 1 0 0
30	1	0 0 1 1 0 0 1 1 0 0 0 0 0 0 1 1
30	2	0 0 0 0 1 0 1 0 1 0 0 0 0 0 0 0
30	1	0 0 0 1 0 0 0 1 0 0 0 0 1 1 0 0
30	2	1 0 1 0 1 1 0 0 0 0 0 0 1 0 0 0
30	1	0 0 0 1 0 0 0 0 0 0 1 0 0 0 0 0
30	4	0 1 0 0 0 1 0 0 1 0 1 0 0 0 0 0
30	2	1 0 1 0 1 1 1 0 1 0 1 0 0 0 0 0
40	187	0 1 0 1 0 1 0 0 0 0 0 0 1 1 0 0
40	61	0 0 0 1 0 0 0 1 0 0 0 0 0 0 1 1
40	298	0 0 1 0 1 0 1 0 1 0 1 0 0 0 0 0
40	2	0 0 0 0 0 0 0 0 0 0 1 1 0 0 0 0
40	15	0 0 0 0 1 0 1 0 1 0 1 0 0 0 0 0
40	1	0 1 0 1 0 1 0 0 1 0 1 0 0 0 0 0
40	5	0 0 1 0 1 0 1 0 1 0 1 0 0 0 1 0
40	13	0 0 0 1 0 1 0 0 0 0 0 0 1 1 0 0
40	9	0 1 0 1 0 1 0 0 0 0 1 0 0 0 0 0
40	5	1 0 1 0 1 0 1 0 1 0 1 0 0 0 0 0
40	5	0 0 1 0 0 0 1 0 1 0 1 0 0 0 0 0
40	15	0 1 0 1 0 1 0 0 0 0 1 0 1 1 0 0
40	4	0 0 0 0 0 0 0 1 0 0 0 0 0 0 1 1
40	4	0 0 0 1 0 0 0 1 0 0 1 1 0 0 0 1
40	7	0 0 1 0 1 0 1 0 1 1 1 0 0 0 0 0
40	19	0 1 1 0 1 0 1 0 1 0 1 0 0 0 0 0
40	1	0 0 0 0 0 0 0 0 1 0 1 1 0 1 0 0
40	3	0 0 1 0 1 0 1 0 0 0 1 1 0 0 0 0
40	8	1 0 1 0 1 1 0 0 0 0 0 0 1 1 0 0
40	6	1 1 0 1 0 1 0 0 0 0 0 0 1 1 0 0
40	11	0 1 0 1 0 1 0 0 0 0 0 0 1 1 0 1
40	13	0 0 1 1 1 0 1 0 1 0 1 0 0 0 0 0
40	23	0 0 1 0 1 0 1 0 1 0 1 0 0 1 0 0
40	32	0 0 1 0 1 1 1 0 0 0 1 0 0 0 0 0
40	2	0 1 0 1 0 1 0 0 1 0 0 0 1 1 0 0
40	23	0 1 0 1 0 1 0 1 0 0 0 0 1 1 0 0
40	6	0 0 1 0 1 0 1 0 1 0 0 0 1 1 0 0
40	5	0 0 1 0 0 1 1 0 1 0 1 0 0 0 0 0
40	3	0 0 0 1 0 1 1 0 1 0 1 0 0 0 0 0
40	3	0 0 0 0 0 1 0 0 1 0 0 0 1 1 0 0
40	1	0 0 0 1 0 0 0 0 0 0 1 1 0 0 0 0
40	2	0 1 0 1 0 0 0 1 0 0 1 1 0 0 0 0
40	10	1 0 0 1 0 0 0 1 0 0 0 0 0 0 1 1
40	1	1 0 1 0 1 0 1 0 1 0 1 1 0 1 0 0
40	3	0 0 1 0 1 0 1 0 1 0 1 0 0 0 1 1
40	5	0 0 0 0 0 0 1 0 0 0 0 0 0 0 1 1
40	27	0 0 1 0 1 0 1 0 0 0 1 0 0 0 0 0
40	3	0 0 0 0 0 0 0 0 0 0 1 1 0 0 0 1
40	2	0 0 1 0 1 0 1 0 1 0 1 0 1 0 0 0
40	12	0 1 0 1 1 1 0 0 1 0 0 0 1 1 0 0
40	7	0 1 0 0 0 1 0 0 1 0 1 0 0 0 0 0
40	7	0 1 0 1 0 1 0 0 0 0 0 0 0 0 0 1
40	1	0 0 0 1 0 1 0 1 0 0 0 0 0 0 1 1
40	25	0 0 1 0 1 1 1 0 1 0 1 0 0 0 0 0
40	6	0 0 1 0 1 1 1 0 0 0 1 1 0 0 0 0
40	5	0 0 1 1 0 1 0 0 0 0 0 0 1 1 0 0
40	5	0 0 1 0 1 0 1 0 1 0 1 0 1 1 0 0
40	7	0 1 0 1 0 1 0 1 0 0 0 0 1 0 0 0
40	2	0 0 1 0 1 0 1 0 1 0 1 1 0 1 0 0
40	5	0 0 1 0 1 0 1 1 1 0 1 0 0 0 0 0
40	3	0 0 1 0 1 1 1 0 0 0 1 0 0 0 1 0
40	2	0 1 0 1 1 1 0 0 1 1 0 0 1 1 0 0
40	2	0 1 0 1 0 1 0 0 0 0 0 0 0 0 0 0
40	4	0 0 0 1 0 0 1 0 1 0 1 0 0 0 0 0
40	1	0 0 1 0 1 0 1 0 0 0 0 0 1 1 0 0
40	5	0 1 0 1 0 0 1 0 1 0 1 0 0 0 0 0
40	8	0 1 0 1 0 1 0 0 0 0 0 0 1 0 0 0
40	3	1 0 1 0 1 0 1 0 1 0 1 1 0 0 0 0
40	5	0 1 0 1 0 1 0 0 0 0 1 0 1 1 1 0
40	1	0 0 0 1 0 1 0 0 1 0 0 0 1 1 0 0
40	6	0 0 0 0 0 0 0 1 0 0 1 1 0 1 0 1
40	2	0 0 0 1 0 1 0 0 0 0 1 0 0 0 1 0
40	2	0 0 1 0 1 0 0 0 0 0 0 0 1 1 0 0
40	2	0 1 0 1 0 1 1 0 0 0 0 0 1 1 0 0
40	2	0 0 0 1 0 0 0 0 0 0 0 0 0 0 1 1
40	1	0 0 1 0 1 0 1 0 1 0 1 1 0 0 0 0
40	3	0 0 1 0 1 0 1 0 1 0 1 0 0 0 0 1
40	1	1 0 1 0 1 1 0 0 0 0 1 0 1 1 0 0
40	1	0 0 1 0 1 0 0 0 1 0 0 0 1 1 0 0
40	3	0 1 1 0 0 1 1 0 1 0 1 0 0 0 0 0
40	2	0 0 0 0 1 0 1 0 0 0 1 0 0 0 0 0
40	1	0 1 0 1 1 1 0 0 1 1 1 0 1 1 0 0
40	1	0 1 0 1 1 0 1 0 1 0 1 0 0 0 0 0
40	2	1 0 0 1 0 0 0 1 0 0 0 0 0 0 0 0
40	1	0 0 1 1 0 0 0 0 0 0 1 1 0 0 0 0
40	1	0 0 1 0 1 1 1 0 0 0 0 0 0 0 0 1
40	3	0 0 0 1 0 0 0 1 0 0 1 1 0 0 1 1
40	1	0 0 1 0 0 0 1 0 1 0 1 0 0 1 0 0
40	4	0 0 1 0 1 0 1 0 1 0 1 0 0 1 1 1
40	2	0 0 1 0 1 1 1 0 1 0 1 1 0 0 0 0
50	158	0 1 0 1 0 1 0 0 0 0 0 0 1 1 0 0
50	21	0 0 0 1 0 0 0 1 0 0 0 0 0 0 1 1
50	302	0 0 1 0 1 0 1 0 1 0 1 0 0 0 0 0
50	13	0 0 0 0 1 0 1 0 1 0 1 0 0 0 0 0
50	7	0 0 1 0 1 0 1 0 1 0 1 0 0 0 1 0
50	17	0 1 0 1 0 1 0 0 0 0 1 0 0 0 0 0
50	1	1 0 1 0 1 0 1 0 1 0 1 0 0 0 0 0
50	12	0 1 0 1 0 1 0 0 0 0 1 0 1 1 0 0
50	18	0 0 1 0 1 0 1 0 1 1 1 0 0 0 0 0
50	28	0 1 1 0 1 0 1 0 1 0 1 0 0 0 0 0
50	1	0 0 1 0 1 0 1 0 0 0 1 1 0 0 0 0
50	13	1 0 1 0 1 1 0 0 0 0 0 0 1 1 0 0
50	6	1 1 0 1 0 1 0 0 0 0 0 0 1 1 0 0
50	4	0 1 0 1 0 1 0 0 0 0 0 0 1 1 0 1
50	9	0 0 1 1 1 0 1 0 1 0 1 0 0 0 0 0
50	11	0 0 1 0 1 0 1 0 1 0 1 0 0 1 0 0
50	54	0 0 1 0 1 1 1 0 0 0 1 0 0 0 0 0
50	6	0 1 0 1 0 1 0 1 0 0 0 0 1 1 0 0
50	1	0 0 1 0 1 0 1 0 1 0 0 0 1 1 0 0
50	8	0 0 0 1 0 1 1 0 1 0 1 0 0 0 0 0
50	6	0 0 0 0 0 1 0 0 1 0 0 0 1 1 0 0
50	27	1 0 0 1 0 0 0 1 0 0 0 0 0 0 1 1
50	7	0 0 0 0 0 0 1 0 0 0 0 0 0 0 1 1
50	21	0 0 1 0 1 0 1 0 0 0 1 0 0 0 0 0
50	6	0 0 1 0 1 0 1 0 1 0 1 0 1 0 0 0
50	13	0 1 0 1 1 1 0 0 1 0 0 0 1 1 0 0
50	20	0 1 0 1 0 1 0 0 0 0 0 0 0 0 0 1
50	3	0 0 1 0 1 1 1 0 1 0 1 0 0 0 0 0
50	10	0 0 1 0 1 1 1 0 0 0 1 1 0 0 0 0
50	1	0 0 1 1 0 1 0 0 0 0 0 0 1 1 0 0
50	17	0 0 1 0 1 0 1 0 1 0 1 0 1 1 0 0
50	12	0 0 1 0 1 0 1 0 1 0 1 1 0 1 0 0
50	19	0 0 1 0 1 0 1 1 1 0 1 0 0 0 0 0
50	14	0 0 0 1 0 0 1 0 1 0 1 0 0 0 0 0
50	2	0 0 0 1 0 1 0 0 0 0 1 0 0 0 1 0
50	5	0 1 0 1 0 1 1 0 0 0 0 0 1 1 0 0
50	5	0 1 0 1 1 0 1 0 1 0 1 0 0 0 0 0
50	5	0 0 0 1 0 0 0 1 0 0 1 1 0 0 1 1
50	6	0 0 0 1 0 0 0 1 0 0 0 1 0 0 1 1
50	3	0 0 1 0 1 0 0 0 1 0 1 0 0 0 0 0
50	5	0 0 1 0 1 0 1 0 0 1 1 0 0 0 0 0
50	6	0 1 0 1 0 1 0 0 0 0 0 1 1 0 0 0
50	8	1 0 1 0 1 1 0 0 0 0 0 0 1 0 0 0
50	1	0 0 1 0 1 0 1 1 0 0 0 1 0 0 1 1
50	8	0 0 1 0 1 0 1 1 0 0 0 0 1 0 0 0
50	4	0 1 0 1 0 1 0 1 0 0 0 0 0 0 1 1
50	5	0 1 0 1 0 1 0 0 0 0 0 0 0 1 0 0
50	1	0 1 0 1 0 1 0 0 0 0 0 0 0 0 0 0
50	2	0 1 1 0 1 0 1 0 1 0 0 0 1 1 0 0
50	2	0 1 0 1 0 1 0 0 0 1 0 0 1 1 0 0
50	8	0 0 1 0 1 0 1 0 1 0 1 1 0 0 0 0
50	1	0 0 0 1 0 1 1 0 1 0 1 1 0 0 0 0
50	10	1 0 1 0 1 1 0 0 0 0 0 0 0 0 0 0
50	2	0 1 0 1 0 1 0 0 0 0 0 0 0 0 1 1
50	5	0 1 0 1 0 1 1 0 1 0 1 0 0 0 0 0
50	2	1 0 1 0 1 1 0 0 1 0 0 0 1 1 0 0
50	9	0 0 1 1 1 1 1 0 0 0 1 0 0 0 0 0
50	2	1 1 0 1 0 1 0 0 0 0 1 0 1 1 1 0
50	2	0 0 0 1 0 1 1 0 0 0 0 0 1 1 0 0
50	3	0 0 1 0 1 0 1 0 1 0 0 1 0 0 0 0
50	2	0 0 1 0 0 0 1 0 1 0 1 0 0 0 0 0
50	4	0 0 1 1 1 0 1 0 0 0 1 0 0 0 0 0
50	1	0 0 0 1 1 1 0 0 1 0 0 0 1 1 0 0
50	4	0 0 0 0 1 1 1 0 0 0 1 1 0 0 0 0
50	2	0 0 0 1 0 0 0 1 0 0 0 0 0 1 0 0
50	1	0 0 1 0 1 0 1 0 0 0 0 0 1 1 0 0
50	3	1 0 1 0 1 1 1 0 1 0 1 0 0 0 0 0
50	1	0 0 1 0 1 0 1 1 1 0 1 0 0 0 1 0
50	4	1 0 0 1 0 0 0 1 0 0 0 1 0 0 1 1
60	117	0 1 0 1 0 1 0 0 0 0 0 0 1 1 0 0
60	5	0 0 0 1 0 0 0 1 0 0 0 0 0 0 1 1
60	270	0 0 1 0 1 0 1 0 1 0 1 0 0 0 0 0
60	19	0 0 0 0 1 0 1 0 1 0 1 0 0 0 0 0
60	1	0 0 1 0 1 0 1 0 1 0 1 0 0 0 1 0
60	6	0 1 0 1 0 1 0 0 0 0 1 0 0 0 0 0
60	18	0 1 0 1 0 1 0 0 0 0 1 0 1 1 0 0
60	7	0 0 1 0 1 0 1 0 1 1 1 0 0 0 0 0
60	50	0 1 1 0 1 0 1 0 1 0 1 0 0 0 0 0
60	24	1 1 0 1 0 1 0 0 0 0 0 0 1 1 0 0
60	6	0 0 1 1 1 0 1 0 1 0 1 0 0 0 0 0
60	16	0 0 1 0 1 0 1 0 1 0 1 0 0 1 0 0
60	48	0 0 1 0 1 1 1 0 0 0 1 0 0 0 0 0
60	10	0 1 0 1 0 1 0 1 0 0 0 0 1 1 0 0
60	2	0 0 1 0 1 0 1 0 1 0 0 0 1 1 0 0
60	2	0 0 0 1 0 1 1 0 1 0 1 0 0 0 0 0
60	20	1 0 0 1 0 0 0 1 0 0 0 0 0 0 1 1
60	15	0 0 1 0 1 0 1 0 0 0 1 0 0 0 0 0
60	11	0 0 1 0 1 0 1 0 1 0 1 0 1 0 0 0
60	12	0 1 0 1 1 1 0 0 1 0 0 0 1 1 0 0
60	3	0 1 0 1 0 1 0 0 0 0 0 0 0 0 0 1
60	37	0 0 1 0 1 1 1 0 1 0 1 0 0 0 0 0
60	3	0 0 1 0 1 1 1 0 0 0 1 1 0 0 0 0
60	20	0 0 1 1 0 1 0 0 0 0 0 0 1 1 0 0
60	5	0 0 1 0 1 0 1 0 1 0 1 0 1 1 0 0
60	18	0 0 1 0 1 0 1 0 1 0 1 1 0 1 0 0
60	21	0 0 1 0 1 0 1 1 1 0 1 0 0 0 0 0
60	8	0 0 0 1 0 0 1 0 1 0 1 0 0 0 0 0
60	12	0 1 0 1 0 1 1 0 0 0 0 0 1 1 0 0
60	6	0 1 0 1 1 0 1 0 1 0 1 0 0 0 0 0
60	1	0 0 0 1 0 0 0 1 0 0 1 1 0 0 1 1
60	20	0 0 0 1 0 0 0 1 0 0 0 1 0 0 1 1
60	3	0 0 1 0 1 0 1 0 0 1 1 0 0 0 0 0
60	1	0 1 0 1 0 1 0 0 0 0 0 1 1 0 0 0
60	2	0 0 1 0 1 0 1 1 0 0 0 1 0 0 1 1
60	6	0 0 1 0 1 0 1 1 0 0 0 0 1 0 0 0
60	7	0 1 0 1 0 1 0 0 0 0 0 0 0 0 0 0
60	14	0 0 0 1 0 1 1 0 1 0 1 1 0 0 0 0
60	2	1 0 1 0 1 1 0 0 0 0 0 0 0 0 0 0
60	3	0 1 0 1 0 1 1 0 1 0 1 0 0 0 0 0
60	9	1 0 1 0 1 1 0 0 1 0 0 0 1 1 0 0
60	1	0 0 1 0 1 0 1 0 1 0 0 1 0 0 0 0
60	9	0 0 1 0 0 0 1 0 1 0 1 0 0 0 0 0
60	5	0 0 1 1 1 0 1 0 0 0 1 0 0 0 0 0
60	2	0 0 1 0 1 0 1 0 0 0 0 0 1 1 0 0
60	2	1 0 0 1 0 0 0 1 0 0 0 1 0 0 1 1
60	3	0 1 1 1 1 0 1 0 1 0 1 0 0 0 0 0
60	1	0 1 0 0 1 1 0 0 0 0 0 0 1 1 0 0
60	5	0 1 0 0 1 0 1 0 1 0 1 0 0 0 0 0
60	3	1 0 1 0 0 1 0 0 0 0 0 0 1 1 0 0
60	3	0 0 0 1 0 1 0 0 0 0 0 0 0 1 0 0
60	3	1 0 0 1 1 0 0 1 0 0 0 0 0 0 1 1
60	10	0 0 1 0 1 0 1 1 1 0 1 0 0 0 0 1
60	3	0 0 1 0 1 0 1 0 0 1 1 0 1 1 0 0
60	6	0 0 0 1 0 1 0 0 0 0 0 0 1 1 0 0
60	5	1 0 1 0 1 0 1 0 1 0 1 0 0 0 0 0
60	2	0 0 1 0 1 0 1 0 0 0 1 0 0 1 0 0
60	2	0 0 0 1 0 1 1 0 1 0 1 0 0 1 0 0
60	1	0 1 0 0 0 1 1 0 0 0 0 0 1 1 0 0
60	1	0 0 1 1 1 0 1 0 0 0 1 0 0 0 1 0
60	2	0 1 0 1 0 1 0 0 1 0 0 0 1 1 0 0
60	3	0 1 0 1 0 0 0 1 0 0 0 0 1 1 0 0
60	1	0 1 1 1 0 1 0 0 0 0 0 0 0 0 0 0
60	7	0 0 0 1 0 0 0 1 0 1 0 0 0 0 0 1
60	4	0 0 0 1 0 1 0 0 0 0 0 0 1 0 0 0
60	1	0 1 1 1 1 1 1 0 1 0 1 0 0 0 0 0
60	5	0 0 0 0 1 1 1 0 0 0 1 0 0 0 0 0
60	2	1 0 0 1 0 0 0 1 1 0 0 0 0 0 1 1
60	5	1 0 0 1 0 0 0 1 0 0 0 0 0 0 0 1
60	3	1 1 0 1 0 0 0 1 0 0 0 0 0 0 1 1
60	3	0 0 1 0 1 0 1 0 1 0 0 1 0 1 0 0
60	2	0 0 1 0 1 0 0 1 1 0 1 0 0 0 0 0
60	1	0 1 0 1 0 1 1 0 0 0 0 0 1 1 1 0
60	3	0 0 1 0 1 0 1 1 1 0 0 0 0 1 0 0
60	1	0 1 0 1 0 1 1 0 0 0 0 1 0 0 1 1
60	1	1 0 0 1 0 0 1 0 0 0 1 0 0 0 0 0
60	3	1 0 0 1 0 1 1 0 1 0 1 0 0 0 0 0
60	3	1 0 0 1 0 0 0 1 0 0 0 0 0 1 1 1
60	3	0 0 1 0 1 0 1 1 0 1 0 0 1 0 0 0
60	4	1 0 0 1 0 1 0 1 0 0 0 1 0 0 1 1
60	1	1 1 0 1 0 1 0 0 0 0 1 0 1 1 0 0
60	1	0 1 0 1 1 1 0 0 0 0 0 0 1 1 0 0
60	2	0 1 1 1 0 1 0 0 0 0 0 0 1 1 0 0
60	2	0 1 0 1 0 1 0 0 0 0 0 1 1 1 0 0
60	1	0 0 1 0 1 0 1 0 1 0 1 1 0 0 0 0
60	1	0 0 1 0 1 0 1 0 1 0 1 0 0 0 0 1
60	1	0 0 0 0 1 0 1 0 1 0 0 0 0 0 0 0
60	1	0 1 0 1 0 1 0 1 0 0 1 0 1 1 0 0
60	1	1 0 0 1 0 0 1 1 0 0 0 0 0 0 1 1
60	2	0 0 1 0 1 1 1 0 1 0 1 0 1 0 0 0
60	1	0 0 1 1 0 1 0 0 0 0 0 0 0 1 0 0
60	2	1 0 1 0 1 0 1 1 1 0 1 0 0 0 0 0
70	88	0 1 0 1 0 1 0 0 0 0 0 0 1 1 0 0
70	13	0 0 0 1 0 0 0 1 0 0 0 0 0 0 1 1
70	240	0 0 1 0 1 0 1 0 1 0 1 0 0 0 0 0
70	19	0 0 0 0 1 0 1 0 1 0 1 0 0 0 0 0
70	2	0 0 1 0 1 0 1 0 1 0 1 0 0 0 1 0
70	19	0 1 0 1 0 1 0 0 0 0 1 0 0 0 0 0
70	24	0 1 0 1 0 1 0 0 0 0 1 0 1 1 0 0
70	4	0 0 1 0 1 0 1 0 1 1 1 0 0 0 0 0
70	89	0 1 1 0 1 0 1 0 1 0 1 0 0 0 0 0
70	7	1 1 0 1 0 1 0 0 0 0 0 0 1 1 0 0
70	5	0 0 1 1 1 0 1 0 1 0 1 0 0 0 0 0
70	31	0 0 1 0 1 0 1 0 1 0 1 0 0 1 0 0
70	17	0 0 1 0 1 1 1 0 0 0 1 0 0 0 0 0
70	1	1 0 0 1 0 0 0 1 0 0 0 0 0 0 1 1
70	15	0 0 1 0 1 0 1 0 0 0 1 0 0 0 0 0
70	32	0 0 1 0 1 0 1 0 1 0 1 0 1 0 0 0
70	20	0 0 1 0 1 1 1 0 1 0 1 0 0 0 0 0
70	3	0 0 1 0 1 1 1 0 0 0 1 1 0 0 0 0
70	12	0 0 1 1 0 1 0 0 0 0 0 0 1 1 0 0
70	25	0 0 1 0 1 0 1 0 1 0 1 1 0 1 0 0
70	7	0 0 1 0 1 0 1 1 1 0 1 0 0 0 0 0
70	4	0 0 0 1 0 0 1 0 1 0 1 0 0 0 0 0
70	3	0 1 0 1 0 1 1 0 0 0 0 0 1 1 0 0
70	14	0 0 0 1 0 0 0 1 0 0 1 1 0 0 1 1
70	21	0 0 0 1 0 0 0 1 0 0 0 1 0 0 1 1
70	1	0 0 1 0 1 0 1 0 0 1 1 0 0 0 0 0
70	2	0 0 1 0 1 0 1 1 0 0 0 1 0 0 1 1
70	19	0 0 0 1 0 1 1 0 1 0 1 1 0 0 0 0
70	8	1 0 1 0 1 1 0 0 0 0 0 0 0 0 0 0
70	21	0 0 1 0 0 0 1 0 1 0 1 0 0 0 0 0
70	4	0 0 1 1 1 0 1 0 0 0 1 0 0 0 0 0
70	2	0 0 0 1 0 1 0 0 0 0 0 0 0 1 0 0
70	3	0 0 1 0 1 0 1 1 1 0 1 0 0 0 0 1
70	6	0 0 0 1 0 1 0 0 0 0 0 0 1 1 0 0
70	2	1 0 1 0 1 0 1 0 1 0 1 0 0 0 0 0
70	6	0 1 0 1 0 0 0 1 0 0 0 0 1 1 0 0
70	5	0 0 0 1 0 0 0 1 0 1 0 0 0 0 0 1
70	1	1 0 0 1 0 0 0 1 0 0 0 0 0 1 1 1
70	3	0 0 1 0 1 0 1 1 0 1 0 0 1 0 0 0
70	3	1 0 0 1 0 1 0 1 0 0 0 1 0 0 1 1
70	6	0 1 1 1 0 1 0 0 0 0 0 0 1 1 0 0
70	24	0 1 0 1 0 1 0 0 0 0 0 1 1 1 0 0
70	4	0 1 0 1 0 1 0 1 0 0 1 0 1 1 0 0
70	3	0 0 1 1 0 1 0 0 0 0 0 0 0 1 0 0
70	6	0 0 1 0 1 0 0 0 0 0 0 0 1 0 0 0
70	16	0 1 0 1 0 1 0 0 1 0 1 0 0 0 0 0
70	5	0 0 1 0 0 1 1 0 1 0 1 0 0 0 0 0
70	5	0 1 1 1 1 0 1 0 0 0 1 0 0 0 0 0
70	5	1 0 0 1 0 1 0 1 0 1 0 1 0 0 1 1
70	2	0 1 0 1 0 1 0 0 0 0 0 0 1 0 0 0
70	4	0 0 1 0 1 0 1 0 1 0 1 1 0 0 0 0
70	2	0 0 0 0 1 1 1 0 1 0 1 0 0 0 0 0
70	7	1 1 0 1 0 1 0 0 0 0 1 0 0 0 0 0
70	2	0 0 0 0 1 0 1 0 1 0 1 0 1 1 0 0
70	10	1 0 1 0 1 1 0 1 1 0 0 0 1 1 0 0
70	2	1 0 1 0 1 0 1 0 1 0 1 0 1 0 0 0
70	8	1 0 1 0 0 0 1 0 1 0 1 0 0 0 0 0
70	5	0 0 1 0 1 0 0 0 0 0 0 0 1 1 0 0
70	13	0 0 1 0 1 0 1 0 1 0 0 0 0 0 0 0
70	4	0 1 1 0 1 0 1 0 1 0 1 0 0 1 0 0
70	4	0 1 0 0 1 0 1 0 1 0 1 0 0 1 0 0
70	7	1 0 0 1 0 1 0 1 0 0 0 0 0 1 1 1
70	13	0 1 0 1 0 1 0 0 1 0 0 0 1 1 0 0
70	8	0 0 1 0 1 1 1 0 1 0 0 0 0 0 0 0
70	1	0 0 1 0 1 1 1 0 0 1 1 0 0 0 0 0
70	1	0 0 1 0 1 0 0 0 0 0 0 1 1 1 0 0
70	2	0 0 0 0 1 0 1 0 1 0 1 0 0 1 0 0
70	1	1 0 0 1 0 0 0 0 1 0 1 0 0 0 0 0
70	1	1 0 0 1 0 1 0 1 0 0 0 0 0 1 0 0
70	1	0 0 1 0 1 1 0 0 0 0 0 0 1 1 0 0
70	1	0 0 0 0 1 0 1 0 1 0 1 1 0 1 0 0
70	3	0 0 1 0 1 0 1 1 1 0 1 0 0 1 0 0
70	1	0 0 1 0 1 0 1 0 0 0 1 1 0 1 0 0
70	2	0 0 0 1 0 0 0 1 0 0 0 1 1 0 1 1
70	3	0 1 0 1 0 1 0 0 0 0 1 0 0 1 0 0
70	2	0 0 1 0 1 1 0 0 1 0 1 0 0 0 0 0
70	1	0 0 0 1 0 1 0 0 0 0 0 1 1 0 1 1
70	2	0 0 0 1 0 1 0 0 0 0 0 0 0 0 0 0
70	2	1 0 0 1 0 1 0 1 0 1 0 1 0 0 0 0
70	1	0 1 0 0 1 0 1 0 1 0 1 0 0 0 0 0
70	1	0 0 0 0 1 0 1 0 1 0 0 0 0 0 0 0
70	2	0 1 0 0 0 1 0 0 0 0 1 0 0 0 0 0
70	1	0 0 0 1 0 0 1 1 0 0 0 1 0 0 1 1
70	1	0 1 0 1 0 1 1 1 0 0 1 0 1 1 0 0
70	3	0 0 1 0 1 0 0 0 0 0 1 0 1 1 0 0
70	1	0 0 1 0 1 1 0 0 0 0 0 0 1 0 0 0
80	53	0 1 0 1 0 1 0 0 0 0 0 0 1 1 0 0
80	306	0 0 1 0 1 0 1 0 1 0 1 0 0 0 0 0
80	3	0 0 0 0 1 0 1 0 1 0 1 0 0 0 0 0
80	7	0 0 1 0 1 0 1 0 1 0 1 0 0 0 1 0
80	17	0 1 0 1 0 1 0 0 0 0 1 0 1 1 0 0
80	99	0 1 1 0 1 0 1 0 1 0 1 0 0 0 0 0
80	4	1 1 0 1 0 1 0 0 0 0 0 0 1 1 0 0
80	1	0 0 1 1 1 0 1 0 1 0 1 0 0 0 0 0
80	21	0 0 1 0 1 0 1 0 1 0 1 0 0 1 0 0
80	15	0 0 1 0 1 1 1 0 0 0 1 0 0 0 0 0
80	12	1 0 0 1 0 0 0 1 0 0 0 0 0 0 1 1
80	6	0 0 1 0 1 0 1 0 0 0 1 0 0 0 0 0
80	52	0 0 1 0 1 0 1 0 1 0 1 0 1 0 0 0
80	31	0 0 1 0 1 1 1 0 1 0 1 0 0 0 0 0
80	13	0 0 1 1 0 1 0 0 0 0 0 0 1 1 0 0
80	10	0 0 1 0 1 0 1 0 1 0 1 1 0 1 0 0
80	2	0 0 0 1 0 0 1 0 1 0 1 0 0 0 0 0
80	2	0 0 0 1 0 0 0 1 0 0 1 1 0 0 1 1
80	2	0 0 0 1 0 0 0 1 0 0 0 1 0 0 1 1
80	2	0 0 1 0 1 0 1 1 0 0 0 1 0 0 1 1
80	9	0 0 0 1 0 1 1 0 1 0 1 1 0 0 0 0
80	7	1 0 1 0 1 1 0 0 0 0 0 0 0 0 0 0
80	4	0 0 1 0 0 0 1 0 1 0 1 0 0 0 0 0
80	16	0 0 1 0 1 0 1 1 1 0 1 0 0 0 0 1
80	17	1 0 1 0 1 0 1 0 1 0 1 0 0 0 0 0
80	15	0 1 0 1 0 0 0 1 0 0 0 0 1 1 0 0
80	3	0 1 1 1 0 1 0 0 0 0 0 0 1 1 0 0
80	20	0 1 0 1 0 1 0 0 0 0 0 1 1 1 0 0
80	7	0 0 1 1 0 1 0 0 0 0 0 0 0 1 0 0
80	16	0 1 0 1 0 1 0 0 1 0 1 0 0 0 0 0
80	7	0 0 1 0 0 1 1 0 1 0 1 0 0 0 0 0
80	8	0 1 1 1 1 0 1 0 0 0 1 0 0 0 0 0
80	32	0 0 1 0 1 0 1 0 1 0 1 1 0 0 0 0
80	4	1 1 0 1 0 1 0 0 0 0 1 0 0 0 0 0
80	4	1 0 1 0 1 0 1 0 1 0 1 0 1 0 0 0
80	23	0 0 1 0 1 0 1 0 1 0 0 0 0 0 0 0
80	13	0 1 1 0 1 0 1 0 1 0 1 0 0 1 0 0
80	2	0 1 0 0 1 0 1 0 1 0 1 0 0 1 0 0
80	13	1 0 0 1 0 1 0 1 0 0 0 0 0 1 1 1
80	4	0 1 0 1 0 1 0 0 1 0 0 0 1 1 0 0
80	11	0 0 1 0 1 1 1 0 1 0 0 0 0 0 0 0
80	2	0 0 1 0 1 0 1 1 1 0 1 0 0 1 0 0
80	6	1 0 0 1 0 1 0 1 0 1 0 1 0 0 0 0
80	4	0 1 0 0 0 1 0 0 0 0 1 0 0 0 0 0
80	6	0 0 1 0 0 0 0 1 0 0 0 0 1 1 0 0
80	9	0 1 0 1 1 0 1 0 1 0 1 0 0 1 0 0
80	2	0 1 0 1 0 1 0 0 1 0 1 0 0 0 0 1
80	2	0 1 1 1 1 0 1 0 0 0 1 0 0 0 0 1
80	2	1 0 0 1 0 1 0 0 0 0 1 0 0 0 0 0
80	5	0 0 0 1 0 0 0 1 0 0 1 0 0 0 0 0
80	5	0 0 1 0 1 1 0 0 0 0 0 0 1 1 0 0
80	2	0 0 0 1 0 0 0 1 0 0 1 0 1 1 0 0
80	5	0 1 1 0 1 0 1 0 1 0 1 0 1 0 0 0
80	1	0 1 0 1 0 1 0 0 0 1 1 0 1 1 0 0
80	7	0 1 1 0 1 0 1 0 1 0 1 0 0 0 1 0
80	2	0 0 1 1 1 0 1 0 0 0 1 0 0 0 0 0
80	3	0 1 1 0 1 0 1 0 1 0 0 1 0 0 0 0
80	1	0 0 1 0 1 0 1 0 1 0 1 0 0 0 0 1
80	2	0 1 1 0 1 0 1 0 1 0 1 1 0 0 0 0
80	1	0 0 0 0 1 0 1 0 0 0 1 0 0 0 0 0
80	6	0 0 1 0 1 0 1 0 0 0 1 0 1 0 0 0
80	6	0 0 0 1 0 1 1 1 1 0 1 1 0 0 0 0
80	1	0 1 0 0 0 1 0 0 0 0 0 1 1 1 0 0
80	6	0 1 1 1 1 0 1 0 0 0 1 1 0 0 0 0
80	4	0 1 0 1 0 1 0 0 1 0 0 0 0 0 0 1
80	1	0 0 1 0 1 0 1 0 1 0 1 0 1 1 0 0
80	2	0 1 1 0 0 1 0 0 0 0 0 1 1 1 0 0
80	1	0 0 1 1 0 1 0 0 0 0 0 1 1 1 0 0
80	1	0 1 0 1 0 1 0 0 0 0 1 1 0 0 0 0
80	1	0 1 0 1 0 1 0 0 0 0 1 0 1 1 0 1
80	2	0 1 0 1 1 0 1 0 0 0 1 0 0 0 0 1
80	2	0 0 1 0 1 0 1 1 1 0 1 0 0 0 0 0
80	1	0 0 1 0 1 0 1 0 1 0 0 1 1 1 0 0
80	1	0 0 1 0 1 0 0 0 1 0 1 0 0 0 0 0
80	1	1 0 0 1 0 0 0 1 0 0 0 1 0 0 1 1
80	2	0 0 1 0 1 1 1 0 1 0 1 0 1 0 0 0
80	1	1 0 1 0 1 0 1 0 0 0 1 0 1 0 0 0
80	1	0 0 1 0 0 0 1 1 0 0 0 0 1 1 0 0
90	19	0 1 0 1 0 1 0 0 0 0 0 0 1 1 0 0
90	241	0 0 1 0 1 0 1 0 1 0 1 0 0 0 0 0
90	6	0 1 0 1 0 1 0 0 0 0 1 0 1 1 0 0
90	71	0 1 1 0 1 0 1 0 1 0 1 0 0 0 0 0
90	7	0 0 1 0 1 0 1 0 1 0 1 0 0 1 0 0
90	28	0 0 1 0 1 1 1 0 0 0 1 0 0 0 0 0
90	7	1 0 0 1 0 0 0 1 0 0 0 0 0 0 1 1
90	2	0 0 1 0 1 0 1 0 0 0 1 0 0 0 0 0
90	57	0 0 1 0 1 0 1 0 1 0 1 0 1 0 0 0
90	4	0 0 1 0 1 1 1 0 1 0 1 0 0 0 0 0
90	9	0 0 1 1 0 1 0 0 0 0 0 0 1 1 0 0
90	4	0 0 1 0 1 0 1 0 1 0 1 1 0 1 0 0
90	12	0 0 0 1 0 0 1 0 1 0 1 0 0 0 0 0
90	6	0 0 0 1 0 1 1 0 1 0 1 1 0 0 0 0
90	7	1 0 1 0 1 1 0 0 0 0 0 0 0 0 0 0
90	16	0 0 1 0 0 0 1 0 1 0 1 0 0 0 0 0
90	43	0 0 1 0 1 0 1 1 1 0 1 0 0 0 0 1
90	37	1 0 1 0 1 0 1 0 1 0 1 0 0 0 0 0
90	13	0 1 0 1 0 1 0 0 0 0 0 1 1 1 0 0
90	7	0 0 1 1 0 1 0 0 0 0 0 0 0 1 0 0
90	30	0 1 0 1 0 1 0 0 1 0 1 0 0 0 0 0
90	39	0 0 1 0 1 0 1 0 1 0 1 1 0 0 0 0
90	9	1 0 1 0 1 0 1 0 1 0 1 0 1 0 0 0
90	27	0 0 1 0 1 0 1 0 1 0 0 0 0 0 0 0
90	35	0 1 1 0 1 0 1 0 1 0 1 0 0 1 0 0
90	6	1 0 0 1 0 1 0 1 0 0 0 0 0 1 1 1
90	2	0 1 0 1 0 1 0 0 1 0 0 0 1 1 0 0
90	11	0 0 1 0 1 1 1 0 1 0 0 0 0 0 0 0
90	4	0 0 1 0 0 0 0 1 0 0 0 0 1 1 0 0
90	9	0 1 0 1 1 0 1 0 1 0 1 0 0 1 0 0
90	4	0 1 0 1 0 1 0 0 1 0 1 0 0 0 0 1
90	8	0 0 1 0 1 1 0 0 0 0 0 0 1 1 0 0
90	11	0 1 1 0 1 0 1 0 1 0 1 0 1 0 0 0
90	12	0 0 1 1 1 0 1 0 0 0 1 0 0 0 0 0
90	9	0 1 1 0 1 0 1 0 1 0 1 1 0 0 0 0
90	7	0 0 1 0 1 0 1 0 0 0 1 0 1 0 0 0
90	1	0 0 0 1 0 1 1 1 1 0 1 1 0 0 0 0
90	5	0 1 1 1 1 0 1 0 0 0 1 1 0 0 0 0
90	4	0 1 1 0 0 1 0 0 0 0 0 1 1 1 0 0
90	3	0 1 0 1 0 1 0 0 0 0 1 0 1 1 0 1
90	13	0 0 1 0 1 0 0 0 1 0 1 0 0 0 0 0
90	7	0 0 1 0 1 1 1 0 1 0 1 0 1 0 0 0
90	3	0 0 1 0 1 0 1 1 1 0 1 0 0 0 1 0
90	6	0 1 0 0 0 1 0 0 0 0 1 0 1 1 0 0
90	1	0 1 1 0 1 0 1 0 1 0 0 0 0 0 0 0
90	15	0 0 1 0 1 0 0 0 1 0 1 0 0 1 0 0
90	10	0 0 1 1 0 0 0 1 0 0 0 1 0 0 1 1
90	9	0 1 1 0 1 0 1 0 0 0 1 0 0 0 0 0
90	6	1 1 1 0 1 0 1 0 1 0 1 0 0 0 0 0
90	4	0 1 1 0 1 0 1 1 1 0 1 0 0 0 0 0
90	2	1 0 0 1 0 1 0 0 0 1 0 1 0 0 0 0
90	6	0 1 1 0 1 0 1 1 1 0 1 0 0 0 0 1
90	14	0 0 0 1 0 0 1 0 1 0 1 0 0 0 0 1
90	2	0 0 1 0 1 0 1 0 0 0 0 0 0 1 1 1
90	5	0 1 1 1 1 0 1 0 0 0 1 1 0 1 0 0
90	3	0 1 1 0 1 1 1 0 1 0 1 0 0 0 0 0
90	3	0 1 1 0 1 1 1 0 1 0 1 1 0 0 0 0
90	3	1 0 1 0 1 0 1 0 1 0 0 0 0 0 0 0
90	4	0 1 1 0 1 1 1 0 0 0 1 0 0 0 0 0
90	2	0 1 0 1 0 0 1 0 1 0 1 0 1 0 0 0
90	3	0 1 0 1 0 0 1 0 1 0 1 0 0 0 0 0
90	2	0 0 1 1 0 1 0 0 0 0 0 0 0 0 0 0
90	1	0 1 1 0 1 0 1 0 0 0 1 1 0 0 0 0
90	2	0 1 0 1 0 1 0 0 0 0 0 0 0 1 0 0
90	1	0 0 1 1 1 1 0 0 0 0 0 0 1 1 0 0
90	5	0 0 0 1 0 0 1 0 1 0 1 0 0 1 0 0
90	4	1 0 1 0 1 0 1 1 1 0 1 0 0 0 0 0
90	3	0 1 1 1 1 0 1 0 0 0 1 0 0 0 0 1
90	3	0 0 1 0 1 0 1 0 0 0 0 0 1 1 0 0
90	1	0 0 1 0 1 0 1 0 1 0 1 0 0 0 1 0
90	6	1 0 0 1 0 0 0 1 0 0 0 0 0 0 0 0
90	1	0 1 0 1 0 1 0 0 1 0 1 0 0 0 1 0
90	1	0 1 0 1 0 1 0 0 1 0 1 0 0 1 0 0
90	3	0 0 1 0 1 1 0 0 0 0 0 0 0 0 0 0
90	1	1 0 1 1 0 0 1 0 1 0 1 0 0 0 0 0
90	2	0 0 1 1 0 0 0 1 0 0 0 1 0 0 0 0
90	2	0 1 1 0 0 0 1 0 1 0 1 0 0 0 0 0
90	2	0 0 1 0 1 0 0 0 1 0 1 1 0 1 0 0
90	2	0 0 1 0 0 0 1 0 1 0 1 0 0 1 0 0
90	1	0 1 0 1 0 1 0 0 0 0 1 1 1 1 0 0
90	1	0 1 0 1 0 1 0 1 0 0 0 1 1 1 0 0
90	2	0 0 1 0 1 0 1 1 1 0 1 0 0 1 1 0
90	1	0 1 1 0 1 1 1 1 1 0 1 0 0 0 0 0
100	25	0 1 0 1 0 1 0 0 0 0 0 0 1 1 0 0
100	197	0 0 1 0 1 0 1 0 1 0 1 0 0 0 0 0
100	44	0 1 1 0 1 0 1 0 1 0 1 0 0 0 0 0
100	6	0 0 1 0 1 0 1 0 1 0 1 0 0 1 0 0
100	13	0 0 1 0 1 1 1 0 0 0 1 0 0 0 0 0
100	42	0 0 1 0 1 0 1 0 1 0 1 0 1 0 0 0
100	17	0 0 1 0 1 1 1 0 1 0 1 0 0 0 0 0
100	10	0 0 1 0 1 0 1 0 1 0 1 1 0 1 0 0
100	1	0 0 0 1 0 0 1 0 1 0 1 0 0 0 0 0
100	8	0 0 0 1 0 1 1 0 1 0 1 1 0 0 0 0
100	29	0 0 1 0 0 0 1 0 1 0 1 0 0 0 0 0
100	35	0 0 1 0 1 0 1 1 1 0 1 0 0 0 0 1
100	25	1 0 1 0 1 0 1 0 1 0 1 0 0 0 0 0
100	6	0 1 0 1 0 1 0 0 0 0 0 1 1 1 0 0
100	5	0 0 1 1 0 1 0 0 0 0 0 0 0 1 0 0
100	20	0 1 0 1 0 1 0 0 1 0 1 0 0 0 0 0
100	48	0 0 1 0 1 0 1 0 1 0 1 1 0 0 0 0
100	17	1 0 1 0 1 0 1 0 1 0 1 0 1 0 0 0
100	25	0 0 1 0 1 0 1 0 1 0 0 0 0 0 0 0
100	30	0 1 1 0 1 0 1 0 1 0 1 0 0 1 0 0
100	8	1 0 0 1 0 1 0 1 0 0 0 0 0 1 1 1
100	29	0 0 1 0 1 1 1 0 1 0 0 0 0 0 0 0
100	7	0 1 0 1 1 0 1 0 1 0 1 0 0 1 0 0
100	2	0 1 0 1 0 1 0 0 1 0 1 0 0 0 0 1
100	5	0 0 1 0 1 1 0 0 0 0 0 0 1 1 0 0
100	4	0 1 1 0 1 0 1 0 1 0 1 0 1 0 0 0
100	13	0 0 1 1 1 0 1 0 0 0 1 0 0 0 0 0
100	10	0 1 1 0 1 0 1 0 1 0 1 1 0 0 0 0
100	4	0 0 1 0 1 0 1 0 0 0 1 0 1 0 0 0
100	5	0 1 1 1 1 0 1 0 0 0 1 1 0 0 0 0
100	1	0 1 1 0 0 1 0 0 0 0 0 1 1 1 0 0
100	6	0 0 1 0 1 0 0 0 1 0 1 0 0 0 0 0
100	1	0 0 1 0 1 1 1 0 1 0 1 0 1 0 0 0
100	2	0 0 1 0 1 0 1 1 1 0 1 0 0 0 1 0
100	3	0 0 1 0 1 0 0 0 1 0 1 0 0 1 0 0
100	7	0 0 1 1 0 0 0 1 0 0 0 1 0 0 1 1
100	9	1 1 1 0 1 0 1 0 1 0 1 0 0 0 0 0
100	3	0 1 1 0 1 0 1 1 1 0 1 0 0 0 0 0
100	15	0 1 1 0 1 0 1 1 1 0 1 0 0 0 0 1
100	25	0 0 0 1 0 0 1 0 1 0 1 0 0 0 0 1
100	6	0 0 1 0 1 0 1 0 0 0 0 0 0 1 1 1
100	2	0 1 1 0 1 1 1 0 1 0 1 0 0 0 0 0
100	6	0 1 1 0 1 1 1 0 1 0 1 1 0 0 0 0
100	3	0 1 0 1 0 0 1 0 1 0 1 0 0 0 0 0
100	4	0 1 1 0 1 0 1 0 0 0 1 1 0 0 0 0
100	1	0 1 0 1 0 1 0 0 0 0 0 0 0 1 0 0
100	23	0 0 0 1 0 0 1 0 1 0 1 0 0 1 0 0
100	4	1 0 1 0 1 0 1 1 1 0 1 0 0 0 0 0
100	12	0 1 1 1 1 0 1 0 0 0 1 0 0 0 0 1
100	8	0 0 1 0 1 0 1 0 0 0 0 0 1 1 0 0
100	5	1 0 0 1 0 0 0 1 0 0 0 0 0 0 0 0
100	4	0 1 0 1 0 1 0 0 1 0 1 0 0 1 0 0
100	1	0 0 1 0 1 1 0 0 0 0 0 0 0 0 0 0
100	17	0 1 1 0 0 0 1 0 1 0 1 0 0 0 0 0
100	1	0 0 1 0 1 0 0 0 1 0 1 1 0 1 0 0
100	14	0 0 1 0 1 0 1 1 1 0 1 0 0 1 1 0
100	3	1 0 0 0 1 0 1 0 1 0 1 0 0 0 0 0
100	2	0 0 1 0 1 0 1 0 0 0 1 1 0 0 0 0
100	3	0 1 1 0 1 0 0 0 1 0 1 0 0 0 0 0
100	2	0 0 1 0 1 1 0 0 0 0 0 0 1 1 1 0
100	6	0 0 1 0 1 0 1 1 1 0 1 0 0 0 0 0
100	13	1 0 1 1 1 0 1 0 0 0 1 0 0 0 0 0
100	9	0 0 1 1 1 0 1 0 1 0 1 0 0 0 0 0
100	3	0 0 0 1 0 0 1 0 0 0 1 0 0 0 0 0
100	5	0 0 0 0 1 0 0 0 1 0 1 0 0 1 0 0
100	3	0 0 1 1 0 0 1 0 0 0 1 0 0 0 0 0
100	3	1 1 0 1 0 1 0 0 0 0 0 0 1 1 0 0
100	2	0 0 1 0 1 0 1 0 0 0 1 0 0 0 0 0
100	2	0 0 1 0 1 0 1 0 0 0 0 1 0 1 1 1
100	6	1 0 1 0 1 0 1 1 1 1 1 0 0 0 0 0
100	4	0 1 1 1 1 1 0 0 0 0 1 0 0 0 0 1
100	5	0 1 1 0 1 0 1 0 1 0 1 0 0 0 1 0
100	1	0 0 1 1 1 0 1 0 1 0 1 0 1 0 0 0
100	4	0 0 1 0 1 0 1 1 1 0 1 0 0 1 0 1
100	2	0 0 1 0 1 0 1 0 1 0 0 1 0 0 0 0
100	10	1 0 0 1 1 0 1 0 1 0 1 0 0 0 0 0
100	1	0 0 1 0 1 0 1 0 1 0 1 0 0 0 0 1
100	3	0 0 1 0 1 0 0 1 1 0 1 0 0 0 0 1
100	1	1 0 1 0 1 0 1 0 1 0 1 1 0 0 0 0
100	2	0 1 0 1 0 0 0 0 1 0 1 0 0 0 0 0
100	2	0 1 0 1 0 1 0 0 1 0 1 0 1 0 0 0
100	1	0 0 1 0 1 0 1 0 1 0 1 1 0 0 1 0
100	6	0 1 0 1 0 0 1 0 1 0 0 0 0 0 0 0
100	3	0 0 1 0 0 1 1 0 0 0 1 0 0 0 0 0
100	3	1 0 1 0 1 0 1 0 1 0 1 1 0 1 0 0
100	1	0 0 1 1 0 1 0 0 0 0 0 1 0 1 0 0
100	1	0 0 1 1 0 1 0 0 0 0 0 0 0 0 0 0
100	1	1 0 1 0 1 0 1 0 1 0 1 0 1 0 1 0
100	1	0 0 0 1 0 1 0 1 0 0 0 0 0 1 1 1
100	1	0 0 0 1 0 0 1 0 1 0 1 0 1 0 0 1
100	1	0 1 0 1 0 1 0 0 0 0 1 0 0 0 0 0
100	1	0 1 1 0 1 1 1 0 1 0 0 0 0 0 0 0
100	1	0 0 1 0 1 0 1 1 1 1 1 0 0 0 0 0
100	2	0 0 1 0 1 1 0 0 0 0 1 0 0 0 0 0
100	1	0 0 1 0 1 0 1 0 0 0 0 1 0 1 0 0
100	1	1 0 1 0 1 0 1 0 1 0 1 0 0 0 1 0
100	2	0 0 1 0 1 1 1 0 1 0 0 0 0 0 1 0
100	1	0 0 1 0 1 1 1 0 1 0 0 0 0 0 0 1
100	1	0 0 1 1 1 0 1 1 0 0 1 0 0 0 0 0
100	1	0 1 1 1 1 0 1 0 0 1 1 1 0 0 0 0
110	32	0 1 0 1 0 1 0 0 0 0 0 0 1 1 0 0
110	124	0 0 1 0 1 0 1 0 1 0 1 0 0 0 0 0
110	65	0 1 1 0 1 0 1 0 1 0 1 0 0 0 0 0
110	30	0 0 1 0 1 0 1 0 1 0 1 0 0 1 0 0
110	2	0 0 1 0 1 1 1 0 0 0 1 0 0 0 0 0
110	14	0 0 1 0 1 0 1 0 1 0 1 0 1 0 0 0
110	10	0 0 1 0 1 1 1 0 1 0 1 0 0 0 0 0
110	11	0 0 0 1 0 0 1 0 1 0 1 0 0 0 0 0
110	6	0 0 0 1 0 1 1 0 1 0 1 1 0 0 0 0
110	36	0 0 1 0 0 0 1 0 1 0 1 0 0 0 0 0
110	13	0 0 1 0 1 0 1 1 1 0 1 0 0 0 0 1
110	28	1 0 1 0 1 0 1 0 1 0 1 0 0 0 0 0
110	11	0 1 0 1 0 1 0 0 1 0 1 0 0 0 0 0
110	55	0 0 1 0 1 0 1 0 1 0 1 1 0 0 0 0
110	20	1 0 1 0 1 0 1 0 1 0 1 0 1 0 0 0
110	8	0 0 1 0 1 0 1 0 1 0 0 0 0 0 0 0
110	40	0 1 1 0 1 0 1 0 1 0 1 0 0 1 0 0
110	14	1 0 0 1 0 1 0 1 0 0 0 0 0 1 1 1
110	8	0 0 1 0 1 1 1 0 1 0 0 0 0 0 0 0
110	12	0 1 1 0 1 0 1 0 1 0 1 0 1 0 0 0
110	15	0 0 1 1 1 0 1 0 0 0 1 0 0 0 0 0
110	5	0 1 1 0 1 0 1 0 1 0 1 1 0 0 0 0
110	4	0 0 1 0 1 0 1 0 0 0 1 0 1 0 0 0
110	29	0 0 1 0 1 0 0 0 1 0 1 0 0 0 0 0
110	4	0 0 1 0 1 0 1 1 1 0 1 0 0 0 1 0
110	3	0 0 1 0 1 0 0 0 1 0 1 0 0 1 0 0
110	13	0 0 1 1 0 0 0 1 0 0 0 1 0 0 1 1
110	3	1 1 1 0 1 0 1 0 1 0 1 0 0 0 0 0
110	6	0 1 1 0 1 0 1 1 1 0 1 0 0 0 0 1
110	19	0 0 0 1 0 0 1 0 1 0 1 0 0 0 0 1
110	1	0 0 1 0 1 0 1 0 0 0 0 0 0 1 1 1
110	6	0 1 1 0 1 1 1 0 1 0 1 0 0 0 0 0
110	16	0 1 1 0 1 0 1 0 0 0 1 1 0 0 0 0
110	31	0 0 0 1 0 0 1 0 1 0 1 0 0 1 0 0
110	9	0 1 1 1 1 0 1 0 0 0 1 0 0 0 0 1
110	4	1 0 0 1 0 0 0 1 0 0 0 0 0 0 0 0
110	3	0 1 0 1 0 1 0 0 1 0 1 0 0 1 0 0
110	8	0 0 1 0 1 1 0 0 0 0 0 0 0 0 0 0
110	13	0 1 1 0 0 0 1 0 1 0 1 0 0 0 0 0
110	21	0 0 1 0 1 0 1 1 1 0 1 0 0 1 1 0
110	9	1 0 1 1 1 0 1 0 0 0 1 0 0 0 0 0
110	29	0 0 1 1 1 0 1 0 1 0 1 0 0 0 0 0
110	12	0 0 0 1 0 0 1 0 0 0 1 0 0 0 0 0
110	1	1 1 0 1 0 1 0 0 0 0 0 0 1 1 0 0
110	6	0 0 1 0 1 0 1 0 0 0 1 0 0 0 0 0
110	15	1 0 1 0 1 0 1 1 1 1 1 0 0 0 0 0
110	7	0 1 1 0 1 0 1 0 1 0 1 0 0 0 1 0
110	5	0 0 1 1 1 0 1 0 1 0 1 0 1 0 0 0
110	4	1 0 0 1 1 0 1 0 1 0 1 0 0 0 0 0
110	16	1 0 1 0 1 0 1 0 1 0 1 1 0 0 0 0
110	2	0 1 0 1 0 1 0 0 1 0 1 0 1 0 0 0
110	14	1 0 1 0 1 0 1 0 1 0 1 1 0 1 0 0
110	2	0 0 0 1 0 1 0 1 0 0 0 0 0 1 1 1
110	8	1 0 1 0 1 0 1 0 1 0 1 0 0 0 1 0
110	3	0 0 1 1 1 0 1 1 0 0 1 0 0 0 0 0
110	4	0 1 1 0 0 0 1 0 1 0 1 0 1 0 0 0
110	3	1 0 1 0 1 0 1 0 0 0 1 0 0 0 0 0
110	8	1 0 1 0 1 0 1 0 0 0 0 1 0 1 1 1
110	2	0 0 0 0 1 1 1 0 1 0 0 0 0 0 0 0
110	2	1 0 1 0 1 0 1 1 1 0 1 0 0 1 1 0
110	6	0 0 1 0 1 0 1 1 1 0 1 0 0 1 0 0
110	3	0 1 1 1 1 0 1 0 1 0 1 0 0 0 0 0
110	6	1 0 1 0 1 0 1 0 1 0 1 0 0 0 0 1
110	1	0 1 1 0 1 0 1 0 1 0 0 0 0 0 0 0
110	4	0 1 0 1 0 1 0 0 0 1 0 0 1 1 0 0
110	6	0 0 1 0 1 0 1 0 1 0 1 0 0 0 0 1
110	1	0 1 0 1 0 1 0 0 1 0 1 0 0 0 1 0
110	2	0 0 1 0 1 0 1 1 1 1 1 0 0 1 0 0
110	5	0 1 0 0 1 0 1 0 1 0 1 0 0 0 0 1
110	3	0 1 1 0 1 1 0 0 0 0 0 0 1 1 0 0
110	4	0 0 1 0 0 1 0 1 0 0 0 0 0 1 1 1
110	1	0 0 0 1 0 0 1 0 1 0 1 0 1 0 0 0
110	2	0 0 1 0 0 0 1 1 1 0 1 0 0 0 1 0
110	3	0 1 1 0 1 0 1 1 1 0 1 0 0 1 0 0
110	2	0 1 1 0 0 0 1 0 1 0 0 0 0 0 0 0
110	1	0 0 1 0 1 0 1 0 1 1 1 0 0 0 0 0
110	4	0 0 1 0 1 1 1 0 1 0 1 0 1 0 0 0
110	1	0 0 0 1 0 0 1 0 1 0 1 1 0 0 0 0
110	1	0 0 1 0 0 0 0 0 1 0 1 0 0 0 0 0
110	1	0 0 0 1 0 0 1 0 1 0 1 0 0 1 0 1
110	2	0 1 1 1 1 0 1 0 0 0 0 0 0 0 0 1
110	3	1 0 0 1 1 0 1 0 0 0 1 0 0 0 0 0
110	3	0 0 1 0 1 0 1 0 1 0 0 0 1 1 0 0
110	1	0 0 0 1 0 0 1 0 1 0 1 0 0 0 1 1
110	2	0 0 1 0 1 1 1 1 1 0 1 0 0 0 0 1
110	1	0 0 0 0 1 0 1 1 1 0 1 0 0 0 0 1
110	2	0 1 1 0 1 0 0 0 1 0 1 0 0 1 0 0
110	4	0 1 1 0 0 0 1 0 1 0 1 0 0 0 0 1
110	3	0 1 0 1 0 0 1 1 0 0 1 0 0 0 0 0
110	1	0 0 0 0 1 0 1 1 1 1 1 0 0 0 0 0
110	1	0 0 0 1 0 1 0 0 0 0 0 0 1 1 0 0
110	2	0 1 0 1 0 1 0 0 0 0 0 0 0 1 0 0
110	5	0 0 1 0 1 0 1 0 1 1 1 0 0 1 0 0
110	1	0 0 1 1 0 0 1 0 1 0 1 0 0 0 0 0
110	2	0 0 0 0 1 0 1 0 1 0 1 1 0 0 0 0
110	2	1 0 1 0 1 0 0 0 1 0 1 0 0 0 0 0
110	2	0 1 1 1 1 0 1 0 0 0 1 1 0 0 0 0
110	1	0 1 1 0 0 0 1 0 0 0 1 0 0 0 0 0
110	1	0 0 0 0 1 1 1 0 1 0 0 0 0 0 1 0
120	33	0 1 0 1 0 1 0 0 0 0 0 0 1 1 0 0
120	82	0 0 1 0 1 0 1 0 1 0 1 0 0 0 0 0
120	37	0 1 1 0 1 0 1 0 1 0 1 0 0 0 0 0
120	34	0 0 1 0 1 0 1 0 1 0 1 0 0 1 0 0
120	4	0 0 1 0 1 1 1 0 1 0 1 0 0 0 0 0
120	3	0 0 0 1 0 0 1 0 1 0 1 0 0 0 0 0
120	1	0 0 0 1 0 1 1 0 1 0 1 1 0 0 0 0
120	16	0 0 1 0 0 0 1 0 1 0 1 0 0 0 0 0
120	3	0 0 1 0 1 0 1 1 1 0 1 0 0 0 0 1
120	20	1 0 1 0 1 0 1 0 1 0 1 0 0 0 0 0
120	54	0 0 1 0 1 0 1 0 1 0 1 1 0 0 0 0
120	1	0 0 1 0 1 0 1 0 1 0 0 0 0 0 0 0
120	53	0 1 1 0 1 0 1 0 1 0 1 0 0 1 0 0
120	1	1 0 0 1 0 1 0 1 0 0 0 0 0 1 1 1
120	6	0 0 1 0 1 1 1 0 1 0 0 0 0 0 0 0
120	19	0 1 1 0 1 0 1 0 1 0 1 0 1 0 0 0
120	16	0 0 1 1 1 0 1 0 0 0 1 0 0 0 0 0
120	19	0 0 1 0 1 0 0 0 1 0 1 0 0 0 0 0
120	16	0 0 1 1 0 0 0 1 0 0 0 1 0 0 1 1
120	9	0 1 1 0 1 0 1 1 1 0 1 0 0 0 0 1
120	25	0 1 1 0 1 0 1 0 0 0 1 1 0 0 0 0
120	30	0 0 0 1 0 0 1 0 1 0 1 0 0 1 0 0
120	1	0 1 1 1 1 0 1 0 0 0 1 0 0 0 0 1
120	10	1 0 0 1 0 0 0 1 0 0 0 0 0 0 0 0
120	11	0 1 0 1 0 1 0 0 1 0 1 0 0 1 0 0
120	1	0 0 1 0 1 1 0 0 0 0 0 0 0 0 0 0
120	27	0 1 1 0 0 0 1 0 1 0 1 0 0 0 0 0
120	33	0 0 1 0 1 0 1 1 1 0 1 0 0 1 1 0
120	28	1 0 1 1 1 0 1 0 0 0 1 0 0 0 0 0
120	48	0 0 1 1 1 0 1 0 1 0 1 0 0 0 0 0
120	9	0 0 0 1 0 0 1 0 0 0 1 0 0 0 0 0
120	8	0 0 1 0 1 0 1 0 0 0 1 0 0 0 0 0
120	8	1 0 1 0 1 0 1 1 1 1 1 0 0 0 0 0
120	8	0 0 1 1 1 0 1 0 1 0 1 0 1 0 0 0
120	4	1 0 0 1 1 0 1 0 1 0 1 0 0 0 0 0
120	5	1 0 1 0 1 0 1 0 1 0 1 1 0 0 0 0
120	13	1 0 1 0 1 0 1 0 1 0 1 1 0 1 0 0
120	27	1 0 1 0 1 0 1 0 1 0 1 0 0 0 1 0
120	4	1 0 1 0 1 0 1 0 0 0 1 0 0 0 0 0
120	13	0 0 1 0 1 0 1 1 1 0 1 0 0 1 0 0
120	17	1 0 1 0 1 0 1 0 1 0 1 0 0 0 0 1
120	6	0 1 1 0 1 0 1 0 1 0 0 0 0 0 0 0
120	2	0 0 1 0 1 0 1 0 1 0 1 0 0 0 0 1
120	2	0 1 1 0 1 1 0 0 0 0 0 0 1 1 0 0
120	1	0 0 1 0 0 1 0 1 0 0 0 0 0 1 1 1
120	3	0 1 1 0 1 0 1 1 1 0 1 0 0 1 0 0
120	3	0 1 1 1 1 0 1 0 0 0 0 0 0 0 0 1
120	11	1 0 0 1 1 0 1 0 0 0 1 0 0 0 0 0
120	8	0 0 1 0 1 0 1 0 1 0 0 0 1 1 0 0
120	1	0 0 1 1 0 0 1 0 1 0 1 0 0 0 0 0
120	6	0 0 0 0 1 0 1 0 1 0 1 1 0 0 0 0
120	3	1 0 1 0 1 0 0 0 1 0 1 0 0 0 0 0
120	12	0 1 1 1 1 0 1 0 0 0 1 1 0 0 0 0
120	7	0 1 1 0 0 0 1 0 0 0 1 0 0 0 0 0
120	7	0 1 1 1 1 0 1 0 1 0 1 0 0 1 0 0
120	1	1 0 1 1 1 0 1 0 1 0 1 0 0 0 1 0
120	2	0 1 0 1 0 1 0 1 0 0 0 0 0 1 1 1
120	2	0 1 0 1 0 1 1 0 0 0 0 0 1 1 0 0
120	15	0 1 1 0 1 0 0 0 1 0 1 0 0 0 0 0
120	4	1 0 1 0 0 0 1 0 1 0 1 1 0 1 0 0
120	10	0 1 1 0 1 0 1 0 0 0 1 0 0 0 0 0
120	2	0 0 0 0 1 0 1 0 1 0 1 0 0 0 0 0
120	4	0 0 0 0 1 0 0 0 1 0 1 0 0 0 0 0
120	1	0 0 0 1 1 0 1 0 1 0 1 0 0 0 0 1
120	2	0 0 0 1 0 0 1 0 1 0 1 1 0 0 0 1
120	6	1 0 1 0 1 0 1 0 0 0 0 1 0 0 1 1
120	1	1 0 1 0 1 0 1 0 1 0 1 0 0 1 0 0
120	4	0 0 1 1 0 0 0 1 0 0 0 1 0 0 0 0
120	2	0 0 1 1 1 0 1 0 1 0 1 1 0 0 0 0
120	1	0 1 1 0 1 0 1 0 0 1 1 1 0 0 0 0
120	10	1 0 1 0 1 0 0 0 1 0 1 1 0 1 0 0
120	7	0 0 1 0 1 0 1 0 1 0 1 1 0 0 1 0
120	2	0 1 1 0 1 1 1 0 1 0 1 0 0 1 0 0
120	2	0 1 1 0 1 0 1 1 0 0 1 1 0 0 0 0
120	2	0 0 1 0 1 0 0 1 1 0 1 0 0 1 1 0
120	4	1 0 1 1 1 0 1 0 0 0 1 0 0 0 0 1
120	6	0 0 1 0 1 0 1 0 1 1 1 0 0 0 0 1
120	8	0 1 0 1 0 1 1 1 0 0 1 0 0 0 0 0
120	2	0 0 0 0 1 0 1 0 1 0 1 1 0 1 0 0
120	1	0 0 1 0 1 0 1 0 1 0 1 0 0 1 1 0
120	3	0 0 0 1 0 1 1 0 1 0 1 0 0 0 0 1
120	9	1 0 1 1 1 0 1 1 1 1 1 0 0 0 0 0
120	2	1 0 0 1 0 0 1 0 0 0 1 0 0 0 0 0
120	1	0 1 1 0 1 0 1 0 0 0 0 0 1 1 0 0
120	2	1 1 1 0 1 0 1 0 0 0 1 1 0 0 0 0
120	2	1 0 1 1 1 0 1 0 1 0 1 0 0 0 0 0
120	1	0 1 1 0 1 1 1 0 1 0 0 0 0 0 0 0
120	2	0 1 1 0 1 0 1 0 0 0 1 0 0 0 1 0
120	1	0 0 1 1 1 0 1 0 0 0 0 0 1 1 0 0
120	1	0 0 0 1 1 0 1 0 1 0 1 0 0 0 1 0
120	1	0 0 1 0 1 0 1 0 1 0 1 1 0 1 0 0
120	7	0 0 1 0 1 0 1 0 1 1 1 0 0 0 0 0
120	2	0 0 1 0 1 0 1 0 1 0 1 0 0 1 0 1
120	1	1 1 1 0 1 0 1 0 1 0 1 0 0 1 0 0
120	1	0 1 1 0 1 0 1 0 0 0 1 0 0 1 0 0
120	1	1 0 1 1 1 0 1 0 0 0 0 0 0 0 0 0
120	2	1 0 1 1 1 0 1 0 1 0 1 0 0 0 1 1
120	2	0 0 0 0 1 0 1 0 1 0 1 0 0 0 1 0
120	5	1 1 1 0 1 0 1 0 0 0 0 1 0 0 1 1
120	3	1 0 0 1 0 0 0 0 0 0 1 0 0 0 0 0
120	1	1 1 0 1 0 1 0 0 0 0 0 0 1 1 1 0
120	2	0 0 1 0 0 0 1 0 0 0 0 0 0 0 0 0
120	3	0 1 1 0 1 0 1 0 0 0 0 0 0 0 0 1
120	1	0 1 1 0 1 0 1 0 1 0 1 0 0 0 0 1
120	1	0 1 1 1 1 0 1 0 0 0 1 0 0 0 0 0
120	2	1 0 1 0 1 0 1 1 1 0 1 0 0 1 1 0
120	2	1 0 1 1 1 0 1 1 1 1 0 1 0 0 1 1
120	2	1 0 1 0 1 1 1 0 1 0 1 0 0 0 0 0
120	2	0 0 1 0 1 0 1 0 1 0 1 0 1 0 0 0
120	1	0 0 1 1 0 0 0 1 0 1 0 1 0 0 1 1
120	2	0 0 1 1 1 0 1 0 1 0 1 1 0 1 0 0
120	2	1 0 1 0 1 0 0 0 1 0 1 1 0 1 1 0
130	17	0 1 0 1 0 1 0 0 0 0 0 0 1 1 0 0
130	29	0 0 1 0 1 0 1 0 1 0 1 0 0 0 0 0
130	48	0 1 1 0 1 0 1 0 1 0 1 0 0 0 0 0
130	19	0 0 1 0 1 0 1 0 1 0 1 0 0 1 0 0
130	5	0 0 0 1 0 0 1 0 1 0 1 0 0 0 0 0
130	3	0 0 0 1 0 1 1 0 1 0 1 1 0 0 0 0
130	8	0 0 1 0 0 0 1 0 1 0 1 0 0 0 0 0
130	6	1 0 1 0 1 0 1 0 1 0 1 0 0 0 0 0
130	64	0 0 1 0 1 0 1 0 1 0 1 1 0 0 0 0
130	36	0 1 1 0 1 0 1 0 1 0 1 0 0 1 0 0
130	4	0 0 1 0 1 1 1 0 1 0 0 0 0 0 0 0
130	8	0 1 1 0 1 0 1 0 1 0 1 0 1 0 0 0
130	47	0 0 1 1 1 0 1 0 0 0 1 0 0 0 0 0
130	2	0 0 1 0 1 0 0 0 1 0 1 0 0 0 0 0
130	13	0 1 1 0 1 0 1 1 1 0 1 0 0 0 0 1
130	44	0 1 1 0 1 0 1 0 0 0 1 1 0 0 0 0
130	30	0 0 0 1 0 0 1 0 1 0 1 0 0 1 0 0
130	1	1 0 0 1 0 0 0 1 0 0 0 0 0 0 0 0
130	11	0 1 0 1 0 1 0 0 1 0 1 0 0 1 0 0
130	4	0 0 1 0 1 1 0 0 0 0 0 0 0 0 0 0
130	38	0 1 1 0 0 0 1 0 1 0 1 0 0 0 0 0
130	31	0 0 1 0 1 0 1 1 1 0 1 0 0 1 1 0
130	16	1 0 1 1 1 0 1 0 0 0 1 0 0 0 0 0
130	65	0 0 1 1 1 0 1 0 1 0 1 0 0 0 0 0
130	7	0 0 0 1 0 0 1 0 0 0 1 0 0 0 0 0
130	19	0 0 1 0 1 0 1 0 0 0 1 0 0 0 0 0
130	2	0 0 1 1 1 0 1 0 1 0 1 0 1 0 0 0
130	14	1 0 1 0 1 0 1 0 1 0 1 1 0 0 0 0
130	26	1 0 1 0 1 0 1 0 1 0 1 1 0 1 0 0
130	14	1 0 1 0 1 0 1 0 1 0 1 0 0 0 1 0
130	13	1 0 1 0 1 0 1 0 0 0 1 0 0 0 0 0
130	8	0 1 1 0 1 0 1 0 1 0 0 0 0 0 0 0
130	16	0 0 1 0 1 0 1 0 1 0 1 0 0 0 0 1
130	4	0 1 1 1 1 0 1 0 0 0 0 0 0 0 0 1
130	5	1 0 0 1 1 0 1 0 0 0 1 0 0 0 0 0
130	3	0 0 0 0 1 0 1 0 1 0 1 1 0 0 0 0
130	6	0 1 1 1 1 0 1 0 0 0 1 1 0 0 0 0
130	2	0 1 0 1 0 1 1 0 0 0 0 0 1 1 0 0
130	19	0 1 1 0 1 0 0 0 1 0 1 0 0 0 0 0
130	2	1 0 1 0 0 0 1 0 1 0 1 1 0 1 0 0
130	9	0 1 1 0 1 0 1 0 0 0 1 0 0 0 0 0
130	6	0 0 0 1 0 0 1 0 1 0 1 1 0 0 0 1
130	5	0 0 1 1 1 0 1 0 1 0 1 1 0 0 0 0
130	10	1 0 1 0 1 0 0 0 1 0 1 1 0 1 0 0
130	16	0 0 1 0 1 0 1 0 1 0 1 1 0 0 1 0
130	15	0 1 1 0 1 1 1 0 1 0 1 0 0 1 0 0
130	2	0 1 1 0 1 0 1 1 0 0 1 1 0 0 0 0
130	4	0 0 1 0 1 0 1 0 1 1 1 0 0 0 0 1
130	6	0 1 0 1 0 1 1 1 0 0 1 0 0 0 0 0
130	7	0 0 0 1 0 1 1 0 1 0 1 0 0 0 0 1
130	3	1 0 1 1 1 0 1 1 1 1 1 0 0 0 0 0
130	4	0 0 1 0 1 0 1 0 1 0 1 1 0 1 0 0
130	4	1 0 1 1 1 0 1 0 0 0 0 0 0 0 0 0
130	2	1 1 0 1 0 1 0 0 0 0 0 0 1 1 1 0
130	5	0 1 1 0 1 0 1 0 0 0 0 0 0 0 0 1
130	27	1 0 1 0 1 0 1 1 1 0 1 0 0 1 1 0
130	6	1 0 1 0 1 1 1 0 1 0 1 0 0 0 0 0
130	4	0 0 1 0 1 0 1 0 1 0 1 0 1 0 0 0
130	2	0 0 1 1 0 0 0 1 0 1 0 1 0 0 1 1
130	11	0 1 1 0 1 0 0 0 0 0 1 0 0 0 0 0
130	2	1 0 1 0 1 0 1 0 1 0 0 0 0 0 1 0
130	4	1 0 1 1 1 0 1 1 1 0 1 0 0 0 0 0
130	3	0 0 1 1 0 0 1 0 1 0 1 0 1 0 0 0
130	8	1 0 0 1 0 0 0 1 1 0 1 0 0 0 0 0
130	13	0 1 1 0 1 0 1 0 1 0 1 1 0 0 0 0
130	1	1 0 0 0 1 0 1 0 1 0 1 1 0 0 0 0
130	5	1 1 1 0 1 0 1 0 1 0 1 0 0 1 0 0
130	2	0 0 1 1 1 0 1 0 1 0 1 0 0 1 0 0
130	4	0 0 1 0 1 1 0 0 1 0 1 1 0 0 0 0
130	2	1 0 1 0 1 0 1 0 0 0 1 1 0 0 0 0
130	1	1 0 1 0 1 0 1 1 1 0 1 0 0 0 0 1
130	5	0 0 0 1 0 0 1 0 1 0 1 1 0 1 0 0
130	5	0 1 1 0 0 1 0 0 1 0 0 0 0 1 0 0
130	3	0 1 0 1 0 1 0 0 0 0 1 0 1 1 0 0
130	6	0 0 1 1 1 0 1 0 0 0 1 0 0 0 1 0
130	3	1 0 1 1 1 0 1 0 1 0 1 0 0 0 0 0
130	4	1 0 1 1 1 0 0 0 0 0 1 0 0 0 0 0
130	6	0 0 1 0 0 0 1 0 0 0 1 0 0 0 0 0
130	3	0 0 0 1 0 1 1 0 1 0 1 0 0 1 0 1
130	8	0 1 0 1 0 1 0 0 1 0 1 0 0 0 0 0
130	5	1 1 1 0 1 0 1 1 1 0 1 0 0 0 0 1
130	3	1 0 1 0 0 0 1 0 1 0 1 0 0 0 0 0
130	4	0 1 1 0 1 0 1 0 1 0 1 1 0 1 0 0
130	4	0 1 1 0 0 0 1 0 1 0 1 0 0 0 1 0
130	3	0 0 1 1 1 0 1 0 1 0 1 1 1 0 0 0
130	3	1 0 1 0 1 0 1 0 0 1 1 0 0 0 0 0
130	10	1 1 1 0 1 0 1 0 0 0 0 0 0 0 0 1
130	2	1 0 0 1 0 1 1 0 1 0 1 0 0 0 0 1
130	1	1 1 1 0 1 0 1 0 0 0 1 1 0 0 0 0
130	2	0 0 1 1 1 0 1 0 0 0 1 1 0 0 0 0
130	1	0 0 1 1 1 1 1 0 1 0 1 0 0 0 0 0
130	2	1 0 0 0 1 0 1 0 1 0 1 0 0 0 1 0
130	5	0 0 1 1 1 0 0 0 0 0 1 0 0 0 0 0
130	1	1 0 1 0 1 0 0 0 1 0 1 0 0 0 1 0
130	1	0 0 1 0 1 0 1 0 1 0 0 1 0 0 0 0
130	2	0 1 1 0 1 0 1 0 0 0 1 1 0 0 1 0
130	1	0 0 1 0 1 0 1 0 0 0 1 0 0 0 0 1
130	2	0 0 1 0 1 0 1 0 1 1 1 1 0 0 1 0
130	3	0 0 0 1 0 1 0 0 1 0 1 0 0 0 0 1
140	8	0 1 0 1 0 1 0 0 0 0 0 0 1 1 0 0
140	41	0 0 1 0 1 0 1 0 1 0 1 0 0 0 0 0
140	38	0 1 1 0 1 0 1 0 1 0 1 0 0 0 0 0
140	26	0 0 1 0 1 0 1 0 1 0 1 0 0 1 0 0
140	3	0 0 0 1 0 1 1 0 1 0 1 1 0 0 0 0
140	2	0 0 1 0 0 0 1 0 1 0 1 0 0 0 0 0
140	24	1 0 1 0 1 0 1 0 1 0 1 0 0 0 0 0
140	45	0 0 1 0 1 0 1 0 1 0 1 1 0 0 0 0
140	20	0 1 1 0 1 0 1 0 1 0 1 0 0 1 0 0
140	1	0 0 1 0 1 1 1 0 1 0 0 0 0 0 0 0
140	1	0 1 1 0 1 0 1 0 1 0 1 0 1 0 0 0
140	52	0 0 1 1 1 0 1 0 0 0 1 0 0 0 0 0
140	7	0 1 1 0 1 0 1 1 1 0 1 0 0 0 0 1
140	50	0 1 1 0 1 0 1 0 0 0 1 1 0 0 0 0
140	26	0 0 0 1 0 0 1 0 1 0 1 0 0 1 0 0
140	25	0 1 0 1 0 1 0 0 1 0 1 0 0 1 0 0
140	34	0 1 1 0 0 0 1 0 1 0 1 0 0 0 0 0
140	6	0 0 1 0 1 0 1 1 1 0 1 0 0 1 1 0
140	13	1 0 1 1 1 0 1 0 0 0 1 0 0 0 0 0
140	33	0 0 1 1 1 0 1 0 1 0 1 0 0 0 0 0
140	8	0 0 0 1 0 0 1 0 0 0 1 0 0 0 0 0
140	52	0 0 1 0 1 0 1 0 0 0 1 0 0 0 0 0
140	12	1 0 1 0 1 0 1 0 1 0 1 1 0 0 0 0
140	13	1 0 1 0 1 0 1 0 1 0 1 1 0 1 0 0
140	45	1 0 1 0 1 0 1 0 1 0 1 0 0 0 1 0
140	7	1 0 1 0 1 0 1 0 0 0 1 0 0 0 0 0
140	6	0 1 1 0 1 0 1 0 1 0 0 0 0 0 0 0
140	7	0 0 1 0 1 0 1 0 1 0 1 0 0 0 0 1
140	1	0 1 1 1 1 0 1 0 0 0 0 0 0 0 0 1
140	15	0 1 1 0 1 0 0 0 1 0 1 0 0 0 0 0
140	18	0 1 1 0 1 0 1 0 0 0 1 0 0 0 0 0
140	9	0 0 1 1 1 0 1 0 1 0 1 1 0 0 0 0
140	13	1 0 1 0 1 0 0 0 1 0 1 1 0 1 0 0
140	9	0 0 1 0 1 0 1 0 1 0 1 1 0 0 1 0
140	6	0 1 1 0 1 1 1 0 1 0 1 0 0 1 0 0
140	5	0 1 0 1 0 1 1 1 0 0 1 0 0 0 0 0
140	5	1 0 1 1 1 0 1 1 1 1 1 0 0 0 0 0
140	6	0 0 1 0 1 0 1 0 1 0 1 1 0 1 0 0
140	4	1 0 1 1 1 0 1 0 0 0 0 0 0 0 0 0
140	17	0 1 1 0 1 0 1 0 0 0 0 0 0 0 0 1
140	11	1 0 1 0 1 0 1 1 1 0 1 0 0 1 1 0
140	7	1 0 1 0 1 1 1 0 1 0 1 0 0 0 0 0
140	7	0 1 1 0 1 0 0 0 0 0 1 0 0 0 0 0
140	11	1 0 0 1 0 0 0 1 1 0 1 0 0 0 0 0
140	3	0 1 1 0 1 0 1 0 1 0 1 1 0 0 0 0
140	15	1 1 1 0 1 0 1 0 1 0 1 0 0 1 0 0
140	16	1 0 1 0 1 0 1 0 0 0 1 1 0 0 0 0
140	5	0 1 1 0 0 1 0 0 1 0 0 0 0 1 0 0
140	2	0 1 0 1 0 1 0 0 0 0 1 0 1 1 0 0
140	10	0 0 1 1 1 0 1 0 0 0 1 0 0 0 1 0
140	21	1 0 1 1 1 0 0 0 0 0 1 0 0 0 0 0
140	5	0 0 1 0 0 0 1 0 0 0 1 0 0 0 0 0
140	3	0 1 0 1 0 1 0 0 1 0 1 0 0 0 0 0
140	1	0 1 1 0 1 0 1 0 1 0 1 1 0 1 0 0
140	2	0 1 1 0 0 0 1 0 1 0 1 0 0 0 1 0
140	1	1 1 1 0 1 0 1 0 0 0 0 0 0 0 0 1
140	2	0 0 1 1 1 0 0 0 0 0 1 0 0 0 0 0
140	7	0 1 1 0 0 0 1 1 1 0 1 0 0 1 1 0
140	1	0 0 1 0 1 1 1 1 1 0 1 0 0 1 1 0
140	6	0 0 1 1 1 0 1 0 0 0 1 0 1 0 0 0
140	2	0 1 0 1 0 1 0 0 0 0 0 0 0 0 0 0
140	1	1 0 1 1 1 0 1 0 0 1 1 0 0 0 0 0
140	17	0 1 1 0 1 1 1 0 1 0 1 0 0 0 0 0
140	3	1 0 1 1 1 0 1 0 0 1 0 0 0 0 0 0
140	10	0 1 1 0 0 0 1 0 1 0 1 0 0 0 0 1
140	5	0 0 1 0 1 0 1 0 0 0 1 1 0 0 0 0
140	2	1 0 1 0 1 0 1 0 1 1 1 0 0 0 1 0
140	8	1 0 1 0 1 0 1 0 1 0 1 1 0 0 1 0
140	5	0 0 0 1 1 0 1 0 1 0 1 1 0 0 0 0
140	1	0 1 1 0 1 0 1 0 0 0 1 0 0 1 1 0
140	5	1 0 0 1 1 0 1 0 0 0 1 1 0 0 0 0
140	12	1 1 1 1 0 0 1 0 1 0 1 1 0 1 0 0
140	1	1 0 1 0 0 0 1 0 1 0 1 0 0 0 0 0
140	3	0 0 0 1 0 1 1 0 0 0 1 0 0 0 0 1
140	3	0 0 0 1 1 0 1 0 1 0 1 0 0 0 0 0
140	3	0 1 1 0 1 0 1 0 0 0 0 0 0 0 0 0
140	2	0 1 1 0 0 0 1 0 1 0 1 0 1 0 0 0
140	6	0 1 1 0 1 0 0 1 0 0 1 0 0 0 0 0
140	3	1 1 1 0 1 0 1 1 1 0 1 0 0 1 0 0
140	4	1 0 1 0 1 0 1 0 0 0 1 1 0 0 1 0
140	3	1 1 1 0 1 0 0 0 0 0 0 0 0 0 0 1
140	2	1 0 0 1 1 0 1 0 0 0 1 0 0 1 1 0
140	5	0 0 1 1 1 0 1 1 1 0 1 1 0 0 0 0
140	1	0 0 1 0 1 0 1 0 1 0 1 0 0 1 1 0
140	1	1 0 1 0 1 0 1 0 1 0 1 1 0 1 0 1
140	3	1 1 1 1 1 0 0 0 0 0 1 0 0 0 0 0
140	2	0 1 1 0 1 0 1 0 1 0 1 0 0 0 1 0
140	2	0 1 1 1 1 0 1 0 0 0 1 0 0 0 0 0
140	1	0 0 1 0 1 0 1 0 0 0 0 0 0 0 0 0
140	4	1 0 1 0 0 0 1 0 1 0 1 0 0 0 1 0
140	2	1 1 0 1 0 0 0 1 1 0 1 0 0 0 0 0
140	1	1 0 1 1 1 0 0 0 1 0 1 0 0 0 0 0
140	2	0 1 1 0 1 0 1 0 1 0 1 0 0 1 1 0
140	4	0 1 0 0 1 0 1 0 1 0 1 0 0 0 1 0
140	2	0 0 1 1 1 0 1 0 1 0 1 0 0 1 0 0
140	1	0 0 1 0 1 0 1 0 1 0 1 0 0 0 1 0
140	3	1 0 1 0 1 0 1 0 0 0 1 0 0 0 1 0
140	1	1 1 1 1 1 0 1 0 1 0 1 0 0 0 0 0
140	1	0 1 1 0 1 0 1 0 1 0 1 0 0 0 0 1
140	1	0 0 1 0 1 0 1 0 1 0 1 1 0 0 0 1
140	1	0 1 0 0 1 0 1 0 1 0 1 0 0 1 0 0
140	1	0 1 1 0 1 0 1 0 0 0 1 1 0 1 0 0
140	1	1 1 1 0 1 0 1 0 1 0 0 0 0 0 0 0
140	1	0 0 1 0 1 0 1 0 0 0 1 0 0 0 0 1
140	1	1 0 1 0 1 0 1 1 1 0 1 0 0 0 1 0
140	1	1 1 1 1 1 0 1 0 1 0 1 0 0 1 0 0
140	1	0 1 1 1 1 0 1 0 0 0 1 0 0 0 1 0
140	3	0 1 1 0 0 1 1 1 1 0 1 0 0 1 1 0
140	1	1 1 1 0 1 0 0 0 1 0 0 0 0 0 0 1
140	2	0 1 1 0 1 1 0 0 1 0 0 0 1 1 0 0
150	45	0 0 1 0 1 0 1 0 1 0 1 0 0 0 0 0
150	23	0 1 1 0 1 0 1 0 1 0 1 0 0 0 0 0
150	31	0 0 1 0 1 0 1 0 1 0 1 0 0 1 0 0
150	46	1 0 1 0 1 0 1 0 1 0 1 0 0 0 0 0
150	43	0 0 1 0 1 0 1 0 1 0 1 1 0 0 0 0
150	9	0 1 1 0 1 0 1 0 1 0 1 0 0 1 0 0
150	74	0 0 1 1 1 0 1 0 0 0 1 0 0 0 0 0
150	20	0 1 1 0 1 0 1 0 0 0 1 1 0 0 0 0
150	5	0 0 0 1 0 0 1 0 1 0 1 0 0 1 0 0
150	27	0 1 0 1 0 1 0 0 1 0 1 0 0 1 0 0
150	15	0 1 1 0 0 0 1 0 1 0 1 0 0 0 0 0
150	7	0 0 1 0 1 0 1 1 1 0 1 0 0 1 1 0
150	4	1 0 1 1 1 0 1 0 0 0 1 0 0 0 0 0
150	17	0 0 1 1 1 0 1 0 1 0 1 0 0 0 0 0
150	27	0 0 0 1 0 0 1 0 0 0 1 0 0 0 0 0
150	54	0 0 1 0 1 0 1 0 0 0 1 0 0 0 0 0
150	7	1 0 1 0 1 0 1 0 1 0 1 1 0 0 0 0
150	25	1 0 1 0 1 0 1 0 1 0 1 1 0 1 0 0
150	16	1 0 1 0 1 0 1 0 1 0 1 0 0 0 1 0
150	5	0 1 1 0 1 0 0 0 1 0 1 0 0 0 0 0
150	32	0 1 1 0 1 0 1 0 0 0 1 0 0 0 0 0
150	12	0 0 1 1 1 0 1 0 1 0 1 1 0 0 0 0
150	21	1 0 1 0 1 0 0 0 1 0 1 1 0 1 0 0
150	7	0 0 1 0 1 0 1 0 1 0 1 1 0 0 1 0
150	10	0 1 1 0 1 1 1 0 1 0 1 0 0 1 0 0
150	1	0 1 0 1 0 1 1 1 0 0 1 0 0 0 0 0
150	25	1 0 1 1 1 0 1 1 1 1 1 0 0 0 0 0
150	27	0 1 1 0 1 0 1 0 0 0 0 0 0 0 0 1
150	16	1 0 1 0 1 0 1 1 1 0 1 0 0 1 1 0
150	18	1 0 1 0 1 1 1 0 1 0 1 0 0 0 0 0
150	1	0 1 1 0 1 0 0 0 0 0 1 0 0 0 0 0
150	8	1 0 0 1 0 0 0 1 1 0 1 0 0 0 0 0
150	2	0 1 1 0 1 0 1 0 1 0 1 1 0 0 0 0
150	12	1 1 1 0 1 0 1 0 1 0 1 0 0 1 0 0
150	13	1 0 1 0 1 0 1 0 0 0 1 1 0 0 0 0
150	3	0 1 1 0 0 1 0 0 1 0 0 0 0 1 0 0
150	6	0 0 1 1 1 0 1 0 0 0 1 0 0 0 1 0
150	28	1 0 1 1 1 0 0 0 0 0 1 0 0 0 0 0
150	16	0 1 1 0 0 0 1 0 1 0 1 0 0 0 1 0
150	5	0 1 1 0 0 0 1 1 1 0 1 0 0 1 1 0
150	11	0 0 1 1 1 0 1 0 0 0 1 0 1 0 0 0
150	1	1 0 1 1 1 0 1 0 0 1 1 0 0 0 0 0
150	11	0 1 1 0 1 1 1 0 1 0 1 0 0 0 0 0
150	25	1 0 1 1 1 0 1 0 0 1 0 0 0 0 0 0
150	2	0 1 1 0 0 0 1 0 1 0 1 0 0 0 0 1
150	9	0 0 1 0 1 0 1 0 0 0 1 1 0 0 0 0
150	8	1 0 1 0 1 0 1 0 1 0 1 1 0 0 1 0
150	4	0 0 0 1 1 0 1 0 1 0 1 1 0 0 0 0
150	3	0 1 1 0 1 0 1 0 0 0 1 0 0 1 1 0
150	3	1 1 1 1 0 0 1 0 1 0 1 1 0 1 0 0
150	8	1 0 1 0 0 0 1 0 1 0 1 0 0 0 0 0
150	2	0 0 0 1 1 0 1 0 1 0 1 0 0 0 0 0
150	12	0 1 1 0 1 0 0 1 0 0 1 0 0 0 0 0
150	4	1 1 1 0 1 0 0 0 0 0 0 0 0 0 0 1
150	7	1 0 0 1 1 0 1 0 0 0 1 0 0 1 1 0
150	6	0 0 1 1 1 0 1 1 1 0 1 1 0 0 0 0
150	4	1 1 1 1 1 0 0 0 0 0 1 0 0 0 0 0
150	2	0 1 1 0 1 0 1 0 1 0 1 0 0 0 1 0
150	1	0 0 1 0 1 0 1 0 1 0 1 0 1 0 0 0
150	1	0 0 1 0 1 1 1 0 0 0 1 0 0 0 0 0
150	3	0 1 0 1 0 1 0 1 0 0 1 0 0 0 0 0
150	2	0 0 1 1 1 0 0 0 0 0 1 0 0 0 1 0
150	9	0 1 1 1 1 0 1 0 0 0 1 0 0 1 1 0
150	2	0 0 0 1 1 0 1 1 1 0 1 1 0 0 0 0
150	4	0 0 1 1 1 0 1 1 1 0 1 0 0 1 1 0
150	2	0 1 0 0 1 1 1 0 1 0 1 0 0 0 0 0
150	1	0 0 1 0 1 0 1 0 1 0 1 0 0 0 1 0
150	1	0 1 0 1 0 1 0 0 0 0 1 1 0 1 0 0
150	8	1 1 1 0 0 0 1 0 1 0 1 1 0 1 0 0
150	4	0 1 1 0 1 0 1 0 0 0 0 0 0 1 0 0
150	1	0 0 0 1 1 0 1 0 0 0 1 0 0 0 0 0
150	2	0 0 1 0 1 0 1 0 1 0 0 0 0 0 0 0
150	1	1 0 1 1 1 0 1 0 0 0 1 0 0 0 1 0
150	2	1 0 1 0 1 1 1 0 0 0 1 1 0 0 0 0
150	1	1 0 1 1 1 0 1 0 0 1 0 1 0 0 0 0
150	2	1 1 1 1 1 0 0 0 0 0 1 0 0 0 1 0
150	1	0 0 1 1 1 0 0 0 0 0 1 0 0 0 0 0
150	6	0 0 1 1 1 0 1 0 0 0 1 0 0 1 0 0
150	3	0 0 1 1 1 0 1 0 0 1 1 0 0 0 0 0
150	3	1 0 1 0 1 0 0 1 1 0 1 1 0 1 0 0
150	2	0 0 1 0 0 0 1 0 0 0 1 1 0 0 0 0
150	2	1 1 1 0 1 0 0 0 0 1 0 0 0 0 0 1
150	1	0 0 1 0 1 0 1 0 0 1 1 0 0 0 0 0
150	4	0 1 0 1 1 0 1 0 0 0 1 0 0 1 1 0
150	2	0 1 1 0 0 0 1 0 0 0 1 1 0 0 0 0
150	6	1 1 1 1 0 0 1 1 1 0 1 1 0 0 0 0
150	1	1 0 1 0 1 1 1 0 0 0 1 0 0 1 0 0
150	1	0 0 1 0 1 0 1 0 0 0 0 0 0 0 0 0
150	4	1 0 1 1 1 0 0 0 0 1 0 0 0 0 0 0
150	1	1 0 1 0 1 0 1 0 1 0 0 0 0 0 0 0
150	4	0 0 1 0 1 0 1 0 1 0 0 0 0 1 0 0
150	3	0 0 1 0 1 0 0 0 0 0 1 0 0 0 0 0
150	1	0 0 1 0 1 0 1 1 1 0 1 0 0 0 0 0
150	1	0 0 0 1 1 0 1 0 1 0 1 0 0 1 0 0
150	2	0 1 1 1 1 0 1 0 1 0 1 0 0 0 0 0
150	1	1 0 1 0 1 0 0 0 1 0 1 1 0 1 1 0
150	1	0 1 1 0 0 0 1 0 0 0 0 0 0 0 0 1
150	1	0 0 1 1 1 0 1 1 1 0 1 1 0 1 0 0
150	1	0 0 1 1 1 0 1 0 0 0 0 0 0 0 0 1
150	1	0 1 0 0 1 0 1 0 1 0 1 1 0 0 1 0
150	2	0 0 1 1 1 0 1 0 1 0 1 0 0 1 1 0
150	1	1 0 1 0 1 0 1 0 0 0 1 0 0 0 0 0
150	2	0 0 1 0 0 0 1 0 1 0 1 0 0 0 0 0
150	4	1 0 1 0 1 0 0 1 0 0 1 0 0 0 0 0
150	1	1 0 1 0 0 0 1 0 0 0 1 0 0 0 0 0
150	1	1 1 1 1 1 0 0 0 0 0 1 1 0 0 0 0
150	1	1 0 1 0 1 0 0 1 1 0 1 0 0 1 0 0
150	3	0 1 1 0 1 0 1 0 1 0 0 1 0 0 0 0
160	19	0 0 1 0 1 0 1 0 1 0 1 0 0 0 0 0
160	11	0 1 1 0 1 0 1 0 1 0 1 0 0 0 0 0
160	35	0 0 1 0 1 0 1 0 1 0 1 0 0 1 0 0
160	41	1 0 1 0 1 0 1 0 1 0 1 0 0 0 0 0
160	65	0 0 1 0 1 0 1 0 1 0 1 1 0 0 0 0
160	2	0 1 1 0 1 0 1 0 1 0 1 0 0 1 0 0
160	17	0 0 1 1 1 0 1 0 0 0 1 0 0 0 0 0
160	18	0 1 1 0 1 0 1 0 0 0 1 1 0 0 0 0
160	1	0 0 0 1 0 0 1 0 1 0 1 0 0 1 0 0
160	11	0 1 0 1 0 1 0 0 1 0 1 0 0 1 0 0
160	19	0 1 1 0 0 0 1 0 1 0 1 0 0 0 0 0
160	7	0 0 1 0 1 0 1 1 1 0 1 0 0 1 1 0
160	5	1 0 1 1 1 0 1 0 0 0 1 0 0 0 0 0
160	14	0 0 1 1 1 0 1 0 1 0 1 0 0 0 0 0
160	16	0 0 0 1 0 0 1 0 0 0 1 0 0 0 0 0
160	21	0 0 1 0 1 0 1 0 0 0 1 0 0 0 0 0
160	18	1 0 1 0 1 0 1 0 1 0 1 1 0 0 0 0
160	19	1 0 1 0 1 0 1 0 1 0 1 1 0 1 0 0
160	11	1 0 1 0 1 0 1 0 1 0 1 0 0 0 1 0
160	3	0 1 1 0 1 0 0 0 1 0 1 0 0 0 0 0
160	7	0 1 1 0 1 0 1 0 0 0 1 0 0 0 0 0
160	24	0 0 1 1 1 0 1 0 1 0 1 1 0 0 0 0
160	25	1 0 1 0 1 0 0 0 1 0 1 1 0 1 0 0
160	2	0 0 1 0 1 0 1 0 1 0 1 1 0 0 1 0
160	15	1 0 1 1 1 0 1 1 1 1 1 0 0 0 0 0
160	28	0 1 1 0 1 0 1 0 0 0 0 0 0 0 0 1
160	5	1 0 1 0 1 0 1 1 1 0 1 0 0 1 1 0
160	13	1 0 1 0 1 1 1 0 1 0 1 0 0 0 0 0
160	2	1 0 0 1 0 0 0 1 1 0 1 0 0 0 0 0
160	12	0 1 1 0 1 0 1 0 1 0 1 1 0 0 0 0
160	18	1 1 1 0 1 0 1 0 1 0 1 0 0 1 0 0
160	33	1 0 1 0 1 0 1 0 0 0 1 1 0 0 0 0
160	12	0 1 1 0 0 1 0 0 1 0 0 0 0 1 0 0
160	51	1 0 1 1 1 0 0 0 0 0 1 0 0 0 0 0
160	22	0 1 1 0 0 0 1 0 1 0 1 0 0 0 1 0
160	1	0 1 1 0 0 0 1 1 1 0 1 0 0 1 1 0
160	4	0 0 1 1 1 0 1 0 0 0 1 0 1 0 0 0
160	14	0 1 1 0 1 1 1 0 1 0 1 0 0 0 0 0
160	43	1 0 1 1 1 0 1 0 0 1 0 0 0 0 0 0
160	4	0 1 1 0 0 0 1 0 1 0 1 0 0 0 0 1
160	2	0 0 1 0 1 0 1 0 0 0 1 1 0 0 0 0
160	10	1 0 1 0 1 0 1 0 1 0 1 1 0 0 1 0
160	12	1 0 1 0 0 0 1 0 1 0 1 0 0 0 0 0
160	10	0 1 1 0 1 0 0 1 0 0 1 0 0 0 0 0
160	7	1 0 0 1 1 0 1 0 0 0 1 0 0 1 1 0
160	9	0 0 1 1 1 0 1 1 1 0 1 1 0 0 0 0
160	2	0 0 1 0 1 1 1 0 0 0 1 0 0 0 0 0
160	11	0 0 1 1 1 0 0 0 0 0 1 0 0 0 1 0
160	6	0 1 1 1 1 0 1 0 0 0 1 0 0 1 1 0
160	4	0 0 1 0 1 0 1 0 1 0 1 0 0 0 1 0
160	6	0 0 1 1 1 0 1 0 0 0 1 0 0 1 0 0
160	8	0 0 1 1 1 0 1 0 0 1 1 0 0 0 0 0
160	8	1 0 1 0 1 0 0 1 1 0 1 1 0 1 0 0
160	5	1 1 1 1 0 0 1 1 1 0 1 1 0 0 0 0
160	6	0 1 1 0 0 0 1 0 0 0 0 0 0 0 0 1
160	15	0 0 1 1 1 0 1 1 1 0 1 1 0 1 0 0
160	2	1 0 1 0 1 0 0 1 0 0 1 0 0 0 0 0
160	7	1 1 1 1 1 0 0 0 0 0 1 1 0 0 0 0
160	5	1 1 1 1 1 0 1 0 0 0 1 0 0 0 0 0
160	2	1 0 1 1 1 0 1 0 1 0 1 0 0 0 1 0
160	16	1 0 1 1 1 0 1 1 1 0 1 0 0 0 0 0
160	3	1 0 1 0 1 0 1 1 1 0 1 0 0 0 1 0
160	2	0 0 1 0 0 0 1 0 0 0 0 0 0 0 0 1
160	6	0 1 1 0 1 0 1 0 1 0 1 1 0 1 0 0
160	1	0 1 1 0 0 0 1 0 1 1 1 0 0 0 0 0
160	1	1 0 1 1 1 0 1 1 1 1 1 0 0 0 1 0
160	7	0 1 1 0 1 0 0 1 0 0 1 1 0 0 0 0
160	1	0 0 1 0 1 0 1 0 1 0 1 0 0 1 0 1
160	7	0 0 1 0 1 0 1 0 1 0 1 1 0 0 1 1
160	2	0 0 1 0 1 0 0 1 0 0 1 0 0 0 0 0
160	6	0 0 1 1 1 0 0 0 0 0 1 0 0 0 0 0
160	9	1 1 1 0 1 0 1 0 0 0 1 0 0 0 0 0
160	4	1 0 0 0 1 1 1 0 1 0 1 0 0 0 0 0
160	5	1 0 1 1 1 0 1 0 0 1 1 0 0 0 0 0
160	5	1 1 1 1 1 0 1 0 0 0 1 0 0 1 0 0
160	5	0 0 1 0 1 0 1 0 0 0 0 0 0 0 0 1
160	2	0 0 1 0 0 1 0 0 1 0 1 0 0 1 0 0
160	6	0 0 1 0 0 0 1 0 1 0 1 0 0 0 0 0
160	2	0 0 1 0 1 0 1 0 1 0 0 0 0 1 0 0
160	7	0 1 1 0 1 0 0 0 1 0 1 0 1 0 0 0
160	1	1 0 1 0 0 0 1 0 1 0 1 1 0 0 1 0
160	2	0 1 1 0 1 0 0 1 0 0 1 0 0 0 1 0
160	4	0 0 1 0 1 0 1 0 0 0 1 0 0 1 1 0
160	1	0 1 0 1 0 1 0 0 1 0 1 0 0 0 0 0
160	4	1 0 1 1 1 0 1 0 0 0 0 0 0 0 0 0
160	1	1 0 1 0 0 1 1 0 1 0 1 0 0 0 0 0
160	7	1 0 0 1 0 0 0 0 1 0 1 0 0 0 0 0
160	1	1 1 1 0 1 0 1 0 0 0 0 0 0 1 0 0
160	4	1 0 1 0 1 1 1 0 1 0 1 1 0 0 0 0
160	1	1 0 1 1 1 0 1 0 1 0 1 0 0 0 0 0
160	4	0 1 1 0 1 1 1 0 1 0 1 1 0 0 0 0
160	6	0 0 1 1 1 0 1 0 0 0 1 0 0 0 1 0
160	3	0 0 1 1 1 0 1 0 1 0 1 1 0 1 0 0
160	7	0 0 1 0 1 0 1 0 1 0 1 0 1 0 0 0
160	2	1 0 1 1 1 0 0 0 0 0 1 1 0 1 0 0
160	2	0 0 1 0 0 0 1 0 0 0 1 0 0 0 0 0
160	3	1 0 1 0 1 1 1 0 1 0 1 0 0 0 1 0
160	1	1 0 1 1 1 0 1 0 0 1 0 0 1 0 0 0
160	3	0 1 1 1 1 0 1 1 0 0 1 0 0 1 1 0
160	1	0 1 1 0 0 0 1 0 1 1 1 0 0 0 1 0
160	2	0 1 1 0 1 0 1 0 1 0 1 0 0 0 1 0
160	1	0 0 1 0 1 0 1 1 1 0 1 0 0 0 0 0
160	2	0 1 1 0 1 0 1 0 0 0 0 0 0 1 0 0
160	1	0 0 1 0 1 1 1 0 1 0 1 1 0 0 0 0
160	1	1 0 1 0 0 0 1 0 1 0 1 1 0 1 0 0
160	1	1 0 1 0 1 0 1 0 1 0 1 0 0 1 0 0
160	1	0 0 1 1 0 0 1 0 1 0 1 0 0 0 0 0
160	3	1 1 1 0 1 0 1 0 1 0 1 1 0 1 0 0
160	2	1 0 1 1 1 0 0 0 0 0 0 0 0 0 0 0
160	3	0 1 1 0 1 0 1 0 1 0 1 1 1 1 0 0
160	2	1 1 1 0 1 0 0 0 1 0 1 0 1 0 0 0
160	1	0 0 1 0 1 0 1 0 1 0 0 0 1 0 0 0
170	28	0 0 1 0 1 0 1 0 1 0 1 0 0 0 0 0
170	3	0 1 1 0 1 0 1 0 1 0 1 0 0 0 0 0
170	6	0 0 1 0 1 0 1 0 1 0 1 0 0 1 0 0
170	26	1 0 1 0 1 0 1 0 1 0 1 0 0 0 0 0
170	33	0 0 1 0 1 0 1 0 1 0 1 1 0 0 0 0
170	2	0 1 1 0 1 0 1 0 1 0 1 0 0 1 0 0
170	12	0 0 1 1 1 0 1 0 0 0 1 0 0 0 0 0
170	9	0 1 1 0 1 0 1 0 0 0 1 1 0 0 0 0
170	1	0 0 0 1 0 0 1 0 1 0 1 0 0 1 0 0
170	2	0 1 0 1 0 1 0 0 1 0 1 0 0 1 0 0
170	24	0 1 1 0 0 0 1 0 1 0 1 0 0 0 0 0
170	1	0 0 1 0 1 0 1 1 1 0 1 0 0 1 1 0
170	19	1 0 1 1 1 0 1 0 0 0 1 0 0 0 0 0
170	4	0 0 1 1 1 0 1 0 1 0 1 0 0 0 0 0
170	2	0 0 0 1 0 0 1 0 0 0 1 0 0 0 0 0
170	18	0 0 1 0 1 0 1 0 0 0 1 0 0 0 0 0
170	41	1 0 1 0 1 0 1 0 1 0 1 1 0 0 0 0
170	10	1 0 1 0 1 0 1 0 1 0 1 1 0 1 0 0
170	4	0 1 1 0 1 0 0 0 1 0 1 0 0 0 0 0
170	30	0 0 1 1 1 0 1 0 1 0 1 1 0 0 0 0
170	13	1 0 1 0 1 0 0 0 1 0 1 1 0 1 0 0
170	40	1 0 1 1 1 0 1 1 1 1 1 0 0 0 0 0
170	17	0 1 1 0 1 0 1 0 0 0 0 0 0 0 0 1
170	8	1 0 1 0 1 0 1 1 1 0 1 0 0 1 1 0
170	25	1 0 1 0 1 1 1 0 1 0 1 0 0 0 0 0
170	2	1 0 0 1 0 0 0 1 1 0 1 0 0 0 0 0
170	3	0 1 1 0 1 0 1 0 1 0 1 1 0 0 0 0
170	12	1 1 1 0 1 0 1 0 1 0 1 0 0 1 0 0
170	15	1 0 1 0 1 0 1 0 0 0 1 1 0 0 0 0
170	9	0 1 1 0 0 1 0 0 1 0 0 0 0 1 0 0
170	7	1 0 1 1 1 0 0 0 0 0 1 0 0 0 0 0
170	21	0 1 1 0 0 0 1 0 1 0 1 0 0 0 1 0
170	1	0 0 1 1 1 0 1 0 0 0 1 0 1 0 0 0
170	23	0 1 1 0 1 1 1 0 1 0 1 0 0 0 0 0
170	48	1 0 1 1 1 0 1 0 0 1 0 0 0 0 0 0
170	10	0 1 1 0 0 0 1 0 1 0 1 0 0 0 0 1
170	19	1 0 1 0 1 0 1 0 1 0 1 1 0 0 1 0
170	6	1 0 1 0 0 0 1 0 1 0 1 0 0 0 0 0
170	1	1 0 0 1 1 0 1 0 0 0 1 0 0 1 1 0
170	24	0 0 1 1 1 0 1 1 1 0 1 1 0 0 0 0
170	6	0 1 1 1 1 0 1 0 0 0 1 0 0 1 1 0
170	3	0 0 1 0 1 0 1 0 1 0 1 0 0 0 1 0
170	4	1 0 1 0 1 0 0 1 1 0 1 1 0 1 0 0
170	11	1 1 1 1 0 0 1 1 1 0 1 1 0 0 0 0
170	9	0 0 1 1 1 0 1 1 1 0 1 1 0 1 0 0
170	7	1 1 1 1 1 0 0 0 0 0 1 1 0 0 0 0
170	2	1 0 1 1 1 0 1 0 1 0 1 0 0 0 1 0
170	59	1 0 1 1 1 0 1 1 1 0 1 0 0 0 0 0
170	1	0 0 1 0 0 0 1 0 0 0 0 0 0 0 0 1
170	13	0 1 1 0 1 0 1 0 1 0 1 1 0 1 0 0
170	2	0 1 1 0 1 0 0 1 0 0 1 1 0 0 0 0
170	25	0 0 1 0 1 0 1 0 1 0 1 1 0 0 1 1
170	2	0 0 1 0 1 0 0 1 0 0 1 0 0 0 0 0
170	15	1 1 1 0 1 0 1 0 0 0 1 0 0 0 0 0
170	1	1 1 1 1 1 0 1 0 0 0 1 0 0 1 0 0
170	6	0 0 1 0 1 0 1 0 0 0 0 0 0 0 0 1
170	6	0 0 1 0 0 0 1 0 1 0 1 0 0 0 0 0
170	6	0 1 1 0 1 0 0 0 1 0 1 0 1 0 0 0
170	13	1 0 1 1 1 0 1 0 0 0 0 0 0 0 0 0
170	27	1 0 0 1 0 0 0 0 1 0 1 0 0 0 0 0
170	27	1 0 1 0 1 1 1 0 1 0 1 1 0 0 0 0
170	12	0 0 1 0 0 0 1 0 0 0 1 0 0 0 0 0
170	8	1 0 1 0 1 1 1 0 1 0 1 0 0 0 1 0
170	1	1 0 1 0 1 0 1 0 1 0 1 0 0 1 0 0
170	9	1 1 1 0 1 0 0 0 1 0 1 0 1 0 0 0
170	4	0 1 1 1 1 0 1 0 1 0 1 1 0 1 0 0
170	8	0 1 1 0 1 1 1 0 1 0 1 0 0 0 0 1
170	5	0 0 1 1 1 0 1 0 0 0 0 0 0 0 0 0
170	3	0 0 1 0 1 1 1 0 1 0 1 1 0 0 0 0
170	9	1 1 1 1 1 0 1 0 0 0 0 0 0 0 0 0
170	7	0 1 1 0 0 0 1 0 1 0 1 1 0 0 0 0
170	1	0 0 1 1 1 0 1 0 1 0 1 1 0 0 1 0
170	4	1 0 1 0 0 0 1 0 1 0 1 0 0 0 0 1
170	3	1 0 1 1 0 0 1 1 1 0 1 0 0 0 0 0
170	2	1 0 1 0 1 0 1 0 1 0 1 1 0 0 0 1
170	7	1 1 1 1 1 0 1 0 0 0 1 0 0 0 1 0
170	1	1 0 1 0 1 0 1 1 1 0 1 1 0 0 0 0
170	3	0 1 1 0 1 0 1 1 1 0 1 1 0 1 0 0
170	7	0 0 1 0 1 0 1 0 0 0 1 1 0 0 0 0
170	2	1 0 1 0 1 1 1 0 0 0 1 1 0 0 0 0
170	2	0 1 1 1 0 1 0 0 1 0 0 0 0 1 0 0
170	4	0 0 1 1 1 1 1 1 1 0 1 1 0 1 0 0
170	4	0 1 1 1 1 0 1 1 1 0 1 0 0 0 0 0
170	3	1 0 1 1 1 0 1 0 1 0 1 1 0 0 0 0
170	3	0 0 1 0 1 0 1 0 1 0 1 1 1 0 1 0
170	4	1 0 1 0 1 0 1 0 0 0 1 1 0 0 0 1
170	2	0 0 1 0 1 0 0 1 0 0 1 1 0 0 0 0
170	4	1 0 1 1 1 0 1 0 0 0 0 0 0 0 0 1
170	3	1 0 1 1 1 0 1 0 1 0 1 0 0 0 0 0
170	3	1 0 1 1 1 0 1 1 1 1 1 1 0 0 0 0
170	3	1 0 0 1 1 0 1 1 1 0 1 0 0 0 0 0
170	1	0 1 1 0 1 0 1 0 1 0 1 0 0 0 1 0
170	3	1 0 1 0 1 1 1 0 1 0 1 1 0 0 1 1
170	2	0 1 1 0 1 0 1 0 0 0 1 1 0 0 1 0
170	2	0 1 0 1 0 1 1 0 1 0 1 0 0 1 0 0
170	4	0 1 1 0 1 1 0 1 0 0 1 0 0 0 0 0
170	4	1 0 1 1 1 1 1 0 1 0 1 1 0 0 0 0
170	2	0 1 1 1 1 0 1 0 0 0 0 0 0 0 0 0
170	1	0 1 1 0 1 0 1 1 1 1 1 1 0 1 0 0
170	1	1 0 1 1 1 0 1 0 0 1 0 0 1 0 1 0
170	1	0 1 1 0 1 0 1 0 0 0 1 0 0 0 0 0
170	1	1 0 1 1 1 0 1 1 1 0 1 1 0 0 0 0
170	2	1 0 1 1 1 0 1 1 1 1 1 0 1 0 0 0
170	4	0 1 1 0 0 0 1 0 0 0 0 0 0 0 0 1
170	1	1 0 0 1 0 0 0 0 1 1 1 0 0 0 0 0
170	1	0 0 1 0 0 0 1 1 0 0 1 0 0 0 0 0
170	2	1 0 1 0 0 0 1 0 1 0 1 1 0 0 0 0
170	1	0 1 1 0 0 0 1 0 1 1 1 0 0 0 0 0
170	3	0 0 1 1 1 0 1 1 1 0 1 1 0 0 1 0
170	1	0 0 1 1 0 0 1 0 1 0 1 1 0 0 0 0
170	2	0 1 1 0 1 1 1 0 1 0 1 0 1 0 0 0
170	1	1 0 1 1 1 0 1 0 0 1 0 0 1 0 0 0
170	1	1 0 1 0 1 0 1 0 1 1 1 1 0 0 1 0
170	2	0 0 1 1 1 0 1 1 1 0 1 1 0 1 0 1
170	1	1 0 1 0 1 1 1 1 1 1 1 0 0 0 0 0
170	1	0 0 1 0 1 0 1 1 0 0 1 1 0 0 0 0
180	23	0 0 1 0 1 0 1 0 1 0 1 0 0 0 0 0
180	2	0 0 1 0 1 0 1 0 1 0 1 0 0 1 0 0
180	14	1 0 1 0 1 0 1 0 1 0 1 0 0 0 0 0
180	27	0 0 1 0 1 0 1 0 1 0 1 1 0 0 0 0
180	6	0 0 1 1 1 0 1 0 0 0 1 0 0 0 0 0
180	11	0 1 1 0 1 0 1 0 0 0 1 1 0 0 0 0
180	21	0 1 1 0 0 0 1 0 1 0 1 0 0 0 0 0
180	8	0 0 1 0 1 0 1 1 1 0 1 0 0 1 1 0
180	12	1 0 1 1 1 0 1 0 0 0 1 0 0 0 0 0
180	1	0 0 1 1 1 0 1 0 1 0 1 0 0 0 0 0
180	2	0 0 1 0 1 0 1 0 0 0 1 0 0 0 0 0
180	46	1 0 1 0 1 0 1 0 1 0 1 1 0 0 0 0
180	2	1 0 1 0 1 0 1 0 1 0 1 1 0 1 0 0
180	2	0 1 1 0 1 0 0 0 1 0 1 0 0 0 0 0
180	10	0 0 1 1 1 0 1 0 1 0 1 1 0 0 0 0
180	14	1 0 1 0 1 0 0 0 1 0 1 1 0 1 0 0
180	13	1 0 1 1 1 0 1 1 1 1 1 0 0 0 0 0
180	3	0 1 1 0 1 0 1 0 0 0 0 0 0 0 0 1
180	18	1 0 1 0 1 1 1 0 1 0 1 0 0 0 0 0
180	10	1 1 1 0 1 0 1 0 1 0 1 0 0 1 0 0
180	10	1 0 1 0 1 0 1 0 0 0 1 1 0 0 0 0
180	12	1 0 1 1 1 0 0 0 0 0 1 0 0 0 0 0
180	12	0 1 1 0 0 0 1 0 1 0 1 0 0 0 1 0
180	21	0 1 1 0 1 1 1 0 1 0 1 0 0 0 0 0
180	64	1 0 1 1 1 0 1 0 0 1 0 0 0 0 0 0
180	38	1 0 1 0 1 0 1 0 1 0 1 1 0 0 1 0
180	40	0 0 1 1 1 0 1 1 1 0 1 1 0 0 0 0
180	4	0 1 1 1 1 0 1 0 0 0 1 0 0 1 1 0
180	2	0 0 1 0 1 0 1 0 1 0 1 0 0 0 1 0
180	1	1 0 1 0 1 0 0 1 1 0 1 1 0 1 0 0
180	13	1 1 1 1 0 0 1 1 1 0 1 1 0 0 0 0
180	3	0 0 1 1 1 0 1 1 1 0 1 1 0 1 0 0
180	9	1 1 1 1 1 0 0 0 0 0 1 1 0 0 0 0
180	92	1 0 1 1 1 0 1 1 1 0 1 0 0 0 0 0
180	13	0 1 1 0 1 0 0 1 0 0 1 1 0 0 0 0
180	13	0 0 1 0 1 0 1 0 1 0 1 1 0 0 1 1
180	6	1 1 1 0 1 0 1 0 0 0 1 0 0 0 0 0
180	3	0 0 1 0 0 0 1 0 1 0 1 0 0 0 0 0
180	11	1 0 1 1 1 0 1 0 0 0 0 0 0 0 0 0
180	25	1 0 0 1 0 0 0 0 1 0 1 0 0 0 0 0
180	25	1 0 1 0 1 1 1 0 1 0 1 1 0 0 0 0
180	17	0 0 1 0 0 0 1 0 0 0 1 0 0 0 0 0
180	2	1 0 1 0 1 1 1 0 1 0 1 0 0 0 1 0
180	45	1 1 1 0 1 0 0 0 1 0 1 0 1 0 0 0
180	12	0 1 1 1 1 0 1 0 1 0 1 1 0 1 0 0
180	3	0 0 1 1 1 0 1 0 0 0 0 0 0 0 0 0
180	4	0 0 1 0 1 1 1 0 1 0 1 1 0 0 0 0
180	6	1 1 1 1 1 0 1 0 0 0 0 0 0 0 0 0
180	2	0 1 1 0 0 0 1 0 1 0 1 1 0 0 0 0
180	2	1 0 1 0 0 0 1 0 1 0 1 0 0 0 0 1
180	18	1 1 1 1 1 0 1 0 0 0 1 0 0 0 1 0
180	5	0 0 1 0 1 0 1 0 0 0 1 1 0 0 0 0
180	2	0 1 1 1 0 1 0 0 1 0 0 0 0 1 0 0
180	5	1 0 1 1 1 0 1 0 1 0 1 1 0 0 0 0
180	8	1 0 1 0 1 0 1 0 0 0 1 1 0 0 0 1
180	3	0 0 1 0 1 0 0 1 0 0 1 1 0 0 0 0
180	8	1 0 1 1 1 0 1 0 1 0 1 0 0 0 0 0
180	6	1 0 1 1 1 0 1 1 1 1 1 1 0 0 0 0
180	17	0 1 0 1 0 1 1 0 1 0 1 0 0 1 0 0
180	6	0 1 1 1 1 0 1 0 0 0 0 0 0 0 0 0
180	10	0 1 1 0 0 0 1 0 0 0 0 0 0 0 0 1
180	3	1 0 1 1 1 0 1 0 0 1 0 0 1 0 0 0
180	5	0 0 1 0 1 0 1 1 0 0 1 1 0 0 0 0
180	4	0 0 1 0 1 0 0 0 1 0 1 0 0 0 0 0
180	4	1 1 1 1 1 0 1 1 1 0 1 0 0 0 0 0
180	5	0 0 1 1 1 1 1 1 0 0 1 1 0 1 0 0
180	4	1 1 1 1 1 0 1 0 0 0 1 1 0 0 0 0
180	2	1 0 1 0 1 1 0 0 1 0 1 1 0 1 0 0
180	5	1 1 1 0 1 0 1 1 1 0 1 0 0 1 1 0
180	1	0 1 1 0 0 0 0 0 1 0 1 0 1 0 0 0
180	8	1 0 1 0 0 1 1 0 1 0 1 0 0 0 0 0
180	1	0 1 1 0 0 0 1 0 1 0 0 0 0 0 0 1
180	2	0 1 1 0 0 1 1 0 1 0 1 0 0 0 0 1
180	2	1 1 1 0 1 1 1 0 1 0 1 1 0 0 0 0
180	2	0 0 1 1 1 0 1 1 1 0 1 1 0 0 0 1
180	5	1 1 1 1 0 0 1 1 1 1 1 1 0 0 0 0
180	2	1 1 1 0 1 0 1 0 0 0 1 1 0 0 0 1
180	6	0 0 1 0 0 0 1 1 1 0 1 1 0 0 0 0
180	3	1 1 1 1 1 0 1 0 1 0 1 1 0 0 0 0
180	2	1 0 1 0 1 0 1 0 1 0 0 1 0 0 0 0
180	5	0 0 1 0 0 0 1 0 1 0 1 0 0 0 1 0
180	3	1 0 1 1 1 0 1 0 1 1 1 1 0 0 0 0
180	6	1 0 1 0 1 0 1 0 0 0 1 0 0 0 0 0
180	7	1 0 1 0 1 0 0 0 1 0 1 0 0 0 1 0
180	4	1 0 0 1 0 0 1 0 1 0 1 0 0 0 0 0
180	5	1 0 1 1 1 0 1 1 0 1 0 0 0 0 0 0
180	3	0 0 1 0 1 0 1 0 0 0 0 0 0 0 1 1
180	9	1 0 0 1 1 0 1 0 0 0 0 0 0 0 0 0
180	3	0 1 1 1 1 0 1 0 0 0 0 0 0 0 1 0
180	1	0 0 1 0 1 0 1 0 1 0 1 0 0 0 0 1
180	3	0 0 1 1 1 0 1 1 1 0 1 1 0 0 1 0
180	3	1 1 1 1 0 0 1 0 0 0 1 0 0 0 0 0
180	2	1 0 1 1 1 0 1 1 1 0 1 0 0 1 0 0
180	6	0 0 1 0 1 1 1 0 1 0 1 0 0 0 0 0
180	5	1 0 1 0 1 1 1 0 1 0 1 0 0 1 0 0
180	1	1 1 1 0 1 0 1 0 1 0 1 0 0 0 0 0
180	3	1 0 1 1 1 0 1 0 1 0 1 0 1 0 0 0
180	4	0 0 1 0 1 0 1 0 1 0 1 1 0 1 0 0
180	2	0 1 0 1 0 1 1 0 1 0 1 0 0 0 0 0
180	2	1 1 1 1 0 0 1 0 1 0 1 1 0 0 0 0
180	1	1 1 0 1 1 0 1 0 0 0 1 0 0 1 0 0
180	3	1 0 1 0 1 1 1 0 0 0 1 1 0 0 0 0
180	1	0 0 1 1 1 0 0 1 1 0 1 1 0 0 0 0
180	2	1 0 1 1 1 1 1 1 1 0 1 0 0 0 0 0
180	1	1 0 1 0 1 0 1 0 0 1 1 1 0 0 0 1
180	1	1 0 1 1 1 0 1 1 0 1 1 1 0 0 0 0
180	1	0 1 1 0 1 0 1 0 0 0 0 0 0 0 0 0
180	1	0 0 0 0 1 0 1 0 1 0 1 0 0 0 0 0
180	1	1 1 1 0 1 0 0 0 0 0 1 1 0 0 0 0
180	1	0 0 1 0 0 0 1 0 0 0 1 1 0 0 0 0
180	1	1 1 1 0 1 0 0 0 1 0 1 0 1 0 1 0
190	15	0 0 1 0 1 0 1 0 1 0 1 0 0 0 0 0
190	7	1 0 1 0 1 0 1 0 1 0 1 0 0 0 0 0
190	31	0 0 1 0 1 0 1 0 1 0 1 1 0 0 0 0
190	23	0 1 1 0 0 0 1 0 1 0 1 0 0 0 0 0
190	6	0 0 1 0 1 0 1 1 1 0 1 0 0 1 1 0
190	20	1 0 1 1 1 0 1 0 0 0 1 0 0 0 0 0
190	4	0 0 1 0 1 0 1 0 0 0 1 0 0 0 0 0
190	71	1 0 1 0 1 0 1 0 1 0 1 1 0 0 0 0
190	10	0 0 1 1 1 0 1 0 1 0 1 1 0 0 0 0
190	7	1 0 1 0 1 0 0 0 1 0 1 1 0 1 0 0
190	3	1 0 1 1 1 0 1 1 1 1 1 0 0 0 0 0
190	7	1 0 1 0 1 1 1 0 1 0 1 0 0 0 0 0
190	8	1 1 1 0 1 0 1 0 1 0 1 0 0 1 0 0
190	4	1 0 1 0 1 0 1 0 0 0 1 1 0 0 0 0
190	23	0 1 1 0 1 1 1 0 1 0 1 0 0 0 0 0
190	80	1 0 1 1 1 0 1 0 0 1 0 0 0 0 0 0
190	16	1 0 1 0 1 0 1 0 1 0 1 1 0 0 1 0
190	18	0 0 1 1 1 0 1 1 1 0 1 1 0 0 0 0
190	15	1 1 1 1 0 0 1 1 1 0 1 1 0 0 0 0
190	15	1 1 1 1 1 0 0 0 0 0 1 1 0 0 0 0
190	116	1 0 1 1 1 0 1 1 1 0 1 0 0 0 0 0
190	5	1 0 1 1 1 0 1 0 0 0 0 0 0 0 0 0
190	18	1 0 0 1 0 0 0 0 1 0 1 0 0 0 0 0
190	16	1 0 1 0 1 1 1 0 1 0 1 1 0 0 0 0
190	4	0 0 1 0 0 0 1 0 0 0 1 0 0 0 0 0
190	1	1 0 1 0 1 1 1 0 1 0 1 0 0 0 1 0
190	48	1 1 1 0 1 0 0 0 1 0 1 0 1 0 0 0
190	4	0 1 1 1 1 0 1 0 1 0 1 1 0 1 0 0
190	23	0 0 1 0 1 1 1 0 1 0 1 1 0 0 0 0
190	2	1 0 1 0 0 0 1 0 1 0 1 0 0 0 0 1
190	39	1 1 1 1 1 0 1 0 0 0 1 0 0 0 1 0
190	22	0 0 1 0 1 0 1 0 0 0 1 1 0 0 0 0
190	4	1 0 1 1 1 0 1 0 1 0 1 1 0 0 0 0
190	9	1 0 1 0 1 0 1 0 0 0 1 1 0 0 0 1
190	10	1 0 1 1 1 0 1 0 1 0 1 0 0 0 0 0
190	3	0 1 0 1 0 1 1 0 1 0 1 0 0 1 0 0
190	21	1 1 1 1 1 0 1 1 1 0 1 0 0 0 0 0
190	1	0 0 1 1 1 1 1 1 0 0 1 1 0 1 0 0
190	4	1 1 1 1 1 0 1 0 0 0 1 1 0 0 0 0
190	5	1 0 1 0 1 1 0 0 1 0 1 1 0 1 0 0
190	9	1 1 1 0 1 0 1 1 1 0 1 0 0 1 1 0
190	7	1 0 1 0 0 1 1 0 1 0 1 0 0 0 0 0
190	8	1 1 1 0 1 0 1 0 0 0 1 1 0 0 0 1
190	6	1 0 1 1 1 0 1 0 1 1 1 1 0 0 0 0
190	19	1 0 1 1 1 0 1 1 0 1 0 0 0 0 0 0
190	7	0 0 1 0 1 0 1 0 0 0 0 0 0 0 1 1
190	7	1 0 0 1 1 0 1 0 0 0 0 0 0 0 0 0
190	37	1 1 1 1 0 0 1 0 0 0 1 0 0 0 0 0
190	6	1 0 1 0 1 1 1 0 1 0 1 0 0 1 0 0
190	2	1 0 1 1 1 0 1 0 1 0 1 0 1 0 0 0
190	17	0 0 1 0 1 0 1 0 1 0 1 1 0 1 0 0
190	1	1 1 1 0 1 0 0 0 1 0 1 0 1 0 1 0
190	2	0 0 1 1 1 0 1 1 1 1 0 0 0 0 0 0
190	3	0 0 1 1 1 0 1 0 1 0 1 0 0 1 0 0
190	1	1 1 1 1 1 0 0 0 0 0 1 0 0 0 1 0
190	4	0 0 1 0 1 0 1 0 1 0 1 0 0 0 0 1
190	1	1 0 1 1 1 0 1 1 1 0 1 1 0 0 0 0
190	13	0 1 1 1 1 0 1 0 0 0 1 1 0 0 0 0
190	11	1 0 1 0 0 0 1 0 0 0 1 1 0 0 0 0
190	2	1 0 1 1 1 0 1 0 0 1 0 1 0 0 0 0
190	16	1 0 1 1 1 0 1 0 0 0 1 1 0 0 0 1
190	3	0 1 1 1 1 0 1 0 0 0 1 0 0 0 0 0
190	9	1 1 1 0 1 0 0 0 1 0 1 0 0 0 0 0
190	3	1 0 1 0 1 0 1 0 1 0 1 1 1 0 0 0
190	2	1 1 1 0 1 0 1 0 1 0 1 1 0 0 0 0
190	4	1 1 1 0 1 0 0 0 1 0 1 0 0 0 1 0
190	5	1 1 1 0 1 0 1 1 1 0 1 0 0 0 1 0
190	1	0 0 1 1 1 0 0 1 1 0 1 1 0 0 0 0
190	1	1 0 1 1 1 0 1 0 0 0 1 0 0 0 1 0
190	4	0 0 1 1 1 0 1 0 0 1 0 0 0 0 0 0
190	3	1 0 1 1 1 0 1 1 1 0 1 0 0 0 1 0
190	2	1 1 1 0 1 0 0 0 1 0 1 0 0 1 0 0
190	8	0 1 1 0 0 0 1 0 1 0 1 1 0 1 0 0
190	2	1 0 1 0 1 0 0 0 1 0 1 1 0 0 0 0
190	2	1 0 0 1 1 0 1 1 1 0 1 0 0 0 0 0
190	2	0 0 1 0 1 1 1 0 1 0 1 0 1 0 0 0
190	2	1 0 1 1 1 0 1 0 0 1 0 0 0 0 1 0
190	4	0 1 1 0 1 1 1 0 1 0 1 0 0 1 0 0
190	2	1 0 1 0 1 0 1 0 1 0 1 1 1 0 1 0
190	1	0 0 1 1 1 0 1 1 1 1 0 0 0 0 1 1
190	4	0 0 1 0 1 0 1 1 1 0 1 0 0 1 0 0
190	2	1 0 1 1 1 0 1 1 1 1 1 0 0 0 0 1
190	1	1 0 1 1 1 0 1 0 0 1 0 0 0 0 0 1
190	1	1 1 1 1 0 0 0 1 1 0 0 1 0 0 0 0
190	2	0 0 1 0 1 0 1 0 1 0 1 0 0 1 1 0
190	1	1 0 1 0 1 0 0 0 1 0 1 0 0 0 0 0
190	1	0 1 1 0 1 1 1 0 1 0 1 0 1 0 0 0
190	1	1 1 1 1 1 0 1 0 0 0 1 0 0 0 0 0
190	1	1 1 1 1 0 0 1 0 1 0 1 1 0 0 0 0
190	1	1 0 1 1 1 0 1 0 0 0 1 0 0 0 0 1
190	1	0 0 1 1 1 0 1 1 1 0 1 1 1 0 0 0
190	2	0 0 1 1 1 0 1 1 1 0 1 0 0 0 0 0
190	1	1 0 1 1 1 0 1 1 1 0 1 0 0 0 0 1
190	1	0 1 0 1 0 1 1 0 1 0 1 0 0 1 0 1
190	2	1 0 1 1 1 0 1 1 0 1 0 0 1 0 0 0
190	1	0 0 1 0 1 0 1 1 1 0 1 1 0 1 0 0
200	15	0 0 1 0 1 0 1 0 1 0 1 0 0 0 0 0
200	1	1 0 1 0 1 0 1 0 1 0 1 0 0 0 0 0
200	21	0 0 1 0 1 0 1 0 1 0 1 1 0 0 0 0
200	13	0 1 1 0 0 0 1 0 1 0 1 0 0 0 0 0
200	6	0 0 1 0 1 0 1 1 1 0 1 0 0 1 1 0
200	30	1 0 1 1 1 0 1 0 0 0 1 0 0 0 0 0
200	43	1 0 1 0 1 0 1 0 1 0 1 1 0 0 0 0
200	7	1 0 1 0 1 0 0 0 1 0 1 1 0 1 0 0
200	34	1 0 1 1 1 0 1 1 1 1 1 0 0 0 0 0
200	3	1 0 1 0 1 1 1 0 1 0 1 0 0 0 0 0
200	3	1 1 1 0 1 0 1 0 1 0 1 0 0 1 0 0
200	10	1 0 1 0 1 0 1 0 0 0 1 1 0 0 0 0
200	13	0 1 1 0 1 1 1 0 1 0 1 0 0 0 0 0
200	73	1 0 1 1 1 0 1 0 0 1 0 0 0 0 0 0
200	6	1 0 1 0 1 0 1 0 1 0 1 1 0 0 1 0
200	11	0 0 1 1 1 0 1 1 1 0 1 1 0 0 0 0
200	21	1 1 1 1 1 0 0 0 0 0 1 1 0 0 0 0
200	113	1 0 1 1 1 0 1 1 1 0 1 0 0 0 0 0
200	25	1 0 1 0 1 1 1 0 1 0 1 1 0 0 0 0
200	6	1 0 1 0 1 1 1 0 1 0 1 0 0 0 1 0
200	35	1 1 1 0 1 0 0 0 1 0 1 0 1 0 0 0
200	16	0 0 1 0 1 1 1 0 1 0 1 1 0 0 0 0
200	20	1 1 1 1 1 0 1 0 0 0 1 0 0 0 1 0
200	6	0 0 1 0 1 0 1 0 0 0 1 1 0 0 0 0
200	7	1 0 1 1 1 0 1 0 1 0 1 1 0 0 0 0
200	3	1 0 1 0 1 0 1 0 0 0 1 1 0 0 0 1
200	15	1 0 1 1 1 0 1 0 1 0 1 0 0 0 0 0
200	4	1 1 1 1 1 0 1 1 1 0 1 0 0 0 0 0
200	17	1 1 1 1 1 0 1 0 0 0 1 1 0 0 0 0
200	19	1 1 1 0 1 0 1 1 1 0 1 0 0 1 1 0
200	13	1 0 1 0 0 1 1 0 1 0 1 0 0 0 0 0
200	30	1 0 1 1 1 0 1 0 1 1 1 1 0 0 0 0
200	10	1 0 1 1 1 0 1 1 0 1 0 0 0 0 0 0
200	2	1 0 0 1 1 0 1 0 0 0 0 0 0 0 0 0
200	44	1 1 1 1 0 0 1 0 0 0 1 0 0 0 0 0
200	4	0 0 1 0 1 0 1 0 1 0 1 1 0 1 0 0
200	6	0 0 1 1 1 0 1 0 1 0 1 0 0 1 0 0
200	3	0 0 1 0 1 0 1 0 1 0 1 0 0 0 0 1
200	7	0 1 1 1 1 0 1 0 0 0 1 1 0 0 0 0
200	18	1 0 1 0 0 0 1 0 0 0 1 1 0 0 0 0
200	2	1 1 1 0 1 0 0 0 1 0 1 0 0 0 0 0
200	7	1 0 1 0 1 0 1 0 1 0 1 1 1 0 0 0
200	12	1 1 1 0 1 0 0 0 1 0 1 0 0 0 1 0
200	1	1 0 1 1 1 0 1 0 0 0 1 0 0 0 1 0
200	5	0 0 1 1 1 0 1 0 0 1 0 0 0 0 0 0
200	5	0 1 1 0 0 0 1 0 1 0 1 1 0 1 0 0
200	2	1 0 0 1 1 0 1 1 1 0 1 0 0 0 0 0
200	6	1 0 1 1 1 0 1 0 0 1 0 0 0 0 1 0
200	2	0 0 1 0 1 0 1 1 1 0 1 0 0 1 0 0
200	6	0 0 1 0 1 0 1 0 1 0 1 0 0 1 1 0
200	7	0 0 1 1 1 0 1 1 1 0 1 0 0 0 0 0
200	7	1 0 1 1 1 0 1 1 1 0 1 0 0 0 0 1
200	3	0 0 1 0 1 1 0 0 1 0 1 1 0 0 0 0
200	6	1 1 1 1 0 1 1 0 0 0 1 0 0 0 0 0
200	15	1 0 1 0 1 1 1 0 1 0 1 0 0 1 1 0
200	3	1 0 1 0 1 0 1 0 0 1 0 0 0 0 0 0
200	10	1 0 1 0 1 0 1 0 1 0 1 0 0 0 0 1
200	3	0 1 1 0 1 1 0 0 1 0 1 1 0 0 0 0
200	4	0 0 1 0 1 0 1 1 1 0 1 1 0 1 0 0
200	4	1 0 1 0 1 0 1 0 1 0 1 1 0 0 0 1
200	2	1 0 1 0 1 0 1 0 0 0 1 0 0 0 1 0
200	14	1 1 1 1 1 0 1 0 1 0 1 0 0 0 0 0
200	2	1 1 1 1 1 0 1 0 0 1 1 0 0 0 1 0
200	5	0 0 0 1 1 0 1 0 0 0 0 0 0 0 0 0
200	1	1 0 1 1 1 1 1 0 0 0 1 1 0 0 0 1
200	14	0 1 1 0 1 1 1 0 1 0 1 0 0 1 1 0
200	1	0 0 1 1 1 0 0 0 1 0 1 0 0 0 0 0
200	5	1 1 1 1 1 0 1 0 0 1 0 0 0 0 0 0
200	2	1 1 1 0 1 0 0 0 1 0 1 0 0 1 0 1
200	11	0 1 1 0 1 0 1 0 1 0 1 1 0 0 0 0
200	2	0 0 1 0 1 1 1 0 1 0 1 0 0 0 0 0
200	4	1 0 1 0 1 0 0 0 1 0 1 0 1 0 0 0
200	3	0 0 1 0 1 1 1 0 1 0 1 1 0 0 1 0
200	4	1 0 1 0 0 1 1 0 1 0 0 0 0 0 0 0
200	6	0 0 1 1 1 0 1 0 1 1 0 0 0 0 0 0
200	2	0 0 1 0 1 0 0 1 1 0 1 0 0 1 0 0
200	2	1 1 1 0 1 0 1 0 1 0 1 0 0 0 0 1
200	3	0 1 1 1 1 1 1 0 1 0 1 0 0 0 0 0
200	3	1 1 1 1 0 0 1 0 0 0 1 1 0 0 0 0
200	1	1 0 1 1 1 0 1 0 1 0 1 0 0 1 1 0
200	4	1 0 1 1 1 0 1 0 0 1 0 0 0 0 0 1
200	2	0 1 1 1 1 0 1 1 0 0 1 1 0 0 0 0
200	3	0 1 1 0 0 0 1 0 1 0 1 0 0 1 0 0
200	1	1 1 1 0 1 0 1 0 0 0 1 0 0 0 0 0
200	2	0 0 1 0 1 0 1 0 1 0 1 1 0 0 0 1
200	2	1 0 0 1 1 0 1 1 1 1 1 0 0 0 0 0
200	1	1 0 1 1 1 0 1 0 0 1 1 0 0 0 0 0
200	8	1 0 1 1 1 0 1 1 0 0 1 0 0 0 0 0
200	3	1 1 1 1 1 0 1 0 0 0 1 0 1 0 1 0
200	1	1 1 1 1 1 0 1 1 0 0 1 0 0 0 1 0
200	5	1 1 1 1 1 0 1 0 0 0 0 1 0 0 0 0
200	4	1 0 1 1 0 0 1 0 0 0 1 0 0 0 0 0
200	4	0 0 1 1 1 0 1 0 1 0 1 1 0 1 0 0
200	3	0 0 1 0 1 0 0 0 1 0 1 0 1 0 0 0
200	1	1 1 1 0 1 0 1 0 1 0 1 0 0 1 1 0
200	1	1 1 1 1 1 0 0 0 0 0 1 1 1 0 0 0
200	3	1 0 1 1 1 0 0 1 1 0 1 0 0 0 0 0
200	1	1 0 1 1 1 0 1 0 1 0 1 0 0 1 0 0
200	1	1 0 1 0 1 0 1 1 0 1 0 0 0 0 0 0
200	3	0 1 1 1 1 0 1 0 0 0 1 1 0 0 0 1
200	1	1 0 1 1 0 0 1 0 1 0 1 0 0 0 0 0
200	4	1 1 1 1 1 0 1 1 0 1 0 0 0 0 0 0
200	3	0 0 1 0 1 0 1 1 1 0 1 0 0 0 0 0
200	1	1 1 0 1 1 0 1 0 0 0 1 0 0 0 1 0
200	3	1 0 1 0 1 0 1 0 1 1 1 1 0 0 0 0
200	2	0 0 1 0 1 0 1 1 1 0 1 1 0 0 0 0
200	2	0 1 1 1 1 1 1 0 1 0 1 0 0 1 1 0
200	1	0 1 1 0 1 1 1 0 1 0 1 1 0 1 1 0
210	10	0 0 1 0 1 0 1 0 1 0 1 0 0 0 0 0
210	17	0 0 1 0 1 0 1 0 1 0 1 1 0 0 0 0
210	24	0 1 1 0 0 0 1 0 1 0 1 0 0 0 0 0
210	8	0 0 1 0 1 0 1 1 1 0 1 0 0 1 1 0
210	47	1 0 1 1 1 0 1 0 0 0 1 0 0 0 0 0
210	12	1 0 1 0 1 0 1 0 1 0 1 1 0 0 0 0
210	4	1 0 1 0 1 0 0 0 1 0 1 1 0 1 0 0
210	8	1 0 1 1 1 0 1 1 1 1 1 0 0 0 0 0
210	16	1 0 1 0 1 0 1 0 0 0 1 1 0 0 0 0
210	17	0 1 1 0 1 1 1 0 1 0 1 0 0 0 0 0
210	83	1 0 1 1 1 0 1 0 0 1 0 0 0 0 0 0
210	4	1 0 1 0 1 0 1 0 1 0 1 1 0 0 1 0
210	6	0 0 1 1 1 0 1 1 1 0 1 1 0 0 0 0
210	5	1 1 1 1 1 0 0 0 0 0 1 1 0 0 0 0
210	122	1 0 1 1 1 0 1 1 1 0 1 0 0 0 0 0
210	58	1 0 1 0 1 1 1 0 1 0 1 1 0 0 0 0
210	3	1 0 1 0 1 1 1 0 1 0 1 0 0 0 1 0
210	15	1 1 1 0 1 0 0 0 1 0 1 0 1 0 0 0
210	5	0 0 1 0 1 1 1 0 1 0 1 1 0 0 0 0
210	3	1 1 1 1 1 0 1 0 0 0 1 0 0 0 1 0
210	1	0 0 1 0 1 0 1 0 0 0 1 1 0 0 0 0
210	17	1 0 1 1 1 0 1 0 1 0 1 0 0 0 0 0
210	43	1 1 1 1 1 0 1 0 0 0 1 1 0 0 0 0
210	15	1 1 1 0 1 0 1 1 1 0 1 0 0 1 1 0
210	14	1 0 1 0 0 1 1 0 1 0 1 0 0 0 0 0
210	17	1 0 1 1 1 0 1 0 1 1 1 1 0 0 0 0
210	1	1 0 1 1 1 0 1 1 0 1 0 0 0 0 0 0
210	11	1 1 1 1 0 0 1 0 0 0 1 0 0 0 0 0
210	8	0 0 1 0 1 0 1 0 1 0 1 1 0 1 0 0
210	4	0 0 1 1 1 0 1 0 1 0 1 0 0 1 0 0
210	18	0 1 1 1 1 0 1 0 0 0 1 1 0 0 0 0
210	20	1 0 1 0 0 0 1 0 0 0 1 1 0 0 0 0
210	5	1 0 1 0 1 0 1 0 1 0 1 1 1 0 0 0
210	17	1 1 1 0 1 0 0 0 1 0 1 0 0 0 1 0
210	1	1 0 1 1 1 0 1 0 0 1 0 0 0 0 1 0
210	6	1 0 1 1 1 0 1 1 1 0 1 0 0 0 0 1
210	17	1 1 1 1 0 1 1 0 0 0 1 0 0 0 0 0
210	4	1 0 1 0 1 1 1 0 1 0 1 0 0 1 1 0
210	7	1 0 1 0 1 0 1 0 1 0 1 0 0 0 0 1
210	1	0 1 1 0 1 1 0 0 1 0 1 1 0 0 0 0
210	33	0 0 1 0 1 0 1 1 1 0 1 1 0 1 0 0
210	13	1 1 1 1 1 0 1 0 1 0 1 0 0 0 0 0
210	5	1 1 1 1 1 0 1 0 0 1 1 0 0 0 1 0
210	4	0 0 0 1 1 0 1 0 0 0 0 0 0 0 0 0
210	30	0 1 1 0 1 1 1 0 1 0 1 0 0 1 1 0
210	8	1 1 1 1 1 0 1 0 0 1 0 0 0 0 0 0
210	16	0 1 1 0 1 0 1 0 1 0 1 1 0 0 0 0
210	5	1 0 1 0 1 0 0 0 1 0 1 0 1 0 0 0
210	11	0 0 1 0 1 1 1 0 1 0 1 1 0 0 1 0
210	10	0 0 1 1 1 0 1 0 1 1 0 0 0 0 0 0
210	3	1 0 1 1 1 0 1 0 0 1 0 0 0 0 0 1
210	2	0 1 1 0 0 0 1 0 1 0 1 0 0 1 0 0
210	1	1 0 1 1 1 0 1 1 0 0 1 0 0 0 0 0
210	4	1 1 1 1 1 0 1 1 0 0 1 0 0 0 1 0
210	40	1 1 1 1 1 0 1 0 0 0 0 1 0 0 0 0
210	1	1 0 1 1 0 0 1 0 0 0 1 0 0 0 0 0
210	2	0 1 1 1 1 0 1 0 0 0 1 1 0 0 0 1
210	9	1 1 1 1 1 0 1 1 0 1 0 0 0 0 0 0
210	3	1 0 1 0 1 0 1 0 1 1 1 1 0 0 0 0
210	2	0 0 1 1 1 0 1 1 1 0 1 1 0 0 0 1
210	21	0 1 1 0 1 1 1 0 1 0 1 1 0 0 0 0
210	3	1 0 1 1 1 0 0 0 0 0 1 0 0 0 0 0
210	3	1 0 1 1 0 0 1 0 0 1 0 0 0 0 0 0
210	6	1 0 1 0 1 0 1 1 1 1 1 0 0 0 0 0
210	1	1 0 0 1 1 0 1 0 0 1 0 0 0 0 0 0
210	4	1 1 1 1 1 0 1 0 0 0 1 0 0 0 0 0
210	4	1 0 1 1 1 0 1 1 0 1 1 0 0 0 0 0
210	2	0 1 1 0 1 1 1 0 1 0 0 1 0 0 0 0
210	10	1 0 1 1 1 0 1 0 0 1 0 1 0 0 0 0
210	3	1 1 1 0 1 0 1 0 0 0 1 1 0 0 0 0
210	8	1 0 1 1 0 0 1 0 1 1 1 1 0 0 0 0
210	2	1 0 1 0 0 1 1 1 1 0 0 0 0 0 0 0
210	2	1 1 1 1 1 0 1 0 0 1 0 0 0 0 1 0
210	2	1 1 1 1 0 1 1 0 0 0 1 0 1 0 0 0
210	1	1 1 1 0 1 1 1 0 1 0 1 1 0 0 0 0
210	3	1 0 1 1 1 0 1 0 0 1 0 0 1 0 0 0
210	2	1 1 1 1 1 0 1 0 0 0 1 1 0 0 1 0
210	1	1 1 1 0 1 1 1 0 1 0 1 0 0 0 0 0
210	2	1 0 1 0 1 0 1 1 1 1 1 1 0 0 0 0
210	4	1 0 1 1 1 0 1 0 0 0 0 0 0 0 0 0
210	1	1 0 1 0 1 1 0 0 1 0 1 1 0 0 0 0
210	3	1 0 1 1 1 0 1 1 1 0 1 1 0 0 0 0
210	2	1 0 1 1 1 1 1 0 1 0 1 0 0 1 1 0
210	3	1 0 1 1 1 1 1 0 0 0 1 0 0 0 0 0
210	1	1 0 1 0 1 0 0 0 0 0 0 1 0 0 0 0
210	1	0 1 1 0 0 0 1 0 1 0 1 0 0 0 0 1
210	1	1 0 1 1 1 0 0 0 0 1 0 0 0 0 0 0
210	1	1 0 1 0 0 0 1 0 0 0 1 0 0 0 0 0
210	1	1 0 1 1 1 0 1 0 1 0 1 0 0 0 0 1
210	1	0 1 1 1 0 1 1 0 0 0 1 0 0 0 0 0
210	2	1 1 1 1 1 0 1 0 0 1 0 1 0 0 0 0
210	2	0 1 1 0 1 1 1 0 1 0 1 1 0 0 1 0
210	1	1 1 1 1 0 0 1 0 0 1 0 0 0 0 1 0
220	8	0 0 1 0 1 0 1 0 1 0 1 1 0 0 0 0
220	21	0 1 1 0 0 0 1 0 1 0 1 0 0 0 0 0
220	11	0 0 1 0 1 0 1 1 1 0 1 0 0 1 1 0
220	46	1 0 1 1 1 0 1 0 0 0 1 0 0 0 0 0
220	23	1 0 1 0 1 0 1 0 1 0 1 1 0 0 0 0
220	5	1 0 1 1 1 0 1 1 1 1 1 0 0 0 0 0
220	15	1 0 1 0 1 0 1 0 0 0 1 1 0 0 0 0
220	30	1 0 1 1 1 0 1 0 0 1 0 0 0 0 0 0
220	7	1 0 1 0 1 0 1 0 1 0 1 1 0 0 1 0
220	3	1 1 1 1 1 0 0 0 0 0 1 1 0 0 0 0
220	81	1 0 1 1 1 0 1 1 1 0 1 0 0 0 0 0
220	57	1 0 1 0 1 1 1 0 1 0 1 1 0 0 0 0
220	7	1 0 1 0 1 1 1 0 1 0 1 0 0 0 1 0
220	39	1 1 1 0 1 0 0 0 1 0 1 0 1 0 0 0
220	14	1 0 1 1 1 0 1 0 1 0 1 0 0 0 0 0
220	30	1 1 1 1 1 0 1 0 0 0 1 1 0 0 0 0
220	6	1 1 1 0 1 0 1 1 1 0 1 0 0 1 1 0
220	4	1 0 1 0 0 1 1 0 1 0 1 0 0 0 0 0
220	17	1 0 1 1 1 0 1 0 1 1 1 1 0 0 0 0
220	10	1 0 1 1 1 0 1 1 0 1 0 0 0 0 0 0
220	10	1 1 1 1 0 0 1 0 0 0 1 0 0 0 0 0
220	3	0 0 1 0 1 0 1 0 1 0 1 1 0 1 0 0
220	12	0 1 1 1 1 0 1 0 0 0 1 1 0 0 0 0
220	9	1 0 1 0 0 0 1 0 0 0 1 1 0 0 0 0
220	1	1 0 1 0 1 0 1 0 1 0 1 1 1 0 0 0
220	15	1 1 1 0 1 0 0 0 1 0 1 0 0 0 1 0
220	4	1 0 1 1 1 0 1 0 0 1 0 0 0 0 1 0
220	13	1 1 1 1 0 1 1 0 0 0 1 0 0 0 0 0
220	3	1 0 1 0 1 1 1 0 1 0 1 0 0 1 1 0
220	3	1 0 1 0 1 0 1 0 1 0 1 0 0 0 0 1
220	3	0 0 1 0 1 0 1 1 1 0 1 1 0 1 0 0
220	23	1 1 1 1 1 0 1 0 1 0 1 0 0 0 0 0
220	6	0 0 0 1 1 0 1 0 0 0 0 0 0 0 0 0
220	25	0 1 1 0 1 1 1 0 1 0 1 0 0 1 1 0
220	33	1 1 1 1 1 0 1 0 0 1 0 0 0 0 0 0
220	20	0 1 1 0 1 0 1 0 1 0 1 1 0 0 0 0
220	1	1 0 1 0 1 0 0 0 1 0 1 0 1 0 0 0
220	7	0 0 1 0 1 1 1 0 1 0 1 1 0 0 1 0
220	56	1 1 1 1 1 0 1 0 0 0 0 1 0 0 0 0
220	23	1 1 1 1 1 0 1 1 0 1 0 0 0 0 0 0
220	9	0 1 1 0 1 1 1 0 1 0 1 1 0 0 0 0
220	6	1 0 0 1 1 0 1 0 0 1 0 0 0 0 0 0
220	11	0 1 1 0 1 1 1 0 1 0 0 1 0 0 0 0
220	6	1 0 1 1 1 0 1 0 0 1 0 1 0 0 0 0
220	2	1 1 1 1 1 0 1 0 0 1 0 0 0 0 1 0
220	5	1 0 1 1 1 0 1 0 0 0 0 0 0 0 0 0
220	1	1 0 1 1 1 1 1 0 0 0 1 0 0 0 0 0
220	2	1 0 1 0 1 0 0 0 0 0 0 1 0 0 0 0
220	17	1 1 1 1 1 0 1 0 0 1 0 1 0 0 0 0
220	5	1 0 1 0 1 0 1 0 1 0 1 0 0 0 0 0
220	31	1 0 1 0 1 0 1 0 0 0 1 0 0 0 0 0
220	10	1 0 1 0 1 0 1 0 0 1 0 0 0 0 0 0
220	4	0 0 1 0 1 0 1 1 1 0 1 1 0 0 0 0
220	1	1 0 1 0 1 0 0 0 0 0 1 0 0 0 0 0
220	5	1 0 1 1 1 0 1 0 0 1 0 0 0 1 0 0
220	18	1 0 1 1 1 0 1 0 1 0 1 1 0 0 0 0
220	2	0 1 1 0 1 1 1 0 1 0 1 1 0 1 1 0
220	8	0 0 1 1 1 1 1 0 0 0 1 0 0 0 0 0
220	14	1 0 1 1 1 0 1 0 0 0 0 1 0 0 0 0
220	9	0 0 1 1 1 0 1 0 1 0 1 0 0 0 0 0
220	6	1 1 1 1 1 0 1 1 1 0 1 0 0 0 0 0
220	1	0 0 1 0 0 0 1 1 1 0 1 0 0 1 1 0
220	7	0 1 0 1 1 0 1 0 0 0 1 1 0 0 0 0
220	6	1 1 1 0 1 0 1 0 1 0 1 1 0 0 0 0
220	2	0 1 1 1 1 0 1 0 0 0 1 0 0 0 0 0
220	1	1 0 1 1 1 0 1 0 1 1 1 1 1 0 0 0
220	8	1 0 1 1 0 0 1 0 0 0 1 0 0 0 0 0
220	6	0 0 1 0 1 1 1 1 1 0 1 1 0 1 0 0
220	1	1 0 1 0 1 1 1 0 1 0 1 0 0 0 0 0
220	4	0 1 1 0 0 0 1 0 1 0 1 1 0 0 0 0
220	1	1 0 1 1 1 0 1 0 0 1 0 0 1 0 0 0
220	1	1 0 1 1 1 0 1 0 1 1 0 0 0 0 0 0
220	1	1 0 1 0 0 0 0 0 0 0 1 1 0 0 0 0
220	10	1 1 1 1 1 0 1 0 1 1 1 0 0 0 0 0
220	4	1 0 1 0 0 0 1 0 0 0 0 1 0 0 0 0
220	2	1 1 1 1 1 0 1 0 1 1 1 1 0 0 0 0
220	3	1 0 1 0 0 1 1 1 1 0 0 0 0 1 0 0
220	2	1 1 1 0 1 1 1 0 1 0 1 1 0 0 0 0
220	3	1 0 0 1 1 0 1 0 0 0 0 0 0 0 0 0
220	5	1 1 1 0 0 1 1 0 0 0 1 0 0 0 0 0
220	1	1 1 1 1 1 0 1 0 1 0 1 0 0 0 1 0
220	1	1 1 1 1 1 1 1 0 1 0 1 0 0 0 0 0
220	5	0 1 1 0 1 1 1 0 0 0 1 1 0 0 0 0
220	6	1 0 1 1 1 0 1 0 0 0 1 1 0 0 0 0
220	2	1 1 1 1 0 0 1 1 1 0 1 0 0 0 0 0
220	2	0 0 1 1 1 0 1 0 0 1 0 0 0 0 0 0
220	1	1 1 1 1 1 0 0 0 0 0 1 0 0 0 0 0
220	1	1 0 1 1 1 0 1 1 1 0 1 0 1 0 0 0
220	2	1 0 1 0 0 0 1 0 0 0 1 1 0 0 1 0
220	5	0 1 0 0 1 0 1 0 1 0 1 1 0 0 0 0
220	3	1 0 1 0 1 1 0 0 0 0 1 0 0 0 0 0
220	2	0 1 1 0 0 0 1 0 1 0 0 1 0 0 0 0
220	1	1 1 1 1 1 0 1 0 1 1 1 1 1 0 0 0
220	2	1 1 1 0 1 1 1 0 1 0 0 1 0 0 0 0
220	1	1 0 1 0 1 1 1 1 0 1 0 0 0 0 0 0
220	1	1 1 1 1 0 0 1 0 1 0 1 1 0 0 0 0
220	3	1 1 1 1 1 0 1 0 1 0 1 1 1 0 0 0
220	1	0 1 1 0 1 1 1 0 1 0 1 0 0 0 0 0
220	1	1 1 1 1 1 0 1 0 0 0 0 1 0 0 0 1
220	1	0 0 1 0 1 1 1 0 1 0 1 1 0 0 0 0
220	2	1 1 1 1 1 0 0 0 1 0 1 0 1 0 0 0
220	1	1 0 1 0 0 1 1 0 1 0 1 0 0 0 0 1
220	2	1 1 1 1 0 0 1 0 0 0 1 0 1 0 0 0
220	1	1 1 1 1 1 0 1 0 1 0 1 1 0 0 0 0
220	1	0 1 1 0 1 0 1 0 1 0 1 1 1 0 0 0
220	1	1 1 1 1 1 0 1 1 0 0 1 0 0 0 1 1
220	4	1 1 1 1 1 0 1 0 1 0 0 1 0 0 0 0
220	1	0 1 1 0 1 1 1 0 1 0 1 1 0 1 0 0
220	1	0 0 1 1 1 0 1 0 1 0 1 1 0 0 0 0
230	15	0 1 1 0 0 0 1 0 1 0 1 0 0 0 0 0
230	18	1 0 1 1 1 0 1 0 0 0 1 0 0 0 0 0
230	13	1 0 1 0 1 0 1 0 1 0 1 1 0 0 0 0
230	2	1 0 1 1 1 0 1 1 1 1 1 0 0 0 0 0
230	4	1 0 1 0 1 0 1 0 0 0 1 1 0 0 0 0
230	26	1 0 1 1 1 0 1 0 0 1 0 0 0 0 0 0
230	1	1 0 1 0 1 0 1 0 1 0 1 1 0 0 1 0
230	55	1 0 1 1 1 0 1 1 1 0 1 0 0 0 0 0
230	36	1 0 1 0 1 1 1 0 1 0 1 1 0 0 0 0
230	8	1 0 1 0 1 1 1 0 1 0 1 0 0 0 1 0
230	23	1 1 1 0 1 0 0 0 1 0 1 0 1 0 0 0
230	16	1 0 1 1 1 0 1 0 1 0 1 0 0 0 0 0
230	38	1 1 1 1 1 0 1 0 0 0 1 1 0 0 0 0
230	5	1 1 1 0 1 0 1 1 1 0 1 0 0 1 1 0
230	10	1 0 1 1 1 0 1 0 1 1 1 1 0 0 0 0
230	24	1 0 1 1 1 0 1 1 0 1 0 0 0 0 0 0
230	15	1 1 1 1 0 0 1 0 0 0 1 0 0 0 0 0
230	2	0 1 1 1 1 0 1 0 0 0 1 1 0 0 0 0
230	2	1 0 1 0 1 0 1 0 1 0 1 1 1 0 0 0
230	13	1 1 1 1 0 1 1 0 0 0 1 0 0 0 0 0
230	2	0 0 1 0 1 0 1 1 1 0 1 1 0 1 0 0
230	19	1 1 1 1 1 0 1 0 1 0 1 0 0 0 0 0
230	4	0 1 1 0 1 1 1 0 1 0 1 0 0 1 1 0
230	25	1 1 1 1 1 0 1 0 0 1 0 0 0 0 0 0
230	35	0 1 1 0 1 0 1 0 1 0 1 1 0 0 0 0
230	1	0 0 1 0 1 1 1 0 1 0 1 1 0 0 1 0
230	49	1 1 1 1 1 0 1 0 0 0 0 1 0 0 0 0
230	35	1 1 1 1 1 0 1 1 0 1 0 0 0 0 0 0
230	11	0 1 1 0 1 1 1 0 1 0 1 1 0 0 0 0
230	6	0 1 1 0 1 1 1 0 1 0 0 1 0 0 0 0
230	8	1 0 1 1 1 0 1 0 0 1 0 1 0 0 0 0
230	32	1 1 1 1 1 0 1 0 0 1 0 1 0 0 0 0
230	35	1 0 1 0 1 0 1 0 0 0 1 0 0 0 0 0
230	5	1 0 1 0 1 0 1 0 0 1 0 0 0 0 0 0
230	1	0 0 1 0 1 0 1 1 1 0 1 1 0 0 0 0
230	1	1 0 1 1 1 0 1 0 0 1 0 0 0 1 0 0
230	47	1 0 1 1 1 0 1 0 1 0 1 1 0 0 0 0
230	6	0 1 1 0 1 1 1 0 1 0 1 1 0 1 1 0
230	5	1 0 1 1 1 0 1 0 0 0 0 1 0 0 0 0
230	5	0 0 1 1 1 0 1 0 1 0 1 0 0 0 0 0
230	8	1 1 1 1 1 0 1 1 1 0 1 0 0 0 0 0
230	1	0 1 0 1 1 0 1 0 0 0 1 1 0 0 0 0
230	17	1 0 1 1 0 0 1 0 0 0 1 0 0 0 0 0
230	5	0 1 1 0 0 0 1 0 1 0 1 1 0 0 0 0
230	12	1 0 1 1 1 0 1 0 1 1 0 0 0 0 0 0
230	11	1 1 1 0 0 1 1 0 0 0 1 0 0 0 0 0
230	5	0 1 1 0 1 1 1 0 0 0 1 1 0 0 0 0
230	21	1 0 1 1 1 0 1 0 0 0 1 1 0 0 0 0
230	7	1 1 1 1 0 0 1 1 1 0 1 0 0 0 0 0
230	6	0 0 1 1 1 0 1 0 0 1 0 0 0 0 0 0
230	6	1 0 1 1 1 0 1 1 1 0 1 0 1 0 0 0
230	4	0 1 0 0 1 0 1 0 1 0 1 1 0 0 0 0
230	1	1 0 1 0 1 1 0 0 0 0 1 0 0 0 0 0
230	6	1 1 1 0 1 1 1 0 1 0 0 1 0 0 0 0
230	6	1 0 1 0 1 1 1 1 0 1 0 0 0 0 0 0
230	4	0 0 1 0 1 1 1 0 1 0 1 1 0 0 0 0
230	2	1 1 1 1 1 0 0 0 1 0 1 0 1 0 0 0
230	4	1 0 1 0 0 1 1 0 1 0 1 0 0 0 0 1
230	11	1 1 1 1 0 0 1 0 0 0 1 0 1 0 0 0
230	4	0 1 1 0 1 1 1 0 1 0 1 1 0 1 0 0
230	2	1 1 1 1 1 0 1 1 0 0 1 1 0 0 0 0
230	10	0 0 1 1 1 1 0 0 0 0 1 0 0 0 0 0
230	14	1 0 1 1 1 0 0 0 0 0 1 0 0 0 0 0
230	7	1 0 1 1 1 0 1 1 0 0 1 0 0 0 0 0
230	1	0 0 0 1 1 0 1 0 0 1 0 0 0 0 0 0
230	22	1 1 1 1 1 0 1 1 0 1 1 0 0 0 1 0
230	5	1 1 1 1 1 0 0 0 0 0 0 1 0 0 0 0
230	6	1 0 1 1 1 0 1 0 0 1 0 1 0 0 0 1
230	4	1 0 1 0 1 1 1 0 1 0 0 1 0 0 0 0
230	3	1 0 0 1 1 0 1 0 0 1 0 0 0 1 0 0
230	1	1 1 1 1 1 1 1 0 0 0 1 1 0 0 0 0
230	1	0 1 1 0 1 1 1 0 1 0 1 0 0 1 1 1
230	13	1 0 1 0 1 0 1 0 0 0 0 0 0 0 0 0
230	3	1 0 1 1 1 0 0 0 0 0 0 0 0 0 0 0
230	3	0 0 0 1 1 0 1 0 0 1 0 0 0 0 0 1
230	15	0 0 1 1 1 0 1 0 1 0 1 0 0 0 1 0
230	1	1 0 1 0 1 0 0 0 1 0 1 0 0 0 1 0
230	1	1 1 1 1 1 0 1 0 1 0 1 0 0 1 0 0
230	2	1 1 1 1 1 0 1 0 0 1 1 0 0 0 0 0
230	6	1 1 1 0 0 0 1 0 0 0 1 0 0 0 0 0
230	4	1 0 1 0 1 0 1 0 0 0 0 1 0 0 0 0
230	1	1 1 1 0 1 0 0 0 0 0 1 0 0 0 0 0
230	10	1 1 1 1 0 0 1 0 1 0 1 0 0 0 0 0
230	3	1 0 1 0 1 0 1 0 0 1 1 0 0 0 0 0
230	1	1 1 1 1 1 1 1 0 1 0 1 0 1 0 0 0
230	6	1 1 1 1 1 0 1 0 0 0 1 0 1 0 0 0
230	1	1 0 1 1 1 0 0 0 1 0 1 0 1 0 0 0
230	4	1 1 1 1 0 0 1 0 0 1 0 0 0 0 0 0
230	7	0 1 1 0 1 1 1 0 1 0 1 1 0 0 1 0
230	4	1 1 1 1 1 0 1 0 0 0 0 1 0 0 1 0
230	3	1 0 0 0 1 0 1 0 0 0 1 0 0 0 0 0
230	3	1 1 1 0 1 0 1 0 0 1 0 0 0 0 0 0
230	1	1 1 1 1 0 1 1 0 0 0 1 1 0 0 0 0
230	3	0 1 1 0 1 0 0 0 1 0 1 0 1 0 0 0
230	1	1 1 1 1 1 0 1 0 0 0 1 0 0 0 0 0
230	1	0 0 1 1 1 0 1 0 1 0 1 1 0 1 1 0
230	2	1 0 1 1 1 0 1 0 1 1 0 0 0 0 1 0
230	2	1 0 1 0 0 0 1 0 1 0 1 1 0 0 0 0
230	7	1 0 1 1 1 0 1 1 1 0 1 0 0 0 0 1
230	1	0 0 1 0 1 1 1 1 1 0 1 1 0 0 1 0
230	2	1 0 1 1 1 1 1 0 1 0 1 1 0 0 0 0
230	2	1 0 1 1 1 0 0 1 0 0 1 0 0 0 0 0
230	1	1 1 1 1 0 0 1 1 0 1 0 0 0 0 0 0
230	1	1 1 1 0 1 0 1 0 1 0 0 1 0 0 0 0
230	1	1 1 1 1 1 0 1 0 1 0 1 1 0 0 0 0
230	1	1 0 1 1 1 0 1 0 0 0 1 0 1 0 0 0
230	2	1 0 1 1 1 0 1 1 1 0 1 1 0 0 0 0
230	1	0 0 1 1 1 0 1 1 0 1 0 0 0 0 0 0
230	2	1 0 1 1 1 0 1 0 1 0 1 1 0 1 0 0
230	3	1 1 1 1 0 0 1 0 1 0 0 0 0 0 0 0
240	14	0 1 1 0 0 0 1 0 1 0 1 0 0 0 0 0
240	19	1 0 1 1 1 0 1 0 0 0 1 0 0 0 0 0
240	3	1 0 1 0 1 0 1 0 1 0 1 1 0 0 0 0
240	12	1 0 1 1 1 0 1 0 0 1 0 0 0 0 0 0
240	54	1 0 1 1 1 0 1 1 1 0 1 0 0 0 0 0
240	19	1 0 1 0 1 1 1 0 1 0 1 1 0 0 0 0
240	2	1 0 1 0 1 1 1 0 1 0 1 0 0 0 1 0
240	16	1 1 1 0 1 0 0 0 1 0 1 0 1 0 0 0
240	25	1 0 1 1 1 0 1 0 1 0 1 0 0 0 0 0
240	30	1 1 1 1 1 0 1 0 0 0 1 1 0 0 0 0
240	6	1 1 1 0 1 0 1 1 1 0 1 0 0 1 1 0
240	7	1 0 1 1 1 0 1 0 1 1 1 1 0 0 0 0
240	6	1 0 1 1 1 0 1 1 0 1 0 0 0 0 0 0
240	42	1 1 1 1 0 0 1 0 0 0 1 0 0 0 0 0
240	7	0 1 1 1 1 0 1 0 0 0 1 1 0 0 0 0
240	8	1 1 1 1 0 1 1 0 0 0 1 0 0 0 0 0
240	6	1 1 1 1 1 0 1 0 1 0 1 0 0 0 0 0
240	2	0 1 1 0 1 1 1 0 1 0 1 0 0 1 1 0
240	21	1 1 1 1 1 0 1 0 0 1 0 0 0 0 0 0
240	13	0 1 1 0 1 0 1 0 1 0 1 1 0 0 0 0
240	58	1 1 1 1 1 0 1 0 0 0 0 1 0 0 0 0
240	27	1 1 1 1 1 0 1 1 0 1 0 0 0 0 0 0
240	12	0 1 1 0 1 1 1 0 1 0 1 1 0 0 0 0
240	11	0 1 1 0 1 1 1 0 1 0 0 1 0 0 0 0
240	9	1 0 1 1 1 0 1 0 0 1 0 1 0 0 0 0
240	40	1 1 1 1 1 0 1 0 0 1 0 1 0 0 0 0
240	13	1 0 1 0 1 0 1 0 0 0 1 0 0 0 0 0
240	12	1 0 1 0 1 0 1 0 0 1 0 0 0 0 0 0
240	61	1 0 1 1 1 0 1 0 1 0 1 1 0 0 0 0
240	5	0 1 1 0 1 1 1 0 1 0 1 1 0 1 1 0
240	20	1 0 1 1 1 0 1 0 0 0 0 1 0 0 0 0
240	5	1 1 1 1 1 0 1 1 1 0 1 0 0 0 0 0
240	15	1 0 1 1 0 0 1 0 0 0 1 0 0 0 0 0
240	6	0 1 1 0 0 0 1 0 1 0 1 1 0 0 0 0
240	3	1 0 1 1 1 0 1 0 1 1 0 0 0 0 0 0
240	10	1 1 1 1 0 0 1 1 1 0 1 0 0 0 0 0
240	5	0 0 1 1 1 0 1 0 0 1 0 0 0 0 0 0
240	5	1 0 1 1 1 0 1 1 1 0 1 0 1 0 0 0
240	1	0 1 0 0 1 0 1 0 1 0 1 1 0 0 0 0
240	1	1 1 1 0 1 1 1 0 1 0 0 1 0 0 0 0
240	6	1 0 1 0 1 1 1 1 0 1 0 0 0 0 0 0
240	10	1 1 1 1 0 0 1 0 0 0 1 0 1 0 0 0
240	12	0 0 1 1 1 1 0 0 0 0 1 0 0 0 0 0
240	10	1 0 1 1 1 0 0 0 0 0 1 0 0 0 0 0
240	36	1 1 1 1 1 0 1 1 0 1 1 0 0 0 1 0
240	9	1 0 1 1 1 0 1 0 0 1 0 1 0 0 0 1
240	16	1 0 1 0 1 0 1 0 0 0 0 0 0 0 0 0
240	13	1 0 1 1 1 0 0 0 0 0 0 0 0 0 0 0
240	8	0 0 1 1 1 0 1 0 1 0 1 0 0 0 1 0
240	12	1 1 1 0 0 0 1 0 0 0 1 0 0 0 0 0
240	20	1 1 1 1 0 0 1 0 1 0 1 0 0 0 0 0
240	3	0 1 1 0 1 1 1 0 1 0 1 1 0 0 1 0
240	6	1 1 1 0 1 0 1 0 0 1 0 0 0 0 0 0
240	5	1 1 1 1 0 1 1 0 0 0 1 1 0 0 0 0
240	5	1 0 1 1 1 0 1 0 1 0 1 1 0 1 0 0
240	5	0 0 1 1 1 0 1 0 0 0 1 0 0 0 0 0
240	3	1 0 1 0 1 1 1 0 1 0 1 0 0 0 0 0
240	14	0 1 1 0 1 0 1 0 0 0 0 1 0 0 0 0
240	2	1 0 1 0 1 0 0 0 0 0 1 1 0 0 0 0
240	6	0 1 1 1 0 0 1 0 0 0 1 0 0 0 0 0
240	1	1 1 1 1 1 0 1 0 0 1 0 1 0 0 1 0
240	8	1 1 0 1 1 0 1 0 0 0 1 1 0 0 0 0
240	10	0 0 1 1 1 0 1 1 1 0 1 0 0 0 0 0
240	8	0 1 1 0 0 0 0 0 1 0 1 0 0 0 0 0
240	5	1 0 1 0 1 0 1 0 1 0 0 0 0 0 0 0
240	1	1 0 1 1 1 0 1 1 1 0 0 0 0 0 0 0
240	1	1 0 1 0 1 0 1 0 1 0 0 1 0 0 0 0
240	3	1 1 1 0 1 0 1 0 1 0 1 1 0 0 0 0
240	6	0 1 0 0 1 0 1 0 1 0 0 1 0 0 0 0
240	8	0 0 1 1 1 0 0 0 1 0 1 0 0 0 1 0
240	1	1 0 1 1 1 0 1 0 0 1 1 1 0 0 0 0
240	8	0 0 1 0 1 1 1 0 1 0 0 1 0 0 0 0
240	3	1 0 0 1 1 0 1 0 1 0 1 1 0 0 0 0
240	7	1 0 1 1 1 0 1 1 1 1 0 0 0 0 0 0
240	6	0 0 1 1 1 1 0 0 0 0 1 0 0 0 1 0
240	2	1 1 1 1 1 0 1 1 1 1 1 0 0 0 1 0
240	3	1 1 1 1 1 0 1 0 1 0 1 1 0 0 0 0
240	2	0 0 1 1 0 0 1 0 1 0 1 0 0 0 0 0
240	2	1 0 1 1 1 0 1 1 1 1 1 0 0 0 0 0
240	6	1 0 1 0 1 1 1 0 1 1 1 0 0 0 1 0
240	5	1 1 1 1 0 0 1 0 0 0 1 0 1 0 1 0
240	1	0 1 1 0 0 0 1 0 1 0 1 0 0 1 0 0
240	4	1 0 1 1 1 0 1 0 0 0 0 0 0 0 0 0
240	1	1 1 1 1 1 0 1 0 1 0 0 0 0 0 0 0
240	7	1 0 1 1 1 0 1 0 1 0 1 1 0 0 0 1
240	5	1 1 1 1 1 0 1 0 0 0 1 0 1 0 0 0
240	3	1 1 1 1 1 0 1 1 0 1 1 0 0 1 1 0
240	7	0 1 1 0 1 0 1 0 1 0 0 1 0 0 0 0
240	3	1 0 1 1 0 0 1 0 0 1 0 0 0 0 0 0
240	1	0 0 1 1 1 0 1 0 1 0 1 0 0 0 0 0
240	1	1 1 1 1 1 0 0 0 0 1 0 0 0 0 0 0
240	2	1 1 1 0 1 0 1 1 1 0 1 0 0 0 0 0
240	3	1 0 1 1 1 0 1 1 1 0 1 1 0 0 0 0
240	1	1 1 1 0 0 0 0 0 1 0 1 0 1 0 0 0
240	1	1 0 1 1 1 0 1 0 1 0 0 0 0 0 0 0
240	1	1 1 1 1 0 0 1 0 0 0 1 0 0 0 1 0
240	2	0 0 1 1 1 0 1 0 1 0 1 1 0 0 0 0
240	1	0 0 1 1 1 0 1 0 0 1 1 0 0 0 0 0
240	1	1 0 1 0 1 0 0 0 0 0 0 0 0 0 0 0
240	5	0 1 1 0 1 0 1 0 0 0 0 1 1 0 0 0
240	1	1 1 1 1 0 1 1 0 1 0 1 1 0 0 0 0
240	1	0 1 1 0 1 1 1 0 1 1 1 0 0 0 1 0
240	1	1 0 1 0 1 0 1 0 0 1 1 0 0 0 0 0
240	4	0 0 1 1 0 0 1 0 0 1 0 0 0 1 0 0
240	2	0 1 1 0 0 0 1 0 1 0 1 0 0 0 0 1
240	2	1 0 1 1 1 0 0 1 1 0 1 0 0 0 0 0
240	2	1 1 0 1 1 0 1 0 0 1 0 1 0 0 0 0
240	1	1 0 1 0 1 0 1 0 1 1 0 0 0 0 0 0
240	1	1 0 1 1 0 0 1 0 1 0 1 1 0 0 0 0
240	3	1 0 1 1 1 1 1 0 1 1 0 0 0 0 0 0
240	2	0 0 1 1 1 1 0 0 1 0 1 0 0 0 0 0
240	1	0 0 1 1 1 0 1 1 1 0 1 1 0 0 0 0
240	1	0 1 1 0 1 0 1 0 1 0 0 1 0 1 0 0
250	24	0 1 1 0 0 0 1 0 1 0 1 0 0 0 0 0
250	16	1 0 1 1 1 0 1 0 0 0 1 0 0 0 0 0
250	2	1 0 1 0 1 0 1 0 1 0 1 1 0 0 0 0
250	18	1 0 1 1 1 0 1 0 0 1 0 0 0 0 0 0
250	45	1 0 1 1 1 0 1 1 1 0 1 0 0 0 0 0
250	20	1 0 1 0 1 1 1 0 1 0 1 1 0 0 0 0
250	6	1 0 1 0 1 1 1 0 1 0 1 0 0 0 1 0
250	4	1 1 1 0 1 0 0 0 1 0 1 0 1 0 0 0
250	16	1 0 1 1 1 0 1 0 1 0 1 0 0 0 0 0
250	20	1 1 1 1 1 0 1 0 0 0 1 1 0 0 0 0
250	2	1 0 1 1 1 0 1 1 0 1 0 0 0 0 0 0
250	18	1 1 1 1 0 0 1 0 0 0 1 0 0 0 0 0
250	14	1 1 1 1 0 1 1 0 0 0 1 0 0 0 0 0
250	6	1 1 1 1 1 0 1 0 1 0 1 0 0 0 0 0
250	20	1 1 1 1 1 0 1 0 0 1 0 0 0 0 0 0
250	15	0 1 1 0 1 0 1 0 1 0 1 1 0 0 0 0
250	52	1 1 1 1 1 0 1 0 0 0 0 1 0 0 0 0
250	9	1 1 1 1 1 0 1 1 0 1 0 0 0 0 0 0
250	12	0 1 1 0 1 1 1 0 1 0 1 1 0 0 0 0
250	2	1 0 1 1 1 0 1 0 0 1 0 1 0 0 0 0
250	18	1 1 1 1 1 0 1 0 0 1 0 1 0 0 0 0
250	17	1 0 1 0 1 0 1 0 0 0 1 0 0 0 0 0
250	20	1 0 1 0 1 0 1 0 0 1 0 0 0 0 0 0
250	101	1 0 1 1 1 0 1 0 1 0 1 1 0 0 0 0
250	8	1 0 1 1 1 0 1 0 0 0 0 1 0 0 0 0
250	2	1 1 1 1 1 0 1 1 1 0 1 0 0 0 0 0
250	8	1 0 1 1 0 0 1 0 0 0 1 0 0 0 0 0
250	2	0 1 1 0 0 0 1 0 1 0 1 1 0 0 0 0
250	16	1 1 1 1 0 0 1 1 1 0 1 0 0 0 0 0
250	22	1 0 1 1 1 0 1 1 1 0 1 0 1 0 0 0
250	14	1 1 1 0 1 1 1 0 1 0 0 1 0 0 0 0
250	3	1 0 1 0 1 1 1 1 0 1 0 0 0 0 0 0
250	19	0 0 1 1 1 1 0 0 0 0 1 0 0 0 0 0
250	15	1 0 1 1 1 0 0 0 0 0 1 0 0 0 0 0
250	22	1 1 1 1 1 0 1 1 0 1 1 0 0 0 1 0
250	11	1 0 1 1 1 0 1 0 0 1 0 1 0 0 0 1
250	1	1 0 1 0 1 0 1 0 0 0 0 0 0 0 0 0
250	5	1 0 1 1 1 0 0 0 0 0 0 0 0 0 0 0
250	1	0 0 1 1 1 0 1 0 1 0 1 0 0 0 1 0
250	12	1 1 1 0 0 0 1 0 0 0 1 0 0 0 0 0
250	37	1 1 1 1 0 0 1 0 1 0 1 0 0 0 0 0
250	2	1 1 1 0 1 0 1 0 0 1 0 0 0 0 0 0
250	2	1 1 1 1 0 1 1 0 0 0 1 1 0 0 0 0
250	9	1 0 1 1 1 0 1 0 1 0 1 1 0 1 0 0
250	1	0 0 1 1 1 0 1 0 0 0 1 0 0 0 0 0
250	7	0 1 1 0 1 0 1 0 0 0 0 1 0 0 0 0
250	16	0 1 1 1 0 0 1 0 0 0 1 0 0 0 0 0
250	6	1 1 0 1 1 0 1 0 0 0 1 1 0 0 0 0
250	5	0 0 1 1 1 0 1 1 1 0 1 0 0 0 0 0
250	1	0 0 1 1 1 0 0 0 1 0 1 0 0 0 1 0
250	1	1 0 0 1 1 0 1 0 1 0 1 1 0 0 0 0
250	9	1 0 1 1 1 0 1 1 1 1 0 0 0 0 0 0
250	5	1 1 1 1 1 0 1 1 1 1 1 0 0 0 1 0
250	1	1 0 1 1 1 0 1 1 1 1 1 0 0 0 0 0
250	10	1 0 1 0 1 1 1 0 1 1 1 0 0 0 1 0
250	14	1 0 1 1 1 0 1 0 0 0 0 0 0 0 0 0
250	9	1 0 1 1 1 0 1 0 1 0 1 1 0 0 0 1
250	3	1 1 1 1 1 0 1 0 0 0 1 0 1 0 0 0
250	6	0 1 1 0 1 0 1 0 1 0 0 1 0 0 0 0
250	6	0 0 1 1 1 0 1 0 1 0 1 0 0 0 0 0
250	5	1 1 1 0 0 0 0 0 1 0 1 0 1 0 0 0
250	1	1 0 1 0 1 0 1 0 0 1 1 0 0 0 0 0
250	1	0 0 1 1 0 0 1 0 0 1 0 0 0 1 0 0
250	19	1 0 1 1 1 0 0 1 1 0 1 0 0 0 0 0
250	6	1 0 1 1 1 1 1 0 1 1 0 0 0 0 0 0
250	2	1 1 1 0 0 0 1 0 1 0 1 0 0 0 0 0
250	2	0 0 1 1 1 0 0 1 1 0 1 0 0 0 0 0
250	17	1 0 1 1 1 0 1 0 1 0 0 0 0 0 0 0
250	11	1 1 1 0 1 0 1 0 0 0 0 1 0 0 0 0
250	5	0 1 1 0 1 1 1 0 0 0 0 1 0 0 0 0
250	4	1 1 0 0 1 0 0 0 1 0 1 0 1 0 0 0
250	2	1 1 0 1 1 0 1 1 0 1 1 0 0 0 1 0
250	6	1 0 1 1 1 0 1 0 0 0 1 1 0 0 0 0
250	8	1 0 1 1 1 0 1 0 1 1 0 0 0 0 0 0
250	1	1 0 1 1 1 1 1 0 1 0 1 1 0 0 0 0
250	10	1 1 1 0 1 0 1 0 0 0 1 1 0 0 0 0
250	10	1 0 1 1 1 0 1 0 0 1 1 1 0 0 0 0
250	2	1 1 1 1 1 0 1 1 1 0 1 0 0 1 0 0
250	7	1 0 1 1 1 1 1 0 0 1 0 0 0 0 0 0
250	4	1 1 1 1 1 0 1 0 0 0 0 0 0 0 0 0
250	2	1 1 1 1 1 0 1 0 0 0 0 1 0 0 1 0
250	2	1 0 1 1 1 0 1 0 1 0 1 1 1 0 0 0
250	5	0 0 1 1 1 1 0 1 1 0 1 0 0 0 0 0
250	1	0 0 1 1 1 0 0 0 1 0 1 0 0 0 0 0
250	3	1 0 1 1 1 0 1 0 0 0 1 0 0 0 1 0
250	5	1 1 1 1 1 0 1 0 1 0 0 1 0 0 0 0
250	1	1 1 1 0 1 0 1 1 0 1 1 0 0 0 1 0
250	7	1 0 1 1 1 0 1 0 1 1 1 0 0 0 0 0
250	1	1 0 1 0 1 1 1 0 1 1 1 0 1 0 1 0
250	3	1 0 0 1 1 0 1 1 1 0 1 0 0 0 0 0
250	1	1 0 1 1 1 0 1 1 0 1 1 0 0 0 0 0
250	4	1 0 1 1 1 0 1 1 1 0 1 1 0 0 0 1
250	3	1 0 1 1 1 1 1 0 1 1 0 0 0 0 0 1
250	3	1 1 1 1 0 1 1 0 0 0 0 0 0 0 0 0
250	2	1 0 1 1 1 0 1 1 1 0 1 0 0 1 0 0
250	4	1 0 1 1 1 0 1 0 1 0 0 0 0 1 0 0
250	1	1 1 0 1 1 0 1 1 0 1 1 0 0 0 0 0
250	4	1 0 1 0 1 1 1 0 1 0 1 0 0 0 0 0
250	4	0 1 1 0 1 1 1 0 1 0 0 0 0 0 0 0
250	1	1 1 0 1 1 0 1 1 0 1 1 0 0 0 1 1
250	2	1 0 0 1 1 0 1 0 0 0 1 1 0 0 0 0
250	1	1 1 1 1 1 0 1 0 1 0 1 1 0 0 0 0
250	1	1 1 1 1 1 0 1 0 0 0 1 0 0 0 0 0
250	3	1 1 1 1 1 0 1 0 0 1 0 1 0 0 0 1
250	2	0 0 1 1 1 0 1 0 0 0 0 0 0 0 0 0
250	1	1 0 1 1 1 0 1 0 1 0 1 0 1 0 0 0
250	1	1 0 1 1 1 0 1 1 1 0 1 1 0 0 0 0
250	2	1 1 1 0 1 1 1 1 0 1 0 0 0 0 0 0
250	2	0 1 1 0 1 0 1 0 0 0 0 0 0 0 0 0
250	1	0 1 1 1 0 0 1 0 1 0 1 1 0 0 0 0
250	1	1 1 1 0 1 1 1 0 1 0 1 1 0 0 0 0
250	3	1 1 1 1 1 0 1 0 1 0 0 1 0 0 1 0
250	1	1 0 0 1 1 0 1 0 0 1 0 0 0 0 0 0
250	3	0 0 1 0 1 1 1 0 1 0 1 1 0 0 0 0
250	1	1 1 0 1 0 0 1 0 0 0 1 0 0 0 0 0
250	2	1 1 1 1 0 0 1 1 0 0 1 0 0 0 0 0
250	2	1 1 1 1 0 0 1 0 1 1 1 0 0 0 0 0
250	2	0 0 1 1 1 0 1 0 1 0 1 1 0 0 0 0
250	1	1 0 0 1 1 1 1 0 1 1 0 0 0 0 0 0
260	33	0 1 1 0 0 0 1 0 1 0 1 0 0 0 0 0
260	21	1 0 1 1 1 0 1 0 0 0 1 0 0 0 0 0
260	3	1 0 1 0 1 0 1 0 1 0 1 1 0 0 0 0
260	6	1 0 1 1 1 0 1 0 0 1 0 0 0 0 0 0
260	46	1 0 1 1 1 0 1 1 1 0 1 0 0 0 0 0
260	16	1 0 1 0 1 1 1 0 1 0 1 1 0 0 0 0
260	11	1 0 1 0 1 1 1 0 1 0 1 0 0 0 1 0
260	8	1 1 1 0 1 0 0 0 1 0 1 0 1 0 0 0
260	49	1 0 1 1 1 0 1 0 1 0 1 0 0 0 0 0
260	14	1 1 1 1 1 0 1 0 0 0 1 1 0 0 0 0
260	30	1 1 1 1 0 0 1 0 0 0 1 0 0 0 0 0
260	15	1 1 1 1 0 1 1 0 0 0 1 0 0 0 0 0
260	14	1 1 1 1 1 0 1 0 0 1 0 0 0 0 0 0
260	3	0 1 1 0 1 0 1 0 1 0 1 1 0 0 0 0
260	37	1 1 1 1 1 0 1 0 0 0 0 1 0 0 0 0
260	30	1 1 1 1 1 0 1 1 0 1 0 0 0 0 0 0
260	1	1 1 1 1 1 0 1 0 0 1 0 1 0 0 0 0
260	21	1 0 1 0 1 0 1 0 0 1 0 0 0 0 0 0
260	87	1 0 1 1 1 0 1 0 1 0 1 1 0 0 0 0
260	14	1 0 1 1 1 0 1 0 0 0 0 1 0 0 0 0
260	2	1 1 1 1 1 0 1 1 1 0 1 0 0 0 0 0
260	5	1 0 1 1 0 0 1 0 0 0 1 0 0 0 0 0
260	10	0 1 1 0 0 0 1 0 1 0 1 1 0 0 0 0
260	27	1 1 1 1 0 0 1 1 1 0 1 0 0 0 0 0
260	1	1 0 1 1 1 0 1 1 1 0 1 0 1 0 0 0
260	20	1 1 1 0 1 1 1 0 1 0 0 1 0 0 0 0
260	11	1 0 1 0 1 1 1 1 0 1 0 0 0 0 0 0
260	6	0 0 1 1 1 1 0 0 0 0 1 0 0 0 0 0
260	3	1 0 1 1 1 0 0 0 0 0 1 0 0 0 0 0
260	6	1 1 1 1 1 0 1 1 0 1 1 0 0 0 1 0
260	14	1 0 1 1 1 0 1 0 0 1 0 1 0 0 0 1
260	11	1 1 1 0 0 0 1 0 0 0 1 0 0 0 0 0
260	18	1 1 1 1 0 0 1 0 1 0 1 0 0 0 0 0
260	31	1 0 1 1 1 0 1 0 1 0 1 1 0 1 0 0
260	16	0 1 1 0 1 0 1 0 0 0 0 1 0 0 0 0
260	8	0 1 1 1 0 0 1 0 0 0 1 0 0 0 0 0
260	10	1 1 0 1 1 0 1 0 0 0 1 1 0 0 0 0
260	3	1 0 0 1 1 0 1 0 1 0 1 1 0 0 0 0
260	34	1 0 1 1 1 0 1 1 1 1 0 0 0 0 0 0
260	4	1 0 1 0 1 1 1 0 1 1 1 0 0 0 1 0
260	14	1 0 1 1 1 0 1 0 0 0 0 0 0 0 0 0
260	5	1 0 1 1 1 0 1 0 1 0 1 1 0 0 0 1
260	7	1 1 1 1 1 0 1 0 0 0 1 0 1 0 0 0
260	9	0 0 1 1 1 0 1 0 1 0 1 0 0 0 0 0
260	3	1 1 1 0 0 0 0 0 1 0 1 0 1 0 0 0
260	6	1 0 1 1 1 1 1 0 1 1 0 0 0 0 0 0
260	9	0 0 1 1 1 0 0 1 1 0 1 0 0 0 0 0
260	21	1 0 1 1 1 0 1 0 0 0 1 1 0 0 0 0
260	2	1 0 1 1 1 0 1 0 1 1 0 0 0 0 0 0
260	2	1 0 1 1 1 0 1 0 0 1 1 1 0 0 0 0
260	4	1 0 1 1 1 1 1 0 0 1 0 0 0 0 0 0
260	5	1 1 1 0 1 0 1 1 0 1 1 0 0 0 1 0
260	8	1 0 1 1 1 0 1 0 1 1 1 0 0 0 0 0
260	6	1 0 1 1 1 0 1 1 1 0 1 1 0 0 0 1
260	8	1 1 1 1 0 1 1 0 0 0 0 0 0 0 0 0
260	3	1 0 1 1 1 0 1 1 1 0 1 0 0 1 0 0
260	1	1 0 1 1 1 0 1 0 1 0 0 0 0 1 0 0
260	2	1 0 1 0 1 1 1 0 1 0 1 0 0 0 0 0
260	12	1 1 1 1 1 0 1 0 1 0 0 1 0 0 1 0
260	1	0 0 1 0 1 1 1 0 1 0 1 1 0 0 0 0
260	6	1 1 0 1 0 0 1 0 0 0 1 0 0 0 0 0
260	12	1 1 1 1 0 0 1 0 1 1 1 0 0 0 0 0
260	7	0 1 1 1 1 0 1 1 1 0 1 0 1 0 0 0
260	2	1 0 1 0 1 0 1 0 0 0 1 1 0 0 0 0
260	4	0 1 0 0 1 1 1 0 1 0 0 0 0 0 0 0
260	5	1 1 1 1 1 0 1 0 0 1 1 1 0 0 0 0
260	5	1 1 1 1 1 0 1 0 0 1 1 0 0 0 0 0
260	6	1 0 1 1 1 0 1 0 1 0 1 1 0 0 1 0
260	3	1 0 1 1 1 1 0 1 1 0 1 0 0 0 0 0
260	9	1 0 1 0 1 0 1 0 0 1 0 0 0 0 0 1
260	2	1 1 1 1 0 0 1 0 1 0 1 0 1 0 0 0
260	3	0 1 1 1 1 0 1 0 0 0 1 1 0 0 0 0
260	1	1 0 1 1 1 0 1 0 1 0 1 1 1 0 0 1
260	1	1 0 1 1 1 1 0 0 1 1 0 0 0 0 0 0
260	1	1 0 1 1 0 1 1 0 0 0 1 0 0 0 0 0
260	2	1 0 1 0 1 1 1 0 0 0 0 1 0 0 0 0
260	13	1 1 1 1 1 1 1 0 0 0 1 0 0 0 0 0
260	5	1 0 1 0 1 1 1 0 1 1 0 0 0 0 0 0
260	4	0 0 1 1 1 0 1 0 1 0 1 1 0 0 0 0
260	4	1 1 1 0 1 1 0 0 1 0 0 1 0 0 0 0
260	12	0 0 1 1 0 0 1 0 0 0 1 1 0 0 0 0
260	2	0 0 1 1 1 0 1 1 0 1 0 0 0 0 0 0
260	5	1 1 0 1 0 0 1 1 1 0 1 0 0 0 0 0
260	2	1 0 0 1 1 0 1 0 1 0 1 1 0 0 0 1
260	2	1 1 1 1 1 0 1 1 0 0 1 1 0 0 0 0
260	5	1 1 1 0 0 0 1 0 0 0 0 1 0 0 0 0
260	3	1 0 1 1 0 0 1 1 1 0 1 0 0 0 0 0
260	6	1 1 1 1 1 0 1 0 1 1 0 0 0 0 0 0
260	1	1 0 1 1 0 0 1 0 1 0 1 0 0 0 0 0
260	1	0 0 1 1 0 0 1 0 0 0 1 0 0 0 0 0
260	6	1 1 1 0 1 0 1 0 0 0 1 0 1 0 0 0
260	1	0 1 1 0 1 1 1 0 1 0 0 1 0 0 0 0
260	1	1 0 1 1 1 1 1 1 1 0 1 0 0 0 0 0
260	3	1 1 1 1 1 0 0 0 1 0 1 0 1 0 0 0
260	5	1 1 1 1 1 0 1 0 0 0 0 1 0 1 0 0
260	2	1 1 1 1 1 0 1 1 0 1 0 0 0 0 1 0
260	1	1 0 1 1 1 0 1 0 1 1 1 1 0 0 0 0
260	3	0 1 0 0 1 1 1 0 1 1 0 0 0 0 0 0
260	2	1 0 0 1 1 1 0 0 1 1 0 0 0 0 0 0
260	2	1 0 1 1 1 0 1 1 1 0 1 0 0 0 1 0
260	2	1 1 1 0 0 0 1 0 1 0 1 0 0 0 0 0
260	3	0 1 1 0 0 0 1 1 1 0 1 0 0 0 0 0
260	2	0 0 1 1 1 0 1 0 0 0 1 0 0 0 0 0
260	2	1 1 1 1 1 0 1 0 0 0 1 0 0 0 0 0
260	1	1 1 1 1 1 0 0 1 0 1 0 0 0 0 0 0
260	1	1 1 1 1 1 0 1 0 1 0 1 1 0 0 0 0
260	2	1 0 1 1 0 0 1 0 0 0 0 0 0 0 0 0
270	29	0 1 1 0 0 0 1 0 1 0 1 0 0 0 0 0
270	29	1 0 1 1 1 0 1 0 0 0 1 0 0 0 0 0
270	40	1 0 1 1 1 0 1 1 1 0 1 0 0 0 0 0
270	1	1 0 1 0 1 1 1 0 1 0 1 1 0 0 0 0
270	13	1 0 1 0 1 1 1 0 1 0 1 0 0 0 1 0
270	45	1 0 1 1 1 0 1 0 1 0 1 0 0 0 0 0
270	20	1 1 1 1 1 0 1 0 0 0 1 1 0 0 0 0
270	23	1 1 1 1 0 0 1 0 0 0 1 0 0 0 0 0
270	9	1 1 1 1 0 1 1 0 0 0 1 0 0 0 0 0
270	15	1 1 1 1 1 0 1 0 0 1 0 0 0 0 0 0
270	38	1 1 1 1 1 0 1 0 0 0 0 1 0 0 0 0
270	5	1 1 1 1 1 0 1 1 0 1 0 0 0 0 0 0
270	4	1 1 1 1 1 0 1 0 0 1 0 1 0 0 0 0
270	19	1 0 1 0 1 0 1 0 0 1 0 0 0 0 0 0
270	132	1 0 1 1 1 0 1 0 1 0 1 1 0 0 0 0
270	10	1 0 1 1 1 0 1 0 0 0 0 1 0 0 0 0
270	14	1 0 1 1 0 0 1 0 0 0 1 0 0 0 0 0
270	6	0 1 1 0 0 0 1 0 1 0 1 1 0 0 0 0
270	19	1 1 1 1 0 0 1 1 1 0 1 0 0 0 0 0
270	31	1 1 1 0 1 1 1 0 1 0 0 1 0 0 0 0
270	7	1 0 1 0 1 1 1 1 0 1 0 0 0 0 0 0
270	4	1 1 1 0 0 0 1 0 0 0 1 0 0 0 0 0
270	13	1 1 1 1 0 0 1 0 1 0 1 0 0 0 0 0
270	12	1 0 1 1 1 0 1 0 1 0 1 1 0 1 0 0
270	1	0 1 1 0 1 0 1 0 0 0 0 1 0 0 0 0
270	5	0 1 1 1 0 0 1 0 0 0 1 0 0 0 0 0
270	11	1 1 0 1 1 0 1 0 0 0 1 1 0 0 0 0
270	5	1 0 0 1 1 0 1 0 1 0 1 1 0 0 0 0
270	33	1 0 1 1 1 0 1 1 1 1 0 0 0 0 0 0
270	7	1 0 1 1 1 0 1 0 0 0 0 0 0 0 0 0
270	8	1 0 1 1 1 1 1 0 1 1 0 0 0 0 0 0
270	1	0 0 1 1 1 0 0 1 1 0 1 0 0 0 0 0
270	22	1 0 1 1 1 0 1 0 0 0 1 1 0 0 0 0
270	3	1 0 1 1 1 0 1 0 0 1 1 1 0 0 0 0
270	9	1 0 1 1 1 0 1 0 1 1 1 0 0 0 0 0
270	6	1 0 1 1 1 0 1 1 1 0 1 1 0 0 0 1
270	9	1 1 1 1 0 1 1 0 0 0 0 0 0 0 0 0
270	1	1 1 1 1 1 0 1 0 1 0 0 1 0 0 1 0
270	21	0 0 1 0 1 1 1 0 1 0 1 1 0 0 0 0
270	2	1 1 1 1 0 0 1 0 1 1 1 0 0 0 0 0
270	5	0 1 1 1 1 0 1 1 1 0 1 0 1 0 0 0
270	16	1 1 1 1 1 0 1 0 0 1 1 1 0 0 0 0
270	8	1 0 1 1 1 0 1 0 1 0 1 1 0 0 1 0
270	1	1 0 1 1 1 1 0 1 1 0 1 0 0 0 0 0
270	12	1 0 1 0 1 0 1 0 0 1 0 0 0 0 0 1
270	8	1 1 1 1 1 1 1 0 0 0 1 0 0 0 0 0
270	1	1 0 1 0 1 1 1 0 1 1 0 0 0 0 0 0
270	2	0 0 1 1 1 0 1 1 0 1 0 0 0 0 0 0
270	12	1 1 0 1 0 0 1 1 1 0 1 0 0 0 0 0
270	2	1 0 0 1 1 0 1 0 1 0 1 1 0 0 0 1
270	14	1 1 1 1 1 0 1 0 1 1 0 0 0 0 0 0
270	7	0 1 0 0 1 1 1 0 1 1 0 0 0 0 0 0
270	4	1 0 0 1 1 1 0 0 1 1 0 0 0 0 0 0
270	5	0 1 1 0 0 0 1 1 1 0 1 0 0 0 0 0
270	1	0 0 1 1 1 0 1 0 0 0 1 0 0 0 0 0
270	6	1 1 1 1 1 0 1 0 1 0 1 1 0 1 0 0
270	4	1 0 1 1 1 0 1 1 0 1 0 0 0 0 0 0
270	21	1 1 1 1 1 0 1 1 0 0 0 0 0 0 0 0
270	2	1 0 1 0 0 0 1 0 0 0 1 0 0 0 0 0
270	16	1 0 1 1 1 0 0 0 0 0 0 0 0 0 0 0
270	7	1 1 1 1 1 0 0 0 0 0 0 0 0 0 0 0
270	3	1 1 1 0 1 1 1 0 0 0 1 0 0 0 0 0
270	1	1 0 1 1 1 0 1 1 1 0 1 0 0 0 1 0
270	6	1 1 1 1 1 0 1 1 0 1 0 1 0 0 0 0
270	3	1 1 1 1 1 0 1 0 0 0 1 0 0 0 0 0
270	1	0 1 1 0 1 0 1 0 0 0 0 1 1 0 0 0
270	1	1 1 0 1 1 0 1 0 0 0 1 1 0 1 0 0
270	1	1 1 0 0 1 1 1 0 1 0 1 1 0 0 0 0
270	1	1 1 1 1 1 0 1 0 0 1 0 0 1 0 0 0
270	4	1 1 1 1 0 0 1 0 0 0 0 1 0 0 0 0
270	1	1 1 1 1 1 1 1 0 0 1 0 0 0 0 0 0
270	5	1 1 1 1 1 1 1 0 0 0 0 1 0 0 1 0
270	2	0 1 1 0 0 0 1 0 1 0 0 0 0 0 0 0
270	3	1 0 1 1 1 0 1 0 0 1 0 1 0 0 0 0
270	3	1 0 1 1 0 0 1 1 1 0 1 0 0 0 0 0
270	8	1 1 1 0 0 0 1 1 1 0 1 0 0 0 0 0
270	1	0 1 1 0 1 1 1 0 1 0 0 1 0 0 0 0
270	6	1 0 1 1 1 0 0 0 0 0 1 1 0 0 0 0
270	13	0 0 1 1 1 1 1 0 1 0 1 1 0 0 0 0
270	3	1 0 1 0 1 0 0 0 0 0 0 0 0 0 0 0
270	4	1 1 1 0 1 0 1 0 1 0 1 1 0 0 0 0
270	3	1 0 1 0 1 0 1 1 1 0 1 0 0 0 0 0
270	6	1 1 1 1 0 1 1 0 0 0 1 0 0 1 0 0
270	1	1 1 0 1 1 0 1 0 0 0 1 1 0 0 1 0
270	1	0 0 1 1 1 0 1 0 0 0 0 0 0 0 0 0
270	3	0 0 1 0 1 1 1 0 1 0 1 0 0 0 0 0
270	2	1 1 0 1 0 0 1 0 1 0 1 0 0 0 0 0
270	6	0 0 1 0 1 0 1 1 0 1 0 0 0 0 0 0
270	1	1 0 1 0 0 1 1 0 0 0 1 0 0 0 0 0
270	2	1 0 1 1 1 0 1 0 1 0 1 0 0 0 1 0
270	6	1 1 1 1 0 1 1 1 0 0 1 0 0 0 0 0
270	10	1 0 1 1 0 0 1 1 1 0 1 1 0 0 0 1
270	1	1 1 1 1 1 0 0 0 0 0 1 0 0 0 0 0
270	1	1 0 1 1 0 0 1 0 1 0 1 1 0 0 0 0
270	9	0 0 1 1 1 0 1 1 1 1 0 0 0 0 0 0
270	6	1 0 1 1 0 0 1 0 0 1 0 0 0 0 0 0
270	1	1 0 1 1 1 0 0 0 1 0 0 0 0 0 0 0
270	2	1 0 1 1 1 0 1 0 0 1 0 0 0 0 0 1
270	2	1 1 1 0 0 0 1 0 0 0 1 1 0 0 0 0
270	3	1 1 1 1 1 0 1 0 1 0 1 1 0 0 0 0
270	1	1 1 0 1 0 1 1 0 0 0 1 0 0 0 0 0
270	2	1 1 1 1 1 0 1 0 0 0 0 1 0 0 0 1
270	3	1 0 1 0 1 0 1 0 0 1 0 1 0 0 0 0
270	2	1 0 1 0 1 0 1 0 1 0 1 1 0 0 0 0
270	1	1 0 1 1 1 1 1 0 1 0 1 1 0 1 0 0
270	2	1 0 1 1 1 0 1 1 0 0 1 1 0 0 0 0
270	1	1 0 1 1 1 0 0 0 0 0 0 0 0 1 0 0
270	1	1 1 1 1 1 0 0 0 1 0 0 0 0 0 0 0
270	1	1 0 1 1 1 0 0 1 0 0 1 1 0 0 0 0
270	2	1 0 1 1 1 0 1 0 0 1 0 0 0 0 0 0
270	1	1 0 1 0 1 0 1 0 0 0 0 1 0 0 0 0
270	1	0 0 1 1 1 0 1 0 0 0 0 1 0 0 0 0
270	2	0 0 1 1 1 0 1 0 1 0 1 0 0 0 0 0
270	1	1 0 1 1 0 0 1 0 0 0 1 0 0 1 0 0
270	1	1 0 1 1 1 0 1 0 0 0 0 0 0 1 0 0
270	1	1 0 1 1 1 0 1 0 0 0 1 1 0 0 1 0
270	1	1 1 1 0 1 0 1 0 0 1 0 0 0 0 0 1
270	1	1 1 1 1 1 0 1 1 1 1 0 0 0 0 0 0
270	3	1 0 1 1 1 0 0 1 0 0 0 0 0 0 0 0
280	2	0 1 1 0 0 0 1 0 1 0 1 0 0 0 0 0
280	19	1 0 1 1 1 0 1 0 0 0 1 0 0 0 0 0
280	24	1 0 1 1 1 0 1 1 1 0 1 0 0 0 0 0
280	1	1 0 1 0 1 1 1 0 1 0 1 0 0 0 1 0
280	33	1 0 1 1 1 0 1 0 1 0 1 0 0 0 0 0
280	37	1 1 1 1 1 0 1 0 0 0 1 1 0 0 0 0
280	37	1 1 1 1 0 0 1 0 0 0 1 0 0 0 0 0
280	10	1 1 1 1 0 1 1 0 0 0 1 0 0 0 0 0
280	17	1 1 1 1 1 0 1 0 0 1 0 0 0 0 0 0
280	37	1 1 1 1 1 0 1 0 0 0 0 1 0 0 0 0
280	3	1 1 1 1 1 0 1 1 0 1 0 0 0 0 0 0
280	15	1 0 1 0 1 0 1 0 0 1 0 0 0 0 0 0
280	79	1 0 1 1 1 0 1 0 1 0 1 1 0 0 0 0
280	9	1 0 1 1 1 0 1 0 0 0 0 1 0 0 0 0
280	48	1 0 1 1 0 0 1 0 0 0 1 0 0 0 0 0
280	19	0 1 1 0 0 0 1 0 1 0 1 1 0 0 0 0
280	17	1 1 1 1 0 0 1 1 1 0 1 0 0 0 0 0
280	9	1 1 1 0 1 1 1 0 1 0 0 1 0 0 0 0
280	11	1 1 1 0 0 0 1 0 0 0 1 0 0 0 0 0
280	12	1 1 1 1 0 0 1 0 1 0 1 0 0 0 0 0
280	3	1 0 1 1 1 0 1 0 1 0 1 1 0 1 0 0
280	1	0 1 1 0 1 0 1 0 0 0 0 1 0 0 0 0
280	17	0 1 1 1 0 0 1 0 0 0 1 0 0 0 0 0
280	3	1 1 0 1 1 0 1 0 0 0 1 1 0 0 0 0
280	10	1 0 1 1 1 0 1 1 1 1 0 0 0 0 0 0
280	32	1 0 1 1 1 0 1 0 0 0 0 0 0 0 0 0
280	17	1 0 1 1 1 1 1 0 1 1 0 0 0 0 0 0
280	38	1 0 1 1 1 0 1 0 0 0 1 1 0 0 0 0
280	4	1 0 1 1 1 0 1 0 1 1 1 0 0 0 0 0
280	13	1 0 1 1 1 0 1 1 1 0 1 1 0 0 0 1
280	1	1 1 1 1 0 1 1 0 0 0 0 0 0 0 0 0
280	6	0 0 1 0 1 1 1 0 1 0 1 1 0 0 0 0
280	1	0 1 1 1 1 0 1 1 1 0 1 0 1 0 0 0
280	12	1 1 1 1 1 0 1 0 0 1 1 1 0 0 0 0
280	15	1 0 1 1 1 0 1 0 1 0 1 1 0 0 1 0
280	4	1 0 1 0 1 0 1 0 0 1 0 0 0 0 0 1
280	6	1 1 0 1 0 0 1 1 1 0 1 0 0 0 0 0
280	12	1 1 1 1 1 0 1 0 1 1 0 0 0 0 0 0
280	4	0 1 0 0 1 1 1 0 1 1 0 0 0 0 0 0
280	7	1 0 0 1 1 1 0 0 1 1 0 0 0 0 0 0
280	2	0 1 1 0 0 0 1 1 1 0 1 0 0 0 0 0
280	12	1 1 1 1 1 0 1 1 0 0 0 0 0 0 0 0
280	30	1 0 1 1 1 0 0 0 0 0 0 0 0 0 0 0
280	2	1 1 1 1 1 0 0 0 0 0 0 0 0 0 0 0
280	19	1 1 1 0 1 1 1 0 0 0 1 0 0 0 0 0
280	1	1 0 1 1 1 0 1 1 1 0 1 0 0 0 1 0
280	9	1 1 1 1 1 0 1 1 0 1 0 1 0 0 0 0
280	9	1 1 1 1 1 0 1 0 0 0 1 0 0 0 0 0
280	3	1 1 1 1 0 0 1 0 0 0 0 1 0 0 0 0
280	3	1 1 1 1 1 1 1 0 0 0 0 1 0 0 1 0
280	5	0 1 1 0 0 0 1 0 1 0 0 0 0 0 0 0
280	1	1 0 1 1 1 0 1 0 0 1 0 1 0 0 0 0
280	6	0 0 1 1 1 1 1 0 1 0 1 1 0 0 0 0
280	7	1 1 1 0 1 0 1 0 1 0 1 1 0 0 0 0
280	4	1 1 1 1 0 1 1 0 0 0 1 0 0 1 0 0
280	1	1 1 0 1 1 0 1 0 0 0 1 1 0 0 1 0
280	17	1 1 1 1 0 1 1 1 0 0 1 0 0 0 0 0
280	17	1 0 1 1 0 0 1 1 1 0 1 1 0 0 0 1
280	11	1 0 1 1 0 0 1 0 1 0 1 1 0 0 0 0
280	2	0 0 1 1 1 0 1 1 1 1 0 0 0 0 0 0
280	14	1 0 1 1 0 0 1 0 0 1 0 0 0 0 0 0
280	2	1 1 1 0 0 0 1 0 0 0 1 1 0 0 0 0
280	5	1 1 1 1 1 0 1 0 1 0 1 1 0 0 0 0
280	6	1 0 1 0 1 0 1 0 0 1 0 1 0 0 0 0
280	2	1 0 1 1 1 0 1 1 0 0 1 1 0 0 0 0
280	2	1 0 1 1 1 0 1 0 0 1 0 0 0 0 0 0
280	5	1 0 1 1 1 0 1 0 0 0 0 0 0 1 0 0
280	6	0 0 1 1 1 0 1 0 1 0 1 1 0 0 0 0
280	1	1 0 0 1 1 0 1 1 1 1 0 0 0 0 0 0
280	9	1 0 1 1 1 0 0 0 1 0 1 1 0 0 0 0
280	3	1 1 1 1 1 0 0 0 0 0 0 0 0 0 0 1
280	3	1 1 1 0 0 0 0 1 1 0 1 0 0 0 0 0
280	16	1 1 1 0 1 0 1 0 0 0 1 1 0 0 0 0
280	1	0 0 1 1 1 0 1 0 0 0 1 0 0 0 0 0
280	2	1 0 1 1 1 0 1 1 1 1 0 0 0 1 0 0
280	2	0 1 1 1 1 0 1 0 0 0 1 0 0 0 0 0
280	4	0 0 1 1 1 1 0 0 1 0 1 1 0 0 0 0
280	2	0 0 1 1 1 0 1 0 1 1 1 0 1 0 0 0
280	8	1 1 1 1 0 0 1 0 0 0 0 0 0 1 0 0
280	4	1 0 1 1 1 0 1 0 1 0 1 0 0 0 0 1
280	5	1 0 1 1 0 0 1 0 0 0 1 0 0 0 0 1
280	5	1 1 1 0 1 1 1 0 0 0 0 1 0 0 0 0
280	5	1 0 1 1 1 0 0 0 0 0 1 1 0 0 0 1
280	3	1 1 1 1 0 1 1 1 0 0 1 0 0 0 0 1
280	4	1 1 1 1 0 0 1 0 1 0 1 1 0 0 0 0
280	5	0 0 1 1 1 0 1 0 1 0 1 0 0 0 0 0
280	6	1 1 0 1 0 0 0 1 1 0 1 0 0 0 0 0
280	1	1 0 1 0 1 0 1 0 0 0 1 1 0 0 0 0
280	3	1 1 1 1 1 0 1 0 1 1 1 0 1 0 0 0
280	2	0 0 1 1 1 0 1 1 1 0 1 0 0 0 0 0
280	1	0 1 0 0 1 1 1 0 1 1 0 0 0 1 0 0
280	4	1 0 1 0 1 1 1 0 1 0 1 1 0 0 0 1
280	5	1 1 1 1 1 0 1 1 1 1 0 0 0 0 0 0
280	2	1 1 1 1 0 0 1 0 1 0 0 0 0 0 0 0
280	1	1 0 1 1 0 0 1 1 1 1 0 0 0 0 0 0
280	2	1 0 1 0 1 0 1 0 0 0 0 0 0 0 0 0
280	4	1 0 1 1 1 0 1 0 0 1 1 1 0 0 0 0
280	3	1 0 1 1 0 1 1 0 0 0 1 0 0 0 0 0
280	4	1 1 1 1 0 0 1 0 0 0 1 0 0 0 0 1
280	1	1 1 1 0 1 1 0 0 1 0 0 1 0 0 0 0
280	6	1 1 1 1 0 0 1 0 0 0 0 0 0 0 0 0
280	2	1 1 1 1 0 0 1 0 0 0 1 1 0 0 1 0
280	1	1 1 1 1 0 0 0 0 0 0 0 0 0 0 0 0
280	3	1 1 1 1 0 0 0 1 1 0 1 0 0 0 0 0
280	3	1 1 1 0 1 1 1 0 1 0 0 1 0 0 1 0
280	1	1 0 1 1 1 1 1 1 1 0 1 1 0 0 0 1
280	2	1 1 0 1 1 0 1 0 1 1 0 0 0 0 0 0
280	2	1 0 1 1 1 0 0 0 0 0 0 1 0 0 0 0
280	1	1 1 1 1 0 0 1 0 0 0 0 0 0 1 0 1
280	2	1 0 1 0 1 0 1 0 0 1 1 0 0 0 0 0
280	1	1 0 1 0 1 0 1 0 0 0 1 1 0 0 1 0
280	2	1 0 1 1 1 1 1 0 1 0 1 1 0 0 0 0
280	2	1 0 0 1 0 0 1 0 0 0 1 0 0 0 0 0
280	1	1 0 1 0 1 0 1 0 1 0 1 0 0 0 1 0
280	1	1 1 1 1 1 0 1 1 0 0 0 1 0 0 0 0
280	1	1 0 1 1 1 1 1 1 1 1 1 1 0 0 0 1
290	31	1 0 1 1 1 0 1 0 0 0 1 0 0 0 0 0
290	5	1 0 1 1 1 0 1 1 1 0 1 0 0 0 0 0
290	30	1 0 1 1 1 0 1 0 1 0 1 0 0 0 0 0
290	38	1 1 1 1 1 0 1 0 0 0 1 1 0 0 0 0
290	36	1 1 1 1 0 0 1 0 0 0 1 0 0 0 0 0
290	9	1 1 1 1 0 1 1 0 0 0 1 0 0 0 0 0
290	15	1 1 1 1 1 0 1 0 0 1 0 0 0 0 0 0
290	34	1 1 1 1 1 0 1 0 0 0 0 1 0 0 0 0
290	11	1 0 1 0 1 0 1 0 0 1 0 0 0 0 0 0
290	72	1 0 1 1 1 0 1 0 1 0 1 1 0 0 0 0
290	21	1 0 1 1 1 0 1 0 0 0 0 1 0 0 0 0
290	32	1 0 1 1 0 0 1 0 0 0 1 0 0 0 0 0
290	4	1 1 1 1 0 0 1 1 1 0 1 0 0 0 0 0
290	6	1 1 1 0 1 1 1 0 1 0 0 1 0 0 0 0
290	14	1 1 1 0 0 0 1 0 0 0 1 0 0 0 0 0
290	1	1 1 1 1 0 0 1 0 1 0 1 0 0 0 0 0
290	7	0 1 1 0 1 0 1 0 0 0 0 1 0 0 0 0
290	25	0 1 1 1 0 0 1 0 0 0 1 0 0 0 0 0
290	27	1 0 1 1 1 0 1 1 1 1 0 0 0 0 0 0
290	21	1 0 1 1 1 0 1 0 0 0 0 0 0 0 0 0
290	19	1 0 1 1 1 1 1 0 1 1 0 0 0 0 0 0
290	58	1 0 1 1 1 0 1 0 0 0 1 1 0 0 0 0
290	2	1 0 1 1 1 0 1 0 1 1 1 0 0 0 0 0
290	4	1 0 1 1 1 0 1 1 1 0 1 1 0 0 0 1
290	4	0 0 1 0 1 1 1 0 1 0 1 1 0 0 0 0
290	17	1 1 1 1 1 0 1 0 0 1 1 1 0 0 0 0
290	29	1 0 1 1 1 0 1 0 1 0 1 1 0 0 1 0
290	14	1 0 1 0 1 0 1 0 0 1 0 0 0 0 0 1
290	7	1 1 0 1 0 0 1 1 1 0 1 0 0 0 0 0
290	16	1 1 1 1 1 0 1 0 1 1 0 0 0 0 0 0
290	13	1 0 0 1 1 1 0 0 1 1 0 0 0 0 0 0
290	26	1 1 1 1 1 0 1 1 0 0 0 0 0 0 0 0
290	22	1 0 1 1 1 0 0 0 0 0 0 0 0 0 0 0
290	14	1 1 1 0 1 1 1 0 0 0 1 0 0 0 0 0
290	7	1 1 1 1 1 0 1 1 0 1 0 1 0 0 0 0
290	10	1 1 1 1 1 0 1 0 0 0 1 0 0 0 0 0
290	12	1 1 1 1 0 0 1 0 0 0 0 1 0 0 0 0
290	8	1 1 1 1 1 1 1 0 0 0 0 1 0 0 1 0
290	4	0 1 1 0 0 0 1 0 1 0 0 0 0 0 0 0
290	1	0 0 1 1 1 1 1 0 1 0 1 1 0 0 0 0
290	1	1 1 1 0 1 0 1 0 1 0 1 1 0 0 0 0
290	6	1 1 1 1 0 1 1 1 0 0 1 0 0 0 0 0
290	8	1 0 1 1 0 0 1 1 1 0 1 1 0 0 0 1
290	4	1 0 1 1 0 0 1 0 1 0 1 1 0 0 0 0
290	7	1 0 1 1 0 0 1 0 0 1 0 0 0 0 0 0
290	3	1 1 1 0 0 0 1 0 0 0 1 1 0 0 0 0
290	6	1 0 1 1 1 0 1 1 0 0 1 1 0 0 0 0
290	1	1 0 1 1 1 0 1 0 0 0 0 0 0 1 0 0
290	3	1 0 0 1 1 0 1 1 1 1 0 0 0 0 0 0
290	48	1 1 1 0 1 0 1 0 0 0 1 1 0 0 0 0
290	5	1 1 1 1 0 0 1 0 1 0 1 1 0 0 0 0
290	4	1 1 0 1 0 0 0 1 1 0 1 0 0 0 0 0
290	4	1 0 1 0 1 0 1 0 0 0 1 1 0 0 0 0
290	10	1 1 1 1 1 0 1 1 1 1 0 0 0 0 0 0
290	2	1 0 1 0 1 0 1 0 0 0 0 0 0 0 0 0
290	6	1 0 1 1 1 0 1 0 0 1 1 1 0 0 0 0
290	5	1 1 1 1 0 0 1 0 0 0 1 0 0 0 0 1
290	25	1 1 1 1 0 0 1 0 0 0 0 0 0 0 0 0
290	2	1 1 1 1 0 0 0 0 0 0 0 0 0 0 0 0
290	11	1 1 1 0 1 1 1 0 1 0 0 1 0 0 1 0
290	12	1 0 1 1 1 1 1 0 1 0 1 1 0 0 0 0
290	1	1 1 1 1 1 0 1 1 0 0 0 1 0 0 0 0
290	1	1 0 1 1 0 0 1 0 0 0 1 1 0 0 1 0
290	6	1 1 1 0 1 1 1 0 1 0 1 1 0 0 0 0
290	4	1 1 1 0 1 1 1 0 0 0 0 0 0 0 0 0
290	3	1 1 0 1 0 0 1 0 1 0 1 1 0 0 0 0
290	9	1 0 1 1 0 0 1 0 0 1 1 0 0 0 0 0
290	5	1 1 1 1 0 0 1 1 1 0 0 0 0 0 0 0
290	7	1 1 0 1 1 0 1 0 0 0 0 0 0 0 0 0
290	6	1 1 1 1 1 0 1 0 0 0 0 0 0 0 0 0
290	3	1 0 1 1 1 1 1 1 1 0 1 0 0 0 0 0
290	9	1 1 1 1 0 1 1 1 0 0 1 0 0 0 0 1
290	1	1 0 1 1 0 1 1 0 1 0 1 1 0 0 0 0
290	1	1 0 1 1 0 0 1 1 1 0 1 0 0 0 0 0
290	1	1 0 1 1 1 1 1 0 0 0 1 1 0 0 0 0
290	1	1 0 1 1 1 0 0 0 0 0 0 1 0 0 0 0
290	4	1 0 0 1 0 0 1 0 1 0 1 1 0 0 0 0
290	3	1 0 1 1 0 0 1 0 0 1 0 0 1 0 0 0
290	1	1 1 1 0 1 0 1 0 0 0 1 1 0 1 0 0
290	4	1 1 1 1 0 0 0 0 0 0 1 0 0 0 0 1
290	1	1 1 1 1 1 0 1 0 0 1 0 1 0 0 0 0
290	3	1 0 0 1 1 1 0 0 1 1 0 1 0 0 0 0
290	3	1 0 1 1 1 0 1 1 1 0 1 1 0 0 0 0
290	1	1 0 0 1 1 0 1 0 0 0 0 0 0 0 0 0
290	1	1 0 1 1 1 0 1 1 1 0 1 0 0 1 0 0
290	1	1 1 1 1 0 1 0 0 0 0 1 0 0 1 0 0
290	4	1 1 0 0 1 0 1 0 0 0 1 1 0 0 0 0
290	1	1 1 1 1 0 0 1 0 0 0 1 1 0 0 0 0
290	2	1 1 1 1 0 0 1 0 1 1 1 0 0 0 0 0
290	1	0 0 1 1 1 1 1 0 1 0 1 1 0 1 0 0
290	2	1 0 1 1 1 0 1 0 1 0 1 0 0 1 0 0
290	1	1 1 1 1 1 0 1 0 1 0 1 1 0 0 0 0
290	1	1 1 1 1 1 0 0 0 0 0 1 1 0 0 0 0
290	1	1 1 1 0 0 0 1 0 0 0 1 0 0 0 0 1
290	1	1 1 1 1 1 0 0 0 0 1 1 1 0 0 0 0
290	2	1 0 1 1 1 0 0 0 1 0 1 1 0 0 1 0
290	3	1 1 1 1 1 1 1 0 0 0 0 1 1 0 1 0
290	2	1 0 1 1 0 0 1 0 0 0 1 1 0 0 0 0
300	31	1 0 1 1 1 0 1 0 0 0 1 0 0 0 0 0
300	3	1 0 1 1 1 0 1 1 1 0 1 0 0 0 0 0
300	29	1 0 1 1 1 0 1 0 1 0 1 0 0 0 0 0
300	32	1 1 1 1 1 0 1 0 0 0 1 1 0 0 0 0
300	15	1 1 1 1 0 0 1 0 0 0 1 0 0 0 0 0
300	12	1 1 1 1 0 1 1 0 0 0 1 0 0 0 0 0
300	20	1 1 1 1 1 0 1 0 0 1 0 0 0 0 0 0
300	67	1 0 1 1 1 0 1 0 1 0 1 1 0 0 0 0
300	6	1 0 1 1 1 0 1 0 0 0 0 1 0 0 0 0
300	29	1 0 1 1 0 0 1 0 0 0 1 0 0 0 0 0
300	2	1 1 1 1 0 0 1 1 1 0 1 0 0 0 0 0
300	3	1 1 1 0 1 1 1 0 1 0 0 1 0 0 0 0
300	6	1 1 1 0 0 0 1 0 0 0 1 0 0 0 0 0
300	3	0 1 1 0 1 0 1 0 0 0 0 1 0 0 0 0
300	22	0 1 1 1 0 0 1 0 0 0 1 0 0 0 0 0
300	17	1 0 1 1 1 0 1 1 1 1 0 0 0 0 0 0
300	18	1 0 1 1 1 0 1 0 0 0 0 0 0 0 0 0
300	5	1 0 1 1 1 1 1 0 1 1 0 0 0 0 0 0
300	14	1 0 1 1 1 0 1 0 0 0 1 1 0 0 0 0
300	2	1 0 1 1 1 0 1 1 1 0 1 1 0 0 0 1
300	2	0 0 1 0 1 1 1 0 1 0 1 1 0 0 0 0
300	39	1 1 1 1 1 0 1 0 0 1 1 1 0 0 0 0
300	36	1 0 1 1 1 0 1 0 1 0 1 1 0 0 1 0
300	1	1 0 1 0 1 0 1 0 0 1 0 0 0 0 0 1
300	10	1 1 0 1 0 0 1 1 1 0 1 0 0 0 0 0
300	13	1 1 1 1 1 0 1 0 1 1 0 0 0 0 0 0
300	16	1 0 0 1 1 1 0 0 1 1 0 0 0 0 0 0
300	27	1 1 1 1 1 0 1 1 0 0 0 0 0 0 0 0
300	3	1 0 1 1 1 0 0 0 0 0 0 0 0 0 0 0
300	14	1 1 1 0 1 1 1 0 0 0 1 0 0 0 0 0
300	5	1 1 1 1 1 0 1 1 0 1 0 1 0 0 0 0
300	13	1 1 1 1 1 0 1 0 0 0 1 0 0 0 0 0
300	2	1 1 1 1 0 0 1 0 0 0 0 1 0 0 0 0
300	14	1 1 1 1 0 1 1 1 0 0 1 0 0 0 0 0
300	7	1 0 1 1 0 0 1 1 1 0 1 1 0 0 0 1
300	2	1 0 1 1 0 0 1 0 1 0 1 1 0 0 0 0
300	6	1 0 1 1 0 0 1 0 0 1 0 0 0 0 0 0
300	8	1 0 1 1 1 0 1 0 0 0 0 0 0 1 0 0
300	62	1 1 1 0 1 0 1 0 0 0 1 1 0 0 0 0
300	6	1 1 0 1 0 0 0 1 1 0 1 0 0 0 0 0
300	1	1 1 1 1 0 0 1 0 0 0 1 0 0 0 0 1
300	11	1 1 1 1 0 0 1 0 0 0 0 0 0 0 0 0
300	13	1 1 1 0 1 1 1 0 1 0 0 1 0 0 1 0
300	9	1 1 1 0 1 1 1 0 0 0 0 0 0 0 0 0
300	3	1 1 0 1 0 0 1 0 1 0 1 1 0 0 0 0
300	12	1 0 1 1 0 0 1 0 0 1 1 0 0 0 0 0
300	12	1 1 1 1 0 0 1 1 1 0 0 0 0 0 0 0
300	5	1 1 0 1 1 0 1 0 0 0 0 0 0 0 0 0
300	13	1 1 1 1 1 0 1 0 0 0 0 0 0 0 0 0
300	3	1 0 1 1 1 1 1 1 1 0 1 0 0 0 0 0
300	12	1 1 1 1 0 1 1 1 0 0 1 0 0 0 0 1
300	2	1 1 1 1 0 0 0 0 0 0 1 0 0 0 0 1
300	26	1 1 1 1 1 0 1 0 0 1 0 1 0 0 0 0
300	39	1 0 1 1 1 0 1 1 1 0 1 1 0 0 0 0
300	11	1 0 0 1 1 0 1 0 0 0 0 0 0 0 0 0
300	4	1 1 1 1 0 0 1 0 0 0 1 1 0 0 0 0
300	12	1 1 1 1 1 0 1 0 1 0 1 1 0 0 0 0
300	3	1 0 1 1 1 0 0 0 1 0 1 1 0 0 1 0
300	17	1 0 1 1 0 0 0 0 0 0 0 0 0 0 0 0
300	10	1 1 1 1 0 0 1 0 0 1 1 0 0 0 0 0
300	4	1 1 1 1 1 0 1 1 0 1 0 1 0 0 0 1
300	4	1 1 1 1 0 0 1 0 1 0 0 1 0 0 0 0
300	5	1 1 1 0 1 0 1 0 0 0 1 1 1 0 0 0
300	27	1 0 1 1 0 1 1 0 1 0 1 0 0 0 0 0
300	3	1 1 1 1 0 0 1 0 1 1 0 0 0 0 0 0
300	1	0 1 1 1 1 0 1 0 0 0 1 1 0 0 0 0
300	12	1 0 1 1 1 0 1 0 0 0 1 1 0 0 1 0
300	4	1 0 0 1 0 1 0 0 1 1 0 0 0 0 0 0
300	8	1 0 1 1 0 1 1 0 1 0 1 1 0 0 0 0
300	1	1 1 1 1 1 0 1 1 0 1 0 0 0 0 0 0
300	7	1 1 1 1 1 0 1 1 1 0 0 0 0 0 0 0
300	4	1 0 1 0 1 0 1 0 0 0 0 0 0 0 0 0
300	2	1 0 1 1 1 0 1 1 1 1 0 1 0 0 0 0
300	1	1 1 1 1 0 0 1 0 0 0 0 0 1 0 0 0
300	2	1 1 1 1 0 0 0 1 0 0 1 0 0 0 0 1
300	1	1 1 1 1 0 0 0 0 0 1 1 0 0 0 0 0
300	3	1 0 1 1 1 1 1 1 1 1 0 1 0 0 0 0
300	1	1 1 1 1 0 0 1 0 0 0 1 0 0 0 1 0
300	1	1 1 1 1 1 0 1 0 0 1 1 1 0 0 0 1
300	2	1 1 1 1 1 0 1 0 1 1 0 0 0 0 1 0
300	1	1 0 1 0 1 0 0 0 0 0 0 0 0 0 0 0
300	1	1 0 1 1 0 0 0 1 1 0 1 0 0 0 0 0
300	1	0 1 1 1 0 0 1 0 0 0 1 0 0 0 0 1
300	5	1 0 1 1 1 0 1 1 0 0 1 1 0 0 0 1
300	7	1 0 0 1 1 1 1 0 0 0 0 0 0 0 0 0
300	1	1 0 1 1 1 0 1 0 1 0 0 0 0 0 1 0
300	1	1 1 1 0 0 0 1 0 0 1 1 0 0 0 0 0
300	1	1 0 1 1 1 0 1 0 0 1 0 1 0 0 0 0
300	3	1 0 1 1 1 0 1 0 0 1 1 1 0 0 0 0
300	4	1 0 1 1 1 1 1 0 1 0 1 1 0 0 0 0
300	2	1 1 1 1 0 0 0 0 0 0 1 0 0 0 0 0
300	1	1 0 1 1 1 0 1 0 1 0 0 1 0 0 0 0
300	8	1 1 1 0 0 0 1 0 0 0 1 1 0 0 0 0
300	1	1 0 1 0 1 1 1 0 0 0 1 0 0 0 0 0
300	1	1 1 1 0 1 0 1 0 1 0 1 1 0 0 0 0
300	7	1 0 1 0 0 1 1 0 1 0 1 0 0 0 0 0
300	1	1 0 1 1 1 0 1 0 0 0 1 1 1 0 1 0
300	4	1 0 1 1 0 0 0 1 1 0 1 0 0 0 0 1
300	2	1 0 1 1 1 0 1 0 0 0 1 0 0 0 1 0
300	1	1 0 1 1 1 1 1 0 1 0 0 0 0 0 0 0
300	1	1 1 1 1 0 0 1 0 0 1 0 0 0 0 0 0
300	1	0 0 1 1 1 0 1 0 1 0 1 0 0 0 0 0
300	1	0 0 1 1 1 0 1 0 0 0 0 0 0 0 0 0
300	4	1 1 1 1 1 0 1 1 0 0 0 0 1 0 0 0
300	3	1 1 1 1 1 1 1 1 0 0 0 0 0 0 0 0
300	1	1 0 1 1 1 0 1 1 0 0 0 1 0 0 0 0
300	1	1 0 1 1 1 1 1 0 0 0 0 0 0 1 0 0
300	1	1 1 1 0 1 0 1 1 0 0 1 1 0 0 0 0
300	1	1 1 0 0 1 0 1 0 0 0 1 1 0 0 0 0
310	33	1 0 1 1 1 0 1 0 0 0 1 0 0 0 0 0
310	9	1 0 1 1 1 0 1 1 1 0 1 0 0 0 0 0
310	65	1 0 1 1 1 0 1 0 1 0 1 0 0 0 0 0
310	11	1 1 1 1 1 0 1 0 0 0 1 1 0 0 0 0
310	1	1 1 1 1 0 0 1 0 0 0 1 0 0 0 0 0
310	19	1 1 1 1 0 1 1 0 0 0 1 0 0 0 0 0
310	16	1 1 1 1 1 0 1 0 0 1 0 0 0 0 0 0
310	57	1 0 1 1 1 0 1 0 1 0 1 1 0 0 0 0
310	5	1 0 1 1 1 0 1 0 0 0 0 1 0 0 0 0
310	22	1 0 1 1 0 0 1 0 0 0 1 0 0 0 0 0
310	5	1 1 1 1 0 0 1 1 1 0 1 0 0 0 0 0
310	8	1 1 1 0 0 0 1 0 0 0 1 0 0 0 0 0
310	24	0 1 1 1 0 0 1 0 0 0 1 0 0 0 0 0
310	21	1 0 1 1 1 0 1 1 1 1 0 0 0 0 0 0
310	8	1 0 1 1 1 0 1 0 0 0 0 0 0 0 0 0
310	5	1 0 1 1 1 1 1 0 1 1 0 0 0 0 0 0
310	21	1 0 1 1 1 0 1 0 0 0 1 1 0 0 0 0
310	34	1 1 1 1 1 0 1 0 0 1 1 1 0 0 0 0
310	12	1 0 1 1 1 0 1 0 1 0 1 1 0 0 1 0
310	4	1 1 0 1 0 0 1 1 1 0 1 0 0 0 0 0
310	22	1 1 1 1 1 0 1 0 1 1 0 0 0 0 0 0
310	29	1 0 0 1 1 1 0 0 1 1 0 0 0 0 0 0
310	7	1 1 1 1 1 0 1 1 0 0 0 0 0 0 0 0
310	20	1 0 1 1 1 0 0 0 0 0 0 0 0 0 0 0
310	1	1 1 1 0 1 1 1 0 0 0 1 0 0 0 0 0
310	3	1 1 1 1 1 0 1 1 0 1 0 1 0 0 0 0
310	34	1 1 1 1 1 0 1 0 0 0 1 0 0 0 0 0
310	3	1 1 1 1 0 0 1 0 0 0 0 1 0 0 0 0
310	30	1 1 1 1 0 1 1 1 0 0 1 0 0 0 0 0
310	6	1 0 1 1 1 0 1 0 0 0 0 0 0 1 0 0
310	22	1 1 1 0 1 0 1 0 0 0 1 1 0 0 0 0
310	7	1 1 0 1 0 0 0 1 1 0 1 0 0 0 0 0
310	11	1 1 1 1 0 0 1 0 0 0 0 0 0 0 0 0
310	14	1 1 1 0 1 1 1 0 1 0 0 1 0 0 1 0
310	5	1 1 0 1 0 0 1 0 1 0 1 1 0 0 0 0
310	6	1 0 1 1 0 0 1 0 0 1 1 0 0 0 0 0
310	8	1 1 1 1 0 0 1 1 1 0 0 0 0 0 0 0
310	8	1 1 0 1 1 0 1 0 0 0 0 0 0 0 0 0
310	22	1 1 1 1 1 0 1 0 0 0 0 0 0 0 0 0
310	24	1 1 1 1 0 1 1 1 0 0 1 0 0 0 0 1
310	44	1 1 1 1 1 0 1 0 0 1 0 1 0 0 0 0
310	25	1 0 1 1 1 0 1 1 1 0 1 1 0 0 0 0
310	12	1 0 0 1 1 0 1 0 0 0 0 0 0 0 0 0
310	2	1 1 1 1 1 0 1 0 1 0 1 1 0 0 0 0
310	6	1 0 1 1 0 0 0 0 0 0 0 0 0 0 0 0
310	9	1 1 1 0 1 0 1 0 0 0 1 1 1 0 0 0
310	18	1 0 1 1 0 1 1 0 1 0 1 0 0 0 0 0
310	1	1 0 0 1 0 1 0 0 1 1 0 0 0 0 0 0
310	9	1 0 1 1 1 0 1 1 1 1 0 1 0 0 0 0
310	1	1 0 0 1 1 1 1 0 0 0 0 0 0 0 0 0
310	13	1 0 1 1 1 0 1 0 0 1 1 1 0 0 0 0
310	18	1 1 1 0 0 0 1 0 0 0 1 1 0 0 0 0
310	7	1 0 1 0 0 1 1 0 1 0 1 0 0 0 0 0
310	2	1 1 1 1 0 0 1 0 0 1 0 0 0 0 0 0
310	1	1 1 1 1 1 0 1 1 0 0 0 0 1 0 0 0
310	12	1 0 1 1 0 0 0 1 0 0 0 0 0 0 0 0
310	9	1 1 1 0 1 0 1 1 1 0 1 1 0 0 0 0
310	3	1 0 1 1 1 0 1 0 1 1 0 0 0 0 0 0
310	2	1 1 1 0 1 1 1 0 1 0 0 0 0 0 0 0
310	3	0 1 1 1 0 0 1 0 1 0 1 0 0 0 0 0
310	11	1 1 1 1 1 0 0 1 0 1 0 1 0 0 0 0
310	5	1 1 1 1 1 0 1 0 0 1 0 1 0 0 0 1
310	7	1 0 1 0 1 0 1 0 0 1 0 0 0 0 0 0
310	1	1 0 1 0 0 0 1 0 0 0 0 0 0 0 0 0
310	2	1 1 1 0 1 0 1 0 1 0 1 0 0 0 0 0
310	3	1 0 1 1 1 0 1 0 0 1 0 0 0 0 0 0
310	1	1 1 1 0 1 0 1 0 0 0 1 1 0 0 0 1
310	10	0 1 1 0 1 0 1 0 0 0 0 0 0 0 0 0
310	5	1 1 1 1 1 1 1 0 1 0 1 0 0 0 0 0
310	9	1 0 1 1 1 0 0 0 1 0 1 0 0 0 0 0
310	2	1 0 0 0 1 1 0 0 1 1 0 0 0 0 0 0
310	4	1 1 1 1 1 0 1 1 0 0 1 0 0 0 0 0
310	4	1 0 1 1 0 1 1 0 1 0 1 0 0 0 1 0
310	5	1 0 1 1 1 0 1 1 0 0 0 0 1 0 0 0
310	5	1 1 0 1 0 0 1 0 1 0 1 0 0 0 0 0
310	2	1 0 1 1 1 0 1 0 1 0 1 0 0 0 1 0
310	1	1 0 0 1 1 0 1 0 1 0 1 0 0 0 0 0
310	4	1 1 1 1 0 0 0 1 0 0 0 0 0 0 0 0
310	1	1 1 1 1 0 1 1 1 0 1 0 1 0 0 0 0
310	1	1 1 1 1 1 0 1 1 0 0 1 1 0 0 0 1
310	4	0 1 1 1 1 0 1 1 0 0 0 0 1 0 0 0
310	2	1 0 1 1 0 0 1 0 1 1 0 0 0 0 0 0
310	2	1 0 1 1 1 0 1 0 0 0 1 0 1 0 0 0
310	3	1 0 1 1 1 0 1 1 0 0 0 1 0 0 0 0
310	1	0 1 1 1 1 0 0 1 0 1 0 1 0 0 0 0
310	1	1 0 1 1 1 0 1 0 1 1 0 1 0 0 0 0
310	4	1 0 0 1 1 1 0 0 1 0 1 0 0 0 0 0
310	1	1 1 1 0 1 0 1 0 1 1 0 0 0 0 0 0
310	1	1 0 0 1 1 1 1 0 0 1 0 1 0 0 0 0
310	2	1 1 1 0 0 1 1 0 1 0 1 0 0 0 0 0
310	4	1 1 1 0 1 0 1 1 0 1 0 1 0 0 0 0
310	2	1 1 1 1 1 0 0 0 0 0 0 0 0 0 0 0
310	1	0 1 1 1 0 0 1 0 0 0 1 0 1 0 0 0
310	1	0 0 1 1 1 0 1 0 1 0 1 1 0 0 1 0
310	3	1 1 1 1 1 0 0 0 1 1 0 0 0 0 0 0
310	2	0 0 1 1 1 0 0 0 0 0 0 0 0 0 0 0
310	5	1 1 1 1 0 1 1 1 1 0 1 0 0 0 0 0
310	1	1 1 1 0 1 0 1 0 1 0 1 1 0 0 0 0
310	1	1 0 1 1 0 0 1 1 1 1 0 1 0 0 0 0
310	1	1 0 0 1 1 0 1 0 0 0 1 0 0 0 0 0
310	1	1 0 1 1 1 0 1 0 1 0 1 1 0 0 0 1
310	1	1 1 1 1 1 0 1 0 0 0 0 1 0 0 0 0
310	1	0 1 1 1 0 0 1 0 0 0 1 0 0 0 1 0
310	1	1 0 0 1 1 1 0 0 0 1 0 0 0 0 0 0
310	2	1 0 1 1 1 0 0 0 0 0 1 0 0 0 0 0
310	2	1 1 1 1 1 0 1 0 0 0 1 0 0 0 1 0
310	1	1 0 1 1 0 1 1 0 1 0 0 0 0 0 0 0
310	2	1 0 0 1 0 1 1 0 1 0 1 0 0 0 0 0
310	1	1 0 0 1 1 1 1 0 0 1 0 0 0 0 0 0
310	1	1 0 1 0 0 1 1 0 1 0 1 0 0 0 0 1
310	1	1 0 1 0 0 1 1 0 1 0 1 0 0 0 1 0
310	2	1 1 1 1 1 0 1 0 1 1 0 1 0 0 0 1
320	23	1 0 1 1 1 0 1 0 0 0 1 0 0 0 0 0
320	71	1 0 1 1 1 0 1 0 1 0 1 0 0 0 0 0
320	23	1 1 1 1 1 0 1 0 0 0 1 1 0 0 0 0
320	8	1 1 1 1 0 0 1 0 0 0 1 0 0 0 0 0
320	20	1 1 1 1 0 1 1 0 0 0 1 0 0 0 0 0
320	17	1 1 1 1 1 0 1 0 0 1 0 0 0 0 0 0
320	32	1 0 1 1 1 0 1 0 1 0 1 1 0 0 0 0
320	32	1 0 1 1 0 0 1 0 0 0 1 0 0 0 0 0
320	17	1 1 1 0 0 0 1 0 0 0 1 0 0 0 0 0
320	20	0 1 1 1 0 0 1 0 0 0 1 0 0 0 0 0
320	2	1 0 1 1 1 0 1 1 1 1 0 0 0 0 0 0
320	21	1 0 1 1 1 0 1 0 0 0 0 0 0 0 0 0
320	51	1 0 1 1 1 0 1 0 0 0 1 1 0 0 0 0
320	20	1 1 1 1 1 0 1 0 0 1 1 1 0 0 0 0
320	30	1 0 1 1 1 0 1 0 1 0 1 1 0 0 1 0
320	23	1 1 1 1 1 0 1 0 1 1 0 0 0 0 0 0
320	17	1 0 0 1 1 1 0 0 1 1 0 0 0 0 0 0
320	3	1 1 1 1 1 0 1 1 0 0 0 0 0 0 0 0
320	5	1 0 1 1 1 0 0 0 0 0 0 0 0 0 0 0
320	21	1 1 1 1 1 0 1 0 0 0 1 0 0 0 0 0
320	13	1 1 1 1 0 1 1 1 0 0 1 0 0 0 0 0
320	21	1 0 1 1 1 0 1 0 0 0 0 0 0 1 0 0
320	43	1 1 1 0 1 0 1 0 0 0 1 1 0 0 0 0
320	5	1 1 1 1 0 0 1 0 0 0 0 0 0 0 0 0
320	12	1 1 1 0 1 1 1 0 1 0 0 1 0 0 1 0
320	2	1 1 0 1 0 0 1 0 1 0 1 1 0 0 0 0
320	9	1 0 1 1 0 0 1 0 0 1 1 0 0 0 0 0
320	3	1 1 1 1 0 0 1 1 1 0 0 0 0 0 0 0
320	3	1 1 0 1 1 0 1 0 0 0 0 0 0 0 0 0
320	21	1 1 1 1 1 0 1 0 0 0 0 0 0 0 0 0
320	28	1 1 1 1 0 1 1 1 0 0 1 0 0 0 0 1
320	20	1 1 1 1 1 0 1 0 0 1 0 1 0 0 0 0
320	40	1 0 1 1 1 0 1 1 1 0 1 1 0 0 0 0
320	1	1 0 0 1 1 0 1 0 0 0 0 0 0 0 0 0
320	4	1 1 1 0 1 0 1 0 0 0 1 1 1 0 0 0
320	20	1 0 1 1 0 1 1 0 1 0 1 0 0 0 0 0
320	10	1 0 1 1 1 0 1 0 0 1 1 1 0 0 0 0
320	13	1 1 1 0 0 0 1 0 0 0 1 1 0 0 0 0
320	7	1 1 1 1 1 0 1 1 0 0 0 0 1 0 0 0
320	11	1 0 1 1 0 0 0 1 0 0 0 0 0 0 0 0
320	16	1 1 1 0 1 0 1 1 1 0 1 1 0 0 0 0
320	5	1 1 1 0 1 1 1 0 1 0 0 0 0 0 0 0
320	4	1 0 1 0 1 0 1 0 0 1 0 0 0 0 0 0
320	10	1 1 1 0 1 0 1 0 1 0 1 0 0 0 0 0
320	2	0 1 1 0 1 0 1 0 0 0 0 0 0 0 0 0
320	7	1 1 1 1 1 1 1 0 1 0 1 0 0 0 0 0
320	6	1 0 1 1 1 0 0 0 1 0 1 0 0 0 0 0
320	27	1 0 0 1 1 0 1 0 1 0 1 0 0 0 0 0
320	6	1 1 1 1 0 0 0 1 0 0 0 0 0 0 0 0
320	5	1 0 1 1 1 0 1 0 0 0 1 0 1 0 0 0
320	8	1 0 1 1 1 0 1 1 0 0 0 1 0 0 0 0
320	7	0 1 1 1 1 0 0 1 0 1 0 1 0 0 0 0
320	2	1 1 1 0 1 0 1 1 0 1 0 1 0 0 0 0
320	2	1 1 1 1 1 0 0 0 0 0 0 0 0 0 0 0
320	18	1 0 1 1 0 0 1 1 1 1 0 1 0 0 0 0
320	6	1 0 0 1 1 1 0 0 0 1 0 0 0 0 0 0
320	3	1 0 1 1 1 0 0 0 0 0 1 0 0 0 0 0
320	7	1 0 1 0 0 1 1 0 1 0 1 0 0 0 0 1
320	3	1 1 1 1 1 0 1 1 0 0 1 1 0 0 0 0
320	5	0 0 1 1 1 0 1 1 1 1 0 0 0 0 0 0
320	6	1 0 1 1 1 0 0 0 1 0 0 0 0 0 0 0
320	4	1 0 1 1 0 0 1 0 1 0 1 1 0 0 1 0
320	5	0 1 1 1 0 1 1 0 0 0 1 0 0 0 0 0
320	9	1 0 0 1 1 1 0 0 1 1 1 0 0 0 0 0
320	6	1 0 0 1 1 0 1 0 1 0 0 0 0 0 0 0
320	6	1 1 1 0 1 0 0 1 1 0 1 1 0 0 0 0
320	7	1 0 0 1 1 1 0 1 1 1 0 0 0 0 0 0
320	2	1 1 0 1 0 0 0 1 1 0 1 0 0 0 0 1
320	6	1 0 1 1 1 0 1 0 1 0 1 0 1 0 0 0
320	8	1 0 1 1 1 0 1 0 0 0 1 1 0 0 1 0
320	4	0 0 1 0 1 1 1 0 0 1 0 0 0 0 0 0
320	3	1 0 1 1 1 1 1 0 0 0 0 0 0 1 0 0
320	6	1 1 1 1 1 1 1 0 0 1 0 1 0 0 0 0
320	2	0 1 1 1 1 1 0 1 0 1 0 1 0 0 0 0
320	2	0 1 1 1 0 1 1 0 1 0 1 0 0 0 0 0
320	4	1 0 1 1 1 1 1 0 1 0 1 1 0 0 0 0
320	2	1 0 1 1 1 0 1 1 0 0 0 0 0 0 0 0
320	1	1 1 1 0 0 0 1 0 0 0 1 1 1 0 0 0
320	1	0 1 1 0 1 0 1 0 0 0 0 0 0 0 1 0
320	4	1 1 0 1 1 1 0 0 0 1 0 0 0 0 0 0
320	2	1 0 1 1 0 1 1 0 0 0 1 0 0 0 0 0
320	1	1 1 1 0 0 0 1 0 0 1 0 0 0 0 0 0
320	2	1 1 1 0 1 0 1 0 0 0 1 0 0 0 0 0
320	2	0 0 1 1 1 0 1 0 1 0 1 0 0 0 0 0
320	1	1 1 1 0 1 0 1 0 1 0 1 1 0 0 0 0
320	1	1 1 1 1 0 1 1 1 0 0 1 0 0 1 0 1
320	1	1 0 1 0 0 0 1 0 0 0 1 1 0 0 0 0
320	1	1 1 1 1 1 0 0 1 0 1 0 1 0 0 0 0
320	1	1 0 1 1 0 0 1 0 1 0 1 1 1 0 1 0
320	1	1 1 1 1 1 0 1 0 0 1 1 0 0 0 0 0
320	2	1 1 1 1 0 1 1 1 0 0 0 0 0 0 0 0
320	1	1 0 1 1 1 0 1 0 0 0 1 0 0 0 1 0
320	1	0 0 1 1 1 0 1 0 0 0 1 0 0 0 0 0
320	1	1 0 1 1 1 0 1 1 0 0 1 1 0 0 0 0
320	1	0 1 1 0 1 0 1 0 0 0 1 1 0 0 0 0
320	1	0 1 1 1 0 1 1 1 0 0 1 0 0 0 0 1
320	1	0 1 1 0 1 0 1 1 0 1 0 1 0 0 0 0
330	31	1 0 1 1 1 0 1 0 0 0 1 0 0 0 0 0
330	81	1 0 1 1 1 0 1 0 1 0 1 0 0 0 0 0
330	11	1 1 1 1 1 0 1 0 0 0 1 1 0 0 0 0
330	31	1 1 1 1 0 1 1 0 0 0 1 0 0 0 0 0
330	37	1 1 1 1 1 0 1 0 0 1 0 0 0 0 0 0
330	27	1 0 1 1 1 0 1 0 1 0 1 1 0 0 0 0
330	29	1 0 1 1 0 0 1 0 0 0 1 0 0 0 0 0
330	4	1 1 1 0 0 0 1 0 0 0 1 0 0 0 0 0
330	13	0 1 1 1 0 0 1 0 0 0 1 0 0 0 0 0
330	3	1 0 1 1 1 0 1 1 1 1 0 0 0 0 0 0
330	28	1 0 1 1 1 0 1 0 0 0 0 0 0 0 0 0
330	19	1 0 1 1 1 0 1 0 0 0 1 1 0 0 0 0
330	13	1 1 1 1 1 0 1 0 0 1 1 1 0 0 0 0
330	21	1 0 1 1 1 0 1 0 1 0 1 1 0 0 1 0
330	30	1 1 1 1 1 0 1 0 1 1 0 0 0 0 0 0
330	18	1 0 0 1 1 1 0 0 1 1 0 0 0 0 0 0
330	1	1 1 1 1 1 0 1 1 0 0 0 0 0 0 0 0
330	5	1 0 1 1 1 0 0 0 0 0 0 0 0 0 0 0
330	10	1 1 1 1 1 0 1 0 0 0 1 0 0 0 0 0
330	25	1 1 1 1 0 1 1 1 0 0 1 0 0 0 0 0
330	16	1 0 1 1 1 0 1 0 0 0 0 0 0 1 0 0
330	27	1 1 1 0 1 0 1 0 0 0 1 1 0 0 0 0
330	4	1 1 1 1 0 0 1 1 1 0 0 0 0 0 0 0
330	13	1 1 1 1 1 0 1 0 0 0 0 0 0 0 0 0
330	6	1 1 1 1 0 1 1 1 0 0 1 0 0 0 0 1
330	19	1 1 1 1 1 0 1 0 0 1 0 1 0 0 0 0
330	21	1 0 1 1 1 0 1 1 1 0 1 1 0 0 0 0
330	11	1 1 1 0 1 0 1 0 0 0 1 1 1 0 0 0
330	6	1 0 1 1 0 1 1 0 1 0 1 0 0 0 0 0
330	2	1 0 1 1 1 0 1 0 0 1 1 1 0 0 0 0
330	8	1 1 1 0 0 0 1 0 0 0 1 1 0 0 0 0
330	6	1 1 1 1 1 0 1 1 0 0 0 0 1 0 0 0
330	2	1 0 1 1 0 0 0 1 0 0 0 0 0 0 0 0
330	20	1 1 1 0 1 0 1 1 1 0 1 1 0 0 0 0
330	12	1 1 1 0 1 1 1 0 1 0 0 0 0 0 0 0
330	14	1 1 1 0 1 0 1 0 1 0 1 0 0 0 0 0
330	18	1 1 1 1 1 1 1 0 1 0 1 0 0 0 0 0
330	12	1 0 1 1 1 0 0 0 1 0 1 0 0 0 0 0
330	22	1 0 0 1 1 0 1 0 1 0 1 0 0 0 0 0
330	11	1 0 1 1 1 0 1 1 0 0 0 1 0 0 0 0
330	4	0 1 1 1 1 0 0 1 0 1 0 1 0 0 0 0
330	2	1 1 1 0 1 0 1 1 0 1 0 1 0 0 0 0
330	4	1 1 1 1 1 0 0 0 0 0 0 0 0 0 0 0
330	19	1 0 1 1 0 0 1 1 1 1 0 1 0 0 0 0
330	13	1 0 0 1 1 1 0 0 0 1 0 0 0 0 0 0
330	11	0 0 1 1 1 0 1 1 1 1 0 0 0 0 0 0
330	2	1 0 0 1 1 0 1 0 1 0 0 0 0 0 0 0
330	3	1 1 1 0 1 0 0 1 1 0 1 1 0 0 0 0
330	4	1 0 0 1 1 1 0 1 1 1 0 0 0 0 0 0
330	18	1 0 1 1 1 0 1 0 1 0 1 0 1 0 0 0
330	4	1 0 1 1 1 1 1 0 0 0 0 0 0 1 0 0
330	6	1 1 1 1 1 1 1 0 0 1 0 1 0 0 0 0
330	10	0 1 1 1 1 1 0 1 0 1 0 1 0 0 0 0
330	5	1 0 1 1 1 1 1 0 1 0 1 1 0 0 0 0
330	9	1 1 1 0 1 0 1 0 0 0 1 0 0 0 0 0
330	12	0 0 1 1 1 0 1 0 1 0 1 0 0 0 0 0
330	19	1 1 1 1 1 0 1 0 0 0 1 1 1 0 0 0
330	2	0 1 1 1 1 1 0 1 0 0 1 0 0 0 0 1
330	3	1 0 1 1 1 0 1 0 1 0 1 1 0 1 0 0
330	5	1 1 1 1 1 1 0 0 0 1 0 0 0 0 0 0
330	7	1 1 1 0 1 1 1 1 0 0 1 0 0 0 0 0
330	5	1 1 1 0 0 1 1 1 0 0 1 0 0 0 0 0
330	21	1 0 1 1 0 0 1 1 0 1 0 1 0 0 0 0
330	11	1 1 1 1 1 0 1 0 1 0 1 0 0 0 0 0
330	2	1 1 1 1 0 0 1 1 0 0 1 0 0 0 0 0
330	1	1 1 1 1 1 1 1 0 1 0 0 1 0 0 1 0
330	6	1 0 1 0 1 0 1 1 1 0 1 1 0 0 0 0
330	3	1 1 1 1 1 0 1 0 0 0 0 1 0 0 0 0
330	4	1 0 1 0 1 0 1 0 0 0 1 1 0 0 0 0
330	3	1 1 0 1 1 1 1 0 0 1 0 1 0 0 0 0
330	5	1 1 0 1 0 1 1 0 0 0 1 0 0 0 0 0
330	2	1 1 1 1 1 0 1 1 1 1 0 0 0 0 0 0
330	3	1 0 1 0 1 0 0 1 1 0 1 1 0 0 0 0
330	2	0 0 1 1 1 0 1 0 0 0 1 0 0 0 0 0
330	1	1 1 0 1 1 1 1 0 1 0 0 1 0 0 1 0
330	8	1 1 1 1 0 1 1 0 0 0 1 1 0 0 0 0
330	2	1 1 1 0 1 1 1 0 0 0 1 0 0 0 0 0
330	4	1 1 1 1 1 0 0 0 0 0 1 1 0 0 0 0
330	1	1 0 1 1 1 0 1 0 0 0 0 0 1 0 0 0
330	2	0 1 1 1 1 0 1 0 1 1 0 0 0 0 0 0
330	2	1 1 1 1 0 1 1 1 0 0 1 0 1 0 0 0
330	1	1 1 1 1 1 0 1 0 0 0 0 0 0 0 0 1
330	1	1 0 1 1 1 1 0 0 0 1 0 0 0 0 0 0
330	6	0 0 1 1 1 0 1 1 0 1 0 0 0 0 0 0
330	3	1 1 1 1 0 0 1 1 0 1 1 0 0 0 0 0
330	2	1 0 1 1 0 1 1 0 0 1 1 1 0 0 0 0
330	1	1 1 1 1 1 0 1 0 0 0 1 1 0 1 0 0
330	3	1 0 1 1 0 0 1 1 0 0 1 0 0 0 0 0
330	9	1 1 1 0 1 0 1 0 1 0 1 1 0 0 0 0
330	2	1 0 1 1 1 0 0 1 1 0 1 0 0 0 0 0
330	1	1 0 1 1 1 0 1 1 1 1 0 1 0 0 0 0
330	1	1 1 1 0 0 0 1 0 1 1 0 0 0 0 0 0
330	3	0 0 1 1 1 0 1 0 1 0 1 0 1 0 0 0
330	3	1 0 1 1 0 0 1 0 1 0 1 0 0 0 0 0
330	2	1 0 1 1 1 0 1 0 0 0 1 1 0 0 1 0
330	2	1 0 1 1 1 0 1 1 1 0 0 1 0 0 0 0
330	2	0 0 1 1 1 0 1 0 1 0 1 1 0 0 0 0
330	2	1 1 1 0 1 0 1 0 1 0 1 1 1 0 0 0
330	1	1 0 1 1 1 0 1 0 0 1 0 0 0 0 0 0
330	2	1 1 1 0 0 0 1 0 1 0 1 0 0 0 0 0
330	1	1 0 1 0 1 0 1 0 1 0 1 0 0 0 0 0
330	1	1 1 1 1 1 0 1 0 0 1 0 0 0 0 0 1
330	1	1 1 1 0 0 0 1 0 0 0 1 0 0 1 0 0
330	2	1 0 1 1 1 0 0 0 0 0 1 1 0 0 0 0
330	3	1 1 1 1 1 0 1 0 1 1 0 0 0 0 0 1
330	2	0 1 1 0 1 0 1 1 1 0 1 1 0 0 0 0
330	2	1 1 0 0 1 0 1 0 1 0 1 0 0 0 0 0
330	1	1 0 1 1 0 0 1 1 1 1 0 1 1 0 0 0
330	2	0 1 1 0 1 1 1 1 0 0 1 0 0 0 0 0
330	1	1 1 1 1 0 1 1 0 1 0 1 1 0 0 0 0
340	30	1 0 1 1 1 0 1 0 0 0 1 0 0 0 0 0
340	91	1 0 1 1 1 0 1 0 1 0 1 0 0 0 0 0
340	9	1 1 1 1 1 0 1 0 0 0 1 1 0 0 0 0
340	6	1 1 1 1 0 1 1 0 0 0 1 0 0 0 0 0
340	24	1 1 1 1 1 0 1 0 0 1 0 0 0 0 0 0
340	51	1 0 1 1 1 0 1 0 1 0 1 1 0 0 0 0
340	20	1 0 1 1 0 0 1 0 0 0 1 0 0 0 0 0
340	4	1 1 1 0 0 0 1 0 0 0 1 0 0 0 0 0
340	10	1 0 1 1 1 0 1 1 1 1 0 0 0 0 0 0
340	24	1 0 1 1 1 0 1 0 0 0 0 0 0 0 0 0
340	7	1 0 1 1 1 0 1 0 0 0 1 1 0 0 0 0
340	8	1 1 1 1 1 0 1 0 0 1 1 1 0 0 0 0
340	11	1 0 1 1 1 0 1 0 1 0 1 1 0 0 1 0
340	8	1 1 1 1 1 0 1 0 1 1 0 0 0 0 0 0
340	14	1 0 0 1 1 1 0 0 1 1 0 0 0 0 0 0
340	1	1 0 1 1 1 0 0 0 0 0 0 0 0 0 0 0
340	14	1 1 1 1 1 0 1 0 0 0 1 0 0 0 0 0
340	24	1 1 1 1 0 1 1 1 0 0 1 0 0 0 0 0
340	10	1 0 1 1 1 0 1 0 0 0 0 0 0 1 0 0
340	23	1 1 1 0 1 0 1 0 0 0 1 1 0 0 0 0
340	15	1 1 1 1 0 0 1 1 1 0 0 0 0 0 0 0
340	11	1 1 1 1 1 0 1 0 0 0 0 0 0 0 0 0
340	2	1 1 1 1 0 1 1 1 0 0 1 0 0 0 0 1
340	19	1 1 1 1 1 0 1 0 0 1 0 1 0 0 0 0
340	4	1 0 1 1 1 0 1 1 1 0 1 1 0 0 0 0
340	9	1 0 1 1 0 1 1 0 1 0 1 0 0 0 0 0
340	11	1 1 1 0 0 0 1 0 0 0 1 1 0 0 0 0
340	8	1 1 1 1 1 0 1 1 0 0 0 0 1 0 0 0
340	11	1 0 1 1 0 0 0 1 0 0 0 0 0 0 0 0
340	15	1 1 1 0 1 0 1 1 1 0 1 1 0 0 0 0
340	27	1 1 1 0 1 1 1 0 1 0 0 0 0 0 0 0
340	2	1 1 1 0 1 0 1 0 1 0 1 0 0 0 0 0
340	21	1 1 1 1 1 1 1 0 1 0 1 0 0 0 0 0
340	11	1 0 1 1 1 0 0 0 1 0 1 0 0 0 0 0
340	5	1 0 0 1 1 0 1 0 1 0 1 0 0 0 0 0
340	4	1 0 1 1 1 0 1 1 0 0 0 1 0 0 0 0
340	1	0 1 1 1 1 0 0 1 0 1 0 1 0 0 0 0
340	19	1 1 1 1 1 0 0 0 0 0 0 0 0 0 0 0
340	25	1 0 1 1 0 0 1 1 1 1 0 1 0 0 0 0
340	14	1 0 0 1 1 1 0 0 0 1 0 0 0 0 0 0
340	6	0 0 1 1 1 0 1 1 1 1 0 0 0 0 0 0
340	2	1 1 1 0 1 0 0 1 1 0 1 1 0 0 0 0
340	13	1 0 1 1 1 0 1 0 1 0 1 0 1 0 0 0
340	3	1 0 1 1 1 1 1 0 0 0 0 0 0 1 0 0
340	2	0 1 1 1 1 1 0 1 0 1 0 1 0 0 0 0
340	4	1 1 1 0 1 0 1 0 0 0 1 0 0 0 0 0
340	22	0 0 1 1 1 0 1 0 1 0 1 0 0 0 0 0
340	22	1 1 1 1 1 0 1 0 0 0 1 1 1 0 0 0
340	5	1 0 1 1 1 0 1 0 1 0 1 1 0 1 0 0
340	4	1 1 1 1 1 1 0 0 0 1 0 0 0 0 0 0
340	9	1 1 1 0 1 1 1 1 0 0 1 0 0 0 0 0
340	2	1 1 1 0 0 1 1 1 0 0 1 0 0 0 0 0
340	7	1 0 1 1 0 0 1 1 0 1 0 1 0 0 0 0
340	18	1 1 1 1 1 0 1 0 1 0 1 0 0 0 0 0
340	1	1 1 0 1 0 1 1 0 0 0 1 0 0 0 0 0
340	7	0 0 1 1 1 0 1 0 0 0 1 0 0 0 0 0
340	7	1 1 1 1 0 1 1 0 0 0 1 1 0 0 0 0
340	10	0 1 1 1 1 0 1 0 1 1 0 0 0 0 0 0
340	24	1 0 1 1 0 1 1 0 0 1 1 1 0 0 0 0
340	5	1 0 1 1 0 0 1 1 0 0 1 0 0 0 0 0
340	5	1 1 1 0 1 0 1 0 1 0 1 1 0 0 0 0
340	3	1 0 1 1 1 0 0 1 1 0 1 0 0 0 0 0
340	4	1 0 1 1 1 0 1 1 1 1 0 1 0 0 0 0
340	16	1 1 1 1 1 0 1 0 0 1 0 0 0 0 0 1
340	1	1 1 0 0 1 0 1 0 1 0 1 0 0 0 0 0
340	1	1 0 1 1 0 0 1 1 1 1 0 1 1 0 0 0
340	1	1 1 1 1 0 1 1 0 1 0 1 1 0 0 0 0
340	2	0 1 1 1 0 0 1 0 0 0 1 0 0 1 0 0
340	6	1 0 1 0 1 0 1 0 0 0 1 0 0 0 0 0
340	6	1 0 0 1 0 0 1 0 1 0 1 0 0 0 0 0
340	7	1 1 1 1 1 0 1 0 0 0 0 1 1 0 0 0
340	11	1 0 1 1 1 0 1 0 0 0 1 0 1 0 0 0
340	1	1 0 1 1 1 0 1 0 1 1 1 0 0 0 0 0
340	4	1 1 1 0 1 0 1 0 1 0 0 1 0 0 0 0
340	5	1 1 1 1 0 0 1 0 0 0 1 0 0 0 0 0
340	12	1 1 1 0 1 1 1 1 1 0 1 0 0 0 0 0
340	4	1 0 1 1 0 1 1 1 0 0 1 0 0 0 0 0
340	3	1 0 1 1 1 0 1 1 1 0 1 1 0 0 1 0
340	2	1 1 1 1 0 1 1 1 1 0 1 0 0 0 0 0
340	6	1 1 0 0 0 0 1 0 0 0 1 0 0 0 0 0
340	1	0 1 1 0 1 1 1 0 1 0 0 0 0 0 0 0
340	2	1 0 1 1 1 0 1 0 1 1 0 0 0 0 0 0
340	3	1 1 1 1 0 0 1 1 1 1 0 1 1 0 0 0
340	5	1 0 0 1 1 1 0 0 0 1 0 0 0 1 0 0
340	1	1 1 1 0 0 1 1 0 0 0 1 0 0 0 0 0
340	1	1 1 1 0 0 0 1 1 1 0 1 1 0 0 0 0
340	9	1 0 1 1 1 0 0 0 1 0 1 0 1 0 0 0
340	1	1 1 1 1 1 0 1 1 1 0 1 0 0 0 0 0
340	2	1 0 1 1 1 0 1 1 1 0 0 0 0 0 0 0
340	1	1 0 1 0 0 0 1 0 0 0 1 1 0 0 0 0
340	1	1 0 1 1 0 1 1 1 0 0 0 0 0 0 0 0
340	5	0 0 1 1 1 0 1 0 1 0 1 1 0 0 0 0
340	3	1 0 1 1 1 0 0 0 1 0 1 1 0 0 1 0
340	2	1 0 0 1 1 0 0 0 1 1 0 0 0 0 0 0
340	5	1 1 0 0 1 0 1 0 0 0 1 1 0 0 0 0
340	2	1 1 1 1 1 0 1 1 0 1 0 1 0 0 0 0
340	4	1 1 1 0 0 0 1 0 0 0 1 1 0 0 1 0
340	1	1 0 1 0 1 0 0 0 1 0 1 0 0 0 0 0
340	4	1 0 1 1 0 1 1 1 0 1 1 1 0 0 0 0
340	5	1 1 1 1 1 0 1 0 0 0 1 1 0 1 0 1
340	4	1 0 1 1 0 0 1 0 1 0 1 0 0 1 0 0
340	1	1 0 0 1 1 0 1 0 0 0 1 0 0 0 0 0
340	1	1 0 0 1 1 1 0 0 1 0 1 0 0 0 0 0
340	1	1 1 1 1 0 0 1 0 0 0 0 0 0 0 0 0
340	8	1 0 1 1 1 0 1 1 1 0 1 1 0 1 0 0
340	4	1 0 0 1 1 0 1 1 0 1 0 1 0 0 0 0
340	1	1 0 1 1 0 0 1 1 1 0 0 0 0 0 0 0
340	1	0 1 1 1 1 0 1 0 1 0 1 1 0 0 1 0
340	2	1 1 1 0 1 0 0 0 1 0 1 0 1 0 0 0
340	2	1 0 1 1 1 0 1 1 0 0 1 0 0 0 0 0
340	1	1 1 1 1 1 0 1 0 0 0 1 0 1 0 0 0
340	4	1 0 1 1 1 1 1 0 1 0 1 0 1 0 0 0
340	1	1 1 1 1 1 0 1 0 0 1 0 0 1 0 0 1
340	2	1 1 1 0 1 0 1 0 1 0 0 1 0 0 1 0
340	3	1 1 0 0 0 0 1 0 0 0 1 1 0 0 0 0
340	1	1 1 1 1 0 1 1 1 1 0 1 1 0 0 1 0
340	1	1 1 1 1 1 1 1 0 0 0 1 1 0 0 0 0
340	1	1 0 1 1 1 0 1 1 1 1 0 0 1 0 0 0
340	2	1 0 1 0 1 0 1 0 0 0 1 1 0 0 0 0
340	1	1 0 1 1 1 0 1 0 0 1 0 1 0 0 0 0
340	1	1 1 1 0 1 1 1 0 1 0 1 0 0 0 0 0
340	1	1 0 1 1 1 0 0 0 1 0 0 0 0 0 0 0
340	1	0 1 1 1 1 0 1 0 0 1 0 0 0 0 0 0
340	1	1 1 1 0 1 1 0 1 1 0 1 0 0 0 0 0
350	2	1 0 1 1 1 0 1 0 0 0 1 0 0 0 0 0
350	31	1 0 1 1 1 0 1 0 1 0 1 0 0 0 0 0
350	6	1 1 1 1 1 0 1 0 0 0 1 1 0 0 0 0
350	15	1 1 1 1 1 0 1 0 0 1 0 0 0 0 0 0
350	64	1 0 1 1 1 0 1 0 1 0 1 1 0 0 0 0
350	8	1 0 1 1 0 0 1 0 0 0 1 0 0 0 0 0
350	11	1 1 1 0 0 0 1 0 0 0 1 0 0 0 0 0
350	18	1 0 1 1 1 0 1 1 1 1 0 0 0 0 0 0
350	9	1 0 1 1 1 0 1 0 0 0 0 0 0 0 0 0
350	6	1 0 1 1 1 0 1 0 0 0 1 1 0 0 0 0
350	20	1 0 1 1 1 0 1 0 1 0 1 1 0 0 1 0
350	4	1 1 1 1 1 0 1 0 1 1 0 0 0 0 0 0
350	15	1 0 0 1 1 1 0 0 1 1 0 0 0 0 0 0
350	3	1 0 1 1 1 0 0 0 0 0 0 0 0 0 0 0
350	33	1 1 1 1 1 0 1 0 0 0 1 0 0 0 0 0
350	28	1 1 1 1 0 1 1 1 0 0 1 0 0 0 0 0
350	19	1 1 1 0 1 0 1 0 0 0 1 1 0 0 0 0
350	13	1 1 1 1 0 0 1 1 1 0 0 0 0 0 0 0
350	2	1 1 1 1 1 0 1 0 0 0 0 0 0 0 0 0
350	16	1 1 1 1 1 0 1 0 0 1 0 1 0 0 0 0
350	19	1 0 1 1 0 1 1 0 1 0 1 0 0 0 0 0
350	21	1 1 1 0 0 0 1 0 0 0 1 1 0 0 0 0
350	11	1 1 1 1 1 0 1 1 0 0 0 0 1 0 0 0
350	16	1 0 1 1 0 0 0 1 0 0 0 0 0 0 0 0
350	27	1 1 1 0 1 0 1 1 1 0 1 1 0 0 0 0
350	21	1 1 1 0 1 1 1 0 1 0 0 0 0 0 0 0
350	19	1 1 1 1 1 1 1 0 1 0 1 0 0 0 0 0
350	9	1 0 1 1 1 0 0 0 1 0 1 0 0 0 0 0
350	5	1 0 0 1 1 0 1 0 1 0 1 0 0 0 0 0
350	6	1 0 1 1 1 0 1 1 0 0 0 1 0 0 0 0
350	1	1 1 1 1 1 0 0 0 0 0 0 0 0 0 0 0
350	16	1 0 1 1 0 0 1 1 1 1 0 1 0 0 0 0
350	9	1 0 0 1 1 1 0 0 0 1 0 0 0 0 0 0
350	4	0 0 1 1 1 0 1 1 1 1 0 0 0 0 0 0
350	16	1 0 1 1 1 0 1 0 1 0 1 0 1 0 0 0
350	13	1 1 1 0 1 0 1 0 0 0 1 0 0 0 0 0
350	2	0 0 1 1 1 0 1 0 1 0 1 0 0 0 0 0
350	27	1 1 1 1 1 0 1 0 0 0 1 1 1 0 0 0
350	2	1 0 1 1 1 0 1 0 1 0 1 1 0 1 0 0
350	1	1 1 1 1 1 1 0 0 0 1 0 0 0 0 0 0
350	19	1 1 1 0 1 1 1 1 0 0 1 0 0 0 0 0
350	6	1 1 1 0 0 1 1 1 0 0 1 0 0 0 0 0
350	24	1 1 1 1 1 0 1 0 1 0 1 0 0 0 0 0
350	17	1 1 1 1 0 1 1 0 0 0 1 1 0 0 0 0
350	12	0 1 1 1 1 0 1 0 1 1 0 0 0 0 0 0
350	10	1 0 1 1 0 1 1 0 0 1 1 1 0 0 0 0
350	19	1 0 1 1 0 0 1 1 0 0 1 0 0 0 0 0
350	4	1 1 0 0 1 0 1 0 1 0 1 0 0 0 0 0
350	3	1 0 1 0 1 0 1 0 0 0 1 0 0 0 0 0
350	13	1 0 0 1 0 0 1 0 1 0 1 0 0 0 0 0
350	6	1 1 1 1 1 0 1 0 0 0 0 1 1 0 0 0
350	34	1 0 1 1 1 0 1 0 0 0 1 0 1 0 0 0
350	3	1 1 1 0 1 0 1 0 1 0 0 1 0 0 0 0
350	4	1 1 1 0 1 1 1 1 1 0 1 0 0 0 0 0
350	8	1 0 1 1 0 1 1 1 0 0 1 0 0 0 0 0
350	1	1 0 1 1 1 0 1 1 1 0 1 1 0 0 1 0
350	5	1 0 0 1 1 1 0 0 0 1 0 0 0 1 0 0
350	7	1 1 1 0 0 1 1 0 0 0 1 0 0 0 0 0
350	16	1 0 1 1 1 0 0 0 1 0 1 0 1 0 0 0
350	6	1 1 1 1 1 0 1 1 1 0 1 0 0 0 0 0
350	14	1 0 1 1 1 0 1 1 1 0 0 0 0 0 0 0
350	3	1 0 1 0 0 0 1 0 0 0 1 1 0 0 0 0
350	8	0 0 1 1 1 0 1 0 1 0 1 1 0 0 0 0
350	2	1 0 0 1 1 0 0 0 1 1 0 0 0 0 0 0
350	1	1 0 1 1 0 1 1 1 0 1 1 1 0 0 0 0
350	3	1 0 1 1 0 0 1 0 1 0 1 0 0 1 0 0
350	2	1 0 1 1 1 0 1 1 1 0 1 1 0 1 0 0
350	6	1 0 0 1 1 0 1 1 0 1 0 1 0 0 0 0
350	4	1 1 1 0 1 0 0 0 1 0 1 0 1 0 0 0
350	5	1 0 1 1 1 1 1 0 1 0 1 0 1 0 0 0
350	17	1 1 1 0 1 0 1 0 1 0 0 1 0 0 1 0
350	5	1 1 0 0 0 0 1 0 0 0 1 1 0 0 0 0
350	1	1 1 1 1 1 0 1 0 1 0 1 1 0 0 0 0
350	6	1 0 1 0 1 0 1 0 1 0 1 0 0 0 0 0
350	3	1 0 1 1 1 0 1 0 1 0 0 1 0 0 0 0
350	3	1 0 1 1 0 1 1 0 0 1 1 1 0 0 1 0
350	11	1 0 1 1 1 0 0 0 1 0 1 1 0 0 0 0
350	2	1 1 1 1 1 1 1 0 0 0 1 0 0 0 0 0
350	1	1 1 1 0 1 1 1 1 0 0 1 0 0 1 0 0
350	18	1 0 1 1 1 0 1 1 0 0 1 0 1 0 0 0
350	2	1 0 1 1 0 0 1 1 0 0 0 0 0 0 0 0
350	1	1 0 1 1 1 0 1 0 1 0 1 1 1 0 0 0
350	4	1 0 0 0 1 0 1 0 1 0 1 0 0 0 0 0
350	10	1 1 1 1 1 0 0 0 0 1 0 0 0 0 0 0
350	5	1 1 1 1 0 0 1 0 0 0 0 0 0 0 0 0
350	4	1 0 1 0 1 1 1 1 0 0 1 0 0 0 0 0
350	4	1 1 1 1 1 0 1 1 1 1 0 0 0 0 0 0
350	4	1 1 1 1 0 1 1 0 1 0 1 0 0 0 0 0
350	2	1 0 1 0 1 0 1 1 0 0 0 1 0 0 0 0
350	4	0 0 1 1 1 0 1 0 1 0 1 1 0 0 0 1
350	1	1 0 1 0 0 0 1 1 1 0 1 1 0 0 0 0
350	5	1 0 1 1 0 0 1 0 0 0 1 1 0 0 0 0
350	1	1 1 1 1 0 0 1 1 1 0 1 0 0 0 0 0
350	3	1 1 1 1 1 0 1 0 0 0 1 1 1 0 0 1
350	2	1 0 1 1 1 0 1 1 1 1 0 1 0 0 0 0
350	1	1 0 1 1 0 0 1 1 1 0 1 0 0 0 0 0
350	1	1 0 0 1 1 1 0 0 1 0 1 1 0 0 0 0
350	1	1 1 1 1 0 0 1 0 0 0 1 1 0 0 0 0
350	7	1 0 1 1 1 1 1 0 0 1 1 1 0 0 0 0
350	2	1 0 1 1 0 0 0 1 0 0 1 0 0 0 0 0
350	1	0 0 1 1 0 0 1 1 0 0 1 0 0 0 0 0
350	1	1 0 0 0 0 0 1 0 1 0 1 0 0 0 0 0
350	3	1 0 1 1 1 0 1 0 0 0 0 1 0 0 0 0
350	1	1 0 0 1 0 0 1 1 0 1 0 1 0 0 1 0
350	2	1 0 1 1 0 1 1 0 0 0 1 0 0 0 0 0
350	6	1 1 1 0 0 0 1 0 1 0 0 0 0 0 0 0
350	1	1 1 1 1 0 1 1 1 1 0 1 0 1 0 0 0
350	2	1 0 1 1 1 1 1 0 1 0 1 1 0 0 0 0
350	1	1 0 1 0 1 0 1 0 1 0 1 1 0 0 0 0
350	1	1 0 1 1 1 0 1 1 0 1 0 0 0 0 0 0
350	2	0 1 1 0 1 0 1 1 1 0 1 1 0 0 0 0
350	1	0 1 1 1 1 0 1 0 0 1 0 0 0 0 0 0
350	1	1 0 1 1 0 1 1 1 0 0 1 0 0 1 0 0
350	1	1 0 1 1 1 0 1 1 0 1 0 1 0 0 0 0
350	1	1 0 1 1 1 0 0 0 1 1 0 0 0 0 0 0
350	1	1 0 1 1 1 0 1 0 1 0 0 0 0 0 1 0
350	2	1 0 0 0 1 0 1 0 0 0 1 0 0 0 0 0
350	2	1 1 1 1 0 1 1 1 1 0 0 0 0 0 0 0
350	1	1 1 1 1 1 0 1 1 0 1 0 1 0 0 0 0
350	1	1 1 1 0 1 0 1 1 1 0 1 1 0 1 0 0
350	2	1 1 1 1 1 1 1 1 1 0 1 0 0 0 0 0
350	1	0 1 1 1 1 0 1 1 1 1 0 0 0 0 0 0
350	1	1 0 0 1 0 0 1 1 1 0 0 0 0 0 0 0
360	46	1 0 1 1 1 0 1 0 1 0 1 0 0 0 0 0
360	11	1 1 1 1 1 0 1 0 0 0 1 1 0 0 0 0
360	17	1 1 1 1 1 0 1 0 0 1 0 0 0 0 0 0
360	50	1 0 1 1 1 0 1 0 1 0 1 1 0 0 0 0
360	3	1 0 1 1 0 0 1 0 0 0 1 0 0 0 0 0
360	6	1 0 1 1 1 0 1 1 1 1 0 0 0 0 0 0
360	5	1 0 1 1 1 0 1 0 0 0 0 0 0 0 0 0
360	14	1 0 1 1 1 0 1 0 1 0 1 1 0 0 1 0
360	28	1 1 1 1 1 0 1 0 0 0 1 0 0 0 0 0
360	38	1 1 1 1 0 1 1 1 0 0 1 0 0 0 0 0
360	8	1 1 1 0 1 0 1 0 0 0 1 1 0 0 0 0
360	42	1 1 1 1 0 0 1 1 1 0 0 0 0 0 0 0
360	4	1 1 1 1 1 0 1 0 0 1 0 1 0 0 0 0
360	4	1 0 1 1 0 1 1 0 1 0 1 0 0 0 0 0
360	4	1 0 1 1 0 0 0 1 0 0 0 0 0 0 0 0
360	17	1 1 1 0 1 1 1 0 1 0 0 0 0 0 0 0
360	13	1 0 1 1 1 0 0 0 1 0 1 0 0 0 0 0
360	10	1 0 1 1 1 0 1 1 0 0 0 1 0 0 0 0
360	42	1 0 1 1 0 0 1 1 1 1 0 1 0 0 0 0
360	15	1 0 0 1 1 1 0 0 0 1 0 0 0 0 0 0
360	13	1 1 1 0 1 0 1 0 0 0 1 0 0 0 0 0
360	15	0 0 1 1 1 0 1 0 1 0 1 0 0 0 0 0
360	53	1 1 1 1 1 0 1 0 0 0 1 1 1 0 0 0
360	25	1 0 1 1 1 0 1 0 1 0 1 1 0 1 0 0
360	35	1 1 1 0 1 1 1 1 0 0 1 0 0 0 0 0
360	5	1 1 1 1 1 0 1 0 1 0 1 0 0 0 0 0
360	7	1 1 1 1 0 1 1 0 0 0 1 1 0 0 0 0
360	3	0 1 1 1 1 0 1 0 1 1 0 0 0 0 0 0
360	9	1 0 1 1 0 1 1 0 0 1 1 1 0 0 0 0
360	23	1 0 1 1 0 0 1 1 0 0 1 0 0 0 0 0
360	5	1 1 0 0 1 0 1 0 1 0 1 0 0 0 0 0
360	28	1 1 1 1 1 0 1 0 0 0 0 1 1 0 0 0
360	13	1 0 1 1 1 0 1 0 0 0 1 0 1 0 0 0
360	2	1 1 1 0 1 0 1 0 1 0 0 1 0 0 0 0
360	5	1 0 1 1 0 1 1 1 0 0 1 0 0 0 0 0
360	5	1 0 0 1 1 1 0 0 0 1 0 0 0 1 0 0
360	36	1 0 1 1 1 0 0 0 1 0 1 0 1 0 0 0
360	10	1 1 1 1 1 0 1 1 1 0 1 0 0 0 0 0
360	10	1 0 1 1 1 0 1 1 1 0 0 0 0 0 0 0
360	5	0 0 1 1 1 0 1 0 1 0 1 1 0 0 0 0
360	25	1 0 0 1 1 0 1 1 0 1 0 1 0 0 0 0
360	1	1 1 1 0 1 0 1 0 1 0 0 1 0 0 1 0
360	13	1 1 1 1 1 0 1 0 1 0 1 1 0 0 0 0
360	11	1 1 1 1 1 1 1 0 0 0 1 0 0 0 0 0
360	1	1 0 1 1 0 0 1 1 0 0 0 0 0 0 0 0
360	11	1 1 1 1 1 0 0 0 0 1 0 0 0 0 0 0
360	11	1 1 1 1 0 0 1 0 0 0 0 0 0 0 0 0
360	6	1 0 1 0 1 1 1 1 0 0 1 0 0 0 0 0
360	2	1 1 1 1 1 0 1 1 1 1 0 0 0 0 0 0
360	2	1 0 1 1 0 0 1 0 0 0 1 1 0 0 0 0
360	8	1 0 1 1 1 1 1 0 0 1 1 1 0 0 0 0
360	7	1 0 1 1 0 0 0 1 0 0 1 0 0 0 0 0
360	12	1 0 1 1 1 0 1 0 0 0 0 1 0 0 0 0
360	4	0 1 1 0 1 0 1 1 1 0 1 1 0 0 0 0
360	20	1 0 1 1 0 1 1 1 0 0 1 0 0 1 0 0
360	24	1 1 1 1 0 1 1 1 1 0 0 0 0 0 0 0
360	9	1 1 1 0 1 0 1 1 1 0 1 1 0 1 0 0
360	13	1 1 1 1 1 1 1 1 1 0 1 0 0 0 0 0
360	1	0 1 1 1 1 0 1 1 1 1 0 0 0 0 0 0
360	1	1 1 1 0 1 0 1 0 0 1 0 1 0 0 0 0
360	1	1 1 1 0 1 1 1 0 1 0 1 0 0 0 0 0
360	2	1 1 1 0 1 0 1 1 0 0 1 1 0 0 0 0
360	10	0 1 1 0 0 1 1 1 0 0 1 0 0 0 0 0
360	7	1 0 1 0 1 0 1 0 1 0 1 0 1 0 0 0
360	5	1 0 1 1 1 0 1 0 0 1 0 0 0 0 0 0
360	6	1 0 1 1 0 1 1 0 1 0 0 0 0 0 0 0
360	1	1 1 0 0 1 0 1 1 1 0 1 1 0 0 0 0
360	4	0 1 1 1 1 0 0 0 1 1 0 0 0 0 0 0
360	7	1 0 1 1 1 0 1 1 0 0 1 0 0 0 0 0
360	5	1 0 0 1 0 0 1 1 0 0 1 0 0 0 0 0
360	2	1 0 1 1 1 1 1 0 0 0 1 0 1 0 0 0
360	3	1 0 1 1 0 0 0 1 0 0 1 0 0 0 1 0
360	2	1 0 1 0 1 0 1 0 1 0 1 1 0 0 1 0
360	4	1 1 1 1 1 0 1 1 1 0 0 0 1 0 0 0
360	2	0 0 1 1 1 0 1 1 0 1 0 0 0 0 0 0
360	1	1 0 1 0 1 1 1 0 0 1 1 1 0 0 0 0
360	3	0 0 1 1 1 0 1 0 0 0 1 1 1 0 0 0
360	2	1 0 1 1 1 0 0 0 0 0 0 1 0 0 0 0
360	5	0 1 1 1 1 1 1 0 1 0 0 0 0 0 0 0
360	2	1 1 1 1 0 0 1 1 1 1 0 1 0 0 0 0
360	1	1 0 1 1 1 1 1 0 1 1 0 1 0 0 0 0
360	2	1 1 0 1 1 1 1 0 1 0 1 0 0 0 0 0
360	4	1 0 1 1 1 0 1 1 0 0 0 0 0 0 0 0
360	1	1 1 1 0 1 0 1 0 1 0 0 1 0 1 1 0
360	1	1 1 1 1 0 1 1 1 0 0 1 0 0 1 0 0
360	2	1 0 1 1 1 1 1 0 1 0 1 0 0 0 0 0
360	4	1 1 1 0 1 0 1 0 1 0 1 0 0 0 0 0
360	1	1 1 1 1 1 0 1 0 0 0 1 1 1 1 0 0
360	2	1 1 1 1 0 1 1 0 0 1 1 1 0 0 0 0
360	1	1 0 1 1 0 0 1 1 0 1 1 0 0 0 0 0
360	1	1 1 1 1 1 1 1 0 0 0 0 0 0 0 0 0
360	5	1 0 1 0 1 0 1 1 1 0 0 1 0 0 0 0
360	1	1 1 1 1 0 0 1 0 1 0 1 0 0 0 0 0
360	4	1 0 1 1 0 0 1 1 1 0 0 0 0 0 0 0
360	2	1 0 1 1 0 0 1 1 0 0 1 0 0 1 0 0
360	3	1 0 1 0 1 0 1 0 1 0 1 1 0 0 0 0
360	1	1 1 1 1 0 1 1 1 0 0 1 0 1 0 0 0
360	5	1 1 1 0 1 1 1 0 1 1 0 0 0 0 0 0
360	1	1 0 1 1 0 0 1 0 0 0 1 0 1 0 0 0
360	1	1 0 0 1 1 1 1 0 0 1 0 0 0 1 0 0
360	1	1 1 0 0 1 0 1 1 1 0 1 0 0 0 0 0
360	1	1 1 1 1 0 0 0 1 0 0 1 0 0 0 1 0
360	1	1 0 1 1 0 0 1 1 1 0 1 0 0 0 0 0
360	1	1 0 1 1 0 0 1 1 1 0 1 1 1 0 0 0
360	1	1 1 1 1 1 0 1 0 0 0 0 0 0 0 0 0
360	2	1 0 1 1 1 0 1 0 0 0 1 1 0 0 0 0
360	1	1 1 1 0 1 0 1 0 1 0 0 1 0 1 0 0
360	5	1 1 1 0 1 0 1 0 0 0 0 1 0 0 0 0
360	2	0 0 1 1 1 0 0 0 1 0 1 0 1 0 0 0
360	1	1 0 1 1 1 0 1 0 1 0 0 1 0 0 0 0
360	1	1 1 1 1 1 1 1 1 0 0 1 0 0 0 0 0
370	35	1 0 1 1 1 0 1 0 1 0 1 0 0 0 0 0
370	26	1 1 1 1 1 0 1 0 0 0 1 1 0 0 0 0
370	11	1 1 1 1 1 0 1 0 0 1 0 0 0 0 0 0
370	63	1 0 1 1 1 0 1 0 1 0 1 1 0 0 0 0
370	17	1 0 1 1 0 0 1 0 0 0 1 0 0 0 0 0
370	7	1 0 1 1 1 0 1 0 0 0 0 0 0 0 0 0
370	2	1 0 1 1 1 0 1 0 1 0 1 1 0 0 1 0
370	18	1 1 1 1 1 0 1 0 0 0 1 0 0 0 0 0
370	31	1 1 1 1 0 1 1 1 0 0 1 0 0 0 0 0
370	9	1 1 1 0 1 0 1 0 0 0 1 1 0 0 0 0
370	59	1 1 1 1 0 0 1 1 1 0 0 0 0 0 0 0
370	19	1 1 1 1 1 0 1 0 0 1 0 1 0 0 0 0
370	15	1 0 1 1 0 1 1 0 1 0 1 0 0 0 0 0
370	3	1 0 1 1 0 0 0 1 0 0 0 0 0 0 0 0
370	10	1 1 1 0 1 1 1 0 1 0 0 0 0 0 0 0
370	54	1 0 1 1 1 0 0 0 1 0 1 0 0 0 0 0
370	9	1 0 1 1 1 0 1 1 0 0 0 1 0 0 0 0
370	27	1 0 1 1 0 0 1 1 1 1 0 1 0 0 0 0
370	6	1 0 0 1 1 1 0 0 0 1 0 0 0 0 0 0
370	14	1 1 1 0 1 0 1 0 0 0 1 0 0 0 0 0
370	12	0 0 1 1 1 0 1 0 1 0 1 0 0 0 0 0
370	39	1 1 1 1 1 0 1 0 0 0 1 1 1 0 0 0
370	8	1 0 1 1 1 0 1 0 1 0 1 1 0 1 0 0
370	29	1 1 1 0 1 1 1 1 0 0 1 0 0 0 0 0
370	9	1 1 1 1 1 0 1 0 1 0 1 0 0 0 0 0
370	14	1 1 1 1 0 1 1 0 0 0 1 1 0 0 0 0
370	2	0 1 1 1 1 0 1 0 1 1 0 0 0 0 0 0
370	8	1 0 1 1 0 1 1 0 0 1 1 1 0 0 0 0
370	8	1 0 1 1 0 0 1 1 0 0 1 0 0 0 0 0
370	1	1 1 0 0 1 0 1 0 1 0 1 0 0 0 0 0
370	30	1 1 1 1 1 0 1 0 0 0 0 1 1 0 0 0
370	2	1 0 1 1 1 0 1 0 0 0 1 0 1 0 0 0
370	16	1 0 1 1 0 1 1 1 0 0 1 0 0 0 0 0
370	24	1 0 1 1 1 0 0 0 1 0 1 0 1 0 0 0
370	20	1 1 1 1 1 0 1 1 1 0 1 0 0 0 0 0
370	5	1 0 1 1 1 0 1 1 1 0 0 0 0 0 0 0
370	9	0 0 1 1 1 0 1 0 1 0 1 1 0 0 0 0
370	4	1 0 0 1 1 0 1 1 0 1 0 1 0 0 0 0
370	5	1 1 1 1 1 0 1 0 1 0 1 1 0 0 0 0
370	13	1 1 1 1 1 1 1 0 0 0 1 0 0 0 0 0
370	10	1 1 1 1 1 0 0 0 0 1 0 0 0 0 0 0
370	3	1 1 1 1 0 0 1 0 0 0 0 0 0 0 0 0
370	2	1 0 1 0 1 1 1 1 0 0 1 0 0 0 0 0
370	5	1 0 1 1 1 1 1 0 0 1 1 1 0 0 0 0
370	2	1 0 1 1 0 0 0 1 0 0 1 0 0 0 0 0
370	2	1 0 1 1 1 0 1 0 0 0 0 1 0 0 0 0
370	9	0 1 1 0 1 0 1 1 1 0 1 1 0 0 0 0
370	3	1 0 1 1 0 1 1 1 0 0 1 0 0 1 0 0
370	16	1 1 1 1 0 1 1 1 1 0 0 0 0 0 0 0
370	5	1 1 1 0 1 0 1 1 1 0 1 1 0 1 0 0
370	30	1 1 1 1 1 1 1 1 1 0 1 0 0 0 0 0
370	2	1 0 1 0 1 0 1 0 1 0 1 0 1 0 0 0
370	5	0 1 1 1 1 0 0 0 1 1 0 0 0 0 0 0
370	6	1 0 1 1 1 0 1 1 0 0 1 0 0 0 0 0
370	15	1 0 0 1 0 0 1 1 0 0 1 0 0 0 0 0
370	5	1 1 1 1 1 0 1 1 1 0 0 0 1 0 0 0
370	4	0 0 1 1 1 0 1 0 0 0 1 1 1 0 0 0
370	5	0 1 1 1 1 1 1 0 1 0 0 0 0 0 0 0
370	7	1 0 1 1 1 0 1 1 0 0 0 0 0 0 0 0
370	1	1 1 1 1 0 1 1 1 0 0 1 0 0 1 0 0
370	5	1 1 1 0 1 0 1 0 1 0 1 0 0 0 0 0
370	6	1 0 1 1 0 0 1 1 1 0 0 0 0 0 0 0
370	3	1 1 1 0 1 1 1 0 1 1 0 0 0 0 0 0
370	1	1 1 1 1 1 0 1 0 1 0 1 1 0 1 0 0
370	2	1 1 1 1 1 0 1 0 1 0 1 1 0 0 1 0
370	4	1 1 1 1 1 0 1 1 0 1 0 1 0 0 0 0
370	1	1 1 1 1 0 0 1 0 0 0 0 1 0 0 0 0
370	4	1 1 1 1 0 0 1 1 1 0 1 0 0 0 0 0
370	8	1 0 1 1 0 0 1 1 1 1 0 0 0 0 0 0
370	6	1 1 1 1 1 0 1 0 1 0 1 1 1 0 0 0
370	1	1 1 1 1 1 1 0 0 0 1 0 0 0 1 0 0
370	8	1 0 0 1 1 0 1 0 1 0 1 1 0 0 0 0
370	1	1 1 1 1 1 0 1 1 1 0 0 0 0 0 0 0
370	1	1 0 1 1 1 0 0 0 1 1 1 0 1 0 0 0
370	5	1 1 1 1 1 0 0 0 1 0 1 0 1 0 0 0
370	3	1 0 1 1 1 0 1 0 0 0 1 1 1 0 0 0
370	12	1 0 1 1 1 0 0 0 0 0 1 1 1 0 0 0
370	3	1 0 1 1 1 0 1 1 1 0 1 1 0 0 0 0
370	4	1 1 1 0 0 0 1 0 0 0 1 1 0 0 0 0
370	6	1 1 1 0 0 0 1 1 1 0 0 0 0 0 0 0
370	1	1 0 1 1 1 1 0 0 1 0 1 0 0 0 0 0
370	4	1 0 1 1 1 1 1 1 0 0 0 1 0 0 0 0
370	5	1 1 1 1 1 0 0 0 0 0 0 0 0 0 0 0
370	5	1 0 1 1 1 1 1 0 0 1 1 1 0 0 0 1
370	5	1 1 1 1 1 0 0 0 1 0 0 1 1 0 0 0
370	4	1 1 0 1 0 1 1 0 0 0 1 1 0 0 0 0
370	1	1 1 1 1 1 1 1 0 0 0 1 1 0 0 0 0
370	7	1 1 1 1 1 1 1 1 1 0 1 0 0 0 0 1
370	6	1 0 1 1 1 0 1 0 1 0 0 0 0 0 0 0
370	1	1 0 1 1 1 0 1 0 0 0 0 0 1 0 0 0
370	2	1 1 1 1 0 1 1 1 0 0 1 1 0 0 0 0
370	1	1 0 1 1 1 0 0 1 0 0 0 0 0 0 0 0
370	1	1 0 1 0 1 0 1 0 1 0 1 0 0 0 0 0
370	1	1 1 1 1 1 0 1 0 1 0 1 0 0 0 0 1
370	4	0 1 1 1 0 1 1 1 0 0 1 0 0 0 0 0
370	2	0 0 0 1 1 1 0 0 0 1 0 0 0 0 0 0
370	4	1 1 1 1 0 0 0 1 0 0 1 0 0 0 0 0
370	1	1 0 1 1 0 0 1 0 1 0 1 0 1 0 0 0
370	1	1 1 1 1 0 1 1 1 0 0 1 0 0 0 0 1
370	1	1 1 1 1 0 0 1 0 1 0 0 0 0 0 0 0
370	1	1 1 1 1 0 0 1 0 0 0 1 1 1 0 0 0
370	1	1 1 1 0 1 1 1 1 0 0 1 0 0 0 0 1
370	6	1 1 1 1 1 0 0 0 1 1 0 0 0 0 0 0
370	5	1 0 1 1 1 0 0 1 0 0 1 0 0 0 0 0
370	2	1 1 1 1 0 0 1 1 1 0 0 0 1 0 0 0
370	3	1 1 1 0 1 0 1 1 0 0 0 1 1 0 0 0
370	1	1 1 1 1 1 1 1 1 1 0 1 0 1 0 0 0
370	3	1 1 1 1 0 1 1 1 1 0 1 0 0 0 0 0
370	1	1 0 0 1 0 0 1 1 1 1 0 1 0 0 0 0
370	1	1 1 1 0 0 0 1 0 0 0 1 0 0 0 0 0
370	2	1 0 1 1 0 1 1 1 0 1 1 1 0 0 0 0
370	2	1 0 1 1 0 0 0 1 0 0 1 0 0 0 1 0
370	1	1 1 1 0 1 0 1 1 1 0 0 0 0 0 0 0
380	19	1 0 1 1 1 0 1 0 1 0 1 0 0 0 0 0
380	36	1 1 1 1 1 0 1 0 0 0 1 1 0 0 0 0
380	10	1 1 1 1 1 0 1 0 0 1 0 0 0 0 0 0
380	51	1 0 1 1 1 0 1 0 1 0 1 1 0 0 0 0
380	3	1 0 1 1 0 0 1 0 0 0 1 0 0 0 0 0
380	4	1 0 1 1 1 0 1 0 0 0 0 0 0 0 0 0
380	9	1 1 1 1 1 0 1 0 0 0 1 0 0 0 0 0
380	31	1 1 1 1 0 1 1 1 0 0 1 0 0 0 0 0
380	3	1 1 1 0 1 0 1 0 0 0 1 1 0 0 0 0
380	71	1 1 1 1 0 0 1 1 1 0 0 0 0 0 0 0
380	3	1 1 1 1 1 0 1 0 0 1 0 1 0 0 0 0
380	15	1 0 1 1 0 1 1 0 1 0 1 0 0 0 0 0
380	18	1 0 1 1 0 0 0 1 0 0 0 0 0 0 0 0
380	19	1 1 1 0 1 1 1 0 1 0 0 0 0 0 0 0
380	56	1 0 1 1 1 0 0 0 1 0 1 0 0 0 0 0
380	10	1 0 1 1 1 0 1 1 0 0 0 1 0 0 0 0
380	29	1 0 1 1 0 0 1 1 1 1 0 1 0 0 0 0
380	16	1 1 1 0 1 0 1 0 0 0 1 0 0 0 0 0
380	15	0 0 1 1 1 0 1 0 1 0 1 0 0 0 0 0
380	6	1 1 1 1 1 0 1 0 0 0 1 1 1 0 0 0
380	1	1 0 1 1 1 0 1 0 1 0 1 1 0 1 0 0
380	23	1 1 1 0 1 1 1 1 0 0 1 0 0 0 0 0
380	10	1 1 1 1 1 0 1 0 1 0 1 0 0 0 0 0
380	17	1 1 1 1 0 1 1 0 0 0 1 1 0 0 0 0
380	5	0 1 1 1 1 0 1 0 1 1 0 0 0 0 0 0
380	12	1 0 1 1 0 1 1 0 0 1 1 1 0 0 0 0
380	35	1 1 1 1 1 0 1 0 0 0 0 1 1 0 0 0
380	15	1 0 1 1 0 1 1 1 0 0 1 0 0 0 0 0
380	5	1 0 1 1 1 0 0 0 1 0 1 0 1 0 0 0
380	13	1 1 1 1 1 0 1 1 1 0 1 0 0 0 0 0
380	2	1 0 1 1 1 0 1 1 1 0 0 0 0 0 0 0
380	4	0 0 1 1 1 0 1 0 1 0 1 1 0 0 0 0
380	2	1 1 1 1 1 0 1 0 1 0 1 1 0 0 0 0
380	13	1 1 1 1 1 1 1 0 0 0 1 0 0 0 0 0
380	5	1 1 1 1 1 0 0 0 0 1 0 0 0 0 0 0
380	6	1 0 1 1 1 1 1 0 0 1 1 1 0 0 0 0
380	1	1 0 1 1 0 0 0 1 0 0 1 0 0 0 0 0
380	5	0 1 1 0 1 0 1 1 1 0 1 1 0 0 0 0
380	3	1 0 1 1 0 1 1 1 0 0 1 0 0 1 0 0
380	10	1 1 1 1 0 1 1 1 1 0 0 0 0 0 0 0
380	29	1 1 1 1 1 1 1 1 1 0 1 0 0 0 0 0
380	3	0 1 1 1 1 0 0 0 1 1 0 0 0 0 0 0
380	10	1 0 1 1 1 0 1 1 0 0 1 0 0 0 0 0
380	7	1 0 0 1 0 0 1 1 0 0 1 0 0 0 0 0
380	6	0 0 1 1 1 0 1 0 0 0 1 1 1 0 0 0
380	9	1 0 1 1 1 0 1 1 0 0 0 0 0 0 0 0
380	6	1 1 1 0 1 0 1 0 1 0 1 0 0 0 0 0
380	32	1 0 1 1 0 0 1 1 1 0 0 0 0 0 0 0
380	12	1 1 1 1 1 0 1 0 1 0 1 1 0 1 0 0
380	2	1 1 1 1 1 0 1 1 0 1 0 1 0 0 0 0
380	12	1 1 1 1 0 0 1 0 0 0 0 1 0 0 0 0
380	5	1 1 1 1 0 0 1 1 1 0 1 0 0 0 0 0
380	19	1 1 1 1 1 0 1 0 1 0 1 1 1 0 0 0
380	1	1 1 1 1 1 1 0 0 0 1 0 0 0 1 0 0
380	11	1 0 1 1 1 0 0 0 0 0 1 1 1 0 0 0
380	2	1 0 1 1 1 0 1 1 1 0 1 1 0 0 0 0
380	6	1 1 1 0 0 0 1 0 0 0 1 1 0 0 0 0
380	3	1 0 1 1 1 1 1 1 0 0 0 1 0 0 0 0
380	1	1 1 1 1 1 0 0 0 0 0 0 0 0 0 0 0
380	7	1 0 1 1 1 1 1 0 0 1 1 1 0 0 0 1
380	10	1 1 0 1 0 1 1 0 0 0 1 1 0 0 0 0
380	5	1 1 1 1 1 1 1 1 1 0 1 0 0 0 0 1
380	6	0 1 1 1 0 1 1 1 0 0 1 0 0 0 0 0
380	11	0 0 0 1 1 1 0 0 0 1 0 0 0 0 0 0
380	6	1 1 1 1 0 0 1 0 1 0 0 0 0 0 0 0
380	26	1 1 1 1 1 0 0 0 1 1 0 0 0 0 0 0
380	10	1 0 1 1 1 0 0 1 0 0 1 0 0 0 0 0
380	9	1 1 1 1 0 1 1 1 1 0 1 0 0 0 0 0
380	3	1 0 1 1 0 0 0 1 0 0 1 0 0 0 1 0
380	9	1 0 1 1 1 0 1 0 1 0 1 0 1 0 0 0
380	2	1 0 0 1 1 0 0 0 1 0 1 0 1 0 0 0
380	5	1 1 1 1 0 0 1 1 1 1 0 0 0 0 0 0
380	7	1 1 1 0 1 0 1 0 0 0 1 1 1 0 0 0
380	8	1 0 1 1 1 0 1 0 0 0 1 0 0 0 0 0
380	5	1 0 0 1 1 0 0 0 1 0 1 0 0 0 0 0
380	12	1 0 0 1 0 0 1 1 0 0 1 1 0 0 0 0
380	1	1 1 1 1 1 0 0 0 0 0 0 0 0 0 0 1
380	2	0 0 1 1 1 0 1 0 1 0 0 0 0 0 0 0
380	6	1 0 1 1 0 0 1 0 1 0 1 0 0 0 0 0
380	3	1 1 1 0 0 0 0 0 1 0 1 0 1 0 0 0
380	2	1 1 1 0 0 1 1 1 0 0 1 0 0 0 0 0
380	2	1 1 1 1 1 0 0 0 0 0 0 0 0 0 1 1
380	6	0 1 1 1 1 0 1 0 1 1 0 0 0 1 0 0
380	2	1 0 1 1 0 0 1 1 1 0 1 0 0 0 0 0
380	2	1 0 1 1 1 0 1 0 0 0 1 1 0 0 0 0
380	2	1 1 1 1 1 0 1 0 0 1 0 0 0 0 1 0
380	1	1 0 1 1 1 0 0 0 1 0 1 0 0 1 0 0
380	2	1 1 1 1 1 0 0 0 0 1 0 0 0 0 1 0
380	1	0 0 1 1 1 1 1 0 0 0 1 0 0 0 0 0
380	1	1 1 0 1 0 1 1 1 0 0 1 0 0 0 0 0
380	6	1 1 1 1 0 0 1 1 1 0 0 1 0 0 0 0
380	4	1 0 1 1 0 1 1 0 1 0 1 0 0 0 1 0
380	1	1 0 0 1 1 0 0 0 1 0 1 1 1 0 0 0
380	2	1 0 1 1 0 0 0 1 1 1 0 0 0 0 0 0
380	2	1 1 1 0 1 1 1 1 0 1 1 0 0 0 0 0
380	1	1 1 1 1 1 0 1 1 0 0 0 0 0 0 0 0
380	1	1 0 1 1 1 0 1 1 0 0 0 0 0 0 0 1
380	1	1 1 1 1 0 0 1 0 1 0 1 1 1 1 0 0
380	1	1 1 1 1 1 0 1 1 1 0 1 0 0 0 0 1
380	1	1 1 1 0 1 1 1 0 1 0 0 0 0 0 1 0
380	2	1 1 1 1 1 0 1 0 1 1 0 1 0 0 0 0
380	2	1 0 1 1 1 0 1 0 1 0 1 0 0 1 0 0
380	1	1 1 1 1 0 0 1 1 0 0 1 0 0 0 0 0
380	1	1 1 1 1 0 0 1 1 0 0 0 0 0 0 0 0
380	1	1 1 1 1 0 1 0 0 0 0 1 1 0 0 0 0
380	1	1 1 1 1 1 0 0 0 0 0 0 1 1 0 0 0
380	1	1 1 1 1 1 0 1 0 0 0 0 1 1 0 1 0
380	3	1 1 1 1 1 0 1 0 0 0 0 1 0 0 0 0
380	3	1 0 1 1 0 1 1 1 1 0 0 0 0 0 0 0
380	1	1 1 1 0 1 0 1 0 1 0 1 1 0 1 0 0
380	1	1 1 0 1 1 1 1 0 0 0 1 1 0 0 0 0
380	2	0 1 1 1 1 0 1 0 1 1 0 0 0 1 0 1
390	17	1 0 1 1 1 0 1 0 1 0 1 0 0 0 0 0
390	16	1 1 1 1 1 0 1 0 0 0 1 1 0 0 0 0
390	33	1 0 1 1 1 0 1 0 1 0 1 1 0 0 0 0
390	5	1 0 1 1 1 0 1 0 0 0 0 0 0 0 0 0
390	4	1 1 1 1 1 0 1 0 0 0 1 0 0 0 0 0
390	46	1 1 1 1 0 1 1 1 0 0 1 0 0 0 0 0
390	91	1 1 1 1 0 0 1 1 1 0 0 0 0 0 0 0
390	1	1 0 1 1 0 1 1 0 1 0 1 0 0 0 0 0
390	4	1 0 1 1 0 0 0 1 0 0 0 0 0 0 0 0
390	2	1 1 1 0 1 1 1 0 1 0 0 0 0 0 0 0
390	38	1 0 1 1 1 0 0 0 1 0 1 0 0 0 0 0
390	6	1 0 1 1 1 0 1 1 0 0 0 1 0 0 0 0
390	46	1 0 1 1 0 0 1 1 1 1 0 1 0 0 0 0
390	2	1 1 1 0 1 0 1 0 0 0 1 0 0 0 0 0
390	14	1 1 1 1 1 0 1 0 0 0 1 1 1 0 0 0
390	8	1 0 1 1 1 0 1 0 1 0 1 1 0 1 0 0
390	14	1 1 1 0 1 1 1 1 0 0 1 0 0 0 0 0
390	1	1 1 1 1 1 0 1 0 1 0 1 0 0 0 0 0
390	51	1 1 1 1 0 1 1 0 0 0 1 1 0 0 0 0
390	22	1 0 1 1 0 1 1 0 0 1 1 1 0 0 0 0
390	31	1 1 1 1 1 0 1 0 0 0 0 1 1 0 0 0
390	24	1 0 1 1 0 1 1 1 0 0 1 0 0 0 0 0
390	9	1 1 1 1 1 0 1 1 1 0 1 0 0 0 0 0
390	6	1 0 1 1 1 0 1 1 1 0 0 0 0 0 0 0
390	16	1 1 1 1 1 1 1 0 0 0 1 0 0 0 0 0
390	2	1 1 1 1 1 0 0 0 0 1 0 0 0 0 0 0
390	22	1 0 1 1 1 1 1 0 0 1 1 1 0 0 0 0
390	3	1 0 1 1 0 0 0 1 0 0 1 0 0 0 0 0
390	13	0 1 1 0 1 0 1 1 1 0 1 1 0 0 0 0
390	13	1 1 1 1 0 1 1 1 1 0 0 0 0 0 0 0
390	53	1 1 1 1 1 1 1 1 1 0 1 0 0 0 0 0
390	1	0 1 1 1 1 0 0 0 1 1 0 0 0 0 0 0
390	3	1 0 1 1 1 0 1 1 0 0 1 0 0 0 0 0
390	4	1 0 0 1 0 0 1 1 0 0 1 0 0 0 0 0
390	3	1 0 1 1 1 0 1 1 0 0 0 0 0 0 0 0
390	14	1 1 1 0 1 0 1 0 1 0 1 0 0 0 0 0
390	18	1 0 1 1 0 0 1 1 1 0 0 0 0 0 0 0
390	16	1 1 1 1 1 0 1 0 1 0 1 1 0 1 0 0
390	32	1 1 1 1 0 0 1 0 0 0 0 1 0 0 0 0
390	11	1 1 1 1 0 0 1 1 1 0 1 0 0 0 0 0
390	11	1 1 1 1 1 0 1 0 1 0 1 1 1 0 0 0
390	7	1 0 1 1 1 0 1 1 1 0 1 1 0 0 0 0
390	5	1 1 1 0 0 0 1 0 0 0 1 1 0 0 0 0
390	1	1 0 1 1 1 1 1 1 0 0 0 1 0 0 0 0
390	1	1 0 1 1 1 1 1 0 0 1 1 1 0 0 0 1
390	1	1 1 1 1 1 1 1 1 1 0 1 0 0 0 0 1
390	39	1 1 1 1 1 0 0 0 1 1 0 0 0 0 0 0
390	16	1 0 1 1 1 0 0 1 0 0 1 0 0 0 0 0
390	5	1 1 1 1 0 1 1 1 1 0 1 0 0 0 0 0
390	4	1 0 1 1 0 0 0 1 0 0 1 0 0 0 1 0
390	3	1 0 1 1 1 0 1 0 1 0 1 0 1 0 0 0
390	2	1 0 0 1 1 0 0 0 1 0 1 0 1 0 0 0
390	9	1 0 0 1 1 0 0 0 1 0 1 0 0 0 0 0
390	2	1 0 0 1 0 0 1 1 0 0 1 1 0 0 0 0
390	4	1 0 1 1 0 0 1 0 1 0 1 0 0 0 0 0
390	1	1 1 1 1 1 0 0 0 0 0 0 0 0 0 1 1
390	9	1 0 1 1 0 1 1 0 1 0 1 0 0 0 1 0
390	2	1 0 1 1 1 0 1 1 0 0 0 0 0 0 0 1
390	3	1 1 1 1 0 0 1 1 0 0 0 0 0 0 0 0
390	11	1 1 1 1 1 0 1 0 0 0 0 1 0 0 0 0
390	7	1 0 1 1 0 1 1 1 1 0 0 0 0 0 0 0
390	3	1 1 0 1 1 1 1 0 0 0 1 1 0 0 0 0
390	1	1 1 1 1 0 1 1 1 0 0 0 0 0 0 1 0
390	7	0 1 1 1 0 1 1 1 1 0 1 0 0 0 0 0
390	5	0 1 1 1 1 0 1 0 0 0 1 0 0 0 0 0
390	2	1 0 1 1 1 0 1 0 1 0 0 1 1 0 0 0
390	6	1 0 1 1 0 0 1 0 1 0 0 0 0 0 0 0
390	6	1 1 1 0 1 1 1 0 1 0 1 0 0 0 0 0
390	8	1 1 1 1 0 1 1 0 0 0 0 1 0 0 0 0
390	7	1 0 1 1 1 0 0 1 0 0 1 0 0 0 1 0
390	4	1 1 1 1 1 0 1 0 1 0 1 1 0 0 0 0
390	1	1 1 1 1 0 0 1 0 0 0 0 0 0 0 0 0
390	4	1 1 1 0 0 1 1 0 1 0 0 0 0 0 0 0
390	2	1 1 1 0 1 0 1 0 1 0 1 1 0 0 0 0
390	2	1 0 1 1 1 0 0 0 1 0 1 0 1 0 1 0
390	3	1 0 1 1 1 0 0 0 1 1 1 0 0 0 0 0
390	2	1 0 1 1 0 1 0 1 0 0 1 0 0 0 0 0
390	10	1 1 1 1 1 0 1 0 1 1 0 0 0 0 0 0
390	1	1 0 0 1 0 0 1 1 0 0 1 0 0 0 0 1
390	2	1 0 1 1 1 1 1 1 1 0 0 1 0 0 0 0
390	5	1 1 1 1 0 1 1 0 0 0 0 1 1 0 0 0
390	2	1 1 1 1 1 0 1 1 0 0 1 0 0 0 0 0
390	3	1 0 1 1 1 0 1 0 1 0 1 1 1 0 0 0
390	4	1 0 1 1 0 0 1 1 0 0 1 0 0 0 0 0
390	1	1 0 1 1 0 0 1 1 1 1 0 0 0 0 0 0
390	6	1 1 1 1 0 0 1 0 0 0 1 1 0 0 0 0
390	3	1 0 1 1 0 1 1 1 0 0 0 0 0 0 0 0
390	3	1 1 1 1 1 0 0 0 1 0 1 0 1 0 0 0
390	1	0 1 1 0 1 0 1 1 1 0 1 0 0 0 0 0
390	1	0 1 1 1 0 0 1 1 1 0 0 0 0 0 0 0
390	1	1 1 1 0 1 0 1 1 0 0 1 0 0 0 0 0
390	2	1 1 1 1 0 1 1 0 0 1 1 1 0 0 0 0
390	1	1 1 1 1 0 0 1 0 0 0 0 1 1 0 0 0
390	3	0 1 1 0 1 0 1 1 1 0 1 1 0 0 0 1
390	4	0 1 1 1 0 0 1 0 0 0 0 1 0 0 0 0
390	1	1 1 1 1 1 0 0 0 1 1 0 1 0 0 0 0
390	4	1 1 1 1 1 0 0 1 0 0 1 0 0 0 0 0
390	5	1 1 1 1 1 0 1 0 0 0 0 0 0 0 0 0
390	3	1 0 1 1 1 0 1 0 1 0 1 1 0 0 1 0
390	2	1 1 1 1 0 1 1 0 0 0 1 0 0 0 0 0
390	1	1 0 1 1 1 1 1 0 0 1 1 0 0 0 0 0
390	2	1 0 1 1 1 0 1 1 0 0 1 0 0 0 1 0
390	2	1 1 1 1 0 0 1 1 1 0 0 0 0 1 0 0
390	2	1 1 1 1 0 0 1 1 1 0 0 0 0 0 0 1
390	2	1 0 1 1 0 0 1 1 1 0 0 0 1 0 0 0
390	2	1 0 1 1 1 1 1 0 1 0 1 0 0 0 1 0
400	7	1 0 1 1 1 0 1 0 1 0 1 0 0 0 0 0
400	6	1 1 1 1 1 0 1 0 0 0 1 1 0 0 0 0
400	17	1 0 1 1 1 0 1 0 1 0 1 1 0 0 0 0
400	6	1 0 1 1 1 0 1 0 0 0 0 0 0 0 0 0
400	8	1 1 1 1 1 0 1 0 0 0 1 0 0 0 0 0
400	27	1 1 1 1 0 1 1 1 0 0 1 0 0 0 0 0
400	102	1 1 1 1 0 0 1 1 1 0 0 0 0 0 0 0
400	4	1 0 1 1 0 0 0 1 0 0 0 0 0 0 0 0
400	25	1 0 1 1 1 0 0 0 1 0 1 0 0 0 0 0
400	8	1 0 1 1 1 0 1 1 0 0 0 1 0 0 0 0
400	28	1 0 1 1 0 0 1 1 1 1 0 1 0 0 0 0
400	13	1 1 1 0 1 0 1 0 0 0 1 0 0 0 0 0
400	11	1 1 1 1 1 0 1 0 0 0 1 1 1 0 0 0
400	1	1 0 1 1 1 0 1 0 1 0 1 1 0 1 0 0
400	16	1 1 1 0 1 1 1 1 0 0 1 0 0 0 0 0
400	52	1 1 1 1 0 1 1 0 0 0 1 1 0 0 0 0
400	6	1 0 1 1 0 1 1 0 0 1 1 1 0 0 0 0
400	31	1 1 1 1 1 0 1 0 0 0 0 1 1 0 0 0
400	7	1 0 1 1 0 1 1 1 0 0 1 0 0 0 0 0
400	8	1 1 1 1 1 0 1 1 1 0 1 0 0 0 0 0
400	1	1 0 1 1 1 0 1 1 1 0 0 0 0 0 0 0
400	10	1 1 1 1 1 1 1 0 0 0 1 0 0 0 0 0
400	2	1 0 1 1 1 1 1 0 0 1 1 1 0 0 0 0
400	8	1 0 1 1 0 0 0 1 0 0 1 0 0 0 0 0
400	16	1 1 1 1 0 1 1 1 1 0 0 0 0 0 0 0
400	41	1 1 1 1 1 1 1 1 1 0 1 0 0 0 0 0
400	3	1 0 1 1 1 0 1 1 0 0 0 0 0 0 0 0
400	14	1 1 1 0 1 0 1 0 1 0 1 0 0 0 0 0
400	2	1 0 1 1 0 0 1 1 1 0 0 0 0 0 0 0
400	17	1 1 1 1 1 0 1 0 1 0 1 1 0 1 0 0
400	9	1 1 1 1 0 0 1 0 0 0 0 1 0 0 0 0
400	11	1 1 1 1 0 0 1 1 1 0 1 0 0 0 0 0
400	57	1 1 1 1 1 0 1 0 1 0 1 1 1 0 0 0
400	5	1 0 1 1 1 0 1 1 1 0 1 1 0 0 0 0
400	60	1 1 1 1 1 0 0 0 1 1 0 0 0 0 0 0
400	3	1 1 1 1 0 1 1 1 1 0 1 0 0 0 0 0
400	3	1 0 1 1 0 0 1 0 1 0 1 0 0 0 0 0
400	2	1 0 1 1 0 1 1 0 1 0 1 0 0 0 1 0
400	8	1 0 1 1 1 0 1 1 0 0 0 0 0 0 0 1
400	5	1 1 1 1 1 0 1 0 0 0 0 1 0 0 0 0
400	5	1 0 1 1 0 1 1 1 1 0 0 0 0 0 0 0
400	3	0 1 1 1 1 0 1 0 0 0 1 0 0 0 0 0
400	7	1 0 1 1 1 0 1 0 1 0 0 1 1 0 0 0
400	61	1 0 1 1 0 0 1 0 1 0 0 0 0 0 0 0
400	4	1 1 1 0 1 1 1 0 1 0 1 0 0 0 0 0
400	6	1 0 1 1 1 0 0 1 0 0 1 0 0 0 1 0
400	8	1 1 1 0 0 1 1 0 1 0 0 0 0 0 0 0
400	2	1 0 1 1 1 0 0 0 1 0 1 0 1 0 1 0
400	12	1 0 1 1 0 1 0 1 0 0 1 0 0 0 0 0
400	4	1 1 1 1 1 0 1 0 1 1 0 0 0 0 0 0
400	4	1 1 1 1 0 1 1 0 0 0 0 1 1 0 0 0
400	35	1 0 1 1 0 0 1 1 0 0 1 0 0 0 0 0
400	8	1 0 1 1 0 0 1 1 1 1 0 0 0 0 0 0
400	5	1 1 1 1 0 0 1 0 0 0 1 1 0 0 0 0
400	1	1 1 1 1 1 0 0 0 1 0 1 0 1 0 0 0
400	7	0 1 1 0 1 0 1 1 1 0 1 1 0 0 0 1
400	4	1 1 1 1 1 0 0 0 1 1 0 1 0 0 0 0
400	9	1 1 1 1 1 0 1 0 0 0 0 0 0 0 0 0
400	3	1 0 1 1 1 0 1 1 0 0 1 0 0 0 1 0
400	3	1 1 1 1 0 0 1 1 1 0 0 0 0 1 0 0
400	6	1 0 1 1 0 0 1 1 1 0 0 0 1 0 0 0
400	2	1 1 1 1 0 0 0 1 0 0 0 0 0 0 0 0
400	3	1 0 1 1 0 0 0 1 1 0 0 0 0 0 0 0
400	5	1 1 1 1 1 0 0 0 1 0 1 0 0 0 0 0
400	2	1 1 1 1 1 0 1 1 1 0 0 0 0 0 0 0
400	7	1 0 1 1 0 0 1 1 1 1 0 1 0 0 1 0
400	3	1 0 1 1 1 1 1 0 1 0 1 0 1 0 0 0
400	4	1 1 1 0 1 0 1 1 0 0 1 0 0 0 0 0
400	1	1 1 1 1 0 1 1 0 1 0 1 0 0 0 1 0
400	1	1 0 1 1 1 0 0 0 1 0 1 1 1 0 0 0
400	1	1 0 1 1 1 0 1 0 1 0 1 0 0 0 1 0
400	4	1 1 1 1 1 1 1 1 1 0 1 0 0 0 1 0
400	2	1 1 1 1 1 0 0 0 1 0 0 0 0 0 0 0
400	5	0 1 1 0 1 0 1 0 0 0 1 0 0 0 0 0
400	3	1 1 1 0 1 1 1 1 0 0 1 1 0 0 0 0
400	8	1 1 1 1 0 0 1 1 1 0 0 1 0 0 0 0
400	1	1 0 1 1 0 1 1 0 1 0 0 0 0 0 1 0
400	3	1 1 1 1 1 0 1 0 0 1 0 1 0 0 0 0
400	1	0 1 1 1 1 0 0 0 1 1 1 1 0 0 0 0
400	5	1 0 1 1 0 0 1 0 1 0 1 1 0 0 0 1
400	1	1 1 1 1 1 0 1 0 0 0 1 1 1 1 0 0
400	5	1 1 1 1 0 1 1 0 0 1 1 0 0 0 0 0
400	5	1 1 1 1 0 0 0 0 1 0 1 0 0 0 0 0
400	1	1 1 1 0 1 0 0 0 1 0 0 0 0 0 0 0
400	3	1 1 1 1 0 0 1 1 0 0 1 0 0 0 0 0
400	2	1 1 1 0 1 1 1 1 1 0 1 0 0 0 0 0
400	3	1 0 0 1 0 1 0 1 0 0 1 0 0 0 0 0
400	3	1 1 0 1 1 0 0 0 1 0 1 0 1 0 0 0
400	1	1 0 1 1 0 0 1 1 1 1 0 0 0 0 1 0
400	5	1 0 1 1 0 0 1 1 1 1 0 1 0 1 1 0
400	2	1 0 1 1 1 0 1 0 0 0 0 1 1 0 0 0
400	3	1 1 1 1 1 0 1 0 1 0 1 0 0 0 0 0
400	1	1 1 1 1 0 0 1 0 1 0 1 0 0 0 0 0
400	4	1 1 1 1 0 0 1 1 1 0 1 1 1 0 0 0
400	1	1 1 1 1 1 0 1 1 1 1 0 0 0 0 0 0
400	1	0 1 1 1 1 0 0 0 1 0 1 0 0 0 0 0
400	1	1 0 1 1 1 0 0 1 1 0 1 0 0 0 0 0
400	2	1 0 0 1 0 0 1 1 1 1 0 1 0 0 0 0
400	2	1 1 1 1 1 1 1 1 1 0 1 0 0 0 1 1
400	7	1 0 1 1 1 0 1 1 1 0 1 0 0 0 1 0
400	3	1 0 1 1 0 1 1 0 0 0 0 0 0 0 1 0
400	4	1 1 1 1 0 0 0 0 1 1 1 0 0 0 0 0
400	1	1 0 1 1 1 0 0 0 0 0 0 1 1 0 0 0
400	2	1 0 1 1 0 0 1 1 1 0 1 0 0 0 0 0
400	3	1 1 1 1 0 0 1 0 1 0 0 0 0 0 0 0
400	2	1 1 1 1 1 0 1 1 0 0 1 0 0 0 0 0
400	1	1 0 1 1 0 0 1 1 1 0 0 1 0 0 0 0
400	2	0 1 1 0 1 0 1 0 1 0 1 1 0 0 0 0
400	1	1 1 1 1 0 0 1 1 0 0 0 0 0 0 0 0
400	1	1 0 1 1 0 1 1 0 0 0 1 1 0 0 0 0
400	1	0 1 1 1 1 0 1 0 0 0 0 1 1 0 0 0
400	2	1 1 1 1 1 1 1 0 1 0 1 0 0 0 0 0
400	1	1 1 1 1 1 0 0 0 1 1 0 0 0 0 0 1
400	2	1 0 0 1 1 0 1 1 0 0 1 0 0 0 1 0
400	3	1 0 1 1 1 0 1 1 0 0 1 1 0 0 1 0
