0	250	0 0 0 0 0 0 0 0 0 0 0 0 0 0 0 0
0	250	0 0 1 0 0 0 1 0 0 0 0 0 0 0 0 0
0	250	0 0 0 0 1 0 0 0 0 0 1 1 1 0 1 0
0	250	0 1 0 0 0 0 1 1 0 0 0 0 0 1 0 1
10	132	0 0 0 0 0 0 0 0 0 0 0 0 0 0 0 0
10	148	0 0 1 0 0 0 1 0 0 0 0 0 0 0 0 0
10	224	0 0 0 0 1 0 0 0 0 0 1 1 1 0 1 0
10	262	0 1 0 0 0 0 1 1 0 0 0 0 0 1 0 1
10	5	0 0 0 0 0 0 0 0 0 0 0 0 0 1 0 1
10	11	0 0 0 0 0 0 0 0 0 0 1 1 1 0 1 0
10	2	0 0 0 0 0 0 1 0 0 0 0 0 0 0 0 0
10	11	0 1 0 0 0 0 1 1 0 0 0 0 0 1 0 0
10	1	0 1 0 0 0 0 1 1 0 0 0 0 0 0 0 0
10	9	0 0 0 1 1 0 0 0 0 0 1 1 1 0 1 0
10	5	0 1 0 0 0 0 1 1 0 0 0 0 1 1 0 1
10	5	0 1 0 0 0 0 1 1 0 1 0 0 0 1 0 1
10	6	0 1 1 0 0 0 1 1 0 0 0 0 0 1 0 1
10	4	0 0 0 0 1 0 0 1 0 0 0 0 0 1 0 1
10	16	0 0 1 0 0 0 1 0 0 0 1 0 0 0 0 0
10	9	0 0 0 0 0 0 1 1 0 0 0 0 0 1 0 1
10	6	0 1 0 0 0 0 1 1 0 0 0 1 0 1 0 1
10	6	0 0 0 0 1 0 0 0 0 0 1 1 1 0 0 0
10	4	0 0 0 0 0 0 0 0 0 1 0 0 0 0 0 0
10	4	0 0 1 0 0 1 1 0 0 0 0 0 0 0 0 0
10	1	0 0 1 0 0 0 1 1 0 0 0 0 0 0 0 0
10	17	0 0 1 0 1 0 1 0 0 0 0 0 0 0 0 0
10	4	1 0 0 0 1 0 0 0 0 0 1 1 1 0 1 0
10	9	0 0 0 0 1 0 0 0 0 0 0 1 1 0 1 0
10	8	0 0 1 0 1 0 0 0 0 0 1 1 1 0 1 0
10	1	0 0 1 0 0 0 1 0 0 0 0 0 0 1 0 1
10	7	0 1 0 0 0 0 0 0 0 0 1 1 1 0 1 0
10	1	0 1 0 0 0 0 0 0 0 0 0 0 0 0 0 0
10	1	0 0 0 1 0 0 0 0 0 0 0 0 0 0 0 0
10	7	0 0 1 0 0 0 1 0 0 0 1 1 1 0 1 0
10	3	0 0 0 0 1 0 0 0 0 0 1 1 1 1 1 0
10	3	0 0 1 0 0 0 1 1 0 0 0 0 0 0 0 1
10	1	0 0 0 0 1 0 0 0 0 0 1 0 0 0 0 0
10	5	0 0 0 0 0 0 0 0 0 0 0 1 0 0 0 0
10	5	0 1 0 0 1 0 1 1 0 0 0 0 0 1 0 1
10	1	0 1 1 0 0 0 1 0 0 0 0 0 0 1 0 0
10	5	0 0 0 0 1 0 0 0 0 0 0 0 0 0 0 0
10	2	0 1 0 0 1 0 0 0 0 0 1 1 1 0 1 0
10	5	0 0 0 0 0 0 1 0 0 0 0 0 0 0 0 1
10	1	0 0 0 0 1 0 0 1 0 0 1 1 1 0 1 0
10	1	0 1 0 0 0 0 1 1 1 0 0 0 0 1 0 1
10	7	0 1 0 0 0 0 1 1 0 0 0 0 0 1 1 1
10	6	0 1 0 0 0 0 1 1 0 0 1 0 0 1 0 1
10	6	0 1 0 0 0 1 0 0 0 0 1 1 1 0 1 0
10	1	0 0 1 0 0 0 1 1 0 0 0 0 0 1 0 1
10	1	1 0 0 0 0 0 0 0 0 0 0 0 0 0 0 0
10	3	0 1 1 0 0 0 1 0 0 0 0 0 0 0 0 0
10	3	0 1 0 0 0 0 1 1 0 0 0 0 0 0 0 1
10	1	0 0 0 0 0 0 0 0 0 0 0 1 1 0 1 0
10	2	0 0 0 0 0 0 1 1 0 0 1 0 0 1 0 1
10	2	0 1 0 0 0 0 1 0 0 0 0 0 0 0 0 0
10	1	0 1 0 0 0 0 1 1 0 0 1 1 1 0 1 0
10	1	0 0 1 0 0 0 0 0 0 0 0 0 0 0 0 0
10	1	0 0 1 1 0 0 1 0 0 0 0 0 0 0 0 0
10	1	0 0 0 0 1 0 0 0 0 0 1 0 1 0 1 0
10	1	0 0 0 0 1 0 0 0 0 0 1 1 1 0 1 1
10	5	1 1 0 0 0 0 1 1 0 0 0 0 0 1 0 1
20	63	0 0 0 0 0 0 0 0 0 0 0 0 0 0 0 0
20	79	0 0 1 0 0 0 1 0 0 0 0 0 0 0 0 0
20	151	0 0 0 0 1 0 0 0 0 0 1 1 1 0 1 0
20	259	0 1 0 0 0 0 1 1 0 0 0 0 0 1 0 1
20	5	0 0 0 0 0 0 0 0 0 0 0 0 0 1 0 1
20	5	0 0 0 0 0 0 0 0 0 0 1 1 1 0 1 0
20	3	0 0 0 0 0 0 1 0 0 0 0 0 0 0 0 0
20	31	0 1 0 0 0 0 1 1 0 0 0 0 0 1 0 0
20	17	0 1 0 0 0 0 1 1 0 0 0 0 0 0 0 0
20	4	0 0 0 1 1 0 0 0 0 0 1 1 1 0 1 0
20	4	0 1 0 0 0 0 1 1 0 1 0 0 0 1 0 1
20	61	0 1 1 0 0 0 1 1 0 0 0 0 0 1 0 1
20	15	0 0 1 0 0 0 1 0 0 0 1 0 0 0 0 0
20	7	0 0 0 0 0 0 1 1 0 0 0 0 0 1 0 1
20	7	0 1 0 0 0 0 1 1 0 0 0 1 0 1 0 1
20	14	0 0 0 0 1 0 0 0 0 0 1 1 1 0 0 0
20	1	0 0 0 0 0 0 0 0 0 1 0 0 0 0 0 0
20	34	0 0 1 0 1 0 1 0 0 0 0 0 0 0 0 0
20	5	0 0 0 0 1 0 0 0 0 0 0 1 1 0 1 0
20	22	0 0 1 0 1 0 0 0 0 0 1 1 1 0 1 0
20	3	0 0 0 0 1 0 0 0 0 0 1 1 1 1 1 0
20	6	0 0 1 0 0 0 1 1 0 0 0 0 0 0 0 1
20	9	0 1 1 0 0 0 1 0 0 0 0 0 0 1 0 0
20	8	0 0 0 0 1 0 0 0 0 0 0 0 0 0 0 0
20	4	0 1 0 0 1 0 0 0 0 0 1 1 1 0 1 0
20	2	0 0 0 0 1 0 0 1 0 0 1 1 1 0 1 0
20	3	0 1 0 0 0 1 0 0 0 0 1 1 1 0 1 0
20	2	0 0 0 0 0 0 0 0 0 0 0 1 1 0 1 0
20	4	0 0 1 0 0 0 0 0 0 0 0 0 0 0 0 0
20	5	1 1 0 0 0 0 1 1 0 0 0 0 0 1 0 1
20	1	0 0 0 0 0 0 0 0 0 0 0 0 0 0 0 1
20	6	0 0 1 0 0 0 1 0 0 0 0 0 0 1 0 0
20	3	0 0 0 0 1 0 0 0 1 0 1 1 1 0 1 0
20	1	0 0 0 0 1 0 0 0 0 0 0 1 1 0 1 1
20	3	0 1 0 0 0 0 1 1 0 0 1 0 0 0 0 1
20	4	0 0 0 0 1 1 0 0 0 0 1 1 1 0 1 0
20	2	0 1 0 0 0 1 1 1 0 0 0 0 0 1 0 1
20	7	0 1 1 0 0 0 1 1 1 0 0 0 0 1 0 1
20	6	0 0 1 0 1 0 1 0 0 0 0 0 1 0 0 0
20	10	0 1 1 0 0 0 1 0 0 1 0 0 0 1 0 0
20	2	0 0 0 0 0 0 0 0 1 0 0 0 0 0 0 0
20	4	0 0 1 0 0 0 1 0 0 0 0 0 0 0 0 1
20	5	0 1 0 0 0 1 1 1 0 0 0 0 0 0 0 0
20	3	0 0 1 0 0 0 0 0 0 0 1 0 0 0 0 0
20	3	0 0 1 0 1 0 1 0 0 0 0 0 0 0 1 0
20	5	0 0 1 1 0 0 1 0 0 0 1 1 1 0 1 0
20	2	0 0 1 0 0 0 1 1 1 0 0 0 0 0 0 1
20	1	0 1 0 0 0 0 0 0 1 0 0 0 0 0 0 0
20	3	0 1 0 0 0 0 1 1 0 0 0 0 0 0 1 0
20	1	1 0 1 0 0 0 1 0 0 0 0 0 0 0 0 0
20	7	0 0 1 0 0 1 1 0 0 0 0 0 0 0 0 0
20	12	0 1 0 1 0 0 1 1 0 0 0 0 0 1 0 1
20	1	0 1 0 0 0 0 1 1 0 0 0 0 0 1 1 1
20	2	0 1 0 0 0 0 1 1 1 0 0 0 0 1 0 1
20	3	0 1 0 1 0 0 1 1 0 0 0 0 0 1 0 0
20	3	0 0 0 0 0 0 1 1 0 0 0 1 0 1 0 1
20	1	1 1 0 0 0 0 1 1 0 0 0 0 1 1 1 1
20	4	0 1 0 0 0 0 1 0 0 0 0 0 0 1 0 1
20	2	0 1 0 0 0 0 1 1 0 0 0 0 0 0 0 1
20	3	0 1 1 0 1 0 1 0 0 0 0 0 0 0 0 0
20	1	0 0 0 0 0 0 0 0 0 1 0 1 1 0 1 0
20	3	0 1 1 0 0 0 1 0 1 1 0 0 0 1 0 0
20	5	0 0 0 0 0 0 1 1 0 0 1 0 0 0 0 1
20	7	0 1 0 0 0 0 1 0 0 0 0 0 0 0 0 0
20	1	0 1 0 0 1 0 0 0 0 0 0 0 0 0 0 0
20	3	0 0 0 1 0 0 1 0 0 0 0 0 0 0 0 0
20	3	0 0 0 0 1 0 0 0 0 0 1 1 0 0 0 0
20	5	0 0 0 0 1 0 0 0 0 0 1 1 1 1 0 0
20	1	0 0 1 0 1 0 1 0 0 0 1 1 1 0 1 0
20	3	0 1 0 0 0 0 0 0 0 0 0 0 0 0 0 0
20	2	0 1 0 0 0 0 1 0 0 0 0 0 1 1 0 1
20	1	0 0 1 0 1 0 0 0 0 0 0 0 0 0 0 0
20	1	0 0 1 1 0 0 1 0 0 0 0 0 0 0 0 0
20	2	0 0 1 0 0 0 1 0 0 0 1 0 1 0 0 0
20	1	0 0 1 0 1 0 1 0 0 0 0 0 0 1 0 0
20	1	0 0 0 0 1 1 1 0 0 0 0 0 0 0 0 0
20	1	0 0 0 0 0 0 0 1 0 0 0 0 0 1 0 1
20	1	0 0 1 0 0 0 1 1 0 0 0 0 0 1 0 1
20	2	0 0 1 0 0 0 1 0 0 0 0 0 1 1 1 1
20	1	0 0 0 0 1 0 0 0 0 0 1 0 0 1 0 1
20	2	0 0 1 0 0 0 1 0 0 0 0 0 0 1 0 1
20	3	0 0 1 0 0 0 1 0 0 1 0 0 0 0 0 0
20	1	0 0 0 0 1 0 0 0 0 1 1 1 1 0 1 0
20	1	1 0 0 0 1 0 0 0 0 0 1 1 1 0 1 0
20	1	0 0 0 0 0 0 0 0 0 1 1 1 1 0 1 0
20	1	0 0 0 0 0 0 0 0 0 1 0 0 0 0 0 1
20	1	0 1 0 0 0 0 1 0 0 0 1 0 0 0 0 1
20	2	0 0 0 0 0 1 0 0 0 0 1 1 1 0 1 0
30	33	0 0 0 0 0 0 0 0 0 0 0 0 0 0 0 0
30	63	0 0 1 0 0 0 1 0 0 0 0 0 0 0 0 0
30	46	0 0 0 0 1 0 0 0 0 0 1 1 1 0 1 0
30	185	0 1 0 0 0 0 1 1 0 0 0 0 0 1 0 1
30	1	0 0 0 0 0 0 0 0 0 0 1 1 1 0 1 0
30	6	0 0 0 0 0 0 1 0 0 0 0 0 0 0 0 0
30	46	0 1 0 0 0 0 1 1 0 0 0 0 0 1 0 0
30	37	0 1 0 0 0 0 1 1 0 0 0 0 0 0 0 0
30	9	0 0 0 1 1 0 0 0 0 0 1 1 1 0 1 0
30	10	0 1 0 0 0 0 1 1 0 1 0 0 0 1 0 1
30	124	0 1 1 0 0 0 1 1 0 0 0 0 0 1 0 1
30	16	0 0 1 0 0 0 1 0 0 0 1 0 0 0 0 0
30	4	0 0 0 0 0 0 1 1 0 0 0 0 0 1 0 1
30	13	0 1 0 0 0 0 1 1 0 0 0 1 0 1 0 1
30	11	0 0 0 0 1 0 0 0 0 0 1 1 1 0 0 0
30	14	0 0 1 0 1 0 1 0 0 0 0 0 0 0 0 0
30	14	0 0 0 0 1 0 0 0 0 0 0 1 1 0 1 0
30	4	0 0 1 0 1 0 0 0 0 0 1 1 1 0 1 0
30	7	0 0 1 0 0 0 1 1 0 0 0 0 0 0 0 1
30	4	0 1 1 0 0 0 1 0 0 0 0 0 0 1 0 0
30	5	0 0 0 0 1 0 0 0 0 0 0 0 0 0 0 0
30	26	1 1 0 0 0 0 1 1 0 0 0 0 0 1 0 1
30	2	0 0 0 0 0 0 0 0 0 0 0 0 0 0 0 1
30	17	0 1 1 0 0 0 1 1 1 0 0 0 0 1 0 1
30	7	0 0 1 0 1 0 1 0 0 0 0 0 1 0 0 0
30	36	0 1 1 0 0 0 1 0 0 1 0 0 0 1 0 0
30	1	0 1 0 0 0 1 1 1 0 0 0 0 0 0 0 0
30	7	0 0 1 0 0 0 0 0 0 0 1 0 0 0 0 0
30	14	0 0 1 1 0 0 1 0 0 0 1 1 1 0 1 0
30	1	0 0 1 0 0 0 1 1 1 0 0 0 0 0 0 1
30	5	0 1 0 0 0 0 1 1 0 0 0 0 0 0 1 0
30	3	0 0 1 0 0 1 1 0 0 0 0 0 0 0 0 0
30	5	0 1 0 1 0 0 1 1 0 0 0 0 0 1 0 1
30	8	0 1 0 0 0 0 1 1 1 0 0 0 0 1 0 1
30	9	0 1 0 0 0 0 1 1 0 0 0 0 0 0 0 1
30	2	0 0 0 0 0 0 1 1 0 0 1 0 0 0 0 1
30	21	0 1 0 0 0 0 1 0 0 0 0 0 0 0 0 0
30	7	0 0 0 1 0 0 1 0 0 0 0 0 0 0 0 0
30	5	0 0 0 0 1 0 0 0 0 0 1 1 1 1 0 0
30	1	0 1 0 0 0 0 1 0 0 0 0 0 1 1 0 1
30	10	0 0 1 0 1 0 1 0 0 0 0 0 0 1 0 0
30	3	0 0 0 0 1 0 0 0 0 0 1 0 0 1 0 1
30	8	1 0 0 0 1 0 0 0 0 0 1 1 1 0 1 0
30	3	0 0 0 0 1 0 0 0 0 0 1 1 0 1 0 1
30	5	1 0 0 0 0 0 0 0 0 0 0 0 0 0 0 0
30	7	0 1 0 0 0 0 1 1 0 1 0 0 0 1 0 0
30	8	0 0 0 0 1 0 1 0 0 0 0 0 0 0 0 0
30	6	0 1 0 0 0 0 1 1 0 0 1 1 1 0 1 0
30	5	0 1 1 0 0 0 1 0 0 0 0 0 0 0 0 1
30	4	0 1 0 0 0 0 1 1 0 0 0 0 1 1 0 1
30	7	0 1 0 0 1 0 0 1 0 0 1 1 1 0 1 0
30	1	0 1 0 0 1 0 0 0 0 0 0 0 0 0 0 0
30	4	0 0 1 0 1 0 0 0 1 0 1 1 1 0 1 0
30	4	0 1 1 0 0 0 1 1 1 0 1 0 0 1 0 1
30	7	0 1 0 0 0 0 0 0 0 0 1 0 0 0 0 0
30	6	0 1 1 0 0 0 1 1 0 0 0 0 0 0 0 0
30	3	0 0 0 0 0 0 1 0 0 1 0 0 0 0 0 0
30	8	0 1 0 0 0 1 1 0 0 0 0 0 0 0 0 0
30	2	0 0 1 0 1 0 1 0 0 0 0 0 1 1 0 0
30	3	0 1 1 0 0 0 1 1 0 0 0 0 0 1 0 0
30	3	1 0 1 0 0 0 1 0 0 0 0 0 0 0 0 0
30	1	0 1 0 0 0 0 1 1 0 0 1 0 0 1 0 1
30	6	0 0 0 1 1 0 0 0 0 0 1 1 1 0 0 0
30	6	1 1 0 0 0 0 1 1 0 0 0 0 1 1 0 1
30	1	0 1 1 0 0 0 1 1 0 0 0 1 0 1 0 1
30	1	0 0 1 1 0 0 1 0 0 0 1 0 0 0 0 0
30	3	0 1 0 0 0 0 1 1 1 0 0 0 0 0 0 1
30	3	1 0 1 0 0 0 1 0 0 0 0 0 0 1 1 0
30	2	1 1 0 0 0 0 1 1 0 0 0 0 0 0 0 0
30	1	0 1 0 0 0 0 0 1 0 0 0 1 0 1 0 1
30	2	0 0 1 0 0 1 1 1 0 0 0 0 0 0 0 0
30	1	1 0 0 0 1 0 0 0 0 0 1 1 1 1 1 0
30	5	0 1 0 0 0 0 0 0 0 0 0 0 0 0 0 0
30	2	0 0 1 0 0 0 1 1 0 0 0 0 0 1 0 1
30	1	1 1 0 0 0 0 1 1 0 0 0 0 0 1 0 0
30	5	0 0 0 0 0 0 1 1 0 0 0 0 0 0 0 0
30	4	0 1 0 0 0 0 1 1 0 0 0 0 1 1 0 0
30	3	0 1 1 0 0 0 1 1 0 0 1 0 0 1 0 1
30	1	0 1 1 0 0 0 1 0 0 0 0 0 0 1 0 1
30	4	0 0 1 1 0 0 1 0 0 0 1 1 1 1 1 0
30	2	0 1 0 0 0 0 1 0 0 0 0 0 0 0 0 1
30	2	0 1 0 0 0 0 1 1 0 0 0 1 1 0 1 0
30	2	0 1 1 0 0 0 1 1 1 0 0 0 0 1 0 0
30	1	0 1 0 1 0 0 1 1 0 1 0 0 0 1 0 1
30	2	0 0 0 0 1 0 0 1 0 1 1 1 1 0 1 0
30	1	0 0 1 0 1 0 1 0 1 0 0 0 1 0 0 0
30	2	0 0 1 1 1 0 0 0 1 0 1 1 1 0 1 0
40	7	0 0 0 0 0 0 0 0 0 0 0 0 0 0 0 0
40	42	0 0 1 0 0 0 1 0 0 0 0 0 0 0 0 0
40	41	0 0 0 0 1 0 0 0 0 0 1 1 1 0 1 0
40	206	0 1 0 0 0 0 1 1 0 0 0 0 0 1 0 1
40	30	0 1 0 0 0 0 1 1 0 0 0 0 0 1 0 0
40	10	0 1 0 0 0 0 1 1 0 0 0 0 0 0 0 0
40	12	0 0 0 1 1 0 0 0 0 0 1 1 1 0 1 0
40	6	0 1 0 0 0 0 1 1 0 1 0 0 0 1 0 1
40	154	0 1 1 0 0 0 1 1 0 0 0 0 0 1 0 1
40	25	0 0 1 0 0 0 1 0 0 0 1 0 0 0 0 0
40	3	0 1 0 0 0 0 1 1 0 0 0 1 0 1 0 1
40	12	0 0 0 0 1 0 0 0 0 0 1 1 1 0 0 0
40	35	0 0 1 0 1 0 1 0 0 0 0 0 0 0 0 0
40	2	0 0 1 0 0 0 1 1 0 0 0 0 0 0 0 1
40	1	0 0 0 0 1 0 0 0 0 0 0 0 0 0 0 0
40	41	1 1 0 0 0 0 1 1 0 0 0 0 0 1 0 1
40	13	0 1 1 0 0 0 1 1 1 0 0 0 0 1 0 1
40	1	0 0 1 0 1 0 1 0 0 0 0 0 1 0 0 0
40	50	0 1 1 0 0 0 1 0 0 1 0 0 0 1 0 0
40	16	0 1 0 0 0 1 1 1 0 0 0 0 0 0 0 0
40	12	0 0 1 1 0 0 1 0 0 0 1 1 1 0 1 0
40	1	0 1 0 0 0 0 1 1 0 0 0 0 0 0 1 0
40	11	0 1 0 0 0 0 1 1 0 0 0 0 0 0 0 1
40	8	0 1 0 0 0 0 1 0 0 0 0 0 0 0 0 0
40	5	0 0 0 1 0 0 1 0 0 0 0 0 0 0 0 0
40	1	0 0 0 0 1 0 0 0 0 0 1 1 1 1 0 0
40	4	0 0 1 0 1 0 1 0 0 0 0 0 0 1 0 0
40	20	1 0 0 0 1 0 0 0 0 0 1 1 1 0 1 0
40	4	0 0 0 0 1 0 0 0 0 0 1 1 0 1 0 1
40	11	0 0 0 0 1 0 1 0 0 0 0 0 0 0 0 0
40	2	0 1 0 0 0 0 1 1 0 0 1 1 1 0 1 0
40	10	0 1 1 0 0 0 1 0 0 0 0 0 0 0 0 1
40	11	0 1 0 0 1 0 0 1 0 0 1 1 1 0 1 0
40	14	0 1 0 0 0 0 0 0 0 0 1 0 0 0 0 0
40	2	0 1 0 0 0 1 1 0 0 0 0 0 0 0 0 0
40	11	0 0 1 0 1 0 1 0 0 0 0 0 1 1 0 0
40	1	0 1 1 0 0 0 1 1 0 0 0 0 0 1 0 0
40	6	0 0 0 1 1 0 0 0 0 0 1 1 1 0 0 0
40	7	0 1 0 0 0 0 1 1 1 0 0 0 0 0 0 1
40	4	0 1 0 0 0 0 0 0 0 0 0 0 0 0 0 0
40	2	0 0 1 0 0 0 1 1 0 0 0 0 0 1 0 1
40	3	0 1 1 0 0 0 1 1 0 0 1 0 0 1 0 1
40	6	0 1 1 0 0 0 1 0 0 0 0 0 0 1 0 1
40	2	0 1 1 0 0 0 1 1 1 0 0 0 0 1 0 0
40	9	0 1 1 0 0 0 0 0 0 0 0 0 0 0 0 0
40	4	0 0 0 0 1 0 0 0 0 0 0 1 1 0 1 1
40	4	0 1 0 0 0 0 1 1 1 0 1 0 0 1 0 1
40	4	1 1 0 0 0 0 1 1 0 0 0 0 0 0 0 0
40	3	0 1 1 0 1 0 1 1 0 0 0 0 0 1 0 1
40	4	0 0 0 0 1 0 1 0 0 0 1 1 1 0 1 0
40	3	0 0 0 1 1 0 0 0 0 0 0 1 1 0 1 0
40	2	0 1 1 0 0 0 1 1 0 1 0 0 0 1 0 0
40	3	1 1 0 0 0 0 1 1 0 0 0 0 0 0 1 0
40	4	0 0 0 0 0 0 0 0 0 0 0 0 0 1 0 1
40	5	1 1 1 0 0 0 1 0 0 1 0 0 0 1 0 0
40	7	1 1 1 0 0 0 1 1 0 0 0 0 0 1 0 1
40	1	0 0 1 0 0 0 1 0 0 0 0 0 0 1 0 1
40	2	0 1 1 0 0 0 1 1 0 0 0 0 0 1 1 1
40	12	0 1 0 0 0 0 1 0 0 0 1 0 0 0 0 0
40	6	0 1 1 0 0 0 1 0 0 0 0 0 0 0 0 0
40	2	0 0 1 0 0 0 1 0 0 0 0 0 0 0 0 1
40	1	0 1 1 1 0 0 1 1 1 0 0 0 0 1 0 1
40	3	0 1 1 0 0 0 1 0 0 0 0 0 0 1 0 0
40	1	0 1 1 0 0 0 1 1 0 0 0 0 0 0 1 0
40	3	0 1 1 1 0 0 1 1 0 0 0 0 0 1 0 1
40	2	0 1 0 1 0 0 1 1 0 0 0 0 0 0 0 0
40	2	0 1 0 0 0 0 0 0 0 0 0 0 0 1 0 1
40	1	0 0 1 0 1 0 1 0 0 1 0 0 0 0 0 0
40	1	0 0 1 0 1 1 1 0 0 0 0 0 0 1 0 0
40	2	0 0 0 0 1 0 1 0 1 0 0 0 0 0 0 0
40	2	0 1 1 0 0 0 1 1 0 0 0 1 0 1 0 0
40	4	0 0 0 0 1 0 1 0 0 0 0 1 1 0 1 0
40	2	0 0 0 0 0 0 1 1 0 1 0 0 0 1 0 1
40	1	0 1 1 0 1 0 1 0 0 0 0 0 0 0 0 0
40	2	0 0 0 0 1 0 1 0 0 0 1 0 0 0 0 0
40	2	0 1 1 0 1 0 1 0 0 0 0 0 1 1 0 0
40	1	0 1 1 0 0 0 0 0 0 0 1 1 1 0 1 0
40	2	0 0 0 0 1 0 0 0 0 1 1 1 1 0 1 0
40	3	1 0 0 0 1 0 0 0 0 0 1 1 1 0 1 1
40	3	0 0 0 0 1 0 0 0 0 0 1 0 0 1 0 1
40	7	0 0 0 0 1 0 0 1 0 0 1 1 1 0 1 0
40	2	0 1 1 0 0 0 1 0 0 0 1 1 1 0 1 0
40	3	1 1 0 0 0 0 1 1 0 0 0 0 0 1 0 0
40	1	0 1 0 0 1 0 0 0 0 0 1 1 1 0 1 0
40	1	0 0 1 0 0 0 1 1 0 0 0 0 0 1 0 0
40	2	1 0 1 0 0 0 1 0 0 0 0 0 0 0 0 0
40	3	0 1 0 0 0 0 1 0 0 0 0 0 0 1 0 1
40	3	0 1 0 0 1 0 1 1 1 0 0 0 0 0 0 1
50	5	0 0 0 0 0 0 0 0 0 0 0 0 0 0 0 0
50	17	0 0 1 0 0 0 1 0 0 0 0 0 0 0 0 0
50	38	0 0 0 0 1 0 0 0 0 0 1 1 1 0 1 0
50	125	0 1 0 0 0 0 1 1 0 0 0 0 0 1 0 1
50	27	0 1 0 0 0 0 1 1 0 0 0 0 0 1 0 0
50	10	0 1 0 0 0 0 1 1 0 1 0 0 0 1 0 1
50	211	0 1 1 0 0 0 1 1 0 0 0 0 0 1 0 1
50	7	0 0 1 0 0 0 1 0 0 0 1 0 0 0 0 0
50	11	0 1 0 0 0 0 1 1 0 0 0 1 0 1 0 1
50	2	0 0 0 0 1 0 0 0 0 0 1 1 1 0 0 0
50	51	0 0 1 0 1 0 1 0 0 0 0 0 0 0 0 0
50	62	1 1 0 0 0 0 1 1 0 0 0 0 0 1 0 1
50	13	0 1 1 0 0 0 1 1 1 0 0 0 0 1 0 1
50	31	0 1 1 0 0 0 1 0 0 1 0 0 0 1 0 0
50	9	0 1 0 0 0 1 1 1 0 0 0 0 0 0 0 0
50	12	0 1 0 0 0 0 1 1 0 0 0 0 0 0 0 1
50	18	1 0 0 0 1 0 0 0 0 0 1 1 1 0 1 0
50	2	0 0 0 0 1 0 1 0 0 0 0 0 0 0 0 0
50	11	0 1 0 0 1 0 0 1 0 0 1 1 1 0 1 0
50	10	0 1 0 0 0 0 0 0 0 0 1 0 0 0 0 0
50	10	0 1 1 0 0 0 1 1 0 0 0 0 0 1 0 0
50	6	0 1 0 0 0 0 1 1 1 0 0 0 0 0 0 1
50	7	0 1 0 0 0 0 0 0 0 0 0 0 0 0 0 0
50	16	0 1 1 0 0 0 1 0 0 0 0 0 0 1 0 1
50	10	0 0 0 0 1 0 0 0 0 0 0 1 1 0 1 1
50	7	0 1 0 0 0 0 1 1 1 0 1 0 0 1 0 1
50	1	0 1 1 0 1 0 1 1 0 0 0 0 0 1 0 1
50	3	0 0 0 1 1 0 0 0 0 0 0 1 1 0 1 0
50	1	0 1 1 0 0 0 1 1 0 1 0 0 0 1 0 0
50	9	1 1 1 0 0 0 1 0 0 1 0 0 0 1 0 0
50	19	1 1 1 0 0 0 1 1 0 0 0 0 0 1 0 1
50	10	0 1 1 0 0 0 1 1 0 0 0 0 0 1 1 1
50	7	0 1 0 0 0 0 1 0 0 0 1 0 0 0 0 0
50	3	0 1 1 1 0 0 1 1 1 0 0 0 0 1 0 1
50	8	0 1 1 1 0 0 1 1 0 0 0 0 0 1 0 1
50	9	0 0 0 0 1 0 1 0 0 0 0 1 1 0 1 0
50	4	0 0 0 0 0 0 1 1 0 1 0 0 0 1 0 1
50	1	0 1 1 0 1 0 1 0 0 0 0 0 1 1 0 0
50	1	0 0 0 0 1 0 0 0 0 1 1 1 1 0 1 0
50	1	1 0 0 0 1 0 0 0 0 0 1 1 1 0 1 1
50	3	0 0 0 0 1 0 0 0 0 0 1 0 0 1 0 1
50	11	0 0 0 0 1 0 0 1 0 0 1 1 1 0 1 0
50	11	1 1 0 0 0 0 1 1 0 0 0 0 0 1 0 0
50	7	0 1 0 0 1 0 0 0 0 0 1 1 1 0 1 0
50	6	0 1 0 0 0 0 1 0 0 0 0 0 0 1 0 1
50	2	0 1 0 0 0 0 1 0 0 1 0 0 0 0 0 0
50	5	1 1 1 1 0 0 1 0 0 1 0 0 0 1 0 0
50	6	0 1 0 0 0 0 1 0 0 0 1 0 0 0 0 1
50	14	0 1 1 0 1 0 1 0 0 0 1 1 1 0 1 0
50	3	0 1 0 0 1 0 1 1 0 0 0 0 0 1 0 1
50	4	0 1 0 0 0 0 1 1 0 0 1 0 0 1 0 1
50	3	0 1 1 0 0 1 1 1 0 0 0 0 0 1 0 1
50	4	0 0 0 0 1 0 1 0 0 0 0 0 0 0 1 0
50	8	0 1 0 1 0 0 1 0 0 0 0 0 0 0 0 0
50	4	1 0 0 0 1 0 1 1 0 0 0 0 0 1 0 1
50	2	1 1 1 0 0 0 1 1 1 0 0 0 0 1 0 1
50	16	0 1 0 0 0 1 1 1 0 0 0 0 0 1 0 1
50	8	0 1 1 1 0 0 1 1 0 0 0 0 0 1 1 1
50	4	1 0 0 0 1 0 0 0 0 0 1 1 0 0 1 0
50	1	0 1 0 0 0 0 1 0 0 0 1 0 0 1 0 0
50	1	0 1 0 0 0 0 1 1 0 0 1 1 1 0 1 0
50	1	0 1 1 0 0 0 1 0 0 1 0 0 0 1 0 1
50	1	1 1 1 0 0 1 1 0 0 0 0 0 0 0 0 0
50	1	0 1 0 0 0 0 1 1 1 0 0 0 0 0 0 0
50	1	0 0 0 0 1 0 0 0 0 1 1 0 1 0 1 0
50	6	1 1 1 0 0 0 1 0 0 1 0 0 0 1 0 1
50	1	0 0 0 0 1 0 1 1 0 0 0 0 0 1 0 1
50	4	0 0 0 0 0 0 1 1 0 0 0 0 0 1 0 0
50	5	0 1 1 0 0 0 1 0 0 1 1 0 0 1 0 0
50	4	0 1 0 0 0 1 1 1 1 0 0 0 0 0 0 0
50	9	0 0 0 1 1 0 0 0 0 0 0 1 0 0 1 0
50	1	0 1 1 0 0 0 0 1 0 0 0 0 0 1 1 1
50	4	0 1 1 0 0 0 1 1 0 0 0 0 0 0 0 1
50	2	1 0 0 0 1 0 0 0 0 1 0 0 0 1 0 0
50	1	0 1 0 0 0 0 1 0 0 0 1 0 0 1 0 1
50	8	0 1 1 0 0 0 0 1 0 0 0 0 0 1 0 1
50	1	1 1 0 0 0 0 1 1 1 0 0 0 0 1 0 1
50	2	0 1 1 0 0 1 1 0 0 1 0 0 0 1 0 0
50	1	0 1 1 1 1 0 0 0 0 0 0 1 1 0 1 0
50	2	0 1 0 0 0 0 1 1 0 1 0 0 0 1 0 0
50	2	0 1 0 0 0 0 1 0 0 0 1 1 0 0 0 0
50	1	0 1 1 1 0 1 1 1 1 0 0 0 0 1 0 1
50	1	1 1 0 0 0 0 1 1 1 0 0 0 0 1 0 0
50	1	0 0 1 0 0 0 1 1 0 0 0 0 1 1 0 1
50	1	0 1 0 0 0 0 1 1 0 0 0 0 0 0 0 0
50	4	1 0 0 0 1 0 0 0 0 0 1 1 1 0 0 1
50	2	0 0 1 0 0 0 1 1 0 0 0 0 0 1 0 1
50	1	0 0 1 1 1 0 1 0 0 0 0 0 0 0 0 0
50	1	0 0 1 0 1 0 1 0 0 0 1 0 0 0 0 0
50	2	0 0 0 0 1 0 0 0 0 0 1 1 0 1 0 1
50	1	1 1 0 0 0 1 1 1 0 0 0 0 0 1 0 1
60	2	0 0 0 0 0 0 0 0 0 0 0 0 0 0 0 0
60	1	0 0 1 0 0 0 1 0 0 0 0 0 0 0 0 0
60	30	0 0 0 0 1 0 0 0 0 0 1 1 1 0 1 0
60	82	0 1 0 0 0 0 1 1 0 0 0 0 0 1 0 1
60	11	0 1 0 0 0 0 1 1 0 0 0 0 0 1 0 0
60	8	0 1 0 0 0 0 1 1 0 1 0 0 0 1 0 1
60	145	0 1 1 0 0 0 1 1 0 0 0 0 0 1 0 1
60	27	0 0 1 0 0 0 1 0 0 0 1 0 0 0 0 0
60	4	0 1 0 0 0 0 1 1 0 0 0 1 0 1 0 1
60	79	0 0 1 0 1 0 1 0 0 0 0 0 0 0 0 0
60	26	1 1 0 0 0 0 1 1 0 0 0 0 0 1 0 1
60	24	0 1 1 0 0 0 1 1 1 0 0 0 0 1 0 1
60	30	0 1 1 0 0 0 1 0 0 1 0 0 0 1 0 0
60	1	0 1 0 0 0 1 1 1 0 0 0 0 0 0 0 0
60	10	0 1 0 0 0 0 1 1 0 0 0 0 0 0 0 1
60	25	1 0 0 0 1 0 0 0 0 0 1 1 1 0 1 0
60	18	0 0 0 0 1 0 1 0 0 0 0 0 0 0 0 0
60	11	0 1 0 0 1 0 0 1 0 0 1 1 1 0 1 0
60	6	0 1 0 0 0 0 0 0 0 0 1 0 0 0 0 0
60	2	0 1 1 0 0 0 1 1 0 0 0 0 0 1 0 0
60	2	0 1 0 0 0 0 0 0 0 0 0 0 0 0 0 0
60	12	0 1 1 0 0 0 1 0 0 0 0 0 0 1 0 1
60	12	0 0 0 1 1 0 0 0 0 0 0 1 1 0 1 0
60	24	1 1 1 0 0 0 1 0 0 1 0 0 0 1 0 0
60	45	1 1 1 0 0 0 1 1 0 0 0 0 0 1 0 1
60	1	0 1 1 0 0 0 1 1 0 0 0 0 0 1 1 1
60	8	0 1 0 0 0 0 1 0 0 0 1 0 0 0 0 0
60	9	0 1 1 1 0 0 1 1 0 0 0 0 0 1 0 1
60	11	0 0 0 0 1 0 1 0 0 0 0 1 1 0 1 0
60	1	0 0 0 0 1 0 0 1 0 0 1 1 1 0 1 0
60	17	1 1 0 0 0 0 1 1 0 0 0 0 0 1 0 0
60	19	0 1 0 0 1 0 0 0 0 0 1 1 1 0 1 0
60	8	0 1 0 0 0 0 1 0 0 0 0 0 0 1 0 1
60	21	0 1 0 0 0 0 1 0 0 0 1 0 0 0 0 1
60	5	0 1 1 0 1 0 1 0 0 0 1 1 1 0 1 0
60	4	0 1 0 0 1 0 1 1 0 0 0 0 0 1 0 1
60	9	0 1 0 1 0 0 1 0 0 0 0 0 0 0 0 0
60	1	0 1 0 0 0 1 1 1 0 0 0 0 0 1 0 1
60	17	0 1 1 1 0 0 1 1 0 0 0 0 0 1 1 1
60	5	0 1 0 0 0 0 1 1 0 0 1 1 1 0 1 0
60	1	1 1 1 0 0 0 1 0 0 1 0 0 0 1 0 1
60	12	0 1 1 0 0 0 1 0 0 1 1 0 0 1 0 0
60	3	0 0 0 1 1 0 0 0 0 0 0 1 0 0 1 0
60	13	0 1 1 0 0 0 0 1 0 0 0 0 0 1 0 1
60	2	0 1 1 0 0 1 1 0 0 1 0 0 0 1 0 0
60	8	0 1 0 0 0 0 1 0 0 0 1 1 0 0 0 0
60	7	1 1 0 0 0 0 1 1 1 0 0 0 0 1 0 0
60	14	0 0 0 0 1 0 0 0 0 0 1 1 0 1 0 1
60	1	0 0 1 0 1 0 1 0 0 0 0 0 0 1 1 1
60	11	1 1 1 1 0 0 0 0 0 0 0 1 0 0 1 0
60	3	0 1 0 0 1 0 1 1 0 0 0 1 0 1 0 1
60	5	0 0 1 0 1 0 1 0 1 0 0 0 0 0 0 0
60	10	0 1 0 0 0 0 1 0 0 0 1 0 0 0 1 0
60	1	0 1 1 0 0 0 1 1 0 1 0 0 0 1 0 1
60	13	0 1 1 0 0 0 1 0 0 0 0 0 0 0 0 0
60	1	1 1 1 0 0 0 1 0 1 1 0 0 0 1 0 1
60	1	0 1 1 0 0 0 1 1 0 0 0 1 1 0 1 0
60	6	1 1 1 0 0 0 1 0 0 0 0 0 0 0 0 0
60	12	0 1 1 1 0 0 1 0 0 0 0 0 0 1 0 1
60	2	0 1 1 0 0 0 1 1 1 0 1 0 0 1 0 1
60	3	0 1 0 1 0 0 1 1 0 0 0 0 0 1 1 1
60	6	0 1 0 0 0 0 1 1 0 1 1 0 0 1 0 1
60	2	0 1 0 0 0 0 1 1 0 0 0 0 0 0 0 0
60	4	0 1 1 0 0 0 1 1 0 0 0 0 0 0 0 0
60	8	0 0 1 0 1 0 1 0 0 0 0 0 0 0 0 1
60	8	0 0 0 0 1 0 0 0 1 0 1 1 1 0 1 0
60	7	0 1 0 0 0 0 1 1 0 0 0 0 0 1 1 0
60	5	0 1 0 0 1 0 1 1 0 0 0 1 1 1 0 1
60	3	0 0 0 0 1 0 1 1 0 0 0 0 0 1 1 1
60	1	0 0 1 0 1 0 1 0 0 0 0 0 1 0 0 0
60	2	1 1 0 0 0 0 1 1 0 0 0 1 0 1 0 1
60	1	1 1 1 1 0 0 1 1 0 0 0 0 0 1 0 1
60	2	0 1 1 0 0 1 0 1 0 0 0 0 0 1 0 1
60	4	0 1 1 0 0 0 1 0 0 0 1 0 0 0 0 0
60	8	0 0 1 0 1 0 1 0 0 1 1 0 0 1 0 0
60	6	0 1 1 0 0 0 1 0 0 0 0 0 0 1 1 1
60	1	0 1 0 0 0 0 1 1 1 0 1 0 0 0 0 1
60	2	0 1 0 0 0 0 1 0 0 0 1 0 0 1 0 1
60	2	0 1 0 0 0 0 1 1 1 0 0 0 0 1 0 1
60	2	0 0 0 0 0 0 1 1 0 0 0 0 0 1 0 1
60	1	0 1 1 1 0 0 1 0 0 0 0 0 0 1 1 1
60	3	1 1 0 0 0 0 1 1 1 0 0 0 0 1 0 1
60	1	1 1 0 0 1 0 0 0 0 0 1 1 1 0 1 0
60	1	0 1 1 0 0 0 1 0 0 0 1 1 0 0 0 0
60	3	0 1 1 0 0 0 1 0 0 0 1 0 0 0 1 0
60	2	0 1 0 0 1 0 0 1 0 0 1 1 1 0 0 0
60	2	0 1 1 0 0 0 1 0 0 0 0 0 0 1 0 0
60	1	0 0 0 0 1 0 1 0 0 1 0 0 0 1 0 0
60	2	1 1 0 0 0 0 1 0 0 0 1 0 0 0 0 0
60	2	1 1 0 0 0 0 1 1 1 0 1 1 1 0 1 0
60	1	1 1 1 0 0 0 0 0 0 0 1 1 1 0 1 0
60	3	1 1 0 0 0 0 0 1 0 0 0 0 0 1 0 1
60	1	1 1 1 0 0 0 1 1 0 0 1 0 0 1 0 1
60	1	0 1 1 0 0 0 1 0 0 0 0 1 0 0 0 0
70	3	0 0 0 0 0 0 0 0 0 0 0 0 0 0 0 0
70	23	0 0 0 0 1 0 0 0 0 0 1 1 1 0 1 0
70	51	0 1 0 0 0 0 1 1 0 0 0 0 0 1 0 1
70	1	0 1 0 0 0 0 1 1 0 0 0 0 0 1 0 0
70	10	0 1 0 0 0 0 1 1 0 1 0 0 0 1 0 1
70	120	0 1 1 0 0 0 1 1 0 0 0 0 0 1 0 1
70	17	0 0 1 0 0 0 1 0 0 0 1 0 0 0 0 0
70	2	0 1 0 0 0 0 1 1 0 0 0 1 0 1 0 1
70	97	0 0 1 0 1 0 1 0 0 0 0 0 0 0 0 0
70	36	1 1 0 0 0 0 1 1 0 0 0 0 0 1 0 1
70	24	0 1 1 0 0 0 1 1 1 0 0 0 0 1 0 1
70	22	0 1 1 0 0 0 1 0 0 1 0 0 0 1 0 0
70	3	0 1 0 0 0 0 1 1 0 0 0 0 0 0 0 1
70	12	1 0 0 0 1 0 0 0 0 0 1 1 1 0 1 0
70	11	0 0 0 0 1 0 1 0 0 0 0 0 0 0 0 0
70	8	0 1 0 0 1 0 0 1 0 0 1 1 1 0 1 0
70	5	0 1 0 0 0 0 0 0 0 0 1 0 0 0 0 0
70	22	0 1 1 0 0 0 1 1 0 0 0 0 0 1 0 0
70	9	0 1 0 0 0 0 0 0 0 0 0 0 0 0 0 0
70	12	0 1 1 0 0 0 1 0 0 0 0 0 0 1 0 1
70	11	0 0 0 1 1 0 0 0 0 0 0 1 1 0 1 0
70	27	1 1 1 0 0 0 1 0 0 1 0 0 0 1 0 0
70	64	1 1 1 0 0 0 1 1 0 0 0 0 0 1 0 1
70	24	0 1 1 1 0 0 1 1 0 0 0 0 0 1 0 1
70	1	1 1 0 0 0 0 1 1 0 0 0 0 0 1 0 0
70	28	0 1 0 0 1 0 0 0 0 0 1 1 1 0 1 0
70	2	0 1 1 0 1 0 1 0 0 0 1 1 1 0 1 0
70	9	0 1 0 1 0 0 1 0 0 0 0 0 0 0 0 0
70	2	0 1 0 0 0 1 1 1 0 0 0 0 0 1 0 1
70	7	0 1 1 1 0 0 1 1 0 0 0 0 0 1 1 1
70	2	0 1 0 0 0 0 1 1 0 0 1 1 1 0 1 0
70	10	0 1 1 0 0 0 1 0 0 1 1 0 0 1 0 0
70	40	0 1 1 0 0 0 0 1 0 0 0 0 0 1 0 1
70	1	1 1 0 0 0 0 1 1 1 0 0 0 0 1 0 0
70	10	0 0 0 0 1 0 0 0 0 0 1 1 0 1 0 1
70	6	1 1 1 1 0 0 0 0 0 0 0 1 0 0 1 0
70	7	0 0 1 0 1 0 1 0 1 0 0 0 0 0 0 0
70	11	0 1 1 0 0 0 1 1 0 1 0 0 0 1 0 1
70	25	0 1 1 0 0 0 1 0 0 0 0 0 0 0 0 0
70	13	1 1 1 0 0 0 1 0 0 0 0 0 0 0 0 0
70	14	0 1 0 0 0 0 1 1 0 1 1 0 0 1 0 1
70	7	0 0 0 0 1 0 0 0 1 0 1 1 1 0 1 0
70	8	0 1 0 0 1 0 1 1 0 0 0 1 1 1 0 1
70	1	1 1 1 1 0 0 1 1 0 0 0 0 0 1 0 1
70	14	0 1 1 0 0 1 0 1 0 0 0 0 0 1 0 1
70	4	0 0 1 0 1 0 1 0 0 1 1 0 0 1 0 0
70	5	0 1 0 0 0 0 1 1 1 0 0 0 0 1 0 1
70	1	1 1 0 0 0 0 0 1 0 0 0 0 0 1 0 1
70	3	0 0 0 0 1 0 1 1 0 0 0 1 0 1 0 1
70	2	0 0 0 0 0 0 1 1 0 0 0 0 0 0 0 1
70	1	0 0 1 0 1 0 1 0 0 1 0 0 0 0 0 1
70	2	0 1 0 0 0 0 1 0 0 0 1 1 0 0 0 1
70	10	0 1 1 0 1 0 1 0 0 0 0 0 0 0 0 0
70	2	0 0 0 0 0 0 1 0 0 0 1 0 0 0 0 1
70	6	0 1 1 1 0 0 0 0 0 0 0 1 0 0 1 0
70	10	0 1 0 0 0 0 1 1 0 0 0 0 0 0 1 0
70	1	0 0 1 0 0 0 1 0 0 0 1 0 0 1 0 1
70	3	0 0 0 0 1 0 0 1 0 1 0 0 0 1 0 0
70	1	0 0 0 0 0 0 1 1 0 0 0 0 0 1 0 1
70	4	0 1 0 0 1 0 1 1 0 0 0 0 0 1 0 1
70	12	0 0 1 0 1 0 1 0 0 0 0 0 0 1 0 1
70	5	1 0 0 0 1 0 0 0 0 0 0 0 0 0 0 0
70	3	1 1 0 0 0 0 1 1 0 0 1 0 0 1 0 0
70	1	0 1 1 0 0 0 0 1 0 0 0 0 0 1 1 1
70	2	0 1 0 0 0 0 1 1 0 0 0 0 0 0 0 0
70	2	0 1 1 0 1 0 0 0 0 0 1 1 1 0 1 0
70	2	1 1 1 0 0 0 1 0 0 1 0 0 0 1 0 1
70	1	0 1 1 0 0 1 1 1 0 0 0 0 0 1 0 1
70	5	0 1 0 0 1 0 0 0 0 0 1 0 1 0 1 0
70	2	0 0 1 0 1 0 1 0 0 0 1 1 1 0 1 0
70	3	0 1 1 0 0 0 0 0 0 1 0 0 0 1 0 1
70	5	0 0 0 0 1 0 0 1 0 0 1 1 1 0 1 0
70	2	0 0 1 0 1 0 1 0 0 0 0 0 0 0 1 0
70	2	0 0 1 0 1 0 1 0 0 0 0 0 0 1 0 0
70	1	1 0 1 0 0 0 1 0 0 1 0 0 0 1 0 0
70	1	1 1 1 0 0 0 1 1 0 0 0 0 0 0 0 1
70	2	0 1 0 0 1 0 0 0 0 0 1 1 0 0 1 0
70	1	0 1 1 1 0 0 1 1 0 1 0 0 0 1 1 1
70	2	1 1 1 1 0 0 0 0 0 0 0 0 0 0 1 0
70	3	0 1 0 0 0 0 1 1 0 1 1 0 1 1 0 1
70	1	0 1 0 0 0 0 1 0 1 0 1 1 0 0 0 1
70	7	0 0 1 0 1 0 1 0 0 0 1 1 0 1 0 0
70	3	0 1 1 0 0 0 1 1 0 0 1 1 1 0 1 0
70	3	0 1 1 0 0 0 1 0 0 1 0 0 0 1 0 1
70	2	1 0 0 1 1 0 0 0 0 0 0 1 1 0 1 0
70	2	0 0 1 0 1 0 1 0 0 0 1 0 0 0 0 0
70	8	1 1 1 0 0 0 1 0 0 0 0 0 0 1 0 0
70	4	1 1 1 0 0 0 1 0 0 0 0 0 0 1 0 1
70	2	1 0 1 0 0 0 1 1 0 0 0 0 0 1 0 1
70	2	0 1 0 0 1 0 0 0 0 0 1 1 1 1 1 0
70	2	0 1 1 0 0 0 1 1 0 0 0 0 0 0 0 0
70	1	0 0 0 0 0 0 1 1 0 0 0 0 0 1 1 1
70	1	0 0 0 1 1 0 0 0 0 0 0 1 0 1 0 1
70	3	0 1 1 1 0 0 1 0 0 0 1 0 0 0 0 0
70	3	0 0 1 0 1 0 0 1 0 0 1 1 1 0 1 0
70	1	0 1 0 0 0 0 1 0 0 0 0 0 0 0 0 0
70	1	1 1 0 0 0 0 1 0 0 0 0 0 0 1 0 1
70	1	1 1 1 0 0 0 1 1 1 0 0 0 0 1 0 1
70	1	1 0 0 0 1 1 0 0 0 0 1 1 1 0 1 0
70	1	1 1 1 0 0 0 1 1 0 0 0 0 0 1 0 0
70	1	1 1 1 0 0 0 1 1 0 0 0 0 0 1 1 1
70	2	0 1 1 1 0 0 1 1 0 0 0 0 0 0 1 1
70	1	0 0 1 0 1 0 1 0 1 0 0 1 0 0 0 0
70	2	1 0 1 0 0 0 1 0 0 1 1 0 0 1 0 0
70	1	0 0 1 0 1 0 1 0 0 0 1 1 0 1 1 0
80	12	0 0 0 0 1 0 0 0 0 0 1 1 1 0 1 0
80	11	0 1 0 0 0 0 1 1 0 0 0 0 0 1 0 1
80	4	0 1 0 0 0 0 1 1 0 1 0 0 0 1 0 1
80	61	0 1 1 0 0 0 1 1 0 0 0 0 0 1 0 1
80	8	0 0 1 0 0 0 1 0 0 0 1 0 0 0 0 0
80	11	0 1 0 0 0 0 1 1 0 0 0 1 0 1 0 1
80	63	0 0 1 0 1 0 1 0 0 0 0 0 0 0 0 0
80	30	1 1 0 0 0 0 1 1 0 0 0 0 0 1 0 1
80	59	0 1 1 0 0 0 1 1 1 0 0 0 0 1 0 1
80	47	0 1 1 0 0 0 1 0 0 1 0 0 0 1 0 0
80	7	0 1 0 0 0 0 1 1 0 0 0 0 0 0 0 1
80	4	1 0 0 0 1 0 0 0 0 0 1 1 1 0 1 0
80	7	0 0 0 0 1 0 1 0 0 0 0 0 0 0 0 0
80	9	0 1 0 0 0 0 0 0 0 0 1 0 0 0 0 0
80	22	0 1 1 0 0 0 1 1 0 0 0 0 0 1 0 0
80	11	0 1 0 0 0 0 0 0 0 0 0 0 0 0 0 0
80	11	0 1 1 0 0 0 1 0 0 0 0 0 0 1 0 1
80	8	0 0 0 1 1 0 0 0 0 0 0 1 1 0 1 0
80	41	1 1 1 0 0 0 1 0 0 1 0 0 0 1 0 0
80	72	1 1 1 0 0 0 1 1 0 0 0 0 0 1 0 1
80	42	0 1 1 1 0 0 1 1 0 0 0 0 0 1 0 1
80	12	0 1 0 0 1 0 0 0 0 0 1 1 1 0 1 0
80	3	0 1 1 1 0 0 1 1 0 0 0 0 0 1 1 1
80	7	0 1 1 0 0 0 1 0 0 1 1 0 0 1 0 0
80	29	0 1 1 0 0 0 0 1 0 0 0 0 0 1 0 1
80	8	0 1 1 0 0 0 1 1 0 1 0 0 0 1 0 1
80	43	0 1 1 0 0 0 1 0 0 0 0 0 0 0 0 0
80	19	1 1 1 0 0 0 1 0 0 0 0 0 0 0 0 0
80	16	0 1 0 0 0 0 1 1 0 1 1 0 0 1 0 1
80	11	0 1 1 0 0 1 0 1 0 0 0 0 0 1 0 1
80	7	0 0 0 0 1 0 1 1 0 0 0 1 0 1 0 1
80	6	0 1 1 0 1 0 1 0 0 0 0 0 0 0 0 0
80	5	0 1 1 1 0 0 0 0 0 0 0 1 0 0 1 0
80	1	0 0 0 0 1 0 0 1 0 1 0 0 0 1 0 0
80	23	0 0 1 0 1 0 1 0 0 0 0 0 0 1 0 1
80	5	1 1 0 0 0 0 1 1 0 0 1 0 0 1 0 0
80	2	0 1 1 0 1 0 0 0 0 0 1 1 1 0 1 0
80	5	1 1 1 0 0 0 1 0 0 1 0 0 0 1 0 1
80	4	0 1 0 0 1 0 0 0 0 0 1 0 1 0 1 0
80	1	0 0 1 0 1 0 1 0 0 0 1 1 1 0 1 0
80	1	0 0 0 0 1 0 0 1 0 0 1 1 1 0 1 0
80	3	0 0 1 0 1 0 1 0 0 0 0 0 0 0 1 0
80	12	1 1 1 1 0 0 0 0 0 0 0 0 0 0 1 0
80	4	0 1 0 0 0 0 1 1 0 1 1 0 1 1 0 1
80	6	0 0 1 0 1 0 1 0 0 0 1 1 0 1 0 0
80	6	0 1 1 0 0 0 1 1 0 0 1 1 1 0 1 0
80	2	0 1 1 0 0 0 1 0 0 1 0 0 0 1 0 1
80	1	0 0 1 0 1 0 1 0 0 0 1 0 0 0 0 0
80	6	1 1 1 0 0 0 1 0 0 0 0 0 0 1 0 0
80	2	0 0 0 1 1 0 0 0 0 0 0 1 0 1 0 1
80	7	0 1 1 1 0 0 1 0 0 0 1 0 0 0 0 0
80	4	1 1 0 0 0 0 1 0 0 0 0 0 0 1 0 1
80	16	1 1 1 0 0 0 1 1 0 0 0 0 0 1 0 0
80	11	1 1 1 0 0 0 1 1 0 0 0 0 0 1 1 1
80	9	0 0 1 0 0 0 1 0 0 0 0 0 0 1 0 1
80	8	1 1 0 0 0 0 1 1 0 0 0 1 0 1 0 1
80	22	1 1 1 0 1 0 1 1 0 0 0 0 0 1 0 1
80	6	0 0 1 0 1 0 1 0 0 0 0 0 0 0 0 1
80	8	1 1 0 0 0 0 0 0 0 0 1 1 1 0 1 0
80	13	0 1 1 1 0 0 1 1 0 0 0 0 0 0 0 1
80	4	0 1 0 0 0 0 1 1 0 1 1 0 0 0 0 0
80	4	0 1 1 0 0 0 1 0 1 0 0 0 0 1 0 1
80	4	0 1 1 1 0 0 1 0 0 1 0 0 0 1 0 1
80	3	0 1 1 0 0 0 1 0 0 0 0 0 0 0 1 0
80	1	0 1 1 0 0 0 1 0 0 1 1 0 0 1 0 1
80	4	0 1 0 0 0 0 1 0 0 0 1 0 1 0 1 0
80	2	0 1 0 0 0 1 1 1 0 0 0 1 0 1 0 1
80	3	0 0 1 0 0 0 1 0 0 0 0 0 0 0 0 0
80	5	0 1 1 0 0 0 1 1 1 0 0 0 1 1 0 1
80	1	0 0 0 0 0 0 1 1 0 0 0 1 0 1 0 1
80	2	0 1 1 0 0 1 0 1 0 0 0 0 0 0 0 1
80	1	0 0 1 0 1 0 1 0 0 0 0 0 0 0 1 1
80	4	0 0 0 0 1 0 0 0 0 0 1 1 1 0 0 0
80	1	0 0 1 0 1 0 1 0 0 0 0 0 0 1 0 0
80	2	1 1 0 0 1 0 1 1 0 0 0 0 0 1 0 1
80	3	0 1 1 0 0 0 1 1 0 0 0 0 0 0 0 0
80	5	0 1 0 1 0 0 0 0 0 0 0 1 0 0 1 0
80	1	0 1 1 1 0 0 1 1 0 0 0 0 0 0 0 0
80	3	1 1 1 0 0 0 1 0 0 0 0 0 0 1 0 1
80	2	1 0 0 0 1 1 0 0 0 0 1 1 1 0 1 1
80	2	1 0 1 0 1 0 1 0 0 0 0 0 0 0 0 0
80	1	0 1 1 0 0 0 0 0 0 0 0 0 0 0 0 0
80	4	0 1 1 0 0 0 0 0 0 0 0 1 0 0 1 0
80	3	0 1 1 0 0 0 1 1 1 0 0 0 0 1 1 0
80	4	0 1 0 0 0 1 0 0 0 0 0 0 0 0 0 0
80	3	0 1 0 0 1 0 0 0 0 0 1 1 1 0 1 1
80	5	0 1 1 0 0 0 0 0 0 0 0 0 0 1 0 1
80	1	0 0 1 0 1 0 1 1 0 0 0 0 0 1 0 1
80	1	0 0 0 0 0 0 1 0 0 1 0 0 0 1 0 0
80	6	1 1 1 0 0 0 0 1 0 0 0 0 0 1 0 1
80	2	0 1 0 0 0 0 1 1 0 1 1 1 0 1 0 1
80	1	1 1 0 0 0 1 1 1 0 0 1 0 0 1 0 0
80	4	0 1 1 1 0 0 1 0 0 1 1 0 0 0 0 0
80	2	0 1 1 0 0 1 0 1 1 0 1 1 1 0 1 0
80	1	0 1 1 0 0 0 0 0 0 0 0 0 0 1 1 1
80	1	0 0 0 1 1 0 0 0 0 0 0 0 0 1 0 1
80	1	1 1 1 0 0 0 1 1 1 0 0 0 0 1 0 1
80	1	1 1 1 0 0 0 1 1 0 0 0 0 0 0 0 0
80	1	0 1 1 0 1 0 0 0 0 0 0 0 0 0 0 0
80	3	1 0 0 0 1 0 0 1 0 1 0 0 0 1 0 0
80	1	0 0 1 0 1 0 1 0 0 1 0 0 0 1 0 1
80	1	0 0 0 0 1 0 1 0 0 0 0 0 0 1 0 1
80	1	1 1 1 0 0 0 1 0 0 1 0 1 0 1 0 1
80	1	1 1 1 0 0 0 1 1 0 0 1 0 0 1 1 1
90	4	0 0 0 0 1 0 0 0 0 0 1 1 1 0 1 0
90	7	0 1 0 0 0 0 1 1 0 0 0 0 0 1 0 1
90	30	0 1 1 0 0 0 1 1 0 0 0 0 0 1 0 1
90	7	0 0 1 0 0 0 1 0 0 0 1 0 0 0 0 0
90	12	0 1 0 0 0 0 1 1 0 0 0 1 0 1 0 1
90	43	0 0 1 0 1 0 1 0 0 0 0 0 0 0 0 0
90	6	1 1 0 0 0 0 1 1 0 0 0 0 0 1 0 1
90	36	0 1 1 0 0 0 1 1 1 0 0 0 0 1 0 1
90	14	0 1 1 0 0 0 1 0 0 1 0 0 0 1 0 0
90	2	0 1 0 0 0 0 1 1 0 0 0 0 0 0 0 1
90	2	0 0 0 0 1 0 1 0 0 0 0 0 0 0 0 0
90	36	0 1 1 0 0 0 1 1 0 0 0 0 0 1 0 0
90	12	0 1 1 0 0 0 1 0 0 0 0 0 0 1 0 1
90	67	1 1 1 0 0 0 1 0 0 1 0 0 0 1 0 0
90	90	1 1 1 0 0 0 1 1 0 0 0 0 0 1 0 1
90	31	0 1 1 1 0 0 1 1 0 0 0 0 0 1 0 1
90	13	0 1 0 0 1 0 0 0 0 0 1 1 1 0 1 0
90	6	0 1 1 1 0 0 1 1 0 0 0 0 0 1 1 1
90	19	0 1 1 0 0 0 0 1 0 0 0 0 0 1 0 1
90	12	0 1 1 0 0 0 1 1 0 1 0 0 0 1 0 1
90	12	0 1 1 0 0 0 1 0 0 0 0 0 0 0 0 0
90	19	1 1 1 0 0 0 1 0 0 0 0 0 0 0 0 0
90	3	0 1 1 0 0 1 0 1 0 0 0 0 0 1 0 1
90	23	0 1 1 0 1 0 1 0 0 0 0 0 0 0 0 0
90	1	0 1 1 1 0 0 0 0 0 0 0 1 0 0 1 0
90	4	0 0 0 0 1 0 0 1 0 1 0 0 0 1 0 0
90	23	0 0 1 0 1 0 1 0 0 0 0 0 0 1 0 1
90	10	1 1 1 0 0 0 1 0 0 1 0 0 0 1 0 1
90	4	0 1 0 0 1 0 0 0 0 0 1 0 1 0 1 0
90	3	0 0 1 0 1 0 1 0 0 0 1 1 0 1 0 0
90	15	0 1 1 0 0 0 1 1 0 0 1 1 1 0 1 0
90	6	0 1 1 0 0 0 1 0 0 1 0 0 0 1 0 1
90	4	0 1 1 1 0 0 1 0 0 0 1 0 0 0 0 0
90	17	1 1 0 0 0 0 1 0 0 0 0 0 0 1 0 1
90	15	1 1 1 0 0 0 1 1 0 0 0 0 0 1 0 0
90	19	1 1 1 0 0 0 1 1 0 0 0 0 0 1 1 1
90	3	0 0 1 0 0 0 1 0 0 0 0 0 0 1 0 1
90	2	1 1 0 0 0 0 1 1 0 0 0 1 0 1 0 1
90	29	1 1 1 0 1 0 1 1 0 0 0 0 0 1 0 1
90	12	0 0 1 0 1 0 1 0 0 0 0 0 0 0 0 1
90	11	1 1 0 0 0 0 0 0 0 0 1 1 1 0 1 0
90	14	0 1 0 0 0 1 1 1 0 0 0 1 0 1 0 1
90	1	0 0 1 0 0 0 1 0 0 0 0 0 0 0 0 0
90	17	0 1 1 0 0 0 1 1 1 0 0 0 1 1 0 1
90	10	0 0 0 0 0 0 1 1 0 0 0 1 0 1 0 1
90	1	0 1 1 0 0 1 0 1 0 0 0 0 0 0 0 1
90	2	0 0 0 0 1 0 0 0 0 0 1 1 1 0 0 0
90	3	1 1 0 0 1 0 1 1 0 0 0 0 0 1 0 1
90	4	0 1 1 0 0 0 1 1 0 0 0 0 0 0 0 0
90	7	1 0 0 0 1 1 0 0 0 0 1 1 1 0 1 1
90	1	1 0 1 0 1 0 1 0 0 0 0 0 0 0 0 0
90	3	1 1 1 0 0 0 0 1 0 0 0 0 0 1 0 1
90	13	0 1 1 0 0 1 0 1 1 0 1 1 1 0 1 0
90	8	1 0 0 0 1 0 0 1 0 1 0 0 0 1 0 0
90	6	0 1 1 0 0 0 1 1 0 0 0 1 0 1 0 1
90	1	1 1 0 0 0 0 1 1 1 0 0 0 0 1 0 1
90	1	1 1 0 0 0 0 1 1 0 0 0 0 0 1 0 0
90	6	0 0 0 0 1 0 1 0 0 0 0 0 0 0 0 1
90	4	0 0 0 0 0 0 1 1 0 0 0 1 0 1 1 1
90	5	0 1 1 0 0 0 0 0 0 1 0 0 0 1 0 0
90	12	1 1 1 0 0 0 1 0 0 1 0 0 1 1 0 0
90	3	1 1 1 0 0 0 1 0 1 0 0 0 0 0 0 0
90	19	0 1 1 1 0 0 1 0 0 0 0 1 0 0 1 0
90	23	0 1 0 0 0 0 0 0 0 1 0 0 0 1 0 0
90	5	0 1 1 0 0 0 1 1 1 0 0 1 0 1 0 1
90	3	0 1 0 0 1 0 0 1 0 0 1 1 1 0 1 0
90	1	0 0 1 0 0 1 1 0 0 0 0 0 0 1 0 1
90	7	0 0 1 0 0 0 1 1 0 0 0 0 0 1 0 1
90	1	0 1 1 0 0 0 1 0 0 1 0 0 0 0 0 0
90	1	0 1 1 0 1 0 1 0 0 0 1 1 0 1 0 0
90	2	1 1 1 0 0 0 1 0 0 0 0 0 0 1 0 1
90	4	0 0 1 0 1 0 1 1 0 0 0 0 0 0 0 0
90	5	1 1 0 1 0 0 1 1 0 0 0 0 0 1 0 1
90	2	0 1 0 0 1 0 0 1 0 1 0 0 0 1 0 0
90	1	0 1 1 0 0 0 1 0 0 0 1 0 0 0 0 0
90	12	0 1 1 0 0 0 1 0 0 0 0 1 0 0 1 0
90	2	0 1 1 0 0 0 1 1 0 0 0 0 1 1 0 1
90	4	0 0 1 0 1 0 1 0 1 0 0 0 0 0 0 0
90	5	0 1 1 1 0 0 1 1 0 0 1 0 0 1 0 1
90	3	0 0 1 0 0 0 1 1 1 0 0 0 1 1 0 1
90	2	0 0 0 0 0 0 0 0 0 1 0 0 0 1 0 0
90	1	0 1 1 0 1 0 1 0 0 0 0 0 0 1 0 1
90	1	0 1 1 0 0 0 1 1 1 0 0 0 0 1 0 0
90	1	0 1 1 0 1 0 1 1 0 0 0 0 0 1 0 1
90	2	1 1 1 0 0 0 1 1 1 0 0 0 1 1 0 1
90	1	0 0 0 0 1 0 0 0 0 0 0 0 0 1 0 1
90	3	0 1 0 0 1 0 1 1 0 0 0 0 0 1 0 1
90	5	0 0 1 1 1 0 1 0 0 0 0 0 0 0 0 0
90	3	0 1 1 0 0 0 1 0 0 0 0 0 0 1 0 0
90	1	1 1 1 0 0 0 1 1 0 0 0 1 0 1 0 1
90	1	1 1 1 0 0 0 1 1 0 0 0 0 1 1 0 0
90	3	0 0 0 0 0 0 1 0 0 0 0 0 0 1 0 1
90	3	1 1 1 0 0 0 0 1 0 0 0 0 0 1 1 1
90	4	0 1 1 0 0 0 0 1 1 0 1 1 1 0 1 0
90	3	0 0 0 0 1 0 0 0 0 0 0 1 0 1 0 1
90	1	0 0 1 0 1 0 1 0 0 0 0 1 0 0 1 0
90	1	0 1 0 0 1 0 0 0 0 0 1 1 1 1 0 1
90	5	1 1 1 0 0 0 1 0 1 0 0 0 0 1 0 1
90	3	0 1 0 0 0 0 1 1 0 0 0 0 0 1 0 0
90	2	1 1 1 0 0 0 1 0 1 1 0 0 0 1 0 1
90	4	0 0 0 0 1 0 1 0 0 1 0 0 0 0 0 1
90	1	0 1 1 0 0 0 1 1 1 1 1 0 1 1 0 1
90	1	0 1 1 0 0 0 1 0 0 0 0 0 0 0 0 1
90	4	0 1 0 0 0 0 1 0 0 0 0 0 0 1 0 1
90	1	0 1 0 0 1 0 1 1 0 0 0 1 0 0 1 0
90	2	0 0 1 0 1 0 1 0 0 0 1 0 0 0 0 0
90	8	0 1 1 0 0 0 1 1 1 0 0 0 0 0 0 1
90	6	1 1 1 0 0 0 1 1 1 0 0 0 0 1 0 1
90	1	0 1 1 0 0 0 0 0 0 0 0 0 0 1 0 0
90	2	0 1 1 0 0 0 0 1 1 0 0 1 1 0 1 0
90	3	1 1 1 0 0 0 1 1 0 0 1 1 1 0 1 0
90	2	0 0 0 0 0 0 1 1 0 1 0 0 0 1 0 0
90	1	0 0 0 0 1 0 0 0 0 1 1 1 1 0 1 0
90	1	0 1 0 0 1 0 0 0 0 0 1 1 1 0 0 0
90	1	1 1 1 0 0 0 1 0 0 0 1 0 0 0 0 0
90	2	0 1 1 1 0 0 1 0 0 0 1 1 0 0 0 0
90	3	0 1 1 0 0 0 1 1 1 0 0 0 1 0 0 1
90	3	0 0 0 0 1 0 0 0 0 1 1 1 1 0 0 0
90	1	1 0 0 0 1 0 0 1 0 1 0 0 0 1 1 0
90	1	0 1 0 0 0 1 0 0 0 1 0 0 0 1 0 0
100	3	0 0 0 0 1 0 0 0 0 0 1 1 1 0 1 0
100	11	0 1 0 0 0 0 1 1 0 0 0 0 0 1 0 1
100	39	0 1 1 0 0 0 1 1 0 0 0 0 0 1 0 1
100	5	0 1 0 0 0 0 1 1 0 0 0 1 0 1 0 1
100	18	0 0 1 0 1 0 1 0 0 0 0 0 0 0 0 0
100	44	0 1 1 0 0 0 1 1 1 0 0 0 0 1 0 1
100	19	0 1 1 0 0 0 1 0 0 1 0 0 0 1 0 0
100	25	0 1 1 0 0 0 1 1 0 0 0 0 0 1 0 0
100	2	0 1 1 0 0 0 1 0 0 0 0 0 0 1 0 1
100	116	1 1 1 0 0 0 1 0 0 1 0 0 0 1 0 0
100	73	1 1 1 0 0 0 1 1 0 0 0 0 0 1 0 1
100	21	0 1 1 1 0 0 1 1 0 0 0 0 0 1 0 1
100	14	0 1 0 0 1 0 0 0 0 0 1 1 1 0 1 0
100	15	0 1 1 0 0 0 0 1 0 0 0 0 0 1 0 1
100	9	0 1 1 0 0 0 1 1 0 1 0 0 0 1 0 1
100	9	0 1 1 0 0 0 1 0 0 0 0 0 0 0 0 0
100	3	1 1 1 0 0 0 1 0 0 0 0 0 0 0 0 0
100	18	0 1 1 0 1 0 1 0 0 0 0 0 0 0 0 0
100	4	0 1 1 1 0 0 0 0 0 0 0 1 0 0 1 0
100	9	0 0 0 0 1 0 0 1 0 1 0 0 0 1 0 0
100	38	0 0 1 0 1 0 1 0 0 0 0 0 0 1 0 1
100	10	1 1 1 0 0 0 1 0 0 1 0 0 0 1 0 1
100	43	0 1 1 0 0 0 1 1 0 0 1 1 1 0 1 0
100	1	0 1 1 1 0 0 1 0 0 0 1 0 0 0 0 0
100	7	1 1 0 0 0 0 1 0 0 0 0 0 0 1 0 1
100	2	1 1 1 0 0 0 1 1 0 0 0 0 0 1 0 0
100	23	1 1 1 0 0 0 1 1 0 0 0 0 0 1 1 1
100	3	1 1 1 0 1 0 1 1 0 0 0 0 0 1 0 1
100	15	0 0 1 0 1 0 1 0 0 0 0 0 0 0 0 1
100	9	0 1 0 0 0 1 1 1 0 0 0 1 0 1 0 1
100	1	0 1 1 0 0 0 1 1 1 0 0 0 1 1 0 1
100	2	0 1 1 0 0 1 0 1 0 0 0 0 0 0 0 1
100	6	0 1 1 0 0 0 1 1 0 0 0 0 0 0 0 0
100	11	1 1 1 0 0 0 0 1 0 0 0 0 0 1 0 1
100	7	0 1 1 0 0 1 0 1 1 0 1 1 1 0 1 0
100	12	0 1 1 0 0 0 1 1 0 0 0 1 0 1 0 1
100	2	0 0 0 0 1 0 1 0 0 0 0 0 0 0 0 1
100	29	1 1 1 0 0 0 1 0 0 1 0 0 1 1 0 0
100	1	1 1 1 0 0 0 1 0 1 0 0 0 0 0 0 0
100	46	0 1 1 1 0 0 1 0 0 0 0 1 0 0 1 0
100	8	0 1 0 0 0 0 0 0 0 1 0 0 0 1 0 0
100	6	0 1 1 0 0 0 1 1 1 0 0 1 0 1 0 1
100	6	0 0 1 0 0 0 1 1 0 0 0 0 0 1 0 1
100	12	0 1 1 0 0 0 1 0 0 1 0 0 0 0 0 0
100	5	0 1 1 0 1 0 1 0 0 0 1 1 0 1 0 0
100	13	1 1 1 0 0 0 1 0 0 0 0 0 0 1 0 1
100	1	0 1 0 0 1 0 0 1 0 1 0 0 0 1 0 0
100	14	0 1 1 0 0 0 1 0 0 0 0 1 0 0 1 0
100	2	0 1 1 0 0 0 1 1 0 0 0 0 1 1 0 1
100	10	0 1 1 1 0 0 1 1 0 0 1 0 0 1 0 1
100	4	0 0 0 0 0 0 0 0 0 1 0 0 0 1 0 0
100	3	1 1 1 0 0 0 0 1 0 0 0 0 0 1 1 1
100	5	0 1 1 0 0 0 0 1 1 0 1 1 1 0 1 0
100	2	0 1 0 0 1 0 0 0 0 0 1 1 1 1 0 1
100	17	0 1 0 0 0 0 1 0 0 0 0 0 0 1 0 1
100	1	0 1 1 0 0 0 1 1 1 0 0 0 0 0 0 1
100	7	1 1 1 0 0 0 1 1 1 0 0 0 0 1 0 1
100	4	0 1 1 0 0 0 0 1 1 0 0 1 1 0 1 0
100	3	1 1 1 0 0 0 1 1 0 0 1 1 1 0 1 0
100	5	0 1 1 1 0 0 1 0 0 0 1 1 0 0 0 0
100	7	1 0 0 0 1 0 0 1 0 1 0 0 0 1 1 0
100	1	0 1 0 0 0 1 0 0 0 1 0 0 0 1 0 0
100	8	0 0 1 0 0 0 1 0 0 0 1 0 0 1 0 1
100	4	1 1 1 0 1 0 0 0 0 0 1 0 1 0 1 0
100	3	0 1 1 1 0 1 1 1 0 0 1 0 0 1 0 1
100	2	0 1 1 1 0 0 1 0 0 1 0 0 0 1 0 0
100	2	0 0 1 0 1 0 0 0 0 0 0 0 0 0 0 0
100	5	1 1 1 0 1 0 1 0 0 0 0 0 0 1 0 1
100	2	0 1 1 0 1 0 1 0 0 0 0 1 0 1 0 0
100	4	0 1 1 0 1 1 1 0 0 0 0 0 0 0 0 0
100	10	1 1 1 0 1 0 1 1 0 0 0 0 0 1 0 0
100	2	0 1 1 0 0 0 0 1 0 0 0 0 0 1 1 1
100	4	0 1 0 1 0 0 1 0 0 0 1 0 0 0 0 0
100	1	0 1 1 0 0 0 1 0 0 0 1 1 0 1 0 0
100	4	0 1 0 0 0 0 0 1 0 1 0 0 1 1 0 0
100	14	0 1 1 1 0 0 1 1 0 0 0 0 0 1 0 0
100	1	1 1 1 0 0 0 1 0 0 1 0 0 0 0 0 0
100	2	1 1 1 0 0 0 0 0 0 1 0 0 0 1 0 0
100	1	0 1 0 0 1 0 0 0 0 0 0 1 1 0 1 0
100	7	0 0 1 0 1 0 1 0 0 0 0 0 0 1 0 0
100	1	0 1 1 0 0 0 1 1 1 0 1 1 1 0 1 0
100	1	0 1 0 0 0 1 1 1 0 1 0 1 0 1 0 1
100	1	1 0 0 0 1 0 0 1 0 1 0 0 1 1 0 0
100	1	0 0 0 0 1 0 0 0 0 1 1 1 0 0 1 0
100	4	0 1 1 0 0 0 1 1 0 0 0 0 0 1 1 1
100	2	0 0 1 0 1 0 0 0 0 0 0 0 0 1 0 1
100	2	1 0 1 0 0 0 1 1 0 0 0 0 0 1 0 0
100	1	1 1 1 0 0 0 1 0 1 1 0 0 0 1 0 0
100	1	1 1 1 0 0 0 0 0 0 0 0 0 0 1 0 1
100	3	0 1 0 0 1 0 0 0 0 1 0 0 0 1 0 0
100	2	0 1 0 0 1 0 0 0 0 0 1 1 1 0 0 0
100	5	1 1 1 0 0 0 1 0 0 0 0 0 0 0 0 1
100	1	1 1 1 0 0 0 1 0 0 0 0 1 0 0 1 0
100	1	0 0 1 0 0 0 1 0 0 1 0 0 0 1 0 0
100	3	1 0 0 0 1 0 0 1 0 1 0 0 0 1 0 1
100	4	1 1 1 1 0 0 1 0 0 0 0 0 0 0 0 0
100	1	0 1 1 1 0 0 1 0 0 1 0 0 0 1 0 1
100	1	0 1 1 0 0 0 1 1 0 1 0 0 0 1 0 0
100	2	1 1 1 0 0 0 1 1 0 1 0 0 0 1 0 1
100	2	1 1 0 0 0 0 1 1 0 0 0 0 0 1 0 1
100	1	0 0 0 0 0 1 1 1 0 0 0 1 0 1 0 1
100	2	0 1 1 0 0 0 0 1 0 0 0 0 0 0 0 0
100	1	0 1 1 1 0 0 1 0 0 0 1 1 0 0 1 0
100	5	0 1 1 0 0 0 1 0 0 0 0 1 0 0 1 1
100	3	1 1 1 0 0 0 1 1 1 1 0 0 0 1 0 1
100	1	1 1 1 0 0 0 1 0 0 1 0 1 1 0 1 0
100	3	0 1 0 0 0 0 0 1 0 1 0 0 0 1 1 0
100	1	0 1 1 0 0 0 1 1 1 0 0 0 0 1 1 1
100	1	1 1 1 0 0 1 1 1 0 0 0 0 0 1 0 1
100	1	0 0 1 0 1 0 1 0 0 1 0 0 0 1 0 1
100	1	0 0 1 1 1 0 1 0 0 0 0 0 0 1 0 1
100	1	0 1 1 1 0 0 1 0 0 0 0 0 0 0 1 0
100	2	0 1 1 0 0 0 1 0 0 0 0 0 1 1 0 1
100	1	0 1 1 1 0 0 1 0 0 0 1 1 0 1 1 0
110	6	0 1 0 0 0 0 1 1 0 0 0 0 0 1 0 1
110	22	0 1 1 0 0 0 1 1 0 0 0 0 0 1 0 1
110	21	0 0 1 0 1 0 1 0 0 0 0 0 0 0 0 0
110	20	0 1 1 0 0 0 1 1 1 0 0 0 0 1 0 1
110	27	0 1 1 0 0 0 1 0 0 1 0 0 0 1 0 0
110	28	0 1 1 0 0 0 1 1 0 0 0 0 0 1 0 0
110	56	1 1 1 0 0 0 1 0 0 1 0 0 0 1 0 0
110	57	1 1 1 0 0 0 1 1 0 0 0 0 0 1 0 1
110	26	0 1 1 1 0 0 1 1 0 0 0 0 0 1 0 1
110	8	0 1 0 0 1 0 0 0 0 0 1 1 1 0 1 0
110	13	0 1 1 0 0 0 1 0 0 0 0 0 0 0 0 0
110	1	1 1 1 0 0 0 1 0 0 0 0 0 0 0 0 0
110	4	0 1 1 0 1 0 1 0 0 0 0 0 0 0 0 0
110	27	0 0 0 0 1 0 0 1 0 1 0 0 0 1 0 0
110	20	0 0 1 0 1 0 1 0 0 0 0 0 0 1 0 1
110	28	1 1 1 0 0 0 1 0 0 1 0 0 0 1 0 1
110	17	0 1 1 0 0 0 1 1 0 0 1 1 1 0 1 0
110	3	1 1 0 0 0 0 1 0 0 0 0 0 0 1 0 1
110	8	1 1 1 0 0 0 1 1 0 0 0 0 0 1 0 0
110	29	1 1 1 0 0 0 1 1 0 0 0 0 0 1 1 1
110	15	0 0 1 0 1 0 1 0 0 0 0 0 0 0 0 1
110	30	0 1 0 0 0 1 1 1 0 0 0 1 0 1 0 1
110	1	0 1 1 0 0 1 0 1 0 0 0 0 0 0 0 1
110	8	0 1 1 0 0 0 1 1 0 0 0 0 0 0 0 0
110	10	1 1 1 0 0 0 0 1 0 0 0 0 0 1 0 1
110	4	0 1 1 0 0 0 1 1 0 0 0 1 0 1 0 1
110	25	1 1 1 0 0 0 1 0 0 1 0 0 1 1 0 0
110	48	0 1 1 1 0 0 1 0 0 0 0 1 0 0 1 0
110	6	0 1 0 0 0 0 0 0 0 1 0 0 0 1 0 0
110	7	0 0 1 0 0 0 1 1 0 0 0 0 0 1 0 1
110	12	0 1 1 0 0 0 1 0 0 1 0 0 0 0 0 0
110	1	0 1 1 0 1 0 1 0 0 0 1 1 0 1 0 0
110	5	1 1 1 0 0 0 1 0 0 0 0 0 0 1 0 1
110	11	0 1 1 0 0 0 1 0 0 0 0 1 0 0 1 0
110	27	0 1 1 1 0 0 1 1 0 0 1 0 0 1 0 1
110	2	0 0 0 0 0 0 0 0 0 1 0 0 0 1 0 0
110	5	1 1 1 0 0 0 0 1 0 0 0 0 0 1 1 1
110	7	0 1 0 0 1 0 0 0 0 0 1 1 1 1 0 1
110	6	0 1 0 0 0 0 1 0 0 0 0 0 0 1 0 1
110	10	1 1 1 0 0 0 1 1 0 0 1 1 1 0 1 0
110	14	0 1 1 1 0 0 1 0 0 0 1 1 0 0 0 0
110	7	1 0 0 0 1 0 0 1 0 1 0 0 0 1 1 0
110	7	1 1 1 0 1 0 0 0 0 0 1 0 1 0 1 0
110	15	0 1 1 1 0 1 1 1 0 0 1 0 0 1 0 1
110	7	0 1 1 1 0 0 1 0 0 1 0 0 0 1 0 0
110	5	0 1 0 1 0 0 1 0 0 0 1 0 0 0 0 0
110	1	0 1 1 0 0 0 1 0 0 0 1 1 0 1 0 0
110	4	0 1 0 0 0 0 0 1 0 1 0 0 1 1 0 0
110	17	0 1 1 1 0 0 1 1 0 0 0 0 0 1 0 0
110	1	1 1 1 0 0 0 1 0 0 1 0 0 0 0 0 0
110	23	0 0 1 0 1 0 1 0 0 0 0 0 0 1 0 0
110	6	0 0 0 0 1 0 0 0 0 1 1 1 0 0 1 0
110	2	0 1 1 0 0 0 1 1 0 0 0 0 0 1 1 1
110	15	0 1 0 0 1 0 0 0 0 1 0 0 0 1 0 0
110	8	0 1 0 0 1 0 0 0 0 0 1 1 1 0 0 0
110	9	1 0 0 0 1 0 0 1 0 1 0 0 0 1 0 1
110	2	0 1 1 0 0 0 1 0 0 0 0 1 0 0 1 1
110	1	1 1 1 0 0 0 1 1 1 1 0 0 0 1 0 1
110	16	0 1 0 0 0 0 0 1 0 1 0 0 0 1 1 0
110	9	1 1 1 0 0 1 1 1 0 0 0 0 0 1 0 1
110	8	0 0 1 0 1 0 1 0 0 1 0 0 0 1 0 1
110	15	0 1 1 0 0 0 1 0 0 0 0 0 1 1 0 1
110	4	0 1 1 0 1 0 1 0 0 0 0 0 0 1 0 1
110	4	0 1 1 0 0 0 1 1 0 0 0 0 1 1 0 0
110	8	0 1 0 0 1 0 0 0 0 1 0 0 1 1 0 0
110	9	0 1 0 0 0 0 1 1 0 0 0 0 0 0 0 0
110	6	1 1 1 0 0 0 1 0 0 0 0 1 0 0 1 0
110	6	0 1 0 0 0 0 1 0 0 0 0 0 0 1 1 1
110	3	1 0 1 0 0 0 1 1 0 0 0 0 0 1 0 1
110	5	0 1 1 0 0 0 1 0 0 0 0 0 0 1 0 1
110	6	1 1 1 0 1 0 0 0 0 0 1 0 1 1 0 0
110	1	1 1 0 0 0 0 1 0 0 1 0 0 0 1 0 0
110	3	0 1 0 1 0 0 1 1 0 0 0 0 0 1 0 1
110	3	1 1 0 0 0 0 1 0 0 1 0 0 0 1 0 1
110	1	0 1 1 0 0 0 1 0 0 0 1 1 0 0 0 0
110	3	0 1 0 1 0 0 1 0 0 1 0 0 0 1 0 0
110	5	0 1 1 0 0 0 0 1 0 0 1 0 0 1 0 1
110	5	0 0 1 0 1 0 1 0 0 0 1 1 0 1 0 0
110	1	0 1 1 1 0 1 1 1 0 0 1 1 0 1 0 1
110	1	0 0 0 0 0 0 1 1 0 0 0 0 0 1 0 0
110	7	0 0 0 0 1 0 0 0 0 1 1 1 0 0 0 1
110	1	0 1 1 0 0 0 1 1 1 0 1 1 1 0 1 0
110	1	0 1 1 0 0 0 1 1 0 0 1 1 0 0 1 0
110	11	0 1 0 0 0 0 0 1 0 0 0 0 1 1 0 0
110	4	0 1 1 0 0 0 1 1 1 0 0 0 0 0 0 0
110	1	1 1 1 0 1 0 0 1 0 1 0 0 0 1 0 1
110	2	0 1 0 0 0 0 1 0 0 1 0 0 0 1 0 1
110	2	0 1 1 0 0 1 0 1 0 0 0 0 0 0 0 0
110	1	1 1 1 0 0 0 1 1 0 0 1 1 1 1 0 0
110	4	0 1 0 0 0 0 1 0 0 1 0 0 0 1 0 0
110	2	0 0 1 0 1 0 1 0 1 0 0 0 0 1 0 1
110	1	0 1 0 0 0 1 1 1 1 0 0 1 0 1 0 1
110	1	1 1 0 0 0 0 0 1 0 0 0 0 0 1 0 1
110	2	0 1 1 1 0 0 1 0 1 0 0 1 0 0 1 0
110	3	0 1 1 1 0 0 1 0 0 0 1 0 0 0 0 0
110	1	0 1 1 0 1 0 1 1 0 0 1 0 0 1 0 1
110	1	0 1 1 0 0 0 1 1 0 0 1 0 0 1 0 1
110	3	0 1 1 1 0 0 1 0 0 0 0 1 0 0 0 0
110	2	0 1 1 1 0 0 1 0 0 0 0 1 0 0 0 1
110	3	1 1 1 0 0 0 1 0 0 1 1 0 1 1 0 0
110	2	0 1 1 1 0 0 1 0 0 0 0 1 0 1 1 0
110	1	0 0 1 1 0 0 1 1 0 0 1 0 0 1 0 1
110	1	0 0 1 1 1 0 1 0 0 0 0 0 0 1 0 0
110	1	1 0 1 0 0 1 1 1 0 0 0 0 0 1 0 1
110	1	0 1 1 0 1 0 1 0 0 0 0 1 0 1 0 1
110	1	0 1 1 0 0 0 1 0 0 1 0 0 1 1 0 0
110	1	0 1 1 0 0 0 1 0 0 1 0 0 0 1 0 1
110	1	0 1 0 0 0 0 1 1 0 0 0 0 0 1 0 0
110	1	0 1 1 0 0 0 1 0 0 0 0 0 0 1 0 0
110	2	1 1 1 0 0 1 1 0 0 1 0 0 0 1 0 0
110	1	1 0 1 0 1 0 1 0 0 0 0 0 0 1 0 1
110	1	1 1 1 0 0 0 1 0 0 1 0 1 0 1 0 1
110	1	0 0 1 0 1 0 1 0 0 1 0 0 0 0 0 1
110	1	0 1 1 1 0 0 1 0 0 0 1 1 0 1 0 0
110	3	0 0 1 0 1 0 1 0 0 1 1 1 0 1 0 0
110	1	0 1 1 1 0 1 0 1 0 0 0 0 0 0 0 0
120	27	0 1 1 0 0 0 1 1 0 0 0 0 0 1 0 1
120	2	0 0 1 0 1 0 1 0 0 0 0 0 0 0 0 0
120	23	0 1 1 0 0 0 1 1 1 0 0 0 0 1 0 1
120	8	0 1 1 0 0 0 1 0 0 1 0 0 0 1 0 0
120	16	0 1 1 0 0 0 1 1 0 0 0 0 0 1 0 0
120	66	1 1 1 0 0 0 1 0 0 1 0 0 0 1 0 0
120	40	1 1 1 0 0 0 1 1 0 0 0 0 0 1 0 1
120	37	0 1 1 1 0 0 1 1 0 0 0 0 0 1 0 1
120	2	0 1 0 0 1 0 0 0 0 0 1 1 1 0 1 0
120	4	0 1 1 0 0 0 1 0 0 0 0 0 0 0 0 0
120	3	1 1 1 0 0 0 1 0 0 0 0 0 0 0 0 0
120	11	0 0 0 0 1 0 0 1 0 1 0 0 0 1 0 0
120	11	0 0 1 0 1 0 1 0 0 0 0 0 0 1 0 1
120	16	1 1 1 0 0 0 1 0 0 1 0 0 0 1 0 1
120	18	0 1 1 0 0 0 1 1 0 0 1 1 1 0 1 0
120	3	1 1 0 0 0 0 1 0 0 0 0 0 0 1 0 1
120	9	1 1 1 0 0 0 1 1 0 0 0 0 0 1 0 0
120	10	1 1 1 0 0 0 1 1 0 0 0 0 0 1 1 1
120	6	0 0 1 0 1 0 1 0 0 0 0 0 0 0 0 1
120	6	0 1 0 0 0 1 1 1 0 0 0 1 0 1 0 1
120	11	0 1 1 0 0 0 1 1 0 0 0 0 0 0 0 0
120	1	0 1 1 0 0 0 1 1 0 0 0 1 0 1 0 1
120	9	1 1 1 0 0 0 1 0 0 1 0 0 1 1 0 0
120	53	0 1 1 1 0 0 1 0 0 0 0 1 0 0 1 0
120	7	1 1 1 0 0 0 1 0 0 0 0 0 0 1 0 1
120	7	0 1 1 0 0 0 1 0 0 0 0 1 0 0 1 0
120	40	0 1 1 1 0 0 1 1 0 0 1 0 0 1 0 1
120	6	0 0 0 0 0 0 0 0 0 1 0 0 0 1 0 0
120	7	1 1 1 0 0 0 0 1 0 0 0 0 0 1 1 1
120	4	0 1 0 0 1 0 0 0 0 0 1 1 1 1 0 1
120	12	1 1 1 0 0 0 1 1 0 0 1 1 1 0 1 0
120	9	0 1 1 1 0 0 1 0 0 0 1 1 0 0 0 0
120	5	1 0 0 0 1 0 0 1 0 1 0 0 0 1 1 0
120	23	1 1 1 0 1 0 0 0 0 0 1 0 1 0 1 0
120	20	0 1 1 1 0 1 1 1 0 0 1 0 0 1 0 1
120	15	0 1 1 1 0 0 1 0 0 1 0 0 0 1 0 0
120	1	0 1 1 0 0 0 1 0 0 0 1 1 0 1 0 0
120	16	0 1 1 1 0 0 1 1 0 0 0 0 0 1 0 0
120	29	0 0 1 0 1 0 1 0 0 0 0 0 0 1 0 0
120	4	0 0 0 0 1 0 0 0 0 1 1 1 0 0 1 0
120	30	0 1 0 0 1 0 0 0 0 1 0 0 0 1 0 0
120	1	0 1 0 0 1 0 0 0 0 0 1 1 1 0 0 0
120	1	1 0 0 0 1 0 0 1 0 1 0 0 0 1 0 1
120	4	0 1 0 0 0 0 0 1 0 1 0 0 0 1 1 0
120	33	1 1 1 0 0 1 1 1 0 0 0 0 0 1 0 1
120	11	0 1 1 0 0 0 1 0 0 0 0 0 1 1 0 1
120	2	0 1 1 0 0 0 1 1 0 0 0 0 1 1 0 0
120	2	0 1 0 0 0 0 1 1 0 0 0 0 0 0 0 0
120	4	0 1 0 0 0 0 1 0 0 0 0 0 0 1 1 1
120	19	0 1 1 0 0 0 1 0 0 0 0 0 0 1 0 1
120	5	1 1 1 0 1 0 0 0 0 0 1 0 1 1 0 0
120	13	1 1 0 0 0 0 1 0 0 1 0 0 0 1 0 0
120	12	1 1 0 0 0 0 1 0 0 1 0 0 0 1 0 1
120	6	0 1 0 1 0 0 1 0 0 1 0 0 0 1 0 0
120	4	0 0 1 0 1 0 1 0 0 0 1 1 0 1 0 0
120	5	0 1 1 1 0 1 1 1 0 0 1 1 0 1 0 1
120	1	0 0 0 0 1 0 0 0 0 1 1 1 0 0 0 1
120	12	0 1 1 0 0 0 1 1 0 0 1 1 0 0 1 0
120	1	0 1 0 0 0 0 0 1 0 0 0 0 1 1 0 0
120	12	0 1 1 0 0 0 1 1 1 0 0 0 0 0 0 0
120	3	0 1 1 1 0 0 1 0 0 0 0 1 0 0 0 0
120	3	0 0 1 1 1 0 1 0 0 0 0 0 0 1 0 0
120	1	0 1 1 0 1 0 1 0 0 0 0 1 0 1 0 1
120	10	0 1 1 0 0 0 1 0 0 1 0 0 1 1 0 0
120	4	0 1 0 0 0 0 1 1 0 0 0 0 0 1 0 0
120	7	0 1 1 0 0 0 1 0 0 0 0 0 0 1 0 0
120	1	0 1 1 1 0 0 1 0 0 0 1 1 0 1 0 0
120	4	0 1 0 0 0 0 1 0 0 0 0 1 0 0 1 0
120	3	0 1 1 1 1 0 1 1 0 0 0 0 0 1 0 0
120	6	1 0 0 0 1 0 0 1 0 1 0 0 0 1 0 0
120	3	0 1 0 1 0 0 1 1 0 0 0 0 0 1 0 0
120	5	0 1 0 1 0 0 1 0 0 1 1 0 0 0 0 0
120	8	0 1 1 0 0 0 1 1 0 0 0 0 1 1 0 1
120	12	0 1 1 1 0 1 1 1 0 0 1 0 0 1 0 0
120	10	0 0 1 0 1 0 1 1 0 0 0 0 0 0 0 0
120	1	0 1 1 1 1 0 1 0 0 0 0 1 0 0 1 0
120	9	0 1 1 1 0 0 0 0 0 0 1 1 0 1 0 0
120	2	1 1 1 0 0 0 1 1 1 0 0 0 0 1 0 1
120	6	0 1 1 1 0 0 1 1 0 0 0 0 0 0 0 1
120	6	1 1 1 0 0 1 1 0 0 1 0 0 0 1 0 1
120	1	0 1 1 1 0 0 1 1 0 0 1 0 0 0 0 1
120	4	0 0 1 0 1 0 1 0 0 1 1 1 0 0 0 1
120	1	1 1 1 0 0 0 1 1 0 0 0 0 0 0 0 1
120	1	0 1 0 0 1 0 0 0 0 1 0 1 0 0 1 0
120	5	0 1 1 0 1 0 1 1 0 0 0 0 0 1 0 0
120	2	0 1 1 1 0 0 1 1 0 0 0 1 0 1 0 1
120	3	0 1 1 1 1 0 1 0 0 1 0 0 0 1 0 0
120	19	0 1 1 1 0 0 1 0 0 1 0 0 0 1 0 1
120	2	0 0 1 0 1 0 1 1 0 0 0 0 0 1 0 1
120	2	0 1 0 0 1 0 0 0 0 1 0 0 0 1 0 1
120	3	1 1 1 0 0 0 1 0 0 1 0 1 0 1 0 0
120	4	1 1 1 0 0 0 1 0 0 1 0 0 0 0 0 1
120	2	0 1 0 0 1 0 1 0 0 0 1 1 1 1 0 1
120	5	0 1 1 1 0 1 1 1 1 0 1 0 0 1 0 1
120	6	1 1 1 0 0 1 1 1 0 1 0 0 0 1 0 1
120	4	0 1 1 0 0 0 1 1 0 0 1 0 0 1 0 1
120	1	0 0 1 0 0 0 1 0 0 0 0 1 0 0 1 0
120	3	1 1 1 0 0 1 1 1 0 0 0 0 0 1 1 0
120	1	0 1 1 0 0 1 1 1 0 0 0 0 0 1 0 1
120	1	0 1 1 0 0 0 1 0 0 0 0 0 0 1 1 1
120	2	0 1 1 1 0 1 1 1 0 0 0 1 0 0 1 0
120	1	0 1 0 1 0 0 1 0 0 0 0 0 0 1 0 1
120	1	0 1 1 0 1 0 1 1 0 0 0 0 0 1 1 0
120	1	0 1 1 0 0 0 1 0 0 1 0 1 0 1 0 0
120	1	0 1 1 0 0 1 1 0 0 1 0 0 0 1 0 0
120	1	0 0 1 0 1 0 1 0 0 0 0 0 0 1 1 1
120	2	1 1 1 0 0 0 1 0 0 1 1 0 0 1 0 1
120	4	0 1 1 1 0 0 1 1 0 0 0 0 1 1 0 0
120	1	0 1 0 0 1 0 0 0 0 1 0 1 0 1 0 0
120	1	0 0 1 0 1 1 1 0 0 1 0 0 0 1 0 1
120	2	0 1 0 1 0 0 1 0 0 0 0 0 0 1 0 0
120	1	0 1 1 1 1 1 1 1 0 0 1 0 0 1 0 0
120	2	0 1 0 0 1 0 0 0 0 1 0 1 0 1 1 0
120	4	1 1 1 0 0 0 0 0 0 1 0 0 0 1 0 0
120	2	1 1 1 0 0 0 1 1 0 0 0 0 0 0 0 0
120	1	0 1 1 0 0 0 1 1 0 0 0 1 1 0 1 0
120	2	0 1 1 1 0 0 1 1 0 0 0 0 1 1 0 1
120	2	0 1 0 0 0 0 1 1 0 0 0 0 0 1 0 1
120	2	0 1 0 0 0 0 1 0 0 1 0 0 0 1 0 1
120	1	1 1 0 0 0 0 1 1 0 0 0 0 0 1 0 0
120	1	0 0 1 0 0 0 1 1 0 0 0 0 0 1 0 1
120	1	1 1 1 0 0 0 1 1 1 0 0 0 0 1 0 0
120	1	1 1 1 0 0 0 1 1 0 0 0 0 0 1 1 0
120	1	0 1 1 1 0 0 1 1 0 0 1 0 0 1 0 0
120	1	0 0 1 1 0 0 1 1 0 0 1 0 0 1 0 1
120	1	0 1 1 1 0 0 1 1 0 0 0 1 0 1 0 0
120	3	0 0 1 0 1 0 1 0 0 0 0 1 0 1 0 0
120	5	0 1 1 0 0 0 1 0 0 0 1 1 0 0 1 0
120	2	1 1 1 0 0 1 1 1 0 1 0 0 0 1 0 0
120	1	0 1 1 1 0 1 1 1 0 0 0 1 0 1 1 0
130	15	0 1 1 0 0 0 1 1 0 0 0 0 0 1 0 1
130	24	0 1 1 0 0 0 1 1 1 0 0 0 0 1 0 1
130	25	0 1 1 0 0 0 1 1 0 0 0 0 0 1 0 0
130	62	1 1 1 0 0 0 1 0 0 1 0 0 0 1 0 0
130	57	1 1 1 0 0 0 1 1 0 0 0 0 0 1 0 1
130	19	0 1 1 1 0 0 1 1 0 0 0 0 0 1 0 1
130	5	0 1 0 0 1 0 0 0 0 0 1 1 1 0 1 0
130	7	0 1 1 0 0 0 1 0 0 0 0 0 0 0 0 0
130	4	1 1 1 0 0 0 1 0 0 0 0 0 0 0 0 0
130	6	0 0 0 0 1 0 0 1 0 1 0 0 0 1 0 0
130	3	0 0 1 0 1 0 1 0 0 0 0 0 0 1 0 1
130	9	1 1 1 0 0 0 1 0 0 1 0 0 0 1 0 1
130	8	0 1 1 0 0 0 1 1 0 0 1 1 1 0 1 0
130	7	1 1 0 0 0 0 1 0 0 0 0 0 0 1 0 1
130	9	1 1 1 0 0 0 1 1 0 0 0 0 0 1 0 0
130	4	1 1 1 0 0 0 1 1 0 0 0 0 0 1 1 1
130	1	0 0 1 0 1 0 1 0 0 0 0 0 0 0 0 1
130	6	0 1 0 0 0 1 1 1 0 0 0 1 0 1 0 1
130	14	1 1 1 0 0 0 1 0 0 1 0 0 1 1 0 0
130	28	0 1 1 1 0 0 1 0 0 0 0 1 0 0 1 0
130	20	0 1 1 0 0 0 1 0 0 0 0 1 0 0 1 0
130	31	0 1 1 1 0 0 1 1 0 0 1 0 0 1 0 1
130	2	1 1 1 0 0 0 1 1 0 0 1 1 1 0 1 0
130	48	0 1 1 1 0 0 1 0 0 0 1 1 0 0 0 0
130	56	1 1 1 0 1 0 0 0 0 0 1 0 1 0 1 0
130	3	0 1 1 1 0 1 1 1 0 0 1 0 0 1 0 1
130	24	0 1 1 1 0 0 1 0 0 1 0 0 0 1 0 0
130	22	0 0 1 0 1 0 1 0 0 0 0 0 0 1 0 0
130	32	0 1 0 0 1 0 0 0 0 1 0 0 0 1 0 0
130	50	1 1 1 0 0 1 1 1 0 0 0 0 0 1 0 1
130	1	0 1 1 0 0 0 1 1 0 0 0 0 1 1 0 0
130	1	0 1 0 0 0 0 1 1 0 0 0 0 0 0 0 0
130	7	0 1 1 0 0 0 1 0 0 0 0 0 0 1 0 1
130	11	1 1 0 0 0 0 1 0 0 1 0 0 0 1 0 0
130	8	1 1 0 0 0 0 1 0 0 1 0 0 0 1 0 1
130	2	0 1 1 0 0 0 1 1 0 0 1 1 0 0 1 0
130	7	0 1 1 0 0 0 1 1 1 0 0 0 0 0 0 0
130	14	0 1 1 1 0 0 1 0 0 0 0 1 0 0 0 0
130	6	0 1 1 0 0 0 1 0 0 0 0 0 0 1 0 0
130	3	0 1 0 0 0 0 1 0 0 0 0 1 0 0 1 0
130	16	1 0 0 0 1 0 0 1 0 1 0 0 0 1 0 0
130	4	0 1 0 1 0 0 1 1 0 0 0 0 0 1 0 0
130	9	0 1 0 1 0 0 1 0 0 1 1 0 0 0 0 0
130	2	0 1 1 1 0 1 1 1 0 0 1 0 0 1 0 0
130	21	0 0 1 0 1 0 1 1 0 0 0 0 0 0 0 0
130	5	0 1 1 1 0 0 1 1 0 0 1 0 0 0 0 1
130	7	0 1 1 1 0 0 1 0 0 1 0 0 0 1 0 1
130	3	1 1 1 0 0 0 1 0 0 1 0 1 0 1 0 0
130	5	1 1 1 0 0 0 1 0 0 1 0 0 0 0 0 1
130	6	0 1 1 1 0 1 1 1 1 0 1 0 0 1 0 1
130	5	0 1 1 0 0 0 1 1 0 0 1 0 0 1 0 1
130	7	1 1 1 0 0 1 1 1 0 0 0 0 0 1 1 0
130	7	0 1 1 1 0 1 1 1 0 0 0 1 0 0 1 0
130	8	0 1 1 0 0 0 1 0 0 1 0 1 0 1 0 0
130	4	0 1 0 0 0 0 1 0 0 1 0 0 0 1 0 1
130	11	0 1 1 0 0 0 1 0 0 0 1 1 0 0 1 0
130	11	0 1 1 1 0 1 1 1 0 1 0 0 0 1 0 0
130	8	1 1 1 1 0 0 1 1 0 0 1 1 1 0 1 0
130	4	1 1 0 0 1 0 0 0 0 0 1 0 1 0 1 0
130	3	0 1 1 1 0 0 1 1 0 0 0 0 0 1 1 0
130	5	1 1 1 1 0 0 1 0 0 0 1 1 0 1 0 0
130	1	0 1 1 0 1 0 1 1 0 0 0 0 1 1 0 0
130	17	0 1 1 1 0 1 1 1 0 0 1 0 1 0 1 0
130	13	0 1 1 0 1 0 0 0 0 1 0 0 0 1 0 0
130	1	1 1 1 0 0 1 1 1 0 0 0 1 0 1 0 1
130	3	1 1 1 0 0 1 1 1 0 0 1 1 0 1 0 1
130	3	0 1 1 1 0 1 1 1 0 0 1 1 0 1 0 0
130	1	1 1 1 0 0 0 1 0 0 0 0 0 0 1 0 1
130	7	1 1 1 0 0 1 1 1 0 0 0 0 0 0 0 0
130	4	0 1 1 1 0 0 1 1 0 0 0 0 1 0 1 0
130	4	0 0 1 0 0 0 1 1 0 0 0 0 0 1 0 1
130	1	0 0 0 0 1 0 0 1 0 1 1 0 0 1 0 0
130	1	0 1 1 0 0 0 1 1 0 1 0 0 0 1 0 1
130	1	1 1 1 0 0 1 1 1 0 1 0 0 0 1 0 1
130	2	1 1 1 0 0 0 1 0 0 0 0 0 0 1 0 0
130	4	1 1 1 0 0 0 1 1 0 0 0 0 1 1 0 1
130	10	0 1 0 1 0 0 1 1 0 0 0 0 0 1 0 1
130	4	0 1 0 0 1 0 0 0 0 0 0 1 1 0 1 0
130	3	0 1 1 1 0 0 1 0 0 0 1 1 0 0 1 0
130	2	0 1 1 1 0 0 1 1 0 0 1 0 0 1 1 1
130	5	0 1 1 1 0 0 1 1 0 1 0 0 0 1 1 0
130	1	1 1 1 0 0 0 1 1 0 0 0 1 0 1 0 1
130	4	1 1 0 0 0 0 1 0 0 0 0 0 0 1 0 0
130	2	0 1 1 1 0 1 1 1 0 0 0 0 0 1 0 1
130	2	1 1 1 0 0 1 1 0 0 1 0 0 0 1 0 0
130	9	1 1 1 0 1 0 0 1 0 0 1 0 1 0 1 0
130	1	1 1 0 0 1 0 0 0 0 1 0 0 0 1 0 0
130	3	0 1 1 0 0 0 1 0 0 0 0 1 0 0 0 0
130	1	1 0 0 0 1 0 0 1 0 1 0 0 1 0 1 0
130	1	0 0 1 0 1 0 1 0 0 1 0 0 0 1 0 0
130	3	0 0 1 0 0 0 1 0 0 1 0 0 0 1 0 0
130	2	1 1 1 0 0 1 1 1 0 0 1 1 0 0 0 0
130	4	1 1 1 0 0 0 0 0 0 1 0 0 0 1 0 0
130	2	0 1 1 0 0 0 1 0 0 0 1 1 1 0 1 0
130	6	0 1 1 1 0 0 1 0 0 0 1 0 0 0 0 0
130	3	1 1 1 0 0 0 0 0 0 0 1 0 1 0 1 0
130	3	0 1 1 1 0 1 1 1 0 0 1 0 0 1 1 1
130	6	0 1 1 1 0 0 1 0 0 1 0 0 1 1 0 0
130	1	0 0 1 0 0 0 1 0 0 1 0 0 1 1 0 0
130	2	0 0 1 0 0 0 1 0 0 1 0 0 0 1 0 1
130	1	0 1 1 0 1 0 1 1 0 0 0 0 0 0 0 0
130	2	1 1 1 1 0 0 1 1 0 0 1 1 0 1 0 0
130	1	0 1 1 0 1 0 1 1 0 0 0 0 1 0 1 0
130	2	0 1 1 0 0 0 1 1 1 0 0 0 0 1 0 0
130	2	1 0 1 0 0 0 1 1 0 0 0 0 0 1 0 1
130	8	0 1 1 0 0 0 1 1 0 0 0 1 0 0 1 0
130	3	0 1 1 1 0 0 1 1 0 0 1 1 0 0 0 0
130	1	1 1 1 1 0 0 1 0 0 0 1 1 1 0 1 0
130	3	1 1 1 0 1 0 0 0 0 1 0 0 0 1 0 0
130	2	1 1 1 0 0 0 1 1 0 1 0 0 0 1 0 0
130	1	0 1 1 1 1 0 0 0 0 1 0 0 0 1 0 0
130	2	0 1 1 1 0 0 1 1 0 0 0 0 0 1 1 1
130	1	0 1 1 0 0 0 1 0 0 0 1 1 0 1 0 0
130	3	0 1 1 1 0 1 1 1 0 0 0 1 1 0 1 0
130	1	0 1 1 0 0 0 1 0 0 0 1 1 0 0 0 0
130	2	1 1 1 0 0 0 1 1 0 0 0 0 0 0 0 1
130	2	0 1 0 0 1 0 0 0 1 0 1 1 1 0 1 0
130	1	0 1 0 0 0 0 0 1 0 1 0 0 1 1 1 0
130	2	1 1 1 0 0 1 1 1 0 0 0 0 0 0 0 1
130	1	1 0 0 0 1 0 0 1 0 1 0 0 1 1 0 0
130	1	0 1 1 1 0 0 1 0 0 0 0 0 0 0 0 1
130	1	0 1 1 0 0 0 1 0 0 1 0 1 0 1 0 1
130	1	1 1 1 0 0 1 1 1 0 0 0 1 0 1 1 1
130	1	0 1 0 1 0 0 1 1 0 1 0 0 0 1 1 0
140	2	0 1 1 0 0 0 1 1 0 0 0 0 0 1 0 1
140	9	0 1 1 0 0 0 1 1 1 0 0 0 0 1 0 1
140	28	0 1 1 0 0 0 1 1 0 0 0 0 0 1 0 0
140	82	1 1 1 0 0 0 1 0 0 1 0 0 0 1 0 0
140	31	1 1 1 0 0 0 1 1 0 0 0 0 0 1 0 1
140	7	0 1 1 1 0 0 1 1 0 0 0 0 0 1 0 1
140	14	0 1 0 0 1 0 0 0 0 0 1 1 1 0 1 0
140	1	0 1 1 0 0 0 1 0 0 0 0 0 0 0 0 0
140	15	1 1 1 0 0 0 1 0 0 0 0 0 0 0 0 0
140	18	0 0 1 0 1 0 1 0 0 0 0 0 0 1 0 1
140	16	1 1 1 0 0 0 1 0 0 1 0 0 0 1 0 1
140	2	0 1 1 0 0 0 1 1 0 0 1 1 1 0 1 0
140	8	1 1 1 0 0 0 1 0 0 1 0 0 1 1 0 0
140	9	0 1 1 1 0 0 1 0 0 0 0 1 0 0 1 0
140	23	0 1 1 0 0 0 1 0 0 0 0 1 0 0 1 0
140	24	0 1 1 1 0 0 1 1 0 0 1 0 0 1 0 1
140	55	0 1 1 1 0 0 1 0 0 0 1 1 0 0 0 0
140	32	1 1 1 0 1 0 0 0 0 0 1 0 1 0 1 0
140	12	0 1 1 1 0 1 1 1 0 0 1 0 0 1 0 1
140	27	0 1 1 1 0 0 1 0 0 1 0 0 0 1 0 0
140	15	0 0 1 0 1 0 1 0 0 0 0 0 0 1 0 0
140	7	0 1 0 0 1 0 0 0 0 1 0 0 0 1 0 0
140	39	1 1 1 0 0 1 1 1 0 0 0 0 0 1 0 1
140	15	1 1 0 0 0 0 1 0 0 1 0 0 0 1 0 0
140	4	0 1 1 1 0 0 1 0 0 0 0 1 0 0 0 0
140	8	1 0 0 0 1 0 0 1 0 1 0 0 0 1 0 0
140	4	0 1 0 1 0 0 1 1 0 0 0 0 0 1 0 0
140	11	0 1 0 1 0 0 1 0 0 1 1 0 0 0 0 0
140	9	0 1 1 1 0 1 1 1 0 0 1 0 0 1 0 0
140	36	0 0 1 0 1 0 1 1 0 0 0 0 0 0 0 0
140	7	1 1 1 0 0 0 1 0 0 1 0 0 0 0 0 1
140	6	0 1 1 1 0 1 1 1 1 0 1 0 0 1 0 1
140	1	0 1 1 0 0 0 1 1 0 0 1 0 0 1 0 1
140	45	1 1 1 0 0 1 1 1 0 0 0 0 0 1 1 0
140	10	0 1 1 1 0 1 1 1 0 0 0 1 0 0 1 0
140	24	0 1 1 0 0 0 1 0 0 1 0 1 0 1 0 0
140	1	0 1 0 0 0 0 1 0 0 1 0 0 0 1 0 1
140	13	0 1 1 0 0 0 1 0 0 0 1 1 0 0 1 0
140	20	0 1 1 1 0 1 1 1 0 1 0 0 0 1 0 0
140	20	1 1 1 1 0 0 1 1 0 0 1 1 1 0 1 0
140	1	1 1 1 1 0 0 1 0 0 0 1 1 0 1 0 0
140	23	0 1 1 1 0 1 1 1 0 0 1 0 1 0 1 0
140	7	0 1 1 0 1 0 0 0 0 1 0 0 0 1 0 0
140	5	1 1 1 0 0 1 1 1 0 0 1 1 0 1 0 1
140	15	0 0 1 0 0 0 1 1 0 0 0 0 0 1 0 1
140	9	0 1 0 1 0 0 1 1 0 0 0 0 0 1 0 1
140	5	0 1 1 1 0 0 1 0 0 0 1 1 0 0 1 0
140	16	0 1 1 1 0 0 1 1 0 1 0 0 0 1 1 0
140	2	0 1 1 1 0 1 1 1 0 0 0 0 0 1 0 1
140	25	1 1 1 0 1 0 0 1 0 0 1 0 1 0 1 0
140	2	1 1 0 0 1 0 0 0 0 1 0 0 0 1 0 0
140	17	0 1 1 0 0 0 1 0 0 0 0 1 0 0 0 0
140	7	0 0 1 0 0 0 1 0 0 1 0 0 0 1 0 0
140	14	1 1 1 0 0 1 1 1 0 0 1 1 0 0 0 0
140	6	1 1 1 0 0 0 0 0 0 1 0 0 0 1 0 0
140	1	1 1 1 0 0 0 0 0 0 0 1 0 1 0 1 0
140	5	1 1 1 1 0 0 1 0 0 0 1 1 1 0 1 0
140	16	1 1 1 0 1 0 0 0 0 1 0 0 0 1 0 0
140	1	0 1 0 0 1 0 0 0 1 0 1 1 1 0 1 0
140	3	1 1 1 0 0 0 1 1 0 0 0 1 0 0 0 0
140	2	1 1 1 0 0 0 1 1 0 0 1 0 0 1 0 0
140	2	0 0 1 1 0 1 1 1 1 0 1 0 0 1 0 1
140	1	0 1 1 1 0 0 1 0 0 0 1 0 1 0 1 0
140	7	0 1 1 1 0 0 1 1 0 1 0 1 0 0 1 0
140	3	1 1 1 0 0 0 1 0 0 1 0 0 0 1 1 0
140	7	1 1 0 0 0 0 1 0 0 1 1 0 0 1 0 1
140	8	0 1 1 0 0 0 1 0 0 1 0 0 0 1 0 0
140	3	0 1 1 1 0 0 1 1 0 0 0 0 0 1 0 0
140	1	0 1 1 1 0 1 1 1 0 0 0 1 0 1 1 0
140	3	1 1 1 1 0 0 1 0 0 1 0 0 0 1 0 0
140	2	1 1 1 0 0 0 1 1 0 0 1 0 1 1 0 0
140	1	1 1 1 0 0 0 1 1 0 0 0 1 0 0 1 0
140	2	1 1 1 0 0 0 1 0 0 0 0 0 0 1 0 0
140	4	0 0 1 0 1 0 1 1 0 0 0 0 0 1 0 1
140	8	0 1 1 1 0 0 1 0 0 0 1 1 1 0 1 0
140	1	1 0 1 0 0 0 1 0 0 1 0 0 0 1 0 0
140	1	1 1 1 0 0 0 1 1 0 0 0 0 0 1 0 0
140	1	0 1 1 0 1 0 0 0 0 0 1 0 0 0 1 0
140	4	1 0 0 0 1 0 0 0 0 0 1 0 1 0 1 0
140	1	0 1 1 1 0 0 1 1 0 1 0 0 0 0 1 0
140	4	0 1 1 0 0 0 0 0 0 0 0 0 0 0 0 0
140	2	1 1 1 0 0 0 1 0 0 0 0 0 1 0 0 0
140	1	0 1 1 0 0 0 1 0 0 0 0 0 0 1 0 1
140	4	1 1 1 0 0 1 1 1 0 0 1 0 0 1 0 1
140	2	1 1 1 0 0 1 1 0 0 0 0 0 0 1 0 1
140	4	0 1 1 1 0 1 1 1 0 1 0 0 1 1 0 0
140	3	0 1 1 1 0 1 1 1 0 1 0 0 0 1 1 0
140	3	0 1 1 1 0 0 1 1 0 0 0 0 0 1 1 1
140	2	0 1 1 1 0 1 1 1 0 0 1 1 0 1 0 0
140	2	0 0 1 0 1 1 1 1 0 0 0 0 0 0 0 0
140	3	0 0 1 0 0 0 1 1 0 0 0 0 0 0 0 0
140	2	0 1 1 1 0 0 1 0 0 0 1 1 0 1 0 0
140	1	0 1 1 0 0 0 1 1 0 1 0 0 0 1 0 0
140	1	1 1 1 0 1 0 0 0 0 0 0 0 0 1 0 0
140	1	1 1 0 0 1 0 0 0 0 1 0 0 0 1 0 1
140	1	0 0 1 0 0 0 1 0 0 0 1 1 0 0 1 0
140	1	0 1 1 0 0 0 1 0 0 0 0 0 0 1 0 0
140	1	0 1 0 0 0 0 1 1 0 0 0 0 0 1 0 0
140	1	0 1 0 0 1 0 1 0 0 0 1 1 1 0 1 0
140	2	0 1 1 0 1 0 0 0 0 0 1 1 1 0 1 0
140	1	0 1 1 0 0 0 1 0 0 0 0 1 0 1 0 0
140	1	0 1 0 1 0 1 1 1 0 0 1 0 1 0 1 0
140	1	1 0 1 0 0 0 1 1 0 0 0 0 0 1 0 0
140	1	0 1 0 0 0 0 0 0 1 0 1 1 1 0 1 0
140	1	0 1 1 0 1 0 0 0 0 0 0 0 0 0 1 0
140	2	0 1 1 0 0 0 1 1 0 1 0 0 0 0 0 0
150	28	0 1 1 0 0 0 1 1 1 0 0 0 0 1 0 1
150	14	0 1 1 0 0 0 1 1 0 0 0 0 0 1 0 0
150	96	1 1 1 0 0 0 1 0 0 1 0 0 0 1 0 0
150	10	1 1 1 0 0 0 1 1 0 0 0 0 0 1 0 1
150	10	0 1 0 0 1 0 0 0 0 0 1 1 1 0 1 0
150	24	1 1 1 0 0 0 1 0 0 0 0 0 0 0 0 0
150	17	0 0 1 0 1 0 1 0 0 0 0 0 0 1 0 1
150	2	1 1 1 0 0 0 1 0 0 1 0 0 0 1 0 1
150	17	0 1 1 0 0 0 1 1 0 0 1 1 1 0 1 0
150	1	1 1 1 0 0 0 1 0 0 1 0 0 1 1 0 0
150	28	0 1 1 1 0 0 1 0 0 0 0 1 0 0 1 0
150	21	0 1 1 0 0 0 1 0 0 0 0 1 0 0 1 0
150	7	0 1 1 1 0 0 1 1 0 0 1 0 0 1 0 1
150	58	0 1 1 1 0 0 1 0 0 0 1 1 0 0 0 0
150	16	1 1 1 0 1 0 0 0 0 0 1 0 1 0 1 0
150	9	0 1 1 1 0 1 1 1 0 0 1 0 0 1 0 1
150	32	0 1 1 1 0 0 1 0 0 1 0 0 0 1 0 0
150	21	0 0 1 0 1 0 1 0 0 0 0 0 0 1 0 0
150	1	0 1 0 0 1 0 0 0 0 1 0 0 0 1 0 0
150	11	1 1 1 0 0 1 1 1 0 0 0 0 0 1 0 1
150	16	1 1 0 0 0 0 1 0 0 1 0 0 0 1 0 0
150	4	0 1 1 1 0 0 1 0 0 0 0 1 0 0 0 0
150	4	1 0 0 0 1 0 0 1 0 1 0 0 0 1 0 0
150	3	0 1 0 1 0 0 1 1 0 0 0 0 0 1 0 0
150	10	0 1 0 1 0 0 1 0 0 1 1 0 0 0 0 0
150	3	0 1 1 1 0 1 1 1 0 0 1 0 0 1 0 0
150	43	0 0 1 0 1 0 1 1 0 0 0 0 0 0 0 0
150	15	1 1 1 0 0 0 1 0 0 1 0 0 0 0 0 1
150	11	1 1 1 0 0 1 1 1 0 0 0 0 0 1 1 0
150	10	0 1 1 1 0 1 1 1 0 0 0 1 0 0 1 0
150	18	0 1 1 0 0 0 1 0 0 1 0 1 0 1 0 0
150	7	0 1 1 0 0 0 1 0 0 0 1 1 0 0 1 0
150	6	0 1 1 1 0 1 1 1 0 1 0 0 0 1 0 0
150	1	1 1 1 1 0 0 1 1 0 0 1 1 1 0 1 0
150	28	0 1 1 1 0 1 1 1 0 0 1 0 1 0 1 0
150	3	1 1 1 0 0 1 1 1 0 0 1 1 0 1 0 1
150	5	0 0 1 0 0 0 1 1 0 0 0 0 0 1 0 1
150	10	0 1 1 1 0 0 1 0 0 0 1 1 0 0 1 0
150	10	0 1 1 1 0 0 1 1 0 1 0 0 0 1 1 0
150	9	0 1 1 1 0 1 1 1 0 0 0 0 0 1 0 1
150	13	1 1 1 0 1 0 0 1 0 0 1 0 1 0 1 0
150	27	0 1 1 0 0 0 1 0 0 0 0 1 0 0 0 0
150	4	0 0 1 0 0 0 1 0 0 1 0 0 0 1 0 0
150	2	1 1 1 0 0 1 1 1 0 0 1 1 0 0 0 0
150	3	1 1 1 0 0 0 0 0 0 1 0 0 0 1 0 0
150	10	1 1 1 1 0 0 1 0 0 0 1 1 1 0 1 0
150	20	1 1 1 0 1 0 0 0 0 1 0 0 0 1 0 0
150	13	0 0 1 1 0 1 1 1 1 0 1 0 0 1 0 1
150	2	0 1 1 1 0 0 1 0 0 0 1 0 1 0 1 0
150	17	0 1 1 1 0 0 1 1 0 1 0 1 0 0 1 0
150	1	1 1 0 0 0 0 1 0 0 1 1 0 0 1 0 1
150	15	0 1 1 0 0 0 1 0 0 1 0 0 0 1 0 0
150	16	0 1 1 1 0 0 1 1 0 0 0 0 0 1 0 0
150	5	1 1 1 1 0 0 1 0 0 1 0 0 0 1 0 0
150	12	0 1 1 1 0 0 1 0 0 0 1 1 1 0 1 0
150	11	1 1 1 0 0 0 1 1 0 0 0 0 0 1 0 0
150	3	1 0 0 0 1 0 0 0 0 0 1 0 1 0 1 0
150	2	0 1 1 1 0 1 1 1 0 1 0 0 1 1 0 0
150	30	0 1 1 0 0 0 1 1 0 1 0 0 0 1 0 0
150	6	0 1 0 0 1 0 1 0 0 0 1 1 1 0 1 0
150	2	0 1 1 0 1 0 0 0 0 0 1 1 1 0 1 0
150	9	0 1 1 0 1 0 0 0 0 0 0 0 0 0 1 0
150	3	0 1 1 0 0 0 1 1 0 1 0 0 0 0 0 0
150	1	0 1 1 0 0 0 1 1 1 0 0 0 0 1 1 0
150	1	0 1 1 1 0 1 1 1 0 1 0 0 0 1 0 1
150	1	0 1 1 1 0 1 1 1 0 0 0 0 0 0 0 0
150	5	0 1 0 1 0 0 1 1 0 0 1 0 0 1 0 1
150	13	0 0 1 0 1 0 1 0 0 0 0 0 0 0 0 0
150	4	0 1 1 1 0 0 1 1 0 0 0 0 0 1 1 0
150	2	1 1 1 0 0 0 1 0 0 1 1 0 0 1 0 1
150	2	0 0 1 0 0 0 1 0 0 1 1 0 0 1 0 0
150	2	1 1 1 0 0 0 1 0 0 0 0 0 0 1 0 0
150	2	0 0 1 0 1 0 1 0 0 0 0 0 1 1 0 0
150	4	0 1 1 0 0 0 1 0 0 0 0 0 0 1 1 0
150	9	1 1 1 0 0 0 1 0 0 1 1 0 0 1 0 0
150	10	1 1 1 0 0 0 1 0 0 1 0 0 0 0 0 0
150	6	0 0 1 0 1 0 1 0 0 0 0 1 0 1 0 0
150	1	1 1 1 0 1 0 0 1 0 0 1 0 1 0 0 0
150	4	1 1 1 1 0 0 1 1 0 1 0 0 0 1 1 0
150	2	0 1 1 0 0 0 0 1 0 0 0 0 0 1 0 0
150	7	0 0 1 0 1 0 1 0 0 1 0 0 0 1 0 0
150	5	0 0 1 0 1 0 1 1 0 0 0 0 0 0 1 0
150	2	1 0 1 0 0 0 1 0 0 1 0 0 0 0 0 0
150	1	0 1 1 1 0 0 1 1 0 1 0 0 0 1 0 0
150	3	0 1 0 0 1 0 1 0 0 0 1 1 1 1 0 0
150	5	0 1 1 1 1 0 1 0 0 0 1 1 0 0 0 0
150	3	1 1 1 0 0 0 1 1 0 0 1 0 1 0 1 0
150	4	0 0 1 1 0 0 1 0 0 0 1 1 0 0 0 0
150	3	0 1 0 1 0 0 1 1 0 0 0 1 0 0 1 0
150	3	1 1 1 0 0 0 1 1 1 0 0 0 0 1 0 1
150	1	0 1 1 1 0 0 1 0 0 0 0 1 0 0 1 1
150	2	0 1 1 0 0 0 1 0 1 0 0 1 0 0 0 0
150	3	0 1 1 1 0 0 1 0 0 0 0 0 0 1 0 0
150	1	0 1 1 0 0 1 1 1 0 0 1 0 0 1 0 0
150	2	1 1 1 0 1 0 1 0 0 1 0 0 0 1 0 0
150	3	1 1 1 0 0 0 1 0 0 0 1 0 0 0 0 0
150	3	0 1 1 1 0 1 1 0 0 0 0 1 0 0 1 0
150	1	0 1 1 1 0 0 1 0 0 0 0 1 1 0 1 0
150	1	0 1 1 0 0 0 1 1 1 1 0 0 0 1 0 0
150	2	0 0 1 0 1 0 1 1 1 0 0 0 0 1 0 1
150	1	1 1 1 0 0 0 1 0 0 0 1 1 1 1 0 0
150	1	1 1 1 0 0 0 1 0 0 1 0 1 0 1 0 0
150	1	1 1 1 0 1 0 1 0 0 0 0 0 0 0 0 0
150	1	0 0 1 0 1 0 1 1 0 0 0 0 0 1 0 1
150	1	0 0 1 0 1 0 0 0 0 0 0 0 0 1 0 1
150	2	0 1 1 0 1 0 0 0 0 0 1 0 1 0 1 0
150	1	1 1 1 0 1 1 0 0 0 0 1 0 1 0 1 0
150	1	0 1 0 1 1 0 1 0 0 1 1 0 0 0 0 0
150	1	0 1 1 0 0 0 1 0 0 1 1 1 0 0 1 0
150	1	0 1 1 0 0 0 1 1 0 0 0 0 0 1 0 1
160	13	0 1 1 0 0 0 1 1 1 0 0 0 0 1 0 1
160	22	0 1 1 0 0 0 1 1 0 0 0 0 0 1 0 0
160	98	1 1 1 0 0 0 1 0 0 1 0 0 0 1 0 0
160	9	1 1 1 0 0 0 1 1 0 0 0 0 0 1 0 1
160	3	0 1 0 0 1 0 0 0 0 0 1 1 1 0 1 0
160	3	1 1 1 0 0 0 1 0 0 0 0 0 0 0 0 0
160	2	0 0 1 0 1 0 1 0 0 0 0 0 0 1 0 1
160	10	0 1 1 0 0 0 1 1 0 0 1 1 1 0 1 0
160	20	0 1 1 0 0 0 1 0 0 0 0 1 0 0 1 0
160	7	0 1 1 1 0 0 1 1 0 0 1 0 0 1 0 1
160	39	0 1 1 1 0 0 1 0 0 0 1 1 0 0 0 0
160	16	1 1 1 0 1 0 0 0 0 0 1 0 1 0 1 0
160	37	0 1 1 1 0 0 1 0 0 1 0 0 0 1 0 0
160	4	0 0 1 0 1 0 1 0 0 0 0 0 0 1 0 0
160	14	1 1 0 0 0 0 1 0 0 1 0 0 0 1 0 0
160	16	0 1 0 1 0 0 1 0 0 1 1 0 0 0 0 0
160	17	0 0 1 0 1 0 1 1 0 0 0 0 0 0 0 0
160	2	1 1 1 0 0 0 1 0 0 1 0 0 0 0 0 1
160	22	0 1 1 1 0 1 1 1 0 0 0 1 0 0 1 0
160	22	0 1 1 0 0 0 1 0 0 1 0 1 0 1 0 0
160	7	0 1 1 0 0 0 1 0 0 0 1 1 0 0 1 0
160	4	0 1 1 1 0 1 1 1 0 1 0 0 0 1 0 0
160	4	0 1 1 1 0 1 1 1 0 0 1 0 1 0 1 0
160	4	0 1 1 1 0 0 1 0 0 0 1 1 0 0 1 0
160	1	1 1 1 0 1 0 0 1 0 0 1 0 1 0 1 0
160	34	0 1 1 0 0 0 1 0 0 0 0 1 0 0 0 0
160	4	0 0 1 0 0 0 1 0 0 1 0 0 0 1 0 0
160	2	1 1 1 0 0 0 0 0 0 1 0 0 0 1 0 0
160	4	1 1 1 1 0 0 1 0 0 0 1 1 1 0 1 0
160	17	1 1 1 0 1 0 0 0 0 1 0 0 0 1 0 0
160	2	0 0 1 1 0 1 1 1 1 0 1 0 0 1 0 1
160	22	0 1 1 1 0 0 1 1 0 1 0 1 0 0 1 0
160	21	0 1 1 0 0 0 1 0 0 1 0 0 0 1 0 0
160	15	0 1 1 1 0 0 1 1 0 0 0 0 0 1 0 0
160	43	1 1 1 1 0 0 1 0 0 1 0 0 0 1 0 0
160	13	0 1 1 1 0 0 1 0 0 0 1 1 1 0 1 0
160	7	1 1 1 0 0 0 1 1 0 0 0 0 0 1 0 0
160	5	1 0 0 0 1 0 0 0 0 0 1 0 1 0 1 0
160	34	0 1 1 0 0 0 1 1 0 1 0 0 0 1 0 0
160	21	0 1 0 0 1 0 1 0 0 0 1 1 1 0 1 0
160	6	0 1 1 0 1 0 0 0 0 0 1 1 1 0 1 0
160	2	0 1 1 0 1 0 0 0 0 0 0 0 0 0 1 0
160	2	0 1 1 1 0 1 1 1 0 0 0 0 0 0 0 0
160	1	0 0 1 0 1 0 1 0 0 0 0 0 0 0 0 0
160	13	0 1 1 1 0 0 1 1 0 0 0 0 0 1 1 0
160	4	0 0 1 0 0 0 1 0 0 1 1 0 0 1 0 0
160	7	0 1 1 0 0 0 1 0 0 0 0 0 0 1 1 0
160	15	1 1 1 0 0 0 1 0 0 1 1 0 0 1 0 0
160	21	1 1 1 0 0 0 1 0 0 1 0 0 0 0 0 0
160	16	0 0 1 0 1 0 1 0 0 0 0 1 0 1 0 0
160	16	1 1 1 0 1 0 0 1 0 0 1 0 1 0 0 0
160	3	0 1 1 0 0 0 0 1 0 0 0 0 0 1 0 0
160	12	0 0 1 0 1 0 1 0 0 1 0 0 0 1 0 0
160	6	0 0 1 0 1 0 1 1 0 0 0 0 0 0 1 0
160	3	1 0 1 0 0 0 1 0 0 1 0 0 0 0 0 0
160	1	1 1 1 0 0 0 1 1 0 0 1 0 1 0 1 0
160	6	0 0 1 1 0 0 1 0 0 0 1 1 0 0 0 0
160	3	0 1 1 0 0 1 1 1 0 0 1 0 0 1 0 0
160	2	1 1 1 0 1 0 1 0 0 1 0 0 0 1 0 0
160	2	1 1 1 0 0 0 1 0 0 0 1 0 0 0 0 0
160	3	0 1 1 1 0 1 1 0 0 0 0 1 0 0 1 0
160	3	0 0 1 0 1 0 1 1 1 0 0 0 0 1 0 1
160	4	1 1 1 0 0 0 1 0 0 0 1 1 1 1 0 0
160	7	1 1 1 0 0 0 1 0 0 1 0 1 0 1 0 0
160	2	0 0 1 0 1 0 1 1 0 0 0 0 0 1 0 1
160	8	0 1 0 1 1 0 1 0 0 1 1 0 0 0 0 0
160	10	0 1 1 0 0 0 1 1 0 0 0 0 0 1 0 1
160	10	1 1 1 0 0 0 1 0 0 0 0 1 0 0 1 0
160	7	1 1 1 1 0 0 1 0 0 1 0 1 0 1 0 0
160	2	0 1 1 0 0 0 0 0 0 0 0 1 0 0 1 0
160	6	0 0 1 0 1 0 1 0 0 1 0 0 0 0 0 0
160	7	0 1 1 1 0 0 1 1 0 0 0 1 0 0 1 0
160	4	1 1 1 0 1 0 0 0 1 0 1 0 1 0 1 0
160	1	0 1 0 0 1 0 0 0 0 1 0 0 0 1 0 1
160	7	0 1 1 0 0 0 0 1 0 0 0 0 1 1 0 0
160	1	0 1 1 0 0 0 1 1 0 0 0 0 0 0 0 0
160	3	0 1 1 1 0 0 1 0 1 0 1 1 0 0 0 0
160	1	0 1 1 0 0 0 1 0 0 0 0 1 0 1 0 0
160	7	0 1 1 0 1 0 0 1 0 0 0 0 0 0 1 0
160	1	0 1 1 0 1 0 1 0 0 0 0 0 0 0 0 0
160	5	0 0 1 0 1 0 1 0 0 0 0 0 0 0 0 1
160	2	1 1 1 1 0 1 1 1 0 0 1 0 1 0 1 0
160	3	0 1 1 1 0 0 0 0 0 0 1 1 0 0 0 0
160	3	0 0 1 0 1 0 0 1 0 0 0 0 0 0 0 0
160	4	0 1 0 0 0 0 1 0 0 0 1 1 1 0 1 0
160	3	0 0 1 0 1 0 1 1 0 0 0 1 1 0 0 0
160	1	0 1 0 0 1 0 1 0 0 0 1 1 0 0 1 0
160	11	0 0 1 0 1 0 1 0 0 0 1 1 0 0 0 0
160	2	0 1 1 1 0 0 1 1 0 0 0 0 0 0 0 0
160	16	1 1 1 0 0 1 1 1 0 0 0 1 0 0 1 0
160	3	0 1 1 1 0 0 1 0 0 0 0 1 0 1 0 0
160	2	0 1 1 0 0 0 1 1 1 1 0 0 0 1 0 1
160	5	1 1 1 0 1 0 0 0 0 0 1 0 1 0 1 1
160	4	1 1 0 0 1 0 1 0 0 1 0 0 0 1 0 0
160	1	1 1 1 0 1 0 0 1 0 1 0 0 0 1 0 0
160	9	1 1 1 0 1 0 1 0 0 1 1 0 0 1 0 0
160	1	0 0 1 0 0 0 1 0 0 0 1 1 0 0 0 0
160	1	0 1 1 1 0 0 1 0 1 0 1 1 0 0 1 0
160	2	0 1 1 1 0 0 1 0 0 1 0 0 0 0 0 0
160	1	0 0 1 0 1 0 1 1 0 0 0 0 0 1 0 0
160	2	0 1 1 0 0 0 1 0 0 0 0 0 0 1 0 0
160	1	0 1 1 1 0 0 1 0 0 0 1 0 0 0 0 0
160	2	1 1 1 0 1 0 1 0 0 1 0 1 0 1 0 0
160	2	0 1 0 0 1 1 0 0 0 1 0 0 0 1 0 1
160	1	0 1 1 1 0 0 1 0 0 0 0 1 0 0 0 0
160	5	0 1 1 1 0 0 1 1 0 0 0 0 0 0 1 0
160	1	1 1 1 1 0 0 1 0 1 0 0 1 0 0 1 0
160	1	1 1 1 0 0 0 1 0 1 1 0 0 0 1 0 0
160	1	0 0 1 0 1 0 1 1 0 0 0 0 0 0 0 1
160	1	0 1 1 1 0 0 1 1 0 0 1 0 1 0 1 0
160	1	0 0 1 1 0 1 1 1 0 0 1 0 1 0 1 0
160	2	1 1 0 1 0 0 1 0 0 0 1 1 1 0 1 0
160	2	0 1 1 1 0 1 1 1 1 0 0 0 0 0 0 0
160	3	1 1 1 0 0 0 1 0 0 1 0 0 1 0 0 0
160	4	0 0 1 1 1 0 1 0 0 0 0 1 0 1 0 0
160	1	0 0 1 0 1 0 1 0 0 0 0 0 0 0 1 0
160	3	0 0 1 0 1 0 1 0 0 0 1 1 1 0 1 0
160	1	0 1 1 1 0 1 1 1 0 0 0 1 0 1 0 0
160	2	1 1 1 0 1 0 0 0 0 1 0 1 0 0 1 0
160	1	0 1 1 0 0 0 0 1 0 0 1 0 0 1 0 0
160	2	1 1 1 0 0 0 1 1 0 1 0 0 0 1 0 0
160	2	0 1 1 0 0 0 1 0 0 0 1 1 0 0 0 0
160	2	0 1 1 1 0 0 1 0 0 0 0 0 0 1 0 0
160	2	1 0 1 0 1 0 0 0 0 1 0 0 0 1 0 0
160	1	1 1 1 0 1 0 1 0 0 0 1 0 0 1 0 0
170	27	0 1 1 0 0 0 1 1 0 0 0 0 0 1 0 0
170	126	1 1 1 0 0 0 1 0 0 1 0 0 0 1 0 0
170	4	1 1 1 0 0 0 1 1 0 0 0 0 0 1 0 1
170	2	0 1 0 0 1 0 0 0 0 0 1 1 1 0 1 0
170	8	0 1 1 0 0 0 1 1 0 0 1 1 1 0 1 0
170	26	0 1 1 0 0 0 1 0 0 0 0 1 0 0 1 0
170	1	0 1 1 1 0 0 1 1 0 0 1 0 0 1 0 1
170	38	0 1 1 1 0 0 1 0 0 0 1 1 0 0 0 0
170	31	1 1 1 0 1 0 0 0 0 0 1 0 1 0 1 0
170	58	0 1 1 1 0 0 1 0 0 1 0 0 0 1 0 0
170	1	0 0 1 0 1 0 1 0 0 0 0 0 0 1 0 0
170	10	1 1 0 0 0 0 1 0 0 1 0 0 0 1 0 0
170	5	0 1 0 1 0 0 1 0 0 1 1 0 0 0 0 0
170	12	0 1 1 1 0 1 1 1 0 0 0 1 0 0 1 0
170	28	0 1 1 0 0 0 1 0 0 1 0 1 0 1 0 0
170	25	0 1 1 1 0 1 1 1 0 1 0 0 0 1 0 0
170	7	0 1 1 1 0 1 1 1 0 0 1 0 1 0 1 0
170	19	0 1 1 0 0 0 1 0 0 0 0 1 0 0 0 0
170	14	0 0 1 0 0 0 1 0 0 1 0 0 0 1 0 0
170	13	1 1 1 0 1 0 0 0 0 1 0 0 0 1 0 0
170	4	0 0 1 1 0 1 1 1 1 0 1 0 0 1 0 1
170	8	0 1 1 1 0 0 1 1 0 1 0 1 0 0 1 0
170	29	0 1 1 0 0 0 1 0 0 1 0 0 0 1 0 0
170	6	0 1 1 1 0 0 1 1 0 0 0 0 0 1 0 0
170	46	1 1 1 1 0 0 1 0 0 1 0 0 0 1 0 0
170	15	1 0 0 0 1 0 0 0 0 0 1 0 1 0 1 0
170	18	0 1 1 0 0 0 1 1 0 1 0 0 0 1 0 0
170	1	0 1 1 0 0 0 1 0 0 0 0 0 0 1 1 0
170	11	1 1 1 0 0 0 1 0 0 1 1 0 0 1 0 0
170	27	1 1 1 0 0 0 1 0 0 1 0 0 0 0 0 0
170	17	0 0 1 0 1 0 1 0 0 0 0 1 0 1 0 0
170	13	1 1 1 0 1 0 0 1 0 0 1 0 1 0 0 0
170	15	0 0 1 0 1 0 1 0 0 1 0 0 0 1 0 0
170	2	0 0 1 1 0 0 1 0 0 0 1 1 0 0 0 0
170	2	0 1 1 0 0 1 1 1 0 0 1 0 0 1 0 0
170	5	0 1 1 1 0 1 1 0 0 0 0 1 0 0 1 0
170	1	0 0 1 0 1 0 1 1 1 0 0 0 0 1 0 1
170	16	1 1 1 0 0 0 1 0 0 0 1 1 1 1 0 0
170	1	1 1 1 0 0 0 1 0 0 1 0 1 0 1 0 0
170	5	0 1 0 1 1 0 1 0 0 1 1 0 0 0 0 0
170	12	0 1 1 0 0 0 1 1 0 0 0 0 0 1 0 1
170	17	1 1 1 0 0 0 1 0 0 0 0 1 0 0 1 0
170	6	1 1 1 1 0 0 1 0 0 1 0 1 0 1 0 0
170	7	0 1 1 0 0 0 0 0 0 0 0 1 0 0 1 0
170	4	0 1 1 1 0 0 1 1 0 0 0 1 0 0 1 0
170	9	0 1 1 0 0 0 0 1 0 0 0 0 1 1 0 0
170	6	0 1 1 0 0 0 1 0 0 0 0 1 0 1 0 0
170	3	0 1 1 0 1 0 0 1 0 0 0 0 0 0 1 0
170	5	0 0 1 0 1 0 1 0 0 0 0 0 0 0 0 1
170	1	0 1 1 1 0 0 0 0 0 0 1 1 0 0 0 0
170	2	0 0 1 0 1 0 1 0 0 0 1 1 0 0 0 0
170	12	1 1 1 0 0 1 1 1 0 0 0 1 0 0 1 0
170	3	0 1 1 1 0 0 1 0 0 0 0 1 0 1 0 0
170	1	1 1 1 0 1 0 0 0 0 0 1 0 1 0 1 1
170	2	1 1 0 0 1 0 1 0 0 1 0 0 0 1 0 0
170	23	1 1 1 0 1 0 1 0 0 1 1 0 0 1 0 0
170	6	0 1 1 1 0 0 1 0 0 0 0 1 0 0 0 0
170	7	0 1 1 1 0 0 1 1 0 0 0 0 0 0 1 0
170	20	0 1 1 1 0 0 1 1 0 0 1 0 1 0 1 0
170	4	1 1 0 1 0 0 1 0 0 0 1 1 1 0 1 0
170	23	1 1 1 0 0 0 1 1 0 0 0 0 0 0 1 0
170	2	1 1 1 0 0 1 0 0 0 1 0 0 0 1 0 0
170	13	1 1 1 0 0 0 1 0 0 0 1 1 1 0 1 0
170	3	0 0 1 0 1 0 1 1 0 0 0 0 0 0 1 1
170	3	1 1 0 1 0 0 1 0 0 1 0 0 0 1 0 0
170	6	1 1 1 0 0 0 1 0 0 1 0 1 0 0 0 0
170	3	0 1 1 1 0 1 1 1 0 0 0 1 0 1 0 0
170	2	0 0 1 0 1 0 1 0 1 0 0 1 0 1 0 0
170	5	0 0 1 0 0 0 1 1 1 0 0 0 0 0 0 0
170	2	0 1 1 0 0 0 1 1 0 1 0 1 0 0 1 0
170	1	0 1 1 0 1 0 0 1 0 0 0 0 0 1 0 0
170	8	1 1 1 0 0 0 1 0 0 1 1 0 0 0 0 0
170	3	0 1 1 0 0 0 1 1 0 0 0 0 0 0 1 0
170	6	1 1 1 0 1 0 0 0 0 0 1 0 1 0 0 0
170	5	1 1 1 0 1 0 1 0 0 1 0 0 0 1 0 0
170	2	0 1 1 0 0 0 0 0 0 0 0 1 0 1 1 0
170	3	0 1 1 0 0 0 1 1 1 0 1 0 0 1 0 1
170	6	0 1 1 1 0 0 1 1 0 0 1 0 0 1 0 0
170	1	0 1 0 1 1 0 1 0 0 1 0 1 0 0 1 0
170	5	0 1 1 1 0 0 0 1 0 0 0 0 0 0 1 0
170	5	0 0 1 0 0 0 1 0 0 1 0 1 0 1 0 0
170	1	0 1 1 0 0 0 1 0 0 0 1 1 1 1 0 0
170	3	0 1 1 0 0 0 1 1 1 1 0 0 0 1 0 0
170	1	1 1 1 0 0 0 1 0 0 1 1 0 1 1 0 0
170	1	0 1 1 0 0 0 0 0 1 0 0 1 0 0 1 0
170	2	0 0 1 0 0 0 0 0 0 0 0 1 0 0 1 0
170	1	0 0 1 0 1 0 1 0 0 0 0 1 0 0 0 1
170	5	1 1 0 0 0 0 1 1 0 0 0 0 0 0 1 0
170	2	0 0 1 1 0 0 1 0 0 1 0 0 0 1 0 0
170	2	1 0 1 0 0 0 1 0 0 1 0 0 0 1 0 0
170	1	0 1 1 0 0 1 1 1 0 0 1 1 1 0 1 0
170	1	0 1 1 1 0 0 1 0 0 0 1 1 1 0 0 0
170	2	1 1 1 1 1 0 0 1 0 0 1 0 1 0 0 0
170	2	1 1 1 0 0 0 1 0 0 0 0 1 0 1 1 0
170	2	0 1 1 0 0 0 1 0 1 0 1 1 0 0 0 0
170	2	1 0 0 0 0 0 1 1 0 0 0 0 0 0 1 0
170	2	0 0 1 0 1 0 1 0 0 0 0 1 0 0 0 0
170	1	1 1 1 0 1 0 1 0 0 0 0 1 0 1 0 0
170	1	1 1 1 0 0 0 0 0 0 1 0 0 0 1 0 0
170	2	1 1 1 0 0 1 1 0 0 1 0 0 0 1 0 0
170	1	1 1 1 0 1 0 0 0 0 0 0 0 1 0 1 0
170	1	0 1 0 0 0 0 1 0 0 1 0 0 0 1 0 0
170	1	0 1 1 0 0 0 1 1 0 0 0 1 0 0 0 0
170	1	1 1 1 1 0 0 1 0 0 1 0 0 0 1 1 0
170	2	1 1 1 0 0 1 1 0 0 1 1 0 0 1 0 0
170	4	1 1 1 1 0 0 1 0 0 1 0 0 0 0 0 0
170	1	0 1 1 1 0 1 1 0 1 0 0 1 0 0 1 0
170	1	0 1 1 1 0 0 1 1 0 0 0 0 0 1 0 1
180	16	0 1 1 0 0 0 1 1 0 0 0 0 0 1 0 0
180	97	1 1 1 0 0 0 1 0 0 1 0 0 0 1 0 0
180	4	0 1 1 0 0 0 1 1 0 0 1 1 1 0 1 0
180	7	0 1 1 0 0 0 1 0 0 0 0 1 0 0 1 0
180	13	0 1 1 1 0 0 1 1 0 0 1 0 0 1 0 1
180	40	0 1 1 1 0 0 1 0 0 0 1 1 0 0 0 0
180	23	1 1 1 0 1 0 0 0 0 0 1 0 1 0 1 0
180	48	0 1 1 1 0 0 1 0 0 1 0 0 0 1 0 0
180	13	1 1 0 0 0 0 1 0 0 1 0 0 0 1 0 0
180	2	0 1 1 1 0 1 1 1 0 0 0 1 0 0 1 0
180	31	0 1 1 0 0 0 1 0 0 1 0 1 0 1 0 0
180	17	0 1 1 1 0 1 1 1 0 1 0 0 0 1 0 0
180	8	0 1 1 0 0 0 1 0 0 0 0 1 0 0 0 0
180	11	0 0 1 0 0 0 1 0 0 1 0 0 0 1 0 0
180	7	1 1 1 0 1 0 0 0 0 1 0 0 0 1 0 0
180	14	0 1 1 1 0 0 1 1 0 1 0 1 0 0 1 0
180	29	0 1 1 0 0 0 1 0 0 1 0 0 0 1 0 0
180	2	0 1 1 1 0 0 1 1 0 0 0 0 0 1 0 0
180	106	1 1 1 1 0 0 1 0 0 1 0 0 0 1 0 0
180	4	1 0 0 0 1 0 0 0 0 0 1 0 1 0 1 0
180	8	0 1 1 0 0 0 1 1 0 1 0 0 0 1 0 0
180	6	1 1 1 0 0 0 1 0 0 1 1 0 0 1 0 0
180	60	1 1 1 0 0 0 1 0 0 1 0 0 0 0 0 0
180	5	0 0 1 0 1 0 1 0 0 0 0 1 0 1 0 0
180	23	1 1 1 0 1 0 0 1 0 0 1 0 1 0 0 0
180	8	0 0 1 0 1 0 1 0 0 1 0 0 0 1 0 0
180	1	0 0 1 1 0 0 1 0 0 0 1 1 0 0 0 0
180	3	1 1 1 0 0 0 1 0 0 0 1 1 1 1 0 0
180	11	0 1 0 1 1 0 1 0 0 1 1 0 0 0 0 0
180	17	0 1 1 0 0 0 1 1 0 0 0 0 0 1 0 1
180	20	1 1 1 0 0 0 1 0 0 0 0 1 0 0 1 0
180	5	1 1 1 1 0 0 1 0 0 1 0 1 0 1 0 0
180	9	0 0 1 0 1 0 1 0 0 0 0 0 0 0 0 1
180	7	1 1 1 0 0 1 1 1 0 0 0 1 0 0 1 0
180	17	1 1 1 0 1 0 1 0 0 1 1 0 0 1 0 0
180	2	0 1 1 1 0 0 1 0 0 0 0 1 0 0 0 0
180	5	0 1 1 1 0 0 1 1 0 0 0 0 0 0 1 0
180	7	0 1 1 1 0 0 1 1 0 0 1 0 1 0 1 0
180	10	1 1 1 0 0 0 1 1 0 0 0 0 0 0 1 0
180	47	1 1 1 0 0 0 1 0 0 0 1 1 1 0 1 0
180	12	1 1 1 0 0 0 1 0 0 1 0 1 0 0 0 0
180	1	0 0 1 0 1 0 1 0 1 0 0 1 0 1 0 0
180	7	0 1 1 0 0 0 1 1 0 1 0 1 0 0 1 0
180	8	1 1 1 0 0 0 1 0 0 1 1 0 0 0 0 0
180	18	0 1 1 1 0 0 1 1 0 0 1 0 0 1 0 0
180	4	0 1 0 1 1 0 1 0 0 1 0 1 0 0 1 0
180	11	0 0 1 0 0 0 0 0 0 0 0 1 0 0 1 0
180	1	0 1 1 0 0 0 1 0 1 0 1 1 0 0 0 0
180	1	1 0 0 0 0 0 1 1 0 0 0 0 0 0 1 0
180	4	0 1 1 0 0 0 1 1 0 0 0 1 0 0 0 0
180	1	1 1 1 0 0 1 1 0 0 1 1 0 0 1 0 0
180	14	1 1 1 1 0 0 1 0 0 1 0 0 0 0 0 0
180	7	1 1 1 0 1 0 1 0 0 1 1 0 0 1 1 0
180	6	1 1 1 1 1 0 1 0 0 1 1 0 0 1 0 0
180	3	0 1 1 0 0 0 1 0 0 0 1 1 1 0 1 0
180	3	1 1 1 1 0 0 1 1 0 1 0 1 0 0 1 0
180	4	1 0 1 0 0 0 1 0 0 0 1 1 1 0 1 0
180	3	0 1 1 1 0 1 1 1 0 1 1 0 0 1 0 0
180	4	1 1 1 0 1 0 0 0 0 0 1 0 0 1 0 0
180	6	0 1 1 0 0 0 1 1 0 1 0 1 0 1 0 0
180	3	1 1 1 1 0 0 1 0 0 1 0 0 1 1 0 0
180	5	1 1 1 0 0 1 1 1 0 0 1 1 0 0 1 0
180	2	1 1 1 0 0 0 1 0 0 0 0 1 0 0 0 0
180	1	1 1 1 0 0 0 1 0 0 1 0 0 1 0 0 0
180	3	0 1 1 0 0 1 1 1 0 0 0 0 0 1 0 1
180	3	1 1 1 1 0 0 1 0 0 1 1 1 0 1 0 0
180	6	1 1 1 0 0 0 1 0 0 1 0 1 0 0 1 0
180	5	1 1 1 0 1 0 1 0 1 1 1 0 0 1 1 0
180	1	0 1 0 1 1 0 1 0 0 1 0 0 0 1 0 0
180	3	1 1 1 0 1 0 1 0 0 0 0 1 0 0 1 0
180	4	0 1 1 1 0 0 1 0 1 1 0 0 0 1 0 0
180	4	0 1 1 0 0 0 1 0 0 0 0 1 0 1 0 0
180	1	0 0 1 0 0 0 1 0 0 1 1 0 0 1 0 0
180	2	0 1 1 0 1 0 0 0 0 1 0 0 0 1 0 0
180	1	0 0 1 1 0 0 1 0 0 1 0 0 0 1 0 0
180	3	0 1 1 0 0 0 1 0 1 1 0 0 0 1 0 0
180	1	1 0 0 0 1 0 1 0 0 0 1 0 1 0 1 0
180	3	0 1 1 0 1 0 0 1 0 1 0 0 0 0 1 0
180	2	1 1 1 0 0 0 1 0 0 1 0 1 0 0 0 1
180	1	1 1 1 1 0 0 1 0 0 0 1 1 1 0 1 0
180	9	1 1 1 0 0 0 0 0 0 0 1 0 1 0 1 0
180	5	1 1 0 0 0 0 1 0 0 0 0 0 0 1 0 0
180	2	1 1 1 0 0 0 1 0 1 1 0 0 0 0 0 0
180	2	1 1 1 1 1 0 0 1 0 0 1 0 1 0 0 0
180	4	1 1 1 0 0 0 1 0 0 0 0 1 0 0 1 1
180	3	1 1 1 0 1 0 0 1 0 0 1 1 1 0 0 1
180	1	1 1 1 0 0 0 1 0 0 0 0 1 0 0 0 1
180	1	0 1 1 1 0 0 1 1 0 0 1 1 0 0 0 0
180	1	1 1 1 0 0 0 0 1 0 0 1 0 1 0 0 0
180	1	1 1 1 0 1 0 1 0 0 1 1 0 0 0 1 0
180	1	1 1 1 1 0 0 1 0 0 0 0 1 0 0 0 1
180	1	1 0 1 1 0 0 1 0 0 0 1 1 0 0 0 0
180	1	0 0 1 0 1 0 1 0 0 0 1 0 0 1 0 0
180	1	1 1 1 1 0 0 1 1 0 1 0 1 0 0 0 0
180	3	1 0 1 0 1 0 0 0 0 0 1 0 1 0 1 0
180	5	1 1 1 1 0 0 1 0 1 1 0 0 0 1 0 0
180	2	1 1 1 0 1 0 1 0 0 1 0 0 0 0 0 0
180	6	1 1 1 0 0 1 1 1 0 0 0 0 0 0 1 0
180	1	1 1 1 0 0 0 0 0 0 1 0 1 0 0 0 0
180	1	1 1 1 0 1 0 1 0 0 1 1 0 0 0 0 0
180	1	0 1 1 0 0 0 1 0 0 1 0 0 0 0 1 0
180	1	1 1 1 1 0 0 1 1 0 1 0 0 0 1 0 0
180	1	0 1 1 0 1 0 1 1 0 0 0 0 0 1 0 0
180	1	0 1 1 0 0 0 1 0 0 1 0 0 1 1 0 0
180	1	1 1 1 0 1 0 0 1 1 0 1 0 1 0 0 0
180	1	1 1 1 0 1 0 0 1 0 0 1 0 1 1 0 0
180	2	1 1 1 1 0 0 1 0 0 0 0 1 0 1 0 0
180	1	1 1 1 0 0 0 0 0 0 0 1 1 1 0 1 0
180	1	0 0 1 0 0 0 1 0 0 0 1 1 1 0 1 0
180	4	1 1 1 0 1 0 0 0 0 0 1 0 0 1 0 1
190	133	1 1 1 0 0 0 1 0 0 1 0 0 0 1 0 0
190	20	0 1 1 0 0 0 1 0 0 0 0 1 0 0 1 0
190	23	0 1 1 1 0 0 1 1 0 0 1 0 0 1 0 1
190	23	0 1 1 1 0 0 1 0 0 0 1 1 0 0 0 0
190	18	1 1 1 0 1 0 0 0 0 0 1 0 1 0 1 0
190	55	0 1 1 1 0 0 1 0 0 1 0 0 0 1 0 0
190	3	1 1 0 0 0 0 1 0 0 1 0 0 0 1 0 0
190	32	0 1 1 0 0 0 1 0 0 1 0 1 0 1 0 0
190	6	0 1 1 1 0 1 1 1 0 1 0 0 0 1 0 0
190	8	0 1 1 0 0 0 1 0 0 0 0 1 0 0 0 0
190	14	1 1 1 0 1 0 0 0 0 1 0 0 0 1 0 0
190	33	0 1 1 0 0 0 1 0 0 1 0 0 0 1 0 0
190	12	0 1 1 1 0 0 1 1 0 0 0 0 0 1 0 0
190	93	1 1 1 1 0 0 1 0 0 1 0 0 0 1 0 0
190	61	1 1 1 0 0 0 1 0 0 1 0 0 0 0 0 0
190	5	0 0 1 0 1 0 1 0 0 0 0 1 0 1 0 0
190	9	1 1 1 0 1 0 0 1 0 0 1 0 1 0 0 0
190	1	0 0 1 0 1 0 1 0 0 1 0 0 0 1 0 0
190	2	1 1 1 0 0 0 1 0 0 0 1 1 1 1 0 0
190	15	0 1 0 1 1 0 1 0 0 1 1 0 0 0 0 0
190	4	0 1 1 0 0 0 1 1 0 0 0 0 0 1 0 1
190	18	1 1 1 0 0 0 1 0 0 0 0 1 0 0 1 0
190	2	1 1 1 0 0 1 1 1 0 0 0 1 0 0 1 0
190	8	1 1 1 0 1 0 1 0 0 1 1 0 0 1 0 0
190	6	0 1 1 1 0 0 1 1 0 0 0 0 0 0 1 0
190	1	1 1 1 0 0 0 1 1 0 0 0 0 0 0 1 0
190	52	1 1 1 0 0 0 1 0 0 0 1 1 1 0 1 0
190	6	1 1 1 0 0 0 1 0 0 1 0 1 0 0 0 0
190	9	0 1 1 0 0 0 1 1 0 1 0 1 0 0 1 0
190	7	1 1 1 0 0 0 1 0 0 1 1 0 0 0 0 0
190	28	0 1 1 1 0 0 1 1 0 0 1 0 0 1 0 0
190	5	0 0 1 0 0 0 0 0 0 0 0 1 0 0 1 0
190	4	1 0 0 0 0 0 1 1 0 0 0 0 0 0 1 0
190	17	1 1 1 1 0 0 1 0 0 1 0 0 0 0 0 0
190	1	1 1 1 0 1 0 1 0 0 1 1 0 0 1 1 0
190	9	1 1 1 1 1 0 1 0 0 1 1 0 0 1 0 0
190	11	1 1 1 1 0 0 1 1 0 1 0 1 0 0 1 0
190	14	1 0 1 0 0 0 1 0 0 0 1 1 1 0 1 0
190	15	0 1 1 0 0 0 1 1 0 1 0 1 0 1 0 0
190	1	1 1 1 0 0 1 1 1 0 0 1 1 0 0 1 0
190	8	1 1 1 0 0 0 1 0 0 1 0 0 1 0 0 0
190	1	1 1 1 0 0 0 1 0 0 1 0 1 0 0 1 0
190	6	0 1 1 0 1 0 0 1 0 1 0 0 0 0 1 0
190	4	1 1 1 1 0 0 1 0 1 1 0 0 0 1 0 0
190	8	1 1 1 0 0 1 1 1 0 0 0 0 0 0 1 0
190	3	1 1 1 0 1 0 1 0 0 1 1 0 0 0 0 0
190	4	1 1 1 1 0 0 1 1 0 1 0 0 0 1 0 0
190	2	1 1 1 0 1 0 0 0 0 0 1 0 0 1 0 1
190	4	0 1 1 0 0 0 1 1 0 1 0 0 0 0 0 0
190	7	1 1 1 1 0 0 1 0 0 0 1 1 0 0 0 0
190	5	1 1 1 0 0 0 1 0 0 1 0 1 0 1 0 0
190	8	1 1 1 0 0 1 1 1 0 0 1 0 1 0 1 0
190	5	0 1 1 1 0 1 1 1 0 0 1 0 0 1 0 1
190	6	0 1 1 1 0 0 1 0 0 0 1 1 0 0 1 0
190	5	1 1 1 1 0 0 1 0 0 1 0 1 0 0 0 0
190	1	0 0 1 0 0 0 0 0 0 0 0 1 0 0 0 0
190	4	1 1 1 1 0 0 1 1 0 0 1 1 0 0 0 0
190	20	1 1 1 0 0 0 0 0 0 1 0 0 0 1 0 0
190	3	0 1 1 1 0 0 1 0 0 1 0 0 0 1 1 0
190	2	1 0 1 1 0 0 1 0 0 1 0 0 0 1 0 0
190	6	1 1 1 0 1 0 1 0 0 0 0 1 0 0 1 1
190	7	1 1 1 1 0 0 1 0 0 1 0 0 0 1 0 1
190	4	1 1 1 1 0 0 1 0 0 0 0 1 0 0 0 0
190	2	0 1 0 0 0 0 1 0 0 1 0 1 0 1 0 0
190	2	1 1 1 0 1 0 0 1 1 0 1 0 1 0 0 0
190	11	0 1 1 1 0 0 1 0 0 1 0 0 0 0 0 0
190	6	0 1 1 1 1 0 1 0 0 0 1 1 0 0 1 0
190	4	1 1 1 1 0 1 1 1 0 1 0 0 0 1 0 0
190	5	1 1 1 0 1 0 1 0 0 0 0 1 0 1 0 0
190	3	0 1 1 1 0 0 1 1 0 0 1 0 0 1 1 1
190	5	1 1 1 0 0 0 1 0 0 1 0 0 0 0 0 1
190	1	1 1 1 0 1 0 1 0 1 0 0 1 0 1 0 0
190	4	0 1 1 1 0 0 1 0 0 0 0 0 0 0 0 0
190	1	1 1 1 0 0 1 1 0 0 1 0 0 0 1 0 0
190	1	1 1 1 1 0 0 1 0 0 1 0 0 0 0 1 0
190	1	1 1 1 0 1 0 1 0 0 0 0 1 0 0 0 0
190	2	0 1 1 0 1 0 1 0 0 1 0 0 0 1 0 0
190	2	1 1 1 0 1 0 1 0 0 0 0 0 0 1 0 0
190	7	1 1 1 0 1 0 1 0 0 0 0 1 0 0 1 0
190	3	1 1 1 0 0 0 1 0 0 0 1 0 1 0 1 0
190	4	1 1 0 0 1 0 0 0 0 0 1 0 0 1 0 1
190	2	1 1 1 1 0 0 1 0 0 0 1 0 1 0 1 0
190	1	0 1 1 0 0 1 1 0 0 1 0 0 0 1 0 0
190	1	1 1 1 0 0 0 1 0 0 0 0 1 1 0 1 0
190	1	1 1 1 1 0 0 1 1 1 1 0 0 0 1 0 0
190	1	1 1 1 0 0 0 1 0 0 0 0 0 0 0 0 0
190	1	0 1 1 0 0 0 1 0 0 1 0 0 0 1 1 0
190	3	1 1 1 1 0 0 1 0 0 1 0 1 1 0 1 0
190	4	1 1 1 1 0 0 1 1 0 0 1 0 0 1 0 1
190	1	1 1 0 1 0 0 1 0 0 1 0 0 0 1 0 0
190	1	1 1 1 1 1 0 1 0 0 1 0 0 0 1 0 0
190	3	1 1 1 0 0 0 0 0 0 1 0 0 0 1 0 1
190	1	0 1 1 1 1 0 0 0 0 0 1 1 0 0 1 0
190	1	1 1 1 0 1 0 1 0 0 1 0 1 0 1 0 0
190	3	1 0 1 0 0 0 1 0 0 0 1 1 1 1 0 0
190	1	0 1 0 0 0 0 1 0 0 1 0 1 0 1 0 1
190	2	0 1 1 1 0 0 1 0 1 1 0 0 0 1 0 0
190	1	0 0 1 1 0 0 1 1 0 0 1 0 0 1 0 0
190	1	1 1 0 1 0 0 1 1 0 0 1 0 0 1 0 1
200	167	1 1 1 0 0 0 1 0 0 1 0 0 0 1 0 0
200	14	0 1 1 0 0 0 1 0 0 0 0 1 0 0 1 0
200	14	0 1 1 1 0 0 1 1 0 0 1 0 0 1 0 1
200	45	0 1 1 1 0 0 1 0 0 0 1 1 0 0 0 0
200	11	1 1 1 0 1 0 0 0 0 0 1 0 1 0 1 0
200	105	0 1 1 1 0 0 1 0 0 1 0 0 0 1 0 0
200	5	1 1 0 0 0 0 1 0 0 1 0 0 0 1 0 0
200	17	0 1 1 0 0 0 1 0 0 1 0 1 0 1 0 0
200	2	0 1 1 0 0 0 1 0 0 0 0 1 0 0 0 0
200	19	1 1 1 0 1 0 0 0 0 1 0 0 0 1 0 0
200	16	0 1 1 0 0 0 1 0 0 1 0 0 0 1 0 0
200	23	0 1 1 1 0 0 1 1 0 0 0 0 0 1 0 0
200	47	1 1 1 1 0 0 1 0 0 1 0 0 0 1 0 0
200	40	1 1 1 0 0 0 1 0 0 1 0 0 0 0 0 0
200	8	1 1 1 0 1 0 0 1 0 0 1 0 1 0 0 0
200	18	0 1 0 1 1 0 1 0 0 1 1 0 0 0 0 0
200	23	1 1 1 0 0 0 1 0 0 0 0 1 0 0 1 0
200	2	1 1 1 0 1 0 1 0 0 1 1 0 0 1 0 0
200	21	1 1 1 0 0 0 1 0 0 0 1 1 1 0 1 0
200	18	0 1 1 0 0 0 1 1 0 1 0 1 0 0 1 0
200	15	1 1 1 0 0 0 1 0 0 1 1 0 0 0 0 0
200	31	0 1 1 1 0 0 1 1 0 0 1 0 0 1 0 0
200	1	1 0 0 0 0 0 1 1 0 0 0 0 0 0 1 0
200	19	1 1 1 1 0 0 1 0 0 1 0 0 0 0 0 0
200	1	1 1 1 1 1 0 1 0 0 1 1 0 0 1 0 0
200	12	1 1 1 1 0 0 1 1 0 1 0 1 0 0 1 0
200	17	1 0 1 0 0 0 1 0 0 0 1 1 1 0 1 0
200	5	0 1 1 0 0 0 1 1 0 1 0 1 0 1 0 0
200	6	1 1 1 0 0 0 1 0 0 1 0 0 1 0 0 0
200	12	0 1 1 0 1 0 0 1 0 1 0 0 0 0 1 0
200	21	1 1 1 0 0 1 1 1 0 0 0 0 0 0 1 0
200	2	0 1 1 0 0 0 1 1 0 1 0 0 0 0 0 0
200	8	1 1 1 0 0 0 1 0 0 1 0 1 0 1 0 0
200	2	1 1 1 0 0 1 1 1 0 0 1 0 1 0 1 0
200	15	0 1 1 1 0 1 1 1 0 0 1 0 0 1 0 1
200	1	0 1 1 1 0 0 1 0 0 0 1 1 0 0 1 0
200	8	1 1 1 1 0 0 1 1 0 0 1 1 0 0 0 0
200	7	1 1 1 0 0 0 0 0 0 1 0 0 0 1 0 0
200	5	0 1 1 1 0 0 1 0 0 1 0 0 0 1 1 0
200	3	1 1 1 0 1 0 1 0 0 0 0 1 0 0 1 1
200	5	1 1 1 1 0 0 1 0 0 1 0 0 0 1 0 1
200	13	0 1 1 1 0 0 1 0 0 1 0 0 0 0 0 0
200	2	1 1 1 0 1 0 1 0 0 0 0 1 0 0 1 0
200	1	1 1 1 0 0 0 1 0 0 0 1 0 1 0 1 0
200	1	1 1 1 1 0 0 1 0 0 1 0 1 1 0 1 0
200	3	1 1 1 1 0 0 1 1 0 0 1 0 0 1 0 1
200	1	1 1 0 1 0 0 1 0 0 1 0 0 0 1 0 0
200	2	0 1 1 1 0 0 1 0 1 1 0 0 0 1 0 0
200	4	1 1 1 0 0 0 1 1 0 0 0 0 0 1 0 1
200	3	0 1 1 1 0 0 1 0 0 1 0 1 1 0 1 0
200	6	1 1 1 1 0 0 1 0 0 1 0 1 0 1 0 0
200	9	1 1 1 0 1 0 1 0 0 0 1 1 0 1 0 0
200	3	1 1 1 0 1 0 0 0 0 0 0 0 0 0 1 0
200	2	0 1 1 1 0 0 1 0 0 0 0 1 0 1 0 0
200	2	1 1 1 0 0 0 1 1 0 1 0 0 0 1 0 0
200	10	1 1 1 0 0 0 1 0 0 1 0 0 0 1 1 0
200	5	0 1 1 1 0 0 1 0 0 1 0 0 1 1 1 0
200	4	0 1 1 1 0 0 1 0 0 0 1 0 0 0 0 0
200	1	0 1 1 1 0 0 1 1 0 0 1 1 0 0 0 0
200	9	1 1 1 0 0 0 1 1 0 0 1 0 0 1 0 1
200	2	1 1 1 0 0 0 1 0 0 0 1 1 0 0 1 0
200	1	1 1 1 1 1 0 1 0 0 1 0 0 0 0 0 0
200	8	0 1 1 0 0 0 1 1 0 0 0 1 0 0 1 0
200	1	0 1 1 0 0 0 1 0 0 0 0 0 0 0 1 0
200	5	0 1 0 1 1 1 1 0 0 1 0 0 0 1 0 1
200	1	1 0 1 0 1 0 1 0 0 0 1 1 1 0 1 0
200	6	1 1 1 0 1 0 0 1 0 0 1 0 1 0 1 0
200	13	0 1 1 0 1 0 0 1 0 1 0 1 0 0 1 0
200	6	1 1 1 0 1 0 1 0 0 1 0 0 0 1 0 0
200	3	0 0 1 1 0 0 1 0 0 0 1 1 0 0 0 0
200	2	1 1 1 0 1 0 0 0 0 0 1 0 1 0 0 0
200	2	0 1 1 1 0 0 1 1 0 1 0 1 0 0 1 0
200	4	1 1 1 1 0 0 1 0 0 1 0 0 0 1 1 0
200	2	1 1 1 0 0 0 1 0 0 0 1 1 0 0 0 0
200	2	1 1 1 0 0 0 0 0 0 1 0 0 0 0 0 0
200	3	0 1 1 0 0 0 1 1 0 0 0 1 0 1 0 0
200	3	1 1 1 0 1 0 1 0 0 0 0 1 0 0 0 1
200	3	1 1 1 0 0 0 1 0 0 1 0 0 0 1 0 1
200	3	1 1 1 1 1 0 1 0 0 1 1 0 0 0 0 0
200	1	0 0 1 1 0 0 1 1 0 0 1 0 0 1 0 1
200	4	0 1 1 0 0 0 1 0 0 1 0 1 1 1 0 0
200	4	0 1 0 1 0 0 1 1 0 0 0 0 0 1 0 0
200	1	1 0 1 0 0 0 1 0 0 0 1 1 0 0 0 0
200	2	1 1 1 1 0 0 1 1 0 0 1 1 0 1 0 0
200	3	0 1 0 1 0 0 1 1 0 0 1 0 0 1 0 1
200	1	0 1 1 1 1 0 1 0 0 1 0 0 0 1 0 0
200	1	1 1 1 0 0 1 1 0 0 0 0 0 0 0 1 0
200	1	0 1 1 1 0 0 1 0 0 0 1 1 0 1 0 0
200	2	0 1 1 0 0 0 1 0 0 1 0 0 0 0 0 0
200	2	1 1 1 0 1 0 0 0 0 1 0 0 1 0 0 0
200	1	1 0 1 0 0 0 1 0 0 1 0 0 0 1 0 0
200	3	0 1 1 1 0 1 1 1 0 0 1 1 0 1 0 0
200	1	0 1 1 1 0 0 1 1 0 1 0 0 0 1 0 0
200	1	0 1 1 0 0 0 1 0 0 0 0 1 0 1 0 0
200	2	0 1 1 0 0 0 1 0 0 1 0 0 1 1 0 0
200	2	0 1 0 1 1 0 1 1 0 1 1 0 0 0 0 0
200	1	1 1 1 0 0 1 1 0 0 1 1 0 0 0 0 0
200	1	0 1 1 0 0 0 1 1 0 1 1 1 0 1 0 0
200	1	1 0 1 0 1 0 1 0 0 0 1 1 0 1 0 0
200	1	0 1 0 1 0 0 1 1 0 0 0 0 0 0 0 0
200	2	0 1 1 1 0 0 1 1 1 0 0 0 0 0 0 0
210	125	1 1 1 0 0 0 1 0 0 1 0 0 0 1 0 0
210	3	0 1 1 0 0 0 1 0 0 0 0 1 0 0 1 0
210	9	0 1 1 1 0 0 1 1 0 0 1 0 0 1 0 1
210	67	0 1 1 1 0 0 1 0 0 0 1 1 0 0 0 0
210	3	1 1 1 0 1 0 0 0 0 0 1 0 1 0 1 0
210	73	0 1 1 1 0 0 1 0 0 1 0 0 0 1 0 0
210	8	1 1 0 0 0 0 1 0 0 1 0 0 0 1 0 0
210	8	1 1 1 0 1 0 0 0 0 1 0 0 0 1 0 0
210	21	0 1 1 0 0 0 1 0 0 1 0 0 0 1 0 0
210	29	0 1 1 1 0 0 1 1 0 0 0 0 0 1 0 0
210	67	1 1 1 1 0 0 1 0 0 1 0 0 0 1 0 0
210	58	1 1 1 0 0 0 1 0 0 1 0 0 0 0 0 0
210	11	1 1 1 0 1 0 0 1 0 0 1 0 1 0 0 0
210	25	0 1 0 1 1 0 1 0 0 1 1 0 0 0 0 0
210	6	1 1 1 0 0 0 1 0 0 0 0 1 0 0 1 0
210	1	1 1 1 0 1 0 1 0 0 1 1 0 0 1 0 0
210	9	1 1 1 0 0 0 1 0 0 0 1 1 1 0 1 0
210	10	0 1 1 0 0 0 1 1 0 1 0 1 0 0 1 0
210	6	1 1 1 0 0 0 1 0 0 1 1 0 0 0 0 0
210	30	0 1 1 1 0 0 1 1 0 0 1 0 0 1 0 0
210	37	1 1 1 1 0 0 1 0 0 1 0 0 0 0 0 0
210	8	1 1 1 1 0 0 1 1 0 1 0 1 0 0 1 0
210	18	1 0 1 0 0 0 1 0 0 0 1 1 1 0 1 0
210	3	1 1 1 0 0 0 1 0 0 1 0 0 1 0 0 0
210	7	0 1 1 0 1 0 0 1 0 1 0 0 0 0 1 0
210	35	1 1 1 0 0 1 1 1 0 0 0 0 0 0 1 0
210	7	1 1 1 0 0 0 1 0 0 1 0 1 0 1 0 0
210	11	0 1 1 1 0 1 1 1 0 0 1 0 0 1 0 1
210	5	1 1 1 1 0 0 1 1 0 0 1 1 0 0 0 0
210	5	1 1 1 0 1 0 1 0 0 0 0 1 0 0 1 1
210	7	1 1 1 1 0 0 1 0 0 1 0 0 0 1 0 1
210	14	0 1 1 1 0 0 1 0 0 1 0 0 0 0 0 0
210	1	1 1 1 1 0 0 1 0 0 1 0 1 1 0 1 0
210	1	0 1 1 1 0 0 1 0 1 1 0 0 0 1 0 0
210	1	0 1 1 1 0 0 1 0 0 1 0 1 1 0 1 0
210	9	1 1 1 0 1 0 1 0 0 0 1 1 0 1 0 0
210	5	1 1 1 0 0 0 1 1 0 0 1 0 0 1 0 1
210	3	1 1 1 1 1 0 1 0 0 1 0 0 0 0 0 0
210	10	0 1 1 0 0 0 1 1 0 0 0 1 0 0 1 0
210	10	1 1 1 0 1 0 0 1 0 0 1 0 1 0 1 0
210	11	1 1 1 0 1 0 1 0 0 1 0 0 0 1 0 0
210	6	0 0 1 1 0 0 1 0 0 0 1 1 0 0 0 0
210	3	1 1 1 0 1 0 0 0 0 0 1 0 1 0 0 0
210	24	1 1 1 0 0 0 0 0 0 1 0 0 0 0 0 0
210	3	1 1 1 0 0 0 1 0 0 1 0 0 0 1 0 1
210	4	0 1 1 1 0 1 1 1 0 0 1 1 0 1 0 0
210	7	1 1 1 1 0 0 1 0 0 0 1 1 0 0 0 0
210	8	0 1 1 1 0 0 1 0 0 1 0 0 0 1 0 1
210	1	0 1 1 1 0 0 1 0 0 1 0 1 0 1 0 0
210	1	1 1 1 1 0 0 1 0 0 1 0 0 1 1 0 0
210	2	0 1 1 1 0 0 0 0 0 1 0 0 0 1 0 0
210	21	1 1 1 1 0 0 1 1 0 0 0 1 0 0 0 0
210	1	1 1 1 0 0 0 1 0 0 1 1 0 0 1 1 0
210	1	0 1 1 1 0 0 1 0 0 1 1 1 0 0 0 0
210	4	1 1 1 0 0 1 1 0 0 1 1 0 0 1 0 0
210	7	0 1 1 1 0 0 1 0 0 0 1 0 0 1 0 0
210	5	0 1 1 0 0 0 1 1 0 1 0 1 0 1 0 0
210	1	1 1 1 1 0 1 1 1 0 0 1 0 0 1 0 1
210	8	1 1 1 0 1 0 0 1 0 0 1 0 1 0 0 1
210	1	1 1 1 0 0 0 1 0 0 0 0 0 0 1 0 0
210	2	0 1 1 0 0 1 1 0 0 1 0 0 0 1 0 0
210	3	1 1 1 0 0 0 1 0 0 0 0 1 0 0 1 1
210	2	0 0 1 1 0 1 1 1 0 0 1 0 0 1 0 1
210	4	0 1 1 1 1 0 1 0 0 0 1 1 0 0 0 0
210	4	0 1 0 1 0 1 1 1 0 0 1 0 0 1 0 1
210	2	1 1 1 0 0 0 1 0 0 0 0 1 0 0 0 1
210	7	1 1 1 0 0 1 1 1 0 0 1 0 1 0 1 0
210	2	0 1 1 1 0 0 0 0 0 0 1 1 0 0 0 0
210	5	1 1 0 0 0 0 1 0 0 1 0 0 0 0 0 0
210	3	0 1 0 1 1 1 1 0 0 1 1 0 0 0 0 0
210	3	0 1 1 1 0 0 1 1 0 0 1 0 0 1 1 0
210	2	0 1 1 1 1 0 1 0 0 1 1 0 0 0 0 0
210	12	1 1 1 0 1 0 1 0 0 0 0 1 0 0 0 0
210	3	1 1 1 1 0 0 1 0 0 0 0 0 0 1 0 0
210	5	1 1 1 0 0 0 1 0 0 1 0 1 0 0 0 0
210	2	1 0 1 0 0 0 1 0 0 0 1 1 1 1 1 0
210	1	0 1 1 1 0 0 1 0 0 1 1 0 0 0 0 0
210	1	1 1 1 1 0 0 1 1 0 0 0 0 0 1 0 0
210	1	1 0 1 0 0 0 1 0 0 1 0 0 0 1 0 0
210	3	1 1 1 0 1 0 1 0 0 0 1 1 0 1 1 0
210	1	1 1 1 1 0 0 1 0 1 1 0 0 0 1 0 0
210	2	1 1 0 0 0 0 1 0 0 0 1 1 1 0 1 0
210	1	0 1 1 0 1 0 1 1 0 1 0 1 0 0 1 0
210	5	1 1 1 1 0 0 1 0 0 1 0 0 1 0 0 0
210	1	0 1 0 1 0 0 1 1 1 0 0 0 0 1 0 0
210	1	0 1 1 1 0 0 1 0 0 1 1 1 1 0 1 0
210	4	0 1 0 1 1 0 1 0 0 1 1 0 0 1 0 0
210	2	1 1 1 1 0 0 0 0 0 0 1 0 1 0 0 0
210	1	1 1 1 0 0 0 1 0 0 0 0 1 0 1 0 0
210	3	1 1 0 0 0 0 0 0 0 1 0 0 0 1 0 0
210	1	0 1 1 1 1 0 0 0 0 1 0 0 0 1 0 0
210	3	0 1 1 1 0 0 1 0 0 0 1 0 0 0 0 0
210	2	1 1 1 0 0 0 1 0 0 0 1 1 0 0 0 0
210	1	1 1 1 1 0 0 1 1 0 0 1 0 0 1 0 0
210	2	1 1 1 0 0 0 1 1 0 1 0 1 0 0 1 0
210	1	0 1 1 1 0 0 1 1 0 0 1 0 0 0 0 0
210	1	0 1 1 1 0 1 1 1 0 0 1 0 0 1 1 0
210	1	0 1 1 1 1 0 0 0 0 1 0 0 0 0 0 0
210	2	1 1 1 0 0 0 1 0 0 1 0 0 1 1 0 0
210	1	1 1 0 0 1 0 1 0 0 1 0 0 0 1 0 0
210	2	1 1 1 0 1 1 0 1 0 0 1 0 1 0 0 0
210	1	1 1 1 0 0 0 1 0 0 0 1 0 0 0 0 0
210	1	1 1 0 0 1 0 1 0 0 0 0 1 0 0 1 1
210	2	1 1 1 0 1 1 0 0 0 0 1 0 1 0 0 0
210	2	0 1 1 0 0 0 0 0 0 1 0 0 0 0 0 0
210	2	0 1 1 1 0 0 1 0 0 1 1 1 0 0 1 0
210	2	0 1 1 1 1 0 1 1 0 1 0 1 0 0 1 0
220	114	1 1 1 0 0 0 1 0 0 1 0 0 0 1 0 0
220	4	0 1 1 0 0 0 1 0 0 0 0 1 0 0 1 0
220	11	0 1 1 1 0 0 1 1 0 0 1 0 0 1 0 1
220	51	0 1 1 1 0 0 1 0 0 0 1 1 0 0 0 0
220	72	0 1 1 1 0 0 1 0 0 1 0 0 0 1 0 0
220	14	1 1 1 0 1 0 0 0 0 1 0 0 0 1 0 0
220	7	0 1 1 0 0 0 1 0 0 1 0 0 0 1 0 0
220	25	0 1 1 1 0 0 1 1 0 0 0 0 0 1 0 0
220	41	1 1 1 1 0 0 1 0 0 1 0 0 0 1 0 0
220	66	1 1 1 0 0 0 1 0 0 1 0 0 0 0 0 0
220	37	0 1 0 1 1 0 1 0 0 1 1 0 0 0 0 0
220	11	1 1 1 0 0 0 1 0 0 0 0 1 0 0 1 0
220	3	1 1 1 0 1 0 1 0 0 1 1 0 0 1 0 0
220	8	1 1 1 0 0 0 1 0 0 0 1 1 1 0 1 0
220	17	1 1 1 0 0 0 1 0 0 1 1 0 0 0 0 0
220	38	0 1 1 1 0 0 1 1 0 0 1 0 0 1 0 0
220	43	1 1 1 1 0 0 1 0 0 1 0 0 0 0 0 0
220	1	0 1 1 0 1 0 0 1 0 1 0 0 0 0 1 0
220	36	1 1 1 0 0 1 1 1 0 0 0 0 0 0 1 0
220	3	1 1 1 0 0 0 1 0 0 1 0 1 0 1 0 0
220	5	0 1 1 1 0 1 1 1 0 0 1 0 0 1 0 1
220	6	1 1 1 1 0 0 1 1 0 0 1 1 0 0 0 0
220	18	1 1 1 1 0 0 1 0 0 1 0 0 0 1 0 1
220	19	0 1 1 1 0 0 1 0 0 1 0 0 0 0 0 0
220	4	0 1 1 1 0 0 1 0 1 1 0 0 0 1 0 0
220	14	1 1 1 0 1 0 1 0 0 0 1 1 0 1 0 0
220	6	1 1 1 1 1 0 1 0 0 1 0 0 0 0 0 0
220	6	1 1 1 0 1 0 0 1 0 0 1 0 1 0 1 0
220	2	0 0 1 1 0 0 1 0 0 0 1 1 0 0 0 0
220	3	1 1 1 0 1 0 0 0 0 0 1 0 1 0 0 0
220	22	1 1 1 0 0 0 0 0 0 1 0 0 0 0 0 0
220	28	1 1 1 1 0 0 1 0 0 0 1 1 0 0 0 0
220	2	1 1 1 1 0 0 1 1 0 0 0 1 0 0 0 0
220	1	1 1 1 1 0 1 1 1 0 0 1 0 0 1 0 1
220	1	1 1 1 0 1 0 0 1 0 0 1 0 1 0 0 1
220	9	1 1 1 0 0 0 1 0 0 0 0 0 0 1 0 0
220	4	0 1 1 0 0 1 1 0 0 1 0 0 0 1 0 0
220	1	0 1 0 1 0 1 1 1 0 0 1 0 0 1 0 1
220	6	1 1 1 0 0 0 1 0 0 0 0 1 0 0 0 1
220	2	1 1 0 0 0 0 1 0 0 1 0 0 0 0 0 0
220	25	1 1 1 0 1 0 1 0 0 0 0 1 0 0 0 0
220	19	1 1 1 1 0 0 1 0 0 0 0 0 0 1 0 0
220	17	1 1 1 0 0 0 1 0 0 1 0 1 0 0 0 0
220	4	1 1 0 0 0 0 1 0 0 0 1 1 1 0 1 0
220	2	0 1 1 0 1 0 1 1 0 1 0 1 0 0 1 0
220	14	0 1 0 1 0 0 1 1 1 0 0 0 0 1 0 0
220	1	0 1 1 1 0 0 1 0 0 1 1 1 1 0 1 0
220	4	0 1 0 1 1 0 1 0 0 1 1 0 0 1 0 0
220	3	0 1 1 1 0 0 1 0 0 0 1 0 0 0 0 0
220	10	1 1 1 1 0 0 1 1 0 0 1 0 0 1 0 0
220	5	1 1 1 0 1 1 0 1 0 0 1 0 1 0 0 0
220	2	1 1 0 0 1 0 1 0 0 0 0 1 0 0 1 1
220	1	0 1 1 1 0 0 1 0 0 1 1 1 0 0 1 0
220	15	0 1 1 1 1 0 1 1 0 1 0 1 0 0 1 0
220	2	1 1 1 0 0 0 1 0 0 0 0 0 0 0 0 0
220	1	0 1 1 0 0 0 1 0 0 1 0 0 0 0 0 0
220	4	1 1 0 0 0 0 1 0 0 1 0 1 0 0 0 0
220	4	1 1 1 0 1 0 1 0 0 0 1 1 0 0 0 0
220	1	1 1 1 1 0 0 1 1 0 0 0 0 1 0 0 0
220	1	1 1 1 0 0 0 1 1 0 1 0 0 0 0 0 0
220	3	1 1 1 0 0 0 1 0 0 0 1 0 0 1 0 0
220	1	1 1 1 0 0 1 1 0 0 1 0 0 0 0 0 0
220	4	0 1 1 1 0 1 1 1 0 0 1 0 0 1 0 0
220	2	0 1 1 1 0 0 1 1 0 0 0 1 0 0 0 0
220	1	0 1 1 1 0 0 1 0 0 1 0 0 1 1 0 0
220	2	0 1 1 1 0 0 1 1 1 1 0 0 0 1 0 0
220	2	1 1 1 0 1 0 1 0 0 0 0 0 0 0 0 0
220	1	0 1 1 1 0 0 1 1 0 0 0 0 0 0 0 0
220	4	1 1 1 0 0 0 1 0 0 1 0 0 0 1 1 0
220	2	1 1 1 0 0 1 1 1 0 1 0 0 0 0 0 0
220	2	1 1 1 0 0 0 1 0 0 0 1 0 0 0 0 0
220	2	0 0 1 1 0 0 1 0 0 1 0 0 0 1 1 0
220	5	0 1 1 1 0 0 1 0 0 0 1 1 0 1 0 0
220	2	1 1 1 0 0 0 1 1 0 0 0 1 0 0 1 0
220	4	1 1 1 0 0 0 1 1 0 1 1 0 0 0 0 0
220	1	1 0 1 1 0 0 1 0 0 1 0 0 0 0 0 0
220	3	0 1 1 1 0 0 1 0 0 0 0 0 0 0 0 0
220	4	0 1 1 1 0 0 1 1 0 0 1 1 0 0 0 0
220	9	1 1 1 0 0 0 1 1 0 0 0 0 0 1 0 0
220	1	1 1 1 0 0 1 1 1 0 0 0 1 0 0 1 0
220	13	1 0 1 1 0 0 1 1 0 0 1 0 0 1 0 0
220	5	0 1 1 1 0 0 1 0 0 1 0 0 0 1 0 1
220	4	0 1 1 1 0 0 1 1 0 0 1 0 0 0 0 0
220	1	0 1 1 0 0 0 1 1 0 0 1 0 0 1 0 0
220	5	0 1 1 1 0 0 1 1 0 0 1 0 1 1 0 1
220	3	0 1 1 1 0 0 1 0 0 0 0 1 0 0 0 0
220	3	1 1 1 1 0 0 1 0 0 1 0 0 1 1 0 0
220	2	1 0 1 0 0 0 1 0 0 1 0 0 0 0 0 0
220	2	1 1 1 0 0 0 1 0 0 0 1 1 1 0 0 0
220	1	0 1 1 0 1 0 1 0 0 0 0 1 0 0 0 0
220	2	0 1 1 1 0 0 1 1 0 1 0 0 0 0 0 0
220	3	1 1 1 0 0 1 1 1 0 0 1 0 1 1 0 1
220	1	1 1 1 0 0 1 1 1 0 0 1 0 0 1 0 0
220	2	1 1 1 1 0 0 1 0 0 1 1 1 0 0 0 0
220	1	1 1 1 0 0 0 1 1 0 0 0 1 0 0 0 0
220	1	1 1 1 0 0 0 0 0 0 1 1 0 0 0 0 0
230	129	1 1 1 0 0 0 1 0 0 1 0 0 0 1 0 0
230	38	0 1 1 1 0 0 1 0 0 0 1 1 0 0 0 0
230	93	0 1 1 1 0 0 1 0 0 1 0 0 0 1 0 0
230	34	0 1 1 1 0 0 1 1 0 0 0 0 0 1 0 0
230	37	1 1 1 1 0 0 1 0 0 1 0 0 0 1 0 0
230	61	1 1 1 0 0 0 1 0 0 1 0 0 0 0 0 0
230	17	0 1 0 1 1 0 1 0 0 1 1 0 0 0 0 0
230	6	1 1 1 0 1 0 1 0 0 1 1 0 0 1 0 0
230	5	1 1 1 0 0 0 1 0 0 0 1 1 1 0 1 0
230	1	1 1 1 0 0 0 1 0 0 1 1 0 0 0 0 0
230	18	0 1 1 1 0 0 1 1 0 0 1 0 0 1 0 0
230	49	1 1 1 1 0 0 1 0 0 1 0 0 0 0 0 0
230	23	1 1 1 0 0 1 1 1 0 0 0 0 0 0 1 0
230	3	1 1 1 0 0 0 1 0 0 1 0 1 0 1 0 0
230	6	1 1 1 1 0 0 1 0 0 1 0 0 0 1 0 1
230	28	0 1 1 1 0 0 1 0 0 1 0 0 0 0 0 0
230	4	0 1 1 1 0 0 1 0 1 1 0 0 0 1 0 0
230	3	1 1 1 0 1 0 1 0 0 0 1 1 0 1 0 0
230	4	1 1 1 0 1 0 0 1 0 0 1 0 1 0 1 0
230	3	1 1 1 0 1 0 0 0 0 0 1 0 1 0 0 0
230	13	1 1 1 0 0 0 0 0 0 1 0 0 0 0 0 0
230	44	1 1 1 1 0 0 1 0 0 0 1 1 0 0 0 0
230	9	1 1 1 1 0 0 1 1 0 0 0 1 0 0 0 0
230	25	1 1 1 0 0 0 1 0 0 0 0 0 0 1 0 0
230	1	1 1 1 0 0 0 1 0 0 0 0 1 0 0 0 1
230	22	1 1 1 0 1 0 1 0 0 0 0 1 0 0 0 0
230	26	1 1 1 1 0 0 1 0 0 0 0 0 0 1 0 0
230	9	1 1 1 0 0 0 1 0 0 1 0 1 0 0 0 0
230	9	0 1 0 1 0 0 1 1 1 0 0 0 0 1 0 0
230	5	0 1 1 1 0 0 1 0 0 1 1 1 1 0 1 0
230	23	0 1 1 1 1 0 1 1 0 1 0 1 0 0 1 0
230	20	1 1 0 0 0 0 1 0 0 1 0 1 0 0 0 0
230	4	0 1 1 1 0 1 1 1 0 0 1 0 0 1 0 0
230	4	1 1 1 0 1 0 1 0 0 0 0 0 0 0 0 0
230	1	1 1 1 0 0 0 1 0 0 1 0 0 0 1 1 0
230	3	1 1 1 0 0 0 1 1 0 1 1 0 0 0 0 0
230	14	1 0 1 1 0 0 1 0 0 1 0 0 0 0 0 0
230	7	0 1 1 1 0 0 1 1 0 0 1 1 0 0 0 0
230	2	0 1 1 1 0 0 1 1 0 0 1 0 0 0 0 0
230	2	0 1 1 1 0 0 1 1 0 0 1 0 1 1 0 1
230	12	0 1 1 1 0 0 1 0 0 0 0 1 0 0 0 0
230	5	1 1 1 0 0 0 1 0 0 0 1 1 1 0 0 0
230	5	0 1 1 0 1 0 1 0 0 0 0 1 0 0 0 0
230	15	1 1 1 1 0 0 1 0 0 1 1 1 0 0 0 0
230	2	1 1 1 0 0 0 0 0 0 1 1 0 0 0 0 0
230	1	1 1 1 1 0 0 1 0 0 1 1 0 0 0 0 0
230	2	0 1 1 1 0 0 1 0 0 1 0 0 1 0 0 0
230	1	0 1 1 0 0 0 0 0 0 1 0 0 0 0 0 0
230	1	1 1 1 0 0 0 1 0 0 1 1 0 0 1 0 0
230	4	0 1 1 1 0 1 1 0 0 1 0 0 0 1 0 0
230	3	1 1 1 1 0 0 1 1 0 1 0 0 0 1 0 0
230	2	1 1 1 0 0 0 1 0 0 0 0 1 0 0 0 0
230	7	0 1 1 0 0 1 1 1 0 0 0 0 0 0 1 0
230	2	0 1 1 1 0 0 1 1 0 0 1 1 0 1 0 1
230	3	1 1 0 0 0 1 1 1 0 0 0 0 0 0 1 0
230	4	1 1 1 0 0 0 1 0 1 1 0 0 0 0 0 0
230	2	1 1 1 0 0 1 1 0 0 1 0 0 0 0 0 0
230	2	0 1 1 0 0 0 1 0 0 1 0 0 0 0 0 0
230	12	1 1 1 1 0 0 1 0 0 0 0 0 0 1 0 1
230	1	1 0 1 0 0 0 1 0 0 1 0 1 0 0 0 0
230	1	0 1 1 1 0 0 1 1 1 0 1 0 0 0 0 0
230	8	1 1 1 1 0 0 0 0 0 1 0 0 0 0 0 0
230	9	0 1 0 1 1 0 1 0 0 1 1 0 0 0 0 1
230	4	1 1 1 0 1 1 1 1 0 0 0 0 0 0 1 0
230	5	1 1 1 0 1 0 1 1 0 0 1 1 0 1 0 0
230	1	0 1 0 1 0 0 1 1 0 0 0 0 0 1 0 0
230	1	0 1 0 1 1 0 1 0 0 1 0 0 0 0 0 0
230	3	1 1 1 0 0 0 1 0 0 1 0 0 0 0 0 1
230	9	1 1 1 0 1 0 1 1 0 0 1 0 1 0 0 1
230	10	1 1 1 0 0 0 1 1 0 1 0 0 0 1 0 0
230	3	1 1 1 0 1 0 1 0 0 0 1 1 0 0 0 0
230	6	0 1 1 1 0 0 1 0 0 0 0 0 0 1 0 0
230	3	1 1 1 1 0 0 1 1 0 0 0 0 0 0 0 0
230	5	1 1 1 0 1 0 1 0 0 1 0 0 0 0 0 0
230	2	0 1 1 1 1 0 1 1 0 0 1 0 0 1 0 1
230	1	1 1 1 1 0 0 0 0 0 1 0 0 0 1 0 0
230	3	1 1 1 1 0 0 1 0 1 0 0 0 0 1 0 0
230	4	0 1 1 1 1 0 1 1 1 0 0 0 0 1 0 0
230	6	0 1 1 0 0 0 1 0 0 1 0 0 0 1 0 0
230	1	0 1 1 1 0 0 0 1 0 0 1 0 1 0 0 1
230	2	0 1 1 1 1 0 1 0 0 0 1 1 0 0 0 0
230	1	0 1 1 1 1 0 1 0 0 1 0 0 0 1 0 0
230	5	1 1 1 1 0 0 1 0 0 0 1 1 0 0 1 0
230	1	0 1 1 0 1 0 1 0 0 0 1 1 0 0 0 0
230	2	1 1 0 0 0 0 1 0 0 1 1 1 0 0 0 0
230	2	1 1 1 0 0 0 1 1 0 1 1 0 0 1 0 0
230	2	0 1 1 1 0 0 1 0 0 0 1 1 1 0 0 0
230	1	0 1 0 1 0 0 1 0 0 1 0 0 0 1 0 0
230	1	1 1 1 1 0 0 1 0 0 1 0 0 0 1 1 0
230	2	0 1 1 1 0 0 1 0 0 1 0 1 0 0 0 0
230	1	1 1 1 0 0 0 1 0 0 0 0 0 1 1 0 0
230	1	1 1 1 0 1 0 1 0 0 1 0 1 0 0 0 0
230	2	1 1 1 0 0 0 1 0 0 1 0 1 1 0 0 0
230	1	1 1 1 0 0 0 0 0 0 1 1 0 0 1 0 0
240	125	1 1 1 0 0 0 1 0 0 1 0 0 0 1 0 0
240	44	0 1 1 1 0 0 1 0 0 0 1 1 0 0 0 0
240	75	0 1 1 1 0 0 1 0 0 1 0 0 0 1 0 0
240	35	0 1 1 1 0 0 1 1 0 0 0 0 0 1 0 0
240	66	1 1 1 1 0 0 1 0 0 1 0 0 0 1 0 0
240	76	1 1 1 0 0 0 1 0 0 1 0 0 0 0 0 0
240	9	0 1 0 1 1 0 1 0 0 1 1 0 0 0 0 0
240	17	1 1 1 0 1 0 1 0 0 1 1 0 0 1 0 0
240	6	1 1 1 0 0 0 1 0 0 0 1 1 1 0 1 0
240	10	0 1 1 1 0 0 1 1 0 0 1 0 0 1 0 0
240	31	1 1 1 1 0 0 1 0 0 1 0 0 0 0 0 0
240	13	1 1 1 0 0 1 1 1 0 0 0 0 0 0 1 0
240	8	1 1 1 1 0 0 1 0 0 1 0 0 0 1 0 1
240	20	0 1 1 1 0 0 1 0 0 1 0 0 0 0 0 0
240	8	0 1 1 1 0 0 1 0 1 1 0 0 0 1 0 0
240	2	1 1 1 0 1 0 0 1 0 0 1 0 1 0 1 0
240	7	1 1 1 0 0 0 0 0 0 1 0 0 0 0 0 0
240	29	1 1 1 1 0 0 1 0 0 0 1 1 0 0 0 0
240	5	1 1 1 1 0 0 1 1 0 0 0 1 0 0 0 0
240	24	1 1 1 0 0 0 1 0 0 0 0 0 0 1 0 0
240	1	1 1 1 0 0 0 1 0 0 0 0 1 0 0 0 1
240	2	1 1 1 0 1 0 1 0 0 0 0 1 0 0 0 0
240	22	1 1 1 1 0 0 1 0 0 0 0 0 0 1 0 0
240	8	1 1 1 0 0 0 1 0 0 1 0 1 0 0 0 0
240	13	0 1 0 1 0 0 1 1 1 0 0 0 0 1 0 0
240	6	0 1 1 1 1 0 1 1 0 1 0 1 0 0 1 0
240	12	1 1 0 0 0 0 1 0 0 1 0 1 0 0 0 0
240	5	1 1 1 0 0 0 1 1 0 1 1 0 0 0 0 0
240	20	1 0 1 1 0 0 1 0 0 1 0 0 0 0 0 0
240	6	0 1 1 1 0 0 1 1 0 0 1 1 0 0 0 0
240	5	0 1 1 1 0 0 1 0 0 0 0 1 0 0 0 0
240	4	1 1 1 1 0 0 1 0 0 1 1 1 0 0 0 0
240	6	1 1 1 0 0 0 1 0 0 0 0 1 0 0 0 0
240	11	0 1 1 0 0 1 1 1 0 0 0 0 0 0 1 0
240	6	1 1 0 0 0 1 1 1 0 0 0 0 0 0 1 0
240	15	1 1 1 0 0 0 1 0 1 1 0 0 0 0 0 0
240	13	1 1 1 1 0 0 1 0 0 0 0 0 0 1 0 1
240	3	1 1 1 1 0 0 0 0 0 1 0 0 0 0 0 0
240	8	1 1 1 0 1 0 1 1 0 0 1 1 0 1 0 0
240	4	1 1 1 0 1 0 1 1 0 0 1 0 1 0 0 1
240	7	0 1 1 1 0 0 1 0 0 0 0 0 0 1 0 0
240	21	1 1 1 0 1 0 1 0 0 1 0 0 0 0 0 0
240	4	1 1 1 1 0 0 0 0 0 1 0 0 0 1 0 0
240	9	1 1 1 1 0 0 1 0 1 0 0 0 0 1 0 0
240	11	0 1 1 1 1 0 1 0 0 0 1 1 0 0 0 0
240	3	1 1 1 1 0 0 1 0 0 0 1 1 0 0 1 0
240	6	1 1 1 0 0 0 1 1 0 1 1 0 0 1 0 0
240	1	0 1 1 1 0 0 1 0 0 1 0 1 0 0 0 0
240	3	1 1 1 0 0 1 1 0 0 1 0 0 0 1 0 0
240	8	0 1 1 1 0 0 1 0 0 1 0 0 0 0 1 0
240	26	0 1 1 1 0 0 1 0 0 0 0 1 0 1 0 0
240	7	1 1 1 0 1 1 1 1 0 0 1 0 1 0 0 1
240	3	1 1 1 1 0 0 1 0 1 0 0 0 1 1 0 0
240	3	0 1 1 1 0 0 1 0 0 0 1 0 0 0 0 0
240	14	1 1 1 1 0 0 1 0 0 0 0 0 0 0 0 0
240	1	0 1 1 0 0 1 1 0 0 0 0 0 0 0 1 0
240	2	1 1 1 0 0 0 1 0 0 0 0 0 0 0 1 0
240	2	0 1 1 1 1 0 1 0 0 1 0 0 0 1 0 0
240	5	1 1 1 0 0 0 1 0 1 1 0 0 0 1 0 0
240	5	1 1 1 0 1 0 1 0 0 1 0 0 0 1 0 0
240	2	1 1 0 0 0 0 1 0 0 1 0 0 0 0 0 0
240	1	0 1 0 1 1 0 1 0 0 1 1 0 0 1 0 0
240	2	1 1 1 1 0 0 1 0 0 0 0 0 1 1 0 1
240	17	1 1 1 0 0 1 1 0 1 1 0 0 0 1 0 0
240	1	0 1 0 1 0 0 1 1 0 1 0 0 0 1 0 0
240	1	0 1 0 1 0 0 1 0 0 1 0 0 0 1 0 0
240	4	0 1 1 0 0 0 1 0 0 0 0 0 0 1 0 0
240	4	1 1 1 0 1 0 1 0 0 0 0 1 0 0 1 0
240	1	1 1 0 0 0 0 1 0 0 1 0 1 0 0 0 1
240	2	0 1 1 1 0 0 1 1 0 0 0 1 0 0 0 0
240	2	0 1 1 1 1 0 1 0 0 1 0 0 0 1 1 0
240	2	0 1 0 1 0 0 1 1 0 0 1 0 0 1 0 0
240	2	1 1 1 0 0 1 1 1 0 0 0 0 0 1 0 0
240	2	1 0 1 1 0 0 1 0 0 1 0 1 0 0 0 0
240	2	1 1 1 0 1 0 1 0 0 1 1 0 0 0 0 0
240	3	1 1 1 1 1 0 1 0 0 0 1 1 0 0 0 0
240	3	0 0 0 1 0 0 1 1 1 0 0 0 0 1 0 0
240	4	0 1 1 1 0 0 1 0 0 0 0 0 1 1 0 0
240	1	0 1 1 1 0 0 0 0 0 1 0 0 0 0 0 0
240	1	0 1 1 1 1 0 1 1 0 1 0 1 0 0 0 0
240	1	1 1 1 1 0 0 1 1 0 0 1 1 0 0 0 0
240	1	0 1 1 0 0 0 1 0 0 1 0 0 0 0 0 0
240	1	1 1 1 1 0 0 1 0 0 1 1 0 0 1 0 0
240	1	1 1 1 0 0 1 1 0 1 0 0 0 0 1 0 0
240	1	0 1 0 1 0 0 1 0 0 0 0 0 0 1 0 1
240	1	1 1 0 0 0 0 1 0 0 0 1 1 0 0 0 0
240	1	1 1 1 0 0 0 1 1 0 1 0 0 0 1 0 0
240	2	0 1 1 0 0 0 1 0 0 1 0 0 0 1 0 0
240	2	1 1 1 0 0 0 1 0 0 1 0 0 1 1 0 0
240	1	0 1 1 0 0 0 1 1 0 0 0 0 0 1 0 0
240	1	1 1 1 0 0 1 1 1 0 0 0 1 0 0 1 0
240	1	0 1 1 1 0 1 1 0 0 1 0 0 0 0 0 0
240	2	1 1 1 0 0 0 1 0 0 0 0 1 0 1 0 0
240	2	0 1 1 1 1 0 1 1 0 1 0 1 0 0 1 1
240	3	1 0 1 1 0 0 1 0 0 1 0 0 0 0 0 1
240	1	0 1 1 1 1 0 1 0 0 1 0 0 1 1 0 0
250	64	1 1 1 0 0 0 1 0 0 1 0 0 0 1 0 0
250	57	0 1 1 1 0 0 1 0 0 0 1 1 0 0 0 0
250	33	0 1 1 1 0 0 1 0 0 1 0 0 0 1 0 0
250	72	0 1 1 1 0 0 1 1 0 0 0 0 0 1 0 0
250	74	1 1 1 1 0 0 1 0 0 1 0 0 0 1 0 0
250	81	1 1 1 0 0 0 1 0 0 1 0 0 0 0 0 0
250	1	0 1 0 1 1 0 1 0 0 1 1 0 0 0 0 0
250	3	1 1 1 0 1 0 1 0 0 1 1 0 0 1 0 0
250	14	0 1 1 1 0 0 1 1 0 0 1 0 0 1 0 0
250	31	1 1 1 1 0 0 1 0 0 1 0 0 0 0 0 0
250	28	1 1 1 0 0 1 1 1 0 0 0 0 0 0 1 0
250	4	1 1 1 1 0 0 1 0 0 1 0 0 0 1 0 1
250	27	0 1 1 1 0 0 1 0 0 1 0 0 0 0 0 0
250	5	0 1 1 1 0 0 1 0 1 1 0 0 0 1 0 0
250	3	1 1 1 0 0 0 0 0 0 1 0 0 0 0 0 0
250	31	1 1 1 1 0 0 1 0 0 0 1 1 0 0 0 0
250	14	1 1 1 0 0 0 1 0 0 0 0 0 0 1 0 0
250	28	1 1 1 1 0 0 1 0 0 0 0 0 0 1 0 0
250	7	1 1 1 0 0 0 1 0 0 1 0 1 0 0 0 0
250	4	0 1 0 1 0 0 1 1 1 0 0 0 0 1 0 0
250	1	1 1 0 0 0 0 1 0 0 1 0 1 0 0 0 0
250	4	1 1 1 0 0 0 1 1 0 1 1 0 0 0 0 0
250	19	1 0 1 1 0 0 1 0 0 1 0 0 0 0 0 0
250	2	0 1 1 1 0 0 1 1 0 0 1 1 0 0 0 0
250	4	1 1 1 0 0 0 1 0 0 0 0 1 0 0 0 0
250	3	0 1 1 0 0 1 1 1 0 0 0 0 0 0 1 0
250	8	1 1 1 0 0 0 1 0 1 1 0 0 0 0 0 0
250	11	1 1 1 1 0 0 1 0 0 0 0 0 0 1 0 1
250	13	1 1 1 0 1 0 1 1 0 0 1 1 0 1 0 0
250	6	1 1 1 0 1 0 1 0 0 1 0 0 0 0 0 0
250	15	1 1 1 1 0 0 1 0 1 0 0 0 0 1 0 0
250	23	0 1 1 1 1 0 1 0 0 0 1 1 0 0 0 0
250	8	1 1 1 0 0 0 1 1 0 1 1 0 0 1 0 0
250	6	0 1 1 1 0 0 1 0 0 1 0 1 0 0 0 0
250	11	1 1 1 0 0 1 1 0 0 1 0 0 0 1 0 0
250	2	0 1 1 1 0 0 1 0 0 1 0 0 0 0 1 0
250	17	0 1 1 1 0 0 1 0 0 0 0 1 0 1 0 0
250	1	1 1 1 0 1 1 1 1 0 0 1 0 1 0 0 1
250	39	1 1 1 1 0 0 1 0 0 0 0 0 0 0 0 0
250	4	1 1 1 0 0 0 1 0 1 1 0 0 0 1 0 0
250	8	1 1 1 0 1 0 1 0 0 1 0 0 0 1 0 0
250	17	1 1 0 0 0 0 1 0 0 1 0 0 0 0 0 0
250	1	0 1 0 1 1 0 1 0 0 1 1 0 0 1 0 0
250	10	1 1 1 0 0 1 1 0 1 1 0 0 0 1 0 0
250	26	1 1 1 0 1 0 1 0 0 0 0 1 0 0 1 0
250	1	1 1 0 0 0 0 1 0 0 1 0 1 0 0 0 1
250	2	0 1 1 1 0 0 1 0 0 0 0 0 1 1 0 0
250	6	0 1 1 1 0 0 0 0 0 1 0 0 0 0 0 0
250	15	0 1 0 1 0 0 1 0 0 0 0 0 0 1 0 1
250	4	1 1 1 0 0 0 1 1 0 1 0 0 0 1 0 0
250	5	0 1 1 0 0 0 1 0 0 1 0 0 0 1 0 0
250	1	1 1 1 0 0 0 1 0 0 1 0 0 1 1 0 0
250	5	1 1 1 0 0 0 1 0 0 0 0 1 0 1 0 0
250	3	1 1 1 0 1 1 1 1 0 0 1 0 1 0 0 0
250	10	1 1 1 0 0 1 1 1 1 1 0 0 0 1 0 0
250	4	0 1 1 0 0 0 1 1 0 1 1 0 0 1 0 0
250	3	1 0 1 1 0 0 1 0 0 1 0 0 0 1 0 0
250	10	1 0 1 0 0 0 1 0 0 1 0 0 0 0 0 0
250	11	0 1 1 0 1 0 1 0 0 1 0 0 0 0 0 0
250	1	1 1 1 1 0 0 1 0 0 0 0 0 1 1 1 1
250	7	1 1 1 0 1 0 1 0 0 1 1 1 0 0 0 0
250	1	0 1 1 1 0 0 1 0 0 1 0 1 0 1 0 0
250	2	1 1 1 1 0 0 1 0 0 1 1 0 0 1 0 0
250	6	1 1 1 1 0 0 1 0 0 0 0 1 0 0 0 0
250	1	1 1 1 0 0 0 1 1 0 1 0 1 0 0 0 0
250	2	1 1 1 0 0 0 1 0 0 0 1 1 0 1 0 0
250	1	0 1 1 1 1 0 1 0 0 1 0 0 0 1 0 0
250	3	1 1 1 0 0 0 1 0 0 0 1 1 0 0 0 0
250	2	0 1 1 1 0 1 1 0 0 1 0 0 0 1 0 0
250	7	0 1 0 1 0 0 1 0 0 1 1 0 0 0 0 0
250	1	1 1 1 0 0 0 1 1 0 1 1 0 0 1 0 1
250	1	1 1 1 1 0 1 1 0 0 0 1 0 0 1 0 0
250	2	1 1 1 1 0 0 1 0 0 1 0 0 0 1 1 0
250	3	0 1 1 0 0 1 1 1 0 0 1 1 0 0 0 0
250	2	1 1 0 1 0 0 1 0 0 1 1 0 0 0 0 0
250	1	1 1 0 0 0 0 1 0 1 1 0 0 0 0 0 0
250	1	1 1 1 1 0 0 1 0 1 0 0 0 0 1 1 0
250	1	1 1 1 1 0 1 1 1 1 1 0 0 0 1 0 0
250	4	1 1 1 0 1 0 1 1 0 0 1 1 1 0 0 1
250	2	1 1 1 0 0 0 1 0 0 1 0 0 0 0 1 0
250	1	0 1 1 1 0 0 1 1 0 1 0 0 0 0 0 0
250	1	1 1 1 1 0 0 1 1 0 0 0 0 0 1 0 0
250	3	0 1 0 1 1 0 1 1 0 1 1 0 0 0 0 0
250	1	1 1 1 1 0 0 0 0 0 0 0 0 0 1 0 0
250	3	1 1 1 0 0 0 1 1 0 0 1 1 0 1 0 0
250	3	1 1 1 1 0 0 1 0 0 0 0 0 1 0 0 0
250	3	1 1 0 0 0 0 1 0 0 0 0 0 0 0 0 0
250	1	1 1 1 1 0 0 1 1 0 0 1 0 0 1 0 0
250	1	1 1 1 0 0 1 1 1 0 0 0 0 0 1 0 0
250	1	1 1 1 0 0 0 1 0 0 1 1 0 0 0 0 0
250	1	1 1 1 0 0 0 1 0 0 0 0 0 0 0 0 0
250	1	1 1 1 0 0 0 1 1 0 1 0 0 0 0 0 0
250	1	1 1 1 0 0 1 1 1 0 1 0 0 0 0 1 0
250	1	1 1 1 0 0 0 1 0 0 1 0 0 0 1 0 1
250	2	1 1 1 1 0 0 1 0 0 0 0 0 0 0 0 1
250	2	1 1 1 0 1 0 1 1 1 0 1 1 0 1 0 0
250	2	1 1 0 0 0 1 1 0 0 1 0 0 0 0 0 0
250	1	1 1 1 0 0 0 1 0 0 1 0 0 0 1 1 0
260	28	1 1 1 0 0 0 1 0 0 1 0 0 0 1 0 0
260	57	0 1 1 1 0 0 1 0 0 0 1 1 0 0 0 0
260	39	0 1 1 1 0 0 1 0 0 1 0 0 0 1 0 0
260	60	0 1 1 1 0 0 1 1 0 0 0 0 0 1 0 0
260	80	1 1 1 1 0 0 1 0 0 1 0 0 0 1 0 0
260	67	1 1 1 0 0 0 1 0 0 1 0 0 0 0 0 0
260	3	0 1 1 1 0 0 1 1 0 0 1 0 0 1 0 0
260	23	1 1 1 1 0 0 1 0 0 1 0 0 0 0 0 0
260	48	1 1 1 0 0 1 1 1 0 0 0 0 0 0 1 0
260	24	0 1 1 1 0 0 1 0 0 1 0 0 0 0 0 0
260	3	0 1 1 1 0 0 1 0 1 1 0 0 0 1 0 0
260	35	1 1 1 1 0 0 1 0 0 0 1 1 0 0 0 0
260	14	1 1 1 0 0 0 1 0 0 0 0 0 0 1 0 0
260	38	1 1 1 1 0 0 1 0 0 0 0 0 0 1 0 0
260	1	1 1 1 0 0 0 1 0 0 1 0 1 0 0 0 0
260	12	1 1 0 0 0 0 1 0 0 1 0 1 0 0 0 0
260	3	1 1 1 0 0 0 1 1 0 1 1 0 0 0 0 0
260	31	1 0 1 1 0 0 1 0 0 1 0 0 0 0 0 0
260	5	0 1 1 1 0 0 1 1 0 0 1 1 0 0 0 0
260	10	0 1 1 0 0 1 1 1 0 0 0 0 0 0 1 0
260	5	1 1 1 0 0 0 1 0 1 1 0 0 0 0 0 0
260	6	1 1 1 1 0 0 1 0 0 0 0 0 0 1 0 1
260	2	1 1 1 0 1 0 1 1 0 0 1 1 0 1 0 0
260	31	1 1 1 0 1 0 1 0 0 1 0 0 0 0 0 0
260	11	1 1 1 1 0 0 1 0 1 0 0 0 0 1 0 0
260	3	1 1 1 0 0 0 1 1 0 1 1 0 0 1 0 0
260	4	0 1 1 1 0 0 1 0 0 1 0 0 0 0 1 0
260	2	0 1 1 1 0 0 1 0 0 0 0 1 0 1 0 0
260	35	1 1 1 1 0 0 1 0 0 0 0 0 0 0 0 0
260	7	1 1 1 0 0 0 1 0 1 1 0 0 0 1 0 0
260	5	1 1 1 0 1 0 1 0 0 1 0 0 0 1 0 0
260	17	1 1 0 0 0 0 1 0 0 1 0 0 0 0 0 0
260	9	1 1 1 0 0 1 1 0 1 1 0 0 0 1 0 0
260	33	1 1 1 0 1 0 1 0 0 0 0 1 0 0 1 0
260	5	0 1 0 1 0 0 1 0 0 0 0 0 0 1 0 1
260	3	1 1 1 0 0 0 1 0 0 0 0 1 0 1 0 0
260	4	1 0 1 1 0 0 1 0 0 1 0 0 0 1 0 0
260	6	1 0 1 0 0 0 1 0 0 1 0 0 0 0 0 0
260	1	0 1 1 0 1 0 1 0 0 1 0 0 0 0 0 0
260	31	1 1 1 0 1 0 1 0 0 1 1 1 0 0 0 0
260	19	1 1 1 1 0 0 1 0 0 0 0 1 0 0 0 0
260	9	0 1 0 1 0 0 1 0 0 1 1 0 0 0 0 0
260	8	1 1 1 0 0 0 1 1 0 1 1 0 0 1 0 1
260	4	0 1 1 1 0 0 1 1 0 1 0 0 0 0 0 0
260	8	1 1 1 1 0 0 1 0 0 0 0 0 1 0 0 0
260	13	1 1 0 0 0 0 1 0 0 0 0 0 0 0 0 0
260	2	1 1 1 1 0 0 1 1 0 0 1 0 0 1 0 0
260	21	1 1 1 1 0 0 1 0 0 0 0 0 0 0 0 1
260	6	1 1 1 1 0 0 1 0 0 0 1 0 0 0 0 0
260	6	0 1 0 1 0 0 1 0 0 0 0 0 1 1 0 1
260	15	1 1 1 0 0 1 1 1 0 0 0 0 0 0 1 1
260	2	1 1 1 0 0 1 1 0 1 1 1 1 0 0 0 0
260	4	1 1 1 1 1 0 1 0 0 1 0 0 0 0 0 0
260	1	1 1 1 0 0 1 1 0 0 1 0 0 0 0 0 0
260	2	0 1 1 1 0 1 1 1 0 0 1 1 0 0 0 0
260	3	1 0 0 1 0 0 1 0 0 1 1 0 0 0 0 0
260	3	1 1 1 0 1 0 1 1 1 0 1 1 1 1 0 0
260	11	0 1 1 1 1 0 1 0 0 1 1 1 0 0 0 0
260	4	0 1 1 1 0 0 1 0 0 1 0 0 0 1 0 1
260	4	1 1 1 0 0 0 1 0 0 1 0 0 0 0 1 0
260	9	1 1 1 0 0 1 1 1 0 1 0 0 0 0 1 0
260	3	0 1 1 0 0 0 1 0 0 1 0 0 0 0 0 0
260	1	1 1 0 1 0 0 1 0 1 0 0 0 0 1 0 0
260	1	1 1 1 1 0 0 1 0 1 0 0 0 0 0 0 0
260	4	0 1 1 1 0 0 1 0 0 0 0 0 1 0 0 0
260	2	1 1 1 0 1 0 1 0 0 1 0 1 0 0 0 0
260	1	1 1 1 1 1 0 1 0 0 0 0 1 0 0 0 0
260	2	0 1 1 1 0 0 1 0 0 0 0 0 0 0 0 0
260	4	0 1 1 1 0 0 1 0 1 1 0 0 0 0 0 0
260	1	1 1 1 1 0 0 1 0 0 0 1 0 0 1 0 0
260	4	0 1 1 0 0 0 1 0 0 0 0 0 0 1 0 0
260	3	0 1 1 1 0 1 1 1 0 0 0 0 0 0 1 0
260	3	0 1 0 1 0 0 1 0 0 1 0 0 0 1 0 0
260	2	0 1 1 1 0 0 1 1 0 1 0 0 0 1 0 0
260	1	1 1 1 1 0 1 1 0 0 1 0 0 0 1 0 0
260	2	1 1 1 1 0 0 1 0 0 0 1 1 1 0 0 0
260	1	1 1 1 0 0 1 1 0 0 0 0 0 0 1 0 0
260	1	0 1 1 0 1 0 0 0 0 0 1 0 0 0 0 0
260	1	0 1 1 1 0 0 1 0 0 0 0 0 0 1 0 0
260	1	1 1 0 0 0 0 1 1 0 1 1 0 0 1 0 1
260	1	0 1 1 1 1 0 1 0 0 0 1 1 0 0 0 0
260	3	0 1 1 1 0 0 1 0 0 0 0 1 0 0 0 0
260	2	0 1 1 1 0 0 1 1 0 0 0 1 0 1 0 0
260	1	1 1 1 1 0 0 1 0 0 1 0 1 0 1 0 0
270	7	1 1 1 0 0 0 1 0 0 1 0 0 0 1 0 0
270	66	0 1 1 1 0 0 1 0 0 0 1 1 0 0 0 0
270	20	0 1 1 1 0 0 1 0 0 1 0 0 0 1 0 0
270	11	0 1 1 1 0 0 1 1 0 0 0 0 0 1 0 0
270	79	1 1 1 1 0 0 1 0 0 1 0 0 0 1 0 0
270	52	1 1 1 0 0 0 1 0 0 1 0 0 0 0 0 0
270	11	0 1 1 1 0 0 1 1 0 0 1 0 0 1 0 0
270	50	1 1 1 1 0 0 1 0 0 1 0 0 0 0 0 0
270	49	1 1 1 0 0 1 1 1 0 0 0 0 0 0 1 0
270	31	0 1 1 1 0 0 1 0 0 1 0 0 0 0 0 0
270	18	1 1 1 1 0 0 1 0 0 0 1 1 0 0 0 0
270	32	1 1 1 0 0 0 1 0 0 0 0 0 0 1 0 0
270	46	1 1 1 1 0 0 1 0 0 0 0 0 0 1 0 0
270	1	1 1 0 0 0 0 1 0 0 1 0 1 0 0 0 0
270	7	1 0 1 1 0 0 1 0 0 1 0 0 0 0 0 0
270	6	0 1 1 1 0 0 1 1 0 0 1 1 0 0 0 0
270	12	0 1 1 0 0 1 1 1 0 0 0 0 0 0 1 0
270	4	1 1 1 1 0 0 1 0 0 0 0 0 0 1 0 1
270	27	1 1 1 0 1 0 1 0 0 1 0 0 0 0 0 0
270	2	1 1 1 0 0 0 1 1 0 1 1 0 0 1 0 0
270	4	0 1 1 1 0 0 1 0 0 1 0 0 0 0 1 0
270	30	1 1 1 1 0 0 1 0 0 0 0 0 0 0 0 0
270	5	1 1 1 0 0 0 1 0 1 1 0 0 0 1 0 0
270	7	1 1 1 0 1 0 1 0 0 1 0 0 0 1 0 0
270	3	1 1 0 0 0 0 1 0 0 1 0 0 0 0 0 0
270	6	1 1 1 0 1 0 1 0 0 0 0 1 0 0 1 0
270	5	1 1 1 0 0 0 1 0 0 0 0 1 0 1 0 0
270	7	1 0 1 1 0 0 1 0 0 1 0 0 0 1 0 0
270	4	1 0 1 0 0 0 1 0 0 1 0 0 0 0 0 0
270	18	1 1 1 0 1 0 1 0 0 1 1 1 0 0 0 0
270	11	1 1 1 1 0 0 1 0 0 0 0 1 0 0 0 0
270	3	0 1 0 1 0 0 1 0 0 1 1 0 0 0 0 0
270	14	1 1 1 0 0 0 1 1 0 1 1 0 0 1 0 1
270	1	1 1 1 1 0 0 1 0 0 0 0 0 1 0 0 0
270	11	1 1 0 0 0 0 1 0 0 0 0 0 0 0 0 0
270	1	1 1 1 1 0 0 1 1 0 0 1 0 0 1 0 0
270	8	1 1 1 1 0 0 1 0 0 0 0 0 0 0 0 1
270	2	0 1 0 1 0 0 1 0 0 0 0 0 1 1 0 1
270	27	1 1 1 0 0 1 1 1 0 0 0 0 0 0 1 1
270	9	1 1 1 0 0 1 1 0 1 1 1 1 0 0 0 0
270	1	1 0 0 1 0 0 1 0 0 1 1 0 0 0 0 0
270	2	0 1 1 1 1 0 1 0 0 1 1 1 0 0 0 0
270	29	1 1 1 0 0 0 1 0 0 1 0 0 0 0 1 0
270	11	0 1 1 1 0 0 1 0 0 0 0 0 0 0 0 0
270	4	0 1 1 1 0 0 1 0 1 1 0 0 0 0 0 0
270	14	0 1 0 1 0 0 1 0 0 1 0 0 0 1 0 0
270	3	1 1 1 1 0 1 1 0 0 1 0 0 0 1 0 0
270	4	1 1 1 1 0 0 1 0 0 0 1 1 1 0 0 0
270	6	1 1 1 0 0 1 1 0 0 0 0 0 0 1 0 0
270	1	0 1 1 0 1 0 0 0 0 0 1 0 0 0 0 0
270	4	0 1 1 1 0 0 1 0 0 0 0 0 0 1 0 0
270	4	0 1 1 1 1 0 1 0 0 0 1 1 0 0 0 0
270	2	0 1 1 1 0 0 1 0 0 1 0 1 0 0 0 0
270	6	0 1 1 1 0 0 1 1 0 0 0 0 0 1 1 0
270	9	1 1 1 1 0 0 1 0 0 1 0 0 1 0 0 0
270	2	1 1 1 1 0 0 1 0 0 0 0 1 0 1 0 0
270	4	1 1 1 1 0 0 1 0 0 1 1 1 0 0 0 0
270	4	1 1 1 0 0 0 1 0 0 1 0 0 1 1 0 0
270	17	1 1 1 0 0 0 1 0 0 0 1 1 0 0 0 0
270	16	0 1 1 1 1 0 1 0 0 1 0 1 0 0 0 0
270	2	1 1 1 1 0 0 1 1 0 0 0 0 0 1 0 0
270	3	1 1 1 0 1 0 1 0 0 0 0 1 0 0 0 0
270	11	1 1 1 1 0 0 1 0 1 1 0 0 0 0 0 0
270	9	1 1 0 1 0 0 1 0 0 0 0 0 0 0 0 0
270	3	0 1 0 1 0 0 1 0 0 0 1 0 1 1 0 1
270	8	1 1 1 1 0 0 1 0 0 1 0 0 0 1 1 0
270	9	1 1 1 0 0 1 1 1 0 0 0 0 0 0 0 0
270	4	1 1 1 0 0 0 1 0 0 0 0 1 0 0 0 0
270	7	0 1 1 1 0 0 1 0 0 1 1 1 0 0 0 0
270	2	1 1 1 0 0 1 1 0 1 1 1 1 0 1 0 0
270	7	0 1 1 1 1 0 1 0 1 0 1 1 0 0 0 0
270	1	1 1 1 1 0 0 1 0 0 1 0 1 0 1 0 0
270	2	1 1 1 0 1 1 1 1 0 0 0 0 0 0 1 0
270	3	1 1 0 1 0 0 1 0 0 1 0 0 0 1 0 0
270	1	1 1 1 1 0 0 1 0 1 1 0 0 0 1 0 0
270	8	1 0 1 0 0 1 1 1 0 0 0 0 0 0 1 0
270	8	1 1 0 1 0 0 1 0 0 0 0 0 0 1 0 0
270	4	1 1 0 0 0 0 1 0 0 0 0 1 0 0 0 0
270	4	1 1 1 1 0 0 1 0 0 1 0 1 0 0 0 0
270	4	0 1 1 1 0 0 1 1 0 1 1 1 0 0 0 0
270	2	0 1 1 1 0 0 1 0 0 0 1 0 0 0 0 0
270	2	0 1 1 1 0 0 1 1 0 0 1 0 1 1 0 0
270	1	1 1 1 0 0 0 1 1 0 0 0 0 0 0 1 0
270	1	0 1 1 1 1 0 1 0 0 1 0 0 0 0 0 0
270	2	1 1 1 0 0 0 0 1 0 1 1 0 0 1 0 0
270	13	1 1 1 0 0 0 1 0 1 1 1 0 0 1 0 0
270	2	1 0 1 1 0 0 1 0 0 0 0 0 1 0 0 0
270	1	0 1 0 0 0 0 1 0 0 0 0 0 0 0 0 0
270	1	1 1 1 1 0 0 0 0 0 0 1 0 0 0 0 0
270	1	1 1 1 0 0 1 1 1 0 1 0 0 0 0 0 0
270	3	0 1 1 0 0 0 1 0 0 1 0 0 0 0 0 0
270	1	0 1 1 1 0 0 0 0 0 0 1 1 0 0 0 0
270	1	1 1 1 1 0 1 1 0 0 0 1 1 0 0 0 0
270	2	1 1 1 1 1 0 1 0 0 0 0 0 0 0 0 1
270	1	1 1 1 0 0 0 1 0 0 1 0 0 0 0 0 1
270	2	1 1 1 0 0 0 1 1 0 0 1 0 0 1 0 0
270	2	1 1 1 1 0 0 1 0 0 1 0 0 0 0 0 1
270	1	1 1 1 1 0 1 1 0 0 1 0 0 0 0 0 0
270	1	1 0 1 1 0 0 1 0 0 0 0 0 0 1 0 0
270	2	1 0 1 1 0 0 1 0 1 1 0 0 0 0 0 0
270	3	1 1 1 1 1 0 1 0 0 1 0 0 0 0 0 0
270	1	1 1 1 0 1 0 0 0 0 1 0 0 0 0 0 0
270	2	1 1 1 1 1 0 1 0 0 0 0 0 0 0 0 0
270	1	0 1 1 1 0 1 1 0 0 1 0 1 0 0 0 0
270	1	1 1 1 1 0 0 1 0 1 1 0 0 0 1 0 1
280	15	1 1 1 0 0 0 1 0 0 1 0 0 0 1 0 0
280	50	0 1 1 1 0 0 1 0 0 0 1 1 0 0 0 0
280	20	0 1 1 1 0 0 1 0 0 1 0 0 0 1 0 0
280	11	0 1 1 1 0 0 1 1 0 0 0 0 0 1 0 0
280	94	1 1 1 1 0 0 1 0 0 1 0 0 0 1 0 0
280	26	1 1 1 0 0 0 1 0 0 1 0 0 0 0 0 0
280	5	0 1 1 1 0 0 1 1 0 0 1 0 0 1 0 0
280	56	1 1 1 1 0 0 1 0 0 1 0 0 0 0 0 0
280	36	1 1 1 0 0 1 1 1 0 0 0 0 0 0 1 0
280	20	0 1 1 1 0 0 1 0 0 1 0 0 0 0 0 0
280	35	1 1 1 1 0 0 1 0 0 0 1 1 0 0 0 0
280	20	1 1 1 0 0 0 1 0 0 0 0 0 0 1 0 0
280	57	1 1 1 1 0 0 1 0 0 0 0 0 0 1 0 0
280	2	1 0 1 1 0 0 1 0 0 1 0 0 0 0 0 0
280	3	0 1 1 1 0 0 1 1 0 0 1 1 0 0 0 0
280	2	0 1 1 0 0 1 1 1 0 0 0 0 0 0 1 0
280	38	1 1 1 0 1 0 1 0 0 1 0 0 0 0 0 0
280	5	0 1 1 1 0 0 1 0 0 1 0 0 0 0 1 0
280	12	1 1 1 1 0 0 1 0 0 0 0 0 0 0 0 0
280	14	1 1 1 0 0 0 1 0 0 0 0 1 0 1 0 0
280	20	1 0 1 1 0 0 1 0 0 1 0 0 0 1 0 0
280	4	1 0 1 0 0 0 1 0 0 1 0 0 0 0 0 0
280	23	1 1 1 0 1 0 1 0 0 1 1 1 0 0 0 0
280	8	1 1 1 1 0 0 1 0 0 0 0 1 0 0 0 0
280	4	1 1 0 0 0 0 1 0 0 0 0 0 0 0 0 0
280	13	1 1 1 1 0 0 1 0 0 0 0 0 0 0 0 1
280	8	1 1 1 0 0 1 1 1 0 0 0 0 0 0 1 1
280	11	1 1 1 0 0 0 1 0 0 1 0 0 0 0 1 0
280	7	0 1 1 1 0 0 1 0 0 0 0 0 0 0 0 0
280	15	0 1 0 1 0 0 1 0 0 1 0 0 0 1 0 0
280	1	1 1 1 1 0 0 1 0 0 0 1 1 1 0 0 0
280	6	1 1 1 0 0 1 1 0 0 0 0 0 0 1 0 0
280	3	0 1 1 1 1 0 1 0 0 0 1 1 0 0 0 0
280	6	1 1 1 1 0 0 1 0 0 1 0 0 1 0 0 0
280	9	1 1 1 0 0 0 1 0 0 0 1 1 0 0 0 0
280	7	0 1 1 1 1 0 1 0 0 1 0 1 0 0 0 0
280	9	1 1 1 1 0 0 1 0 1 1 0 0 0 0 0 0
280	10	1 1 0 1 0 0 1 0 0 0 0 0 0 0 0 0
280	18	1 1 1 1 0 0 1 0 0 1 0 0 0 1 1 0
280	2	1 1 1 0 0 1 1 1 0 0 0 0 0 0 0 0
280	18	0 1 1 1 0 0 1 0 0 1 1 1 0 0 0 0
280	33	0 1 1 1 1 0 1 0 1 0 1 1 0 0 0 0
280	2	1 1 1 1 0 0 1 0 0 1 0 1 0 1 0 0
280	7	1 1 0 1 0 0 1 0 0 1 0 0 0 1 0 0
280	13	1 0 1 0 0 1 1 1 0 0 0 0 0 0 1 0
280	7	1 1 0 1 0 0 1 0 0 0 0 0 0 1 0 0
280	3	1 1 0 0 0 0 1 0 0 0 0 1 0 0 0 0
280	8	1 1 1 1 0 0 1 0 0 1 0 1 0 0 0 0
280	2	0 1 1 1 0 0 1 1 0 1 1 1 0 0 0 0
280	7	0 1 1 1 1 0 1 0 0 1 0 0 0 0 0 0
280	7	1 1 1 0 0 0 1 0 1 1 1 0 0 1 0 0
280	5	0 1 0 0 0 0 1 0 0 0 0 0 0 0 0 0
280	14	0 1 1 1 0 0 0 0 0 0 1 1 0 0 0 0
280	4	1 1 1 1 1 0 1 0 0 1 0 0 0 0 0 0
280	1	1 1 1 1 0 0 1 0 1 1 0 0 0 1 0 1
280	9	1 1 1 0 0 0 1 0 0 0 0 0 0 0 0 0
280	1	0 1 1 1 0 0 1 0 0 1 0 0 1 0 0 0
280	4	1 1 1 1 0 0 1 0 0 1 0 0 1 1 0 0
280	2	1 1 1 1 0 0 1 0 0 0 0 0 1 1 0 0
280	5	1 1 0 1 0 0 1 0 0 0 1 1 0 0 0 0
280	6	1 1 1 1 0 0 0 0 0 0 0 0 0 1 0 0
280	2	0 1 1 1 0 1 1 1 0 0 0 0 0 1 0 0
280	10	1 1 0 1 0 0 1 0 0 1 0 0 0 0 0 0
280	2	1 1 1 0 0 1 1 1 0 0 0 1 0 0 1 0
280	4	1 1 1 0 0 0 1 0 0 1 1 1 0 0 0 0
280	7	1 1 1 0 1 0 1 0 0 1 0 0 0 0 1 0
280	4	1 1 1 0 0 0 1 0 1 0 0 0 0 1 0 0
280	8	1 1 1 1 0 0 1 1 0 0 0 0 0 1 0 0
280	5	0 0 1 1 0 0 1 0 0 1 0 1 0 0 0 0
280	6	1 1 1 1 1 0 1 0 0 1 0 0 1 0 0 0
280	3	1 1 1 1 0 0 1 0 0 1 0 0 0 0 1 0
280	10	1 1 1 1 0 1 1 0 0 0 0 0 0 1 0 0
280	3	1 1 1 0 1 0 1 0 0 0 0 1 1 0 1 0
280	3	1 1 1 1 1 0 1 0 0 1 1 1 0 0 0 0
280	1	1 1 1 0 0 1 1 1 0 0 0 0 0 1 0 0
280	7	1 1 1 0 1 0 1 0 0 1 0 0 0 1 0 0
280	9	1 1 0 0 1 0 1 0 0 1 0 0 0 0 0 0
280	7	0 1 1 1 1 0 1 1 0 1 0 1 0 0 0 0
280	2	1 1 0 0 0 1 1 1 0 0 0 0 0 0 1 0
280	3	1 1 1 1 0 0 1 0 0 0 0 0 0 1 0 1
280	6	1 1 0 1 0 0 1 0 0 1 0 0 1 0 0 0
280	2	0 1 1 0 0 1 1 0 0 1 0 0 0 0 0 0
280	2	0 1 1 1 0 0 1 1 0 1 0 0 0 0 0 0
280	2	0 1 1 1 0 0 1 0 0 0 0 0 1 1 0 0
280	2	1 1 1 1 1 0 1 0 0 0 1 1 0 0 0 0
280	2	1 1 1 0 1 0 1 0 0 1 1 1 0 1 0 1
280	2	0 1 1 0 0 0 1 0 0 0 1 1 0 0 0 0
280	1	0 1 1 1 0 0 1 0 1 1 0 0 0 0 1 0
280	2	1 1 1 1 1 0 1 0 0 1 0 0 0 1 1 0
280	4	1 1 0 1 0 0 1 0 0 1 0 0 0 1 0 1
280	7	1 1 0 1 0 0 1 0 0 1 0 1 0 1 0 0
280	2	1 1 1 0 0 0 1 0 0 0 0 0 0 0 1 0
280	3	0 1 1 1 0 0 1 1 0 0 0 0 0 0 1 0
280	1	1 0 1 1 0 0 1 0 0 0 0 0 0 1 0 0
280	3	1 1 1 1 0 0 1 0 0 1 1 1 1 0 0 0
290	18	1 1 1 0 0 0 1 0 0 1 0 0 0 1 0 0
290	30	0 1 1 1 0 0 1 0 0 0 1 1 0 0 0 0
290	11	0 1 1 1 0 0 1 0 0 1 0 0 0 1 0 0
290	12	0 1 1 1 0 0 1 1 0 0 0 0 0 1 0 0
290	72	1 1 1 1 0 0 1 0 0 1 0 0 0 1 0 0
290	10	1 1 1 0 0 0 1 0 0 1 0 0 0 0 0 0
290	54	1 1 1 1 0 0 1 0 0 1 0 0 0 0 0 0
290	44	1 1 1 0 0 1 1 1 0 0 0 0 0 0 1 0
290	13	0 1 1 1 0 0 1 0 0 1 0 0 0 0 0 0
290	32	1 1 1 1 0 0 1 0 0 0 1 1 0 0 0 0
290	27	1 1 1 0 0 0 1 0 0 0 0 0 0 1 0 0
290	29	1 1 1 1 0 0 1 0 0 0 0 0 0 1 0 0
290	5	0 1 1 1 0 0 1 1 0 0 1 1 0 0 0 0
290	35	1 1 1 0 1 0 1 0 0 1 0 0 0 0 0 0
290	17	1 1 1 1 0 0 1 0 0 0 0 0 0 0 0 0
290	17	1 1 1 0 0 0 1 0 0 0 0 1 0 1 0 0
290	2	1 0 1 1 0 0 1 0 0 1 0 0 0 1 0 0
290	3	1 1 1 0 1 0 1 0 0 1 1 1 0 0 0 0
290	19	1 1 1 1 0 0 1 0 0 0 0 1 0 0 0 0
290	9	1 1 1 1 0 0 1 0 0 0 0 0 0 0 0 1
290	11	1 1 1 0 0 0 1 0 0 1 0 0 0 0 1 0
290	9	0 1 1 1 0 0 1 0 0 0 0 0 0 0 0 0
290	10	1 1 1 0 0 1 1 0 0 0 0 0 0 1 0 0
290	6	1 1 1 0 0 0 1 0 0 0 1 1 0 0 0 0
290	3	0 1 1 1 1 0 1 0 0 1 0 1 0 0 0 0
290	6	1 1 1 1 0 0 1 0 1 1 0 0 0 0 0 0
290	7	1 1 0 1 0 0 1 0 0 0 0 0 0 0 0 0
290	10	1 1 1 1 0 0 1 0 0 1 0 0 0 1 1 0
290	5	1 1 1 0 0 1 1 1 0 0 0 0 0 0 0 0
290	28	0 1 1 1 0 0 1 0 0 1 1 1 0 0 0 0
290	24	0 1 1 1 1 0 1 0 1 0 1 1 0 0 0 0
290	6	1 0 1 0 0 1 1 1 0 0 0 0 0 0 1 0
290	24	1 1 0 1 0 0 1 0 0 0 0 0 0 1 0 0
290	1	1 1 0 0 0 0 1 0 0 0 0 1 0 0 0 0
290	20	1 1 1 1 0 0 1 0 0 1 0 1 0 0 0 0
290	7	0 1 1 1 0 0 1 1 0 1 1 1 0 0 0 0
290	2	0 1 1 1 1 0 1 0 0 1 0 0 0 0 0 0
290	5	1 1 1 0 0 0 1 0 1 1 1 0 0 1 0 0
290	4	0 1 0 0 0 0 1 0 0 0 0 0 0 0 0 0
290	13	0 1 1 1 0 0 0 0 0 0 1 1 0 0 0 0
290	14	1 1 1 1 1 0 1 0 0 1 0 0 0 0 0 0
290	6	1 1 1 0 0 0 1 0 0 0 0 0 0 0 0 0
290	5	1 1 0 1 0 0 1 0 0 0 1 1 0 0 0 0
290	10	1 1 1 1 0 0 0 0 0 0 0 0 0 1 0 0
290	8	0 1 1 1 0 1 1 1 0 0 0 0 0 1 0 0
290	1	1 1 0 1 0 0 1 0 0 1 0 0 0 0 0 0
290	3	1 1 1 0 0 0 1 0 0 1 1 1 0 0 0 0
290	6	1 1 1 0 1 0 1 0 0 1 0 0 0 0 1 0
290	11	1 1 1 0 0 0 1 0 1 0 0 0 0 1 0 0
290	3	0 0 1 1 0 0 1 0 0 1 0 1 0 0 0 0
290	16	1 1 1 1 1 0 1 0 0 1 0 0 1 0 0 0
290	10	1 1 1 1 0 1 1 0 0 0 0 0 0 1 0 0
290	10	1 1 1 0 1 0 1 0 0 0 0 1 1 0 1 0
290	4	1 1 1 1 1 0 1 0 0 1 1 1 0 0 0 0
290	12	1 1 1 0 0 1 1 1 0 0 0 0 0 1 0 0
290	9	1 1 1 0 1 0 1 0 0 1 0 0 0 1 0 0
290	17	1 1 0 0 1 0 1 0 0 1 0 0 0 0 0 0
290	11	0 1 1 1 1 0 1 1 0 1 0 1 0 0 0 0
290	9	1 1 0 1 0 0 1 0 0 1 0 0 1 0 0 0
290	11	0 1 1 0 0 1 1 0 0 1 0 0 0 0 0 0
290	14	1 1 1 1 1 0 1 0 0 0 1 1 0 0 0 0
290	5	1 1 1 1 1 0 1 0 0 1 0 0 0 1 1 0
290	4	0 1 1 1 0 0 0 0 0 1 0 0 0 1 0 0
290	2	1 1 1 0 1 1 1 1 0 0 0 0 0 0 1 0
290	7	1 1 1 1 0 1 1 1 0 0 0 0 0 0 1 0
290	15	1 1 1 1 0 0 1 0 0 1 1 1 0 0 0 0
290	1	0 1 1 1 0 0 1 0 0 0 1 0 0 1 0 0
290	2	0 1 1 1 0 0 1 0 0 1 0 0 0 1 1 0
290	16	1 1 1 0 1 0 1 0 0 1 1 1 0 1 0 0
290	1	0 1 1 1 0 0 1 0 0 0 1 1 0 1 0 0
290	8	0 1 1 1 1 0 1 0 1 0 1 1 0 0 1 0
290	12	1 1 1 0 0 0 1 0 0 0 0 1 1 0 0 0
290	1	1 1 1 1 0 0 0 0 0 1 0 0 0 0 0 0
290	3	0 1 1 1 0 0 0 0 0 0 1 0 0 0 0 0
290	2	1 1 0 1 1 0 1 0 0 1 0 0 0 0 0 0
290	4	0 1 1 0 0 1 1 1 0 0 0 0 0 0 1 0
290	6	1 1 1 1 1 0 1 0 0 1 0 0 0 1 0 0
290	1	1 1 1 1 0 0 1 0 0 0 0 0 1 1 0 0
290	5	1 1 1 1 0 0 1 0 1 0 0 0 0 0 0 0
290	3	1 1 0 1 0 1 1 0 0 0 0 0 0 1 0 0
290	5	1 1 0 0 1 1 1 1 0 0 0 0 0 1 0 0
290	2	1 1 1 0 0 0 1 0 0 0 0 1 0 0 0 0
290	2	1 1 1 1 0 0 0 0 0 1 0 0 0 1 0 0
290	3	1 0 1 1 0 0 1 0 0 0 1 1 0 0 0 0
290	1	1 1 0 1 0 0 1 0 0 1 1 1 0 0 0 0
290	3	0 1 1 1 0 0 1 0 0 0 0 1 0 0 0 0
290	6	1 1 1 1 0 0 1 0 0 1 1 1 0 1 0 0
290	1	0 1 1 1 1 0 1 0 0 0 0 1 1 0 1 0
290	1	1 1 1 1 0 1 1 0 0 0 1 1 0 0 0 0
290	5	1 1 1 0 0 0 0 0 0 1 0 0 0 0 1 0
290	3	1 1 0 0 0 0 1 0 0 1 0 0 0 0 1 0
290	3	0 1 1 1 0 0 0 0 0 0 0 0 0 0 0 0
290	1	1 1 0 1 0 0 1 0 1 1 0 0 1 0 0 0
290	1	1 0 1 1 1 0 1 0 0 0 1 1 0 0 0 0
290	3	1 1 1 1 1 1 1 1 0 0 0 0 0 0 1 0
290	1	0 1 1 1 1 0 1 0 0 1 0 0 0 0 1 0
290	1	1 1 0 0 1 0 1 0 0 0 1 1 0 1 0 0
290	1	1 1 0 1 0 0 1 0 1 0 1 1 0 0 0 0
290	1	1 1 1 1 0 1 1 0 0 1 0 0 0 1 0 0
290	2	1 1 1 1 0 0 1 1 0 0 0 0 0 0 0 1
290	2	1 0 0 1 0 0 1 0 0 0 0 0 0 0 0 0
290	1	1 0 1 0 0 1 1 1 0 0 0 1 0 0 1 0
290	2	0 1 0 0 0 0 1 0 0 0 0 1 0 0 0 0
290	1	1 1 1 0 0 0 1 0 0 0 0 1 0 0 0 1
300	13	1 1 1 0 0 0 1 0 0 1 0 0 0 1 0 0
300	50	0 1 1 1 0 0 1 0 0 0 1 1 0 0 0 0
300	23	0 1 1 1 0 0 1 0 0 1 0 0 0 1 0 0
300	10	0 1 1 1 0 0 1 1 0 0 0 0 0 1 0 0
300	100	1 1 1 1 0 0 1 0 0 1 0 0 0 1 0 0
300	3	1 1 1 0 0 0 1 0 0 1 0 0 0 0 0 0
300	28	1 1 1 1 0 0 1 0 0 1 0 0 0 0 0 0
300	21	1 1 1 0 0 1 1 1 0 0 0 0 0 0 1 0
300	24	1 1 1 1 0 0 1 0 0 0 1 1 0 0 0 0
300	4	1 1 1 0 0 0 1 0 0 0 0 0 0 1 0 0
300	15	1 1 1 1 0 0 1 0 0 0 0 0 0 1 0 0
300	1	0 1 1 1 0 0 1 1 0 0 1 1 0 0 0 0
300	11	1 1 1 0 1 0 1 0 0 1 0 0 0 0 0 0
300	17	1 1 1 1 0 0 1 0 0 0 0 0 0 0 0 0
300	12	1 1 1 0 0 0 1 0 0 0 0 1 0 1 0 0
300	14	1 1 1 1 0 0 1 0 0 0 0 1 0 0 0 0
300	4	1 1 1 1 0 0 1 0 0 0 0 0 0 0 0 1
300	14	0 1 1 1 0 0 1 0 0 0 0 0 0 0 0 0
300	2	1 1 1 0 0 0 1 0 0 0 1 1 0 0 0 0
300	10	0 1 1 1 1 0 1 0 0 1 0 1 0 0 0 0
300	5	1 1 1 1 0 0 1 0 1 1 0 0 0 0 0 0
300	3	1 1 1 1 0 0 1 0 0 1 0 0 0 1 1 0
300	9	0 1 1 1 0 0 1 0 0 1 1 1 0 0 0 0
300	7	0 1 1 1 1 0 1 0 1 0 1 1 0 0 0 0
300	12	1 0 1 0 0 1 1 1 0 0 0 0 0 0 1 0
300	25	1 1 0 1 0 0 1 0 0 0 0 0 0 1 0 0
300	1	1 1 0 0 0 0 1 0 0 0 0 1 0 0 0 0
300	23	1 1 1 1 0 0 1 0 0 1 0 1 0 0 0 0
300	12	1 1 1 0 0 0 1 0 1 1 1 0 0 1 0 0
300	2	0 1 0 0 0 0 1 0 0 0 0 0 0 0 0 0
300	1	0 1 1 1 0 0 0 0 0 0 1 1 0 0 0 0
300	49	1 1 1 1 1 0 1 0 0 1 0 0 0 0 0 0
300	15	1 1 1 0 0 0 1 0 0 0 0 0 0 0 0 0
300	4	1 1 0 1 0 0 1 0 0 0 1 1 0 0 0 0
300	9	1 1 1 1 0 0 0 0 0 0 0 0 0 1 0 0
300	7	0 1 1 1 0 1 1 1 0 0 0 0 0 1 0 0
300	30	1 1 1 0 1 0 1 0 0 1 0 0 0 0 1 0
300	10	1 1 1 0 0 0 1 0 1 0 0 0 0 1 0 0
300	17	1 1 1 1 1 0 1 0 0 1 0 0 1 0 0 0
300	4	1 1 1 1 0 1 1 0 0 0 0 0 0 1 0 0
300	11	1 1 1 0 1 0 1 0 0 0 0 1 1 0 1 0
300	10	1 1 1 0 0 1 1 1 0 0 0 0 0 1 0 0
300	6	1 1 0 0 1 0 1 0 0 1 0 0 0 0 0 0
300	8	1 1 0 1 0 0 1 0 0 1 0 0 1 0 0 0
300	7	0 1 1 0 0 1 1 0 0 1 0 0 0 0 0 0
300	24	1 1 1 1 1 0 1 0 0 0 1 1 0 0 0 0
300	3	1 1 1 1 0 1 1 1 0 0 0 0 0 0 1 0
300	10	1 1 1 1 0 0 1 0 0 1 1 1 0 0 0 0
300	2	0 1 1 1 0 0 1 0 0 1 0 0 0 1 1 0
300	14	1 1 1 0 1 0 1 0 0 1 1 1 0 1 0 0
300	13	1 1 1 0 0 0 1 0 0 0 0 1 1 0 0 0
300	19	1 1 1 1 0 0 0 0 0 1 0 0 0 0 0 0
300	13	0 1 1 0 0 1 1 1 0 0 0 0 0 0 1 0
300	1	1 1 1 1 1 0 1 0 0 1 0 0 0 1 0 0
300	1	1 1 1 1 0 0 1 0 0 0 0 0 1 1 0 0
300	2	1 1 0 1 0 1 1 0 0 0 0 0 0 1 0 0
300	6	1 1 0 0 1 1 1 1 0 0 0 0 0 1 0 0
300	3	1 1 1 0 0 0 1 0 0 0 0 1 0 0 0 0
300	7	1 1 1 1 0 0 0 0 0 1 0 0 0 1 0 0
300	5	1 0 1 1 0 0 1 0 0 0 1 1 0 0 0 0
300	5	1 1 1 1 0 0 1 0 0 1 1 1 0 1 0 0
300	4	1 1 1 1 0 1 1 0 0 0 1 1 0 0 0 0
300	27	0 1 1 1 0 0 0 0 0 0 0 0 0 0 0 0
300	5	0 1 1 1 1 0 1 0 0 1 0 0 0 0 1 0
300	3	1 1 1 1 0 1 1 0 0 1 0 0 0 1 0 0
300	4	1 0 0 1 0 0 1 0 0 0 0 0 0 0 0 0
300	15	1 1 1 1 0 0 0 0 0 0 0 0 0 0 0 0
300	4	0 1 1 1 0 0 0 0 0 1 1 1 0 0 0 0
300	4	1 0 0 0 1 1 1 1 0 0 0 0 0 1 0 0
300	3	1 1 0 0 1 1 1 1 0 0 0 0 1 1 0 0
300	3	0 1 1 1 0 0 1 0 0 1 0 0 0 0 1 0
300	8	1 1 1 0 0 0 1 0 1 1 1 0 0 0 0 0
300	1	1 1 1 0 1 0 1 0 1 1 1 1 0 1 0 0
300	8	1 1 1 1 1 1 0 1 0 0 0 0 0 0 1 0
300	3	1 1 1 0 0 1 1 0 0 0 1 1 0 0 0 0
300	7	1 1 1 1 0 0 1 0 0 0 0 1 0 1 0 0
300	20	1 1 1 1 1 0 1 0 1 0 1 1 0 0 0 0
300	1	0 1 1 1 0 1 1 0 0 1 0 0 0 0 0 0
300	4	1 0 1 0 0 1 1 1 0 0 0 0 0 1 0 0
300	7	1 1 1 1 0 0 1 0 0 1 0 0 0 0 0 1
300	3	1 1 0 0 0 0 1 0 0 0 0 0 0 1 0 0
300	2	1 1 1 0 1 0 1 0 0 0 0 0 0 0 0 0
300	1	1 1 0 1 0 0 1 0 0 1 0 0 0 0 0 0
300	4	1 1 1 1 0 0 1 1 0 1 0 0 0 1 0 0
300	13	1 1 1 0 1 0 1 1 0 1 0 0 0 0 0 0
300	2	1 1 1 1 1 0 1 1 0 1 0 0 1 0 0 0
300	5	0 1 1 0 0 0 1 0 0 0 0 0 0 0 0 0
300	2	1 1 1 1 0 0 1 0 0 1 0 0 1 0 0 0
300	2	1 0 1 0 1 1 1 1 0 0 0 0 0 0 1 0
300	1	1 1 0 1 0 0 1 0 0 0 0 1 0 1 0 0
300	3	1 1 1 1 0 0 1 0 0 1 0 1 0 0 1 0
300	1	1 0 1 0 0 0 1 0 0 0 0 0 0 1 0 0
300	3	0 0 1 0 0 1 1 0 0 1 0 0 0 0 0 0
300	2	1 1 1 1 0 0 1 0 0 1 1 1 0 0 0 1
300	1	1 1 1 1 1 0 1 0 1 1 1 0 0 0 0 0
300	1	1 1 1 0 0 0 1 0 0 0 0 1 1 0 1 0
300	8	1 0 1 0 1 0 1 0 0 1 0 0 0 0 1 0
300	3	1 1 0 1 0 0 1 0 0 1 0 0 0 1 0 0
300	1	0 1 1 1 0 0 1 1 0 0 0 0 0 0 0 0
300	1	1 1 0 1 0 0 1 0 0 0 1 1 0 1 0 0
300	1	1 1 1 0 1 0 1 0 0 1 0 0 0 1 1 0
300	1	1 1 1 1 0 0 0 0 1 1 0 0 0 0 0 0
300	1	0 1 0 0 0 0 1 0 0 0 1 0 0 0 0 0
300	2	0 1 1 1 0 1 1 1 0 0 0 0 0 1 1 0
300	1	1 1 1 1 0 0 0 0 0 1 0 0 0 1 0 1
300	2	1 1 1 0 0 0 0 0 0 1 0 0 0 0 0 0
300	1	1 0 1 0 1 0 1 0 0 1 0 0 0 0 0 0
300	1	1 1 0 1 0 0 1 0 0 1 1 1 0 0 0 0
300	1	1 1 1 0 1 0 1 0 0 1 0 0 0 1 0 0
300	2	0 1 1 1 0 0 1 0 0 1 0 1 0 1 0 0
300	1	1 1 1 1 0 0 1 0 0 1 0 1 0 1 0 0
300	2	1 1 0 1 0 0 1 0 0 0 0 0 0 0 0 0
300	1	1 1 1 1 0 1 1 1 0 0 0 0 0 1 0 0
300	2	1 1 0 0 1 0 1 0 0 1 0 0 0 0 1 0
310	8	1 1 1 0 0 0 1 0 0 1 0 0 0 1 0 0
310	24	0 1 1 1 0 0 1 0 0 0 1 1 0 0 0 0
310	4	0 1 1 1 0 0 1 0 0 1 0 0 0 1 0 0
310	1	0 1 1 1 0 0 1 1 0 0 0 0 0 1 0 0
310	104	1 1 1 1 0 0 1 0 0 1 0 0 0 1 0 0
310	10	1 1 1 0 0 0 1 0 0 1 0 0 0 0 0 0
310	20	1 1 1 1 0 0 1 0 0 1 0 0 0 0 0 0
310	4	1 1 1 0 0 1 1 1 0 0 0 0 0 0 1 0
310	39	1 1 1 1 0 0 1 0 0 0 1 1 0 0 0 0
310	2	1 1 1 0 0 0 1 0 0 0 0 0 0 1 0 0
310	47	1 1 1 1 0 0 1 0 0 0 0 0 0 1 0 0
310	20	1 1 1 0 1 0 1 0 0 1 0 0 0 0 0 0
310	2	1 1 1 0 0 0 1 0 0 0 0 1 0 1 0 0
310	30	1 1 1 1 0 0 1 0 0 0 0 1 0 0 0 0
310	23	0 1 1 1 0 0 1 0 0 0 0 0 0 0 0 0
310	2	1 1 1 0 0 0 1 0 0 0 1 1 0 0 0 0
310	7	0 1 1 1 0 0 1 0 0 1 1 1 0 0 0 0
310	24	1 1 0 1 0 0 1 0 0 0 0 0 0 1 0 0
310	13	1 1 1 1 0 0 1 0 0 1 0 1 0 0 0 0
310	19	1 1 1 0 0 0 1 0 1 1 1 0 0 1 0 0
310	79	1 1 1 1 1 0 1 0 0 1 0 0 0 0 0 0
310	6	1 1 1 0 0 0 1 0 0 0 0 0 0 0 0 0
310	3	1 1 1 1 0 0 0 0 0 0 0 0 0 1 0 0
310	1	0 1 1 1 0 1 1 1 0 0 0 0 0 1 0 0
310	12	1 1 1 0 1 0 1 0 0 1 0 0 0 0 1 0
310	3	1 1 1 0 0 0 1 0 1 0 0 0 0 1 0 0
310	17	1 1 1 1 1 0 1 0 0 1 0 0 1 0 0 0
310	9	1 1 1 0 1 0 1 0 0 0 0 1 1 0 1 0
310	3	1 1 1 0 0 1 1 1 0 0 0 0 0 1 0 0
310	7	1 1 0 1 0 0 1 0 0 1 0 0 1 0 0 0
310	5	0 1 1 0 0 1 1 0 0 1 0 0 0 0 0 0
310	55	1 1 1 1 1 0 1 0 0 0 1 1 0 0 0 0
310	1	1 1 1 1 0 1 1 1 0 0 0 0 0 0 1 0
310	18	1 1 1 1 0 0 1 0 0 1 1 1 0 0 0 0
310	9	1 1 1 0 1 0 1 0 0 1 1 1 0 1 0 0
310	3	1 1 1 0 0 0 1 0 0 0 0 1 1 0 0 0
310	1	1 1 1 1 0 0 0 0 0 1 0 0 0 0 0 0
310	3	0 1 1 0 0 1 1 1 0 0 0 0 0 0 1 0
310	7	1 1 1 1 1 0 1 0 0 1 0 0 0 1 0 0
310	9	1 1 1 1 0 0 0 0 0 1 0 0 0 1 0 0
310	9	1 0 1 1 0 0 1 0 0 0 1 1 0 0 0 0
310	5	1 1 1 1 0 0 1 0 0 1 1 1 0 1 0 0
310	10	1 1 1 1 0 1 1 0 0 0 1 1 0 0 0 0
310	32	0 1 1 1 0 0 0 0 0 0 0 0 0 0 0 0
310	9	1 1 1 1 0 1 1 0 0 1 0 0 0 1 0 0
310	23	1 1 1 1 0 0 0 0 0 0 0 0 0 0 0 0
310	4	0 1 1 1 0 0 0 0 0 1 1 1 0 0 0 0
310	3	1 0 0 0 1 1 1 1 0 0 0 0 0 1 0 0
310	4	1 1 1 1 1 1 0 1 0 0 0 0 0 0 1 0
310	6	1 1 1 0 0 1 1 0 0 0 1 1 0 0 0 0
310	5	1 1 1 1 0 0 1 0 0 0 0 1 0 1 0 0
310	22	1 1 1 1 1 0 1 0 1 0 1 1 0 0 0 0
310	1	1 1 1 1 0 0 1 0 0 1 0 0 0 0 0 1
310	4	1 1 1 0 1 0 1 0 0 0 0 0 0 0 0 0
310	6	1 1 1 0 1 0 1 1 0 1 0 0 0 0 0 0
310	6	1 1 1 1 1 0 1 1 0 1 0 0 1 0 0 0
310	18	0 1 1 0 0 0 1 0 0 0 0 0 0 0 0 0
310	7	1 1 1 1 0 0 1 0 0 1 0 0 1 0 0 0
310	1	1 1 0 1 0 0 1 0 0 1 0 0 0 1 0 0
310	10	0 1 1 1 0 1 1 1 0 0 0 0 0 1 1 0
310	7	0 1 1 1 0 0 1 0 0 1 0 1 0 1 0 0
310	5	1 1 1 1 0 0 1 0 0 1 0 1 0 1 0 0
310	10	0 1 1 1 1 0 1 0 0 1 0 0 0 0 0 0
310	8	1 1 1 0 0 0 1 0 1 0 1 1 0 0 0 0
310	1	1 1 0 1 0 1 1 1 0 0 0 0 0 1 0 0
310	1	0 1 1 0 0 1 1 1 0 0 0 0 0 0 0 0
310	6	0 1 1 0 0 1 0 1 0 0 0 0 0 0 1 0
310	3	0 1 1 1 0 0 1 0 0 0 1 1 1 0 0 0
310	2	1 1 1 1 0 1 1 0 0 1 1 1 0 0 0 0
310	10	1 1 1 1 0 1 1 0 0 1 0 0 0 1 1 0
310	4	0 1 1 1 0 0 1 1 0 0 0 1 0 1 0 0
310	7	1 1 1 1 0 0 1 0 0 1 1 0 0 1 0 0
310	1	1 1 1 0 1 0 1 1 0 1 0 0 0 0 1 0
310	10	1 1 1 1 0 0 1 0 0 0 1 1 1 0 0 0
310	6	1 1 1 1 1 0 0 0 0 0 0 0 0 0 0 0
310	7	0 1 1 1 0 0 1 0 0 0 0 1 0 0 0 0
310	2	0 1 1 1 0 0 1 0 0 0 1 0 0 0 0 0
310	4	1 1 1 1 0 0 1 0 0 0 1 0 0 0 0 0
310	3	1 1 1 1 1 0 1 0 0 1 0 0 0 0 0 1
310	3	1 1 0 1 0 0 1 0 0 0 1 1 0 0 0 0
310	2	1 1 1 1 0 0 1 1 0 0 1 1 0 0 0 0
310	2	1 1 1 1 0 0 1 0 0 0 0 0 0 1 0 1
310	4	1 1 1 1 1 0 1 0 1 1 0 0 0 0 0 0
310	4	0 1 1 1 0 0 0 0 0 0 0 1 0 0 0 0
310	3	1 1 1 1 0 0 1 0 0 1 0 0 0 1 1 0
310	2	0 1 1 1 1 0 1 0 1 0 1 1 1 0 0 0
310	1	1 1 1 1 1 0 1 0 0 1 0 0 1 0 1 0
310	2	1 1 0 0 1 0 1 0 0 0 0 1 1 0 1 0
310	1	0 1 1 1 1 0 1 0 0 0 1 1 0 0 0 0
310	2	0 1 1 1 1 0 0 0 0 0 0 0 0 0 0 0
310	1	1 1 1 1 0 0 1 0 1 0 1 1 0 0 0 0
310	1	1 1 1 0 1 1 1 1 0 1 0 0 0 0 0 0
310	2	0 1 1 1 1 0 0 0 0 1 0 0 0 1 0 0
310	2	1 1 1 0 1 0 1 0 0 1 0 0 0 1 0 0
310	3	0 1 0 1 0 0 1 0 0 0 1 1 0 0 0 0
310	3	1 1 1 1 0 0 1 0 0 1 0 1 1 0 0 0
310	1	1 0 1 1 1 0 1 0 0 1 0 0 1 0 0 0
310	6	1 1 1 1 1 0 1 0 0 1 0 1 1 0 0 0
310	4	0 1 1 0 1 0 1 1 0 1 0 0 0 0 0 0
310	1	1 1 1 1 0 0 1 0 0 0 0 1 1 0 1 0
310	2	1 1 1 1 0 1 1 1 0 0 0 0 0 0 0 0
310	2	1 1 1 1 1 0 1 0 0 0 0 0 0 1 0 1
310	2	1 1 1 1 0 0 1 0 0 0 1 1 0 0 0 1
310	2	1 1 1 1 1 0 1 0 0 0 1 1 1 0 0 0
310	2	1 0 1 1 1 1 0 1 0 0 0 0 0 0 1 0
310	1	1 1 0 1 1 0 1 0 1 0 1 1 0 0 0 0
310	1	1 1 1 0 0 0 1 0 0 1 0 0 1 0 0 0
310	1	1 1 1 0 0 1 0 0 0 0 0 0 0 0 0 0
310	1	1 1 1 1 0 0 1 0 1 0 0 1 0 0 0 0
320	8	0 1 1 1 0 0 1 0 0 0 1 1 0 0 0 0
320	139	1 1 1 1 0 0 1 0 0 1 0 0 0 1 0 0
320	11	1 1 1 0 0 0 1 0 0 1 0 0 0 0 0 0
320	22	1 1 1 1 0 0 1 0 0 1 0 0 0 0 0 0
320	13	1 1 1 0 0 1 1 1 0 0 0 0 0 0 1 0
320	22	1 1 1 1 0 0 1 0 0 0 1 1 0 0 0 0
320	40	1 1 1 1 0 0 1 0 0 0 0 0 0 1 0 0
320	5	1 1 1 0 1 0 1 0 0 1 0 0 0 0 0 0
320	5	1 1 1 1 0 0 1 0 0 0 0 1 0 0 0 0
320	6	0 1 1 1 0 0 1 0 0 0 0 0 0 0 0 0
320	10	0 1 1 1 0 0 1 0 0 1 1 1 0 0 0 0
320	2	1 1 0 1 0 0 1 0 0 0 0 0 0 1 0 0
320	13	1 1 1 1 0 0 1 0 0 1 0 1 0 0 0 0
320	1	1 1 1 0 0 0 1 0 1 1 1 0 0 1 0 0
320	90	1 1 1 1 1 0 1 0 0 1 0 0 0 0 0 0
320	10	1 1 1 0 1 0 1 0 0 1 0 0 0 0 1 0
320	21	1 1 1 1 1 0 1 0 0 1 0 0 1 0 0 0
320	6	1 1 1 0 1 0 1 0 0 0 0 1 1 0 1 0
320	13	1 1 0 1 0 0 1 0 0 1 0 0 1 0 0 0
320	58	1 1 1 1 1 0 1 0 0 0 1 1 0 0 0 0
320	30	1 1 1 1 0 0 1 0 0 1 1 1 0 0 0 0
320	4	0 1 1 0 0 1 1 1 0 0 0 0 0 0 1 0
320	18	1 1 1 1 0 0 0 0 0 1 0 0 0 1 0 0
320	4	1 0 1 1 0 0 1 0 0 0 1 1 0 0 0 0
320	1	1 1 1 1 0 1 1 0 0 0 1 1 0 0 0 0
320	4	0 1 1 1 0 0 0 0 0 0 0 0 0 0 0 0
320	27	1 1 1 1 0 1 1 0 0 1 0 0 0 1 0 0
320	14	1 1 1 1 0 0 0 0 0 0 0 0 0 0 0 0
320	12	0 1 1 1 0 0 0 0 0 1 1 1 0 0 0 0
320	13	1 1 1 1 1 1 0 1 0 0 0 0 0 0 1 0
320	41	1 1 1 1 0 0 1 0 0 0 0 1 0 1 0 0
320	16	1 1 1 1 1 0 1 0 1 0 1 1 0 0 0 0
320	2	1 1 1 0 1 0 1 0 0 0 0 0 0 0 0 0
320	10	1 1 1 0 1 0 1 1 0 1 0 0 0 0 0 0
320	15	0 1 1 0 0 0 1 0 0 0 0 0 0 0 0 0
320	2	1 1 1 1 0 0 1 0 0 1 0 0 1 0 0 0
320	5	0 1 1 1 0 1 1 1 0 0 0 0 0 1 1 0
320	1	0 1 1 1 0 0 1 0 0 1 0 1 0 1 0 0
320	3	1 1 1 1 0 0 1 0 0 1 0 1 0 1 0 0
320	4	0 1 1 1 1 0 1 0 0 1 0 0 0 0 0 0
320	2	1 1 1 0 0 0 1 0 1 0 1 1 0 0 0 0
320	1	0 1 1 0 0 1 0 1 0 0 0 0 0 0 1 0
320	22	0 1 1 1 0 0 1 0 0 0 1 1 1 0 0 0
320	3	1 1 1 1 0 0 1 0 0 1 1 0 0 1 0 0
320	24	1 1 1 1 0 0 1 0 0 0 1 1 1 0 0 0
320	3	0 1 1 1 0 0 1 0 0 0 0 1 0 0 0 0
320	1	0 1 1 1 0 0 1 0 0 0 1 0 0 0 0 0
320	15	1 1 1 1 0 0 1 0 0 0 1 0 0 0 0 0
320	8	1 1 1 1 1 0 1 0 0 1 0 0 0 0 0 1
320	4	1 1 1 1 1 0 1 0 1 1 0 0 0 0 0 0
320	17	0 1 1 1 0 0 0 0 0 0 0 1 0 0 0 0
320	6	1 1 1 1 0 0 1 0 0 1 0 0 0 1 1 0
320	6	1 1 0 0 1 0 1 0 0 0 0 1 1 0 1 0
320	25	0 1 0 1 0 0 1 0 0 0 1 1 0 0 0 0
320	7	1 1 1 1 0 0 1 0 0 1 0 1 1 0 0 0
320	14	1 1 1 1 1 0 1 0 0 1 0 1 1 0 0 0
320	1	1 1 1 1 0 0 1 0 0 0 1 1 0 0 0 1
320	12	1 0 1 1 1 1 0 1 0 0 0 0 0 0 1 0
320	6	1 1 0 1 1 0 1 0 1 0 1 1 0 0 0 0
320	9	1 1 1 1 0 0 1 1 0 0 0 0 0 0 1 0
320	6	0 1 0 1 0 0 1 0 0 0 0 0 0 0 0 0
320	2	0 1 1 1 0 0 1 0 0 1 1 1 0 0 1 0
320	4	1 1 0 1 0 0 1 0 0 1 0 0 1 0 0 1
320	4	0 1 1 1 0 1 1 0 0 1 1 1 0 0 1 0
320	4	0 0 1 1 0 0 0 0 0 0 0 0 0 0 0 0
320	2	1 1 1 1 1 0 1 0 0 1 1 0 0 1 0 0
320	1	1 0 1 1 0 0 1 0 0 0 1 0 0 0 0 0
320	1	1 0 1 1 1 0 1 0 0 1 0 0 0 0 0 0
320	1	1 1 1 0 0 0 1 0 1 0 0 1 0 0 0 0
320	3	0 1 1 1 0 0 1 0 0 1 0 0 1 0 0 1
320	6	1 1 1 0 0 0 1 0 0 1 0 1 1 0 0 0
320	3	1 1 1 1 1 0 1 0 0 0 1 0 0 0 0 0
320	3	0 1 0 1 0 0 1 0 0 0 0 1 0 0 1 0
320	4	1 1 1 0 0 0 1 0 0 1 0 0 0 1 0 0
320	1	1 1 1 1 1 0 1 0 0 1 0 0 0 0 1 0
320	3	1 1 1 1 0 0 0 0 0 0 0 0 0 1 0 0
320	3	1 1 1 1 1 0 1 0 1 0 1 1 1 0 0 0
320	1	0 0 1 0 0 0 1 0 0 0 0 0 0 0 0 0
320	4	0 1 1 1 0 0 1 1 0 1 0 1 0 1 0 0
320	1	0 1 0 1 0 0 1 0 0 0 1 1 1 0 0 0
320	1	0 1 1 1 0 1 1 0 0 0 1 1 1 0 0 0
320	3	1 1 1 1 0 0 1 0 0 0 0 0 0 0 0 0
320	1	1 1 1 0 0 0 1 0 0 0 0 0 0 0 0 0
320	1	1 1 1 1 0 0 0 0 0 0 0 1 0 0 0 0
320	1	1 1 1 1 0 0 1 0 0 1 0 0 1 1 0 0
320	1	1 1 1 1 0 0 1 0 0 0 0 0 1 1 0 0
320	2	1 1 1 1 1 0 1 0 0 1 1 0 0 0 0 0
320	5	1 1 1 1 1 1 1 0 1 0 1 1 1 0 0 0
320	2	1 1 1 1 0 0 1 0 0 0 1 1 0 1 0 0
320	1	0 1 1 1 0 0 1 0 0 1 1 1 1 0 0 0
320	2	1 1 1 1 1 0 1 0 0 1 0 0 0 1 0 0
320	1	0 1 1 1 0 0 1 0 0 1 0 0 0 0 0 0
320	5	1 1 1 1 1 1 0 1 0 0 0 0 0 1 0 0
320	2	1 1 1 1 0 0 1 0 1 0 1 1 1 0 0 0
320	1	1 1 1 1 0 0 1 0 0 0 0 0 0 1 1 0
320	2	1 0 1 1 0 0 1 0 0 1 0 0 0 1 0 0
320	4	1 1 1 1 1 0 1 0 0 0 1 1 0 0 1 0
320	1	1 1 1 1 1 1 1 0 1 0 1 1 0 0 0 0
330	11	0 1 1 1 0 0 1 0 0 0 1 1 0 0 0 0
330	83	1 1 1 1 0 0 1 0 0 1 0 0 0 1 0 0
330	17	1 1 1 0 0 0 1 0 0 1 0 0 0 0 0 0
330	23	1 1 1 1 0 0 1 0 0 1 0 0 0 0 0 0
330	8	1 1 1 0 0 1 1 1 0 0 0 0 0 0 1 0
330	54	1 1 1 1 0 0 1 0 0 0 1 1 0 0 0 0
330	43	1 1 1 1 0 0 1 0 0 0 0 0 0 1 0 0
330	4	1 1 1 0 1 0 1 0 0 1 0 0 0 0 0 0
330	9	0 1 1 1 0 0 1 0 0 0 0 0 0 0 0 0
330	19	1 1 1 1 0 0 1 0 0 1 0 1 0 0 0 0
330	89	1 1 1 1 1 0 1 0 0 1 0 0 0 0 0 0
330	20	1 1 1 0 1 0 1 0 0 1 0 0 0 0 1 0
330	4	1 1 1 1 1 0 1 0 0 1 0 0 1 0 0 0
330	9	1 1 0 1 0 0 1 0 0 1 0 0 1 0 0 0
330	50	1 1 1 1 1 0 1 0 0 0 1 1 0 0 0 0
330	33	1 1 1 1 0 0 1 0 0 1 1 1 0 0 0 0
330	28	1 1 1 1 0 0 0 0 0 1 0 0 0 1 0 0
330	8	1 0 1 1 0 0 1 0 0 0 1 1 0 0 0 0
330	13	0 1 1 1 0 0 0 0 0 0 0 0 0 0 0 0
330	4	1 1 1 1 0 1 1 0 0 1 0 0 0 1 0 0
330	8	1 1 1 1 0 0 0 0 0 0 0 0 0 0 0 0
330	8	0 1 1 1 0 0 0 0 0 1 1 1 0 0 0 0
330	23	1 1 1 1 1 1 0 1 0 0 0 0 0 0 1 0
330	45	1 1 1 1 0 0 1 0 0 0 0 1 0 1 0 0
330	3	1 1 1 1 1 0 1 0 1 0 1 1 0 0 0 0
330	11	1 1 1 0 1 0 1 1 0 1 0 0 0 0 0 0
330	20	0 1 1 0 0 0 1 0 0 0 0 0 0 0 0 0
330	4	0 1 1 1 0 1 1 1 0 0 0 0 0 1 1 0
330	1	0 1 1 1 0 0 1 0 0 1 0 1 0 1 0 0
330	4	0 1 1 1 0 0 1 0 0 0 1 1 1 0 0 0
330	30	1 1 1 1 0 0 1 0 0 0 1 1 1 0 0 0
330	2	0 1 1 1 0 0 1 0 0 0 0 1 0 0 0 0
330	9	1 1 1 1 0 0 1 0 0 0 1 0 0 0 0 0
330	33	1 1 1 1 1 0 1 0 1 1 0 0 0 0 0 0
330	16	0 1 1 1 0 0 0 0 0 0 0 1 0 0 0 0
330	1	1 1 1 1 0 0 1 0 0 1 0 0 0 1 1 0
330	1	1 1 0 0 1 0 1 0 0 0 0 1 1 0 1 0
330	22	0 1 0 1 0 0 1 0 0 0 1 1 0 0 0 0
330	16	1 1 1 1 0 0 1 0 0 1 0 1 1 0 0 0
330	6	1 1 1 1 1 0 1 0 0 1 0 1 1 0 0 0
330	2	1 0 1 1 1 1 0 1 0 0 0 0 0 0 1 0
330	18	1 1 1 1 0 0 1 1 0 0 0 0 0 0 1 0
330	2	1 1 1 0 0 0 1 0 0 1 0 1 1 0 0 0
330	9	1 1 1 1 0 0 0 0 0 0 0 0 0 1 0 0
330	17	1 1 1 1 0 0 1 0 0 0 0 0 0 0 0 0
330	2	1 1 1 1 1 0 1 0 0 1 1 0 0 0 0 0
330	3	1 1 1 1 1 1 1 0 1 0 1 1 1 0 0 0
330	5	0 1 1 1 0 0 1 0 0 1 0 0 0 0 0 0
330	16	1 0 1 1 0 0 1 0 0 1 0 0 0 1 0 0
330	10	1 1 1 1 1 0 1 0 0 0 1 1 0 0 1 0
330	6	1 1 1 1 1 1 0 1 0 0 0 0 0 0 0 0
330	1	1 1 1 1 0 0 1 0 0 0 1 1 1 0 0 1
330	2	1 1 1 1 1 1 0 0 0 1 0 0 0 0 0 0
330	8	0 1 1 1 0 0 0 0 0 0 0 0 1 0 0 0
330	2	0 1 1 1 0 0 1 0 0 0 0 0 0 1 0 0
330	7	0 1 1 1 0 0 0 0 1 0 0 1 0 0 0 0
330	3	0 1 1 1 0 0 1 0 0 1 0 0 0 0 1 0
330	1	0 1 0 1 0 0 1 0 0 1 0 0 1 0 0 1
330	6	1 1 1 1 0 0 1 1 0 1 0 0 0 1 0 0
330	6	1 0 1 1 1 0 1 0 0 0 1 1 0 0 0 0
330	2	0 1 0 1 0 1 1 0 0 0 1 1 0 0 0 0
330	8	1 1 1 0 0 0 1 0 1 1 0 0 0 1 0 0
330	8	1 1 0 1 1 0 1 0 0 1 1 1 1 0 0 0
330	2	0 1 0 1 0 0 1 0 0 1 0 0 0 1 0 0
330	4	1 1 1 0 1 0 1 0 0 0 1 1 1 0 0 0
330	2	1 1 1 1 0 0 1 0 1 1 0 0 0 1 0 0
330	3	1 1 1 1 0 0 1 0 0 1 0 0 0 1 0 1
330	3	1 1 0 1 1 0 1 0 0 1 0 0 0 0 0 0
330	2	1 1 1 0 1 0 0 0 0 1 0 0 0 0 1 0
330	7	0 1 1 1 0 1 1 0 0 1 0 0 0 1 0 0
330	3	1 0 1 1 0 0 1 0 0 0 1 0 0 0 0 0
330	7	1 1 1 1 0 0 1 1 0 0 0 0 0 0 0 0
330	2	1 1 1 1 0 0 1 0 0 0 0 0 0 1 0 1
330	1	1 1 1 1 1 0 1 0 0 1 0 1 0 0 0 0
330	2	0 1 1 1 0 0 1 0 0 1 1 1 1 0 0 0
330	3	1 1 1 1 1 0 1 0 0 1 0 0 0 1 0 0
330	2	1 1 1 1 0 0 1 1 0 0 0 0 0 1 0 0
330	2	1 1 1 1 0 0 1 0 0 0 1 0 0 1 0 0
330	1	1 1 1 1 0 1 1 0 0 0 0 0 0 0 0 0
330	2	1 0 1 1 0 0 1 0 0 0 0 0 0 0 0 0
330	1	1 1 1 1 0 0 1 1 0 1 0 0 0 0 0 0
330	1	1 1 1 1 0 1 0 1 0 0 0 0 0 0 0 0
330	1	1 1 1 1 1 0 1 0 0 0 0 1 0 0 0 0
330	1	1 1 1 1 0 0 1 0 0 0 1 1 0 1 0 0
330	2	0 1 1 1 0 0 0 0 0 0 0 1 0 0 1 0
330	2	1 0 1 1 0 0 1 0 0 0 1 1 0 0 1 0
330	2	0 1 1 1 0 0 1 0 0 0 0 1 0 1 0 0
330	1	1 1 1 1 1 0 1 0 0 1 0 1 1 0 0 1
330	1	1 1 1 1 0 0 0 1 0 0 0 0 0 0 1 0
330	2	1 0 0 1 0 0 1 0 0 1 0 0 0 1 0 0
330	2	1 0 1 0 0 0 1 0 1 1 0 0 0 1 0 0
340	7	0 1 1 1 0 0 1 0 0 0 1 1 0 0 0 0
340	54	1 1 1 1 0 0 1 0 0 1 0 0 0 1 0 0
340	15	1 1 1 0 0 0 1 0 0 1 0 0 0 0 0 0
340	36	1 1 1 1 0 0 1 0 0 1 0 0 0 0 0 0
340	99	1 1 1 1 0 0 1 0 0 0 1 1 0 0 0 0
340	72	1 1 1 1 0 0 1 0 0 0 0 0 0 1 0 0
340	15	1 1 1 0 1 0 1 0 0 1 0 0 0 0 0 0
340	2	0 1 1 1 0 0 1 0 0 0 0 0 0 0 0 0
340	6	1 1 1 1 0 0 1 0 0 1 0 1 0 0 0 0
340	54	1 1 1 1 1 0 1 0 0 1 0 0 0 0 0 0
340	23	1 1 1 1 1 0 1 0 0 1 0 0 1 0 0 0
340	62	1 1 1 1 1 0 1 0 0 0 1 1 0 0 0 0
340	18	1 1 1 1 0 0 1 0 0 1 1 1 0 0 0 0
340	18	1 1 1 1 0 0 0 0 0 1 0 0 0 1 0 0
340	20	1 0 1 1 0 0 1 0 0 0 1 1 0 0 0 0
340	4	0 1 1 1 0 0 0 0 0 0 0 0 0 0 0 0
340	5	1 1 1 1 0 0 0 0 0 0 0 0 0 0 0 0
340	6	1 1 1 1 1 1 0 1 0 0 0 0 0 0 1 0
340	37	1 1 1 1 0 0 1 0 0 0 0 1 0 1 0 0
340	20	1 1 1 1 1 0 1 0 1 0 1 1 0 0 0 0
340	1	1 1 1 0 1 0 1 1 0 1 0 0 0 0 0 0
340	12	0 1 1 0 0 0 1 0 0 0 0 0 0 0 0 0
340	4	0 1 1 1 0 0 1 0 0 0 1 1 1 0 0 0
340	46	1 1 1 1 0 0 1 0 0 0 1 1 1 0 0 0
340	10	0 1 1 1 0 0 1 0 0 0 0 1 0 0 0 0
340	20	1 1 1 1 0 0 1 0 0 0 1 0 0 0 0 0
340	33	1 1 1 1 1 0 1 0 1 1 0 0 0 0 0 0
340	12	0 1 1 1 0 0 0 0 0 0 0 1 0 0 0 0
340	5	0 1 0 1 0 0 1 0 0 0 1 1 0 0 0 0
340	2	1 1 1 1 1 0 1 0 0 1 0 1 1 0 0 0
340	6	1 1 1 0 0 0 1 0 0 1 0 1 1 0 0 0
340	4	1 1 1 1 0 0 0 0 0 0 0 0 0 1 0 0
340	20	1 1 1 1 0 0 1 0 0 0 0 0 0 0 0 0
340	6	1 1 1 1 1 1 1 0 1 0 1 1 1 0 0 0
340	2	1 1 1 1 1 0 1 0 0 0 1 1 0 0 1 0
340	4	1 1 1 1 1 1 0 1 0 0 0 0 0 0 0 0
340	6	1 1 1 1 1 1 0 0 0 1 0 0 0 0 0 0
340	3	1 0 1 1 1 0 1 0 0 0 1 1 0 0 0 0
340	12	1 1 1 1 0 0 1 0 1 1 0 0 0 1 0 0
340	4	1 1 1 1 0 0 1 0 0 1 0 0 0 1 0 1
340	1	0 1 1 1 0 1 1 0 0 1 0 0 0 1 0 0
340	14	1 1 1 1 0 0 1 1 0 0 0 0 0 0 0 0
340	15	1 0 1 1 0 0 1 0 0 0 0 0 0 0 0 0
340	4	1 1 1 1 1 0 1 0 0 0 1 0 0 0 0 0
340	8	1 1 1 1 1 1 1 0 0 1 0 0 0 0 0 0
340	11	1 1 1 1 0 0 0 0 0 0 1 0 0 0 0 0
340	5	1 1 1 1 1 0 1 0 0 0 1 1 0 0 0 1
340	7	1 1 1 1 0 0 0 0 0 1 0 0 0 1 1 0
340	2	1 1 1 1 0 0 1 1 0 0 0 1 0 1 0 0
340	4	0 1 1 1 0 0 1 0 0 0 1 1 0 0 1 0
340	4	1 1 1 1 0 0 1 0 1 1 0 0 0 0 0 0
340	8	1 1 1 1 0 0 1 1 1 0 0 0 0 0 1 0
340	2	1 1 1 1 1 0 1 0 0 1 1 1 1 0 0 0
340	3	1 1 1 0 1 0 1 1 0 1 0 1 0 0 1 0
340	5	1 0 1 1 1 1 0 0 0 1 0 0 0 0 0 0
340	11	1 1 0 1 1 0 1 0 1 1 0 0 0 0 0 0
340	5	0 1 1 1 1 1 1 0 0 1 0 0 0 1 0 0
340	2	0 0 1 1 0 0 1 0 0 0 1 1 0 0 0 0
340	2	1 1 1 1 0 0 1 0 0 1 0 0 1 0 0 0
340	1	0 1 1 1 0 0 1 0 0 0 0 1 1 0 0 0
340	4	1 1 1 1 0 0 1 0 0 1 0 1 0 1 0 0
340	5	1 1 1 1 0 1 1 0 0 0 1 1 0 0 0 0
340	10	1 1 1 0 1 1 1 0 0 1 0 0 0 0 0 0
340	15	1 1 1 0 1 0 1 1 0 1 0 1 0 0 0 0
340	2	1 1 1 1 0 1 1 0 1 1 0 0 0 1 0 0
340	1	0 1 1 1 0 0 1 0 0 1 1 1 1 0 0 0
340	5	1 1 1 1 1 0 1 0 0 0 0 1 0 1 0 0
340	2	1 1 1 0 0 0 1 0 0 1 0 0 0 1 0 0
340	4	1 1 1 1 1 0 1 0 0 1 1 1 0 0 0 0
340	1	1 1 1 1 0 0 1 0 1 0 0 1 0 1 0 0
340	4	1 1 1 1 1 0 1 0 1 1 0 0 0 0 1 0
340	1	1 1 1 1 1 0 1 0 0 1 0 1 0 0 0 0
340	9	1 1 1 1 1 1 0 0 0 1 1 0 0 0 0 0
340	1	1 1 1 1 1 0 1 0 0 0 0 0 0 0 0 0
340	4	1 1 1 1 1 1 0 1 0 1 0 0 0 0 0 0
340	4	1 1 1 1 0 0 1 0 0 0 1 1 1 1 0 0
340	6	1 1 1 1 0 0 1 0 0 1 0 0 0 0 1 0
340	1	0 1 1 1 1 0 1 0 0 0 1 1 0 0 0 0
340	2	1 1 1 1 0 0 1 0 1 0 0 0 0 0 0 0
340	4	1 1 1 1 1 1 0 1 0 0 0 0 0 0 0 1
340	1	1 0 1 1 1 0 1 0 0 0 1 1 0 0 1 0
340	1	1 1 1 1 0 0 1 1 0 0 1 0 0 0 0 0
340	4	0 1 1 1 0 0 1 0 0 1 0 0 0 1 0 1
340	1	1 1 1 1 0 0 1 0 0 0 1 1 0 0 1 0
340	1	1 1 1 1 0 0 0 0 0 0 1 1 0 0 0 0
340	1	1 1 1 1 0 0 1 0 0 0 0 1 0 1 0 1
340	1	1 1 1 1 0 0 1 0 1 0 1 1 0 0 0 0
340	2	0 1 1 0 0 0 1 0 0 0 1 0 0 0 0 0
340	1	1 1 1 1 1 1 0 0 1 1 0 0 0 0 0 0
340	3	1 1 0 1 1 0 1 0 0 0 1 1 0 0 0 1
350	3	0 1 1 1 0 0 1 0 0 0 1 1 0 0 0 0
350	62	1 1 1 1 0 0 1 0 0 1 0 0 0 1 0 0
350	44	1 1 1 1 0 0 1 0 0 1 0 0 0 0 0 0
350	64	1 1 1 1 0 0 1 0 0 0 1 1 0 0 0 0
350	36	1 1 1 1 0 0 1 0 0 0 0 0 0 1 0 0
350	16	1 1 1 0 1 0 1 0 0 1 0 0 0 0 0 0
350	4	1 1 1 1 0 0 1 0 0 1 0 1 0 0 0 0
350	84	1 1 1 1 1 0 1 0 0 1 0 0 0 0 0 0
350	55	1 1 1 1 1 0 1 0 0 1 0 0 1 0 0 0
350	61	1 1 1 1 1 0 1 0 0 0 1 1 0 0 0 0
350	8	1 1 1 1 0 0 1 0 0 1 1 1 0 0 0 0
350	23	1 1 1 1 0 0 0 0 0 1 0 0 0 1 0 0
350	13	1 0 1 1 0 0 1 0 0 0 1 1 0 0 0 0
350	1	1 1 1 1 0 0 0 0 0 0 0 0 0 0 0 0
350	58	1 1 1 1 0 0 1 0 0 0 0 1 0 1 0 0
350	22	1 1 1 1 1 0 1 0 1 0 1 1 0 0 0 0
350	17	0 1 1 0 0 0 1 0 0 0 0 0 0 0 0 0
350	19	1 1 1 1 0 0 1 0 0 0 1 1 1 0 0 0
350	3	0 1 1 1 0 0 1 0 0 0 0 1 0 0 0 0
350	10	1 1 1 1 0 0 1 0 0 0 1 0 0 0 0 0
350	10	1 1 1 1 1 0 1 0 1 1 0 0 0 0 0 0
350	5	1 1 1 0 0 0 1 0 0 1 0 1 1 0 0 0
350	14	1 1 1 1 0 0 0 0 0 0 0 0 0 1 0 0
350	57	1 1 1 1 0 0 1 0 0 0 0 0 0 0 0 0
350	1	1 1 1 1 1 1 0 1 0 0 0 0 0 0 0 0
350	12	1 1 1 1 1 1 0 0 0 1 0 0 0 0 0 0
350	5	1 0 1 1 1 0 1 0 0 0 1 1 0 0 0 0
350	6	1 1 1 1 0 0 1 0 1 1 0 0 0 1 0 0
350	12	1 0 1 1 0 0 1 0 0 0 0 0 0 0 0 0
350	19	1 1 1 1 1 1 1 0 0 1 0 0 0 0 0 0
350	14	1 1 1 1 0 0 0 0 0 0 1 0 0 0 0 0
350	9	1 1 1 1 0 0 0 0 0 1 0 0 0 1 1 0
350	4	0 1 1 1 0 0 1 0 0 0 1 1 0 0 1 0
350	8	1 1 1 1 0 0 1 0 1 1 0 0 0 0 0 0
350	2	1 1 1 1 0 0 1 1 1 0 0 0 0 0 1 0
350	20	1 1 0 1 1 0 1 0 1 1 0 0 0 0 0 0
350	11	1 1 1 1 0 0 1 0 0 1 0 1 0 1 0 0
350	10	1 1 1 0 1 0 1 1 0 1 0 1 0 0 0 0
350	7	1 1 1 1 1 0 1 0 0 1 1 1 0 0 0 0
350	4	1 1 1 1 0 0 1 0 1 0 0 1 0 1 0 0
350	4	1 1 1 1 1 0 1 0 1 1 0 0 0 0 1 0
350	18	1 1 1 1 0 0 1 0 0 0 1 1 1 1 0 0
350	14	1 1 1 1 0 0 1 0 0 1 0 0 0 0 1 0
350	5	1 1 1 1 0 0 1 0 1 0 0 0 0 0 0 0
350	7	1 1 1 1 1 1 0 1 0 0 0 0 0 0 0 1
350	2	1 1 1 1 0 0 1 0 0 0 1 1 0 0 1 0
350	2	0 1 1 0 0 0 1 0 0 0 1 0 0 0 0 0
350	6	1 1 1 1 0 0 1 0 0 0 1 1 0 1 0 0
350	17	1 1 1 1 1 1 1 0 1 0 1 1 1 0 1 0
350	3	1 1 1 1 1 0 1 0 1 0 0 1 0 0 0 0
350	1	1 1 1 1 0 1 1 0 0 0 1 0 0 0 0 0
350	3	1 0 1 1 1 0 1 0 0 0 0 0 0 0 0 0
350	2	0 1 1 1 1 0 1 0 0 0 1 1 0 0 0 1
350	10	1 1 1 1 0 0 1 0 0 0 0 0 0 0 1 0
350	1	1 1 1 1 1 1 1 0 1 1 0 0 0 1 0 0
350	7	1 1 1 1 1 0 1 0 0 1 0 0 0 1 0 0
350	3	1 1 1 1 0 1 1 0 0 1 0 0 0 1 0 0
350	6	1 1 1 1 0 0 1 1 0 0 1 1 0 0 0 0
350	7	1 1 1 1 0 0 0 0 0 0 0 1 0 1 0 0
350	2	0 1 1 1 0 1 1 0 0 1 0 0 0 1 0 0
350	8	1 1 1 0 1 1 1 1 0 1 0 1 0 0 0 0
350	2	1 1 1 0 1 0 1 1 0 0 0 0 0 1 0 0
350	3	1 1 1 0 0 0 1 0 0 0 0 0 0 1 0 0
350	1	0 1 1 1 0 0 1 0 0 1 0 0 0 1 0 0
350	1	1 1 1 1 1 0 0 0 0 0 1 1 0 0 0 0
350	2	1 1 1 1 1 0 1 1 0 0 1 1 0 0 0 0
350	1	1 1 1 1 0 1 0 0 0 0 0 0 0 0 0 0
350	3	1 1 1 1 1 0 1 0 1 1 0 0 1 0 0 0
350	1	1 1 0 1 1 0 1 0 1 1 0 0 0 1 0 0
350	1	1 1 1 1 1 0 1 1 0 1 0 0 1 0 0 0
350	1	1 1 1 1 1 1 1 0 0 0 1 1 0 0 0 0
350	4	1 1 1 1 0 0 1 0 0 1 0 0 0 0 0 1
350	2	1 1 1 1 0 0 1 0 0 0 0 1 0 0 0 0
350	2	1 1 1 0 0 0 1 0 0 0 0 1 0 1 0 0
350	1	1 1 1 1 0 0 1 0 0 0 1 1 1 0 0 1
350	1	1 1 0 1 1 1 0 0 0 1 0 0 0 0 0 0
350	3	1 1 1 1 1 0 1 0 0 1 1 0 0 0 0 0
350	1	0 1 1 0 0 0 1 0 0 1 0 0 0 1 0 0
350	2	1 1 1 1 0 0 0 0 0 1 0 0 0 0 0 0
350	1	1 1 0 1 1 0 1 0 0 1 0 0 0 0 0 0
350	1	1 1 1 1 0 1 1 0 0 0 1 1 0 0 0 0
350	1	1 1 0 1 0 0 1 0 0 0 1 1 0 0 0 0
350	2	1 1 1 1 1 0 1 0 0 1 1 0 1 0 0 0
350	1	1 1 1 1 1 0 1 0 0 0 1 1 0 1 0 0
350	1	1 1 1 1 0 0 1 0 0 1 0 1 1 1 0 0
360	37	1 1 1 1 0 0 1 0 0 1 0 0 0 1 0 0
360	11	1 1 1 1 0 0 1 0 0 1 0 0 0 0 0 0
360	39	1 1 1 1 0 0 1 0 0 0 1 1 0 0 0 0
360	43	1 1 1 1 0 0 1 0 0 0 0 0 0 1 0 0
360	7	1 1 1 0 1 0 1 0 0 1 0 0 0 0 0 0
360	17	1 1 1 1 0 0 1 0 0 1 0 1 0 0 0 0
360	78	1 1 1 1 1 0 1 0 0 1 0 0 0 0 0 0
360	54	1 1 1 1 1 0 1 0 0 1 0 0 1 0 0 0
360	77	1 1 1 1 1 0 1 0 0 0 1 1 0 0 0 0
360	5	1 1 1 1 0 0 1 0 0 1 1 1 0 0 0 0
360	16	1 1 1 1 0 0 0 0 0 1 0 0 0 1 0 0
360	24	1 1 1 1 0 0 1 0 0 0 0 1 0 1 0 0
360	4	1 1 1 1 1 0 1 0 1 0 1 1 0 0 0 0
360	18	0 1 1 0 0 0 1 0 0 0 0 0 0 0 0 0
360	13	1 1 1 1 0 0 1 0 0 0 1 1 1 0 0 0
360	9	0 1 1 1 0 0 1 0 0 0 0 1 0 0 0 0
360	28	1 1 1 1 0 0 1 0 0 0 1 0 0 0 0 0
360	10	1 1 1 1 1 0 1 0 1 1 0 0 0 0 0 0
360	1	1 1 1 0 0 0 1 0 0 1 0 1 1 0 0 0
360	7	1 1 1 1 0 0 0 0 0 0 0 0 0 1 0 0
360	53	1 1 1 1 0 0 1 0 0 0 0 0 0 0 0 0
360	13	1 1 1 1 1 1 0 0 0 1 0 0 0 0 0 0
360	11	1 1 1 1 0 0 1 0 1 1 0 0 0 1 0 0
360	4	1 0 1 1 0 0 1 0 0 0 0 0 0 0 0 0
360	5	1 1 1 1 1 1 1 0 0 1 0 0 0 0 0 0
360	2	1 1 1 1 0 0 0 0 0 0 1 0 0 0 0 0
360	3	1 1 1 1 0 0 0 0 0 1 0 0 0 1 1 0
360	5	0 1 1 1 0 0 1 0 0 0 1 1 0 0 1 0
360	1	1 1 1 1 0 0 1 0 1 1 0 0 0 0 0 0
360	17	1 1 1 1 0 0 1 1 1 0 0 0 0 0 1 0
360	41	1 1 0 1 1 0 1 0 1 1 0 0 0 0 0 0
360	40	1 1 1 1 0 0 1 0 0 1 0 1 0 1 0 0
360	8	1 1 1 1 1 0 1 0 0 1 1 1 0 0 0 0
360	7	1 1 1 1 0 0 1 0 1 0 0 1 0 1 0 0
360	6	1 1 1 1 1 0 1 0 1 1 0 0 0 0 1 0
360	1	1 1 1 1 0 0 1 0 0 0 1 1 1 1 0 0
360	10	1 1 1 1 0 0 1 0 1 0 0 0 0 0 0 0
360	9	1 1 1 1 0 0 1 0 0 0 1 1 0 1 0 0
360	11	1 1 1 1 1 1 1 0 1 0 1 1 1 0 1 0
360	6	1 1 1 1 0 1 1 0 0 0 1 0 0 0 0 0
360	6	1 1 1 1 0 0 1 1 0 0 1 1 0 0 0 0
360	4	1 1 1 1 0 0 0 0 0 0 0 1 0 1 0 0
360	4	1 1 1 0 1 1 1 1 0 1 0 1 0 0 0 0
360	7	1 1 1 0 1 0 1 1 0 0 0 0 0 1 0 0
360	3	1 1 1 1 1 0 1 0 1 1 0 0 1 0 0 0
360	11	1 1 0 1 1 0 1 0 1 1 0 0 0 1 0 0
360	4	1 1 1 1 1 1 1 0 0 0 1 1 0 0 0 0
360	9	1 1 1 1 0 0 1 0 0 0 0 1 0 0 0 0
360	20	1 1 0 1 1 1 0 0 0 1 0 0 0 0 0 0
360	17	1 1 1 1 1 0 1 0 0 1 1 0 0 0 0 0
360	17	1 1 1 1 0 0 0 0 0 0 1 1 1 1 0 0
360	12	1 1 1 0 0 0 1 0 0 1 0 0 0 1 0 0
360	3	1 1 1 1 0 0 1 0 0 1 0 0 0 1 1 0
360	4	1 1 1 1 1 0 1 0 0 1 0 1 0 1 0 0
360	2	1 1 1 1 0 0 1 0 0 0 0 0 0 1 1 0
360	7	0 1 1 1 0 0 1 0 0 1 0 0 0 0 0 0
360	7	1 1 1 1 0 0 1 0 0 1 1 0 0 0 0 0
360	7	1 1 1 0 1 0 1 0 0 1 0 0 1 0 0 0
360	6	1 1 1 1 0 0 1 1 0 0 0 0 0 0 0 0
360	3	1 1 1 1 0 1 0 0 0 1 0 0 0 0 0 0
360	4	1 1 1 1 0 1 1 0 0 1 0 1 0 1 0 0
360	4	1 1 1 1 1 0 1 0 0 1 0 0 0 1 0 0
360	3	1 1 1 1 1 0 1 0 1 0 0 0 0 1 0 0
360	4	1 1 1 0 0 0 1 0 0 0 1 1 0 0 0 0
360	4	1 1 1 1 0 0 1 1 0 1 0 0 0 0 0 0
360	3	1 1 1 1 0 0 1 1 0 1 0 1 0 0 0 0
360	2	1 1 1 1 1 0 1 0 0 0 1 1 0 1 0 0
360	3	1 1 1 1 0 0 0 1 0 0 0 1 0 1 0 0
360	6	1 1 0 1 0 0 0 0 0 0 1 1 1 1 0 0
360	2	0 1 1 1 1 0 1 0 1 1 0 0 1 0 0 0
360	2	1 1 1 1 0 0 1 0 1 0 0 0 0 1 0 0
360	3	1 1 1 0 1 0 1 0 0 0 1 1 0 0 0 0
360	7	0 1 1 0 0 0 1 0 0 1 0 1 0 1 0 0
360	2	1 1 1 1 1 0 1 0 0 1 0 0 1 1 0 0
360	5	1 1 0 1 0 0 0 0 0 1 0 0 0 1 0 0
360	1	1 1 0 1 1 0 1 0 1 1 1 1 1 1 0 0
360	3	1 1 1 1 1 0 1 0 0 0 1 1 0 0 0 1
360	2	1 0 1 1 0 0 0 0 0 1 0 0 0 1 0 0
360	1	1 1 1 1 0 0 1 0 1 1 1 0 0 0 0 0
360	1	1 1 0 1 1 0 1 0 1 1 1 0 0 0 0 0
360	3	0 1 1 0 0 0 1 0 0 0 1 1 1 1 0 0
360	3	1 1 1 1 0 0 1 0 0 0 1 1 0 0 1 0
360	2	1 1 0 0 1 0 1 1 0 0 0 0 0 1 0 0
360	3	1 1 1 1 0 0 0 0 0 1 1 1 1 1 0 0
360	2	1 1 1 0 0 0 1 0 1 1 0 0 0 1 0 0
360	1	1 1 1 1 1 0 1 0 0 0 0 1 0 1 0 0
360	2	1 1 1 0 0 0 1 0 0 0 0 0 0 0 0 0
360	3	1 1 0 1 1 0 1 0 1 0 0 0 0 0 0 0
360	1	1 1 1 1 1 0 1 1 0 0 0 0 0 1 0 0
360	1	1 1 1 0 1 0 1 1 0 0 0 0 0 0 0 0
360	1	1 0 1 1 0 0 1 0 0 1 0 0 0 1 0 0
360	1	1 1 1 1 0 1 1 0 0 0 1 1 0 0 0 0
360	2	1 1 0 1 0 0 1 0 0 0 1 1 0 0 0 0
360	1	0 1 1 1 1 0 1 0 0 1 0 0 0 0 0 0
360	1	0 1 1 1 1 0 1 0 0 0 1 1 0 0 1 0
360	2	1 1 1 1 0 1 1 0 1 1 0 0 0 0 0 0
360	1	0 1 1 1 0 0 1 1 1 0 0 0 0 0 1 0
360	3	1 1 1 1 0 0 1 1 0 1 0 1 0 1 0 0
360	1	1 1 1 1 1 0 1 0 0 1 1 0 0 0 1 0
370	37	1 1 1 1 0 0 1 0 0 1 0 0 0 1 0 0
370	19	1 1 1 1 0 0 1 0 0 1 0 0 0 0 0 0
370	62	1 1 1 1 0 0 1 0 0 0 1 1 0 0 0 0
370	51	1 1 1 1 0 0 1 0 0 0 0 0 0 1 0 0
370	20	1 1 1 1 0 0 1 0 0 1 0 1 0 0 0 0
370	114	1 1 1 1 1 0 1 0 0 1 0 0 0 0 0 0
370	20	1 1 1 1 1 0 1 0 0 1 0 0 1 0 0 0
370	47	1 1 1 1 1 0 1 0 0 0 1 1 0 0 0 0
370	1	1 1 1 1 0 0 1 0 0 1 1 1 0 0 0 0
370	18	1 1 1 1 0 0 1 0 0 0 0 1 0 1 0 0
370	13	0 1 1 0 0 0 1 0 0 0 0 0 0 0 0 0
370	1	1 1 1 1 0 0 1 0 0 0 1 1 1 0 0 0
370	5	0 1 1 1 0 0 1 0 0 0 0 1 0 0 0 0
370	14	1 1 1 1 0 0 1 0 0 0 1 0 0 0 0 0
370	9	1 1 1 1 1 0 1 0 1 1 0 0 0 0 0 0
370	42	1 1 1 1 0 0 1 0 0 0 0 0 0 0 0 0
370	14	1 1 1 1 1 1 0 0 0 1 0 0 0 0 0 0
370	8	1 1 1 1 0 0 1 0 1 1 0 0 0 1 0 0
370	11	1 1 1 1 1 1 1 0 0 1 0 0 0 0 0 0
370	6	1 1 1 1 0 0 1 0 1 1 0 0 0 0 0 0
370	6	1 1 1 1 0 0 1 1 1 0 0 0 0 0 1 0
370	55	1 1 0 1 1 0 1 0 1 1 0 0 0 0 0 0
370	7	1 1 1 1 0 0 1 0 0 1 0 1 0 1 0 0
370	24	1 1 1 1 1 0 1 0 0 1 1 1 0 0 0 0
370	6	1 1 1 1 0 0 1 0 1 0 0 1 0 1 0 0
370	11	1 1 1 1 1 0 1 0 1 1 0 0 0 0 1 0
370	14	1 1 1 1 0 0 1 0 1 0 0 0 0 0 0 0
370	11	1 1 1 1 0 0 1 0 0 0 1 1 0 1 0 0
370	3	1 1 1 1 1 1 1 0 1 0 1 1 1 0 1 0
370	5	1 1 1 1 0 0 1 1 0 0 1 1 0 0 0 0
370	3	1 1 1 1 0 0 0 0 0 0 0 1 0 1 0 0
370	15	1 1 1 0 1 1 1 1 0 1 0 1 0 0 0 0
370	8	1 1 1 0 1 0 1 1 0 0 0 0 0 1 0 0
370	8	1 1 1 1 1 0 1 0 1 1 0 0 1 0 0 0
370	4	1 1 1 1 1 1 1 0 0 0 1 1 0 0 0 0
370	18	1 1 1 1 0 0 1 0 0 0 0 1 0 0 0 0
370	3	1 1 0 1 1 1 0 0 0 1 0 0 0 0 0 0
370	6	1 1 1 1 1 0 1 0 0 1 1 0 0 0 0 0
370	24	1 1 1 1 0 0 0 0 0 0 1 1 1 1 0 0
370	9	1 1 1 0 0 0 1 0 0 1 0 0 0 1 0 0
370	2	1 1 1 1 1 0 1 0 0 1 0 1 0 1 0 0
370	7	0 1 1 1 0 0 1 0 0 1 0 0 0 0 0 0
370	6	1 1 1 1 0 0 1 0 0 1 1 0 0 0 0 0
370	6	1 1 1 1 1 0 1 0 0 1 0 0 0 1 0 0
370	16	1 1 1 1 0 0 1 1 0 1 0 0 0 0 0 0
370	16	1 1 1 1 0 0 1 1 0 1 0 1 0 0 0 0
370	5	1 1 1 0 1 0 1 0 0 0 1 1 0 0 0 0
370	1	0 1 1 0 0 0 1 0 0 1 0 1 0 1 0 0
370	8	1 1 0 1 1 0 1 0 1 1 1 1 1 1 0 0
370	1	1 1 0 1 1 0 1 0 1 1 1 0 0 0 0 0
370	2	1 1 1 1 0 0 1 0 0 0 1 1 0 0 1 0
370	3	1 1 0 0 1 0 1 1 0 0 0 0 0 1 0 0
370	5	1 1 1 0 0 0 1 0 0 0 0 0 0 0 0 0
370	10	1 0 1 1 0 0 1 0 0 1 0 0 0 1 0 0
370	3	1 1 0 1 0 0 1 0 0 0 1 1 0 0 0 0
370	5	0 1 1 1 1 0 1 0 0 0 1 1 0 0 1 0
370	16	1 1 1 1 0 0 1 1 0 1 0 1 0 1 0 0
370	6	1 1 1 1 1 0 1 0 0 0 1 0 0 0 0 0
370	4	1 1 1 1 1 0 0 0 0 1 0 0 0 0 0 0
370	5	1 1 0 0 0 0 1 0 0 1 0 0 0 1 0 0
370	2	1 1 1 0 1 1 1 1 0 1 0 0 0 0 0 0
370	3	1 1 1 1 0 0 0 0 0 0 1 1 1 0 0 0
370	1	1 1 0 1 0 0 1 0 0 0 0 0 0 0 0 0
370	1	1 1 1 1 0 1 1 1 1 0 0 0 0 0 1 0
370	7	1 1 1 1 1 0 1 0 0 1 0 0 0 0 1 0
370	11	1 1 1 1 1 0 1 0 0 0 0 0 0 0 0 0
370	2	1 1 0 1 1 0 0 0 0 1 0 0 0 0 0 0
370	2	1 1 1 1 1 0 0 0 0 0 1 0 0 0 0 0
370	4	1 1 1 0 1 0 1 0 0 1 0 1 0 1 0 0
370	2	1 1 1 1 0 0 0 0 0 1 0 0 0 0 0 0
370	6	0 1 1 1 0 0 1 0 0 1 0 1 0 1 0 0
370	3	1 1 0 1 0 0 1 0 0 1 0 1 0 1 0 0
370	2	1 1 1 1 0 0 1 1 1 1 0 0 0 0 0 0
370	3	0 1 1 1 0 0 1 0 1 0 1 1 0 0 1 0
370	2	1 1 1 0 1 0 1 1 0 0 0 0 0 0 0 0
370	1	1 1 1 1 1 0 0 0 0 0 1 1 0 0 0 0
370	5	1 1 1 1 0 0 1 0 0 0 0 1 1 1 0 0
370	1	1 1 1 1 1 0 1 0 1 1 0 0 0 1 1 0
370	8	1 1 1 1 1 0 0 0 0 1 1 0 0 0 0 0
370	1	1 1 1 0 1 0 1 0 0 0 0 0 0 0 0 0
370	1	1 1 1 0 0 0 1 0 0 1 0 1 0 1 0 0
370	3	0 1 1 1 0 0 1 0 0 0 0 0 0 1 0 0
370	2	1 1 1 1 1 0 1 1 0 0 1 1 0 0 0 0
370	1	1 1 1 1 1 0 1 1 0 1 1 1 0 0 0 0
370	2	1 1 1 1 1 0 1 0 0 0 1 1 1 1 0 0
370	4	0 1 1 0 0 0 1 0 0 0 1 1 0 0 0 0
370	4	0 1 1 1 1 0 1 0 0 0 1 1 0 0 0 0
370	3	1 1 1 1 0 0 1 0 1 0 1 1 0 1 0 0
370	2	1 1 1 1 0 0 1 0 1 1 0 0 0 0 1 0
370	2	0 1 1 0 0 0 1 0 0 1 0 1 0 0 0 0
370	3	1 1 1 1 0 0 0 0 0 1 0 1 0 0 0 0
370	1	1 1 1 1 1 1 0 0 0 1 0 1 0 1 0 0
370	1	1 1 0 1 1 0 1 0 1 0 0 0 0 0 0 0
370	2	0 1 1 1 0 0 1 0 0 1 0 0 0 1 0 0
370	1	0 1 1 1 1 0 1 0 0 0 1 0 0 0 0 0
370	3	0 1 1 1 0 0 1 0 0 0 1 1 0 0 0 0
370	1	1 1 1 1 1 0 1 0 0 1 0 0 0 0 0 1
370	2	1 1 1 1 0 1 0 0 0 1 0 0 0 0 0 0
370	3	1 1 0 1 1 0 1 0 1 1 0 0 0 0 1 0
370	1	1 1 0 1 1 0 1 1 1 1 0 0 0 0 0 0
370	3	1 1 0 1 1 0 1 0 1 1 0 0 0 1 0 0
370	2	1 1 1 1 0 0 1 0 1 0 0 1 0 0 0 0
370	3	1 1 1 0 0 0 1 0 0 0 0 1 0 0 0 0
370	3	1 1 1 0 0 0 0 0 0 0 1 1 1 1 0 0
370	1	0 1 1 0 0 0 1 0 0 0 0 0 0 1 0 0
380	35	1 1 1 1 0 0 1 0 0 1 0 0 0 1 0 0
380	1	1 1 1 1 0 0 1 0 0 1 0 0 0 0 0 0
380	57	1 1 1 1 0 0 1 0 0 0 1 1 0 0 0 0
380	68	1 1 1 1 0 0 1 0 0 0 0 0 0 1 0 0
380	36	1 1 1 1 0 0 1 0 0 1 0 1 0 0 0 0
380	87	1 1 1 1 1 0 1 0 0 1 0 0 0 0 0 0
380	7	1 1 1 1 1 0 1 0 0 1 0 0 1 0 0 0
380	36	1 1 1 1 1 0 1 0 0 0 1 1 0 0 0 0
380	28	0 1 1 0 0 0 1 0 0 0 0 0 0 0 0 0
380	4	0 1 1 1 0 0 1 0 0 0 0 1 0 0 0 0
380	6	1 1 1 1 0 0 1 0 0 0 1 0 0 0 0 0
380	17	1 1 1 1 1 0 1 0 1 1 0 0 0 0 0 0
380	11	1 1 1 1 0 0 1 0 0 0 0 0 0 0 0 0
380	10	1 1 1 1 1 1 0 0 0 1 0 0 0 0 0 0
380	7	1 1 1 1 1 1 1 0 0 1 0 0 0 0 0 0
380	6	1 1 1 1 0 0 1 0 1 1 0 0 0 0 0 0
380	3	1 1 1 1 0 0 1 1 1 0 0 0 0 0 1 0
380	38	1 1 0 1 1 0 1 0 1 1 0 0 0 0 0 0
380	13	1 1 1 1 0 0 1 0 0 1 0 1 0 1 0 0
380	74	1 1 1 1 1 0 1 0 0 1 1 1 0 0 0 0
380	16	1 1 1 1 1 0 1 0 1 1 0 0 0 0 1 0
380	6	1 1 1 1 0 0 1 0 1 0 0 0 0 0 0 0
380	7	1 1 1 1 0 0 1 0 0 0 1 1 0 1 0 0
380	4	1 1 1 1 0 0 1 1 0 0 1 1 0 0 0 0
380	23	1 1 1 0 1 1 1 1 0 1 0 1 0 0 0 0
380	4	1 1 1 0 1 0 1 1 0 0 0 0 0 1 0 0
380	13	1 1 1 1 1 0 1 0 1 1 0 0 1 0 0 0
380	42	1 1 1 1 0 0 1 0 0 0 0 1 0 0 0 0
380	21	1 1 1 1 1 0 1 0 0 1 1 0 0 0 0 0
380	10	1 1 1 1 0 0 0 0 0 0 1 1 1 1 0 0
380	3	0 1 1 1 0 0 1 0 0 1 0 0 0 0 0 0
380	19	1 1 1 1 1 0 1 0 0 1 0 0 0 1 0 0
380	11	1 1 1 1 0 0 1 1 0 1 0 0 0 0 0 0
380	20	1 1 1 1 0 0 1 1 0 1 0 1 0 0 0 0
380	2	1 1 1 0 1 0 1 0 0 0 1 1 0 0 0 0
380	4	1 1 0 1 1 0 1 0 1 1 1 1 1 1 0 0
380	1	1 1 1 1 0 0 1 0 0 0 1 1 0 0 1 0
380	2	1 0 1 1 0 0 1 0 0 1 0 0 0 1 0 0
380	9	1 1 0 1 0 0 1 0 0 0 1 1 0 0 0 0
380	16	1 1 1 1 0 0 1 1 0 1 0 1 0 1 0 0
380	1	1 1 1 1 1 0 1 0 0 0 1 0 0 0 0 0
380	19	1 1 1 1 0 1 1 1 1 0 0 0 0 0 1 0
380	13	1 1 1 1 1 0 1 0 0 1 0 0 0 0 1 0
380	5	1 1 1 1 1 0 1 0 0 0 0 0 0 0 0 0
380	2	0 1 1 1 0 0 1 0 0 1 0 1 0 1 0 0
380	1	0 1 1 1 0 0 1 0 1 0 1 1 0 0 1 0
380	10	1 1 1 1 0 0 1 0 0 0 0 1 1 1 0 0
380	5	1 1 1 0 1 0 1 0 0 0 0 0 0 0 0 0
380	5	1 1 1 1 0 0 1 0 1 0 1 1 0 1 0 0
380	4	1 1 0 1 1 0 1 0 1 0 0 0 0 0 0 0
380	1	1 1 1 1 1 0 1 0 0 1 0 0 0 0 0 1
380	9	1 1 1 1 0 1 0 0 0 1 0 0 0 0 0 0
380	11	1 1 0 1 1 0 1 0 1 1 0 0 0 0 1 0
380	1	1 1 1 1 0 0 1 0 1 0 0 1 0 0 0 0
380	20	1 1 1 0 0 0 1 0 0 0 0 1 0 0 0 0
380	4	1 1 0 1 0 0 1 0 0 1 0 0 0 1 0 0
380	5	1 1 1 1 1 0 1 0 1 0 1 1 0 0 0 0
380	5	1 1 1 1 0 0 1 0 0 0 0 0 0 0 1 0
380	1	0 1 1 1 0 0 1 0 0 0 1 1 0 0 1 0
380	7	1 1 0 1 1 0 1 0 0 1 0 0 0 0 0 0
380	2	1 1 1 1 0 0 1 1 0 1 0 0 0 1 0 0
380	8	1 1 1 1 1 1 0 0 0 1 0 0 0 0 0 1
380	8	1 1 0 1 1 0 1 0 0 1 1 1 0 0 0 0
380	3	0 1 1 0 0 0 1 0 0 1 0 0 0 1 0 0
380	5	1 1 1 1 0 0 1 0 0 1 1 1 0 0 0 0
380	3	1 1 0 1 1 0 1 0 1 1 0 0 0 1 0 0
380	6	1 1 1 1 0 0 1 0 0 1 1 0 0 1 0 0
380	4	1 1 1 1 1 0 1 0 0 1 0 1 0 0 0 0
380	4	1 1 1 1 0 0 0 0 0 0 0 0 0 1 0 0
380	2	1 1 1 1 1 0 1 0 1 1 0 0 0 1 1 0
380	1	1 1 1 0 1 0 1 0 0 1 0 0 1 0 0 0
380	3	1 1 1 1 1 0 1 0 0 0 0 0 0 0 1 0
380	4	1 1 0 1 0 0 1 0 0 0 0 0 0 0 0 0
380	2	1 1 0 1 0 0 1 0 0 1 0 1 0 0 0 0
380	2	0 1 1 1 0 0 1 0 0 0 1 0 0 0 0 0
380	6	1 1 0 1 0 0 0 0 0 0 1 1 1 1 0 0
380	5	1 1 0 1 0 0 1 0 0 0 1 1 0 1 0 0
380	4	1 1 1 1 1 0 1 1 0 0 1 1 0 0 0 0
380	2	1 1 1 1 0 0 1 0 1 0 0 0 0 1 0 0
380	2	1 1 0 1 1 0 1 0 1 1 0 1 0 0 0 0
380	1	1 1 1 1 0 1 1 0 0 0 0 1 0 0 0 0
380	1	0 1 1 1 0 0 1 0 0 1 0 0 1 0 0 0
380	1	1 0 1 1 0 0 1 0 0 1 0 1 0 1 0 0
380	3	1 1 1 1 1 0 1 0 0 0 1 0 1 0 0 0
380	2	1 1 1 0 0 0 1 0 0 0 0 1 1 0 0 0
380	2	1 1 1 1 0 1 1 0 0 1 0 0 0 0 0 0
380	1	1 1 1 1 0 0 1 0 0 1 1 0 0 0 0 0
380	2	0 1 1 0 0 0 1 0 0 0 0 0 0 0 1 0
380	1	1 1 1 1 1 0 1 0 1 1 0 1 0 0 0 0
380	1	1 1 0 1 0 0 1 0 1 0 0 0 0 0 0 0
380	1	1 1 1 1 1 1 1 0 0 1 1 0 0 0 0 0
380	1	1 1 1 1 1 1 1 0 0 1 0 0 0 1 0 0
380	1	1 1 1 0 0 1 1 1 1 0 0 0 0 0 1 0
390	22	1 1 1 1 0 0 1 0 0 1 0 0 0 1 0 0
390	52	1 1 1 1 0 0 1 0 0 0 1 1 0 0 0 0
390	64	1 1 1 1 0 0 1 0 0 0 0 0 0 1 0 0
390	67	1 1 1 1 0 0 1 0 0 1 0 1 0 0 0 0
390	56	1 1 1 1 1 0 1 0 0 1 0 0 0 0 0 0
390	11	1 1 1 1 1 0 1 0 0 1 0 0 1 0 0 0
390	37	1 1 1 1 1 0 1 0 0 0 1 1 0 0 0 0
390	4	0 1 1 0 0 0 1 0 0 0 0 0 0 0 0 0
390	2	0 1 1 1 0 0 1 0 0 0 0 1 0 0 0 0
390	36	1 1 1 1 1 0 1 0 1 1 0 0 0 0 0 0
390	8	1 1 1 1 0 0 1 0 0 0 0 0 0 0 0 0
390	3	1 1 1 1 1 1 0 0 0 1 0 0 0 0 0 0
390	11	1 1 1 1 1 1 1 0 0 1 0 0 0 0 0 0
390	1	1 1 1 1 0 0 1 0 1 1 0 0 0 0 0 0
390	7	1 1 1 1 0 0 1 1 1 0 0 0 0 0 1 0
390	28	1 1 0 1 1 0 1 0 1 1 0 0 0 0 0 0
390	74	1 1 1 1 1 0 1 0 0 1 1 1 0 0 0 0
390	20	1 1 1 1 1 0 1 0 1 1 0 0 0 0 1 0
390	23	1 1 1 0 1 1 1 1 0 1 0 1 0 0 0 0
390	34	1 1 1 1 0 0 1 0 0 0 0 1 0 0 0 0
390	85	1 1 1 1 1 0 1 0 0 1 1 0 0 0 0 0
390	23	1 1 1 1 1 0 1 0 0 1 0 0 0 1 0 0
390	10	1 1 1 1 0 0 1 1 0 1 0 0 0 0 0 0
390	10	1 1 1 1 0 0 1 1 0 1 0 1 0 0 0 0
390	8	1 1 1 0 1 0 1 0 0 0 1 1 0 0 0 0
390	5	1 1 0 1 0 0 1 0 0 0 1 1 0 0 0 0
390	22	1 1 1 1 0 0 1 1 0 1 0 1 0 1 0 0
390	5	1 1 1 1 0 1 1 1 1 0 0 0 0 0 1 0
390	13	1 1 1 1 1 0 1 0 0 1 0 0 0 0 1 0
390	26	1 1 1 1 0 0 1 0 0 0 0 1 1 1 0 0
390	2	1 1 1 0 1 0 1 0 0 0 0 0 0 0 0 0
390	1	1 1 1 1 0 1 0 0 0 1 0 0 0 0 0 0
390	1	1 1 0 1 1 0 1 0 1 1 0 0 0 0 1 0
390	38	1 1 1 0 0 0 1 0 0 0 0 1 0 0 0 0
390	2	1 1 0 1 1 0 1 0 0 1 0 0 0 0 0 0
390	6	1 1 1 1 0 0 1 1 0 1 0 0 0 1 0 0
390	4	1 1 1 1 1 1 0 0 0 1 0 0 0 0 0 1
390	13	1 1 0 1 1 0 1 0 0 1 1 1 0 0 0 0
390	21	1 1 1 1 0 0 1 0 0 1 1 1 0 0 0 0
390	5	1 1 0 1 0 0 1 0 0 0 0 0 0 0 0 0
390	9	1 1 0 1 0 0 1 0 0 1 0 1 0 0 0 0
390	9	1 1 0 1 0 0 0 0 0 0 1 1 1 1 0 0
390	19	1 1 0 1 1 0 1 0 1 1 0 1 0 0 0 0
390	2	1 1 1 0 0 1 1 1 1 0 0 0 0 0 1 0
390	4	1 1 1 1 0 0 1 0 0 0 1 1 1 0 0 0
390	4	1 1 1 1 0 0 0 0 0 0 1 1 1 0 0 0
390	3	1 1 0 0 0 0 1 0 0 0 0 1 0 0 0 0
390	3	1 1 0 0 0 0 1 0 0 0 0 0 0 0 0 0
390	5	0 1 1 1 1 0 1 0 0 1 0 0 0 0 0 0
390	3	1 1 1 1 0 0 1 1 1 0 0 0 0 0 1 1
390	2	1 1 1 0 0 0 1 0 0 1 0 1 0 1 0 0
390	3	1 1 1 1 0 0 0 1 0 1 0 1 0 1 0 0
390	2	1 1 1 1 1 0 1 0 0 1 0 1 0 0 0 1
390	1	1 1 1 1 1 0 1 0 0 1 1 1 0 1 0 0
390	2	1 1 1 1 0 0 1 1 0 1 0 0 1 0 0 0
390	1	0 1 1 0 0 0 1 0 0 1 1 1 0 0 0 0
390	1	1 1 1 1 0 1 1 0 0 1 0 0 0 1 0 0
390	2	1 1 1 0 1 1 1 1 0 1 0 0 0 0 0 0
390	7	1 1 1 1 0 0 0 0 0 1 0 1 0 0 0 0
390	3	1 1 1 0 1 0 1 0 1 1 0 0 0 0 0 0
390	4	1 1 1 1 0 0 0 0 0 1 0 0 0 1 0 0
390	3	1 1 1 1 0 0 1 0 0 1 1 0 0 0 0 0
390	2	1 0 1 1 0 0 1 0 0 0 1 1 0 0 0 0
390	1	1 1 0 1 1 0 1 0 0 1 1 0 0 0 0 0
390	2	1 1 0 1 1 1 1 0 1 1 1 1 1 1 0 0
390	8	0 1 1 1 1 0 1 1 0 1 0 0 0 0 0 0
390	1	1 1 1 1 1 0 1 0 0 0 1 0 0 0 0 0
390	1	1 1 1 1 0 0 1 0 1 1 0 0 0 0 1 0
390	6	1 1 1 1 0 0 1 0 0 0 1 1 0 1 0 0
390	4	1 1 1 1 0 0 1 0 1 1 0 1 0 0 0 0
390	3	1 1 1 1 1 0 1 0 0 0 1 1 0 0 1 0
390	4	1 1 1 1 0 1 0 0 0 0 1 1 1 0 0 0
390	4	1 1 1 1 1 1 1 0 0 1 0 1 0 0 0 0
390	1	1 1 1 1 1 0 1 0 0 1 0 0 0 0 0 1
390	1	1 1 1 1 1 0 1 0 0 1 0 1 1 0 0 0
390	4	1 1 1 1 1 1 1 0 0 1 1 1 0 0 0 0
390	1	1 1 0 1 1 0 1 0 1 1 1 1 0 0 0 0
390	1	1 1 1 1 0 0 1 1 0 1 1 1 0 0 0 0
390	1	1 1 1 1 1 0 1 0 0 1 1 1 0 0 0 1
390	2	1 1 1 1 1 1 0 1 0 1 0 0 0 0 0 1
390	1	1 1 0 1 1 0 0 0 0 1 1 1 0 0 0 0
400	16	1 1 1 1 0 0 1 0 0 1 0 0 0 1 0 0
400	54	1 1 1 1 0 0 1 0 0 0 1 1 0 0 0 0
400	53	1 1 1 1 0 0 1 0 0 0 0 0 0 1 0 0
400	48	1 1 1 1 0 0 1 0 0 1 0 1 0 0 0 0
400	37	1 1 1 1 1 0 1 0 0 1 0 0 0 0 0 0
400	2	1 1 1 1 1 0 1 0 0 1 0 0 1 0 0 0
400	50	1 1 1 1 1 0 1 0 0 0 1 1 0 0 0 0
400	5	0 1 1 0 0 0 1 0 0 0 0 0 0 0 0 0
400	61	1 1 1 1 1 0 1 0 1 1 0 0 0 0 0 0
400	15	1 1 1 1 1 1 1 0 0 1 0 0 0 0 0 0
400	4	1 1 1 1 0 0 1 1 1 0 0 0 0 0 1 0
400	4	1 1 0 1 1 0 1 0 1 1 0 0 0 0 0 0
400	54	1 1 1 1 1 0 1 0 0 1 1 1 0 0 0 0
400	48	1 1 1 1 1 0 1 0 1 1 0 0 0 0 1 0
400	21	1 1 1 0 1 1 1 1 0 1 0 1 0 0 0 0
400	37	1 1 1 1 0 0 1 0 0 0 0 1 0 0 0 0
400	63	1 1 1 1 1 0 1 0 0 1 1 0 0 0 0 0
400	11	1 1 1 1 1 0 1 0 0 1 0 0 0 1 0 0
400	7	1 1 1 1 0 0 1 1 0 1 0 0 0 0 0 0
400	16	1 1 1 1 0 0 1 1 0 1 0 1 0 0 0 0
400	8	1 1 0 1 0 0 1 0 0 0 1 1 0 0 0 0
400	17	1 1 1 1 0 0 1 1 0 1 0 1 0 1 0 0
400	12	1 1 1 1 0 1 1 1 1 0 0 0 0 0 1 0
400	35	1 1 1 1 1 0 1 0 0 1 0 0 0 0 1 0
400	32	1 1 1 1 0 0 1 0 0 0 0 1 1 1 0 0
400	1	1 1 1 1 0 1 0 0 0 1 0 0 0 0 0 0
400	38	1 1 1 0 0 0 1 0 0 0 0 1 0 0 0 0
400	1	1 1 1 1 0 0 1 1 0 1 0 0 0 1 0 0
400	7	1 1 0 1 1 0 1 0 0 1 1 1 0 0 0 0
400	14	1 1 1 1 0 0 1 0 0 1 1 1 0 0 0 0
400	11	1 1 0 1 0 0 1 0 0 1 0 1 0 0 0 0
400	2	1 1 0 1 0 0 0 0 0 0 1 1 1 1 0 0
400	12	1 1 0 1 1 0 1 0 1 1 0 1 0 0 0 0
400	4	1 1 1 1 0 0 1 0 0 0 1 1 1 0 0 0
400	4	1 1 1 1 0 0 0 0 0 0 1 1 1 0 0 0
400	5	1 1 1 1 1 0 1 0 0 1 0 1 0 0 0 1
400	1	1 1 1 1 0 0 1 1 0 1 0 0 1 0 0 0
400	3	1 1 1 1 0 0 0 0 0 1 0 1 0 0 0 0
400	16	1 1 1 1 0 0 0 0 0 1 0 0 0 1 0 0
400	5	1 1 1 1 0 0 1 0 0 1 1 0 0 0 0 0
400	6	0 1 1 1 1 0 1 1 0 1 0 0 0 0 0 0
400	2	1 1 1 1 0 0 1 0 1 1 0 0 0 0 1 0
400	3	1 1 1 1 1 0 1 0 0 0 1 1 0 0 1 0
400	3	1 1 1 1 1 1 1 0 0 1 1 1 0 0 0 0
400	8	1 1 1 1 1 0 1 0 0 1 1 1 0 0 0 1
400	9	1 1 0 1 1 0 0 0 0 1 1 1 0 0 0 0
400	3	1 1 1 1 1 0 1 0 0 0 1 1 0 1 0 0
400	18	1 1 0 1 0 0 1 0 0 0 0 1 0 0 0 0
400	2	1 1 0 1 1 0 1 0 1 1 0 0 0 0 1 0
400	1	0 1 1 1 1 0 1 0 1 1 0 0 0 0 1 0
400	2	1 1 1 1 1 1 1 0 0 1 1 0 0 0 0 0
400	2	1 1 1 1 1 0 1 1 0 1 0 0 0 1 0 0
400	1	1 1 1 1 0 0 0 1 0 1 0 1 0 0 0 0
400	3	1 1 1 0 0 0 1 0 1 1 0 1 0 0 0 0
400	4	1 1 1 1 0 0 1 0 0 0 0 0 0 0 0 0
400	1	1 1 1 1 0 0 1 0 0 0 0 0 0 0 1 0
400	2	1 1 1 1 0 1 1 0 0 0 0 0 0 1 0 0
400	5	1 1 0 0 1 0 1 0 1 1 0 0 0 0 0 0
400	11	1 1 1 1 1 0 1 0 1 1 1 1 0 0 0 0
400	1	1 1 1 1 1 0 0 0 0 1 1 1 0 0 0 0
400	3	1 1 1 1 1 0 1 0 0 0 0 0 0 1 0 0
400	3	1 1 1 1 0 0 1 0 0 1 0 0 0 0 1 0
400	1	1 1 1 0 0 0 1 0 0 0 1 1 0 0 0 0
400	6	1 1 1 1 1 0 0 0 0 1 0 0 0 0 0 0
400	1	1 1 1 1 1 1 1 0 0 1 0 0 0 1 0 0
400	8	1 1 1 1 1 0 1 0 0 1 0 0 1 0 1 0
400	4	1 1 1 1 0 1 1 1 0 1 0 0 0 1 0 0
400	5	1 1 0 1 1 0 0 0 1 1 1 1 0 0 0 0
400	3	0 1 1 1 0 0 1 0 0 1 0 1 0 0 0 0
400	1	0 1 1 1 1 0 1 1 0 1 0 0 0 0 1 0
400	2	1 1 1 0 0 0 1 0 0 1 0 0 0 1 0 0
400	4	1 0 1 1 1 1 1 0 0 1 0 0 0 0 0 0
400	2	1 1 1 1 1 0 1 0 0 0 0 1 0 0 0 1
400	3	1 1 1 1 1 0 1 0 0 1 0 1 0 0 0 0
400	3	1 1 1 1 1 0 1 0 0 0 1 1 0 0 0 1
400	1	1 0 1 1 1 0 1 0 0 1 1 0 0 0 0 0
400	4	1 1 1 1 1 0 1 0 0 0 0 0 0 0 1 0
400	4	1 1 1 0 0 0 1 0 0 0 0 1 0 1 0 0
400	1	1 1 1 1 1 0 1 0 1 1 1 1 1 0 0 0
400	2	1 1 1 0 1 1 1 1 0 1 0 0 0 1 0 0
400	2	1 1 1 0 1 1 1 1 0 1 0 1 0 1 0 0
400	2	1 1 1 1 0 0 1 0 0 0 0 1 0 1 0 0
400	3	1 1 1 1 0 0 1 0 0 1 0 0 0 0 0 0
400	1	1 1 1 1 0 0 0 0 0 1 1 1 0 0 0 0
400	1	0 1 1 1 0 0 1 0 0 0 0 0 0 1 0 0
400	2	1 1 1 1 0 1 1 0 0 1 0 1 0 0 0 0
400	1	1 1 1 1 1 0 1 1 0 1 1 1 0 0 0 0
400	1	1 1 1 0 1 0 1 0 0 1 1 0 0 0 0 0
400	1	1 1 1 1 0 0 1 1 0 0 0 1 0 0 0 0
400	2	1 0 1 1 0 0 1 0 0 0 0 1 1 1 0 0
400	1	1 1 1 0 0 0 1 1 0 0 0 1 0 0 0 0
400	1	1 1 0 1 0 0 1 0 0 0 0 1 0 1 0 0
