0	250	0 0 0 0 1 0 0 0 0 0 0 0 0 0 0 0
0	250	0 0 0 0 0 0 0 0 0 0 1 0 0 0 0 0
0	250	0 0 0 0 0 0 0 0 0 0 0 0 0 0 0 0
0	250	0 0 0 0 0 0 0 0 1 0 0 0 0 0 0 0
10	212	0 0 0 0 1 0 0 0 0 0 0 0 0 0 0 0
10	175	0 0 0 0 0 0 0 0 0 0 1 0 0 0 0 0
10	214	0 0 0 0 0 0 0 0 0 0 0 0 0 0 0 0
10	212	0 0 0 0 0 0 0 0 1 0 0 0 0 0 0 0
10	4	0 0 1 0 1 0 0 0 0 0 0 0 0 0 0 0
10	4	0 0 0 0 1 0 0 0 1 0 0 0 0 0 0 0
10	4	0 0 0 0 1 0 0 0 0 0 1 0 0 0 0 0
10	6	0 1 0 0 1 0 0 0 0 0 0 0 0 0 0 0
10	14	0 0 1 0 0 0 0 0 0 0 1 0 0 0 0 0
10	18	0 0 0 0 0 0 0 0 0 0 0 0 0 0 1 0
10	1	0 0 0 0 0 1 0 0 1 0 0 0 0 0 0 0
10	12	0 0 0 1 1 0 0 0 0 0 0 0 0 0 0 0
10	2	0 0 0 0 1 0 0 0 0 0 0 0 0 1 0 0
10	2	1 0 0 0 1 0 0 0 0 0 0 0 0 0 0 0
10	5	1 0 0 0 0 0 0 0 0 0 1 0 0 0 0 0
10	4	0 0 0 0 0 0 0 0 0 0 0 0 1 0 0 0
10	16	0 0 1 0 0 0 0 0 0 0 0 0 0 0 0 0
10	5	0 0 0 0 0 0 0 0 0 0 0 0 0 0 0 1
10	17	0 0 0 0 0 0 0 0 1 0 1 0 0 0 0 0
10	4	1 0 0 0 0 0 0 0 0 0 0 0 0 0 0 0
10	14	0 1 0 0 0 0 0 0 0 0 0 0 0 0 0 0
10	5	0 0 0 0 0 0 0 0 0 0 1 0 0 0 1 0
10	7	0 0 0 1 0 0 0 0 1 0 0 0 0 0 0 0
10	4	0 0 0 0 0 0 0 0 1 0 0 0 0 0 1 0
10	3	1 0 0 0 0 0 0 0 1 0 0 0 0 0 0 0
10	12	0 0 0 0 1 0 0 1 0 0 0 0 0 0 0 0
10	1	0 0 0 0 0 0 1 0 0 0 0 0 0 0 0 0
10	3	0 0 0 0 0 0 0 1 1 0 0 0 0 0 0 0
10	1	0 0 0 0 0 0 0 0 0 0 1 0 1 0 0 0
10	3	0 0 0 0 0 0 1 0 1 0 0 0 0 0 0 0
10	1	0 0 1 0 0 0 0 0 1 0 0 0 0 0 1 0
10	3	0 0 0 0 1 0 0 0 0 0 0 0 1 0 0 0
10	1	0 0 0 0 1 0 0 0 0 0 0 0 0 0 0 1
10	4	0 0 0 0 0 1 0 0 0 0 1 0 0 0 0 0
10	2	0 0 0 0 0 0 0 0 0 0 1 0 0 0 0 1
10	1	0 0 0 0 0 0 0 1 0 0 1 0 0 0 0 0
10	1	0 0 0 0 0 1 0 0 0 0 0 0 0 0 0 0
10	1	1 0 0 0 0 0 0 0 1 0 0 0 0 0 1 0
10	1	0 0 0 0 1 0 0 0 0 1 0 0 0 0 0 0
10	1	0 0 0 0 0 0 0 0 1 0 0 0 0 0 0 1
20	130	0 0 0 0 1 0 0 0 0 0 0 0 0 0 0 0
20	118	0 0 0 0 0 0 0 0 0 0 1 0 0 0 0 0
20	224	0 0 0 0 0 0 0 0 0 0 0 0 0 0 0 0
20	197	0 0 0 0 0 0 0 0 1 0 0 0 0 0 0 0
20	3	0 0 1 0 1 0 0 0 0 0 0 0 0 0 0 0
20	16	0 0 0 0 1 0 0 0 1 0 0 0 0 0 0 0
20	16	0 0 1 0 0 0 0 0 0 0 1 0 0 0 0 0
20	23	0 0 0 0 0 0 0 0 0 0 0 0 0 0 1 0
20	12	0 0 0 1 1 0 0 0 0 0 0 0 0 0 0 0
20	8	1 0 0 0 0 0 0 0 0 0 1 0 0 0 0 0
20	3	0 0 0 0 0 0 0 0 0 0 0 0 1 0 0 0
20	13	0 0 1 0 0 0 0 0 0 0 0 0 0 0 0 0
20	8	0 0 0 0 0 0 0 0 0 0 0 0 0 0 0 1
20	6	0 0 0 0 0 0 0 0 1 0 1 0 0 0 0 0
20	22	0 1 0 0 0 0 0 0 0 0 0 0 0 0 0 0
20	4	0 0 0 1 0 0 0 0 1 0 0 0 0 0 0 0
20	3	0 0 0 0 0 0 0 0 1 0 0 0 0 0 1 0
20	22	0 0 0 0 1 0 0 1 0 0 0 0 0 0 0 0
20	1	0 0 1 0 0 0 0 0 1 0 0 0 0 0 1 0
20	3	0 0 0 0 0 1 0 0 0 0 1 0 0 0 0 0
20	24	0 0 0 0 0 0 0 0 0 0 1 0 0 0 0 1
20	3	0 0 0 0 1 1 0 0 0 0 0 0 0 0 0 0
20	2	0 0 0 1 0 0 0 0 0 0 0 0 0 0 0 0
20	9	0 0 1 0 1 0 0 0 0 0 0 0 0 1 0 0
20	9	0 1 0 0 0 0 0 0 1 0 0 0 0 0 0 0
20	2	0 0 1 0 0 0 0 0 1 0 1 0 0 0 0 0
20	8	0 0 0 0 1 0 0 0 0 0 0 0 1 0 0 0
20	13	0 1 0 0 0 0 0 0 0 0 1 0 0 0 0 0
20	3	0 0 0 0 0 0 0 1 0 0 0 0 0 0 0 0
20	4	0 0 0 0 1 0 0 0 0 0 0 0 0 1 0 0
20	8	0 0 0 0 0 0 0 0 0 0 0 1 0 0 0 0
20	14	0 0 1 0 0 0 0 0 0 0 1 0 0 1 0 0
20	8	0 0 1 0 1 0 0 0 0 0 0 0 0 0 1 0
20	1	0 0 1 0 1 0 0 0 1 0 0 0 0 0 0 0
20	5	0 0 0 0 0 0 0 0 0 0 0 0 1 0 1 0
20	1	0 0 0 1 1 0 0 0 0 0 0 0 0 0 1 0
20	7	0 0 0 0 0 0 0 0 1 0 0 1 0 0 0 0
20	5	0 1 0 0 0 0 0 0 0 0 0 0 1 0 0 0
20	4	0 0 0 1 0 0 0 0 0 0 1 0 0 0 0 0
20	3	0 0 0 0 0 0 0 0 1 0 1 0 0 1 0 0
20	2	0 0 0 0 0 0 0 0 1 0 1 0 1 0 0 0
20	4	0 0 0 0 1 0 0 1 0 0 0 0 0 0 1 0
20	3	0 0 0 0 0 0 0 0 0 1 0 0 0 0 0 0
20	4	0 0 0 0 0 0 1 0 1 0 0 0 0 0 0 0
20	3	0 0 0 0 0 0 0 0 0 0 0 0 0 1 0 0
20	1	0 0 0 1 0 0 0 0 0 0 0 0 0 0 1 0
20	2	0 0 0 1 1 0 0 1 0 0 0 0 0 0 0 0
20	1	0 0 0 0 0 0 0 0 0 0 0 0 0 1 0 1
20	2	0 0 1 0 0 0 0 0 0 0 1 0 0 0 0 1
20	3	0 0 0 0 0 0 0 0 0 0 1 0 1 0 0 1
20	1	0 0 1 0 0 0 0 1 0 0 1 0 0 1 0 0
20	1	0 0 1 0 0 0 0 0 0 0 1 0 0 1 0 1
20	2	0 0 0 0 0 0 0 0 0 0 1 0 0 1 0 0
20	1	0 0 0 0 1 0 1 0 0 0 0 0 0 0 0 0
20	1	0 0 0 0 0 0 1 0 0 0 0 0 0 0 0 0
20	1	0 0 0 0 0 0 0 0 0 0 0 0 0 1 1 0
20	2	0 1 0 0 0 0 0 0 1 0 1 0 0 0 0 0
20	1	0 0 0 0 1 0 0 0 0 0 0 1 0 1 0 0
30	176	0 0 0 0 1 0 0 0 0 0 0 0 0 0 0 0
30	60	0 0 0 0 0 0 0 0 0 0 1 0 0 0 0 0
30	205	0 0 0 0 0 0 0 0 0 0 0 0 0 0 0 0
30	136	0 0 0 0 0 0 0 0 1 0 0 0 0 0 0 0
30	3	0 0 1 0 1 0 0 0 0 0 0 0 0 0 0 0
30	10	0 0 0 0 1 0 0 0 1 0 0 0 0 0 0 0
30	2	0 0 1 0 0 0 0 0 0 0 1 0 0 0 0 0
30	13	0 0 0 0 0 0 0 0 0 0 0 0 0 0 1 0
30	3	0 0 0 1 1 0 0 0 0 0 0 0 0 0 0 0
30	12	0 0 0 0 0 0 0 0 0 0 0 0 1 0 0 0
30	1	0 0 1 0 0 0 0 0 0 0 0 0 0 0 0 0
30	14	0 0 0 0 0 0 0 0 0 0 0 0 0 0 0 1
30	8	0 0 0 0 0 0 0 0 1 0 1 0 0 0 0 0
30	21	0 1 0 0 0 0 0 0 0 0 0 0 0 0 0 0
30	43	0 0 0 0 1 0 0 1 0 0 0 0 0 0 0 0
30	6	0 0 1 0 0 0 0 0 1 0 0 0 0 0 1 0
30	20	0 0 0 0 0 0 0 0 0 0 1 0 0 0 0 1
30	7	0 0 0 1 0 0 0 0 0 0 0 0 0 0 0 0
30	8	0 0 1 0 1 0 0 0 0 0 0 0 0 1 0 0
30	3	0 1 0 0 0 0 0 0 1 0 0 0 0 0 0 0
30	19	0 1 0 0 0 0 0 0 0 0 1 0 0 0 0 0
30	5	0 0 0 0 0 0 0 1 0 0 0 0 0 0 0 0
30	14	0 0 0 0 0 0 0 0 0 0 0 1 0 0 0 0
30	43	0 0 1 0 0 0 0 0 0 0 1 0 0 1 0 0
30	4	0 0 1 0 1 0 0 0 0 0 0 0 0 0 1 0
30	1	0 0 0 1 1 0 0 0 0 0 0 0 0 0 1 0
30	16	0 0 0 0 0 0 0 0 1 0 0 1 0 0 0 0
30	10	0 1 0 0 0 0 0 0 0 0 0 0 1 0 0 0
30	12	0 0 0 1 0 0 0 0 0 0 1 0 0 0 0 0
30	12	0 0 0 0 0 0 0 0 1 0 1 0 1 0 0 0
30	2	0 0 0 0 0 0 0 0 0 1 0 0 0 0 0 0
30	6	0 0 0 1 1 0 0 1 0 0 0 0 0 0 0 0
30	4	0 0 0 0 0 0 0 0 0 0 1 0 1 0 0 1
30	5	0 0 0 0 0 0 0 0 0 0 0 0 0 1 1 0
30	13	0 0 0 0 1 0 0 0 0 0 0 1 0 1 0 0
30	10	0 0 0 0 1 0 0 0 1 0 1 0 0 0 0 0
30	5	0 0 0 0 0 0 0 0 0 0 1 0 0 1 0 0
30	4	0 0 0 0 0 0 0 0 1 0 0 0 0 1 0 0
30	2	0 0 0 1 1 0 0 0 0 0 1 0 0 1 0 0
30	1	0 0 0 0 0 0 1 0 0 0 0 0 0 0 1 0
30	6	0 1 0 0 1 0 0 0 0 0 0 0 0 0 0 0
30	5	0 0 0 0 0 0 0 0 1 0 1 1 0 0 0 0
30	4	0 1 0 0 0 0 0 0 1 0 1 0 0 0 0 0
30	2	0 0 0 0 1 0 0 0 0 0 0 0 1 0 0 0
30	7	0 0 0 0 0 0 0 0 0 1 1 0 0 0 0 1
30	1	0 0 1 0 0 0 1 0 0 0 1 0 0 1 0 0
30	2	0 0 0 0 1 0 1 0 0 0 0 0 0 0 0 0
30	4	0 0 0 0 1 0 0 0 0 0 0 0 0 0 0 1
30	5	1 1 0 0 0 0 0 0 0 0 0 0 0 0 0 0
30	5	0 0 1 0 0 0 0 0 0 0 1 0 0 1 0 1
30	1	0 0 1 0 0 0 0 0 0 0 1 1 0 1 0 0
30	1	0 0 0 0 1 0 0 0 0 0 1 0 0 0 0 0
30	1	0 0 0 0 0 0 0 0 0 0 0 0 0 1 0 0
30	1	0 0 1 0 0 0 0 0 1 0 0 0 0 0 0 0
30	1	0 0 1 0 0 0 0 0 0 1 1 0 0 0 0 1
30	1	0 1 0 0 1 0 0 0 0 0 1 0 0 0 0 0
30	2	0 0 0 0 0 0 0 0 0 0 1 0 1 0 0 0
30	3	0 0 0 1 0 0 0 0 1 0 0 0 0 0 0 0
30	1	0 0 0 0 0 1 0 0 1 0 0 0 0 0 0 0
30	1	0 0 0 0 0 0 0 0 0 0 0 0 0 1 0 1
30	1	0 0 1 0 0 0 0 0 1 0 0 1 0 0 1 0
30	1	0 0 1 0 0 0 0 1 0 0 1 0 0 1 0 0
30	2	0 0 0 0 1 0 0 0 1 0 1 0 0 0 0 1
30	2	0 1 1 0 0 0 1 0 0 0 1 0 0 1 0 0
30	1	0 0 0 0 1 0 1 0 0 0 0 0 0 0 1 0
40	119	0 0 0 0 1 0 0 0 0 0 0 0 0 0 0 0
40	17	0 0 0 0 0 0 0 0 0 0 1 0 0 0 0 0
40	172	0 0 0 0 0 0 0 0 0 0 0 0 0 0 0 0
40	81	0 0 0 0 0 0 0 0 1 0 0 0 0 0 0 0
40	26	0 0 1 0 1 0 0 0 0 0 0 0 0 0 0 0
40	24	0 0 0 0 1 0 0 0 1 0 0 0 0 0 0 0
40	8	0 0 0 0 0 0 0 0 0 0 0 0 0 0 1 0
40	11	0 0 0 0 0 0 0 0 0 0 0 0 1 0 0 0
40	7	0 0 0 0 0 0 0 0 0 0 0 0 0 0 0 1
40	3	0 0 0 0 0 0 0 0 1 0 1 0 0 0 0 0
40	19	0 1 0 0 0 0 0 0 0 0 0 0 0 0 0 0
40	60	0 0 0 0 1 0 0 1 0 0 0 0 0 0 0 0
40	10	0 0 1 0 0 0 0 0 1 0 0 0 0 0 1 0
40	1	0 0 0 0 0 0 0 0 0 0 1 0 0 0 0 1
40	6	0 0 1 0 1 0 0 0 0 0 0 0 0 1 0 0
40	13	0 1 0 0 0 0 0 0 0 0 1 0 0 0 0 0
40	26	0 0 0 0 0 0 0 1 0 0 0 0 0 0 0 0
40	5	0 0 0 0 0 0 0 0 0 0 0 1 0 0 0 0
40	63	0 0 1 0 0 0 0 0 0 0 1 0 0 1 0 0
40	6	0 0 0 0 0 0 0 0 1 0 0 1 0 0 0 0
40	17	0 0 0 1 0 0 0 0 0 0 1 0 0 0 0 0
40	8	0 0 0 0 0 0 0 0 1 0 1 0 1 0 0 0
40	7	0 0 0 1 1 0 0 1 0 0 0 0 0 0 0 0
40	25	0 0 0 0 1 0 0 0 0 0 0 1 0 1 0 0
40	7	0 0 0 0 0 0 0 0 0 0 1 0 0 1 0 0
40	10	0 0 0 0 0 0 0 0 1 0 0 0 0 1 0 0
40	8	0 0 0 1 1 0 0 0 0 0 1 0 0 1 0 0
40	6	0 1 0 0 1 0 0 0 0 0 0 0 0 0 0 0
40	5	0 0 0 0 0 0 0 0 1 0 1 1 0 0 0 0
40	3	0 1 0 0 0 0 0 0 1 0 1 0 0 0 0 0
40	28	1 1 0 0 0 0 0 0 0 0 0 0 0 0 0 0
40	11	0 0 1 0 0 0 0 0 0 0 1 0 0 1 0 1
40	5	0 0 0 0 0 0 0 0 0 0 0 0 0 1 0 0
40	5	0 0 0 1 0 0 0 0 1 0 0 0 0 0 0 0
40	1	0 0 0 0 0 1 0 0 0 0 0 0 0 0 0 0
40	6	0 0 1 0 0 0 0 0 0 0 0 0 1 0 0 0
40	4	0 0 0 1 0 0 1 0 0 0 1 0 0 0 0 0
40	2	0 0 0 0 1 0 0 1 0 0 0 1 0 1 0 0
40	15	0 0 0 0 1 0 0 0 0 0 1 1 0 1 0 0
40	1	0 0 0 0 0 0 0 0 1 0 0 0 0 0 0 1
40	3	0 1 0 0 0 0 0 0 0 0 0 1 0 0 0 0
40	4	0 0 0 1 1 0 0 1 0 0 0 0 1 0 0 0
40	11	0 0 0 1 1 0 0 0 0 0 0 0 0 0 0 0
40	10	0 0 0 0 0 0 1 0 0 0 0 0 0 0 0 0
40	1	0 0 0 0 1 1 0 0 0 0 0 0 0 0 0 0
40	1	1 0 0 0 0 0 0 0 0 0 0 0 0 0 0 0
40	6	0 0 0 0 0 0 0 0 0 0 0 0 1 0 0 1
40	1	0 0 0 0 1 0 0 1 0 0 0 0 0 1 0 0
40	4	0 0 1 0 0 0 0 0 0 0 0 0 0 0 0 0
40	6	0 0 0 0 0 0 0 0 1 1 0 0 0 0 0 0
40	5	0 0 0 0 1 0 0 0 1 0 0 0 1 0 0 0
40	2	0 0 0 0 1 0 0 1 0 0 0 0 0 0 1 0
40	4	0 0 1 0 1 0 0 1 0 0 0 0 0 0 0 0
40	4	0 0 1 1 1 0 0 0 0 0 0 0 0 1 0 0
40	1	0 0 0 0 0 0 0 1 0 0 0 0 1 0 0 0
40	7	0 1 0 0 1 0 1 0 0 0 0 0 0 0 0 0
40	2	0 0 0 0 0 0 0 0 0 0 1 0 0 1 0 1
40	10	0 0 0 0 1 0 0 0 0 0 1 0 0 1 0 0
40	3	0 1 0 0 0 0 0 0 1 0 0 0 0 0 0 0
40	5	0 0 0 0 0 0 0 0 1 1 0 0 0 1 0 0
40	2	0 0 0 0 1 0 0 0 1 1 0 0 0 0 0 0
40	5	0 1 0 0 1 0 0 1 0 0 0 0 0 0 0 0
40	3	1 0 0 0 1 0 0 1 0 0 0 0 0 0 0 0
40	8	0 0 0 0 1 0 1 1 0 0 0 0 0 0 0 0
40	1	0 0 0 0 0 0 1 0 0 0 1 0 0 0 0 1
40	2	0 0 0 0 0 0 0 1 0 0 0 1 0 0 0 0
40	1	0 0 0 1 1 0 0 0 0 0 1 0 0 1 0 1
40	1	0 0 1 0 1 0 0 0 1 0 0 0 0 0 0 0
40	2	0 0 0 0 0 0 1 0 0 0 0 0 1 0 0 0
40	2	0 0 0 0 1 0 0 0 0 0 0 0 0 1 0 0
40	3	1 0 0 0 0 0 0 0 0 1 0 0 0 0 0 0
40	4	0 0 0 0 0 0 0 1 1 1 0 0 0 0 0 0
40	2	0 0 1 0 1 0 0 0 0 0 1 0 0 0 0 0
40	3	0 0 0 0 1 0 0 1 0 0 1 0 0 1 0 0
40	2	0 0 1 0 0 0 0 0 1 0 0 0 0 0 0 0
40	3	0 0 0 0 1 0 0 0 0 0 1 0 0 0 0 0
40	1	1 0 0 0 0 0 0 0 1 0 0 0 0 0 0 0
40	1	0 0 1 0 1 0 0 0 0 0 0 0 0 0 0 1
40	1	0 0 1 0 1 1 0 0 0 0 0 0 0 0 0 0
40	4	0 0 0 0 0 0 0 0 0 0 0 0 1 0 1 0
40	1	0 0 1 0 0 0 0 0 1 0 0 1 0 0 1 0
40	2	0 0 1 0 0 1 0 0 0 0 1 0 0 1 0 0
40	1	0 0 1 0 0 0 0 0 0 0 0 0 0 1 0 0
40	3	0 0 0 1 1 0 0 0 0 0 1 1 0 1 0 0
40	1	0 1 0 0 0 1 0 0 1 0 0 0 0 0 0 0
50	76	0 0 0 0 1 0 0 0 0 0 0 0 0 0 0 0
50	15	0 0 0 0 0 0 0 0 0 0 1 0 0 0 0 0
50	132	0 0 0 0 0 0 0 0 0 0 0 0 0 0 0 0
50	15	0 0 0 0 0 0 0 0 1 0 0 0 0 0 0 0
50	13	0 0 1 0 1 0 0 0 0 0 0 0 0 0 0 0
50	28	0 0 0 0 1 0 0 0 1 0 0 0 0 0 0 0
50	8	0 0 0 0 0 0 0 0 0 0 0 0 1 0 0 0
50	14	0 0 0 0 0 0 0 0 0 0 0 0 0 0 0 1
50	4	0 0 0 0 0 0 0 0 1 0 1 0 0 0 0 0
50	5	0 1 0 0 0 0 0 0 0 0 0 0 0 0 0 0
50	51	0 0 0 0 1 0 0 1 0 0 0 0 0 0 0 0
50	2	0 0 1 0 0 0 0 0 1 0 0 0 0 0 1 0
50	14	0 0 1 0 1 0 0 0 0 0 0 0 0 1 0 0
50	12	0 1 0 0 0 0 0 0 0 0 1 0 0 0 0 0
50	20	0 0 0 0 0 0 0 1 0 0 0 0 0 0 0 0
50	66	0 0 1 0 0 0 0 0 0 0 1 0 0 1 0 0
50	12	0 0 0 1 0 0 0 0 0 0 1 0 0 0 0 0
50	2	0 0 0 0 0 0 0 0 1 0 1 0 1 0 0 0
50	21	0 0 0 0 1 0 0 0 0 0 0 1 0 1 0 0
50	21	0 0 0 0 0 0 0 0 0 0 1 0 0 1 0 0
50	23	0 0 0 0 0 0 0 0 1 0 0 0 0 1 0 0
50	5	0 0 0 1 1 0 0 0 0 0 1 0 0 1 0 0
50	19	0 1 0 0 1 0 0 0 0 0 0 0 0 0 0 0
50	8	0 0 0 0 0 0 0 0 1 0 1 1 0 0 0 0
50	18	1 1 0 0 0 0 0 0 0 0 0 0 0 0 0 0
50	22	0 0 1 0 0 0 0 0 0 0 1 0 0 1 0 1
50	11	0 0 0 0 0 0 0 0 0 0 0 0 0 1 0 0
50	15	0 0 0 0 0 1 0 0 0 0 0 0 0 0 0 0
50	18	0 0 1 0 0 0 0 0 0 0 0 0 1 0 0 0
50	9	0 0 0 0 1 0 0 1 0 0 0 1 0 1 0 0
50	37	0 0 0 0 1 0 0 0 0 0 1 1 0 1 0 0
50	2	0 1 0 0 0 0 0 0 0 0 0 1 0 0 0 0
50	5	0 0 0 1 1 0 0 1 0 0 0 0 1 0 0 0
50	7	0 0 0 1 1 0 0 0 0 0 0 0 0 0 0 0
50	13	0 0 0 0 0 0 1 0 0 0 0 0 0 0 0 0
50	4	0 0 0 0 1 0 0 0 1 0 0 0 1 0 0 0
50	13	0 0 1 0 1 0 0 1 0 0 0 0 0 0 0 0
50	19	0 0 1 1 1 0 0 0 0 0 0 0 0 1 0 0
50	11	0 1 0 0 1 0 1 0 0 0 0 0 0 0 0 0
50	24	0 0 0 0 1 0 0 0 0 0 1 0 0 1 0 0
50	10	0 0 0 0 1 0 0 0 1 1 0 0 0 0 0 0
50	31	0 1 0 0 1 0 0 1 0 0 0 0 0 0 0 0
50	8	0 0 0 0 1 0 1 1 0 0 0 0 0 0 0 0
50	6	0 0 0 0 1 0 0 0 0 0 0 0 0 1 0 0
50	9	1 0 0 0 0 0 0 0 0 1 0 0 0 0 0 0
50	7	0 0 1 0 0 0 0 0 1 0 0 0 0 0 0 0
50	3	0 0 1 0 1 1 0 0 0 0 0 0 0 0 0 0
50	8	0 0 1 0 0 1 0 0 0 0 1 0 0 1 0 0
50	4	0 0 0 1 1 0 0 0 0 0 1 1 0 1 0 0
50	7	0 0 0 0 1 0 0 1 1 0 0 0 0 0 0 0
50	3	1 0 0 0 0 0 0 0 0 0 0 1 0 0 0 0
50	2	0 0 0 0 0 0 0 0 0 0 1 1 0 1 0 0
50	7	0 0 0 1 0 0 1 0 0 0 0 0 0 0 0 0
50	5	0 0 0 1 0 0 0 0 0 0 1 1 0 0 0 0
50	12	0 0 0 0 1 0 0 0 1 0 0 0 1 0 1 0
50	1	0 0 0 0 0 0 0 0 1 1 0 0 0 1 1 0
50	1	0 0 0 0 0 0 0 0 1 1 0 0 1 0 0 0
50	3	0 0 1 0 0 0 0 0 1 0 1 0 0 1 0 0
50	2	1 1 0 0 0 0 0 0 0 0 0 0 1 0 0 0
50	1	0 0 1 0 0 0 1 0 0 0 1 0 0 1 0 0
50	2	0 0 0 1 0 0 0 0 1 0 0 1 0 0 0 0
50	3	0 0 1 0 0 0 0 0 0 0 0 0 0 0 0 0
50	3	0 0 0 0 1 0 0 1 0 0 0 0 0 1 0 0
50	9	0 1 0 0 1 0 0 1 0 0 0 1 0 1 0 0
50	1	0 0 0 1 0 0 0 0 0 0 0 0 0 0 0 0
50	1	0 0 0 0 1 0 0 0 0 0 1 0 0 1 0 1
50	2	0 0 0 0 0 0 0 0 0 0 1 0 0 1 0 1
50	3	0 0 1 0 1 0 1 0 0 0 0 0 0 0 0 0
50	1	0 0 0 0 0 0 0 0 1 0 0 0 0 1 0 1
50	1	0 0 0 0 1 0 0 1 0 0 1 0 0 1 0 0
50	3	0 0 0 0 1 0 0 0 0 0 1 0 0 1 1 0
50	3	1 1 0 0 0 0 0 0 0 1 0 0 0 0 0 0
50	4	0 0 0 0 1 0 0 0 0 0 1 1 0 0 0 0
50	1	0 0 1 0 0 0 0 1 0 0 0 0 0 0 0 0
50	2	0 0 1 0 0 0 0 0 0 0 0 0 0 1 0 0
50	2	1 0 1 0 0 0 0 0 0 0 1 0 0 1 0 1
50	3	0 0 1 0 1 0 0 0 1 0 1 0 0 1 0 0
50	1	1 0 0 0 1 0 0 0 1 0 1 0 1 0 0 0
50	1	0 0 1 0 0 0 1 0 0 0 0 0 1 0 1 0
50	2	0 0 0 1 0 0 0 0 0 0 1 0 0 1 0 0
50	1	0 0 0 0 0 0 1 0 0 0 0 0 0 1 0 0
50	1	0 0 0 0 1 0 0 0 0 1 0 0 0 0 0 0
50	1	1 0 0 0 1 0 0 1 0 0 0 0 0 0 0 0
50	2	0 0 1 0 1 0 0 0 0 1 0 0 0 1 0 0
50	1	0 1 1 0 0 0 0 0 0 0 1 0 0 1 0 0
50	1	0 0 1 0 0 0 0 0 0 0 1 0 1 1 0 0
50	1	0 0 0 0 1 1 1 1 0 0 0 0 0 0 0 0
60	9	0 0 0 0 1 0 0 0 0 0 0 0 0 0 0 0
60	5	0 0 0 0 0 0 0 0 0 0 1 0 0 0 0 0
60	99	0 0 0 0 0 0 0 0 0 0 0 0 0 0 0 0
60	20	0 0 0 0 0 0 0 0 1 0 0 0 0 0 0 0
60	12	0 0 1 0 1 0 0 0 0 0 0 0 0 0 0 0
60	6	0 0 0 0 1 0 0 0 1 0 0 0 0 0 0 0
60	7	0 0 0 0 0 0 0 0 0 0 0 0 1 0 0 0
60	6	0 0 0 0 0 0 0 0 0 0 0 0 0 0 0 1
60	4	0 0 0 0 0 0 0 0 1 0 1 0 0 0 0 0
60	9	0 1 0 0 0 0 0 0 0 0 0 0 0 0 0 0
60	53	0 0 0 0 1 0 0 1 0 0 0 0 0 0 0 0
60	16	0 0 1 0 0 0 0 0 1 0 0 0 0 0 1 0
60	11	0 0 1 0 1 0 0 0 0 0 0 0 0 1 0 0
60	6	0 1 0 0 0 0 0 0 0 0 1 0 0 0 0 0
60	4	0 0 0 0 0 0 0 1 0 0 0 0 0 0 0 0
60	87	0 0 1 0 0 0 0 0 0 0 1 0 0 1 0 0
60	38	0 0 0 0 1 0 0 0 0 0 0 1 0 1 0 0
60	22	0 0 0 0 0 0 0 0 0 0 1 0 0 1 0 0
60	12	0 0 0 0 0 0 0 0 1 0 0 0 0 1 0 0
60	2	0 0 0 1 1 0 0 0 0 0 1 0 0 1 0 0
60	27	0 1 0 0 1 0 0 0 0 0 0 0 0 0 0 0
60	16	0 0 0 0 0 0 0 0 1 0 1 1 0 0 0 0
60	23	1 1 0 0 0 0 0 0 0 0 0 0 0 0 0 0
60	3	0 0 1 0 0 0 0 0 0 0 1 0 0 1 0 1
60	24	0 0 0 0 0 0 0 0 0 0 0 0 0 1 0 0
60	25	0 0 1 0 0 0 0 0 0 0 0 0 1 0 0 0
60	8	0 0 0 0 1 0 0 1 0 0 0 1 0 1 0 0
60	38	0 0 0 0 1 0 0 0 0 0 1 1 0 1 0 0
60	3	0 0 0 1 1 0 0 1 0 0 0 0 1 0 0 0
60	37	0 0 0 0 0 0 1 0 0 0 0 0 0 0 0 0
60	37	0 0 1 0 1 0 0 1 0 0 0 0 0 0 0 0
60	4	0 0 1 1 1 0 0 0 0 0 0 0 0 1 0 0
60	22	0 1 0 0 1 0 1 0 0 0 0 0 0 0 0 0
60	26	0 0 0 0 1 0 0 0 0 0 1 0 0 1 0 0
60	14	0 0 0 0 1 0 0 0 1 1 0 0 0 0 0 0
60	29	0 1 0 0 1 0 0 1 0 0 0 0 0 0 0 0
60	5	0 0 0 0 1 0 1 1 0 0 0 0 0 0 0 0
60	1	0 0 0 0 1 0 0 0 0 0 0 0 0 1 0 0
60	12	1 0 0 0 0 0 0 0 0 1 0 0 0 0 0 0
60	20	0 0 1 0 0 0 0 0 1 0 0 0 0 0 0 0
60	14	0 0 0 1 1 0 0 0 0 0 1 1 0 1 0 0
60	13	0 0 0 0 1 0 0 1 1 0 0 0 0 0 0 0
60	4	1 0 0 0 0 0 0 0 0 0 0 1 0 0 0 0
60	5	0 0 0 1 0 0 1 0 0 0 0 0 0 0 0 0
60	1	0 0 0 1 0 0 0 0 0 0 1 1 0 0 0 0
60	8	0 0 1 0 0 0 0 0 1 0 1 0 0 1 0 0
60	4	0 0 1 0 0 0 0 0 0 0 0 0 0 0 0 0
60	12	0 1 0 0 1 0 0 1 0 0 0 1 0 1 0 0
60	14	0 0 1 0 0 0 0 0 0 0 0 0 0 1 0 0
60	2	0 0 1 0 1 0 0 0 0 1 0 0 0 1 0 0
60	3	0 0 0 0 1 0 0 1 0 0 0 1 0 0 0 0
60	2	1 0 0 0 0 0 0 0 0 0 0 0 0 0 0 0
60	6	0 0 1 0 0 0 0 0 1 0 0 0 1 0 0 0
60	1	0 0 0 1 1 0 1 0 0 0 1 0 0 1 0 0
60	3	0 0 0 1 1 1 0 1 0 0 0 0 1 0 0 0
60	7	0 0 1 0 1 1 0 1 0 0 0 0 0 0 0 0
60	6	0 0 0 1 1 0 0 0 0 0 1 0 0 0 0 0
60	1	0 0 0 0 0 0 0 0 1 0 1 0 0 1 0 0
60	7	0 0 0 0 1 0 0 0 0 1 1 1 0 1 0 0
60	16	1 0 0 0 1 0 0 1 0 0 0 0 0 0 0 0
60	2	0 1 0 0 1 0 0 0 0 0 0 0 0 0 0 1
60	7	0 0 0 0 1 0 1 0 1 1 0 0 0 0 0 0
60	1	0 1 1 0 1 0 0 1 0 0 0 1 0 1 0 0
60	4	0 0 0 1 0 0 0 0 0 0 1 0 0 1 0 0
60	2	0 0 0 0 0 0 1 0 0 0 1 1 0 1 0 0
60	1	0 0 0 0 1 0 1 0 0 0 0 0 0 0 0 0
60	7	0 0 0 0 1 0 0 0 0 0 0 0 0 0 1 0
60	3	0 1 0 1 0 0 0 0 0 0 1 1 0 0 0 0
60	4	0 0 0 0 0 0 0 0 0 0 1 0 1 0 0 0
60	5	0 1 0 0 1 0 0 0 0 0 1 0 0 1 0 0
60	2	0 0 0 0 1 0 0 0 1 0 0 0 0 1 0 0
60	3	0 1 0 0 0 0 0 0 0 0 0 0 0 1 0 0
60	1	0 1 0 0 1 0 1 0 0 0 0 0 1 0 0 0
60	4	0 1 1 0 1 0 1 0 0 0 0 0 0 0 0 0
60	2	0 0 0 1 0 0 0 0 0 0 0 0 0 1 0 0
60	1	0 0 1 0 0 0 0 0 1 0 1 1 0 0 0 0
60	1	1 0 0 0 1 0 0 0 0 0 1 1 0 1 0 0
60	1	0 0 1 0 1 0 0 1 0 0 0 1 0 0 0 0
60	4	0 0 1 0 1 0 0 1 1 0 0 0 0 0 0 0
60	1	0 0 1 1 1 0 0 0 0 0 0 0 0 0 0 0
60	1	0 0 0 0 1 0 0 0 0 0 0 1 0 0 0 0
60	1	0 0 0 0 0 1 0 0 0 0 0 0 0 0 0 0
60	2	0 1 0 0 0 0 0 0 1 0 1 1 0 0 0 0
60	1	1 0 0 0 0 0 0 0 0 0 0 0 0 1 0 0
60	2	0 0 0 0 0 0 0 1 0 0 0 0 0 1 0 0
60	2	0 0 1 0 1 0 0 1 0 0 0 1 0 1 0 0
60	1	0 0 0 0 1 0 0 0 0 0 1 1 0 1 0 1
60	2	0 0 0 1 1 0 1 1 0 0 0 0 1 0 0 0
60	1	0 0 1 0 0 0 0 0 1 0 1 0 0 1 0 1
70	2	0 0 0 0 1 0 0 0 0 0 0 0 0 0 0 0
70	45	0 0 0 0 0 0 0 0 0 0 0 0 0 0 0 0
70	4	0 0 0 0 0 0 0 0 1 0 0 0 0 0 0 0
70	3	0 0 1 0 1 0 0 0 0 0 0 0 0 0 0 0
70	4	0 0 0 0 0 0 0 0 0 0 0 0 1 0 0 0
70	2	0 0 0 0 0 0 0 0 0 0 0 0 0 0 0 1
70	56	0 0 0 0 1 0 0 1 0 0 0 0 0 0 0 0
70	21	0 0 1 0 0 0 0 0 1 0 0 0 0 0 1 0
70	1	0 0 1 0 1 0 0 0 0 0 0 0 0 1 0 0
70	4	0 1 0 0 0 0 0 0 0 0 1 0 0 0 0 0
70	6	0 0 0 0 0 0 0 1 0 0 0 0 0 0 0 0
70	118	0 0 1 0 0 0 0 0 0 0 1 0 0 1 0 0
70	19	0 0 0 0 1 0 0 0 0 0 0 1 0 1 0 0
70	11	0 0 0 0 0 0 0 0 0 0 1 0 0 1 0 0
70	1	0 0 0 0 0 0 0 0 1 0 0 0 0 1 0 0
70	2	0 0 0 1 1 0 0 0 0 0 1 0 0 1 0 0
70	26	0 1 0 0 1 0 0 0 0 0 0 0 0 0 0 0
70	4	0 0 0 0 0 0 0 0 1 0 1 1 0 0 0 0
70	5	1 1 0 0 0 0 0 0 0 0 0 0 0 0 0 0
70	7	0 0 1 0 0 0 0 0 0 0 1 0 0 1 0 1
70	15	0 0 0 0 0 0 0 0 0 0 0 0 0 1 0 0
70	10	0 0 1 0 0 0 0 0 0 0 0 0 1 0 0 0
70	1	0 0 0 0 1 0 0 1 0 0 0 1 0 1 0 0
70	40	0 0 0 0 1 0 0 0 0 0 1 1 0 1 0 0
70	11	0 0 0 1 1 0 0 1 0 0 0 0 1 0 0 0
70	51	0 0 0 0 0 0 1 0 0 0 0 0 0 0 0 0
70	94	0 0 1 0 1 0 0 1 0 0 0 0 0 0 0 0
70	45	0 1 0 0 1 0 1 0 0 0 0 0 0 0 0 0
70	10	0 0 0 0 1 0 0 0 0 0 1 0 0 1 0 0
70	21	0 1 0 0 1 0 0 1 0 0 0 0 0 0 0 0
70	18	1 0 0 0 0 0 0 0 0 1 0 0 0 0 0 0
70	10	0 0 1 0 0 0 0 0 1 0 0 0 0 0 0 0
70	20	0 0 0 0 1 0 0 1 1 0 0 0 0 0 0 0
70	10	0 0 0 1 0 0 1 0 0 0 0 0 0 0 0 0
70	1	0 0 1 0 0 0 0 0 1 0 1 0 0 1 0 0
70	17	0 0 1 0 0 0 0 0 0 0 0 0 0 0 0 0
70	8	0 1 0 0 1 0 0 1 0 0 0 1 0 1 0 0
70	30	0 0 1 0 0 0 0 0 0 0 0 0 0 1 0 0
70	3	0 0 1 0 1 0 0 0 0 1 0 0 0 1 0 0
70	2	0 0 1 0 0 0 0 0 1 0 0 0 1 0 0 0
70	6	0 0 1 0 1 1 0 1 0 0 0 0 0 0 0 0
70	3	0 0 0 1 1 0 0 0 0 0 1 0 0 0 0 0
70	18	0 0 0 0 1 0 0 0 0 1 1 1 0 1 0 0
70	20	1 0 0 0 1 0 0 1 0 0 0 0 0 0 0 0
70	7	0 0 0 0 1 0 1 0 1 1 0 0 0 0 0 0
70	3	0 0 0 0 1 0 0 0 0 0 0 0 0 0 1 0
70	2	0 1 0 1 0 0 0 0 0 0 1 1 0 0 0 0
70	6	0 0 0 0 0 0 0 0 0 0 1 0 1 0 0 0
70	5	0 1 0 0 1 0 0 0 0 0 1 0 0 1 0 0
70	8	0 0 0 0 1 0 0 0 0 0 0 1 0 0 0 0
70	1	0 0 0 0 0 0 0 1 0 0 0 0 0 1 0 0
70	7	0 0 0 1 0 0 0 0 0 0 0 0 0 0 0 0
70	11	0 0 0 0 1 0 0 1 0 0 0 0 0 0 0 1
70	5	0 0 1 0 0 0 0 0 0 0 1 0 0 0 0 0
70	3	1 1 0 0 0 0 1 0 0 0 0 0 0 0 0 0
70	2	0 0 1 1 1 0 0 1 0 0 0 0 0 0 0 0
70	2	0 0 0 0 1 0 0 1 0 0 0 0 0 1 0 0
70	1	0 0 0 0 0 0 0 0 0 0 0 1 0 1 0 0
70	18	1 0 1 0 1 0 0 1 0 0 0 0 0 0 0 0
70	3	0 0 0 0 0 0 0 0 0 1 0 0 0 0 0 0
70	16	0 0 0 0 1 0 0 1 0 0 1 0 0 1 0 0
70	8	0 0 1 0 1 0 0 1 0 1 0 0 0 0 0 0
70	5	0 0 1 1 1 0 0 0 0 0 1 1 0 1 0 0
70	5	0 0 1 1 1 1 0 1 0 0 0 0 0 0 0 0
70	1	0 0 0 0 1 0 0 0 0 0 1 1 0 0 0 0
70	2	0 0 0 1 1 0 0 1 0 0 0 0 0 0 0 0
70	3	0 0 0 0 0 0 0 0 1 0 1 0 0 1 0 0
70	1	0 0 0 0 1 0 0 1 0 0 1 1 0 1 0 0
70	4	0 1 0 0 1 0 0 1 0 0 0 0 0 0 1 0
70	2	1 0 0 0 1 0 0 1 0 0 1 0 0 0 0 0
70	5	0 1 0 0 1 1 0 0 0 0 1 0 0 1 0 0
70	2	0 0 0 0 0 0 1 0 1 0 1 1 0 0 0 0
70	2	0 0 1 1 1 1 0 0 0 0 0 1 0 0 0 0
70	7	0 0 1 0 1 0 0 1 0 0 0 0 0 0 1 0
70	3	0 0 0 0 1 1 0 0 0 0 0 0 0 0 0 0
70	1	0 0 0 0 1 0 0 0 0 0 0 0 0 1 0 0
70	2	0 0 0 0 1 0 0 1 1 0 0 0 0 0 0 1
70	4	0 0 0 0 0 0 1 0 0 0 0 0 0 1 0 0
70	2	0 0 0 0 1 0 1 0 1 1 0 0 1 0 0 0
70	1	0 1 0 0 1 0 0 0 0 0 1 1 0 1 0 0
70	1	0 0 0 0 1 0 1 0 0 0 0 0 0 0 0 0
70	2	0 0 0 0 1 0 0 0 1 0 0 0 1 0 0 0
70	2	0 0 0 0 0 0 1 0 1 0 0 0 0 1 0 0
70	2	0 1 0 0 1 0 0 0 0 0 0 0 0 0 1 0
70	2	0 1 0 0 0 0 1 0 0 0 0 0 0 0 0 0
70	2	0 1 0 0 1 0 1 0 0 0 0 0 0 0 1 0
70	1	0 1 0 0 1 0 1 0 0 0 0 0 0 1 0 0
70	1	0 1 0 1 1 0 0 1 0 0 0 0 0 0 0 0
70	3	0 1 0 0 1 0 0 1 0 0 0 1 0 0 1 0
70	4	0 0 1 1 1 0 0 0 0 0 0 1 0 0 0 0
70	1	0 0 1 0 1 0 0 0 0 0 1 1 0 1 0 0
70	1	0 0 0 0 0 0 0 0 0 0 0 1 0 0 0 0
70	1	0 0 0 0 1 0 0 1 0 0 1 0 0 0 0 0
70	2	0 0 0 0 0 0 0 0 0 0 1 0 1 1 0 0
70	1	0 1 0 0 0 0 0 0 1 0 0 0 0 1 0 0
70	1	0 0 0 1 0 0 0 0 0 0 0 0 0 1 0 0
70	1	0 0 1 0 1 0 0 1 0 0 0 0 0 1 0 0
70	1	0 1 0 0 1 0 1 0 0 0 0 0 1 0 0 0
70	1	0 0 0 0 0 0 0 1 1 0 0 0 0 0 0 0
70	2	0 0 0 0 1 0 0 1 1 0 0 1 0 0 0 0
70	1	0 1 0 0 1 0 0 1 0 0 0 0 0 1 0 0
70	1	0 0 0 0 1 0 0 0 0 1 0 1 0 1 0 0
70	1	0 0 0 0 1 0 0 1 0 1 0 0 0 0 0 0
80	11	0 0 0 0 0 0 0 0 0 0 0 0 0 0 0 0
80	3	0 0 0 0 0 0 0 0 1 0 0 0 0 0 0 0
80	50	0 0 0 0 1 0 0 1 0 0 0 0 0 0 0 0
80	3	0 0 1 0 0 0 0 0 1 0 0 0 0 0 1 0
80	22	0 0 0 0 0 0 0 1 0 0 0 0 0 0 0 0
80	70	0 0 1 0 0 0 0 0 0 0 1 0 0 1 0 0
80	5	0 0 0 0 1 0 0 0 0 0 0 1 0 1 0 0
80	13	0 0 0 0 0 0 0 0 0 0 1 0 0 1 0 0
80	11	0 1 0 0 1 0 0 0 0 0 0 0 0 0 0 0
80	1	0 0 0 0 0 0 0 0 1 0 1 1 0 0 0 0
80	3	1 1 0 0 0 0 0 0 0 0 0 0 0 0 0 0
80	8	0 0 1 0 0 0 0 0 0 0 1 0 0 1 0 1
80	6	0 0 0 0 0 0 0 0 0 0 0 0 0 1 0 0
80	20	0 0 1 0 0 0 0 0 0 0 0 0 1 0 0 0
80	45	0 0 0 0 1 0 0 0 0 0 1 1 0 1 0 0
80	18	0 0 0 0 0 0 1 0 0 0 0 0 0 0 0 0
80	149	0 0 1 0 1 0 0 1 0 0 0 0 0 0 0 0
80	55	0 1 0 0 1 0 1 0 0 0 0 0 0 0 0 0
80	6	0 0 0 0 1 0 0 0 0 0 1 0 0 1 0 0
80	15	0 1 0 0 1 0 0 1 0 0 0 0 0 0 0 0
80	3	1 0 0 0 0 0 0 0 0 1 0 0 0 0 0 0
80	7	0 0 1 0 0 0 0 0 1 0 0 0 0 0 0 0
80	3	0 0 0 0 1 0 0 1 1 0 0 0 0 0 0 0
80	32	0 0 1 0 0 0 0 0 0 0 0 0 0 0 0 0
80	5	0 1 0 0 1 0 0 1 0 0 0 1 0 1 0 0
80	27	0 0 1 0 0 0 0 0 0 0 0 0 0 1 0 0
80	4	0 0 1 0 1 0 0 0 0 1 0 0 0 1 0 0
80	3	0 0 1 0 1 1 0 1 0 0 0 0 0 0 0 0
80	3	0 0 0 1 1 0 0 0 0 0 1 0 0 0 0 0
80	3	0 0 0 0 1 0 0 0 0 1 1 1 0 1 0 0
80	33	1 0 0 0 1 0 0 1 0 0 0 0 0 0 0 0
80	9	0 1 0 0 1 0 0 0 0 0 1 0 0 1 0 0
80	38	0 0 0 1 0 0 0 0 0 0 0 0 0 0 0 0
80	8	0 0 0 0 1 0 0 1 0 0 0 0 0 0 0 1
80	102	1 0 1 0 1 0 0 1 0 0 0 0 0 0 0 0
80	15	0 0 0 0 1 0 0 1 0 0 1 0 0 1 0 0
80	10	0 0 1 0 1 0 0 1 0 1 0 0 0 0 0 0
80	5	0 0 1 1 1 0 0 0 0 0 1 1 0 1 0 0
80	24	0 0 1 1 1 1 0 1 0 0 0 0 0 0 0 0
80	2	0 0 0 0 1 0 0 0 0 0 1 1 0 0 0 0
80	1	0 0 1 0 1 0 0 1 0 0 0 0 0 0 1 0
80	11	0 0 0 0 1 0 1 0 1 1 0 0 1 0 0 0
80	8	0 0 0 0 1 0 1 0 0 0 0 0 0 0 0 0
80	2	0 1 0 0 0 0 1 0 0 0 0 0 0 0 0 0
80	11	0 1 0 0 1 0 1 0 0 0 0 0 0 0 1 0
80	4	0 0 0 0 1 0 0 1 1 0 0 1 0 0 0 0
80	1	0 0 0 0 1 0 0 1 0 1 0 0 0 0 0 0
80	2	0 0 0 0 0 0 1 0 0 1 0 0 0 0 0 0
80	3	0 0 1 0 0 0 0 1 0 0 0 0 0 1 0 0
80	5	0 0 0 0 0 0 0 0 1 0 1 1 0 0 0 1
80	6	0 0 0 0 1 0 0 1 1 1 0 0 0 0 0 0
80	3	0 1 0 0 1 0 0 1 1 0 0 0 0 0 0 0
80	3	0 0 1 0 0 0 0 0 1 0 0 0 1 0 1 0
80	2	0 1 1 0 1 0 0 1 0 0 0 0 0 0 0 0
80	3	0 0 1 0 0 0 0 1 0 0 0 0 0 0 0 0
80	3	0 0 1 0 0 1 0 0 0 0 0 0 0 1 0 0
80	1	0 0 1 0 1 0 0 0 0 1 0 0 0 1 0 1
80	2	0 0 0 0 1 0 0 0 0 0 0 0 0 1 0 0
80	2	0 0 0 0 0 0 0 0 0 0 0 1 0 0 0 0
80	9	1 0 1 0 1 0 0 1 1 0 0 0 0 0 0 0
80	4	0 1 0 0 0 0 0 1 0 0 0 0 0 0 1 0
80	5	0 0 0 0 1 0 0 1 0 0 0 0 0 1 0 0
80	1	0 0 1 0 1 1 0 1 0 0 0 0 0 1 0 0
80	3	0 0 1 0 0 0 0 1 1 0 0 0 0 0 1 0
80	9	1 0 1 0 1 0 0 1 0 1 0 0 0 0 0 0
80	1	0 1 0 0 1 0 0 1 0 0 0 1 0 0 0 0
80	1	0 0 0 0 1 0 0 0 0 0 1 1 0 1 0 1
80	7	0 0 0 1 1 0 0 0 0 0 1 1 0 0 0 0
80	3	1 0 1 1 1 1 0 1 0 0 0 0 0 0 0 0
80	1	0 0 0 0 1 0 0 1 1 0 0 1 0 1 0 0
80	5	1 0 0 1 1 0 0 1 0 0 0 0 0 0 0 0
80	1	1 0 1 0 1 0 0 1 0 0 0 0 0 0 0 1
80	2	0 0 1 0 0 0 0 1 0 0 0 0 0 0 1 0
80	1	0 1 1 0 1 0 1 0 0 0 0 0 0 0 0 0
80	2	0 0 0 0 0 0 0 0 0 0 1 0 0 0 0 0
80	1	0 0 0 0 0 0 0 0 0 0 0 0 1 0 0 0
80	3	0 0 0 1 0 0 1 0 0 0 0 0 0 0 0 0
80	2	0 1 0 1 1 0 0 1 0 0 0 0 0 0 0 0
80	4	1 0 1 0 1 0 0 1 0 0 1 0 0 0 0 0
80	3	0 0 0 0 1 0 1 0 0 0 1 1 0 0 0 0
80	1	1 0 0 0 1 0 0 1 0 1 0 0 0 0 0 0
80	2	0 0 0 0 1 0 0 0 0 0 0 0 1 0 0 0
80	2	1 0 1 0 1 0 0 1 0 0 0 0 0 1 0 0
80	1	0 0 0 0 0 0 0 1 0 0 0 0 0 0 1 0
80	1	0 0 1 0 0 0 1 0 0 0 1 0 0 1 0 0
80	1	0 1 0 0 1 0 0 0 0 0 0 1 0 1 0 0
80	1	0 0 0 0 1 0 1 0 0 1 0 0 0 0 0 0
90	2	0 0 0 0 0 0 0 0 0 0 0 0 0 0 0 0
90	62	0 0 0 0 1 0 0 1 0 0 0 0 0 0 0 0
90	3	0 0 1 0 0 0 0 0 1 0 0 0 0 0 1 0
90	6	0 0 0 0 0 0 0 1 0 0 0 0 0 0 0 0
90	24	0 0 1 0 0 0 0 0 0 0 1 0 0 1 0 0
90	5	0 0 0 0 1 0 0 0 0 0 0 1 0 1 0 0
90	3	0 1 0 0 1 0 0 0 0 0 0 0 0 0 0 0
90	4	0 0 0 0 0 0 0 0 0 0 0 0 0 1 0 0
90	2	0 0 1 0 0 0 0 0 0 0 0 0 1 0 0 0
90	31	0 0 0 0 1 0 0 0 0 0 1 1 0 1 0 0
90	22	0 0 0 0 0 0 1 0 0 0 0 0 0 0 0 0
90	124	0 0 1 0 1 0 0 1 0 0 0 0 0 0 0 0
90	25	0 1 0 0 1 0 1 0 0 0 0 0 0 0 0 0
90	33	0 1 0 0 1 0 0 1 0 0 0 0 0 0 0 0
90	8	1 0 0 0 0 0 0 0 0 1 0 0 0 0 0 0
90	3	0 0 1 0 0 0 0 0 1 0 0 0 0 0 0 0
90	22	0 0 1 0 0 0 0 0 0 0 0 0 0 0 0 0
90	5	0 1 0 0 1 0 0 1 0 0 0 1 0 1 0 0
90	27	0 0 1 0 0 0 0 0 0 0 0 0 0 1 0 0
90	27	0 0 1 0 1 1 0 1 0 0 0 0 0 0 0 0
90	2	0 0 0 1 1 0 0 0 0 0 1 0 0 0 0 0
90	77	1 0 0 0 1 0 0 1 0 0 0 0 0 0 0 0
90	34	0 0 0 1 0 0 0 0 0 0 0 0 0 0 0 0
90	100	1 0 1 0 1 0 0 1 0 0 0 0 0 0 0 0
90	5	0 0 0 0 1 0 0 1 0 0 1 0 0 1 0 0
90	15	0 0 1 0 1 0 0 1 0 1 0 0 0 0 0 0
90	10	0 0 1 1 1 0 0 0 0 0 1 1 0 1 0 0
90	12	0 0 1 1 1 1 0 1 0 0 0 0 0 0 0 0
90	28	0 0 0 0 1 0 1 0 1 1 0 0 1 0 0 0
90	17	0 0 0 0 1 0 1 0 0 0 0 0 0 0 0 0
90	9	0 0 0 0 1 0 0 1 1 0 0 1 0 0 0 0
90	11	0 0 1 0 0 0 0 1 0 0 0 0 0 1 0 0
90	2	0 0 0 0 0 0 0 0 1 0 1 1 0 0 0 1
90	2	0 1 0 0 1 0 0 1 1 0 0 0 0 0 0 0
90	17	0 1 1 0 1 0 0 1 0 0 0 0 0 0 0 0
90	1	0 0 0 0 0 0 0 0 0 0 0 1 0 0 0 0
90	9	1 0 1 0 1 0 0 1 1 0 0 0 0 0 0 0
90	2	0 0 0 0 1 0 0 1 0 0 0 0 0 1 0 0
90	9	1 0 1 0 1 0 0 1 0 1 0 0 0 0 0 0
90	17	1 0 1 1 1 1 0 1 0 0 0 0 0 0 0 0
90	13	1 0 0 1 1 0 0 1 0 0 0 0 0 0 0 0
90	3	0 0 1 0 0 0 0 1 0 0 0 0 0 0 1 0
90	5	0 0 0 0 0 0 0 0 0 0 1 0 0 0 0 0
90	4	0 0 0 1 0 0 1 0 0 0 0 0 0 0 0 0
90	1	0 1 0 1 1 0 0 1 0 0 0 0 0 0 0 0
90	5	1 0 0 0 1 0 0 1 0 1 0 0 0 0 0 0
90	2	0 0 1 0 1 0 0 1 0 0 0 0 0 1 0 0
90	1	0 0 1 0 1 0 0 1 1 0 0 0 0 0 0 0
90	8	0 1 0 0 0 0 0 0 0 0 1 0 0 1 0 0
90	3	1 0 0 1 0 0 0 0 0 0 0 0 0 0 0 0
90	8	0 0 0 0 1 0 0 0 0 0 0 0 0 0 0 0
90	2	0 0 0 0 1 0 1 0 0 0 1 1 0 1 0 0
90	11	0 1 0 0 1 0 1 0 0 0 0 0 1 0 0 0
90	3	1 0 1 0 1 0 1 1 0 0 0 0 0 0 0 0
90	1	0 0 1 1 1 1 0 1 0 0 0 0 1 0 0 0
90	2	0 0 1 1 1 0 0 1 0 0 0 0 0 0 0 0
90	5	1 1 0 0 1 0 1 0 0 0 0 0 0 0 0 0
90	5	0 0 0 0 1 0 1 0 0 0 0 0 0 0 1 0
90	16	0 1 0 1 0 0 1 0 0 0 0 0 0 0 0 0
90	12	1 0 0 1 0 0 0 1 0 0 0 0 0 0 0 0
90	1	0 0 0 0 1 0 0 1 1 0 1 1 0 1 0 0
90	6	0 0 0 0 1 0 0 1 1 1 1 0 0 1 0 0
90	1	0 1 0 0 1 0 1 0 0 0 0 0 0 0 0 1
90	1	0 1 1 0 0 0 0 0 0 0 0 0 0 1 0 0
90	1	0 0 0 0 1 0 1 0 1 1 0 0 1 0 0 1
90	1	0 0 1 0 1 0 0 0 0 0 1 0 0 1 0 0
90	3	0 0 1 1 1 0 0 0 0 0 0 1 0 1 0 0
90	3	0 0 1 0 1 0 1 0 1 1 0 0 1 0 0 0
90	5	0 0 0 0 1 0 0 1 1 0 1 1 0 0 0 0
90	2	0 0 0 1 0 0 0 0 0 0 1 0 0 1 0 0
90	3	0 1 1 0 1 1 0 1 0 0 0 0 0 0 0 0
90	5	1 1 1 0 1 0 0 1 0 0 0 0 0 0 0 0
90	2	1 0 0 0 1 0 0 1 0 0 1 0 0 1 0 0
90	2	1 0 1 0 1 0 0 1 0 0 0 0 1 0 0 0
90	1	0 1 0 0 1 0 0 1 1 0 0 0 1 0 0 0
90	3	0 0 1 0 1 0 0 1 0 0 0 0 0 0 1 0
90	1	0 1 0 0 1 0 1 0 0 0 1 0 0 0 0 0
90	1	0 0 0 1 1 0 0 0 0 0 0 0 0 0 0 0
90	3	1 0 1 0 1 0 0 1 1 1 0 0 0 0 0 0
90	1	1 1 1 1 1 1 0 1 0 0 0 0 0 0 0 0
90	3	0 1 0 0 0 0 0 0 0 0 0 0 0 1 0 0
90	5	0 1 0 1 0 0 0 0 0 0 1 0 0 1 0 0
90	1	1 0 1 1 0 1 0 0 0 0 0 0 0 0 0 0
90	2	1 0 1 0 1 0 0 0 0 0 1 0 0 1 0 0
90	1	0 0 1 0 0 0 1 0 0 0 0 0 0 0 0 0
90	4	0 0 0 0 1 0 1 1 0 0 0 0 0 0 0 0
90	1	1 0 0 0 0 0 0 1 0 0 0 0 0 0 0 0
90	1	0 0 1 0 1 1 0 1 0 0 0 0 0 0 0 1
90	1	0 0 1 0 1 1 1 1 0 0 0 0 0 0 0 0
90	3	1 0 1 0 1 0 0 1 0 0 0 0 0 0 0 1
90	1	0 0 1 1 1 1 0 1 0 1 0 0 0 0 0 0
90	1	1 0 1 1 1 1 0 1 0 0 0 0 0 1 0 0
90	1	0 0 1 0 1 0 0 1 0 0 1 0 0 1 0 0
90	2	0 0 0 0 1 0 0 1 1 0 1 1 1 1 0 0
100	49	0 0 0 0 1 0 0 1 0 0 0 0 0 0 0 0
100	2	0 0 1 0 0 0 0 0 1 0 0 0 0 0 1 0
100	32	0 0 0 0 0 0 0 1 0 0 0 0 0 0 0 0
100	13	0 0 1 0 0 0 0 0 0 0 1 0 0 1 0 0
100	6	0 0 0 0 1 0 0 0 0 0 0 1 0 1 0 0
100	1	0 0 0 0 0 0 0 0 0 0 0 0 0 1 0 0
100	21	0 0 1 0 0 0 0 0 0 0 0 0 1 0 0 0
100	19	0 0 0 0 1 0 0 0 0 0 1 1 0 1 0 0
100	22	0 0 0 0 0 0 1 0 0 0 0 0 0 0 0 0
100	147	0 0 1 0 1 0 0 1 0 0 0 0 0 0 0 0
100	29	0 1 0 0 1 0 1 0 0 0 0 0 0 0 0 0
100	71	0 1 0 0 1 0 0 1 0 0 0 0 0 0 0 0
100	3	1 0 0 0 0 0 0 0 0 1 0 0 0 0 0 0
100	4	0 0 1 0 0 0 0 0 0 0 0 0 0 0 0 0
100	13	0 0 1 0 0 0 0 0 0 0 0 0 0 1 0 0
100	22	0 0 1 0 1 1 0 1 0 0 0 0 0 0 0 0
100	44	1 0 0 0 1 0 0 1 0 0 0 0 0 0 0 0
100	15	0 0 0 1 0 0 0 0 0 0 0 0 0 0 0 0
100	95	1 0 1 0 1 0 0 1 0 0 0 0 0 0 0 0
100	18	0 0 1 0 1 0 0 1 0 1 0 0 0 0 0 0
100	9	0 0 1 1 1 0 0 0 0 0 1 1 0 1 0 0
100	15	0 0 1 1 1 1 0 1 0 0 0 0 0 0 0 0
100	12	0 0 0 0 1 0 1 0 1 1 0 0 1 0 0 0
100	14	0 0 0 0 1 0 1 0 0 0 0 0 0 0 0 0
100	17	0 1 1 0 1 0 0 1 0 0 0 0 0 0 0 0
100	29	1 0 1 0 1 0 0 1 1 0 0 0 0 0 0 0
100	5	0 0 0 0 1 0 0 1 0 0 0 0 0 1 0 0
100	2	1 0 1 0 1 0 0 1 0 1 0 0 0 0 0 0
100	7	1 0 1 1 1 1 0 1 0 0 0 0 0 0 0 0
100	3	1 0 0 1 1 0 0 1 0 0 0 0 0 0 0 0
100	7	1 0 0 0 1 0 0 1 0 1 0 0 0 0 0 0
100	6	0 0 1 0 1 0 0 1 1 0 0 0 0 0 0 0
100	18	0 1 0 0 0 0 0 0 0 0 1 0 0 1 0 0
100	4	0 0 0 0 1 0 0 0 0 0 0 0 0 0 0 0
100	7	1 1 0 0 1 0 1 0 0 0 0 0 0 0 0 0
100	18	0 1 0 1 0 0 1 0 0 0 0 0 0 0 0 0
100	6	1 0 0 1 0 0 0 1 0 0 0 0 0 0 0 0
100	1	0 1 1 0 0 0 0 0 0 0 0 0 0 1 0 0
100	1	0 0 1 1 1 0 0 0 0 0 0 1 0 1 0 0
100	5	0 0 0 0 1 0 0 1 1 0 1 1 0 0 0 0
100	12	0 0 0 1 0 0 0 0 0 0 1 0 0 1 0 0
100	26	1 1 1 0 1 0 0 1 0 0 0 0 0 0 0 0
100	8	1 0 0 0 1 0 0 1 0 0 1 0 0 1 0 0
100	2	0 0 1 0 1 0 0 1 0 0 0 0 0 0 1 0
100	2	1 0 1 0 1 0 0 1 1 1 0 0 0 0 0 0
100	3	0 0 0 0 1 0 1 1 0 0 0 0 0 0 0 0
100	8	0 0 1 0 1 1 0 1 0 0 0 0 0 0 0 1
100	17	0 0 1 1 1 1 0 1 0 1 0 0 0 0 0 0
100	8	0 0 1 0 1 0 1 1 0 0 0 0 0 0 0 0
100	2	0 0 1 0 0 1 0 0 0 0 1 0 0 1 0 0
100	2	0 0 0 0 1 0 0 1 0 1 0 0 0 0 0 0
100	5	0 1 0 0 1 0 1 0 0 0 0 0 1 0 1 0
100	1	1 0 0 1 1 0 0 0 0 0 0 0 0 0 0 0
100	5	0 0 0 0 1 1 0 1 0 0 0 0 0 0 0 0
100	1	0 0 0 0 1 0 1 0 1 1 0 0 1 0 0 1
100	2	0 0 0 0 0 0 0 1 0 0 1 0 0 1 0 0
100	5	0 0 1 0 0 1 0 0 0 0 1 0 0 1 0 1
100	1	0 1 1 0 0 0 0 0 0 0 1 0 0 1 0 0
100	5	0 0 0 0 1 0 0 1 0 0 0 1 0 1 0 0
100	6	0 0 1 0 1 0 1 0 0 0 0 0 0 0 0 0
100	1	1 0 0 0 1 0 0 1 0 0 0 1 0 0 0 0
100	2	0 0 1 0 1 0 0 1 0 0 0 0 0 1 0 0
100	8	0 0 0 1 1 0 1 0 0 0 0 0 0 0 0 0
100	6	0 0 0 0 1 0 0 1 1 0 1 0 0 0 0 0
100	2	1 0 0 1 1 1 0 1 0 0 0 0 0 0 0 0
100	1	0 0 0 0 1 0 0 1 0 0 0 1 0 0 0 0
100	6	0 0 1 0 0 0 0 0 0 0 0 1 0 1 0 0
100	2	1 0 1 0 1 1 0 1 0 0 0 0 0 0 0 0
100	6	1 0 1 0 1 0 1 1 0 0 0 0 0 0 0 0
100	3	0 1 0 0 0 0 1 1 0 0 0 0 0 0 0 0
100	1	0 0 0 0 1 0 0 0 0 0 0 1 0 1 0 1
100	2	0 0 0 0 1 0 0 0 0 0 1 1 1 1 0 0
100	2	1 0 1 0 1 0 0 1 0 0 0 0 0 0 0 1
100	3	0 0 0 0 1 0 1 0 1 1 0 0 1 0 1 0
100	3	0 1 1 0 0 0 0 1 0 0 0 0 0 0 0 0
100	2	0 0 0 0 0 0 0 0 0 0 0 0 0 0 0 0
100	1	0 0 0 0 1 0 0 1 0 0 1 0 0 1 0 0
100	4	1 1 1 0 1 0 0 1 0 1 0 0 0 0 0 0
100	2	1 0 0 0 1 0 0 1 0 1 0 0 1 0 0 0
100	3	1 1 1 0 1 0 0 1 0 0 1 0 0 0 0 0
100	2	0 0 1 0 0 0 0 1 0 0 1 0 0 1 0 0
100	1	1 0 1 0 1 0 1 1 1 0 0 0 0 0 0 0
100	1	0 1 0 1 0 0 1 0 0 0 0 0 0 0 1 0
100	1	1 0 0 0 1 0 1 1 0 0 0 0 0 0 0 0
100	2	0 0 0 1 1 1 1 0 0 0 0 0 0 0 0 0
110	28	0 0 0 0 1 0 0 1 0 0 0 0 0 0 0 0
110	48	0 0 0 0 0 0 0 1 0 0 0 0 0 0 0 0
110	10	0 0 1 0 0 0 0 0 0 0 1 0 0 1 0 0
110	2	0 0 0 0 0 0 0 0 0 0 0 0 0 1 0 0
110	5	0 0 1 0 0 0 0 0 0 0 0 0 1 0 0 0
110	4	0 0 0 0 1 0 0 0 0 0 1 1 0 1 0 0
110	3	0 0 0 0 0 0 1 0 0 0 0 0 0 0 0 0
110	133	0 0 1 0 1 0 0 1 0 0 0 0 0 0 0 0
110	8	0 1 0 0 1 0 1 0 0 0 0 0 0 0 0 0
110	60	0 1 0 0 1 0 0 1 0 0 0 0 0 0 0 0
110	8	1 0 0 0 0 0 0 0 0 1 0 0 0 0 0 0
110	8	0 0 1 0 0 0 0 0 0 0 0 0 0 0 0 0
110	1	0 0 1 0 0 0 0 0 0 0 0 0 0 1 0 0
110	7	0 0 1 0 1 1 0 1 0 0 0 0 0 0 0 0
110	26	1 0 0 0 1 0 0 1 0 0 0 0 0 0 0 0
110	54	1 0 1 0 1 0 0 1 0 0 0 0 0 0 0 0
110	4	0 0 1 0 1 0 0 1 0 1 0 0 0 0 0 0
110	11	0 0 1 1 1 0 0 0 0 0 1 1 0 1 0 0
110	31	0 0 1 1 1 1 0 1 0 0 0 0 0 0 0 0
110	9	0 0 0 0 1 0 1 0 1 1 0 0 1 0 0 0
110	22	0 1 1 0 1 0 0 1 0 0 0 0 0 0 0 0
110	27	1 0 1 0 1 0 0 1 1 0 0 0 0 0 0 0
110	10	0 0 0 0 1 0 0 1 0 0 0 0 0 1 0 0
110	5	1 0 1 1 1 1 0 1 0 0 0 0 0 0 0 0
110	1	1 0 0 0 1 0 0 1 0 1 0 0 0 0 0 0
110	8	0 0 1 0 1 0 0 1 1 0 0 0 0 0 0 0
110	5	0 1 0 0 0 0 0 0 0 0 1 0 0 1 0 0
110	5	0 0 0 0 1 0 0 0 0 0 0 0 0 0 0 0
110	37	1 1 0 0 1 0 1 0 0 0 0 0 0 0 0 0
110	18	0 1 0 1 0 0 1 0 0 0 0 0 0 0 0 0
110	9	1 0 0 1 0 0 0 1 0 0 0 0 0 0 0 0
110	10	0 1 1 0 0 0 0 0 0 0 0 0 0 1 0 0
110	6	0 0 1 1 1 0 0 0 0 0 0 1 0 1 0 0
110	3	0 0 0 1 0 0 0 0 0 0 1 0 0 1 0 0
110	85	1 1 1 0 1 0 0 1 0 0 0 0 0 0 0 0
110	6	1 0 1 0 1 0 0 1 1 1 0 0 0 0 0 0
110	24	0 0 1 1 1 1 0 1 0 1 0 0 0 0 0 0
110	15	0 0 1 0 1 0 1 1 0 0 0 0 0 0 0 0
110	9	0 0 0 0 1 1 0 1 0 0 0 0 0 0 0 0
110	2	0 0 0 0 1 0 0 1 0 0 0 1 0 1 0 0
110	3	0 0 1 0 1 0 1 0 0 0 0 0 0 0 0 0
110	1	0 0 1 0 1 0 0 1 0 0 0 0 0 1 0 0
110	6	0 0 0 1 1 0 1 0 0 0 0 0 0 0 0 0
110	4	1 0 0 1 1 1 0 1 0 0 0 0 0 0 0 0
110	1	0 0 1 0 0 0 0 0 0 0 0 1 0 1 0 0
110	14	1 0 1 0 1 0 1 1 0 0 0 0 0 0 0 0
110	10	0 1 0 0 0 0 1 1 0 0 0 0 0 0 0 0
110	11	1 0 1 0 1 0 0 1 0 0 0 0 0 0 0 1
110	3	0 0 0 0 1 0 1 0 1 1 0 0 1 0 1 0
110	5	1 1 1 0 1 0 0 1 0 1 0 0 0 0 0 0
110	8	1 1 1 0 1 0 0 1 0 0 1 0 0 0 0 0
110	5	0 1 0 1 0 0 1 0 0 0 0 0 0 0 1 0
110	2	0 0 0 1 1 1 1 0 0 0 0 0 0 0 0 0
110	3	0 1 0 0 1 0 1 0 0 0 0 0 0 0 0 1
110	8	0 1 0 0 1 0 0 1 1 0 0 0 0 0 0 0
110	6	0 0 1 0 1 1 0 1 0 1 0 0 0 0 0 0
110	2	0 0 0 1 0 0 0 0 0 0 1 0 0 1 0 1
110	2	0 1 0 0 0 0 0 1 0 0 0 0 0 0 0 0
110	2	1 0 0 0 0 0 0 0 0 0 0 0 0 0 0 0
110	10	0 0 1 0 1 0 0 0 0 0 0 0 0 0 0 0
110	1	0 0 0 0 1 1 1 0 0 0 0 0 0 0 0 0
110	1	0 0 0 0 1 0 0 1 0 0 1 0 0 0 0 0
110	3	1 0 0 0 1 1 0 1 0 0 0 0 0 0 0 0
110	4	0 0 1 0 1 0 1 0 1 1 0 0 1 0 0 0
110	7	1 0 1 0 0 0 0 1 0 0 0 0 0 0 0 0
110	1	0 0 1 1 1 0 1 0 0 0 1 1 0 1 0 0
110	2	0 0 1 0 0 0 0 0 0 0 0 0 0 0 1 0
110	2	0 0 1 0 0 0 1 0 0 0 0 0 0 0 0 0
110	9	1 1 1 0 1 0 0 1 1 0 0 0 0 0 0 0
110	1	1 0 1 1 1 1 0 1 0 1 0 0 0 0 0 0
110	1	0 0 1 1 0 0 0 0 0 0 1 0 0 1 0 0
110	4	1 1 1 0 1 0 1 0 0 0 0 0 0 0 0 1
110	2	0 0 1 1 1 0 1 0 0 0 0 0 0 0 0 0
110	3	0 0 0 0 0 0 0 1 0 0 0 0 0 0 1 0
110	2	0 0 0 0 0 0 0 1 0 0 1 0 0 0 0 0
110	5	1 0 0 0 1 0 0 1 1 0 0 0 0 0 0 0
110	5	0 1 1 0 1 0 0 1 0 0 1 0 0 0 0 0
110	3	0 1 0 1 0 0 1 1 0 0 0 0 0 0 0 0
110	1	1 1 1 0 1 0 0 1 0 1 0 0 0 0 1 0
110	2	0 1 0 1 0 0 1 0 0 1 0 0 0 0 1 0
110	4	1 0 0 0 1 1 0 1 0 0 0 0 0 1 0 0
110	4	1 0 0 0 0 0 0 1 0 0 0 0 0 0 0 0
110	3	1 1 1 0 1 0 0 1 0 0 0 0 0 0 1 0
110	1	1 1 1 0 1 0 0 0 0 0 0 0 0 0 0 0
110	6	1 0 1 0 1 0 1 1 0 1 0 0 0 0 0 0
110	4	0 0 1 0 0 0 0 1 0 0 0 0 0 0 0 0
110	1	0 1 0 0 1 0 0 0 0 0 0 0 0 0 0 0
110	1	0 0 1 0 0 0 0 0 0 0 0 0 0 1 0 1
110	3	1 0 1 0 1 0 0 0 0 0 0 0 0 0 0 0
110	3	1 1 1 0 1 0 0 1 0 0 0 0 1 0 0 0
110	2	0 1 0 0 0 0 0 0 0 0 0 0 0 0 0 0
110	2	0 1 1 0 0 0 0 0 0 0 1 0 0 1 0 0
110	1	0 0 1 0 1 0 0 1 0 0 0 0 1 0 0 0
110	1	0 0 1 1 1 1 1 1 0 0 0 0 0 0 0 0
110	1	0 0 0 0 1 0 0 0 0 0 0 0 1 0 0 0
110	2	1 1 0 0 1 0 1 0 0 0 0 0 0 0 0 1
110	1	0 1 0 1 0 0 1 0 0 1 0 0 0 0 0 0
110	1	0 0 0 1 1 0 1 0 1 0 0 0 0 0 0 0
110	3	0 0 0 1 1 1 0 0 0 0 0 0 0 0 0 0
110	2	0 0 1 0 1 1 0 1 0 1 0 0 0 0 0 1
110	3	0 0 0 0 0 0 1 1 0 0 1 0 0 0 0 0
110	1	1 0 1 0 1 0 1 0 0 0 0 0 0 0 0 0
110	2	1 1 0 0 1 0 1 0 0 0 0 0 0 1 0 0
110	1	1 1 0 0 1 0 0 1 0 0 0 0 0 0 0 0
110	3	1 1 0 0 1 0 1 0 1 0 0 0 0 0 0 0
110	3	1 0 1 0 1 0 0 1 0 0 1 0 0 1 0 0
110	2	0 0 1 1 0 0 0 0 0 0 1 1 0 1 0 0
110	1	0 1 1 0 1 0 1 1 0 0 0 0 0 0 0 0
110	2	1 0 1 0 1 0 0 0 1 0 0 0 0 0 0 0
110	2	1 0 0 0 0 0 0 0 0 0 0 0 0 0 1 0
110	2	1 1 1 0 1 0 1 1 0 0 0 0 0 0 0 1
120	10	0 0 0 0 1 0 0 1 0 0 0 0 0 0 0 0
120	14	0 0 0 0 0 0 0 1 0 0 0 0 0 0 0 0
120	1	0 0 1 0 0 0 0 0 0 0 1 0 0 1 0 0
120	17	0 0 1 0 0 0 0 0 0 0 0 0 1 0 0 0
120	5	0 0 0 0 0 0 1 0 0 0 0 0 0 0 0 0
120	114	0 0 1 0 1 0 0 1 0 0 0 0 0 0 0 0
120	24	0 1 0 0 1 0 1 0 0 0 0 0 0 0 0 0
120	29	0 1 0 0 1 0 0 1 0 0 0 0 0 0 0 0
120	7	1 0 0 0 0 0 0 0 0 1 0 0 0 0 0 0
120	13	0 0 1 0 0 0 0 0 0 0 0 0 0 1 0 0
120	15	0 0 1 0 1 1 0 1 0 0 0 0 0 0 0 0
120	24	1 0 0 0 1 0 0 1 0 0 0 0 0 0 0 0
120	62	1 0 1 0 1 0 0 1 0 0 0 0 0 0 0 0
120	2	0 0 1 0 1 0 0 1 0 1 0 0 0 0 0 0
120	16	0 0 1 1 1 1 0 1 0 0 0 0 0 0 0 0
120	1	0 0 0 0 1 0 1 0 1 1 0 0 1 0 0 0
120	22	0 1 1 0 1 0 0 1 0 0 0 0 0 0 0 0
120	28	1 0 1 0 1 0 0 1 1 0 0 0 0 0 0 0
120	2	1 0 1 1 1 1 0 1 0 0 0 0 0 0 0 0
120	3	0 0 1 0 1 0 0 1 1 0 0 0 0 0 0 0
120	11	0 1 0 0 0 0 0 0 0 0 1 0 0 1 0 0
120	43	1 1 0 0 1 0 1 0 0 0 0 0 0 0 0 0
120	6	0 1 0 1 0 0 1 0 0 0 0 0 0 0 0 0
120	5	1 0 0 1 0 0 0 1 0 0 0 0 0 0 0 0
120	13	0 1 1 0 0 0 0 0 0 0 0 0 0 1 0 0
120	18	0 0 1 1 1 0 0 0 0 0 0 1 0 1 0 0
120	95	1 1 1 0 1 0 0 1 0 0 0 0 0 0 0 0
120	16	0 0 1 1 1 1 0 1 0 1 0 0 0 0 0 0
120	12	0 0 1 0 1 0 1 1 0 0 0 0 0 0 0 0
120	11	0 0 0 0 1 1 0 1 0 0 0 0 0 0 0 0
120	8	0 0 0 1 1 0 1 0 0 0 0 0 0 0 0 0
120	7	1 0 1 0 1 0 1 1 0 0 0 0 0 0 0 0
120	19	0 1 0 0 0 0 1 1 0 0 0 0 0 0 0 0
120	2	1 0 1 0 1 0 0 1 0 0 0 0 0 0 0 1
120	7	1 1 1 0 1 0 0 1 0 1 0 0 0 0 0 0
120	24	1 1 1 0 1 0 0 1 0 0 1 0 0 0 0 0
120	5	0 1 0 1 0 0 1 0 0 0 0 0 0 0 1 0
120	1	0 1 0 0 1 0 1 0 0 0 0 0 0 0 0 1
120	6	0 1 0 0 1 0 0 1 1 0 0 0 0 0 0 0
120	17	0 0 1 0 1 1 0 1 0 1 0 0 0 0 0 0
120	2	1 0 0 0 0 0 0 0 0 0 0 0 0 0 0 0
120	28	0 0 1 0 1 0 0 0 0 0 0 0 0 0 0 0
120	1	0 0 0 0 1 1 1 0 0 0 0 0 0 0 0 0
120	8	0 0 1 0 1 0 1 0 1 1 0 0 1 0 0 0
120	8	1 0 1 0 0 0 0 1 0 0 0 0 0 0 0 0
120	2	0 0 1 0 0 0 0 0 0 0 0 0 0 0 1 0
120	2	0 0 1 0 0 0 1 0 0 0 0 0 0 0 0 0
120	3	0 0 0 0 0 0 0 1 0 0 0 0 0 0 1 0
120	4	1 0 0 0 1 0 0 1 1 0 0 0 0 0 0 0
120	7	0 1 0 1 0 0 1 1 0 0 0 0 0 0 0 0
120	1	1 1 1 0 1 0 0 1 0 0 0 0 0 0 1 0
120	9	1 1 1 0 1 0 0 0 0 0 0 0 0 0 0 0
120	2	1 0 1 0 1 0 1 1 0 1 0 0 0 0 0 0
120	4	0 0 1 0 0 0 0 1 0 0 0 0 0 0 0 0
120	10	1 0 1 0 1 0 0 0 0 0 0 0 0 0 0 0
120	6	0 1 0 0 0 0 0 0 0 0 0 0 0 0 0 0
120	5	0 1 1 0 0 0 0 0 0 0 1 0 0 1 0 0
120	3	0 0 0 1 1 1 0 0 0 0 0 0 0 0 0 0
120	3	1 1 0 0 1 0 0 1 0 0 0 0 0 0 0 0
120	13	0 0 1 1 0 0 0 0 0 0 1 1 0 1 0 0
120	3	1 0 0 0 0 0 0 0 0 0 0 0 0 0 1 0
120	2	1 1 1 0 1 0 1 1 0 0 0 0 0 0 0 1
120	10	0 0 0 0 1 0 1 0 1 1 0 0 0 0 0 0
120	9	1 0 0 0 1 0 1 1 0 0 0 0 0 0 0 0
120	7	0 0 1 1 0 0 0 0 0 0 1 1 0 0 0 0
120	6	0 1 0 1 0 0 0 0 0 0 1 0 0 1 0 0
120	7	0 0 1 1 1 0 1 1 0 0 0 0 0 0 0 0
120	4	0 0 1 1 1 1 0 0 0 0 0 0 0 0 0 0
120	2	1 0 1 0 0 0 0 0 0 0 0 0 0 0 0 0
120	4	1 1 1 0 1 1 0 1 1 0 0 0 0 0 0 0
120	8	0 1 0 0 1 0 0 1 1 0 0 0 1 0 0 0
120	5	0 0 0 1 1 1 0 1 0 1 0 0 0 0 0 0
120	5	1 0 1 0 1 0 1 1 1 1 0 0 0 0 0 0
120	1	0 0 1 0 1 1 0 1 0 0 0 0 0 0 0 1
120	1	1 0 1 0 1 0 1 1 1 0 0 0 0 0 0 0
120	1	0 1 1 1 0 0 0 0 0 0 1 1 0 0 0 0
120	3	0 1 0 1 0 0 0 0 0 0 1 0 0 0 0 0
120	1	0 1 1 0 1 0 0 1 1 0 0 0 0 0 0 0
120	2	0 1 1 0 0 0 0 0 0 0 0 0 0 0 0 0
120	6	1 0 1 0 1 0 0 1 1 0 0 0 1 0 0 0
120	6	1 0 1 0 1 0 0 1 0 1 0 0 0 0 0 0
120	2	1 0 0 0 1 1 0 1 0 0 0 0 0 1 1 0
120	3	1 0 0 0 0 0 0 1 0 0 0 0 0 0 1 0
120	7	1 1 0 1 0 0 1 0 0 0 0 0 0 0 0 0
120	2	1 0 1 0 1 0 0 0 0 0 1 0 0 1 0 0
120	4	1 0 1 0 1 0 0 1 0 0 1 0 0 0 0 0
120	1	0 0 1 0 1 0 0 1 0 0 0 0 0 0 0 1
120	1	0 1 0 0 1 0 1 0 0 0 0 0 0 0 1 0
120	3	1 1 1 0 1 1 0 1 0 0 0 0 0 0 0 0
120	1	0 0 1 0 1 1 0 0 0 1 0 0 0 0 0 0
120	2	0 1 0 0 1 0 0 0 0 0 1 1 0 1 0 0
120	2	0 0 0 1 0 0 0 1 0 0 0 0 0 0 0 0
120	1	1 1 0 0 1 0 1 0 0 0 1 0 0 0 0 0
120	8	1 1 1 1 1 0 0 1 0 0 0 0 0 0 0 0
120	2	1 0 1 0 1 0 1 1 0 0 0 0 0 0 1 0
120	3	1 0 1 0 1 0 0 1 0 0 0 0 1 0 0 1
120	1	1 1 1 0 1 0 1 1 1 0 0 0 0 0 0 0
120	1	0 1 0 0 0 0 1 1 0 0 0 0 0 0 0 1
120	2	1 0 1 0 1 1 0 1 0 1 0 0 0 0 0 0
120	1	0 0 0 0 0 0 0 1 0 1 0 0 0 0 0 0
120	2	0 1 1 1 1 0 0 0 0 0 1 1 0 1 0 0
120	1	0 0 1 0 1 0 0 1 1 0 0 1 0 0 0 0
120	1	0 0 1 1 1 1 0 1 0 0 0 0 0 0 0 1
130	2	0 0 0 0 1 0 0 1 0 0 0 0 0 0 0 0
130	9	0 0 0 0 0 0 0 1 0 0 0 0 0 0 0 0
130	125	0 0 1 0 1 0 0 1 0 0 0 0 0 0 0 0
130	29	0 1 0 0 1 0 1 0 0 0 0 0 0 0 0 0
130	13	0 1 0 0 1 0 0 1 0 0 0 0 0 0 0 0
130	6	0 0 1 0 0 0 0 0 0 0 0 0 0 1 0 0
130	12	0 0 1 0 1 1 0 1 0 0 0 0 0 0 0 0
130	30	1 0 0 0 1 0 0 1 0 0 0 0 0 0 0 0
130	36	1 0 1 0 1 0 0 1 0 0 0 0 0 0 0 0
130	14	0 0 1 1 1 1 0 1 0 0 0 0 0 0 0 0
130	10	0 1 1 0 1 0 0 1 0 0 0 0 0 0 0 0
130	22	1 0 1 0 1 0 0 1 1 0 0 0 0 0 0 0
130	35	0 1 0 0 0 0 0 0 0 0 1 0 0 1 0 0
130	36	1 1 0 0 1 0 1 0 0 0 0 0 0 0 0 0
130	3	1 0 0 1 0 0 0 1 0 0 0 0 0 0 0 0
130	21	0 1 1 0 0 0 0 0 0 0 0 0 0 1 0 0
130	14	0 0 1 1 1 0 0 0 0 0 0 1 0 1 0 0
130	100	1 1 1 0 1 0 0 1 0 0 0 0 0 0 0 0
130	8	0 0 1 1 1 1 0 1 0 1 0 0 0 0 0 0
130	7	0 0 1 0 1 0 1 1 0 0 0 0 0 0 0 0
130	1	0 0 0 0 1 1 0 1 0 0 0 0 0 0 0 0
130	29	1 0 1 0 1 0 1 1 0 0 0 0 0 0 0 0
130	29	0 1 0 0 0 0 1 1 0 0 0 0 0 0 0 0
130	13	1 1 1 0 1 0 0 1 0 0 1 0 0 0 0 0
130	1	0 1 0 1 0 0 1 0 0 0 0 0 0 0 1 0
130	17	0 1 0 0 1 0 0 1 1 0 0 0 0 0 0 0
130	7	0 0 1 0 1 1 0 1 0 1 0 0 0 0 0 0
130	17	0 0 1 0 1 0 0 0 0 0 0 0 0 0 0 0
130	18	1 0 1 0 0 0 0 1 0 0 0 0 0 0 0 0
130	7	0 0 1 0 0 0 0 0 0 0 0 0 0 0 1 0
130	2	0 0 0 0 0 0 0 1 0 0 0 0 0 0 1 0
130	36	1 1 1 0 1 0 0 0 0 0 0 0 0 0 0 0
130	3	1 0 1 0 1 0 1 1 0 1 0 0 0 0 0 0
130	2	0 0 1 0 0 0 0 1 0 0 0 0 0 0 0 0
130	23	1 0 1 0 1 0 0 0 0 0 0 0 0 0 0 0
130	3	0 1 0 0 0 0 0 0 0 0 0 0 0 0 0 0
130	3	0 1 1 0 0 0 0 0 0 0 1 0 0 1 0 0
130	5	0 0 0 1 1 1 0 0 0 0 0 0 0 0 0 0
130	3	1 0 0 0 0 0 0 0 0 0 0 0 0 0 1 0
130	8	1 0 0 0 1 0 1 1 0 0 0 0 0 0 0 0
130	13	0 0 1 1 1 0 1 1 0 0 0 0 0 0 0 0
130	2	1 1 1 0 1 1 0 1 1 0 0 0 0 0 0 0
130	3	0 1 0 0 1 0 0 1 1 0 0 0 1 0 0 0
130	10	1 0 1 0 1 0 1 1 1 1 0 0 0 0 0 0
130	9	0 1 1 1 0 0 0 0 0 0 1 1 0 0 0 0
130	1	0 1 1 0 0 0 0 0 0 0 0 0 0 0 0 0
130	11	1 0 1 0 1 0 0 1 0 1 0 0 0 0 0 0
130	12	1 1 1 1 1 0 0 1 0 0 0 0 0 0 0 0
130	13	0 0 1 0 1 0 0 1 1 0 0 1 0 0 0 0
130	1	1 0 1 1 1 0 0 0 0 0 0 1 0 1 0 0
130	2	0 0 0 1 1 1 0 0 0 0 0 1 0 0 0 0
130	7	1 0 1 0 1 1 0 1 0 0 0 0 0 0 0 0
130	3	0 0 1 1 1 0 0 1 0 0 0 0 0 0 0 0
130	19	1 1 0 1 0 0 1 1 0 0 0 0 0 0 0 0
130	3	0 0 1 0 1 0 1 1 1 0 0 0 0 0 0 0
130	6	1 1 0 1 0 0 1 0 1 0 0 0 0 0 0 0
130	2	0 1 0 0 1 0 0 1 0 0 0 0 1 0 0 0
130	5	0 1 1 0 1 0 1 0 0 0 0 0 0 0 0 0
130	4	0 0 1 1 1 0 0 1 0 0 0 1 0 1 0 0
130	7	0 0 0 1 1 0 1 0 1 1 1 0 0 0 0 0
130	4	1 1 0 0 1 0 0 1 1 0 0 0 0 0 0 0
130	1	1 0 0 0 0 0 0 0 0 0 0 0 0 0 1 1
130	4	1 1 1 1 1 1 0 1 0 0 0 0 0 0 0 0
130	3	1 1 1 0 1 1 0 1 0 0 1 0 0 0 0 0
130	9	0 0 1 0 1 0 0 1 0 0 0 0 0 0 0 1
130	1	1 1 0 0 1 0 0 1 0 0 0 0 0 0 0 0
130	3	0 0 1 0 0 0 0 0 0 0 0 0 0 0 0 0
130	2	0 0 1 0 1 0 0 1 0 0 1 0 0 1 0 0
130	1	0 1 0 0 1 0 1 0 0 0 0 1 0 0 0 0
130	5	0 1 0 0 1 0 1 0 0 0 1 0 0 1 0 0
130	6	0 0 1 0 1 0 0 1 0 0 0 1 0 0 0 0
130	4	1 0 1 0 1 0 0 1 1 0 0 0 0 0 0 1
130	2	1 1 1 0 1 0 0 0 0 0 1 0 0 0 0 0
130	2	1 0 0 0 1 0 1 1 0 0 0 0 0 0 0 1
130	1	1 0 1 0 1 1 0 1 0 0 0 1 0 0 0 0
130	1	0 0 0 0 1 0 1 0 0 0 0 0 0 0 0 0
130	1	0 1 0 0 0 0 0 0 0 1 1 0 0 1 0 0
130	1	0 1 1 0 0 0 0 0 1 0 0 0 0 1 0 0
130	6	0 0 1 1 1 0 0 0 0 0 0 1 0 0 0 0
130	6	0 0 1 0 1 0 1 1 0 0 0 0 0 1 0 0
130	5	0 1 1 0 1 1 0 1 0 1 0 0 0 0 0 0
130	3	1 0 1 0 1 1 0 1 0 1 0 0 0 0 0 0
130	2	1 0 1 0 1 0 0 1 0 1 1 0 0 0 0 0
130	3	1 1 1 0 1 0 0 1 0 0 0 1 0 0 0 0
130	3	1 0 1 0 1 0 0 1 0 0 0 1 0 0 0 0
130	3	1 0 1 0 0 0 0 1 1 0 0 0 0 0 0 0
130	1	1 0 1 0 0 0 0 0 0 0 0 0 0 0 0 0
130	4	0 1 0 0 1 0 0 0 0 0 0 0 0 0 0 0
130	1	1 0 1 0 1 0 1 1 1 1 0 0 1 0 0 0
130	1	1 0 1 0 1 0 0 1 0 0 0 0 0 0 1 0
130	1	0 1 0 1 0 0 1 1 0 0 0 0 0 0 0 0
130	1	1 1 0 0 1 1 0 1 0 1 0 0 0 0 0 0
130	1	1 1 1 1 1 1 0 1 0 1 0 0 0 0 0 0
130	3	0 0 0 1 0 0 0 1 0 0 0 0 0 0 0 0
130	2	0 0 0 0 0 0 0 1 0 1 0 0 0 0 0 0
130	2	1 0 0 0 1 0 0 1 1 0 0 0 0 0 0 0
130	1	1 0 1 0 1 0 1 1 1 0 0 0 0 0 0 0
130	3	0 1 0 0 0 0 1 1 0 1 0 0 0 0 0 0
130	2	1 1 1 1 1 0 0 0 0 0 0 0 0 0 0 0
130	1	0 0 1 0 1 0 0 1 1 0 0 0 1 0 0 0
130	1	0 1 1 0 0 0 1 0 0 0 0 0 0 0 0 0
130	1	0 0 1 0 0 0 0 0 0 0 0 0 0 0 0 1
140	2	0 0 0 0 1 0 0 1 0 0 0 0 0 0 0 0
140	6	0 0 0 0 0 0 0 1 0 0 0 0 0 0 0 0
140	127	0 0 1 0 1 0 0 1 0 0 0 0 0 0 0 0
140	30	0 1 0 0 1 0 1 0 0 0 0 0 0 0 0 0
140	4	0 0 1 0 0 0 0 0 0 0 0 0 0 1 0 0
140	2	0 0 1 0 1 1 0 1 0 0 0 0 0 0 0 0
140	33	1 0 0 0 1 0 0 1 0 0 0 0 0 0 0 0
140	23	1 0 1 0 1 0 0 1 0 0 0 0 0 0 0 0
140	5	0 0 1 1 1 1 0 1 0 0 0 0 0 0 0 0
140	6	0 1 1 0 1 0 0 1 0 0 0 0 0 0 0 0
140	12	1 0 1 0 1 0 0 1 1 0 0 0 0 0 0 0
140	48	0 1 0 0 0 0 0 0 0 0 1 0 0 1 0 0
140	43	1 1 0 0 1 0 1 0 0 0 0 0 0 0 0 0
140	2	0 1 1 0 0 0 0 0 0 0 0 0 0 1 0 0
140	6	0 0 1 1 1 0 0 0 0 0 0 1 0 1 0 0
140	57	1 1 1 0 1 0 0 1 0 0 0 0 0 0 0 0
140	8	0 0 1 1 1 1 0 1 0 1 0 0 0 0 0 0
140	15	0 0 1 0 1 0 1 1 0 0 0 0 0 0 0 0
140	28	1 0 1 0 1 0 1 1 0 0 0 0 0 0 0 0
140	30	0 1 0 0 0 0 1 1 0 0 0 0 0 0 0 0
140	25	1 1 1 0 1 0 0 1 0 0 1 0 0 0 0 0
140	10	0 0 1 0 1 1 0 1 0 1 0 0 0 0 0 0
140	14	0 0 1 0 1 0 0 0 0 0 0 0 0 0 0 0
140	25	1 0 1 0 0 0 0 1 0 0 0 0 0 0 0 0
140	28	1 1 1 0 1 0 0 0 0 0 0 0 0 0 0 0
140	22	1 0 1 0 1 0 0 0 0 0 0 0 0 0 0 0
140	27	0 1 0 0 0 0 0 0 0 0 0 0 0 0 0 0
140	9	1 0 0 0 0 0 0 0 0 0 0 0 0 0 1 0
140	4	1 0 0 0 1 0 1 1 0 0 0 0 0 0 0 0
140	37	0 0 1 1 1 0 1 1 0 0 0 0 0 0 0 0
140	20	0 1 0 0 1 0 0 1 1 0 0 0 1 0 0 0
140	1	1 0 1 0 1 0 1 1 1 1 0 0 0 0 0 0
140	9	1 0 1 0 1 0 0 1 0 1 0 0 0 0 0 0
140	9	1 1 1 1 1 0 0 1 0 0 0 0 0 0 0 0
140	3	0 0 1 0 1 0 0 1 1 0 0 1 0 0 0 0
140	4	0 0 0 1 1 1 0 0 0 0 0 1 0 0 0 0
140	7	1 0 1 0 1 1 0 1 0 0 0 0 0 0 0 0
140	23	1 1 0 1 0 0 1 1 0 0 0 0 0 0 0 0
140	17	1 1 0 1 0 0 1 0 1 0 0 0 0 0 0 0
140	3	0 1 1 0 1 0 1 0 0 0 0 0 0 0 0 0
140	4	1 0 0 0 0 0 0 0 0 0 0 0 0 0 1 1
140	5	0 0 1 0 1 0 0 1 0 0 0 1 0 0 0 0
140	20	0 0 1 1 1 0 0 0 0 0 0 1 0 0 0 0
140	34	1 0 1 0 1 0 0 1 0 1 1 0 0 0 0 0
140	6	0 1 0 0 1 0 0 0 0 0 0 0 0 0 0 0
140	5	0 1 0 0 0 0 1 1 0 1 0 0 0 0 0 0
140	5	0 1 1 0 0 0 1 0 0 0 0 0 0 0 0 0
140	7	0 1 0 0 0 0 0 0 0 0 1 0 0 0 0 0
140	1	1 1 1 0 1 0 1 1 0 0 0 0 0 0 0 0
140	3	1 0 1 0 0 0 0 1 0 0 1 0 0 0 0 0
140	5	0 1 0 0 1 0 1 0 0 1 0 0 0 0 0 0
140	5	1 0 1 0 1 0 1 1 0 0 0 0 0 1 0 0
140	1	1 1 1 0 1 1 0 0 0 0 0 0 0 0 0 0
140	2	1 1 0 0 0 0 1 1 0 0 0 0 0 0 0 0
140	12	0 0 1 0 1 0 0 0 0 0 1 0 0 0 0 0
140	15	1 0 1 1 1 0 0 1 0 0 0 0 0 0 0 0
140	1	1 1 1 0 0 0 0 1 1 0 0 0 0 0 0 0
140	3	0 0 1 0 1 0 0 1 0 1 0 0 0 0 0 0
140	2	0 0 0 0 1 0 1 0 1 1 1 0 0 0 0 0
140	2	0 0 1 1 1 0 0 0 0 0 0 0 0 0 0 0
140	3	0 1 0 0 0 0 0 0 0 0 0 0 0 1 0 0
140	12	1 1 1 0 1 0 0 1 0 0 0 1 0 0 0 0
140	2	1 1 1 0 1 0 0 1 0 1 0 0 0 0 0 0
140	10	0 0 0 0 0 0 0 1 1 0 0 0 0 0 1 0
140	2	0 1 1 0 1 0 0 1 0 0 0 0 1 0 0 0
140	3	0 1 1 1 1 0 0 1 0 0 0 0 0 0 0 0
140	1	0 0 0 0 0 0 0 0 0 0 1 0 0 1 0 0
140	1	1 1 1 0 0 0 0 1 0 0 0 0 0 0 0 0
140	2	1 1 0 1 1 0 0 1 0 0 0 0 0 0 0 0
140	5	1 0 0 0 0 0 0 0 0 0 1 0 0 1 0 0
140	1	1 0 0 0 1 0 1 0 1 1 1 0 0 0 0 0
140	3	0 0 1 0 1 1 0 1 0 0 0 0 0 0 0 1
140	1	1 0 1 0 1 0 0 1 0 0 0 0 0 1 0 0
140	2	1 1 0 0 0 0 1 0 0 0 0 0 0 0 0 0
140	2	1 1 1 0 1 0 0 1 0 0 0 0 0 1 0 0
140	4	1 0 0 0 0 0 0 0 0 0 0 1 0 0 1 0
140	1	1 0 1 1 1 0 1 1 0 0 0 0 0 0 0 0
140	5	0 0 1 0 1 0 0 0 0 0 1 0 0 0 0 1
140	2	1 0 0 0 0 0 0 1 1 0 0 0 0 0 1 0
140	3	0 1 0 0 0 0 1 1 1 0 0 0 0 0 0 0
140	2	0 0 1 0 1 0 0 1 1 1 0 0 0 0 0 0
140	2	1 0 1 0 1 0 1 0 0 0 0 0 0 0 0 0
140	2	0 0 1 1 1 0 0 1 0 0 0 0 0 0 0 0
140	1	1 1 1 0 1 1 0 1 0 0 0 0 0 0 0 0
140	2	0 1 0 0 0 1 0 0 0 0 0 0 0 0 0 0
140	2	0 1 0 0 0 0 0 0 0 0 0 0 1 0 0 0
140	2	0 0 0 0 1 0 0 0 0 0 0 0 0 0 0 0
150	3	0 0 0 0 1 0 0 1 0 0 0 0 0 0 0 0
150	96	0 0 1 0 1 0 0 1 0 0 0 0 0 0 0 0
150	27	0 1 0 0 1 0 1 0 0 0 0 0 0 0 0 0
150	40	1 0 0 0 1 0 0 1 0 0 0 0 0 0 0 0
150	3	1 0 1 0 1 0 0 1 0 0 0 0 0 0 0 0
150	23	0 0 1 1 1 1 0 1 0 0 0 0 0 0 0 0
150	11	0 1 1 0 1 0 0 1 0 0 0 0 0 0 0 0
150	9	1 0 1 0 1 0 0 1 1 0 0 0 0 0 0 0
150	33	0 1 0 0 0 0 0 0 0 0 1 0 0 1 0 0
150	37	1 1 0 0 1 0 1 0 0 0 0 0 0 0 0 0
150	3	0 1 1 0 0 0 0 0 0 0 0 0 0 1 0 0
150	22	1 1 1 0 1 0 0 1 0 0 0 0 0 0 0 0
150	5	0 0 1 1 1 1 0 1 0 1 0 0 0 0 0 0
150	70	0 0 1 0 1 0 1 1 0 0 0 0 0 0 0 0
150	27	1 0 1 0 1 0 1 1 0 0 0 0 0 0 0 0
150	14	0 1 0 0 0 0 1 1 0 0 0 0 0 0 0 0
150	55	1 1 1 0 1 0 0 1 0 0 1 0 0 0 0 0
150	2	0 0 1 0 1 1 0 1 0 1 0 0 0 0 0 0
150	28	0 0 1 0 1 0 0 0 0 0 0 0 0 0 0 0
150	1	1 0 1 0 0 0 0 1 0 0 0 0 0 0 0 0
150	11	1 1 1 0 1 0 0 0 0 0 0 0 0 0 0 0
150	19	1 0 1 0 1 0 0 0 0 0 0 0 0 0 0 0
150	37	0 1 0 0 0 0 0 0 0 0 0 0 0 0 0 0
150	8	1 0 0 0 0 0 0 0 0 0 0 0 0 0 1 0
150	16	0 0 1 1 1 0 1 1 0 0 0 0 0 0 0 0
150	11	0 1 0 0 1 0 0 1 1 0 0 0 1 0 0 0
150	11	1 0 1 0 1 0 1 1 1 1 0 0 0 0 0 0
150	11	1 0 1 0 1 0 0 1 0 1 0 0 0 0 0 0
150	2	1 1 1 1 1 0 0 1 0 0 0 0 0 0 0 0
150	1	0 0 1 0 1 0 0 1 1 0 0 1 0 0 0 0
150	15	1 0 1 0 1 1 0 1 0 0 0 0 0 0 0 0
150	16	1 1 0 1 0 0 1 1 0 0 0 0 0 0 0 0
150	10	1 1 0 1 0 0 1 0 1 0 0 0 0 0 0 0
150	5	0 1 1 0 1 0 1 0 0 0 0 0 0 0 0 0
150	3	1 0 0 0 0 0 0 0 0 0 0 0 0 0 1 1
150	30	0 0 1 1 1 0 0 0 0 0 0 1 0 0 0 0
150	18	1 0 1 0 1 0 0 1 0 1 1 0 0 0 0 0
150	1	0 1 0 0 0 0 1 1 0 1 0 0 0 0 0 0
150	6	1 0 1 1 1 0 0 1 0 0 0 0 0 0 0 0
150	7	1 1 1 0 0 0 0 1 1 0 0 0 0 0 0 0
150	10	0 0 1 0 1 0 0 1 0 1 0 0 0 0 0 0
150	3	1 1 1 0 1 0 0 1 0 0 0 1 0 0 0 0
150	1	0 0 0 0 0 0 0 1 1 0 0 0 0 0 1 0
150	21	0 1 1 1 1 0 0 1 0 0 0 0 0 0 0 0
150	3	1 1 0 1 1 0 0 1 0 0 0 0 0 0 0 0
150	7	1 1 0 0 0 0 1 0 0 0 0 0 0 0 0 0
150	2	1 1 1 0 1 0 0 1 0 0 0 0 0 1 0 0
150	7	1 0 1 1 1 0 1 1 0 0 0 0 0 0 0 0
150	3	0 0 1 0 1 0 0 0 0 0 1 0 0 0 0 1
150	6	1 0 0 0 0 0 0 1 1 0 0 0 0 0 1 0
150	2	0 1 0 0 0 0 1 1 1 0 0 0 0 0 0 0
150	8	0 0 1 0 1 0 0 1 1 1 0 0 0 0 0 0
150	5	1 1 1 0 1 1 0 1 0 0 0 0 0 0 0 0
150	1	0 1 0 0 0 0 0 0 0 0 0 0 1 0 0 0
150	2	1 1 1 0 1 0 0 0 0 0 0 0 1 0 0 0
150	2	0 0 1 0 1 0 0 1 0 1 1 0 0 0 0 0
150	16	1 1 1 1 1 0 0 1 0 0 0 0 1 0 0 0
150	4	0 0 1 0 1 0 0 0 0 0 1 0 0 1 0 1
150	4	0 1 0 0 0 1 0 0 0 0 0 0 0 1 0 0
150	5	0 0 1 0 1 0 1 0 0 0 0 0 0 0 0 0
150	9	0 0 1 0 1 1 0 1 0 1 0 0 0 1 0 0
150	12	0 0 1 1 1 0 1 1 0 0 0 0 0 0 1 0
150	1	0 0 1 1 1 0 1 1 1 0 0 0 0 0 0 0
150	2	0 1 1 0 1 0 0 1 1 1 0 0 0 0 0 0
150	7	0 0 1 0 1 0 0 1 0 0 0 1 0 0 0 0
150	2	1 1 1 0 1 1 0 1 0 1 0 0 0 0 0 0
150	5	0 0 1 0 1 1 0 0 0 0 1 0 0 1 0 0
150	8	1 1 0 0 1 0 0 1 0 0 1 0 0 0 0 0
150	10	1 0 1 0 0 0 0 1 0 0 0 0 0 0 0 1
150	2	1 0 1 0 1 0 0 1 0 0 1 0 0 0 0 0
150	2	0 1 0 0 1 0 0 1 1 0 0 0 0 1 0 0
150	4	1 0 0 0 1 0 1 0 0 0 0 0 0 0 0 0
150	2	0 1 0 0 1 0 1 0 0 0 0 0 0 0 0 1
150	1	1 0 1 0 1 1 0 1 0 1 1 0 0 0 0 0
150	1	1 0 1 0 1 0 1 1 0 0 0 0 0 0 1 0
150	5	0 1 0 0 0 0 0 0 0 0 1 0 0 1 0 1
150	6	0 0 1 1 1 0 1 1 0 0 0 0 0 0 0 1
150	1	1 1 0 0 1 0 1 1 0 1 0 0 0 0 0 0
150	1	1 0 1 0 1 0 1 1 1 1 0 0 0 0 0 1
150	1	0 0 1 1 1 0 0 0 0 0 0 1 0 0 1 0
150	7	0 0 1 0 1 0 0 1 0 0 0 0 1 0 0 0
150	1	0 1 0 0 0 0 1 0 0 0 1 0 0 1 0 0
150	4	1 1 0 0 1 0 1 0 0 0 1 0 0 0 0 0
150	2	1 0 1 0 1 0 1 1 0 0 0 1 0 0 0 0
150	1	1 0 1 0 1 1 0 0 0 0 0 0 0 0 0 0
150	1	0 0 1 1 1 0 0 0 0 0 0 1 1 0 0 0
150	1	0 0 1 0 1 0 0 1 1 0 0 0 0 0 0 0
150	4	0 0 1 0 1 0 0 1 0 0 0 0 0 1 0 0
150	4	1 1 1 0 1 0 1 0 0 0 0 0 0 0 0 0
150	3	1 1 1 0 1 0 0 1 1 0 1 0 0 0 0 0
150	1	1 1 0 0 0 0 1 0 0 0 0 0 0 1 0 0
150	1	1 1 0 0 0 0 1 0 1 0 0 0 0 0 0 0
150	2	0 0 1 0 1 0 0 1 1 1 1 0 0 0 0 0
150	5	0 1 0 0 0 0 0 1 0 0 0 0 0 0 0 0
150	7	0 1 0 0 0 0 1 0 0 0 0 0 0 1 0 0
150	1	1 1 0 0 1 0 1 1 0 0 0 0 0 0 0 0
150	2	1 0 1 1 1 0 0 1 0 1 1 0 0 0 0 0
150	1	0 0 1 0 1 1 0 1 0 0 0 1 0 0 0 0
150	3	1 0 1 0 1 0 1 1 0 0 0 0 0 1 1 0
150	1	1 0 1 0 1 0 0 1 0 0 0 0 0 1 0 0
150	1	0 0 1 1 1 1 0 0 0 1 0 0 0 0 0 0
150	1	0 0 1 0 1 0 1 1 0 0 0 0 0 0 0 1
150	1	1 1 1 0 1 0 0 1 0 0 1 0 1 0 0 0
150	1	0 1 0 0 0 0 1 0 0 0 0 0 0 0 0 0
150	1	1 0 0 0 0 0 0 1 0 0 0 1 0 0 0 0
150	2	0 0 1 0 1 0 0 1 1 0 0 0 0 0 1 0
160	1	0 0 0 0 1 0 0 1 0 0 0 0 0 0 0 0
160	28	0 0 1 0 1 0 0 1 0 0 0 0 0 0 0 0
160	53	0 1 0 0 1 0 1 0 0 0 0 0 0 0 0 0
160	41	1 0 0 0 1 0 0 1 0 0 0 0 0 0 0 0
160	29	0 0 1 1 1 1 0 1 0 0 0 0 0 0 0 0
160	10	0 1 0 0 0 0 0 0 0 0 1 0 0 1 0 0
160	22	1 1 0 0 1 0 1 0 0 0 0 0 0 0 0 0
160	14	0 1 1 0 0 0 0 0 0 0 0 0 0 1 0 0
160	21	1 1 1 0 1 0 0 1 0 0 0 0 0 0 0 0
160	57	0 0 1 0 1 0 1 1 0 0 0 0 0 0 0 0
160	2	1 0 1 0 1 0 1 1 0 0 0 0 0 0 0 0
160	3	0 1 0 0 0 0 1 1 0 0 0 0 0 0 0 0
160	31	1 1 1 0 1 0 0 1 0 0 1 0 0 0 0 0
160	4	0 0 1 0 1 1 0 1 0 1 0 0 0 0 0 0
160	52	0 0 1 0 1 0 0 0 0 0 0 0 0 0 0 0
160	47	1 1 1 0 1 0 0 0 0 0 0 0 0 0 0 0
160	28	1 0 1 0 1 0 0 0 0 0 0 0 0 0 0 0
160	25	0 1 0 0 0 0 0 0 0 0 0 0 0 0 0 0
160	25	0 0 1 1 1 0 1 1 0 0 0 0 0 0 0 0
160	11	0 1 0 0 1 0 0 1 1 0 0 0 1 0 0 0
160	4	1 0 1 0 1 0 0 1 0 1 0 0 0 0 0 0
160	20	1 0 1 0 1 1 0 1 0 0 0 0 0 0 0 0
160	25	1 1 0 1 0 0 1 1 0 0 0 0 0 0 0 0
160	3	1 1 0 1 0 0 1 0 1 0 0 0 0 0 0 0
160	4	0 1 1 0 1 0 1 0 0 0 0 0 0 0 0 0
160	24	0 0 1 1 1 0 0 0 0 0 0 1 0 0 0 0
160	10	1 0 1 0 1 0 0 1 0 1 1 0 0 0 0 0
160	5	1 0 1 1 1 0 0 1 0 0 0 0 0 0 0 0
160	6	0 0 1 0 1 0 0 1 0 1 0 0 0 0 0 0
160	16	1 1 1 0 1 0 0 1 0 0 0 1 0 0 0 0
160	9	0 1 1 1 1 0 0 1 0 0 0 0 0 0 0 0
160	5	1 1 0 1 1 0 0 1 0 0 0 0 0 0 0 0
160	6	1 1 0 0 0 0 1 0 0 0 0 0 0 0 0 0
160	6	1 1 1 0 1 0 0 1 0 0 0 0 0 1 0 0
160	17	1 0 1 1 1 0 1 1 0 0 0 0 0 0 0 0
160	15	0 0 1 0 1 0 0 1 1 1 0 0 0 0 0 0
160	10	1 1 1 0 1 1 0 1 0 0 0 0 0 0 0 0
160	6	1 1 1 0 1 0 0 0 0 0 0 0 1 0 0 0
160	13	1 1 1 1 1 0 0 1 0 0 0 0 1 0 0 0
160	11	0 0 1 0 1 0 0 0 0 0 1 0 0 1 0 1
160	11	0 0 1 0 1 0 1 0 0 0 0 0 0 0 0 0
160	12	0 0 1 1 1 0 1 1 0 0 0 0 0 0 1 0
160	4	0 0 1 1 1 0 1 1 1 0 0 0 0 0 0 0
160	1	0 0 1 0 1 0 0 1 0 0 0 1 0 0 0 0
160	9	0 0 1 0 1 1 0 0 0 0 1 0 0 1 0 0
160	7	1 1 0 0 1 0 0 1 0 0 1 0 0 0 0 0
160	4	1 0 1 0 0 0 0 1 0 0 0 0 0 0 0 1
160	6	0 1 0 0 1 0 0 1 1 0 0 0 0 1 0 0
160	2	1 0 0 0 1 0 1 0 0 0 0 0 0 0 0 0
160	8	0 0 1 1 1 0 1 1 0 0 0 0 0 0 0 1
160	20	0 0 1 0 1 0 0 1 0 0 0 0 1 0 0 0
160	4	1 0 1 0 1 0 1 1 0 0 0 1 0 0 0 0
160	2	0 0 1 0 1 0 0 1 0 0 0 0 0 1 0 0
160	3	1 1 1 0 1 0 1 0 0 0 0 0 0 0 0 0
160	3	1 1 0 0 0 0 1 0 0 0 0 0 0 1 0 0
160	1	0 0 1 0 1 0 0 1 1 1 1 0 0 0 0 0
160	5	0 1 0 0 0 0 1 0 0 0 0 0 0 1 0 0
160	4	1 1 0 0 1 0 1 1 0 0 0 0 0 0 0 0
160	13	1 0 1 0 1 0 1 1 0 0 0 0 0 1 1 0
160	13	0 1 0 0 1 0 1 1 1 0 0 0 1 0 0 0
160	7	1 0 1 0 1 0 1 1 1 0 0 0 0 0 0 0
160	5	1 1 1 0 1 0 0 1 0 1 0 0 0 1 0 0
160	2	0 0 0 0 0 0 1 0 0 0 0 0 0 1 0 0
160	2	0 0 1 1 1 0 1 1 0 0 1 0 0 0 0 0
160	14	1 1 0 0 1 0 1 0 0 0 0 0 0 0 0 1
160	3	0 0 1 0 1 0 1 1 1 0 0 0 0 0 0 0
160	2	1 1 1 0 1 0 1 1 0 0 1 0 0 0 0 0
160	6	0 0 1 0 1 0 0 0 0 0 0 0 1 0 0 0
160	2	0 1 0 1 0 0 0 0 0 0 0 0 0 0 0 0
160	4	1 0 1 1 1 0 1 1 0 0 0 0 0 0 1 0
160	10	1 0 1 0 1 0 0 1 0 0 0 0 0 0 0 0
160	1	1 1 0 1 0 0 1 1 0 0 0 0 1 0 0 0
160	2	1 0 1 0 1 0 0 0 0 0 0 0 0 0 0 1
160	3	0 1 1 1 1 0 0 0 0 0 0 0 0 0 0 0
160	1	0 0 1 0 1 1 0 1 0 0 0 0 0 0 0 0
160	1	0 0 1 0 1 0 0 0 1 0 0 0 0 0 0 0
160	5	0 1 0 0 0 0 0 0 0 0 0 1 0 0 0 0
160	3	0 1 0 0 0 0 0 0 0 0 0 0 0 0 0 1
160	1	1 1 0 1 1 0 1 0 1 0 0 0 0 0 0 0
160	4	0 1 0 0 1 0 0 1 1 0 0 0 0 0 0 0
160	2	0 1 0 0 1 0 1 0 0 0 0 1 0 0 0 0
160	1	0 0 1 1 1 1 0 1 0 0 0 0 0 0 0 1
160	3	0 0 0 0 0 0 1 0 0 0 0 0 0 0 0 0
160	4	1 0 1 0 1 0 0 0 0 0 0 1 0 0 0 0
160	3	1 1 0 0 1 0 0 1 0 0 0 0 0 0 0 0
160	1	1 0 0 0 1 0 1 1 0 0 0 0 0 0 0 0
160	4	1 1 1 0 0 0 0 1 0 0 0 0 0 0 0 0
160	3	1 1 0 1 0 0 1 1 0 1 0 0 0 0 0 0
160	3	1 1 1 0 1 0 0 0 1 0 0 0 1 0 0 0
160	7	0 1 1 0 1 0 0 1 0 0 0 0 1 0 0 0
160	2	1 0 0 0 1 0 0 1 0 0 0 0 0 1 0 0
160	3	1 0 0 1 1 1 0 1 0 0 0 0 0 0 0 0
160	1	1 0 0 0 1 0 0 1 0 0 0 0 1 0 0 0
160	1	1 1 1 0 1 0 0 0 0 0 1 0 0 1 0 1
160	1	0 1 0 0 1 0 1 0 0 0 0 0 0 0 0 1
160	4	0 0 1 1 1 1 1 1 0 0 0 0 0 0 0 0
160	3	0 1 1 0 0 0 0 0 0 0 0 0 0 1 1 0
160	2	1 0 1 0 1 0 1 1 0 0 0 0 0 0 0 1
160	3	0 0 1 0 1 0 0 0 0 0 0 0 0 0 1 0
160	3	1 1 1 0 1 1 0 0 0 0 0 0 0 0 0 0
160	1	0 0 1 0 1 0 0 0 1 1 0 0 0 0 0 0
160	2	0 0 1 1 1 1 0 1 1 0 0 0 1 0 0 0
160	1	1 1 0 1 1 0 1 1 0 0 0 0 0 0 0 0
160	2	0 1 0 0 1 0 1 0 0 0 0 0 1 0 0 0
160	1	1 0 0 0 0 0 0 1 0 0 0 0 0 0 0 0
160	2	1 1 1 0 1 0 0 1 0 0 0 0 1 0 0 0
160	1	1 1 1 0 1 0 0 1 0 0 0 0 0 0 0 1
160	2	0 0 1 0 1 0 0 0 0 0 0 0 0 0 0 1
160	2	1 0 1 0 1 0 0 0 1 0 0 0 0 0 0 0
160	1	0 0 1 1 1 0 0 1 0 0 0 1 0 0 0 0
160	1	0 0 1 1 1 0 1 0 1 0 0 0 0 0 0 0
160	1	1 0 1 0 0 0 1 1 0 0 0 0 0 0 0 1
170	12	0 0 1 0 1 0 0 1 0 0 0 0 0 0 0 0
170	4	0 1 0 0 1 0 1 0 0 0 0 0 0 0 0 0
170	64	1 0 0 0 1 0 0 1 0 0 0 0 0 0 0 0
170	19	0 0 1 1 1 1 0 1 0 0 0 0 0 0 0 0
170	2	0 1 0 0 0 0 0 0 0 0 1 0 0 1 0 0
170	11	1 1 0 0 1 0 1 0 0 0 0 0 0 0 0 0
170	6	0 1 1 0 0 0 0 0 0 0 0 0 0 1 0 0
170	28	1 1 1 0 1 0 0 1 0 0 0 0 0 0 0 0
170	24	0 0 1 0 1 0 1 1 0 0 0 0 0 0 0 0
170	6	1 0 1 0 1 0 1 1 0 0 0 0 0 0 0 0
170	2	0 1 0 0 0 0 1 1 0 0 0 0 0 0 0 0
170	24	1 1 1 0 1 0 0 1 0 0 1 0 0 0 0 0
170	36	0 0 1 0 1 0 0 0 0 0 0 0 0 0 0 0
170	29	1 1 1 0 1 0 0 0 0 0 0 0 0 0 0 0
170	15	1 0 1 0 1 0 0 0 0 0 0 0 0 0 0 0
170	14	0 1 0 0 0 0 0 0 0 0 0 0 0 0 0 0
170	58	0 0 1 1 1 0 1 1 0 0 0 0 0 0 0 0
170	1	0 1 0 0 1 0 0 1 1 0 0 0 1 0 0 0
170	36	1 0 1 0 1 1 0 1 0 0 0 0 0 0 0 0
170	15	1 1 0 1 0 0 1 1 0 0 0 0 0 0 0 0
170	36	0 0 1 1 1 0 0 0 0 0 0 1 0 0 0 0
170	16	1 0 1 0 1 0 0 1 0 1 1 0 0 0 0 0
170	4	0 1 1 1 1 0 0 1 0 0 0 0 0 0 0 0
170	22	1 1 0 1 1 0 0 1 0 0 0 0 0 0 0 0
170	5	1 1 0 0 0 0 1 0 0 0 0 0 0 0 0 0
170	9	1 1 1 0 1 0 0 1 0 0 0 0 0 1 0 0
170	9	1 0 1 1 1 0 1 1 0 0 0 0 0 0 0 0
170	11	0 0 1 0 1 0 0 1 1 1 0 0 0 0 0 0
170	1	1 1 1 0 1 1 0 1 0 0 0 0 0 0 0 0
170	19	1 1 1 0 1 0 0 0 0 0 0 0 1 0 0 0
170	59	1 1 1 1 1 0 0 1 0 0 0 0 1 0 0 0
170	7	0 0 1 0 1 0 0 0 0 0 1 0 0 1 0 1
170	35	0 0 1 0 1 0 1 0 0 0 0 0 0 0 0 0
170	3	0 0 1 1 1 0 1 1 0 0 0 0 0 0 1 0
170	4	1 1 0 0 1 0 0 1 0 0 1 0 0 0 0 0
170	1	0 1 0 0 1 0 0 1 1 0 0 0 0 1 0 0
170	43	0 0 1 0 1 0 0 1 0 0 0 0 1 0 0 0
170	3	1 1 0 0 0 0 1 0 0 0 0 0 0 1 0 0
170	1	0 1 0 0 0 0 1 0 0 0 0 0 0 1 0 0
170	22	1 1 0 0 1 0 1 1 0 0 0 0 0 0 0 0
170	1	1 1 0 0 1 0 1 0 0 0 0 0 0 0 0 1
170	1	0 0 1 0 1 0 1 1 1 0 0 0 0 0 0 0
170	9	1 1 1 0 1 0 1 1 0 0 1 0 0 0 0 0
170	2	0 0 1 0 1 0 0 0 0 0 0 0 1 0 0 0
170	11	0 1 0 1 0 0 0 0 0 0 0 0 0 0 0 0
170	12	1 0 1 1 1 0 1 1 0 0 0 0 0 0 1 0
170	19	1 0 1 0 1 0 0 1 0 0 0 0 0 0 0 0
170	2	0 1 1 1 1 0 0 0 0 0 0 0 0 0 0 0
170	3	0 1 0 0 1 0 0 1 1 0 0 0 0 0 0 0
170	1	0 0 0 0 0 0 1 0 0 0 0 0 0 0 0 0
170	9	1 0 0 1 1 1 0 1 0 0 0 0 0 0 0 0
170	3	0 0 1 1 1 1 1 1 0 0 0 0 0 0 0 0
170	1	1 0 1 0 1 0 1 1 0 0 0 0 0 0 0 1
170	7	1 1 1 0 1 1 0 0 0 0 0 0 0 0 0 0
170	7	0 0 1 1 1 1 0 1 1 0 0 0 1 0 0 0
170	10	1 1 1 0 1 0 0 1 0 0 0 0 1 0 0 0
170	2	1 0 1 0 0 0 1 1 0 0 0 0 0 0 0 1
170	3	1 0 1 0 1 0 0 0 1 0 0 0 0 1 0 0
170	2	1 1 0 1 1 1 0 1 0 0 0 0 0 0 0 0
170	3	1 1 1 0 1 1 0 1 0 0 0 0 0 1 0 1
170	3	1 0 1 0 1 0 0 1 0 0 1 0 0 0 0 0
170	3	1 1 0 1 0 0 1 1 1 0 0 0 0 0 0 0
170	6	1 1 1 0 1 0 0 0 1 0 0 0 1 1 0 0
170	14	0 1 1 0 0 0 0 0 0 0 0 1 0 0 0 0
170	1	1 0 1 0 0 1 0 1 0 0 0 0 0 0 0 0
170	2	1 1 0 1 0 0 1 1 0 0 1 0 0 0 0 0
170	2	1 1 0 1 0 0 1 0 0 0 0 0 0 0 0 0
170	21	1 1 0 1 1 0 1 0 0 0 0 0 0 0 0 1
170	6	0 1 1 0 1 1 0 0 0 0 0 0 0 0 0 0
170	4	0 0 1 0 1 0 0 0 0 0 1 0 0 0 0 0
170	3	0 1 0 0 0 1 0 0 0 0 0 0 0 0 0 0
170	4	1 1 1 0 1 0 1 1 0 0 0 0 0 0 0 0
170	7	1 1 1 1 1 0 0 0 0 0 0 0 1 0 0 0
170	1	1 1 0 1 0 0 1 1 0 0 0 0 0 0 1 0
170	2	1 1 1 0 1 0 0 1 0 1 0 0 0 0 0 0
170	6	0 0 1 0 1 0 1 1 0 0 0 0 0 0 1 0
170	4	0 0 1 0 0 1 0 1 0 0 0 0 0 0 0 0
170	7	0 0 1 1 1 0 0 0 0 0 0 0 0 0 0 0
170	1	1 1 1 1 0 0 1 1 0 0 0 0 0 0 0 0
170	4	1 0 1 0 1 0 0 0 0 1 0 0 0 0 0 0
170	1	0 1 0 0 1 0 0 1 1 0 0 1 0 1 0 0
170	2	1 1 0 0 1 0 1 1 0 0 0 0 0 1 0 0
170	1	1 1 1 1 1 0 1 1 0 0 1 0 0 0 0 0
170	4	0 1 1 0 0 0 0 0 0 0 0 0 1 0 0 0
170	6	0 0 1 1 1 0 0 1 0 0 0 0 0 0 0 0
170	10	0 1 1 1 1 0 0 1 0 1 1 0 0 0 0 0
170	2	1 0 0 1 0 0 1 1 0 0 0 0 0 0 0 0
170	1	1 1 0 0 0 0 1 0 0 0 0 1 0 0 0 0
170	1	1 1 0 0 1 0 1 1 0 0 1 0 0 0 0 0
170	1	1 0 1 0 0 0 0 1 0 0 0 0 0 0 0 0
170	3	1 1 0 1 0 0 1 1 1 1 0 0 0 0 0 0
170	1	1 1 0 1 1 0 0 0 1 0 0 0 1 1 0 0
170	4	0 0 0 0 1 0 1 1 0 0 0 0 0 0 0 0
170	3	1 0 1 0 1 1 0 1 1 0 0 0 0 0 0 0
170	1	1 0 1 0 1 0 0 1 0 1 1 1 0 0 0 0
170	2	0 0 1 0 1 0 1 0 1 1 0 0 0 0 0 0
170	3	1 1 0 1 1 0 1 0 0 0 0 0 0 0 0 0
170	1	0 0 1 0 1 1 1 1 0 0 0 0 0 0 0 0
170	1	1 1 0 0 1 0 1 0 0 0 0 0 1 0 1 0
170	2	0 1 1 0 1 1 0 1 0 0 0 0 0 0 0 0
170	3	1 0 0 0 1 0 0 1 0 0 0 0 1 0 0 0
170	2	1 1 0 0 1 0 0 1 0 0 0 0 0 0 0 0
170	1	0 1 1 0 0 0 0 1 0 0 0 0 0 0 0 0
170	1	0 0 1 0 1 0 0 1 0 1 1 0 0 0 0 0
170	3	0 0 1 1 1 0 1 1 0 0 1 0 0 0 0 0
170	2	0 0 1 1 1 0 0 1 0 0 0 0 1 0 0 0
170	1	0 0 1 1 1 1 0 1 0 0 0 0 1 0 0 0
170	2	0 0 1 1 0 0 0 0 0 0 0 1 0 0 0 0
170	2	1 1 0 1 1 0 0 1 1 0 0 0 0 0 0 0
170	1	0 1 1 1 1 0 0 1 0 0 0 0 1 0 0 0
170	2	0 0 0 0 0 0 1 0 0 0 0 0 0 1 0 0
170	1	0 0 1 0 0 1 0 1 0 0 0 0 0 1 0 0
170	1	0 0 1 1 1 0 0 0 0 0 0 0 1 0 0 0
170	3	0 0 0 0 1 0 1 1 0 0 1 0 0 0 0 0
180	3	0 0 1 0 1 0 0 1 0 0 0 0 0 0 0 0
180	4	0 1 0 0 1 0 1 0 0 0 0 0 0 0 0 0
180	26	1 0 0 0 1 0 0 1 0 0 0 0 0 0 0 0
180	15	1 1 0 0 1 0 1 0 0 0 0 0 0 0 0 0
180	4	0 1 1 0 0 0 0 0 0 0 0 0 0 1 0 0
180	9	1 1 1 0 1 0 0 1 0 0 0 0 0 0 0 0
180	24	0 0 1 0 1 0 1 1 0 0 0 0 0 0 0 0
180	23	1 1 1 0 1 0 0 1 0 0 1 0 0 0 0 0
180	9	0 0 1 0 1 0 0 0 0 0 0 0 0 0 0 0
180	52	1 1 1 0 1 0 0 0 0 0 0 0 0 0 0 0
180	8	1 0 1 0 1 0 0 0 0 0 0 0 0 0 0 0
180	4	0 1 0 0 0 0 0 0 0 0 0 0 0 0 0 0
180	34	0 0 1 1 1 0 1 1 0 0 0 0 0 0 0 0
180	25	1 0 1 0 1 1 0 1 0 0 0 0 0 0 0 0
180	33	1 1 0 1 0 0 1 1 0 0 0 0 0 0 0 0
180	24	0 0 1 1 1 0 0 0 0 0 0 1 0 0 0 0
180	12	1 0 1 0 1 0 0 1 0 1 1 0 0 0 0 0
180	39	1 1 0 1 1 0 0 1 0 0 0 0 0 0 0 0
180	13	1 1 1 0 1 0 0 1 0 0 0 0 0 1 0 0
180	1	0 0 1 0 1 0 0 1 1 1 0 0 0 0 0 0
180	40	1 1 1 0 1 0 0 0 0 0 0 0 1 0 0 0
180	60	1 1 1 1 1 0 0 1 0 0 0 0 1 0 0 0
180	18	0 0 1 0 1 0 1 0 0 0 0 0 0 0 0 0
180	8	1 1 0 0 1 0 0 1 0 0 1 0 0 0 0 0
180	46	0 0 1 0 1 0 0 1 0 0 0 0 1 0 0 0
180	25	1 1 0 0 1 0 1 1 0 0 0 0 0 0 0 0
180	10	1 1 1 0 1 0 1 1 0 0 1 0 0 0 0 0
180	31	0 1 0 1 0 0 0 0 0 0 0 0 0 0 0 0
180	9	1 0 1 1 1 0 1 1 0 0 0 0 0 0 1 0
180	4	1 0 0 1 1 1 0 1 0 0 0 0 0 0 0 0
180	8	0 0 1 1 1 1 1 1 0 0 0 0 0 0 0 0
180	24	0 0 1 1 1 1 0 1 1 0 0 0 1 0 0 0
180	4	1 1 1 0 1 0 0 1 0 0 0 0 1 0 0 0
180	7	1 1 1 0 1 1 0 1 0 0 0 0 0 1 0 1
180	7	1 1 1 0 1 0 0 0 1 0 0 0 1 1 0 0
180	5	1 1 0 1 0 0 1 0 0 0 0 0 0 0 0 0
180	11	1 1 0 1 1 0 1 0 0 0 0 0 0 0 0 1
180	15	0 1 1 0 1 1 0 0 0 0 0 0 0 0 0 0
180	5	0 1 0 0 0 1 0 0 0 0 0 0 0 0 0 0
180	17	1 1 1 1 1 0 0 0 0 0 0 0 1 0 0 0
180	4	1 1 0 1 0 0 1 1 0 0 0 0 0 0 1 0
180	2	1 1 1 0 1 0 0 1 0 1 0 0 0 0 0 0
180	9	0 0 1 0 1 0 1 1 0 0 0 0 0 0 1 0
180	2	0 0 1 0 0 1 0 1 0 0 0 0 0 0 0 0
180	12	0 0 1 1 1 0 0 0 0 0 0 0 0 0 0 0
180	9	1 1 1 1 1 0 1 1 0 0 1 0 0 0 0 0
180	4	0 0 1 1 1 0 0 1 0 0 0 0 0 0 0 0
180	3	0 1 1 1 1 0 0 1 0 1 1 0 0 0 0 0
180	4	0 0 0 0 1 0 1 1 0 0 0 0 0 0 0 0
180	6	1 1 0 1 1 0 1 0 0 0 0 0 0 0 0 0
180	1	1 0 0 0 1 0 0 1 0 0 0 0 1 0 0 0
180	2	1 1 0 0 1 0 0 1 0 0 0 0 0 0 0 0
180	4	0 0 1 0 1 0 0 1 0 1 1 0 0 0 0 0
180	12	0 0 1 1 1 0 1 1 0 0 1 0 0 0 0 0
180	4	0 0 1 1 1 0 0 1 0 0 0 0 1 0 0 0
180	2	0 1 1 1 1 0 0 1 0 0 0 0 1 0 0 0
180	5	0 0 1 0 0 1 0 1 0 0 0 0 0 1 0 0
180	1	0 0 1 1 1 0 0 0 0 0 0 0 1 0 0 0
180	8	0 0 0 0 1 0 1 1 0 0 1 0 0 0 0 0
180	5	1 1 0 1 1 0 0 1 0 1 1 0 0 0 0 0
180	6	0 0 1 0 1 0 0 1 0 0 0 1 1 0 0 0
180	3	1 0 1 1 1 0 1 1 1 0 0 0 0 0 1 0
180	4	1 0 0 0 1 0 0 0 0 0 0 0 0 0 0 0
180	12	1 1 1 1 1 0 0 1 0 0 0 1 1 0 0 0
180	5	1 1 0 0 1 0 0 1 0 0 1 0 0 1 0 0
180	1	1 0 0 0 1 0 0 1 0 0 0 1 0 0 0 0
180	12	1 1 1 1 1 0 0 1 0 0 0 0 0 0 0 0
180	3	1 1 0 1 0 0 1 1 0 0 0 0 0 1 0 0
180	2	0 0 1 0 0 1 0 1 0 0 0 0 1 0 0 0
180	22	1 1 1 1 1 0 1 1 0 0 0 0 1 0 0 0
180	1	0 0 1 0 0 1 0 1 1 0 0 0 0 0 0 0
180	1	1 1 0 1 1 0 1 1 0 1 1 0 0 0 0 0
180	5	0 0 1 1 1 0 1 0 0 0 0 0 0 0 0 0
180	5	1 1 0 0 1 1 0 1 0 0 0 0 1 0 0 0
180	4	0 0 1 0 1 1 0 1 0 0 0 0 0 0 0 0
180	5	1 0 1 0 1 0 1 1 0 0 1 0 0 0 0 0
180	3	0 0 0 1 1 0 0 0 0 0 0 0 0 0 0 0
180	8	0 0 1 0 1 0 0 0 1 0 0 0 0 1 0 0
180	1	1 1 0 0 0 0 1 0 0 0 0 0 0 0 0 0
180	3	1 0 0 0 1 0 0 1 1 0 0 0 0 0 0 0
180	9	0 1 0 0 1 0 1 1 0 0 0 0 0 0 0 0
180	2	1 0 0 0 1 0 1 1 0 0 0 0 0 0 0 0
180	2	0 0 1 1 0 1 0 1 0 0 0 0 0 0 0 0
180	2	1 1 1 0 1 0 0 1 1 0 1 0 0 0 0 0
180	2	1 0 0 1 1 0 1 1 0 0 0 0 0 0 1 0
180	3	1 1 0 1 1 0 0 1 0 0 1 0 0 0 0 0
180	1	0 1 1 1 1 0 0 1 0 0 0 0 0 0 0 1
180	2	0 0 1 1 1 0 1 1 0 1 0 0 0 0 0 0
180	1	1 0 1 0 1 0 0 1 0 1 1 1 0 0 0 0
180	3	1 1 0 1 1 0 0 1 0 0 0 0 0 1 0 0
180	4	1 0 1 0 1 0 1 1 0 0 0 0 0 0 1 0
180	1	1 0 0 1 0 0 1 1 0 0 0 0 0 0 1 0
180	3	1 1 0 1 0 0 1 0 0 0 0 0 0 1 0 0
180	1	0 1 1 0 0 0 0 0 0 0 0 0 0 0 0 0
180	5	1 1 1 1 1 0 1 1 0 0 0 0 0 0 0 0
180	4	0 1 0 0 1 0 1 0 0 1 0 0 0 0 0 0
180	1	1 1 0 1 0 0 0 1 0 0 0 0 0 0 0 0
180	4	0 1 0 1 0 0 0 0 0 0 0 0 0 1 0 0
180	2	0 0 1 1 1 0 0 1 0 1 0 0 1 0 0 0
180	1	1 1 1 1 1 0 0 1 0 0 0 1 1 0 1 0
180	1	1 0 1 0 1 0 0 1 0 1 1 0 1 0 0 0
180	1	1 1 0 1 1 0 0 1 0 0 0 0 0 0 0 1
180	1	1 1 1 1 1 0 0 0 0 0 0 1 0 0 0 0
180	3	1 0 1 1 1 0 1 1 1 0 0 0 1 0 0 0
180	2	0 1 1 0 1 0 0 0 0 0 0 0 0 0 0 0
180	2	1 1 1 0 1 0 0 0 0 0 0 1 0 0 0 0
180	1	0 0 1 1 0 0 0 0 0 0 0 1 0 0 0 0
180	2	0 1 1 0 1 0 0 1 1 1 0 0 0 0 0 0
180	2	0 0 1 0 1 0 0 0 0 0 0 0 1 0 0 0
180	2	1 1 0 0 1 0 1 1 0 0 0 0 0 0 1 0
180	4	1 1 1 0 1 1 0 0 0 0 0 0 0 0 0 0
180	1	0 0 1 0 0 1 0 1 0 0 0 0 0 1 1 0
180	3	0 1 0 0 1 0 1 1 0 0 1 0 0 0 0 0
180	1	0 0 0 0 1 0 0 0 1 0 0 0 0 1 0 0
190	9	1 0 0 0 1 0 0 1 0 0 0 0 0 0 0 0
190	5	0 1 1 0 0 0 0 0 0 0 0 0 0 1 0 0
190	4	1 1 1 0 1 0 0 1 0 0 0 0 0 0 0 0
190	20	0 0 1 0 1 0 1 1 0 0 0 0 0 0 0 0
190	15	1 1 1 0 1 0 0 1 0 0 1 0 0 0 0 0
190	1	0 0 1 0 1 0 0 0 0 0 0 0 0 0 0 0
190	45	1 1 1 0 1 0 0 0 0 0 0 0 0 0 0 0
190	8	0 1 0 0 0 0 0 0 0 0 0 0 0 0 0 0
190	54	0 0 1 1 1 0 1 1 0 0 0 0 0 0 0 0
190	10	1 0 1 0 1 1 0 1 0 0 0 0 0 0 0 0
190	19	1 1 0 1 0 0 1 1 0 0 0 0 0 0 0 0
190	11	0 0 1 1 1 0 0 0 0 0 0 1 0 0 0 0
190	7	1 0 1 0 1 0 0 1 0 1 1 0 0 0 0 0
190	50	1 1 0 1 1 0 0 1 0 0 0 0 0 0 0 0
190	41	1 1 1 0 1 0 0 0 0 0 0 0 1 0 0 0
190	36	1 1 1 1 1 0 0 1 0 0 0 0 1 0 0 0
190	13	0 0 1 0 1 0 1 0 0 0 0 0 0 0 0 0
190	4	1 1 0 0 1 0 0 1 0 0 1 0 0 0 0 0
190	30	0 0 1 0 1 0 0 1 0 0 0 0 1 0 0 0
190	9	1 1 0 0 1 0 1 1 0 0 0 0 0 0 0 0
190	18	0 1 0 1 0 0 0 0 0 0 0 0 0 0 0 0
190	14	1 0 1 1 1 0 1 1 0 0 0 0 0 0 1 0
190	19	0 0 1 1 1 1 1 1 0 0 0 0 0 0 0 0
190	16	0 0 1 1 1 1 0 1 1 0 0 0 1 0 0 0
190	7	1 1 1 0 1 0 0 1 0 0 0 0 1 0 0 0
190	7	1 1 0 1 1 0 1 0 0 0 0 0 0 0 0 1
190	3	0 1 1 0 1 1 0 0 0 0 0 0 0 0 0 0
190	7	0 1 0 0 0 1 0 0 0 0 0 0 0 0 0 0
190	51	1 1 1 1 1 0 0 0 0 0 0 0 1 0 0 0
190	6	0 0 1 0 1 0 1 1 0 0 0 0 0 0 1 0
190	4	0 0 1 0 0 1 0 1 0 0 0 0 0 0 0 0
190	9	0 0 1 1 1 0 0 0 0 0 0 0 0 0 0 0
190	20	1 1 1 1 1 0 1 1 0 0 1 0 0 0 0 0
190	4	0 0 1 1 1 0 0 1 0 0 0 0 0 0 0 0
190	20	0 0 1 1 1 0 1 1 0 0 1 0 0 0 0 0
190	2	0 0 1 1 1 0 0 1 0 0 0 0 1 0 0 0
190	20	0 0 0 0 1 0 1 1 0 0 1 0 0 0 0 0
190	12	0 0 1 0 1 0 0 1 0 0 0 1 1 0 0 0
190	5	1 0 0 0 1 0 0 0 0 0 0 0 0 0 0 0
190	19	1 1 1 1 1 0 0 1 0 0 0 1 1 0 0 0
190	1	1 1 0 0 1 0 0 1 0 0 1 0 0 1 0 0
190	6	1 1 1 1 1 0 0 1 0 0 0 0 0 0 0 0
190	1	1 1 0 1 0 0 1 1 0 0 0 0 0 1 0 0
190	42	1 1 1 1 1 0 1 1 0 0 0 0 1 0 0 0
190	10	1 1 0 1 1 0 1 1 0 1 1 0 0 0 0 0
190	6	0 0 1 1 1 0 1 0 0 0 0 0 0 0 0 0
190	1	1 1 0 0 1 1 0 1 0 0 0 0 1 0 0 0
190	2	1 0 0 0 1 0 0 1 1 0 0 0 0 0 0 0
190	8	0 1 0 0 1 0 1 1 0 0 0 0 0 0 0 0
190	8	1 0 0 0 1 0 1 1 0 0 0 0 0 0 0 0
190	2	1 1 1 0 1 0 0 1 1 0 1 0 0 0 0 0
190	19	1 0 1 0 1 0 1 1 0 0 0 0 0 0 1 0
190	11	1 1 1 1 1 0 1 1 0 0 0 0 0 0 0 0
190	7	0 1 0 0 1 0 1 0 0 1 0 0 0 0 0 0
190	1	1 1 0 1 0 0 0 1 0 0 0 0 0 0 0 0
190	11	0 0 1 1 1 0 0 1 0 1 0 0 1 0 0 0
190	4	1 0 1 1 1 0 1 1 1 0 0 0 1 0 0 0
190	2	0 0 1 1 0 0 0 0 0 0 0 1 0 0 0 0
190	2	0 1 1 0 1 0 0 1 1 1 0 0 0 0 0 0
190	7	1 1 1 0 1 1 0 0 0 0 0 0 0 0 0 0
190	15	0 0 1 0 0 1 0 1 0 0 0 0 0 1 1 0
190	12	0 1 0 0 1 0 1 1 0 0 1 0 0 0 0 0
190	19	1 1 1 1 1 0 0 0 0 0 0 0 0 0 0 0
190	12	0 1 1 0 1 0 1 1 0 0 0 0 0 0 0 0
190	1	1 1 1 1 1 1 1 1 0 0 0 0 0 0 0 0
190	4	0 0 1 1 1 0 0 1 1 0 0 0 1 0 0 0
190	3	1 1 1 1 1 0 0 1 0 1 1 0 0 0 0 0
190	9	0 1 1 0 1 0 0 1 0 1 1 0 0 0 0 0
190	8	0 0 1 1 1 0 1 1 0 0 1 1 0 0 0 0
190	9	1 1 0 0 1 0 0 1 0 0 0 0 1 1 0 0
190	2	1 1 1 0 1 0 0 0 0 0 0 0 0 1 0 0
190	1	0 0 1 1 1 0 1 1 0 0 1 1 0 0 0 1
190	6	0 0 1 1 1 0 0 0 1 0 0 0 1 1 0 0
190	2	1 1 0 0 1 0 0 0 0 0 0 0 0 0 0 0
190	3	0 1 0 1 0 0 0 0 1 0 0 0 0 0 0 0
190	2	1 0 0 1 0 1 0 1 0 0 0 0 0 0 0 0
190	2	1 0 1 1 1 0 0 1 0 0 0 0 0 0 0 0
190	4	1 0 1 0 0 0 1 1 0 0 0 0 0 0 0 0
190	2	1 1 1 0 1 0 0 0 0 0 1 0 1 0 0 0
190	4	1 1 1 1 1 0 0 0 0 0 0 0 1 0 0 1
190	2	1 1 1 1 1 0 1 1 0 0 1 0 0 0 1 0
190	6	1 0 0 0 1 0 0 1 0 0 0 0 0 0 1 0
190	2	1 0 1 1 1 0 1 1 0 0 0 1 0 0 1 0
190	7	1 1 1 1 1 0 0 0 0 0 0 0 1 0 1 0
190	3	0 1 1 0 1 0 1 1 0 0 0 0 0 0 1 0
190	7	0 0 1 1 0 0 0 1 0 0 0 0 0 0 0 0
190	8	0 1 0 1 1 0 1 0 0 1 0 0 0 0 0 0
190	1	1 0 0 1 0 0 0 1 0 0 0 0 0 0 0 0
190	5	1 1 0 0 1 0 0 1 0 0 0 0 0 1 1 0
190	2	0 0 1 0 1 0 0 1 0 0 1 0 0 0 0 0
190	4	0 0 1 0 1 0 1 1 0 0 0 0 0 1 0 0
190	2	1 1 1 1 1 0 0 1 0 0 0 0 1 0 1 0
190	1	1 1 0 0 1 0 1 0 0 0 0 0 0 0 0 1
190	2	1 1 0 0 0 0 0 0 0 0 0 0 0 0 0 0
190	2	0 0 1 0 1 0 1 0 0 0 0 0 0 0 0 1
190	2	0 0 1 0 1 0 0 1 1 0 0 0 1 0 0 0
190	1	1 1 0 0 1 0 1 1 0 0 0 0 0 0 0 1
190	1	0 0 1 1 1 0 1 0 0 0 0 0 0 0 1 0
190	2	0 0 1 1 1 0 0 1 0 0 1 1 0 0 0 1
190	1	1 1 1 1 1 0 0 0 0 0 1 0 1 0 1 0
190	2	0 0 1 0 1 0 0 1 1 1 0 0 0 0 0 0
190	2	1 0 0 1 0 1 0 1 0 0 0 0 0 0 0 1
190	1	0 0 1 1 1 0 1 1 0 0 0 1 0 0 0 0
190	1	0 0 1 0 1 0 1 0 1 0 0 0 0 0 0 0
190	3	0 1 1 1 1 1 1 1 0 0 0 0 0 0 0 0
190	2	1 1 1 1 1 0 1 0 0 0 0 0 0 0 0 1
190	1	0 1 1 0 1 0 1 1 1 0 0 0 0 0 0 0
190	2	1 0 0 0 1 0 0 0 0 0 0 0 0 0 1 0
200	2	1 0 0 0 1 0 0 1 0 0 0 0 0 0 0 0
200	3	0 1 1 0 0 0 0 0 0 0 0 0 0 1 0 0
200	4	1 1 1 0 1 0 0 1 0 0 0 0 0 0 0 0
200	15	0 0 1 0 1 0 1 1 0 0 0 0 0 0 0 0
200	32	1 1 1 0 1 0 0 0 0 0 0 0 0 0 0 0
200	4	0 1 0 0 0 0 0 0 0 0 0 0 0 0 0 0
200	11	0 0 1 1 1 0 1 1 0 0 0 0 0 0 0 0
200	5	1 0 1 0 1 1 0 1 0 0 0 0 0 0 0 0
200	34	1 1 0 1 0 0 1 1 0 0 0 0 0 0 0 0
200	7	0 0 1 1 1 0 0 0 0 0 0 1 0 0 0 0
200	6	1 0 1 0 1 0 0 1 0 1 1 0 0 0 0 0
200	77	1 1 0 1 1 0 0 1 0 0 0 0 0 0 0 0
200	29	1 1 1 0 1 0 0 0 0 0 0 0 1 0 0 0
200	70	1 1 1 1 1 0 0 1 0 0 0 0 1 0 0 0
200	4	0 0 1 0 1 0 1 0 0 0 0 0 0 0 0 0
200	1	0 0 1 0 1 0 0 1 0 0 0 0 1 0 0 0
200	5	1 1 0 0 1 0 1 1 0 0 0 0 0 0 0 0
200	7	0 1 0 1 0 0 0 0 0 0 0 0 0 0 0 0
200	1	1 0 1 1 1 0 1 1 0 0 0 0 0 0 1 0
200	16	0 0 1 1 1 1 1 1 0 0 0 0 0 0 0 0
200	9	1 1 1 0 1 0 0 1 0 0 0 0 1 0 0 0
200	1	1 1 0 1 1 0 1 0 0 0 0 0 0 0 0 1
200	111	1 1 1 1 1 0 0 0 0 0 0 0 1 0 0 0
200	3	0 0 1 0 0 1 0 1 0 0 0 0 0 0 0 0
200	4	0 0 1 1 1 0 0 0 0 0 0 0 0 0 0 0
200	10	1 1 1 1 1 0 1 1 0 0 1 0 0 0 0 0
200	2	0 0 1 1 1 0 0 1 0 0 0 0 0 0 0 0
200	21	0 0 0 0 1 0 1 1 0 0 1 0 0 0 0 0
200	12	0 0 1 0 1 0 0 1 0 0 0 1 1 0 0 0
200	2	1 1 1 1 1 0 0 1 0 0 0 1 1 0 0 0
200	43	1 1 1 1 1 0 1 1 0 0 0 0 1 0 0 0
200	6	1 1 0 1 1 0 1 1 0 1 1 0 0 0 0 0
200	15	0 0 1 1 1 0 1 0 0 0 0 0 0 0 0 0
200	13	1 0 0 0 1 0 1 1 0 0 0 0 0 0 0 0
200	2	1 0 1 0 1 0 1 1 0 0 0 0 0 0 1 0
200	8	1 1 1 1 1 0 1 1 0 0 0 0 0 0 0 0
200	1	0 1 0 0 1 0 1 0 0 1 0 0 0 0 0 0
200	5	0 0 1 1 1 0 0 1 0 1 0 0 1 0 0 0
200	1	0 1 1 0 1 0 0 1 1 1 0 0 0 0 0 0
200	5	0 0 1 0 0 1 0 1 0 0 0 0 0 1 1 0
200	56	1 1 1 1 1 0 0 0 0 0 0 0 0 0 0 0
200	1	0 1 1 0 1 0 1 1 0 0 0 0 0 0 0 0
200	2	0 0 1 1 1 0 0 1 1 0 0 0 1 0 0 0
200	8	0 1 1 0 1 0 0 1 0 1 1 0 0 0 0 0
200	7	0 0 1 1 1 0 1 1 0 0 1 1 0 0 0 0
200	2	0 0 1 1 1 0 1 1 0 0 1 1 0 0 0 1
200	8	1 1 0 0 1 0 0 0 0 0 0 0 0 0 0 0
200	6	1 0 1 0 0 0 1 1 0 0 0 0 0 0 0 0
200	12	1 1 1 1 1 0 0 0 0 0 0 0 1 0 0 1
200	5	1 1 1 1 1 0 1 1 0 0 1 0 0 0 1 0
200	4	0 1 1 0 1 0 1 1 0 0 0 0 0 0 1 0
200	4	0 0 1 1 0 0 0 1 0 0 0 0 0 0 0 0
200	13	0 1 0 1 1 0 1 0 0 1 0 0 0 0 0 0
200	8	1 1 0 0 1 0 0 1 0 0 0 0 0 1 1 0
200	4	1 1 1 1 1 0 0 1 0 0 0 0 1 0 1 0
200	10	0 0 1 0 1 0 0 1 1 1 0 0 0 0 0 0
200	9	1 1 1 1 1 0 1 0 0 0 0 0 0 0 0 1
200	6	1 0 1 1 1 0 1 1 0 0 0 0 0 0 0 0
200	1	0 0 0 1 1 1 0 1 1 0 0 0 1 0 0 0
200	5	1 1 0 1 1 0 1 1 0 0 0 0 0 0 0 1
200	5	0 0 0 0 0 1 0 1 0 0 0 0 0 1 1 0
200	13	1 1 1 1 1 0 1 0 0 0 0 0 0 0 0 0
200	11	0 1 1 1 1 0 0 1 0 1 1 0 0 0 0 0
200	3	1 1 1 0 0 0 0 1 0 0 1 0 0 0 0 0
200	1	1 1 1 0 1 0 0 0 0 0 0 0 1 0 0 1
200	3	1 1 1 0 1 0 0 0 0 0 0 1 1 0 0 0
200	7	1 1 0 1 1 0 0 1 0 0 0 0 1 0 0 0
200	19	1 1 1 1 1 0 1 0 0 0 0 0 1 0 0 0
200	10	1 1 1 0 1 0 0 0 0 0 0 0 1 1 0 0
200	13	0 0 1 1 1 1 0 0 0 0 0 0 0 0 0 0
200	1	0 1 0 1 0 1 0 0 0 0 0 0 0 0 0 0
200	1	1 1 1 0 1 0 1 1 0 0 0 0 0 0 0 0
200	2	0 1 0 1 0 0 1 1 0 0 1 0 0 0 0 0
200	4	1 0 1 1 1 0 1 0 0 0 0 0 0 0 0 0
200	5	0 1 1 1 1 0 1 1 0 0 0 0 1 0 0 0
200	14	1 0 1 0 1 1 0 1 0 0 1 0 0 0 0 0
200	1	1 1 1 1 1 0 0 1 0 0 0 0 1 1 0 0
200	7	0 0 1 1 1 1 1 1 0 0 0 0 0 0 1 0
200	1	1 1 1 0 1 0 1 1 0 0 0 0 0 0 1 0
200	10	1 0 0 0 1 0 0 1 0 0 0 1 0 0 1 0
200	3	0 1 0 0 0 0 1 1 0 0 0 0 0 0 0 0
200	2	1 1 1 0 0 0 0 0 0 0 0 0 1 0 0 0
200	1	0 0 1 1 1 1 1 1 0 0 0 0 0 1 0 0
200	1	0 0 1 0 0 1 0 1 0 1 0 0 0 1 1 0
200	4	0 1 0 0 1 1 1 1 0 0 1 0 0 0 0 0
200	2	0 0 1 1 1 0 0 0 1 0 0 0 1 0 0 0
200	3	1 1 1 1 1 0 0 0 0 0 1 1 0 0 0 0
200	1	1 1 1 1 1 0 0 1 0 0 0 1 0 0 1 0
200	1	0 0 0 0 1 0 1 0 0 0 0 0 0 0 0 0
200	3	0 0 1 1 1 0 0 0 1 0 0 0 0 0 0 0
200	3	0 1 1 1 1 0 1 1 0 0 0 0 0 0 0 0
200	5	0 0 1 1 1 0 0 0 0 1 0 0 1 0 0 0
200	6	1 1 1 1 1 0 0 1 0 0 0 1 1 1 0 0
200	4	0 0 1 1 1 0 1 1 0 0 0 0 1 0 0 0
200	1	1 1 1 1 1 0 0 1 0 0 0 0 0 1 1 0
200	5	1 0 1 1 1 0 1 1 0 0 0 0 1 0 0 0
200	1	0 1 0 0 0 0 0 0 1 0 0 0 0 0 0 0
200	2	0 0 1 0 1 0 1 0 0 0 0 0 0 0 0 1
200	6	1 1 1 0 0 0 0 1 0 0 0 0 1 0 0 0
200	1	1 1 1 1 0 0 1 1 0 0 0 0 1 0 0 0
200	1	0 1 0 1 1 0 1 0 0 1 0 1 0 0 0 0
200	2	0 0 1 1 1 0 0 1 0 0 0 0 0 1 1 0
200	2	1 1 0 1 1 0 0 1 0 1 0 0 0 0 0 0
200	2	1 1 1 1 1 0 1 0 0 0 1 0 1 0 0 0
200	2	1 0 1 1 1 0 0 0 0 1 1 0 0 0 0 0
200	2	1 1 0 1 0 0 0 0 0 0 0 0 0 0 0 0
200	1	1 1 0 1 1 0 0 0 0 0 0 0 0 0 0 0
200	1	1 1 1 1 1 0 0 1 0 0 0 0 0 0 0 0
200	1	1 0 0 0 1 0 0 0 0 0 0 0 0 0 0 0
200	2	1 0 1 0 1 0 1 1 0 0 0 0 0 0 0 0
200	2	0 0 1 1 1 0 0 0 0 0 0 1 1 0 0 0
200	1	0 0 1 1 1 1 1 1 0 1 0 0 0 0 0 0
200	1	1 1 1 1 1 0 1 1 1 0 0 0 1 0 0 0
200	1	0 0 1 1 1 0 1 0 0 0 0 0 1 0 0 0
200	2	1 0 0 0 1 0 1 1 0 0 0 0 1 0 0 0
200	2	1 0 0 0 1 1 1 1 0 0 0 0 0 0 0 0
200	2	1 1 1 1 1 0 0 0 0 0 0 0 0 0 1 0
200	1	0 1 1 0 1 0 0 1 0 1 0 0 0 0 0 0
200	2	1 0 1 1 1 0 1 1 0 0 0 1 0 0 0 0
200	4	1 1 1 1 0 0 1 0 0 0 0 0 0 0 0 0
200	1	0 0 0 0 1 0 1 0 0 0 0 0 0 0 1 0
200	1	0 0 1 1 1 0 1 1 0 0 1 0 1 0 0 0
210	12	1 1 1 0 1 0 0 1 0 0 0 0 0 0 0 0
210	3	0 0 1 0 1 0 1 1 0 0 0 0 0 0 0 0
210	25	1 1 1 0 1 0 0 0 0 0 0 0 0 0 0 0
210	1	0 1 0 0 0 0 0 0 0 0 0 0 0 0 0 0
210	9	1 0 1 0 1 1 0 1 0 0 0 0 0 0 0 0
210	11	1 1 0 1 0 0 1 1 0 0 0 0 0 0 0 0
210	69	1 1 0 1 1 0 0 1 0 0 0 0 0 0 0 0
210	30	1 1 1 0 1 0 0 0 0 0 0 0 1 0 0 0
210	61	1 1 1 1 1 0 0 1 0 0 0 0 1 0 0 0
210	1	0 0 1 0 1 0 1 0 0 0 0 0 0 0 0 0
210	3	1 1 0 0 1 0 1 1 0 0 0 0 0 0 0 0
210	4	0 1 0 1 0 0 0 0 0 0 0 0 0 0 0 0
210	24	0 0 1 1 1 1 1 1 0 0 0 0 0 0 0 0
210	2	1 1 1 0 1 0 0 1 0 0 0 0 1 0 0 0
210	2	1 1 0 1 1 0 1 0 0 0 0 0 0 0 0 1
210	119	1 1 1 1 1 0 0 0 0 0 0 0 1 0 0 0
210	7	0 0 1 1 1 0 0 0 0 0 0 0 0 0 0 0
210	10	1 1 1 1 1 0 1 1 0 0 1 0 0 0 0 0
210	19	0 0 1 1 1 0 0 1 0 0 0 0 0 0 0 0
210	17	0 0 0 0 1 0 1 1 0 0 1 0 0 0 0 0
210	2	0 0 1 0 1 0 0 1 0 0 0 1 1 0 0 0
210	4	1 1 1 1 1 0 0 1 0 0 0 1 1 0 0 0
210	29	1 1 1 1 1 0 1 1 0 0 0 0 1 0 0 0
210	6	0 0 1 1 1 0 1 0 0 0 0 0 0 0 0 0
210	2	1 0 0 0 1 0 1 1 0 0 0 0 0 0 0 0
210	1	1 0 1 0 1 0 1 1 0 0 0 0 0 0 1 0
210	16	1 1 1 1 1 0 1 1 0 0 0 0 0 0 0 0
210	67	1 1 1 1 1 0 0 0 0 0 0 0 0 0 0 0
210	21	0 1 1 0 1 0 1 1 0 0 0 0 0 0 0 0
210	6	0 1 1 0 1 0 0 1 0 1 1 0 0 0 0 0
210	10	0 0 1 1 1 0 1 1 0 0 1 1 0 0 0 0
210	4	0 0 1 1 1 0 1 1 0 0 1 1 0 0 0 1
210	9	1 1 1 1 1 0 0 0 0 0 0 0 1 0 0 1
210	5	1 1 1 1 1 0 1 1 0 0 1 0 0 0 1 0
210	9	0 1 0 1 1 0 1 0 0 1 0 0 0 0 0 0
210	7	1 1 0 0 1 0 0 1 0 0 0 0 0 1 1 0
210	2	1 1 1 1 1 0 0 1 0 0 0 0 1 0 1 0
210	23	1 1 1 1 1 0 1 0 0 0 0 0 0 0 0 1
210	6	1 0 1 1 1 0 1 1 0 0 0 0 0 0 0 0
210	12	1 1 0 1 1 0 1 1 0 0 0 0 0 0 0 1
210	54	1 1 1 1 1 0 1 0 0 0 0 0 0 0 0 0
210	2	0 1 1 1 1 0 0 1 0 1 1 0 0 0 0 0
210	19	1 1 1 1 1 0 1 0 0 0 0 0 1 0 0 0
210	1	1 1 1 0 1 0 0 0 0 0 0 0 1 1 0 0
210	12	0 0 1 1 1 1 0 0 0 0 0 0 0 0 0 0
210	8	0 1 0 1 0 0 1 1 0 0 1 0 0 0 0 0
210	9	0 1 1 1 1 0 1 1 0 0 0 0 1 0 0 0
210	4	0 0 1 1 1 1 1 1 0 0 0 0 0 0 1 0
210	4	1 1 1 0 1 0 1 1 0 0 0 0 0 0 1 0
210	4	1 0 0 0 1 0 0 1 0 0 0 1 0 0 1 0
210	10	0 1 0 0 1 1 1 1 0 0 1 0 0 0 0 0
210	3	0 1 1 1 1 0 1 1 0 0 0 0 0 0 0 0
210	8	1 1 1 1 1 0 0 1 0 0 0 1 1 1 0 0
210	3	1 0 1 1 1 0 1 1 0 0 0 0 1 0 0 0
210	2	0 0 1 0 1 0 1 0 0 0 0 0 0 0 0 1
210	3	1 1 0 1 1 0 0 1 0 1 0 0 0 0 0 0
210	10	1 0 1 1 1 0 0 0 0 1 1 0 0 0 0 0
210	10	1 1 0 1 0 0 0 0 0 0 0 0 0 0 0 0
210	4	1 1 1 1 1 0 0 1 0 0 0 0 0 0 0 0
210	1	1 0 0 0 1 0 0 0 0 0 0 0 0 0 0 0
210	2	1 0 1 0 1 0 1 1 0 0 0 0 0 0 0 0
210	9	1 1 1 1 0 0 1 0 0 0 0 0 0 0 0 0
210	8	0 0 1 0 1 0 0 1 1 0 0 0 0 0 0 0
210	4	1 1 1 1 1 0 0 1 0 0 1 0 1 0 0 0
210	16	0 1 0 0 1 0 1 1 0 0 1 0 0 0 0 0
210	4	1 1 0 1 1 0 0 0 0 0 0 0 1 0 0 0
210	5	1 1 1 0 1 0 0 0 0 1 0 0 0 0 0 0
210	7	1 1 0 1 0 0 0 1 0 0 0 0 0 0 0 0
210	2	1 1 1 1 1 0 0 0 0 1 0 0 1 0 0 0
210	4	1 1 1 0 1 0 0 1 0 0 0 0 1 0 0 1
210	1	1 1 0 1 1 0 1 1 0 1 0 0 0 0 0 1
210	1	0 0 1 0 1 0 0 1 0 0 0 1 0 0 0 1
210	4	1 1 1 1 1 0 0 1 0 0 0 0 0 0 0 1
210	3	1 1 0 0 1 0 0 0 0 0 0 0 1 0 0 0
210	3	1 1 0 0 1 0 0 1 0 0 0 0 0 0 0 0
210	3	1 1 0 1 1 0 0 1 0 0 0 0 0 0 1 0
210	7	1 0 1 1 1 1 1 1 0 0 0 0 0 0 0 0
210	15	1 1 1 1 1 0 1 0 0 1 0 0 0 0 0 0
210	4	1 1 1 1 1 1 1 0 0 0 0 0 1 0 0 0
210	2	1 1 1 1 1 0 1 0 0 0 1 0 1 0 0 0
210	7	1 1 1 1 1 0 0 0 1 0 0 0 0 0 0 0
210	2	1 1 0 0 0 0 0 1 0 0 0 0 0 1 1 0
210	1	1 1 0 1 1 0 1 1 0 0 0 0 1 0 0 0
210	6	1 1 1 1 1 0 1 1 0 0 0 0 0 0 0 1
210	2	1 0 0 0 1 0 1 1 0 0 0 0 1 0 0 0
210	1	1 1 1 0 1 0 1 1 0 0 1 1 0 0 0 0
210	9	0 1 1 1 0 0 1 1 0 0 0 0 1 0 0 0
210	3	1 0 0 0 1 0 0 1 0 0 0 0 1 0 0 0
210	4	1 1 0 1 1 0 0 1 0 0 0 0 0 0 0 1
210	3	1 1 0 1 0 0 1 1 0 0 0 0 1 0 0 0
210	3	1 1 0 1 1 0 0 1 1 0 0 0 0 0 0 0
210	3	1 1 0 1 1 0 0 1 0 0 0 0 1 0 0 0
210	1	0 0 1 1 1 0 0 1 0 0 0 1 1 0 0 0
210	1	1 1 0 0 1 0 0 0 0 1 0 0 0 0 0 0
210	1	1 1 0 1 1 0 0 0 0 0 0 0 0 0 0 0
210	2	1 1 0 1 1 0 1 0 0 1 0 0 0 0 0 0
210	1	1 0 1 1 1 0 1 1 0 0 0 0 1 0 1 0
210	2	0 0 1 0 1 0 0 0 0 0 0 0 0 0 0 0
210	2	1 0 0 0 1 0 1 1 0 0 0 0 0 1 0 0
210	1	1 1 1 0 1 0 0 1 0 0 1 0 1 0 0 0
220	8	1 1 1 0 1 0 0 1 0 0 0 0 0 0 0 0
220	31	1 1 1 0 1 0 0 0 0 0 0 0 0 0 0 0
220	1	1 0 1 0 1 1 0 1 0 0 0 0 0 0 0 0
220	18	1 1 0 1 0 0 1 1 0 0 0 0 0 0 0 0
220	106	1 1 0 1 1 0 0 1 0 0 0 0 0 0 0 0
220	17	1 1 1 0 1 0 0 0 0 0 0 0 1 0 0 0
220	35	1 1 1 1 1 0 0 1 0 0 0 0 1 0 0 0
220	25	0 0 1 1 1 1 1 1 0 0 0 0 0 0 0 0
220	107	1 1 1 1 1 0 0 0 0 0 0 0 1 0 0 0
220	44	0 0 1 1 1 0 0 0 0 0 0 0 0 0 0 0
220	1	1 1 1 1 1 0 1 1 0 0 1 0 0 0 0 0
220	7	0 0 1 1 1 0 0 1 0 0 0 0 0 0 0 0
220	3	0 0 0 0 1 0 1 1 0 0 1 0 0 0 0 0
220	3	1 1 1 1 1 0 0 1 0 0 0 1 1 0 0 0
220	22	1 1 1 1 1 0 1 1 0 0 0 0 1 0 0 0
220	4	0 0 1 1 1 0 1 0 0 0 0 0 0 0 0 0
220	18	1 1 1 1 1 0 1 1 0 0 0 0 0 0 0 0
220	92	1 1 1 1 1 0 0 0 0 0 0 0 0 0 0 0
220	31	0 1 1 0 1 0 1 1 0 0 0 0 0 0 0 0
220	1	0 1 1 0 1 0 0 1 0 1 1 0 0 0 0 0
220	7	1 1 1 1 1 0 0 0 0 0 0 0 1 0 0 1
220	1	1 1 1 1 1 0 1 1 0 0 1 0 0 0 1 0
220	9	0 1 0 1 1 0 1 0 0 1 0 0 0 0 0 0
220	9	1 1 1 1 1 0 1 0 0 0 0 0 0 0 0 1
220	42	1 0 1 1 1 0 1 1 0 0 0 0 0 0 0 0
220	12	1 1 0 1 1 0 1 1 0 0 0 0 0 0 0 1
220	32	1 1 1 1 1 0 1 0 0 0 0 0 0 0 0 0
220	14	1 1 1 1 1 0 1 0 0 0 0 0 1 0 0 0
220	3	0 0 1 1 1 1 0 0 0 0 0 0 0 0 0 0
220	1	0 1 0 0 1 1 1 1 0 0 1 0 0 0 0 0
220	1	1 1 1 1 1 0 0 1 0 0 0 1 1 1 0 0
220	2	1 0 1 1 1 0 1 1 0 0 0 0 1 0 0 0
220	19	1 1 0 1 1 0 0 1 0 1 0 0 0 0 0 0
220	39	1 0 1 1 1 0 0 0 0 1 1 0 0 0 0 0
220	11	1 1 0 1 0 0 0 0 0 0 0 0 0 0 0 0
220	12	1 1 1 1 1 0 0 1 0 0 0 0 0 0 0 0
220	2	1 0 1 0 1 0 1 1 0 0 0 0 0 0 0 0
220	4	1 1 1 1 0 0 1 0 0 0 0 0 0 0 0 0
220	5	1 1 1 0 1 0 0 0 0 1 0 0 0 0 0 0
220	10	1 1 0 1 0 0 0 1 0 0 0 0 0 0 0 0
220	4	1 1 1 1 1 0 0 0 0 1 0 0 1 0 0 0
220	16	1 1 1 1 1 0 0 1 0 0 0 0 0 0 0 1
220	7	1 1 1 1 1 0 1 0 0 1 0 0 0 0 0 0
220	4	1 1 1 1 1 1 1 0 0 0 0 0 1 0 0 0
220	17	1 1 1 1 1 0 0 0 1 0 0 0 0 0 0 0
220	11	1 1 1 1 1 0 1 1 0 0 0 0 0 0 0 1
220	3	1 0 0 0 1 0 1 1 0 0 0 0 1 0 0 0
220	2	1 0 0 0 1 0 0 1 0 0 0 0 1 0 0 0
220	3	1 1 1 0 1 0 0 1 0 0 1 0 1 0 0 0
220	4	1 1 1 1 1 0 0 1 0 0 0 0 1 1 0 0
220	13	1 0 1 1 1 0 0 1 0 0 0 0 1 0 0 0
220	1	0 1 0 1 1 0 1 0 1 1 0 0 0 0 0 0
220	3	1 0 1 0 1 0 1 1 0 0 0 1 0 0 0 0
220	9	0 1 1 0 1 0 0 0 0 0 0 0 0 0 0 0
220	6	1 0 1 1 1 0 0 1 0 0 0 0 0 0 0 0
220	3	1 1 0 1 1 0 0 0 0 0 0 0 0 0 0 1
220	3	0 1 1 0 1 0 0 0 0 0 0 0 1 0 0 0
220	5	1 1 1 0 1 1 0 0 0 0 0 0 1 0 0 0
220	4	0 0 1 1 1 0 0 1 0 0 0 0 1 0 0 0
220	1	1 0 1 1 1 1 0 0 0 0 0 0 1 0 0 0
220	1	0 0 1 1 1 0 0 0 0 0 0 0 1 0 0 0
220	1	1 1 0 1 1 0 0 0 0 0 0 0 1 0 0 0
220	5	1 1 1 0 1 0 1 1 0 0 0 0 0 0 0 0
220	4	0 0 1 1 1 1 1 1 0 0 0 1 0 0 0 0
220	3	0 0 1 0 1 0 0 1 0 1 1 0 0 0 0 0
220	5	1 1 1 1 1 0 1 0 0 0 0 0 1 1 0 0
220	2	1 1 0 1 0 0 0 1 0 1 0 0 0 0 0 0
220	3	1 1 1 1 0 0 0 0 0 1 0 0 1 0 0 0
220	5	1 1 0 1 1 0 0 0 0 0 0 0 0 0 0 0
220	2	1 1 0 1 1 0 0 1 0 0 0 1 0 0 0 0
220	1	1 1 1 1 1 0 0 1 1 0 0 0 1 0 0 0
220	3	0 0 1 0 1 0 1 1 0 0 0 0 0 0 0 0
220	4	0 1 1 0 1 0 0 0 0 1 1 0 0 0 0 0
220	2	1 0 1 1 1 0 0 0 0 0 0 0 1 0 0 0
220	1	1 1 1 0 1 0 1 1 0 0 0 0 1 0 0 0
220	3	0 1 1 0 0 0 1 1 0 0 0 0 0 0 0 0
220	3	0 1 0 0 1 1 1 1 1 0 1 0 0 0 0 0
220	3	1 0 0 1 1 0 0 1 0 1 0 0 0 0 0 0
220	1	1 1 0 1 1 0 1 1 0 0 0 0 0 0 0 0
220	2	0 0 1 1 1 0 0 1 0 0 0 0 1 1 0 0
220	3	0 1 1 0 1 0 0 1 0 0 0 1 0 0 1 0
220	2	1 0 1 0 1 0 0 0 0 0 0 0 1 0 0 0
220	2	1 0 1 1 1 0 0 0 0 0 0 0 0 0 0 0
220	1	1 1 0 1 0 0 0 0 0 1 1 0 0 0 0 0
220	1	1 1 0 1 0 0 0 0 0 0 0 0 0 0 0 1
220	1	1 1 1 1 1 0 0 0 0 0 1 0 0 0 0 0
220	1	1 1 0 1 1 0 1 1 0 1 0 0 0 0 0 0
220	2	1 1 0 1 1 0 0 1 0 1 0 0 1 0 0 0
220	4	0 0 1 1 1 1 1 1 0 0 0 1 0 0 1 0
220	1	0 0 1 1 1 1 1 1 0 0 0 1 1 0 0 0
230	32	1 1 1 0 1 0 0 0 0 0 0 0 0 0 0 0
230	12	1 1 0 1 0 0 1 1 0 0 0 0 0 0 0 0
230	30	1 1 0 1 1 0 0 1 0 0 0 0 0 0 0 0
230	20	1 1 1 0 1 0 0 0 0 0 0 0 1 0 0 0
230	7	1 1 1 1 1 0 0 1 0 0 0 0 1 0 0 0
230	18	0 0 1 1 1 1 1 1 0 0 0 0 0 0 0 0
230	91	1 1 1 1 1 0 0 0 0 0 0 0 1 0 0 0
230	11	0 0 1 1 1 0 0 0 0 0 0 0 0 0 0 0
230	16	1 1 1 1 1 0 1 1 0 0 1 0 0 0 0 0
230	13	0 0 1 1 1 0 0 1 0 0 0 0 0 0 0 0
230	2	1 1 1 1 1 0 0 1 0 0 0 1 1 0 0 0
230	35	1 1 1 1 1 0 1 1 0 0 0 0 1 0 0 0
230	15	0 0 1 1 1 0 1 0 0 0 0 0 0 0 0 0
230	41	1 1 1 1 1 0 1 1 0 0 0 0 0 0 0 0
230	97	1 1 1 1 1 0 0 0 0 0 0 0 0 0 0 0
230	1	0 1 1 0 1 0 1 1 0 0 0 0 0 0 0 0
230	2	1 1 1 1 1 0 0 0 0 0 0 0 1 0 0 1
230	5	1 1 1 1 1 0 1 0 0 0 0 0 0 0 0 1
230	32	1 0 1 1 1 0 1 1 0 0 0 0 0 0 0 0
230	2	1 1 0 1 1 0 1 1 0 0 0 0 0 0 0 1
230	62	1 1 1 1 1 0 1 0 0 0 0 0 0 0 0 0
230	43	1 1 1 1 1 0 1 0 0 0 0 0 1 0 0 0
230	4	1 1 0 1 1 0 0 1 0 1 0 0 0 0 0 0
230	10	1 0 1 1 1 0 0 0 0 1 1 0 0 0 0 0
230	34	1 1 0 1 0 0 0 0 0 0 0 0 0 0 0 0
230	29	1 1 1 1 1 0 0 1 0 0 0 0 0 0 0 0
230	1	1 1 1 1 0 0 1 0 0 0 0 0 0 0 0 0
230	7	1 1 1 0 1 0 0 0 0 1 0 0 0 0 0 0
230	10	1 1 0 1 0 0 0 1 0 0 0 0 0 0 0 0
230	14	1 1 1 1 1 0 1 0 0 1 0 0 0 0 0 0
230	8	1 1 1 1 1 1 1 0 0 0 0 0 1 0 0 0
230	34	1 1 1 1 1 0 0 0 1 0 0 0 0 0 0 0
230	3	1 1 1 1 1 0 1 1 0 0 0 0 0 0 0 1
230	4	1 0 0 0 1 0 1 1 0 0 0 0 1 0 0 0
230	2	1 1 1 0 1 0 0 1 0 0 1 0 1 0 0 0
230	1	1 1 1 1 1 0 0 1 0 0 0 0 1 1 0 0
230	4	1 0 1 1 1 0 0 1 0 0 0 0 1 0 0 0
230	2	0 1 0 1 1 0 1 0 1 1 0 0 0 0 0 0
230	9	1 0 1 0 1 0 1 1 0 0 0 1 0 0 0 0
230	17	1 1 1 0 1 1 0 0 0 0 0 0 1 0 0 0
230	5	1 1 1 0 1 0 1 1 0 0 0 0 0 0 0 0
230	4	0 0 1 1 1 1 1 1 0 0 0 1 0 0 0 0
230	2	0 0 1 0 1 0 0 1 0 1 1 0 0 0 0 0
230	8	1 1 1 1 1 0 1 0 0 0 0 0 1 1 0 0
230	2	1 1 1 1 0 0 0 0 0 1 0 0 1 0 0 0
230	1	1 1 0 1 1 0 0 0 0 0 0 0 0 0 0 0
230	2	0 1 1 0 1 0 0 0 0 1 1 0 0 0 0 0
230	7	1 0 1 1 1 0 0 0 0 0 0 0 1 0 0 0
230	4	1 1 1 0 1 0 1 1 0 0 0 0 1 0 0 0
230	8	1 1 0 1 1 0 1 1 0 0 0 0 0 0 0 0
230	3	0 0 1 1 1 0 0 1 0 0 0 0 1 1 0 0
230	11	0 1 1 0 1 0 0 1 0 0 0 1 0 0 1 0
230	2	1 0 1 0 1 0 0 0 0 0 0 0 1 0 0 0
230	8	1 0 1 1 1 0 0 0 0 0 0 0 0 0 0 0
230	10	1 1 0 1 0 0 0 0 0 1 1 0 0 0 0 0
230	2	1 1 1 1 1 0 0 0 0 0 1 0 0 0 0 0
230	2	1 1 0 1 1 0 0 1 0 1 0 0 1 0 0 0
230	1	0 1 1 1 1 0 0 0 0 0 0 0 1 0 0 0
230	2	1 1 1 0 1 0 0 0 0 1 1 0 0 0 0 0
230	1	0 0 1 1 1 0 0 0 1 0 0 0 0 0 0 0
230	3	0 1 1 0 1 0 1 1 0 0 0 0 0 0 1 0
230	13	0 0 1 1 1 0 0 0 0 0 0 0 1 0 0 0
230	10	1 1 1 1 1 1 0 0 0 0 0 0 1 0 0 0
230	1	0 0 1 1 1 0 1 0 1 0 0 0 0 0 0 0
230	2	1 1 1 1 1 0 1 1 1 0 0 0 0 0 0 0
230	6	1 1 1 1 1 0 1 0 0 1 0 0 0 0 0 1
230	1	1 1 1 1 1 0 1 0 1 0 0 0 0 0 0 0
230	4	1 1 1 1 1 0 0 0 0 0 0 1 1 0 0 0
230	1	1 1 0 1 0 0 1 0 0 0 0 0 0 0 0 0
230	2	1 1 1 0 1 0 1 0 0 0 0 0 0 0 0 0
230	11	1 1 1 1 1 0 0 0 0 0 0 0 0 0 1 0
230	9	1 0 1 1 1 0 0 0 0 0 0 0 1 0 0 1
230	6	1 1 0 1 1 0 0 1 0 1 1 0 0 0 0 0
230	2	1 1 0 1 0 0 0 0 0 0 0 0 1 0 0 0
230	1	1 1 1 1 1 0 1 1 0 0 1 0 1 0 0 0
230	1	0 1 0 1 0 0 1 1 0 0 0 0 0 0 0 1
230	2	1 1 1 0 1 0 0 1 0 1 0 0 0 0 0 0
230	3	1 1 1 1 1 0 1 0 0 1 1 0 0 0 0 0
230	3	1 0 1 1 1 0 1 1 0 0 0 0 1 0 0 0
230	1	1 1 0 1 1 0 0 1 0 1 0 0 0 1 0 0
230	3	1 1 1 1 1 0 0 0 1 0 0 0 0 0 1 0
230	3	1 1 1 0 1 0 1 0 0 0 0 0 1 0 0 0
230	2	1 1 1 1 1 1 0 0 0 0 0 0 1 0 1 0
230	2	0 0 0 0 1 0 1 1 0 0 1 0 1 0 0 0
230	2	1 1 1 0 1 0 0 1 0 0 0 0 1 0 0 0
230	1	1 1 0 1 0 0 1 1 0 1 0 0 0 0 0 0
230	2	0 1 0 1 1 0 1 0 1 1 0 0 1 0 0 0
230	2	1 1 0 1 1 0 0 1 0 0 0 0 0 1 0 0
230	2	1 1 1 1 1 0 0 0 1 0 0 0 1 0 0 0
230	1	1 1 1 1 1 0 1 1 0 0 1 0 0 1 0 0
230	1	1 1 1 1 1 0 0 1 0 0 0 1 1 0 0 1
230	2	0 1 1 1 1 0 1 0 0 0 0 0 0 0 0 0
230	3	1 1 0 1 0 0 0 0 0 0 0 0 0 1 0 0
230	4	1 0 1 1 1 1 0 0 0 0 0 0 0 0 0 0
230	4	1 0 1 1 1 0 0 0 1 0 0 0 0 0 0 0
230	1	0 0 1 0 1 0 0 0 0 0 0 0 0 0 0 0
230	4	0 1 1 0 1 0 0 1 0 0 0 0 0 0 0 0
230	1	1 1 0 1 0 0 1 1 1 0 0 0 0 0 0 0
230	1	0 0 1 1 1 0 1 1 0 0 0 0 0 0 0 0
230	1	1 1 1 1 1 1 1 1 0 0 0 0 0 0 0 0
230	4	1 1 1 1 1 1 0 0 0 0 0 0 0 0 0 0
230	1	0 1 1 1 1 0 0 0 0 0 0 0 0 0 0 0
230	1	1 1 1 1 1 0 1 0 0 1 0 0 1 0 0 0
230	2	0 0 0 0 1 0 1 1 0 0 0 0 1 0 0 0
230	3	1 1 0 1 1 0 1 1 0 1 0 0 0 0 0 0
240	34	1 1 1 0 1 0 0 0 0 0 0 0 0 0 0 0
240	25	1 1 0 1 0 0 1 1 0 0 0 0 0 0 0 0
240	37	1 1 0 1 1 0 0 1 0 0 0 0 0 0 0 0
240	8	1 1 1 0 1 0 0 0 0 0 0 0 1 0 0 0
240	9	1 1 1 1 1 0 0 1 0 0 0 0 1 0 0 0
240	11	0 0 1 1 1 1 1 1 0 0 0 0 0 0 0 0
240	110	1 1 1 1 1 0 0 0 0 0 0 0 1 0 0 0
240	16	1 1 1 1 1 0 1 1 0 0 1 0 0 0 0 0
240	8	0 0 1 1 1 0 0 1 0 0 0 0 0 0 0 0
240	33	1 1 1 1 1 0 1 1 0 0 0 0 1 0 0 0
240	10	0 0 1 1 1 0 1 0 0 0 0 0 0 0 0 0
240	67	1 1 1 1 1 0 1 1 0 0 0 0 0 0 0 0
240	59	1 1 1 1 1 0 0 0 0 0 0 0 0 0 0 0
240	16	1 1 1 1 1 0 1 0 0 0 0 0 0 0 0 1
240	21	1 0 1 1 1 0 1 1 0 0 0 0 0 0 0 0
240	29	1 1 1 1 1 0 1 0 0 0 0 0 0 0 0 0
240	30	1 1 1 1 1 0 1 0 0 0 0 0 1 0 0 0
240	11	1 0 1 1 1 0 0 0 0 1 1 0 0 0 0 0
240	19	1 1 0 1 0 0 0 0 0 0 0 0 0 0 0 0
240	9	1 1 1 1 1 0 0 1 0 0 0 0 0 0 0 0
240	7	1 1 1 0 1 0 0 0 0 1 0 0 0 0 0 0
240	21	1 1 0 1 0 0 0 1 0 0 0 0 0 0 0 0
240	25	1 1 1 1 1 0 1 0 0 1 0 0 0 0 0 0
240	15	1 1 1 1 1 0 0 0 1 0 0 0 0 0 0 0
240	11	1 1 1 1 1 0 0 1 0 0 0 0 1 1 0 0
240	9	1 0 1 0 1 0 1 1 0 0 0 1 0 0 0 0
240	4	1 1 1 0 1 1 0 0 0 0 0 0 1 0 0 0
240	1	0 0 1 1 1 1 1 1 0 0 0 1 0 0 0 0
240	12	0 1 1 0 1 0 0 0 0 1 1 0 0 0 0 0
240	3	1 0 1 1 1 0 0 0 0 0 0 0 1 0 0 0
240	4	1 1 0 1 1 0 1 1 0 0 0 0 0 0 0 0
240	13	0 1 1 0 1 0 0 1 0 0 0 1 0 0 1 0
240	5	1 0 1 1 1 0 0 0 0 0 0 0 0 0 0 0
240	15	1 1 1 0 1 0 0 0 0 1 1 0 0 0 0 0
240	9	0 0 1 1 1 0 0 0 1 0 0 0 0 0 0 0
240	15	0 1 1 0 1 0 1 1 0 0 0 0 0 0 1 0
240	5	0 0 1 1 1 0 0 0 0 0 0 0 1 0 0 0
240	5	1 1 1 1 1 1 0 0 0 0 0 0 1 0 0 0
240	2	0 0 1 1 1 0 1 0 1 0 0 0 0 0 0 0
240	4	1 1 1 1 1 0 1 0 0 1 0 0 0 0 0 1
240	7	1 1 1 0 1 0 1 0 0 0 0 0 0 0 0 0
240	4	1 1 1 1 1 0 0 0 0 0 0 0 0 0 1 0
240	22	1 0 1 1 1 0 0 0 0 0 0 0 1 0 0 1
240	1	1 1 0 1 1 0 0 1 0 1 1 0 0 0 0 0
240	2	0 1 0 1 0 0 1 1 0 0 0 0 0 0 0 1
240	4	1 0 1 1 1 0 1 1 0 0 0 0 1 0 0 0
240	11	1 1 1 1 1 0 0 0 1 0 0 0 0 0 1 0
240	5	0 0 0 0 1 0 1 1 0 0 1 0 1 0 0 0
240	7	0 1 0 1 1 0 1 0 1 1 0 0 1 0 0 0
240	17	1 1 1 1 1 0 1 1 0 0 1 0 0 1 0 0
240	2	1 0 1 1 1 1 0 0 0 0 0 0 0 0 0 0
240	7	0 0 1 0 1 0 0 0 0 0 0 0 0 0 0 0
240	2	0 0 1 1 1 0 1 1 0 0 0 0 0 0 0 0
240	4	1 1 1 1 1 1 0 0 0 0 0 0 0 0 0 0
240	3	0 0 1 1 1 0 1 1 0 0 0 1 0 0 0 0
240	1	1 1 1 1 1 0 0 0 1 0 1 0 0 0 0 0
240	5	1 1 1 0 1 0 0 1 0 0 0 0 0 0 0 0
240	3	0 0 1 1 1 1 1 1 0 0 0 0 0 0 0 1
240	3	1 1 0 1 1 0 0 0 0 0 0 0 0 0 0 0
240	1	1 1 1 0 1 0 0 1 0 0 0 1 0 0 1 0
240	4	0 1 1 0 1 0 1 1 0 0 0 1 0 0 1 0
240	3	1 1 1 0 1 0 0 0 0 0 0 0 1 1 1 0
240	2	1 0 1 1 1 1 1 1 0 0 0 1 0 0 0 0
240	7	1 0 1 1 0 0 0 0 0 0 0 0 0 0 0 0
240	2	0 1 0 1 0 0 0 0 0 0 0 0 0 0 0 0
240	1	1 1 1 1 1 0 0 0 0 1 1 0 0 0 0 0
240	9	1 1 1 1 1 0 0 0 0 0 0 0 1 1 0 0
240	1	1 1 1 1 1 0 0 1 0 0 1 0 0 0 0 0
240	1	1 1 1 1 1 0 1 0 0 0 1 0 1 0 0 0
240	6	1 1 0 0 1 1 0 0 0 0 0 0 1 0 0 0
240	4	1 1 1 1 0 0 0 0 1 0 0 0 1 0 0 0
240	3	1 1 1 1 1 1 1 1 0 0 0 0 0 0 0 0
240	3	1 1 0 1 0 0 0 0 0 0 0 0 1 0 0 0
240	4	1 1 1 1 1 0 0 0 0 0 1 0 0 0 0 0
240	3	1 1 1 1 1 0 0 0 0 0 0 0 0 1 1 0
240	7	1 1 1 1 1 0 0 0 1 1 1 0 0 0 0 0
240	5	1 1 1 1 1 0 1 1 0 0 0 0 0 0 0 1
240	3	1 1 1 1 1 0 0 0 0 0 0 0 0 1 0 0
240	7	1 1 0 1 1 0 1 1 0 0 0 1 0 0 0 0
240	2	1 0 1 1 1 0 1 1 0 0 1 0 1 0 0 0
240	3	1 1 1 1 1 1 0 0 0 0 0 0 0 0 0 1
240	1	1 1 1 1 1 1 0 0 0 1 0 0 0 0 0 0
240	3	1 1 1 0 1 0 0 0 0 0 0 1 0 0 0 0
240	1	1 1 0 1 1 0 0 1 0 0 0 0 0 0 1 0
240	2	1 1 1 1 1 0 0 0 0 0 0 0 1 0 1 0
240	2	0 0 1 1 1 0 1 0 0 0 0 0 0 0 0 1
240	1	1 1 1 0 1 0 0 0 0 1 1 0 0 1 0 0
240	1	0 1 1 0 0 0 1 1 0 0 0 0 0 0 1 0
240	3	1 1 1 1 1 0 0 0 1 0 0 1 1 0 0 0
240	2	1 0 1 1 1 0 0 0 0 1 1 0 1 0 0 0
240	2	1 1 1 0 1 0 0 0 1 0 0 0 0 0 0 0
240	7	1 1 0 1 1 0 0 1 0 1 1 0 1 0 0 0
240	5	1 1 1 0 1 1 0 0 0 0 0 0 1 1 1 0
240	1	1 1 1 1 1 1 1 1 0 0 0 0 0 0 0 1
240	6	1 1 1 1 1 0 0 0 0 0 0 1 0 0 0 0
240	2	1 1 0 1 0 0 0 1 0 0 0 0 0 0 1 0
240	1	1 0 0 1 1 0 0 0 0 0 0 0 1 0 0 0
240	1	1 0 1 1 1 0 0 0 0 0 0 0 1 0 1 1
240	2	1 1 1 1 1 0 0 0 0 0 0 0 1 0 0 1
240	2	1 1 1 0 1 0 0 1 0 0 0 0 1 1 0 0
240	2	1 1 0 1 0 0 1 1 1 0 0 0 0 0 0 0
240	1	1 1 0 1 1 0 0 1 0 0 0 1 0 0 0 0
240	2	1 1 1 1 1 0 1 1 0 0 0 0 0 1 0 0
240	1	1 1 1 1 1 0 1 0 0 0 0 0 0 0 1 0
240	1	1 1 1 1 1 1 1 0 0 0 0 0 0 0 0 0
240	1	1 1 1 1 1 0 1 0 0 0 0 0 1 0 1 0
240	3	1 1 0 1 0 0 1 0 0 0 0 0 0 0 0 0
240	1	0 1 0 0 1 0 1 1 0 0 0 0 0 0 1 0
240	2	1 1 0 1 1 1 0 0 0 0 0 0 1 0 0 0
240	3	1 1 1 1 1 0 1 1 0 0 0 1 0 0 0 1
250	46	1 1 1 0 1 0 0 0 0 0 0 0 0 0 0 0
250	22	1 1 0 1 0 0 1 1 0 0 0 0 0 0 0 0
250	39	1 1 0 1 1 0 0 1 0 0 0 0 0 0 0 0
250	5	1 1 1 0 1 0 0 0 0 0 0 0 1 0 0 0
250	113	1 1 1 1 1 0 0 0 0 0 0 0 1 0 0 0
250	7	1 1 1 1 1 0 1 1 0 0 1 0 0 0 0 0
250	1	0 0 1 1 1 0 0 1 0 0 0 0 0 0 0 0
250	85	1 1 1 1 1 0 1 1 0 0 0 0 1 0 0 0
250	64	1 1 1 1 1 0 1 1 0 0 0 0 0 0 0 0
250	32	1 1 1 1 1 0 0 0 0 0 0 0 0 0 0 0
250	9	1 1 1 1 1 0 1 0 0 0 0 0 0 0 0 1
250	3	1 0 1 1 1 0 1 1 0 0 0 0 0 0 0 0
250	23	1 1 1 1 1 0 1 0 0 0 0 0 0 0 0 0
250	17	1 1 1 1 1 0 1 0 0 0 0 0 1 0 0 0
250	10	1 1 0 1 0 0 0 0 0 0 0 0 0 0 0 0
250	8	1 1 1 1 1 0 0 1 0 0 0 0 0 0 0 0
250	35	1 1 0 1 0 0 0 1 0 0 0 0 0 0 0 0
250	41	1 1 1 1 1 0 1 0 0 1 0 0 0 0 0 0
250	11	1 1 1 1 1 0 0 0 1 0 0 0 0 0 0 0
250	19	1 1 1 1 1 0 0 1 0 0 0 0 1 1 0 0
250	3	0 1 1 0 1 0 0 0 0 1 1 0 0 0 0 0
250	16	1 0 1 1 1 0 0 0 0 0 0 0 0 0 0 0
250	8	1 1 1 0 1 0 0 0 0 1 1 0 0 0 0 0
250	6	0 0 1 1 1 0 0 0 1 0 0 0 0 0 0 0
250	2	0 0 1 1 1 0 0 0 0 0 0 0 1 0 0 0
250	2	1 1 1 1 1 0 1 0 0 1 0 0 0 0 0 1
250	1	1 1 1 0 1 0 1 0 0 0 0 0 0 0 0 0
250	16	1 0 1 1 1 0 0 0 0 0 0 0 1 0 0 1
250	4	1 0 1 1 1 0 1 1 0 0 0 0 1 0 0 0
250	10	1 1 1 1 1 0 0 0 1 0 0 0 0 0 1 0
250	41	1 1 1 1 1 0 1 1 0 0 1 0 0 1 0 0
250	12	1 0 1 1 1 1 0 0 0 0 0 0 0 0 0 0
250	11	1 1 1 0 1 0 0 1 0 0 0 0 0 0 0 0
250	8	0 0 1 1 1 1 1 1 0 0 0 0 0 0 0 1
250	2	1 1 1 0 1 0 0 1 0 0 0 1 0 0 1 0
250	2	0 1 1 0 1 0 1 1 0 0 0 1 0 0 1 0
250	2	1 1 1 0 1 0 0 0 0 0 0 0 1 1 1 0
250	6	1 1 1 1 1 0 0 0 0 1 1 0 0 0 0 0
250	3	1 1 1 1 1 0 0 0 0 0 0 0 1 1 0 0
250	3	1 1 0 0 1 1 0 0 0 0 0 0 1 0 0 0
250	1	1 1 1 1 0 0 0 0 1 0 0 0 1 0 0 0
250	6	1 1 0 1 0 0 0 0 0 0 0 0 1 0 0 0
250	3	1 1 1 1 1 0 0 0 0 0 1 0 0 0 0 0
250	2	1 1 1 1 1 0 0 0 0 0 0 0 0 1 1 0
250	3	1 1 1 1 1 0 0 0 1 1 1 0 0 0 0 0
250	12	1 1 1 1 1 0 1 1 0 0 0 0 0 0 0 1
250	3	1 1 0 1 1 0 1 1 0 0 0 1 0 0 0 0
250	10	1 1 1 1 1 0 0 0 1 0 0 1 1 0 0 0
250	2	1 1 0 1 1 0 0 1 0 1 1 0 1 0 0 0
250	4	1 1 1 1 1 0 1 0 0 0 0 0 0 0 1 0
250	6	1 1 1 1 1 1 1 0 0 0 0 0 0 0 0 0
250	7	1 1 0 1 0 0 1 0 0 0 0 0 0 0 0 0
250	2	1 1 0 1 1 0 0 1 0 0 0 0 1 0 0 0
250	1	1 1 0 0 1 1 0 0 0 0 0 1 1 0 0 0
250	8	1 1 1 1 1 0 1 1 0 1 1 0 0 0 0 0
250	3	1 0 1 1 1 0 0 0 1 0 0 1 1 0 0 0
250	3	1 1 1 1 1 0 0 0 0 1 0 0 1 0 0 0
250	20	0 1 1 1 1 0 0 1 0 0 0 0 0 0 0 0
250	2	1 1 1 1 1 0 0 1 0 0 0 0 0 0 1 0
250	6	1 1 0 1 1 0 0 0 0 0 0 0 1 0 0 1
250	3	1 1 1 1 1 0 1 1 0 1 0 0 0 0 0 0
250	5	1 1 1 1 1 0 1 0 0 0 0 0 1 0 0 1
250	1	1 1 1 1 1 0 1 0 1 0 0 0 1 0 0 0
250	9	0 0 1 0 1 0 0 1 0 0 0 1 0 0 1 0
250	6	1 1 1 1 1 0 1 1 0 0 0 0 0 0 1 0
250	9	1 1 1 1 0 0 0 0 0 0 0 0 1 0 0 0
250	7	1 1 1 1 1 0 0 0 0 0 0 0 1 0 1 0
250	1	1 0 1 1 1 0 0 0 0 1 0 0 1 0 0 1
250	3	1 1 1 0 1 0 0 0 0 1 0 0 0 0 0 0
250	13	1 1 0 1 1 0 0 1 0 0 0 0 0 0 0 1
250	2	1 0 1 1 1 0 0 0 0 0 0 0 1 0 0 0
250	7	1 1 0 1 0 0 0 0 0 0 0 0 0 1 0 0
250	9	1 1 1 1 1 0 0 1 0 0 0 1 0 0 0 0
250	1	0 1 0 0 1 0 1 1 0 0 0 0 0 0 1 0
250	6	1 0 0 0 1 1 0 0 0 0 0 1 1 0 0 0
250	2	1 1 1 0 1 0 0 0 0 0 1 0 0 0 0 0
250	6	1 1 1 1 1 0 0 0 0 0 0 1 1 0 0 0
250	2	1 1 1 1 1 0 1 0 0 0 1 0 1 0 0 0
250	2	1 0 0 1 1 0 1 1 0 0 0 0 0 0 0 0
250	1	1 1 1 1 1 0 1 1 0 0 1 0 0 0 0 1
250	2	1 1 0 0 1 0 0 0 0 0 0 0 0 0 0 0
250	5	1 1 1 1 1 1 0 0 0 0 0 0 1 0 0 0
250	3	1 1 1 1 1 0 1 0 0 0 0 1 0 0 0 1
250	1	1 1 1 1 1 0 1 0 0 1 0 0 1 0 0 0
250	1	1 1 0 0 0 0 0 0 0 0 0 0 0 0 0 0
250	7	1 1 1 1 1 0 0 1 0 0 1 0 1 1 0 0
250	1	1 1 0 1 1 0 1 0 0 0 0 0 1 0 1 0
250	3	1 1 1 1 0 0 0 0 0 0 0 1 1 0 0 0
250	1	1 1 1 1 0 0 1 1 0 0 0 0 0 0 0 0
250	1	1 1 0 1 1 0 0 0 0 0 0 0 1 0 0 0
250	1	1 1 1 0 1 0 0 0 1 0 0 0 0 0 0 0
250	4	0 1 1 1 1 0 1 1 0 0 0 0 1 0 0 0
250	1	0 0 1 1 1 0 1 1 0 0 0 0 0 0 0 0
250	3	1 1 0 1 0 0 0 1 0 0 0 1 0 0 0 0
250	1	0 0 1 1 1 1 1 1 0 0 0 0 0 1 0 1
250	1	1 1 1 1 1 0 0 1 0 0 1 0 1 0 0 0
250	1	1 1 0 0 0 0 0 1 0 0 0 0 0 0 0 0
250	2	1 1 1 1 1 1 1 0 0 1 0 0 0 0 0 0
250	1	0 1 1 0 1 0 0 0 0 1 1 1 0 0 0 0
250	3	0 1 1 1 1 0 0 0 1 1 1 0 0 0 0 0
250	2	0 1 0 1 1 0 0 1 0 0 0 0 0 0 0 0
250	3	1 1 0 1 0 0 0 0 0 0 0 0 1 0 0 1
250	2	1 0 0 1 1 0 0 1 0 0 0 0 0 0 0 1
250	1	1 1 0 1 0 1 0 0 0 0 0 0 0 1 0 0
250	2	0 0 1 1 1 1 1 1 0 0 1 0 0 1 0 1
260	13	1 1 1 0 1 0 0 0 0 0 0 0 0 0 0 0
260	1	1 1 0 1 0 0 1 1 0 0 0 0 0 0 0 0
260	73	1 1 0 1 1 0 0 1 0 0 0 0 0 0 0 0
260	101	1 1 1 1 1 0 0 0 0 0 0 0 1 0 0 0
260	6	1 1 1 1 1 0 1 1 0 0 1 0 0 0 0 0
260	82	1 1 1 1 1 0 1 1 0 0 0 0 1 0 0 0
260	33	1 1 1 1 1 0 1 1 0 0 0 0 0 0 0 0
260	25	1 1 1 1 1 0 0 0 0 0 0 0 0 0 0 0
260	24	1 1 1 1 1 0 1 0 0 0 0 0 0 0 0 1
260	20	1 1 1 1 1 0 1 0 0 0 0 0 0 0 0 0
260	17	1 1 1 1 1 0 1 0 0 0 0 0 1 0 0 0
260	4	1 1 0 1 0 0 0 0 0 0 0 0 0 0 0 0
260	27	1 1 1 1 1 0 0 1 0 0 0 0 0 0 0 0
260	27	1 1 0 1 0 0 0 1 0 0 0 0 0 0 0 0
260	33	1 1 1 1 1 0 1 0 0 1 0 0 0 0 0 0
260	10	1 1 1 1 1 0 0 0 1 0 0 0 0 0 0 0
260	12	1 1 1 1 1 0 0 1 0 0 0 0 1 1 0 0
260	7	0 1 1 0 1 0 0 0 0 1 1 0 0 0 0 0
260	41	1 0 1 1 1 0 0 0 0 0 0 0 0 0 0 0
260	12	0 0 1 1 1 0 0 0 1 0 0 0 0 0 0 0
260	4	0 0 1 1 1 0 0 0 0 0 0 0 1 0 0 0
260	1	1 1 1 1 1 0 1 0 0 1 0 0 0 0 0 1
260	18	1 0 1 1 1 0 0 0 0 0 0 0 1 0 0 1
260	26	1 1 1 1 1 0 1 1 0 0 1 0 0 1 0 0
260	6	1 0 1 1 1 1 0 0 0 0 0 0 0 0 0 0
260	6	1 1 1 0 1 0 0 1 0 0 0 0 0 0 0 0
260	2	0 0 1 1 1 1 1 1 0 0 0 0 0 0 0 1
260	2	1 1 1 0 1 0 0 1 0 0 0 1 0 0 1 0
260	27	1 1 0 1 0 0 0 0 0 0 0 0 1 0 0 0
260	1	1 1 1 1 1 0 0 0 0 0 1 0 0 0 0 0
260	27	1 1 1 1 1 0 1 1 0 0 0 0 0 0 0 1
260	4	1 1 1 1 1 0 0 0 1 0 0 1 1 0 0 0
260	1	1 1 0 1 0 0 1 0 0 0 0 0 0 0 0 0
260	4	1 1 1 1 1 0 1 1 0 1 1 0 0 0 0 0
260	9	0 1 1 1 1 0 0 1 0 0 0 0 0 0 0 0
260	12	1 1 0 1 1 0 0 0 0 0 0 0 1 0 0 1
260	4	1 1 1 1 1 0 1 0 0 0 0 0 1 0 0 1
260	27	1 1 1 1 0 0 0 0 0 0 0 0 1 0 0 0
260	13	1 1 0 1 1 0 0 1 0 0 0 0 0 0 0 1
260	27	1 1 1 1 1 0 0 1 0 0 0 1 0 0 0 0
260	4	0 1 0 0 1 0 1 1 0 0 0 0 0 0 1 0
260	6	1 0 0 0 1 1 0 0 0 0 0 1 1 0 0 0
260	13	1 1 1 1 1 0 0 0 0 0 0 1 1 0 0 0
260	6	1 1 1 1 1 0 1 0 0 0 1 0 1 0 0 0
260	5	1 0 0 1 1 0 1 1 0 0 0 0 0 0 0 0
260	13	1 1 0 0 1 0 0 0 0 0 0 0 0 0 0 0
260	4	1 1 1 1 1 0 1 0 0 1 0 0 1 0 0 0
260	5	1 1 0 0 0 0 0 0 0 0 0 0 0 0 0 0
260	7	1 1 1 1 1 0 0 1 0 0 1 0 1 1 0 0
260	11	1 1 0 1 1 0 0 0 0 0 0 0 1 0 0 0
260	7	1 1 1 1 1 0 0 1 0 0 1 0 1 0 0 0
260	3	0 1 1 0 1 0 0 0 0 1 1 1 0 0 0 0
260	9	1 1 0 1 0 0 0 0 0 0 0 0 1 0 0 1
260	5	1 0 0 1 1 0 0 1 0 0 0 0 0 0 0 1
260	7	1 1 0 1 0 1 0 0 0 0 0 0 0 1 0 0
260	2	1 1 1 0 1 0 1 1 0 0 0 0 1 0 0 0
260	1	1 1 1 0 1 0 1 1 0 0 1 0 0 1 0 0
260	4	1 1 1 1 0 0 0 1 0 0 0 0 0 0 0 0
260	2	1 1 1 1 1 0 0 1 0 0 0 0 1 0 0 0
260	6	1 1 1 1 1 0 0 0 0 1 0 0 0 0 0 0
260	3	1 1 1 1 0 0 0 0 0 0 0 0 0 1 0 0
260	4	1 1 0 1 0 0 0 1 0 0 0 0 1 0 0 0
260	10	1 1 1 0 1 0 0 1 0 0 0 1 0 0 0 0
260	1	0 1 1 1 1 0 0 1 0 0 0 0 0 1 0 0
260	2	0 1 1 1 1 0 0 1 0 0 0 1 0 0 0 0
260	1	1 1 1 1 1 0 0 0 0 0 0 1 0 0 0 0
260	1	1 1 1 1 1 0 1 1 1 0 0 0 1 0 0 0
260	1	1 1 1 1 1 0 1 1 0 0 0 1 1 0 0 0
260	5	1 1 1 1 1 1 1 1 0 0 0 0 1 0 0 0
260	2	1 1 1 1 1 0 0 0 0 0 1 0 1 0 0 0
260	3	1 0 1 0 1 0 1 1 0 0 0 0 0 0 0 0
260	6	1 1 0 1 1 0 0 0 0 0 0 0 0 0 0 0
260	3	1 1 1 1 1 0 0 1 0 0 1 0 0 1 0 0
260	3	1 1 0 1 1 0 1 0 0 0 0 0 1 0 0 1
260	4	1 0 1 1 1 0 1 1 0 0 0 0 1 0 0 0
260	3	1 1 0 1 0 0 0 1 0 0 0 0 0 1 0 0
260	9	1 1 0 1 1 0 0 0 1 0 0 1 1 0 0 0
260	2	1 1 0 1 1 0 0 1 0 0 0 0 0 0 1 0
260	4	1 1 1 1 1 0 1 1 0 0 0 0 1 1 0 0
260	2	0 1 1 1 1 0 1 1 0 0 0 1 0 0 1 0
260	1	1 1 0 1 1 0 1 0 0 0 0 0 1 0 0 0
260	1	1 1 0 1 1 0 0 1 0 1 0 0 0 0 0 0
260	1	1 1 0 0 0 0 0 0 0 0 0 0 1 0 0 0
260	4	1 1 0 1 1 0 0 1 0 0 0 0 0 1 0 0
260	1	1 1 1 1 1 0 1 0 0 0 1 0 0 1 0 0
260	1	1 1 1 1 1 1 1 1 0 0 1 0 0 1 0 0
260	1	0 1 1 1 1 0 0 1 0 0 1 0 0 1 0 0
260	1	1 1 0 1 1 0 0 1 1 0 0 0 0 0 0 0
260	3	1 1 1 1 1 0 0 0 1 0 0 0 1 0 0 0
260	1	1 1 1 1 1 0 1 1 0 1 0 0 1 0 0 0
260	1	0 0 1 1 1 0 0 0 0 0 0 0 0 0 0 0
260	1	1 0 1 1 1 0 0 0 0 0 1 0 1 0 0 1
260	1	0 1 1 1 1 0 1 1 0 0 0 0 0 0 0 0
260	1	0 1 1 1 0 0 0 0 0 0 0 0 1 0 0 0
260	1	0 0 1 1 1 0 1 0 0 0 0 0 0 0 0 0
260	2	1 1 1 0 1 0 1 1 0 0 0 1 1 0 0 0
270	4	1 1 1 0 1 0 0 0 0 0 0 0 0 0 0 0
270	11	1 1 0 1 1 0 0 1 0 0 0 0 0 0 0 0
270	111	1 1 1 1 1 0 0 0 0 0 0 0 1 0 0 0
270	18	1 1 1 1 1 0 1 1 0 0 1 0 0 0 0 0
270	93	1 1 1 1 1 0 1 1 0 0 0 0 1 0 0 0
270	49	1 1 1 1 1 0 1 1 0 0 0 0 0 0 0 0
270	40	1 1 1 1 1 0 0 0 0 0 0 0 0 0 0 0
270	1	1 1 1 1 1 0 1 0 0 0 0 0 0 0 0 1
270	15	1 1 1 1 1 0 1 0 0 0 0 0 0 0 0 0
270	7	1 1 1 1 1 0 1 0 0 0 0 0 1 0 0 0
270	24	1 1 1 1 1 0 0 1 0 0 0 0 0 0 0 0
270	9	1 1 0 1 0 0 0 1 0 0 0 0 0 0 0 0
270	14	1 1 1 1 1 0 1 0 0 1 0 0 0 0 0 0
270	4	1 1 1 1 1 0 0 0 1 0 0 0 0 0 0 0
270	2	1 1 1 1 1 0 0 1 0 0 0 0 1 1 0 0
270	9	0 1 1 0 1 0 0 0 0 1 1 0 0 0 0 0
270	34	1 0 1 1 1 0 0 0 0 0 0 0 0 0 0 0
270	5	0 0 1 1 1 0 0 0 1 0 0 0 0 0 0 0
270	2	1 1 1 1 1 0 1 0 0 1 0 0 0 0 0 1
270	31	1 0 1 1 1 0 0 0 0 0 0 0 1 0 0 1
270	9	1 1 1 1 1 0 1 1 0 0 1 0 0 1 0 0
270	50	1 1 0 1 0 0 0 0 0 0 0 0 1 0 0 0
270	6	1 1 1 1 1 0 1 1 0 0 0 0 0 0 0 1
270	7	1 1 1 1 1 0 0 0 1 0 0 1 1 0 0 0
270	5	1 1 0 1 0 0 1 0 0 0 0 0 0 0 0 0
270	4	1 1 1 1 1 0 1 1 0 1 1 0 0 0 0 0
270	2	0 1 1 1 1 0 0 1 0 0 0 0 0 0 0 0
270	17	1 1 1 1 0 0 0 0 0 0 0 0 1 0 0 0
270	15	1 1 0 1 1 0 0 1 0 0 0 0 0 0 0 1
270	44	1 1 1 1 1 0 0 1 0 0 0 1 0 0 0 0
270	8	1 1 1 1 1 0 0 0 0 0 0 1 1 0 0 0
270	6	1 1 1 1 1 0 1 0 0 0 1 0 1 0 0 0
270	2	1 0 0 1 1 0 1 1 0 0 0 0 0 0 0 0
270	2	1 1 0 0 1 0 0 0 0 0 0 0 0 0 0 0
270	5	1 1 1 1 1 0 1 0 0 1 0 0 1 0 0 0
270	1	1 1 0 0 0 0 0 0 0 0 0 0 0 0 0 0
270	24	1 1 0 1 1 0 0 0 0 0 0 0 1 0 0 0
270	11	1 1 1 1 1 0 0 1 0 0 1 0 1 0 0 0
270	1	1 1 0 1 0 0 0 0 0 0 0 0 1 0 0 1
270	17	1 1 1 1 1 0 0 0 0 1 0 0 0 0 0 0
270	25	1 1 1 1 0 0 0 0 0 0 0 0 0 1 0 0
270	10	1 1 0 1 0 0 0 1 0 0 0 0 1 0 0 0
270	40	1 1 1 0 1 0 0 1 0 0 0 1 0 0 0 0
270	3	1 1 1 1 1 0 1 1 0 0 0 1 1 0 0 0
270	1	1 1 1 1 1 1 1 1 0 0 0 0 1 0 0 0
270	6	1 0 1 0 1 0 1 1 0 0 0 0 0 0 0 0
270	5	1 1 0 1 1 0 0 0 0 0 0 0 0 0 0 0
270	12	1 1 0 1 0 0 0 1 0 0 0 0 0 1 0 0
270	22	1 1 0 1 1 0 0 0 1 0 0 1 1 0 0 0
270	15	1 1 0 1 1 0 0 1 0 0 0 0 0 0 1 0
270	1	1 1 1 1 1 0 1 0 0 0 1 0 0 1 0 0
270	8	1 1 1 1 1 0 0 0 1 0 0 0 1 0 0 0
270	9	1 1 0 1 1 0 0 1 0 0 0 0 1 0 0 0
270	2	1 1 1 1 0 0 1 0 0 0 0 0 0 0 0 1
270	2	1 1 0 0 1 0 0 1 0 0 0 1 0 0 0 0
270	3	1 0 1 1 1 0 0 0 0 0 0 0 1 1 0 1
270	5	1 1 1 1 0 0 0 0 0 0 0 1 1 0 0 0
270	4	1 1 1 1 1 0 0 1 0 0 0 0 0 0 0 1
270	4	1 1 1 1 1 0 0 1 0 0 0 0 0 0 1 0
270	10	1 0 1 1 1 0 1 0 0 1 0 0 1 0 0 0
270	7	1 0 0 1 1 0 0 0 0 0 0 1 0 0 0 0
270	6	1 0 1 1 1 0 0 0 0 1 0 1 0 0 0 0
270	6	0 1 1 1 0 0 0 0 0 0 0 0 0 0 0 0
270	5	1 1 1 1 1 0 0 0 0 0 1 0 1 0 0 0
270	9	1 1 1 1 0 0 1 1 0 0 0 0 0 0 0 0
270	8	1 1 0 1 0 0 0 0 0 0 1 1 0 1 0 0
270	2	1 1 1 0 1 0 0 0 0 0 0 0 0 0 0 1
270	9	1 1 1 0 1 1 0 1 0 0 0 1 0 0 0 0
270	1	0 1 1 0 1 0 1 1 0 0 0 0 1 0 0 0
270	3	0 1 1 1 1 0 1 0 0 0 0 0 0 0 0 0
270	1	1 1 1 1 1 1 1 0 0 0 0 0 0 0 0 1
270	1	1 1 1 1 1 0 1 1 0 0 0 1 0 0 0 1
270	1	1 1 1 1 0 0 0 0 0 0 0 0 1 0 0 1
270	1	1 1 0 0 1 0 0 0 1 0 0 0 0 0 0 0
270	2	0 0 1 1 0 0 0 0 1 0 0 0 0 0 0 0
270	4	1 1 1 1 1 0 1 1 0 0 1 1 0 1 0 0
270	3	1 1 0 1 1 1 0 0 0 0 0 0 1 0 0 1
270	2	1 1 1 1 1 0 0 1 0 0 0 1 1 0 0 0
270	2	1 0 0 1 1 0 0 1 0 0 0 0 0 0 1 1
270	4	1 1 1 1 1 0 1 1 0 0 0 0 1 1 0 1
270	3	1 1 0 1 1 0 0 1 1 0 0 1 1 0 0 0
270	2	1 1 1 1 1 0 0 1 0 0 0 0 1 0 0 0
270	2	1 1 1 1 1 0 0 0 0 1 0 0 1 0 0 0
270	1	1 1 1 0 1 0 0 1 0 0 0 0 1 0 0 0
270	1	1 1 1 0 1 0 1 0 0 0 0 0 0 0 0 1
270	2	0 0 1 1 1 0 1 0 1 0 0 0 0 0 0 0
270	2	0 1 0 1 1 0 0 0 0 0 0 0 1 0 0 0
270	1	1 1 1 0 1 0 0 1 0 0 1 1 0 0 0 0
270	2	1 0 1 1 1 0 0 0 0 1 0 1 0 0 0 1
270	1	1 1 1 1 1 0 0 1 0 0 0 1 0 0 0 1
280	6	1 1 0 1 1 0 0 1 0 0 0 0 0 0 0 0
280	103	1 1 1 1 1 0 0 0 0 0 0 0 1 0 0 0
280	39	1 1 1 1 1 0 1 1 0 0 1 0 0 0 0 0
280	90	1 1 1 1 1 0 1 1 0 0 0 0 1 0 0 0
280	56	1 1 1 1 1 0 1 1 0 0 0 0 0 0 0 0
280	20	1 1 1 1 1 0 0 0 0 0 0 0 0 0 0 0
280	9	1 1 1 1 1 0 1 0 0 0 0 0 0 0 0 0
280	15	1 1 1 1 1 0 1 0 0 0 0 0 1 0 0 0
280	15	1 1 1 1 1 0 0 1 0 0 0 0 0 0 0 0
280	12	1 1 0 1 0 0 0 1 0 0 0 0 0 0 0 0
280	18	1 1 1 1 1 0 1 0 0 1 0 0 0 0 0 0
280	3	1 1 1 1 1 0 0 0 1 0 0 0 0 0 0 0
280	3	0 1 1 0 1 0 0 0 0 1 1 0 0 0 0 0
280	16	1 0 1 1 1 0 0 0 0 0 0 0 0 0 0 0
280	12	0 0 1 1 1 0 0 0 1 0 0 0 0 0 0 0
280	26	1 1 0 1 0 0 0 0 0 0 0 0 1 0 0 0
280	9	1 1 1 1 1 0 0 0 1 0 0 1 1 0 0 0
280	6	1 1 1 1 1 0 1 1 0 1 1 0 0 0 0 0
280	8	1 1 1 1 0 0 0 0 0 0 0 0 1 0 0 0
280	4	1 1 0 1 1 0 0 1 0 0 0 0 0 0 0 1
280	51	1 1 1 1 1 0 0 1 0 0 0 1 0 0 0 0
280	14	1 1 1 1 1 0 1 0 0 0 1 0 1 0 0 0
280	26	1 1 0 1 1 0 0 0 0 0 0 0 1 0 0 0
280	5	1 1 1 1 1 0 0 1 0 0 1 0 1 0 0 0
280	44	1 1 1 1 1 0 0 0 0 1 0 0 0 0 0 0
280	15	1 1 1 1 0 0 0 0 0 0 0 0 0 1 0 0
280	30	1 1 0 1 0 0 0 1 0 0 0 0 1 0 0 0
280	22	1 1 1 0 1 0 0 1 0 0 0 1 0 0 0 0
280	2	1 1 1 1 1 1 1 1 0 0 0 0 1 0 0 0
280	25	1 1 0 1 0 0 0 1 0 0 0 0 0 1 0 0
280	7	1 1 0 1 1 0 0 0 1 0 0 1 1 0 0 0
280	9	1 1 0 1 1 0 0 1 0 0 0 0 0 0 1 0
280	14	1 1 1 1 1 0 0 0 1 0 0 0 1 0 0 0
280	11	1 1 0 1 1 0 0 1 0 0 0 0 1 0 0 0
280	3	1 1 1 1 0 0 1 0 0 0 0 0 0 0 0 1
280	4	1 1 1 1 1 0 0 1 0 0 0 0 0 0 1 0
280	3	1 0 1 1 1 0 1 0 0 1 0 0 1 0 0 0
280	3	1 0 0 1 1 0 0 0 0 0 0 1 0 0 0 0
280	16	1 0 1 1 1 0 0 0 0 1 0 1 0 0 0 0
280	8	0 1 1 1 0 0 0 0 0 0 0 0 0 0 0 0
280	4	1 1 1 1 1 0 0 0 0 0 1 0 1 0 0 0
280	36	1 1 1 1 0 0 1 1 0 0 0 0 0 0 0 0
280	9	1 1 1 0 1 1 0 1 0 0 0 1 0 0 0 0
280	9	1 1 1 1 1 0 0 1 0 0 0 1 1 0 0 0
280	15	1 1 0 1 1 0 0 1 1 0 0 1 1 0 0 0
280	8	1 1 1 1 1 0 0 0 0 1 0 0 1 0 0 0
280	1	1 1 1 0 1 0 0 1 0 0 1 1 0 0 0 0
280	9	1 1 1 1 1 0 0 0 0 0 0 0 1 1 0 0
280	7	1 1 0 1 1 0 1 0 0 1 0 0 0 0 0 0
280	1	0 1 1 0 0 0 0 0 0 0 0 1 1 0 0 0
280	1	1 1 1 1 0 0 0 1 0 0 0 0 0 1 0 0
280	1	1 0 1 1 1 0 0 0 0 0 0 0 1 0 0 0
280	3	0 1 1 1 1 0 0 0 0 0 0 0 1 0 0 0
280	7	1 1 1 1 1 0 1 0 0 0 1 0 0 0 0 0
280	1	1 1 1 1 1 0 1 1 0 1 0 0 1 0 0 0
280	5	1 1 1 1 0 0 0 1 0 0 0 1 0 0 0 0
280	7	1 1 1 1 0 0 1 1 0 0 0 0 1 0 0 0
280	6	1 1 1 1 0 0 0 1 0 0 0 1 1 0 0 0
280	2	1 1 1 1 0 0 1 1 0 0 0 0 0 1 0 0
280	2	1 0 1 1 1 0 0 0 0 0 0 0 0 0 1 0
280	8	1 1 1 1 1 0 1 1 0 0 0 0 0 0 1 0
280	1	1 0 1 1 1 0 0 0 1 0 0 0 0 0 0 0
280	5	1 1 1 1 0 0 0 0 0 1 0 0 0 1 0 0
280	3	1 1 1 0 1 0 0 0 0 0 0 0 1 0 0 0
280	5	1 1 1 0 1 0 1 1 0 0 0 0 1 0 0 0
280	2	1 1 1 1 1 0 1 0 0 0 0 0 0 0 1 1
280	3	1 1 1 1 1 0 1 0 0 1 0 0 0 1 0 0
280	1	1 1 1 1 0 0 0 0 0 0 1 0 1 0 0 0
280	3	1 1 1 1 0 0 1 1 0 0 1 0 0 0 0 0
280	2	1 0 1 1 1 0 0 0 0 0 0 1 0 0 0 0
280	3	1 1 1 1 1 0 0 0 1 0 0 1 0 0 0 0
280	1	1 1 1 1 1 0 0 1 1 0 0 1 0 0 0 0
280	1	1 1 0 1 0 0 1 1 0 0 0 0 0 0 0 0
280	1	0 0 1 0 1 0 1 1 0 0 0 0 0 0 1 0
280	6	1 1 1 1 1 0 1 0 0 0 0 0 0 1 0 0
280	2	1 1 1 1 1 0 1 0 1 0 0 1 1 0 0 0
280	2	1 1 1 1 0 0 1 0 0 0 0 0 1 0 0 0
280	2	1 1 1 1 1 1 0 1 0 0 0 1 0 0 0 0
280	3	1 1 1 1 1 0 0 1 0 0 0 0 0 1 0 0
280	5	1 1 1 1 1 0 1 0 0 1 0 0 1 0 0 0
280	1	1 0 1 1 0 0 0 0 0 0 0 0 0 1 0 0
280	1	1 1 1 1 1 0 0 0 1 0 1 1 1 0 0 0
280	2	1 1 1 1 1 0 0 0 0 1 1 0 0 0 0 0
280	5	1 1 1 1 1 1 0 0 1 0 0 0 1 0 0 0
280	4	1 1 1 1 0 0 0 0 1 0 0 0 1 0 0 0
280	2	1 1 0 1 1 0 1 1 0 0 1 0 0 0 0 0
280	2	0 1 0 1 1 0 0 1 0 0 0 0 0 0 0 1
280	1	1 1 1 1 1 0 0 0 0 0 0 1 0 0 0 0
280	1	1 1 1 1 1 0 1 0 0 0 1 0 1 0 0 1
280	1	0 1 0 1 1 0 0 0 0 0 0 0 1 0 0 0
280	1	1 1 1 0 1 0 0 1 0 0 0 1 0 1 0 0
280	2	1 1 0 0 1 0 0 1 1 0 0 1 1 0 0 0
280	1	1 1 1 1 1 0 0 1 1 0 0 1 1 0 0 0
280	1	1 0 1 1 1 0 0 0 0 0 0 0 0 1 0 0
290	4	1 1 0 1 1 0 0 1 0 0 0 0 0 0 0 0
290	54	1 1 1 1 1 0 0 0 0 0 0 0 1 0 0 0
290	69	1 1 1 1 1 0 1 1 0 0 1 0 0 0 0 0
290	98	1 1 1 1 1 0 1 1 0 0 0 0 1 0 0 0
290	44	1 1 1 1 1 0 1 1 0 0 0 0 0 0 0 0
290	12	1 1 1 1 1 0 0 0 0 0 0 0 0 0 0 0
290	4	1 1 1 1 1 0 1 0 0 0 0 0 1 0 0 0
290	21	1 1 1 1 1 0 0 1 0 0 0 0 0 0 0 0
290	28	1 1 0 1 0 0 0 1 0 0 0 0 0 0 0 0
290	13	1 1 1 1 1 0 1 0 0 1 0 0 0 0 0 0
290	7	1 1 1 1 1 0 0 0 1 0 0 0 0 0 0 0
290	2	0 1 1 0 1 0 0 0 0 1 1 0 0 0 0 0
290	17	1 0 1 1 1 0 0 0 0 0 0 0 0 0 0 0
290	14	0 0 1 1 1 0 0 0 1 0 0 0 0 0 0 0
290	10	1 1 0 1 0 0 0 0 0 0 0 0 1 0 0 0
290	2	1 1 1 1 1 0 0 0 1 0 0 1 1 0 0 0
290	3	1 1 1 1 0 0 0 0 0 0 0 0 1 0 0 0
290	1	1 1 0 1 1 0 0 1 0 0 0 0 0 0 0 1
290	39	1 1 1 1 1 0 0 1 0 0 0 1 0 0 0 0
290	4	1 1 1 1 1 0 1 0 0 0 1 0 1 0 0 0
290	13	1 1 0 1 1 0 0 0 0 0 0 0 1 0 0 0
290	5	1 1 1 1 1 0 0 1 0 0 1 0 1 0 0 0
290	54	1 1 1 1 1 0 0 0 0 1 0 0 0 0 0 0
290	1	1 1 1 1 0 0 0 0 0 0 0 0 0 1 0 0
290	32	1 1 0 1 0 0 0 1 0 0 0 0 1 0 0 0
290	21	1 1 1 0 1 0 0 1 0 0 0 1 0 0 0 0
290	3	1 1 1 1 1 1 1 1 0 0 0 0 1 0 0 0
290	45	1 1 0 1 0 0 0 1 0 0 0 0 0 1 0 0
290	2	1 1 0 1 1 0 0 1 0 0 0 0 1 0 0 0
290	3	1 0 1 1 1 0 1 0 0 1 0 0 1 0 0 0
290	1	1 0 0 1 1 0 0 0 0 0 0 1 0 0 0 0
290	3	1 0 1 1 1 0 0 0 0 1 0 1 0 0 0 0
290	20	0 1 1 1 0 0 0 0 0 0 0 0 0 0 0 0
290	30	1 1 1 1 0 0 1 1 0 0 0 0 0 0 0 0
290	12	1 1 1 0 1 1 0 1 0 0 0 1 0 0 0 0
290	8	1 1 0 1 1 0 0 1 1 0 0 1 1 0 0 0
290	16	1 1 1 1 1 0 0 0 0 1 0 0 1 0 0 0
290	2	1 1 1 1 1 0 0 0 0 0 0 0 1 1 0 0
290	12	1 1 0 1 1 0 1 0 0 1 0 0 0 0 0 0
290	3	0 1 1 1 1 0 0 0 0 0 0 0 1 0 0 0
290	5	1 1 1 1 0 0 0 1 0 0 0 1 0 0 0 0
290	15	1 1 1 1 0 0 1 1 0 0 0 0 1 0 0 0
290	3	1 1 1 1 0 0 0 1 0 0 0 1 1 0 0 0
290	8	1 1 1 1 0 0 1 1 0 0 0 0 0 1 0 0
290	1	1 1 1 1 1 0 1 1 0 0 0 0 0 0 1 0
290	16	1 1 1 0 1 0 1 1 0 0 0 0 1 0 0 0
290	4	1 1 1 1 1 0 0 0 1 0 0 1 0 0 0 0
290	9	1 1 1 1 1 0 1 0 0 0 0 0 0 1 0 0
290	4	1 1 1 1 1 0 1 0 1 0 0 1 1 0 0 0
290	2	1 1 1 1 1 0 0 1 0 0 0 0 0 1 0 0
290	7	1 1 1 1 1 0 1 0 0 1 0 0 1 0 0 0
290	1	1 1 1 1 1 0 0 0 1 0 1 1 1 0 0 0
290	7	1 1 1 1 1 0 0 0 0 1 1 0 0 0 0 0
290	8	1 1 1 1 1 1 0 0 1 0 0 0 1 0 0 0
290	1	0 1 0 1 1 0 0 0 0 0 0 0 1 0 0 0
290	6	1 1 0 0 1 0 0 1 1 0 0 1 1 0 0 0
290	11	1 1 0 1 1 0 0 1 0 1 0 0 0 0 0 0
290	8	1 0 1 1 1 0 0 0 0 0 0 0 0 0 0 1
290	2	0 1 1 1 0 0 0 0 0 0 0 1 0 0 0 0
290	3	1 1 1 1 1 1 0 0 1 0 0 0 0 0 0 0
290	9	1 1 1 1 1 1 0 0 0 0 0 0 0 0 0 0
290	7	1 1 1 1 1 0 0 0 1 1 0 0 0 0 0 0
290	2	1 1 0 1 1 0 1 1 0 0 0 0 0 0 1 0
290	3	0 1 1 1 0 0 0 0 0 0 0 0 0 0 0 1
290	2	1 1 1 1 1 0 0 1 0 0 0 0 1 0 0 0
290	3	1 1 1 1 1 0 0 0 0 0 0 0 0 0 1 0
290	7	1 1 1 0 1 0 0 1 0 0 0 0 0 0 0 0
290	4	1 1 0 1 1 0 0 1 0 0 0 0 0 1 0 0
290	2	1 1 1 1 1 0 1 1 0 0 0 0 1 1 0 0
290	1	1 1 1 1 1 0 1 0 0 1 0 1 0 0 0 0
290	14	1 0 1 1 1 0 0 0 0 1 0 0 0 0 0 0
290	5	1 1 1 0 0 0 0 1 0 0 0 0 0 1 0 0
290	6	1 1 1 0 1 0 0 0 0 0 0 0 0 0 0 0
290	1	1 1 1 0 0 1 0 1 0 0 0 1 0 0 0 0
290	4	1 1 1 1 0 0 1 1 0 0 1 0 0 0 0 1
290	6	1 1 1 1 1 0 1 0 1 1 0 1 1 0 0 0
290	1	1 1 1 1 1 0 1 1 0 0 0 0 0 1 0 0
290	5	1 1 1 1 1 0 0 0 0 1 0 0 0 0 0 1
290	1	1 1 1 1 1 0 0 0 0 1 0 0 0 1 0 0
290	9	1 1 1 1 0 1 0 0 0 0 0 0 0 0 0 0
290	1	1 1 0 1 0 0 0 0 0 0 0 0 0 0 0 0
290	2	1 0 1 1 1 0 1 1 0 0 1 0 0 0 0 0
290	9	1 1 1 1 1 1 0 1 0 0 0 1 0 0 0 0
290	2	1 1 0 1 1 0 0 1 0 0 0 1 0 0 0 0
290	1	1 1 1 1 0 0 1 1 0 0 0 0 0 0 0 1
290	2	1 0 0 1 1 0 1 0 0 1 0 0 0 0 0 0
290	1	1 1 1 1 1 0 0 1 0 0 0 1 1 0 0 0
290	2	1 1 1 1 1 0 1 1 0 0 0 0 1 0 1 0
290	2	1 1 1 1 0 0 0 1 0 0 0 0 1 0 0 0
290	11	1 0 1 1 1 0 0 0 1 0 0 0 0 0 0 1
290	4	1 1 1 1 1 0 1 0 1 1 0 0 0 0 0 0
290	1	1 1 1 1 1 1 1 1 0 0 1 0 0 0 0 0
290	1	1 1 1 1 1 0 1 1 0 0 0 1 1 0 0 0
290	1	1 1 1 0 1 0 0 0 0 1 1 0 0 0 0 0
290	1	0 1 1 1 0 0 1 1 0 0 0 0 1 0 0 0
290	1	1 0 1 1 1 0 1 1 0 0 0 0 0 1 0 0
290	1	0 0 1 1 1 0 0 1 1 0 0 1 1 0 0 0
290	2	1 1 1 0 0 0 1 1 0 0 0 0 0 0 0 0
290	1	1 0 1 1 1 0 1 1 0 0 0 0 1 0 0 0
290	1	1 1 1 1 1 0 0 1 1 0 0 0 0 0 0 0
290	2	0 0 1 1 1 0 0 0 1 1 0 0 0 0 0 0
290	1	0 0 1 1 1 0 0 0 1 0 0 0 0 0 1 0
290	1	1 0 1 1 1 0 0 1 0 0 0 1 0 0 0 0
290	4	1 0 0 1 1 0 0 0 0 0 0 0 0 0 0 1
300	28	1 1 1 1 1 0 0 0 0 0 0 0 1 0 0 0
300	90	1 1 1 1 1 0 1 1 0 0 1 0 0 0 0 0
300	67	1 1 1 1 1 0 1 1 0 0 0 0 1 0 0 0
300	48	1 1 1 1 1 0 1 1 0 0 0 0 0 0 0 0
300	14	1 1 1 1 1 0 0 0 0 0 0 0 0 0 0 0
300	5	1 1 1 1 1 0 1 0 0 0 0 0 1 0 0 0
300	15	1 1 1 1 1 0 0 1 0 0 0 0 0 0 0 0
300	25	1 1 0 1 0 0 0 1 0 0 0 0 0 0 0 0
300	18	1 1 1 1 1 0 1 0 0 1 0 0 0 0 0 0
300	4	1 0 1 1 1 0 0 0 0 0 0 0 0 0 0 0
300	19	0 0 1 1 1 0 0 0 1 0 0 0 0 0 0 0
300	10	1 1 0 1 0 0 0 0 0 0 0 0 1 0 0 0
300	8	1 1 1 1 1 0 0 1 0 0 0 1 0 0 0 0
300	9	1 1 0 1 1 0 0 0 0 0 0 0 1 0 0 0
300	17	1 1 1 1 1 0 0 0 0 1 0 0 0 0 0 0
300	43	1 1 0 1 0 0 0 1 0 0 0 0 1 0 0 0
300	12	1 1 1 0 1 0 0 1 0 0 0 1 0 0 0 0
300	15	1 1 0 1 0 0 0 1 0 0 0 0 0 1 0 0
300	14	0 1 1 1 0 0 0 0 0 0 0 0 0 0 0 0
300	39	1 1 1 1 0 0 1 1 0 0 0 0 0 0 0 0
300	17	1 1 1 0 1 1 0 1 0 0 0 1 0 0 0 0
300	2	1 1 0 1 1 0 0 1 1 0 0 1 1 0 0 0
300	7	1 1 1 1 1 0 0 0 0 1 0 0 1 0 0 0
300	4	0 1 1 1 1 0 0 0 0 0 0 0 1 0 0 0
300	8	1 1 1 1 0 0 0 1 0 0 0 1 0 0 0 0
300	10	1 1 1 1 0 0 1 1 0 0 0 0 1 0 0 0
300	13	1 1 1 1 0 0 1 1 0 0 0 0 0 1 0 0
300	20	1 1 1 0 1 0 1 1 0 0 0 0 1 0 0 0
300	4	1 1 1 1 1 0 0 0 1 0 0 1 0 0 0 0
300	2	1 1 1 1 1 0 1 0 1 0 0 1 1 0 0 0
300	11	1 1 1 1 1 0 0 1 0 0 0 0 0 1 0 0
300	7	1 1 1 1 1 0 1 0 0 1 0 0 1 0 0 0
300	10	1 1 1 1 1 0 0 0 0 1 1 0 0 0 0 0
300	3	1 1 1 1 1 1 0 0 1 0 0 0 1 0 0 0
300	2	0 1 0 1 1 0 0 0 0 0 0 0 1 0 0 0
300	1	1 1 0 0 1 0 0 1 1 0 0 1 1 0 0 0
300	7	1 0 1 1 1 0 0 0 0 0 0 0 0 0 0 1
300	1	0 1 1 1 0 0 0 0 0 0 0 1 0 0 0 0
300	11	1 1 1 1 1 1 0 0 0 0 0 0 0 0 0 0
300	13	1 1 1 1 1 0 0 0 1 1 0 0 0 0 0 0
300	9	1 1 1 0 1 0 0 1 0 0 0 0 0 0 0 0
300	3	1 1 0 1 1 0 0 1 0 0 0 0 0 1 0 0
300	10	1 1 1 1 1 0 1 0 0 1 0 1 0 0 0 0
300	41	1 0 1 1 1 0 0 0 0 1 0 0 0 0 0 0
300	4	1 1 1 0 0 0 0 1 0 0 0 0 0 1 0 0
300	10	1 1 1 1 1 0 1 0 1 1 0 1 1 0 0 0
300	3	1 0 1 1 1 0 1 1 0 0 1 0 0 0 0 0
300	10	1 1 1 1 1 1 0 1 0 0 0 1 0 0 0 0
300	4	1 1 1 1 1 0 0 1 0 0 0 1 1 0 0 0
300	24	1 1 1 1 0 0 0 1 0 0 0 0 1 0 0 0
300	1	1 0 1 1 1 0 0 0 1 0 0 0 0 0 0 1
300	10	1 1 1 1 1 0 1 0 1 1 0 0 0 0 0 0
300	14	1 1 1 1 1 1 1 1 0 0 1 0 0 0 0 0
300	8	1 0 1 1 1 0 1 1 0 0 0 0 1 0 0 0
300	8	1 0 0 1 1 0 0 0 0 0 0 0 0 0 0 1
300	6	1 1 1 1 1 0 0 0 1 0 0 0 0 0 0 1
300	12	1 1 0 1 1 0 1 1 0 0 0 0 1 0 0 0
300	8	1 1 1 1 0 0 0 0 0 1 0 0 0 0 0 0
300	5	1 1 1 1 1 0 0 0 0 0 1 0 1 0 0 0
300	3	1 1 1 1 1 0 1 1 1 1 0 0 0 0 0 0
300	1	0 1 1 1 1 0 0 0 1 1 0 0 0 0 0 0
300	1	1 1 1 1 1 0 0 0 0 1 0 0 0 0 1 0
300	2	1 1 1 1 1 0 1 1 0 0 0 0 0 1 0 0
300	2	0 0 1 1 1 1 0 0 1 0 0 0 0 0 0 0
300	2	0 1 0 1 0 0 0 1 0 0 0 0 1 0 0 0
300	4	1 0 1 1 0 0 1 1 0 0 0 0 0 0 0 0
300	7	1 1 0 1 1 0 1 0 1 1 0 0 0 0 0 0
300	6	1 1 1 0 0 0 1 1 0 0 0 0 1 0 0 0
300	5	0 1 1 0 1 1 1 1 0 0 0 1 0 0 0 0
300	7	1 1 1 1 1 0 1 1 0 0 1 0 1 0 0 0
300	2	0 1 1 1 1 0 1 1 0 0 0 0 1 0 0 0
300	10	0 0 1 1 1 0 0 0 0 0 0 0 0 0 0 0
300	4	1 1 1 1 0 0 0 0 0 0 0 0 0 0 0 0
300	1	1 1 1 1 1 0 1 0 0 0 1 0 0 0 0 0
300	4	1 1 1 1 1 0 1 1 0 0 1 1 0 0 0 0
300	3	1 1 1 1 1 0 0 1 0 0 1 0 0 0 0 0
300	1	1 1 1 1 1 0 0 0 0 1 0 0 0 1 0 0
300	5	1 1 1 1 1 1 0 0 1 0 0 0 0 0 0 0
300	7	1 1 1 1 1 0 1 1 0 0 0 1 1 0 0 0
300	1	0 0 1 1 0 0 1 1 0 0 0 0 0 0 0 0
300	4	1 1 1 0 1 0 1 1 0 0 0 0 0 0 0 0
300	2	1 1 1 1 1 0 0 0 0 0 0 0 1 1 0 0
300	3	0 1 1 1 1 0 1 1 0 0 1 0 0 0 0 0
300	2	1 0 1 1 0 0 0 0 0 1 0 0 0 0 0 0
300	2	1 1 1 1 0 0 0 0 0 1 0 1 0 0 0 0
300	1	0 1 1 1 1 0 1 1 1 1 0 0 0 0 0 0
300	1	1 1 0 1 1 0 0 1 0 0 0 0 1 0 0 0
300	8	1 1 1 0 1 0 1 1 0 0 0 0 1 1 0 0
300	3	1 1 1 1 1 1 1 0 0 1 0 0 1 0 0 0
300	3	1 0 1 1 1 0 0 0 1 0 0 0 0 0 0 0
300	1	1 1 1 1 1 0 0 0 0 0 0 0 0 0 0 1
300	7	1 1 0 1 1 0 1 1 0 0 0 0 0 0 0 0
300	2	0 1 1 1 0 0 0 0 0 0 0 0 1 0 0 0
300	2	1 1 1 1 1 0 0 0 1 0 0 0 0 0 0 0
300	6	1 1 1 1 1 0 0 1 0 0 0 0 0 0 0 1
300	3	1 1 0 1 0 0 0 1 0 0 0 0 1 1 0 0
300	2	1 0 1 1 1 0 0 0 0 1 0 1 0 0 0 0
300	1	1 0 1 1 1 0 0 0 0 1 1 0 0 0 0 0
300	2	0 1 0 1 0 0 1 1 0 0 0 0 1 0 0 0
300	1	1 1 0 1 0 0 0 0 0 1 0 0 0 0 0 0
300	1	1 1 0 1 1 0 0 1 1 0 0 0 0 0 0 0
300	1	1 0 1 1 1 0 0 0 0 0 0 0 1 0 0 0
300	3	0 1 0 1 0 0 0 1 0 0 0 0 0 0 0 0
300	2	1 1 0 1 1 0 1 1 0 0 1 0 0 0 0 0
300	1	1 1 1 0 1 0 1 1 0 0 1 0 0 0 0 0
300	2	1 1 1 1 1 0 1 1 0 1 0 0 0 0 0 0
300	1	1 1 1 1 1 1 0 0 0 1 0 0 0 0 0 0
300	2	1 1 0 1 0 0 0 1 0 0 1 0 1 0 0 0
300	1	1 1 1 1 0 0 0 0 0 1 1 0 0 0 0 0
300	1	1 0 1 1 1 0 0 0 0 0 0 0 0 1 0 1
300	4	0 1 1 1 0 0 0 1 0 0 0 0 1 0 0 0
300	3	1 1 0 1 1 0 1 1 0 0 1 0 1 0 0 0
300	1	1 1 0 1 1 1 0 0 1 0 0 0 0 0 0 0
310	46	1 1 1 1 1 0 0 0 0 0 0 0 1 0 0 0
310	88	1 1 1 1 1 0 1 1 0 0 1 0 0 0 0 0
310	52	1 1 1 1 1 0 1 1 0 0 0 0 1 0 0 0
310	52	1 1 1 1 1 0 1 1 0 0 0 0 0 0 0 0
310	14	1 1 1 1 1 0 0 0 0 0 0 0 0 0 0 0
310	4	1 1 1 1 1 0 1 0 0 0 0 0 1 0 0 0
310	14	1 1 1 1 1 0 0 1 0 0 0 0 0 0 0 0
310	15	1 1 0 1 0 0 0 1 0 0 0 0 0 0 0 0
310	16	1 1 1 1 1 0 1 0 0 1 0 0 0 0 0 0
310	14	1 0 1 1 1 0 0 0 0 0 0 0 0 0 0 0
310	18	0 0 1 1 1 0 0 0 1 0 0 0 0 0 0 0
310	13	1 1 0 1 0 0 0 0 0 0 0 0 1 0 0 0
310	5	1 1 0 1 1 0 0 0 0 0 0 0 1 0 0 0
310	9	1 1 1 1 1 0 0 0 0 1 0 0 0 0 0 0
310	15	1 1 0 1 0 0 0 1 0 0 0 0 1 0 0 0
310	7	1 1 0 1 0 0 0 1 0 0 0 0 0 1 0 0
310	15	0 1 1 1 0 0 0 0 0 0 0 0 0 0 0 0
310	53	1 1 1 1 0 0 1 1 0 0 0 0 0 0 0 0
310	11	1 1 1 0 1 1 0 1 0 0 0 1 0 0 0 0
310	1	1 1 1 1 1 0 0 0 0 1 0 0 1 0 0 0
310	2	0 1 1 1 1 0 0 0 0 0 0 0 1 0 0 0
310	8	1 1 1 1 0 0 0 1 0 0 0 1 0 0 0 0
310	11	1 1 1 1 0 0 1 1 0 0 0 0 1 0 0 0
310	15	1 1 1 1 0 0 1 1 0 0 0 0 0 1 0 0
310	17	1 1 1 0 1 0 1 1 0 0 0 0 1 0 0 0
310	23	1 1 1 1 1 0 0 0 1 0 0 1 0 0 0 0
310	7	1 1 1 1 1 0 0 1 0 0 0 0 0 1 0 0
310	3	1 1 1 1 1 0 1 0 0 1 0 0 1 0 0 0
310	39	1 1 1 1 1 0 0 0 0 1 1 0 0 0 0 0
310	10	1 1 1 1 1 1 0 0 1 0 0 0 1 0 0 0
310	18	1 1 1 1 1 1 0 0 0 0 0 0 0 0 0 0
310	2	1 1 1 1 1 0 0 0 1 1 0 0 0 0 0 0
310	8	1 1 0 1 1 0 0 1 0 0 0 0 0 1 0 0
310	11	1 1 1 1 1 0 1 0 0 1 0 1 0 0 0 0
310	56	1 0 1 1 1 0 0 0 0 1 0 0 0 0 0 0
310	5	1 1 1 1 1 0 1 0 1 1 0 1 1 0 0 0
310	8	1 1 1 1 1 1 0 1 0 0 0 1 0 0 0 0
310	13	1 1 1 1 0 0 0 1 0 0 0 0 1 0 0 0
310	3	1 1 1 1 1 0 1 0 1 1 0 0 0 0 0 0
310	3	1 1 1 1 1 1 1 1 0 0 1 0 0 0 0 0
310	10	1 0 1 1 1 0 1 1 0 0 0 0 1 0 0 0
310	18	1 1 0 1 1 0 1 1 0 0 0 0 1 0 0 0
310	3	1 1 1 1 0 0 0 0 0 1 0 0 0 0 0 0
310	12	1 1 1 1 1 0 0 0 0 0 1 0 1 0 0 0
310	9	1 1 0 1 1 0 1 0 1 1 0 0 0 0 0 0
310	2	0 0 1 1 1 0 0 0 0 0 0 0 0 0 0 0
310	5	1 1 1 1 0 0 0 0 0 0 0 0 0 0 0 0
310	27	1 1 1 1 1 0 1 1 0 0 1 1 0 0 0 0
310	10	1 1 1 1 1 0 0 0 0 1 0 0 0 1 0 0
310	3	1 1 1 0 1 0 1 1 0 0 0 0 0 0 0 0
310	1	1 1 1 1 1 0 0 0 0 0 0 0 1 1 0 0
310	1	0 1 1 1 1 0 1 1 0 0 1 0 0 0 0 0
310	4	1 1 1 0 1 0 1 1 0 0 0 0 1 1 0 0
310	7	1 1 1 1 1 0 0 0 1 0 0 0 0 0 0 0
310	4	1 1 0 1 0 0 0 0 0 1 0 0 0 0 0 0
310	24	0 1 0 1 0 0 0 1 0 0 0 0 0 0 0 0
310	3	1 1 0 1 1 0 1 1 0 0 1 0 0 0 0 0
310	10	1 1 1 0 1 0 1 1 0 0 1 0 0 0 0 0
310	5	0 1 1 1 0 0 0 1 0 0 0 0 1 0 0 0
310	3	1 1 1 0 0 0 0 1 0 0 0 1 0 0 0 0
310	9	0 1 1 1 1 0 1 0 1 1 0 1 1 0 0 0
310	2	1 1 1 1 1 0 0 0 0 0 0 0 0 1 0 0
310	1	1 1 0 1 0 0 0 1 0 1 0 0 0 0 0 0
310	8	1 0 1 1 1 0 0 0 0 1 0 0 0 0 0 1
310	3	0 0 1 1 1 0 0 0 0 0 0 0 1 0 0 0
310	3	1 1 0 0 1 0 1 1 0 0 0 0 0 0 0 0
310	5	1 1 0 1 1 0 1 1 1 0 1 0 0 0 0 0
310	6	1 1 1 1 0 0 0 0 0 0 0 0 1 0 0 0
310	1	1 1 0 1 0 0 0 0 0 0 0 0 0 0 0 0
310	2	1 1 1 1 1 0 1 0 1 1 0 0 1 0 0 0
310	2	1 1 1 0 1 0 1 0 0 0 0 0 1 0 0 0
310	10	1 1 1 1 1 0 1 1 0 1 1 0 0 0 0 0
310	1	1 1 1 1 1 0 1 1 0 0 1 0 0 1 0 0
310	3	1 1 1 0 1 0 1 1 0 0 1 0 1 0 0 0
310	11	1 1 1 1 0 0 0 1 0 0 0 0 0 1 0 0
310	12	1 1 0 0 0 0 0 1 0 0 0 0 1 0 0 0
310	1	1 1 0 0 1 0 1 1 0 0 0 0 1 0 0 0
310	3	1 1 1 0 1 1 0 1 0 0 0 0 1 0 0 0
310	2	1 1 1 1 0 0 0 1 0 1 0 0 0 0 0 0
310	1	1 0 1 1 1 0 1 1 0 0 1 0 0 0 0 0
310	3	1 1 1 1 1 0 1 1 0 0 0 0 1 0 1 0
310	1	1 1 1 1 1 0 0 1 0 1 0 0 0 1 0 0
310	1	1 0 1 1 1 0 0 0 1 1 0 0 0 0 0 0
310	1	1 0 1 1 1 0 0 0 0 0 0 0 1 0 0 0
310	2	1 1 1 1 0 0 0 0 0 0 0 1 0 0 0 0
310	1	1 1 1 1 1 0 1 1 0 0 0 0 0 0 1 0
310	1	1 1 1 1 1 0 0 0 1 0 0 1 0 0 1 0
310	2	0 1 1 1 1 1 1 0 1 1 0 1 1 0 0 0
310	3	1 1 1 1 1 0 1 0 0 0 0 0 0 0 0 0
310	2	1 1 1 1 1 0 1 1 0 0 0 1 1 0 0 0
310	1	1 1 1 1 1 0 1 1 1 0 0 0 1 0 0 0
310	1	1 1 1 1 0 0 1 1 0 0 1 0 1 0 0 0
310	4	1 1 1 1 0 0 0 0 0 1 1 0 0 0 0 0
310	1	1 0 1 1 1 0 0 0 0 1 0 1 0 0 0 0
310	1	0 0 1 1 1 0 0 1 0 0 0 0 0 0 0 0
310	2	1 1 1 1 0 0 0 0 0 0 0 0 1 0 0 1
310	2	1 0 1 1 1 0 1 1 0 1 1 0 0 0 0 0
320	38	1 1 1 1 1 0 0 0 0 0 0 0 1 0 0 0
320	95	1 1 1 1 1 0 1 1 0 0 1 0 0 0 0 0
320	55	1 1 1 1 1 0 1 1 0 0 0 0 1 0 0 0
320	147	1 1 1 1 1 0 1 1 0 0 0 0 0 0 0 0
320	11	1 1 1 1 1 0 0 0 0 0 0 0 0 0 0 0
320	1	1 1 1 1 1 0 1 0 0 0 0 0 1 0 0 0
320	6	1 1 1 1 1 0 0 1 0 0 0 0 0 0 0 0
320	18	1 1 0 1 0 0 0 1 0 0 0 0 0 0 0 0
320	8	1 1 1 1 1 0 1 0 0 1 0 0 0 0 0 0
320	2	0 0 1 1 1 0 0 0 1 0 0 0 0 0 0 0
320	9	1 1 0 1 0 0 0 1 0 0 0 0 1 0 0 0
320	36	0 1 1 1 0 0 0 0 0 0 0 0 0 0 0 0
320	28	1 1 1 1 0 0 1 1 0 0 0 0 0 0 0 0
320	3	1 1 1 0 1 1 0 1 0 0 0 1 0 0 0 0
320	5	1 1 1 1 0 0 0 1 0 0 0 1 0 0 0 0
320	1	1 1 1 1 0 0 1 1 0 0 0 0 1 0 0 0
320	10	1 1 1 1 0 0 1 1 0 0 0 0 0 1 0 0
320	1	1 1 1 0 1 0 1 1 0 0 0 0 1 0 0 0
320	11	1 1 1 1 1 0 0 0 1 0 0 1 0 0 0 0
320	2	1 1 1 1 1 0 1 0 0 1 0 0 1 0 0 0
320	60	1 1 1 1 1 0 0 0 0 1 1 0 0 0 0 0
320	6	1 1 1 1 1 1 0 0 1 0 0 0 1 0 0 0
320	44	1 1 1 1 1 1 0 0 0 0 0 0 0 0 0 0
320	7	1 1 1 1 1 0 1 0 0 1 0 1 0 0 0 0
320	25	1 0 1 1 1 0 0 0 0 1 0 0 0 0 0 0
320	2	1 1 1 1 1 0 1 0 1 1 0 1 1 0 0 0
320	4	1 1 1 1 1 0 1 0 1 1 0 0 0 0 0 0
320	9	1 1 1 1 1 1 1 1 0 0 1 0 0 0 0 0
320	9	1 0 1 1 1 0 1 1 0 0 0 0 1 0 0 0
320	3	1 1 0 1 1 0 1 1 0 0 0 0 1 0 0 0
320	1	1 1 1 1 0 0 0 0 0 1 0 0 0 0 0 0
320	2	1 1 1 1 1 0 0 0 0 0 1 0 1 0 0 0
320	2	1 1 0 1 1 0 1 0 1 1 0 0 0 0 0 0
320	2	1 1 1 1 0 0 0 0 0 0 0 0 0 0 0 0
320	12	1 1 1 1 1 0 1 1 0 0 1 1 0 0 0 0
320	13	1 1 1 1 1 0 0 0 0 1 0 0 0 1 0 0
320	1	1 1 1 1 1 0 0 0 0 0 0 0 1 1 0 0
320	11	1 1 1 1 1 0 0 0 1 0 0 0 0 0 0 0
320	2	1 1 0 1 0 0 0 0 0 1 0 0 0 0 0 0
320	34	0 1 0 1 0 0 0 1 0 0 0 0 0 0 0 0
320	1	1 1 1 0 0 0 0 1 0 0 0 1 0 0 0 0
320	13	0 1 1 1 1 0 1 0 1 1 0 1 1 0 0 0
320	4	1 1 0 1 1 0 1 1 1 0 1 0 0 0 0 0
320	13	1 1 1 1 0 0 0 0 0 0 0 0 1 0 0 0
320	1	1 1 1 1 1 0 1 0 1 1 0 0 1 0 0 0
320	2	1 1 1 0 1 0 1 1 0 0 1 0 1 0 0 0
320	16	1 1 1 1 0 0 0 1 0 0 0 0 0 1 0 0
320	16	1 1 0 0 0 0 0 1 0 0 0 0 1 0 0 0
320	3	1 0 1 1 1 0 1 1 0 0 1 0 0 0 0 0
320	19	1 1 1 1 1 0 1 0 0 0 0 0 0 0 0 0
320	5	1 1 1 1 0 0 1 1 0 0 1 0 1 0 0 0
320	2	1 1 1 1 0 0 0 0 0 1 1 0 0 0 0 0
320	5	0 1 1 1 0 0 0 0 0 0 0 0 0 0 0 1
320	7	1 1 1 1 0 0 0 1 0 1 1 0 0 0 0 0
320	6	1 1 1 1 1 0 1 1 0 0 1 0 1 0 0 0
320	22	1 1 1 1 1 1 0 0 0 1 1 0 0 0 0 0
320	5	1 0 1 1 1 0 0 0 1 1 0 0 0 0 0 0
320	10	1 1 1 1 1 0 1 1 0 1 0 0 1 0 0 0
320	3	1 1 1 1 1 0 0 1 0 0 0 0 1 0 0 0
320	9	1 1 1 1 0 0 1 1 0 1 0 0 0 0 0 0
320	1	1 1 1 1 1 0 0 0 0 0 1 0 1 1 0 0
320	1	1 1 0 1 1 1 1 0 1 1 0 0 0 0 0 0
320	8	1 1 0 1 0 0 1 1 0 0 0 0 0 0 0 0
320	1	0 1 0 1 0 0 0 0 0 0 0 0 1 1 0 0
320	1	1 1 1 1 1 0 1 1 0 0 0 1 0 0 0 0
320	8	1 1 1 1 0 0 1 1 0 0 1 0 0 0 0 0
320	2	1 1 1 1 0 0 1 1 0 0 0 0 0 0 1 0
320	7	1 1 1 0 1 0 0 0 0 1 1 0 0 0 0 0
320	1	1 1 0 1 0 0 0 0 1 1 0 0 0 0 0 0
320	11	1 1 0 1 1 0 0 0 0 0 0 0 1 0 0 0
320	8	1 0 1 1 1 0 0 0 0 0 0 0 0 0 0 0
320	2	0 1 1 1 1 0 0 0 0 0 0 0 0 0 0 0
320	1	1 1 1 0 1 1 0 1 0 0 0 0 0 0 0 0
320	6	0 1 1 1 1 1 0 0 0 0 0 0 0 0 0 0
320	1	1 1 1 1 1 1 0 0 0 0 0 1 0 0 0 0
320	1	1 1 1 1 0 0 0 1 0 0 0 0 0 0 0 0
320	3	1 1 1 1 1 0 0 0 0 0 0 0 0 1 0 0
320	1	1 1 1 1 0 1 1 1 0 0 0 0 0 1 0 0
320	5	1 0 1 1 1 1 0 0 0 0 0 0 0 0 0 0
320	3	1 1 1 1 1 0 1 1 0 0 1 1 1 0 0 0
320	3	1 1 1 0 1 0 0 0 0 1 1 0 0 0 1 0
320	1	1 1 0 1 0 0 0 0 0 0 0 1 1 0 0 0
320	2	1 1 1 1 1 0 0 0 1 0 0 1 0 0 1 0
320	2	0 0 1 1 1 0 0 0 1 1 0 0 0 0 0 0
320	5	1 1 1 1 1 0 1 1 0 0 0 1 0 0 0 1
320	2	1 1 1 1 1 0 0 0 1 0 1 0 0 0 0 0
320	4	1 1 1 1 1 1 0 1 0 0 0 0 0 0 1 0
320	1	1 1 1 1 1 0 0 1 0 0 1 0 0 0 0 0
320	2	1 0 1 1 1 1 0 0 0 0 0 1 0 0 0 0
320	1	1 1 1 1 1 1 0 0 0 0 0 0 1 0 0 0
320	1	1 0 1 1 1 0 1 1 0 0 0 0 0 0 0 0
320	2	1 1 0 1 1 0 0 1 0 0 0 0 0 0 0 0
320	1	0 0 1 1 1 0 1 0 1 1 0 1 1 0 0 0
320	2	1 1 1 0 1 0 1 1 0 0 1 0 1 0 1 0
320	1	1 1 1 1 0 0 0 1 0 0 0 0 1 1 0 0
330	54	1 1 1 1 1 0 0 0 0 0 0 0 1 0 0 0
330	75	1 1 1 1 1 0 1 1 0 0 1 0 0 0 0 0
330	73	1 1 1 1 1 0 1 1 0 0 0 0 1 0 0 0
330	83	1 1 1 1 1 0 1 1 0 0 0 0 0 0 0 0
330	5	1 1 1 1 1 0 0 0 0 0 0 0 0 0 0 0
330	1	1 1 1 1 1 0 0 1 0 0 0 0 0 0 0 0
330	2	1 1 1 1 1 0 1 0 0 1 0 0 0 0 0 0
330	11	1 1 0 1 0 0 0 1 0 0 0 0 1 0 0 0
330	14	0 1 1 1 0 0 0 0 0 0 0 0 0 0 0 0
330	14	1 1 1 1 0 0 1 1 0 0 0 0 0 0 0 0
330	15	1 1 1 0 1 0 1 1 0 0 0 0 1 0 0 0
330	101	1 1 1 1 1 0 0 0 0 1 1 0 0 0 0 0
330	25	1 1 1 1 1 1 0 0 1 0 0 0 1 0 0 0
330	21	1 1 1 1 1 1 0 0 0 0 0 0 0 0 0 0
330	25	1 0 1 1 1 0 0 0 0 1 0 0 0 0 0 0
330	6	1 1 0 1 1 0 1 0 1 1 0 0 0 0 0 0
330	14	1 1 1 1 1 0 1 1 0 0 1 1 0 0 0 0
330	4	1 1 1 1 1 0 0 0 0 1 0 0 0 1 0 0
330	5	1 1 1 1 1 0 0 0 1 0 0 0 0 0 0 0
330	43	0 1 0 1 0 0 0 1 0 0 0 0 0 0 0 0
330	3	0 1 1 1 1 0 1 0 1 1 0 1 1 0 0 0
330	17	1 1 1 1 0 0 0 0 0 0 0 0 1 0 0 0
330	29	1 1 1 1 0 0 0 1 0 0 0 0 0 1 0 0
330	6	1 1 0 0 0 0 0 1 0 0 0 0 1 0 0 0
330	18	1 1 1 1 1 0 1 0 0 0 0 0 0 0 0 0
330	22	1 1 1 1 0 0 0 0 0 1 1 0 0 0 0 0
330	7	1 1 1 1 0 0 0 1 0 1 1 0 0 0 0 0
330	20	1 1 1 1 1 1 0 0 0 1 1 0 0 0 0 0
330	1	1 0 1 1 1 0 0 0 1 1 0 0 0 0 0 0
330	9	1 1 1 1 1 0 1 1 0 1 0 0 1 0 0 0
330	17	1 1 1 1 0 0 1 1 0 1 0 0 0 0 0 0
330	7	1 1 0 1 1 1 1 0 1 1 0 0 0 0 0 0
330	1	1 1 0 1 0 0 1 1 0 0 0 0 0 0 0 0
330	6	1 1 1 1 0 0 1 1 0 0 1 0 0 0 0 0
330	8	1 1 1 1 0 0 1 1 0 0 0 0 0 0 1 0
330	3	1 1 1 0 1 0 0 0 0 1 1 0 0 0 0 0
330	13	1 1 0 1 1 0 0 0 0 0 0 0 1 0 0 0
330	7	1 0 1 1 1 0 0 0 0 0 0 0 0 0 0 0
330	2	1 1 1 1 1 1 0 0 0 0 0 1 0 0 0 0
330	5	1 1 1 1 1 0 1 1 0 0 1 1 1 0 0 0
330	2	1 1 0 1 0 0 0 0 0 0 0 1 1 0 0 0
330	1	0 0 1 1 1 0 0 0 1 1 0 0 0 0 0 0
330	1	1 1 1 1 1 0 1 1 0 0 0 1 0 0 0 1
330	11	1 1 1 1 1 1 0 1 0 0 0 0 0 0 1 0
330	13	1 1 1 1 1 1 0 0 0 0 0 0 1 0 0 0
330	5	1 1 0 1 1 0 0 1 0 0 0 0 0 0 0 0
330	3	0 0 1 1 1 0 1 0 1 1 0 1 1 0 0 0
330	12	1 1 1 0 1 0 1 1 0 0 1 0 1 0 1 0
330	13	1 1 0 1 0 0 0 1 1 0 0 0 0 0 0 0
330	8	1 1 1 1 1 0 1 1 0 0 0 0 1 0 0 1
330	20	1 1 1 1 0 1 1 1 0 0 1 0 0 0 0 0
330	4	1 1 1 1 1 0 1 1 1 0 0 0 0 0 0 0
330	8	1 0 1 1 0 0 1 1 0 0 0 0 0 0 0 0
330	2	1 1 1 1 1 0 0 0 0 1 1 0 0 0 1 0
330	3	1 1 1 1 1 0 0 0 0 0 1 0 0 0 0 0
330	1	1 0 1 1 1 0 1 0 0 1 0 0 0 0 0 0
330	2	0 1 0 1 0 0 0 1 1 0 0 0 0 0 0 0
330	10	1 1 1 0 0 0 0 1 0 0 0 0 0 1 0 0
330	2	1 1 1 1 1 1 0 1 0 0 0 0 1 0 0 0
330	1	1 1 0 1 1 0 0 0 0 0 0 0 0 0 0 0
330	3	1 1 1 1 1 1 1 1 0 0 0 0 0 0 0 0
330	2	0 1 1 1 1 0 1 1 0 1 0 0 1 0 0 0
330	4	0 1 1 1 1 0 1 1 0 0 1 0 0 0 0 0
330	4	1 1 1 1 1 0 1 1 0 0 0 0 1 0 1 0
330	4	0 0 1 1 0 0 0 0 0 1 0 0 0 0 0 0
330	3	1 1 1 1 0 0 0 1 0 0 0 0 0 0 0 0
330	4	1 1 1 1 1 1 0 0 0 0 1 0 0 0 0 0
330	6	1 1 1 1 1 0 0 0 0 1 0 0 0 0 0 0
330	1	1 0 1 1 1 0 0 0 0 0 1 0 1 1 0 0
330	3	1 1 1 1 1 0 0 1 0 0 0 0 1 0 0 0
330	5	1 1 1 1 1 0 1 1 1 0 1 0 0 0 0 0
330	3	0 1 1 1 1 0 1 1 1 1 0 1 1 0 0 0
330	7	1 1 1 1 1 0 1 1 0 0 0 1 1 0 0 1
330	2	1 0 1 1 1 0 1 1 0 0 1 0 0 0 0 0
330	3	1 1 0 1 1 1 0 0 1 0 0 0 1 0 0 0
330	1	1 1 1 1 0 0 1 1 0 0 1 1 0 0 0 0
330	5	0 1 1 1 1 0 1 0 0 0 0 0 0 0 0 0
330	1	0 1 1 1 0 0 1 1 0 1 0 0 0 0 0 0
330	1	1 1 1 1 1 1 0 0 1 0 0 0 0 0 0 0
330	2	1 1 1 1 1 1 0 1 0 1 0 0 1 0 0 0
330	2	1 1 0 1 1 0 0 1 0 0 0 0 1 0 0 0
330	1	1 1 1 1 1 1 0 0 0 0 0 0 0 0 0 1
330	2	1 1 1 1 1 0 1 1 0 0 0 1 0 0 0 0
330	6	1 1 0 1 0 0 0 1 0 0 0 0 0 0 0 0
330	1	0 1 1 1 1 0 0 0 0 1 0 0 0 0 0 0
330	1	1 1 1 1 1 0 0 1 0 0 0 0 0 1 0 0
330	1	1 1 1 1 1 0 0 0 0 0 0 0 1 0 0 1
330	1	0 1 1 1 1 0 1 1 0 0 0 0 1 0 0 0
330	2	1 1 1 0 1 0 0 0 0 0 0 0 0 0 0 0
330	1	1 1 1 0 1 0 0 1 0 0 0 0 1 0 0 0
330	1	1 1 1 1 0 0 1 1 0 0 0 0 0 1 0 0
330	1	1 1 0 0 0 0 0 1 0 0 1 0 1 0 0 0
330	1	1 1 1 1 1 1 0 1 0 1 0 0 0 0 1 0
330	1	1 1 1 1 1 0 1 1 1 0 0 0 1 0 0 0
340	53	1 1 1 1 1 0 0 0 0 0 0 0 1 0 0 0
340	56	1 1 1 1 1 0 1 1 0 0 1 0 0 0 0 0
340	45	1 1 1 1 1 0 1 1 0 0 0 0 1 0 0 0
340	91	1 1 1 1 1 0 1 1 0 0 0 0 0 0 0 0
340	8	1 1 1 1 1 0 0 0 0 0 0 0 0 0 0 0
340	4	1 1 1 1 1 0 1 0 0 1 0 0 0 0 0 0
340	3	1 1 0 1 0 0 0 1 0 0 0 0 1 0 0 0
340	12	0 1 1 1 0 0 0 0 0 0 0 0 0 0 0 0
340	40	1 1 1 1 0 0 1 1 0 0 0 0 0 0 0 0
340	11	1 1 1 0 1 0 1 1 0 0 0 0 1 0 0 0
340	74	1 1 1 1 1 0 0 0 0 1 1 0 0 0 0 0
340	7	1 1 1 1 1 1 0 0 1 0 0 0 1 0 0 0
340	10	1 1 1 1 1 1 0 0 0 0 0 0 0 0 0 0
340	22	1 0 1 1 1 0 0 0 0 1 0 0 0 0 0 0
340	18	1 1 0 1 1 0 1 0 1 1 0 0 0 0 0 0
340	1	1 1 1 1 1 0 0 0 0 1 0 0 0 1 0 0
340	29	0 1 0 1 0 0 0 1 0 0 0 0 0 0 0 0
340	31	1 1 1 1 0 0 0 0 0 0 0 0 1 0 0 0
340	26	1 1 1 1 0 0 0 1 0 0 0 0 0 1 0 0
340	19	1 1 1 1 1 0 1 0 0 0 0 0 0 0 0 0
340	15	1 1 1 1 0 0 0 0 0 1 1 0 0 0 0 0
340	13	1 1 1 1 1 1 0 0 0 1 1 0 0 0 0 0
340	12	1 1 1 1 1 0 1 1 0 1 0 0 1 0 0 0
340	4	1 1 1 1 0 0 1 1 0 1 0 0 0 0 0 0
340	2	1 1 0 1 1 1 1 0 1 1 0 0 0 0 0 0
340	13	1 1 1 1 0 0 1 1 0 0 1 0 0 0 0 0
340	7	1 1 1 1 0 0 1 1 0 0 0 0 0 0 1 0
340	23	1 1 0 1 1 0 0 0 0 0 0 0 1 0 0 0
340	2	1 1 0 1 0 0 0 0 0 0 0 1 1 0 0 0
340	12	1 1 1 1 1 1 0 1 0 0 0 0 0 0 1 0
340	1	1 1 1 1 1 1 0 0 0 0 0 0 1 0 0 0
340	7	1 1 0 1 1 0 0 1 0 0 0 0 0 0 0 0
340	1	0 0 1 1 1 0 1 0 1 1 0 1 1 0 0 0
340	4	1 1 1 0 1 0 1 1 0 0 1 0 1 0 1 0
340	4	1 1 0 1 0 0 0 1 1 0 0 0 0 0 0 0
340	9	1 1 1 1 1 0 1 1 0 0 0 0 1 0 0 1
340	24	1 1 1 1 0 1 1 1 0 0 1 0 0 0 0 0
340	2	1 0 1 1 0 0 1 1 0 0 0 0 0 0 0 0
340	1	1 1 1 1 1 0 0 0 0 0 1 0 0 0 0 0
340	3	1 1 1 1 1 1 0 1 0 0 0 0 1 0 0 0
340	7	1 1 1 1 1 1 1 1 0 0 0 0 0 0 0 0
340	5	0 1 1 1 1 0 1 1 0 0 1 0 0 0 0 0
340	10	1 1 1 1 1 0 1 1 0 0 0 0 1 0 1 0
340	6	1 1 1 1 1 0 0 1 0 0 0 0 1 0 0 0
340	7	1 1 1 1 1 0 1 1 1 0 1 0 0 0 0 0
340	13	1 1 1 1 1 0 1 1 0 0 0 1 1 0 0 1
340	6	1 0 1 1 1 0 1 1 0 0 1 0 0 0 0 0
340	2	1 1 0 1 1 1 0 0 1 0 0 0 1 0 0 0
340	29	0 1 1 1 1 0 1 0 0 0 0 0 0 0 0 0
340	3	1 1 0 1 1 0 0 1 0 0 0 0 1 0 0 0
340	5	1 1 0 1 0 0 0 1 0 0 0 0 0 0 0 0
340	6	1 1 1 1 1 0 0 0 0 0 0 0 1 0 0 1
340	15	1 1 1 1 1 0 1 1 0 0 1 0 0 0 0 1
340	4	1 1 1 1 1 0 0 0 1 0 0 0 1 0 0 0
340	6	1 1 1 1 1 0 1 0 0 0 1 0 0 0 0 0
340	10	1 0 1 1 1 0 1 1 0 0 0 0 0 0 0 0
340	6	1 1 1 1 0 0 1 1 1 0 0 0 0 0 0 0
340	6	1 1 1 1 1 0 1 1 0 1 1 1 0 0 0 0
340	2	1 0 1 1 0 0 0 0 0 0 0 0 1 0 0 0
340	3	1 1 1 1 1 0 1 1 0 1 0 0 0 0 0 0
340	8	1 1 0 1 1 0 1 0 1 1 1 0 0 0 0 0
340	12	1 1 1 1 0 0 0 1 0 1 1 0 0 0 0 1
340	1	1 1 0 1 1 0 1 1 0 0 1 0 0 0 0 0
340	2	1 1 1 1 1 1 0 1 0 0 0 0 0 1 0 0
340	11	1 1 1 1 1 0 1 1 0 0 0 0 0 1 0 0
340	7	1 1 1 1 1 0 0 1 0 1 1 0 0 0 0 0
340	2	1 1 1 1 1 0 1 0 1 1 0 0 0 0 0 0
340	3	1 1 0 1 0 0 1 1 0 0 0 0 0 1 0 0
340	2	1 1 1 1 1 1 0 0 1 0 0 0 0 0 0 0
340	6	1 1 1 1 0 0 0 0 0 0 0 0 0 0 0 0
340	4	1 1 1 1 1 0 1 1 0 0 0 1 1 0 0 0
340	5	1 1 1 1 1 0 0 0 1 0 0 0 0 0 0 0
340	11	0 1 1 1 1 0 0 0 0 0 0 0 0 0 0 0
340	1	0 1 1 1 0 0 0 0 0 1 1 0 0 0 0 0
340	2	1 1 0 1 1 0 0 0 0 1 1 0 0 0 0 0
340	1	1 1 0 1 1 0 1 1 0 0 0 0 0 0 0 0
340	2	1 1 1 1 1 0 1 0 0 1 1 0 0 0 0 0
340	1	1 0 1 1 1 0 1 1 0 0 0 0 1 0 0 0
340	2	1 1 1 1 0 0 1 1 0 0 0 0 0 1 0 0
340	3	1 1 0 1 1 0 1 1 1 0 1 0 0 0 0 0
340	3	1 1 0 1 0 1 0 1 0 0 0 0 0 0 0 0
340	3	1 1 1 1 1 1 1 1 1 1 0 0 0 0 0 0
340	2	1 1 1 1 1 0 1 1 0 0 1 0 1 0 1 0
340	1	0 1 1 1 1 0 1 1 0 0 0 0 0 0 0 0
340	2	1 1 1 0 1 0 1 1 0 0 0 0 1 0 0 1
340	6	1 1 1 1 1 0 0 0 0 1 1 0 0 1 0 0
340	2	1 1 0 1 1 0 1 1 1 1 0 0 0 0 0 0
340	2	1 1 1 1 1 1 1 0 0 0 0 0 0 0 0 0
340	1	1 1 1 1 0 1 0 0 0 1 1 0 0 0 0 0
340	3	1 1 1 1 0 0 1 1 0 0 1 0 0 1 0 0
340	1	1 1 1 1 0 1 1 1 0 0 1 0 0 0 1 0
340	3	1 1 1 1 0 0 1 1 0 0 0 0 1 0 0 0
340	2	1 1 1 0 1 0 0 0 0 1 1 0 0 0 0 0
340	1	1 1 1 1 1 0 0 1 0 0 0 0 0 0 0 0
340	2	1 1 0 1 1 0 1 0 1 1 0 0 0 0 1 0
340	1	1 1 1 1 1 0 1 0 0 0 0 0 1 0 0 0
340	1	0 1 1 1 1 0 1 1 0 0 0 0 1 0 0 0
340	3	1 1 0 1 1 0 1 0 1 1 0 1 0 0 0 0
340	2	1 1 1 1 0 0 0 0 0 0 0 0 1 0 1 0
340	1	1 1 1 0 1 0 0 1 0 0 1 0 1 0 1 0
340	2	1 1 1 1 1 0 1 1 0 0 1 0 1 0 0 1
350	34	1 1 1 1 1 0 0 0 0 0 0 0 1 0 0 0
350	65	1 1 1 1 1 0 1 1 0 0 1 0 0 0 0 0
350	42	1 1 1 1 1 0 1 1 0 0 0 0 1 0 0 0
350	105	1 1 1 1 1 0 1 1 0 0 0 0 0 0 0 0
350	11	1 1 1 1 1 0 0 0 0 0 0 0 0 0 0 0
350	19	1 1 1 1 1 0 1 0 0 1 0 0 0 0 0 0
350	2	0 1 1 1 0 0 0 0 0 0 0 0 0 0 0 0
350	55	1 1 1 1 0 0 1 1 0 0 0 0 0 0 0 0
350	9	1 1 1 0 1 0 1 1 0 0 0 0 1 0 0 0
350	72	1 1 1 1 1 0 0 0 0 1 1 0 0 0 0 0
350	6	1 1 1 1 1 1 0 0 0 0 0 0 0 0 0 0
350	18	1 0 1 1 1 0 0 0 0 1 0 0 0 0 0 0
350	13	1 1 0 1 1 0 1 0 1 1 0 0 0 0 0 0
350	16	0 1 0 1 0 0 0 1 0 0 0 0 0 0 0 0
350	20	1 1 1 1 0 0 0 1 0 0 0 0 0 1 0 0
350	4	1 1 1 1 1 0 1 0 0 0 0 0 0 0 0 0
350	16	1 1 1 1 0 0 0 0 0 1 1 0 0 0 0 0
350	4	1 1 1 1 1 1 0 0 0 1 1 0 0 0 0 0
350	11	1 1 1 1 1 0 1 1 0 1 0 0 1 0 0 0
350	7	1 1 1 1 0 0 1 1 0 1 0 0 0 0 0 0
350	8	1 1 0 1 1 1 1 0 1 1 0 0 0 0 0 0
350	6	1 1 1 1 0 0 1 1 0 0 1 0 0 0 0 0
350	29	1 1 0 1 1 0 0 0 0 0 0 0 1 0 0 0
350	10	1 1 1 1 1 1 0 1 0 0 0 0 0 0 1 0
350	3	1 1 1 1 1 1 0 0 0 0 0 0 1 0 0 0
350	3	1 1 1 0 1 0 1 1 0 0 1 0 1 0 1 0
350	10	1 1 1 1 1 0 1 1 0 0 0 0 1 0 0 1
350	26	1 1 1 1 0 1 1 1 0 0 1 0 0 0 0 0
350	21	1 1 1 1 1 1 1 1 0 0 0 0 0 0 0 0
350	12	1 1 1 1 1 0 1 1 0 0 0 0 1 0 1 0
350	15	1 1 1 1 1 0 1 1 1 0 1 0 0 0 0 0
350	5	1 1 0 1 1 1 0 0 1 0 0 0 1 0 0 0
350	34	0 1 1 1 1 0 1 0 0 0 0 0 0 0 0 0
350	10	1 1 1 1 1 0 1 1 0 0 1 0 0 0 0 1
350	9	1 1 1 1 1 0 0 0 1 0 0 0 1 0 0 0
350	26	1 0 1 1 1 0 1 1 0 0 0 0 0 0 0 0
350	4	1 1 1 1 1 0 1 1 0 1 1 1 0 0 0 0
350	9	1 0 1 1 0 0 0 0 0 0 0 0 1 0 0 0
350	14	1 1 0 1 1 0 1 0 1 1 1 0 0 0 0 0
350	12	1 1 1 1 0 0 0 1 0 1 1 0 0 0 0 1
350	16	1 1 1 1 1 0 1 1 0 0 0 0 0 1 0 0
350	19	1 1 1 1 1 0 0 1 0 1 1 0 0 0 0 0
350	5	1 1 1 1 0 0 0 0 0 0 0 0 0 0 0 0
350	2	1 1 1 1 1 0 1 1 0 0 0 1 1 0 0 0
350	26	0 1 1 1 1 0 0 0 0 0 0 0 0 0 0 0
350	2	1 1 0 1 0 1 0 1 0 0 0 0 0 0 0 0
350	4	1 1 1 1 1 1 1 1 1 1 0 0 0 0 0 0
350	4	1 1 1 0 1 0 0 0 0 1 1 0 0 0 0 0
350	8	1 1 0 1 1 0 0 1 1 0 0 0 0 0 0 0
350	5	1 1 0 1 1 0 1 1 1 1 0 1 0 0 0 0
350	2	1 1 1 1 1 1 0 1 0 0 0 0 0 0 0 0
350	7	1 1 1 1 1 1 1 1 1 0 1 0 0 0 0 0
350	1	1 0 1 1 1 0 1 0 0 0 0 0 0 0 0 0
350	9	1 1 1 1 0 0 1 1 0 1 0 1 0 0 0 0
350	3	1 1 0 1 1 0 0 1 0 0 1 0 1 0 0 0
350	10	1 1 1 0 1 0 1 1 0 0 1 0 0 0 0 0
350	4	1 1 1 1 1 0 1 0 0 0 0 0 0 0 0 1
350	3	1 1 1 1 1 0 0 0 1 0 0 0 0 0 0 0
350	1	1 1 1 1 1 0 1 1 1 0 0 0 0 0 0 0
350	3	1 1 1 1 1 0 0 0 0 1 1 0 1 0 0 0
350	6	1 1 0 1 1 0 0 0 0 0 0 0 0 0 0 0
350	3	1 0 1 1 1 0 1 0 1 0 0 0 0 0 0 0
350	7	1 1 1 1 0 0 0 0 0 1 0 0 1 0 0 0
350	4	1 1 1 1 1 0 1 1 0 1 0 0 0 0 0 0
350	4	1 1 0 1 1 0 1 1 0 0 1 0 0 0 0 0
350	4	1 1 1 1 1 0 1 1 0 0 1 0 1 0 0 0
350	4	1 1 1 1 1 0 1 0 0 1 1 0 0 0 0 0
350	2	1 1 0 1 0 0 0 1 0 0 0 0 0 0 0 0
350	1	1 1 1 1 1 1 1 1 0 0 0 0 0 1 0 0
350	2	1 0 1 1 1 0 1 1 0 0 0 0 1 0 0 0
350	2	1 1 1 1 1 0 1 0 0 0 0 0 1 0 0 0
350	1	1 1 1 1 1 0 1 1 0 0 0 0 0 0 1 0
350	1	1 1 1 1 1 0 1 1 0 0 0 1 0 0 0 0
350	2	1 0 1 1 0 1 1 1 0 0 1 0 0 0 0 0
350	2	0 1 0 1 1 0 0 0 0 0 0 0 0 0 0 0
350	5	1 0 1 1 1 0 1 1 1 1 0 1 0 0 0 0
350	2	1 1 1 1 1 0 0 1 0 0 1 0 1 0 0 0
350	6	1 1 1 1 1 0 1 1 0 0 1 0 1 0 1 0
350	1	1 1 1 1 0 0 0 1 0 0 0 0 1 1 0 0
350	5	1 1 1 0 1 1 0 0 0 1 1 0 0 0 0 0
350	2	1 1 1 1 1 0 1 1 0 0 0 0 0 0 0 1
350	2	1 1 1 1 1 0 1 0 0 0 0 0 1 0 0 1
350	1	0 1 1 1 1 0 1 0 1 0 0 0 0 0 0 0
350	2	1 0 1 1 1 0 1 1 0 1 1 1 0 0 0 0
360	37	1 1 1 1 1 0 0 0 0 0 0 0 1 0 0 0
360	76	1 1 1 1 1 0 1 1 0 0 1 0 0 0 0 0
360	13	1 1 1 1 1 0 1 1 0 0 0 0 1 0 0 0
360	71	1 1 1 1 1 0 1 1 0 0 0 0 0 0 0 0
360	4	1 1 1 1 1 0 0 0 0 0 0 0 0 0 0 0
360	22	1 1 1 1 1 0 1 0 0 1 0 0 0 0 0 0
360	59	1 1 1 1 0 0 1 1 0 0 0 0 0 0 0 0
360	85	1 1 1 1 1 0 0 0 0 1 1 0 0 0 0 0
360	4	1 1 1 1 1 1 0 0 0 0 0 0 0 0 0 0
360	13	1 0 1 1 1 0 0 0 0 1 0 0 0 0 0 0
360	9	1 1 0 1 1 0 1 0 1 1 0 0 0 0 0 0
360	2	0 1 0 1 0 0 0 1 0 0 0 0 0 0 0 0
360	23	1 1 1 1 0 0 0 1 0 0 0 0 0 1 0 0
360	13	1 1 1 1 1 0 1 0 0 0 0 0 0 0 0 0
360	4	1 1 1 1 0 0 0 0 0 1 1 0 0 0 0 0
360	4	1 1 1 1 1 1 0 0 0 1 1 0 0 0 0 0
360	14	1 1 1 1 1 0 1 1 0 1 0 0 1 0 0 0
360	5	1 1 1 1 0 0 1 1 0 0 1 0 0 0 0 0
360	22	1 1 0 1 1 0 0 0 0 0 0 0 1 0 0 0
360	29	1 1 1 1 1 1 0 1 0 0 0 0 0 0 1 0
360	41	1 1 1 1 1 0 1 1 0 0 0 0 1 0 0 1
360	7	1 1 1 1 0 1 1 1 0 0 1 0 0 0 0 0
360	9	1 1 1 1 1 1 1 1 0 0 0 0 0 0 0 0
360	28	1 1 1 1 1 0 1 1 0 0 0 0 1 0 1 0
360	6	1 1 1 1 1 0 1 1 1 0 1 0 0 0 0 0
360	45	0 1 1 1 1 0 1 0 0 0 0 0 0 0 0 0
360	1	1 1 1 1 1 0 1 1 0 0 1 0 0 0 0 1
360	36	1 0 1 1 1 0 1 1 0 0 0 0 0 0 0 0
360	3	1 0 1 1 0 0 0 0 0 0 0 0 1 0 0 0
360	9	1 1 0 1 1 0 1 0 1 1 1 0 0 0 0 0
360	11	1 1 1 1 0 0 0 1 0 1 1 0 0 0 0 1
360	21	1 1 1 1 1 0 1 1 0 0 0 0 0 1 0 0
360	10	1 1 1 1 1 0 0 1 0 1 1 0 0 0 0 0
360	5	1 1 1 1 0 0 0 0 0 0 0 0 0 0 0 0
360	2	1 1 1 1 1 0 1 1 0 0 0 1 1 0 0 0
360	21	0 1 1 1 1 0 0 0 0 0 0 0 0 0 0 0
360	3	1 1 1 0 1 0 0 0 0 1 1 0 0 0 0 0
360	3	1 1 0 1 1 0 0 1 1 0 0 0 0 0 0 0
360	10	1 1 0 1 1 0 1 1 1 1 0 1 0 0 0 0
360	2	1 1 1 1 1 1 1 1 1 0 1 0 0 0 0 0
360	2	1 1 1 1 0 0 1 1 0 1 0 1 0 0 0 0
360	22	1 1 1 0 1 0 1 1 0 0 1 0 0 0 0 0
360	2	1 1 1 1 1 0 0 0 1 0 0 0 0 0 0 0
360	7	1 1 1 1 1 0 1 1 0 1 0 0 0 0 0 0
360	2	1 1 0 1 1 0 1 1 0 0 1 0 0 0 0 0
360	2	1 1 1 1 1 1 1 1 0 0 0 0 0 1 0 0
360	4	1 1 1 1 1 0 1 0 0 0 0 0 1 0 0 0
360	3	0 1 0 1 1 0 0 0 0 0 0 0 0 0 0 0
360	2	1 0 1 1 1 0 1 1 1 1 0 1 0 0 0 0
360	13	1 1 1 1 1 0 1 1 0 0 1 0 1 0 1 0
360	8	1 1 1 1 1 0 1 1 0 0 0 0 0 0 0 1
360	9	1 0 1 1 0 0 0 0 0 0 0 0 0 0 0 0
360	3	0 1 1 1 0 1 1 1 0 0 1 0 0 0 0 0
360	7	1 1 1 1 0 0 0 0 0 1 1 0 0 0 0 1
360	2	1 0 1 1 1 0 1 1 0 0 0 0 0 1 0 0
360	3	1 1 1 1 0 0 1 1 0 0 0 0 0 1 0 0
360	2	1 1 1 1 0 0 1 1 0 1 1 0 0 0 0 0
360	9	1 1 0 1 1 1 0 0 0 0 0 0 1 0 0 0
360	1	1 1 1 1 1 0 0 0 0 1 1 1 0 0 0 0
360	4	1 0 1 1 1 0 0 0 0 1 1 0 0 0 0 0
360	1	1 1 1 0 0 0 0 1 0 1 1 0 0 0 0 1
360	2	1 1 1 0 1 0 1 1 0 0 1 0 0 0 0 1
360	3	1 1 1 1 1 0 1 1 0 0 0 0 0 0 1 0
360	1	1 1 1 1 1 0 0 1 0 0 0 0 0 0 0 0
360	2	1 0 1 1 1 1 1 1 0 0 0 0 0 0 0 0
360	11	1 1 1 1 1 1 1 1 0 1 0 0 0 0 0 0
360	2	1 1 1 0 1 0 1 1 1 0 1 0 0 0 0 0
360	1	1 1 1 1 0 0 1 1 0 0 0 0 0 0 0 1
360	11	1 1 1 1 0 0 0 1 0 0 0 0 0 0 0 0
360	7	0 1 1 1 1 1 0 0 0 0 0 0 0 0 0 0
360	3	1 1 1 1 1 0 0 0 0 0 0 0 1 0 1 0
360	3	1 1 1 1 1 0 0 1 0 0 1 0 0 0 0 0
360	7	1 1 1 1 0 0 0 1 0 1 0 0 0 1 0 0
360	3	0 0 1 1 1 0 1 0 0 0 0 0 0 0 0 0
360	1	1 1 1 1 1 0 1 1 0 0 1 0 0 0 1 1
360	2	1 0 0 1 1 0 1 0 0 0 0 0 1 0 0 0
360	2	1 1 1 1 1 0 0 0 0 1 1 0 0 0 1 0
360	2	1 1 0 1 1 0 1 1 0 0 1 0 0 0 0 1
360	1	1 1 0 1 1 0 1 1 0 0 0 0 0 1 0 0
360	1	1 1 1 1 1 0 1 1 1 1 0 1 0 0 0 0
360	11	1 1 1 1 1 0 1 1 0 0 1 0 0 0 1 0
360	3	1 1 1 1 1 0 1 0 1 1 0 0 0 0 0 0
360	3	0 1 1 1 1 0 1 0 0 0 0 0 1 0 1 0
360	5	1 1 1 0 1 0 0 0 0 0 0 0 1 0 0 0
360	1	1 1 1 1 1 0 1 1 0 0 0 0 1 1 0 0
360	2	1 1 1 1 0 0 1 1 0 0 0 0 1 0 0 0
360	2	1 1 1 1 1 0 1 0 0 1 1 0 0 0 0 0
360	3	1 1 1 1 0 0 0 0 0 0 0 0 0 1 0 0
360	4	1 1 0 1 1 1 0 0 1 0 0 0 1 0 0 0
360	1	0 1 0 1 1 1 0 0 0 0 0 0 1 0 0 0
360	1	0 1 1 1 1 0 1 1 0 0 1 0 0 0 0 0
360	2	1 1 1 1 1 0 1 1 0 1 1 0 0 0 0 0
360	1	1 1 1 1 1 0 1 1 0 0 0 1 0 0 0 0
360	3	1 1 1 1 1 1 0 1 1 0 0 0 0 0 1 0
360	1	1 0 1 1 1 0 0 0 0 0 0 0 0 0 0 0
360	1	1 1 1 0 0 0 0 1 0 0 1 0 0 0 0 1
360	1	1 1 1 1 0 0 0 1 0 1 1 0 0 1 0 0
370	25	1 1 1 1 1 0 0 0 0 0 0 0 1 0 0 0
370	86	1 1 1 1 1 0 1 1 0 0 1 0 0 0 0 0
370	22	1 1 1 1 1 0 1 1 0 0 0 0 1 0 0 0
370	89	1 1 1 1 1 0 1 1 0 0 0 0 0 0 0 0
370	5	1 1 1 1 1 0 0 0 0 0 0 0 0 0 0 0
370	32	1 1 1 1 1 0 1 0 0 1 0 0 0 0 0 0
370	65	1 1 1 1 0 0 1 1 0 0 0 0 0 0 0 0
370	69	1 1 1 1 1 0 0 0 0 1 1 0 0 0 0 0
370	4	1 0 1 1 1 0 0 0 0 1 0 0 0 0 0 0
370	9	1 1 1 1 0 0 0 1 0 0 0 0 0 1 0 0
370	38	1 1 1 1 1 0 1 0 0 0 0 0 0 0 0 0
370	9	1 1 1 1 0 0 0 0 0 1 1 0 0 0 0 0
370	15	1 1 1 1 1 0 1 1 0 1 0 0 1 0 0 0
370	7	1 1 1 1 0 0 1 1 0 0 1 0 0 0 0 0
370	10	1 1 0 1 1 0 0 0 0 0 0 0 1 0 0 0
370	10	1 1 1 1 1 1 0 1 0 0 0 0 0 0 1 0
370	17	1 1 1 1 1 0 1 1 0 0 0 0 1 0 0 1
370	6	1 1 1 1 0 1 1 1 0 0 1 0 0 0 0 0
370	13	1 1 1 1 1 1 1 1 0 0 0 0 0 0 0 0
370	18	1 1 1 1 1 0 1 1 0 0 0 0 1 0 1 0
370	7	1 1 1 1 1 0 1 1 1 0 1 0 0 0 0 0
370	17	0 1 1 1 1 0 1 0 0 0 0 0 0 0 0 0
370	12	1 0 1 1 1 0 1 1 0 0 0 0 0 0 0 0
370	8	1 1 0 1 1 0 1 0 1 1 1 0 0 0 0 0
370	1	1 1 1 1 0 0 0 1 0 1 1 0 0 0 0 1
370	16	1 1 1 1 1 0 1 1 0 0 0 0 0 1 0 0
370	7	1 1 1 1 1 0 0 1 0 1 1 0 0 0 0 0
370	18	1 1 1 1 0 0 0 0 0 0 0 0 0 0 0 0
370	22	1 1 1 0 1 0 0 0 0 1 1 0 0 0 0 0
370	4	1 1 0 1 1 0 0 1 1 0 0 0 0 0 0 0
370	7	1 1 0 1 1 0 1 1 1 1 0 1 0 0 0 0
370	12	1 1 1 1 1 1 1 1 1 0 1 0 0 0 0 0
370	44	1 1 1 0 1 0 1 1 0 0 1 0 0 0 0 0
370	2	1 1 1 1 1 0 1 1 0 1 0 0 0 0 0 0
370	14	1 1 1 1 1 0 1 0 0 0 0 0 1 0 0 0
370	10	0 1 0 1 1 0 0 0 0 0 0 0 0 0 0 0
370	12	1 1 1 1 1 0 1 1 0 0 0 0 0 0 0 1
370	1	0 1 1 1 0 1 1 1 0 0 1 0 0 0 0 0
370	15	1 1 1 1 0 0 0 0 0 1 1 0 0 0 0 1
370	3	1 1 1 1 0 0 1 1 0 1 1 0 0 0 0 0
370	4	1 1 0 1 1 1 0 0 0 0 0 0 1 0 0 0
370	4	1 1 1 0 1 0 1 1 0 0 1 0 0 0 0 1
370	10	1 1 1 1 0 0 0 1 0 0 0 0 0 0 0 0
370	22	0 1 1 1 1 1 0 0 0 0 0 0 0 0 0 0
370	7	1 1 1 1 0 0 0 1 0 1 0 0 0 1 0 0
370	6	1 0 0 1 1 0 1 0 0 0 0 0 1 0 0 0
370	3	1 1 1 1 1 0 1 1 1 1 0 1 0 0 0 0
370	7	1 1 1 1 1 0 1 1 0 0 1 0 0 0 1 0
370	8	1 1 1 1 1 0 1 0 1 1 0 0 0 0 0 0
370	10	1 1 0 1 1 1 0 0 1 0 0 0 1 0 0 0
370	20	1 1 1 1 1 0 1 1 0 1 1 0 0 0 0 0
370	12	1 1 1 1 1 0 1 1 0 0 0 1 0 0 0 0
370	5	0 1 1 1 1 0 0 0 0 0 0 0 1 0 0 1
370	2	1 1 1 1 0 1 0 1 0 0 0 0 0 0 1 0
370	1	1 1 1 1 0 0 1 1 0 1 1 0 0 0 0 1
370	4	1 1 1 1 1 0 0 1 0 0 0 0 1 0 0 1
370	13	1 0 0 1 1 0 1 0 1 1 1 0 0 0 0 0
370	9	1 1 0 1 1 0 1 0 0 1 0 0 0 0 0 0
370	2	1 1 1 1 1 1 1 0 0 0 0 0 0 0 0 0
370	6	1 1 1 1 1 0 1 1 1 0 1 0 1 0 0 0
370	3	1 1 1 1 1 0 1 0 1 0 0 0 1 0 0 0
370	8	1 1 1 1 0 0 1 1 0 0 0 0 0 0 0 1
370	2	0 1 1 1 1 0 1 0 0 1 0 0 0 0 0 0
370	2	1 1 0 1 1 0 1 0 1 1 0 1 0 0 0 0
370	4	1 0 1 1 0 0 0 1 0 0 0 0 0 0 0 0
370	4	1 1 1 1 0 0 0 0 1 1 0 1 0 0 0 0
370	2	1 1 1 1 1 1 0 0 0 1 1 0 0 0 0 0
370	1	0 1 1 1 1 1 1 1 0 0 0 0 0 0 0 0
370	1	1 0 1 1 0 0 0 0 0 0 1 0 0 0 0 0
370	1	1 1 1 1 1 1 1 1 1 1 1 0 0 0 0 0
370	1	1 1 1 1 0 0 1 0 0 1 1 0 0 0 0 1
370	1	1 0 1 1 1 0 1 1 0 0 0 0 1 0 1 0
370	4	1 1 1 1 1 0 1 1 0 0 1 0 0 0 0 1
370	5	1 1 1 1 0 0 1 1 0 0 0 0 1 0 0 0
370	1	0 1 0 0 1 0 0 0 0 0 0 0 0 0 0 0
370	4	1 1 0 1 0 0 1 1 0 0 0 0 0 0 0 1
370	2	1 1 1 1 0 0 0 1 0 1 1 0 0 0 0 0
370	1	1 1 1 0 1 0 1 1 0 0 0 0 0 0 0 0
370	5	1 0 1 1 1 0 1 0 0 1 0 0 0 0 0 0
370	3	1 1 0 1 1 1 0 0 1 0 0 0 0 0 0 0
370	4	1 1 0 1 1 0 1 0 0 0 0 0 0 0 0 0
370	1	1 1 1 1 1 0 0 0 0 1 0 0 0 0 0 0
370	1	1 1 1 1 0 0 1 0 0 0 0 0 0 0 0 0
370	1	1 1 1 1 1 0 1 0 0 0 0 0 0 1 0 0
370	2	1 1 1 1 1 0 1 1 1 1 1 0 0 0 0 0
380	19	1 1 1 1 1 0 0 0 0 0 0 0 1 0 0 0
380	100	1 1 1 1 1 0 1 1 0 0 1 0 0 0 0 0
380	6	1 1 1 1 1 0 1 1 0 0 0 0 1 0 0 0
380	73	1 1 1 1 1 0 1 1 0 0 0 0 0 0 0 0
380	14	1 1 1 1 1 0 0 0 0 0 0 0 0 0 0 0
380	32	1 1 1 1 1 0 1 0 0 1 0 0 0 0 0 0
380	96	1 1 1 1 0 0 1 1 0 0 0 0 0 0 0 0
380	40	1 1 1 1 1 0 0 0 0 1 1 0 0 0 0 0
380	14	1 1 1 1 0 0 0 1 0 0 0 0 0 1 0 0
380	41	1 1 1 1 1 0 1 0 0 0 0 0 0 0 0 0
380	26	1 1 1 1 1 0 1 1 0 1 0 0 1 0 0 0
380	8	1 1 0 1 1 0 0 0 0 0 0 0 1 0 0 0
380	14	1 1 1 1 1 0 1 1 0 0 0 0 1 0 0 1
380	26	1 1 1 1 1 1 1 1 0 0 0 0 0 0 0 0
380	7	1 1 1 1 1 0 1 1 0 0 0 0 1 0 1 0
380	21	1 1 1 1 1 0 1 1 1 0 1 0 0 0 0 0
380	8	1 0 1 1 1 0 1 1 0 0 0 0 0 0 0 0
380	4	1 1 0 1 1 0 1 0 1 1 1 0 0 0 0 0
380	3	1 1 1 1 1 0 1 1 0 0 0 0 0 1 0 0
380	25	1 1 1 1 0 0 0 0 0 0 0 0 0 0 0 0
380	7	1 1 1 0 1 0 0 0 0 1 1 0 0 0 0 0
380	16	1 1 0 1 1 0 1 1 1 1 0 1 0 0 0 0
380	7	1 1 1 1 1 1 1 1 1 0 1 0 0 0 0 0
380	57	1 1 1 0 1 0 1 1 0 0 1 0 0 0 0 0
380	15	1 1 1 1 1 0 1 0 0 0 0 0 1 0 0 0
380	4	1 1 1 1 1 0 1 1 0 0 0 0 0 0 0 1
380	7	1 1 1 1 0 0 0 0 0 1 1 0 0 0 0 1
380	18	1 1 1 1 0 0 0 1 0 0 0 0 0 0 0 0
380	49	0 1 1 1 1 1 0 0 0 0 0 0 0 0 0 0
380	2	1 1 1 1 0 0 0 1 0 1 0 0 0 1 0 0
380	14	1 0 0 1 1 0 1 0 0 0 0 0 1 0 0 0
380	6	1 1 1 1 1 0 1 1 0 0 1 0 0 0 1 0
380	4	1 1 1 1 1 0 1 0 1 1 0 0 0 0 0 0
380	14	1 1 1 1 1 0 1 1 0 1 1 0 0 0 0 0
380	2	1 1 1 1 0 1 0 1 0 0 0 0 0 0 1 0
380	2	1 1 1 1 1 0 0 1 0 0 0 0 1 0 0 1
380	13	1 0 0 1 1 0 1 0 1 1 1 0 0 0 0 0
380	13	1 1 1 1 1 0 1 1 1 0 1 0 1 0 0 0
380	3	1 1 1 1 1 0 1 0 1 0 0 0 1 0 0 0
380	4	1 1 1 1 0 0 1 1 0 0 0 0 0 0 0 1
380	10	0 1 1 1 1 0 1 0 0 1 0 0 0 0 0 0
380	1	1 0 1 1 0 0 0 1 0 0 0 0 0 0 0 0
380	3	1 1 1 1 1 1 0 0 0 1 1 0 0 0 0 0
380	3	1 1 1 1 0 0 1 0 0 1 1 0 0 0 0 1
380	3	1 1 1 0 1 0 1 1 0 0 0 0 0 0 0 0
380	3	1 1 1 1 1 0 1 0 0 0 0 0 0 1 0 0
380	1	1 1 1 1 1 0 1 1 1 1 1 0 0 0 0 0
380	5	1 1 1 1 1 0 0 1 0 0 0 0 0 1 0 0
380	1	1 0 1 1 1 0 0 0 0 0 0 0 0 0 0 0
380	4	1 0 1 1 1 0 1 1 0 0 0 0 0 0 1 0
380	18	1 1 1 0 1 0 0 0 0 1 0 0 0 0 0 0
380	15	1 1 1 1 1 0 1 0 0 1 1 0 0 0 0 0
380	3	1 1 1 1 1 0 1 1 0 1 0 0 0 0 0 0
380	2	1 0 1 1 1 1 1 1 1 0 1 0 0 0 0 0
380	3	1 1 1 0 0 0 1 1 0 0 1 0 0 0 0 0
380	2	1 1 1 1 0 0 0 1 0 0 0 0 1 1 0 0
380	1	1 1 1 1 1 0 1 1 0 0 0 1 1 0 1 0
380	2	0 1 1 1 1 1 0 0 1 0 0 0 0 0 0 0
380	14	1 1 1 0 1 0 1 0 0 0 0 0 0 0 0 0
380	4	0 1 0 1 1 0 0 0 0 0 0 0 1 0 0 0
380	1	1 1 1 1 1 0 1 1 0 1 1 0 0 0 1 0
380	6	1 1 1 1 0 0 0 0 0 1 0 1 0 0 0 0
380	1	1 1 0 0 1 0 1 1 0 0 1 0 0 0 0 0
380	4	1 1 1 1 0 0 0 0 0 0 0 0 1 0 0 0
380	4	1 1 0 1 1 0 1 1 0 0 0 0 0 0 0 0
380	1	1 1 1 1 1 0 1 1 0 0 1 0 1 0 1 0
380	3	0 1 0 1 1 0 1 1 1 1 0 1 0 0 0 0
380	1	1 1 1 0 1 0 1 0 0 0 1 0 0 0 0 0
380	1	1 1 1 1 1 0 0 0 0 1 0 0 0 0 0 0
380	3	1 1 1 1 1 1 0 0 0 0 0 0 0 0 0 0
380	1	1 1 1 1 1 0 0 1 0 0 0 0 1 0 0 0
380	3	1 1 0 1 1 0 1 0 0 1 0 0 0 0 0 0
380	2	1 1 1 1 0 0 1 1 0 0 0 0 0 1 0 0
380	1	1 1 1 0 0 0 0 0 0 0 0 0 0 0 0 0
380	5	1 0 1 0 1 0 1 1 0 0 1 0 0 0 0 0
380	2	1 0 0 1 0 0 1 0 0 0 0 0 1 0 0 0
380	6	1 0 1 1 0 1 1 1 0 0 0 0 0 0 0 0
380	1	1 0 1 1 1 0 1 1 0 1 0 1 0 0 0 0
380	1	1 1 1 1 1 0 0 0 0 1 0 0 1 0 0 0
380	3	1 1 1 1 0 0 1 1 0 0 0 1 0 0 0 0
380	1	1 1 1 1 1 0 0 0 0 1 1 0 0 1 0 0
380	2	1 1 0 1 0 0 1 1 1 1 0 1 0 0 0 0
380	1	1 1 1 0 1 0 1 1 0 1 1 0 0 0 0 0
380	2	1 1 0 1 1 0 1 1 0 1 1 0 0 0 0 0
380	1	0 1 1 1 0 0 1 0 0 0 0 0 0 0 0 0
380	1	1 1 1 0 0 0 0 1 0 0 0 0 1 1 0 0
380	3	1 1 1 1 1 0 0 1 0 0 0 0 0 0 0 0
380	1	1 1 1 1 1 1 1 1 0 0 0 0 0 0 0 1
380	2	1 1 1 1 1 1 1 1 1 0 1 0 0 0 1 0
380	1	1 1 1 1 0 0 0 0 0 0 1 0 0 0 0 1
380	1	1 1 1 1 0 0 0 1 0 0 0 0 1 0 0 0
380	1	0 0 1 1 1 1 0 0 0 0 0 0 0 0 0 0
380	1	1 1 1 1 0 0 1 1 0 0 0 1 1 0 1 0
390	24	1 1 1 1 1 0 0 0 0 0 0 0 1 0 0 0
390	36	1 1 1 1 1 0 1 1 0 0 1 0 0 0 0 0
390	13	1 1 1 1 1 0 1 1 0 0 0 0 1 0 0 0
390	94	1 1 1 1 1 0 1 1 0 0 0 0 0 0 0 0
390	16	1 1 1 1 1 0 0 0 0 0 0 0 0 0 0 0
390	46	1 1 1 1 1 0 1 0 0 1 0 0 0 0 0 0
390	85	1 1 1 1 0 0 1 1 0 0 0 0 0 0 0 0
390	41	1 1 1 1 1 0 0 0 0 1 1 0 0 0 0 0
390	10	1 1 1 1 0 0 0 1 0 0 0 0 0 1 0 0
390	53	1 1 1 1 1 0 1 0 0 0 0 0 0 0 0 0
390	15	1 1 1 1 1 0 1 1 0 1 0 0 1 0 0 0
390	1	1 1 1 1 1 0 1 1 0 0 0 0 1 0 0 1
390	3	1 1 1 1 1 0 1 1 0 0 0 0 1 0 1 0
390	22	1 1 1 1 1 0 1 1 1 0 1 0 0 0 0 0
390	26	1 0 1 1 1 0 1 1 0 0 0 0 0 0 0 0
390	22	1 1 1 1 0 0 0 0 0 0 0 0 0 0 0 0
390	14	1 1 1 0 1 0 0 0 0 1 1 0 0 0 0 0
390	4	1 1 0 1 1 0 1 1 1 1 0 1 0 0 0 0
390	19	1 1 1 1 1 1 1 1 1 0 1 0 0 0 0 0
390	1	1 1 1 0 1 0 1 1 0 0 1 0 0 0 0 0
390	8	1 1 1 1 1 0 1 0 0 0 0 0 1 0 0 0
390	6	1 1 1 1 0 0 0 0 0 1 1 0 0 0 0 1
390	49	1 1 1 1 0 0 0 1 0 0 0 0 0 0 0 0
390	56	0 1 1 1 1 1 0 0 0 0 0 0 0 0 0 0
390	10	1 1 1 1 1 0 1 1 0 0 1 0 0 0 1 0
390	1	1 1 1 1 1 0 1 1 0 1 1 0 0 0 0 0
390	10	1 1 1 1 1 0 1 1 1 0 1 0 1 0 0 0
390	3	0 1 1 1 1 0 1 0 0 1 0 0 0 0 0 0
390	2	1 1 1 0 1 0 1 1 0 0 0 0 0 0 0 0
390	3	1 1 1 1 1 0 0 1 0 0 0 0 0 1 0 0
390	35	1 1 1 1 1 0 1 0 0 1 1 0 0 0 0 0
390	3	1 1 1 1 1 0 1 1 0 1 0 0 0 0 0 0
390	1	1 0 1 1 1 1 1 1 1 0 1 0 0 0 0 0
390	5	1 1 1 0 0 0 1 1 0 0 1 0 0 0 0 0
390	16	1 1 1 0 1 0 1 0 0 0 0 0 0 0 0 0
390	11	1 1 1 1 0 0 0 0 0 1 0 1 0 0 0 0
390	12	1 1 1 1 0 0 0 0 0 0 0 0 1 0 0 0
390	1	1 1 0 1 1 0 1 1 0 0 0 0 0 0 0 0
390	2	1 1 1 1 1 0 1 1 0 0 1 0 1 0 1 0
390	7	0 1 0 1 1 0 1 1 1 1 0 1 0 0 0 0
390	5	1 1 1 1 1 1 0 0 0 0 0 0 0 0 0 0
390	4	1 1 0 1 1 0 1 0 0 1 0 0 0 0 0 0
390	11	1 1 1 1 0 0 1 1 0 0 0 0 0 1 0 0
390	4	1 0 1 0 1 0 1 1 0 0 1 0 0 0 0 0
390	18	1 1 1 1 0 0 1 1 0 0 0 1 0 0 0 0
390	2	1 1 1 0 1 0 1 1 0 1 1 0 0 0 0 0
390	11	1 1 1 1 1 0 0 1 0 0 0 0 0 0 0 0
390	4	1 0 0 1 0 0 1 0 0 1 0 0 0 0 0 0
390	6	1 1 1 1 0 1 1 1 0 0 0 0 0 0 0 0
390	14	1 1 1 1 1 0 1 1 0 0 1 0 1 0 0 0
390	6	1 1 0 0 1 0 1 1 0 0 1 0 0 0 0 0
390	4	1 1 1 1 1 0 1 1 0 1 1 0 0 1 0 0
390	3	1 1 1 1 1 0 1 1 0 0 1 0 0 0 0 1
390	1	1 1 1 1 1 0 1 0 0 1 0 0 0 1 0 0
390	1	1 0 1 1 1 0 0 0 0 1 1 0 0 0 0 0
390	1	1 1 1 1 1 1 1 1 0 0 0 0 0 1 0 0
390	1	1 1 1 0 1 0 1 1 0 0 1 1 0 0 0 0
390	14	1 1 0 0 1 0 1 1 0 0 0 0 0 0 0 0
390	16	1 1 0 1 0 0 1 1 0 0 0 0 0 0 0 0
390	1	0 1 1 1 1 0 1 0 0 0 0 0 0 0 0 0
390	4	1 1 1 1 1 1 1 1 1 0 1 0 0 1 0 0
390	7	1 1 1 1 1 0 1 1 0 1 0 0 1 1 0 0
390	1	0 1 1 1 1 0 1 1 0 1 1 0 0 0 0 0
390	3	1 1 1 0 1 0 0 0 0 0 0 0 0 0 0 0
390	1	1 1 1 1 1 0 1 0 0 0 1 0 0 0 0 0
390	3	1 1 0 1 1 0 0 0 0 1 1 0 0 0 0 0
390	2	1 1 1 1 0 0 0 0 0 1 1 0 0 0 0 0
390	5	1 0 1 1 1 0 1 1 0 0 0 0 1 0 0 0
390	1	0 1 1 1 1 1 0 0 0 0 0 0 0 0 1 0
390	1	1 1 1 1 1 1 1 1 0 0 1 0 1 0 0 0
390	2	1 1 1 1 1 1 0 0 1 0 0 0 0 0 0 0
390	3	0 1 1 1 1 0 1 1 0 0 1 0 0 0 0 0
390	3	1 1 1 1 1 0 1 1 0 0 0 0 0 0 1 0
390	2	1 1 1 1 1 0 1 1 0 0 0 1 0 0 0 0
390	1	1 1 1 1 0 0 1 1 0 0 0 0 1 0 0 0
390	1	1 1 1 1 1 1 1 0 0 0 0 0 0 0 0 0
390	2	0 1 1 1 0 1 0 0 0 0 0 0 0 0 0 0
390	1	1 1 1 1 1 0 1 0 1 1 1 0 0 0 0 0
390	5	1 1 1 1 1 0 0 0 0 0 0 0 0 1 0 0
390	5	0 1 1 0 1 0 1 1 0 0 1 0 0 0 0 0
390	2	1 0 1 1 1 0 1 0 0 1 1 0 0 0 0 1
390	5	0 1 1 1 1 0 1 0 0 1 0 0 0 1 0 0
390	1	1 1 1 1 0 0 1 1 0 0 0 0 0 0 1 0
390	4	1 1 1 1 1 0 1 0 0 0 0 0 0 1 0 0
390	1	1 1 1 1 0 0 0 0 0 1 1 0 0 0 1 1
390	1	1 1 1 1 0 0 1 0 0 1 1 0 0 0 0 1
390	1	0 1 1 1 1 1 0 0 0 0 0 1 0 0 0 0
390	2	1 1 1 1 0 0 0 0 0 1 1 1 0 0 0 0
390	2	0 1 0 1 1 0 1 0 1 1 0 1 0 0 0 0
390	1	0 1 1 1 0 0 0 0 0 1 1 0 0 0 0 0
390	1	0 1 1 1 1 0 0 1 0 0 1 0 0 0 0 0
390	1	1 0 0 1 0 0 1 0 0 0 0 0 0 0 0 0
390	3	1 1 1 1 1 0 1 0 0 0 0 1 0 0 0 0
390	2	1 1 1 1 0 0 1 1 0 1 0 0 1 0 0 0
390	2	1 1 1 1 0 1 0 0 0 0 0 0 0 0 0 0
390	2	1 1 1 0 1 0 0 0 0 1 1 1 0 0 0 0
390	2	1 0 1 1 0 1 1 1 0 0 0 0 0 0 0 0
390	1	0 1 1 1 1 0 1 0 0 0 0 0 0 1 0 0
400	12	1 1 1 1 1 0 0 0 0 0 0 0 1 0 0 0
400	37	1 1 1 1 1 0 1 1 0 0 1 0 0 0 0 0
400	6	1 1 1 1 1 0 1 1 0 0 0 0 1 0 0 0
400	108	1 1 1 1 1 0 1 1 0 0 0 0 0 0 0 0
400	22	1 1 1 1 1 0 0 0 0 0 0 0 0 0 0 0
400	52	1 1 1 1 1 0 1 0 0 1 0 0 0 0 0 0
400	68	1 1 1 1 0 0 1 1 0 0 0 0 0 0 0 0
400	13	1 1 1 1 1 0 0 0 0 1 1 0 0 0 0 0
400	3	1 1 1 1 0 0 0 1 0 0 0 0 0 1 0 0
400	27	1 1 1 1 1 0 1 0 0 0 0 0 0 0 0 0
400	3	1 1 1 1 1 0 1 1 0 1 0 0 1 0 0 0
400	5	1 1 1 1 1 0 1 1 1 0 1 0 0 0 0 0
400	12	1 0 1 1 1 0 1 1 0 0 0 0 0 0 0 0
400	26	1 1 1 1 0 0 0 0 0 0 0 0 0 0 0 0
400	52	1 1 1 0 1 0 0 0 0 1 1 0 0 0 0 0
400	28	1 1 1 1 1 1 1 1 1 0 1 0 0 0 0 0
400	2	1 1 1 0 1 0 1 1 0 0 1 0 0 0 0 0
400	5	1 1 1 1 1 0 1 0 0 0 0 0 1 0 0 0
400	39	1 1 1 1 0 0 0 1 0 0 0 0 0 0 0 0
400	37	0 1 1 1 1 1 0 0 0 0 0 0 0 0 0 0
400	6	1 1 1 1 1 0 1 1 0 0 1 0 0 0 1 0
400	3	1 1 1 1 1 0 1 1 0 1 1 0 0 0 0 0
400	2	0 1 1 1 1 0 1 0 0 1 0 0 0 0 0 0
400	1	1 1 1 1 1 0 0 1 0 0 0 0 0 1 0 0
400	47	1 1 1 1 1 0 1 0 0 1 1 0 0 0 0 0
400	3	1 1 1 1 1 0 1 1 0 1 0 0 0 0 0 0
400	2	1 1 1 0 1 0 1 0 0 0 0 0 0 0 0 0
400	17	1 1 1 1 0 0 0 0 0 1 0 1 0 0 0 0
400	29	1 1 1 1 0 0 0 0 0 0 0 0 1 0 0 0
400	2	1 1 1 1 1 0 1 1 0 0 1 0 1 0 1 0
400	5	0 1 0 1 1 0 1 1 1 1 0 1 0 0 0 0
400	4	1 1 1 1 1 1 0 0 0 0 0 0 0 0 0 0
400	3	1 1 0 1 1 0 1 0 0 1 0 0 0 0 0 0
400	6	1 1 1 1 0 0 1 1 0 0 0 1 0 0 0 0
400	10	1 1 1 1 1 0 0 1 0 0 0 0 0 0 0 0
400	16	1 1 1 1 0 1 1 1 0 0 0 0 0 0 0 0
400	13	1 1 0 0 1 0 1 1 0 0 1 0 0 0 0 0
400	15	1 1 1 1 1 0 1 1 0 1 1 0 0 1 0 0
400	4	1 1 1 1 1 0 1 1 0 0 1 0 0 0 0 1
400	1	1 1 0 0 1 0 1 1 0 0 0 0 0 0 0 0
400	2	1 1 1 1 1 0 1 1 0 1 0 0 1 1 0 0
400	2	1 1 1 1 1 0 1 0 0 0 1 0 0 0 0 0
400	2	1 1 0 1 1 0 0 0 0 1 1 0 0 0 0 0
400	15	1 1 1 1 1 1 0 0 1 0 0 0 0 0 0 0
400	3	0 1 1 1 1 0 1 1 0 0 1 0 0 0 0 0
400	14	1 1 1 1 0 0 1 1 0 0 0 0 1 0 0 0
400	7	1 1 1 1 1 1 1 0 0 0 0 0 0 0 0 0
400	19	1 1 1 1 1 0 0 0 0 0 0 0 0 1 0 0
400	13	0 1 1 0 1 0 1 1 0 0 1 0 0 0 0 0
400	13	1 1 1 1 0 0 1 1 0 0 0 0 0 0 1 0
400	2	1 1 1 1 0 0 1 0 0 1 1 0 0 0 0 1
400	4	1 1 1 1 0 0 0 0 0 1 1 1 0 0 0 0
400	5	1 1 1 0 1 0 0 0 0 1 1 1 0 0 0 0
400	13	1 1 1 1 1 0 1 1 0 0 0 0 0 1 0 0
400	23	0 1 1 1 1 0 1 1 0 1 0 0 1 0 0 0
400	10	1 1 1 1 1 0 0 0 0 1 0 0 0 0 0 0
400	4	1 1 1 1 1 0 0 0 0 0 1 0 0 0 0 0
400	4	1 1 1 1 1 0 1 0 0 1 1 0 0 0 0 1
400	2	0 1 1 0 0 0 1 1 0 0 1 0 0 0 0 0
400	6	1 0 1 1 1 0 0 1 0 0 0 0 1 0 1 0
400	5	1 1 1 1 1 0 1 0 0 1 0 0 0 0 1 0
400	4	1 1 1 1 0 0 0 0 0 0 0 0 1 1 0 0
400	2	1 1 1 1 1 0 1 1 0 0 1 1 1 0 1 0
400	2	1 1 1 1 1 0 0 1 0 1 1 0 0 1 0 0
400	5	0 1 1 1 1 0 1 1 0 1 0 0 1 1 0 0
400	2	0 1 1 1 1 1 1 0 0 0 0 0 0 0 0 0
400	8	1 1 1 1 0 1 0 0 0 1 0 1 0 0 0 0
400	1	1 1 1 0 1 0 0 0 0 0 0 0 0 1 0 0
400	9	1 1 1 1 0 0 1 1 0 0 0 0 0 0 0 1
400	2	0 0 1 1 1 1 0 0 0 0 0 0 0 0 0 0
400	3	1 1 1 1 1 1 1 1 0 0 0 0 0 0 0 0
400	4	1 1 1 1 1 0 0 1 0 0 1 0 0 0 0 0
400	2	1 0 1 0 1 0 0 0 0 1 1 0 0 0 0 0
400	4	1 1 1 1 1 0 0 0 0 1 1 1 0 1 0 0
400	8	1 1 1 1 0 1 0 0 0 0 0 0 1 0 0 0
400	3	1 1 1 1 1 1 1 1 1 0 0 0 0 0 0 0
400	4	1 1 1 1 0 0 1 1 1 0 0 0 0 0 0 0
400	3	0 1 1 1 1 0 1 1 1 0 1 0 0 0 0 0
400	1	1 1 1 1 0 0 0 1 1 0 0 0 0 0 0 0
400	1	0 1 1 1 1 0 1 0 0 1 1 0 0 0 0 0
400	1	1 1 1 1 0 0 0 0 0 0 0 0 1 0 1 0
400	2	1 1 1 1 0 0 0 1 0 0 1 0 0 1 0 0
400	2	0 1 1 1 0 0 0 0 0 1 0 1 0 0 0 0
400	1	1 1 1 1 1 0 1 0 0 0 0 0 0 1 0 0
400	4	1 1 1 0 0 0 1 1 0 0 0 0 0 0 0 0
400	2	1 0 1 1 0 0 1 1 0 0 0 0 0 0 0 0
400	1	1 1 1 1 1 0 1 0 0 1 1 0 1 0 0 0
400	1	1 1 1 1 0 0 1 1 0 1 1 0 0 1 0 0
400	3	1 1 1 1 0 0 0 0 0 1 1 0 0 0 0 0
400	1	1 1 1 0 1 0 0 0 0 0 1 0 0 0 0 0
