0	250	1 0 0 0 0 0 0 0 0 0 1 0 0 1 0 0
0	250	0 1 0 0 0 0 0 0 0 0 0 0 0 1 0 0
0	250	0 0 0 1 0 0 0 0 1 0 1 0 0 1 0 0
0	250	0 1 0 0 0 1 0 0 1 1 1 0 0 1 0 0
10	253	1 0 0 0 0 0 0 0 0 0 1 0 0 1 0 0
10	157	0 1 0 0 0 0 0 0 0 0 0 0 0 1 0 0
10	138	0 0 0 1 0 0 0 0 1 0 1 0 0 1 0 0
10	252	0 1 0 0 0 1 0 0 1 1 1 0 0 1 0 0
10	6	0 0 0 1 0 0 0 0 1 0 0 0 0 1 0 0
10	18	1 0 0 0 0 0 0 0 0 0 0 0 0 1 0 0
10	11	0 1 0 0 0 0 0 0 1 0 1 0 0 1 0 0
10	9	1 0 0 0 0 0 1 0 0 0 1 0 0 1 0 0
10	4	1 1 0 0 0 0 0 0 0 0 0 0 0 1 0 0
10	10	0 1 0 0 0 1 0 0 1 1 1 1 0 1 0 0
10	9	0 1 0 0 0 1 0 0 1 1 1 0 0 1 0 1
10	2	1 1 0 0 0 1 0 0 1 1 1 0 0 1 0 0
10	7	1 0 0 0 0 0 0 0 0 0 1 0 1 1 0 0
10	7	0 1 0 0 0 0 0 0 1 0 0 0 0 1 0 0
10	10	0 0 0 1 0 0 0 0 1 0 1 0 0 1 1 0
10	4	0 0 0 0 0 1 0 0 1 1 1 0 0 1 0 0
10	6	0 1 0 0 0 1 1 0 1 1 1 0 0 1 0 0
10	2	1 1 0 0 0 1 0 0 0 1 1 0 0 1 0 0
10	7	1 0 0 0 0 0 0 0 1 0 1 0 0 1 0 0
10	8	1 0 1 0 0 0 0 0 0 0 1 0 0 1 0 0
10	5	0 1 0 0 0 0 0 0 1 1 1 0 0 1 0 0
10	2	0 1 0 0 1 0 0 0 0 0 0 0 0 1 0 0
10	16	0 0 0 1 0 0 0 0 0 0 1 0 0 1 0 0
10	6	0 1 0 0 0 1 0 1 1 1 1 0 0 1 0 0
10	4	0 1 0 0 0 0 0 0 0 0 1 0 0 1 0 0
10	7	0 1 0 0 0 1 0 0 0 1 1 0 0 1 0 0
10	2	1 1 0 0 0 1 0 1 0 1 1 0 0 1 0 0
10	2	1 0 0 0 0 0 0 0 0 0 1 1 0 1 0 0
10	2	0 1 0 0 0 0 0 0 0 0 0 0 0 1 0 1
10	6	0 1 0 0 0 0 0 0 0 0 0 0 1 1 0 0
10	4	1 0 0 0 0 1 0 0 1 1 1 0 0 1 0 0
10	2	0 1 0 0 0 1 0 0 0 0 0 0 0 1 0 0
10	1	1 0 0 0 0 0 0 0 0 1 1 0 0 1 0 0
10	2	0 1 1 0 0 1 0 0 1 1 1 0 0 1 0 0
10	4	0 1 0 0 0 0 0 0 0 0 0 0 0 0 0 0
10	1	0 0 0 1 0 0 0 0 1 0 0 0 0 0 0 0
10	4	1 0 0 0 0 0 0 0 0 0 0 0 0 0 0 0
10	4	1 0 0 0 0 0 0 0 1 0 1 0 0 1 0 1
10	1	1 0 0 0 0 0 0 0 0 0 1 0 0 0 0 0
10	2	0 1 0 0 0 1 0 0 1 0 1 0 0 1 0 0
10	1	1 0 0 0 0 0 0 1 0 0 1 0 0 1 0 0
10	1	0 0 0 0 0 0 0 0 0 0 1 0 0 1 0 0
10	1	0 1 0 0 0 0 0 1 0 0 0 0 0 1 0 0
20	244	1 0 0 0 0 0 0 0 0 0 1 0 0 1 0 0
20	53	0 1 0 0 0 0 0 0 0 0 0 0 0 1 0 0
20	123	0 0 0 1 0 0 0 0 1 0 1 0 0 1 0 0
20	234	0 1 0 0 0 1 0 0 1 1 1 0 0 1 0 0
20	23	0 0 0 1 0 0 0 0 1 0 0 0 0 1 0 0
20	15	1 0 0 0 0 0 0 0 0 0 0 0 0 1 0 0
20	13	0 1 0 0 0 0 0 0 1 0 1 0 0 1 0 0
20	8	1 1 0 0 0 0 0 0 0 0 0 0 0 1 0 0
20	19	0 1 0 0 0 1 0 0 1 1 1 0 0 1 0 1
20	14	1 0 0 0 0 0 0 0 0 0 1 0 1 1 0 0
20	19	0 1 0 0 0 0 0 0 1 0 0 0 0 1 0 0
20	6	0 0 0 1 0 0 0 0 1 0 1 0 0 1 1 0
20	5	0 0 0 0 0 1 0 0 1 1 1 0 0 1 0 0
20	19	0 1 0 0 0 1 1 0 1 1 1 0 0 1 0 0
20	20	1 1 0 0 0 1 0 0 0 1 1 0 0 1 0 0
20	11	1 0 0 0 0 0 0 0 1 0 1 0 0 1 0 0
20	4	0 1 0 0 1 0 0 0 0 0 0 0 0 1 0 0
20	12	0 0 0 1 0 0 0 0 0 0 1 0 0 1 0 0
20	2	0 1 0 0 0 1 0 1 1 1 1 0 0 1 0 0
20	9	0 1 0 0 0 0 0 0 0 0 1 0 0 1 0 0
20	5	0 1 0 0 0 1 0 0 0 1 1 0 0 1 0 0
20	4	0 1 0 0 0 0 0 0 0 0 0 0 0 1 0 1
20	2	1 0 0 0 0 1 0 0 1 1 1 0 0 1 0 0
20	1	1 0 0 0 0 0 0 0 0 1 1 0 0 1 0 0
20	2	0 1 0 0 0 0 0 0 0 0 0 0 0 0 0 0
20	4	1 0 0 0 0 0 0 0 0 0 1 0 0 0 0 0
20	11	0 1 0 0 0 1 0 0 1 0 1 0 0 1 0 0
20	18	0 1 0 1 0 0 0 0 1 0 1 0 0 1 0 0
20	8	0 0 0 1 0 0 0 0 1 1 1 0 0 1 0 0
20	7	0 0 0 1 1 0 0 0 1 0 1 0 0 1 0 0
20	10	0 1 0 1 0 1 0 0 1 1 1 0 0 1 0 1
20	5	0 1 0 0 0 1 0 0 1 1 1 0 1 1 0 0
20	8	1 0 0 1 0 0 0 0 1 0 1 0 0 1 0 0
20	5	0 1 0 0 0 0 0 0 0 0 1 1 0 1 0 0
20	4	0 0 0 0 0 0 0 0 0 0 1 0 0 1 0 0
20	1	1 0 0 0 0 0 0 1 0 0 1 0 0 1 0 0
20	2	1 1 0 0 0 0 0 0 0 0 1 0 0 1 0 0
20	12	0 0 0 1 0 0 0 0 1 0 1 1 0 1 0 0
20	11	1 0 0 0 0 0 0 0 1 1 1 0 0 1 0 0
20	1	0 1 0 0 0 1 0 0 1 1 1 0 0 1 1 0
20	1	1 0 0 0 0 0 0 0 0 0 1 0 1 1 1 0
20	2	0 0 0 1 0 0 0 0 0 1 1 0 0 1 0 0
20	1	0 1 1 0 0 1 0 0 1 1 1 0 0 1 0 0
20	5	1 0 0 0 0 1 0 0 1 1 1 0 1 1 0 0
20	1	0 1 0 0 0 1 0 0 0 0 0 0 0 0 0 0
20	2	1 1 1 0 0 1 0 0 0 1 1 0 0 1 0 0
20	1	0 1 0 0 0 1 0 0 0 0 1 0 0 1 0 0
20	3	0 0 0 0 0 0 0 0 0 0 0 0 0 1 0 0
20	4	0 0 0 1 0 0 0 0 1 0 1 0 0 0 0 0
20	2	0 1 0 0 0 0 0 0 1 0 0 0 0 0 0 0
20	2	0 1 0 0 0 1 1 0 1 1 1 0 0 0 0 0
20	1	0 1 0 0 0 0 1 0 0 0 1 0 0 1 0 0
20	1	1 0 0 0 0 0 0 0 1 1 1 0 1 1 0 0
30	162	1 0 0 0 0 0 0 0 0 0 1 0 0 1 0 0
30	18	0 1 0 0 0 0 0 0 0 0 0 0 0 1 0 0
30	81	0 0 0 1 0 0 0 0 1 0 1 0 0 1 0 0
30	188	0 1 0 0 0 1 0 0 1 1 1 0 0 1 0 0
30	43	0 0 0 1 0 0 0 0 1 0 0 0 0 1 0 0
30	19	1 0 0 0 0 0 0 0 0 0 0 0 0 1 0 0
30	6	0 1 0 0 0 0 0 0 1 0 1 0 0 1 0 0
30	6	1 1 0 0 0 0 0 0 0 0 0 0 0 1 0 0
30	3	0 1 0 0 0 1 0 0 1 1 1 0 0 1 0 1
30	12	1 0 0 0 0 0 0 0 0 0 1 0 1 1 0 0
30	30	0 1 0 0 0 0 0 0 1 0 0 0 0 1 0 0
30	10	0 0 0 1 0 0 0 0 1 0 1 0 0 1 1 0
30	17	0 1 0 0 0 1 1 0 1 1 1 0 0 1 0 0
30	16	1 1 0 0 0 1 0 0 0 1 1 0 0 1 0 0
30	25	1 0 0 0 0 0 0 0 1 0 1 0 0 1 0 0
30	2	0 1 0 0 1 0 0 0 0 0 0 0 0 1 0 0
30	15	0 0 0 1 0 0 0 0 0 0 1 0 0 1 0 0
30	6	0 1 0 0 0 1 0 1 1 1 1 0 0 1 0 0
30	16	0 1 0 0 0 0 0 0 0 0 1 0 0 1 0 0
30	3	0 1 0 0 0 1 0 0 0 1 1 0 0 1 0 0
30	36	1 0 0 0 0 1 0 0 1 1 1 0 0 1 0 0
30	8	1 0 0 0 0 0 0 0 0 1 1 0 0 1 0 0
30	12	0 1 0 0 0 1 0 0 1 0 1 0 0 1 0 0
30	7	0 1 0 1 0 0 0 0 1 0 1 0 0 1 0 0
30	10	0 0 0 1 0 0 0 0 1 1 1 0 0 1 0 0
30	6	0 1 0 1 0 1 0 0 1 1 1 0 0 1 0 1
30	24	0 1 0 0 0 1 0 0 1 1 1 0 1 1 0 0
30	7	1 0 0 1 0 0 0 0 1 0 1 0 0 1 0 0
30	12	0 0 0 0 0 0 0 0 0 0 1 0 0 1 0 0
30	3	1 1 0 0 0 0 0 0 0 0 1 0 0 1 0 0
30	21	0 0 0 1 0 0 0 0 1 0 1 1 0 1 0 0
30	17	1 0 0 0 0 0 0 0 1 1 1 0 0 1 0 0
30	9	1 0 0 0 0 1 0 0 1 1 1 0 1 1 0 0
30	6	0 1 0 0 0 1 0 0 0 0 1 0 0 1 0 0
30	2	0 0 0 1 0 0 0 0 1 0 1 0 0 0 0 0
30	9	0 1 0 0 0 0 0 0 1 0 0 0 0 0 0 0
30	22	1 0 0 0 1 0 0 0 0 0 1 0 0 1 0 0
30	2	0 1 0 0 0 0 0 0 0 0 0 1 0 1 0 0
30	1	1 0 0 0 0 0 0 0 1 0 1 1 0 1 0 0
30	10	0 1 0 0 0 0 1 0 1 0 0 0 0 1 0 0
30	16	1 1 0 0 0 1 0 0 1 1 1 0 0 1 0 0
30	4	0 0 0 1 1 0 0 0 1 1 1 0 0 1 0 0
30	3	0 0 0 1 0 1 0 0 0 0 1 0 0 1 0 0
30	7	1 0 0 0 0 0 1 0 0 0 1 0 0 1 0 0
30	3	0 0 1 1 0 0 0 0 1 0 1 0 0 0 0 0
30	2	0 0 1 1 0 0 0 0 1 0 0 0 0 1 0 0
30	1	0 1 0 1 0 0 0 0 1 0 1 1 0 1 0 0
30	12	1 0 0 0 0 0 0 0 0 0 1 0 0 1 0 1
30	1	1 0 1 0 0 0 0 0 0 0 1 0 0 1 0 0
30	8	0 1 1 0 0 1 0 0 1 1 1 0 0 1 0 0
30	4	1 0 0 0 0 0 0 1 1 0 1 0 0 1 0 0
30	3	1 0 0 0 0 0 0 0 0 0 1 1 0 1 0 0
30	4	0 0 0 0 0 1 0 0 1 0 1 0 0 1 0 0
30	2	0 0 0 1 1 0 0 0 1 1 1 0 0 1 1 0
30	1	1 1 0 0 0 0 0 0 1 0 1 0 0 1 0 0
30	1	0 1 0 0 1 1 0 0 1 1 1 0 0 1 0 0
30	5	1 0 0 0 0 0 0 0 1 0 1 0 0 0 0 0
30	3	1 0 0 0 0 1 0 0 1 1 0 0 0 1 0 0
30	3	0 1 1 0 0 1 0 0 0 0 0 0 0 1 0 0
30	2	0 0 0 0 1 0 0 0 0 0 1 0 0 1 0 0
30	3	0 1 1 0 0 1 0 0 1 1 1 0 0 0 0 0
30	1	0 0 0 0 0 1 0 0 1 1 1 0 0 1 0 0
30	1	0 0 0 1 0 1 0 0 1 1 1 0 0 1 0 0
30	1	0 0 1 1 0 0 0 0 0 0 0 0 0 1 0 0
30	3	1 0 0 0 0 0 0 0 0 0 1 0 0 1 1 0
30	1	0 0 0 1 0 0 0 1 1 0 1 0 0 1 0 0
30	1	0 0 0 0 0 0 0 0 1 0 1 0 0 1 0 0
30	1	1 0 0 0 0 0 1 0 0 0 0 0 0 1 0 0
30	1	0 1 1 0 0 1 0 0 1 0 1 0 0 0 0 0
40	78	1 0 0 0 0 0 0 0 0 0 1 0 0 1 0 0
40	2	0 1 0 0 0 0 0 0 0 0 0 0 0 1 0 0
40	59	0 0 0 1 0 0 0 0 1 0 1 0 0 1 0 0
40	238	0 1 0 0 0 1 0 0 1 1 1 0 0 1 0 0
40	20	0 0 0 1 0 0 0 0 1 0 0 0 0 1 0 0
40	18	1 0 0 0 0 0 0 0 0 0 0 0 0 1 0 0
40	3	0 1 0 0 0 0 0 0 1 0 1 0 0 1 0 0
40	21	1 0 0 0 0 0 0 0 0 0 1 0 1 1 0 0
40	23	0 1 0 0 0 0 0 0 1 0 0 0 0 1 0 0
40	40	0 0 0 1 0 0 0 0 1 0 1 0 0 1 1 0
40	13	0 1 0 0 0 1 1 0 1 1 1 0 0 1 0 0
40	17	1 1 0 0 0 1 0 0 0 1 1 0 0 1 0 0
40	28	1 0 0 0 0 0 0 0 1 0 1 0 0 1 0 0
40	3	0 0 0 1 0 0 0 0 0 0 1 0 0 1 0 0
40	7	0 1 0 0 0 1 0 1 1 1 1 0 0 1 0 0
40	6	0 1 0 0 0 0 0 0 0 0 1 0 0 1 0 0
40	3	0 1 0 0 0 1 0 0 0 1 1 0 0 1 0 0
40	23	1 0 0 0 0 1 0 0 1 1 1 0 0 1 0 0
40	10	1 0 0 0 0 0 0 0 0 1 1 0 0 1 0 0
40	6	0 1 0 0 0 1 0 0 1 0 1 0 0 1 0 0
40	16	0 1 0 1 0 0 0 0 1 0 1 0 0 1 0 0
40	15	0 0 0 1 0 0 0 0 1 1 1 0 0 1 0 0
40	7	0 1 0 1 0 1 0 0 1 1 1 0 0 1 0 1
40	32	0 1 0 0 0 1 0 0 1 1 1 0 1 1 0 0
40	8	1 0 0 1 0 0 0 0 1 0 1 0 0 1 0 0
40	11	0 0 0 0 0 0 0 0 0 0 1 0 0 1 0 0
40	19	0 0 0 1 0 0 0 0 1 0 1 1 0 1 0 0
40	3	1 0 0 0 0 0 0 0 1 1 1 0 0 1 0 0
40	17	1 0 0 0 0 1 0 0 1 1 1 0 1 1 0 0
40	15	0 0 0 1 0 0 0 0 1 0 1 0 0 0 0 0
40	7	0 1 0 0 0 0 0 0 1 0 0 0 0 0 0 0
40	21	1 0 0 0 1 0 0 0 0 0 1 0 0 1 0 0
40	35	1 1 0 0 0 1 0 0 1 1 1 0 0 1 0 0
40	2	0 0 0 1 1 0 0 0 1 1 1 0 0 1 0 0
40	10	1 0 0 0 0 0 1 0 0 0 1 0 0 1 0 0
40	14	1 0 0 0 0 0 0 0 0 0 1 0 0 1 0 1
40	7	0 1 1 0 0 1 0 0 1 1 1 0 0 1 0 0
40	13	1 0 0 0 0 0 0 0 1 0 1 0 0 0 0 0
40	9	0 1 1 0 0 1 0 0 0 0 0 0 0 1 0 0
40	3	0 0 0 0 1 0 0 0 0 0 1 0 0 1 0 0
40	1	0 0 0 0 0 1 0 0 1 1 1 0 0 1 0 0
40	5	1 0 0 0 0 0 0 0 0 0 1 0 0 1 1 0
40	11	1 0 1 0 0 0 0 0 0 0 1 0 0 1 0 1
40	4	0 0 0 0 0 0 0 0 1 0 1 0 0 1 0 0
40	1	0 1 0 1 0 0 0 0 1 0 1 1 0 1 0 0
40	6	1 0 0 0 0 1 0 0 0 0 1 0 0 1 0 0
40	3	1 0 1 0 0 0 0 0 0 0 1 0 0 1 0 0
40	4	0 1 0 0 0 1 0 0 1 1 1 1 0 1 0 0
40	1	0 0 0 0 0 0 0 0 1 1 1 0 0 1 0 0
40	2	1 0 0 0 0 1 0 0 0 1 1 0 0 1 0 0
40	4	0 1 0 1 0 1 0 0 1 1 1 0 0 1 0 0
40	9	1 0 0 0 0 0 0 0 1 0 1 0 1 1 0 0
40	5	0 1 0 0 1 1 0 0 1 1 1 0 1 1 0 0
40	1	1 0 1 1 0 0 0 0 1 0 1 0 0 1 0 0
40	8	1 0 1 0 0 0 0 0 1 0 1 0 0 1 0 1
40	2	0 1 0 0 0 1 0 0 1 1 1 1 1 1 0 0
40	2	0 1 0 0 0 1 0 0 1 0 0 0 0 1 0 0
40	9	0 1 0 0 0 1 0 0 1 1 1 0 0 1 1 0
40	6	0 1 0 0 0 0 0 0 1 0 0 1 0 1 0 0
40	7	1 0 0 1 0 0 0 0 1 1 1 0 0 1 0 0
40	4	1 0 0 0 0 1 0 1 1 0 1 0 0 1 0 0
40	2	0 1 0 0 0 0 0 0 1 1 1 0 0 1 0 0
40	1	1 0 0 0 0 0 1 0 0 0 1 0 1 1 0 0
40	1	0 1 0 0 0 1 1 0 0 1 1 0 0 1 0 0
40	1	1 1 0 0 0 1 0 1 1 1 1 0 0 1 0 0
40	2	0 1 0 0 0 0 0 0 1 0 1 0 0 0 0 0
40	2	0 1 0 0 0 1 0 0 1 1 0 0 0 1 0 0
40	1	0 1 0 0 1 1 0 0 1 1 1 0 0 1 0 0
40	1	1 0 0 0 0 0 0 0 1 0 1 1 0 1 0 0
40	2	1 0 0 0 0 1 0 0 1 0 1 0 1 1 0 0
40	3	1 0 0 0 0 0 0 0 0 0 1 0 0 0 0 0
40	1	0 1 0 0 0 1 0 0 1 1 1 0 0 0 0 0
40	1	0 1 0 0 0 1 1 0 1 1 1 0 0 0 0 0
40	1	0 0 0 0 0 0 0 0 0 1 1 0 0 1 0 0
40	1	0 0 0 1 0 0 0 0 0 0 1 0 0 0 0 0
40	3	1 0 0 0 0 0 1 0 0 0 1 0 0 1 0 1
50	79	1 0 0 0 0 0 0 0 0 0 1 0 0 1 0 0
50	22	0 0 0 1 0 0 0 0 1 0 1 0 0 1 0 0
50	163	0 1 0 0 0 1 0 0 1 1 1 0 0 1 0 0
50	10	0 0 0 1 0 0 0 0 1 0 0 0 0 1 0 0
50	9	1 0 0 0 0 0 0 0 0 0 0 0 0 1 0 0
50	10	0 1 0 0 0 0 0 0 1 0 1 0 0 1 0 0
50	19	1 0 0 0 0 0 0 0 0 0 1 0 1 1 0 0
50	15	0 1 0 0 0 0 0 0 1 0 0 0 0 1 0 0
50	4	0 0 0 1 0 0 0 0 1 0 1 0 0 1 1 0
50	36	0 1 0 0 0 1 1 0 1 1 1 0 0 1 0 0
50	21	1 1 0 0 0 1 0 0 0 1 1 0 0 1 0 0
50	8	1 0 0 0 0 0 0 0 1 0 1 0 0 1 0 0
50	9	0 1 0 0 0 1 0 0 0 1 1 0 0 1 0 0
50	8	1 0 0 0 0 1 0 0 1 1 1 0 0 1 0 0
50	17	1 0 0 0 0 0 0 0 0 1 1 0 0 1 0 0
50	5	0 1 0 0 0 1 0 0 1 0 1 0 0 1 0 0
50	15	0 1 0 1 0 0 0 0 1 0 1 0 0 1 0 0
50	30	0 0 0 1 0 0 0 0 1 1 1 0 0 1 0 0
50	38	0 1 0 0 0 1 0 0 1 1 1 0 1 1 0 0
50	18	1 0 0 1 0 0 0 0 1 0 1 0 0 1 0 0
50	3	0 0 0 0 0 0 0 0 0 0 1 0 0 1 0 0
50	46	0 0 0 1 0 0 0 0 1 0 1 1 0 1 0 0
50	16	1 0 0 0 0 1 0 0 1 1 1 0 1 1 0 0
50	17	0 0 0 1 0 0 0 0 1 0 1 0 0 0 0 0
50	17	0 1 0 0 0 0 0 0 1 0 0 0 0 0 0 0
50	9	1 0 0 0 1 0 0 0 0 0 1 0 0 1 0 0
50	38	1 1 0 0 0 1 0 0 1 1 1 0 0 1 0 0
50	5	0 0 0 1 1 0 0 0 1 1 1 0 0 1 0 0
50	16	1 0 0 0 0 0 1 0 0 0 1 0 0 1 0 0
50	34	1 0 0 0 0 0 0 0 0 0 1 0 0 1 0 1
50	1	0 1 1 0 0 1 0 0 1 1 1 0 0 1 0 0
50	16	1 0 0 0 0 0 0 0 1 0 1 0 0 0 0 0
50	9	0 0 0 0 0 1 0 0 1 1 1 0 0 1 0 0
50	12	1 0 0 0 0 0 0 0 0 0 1 0 0 1 1 0
50	2	0 1 0 1 0 0 0 0 1 0 1 1 0 1 0 0
50	13	0 1 0 0 0 1 0 0 1 1 1 1 0 1 0 0
50	5	1 0 0 0 0 1 0 0 0 1 1 0 0 1 0 0
50	8	1 0 0 0 0 0 0 0 1 0 1 0 1 1 0 0
50	2	0 1 0 0 1 1 0 0 1 1 1 0 1 1 0 0
50	10	0 1 0 0 0 1 0 0 1 1 1 0 0 1 1 0
50	11	0 1 0 0 0 1 0 0 1 1 0 0 0 1 0 0
50	5	0 1 0 0 1 1 0 0 1 1 1 0 0 1 0 0
50	1	1 0 0 0 0 0 0 0 1 0 1 1 0 1 0 0
50	4	1 0 0 0 0 1 0 0 1 0 1 0 1 1 0 0
50	7	1 0 0 0 0 0 0 0 0 0 1 0 0 0 0 0
50	5	0 0 0 0 0 0 0 0 0 1 1 0 0 1 0 0
50	6	1 0 0 0 0 0 1 0 1 0 1 0 0 1 0 0
50	6	1 0 0 0 1 0 0 0 0 0 1 0 0 1 1 0
50	3	1 1 0 0 0 1 0 0 1 0 1 0 0 1 0 0
50	9	1 1 0 0 0 1 0 0 0 0 1 0 0 1 0 0
50	12	0 1 1 0 0 1 0 1 1 1 1 0 0 1 0 0
50	3	1 0 0 0 0 0 0 0 0 1 1 0 0 1 0 1
50	13	0 0 0 1 0 0 0 0 1 1 1 0 0 1 0 1
50	3	0 0 0 0 0 0 0 0 0 0 1 0 0 0 0 0
50	8	0 0 0 1 0 0 0 1 1 0 1 0 0 0 0 0
50	8	0 0 0 0 0 0 1 0 0 0 1 0 0 1 0 0
50	15	1 1 0 0 0 0 0 0 1 0 1 0 0 0 0 0
50	1	0 0 0 0 0 0 0 0 0 0 1 0 0 1 0 1
50	2	0 0 0 1 0 0 0 0 0 0 1 0 0 1 0 0
50	1	0 1 0 0 0 0 0 0 1 0 0 0 1 1 0 0
50	2	1 0 0 0 0 0 0 1 1 0 1 0 0 1 0 0
50	4	0 1 0 0 0 1 0 1 1 1 1 0 1 1 0 0
50	2	0 1 0 0 0 1 0 0 1 1 1 0 0 0 1 0
50	3	1 0 1 0 0 0 1 0 0 0 1 0 0 1 0 1
50	9	0 1 0 0 0 1 1 0 1 1 1 0 0 1 1 0
50	2	1 1 0 0 0 1 0 0 1 1 1 1 1 1 0 0
50	3	0 1 0 1 0 1 0 0 1 1 1 0 0 1 1 0
50	2	1 0 0 0 0 1 1 0 1 0 1 0 0 1 0 0
50	2	1 0 0 0 0 0 0 0 1 1 1 0 0 1 0 0
50	1	1 0 0 0 0 0 0 0 1 0 1 0 0 1 1 0
50	6	0 0 0 1 0 0 0 1 1 1 1 0 0 1 0 0
50	1	0 1 0 0 0 1 0 0 1 1 1 0 1 1 0 1
50	4	0 1 0 0 0 0 0 0 1 0 0 1 0 0 0 0
50	1	0 0 0 1 0 0 0 0 1 0 0 0 0 0 0 0
50	1	1 0 0 0 0 1 0 0 1 1 1 0 0 1 1 0
50	1	0 1 0 1 0 0 0 0 1 1 1 0 0 1 0 0
50	1	0 0 0 1 1 0 0 0 1 0 1 0 0 1 1 0
50	1	0 0 0 1 0 1 0 0 1 1 1 0 0 1 0 0
50	2	1 0 0 0 0 0 0 0 1 1 1 0 0 0 0 0
50	2	0 1 0 0 0 1 1 0 1 1 1 0 1 1 1 0
50	1	0 0 0 0 0 1 0 0 1 1 1 0 1 1 0 0
50	1	1 1 0 0 0 0 0 0 1 0 1 0 0 1 0 0
50	1	1 0 0 0 0 0 0 0 1 1 1 0 1 1 0 0
50	1	1 1 0 0 0 1 0 0 1 0 1 0 1 1 0 0
50	1	1 0 0 0 0 0 0 0 0 1 1 0 1 1 0 0
50	1	1 0 0 0 0 1 0 0 1 1 1 1 0 1 0 0
50	1	1 0 0 1 1 0 0 0 1 1 1 0 0 1 0 0
50	5	0 1 0 1 0 1 1 0 1 1 1 0 0 1 1 0
60	77	1 0 0 0 0 0 0 0 0 0 1 0 0 1 0 0
60	2	0 0 0 1 0 0 0 0 1 0 1 0 0 1 0 0
60	89	0 1 0 0 0 1 0 0 1 1 1 0 0 1 0 0
60	14	0 0 0 1 0 0 0 0 1 0 0 0 0 1 0 0
60	8	1 0 0 0 0 0 0 0 0 0 0 0 0 1 0 0
60	16	0 1 0 0 0 0 0 0 1 0 1 0 0 1 0 0
60	8	1 0 0 0 0 0 0 0 0 0 1 0 1 1 0 0
60	1	0 0 0 1 0 0 0 0 1 0 1 0 0 1 1 0
60	43	0 1 0 0 0 1 1 0 1 1 1 0 0 1 0 0
60	74	1 1 0 0 0 1 0 0 0 1 1 0 0 1 0 0
60	17	0 1 0 0 0 1 0 0 0 1 1 0 0 1 0 0
60	3	1 0 0 0 0 1 0 0 1 1 1 0 0 1 0 0
60	8	1 0 0 0 0 0 0 0 0 1 1 0 0 1 0 0
60	7	0 1 0 0 0 1 0 0 1 0 1 0 0 1 0 0
60	27	0 1 0 1 0 0 0 0 1 0 1 0 0 1 0 0
60	12	0 0 0 1 0 0 0 0 1 1 1 0 0 1 0 0
60	40	0 1 0 0 0 1 0 0 1 1 1 0 1 1 0 0
60	10	1 0 0 1 0 0 0 0 1 0 1 0 0 1 0 0
60	18	0 0 0 1 0 0 0 0 1 0 1 1 0 1 0 0
60	22	1 0 0 0 0 1 0 0 1 1 1 0 1 1 0 0
60	11	0 0 0 1 0 0 0 0 1 0 1 0 0 0 0 0
60	7	1 0 0 0 1 0 0 0 0 0 1 0 0 1 0 0
60	21	1 1 0 0 0 1 0 0 1 1 1 0 0 1 0 0
60	4	0 0 0 1 1 0 0 0 1 1 1 0 0 1 0 0
60	16	1 0 0 0 0 0 1 0 0 0 1 0 0 1 0 0
60	10	1 0 0 0 0 0 0 0 0 0 1 0 0 1 0 1
60	2	0 1 1 0 0 1 0 0 1 1 1 0 0 1 0 0
60	8	1 0 0 0 0 0 0 0 1 0 1 0 0 0 0 0
60	30	1 0 0 0 0 0 0 0 0 0 1 0 0 1 1 0
60	2	0 1 0 1 0 0 0 0 1 0 1 1 0 1 0 0
60	9	0 1 0 0 0 1 0 0 1 1 1 1 0 1 0 0
60	24	1 0 0 0 0 1 0 0 0 1 1 0 0 1 0 0
60	4	0 1 0 0 1 1 0 0 1 1 1 0 1 1 0 0
60	9	0 1 0 0 0 1 0 0 1 1 1 0 0 1 1 0
60	6	1 0 0 0 0 1 0 0 1 0 1 0 1 1 0 0
60	24	1 0 0 0 0 0 0 0 0 0 1 0 0 0 0 0
60	11	1 1 0 0 0 1 0 0 1 0 1 0 0 1 0 0
60	2	1 1 0 0 0 1 0 0 0 0 1 0 0 1 0 0
60	8	0 1 1 0 0 1 0 1 1 1 1 0 0 1 0 0
60	9	0 0 0 1 0 0 0 0 1 1 1 0 0 1 0 1
60	11	0 0 0 1 0 0 0 1 1 0 1 0 0 0 0 0
60	6	1 1 0 0 0 0 0 0 1 0 1 0 0 0 0 0
60	5	0 1 0 0 0 0 0 0 1 0 0 0 1 1 0 0
60	17	0 1 0 0 0 1 1 0 1 1 1 0 0 1 1 0
60	1	0 1 0 1 0 1 0 0 1 1 1 0 0 1 1 0
60	13	1 0 0 0 0 0 0 0 1 1 1 0 0 1 0 0
60	3	0 1 0 0 0 0 0 0 1 0 0 1 0 0 0 0
60	5	1 0 0 0 0 1 0 0 1 1 1 0 0 1 1 0
60	3	0 0 0 0 0 1 0 0 1 1 1 0 1 1 0 0
60	2	1 0 0 0 0 0 0 0 0 1 1 0 1 1 0 0
60	6	0 1 0 1 0 1 1 0 1 1 1 0 0 1 1 0
60	2	0 1 0 0 0 0 0 0 1 1 1 0 0 1 0 0
60	12	0 1 0 0 0 1 0 0 1 1 1 0 1 1 1 0
60	1	0 1 0 0 0 1 0 0 0 0 1 0 0 1 0 0
60	2	0 0 0 1 0 0 0 0 0 0 1 0 0 0 0 0
60	1	0 1 0 0 0 1 0 1 1 1 1 0 0 1 0 0
60	2	0 1 0 0 0 0 0 0 1 0 1 1 0 1 0 0
60	12	0 0 0 1 1 0 0 0 1 0 1 0 0 1 0 0
60	5	0 1 0 1 0 0 0 0 1 1 1 0 0 1 0 0
60	9	0 0 0 1 0 0 0 0 1 0 1 1 0 0 0 0
60	4	0 1 0 0 0 0 0 0 0 0 1 0 0 1 1 0
60	10	1 1 0 0 0 0 0 0 1 0 1 0 0 1 1 0
60	2	0 0 0 1 0 0 0 0 1 0 1 0 1 1 0 0
60	8	1 0 0 0 0 0 1 1 0 0 1 0 0 1 0 0
60	8	1 0 0 0 0 1 1 0 1 1 1 0 0 1 0 0
60	8	0 1 0 0 0 1 0 0 1 1 1 0 0 0 0 0
60	1	1 1 0 0 0 1 0 0 0 1 1 0 0 1 1 0
60	10	1 0 0 1 0 1 0 0 1 1 1 0 1 1 0 0
60	3	0 0 0 1 0 0 0 1 1 0 1 0 0 0 1 0
60	3	1 0 1 0 0 0 0 0 1 0 1 0 0 1 1 0
60	4	0 1 0 0 0 0 0 0 1 0 1 0 0 0 0 0
60	2	0 1 0 0 1 0 1 0 1 0 1 0 0 1 0 0
60	1	0 1 0 0 1 0 0 0 1 0 1 0 0 1 1 0
60	3	0 0 0 1 1 0 0 0 1 1 1 0 1 1 1 0
60	6	1 0 0 0 0 0 1 0 0 0 1 0 0 1 0 1
60	1	1 0 0 0 0 0 0 1 0 0 1 0 0 1 0 0
60	7	1 0 1 0 0 0 0 0 0 0 1 0 0 1 0 1
60	6	0 1 0 1 1 1 0 0 1 1 1 0 1 1 0 0
60	6	0 0 1 0 0 1 0 1 1 1 1 0 0 1 0 0
60	8	1 0 0 0 1 0 0 0 0 0 1 1 0 1 0 0
60	4	1 0 0 0 0 0 1 0 0 0 1 0 1 1 0 0
60	1	1 1 0 0 0 0 0 0 0 0 1 0 0 1 1 0
60	3	0 1 0 0 1 1 1 0 1 1 1 0 1 1 0 0
60	7	1 1 0 0 0 1 0 1 0 0 1 0 0 1 0 0
60	1	1 0 0 0 0 0 0 0 1 1 1 0 0 1 0 1
60	1	1 1 0 0 1 0 0 0 1 0 1 0 0 1 1 0
60	1	0 0 0 1 0 0 1 1 0 0 1 0 0 1 0 0
60	5	0 1 0 1 0 1 0 0 1 1 1 0 1 1 0 0
60	2	1 1 0 1 0 1 0 0 0 1 1 0 0 1 0 0
60	4	0 0 0 1 1 0 0 0 1 0 1 1 0 1 0 0
60	4	0 1 0 0 0 1 0 0 1 1 1 1 0 1 0 1
60	2	0 1 0 0 0 0 0 0 1 0 0 1 0 0 1 0
60	2	0 1 0 0 1 0 0 0 1 0 1 0 0 0 0 0
60	1	1 0 0 0 0 0 0 0 1 0 1 0 0 1 0 0
60	2	1 1 0 0 0 1 0 0 1 0 1 0 0 0 0 0
60	1	1 0 0 0 0 0 0 0 1 1 1 0 1 1 1 0
60	3	1 0 0 0 0 0 0 0 1 1 1 0 0 1 1 0
60	5	0 1 0 0 0 1 1 0 1 1 1 0 0 0 0 0
60	3	1 0 0 0 1 1 0 0 1 0 1 0 1 1 0 0
60	2	0 0 0 0 0 1 0 0 1 1 1 0 1 1 1 0
60	1	0 0 0 0 0 1 0 0 0 1 1 0 0 1 0 0
60	1	0 1 0 0 0 1 1 0 1 0 1 0 0 1 0 0
60	1	1 1 0 0 0 1 0 0 0 0 1 0 0 1 1 0
60	2	1 1 0 1 1 0 0 0 1 0 1 0 0 1 0 0
60	3	0 0 0 0 0 1 0 0 1 1 1 0 0 1 0 0
60	2	0 1 0 1 0 0 0 0 0 0 1 1 0 1 0 0
60	1	1 0 0 0 0 1 0 0 0 1 1 0 1 1 0 0
60	1	0 1 1 0 0 1 1 1 1 1 1 0 0 1 0 0
60	1	0 0 0 1 0 0 0 1 1 0 1 1 0 0 0 0
60	1	0 1 0 0 0 0 0 0 0 0 1 0 0 1 0 1
70	44	1 0 0 0 0 0 0 0 0 0 1 0 0 1 0 0
70	72	0 1 0 0 0 1 0 0 1 1 1 0 0 1 0 0
70	9	0 0 0 1 0 0 0 0 1 0 0 0 0 1 0 0
70	4	1 0 0 0 0 0 0 0 0 0 0 0 0 1 0 0
70	2	0 1 0 0 0 0 0 0 1 0 1 0 0 1 0 0
70	8	0 0 0 1 0 0 0 0 1 0 1 0 0 1 1 0
70	40	0 1 0 0 0 1 1 0 1 1 1 0 0 1 0 0
70	92	1 1 0 0 0 1 0 0 0 1 1 0 0 1 0 0
70	15	0 1 0 0 0 1 0 0 0 1 1 0 0 1 0 0
70	5	1 0 0 0 0 0 0 0 0 1 1 0 0 1 0 0
70	29	0 1 0 0 0 1 0 0 1 0 1 0 0 1 0 0
70	38	0 1 0 1 0 0 0 0 1 0 1 0 0 1 0 0
70	5	0 1 0 0 0 1 0 0 1 1 1 0 1 1 0 0
70	22	1 0 0 1 0 0 0 0 1 0 1 0 0 1 0 0
70	15	0 0 0 1 0 0 0 0 1 0 1 1 0 1 0 0
70	29	1 0 0 0 0 1 0 0 1 1 1 0 1 1 0 0
70	23	0 0 0 1 0 0 0 0 1 0 1 0 0 0 0 0
70	6	1 0 0 0 1 0 0 0 0 0 1 0 0 1 0 0
70	40	1 1 0 0 0 1 0 0 1 1 1 0 0 1 0 0
70	3	1 0 0 0 0 0 1 0 0 0 1 0 0 1 0 0
70	12	1 0 0 0 0 0 0 0 0 0 1 0 0 1 0 1
70	14	1 0 0 0 0 0 0 0 1 0 1 0 0 0 0 0
70	50	1 0 0 0 0 0 0 0 0 0 1 0 0 1 1 0
70	5	0 1 0 0 0 1 0 0 1 1 1 1 0 1 0 0
70	35	1 0 0 0 0 1 0 0 0 1 1 0 0 1 0 0
70	1	0 1 0 0 0 1 0 0 1 1 1 0 0 1 1 0
70	17	1 0 0 0 0 0 0 0 0 0 1 0 0 0 0 0
70	20	1 1 0 0 0 1 0 0 1 0 1 0 0 1 0 0
70	1	0 1 1 0 0 1 0 1 1 1 1 0 0 1 0 0
70	19	0 0 0 1 0 0 0 0 1 1 1 0 0 1 0 1
70	1	0 0 0 1 0 0 0 1 1 0 1 0 0 0 0 0
70	3	0 1 0 0 0 0 0 0 1 0 0 0 1 1 0 0
70	22	0 1 0 0 0 1 1 0 1 1 1 0 0 1 1 0
70	6	0 1 0 1 0 1 0 0 1 1 1 0 0 1 1 0
70	7	1 0 0 0 0 0 0 0 1 1 1 0 0 1 0 0
70	5	0 1 0 0 0 0 0 0 1 0 0 1 0 0 0 0
70	9	1 0 0 0 0 0 0 0 0 1 1 0 1 1 0 0
70	7	0 1 0 1 0 1 1 0 1 1 1 0 0 1 1 0
70	7	0 1 0 0 0 1 0 0 1 1 1 0 1 1 1 0
70	5	0 1 0 0 0 1 0 0 0 0 1 0 0 1 0 0
70	1	0 1 0 0 0 1 0 1 1 1 1 0 0 1 0 0
70	5	0 0 0 1 1 0 0 0 1 0 1 0 0 1 0 0
70	11	0 0 0 1 0 0 0 0 1 0 1 1 0 0 0 0
70	1	1 1 0 0 0 0 0 0 1 0 1 0 0 1 1 0
70	2	0 1 0 0 0 1 0 0 1 1 1 0 0 0 0 0
70	4	1 0 0 1 0 1 0 0 1 1 1 0 1 1 0 0
70	1	0 0 0 1 0 0 0 1 1 0 1 0 0 0 1 0
70	9	1 0 1 0 0 0 0 0 0 0 1 0 0 1 0 1
70	9	0 1 0 1 1 1 0 0 1 1 1 0 1 1 0 0
70	8	0 0 1 0 0 1 0 1 1 1 1 0 0 1 0 0
70	13	1 0 0 0 1 0 0 0 0 0 1 1 0 1 0 0
70	3	0 1 0 0 1 1 1 0 1 1 1 0 1 1 0 0
70	15	1 1 0 0 0 1 0 1 0 0 1 0 0 1 0 0
70	4	0 1 0 1 0 1 0 0 1 1 1 0 1 1 0 0
70	1	0 1 0 0 0 1 1 0 1 1 1 0 0 0 0 0
70	1	0 0 0 0 0 1 0 0 1 1 1 0 1 1 1 0
70	9	0 1 0 0 0 0 0 0 0 0 1 0 0 0 0 0
70	2	0 1 0 0 0 1 1 0 1 0 1 0 0 0 0 0
70	2	1 0 0 0 0 1 0 0 1 0 1 0 0 0 0 0
70	16	1 1 0 0 0 1 0 0 0 1 1 0 1 1 0 0
70	4	0 1 0 0 1 0 1 0 1 0 1 1 0 1 0 0
70	1	0 0 0 0 0 0 0 0 0 0 1 0 0 1 0 0
70	3	1 1 0 1 0 1 0 0 0 1 1 0 0 1 0 0
70	8	0 1 0 0 0 0 0 0 1 0 0 0 0 1 0 0
70	5	1 1 0 0 0 1 0 0 0 1 1 0 0 0 0 0
70	8	1 0 0 0 0 0 0 0 1 0 1 1 0 1 0 0
70	1	1 1 0 0 0 1 0 0 0 0 1 0 0 1 0 0
70	7	1 0 0 0 0 0 0 0 1 1 1 1 0 1 0 0
70	3	1 1 0 0 0 0 0 0 1 0 1 0 0 1 0 0
70	4	1 0 0 0 0 0 0 0 0 0 1 0 1 1 1 0
70	1	0 0 0 1 0 1 0 0 1 1 1 0 1 1 0 0
70	10	1 0 1 0 1 0 0 0 1 0 1 0 0 1 1 0
70	1	0 1 0 1 1 1 0 0 0 1 1 0 1 1 0 0
70	5	1 0 0 0 0 0 1 0 0 0 1 0 0 0 0 0
70	5	1 1 0 0 0 0 1 0 0 0 1 0 0 1 0 0
70	2	0 1 1 0 0 0 0 0 0 0 1 0 0 0 0 0
70	4	0 1 0 0 0 0 0 0 1 1 1 0 0 1 0 0
70	4	1 0 0 0 0 0 0 0 1 1 1 0 0 0 0 0
70	1	1 0 0 0 0 1 0 0 0 0 1 0 0 1 1 0
70	5	1 0 1 0 0 0 0 0 1 1 1 0 0 1 0 0
70	2	1 0 0 0 0 0 0 0 1 1 1 0 0 1 0 1
70	4	0 1 0 1 1 0 0 0 1 1 1 0 1 1 0 0
70	2	0 0 0 0 0 0 0 0 0 0 1 0 0 0 0 0
70	3	0 0 0 0 0 1 0 0 1 1 1 1 1 1 0 0
70	1	0 1 0 0 0 1 0 0 0 0 1 0 0 1 1 0
70	2	0 1 0 0 0 0 0 0 1 0 1 0 0 1 1 0
70	2	0 1 0 0 0 0 0 0 0 0 1 0 0 1 1 0
70	1	0 1 1 0 0 0 0 0 0 1 1 0 1 1 0 0
70	1	1 0 0 0 0 1 1 0 1 1 1 0 0 1 1 0
70	2	0 0 0 0 0 0 0 0 1 0 1 0 0 1 0 0
70	3	0 0 0 1 0 0 0 1 1 1 1 0 0 1 0 0
70	2	1 1 0 0 0 1 0 1 0 1 1 0 1 1 0 0
70	3	0 0 0 1 0 0 0 0 1 0 1 0 0 1 0 0
70	3	0 0 0 1 0 0 0 0 1 0 0 1 0 1 0 0
70	1	0 0 0 1 0 0 0 0 1 0 0 0 0 1 1 0
70	2	1 0 0 0 0 1 0 0 0 1 1 0 1 1 0 0
70	3	0 0 0 0 0 0 0 0 1 0 0 1 0 0 0 0
70	3	0 1 0 1 0 1 1 0 1 0 1 0 0 1 1 0
70	1	1 1 0 0 0 1 0 1 0 0 1 0 0 1 0 1
70	1	1 1 0 0 0 0 0 0 0 0 1 0 0 1 0 0
70	1	0 1 0 1 0 0 0 0 0 0 1 0 0 1 1 0
70	1	1 0 0 0 0 1 0 0 1 0 1 0 0 1 0 0
70	1	0 1 0 1 0 1 0 0 0 0 1 0 0 1 0 0
70	1	0 0 0 0 0 1 0 0 1 1 1 0 0 1 0 0
70	2	0 1 0 1 0 1 0 0 1 1 1 0 0 1 0 0
70	1	0 1 0 0 0 1 0 0 0 1 0 0 0 1 0 0
70	1	1 1 0 0 0 0 0 0 0 0 1 0 0 1 1 0
70	4	0 1 0 0 0 0 0 0 0 0 1 1 0 0 0 0
80	42	1 0 0 0 0 0 0 0 0 0 1 0 0 1 0 0
80	59	0 1 0 0 0 1 0 0 1 1 1 0 0 1 0 0
80	4	0 1 0 0 0 0 0 0 1 0 1 0 0 1 0 0
80	32	0 1 0 0 0 1 1 0 1 1 1 0 0 1 0 0
80	74	1 1 0 0 0 1 0 0 0 1 1 0 0 1 0 0
80	1	0 1 0 0 0 1 0 0 0 1 1 0 0 1 0 0
80	7	0 1 0 0 0 1 0 0 1 0 1 0 0 1 0 0
80	55	0 1 0 1 0 0 0 0 1 0 1 0 0 1 0 0
80	8	0 1 0 0 0 1 0 0 1 1 1 0 1 1 0 0
80	31	1 0 0 1 0 0 0 0 1 0 1 0 0 1 0 0
80	11	0 0 0 1 0 0 0 0 1 0 1 1 0 1 0 0
80	20	1 0 0 0 0 1 0 0 1 1 1 0 1 1 0 0
80	32	0 0 0 1 0 0 0 0 1 0 1 0 0 0 0 0
80	14	1 0 0 0 1 0 0 0 0 0 1 0 0 1 0 0
80	74	1 1 0 0 0 1 0 0 1 1 1 0 0 1 0 0
80	11	1 0 0 0 0 0 0 0 0 0 1 0 0 1 0 1
80	36	1 0 0 0 0 0 0 0 0 0 1 0 0 1 1 0
80	32	1 0 0 0 0 1 0 0 0 1 1 0 0 1 0 0
80	4	1 0 0 0 0 0 0 0 0 0 1 0 0 0 0 0
80	32	1 1 0 0 0 1 0 0 1 0 1 0 0 1 0 0
80	7	0 0 0 1 0 0 0 0 1 1 1 0 0 1 0 1
80	13	0 0 0 1 0 0 0 1 1 0 1 0 0 0 0 0
80	2	0 1 0 0 0 1 1 0 1 1 1 0 0 1 1 0
80	3	0 1 0 1 0 1 0 0 1 1 1 0 0 1 1 0
80	15	1 0 0 0 0 0 0 0 1 1 1 0 0 1 0 0
80	3	0 1 0 1 0 1 1 0 1 1 1 0 0 1 1 0
80	2	0 1 0 0 0 1 0 0 0 0 1 0 0 1 0 0
80	6	0 0 0 1 0 0 0 0 1 0 1 1 0 0 0 0
80	2	0 1 0 0 0 1 0 0 1 1 1 0 0 0 0 0
80	7	1 0 0 1 0 1 0 0 1 1 1 0 1 1 0 0
80	1	1 0 1 0 0 0 0 0 0 0 1 0 0 1 0 1
80	4	0 1 0 1 1 1 0 0 1 1 1 0 1 1 0 0
80	4	0 0 1 0 0 1 0 1 1 1 1 0 0 1 0 0
80	23	1 0 0 0 1 0 0 0 0 0 1 1 0 1 0 0
80	6	1 1 0 0 0 1 0 1 0 0 1 0 0 1 0 0
80	13	1 1 0 0 0 1 0 0 0 1 1 0 1 1 0 0
80	26	0 1 0 0 1 0 1 0 1 0 1 1 0 1 0 0
80	9	0 1 0 0 0 0 0 0 1 0 0 0 0 1 0 0
80	1	1 1 0 0 0 1 0 0 0 1 1 0 0 0 0 0
80	13	1 0 0 0 0 0 0 0 1 0 1 1 0 1 0 0
80	2	1 0 0 0 0 0 0 0 1 1 1 1 0 1 0 0
80	9	1 0 1 0 1 0 0 0 1 0 1 0 0 1 1 0
80	6	1 0 1 0 0 0 0 0 1 1 1 0 0 1 0 0
80	11	0 1 0 0 0 0 0 0 1 0 1 0 0 1 1 0
80	1	0 0 0 1 0 0 0 0 1 0 1 0 0 1 0 0
80	9	0 0 0 1 0 0 0 0 1 0 0 1 0 1 0 0
80	7	0 0 0 1 0 0 0 0 1 0 0 0 0 1 1 0
80	6	1 0 0 0 0 1 0 0 0 1 1 0 1 1 0 0
80	3	0 1 0 1 0 1 0 0 0 0 1 0 0 1 0 0
80	4	0 1 0 0 0 0 0 0 1 0 0 1 0 1 0 0
80	13	0 1 0 0 1 1 0 0 1 1 1 0 0 1 0 0
80	4	1 0 0 0 0 0 0 0 1 0 1 0 0 1 0 0
80	3	1 1 0 0 0 0 0 0 1 1 1 0 1 1 0 0
80	3	1 1 0 0 0 1 0 0 0 1 1 0 0 1 0 1
80	2	1 0 0 1 0 0 0 0 0 0 1 0 0 1 1 0
80	10	1 1 0 0 0 1 0 0 0 1 1 0 0 0 1 0
80	9	1 0 0 0 0 1 0 0 1 1 1 0 0 1 0 0
80	3	1 0 0 0 0 0 0 0 0 0 1 1 0 1 0 0
80	4	1 1 0 0 0 1 0 0 1 0 1 1 0 1 0 0
80	11	1 1 0 0 0 1 0 1 0 0 0 0 0 1 0 0
80	3	1 0 1 0 1 0 0 0 1 0 1 0 0 0 0 0
80	3	1 1 1 0 0 1 0 0 1 1 1 0 0 1 0 0
80	22	0 1 0 1 0 1 0 0 1 1 1 0 0 1 0 0
80	5	1 1 0 0 0 0 0 0 0 1 1 0 1 1 0 0
80	2	1 1 0 0 0 0 0 1 1 0 1 0 0 0 0 0
80	17	1 0 0 0 1 0 0 0 0 0 0 0 0 1 0 0
80	2	1 0 0 0 0 0 0 0 1 0 1 0 0 1 1 0
80	5	0 1 0 0 0 1 0 0 1 0 0 0 0 1 1 0
80	1	0 1 0 1 0 0 0 0 1 1 1 0 0 1 0 0
80	2	1 1 0 1 0 0 0 0 1 0 1 0 0 1 0 0
80	2	1 1 0 0 0 1 1 0 1 1 1 0 0 1 0 0
80	11	0 1 0 0 0 1 1 0 1 1 0 0 0 1 0 0
80	1	1 0 0 1 1 0 0 0 0 0 1 0 0 1 0 0
80	1	0 1 1 0 1 0 1 0 1 0 1 1 0 1 0 0
80	6	0 0 0 0 1 0 0 0 1 0 1 0 0 1 0 0
80	3	0 0 0 0 0 0 0 0 1 0 0 0 0 1 1 0
80	1	0 1 0 0 0 1 1 1 1 1 1 0 1 1 1 0
80	5	1 0 0 1 0 0 0 0 0 0 1 0 0 1 0 0
80	6	0 0 0 0 0 1 1 0 1 1 1 0 0 1 0 0
80	1	1 1 0 0 0 1 1 0 0 1 1 0 0 1 0 0
80	2	1 1 0 1 0 1 0 0 1 1 1 0 0 1 0 0
80	2	1 0 0 0 0 1 0 0 0 0 1 0 0 1 1 0
80	1	0 1 0 0 0 1 0 1 1 1 1 0 0 0 0 0
80	2	1 0 1 0 1 0 1 0 1 0 1 1 0 1 1 0
80	1	1 0 0 1 1 1 0 0 0 0 1 0 0 1 0 0
80	3	1 0 0 0 0 0 0 0 1 0 0 0 0 1 0 0
80	3	0 0 0 1 0 0 0 0 0 0 1 0 0 1 0 0
80	1	1 1 0 0 0 0 0 0 1 0 1 0 0 1 0 0
80	1	0 1 0 0 0 1 0 0 1 1 0 0 0 1 0 0
80	3	1 0 0 0 1 0 0 0 0 0 1 0 0 0 0 0
80	3	1 0 1 0 0 0 0 0 1 0 1 0 0 1 1 0
80	1	1 0 1 0 0 0 1 0 1 0 1 0 0 1 1 0
80	3	1 1 1 0 0 1 1 0 1 1 1 0 0 1 0 0
80	1	1 1 0 0 0 1 0 0 0 0 0 0 0 1 0 0
80	2	1 1 0 0 0 1 0 0 0 1 1 1 0 1 0 0
80	1	1 1 0 0 0 1 0 0 0 0 1 1 0 1 0 0
80	1	1 1 0 0 0 1 0 0 1 1 0 0 0 1 0 0
80	2	0 1 0 0 0 0 0 0 1 0 1 0 0 0 0 0
80	1	1 1 0 1 0 1 0 0 0 1 1 0 0 1 0 0
80	1	0 1 0 1 0 0 0 0 1 0 1 0 0 0 0 0
80	1	1 0 0 0 0 0 0 0 0 0 1 0 0 0 1 0
80	2	1 0 1 0 0 1 0 0 0 1 1 0 0 1 0 0
80	2	1 0 0 0 0 0 0 0 1 1 1 0 0 0 0 0
80	1	1 0 0 0 0 0 0 0 0 1 1 0 1 1 0 0
80	1	0 1 1 1 0 0 0 0 1 1 1 0 0 1 0 0
90	30	1 0 0 0 0 0 0 0 0 0 1 0 0 1 0 0
90	24	0 1 0 0 0 1 0 0 1 1 1 0 0 1 0 0
90	3	0 1 0 0 0 0 0 0 1 0 1 0 0 1 0 0
90	39	0 1 0 0 0 1 1 0 1 1 1 0 0 1 0 0
90	44	1 1 0 0 0 1 0 0 0 1 1 0 0 1 0 0
90	2	0 1 0 0 0 1 0 0 1 0 1 0 0 1 0 0
90	58	0 1 0 1 0 0 0 0 1 0 1 0 0 1 0 0
90	4	0 1 0 0 0 1 0 0 1 1 1 0 1 1 0 0
90	42	1 0 0 1 0 0 0 0 1 0 1 0 0 1 0 0
90	7	1 0 0 0 0 1 0 0 1 1 1 0 1 1 0 0
90	34	0 0 0 1 0 0 0 0 1 0 1 0 0 0 0 0
90	11	1 0 0 0 1 0 0 0 0 0 1 0 0 1 0 0
90	57	1 1 0 0 0 1 0 0 1 1 1 0 0 1 0 0
90	7	1 0 0 0 0 0 0 0 0 0 1 0 0 1 0 1
90	23	1 0 0 0 0 0 0 0 0 0 1 0 0 1 1 0
90	19	1 0 0 0 0 1 0 0 0 1 1 0 0 1 0 0
90	1	1 0 0 0 0 0 0 0 0 0 1 0 0 0 0 0
90	23	1 1 0 0 0 1 0 0 1 0 1 0 0 1 0 0
90	53	0 0 0 1 0 0 0 1 1 0 1 0 0 0 0 0
90	5	1 0 0 0 0 0 0 0 1 1 1 0 0 1 0 0
90	2	0 0 0 1 0 0 0 0 1 0 1 1 0 0 0 0
90	7	1 0 0 1 0 1 0 0 1 1 1 0 1 1 0 0
90	4	0 1 0 1 1 1 0 0 1 1 1 0 1 1 0 0
90	18	1 0 0 0 1 0 0 0 0 0 1 1 0 1 0 0
90	67	0 1 0 0 1 0 1 0 1 0 1 1 0 1 0 0
90	9	0 1 0 0 0 0 0 0 1 0 0 0 0 1 0 0
90	1	1 1 0 0 0 1 0 0 0 1 1 0 0 0 0 0
90	3	1 0 0 0 0 0 0 0 1 0 1 1 0 1 0 0
90	7	1 0 0 0 0 0 0 0 1 1 1 1 0 1 0 0
90	3	0 1 0 0 0 0 0 0 1 0 1 0 0 1 1 0
90	3	0 0 0 1 0 0 0 0 1 0 1 0 0 1 0 0
90	2	1 0 0 0 0 1 0 0 0 1 1 0 1 1 0 0
90	19	0 1 0 0 1 1 0 0 1 1 1 0 0 1 0 0
90	18	1 0 0 0 0 0 0 0 1 0 1 0 0 1 0 0
90	12	1 1 0 0 0 1 0 0 0 1 1 0 0 1 0 1
90	8	1 1 0 0 0 1 0 0 0 1 1 0 0 0 1 0
90	8	1 1 0 0 0 1 0 1 0 0 0 0 0 1 0 0
90	2	0 1 0 1 0 1 0 0 1 1 1 0 0 1 0 0
90	20	1 1 0 0 0 0 0 0 0 1 1 0 1 1 0 0
90	14	1 0 0 0 1 0 0 0 0 0 0 0 0 1 0 0
90	21	1 1 0 1 0 0 0 0 1 0 1 0 0 1 0 0
90	2	0 1 0 0 0 1 1 0 1 1 0 0 0 1 0 0
90	7	0 1 1 0 1 0 1 0 1 0 1 1 0 1 0 0
90	2	1 0 0 1 0 0 0 0 0 0 1 0 0 1 0 0
90	12	0 0 0 0 0 1 1 0 1 1 1 0 0 1 0 0
90	13	0 1 0 0 0 1 0 1 1 1 1 0 0 0 0 0
90	18	1 0 0 0 0 0 0 0 1 0 0 0 0 1 0 0
90	10	1 0 0 0 1 0 0 0 0 0 1 0 0 0 0 0
90	6	1 1 0 0 0 1 0 0 0 0 0 0 0 1 0 0
90	7	1 1 0 1 0 1 0 0 0 1 1 0 0 1 0 0
90	4	1 0 0 0 0 0 0 0 0 1 1 0 1 1 0 0
90	7	1 0 0 1 0 0 0 1 1 0 1 0 0 0 0 0
90	9	0 1 0 1 0 1 0 0 1 0 1 0 0 1 0 0
90	1	1 0 0 0 1 0 1 0 0 0 1 0 0 1 0 0
90	1	1 0 0 0 1 1 0 0 0 1 1 0 0 1 0 0
90	4	1 1 0 0 0 0 0 0 1 0 1 0 1 1 0 0
90	17	1 0 0 0 1 0 0 0 0 0 0 1 0 1 0 0
90	23	1 0 0 0 0 1 0 0 1 0 1 0 1 1 0 0
90	3	1 1 0 0 0 0 0 0 1 1 1 0 0 1 0 0
90	8	1 0 0 0 0 0 0 0 1 0 1 0 0 1 1 0
90	4	1 0 1 0 0 1 0 0 0 1 1 0 0 1 0 0
90	5	1 1 0 1 0 0 0 1 1 0 1 0 0 0 0 0
90	13	1 0 0 1 0 0 1 0 0 0 1 0 0 1 0 0
90	1	1 0 0 1 0 0 0 0 1 0 1 0 0 0 0 0
90	4	0 0 0 0 0 1 0 0 0 1 1 0 0 1 0 0
90	1	0 0 0 1 0 0 0 0 1 0 1 1 0 0 0 1
90	5	0 1 0 0 0 0 1 0 1 0 1 1 0 1 0 0
90	2	1 1 0 0 0 0 0 0 1 0 0 0 0 1 0 0
90	1	1 0 0 0 0 0 0 0 1 1 1 0 0 0 0 0
90	2	1 1 1 0 0 1 0 0 1 0 1 0 0 1 0 0
90	1	0 1 0 0 0 1 0 0 1 1 0 0 0 1 0 0
90	2	1 0 0 0 0 0 1 0 0 0 1 0 0 1 0 0
90	2	0 0 0 1 0 0 0 1 1 1 1 1 0 1 0 0
90	1	1 0 0 0 1 0 0 0 0 0 1 1 0 0 0 0
90	1	1 1 0 0 1 1 0 0 0 1 1 0 0 1 0 0
90	1	0 1 1 1 0 0 0 0 1 0 1 0 0 1 0 0
90	4	0 0 0 1 0 0 0 0 1 1 1 0 0 0 0 0
90	4	1 1 1 0 0 0 0 0 1 1 1 0 1 1 0 0
90	5	0 1 0 0 0 1 0 1 1 1 1 0 0 0 1 0
90	1	0 1 0 0 0 1 1 0 1 1 1 1 0 1 0 0
90	1	1 1 0 0 0 1 0 0 0 1 1 1 0 1 0 0
90	2	1 0 0 1 0 0 0 1 1 0 1 0 0 1 0 0
90	2	1 0 0 1 0 1 0 0 0 1 1 0 0 1 0 0
90	3	0 0 0 1 0 1 0 1 1 0 1 0 0 0 0 0
90	1	1 1 0 0 0 1 1 0 0 0 0 0 0 1 0 0
90	1	0 1 0 1 0 0 0 0 1 0 1 0 0 0 0 0
90	3	1 0 0 1 0 0 0 0 0 1 1 0 0 1 0 0
90	3	1 0 0 0 0 0 1 0 1 1 1 0 0 1 0 0
90	2	1 1 0 0 0 1 0 0 1 1 1 0 0 1 0 1
90	3	1 0 0 0 0 1 0 1 0 1 1 0 0 1 0 0
90	1	1 0 0 0 0 0 0 0 1 0 1 0 0 0 0 0
90	3	0 0 0 1 0 0 1 0 1 0 1 0 0 1 0 0
90	1	1 1 0 0 0 1 0 1 0 1 1 0 0 1 0 1
90	2	1 0 0 0 0 1 0 1 0 0 0 0 0 1 0 0
90	1	1 1 0 0 0 0 0 0 0 1 1 0 1 1 1 0
90	1	0 1 1 0 1 0 1 1 1 0 1 1 0 1 0 0
90	2	0 1 0 0 1 0 0 0 1 0 1 0 0 1 0 0
90	2	0 1 0 0 0 1 0 1 1 1 0 0 0 0 0 0
90	3	0 1 0 1 0 0 0 1 1 0 1 0 0 0 0 0
90	3	1 1 0 0 0 1 0 0 1 0 1 0 0 1 1 0
90	1	0 1 0 0 0 1 0 0 0 1 1 0 0 0 1 0
90	1	0 1 0 1 0 0 0 0 1 0 1 1 0 1 0 0
90	4	1 0 0 0 1 0 0 0 0 1 1 0 0 1 0 0
90	2	1 1 0 1 0 1 0 1 0 0 0 0 0 1 0 0
90	2	1 1 0 0 0 0 1 0 0 1 1 0 1 1 0 0
90	2	1 0 0 1 0 0 0 1 1 0 1 1 0 0 0 0
100	33	1 0 0 0 0 0 0 0 0 0 1 0 0 1 0 0
100	16	0 1 0 0 0 1 0 0 1 1 1 0 0 1 0 0
100	25	0 1 0 0 0 1 1 0 1 1 1 0 0 1 0 0
100	26	1 1 0 0 0 1 0 0 0 1 1 0 0 1 0 0
100	61	0 1 0 1 0 0 0 0 1 0 1 0 0 1 0 0
100	33	1 0 0 1 0 0 0 0 1 0 1 0 0 1 0 0
100	59	0 0 0 1 0 0 0 0 1 0 1 0 0 0 0 0
100	18	1 0 0 0 1 0 0 0 0 0 1 0 0 1 0 0
100	52	1 1 0 0 0 1 0 0 1 1 1 0 0 1 0 0
100	2	1 0 0 0 0 0 0 0 0 0 1 0 0 1 0 1
100	13	1 0 0 0 0 0 0 0 0 0 1 0 0 1 1 0
100	11	1 0 0 0 0 1 0 0 0 1 1 0 0 1 0 0
100	55	1 1 0 0 0 1 0 0 1 0 1 0 0 1 0 0
100	22	0 0 0 1 0 0 0 1 1 0 1 0 0 0 0 0
100	6	1 0 0 0 0 0 0 0 1 1 1 0 0 1 0 0
100	12	0 0 0 1 0 0 0 0 1 0 1 1 0 0 0 0
100	7	1 0 0 1 0 1 0 0 1 1 1 0 1 1 0 0
100	28	1 0 0 0 1 0 0 0 0 0 1 1 0 1 0 0
100	53	0 1 0 0 1 0 1 0 1 0 1 1 0 1 0 0
100	14	0 1 0 0 0 0 0 0 1 0 0 0 0 1 0 0
100	4	1 0 0 0 0 0 0 0 1 1 1 1 0 1 0 0
100	4	0 0 0 1 0 0 0 0 1 0 1 0 0 1 0 0
100	13	0 1 0 0 1 1 0 0 1 1 1 0 0 1 0 0
100	44	1 0 0 0 0 0 0 0 1 0 1 0 0 1 0 0
100	4	1 1 0 0 0 1 0 0 0 1 1 0 0 1 0 1
100	1	1 1 0 0 0 1 0 0 0 1 1 0 0 0 1 0
100	1	1 1 0 0 0 1 0 1 0 0 0 0 0 1 0 0
100	2	1 1 0 0 0 0 0 0 0 1 1 0 1 1 0 0
100	2	1 0 0 0 1 0 0 0 0 0 0 0 0 1 0 0
100	25	1 1 0 1 0 0 0 0 1 0 1 0 0 1 0 0
100	9	0 1 0 0 0 1 1 0 1 1 0 0 0 1 0 0
100	4	1 0 0 1 0 0 0 0 0 0 1 0 0 1 0 0
100	1	0 0 0 0 0 1 1 0 1 1 1 0 0 1 0 0
100	3	0 1 0 0 0 1 0 1 1 1 1 0 0 0 0 0
100	10	1 0 0 0 0 0 0 0 1 0 0 0 0 1 0 0
100	10	1 0 0 0 1 0 0 0 0 0 1 0 0 0 0 0
100	16	1 1 0 1 0 1 0 0 0 1 1 0 0 1 0 0
100	7	0 1 0 1 0 1 0 0 1 0 1 0 0 1 0 0
100	5	1 1 0 0 0 0 0 0 1 0 1 0 1 1 0 0
100	10	1 0 0 0 1 0 0 0 0 0 0 1 0 1 0 0
100	3	1 0 0 0 0 1 0 0 1 0 1 0 1 1 0 0
100	2	1 0 1 0 0 1 0 0 0 1 1 0 0 1 0 0
100	8	1 0 0 1 0 0 1 0 0 0 1 0 0 1 0 0
100	14	0 0 0 1 0 0 0 0 1 0 1 1 0 0 0 1
100	17	0 1 0 0 0 0 1 0 1 0 1 1 0 1 0 0
100	5	0 0 0 1 0 0 0 1 1 1 1 1 0 1 0 0
100	1	1 0 0 0 1 0 0 0 0 0 1 1 0 0 0 0
100	4	0 1 0 0 0 1 0 1 1 1 1 0 0 0 1 0
100	6	0 0 0 1 0 1 0 1 1 0 1 0 0 0 0 0
100	13	0 1 0 1 0 0 0 0 1 0 1 0 0 0 0 0
100	7	1 0 0 0 0 0 1 0 1 1 1 0 0 1 0 0
100	2	0 0 0 1 0 0 1 0 1 0 1 0 0 1 0 0
100	7	1 0 0 0 0 1 0 1 0 0 0 0 0 1 0 0
100	2	1 1 0 0 0 0 0 0 0 1 1 0 1 1 1 0
100	3	0 1 0 0 1 0 0 0 1 0 1 0 0 1 0 0
100	17	1 1 0 0 0 1 0 0 1 0 1 0 0 1 1 0
100	5	0 1 0 1 0 0 0 0 1 0 1 1 0 1 0 0
100	4	1 1 0 0 0 0 1 0 0 1 1 0 1 1 0 0
100	1	1 0 0 1 1 0 0 0 0 0 1 0 0 1 0 0
100	3	1 0 0 0 1 0 1 0 0 0 1 1 0 1 0 0
100	6	0 1 0 1 0 0 0 0 1 0 1 0 0 1 1 0
100	5	0 1 0 0 0 1 1 0 1 1 1 0 1 1 0 0
100	1	0 1 0 1 0 0 0 0 0 1 1 0 0 1 0 0
100	2	1 1 0 0 0 1 1 0 0 1 1 0 0 1 0 1
100	6	1 1 0 0 0 1 0 1 1 0 0 0 0 1 0 0
100	10	1 0 0 1 0 0 0 0 1 0 1 1 0 1 0 0
100	10	1 0 0 1 0 0 0 0 1 1 1 0 0 1 0 0
100	11	1 0 0 0 0 0 0 1 0 0 1 0 0 1 1 0
100	8	1 0 1 1 0 0 0 1 1 0 1 1 0 0 0 0
100	2	0 1 0 0 1 0 0 0 1 1 1 0 1 0 0 0
100	9	1 0 0 1 0 0 0 0 1 0 1 0 1 1 0 0
100	7	1 1 0 0 1 1 0 0 1 1 1 0 0 1 0 0
100	1	0 0 0 1 0 0 0 1 1 0 1 0 0 0 0 1
100	3	1 1 0 0 0 1 0 0 0 1 1 1 0 0 1 0
100	5	1 0 0 0 1 1 0 0 0 0 0 1 0 1 0 0
100	2	1 1 0 0 0 1 0 0 1 0 1 0 0 1 0 1
100	7	0 1 0 0 1 0 0 0 1 1 1 0 1 1 0 0
100	1	1 0 0 0 0 0 0 0 0 1 1 0 0 1 0 0
100	5	0 0 0 1 0 0 0 0 1 0 1 1 0 0 1 0
100	1	1 0 0 0 0 0 0 1 1 1 1 1 0 1 0 0
100	1	0 1 0 0 0 0 1 0 1 1 1 1 0 1 0 0
100	2	1 1 0 0 1 0 0 0 0 0 1 1 0 1 0 0
100	2	0 1 0 0 1 0 1 0 1 1 1 0 0 1 0 0
100	1	1 1 0 1 0 0 0 1 1 0 1 0 0 1 0 0
100	1	0 0 0 1 0 0 1 1 1 0 1 0 0 0 0 0
100	4	0 1 0 0 1 0 1 0 1 0 1 1 0 0 0 0
100	6	0 0 0 1 0 0 0 0 1 0 1 0 0 0 0 1
100	3	1 0 0 1 0 0 0 0 1 0 1 0 0 0 0 1
100	1	1 0 0 0 0 0 0 0 0 0 1 0 0 0 0 0
100	2	0 0 0 1 0 0 0 0 1 0 1 0 0 0 1 0
100	1	1 0 0 0 1 0 0 0 0 0 1 0 0 1 0 1
100	3	1 1 0 1 0 0 0 1 1 0 1 0 0 0 1 0
100	2	0 0 0 1 0 0 0 1 1 0 1 0 0 0 1 1
100	1	0 0 0 1 0 0 0 0 0 0 1 0 0 1 0 0
100	5	1 0 0 0 1 0 0 0 1 0 1 0 0 1 0 0
100	3	0 0 0 1 1 0 0 0 1 0 1 1 0 0 0 0
100	1	1 0 0 1 1 0 0 0 0 0 1 1 0 1 0 0
100	3	0 0 0 1 0 0 0 1 1 0 1 0 0 1 0 0
100	2	1 0 0 1 0 1 0 0 1 1 1 0 0 1 0 0
100	1	0 1 0 0 1 0 0 0 1 0 1 1 0 1 0 0
100	2	0 1 0 0 0 1 1 1 1 1 1 0 0 1 0 0
100	2	1 0 0 0 0 1 0 0 1 1 1 0 0 1 0 0
100	2	0 0 0 1 0 0 0 1 0 0 1 0 0 0 0 0
100	1	1 0 0 0 1 1 0 0 0 0 1 1 0 1 0 0
100	1	0 1 0 1 1 0 1 0 1 0 1 1 0 1 0 0
110	28	1 0 0 0 0 0 0 0 0 0 1 0 0 1 0 0
110	2	0 1 0 0 0 1 0 0 1 1 1 0 0 1 0 0
110	18	0 1 0 0 0 1 1 0 1 1 1 0 0 1 0 0
110	23	0 1 0 1 0 0 0 0 1 0 1 0 0 1 0 0
110	25	1 0 0 1 0 0 0 0 1 0 1 0 0 1 0 0
110	54	0 0 0 1 0 0 0 0 1 0 1 0 0 0 0 0
110	5	1 0 0 0 1 0 0 0 0 0 1 0 0 1 0 0
110	57	1 1 0 0 0 1 0 0 1 1 1 0 0 1 0 0
110	9	1 0 0 0 0 0 0 0 0 0 1 0 0 1 1 0
110	51	1 0 0 0 0 1 0 0 0 1 1 0 0 1 0 0
110	37	1 1 0 0 0 1 0 0 1 0 1 0 0 1 0 0
110	14	0 0 0 1 0 0 0 1 1 0 1 0 0 0 0 0
110	1	1 0 0 0 0 0 0 0 1 1 1 0 0 1 0 0
110	3	0 0 0 1 0 0 0 0 1 0 1 1 0 0 0 0
110	9	1 0 0 1 0 1 0 0 1 1 1 0 1 1 0 0
110	29	1 0 0 0 1 0 0 0 0 0 1 1 0 1 0 0
110	57	0 1 0 0 1 0 1 0 1 0 1 1 0 1 0 0
110	1	0 1 0 0 0 0 0 0 1 0 0 0 0 1 0 0
110	18	1 0 0 0 0 0 0 0 1 1 1 1 0 1 0 0
110	2	0 1 0 0 1 1 0 0 1 1 1 0 0 1 0 0
110	39	1 0 0 0 0 0 0 0 1 0 1 0 0 1 0 0
110	3	1 0 0 0 1 0 0 0 0 0 0 0 0 1 0 0
110	34	1 1 0 1 0 0 0 0 1 0 1 0 0 1 0 0
110	2	0 1 0 0 0 1 1 0 1 1 0 0 0 1 0 0
110	6	1 0 0 0 0 0 0 0 1 0 0 0 0 1 0 0
110	17	1 1 0 1 0 1 0 0 0 1 1 0 0 1 0 0
110	29	0 1 0 1 0 1 0 0 1 0 1 0 0 1 0 0
110	20	1 0 0 0 1 0 0 0 0 0 0 1 0 1 0 0
110	7	1 0 1 0 0 1 0 0 0 1 1 0 0 1 0 0
110	2	1 0 0 1 0 0 1 0 0 0 1 0 0 1 0 0
110	35	0 0 0 1 0 0 0 0 1 0 1 1 0 0 0 1
110	18	0 1 0 0 0 1 0 1 1 1 1 0 0 0 1 0
110	5	0 0 0 1 0 1 0 1 1 0 1 0 0 0 0 0
110	51	0 1 0 1 0 0 0 0 1 0 1 0 0 0 0 0
110	7	1 0 0 0 0 0 1 0 1 1 1 0 0 1 0 0
110	2	1 0 0 0 0 1 0 1 0 0 0 0 0 1 0 0
110	21	1 1 0 0 0 1 0 0 1 0 1 0 0 1 1 0
110	15	0 1 0 1 0 0 0 0 1 0 1 1 0 1 0 0
110	2	1 1 0 0 0 0 1 0 0 1 1 0 1 1 0 0
110	4	1 0 0 1 1 0 0 0 0 0 1 0 0 1 0 0
110	8	0 1 0 0 0 1 1 0 1 1 1 0 1 1 0 0
110	1	0 1 0 1 0 0 0 0 0 1 1 0 0 1 0 0
110	5	1 0 0 1 0 0 0 0 1 0 1 1 0 1 0 0
110	3	1 0 0 1 0 0 0 0 1 1 1 0 0 1 0 0
110	6	1 0 0 0 0 0 0 1 0 0 1 0 0 1 1 0
110	1	1 0 1 1 0 0 0 1 1 0 1 1 0 0 0 0
110	12	1 0 0 1 0 0 0 0 1 0 1 0 1 1 0 0
110	3	1 1 0 0 0 1 0 0 1 0 1 0 0 1 0 1
110	2	0 0 0 1 0 0 0 0 1 0 1 1 0 0 1 0
110	1	1 1 0 0 1 0 0 0 0 0 1 1 0 1 0 0
110	16	0 0 0 1 0 0 0 0 1 0 1 0 0 0 0 1
110	4	1 0 0 0 0 0 0 0 0 0 1 0 0 0 0 0
110	8	0 0 0 1 0 0 0 0 1 0 1 0 0 0 1 0
110	5	1 0 0 1 0 1 0 0 1 1 1 0 0 1 0 0
110	2	1 0 0 0 0 1 0 0 1 1 1 0 0 1 0 0
110	2	0 0 0 1 0 0 0 1 0 0 1 0 0 0 0 0
110	2	0 1 1 1 0 0 0 0 1 0 1 0 0 1 0 0
110	2	1 1 0 1 0 1 0 0 1 1 1 0 0 1 0 0
110	9	0 1 0 0 1 0 1 0 1 0 0 1 0 1 0 0
110	2	1 1 0 1 0 1 0 0 0 1 0 0 0 1 0 0
110	5	1 1 0 1 0 0 0 0 1 0 0 0 0 1 0 0
110	17	0 1 0 1 0 0 0 1 1 0 1 0 0 0 0 0
110	6	0 0 0 1 0 0 0 0 1 0 1 1 0 1 0 0
110	9	0 1 1 0 0 1 0 1 1 1 1 0 0 0 1 0
110	1	1 0 0 0 1 0 1 0 1 0 1 0 0 1 0 0
110	1	1 1 0 1 0 0 0 0 1 0 1 0 0 0 0 0
110	13	0 0 0 0 0 0 0 0 0 0 1 0 0 1 0 0
110	1	0 0 0 0 0 1 1 0 1 1 1 0 0 1 0 0
110	1	1 0 0 1 0 0 0 1 1 0 1 0 0 1 0 0
110	9	0 0 0 1 0 0 0 0 1 1 1 1 0 0 0 0
110	1	0 1 0 1 0 0 0 0 1 0 1 0 0 0 0 1
110	6	1 1 0 0 0 0 0 0 1 0 0 0 0 1 0 0
110	1	0 1 0 1 0 0 1 0 0 0 1 0 0 1 0 0
110	8	1 1 0 0 0 1 1 0 1 1 1 0 0 1 0 0
110	1	1 1 0 0 0 0 0 0 1 0 1 0 0 0 0 0
110	4	0 0 0 1 0 1 0 0 0 1 1 0 0 1 0 0
110	1	0 0 0 1 0 0 0 1 1 0 1 0 1 0 0 0
110	1	0 1 0 0 1 0 1 1 1 0 1 1 0 1 0 0
110	1	0 1 0 0 1 0 1 0 0 0 0 1 0 1 0 0
110	2	1 0 0 0 0 1 0 0 1 0 1 0 0 1 0 0
110	1	1 0 0 1 0 0 1 0 1 0 1 0 0 1 0 0
110	1	1 0 0 0 1 0 1 0 0 0 1 1 0 1 0 0
110	2	1 0 0 0 1 0 0 0 0 0 0 1 1 1 0 0
110	3	1 0 0 1 0 0 0 0 1 0 1 1 0 0 0 0
110	4	0 1 0 0 0 1 1 0 1 1 1 0 0 0 1 0
110	3	1 0 0 0 0 0 0 0 1 0 1 0 1 1 0 0
110	4	0 1 0 1 0 1 0 0 0 1 1 0 0 1 0 0
110	2	0 1 0 0 0 1 1 0 1 1 1 1 0 1 0 0
110	1	1 1 0 0 1 1 0 0 1 1 1 0 0 1 0 0
110	1	0 1 0 0 0 0 0 0 1 0 0 1 0 1 0 0
110	2	0 1 1 1 0 1 0 0 1 0 1 0 0 1 0 0
110	1	0 1 0 0 0 0 1 0 1 0 0 1 0 1 0 0
110	2	1 0 0 1 0 0 0 1 1 0 1 0 0 0 0 0
110	1	0 0 0 0 0 1 1 0 1 0 1 0 0 0 0 0
110	2	0 1 0 1 0 0 0 0 0 0 1 0 0 1 0 0
110	1	0 0 0 1 1 0 0 0 1 0 1 0 0 0 0 0
110	1	1 1 0 0 0 1 1 0 1 0 1 0 0 1 0 0
110	2	1 0 0 0 1 0 0 0 1 0 1 0 0 1 0 0
110	5	1 1 0 1 0 1 0 0 0 1 1 0 1 1 0 0
110	3	1 1 0 0 0 0 1 0 1 1 1 0 1 1 0 0
110	1	1 1 0 0 0 0 0 1 1 1 1 0 0 1 0 0
110	1	0 1 0 0 1 0 1 1 1 0 1 1 0 1 1 0
110	1	1 0 0 0 0 1 0 0 0 0 0 1 0 1 0 0
110	1	0 1 0 0 1 1 0 0 1 1 1 0 0 1 1 0
110	1	0 1 0 1 0 0 0 0 1 0 1 0 0 0 1 0
110	2	1 0 1 1 0 0 0 0 1 0 1 0 0 1 0 0
110	1	0 1 0 0 0 1 0 1 1 1 1 0 0 1 1 0
110	1	0 0 0 1 0 1 0 1 1 0 0 0 0 0 0 0
110	2	0 1 0 1 0 0 0 0 1 0 0 0 0 0 0 0
110	1	0 0 0 0 0 0 0 0 0 0 1 0 0 1 0 1
110	1	0 0 0 1 0 0 0 1 1 0 1 0 1 0 1 0
120	14	1 0 0 0 0 0 0 0 0 0 1 0 0 1 0 0
120	29	0 1 0 1 0 0 0 0 1 0 1 0 0 1 0 0
120	30	1 0 0 1 0 0 0 0 1 0 1 0 0 1 0 0
120	4	0 0 0 1 0 0 0 0 1 0 1 0 0 0 0 0
120	20	1 0 0 0 1 0 0 0 0 0 1 0 0 1 0 0
120	31	1 1 0 0 0 1 0 0 1 1 1 0 0 1 0 0
120	46	1 0 0 0 0 1 0 0 0 1 1 0 0 1 0 0
120	26	1 1 0 0 0 1 0 0 1 0 1 0 0 1 0 0
120	6	0 0 0 1 0 0 0 1 1 0 1 0 0 0 0 0
120	1	0 0 0 1 0 0 0 0 1 0 1 1 0 0 0 0
120	32	1 0 0 0 1 0 0 0 0 0 1 1 0 1 0 0
120	39	0 1 0 0 1 0 1 0 1 0 1 1 0 1 0 0
120	1	1 0 0 0 0 0 0 0 1 1 1 1 0 1 0 0
120	19	1 0 0 0 0 0 0 0 1 0 1 0 0 1 0 0
120	46	1 1 0 1 0 0 0 0 1 0 1 0 0 1 0 0
120	4	1 0 0 0 0 0 0 0 1 0 0 0 0 1 0 0
120	31	1 1 0 1 0 1 0 0 0 1 1 0 0 1 0 0
120	39	0 1 0 1 0 1 0 0 1 0 1 0 0 1 0 0
120	18	1 0 0 0 1 0 0 0 0 0 0 1 0 1 0 0
120	34	0 0 0 1 0 0 0 0 1 0 1 1 0 0 0 1
120	1	0 1 0 0 0 1 0 1 1 1 1 0 0 0 1 0
120	3	0 0 0 1 0 1 0 1 1 0 1 0 0 0 0 0
120	31	0 1 0 1 0 0 0 0 1 0 1 0 0 0 0 0
120	11	1 0 0 0 0 0 1 0 1 1 1 0 0 1 0 0
120	41	1 1 0 0 0 1 0 0 1 0 1 0 0 1 1 0
120	12	0 1 0 1 0 0 0 0 1 0 1 1 0 1 0 0
120	1	0 1 0 0 0 1 1 0 1 1 1 0 1 1 0 0
120	8	1 0 0 1 0 0 0 0 1 0 1 0 1 1 0 0
120	6	0 0 0 1 0 0 0 0 1 0 1 1 0 0 1 0
120	21	1 1 0 0 1 0 0 0 0 0 1 1 0 1 0 0
120	31	0 0 0 1 0 0 0 0 1 0 1 0 0 0 0 1
120	2	0 0 0 1 0 0 0 0 1 0 1 0 0 0 1 0
120	23	0 1 0 0 1 0 1 0 1 0 0 1 0 1 0 0
120	93	0 1 0 1 0 0 0 1 1 0 1 0 0 0 0 0
120	7	0 1 1 0 0 1 0 1 1 1 1 0 0 0 1 0
120	19	0 0 0 0 0 0 0 0 0 0 1 0 0 1 0 0
120	3	0 0 0 0 0 1 1 0 1 1 1 0 0 1 0 0
120	5	0 0 0 1 0 0 0 0 1 1 1 1 0 0 0 0
120	24	1 1 0 0 0 1 1 0 1 1 1 0 0 1 0 0
120	3	1 0 0 0 1 0 0 0 0 0 0 1 1 1 0 0
120	11	0 1 0 0 0 1 1 0 1 1 1 0 0 0 1 0
120	5	1 0 0 0 0 0 0 0 1 0 1 0 1 1 0 0
120	1	0 1 1 1 0 1 0 0 1 0 1 0 0 1 0 0
120	13	1 1 0 0 0 0 0 1 1 1 1 0 0 1 0 0
120	2	1 0 0 0 0 1 0 0 0 0 0 1 0 1 0 0
120	3	0 0 0 1 0 1 0 1 1 0 0 0 0 0 0 0
120	2	1 0 0 0 0 0 0 0 0 0 1 1 0 1 0 0
120	3	1 0 0 0 0 1 0 0 1 1 1 0 1 1 0 0
120	1	1 0 0 0 1 0 0 0 1 1 1 0 0 1 0 0
120	3	1 0 0 0 0 0 1 0 0 0 1 0 0 1 0 0
120	3	1 1 0 0 1 0 0 0 0 0 0 1 0 1 0 0
120	11	0 1 0 0 0 1 1 1 1 1 1 0 0 0 1 0
120	8	1 1 0 1 0 0 0 0 0 0 1 0 0 1 0 0
120	8	0 1 0 1 0 1 0 0 1 0 1 0 1 1 0 0
120	5	1 1 0 1 0 1 1 0 0 1 1 0 1 1 0 0
120	4	1 0 0 0 0 1 0 0 1 1 1 0 1 0 0 0
120	1	0 0 0 1 0 0 0 0 0 0 1 0 0 0 0 1
120	1	1 1 0 1 0 1 0 0 0 1 0 0 0 1 0 0
120	4	0 0 0 1 0 0 1 0 1 0 1 1 0 0 0 1
120	2	1 0 0 1 0 1 0 0 0 1 1 0 0 1 0 0
120	7	1 0 0 0 1 0 0 1 0 0 0 1 0 1 0 0
120	1	0 0 0 1 0 0 0 0 0 0 1 0 0 1 1 0
120	1	0 1 0 0 0 1 0 0 0 1 1 0 0 1 0 0
120	7	0 0 0 1 0 0 0 0 0 0 0 0 0 1 0 0
120	2	0 1 0 1 0 0 0 0 1 0 1 0 1 1 0 0
120	1	0 1 0 1 0 1 1 0 1 0 1 0 0 1 0 0
120	6	1 1 0 0 0 1 0 0 0 0 1 0 0 1 1 0
120	2	1 0 0 0 1 1 0 0 0 0 0 1 0 1 0 0
120	3	0 0 0 1 0 0 0 0 0 0 0 0 0 0 0 1
120	5	1 1 0 0 0 0 0 0 0 0 1 0 0 1 0 0
120	4	0 1 0 1 0 0 0 0 1 1 1 0 0 1 0 0
120	5	0 1 0 1 0 0 0 1 1 0 1 1 0 1 0 0
120	3	0 0 0 1 0 0 0 0 1 0 1 0 0 0 1 1
120	1	1 0 0 0 0 1 0 0 0 1 1 0 1 1 0 0
120	1	1 1 0 1 0 0 0 0 0 0 0 1 0 1 0 0
120	6	0 0 0 1 0 0 0 0 1 0 1 0 0 1 0 0
120	2	0 1 0 1 0 0 0 0 0 0 1 1 0 1 0 0
120	2	0 0 0 1 0 0 0 0 0 1 1 0 0 1 0 0
120	1	0 0 0 1 0 0 0 0 0 0 1 0 0 0 0 0
120	2	1 1 0 0 0 1 0 1 1 0 1 0 0 1 0 0
120	4	1 1 0 1 0 1 0 0 0 1 1 0 0 1 1 0
120	1	0 1 0 1 0 1 0 0 1 0 1 1 0 1 0 0
120	4	0 1 1 1 0 0 0 0 1 0 1 0 0 0 0 0
120	1	1 0 0 0 0 1 0 0 1 0 1 0 1 1 0 0
120	2	1 0 0 0 0 0 0 0 1 0 1 0 0 1 1 0
120	1	1 1 0 1 0 0 0 1 1 0 1 0 0 0 0 0
120	1	1 0 1 0 0 0 0 0 0 0 1 0 0 1 0 0
120	1	0 1 0 1 0 0 0 0 0 0 1 0 0 1 0 0
120	1	1 1 1 0 0 1 0 0 1 1 1 0 0 1 0 0
120	2	1 1 0 0 0 1 0 0 1 1 1 0 0 0 0 0
120	1	1 0 0 0 0 1 1 0 0 1 1 0 0 1 0 0
120	1	1 1 0 0 0 0 0 0 1 0 1 0 0 1 0 0
120	2	1 1 0 1 0 0 1 0 1 0 1 0 0 1 0 0
120	1	1 1 0 1 1 1 0 0 0 1 1 0 0 1 0 0
120	1	1 1 0 1 0 1 0 0 0 1 1 0 1 1 0 0
120	1	0 1 0 1 0 1 0 1 1 0 1 0 0 1 0 0
120	2	1 0 0 0 0 0 1 0 1 1 1 1 0 1 0 0
120	4	1 0 0 1 0 0 1 0 1 0 1 0 1 1 0 0
120	1	1 1 0 1 0 1 1 0 0 1 1 0 1 0 0 0
130	31	0 1 0 1 0 0 0 0 1 0 1 0 0 1 0 0
130	15	1 0 0 1 0 0 0 0 1 0 1 0 0 1 0 0
130	21	1 1 0 0 0 1 0 0 1 1 1 0 0 1 0 0
130	33	1 0 0 0 0 1 0 0 0 1 1 0 0 1 0 0
130	27	1 1 0 0 0 1 0 0 1 0 1 0 0 1 0 0
130	14	0 0 0 1 0 0 0 1 1 0 1 0 0 0 0 0
130	12	1 0 0 0 1 0 0 0 0 0 1 1 0 1 0 0
130	21	0 1 0 0 1 0 1 0 1 0 1 1 0 1 0 0
130	54	1 1 0 1 0 0 0 0 1 0 1 0 0 1 0 0
130	36	1 1 0 1 0 1 0 0 0 1 1 0 0 1 0 0
130	23	0 1 0 1 0 1 0 0 1 0 1 0 0 1 0 0
130	7	1 0 0 0 1 0 0 0 0 0 0 1 0 1 0 0
130	36	0 0 0 1 0 0 0 0 1 0 1 1 0 0 0 1
130	21	0 0 0 1 0 1 0 1 1 0 1 0 0 0 0 0
130	8	0 1 0 1 0 0 0 0 1 0 1 0 0 0 0 0
130	19	1 1 0 0 0 1 0 0 1 0 1 0 0 1 1 0
130	9	0 1 0 1 0 0 0 0 1 0 1 1 0 1 0 0
130	7	1 0 0 1 0 0 0 0 1 0 1 0 1 1 0 0
130	10	0 0 0 1 0 0 0 0 1 0 1 1 0 0 1 0
130	30	1 1 0 0 1 0 0 0 0 0 1 1 0 1 0 0
130	22	0 0 0 1 0 0 0 0 1 0 1 0 0 0 0 1
130	29	0 1 0 0 1 0 1 0 1 0 0 1 0 1 0 0
130	42	0 1 0 1 0 0 0 1 1 0 1 0 0 0 0 0
130	10	0 0 0 0 0 0 0 0 0 0 1 0 0 1 0 0
130	18	0 0 0 1 0 0 0 0 1 1 1 1 0 0 0 0
130	5	1 1 0 0 0 1 1 0 1 1 1 0 0 1 0 0
130	4	0 1 0 0 0 1 1 0 1 1 1 0 0 0 1 0
130	7	1 0 0 0 0 0 0 0 1 0 1 0 1 1 0 0
130	2	1 1 0 0 0 0 0 1 1 1 1 0 0 1 0 0
130	6	0 0 0 1 0 1 0 1 1 0 0 0 0 0 0 0
130	1	0 1 0 1 0 1 0 0 1 0 1 0 1 1 0 0
130	7	1 1 0 1 0 1 1 0 0 1 1 0 1 1 0 0
130	7	1 0 0 0 0 1 0 0 1 1 1 0 1 0 0 0
130	4	0 0 0 1 0 0 1 0 1 0 1 1 0 0 0 1
130	3	1 0 0 0 1 0 0 1 0 0 0 1 0 1 0 0
130	17	0 0 0 1 0 0 0 0 0 0 1 0 0 1 1 0
130	3	0 0 0 1 0 0 0 0 0 0 0 0 0 0 0 1
130	14	1 1 0 0 0 0 0 0 0 0 1 0 0 1 0 0
130	6	0 1 0 1 0 0 0 0 1 1 1 0 0 1 0 0
130	3	0 1 0 1 0 0 0 1 1 0 1 1 0 1 0 0
130	8	0 0 0 1 0 0 0 0 1 0 1 0 0 0 1 1
130	12	1 0 0 0 0 1 0 0 0 1 1 0 1 1 0 0
130	39	0 0 0 1 0 0 0 0 1 0 1 0 0 1 0 0
130	9	0 1 0 1 0 0 0 0 0 0 1 1 0 1 0 0
130	9	0 0 0 1 0 0 0 0 0 0 1 0 0 0 0 0
130	14	1 1 0 0 0 1 0 1 1 0 1 0 0 1 0 0
130	32	1 1 0 1 0 1 0 0 0 1 1 0 0 1 1 0
130	7	0 1 1 1 0 0 0 0 1 0 1 0 0 0 0 0
130	2	1 0 0 0 0 0 0 0 1 0 1 0 0 1 1 0
130	10	1 1 0 1 0 0 0 1 1 0 1 0 0 0 0 0
130	2	1 0 1 0 0 0 0 0 0 0 1 0 0 1 0 0
130	6	1 0 0 1 0 0 1 0 1 0 1 0 1 1 0 0
130	6	0 0 0 0 0 0 0 0 1 0 1 0 0 1 0 0
130	3	1 1 0 0 0 1 0 1 1 1 1 0 0 1 0 0
130	1	1 0 1 0 0 1 0 0 0 1 1 0 0 1 0 0
130	1	1 0 0 1 0 1 1 0 1 1 1 0 0 1 0 0
130	4	1 0 0 0 0 1 0 0 0 0 1 0 0 1 0 0
130	4	1 0 0 0 0 1 0 0 1 0 1 0 0 1 0 0
130	12	0 1 0 1 0 0 0 0 1 0 1 1 0 0 0 0
130	12	1 1 0 0 0 0 0 0 0 0 1 0 0 0 0 0
130	10	0 0 0 1 0 0 0 0 0 0 1 1 0 1 0 0
130	2	1 1 0 0 0 1 0 0 0 0 1 0 0 1 0 0
130	3	0 1 0 0 1 0 1 0 0 0 1 1 0 1 0 0
130	8	1 0 0 1 0 1 0 0 0 1 1 0 0 1 0 0
130	4	0 1 0 1 0 0 0 0 0 1 1 0 0 1 0 0
130	6	1 1 0 1 0 0 0 1 1 0 1 0 0 1 0 0
130	2	1 1 0 1 0 1 0 0 1 0 1 0 0 1 0 0
130	5	0 0 0 1 0 0 0 0 1 0 0 1 0 1 0 0
130	4	0 0 0 1 0 1 0 0 1 0 1 0 0 1 0 0
130	10	0 0 0 1 0 0 0 0 0 0 0 0 0 0 0 0
130	2	0 0 0 1 0 0 0 0 1 0 0 0 0 0 0 1
130	5	1 0 0 1 0 0 0 0 1 0 1 0 0 0 0 0
130	6	1 1 0 1 0 0 0 0 1 0 1 1 0 0 0 1
130	1	0 1 0 0 0 0 0 0 0 0 1 0 0 0 0 0
130	1	1 1 0 0 0 1 0 0 1 0 1 1 0 1 0 0
130	3	0 1 0 0 0 0 1 0 1 0 0 1 0 1 0 0
130	4	0 1 1 1 0 0 0 1 1 0 1 0 0 0 0 0
130	5	0 0 0 1 0 0 0 0 0 1 1 0 0 1 1 0
130	1	0 0 0 0 0 0 0 0 1 1 1 0 0 1 0 0
130	1	1 1 0 0 1 1 0 0 1 0 1 0 0 1 0 0
130	3	1 0 0 0 1 0 0 0 1 0 1 0 0 0 0 0
130	2	0 1 0 0 1 0 1 0 1 0 1 0 0 1 0 0
130	1	1 1 0 0 0 1 0 0 1 1 1 0 0 1 0 1
130	6	0 0 0 0 0 1 0 1 1 0 1 0 0 0 0 0
130	3	0 1 0 0 0 0 0 0 0 0 1 0 1 0 0 0
130	1	1 0 0 1 0 0 0 1 1 0 1 0 0 0 0 0
130	2	1 0 0 0 1 1 0 0 0 1 1 0 0 1 0 0
130	2	0 1 0 1 0 0 1 0 1 0 1 0 1 1 0 0
130	3	0 0 0 1 0 0 0 0 1 0 1 0 1 1 0 0
130	7	0 1 1 1 0 0 0 0 1 0 1 0 0 1 0 0
130	3	1 0 0 0 1 0 0 0 0 0 1 0 1 1 0 0
130	1	0 1 0 0 1 0 1 0 1 0 1 1 0 1 0 1
130	3	0 0 0 0 0 0 0 0 0 0 1 0 0 1 0 1
130	5	0 1 0 1 0 0 0 1 1 0 1 1 0 0 0 0
130	1	1 1 0 1 1 0 0 0 1 0 1 0 0 0 0 0
130	1	1 0 0 1 0 0 0 1 1 0 1 0 0 1 0 0
130	4	1 0 0 1 0 0 0 0 1 1 1 0 0 1 0 0
130	1	0 0 0 1 0 0 0 0 1 0 1 1 0 0 0 0
130	3	1 1 0 0 0 1 0 0 1 1 1 1 0 1 0 0
130	3	1 1 0 1 0 0 0 0 0 1 1 0 0 1 0 0
130	3	0 0 0 1 0 0 0 0 1 0 1 1 0 1 0 1
130	2	1 1 0 0 1 0 0 0 0 0 1 1 1 1 0 0
130	1	0 1 0 1 0 0 0 0 0 0 0 1 0 1 0 0
130	1	0 0 0 1 0 1 0 1 1 0 1 0 0 1 0 0
130	1	0 1 0 1 0 0 0 0 1 0 0 0 0 0 0 0
130	1	0 1 0 1 0 0 0 0 1 0 1 0 0 1 1 0
130	1	1 0 0 0 0 1 1 0 0 1 1 0 0 1 0 0
130	2	0 0 0 1 0 0 0 1 1 0 1 1 0 0 0 1
130	4	0 0 1 1 0 0 0 0 1 0 1 1 0 0 0 1
130	1	1 0 0 0 0 1 0 0 1 1 1 0 1 0 1 0
130	3	0 0 0 1 0 0 0 0 1 0 1 0 1 0 1 1
130	1	1 1 0 1 0 1 0 0 0 1 1 0 1 1 1 0
130	2	0 0 0 1 0 0 0 0 1 0 0 1 1 1 0 0
130	2	1 1 0 1 0 0 0 0 1 0 0 1 0 0 0 1
140	24	0 1 0 1 0 0 0 0 1 0 1 0 0 1 0 0
140	29	1 0 0 1 0 0 0 0 1 0 1 0 0 1 0 0
140	16	1 1 0 0 0 1 0 0 1 1 1 0 0 1 0 0
140	1	1 0 0 0 0 1 0 0 0 1 1 0 0 1 0 0
140	11	1 1 0 0 0 1 0 0 1 0 1 0 0 1 0 0
140	4	0 0 0 1 0 0 0 1 1 0 1 0 0 0 0 0
140	5	1 0 0 0 1 0 0 0 0 0 1 1 0 1 0 0
140	3	0 1 0 0 1 0 1 0 1 0 1 1 0 1 0 0
140	47	1 1 0 1 0 0 0 0 1 0 1 0 0 1 0 0
140	41	1 1 0 1 0 1 0 0 0 1 1 0 0 1 0 0
140	16	0 1 0 1 0 1 0 0 1 0 1 0 0 1 0 0
140	15	0 0 0 1 0 0 0 0 1 0 1 1 0 0 0 1
140	12	0 0 0 1 0 1 0 1 1 0 1 0 0 0 0 0
140	1	1 1 0 0 0 1 0 0 1 0 1 0 0 1 1 0
140	40	0 1 0 1 0 0 0 0 1 0 1 1 0 1 0 0
140	4	1 0 0 1 0 0 0 0 1 0 1 0 1 1 0 0
140	41	1 1 0 0 1 0 0 0 0 0 1 1 0 1 0 0
140	30	0 0 0 1 0 0 0 0 1 0 1 0 0 0 0 1
140	6	0 1 0 0 1 0 1 0 1 0 0 1 0 1 0 0
140	64	0 1 0 1 0 0 0 1 1 0 1 0 0 0 0 0
140	49	0 0 0 1 0 0 0 0 1 1 1 1 0 0 0 0
140	5	1 0 0 0 0 0 0 0 1 0 1 0 1 1 0 0
140	17	0 0 0 1 0 1 0 1 1 0 0 0 0 0 0 0
140	16	1 1 0 1 0 1 1 0 0 1 1 0 1 1 0 0
140	5	0 0 0 1 0 0 0 0 0 0 1 0 0 1 1 0
140	8	1 1 0 0 0 0 0 0 0 0 1 0 0 1 0 0
140	1	0 1 0 1 0 0 0 1 1 0 1 1 0 1 0 0
140	32	0 0 0 1 0 0 0 0 1 0 1 0 0 1 0 0
140	24	0 1 0 1 0 0 0 0 0 0 1 1 0 1 0 0
140	3	0 0 0 1 0 0 0 0 0 0 1 0 0 0 0 0
140	15	1 1 0 0 0 1 0 1 1 0 1 0 0 1 0 0
140	18	1 1 0 1 0 1 0 0 0 1 1 0 0 1 1 0
140	21	1 0 0 1 0 0 1 0 1 0 1 0 1 1 0 0
140	13	1 1 0 0 0 1 0 1 1 1 1 0 0 1 0 0
140	2	1 0 0 0 0 1 0 0 1 0 1 0 0 1 0 0
140	27	0 1 0 1 0 0 0 0 1 0 1 1 0 0 0 0
140	10	0 0 0 1 0 0 0 0 0 0 1 1 0 1 0 0
140	1	0 1 0 1 0 0 0 0 0 1 1 0 0 1 0 0
140	20	0 0 0 1 0 1 0 0 1 0 1 0 0 1 0 0
140	4	0 0 0 1 0 0 0 0 0 0 0 0 0 0 0 0
140	3	1 0 0 1 0 0 0 0 1 0 1 0 0 0 0 0
140	4	0 1 0 0 0 0 0 0 0 0 1 0 0 0 0 0
140	5	0 0 0 1 0 0 0 0 0 1 1 0 0 1 1 0
140	2	1 0 0 0 1 0 0 0 1 0 1 0 0 0 0 0
140	13	0 0 0 0 0 1 0 1 1 0 1 0 0 0 0 0
140	1	0 0 0 1 0 0 0 0 1 0 1 0 1 1 0 0
140	6	0 1 0 1 0 0 0 1 1 0 1 1 0 0 0 0
140	4	1 0 0 1 0 0 0 0 1 1 1 0 0 1 0 0
140	3	0 0 0 1 0 0 0 0 1 0 1 1 0 0 0 0
140	2	0 0 0 1 0 0 0 0 1 0 1 1 0 1 0 1
140	1	0 1 0 1 0 0 0 0 1 0 0 0 0 0 0 0
140	3	0 1 0 1 0 0 0 0 1 0 1 0 0 1 1 0
140	2	1 0 0 0 0 1 1 0 0 1 1 0 0 1 0 0
140	1	0 0 0 1 0 0 0 1 1 0 1 1 0 0 0 1
140	2	0 0 0 1 0 0 0 0 1 0 1 0 1 0 1 1
140	7	1 1 0 0 0 1 0 0 0 1 1 0 0 1 0 0
140	13	0 1 0 1 1 0 0 0 1 0 1 0 0 1 0 0
140	8	1 0 0 0 1 0 0 0 0 0 1 0 0 1 0 0
140	4	1 1 0 0 1 0 1 0 1 0 1 1 0 1 0 0
140	2	1 1 0 1 0 1 0 0 0 0 1 0 0 1 1 0
140	1	0 0 0 1 0 0 0 0 1 0 1 1 0 1 0 0
140	4	0 1 0 0 1 0 1 0 1 0 1 1 0 1 1 0
140	28	1 1 0 1 0 1 0 0 0 1 1 0 0 1 0 1
140	4	0 1 0 1 0 0 0 0 1 0 0 1 0 1 0 0
140	7	1 0 0 1 0 0 0 0 0 1 1 0 0 1 1 0
140	4	0 1 0 1 1 0 1 0 1 0 1 1 0 1 0 0
140	3	1 1 0 1 0 0 0 0 1 0 1 0 0 0 0 0
140	5	1 1 0 1 1 0 0 0 1 0 1 0 0 1 0 0
140	10	0 1 0 1 0 1 0 1 1 0 1 0 0 1 0 0
140	10	0 0 1 1 0 0 0 0 1 1 1 1 0 0 0 0
140	4	0 0 0 1 0 0 1 0 1 0 1 0 0 1 0 0
140	14	1 0 0 0 1 0 0 0 1 0 1 0 1 1 0 0
140	22	1 1 0 1 0 0 0 0 1 0 1 1 0 1 0 0
140	1	0 0 0 1 0 0 0 0 1 1 1 0 0 1 0 0
140	12	0 0 0 1 0 0 0 0 1 0 1 0 0 0 0 0
140	4	0 0 0 0 0 1 1 0 0 1 1 0 0 1 0 0
140	2	1 1 0 1 0 1 0 0 0 0 1 0 0 1 0 0
140	1	1 1 0 0 0 1 0 1 1 0 1 0 1 1 0 0
140	6	1 0 1 1 0 0 0 0 1 1 1 0 0 1 0 0
140	2	1 1 0 1 0 1 0 0 0 1 1 0 0 0 0 0
140	6	1 1 0 1 0 0 1 0 1 0 1 0 1 1 0 0
140	1	1 0 0 0 0 1 0 0 1 0 1 1 0 1 0 0
140	2	1 1 0 1 0 1 0 0 0 1 1 1 0 0 0 0
140	6	1 0 0 1 0 1 0 1 1 0 0 0 0 0 0 0
140	4	0 1 0 1 0 0 1 0 1 0 1 0 0 1 0 0
140	3	0 1 0 1 0 0 0 0 1 1 1 1 0 0 0 0
140	4	1 1 0 0 1 0 0 0 0 0 1 0 0 1 0 0
140	7	1 1 0 0 0 1 0 0 0 1 1 1 0 0 0 0
140	2	0 1 0 1 0 0 0 0 0 0 1 1 0 0 0 0
140	1	0 1 0 1 0 0 0 0 0 1 1 0 0 1 1 0
140	3	1 1 0 1 0 1 0 0 0 0 0 0 0 1 0 0
140	1	1 1 0 0 1 0 1 0 0 1 1 0 0 1 0 0
140	1	1 1 0 0 1 0 0 0 0 0 0 1 0 1 0 0
140	3	0 0 0 1 0 0 0 1 1 1 1 1 0 0 0 0
140	2	1 1 0 1 0 0 0 0 1 1 1 0 0 1 0 0
140	2	0 1 0 0 1 0 0 0 0 0 0 1 0 1 0 0
140	1	1 1 0 0 1 0 0 1 1 0 1 0 0 1 0 0
140	3	1 0 0 0 1 0 0 0 1 0 1 1 0 0 0 1
140	1	1 1 0 0 1 0 0 0 0 0 1 1 1 1 0 0
140	2	0 1 0 1 0 0 0 1 1 0 1 0 0 0 0 1
140	1	0 1 0 1 0 0 0 0 1 0 0 0 0 0 0 1
140	1	1 1 0 0 0 1 1 0 0 1 1 1 0 0 0 0
140	2	1 1 0 0 1 0 0 0 1 0 1 0 0 1 0 0
140	3	1 1 0 1 0 0 0 0 1 1 1 1 0 0 0 0
140	1	1 1 0 1 0 1 0 0 1 0 1 0 1 1 0 0
140	1	1 0 0 1 0 1 0 0 1 0 1 0 0 1 0 0
140	1	0 0 0 1 0 0 0 0 1 1 1 0 0 0 0 1
140	1	1 1 0 1 0 1 0 0 1 1 1 0 0 1 1 0
140	1	0 1 0 1 0 1 0 0 1 0 1 1 0 0 0 0
140	1	1 0 0 1 0 0 0 0 1 1 1 0 0 1 0 1
140	1	1 1 0 1 1 0 1 0 1 0 1 0 0 1 0 0
150	38	0 1 0 1 0 0 0 0 1 0 1 0 0 1 0 0
150	17	1 0 0 1 0 0 0 0 1 0 1 0 0 1 0 0
150	21	1 1 0 0 0 1 0 0 1 1 1 0 0 1 0 0
150	4	1 0 0 0 0 1 0 0 0 1 1 0 0 1 0 0
150	16	1 1 0 0 0 1 0 0 1 0 1 0 0 1 0 0
150	26	0 0 0 1 0 0 0 1 1 0 1 0 0 0 0 0
150	86	1 1 0 1 0 0 0 0 1 0 1 0 0 1 0 0
150	31	1 1 0 1 0 1 0 0 0 1 1 0 0 1 0 0
150	7	0 0 0 1 0 0 0 0 1 0 1 1 0 0 0 1
150	11	0 1 0 1 0 0 0 0 1 0 1 1 0 1 0 0
150	20	1 1 0 0 1 0 0 0 0 0 1 1 0 1 0 0
150	19	0 0 0 1 0 0 0 0 1 0 1 0 0 0 0 1
150	102	0 1 0 1 0 0 0 1 1 0 1 0 0 0 0 0
150	37	0 0 0 1 0 0 0 0 1 1 1 1 0 0 0 0
150	7	1 0 0 0 0 0 0 0 1 0 1 0 1 1 0 0
150	10	0 0 0 1 0 1 0 1 1 0 0 0 0 0 0 0
150	10	1 1 0 1 0 1 1 0 0 1 1 0 1 1 0 0
150	6	1 1 0 0 0 0 0 0 0 0 1 0 0 1 0 0
150	17	0 0 0 1 0 0 0 0 1 0 1 0 0 1 0 0
150	3	0 1 0 1 0 0 0 0 0 0 1 1 0 1 0 0
150	12	1 1 0 0 0 1 0 1 1 0 1 0 0 1 0 0
150	9	1 1 0 1 0 1 0 0 0 1 1 0 0 1 1 0
150	13	1 1 0 0 0 1 0 1 1 1 1 0 0 1 0 0
150	35	0 1 0 1 0 0 0 0 1 0 1 1 0 0 0 0
150	3	0 0 0 1 0 0 0 0 0 0 1 1 0 1 0 0
150	23	0 0 0 1 0 1 0 0 1 0 1 0 0 1 0 0
150	3	0 0 0 1 0 0 0 0 0 0 0 0 0 0 0 0
150	26	0 1 0 0 0 0 0 0 0 0 1 0 0 0 0 0
150	5	0 0 0 1 0 0 0 0 0 1 1 0 0 1 1 0
150	3	0 0 0 1 0 0 0 0 1 0 1 0 1 1 0 0
150	13	0 1 0 1 0 0 0 1 1 0 1 1 0 0 0 0
150	2	0 0 0 1 0 0 0 0 1 0 1 1 0 1 0 1
150	4	0 0 0 1 0 0 0 0 1 0 1 0 1 0 1 1
150	4	1 1 0 0 0 1 0 0 0 1 1 0 0 1 0 0
150	23	0 1 0 1 1 0 0 0 1 0 1 0 0 1 0 0
150	4	1 1 0 0 1 0 1 0 1 0 1 1 0 1 0 0
150	5	1 1 0 1 0 1 0 0 0 0 1 0 0 1 1 0
150	5	0 0 0 1 0 0 0 0 1 0 1 1 0 1 0 0
150	38	1 1 0 1 0 1 0 0 0 1 1 0 0 1 0 1
150	6	0 1 0 1 0 0 0 0 1 0 0 1 0 1 0 0
150	5	1 0 0 1 0 0 0 0 0 1 1 0 0 1 1 0
150	6	0 1 0 1 1 0 1 0 1 0 1 1 0 1 0 0
150	1	1 1 0 1 1 0 0 0 1 0 1 0 0 1 0 0
150	2	0 1 0 1 0 1 0 1 1 0 1 0 0 1 0 0
150	5	0 0 1 1 0 0 0 0 1 1 1 1 0 0 0 0
150	16	1 0 0 0 1 0 0 0 1 0 1 0 1 1 0 0
150	16	1 1 0 1 0 0 0 0 1 0 1 1 0 1 0 0
150	2	1 1 0 1 0 0 1 0 1 0 1 0 1 1 0 0
150	1	1 0 0 0 0 1 0 0 1 0 1 1 0 1 0 0
150	13	1 1 0 0 0 1 0 0 0 1 1 1 0 0 0 0
150	4	0 1 0 1 0 0 0 0 0 0 1 1 0 0 0 0
150	11	1 1 0 1 0 1 0 0 0 0 0 0 0 1 0 0
150	6	0 0 0 1 0 0 0 1 1 1 1 1 0 0 0 0
150	6	1 1 0 0 0 1 1 0 0 1 1 1 0 0 0 0
150	1	1 0 0 1 0 0 0 0 1 1 1 0 0 1 0 1
150	2	1 1 0 1 0 0 0 0 0 0 1 1 0 0 0 0
150	3	0 1 0 0 0 0 1 0 1 0 1 1 0 1 0 0
150	17	1 0 0 0 1 0 0 0 1 0 1 1 0 0 0 0
150	16	1 1 0 1 0 0 1 0 1 0 1 0 0 0 0 0
150	5	0 0 0 1 0 0 0 0 1 1 1 0 0 0 0 0
150	9	0 0 0 1 0 1 0 1 1 0 1 0 0 1 0 0
150	2	0 0 0 1 0 1 0 1 1 1 1 0 0 1 0 0
150	7	0 1 0 1 0 0 0 0 1 0 1 0 0 0 0 0
150	2	0 1 0 1 0 0 0 0 1 0 0 0 0 0 0 0
150	1	0 1 0 1 0 0 0 1 1 0 1 0 0 1 0 0
150	1	1 1 0 1 0 1 1 0 0 1 1 0 1 1 1 0
150	3	1 1 0 0 0 0 0 0 1 0 1 1 0 0 0 0
150	5	1 1 1 0 0 1 0 0 1 1 1 0 0 1 0 0
150	11	0 1 0 1 1 1 0 0 1 0 1 0 0 1 0 0
150	4	0 0 0 1 0 1 0 0 1 0 1 0 0 0 0 1
150	2	0 0 0 1 0 0 0 0 1 1 0 1 0 0 0 0
150	2	0 1 0 1 0 0 0 0 1 0 0 1 0 0 0 0
150	3	1 1 0 0 0 1 0 0 1 0 1 0 0 1 0 1
150	3	1 1 0 1 0 0 0 1 1 0 1 0 0 0 0 0
150	5	1 1 0 1 0 1 0 1 0 1 1 0 0 1 1 0
150	6	1 0 0 1 0 0 0 0 0 1 1 0 0 1 0 0
150	5	0 0 0 1 0 0 0 1 1 0 1 0 0 0 0 1
150	1	1 1 0 1 0 1 0 0 1 0 1 0 0 1 0 0
150	2	1 1 0 0 0 1 0 0 1 1 1 0 0 0 0 0
150	1	1 1 0 1 0 0 0 0 0 0 1 0 0 1 0 0
150	2	1 1 0 1 0 0 0 1 1 0 1 0 0 1 0 0
150	3	0 0 1 1 0 1 0 1 1 0 0 0 0 0 0 0
150	1	1 1 0 1 0 1 1 0 0 1 1 0 1 0 0 0
150	2	0 0 0 1 0 1 0 0 1 1 1 0 0 1 0 0
150	3	0 0 1 1 0 0 0 0 0 1 1 1 0 0 0 0
150	3	0 1 0 1 0 0 0 0 1 1 1 0 0 1 0 0
150	10	0 1 0 1 0 0 0 1 1 1 1 1 0 0 0 0
150	2	0 1 0 1 0 1 0 0 1 0 1 1 0 1 0 0
150	5	0 0 1 1 0 0 0 0 1 0 1 0 0 0 0 1
150	2	0 0 0 1 0 0 0 0 1 0 1 0 0 1 1 0
150	3	0 0 0 1 0 1 0 0 1 0 1 0 0 1 1 0
150	1	1 0 1 0 1 0 0 0 1 0 1 0 1 1 0 0
150	1	0 1 0 1 0 0 1 0 0 1 1 1 0 0 0 0
150	2	1 1 0 1 0 1 0 0 0 0 0 0 0 0 0 0
150	1	1 1 0 1 0 0 0 0 1 0 1 0 0 1 0 1
150	2	0 1 0 1 1 0 0 1 1 0 1 0 0 0 0 0
150	1	0 1 0 1 0 0 0 1 1 0 0 0 0 0 0 0
150	4	1 0 0 1 0 0 0 0 1 0 1 0 1 0 1 1
150	1	0 1 0 0 0 0 1 0 1 0 1 1 0 1 0 1
150	1	1 1 0 0 0 1 0 1 1 0 1 0 0 0 0 0
150	3	0 0 1 1 0 1 0 1 1 0 1 0 0 0 0 0
150	1	0 0 1 1 0 0 0 0 1 1 0 1 0 0 0 0
150	2	0 1 0 1 0 0 1 0 1 0 1 1 0 1 0 0
150	1	0 0 0 1 0 0 1 0 1 0 1 0 0 0 0 1
150	1	1 1 0 0 0 0 1 0 1 0 1 1 0 1 0 0
150	1	1 1 0 0 0 1 0 0 0 1 1 1 0 0 1 0
150	2	1 0 0 0 1 0 0 0 1 0 1 0 0 0 0 0
150	1	1 0 1 0 1 0 0 0 1 0 1 1 0 0 0 0
150	1	1 0 0 1 0 1 0 0 1 1 1 1 0 1 0 1
160	51	0 1 0 1 0 0 0 0 1 0 1 0 0 1 0 0
160	20	1 0 0 1 0 0 0 0 1 0 1 0 0 1 0 0
160	27	1 1 0 0 0 1 0 0 1 1 1 0 0 1 0 0
160	12	1 1 0 0 0 1 0 0 1 0 1 0 0 1 0 0
160	18	0 0 0 1 0 0 0 1 1 0 1 0 0 0 0 0
160	36	1 1 0 1 0 0 0 0 1 0 1 0 0 1 0 0
160	12	1 1 0 1 0 1 0 0 0 1 1 0 0 1 0 0
160	4	0 0 0 1 0 0 0 0 1 0 1 1 0 0 0 1
160	15	0 1 0 1 0 0 0 0 1 0 1 1 0 1 0 0
160	4	1 1 0 0 1 0 0 0 0 0 1 1 0 1 0 0
160	8	0 0 0 1 0 0 0 0 1 0 1 0 0 0 0 1
160	101	0 1 0 1 0 0 0 1 1 0 1 0 0 0 0 0
160	13	0 0 0 1 0 0 0 0 1 1 1 1 0 0 0 0
160	4	1 0 0 0 0 0 0 0 1 0 1 0 1 1 0 0
160	16	0 0 0 1 0 1 0 1 1 0 0 0 0 0 0 0
160	12	1 1 0 1 0 1 1 0 0 1 1 0 1 1 0 0
160	13	1 1 0 0 0 0 0 0 0 0 1 0 0 1 0 0
160	8	0 0 0 1 0 0 0 0 1 0 1 0 0 1 0 0
160	21	1 1 0 0 0 1 0 1 1 0 1 0 0 1 0 0
160	6	1 1 0 1 0 1 0 0 0 1 1 0 0 1 1 0
160	8	1 1 0 0 0 1 0 1 1 1 1 0 0 1 0 0
160	23	0 1 0 1 0 0 0 0 1 0 1 1 0 0 0 0
160	24	0 0 0 1 0 1 0 0 1 0 1 0 0 1 0 0
160	7	0 1 0 0 0 0 0 0 0 0 1 0 0 0 0 0
160	6	0 0 0 1 0 0 0 0 0 1 1 0 0 1 1 0
160	1	0 0 0 1 0 0 0 0 1 0 1 0 1 1 0 0
160	5	0 1 0 1 0 0 0 1 1 0 1 1 0 0 0 0
160	22	0 1 0 1 1 0 0 0 1 0 1 0 0 1 0 0
160	2	1 1 0 0 1 0 1 0 1 0 1 1 0 1 0 0
160	3	1 1 0 1 0 1 0 0 0 0 1 0 0 1 1 0
160	1	0 0 0 1 0 0 0 0 1 0 1 1 0 1 0 0
160	36	1 1 0 1 0 1 0 0 0 1 1 0 0 1 0 1
160	12	0 1 0 1 0 0 0 0 1 0 0 1 0 1 0 0
160	4	0 0 1 1 0 0 0 0 1 1 1 1 0 0 0 0
160	9	1 0 0 0 1 0 0 0 1 0 1 0 1 1 0 0
160	25	1 1 0 1 0 0 0 0 1 0 1 1 0 1 0 0
160	6	1 1 0 1 0 0 1 0 1 0 1 0 1 1 0 0
160	32	1 1 0 0 0 1 0 0 0 1 1 1 0 0 0 0
160	5	1 1 0 1 0 1 0 0 0 0 0 0 0 1 0 0
160	11	0 0 0 1 0 0 0 1 1 1 1 1 0 0 0 0
160	11	1 1 0 0 0 1 1 0 0 1 1 1 0 0 0 0
160	7	1 0 0 0 1 0 0 0 1 0 1 1 0 0 0 0
160	8	1 1 0 1 0 0 1 0 1 0 1 0 0 0 0 0
160	6	0 1 0 1 0 0 0 0 1 0 1 0 0 0 0 0
160	1	0 1 0 1 0 0 0 1 1 0 1 0 0 1 0 0
160	4	1 1 0 0 0 0 0 0 1 0 1 1 0 0 0 0
160	8	1 1 1 0 0 1 0 0 1 1 1 0 0 1 0 0
160	24	0 1 0 1 1 1 0 0 1 0 1 0 0 1 0 0
160	2	0 0 0 1 0 1 0 0 1 0 1 0 0 0 0 1
160	3	1 1 0 0 0 1 0 0 1 0 1 0 0 1 0 1
160	7	1 1 0 1 0 1 0 1 0 1 1 0 0 1 1 0
160	8	1 0 0 1 0 0 0 0 0 1 1 0 0 1 0 0
160	8	0 0 0 1 0 0 0 1 1 0 1 0 0 0 0 1
160	2	0 1 0 1 0 0 0 0 1 1 1 0 0 1 0 0
160	9	0 1 0 1 0 0 0 1 1 1 1 1 0 0 0 0
160	4	0 1 0 1 0 1 0 0 1 0 1 1 0 1 0 0
160	22	0 0 1 1 0 0 0 0 1 0 1 0 0 0 0 1
160	8	0 1 0 1 0 0 1 0 0 1 1 1 0 0 0 0
160	1	1 0 0 1 0 0 0 0 1 0 1 0 1 0 1 1
160	1	0 0 1 1 0 1 0 1 1 0 1 0 0 0 0 0
160	8	0 0 0 1 0 0 1 0 1 0 1 0 0 0 0 1
160	22	1 1 0 1 0 0 0 0 1 0 1 0 1 1 0 0
160	1	1 1 0 1 0 0 0 0 1 0 0 0 0 1 0 0
160	1	0 1 1 0 0 0 1 0 1 0 1 1 0 1 0 0
160	22	0 1 0 1 1 0 0 0 0 1 1 1 0 0 0 0
160	2	1 1 1 1 0 1 0 0 0 0 0 0 0 1 0 0
160	10	0 0 1 1 0 0 0 1 1 1 1 1 0 0 0 0
160	3	1 0 0 1 0 0 0 1 1 0 1 0 0 0 0 0
160	4	0 0 0 1 0 1 0 1 1 0 1 0 0 0 0 0
160	5	1 1 0 1 0 0 1 1 1 0 1 0 0 0 0 0
160	1	0 1 0 1 0 0 0 1 1 1 1 0 0 0 0 0
160	11	1 1 0 0 0 1 0 1 1 0 1 0 0 0 1 0
160	3	1 1 0 1 0 0 0 0 1 0 1 0 0 0 0 0
160	4	1 0 0 0 1 0 0 0 1 0 1 0 1 0 0 0
160	1	1 1 1 0 0 1 0 0 1 1 1 0 0 0 0 0
160	3	1 1 0 0 0 1 0 0 1 0 1 0 0 0 0 0
160	1	0 0 0 1 0 1 0 1 1 0 0 0 0 0 0 1
160	2	0 1 0 1 1 0 0 0 1 0 1 0 0 0 0 1
160	3	1 0 0 0 0 1 0 0 1 1 1 0 0 1 0 0
160	14	0 0 1 1 0 0 0 0 1 0 0 1 0 1 0 0
160	4	1 0 0 1 0 0 0 0 1 0 1 0 0 1 0 1
160	1	0 0 0 1 0 1 0 0 1 0 1 0 0 1 1 0
160	2	1 1 0 1 0 1 1 0 0 1 1 0 0 1 0 1
160	10	1 1 0 0 0 1 0 0 1 1 1 1 0 0 0 0
160	5	0 1 0 1 1 1 0 0 0 0 0 0 0 1 0 0
160	5	0 0 0 1 0 0 0 1 1 0 1 1 0 0 0 0
160	2	1 0 0 0 1 0 0 0 1 0 1 1 0 1 0 0
160	9	1 1 0 0 0 0 1 0 1 0 1 0 0 0 0 0
160	3	0 0 0 1 0 0 0 1 1 0 1 0 0 1 0 0
160	5	0 1 0 1 0 1 0 0 1 1 1 0 0 1 0 0
160	4	0 1 0 0 0 1 0 0 1 0 1 0 0 1 0 0
160	8	0 0 0 1 0 1 0 0 1 0 1 0 0 0 0 0
160	1	1 0 0 0 1 0 0 0 1 1 1 0 0 1 0 0
160	2	1 0 0 1 0 0 0 0 1 0 0 1 0 1 0 0
160	4	1 1 0 0 0 1 0 0 0 1 1 0 0 1 0 0
160	1	1 1 0 0 0 0 0 0 0 0 1 1 0 1 0 0
160	1	1 0 0 1 1 0 0 0 0 1 1 0 0 1 0 0
160	1	1 1 0 1 0 0 0 1 1 0 0 0 0 0 0 0
160	1	0 0 0 1 0 0 0 0 1 0 1 0 0 0 0 0
160	1	1 1 0 1 0 0 0 0 1 0 1 1 0 0 0 0
160	1	0 1 0 1 0 0 1 0 1 1 1 1 0 0 0 0
160	1	1 0 0 1 0 1 0 1 1 0 0 0 0 0 0 0
160	1	0 1 0 1 0 0 0 1 1 1 1 0 0 1 0 0
160	2	1 0 0 0 0 0 0 0 1 1 1 0 0 1 0 1
160	1	1 1 0 1 0 1 1 0 0 1 1 0 0 1 0 0
160	2	1 1 0 0 0 1 0 0 0 1 1 0 0 1 1 0
160	1	1 0 0 1 0 0 0 0 0 1 1 0 0 0 0 0
160	2	0 1 0 0 1 0 0 0 1 0 1 0 0 1 0 0
160	1	0 0 1 1 0 0 0 0 1 1 1 0 0 0 0 0
160	1	0 0 0 1 0 1 0 0 1 0 1 0 0 0 1 1
160	3	0 0 0 1 0 0 1 0 1 0 1 0 1 0 0 1
160	2	1 0 0 1 0 0 0 0 1 0 1 0 1 1 0 0
160	1	0 1 0 1 1 0 0 0 1 1 1 1 0 0 0 0
160	2	1 0 1 1 0 1 0 0 0 0 0 0 0 1 0 0
160	1	1 1 1 0 0 1 0 0 1 1 1 1 0 0 0 0
170	44	0 1 0 1 0 0 0 0 1 0 1 0 0 1 0 0
170	7	1 0 0 1 0 0 0 0 1 0 1 0 0 1 0 0
170	7	1 1 0 0 0 1 0 0 1 1 1 0 0 1 0 0
170	6	1 1 0 0 0 1 0 0 1 0 1 0 0 1 0 0
170	34	0 0 0 1 0 0 0 1 1 0 1 0 0 0 0 0
170	35	1 1 0 1 0 0 0 0 1 0 1 0 0 1 0 0
170	7	1 1 0 1 0 1 0 0 0 1 1 0 0 1 0 0
170	2	0 0 0 1 0 0 0 0 1 0 1 1 0 0 0 1
170	9	0 1 0 1 0 0 0 0 1 0 1 1 0 1 0 0
170	1	0 0 0 1 0 0 0 0 1 0 1 0 0 0 0 1
170	84	0 1 0 1 0 0 0 1 1 0 1 0 0 0 0 0
170	3	0 0 0 1 0 0 0 0 1 1 1 1 0 0 0 0
170	1	0 0 0 1 0 1 0 1 1 0 0 0 0 0 0 0
170	10	1 1 0 1 0 1 1 0 0 1 1 0 1 1 0 0
170	26	1 1 0 0 0 0 0 0 0 0 1 0 0 1 0 0
170	13	0 0 0 1 0 0 0 0 1 0 1 0 0 1 0 0
170	21	1 1 0 0 0 1 0 1 1 0 1 0 0 1 0 0
170	5	1 1 0 0 0 1 0 1 1 1 1 0 0 1 0 0
170	32	0 1 0 1 0 0 0 0 1 0 1 1 0 0 0 0
170	2	0 0 0 1 0 1 0 0 1 0 1 0 0 1 0 0
170	3	0 1 0 0 0 0 0 0 0 0 1 0 0 0 0 0
170	12	0 0 0 1 0 0 0 0 0 1 1 0 0 1 1 0
170	7	0 1 0 1 0 0 0 1 1 0 1 1 0 0 0 0
170	4	0 1 0 1 1 0 0 0 1 0 1 0 0 1 0 0
170	5	0 0 0 1 0 0 0 0 1 0 1 1 0 1 0 0
170	1	1 1 0 1 0 1 0 0 0 1 1 0 0 1 0 1
170	3	1 0 0 0 1 0 0 0 1 0 1 0 1 1 0 0
170	31	1 1 0 1 0 0 0 0 1 0 1 1 0 1 0 0
170	13	1 1 0 1 0 0 1 0 1 0 1 0 1 1 0 0
170	26	1 1 0 0 0 1 0 0 0 1 1 1 0 0 0 0
170	13	0 0 0 1 0 0 0 1 1 1 1 1 0 0 0 0
170	9	1 1 0 0 0 1 1 0 0 1 1 1 0 0 0 0
170	10	1 1 0 1 0 0 1 0 1 0 1 0 0 0 0 0
170	11	0 1 0 1 0 0 0 0 1 0 1 0 0 0 0 0
170	2	1 1 0 0 0 0 0 0 1 0 1 1 0 0 0 0
170	9	1 1 1 0 0 1 0 0 1 1 1 0 0 1 0 0
170	39	0 1 0 1 1 1 0 0 1 0 1 0 0 1 0 0
170	5	1 1 0 1 0 1 0 1 0 1 1 0 0 1 1 0
170	3	1 0 0 1 0 0 0 0 0 1 1 0 0 1 0 0
170	32	0 1 0 1 0 0 0 1 1 1 1 1 0 0 0 0
170	5	0 1 0 1 0 1 0 0 1 0 1 1 0 1 0 0
170	15	0 0 1 1 0 0 0 0 1 0 1 0 0 0 0 1
170	3	0 0 1 1 0 1 0 1 1 0 1 0 0 0 0 0
170	54	1 1 0 1 0 0 0 0 1 0 1 0 1 1 0 0
170	5	0 1 0 1 1 0 0 0 0 1 1 1 0 0 0 0
170	2	0 0 1 1 0 0 0 1 1 1 1 1 0 0 0 0
170	6	1 0 0 1 0 0 0 1 1 0 1 0 0 0 0 0
170	11	0 0 0 1 0 1 0 1 1 0 1 0 0 0 0 0
170	8	1 1 0 0 0 1 0 1 1 0 1 0 0 0 1 0
170	4	1 1 0 1 0 0 0 0 1 0 1 0 0 0 0 0
170	8	1 0 0 0 0 1 0 0 1 1 1 0 0 1 0 0
170	6	0 0 1 1 0 0 0 0 1 0 0 1 0 1 0 0
170	10	1 0 0 1 0 0 0 0 1 0 1 0 0 1 0 1
170	11	1 1 0 0 0 1 0 0 1 1 1 1 0 0 0 0
170	1	0 0 0 1 0 0 0 1 1 0 1 1 0 0 0 0
170	11	1 0 0 0 1 0 0 0 1 0 1 1 0 1 0 0
170	4	0 1 0 1 0 1 0 0 1 1 1 0 0 1 0 0
170	8	1 1 0 0 0 1 0 0 0 1 1 0 0 1 0 0
170	6	1 1 0 0 0 0 0 0 0 0 1 1 0 1 0 0
170	1	1 0 0 1 0 0 0 0 0 1 1 0 0 0 0 0
170	16	0 0 1 1 0 0 0 0 1 1 1 0 0 0 0 0
170	7	1 1 0 1 1 0 0 0 0 1 1 1 0 0 0 0
170	2	1 0 0 0 1 0 0 1 1 0 1 0 0 0 0 0
170	1	1 1 0 1 0 0 0 0 1 0 1 0 1 1 0 1
170	1	1 1 0 0 1 1 0 0 1 1 1 0 0 1 0 0
170	4	0 1 0 1 0 0 0 1 0 0 1 0 0 0 0 0
170	10	0 1 0 1 0 1 0 1 1 0 1 0 0 0 0 0
170	2	0 1 0 1 1 1 0 1 1 0 1 0 0 1 0 0
170	1	0 0 0 1 1 1 0 0 0 0 0 0 0 1 0 0
170	11	0 0 0 1 0 0 1 0 1 0 1 0 0 1 0 0
170	21	1 1 0 0 0 1 0 1 0 1 1 0 0 1 1 0
170	2	0 1 1 1 0 0 0 0 1 0 1 0 0 0 0 1
170	3	0 1 0 1 0 0 0 0 1 0 0 0 0 0 0 0
170	3	0 1 0 1 0 0 0 1 1 0 1 0 0 1 0 0
170	14	0 1 0 1 1 0 0 1 1 0 1 0 0 0 0 0
170	1	1 1 1 0 0 0 0 0 1 0 1 1 0 1 0 0
170	3	0 0 1 1 0 0 0 0 1 0 1 1 0 1 0 0
170	7	0 1 0 1 0 0 0 0 1 0 1 0 0 1 1 0
170	7	0 1 0 1 0 0 0 1 1 0 1 0 0 0 1 0
170	5	1 1 0 0 0 1 0 1 1 1 1 0 0 1 1 0
170	7	1 1 0 1 0 1 0 0 0 1 1 0 0 0 0 1
170	2	1 1 0 1 0 0 0 0 1 0 0 0 0 0 0 0
170	2	1 1 0 0 0 1 0 1 1 0 1 1 0 0 0 0
170	4	1 1 0 1 0 0 0 1 1 0 1 0 0 0 0 0
170	7	1 1 0 0 0 1 0 1 1 0 1 0 0 1 1 0
170	3	1 0 0 1 0 0 0 0 1 1 1 1 0 0 0 0
170	4	0 0 0 1 0 0 0 1 1 1 1 1 0 1 0 0
170	1	1 0 0 1 0 0 0 0 0 1 1 0 0 0 1 0
170	1	0 0 1 1 0 0 0 1 1 0 1 0 0 0 0 0
170	7	1 0 0 1 0 0 0 0 1 0 1 1 0 1 0 0
170	4	1 1 0 1 0 0 0 0 1 0 1 1 0 0 0 0
170	4	1 1 0 0 0 1 0 0 1 0 1 0 0 0 0 1
170	2	1 1 0 1 1 0 0 0 1 0 1 1 0 1 0 0
170	2	1 1 0 1 0 0 0 0 1 0 1 1 0 1 0 1
170	1	0 1 0 1 0 1 0 0 1 0 1 0 0 1 0 0
170	3	0 1 0 1 0 0 1 0 1 0 1 0 1 1 0 0
170	2	1 0 0 1 0 1 0 1 1 0 1 0 0 1 0 0
170	2	1 1 0 1 0 0 0 1 1 1 1 1 0 0 0 0
170	4	1 1 0 0 1 0 0 0 0 0 1 0 0 1 0 0
170	3	1 1 0 0 0 1 0 1 1 0 1 0 1 1 0 0
170	1	1 1 0 0 0 1 0 1 1 0 1 0 0 0 0 0
170	3	0 1 0 1 0 0 0 1 0 0 1 1 0 0 0 0
170	1	0 0 1 1 0 0 0 0 1 0 0 1 0 0 0 0
170	1	0 0 1 1 0 0 0 0 1 0 0 1 0 1 0 1
170	3	0 0 0 1 1 1 0 0 0 0 0 0 0 0 0 0
170	5	1 1 0 0 0 0 0 0 0 1 1 0 0 1 1 0
170	3	0 1 0 1 0 0 0 0 1 0 1 0 0 0 0 1
170	1	1 1 0 1 0 0 1 0 1 0 1 1 0 1 0 0
170	1	1 0 0 0 0 1 0 0 1 0 1 0 0 0 0 0
170	3	1 1 0 1 1 0 0 1 1 0 1 0 0 0 0 0
170	3	0 1 0 1 0 0 1 1 1 0 1 0 0 0 0 0
170	1	0 0 0 1 0 0 0 0 1 0 1 1 0 0 0 0
170	1	1 1 1 0 0 1 0 0 1 1 1 0 0 1 1 0
170	5	0 1 0 1 1 1 0 0 1 0 0 0 0 1 0 0
170	2	1 0 0 1 0 1 0 0 0 1 1 0 0 1 0 0
170	2	0 1 0 1 0 1 0 1 1 0 0 0 0 0 0 0
170	1	0 0 0 1 0 1 0 0 1 0 1 1 0 1 0 0
170	3	0 0 0 1 0 0 0 1 1 0 1 0 0 0 1 0
170	1	0 0 1 1 0 0 0 1 1 0 1 0 0 0 1 0
170	2	1 1 0 1 0 0 0 0 1 0 0 1 0 1 0 0
170	2	1 1 0 1 0 1 0 0 1 0 1 0 0 0 0 0
170	2	0 1 1 1 0 0 0 0 1 1 1 0 0 0 0 0
170	1	1 0 0 0 0 1 0 1 0 1 1 0 0 1 1 0
180	48	0 1 0 1 0 0 0 0 1 0 1 0 0 1 0 0
180	24	1 1 0 0 0 1 0 0 1 1 1 0 0 1 0 0
180	6	1 1 0 0 0 1 0 0 1 0 1 0 0 1 0 0
180	43	0 0 0 1 0 0 0 1 1 0 1 0 0 0 0 0
180	9	1 1 0 1 0 0 0 0 1 0 1 0 0 1 0 0
180	7	1 1 0 1 0 1 0 0 0 1 1 0 0 1 0 0
180	1	0 0 0 1 0 0 0 0 1 0 1 1 0 0 0 1
180	8	0 1 0 1 0 0 0 0 1 0 1 1 0 1 0 0
180	46	0 1 0 1 0 0 0 1 1 0 1 0 0 0 0 0
180	5	0 0 0 1 0 0 0 0 1 1 1 1 0 0 0 0
180	1	0 0 0 1 0 1 0 1 1 0 0 0 0 0 0 0
180	18	1 1 0 0 0 0 0 0 0 0 1 0 0 1 0 0
180	34	1 1 0 0 0 1 0 1 1 0 1 0 0 1 0 0
180	16	1 1 0 0 0 1 0 1 1 1 1 0 0 1 0 0
180	26	0 1 0 1 0 0 0 0 1 0 1 1 0 0 0 0
180	4	0 0 0 1 0 1 0 0 1 0 1 0 0 1 0 0
180	2	0 0 0 1 0 0 0 0 0 1 1 0 0 1 1 0
180	3	0 1 0 1 1 0 0 0 1 0 1 0 0 1 0 0
180	1	0 0 0 1 0 0 0 0 1 0 1 1 0 1 0 0
180	33	1 1 0 1 0 0 0 0 1 0 1 1 0 1 0 0
180	8	1 1 0 1 0 0 1 0 1 0 1 0 1 1 0 0
180	42	1 1 0 0 0 1 0 0 0 1 1 1 0 0 0 0
180	3	0 0 0 1 0 0 0 1 1 1 1 1 0 0 0 0
180	9	1 1 0 0 0 1 1 0 0 1 1 1 0 0 0 0
180	34	1 1 0 1 0 0 1 0 1 0 1 0 0 0 0 0
180	8	0 1 0 1 0 0 0 0 1 0 1 0 0 0 0 0
180	7	1 1 1 0 0 1 0 0 1 1 1 0 0 1 0 0
180	19	0 1 0 1 1 1 0 0 1 0 1 0 0 1 0 0
180	15	0 1 0 1 0 0 0 1 1 1 1 1 0 0 0 0
180	1	0 1 0 1 0 1 0 0 1 0 1 1 0 1 0 0
180	15	0 0 1 1 0 0 0 0 1 0 1 0 0 0 0 1
180	2	0 0 1 1 0 1 0 1 1 0 1 0 0 0 0 0
180	35	1 1 0 1 0 0 0 0 1 0 1 0 1 1 0 0
180	4	0 1 0 1 1 0 0 0 0 1 1 1 0 0 0 0
180	8	1 0 0 1 0 0 0 1 1 0 1 0 0 0 0 0
180	11	1 1 0 0 0 1 0 1 1 0 1 0 0 0 1 0
180	3	1 1 0 1 0 0 0 0 1 0 1 0 0 0 0 0
180	15	1 0 0 0 0 1 0 0 1 1 1 0 0 1 0 0
180	3	0 0 1 1 0 0 0 0 1 0 0 1 0 1 0 0
180	11	1 1 0 0 0 1 0 0 1 1 1 1 0 0 0 0
180	5	1 0 0 0 1 0 0 0 1 0 1 1 0 1 0 0
180	6	1 1 0 0 0 1 0 0 0 1 1 0 0 1 0 0
180	14	1 1 0 0 0 0 0 0 0 0 1 1 0 1 0 0
180	22	0 0 1 1 0 0 0 0 1 1 1 0 0 0 0 0
180	8	1 1 0 1 1 0 0 0 0 1 1 1 0 0 0 0
180	2	1 1 0 1 0 0 0 0 1 0 1 0 1 1 0 1
180	9	0 1 0 1 0 1 0 1 1 0 1 0 0 0 0 0
180	13	0 1 0 1 1 1 0 1 1 0 1 0 0 1 0 0
180	24	0 0 0 1 0 0 1 0 1 0 1 0 0 1 0 0
180	8	1 1 0 0 0 1 0 1 0 1 1 0 0 1 1 0
180	22	0 1 1 1 0 0 0 0 1 0 1 0 0 0 0 1
180	4	0 1 0 1 0 0 0 0 1 0 0 0 0 0 0 0
180	29	0 1 0 1 1 0 0 1 1 0 1 0 0 0 0 0
180	28	0 0 1 1 0 0 0 0 1 0 1 1 0 1 0 0
180	2	1 1 0 1 0 1 0 0 0 1 1 0 0 0 0 1
180	4	1 1 0 1 0 0 0 0 1 0 0 0 0 0 0 0
180	8	1 1 0 0 0 1 0 1 1 0 1 0 0 1 1 0
180	22	1 1 0 1 0 0 0 0 1 0 1 1 0 0 0 0
180	6	1 1 0 1 0 0 0 0 1 0 1 1 0 1 0 1
180	14	1 1 0 1 0 0 0 1 1 1 1 1 0 0 0 0
180	5	0 1 0 1 0 0 0 1 0 0 1 1 0 0 0 0
180	8	0 0 1 1 0 0 0 0 1 0 0 1 0 0 0 0
180	9	0 0 1 1 0 0 0 0 1 0 0 1 0 1 0 1
180	5	1 1 0 0 0 0 0 0 0 1 1 0 0 1 1 0
180	2	0 1 0 1 0 0 1 1 1 0 1 0 0 0 0 0
180	1	0 0 0 1 0 1 0 0 1 0 1 1 0 1 0 0
180	9	0 0 0 1 0 0 0 1 1 0 1 0 0 0 1 0
180	5	1 1 0 1 0 0 1 0 1 0 1 1 0 0 0 0
180	6	1 1 0 1 0 0 0 0 1 0 1 0 0 1 1 0
180	4	1 0 0 0 0 1 0 1 1 0 1 0 0 0 0 0
180	1	0 1 0 1 1 1 0 0 1 0 1 1 0 0 0 0
180	6	0 1 0 1 1 0 0 1 1 1 1 1 0 0 0 0
180	4	0 0 1 1 0 0 0 0 1 0 1 1 1 1 0 0
180	7	1 0 0 0 1 0 0 1 0 0 1 1 0 0 0 0
180	2	1 1 0 0 0 1 0 0 0 0 1 0 0 1 0 0
180	2	1 0 0 0 0 1 0 1 0 1 1 0 0 1 1 0
180	1	0 0 0 1 0 0 0 1 1 0 1 0 1 0 0 0
180	1	1 0 0 1 0 0 0 0 0 1 1 0 0 1 1 0
180	4	0 1 0 1 0 0 0 0 1 0 0 0 1 0 1 0
180	2	1 1 0 0 0 0 0 1 0 0 1 0 0 1 0 0
180	3	0 1 0 1 1 0 0 0 1 0 1 1 0 0 0 0
180	2	1 0 0 1 0 0 0 0 1 0 1 0 1 1 0 0
180	1	1 1 0 1 0 0 0 0 1 1 1 0 1 1 0 0
180	2	1 0 1 1 0 0 0 1 1 1 1 1 0 0 0 0
180	7	1 1 0 1 0 0 0 0 1 0 1 0 1 1 1 0
180	6	0 1 0 0 0 1 0 0 1 1 1 1 0 0 0 0
180	6	0 0 1 1 0 0 0 0 1 0 1 0 0 1 0 0
180	2	1 1 0 0 0 1 0 1 1 0 1 0 0 0 0 1
180	1	0 1 0 0 0 1 0 1 1 0 1 0 0 1 0 0
180	4	1 1 0 1 1 0 1 0 1 0 1 0 0 0 0 0
180	2	0 1 0 1 0 0 0 0 1 0 1 0 1 0 0 0
180	2	0 0 1 0 0 0 0 0 1 0 0 1 0 1 0 0
180	3	0 0 1 1 1 0 0 0 1 1 1 0 0 0 0 0
180	2	0 1 0 1 0 1 0 1 0 0 1 1 0 0 0 0
180	3	1 1 0 0 0 0 0 0 1 0 0 0 0 0 0 0
180	2	0 0 1 1 0 0 0 1 1 0 1 0 0 0 0 0
180	4	0 0 0 1 1 0 0 1 1 0 1 0 0 0 0 0
180	1	0 1 0 1 0 0 0 0 1 0 0 1 0 0 0 0
180	3	1 1 0 0 0 1 0 0 0 1 1 1 1 0 0 0
180	3	1 1 0 1 1 0 1 0 0 1 1 1 0 0 0 0
180	1	0 0 0 1 0 0 0 0 0 0 1 0 0 1 0 0
180	1	1 1 0 0 0 1 0 0 1 0 1 0 1 1 0 0
180	1	0 1 0 1 1 1 0 0 1 0 1 0 1 1 0 0
180	1	0 1 0 1 0 0 0 0 1 0 1 1 0 1 0 1
180	2	0 1 1 1 0 0 0 0 1 0 1 0 1 1 0 0
180	2	0 0 0 1 0 0 0 0 1 0 0 1 0 1 0 1
180	2	0 1 0 1 0 0 0 0 1 1 1 1 0 1 0 0
180	1	0 0 0 1 0 1 0 1 1 0 0 0 0 0 1 0
180	1	0 1 0 1 0 0 1 1 1 1 1 1 0 0 0 0
180	3	1 1 0 0 0 1 0 1 1 1 1 1 0 0 0 0
180	2	0 1 1 1 0 0 0 0 1 0 1 0 0 0 1 1
180	2	0 0 1 1 1 0 0 0 1 0 1 1 0 1 0 0
190	48	0 1 0 1 0 0 0 0 1 0 1 0 0 1 0 0
190	3	1 1 0 0 0 1 0 0 1 1 1 0 0 1 0 0
190	19	1 1 0 0 0 1 0 0 1 0 1 0 0 1 0 0
190	35	0 0 0 1 0 0 0 1 1 0 1 0 0 0 0 0
190	12	1 1 0 1 0 0 0 0 1 0 1 0 0 1 0 0
190	29	1 1 0 1 0 1 0 0 0 1 1 0 0 1 0 0
190	4	0 1 0 1 0 0 0 0 1 0 1 1 0 1 0 0
190	25	0 1 0 1 0 0 0 1 1 0 1 0 0 0 0 0
190	8	0 0 0 1 0 0 0 0 1 1 1 1 0 0 0 0
190	36	1 1 0 0 0 0 0 0 0 0 1 0 0 1 0 0
190	1	1 1 0 0 0 1 0 1 1 0 1 0 0 1 0 0
190	4	1 1 0 0 0 1 0 1 1 1 1 0 0 1 0 0
190	16	0 1 0 1 0 0 0 0 1 0 1 1 0 0 0 0
190	3	0 0 0 1 0 0 0 0 0 1 1 0 0 1 1 0
190	11	1 1 0 1 0 0 0 0 1 0 1 1 0 1 0 0
190	9	1 1 0 1 0 0 1 0 1 0 1 0 1 1 0 0
190	38	1 1 0 0 0 1 0 0 0 1 1 1 0 0 0 0
190	31	1 1 0 1 0 0 1 0 1 0 1 0 0 0 0 0
190	19	0 1 0 1 0 0 0 0 1 0 1 0 0 0 0 0
190	17	1 1 1 0 0 1 0 0 1 1 1 0 0 1 0 0
190	6	0 1 0 1 1 1 0 0 1 0 1 0 0 1 0 0
190	8	0 1 0 1 0 0 0 1 1 1 1 1 0 0 0 0
190	12	0 1 0 1 0 1 0 0 1 0 1 1 0 1 0 0
190	41	1 1 0 1 0 0 0 0 1 0 1 0 1 1 0 0
190	7	1 0 0 1 0 0 0 1 1 0 1 0 0 0 0 0
190	11	1 1 0 0 0 1 0 1 1 0 1 0 0 0 1 0
190	11	1 0 0 0 0 1 0 0 1 1 1 0 0 1 0 0
190	10	1 1 0 0 0 1 0 0 1 1 1 1 0 0 0 0
190	11	1 1 0 0 0 0 0 0 0 0 1 1 0 1 0 0
190	16	0 0 1 1 0 0 0 0 1 1 1 0 0 0 0 0
190	6	1 1 0 1 1 0 0 0 0 1 1 1 0 0 0 0
190	9	0 1 0 1 0 1 0 1 1 0 1 0 0 0 0 0
190	10	0 1 0 1 1 1 0 1 1 0 1 0 0 1 0 0
190	9	0 0 0 1 0 0 1 0 1 0 1 0 0 1 0 0
190	17	0 1 1 1 0 0 0 0 1 0 1 0 0 0 0 1
190	17	0 1 0 1 1 0 0 1 1 0 1 0 0 0 0 0
190	26	0 0 1 1 0 0 0 0 1 0 1 1 0 1 0 0
190	6	1 1 0 1 0 0 0 0 1 0 0 0 0 0 0 0
190	7	1 1 0 0 0 1 0 1 1 0 1 0 0 1 1 0
190	45	1 1 0 1 0 0 0 0 1 0 1 1 0 0 0 0
190	13	1 1 0 1 0 0 0 1 1 1 1 1 0 0 0 0
190	2	0 0 1 1 0 0 0 0 1 0 0 1 0 0 0 0
190	4	0 0 1 1 0 0 0 0 1 0 0 1 0 1 0 1
190	9	0 1 0 1 0 0 1 1 1 0 1 0 0 0 0 0
190	3	0 0 0 1 0 0 0 1 1 0 1 0 0 0 1 0
190	1	1 0 0 0 0 1 0 1 1 0 1 0 0 0 0 0
190	4	1 0 0 0 1 0 0 1 0 0 1 1 0 0 0 0
190	7	0 1 0 1 0 0 0 0 1 0 0 0 1 0 1 0
190	12	0 1 0 1 1 0 0 0 1 0 1 1 0 0 0 0
190	2	1 0 0 1 0 0 0 0 1 0 1 0 1 1 0 0
190	8	1 0 1 1 0 0 0 1 1 1 1 1 0 0 0 0
190	11	0 0 1 1 0 0 0 0 1 0 1 0 0 1 0 0
190	23	1 1 0 0 0 0 0 0 1 0 0 0 0 0 0 0
190	7	0 0 0 1 1 0 0 1 1 0 1 0 0 0 0 0
190	2	0 1 0 1 0 0 0 0 1 0 0 1 0 0 0 0
190	7	1 1 0 1 1 0 1 0 0 1 1 1 0 0 0 0
190	11	1 1 0 0 0 1 0 0 1 0 1 0 1 1 0 0
190	1	0 0 0 1 0 1 0 1 1 0 0 0 0 0 1 0
190	4	1 1 0 1 0 0 0 0 0 1 1 0 0 1 0 0
190	3	1 0 0 0 0 1 0 0 1 1 1 0 0 0 0 1
190	1	1 1 0 0 0 1 0 0 0 1 1 0 0 0 0 0
190	8	1 1 0 0 0 1 0 1 1 1 1 0 0 1 1 0
190	6	0 1 0 1 1 0 0 1 1 0 0 0 0 0 0 0
190	4	1 1 0 0 0 1 0 0 1 1 1 0 0 0 0 0
190	3	0 1 0 0 0 0 0 1 1 0 1 0 0 0 0 0
190	6	1 1 0 1 0 0 0 0 0 0 1 0 0 1 0 0
190	5	1 1 0 0 0 1 0 1 1 0 1 0 1 1 0 0
190	3	1 1 0 0 0 1 1 0 0 1 0 1 0 0 0 0
190	16	1 1 0 0 0 1 0 0 0 0 1 0 0 1 0 1
190	4	1 1 0 1 0 0 0 0 1 1 1 0 0 0 0 0
190	7	0 1 0 1 0 0 0 0 1 0 1 1 1 1 0 0
190	3	1 1 0 0 0 0 0 0 1 1 1 0 0 1 0 0
190	4	0 0 1 1 0 0 0 0 1 1 1 0 0 0 0 1
190	2	0 0 1 1 0 0 0 0 1 0 0 1 0 1 0 0
190	13	0 1 1 1 0 0 0 0 1 0 1 0 0 0 0 0
190	6	0 0 0 1 0 0 0 1 1 0 1 0 0 1 0 0
190	7	1 0 0 0 0 1 0 0 1 0 1 0 1 1 0 0
190	4	0 1 0 1 0 0 0 1 1 1 1 0 0 0 0 0
190	1	1 1 0 1 0 0 1 0 1 0 1 0 0 1 0 0
190	3	0 1 0 0 0 0 0 1 1 1 1 1 0 0 0 0
190	4	0 0 1 1 0 0 0 0 1 0 1 1 0 0 0 0
190	2	0 1 0 1 0 1 0 1 0 0 1 0 0 0 0 0
190	1	0 1 0 1 1 0 0 1 1 0 1 0 0 0 1 0
190	5	0 1 0 1 0 0 0 1 0 0 1 0 0 0 0 0
190	3	0 1 0 1 0 1 0 0 1 0 0 1 0 0 0 0
190	1	0 0 0 1 0 1 0 0 1 0 1 0 1 1 0 0
190	2	0 1 0 1 0 0 0 0 1 0 0 0 0 1 0 0
190	1	1 1 0 1 0 1 0 0 1 1 1 0 0 1 0 0
190	4	0 1 1 0 0 1 0 0 1 1 1 0 0 1 0 0
190	2	0 1 0 1 0 1 0 0 1 0 1 0 0 1 0 0
190	2	0 0 1 1 0 0 0 0 0 1 1 0 0 0 0 0
190	7	0 1 0 1 0 0 1 1 1 0 1 0 0 0 0 1
190	4	1 1 0 1 0 0 0 0 1 0 0 0 1 0 1 0
190	9	0 1 0 1 0 0 0 0 1 0 1 0 1 1 1 0
190	4	0 0 1 1 0 1 0 0 0 1 1 1 0 0 0 0
190	1	1 1 0 1 0 0 0 0 1 1 1 1 0 0 0 0
190	1	0 1 0 1 0 0 0 0 1 1 1 0 0 1 0 0
190	1	1 1 0 0 0 0 0 0 0 0 0 0 0 1 0 0
190	6	1 1 0 1 0 0 1 1 1 0 1 0 0 0 0 0
190	3	1 1 0 1 1 0 0 0 1 0 1 0 1 1 0 0
190	1	0 0 1 1 0 0 0 0 1 1 1 0 0 0 1 0
190	4	0 0 1 1 0 0 0 1 1 1 1 0 0 0 0 0
190	3	0 1 0 1 1 1 0 1 1 0 1 0 0 0 0 0
190	1	0 1 0 1 1 0 0 0 1 0 1 0 0 0 0 0
190	1	0 1 0 1 0 0 0 1 1 0 1 1 1 1 0 0
190	1	0 0 0 1 0 0 0 1 0 0 1 0 0 0 0 0
190	2	1 1 0 0 0 1 0 1 1 1 0 0 0 1 0 0
190	3	0 0 0 1 0 0 0 0 1 0 1 1 0 0 0 0
190	3	1 1 1 1 0 0 0 0 1 0 1 1 0 0 0 0
190	1	0 0 0 1 0 0 1 1 1 0 1 0 0 0 1 0
190	1	0 1 0 1 1 0 1 0 1 0 1 1 0 0 0 0
190	4	0 0 0 1 1 0 0 1 1 0 1 0 0 0 0 1
190	3	1 1 0 1 0 0 0 0 1 0 1 1 1 1 0 0
190	1	1 1 0 1 0 1 0 0 0 1 1 1 0 0 0 0
190	2	1 1 0 0 0 1 0 0 0 0 1 0 0 0 0 0
190	1	1 1 0 1 0 0 0 0 0 0 1 0 0 1 0 1
190	1	0 1 0 1 1 1 0 1 1 0 1 0 0 0 0 1
190	1	0 1 1 1 0 0 0 1 1 0 1 0 0 0 0 0
190	1	1 1 0 0 1 1 0 0 0 1 1 1 0 0 0 0
190	1	1 1 1 1 0 1 0 0 1 1 1 0 0 1 0 0
190	1	1 1 0 0 0 1 0 0 0 0 1 1 0 1 0 0
190	2	1 1 0 0 0 0 0 0 1 1 0 0 0 0 0 0
190	4	0 1 0 0 0 0 0 1 1 0 1 1 0 0 0 0
190	1	0 1 0 1 0 0 0 0 1 0 0 0 1 1 0 0
200	16	0 1 0 1 0 0 0 0 1 0 1 0 0 1 0 0
200	6	1 1 0 0 0 1 0 0 1 0 1 0 0 1 0 0
200	28	0 0 0 1 0 0 0 1 1 0 1 0 0 0 0 0
200	12	1 1 0 1 0 0 0 0 1 0 1 0 0 1 0 0
200	51	1 1 0 1 0 1 0 0 0 1 1 0 0 1 0 0
200	6	0 1 0 1 0 0 0 0 1 0 1 1 0 1 0 0
200	8	0 1 0 1 0 0 0 1 1 0 1 0 0 0 0 0
200	4	0 0 0 1 0 0 0 0 1 1 1 1 0 0 0 0
200	22	1 1 0 0 0 0 0 0 0 0 1 0 0 1 0 0
200	9	0 1 0 1 0 0 0 0 1 0 1 1 0 0 0 0
200	3	1 1 0 1 0 0 0 0 1 0 1 1 0 1 0 0
200	10	1 1 0 1 0 0 1 0 1 0 1 0 1 1 0 0
200	13	1 1 0 0 0 1 0 0 0 1 1 1 0 0 0 0
200	29	1 1 0 1 0 0 1 0 1 0 1 0 0 0 0 0
200	10	0 1 0 1 0 0 0 0 1 0 1 0 0 0 0 0
200	29	1 1 1 0 0 1 0 0 1 1 1 0 0 1 0 0
200	5	0 1 0 1 1 1 0 0 1 0 1 0 0 1 0 0
200	12	0 1 0 1 0 1 0 0 1 0 1 1 0 1 0 0
200	31	1 1 0 1 0 0 0 0 1 0 1 0 1 1 0 0
200	11	1 0 0 1 0 0 0 1 1 0 1 0 0 0 0 0
200	7	1 1 0 0 0 1 0 1 1 0 1 0 0 0 1 0
200	1	1 0 0 0 0 1 0 0 1 1 1 0 0 1 0 0
200	3	1 1 0 0 0 1 0 0 1 1 1 1 0 0 0 0
200	41	0 0 1 1 0 0 0 0 1 1 1 0 0 0 0 0
200	16	1 1 0 1 1 0 0 0 0 1 1 1 0 0 0 0
200	11	0 1 0 1 0 1 0 1 1 0 1 0 0 0 0 0
200	1	0 1 0 1 1 1 0 1 1 0 1 0 0 1 0 0
200	8	0 0 0 1 0 0 1 0 1 0 1 0 0 1 0 0
200	2	0 1 1 1 0 0 0 0 1 0 1 0 0 0 0 1
200	15	0 1 0 1 1 0 0 1 1 0 1 0 0 0 0 0
200	5	0 0 1 1 0 0 0 0 1 0 1 1 0 1 0 0
200	9	1 1 0 1 0 0 0 0 1 0 0 0 0 0 0 0
200	36	1 1 0 1 0 0 0 0 1 0 1 1 0 0 0 0
200	9	1 1 0 1 0 0 0 1 1 1 1 1 0 0 0 0
200	12	0 0 1 1 0 0 0 0 1 0 0 1 0 1 0 1
200	1	0 1 0 1 0 0 1 1 1 0 1 0 0 0 0 0
200	1	0 0 0 1 0 0 0 1 1 0 1 0 0 0 1 0
200	10	1 0 0 0 0 1 0 1 1 0 1 0 0 0 0 0
200	24	0 1 0 1 1 0 0 0 1 0 1 1 0 0 0 0
200	4	1 0 1 1 0 0 0 1 1 1 1 1 0 0 0 0
200	11	0 0 1 1 0 0 0 0 1 0 1 0 0 1 0 0
200	18	1 1 0 0 0 0 0 0 1 0 0 0 0 0 0 0
200	1	0 0 0 1 1 0 0 1 1 0 1 0 0 0 0 0
200	4	1 1 0 1 1 0 1 0 0 1 1 1 0 0 0 0
200	9	1 1 0 0 0 1 0 0 1 0 1 0 1 1 0 0
200	18	1 1 0 1 0 0 0 0 0 1 1 0 0 1 0 0
200	7	0 1 0 1 1 0 0 1 1 0 0 0 0 0 0 0
200	14	1 1 0 0 0 1 0 0 1 1 1 0 0 0 0 0
200	22	0 1 0 0 0 0 0 1 1 0 1 0 0 0 0 0
200	5	1 1 0 1 0 0 0 0 0 0 1 0 0 1 0 0
200	1	1 1 0 0 0 1 0 1 1 0 1 0 1 1 0 0
200	16	1 1 0 0 0 1 0 0 0 0 1 0 0 1 0 1
200	8	1 1 0 1 0 0 0 0 1 1 1 0 0 0 0 0
200	8	0 1 0 1 0 0 0 0 1 0 1 1 1 1 0 0
200	17	1 1 0 0 0 0 0 0 1 1 1 0 0 1 0 0
200	6	0 1 1 1 0 0 0 0 1 0 1 0 0 0 0 0
200	10	0 0 0 1 0 0 0 1 1 0 1 0 0 1 0 0
200	1	0 1 0 0 0 0 0 1 1 1 1 1 0 0 0 0
200	12	0 0 1 1 0 0 0 0 1 0 1 1 0 0 0 0
200	3	0 1 0 1 1 0 0 1 1 0 1 0 0 0 1 0
200	2	0 1 0 1 0 0 0 1 0 0 1 0 0 0 0 0
200	2	0 1 0 1 0 1 0 0 1 0 0 1 0 0 0 0
200	2	0 0 1 1 0 0 0 0 0 1 1 0 0 0 0 0
200	22	0 1 0 1 0 0 1 1 1 0 1 0 0 0 0 1
200	6	1 1 0 1 0 0 0 0 1 0 0 0 1 0 1 0
200	2	0 1 0 1 0 0 0 0 1 1 1 0 0 1 0 0
200	10	0 1 0 1 1 1 0 1 1 0 1 0 0 0 0 0
200	3	1 1 0 0 0 1 0 1 1 1 0 0 0 1 0 0
200	1	0 0 0 1 0 0 0 0 1 0 1 1 0 0 0 0
200	12	0 1 0 1 1 0 1 0 1 0 1 1 0 0 0 0
200	11	1 1 0 0 0 1 0 0 0 0 1 0 0 0 0 0
200	16	1 1 0 0 0 0 0 0 1 1 0 0 0 0 0 0
200	22	0 0 1 1 1 0 0 0 1 1 1 0 0 0 0 0
200	3	1 1 0 0 0 1 0 0 0 1 1 0 0 1 0 0
200	1	1 1 0 1 0 1 0 0 0 0 1 0 0 1 0 0
200	11	1 1 1 0 0 1 0 0 0 1 1 0 0 1 0 0
200	8	0 0 0 1 0 0 1 0 1 0 1 1 0 1 0 0
200	6	1 1 0 1 0 0 1 0 0 0 1 0 1 1 0 0
200	9	1 0 1 1 0 0 0 0 1 0 1 0 0 1 0 0
200	2	1 1 0 1 0 0 0 0 1 0 0 1 0 1 0 1
200	2	0 1 0 1 0 0 0 0 1 0 0 0 0 0 0 0
200	7	1 1 0 0 0 1 0 1 1 1 1 0 0 1 0 0
200	1	0 1 0 1 0 0 0 0 1 0 1 1 1 1 1 0
200	17	0 0 1 1 0 1 0 0 0 1 1 0 0 1 0 0
200	3	1 1 1 0 0 1 1 0 1 1 1 0 0 1 0 0
200	1	1 1 0 0 0 1 0 0 1 0 1 0 0 0 1 0
200	3	0 0 0 1 0 0 1 0 1 0 1 0 1 1 0 0
200	1	0 1 0 0 0 0 0 0 1 0 0 0 0 0 0 0
200	1	1 1 0 1 0 0 0 0 0 0 1 0 0 0 0 0
200	3	0 1 1 1 0 0 0 0 1 0 1 0 0 1 0 0
200	3	1 1 0 0 0 0 0 1 1 0 0 0 0 0 0 0
200	4	0 1 0 1 0 1 0 0 1 0 0 0 0 1 0 0
200	3	0 0 0 1 0 0 0 1 1 0 1 1 0 0 0 0
200	6	0 0 1 0 0 1 0 0 1 1 1 0 0 1 0 0
200	4	0 0 1 1 0 0 0 0 1 1 0 0 0 0 0 0
200	2	0 1 0 1 0 0 0 0 1 0 1 1 0 1 0 1
200	2	1 1 0 0 0 0 0 0 0 1 1 0 0 1 0 0
200	1	0 1 1 1 1 0 1 0 1 0 1 1 0 0 0 0
200	1	0 0 0 1 0 0 1 0 1 0 1 0 0 0 0 0
200	2	1 1 0 0 0 1 0 0 1 0 1 0 0 0 0 1
200	2	1 1 0 0 0 1 0 0 0 0 1 1 0 0 0 0
200	5	1 1 0 1 0 1 0 0 0 0 1 0 1 1 0 0
200	2	1 1 0 1 0 1 0 1 1 0 1 0 0 0 1 0
200	2	0 0 1 1 0 1 0 0 1 0 1 1 0 1 0 0
200	1	1 1 0 1 0 0 0 0 1 0 1 1 0 0 1 0
200	2	1 1 0 1 1 0 0 0 1 0 1 1 0 0 0 0
200	3	0 0 1 1 0 0 0 0 1 0 0 0 0 1 0 0
200	2	1 1 0 0 0 1 0 1 1 0 0 0 1 1 0 0
200	4	0 1 0 1 0 0 0 1 1 0 1 0 0 0 0 1
200	1	1 1 0 0 0 1 0 0 0 0 1 0 0 1 0 0
200	3	0 0 0 1 0 0 0 1 1 0 1 0 1 1 0 0
200	1	0 0 0 1 0 0 0 1 1 0 0 0 0 0 0 0
200	1	0 1 0 1 1 0 0 0 1 0 1 0 0 0 0 0
200	1	0 0 1 0 0 0 0 0 1 0 1 1 0 1 0 0
200	1	1 0 0 0 0 1 0 0 0 0 1 0 0 0 0 0
200	2	0 1 0 1 1 0 0 0 1 0 1 1 1 1 1 0
200	1	0 0 0 0 0 0 1 0 1 0 1 0 0 0 0 0
200	1	0 1 0 1 0 0 1 0 1 0 1 0 0 0 0 0
200	1	0 0 1 1 0 0 0 1 1 0 1 0 0 0 0 0
200	1	1 1 0 0 0 0 0 0 1 0 1 0 1 1 0 0
200	1	1 1 0 0 0 0 0 0 1 0 1 0 0 1 0 0
200	1	1 1 0 0 0 0 0 0 1 0 1 1 0 1 0 0
200	1	0 0 0 1 0 1 0 0 1 0 0 1 0 0 0 0
200	2	0 1 0 1 1 1 0 0 1 0 1 0 0 0 0 1
200	3	0 0 0 1 0 0 1 0 1 0 1 1 0 0 0 0
200	1	1 1 1 0 0 1 0 1 1 0 1 0 0 0 0 0
200	1	1 0 0 1 0 0 0 0 1 0 1 0 0 1 0 0
200	3	0 1 0 0 0 0 0 0 1 0 1 1 0 0 0 0
200	1	0 1 0 1 0 1 0 0 1 0 1 1 0 0 0 0
200	1	1 1 0 1 0 1 0 0 1 0 1 0 1 1 0 0
200	1	1 1 0 0 0 1 0 1 1 0 1 0 0 0 0 0
200	3	0 1 0 0 0 0 0 1 1 0 1 0 0 0 0 1
200	2	0 0 1 1 0 0 1 0 1 0 1 1 0 0 0 0
200	1	0 0 0 1 0 0 1 1 1 0 1 0 0 0 0 1
200	1	0 0 0 1 0 1 0 0 1 0 0 0 0 1 0 0
210	30	0 1 0 1 0 0 0 0 1 0 1 0 0 1 0 0
210	18	0 0 0 1 0 0 0 1 1 0 1 0 0 0 0 0
210	12	1 1 0 1 0 0 0 0 1 0 1 0 0 1 0 0
210	34	1 1 0 1 0 1 0 0 0 1 1 0 0 1 0 0
210	14	0 1 0 1 0 0 0 0 1 0 1 1 0 1 0 0
210	49	0 1 0 1 0 0 0 1 1 0 1 0 0 0 0 0
210	44	1 1 0 0 0 0 0 0 0 0 1 0 0 1 0 0
210	17	0 1 0 1 0 0 0 0 1 0 1 1 0 0 0 0
210	7	1 1 0 1 0 0 0 0 1 0 1 1 0 1 0 0
210	9	1 1 0 1 0 0 1 0 1 0 1 0 1 1 0 0
210	8	1 1 0 0 0 1 0 0 0 1 1 1 0 0 0 0
210	56	1 1 0 1 0 0 1 0 1 0 1 0 0 0 0 0
210	5	0 1 0 1 0 0 0 0 1 0 1 0 0 0 0 0
210	18	1 1 1 0 0 1 0 0 1 1 1 0 0 1 0 0
210	1	0 1 0 1 1 1 0 0 1 0 1 0 0 1 0 0
210	1	0 1 0 1 0 1 0 0 1 0 1 1 0 1 0 0
210	29	1 1 0 1 0 0 0 0 1 0 1 0 1 1 0 0
210	3	1 1 0 0 0 1 0 1 1 0 1 0 0 0 1 0
210	9	1 0 0 0 0 1 0 0 1 1 1 0 0 1 0 0
210	40	0 0 1 1 0 0 0 0 1 1 1 0 0 0 0 0
210	16	1 1 0 1 1 0 0 0 0 1 1 1 0 0 0 0
210	1	0 0 0 1 0 0 1 0 1 0 1 0 0 1 0 0
210	8	0 1 0 1 1 0 0 1 1 0 1 0 0 0 0 0
210	2	0 0 1 1 0 0 0 0 1 0 1 1 0 1 0 0
210	38	1 1 0 1 0 0 0 0 1 0 1 1 0 0 0 0
210	6	1 1 0 1 0 0 0 1 1 1 1 1 0 0 0 0
210	10	0 0 1 1 0 0 0 0 1 0 0 1 0 1 0 1
210	16	0 1 0 1 1 0 0 0 1 0 1 1 0 0 0 0
210	1	0 0 1 1 0 0 0 0 1 0 1 0 0 1 0 0
210	26	1 1 0 0 0 0 0 0 1 0 0 0 0 0 0 0
210	4	1 1 0 1 1 0 1 0 0 1 1 1 0 0 0 0
210	16	1 1 0 1 0 0 0 0 0 1 1 0 0 1 0 0
210	22	1 1 0 0 0 1 0 0 1 1 1 0 0 0 0 0
210	2	0 1 0 0 0 0 0 1 1 0 1 0 0 0 0 0
210	7	1 1 0 1 0 0 0 0 0 0 1 0 0 1 0 0
210	4	1 1 0 0 0 1 0 0 0 0 1 0 0 1 0 1
210	1	1 1 0 0 0 0 0 0 1 1 1 0 0 1 0 0
210	2	0 0 1 1 0 0 0 0 1 0 1 1 0 0 0 0
210	39	0 1 0 1 0 0 1 1 1 0 1 0 0 0 0 1
210	14	1 1 0 1 0 0 0 0 1 0 0 0 1 0 1 0
210	3	0 1 0 1 1 0 1 0 1 0 1 1 0 0 0 0
210	15	1 1 0 0 0 0 0 0 1 1 0 0 0 0 0 0
210	33	0 0 1 1 1 0 0 0 1 1 1 0 0 0 0 0
210	15	1 1 1 0 0 1 0 0 0 1 1 0 0 1 0 0
210	7	0 0 0 1 0 0 1 0 1 0 1 1 0 1 0 0
210	1	1 0 1 1 0 0 0 0 1 0 1 0 0 1 0 0
210	9	1 1 0 0 0 1 0 1 1 1 1 0 0 1 0 0
210	21	0 0 1 1 0 1 0 0 0 1 1 0 0 1 0 0
210	10	0 1 0 0 0 0 0 0 1 0 0 0 0 0 0 0
210	2	0 1 1 1 0 0 0 0 1 0 1 0 0 1 0 0
210	1	1 1 0 0 0 0 0 1 1 0 0 0 0 0 0 0
210	10	0 1 0 1 0 1 0 0 1 0 0 0 0 1 0 0
210	13	0 0 0 1 0 0 0 1 1 0 1 1 0 0 0 0
210	11	0 0 1 0 0 1 0 0 1 1 1 0 0 1 0 0
210	2	1 1 0 0 0 0 0 0 0 1 1 0 0 1 0 0
210	6	0 1 1 1 1 0 1 0 1 0 1 1 0 0 0 0
210	12	1 1 0 1 0 1 0 0 0 0 1 0 1 1 0 0
210	1	0 0 1 1 0 1 0 0 1 0 1 1 0 1 0 0
210	3	0 0 1 1 0 0 0 0 1 0 0 0 0 1 0 0
210	3	1 1 0 0 0 1 0 1 1 0 0 0 1 1 0 0
210	4	0 1 0 1 1 0 0 0 1 0 1 1 1 1 1 0
210	4	0 0 0 1 0 0 1 0 1 0 1 1 0 0 0 0
210	3	0 1 0 0 0 0 0 0 1 0 1 1 0 0 0 0
210	4	0 1 0 1 0 1 0 0 1 0 1 1 0 0 0 0
210	2	0 0 1 1 0 0 0 0 1 1 1 1 0 0 0 0
210	1	0 1 0 1 0 0 0 0 0 1 1 0 0 1 0 0
210	2	1 1 0 1 0 1 0 0 0 1 0 0 0 1 0 0
210	8	0 1 0 1 0 0 0 0 0 0 1 0 0 1 0 1
210	3	0 1 0 1 1 0 0 0 1 0 1 0 0 0 0 0
210	1	1 1 1 0 0 1 0 0 0 1 1 0 0 1 0 1
210	3	0 1 0 1 0 0 0 0 1 1 0 0 0 0 0 0
210	2	0 0 0 1 0 0 1 0 0 0 1 0 0 1 0 0
210	3	1 1 0 1 0 0 1 0 0 1 1 1 0 0 0 0
210	12	0 1 0 1 1 0 0 1 1 0 1 1 0 0 0 0
210	4	1 1 0 1 0 0 0 0 0 0 1 1 0 0 0 0
210	2	1 1 0 1 0 0 1 1 1 0 1 0 0 0 0 1
210	2	0 1 1 0 0 1 1 0 1 1 1 0 0 1 0 0
210	1	0 0 1 1 0 0 0 1 1 0 1 0 0 1 0 0
210	6	0 0 1 1 1 0 0 0 1 0 0 0 0 0 0 0
210	3	0 1 0 1 1 0 0 1 1 1 1 0 0 0 0 0
210	2	0 0 1 0 0 0 0 0 1 0 0 1 0 1 0 1
210	6	1 1 0 1 0 0 0 1 1 0 1 0 0 0 0 0
210	2	1 1 0 1 0 0 1 0 0 0 1 0 0 0 0 0
210	6	0 0 0 1 0 0 0 0 1 0 1 0 0 1 0 0
210	2	0 1 0 1 0 0 0 0 1 0 1 0 0 0 0 1
210	1	0 1 0 1 1 0 0 0 1 0 0 1 0 1 0 1
210	4	1 1 0 1 0 0 0 0 1 0 0 0 0 1 0 0
210	1	0 0 1 0 0 1 0 1 1 0 1 0 0 0 1 0
210	4	1 1 1 0 0 1 0 1 1 0 1 0 0 0 0 0
210	3	0 1 0 1 0 0 0 1 1 0 0 0 0 0 0 0
210	5	1 1 1 1 0 1 0 0 0 1 1 0 0 1 0 0
210	3	1 1 0 1 0 0 1 0 1 0 1 1 0 0 0 0
210	1	1 1 0 1 0 0 0 0 0 1 1 0 0 1 1 0
210	5	1 1 0 0 0 1 0 0 0 0 1 0 1 1 0 1
210	1	0 1 0 1 0 0 1 1 1 0 1 0 0 0 1 1
210	2	1 1 0 1 0 1 0 0 1 0 1 0 0 0 1 0
210	2	0 0 1 1 1 0 0 0 1 0 0 0 0 1 0 0
210	1	1 1 0 1 1 0 1 0 1 0 1 1 0 0 0 0
210	2	1 1 1 1 1 0 0 0 1 1 1 0 0 0 0 0
210	4	1 1 0 0 0 0 0 0 1 0 1 0 0 1 0 0
210	4	0 1 0 1 0 0 1 0 1 0 1 0 0 0 0 0
210	2	0 1 0 0 0 0 0 0 1 0 1 0 0 0 0 0
210	4	0 1 0 1 1 0 0 1 1 0 1 1 0 1 0 0
210	3	1 1 1 0 0 0 0 0 0 0 1 0 0 1 0 0
210	1	1 1 0 0 0 1 0 0 1 1 1 0 0 1 0 0
210	5	0 0 1 1 0 0 1 0 1 1 1 0 0 0 0 0
210	4	0 1 0 1 1 0 0 1 1 0 1 0 0 1 0 0
210	1	0 1 0 1 0 0 1 1 1 0 1 1 0 0 0 1
210	5	0 0 1 1 1 0 0 1 1 1 1 0 0 0 0 0
210	2	1 1 0 1 0 0 1 0 0 0 1 0 0 1 0 0
210	1	1 1 0 0 0 0 0 0 1 1 1 0 0 0 0 0
210	1	0 1 0 1 1 0 0 0 0 1 1 0 0 1 0 0
210	1	1 0 0 0 0 0 0 0 0 0 1 0 0 1 0 0
210	2	1 1 0 0 0 0 0 0 1 0 1 0 1 1 0 0
210	1	1 1 1 1 0 0 0 0 1 0 1 0 1 1 0 0
210	1	1 1 0 0 1 0 1 0 0 1 1 1 0 0 0 0
210	6	0 1 0 1 0 0 1 1 0 0 1 0 0 0 0 1
210	2	1 1 0 0 0 1 0 1 1 1 1 0 0 1 1 0
210	1	0 1 0 0 0 0 0 0 1 0 0 1 0 0 0 0
210	1	1 1 0 1 0 0 1 0 1 0 1 0 0 0 0 1
210	1	0 1 0 1 1 1 0 0 1 0 1 0 0 0 0 1
210	1	1 1 0 0 0 1 0 1 1 0 0 0 0 1 0 0
210	1	0 1 0 1 0 0 0 0 1 0 0 0 0 1 0 0
210	1	1 1 0 1 0 0 0 0 1 0 1 1 0 1 1 0
210	1	1 1 0 0 0 1 1 0 0 1 1 1 0 0 0 0
210	1	1 1 0 1 1 0 1 0 1 0 1 0 0 0 0 0
210	1	1 1 1 0 0 1 0 0 1 0 1 0 0 1 0 0
210	1	0 0 0 1 1 0 0 0 1 0 1 1 0 0 0 0
220	11	0 1 0 1 0 0 0 0 1 0 1 0 0 1 0 0
220	10	0 0 0 1 0 0 0 1 1 0 1 0 0 0 0 0
220	2	1 1 0 1 0 0 0 0 1 0 1 0 0 1 0 0
220	52	1 1 0 1 0 1 0 0 0 1 1 0 0 1 0 0
220	4	0 1 0 1 0 0 0 0 1 0 1 1 0 1 0 0
220	51	0 1 0 1 0 0 0 1 1 0 1 0 0 0 0 0
220	35	1 1 0 0 0 0 0 0 0 0 1 0 0 1 0 0
220	2	0 1 0 1 0 0 0 0 1 0 1 1 0 0 0 0
220	4	1 1 0 1 0 0 0 0 1 0 1 1 0 1 0 0
220	9	1 1 0 1 0 0 1 0 1 0 1 0 1 1 0 0
220	3	1 1 0 0 0 1 0 0 0 1 1 1 0 0 0 0
220	54	1 1 0 1 0 0 1 0 1 0 1 0 0 0 0 0
220	14	1 1 1 0 0 1 0 0 1 1 1 0 0 1 0 0
220	16	1 1 0 1 0 0 0 0 1 0 1 0 1 1 0 0
220	1	1 1 0 0 0 1 0 1 1 0 1 0 0 0 1 0
220	6	1 0 0 0 0 1 0 0 1 1 1 0 0 1 0 0
220	57	0 0 1 1 0 0 0 0 1 1 1 0 0 0 0 0
220	9	1 1 0 1 1 0 0 0 0 1 1 1 0 0 0 0
220	13	0 1 0 1 1 0 0 1 1 0 1 0 0 0 0 0
220	32	1 1 0 1 0 0 0 0 1 0 1 1 0 0 0 0
220	12	1 1 0 1 0 0 0 1 1 1 1 1 0 0 0 0
220	7	0 0 1 1 0 0 0 0 1 0 0 1 0 1 0 1
220	56	0 1 0 1 1 0 0 0 1 0 1 1 0 0 0 0
220	18	1 1 0 0 0 0 0 0 1 0 0 0 0 0 0 0
220	4	1 1 0 1 1 0 1 0 0 1 1 1 0 0 0 0
220	13	1 1 0 1 0 0 0 0 0 1 1 0 0 1 0 0
220	64	0 1 0 1 0 0 1 1 1 0 1 0 0 0 0 1
220	19	1 1 0 0 0 0 0 0 1 1 0 0 0 0 0 0
220	30	0 0 1 1 1 0 0 0 1 1 1 0 0 0 0 0
220	11	1 1 1 0 0 1 0 0 0 1 1 0 0 1 0 0
220	4	0 0 0 1 0 0 1 0 1 0 1 1 0 1 0 0
220	22	1 1 0 0 0 1 0 1 1 1 1 0 0 1 0 0
220	8	0 0 1 1 0 1 0 0 0 1 1 0 0 1 0 0
220	5	0 1 0 0 0 0 0 0 1 0 0 0 0 0 0 0
220	3	1 1 0 0 0 0 0 1 1 0 0 0 0 0 0 0
220	15	0 1 0 1 0 1 0 0 1 0 0 0 0 1 0 0
220	7	0 0 0 1 0 0 0 1 1 0 1 1 0 0 0 0
220	10	0 0 1 0 0 1 0 0 1 1 1 0 0 1 0 0
220	2	1 1 0 0 0 0 0 0 0 1 1 0 0 1 0 0
220	4	0 1 1 1 1 0 1 0 1 0 1 1 0 0 0 0
220	14	1 1 0 1 0 1 0 0 0 0 1 0 1 1 0 0
220	14	0 0 1 1 0 1 0 0 1 0 1 1 0 1 0 0
220	7	0 0 0 1 0 0 1 0 1 0 1 1 0 0 0 0
220	2	0 1 0 1 0 1 0 0 1 0 1 1 0 0 0 0
220	2	1 1 0 1 0 1 0 0 0 1 0 0 0 1 0 0
220	7	0 1 0 1 0 0 0 0 0 0 1 0 0 1 0 1
220	2	0 1 0 1 1 0 0 1 1 0 1 1 0 0 0 0
220	6	1 1 0 1 0 0 0 0 0 0 1 1 0 0 0 0
220	7	0 0 1 1 0 0 0 1 1 0 1 0 0 1 0 0
220	3	0 0 1 1 1 0 0 0 1 0 0 0 0 0 0 0
220	7	1 1 0 1 0 0 0 1 1 0 1 0 0 0 0 0
220	9	0 0 0 1 0 0 0 0 1 0 1 0 0 1 0 0
220	9	1 1 0 1 0 0 0 0 1 0 0 0 0 1 0 0
220	12	1 1 1 0 0 1 0 1 1 0 1 0 0 0 0 0
220	5	1 1 1 1 0 1 0 0 0 1 1 0 0 1 0 0
220	5	0 1 0 1 0 0 1 0 1 0 1 0 0 0 0 0
220	19	0 1 0 0 0 0 0 0 1 0 1 0 0 0 0 0
220	3	0 1 0 1 1 0 0 1 1 0 1 0 0 1 0 0
220	10	0 0 1 1 1 0 0 1 1 1 1 0 0 0 0 0
220	3	1 1 0 1 0 0 1 0 0 0 1 0 0 1 0 0
220	3	1 0 0 0 0 0 0 0 0 0 1 0 0 1 0 0
220	3	1 1 0 0 0 0 0 0 1 0 1 0 1 1 0 0
220	9	1 1 0 0 0 1 0 1 1 1 1 0 0 1 1 0
220	9	0 1 1 1 1 0 1 0 1 0 1 0 0 1 0 0
220	1	0 0 1 1 0 0 0 0 1 0 0 1 0 1 0 0
220	2	0 1 0 1 1 0 0 1 1 1 1 1 0 0 0 0
220	1	1 1 0 1 0 0 0 0 1 0 1 1 1 0 0 0
220	4	0 1 0 1 0 0 0 1 1 1 1 1 0 0 0 0
220	5	1 0 0 1 0 0 0 0 0 1 1 0 0 1 0 0
220	5	0 1 0 0 0 0 0 0 0 0 0 0 0 0 0 0
220	8	0 1 0 1 0 1 1 0 1 0 0 0 0 1 0 0
220	11	0 1 0 1 1 0 0 1 1 0 1 0 0 1 1 0
220	2	0 0 1 1 1 0 0 1 1 1 1 0 0 0 1 0
220	3	0 0 1 1 0 1 0 0 0 0 1 0 1 1 0 0
220	3	0 0 1 1 1 0 0 0 1 0 0 0 0 1 0 0
220	2	0 0 1 0 0 1 0 0 1 1 1 0 0 0 0 0
220	1	1 1 0 0 0 1 0 0 1 1 1 0 0 1 0 0
220	2	0 1 0 1 0 0 0 1 0 0 1 0 0 0 0 1
220	1	1 1 0 1 0 0 1 0 0 1 1 0 0 1 0 0
220	5	1 1 0 1 0 0 1 0 1 0 1 0 1 1 1 0
220	1	1 1 0 1 0 0 1 0 1 0 1 0 1 0 0 0
220	3	0 1 0 1 0 0 1 0 1 0 1 1 0 1 0 0
220	3	1 0 1 1 0 1 0 0 0 1 1 0 0 1 0 0
220	8	1 1 0 1 0 0 0 0 1 1 1 0 0 0 0 0
220	4	1 1 0 0 0 1 0 1 1 1 1 0 0 0 0 0
220	3	0 1 1 1 1 0 1 0 1 0 1 0 1 1 0 0
220	7	1 1 0 1 0 0 1 0 1 0 0 0 1 1 0 0
220	1	1 1 0 0 0 1 0 0 0 1 1 1 1 0 0 0
220	4	0 1 0 1 0 0 1 0 1 0 1 0 0 0 0 1
220	1	1 1 0 1 0 0 0 0 1 0 0 0 0 1 1 0
220	1	1 1 0 1 0 0 1 0 1 0 1 0 0 1 0 0
220	2	0 1 0 1 0 0 1 1 1 0 1 0 0 0 0 0
220	2	0 0 0 0 0 0 0 0 0 0 1 0 0 1 0 0
220	1	0 1 0 0 0 1 0 0 0 1 1 1 0 0 0 0
220	2	1 1 0 0 0 0 0 0 0 0 1 0 1 1 0 0
220	1	0 0 1 1 1 0 0 0 1 0 1 1 0 1 0 1
220	2	0 1 1 1 1 0 1 0 1 0 1 0 0 0 0 0
220	2	1 0 1 1 0 1 0 0 0 1 1 0 0 0 0 0
220	2	1 1 0 0 0 0 0 1 0 0 1 0 0 1 0 0
220	1	1 1 0 1 0 0 1 1 1 0 1 0 1 1 0 0
220	1	1 1 0 1 0 1 0 0 1 0 1 0 1 1 0 0
220	2	0 0 0 1 0 0 0 0 1 1 1 0 0 0 0 0
220	4	1 1 0 1 0 1 0 0 0 0 1 0 1 0 0 0
220	2	0 1 0 1 1 0 1 1 1 0 1 0 0 1 0 0
220	2	1 1 0 0 0 0 0 0 0 0 1 0 0 0 0 1
220	2	1 1 0 1 0 1 0 0 1 0 0 0 0 1 0 0
220	1	1 1 0 1 0 0 0 0 1 0 1 0 0 0 0 0
220	1	0 1 1 1 1 0 0 0 1 1 1 0 0 0 0 0
220	1	1 1 0 0 0 1 0 1 1 1 1 0 0 0 0 1
220	1	1 1 0 1 0 0 1 1 1 0 1 0 0 0 0 1
220	1	1 1 0 1 0 1 0 0 1 0 1 1 0 0 0 0
220	2	1 1 0 1 1 1 0 0 0 1 0 0 0 1 0 0
220	2	1 1 0 1 0 0 0 1 1 1 1 0 0 0 0 0
220	1	1 1 1 0 0 1 0 1 0 0 1 0 0 0 0 0
220	1	1 1 0 1 0 0 0 0 1 0 0 0 1 1 0 0
230	3	0 1 0 1 0 0 0 0 1 0 1 0 0 1 0 0
230	22	0 0 0 1 0 0 0 1 1 0 1 0 0 0 0 0
230	11	1 1 0 1 0 0 0 0 1 0 1 0 0 1 0 0
230	50	1 1 0 1 0 1 0 0 0 1 1 0 0 1 0 0
230	66	0 1 0 1 0 0 0 1 1 0 1 0 0 0 0 0
230	11	1 1 0 0 0 0 0 0 0 0 1 0 0 1 0 0
230	18	1 1 0 1 0 0 1 0 1 0 1 0 1 1 0 0
230	11	1 1 0 0 0 1 0 0 0 1 1 1 0 0 0 0
230	35	1 1 0 1 0 0 1 0 1 0 1 0 0 0 0 0
230	9	1 1 1 0 0 1 0 0 1 1 1 0 0 1 0 0
230	8	1 1 0 1 0 0 0 0 1 0 1 0 1 1 0 0
230	1	1 0 0 0 0 1 0 0 1 1 1 0 0 1 0 0
230	33	0 0 1 1 0 0 0 0 1 1 1 0 0 0 0 0
230	29	0 1 0 1 1 0 0 1 1 0 1 0 0 0 0 0
230	11	1 1 0 1 0 0 0 0 1 0 1 1 0 0 0 0
230	16	0 0 1 1 0 0 0 0 1 0 0 1 0 1 0 1
230	31	0 1 0 1 1 0 0 0 1 0 1 1 0 0 0 0
230	14	1 1 0 0 0 0 0 0 1 0 0 0 0 0 0 0
230	7	1 1 0 1 1 0 1 0 0 1 1 1 0 0 0 0
230	10	1 1 0 1 0 0 0 0 0 1 1 0 0 1 0 0
230	84	0 1 0 1 0 0 1 1 1 0 1 0 0 0 0 1
230	16	1 1 0 0 0 0 0 0 1 1 0 0 0 0 0 0
230	25	0 0 1 1 1 0 0 0 1 1 1 0 0 0 0 0
230	1	1 1 1 0 0 1 0 0 0 1 1 0 0 1 0 0
230	6	0 0 0 1 0 0 1 0 1 0 1 1 0 1 0 0
230	18	1 1 0 0 0 1 0 1 1 1 1 0 0 1 0 0
230	7	0 1 0 1 0 1 0 0 1 0 0 0 0 1 0 0
230	4	0 0 1 0 0 1 0 0 1 1 1 0 0 1 0 0
230	6	1 1 0 0 0 0 0 0 0 1 1 0 0 1 0 0
230	12	0 1 1 1 1 0 1 0 1 0 1 1 0 0 0 0
230	3	0 0 0 1 0 0 1 0 1 0 1 1 0 0 0 0
230	12	0 1 0 1 0 1 0 0 1 0 1 1 0 0 0 0
230	6	1 1 0 1 0 1 0 0 0 1 0 0 0 1 0 0
230	5	1 1 0 1 0 0 0 0 0 0 1 1 0 0 0 0
230	3	0 0 1 1 0 0 0 1 1 0 1 0 0 1 0 0
230	1	0 0 1 1 1 0 0 0 1 0 0 0 0 0 0 0
230	32	1 1 0 1 0 0 0 1 1 0 1 0 0 0 0 0
230	12	0 0 0 1 0 0 0 0 1 0 1 0 0 1 0 0
230	16	1 1 1 0 0 1 0 1 1 0 1 0 0 0 0 0
230	6	1 1 1 1 0 1 0 0 0 1 1 0 0 1 0 0
230	7	0 1 0 1 0 0 1 0 1 0 1 0 0 0 0 0
230	12	0 1 0 0 0 0 0 0 1 0 1 0 0 0 0 0
230	3	0 0 1 1 1 0 0 1 1 1 1 0 0 0 0 0
230	4	1 0 0 0 0 0 0 0 0 0 1 0 0 1 0 0
230	4	1 1 0 0 0 1 0 1 1 1 1 0 0 1 1 0
230	26	0 1 1 1 1 0 1 0 1 0 1 0 0 1 0 0
230	1	0 1 0 1 1 0 0 1 1 1 1 1 0 0 0 0
230	4	1 0 0 1 0 0 0 0 0 1 1 0 0 1 0 0
230	1	0 1 0 1 0 1 1 0 1 0 0 0 0 1 0 0
230	12	0 1 0 1 1 0 0 1 1 0 1 0 0 1 1 0
230	3	1 1 0 1 0 0 0 0 1 1 1 0 0 0 0 0
230	17	0 1 1 1 1 0 1 0 1 0 1 0 1 1 0 0
230	4	1 1 0 1 0 0 1 0 1 0 0 0 1 1 0 0
230	9	0 1 0 1 0 0 1 1 1 0 1 0 0 0 0 0
230	6	1 1 0 0 0 0 0 0 0 0 1 0 1 1 0 0
230	2	0 1 1 1 1 0 1 0 1 0 1 0 0 0 0 0
230	5	1 0 1 1 0 1 0 0 0 1 1 0 0 0 0 0
230	2	0 1 0 1 1 0 1 1 1 0 1 0 0 1 0 0
230	1	1 1 0 1 0 1 0 0 1 0 0 0 0 1 0 0
230	19	1 1 0 1 0 0 1 1 1 0 1 0 0 0 0 1
230	5	1 1 0 1 0 0 0 1 1 1 1 0 0 0 0 0
230	2	0 1 0 1 0 0 1 1 1 0 1 0 0 1 0 0
230	9	0 1 0 1 1 0 0 0 1 0 1 0 0 0 0 0
230	5	0 0 1 1 1 0 0 0 1 1 1 0 0 0 0 1
230	1	0 0 1 0 0 1 0 0 1 0 1 0 0 0 0 0
230	2	0 1 1 1 0 0 0 0 1 0 1 0 0 1 0 0
230	8	0 1 0 1 0 0 0 1 0 0 0 0 0 1 0 0
230	1	0 1 0 1 0 0 0 1 0 0 0 0 0 0 0 0
230	8	0 0 0 1 0 1 0 0 0 1 1 0 0 1 0 0
230	1	0 1 0 0 0 0 1 0 1 0 1 0 0 0 0 0
230	13	1 1 0 0 0 0 0 0 1 1 1 0 0 0 0 1
230	2	0 1 0 1 1 0 0 1 1 0 1 0 0 1 0 0
230	3	1 1 0 0 0 0 1 0 1 0 1 0 1 1 0 0
230	3	0 1 0 1 0 0 0 0 1 0 0 0 0 1 0 0
230	10	0 0 1 1 0 0 0 0 1 0 0 0 0 0 0 0
230	1	1 1 0 0 0 0 0 1 1 1 1 0 0 1 0 0
230	2	0 1 1 1 0 0 0 0 1 0 1 0 1 1 0 0
230	5	0 0 1 0 1 0 0 0 1 1 1 0 0 0 0 0
230	5	1 0 1 1 0 1 0 0 1 0 1 1 0 1 0 0
230	8	1 0 1 1 1 0 0 1 1 1 1 0 0 0 0 0
230	3	1 1 0 1 0 0 0 0 1 0 0 1 0 1 0 1
230	4	1 0 1 1 1 0 0 0 1 1 1 0 0 0 0 0
230	3	1 1 1 0 0 1 0 0 1 0 1 0 0 0 0 1
230	4	0 0 0 1 0 0 0 0 1 0 1 0 1 1 0 0
230	3	0 1 0 1 1 0 1 0 1 0 1 0 1 1 0 0
230	5	0 1 0 1 0 0 1 0 1 0 0 1 0 1 0 1
230	6	0 1 0 1 0 0 0 1 1 0 1 0 0 0 0 1
230	1	1 1 0 0 0 0 0 0 0 0 1 0 0 0 0 0
230	5	1 1 0 1 0 0 1 0 1 0 0 0 0 0 0 0
230	3	1 1 0 1 0 0 0 0 0 0 1 0 0 0 0 0
230	1	0 0 1 1 1 0 0 0 0 0 1 1 0 1 0 1
230	3	1 1 0 1 1 0 0 1 1 0 1 0 0 0 0 0
230	2	1 1 0 1 0 0 1 0 1 0 1 0 0 0 0 1
230	4	0 1 1 1 1 0 1 0 0 1 1 0 0 1 0 0
230	1	0 0 1 0 1 0 0 0 1 1 1 1 0 0 0 0
230	3	0 0 0 1 0 0 0 1 1 0 1 0 0 0 0 1
230	1	1 1 0 1 0 0 1 0 1 0 1 0 0 1 0 0
230	3	0 0 0 1 0 0 0 0 1 0 1 0 0 0 0 0
230	1	0 1 0 0 0 0 0 1 1 0 1 0 0 0 0 0
230	2	0 0 1 1 0 0 0 0 1 1 1 0 0 0 0 1
230	4	0 0 1 1 0 0 0 0 1 1 1 1 0 0 0 0
230	2	0 1 0 1 0 0 1 1 1 1 1 0 0 0 0 1
230	2	1 1 0 1 0 1 0 0 0 1 1 0 0 1 0 1
230	3	1 1 0 1 0 1 0 0 0 0 1 0 0 0 0 0
230	2	1 0 1 1 0 0 0 0 1 1 1 0 0 0 0 0
230	2	0 1 1 1 1 0 0 0 0 1 1 0 0 1 0 0
230	2	1 0 1 1 0 0 1 0 1 0 1 0 0 0 0 0
230	1	1 1 0 1 0 1 0 0 0 1 1 0 1 1 0 0
230	3	0 1 0 1 0 0 0 1 1 0 1 0 0 0 1 0
230	2	0 1 1 1 0 0 0 1 1 0 1 0 0 0 0 0
230	1	1 1 0 0 0 0 1 0 1 0 1 0 0 0 0 0
230	1	0 0 1 1 0 0 0 1 1 1 1 0 0 0 0 0
230	3	0 0 1 1 1 0 0 0 0 1 1 0 0 0 0 0
230	1	0 1 0 1 1 0 1 0 1 0 1 0 0 1 0 0
230	4	0 1 1 1 1 0 1 0 1 0 1 0 1 1 1 0
230	2	1 1 0 0 0 0 0 1 0 0 1 0 1 1 0 0
240	21	0 0 0 1 0 0 0 1 1 0 1 0 0 0 0 0
240	16	1 1 0 1 0 0 0 0 1 0 1 0 0 1 0 0
240	52	1 1 0 1 0 1 0 0 0 1 1 0 0 1 0 0
240	112	0 1 0 1 0 0 0 1 1 0 1 0 0 0 0 0
240	6	1 1 0 1 0 0 1 0 1 0 1 0 1 1 0 0
240	10	1 1 0 0 0 1 0 0 0 1 1 1 0 0 0 0
240	40	1 1 0 1 0 0 1 0 1 0 1 0 0 0 0 0
240	18	1 1 1 0 0 1 0 0 1 1 1 0 0 1 0 0
240	14	1 1 0 1 0 0 0 0 1 0 1 0 1 1 0 0
240	15	0 0 1 1 0 0 0 0 1 1 1 0 0 0 0 0
240	35	0 1 0 1 1 0 0 1 1 0 1 0 0 0 0 0
240	2	1 1 0 1 0 0 0 0 1 0 1 1 0 0 0 0
240	8	0 1 0 1 1 0 0 0 1 0 1 1 0 0 0 0
240	18	1 1 0 0 0 0 0 0 1 0 0 0 0 0 0 0
240	12	1 1 0 1 1 0 1 0 0 1 1 1 0 0 0 0
240	41	0 1 0 1 0 0 1 1 1 0 1 0 0 0 0 1
240	13	1 1 0 0 0 0 0 0 1 1 0 0 0 0 0 0
240	40	0 0 1 1 1 0 0 0 1 1 1 0 0 0 0 0
240	3	1 1 0 0 0 1 0 1 1 1 1 0 0 1 0 0
240	17	0 1 1 1 1 0 1 0 1 0 1 1 0 0 0 0
240	1	0 1 0 1 0 1 0 0 1 0 1 1 0 0 0 0
240	19	1 1 0 1 0 0 0 0 0 0 1 1 0 0 0 0
240	10	0 0 1 1 1 0 0 0 1 0 0 0 0 0 0 0
240	40	1 1 0 1 0 0 0 1 1 0 1 0 0 0 0 0
240	22	0 0 0 1 0 0 0 0 1 0 1 0 0 1 0 0
240	4	1 1 1 1 0 1 0 0 0 1 1 0 0 1 0 0
240	11	0 1 0 1 0 0 1 0 1 0 1 0 0 0 0 0
240	1	0 1 0 0 0 0 0 0 1 0 1 0 0 0 0 0
240	19	0 1 1 1 1 0 1 0 1 0 1 0 0 1 0 0
240	4	1 0 0 1 0 0 0 0 0 1 1 0 0 1 0 0
240	27	0 1 1 1 1 0 1 0 1 0 1 0 1 1 0 0
240	30	0 1 0 1 0 0 1 1 1 0 1 0 0 0 0 0
240	3	1 1 0 0 0 0 0 0 0 0 1 0 1 1 0 0
240	12	1 1 0 1 0 0 1 1 1 0 1 0 0 0 0 1
240	15	1 1 0 1 0 0 0 1 1 1 1 0 0 0 0 0
240	2	1 1 0 0 0 0 1 0 1 0 1 0 1 1 0 0
240	15	0 0 1 1 0 0 0 0 1 0 0 0 0 0 0 0
240	15	0 1 1 1 0 0 0 0 1 0 1 0 1 1 0 0
240	1	1 0 1 1 0 1 0 0 1 0 1 1 0 1 0 0
240	4	1 0 1 1 1 0 0 1 1 1 1 0 0 0 0 0
240	28	1 0 1 1 1 0 0 0 1 1 1 0 0 0 0 0
240	1	0 0 0 1 0 0 0 0 1 0 1 0 1 1 0 0
240	2	0 1 0 1 0 0 1 0 1 0 0 1 0 1 0 1
240	7	0 1 0 1 0 0 0 1 1 0 1 0 0 0 0 1
240	10	1 1 0 1 0 0 0 0 0 0 1 0 0 0 0 0
240	3	0 1 1 1 1 0 1 0 0 1 1 0 0 1 0 0
240	2	0 0 1 0 1 0 0 0 1 1 1 1 0 0 0 0
240	2	0 0 0 1 0 0 0 0 1 0 1 0 0 0 0 0
240	4	0 0 1 1 0 0 0 0 1 1 1 1 0 0 0 0
240	8	0 1 0 1 0 0 1 1 1 1 1 0 0 0 0 1
240	5	1 1 0 1 0 1 0 0 0 0 1 0 0 0 0 0
240	8	0 1 0 1 0 0 0 1 1 0 1 0 0 0 1 0
240	4	0 1 1 1 0 0 0 1 1 0 1 0 0 0 0 0
240	1	0 0 1 1 0 0 0 1 1 1 1 0 0 0 0 0
240	6	0 0 1 1 1 0 0 0 0 1 1 0 0 0 0 0
240	1	0 1 1 1 1 0 1 0 1 0 1 0 1 1 1 0
240	2	0 1 0 1 1 0 1 1 1 0 1 0 0 1 1 0
240	3	0 0 0 1 0 0 0 1 1 0 1 0 0 1 0 0
240	2	1 0 1 1 0 0 0 0 1 1 1 0 0 0 0 0
240	7	0 1 0 0 0 1 0 0 1 0 1 0 0 0 0 0
240	3	0 1 0 1 0 0 0 0 1 0 1 0 0 0 0 0
240	3	1 1 0 1 0 0 0 0 1 0 0 0 0 1 0 0
240	5	1 0 0 0 0 0 0 0 1 1 0 0 0 0 0 0
240	1	1 1 1 0 0 1 0 1 1 0 1 0 0 0 0 1
240	5	0 0 1 0 1 0 0 0 1 0 1 1 0 0 0 0
240	10	1 0 1 1 0 1 0 0 1 1 1 0 0 0 0 0
240	3	0 1 0 1 0 0 0 0 1 0 1 0 1 1 0 0
240	5	0 1 0 1 0 1 0 0 0 1 1 0 0 1 0 0
240	5	1 1 0 1 0 0 0 1 1 0 1 0 0 0 1 0
240	1	0 1 0 1 0 0 1 1 1 0 1 0 1 0 0 1
240	1	1 1 0 1 0 0 0 1 0 0 1 1 0 0 0 0
240	1	1 1 0 0 0 0 1 0 1 1 1 0 0 0 0 1
240	3	0 0 1 1 0 0 1 0 1 0 0 0 0 0 0 0
240	2	0 1 0 1 1 0 1 1 1 1 1 0 0 0 0 1
240	3	0 0 1 0 0 1 0 0 1 0 1 0 0 0 0 0
240	2	0 0 0 1 0 1 0 0 0 1 1 0 0 0 0 0
240	1	0 1 0 1 0 0 0 1 1 0 1 1 0 0 0 0
240	2	1 1 1 0 0 1 0 0 1 1 1 0 1 1 0 0
240	4	0 1 0 0 0 0 0 0 1 0 1 0 1 0 0 0
240	3	1 0 1 1 1 0 1 1 1 1 1 0 0 0 0 0
240	5	0 0 1 1 0 0 0 0 1 1 0 1 0 0 0 0
240	6	0 1 0 1 1 1 0 0 0 1 1 0 0 1 0 0
240	4	0 1 0 1 0 0 1 1 1 1 1 0 0 0 0 0
240	3	0 0 0 1 0 0 1 1 1 0 1 0 0 0 0 1
240	2	0 0 1 1 0 0 0 0 1 0 0 0 0 1 0 0
240	4	1 1 0 1 0 0 0 0 1 0 1 0 0 0 0 0
240	4	1 1 0 0 0 0 0 0 1 1 0 0 0 1 0 0
240	1	0 0 0 0 0 0 0 0 1 0 1 0 0 1 0 0
240	5	1 1 0 0 1 0 0 0 1 1 1 0 0 0 0 1
240	3	0 1 0 1 0 0 1 1 1 0 0 0 1 0 0 1
240	1	0 0 1 1 0 0 0 0 1 1 1 0 0 1 0 0
240	4	0 1 1 1 1 0 0 0 1 1 1 0 0 0 0 0
240	2	1 0 1 1 0 0 0 1 0 0 1 1 0 0 0 0
240	1	0 1 0 1 0 0 0 1 0 0 1 0 0 0 0 0
240	3	0 1 0 0 0 0 1 1 1 0 1 0 0 0 0 1
240	1	1 1 0 1 0 0 0 0 0 0 1 1 0 0 0 1
240	2	1 1 1 1 0 0 0 0 0 0 1 1 0 0 0 0
240	1	1 1 1 1 0 1 0 1 0 1 1 0 0 1 0 0
240	2	1 1 0 1 0 0 0 0 0 0 1 0 0 0 1 0
240	2	0 0 0 1 0 0 1 1 1 1 1 0 0 0 0 1
240	4	1 0 1 0 0 1 0 1 1 0 1 0 0 0 0 1
240	3	0 1 1 1 1 0 1 0 1 1 1 0 0 0 0 0
240	1	0 1 0 1 0 0 0 0 1 0 1 0 0 1 0 0
240	2	0 0 1 1 1 0 0 1 1 0 1 0 0 0 0 0
240	1	0 1 0 1 0 0 0 1 1 1 1 0 0 0 0 0
240	2	0 1 1 1 0 0 0 0 1 0 1 0 0 1 0 0
240	3	0 1 0 1 0 1 1 0 1 0 1 0 1 1 0 0
240	2	0 0 0 1 0 0 0 1 1 0 0 0 0 0 0 0
240	2	0 1 0 1 1 0 0 1 1 0 1 0 0 1 0 0
240	1	0 0 1 1 1 0 0 0 1 1 1 0 1 0 0 0
240	2	0 1 1 1 0 1 0 0 0 1 1 0 0 1 0 0
240	1	0 1 1 1 1 0 0 0 1 0 1 0 0 1 0 0
240	3	0 1 0 1 0 0 0 0 1 0 1 0 0 0 0 1
250	1	0 0 0 1 0 0 0 1 1 0 1 0 0 0 0 0
250	14	1 1 0 1 0 0 0 0 1 0 1 0 0 1 0 0
250	55	1 1 0 1 0 1 0 0 0 1 1 0 0 1 0 0
250	121	0 1 0 1 0 0 0 1 1 0 1 0 0 0 0 0
250	12	1 1 0 1 0 0 1 0 1 0 1 0 1 1 0 0
250	5	1 1 0 0 0 1 0 0 0 1 1 1 0 0 0 0
250	64	1 1 0 1 0 0 1 0 1 0 1 0 0 0 0 0
250	27	1 1 1 0 0 1 0 0 1 1 1 0 0 1 0 0
250	20	0 0 1 1 0 0 0 0 1 1 1 0 0 0 0 0
250	51	0 1 0 1 1 0 0 1 1 0 1 0 0 0 0 0
250	20	1 1 0 0 0 0 0 0 1 0 0 0 0 0 0 0
250	7	1 1 0 1 1 0 1 0 0 1 1 1 0 0 0 0
250	20	0 1 0 1 0 0 1 1 1 0 1 0 0 0 0 1
250	4	1 1 0 0 0 0 0 0 1 1 0 0 0 0 0 0
250	62	0 0 1 1 1 0 0 0 1 1 1 0 0 0 0 0
250	31	0 1 1 1 1 0 1 0 1 0 1 1 0 0 0 0
250	11	1 1 0 1 0 0 0 0 0 0 1 1 0 0 0 0
250	18	0 0 1 1 1 0 0 0 1 0 0 0 0 0 0 0
250	13	1 1 0 1 0 0 0 1 1 0 1 0 0 0 0 0
250	2	0 0 0 1 0 0 0 0 1 0 1 0 0 1 0 0
250	7	1 1 1 1 0 1 0 0 0 1 1 0 0 1 0 0
250	11	0 1 0 1 0 0 1 0 1 0 1 0 0 0 0 0
250	15	0 1 1 1 1 0 1 0 1 0 1 0 0 1 0 0
250	24	0 1 1 1 1 0 1 0 1 0 1 0 1 1 0 0
250	22	0 1 0 1 0 0 1 1 1 0 1 0 0 0 0 0
250	29	1 1 0 1 0 0 1 1 1 0 1 0 0 0 0 1
250	5	1 1 0 1 0 0 0 1 1 1 1 0 0 0 0 0
250	2	0 0 1 1 0 0 0 0 1 0 0 0 0 0 0 0
250	3	0 1 1 1 0 0 0 0 1 0 1 0 1 1 0 0
250	37	1 0 1 1 1 0 0 0 1 1 1 0 0 0 0 0
250	3	0 1 1 1 1 0 1 0 0 1 1 0 0 1 0 0
250	5	0 0 0 1 0 0 0 0 1 0 1 0 0 0 0 0
250	2	0 1 0 1 0 0 1 1 1 1 1 0 0 0 0 1
250	20	0 1 0 1 0 0 0 1 1 0 1 0 0 0 1 0
250	2	0 0 1 1 1 0 0 0 0 1 1 0 0 0 0 0
250	1	0 0 0 1 0 0 0 1 1 0 1 0 0 1 0 0
250	2	1 0 1 1 0 0 0 0 1 1 1 0 0 0 0 0
250	1	1 0 1 1 0 1 0 0 1 1 1 0 0 0 0 0
250	5	0 1 0 1 0 1 0 0 0 1 1 0 0 1 0 0
250	4	1 1 0 1 0 0 0 1 1 0 1 0 0 0 1 0
250	8	0 0 1 1 0 0 0 0 1 1 0 1 0 0 0 0
250	12	0 1 0 1 1 1 0 0 0 1 1 0 0 1 0 0
250	4	1 1 0 1 0 0 0 0 1 0 1 0 0 0 0 0
250	8	1 1 0 0 0 0 0 0 1 1 0 0 0 1 0 0
250	1	1 1 0 0 1 0 0 0 1 1 1 0 0 0 0 1
250	10	0 1 0 1 0 0 1 1 1 0 0 0 1 0 0 1
250	2	0 1 1 1 1 0 0 0 1 1 1 0 0 0 0 0
250	1	0 1 0 1 0 0 0 1 0 0 1 0 0 0 0 0
250	3	0 1 0 0 0 0 1 1 1 0 1 0 0 0 0 1
250	9	1 1 0 1 0 0 0 0 0 0 1 0 0 0 1 0
250	11	0 1 1 1 1 0 1 0 1 1 1 0 0 0 0 0
250	7	0 1 1 1 0 1 0 0 0 1 1 0 0 1 0 0
250	1	0 0 0 1 0 0 0 0 1 1 1 0 0 1 0 0
250	5	0 1 1 1 1 0 1 0 1 0 1 0 0 0 0 0
250	2	0 0 0 1 0 0 0 1 1 0 1 1 0 0 0 0
250	2	1 1 1 1 1 0 0 0 1 1 1 0 0 0 0 0
250	16	1 1 0 1 0 0 0 1 1 0 1 0 0 1 0 0
250	2	0 0 0 0 0 1 0 0 1 0 1 0 0 0 0 0
250	10	0 1 0 1 1 0 0 0 1 0 1 0 0 0 0 0
250	5	1 1 1 1 1 0 1 0 0 1 1 1 0 0 0 0
250	7	0 1 0 1 0 0 0 1 1 1 1 0 0 0 0 0
250	3	0 1 0 1 0 0 0 1 1 0 0 0 0 0 0 0
250	2	1 1 0 0 0 0 1 1 1 0 1 0 0 0 0 1
250	3	0 1 0 1 0 0 0 0 1 0 1 0 0 0 0 0
250	3	0 0 1 1 1 0 1 0 1 1 1 0 0 0 0 0
250	5	0 1 0 1 0 0 1 1 0 1 1 1 0 0 0 0
250	2	0 0 1 1 1 0 0 1 1 0 1 0 0 0 0 0
250	10	0 0 0 1 0 0 0 0 1 1 1 0 0 0 0 0
250	3	1 1 0 0 1 0 0 0 1 1 1 0 0 0 0 0
250	1	1 1 0 1 0 0 1 0 1 0 1 0 0 1 0 0
250	2	0 1 1 1 1 0 1 0 1 0 1 1 0 0 0 1
250	3	1 1 0 1 1 0 0 1 1 0 1 0 0 0 0 0
250	1	1 0 1 1 1 0 0 1 1 0 1 0 0 0 0 0
250	4	0 1 1 1 1 0 1 0 0 1 1 1 0 0 0 0
250	4	1 0 1 1 1 0 1 1 1 0 1 0 0 0 0 0
250	2	0 1 0 0 0 0 0 0 1 1 1 0 0 0 0 0
250	3	1 1 0 1 0 0 1 0 1 0 1 0 1 1 0 1
250	5	1 1 0 0 0 1 0 0 1 1 0 0 0 1 0 0
250	1	1 1 0 0 0 0 0 0 0 0 1 0 0 0 1 0
250	3	0 1 1 1 0 0 1 0 1 0 1 0 0 0 0 0
250	2	1 1 0 1 0 0 0 0 1 0 1 1 0 0 0 0
250	2	1 1 0 0 0 1 0 0 1 0 1 0 0 0 0 0
250	5	0 0 1 1 1 1 0 0 1 1 1 0 0 1 0 0
250	1	1 1 1 1 1 0 0 0 0 1 1 0 0 0 0 0
250	1	0 1 0 1 0 0 0 1 1 0 0 0 0 0 0 1
250	1	1 1 0 1 0 0 0 0 0 1 1 0 0 1 0 0
250	1	1 1 1 1 0 0 1 1 1 0 1 0 0 0 0 1
250	2	1 1 1 0 0 0 0 0 1 1 1 0 0 1 0 0
250	4	0 1 0 1 1 0 1 1 1 0 1 0 0 0 0 1
250	2	1 1 1 1 0 1 0 0 1 1 1 0 0 1 0 0
250	1	0 1 0 1 1 0 1 0 1 0 1 0 0 1 0 0
250	3	1 0 0 1 0 0 1 1 1 0 1 0 0 0 0 1
250	2	1 0 1 1 1 0 1 0 1 1 1 0 0 0 0 0
250	3	0 1 1 1 0 1 0 1 0 1 1 0 0 1 0 0
250	5	0 0 1 1 1 0 1 1 1 0 1 0 0 0 0 1
250	2	1 1 0 1 1 0 1 0 1 0 1 0 0 1 0 0
250	1	0 1 1 1 1 0 0 0 0 0 1 0 0 0 1 0
250	1	1 1 0 1 0 0 1 1 1 0 1 0 1 1 0 0
250	1	0 1 1 0 0 1 0 0 1 1 1 0 0 1 0 0
250	2	1 1 0 0 0 0 0 0 1 1 1 0 0 0 0 0
250	1	1 1 0 1 0 1 0 0 0 1 1 0 0 1 1 0
250	2	0 1 0 1 0 0 0 1 1 0 1 0 1 0 0 0
250	2	1 1 1 1 0 0 1 0 1 0 1 0 0 0 0 0
250	3	0 1 0 1 1 0 0 1 1 0 0 0 0 0 0 0
250	1	0 0 1 1 1 0 0 0 1 0 1 0 0 0 0 0
250	3	0 1 1 1 1 0 1 0 1 0 0 1 0 0 0 0
250	2	0 1 1 1 0 0 0 0 0 0 1 0 1 1 0 0
260	20	1 1 0 1 0 0 0 0 1 0 1 0 0 1 0 0
260	92	1 1 0 1 0 1 0 0 0 1 1 0 0 1 0 0
260	57	0 1 0 1 0 0 0 1 1 0 1 0 0 0 0 0
260	79	1 1 0 1 0 0 1 0 1 0 1 0 0 0 0 0
260	10	1 1 1 0 0 1 0 0 1 1 1 0 0 1 0 0
260	2	0 0 1 1 0 0 0 0 1 1 1 0 0 0 0 0
260	17	0 1 0 1 1 0 0 1 1 0 1 0 0 0 0 0
260	41	1 1 0 0 0 0 0 0 1 0 0 0 0 0 0 0
260	7	1 1 0 1 1 0 1 0 0 1 1 1 0 0 0 0
260	6	0 1 0 1 0 0 1 1 1 0 1 0 0 0 0 1
260	1	1 1 0 0 0 0 0 0 1 1 0 0 0 0 0 0
260	76	0 0 1 1 1 0 0 0 1 1 1 0 0 0 0 0
260	50	0 1 1 1 1 0 1 0 1 0 1 1 0 0 0 0
260	18	1 1 0 1 0 0 0 0 0 0 1 1 0 0 0 0
260	2	0 0 1 1 1 0 0 0 1 0 0 0 0 0 0 0
260	2	1 1 0 1 0 0 0 1 1 0 1 0 0 0 0 0
260	4	0 0 0 1 0 0 0 0 1 0 1 0 0 1 0 0
260	7	0 1 0 1 0 0 1 0 1 0 1 0 0 0 0 0
260	9	0 1 1 1 1 0 1 0 1 0 1 0 0 1 0 0
260	11	0 1 1 1 1 0 1 0 1 0 1 0 1 1 0 0
260	26	0 1 0 1 0 0 1 1 1 0 1 0 0 0 0 0
260	14	1 1 0 1 0 0 1 1 1 0 1 0 0 0 0 1
260	6	0 0 1 1 0 0 0 0 1 0 0 0 0 0 0 0
260	1	0 1 1 1 0 0 0 0 1 0 1 0 1 1 0 0
260	55	1 0 1 1 1 0 0 0 1 1 1 0 0 0 0 0
260	4	0 1 1 1 1 0 1 0 0 1 1 0 0 1 0 0
260	5	0 0 0 1 0 0 0 0 1 0 1 0 0 0 0 0
260	4	0 0 1 1 1 0 0 0 0 1 1 0 0 0 0 0
260	2	1 0 1 1 0 0 0 0 1 1 1 0 0 0 0 0
260	5	1 0 1 1 0 1 0 0 1 1 1 0 0 0 0 0
260	7	0 1 0 1 0 1 0 0 0 1 1 0 0 1 0 0
260	1	0 0 1 1 0 0 0 0 1 1 0 1 0 0 0 0
260	5	1 1 0 0 0 0 0 0 1 1 0 0 0 1 0 0
260	7	0 1 1 1 1 0 1 0 1 1 1 0 0 0 0 0
260	10	0 1 1 1 1 0 1 0 1 0 1 0 0 0 0 0
260	3	0 0 0 1 0 0 0 1 1 0 1 1 0 0 0 0
260	5	1 1 0 1 0 0 0 1 1 0 1 0 0 1 0 0
260	1	0 1 0 1 1 0 0 0 1 0 1 0 0 0 0 0
260	12	1 1 1 1 1 0 1 0 0 1 1 1 0 0 0 0
260	7	0 1 0 1 0 0 0 1 1 1 1 0 0 0 0 0
260	11	0 1 0 1 0 0 0 1 1 0 0 0 0 0 0 0
260	4	0 0 1 1 1 0 1 0 1 1 1 0 0 0 0 0
260	21	0 0 0 1 0 0 0 0 1 1 1 0 0 0 0 0
260	10	0 1 1 1 1 0 1 0 1 0 1 1 0 0 0 1
260	4	1 1 0 1 1 0 0 1 1 0 1 0 0 0 0 0
260	2	0 1 0 0 0 0 0 0 1 1 1 0 0 0 0 0
260	1	1 1 0 1 0 0 0 0 1 0 1 1 0 0 0 0
260	4	0 1 0 1 1 0 1 1 1 0 1 0 0 0 0 1
260	8	1 1 1 1 0 1 0 0 1 1 1 0 0 1 0 0
260	9	1 0 0 1 0 0 1 1 1 0 1 0 0 0 0 1
260	1	0 0 1 1 1 0 1 1 1 0 1 0 0 0 0 1
260	3	0 1 1 1 0 0 0 0 0 0 1 0 1 1 0 0
260	7	0 1 0 1 0 1 0 1 1 0 1 0 0 0 0 0
260	5	1 1 0 0 0 0 1 0 1 0 1 0 0 0 0 0
260	3	1 1 0 1 0 1 0 0 0 1 1 0 0 0 0 0
260	6	0 1 0 1 0 0 0 1 1 0 1 0 0 1 0 0
260	4	0 1 0 1 1 0 1 0 1 1 1 0 0 0 0 0
260	2	0 1 0 1 0 0 0 1 1 0 0 0 0 0 1 0
260	11	1 1 0 1 0 1 0 0 1 0 1 1 0 0 0 0
260	13	1 1 1 1 1 0 1 1 1 0 1 0 0 0 0 0
260	1	0 1 0 1 1 0 0 1 1 0 1 0 0 0 0 1
260	5	0 1 0 1 0 0 1 1 1 1 1 0 0 0 0 1
260	2	1 0 1 1 1 0 0 0 1 1 1 0 1 0 0 0
260	3	0 0 0 1 0 0 0 0 1 0 0 0 0 0 0 0
260	6	0 1 1 1 1 0 0 0 1 0 1 0 1 1 0 0
260	5	0 1 0 1 0 1 1 1 1 0 1 0 0 0 0 0
260	11	1 1 0 1 0 1 0 0 1 0 1 0 0 0 0 0
260	24	0 1 0 1 0 0 0 0 1 0 0 0 0 0 0 0
260	2	0 0 1 1 0 0 0 1 1 1 1 0 0 0 0 0
260	7	0 1 1 1 1 0 1 0 0 1 1 1 0 0 0 1
260	8	0 1 0 0 0 0 0 0 1 0 0 0 0 0 0 0
260	21	1 1 0 1 0 0 1 0 1 0 0 0 0 0 0 0
260	5	0 1 0 1 0 0 0 0 1 0 1 0 0 0 0 0
260	8	1 1 0 1 0 0 1 0 1 0 1 0 0 1 0 0
260	1	0 1 0 1 1 0 0 0 1 0 1 0 1 1 0 0
260	7	0 1 1 1 1 0 0 1 1 0 1 0 0 0 0 0
260	3	0 0 1 1 1 0 1 0 1 0 1 1 0 0 0 0
260	2	0 1 0 1 1 0 1 0 1 1 1 0 0 1 0 0
260	2	1 1 0 0 0 0 1 0 1 1 1 0 0 0 0 0
260	4	0 0 0 1 1 1 0 0 1 1 1 0 0 0 0 0
260	4	0 1 1 1 1 0 1 0 1 0 1 1 1 0 0 1
260	7	0 0 1 1 0 0 0 0 0 1 1 0 0 1 0 0
260	3	0 1 0 0 0 0 0 1 1 0 1 0 0 0 0 0
260	2	0 0 1 1 1 0 0 0 1 1 1 0 0 0 0 1
260	1	0 1 0 1 0 0 1 1 1 0 1 0 0 0 1 0
260	2	1 1 0 1 1 0 1 0 1 0 1 1 0 0 0 0
260	1	1 1 0 0 0 0 0 0 0 0 0 0 0 0 0 0
260	4	1 1 0 1 0 1 0 0 1 0 1 1 1 0 0 0
260	2	1 1 0 0 0 1 0 0 1 1 1 0 0 0 0 0
260	3	1 0 1 1 1 0 0 0 0 1 1 0 0 0 0 0
260	1	0 0 1 1 1 0 0 1 1 0 1 0 0 0 0 0
260	1	1 1 1 1 0 1 1 1 1 0 1 0 0 0 0 0
260	2	0 1 1 1 1 0 0 0 1 0 1 0 0 0 0 0
260	2	1 0 0 1 0 0 1 0 1 0 1 0 0 0 0 0
260	2	0 1 1 1 0 0 0 0 1 0 1 0 1 1 0 1
260	1	0 0 0 0 0 0 0 0 1 0 1 0 0 0 0 0
260	2	1 0 1 1 0 1 0 0 1 1 1 0 0 1 0 0
260	3	0 1 0 1 0 0 0 1 1 0 1 0 0 0 0 1
260	2	1 0 1 1 1 0 0 0 1 0 1 0 0 1 0 0
260	1	1 0 0 1 0 0 0 0 0 0 1 0 1 1 0 0
260	1	1 1 0 1 0 1 0 0 0 1 1 0 0 1 1 0
260	2	0 0 1 1 1 0 0 0 1 0 1 0 0 0 0 0
260	2	1 1 1 1 1 0 1 0 1 0 1 0 1 1 0 0
260	1	0 1 1 1 1 0 1 0 0 1 1 0 1 1 0 0
260	1	1 1 0 1 0 0 0 1 1 0 1 0 0 1 1 0
270	15	1 1 0 1 0 0 0 0 1 0 1 0 0 1 0 0
270	70	1 1 0 1 0 1 0 0 0 1 1 0 0 1 0 0
270	44	0 1 0 1 0 0 0 1 1 0 1 0 0 0 0 0
270	125	1 1 0 1 0 0 1 0 1 0 1 0 0 0 0 0
270	1	0 0 1 1 0 0 0 0 1 1 1 0 0 0 0 0
270	15	0 1 0 1 1 0 0 1 1 0 1 0 0 0 0 0
270	39	1 1 0 0 0 0 0 0 1 0 0 0 0 0 0 0
270	1	0 1 0 1 0 0 1 1 1 0 1 0 0 0 0 1
270	67	0 0 1 1 1 0 0 0 1 1 1 0 0 0 0 0
270	46	0 1 1 1 1 0 1 0 1 0 1 1 0 0 0 0
270	2	1 1 0 1 0 0 0 0 0 0 1 1 0 0 0 0
270	2	1 1 0 1 0 0 0 1 1 0 1 0 0 0 0 0
270	10	0 0 0 1 0 0 0 0 1 0 1 0 0 1 0 0
270	2	0 1 0 1 0 0 1 0 1 0 1 0 0 0 0 0
270	12	0 1 1 1 1 0 1 0 1 0 1 0 0 1 0 0
270	17	0 1 0 1 0 0 1 1 1 0 1 0 0 0 0 0
270	14	0 0 1 1 0 0 0 0 1 0 0 0 0 0 0 0
270	50	1 0 1 1 1 0 0 0 1 1 1 0 0 0 0 0
270	3	0 1 1 1 1 0 1 0 0 1 1 0 0 1 0 0
270	6	0 1 0 1 0 1 0 0 0 1 1 0 0 1 0 0
270	10	1 1 0 0 0 0 0 0 1 1 0 0 0 1 0 0
270	11	0 1 1 1 1 0 1 0 1 1 1 0 0 0 0 0
270	12	0 1 1 1 1 0 1 0 1 0 1 0 0 0 0 0
270	3	0 0 0 1 0 0 0 1 1 0 1 1 0 0 0 0
270	9	1 1 0 1 0 0 0 1 1 0 1 0 0 1 0 0
270	4	0 1 0 1 1 0 0 0 1 0 1 0 0 0 0 0
270	27	1 1 1 1 1 0 1 0 0 1 1 1 0 0 0 0
270	32	0 1 0 1 0 0 0 1 1 0 0 0 0 0 0 0
270	23	0 0 0 1 0 0 0 0 1 1 1 0 0 0 0 0
270	3	0 1 1 1 1 0 1 0 1 0 1 1 0 0 0 1
270	6	1 1 1 1 0 1 0 0 1 1 1 0 0 1 0 0
270	1	1 0 0 1 0 0 1 1 1 0 1 0 0 0 0 1
270	10	0 1 0 1 0 1 0 1 1 0 1 0 0 0 0 0
270	2	1 1 0 1 0 1 0 0 0 1 1 0 0 0 0 0
270	2	0 1 0 1 1 0 1 0 1 1 1 0 0 0 0 0
270	5	1 1 0 1 0 1 0 0 1 0 1 1 0 0 0 0
270	11	0 1 1 1 1 0 0 0 1 0 1 0 1 1 0 0
270	4	0 1 0 1 0 1 1 1 1 0 1 0 0 0 0 0
270	2	1 1 0 1 0 1 0 0 1 0 1 0 0 0 0 0
270	19	0 1 0 1 0 0 0 0 1 0 0 0 0 0 0 0
270	4	0 1 1 1 1 0 1 0 0 1 1 1 0 0 0 1
270	2	0 1 0 0 0 0 0 0 1 0 0 0 0 0 0 0
270	31	1 1 0 1 0 0 1 0 1 0 0 0 0 0 0 0
270	10	1 1 0 1 0 0 1 0 1 0 1 0 0 1 0 0
270	4	0 1 0 0 0 0 0 1 1 0 1 0 0 0 0 0
270	1	0 1 0 1 0 0 1 1 1 0 1 0 0 0 1 0
270	10	1 1 0 1 1 0 1 0 1 0 1 1 0 0 0 0
270	1	1 1 0 1 0 1 0 0 1 0 1 1 1 0 0 0
270	13	1 1 0 0 0 1 0 0 1 1 1 0 0 0 0 0
270	5	1 0 1 1 1 0 0 0 0 1 1 0 0 0 0 0
270	1	0 1 1 1 1 0 0 0 1 0 1 0 0 0 0 0
270	3	0 1 0 1 1 0 0 0 0 1 1 0 0 0 0 0
270	13	1 1 0 1 0 0 1 1 1 0 1 0 0 0 0 0
270	4	1 1 0 1 1 1 0 0 0 1 1 0 0 1 0 0
270	4	0 1 0 1 0 0 1 1 1 0 0 0 0 0 0 1
270	6	1 0 1 1 1 0 0 0 1 1 1 0 0 0 0 1
270	18	0 1 0 1 0 0 0 0 1 1 1 0 0 1 0 0
270	1	0 1 0 1 0 0 0 1 1 0 1 0 0 0 0 1
270	3	0 0 1 1 1 0 0 0 1 1 1 0 0 0 1 0
270	2	1 1 0 1 0 0 1 1 1 1 1 0 0 0 0 1
270	5	1 1 0 1 0 1 0 0 1 0 0 0 0 0 0 0
270	7	1 1 0 0 0 1 0 0 0 1 1 0 0 1 0 0
270	6	1 1 0 1 0 0 1 0 1 0 1 0 0 0 0 1
270	3	0 0 0 1 1 0 0 0 1 0 1 0 0 0 0 0
270	6	1 1 0 1 0 1 0 0 0 1 1 1 0 0 0 0
270	9	1 1 0 1 0 0 1 0 0 1 1 0 0 1 0 0
270	2	1 0 1 1 1 0 0 0 1 1 1 0 0 1 0 0
270	13	1 1 0 1 0 1 0 0 0 1 1 0 0 1 0 1
270	6	1 1 0 1 0 0 0 0 1 0 1 1 0 0 0 0
270	2	0 0 1 1 1 0 0 0 1 0 1 0 0 0 0 0
270	2	1 1 0 0 1 0 0 0 1 0 0 0 0 0 0 0
270	2	1 1 0 0 1 0 0 0 1 1 0 0 0 1 0 0
270	5	0 1 0 1 0 0 0 0 1 0 0 0 1 0 0 1
270	2	1 0 1 1 1 0 0 0 1 1 1 0 0 1 0 1
270	4	0 1 0 1 0 0 0 0 1 0 0 0 1 0 0 0
270	2	1 1 0 1 0 1 0 0 0 0 0 0 0 0 0 0
270	1	1 1 0 1 0 0 1 0 1 0 1 0 0 0 1 0
270	2	0 1 1 1 1 0 1 0 1 0 1 1 1 0 0 0
270	9	1 0 0 1 1 0 0 0 1 1 1 0 0 0 0 0
270	1	1 0 0 1 0 0 1 0 1 0 1 0 0 1 0 0
270	2	1 0 1 1 1 0 0 0 1 0 1 0 0 1 0 0
270	1	1 1 0 1 0 0 1 0 1 0 0 0 0 1 0 0
270	1	1 1 0 1 1 0 1 0 1 0 1 0 0 0 0 0
270	2	1 1 0 0 0 0 1 0 1 0 1 0 0 0 0 0
270	2	0 1 0 1 0 0 0 0 1 1 1 0 0 0 0 0
270	2	1 0 0 1 0 0 1 0 1 0 1 0 0 0 0 0
270	2	0 1 1 1 1 0 0 1 1 0 1 0 0 0 0 0
270	1	1 1 0 0 0 1 1 0 1 1 1 0 0 0 0 0
270	3	0 1 1 1 0 0 0 0 1 0 0 0 1 0 0 0
270	3	1 1 0 1 0 1 0 1 1 0 1 0 0 0 0 0
270	1	1 1 0 1 0 0 1 0 0 1 1 1 0 0 0 0
270	2	0 1 1 1 1 0 0 0 1 0 0 0 0 0 0 0
270	1	0 1 1 1 1 0 1 0 1 0 1 0 0 0 1 0
270	2	0 1 0 1 0 0 1 1 1 0 1 0 0 1 0 0
270	5	1 1 1 1 1 0 1 0 0 1 1 0 0 0 0 0
270	3	1 1 0 0 0 0 0 0 1 0 1 0 0 0 0 0
270	2	1 1 1 0 0 0 0 0 1 1 0 0 0 1 0 0
270	3	0 1 0 1 1 0 0 0 1 0 0 0 0 0 0 0
280	3	1 1 0 1 0 0 0 0 1 0 1 0 0 1 0 0
280	58	1 1 0 1 0 1 0 0 0 1 1 0 0 1 0 0
280	19	0 1 0 1 0 0 0 1 1 0 1 0 0 0 0 0
280	96	1 1 0 1 0 0 1 0 1 0 1 0 0 0 0 0
280	11	0 1 0 1 1 0 0 1 1 0 1 0 0 0 0 0
280	21	1 1 0 0 0 0 0 0 1 0 0 0 0 0 0 0
280	5	0 1 0 1 0 0 1 1 1 0 1 0 0 0 0 1
280	59	0 0 1 1 1 0 0 0 1 1 1 0 0 0 0 0
280	29	0 1 1 1 1 0 1 0 1 0 1 1 0 0 0 0
280	7	1 1 0 1 0 0 0 1 1 0 1 0 0 0 0 0
280	1	0 0 0 1 0 0 0 0 1 0 1 0 0 1 0 0
280	20	0 1 0 1 0 0 1 0 1 0 1 0 0 0 0 0
280	10	0 1 0 1 0 0 1 1 1 0 1 0 0 0 0 0
280	9	0 0 1 1 0 0 0 0 1 0 0 0 0 0 0 0
280	19	1 0 1 1 1 0 0 0 1 1 1 0 0 0 0 0
280	16	0 1 1 1 1 0 1 0 1 1 1 0 0 0 0 0
280	20	0 1 1 1 1 0 1 0 1 0 1 0 0 0 0 0
280	17	1 1 0 1 0 0 0 1 1 0 1 0 0 1 0 0
280	9	0 1 0 1 1 0 0 0 1 0 1 0 0 0 0 0
280	22	1 1 1 1 1 0 1 0 0 1 1 1 0 0 0 0
280	25	0 1 0 1 0 0 0 1 1 0 0 0 0 0 0 0
280	28	0 0 0 1 0 0 0 0 1 1 1 0 0 0 0 0
280	7	1 1 1 1 0 1 0 0 1 1 1 0 0 1 0 0
280	1	1 0 0 1 0 0 1 1 1 0 1 0 0 0 0 1
280	5	0 1 0 1 0 1 0 1 1 0 1 0 0 0 0 0
280	3	1 1 0 1 0 1 0 0 0 1 1 0 0 0 0 0
280	3	0 1 0 1 1 0 1 0 1 1 1 0 0 0 0 0
280	2	1 1 0 1 0 1 0 0 1 0 1 1 0 0 0 0
280	6	0 1 0 1 0 1 1 1 1 0 1 0 0 0 0 0
280	29	0 1 0 1 0 0 0 0 1 0 0 0 0 0 0 0
280	4	0 1 0 0 0 0 0 0 1 0 0 0 0 0 0 0
280	43	1 1 0 1 0 0 1 0 1 0 0 0 0 0 0 0
280	16	1 1 0 1 0 0 1 0 1 0 1 0 0 1 0 0
280	11	1 1 0 1 1 0 1 0 1 0 1 1 0 0 0 0
280	9	1 1 0 0 0 1 0 0 1 1 1 0 0 0 0 0
280	4	1 0 1 1 1 0 0 0 0 1 1 0 0 0 0 0
280	6	1 0 1 1 1 0 0 0 1 1 1 0 0 0 0 1
280	25	0 1 0 1 0 0 0 0 1 1 1 0 0 1 0 0
280	3	0 1 0 1 0 0 0 1 1 0 1 0 0 0 0 1
280	2	1 1 0 1 0 0 1 1 1 1 1 0 0 0 0 1
280	3	1 1 0 1 0 1 0 0 1 0 0 0 0 0 0 0
280	3	1 1 0 0 0 1 0 0 0 1 1 0 0 1 0 0
280	4	0 0 0 1 1 0 0 0 1 0 1 0 0 0 0 0
280	1	1 1 0 1 0 1 0 0 0 1 1 1 0 0 0 0
280	16	1 1 0 1 0 0 1 0 0 1 1 0 0 1 0 0
280	4	1 1 0 1 0 1 0 0 0 1 1 0 0 1 0 1
280	1	0 1 0 1 0 0 0 0 1 0 0 0 1 0 0 1
280	1	1 1 0 1 0 0 1 0 1 0 1 0 0 0 1 0
280	5	1 0 1 1 1 0 0 0 1 0 1 0 0 1 0 0
280	14	1 1 0 0 0 0 1 0 1 0 1 0 0 0 0 0
280	3	0 1 0 1 0 0 0 0 1 1 1 0 0 0 0 0
280	1	1 0 0 1 0 0 1 0 1 0 1 0 0 0 0 0
280	13	1 1 1 1 1 0 1 0 0 1 1 0 0 0 0 0
280	5	1 1 0 0 0 0 0 0 1 0 1 0 0 0 0 0
280	2	1 1 1 0 0 0 0 0 1 1 0 0 0 1 0 0
280	6	1 1 0 0 0 0 0 0 1 0 0 0 0 0 0 1
280	14	1 1 0 1 1 0 1 0 1 1 1 0 0 0 0 0
280	2	0 1 0 1 0 0 0 0 1 0 1 0 0 1 0 0
280	3	1 1 0 1 0 1 1 0 1 0 1 0 0 0 0 0
280	16	1 1 0 1 0 1 0 1 0 1 1 0 0 1 0 0
280	1	0 1 1 1 0 0 1 0 1 0 1 1 0 0 0 0
280	7	0 0 0 1 1 0 0 0 1 0 1 0 1 0 0 0
280	1	1 1 0 1 0 0 1 0 1 1 1 0 0 0 0 0
280	17	1 1 1 1 1 0 1 0 0 1 1 1 0 0 0 1
280	1	0 1 1 1 0 0 1 1 1 0 1 0 0 0 0 0
280	22	0 1 0 1 0 0 1 0 1 0 0 0 0 0 0 0
280	19	1 1 0 1 0 0 1 0 1 1 0 0 0 0 0 0
280	4	1 1 0 1 0 0 0 0 1 1 1 0 0 0 0 0
280	9	1 1 0 1 0 0 1 0 1 0 1 1 0 0 0 0
280	15	0 1 0 1 1 0 0 1 1 0 1 0 0 0 1 0
280	3	0 1 0 1 1 1 0 1 1 0 1 0 0 0 0 0
280	3	1 1 0 1 0 0 1 0 1 0 0 0 0 1 0 0
280	3	0 0 0 1 0 0 0 0 1 0 0 0 0 0 0 0
280	9	0 1 0 0 0 1 0 1 1 0 1 0 0 0 0 0
280	7	0 1 0 0 0 1 0 0 1 1 1 0 0 0 0 0
280	5	1 1 0 1 0 1 0 1 0 1 1 0 0 0 0 0
280	3	1 0 1 1 1 0 0 0 1 1 0 0 0 0 0 0
280	4	1 1 0 1 1 0 1 0 1 0 1 0 0 0 0 0
280	1	0 1 1 1 1 0 1 1 1 0 1 1 0 0 0 0
280	2	0 1 1 1 0 0 0 0 1 0 0 0 0 0 0 0
280	3	0 1 1 1 1 0 1 0 0 1 1 1 0 0 0 0
280	2	1 1 1 0 1 0 1 0 0 1 1 1 0 0 0 0
280	2	1 1 0 1 0 0 1 1 1 0 1 0 0 1 0 0
280	1	1 0 1 1 1 0 0 0 1 1 1 1 0 0 0 1
280	9	1 1 1 1 1 0 1 0 0 1 1 1 0 1 0 0
280	2	1 0 0 1 1 1 1 0 1 0 1 1 0 0 0 0
280	8	0 0 1 1 1 0 0 0 1 1 1 0 0 1 0 0
280	3	0 1 0 0 0 1 0 0 0 1 1 0 0 1 0 0
280	2	1 1 0 1 0 0 1 0 0 1 1 0 0 0 0 0
280	5	1 1 0 1 0 1 0 0 0 1 1 0 0 1 1 0
280	2	1 1 0 1 0 1 0 0 0 0 1 0 0 1 0 0
280	1	1 1 0 1 0 1 0 0 0 1 1 0 1 0 0 0
280	1	0 1 0 1 0 0 0 0 0 0 0 0 0 0 0 0
280	1	0 0 0 1 0 0 1 0 1 0 1 0 0 0 0 0
280	1	1 0 0 1 0 0 0 0 1 1 1 0 0 0 0 0
280	1	1 1 0 1 0 0 1 0 1 0 0 0 0 0 1 0
280	3	1 1 0 1 0 0 1 1 1 0 1 0 0 0 0 1
280	1	1 1 0 1 0 0 0 0 1 0 1 0 0 0 0 0
280	1	1 1 0 1 0 0 0 0 1 0 0 0 0 0 0 0
280	1	0 0 1 1 1 0 0 0 1 0 1 0 0 0 0 0
280	1	0 1 0 1 0 0 1 0 1 1 1 0 0 1 0 0
280	1	1 1 0 1 0 1 0 0 1 1 1 0 0 0 0 0
280	2	0 0 1 1 1 0 0 0 0 1 1 0 0 0 0 0
280	1	0 1 0 1 1 0 0 1 1 0 0 0 0 0 0 1
280	1	0 1 0 0 0 0 0 1 1 0 1 0 0 0 0 0
280	1	0 1 1 1 1 0 1 0 1 0 1 1 1 0 0 0
280	1	1 1 0 0 0 1 0 1 0 1 1 0 0 1 0 0
280	1	1 1 0 1 1 0 1 0 1 1 1 0 1 0 0 0
280	1	0 1 0 1 0 0 1 0 0 0 0 0 0 0 0 0
280	2	0 1 0 1 0 0 1 0 1 1 0 0 0 0 0 0
280	1	0 1 0 1 0 0 0 0 0 0 0 0 0 0 1 0
280	1	1 1 0 1 0 1 1 1 1 0 1 0 0 0 0 1
290	12	1 1 0 1 0 0 0 0 1 0 1 0 0 1 0 0
290	25	1 1 0 1 0 1 0 0 0 1 1 0 0 1 0 0
290	16	0 1 0 1 0 0 0 1 1 0 1 0 0 0 0 0
290	112	1 1 0 1 0 0 1 0 1 0 1 0 0 0 0 0
290	11	0 1 0 1 1 0 0 1 1 0 1 0 0 0 0 0
290	13	0 1 0 1 0 0 1 1 1 0 1 0 0 0 0 1
290	53	0 0 1 1 1 0 0 0 1 1 1 0 0 0 0 0
290	17	0 1 1 1 1 0 1 0 1 0 1 1 0 0 0 0
290	9	1 1 0 1 0 0 0 1 1 0 1 0 0 0 0 0
290	34	0 1 0 1 0 0 1 0 1 0 1 0 0 0 0 0
290	3	0 1 0 1 0 0 1 1 1 0 1 0 0 0 0 0
290	24	1 0 1 1 1 0 0 0 1 1 1 0 0 0 0 0
290	7	0 1 1 1 1 0 1 0 1 1 1 0 0 0 0 0
290	34	0 1 1 1 1 0 1 0 1 0 1 0 0 0 0 0
290	21	1 1 0 1 0 0 0 1 1 0 1 0 0 1 0 0
290	36	0 1 0 1 1 0 0 0 1 0 1 0 0 0 0 0
290	32	1 1 1 1 1 0 1 0 0 1 1 1 0 0 0 0
290	28	0 1 0 1 0 0 0 1 1 0 0 0 0 0 0 0
290	17	0 0 0 1 0 0 0 0 1 1 1 0 0 0 0 0
290	1	1 1 1 1 0 1 0 0 1 1 1 0 0 1 0 0
290	1	0 1 0 1 0 1 0 1 1 0 1 0 0 0 0 0
290	2	1 1 0 1 0 1 0 0 0 1 1 0 0 0 0 0
290	3	0 1 0 1 1 0 1 0 1 1 1 0 0 0 0 0
290	12	1 1 0 1 0 1 0 0 1 0 1 1 0 0 0 0
290	28	0 1 0 1 0 0 0 0 1 0 0 0 0 0 0 0
290	39	1 1 0 1 0 0 1 0 1 0 0 0 0 0 0 0
290	6	1 1 0 1 0 0 1 0 1 0 1 0 0 1 0 0
290	8	1 1 0 1 1 0 1 0 1 0 1 1 0 0 0 0
290	7	1 1 0 0 0 1 0 0 1 1 1 0 0 0 0 0
290	4	1 0 1 1 1 0 0 0 1 1 1 0 0 0 0 1
290	11	0 1 0 1 0 0 0 0 1 1 1 0 0 1 0 0
290	18	1 1 0 1 0 1 0 0 0 1 1 1 0 0 0 0
290	4	1 1 0 1 0 0 1 0 0 1 1 0 0 1 0 0
290	1	0 1 0 1 0 0 0 0 1 0 0 0 1 0 0 1
290	3	1 0 1 1 1 0 0 0 1 0 1 0 0 1 0 0
290	16	1 1 0 0 0 0 1 0 1 0 1 0 0 0 0 0
290	3	1 1 1 1 1 0 1 0 0 1 1 0 0 0 0 0
290	1	1 1 0 0 0 0 0 0 1 0 1 0 0 0 0 0
290	16	1 1 0 1 1 0 1 0 1 1 1 0 0 0 0 0
290	3	0 1 0 1 0 0 0 0 1 0 1 0 0 1 0 0
290	1	1 1 0 1 0 1 0 1 0 1 1 0 0 1 0 0
290	5	0 0 0 1 1 0 0 0 1 0 1 0 1 0 0 0
290	3	1 1 0 1 0 0 1 0 1 1 1 0 0 0 0 0
290	18	1 1 1 1 1 0 1 0 0 1 1 1 0 0 0 1
290	3	0 1 0 1 0 0 1 0 1 0 0 0 0 0 0 0
290	18	1 1 0 1 0 0 1 0 1 0 1 1 0 0 0 0
290	5	0 1 0 1 1 0 0 1 1 0 1 0 0 0 1 0
290	2	0 0 0 1 0 0 0 0 1 0 0 0 0 0 0 0
290	2	0 1 0 0 0 1 0 1 1 0 1 0 0 0 0 0
290	4	1 1 0 1 0 1 0 1 0 1 1 0 0 0 0 0
290	13	1 0 1 1 1 0 0 0 1 1 0 0 0 0 0 0
290	11	1 1 1 0 1 0 1 0 0 1 1 1 0 0 0 0
290	7	1 1 0 1 0 0 1 1 1 0 1 0 0 1 0 0
290	9	1 0 0 1 1 1 1 0 1 0 1 1 0 0 0 0
290	9	0 0 1 1 1 0 0 0 1 1 1 0 0 1 0 0
290	1	1 1 0 1 0 0 1 0 1 0 0 0 0 0 1 0
290	6	1 1 0 1 0 0 0 0 1 0 0 0 0 0 0 0
290	2	1 1 0 1 0 1 0 0 1 1 1 0 0 0 0 0
290	2	1 1 0 1 1 0 1 0 1 1 1 0 1 0 0 0
290	8	0 1 0 1 0 0 1 0 1 1 0 0 0 0 0 0
290	4	0 0 1 1 1 0 0 0 0 1 1 0 0 1 0 0
290	6	1 1 0 0 0 1 0 0 0 1 1 0 0 0 0 0
290	1	0 1 1 1 1 0 1 1 1 0 1 0 0 0 0 0
290	3	1 1 0 1 0 1 0 1 1 0 1 0 0 1 0 0
290	4	1 0 1 1 1 0 0 0 1 1 1 0 0 1 0 1
290	11	1 0 1 1 1 0 0 0 1 0 1 1 0 0 0 0
290	7	0 0 1 1 0 0 1 1 1 0 1 0 0 1 0 0
290	5	1 1 0 1 0 0 1 0 1 0 1 0 0 0 0 1
290	1	0 0 1 0 0 0 0 0 1 0 0 0 0 0 0 0
290	6	0 1 1 1 1 0 1 1 1 0 1 1 1 0 0 0
290	7	1 0 1 0 1 0 1 0 0 1 1 0 0 0 0 0
290	8	0 0 1 1 1 0 0 0 1 0 1 0 0 0 0 0
290	2	1 1 0 0 0 0 1 0 1 1 1 0 0 0 0 0
290	3	1 1 0 1 0 0 1 0 1 0 0 0 1 0 0 0
290	5	1 1 1 1 1 0 0 0 1 1 1 0 0 0 0 0
290	8	0 1 1 1 1 1 0 0 1 1 1 0 0 1 0 0
290	2	0 1 0 1 1 0 1 0 1 0 1 0 0 0 0 0
290	1	0 1 0 1 0 0 0 0 1 0 1 0 0 0 0 0
290	4	1 1 0 1 1 0 1 0 0 1 1 1 0 0 0 1
290	3	1 1 0 1 0 0 1 0 1 0 1 0 0 1 1 0
290	1	0 0 1 1 1 0 0 0 1 1 1 0 1 0 0 0
290	3	1 1 0 1 0 0 1 0 1 1 1 0 0 1 0 0
290	5	1 0 1 1 1 0 0 0 1 1 1 0 0 1 0 0
290	2	1 1 0 1 0 0 0 1 1 0 1 0 0 0 0 1
290	2	1 0 1 1 0 0 0 0 1 1 1 0 0 0 0 0
290	6	1 0 0 1 0 0 1 0 1 0 1 0 0 1 0 0
290	1	1 1 1 1 0 0 0 0 1 0 0 0 0 0 0 0
290	3	0 0 0 1 0 0 0 0 1 0 1 0 0 0 0 0
290	1	0 1 0 1 0 0 0 0 1 1 1 0 0 0 0 0
290	1	1 1 0 1 0 0 1 0 1 0 1 0 1 0 0 0
290	1	1 1 0 1 1 0 1 0 1 0 1 1 1 0 0 0
290	3	1 1 0 1 0 0 0 0 1 1 1 1 0 0 0 0
290	4	0 1 0 1 0 0 1 0 1 1 1 0 0 0 0 0
290	2	1 1 0 1 0 1 0 0 0 1 1 0 0 1 0 1
290	1	1 0 1 1 0 0 1 0 1 0 1 0 0 0 0 0
290	1	1 1 0 1 0 0 1 1 1 0 1 0 0 0 0 0
290	2	1 1 1 1 1 0 1 0 1 0 1 0 0 0 0 0
290	1	0 1 1 1 1 0 1 1 1 0 1 1 0 0 0 0
290	5	1 1 0 1 1 0 1 0 0 1 1 1 0 0 0 0
290	1	1 1 0 1 0 0 0 0 1 1 1 0 0 0 0 0
290	2	0 1 0 1 0 0 1 0 0 1 0 0 0 0 0 0
290	2	1 0 0 1 0 0 1 0 1 1 1 0 0 0 0 0
290	6	1 0 0 1 0 0 1 0 1 0 1 1 0 0 0 0
290	1	1 1 1 1 0 0 0 1 1 0 1 0 0 0 0 0
290	1	1 0 1 1 1 0 0 0 1 1 1 1 0 0 0 0
290	9	1 1 0 1 1 0 1 0 1 1 1 0 0 1 0 0
290	2	1 1 0 0 0 1 0 1 0 1 1 0 0 0 0 0
290	1	0 0 1 1 1 0 0 0 1 0 1 0 0 1 0 0
290	1	0 1 1 1 1 0 1 0 1 0 1 0 0 1 0 0
290	1	0 1 0 0 0 1 0 1 1 0 1 0 0 1 0 0
290	1	1 0 1 1 1 0 0 0 1 0 1 0 0 0 0 0
290	4	0 0 1 1 1 0 0 0 1 1 1 0 0 0 1 0
290	1	0 1 1 0 1 0 1 0 1 0 1 1 0 0 0 0
290	1	0 1 1 1 1 0 1 0 1 0 1 0 1 0 0 0
290	3	0 0 1 1 1 0 0 0 1 1 0 0 0 0 0 0
290	2	0 0 1 1 0 0 1 1 1 0 0 0 0 1 0 0
290	2	1 1 0 0 0 0 1 0 1 1 1 1 0 0 0 0
290	1	1 0 0 1 0 0 1 0 0 0 1 0 0 1 0 0
290	2	0 0 1 0 1 0 0 0 1 1 1 0 0 1 0 1
300	13	1 1 0 1 0 0 0 0 1 0 1 0 0 1 0 0
300	32	1 1 0 1 0 1 0 0 0 1 1 0 0 1 0 0
300	18	0 1 0 1 0 0 0 1 1 0 1 0 0 0 0 0
300	77	1 1 0 1 0 0 1 0 1 0 1 0 0 0 0 0
300	18	0 1 0 1 1 0 0 1 1 0 1 0 0 0 0 0
300	8	0 1 0 1 0 0 1 1 1 0 1 0 0 0 0 1
300	35	0 0 1 1 1 0 0 0 1 1 1 0 0 0 0 0
300	9	0 1 1 1 1 0 1 0 1 0 1 1 0 0 0 0
300	28	0 1 0 1 0 0 1 0 1 0 1 0 0 0 0 0
300	10	0 1 0 1 0 0 1 1 1 0 1 0 0 0 0 0
300	32	1 0 1 1 1 0 0 0 1 1 1 0 0 0 0 0
300	20	0 1 1 1 1 0 1 0 1 0 1 0 0 0 0 0
300	7	1 1 0 1 0 0 0 1 1 0 1 0 0 1 0 0
300	43	0 1 0 1 1 0 0 0 1 0 1 0 0 0 0 0
300	29	1 1 1 1 1 0 1 0 0 1 1 1 0 0 0 0
300	2	0 0 0 1 0 0 0 0 1 1 1 0 0 0 0 0
300	10	1 1 1 1 0 1 0 0 1 1 1 0 0 1 0 0
300	15	1 1 0 1 0 1 0 0 0 1 1 0 0 0 0 0
300	6	1 1 0 1 0 1 0 0 1 0 1 1 0 0 0 0
300	10	0 1 0 1 0 0 0 0 1 0 0 0 0 0 0 0
300	64	1 1 0 1 0 0 1 0 1 0 0 0 0 0 0 0
300	1	1 1 0 1 0 0 1 0 1 0 1 0 0 1 0 0
300	2	1 1 0 1 1 0 1 0 1 0 1 1 0 0 0 0
300	5	0 1 0 1 0 0 0 0 1 1 1 0 0 1 0 0
300	18	1 1 0 1 0 1 0 0 0 1 1 1 0 0 0 0
300	24	1 1 0 0 0 0 1 0 1 0 1 0 0 0 0 0
300	9	1 1 1 1 1 0 1 0 0 1 1 0 0 0 0 0
300	4	1 1 0 0 0 0 0 0 1 0 1 0 0 0 0 0
300	7	0 1 0 1 0 0 0 0 1 0 1 0 0 1 0 0
300	11	1 1 0 1 0 1 0 1 0 1 1 0 0 1 0 0
300	2	0 0 0 1 1 0 0 0 1 0 1 0 1 0 0 0
300	43	1 1 1 1 1 0 1 0 0 1 1 1 0 0 0 1
300	1	0 1 0 1 0 0 1 0 1 0 0 0 0 0 0 0
300	24	1 1 0 1 0 0 1 0 1 0 1 1 0 0 0 0
300	3	0 0 0 1 0 0 0 0 1 0 0 0 0 0 0 0
300	8	1 0 1 1 1 0 0 0 1 1 0 0 0 0 0 0
300	12	1 1 1 0 1 0 1 0 0 1 1 1 0 0 0 0
300	30	1 0 0 1 1 1 1 0 1 0 1 1 0 0 0 0
300	2	0 0 1 1 1 0 0 0 0 1 1 0 0 1 0 0
300	6	1 1 0 0 0 1 0 0 0 1 1 0 0 0 0 0
300	9	1 0 1 1 1 0 0 0 1 0 1 1 0 0 0 0
300	2	0 0 1 1 0 0 1 1 1 0 1 0 0 1 0 0
300	13	1 1 0 1 0 0 1 0 1 0 1 0 0 0 0 1
300	2	0 0 1 1 1 0 0 0 1 0 1 0 0 0 0 0
300	3	1 1 0 0 0 0 1 0 1 1 1 0 0 0 0 0
300	8	0 1 1 1 1 1 0 0 1 1 1 0 0 1 0 0
300	8	0 1 0 1 1 0 1 0 1 0 1 0 0 0 0 0
300	2	0 1 0 1 0 0 0 0 1 0 1 0 0 0 0 0
300	4	1 1 0 1 1 0 1 0 0 1 1 1 0 0 0 1
300	2	1 1 0 1 0 0 1 0 1 0 1 0 0 1 1 0
300	4	0 0 0 1 0 0 0 0 1 0 1 0 0 0 0 0
300	4	0 1 0 1 0 0 0 0 1 1 1 0 0 0 0 0
300	2	1 1 0 1 0 1 0 0 0 1 1 0 0 1 0 1
300	1	1 1 0 1 0 0 1 1 1 0 1 0 0 0 0 0
300	22	1 1 1 1 1 0 1 0 1 0 1 0 0 0 0 0
300	6	1 1 0 1 1 0 1 0 0 1 1 1 0 0 0 0
300	26	1 1 0 1 0 0 0 0 1 1 1 0 0 0 0 0
300	2	1 0 0 1 0 0 1 0 1 1 1 0 0 0 0 0
300	10	1 0 0 1 0 0 1 0 1 0 1 1 0 0 0 0
300	9	1 0 1 1 1 0 0 0 1 0 1 0 0 0 0 0
300	8	0 0 1 1 1 0 0 0 1 1 1 0 0 0 1 0
300	5	0 0 1 1 1 0 0 0 1 1 0 0 0 0 0 0
300	2	1 1 0 0 0 0 1 0 1 1 1 1 0 0 0 0
300	4	0 1 0 1 0 0 0 0 1 0 0 0 0 1 0 0
300	1	0 1 0 1 0 0 0 1 1 0 1 0 0 0 0 1
300	6	0 1 1 1 1 0 1 0 1 1 0 0 0 0 0 0
300	7	1 1 0 1 1 1 0 0 1 1 1 0 0 1 0 0
300	5	1 1 0 1 0 0 0 0 0 0 1 0 0 1 0 0
300	3	0 1 1 1 1 0 0 0 1 0 1 1 0 0 0 0
300	4	0 0 1 0 1 0 1 0 0 1 1 0 0 0 0 0
300	7	0 1 1 1 0 0 0 0 1 1 1 0 0 0 0 0
300	5	0 1 1 0 1 0 1 0 0 1 1 0 0 0 0 0
300	2	0 0 1 1 1 0 0 0 1 1 1 0 0 0 1 1
300	4	0 1 0 1 0 0 1 0 1 0 1 1 0 0 0 0
300	2	1 1 0 1 0 0 1 1 1 0 1 1 0 1 0 0
300	10	1 1 0 1 0 0 0 0 0 0 1 1 0 1 0 0
300	5	1 1 1 0 1 0 1 0 0 1 1 0 0 0 0 0
300	9	1 1 0 1 1 0 1 0 1 0 1 0 0 0 0 0
300	8	0 1 0 0 0 0 1 0 1 1 1 0 0 0 1 1
300	4	1 0 0 1 1 0 1 0 1 0 1 1 0 0 0 0
300	3	0 1 0 1 0 0 0 0 1 1 0 0 0 0 0 0
300	2	1 1 1 1 1 0 1 0 1 0 1 0 0 0 0 1
300	2	0 0 1 1 1 0 0 0 1 1 1 0 0 0 0 1
300	6	0 1 0 1 0 0 0 1 0 0 1 0 0 1 0 0
300	2	1 1 0 1 1 0 0 0 1 0 1 0 0 0 0 0
300	4	1 1 0 1 0 0 1 0 0 1 1 1 0 0 0 1
300	1	0 0 1 1 1 0 0 0 1 1 1 0 0 1 0 0
300	2	1 1 1 1 1 0 1 0 1 0 1 1 0 0 0 0
300	1	1 1 1 1 0 0 1 0 1 0 1 1 0 0 0 0
300	5	1 1 0 1 0 1 1 0 1 0 1 0 0 0 1 1
300	1	0 1 1 1 1 0 1 0 1 0 1 1 0 0 0 1
300	2	0 1 1 1 1 0 0 0 1 1 1 0 0 0 1 0
300	4	0 1 0 1 0 0 0 1 1 0 0 0 0 0 0 1
300	1	0 0 1 1 0 0 0 1 1 0 1 0 0 0 0 0
300	2	1 0 1 1 1 0 0 1 1 0 1 0 0 0 0 0
300	2	1 1 0 0 0 1 0 0 1 1 0 0 0 0 0 0
300	2	0 1 0 1 0 0 0 1 0 0 1 0 0 0 0 0
300	2	1 1 0 1 0 0 0 0 1 0 1 0 0 0 0 0
300	1	1 1 0 1 0 0 1 0 1 0 1 0 1 0 0 0
300	1	0 1 0 0 0 0 1 1 1 0 1 0 0 0 0 1
300	1	0 1 0 1 0 0 1 1 1 0 1 0 0 0 1 1
300	1	0 1 0 1 0 0 1 1 1 0 1 0 0 1 0 0
300	4	0 1 0 1 1 0 0 0 0 0 1 0 0 0 0 0
300	1	1 1 0 1 0 0 1 0 1 0 0 1 0 0 0 0
300	1	1 1 0 1 0 0 1 0 1 0 0 0 0 1 0 0
300	5	1 1 0 0 0 0 1 0 1 0 0 0 0 0 0 0
300	1	1 1 1 1 1 0 1 0 0 1 1 0 0 0 1 0
300	2	1 0 0 1 1 1 1 0 1 0 0 1 0 0 0 0
310	16	1 1 0 1 0 0 0 0 1 0 1 0 0 1 0 0
310	20	1 1 0 1 0 1 0 0 0 1 1 0 0 1 0 0
310	9	0 1 0 1 0 0 0 1 1 0 1 0 0 0 0 0
310	94	1 1 0 1 0 0 1 0 1 0 1 0 0 0 0 0
310	23	0 1 0 1 1 0 0 1 1 0 1 0 0 0 0 0
310	2	0 1 0 1 0 0 1 1 1 0 1 0 0 0 0 1
310	2	0 0 1 1 1 0 0 0 1 1 1 0 0 0 0 0
310	7	0 1 1 1 1 0 1 0 1 0 1 1 0 0 0 0
310	21	0 1 0 1 0 0 1 0 1 0 1 0 0 0 0 0
310	7	0 1 0 1 0 0 1 1 1 0 1 0 0 0 0 0
310	4	1 0 1 1 1 0 0 0 1 1 1 0 0 0 0 0
310	16	0 1 1 1 1 0 1 0 1 0 1 0 0 0 0 0
310	16	0 1 0 1 1 0 0 0 1 0 1 0 0 0 0 0
310	41	1 1 1 1 1 0 1 0 0 1 1 1 0 0 0 0
310	8	1 1 1 1 0 1 0 0 1 1 1 0 0 1 0 0
310	22	1 1 0 1 0 1 0 0 0 1 1 0 0 0 0 0
310	12	0 1 0 1 0 0 0 0 1 0 0 0 0 0 0 0
310	63	1 1 0 1 0 0 1 0 1 0 0 0 0 0 0 0
310	5	1 1 0 1 0 0 1 0 1 0 1 0 0 1 0 0
310	8	0 1 0 1 0 0 0 0 1 1 1 0 0 1 0 0
310	8	1 1 0 1 0 1 0 0 0 1 1 1 0 0 0 0
310	12	1 1 0 0 0 0 1 0 1 0 1 0 0 0 0 0
310	4	1 1 1 1 1 0 1 0 0 1 1 0 0 0 0 0
310	16	1 1 0 0 0 0 0 0 1 0 1 0 0 0 0 0
310	1	0 1 0 1 0 0 0 0 1 0 1 0 0 1 0 0
310	8	1 1 0 1 0 1 0 1 0 1 1 0 0 1 0 0
310	52	1 1 1 1 1 0 1 0 0 1 1 1 0 0 0 1
310	6	1 1 0 1 0 0 1 0 1 0 1 1 0 0 0 0
310	12	1 1 1 0 1 0 1 0 0 1 1 1 0 0 0 0
310	39	1 0 0 1 1 1 1 0 1 0 1 1 0 0 0 0
310	10	1 0 1 1 1 0 0 0 1 0 1 1 0 0 0 0
310	6	1 1 0 1 0 0 1 0 1 0 1 0 0 0 0 1
310	2	0 0 1 1 1 0 0 0 1 0 1 0 0 0 0 0
310	10	1 1 0 0 0 0 1 0 1 1 1 0 0 0 0 0
310	19	0 1 1 1 1 1 0 0 1 1 1 0 0 1 0 0
310	3	0 1 0 1 1 0 1 0 1 0 1 0 0 0 0 0
310	3	0 1 0 1 0 0 0 0 1 0 1 0 0 0 0 0
310	6	1 1 0 1 0 0 1 0 1 0 1 0 0 1 1 0
310	13	0 0 0 1 0 0 0 0 1 0 1 0 0 0 0 0
310	5	0 1 0 1 0 0 0 0 1 1 1 0 0 0 0 0
310	6	1 1 0 1 0 1 0 0 0 1 1 0 0 1 0 1
310	6	1 1 1 1 1 0 1 0 1 0 1 0 0 0 0 0
310	3	1 1 0 1 1 0 1 0 0 1 1 1 0 0 0 0
310	35	1 1 0 1 0 0 0 0 1 1 1 0 0 0 0 0
310	26	1 0 1 1 1 0 0 0 1 0 1 0 0 0 0 0
310	3	1 1 0 1 0 0 0 0 0 0 1 0 0 1 0 0
310	7	0 1 1 1 1 0 0 0 1 0 1 1 0 0 0 0
310	14	0 1 1 1 0 0 0 0 1 1 1 0 0 0 0 0
310	9	0 1 1 0 1 0 1 0 0 1 1 0 0 0 0 0
310	8	1 1 0 1 1 0 1 0 1 0 1 0 0 0 0 0
310	6	0 1 0 0 0 0 1 0 1 1 1 0 0 0 1 1
310	4	1 0 0 1 1 0 1 0 1 0 1 1 0 0 0 0
310	2	0 1 0 1 0 0 0 0 1 1 0 0 0 0 0 0
310	8	1 1 1 1 1 0 1 0 1 0 1 0 0 0 0 1
310	4	1 1 0 1 0 0 1 0 0 1 1 1 0 0 0 1
310	16	1 1 1 1 1 0 1 0 1 0 1 1 0 0 0 0
310	5	0 1 1 1 1 0 0 0 1 1 1 0 0 0 1 0
310	13	0 1 0 1 0 0 0 1 1 0 0 0 0 0 0 1
310	9	1 1 0 1 0 0 0 0 1 0 1 0 0 0 0 0
310	12	0 1 0 1 1 0 0 0 0 0 1 0 0 0 0 0
310	8	1 1 0 0 0 0 1 0 1 0 0 0 0 0 0 0
310	5	1 0 0 1 1 1 1 0 1 0 0 1 0 0 0 0
310	4	1 1 0 1 0 0 0 0 0 1 1 0 0 0 0 0
310	6	1 0 0 0 0 1 0 0 1 1 0 0 0 0 0 0
310	4	0 1 0 1 1 1 1 0 1 0 1 1 0 0 0 0
310	9	1 1 1 1 1 0 0 0 1 1 1 0 0 0 0 0
310	2	0 1 1 1 0 0 1 0 1 0 1 0 0 0 0 0
310	6	0 1 0 0 0 0 0 0 1 0 0 0 0 0 0 0
310	4	0 1 0 0 0 0 1 0 1 1 1 0 0 0 0 1
310	2	0 1 0 1 1 0 0 0 1 1 1 0 0 1 0 0
310	5	1 1 0 0 0 0 1 0 1 0 1 0 0 0 0 1
310	18	1 1 0 1 0 0 0 0 1 1 1 0 1 0 0 0
310	4	0 0 1 1 1 0 0 0 1 1 1 0 0 1 0 0
310	1	0 1 1 1 1 0 1 0 0 1 1 1 0 0 0 1
310	3	0 1 1 1 1 1 1 0 1 0 1 1 0 0 0 0
310	1	1 1 1 0 1 0 1 0 0 1 1 1 0 0 0 1
310	3	0 1 1 1 1 1 0 0 1 0 1 1 0 0 0 0
310	1	1 1 1 1 0 0 1 0 1 0 1 0 0 0 0 0
310	1	1 1 0 1 1 0 0 0 1 0 1 0 0 1 0 0
310	8	1 1 0 1 0 1 0 1 1 1 1 0 0 1 0 0
310	7	1 0 1 0 1 0 0 0 1 1 0 0 0 0 0 0
310	1	0 0 1 1 1 0 0 0 1 1 0 0 0 1 0 0
310	1	1 0 0 0 0 0 1 0 1 0 1 0 0 0 0 0
310	1	1 1 0 1 0 1 0 0 0 0 0 0 0 0 0 0
310	4	0 1 1 0 1 0 1 0 0 1 1 0 0 1 0 0
310	4	0 1 0 1 0 0 0 1 1 0 1 0 1 0 0 0
310	2	1 0 1 1 1 0 0 0 1 1 1 0 1 0 0 0
310	4	1 0 1 1 1 0 0 0 1 0 1 1 0 1 0 0
310	1	0 1 1 1 1 0 0 0 1 1 1 0 0 1 1 0
310	1	1 1 0 0 0 1 0 0 1 1 0 0 0 0 0 0
310	2	0 1 1 1 1 1 0 0 1 1 1 0 0 0 0 0
310	2	1 1 0 1 0 0 0 0 1 0 0 0 0 0 0 0
310	4	1 1 1 0 0 0 1 0 1 0 1 0 0 0 0 0
310	2	1 1 0 1 0 1 0 1 0 1 1 0 0 0 0 0
310	5	1 1 1 0 1 0 1 0 0 1 1 1 1 0 0 0
310	4	0 1 1 1 1 1 0 0 1 1 1 1 0 1 0 0
310	2	0 1 0 1 1 0 0 0 1 1 1 0 0 0 1 0
310	3	1 1 0 0 0 0 0 0 1 1 1 0 0 0 0 0
310	1	1 0 0 1 0 0 1 0 1 1 1 0 0 0 0 0
310	1	1 1 1 1 1 0 0 0 1 1 1 0 0 1 1 0
310	3	0 0 0 1 0 1 0 1 0 1 1 0 0 1 0 0
310	2	0 0 0 1 0 0 0 0 1 0 0 0 0 0 0 0
310	1	1 1 0 1 0 0 1 0 1 0 1 0 1 0 0 1
310	2	0 1 1 1 1 0 1 0 0 1 1 0 0 0 0 0
310	1	0 1 0 0 1 0 1 0 0 1 1 0 0 0 0 0
310	1	1 1 0 1 0 0 1 0 1 1 0 0 0 0 0 0
310	1	0 1 1 1 1 1 0 1 1 1 1 1 0 1 0 0
310	4	1 1 0 1 0 0 0 0 1 0 1 0 0 0 0 1
310	2	0 1 1 1 1 0 0 0 1 1 1 0 0 0 0 0
310	1	1 1 0 1 0 0 1 0 0 0 1 0 0 0 0 0
310	1	0 1 0 1 0 0 0 0 0 1 1 0 0 1 0 0
310	1	1 0 0 1 1 0 0 0 1 0 1 1 0 0 0 0
310	1	1 0 0 1 1 0 0 0 1 0 1 0 0 0 0 0
310	3	1 1 0 1 0 0 1 0 0 1 1 0 0 0 0 1
310	2	0 1 0 0 1 0 0 0 0 0 1 0 0 0 0 0
320	12	1 1 0 1 0 0 0 0 1 0 1 0 0 1 0 0
320	10	0 1 0 1 0 0 0 1 1 0 1 0 0 0 0 0
320	83	1 1 0 1 0 0 1 0 1 0 1 0 0 0 0 0
320	30	0 1 0 1 1 0 0 1 1 0 1 0 0 0 0 0
320	1	0 1 0 1 0 0 1 1 1 0 1 0 0 0 0 1
320	2	0 0 1 1 1 0 0 0 1 1 1 0 0 0 0 0
320	5	0 1 1 1 1 0 1 0 1 0 1 1 0 0 0 0
320	45	0 1 0 1 0 0 1 0 1 0 1 0 0 0 0 0
320	4	0 1 0 1 0 0 1 1 1 0 1 0 0 0 0 0
320	25	0 1 1 1 1 0 1 0 1 0 1 0 0 0 0 0
320	22	0 1 0 1 1 0 0 0 1 0 1 0 0 0 0 0
320	42	1 1 1 1 1 0 1 0 0 1 1 1 0 0 0 0
320	11	1 1 1 1 0 1 0 0 1 1 1 0 0 1 0 0
320	30	1 1 0 1 0 1 0 0 0 1 1 0 0 0 0 0
320	35	0 1 0 1 0 0 0 0 1 0 0 0 0 0 0 0
320	52	1 1 0 1 0 0 1 0 1 0 0 0 0 0 0 0
320	15	0 1 0 1 0 0 0 0 1 1 1 0 0 1 0 0
320	1	1 1 0 1 0 1 0 0 0 1 1 1 0 0 0 0
320	14	1 1 0 0 0 0 1 0 1 0 1 0 0 0 0 0
320	11	1 1 1 1 1 0 1 0 0 1 1 0 0 0 0 0
320	3	1 1 0 0 0 0 0 0 1 0 1 0 0 0 0 0
320	5	1 1 0 1 0 1 0 1 0 1 1 0 0 1 0 0
320	39	1 1 1 1 1 0 1 0 0 1 1 1 0 0 0 1
320	4	1 1 1 0 1 0 1 0 0 1 1 1 0 0 0 0
320	34	1 0 0 1 1 1 1 0 1 0 1 1 0 0 0 0
320	3	0 1 1 1 1 1 0 0 1 1 1 0 0 1 0 0
320	10	0 0 0 1 0 0 0 0 1 0 1 0 0 0 0 0
320	11	1 1 0 1 0 1 0 0 0 1 1 0 0 1 0 1
320	2	1 1 1 1 1 0 1 0 1 0 1 0 0 0 0 0
320	40	1 1 0 1 0 0 0 0 1 1 1 0 0 0 0 0
320	8	1 0 1 1 1 0 0 0 1 0 1 0 0 0 0 0
320	15	0 1 1 1 0 0 0 0 1 1 1 0 0 0 0 0
320	13	1 1 0 1 1 0 1 0 1 0 1 0 0 0 0 0
320	15	1 1 1 1 1 0 1 0 1 0 1 0 0 0 0 1
320	10	1 1 1 1 1 0 1 0 1 0 1 1 0 0 0 0
320	4	0 1 1 1 1 0 0 0 1 1 1 0 0 0 1 0
320	5	0 1 0 1 0 0 0 1 1 0 0 0 0 0 0 1
320	35	1 1 0 1 0 0 0 0 1 0 1 0 0 0 0 0
320	7	0 1 0 1 1 0 0 0 0 0 1 0 0 0 0 0
320	7	1 1 0 0 0 0 1 0 1 0 0 0 0 0 0 0
320	4	1 0 0 1 1 1 1 0 1 0 0 1 0 0 0 0
320	12	1 1 0 1 0 0 0 0 0 1 1 0 0 0 0 0
320	15	1 1 1 1 1 0 0 0 1 1 1 0 0 0 0 0
320	16	0 1 0 0 0 0 0 0 1 0 0 0 0 0 0 0
320	12	1 1 0 1 0 0 0 0 1 1 1 0 1 0 0 0
320	7	0 1 1 1 1 1 1 0 1 0 1 1 0 0 0 0
320	3	0 1 1 1 1 1 0 0 1 0 1 1 0 0 0 0
320	7	1 1 0 1 0 1 0 1 1 1 1 0 0 1 0 0
320	13	1 0 1 0 1 0 0 0 1 1 0 0 0 0 0 0
320	8	1 0 1 1 1 0 0 0 1 0 1 1 0 1 0 0
320	1	0 1 1 1 1 1 0 0 1 1 1 1 0 1 0 0
320	7	1 1 0 0 0 0 0 0 1 1 1 0 0 0 0 0
320	3	1 0 0 1 0 0 1 0 1 1 1 0 0 0 0 0
320	10	0 0 0 1 0 1 0 1 0 1 1 0 0 1 0 0
320	12	0 1 0 0 1 0 1 0 0 1 1 0 0 0 0 0
320	1	1 1 0 1 0 0 1 0 1 1 0 0 0 0 0 0
320	2	0 1 1 1 1 0 0 0 1 1 1 0 0 0 0 0
320	1	0 1 0 1 0 0 0 0 0 1 1 0 0 1 0 0
320	2	0 1 1 1 1 0 1 0 1 0 1 0 0 1 0 0
320	3	1 1 1 1 1 1 0 0 1 1 1 0 0 1 0 0
320	3	1 1 1 1 0 0 1 0 0 1 1 1 0 0 0 0
320	5	1 1 0 1 0 0 0 0 1 1 1 0 0 1 0 0
320	1	1 1 1 1 1 0 1 0 0 1 1 1 0 0 1 1
320	4	1 1 0 1 1 1 1 0 1 0 1 1 0 0 0 0
320	2	1 1 0 1 1 0 0 0 1 1 1 0 1 0 0 0
320	4	0 1 0 1 0 0 0 0 1 0 1 0 0 0 0 0
320	2	0 1 0 1 1 0 1 0 1 0 1 0 0 0 0 1
320	4	1 1 0 1 0 0 0 1 1 0 1 0 0 0 0 0
320	7	1 1 0 0 1 0 1 0 1 1 1 0 0 0 0 0
320	2	1 1 1 1 1 0 0 1 1 0 1 0 0 0 0 0
320	4	0 1 0 1 0 0 1 0 1 0 0 0 0 0 0 0
320	1	0 1 1 1 0 1 1 0 1 0 1 1 0 0 0 0
320	2	1 0 0 1 0 0 1 0 1 1 0 0 0 0 0 0
320	2	0 1 0 1 0 0 1 0 1 0 1 0 0 0 1 0
320	8	0 1 1 1 0 0 1 0 1 0 1 0 0 0 0 0
320	3	0 0 1 1 1 1 1 0 1 0 1 1 0 0 0 0
320	3	1 1 0 1 0 1 0 0 1 1 1 0 0 0 0 0
320	2	1 1 0 1 1 1 1 0 1 0 0 0 0 0 0 0
320	8	0 1 0 1 1 0 0 1 1 0 1 0 0 0 0 1
320	5	1 1 1 1 0 0 1 0 1 0 0 0 0 0 0 0
320	2	1 1 1 0 0 0 0 0 1 0 1 0 0 0 0 0
320	3	1 0 0 1 1 1 1 0 1 0 1 1 0 0 0 1
320	1	0 1 0 1 1 1 0 0 1 1 1 0 0 1 0 0
320	3	1 1 0 1 0 0 0 0 1 0 1 0 0 0 1 0
320	3	1 1 1 0 1 0 1 0 1 0 1 1 0 0 0 0
320	5	1 1 0 1 0 0 0 0 1 1 1 0 0 0 1 0
320	2	1 1 0 1 0 0 1 1 1 0 1 0 0 0 0 0
320	1	1 1 0 1 0 1 1 0 1 0 0 0 0 0 0 0
320	1	1 1 0 1 0 0 0 1 1 1 1 0 0 0 0 0
320	6	1 1 0 1 1 0 1 0 1 0 1 1 0 0 0 0
320	1	1 1 0 1 0 0 1 0 0 1 1 1 0 0 0 1
320	1	1 1 0 1 0 0 0 1 1 0 1 0 0 1 0 0
320	2	0 1 0 0 0 0 0 1 1 0 1 0 0 0 0 0
320	2	1 1 1 1 0 0 1 0 1 0 1 0 0 0 0 0
320	3	0 1 0 1 0 0 1 0 0 0 1 0 0 0 0 0
320	3	0 1 0 1 0 0 1 0 1 0 1 0 1 0 0 0
320	1	1 1 0 1 0 1 0 1 0 1 1 0 0 0 0 0
320	4	1 1 0 1 0 0 1 0 1 0 0 0 0 0 1 0
320	1	0 0 0 1 0 0 0 0 1 0 1 0 1 0 0 0
320	2	1 1 1 1 1 0 1 0 1 0 1 1 0 1 0 0
320	2	0 1 0 0 1 0 1 0 1 1 1 0 0 0 0 0
320	1	0 1 0 1 1 0 0 0 1 1 1 0 0 0 0 0
320	2	0 1 0 1 0 0 1 0 1 1 1 1 0 0 0 0
320	1	0 1 0 1 0 0 0 0 1 0 1 0 0 1 0 0
320	1	1 1 1 1 0 0 0 0 1 1 1 0 0 1 0 0
320	2	1 0 0 1 1 1 1 0 1 0 1 0 0 0 0 0
320	1	0 1 0 1 1 1 1 0 1 0 1 0 0 0 0 0
320	1	0 1 0 1 0 0 1 0 1 1 1 0 0 0 0 0
320	1	1 1 0 1 1 0 1 0 0 1 1 1 0 0 0 0
320	1	1 1 1 0 0 1 0 0 1 1 1 0 0 1 0 0
320	2	1 1 0 1 0 0 1 1 1 0 0 0 0 0 0 0
320	3	1 1 1 1 1 0 0 0 1 1 0 0 0 0 0 0
320	2	0 1 0 0 0 0 0 0 1 0 0 0 0 1 0 0
320	2	1 0 1 0 1 0 0 0 1 1 0 0 1 0 0 0
330	9	1 1 0 1 0 0 0 0 1 0 1 0 0 1 0 0
330	22	0 1 0 1 0 0 0 1 1 0 1 0 0 0 0 0
330	51	1 1 0 1 0 0 1 0 1 0 1 0 0 0 0 0
330	47	0 1 0 1 1 0 0 1 1 0 1 0 0 0 0 0
330	1	0 1 1 1 1 0 1 0 1 0 1 1 0 0 0 0
330	31	0 1 0 1 0 0 1 0 1 0 1 0 0 0 0 0
330	3	0 1 0 1 0 0 1 1 1 0 1 0 0 0 0 0
330	21	0 1 1 1 1 0 1 0 1 0 1 0 0 0 0 0
330	16	0 1 0 1 1 0 0 0 1 0 1 0 0 0 0 0
330	65	1 1 1 1 1 0 1 0 0 1 1 1 0 0 0 0
330	17	1 1 1 1 0 1 0 0 1 1 1 0 0 1 0 0
330	31	1 1 0 1 0 1 0 0 0 1 1 0 0 0 0 0
330	11	0 1 0 1 0 0 0 0 1 0 0 0 0 0 0 0
330	22	1 1 0 1 0 0 1 0 1 0 0 0 0 0 0 0
330	21	0 1 0 1 0 0 0 0 1 1 1 0 0 1 0 0
330	4	1 1 0 0 0 0 1 0 1 0 1 0 0 0 0 0
330	5	1 1 1 1 1 0 1 0 0 1 1 0 0 0 0 0
330	28	1 1 1 1 1 0 1 0 0 1 1 1 0 0 0 1
330	9	1 1 1 0 1 0 1 0 0 1 1 1 0 0 0 0
330	43	1 0 0 1 1 1 1 0 1 0 1 1 0 0 0 0
330	9	0 1 1 1 1 1 0 0 1 1 1 0 0 1 0 0
330	12	0 0 0 1 0 0 0 0 1 0 1 0 0 0 0 0
330	10	1 1 1 1 1 0 1 0 1 0 1 0 0 0 0 0
330	42	1 1 0 1 0 0 0 0 1 1 1 0 0 0 0 0
330	14	0 1 1 1 0 0 0 0 1 1 1 0 0 0 0 0
330	1	1 1 0 1 1 0 1 0 1 0 1 0 0 0 0 0
330	9	1 1 1 1 1 0 1 0 1 0 1 0 0 0 0 1
330	16	1 1 1 1 1 0 1 0 1 0 1 1 0 0 0 0
330	12	0 1 1 1 1 0 0 0 1 1 1 0 0 0 1 0
330	17	1 1 0 1 0 0 0 0 1 0 1 0 0 0 0 0
330	6	1 1 0 0 0 0 1 0 1 0 0 0 0 0 0 0
330	11	1 1 1 1 1 0 0 0 1 1 1 0 0 0 0 0
330	2	0 1 0 0 0 0 0 0 1 0 0 0 0 0 0 0
330	16	1 1 0 1 0 0 0 0 1 1 1 0 1 0 0 0
330	6	0 1 1 1 1 1 1 0 1 0 1 1 0 0 0 0
330	2	1 1 0 1 0 1 0 1 1 1 1 0 0 1 0 0
330	6	1 0 1 0 1 0 0 0 1 1 0 0 0 0 0 0
330	2	1 0 1 1 1 0 0 0 1 0 1 1 0 1 0 0
330	5	1 1 0 0 0 0 0 0 1 1 1 0 0 0 0 0
330	13	0 1 0 0 1 0 1 0 0 1 1 0 0 0 0 0
330	18	1 1 1 1 1 1 0 0 1 1 1 0 0 1 0 0
330	25	1 1 0 1 0 0 0 0 1 1 1 0 0 1 0 0
330	11	1 1 0 1 1 1 1 0 1 0 1 1 0 0 0 0
330	5	1 1 0 1 0 0 0 1 1 0 1 0 0 0 0 0
330	3	1 1 0 0 1 0 1 0 1 1 1 0 0 0 0 0
330	6	0 1 0 1 0 0 1 0 1 0 1 0 0 0 1 0
330	14	0 1 1 1 0 0 1 0 1 0 1 0 0 0 0 0
330	21	0 0 1 1 1 1 1 0 1 0 1 1 0 0 0 0
330	3	1 1 1 1 0 0 1 0 1 0 0 0 0 0 0 0
330	3	1 1 0 1 0 0 0 0 1 1 1 0 0 0 1 0
330	3	1 1 0 1 0 0 0 1 1 0 1 0 0 1 0 0
330	8	0 1 0 1 0 0 1 0 0 0 1 0 0 0 0 0
330	1	0 1 0 0 1 0 1 0 1 1 1 0 0 0 0 0
330	2	1 1 0 1 0 0 1 1 1 0 0 0 0 0 0 0
330	28	1 0 1 0 1 0 0 0 1 1 0 0 1 0 0 0
330	5	1 1 1 0 0 0 0 0 1 0 0 0 0 0 0 0
330	8	1 1 1 1 1 0 1 0 0 0 1 1 0 0 0 0
330	6	1 0 0 1 0 1 0 0 0 1 1 0 0 0 0 0
330	4	1 1 1 0 0 0 1 0 1 0 1 0 0 0 0 0
330	4	1 1 0 1 0 0 1 0 1 0 1 0 0 0 0 1
330	3	1 0 1 1 1 0 1 0 0 1 1 1 0 0 0 0
330	2	1 0 0 1 0 0 0 0 1 1 1 0 1 0 0 0
330	3	0 1 0 1 0 1 1 0 1 0 1 0 0 0 0 0
330	3	1 1 0 1 0 1 0 1 0 1 1 0 0 0 0 0
330	8	0 1 0 1 1 0 0 1 1 0 1 0 0 1 0 0
330	4	1 1 1 1 0 1 0 0 1 1 1 0 0 1 0 1
330	6	1 1 0 1 0 0 0 0 1 1 1 0 1 1 0 0
330	5	0 1 1 1 0 0 0 0 1 1 1 0 0 1 0 0
330	3	1 0 1 0 1 1 0 0 1 1 0 0 1 0 0 0
330	2	0 1 0 1 1 1 1 0 1 0 1 1 0 0 0 0
330	1	1 0 0 1 1 1 1 0 1 0 1 0 1 1 0 0
330	3	1 0 0 1 0 1 0 0 1 0 1 1 0 0 0 0
330	1	0 1 0 1 1 0 0 0 0 0 1 1 0 0 0 0
330	3	1 1 0 1 0 1 0 1 1 1 1 1 0 0 0 0
330	1	1 1 0 1 0 0 1 0 1 0 1 0 0 0 1 0
330	1	1 0 0 1 0 0 1 0 1 0 1 0 0 0 0 0
330	5	0 1 0 1 0 0 1 0 1 0 1 1 0 0 0 0
330	1	1 0 0 1 0 1 1 0 1 0 1 1 0 0 0 0
330	8	1 0 0 1 0 0 0 0 1 1 1 0 0 0 0 0
330	1	1 0 0 1 0 1 0 0 0 1 1 0 0 1 0 0
330	1	1 1 1 1 0 0 1 0 1 0 1 0 0 0 0 0
330	2	1 0 1 0 1 0 0 0 1 0 1 0 0 0 0 0
330	11	1 1 0 0 0 1 0 1 0 1 1 0 0 0 0 0
330	2	0 1 0 1 1 0 0 1 0 0 1 0 0 0 0 0
330	7	1 1 0 1 0 1 1 0 1 0 0 0 0 0 0 0
330	3	1 1 0 1 0 0 1 0 1 1 1 0 0 0 0 0
330	2	1 1 0 1 0 0 0 0 1 0 1 0 1 0 0 0
330	3	0 1 1 1 1 1 0 0 1 0 1 1 0 0 0 0
330	1	0 0 1 0 1 0 0 0 1 1 0 0 0 0 0 0
330	2	0 0 1 1 1 1 1 0 1 0 1 1 0 0 1 0
330	4	0 1 0 1 1 0 0 0 1 1 0 0 1 0 0 0
330	1	1 1 0 1 0 0 1 0 1 0 1 0 1 0 0 0
330	1	0 0 0 1 0 0 1 0 1 0 1 0 0 0 0 0
330	2	0 0 1 1 1 0 1 0 1 0 1 0 0 0 0 0
330	2	1 1 1 1 1 0 1 1 0 1 1 1 0 0 0 0
330	5	0 1 1 1 1 0 0 0 1 1 1 0 0 0 0 0
330	2	1 1 0 1 0 1 0 0 1 1 1 0 0 1 0 0
330	3	0 1 1 1 0 0 1 0 1 0 1 1 0 0 0 0
330	3	0 1 0 1 0 0 0 1 1 0 0 0 0 0 0 0
330	4	1 1 1 1 1 0 1 0 0 1 1 1 0 0 1 1
330	2	1 1 1 1 1 0 1 0 1 0 1 1 1 0 0 0
330	2	1 1 1 1 1 0 0 0 0 0 1 1 0 0 0 0
330	1	1 0 0 1 0 1 0 0 0 1 1 1 0 0 0 0
330	1	0 1 0 1 0 1 1 0 0 1 1 0 0 0 0 0
330	2	1 1 1 1 0 1 0 0 1 0 1 1 0 0 0 0
330	1	1 1 1 1 0 1 1 0 1 0 1 1 0 0 0 0
330	4	1 0 0 1 1 1 1 0 0 1 1 1 0 0 0 0
330	2	0 1 1 1 1 1 0 0 1 1 1 0 0 0 0 0
330	3	0 1 0 1 1 0 0 1 1 0 1 1 0 0 0 0
330	2	1 1 0 1 0 0 0 0 0 0 1 0 0 1 0 0
330	1	0 1 0 1 1 0 0 0 0 0 1 0 0 0 0 0
330	2	0 1 0 0 0 0 0 0 1 1 1 0 0 1 0 0
330	1	1 1 1 1 1 0 1 0 0 1 0 1 0 0 0 1
330	1	1 0 0 1 1 1 1 0 1 0 1 0 0 0 0 0
330	2	1 1 1 1 1 0 1 0 1 0 0 1 0 0 0 0
330	1	0 1 0 0 1 0 1 0 0 1 0 0 0 0 0 0
330	1	1 0 1 1 1 1 1 0 1 0 1 1 0 0 0 0
340	8	0 1 0 1 0 0 0 1 1 0 1 0 0 0 0 0
340	25	1 1 0 1 0 0 1 0 1 0 1 0 0 0 0 0
340	49	0 1 0 1 1 0 0 1 1 0 1 0 0 0 0 0
340	54	0 1 0 1 0 0 1 0 1 0 1 0 0 0 0 0
340	18	0 1 1 1 1 0 1 0 1 0 1 0 0 0 0 0
340	9	0 1 0 1 1 0 0 0 1 0 1 0 0 0 0 0
340	41	1 1 1 1 1 0 1 0 0 1 1 1 0 0 0 0
340	36	1 1 1 1 0 1 0 0 1 1 1 0 0 1 0 0
340	10	1 1 0 1 0 1 0 0 0 1 1 0 0 0 0 0
340	14	0 1 0 1 0 0 0 0 1 0 0 0 0 0 0 0
340	10	1 1 0 1 0 0 1 0 1 0 0 0 0 0 0 0
340	25	0 1 0 1 0 0 0 0 1 1 1 0 0 1 0 0
340	2	1 1 0 0 0 0 1 0 1 0 1 0 0 0 0 0
340	13	1 1 1 1 1 0 1 0 0 1 1 1 0 0 0 1
340	8	1 1 1 0 1 0 1 0 0 1 1 1 0 0 0 0
340	16	1 0 0 1 1 1 1 0 1 0 1 1 0 0 0 0
340	3	1 1 1 1 1 0 1 0 1 0 1 0 0 0 0 0
340	24	1 1 0 1 0 0 0 0 1 1 1 0 0 0 0 0
340	3	1 1 0 1 1 0 1 0 1 0 1 0 0 0 0 0
340	8	1 1 1 1 1 0 1 0 1 0 1 0 0 0 0 1
340	15	1 1 1 1 1 0 1 0 1 0 1 1 0 0 0 0
340	3	0 1 1 1 1 0 0 0 1 1 1 0 0 0 1 0
340	7	1 1 0 1 0 0 0 0 1 0 1 0 0 0 0 0
340	10	1 1 1 1 1 0 0 0 1 1 1 0 0 0 0 0
340	6	0 1 0 0 0 0 0 0 1 0 0 0 0 0 0 0
340	18	1 1 0 1 0 0 0 0 1 1 1 0 1 0 0 0
340	4	0 1 1 1 1 1 1 0 1 0 1 1 0 0 0 0
340	23	0 1 0 0 1 0 1 0 0 1 1 0 0 0 0 0
340	7	1 1 1 1 1 1 0 0 1 1 1 0 0 1 0 0
340	37	1 1 0 1 0 0 0 0 1 1 1 0 0 1 0 0
340	13	1 1 0 1 1 1 1 0 1 0 1 1 0 0 0 0
340	3	1 1 0 1 0 0 0 1 1 0 1 0 0 0 0 0
340	24	0 1 1 1 0 0 1 0 1 0 1 0 0 0 0 0
340	24	0 0 1 1 1 1 1 0 1 0 1 1 0 0 0 0
340	19	1 1 1 1 0 0 1 0 1 0 0 0 0 0 0 0
340	20	1 1 0 1 0 0 0 1 1 0 1 0 0 1 0 0
340	1	0 1 0 1 0 0 1 0 0 0 1 0 0 0 0 0
340	3	1 1 0 1 0 0 1 1 1 0 0 0 0 0 0 0
340	6	1 0 1 0 1 0 0 0 1 1 0 0 1 0 0 0
340	6	1 1 1 0 0 0 0 0 1 0 0 0 0 0 0 0
340	6	1 1 1 1 1 0 1 0 0 0 1 1 0 0 0 0
340	10	1 0 0 1 0 1 0 0 0 1 1 0 0 0 0 0
340	3	1 0 1 1 1 0 1 0 0 1 1 1 0 0 0 0
340	1	1 1 0 1 0 1 0 1 0 1 1 0 0 0 0 0
340	18	0 1 0 1 1 0 0 1 1 0 1 0 0 1 0 0
340	17	1 1 1 1 0 1 0 0 1 1 1 0 0 1 0 1
340	34	1 1 0 1 0 0 0 0 1 1 1 0 1 1 0 0
340	1	1 0 1 0 1 1 0 0 1 1 0 0 1 0 0 0
340	4	0 1 0 1 1 1 1 0 1 0 1 1 0 0 0 0
340	9	0 1 0 1 0 0 1 0 1 0 1 1 0 0 0 0
340	5	1 0 0 1 0 1 0 0 0 1 1 0 0 1 0 0
340	5	1 1 0 0 0 1 0 1 0 1 1 0 0 0 0 0
340	2	0 0 1 1 1 1 1 0 1 0 1 1 0 0 1 0
340	6	0 1 1 1 1 0 0 0 1 1 1 0 0 0 0 0
340	3	1 1 1 1 0 1 0 0 1 0 1 1 0 0 0 0
340	9	0 1 0 1 1 0 0 1 1 0 1 1 0 0 0 0
340	12	1 1 0 1 0 0 0 0 0 0 1 0 0 1 0 0
340	1	1 0 0 1 1 1 1 0 1 0 1 0 0 0 0 0
340	7	1 1 1 1 1 0 1 0 1 0 0 1 0 0 0 0
340	5	0 1 1 1 1 0 1 0 1 0 1 0 1 0 0 0
340	3	1 1 1 1 0 0 0 0 1 1 1 0 0 1 0 0
340	1	1 1 1 1 0 1 0 0 1 1 1 0 0 0 0 0
340	5	0 1 1 1 1 1 0 0 1 1 1 1 0 1 0 0
340	6	1 1 1 1 0 0 1 0 1 0 1 0 0 0 0 1
340	6	1 1 1 1 1 0 1 1 0 0 1 1 0 0 0 0
340	6	0 0 1 1 0 0 0 0 1 1 1 0 0 1 0 0
340	1	1 1 1 1 1 0 0 0 1 0 1 0 0 1 0 0
340	7	1 1 0 1 0 0 1 0 1 0 1 0 0 1 0 0
340	10	1 1 1 1 0 0 0 0 1 1 1 0 0 0 0 0
340	2	1 1 1 1 1 1 0 0 1 1 1 1 0 1 0 0
340	1	1 1 1 1 1 1 0 0 1 1 0 0 0 1 0 0
340	9	0 1 0 1 1 0 0 0 1 0 1 0 0 1 0 0
340	2	1 1 0 1 0 1 0 0 1 1 1 0 0 1 0 0
340	11	1 1 1 1 0 0 1 0 1 0 1 1 0 0 0 0
340	6	1 1 1 1 1 0 1 0 1 0 0 0 0 0 0 0
340	7	1 1 0 1 0 0 1 0 0 0 1 0 0 0 0 0
340	2	0 1 1 0 1 0 1 0 0 1 1 1 0 0 0 0
340	5	1 1 1 1 0 0 1 0 0 0 1 1 0 0 0 0
340	9	0 1 0 1 1 0 1 0 1 0 1 1 0 0 0 0
340	8	0 1 0 1 1 0 0 1 0 0 1 0 0 0 0 0
340	5	1 1 0 1 0 1 0 0 0 1 0 0 0 0 0 0
340	5	1 1 0 1 0 0 1 0 1 0 0 0 0 0 0 1
340	3	0 0 0 1 1 1 1 0 1 0 1 1 0 0 0 0
340	2	1 1 1 1 0 0 0 0 1 1 1 0 0 1 1 0
340	1	1 1 1 0 1 0 1 0 0 1 1 0 0 0 0 0
340	2	0 1 0 1 0 0 0 0 1 0 1 0 1 1 0 0
340	1	1 0 1 0 0 0 0 0 1 0 0 0 0 0 0 0
340	3	1 1 1 0 0 1 0 0 1 1 1 0 0 1 0 0
340	12	1 0 0 1 0 0 1 0 1 0 0 0 0 0 0 0
340	7	1 1 1 1 1 0 1 0 0 0 1 1 0 0 1 0
340	5	0 1 0 0 1 0 0 1 1 0 1 1 0 0 0 0
340	1	1 0 0 1 1 0 1 0 0 0 1 1 0 0 0 0
340	1	1 1 0 1 0 0 0 0 1 1 1 1 0 0 0 0
340	4	0 1 1 1 1 0 0 0 1 0 1 0 0 0 0 0
340	1	1 1 1 0 1 0 1 0 0 1 1 1 1 0 0 0
340	7	1 1 1 1 1 1 0 0 1 1 1 0 0 1 0 1
340	6	1 0 1 1 0 1 0 0 0 1 1 0 0 0 0 0
340	2	0 0 0 1 1 0 0 1 1 0 1 1 0 0 0 0
340	6	1 1 0 1 0 0 0 0 0 0 1 1 0 1 0 0
340	1	0 1 1 1 0 0 1 0 1 0 0 0 0 0 0 0
340	2	1 1 0 1 1 0 0 1 1 0 1 0 0 0 0 0
340	3	1 1 1 1 0 0 0 0 1 1 1 0 1 0 0 0
340	5	1 1 0 1 0 1 0 0 0 1 0 1 0 0 0 1
340	2	1 1 0 0 0 1 0 0 0 0 1 1 0 0 0 0
340	1	1 1 0 1 0 0 1 0 1 0 1 1 0 0 0 0
340	1	1 1 1 1 0 1 1 0 1 1 1 0 0 1 0 0
340	2	1 1 1 1 1 0 1 0 0 0 0 1 0 0 0 0
340	1	1 1 0 1 0 0 0 0 0 0 1 0 0 1 0 1
340	1	1 1 1 1 1 0 0 0 1 0 1 0 1 1 0 0
340	1	1 1 1 1 0 1 0 0 0 1 1 0 0 0 0 0
340	2	0 1 0 1 0 0 0 0 1 0 1 0 0 0 0 0
340	1	0 1 1 1 0 0 1 0 1 1 1 0 0 0 0 0
340	1	1 0 0 1 0 1 0 1 1 0 1 0 0 1 0 0
340	2	0 1 0 1 0 0 1 0 1 0 1 0 1 0 0 0
340	1	0 1 1 1 1 0 1 0 1 1 1 0 0 0 0 0
340	1	1 0 1 1 1 0 1 0 1 0 1 0 0 0 0 1
340	3	1 1 0 1 0 0 1 1 1 0 1 0 0 1 0 0
340	2	0 1 0 1 0 0 1 1 1 0 1 1 0 0 0 0
340	1	0 0 1 1 1 0 0 0 1 1 1 0 0 0 0 0
340	2	1 1 1 1 1 0 1 0 0 0 0 1 0 0 1 0
350	9	0 1 0 1 0 0 0 1 1 0 1 0 0 0 0 0
350	25	1 1 0 1 0 0 1 0 1 0 1 0 0 0 0 0
350	65	0 1 0 1 1 0 0 1 1 0 1 0 0 0 0 0
350	42	0 1 0 1 0 0 1 0 1 0 1 0 0 0 0 0
350	10	0 1 1 1 1 0 1 0 1 0 1 0 0 0 0 0
350	41	1 1 1 1 1 0 1 0 0 1 1 1 0 0 0 0
350	58	1 1 1 1 0 1 0 0 1 1 1 0 0 1 0 0
350	4	0 1 0 1 0 0 0 0 1 0 0 0 0 0 0 0
350	38	1 1 0 1 0 0 1 0 1 0 0 0 0 0 0 0
350	9	1 1 0 0 0 0 1 0 1 0 1 0 0 0 0 0
350	8	1 1 1 1 1 0 1 0 0 1 1 1 0 0 0 1
350	7	1 1 1 0 1 0 1 0 0 1 1 1 0 0 0 0
350	19	1 0 0 1 1 1 1 0 1 0 1 1 0 0 0 0
350	6	1 1 1 1 1 0 1 0 1 0 1 0 0 0 0 0
350	7	1 1 0 1 0 0 0 0 1 1 1 0 0 0 0 0
350	15	1 1 1 1 1 0 1 0 1 0 1 1 0 0 0 0
350	3	0 1 1 1 1 0 0 0 1 1 1 0 0 0 1 0
350	19	1 1 0 1 0 0 0 0 1 0 1 0 0 0 0 0
350	15	1 1 1 1 1 0 0 0 1 1 1 0 0 0 0 0
350	1	1 1 0 1 0 0 0 0 1 1 1 0 1 0 0 0
350	11	0 1 0 0 1 0 1 0 0 1 1 0 0 0 0 0
350	6	1 1 1 1 1 1 0 0 1 1 1 0 0 1 0 0
350	13	1 1 0 1 0 0 0 0 1 1 1 0 0 1 0 0
350	17	1 1 0 1 1 1 1 0 1 0 1 1 0 0 0 0
350	5	1 1 0 1 0 0 0 1 1 0 1 0 0 0 0 0
350	56	0 1 1 1 0 0 1 0 1 0 1 0 0 0 0 0
350	38	0 0 1 1 1 1 1 0 1 0 1 1 0 0 0 0
350	21	1 1 0 1 0 0 0 1 1 0 1 0 0 1 0 0
350	11	1 1 0 1 0 0 1 1 1 0 0 0 0 0 0 0
350	3	1 0 1 0 1 0 0 0 1 1 0 0 1 0 0 0
350	8	1 1 1 0 0 0 0 0 1 0 0 0 0 0 0 0
350	1	1 0 0 1 0 1 0 0 0 1 1 0 0 0 0 0
350	1	1 0 1 1 1 0 1 0 0 1 1 1 0 0 0 0
350	20	0 1 0 1 1 0 0 1 1 0 1 0 0 1 0 0
350	12	1 1 1 1 0 1 0 0 1 1 1 0 0 1 0 1
350	51	1 1 0 1 0 0 0 0 1 1 1 0 1 1 0 0
350	2	0 1 0 1 1 1 1 0 1 0 1 1 0 0 0 0
350	13	0 1 0 1 0 0 1 0 1 0 1 1 0 0 0 0
350	3	1 0 0 1 0 1 0 0 0 1 1 0 0 1 0 0
350	7	0 1 1 1 1 0 0 0 1 1 1 0 0 0 0 0
350	21	0 1 0 1 1 0 0 1 1 0 1 1 0 0 0 0
350	7	1 1 0 1 0 0 0 0 0 0 1 0 0 1 0 0
350	4	1 0 0 1 1 1 1 0 1 0 1 0 0 0 0 0
350	9	1 1 1 1 1 0 1 0 1 0 0 1 0 0 0 0
350	6	0 1 1 1 1 0 1 0 1 0 1 0 1 0 0 0
350	13	1 1 1 1 1 0 1 1 0 0 1 1 0 0 0 0
350	2	0 0 1 1 0 0 0 0 1 1 1 0 0 1 0 0
350	9	1 1 0 1 0 0 1 0 1 0 1 0 0 1 0 0
350	4	1 1 1 1 0 0 0 0 1 1 1 0 0 0 0 0
350	8	0 1 0 1 1 0 0 0 1 0 1 0 0 1 0 0
350	1	1 1 1 1 1 0 1 0 1 0 0 0 0 0 0 0
350	8	1 1 0 1 0 0 1 0 0 0 1 0 0 0 0 0
350	3	1 1 1 1 0 0 1 0 0 0 1 1 0 0 0 0
350	2	0 1 0 1 1 0 1 0 1 0 1 1 0 0 0 0
350	6	1 1 0 1 0 0 1 0 1 0 0 0 0 0 0 1
350	1	1 0 0 1 0 0 1 0 1 0 0 0 0 0 0 0
350	1	1 1 1 1 1 0 1 0 0 0 1 1 0 0 1 0
350	11	0 1 0 0 1 0 0 1 1 0 1 1 0 0 0 0
350	12	1 1 1 1 1 1 0 0 1 1 1 0 0 1 0 1
350	3	1 0 1 1 0 1 0 0 0 1 1 0 0 0 0 0
350	5	1 1 0 1 0 0 0 0 0 0 1 1 0 1 0 0
350	15	1 1 0 1 1 0 0 1 1 0 1 0 0 0 0 0
350	3	1 1 0 1 0 1 0 0 0 1 0 1 0 0 0 1
350	3	1 1 1 1 1 0 1 0 0 0 0 1 0 0 0 0
350	2	1 1 1 1 1 0 0 0 1 0 1 0 1 1 0 0
350	5	1 1 1 1 0 1 0 0 0 1 1 0 0 0 0 0
350	1	0 1 1 1 1 0 1 0 1 1 1 0 0 0 0 0
350	1	1 0 0 1 0 1 0 0 0 0 1 0 0 0 0 0
350	3	1 1 1 1 0 1 1 0 1 1 1 0 0 1 0 1
350	5	0 0 1 1 0 0 1 0 1 0 1 0 0 0 0 0
350	6	0 1 0 0 0 0 1 0 1 0 1 0 0 0 0 0
350	1	0 1 0 1 1 0 0 1 1 0 0 0 0 0 0 0
350	7	0 1 0 1 0 0 0 0 1 0 0 0 0 0 0 1
350	3	0 0 1 1 0 1 1 0 1 0 1 1 0 0 0 0
350	1	1 1 1 1 1 0 1 0 1 0 1 1 0 0 0 1
350	13	0 1 0 1 0 0 1 0 1 0 0 0 0 0 0 0
350	2	1 1 1 1 1 0 1 0 1 0 0 1 0 0 0 1
350	4	1 1 1 1 1 0 1 1 1 0 1 1 0 0 0 0
350	2	0 1 1 1 0 1 0 0 1 1 1 0 0 1 0 1
350	2	1 1 1 1 0 1 0 1 1 0 1 1 0 0 0 0
350	1	1 0 0 1 0 0 0 1 1 0 1 0 0 0 0 0
350	1	1 1 1 1 1 0 1 0 0 1 1 1 1 0 0 0
350	4	1 0 1 0 1 0 1 0 0 1 1 1 0 0 0 0
350	5	0 1 1 1 1 0 0 1 0 1 1 0 0 0 0 0
350	5	0 1 0 1 0 0 0 0 1 0 1 1 0 0 0 0
350	2	0 1 0 0 1 0 1 0 0 1 1 0 0 1 0 0
350	3	1 1 1 1 1 0 0 0 0 0 1 1 0 1 0 0
350	1	0 1 0 1 1 0 0 1 1 0 0 0 0 1 0 0
350	5	1 0 0 1 0 0 1 0 1 1 0 0 0 0 0 0
350	1	0 0 1 1 0 1 1 0 1 0 1 1 0 0 1 0
350	4	0 1 0 1 0 0 1 0 1 0 0 0 0 0 0 1
350	1	0 0 1 1 1 0 0 0 0 0 1 0 0 1 0 0
350	3	0 1 0 1 1 0 0 1 1 0 1 1 0 0 0 1
350	1	1 1 1 1 1 0 1 0 1 1 1 0 0 0 0 0
350	1	1 0 0 1 0 0 0 0 1 1 1 0 0 0 0 0
350	6	0 1 0 0 1 0 1 0 0 1 0 0 0 0 0 0
350	1	1 0 1 1 1 0 1 0 1 1 1 1 0 0 0 0
350	1	1 1 1 1 1 0 0 0 1 0 0 1 0 0 0 0
350	3	1 1 0 1 0 0 1 0 1 0 1 1 1 0 0 0
350	2	0 1 1 1 0 0 0 1 1 0 1 0 0 0 0 0
350	2	1 0 1 1 1 0 1 0 1 0 1 0 0 1 0 0
350	2	0 1 0 1 1 0 1 0 1 0 1 0 0 0 0 0
350	1	1 1 1 1 0 0 1 0 1 0 0 0 0 0 0 1
350	1	1 1 0 1 0 0 0 0 0 0 1 1 0 0 0 0
350	1	0 1 1 1 1 0 1 0 1 0 0 0 0 0 0 0
350	2	1 1 1 1 1 0 0 0 1 0 1 0 0 0 0 0
350	2	0 1 1 1 0 0 1 0 0 0 1 0 0 0 0 0
350	1	1 0 0 1 0 0 0 0 0 0 1 1 0 1 0 0
350	3	1 1 1 1 0 1 0 0 0 1 1 0 0 1 0 0
350	1	0 1 1 1 1 0 0 1 1 0 1 0 0 0 0 0
350	3	1 1 1 1 0 1 0 0 1 0 1 1 0 0 0 0
350	1	1 1 1 1 0 1 0 0 1 0 1 0 0 0 0 0
350	1	1 1 1 0 0 0 0 0 1 0 1 0 0 1 0 1
350	1	1 0 0 1 0 1 0 0 1 1 1 0 0 0 0 0
350	1	1 1 1 1 0 0 1 0 1 0 1 0 0 0 0 0
350	1	1 1 0 1 1 0 1 0 1 0 0 0 0 0 0 0
350	2	0 1 0 1 1 0 1 1 1 0 1 0 0 1 0 0
350	1	1 1 1 1 0 1 0 1 1 1 1 0 0 1 0 1
350	2	1 1 0 1 0 1 0 0 1 1 1 0 0 1 0 1
350	2	1 0 0 1 1 1 1 0 1 0 1 0 1 0 0 0
350	3	0 1 1 1 0 1 0 0 0 1 1 0 0 1 0 0
360	2	0 1 0 1 0 0 0 1 1 0 1 0 0 0 0 0
360	36	1 1 0 1 0 0 1 0 1 0 1 0 0 0 0 0
360	58	0 1 0 1 1 0 0 1 1 0 1 0 0 0 0 0
360	41	0 1 0 1 0 0 1 0 1 0 1 0 0 0 0 0
360	10	0 1 1 1 1 0 1 0 1 0 1 0 0 0 0 0
360	35	1 1 1 1 1 0 1 0 0 1 1 1 0 0 0 0
360	96	1 1 1 1 0 1 0 0 1 1 1 0 0 1 0 0
360	1	0 1 0 1 0 0 0 0 1 0 0 0 0 0 0 0
360	19	1 1 0 1 0 0 1 0 1 0 0 0 0 0 0 0
360	10	1 1 1 1 1 0 1 0 0 1 1 1 0 0 0 1
360	3	1 0 0 1 1 1 1 0 1 0 1 1 0 0 0 0
360	3	1 1 0 1 0 0 0 0 1 1 1 0 0 0 0 0
360	16	1 1 1 1 1 0 1 0 1 0 1 1 0 0 0 0
360	10	0 1 1 1 1 0 0 0 1 1 1 0 0 0 1 0
360	52	1 1 0 1 0 0 0 0 1 0 1 0 0 0 0 0
360	15	0 1 0 0 1 0 1 0 0 1 1 0 0 0 0 0
360	11	1 1 0 1 0 0 0 0 1 1 1 0 0 1 0 0
360	6	1 1 0 1 1 1 1 0 1 0 1 1 0 0 0 0
360	19	1 1 0 1 0 0 0 1 1 0 1 0 0 0 0 0
360	52	0 1 1 1 0 0 1 0 1 0 1 0 0 0 0 0
360	30	1 1 0 1 0 0 0 1 1 0 1 0 0 1 0 0
360	2	1 1 0 1 0 0 1 1 1 0 0 0 0 0 0 0
360	38	1 1 1 0 0 0 0 0 1 0 0 0 0 0 0 0
360	17	0 1 0 1 1 0 0 1 1 0 1 0 0 1 0 0
360	10	1 1 1 1 0 1 0 0 1 1 1 0 0 1 0 1
360	26	1 1 0 1 0 0 0 0 1 1 1 0 1 1 0 0
360	7	0 1 0 1 1 1 1 0 1 0 1 1 0 0 0 0
360	19	0 1 0 1 0 0 1 0 1 0 1 1 0 0 0 0
360	5	0 1 1 1 1 0 0 0 1 1 1 0 0 0 0 0
360	9	0 1 0 1 1 0 0 1 1 0 1 1 0 0 0 0
360	2	1 0 0 1 1 1 1 0 1 0 1 0 0 0 0 0
360	6	1 1 1 1 1 0 1 0 1 0 0 1 0 0 0 0
360	9	0 1 1 1 1 0 1 0 1 0 1 0 1 0 0 0
360	7	1 1 1 1 1 0 1 1 0 0 1 1 0 0 0 0
360	2	0 1 0 1 1 0 0 0 1 0 1 0 0 1 0 0
360	10	1 1 0 1 0 0 1 0 0 0 1 0 0 0 0 0
360	6	0 1 0 1 1 0 1 0 1 0 1 1 0 0 0 0
360	4	1 1 1 1 1 1 0 0 1 1 1 0 0 1 0 1
360	11	1 1 0 1 1 0 0 1 1 0 1 0 0 0 0 0
360	1	1 1 0 1 0 1 0 0 0 1 0 1 0 0 0 1
360	16	1 1 1 1 1 0 1 0 0 0 0 1 0 0 0 0
360	5	0 1 0 0 0 0 1 0 1 0 1 0 0 0 0 0
360	2	0 1 0 1 1 0 0 1 1 0 0 0 0 0 0 0
360	3	0 1 0 1 0 0 0 0 1 0 0 0 0 0 0 1
360	6	1 1 1 1 1 0 1 0 1 0 1 1 0 0 0 1
360	5	1 1 1 1 1 0 1 0 1 0 0 1 0 0 0 1
360	4	1 1 1 1 1 0 1 1 1 0 1 1 0 0 0 0
360	3	0 1 1 1 0 1 0 0 1 1 1 0 0 1 0 1
360	2	1 1 1 1 0 1 0 1 1 0 1 1 0 0 0 0
360	2	1 0 1 0 1 0 1 0 0 1 1 1 0 0 0 0
360	3	0 1 1 1 1 0 0 1 0 1 1 0 0 0 0 0
360	3	1 0 0 1 0 0 1 0 1 1 0 0 0 0 0 0
360	3	0 1 0 1 0 0 1 0 1 0 0 0 0 0 0 1
360	8	1 1 1 1 1 0 1 0 1 1 1 0 0 0 0 0
360	1	0 1 0 0 1 0 1 0 0 1 0 0 0 0 0 0
360	3	1 1 1 1 1 0 0 0 1 0 0 1 0 0 0 0
360	41	1 1 1 1 1 0 0 0 1 0 1 0 0 0 0 0
360	8	1 1 1 1 0 1 0 0 1 0 1 1 0 0 0 0
360	2	1 1 1 1 0 1 0 0 1 0 1 0 0 0 0 0
360	3	1 1 0 1 0 0 1 0 1 1 0 0 0 0 0 0
360	2	1 1 1 1 0 0 0 0 1 1 1 0 0 1 0 0
360	18	1 1 0 1 1 1 1 0 1 0 1 1 1 0 0 0
360	5	0 1 0 1 1 0 0 0 1 1 1 0 0 0 0 0
360	1	0 1 1 1 0 0 0 0 1 0 1 0 0 0 0 0
360	10	1 1 1 1 0 1 1 0 1 1 1 0 0 1 0 0
360	1	0 1 1 1 1 1 0 0 0 1 1 0 0 1 0 0
360	1	0 1 0 1 0 0 0 1 1 0 0 0 0 0 0 0
360	7	1 1 1 1 0 0 1 0 1 0 1 1 0 0 0 0
360	1	1 1 1 1 1 0 0 1 1 0 0 0 0 0 0 0
360	1	0 1 0 1 1 0 1 1 1 0 1 0 0 0 0 0
360	22	1 1 0 1 0 0 1 0 1 0 0 0 0 1 0 0
360	7	1 0 0 1 1 0 1 0 1 0 1 1 0 0 0 0
360	4	0 1 0 1 0 0 1 0 1 0 0 0 0 1 0 0
360	1	1 1 1 1 0 1 0 0 0 0 1 1 0 0 0 0
360	2	0 1 0 1 1 1 0 0 1 0 1 0 0 1 0 0
360	1	1 1 0 1 1 0 0 1 1 0 1 0 0 0 0 1
360	1	1 1 0 0 0 0 1 0 1 0 1 0 0 1 0 1
360	1	0 1 0 1 0 0 1 0 1 0 1 0 0 1 0 0
360	2	0 1 0 1 0 0 0 1 1 0 1 1 0 0 0 0
360	8	0 1 1 1 0 1 0 0 1 1 1 0 0 1 0 0
360	2	1 1 0 1 0 1 1 0 1 0 0 0 0 0 0 0
360	3	1 1 0 1 0 0 0 0 1 1 1 0 1 0 0 0
360	1	1 1 0 1 1 0 0 0 1 1 1 0 0 1 0 0
360	2	1 1 0 1 0 0 0 1 1 1 1 0 1 1 0 0
360	2	1 1 1 1 0 0 1 0 0 1 1 1 1 0 0 0
360	6	1 1 1 1 0 1 0 0 1 1 1 0 0 0 0 1
360	4	1 1 1 1 1 0 1 0 1 0 0 0 0 0 0 0
360	1	1 1 0 1 0 0 1 1 1 0 1 0 0 0 0 0
360	1	1 1 1 1 0 0 1 0 1 0 0 0 0 0 0 0
360	1	1 1 1 1 0 1 1 0 1 1 1 0 0 1 0 1
360	2	1 0 1 1 1 0 1 0 1 0 0 1 0 0 0 0
360	5	1 1 0 1 0 0 1 0 1 0 1 0 0 1 0 0
360	1	1 0 1 1 0 1 0 0 1 0 1 0 0 0 0 0
360	1	1 1 1 1 0 1 0 0 1 1 1 0 0 0 0 0
360	1	0 1 1 1 1 0 1 0 1 1 1 0 0 0 1 0
360	4	1 1 0 1 0 0 0 0 0 0 1 0 0 0 0 0
360	4	0 1 1 1 0 0 1 0 1 0 1 1 0 0 0 0
360	4	1 1 1 1 1 1 1 1 0 0 1 1 0 0 0 0
360	1	1 1 0 1 0 0 1 0 0 0 1 0 0 0 0 1
360	1	1 1 0 1 0 0 0 0 0 1 0 1 0 0 0 1
360	1	1 1 1 1 1 0 1 1 1 0 1 1 0 0 1 0
360	2	0 1 1 1 1 0 0 0 1 0 1 0 0 0 0 0
360	1	1 1 1 1 1 0 1 0 0 0 1 1 0 0 0 0
360	1	0 1 0 0 1 0 1 0 0 1 1 1 0 0 0 0
360	3	1 1 0 1 0 0 0 0 0 1 1 0 0 1 0 0
360	2	1 1 0 1 0 0 0 1 0 0 1 0 0 1 0 0
360	2	1 1 1 1 1 0 1 1 1 0 1 1 0 1 0 0
360	2	1 1 1 0 0 1 0 0 1 0 1 1 0 0 0 0
360	2	1 1 0 1 0 1 1 0 1 0 1 1 1 0 0 0
360	1	1 0 0 1 0 1 1 0 1 0 0 0 0 0 0 0
360	1	1 1 0 1 0 0 0 1 0 1 0 1 0 0 0 1
370	26	1 1 0 1 0 0 1 0 1 0 1 0 0 0 0 0
370	33	0 1 0 1 1 0 0 1 1 0 1 0 0 0 0 0
370	22	0 1 0 1 0 0 1 0 1 0 1 0 0 0 0 0
370	12	0 1 1 1 1 0 1 0 1 0 1 0 0 0 0 0
370	39	1 1 1 1 1 0 1 0 0 1 1 1 0 0 0 0
370	124	1 1 1 1 0 1 0 0 1 1 1 0 0 1 0 0
370	21	1 1 0 1 0 0 1 0 1 0 0 0 0 0 0 0
370	8	1 1 1 1 1 0 1 0 0 1 1 1 0 0 0 1
370	3	1 1 0 1 0 0 0 0 1 1 1 0 0 0 0 0
370	4	1 1 1 1 1 0 1 0 1 0 1 1 0 0 0 0
370	4	0 1 1 1 1 0 0 0 1 1 1 0 0 0 1 0
370	85	1 1 0 1 0 0 0 0 1 0 1 0 0 0 0 0
370	7	0 1 0 0 1 0 1 0 0 1 1 0 0 0 0 0
370	17	1 1 0 1 0 0 0 0 1 1 1 0 0 1 0 0
370	6	1 1 0 1 1 1 1 0 1 0 1 1 0 0 0 0
370	5	1 1 0 1 0 0 0 1 1 0 1 0 0 0 0 0
370	69	0 1 1 1 0 0 1 0 1 0 1 0 0 0 0 0
370	6	1 1 0 1 0 0 0 1 1 0 1 0 0 1 0 0
370	35	1 1 1 0 0 0 0 0 1 0 0 0 0 0 0 0
370	10	0 1 0 1 1 0 0 1 1 0 1 0 0 1 0 0
370	5	1 1 0 1 0 0 0 0 1 1 1 0 1 1 0 0
370	1	0 1 0 1 1 1 1 0 1 0 1 1 0 0 0 0
370	9	0 1 0 1 0 0 1 0 1 0 1 1 0 0 0 0
370	10	1 1 1 1 1 0 1 0 1 0 0 1 0 0 0 0
370	2	0 1 1 1 1 0 1 0 1 0 1 0 1 0 0 0
370	2	1 1 0 1 0 0 1 0 0 0 1 0 0 0 0 0
370	14	1 1 0 1 1 0 0 1 1 0 1 0 0 0 0 0
370	9	1 1 1 1 1 0 1 0 0 0 0 1 0 0 0 0
370	1	0 1 0 1 0 0 0 0 1 0 0 0 0 0 0 1
370	12	1 1 1 1 1 0 1 0 1 0 0 1 0 0 0 1
370	10	1 1 1 1 1 0 1 0 1 1 1 0 0 0 0 0
370	48	1 1 1 1 1 0 0 0 1 0 1 0 0 0 0 0
370	16	1 1 0 1 1 1 1 0 1 0 1 1 1 0 0 0
370	1	0 1 0 1 1 0 0 0 1 1 1 0 0 0 0 0
370	3	1 1 1 1 0 1 1 0 1 1 1 0 0 1 0 0
370	1	0 1 0 1 0 0 0 1 1 0 0 0 0 0 0 0
370	3	1 1 1 1 0 0 1 0 1 0 1 1 0 0 0 0
370	6	1 1 1 1 1 0 0 1 1 0 0 0 0 0 0 0
370	13	1 1 0 1 0 0 1 0 1 0 0 0 0 1 0 0
370	2	0 1 0 1 1 1 0 0 1 0 1 0 0 1 0 0
370	1	1 1 1 1 0 0 1 0 0 1 1 1 1 0 0 0
370	6	1 1 1 1 0 1 0 0 1 1 1 0 0 0 0 1
370	1	1 1 1 1 1 0 1 0 1 0 0 0 0 0 0 0
370	4	1 1 0 1 0 0 1 1 1 0 1 0 0 0 0 0
370	15	1 1 0 1 0 0 1 0 1 0 1 0 0 1 0 0
370	1	1 1 1 1 0 1 0 0 1 1 1 0 0 0 0 0
370	30	1 1 0 1 0 0 0 0 0 0 1 0 0 0 0 0
370	12	0 1 1 1 0 0 1 0 1 0 1 1 0 0 0 0
370	8	1 1 1 1 1 1 1 1 0 0 1 1 0 0 0 0
370	4	1 1 0 1 0 0 0 0 0 1 0 1 0 0 0 1
370	2	0 1 1 1 1 0 0 0 1 0 1 0 0 0 0 0
370	12	1 1 0 1 0 1 1 0 1 0 1 1 1 0 0 0
370	10	1 0 0 1 0 1 1 0 1 0 0 0 0 0 0 0
370	30	1 1 1 1 1 0 0 1 1 0 1 0 0 0 0 0
370	1	0 1 1 1 1 0 1 0 1 0 1 1 0 0 0 0
370	4	1 1 1 1 1 0 0 0 1 1 1 0 0 0 0 0
370	2	0 1 0 1 0 0 1 0 1 0 1 0 0 0 0 1
370	2	1 1 0 1 1 0 1 0 1 0 1 0 0 0 0 0
370	7	1 1 0 1 0 0 1 0 1 0 1 1 0 0 0 0
370	8	1 1 0 1 0 0 0 0 1 0 0 1 0 0 0 1
370	6	1 1 1 1 1 0 1 0 1 1 1 1 0 0 0 0
370	9	1 1 1 1 1 1 1 0 0 1 1 1 0 0 0 0
370	10	1 1 1 1 0 1 0 0 1 1 0 0 0 1 0 0
370	2	0 1 0 1 0 0 0 0 1 0 1 0 0 0 0 0
370	4	1 1 0 1 0 0 1 0 0 1 1 0 0 0 0 0
370	1	1 1 1 0 0 0 0 0 1 0 1 0 0 0 0 0
370	5	1 1 0 1 0 0 1 0 0 0 0 1 0 0 0 0
370	4	0 1 0 1 1 0 1 0 0 1 1 0 0 0 0 0
370	6	1 0 1 1 1 0 1 1 1 0 1 1 0 0 0 0
370	4	1 1 0 1 0 1 0 0 1 1 1 0 0 1 0 0
370	2	0 1 0 1 0 0 0 1 1 0 1 0 0 0 0 0
370	4	1 1 1 1 1 0 0 0 1 1 1 1 0 0 0 0
370	4	1 1 1 1 1 0 0 0 1 0 1 0 0 0 0 1
370	3	1 1 1 1 1 0 0 0 0 1 1 1 0 0 0 1
370	2	1 1 0 1 0 0 1 0 1 0 1 0 1 0 0 0
370	5	1 1 1 1 0 0 0 0 1 0 0 0 0 0 0 0
370	1	1 0 0 1 0 0 1 0 1 0 1 0 0 0 0 0
370	1	0 1 0 1 1 0 0 1 1 0 1 0 1 0 0 0
370	4	1 1 1 1 1 0 1 0 0 1 1 1 0 1 0 0
370	5	0 1 1 1 0 0 1 0 0 1 1 0 0 0 0 0
370	6	1 1 1 1 0 1 1 0 1 0 1 0 0 0 0 0
370	2	0 1 0 0 0 0 1 0 1 0 1 1 0 0 0 0
370	2	0 0 0 1 0 0 1 0 1 0 1 0 0 0 0 0
370	2	0 1 1 1 0 0 1 0 1 0 0 0 0 0 0 0
370	1	1 1 0 1 0 0 1 1 1 0 1 0 0 1 0 0
370	2	1 1 1 1 0 0 0 1 1 0 1 0 0 0 0 0
370	3	1 1 1 1 0 1 0 0 1 0 1 0 0 1 0 0
370	2	0 1 0 0 0 0 1 0 0 1 1 0 0 0 0 0
370	1	1 1 0 1 1 0 0 1 1 1 1 0 0 0 0 0
370	1	1 1 1 1 1 1 0 0 1 0 1 0 0 0 0 0
370	3	1 1 1 1 1 0 0 1 1 0 1 0 0 1 0 0
370	1	1 1 1 1 1 0 0 1 0 0 1 0 0 0 0 0
370	3	1 1 0 1 0 0 1 1 1 0 1 1 0 0 0 0
370	1	1 1 0 1 0 0 0 0 0 0 0 1 0 0 0 1
370	3	1 0 1 1 1 0 1 0 1 1 1 1 0 0 0 0
370	5	1 1 1 1 0 0 1 0 1 0 1 0 0 0 0 0
370	1	1 1 1 1 0 0 0 0 1 0 1 0 0 0 0 0
370	1	1 1 1 1 1 0 0 0 1 0 1 0 0 1 0 0
370	1	1 1 0 1 0 0 1 0 1 0 1 0 0 0 1 0
370	1	1 1 0 1 1 0 0 0 1 0 1 0 0 0 0 0
370	2	1 1 0 1 0 0 0 0 1 1 1 0 0 1 1 0
370	2	1 1 0 1 0 0 0 0 0 1 1 0 0 1 0 0
370	3	0 1 1 1 0 0 1 0 1 0 1 0 1 0 0 0
370	1	0 1 1 0 0 0 1 0 1 0 1 0 0 0 0 0
370	1	0 1 0 1 1 0 0 0 1 0 1 0 0 1 0 0
370	2	1 0 1 1 1 0 0 0 1 0 1 0 0 0 0 1
370	1	1 1 0 1 1 0 0 1 1 1 1 0 0 0 1 0
380	12	1 1 0 1 0 0 1 0 1 0 1 0 0 0 0 0
380	25	0 1 0 1 1 0 0 1 1 0 1 0 0 0 0 0
380	52	0 1 0 1 0 0 1 0 1 0 1 0 0 0 0 0
380	43	0 1 1 1 1 0 1 0 1 0 1 0 0 0 0 0
380	54	1 1 1 1 1 0 1 0 0 1 1 1 0 0 0 0
380	46	1 1 1 1 0 1 0 0 1 1 1 0 0 1 0 0
380	14	1 1 0 1 0 0 1 0 1 0 0 0 0 0 0 0
380	25	1 1 1 1 1 0 1 0 0 1 1 1 0 0 0 1
380	1	1 1 0 1 0 0 0 0 1 1 1 0 0 0 0 0
380	4	1 1 1 1 1 0 1 0 1 0 1 1 0 0 0 0
380	47	1 1 0 1 0 0 0 0 1 0 1 0 0 0 0 0
380	7	0 1 0 0 1 0 1 0 0 1 1 0 0 0 0 0
380	18	1 1 0 1 0 0 0 0 1 1 1 0 0 1 0 0
380	80	0 1 1 1 0 0 1 0 1 0 1 0 0 0 0 0
380	2	1 1 0 1 0 0 0 1 1 0 1 0 0 1 0 0
380	45	1 1 1 0 0 0 0 0 1 0 0 0 0 0 0 0
380	2	0 1 0 1 1 0 0 1 1 0 1 0 0 1 0 0
380	6	0 1 0 1 0 0 1 0 1 0 1 1 0 0 0 0
380	4	1 1 1 1 1 0 1 0 1 0 0 1 0 0 0 0
380	37	1 1 0 1 1 0 0 1 1 0 1 0 0 0 0 0
380	7	1 1 1 1 1 0 1 0 0 0 0 1 0 0 0 0
380	9	1 1 1 1 1 0 1 0 1 0 0 1 0 0 0 1
380	10	1 1 1 1 1 0 1 0 1 1 1 0 0 0 0 0
380	40	1 1 1 1 1 0 0 0 1 0 1 0 0 0 0 0
380	13	1 1 1 1 1 0 0 1 1 0 0 0 0 0 0 0
380	7	1 1 0 1 0 0 1 0 1 0 0 0 0 1 0 0
380	10	1 1 1 1 0 1 0 0 1 1 1 0 0 0 0 1
380	8	1 1 0 1 0 0 1 1 1 0 1 0 0 0 0 0
380	6	1 1 0 1 0 0 1 0 1 0 1 0 0 1 0 0
380	28	1 1 0 1 0 0 0 0 0 0 1 0 0 0 0 0
380	7	0 1 1 1 0 0 1 0 1 0 1 1 0 0 0 0
380	13	1 1 1 1 1 1 1 1 0 0 1 1 0 0 0 0
380	3	1 1 0 1 0 1 1 0 1 0 1 1 1 0 0 0
380	7	1 0 0 1 0 1 1 0 1 0 0 0 0 0 0 0
380	24	1 1 1 1 1 0 0 1 1 0 1 0 0 0 0 0
380	2	1 1 1 1 1 0 0 0 1 1 1 0 0 0 0 0
380	7	0 1 0 1 0 0 1 0 1 0 1 0 0 0 0 1
380	5	1 1 0 1 0 0 1 0 1 0 1 1 0 0 0 0
380	8	1 1 1 1 1 1 1 0 0 1 1 1 0 0 0 0
380	4	1 1 1 1 0 1 0 0 1 1 0 0 0 1 0 0
380	1	0 1 0 1 0 0 0 0 1 0 1 0 0 0 0 0
380	5	1 1 0 1 0 0 1 0 0 1 1 0 0 0 0 0
380	6	1 1 1 0 0 0 0 0 1 0 1 0 0 0 0 0
380	5	1 1 0 1 0 0 1 0 0 0 0 1 0 0 0 0
380	11	1 0 1 1 1 0 1 1 1 0 1 1 0 0 0 0
380	3	1 1 0 1 0 1 0 0 1 1 1 0 0 1 0 0
380	5	1 1 1 1 1 0 0 0 1 1 1 1 0 0 0 0
380	3	1 1 1 1 0 0 0 0 1 0 0 0 0 0 0 0
380	3	1 1 1 1 1 0 1 0 0 1 1 1 0 1 0 0
380	2	0 1 1 1 0 0 1 0 0 1 1 0 0 0 0 0
380	14	1 1 1 1 1 0 0 1 1 0 1 0 0 1 0 0
380	13	1 1 1 1 0 0 1 0 1 0 1 0 0 0 0 0
380	1	1 1 0 1 0 0 0 0 1 1 1 0 0 1 1 0
380	18	0 1 0 1 1 0 0 0 1 0 1 0 0 0 0 0
380	5	1 1 1 1 1 0 0 1 1 0 1 1 0 0 0 0
380	12	1 1 1 1 1 0 0 0 1 1 1 0 0 0 0 1
380	9	1 1 1 1 1 0 1 0 1 0 1 0 0 0 0 0
380	5	1 1 0 1 1 0 0 1 1 0 1 0 0 1 0 0
380	6	0 1 0 1 1 0 0 1 0 0 1 0 0 0 0 0
380	10	1 1 1 1 1 0 1 0 1 1 1 0 0 1 0 0
380	9	0 1 0 1 1 0 0 0 0 0 1 0 0 0 0 0
380	6	1 1 0 1 0 0 1 0 1 0 1 0 0 0 0 1
380	2	1 1 1 1 1 0 1 0 1 1 1 0 0 0 0 1
380	5	0 1 0 1 0 0 0 0 0 0 1 0 0 0 0 0
380	9	1 1 0 1 0 0 0 0 1 1 1 0 0 0 0 1
380	2	0 1 0 1 0 0 1 0 1 0 1 1 0 1 0 0
380	6	0 1 0 1 0 0 0 0 1 0 0 0 0 0 0 0
380	4	1 0 1 1 1 1 1 1 0 0 1 1 0 0 0 0
380	1	1 1 0 1 1 1 1 0 1 0 1 0 0 1 0 0
380	3	0 1 1 1 0 1 0 0 1 1 1 0 0 1 0 0
380	3	1 1 1 1 0 1 0 1 1 1 1 0 0 1 0 0
380	6	1 1 1 1 1 0 0 0 1 1 1 0 0 1 0 0
380	2	0 1 1 1 1 0 0 1 1 0 1 0 0 1 0 0
380	1	1 1 0 1 0 1 1 0 1 0 1 0 0 0 0 0
380	4	1 1 1 1 0 0 0 0 1 1 1 0 0 1 0 0
380	4	1 0 0 1 0 0 0 0 1 1 1 0 0 1 0 0
380	4	0 0 1 1 0 0 1 0 1 0 1 0 0 0 0 0
380	6	1 1 1 1 1 0 0 1 1 1 0 0 0 0 0 0
380	1	1 1 0 1 0 0 0 0 0 0 1 0 1 0 0 0
380	1	0 1 0 1 0 1 0 0 1 0 1 0 0 0 0 0
380	3	1 1 1 1 0 1 1 1 1 0 1 0 0 0 0 0
380	1	1 1 0 1 0 1 0 0 1 1 1 0 0 0 0 1
380	3	0 1 1 1 0 0 1 0 1 0 1 1 0 1 0 0
380	1	1 1 0 1 0 0 1 0 1 0 1 0 1 0 0 0
380	2	1 1 1 1 1 0 1 1 1 0 0 1 0 0 0 1
380	2	1 1 1 1 0 1 0 0 1 1 1 0 1 0 0 1
380	2	1 1 0 1 0 0 0 0 0 0 1 0 0 1 0 0
380	1	1 1 1 1 1 1 1 0 0 0 1 1 0 0 0 0
380	3	1 1 1 1 1 0 1 1 1 0 1 0 0 0 0 0
380	2	1 1 0 1 1 0 1 0 1 1 1 0 0 1 0 0
380	1	0 1 1 1 1 0 1 0 1 0 0 0 0 0 0 0
380	1	1 1 1 1 1 0 1 1 1 0 1 1 0 0 0 0
380	2	1 1 0 1 1 0 1 1 1 0 1 1 0 0 0 0
380	2	1 1 1 1 1 0 0 0 1 0 1 0 0 0 0 1
380	1	1 1 1 1 1 0 0 0 0 0 1 0 0 0 0 0
380	1	1 1 0 1 1 0 0 1 1 0 0 0 0 0 0 0
380	1	0 1 0 1 0 1 0 0 1 1 1 0 0 1 0 0
380	2	0 1 0 1 1 0 0 1 1 1 1 0 0 0 0 0
380	1	1 1 1 1 1 0 1 0 0 1 1 0 0 0 0 0
380	2	1 1 1 0 1 0 0 0 1 0 0 0 0 0 0 0
380	2	1 1 1 1 1 0 1 0 1 0 0 1 0 1 0 0
380	1	1 1 1 1 1 0 1 0 1 0 0 1 0 0 1 1
380	2	1 1 0 1 0 0 0 0 0 0 1 0 0 0 1 0
380	2	0 1 0 0 1 0 0 0 1 0 1 0 0 0 0 0
380	1	1 0 1 1 1 1 1 1 0 0 0 1 0 0 0 0
390	26	1 1 0 1 0 0 1 0 1 0 1 0 0 0 0 0
390	19	0 1 0 1 1 0 0 1 1 0 1 0 0 0 0 0
390	23	0 1 0 1 0 0 1 0 1 0 1 0 0 0 0 0
390	64	0 1 1 1 1 0 1 0 1 0 1 0 0 0 0 0
390	44	1 1 1 1 1 0 1 0 0 1 1 1 0 0 0 0
390	27	1 1 1 1 0 1 0 0 1 1 1 0 0 1 0 0
390	26	1 1 0 1 0 0 1 0 1 0 0 0 0 0 0 0
390	46	1 1 1 1 1 0 1 0 0 1 1 1 0 0 0 1
390	31	1 1 0 1 0 0 0 0 1 0 1 0 0 0 0 0
390	66	0 1 1 1 0 0 1 0 1 0 1 0 0 0 0 0
390	26	1 1 1 0 0 0 0 0 1 0 0 0 0 0 0 0
390	3	0 1 0 1 1 0 0 1 1 0 1 0 0 1 0 0
390	2	0 1 0 1 0 0 1 0 1 0 1 1 0 0 0 0
390	63	1 1 0 1 1 0 0 1 1 0 1 0 0 0 0 0
390	38	1 1 1 1 1 0 1 0 1 0 0 1 0 0 0 1
390	31	1 1 1 1 1 0 0 0 1 0 1 0 0 0 0 0
390	10	1 1 1 1 1 0 0 1 1 0 0 0 0 0 0 0
390	3	1 1 0 1 0 0 1 0 1 0 0 0 0 1 0 0
390	1	1 1 1 1 0 1 0 0 1 1 1 0 0 0 0 1
390	2	1 1 0 1 0 0 1 1 1 0 1 0 0 0 0 0
390	12	1 1 0 1 0 0 0 0 0 0 1 0 0 0 0 0
390	28	0 1 1 1 0 0 1 0 1 0 1 1 0 0 0 0
390	3	1 1 1 1 1 1 1 1 0 0 1 1 0 0 0 0
390	23	1 0 0 1 0 1 1 0 1 0 0 0 0 0 0 0
390	22	1 1 1 1 1 0 0 1 1 0 1 0 0 0 0 0
390	8	0 1 0 1 0 0 1 0 1 0 1 0 0 0 0 1
390	15	1 1 1 1 1 1 1 0 0 1 1 1 0 0 0 0
390	3	1 1 1 1 0 1 0 0 1 1 0 0 0 1 0 0
390	11	0 1 0 1 0 0 0 0 1 0 1 0 0 0 0 0
390	9	1 0 1 1 1 0 1 1 1 0 1 1 0 0 0 0
390	11	1 1 1 1 1 0 1 0 0 1 1 1 0 1 0 0
390	17	1 1 1 1 1 0 0 1 1 0 1 0 0 1 0 0
390	6	0 1 0 1 1 0 0 0 1 0 1 0 0 0 0 0
390	8	1 1 1 1 1 0 0 0 1 1 1 0 0 0 0 1
390	5	1 1 1 1 1 0 1 0 1 0 1 0 0 0 0 0
390	1	1 1 0 1 1 0 0 1 1 0 1 0 0 1 0 0
390	8	1 1 1 1 1 0 1 0 1 1 1 0 0 1 0 0
390	2	0 1 0 1 1 0 0 0 0 0 1 0 0 0 0 0
390	2	1 1 0 1 0 0 0 0 1 1 1 0 0 0 0 1
390	1	1 0 1 1 1 1 1 1 0 0 1 1 0 0 0 0
390	7	1 1 1 1 1 0 0 0 1 1 1 0 0 1 0 0
390	2	1 1 1 1 0 0 0 0 1 1 1 0 0 1 0 0
390	18	1 0 0 1 0 0 0 0 1 1 1 0 0 1 0 0
390	3	0 0 1 1 0 0 1 0 1 0 1 0 0 0 0 0
390	24	1 1 1 1 1 0 0 1 1 1 0 0 0 0 0 0
390	10	1 1 1 1 0 1 1 1 1 0 1 0 0 0 0 0
390	7	1 1 1 1 1 0 1 1 1 0 1 0 0 0 0 0
390	7	1 1 0 1 0 0 0 0 0 0 1 0 0 0 1 0
390	11	0 1 0 0 1 0 0 0 1 0 1 0 0 0 0 0
390	30	1 1 1 0 0 0 0 0 1 0 1 1 0 0 0 0
390	2	0 1 0 1 0 0 1 0 1 0 0 1 0 0 0 1
390	8	0 1 1 1 0 0 0 0 1 1 1 0 0 1 0 0
390	2	1 1 0 1 0 0 1 0 1 1 0 0 0 0 0 0
390	2	1 1 1 0 0 0 0 0 0 0 0 0 0 0 0 0
390	3	1 1 1 1 0 1 0 0 1 1 1 0 0 1 1 0
390	3	1 1 1 1 1 1 0 1 1 0 1 0 0 0 0 0
390	1	0 1 1 1 1 0 1 1 1 0 1 0 0 0 0 0
390	3	1 1 0 1 1 0 1 0 1 0 1 0 0 0 0 0
390	8	1 1 1 1 1 0 1 1 1 1 1 0 0 1 0 0
390	7	1 1 0 1 0 0 0 0 1 0 1 0 0 0 0 1
390	4	0 1 0 0 1 0 0 1 1 0 1 0 0 0 0 0
390	1	0 1 1 1 0 0 1 0 1 0 1 0 0 0 1 0
390	3	1 1 0 1 0 0 1 1 1 0 1 0 0 1 0 0
390	7	1 1 0 1 1 1 1 1 0 0 1 1 0 0 0 0
390	2	1 1 1 0 1 0 0 1 1 0 0 0 0 0 0 0
390	13	1 1 0 1 1 0 0 1 0 0 1 0 0 0 0 0
390	1	1 1 1 1 1 0 0 0 1 0 1 0 1 0 0 0
390	1	0 1 1 1 0 0 1 0 1 1 1 1 0 0 0 0
390	1	0 1 0 1 1 0 0 0 0 0 0 0 0 0 0 0
390	7	1 1 0 1 0 0 0 0 1 0 1 1 0 0 0 0
390	5	0 1 0 1 1 0 0 0 1 0 1 0 0 0 0 1
390	5	0 1 0 1 0 0 1 0 1 0 0 0 0 0 0 0
390	2	1 1 1 0 1 0 1 0 0 1 1 1 0 0 0 1
390	2	0 1 1 1 0 0 1 0 1 0 1 0 0 0 0 1
390	1	1 1 0 1 1 0 0 0 1 1 1 0 0 0 0 1
390	2	1 1 1 0 0 0 0 0 1 0 1 1 0 0 0 1
390	1	1 1 0 1 1 0 1 0 0 1 1 1 0 0 0 1
390	4	1 1 1 1 1 0 0 0 1 1 0 0 0 0 0 0
390	4	1 1 1 1 0 0 0 0 1 0 1 1 0 0 0 0
390	2	1 1 1 1 1 0 0 0 0 1 1 1 0 0 0 0
390	2	1 1 1 1 0 0 1 0 0 1 1 1 0 0 0 1
390	1	0 1 0 1 0 0 1 0 1 0 1 1 1 0 0 0
390	2	1 1 0 1 0 0 0 0 0 0 1 0 1 0 0 0
390	1	0 1 0 1 0 0 1 0 1 1 1 0 0 0 0 1
390	1	1 1 1 0 1 0 1 1 1 0 1 0 0 0 0 0
390	1	1 1 1 0 0 0 0 0 1 0 0 1 0 0 0 0
390	1	1 1 0 1 1 0 0 0 1 0 1 0 0 0 1 0
390	1	1 1 0 1 0 0 1 0 0 1 1 1 0 0 0 0
390	2	1 1 1 1 0 0 0 0 1 0 1 0 0 0 0 0
390	1	1 1 0 1 1 0 1 1 1 0 1 0 0 0 0 0
390	1	1 1 0 1 1 0 0 0 1 0 1 0 0 0 0 0
390	1	0 1 1 1 0 0 0 0 1 0 1 1 0 0 0 0
390	1	1 1 1 1 0 0 0 0 0 1 1 1 0 0 0 0
390	1	1 1 1 1 1 0 1 0 0 1 1 0 0 0 0 0
390	3	1 1 1 1 1 0 1 0 1 1 1 1 0 0 0 1
390	1	1 1 1 1 0 0 0 0 1 0 0 0 0 0 0 0
390	1	1 1 0 1 0 0 0 0 0 1 1 0 0 0 0 0
390	2	1 1 1 0 0 0 0 0 1 0 1 0 0 0 0 0
390	4	0 1 1 0 0 0 0 0 1 1 1 0 0 1 0 0
400	10	1 1 0 1 0 0 1 0 1 0 1 0 0 0 0 0
400	9	0 1 0 1 1 0 0 1 1 0 1 0 0 0 0 0
400	2	0 1 0 1 0 0 1 0 1 0 1 0 0 0 0 0
400	75	0 1 1 1 1 0 1 0 1 0 1 0 0 0 0 0
400	75	1 1 1 1 1 0 1 0 0 1 1 1 0 0 0 0
400	30	1 1 1 1 0 1 0 0 1 1 1 0 0 1 0 0
400	17	1 1 0 1 0 0 1 0 1 0 0 0 0 0 0 0
400	53	1 1 1 1 1 0 1 0 0 1 1 1 0 0 0 1
400	22	1 1 0 1 0 0 0 0 1 0 1 0 0 0 0 0
400	51	0 1 1 1 0 0 1 0 1 0 1 0 0 0 0 0
400	26	1 1 1 0 0 0 0 0 1 0 0 0 0 0 0 0
400	40	1 1 0 1 1 0 0 1 1 0 1 0 0 0 0 0
400	17	1 1 1 1 1 0 1 0 1 0 0 1 0 0 0 1
400	15	1 1 1 1 1 0 0 0 1 0 1 0 0 0 0 0
400	37	1 1 1 1 1 0 0 1 1 0 0 0 0 0 0 0
400	2	1 1 0 1 0 0 0 0 0 0 1 0 0 0 0 0
400	14	0 1 1 1 0 0 1 0 1 0 1 1 0 0 0 0
400	21	1 1 1 1 1 1 1 1 0 0 1 1 0 0 0 0
400	28	1 0 0 1 0 1 1 0 1 0 0 0 0 0 0 0
400	23	1 1 1 1 1 0 0 1 1 0 1 0 0 0 0 0
400	3	0 1 0 1 0 0 1 0 1 0 1 0 0 0 0 1
400	9	1 1 1 1 1 1 1 0 0 1 1 1 0 0 0 0
400	1	1 1 1 1 0 1 0 0 1 1 0 0 0 1 0 0
400	3	1 0 1 1 1 0 1 1 1 0 1 1 0 0 0 0
400	31	1 1 1 1 1 0 1 0 0 1 1 1 0 1 0 0
400	1	1 1 1 1 1 0 0 1 1 0 1 0 0 1 0 0
400	4	0 1 0 1 1 0 0 0 1 0 1 0 0 0 0 0
400	1	1 1 1 1 1 0 0 0 1 1 1 0 0 0 0 1
400	5	1 1 1 1 1 0 1 0 1 0 1 0 0 0 0 0
400	7	1 1 1 1 1 0 1 0 1 1 1 0 0 1 0 0
400	5	1 0 0 1 0 0 0 0 1 1 1 0 0 1 0 0
400	11	1 1 1 1 1 0 0 1 1 1 0 0 0 0 0 0
400	7	1 1 1 1 0 1 1 1 1 0 1 0 0 0 0 0
400	1	1 1 1 1 1 0 1 1 1 0 1 0 0 0 0 0
400	10	1 1 0 1 0 0 0 0 0 0 1 0 0 0 1 0
400	34	0 1 0 0 1 0 0 0 1 0 1 0 0 0 0 0
400	8	1 1 1 0 0 0 0 0 1 0 1 1 0 0 0 0
400	11	0 1 1 1 0 0 0 0 1 1 1 0 0 1 0 0
400	3	1 1 0 1 1 0 1 0 1 0 1 0 0 0 0 0
400	2	1 1 1 1 1 0 1 1 1 1 1 0 0 1 0 0
400	1	1 1 0 1 1 1 1 1 0 0 1 1 0 0 0 0
400	13	1 1 1 0 1 0 0 1 1 0 0 0 0 0 0 0
400	31	1 1 0 1 1 0 0 1 0 0 1 0 0 0 0 0
400	2	1 1 0 1 0 0 0 0 1 0 1 1 0 0 0 0
400	8	1 1 1 1 1 0 0 0 1 1 0 0 0 0 0 0
400	2	1 1 1 1 0 0 0 0 1 0 1 0 0 0 0 0
400	4	0 1 1 0 0 0 0 0 1 1 1 0 0 1 0 0
400	5	0 1 0 0 0 0 0 0 1 0 1 1 0 0 0 1
400	2	1 1 0 1 0 0 0 0 0 0 1 0 0 0 0 1
400	2	1 1 0 1 1 1 1 0 0 1 1 1 0 0 0 0
400	2	1 1 1 1 1 0 1 0 1 0 0 1 1 0 0 1
400	1	0 1 1 1 1 0 1 0 1 0 0 1 0 0 0 1
400	6	1 1 1 0 1 0 0 1 1 0 1 0 0 0 0 0
400	6	1 0 0 1 0 1 0 0 1 1 1 0 0 1 0 0
400	11	0 1 1 1 0 0 1 0 1 1 1 0 0 1 0 0
400	1	1 1 0 1 1 0 1 0 0 1 1 1 0 0 1 1
400	13	1 1 1 1 1 0 1 1 1 0 1 1 0 0 0 0
400	1	0 1 1 1 1 0 1 0 1 0 1 0 0 0 0 1
400	2	1 1 1 1 1 1 1 0 1 1 1 0 0 1 0 0
400	11	0 0 1 1 0 0 1 1 1 0 1 0 0 0 0 0
400	6	1 1 1 1 0 1 0 0 1 0 1 0 0 1 0 0
400	8	1 1 1 1 0 0 1 0 1 0 0 0 0 0 0 0
400	13	1 1 0 0 1 0 0 1 1 0 1 0 0 0 0 0
400	2	1 0 1 1 1 0 0 1 1 0 0 0 0 0 0 0
400	3	1 0 0 1 1 1 1 0 0 1 1 1 0 0 0 0
400	2	0 1 1 1 1 0 1 0 1 0 1 0 0 1 0 0
400	2	1 1 1 1 0 1 0 0 1 1 1 0 1 1 0 0
400	9	1 0 1 1 1 0 0 0 1 1 1 0 0 0 0 1
400	3	0 1 0 0 0 0 0 0 1 0 0 0 0 0 0 0
400	5	0 1 1 1 0 1 1 0 1 0 1 1 0 0 0 0
400	5	1 1 1 1 1 0 0 1 1 1 0 0 0 0 0 1
400	7	1 1 0 1 0 0 1 0 1 0 0 1 0 0 0 1
400	3	1 1 1 1 0 1 1 0 1 0 0 0 0 0 0 0
400	1	1 1 1 1 1 0 0 1 1 0 1 1 0 1 0 0
400	6	1 1 1 1 1 0 1 0 1 1 1 0 0 0 0 0
400	7	1 0 0 1 0 0 0 0 1 0 0 0 0 0 0 0
400	3	0 1 1 1 1 0 1 0 0 1 0 0 0 0 0 0
400	3	1 1 0 1 1 0 0 1 1 0 1 0 0 0 0 1
400	4	1 1 1 0 1 0 1 0 0 1 1 1 0 1 0 0
400	2	0 1 1 1 0 0 0 0 1 0 1 0 0 0 0 0
400	3	1 0 0 1 0 1 1 0 1 0 1 0 0 0 0 0
400	1	1 1 1 1 1 1 1 0 0 1 1 1 0 1 0 0
400	6	0 0 0 1 0 0 0 0 1 1 1 0 0 1 0 0
400	3	1 1 1 1 1 0 1 0 0 1 0 0 0 0 0 0
400	2	1 1 0 1 1 0 0 0 1 0 0 0 0 0 0 0
400	2	0 1 1 1 0 0 1 1 1 0 1 0 0 0 0 0
400	1	1 1 1 1 1 1 0 1 1 1 0 0 0 0 0 0
400	2	0 1 0 1 1 0 0 0 1 0 1 1 0 0 0 0
400	1	1 1 1 0 1 0 1 0 0 1 1 1 0 0 0 0
400	2	1 0 1 0 1 0 1 1 1 0 1 1 0 0 0 0
400	4	0 1 1 0 0 0 0 0 1 1 1 1 0 0 0 0
400	3	1 1 1 0 0 0 1 0 0 1 1 1 0 1 0 0
400	4	1 1 1 0 1 0 0 0 1 0 0 0 0 0 0 0
400	3	1 1 1 1 1 0 1 0 1 0 1 0 0 1 0 0
400	1	0 1 0 1 0 0 0 1 1 0 1 0 0 0 0 0
400	3	0 1 1 1 0 0 1 0 1 1 1 0 0 0 0 0
400	1	1 1 1 1 1 0 0 0 1 0 0 0 0 0 0 0
400	3	1 1 1 1 1 0 0 1 1 0 0 0 1 0 0 0
400	3	0 1 0 1 0 0 1 0 1 0 0 0 1 0 0 0
400	3	0 1 1 1 1 0 0 1 1 0 1 1 0 1 0 0
400	1	1 1 1 1 1 0 1 0 0 1 1 0 0 0 0 0
400	1	0 1 1 1 0 1 0 0 1 0 1 0 0 1 0 0
400	1	1 1 1 1 1 0 1 0 0 0 1 1 0 0 0 0
400	1	1 1 1 1 1 0 0 1 1 1 1 0 0 0 0 0
400	1	1 1 0 1 0 0 0 0 0 1 1 0 0 0 1 0
400	2	0 1 1 1 0 0 0 1 1 0 1 0 0 0 0 0
