0	250	0 0 0 0 1 1 0 0 0 0 0 0 0 1 0 0
0	250	0 0 0 0 0 0 1 0 0 1 0 0 0 0 1 0
0	250	0 0 0 1 0 0 0 0 0 0 0 0 0 1 1 0
0	250	1 0 0 0 0 0 0 0 0 0 0 0 0 0 1 0
10	127	0 0 0 0 1 1 0 0 0 0 0 0 0 1 0 0
10	198	0 0 0 0 0 0 1 0 0 1 0 0 0 0 1 0
10	184	0 0 0 1 0 0 0 0 0 0 0 0 0 1 1 0
10	253	1 0 0 0 0 0 0 0 0 0 0 0 0 0 1 0
10	6	0 0 0 1 0 0 0 0 0 0 0 0 0 0 1 0
10	4	1 0 0 0 0 0 1 0 0 1 0 0 0 0 1 0
10	13	1 0 0 0 0 0 0 0 0 0 0 0 0 1 1 0
10	2	1 0 0 0 1 1 0 0 0 0 0 0 0 1 0 0
10	15	0 0 0 0 1 1 1 0 0 0 0 0 0 1 0 0
10	12	0 1 0 0 1 1 0 0 0 0 0 0 0 1 0 0
10	5	0 0 0 0 1 1 0 0 0 0 0 0 0 0 0 0
10	3	1 0 0 0 1 0 0 0 0 0 0 0 0 0 1 0
10	6	0 0 0 0 1 0 0 0 0 0 0 0 0 1 1 0
10	16	0 0 0 0 1 0 0 0 0 0 0 0 0 1 0 0
10	7	0 0 0 0 0 1 1 0 0 1 0 0 0 0 1 0
10	4	1 0 0 0 0 1 0 0 0 0 0 0 0 1 1 0
10	9	0 0 0 0 0 0 1 0 0 1 0 0 1 0 1 0
10	9	0 1 0 0 0 0 1 0 0 1 0 0 0 0 1 0
10	3	1 0 0 0 0 0 0 0 1 0 0 0 0 0 1 0
10	1	0 0 0 0 1 1 0 0 0 0 0 0 0 0 1 0
10	4	0 0 0 0 1 1 0 0 0 1 0 0 0 1 0 0
10	31	0 0 0 0 0 0 1 0 0 1 0 0 0 1 1 0
10	4	0 0 0 0 0 0 1 0 0 0 0 0 0 1 0 0
10	1	0 0 0 1 0 0 0 0 0 0 0 0 0 1 0 0
10	6	0 0 0 0 0 0 0 0 0 0 0 0 0 0 1 0
10	18	1 0 0 0 0 0 0 0 0 1 0 0 0 0 1 0
10	2	0 0 0 1 0 0 0 0 0 1 0 0 0 0 1 0
10	4	0 0 0 1 0 0 0 0 0 1 0 0 0 1 1 0
10	3	0 0 0 1 0 0 0 0 0 0 0 0 0 1 1 1
10	4	0 0 0 0 1 1 0 0 0 1 0 0 0 0 1 0
10	1	0 0 0 0 0 0 1 0 0 0 0 0 0 0 1 0
10	3	0 0 0 1 0 0 0 0 0 0 1 0 0 1 1 0
10	6	0 0 1 1 0 0 0 0 0 0 0 0 0 1 1 0
10	10	0 0 0 1 0 1 0 0 0 0 0 0 0 1 1 0
10	4	1 1 0 0 0 0 0 0 0 0 0 0 0 0 1 0
10	4	0 0 0 1 0 0 1 0 0 1 0 0 0 0 1 0
10	1	0 0 0 1 0 0 0 0 1 0 0 0 0 1 1 0
10	1	1 0 0 1 1 0 0 0 0 0 0 0 0 0 1 0
10	1	0 0 0 0 0 0 1 0 0 1 0 0 0 1 0 0
10	4	1 0 0 0 0 0 0 0 0 0 0 0 0 1 0 0
10	4	0 0 0 0 1 0 1 0 0 1 0 0 0 0 1 0
10	2	0 0 0 0 0 0 1 1 0 1 0 0 0 0 1 0
10	2	0 0 1 0 0 0 1 0 0 1 0 0 0 0 1 0
10	2	1 0 1 0 0 0 0 0 0 0 0 0 0 0 1 0
10	1	1 0 0 0 0 0 0 0 0 0 0 1 0 0 1 0
20	50	0 0 0 0 1 1 0 0 0 0 0 0 0 1 0 0
20	187	0 0 0 0 0 0 1 0 0 1 0 0 0 0 1 0
20	127	0 0 0 1 0 0 0 0 0 0 0 0 0 1 1 0
20	232	1 0 0 0 0 0 0 0 0 0 0 0 0 0 1 0
20	15	0 0 0 1 0 0 0 0 0 0 0 0 0 0 1 0
20	2	1 0 0 0 0 0 1 0 0 1 0 0 0 0 1 0
20	9	1 0 0 0 0 0 0 0 0 0 0 0 0 1 1 0
20	1	1 0 0 0 1 1 0 0 0 0 0 0 0 1 0 0
20	2	0 0 0 0 1 1 1 0 0 0 0 0 0 1 0 0
20	9	0 0 0 0 1 1 0 0 0 0 0 0 0 0 0 0
20	15	0 0 0 0 1 0 0 0 0 0 0 0 0 1 1 0
20	22	0 0 0 0 1 0 0 0 0 0 0 0 0 1 0 0
20	2	0 0 0 0 0 1 1 0 0 1 0 0 0 0 1 0
20	6	1 0 0 0 0 1 0 0 0 0 0 0 0 1 1 0
20	3	0 0 0 0 0 0 1 0 0 1 0 0 1 0 1 0
20	8	0 1 0 0 0 0 1 0 0 1 0 0 0 0 1 0
20	16	1 0 0 0 0 0 0 0 1 0 0 0 0 0 1 0
20	12	0 0 0 0 1 1 0 0 0 1 0 0 0 1 0 0
20	35	0 0 0 0 0 0 1 0 0 1 0 0 0 1 1 0
20	3	0 0 0 0 0 0 0 0 0 0 0 0 0 0 1 0
20	50	1 0 0 0 0 0 0 0 0 1 0 0 0 0 1 0
20	3	0 0 0 1 0 0 0 0 0 1 0 0 0 1 1 0
20	11	0 0 0 1 0 0 0 0 0 0 0 0 0 1 1 1
20	15	0 0 0 0 0 0 1 0 0 0 0 0 0 0 1 0
20	19	0 0 1 1 0 0 0 0 0 0 0 0 0 1 1 0
20	1	1 1 0 0 0 0 0 0 0 0 0 0 0 0 1 0
20	3	0 0 0 1 0 0 1 0 0 1 0 0 0 0 1 0
20	3	1 0 0 0 0 0 0 0 0 0 0 0 0 1 0 0
20	11	0 0 0 0 1 0 1 0 0 1 0 0 0 0 1 0
20	48	0 0 0 0 0 0 1 1 0 1 0 0 0 0 1 0
20	3	0 0 0 0 1 1 0 0 0 0 0 0 0 1 1 0
20	3	0 0 0 0 0 0 1 0 0 1 0 0 0 0 1 1
20	6	1 0 0 0 0 0 0 0 0 0 0 0 0 0 0 0
20	1	0 0 0 0 0 1 0 0 0 1 0 0 0 0 1 0
20	3	0 0 0 0 0 0 1 0 0 1 0 1 0 0 1 0
20	2	0 0 0 1 0 0 0 0 0 0 1 0 0 0 1 0
20	1	1 0 0 0 0 0 1 0 0 1 0 0 0 0 1 1
20	3	0 0 0 0 1 0 0 0 0 0 0 1 0 1 0 0
20	2	0 0 0 0 1 1 0 0 0 0 0 0 0 0 1 0
20	4	1 0 0 0 1 0 0 0 0 0 0 0 0 1 1 0
20	2	1 0 0 0 0 0 0 0 0 0 0 0 1 0 1 0
20	1	0 0 1 1 0 0 0 0 0 0 0 0 0 1 1 1
20	4	0 0 0 0 0 0 0 0 0 1 0 1 0 0 1 0
20	2	1 0 0 1 0 0 0 0 0 0 0 1 0 1 0 0
20	1	0 0 1 0 0 0 1 0 0 1 0 0 0 0 1 0
20	4	0 0 0 1 0 0 0 1 0 0 0 0 0 1 1 0
20	1	0 1 0 0 1 0 1 0 0 1 0 0 0 0 1 0
20	2	0 0 0 0 1 1 0 1 0 0 0 0 0 1 0 0
20	2	0 0 0 0 0 0 1 0 1 1 0 0 0 0 1 0
20	6	0 0 0 0 0 0 0 0 0 0 0 0 0 1 1 0
20	3	1 0 0 0 0 0 0 0 0 0 0 1 0 0 1 0
20	3	0 0 0 0 1 1 1 0 0 0 0 0 0 0 1 0
20	2	0 1 0 0 1 1 0 0 0 0 0 0 0 1 1 0
20	1	0 0 0 0 0 0 1 0 0 1 1 0 0 0 1 0
20	3	1 0 0 0 1 0 0 0 0 0 0 0 0 0 1 0
20	1	1 0 0 0 1 1 0 0 0 1 0 0 0 1 0 0
20	1	0 0 0 0 0 0 0 0 0 0 0 0 1 0 1 0
20	1	0 0 0 0 1 0 0 0 0 0 0 0 0 0 1 0
20	2	1 0 0 1 0 0 0 0 0 0 0 0 0 1 1 0
20	1	0 0 0 1 1 0 0 0 0 0 0 0 0 0 1 0
20	1	0 0 0 0 1 1 0 0 0 1 0 0 0 0 0 0
20	1	0 0 0 0 1 0 0 0 0 0 0 0 0 1 1 1
20	1	0 0 0 0 1 0 0 0 0 1 0 0 0 1 0 0
20	2	1 0 0 0 0 0 0 0 0 1 0 0 0 0 0 0
20	1	0 0 0 0 0 0 1 1 1 1 0 0 0 0 1 0
20	3	0 0 0 1 0 0 0 1 1 0 0 0 0 1 1 0
30	24	0 0 0 0 1 1 0 0 0 0 0 0 0 1 0 0
30	139	0 0 0 0 0 0 1 0 0 1 0 0 0 0 1 0
30	52	0 0 0 1 0 0 0 0 0 0 0 0 0 1 1 0
30	166	1 0 0 0 0 0 0 0 0 0 0 0 0 0 1 0
30	27	0 0 0 1 0 0 0 0 0 0 0 0 0 0 1 0
30	4	1 0 0 0 0 0 1 0 0 1 0 0 0 0 1 0
30	40	1 0 0 0 0 0 0 0 0 0 0 0 0 1 1 0
30	14	0 0 0 0 1 1 0 0 0 0 0 0 0 0 0 0
30	4	0 0 0 0 1 0 0 0 0 0 0 0 0 1 1 0
30	17	0 0 0 0 1 0 0 0 0 0 0 0 0 1 0 0
30	11	0 0 0 0 0 1 1 0 0 1 0 0 0 0 1 0
30	1	1 0 0 0 0 1 0 0 0 0 0 0 0 1 1 0
30	8	0 1 0 0 0 0 1 0 0 1 0 0 0 0 1 0
30	27	1 0 0 0 0 0 0 0 1 0 0 0 0 0 1 0
30	5	0 0 0 0 1 1 0 0 0 1 0 0 0 1 0 0
30	13	0 0 0 0 0 0 1 0 0 1 0 0 0 1 1 0
30	14	0 0 0 0 0 0 0 0 0 0 0 0 0 0 1 0
30	73	1 0 0 0 0 0 0 0 0 1 0 0 0 0 1 0
30	7	0 0 0 1 0 0 0 0 0 1 0 0 0 1 1 0
30	23	0 0 0 1 0 0 0 0 0 0 0 0 0 1 1 1
30	21	0 0 0 0 0 0 1 0 0 0 0 0 0 0 1 0
30	21	0 0 1 1 0 0 0 0 0 0 0 0 0 1 1 0
30	1	0 0 0 1 0 0 1 0 0 1 0 0 0 0 1 0
30	9	1 0 0 0 0 0 0 0 0 0 0 0 0 1 0 0
30	18	0 0 0 0 1 0 1 0 0 1 0 0 0 0 1 0
30	56	0 0 0 0 0 0 1 1 0 1 0 0 0 0 1 0
30	25	0 0 0 0 0 0 1 0 0 1 0 0 0 0 1 1
30	2	1 0 0 0 0 0 0 0 0 0 0 0 0 0 0 0
30	7	0 0 0 0 1 0 0 0 0 0 0 1 0 1 0 0
30	2	1 0 0 0 0 0 0 0 0 0 0 0 1 0 1 0
30	7	0 0 1 1 0 0 0 0 0 0 0 0 0 1 1 1
30	8	0 0 0 0 0 0 0 0 0 1 0 1 0 0 1 0
30	15	0 0 0 1 0 0 0 1 0 0 0 0 0 1 1 0
30	5	0 0 0 0 0 0 0 0 0 0 0 0 0 1 1 0
30	1	0 1 0 0 1 1 0 0 0 0 0 0 0 1 1 0
30	10	1 0 0 0 1 0 0 0 0 0 0 0 0 0 1 0
30	1	0 0 0 0 0 0 0 0 0 0 0 0 1 0 1 0
30	14	1 0 0 1 0 0 0 0 0 0 0 0 0 1 1 0
30	4	0 0 0 1 0 0 0 1 1 0 0 0 0 1 1 0
30	3	1 0 0 0 0 0 0 1 1 0 0 0 0 0 1 0
30	15	0 0 1 1 0 0 1 0 0 1 0 0 0 0 1 0
30	8	1 0 0 0 0 0 1 0 0 0 0 0 0 0 1 0
30	6	0 0 1 0 0 0 1 0 0 1 0 0 0 0 1 1
30	3	0 0 0 1 0 0 0 0 0 1 0 0 0 0 1 0
30	4	0 0 0 0 1 0 0 0 0 0 0 1 0 1 1 0
30	9	1 0 0 0 0 0 0 0 1 0 0 0 0 1 1 0
30	4	0 1 0 0 1 1 0 0 0 1 0 0 0 1 0 0
30	4	0 0 0 0 1 1 1 0 0 1 0 0 0 1 0 0
30	2	1 0 0 1 0 0 0 1 1 0 0 0 0 1 1 0
30	3	0 0 1 1 1 0 0 0 0 0 0 0 0 1 1 0
30	7	0 0 0 0 0 0 1 1 0 1 0 0 0 0 0 0
30	2	1 0 0 0 0 0 0 0 0 0 0 1 0 0 0 0
30	5	1 0 0 1 0 1 0 0 0 0 0 0 0 1 1 0
30	3	0 0 0 0 1 1 0 0 0 0 0 1 0 1 0 0
30	1	0 0 0 0 1 1 0 1 0 1 0 0 0 0 1 0
30	2	0 0 0 1 0 0 0 0 0 0 0 0 0 1 0 0
30	2	0 0 0 0 0 0 1 0 0 1 0 1 0 0 1 1
30	1	0 0 0 0 1 0 1 0 0 0 0 0 0 1 1 0
30	1	0 0 0 0 0 0 1 0 0 0 0 0 0 1 0 0
30	1	1 0 0 1 0 0 1 1 0 1 0 0 0 0 1 0
30	2	0 0 0 0 0 0 1 0 0 1 0 0 1 0 1 0
30	1	0 0 0 1 0 0 0 1 0 0 0 0 0 1 1 1
30	7	1 0 0 0 0 0 1 1 0 1 0 0 0 0 1 0
30	1	1 0 0 0 0 0 0 0 0 0 1 0 0 0 1 0
30	2	0 0 0 0 1 1 0 0 0 0 0 0 0 0 0 1
30	1	1 0 0 1 0 0 0 0 0 0 0 0 0 1 1 1
30	2	0 0 0 0 1 0 1 0 0 1 0 0 0 1 1 0
30	1	0 0 0 0 0 0 1 1 0 1 0 1 0 0 1 0
30	1	0 0 1 0 0 0 1 0 0 1 0 0 0 0 1 0
40	10	0 0 0 0 1 1 0 0 0 0 0 0 0 1 0 0
40	61	0 0 0 0 0 0 1 0 0 1 0 0 0 0 1 0
40	24	0 0 0 1 0 0 0 0 0 0 0 0 0 1 1 0
40	171	1 0 0 0 0 0 0 0 0 0 0 0 0 0 1 0
40	28	0 0 0 1 0 0 0 0 0 0 0 0 0 0 1 0
40	11	1 0 0 0 0 0 1 0 0 1 0 0 0 0 1 0
40	31	1 0 0 0 0 0 0 0 0 0 0 0 0 1 1 0
40	19	0 0 0 0 1 1 0 0 0 0 0 0 0 0 0 0
40	10	0 0 0 0 0 1 1 0 0 1 0 0 0 0 1 0
40	8	1 0 0 0 0 0 0 0 1 0 0 0 0 0 1 0
40	1	0 0 0 0 1 1 0 0 0 1 0 0 0 1 0 0
40	3	0 0 0 0 0 0 1 0 0 1 0 0 0 1 1 0
40	5	0 0 0 0 0 0 0 0 0 0 0 0 0 0 1 0
40	47	1 0 0 0 0 0 0 0 0 1 0 0 0 0 1 0
40	2	0 0 0 1 0 0 0 0 0 1 0 0 0 1 1 0
40	14	0 0 0 1 0 0 0 0 0 0 0 0 0 1 1 1
40	42	0 0 0 0 0 0 1 0 0 0 0 0 0 0 1 0
40	45	0 0 1 1 0 0 0 0 0 0 0 0 0 1 1 0
40	16	0 0 0 0 1 0 1 0 0 1 0 0 0 0 1 0
40	66	0 0 0 0 0 0 1 1 0 1 0 0 0 0 1 0
40	12	0 0 0 0 0 0 1 0 0 1 0 0 0 0 1 1
40	17	1 0 0 0 0 0 0 0 0 0 0 0 0 0 0 0
40	23	0 0 1 1 0 0 0 0 0 0 0 0 0 1 1 1
40	4	0 0 0 0 0 0 0 0 0 1 0 1 0 0 1 0
40	25	0 0 0 1 0 0 0 1 0 0 0 0 0 1 1 0
40	8	0 0 0 0 0 0 0 0 0 0 0 0 0 1 1 0
40	7	1 0 0 0 1 0 0 0 0 0 0 0 0 0 1 0
40	12	1 0 0 1 0 0 0 0 0 0 0 0 0 1 1 0
40	6	0 0 0 1 0 0 0 1 1 0 0 0 0 1 1 0
40	2	1 0 0 0 0 0 0 1 1 0 0 0 0 0 1 0
40	19	0 0 1 1 0 0 1 0 0 1 0 0 0 0 1 0
40	11	1 0 0 0 0 0 1 0 0 0 0 0 0 0 1 0
40	4	0 0 1 0 0 0 1 0 0 1 0 0 0 0 1 1
40	1	0 0 0 0 1 0 0 0 0 0 0 1 0 1 1 0
40	2	0 0 0 0 1 1 1 0 0 1 0 0 0 1 0 0
40	5	1 0 0 1 0 0 0 1 1 0 0 0 0 1 1 0
40	4	0 0 0 0 0 0 1 1 0 1 0 0 0 0 0 0
40	8	1 0 0 1 0 1 0 0 0 0 0 0 0 1 1 0
40	9	0 0 0 0 1 1 0 0 0 0 0 1 0 1 0 0
40	1	0 0 0 0 0 0 1 0 0 1 0 0 1 0 1 0
40	19	1 0 0 0 0 0 1 1 0 1 0 0 0 0 1 0
40	16	0 0 0 0 1 1 0 0 0 0 0 0 0 0 0 1
40	2	1 0 0 1 0 0 0 0 0 0 0 0 0 1 1 1
40	7	0 0 0 0 1 0 1 0 0 1 0 0 0 1 1 0
40	7	0 0 0 1 0 0 1 1 0 1 0 0 0 0 1 0
40	1	1 0 0 0 0 1 0 0 0 0 0 0 0 1 1 0
40	6	0 0 0 1 0 0 0 1 0 0 0 0 0 0 1 0
40	13	1 0 0 0 0 0 0 0 0 0 0 1 0 0 1 0
40	2	0 1 0 0 1 0 0 0 0 0 0 0 0 1 0 0
40	7	1 0 0 0 0 0 0 1 0 1 0 0 0 0 1 0
40	3	0 0 0 0 0 1 1 0 0 0 0 0 0 0 1 0
40	1	0 0 0 1 0 0 0 1 0 0 0 0 0 1 1 1
40	3	0 0 1 1 0 0 1 0 0 0 0 0 0 0 1 1
40	4	1 0 0 0 0 0 0 1 0 0 0 0 0 0 1 0
40	9	0 1 0 0 0 1 1 0 0 1 0 0 0 0 1 0
40	1	0 0 0 0 1 1 0 0 0 0 0 1 0 1 1 0
40	2	1 0 0 1 0 0 0 0 0 0 0 0 0 0 1 0
40	4	1 0 1 0 0 0 0 0 1 0 0 0 0 0 1 0
40	5	1 0 0 0 0 0 0 0 0 1 0 0 1 0 1 0
40	4	0 0 0 0 0 0 1 0 0 0 0 0 0 0 0 0
40	3	1 0 1 0 0 0 0 0 0 0 0 0 0 0 1 0
40	3	1 0 0 0 1 0 0 0 0 1 0 0 0 0 1 0
40	4	0 1 0 0 1 1 0 0 0 0 0 0 0 1 0 0
40	1	0 0 1 0 0 1 1 0 0 0 0 0 0 0 1 0
40	4	0 0 0 1 0 0 0 1 0 0 1 0 0 1 1 1
40	1	0 0 0 0 1 1 0 1 0 0 0 0 0 0 0 0
40	5	0 0 0 0 0 1 1 1 0 1 0 0 0 0 1 0
40	4	1 0 1 1 0 0 1 0 0 1 0 0 0 0 1 0
40	5	1 0 0 0 1 0 1 0 0 1 0 0 0 1 1 0
40	12	1 0 0 0 0 0 0 0 0 0 0 0 0 0 1 1
40	3	0 0 1 1 0 0 0 0 0 0 0 0 0 0 1 0
40	1	0 0 1 1 0 0 1 0 0 0 0 0 0 1 1 0
40	1	1 0 0 0 1 1 0 0 0 0 0 0 0 1 0 0
40	1	1 0 0 0 1 1 0 0 0 0 0 0 0 0 0 0
40	3	0 0 0 0 0 0 0 0 0 1 0 0 0 0 1 0
40	1	0 0 0 0 0 0 1 0 0 0 1 0 0 0 1 0
40	2	0 0 1 1 0 0 0 1 0 0 0 0 0 1 1 0
40	2	0 0 0 1 0 0 1 0 0 1 0 0 0 0 1 1
40	2	1 0 0 0 0 1 0 0 0 0 0 0 0 0 0 0
40	3	0 0 0 0 1 1 0 0 0 0 0 0 0 0 1 0
40	1	0 0 1 1 0 0 0 0 0 1 0 0 0 0 1 0
40	2	0 0 1 1 0 0 1 0 0 1 0 0 0 1 1 0
40	1	1 0 0 1 0 0 0 1 1 0 0 0 0 0 1 0
40	1	1 0 0 1 0 0 0 1 1 0 0 0 0 1 0 0
40	1	0 0 0 1 0 0 0 0 0 0 0 0 0 1 0 0
40	4	1 0 0 0 0 0 1 0 0 0 0 0 0 1 1 0
40	1	1 0 0 0 0 0 0 0 0 1 0 1 0 0 1 0
40	3	0 1 0 1 0 0 0 1 0 0 0 0 0 1 1 0
40	1	0 0 0 0 1 1 0 0 0 0 0 0 0 1 1 1
40	1	0 1 0 0 0 0 1 0 0 1 0 0 0 0 1 0
40	2	1 0 0 0 0 1 0 0 0 0 0 0 0 0 1 0
40	2	1 0 0 0 0 0 0 0 0 1 0 0 0 1 1 0
40	2	0 0 0 1 0 0 0 0 0 0 0 0 0 1 0 1
40	3	1 0 0 0 0 0 0 0 0 0 0 1 0 0 0 0
40	1	0 0 0 1 0 1 0 1 0 0 0 0 0 1 1 0
40	1	0 1 0 0 1 1 0 0 0 0 0 0 0 0 0 1
40	1	1 0 0 1 0 0 1 0 0 0 0 0 0 0 1 0
40	1	0 0 1 0 0 1 1 0 1 0 0 0 0 0 1 0
50	2	0 0 0 0 1 1 0 0 0 0 0 0 0 1 0 0
50	13	0 0 0 0 0 0 1 0 0 1 0 0 0 0 1 0
50	101	1 0 0 0 0 0 0 0 0 0 0 0 0 0 1 0
50	17	0 0 0 1 0 0 0 0 0 0 0 0 0 0 1 0
50	33	1 0 0 0 0 0 1 0 0 1 0 0 0 0 1 0
50	22	1 0 0 0 0 0 0 0 0 0 0 0 0 1 1 0
50	37	0 0 0 0 1 1 0 0 0 0 0 0 0 0 0 0
50	3	0 0 0 0 0 1 1 0 0 1 0 0 0 0 1 0
50	23	1 0 0 0 0 0 0 0 0 1 0 0 0 0 1 0
50	11	0 0 0 1 0 0 0 0 0 1 0 0 0 1 1 0
50	38	0 0 0 1 0 0 0 0 0 0 0 0 0 1 1 1
50	17	0 0 0 0 0 0 1 0 0 0 0 0 0 0 1 0
50	39	0 0 1 1 0 0 0 0 0 0 0 0 0 1 1 0
50	44	0 0 0 0 0 0 1 1 0 1 0 0 0 0 1 0
50	10	0 0 0 0 0 0 1 0 0 1 0 0 0 0 1 1
50	5	1 0 0 0 0 0 0 0 0 0 0 0 0 0 0 0
50	73	0 0 1 1 0 0 0 0 0 0 0 0 0 1 1 1
50	14	0 0 0 1 0 0 0 1 0 0 0 0 0 1 1 0
50	4	0 0 0 0 0 0 0 0 0 0 0 0 0 1 1 0
50	22	1 0 0 0 1 0 0 0 0 0 0 0 0 0 1 0
50	28	0 0 0 1 0 0 0 1 1 0 0 0 0 1 1 0
50	4	1 0 0 0 0 0 0 1 1 0 0 0 0 0 1 0
50	17	0 0 1 1 0 0 1 0 0 1 0 0 0 0 1 0
50	3	1 0 0 0 0 0 1 0 0 0 0 0 0 0 1 0
50	22	0 0 1 0 0 0 1 0 0 1 0 0 0 0 1 1
50	5	1 0 0 1 0 0 0 1 1 0 0 0 0 1 1 0
50	18	1 0 0 1 0 1 0 0 0 0 0 0 0 1 1 0
50	5	0 0 0 0 1 1 0 0 0 0 0 1 0 1 0 0
50	10	1 0 0 0 0 0 1 1 0 1 0 0 0 0 1 0
50	11	0 0 0 0 1 1 0 0 0 0 0 0 0 0 0 1
50	37	1 0 0 1 0 0 0 0 0 0 0 0 0 1 1 1
50	21	0 0 0 0 1 0 1 0 0 1 0 0 0 1 1 0
50	4	0 0 0 1 0 0 1 1 0 1 0 0 0 0 1 0
50	17	0 0 0 1 0 0 0 1 0 0 0 0 0 0 1 0
50	11	1 0 0 0 0 0 0 0 0 0 0 1 0 0 1 0
50	4	0 0 1 1 0 0 1 0 0 0 0 0 0 0 1 1
50	2	0 1 0 0 0 1 1 0 0 1 0 0 0 0 1 0
50	3	1 0 1 0 0 0 0 0 1 0 0 0 0 0 1 0
50	5	1 0 1 0 0 0 0 0 0 0 0 0 0 0 1 0
50	6	1 0 0 0 1 0 0 0 0 1 0 0 0 0 1 0
50	3	0 0 0 0 0 1 1 1 0 1 0 0 0 0 1 0
50	15	1 0 1 1 0 0 1 0 0 1 0 0 0 0 1 0
50	1	1 0 0 0 1 0 1 0 0 1 0 0 0 1 1 0
50	6	1 0 0 0 0 0 0 0 0 0 0 0 0 0 1 1
50	12	0 0 1 1 0 0 0 0 0 0 0 0 0 0 1 0
50	2	0 0 0 0 0 0 0 0 0 1 0 0 0 0 1 0
50	8	0 0 0 0 1 1 0 0 0 0 0 0 0 0 1 0
50	10	1 0 0 0 0 0 1 0 0 0 0 0 0 1 1 0
50	6	0 1 0 1 0 0 0 1 0 0 0 0 0 1 1 0
50	1	1 0 0 0 0 1 0 0 0 0 0 0 0 0 1 0
50	4	0 1 0 0 1 1 0 0 0 0 0 0 0 0 0 1
50	5	1 0 0 1 0 0 1 0 0 0 0 0 0 0 1 0
50	3	1 0 1 1 0 0 0 0 0 0 0 0 0 1 1 1
50	10	0 0 0 0 1 0 1 0 0 0 0 0 0 0 1 0
50	5	0 0 1 0 0 0 1 1 0 1 0 0 0 0 1 0
50	3	0 0 1 1 0 0 1 0 0 0 0 0 0 1 1 0
50	12	1 0 0 0 0 0 0 0 0 0 0 0 1 0 1 0
50	1	0 0 0 0 1 0 0 0 0 0 0 0 0 1 1 0
50	3	1 1 0 0 1 0 0 0 0 0 0 0 0 0 1 0
50	13	1 0 0 0 0 0 0 0 0 1 0 0 0 0 1 1
50	5	1 0 0 1 0 0 0 1 0 0 0 0 0 1 0 0
50	8	0 0 0 0 1 0 1 0 0 0 0 0 1 0 1 0
50	11	0 0 0 0 0 0 1 1 1 1 0 0 0 0 1 0
50	2	0 1 0 0 1 0 0 0 0 0 0 0 0 0 0 1
50	3	0 0 1 1 0 0 0 0 0 0 0 0 0 0 0 0
50	5	1 0 0 1 0 0 0 0 0 1 0 0 0 0 1 0
50	3	0 0 1 1 0 0 0 0 0 0 0 0 1 1 1 0
50	1	1 0 0 0 0 1 0 0 0 0 0 0 1 0 0 0
50	5	1 0 0 0 0 0 0 1 0 0 0 0 1 0 1 0
50	6	1 0 0 0 0 0 0 1 1 0 0 0 0 1 1 0
50	2	1 0 0 0 0 0 1 1 0 1 0 0 0 1 1 0
50	3	0 0 0 0 0 1 0 0 0 0 0 0 0 1 1 1
50	1	0 0 0 0 0 0 0 0 0 0 0 0 0 0 1 0
50	7	1 0 0 0 0 0 0 0 0 0 1 0 0 0 1 0
50	3	0 0 1 1 0 0 0 0 0 0 0 0 0 0 1 1
50	7	1 0 0 0 1 0 0 0 0 0 0 0 0 0 0 0
50	2	0 0 1 1 0 0 0 0 0 1 0 0 0 0 1 0
50	2	0 0 1 1 0 0 1 0 0 1 0 0 0 1 1 1
50	3	0 0 1 1 0 0 1 0 0 1 0 0 0 1 1 0
50	4	1 0 0 1 0 0 0 1 1 0 0 0 0 0 0 0
50	3	0 0 0 1 0 0 1 1 0 0 0 0 0 0 1 0
50	1	0 0 0 0 1 0 1 1 0 1 0 1 0 0 1 0
50	2	0 0 0 0 1 1 0 0 0 1 0 0 0 0 1 0
50	2	0 0 1 1 0 0 0 0 0 0 1 0 0 1 1 0
50	3	0 0 0 0 0 0 1 1 0 1 0 0 0 0 1 1
50	2	0 0 1 1 0 1 0 0 0 0 0 0 0 1 1 1
50	1	0 0 1 1 0 0 1 0 0 1 0 0 1 0 1 0
50	3	1 0 0 0 0 0 1 1 0 1 0 0 0 0 0 0
50	3	0 0 0 0 0 0 1 1 0 1 0 0 0 1 1 0
50	1	0 0 1 1 0 0 1 1 0 1 0 0 0 0 1 0
50	1	1 0 0 0 0 0 0 0 0 0 1 0 0 1 1 1
50	1	0 0 0 0 0 0 1 0 0 1 0 1 0 0 1 0
50	1	1 0 0 0 0 0 1 0 0 1 1 0 0 0 1 0
50	1	0 0 0 1 0 0 0 0 0 0 1 0 0 1 1 1
50	2	0 0 0 1 0 0 0 0 0 0 0 1 0 1 1 1
50	2	0 0 1 1 0 0 0 0 0 0 0 1 0 1 1 0
50	3	0 0 1 1 0 0 1 0 0 0 0 0 0 1 1 1
50	1	1 0 0 0 0 0 1 1 1 1 0 0 0 0 1 0
60	13	0 0 0 0 0 0 1 0 0 1 0 0 0 0 1 0
60	33	1 0 0 0 0 0 0 0 0 0 0 0 0 0 1 0
60	21	1 0 0 0 0 0 1 0 0 1 0 0 0 0 1 0
60	16	1 0 0 0 0 0 0 0 0 0 0 0 0 1 1 0
60	15	0 0 0 0 1 1 0 0 0 0 0 0 0 0 0 0
60	26	1 0 0 0 0 0 0 0 0 1 0 0 0 0 1 0
60	1	0 0 0 1 0 0 0 0 0 1 0 0 0 1 1 0
60	38	0 0 0 1 0 0 0 0 0 0 0 0 0 1 1 1
60	51	0 0 1 1 0 0 0 0 0 0 0 0 0 1 1 0
60	43	0 0 0 0 0 0 1 1 0 1 0 0 0 0 1 0
60	2	0 0 0 0 0 0 1 0 0 1 0 0 0 0 1 1
60	8	1 0 0 0 0 0 0 0 0 0 0 0 0 0 0 0
60	60	0 0 1 1 0 0 0 0 0 0 0 0 0 1 1 1
60	3	0 0 0 1 0 0 0 1 0 0 0 0 0 1 1 0
60	2	1 0 0 0 1 0 0 0 0 0 0 0 0 0 1 0
60	9	0 0 0 1 0 0 0 1 1 0 0 0 0 1 1 0
60	55	0 0 1 1 0 0 1 0 0 1 0 0 0 0 1 0
60	41	0 0 1 0 0 0 1 0 0 1 0 0 0 0 1 1
60	10	1 0 0 1 0 0 0 1 1 0 0 0 0 1 1 0
60	23	1 0 0 1 0 1 0 0 0 0 0 0 0 1 1 0
60	12	1 0 0 0 0 0 1 1 0 1 0 0 0 0 1 0
60	33	0 0 0 0 1 1 0 0 0 0 0 0 0 0 0 1
60	6	1 0 0 1 0 0 0 0 0 0 0 0 0 1 1 1
60	6	0 0 0 0 1 0 1 0 0 1 0 0 0 1 1 0
60	10	0 0 0 1 0 0 1 1 0 1 0 0 0 0 1 0
60	22	0 0 0 1 0 0 0 1 0 0 0 0 0 0 1 0
60	2	1 0 0 0 0 0 0 0 0 0 0 1 0 0 1 0
60	1	1 0 1 0 0 0 0 0 1 0 0 0 0 0 1 0
60	18	1 0 1 0 0 0 0 0 0 0 0 0 0 0 1 0
60	2	0 0 0 0 0 1 1 1 0 1 0 0 0 0 1 0
60	51	1 0 1 1 0 0 1 0 0 1 0 0 0 0 1 0
60	5	1 0 0 0 0 0 0 0 0 0 0 0 0 0 1 1
60	21	0 0 1 1 0 0 0 0 0 0 0 0 0 0 1 0
60	7	0 0 0 0 1 1 0 0 0 0 0 0 0 0 1 0
60	1	1 0 0 0 0 0 1 0 0 0 0 0 0 1 1 0
60	4	0 1 0 0 1 1 0 0 0 0 0 0 0 0 0 1
60	26	1 0 0 1 0 0 1 0 0 0 0 0 0 0 1 0
60	2	0 0 0 0 1 0 1 0 0 0 0 0 0 0 1 0
60	16	1 0 0 0 0 0 0 0 0 1 0 0 0 0 1 1
60	7	1 0 0 1 0 0 0 1 0 0 0 0 0 1 0 0
60	7	0 0 0 0 1 0 1 0 0 0 0 0 1 0 1 0
60	6	0 1 0 0 1 0 0 0 0 0 0 0 0 0 0 1
60	5	0 0 1 1 0 0 0 0 0 0 0 0 0 0 0 0
60	3	1 0 0 0 0 0 0 1 0 0 0 0 1 0 1 0
60	19	1 0 0 0 0 0 0 0 0 0 1 0 0 0 1 0
60	4	0 0 1 1 0 0 0 0 0 0 0 0 0 0 1 1
60	30	0 0 1 1 0 0 1 0 0 1 0 0 0 1 1 0
60	7	1 0 0 1 0 0 0 1 1 0 0 0 0 0 0 0
60	15	0 0 0 1 0 0 1 1 0 0 0 0 0 0 1 0
60	2	0 0 1 1 0 0 1 0 0 1 0 0 1 0 1 0
60	17	1 0 0 0 0 0 1 1 0 1 0 0 0 0 0 0
60	5	1 0 0 0 0 0 0 0 0 0 1 0 0 1 1 1
60	2	0 0 1 1 0 0 0 0 0 0 0 1 0 1 1 0
60	9	1 0 0 0 0 0 0 0 0 0 0 0 0 1 1 1
60	2	1 0 0 0 0 0 0 1 1 0 0 0 0 1 1 1
60	5	0 1 0 1 0 0 0 0 0 0 0 0 0 1 1 1
60	7	1 0 1 1 0 0 1 0 0 1 0 0 0 0 1 1
60	8	0 0 0 1 0 0 1 0 0 1 0 1 0 0 1 0
60	4	0 0 0 0 0 0 1 0 0 0 0 0 0 0 1 1
60	1	1 1 0 0 0 0 0 0 0 0 0 0 0 0 1 0
60	3	0 0 0 0 1 1 1 0 0 0 0 0 0 0 0 0
60	1	0 0 0 0 0 0 0 0 0 1 0 0 0 0 1 0
60	1	1 0 0 1 0 0 0 0 0 0 0 0 0 0 0 0
60	8	0 0 1 1 0 1 0 0 0 0 0 0 0 0 1 0
60	9	1 0 0 1 0 1 0 0 0 0 0 0 0 0 0 0
60	1	1 0 0 0 0 0 1 0 0 1 0 0 0 0 0 0
60	3	0 0 1 1 0 0 0 1 0 0 0 0 0 1 1 0
60	1	0 0 0 1 0 0 0 1 1 0 1 0 0 1 1 0
60	4	1 0 0 0 0 0 1 1 1 1 0 0 0 0 0 0
60	5	0 0 1 1 0 0 0 1 1 0 0 0 0 0 0 0
60	10	0 0 1 1 0 0 0 1 0 0 0 0 0 1 0 0
60	8	0 0 0 0 0 0 1 0 0 1 0 0 0 0 0 0
60	3	1 1 0 0 0 0 1 0 0 1 0 0 0 0 1 0
60	1	1 0 0 0 0 0 0 0 0 0 1 0 0 1 1 0
60	4	0 0 1 1 0 0 0 1 0 1 0 0 0 0 1 0
60	2	0 0 0 1 0 0 0 1 0 0 0 0 0 0 0 0
60	1	0 0 1 1 0 0 0 0 0 0 1 0 0 1 1 0
60	3	0 0 0 0 0 0 1 1 0 1 0 0 0 1 1 0
60	6	0 0 1 0 0 0 1 0 0 1 0 0 0 0 1 0
60	1	1 0 0 0 1 0 1 0 0 0 0 0 0 0 1 0
60	4	0 0 1 0 1 0 1 0 0 0 0 0 0 0 1 0
60	3	1 0 0 0 0 0 1 1 0 0 0 0 0 0 0 0
60	1	0 0 0 0 0 0 0 0 0 1 0 1 0 0 1 0
60	4	1 0 0 0 0 0 0 0 0 1 0 0 0 1 1 1
60	2	0 0 0 0 0 0 1 1 0 1 0 0 0 0 1 1
60	3	0 0 0 0 0 0 1 1 0 1 0 0 0 0 0 0
60	5	0 0 1 1 0 0 1 0 0 0 0 0 0 1 1 0
60	1	1 0 0 1 0 1 0 0 0 0 0 0 0 0 1 0
60	2	0 0 1 1 0 1 0 0 0 0 0 0 0 1 1 0
60	1	0 0 1 1 0 1 1 0 0 1 0 0 0 0 1 0
60	2	0 0 0 0 1 1 0 1 0 0 0 0 0 0 0 1
60	2	0 0 0 0 1 1 0 0 0 0 0 0 0 1 0 1
60	2	0 0 1 1 0 0 0 0 0 0 1 0 0 1 1 1
60	1	1 0 0 0 1 1 0 0 0 0 0 0 0 0 1 0
60	1	1 0 1 0 0 0 0 0 0 0 0 0 0 0 1 1
60	1	1 0 0 1 0 0 1 0 0 0 0 0 0 0 1 1
60	2	1 0 0 0 1 1 0 0 0 0 0 0 0 1 0 0
60	1	0 0 1 1 0 1 0 0 0 0 0 0 0 0 1 1
60	2	0 0 1 1 0 0 0 0 0 0 0 0 0 1 0 1
60	1	0 0 1 0 0 0 1 0 0 1 0 0 0 1 1 1
60	1	0 0 1 1 0 0 0 0 1 0 0 0 0 0 1 0
60	3	1 0 0 1 0 0 1 0 0 0 0 1 0 0 1 0
70	4	0 0 0 0 0 0 1 0 0 1 0 0 0 0 1 0
70	16	1 0 0 0 0 0 0 0 0 0 0 0 0 0 1 0
70	16	1 0 0 0 0 0 1 0 0 1 0 0 0 0 1 0
70	3	1 0 0 0 0 0 0 0 0 0 0 0 0 1 1 0
70	8	0 0 0 0 1 1 0 0 0 0 0 0 0 0 0 0
70	10	1 0 0 0 0 0 0 0 0 1 0 0 0 0 1 0
70	45	0 0 0 1 0 0 0 0 0 0 0 0 0 1 1 1
70	62	0 0 1 1 0 0 0 0 0 0 0 0 0 1 1 0
70	37	0 0 0 0 0 0 1 1 0 1 0 0 0 0 1 0
70	71	0 0 1 1 0 0 0 0 0 0 0 0 0 1 1 1
70	15	0 0 0 1 0 0 0 1 0 0 0 0 0 1 1 0
70	15	0 0 0 1 0 0 0 1 1 0 0 0 0 1 1 0
70	66	0 0 1 1 0 0 1 0 0 1 0 0 0 0 1 0
70	18	0 0 1 0 0 0 1 0 0 1 0 0 0 0 1 1
70	29	1 0 0 1 0 0 0 1 1 0 0 0 0 1 1 0
70	1	1 0 0 1 0 1 0 0 0 0 0 0 0 1 1 0
70	4	1 0 0 0 0 0 1 1 0 1 0 0 0 0 1 0
70	33	0 0 0 0 1 1 0 0 0 0 0 0 0 0 0 1
70	32	1 0 0 1 0 0 0 0 0 0 0 0 0 1 1 1
70	10	0 0 0 0 1 0 1 0 0 1 0 0 0 1 1 0
70	17	0 0 0 1 0 0 0 1 0 0 0 0 0 0 1 0
70	23	1 0 1 0 0 0 0 0 0 0 0 0 0 0 1 0
70	48	1 0 1 1 0 0 1 0 0 1 0 0 0 0 1 0
70	45	0 0 1 1 0 0 0 0 0 0 0 0 0 0 1 0
70	8	1 0 0 1 0 0 1 0 0 0 0 0 0 0 1 0
70	3	1 0 0 0 0 0 0 0 0 1 0 0 0 0 1 1
70	3	1 0 0 1 0 0 0 1 0 0 0 0 0 1 0 0
70	1	0 1 0 0 1 0 0 0 0 0 0 0 0 0 0 1
70	26	0 0 1 1 0 0 0 0 0 0 0 0 0 0 0 0
70	14	1 0 0 0 0 0 0 0 0 0 1 0 0 0 1 0
70	13	0 0 1 1 0 0 0 0 0 0 0 0 0 0 1 1
70	10	0 0 1 1 0 0 1 0 0 1 0 0 0 1 1 0
70	9	1 0 0 1 0 0 0 1 1 0 0 0 0 0 0 0
70	7	0 0 0 1 0 0 1 1 0 0 0 0 0 0 1 0
70	3	0 0 1 1 0 0 1 0 0 1 0 0 1 0 1 0
70	17	1 0 0 0 0 0 1 1 0 1 0 0 0 0 0 0
70	1	0 0 1 1 0 0 0 0 0 0 0 1 0 1 1 0
70	11	1 0 0 0 0 0 0 0 0 0 0 0 0 1 1 1
70	1	0 1 0 1 0 0 0 0 0 0 0 0 0 1 1 1
70	6	1 0 1 1 0 0 1 0 0 1 0 0 0 0 1 1
70	6	0 0 0 0 0 0 1 0 0 0 0 0 0 0 1 1
70	4	1 0 0 1 0 1 0 0 0 0 0 0 0 0 0 0
70	10	0 0 1 1 0 0 0 1 1 0 0 0 0 0 0 0
70	6	0 0 1 1 0 0 0 1 0 0 0 0 0 1 0 0
70	5	0 0 1 1 0 0 0 1 0 1 0 0 0 0 1 0
70	16	0 0 1 0 0 0 1 0 0 1 0 0 0 0 1 0
70	3	1 0 0 0 0 0 1 1 0 0 0 0 0 0 0 0
70	2	0 0 0 0 0 0 1 1 0 1 0 0 0 0 1 1
70	18	0 0 1 1 0 0 1 0 0 0 0 0 0 1 1 0
70	2	0 0 0 0 1 1 0 0 0 0 0 0 0 1 0 1
70	1	0 0 1 0 0 0 1 0 0 1 0 0 0 1 1 1
70	3	1 0 0 1 0 0 1 0 0 0 0 1 0 0 1 0
70	4	1 0 0 1 0 0 0 0 0 0 0 0 0 0 1 0
70	2	1 0 0 0 0 0 0 0 0 0 0 1 0 1 1 0
70	7	0 0 1 1 0 0 0 1 0 0 0 0 0 1 1 1
70	8	1 0 0 1 0 0 1 0 0 1 0 0 0 0 1 0
70	13	0 0 0 0 1 1 0 0 0 0 0 0 0 0 1 1
70	3	0 0 1 1 0 0 1 0 1 1 0 0 0 1 1 0
70	11	0 0 0 1 0 0 0 0 0 0 0 0 0 1 1 0
70	6	0 0 0 1 0 0 1 0 0 1 0 0 0 0 1 0
70	4	0 0 0 1 0 0 1 1 1 1 0 0 0 0 0 0
70	3	0 0 1 0 0 0 1 0 0 1 0 0 0 0 0 1
70	8	1 0 1 1 0 0 1 0 0 1 1 0 0 0 1 0
70	1	1 0 0 1 1 0 0 0 0 0 0 0 0 1 1 1
70	10	0 0 0 0 1 1 1 1 0 1 0 0 0 0 1 0
70	4	0 0 1 1 0 0 0 0 0 0 0 1 0 0 1 0
70	1	0 0 0 0 1 0 1 0 0 0 0 0 0 0 1 1
70	10	0 0 1 0 0 0 1 0 0 1 0 0 0 0 0 0
70	2	1 0 0 0 0 1 0 0 0 1 0 0 0 0 1 1
70	1	1 0 0 0 0 0 1 1 1 0 0 0 0 0 0 0
70	3	1 0 0 1 0 0 0 0 0 0 0 0 0 1 1 0
70	6	0 1 1 1 0 0 0 1 0 1 0 0 0 0 1 0
70	2	0 0 1 1 0 0 1 0 0 0 0 0 0 1 1 1
70	1	0 0 0 1 1 1 0 0 0 0 0 0 0 1 0 1
70	1	1 0 0 0 0 0 0 0 0 0 0 1 1 0 1 0
70	1	1 0 0 0 0 0 1 0 0 1 0 0 0 1 1 0
70	2	0 0 1 1 0 0 0 0 0 0 0 0 1 1 1 0
70	1	0 0 0 1 0 0 0 1 1 0 0 1 0 1 1 0
70	2	0 0 1 1 0 0 1 0 0 0 0 0 0 0 1 0
70	2	1 0 0 1 0 0 1 1 1 0 0 0 0 0 0 0
70	11	1 0 0 0 0 0 0 0 0 0 0 0 0 1 0 1
70	2	1 0 0 1 0 0 1 1 1 0 0 0 0 0 1 0
70	2	0 0 1 1 0 1 0 0 0 0 0 0 0 1 1 0
70	1	0 0 1 1 0 0 1 0 1 1 0 0 0 0 1 0
70	3	1 1 0 1 0 0 0 0 0 0 0 0 0 1 1 1
70	2	0 0 0 1 0 0 0 0 0 1 0 0 0 1 1 0
70	1	0 0 1 0 1 1 0 0 0 0 0 0 0 0 0 1
70	1	1 0 1 1 0 0 1 0 0 0 0 0 0 0 1 1
70	1	0 0 1 1 0 0 0 0 0 1 0 0 0 0 1 0
70	1	0 0 1 1 0 0 1 0 0 1 1 0 0 0 1 0
70	1	0 0 0 0 1 1 0 0 0 0 0 0 0 1 1 1
70	2	0 0 1 1 0 0 0 0 0 0 0 0 0 1 0 1
70	3	0 0 1 0 0 0 1 0 0 1 0 0 0 1 0 0
70	2	1 0 0 1 0 0 1 0 0 0 0 0 0 1 1 0
70	2	0 0 0 0 0 0 1 0 0 1 0 0 0 0 0 0
70	1	1 0 0 0 0 0 1 0 0 1 0 0 0 0 1 1
70	1	1 0 0 0 0 0 0 0 0 1 0 0 1 0 1 0
70	2	0 0 1 1 0 0 0 0 0 0 1 0 0 1 1 1
70	1	0 0 0 0 0 0 0 1 0 0 0 0 0 1 1 0
70	1	0 0 0 1 1 0 0 1 0 0 0 0 0 1 1 0
70	1	0 0 1 1 1 0 1 0 0 1 0 0 0 0 1 0
70	1	1 1 0 1 0 0 0 1 1 0 0 0 0 1 1 0
70	1	0 0 1 0 1 0 1 0 0 1 0 0 0 0 1 0
80	7	1 0 0 0 0 0 0 0 0 0 0 0 0 0 1 0
80	7	1 0 0 0 0 0 1 0 0 1 0 0 0 0 1 0
80	2	0 0 0 0 1 1 0 0 0 0 0 0 0 0 0 0
80	7	1 0 0 0 0 0 0 0 0 1 0 0 0 0 1 0
80	20	0 0 0 1 0 0 0 0 0 0 0 0 0 1 1 1
80	34	0 0 1 1 0 0 0 0 0 0 0 0 0 1 1 0
80	30	0 0 0 0 0 0 1 1 0 1 0 0 0 0 1 0
80	115	0 0 1 1 0 0 0 0 0 0 0 0 0 1 1 1
80	1	0 0 0 1 0 0 0 1 1 0 0 0 0 1 1 0
80	77	0 0 1 1 0 0 1 0 0 1 0 0 0 0 1 0
80	1	0 0 1 0 0 0 1 0 0 1 0 0 0 0 1 1
80	56	1 0 0 1 0 0 0 1 1 0 0 0 0 1 1 0
80	11	0 0 0 0 1 1 0 0 0 0 0 0 0 0 0 1
80	31	1 0 0 1 0 0 0 0 0 0 0 0 0 1 1 1
80	3	0 0 0 0 1 0 1 0 0 1 0 0 0 1 1 0
80	14	0 0 0 1 0 0 0 1 0 0 0 0 0 0 1 0
80	8	1 0 1 0 0 0 0 0 0 0 0 0 0 0 1 0
80	61	1 0 1 1 0 0 1 0 0 1 0 0 0 0 1 0
80	59	0 0 1 1 0 0 0 0 0 0 0 0 0 0 1 0
80	1	1 0 0 1 0 0 1 0 0 0 0 0 0 0 1 0
80	41	0 0 1 1 0 0 0 0 0 0 0 0 0 0 0 0
80	3	0 0 1 1 0 0 0 0 0 0 0 0 0 0 1 1
80	5	1 0 0 1 0 0 0 1 1 0 0 0 0 0 0 0
80	1	0 0 0 1 0 0 1 1 0 0 0 0 0 0 1 0
80	1	0 0 1 1 0 0 1 0 0 1 0 0 1 0 1 0
80	9	1 0 0 0 0 0 1 1 0 1 0 0 0 0 0 0
80	8	1 0 0 0 0 0 0 0 0 0 0 0 0 1 1 1
80	16	0 0 1 1 0 0 0 1 1 0 0 0 0 0 0 0
80	5	0 0 1 1 0 0 0 1 0 0 0 0 0 1 0 0
80	9	0 0 1 1 0 0 0 1 0 1 0 0 0 0 1 0
80	38	0 0 1 0 0 0 1 0 0 1 0 0 0 0 1 0
80	4	1 0 0 1 0 0 0 0 0 0 0 0 0 0 1 0
80	1	0 0 1 1 0 0 0 1 0 0 0 0 0 1 1 1
80	17	0 0 1 1 0 0 1 0 1 1 0 0 0 1 1 0
80	15	0 0 0 1 0 0 0 0 0 0 0 0 0 1 1 0
80	2	0 0 0 1 0 0 1 0 0 1 0 0 0 0 1 0
80	3	0 0 1 0 0 0 1 0 0 1 0 0 0 0 0 1
80	8	1 0 1 1 0 0 1 0 0 1 1 0 0 0 1 0
80	6	0 0 0 0 1 1 1 1 0 1 0 0 0 0 1 0
80	6	0 0 1 1 0 0 0 0 0 0 0 1 0 0 1 0
80	1	0 0 0 0 1 0 1 0 0 0 0 0 0 0 1 1
80	18	0 0 1 0 0 0 1 0 0 1 0 0 0 0 0 0
80	14	1 0 0 0 0 1 0 0 0 1 0 0 0 0 1 1
80	14	1 0 0 1 0 0 0 0 0 0 0 0 0 1 1 0
80	3	0 1 1 1 0 0 0 1 0 1 0 0 0 0 1 0
80	3	0 0 1 1 0 0 1 0 0 0 0 0 0 1 1 1
80	1	1 0 0 1 0 0 1 1 1 0 0 0 0 0 1 0
80	4	0 0 1 1 0 1 0 0 0 0 0 0 0 1 1 0
80	4	0 0 1 1 0 0 0 0 0 1 0 0 0 0 1 0
80	3	0 0 1 1 0 0 0 0 0 0 0 0 0 1 0 1
80	6	0 0 1 0 0 0 1 0 0 1 0 0 0 1 0 0
80	12	1 0 0 0 0 0 0 0 0 1 0 0 1 0 1 0
80	7	0 0 1 1 0 0 0 0 0 0 1 0 0 0 1 0
80	3	1 1 0 0 0 0 0 0 0 0 0 0 0 1 1 1
80	2	1 0 0 1 0 0 0 0 0 0 0 0 0 1 0 1
80	17	0 0 0 0 0 0 1 1 0 0 0 0 0 0 1 1
80	4	0 0 0 1 0 0 0 1 1 0 0 0 0 0 0 0
80	7	1 0 1 1 0 0 1 0 0 1 0 0 0 0 0 0
80	14	1 0 1 0 0 0 0 0 0 0 1 0 0 1 1 0
80	3	0 0 1 1 0 0 0 1 1 0 0 0 0 1 1 1
80	8	0 0 1 0 0 0 1 0 0 1 0 0 0 1 1 0
80	8	0 0 1 1 0 0 1 0 0 1 0 1 0 0 1 0
80	5	0 0 1 1 0 0 1 0 1 1 0 0 0 0 0 0
80	1	0 0 1 0 0 0 1 0 1 1 0 0 0 0 1 1
80	5	1 0 0 1 0 0 0 1 1 1 0 0 0 1 1 0
80	1	0 0 1 1 0 0 0 0 0 0 1 1 0 0 1 0
80	3	0 0 1 1 0 1 0 1 0 0 0 0 1 1 0 0
80	10	0 0 1 1 0 1 0 0 0 1 0 0 0 0 1 1
80	3	0 0 0 0 1 0 1 0 0 1 0 0 0 0 1 0
80	2	0 0 0 0 0 0 1 1 0 1 1 0 0 0 1 0
80	2	1 1 1 1 0 0 1 0 0 1 0 0 0 0 1 0
80	4	0 0 1 0 1 0 1 0 0 1 0 0 0 0 1 0
80	10	0 0 1 1 0 0 0 0 1 0 0 1 0 0 1 0
80	1	0 0 0 1 0 0 0 0 0 0 0 0 0 0 1 0
80	1	0 0 1 0 0 0 1 0 0 1 0 0 0 1 0 1
80	4	0 0 0 0 0 0 1 1 0 1 0 0 0 0 1 1
80	2	1 0 1 1 0 0 0 0 0 0 0 0 0 0 0 0
80	6	0 0 0 1 0 0 1 0 0 1 0 0 0 0 0 0
80	1	0 0 0 0 0 1 0 0 0 1 0 0 0 0 1 1
80	1	0 0 1 1 0 0 1 0 1 0 0 0 0 1 1 1
80	4	0 0 1 1 0 0 1 1 0 1 0 0 0 0 0 0
80	1	0 0 1 1 0 0 1 0 0 1 0 0 0 0 0 0
80	1	1 0 1 0 0 0 0 0 0 0 0 0 0 1 1 1
80	2	0 0 0 0 0 0 1 1 0 1 0 0 0 0 0 0
80	1	1 0 0 1 0 0 0 0 0 0 1 0 0 1 1 1
80	2	0 0 1 0 0 0 1 1 0 1 0 0 0 0 0 0
80	6	0 0 1 0 1 0 1 0 0 1 0 0 0 1 1 0
80	2	1 0 0 1 0 0 0 0 0 0 0 0 0 0 0 0
80	2	1 0 0 1 0 0 0 0 0 1 0 0 0 0 1 0
80	1	1 0 1 1 0 0 1 0 0 1 0 0 0 1 1 1
80	1	1 0 0 1 0 0 1 1 0 1 0 0 0 0 1 1
80	1	0 0 1 1 0 0 0 1 1 0 0 0 0 1 0 1
80	1	0 0 1 0 0 0 0 0 0 0 0 0 0 1 1 0
80	1	1 0 0 0 0 1 0 0 0 1 0 0 0 0 1 0
80	2	0 0 1 1 0 0 0 0 0 0 1 0 0 1 1 0
80	3	0 0 1 1 1 0 1 0 0 1 0 0 0 0 1 0
80	1	1 0 1 1 1 0 1 0 0 1 0 0 0 0 1 0
80	2	0 1 1 1 0 0 1 0 1 1 0 0 0 1 1 0
80	1	0 0 1 0 0 0 1 0 0 1 0 1 0 0 0 0
80	4	1 0 0 0 0 1 0 0 0 0 0 0 0 0 1 1
90	21	1 0 0 0 0 0 0 0 0 0 0 0 0 0 1 0
90	4	1 0 0 0 0 0 1 0 0 1 0 0 0 0 1 0
90	5	1 0 0 0 0 0 0 0 0 1 0 0 0 0 1 0
90	5	0 0 0 1 0 0 0 0 0 0 0 0 0 1 1 1
90	18	0 0 1 1 0 0 0 0 0 0 0 0 0 1 1 0
90	4	0 0 0 0 0 0 1 1 0 1 0 0 0 0 1 0
90	66	0 0 1 1 0 0 0 0 0 0 0 0 0 1 1 1
90	77	0 0 1 1 0 0 1 0 0 1 0 0 0 0 1 0
90	36	1 0 0 1 0 0 0 1 1 0 0 0 0 1 1 0
90	10	0 0 0 0 1 1 0 0 0 0 0 0 0 0 0 1
90	4	1 0 0 1 0 0 0 0 0 0 0 0 0 1 1 1
90	8	1 0 1 0 0 0 0 0 0 0 0 0 0 0 1 0
90	74	1 0 1 1 0 0 1 0 0 1 0 0 0 0 1 0
90	93	0 0 1 1 0 0 0 0 0 0 0 0 0 0 1 0
90	34	0 0 1 1 0 0 0 0 0 0 0 0 0 0 0 0
90	11	1 0 0 0 0 0 1 1 0 1 0 0 0 0 0 0
90	36	0 0 1 1 0 0 0 1 1 0 0 0 0 0 0 0
90	12	0 0 1 1 0 0 0 1 0 1 0 0 0 0 1 0
90	45	0 0 1 0 0 0 1 0 0 1 0 0 0 0 1 0
90	9	1 0 0 1 0 0 0 0 0 0 0 0 0 0 1 0
90	11	0 0 1 1 0 0 1 0 1 1 0 0 0 1 1 0
90	2	0 0 0 1 0 0 1 0 0 1 0 0 0 0 1 0
90	2	1 0 1 1 0 0 1 0 0 1 1 0 0 0 1 0
90	5	0 0 0 0 1 1 1 1 0 1 0 0 0 0 1 0
90	5	0 0 1 1 0 0 0 0 0 0 0 1 0 0 1 0
90	15	0 0 1 0 0 0 1 0 0 1 0 0 0 0 0 0
90	8	1 0 0 0 0 1 0 0 0 1 0 0 0 0 1 1
90	4	1 0 0 1 0 0 0 0 0 0 0 0 0 1 1 0
90	4	0 0 1 1 0 0 1 0 0 0 0 0 0 1 1 1
90	17	0 0 1 1 0 1 0 0 0 0 0 0 0 1 1 0
90	8	0 0 1 1 0 0 0 0 0 1 0 0 0 0 1 0
90	1	0 0 1 0 0 0 1 0 0 1 0 0 0 1 0 0
90	1	1 0 0 0 0 0 0 0 0 1 0 0 1 0 1 0
90	10	0 0 1 1 0 0 0 0 0 0 1 0 0 0 1 0
90	9	0 0 0 0 0 0 1 1 0 0 0 0 0 0 1 1
90	1	0 0 0 1 0 0 0 1 1 0 0 0 0 0 0 0
90	2	1 0 1 1 0 0 1 0 0 1 0 0 0 0 0 0
90	8	1 0 1 0 0 0 0 0 0 0 1 0 0 1 1 0
90	5	0 0 1 0 0 0 1 0 0 1 0 0 0 1 1 0
90	10	0 0 1 1 0 0 1 0 0 1 0 1 0 0 1 0
90	8	0 0 1 1 0 1 0 1 0 0 0 0 1 1 0 0
90	2	0 0 0 0 1 0 1 0 0 1 0 0 0 0 1 0
90	27	0 0 1 1 0 0 0 0 1 0 0 1 0 0 1 0
90	2	0 0 0 1 0 0 1 0 0 1 0 0 0 0 0 0
90	2	0 0 0 0 0 1 0 0 0 1 0 0 0 0 1 1
90	6	0 0 1 0 1 0 1 0 0 1 0 0 0 1 1 0
90	8	0 0 1 1 1 0 1 0 0 1 0 0 0 0 1 0
90	3	1 0 1 1 1 0 1 0 0 1 0 0 0 0 1 0
90	8	0 0 1 1 0 1 0 0 0 1 0 0 0 0 1 0
90	15	0 0 1 0 0 0 1 1 0 0 0 0 0 0 1 0
90	5	1 0 0 0 0 0 0 1 0 1 0 0 1 0 1 0
90	7	1 0 1 0 0 0 1 0 0 0 1 0 0 1 1 0
90	6	0 0 1 1 0 0 1 0 0 0 0 0 0 0 1 0
90	13	0 0 1 1 0 0 1 0 0 0 0 1 0 1 1 1
90	6	0 0 0 1 0 0 0 0 0 0 0 0 0 1 0 0
90	12	0 0 1 1 0 0 1 0 0 0 0 0 0 0 0 0
90	5	0 0 1 1 0 0 0 0 0 0 0 1 0 1 1 0
90	13	0 0 1 1 0 0 0 0 0 0 0 1 0 0 0 0
90	6	0 0 1 1 0 0 1 0 1 1 0 0 1 1 1 0
90	5	1 0 1 1 0 0 1 0 0 1 0 1 0 0 1 0
90	5	0 0 1 1 0 0 0 0 1 0 0 0 0 0 0 0
90	1	1 0 0 1 0 0 1 0 0 0 0 0 0 1 1 0
90	7	1 0 1 1 0 0 1 0 0 1 0 0 0 0 0 1
90	7	1 0 1 1 0 0 1 0 1 1 0 0 0 1 1 0
90	3	1 0 1 1 0 0 0 0 0 0 0 0 0 0 1 0
90	10	0 0 0 0 1 0 0 0 0 0 0 0 0 0 0 0
90	2	1 0 0 1 0 0 0 1 1 0 0 0 0 1 0 0
90	1	0 0 1 1 0 1 0 0 0 1 0 1 0 1 1 1
90	18	0 0 0 0 0 0 1 0 0 1 0 0 0 0 1 0
90	3	0 0 1 1 0 0 0 0 0 1 0 0 0 0 0 0
90	4	0 0 1 0 0 0 1 0 0 0 0 0 0 1 1 0
90	7	1 0 1 1 0 0 1 0 0 1 0 0 0 0 1 1
90	6	0 0 0 0 0 1 0 0 0 0 0 0 0 0 1 1
90	2	0 0 1 1 0 0 0 0 0 0 0 0 0 0 1 1
90	7	0 0 1 1 0 0 0 1 0 0 0 0 0 0 1 0
90	1	0 0 1 1 0 1 0 0 1 0 0 1 0 0 1 0
90	2	1 0 1 1 0 0 1 0 1 1 0 0 0 0 0 0
90	4	0 0 1 1 0 1 0 1 0 1 0 0 1 0 1 0
90	2	0 0 1 0 0 0 1 0 0 1 0 0 1 0 1 1
90	5	0 0 1 1 0 1 1 0 0 1 0 0 0 0 1 0
90	4	1 0 1 1 0 0 1 0 1 1 0 0 0 0 1 0
90	2	1 0 0 0 0 0 0 0 0 0 0 1 0 1 1 1
90	1	0 0 1 1 0 1 0 1 1 0 0 0 1 1 0 0
90	2	0 0 1 1 0 1 1 0 1 1 0 0 0 1 1 0
90	5	0 0 0 1 0 0 1 1 0 1 0 0 0 0 1 0
90	1	0 0 1 0 0 1 0 0 0 0 0 0 0 1 1 0
90	4	1 0 1 0 0 0 0 0 1 0 1 0 0 1 1 0
90	5	1 0 1 0 0 0 1 0 0 1 0 0 1 0 1 0
90	1	1 0 0 1 0 0 0 0 1 1 0 0 1 1 1 0
90	3	0 0 1 1 0 0 0 0 0 0 0 1 0 0 0 1
90	2	0 0 0 1 0 0 0 1 1 0 0 0 0 1 1 0
90	1	0 0 1 1 0 1 0 1 0 0 0 1 0 0 0 0
90	2	0 0 0 0 0 0 1 0 1 1 0 0 0 1 1 0
90	1	0 0 1 1 0 0 0 0 0 0 0 0 1 1 1 1
90	4	1 0 0 1 1 0 0 1 1 0 0 0 0 1 1 0
90	1	0 0 1 0 0 0 1 0 1 1 0 0 0 0 1 0
90	1	0 0 1 0 0 0 1 0 1 1 0 0 0 1 1 0
90	2	1 0 0 0 0 0 0 0 0 0 1 0 0 1 1 0
90	1	0 0 1 1 0 0 0 0 1 0 0 0 0 1 0 0
90	1	1 0 1 0 0 0 1 1 0 1 0 0 0 0 1 0
100	5	1 0 0 0 0 0 0 0 0 0 0 0 0 0 1 0
100	14	0 0 0 1 0 0 0 0 0 0 0 0 0 1 1 1
100	17	0 0 1 1 0 0 0 0 0 0 0 0 0 1 1 0
100	26	0 0 1 1 0 0 0 0 0 0 0 0 0 1 1 1
100	57	0 0 1 1 0 0 1 0 0 1 0 0 0 0 1 0
100	28	1 0 0 1 0 0 0 1 1 0 0 0 0 1 1 0
100	6	0 0 0 0 1 1 0 0 0 0 0 0 0 0 0 1
100	32	1 0 1 1 0 0 1 0 0 1 0 0 0 0 1 0
100	84	0 0 1 1 0 0 0 0 0 0 0 0 0 0 1 0
100	38	0 0 1 1 0 0 0 0 0 0 0 0 0 0 0 0
100	1	1 0 0 0 0 0 1 1 0 1 0 0 0 0 0 0
100	76	0 0 1 1 0 0 0 1 1 0 0 0 0 0 0 0
100	15	0 0 1 1 0 0 0 1 0 1 0 0 0 0 1 0
100	48	0 0 1 0 0 0 1 0 0 1 0 0 0 0 1 0
100	4	1 0 0 1 0 0 0 0 0 0 0 0 0 0 1 0
100	17	0 0 1 1 0 0 1 0 1 1 0 0 0 1 1 0
100	13	0 0 1 1 0 0 0 0 0 0 0 1 0 0 1 0
100	30	0 0 1 0 0 0 1 0 0 1 0 0 0 0 0 0
100	3	1 0 0 0 0 1 0 0 0 1 0 0 0 0 1 1
100	3	1 0 0 1 0 0 0 0 0 0 0 0 0 1 1 0
100	8	0 0 1 1 0 1 0 0 0 0 0 0 0 1 1 0
100	25	0 0 1 1 0 0 0 0 0 1 0 0 0 0 1 0
100	4	0 0 1 0 0 0 1 0 0 1 0 0 0 1 0 0
100	14	0 0 1 1 0 0 0 0 0 0 1 0 0 0 1 0
100	4	0 0 1 0 0 0 1 0 0 1 0 0 0 1 1 0
100	7	0 0 1 1 0 0 1 0 0 1 0 1 0 0 1 0
100	6	0 0 1 1 0 1 0 1 0 0 0 0 1 1 0 0
100	36	0 0 1 1 0 0 0 0 1 0 0 1 0 0 1 0
100	15	0 0 1 0 1 0 1 0 0 1 0 0 0 1 1 0
100	14	0 0 1 1 1 0 1 0 0 1 0 0 0 0 1 0
100	27	1 0 1 1 1 0 1 0 0 1 0 0 0 0 1 0
100	6	0 0 1 0 0 0 1 1 0 0 0 0 0 0 1 0
100	7	1 0 0 0 0 0 0 1 0 1 0 0 1 0 1 0
100	10	1 0 1 0 0 0 1 0 0 0 1 0 0 1 1 0
100	6	0 0 1 1 0 0 1 0 0 0 0 0 0 0 1 0
100	10	0 0 1 1 0 0 1 0 0 0 0 1 0 1 1 1
100	4	0 0 0 1 0 0 0 0 0 0 0 0 0 1 0 0
100	2	0 0 1 1 0 0 1 0 0 0 0 0 0 0 0 0
100	2	0 0 1 1 0 0 0 0 0 0 0 1 0 1 1 0
100	10	0 0 1 1 0 0 0 0 0 0 0 1 0 0 0 0
100	7	1 0 1 1 0 0 1 0 0 1 0 1 0 0 1 0
100	5	0 0 1 1 0 0 0 0 1 0 0 0 0 0 0 0
100	2	1 0 1 1 0 0 1 0 0 1 0 0 0 0 0 1
100	1	1 0 1 1 0 0 1 0 1 1 0 0 0 1 1 0
100	2	1 0 1 1 0 0 0 0 0 0 0 0 0 0 1 0
100	5	0 0 0 0 1 0 0 0 0 0 0 0 0 0 0 0
100	12	1 0 0 1 0 0 0 1 1 0 0 0 0 1 0 0
100	26	0 0 0 0 0 0 1 0 0 1 0 0 0 0 1 0
100	3	0 0 1 1 0 0 0 0 0 1 0 0 0 0 0 0
100	2	1 0 1 1 0 0 1 0 0 1 0 0 0 0 1 1
100	2	0 0 1 1 0 0 0 0 0 0 0 0 0 0 1 1
100	9	0 0 1 1 0 1 0 0 1 0 0 1 0 0 1 0
100	4	0 0 1 0 0 0 1 0 0 1 0 0 1 0 1 1
100	9	1 0 1 1 0 0 1 0 1 1 0 0 0 0 1 0
100	6	0 0 0 1 0 0 1 1 0 1 0 0 0 0 1 0
100	7	0 0 1 0 0 1 0 0 0 0 0 0 0 1 1 0
100	3	1 0 1 0 0 0 0 0 1 0 1 0 0 1 1 0
100	7	0 0 1 1 0 0 0 0 0 0 0 1 0 0 0 1
100	3	1 0 0 1 1 0 0 1 1 0 0 0 0 1 1 0
100	2	1 0 0 0 0 0 1 0 1 1 0 0 0 1 1 0
100	4	0 0 1 1 0 0 1 0 1 1 1 0 1 1 1 0
100	6	0 0 1 1 0 0 0 0 0 0 0 0 0 0 0 1
100	9	0 0 1 1 0 0 1 0 0 0 0 0 0 0 0 1
100	2	1 0 1 1 0 1 0 0 0 1 0 0 0 0 1 0
100	3	0 0 1 1 0 0 0 1 1 0 0 0 0 0 1 0
100	11	0 0 1 1 0 0 0 1 1 0 1 0 0 0 0 0
100	4	1 0 1 1 0 0 0 0 0 0 0 0 0 1 1 0
100	7	1 0 1 1 0 0 1 1 0 1 0 0 0 0 1 0
100	1	0 0 1 1 0 0 1 0 0 1 0 0 0 1 1 0
100	7	1 0 1 1 0 0 1 0 0 0 1 0 0 1 1 0
100	7	0 0 1 1 0 0 0 1 1 0 0 0 1 0 0 0
100	2	0 0 1 1 1 0 0 1 1 0 0 0 0 0 0 0
100	2	0 0 1 1 0 0 0 0 1 0 0 1 1 0 1 0
100	1	1 0 1 1 1 0 0 0 0 1 0 0 0 0 1 0
100	2	1 0 1 0 0 0 1 0 1 0 1 0 0 1 1 0
100	5	0 0 1 1 0 0 1 0 0 1 0 0 0 0 1 1
100	6	1 0 1 0 0 0 1 0 0 1 0 0 0 0 1 0
100	2	0 0 1 0 0 0 0 0 0 1 0 0 0 0 1 0
100	7	1 0 1 1 0 0 1 0 0 1 0 0 0 1 0 0
100	1	0 0 1 1 0 0 0 1 0 1 0 0 0 1 1 1
100	4	0 0 1 1 0 1 0 0 0 0 0 0 0 0 1 0
100	1	0 0 1 1 1 0 1 0 0 1 0 0 0 0 0 0
100	8	1 0 1 0 0 0 1 0 1 0 0 1 0 0 1 0
100	2	1 1 1 1 0 0 1 0 0 1 0 0 0 0 1 0
100	2	0 0 1 0 0 0 0 0 0 1 0 0 0 1 0 0
100	4	0 0 1 1 0 0 0 1 0 0 1 0 0 0 1 0
100	2	0 0 1 1 0 0 0 0 1 0 0 0 0 1 1 0
100	1	0 0 1 0 0 0 1 0 1 1 0 0 0 1 1 0
100	1	0 1 1 0 0 0 1 0 0 1 0 0 0 0 0 0
100	1	0 1 1 1 0 0 1 0 0 1 0 1 0 0 1 0
100	1	1 0 1 0 0 0 1 0 0 0 1 0 0 1 0 0
100	4	0 0 0 0 0 0 1 0 0 1 1 0 0 0 1 0
100	1	1 0 1 1 0 0 1 0 0 1 0 0 0 1 1 0
100	1	0 0 1 1 0 0 0 1 1 0 0 0 0 1 1 0
100	3	0 0 1 0 0 0 1 0 0 0 1 0 0 1 1 0
100	1	0 0 1 1 0 1 0 0 0 0 0 0 0 0 0 0
100	1	0 0 1 1 0 0 0 1 0 0 0 0 1 1 0 0
100	2	0 0 1 1 0 0 1 0 0 0 0 0 0 1 1 1
100	2	0 1 1 0 0 0 1 0 0 1 0 0 0 0 1 0
100	3	0 0 1 1 0 0 0 0 0 0 1 1 0 0 1 0
100	2	0 0 1 0 0 0 0 0 0 0 0 1 0 0 1 0
100	2	1 0 0 0 0 0 0 1 0 0 0 0 1 0 1 0
100	2	0 0 1 1 1 0 1 0 0 0 0 1 0 1 1 1
100	2	1 0 0 1 0 0 1 0 0 1 0 1 0 0 1 0
100	1	0 0 1 1 0 1 1 0 0 0 0 0 0 0 1 0
100	3	1 0 0 1 0 0 1 0 1 1 0 0 0 0 1 0
100	2	0 0 1 0 0 1 0 0 0 0 0 0 0 0 1 0
100	1	0 0 1 1 1 0 1 0 1 1 0 0 0 0 0 0
110	6	0 0 0 1 0 0 0 0 0 0 0 0 0 1 1 1
110	39	0 0 1 1 0 0 0 0 0 0 0 0 0 1 1 0
110	25	0 0 1 1 0 0 0 0 0 0 0 0 0 1 1 1
110	38	0 0 1 1 0 0 1 0 0 1 0 0 0 0 1 0
110	3	1 0 0 1 0 0 0 1 1 0 0 0 0 1 1 0
110	4	0 0 0 0 1 1 0 0 0 0 0 0 0 0 0 1
110	23	1 0 1 1 0 0 1 0 0 1 0 0 0 0 1 0
110	84	0 0 1 1 0 0 0 0 0 0 0 0 0 0 1 0
110	41	0 0 1 1 0 0 0 0 0 0 0 0 0 0 0 0
110	95	0 0 1 1 0 0 0 1 1 0 0 0 0 0 0 0
110	6	0 0 1 1 0 0 0 1 0 1 0 0 0 0 1 0
110	33	0 0 1 0 0 0 1 0 0 1 0 0 0 0 1 0
110	12	1 0 0 1 0 0 0 0 0 0 0 0 0 0 1 0
110	23	0 0 1 1 0 0 1 0 1 1 0 0 0 1 1 0
110	29	0 0 1 0 0 0 1 0 0 1 0 0 0 0 0 0
110	2	0 0 1 1 0 1 0 0 0 0 0 0 0 1 1 0
110	37	0 0 1 1 0 0 0 0 0 1 0 0 0 0 1 0
110	2	0 0 1 0 0 0 1 0 0 1 0 0 0 1 0 0
110	10	0 0 1 1 0 0 0 0 0 0 1 0 0 0 1 0
110	8	0 0 1 0 0 0 1 0 0 1 0 0 0 1 1 0
110	9	0 0 1 1 0 0 1 0 0 1 0 1 0 0 1 0
110	7	0 0 1 1 0 1 0 1 0 0 0 0 1 1 0 0
110	29	0 0 1 1 0 0 0 0 1 0 0 1 0 0 1 0
110	8	0 0 1 1 1 0 1 0 0 1 0 0 0 0 1 0
110	28	1 0 1 1 1 0 1 0 0 1 0 0 0 0 1 0
110	6	1 0 0 0 0 0 0 1 0 1 0 0 1 0 1 0
110	19	0 0 1 1 0 0 1 0 0 0 0 0 0 0 1 0
110	1	0 0 1 1 0 0 1 0 0 0 0 1 0 1 1 1
110	2	0 0 0 1 0 0 0 0 0 0 0 0 0 1 0 0
110	4	1 0 1 1 0 0 1 0 0 1 0 1 0 0 1 0
110	20	0 0 1 1 0 0 0 0 1 0 0 0 0 0 0 0
110	7	1 0 0 1 0 0 0 1 1 0 0 0 0 1 0 0
110	17	0 0 0 0 0 0 1 0 0 1 0 0 0 0 1 0
110	5	0 0 1 1 0 0 0 0 0 1 0 0 0 0 0 0
110	3	0 0 1 0 0 0 1 0 0 1 0 0 1 0 1 1
110	8	1 0 1 1 0 0 1 0 1 1 0 0 0 0 1 0
110	3	0 0 0 1 0 0 1 1 0 1 0 0 0 0 1 0
110	1	0 0 1 0 0 1 0 0 0 0 0 0 0 1 1 0
110	1	1 0 1 0 0 0 0 0 1 0 1 0 0 1 1 0
110	7	0 0 1 1 0 0 0 0 0 0 0 1 0 0 0 1
110	1	0 0 1 1 0 0 1 0 1 1 1 0 1 1 1 0
110	33	0 0 1 1 0 0 1 0 0 0 0 0 0 0 0 1
110	19	0 0 1 1 0 0 0 1 1 0 1 0 0 0 0 0
110	12	0 0 1 1 0 0 1 0 0 1 0 0 0 1 1 0
110	8	1 0 1 1 1 0 0 0 0 1 0 0 0 0 1 0
110	3	0 0 1 1 0 0 1 0 0 1 0 0 0 0 1 1
110	3	0 0 1 1 0 1 0 0 0 0 0 0 0 0 1 0
110	4	1 0 1 0 0 0 1 0 1 0 0 1 0 0 1 0
110	5	0 0 1 1 0 0 0 1 0 0 1 0 0 0 1 0
110	3	0 1 1 1 0 0 1 0 0 1 0 1 0 0 1 0
110	1	0 0 1 0 0 0 1 0 0 0 1 0 0 1 1 0
110	4	0 0 1 1 0 0 0 1 0 0 0 0 1 1 0 0
110	10	0 1 1 0 0 0 1 0 0 1 0 0 0 0 1 0
110	3	0 0 1 0 0 0 0 0 0 0 0 1 0 0 1 0
110	4	0 0 1 1 0 1 1 0 0 0 0 0 0 0 1 0
110	6	1 0 0 1 0 0 1 0 1 1 0 0 0 0 1 0
110	16	0 0 1 0 0 0 0 1 1 0 0 0 0 0 0 0
110	7	1 0 1 1 0 0 1 0 0 1 1 0 0 1 1 0
110	9	0 0 1 1 0 0 0 0 0 1 1 0 0 0 1 0
110	5	0 0 1 1 1 0 0 0 0 0 1 0 0 0 1 0
110	2	1 1 1 1 0 0 1 0 1 1 0 0 0 0 1 0
110	1	0 0 1 1 0 0 1 0 1 1 0 0 0 0 1 0
110	6	0 0 1 1 1 0 1 0 0 1 1 0 0 0 1 0
110	11	1 0 1 1 0 0 1 0 0 1 0 0 0 0 0 0
110	4	0 0 1 0 0 0 1 0 0 0 0 0 0 0 1 0
110	3	0 0 1 0 0 0 1 0 0 1 0 1 0 0 1 0
110	6	1 0 1 0 0 0 1 0 0 0 0 0 0 0 1 0
110	5	0 1 1 1 0 0 0 1 1 0 0 0 0 0 0 0
110	9	1 1 1 1 1 0 1 0 0 1 0 0 0 0 1 0
110	7	1 0 0 0 0 0 0 1 0 0 0 1 1 0 1 0
110	1	0 0 1 0 0 0 0 1 1 0 0 0 0 1 0 0
110	4	0 0 1 0 0 0 1 0 0 1 1 0 0 1 1 0
110	2	1 0 1 1 0 0 0 0 0 0 0 0 0 1 1 1
110	3	0 0 1 1 0 0 0 0 0 0 0 0 1 0 0 0
110	3	0 0 1 1 0 1 0 1 0 0 0 1 1 1 0 0
110	1	1 0 0 1 0 0 0 0 1 0 0 0 0 1 0 0
110	1	1 0 1 0 0 0 1 0 0 1 0 0 0 0 0 0
110	2	0 0 1 1 0 0 0 1 1 0 0 0 0 0 1 0
110	4	0 0 1 1 0 0 0 1 0 0 1 0 0 1 0 0
110	1	0 0 1 1 1 0 0 1 1 0 0 0 0 0 0 0
110	2	0 1 1 1 0 0 1 0 1 1 0 0 0 1 1 0
110	9	0 0 1 0 0 0 1 0 1 1 0 0 0 1 1 0
110	1	0 0 1 0 1 0 1 0 0 1 0 0 0 1 1 1
110	6	1 1 1 1 1 0 1 0 0 1 0 0 1 0 1 0
110	1	0 0 0 0 1 0 1 0 0 1 0 0 0 0 0 0
110	5	0 0 1 1 0 0 0 0 1 0 0 0 0 0 1 0
110	1	0 0 1 0 1 0 1 0 0 1 0 0 0 0 1 0
110	2	0 0 1 1 1 0 0 0 0 0 0 0 0 0 1 0
110	1	1 0 0 0 1 1 0 0 0 0 0 0 0 0 0 1
110	3	1 0 0 1 0 0 0 1 1 0 0 0 0 0 1 0
110	2	1 0 1 1 0 0 0 1 1 0 0 0 0 0 0 0
110	5	1 1 1 1 1 0 0 0 1 0 0 1 0 0 1 0
110	2	0 0 1 1 0 0 0 0 0 0 0 0 1 0 1 0
110	3	1 0 1 1 0 0 0 1 1 0 0 0 0 1 0 0
110	1	0 0 1 1 1 0 0 1 0 0 1 0 0 0 1 0
110	1	0 0 1 1 0 0 0 1 0 0 0 0 0 0 1 0
110	1	1 1 1 1 1 0 1 0 0 1 1 0 0 0 1 0
110	2	1 0 1 1 1 0 1 0 0 1 0 0 0 1 1 0
110	1	0 0 1 1 0 0 0 1 1 0 1 0 1 0 0 0
110	2	1 0 1 1 0 0 1 0 0 1 0 0 0 1 1 0
110	3	0 0 1 1 0 0 0 1 0 0 1 0 1 0 1 0
110	1	0 0 1 0 0 1 0 0 0 0 0 0 0 0 1 0
110	2	0 0 1 1 0 0 0 1 1 0 1 0 0 0 1 0
110	2	0 1 1 0 0 0 0 0 0 0 0 0 0 1 1 1
110	1	0 0 1 0 0 0 0 0 0 1 0 0 0 0 1 0
110	1	0 0 1 1 0 0 0 0 1 1 0 1 0 0 1 0
110	2	0 0 0 1 0 0 0 0 1 0 0 0 0 1 0 0
120	20	0 0 1 1 0 0 0 0 0 0 0 0 0 1 1 0
120	31	0 0 1 1 0 0 0 0 0 0 0 0 0 1 1 1
120	22	0 0 1 1 0 0 1 0 0 1 0 0 0 0 1 0
120	10	1 0 0 1 0 0 0 1 1 0 0 0 0 1 1 0
120	26	1 0 1 1 0 0 1 0 0 1 0 0 0 0 1 0
120	95	0 0 1 1 0 0 0 0 0 0 0 0 0 0 1 0
120	31	0 0 1 1 0 0 0 0 0 0 0 0 0 0 0 0
120	108	0 0 1 1 0 0 0 1 1 0 0 0 0 0 0 0
120	12	0 0 1 1 0 0 0 1 0 1 0 0 0 0 1 0
120	38	0 0 1 0 0 0 1 0 0 1 0 0 0 0 1 0
120	14	1 0 0 1 0 0 0 0 0 0 0 0 0 0 1 0
120	20	0 0 1 1 0 0 1 0 1 1 0 0 0 1 1 0
120	10	0 0 1 0 0 0 1 0 0 1 0 0 0 0 0 0
120	23	0 0 1 1 0 0 0 0 0 1 0 0 0 0 1 0
120	12	0 0 1 1 0 0 0 0 0 0 1 0 0 0 1 0
120	2	0 0 1 0 0 0 1 0 0 1 0 0 0 1 1 0
120	13	0 0 1 1 0 0 1 0 0 1 0 1 0 0 1 0
120	5	0 0 1 1 0 1 0 1 0 0 0 0 1 1 0 0
120	11	0 0 1 1 0 0 0 0 1 0 0 1 0 0 1 0
120	11	0 0 1 1 1 0 1 0 0 1 0 0 0 0 1 0
120	22	1 0 1 1 1 0 1 0 0 1 0 0 0 0 1 0
120	18	1 0 0 0 0 0 0 1 0 1 0 0 1 0 1 0
120	20	0 0 1 1 0 0 1 0 0 0 0 0 0 0 1 0
120	8	1 0 1 1 0 0 1 0 0 1 0 1 0 0 1 0
120	32	0 0 1 1 0 0 0 0 1 0 0 0 0 0 0 0
120	1	1 0 0 1 0 0 0 1 1 0 0 0 0 1 0 0
120	6	0 0 0 0 0 0 1 0 0 1 0 0 0 0 1 0
120	3	0 0 1 1 0 0 0 0 0 1 0 0 0 0 0 0
120	4	1 0 1 1 0 0 1 0 1 1 0 0 0 0 1 0
120	2	0 0 1 1 0 0 0 0 0 0 0 1 0 0 0 1
120	28	0 0 1 1 0 0 1 0 0 0 0 0 0 0 0 1
120	9	0 0 1 1 0 0 0 1 1 0 1 0 0 0 0 0
120	6	0 0 1 1 0 0 1 0 0 1 0 0 0 1 1 0
120	4	1 0 1 1 1 0 0 0 0 1 0 0 0 0 1 0
120	1	0 0 1 1 0 1 0 0 0 0 0 0 0 0 1 0
120	15	0 0 1 1 0 0 0 1 0 0 1 0 0 0 1 0
120	8	0 1 1 1 0 0 1 0 0 1 0 1 0 0 1 0
120	13	1 0 0 1 0 0 1 0 1 1 0 0 0 0 1 0
120	18	0 0 1 0 0 0 0 1 1 0 0 0 0 0 0 0
120	1	1 0 1 1 0 0 1 0 0 1 1 0 0 1 1 0
120	1	0 0 1 1 0 0 0 0 0 1 1 0 0 0 1 0
120	11	0 0 1 1 1 0 0 0 0 0 1 0 0 0 1 0
120	12	0 0 1 1 0 0 1 0 1 1 0 0 0 0 1 0
120	3	1 0 1 1 0 0 1 0 0 1 0 0 0 0 0 0
120	7	0 0 1 0 0 0 1 0 0 0 0 0 0 0 1 0
120	8	0 0 1 0 0 0 1 0 0 1 0 1 0 0 1 0
120	2	1 0 1 0 0 0 1 0 0 0 0 0 0 0 1 0
120	12	1 1 1 1 1 0 1 0 0 1 0 0 0 0 1 0
120	1	0 0 1 1 0 0 0 1 0 0 1 0 0 1 0 0
120	6	0 1 1 1 0 0 1 0 1 1 0 0 0 1 1 0
120	5	1 1 1 1 1 0 0 0 1 0 0 1 0 0 1 0
120	12	0 0 1 1 0 0 0 0 0 0 0 0 1 0 1 0
120	3	0 1 1 0 0 0 0 0 0 0 0 0 0 1 1 1
120	7	0 0 1 0 0 0 0 0 0 1 0 0 0 0 1 0
120	1	0 0 1 1 0 0 0 0 1 0 1 0 0 0 1 0
120	10	0 0 1 1 0 0 0 1 1 1 0 0 0 0 1 0
120	24	1 0 0 1 0 0 0 1 1 0 0 0 0 0 0 0
120	5	0 0 0 0 0 0 1 0 0 1 0 0 0 0 0 0
120	2	1 0 1 1 1 0 0 0 0 1 0 0 0 1 1 0
120	1	0 0 1 1 0 0 1 1 1 0 0 0 0 0 0 0
120	3	1 0 1 1 1 0 1 0 0 1 1 0 0 0 1 0
120	15	0 0 1 1 1 0 0 1 1 0 0 0 0 0 0 0
120	4	0 0 1 1 0 0 0 1 1 0 0 0 0 0 1 0
120	2	1 0 0 0 1 1 0 0 0 0 0 0 0 0 0 1
120	5	1 0 1 1 0 0 1 0 1 0 0 0 0 0 1 0
120	15	0 0 1 1 0 0 0 1 1 1 0 0 0 0 0 0
120	2	0 1 1 0 0 0 1 1 0 1 0 0 0 0 1 0
120	1	1 1 1 1 0 0 1 0 0 1 0 0 0 0 1 0
120	2	0 0 1 1 0 0 0 1 1 0 1 0 0 1 0 0
120	1	1 0 0 1 0 0 0 1 1 0 0 0 0 0 1 0
120	7	1 0 1 0 0 0 1 0 0 1 0 0 0 0 1 0
120	2	0 0 1 1 0 0 1 0 0 1 0 0 0 1 0 0
120	3	0 0 1 1 0 0 0 1 1 0 0 0 0 1 1 0
120	3	0 0 1 1 0 0 1 0 0 1 0 1 0 0 1 1
120	1	1 1 1 1 1 0 0 0 0 1 0 0 0 0 1 0
120	5	0 0 1 0 0 0 0 1 0 0 0 0 0 0 0 0
120	9	0 0 1 1 1 0 1 0 0 0 1 0 0 0 1 0
120	1	1 0 1 1 0 0 1 0 0 1 0 0 0 0 1 1
120	4	0 1 1 1 0 0 0 1 1 0 0 0 0 0 0 0
120	3	0 0 1 1 0 1 0 0 0 1 0 0 0 0 0 0
120	1	0 0 1 1 0 0 1 0 0 0 0 1 0 0 1 1
120	6	1 0 1 1 0 0 1 0 0 1 0 0 1 0 1 0
120	5	0 0 1 1 0 0 0 0 0 0 0 0 0 1 0 0
120	4	0 0 1 0 0 0 1 0 0 1 0 0 0 0 1 1
120	2	0 0 0 1 0 0 1 0 0 1 0 0 0 1 1 0
120	1	0 0 1 1 0 0 0 1 0 0 0 0 0 0 1 0
120	1	1 0 1 1 0 0 0 0 1 0 0 0 0 0 1 0
120	1	0 0 1 1 0 0 0 1 0 0 0 1 0 0 1 1
120	1	0 0 1 0 0 0 1 0 0 1 0 0 1 0 1 0
120	1	0 0 1 1 0 0 0 0 0 0 0 0 0 0 1 1
120	4	0 0 1 1 0 1 0 0 0 0 0 0 0 0 0 0
120	2	0 0 1 0 0 0 1 1 0 1 0 0 0 0 1 0
120	1	1 0 0 1 0 1 0 0 0 0 0 0 0 0 1 0
120	1	0 0 1 1 0 0 0 0 1 1 0 0 0 1 1 0
120	2	0 0 1 0 0 0 0 0 1 0 0 0 0 0 0 0
120	2	0 0 1 1 0 0 1 0 0 0 1 0 0 0 0 1
120	1	0 0 1 1 0 0 0 0 0 0 0 0 0 0 0 1
120	2	0 0 0 1 0 0 0 1 1 0 1 0 0 0 0 0
120	1	0 0 1 1 0 0 0 1 0 0 1 0 0 0 1 1
120	2	0 0 1 0 0 0 0 1 1 0 0 1 0 0 0 0
120	1	0 0 1 1 1 1 0 1 1 0 0 0 0 0 0 0
120	2	0 0 1 0 0 0 0 1 1 1 0 0 0 0 0 0
120	2	1 0 1 1 0 0 0 0 0 1 0 0 0 0 1 1
130	6	0 0 1 1 0 0 0 0 0 0 0 0 0 1 1 0
130	10	0 0 1 1 0 0 0 0 0 0 0 0 0 1 1 1
130	32	0 0 1 1 0 0 1 0 0 1 0 0 0 0 1 0
130	12	1 0 0 1 0 0 0 1 1 0 0 0 0 1 1 0
130	14	1 0 1 1 0 0 1 0 0 1 0 0 0 0 1 0
130	60	0 0 1 1 0 0 0 0 0 0 0 0 0 0 1 0
130	36	0 0 1 1 0 0 0 0 0 0 0 0 0 0 0 0
130	70	0 0 1 1 0 0 0 1 1 0 0 0 0 0 0 0
130	18	0 0 1 1 0 0 0 1 0 1 0 0 0 0 1 0
130	50	0 0 1 0 0 0 1 0 0 1 0 0 0 0 1 0
130	9	1 0 0 1 0 0 0 0 0 0 0 0 0 0 1 0
130	21	0 0 1 1 0 0 1 0 1 1 0 0 0 1 1 0
130	1	0 0 1 0 0 0 1 0 0 1 0 0 0 0 0 0
130	17	0 0 1 1 0 0 0 0 0 1 0 0 0 0 1 0
130	4	0 0 1 1 0 0 0 0 0 0 1 0 0 0 1 0
130	27	0 0 1 1 0 0 1 0 0 1 0 1 0 0 1 0
130	12	0 0 1 1 0 1 0 1 0 0 0 0 1 1 0 0
130	46	0 0 1 1 0 0 0 0 1 0 0 1 0 0 1 0
130	3	0 0 1 1 1 0 1 0 0 1 0 0 0 0 1 0
130	26	1 0 1 1 1 0 1 0 0 1 0 0 0 0 1 0
130	5	1 0 0 0 0 0 0 1 0 1 0 0 1 0 1 0
130	26	0 0 1 1 0 0 1 0 0 0 0 0 0 0 1 0
130	28	1 0 1 1 0 0 1 0 0 1 0 1 0 0 1 0
130	32	0 0 1 1 0 0 0 0 1 0 0 0 0 0 0 0
130	3	0 0 0 0 0 0 1 0 0 1 0 0 0 0 1 0
130	6	1 0 1 1 0 0 1 0 1 1 0 0 0 0 1 0
130	4	0 0 1 1 0 0 0 0 0 0 0 1 0 0 0 1
130	6	0 0 1 1 0 0 1 0 0 0 0 0 0 0 0 1
130	19	0 0 1 1 0 0 0 1 1 0 1 0 0 0 0 0
130	3	0 0 1 1 0 0 1 0 0 1 0 0 0 1 1 0
130	4	1 0 1 1 1 0 0 0 0 1 0 0 0 0 1 0
130	2	0 0 1 1 0 0 0 1 0 0 1 0 0 0 1 0
130	20	1 0 0 1 0 0 1 0 1 1 0 0 0 0 1 0
130	10	0 0 1 0 0 0 0 1 1 0 0 0 0 0 0 0
130	7	0 0 1 1 1 0 0 0 0 0 1 0 0 0 1 0
130	12	0 0 1 1 0 0 1 0 1 1 0 0 0 0 1 0
130	4	0 0 1 0 0 0 1 0 0 0 0 0 0 0 1 0
130	18	0 1 1 1 0 0 1 0 1 1 0 0 0 1 1 0
130	16	0 0 1 1 0 0 0 0 0 0 0 0 1 0 1 0
130	28	0 0 1 0 0 0 0 0 0 1 0 0 0 0 1 0
130	4	0 0 1 1 0 0 0 1 1 1 0 0 0 0 1 0
130	34	1 0 0 1 0 0 0 1 1 0 0 0 0 0 0 0
130	7	0 0 1 1 0 0 1 1 1 0 0 0 0 0 0 0
130	16	0 0 1 1 1 0 0 1 1 0 0 0 0 0 0 0
130	11	0 0 1 1 0 0 0 1 1 0 0 0 0 0 1 0
130	2	1 0 1 1 0 0 1 0 1 0 0 0 0 0 1 0
130	10	0 0 1 1 0 0 0 1 1 1 0 0 0 0 0 0
130	1	0 0 1 1 0 0 0 1 1 0 1 0 0 1 0 0
130	6	0 0 1 1 0 0 0 1 1 0 0 0 0 1 1 0
130	7	0 0 1 1 0 0 1 0 0 1 0 1 0 0 1 1
130	5	0 0 1 1 1 0 1 0 0 0 1 0 0 0 1 0
130	2	0 0 1 1 0 0 1 0 0 0 1 0 0 0 0 1
130	1	0 0 0 0 0 0 0 1 0 1 0 0 1 0 1 0
130	6	0 0 1 1 1 0 0 0 1 0 0 1 0 0 1 0
130	6	1 0 0 0 0 0 1 0 0 1 0 1 0 0 1 0
130	20	1 1 1 1 1 0 0 0 1 1 0 0 0 0 1 0
130	7	0 0 1 1 0 0 0 1 1 0 0 1 0 0 0 0
130	3	0 0 0 1 0 1 0 0 0 0 0 0 0 0 0 0
130	8	0 0 1 1 0 0 1 0 0 1 0 0 0 0 0 0
130	7	0 0 1 1 0 0 0 1 1 0 0 0 0 0 0 1
130	2	0 0 1 1 0 1 0 1 1 0 0 0 0 0 0 0
130	11	1 0 0 1 0 0 1 0 1 1 1 0 0 0 1 0
130	2	0 0 1 1 0 0 0 0 1 0 0 0 0 0 1 0
130	4	0 0 1 1 1 0 0 1 1 0 0 0 0 0 1 0
130	6	1 0 1 1 0 0 1 0 0 1 0 0 0 1 1 0
130	1	0 0 1 1 0 0 0 1 1 0 0 0 0 1 1 1
130	6	0 1 1 1 0 0 1 0 0 1 0 0 0 0 0 0
130	2	1 0 0 1 0 0 1 0 0 1 0 1 0 0 1 0
130	2	1 0 0 1 0 0 0 1 1 0 0 0 0 0 1 0
130	2	0 1 1 1 0 0 1 0 0 1 0 1 0 0 1 1
130	4	0 0 1 1 0 0 1 0 0 0 0 0 0 0 0 0
130	2	0 0 1 0 0 0 0 1 1 0 0 0 0 0 1 0
130	5	0 0 1 1 0 0 0 0 0 0 0 0 1 0 0 0
130	6	0 0 1 1 0 0 1 0 0 1 0 1 0 0 0 0
130	2	1 0 0 1 0 0 0 1 1 1 0 0 0 1 1 0
130	7	0 0 1 1 0 0 0 1 1 0 0 0 0 1 0 0
130	1	0 0 1 0 0 0 1 0 0 1 0 0 1 0 0 0
130	1	0 0 1 1 0 0 1 0 0 0 0 0 0 0 1 1
130	3	0 0 1 1 0 0 1 0 1 1 0 0 0 0 0 0
130	1	0 0 0 1 0 0 0 1 1 0 0 0 0 1 1 0
130	5	0 0 1 1 0 0 0 1 0 1 0 0 0 0 0 0
130	2	1 0 0 1 0 0 0 0 0 0 0 0 0 1 1 0
130	4	0 0 1 1 0 0 0 1 1 1 0 0 0 1 1 0
130	1	0 0 1 1 0 0 0 0 0 0 0 1 0 0 1 0
130	1	0 1 1 1 0 0 1 0 1 1 0 0 0 0 1 0
130	2	0 0 1 1 1 0 0 1 1 1 0 0 0 0 1 0
130	4	0 0 1 1 0 0 0 0 0 1 0 1 0 0 1 1
130	4	0 0 1 1 0 0 0 1 0 1 1 0 0 0 1 0
130	2	0 0 1 1 0 1 0 0 1 0 0 1 0 0 1 0
130	1	1 0 0 1 1 0 0 1 1 0 0 0 0 1 1 0
130	2	0 0 1 1 0 0 0 1 0 0 0 0 0 0 0 0
130	1	0 0 1 1 1 0 1 0 0 1 0 1 0 0 1 0
130	2	0 0 1 1 0 1 1 0 0 1 0 1 0 0 1 0
130	2	0 0 1 0 0 0 0 0 1 0 0 1 0 0 1 0
130	1	0 0 1 1 0 0 0 0 0 0 0 0 0 0 0 1
130	2	0 0 1 0 0 0 0 1 1 1 0 0 0 0 0 0
130	3	0 0 1 0 1 0 0 1 1 0 0 0 0 0 0 0
130	1	1 0 0 0 0 0 0 0 0 0 0 0 0 1 1 0
140	3	0 0 1 1 0 0 0 0 0 0 0 0 0 1 1 1
140	20	0 0 1 1 0 0 1 0 0 1 0 0 0 0 1 0
140	7	1 0 0 1 0 0 0 1 1 0 0 0 0 1 1 0
140	17	1 0 1 1 0 0 1 0 0 1 0 0 0 0 1 0
140	57	0 0 1 1 0 0 0 0 0 0 0 0 0 0 1 0
140	34	0 0 1 1 0 0 0 0 0 0 0 0 0 0 0 0
140	55	0 0 1 1 0 0 0 1 1 0 0 0 0 0 0 0
140	6	0 0 1 1 0 0 0 1 0 1 0 0 0 0 1 0
140	17	0 0 1 0 0 0 1 0 0 1 0 0 0 0 1 0
140	18	0 0 1 1 0 0 1 0 1 1 0 0 0 1 1 0
140	17	0 0 1 1 0 0 0 0 0 1 0 0 0 0 1 0
140	18	0 0 1 1 0 0 1 0 0 1 0 1 0 0 1 0
140	17	0 0 1 1 0 1 0 1 0 0 0 0 1 1 0 0
140	26	0 0 1 1 0 0 0 0 1 0 0 1 0 0 1 0
140	17	0 0 1 1 1 0 1 0 0 1 0 0 0 0 1 0
140	25	1 0 1 1 1 0 1 0 0 1 0 0 0 0 1 0
140	8	1 0 0 0 0 0 0 1 0 1 0 0 1 0 1 0
140	20	0 0 1 1 0 0 1 0 0 0 0 0 0 0 1 0
140	37	1 0 1 1 0 0 1 0 0 1 0 1 0 0 1 0
140	59	0 0 1 1 0 0 0 0 1 0 0 0 0 0 0 0
140	9	1 0 1 1 0 0 1 0 1 1 0 0 0 0 1 0
140	7	0 0 1 1 0 0 0 0 0 0 0 1 0 0 0 1
140	22	0 0 1 1 0 0 0 1 1 0 1 0 0 0 0 0
140	9	1 0 1 1 1 0 0 0 0 1 0 0 0 0 1 0
140	15	1 0 0 1 0 0 1 0 1 1 0 0 0 0 1 0
140	4	0 0 1 0 0 0 0 1 1 0 0 0 0 0 0 0
140	2	0 0 1 1 1 0 0 0 0 0 1 0 0 0 1 0
140	5	0 0 1 1 0 0 1 0 1 1 0 0 0 0 1 0
140	6	0 1 1 1 0 0 1 0 1 1 0 0 0 1 1 0
140	2	0 0 1 1 0 0 0 0 0 0 0 0 1 0 1 0
140	23	0 0 1 0 0 0 0 0 0 1 0 0 0 0 1 0
140	8	0 0 1 1 0 0 0 1 1 1 0 0 0 0 1 0
140	25	1 0 0 1 0 0 0 1 1 0 0 0 0 0 0 0
140	2	0 0 1 1 0 0 1 1 1 0 0 0 0 0 0 0
140	14	0 0 1 1 1 0 0 1 1 0 0 0 0 0 0 0
140	22	0 0 1 1 0 0 0 1 1 0 0 0 0 0 1 0
140	7	0 0 1 1 0 0 0 1 1 1 0 0 0 0 0 0
140	7	0 0 1 1 0 0 0 1 1 0 0 0 0 1 1 0
140	4	0 0 1 1 0 0 1 0 0 1 0 1 0 0 1 1
140	7	0 0 1 1 1 0 1 0 0 0 1 0 0 0 1 0
140	14	0 0 1 1 1 0 0 0 1 0 0 1 0 0 1 0
140	41	1 1 1 1 1 0 0 0 1 1 0 0 0 0 1 0
140	11	0 0 1 1 0 0 0 1 1 0 0 1 0 0 0 0
140	15	0 0 1 1 0 0 1 0 0 1 0 0 0 0 0 0
140	17	0 0 1 1 0 0 0 1 1 0 0 0 0 0 0 1
140	3	0 0 1 1 1 0 0 1 1 0 0 0 0 0 1 0
140	14	1 0 1 1 0 0 1 0 0 1 0 0 0 1 1 0
140	14	0 1 1 1 0 0 1 0 0 1 0 0 0 0 0 0
140	11	0 0 1 1 0 0 1 0 0 1 0 1 0 0 0 0
140	7	0 0 1 1 0 0 0 1 0 1 0 0 0 0 0 0
140	1	1 0 0 1 0 0 0 0 0 0 0 0 0 1 1 0
140	8	0 0 1 1 0 0 0 1 1 1 0 0 0 1 1 0
140	10	0 0 1 0 1 0 0 1 1 0 0 0 0 0 0 0
140	11	0 0 1 1 0 0 0 0 1 1 0 0 0 0 1 0
140	2	0 0 1 1 0 1 0 1 0 0 0 0 1 0 1 0
140	3	0 0 1 0 0 0 0 0 1 1 0 0 0 1 1 0
140	8	0 0 1 1 0 0 1 0 1 1 0 0 1 0 1 0
140	2	1 0 0 1 0 0 1 0 1 1 1 0 0 0 1 1
140	2	0 0 1 1 0 1 0 1 1 0 1 0 0 0 0 0
140	3	0 0 1 1 0 0 1 0 1 0 0 1 0 0 1 0
140	1	0 0 0 0 0 0 1 0 0 1 0 0 0 0 1 0
140	4	0 0 0 1 0 0 1 0 1 1 1 0 0 0 1 0
140	8	0 0 1 1 1 0 1 0 0 0 0 0 0 0 1 0
140	2	1 0 1 1 0 0 1 1 0 1 0 0 0 0 1 0
140	12	0 1 1 1 1 0 0 1 1 0 0 0 0 0 0 0
140	4	1 0 1 1 0 0 0 0 0 0 0 0 1 0 0 0
140	5	0 0 0 1 0 0 0 1 1 0 0 0 0 0 0 0
140	1	1 0 0 1 1 0 1 0 0 1 0 0 0 0 1 0
140	1	1 0 1 0 0 0 0 1 0 1 0 0 1 0 1 0
140	4	0 1 1 1 1 0 0 1 1 0 0 0 0 0 1 0
140	2	0 0 1 1 0 0 1 0 1 1 0 1 0 0 1 0
140	5	1 0 1 0 0 0 1 0 0 1 0 1 0 0 1 0
140	3	1 0 0 1 0 0 0 1 0 0 0 0 0 0 0 0
140	2	1 1 1 1 1 0 0 0 1 1 0 0 0 0 1 1
140	1	0 0 1 1 0 0 0 1 0 1 0 0 1 0 1 0
140	4	0 0 1 1 0 0 0 1 1 1 1 0 0 0 1 0
140	4	1 0 1 1 0 0 0 0 0 0 0 0 0 0 1 0
140	1	0 0 1 1 0 0 0 1 1 0 1 0 0 0 1 0
140	3	0 0 0 1 1 0 0 1 1 0 0 0 0 0 0 0
140	3	0 0 1 1 0 0 1 1 1 0 0 0 0 1 1 0
140	6	0 0 1 1 0 0 1 0 0 1 0 1 0 0 0 1
140	2	1 1 1 1 1 0 0 1 1 1 0 0 0 0 1 0
140	3	1 0 1 1 0 1 0 0 0 0 0 0 0 0 0 0
140	2	1 0 1 1 1 0 1 0 0 1 0 0 0 1 1 0
140	3	0 0 1 1 0 0 0 0 0 1 0 1 0 0 1 0
140	1	1 1 0 1 0 0 0 1 1 0 0 0 0 0 0 0
140	2	0 0 1 1 1 0 0 0 0 1 0 0 0 0 1 0
140	2	0 0 1 1 0 1 0 0 0 0 0 0 0 0 0 0
140	1	1 0 1 1 0 0 0 0 0 0 0 0 0 0 0 0
140	2	0 0 0 1 0 0 0 0 0 0 0 0 0 0 0 0
140	2	0 0 1 1 0 0 1 0 0 1 0 1 0 1 1 0
140	2	0 0 1 1 0 0 0 0 1 0 1 0 0 0 0 0
140	2	1 0 0 1 0 0 0 1 1 0 0 1 0 0 0 0
140	4	1 0 1 1 0 0 0 0 0 1 0 0 0 1 1 0
140	1	0 0 1 1 1 1 1 0 0 0 0 0 0 0 1 0
140	3	1 0 1 1 0 0 1 0 0 0 0 0 0 0 1 0
140	1	1 0 1 1 0 0 0 1 1 0 0 0 0 0 0 0
140	1	1 0 1 1 1 0 0 1 1 0 0 0 0 0 0 0
140	3	0 0 1 1 1 0 0 0 1 0 0 1 0 0 0 0
140	1	0 1 1 1 0 0 0 1 1 0 0 0 0 0 0 0
140	2	0 0 1 0 1 0 1 0 0 1 0 0 0 0 1 0
140	2	0 0 1 1 0 0 0 0 1 1 0 0 0 0 0 0
140	1	1 0 0 1 0 0 0 0 1 0 0 0 0 0 0 0
140	2	1 1 1 1 1 0 1 0 1 1 0 0 0 0 1 0
140	1	0 0 1 1 0 0 0 1 1 0 1 0 0 0 0 1
140	1	1 0 1 1 0 0 0 1 1 1 0 0 0 1 1 0
140	1	1 0 0 1 1 0 1 1 0 1 0 0 0 0 1 0
140	1	0 0 1 0 0 0 0 1 0 1 0 0 1 0 1 0
150	4	0 0 1 1 0 0 1 0 0 1 0 0 0 0 1 0
150	1	1 0 0 1 0 0 0 1 1 0 0 0 0 1 1 0
150	24	1 0 1 1 0 0 1 0 0 1 0 0 0 0 1 0
150	57	0 0 1 1 0 0 0 0 0 0 0 0 0 0 1 0
150	20	0 0 1 1 0 0 0 0 0 0 0 0 0 0 0 0
150	81	0 0 1 1 0 0 0 1 1 0 0 0 0 0 0 0
150	12	0 0 1 1 0 0 0 1 0 1 0 0 0 0 1 0
150	16	0 0 1 0 0 0 1 0 0 1 0 0 0 0 1 0
150	13	0 0 1 1 0 0 0 0 0 1 0 0 0 0 1 0
150	1	0 0 1 1 0 0 1 0 0 1 0 1 0 0 1 0
150	5	0 0 1 1 0 1 0 1 0 0 0 0 1 1 0 0
150	5	0 0 1 1 0 0 0 0 1 0 0 1 0 0 1 0
150	55	1 0 1 1 1 0 1 0 0 1 0 0 0 0 1 0
150	1	1 0 0 0 0 0 0 1 0 1 0 0 1 0 1 0
150	3	0 0 1 1 0 0 1 0 0 0 0 0 0 0 1 0
150	27	1 0 1 1 0 0 1 0 0 1 0 1 0 0 1 0
150	55	0 0 1 1 0 0 0 0 1 0 0 0 0 0 0 0
150	7	1 0 1 1 0 0 1 0 1 1 0 0 0 0 1 0
150	6	0 0 1 1 0 0 0 1 1 0 1 0 0 0 0 0
150	2	1 0 1 1 1 0 0 0 0 1 0 0 0 0 1 0
150	17	1 0 0 1 0 0 1 0 1 1 0 0 0 0 1 0
150	18	0 0 1 1 0 0 1 0 1 1 0 0 0 0 1 0
150	9	0 0 1 0 0 0 0 0 0 1 0 0 0 0 1 0
150	7	0 0 1 1 0 0 0 1 1 1 0 0 0 0 1 0
150	18	1 0 0 1 0 0 0 1 1 0 0 0 0 0 0 0
150	5	0 0 1 1 0 0 1 1 1 0 0 0 0 0 0 0
150	8	0 0 1 1 1 0 0 1 1 0 0 0 0 0 0 0
150	10	0 0 1 1 0 0 0 1 1 0 0 0 0 0 1 0
150	4	0 0 1 1 0 0 0 1 1 1 0 0 0 0 0 0
150	11	0 0 1 1 0 0 0 1 1 0 0 0 0 1 1 0
150	6	0 0 1 1 0 0 1 0 0 1 0 1 0 0 1 1
150	8	0 0 1 1 1 0 1 0 0 0 1 0 0 0 1 0
150	5	0 0 1 1 1 0 0 0 1 0 0 1 0 0 1 0
150	53	1 1 1 1 1 0 0 0 1 1 0 0 0 0 1 0
150	12	0 0 1 1 0 0 0 1 1 0 0 1 0 0 0 0
150	7	0 0 1 1 0 0 1 0 0 1 0 0 0 0 0 0
150	14	0 0 1 1 0 0 0 1 1 0 0 0 0 0 0 1
150	13	1 0 1 1 0 0 1 0 0 1 0 0 0 1 1 0
150	12	0 1 1 1 0 0 1 0 0 1 0 0 0 0 0 0
150	14	0 0 1 1 0 0 1 0 0 1 0 1 0 0 0 0
150	20	0 0 1 1 0 0 0 1 0 1 0 0 0 0 0 0
150	8	0 0 1 1 0 0 0 1 1 1 0 0 0 1 1 0
150	5	0 0 1 0 1 0 0 1 1 0 0 0 0 0 0 0
150	9	0 0 1 1 0 0 0 0 1 1 0 0 0 0 1 0
150	7	0 0 1 1 0 0 1 0 1 1 0 0 1 0 1 0
150	2	0 0 1 1 0 1 0 1 1 0 1 0 0 0 0 0
150	9	0 1 1 1 1 0 0 1 1 0 0 0 0 0 0 0
150	22	1 0 1 1 0 0 0 0 0 0 0 0 1 0 0 0
150	7	0 0 0 1 0 0 0 1 1 0 0 0 0 0 0 0
150	1	0 1 1 1 1 0 0 1 1 0 0 0 0 0 1 0
150	3	1 1 1 1 1 0 0 0 1 1 0 0 0 0 1 1
150	2	1 0 1 1 0 0 0 0 0 0 0 0 0 0 1 0
150	5	0 0 1 1 0 0 0 1 1 0 1 0 0 0 1 0
150	4	0 0 0 1 1 0 0 1 1 0 0 0 0 0 0 0
150	6	0 0 1 1 0 0 1 0 0 1 0 1 0 0 0 1
150	3	1 1 0 1 0 0 0 1 1 0 0 0 0 0 0 0
150	8	0 0 1 1 0 0 1 0 0 1 0 1 0 1 1 0
150	23	1 0 1 1 0 0 0 1 1 0 0 0 0 0 0 0
150	7	1 0 1 1 1 0 0 1 1 0 0 0 0 0 0 0
150	19	0 0 1 0 1 0 1 0 0 1 0 0 0 0 1 0
150	8	1 0 0 1 0 0 0 0 1 0 0 0 0 0 0 0
150	3	0 0 1 1 0 0 0 1 1 0 1 0 0 0 0 1
150	3	1 0 1 1 1 0 1 0 0 1 0 1 0 0 1 0
150	8	0 0 1 1 0 0 0 0 0 0 0 1 0 0 1 0
150	2	0 0 0 1 0 0 0 0 0 0 0 0 0 0 1 0
150	3	1 1 1 1 1 0 0 0 1 1 0 0 0 0 0 1
150	4	0 0 1 1 0 0 0 0 0 0 0 0 0 1 1 0
150	6	0 0 1 1 1 0 1 0 0 1 0 0 0 0 1 1
150	9	0 0 1 1 0 0 0 0 1 1 0 0 1 0 1 0
150	3	1 0 1 1 0 0 0 0 0 1 0 0 0 1 1 1
150	17	1 0 1 0 1 0 1 0 0 1 0 0 0 0 1 0
150	11	1 1 1 1 1 0 0 0 1 0 0 0 0 0 0 0
150	2	1 1 1 1 1 0 0 0 1 1 0 1 0 0 1 0
150	10	0 0 1 1 0 0 1 0 0 0 0 0 0 0 0 0
150	2	0 0 1 1 0 0 0 0 1 1 1 0 0 0 1 0
150	1	1 0 1 1 0 0 1 1 0 1 0 1 0 1 1 0
150	1	1 0 1 1 0 0 0 0 0 1 0 1 0 0 1 0
150	1	0 0 0 1 0 0 0 1 1 0 0 0 0 0 1 0
150	2	0 0 1 0 0 0 0 0 0 0 0 0 0 0 1 0
150	9	1 0 0 1 0 0 0 1 1 1 0 0 0 0 0 0
150	1	1 1 1 1 1 0 0 0 0 0 0 0 0 0 1 0
150	5	0 0 1 1 0 0 0 1 1 0 0 0 0 1 0 0
150	1	0 1 1 1 1 0 0 1 1 0 1 0 0 0 0 0
150	4	1 1 0 1 0 0 0 1 0 0 0 0 0 0 0 0
150	6	1 0 1 1 0 0 1 0 0 1 0 0 0 1 0 0
150	2	0 0 1 1 0 0 1 1 1 0 0 0 0 0 0 1
150	5	0 0 1 1 1 0 0 1 1 1 0 0 0 0 0 0
150	3	0 0 1 1 0 0 0 0 0 1 0 1 0 0 0 0
150	2	1 0 1 1 0 0 0 1 1 1 0 0 0 1 1 0
150	2	0 0 1 1 0 0 1 0 1 0 1 0 0 0 0 0
150	1	1 0 1 1 0 0 1 0 0 1 0 1 0 0 0 0
150	1	0 1 1 1 0 0 0 0 0 0 0 0 0 0 1 0
150	5	0 0 1 1 0 0 0 0 1 0 0 1 0 0 0 0
150	1	1 1 1 1 1 0 0 0 1 1 0 0 0 1 1 0
150	2	0 0 1 0 1 0 0 0 0 1 0 0 0 0 1 0
150	2	0 0 1 1 0 0 0 1 1 1 0 1 0 0 1 0
150	4	0 0 0 1 0 0 0 1 1 0 0 1 0 0 0 0
150	2	1 0 0 1 0 0 0 1 1 1 0 0 0 0 1 0
150	3	0 0 1 1 0 0 0 0 0 1 0 0 0 0 1 1
150	1	0 0 0 1 0 0 0 0 1 0 0 1 0 0 1 0
150	1	0 0 0 1 0 0 1 0 0 0 0 0 0 0 1 0
150	1	1 0 0 1 1 0 1 0 1 1 0 0 0 0 1 0
150	3	0 0 1 1 0 0 1 1 1 0 0 1 0 0 0 0
150	3	1 0 1 0 1 0 1 1 0 1 0 0 0 0 1 0
150	2	1 0 1 1 0 0 0 1 1 1 0 1 0 1 1 0
150	2	1 0 1 1 1 0 0 1 1 0 1 0 0 0 0 0
150	1	0 0 1 1 0 0 0 0 1 0 0 0 0 0 1 1
150	4	1 0 0 1 0 0 1 0 0 0 0 0 0 0 1 0
150	2	1 0 0 1 1 0 1 0 0 1 0 0 0 0 1 0
150	1	0 0 1 1 0 0 0 1 1 1 1 0 0 0 0 0
150	1	1 1 1 1 1 1 0 0 1 1 0 0 0 0 1 0
150	1	1 0 1 1 0 0 1 0 1 1 0 0 0 1 1 0
150	1	0 0 1 1 0 0 0 1 0 1 0 0 1 0 0 0
150	1	0 0 1 1 0 0 1 0 0 1 0 0 1 0 1 0
150	2	0 0 1 1 0 0 1 0 0 1 1 1 0 0 0 1
160	17	1 0 1 1 0 0 1 0 0 1 0 0 0 0 1 0
160	23	0 0 1 1 0 0 0 0 0 0 0 0 0 0 1 0
160	89	0 0 1 1 0 0 0 1 1 0 0 0 0 0 0 0
160	22	0 0 1 1 0 0 0 0 0 1 0 0 0 0 1 0
160	11	0 0 1 1 0 0 1 0 0 1 0 1 0 0 1 0
160	2	0 0 1 1 0 0 0 0 1 0 0 1 0 0 1 0
160	35	1 0 1 1 1 0 1 0 0 1 0 0 0 0 1 0
160	4	0 0 1 1 0 0 1 0 0 0 0 0 0 0 1 0
160	5	1 0 1 1 0 0 1 0 0 1 0 1 0 0 1 0
160	82	0 0 1 1 0 0 0 0 1 0 0 0 0 0 0 0
160	2	0 0 1 1 0 0 0 1 1 0 1 0 0 0 0 0
160	2	1 0 1 1 1 0 0 0 0 1 0 0 0 0 1 0
160	8	1 0 0 1 0 0 1 0 1 1 0 0 0 0 1 0
160	15	0 0 1 1 0 0 1 0 1 1 0 0 0 0 1 0
160	9	0 0 1 0 0 0 0 0 0 1 0 0 0 0 1 0
160	7	0 0 1 1 0 0 0 1 1 1 0 0 0 0 1 0
160	7	1 0 0 1 0 0 0 1 1 0 0 0 0 0 0 0
160	2	0 0 1 1 0 0 1 1 1 0 0 0 0 0 0 0
160	9	0 0 1 1 1 0 0 1 1 0 0 0 0 0 0 0
160	15	0 0 1 1 0 0 0 1 1 0 0 0 0 0 1 0
160	2	0 0 1 1 0 0 0 1 1 0 0 0 0 1 1 0
160	11	0 0 1 1 1 0 0 0 1 0 0 1 0 0 1 0
160	52	1 1 1 1 1 0 0 0 1 1 0 0 0 0 1 0
160	10	0 0 1 1 0 0 0 1 1 0 0 1 0 0 0 0
160	4	0 0 1 1 0 0 1 0 0 1 0 0 0 0 0 0
160	23	0 0 1 1 0 0 0 1 1 0 0 0 0 0 0 1
160	5	1 0 1 1 0 0 1 0 0 1 0 0 0 1 1 0
160	8	0 0 1 1 0 0 1 0 0 1 0 1 0 0 0 0
160	32	0 0 1 1 0 0 0 1 0 1 0 0 0 0 0 0
160	22	0 0 1 1 0 0 0 1 1 1 0 0 0 1 1 0
160	10	0 0 1 1 0 0 0 0 1 1 0 0 0 0 1 0
160	6	0 0 1 1 0 0 1 0 1 1 0 0 1 0 1 0
160	32	0 1 1 1 1 0 0 1 1 0 0 0 0 0 0 0
160	21	1 0 1 1 0 0 0 0 0 0 0 0 1 0 0 0
160	2	0 0 0 1 0 0 0 1 1 0 0 0 0 0 0 0
160	2	1 1 1 1 1 0 0 0 1 1 0 0 0 0 1 1
160	9	0 0 0 1 1 0 0 1 1 0 0 0 0 0 0 0
160	10	1 1 0 1 0 0 0 1 1 0 0 0 0 0 0 0
160	8	0 0 1 1 0 0 1 0 0 1 0 1 0 1 1 0
160	7	1 0 1 1 0 0 0 1 1 0 0 0 0 0 0 0
160	2	0 0 1 0 1 0 1 0 0 1 0 0 0 0 1 0
160	29	1 0 0 1 0 0 0 0 1 0 0 0 0 0 0 0
160	6	0 0 1 1 0 0 0 1 1 0 1 0 0 0 0 1
160	18	1 0 1 1 1 0 1 0 0 1 0 1 0 0 1 0
160	13	0 0 1 1 0 0 0 0 0 0 0 1 0 0 1 0
160	10	0 0 0 1 0 0 0 0 0 0 0 0 0 0 1 0
160	2	0 0 1 1 1 0 1 0 0 1 0 0 0 0 1 1
160	4	0 0 1 1 0 0 0 0 1 1 0 0 1 0 1 0
160	17	1 0 1 0 1 0 1 0 0 1 0 0 0 0 1 0
160	5	1 1 1 1 1 0 0 0 1 0 0 0 0 0 0 0
160	4	0 0 1 1 0 0 1 0 0 0 0 0 0 0 0 0
160	7	0 0 0 1 0 0 0 1 1 0 0 0 0 0 1 0
160	30	1 0 0 1 0 0 0 1 1 1 0 0 0 0 0 0
160	24	0 0 1 1 0 0 0 1 1 0 0 0 0 1 0 0
160	5	0 0 1 1 0 0 0 0 0 1 0 1 0 0 0 0
160	4	0 1 1 1 0 0 0 0 0 0 0 0 0 0 1 0
160	5	0 0 1 1 0 0 0 0 1 0 0 1 0 0 0 0
160	2	0 0 1 1 0 0 0 1 1 1 0 1 0 0 1 0
160	2	0 0 0 1 0 0 0 1 1 0 0 1 0 0 0 0
160	2	0 0 1 1 0 0 1 1 1 0 0 1 0 0 0 0
160	1	1 0 0 1 0 0 1 0 0 0 0 0 0 0 1 0
160	2	1 0 1 1 0 0 1 0 1 0 0 0 0 0 0 0
160	1	0 1 1 1 0 0 0 0 0 0 0 0 0 1 1 0
160	1	0 1 1 1 1 0 0 0 1 1 0 0 0 0 1 0
160	14	1 0 0 1 0 0 1 0 1 0 1 0 0 0 0 0
160	4	0 0 1 1 0 0 0 0 1 0 0 0 0 0 0 1
160	4	1 0 1 1 0 0 0 0 0 1 0 0 0 0 1 0
160	1	0 1 1 1 0 0 1 0 0 1 0 1 0 0 1 0
160	3	1 0 1 1 0 1 0 1 1 0 0 0 0 0 0 0
160	3	0 0 1 1 0 0 0 1 1 0 0 1 0 0 1 0
160	7	0 0 1 1 0 1 0 1 1 0 1 0 0 0 1 0
160	1	1 0 1 1 0 0 1 0 0 0 0 0 1 0 0 0
160	3	1 0 1 1 0 0 0 0 0 0 0 0 0 0 0 0
160	4	1 0 0 1 0 0 0 1 1 0 0 0 0 0 0 1
160	7	1 0 1 1 0 1 1 0 0 1 0 0 0 0 1 0
160	2	0 0 1 1 0 0 1 0 0 1 0 1 1 0 1 0
160	1	0 0 1 1 0 0 0 0 1 1 0 0 0 0 0 0
160	24	1 0 1 1 1 0 0 0 0 0 0 0 1 0 0 0
160	4	0 0 1 0 1 0 1 0 0 1 1 0 0 0 1 0
160	3	0 0 1 1 0 0 0 0 1 1 0 0 0 0 1 1
160	10	0 0 1 1 0 0 0 1 1 1 0 0 0 0 0 0
160	1	1 1 1 1 0 0 0 1 1 0 0 0 0 0 0 1
160	1	1 1 0 1 0 0 0 0 0 1 0 1 0 0 1 0
160	6	0 0 1 1 0 0 0 0 1 1 0 0 0 1 1 0
160	1	0 0 1 1 0 0 0 0 1 1 0 1 0 0 1 0
160	4	0 0 1 1 0 0 1 0 1 0 0 0 0 0 0 0
160	5	1 0 1 1 0 0 0 1 1 1 0 0 0 0 1 0
160	5	1 0 0 1 0 0 0 1 1 0 0 0 0 0 1 0
160	1	0 1 1 1 1 0 1 0 0 1 0 0 0 0 1 0
160	3	0 0 1 1 0 1 0 0 0 0 0 0 0 0 1 0
160	3	0 0 1 1 0 0 0 1 0 0 0 0 0 0 0 0
160	4	0 0 1 1 0 1 0 1 1 1 0 0 0 1 1 0
160	1	1 0 1 1 0 0 0 1 0 0 0 0 1 0 0 0
160	2	1 1 1 1 1 0 0 0 1 0 1 0 0 0 0 0
160	2	0 0 1 1 0 0 0 1 1 0 0 0 1 0 0 0
160	1	0 0 1 1 0 0 1 0 0 0 0 0 0 1 1 0
160	2	0 0 0 1 0 0 0 0 1 0 0 0 0 0 0 0
160	1	1 1 0 1 0 0 1 0 1 1 0 0 0 0 1 0
160	2	0 0 1 1 0 0 0 1 0 0 0 0 0 0 1 0
160	2	0 0 1 1 0 1 1 0 0 1 0 1 0 0 0 0
160	2	1 0 1 1 0 0 1 0 0 1 0 1 0 1 1 0
160	1	0 0 1 1 1 0 0 1 1 0 0 0 0 1 0 0
160	4	1 0 1 0 0 0 0 0 0 1 0 0 0 0 1 0
160	2	0 0 1 1 0 1 0 1 1 0 0 0 0 0 0 0
160	1	0 0 1 1 0 0 0 1 1 0 0 1 1 0 1 0
160	3	1 0 1 1 1 0 0 0 1 0 0 1 0 0 1 0
160	2	1 0 1 0 1 0 1 1 0 1 0 0 0 0 1 0
160	1	1 0 0 1 0 0 0 1 1 1 0 0 0 0 0 1
160	1	0 0 0 1 0 0 0 0 0 1 0 1 0 0 0 0
160	1	0 0 1 1 0 0 1 0 0 1 0 1 1 1 1 0
160	2	1 0 1 1 1 1 0 0 0 0 0 0 1 0 0 0
170	4	1 0 1 1 0 0 1 0 0 1 0 0 0 0 1 0
170	10	0 0 1 1 0 0 0 0 0 0 0 0 0 0 1 0
170	57	0 0 1 1 0 0 0 1 1 0 0 0 0 0 0 0
170	10	0 0 1 1 0 0 0 0 0 1 0 0 0 0 1 0
170	20	0 0 1 1 0 0 1 0 0 1 0 1 0 0 1 0
170	27	1 0 1 1 1 0 1 0 0 1 0 0 0 0 1 0
170	56	0 0 1 1 0 0 0 0 1 0 0 0 0 0 0 0
170	2	1 0 0 1 0 0 1 0 1 1 0 0 0 0 1 0
170	14	0 0 1 1 0 0 1 0 1 1 0 0 0 0 1 0
170	6	0 0 1 0 0 0 0 0 0 1 0 0 0 0 1 0
170	30	0 0 1 1 0 0 0 1 1 1 0 0 0 0 1 0
170	17	1 0 0 1 0 0 0 1 1 0 0 0 0 0 0 0
170	3	0 0 1 1 1 0 0 1 1 0 0 0 0 0 0 0
170	3	0 0 1 1 0 0 0 1 1 0 0 0 0 0 1 0
170	6	0 0 1 1 1 0 0 0 1 0 0 1 0 0 1 0
170	54	1 1 1 1 1 0 0 0 1 1 0 0 0 0 1 0
170	8	0 0 1 1 0 0 0 1 1 0 0 1 0 0 0 0
170	5	0 0 1 1 0 0 1 0 0 1 0 0 0 0 0 0
170	16	0 0 1 1 0 0 0 1 0 1 0 0 0 0 0 0
170	11	0 0 1 1 0 0 0 1 1 1 0 0 0 1 1 0
170	7	0 0 1 1 0 0 0 0 1 1 0 0 0 0 1 0
170	78	0 1 1 1 1 0 0 1 1 0 0 0 0 0 0 0
170	44	1 0 1 1 0 0 0 0 0 0 0 0 1 0 0 0
170	1	1 1 1 1 1 0 0 0 1 1 0 0 0 0 1 1
170	2	1 1 0 1 0 0 0 1 1 0 0 0 0 0 0 0
170	10	1 0 1 1 0 0 0 1 1 0 0 0 0 0 0 0
170	19	0 0 1 0 1 0 1 0 0 1 0 0 0 0 1 0
170	34	1 0 0 1 0 0 0 0 1 0 0 0 0 0 0 0
170	2	0 0 1 1 0 0 0 1 1 0 1 0 0 0 0 1
170	11	1 0 1 1 1 0 1 0 0 1 0 1 0 0 1 0
170	1	0 0 1 1 0 0 0 0 0 0 0 1 0 0 1 0
170	6	0 0 0 1 0 0 0 0 0 0 0 0 0 0 1 0
170	3	0 0 1 1 0 0 0 0 1 1 0 0 1 0 1 0
170	20	1 0 1 0 1 0 1 0 0 1 0 0 0 0 1 0
170	16	1 1 1 1 1 0 0 0 1 0 0 0 0 0 0 0
170	6	0 0 0 1 0 0 0 1 1 0 0 0 0 0 1 0
170	17	1 0 0 1 0 0 0 1 1 1 0 0 0 0 0 0
170	34	0 0 1 1 0 0 0 1 1 0 0 0 0 1 0 0
170	10	0 0 1 1 0 0 0 0 1 0 0 1 0 0 0 0
170	5	0 0 1 1 0 0 0 1 1 1 0 1 0 0 1 0
170	22	0 0 1 1 0 0 1 1 1 0 0 1 0 0 0 0
170	6	1 0 0 1 0 0 1 0 1 0 1 0 0 0 0 0
170	4	1 0 1 1 0 0 0 0 0 1 0 0 0 0 1 0
170	15	0 0 1 1 0 1 0 1 1 0 1 0 0 0 1 0
170	5	1 0 0 1 0 0 0 1 1 0 0 0 0 0 0 1
170	2	1 0 1 1 1 0 0 0 0 0 0 0 1 0 0 0
170	2	0 0 1 0 1 0 1 0 0 1 1 0 0 0 1 0
170	21	0 0 1 1 0 0 0 0 1 1 0 0 0 0 1 1
170	12	0 0 1 1 0 0 0 1 1 1 0 0 0 0 0 0
170	10	0 0 1 1 0 0 0 0 1 1 0 1 0 0 1 0
170	4	1 0 1 1 0 0 0 1 1 1 0 0 0 0 1 0
170	6	1 0 0 1 0 0 0 1 1 0 0 0 0 0 1 0
170	19	0 1 1 1 1 0 1 0 0 1 0 0 0 0 1 0
170	5	1 1 1 1 1 0 0 0 1 0 1 0 0 0 0 0
170	21	0 0 0 1 0 0 0 0 1 0 0 0 0 0 0 0
170	3	1 0 1 0 0 0 0 0 0 1 0 0 0 0 1 0
170	1	1 0 1 1 1 0 0 0 1 0 0 1 0 0 1 0
170	1	1 0 1 0 1 0 1 1 0 1 0 0 0 0 1 0
170	6	0 0 1 1 0 0 0 1 1 0 1 0 0 0 1 0
170	14	1 1 1 1 0 1 1 0 0 1 0 0 0 0 1 0
170	5	0 0 1 1 0 0 0 1 1 0 0 1 0 0 0 1
170	1	0 0 0 1 0 0 0 1 1 0 0 0 0 1 0 0
170	3	0 0 1 1 0 0 0 0 1 1 0 1 0 0 0 0
170	7	0 0 1 1 0 1 0 1 1 1 0 0 0 0 0 0
170	2	1 0 0 1 0 0 0 0 1 0 0 0 0 0 0 1
170	1	0 0 1 1 0 0 0 0 0 0 0 0 0 0 0 0
170	8	0 1 1 1 1 0 0 1 1 0 0 0 0 0 1 0
170	2	0 1 1 1 1 0 0 0 1 0 0 0 0 0 0 0
170	7	0 1 1 0 1 0 0 1 1 0 0 0 0 0 0 0
170	3	0 0 0 1 1 0 0 1 1 0 1 0 0 0 0 0
170	3	1 0 1 1 0 0 1 0 1 1 0 0 0 0 1 0
170	2	0 0 1 1 0 0 0 0 0 1 0 0 0 0 0 0
170	3	1 0 1 1 0 0 1 0 0 0 0 0 1 0 0 0
170	6	1 0 0 1 0 0 0 0 1 0 0 0 0 1 0 0
170	3	0 0 1 1 0 0 0 0 0 1 0 1 0 0 1 0
170	9	1 0 1 1 0 0 0 1 0 1 0 0 0 0 0 0
170	2	0 0 1 0 0 0 0 1 1 0 0 0 0 0 0 0
170	3	0 1 1 1 0 0 0 0 1 0 0 0 0 0 0 0
170	6	0 1 1 1 1 1 0 1 1 0 0 0 0 0 0 0
170	2	1 0 0 1 0 1 0 0 1 0 0 0 0 0 0 0
170	4	0 0 1 1 0 0 1 0 1 1 0 0 0 1 0 0
170	4	0 0 0 1 1 0 0 1 1 0 0 0 0 0 0 0
170	1	1 1 0 1 1 0 0 0 1 1 0 0 0 0 1 0
170	2	0 1 0 1 1 0 0 1 1 0 0 0 0 0 0 0
170	1	0 0 1 1 0 0 0 1 1 1 0 1 0 0 0 0
170	8	0 0 0 0 0 0 0 0 1 0 0 0 0 0 0 0
170	3	0 0 1 1 1 0 0 0 1 0 0 0 0 0 0 0
170	4	1 1 1 1 1 0 0 0 1 1 0 0 0 0 0 0
170	2	0 0 0 1 0 0 1 0 1 0 1 0 0 0 0 0
170	3	1 0 1 1 0 0 0 0 0 0 0 0 0 0 1 0
170	3	0 0 1 1 0 0 0 0 1 0 0 0 0 0 1 1
170	1	1 0 1 1 1 0 0 0 1 1 0 1 0 0 1 0
170	3	1 0 1 1 0 1 0 1 1 1 0 0 0 0 0 0
170	3	1 1 1 1 1 0 0 0 0 0 0 0 1 0 0 0
170	1	0 0 1 1 0 0 1 1 1 0 0 0 0 0 0 0
170	1	0 0 1 1 0 0 1 1 1 0 0 1 0 0 0 1
170	2	1 0 0 1 0 0 1 0 0 1 0 1 0 0 1 0
170	1	1 0 1 1 0 0 0 0 0 0 0 0 0 0 0 0
170	2	1 0 0 1 0 0 0 0 1 0 0 0 0 0 1 0
170	1	0 0 1 1 0 0 0 0 1 0 0 0 1 0 0 0
170	2	1 0 1 1 0 0 0 0 0 1 0 0 1 0 0 0
170	4	1 0 1 0 1 0 1 0 0 1 0 0 0 0 1 1
170	1	1 0 1 0 1 0 1 1 0 1 0 1 0 0 1 0
170	1	0 1 1 1 1 0 0 1 1 0 0 0 1 0 1 0
180	3	1 0 1 1 0 0 1 0 0 1 0 0 0 0 1 0
180	71	0 0 1 1 0 0 0 1 1 0 0 0 0 0 0 0
180	3	0 0 1 1 0 0 0 0 0 1 0 0 0 0 1 0
180	24	0 0 1 1 0 0 1 0 0 1 0 1 0 0 1 0
180	28	1 0 1 1 1 0 1 0 0 1 0 0 0 0 1 0
180	72	0 0 1 1 0 0 0 0 1 0 0 0 0 0 0 0
180	6	0 0 1 1 0 0 1 0 1 1 0 0 0 0 1 0
180	40	0 0 1 1 0 0 0 1 1 1 0 0 0 0 1 0
180	32	1 0 0 1 0 0 0 1 1 0 0 0 0 0 0 0
180	6	0 0 1 1 1 0 0 1 1 0 0 0 0 0 0 0
180	6	0 0 1 1 1 0 0 0 1 0 0 1 0 0 1 0
180	46	1 1 1 1 1 0 0 0 1 1 0 0 0 0 1 0
180	5	0 0 1 1 0 0 0 1 1 0 0 1 0 0 0 0
180	9	0 0 1 1 0 0 0 1 0 1 0 0 0 0 0 0
180	6	0 0 1 1 0 0 0 1 1 1 0 0 0 1 1 0
180	12	0 0 1 1 0 0 0 0 1 1 0 0 0 0 1 0
180	89	0 1 1 1 1 0 0 1 1 0 0 0 0 0 0 0
180	37	1 0 1 1 0 0 0 0 0 0 0 0 1 0 0 0
180	1	1 0 1 1 0 0 0 1 1 0 0 0 0 0 0 0
180	5	0 0 1 0 1 0 1 0 0 1 0 0 0 0 1 0
180	4	1 0 0 1 0 0 0 0 1 0 0 0 0 0 0 0
180	2	1 0 1 1 1 0 1 0 0 1 0 1 0 0 1 0
180	5	0 0 0 1 0 0 0 0 0 0 0 0 0 0 1 0
180	14	1 0 1 0 1 0 1 0 0 1 0 0 0 0 1 0
180	7	1 1 1 1 1 0 0 0 1 0 0 0 0 0 0 0
180	7	1 0 0 1 0 0 0 1 1 1 0 0 0 0 0 0
180	15	0 0 1 1 0 0 0 1 1 0 0 0 0 1 0 0
180	10	0 0 1 1 0 0 0 0 1 0 0 1 0 0 0 0
180	1	0 0 1 1 0 0 0 1 1 1 0 1 0 0 1 0
180	25	1 0 0 1 0 0 1 0 1 0 1 0 0 0 0 0
180	3	0 0 1 1 0 1 0 1 1 0 1 0 0 0 1 0
180	7	1 0 1 1 1 0 0 0 0 0 0 0 1 0 0 0
180	20	0 0 1 1 0 0 0 0 1 1 0 0 0 0 1 1
180	9	0 0 1 1 0 0 0 1 1 1 0 0 0 0 0 0
180	8	0 0 1 1 0 0 0 0 1 1 0 1 0 0 1 0
180	10	1 0 0 1 0 0 0 1 1 0 0 0 0 0 1 0
180	25	0 1 1 1 1 0 1 0 0 1 0 0 0 0 1 0
180	35	0 0 0 1 0 0 0 0 1 0 0 0 0 0 0 0
180	3	0 0 1 1 0 0 0 1 1 0 1 0 0 0 1 0
180	3	1 1 1 1 0 1 1 0 0 1 0 0 0 0 1 0
180	3	0 0 1 1 0 0 0 1 1 0 0 1 0 0 0 1
180	5	0 0 1 1 0 0 0 0 1 1 0 1 0 0 0 0
180	13	0 0 1 1 0 1 0 1 1 1 0 0 0 0 0 0
180	11	1 0 0 1 0 0 0 0 1 0 0 0 0 0 0 1
180	2	0 1 1 1 1 0 0 1 1 0 0 0 0 0 1 0
180	4	0 1 1 0 1 0 0 1 1 0 0 0 0 0 0 0
180	4	0 0 0 1 1 0 0 1 1 0 1 0 0 0 0 0
180	3	1 0 1 1 0 0 1 0 1 1 0 0 0 0 1 0
180	4	1 0 0 1 0 0 0 0 1 0 0 0 0 1 0 0
180	25	1 0 1 1 0 0 0 1 0 1 0 0 0 0 0 0
180	6	0 1 1 1 1 1 0 1 1 0 0 0 0 0 0 0
180	3	0 0 0 0 0 0 0 0 1 0 0 0 0 0 0 0
180	5	1 1 1 1 1 0 0 0 1 1 0 0 0 0 0 0
180	6	0 0 0 1 0 0 1 0 1 0 1 0 0 0 0 0
180	1	1 0 1 1 0 0 0 0 0 0 0 0 0 0 1 0
180	2	0 0 1 1 0 0 1 1 1 0 0 0 0 0 0 0
180	9	1 0 1 1 0 0 0 0 0 0 0 0 0 0 0 0
180	7	0 0 1 1 0 0 0 0 1 0 0 0 1 0 0 0
180	8	1 0 1 0 1 0 1 0 0 1 0 0 0 0 1 1
180	12	0 0 1 1 0 1 0 0 1 1 0 0 0 0 1 1
180	6	0 0 1 0 0 0 0 1 1 0 0 1 0 0 0 1
180	8	0 1 1 1 0 0 0 1 1 0 0 0 0 0 0 0
180	14	1 0 0 1 1 0 0 0 1 0 0 0 0 0 0 0
180	7	0 0 1 1 0 1 0 1 1 0 1 1 0 0 1 0
180	4	1 1 1 1 1 0 1 0 0 1 0 0 0 0 1 0
180	3	0 1 1 1 0 1 1 0 0 1 0 0 0 0 1 0
180	7	1 1 1 1 1 1 0 0 1 1 0 0 0 0 0 0
180	2	1 0 1 1 1 0 1 0 0 1 0 0 0 0 0 0
180	3	0 1 1 1 0 0 1 0 0 1 0 1 0 0 1 0
180	1	1 0 1 1 0 0 0 1 1 0 0 0 0 1 0 0
180	5	0 0 1 0 0 0 1 0 0 1 0 1 0 0 1 0
180	4	0 0 0 1 0 0 0 1 1 1 0 0 0 0 0 0
180	1	1 0 1 1 0 0 0 0 1 1 0 0 0 0 1 0
180	4	0 1 1 1 1 0 0 1 1 0 0 1 0 0 0 0
180	3	0 0 0 1 0 0 0 1 0 0 0 0 0 0 1 0
180	3	0 0 1 1 0 0 1 0 1 0 0 0 0 0 0 0
180	5	0 0 1 1 0 0 1 1 1 0 0 1 0 0 1 0
180	4	0 0 0 1 0 0 0 1 1 0 0 0 0 0 0 0
180	7	0 1 1 1 1 0 0 1 1 0 0 0 1 0 0 0
180	2	1 1 1 1 0 1 1 0 1 1 0 0 0 0 1 0
180	4	0 0 0 1 1 0 0 1 1 0 0 1 0 0 0 0
180	2	0 0 1 1 1 0 0 0 1 0 0 0 0 0 0 0
180	1	0 0 1 1 0 0 0 1 0 1 0 0 1 0 0 0
180	6	1 0 0 1 1 0 1 0 0 1 0 0 0 0 1 0
180	1	1 0 0 1 0 0 0 1 1 0 1 1 0 0 1 0
180	2	0 0 1 1 1 0 1 0 0 1 0 0 0 0 1 0
180	5	0 0 1 1 0 1 0 0 1 0 0 0 0 0 0 0
180	2	0 0 1 1 0 0 0 0 1 0 0 0 0 0 0 1
180	1	1 1 1 1 1 0 0 0 1 1 1 0 0 0 1 0
180	2	1 0 1 1 0 0 0 0 0 1 0 0 1 0 0 0
180	2	0 0 0 1 0 0 0 0 1 1 0 0 0 0 1 1
180	3	0 0 1 1 0 0 0 0 1 0 0 1 0 0 1 0
180	4	0 0 1 1 0 1 0 1 1 1 0 1 0 0 0 0
180	1	0 0 1 0 0 0 0 0 0 1 0 1 0 0 1 0
180	1	0 1 1 1 1 0 0 1 0 1 0 0 0 0 1 0
180	2	0 1 1 1 1 0 0 0 0 0 0 0 1 0 0 0
180	1	0 0 1 1 0 0 0 0 0 1 0 0 0 0 0 0
180	2	0 0 1 1 0 0 0 1 1 0 0 0 0 0 0 1
180	1	1 0 1 1 1 0 1 0 0 0 0 0 0 0 1 0
180	1	0 0 1 1 0 0 0 0 0 0 0 0 0 0 0 0
180	2	0 0 1 1 0 0 0 1 1 0 1 1 0 0 0 0
180	1	0 1 1 1 1 0 0 1 1 0 0 0 0 0 1 1
180	3	0 0 0 1 0 0 0 1 0 0 0 0 0 0 0 0
180	1	0 0 1 1 0 0 0 1 1 0 0 0 1 0 0 0
180	2	0 0 1 1 0 0 0 0 0 0 0 0 1 0 0 0
180	1	0 0 1 1 0 0 0 1 0 1 0 0 0 0 1 0
180	2	0 1 1 1 1 0 1 1 1 0 0 0 0 0 0 0
180	1	1 0 1 1 0 1 0 1 1 0 0 0 0 0 0 0
180	1	1 0 1 1 0 0 0 1 0 1 1 0 0 0 0 0
180	2	0 1 1 1 1 0 0 1 1 0 0 1 1 0 0 0
190	86	0 0 1 1 0 0 0 1 1 0 0 0 0 0 0 0
190	4	0 0 1 1 0 0 0 0 0 1 0 0 0 0 1 0
190	17	0 0 1 1 0 0 1 0 0 1 0 1 0 0 1 0
190	28	1 0 1 1 1 0 1 0 0 1 0 0 0 0 1 0
190	74	0 0 1 1 0 0 0 0 1 0 0 0 0 0 0 0
190	3	0 0 1 1 0 0 1 0 1 1 0 0 0 0 1 0
190	25	0 0 1 1 0 0 0 1 1 1 0 0 0 0 1 0
190	39	1 0 0 1 0 0 0 1 1 0 0 0 0 0 0 0
190	9	0 0 1 1 1 0 0 1 1 0 0 0 0 0 0 0
190	38	1 1 1 1 1 0 0 0 1 1 0 0 0 0 1 0
190	2	0 0 1 1 0 0 0 0 1 1 0 0 0 0 1 0
190	127	0 1 1 1 1 0 0 1 1 0 0 0 0 0 0 0
190	21	1 0 1 1 0 0 0 0 0 0 0 0 1 0 0 0
190	6	0 0 1 0 1 0 1 0 0 1 0 0 0 0 1 0
190	16	1 0 1 0 1 0 1 0 0 1 0 0 0 0 1 0
190	8	1 1 1 1 1 0 0 0 1 0 0 0 0 0 0 0
190	3	1 0 0 1 0 0 0 1 1 1 0 0 0 0 0 0
190	7	0 0 1 1 0 0 0 0 1 0 0 1 0 0 0 0
190	24	1 0 0 1 0 0 1 0 1 0 1 0 0 0 0 0
190	3	1 0 1 1 1 0 0 0 0 0 0 0 1 0 0 0
190	10	0 0 1 1 0 0 0 0 1 1 0 0 0 0 1 1
190	3	0 0 1 1 0 0 0 1 1 1 0 0 0 0 0 0
190	11	0 1 1 1 1 0 1 0 0 1 0 0 0 0 1 0
190	17	0 0 0 1 0 0 0 0 1 0 0 0 0 0 0 0
190	1	1 1 1 1 0 1 1 0 0 1 0 0 0 0 1 0
190	1	0 0 1 1 0 0 0 0 1 1 0 1 0 0 0 0
190	10	0 0 1 1 0 1 0 1 1 1 0 0 0 0 0 0
190	4	1 0 0 1 0 0 0 0 1 0 0 0 0 0 0 1
190	19	0 1 1 0 1 0 0 1 1 0 0 0 0 0 0 0
190	23	1 0 1 1 0 0 1 0 1 1 0 0 0 0 1 0
190	34	1 0 1 1 0 0 0 1 0 1 0 0 0 0 0 0
190	5	0 1 1 1 1 1 0 1 1 0 0 0 0 0 0 0
190	1	0 0 0 0 0 0 0 0 1 0 0 0 0 0 0 0
190	4	1 1 1 1 1 0 0 0 1 1 0 0 0 0 0 0
190	6	1 0 1 1 0 0 0 0 0 0 0 0 0 0 0 0
190	2	0 0 1 1 0 0 0 0 1 0 0 0 1 0 0 0
190	4	1 0 1 0 1 0 1 0 0 1 0 0 0 0 1 1
190	10	0 0 1 1 0 1 0 0 1 1 0 0 0 0 1 1
190	5	0 0 1 0 0 0 0 1 1 0 0 1 0 0 0 1
190	9	0 1 1 1 0 0 0 1 1 0 0 0 0 0 0 0
190	25	1 0 0 1 1 0 0 0 1 0 0 0 0 0 0 0
190	2	1 1 1 1 1 0 1 0 0 1 0 0 0 0 1 0
190	18	1 1 1 1 1 1 0 0 1 1 0 0 0 0 0 0
190	6	0 0 1 0 0 0 1 0 0 1 0 1 0 0 1 0
190	2	0 0 0 1 0 0 0 1 1 1 0 0 0 0 0 0
190	3	0 0 0 1 0 0 0 1 0 0 0 0 0 0 1 0
190	10	0 0 1 1 0 0 1 0 1 0 0 0 0 0 0 0
190	6	0 0 0 1 0 0 0 1 1 0 0 0 0 0 0 0
190	13	0 1 1 1 1 0 0 1 1 0 0 0 1 0 0 0
190	7	0 0 1 1 0 0 0 1 0 1 0 0 1 0 0 0
190	2	0 0 1 1 0 1 0 0 1 0 0 0 0 0 0 0
190	5	0 0 0 1 0 0 0 0 1 1 0 0 0 0 1 1
190	10	0 0 1 1 0 0 0 0 1 0 0 1 0 0 1 0
190	3	0 0 1 1 0 1 0 1 1 1 0 1 0 0 0 0
190	2	0 1 1 1 1 0 0 0 0 0 0 0 1 0 0 0
190	11	0 0 1 1 0 0 0 0 0 1 0 0 0 0 0 0
190	20	0 1 1 1 1 0 0 1 0 0 0 0 0 0 0 0
190	1	0 0 1 1 0 0 1 0 1 1 0 1 0 0 0 0
190	3	0 1 1 1 0 0 0 1 0 1 0 0 0 0 0 0
190	6	1 0 0 1 0 0 0 1 1 1 0 1 0 0 0 0
190	5	0 0 1 1 0 0 1 0 1 1 0 1 1 0 0 0
190	3	0 1 1 1 0 0 0 0 1 0 0 0 0 0 0 0
190	5	0 0 1 1 0 1 0 1 0 1 0 0 0 0 0 0
190	5	1 0 0 1 0 0 1 0 1 0 1 0 0 0 1 0
190	6	0 0 0 1 0 0 0 0 1 1 0 0 0 0 1 0
190	1	1 0 0 1 0 0 0 1 1 1 0 0 0 0 0 1
190	4	0 0 1 0 0 0 0 0 1 0 0 1 0 0 0 0
190	1	1 0 0 0 0 0 0 1 1 0 0 0 0 0 1 0
190	3	0 1 1 0 1 0 0 1 0 0 0 0 0 0 0 0
190	10	1 0 1 1 0 0 0 0 0 0 0 0 0 0 1 0
190	1	1 0 1 1 0 1 1 0 0 1 0 0 0 0 1 0
190	1	1 0 1 0 1 0 1 0 1 1 0 0 0 0 1 0
190	3	1 1 0 1 0 0 0 1 1 0 0 0 0 0 0 0
190	1	0 1 1 1 0 0 0 1 1 1 0 0 0 0 1 0
190	1	0 0 1 1 0 0 1 0 0 1 0 0 0 0 1 1
190	1	0 1 1 1 1 0 0 1 1 1 0 0 0 0 0 0
190	4	0 0 1 0 0 0 0 1 1 0 0 0 0 0 0 0
190	4	1 0 1 1 1 1 1 0 0 1 0 0 0 0 1 0
190	7	0 1 1 1 1 0 0 1 1 0 0 1 1 0 0 0
190	1	0 0 1 1 0 1 0 1 0 1 0 1 0 0 0 0
190	6	0 0 1 1 0 0 0 0 1 0 0 0 0 0 1 1
190	3	0 0 1 1 0 0 1 1 1 0 0 0 0 0 0 0
190	3	0 1 1 1 1 0 0 1 0 0 0 0 1 0 0 0
190	1	0 1 1 1 0 0 0 0 1 0 0 1 0 0 0 0
190	5	1 0 0 0 0 0 0 0 1 0 0 0 0 1 1 0
190	1	0 0 1 1 1 0 0 0 1 1 0 0 0 0 1 0
190	2	0 0 1 1 0 1 0 1 1 0 0 0 1 0 0 0
190	1	1 1 1 1 1 0 0 1 1 1 0 0 0 0 0 0
190	1	1 0 1 0 1 0 0 1 0 1 0 0 1 0 0 0
190	1	0 1 1 1 1 0 0 0 0 1 0 0 0 0 1 1
190	2	0 0 1 1 0 1 0 1 1 0 0 0 0 0 0 0
190	1	0 0 1 1 0 0 0 1 1 0 0 0 0 0 1 0
190	1	0 0 1 1 1 0 1 0 0 1 0 1 0 0 1 0
190	2	0 0 1 1 0 0 1 1 0 1 0 1 0 0 1 0
190	1	0 1 1 1 1 0 0 0 1 0 0 0 0 0 0 0
190	2	0 1 1 1 1 0 0 1 1 0 1 0 0 0 0 0
190	3	0 0 1 1 0 0 1 0 1 0 0 1 0 0 0 0
190	1	0 0 1 1 1 0 0 0 1 0 0 0 1 0 0 0
190	1	0 0 1 0 0 0 0 1 1 1 0 1 0 0 0 1
190	4	0 0 0 1 0 0 0 1 0 0 0 0 0 0 0 0
190	3	0 1 0 1 1 0 0 1 1 0 0 0 1 0 0 0
190	1	0 0 1 1 0 0 0 1 1 0 1 0 0 0 0 0
190	1	0 0 1 1 0 0 0 0 1 0 0 0 0 0 1 0
190	2	0 0 1 1 0 0 0 0 1 1 0 0 0 0 0 0
190	2	1 1 1 1 1 0 0 0 0 1 0 0 0 0 1 0
190	3	1 1 0 1 1 0 0 0 1 1 0 0 0 0 1 0
190	1	0 1 1 1 1 0 0 1 1 0 0 0 0 1 0 0
190	1	1 0 1 1 0 0 1 0 1 1 0 1 0 0 1 0
190	1	1 0 1 1 0 1 0 1 0 1 0 0 0 0 0 0
190	2	0 0 0 1 0 0 0 0 1 1 1 0 0 0 1 0
200	66	0 0 1 1 0 0 0 1 1 0 0 0 0 0 0 0
200	3	0 0 1 1 0 0 0 0 0 1 0 0 0 0 1 0
200	3	0 0 1 1 0 0 1 0 0 1 0 1 0 0 1 0
200	52	1 0 1 1 1 0 1 0 0 1 0 0 0 0 1 0
200	95	0 0 1 1 0 0 0 0 1 0 0 0 0 0 0 0
200	21	0 0 1 1 0 0 0 1 1 1 0 0 0 0 1 0
200	12	1 0 0 1 0 0 0 1 1 0 0 0 0 0 0 0
200	5	0 0 1 1 1 0 0 1 1 0 0 0 0 0 0 0
200	52	1 1 1 1 1 0 0 0 1 1 0 0 0 0 1 0
200	167	0 1 1 1 1 0 0 1 1 0 0 0 0 0 0 0
200	8	1 0 1 1 0 0 0 0 0 0 0 0 1 0 0 0
200	9	1 0 1 0 1 0 1 0 0 1 0 0 0 0 1 0
200	29	1 1 1 1 1 0 0 0 1 0 0 0 0 0 0 0
200	3	0 0 1 1 0 0 0 0 1 0 0 1 0 0 0 0
200	6	1 0 0 1 0 0 1 0 1 0 1 0 0 0 0 0
200	16	0 1 1 1 1 0 1 0 0 1 0 0 0 0 1 0
200	8	0 0 0 1 0 0 0 0 1 0 0 0 0 0 0 0
200	5	0 0 1 1 0 1 0 1 1 1 0 0 0 0 0 0
200	9	0 1 1 0 1 0 0 1 1 0 0 0 0 0 0 0
200	3	1 0 1 1 0 0 0 1 0 1 0 0 0 0 0 0
200	25	1 1 1 1 1 0 0 0 1 1 0 0 0 0 0 0
200	4	1 0 1 1 0 0 0 0 0 0 0 0 0 0 0 0
200	4	1 0 1 0 1 0 1 0 0 1 0 0 0 0 1 1
200	3	0 0 1 1 0 1 0 0 1 1 0 0 0 0 1 1
200	16	0 0 1 0 0 0 0 1 1 0 0 1 0 0 0 1
200	6	0 1 1 1 0 0 0 1 1 0 0 0 0 0 0 0
200	16	1 0 0 1 1 0 0 0 1 0 0 0 0 0 0 0
200	7	1 1 1 1 1 0 1 0 0 1 0 0 0 0 1 0
200	20	1 1 1 1 1 1 0 0 1 1 0 0 0 0 0 0
200	1	0 0 0 1 0 0 0 1 1 0 0 0 0 0 0 0
200	21	0 1 1 1 1 0 0 1 1 0 0 0 1 0 0 0
200	3	0 1 1 1 1 0 0 0 0 0 0 0 1 0 0 0
200	29	0 0 1 1 0 0 0 0 0 1 0 0 0 0 0 0
200	31	0 1 1 1 1 0 0 1 0 0 0 0 0 0 0 0
200	1	0 0 1 1 0 1 0 1 0 1 0 0 0 0 0 0
200	3	0 0 0 1 0 0 0 0 1 1 0 0 0 0 1 0
200	5	0 0 1 0 0 0 0 0 1 0 0 1 0 0 0 0
200	8	1 0 1 1 0 0 0 0 0 0 0 0 0 0 1 0
200	4	0 0 1 0 0 0 0 1 1 0 0 0 0 0 0 0
200	1	1 0 1 1 1 1 1 0 0 1 0 0 0 0 1 0
200	10	0 1 1 1 1 0 0 1 1 0 0 1 1 0 0 0
200	10	0 1 1 1 1 0 0 1 0 0 0 0 1 0 0 0
200	3	0 1 1 1 1 0 0 0 0 1 0 0 0 0 1 1
200	15	0 0 1 1 0 1 0 1 1 0 0 0 0 0 0 0
200	2	0 0 1 1 1 0 1 0 0 1 0 1 0 0 1 0
200	2	0 0 1 1 0 0 1 0 1 0 0 1 0 0 0 0
200	2	0 1 0 1 1 0 0 1 1 0 0 0 1 0 0 0
200	10	0 0 1 1 0 0 0 1 1 0 1 0 0 0 0 0
200	4	0 0 1 1 0 0 0 0 1 1 0 0 0 0 0 0
200	1	0 0 0 1 0 0 0 0 1 1 1 0 0 0 1 0
200	1	0 1 1 1 1 0 0 1 1 0 0 0 0 0 0 1
200	5	1 0 0 1 1 0 0 0 1 0 0 1 0 0 0 0
200	10	0 1 1 1 1 0 0 1 0 0 1 0 0 0 0 0
200	2	1 0 1 1 1 0 1 0 1 1 0 0 0 0 1 0
200	2	0 0 1 1 0 1 0 0 1 1 0 0 0 0 1 0
200	3	0 0 1 1 0 0 1 0 1 0 0 0 0 0 1 1
200	3	1 1 1 1 0 0 0 0 0 0 0 0 1 0 0 0
200	4	0 0 1 0 1 0 0 1 1 0 0 0 0 0 0 0
200	2	0 1 1 1 1 0 0 1 0 0 0 1 0 0 0 0
200	4	1 0 0 1 0 0 0 1 1 0 0 0 1 0 0 0
200	5	1 1 1 1 1 1 0 0 0 1 0 1 0 0 1 0
200	1	1 1 1 1 0 0 0 1 1 0 0 0 0 0 0 0
200	1	0 0 1 1 0 0 0 0 1 0 0 1 1 0 0 0
200	3	0 1 1 1 1 0 0 0 1 0 0 0 0 0 0 0
200	5	0 0 1 1 0 0 0 1 1 0 0 0 0 0 1 0
200	1	0 0 1 1 0 0 0 1 0 1 0 0 0 0 1 0
200	1	0 0 1 1 0 1 0 0 1 1 0 0 0 0 0 1
200	3	1 0 1 1 1 1 0 1 1 1 0 0 0 0 0 0
200	4	1 0 0 1 0 1 0 0 1 1 0 0 0 0 1 1
200	3	1 1 1 1 0 0 0 0 1 0 0 0 0 0 0 0
200	6	1 1 1 1 1 0 0 0 1 1 0 0 1 0 1 0
200	1	1 0 1 0 1 0 1 0 0 1 1 0 0 0 1 0
200	1	1 1 1 1 1 1 0 0 1 0 0 0 0 0 0 0
200	4	1 0 0 0 0 0 0 1 1 0 0 1 0 0 1 0
200	9	0 0 1 1 0 1 0 1 1 1 0 0 0 0 1 1
200	2	0 0 1 1 0 1 0 0 1 1 0 0 0 0 0 0
200	4	0 0 1 1 0 0 0 0 1 0 0 0 0 1 0 0
200	5	0 1 1 1 1 0 0 1 1 0 0 1 0 0 0 0
200	9	1 1 1 1 1 0 0 1 1 0 0 0 0 0 0 0
200	5	1 0 0 1 0 0 1 0 1 0 0 0 0 0 0 0
200	1	1 0 1 1 0 0 0 0 0 0 0 0 0 0 1 1
200	1	1 0 1 1 1 0 1 0 0 1 0 0 0 0 0 0
200	2	0 1 1 1 1 0 0 0 1 1 0 0 0 0 0 0
200	2	1 1 1 1 0 0 0 1 1 0 0 0 0 0 1 0
200	1	0 1 1 1 1 0 0 1 1 1 0 0 0 0 0 0
200	4	1 0 1 0 1 0 1 0 1 1 0 0 0 0 1 1
200	6	1 1 0 1 1 1 0 0 1 1 0 0 0 0 0 0
200	1	1 0 1 1 1 0 0 1 1 0 0 0 0 0 0 0
200	1	0 0 1 1 1 0 0 1 1 1 0 0 0 0 0 0
200	1	0 1 1 1 0 0 0 0 0 1 0 0 0 0 0 0
200	1	1 0 0 1 1 0 1 0 0 1 0 0 0 0 1 1
200	1	1 1 1 1 1 1 0 1 1 0 0 0 0 0 0 0
200	1	0 0 1 1 0 0 1 0 1 1 0 0 0 0 0 0
200	2	1 0 1 1 1 0 1 1 0 1 0 0 0 0 1 0
200	1	0 0 0 1 0 0 0 0 0 0 0 0 0 0 0 0
200	3	1 1 1 1 1 0 1 0 0 1 0 0 0 0 0 0
200	7	0 0 1 0 0 0 0 1 0 0 0 0 0 0 0 0
200	1	0 0 1 1 0 1 0 0 1 0 0 0 0 0 0 0
200	3	1 0 0 0 0 0 0 1 1 0 0 1 0 1 1 0
200	1	1 0 1 1 1 0 1 0 1 0 0 0 0 0 0 0
200	1	1 1 1 1 0 0 0 0 1 1 0 0 0 0 1 0
200	2	1 1 1 1 1 0 0 0 0 1 0 0 0 0 1 0
200	2	0 1 1 1 1 0 1 0 0 1 0 0 1 0 1 0
200	1	1 1 1 1 1 0 0 0 1 1 0 0 0 0 0 1
200	1	1 1 1 1 1 0 1 0 0 1 1 0 0 0 1 0
200	1	1 0 1 1 0 0 0 0 0 1 0 0 0 0 0 0
200	1	0 1 1 1 0 0 0 1 0 0 0 0 0 0 0 0
200	2	0 0 1 1 1 0 0 1 0 0 0 0 0 0 0 0
210	52	0 0 1 1 0 0 0 1 1 0 0 0 0 0 0 0
210	25	0 0 1 1 0 0 0 0 0 1 0 0 0 0 1 0
210	21	1 0 1 1 1 0 1 0 0 1 0 0 0 0 1 0
210	57	0 0 1 1 0 0 0 0 1 0 0 0 0 0 0 0
210	34	0 0 1 1 0 0 0 1 1 1 0 0 0 0 1 0
210	3	1 0 0 1 0 0 0 1 1 0 0 0 0 0 0 0
210	67	1 1 1 1 1 0 0 0 1 1 0 0 0 0 1 0
210	153	0 1 1 1 1 0 0 1 1 0 0 0 0 0 0 0
210	1	1 0 1 1 0 0 0 0 0 0 0 0 1 0 0 0
210	1	1 0 1 0 1 0 1 0 0 1 0 0 0 0 1 0
210	5	1 1 1 1 1 0 0 0 1 0 0 0 0 0 0 0
210	2	0 0 1 1 0 0 0 0 1 0 0 1 0 0 0 0
210	17	0 0 1 1 0 1 0 1 1 1 0 0 0 0 0 0
210	17	1 1 1 1 1 0 0 0 1 1 0 0 0 0 0 0
210	7	0 0 1 0 0 0 0 1 1 0 0 1 0 0 0 1
210	1	0 1 1 1 0 0 0 1 1 0 0 0 0 0 0 0
210	3	1 0 0 1 1 0 0 0 1 0 0 0 0 0 0 0
210	24	1 1 1 1 1 1 0 0 1 1 0 0 0 0 0 0
210	16	0 1 1 1 1 0 0 1 1 0 0 0 1 0 0 0
210	28	0 0 1 1 0 0 0 0 0 1 0 0 0 0 0 0
210	65	0 1 1 1 1 0 0 1 0 0 0 0 0 0 0 0
210	3	0 1 1 1 1 0 0 1 1 0 0 1 1 0 0 0
210	11	0 0 1 1 0 1 0 1 1 0 0 0 0 0 0 0
210	18	0 0 1 1 0 0 0 1 1 0 1 0 0 0 0 0
210	7	0 0 1 1 0 0 0 0 1 1 0 0 0 0 0 0
210	6	0 0 0 1 0 0 0 0 1 1 1 0 0 0 1 0
210	3	1 0 0 1 1 0 0 0 1 0 0 1 0 0 0 0
210	12	0 1 1 1 1 0 0 1 0 0 1 0 0 0 0 0
210	11	1 0 1 1 1 0 1 0 1 1 0 0 0 0 1 0
210	1	0 0 1 1 0 0 1 0 1 0 0 0 0 0 1 1
210	4	0 0 1 1 0 0 0 0 1 0 0 1 1 0 0 0
210	9	0 1 1 1 1 0 0 0 1 0 0 0 0 0 0 0
210	8	0 0 1 1 0 0 0 1 1 0 0 0 0 0 1 0
210	1	0 0 1 1 0 1 0 0 1 1 0 0 0 0 0 1
210	5	1 0 0 1 0 1 0 0 1 1 0 0 0 0 1 1
210	1	1 1 1 1 1 0 0 0 1 1 0 0 1 0 1 0
210	2	1 1 1 1 1 1 0 0 1 0 0 0 0 0 0 0
210	10	0 0 1 1 0 1 0 1 1 1 0 0 0 0 1 1
210	20	1 1 1 1 1 0 0 1 1 0 0 0 0 0 0 0
210	3	0 1 1 1 1 0 0 0 1 1 0 0 0 0 0 0
210	30	1 1 0 1 1 1 0 0 1 1 0 0 0 0 0 0
210	4	0 0 1 1 1 0 0 1 1 1 0 0 0 0 0 0
210	2	1 1 1 1 1 0 1 0 0 1 0 0 0 0 0 0
210	10	0 0 1 0 0 0 0 1 0 0 0 0 0 0 0 0
210	3	0 0 1 1 0 1 0 0 1 0 0 0 0 0 0 0
210	2	0 0 1 1 1 0 0 1 0 0 0 0 0 0 0 0
210	13	0 1 0 1 1 1 0 0 1 1 0 0 0 0 0 0
210	1	0 0 1 0 0 0 0 1 1 0 1 0 0 0 0 0
210	6	0 0 0 1 0 1 0 1 1 0 0 0 0 0 0 0
210	8	0 1 1 1 1 0 0 0 1 1 0 0 0 0 1 0
210	6	0 0 1 1 1 0 0 1 1 0 0 0 0 0 0 0
210	4	0 0 1 0 0 0 0 1 0 0 0 1 0 0 0 1
210	4	0 1 1 1 1 0 0 1 0 0 0 0 0 1 0 0
210	2	0 0 1 1 0 0 1 0 0 1 0 0 0 0 1 0
210	1	0 1 1 1 1 0 0 0 0 1 0 0 0 0 0 0
210	7	0 0 0 1 0 0 0 1 1 0 0 0 0 0 0 0
210	7	1 0 1 1 1 1 0 0 1 1 0 0 0 0 0 0
210	13	1 0 1 1 0 0 0 1 1 1 0 0 0 0 1 0
210	7	0 0 1 1 0 1 0 1 0 1 0 0 0 0 1 0
210	2	1 0 1 1 0 0 0 0 1 1 0 0 0 0 1 0
210	13	0 1 1 1 1 0 0 1 0 0 1 1 0 0 0 0
210	6	0 1 1 1 1 0 0 1 1 1 0 0 0 0 0 0
210	1	1 1 1 1 1 0 0 0 1 0 0 0 1 0 0 0
210	5	0 1 1 1 1 1 1 0 0 1 0 0 0 0 1 0
210	1	0 0 1 1 0 0 0 1 1 0 0 1 0 0 0 0
210	8	1 1 1 1 1 0 0 1 0 0 0 0 0 0 0 0
210	3	0 0 1 1 1 0 0 1 0 0 0 0 0 1 0 0
210	2	1 0 1 1 1 0 0 0 0 1 0 0 0 0 1 0
210	1	1 0 1 1 1 0 1 0 0 1 1 0 0 0 1 0
210	3	1 0 1 1 1 1 1 0 0 1 0 0 0 0 1 0
210	2	0 1 1 0 0 0 0 1 1 0 0 0 0 0 0 0
210	2	0 0 1 0 0 1 0 1 1 0 0 0 0 0 0 0
210	5	1 1 1 1 1 1 0 1 1 0 0 0 0 0 0 0
210	4	0 1 1 1 1 0 0 0 0 1 0 0 0 1 0 0
210	1	1 0 1 1 1 0 1 1 0 0 0 0 0 0 0 0
210	3	1 0 1 1 1 0 0 1 1 0 0 0 0 0 0 0
210	3	1 1 0 1 0 0 0 1 1 0 1 0 0 0 0 0
210	2	1 0 1 1 1 0 1 0 0 0 0 0 0 0 1 0
210	2	1 0 0 1 1 0 0 0 1 0 0 1 0 0 0 1
210	1	0 1 1 1 1 0 1 1 0 0 1 0 0 0 0 0
210	1	1 0 1 1 1 0 1 0 1 0 0 0 1 0 0 0
210	3	0 0 1 1 1 0 1 0 0 1 0 0 0 0 0 0
210	2	0 0 1 1 0 0 0 0 0 0 1 0 0 0 0 0
210	2	1 1 1 1 0 0 0 1 1 0 0 0 0 0 1 0
210	2	0 0 1 1 0 1 0 0 1 0 0 1 0 0 0 0
210	2	1 1 1 1 1 0 0 1 1 1 0 0 0 0 1 0
210	1	1 0 1 1 1 0 0 0 1 1 0 0 0 0 1 0
210	5	1 1 1 1 1 0 0 0 1 1 0 1 0 0 1 0
210	1	1 1 1 1 0 0 0 0 1 1 0 0 0 0 1 0
210	1	0 0 1 1 1 1 0 1 1 1 0 0 0 0 0 0
210	2	0 0 1 1 0 0 1 0 1 0 0 1 0 0 0 1
210	6	0 0 1 1 0 0 1 1 1 0 1 0 0 0 0 0
210	3	0 0 1 1 0 1 1 1 1 1 0 0 0 0 1 1
210	1	1 0 1 0 0 0 0 1 0 0 0 0 0 0 0 0
210	5	0 1 0 1 0 1 0 0 1 1 0 0 0 0 0 0
210	1	0 0 0 1 0 1 0 1 1 0 0 0 0 0 1 0
210	1	0 0 1 1 0 0 0 1 1 0 0 1 1 0 0 0
210	1	1 0 1 1 1 0 1 0 0 1 0 0 0 0 0 0
210	1	0 0 1 1 0 0 0 0 1 1 0 0 0 0 1 0
210	2	1 1 1 1 1 1 1 0 0 1 0 0 0 0 1 0
210	3	0 1 1 1 1 0 0 1 1 0 0 0 0 0 1 1
210	3	0 0 1 1 0 0 0 0 0 1 0 1 0 0 0 0
210	3	1 1 0 1 1 1 0 0 1 0 0 0 1 0 0 0
210	1	0 1 1 1 0 0 0 0 1 0 0 0 0 0 0 0
210	1	1 1 1 1 1 0 0 0 1 1 0 0 0 0 1 1
210	4	0 1 1 1 1 0 0 1 0 0 0 1 0 0 0 0
210	1	1 1 1 1 1 0 0 1 0 0 1 0 0 0 0 0
210	1	1 0 1 1 1 0 1 0 1 0 0 0 0 0 1 0
210	4	0 0 1 0 0 0 0 1 0 0 0 0 0 1 0 0
210	1	0 0 1 1 1 0 0 1 1 1 0 0 0 0 1 1
210	1	1 1 1 0 1 1 0 1 1 0 0 0 0 0 0 0
220	4	0 0 1 1 0 0 0 1 1 0 0 0 0 0 0 0
220	10	0 0 1 1 0 0 0 0 0 1 0 0 0 0 1 0
220	14	1 0 1 1 1 0 1 0 0 1 0 0 0 0 1 0
220	42	0 0 1 1 0 0 0 0 1 0 0 0 0 0 0 0
220	33	0 0 1 1 0 0 0 1 1 1 0 0 0 0 1 0
220	8	1 0 0 1 0 0 0 1 1 0 0 0 0 0 0 0
220	104	1 1 1 1 1 0 0 0 1 1 0 0 0 0 1 0
220	121	0 1 1 1 1 0 0 1 1 0 0 0 0 0 0 0
220	13	1 1 1 1 1 0 0 0 1 0 0 0 0 0 0 0
220	4	0 0 1 1 0 0 0 0 1 0 0 1 0 0 0 0
220	20	1 1 1 1 1 0 0 0 1 1 0 0 0 0 0 0
220	1	0 1 1 1 0 0 0 1 1 0 0 0 0 0 0 0
220	10	1 1 1 1 1 1 0 0 1 1 0 0 0 0 0 0
220	10	0 1 1 1 1 0 0 1 1 0 0 0 1 0 0 0
220	70	0 0 1 1 0 0 0 0 0 1 0 0 0 0 0 0
220	103	0 1 1 1 1 0 0 1 0 0 0 0 0 0 0 0
220	3	0 0 1 1 0 1 0 1 1 0 0 0 0 0 0 0
220	8	0 0 1 1 0 0 0 1 1 0 1 0 0 0 0 0
220	3	0 0 0 1 0 0 0 0 1 1 1 0 0 0 1 0
220	24	0 1 1 1 1 0 0 1 0 0 1 0 0 0 0 0
220	3	1 0 1 1 1 0 1 0 1 1 0 0 0 0 1 0
220	19	0 1 1 1 1 0 0 0 1 0 0 0 0 0 0 0
220	10	0 0 1 1 0 0 0 1 1 0 0 0 0 0 1 0
220	3	1 1 1 1 1 1 0 0 1 0 0 0 0 0 0 0
220	8	1 1 1 1 1 0 0 1 1 0 0 0 0 0 0 0
220	5	0 1 1 1 1 0 0 0 1 1 0 0 0 0 0 0
220	39	1 1 0 1 1 1 0 0 1 1 0 0 0 0 0 0
220	12	0 0 1 1 1 0 0 1 1 1 0 0 0 0 0 0
220	7	0 0 1 1 1 0 0 1 0 0 0 0 0 0 0 0
220	6	0 1 0 1 1 1 0 0 1 1 0 0 0 0 0 0
220	7	0 0 0 1 0 1 0 1 1 0 0 0 0 0 0 0
220	10	0 1 1 1 1 0 0 0 1 1 0 0 0 0 1 0
220	8	0 0 1 1 1 0 0 1 1 0 0 0 0 0 0 0
220	4	0 1 1 1 1 0 0 1 0 0 0 0 0 1 0 0
220	7	1 0 1 1 1 1 0 0 1 1 0 0 0 0 0 0
220	7	1 0 1 1 0 0 0 1 1 1 0 0 0 0 1 0
220	4	1 0 1 1 0 0 0 0 1 1 0 0 0 0 1 0
220	3	0 1 1 1 1 1 1 0 0 1 0 0 0 0 1 0
220	35	1 1 1 1 1 0 0 1 0 0 0 0 0 0 0 0
220	11	0 1 1 0 0 0 0 1 1 0 0 0 0 0 0 0
220	2	0 0 1 0 0 1 0 1 1 0 0 0 0 0 0 0
220	2	1 1 1 1 1 1 0 1 1 0 0 0 0 0 0 0
220	7	1 0 1 1 1 0 0 1 1 0 0 0 0 0 0 0
220	3	0 0 1 1 0 1 0 0 1 0 0 1 0 0 0 0
220	3	0 0 1 1 0 0 1 0 1 0 0 1 0 0 0 1
220	8	0 0 1 1 0 1 1 1 1 1 0 0 0 0 1 1
220	5	0 1 0 1 0 1 0 0 1 1 0 0 0 0 0 0
220	5	1 1 0 1 1 1 0 0 1 0 0 0 1 0 0 0
220	7	0 1 1 1 0 0 0 0 1 0 0 0 0 0 0 0
220	2	0 0 1 1 1 0 0 1 1 1 0 0 0 0 1 1
220	2	0 1 1 1 1 0 0 1 1 0 0 1 0 0 0 0
220	1	0 1 1 1 1 0 0 1 1 0 0 0 0 0 0 1
220	13	1 1 1 1 1 1 0 0 1 1 1 0 0 0 0 0
220	1	0 1 1 1 1 0 0 1 0 0 0 0 0 0 0 1
220	3	0 0 1 1 0 0 0 1 1 0 0 0 1 0 0 0
220	11	1 0 1 1 1 0 0 0 1 1 0 0 0 0 1 0
220	9	0 1 1 1 1 0 0 1 1 0 0 0 0 0 1 0
220	1	0 0 1 1 0 0 0 1 1 0 0 0 0 0 0 1
220	12	0 1 1 1 1 0 0 1 1 0 0 0 0 0 1 1
220	6	1 0 1 1 0 0 0 0 1 1 0 0 0 0 0 0
220	24	1 1 1 1 1 0 0 0 1 1 1 0 0 0 0 0
220	1	0 1 1 1 1 0 0 0 0 0 0 0 0 0 0 0
220	11	0 1 1 1 1 0 0 0 1 1 0 0 0 1 1 0
220	3	0 0 1 0 0 0 0 1 1 0 0 1 0 0 0 0
220	4	0 1 1 1 1 0 0 0 0 1 0 0 0 0 1 0
220	2	0 0 1 1 0 0 0 0 0 1 0 0 1 0 0 0
220	2	0 1 0 1 1 0 0 1 0 0 1 0 0 0 0 0
220	3	0 0 1 0 0 1 1 1 1 0 0 0 0 0 0 0
220	2	0 0 1 1 0 0 0 1 0 0 0 0 0 0 0 0
220	1	0 0 1 1 1 0 0 0 1 1 0 0 0 0 1 0
220	4	1 1 0 1 1 1 0 0 0 0 0 0 1 0 0 0
220	1	0 0 1 1 0 0 0 0 0 1 0 0 0 1 0 0
220	2	0 0 1 1 0 0 0 1 0 1 0 0 0 0 0 0
220	1	1 1 0 1 1 0 0 0 1 1 0 0 0 0 1 0
220	4	0 1 1 1 1 0 0 1 1 0 1 0 0 0 0 0
220	4	0 0 1 1 0 0 0 0 0 0 0 1 0 0 0 0
220	1	0 1 1 1 1 0 0 1 0 1 1 0 0 0 0 0
220	1	1 1 0 1 1 1 0 0 0 1 0 0 0 0 0 0
220	3	1 1 0 1 1 1 0 0 1 1 0 0 1 0 0 0
220	1	0 1 1 1 1 0 0 1 0 0 0 0 0 0 1 1
220	1	0 0 1 1 0 1 0 1 1 1 0 0 0 0 1 0
220	2	1 1 0 1 1 1 0 1 1 0 0 0 0 0 0 0
220	2	1 1 1 1 1 0 0 0 1 1 0 0 0 0 1 1
220	1	0 1 1 1 1 0 0 1 0 0 0 1 0 0 0 0
220	1	0 1 1 1 1 0 0 0 1 0 0 0 1 0 0 0
220	1	0 1 0 1 1 0 0 1 1 0 0 0 0 0 0 1
220	1	0 1 1 1 1 0 1 1 1 0 0 0 0 0 1 1
230	7	1 0 1 1 1 0 1 0 0 1 0 0 0 0 1 0
230	20	0 0 1 1 0 0 0 0 1 0 0 0 0 0 0 0
230	8	0 0 1 1 0 0 0 1 1 1 0 0 0 0 1 0
230	91	1 1 1 1 1 0 0 0 1 1 0 0 0 0 1 0
230	161	0 1 1 1 1 0 0 1 1 0 0 0 0 0 0 0
230	11	1 1 1 1 1 0 0 0 1 0 0 0 0 0 0 0
230	1	0 0 1 1 0 0 0 0 1 0 0 1 0 0 0 0
230	41	1 1 1 1 1 0 0 0 1 1 0 0 0 0 0 0
230	3	0 1 1 1 0 0 0 1 1 0 0 0 0 0 0 0
230	19	1 1 1 1 1 1 0 0 1 1 0 0 0 0 0 0
230	17	0 1 1 1 1 0 0 1 1 0 0 0 1 0 0 0
230	32	0 0 1 1 0 0 0 0 0 1 0 0 0 0 0 0
230	49	0 1 1 1 1 0 0 1 0 0 0 0 0 0 0 0
230	2	0 0 1 1 0 1 0 1 1 0 0 0 0 0 0 0
230	9	0 0 1 1 0 0 0 1 1 0 1 0 0 0 0 0
230	4	0 0 0 1 0 0 0 0 1 1 1 0 0 0 1 0
230	6	0 1 1 1 1 0 0 1 0 0 1 0 0 0 0 0
230	10	0 1 1 1 1 0 0 0 1 0 0 0 0 0 0 0
230	3	0 0 1 1 0 0 0 1 1 0 0 0 0 0 1 0
230	4	0 1 1 1 1 0 0 0 1 1 0 0 0 0 0 0
230	31	1 1 0 1 1 1 0 0 1 1 0 0 0 0 0 0
230	2	0 0 1 1 1 0 0 1 1 1 0 0 0 0 0 0
230	25	0 0 1 1 1 0 0 1 0 0 0 0 0 0 0 0
230	2	0 0 0 1 0 1 0 1 1 0 0 0 0 0 0 0
230	4	0 1 1 1 1 0 0 0 1 1 0 0 0 0 1 0
230	13	0 0 1 1 1 0 0 1 1 0 0 0 0 0 0 0
230	3	0 1 1 1 1 0 0 1 0 0 0 0 0 1 0 0
230	4	1 0 1 1 1 1 0 0 1 1 0 0 0 0 0 0
230	4	0 1 1 1 1 1 1 0 0 1 0 0 0 0 1 0
230	33	1 1 1 1 1 0 0 1 0 0 0 0 0 0 0 0
230	8	0 1 1 0 0 0 0 1 1 0 0 0 0 0 0 0
230	8	1 0 1 1 1 0 0 1 1 0 0 0 0 0 0 0
230	7	0 1 0 1 0 1 0 0 1 1 0 0 0 0 0 0
230	11	1 1 0 1 1 1 0 0 1 0 0 0 1 0 0 0
230	9	0 1 1 1 0 0 0 0 1 0 0 0 0 0 0 0
230	13	1 1 1 1 1 1 0 0 1 1 1 0 0 0 0 0
230	17	1 0 1 1 1 0 0 0 1 1 0 0 0 0 1 0
230	1	0 1 1 1 1 0 0 1 1 0 0 0 0 0 1 1
230	3	1 0 1 1 0 0 0 0 1 1 0 0 0 0 0 0
230	71	1 1 1 1 1 0 0 0 1 1 1 0 0 0 0 0
230	6	0 0 1 0 0 0 0 1 1 0 0 1 0 0 0 0
230	8	0 1 1 1 1 0 0 0 0 1 0 0 0 0 1 0
230	7	0 0 1 0 0 1 1 1 1 0 0 0 0 0 0 0
230	4	0 1 1 1 1 0 0 1 1 0 1 0 0 0 0 0
230	7	1 1 0 1 1 1 0 0 1 1 0 0 1 0 0 0
230	3	0 1 1 1 1 0 0 1 0 0 0 0 0 0 1 1
230	3	1 1 0 1 1 1 0 1 1 0 0 0 0 0 0 0
230	2	0 1 1 1 1 0 0 0 1 0 0 0 1 0 0 0
230	2	0 1 1 1 1 0 1 1 1 0 0 0 0 0 1 1
230	5	1 1 0 1 1 1 0 0 1 1 0 0 0 0 1 0
230	15	1 1 1 0 1 0 0 0 1 1 0 0 0 0 1 0
230	2	0 0 1 1 0 0 0 1 0 1 0 0 0 0 0 0
230	21	0 1 1 1 1 1 0 1 0 0 0 0 0 0 0 0
230	1	0 1 1 1 1 0 0 1 0 0 1 1 0 0 0 0
230	2	1 1 1 1 1 0 0 0 1 1 0 0 1 0 1 0
230	4	1 0 1 1 1 1 0 0 1 1 0 0 0 0 1 0
230	4	0 0 1 1 0 0 0 0 1 0 1 0 0 0 0 0
230	1	0 0 1 1 0 0 0 0 0 1 0 1 0 0 0 0
230	3	1 0 1 1 1 1 0 1 1 0 0 0 0 0 0 0
230	4	0 0 1 1 0 0 0 0 1 1 0 0 0 0 1 0
230	4	1 1 1 1 1 0 0 1 1 0 0 0 1 0 0 0
230	6	1 1 1 1 1 1 0 1 1 1 0 0 0 0 0 0
230	4	1 1 0 1 1 1 0 1 1 0 0 0 0 0 1 1
230	2	0 1 0 1 0 0 0 0 1 1 1 0 0 0 1 0
230	1	0 1 1 1 1 0 1 0 1 0 0 0 0 0 0 0
230	1	0 1 1 1 0 0 0 1 1 0 1 0 0 0 0 0
230	3	0 0 1 1 1 0 0 0 1 0 0 0 0 0 0 0
230	6	1 0 1 1 1 0 0 0 1 0 0 0 0 0 0 0
230	3	0 1 1 1 1 0 0 1 0 0 0 0 1 0 0 0
230	11	0 1 1 1 1 0 0 1 0 0 0 1 0 0 0 0
230	3	1 1 0 1 1 1 0 0 1 1 0 1 0 0 0 0
230	3	0 0 1 0 1 0 0 1 1 0 0 0 0 0 0 0
230	1	1 0 1 1 1 1 0 0 1 1 0 0 0 0 0 1
230	5	0 1 1 1 1 0 0 1 1 0 0 0 1 0 1 1
230	1	1 0 1 1 1 0 0 0 1 1 1 0 0 0 0 0
230	3	0 0 1 1 1 1 0 1 0 0 0 0 0 0 0 0
230	1	1 1 1 1 1 0 0 1 1 0 0 1 0 0 0 0
230	2	0 1 1 0 1 0 0 1 1 0 0 0 0 0 0 0
230	1	0 1 1 1 1 0 0 1 0 0 0 0 0 0 0 1
230	3	0 1 1 1 1 1 0 0 1 0 0 0 0 0 0 0
230	4	1 1 0 0 1 1 0 0 1 1 0 0 0 0 0 0
230	3	0 0 1 1 0 0 0 1 1 1 0 0 0 0 0 0
230	2	1 1 1 1 0 0 0 0 1 1 0 1 0 0 0 0
230	5	1 1 1 1 0 0 0 0 1 0 0 0 0 0 0 0
230	3	0 0 1 1 0 0 0 1 1 0 0 0 0 0 0 0
230	2	0 0 1 1 0 0 0 1 1 0 1 0 0 0 1 0
230	2	0 1 1 1 1 0 0 1 0 0 1 0 0 0 1 0
230	1	1 1 0 1 1 1 0 0 1 0 0 0 0 0 0 0
230	3	1 1 1 1 1 0 0 0 1 1 0 0 0 1 1 0
230	4	1 1 1 1 1 0 1 0 1 0 0 0 0 0 0 0
230	2	1 1 0 1 1 0 0 0 1 1 1 0 0 0 0 0
230	3	1 1 1 1 1 0 0 0 1 0 1 0 0 0 0 0
230	1	0 0 1 1 1 1 0 0 1 0 0 0 0 0 0 0
230	2	1 1 1 1 1 0 1 1 1 0 0 0 1 0 0 0
230	1	1 1 1 1 1 0 0 1 1 1 0 0 0 0 1 0
230	2	1 0 1 1 1 0 0 0 1 1 0 0 0 0 0 0
230	1	1 0 1 1 1 0 0 1 1 1 0 0 0 0 0 0
230	1	0 0 1 0 0 0 0 0 1 1 0 0 0 0 1 0
230	1	0 0 1 1 1 0 0 0 1 1 0 0 0 0 1 0
230	3	1 0 1 1 1 0 1 0 0 1 0 0 0 0 0 0
230	4	1 1 1 1 1 0 1 0 1 1 0 0 0 0 1 0
230	2	1 1 1 1 1 0 0 0 1 1 0 1 0 0 1 0
230	2	0 1 1 1 1 0 0 1 1 1 0 0 0 0 0 0
230	1	1 1 1 1 1 0 0 1 1 0 0 0 0 0 0 0
230	3	0 1 0 1 1 0 0 1 1 0 0 0 0 0 0 0
230	1	0 1 1 1 1 0 1 1 1 0 0 0 0 0 0 0
230	1	1 0 1 1 1 0 0 1 1 0 0 0 0 0 0 1
230	1	0 1 1 1 0 0 0 0 1 0 1 0 0 0 0 0
230	3	1 1 0 1 1 0 0 0 1 1 0 1 0 0 0 0
230	1	0 0 1 1 0 0 0 1 1 0 1 0 0 1 1 0
240	12	0 0 1 1 0 0 0 0 1 0 0 0 0 0 0 0
240	14	0 0 1 1 0 0 0 1 1 1 0 0 0 0 1 0
240	72	1 1 1 1 1 0 0 0 1 1 0 0 0 0 1 0
240	157	0 1 1 1 1 0 0 1 1 0 0 0 0 0 0 0
240	2	1 1 1 1 1 0 0 0 1 0 0 0 0 0 0 0
240	17	1 1 1 1 1 0 0 0 1 1 0 0 0 0 0 0
240	44	1 1 1 1 1 1 0 0 1 1 0 0 0 0 0 0
240	31	0 1 1 1 1 0 0 1 1 0 0 0 1 0 0 0
240	19	0 0 1 1 0 0 0 0 0 1 0 0 0 0 0 0
240	68	0 1 1 1 1 0 0 1 0 0 0 0 0 0 0 0
240	10	0 1 1 1 1 0 0 1 0 0 1 0 0 0 0 0
240	35	0 1 1 1 1 0 0 0 1 0 0 0 0 0 0 0
240	7	1 1 0 1 1 1 0 0 1 1 0 0 0 0 0 0
240	8	0 0 1 1 1 0 0 1 1 1 0 0 0 0 0 0
240	2	0 0 0 1 0 1 0 1 1 0 0 0 0 0 0 0
240	3	0 1 1 1 1 0 0 0 1 1 0 0 0 0 1 0
240	10	0 0 1 1 1 0 0 1 1 0 0 0 0 0 0 0
240	1	0 1 1 1 1 0 0 1 0 0 0 0 0 1 0 0
240	79	1 1 1 1 1 0 0 1 0 0 0 0 0 0 0 0
240	15	0 1 1 0 0 0 0 1 1 0 0 0 0 0 0 0
240	4	0 1 0 1 0 1 0 0 1 1 0 0 0 0 0 0
240	7	0 1 1 1 0 0 0 0 1 0 0 0 0 0 0 0
240	2	1 1 1 1 1 1 0 0 1 1 1 0 0 0 0 0
240	3	1 0 1 1 1 0 0 0 1 1 0 0 0 0 1 0
240	58	1 1 1 1 1 0 0 0 1 1 1 0 0 0 0 0
240	2	0 0 1 0 0 1 1 1 1 0 0 0 0 0 0 0
240	5	0 1 1 1 1 0 0 1 1 0 1 0 0 0 0 0
240	1	1 1 0 1 1 1 0 0 1 1 0 0 1 0 0 0
240	5	1 1 0 1 1 1 0 0 1 1 0 0 0 0 1 0
240	21	1 1 1 0 1 0 0 0 1 1 0 0 0 0 1 0
240	2	0 1 1 1 1 1 0 1 0 0 0 0 0 0 0 0
240	4	0 0 1 1 0 0 0 0 1 0 1 0 0 0 0 0
240	28	0 1 1 1 1 0 0 1 0 0 0 1 0 0 0 0
240	11	0 0 1 0 1 0 0 1 1 0 0 0 0 0 0 0
240	3	0 1 1 1 1 0 0 1 1 0 0 0 1 0 1 1
240	11	0 1 1 1 1 1 0 0 1 0 0 0 0 0 0 0
240	1	1 1 0 0 1 1 0 0 1 1 0 0 0 0 0 0
240	10	0 0 1 1 0 0 0 1 1 1 0 0 0 0 0 0
240	6	0 0 1 1 0 0 0 1 1 0 0 0 0 0 0 0
240	9	1 1 0 1 1 1 0 0 1 0 0 0 0 0 0 0
240	24	1 0 1 1 1 0 0 0 1 1 0 0 0 0 0 0
240	4	1 0 1 1 1 0 1 0 0 1 0 0 0 0 0 0
240	3	0 1 1 1 1 0 0 1 1 1 0 0 0 0 0 0
240	15	0 1 0 1 1 0 0 1 1 0 0 0 0 0 0 0
240	19	0 1 1 1 1 0 0 1 1 0 0 1 0 0 0 0
240	13	0 1 1 1 1 0 0 1 1 0 0 0 0 0 0 1
240	6	0 0 1 1 0 1 1 1 1 0 0 0 0 0 0 0
240	8	1 1 0 1 0 1 0 0 1 1 0 0 0 0 0 0
240	7	0 1 1 1 1 0 1 1 0 0 0 0 0 0 0 0
240	3	0 1 1 1 1 0 0 0 0 0 0 0 0 0 1 0
240	2	1 1 1 1 1 0 0 0 1 1 0 0 0 1 0 0
240	4	0 1 1 1 1 0 1 1 1 0 0 0 0 0 1 0
240	10	0 1 1 1 0 0 0 0 0 1 0 0 0 1 0 0
240	5	1 1 1 1 1 0 0 0 1 1 1 1 0 0 0 0
240	2	0 0 0 1 0 0 0 0 0 1 0 0 0 0 0 0
240	3	0 0 1 1 0 0 0 0 0 1 0 0 0 1 0 0
240	5	0 1 1 1 1 0 0 1 1 0 0 0 0 0 1 0
240	1	0 0 1 1 1 0 0 1 0 0 0 0 0 0 1 0
240	7	1 1 1 0 1 0 0 1 0 0 0 0 0 0 0 0
240	1	0 1 1 1 1 0 0 1 1 0 1 1 0 0 0 0
240	5	0 0 1 1 1 0 0 1 0 0 0 1 0 0 0 0
240	7	0 0 1 1 1 0 0 0 0 1 0 0 0 0 0 0
240	4	1 1 1 1 0 0 0 1 1 0 0 0 0 0 0 0
240	3	1 1 1 1 1 1 0 0 1 0 0 0 0 0 0 0
240	1	1 1 1 1 1 0 1 0 1 1 0 0 0 0 0 0
240	2	1 1 0 1 1 1 0 0 1 0 0 0 0 1 0 0
240	1	0 1 1 1 1 0 0 0 1 1 1 0 0 0 0 0
240	2	0 0 1 1 0 0 0 0 0 0 0 0 0 0 0 0
240	1	0 1 1 1 1 0 1 1 1 0 0 0 0 0 0 0
240	1	1 1 1 1 1 0 0 1 0 0 0 0 0 1 0 0
240	1	0 1 1 1 1 1 0 1 1 0 1 0 0 0 0 0
240	3	1 1 0 1 1 0 0 0 1 1 0 0 0 0 1 0
240	4	1 0 1 0 1 0 0 1 1 0 0 0 0 0 0 0
240	1	0 1 1 1 1 0 0 1 0 0 1 1 0 0 1 0
240	1	0 1 0 1 1 1 0 1 1 0 0 0 0 0 0 0
240	3	0 1 1 1 1 0 0 1 1 0 1 0 0 0 0 1
240	2	0 1 1 1 1 0 0 0 1 0 0 0 0 0 1 0
240	1	0 0 1 1 1 0 0 0 0 0 0 0 0 0 0 0
240	1	1 1 1 1 1 1 0 0 1 1 0 1 0 0 0 0
240	1	0 1 1 1 1 1 0 1 1 0 0 0 1 0 0 0
240	1	0 1 1 1 1 0 0 1 0 0 0 0 1 0 0 0
240	2	0 1 1 1 1 0 0 1 0 0 1 1 0 0 0 0
240	1	0 1 1 1 1 0 0 0 0 0 0 0 0 0 0 0
240	1	1 1 1 1 1 0 0 1 0 0 0 0 1 0 0 0
240	1	1 1 0 0 1 0 0 0 1 1 0 0 0 0 1 0
240	3	0 0 0 0 1 0 0 1 1 0 0 0 0 0 0 0
240	1	1 1 0 1 1 0 0 1 1 0 0 0 0 0 0 0
240	3	0 1 0 1 1 0 0 1 1 0 0 1 0 0 0 0
240	1	0 1 1 1 1 0 0 1 1 0 0 0 1 0 0 1
250	31	0 0 1 1 0 0 0 1 1 1 0 0 0 0 1 0
250	77	1 1 1 1 1 0 0 0 1 1 0 0 0 0 1 0
250	108	0 1 1 1 1 0 0 1 1 0 0 0 0 0 0 0
250	12	1 1 1 1 1 0 0 0 1 1 0 0 0 0 0 0
250	90	1 1 1 1 1 1 0 0 1 1 0 0 0 0 0 0
250	33	0 1 1 1 1 0 0 1 1 0 0 0 1 0 0 0
250	10	0 0 1 1 0 0 0 0 0 1 0 0 0 0 0 0
250	59	0 1 1 1 1 0 0 1 0 0 0 0 0 0 0 0
250	12	0 1 1 1 1 0 0 1 0 0 1 0 0 0 0 0
250	16	0 1 1 1 1 0 0 0 1 0 0 0 0 0 0 0
250	6	1 1 0 1 1 1 0 0 1 1 0 0 0 0 0 0
250	4	0 0 1 1 1 0 0 1 1 1 0 0 0 0 0 0
250	4	0 0 1 1 1 0 0 1 1 0 0 0 0 0 0 0
250	2	0 1 1 1 1 0 0 1 0 0 0 0 0 1 0 0
250	83	1 1 1 1 1 0 0 1 0 0 0 0 0 0 0 0
250	33	0 1 1 0 0 0 0 1 1 0 0 0 0 0 0 0
250	6	1 0 1 1 1 0 0 0 1 1 0 0 0 0 1 0
250	44	1 1 1 1 1 0 0 0 1 1 1 0 0 0 0 0
250	7	1 1 0 1 1 1 0 0 1 1 0 0 0 0 1 0
250	8	1 1 1 0 1 0 0 0 1 1 0 0 0 0 1 0
250	2	0 1 1 1 1 1 0 1 0 0 0 0 0 0 0 0
250	18	0 1 1 1 1 0 0 1 0 0 0 1 0 0 0 0
250	8	0 0 1 0 1 0 0 1 1 0 0 0 0 0 0 0
250	26	0 1 1 1 1 1 0 0 1 0 0 0 0 0 0 0
250	15	0 0 1 1 0 0 0 1 1 1 0 0 0 0 0 0
250	15	1 1 0 1 1 1 0 0 1 0 0 0 0 0 0 0
250	32	1 0 1 1 1 0 0 0 1 1 0 0 0 0 0 0
250	5	0 1 1 1 1 0 0 1 1 1 0 0 0 0 0 0
250	1	0 1 0 1 1 0 0 1 1 0 0 0 0 0 0 0
250	24	0 1 1 1 1 0 0 1 1 0 0 1 0 0 0 0
250	2	0 1 1 1 1 0 0 1 1 0 0 0 0 0 0 1
250	6	0 0 1 1 0 1 1 1 1 0 0 0 0 0 0 0
250	12	1 1 0 1 0 1 0 0 1 1 0 0 0 0 0 0
250	10	0 1 1 1 1 0 1 1 0 0 0 0 0 0 0 0
250	5	0 1 1 1 1 0 0 0 0 0 0 0 0 0 1 0
250	3	0 1 1 1 0 0 0 0 0 1 0 0 0 1 0 0
250	1	1 1 1 1 1 0 0 0 1 1 1 1 0 0 0 0
250	34	0 1 1 1 1 0 0 1 1 0 0 0 0 0 1 0
250	6	1 1 1 0 1 0 0 1 0 0 0 0 0 0 0 0
250	13	1 1 1 1 0 0 0 1 1 0 0 0 0 0 0 0
250	2	0 1 1 1 1 1 0 1 1 0 1 0 0 0 0 0
250	13	1 0 1 0 1 0 0 1 1 0 0 0 0 0 0 0
250	2	1 1 1 1 1 0 0 1 0 0 0 0 1 0 0 0
250	1	1 1 0 1 1 0 0 1 1 0 0 0 0 0 0 0
250	13	1 1 1 1 1 0 0 1 1 1 0 0 0 0 1 0
250	7	0 1 1 1 1 0 0 1 0 1 0 0 0 0 0 0
250	5	1 1 1 1 1 1 0 0 1 1 0 0 0 0 1 0
250	1	0 1 1 1 1 0 0 0 1 1 0 0 0 0 1 0
250	14	1 1 1 1 1 0 0 0 1 1 0 1 0 0 0 0
250	1	0 1 1 1 1 0 0 1 1 0 0 0 0 1 0 1
250	3	0 1 1 1 1 0 0 1 1 1 0 0 0 0 1 0
250	1	0 1 1 1 1 0 0 1 1 0 0 0 0 1 0 0
250	2	0 1 1 1 1 1 0 1 1 0 0 0 0 0 0 0
250	1	1 1 1 1 1 0 0 0 1 0 0 1 0 0 0 0
250	4	0 0 1 1 0 1 0 0 0 1 0 0 0 0 0 0
250	2	0 1 1 0 1 1 0 1 0 0 0 0 0 0 0 0
250	2	1 1 0 1 0 1 0 0 1 1 1 0 0 0 1 0
250	2	0 1 0 1 1 0 0 0 1 0 0 0 0 0 0 0
250	1	1 1 0 1 1 1 0 0 0 0 0 0 0 0 0 0
250	4	0 0 1 1 1 1 0 1 1 0 0 0 0 0 0 0
250	2	0 1 1 1 1 0 0 0 0 0 0 1 0 0 0 0
250	5	1 1 0 1 1 0 0 1 1 0 0 0 0 0 1 0
250	1	0 1 1 0 1 0 0 0 1 0 0 0 0 0 0 0
250	1	0 1 1 0 1 0 0 1 1 0 0 0 0 0 1 0
250	1	0 1 1 1 1 1 0 1 1 0 0 0 0 0 1 0
250	3	1 1 1 1 1 0 0 0 0 1 0 0 0 1 0 0
250	4	1 1 1 0 1 0 0 0 1 1 0 0 0 0 0 0
250	5	0 1 1 1 1 1 0 0 1 0 0 0 0 0 1 0
250	2	0 1 1 0 1 0 0 1 1 0 0 0 0 0 0 0
250	2	1 1 0 0 1 1 0 0 1 0 0 0 0 0 0 0
250	5	1 1 1 1 1 0 0 1 1 1 0 0 0 0 0 0
250	1	1 0 1 1 1 0 0 0 1 1 0 0 0 0 0 1
250	2	1 0 1 1 1 0 0 1 0 0 0 0 1 0 0 0
250	2	0 1 1 0 1 0 0 0 0 0 0 0 0 0 0 0
260	12	0 0 1 1 0 0 0 1 1 1 0 0 0 0 1 0
260	55	1 1 1 1 1 0 0 0 1 1 0 0 0 0 1 0
260	104	0 1 1 1 1 0 0 1 1 0 0 0 0 0 0 0
260	12	1 1 1 1 1 0 0 0 1 1 0 0 0 0 0 0
260	85	1 1 1 1 1 1 0 0 1 1 0 0 0 0 0 0
260	13	0 1 1 1 1 0 0 1 1 0 0 0 1 0 0 0
260	4	0 0 1 1 0 0 0 0 0 1 0 0 0 0 0 0
260	49	0 1 1 1 1 0 0 1 0 0 0 0 0 0 0 0
260	18	0 1 1 1 1 0 0 1 0 0 1 0 0 0 0 0
260	37	0 1 1 1 1 0 0 0 1 0 0 0 0 0 0 0
260	1	0 0 1 1 1 0 0 1 1 0 0 0 0 0 0 0
260	75	1 1 1 1 1 0 0 1 0 0 0 0 0 0 0 0
260	44	0 1 1 0 0 0 0 1 1 0 0 0 0 0 0 0
260	19	1 0 1 1 1 0 0 0 1 1 0 0 0 0 1 0
260	17	1 1 1 1 1 0 0 0 1 1 1 0 0 0 0 0
260	11	0 1 1 1 1 0 0 1 0 0 0 1 0 0 0 0
260	6	0 1 1 1 1 1 0 0 1 0 0 0 0 0 0 0
260	9	0 0 1 1 0 0 0 1 1 1 0 0 0 0 0 0
260	19	1 1 0 1 1 1 0 0 1 0 0 0 0 0 0 0
260	23	1 0 1 1 1 0 0 0 1 1 0 0 0 0 0 0
260	13	0 1 1 1 1 0 0 1 1 1 0 0 0 0 0 0
260	6	0 1 1 1 1 0 0 1 1 0 0 1 0 0 0 0
260	4	0 0 1 1 0 1 1 1 1 0 0 0 0 0 0 0
260	8	1 1 0 1 0 1 0 0 1 1 0 0 0 0 0 0
260	10	0 1 1 1 1 0 1 1 0 0 0 0 0 0 0 0
260	1	0 1 1 1 1 0 0 0 0 0 0 0 0 0 1 0
260	51	0 1 1 1 1 0 0 1 1 0 0 0 0 0 1 0
260	6	1 1 1 0 1 0 0 1 0 0 0 0 0 0 0 0
260	6	1 1 1 1 0 0 0 1 1 0 0 0 0 0 0 0
260	4	0 1 1 1 1 1 0 1 1 0 1 0 0 0 0 0
260	8	1 1 1 1 1 0 0 1 0 0 0 0 1 0 0 0
260	7	1 1 0 1 1 0 0 1 1 0 0 0 0 0 0 0
260	25	1 1 1 1 1 0 0 1 1 1 0 0 0 0 1 0
260	5	0 1 1 1 1 0 0 1 0 1 0 0 0 0 0 0
260	28	1 1 1 1 1 1 0 0 1 1 0 0 0 0 1 0
260	9	1 1 1 1 1 0 0 0 1 1 0 1 0 0 0 0
260	2	0 1 1 1 1 1 0 1 1 0 0 0 0 0 0 0
260	2	1 1 0 1 0 1 0 0 1 1 1 0 0 0 1 0
260	1	0 0 1 1 1 1 0 1 1 0 0 0 0 0 0 0
260	3	0 1 1 0 1 0 0 1 1 0 0 0 0 0 1 0
260	7	1 1 1 1 1 0 0 0 0 1 0 0 0 1 0 0
260	9	1 1 1 0 1 0 0 0 1 1 0 0 0 0 0 0
260	2	0 1 1 1 1 1 0 0 1 0 0 0 0 0 1 0
260	4	1 1 0 0 1 1 0 0 1 0 0 0 0 0 0 0
260	32	1 1 1 1 1 0 0 1 1 1 0 0 0 0 0 0
260	4	1 0 1 1 1 0 0 0 1 1 0 0 0 0 0 1
260	7	1 0 1 1 1 0 0 1 0 0 0 0 1 0 0 0
260	8	1 1 1 1 1 0 0 1 1 0 0 0 0 0 0 0
260	1	1 1 1 1 1 0 0 0 1 1 1 0 0 0 1 0
260	6	0 1 1 1 1 0 0 0 1 1 0 1 0 0 0 0
260	5	1 1 1 0 1 0 0 1 1 0 0 0 0 0 0 0
260	12	1 1 1 1 1 1 0 0 1 0 0 0 0 0 0 0
260	2	1 1 1 1 1 1 0 1 0 0 0 0 1 0 0 0
260	4	1 1 1 1 1 0 0 1 1 0 0 0 1 0 0 0
260	3	0 1 1 1 1 1 0 0 1 1 0 0 0 0 0 0
260	3	0 0 1 0 1 0 0 1 1 1 0 0 0 0 0 0
260	5	1 1 1 0 1 0 0 0 1 1 1 0 0 0 0 0
260	1	0 1 1 1 1 0 0 1 0 0 1 1 0 0 0 0
260	6	0 0 1 1 0 0 0 1 1 1 0 1 0 0 1 0
260	2	1 1 1 1 1 1 0 0 1 1 1 0 0 0 0 0
260	1	1 1 1 1 1 0 0 1 0 0 0 0 0 1 0 0
260	9	1 1 1 0 1 0 0 1 0 0 0 1 0 0 0 0
260	1	1 1 1 1 1 0 0 1 1 1 0 0 1 0 0 0
260	1	0 0 1 1 0 0 0 0 1 1 0 0 0 0 0 0
260	7	1 1 1 1 1 0 0 1 1 1 0 0 0 1 0 0
260	2	1 1 1 1 1 0 0 1 1 0 0 0 0 1 0 0
260	2	1 1 1 1 1 1 0 0 1 1 0 1 0 0 0 0
260	3	1 0 1 1 1 1 0 0 1 1 0 0 0 0 0 0
260	1	0 1 0 1 1 0 0 1 1 0 0 0 1 0 0 0
260	5	1 1 1 1 0 0 0 1 0 0 0 0 0 0 0 0
260	1	1 1 1 1 1 0 1 1 1 1 0 0 0 0 1 0
260	2	0 1 1 1 1 0 0 0 1 1 1 0 0 0 0 0
260	4	0 1 1 1 1 0 0 0 1 1 0 0 0 0 0 0
260	1	0 1 1 1 1 0 0 1 1 0 1 0 0 0 0 0
260	1	1 0 1 1 1 0 0 1 1 0 0 0 0 0 0 0
260	1	1 0 1 1 1 0 0 1 1 1 0 0 0 0 1 0
260	4	1 1 1 1 1 0 0 1 1 1 1 0 0 0 0 0
260	1	1 1 1 1 1 0 0 0 1 1 1 1 0 0 0 0
260	1	1 0 1 0 1 0 0 0 1 1 0 0 0 0 0 0
260	6	0 0 1 1 1 0 0 1 1 0 0 0 0 0 1 0
260	1	1 1 1 0 1 0 0 1 0 0 0 0 0 0 0 1
260	2	0 1 1 1 1 0 0 0 1 1 0 0 0 0 1 0
260	1	0 1 1 1 1 1 0 1 0 0 0 0 0 0 0 0
260	1	0 1 1 0 0 0 0 1 1 0 0 0 0 0 0 1
260	5	0 1 1 1 0 0 1 1 0 0 0 0 0 0 0 0
260	1	1 1 0 0 1 0 0 1 0 0 0 1 0 0 0 0
270	2	0 0 1 1 0 0 0 1 1 1 0 0 0 0 1 0
270	18	1 1 1 1 1 0 0 0 1 1 0 0 0 0 1 0
270	89	0 1 1 1 1 0 0 1 1 0 0 0 0 0 0 0
270	8	1 1 1 1 1 0 0 0 1 1 0 0 0 0 0 0
270	118	1 1 1 1 1 1 0 0 1 1 0 0 0 0 0 0
270	13	0 1 1 1 1 0 0 1 1 0 0 0 1 0 0 0
270	59	0 1 1 1 1 0 0 1 0 0 0 0 0 0 0 0
270	13	0 1 1 1 1 0 0 1 0 0 1 0 0 0 0 0
270	42	0 1 1 1 1 0 0 0 1 0 0 0 0 0 0 0
270	85	1 1 1 1 1 0 0 1 0 0 0 0 0 0 0 0
270	42	0 1 1 0 0 0 0 1 1 0 0 0 0 0 0 0
270	5	1 0 1 1 1 0 0 0 1 1 0 0 0 0 1 0
270	45	1 1 1 1 1 0 0 0 1 1 1 0 0 0 0 0
270	4	0 1 1 1 1 0 0 1 0 0 0 1 0 0 0 0
270	3	0 1 1 1 1 1 0 0 1 0 0 0 0 0 0 0
270	18	0 0 1 1 0 0 0 1 1 1 0 0 0 0 0 0
270	4	1 1 0 1 1 1 0 0 1 0 0 0 0 0 0 0
270	18	1 0 1 1 1 0 0 0 1 1 0 0 0 0 0 0
270	14	0 1 1 1 1 0 0 1 1 1 0 0 0 0 0 0
270	5	0 1 1 1 1 0 0 1 1 0 0 1 0 0 0 0
270	18	0 0 1 1 0 1 1 1 1 0 0 0 0 0 0 0
270	3	1 1 0 1 0 1 0 0 1 1 0 0 0 0 0 0
270	13	0 1 1 1 1 0 1 1 0 0 0 0 0 0 0 0
270	5	0 1 1 1 1 0 0 0 0 0 0 0 0 0 1 0
270	29	0 1 1 1 1 0 0 1 1 0 0 0 0 0 1 0
270	4	1 1 1 0 1 0 0 1 0 0 0 0 0 0 0 0
270	2	0 1 1 1 1 1 0 1 1 0 1 0 0 0 0 0
270	26	1 1 1 1 1 0 0 1 0 0 0 0 1 0 0 0
270	4	1 1 0 1 1 0 0 1 1 0 0 0 0 0 0 0
270	4	1 1 1 1 1 0 0 1 1 1 0 0 0 0 1 0
270	15	1 1 1 1 1 1 0 0 1 1 0 0 0 0 1 0
270	6	1 1 1 1 1 0 0 0 1 1 0 1 0 0 0 0
270	16	1 1 1 1 1 0 0 1 1 1 0 0 0 0 0 0
270	3	1 0 1 1 1 0 0 0 1 1 0 0 0 0 0 1
270	6	1 0 1 1 1 0 0 1 0 0 0 0 1 0 0 0
270	52	1 1 1 1 1 0 0 1 1 0 0 0 0 0 0 0
270	15	1 1 1 1 1 1 0 0 1 0 0 0 0 0 0 0
270	3	0 1 1 1 1 1 0 0 1 1 0 0 0 0 0 0
270	6	1 1 1 0 1 0 0 0 1 1 1 0 0 0 0 0
270	12	1 1 1 1 1 0 0 1 0 0 0 0 0 1 0 0
270	9	1 1 1 1 1 0 0 1 1 1 0 0 1 0 0 0
270	1	1 1 1 1 1 0 0 1 1 1 0 0 0 1 0 0
270	3	0 1 1 1 1 0 0 0 1 1 1 0 0 0 0 0
270	29	0 1 1 1 1 0 0 0 1 1 0 0 0 0 0 0
270	2	0 1 1 1 1 0 0 0 1 1 0 0 0 0 1 0
270	2	0 1 1 1 1 1 0 1 0 0 0 0 0 0 0 0
270	6	0 1 1 1 0 0 1 1 0 0 0 0 0 0 0 0
270	4	0 1 1 1 1 0 0 1 0 1 0 1 0 0 0 0
270	1	0 1 1 1 1 0 0 1 1 0 0 0 0 0 0 1
270	7	1 1 0 1 1 0 0 1 0 0 0 0 0 0 0 0
270	5	1 1 1 1 1 1 0 1 1 0 0 0 0 0 0 0
270	1	0 0 1 1 0 0 0 1 1 1 0 0 0 0 1 1
270	1	0 1 1 1 1 0 0 1 0 0 0 0 1 0 0 0
270	5	0 1 0 0 0 0 0 1 1 0 0 0 0 0 0 0
270	1	1 1 1 1 1 0 0 1 0 1 0 0 0 0 0 0
270	1	1 1 1 1 0 0 0 1 0 0 0 0 1 0 0 0
270	6	1 1 1 1 1 1 0 1 1 1 0 0 0 0 0 0
270	9	1 1 1 1 1 1 0 0 1 0 0 1 0 0 0 0
270	2	1 1 1 1 1 0 1 0 1 1 0 0 0 0 0 0
270	2	0 1 1 1 1 0 0 1 1 0 0 1 0 0 1 0
270	6	1 1 1 1 1 1 0 0 0 1 0 0 0 0 1 0
270	4	1 1 1 0 0 0 0 1 1 0 0 0 0 0 0 0
270	2	0 0 1 1 1 0 0 0 1 1 0 0 0 0 1 0
270	1	1 1 0 1 1 0 0 1 1 1 0 0 0 0 1 0
270	14	1 1 1 1 1 0 0 0 1 0 1 0 0 0 0 0
270	2	0 1 1 0 0 0 0 1 1 0 0 1 0 0 0 0
270	2	1 1 0 1 1 0 0 1 0 0 0 1 0 0 0 0
270	7	0 1 1 1 1 0 0 1 1 0 1 0 0 0 0 0
270	2	1 1 1 1 1 1 0 0 1 1 0 0 0 0 0 1
270	2	1 1 1 1 1 0 0 1 0 0 0 1 0 0 0 0
270	1	1 1 0 1 1 1 0 0 1 1 0 0 0 0 0 0
270	1	1 1 0 1 1 0 0 1 1 0 1 0 0 0 0 0
270	1	0 0 1 1 0 0 1 1 0 0 0 0 0 0 0 0
270	3	1 1 1 1 0 0 0 1 1 1 0 0 0 0 0 0
270	2	1 0 1 0 1 0 0 1 0 0 0 0 1 0 0 0
270	1	0 1 1 1 1 0 0 0 0 0 0 0 1 0 0 0
270	3	0 0 1 1 0 0 0 1 1 0 0 0 0 0 1 0
270	1	0 1 1 1 1 1 0 1 1 0 0 0 0 0 0 0
270	1	0 1 1 1 1 0 1 1 1 0 0 0 0 0 1 0
280	9	1 1 1 1 1 0 0 0 1 1 0 0 0 0 1 0
280	69	0 1 1 1 1 0 0 1 1 0 0 0 0 0 0 0
280	122	1 1 1 1 1 1 0 0 1 1 0 0 0 0 0 0
280	12	0 1 1 1 1 0 0 1 1 0 0 0 1 0 0 0
280	45	0 1 1 1 1 0 0 1 0 0 0 0 0 0 0 0
280	10	0 1 1 1 1 0 0 1 0 0 1 0 0 0 0 0
280	5	0 1 1 1 1 0 0 0 1 0 0 0 0 0 0 0
280	76	1 1 1 1 1 0 0 1 0 0 0 0 0 0 0 0
280	31	0 1 1 0 0 0 0 1 1 0 0 0 0 0 0 0
280	21	1 0 1 1 1 0 0 0 1 1 0 0 0 0 1 0
280	76	1 1 1 1 1 0 0 0 1 1 1 0 0 0 0 0
280	15	0 1 1 1 1 1 0 0 1 0 0 0 0 0 0 0
280	34	0 0 1 1 0 0 0 1 1 1 0 0 0 0 0 0
280	4	1 0 1 1 1 0 0 0 1 1 0 0 0 0 0 0
280	5	0 1 1 1 1 0 0 1 1 1 0 0 0 0 0 0
280	6	0 0 1 1 0 1 1 1 1 0 0 0 0 0 0 0
280	8	1 1 0 1 0 1 0 0 1 1 0 0 0 0 0 0
280	7	0 1 1 1 1 0 1 1 0 0 0 0 0 0 0 0
280	3	0 1 1 1 1 0 0 0 0 0 0 0 0 0 1 0
280	24	0 1 1 1 1 0 0 1 1 0 0 0 0 0 1 0
280	16	1 1 1 1 1 0 0 1 0 0 0 0 1 0 0 0
280	5	1 1 0 1 1 0 0 1 1 0 0 0 0 0 0 0
280	21	1 1 1 1 1 1 0 0 1 1 0 0 0 0 1 0
280	9	1 1 1 1 1 0 0 0 1 1 0 1 0 0 0 0
280	20	1 1 1 1 1 0 0 1 1 1 0 0 0 0 0 0
280	11	1 0 1 1 1 0 0 0 1 1 0 0 0 0 0 1
280	8	1 0 1 1 1 0 0 1 0 0 0 0 1 0 0 0
280	74	1 1 1 1 1 0 0 1 1 0 0 0 0 0 0 0
280	2	1 1 1 1 1 1 0 0 1 0 0 0 0 0 0 0
280	1	1 1 1 0 1 0 0 0 1 1 1 0 0 0 0 0
280	9	1 1 1 1 1 0 0 1 1 1 0 0 1 0 0 0
280	1	0 1 1 1 1 0 0 0 1 1 1 0 0 0 0 0
280	11	0 1 1 1 1 0 0 0 1 1 0 0 0 0 0 0
280	3	0 1 1 1 1 1 0 1 0 0 0 0 0 0 0 0
280	17	0 1 1 1 0 0 1 1 0 0 0 0 0 0 0 0
280	6	0 1 1 1 1 0 0 1 0 1 0 1 0 0 0 0
280	8	1 1 0 1 1 0 0 1 0 0 0 0 0 0 0 0
280	10	1 1 1 1 1 1 0 1 1 0 0 0 0 0 0 0
280	8	1 1 1 1 1 1 0 1 1 1 0 0 0 0 0 0
280	15	1 1 1 1 1 1 0 0 1 0 0 1 0 0 0 0
280	1	1 1 1 1 1 1 0 0 0 1 0 0 0 0 1 0
280	1	1 1 1 1 1 0 0 0 1 0 1 0 0 0 0 0
280	3	1 1 0 1 1 0 0 1 0 0 0 1 0 0 0 0
280	5	0 1 1 1 1 0 0 1 1 0 1 0 0 0 0 0
280	2	1 1 1 1 1 0 0 1 0 0 0 1 0 0 0 0
280	2	0 0 1 1 0 0 1 1 0 0 0 0 0 0 0 0
280	17	1 1 1 1 0 0 0 1 1 1 0 0 0 0 0 0
280	1	1 0 1 0 1 0 0 1 0 0 0 0 1 0 0 0
280	3	0 0 1 1 0 0 0 1 1 0 0 0 0 0 1 0
280	3	0 1 1 1 1 1 0 1 1 0 0 0 0 0 0 0
280	8	1 1 1 1 1 1 0 0 1 1 0 0 1 0 0 0
280	9	1 1 1 1 1 1 1 0 1 0 0 1 0 0 0 0
280	1	1 1 0 1 1 1 0 0 1 1 1 0 0 0 0 0
280	6	0 0 1 1 0 1 0 1 1 1 0 0 0 0 0 0
280	3	0 0 1 1 0 1 1 1 1 0 0 0 0 0 1 0
280	5	1 0 0 1 1 0 0 1 0 0 0 0 1 0 0 0
280	6	0 1 1 0 1 0 0 1 1 0 0 0 0 0 0 0
280	5	1 1 1 1 1 0 1 1 0 0 0 0 0 0 0 0
280	3	1 0 1 1 1 0 0 0 1 0 0 0 0 0 0 0
280	7	0 1 1 1 1 0 0 1 0 1 0 0 0 0 0 0
280	6	0 1 1 1 1 0 1 0 1 0 0 0 0 0 0 0
280	3	1 1 1 1 1 0 0 0 1 1 0 0 1 0 0 0
280	1	1 0 0 1 1 0 0 1 0 0 0 0 0 0 0 0
280	2	1 1 1 1 1 0 0 1 1 0 0 0 1 0 0 0
280	1	0 1 1 1 1 0 0 1 1 1 0 0 1 0 0 0
280	1	1 0 1 1 1 0 0 1 1 1 0 0 0 0 0 1
280	2	0 1 1 0 1 0 0 0 1 1 1 0 0 0 0 0
280	5	0 1 1 1 0 0 1 1 0 0 0 0 0 0 1 0
280	4	1 1 1 1 1 0 0 1 1 1 1 0 0 0 0 0
280	1	1 1 1 1 1 1 0 0 1 1 1 0 0 0 0 0
280	2	0 0 1 0 0 0 0 1 1 0 0 0 0 0 0 0
280	4	0 1 1 1 1 0 0 0 0 1 0 0 0 0 0 0
280	3	1 1 1 1 1 1 1 1 1 0 0 0 0 0 0 0
280	2	0 1 1 1 1 0 1 0 0 0 0 0 0 0 0 0
280	3	1 1 1 1 1 0 0 0 1 1 0 0 0 0 0 0
280	3	1 1 1 1 0 0 0 0 1 1 0 0 0 0 0 0
280	5	1 1 1 1 1 0 0 0 1 1 1 0 0 0 0 1
280	1	0 1 1 1 1 1 0 1 1 1 0 0 0 0 0 0
280	2	0 1 1 1 1 0 0 0 1 1 0 0 1 0 0 0
280	2	0 1 1 1 1 0 0 0 1 1 0 1 0 0 0 0
280	4	1 1 1 1 0 0 0 1 0 0 0 0 0 0 0 0
280	1	1 1 1 1 1 0 1 1 0 0 0 0 1 0 0 0
280	2	1 1 1 1 1 0 0 1 0 0 0 0 1 1 0 0
280	3	1 1 1 0 1 0 0 1 1 0 0 0 0 0 0 0
280	1	0 1 1 1 1 1 0 0 1 1 0 0 0 0 1 0
280	1	1 1 1 1 1 0 0 0 1 1 1 0 1 0 0 0
280	2	1 1 1 1 1 0 0 1 0 0 1 0 0 0 1 0
280	1	0 1 1 1 1 0 0 0 1 0 0 0 0 0 0 1
280	2	1 1 1 1 1 0 0 1 0 0 0 0 0 0 1 0
280	2	1 1 1 1 1 1 1 1 1 1 0 0 1 0 0 0
290	3	1 1 1 1 1 0 0 0 1 1 0 0 0 0 1 0
290	47	0 1 1 1 1 0 0 1 1 0 0 0 0 0 0 0
290	80	1 1 1 1 1 1 0 0 1 1 0 0 0 0 0 0
290	1	0 1 1 1 1 0 0 1 1 0 0 0 1 0 0 0
290	30	0 1 1 1 1 0 0 1 0 0 0 0 0 0 0 0
290	2	0 1 1 1 1 0 0 1 0 0 1 0 0 0 0 0
290	18	0 1 1 1 1 0 0 0 1 0 0 0 0 0 0 0
290	67	1 1 1 1 1 0 0 1 0 0 0 0 0 0 0 0
290	13	0 1 1 0 0 0 0 1 1 0 0 0 0 0 0 0
290	44	1 0 1 1 1 0 0 0 1 1 0 0 0 0 1 0
290	81	1 1 1 1 1 0 0 0 1 1 1 0 0 0 0 0
290	1	0 1 1 1 1 1 0 0 1 0 0 0 0 0 0 0
290	57	0 0 1 1 0 0 0 1 1 1 0 0 0 0 0 0
290	7	0 1 1 1 1 0 0 1 1 1 0 0 0 0 0 0
290	15	0 1 1 1 1 0 0 1 1 0 0 0 0 0 1 0
290	5	1 1 1 1 1 0 0 1 0 0 0 0 1 0 0 0
290	5	1 1 0 1 1 0 0 1 1 0 0 0 0 0 0 0
290	19	1 1 1 1 1 1 0 0 1 1 0 0 0 0 1 0
290	14	1 1 1 1 1 0 0 0 1 1 0 1 0 0 0 0
290	17	1 1 1 1 1 0 0 1 1 1 0 0 0 0 0 0
290	28	1 0 1 1 1 0 0 0 1 1 0 0 0 0 0 1
290	21	1 0 1 1 1 0 0 1 0 0 0 0 1 0 0 0
290	41	1 1 1 1 1 0 0 1 1 0 0 0 0 0 0 0
290	11	1 1 1 1 1 1 0 0 1 0 0 0 0 0 0 0
290	3	0 1 1 1 1 0 0 0 1 1 1 0 0 0 0 0
290	12	0 1 1 1 1 1 0 1 0 0 0 0 0 0 0 0
290	3	0 1 1 1 0 0 1 1 0 0 0 0 0 0 0 0
290	4	0 1 1 1 1 0 0 1 0 1 0 1 0 0 0 0
290	18	1 1 0 1 1 0 0 1 0 0 0 0 0 0 0 0
290	9	1 1 1 1 1 1 0 1 1 0 0 0 0 0 0 0
290	16	1 1 1 1 1 1 0 1 1 1 0 0 0 0 0 0
290	17	1 1 1 1 1 1 0 0 1 0 0 1 0 0 0 0
290	13	1 1 0 1 1 0 0 1 0 0 0 1 0 0 0 0
290	5	1 1 1 1 1 0 0 1 0 0 0 1 0 0 0 0
290	20	1 1 1 1 0 0 0 1 1 1 0 0 0 0 0 0
290	10	0 1 1 1 1 1 0 1 1 0 0 0 0 0 0 0
290	13	1 1 1 1 1 1 0 0 1 1 0 0 1 0 0 0
290	10	1 1 1 1 1 1 1 0 1 0 0 1 0 0 0 0
290	12	0 0 1 1 0 1 0 1 1 1 0 0 0 0 0 0
290	2	0 1 1 0 1 0 0 1 1 0 0 0 0 0 0 0
290	1	0 1 1 1 1 0 0 1 0 1 0 0 0 0 0 0
290	5	0 1 1 1 1 0 1 0 1 0 0 0 0 0 0 0
290	7	1 1 1 1 1 0 0 0 1 1 0 0 1 0 0 0
290	2	1 0 0 1 1 0 0 1 0 0 0 0 0 0 0 0
290	15	0 1 1 1 0 0 1 1 0 0 0 0 0 0 1 0
290	9	0 1 1 1 1 1 0 1 1 1 0 0 0 0 0 0
290	10	1 1 1 0 1 0 0 1 1 0 0 0 0 0 0 0
290	3	0 1 1 1 1 0 0 0 1 0 0 0 0 0 0 1
290	16	1 1 1 1 1 1 1 1 1 1 0 0 1 0 0 0
290	9	1 1 0 1 1 1 0 0 1 1 0 0 0 0 0 0
290	7	1 1 1 1 1 0 0 1 1 0 0 0 0 0 1 0
290	7	0 1 1 1 1 0 0 1 0 0 0 0 0 0 1 0
290	1	0 1 1 1 1 0 0 0 0 0 0 0 0 0 0 0
290	7	1 1 1 1 1 1 0 0 1 0 0 1 0 1 0 0
290	14	1 1 1 0 1 0 1 1 1 0 0 0 0 0 0 0
290	1	0 1 1 1 1 0 0 1 0 0 0 0 1 0 0 0
290	1	0 1 1 1 1 0 0 0 1 1 0 1 0 0 0 0
290	13	1 1 1 1 0 0 1 1 0 0 0 0 0 0 0 0
290	7	1 0 1 1 1 0 0 1 0 0 0 0 0 0 0 0
290	3	0 0 1 1 1 0 0 1 1 1 0 0 0 0 0 0
290	1	0 0 1 1 0 0 0 1 0 1 0 0 0 0 0 0
290	2	1 1 1 1 1 0 0 0 1 1 0 1 1 0 0 0
290	9	1 1 1 1 1 0 0 1 1 0 0 1 0 0 0 0
290	2	1 1 1 1 1 0 1 1 1 0 0 0 0 0 0 0
290	2	1 1 1 0 0 0 0 1 1 0 0 0 0 0 0 0
290	9	1 0 1 1 0 0 0 1 1 1 0 0 0 0 0 0
290	3	1 1 1 1 1 0 0 1 0 0 0 1 1 0 0 0
290	1	1 1 1 1 1 0 0 0 1 0 0 0 0 0 0 0
290	2	1 0 0 1 1 0 0 1 1 0 0 0 0 0 0 0
290	1	1 1 1 1 1 1 0 0 1 0 0 0 0 0 1 0
290	2	1 0 1 1 1 0 0 0 1 1 0 0 0 0 0 0
290	3	1 1 1 1 1 0 0 0 0 0 0 0 0 0 0 0
290	3	1 1 1 0 1 0 0 0 1 1 1 0 0 0 0 0
290	1	0 0 1 1 0 0 0 1 1 1 0 0 0 1 0 0
290	2	1 0 1 1 1 0 0 1 1 0 0 0 0 0 0 0
290	1	0 1 1 1 0 0 1 1 0 1 0 1 0 0 0 0
290	3	1 1 0 1 1 1 0 0 1 1 0 0 0 0 1 0
290	5	1 1 0 1 1 1 0 1 1 1 0 0 0 0 0 0
290	2	1 1 1 0 1 1 0 0 1 0 0 1 0 1 0 0
290	2	1 0 1 1 1 0 0 1 0 0 0 0 0 1 0 0
290	2	0 1 1 1 1 0 0 1 0 1 0 0 0 0 1 0
290	2	1 1 1 0 1 0 0 0 1 1 0 0 0 0 0 1
290	1	0 1 1 1 1 0 0 1 1 0 0 1 0 0 0 0
290	1	1 1 1 1 1 0 1 1 0 0 0 0 0 0 0 0
290	1	1 1 1 1 1 0 0 1 1 1 1 0 0 0 0 0
290	4	1 1 1 1 1 1 0 0 1 0 0 1 0 0 0 1
290	1	1 1 1 1 1 1 1 0 0 0 0 1 0 0 0 0
300	4	1 1 1 1 1 0 0 0 1 1 0 0 0 0 1 0
300	53	0 1 1 1 1 0 0 1 1 0 0 0 0 0 0 0
300	74	1 1 1 1 1 1 0 0 1 1 0 0 0 0 0 0
300	27	0 1 1 1 1 0 0 1 0 0 0 0 0 0 0 0
300	10	0 1 1 1 1 0 0 0 1 0 0 0 0 0 0 0
300	88	1 1 1 1 1 0 0 1 0 0 0 0 0 0 0 0
300	20	0 1 1 0 0 0 0 1 1 0 0 0 0 0 0 0
300	30	1 0 1 1 1 0 0 0 1 1 0 0 0 0 1 0
300	104	1 1 1 1 1 0 0 0 1 1 1 0 0 0 0 0
300	6	0 1 1 1 1 1 0 0 1 0 0 0 0 0 0 0
300	31	0 0 1 1 0 0 0 1 1 1 0 0 0 0 0 0
300	2	0 1 1 1 1 0 0 1 1 1 0 0 0 0 0 0
300	14	0 1 1 1 1 0 0 1 1 0 0 0 0 0 1 0
300	7	1 1 1 1 1 0 0 1 0 0 0 0 1 0 0 0
300	9	1 1 0 1 1 0 0 1 1 0 0 0 0 0 0 0
300	19	1 1 1 1 1 1 0 0 1 1 0 0 0 0 1 0
300	2	1 1 1 1 1 0 0 0 1 1 0 1 0 0 0 0
300	14	1 1 1 1 1 0 0 1 1 1 0 0 0 0 0 0
300	17	1 0 1 1 1 0 0 0 1 1 0 0 0 0 0 1
300	9	1 0 1 1 1 0 0 1 0 0 0 0 1 0 0 0
300	52	1 1 1 1 1 0 0 1 1 0 0 0 0 0 0 0
300	23	1 1 1 1 1 1 0 0 1 0 0 0 0 0 0 0
300	19	0 1 1 1 1 0 0 0 1 1 1 0 0 0 0 0
300	11	0 1 1 1 1 1 0 1 0 0 0 0 0 0 0 0
300	14	1 1 0 1 1 0 0 1 0 0 0 0 0 0 0 0
300	6	1 1 1 1 1 1 0 1 1 0 0 0 0 0 0 0
300	32	1 1 1 1 1 1 0 1 1 1 0 0 0 0 0 0
300	23	1 1 1 1 1 1 0 0 1 0 0 1 0 0 0 0
300	8	1 1 0 1 1 0 0 1 0 0 0 1 0 0 0 0
300	8	1 1 1 1 1 0 0 1 0 0 0 1 0 0 0 0
300	1	1 1 1 1 0 0 0 1 1 1 0 0 0 0 0 0
300	11	0 1 1 1 1 1 0 1 1 0 0 0 0 0 0 0
300	7	1 1 1 1 1 1 0 0 1 1 0 0 1 0 0 0
300	7	1 1 1 1 1 1 1 0 1 0 0 1 0 0 0 0
300	1	0 0 1 1 0 1 0 1 1 1 0 0 0 0 0 0
300	3	0 1 1 1 1 0 1 0 1 0 0 0 0 0 0 0
300	12	1 1 1 1 1 0 0 0 1 1 0 0 1 0 0 0
300	7	0 1 1 1 0 0 1 1 0 0 0 0 0 0 1 0
300	4	0 1 1 1 1 1 0 1 1 1 0 0 0 0 0 0
300	4	1 1 1 1 1 1 1 1 1 1 0 0 1 0 0 0
300	5	1 1 0 1 1 1 0 0 1 1 0 0 0 0 0 0
300	1	1 1 1 1 1 0 0 1 1 0 0 0 0 0 1 0
300	11	1 1 1 1 1 1 0 0 1 0 0 1 0 1 0 0
300	2	1 1 1 1 0 0 1 1 0 0 0 0 0 0 0 0
300	1	1 0 1 1 1 0 0 1 0 0 0 0 0 0 0 0
300	7	0 0 1 1 1 0 0 1 1 1 0 0 0 0 0 0
300	1	0 0 1 1 0 0 0 1 0 1 0 0 0 0 0 0
300	9	1 1 1 1 1 0 0 1 1 0 0 1 0 0 0 0
300	2	1 0 1 1 0 0 0 1 1 1 0 0 0 0 0 0
300	7	1 0 0 1 1 0 0 1 1 0 0 0 0 0 0 0
300	12	1 1 0 1 1 1 0 1 1 1 0 0 0 0 0 0
300	4	1 0 1 1 1 0 0 0 1 0 0 1 0 0 0 0
300	12	1 1 1 1 1 0 0 0 1 1 1 0 0 0 0 1
300	1	0 1 0 1 1 0 0 1 0 0 0 0 0 0 0 0
300	3	1 1 1 1 1 0 0 0 1 1 1 0 0 0 1 0
300	2	0 1 1 1 1 1 0 0 0 0 0 0 0 0 0 0
300	9	0 1 1 1 0 0 0 1 0 0 0 0 0 0 0 0
300	6	1 0 1 1 1 0 0 0 1 1 0 1 0 0 1 0
300	5	1 1 1 1 1 1 1 1 1 1 0 0 0 0 0 0
300	6	1 1 0 1 1 1 0 1 1 1 0 0 1 0 0 0
300	11	1 1 1 1 1 0 0 0 1 0 0 0 0 0 0 0
300	2	1 0 1 1 1 0 0 1 0 0 0 1 0 0 0 0
300	1	1 1 1 1 0 0 1 1 0 0 0 0 0 1 0 0
300	5	1 0 1 1 1 0 0 1 1 0 0 1 0 0 0 0
300	2	1 0 1 1 1 0 0 0 1 0 0 0 0 0 0 0
300	1	1 1 0 1 1 0 0 1 1 1 0 0 0 0 0 0
300	7	1 1 1 1 0 0 1 1 0 0 0 0 0 0 1 0
300	8	1 0 1 1 1 0 0 0 1 1 0 0 0 0 0 0
300	10	1 1 1 1 1 1 0 1 0 0 0 0 0 0 0 0
300	11	0 1 1 1 1 0 0 0 1 1 1 1 0 0 0 0
300	1	1 1 1 1 0 0 0 0 1 1 0 0 1 0 0 0
300	2	0 0 1 1 1 0 0 1 1 1 0 0 0 0 1 0
300	2	1 0 0 1 1 1 0 1 1 1 0 0 1 0 0 0
300	2	1 1 1 1 1 0 0 0 1 1 0 0 0 0 0 1
300	4	0 1 1 0 1 0 0 0 1 0 0 0 0 0 0 0
300	1	1 0 1 1 1 0 0 0 0 1 0 0 0 0 0 1
300	2	1 1 0 1 1 1 0 1 1 1 0 0 0 0 0 1
300	2	0 1 1 1 0 0 1 1 0 0 0 0 0 0 0 0
300	5	0 1 1 1 1 0 0 1 0 0 0 0 0 0 0 1
300	1	1 0 0 1 1 0 0 1 0 0 0 0 1 0 0 0
300	1	1 1 0 1 1 0 0 1 0 0 0 0 0 0 0 1
300	1	1 1 1 1 1 0 0 1 1 0 1 0 0 0 1 0
300	2	1 0 1 1 1 1 0 0 1 0 0 1 0 1 0 0
300	3	0 1 1 1 1 0 0 1 1 0 1 0 0 0 0 0
300	1	0 1 1 1 1 0 0 0 0 1 0 0 0 0 0 1
300	2	1 1 1 1 1 0 0 0 1 1 0 0 0 0 0 0
300	2	0 1 1 1 1 0 0 1 0 0 0 0 1 0 0 0
300	1	1 1 1 1 1 0 0 0 0 0 0 0 0 0 0 0
300	1	1 1 1 1 1 1 0 0 1 0 0 1 0 0 1 0
300	2	1 0 1 1 1 0 0 1 1 1 1 0 0 0 0 0
300	1	0 1 0 1 1 0 0 1 1 0 0 0 0 0 0 0
300	1	1 1 1 1 1 1 0 0 1 1 0 0 0 0 0 1
300	1	0 1 1 1 1 0 0 1 0 0 0 0 0 0 1 0
300	1	1 1 1 1 0 1 0 0 1 0 0 1 0 0 0 0
300	1	0 1 1 1 1 1 0 0 1 1 1 1 0 0 0 0
310	10	1 1 1 1 1 0 0 0 1 1 0 0 0 0 1 0
310	49	0 1 1 1 1 0 0 1 1 0 0 0 0 0 0 0
310	93	1 1 1 1 1 1 0 0 1 1 0 0 0 0 0 0
310	4	0 1 1 1 1 0 0 1 0 0 0 0 0 0 0 0
310	17	0 1 1 1 1 0 0 0 1 0 0 0 0 0 0 0
310	72	1 1 1 1 1 0 0 1 0 0 0 0 0 0 0 0
310	10	0 1 1 0 0 0 0 1 1 0 0 0 0 0 0 0
310	6	1 0 1 1 1 0 0 0 1 1 0 0 0 0 1 0
310	63	1 1 1 1 1 0 0 0 1 1 1 0 0 0 0 0
310	26	0 1 1 1 1 1 0 0 1 0 0 0 0 0 0 0
310	6	0 0 1 1 0 0 0 1 1 1 0 0 0 0 0 0
310	17	0 1 1 1 1 0 0 1 1 1 0 0 0 0 0 0
310	6	0 1 1 1 1 0 0 1 1 0 0 0 0 0 1 0
310	16	1 1 1 1 1 0 0 1 0 0 0 0 1 0 0 0
310	12	1 1 0 1 1 0 0 1 1 0 0 0 0 0 0 0
310	12	1 1 1 1 1 1 0 0 1 1 0 0 0 0 1 0
310	16	1 1 1 1 1 0 0 1 1 1 0 0 0 0 0 0
310	1	1 0 1 1 1 0 0 0 1 1 0 0 0 0 0 1
310	27	1 1 1 1 1 0 0 1 1 0 0 0 0 0 0 0
310	41	1 1 1 1 1 1 0 0 1 0 0 0 0 0 0 0
310	6	0 1 1 1 1 0 0 0 1 1 1 0 0 0 0 0
310	22	0 1 1 1 1 1 0 1 0 0 0 0 0 0 0 0
310	4	1 1 0 1 1 0 0 1 0 0 0 0 0 0 0 0
310	15	1 1 1 1 1 1 0 1 1 0 0 0 0 0 0 0
310	36	1 1 1 1 1 1 0 1 1 1 0 0 0 0 0 0
310	46	1 1 1 1 1 1 0 0 1 0 0 1 0 0 0 0
310	22	1 1 0 1 1 0 0 1 0 0 0 1 0 0 0 0
310	7	1 1 1 1 1 1 0 0 1 1 0 0 1 0 0 0
310	22	1 1 1 1 1 0 0 0 1 1 0 0 1 0 0 0
310	1	1 1 1 1 1 1 1 1 1 1 0 0 1 0 0 0
310	8	1 1 0 1 1 1 0 0 1 1 0 0 0 0 0 0
310	1	1 1 1 1 1 1 0 0 1 0 0 1 0 1 0 0
310	4	1 1 1 1 0 0 1 1 0 0 0 0 0 0 0 0
310	17	1 1 1 1 1 0 0 1 1 0 0 1 0 0 0 0
310	8	1 0 1 1 0 0 0 1 1 1 0 0 0 0 0 0
310	15	1 0 0 1 1 0 0 1 1 0 0 0 0 0 0 0
310	4	1 1 0 1 1 1 0 1 1 1 0 0 0 0 0 0
310	7	1 1 1 1 1 0 0 0 1 1 1 0 0 0 0 1
310	1	0 1 0 1 1 0 0 1 0 0 0 0 0 0 0 0
310	6	0 1 1 1 0 0 0 1 0 0 0 0 0 0 0 0
310	16	1 1 0 1 1 1 0 1 1 1 0 0 1 0 0 0
310	17	1 1 1 1 1 0 0 0 1 0 0 0 0 0 0 0
310	12	1 1 1 1 0 0 1 1 0 0 0 0 0 1 0 0
310	1	1 0 1 1 1 0 0 1 1 0 0 1 0 0 0 0
310	14	1 1 1 1 0 0 1 1 0 0 0 0 0 0 1 0
310	1	1 1 1 1 1 1 0 1 0 0 0 0 0 0 0 0
310	21	0 1 1 1 1 0 0 0 1 1 1 1 0 0 0 0
310	7	0 0 1 1 1 0 0 1 1 1 0 0 0 0 1 0
310	2	0 1 1 0 1 0 0 0 1 0 0 0 0 0 0 0
310	7	0 1 1 1 0 0 1 1 0 0 0 0 0 0 0 0
310	1	0 1 1 1 1 0 0 1 0 0 0 0 0 0 0 1
310	1	1 0 0 1 1 0 0 1 0 0 0 0 1 0 0 0
310	3	1 0 1 1 1 0 0 1 1 1 1 0 0 0 0 0
310	4	0 0 1 1 0 0 0 1 1 1 0 0 0 0 1 0
310	9	0 1 1 1 1 0 0 1 1 0 0 0 0 0 1 1
310	4	1 1 1 1 1 1 1 0 1 1 0 0 0 0 1 0
310	12	1 1 0 1 1 0 0 0 0 0 0 1 0 0 0 0
310	8	0 0 1 1 1 0 0 1 1 0 0 0 0 0 0 0
310	7	1 1 1 1 1 0 0 1 0 0 0 0 0 1 0 0
310	1	1 1 1 0 1 0 0 1 0 0 0 0 0 0 0 0
310	8	1 1 1 1 1 0 0 1 1 0 0 0 1 0 0 0
310	4	1 1 1 1 0 1 0 1 1 1 0 0 0 0 0 0
310	4	1 1 0 1 1 1 0 0 1 0 0 1 0 0 0 0
310	2	1 0 1 1 1 0 0 1 1 1 0 0 0 0 0 0
310	6	1 0 1 1 1 0 0 1 0 0 0 0 0 0 0 0
310	2	0 0 1 1 1 0 0 0 1 0 0 0 0 0 0 0
310	3	0 1 1 1 1 1 0 1 0 0 1 0 0 0 0 0
310	1	0 0 1 1 1 1 0 1 0 0 0 0 0 0 0 0
310	1	1 1 1 1 1 1 0 0 1 1 1 1 0 0 0 0
310	3	1 1 1 1 1 1 1 0 1 1 0 0 0 0 0 0
310	2	0 1 1 1 1 1 0 0 1 0 0 0 0 0 1 0
310	5	0 1 0 1 1 0 0 1 0 0 0 0 0 0 0 1
310	1	1 1 0 1 0 0 0 0 0 0 0 1 0 0 0 0
310	3	0 1 1 1 1 0 0 1 1 0 0 1 0 0 0 0
310	1	1 0 1 1 1 0 0 0 1 0 0 0 0 0 0 0
310	5	0 1 1 1 0 0 0 0 1 0 0 0 0 0 0 0
310	1	1 1 1 1 1 0 0 1 0 0 0 0 0 0 1 0
310	2	1 1 1 1 1 0 0 1 1 0 0 0 0 0 0 1
310	1	1 1 1 1 1 1 0 1 1 1 0 0 0 1 0 0
310	2	1 1 1 1 1 0 0 1 1 0 0 1 1 0 0 0
310	1	1 1 1 1 1 1 0 1 1 0 0 0 0 0 1 0
310	2	1 1 1 1 1 1 0 0 1 1 1 0 0 0 0 0
310	2	1 1 1 1 1 1 0 0 1 1 0 1 0 0 0 0
310	1	1 1 1 1 1 0 0 0 0 0 0 0 0 0 0 0
310	2	1 0 1 0 1 0 0 0 1 1 0 0 0 0 1 0
310	4	1 1 1 1 1 0 0 0 1 0 0 1 0 0 0 0
310	2	1 1 1 1 1 0 0 0 1 1 0 1 0 0 1 0
310	1	0 1 1 1 1 0 0 0 0 0 0 0 0 0 0 0
310	1	0 1 1 0 0 0 0 0 1 0 0 0 0 0 0 0
310	2	1 1 0 1 1 0 0 1 1 0 0 1 0 0 0 0
310	3	1 1 1 1 1 0 0 1 1 0 1 1 0 0 0 0
310	2	0 1 1 1 1 0 0 0 1 1 1 0 0 0 0 1
310	1	1 1 1 1 1 0 0 0 1 0 0 0 0 1 0 0
310	1	1 1 1 1 0 0 1 1 0 1 0 0 0 0 0 0
310	1	1 1 0 1 0 0 0 0 1 1 1 0 0 0 0 1
310	1	1 1 1 1 1 0 0 0 1 1 0 0 0 0 0 0
310	2	1 1 1 1 1 0 0 0 1 1 1 0 0 1 0 0
310	1	0 1 0 1 1 0 0 1 1 1 0 0 0 0 0 0
310	1	1 1 1 1 1 1 1 0 1 0 0 0 0 0 0 0
310	1	1 1 1 1 1 1 0 1 1 1 1 0 0 0 0 0
310	2	1 1 1 1 1 1 0 1 1 1 0 1 0 0 0 0
310	1	1 1 1 1 0 1 0 0 1 0 0 1 0 0 0 0
310	2	1 1 1 1 1 1 0 0 1 0 0 1 0 0 0 1
310	1	1 1 1 1 1 1 0 0 1 1 0 0 1 0 1 0
310	1	1 1 0 1 1 0 0 0 0 0 1 1 0 0 0 0
320	2	1 1 1 1 1 0 0 0 1 1 0 0 0 0 1 0
320	45	0 1 1 1 1 0 0 1 1 0 0 0 0 0 0 0
320	24	1 1 1 1 1 1 0 0 1 1 0 0 0 0 0 0
320	12	0 1 1 1 1 0 0 1 0 0 0 0 0 0 0 0
320	11	0 1 1 1 1 0 0 0 1 0 0 0 0 0 0 0
320	108	1 1 1 1 1 0 0 1 0 0 0 0 0 0 0 0
320	26	0 1 1 0 0 0 0 1 1 0 0 0 0 0 0 0
320	52	1 1 1 1 1 0 0 0 1 1 1 0 0 0 0 0
320	5	0 1 1 1 1 1 0 0 1 0 0 0 0 0 0 0
320	16	0 1 1 1 1 0 0 1 1 1 0 0 0 0 0 0
320	11	0 1 1 1 1 0 0 1 1 0 0 0 0 0 1 0
320	12	1 1 1 1 1 0 0 1 0 0 0 0 1 0 0 0
320	15	1 1 0 1 1 0 0 1 1 0 0 0 0 0 0 0
320	10	1 1 1 1 1 1 0 0 1 1 0 0 0 0 1 0
320	13	1 1 1 1 1 0 0 1 1 1 0 0 0 0 0 0
320	19	1 1 1 1 1 0 0 1 1 0 0 0 0 0 0 0
320	23	1 1 1 1 1 1 0 0 1 0 0 0 0 0 0 0
320	9	0 1 1 1 1 0 0 0 1 1 1 0 0 0 0 0
320	20	0 1 1 1 1 1 0 1 0 0 0 0 0 0 0 0
320	25	1 1 0 1 1 0 0 1 0 0 0 0 0 0 0 0
320	6	1 1 1 1 1 1 0 1 1 0 0 0 0 0 0 0
320	43	1 1 1 1 1 1 0 1 1 1 0 0 0 0 0 0
320	78	1 1 1 1 1 1 0 0 1 0 0 1 0 0 0 0
320	5	1 1 0 1 1 0 0 1 0 0 0 1 0 0 0 0
320	13	1 1 1 1 1 1 0 0 1 1 0 0 1 0 0 0
320	12	1 1 1 1 1 0 0 0 1 1 0 0 1 0 0 0
320	6	1 1 0 1 1 1 0 0 1 1 0 0 0 0 0 0
320	5	1 0 1 1 0 0 0 1 1 1 0 0 0 0 0 0
320	21	1 0 0 1 1 0 0 1 1 0 0 0 0 0 0 0
320	3	1 1 0 1 1 1 0 1 1 1 0 0 0 0 0 0
320	5	1 1 1 1 1 0 0 0 1 1 1 0 0 0 0 1
320	8	0 1 1 1 0 0 0 1 0 0 0 0 0 0 0 0
320	15	1 1 0 1 1 1 0 1 1 1 0 0 1 0 0 0
320	12	1 1 1 1 1 0 0 0 1 0 0 0 0 0 0 0
320	22	1 1 1 1 0 0 1 1 0 0 0 0 0 1 0 0
320	13	1 1 1 1 0 0 1 1 0 0 0 0 0 0 1 0
320	3	1 1 1 1 1 1 0 1 0 0 0 0 0 0 0 0
320	3	0 1 1 1 1 0 0 0 1 1 1 1 0 0 0 0
320	20	0 1 1 1 0 0 1 1 0 0 0 0 0 0 0 0
320	5	1 0 1 1 1 0 0 1 1 1 1 0 0 0 0 0
320	6	0 1 1 1 1 0 0 1 1 0 0 0 0 0 1 1
320	5	1 1 1 1 1 1 1 0 1 1 0 0 0 0 1 0
320	11	1 1 0 1 1 0 0 0 0 0 0 1 0 0 0 0
320	6	1 1 1 1 0 1 0 1 1 1 0 0 0 0 0 0
320	2	1 1 0 1 1 1 0 0 1 0 0 1 0 0 0 0
320	6	1 0 1 1 1 0 0 1 1 1 0 0 0 0 0 0
320	3	0 0 1 1 1 0 0 0 1 0 0 0 0 0 0 0
320	10	0 0 1 1 1 1 0 1 0 0 0 0 0 0 0 0
320	9	1 1 1 1 1 1 1 0 1 1 0 0 0 0 0 0
320	4	1 1 0 1 0 0 0 0 0 0 0 1 0 0 0 0
320	8	0 1 1 1 1 0 0 1 1 0 0 1 0 0 0 0
320	4	1 1 1 1 1 0 0 1 1 0 0 0 0 0 0 1
320	8	1 1 1 1 1 0 0 1 1 0 0 1 1 0 0 0
320	8	1 1 1 1 1 1 0 0 1 1 1 0 0 0 0 0
320	5	1 1 1 1 1 1 0 0 1 1 0 1 0 0 0 0
320	2	1 0 1 0 1 0 0 0 1 1 0 0 0 0 1 0
320	4	1 1 1 1 1 0 0 0 1 0 0 1 0 0 0 0
320	2	0 1 1 0 0 0 0 0 1 0 0 0 0 0 0 0
320	1	1 1 1 1 1 0 0 1 1 0 1 1 0 0 0 0
320	3	1 1 1 1 1 0 0 0 1 1 0 0 0 0 0 0
320	4	1 1 1 1 1 1 1 0 1 0 0 0 0 0 0 0
320	1	1 1 1 1 0 1 0 0 1 0 0 1 0 0 0 0
320	10	1 1 0 1 1 0 0 0 1 0 0 1 0 0 0 1
320	1	0 1 1 1 1 1 0 0 1 1 0 0 1 0 0 0
320	3	1 1 0 1 1 1 1 1 1 1 0 0 0 0 0 0
320	3	1 1 0 1 1 0 0 0 1 1 1 0 0 0 0 0
320	15	0 1 1 1 1 1 0 0 1 1 0 0 0 0 0 0
320	1	1 1 1 1 1 0 0 1 1 0 1 0 0 0 0 0
320	2	1 0 0 1 1 0 0 1 1 0 0 0 0 1 0 0
320	1	1 1 0 1 1 1 0 1 1 1 0 0 0 0 0 1
320	3	1 1 1 0 1 1 0 0 1 1 0 1 0 0 0 0
320	1	1 1 1 1 1 0 1 0 1 1 1 0 0 0 0 0
320	10	1 1 1 1 1 0 0 1 1 1 0 0 1 0 0 0
320	1	1 1 1 1 0 1 1 0 1 1 0 0 0 0 0 0
320	3	0 1 1 1 1 0 0 0 1 0 0 0 1 0 0 0
320	4	1 1 1 1 1 0 1 1 0 0 0 0 0 0 0 0
320	3	1 1 1 1 0 0 0 1 0 0 0 0 0 0 0 0
320	2	1 1 0 1 0 1 0 0 1 1 0 0 0 0 0 0
320	5	0 1 1 0 1 1 0 1 1 1 0 0 0 0 0 0
320	5	0 1 1 1 1 1 0 1 0 0 0 0 0 0 1 0
320	3	1 1 1 1 1 1 0 0 1 0 1 0 0 1 0 0
320	2	0 1 1 1 1 0 0 1 1 1 0 0 1 0 0 0
320	3	1 1 1 1 1 0 0 0 1 0 0 0 0 1 0 0
320	2	0 1 1 1 1 0 0 1 1 0 0 0 0 1 0 0
320	2	1 0 1 1 1 0 0 1 0 0 0 0 0 0 0 0
320	2	0 0 1 1 1 0 0 1 1 1 0 0 0 0 0 0
320	4	1 1 1 1 1 0 0 0 1 1 1 1 0 0 0 1
320	1	0 1 1 1 1 1 0 0 0 0 0 0 0 0 0 0
320	2	0 0 1 1 1 0 0 1 0 0 0 0 0 0 0 0
320	2	1 1 1 1 1 0 0 0 1 1 1 0 0 1 0 0
320	1	1 1 1 1 1 1 0 1 0 1 0 0 0 0 0 0
320	1	1 1 0 1 0 0 0 0 0 0 0 1 1 0 0 0
320	5	1 1 1 1 1 0 0 0 1 1 1 1 1 0 0 0
320	1	1 1 0 1 1 0 0 0 1 1 0 0 0 0 0 0
320	1	1 1 1 1 0 0 0 1 1 0 0 0 0 0 0 0
320	3	0 1 1 1 1 0 1 1 1 0 0 0 0 0 0 0
320	3	1 1 1 1 1 0 0 0 0 0 0 0 0 0 0 0
320	5	1 1 1 0 1 1 0 1 1 0 0 0 0 0 0 0
320	3	1 0 1 1 1 0 0 1 1 0 0 0 0 0 0 0
320	6	0 1 1 1 1 0 0 0 1 0 0 1 0 0 0 0
320	1	1 1 1 1 1 0 0 1 0 0 0 1 0 0 0 0
320	2	1 1 1 1 1 0 0 1 0 0 0 0 0 0 1 1
320	1	1 1 1 1 1 1 0 0 1 1 0 0 0 0 1 1
320	1	1 0 1 1 1 0 0 0 1 1 1 0 0 0 0 0
320	2	0 1 1 1 1 0 0 1 1 0 0 1 1 0 0 0
330	49	0 1 1 1 1 0 0 1 1 0 0 0 0 0 0 0
330	22	1 1 1 1 1 1 0 0 1 1 0 0 0 0 0 0
330	4	0 1 1 1 1 0 0 1 0 0 0 0 0 0 0 0
330	2	0 1 1 1 1 0 0 0 1 0 0 0 0 0 0 0
330	84	1 1 1 1 1 0 0 1 0 0 0 0 0 0 0 0
330	23	0 1 1 0 0 0 0 1 1 0 0 0 0 0 0 0
330	57	1 1 1 1 1 0 0 0 1 1 1 0 0 0 0 0
330	1	0 1 1 1 1 1 0 0 1 0 0 0 0 0 0 0
330	29	0 1 1 1 1 0 0 1 1 1 0 0 0 0 0 0
330	14	0 1 1 1 1 0 0 1 1 0 0 0 0 0 1 0
330	25	1 1 1 1 1 0 0 1 0 0 0 0 1 0 0 0
330	4	1 1 0 1 1 0 0 1 1 0 0 0 0 0 0 0
330	10	1 1 1 1 1 1 0 0 1 1 0 0 0 0 1 0
330	23	1 1 1 1 1 0 0 1 1 0 0 0 0 0 0 0
330	32	1 1 1 1 1 1 0 0 1 0 0 0 0 0 0 0
330	3	0 1 1 1 1 1 0 1 0 0 0 0 0 0 0 0
330	20	1 1 0 1 1 0 0 1 0 0 0 0 0 0 0 0
330	6	1 1 1 1 1 1 0 1 1 0 0 0 0 0 0 0
330	17	1 1 1 1 1 1 0 1 1 1 0 0 0 0 0 0
330	75	1 1 1 1 1 1 0 0 1 0 0 1 0 0 0 0
330	4	1 1 0 1 1 0 0 1 0 0 0 1 0 0 0 0
330	53	1 0 0 1 1 0 0 1 1 0 0 0 0 0 0 0
330	30	0 1 1 1 0 0 0 1 0 0 0 0 0 0 0 0
330	15	1 1 1 1 1 0 0 0 1 0 0 0 0 0 0 0
330	11	1 1 1 1 0 0 1 1 0 0 0 0 0 1 0 0
330	17	1 1 1 1 0 0 1 1 0 0 0 0 0 0 1 0
330	14	0 1 1 1 1 0 0 0 1 1 1 1 0 0 0 0
330	8	0 1 1 1 0 0 1 1 0 0 0 0 0 0 0 0
330	3	0 1 1 1 1 0 0 1 1 0 0 0 0 0 1 1
330	2	1 1 1 1 1 1 1 0 1 1 0 0 0 0 1 0
330	10	1 1 1 1 0 1 0 1 1 1 0 0 0 0 0 0
330	10	1 0 1 1 1 0 0 1 1 1 0 0 0 0 0 0
330	1	0 0 1 1 1 1 0 1 0 0 0 0 0 0 0 0
330	30	1 1 1 1 1 1 1 0 1 1 0 0 0 0 0 0
330	7	1 1 0 1 0 0 0 0 0 0 0 1 0 0 0 0
330	2	1 1 1 1 1 0 0 1 1 0 0 0 0 0 0 1
330	7	1 1 1 1 1 0 0 1 1 0 0 1 1 0 0 0
330	5	1 1 1 1 1 1 0 0 1 1 1 0 0 0 0 0
330	11	1 1 1 1 1 1 0 0 1 1 0 1 0 0 0 0
330	2	1 1 1 1 1 0 0 0 1 1 0 0 0 0 0 0
330	2	1 1 1 1 1 1 1 0 1 0 0 0 0 0 0 0
330	2	1 1 0 1 1 0 0 0 1 0 0 1 0 0 0 1
330	1	1 1 0 1 1 0 0 0 1 1 1 0 0 0 0 0
330	9	0 1 1 1 1 1 0 0 1 1 0 0 0 0 0 0
330	3	1 1 1 0 1 1 0 0 1 1 0 1 0 0 0 0
330	1	1 1 1 1 1 0 0 1 1 1 0 0 1 0 0 0
330	5	0 1 1 1 1 0 0 0 1 0 0 0 1 0 0 0
330	19	1 1 0 1 0 1 0 0 1 1 0 0 0 0 0 0
330	8	0 1 1 0 1 1 0 1 1 1 0 0 0 0 0 0
330	11	1 1 1 1 1 1 0 0 1 0 1 0 0 1 0 0
330	2	0 0 1 1 1 0 0 1 1 1 0 0 0 0 0 0
330	7	1 1 1 1 1 0 0 0 1 1 1 1 0 0 0 1
330	11	1 1 1 1 1 0 0 0 1 1 1 1 1 0 0 0
330	15	1 1 1 1 0 0 0 1 1 0 0 0 0 0 0 0
330	4	1 1 1 1 1 0 0 0 0 0 0 0 0 0 0 0
330	3	1 1 1 0 1 1 0 1 1 0 0 0 0 0 0 0
330	4	1 1 1 1 1 0 0 1 0 0 0 1 0 0 0 0
330	3	1 1 1 1 1 0 0 1 0 0 0 0 0 0 0 1
330	1	1 1 1 1 1 1 0 0 1 0 0 0 1 0 0 0
330	12	1 1 1 1 1 0 0 0 1 1 1 1 0 0 0 0
330	2	0 1 1 1 1 1 0 1 1 1 0 0 0 0 0 0
330	11	0 1 1 1 1 1 0 0 1 0 0 1 0 0 0 0
330	1	1 1 1 1 1 1 0 1 1 1 0 1 0 0 0 0
330	3	1 0 0 1 1 0 0 1 1 0 0 0 1 0 0 0
330	5	1 1 1 1 1 0 0 1 1 0 0 0 0 0 1 0
330	3	1 1 1 1 1 1 0 1 1 1 0 0 0 1 0 0
330	4	1 1 0 1 0 0 1 1 0 0 1 0 0 1 0 0
330	5	0 1 1 0 1 0 0 0 1 1 1 0 0 0 0 0
330	3	1 1 1 1 1 1 0 1 1 0 0 1 0 0 0 0
330	3	1 1 1 1 0 1 0 0 1 0 0 1 0 0 0 0
330	4	0 1 1 1 1 0 1 0 1 0 0 1 0 0 0 0
330	1	1 1 1 1 0 0 1 1 0 0 0 0 0 0 0 0
330	1	1 1 0 1 1 0 0 0 1 0 0 1 0 0 0 0
330	1	1 1 0 1 1 0 0 1 1 0 1 0 0 0 0 0
330	6	1 1 1 1 1 1 0 0 0 0 0 1 0 0 0 0
330	5	1 1 1 1 1 1 0 0 1 0 0 1 0 1 0 0
330	4	0 0 0 1 1 0 0 1 1 0 0 0 0 0 0 0
330	8	0 1 1 1 0 0 1 0 0 0 0 0 0 0 0 0
330	7	0 1 1 1 1 0 0 0 1 0 0 0 0 0 1 0
330	3	1 1 1 1 1 1 0 0 1 0 0 1 1 0 0 0
330	3	1 0 0 1 1 0 0 1 1 1 0 0 0 0 0 0
330	2	1 1 1 1 1 1 0 0 1 1 0 1 1 0 0 0
330	1	1 1 1 0 1 0 0 0 1 1 0 1 0 1 0 0
330	2	1 1 0 1 1 0 0 1 1 1 0 0 0 0 0 0
330	2	0 1 1 1 0 0 0 0 1 1 1 0 0 0 0 0
330	3	0 0 1 1 1 1 0 0 0 0 0 0 0 0 0 0
330	1	1 0 0 1 1 0 0 1 1 0 0 0 0 0 1 0
330	1	1 1 1 1 0 0 0 1 0 0 0 0 0 1 0 0
330	1	1 1 1 1 0 0 1 1 0 1 0 0 0 0 1 0
330	3	1 1 1 1 1 1 0 0 1 1 0 1 0 1 0 0
330	2	1 1 1 1 1 0 0 1 1 1 0 0 0 0 0 0
330	1	0 1 1 1 1 0 0 1 1 0 0 0 1 0 1 0
330	1	1 1 1 1 1 0 0 1 1 0 0 0 0 1 0 0
330	1	1 1 0 1 1 0 0 1 0 1 0 0 0 0 0 0
330	4	0 1 1 1 0 0 0 1 0 0 0 0 0 0 1 0
330	3	0 1 0 1 0 0 1 1 0 0 0 0 0 0 0 0
330	1	1 1 0 1 0 0 1 0 0 0 0 1 0 0 0 0
330	2	1 1 0 1 1 0 0 1 1 0 0 1 1 0 0 0
330	2	0 1 1 1 1 0 0 1 0 0 0 0 0 1 0 0
330	1	1 1 1 1 1 0 0 0 1 1 1 0 0 1 0 0
330	2	1 1 1 1 1 1 0 1 0 0 0 0 0 0 0 0
330	1	1 1 1 1 1 0 0 0 1 0 0 0 0 0 1 0
330	1	1 1 1 1 1 0 0 0 1 1 0 1 0 0 0 0
330	3	1 0 1 1 1 0 0 1 0 0 0 0 0 0 0 0
330	1	1 1 0 1 1 0 0 0 1 0 0 0 0 0 0 0
330	1	1 1 1 1 1 0 0 1 0 0 0 0 0 1 0 0
330	2	1 1 1 1 1 0 0 1 0 0 1 0 0 0 0 0
330	2	1 1 1 1 1 1 0 0 1 0 0 1 0 0 0 1
330	2	1 1 1 1 0 1 0 1 1 1 0 0 0 1 0 0
330	1	1 1 1 1 1 0 0 0 1 1 1 0 1 0 0 0
330	1	0 1 1 1 1 0 1 0 1 0 0 1 0 0 1 0
330	1	1 1 1 0 1 0 0 1 1 1 0 1 0 1 0 0
340	40	0 1 1 1 1 0 0 1 1 0 0 0 0 0 0 0
340	32	1 1 1 1 1 1 0 0 1 1 0 0 0 0 0 0
340	13	0 1 1 1 1 0 0 1 0 0 0 0 0 0 0 0
340	3	0 1 1 1 1 0 0 0 1 0 0 0 0 0 0 0
340	123	1 1 1 1 1 0 0 1 0 0 0 0 0 0 0 0
340	13	0 1 1 0 0 0 0 1 1 0 0 0 0 0 0 0
340	79	1 1 1 1 1 0 0 0 1 1 1 0 0 0 0 0
340	24	0 1 1 1 1 0 0 1 1 1 0 0 0 0 0 0
340	1	1 1 1 1 1 0 0 1 0 0 0 0 1 0 0 0
340	9	1 1 0 1 1 0 0 1 1 0 0 0 0 0 0 0
340	5	1 1 1 1 1 1 0 0 1 1 0 0 0 0 1 0
340	6	1 1 1 1 1 0 0 1 1 0 0 0 0 0 0 0
340	27	1 1 1 1 1 1 0 0 1 0 0 0 0 0 0 0
340	9	0 1 1 1 1 1 0 1 0 0 0 0 0 0 0 0
340	14	1 1 0 1 1 0 0 1 0 0 0 0 0 0 0 0
340	8	1 1 1 1 1 1 0 1 1 1 0 0 0 0 0 0
340	90	1 1 1 1 1 1 0 0 1 0 0 1 0 0 0 0
340	53	1 0 0 1 1 0 0 1 1 0 0 0 0 0 0 0
340	17	0 1 1 1 0 0 0 1 0 0 0 0 0 0 0 0
340	4	1 1 1 1 1 0 0 0 1 0 0 0 0 0 0 0
340	11	1 1 1 1 0 0 1 1 0 0 0 0 0 1 0 0
340	6	1 1 1 1 0 0 1 1 0 0 0 0 0 0 1 0
340	2	0 1 1 1 1 0 0 0 1 1 1 1 0 0 0 0
340	8	0 1 1 1 1 0 0 1 1 0 0 0 0 0 1 1
340	2	1 1 1 1 1 1 1 0 1 1 0 0 0 0 1 0
340	1	1 1 1 1 0 1 0 1 1 1 0 0 0 0 0 0
340	36	1 0 1 1 1 0 0 1 1 1 0 0 0 0 0 0
340	36	1 1 1 1 1 1 1 0 1 1 0 0 0 0 0 0
340	1	1 1 0 1 0 0 0 0 0 0 0 1 0 0 0 0
340	7	1 1 1 1 1 1 0 0 1 1 1 0 0 0 0 0
340	2	1 1 1 1 1 1 0 0 1 1 0 1 0 0 0 0
340	5	1 1 1 0 1 1 0 0 1 1 0 1 0 0 0 0
340	1	0 1 1 1 1 0 0 0 1 0 0 0 1 0 0 0
340	10	1 1 0 1 0 1 0 0 1 1 0 0 0 0 0 0
340	10	1 1 1 1 1 1 0 0 1 0 1 0 0 1 0 0
340	2	1 1 1 1 1 0 0 0 1 1 1 1 0 0 0 1
340	3	1 1 1 1 0 0 0 1 1 0 0 0 0 0 0 0
340	10	1 1 1 0 1 1 0 1 1 0 0 0 0 0 0 0
340	11	1 1 1 1 1 0 0 0 1 1 1 1 0 0 0 0
340	1	1 1 1 1 1 1 0 1 1 1 0 1 0 0 0 0
340	1	1 1 1 1 1 0 0 1 1 0 0 0 0 0 1 0
340	5	1 1 1 1 1 1 0 1 1 1 0 0 0 1 0 0
340	2	1 1 0 1 0 0 1 1 0 0 1 0 0 1 0 0
340	6	1 1 1 1 0 0 1 1 0 0 0 0 0 0 0 0
340	4	1 1 0 1 1 0 0 1 1 0 1 0 0 0 0 0
340	17	1 0 0 1 1 0 0 1 1 1 0 0 0 0 0 0
340	8	0 1 1 1 0 0 0 0 1 1 1 0 0 0 0 0
340	1	1 1 1 1 1 1 0 0 1 1 0 1 0 1 0 0
340	4	1 1 1 1 1 0 0 1 1 1 0 0 0 0 0 0
340	10	0 1 1 1 0 0 0 1 0 0 0 0 0 0 1 0
340	1	0 1 0 1 0 0 1 1 0 0 0 0 0 0 0 0
340	3	1 1 0 1 0 0 1 0 0 0 0 1 0 0 0 0
340	9	1 1 1 1 1 0 0 0 1 0 0 0 0 0 1 0
340	4	1 1 1 1 1 0 0 0 1 1 0 1 0 0 0 0
340	4	1 0 1 1 1 0 0 1 0 0 0 0 0 0 0 0
340	14	1 1 1 1 1 0 0 0 1 0 0 1 0 0 0 0
340	7	1 1 0 1 0 0 0 1 0 0 0 0 0 0 0 0
340	3	1 1 0 1 0 1 0 0 1 0 0 0 0 0 0 0
340	7	1 1 1 1 1 0 0 1 1 0 0 1 0 0 0 0
340	4	1 0 0 1 1 0 0 1 1 0 1 0 0 0 0 0
340	3	0 1 1 1 1 0 1 1 0 0 0 0 0 0 0 0
340	12	1 1 1 1 1 0 0 1 0 1 0 0 0 0 0 0
340	4	1 1 1 1 1 0 0 0 1 1 0 0 0 0 1 0
340	9	0 1 1 0 1 1 0 1 1 1 0 0 0 0 0 1
340	2	0 1 1 1 0 0 0 0 1 0 0 0 0 0 1 0
340	4	1 1 1 0 1 1 0 0 0 0 0 1 0 1 0 0
340	7	0 1 1 1 1 0 0 1 1 0 1 0 0 1 0 0
340	1	1 1 1 1 1 0 0 1 1 0 0 0 0 1 0 0
340	2	1 1 1 1 1 1 1 0 1 1 0 1 0 0 0 0
340	4	1 1 1 1 1 1 0 1 1 1 0 0 0 1 0 1
340	2	1 0 0 1 1 1 0 0 1 0 1 0 0 1 0 0
340	12	1 1 1 1 1 0 0 0 0 1 1 0 0 0 0 0
340	2	1 0 0 1 1 0 0 1 1 0 0 0 1 1 0 0
340	1	1 0 0 1 1 0 0 1 1 1 1 0 0 0 0 0
340	3	1 1 1 1 1 1 0 1 1 1 0 0 0 0 0 1
340	16	1 1 1 1 1 0 0 0 1 1 1 0 1 0 0 0
340	4	1 1 1 1 1 0 1 0 1 1 0 0 0 0 0 0
340	9	1 1 0 1 0 0 1 1 1 0 1 0 0 1 0 0
340	4	1 1 1 1 1 1 0 1 0 0 0 0 0 0 0 0
340	1	1 1 0 1 0 0 0 0 1 1 1 1 0 0 0 1
340	1	0 1 1 0 0 0 0 1 1 0 0 0 0 0 1 0
340	3	1 0 0 1 1 0 1 1 1 1 0 0 0 0 0 0
340	1	1 0 1 1 1 0 0 1 0 1 0 0 0 0 0 0
340	3	1 1 1 1 1 1 0 0 1 0 1 0 0 0 0 0
340	2	0 1 1 1 1 0 0 1 1 0 0 1 0 0 0 0
340	3	1 1 1 0 1 1 0 0 1 1 0 0 0 0 0 0
340	4	1 1 1 1 1 0 0 0 1 1 1 0 0 1 0 0
340	4	1 1 1 1 1 1 0 1 1 0 0 1 0 0 0 0
340	3	1 1 1 0 1 1 0 0 1 0 0 1 0 0 0 0
340	1	1 1 0 1 0 0 1 1 0 0 0 0 0 1 0 0
340	3	1 1 1 1 0 0 1 1 1 0 0 0 0 0 1 0
340	2	0 1 1 1 0 0 0 0 1 1 1 1 0 0 0 0
340	3	1 1 1 1 0 1 1 0 1 1 0 0 0 0 0 0
340	2	1 1 1 1 1 0 0 1 1 0 0 0 0 0 1 1
340	4	1 0 0 1 1 0 0 1 0 0 0 0 0 0 0 0
340	2	0 1 1 1 1 1 0 0 1 0 0 1 0 0 0 0
340	2	1 1 1 1 1 1 0 0 1 1 1 0 0 0 1 0
340	1	0 0 0 1 1 0 0 1 1 0 0 0 0 1 0 0
340	3	1 1 1 1 1 0 0 0 1 0 0 1 1 0 0 0
340	2	1 1 1 1 0 0 1 0 1 1 0 0 0 0 0 0
350	3	0 1 1 1 1 0 0 1 1 0 0 0 0 0 0 0
350	19	1 1 1 1 1 1 0 0 1 1 0 0 0 0 0 0
350	8	0 1 1 1 1 0 0 1 0 0 0 0 0 0 0 0
350	22	0 1 1 1 1 0 0 0 1 0 0 0 0 0 0 0
350	116	1 1 1 1 1 0 0 1 0 0 0 0 0 0 0 0
350	9	0 1 1 0 0 0 0 1 1 0 0 0 0 0 0 0
350	33	1 1 1 1 1 0 0 0 1 1 1 0 0 0 0 0
350	18	0 1 1 1 1 0 0 1 1 1 0 0 0 0 0 0
350	1	1 1 1 1 1 0 0 1 0 0 0 0 1 0 0 0
350	9	1 1 0 1 1 0 0 1 1 0 0 0 0 0 0 0
350	22	1 1 1 1 1 1 0 0 1 0 0 0 0 0 0 0
350	10	1 1 0 1 1 0 0 1 0 0 0 0 0 0 0 0
350	6	1 1 1 1 1 1 0 1 1 1 0 0 0 0 0 0
350	127	1 1 1 1 1 1 0 0 1 0 0 1 0 0 0 0
350	12	1 0 0 1 1 0 0 1 1 0 0 0 0 0 0 0
350	12	0 1 1 1 0 0 0 1 0 0 0 0 0 0 0 0
350	11	1 1 1 1 1 0 0 0 1 0 0 0 0 0 0 0
350	6	1 1 1 1 0 0 1 1 0 0 0 0 0 0 1 0
350	13	0 1 1 1 1 0 0 1 1 0 0 0 0 0 1 1
350	14	1 0 1 1 1 0 0 1 1 1 0 0 0 0 0 0
350	4	1 1 1 1 1 1 1 0 1 1 0 0 0 0 0 0
350	5	1 1 1 1 1 1 0 0 1 1 1 0 0 0 0 0
350	4	1 1 1 1 1 1 0 0 1 1 0 1 0 0 0 0
350	9	1 1 1 0 1 1 0 0 1 1 0 1 0 0 0 0
350	6	1 1 0 1 0 1 0 0 1 1 0 0 0 0 0 0
350	8	1 1 1 1 1 1 0 0 1 0 1 0 0 1 0 0
350	7	1 1 1 1 0 0 0 1 1 0 0 0 0 0 0 0
350	17	1 1 1 0 1 1 0 1 1 0 0 0 0 0 0 0
350	9	1 1 1 1 1 0 0 0 1 1 1 1 0 0 0 0
350	9	1 1 1 1 1 0 0 1 1 0 0 0 0 0 1 0
350	3	1 1 1 1 0 0 1 1 0 0 0 0 0 0 0 0
350	19	1 0 0 1 1 0 0 1 1 1 0 0 0 0 0 0
350	4	0 1 1 1 0 0 0 1 0 0 0 0 0 0 1 0
350	5	1 1 0 1 0 0 1 0 0 0 0 1 0 0 0 0
350	13	1 1 1 1 1 0 0 0 1 0 0 0 0 0 1 0
350	13	1 0 1 1 1 0 0 1 0 0 0 0 0 0 0 0
350	17	1 1 1 1 1 0 0 0 1 0 0 1 0 0 0 0
350	11	1 1 0 1 0 0 0 1 0 0 0 0 0 0 0 0
350	4	1 1 1 1 1 0 0 1 1 0 0 1 0 0 0 0
350	9	1 0 0 1 1 0 0 1 1 0 1 0 0 0 0 0
350	4	0 1 1 1 1 0 1 1 0 0 0 0 0 0 0 0
350	12	1 1 1 1 1 0 0 1 0 1 0 0 0 0 0 0
350	2	0 1 1 1 0 0 0 0 1 0 0 0 0 0 1 0
350	4	1 1 1 0 1 1 0 0 0 0 0 1 0 1 0 0
350	21	0 1 1 1 1 0 0 1 1 0 1 0 0 1 0 0
350	20	1 1 1 1 1 1 1 0 1 1 0 1 0 0 0 0
350	5	1 0 0 1 1 1 0 0 1 0 1 0 0 1 0 0
350	9	1 1 1 1 1 0 0 0 0 1 1 0 0 0 0 0
350	18	1 1 1 1 1 0 0 0 1 1 1 0 1 0 0 0
350	2	1 1 1 1 1 0 1 0 1 1 0 0 0 0 0 0
350	29	1 1 0 1 0 0 1 1 1 0 1 0 0 1 0 0
350	18	1 1 1 1 1 1 0 0 1 0 1 0 0 0 0 0
350	3	1 1 1 0 1 1 0 0 1 1 0 0 0 0 0 0
350	4	1 1 1 0 1 1 0 0 1 0 0 1 0 0 0 0
350	1	1 1 1 1 0 0 1 1 1 0 0 0 0 0 1 0
350	8	1 1 1 1 0 1 1 0 1 1 0 0 0 0 0 0
350	4	1 1 1 1 1 0 0 1 1 0 0 0 0 0 1 1
350	9	0 1 1 1 1 1 0 0 1 0 0 1 0 0 0 0
350	10	1 1 0 1 1 0 0 1 1 1 0 0 0 0 0 0
350	4	1 0 1 1 1 0 0 1 1 0 0 0 0 0 0 0
350	1	1 0 1 1 1 0 0 1 1 1 0 1 0 0 0 0
350	2	1 0 1 1 1 0 0 0 1 1 1 0 0 0 0 0
350	24	1 1 1 1 1 0 1 1 0 0 0 0 0 0 0 0
350	2	1 1 1 1 1 0 1 0 1 1 1 1 0 0 0 0
350	8	1 1 1 1 1 0 0 0 1 1 1 0 1 0 1 0
350	5	1 1 0 1 0 1 0 0 1 1 0 0 0 0 1 0
350	6	1 0 0 1 1 0 1 1 1 1 1 0 0 0 0 0
350	6	1 1 1 1 0 0 0 1 0 0 0 0 0 0 0 0
350	14	1 1 1 1 1 0 0 1 1 1 1 0 0 0 0 0
350	5	1 1 0 1 1 1 0 0 1 0 0 1 0 0 0 0
350	1	1 1 1 1 1 0 0 0 1 0 0 1 0 1 0 0
350	1	0 0 1 0 1 1 0 1 1 1 0 0 0 0 0 1
350	1	0 1 1 1 1 0 1 0 1 1 0 0 0 0 0 0
350	3	1 1 0 1 0 0 0 1 1 1 0 0 0 0 0 0
350	6	0 1 1 1 1 0 0 0 1 0 0 0 0 0 1 0
350	4	1 0 0 1 1 0 0 1 1 0 0 1 0 0 0 0
350	3	0 1 1 1 1 0 0 0 0 1 1 0 0 0 0 0
350	3	1 1 1 0 1 1 0 1 1 1 0 0 0 0 0 0
350	5	1 1 1 1 1 1 0 0 1 1 1 0 1 0 0 0
350	5	1 0 0 1 1 1 0 0 1 0 0 1 0 0 0 0
350	7	0 1 1 1 1 1 0 0 0 0 0 0 0 0 0 0
350	7	0 1 1 1 0 0 0 1 0 0 0 0 0 1 0 0
350	2	1 1 1 0 1 1 0 1 0 0 0 0 0 0 0 0
350	1	1 1 0 1 1 0 0 0 1 1 1 0 1 0 0 0
350	1	1 1 0 1 0 0 1 0 1 0 1 0 0 1 0 0
350	3	0 1 1 0 1 0 0 0 1 0 0 0 0 0 1 0
350	3	1 0 0 1 1 0 0 1 1 1 1 0 0 0 0 0
350	2	1 1 1 1 1 0 0 1 0 0 1 0 0 0 0 0
350	1	0 1 1 1 1 0 0 1 1 1 0 0 0 0 0 1
350	2	1 1 1 1 1 1 0 0 1 0 1 1 0 0 0 0
350	2	1 0 1 1 1 0 0 1 0 0 0 0 0 0 0 1
350	1	0 1 1 1 1 1 0 1 1 0 0 0 0 0 0 0
350	2	1 1 0 1 1 0 0 0 1 1 1 1 0 0 0 0
350	3	1 1 0 1 1 0 0 1 1 1 0 0 1 0 0 0
350	5	1 0 0 1 1 0 0 1 1 0 0 0 0 0 1 0
350	2	1 0 1 1 1 0 0 1 1 1 0 0 0 0 0 1
350	3	1 1 1 1 1 1 0 1 1 0 1 0 0 1 0 0
350	4	1 1 0 1 1 0 0 0 1 0 0 1 0 0 0 0
350	2	1 0 1 1 1 0 0 1 1 0 1 0 0 0 0 0
350	1	1 1 1 1 0 0 0 1 0 0 0 0 0 0 0 1
350	3	1 1 0 1 0 0 1 1 1 0 0 0 0 0 0 0
350	1	1 1 1 1 1 1 0 0 1 0 0 1 1 0 0 0
350	1	1 0 0 1 1 0 0 1 1 0 0 0 0 0 0 1
350	1	1 0 1 1 1 0 0 0 1 0 0 0 0 0 0 0
350	1	1 1 1 0 1 1 0 1 1 1 0 1 0 0 0 0
360	9	0 1 1 1 1 0 0 1 1 0 0 0 0 0 0 0
360	48	1 1 1 1 1 1 0 0 1 1 0 0 0 0 0 0
360	5	0 1 1 1 1 0 0 1 0 0 0 0 0 0 0 0
360	10	0 1 1 1 1 0 0 0 1 0 0 0 0 0 0 0
360	125	1 1 1 1 1 0 0 1 0 0 0 0 0 0 0 0
360	32	1 1 1 1 1 0 0 0 1 1 1 0 0 0 0 0
360	12	1 1 0 1 1 0 0 1 1 0 0 0 0 0 0 0
360	27	1 1 1 1 1 1 0 0 1 0 0 0 0 0 0 0
360	33	1 1 0 1 1 0 0 1 0 0 0 0 0 0 0 0
360	167	1 1 1 1 1 1 0 0 1 0 0 1 0 0 0 0
360	3	0 1 1 1 0 0 0 1 0 0 0 0 0 0 0 0
360	3	1 1 1 1 1 0 0 0 1 0 0 0 0 0 0 0
360	20	1 0 1 1 1 0 0 1 1 1 0 0 0 0 0 0
360	1	1 1 1 1 1 1 1 0 1 1 0 0 0 0 0 0
360	5	1 1 1 1 1 1 0 0 1 1 0 1 0 0 0 0
360	5	1 1 0 1 0 1 0 0 1 1 0 0 0 0 0 0
360	10	1 1 1 1 1 1 0 0 1 0 1 0 0 1 0 0
360	4	1 1 1 1 0 0 0 1 1 0 0 0 0 0 0 0
360	2	1 1 1 0 1 1 0 1 1 0 0 0 0 0 0 0
360	25	1 1 1 1 1 0 0 0 1 1 1 1 0 0 0 0
360	15	1 1 1 1 1 0 0 1 1 0 0 0 0 0 1 0
360	6	1 1 1 1 0 0 1 1 0 0 0 0 0 0 0 0
360	14	1 0 0 1 1 0 0 1 1 1 0 0 0 0 0 0
360	2	0 1 1 1 0 0 0 1 0 0 0 0 0 0 1 0
360	20	1 1 0 1 0 0 1 0 0 0 0 1 0 0 0 0
360	12	1 1 1 1 1 0 0 0 1 0 0 0 0 0 1 0
360	2	1 1 1 1 1 0 0 0 1 0 0 1 0 0 0 0
360	28	1 1 0 1 0 0 0 1 0 0 0 0 0 0 0 0
360	1	1 0 0 1 1 0 0 1 1 0 1 0 0 0 0 0
360	21	1 1 1 1 1 0 0 1 0 1 0 0 0 0 0 0
360	1	0 1 1 1 0 0 0 0 1 0 0 0 0 0 1 0
360	3	1 1 1 0 1 1 0 0 0 0 0 1 0 1 0 0
360	14	0 1 1 1 1 0 0 1 1 0 1 0 0 1 0 0
360	8	1 1 1 1 1 1 1 0 1 1 0 1 0 0 0 0
360	6	1 0 0 1 1 1 0 0 1 0 1 0 0 1 0 0
360	1	1 1 1 1 1 0 0 0 0 1 1 0 0 0 0 0
360	10	1 1 1 1 1 0 0 0 1 1 1 0 1 0 0 0
360	6	1 1 0 1 0 0 1 1 1 0 1 0 0 1 0 0
360	19	1 1 1 1 1 1 0 0 1 0 1 0 0 0 0 0
360	10	1 1 1 1 0 1 1 0 1 1 0 0 0 0 0 0
360	4	1 1 1 1 1 0 0 1 1 0 0 0 0 0 1 1
360	1	0 1 1 1 1 1 0 0 1 0 0 1 0 0 0 0
360	25	1 1 0 1 1 0 0 1 1 1 0 0 0 0 0 0
360	14	1 1 1 1 1 0 1 1 0 0 0 0 0 0 0 0
360	9	1 1 1 1 1 0 0 0 1 1 1 0 1 0 1 0
360	3	1 1 0 1 0 1 0 0 1 1 0 0 0 0 1 0
360	6	1 1 1 1 0 0 0 1 0 0 0 0 0 0 0 0
360	9	1 1 1 1 1 0 0 1 1 1 1 0 0 0 0 0
360	10	0 0 1 0 1 1 0 1 1 1 0 0 0 0 0 1
360	6	1 0 0 1 1 0 0 1 1 0 0 1 0 0 0 0
360	7	0 1 1 1 1 0 0 0 0 1 1 0 0 0 0 0
360	5	1 1 0 1 1 0 0 0 1 1 1 0 1 0 0 0
360	12	1 0 0 1 1 0 0 1 1 1 1 0 0 0 0 0
360	4	0 1 1 1 1 0 0 1 1 1 0 0 0 0 0 1
360	2	1 1 1 1 1 1 0 0 1 0 1 1 0 0 0 0
360	3	1 1 1 1 1 1 0 1 1 0 1 0 0 1 0 0
360	6	1 1 0 1 1 0 0 0 1 0 0 1 0 0 0 0
360	2	1 1 1 1 0 0 0 1 0 0 0 0 0 0 0 1
360	2	1 1 1 1 1 1 0 0 1 0 0 1 1 0 0 0
360	7	1 1 1 1 1 1 1 0 1 0 0 1 0 0 0 0
360	10	1 1 1 1 1 0 0 1 1 0 0 0 0 0 0 0
360	1	1 0 0 1 1 0 0 1 1 1 0 0 0 0 0 1
360	1	0 1 1 0 0 0 0 1 1 0 0 1 0 0 0 0
360	4	0 1 1 1 1 0 0 1 1 0 0 1 0 0 0 0
360	1	1 1 1 0 0 0 0 1 1 0 0 0 0 0 0 0
360	1	1 1 1 1 1 1 0 0 1 1 1 1 0 0 0 0
360	3	1 1 1 1 0 0 0 1 0 0 0 0 0 1 0 0
360	10	0 1 1 1 1 0 1 0 1 0 0 0 0 0 0 0
360	11	1 1 1 1 1 0 0 1 0 0 0 1 0 0 0 0
360	6	1 0 1 1 1 1 0 0 1 0 1 1 0 0 0 0
360	3	1 0 1 1 1 1 0 0 1 0 1 0 0 1 0 0
360	6	0 1 1 1 1 0 1 1 0 0 0 0 0 0 0 0
360	2	1 1 0 1 0 1 0 1 1 1 0 0 0 0 0 0
360	1	1 1 1 1 1 0 0 1 1 1 0 0 0 0 0 1
360	1	0 1 1 1 1 0 0 0 1 0 0 0 0 0 1 0
360	2	0 1 1 1 1 0 0 1 1 1 0 1 0 0 0 0
360	4	1 1 1 1 1 1 0 0 0 0 0 1 0 0 0 0
360	4	0 1 0 1 0 0 0 1 0 0 0 0 0 0 0 0
360	1	1 1 1 1 1 1 1 0 1 0 1 0 0 1 0 0
360	1	1 0 0 1 1 1 0 1 1 1 0 0 0 0 0 0
360	1	1 0 1 1 1 0 0 1 1 0 0 0 0 0 1 1
360	3	1 0 1 1 1 0 0 1 0 0 0 1 0 0 0 0
360	1	1 1 1 1 1 0 0 0 0 0 0 1 0 0 0 0
360	1	1 0 0 1 1 0 0 1 0 0 0 0 0 0 0 0
360	2	0 1 1 1 1 0 0 0 1 1 0 0 0 0 0 0
360	5	1 1 1 1 1 1 1 0 1 1 0 1 0 0 1 0
360	1	1 0 0 1 1 0 0 1 1 1 0 1 0 0 0 0
360	3	0 1 1 1 1 0 0 1 1 0 1 0 0 0 0 0
360	4	1 0 1 1 1 0 0 1 1 1 0 0 0 0 0 1
360	1	1 1 1 1 1 0 0 0 1 0 1 0 0 0 0 0
360	1	1 1 0 1 1 0 0 1 0 0 0 0 0 1 0 0
360	2	1 1 1 1 1 1 0 0 1 0 0 1 0 0 0 1
360	2	1 1 0 1 0 0 0 1 0 0 0 0 0 1 0 0
360	2	0 1 1 1 1 0 0 1 1 0 0 0 0 0 1 0
360	1	1 1 1 1 1 1 0 0 1 1 1 0 0 0 0 0
360	1	1 1 0 1 1 0 0 1 0 0 0 0 1 0 0 0
360	1	1 1 1 0 1 1 0 0 1 0 0 1 0 0 0 0
360	1	1 1 1 1 1 1 0 0 1 0 1 0 0 1 0 1
360	1	1 1 1 1 1 0 0 0 1 0 0 1 0 0 1 0
360	1	1 1 0 1 0 1 0 1 0 0 0 0 0 0 0 0
360	2	1 0 1 1 1 0 0 0 0 1 1 0 0 0 0 0
360	1	0 1 1 1 1 1 0 0 1 0 1 0 0 0 0 0
360	1	1 1 1 1 1 0 0 0 1 1 1 0 1 1 1 0
360	1	1 0 0 1 1 0 0 1 0 1 1 0 0 0 0 0
360	3	1 1 1 0 0 0 0 1 0 0 0 0 0 0 0 0
360	2	1 0 1 0 1 0 0 0 1 0 0 0 0 0 1 0
370	10	0 1 1 1 1 0 0 1 1 0 0 0 0 0 0 0
370	44	1 1 1 1 1 1 0 0 1 1 0 0 0 0 0 0
370	3	0 1 1 1 1 0 0 1 0 0 0 0 0 0 0 0
370	2	0 1 1 1 1 0 0 0 1 0 0 0 0 0 0 0
370	122	1 1 1 1 1 0 0 1 0 0 0 0 0 0 0 0
370	20	1 1 1 1 1 0 0 0 1 1 1 0 0 0 0 0
370	1	1 1 0 1 1 0 0 1 1 0 0 0 0 0 0 0
370	49	1 1 1 1 1 1 0 0 1 0 0 0 0 0 0 0
370	7	1 1 0 1 1 0 0 1 0 0 0 0 0 0 0 0
370	160	1 1 1 1 1 1 0 0 1 0 0 1 0 0 0 0
370	30	1 1 1 1 1 0 0 0 1 0 0 0 0 0 0 0
370	23	1 0 1 1 1 0 0 1 1 1 0 0 0 0 0 0
370	2	1 1 1 1 1 1 0 0 1 0 1 0 0 1 0 0
370	13	1 0 0 1 1 0 0 1 1 1 0 0 0 0 0 0
370	10	0 1 1 1 0 0 0 1 0 0 0 0 0 0 1 0
370	5	1 1 0 1 0 0 1 0 0 0 0 1 0 0 0 0
370	2	1 1 1 1 1 0 0 0 1 0 0 0 0 0 1 0
370	12	1 1 0 1 0 0 0 1 0 0 0 0 0 0 0 0
370	21	1 1 1 1 1 0 0 1 0 1 0 0 0 0 0 0
370	3	0 1 1 1 1 0 0 1 1 0 1 0 0 1 0 0
370	2	1 1 1 1 1 1 1 0 1 1 0 1 0 0 0 0
370	43	1 1 1 1 1 0 0 0 1 1 1 0 1 0 0 0
370	14	1 1 1 1 1 1 0 0 1 0 1 0 0 0 0 0
370	4	1 1 1 1 0 1 1 0 1 1 0 0 0 0 0 0
370	1	0 1 1 1 1 1 0 0 1 0 0 1 0 0 0 0
370	30	1 1 0 1 1 0 0 1 1 1 0 0 0 0 0 0
370	35	1 1 1 1 1 0 1 1 0 0 0 0 0 0 0 0
370	11	1 1 1 1 1 0 0 0 1 1 1 0 1 0 1 0
370	10	1 1 1 1 0 0 0 1 0 0 0 0 0 0 0 0
370	6	1 1 1 1 1 0 0 1 1 1 1 0 0 0 0 0
370	5	0 0 1 0 1 1 0 1 1 1 0 0 0 0 0 1
370	3	1 0 0 1 1 0 0 1 1 0 0 1 0 0 0 0
370	7	0 1 1 1 1 0 0 0 0 1 1 0 0 0 0 0
370	15	0 1 1 1 1 0 0 1 1 1 0 0 0 0 0 1
370	12	1 1 1 1 1 1 0 0 1 0 1 1 0 0 0 0
370	3	1 1 0 1 1 0 0 0 1 0 0 1 0 0 0 0
370	7	1 1 1 1 1 1 1 0 1 0 0 1 0 0 0 0
370	12	1 1 1 1 1 0 0 1 1 0 0 0 0 0 0 0
370	6	1 1 1 1 1 0 0 1 0 0 0 1 0 0 0 0
370	3	1 0 1 1 1 1 0 0 1 0 1 1 0 0 0 0
370	8	1 1 1 1 1 1 0 0 0 0 0 1 0 0 0 0
370	2	1 1 1 1 1 1 1 0 1 1 0 1 0 0 1 0
370	7	0 1 1 1 1 0 0 1 1 0 1 0 0 0 0 0
370	2	1 0 1 1 1 0 0 1 1 1 0 0 0 0 0 1
370	4	1 1 1 1 1 0 0 0 1 0 1 0 0 0 0 0
370	8	1 1 1 0 1 1 0 0 1 0 0 1 0 0 0 0
370	7	1 1 0 1 0 1 0 1 0 0 0 0 0 0 0 0
370	8	1 0 1 1 1 0 0 0 0 1 1 0 0 0 0 0
370	5	1 0 1 0 1 0 0 0 1 0 0 0 0 0 1 0
370	10	1 1 1 1 1 0 0 0 1 1 0 0 0 0 0 1
370	4	1 0 1 1 1 1 0 0 1 0 0 1 0 0 0 0
370	7	1 1 1 1 1 0 0 1 0 0 0 0 0 0 1 0
370	4	1 1 1 1 1 0 0 0 1 1 0 0 0 0 0 0
370	11	1 0 1 1 1 1 0 0 1 0 1 0 0 0 0 0
370	3	1 1 1 1 1 0 0 1 0 0 0 0 0 1 0 0
370	7	1 1 1 1 1 0 0 0 1 0 0 0 0 0 0 1
370	10	1 1 1 1 1 0 0 1 0 0 1 0 0 1 0 0
370	11	1 1 0 1 1 1 0 0 1 0 0 1 0 0 0 0
370	2	0 1 1 1 1 1 0 0 1 0 0 0 0 0 0 0
370	6	1 0 1 1 1 1 0 0 1 0 0 0 0 0 0 0
370	3	1 1 0 1 1 0 0 1 0 1 1 0 0 0 0 0
370	2	1 1 1 1 1 1 0 1 0 0 0 0 0 1 0 0
370	5	1 1 1 1 1 0 0 0 1 1 0 0 0 0 1 0
370	3	1 1 0 1 1 0 0 1 0 0 0 0 0 0 0 1
370	1	1 1 1 0 1 0 0 1 0 0 0 0 0 0 0 0
370	2	1 1 1 1 1 0 0 1 1 1 0 0 0 0 0 0
370	1	1 1 1 1 1 0 0 1 1 1 0 0 0 0 0 1
370	3	0 1 1 1 1 1 0 1 1 1 0 0 0 0 0 0
370	4	1 1 0 1 1 0 1 1 1 0 0 0 0 0 0 0
370	8	1 1 1 1 1 1 0 1 1 0 0 1 0 0 0 0
370	4	1 1 0 0 1 0 0 0 1 0 0 1 0 0 0 0
370	1	1 1 1 0 1 0 0 0 1 0 0 1 0 0 1 0
370	3	1 1 1 1 1 0 0 0 1 1 1 0 0 1 1 0
370	2	1 1 1 1 1 0 0 1 1 0 0 1 0 0 0 0
370	4	0 1 1 1 1 0 0 0 1 0 0 1 0 0 0 0
370	3	1 1 0 1 1 0 0 0 1 0 0 1 0 0 1 0
370	2	1 1 0 1 1 1 0 0 1 0 0 0 0 0 0 0
370	3	1 1 0 1 1 0 0 1 0 1 1 1 0 0 0 0
370	1	1 0 0 1 1 1 0 1 1 1 0 0 0 0 0 0
370	1	1 1 0 1 0 0 0 1 0 0 1 0 0 0 0 0
370	4	1 1 0 1 1 0 1 1 0 0 0 0 0 0 0 0
370	1	0 1 1 1 1 0 0 1 1 1 0 0 1 0 0 1
370	1	1 1 0 1 0 1 0 1 0 0 0 0 0 0 1 0
370	5	1 1 0 1 1 1 1 0 1 0 0 1 0 0 0 0
370	4	1 1 1 1 1 0 0 1 0 1 1 0 0 0 0 0
370	4	1 1 1 1 1 1 0 1 1 0 0 0 0 0 0 0
370	1	1 1 1 1 1 1 0 1 0 0 0 0 0 0 0 0
370	4	0 1 1 1 1 0 0 1 1 1 0 0 0 0 0 0
370	3	1 1 0 1 1 1 0 0 1 1 0 0 0 0 0 0
370	4	1 1 1 1 1 0 0 1 0 0 0 0 0 1 1 0
370	1	1 1 1 1 0 0 0 1 0 1 1 0 0 0 0 0
370	1	1 1 1 1 1 1 0 0 0 0 0 0 0 0 0 0
370	2	1 1 1 1 1 1 0 0 0 1 0 0 0 0 0 0
370	3	1 1 1 1 1 0 1 1 0 0 0 1 0 0 0 0
370	2	1 1 0 1 1 0 0 0 0 0 0 1 0 0 0 0
370	1	1 1 1 1 1 0 0 0 0 0 0 1 0 0 0 0
370	2	1 1 1 0 1 1 0 0 1 0 1 1 0 0 0 0
370	3	1 1 0 1 0 1 0 0 0 0 0 0 0 0 0 0
370	1	1 1 1 0 1 0 0 0 1 1 0 0 0 0 0 1
370	1	1 1 1 1 1 1 0 0 1 1 0 0 0 0 1 0
370	1	1 1 0 1 1 0 1 1 1 1 0 0 0 0 0 0
370	1	1 1 1 0 0 0 0 0 1 0 0 1 0 0 1 0
380	8	0 1 1 1 1 0 0 1 1 0 0 0 0 0 0 0
380	21	1 1 1 1 1 1 0 0 1 1 0 0 0 0 0 0
380	9	0 1 1 1 1 0 0 1 0 0 0 0 0 0 0 0
380	76	1 1 1 1 1 0 0 1 0 0 0 0 0 0 0 0
380	36	1 1 1 1 1 0 0 0 1 1 1 0 0 0 0 0
380	69	1 1 1 1 1 1 0 0 1 0 0 0 0 0 0 0
380	7	1 1 0 1 1 0 0 1 0 0 0 0 0 0 0 0
380	109	1 1 1 1 1 1 0 0 1 0 0 1 0 0 0 0
380	37	1 1 1 1 1 0 0 0 1 0 0 0 0 0 0 0
380	23	1 0 1 1 1 0 0 1 1 1 0 0 0 0 0 0
380	4	1 1 1 1 1 1 0 0 1 0 1 0 0 1 0 0
380	12	1 0 0 1 1 0 0 1 1 1 0 0 0 0 0 0
380	20	0 1 1 1 0 0 0 1 0 0 0 0 0 0 1 0
380	5	1 1 0 1 0 0 0 1 0 0 0 0 0 0 0 0
380	40	1 1 1 1 1 0 0 1 0 1 0 0 0 0 0 0
380	23	1 1 1 1 1 0 0 0 1 1 1 0 1 0 0 0
380	3	1 1 1 1 1 1 0 0 1 0 1 0 0 0 0 0
380	18	1 1 1 1 0 1 1 0 1 1 0 0 0 0 0 0
380	32	1 1 0 1 1 0 0 1 1 1 0 0 0 0 0 0
380	54	1 1 1 1 1 0 1 1 0 0 0 0 0 0 0 0
380	21	1 1 1 1 1 0 0 0 1 1 1 0 1 0 1 0
380	33	1 1 1 1 0 0 0 1 0 0 0 0 0 0 0 0
380	1	1 1 1 1 1 0 0 1 1 1 1 0 0 0 0 0
380	3	0 1 1 1 1 0 0 0 0 1 1 0 0 0 0 0
380	4	0 1 1 1 1 0 0 1 1 1 0 0 0 0 0 1
380	19	1 1 0 1 1 0 0 0 1 0 0 1 0 0 0 0
380	29	1 1 1 1 1 0 0 1 1 0 0 0 0 0 0 0
380	18	1 1 1 1 1 1 0 0 0 0 0 1 0 0 0 0
380	10	0 1 1 1 1 0 0 1 1 0 1 0 0 0 0 0
380	16	1 1 1 0 1 1 0 0 1 0 0 1 0 0 0 0
380	1	1 1 0 1 0 1 0 1 0 0 0 0 0 0 0 0
380	6	1 0 1 0 1 0 0 0 1 0 0 0 0 0 1 0
380	11	1 1 1 1 1 0 0 0 1 1 0 0 0 0 0 1
380	8	1 0 1 1 1 1 0 0 1 0 0 1 0 0 0 0
380	6	1 1 1 1 1 0 0 1 0 0 0 0 0 0 1 0
380	7	1 1 0 1 1 1 0 0 1 0 0 1 0 0 0 0
380	13	1 1 1 1 1 0 0 1 1 1 0 0 0 0 0 0
380	6	1 1 0 1 1 0 1 1 1 0 0 0 0 0 0 0
380	5	1 1 1 1 1 1 0 1 1 0 0 1 0 0 0 0
380	2	1 1 1 1 1 0 0 1 1 0 0 1 0 0 0 0
380	6	0 1 1 1 1 0 0 0 1 0 0 1 0 0 0 0
380	6	1 1 0 1 1 1 0 0 1 0 0 0 0 0 0 0
380	4	1 1 0 1 0 0 0 1 0 0 1 0 0 0 0 0
380	6	1 1 1 1 1 0 0 1 0 1 1 0 0 0 0 0
380	14	1 1 1 1 1 1 0 1 0 0 0 0 0 0 0 0
380	3	1 1 0 1 1 1 0 0 1 1 0 0 0 0 0 0
380	4	1 1 1 1 1 0 0 0 0 0 0 1 0 0 0 0
380	2	1 1 1 0 1 1 0 0 1 0 1 1 0 0 0 0
380	3	1 1 1 1 1 1 0 0 1 1 0 0 0 0 1 0
380	6	1 1 1 0 0 0 0 0 1 0 0 1 0 0 1 0
380	11	1 1 1 1 1 0 0 1 1 0 1 0 0 0 0 0
380	4	0 1 1 1 1 0 0 0 1 1 1 0 1 0 0 0
380	7	1 1 1 1 1 1 0 0 1 1 0 1 0 0 1 0
380	9	1 1 1 1 1 0 0 0 1 1 1 0 1 1 0 0
380	4	1 1 0 1 1 1 0 0 1 1 0 0 0 0 0 1
380	5	1 1 1 1 1 1 0 0 1 1 1 0 1 1 0 0
380	1	1 0 1 1 1 1 0 0 0 1 1 0 0 0 0 0
380	1	1 1 1 1 1 1 0 0 1 1 0 0 1 0 0 0
380	3	1 1 1 1 1 0 0 0 1 1 0 0 0 0 0 0
380	3	1 1 1 0 1 0 1 1 0 0 0 0 0 0 0 0
380	2	1 1 1 0 1 0 0 0 1 0 0 1 0 0 0 0
380	4	1 1 1 1 1 0 0 1 0 0 0 1 0 0 1 0
380	17	1 1 1 1 0 0 0 0 1 1 1 0 0 0 0 0
380	7	1 1 0 1 1 0 1 1 1 0 0 1 0 0 0 0
380	4	1 1 0 1 0 0 1 1 0 0 0 0 0 0 0 0
380	3	1 1 1 1 1 0 1 1 1 0 0 1 0 0 0 0
380	2	1 1 0 1 1 0 0 1 1 0 0 1 0 0 0 0
380	1	1 1 1 1 0 0 0 1 0 0 1 0 1 0 0 0
380	2	0 1 1 0 1 0 0 0 1 1 1 0 1 0 0 0
380	1	1 1 1 1 1 1 1 1 0 0 0 0 0 0 0 0
380	1	1 1 1 1 0 1 0 0 1 0 0 1 0 0 0 0
380	1	1 1 0 1 1 0 0 1 1 1 0 0 1 0 0 0
380	3	1 1 1 1 1 1 0 0 1 0 0 0 0 1 0 0
380	1	1 1 0 1 0 0 0 1 0 0 0 0 1 0 0 0
380	2	1 0 1 1 1 0 0 1 1 0 0 1 0 0 0 0
380	1	1 1 1 0 0 0 0 0 1 1 1 0 0 0 0 0
380	1	1 1 1 1 0 1 1 0 0 0 0 0 0 0 0 0
380	2	1 1 1 1 0 0 0 1 0 0 0 0 0 0 1 0
380	2	1 0 1 1 1 1 0 0 1 0 0 0 0 0 0 0
380	2	1 0 1 1 1 1 1 0 1 1 0 0 0 0 0 0
380	1	1 1 1 1 1 0 0 0 0 0 0 0 0 0 0 0
380	1	1 1 1 1 1 1 0 1 1 1 0 0 0 0 0 0
380	2	1 1 1 1 1 1 0 0 1 1 0 0 0 0 0 1
380	1	0 1 1 1 1 1 0 0 1 1 0 0 0 0 0 0
380	1	1 1 0 1 1 0 0 1 1 0 0 0 0 0 0 0
380	2	1 1 1 1 1 0 0 0 1 0 0 1 0 0 0 0
380	2	0 1 1 1 1 0 0 1 0 0 0 0 0 0 1 0
380	2	1 1 1 1 0 0 0 1 0 1 0 0 0 0 0 0
380	2	1 1 1 1 0 0 1 0 1 1 1 0 0 0 0 0
390	47	1 1 1 1 1 1 0 0 1 1 0 0 0 0 0 0
390	9	0 1 1 1 1 0 0 1 0 0 0 0 0 0 0 0
390	65	1 1 1 1 1 0 0 1 0 0 0 0 0 0 0 0
390	44	1 1 1 1 1 0 0 0 1 1 1 0 0 0 0 0
390	66	1 1 1 1 1 1 0 0 1 0 0 0 0 0 0 0
390	8	1 1 0 1 1 0 0 1 0 0 0 0 0 0 0 0
390	79	1 1 1 1 1 1 0 0 1 0 0 1 0 0 0 0
390	31	1 1 1 1 1 0 0 0 1 0 0 0 0 0 0 0
390	16	1 0 0 1 1 0 0 1 1 1 0 0 0 0 0 0
390	21	0 1 1 1 0 0 0 1 0 0 0 0 0 0 1 0
390	8	1 1 0 1 0 0 0 1 0 0 0 0 0 0 0 0
390	35	1 1 1 1 1 0 0 1 0 1 0 0 0 0 0 0
390	3	1 1 1 1 1 0 0 0 1 1 1 0 1 0 0 0
390	8	1 1 1 1 1 1 0 0 1 0 1 0 0 0 0 0
390	18	1 1 1 1 0 1 1 0 1 1 0 0 0 0 0 0
390	27	1 1 0 1 1 0 0 1 1 1 0 0 0 0 0 0
390	32	1 1 1 1 1 0 1 1 0 0 0 0 0 0 0 0
390	12	1 1 1 1 1 0 0 0 1 1 1 0 1 0 1 0
390	34	1 1 1 1 0 0 0 1 0 0 0 0 0 0 0 0
390	5	0 1 1 1 1 0 0 1 1 1 0 0 0 0 0 1
390	13	1 1 0 1 1 0 0 0 1 0 0 1 0 0 0 0
390	23	1 1 1 1 1 0 0 1 1 0 0 0 0 0 0 0
390	6	1 1 1 1 1 1 0 0 0 0 0 1 0 0 0 0
390	17	0 1 1 1 1 0 0 1 1 0 1 0 0 0 0 0
390	2	1 1 1 0 1 1 0 0 1 0 0 1 0 0 0 0
390	4	1 0 1 0 1 0 0 0 1 0 0 0 0 0 1 0
390	7	1 1 1 1 1 0 0 1 0 0 0 0 0 0 1 0
390	13	1 1 1 1 1 0 0 1 1 1 0 0 0 0 0 0
390	7	1 1 0 1 1 0 1 1 1 0 0 0 0 0 0 0
390	5	1 1 1 1 1 0 0 1 1 0 0 1 0 0 0 0
390	1	0 1 1 1 1 0 0 0 1 0 0 1 0 0 0 0
390	19	1 1 1 1 1 0 0 1 0 1 1 0 0 0 0 0
390	18	1 1 1 1 1 1 0 1 0 0 0 0 0 0 0 0
390	12	1 1 1 1 1 0 0 0 0 0 0 1 0 0 0 0
390	1	1 1 1 1 1 1 0 0 1 1 0 0 0 0 1 0
390	3	1 1 1 0 0 0 0 0 1 0 0 1 0 0 1 0
390	6	1 1 1 1 1 0 0 1 1 0 1 0 0 0 0 0
390	7	0 1 1 1 1 0 0 0 1 1 1 0 1 0 0 0
390	22	1 1 1 1 1 1 0 0 1 1 0 1 0 0 1 0
390	2	1 1 0 1 1 1 0 0 1 1 0 0 0 0 0 1
390	11	1 1 1 1 1 0 0 0 1 1 0 0 0 0 0 0
390	5	1 1 1 1 1 0 0 1 0 0 0 1 0 0 1 0
390	5	1 1 1 1 0 0 0 0 1 1 1 0 0 0 0 0
390	14	1 1 0 1 1 0 1 1 1 0 0 1 0 0 0 0
390	2	1 1 0 1 0 0 1 1 0 0 0 0 0 0 0 0
390	3	1 1 0 1 1 0 0 1 1 0 0 1 0 0 0 0
390	3	1 0 1 1 1 0 0 1 1 0 0 1 0 0 0 0
390	4	1 1 1 1 0 1 1 0 0 0 0 0 0 0 0 0
390	4	1 1 1 1 0 0 0 1 0 0 0 0 0 0 1 0
390	24	1 1 0 1 1 0 0 1 1 0 0 0 0 0 0 0
390	4	1 1 1 1 1 1 0 0 1 0 0 0 0 0 0 1
390	3	1 0 1 1 1 0 0 1 1 1 0 0 0 0 1 0
390	7	1 1 1 1 0 0 1 1 0 0 0 0 0 0 0 0
390	6	1 1 1 1 1 1 0 1 0 0 0 0 1 0 0 0
390	4	1 1 1 1 1 0 0 1 0 0 0 0 0 1 0 0
390	5	1 1 0 1 0 0 0 0 1 0 0 1 0 0 0 0
390	3	1 0 1 1 1 0 0 1 0 0 0 0 0 0 1 0
390	29	1 1 1 1 1 1 0 0 1 0 0 0 0 0 1 0
390	3	0 1 1 1 1 0 0 1 0 0 0 0 0 0 0 1
390	6	1 1 1 1 1 0 0 1 0 0 0 1 0 0 0 0
390	7	1 0 1 1 1 1 0 0 1 0 1 0 0 1 0 0
390	2	1 1 1 1 1 0 0 1 0 1 0 0 0 1 0 0
390	4	1 1 1 1 1 1 1 0 1 1 0 0 0 0 0 1
390	6	1 1 1 1 0 1 1 0 1 1 0 0 1 0 0 0
390	3	1 1 1 1 0 1 1 0 1 1 0 1 0 0 0 0
390	4	1 1 1 1 0 0 0 1 1 0 0 1 0 0 0 0
390	3	1 1 1 1 1 1 0 0 1 1 0 1 0 0 0 0
390	3	1 1 0 1 0 0 0 1 1 1 0 0 0 0 0 0
390	1	0 1 1 1 0 0 0 1 0 0 0 0 0 0 0 0
390	3	1 1 1 1 0 0 1 0 1 1 1 0 0 0 1 0
390	6	0 1 1 1 1 1 0 0 1 1 0 0 0 0 0 0
390	3	1 1 1 1 1 0 0 1 0 0 0 0 0 0 0 1
390	3	1 1 0 1 1 0 1 1 1 1 0 1 0 0 0 0
390	4	1 1 0 1 1 0 1 1 1 0 0 1 0 1 0 0
390	3	1 1 0 1 1 1 0 0 1 1 0 0 0 0 0 0
390	5	0 1 0 1 1 1 0 0 1 1 0 0 0 0 1 0
390	5	1 1 1 1 1 0 1 0 1 0 0 0 0 0 0 0
390	2	1 0 1 1 1 1 0 1 0 0 0 0 0 0 0 0
390	4	1 1 1 1 0 0 0 1 1 1 1 0 0 0 0 0
390	1	1 1 1 1 1 1 0 1 1 1 0 0 0 0 0 0
390	4	1 1 1 0 1 1 0 0 1 0 0 0 0 0 0 0
390	3	1 1 1 1 0 0 0 1 0 0 0 0 0 1 0 0
390	2	1 1 1 1 1 0 0 1 0 1 1 0 0 1 0 0
390	1	1 1 1 1 1 0 0 0 1 0 0 1 0 0 0 0
390	4	1 1 1 1 1 1 0 0 1 1 1 0 0 0 0 0
390	1	1 1 1 1 1 0 0 1 0 1 0 0 0 0 1 0
390	1	1 1 1 1 1 0 1 1 0 0 0 0 0 1 0 0
390	2	1 1 0 1 1 0 1 0 1 0 0 1 0 0 0 0
390	1	1 1 0 1 1 1 0 0 1 1 0 1 0 0 0 0
390	2	1 1 1 1 1 0 0 0 1 0 1 0 0 0 0 0
390	1	1 1 1 1 0 1 0 0 1 0 0 0 0 0 0 0
390	2	1 0 0 1 1 0 0 1 1 1 0 1 0 0 0 0
390	2	1 1 1 1 0 0 0 1 0 1 0 0 0 0 0 0
390	1	1 1 1 0 1 0 0 0 0 0 0 1 0 0 0 0
400	53	1 1 1 1 1 1 0 0 1 1 0 0 0 0 0 0
400	38	1 1 1 1 1 0 0 1 0 0 0 0 0 0 0 0
400	29	1 1 1 1 1 0 0 0 1 1 1 0 0 0 0 0
400	51	1 1 1 1 1 1 0 0 1 0 0 0 0 0 0 0
400	64	1 1 1 1 1 1 0 0 1 0 0 1 0 0 0 0
400	22	1 1 1 1 1 0 0 0 1 0 0 0 0 0 0 0
400	21	1 0 0 1 1 0 0 1 1 1 0 0 0 0 0 0
400	35	1 1 1 1 1 0 0 1 0 1 0 0 0 0 0 0
400	18	1 1 1 1 1 1 0 0 1 0 1 0 0 0 0 0
400	3	1 1 1 1 0 1 1 0 1 1 0 0 0 0 0 0
400	25	1 1 0 1 1 0 0 1 1 1 0 0 0 0 0 0
400	34	1 1 1 1 1 0 1 1 0 0 0 0 0 0 0 0
400	83	1 1 1 1 0 0 0 1 0 0 0 0 0 0 0 0
400	15	1 1 0 1 1 0 0 0 1 0 0 1 0 0 0 0
400	51	1 1 1 1 1 0 0 1 1 0 0 0 0 0 0 0
400	19	1 1 1 1 1 1 0 0 0 0 0 1 0 0 0 0
400	3	0 1 1 1 1 0 0 1 1 0 1 0 0 0 0 0
400	2	1 1 1 0 1 1 0 0 1 0 0 1 0 0 0 0
400	4	1 0 1 0 1 0 0 0 1 0 0 0 0 0 1 0
400	11	1 1 1 1 1 0 0 1 0 0 0 0 0 0 1 0
400	3	1 1 1 1 1 0 0 1 1 1 0 0 0 0 0 0
400	13	1 1 1 1 1 0 0 1 1 0 0 1 0 0 0 0
400	25	1 1 1 1 1 0 0 1 0 1 1 0 0 0 0 0
400	36	1 1 1 1 1 1 0 1 0 0 0 0 0 0 0 0
400	9	1 1 1 1 1 0 0 0 0 0 0 1 0 0 0 0
400	4	1 1 1 1 1 1 0 0 1 1 0 0 0 0 1 0
400	13	1 1 1 0 0 0 0 0 1 0 0 1 0 0 1 0
400	2	1 1 1 1 1 0 0 1 1 0 1 0 0 0 0 0
400	3	1 1 1 1 1 1 0 0 1 1 0 1 0 0 1 0
400	18	1 1 1 1 1 0 0 0 1 1 0 0 0 0 0 0
400	1	1 1 1 1 0 0 0 0 1 1 1 0 0 0 0 0
400	4	1 1 0 1 1 0 1 1 1 0 0 1 0 0 0 0
400	13	1 1 1 1 0 1 1 0 0 0 0 0 0 0 0 0
400	12	1 1 1 1 0 0 0 1 0 0 0 0 0 0 1 0
400	6	1 1 0 1 1 0 0 1 1 0 0 0 0 0 0 0
400	4	1 1 1 1 1 1 0 1 0 0 0 0 1 0 0 0
400	3	1 1 1 1 1 0 0 1 0 0 0 0 0 1 0 0
400	3	1 1 0 1 0 0 0 0 1 0 0 1 0 0 0 0
400	6	1 0 1 1 1 0 0 1 0 0 0 0 0 0 1 0
400	15	1 1 1 1 1 1 0 0 1 0 0 0 0 0 1 0
400	6	1 1 1 1 1 0 0 1 0 0 0 1 0 0 0 0
400	6	1 0 1 1 1 1 0 0 1 0 1 0 0 1 0 0
400	12	1 1 1 1 1 1 0 0 1 1 0 1 0 0 0 0
400	5	0 1 1 1 1 1 0 0 1 1 0 0 0 0 0 0
400	2	1 1 0 1 1 0 1 1 1 0 0 1 0 1 0 0
400	20	1 1 1 1 1 1 0 0 1 1 1 0 0 0 0 0
400	4	1 0 0 1 1 0 0 1 1 1 0 1 0 0 0 0
400	13	1 1 1 1 0 0 0 1 0 1 0 0 0 0 0 0
400	4	1 1 1 1 1 0 1 1 0 0 1 0 0 0 0 0
400	1	1 1 1 1 1 1 1 0 1 0 0 0 0 0 0 0
400	6	1 1 1 1 1 1 1 0 1 0 0 1 0 0 0 0
400	4	1 1 1 0 1 0 0 0 1 1 1 0 1 0 1 0
400	6	1 1 1 1 0 1 1 0 1 0 0 0 0 0 0 0
400	1	1 0 0 1 1 0 0 0 1 1 1 0 0 0 0 0
400	1	1 1 0 1 1 0 0 0 1 1 1 0 0 0 0 0
400	12	1 1 1 1 1 0 0 0 1 0 0 0 0 1 0 0
400	9	1 0 0 1 1 0 0 1 0 1 0 0 0 0 0 0
400	3	1 1 1 1 1 0 1 0 0 0 0 0 0 0 0 0
400	3	1 1 0 1 1 0 0 1 1 0 0 0 1 0 0 0
400	1	1 1 0 1 0 1 0 1 1 1 0 0 0 0 0 0
400	19	0 1 1 1 1 1 0 0 1 0 0 0 0 0 0 0
400	5	1 1 1 1 0 1 0 0 1 0 0 1 0 0 0 0
400	4	1 1 1 1 1 1 1 1 0 0 0 0 0 0 0 0
400	1	1 1 1 1 1 0 1 1 0 0 0 1 0 0 0 0
400	1	1 0 1 1 1 1 0 0 1 0 0 1 0 0 0 0
400	6	1 1 1 1 1 1 0 1 1 0 0 1 0 0 0 0
400	10	1 1 1 1 1 1 0 0 1 0 1 1 0 0 0 0
400	5	1 1 1 1 1 0 0 1 0 1 0 0 0 1 0 0
400	1	1 1 1 1 0 0 0 1 0 0 0 1 0 0 0 0
400	7	1 1 1 1 1 1 0 1 1 1 1 0 0 0 0 0
400	1	1 1 1 1 0 1 0 1 0 0 0 0 0 0 0 0
400	1	1 1 1 1 0 0 1 1 1 0 0 0 0 0 0 0
400	2	1 1 1 1 0 1 0 1 0 0 0 0 1 0 0 0
400	3	1 1 0 1 1 0 1 0 0 0 0 0 0 0 0 0
400	1	1 1 1 1 1 0 1 1 0 1 0 0 0 0 0 0
400	4	1 1 1 1 0 0 0 1 0 1 0 1 0 0 1 0
400	3	1 1 1 1 0 0 0 1 0 0 0 0 0 0 0 1
400	2	1 1 1 0 0 0 0 1 0 0 0 0 0 0 0 0
400	5	1 1 1 1 1 1 0 0 1 0 0 1 0 0 1 0
400	1	1 1 0 1 1 0 0 0 1 0 0 0 0 0 0 0
400	1	1 0 1 1 1 1 0 1 0 0 0 0 0 0 1 0
400	2	1 1 1 1 1 0 1 0 0 1 0 0 0 0 0 0
400	3	1 1 1 1 0 1 0 0 0 0 0 1 0 0 0 0
400	1	1 1 1 1 1 0 1 1 0 1 1 0 0 0 0 0
400	6	1 1 1 1 1 0 0 0 1 0 0 1 0 0 0 0
400	1	1 1 0 1 1 0 0 0 0 0 0 0 0 0 0 0
400	1	1 0 1 1 1 1 0 0 1 0 0 0 0 0 0 0
400	1	1 1 1 1 0 0 0 1 0 0 1 0 0 0 0 0
400	1	1 1 0 1 1 0 0 0 1 0 0 1 0 0 0 1
400	1	1 1 0 1 1 0 0 0 0 0 0 1 0 0 0 0
400	1	1 0 1 1 1 0 0 1 1 0 0 1 0 0 0 0
400	1	1 1 1 0 0 0 0 1 1 0 0 1 0 0 1 0
400	2	1 0 1 1 1 0 0 1 1 0 1 0 0 0 0 0
400	3	1 1 1 1 0 1 0 1 0 0 0 0 1 1 0 0
