0	250	0 0 0 1 0 0 0 0 0 0 0 0 0 0 0 0
0	250	1 0 0 1 0 1 1 0 0 0 1 1 0 1 1 0
0	250	0 0 0 0 0 0 0 0 0 0 0 0 0 0 0 0
0	250	0 0 1 0 0 0 0 0 0 0 1 0 0 0 0 1
10	194	0 0 0 1 0 0 0 0 0 0 0 0 0 0 0 0
10	187	1 0 0 1 0 1 1 0 0 0 1 1 0 1 1 0
10	223	0 0 0 0 0 0 0 0 0 0 0 0 0 0 0 0
10	171	0 0 1 0 0 0 0 0 0 0 1 0 0 0 0 1
10	16	1 0 0 1 0 1 1 0 0 0 0 0 0 0 0 0
10	5	0 0 0 0 0 0 0 0 0 0 0 0 0 0 0 1
10	4	0 0 1 0 0 0 0 0 0 0 0 0 0 0 0 0
10	4	0 0 0 1 0 0 0 0 0 0 0 0 1 0 0 0
10	16	0 0 0 1 0 1 0 0 0 0 0 0 0 0 0 0
10	23	0 0 0 1 0 1 1 0 0 0 1 1 0 1 1 0
10	9	0 0 0 1 0 0 0 0 0 1 0 0 0 0 0 0
10	4	0 0 0 1 0 0 0 0 0 0 0 0 0 0 0 1
10	8	0 0 0 1 0 0 0 0 1 0 0 0 0 0 0 0
10	2	1 0 0 1 0 1 1 0 0 0 1 1 0 1 1 1
10	2	0 0 0 0 0 0 0 0 0 0 1 0 0 0 0 0
10	2	0 0 1 0 1 0 0 0 0 0 1 0 0 0 0 1
10	2	0 0 1 0 0 0 0 0 0 0 1 0 0 0 0 0
10	2	1 0 0 0 0 1 1 0 0 0 1 1 0 1 1 0
10	9	0 0 0 0 1 0 0 0 0 0 0 0 0 0 0 0
10	3	0 0 1 0 0 0 0 0 0 1 1 0 0 0 0 1
10	1	1 0 0 1 0 0 1 0 0 0 1 1 0 1 1 0
10	1	0 0 1 0 0 0 0 0 1 0 1 0 0 0 0 1
10	5	0 0 0 1 0 0 0 0 0 0 0 1 0 0 0 1
10	2	0 0 0 1 0 1 1 0 0 0 1 1 0 0 0 0
10	2	0 0 0 1 1 0 0 0 0 0 0 0 0 0 0 0
10	1	0 0 1 0 0 0 0 0 0 0 0 0 0 0 0 1
10	4	0 0 1 0 0 0 0 0 0 0 1 1 0 1 1 0
10	6	1 0 0 1 0 1 1 1 0 0 1 1 0 1 1 0
10	2	0 0 1 0 0 0 1 0 0 0 1 0 0 0 0 1
10	7	1 0 0 1 0 1 0 0 0 0 1 1 0 1 1 0
10	3	0 0 1 0 0 0 0 0 0 0 1 0 0 0 1 1
10	1	0 0 0 1 0 0 0 0 0 0 0 0 0 1 1 0
10	13	0 0 0 0 0 0 0 0 0 0 1 0 0 0 0 1
10	2	0 0 1 1 0 1 1 0 0 0 1 1 0 1 1 0
10	6	0 0 1 1 0 0 0 0 0 0 0 0 0 0 0 0
10	6	0 0 0 1 0 0 1 0 0 0 0 0 0 0 0 0
10	3	1 0 0 1 0 0 0 0 0 0 0 0 0 0 0 0
10	2	0 0 0 0 0 0 0 0 0 0 0 0 0 1 0 0
10	1	0 0 1 0 0 0 0 0 1 1 1 0 0 0 0 1
10	4	1 0 0 1 0 1 1 0 0 0 1 1 0 1 0 0
10	2	1 0 0 1 0 1 1 0 0 0 1 0 0 0 0 0
10	2	1 0 0 1 0 1 1 0 0 0 1 0 0 0 0 1
10	1	0 0 0 1 0 1 1 0 0 0 1 1 0 0 0 1
10	3	0 0 0 0 0 0 0 0 0 0 1 1 0 1 1 0
10	2	1 0 0 1 0 1 1 0 0 0 1 1 0 0 1 0
10	7	1 0 0 1 1 1 1 0 0 0 1 1 0 1 1 0
10	4	1 0 0 0 0 0 0 0 0 0 0 0 0 0 0 0
10	3	1 0 1 0 0 0 0 0 0 0 1 0 0 0 0 1
10	1	0 0 1 0 0 0 0 0 0 0 1 1 0 0 0 1
10	1	0 0 0 0 1 0 0 0 0 0 0 0 0 0 0 1
10	1	0 0 0 1 0 0 0 0 0 0 1 0 0 0 0 1
10	2	0 0 1 0 0 0 0 0 0 0 1 0 0 1 1 0
10	2	1 0 0 1 0 1 1 0 0 0 1 1 1 1 1 0
10	1	0 0 0 1 0 0 1 0 1 0 0 0 0 0 0 0
10	3	0 0 1 0 0 0 0 1 0 1 1 0 0 0 0 1
10	3	0 0 1 0 0 1 0 0 0 0 1 0 0 0 1 1
10	1	0 0 0 1 0 0 0 0 0 1 0 0 1 0 1 0
10	3	0 0 0 1 0 0 1 0 0 1 0 0 0 0 0 0
20	171	0 0 0 1 0 0 0 0 0 0 0 0 0 0 0 0
20	156	1 0 0 1 0 1 1 0 0 0 1 1 0 1 1 0
20	160	0 0 0 0 0 0 0 0 0 0 0 0 0 0 0 0
20	114	0 0 1 0 0 0 0 0 0 0 1 0 0 0 0 1
20	5	1 0 0 1 0 1 1 0 0 0 0 0 0 0 0 0
20	14	0 0 0 0 0 0 0 0 0 0 0 0 0 0 0 1
20	10	0 0 1 0 0 0 0 0 0 0 0 0 0 0 0 0
20	8	0 0 0 1 0 0 0 0 0 0 0 0 1 0 0 0
20	5	0 0 0 1 0 1 0 0 0 0 0 0 0 0 0 0
20	6	0 0 0 1 0 1 1 0 0 0 1 1 0 1 1 0
20	37	0 0 0 1 0 0 0 0 0 1 0 0 0 0 0 0
20	14	0 0 0 1 0 0 0 0 1 0 0 0 0 0 0 0
20	3	0 0 1 0 0 0 0 0 0 0 1 0 0 0 0 0
20	14	1 0 0 0 0 1 1 0 0 0 1 1 0 1 1 0
20	7	0 0 0 0 1 0 0 0 0 0 0 0 0 0 0 0
20	28	0 0 0 1 0 0 0 0 0 0 0 1 0 0 0 1
20	1	0 0 0 1 1 0 0 0 0 0 0 0 0 0 0 0
20	1	0 0 1 0 0 0 0 0 0 0 1 1 0 1 1 0
20	15	1 0 0 1 0 1 1 1 0 0 1 1 0 1 1 0
20	14	1 0 0 1 0 1 0 0 0 0 1 1 0 1 1 0
20	3	0 0 1 0 0 0 0 0 0 0 1 0 0 0 1 1
20	9	0 0 0 0 0 0 0 0 0 0 1 0 0 0 0 1
20	15	0 0 1 1 0 1 1 0 0 0 1 1 0 1 1 0
20	10	1 0 0 1 0 1 1 0 0 0 1 1 0 1 0 0
20	19	0 0 0 0 0 0 0 0 0 0 1 1 0 1 1 0
20	16	1 0 0 0 0 0 0 0 0 0 0 0 0 0 0 0
20	6	0 0 1 0 0 0 0 0 0 0 1 1 0 0 0 1
20	2	0 0 0 1 0 0 0 0 0 0 1 0 0 0 0 1
20	1	1 0 0 1 0 1 1 0 0 0 1 1 1 1 1 0
20	1	0 0 1 0 0 0 0 1 0 1 1 0 0 0 0 1
20	2	0 0 0 1 0 0 1 0 0 1 0 0 0 0 0 0
20	23	0 0 0 0 0 0 1 0 0 0 0 0 0 0 0 0
20	9	0 0 1 0 0 0 0 1 0 0 1 0 0 0 0 1
20	7	0 0 0 1 0 1 1 0 0 1 1 1 0 1 1 0
20	1	1 1 0 1 0 1 1 0 0 0 1 1 0 1 1 0
20	4	0 0 1 0 0 0 0 0 0 0 0 0 0 1 0 0
20	2	1 0 0 0 0 0 0 0 0 0 1 0 0 0 0 1
20	11	0 0 0 1 0 0 0 0 0 0 0 0 0 0 1 0
20	21	0 0 0 0 0 0 0 0 1 0 0 0 0 0 0 0
20	2	0 0 0 1 0 0 0 0 0 0 0 0 0 1 1 0
20	1	0 0 1 0 0 0 0 1 0 0 1 1 0 1 1 0
20	1	1 0 0 1 0 1 1 0 0 0 1 1 0 0 1 0
20	6	0 1 1 0 0 0 0 0 0 0 1 0 0 0 0 1
20	3	1 0 0 1 0 1 1 0 0 0 1 0 0 0 0 1
20	9	0 0 1 0 0 0 0 0 1 0 1 0 0 0 0 1
20	4	0 0 1 0 0 0 0 0 0 1 1 0 1 0 0 1
20	3	1 0 0 1 0 1 0 0 0 0 0 0 0 0 0 0
20	1	0 0 0 0 0 1 1 0 0 0 1 1 0 1 1 0
20	1	0 0 0 1 0 1 0 0 0 0 1 1 0 1 1 0
20	1	1 0 1 1 0 1 1 1 0 0 1 1 0 1 1 0
20	1	1 0 0 0 0 1 1 0 0 0 1 0 0 0 0 1
20	1	0 0 1 0 1 0 0 0 0 0 1 0 0 0 0 1
20	3	0 0 0 1 0 0 0 0 0 0 0 0 0 1 1 1
20	3	1 0 0 1 0 0 0 0 0 0 1 0 0 0 0 1
20	1	1 0 0 1 1 1 1 0 0 0 1 1 0 1 1 0
20	1	1 0 0 1 0 1 1 0 0 0 0 1 0 1 1 0
20	1	0 0 1 0 0 0 0 0 0 1 1 0 0 0 0 0
20	1	1 0 1 0 0 0 0 0 0 0 1 1 0 0 0 1
20	1	0 0 0 1 0 1 0 0 0 0 1 0 0 1 1 0
20	1	0 0 0 1 0 0 0 0 0 0 0 0 0 0 0 1
20	1	0 0 0 1 0 0 0 0 0 0 0 1 0 0 0 0
20	2	1 0 0 1 0 1 1 0 0 1 1 1 0 1 1 0
20	2	1 1 0 1 0 1 0 0 0 0 1 1 0 1 1 0
20	4	0 0 1 0 0 0 0 0 1 0 1 0 0 0 1 1
30	177	0 0 0 1 0 0 0 0 0 0 0 0 0 0 0 0
30	152	1 0 0 1 0 1 1 0 0 0 1 1 0 1 1 0
30	132	0 0 0 0 0 0 0 0 0 0 0 0 0 0 0 0
30	69	0 0 1 0 0 0 0 0 0 0 1 0 0 0 0 1
30	15	0 0 0 0 0 0 0 0 0 0 0 0 0 0 0 1
30	1	0 0 1 0 0 0 0 0 0 0 0 0 0 0 0 0
30	11	0 0 0 1 0 0 0 0 0 0 0 0 1 0 0 0
30	6	0 0 0 1 0 1 0 0 0 0 0 0 0 0 0 0
30	39	0 0 0 1 0 0 0 0 0 1 0 0 0 0 0 0
30	9	0 0 0 1 0 0 0 0 1 0 0 0 0 0 0 0
30	8	0 0 1 0 0 0 0 0 0 0 1 0 0 0 0 0
30	21	1 0 0 0 0 1 1 0 0 0 1 1 0 1 1 0
30	6	0 0 0 0 1 0 0 0 0 0 0 0 0 0 0 0
30	1	0 0 0 1 0 0 0 0 0 0 0 1 0 0 0 1
30	6	0 0 1 0 0 0 0 0 0 0 1 1 0 1 1 0
30	12	1 0 0 1 0 1 1 1 0 0 1 1 0 1 1 0
30	3	0 0 0 0 0 0 0 0 0 0 1 0 0 0 0 1
30	8	1 0 0 1 0 1 1 0 0 0 1 1 0 1 0 0
30	36	1 0 0 0 0 0 0 0 0 0 0 0 0 0 0 0
30	2	0 0 1 0 0 0 0 0 0 0 1 1 0 0 0 1
30	7	1 0 0 1 0 1 1 0 0 0 1 1 1 1 1 0
30	2	0 0 0 1 0 0 1 0 0 1 0 0 0 0 0 0
30	12	0 0 0 0 0 0 1 0 0 0 0 0 0 0 0 0
30	5	0 0 1 0 0 0 0 1 0 0 1 0 0 0 0 1
30	2	0 0 0 1 0 0 0 0 0 0 0 0 0 0 1 0
30	40	0 0 0 0 0 0 0 0 1 0 0 0 0 0 0 0
30	1	0 0 1 0 0 0 0 1 0 0 1 1 0 1 1 0
30	6	0 1 1 0 0 0 0 0 0 0 1 0 0 0 0 1
30	1	1 0 0 1 0 1 1 0 0 0 1 0 0 0 0 1
30	8	0 0 1 0 0 0 0 0 1 0 1 0 0 0 0 1
30	6	1 0 0 1 0 1 0 0 0 0 0 0 0 0 0 0
30	6	1 0 1 1 0 1 1 1 0 0 1 1 0 1 1 0
30	5	0 0 0 1 0 0 0 0 0 0 0 0 0 1 1 1
30	3	0 0 0 1 0 0 0 0 0 0 0 0 0 0 0 1
30	23	0 0 0 1 0 0 0 0 0 0 0 1 0 0 0 0
30	13	1 1 0 1 0 1 0 0 0 0 1 1 0 1 1 0
30	3	0 0 1 0 0 0 0 0 1 0 1 0 0 0 1 1
30	2	1 0 0 1 0 0 0 0 0 0 0 1 0 0 0 1
30	6	0 1 1 0 0 0 0 0 0 0 0 0 0 0 0 0
30	9	0 0 0 0 1 0 0 0 1 0 0 0 0 0 0 0
30	3	0 0 0 1 0 1 0 0 0 0 0 0 0 0 1 0
30	1	0 0 0 1 0 0 0 1 0 0 0 0 0 0 0 0
30	8	1 1 0 1 0 1 1 0 0 0 1 1 0 1 1 0
30	14	0 0 0 1 0 0 0 1 0 0 1 0 0 0 0 1
30	6	0 0 1 0 0 0 0 0 0 1 1 0 0 0 0 1
30	3	0 0 0 0 0 0 0 0 0 0 0 1 0 0 0 0
30	6	1 0 0 1 0 1 1 0 0 1 1 1 0 1 1 0
30	2	0 0 0 0 0 0 1 0 0 0 0 0 0 0 0 1
30	3	0 0 1 0 0 0 0 1 0 1 1 0 0 0 0 1
30	2	0 0 1 0 0 0 0 0 0 0 0 0 1 1 0 0
30	7	0 0 0 0 0 0 0 1 1 0 0 0 0 0 0 0
30	2	0 0 1 0 0 0 0 0 0 0 0 1 0 0 0 0
30	4	1 0 0 1 0 1 1 0 0 0 1 1 0 0 0 1
30	1	0 0 1 0 0 0 0 0 1 0 0 1 0 0 0 0
30	3	1 0 0 1 0 0 1 0 0 0 1 1 0 1 1 0
30	9	0 0 0 1 0 0 0 0 0 1 0 1 0 0 0 0
30	2	0 0 1 0 0 0 0 0 1 1 0 0 0 0 0 1
30	1	0 0 0 1 0 1 1 0 0 0 1 0 0 0 0 1
30	6	0 0 0 0 0 0 0 0 0 0 0 0 0 0 1 0
30	1	0 0 1 0 0 0 0 0 1 0 0 0 0 0 0 0
30	2	1 0 1 1 0 1 1 0 0 0 1 1 0 1 1 0
30	3	1 1 0 0 0 1 0 0 0 0 1 1 0 1 1 0
30	2	0 0 0 0 0 0 0 0 1 0 0 1 0 0 0 0
30	1	0 0 0 1 0 0 1 1 0 0 1 1 0 1 1 0
30	4	1 0 0 1 0 0 0 0 0 1 0 0 1 0 0 0
30	2	0 0 0 1 0 1 1 0 0 0 1 1 0 1 1 0
30	3	0 0 1 1 0 1 1 0 0 0 1 1 0 1 1 0
30	1	0 0 0 1 0 0 0 0 1 0 0 0 0 0 1 0
30	3	1 0 0 1 0 1 1 1 0 0 1 0 0 0 0 1
30	2	1 0 0 1 0 0 0 0 0 1 0 0 0 0 0 0
30	3	0 0 1 0 0 1 0 0 0 0 1 1 0 1 1 0
30	3	0 0 1 0 1 0 0 0 1 0 1 0 0 0 1 1
30	2	0 1 1 0 0 0 1 0 0 0 0 0 0 0 0 0
30	2	0 0 1 0 0 0 0 0 0 1 1 1 0 0 0 1
30	1	0 0 0 0 0 0 0 0 0 0 0 1 1 0 0 0
30	1	0 0 0 1 0 0 0 0 0 0 1 1 0 1 1 0
30	1	1 0 0 1 0 0 1 1 0 0 1 0 0 0 0 0
30	1	1 0 0 1 0 1 0 0 0 0 1 1 0 1 1 0
30	1	1 0 0 1 0 1 1 0 0 0 1 1 0 0 1 0
30	1	0 0 1 0 1 0 0 0 0 0 0 0 0 0 0 0
30	2	0 0 0 1 1 0 0 0 1 0 0 0 0 0 0 0
30	1	0 0 1 1 0 1 1 0 1 0 1 1 0 1 1 0
40	123	0 0 0 1 0 0 0 0 0 0 0 0 0 0 0 0
40	111	1 0 0 1 0 1 1 0 0 0 1 1 0 1 1 0
40	85	0 0 0 0 0 0 0 0 0 0 0 0 0 0 0 0
40	38	0 0 1 0 0 0 0 0 0 0 1 0 0 0 0 1
40	7	0 0 0 0 0 0 0 0 0 0 0 0 0 0 0 1
40	21	0 0 0 1 0 0 0 0 0 0 0 0 1 0 0 0
40	41	0 0 0 1 0 0 0 0 0 1 0 0 0 0 0 0
40	8	0 0 0 1 0 0 0 0 1 0 0 0 0 0 0 0
40	13	0 0 1 0 0 0 0 0 0 0 1 0 0 0 0 0
40	35	1 0 0 0 0 1 1 0 0 0 1 1 0 1 1 0
40	1	0 0 0 0 1 0 0 0 0 0 0 0 0 0 0 0
40	1	1 0 0 1 0 1 1 1 0 0 1 1 0 1 1 0
40	38	1 0 0 0 0 0 0 0 0 0 0 0 0 0 0 0
40	2	0 0 1 0 0 0 0 0 0 0 1 1 0 0 0 1
40	3	1 0 0 1 0 1 1 0 0 0 1 1 1 1 1 0
40	7	0 0 0 1 0 0 1 0 0 1 0 0 0 0 0 0
40	10	0 0 0 0 0 0 1 0 0 0 0 0 0 0 0 0
40	68	0 0 0 0 0 0 0 0 1 0 0 0 0 0 0 0
40	18	1 0 1 1 0 1 1 1 0 0 1 1 0 1 1 0
40	12	0 0 0 1 0 0 0 0 0 0 0 1 0 0 0 0
40	25	1 1 0 1 0 1 0 0 0 0 1 1 0 1 1 0
40	4	0 1 1 0 0 0 0 0 0 0 0 0 0 0 0 0
40	2	0 0 0 0 1 0 0 0 1 0 0 0 0 0 0 0
40	8	0 0 0 1 0 1 0 0 0 0 0 0 0 0 1 0
40	18	1 1 0 1 0 1 1 0 0 0 1 1 0 1 1 0
40	4	0 0 0 1 0 0 0 1 0 0 1 0 0 0 0 1
40	7	0 0 1 0 0 0 0 0 0 1 1 0 0 0 0 1
40	16	0 0 0 0 0 0 0 1 1 0 0 0 0 0 0 0
40	4	1 0 0 1 0 1 1 0 0 0 1 1 0 0 0 1
40	2	0 0 1 0 0 0 0 0 1 0 0 1 0 0 0 0
40	4	1 0 0 1 0 0 1 0 0 0 1 1 0 1 1 0
40	8	0 0 1 0 0 0 0 0 1 1 0 0 0 0 0 1
40	7	0 0 0 0 0 0 0 0 0 0 0 0 0 0 1 0
40	4	0 0 1 0 0 0 0 0 1 0 0 0 0 0 0 0
40	10	1 1 0 0 0 1 0 0 0 0 1 1 0 1 1 0
40	1	0 0 0 0 0 0 0 0 1 0 0 1 0 0 0 0
40	7	0 0 1 1 0 1 1 0 0 0 1 1 0 1 1 0
40	1	0 0 1 0 1 0 0 0 1 0 1 0 0 0 1 1
40	9	0 1 1 0 0 0 1 0 0 0 0 0 0 0 0 0
40	19	0 0 1 0 0 0 0 0 0 1 1 1 0 0 0 1
40	3	0 0 0 0 0 0 0 0 0 0 0 1 1 0 0 0
40	4	0 0 0 1 1 0 0 0 1 0 0 0 0 0 0 0
40	1	0 0 0 1 1 0 0 0 0 0 0 0 0 0 0 0
40	16	0 1 0 0 0 0 0 0 0 0 0 0 0 0 0 1
40	2	1 0 0 1 0 1 1 0 0 0 1 0 1 1 1 0
40	2	0 0 0 0 0 0 0 0 0 1 1 0 0 0 0 1
40	9	1 1 0 1 0 1 1 1 0 0 1 1 0 1 1 0
40	20	0 0 0 0 0 1 0 0 1 0 0 0 0 0 0 0
40	1	0 0 0 0 0 0 0 0 0 0 1 0 0 0 0 1
40	8	0 1 0 1 0 0 0 0 0 0 0 0 0 0 0 0
40	3	0 0 0 1 0 0 0 0 0 1 0 1 0 0 1 0
40	7	0 0 0 1 0 0 0 0 0 0 1 0 0 0 0 0
40	7	0 0 0 0 0 0 0 0 0 1 0 0 0 0 0 0
40	3	0 0 0 1 0 0 0 0 1 1 0 0 0 0 0 0
40	6	1 0 0 1 0 0 0 0 0 0 0 0 0 0 1 0
40	3	0 0 0 0 0 0 0 0 0 0 0 1 0 0 0 0
40	8	0 0 0 1 0 0 0 1 0 0 1 0 0 0 0 0
40	6	1 0 0 1 0 0 0 0 0 0 0 0 0 0 0 0
40	2	1 0 0 1 0 1 0 0 0 0 1 1 0 1 1 0
40	6	0 0 0 1 0 0 0 1 0 1 0 0 0 0 0 0
40	7	0 0 1 0 0 0 0 0 1 0 0 1 0 1 0 0
40	3	0 0 0 1 0 1 1 0 0 0 1 1 0 1 1 0
40	2	0 0 0 1 0 0 0 0 0 1 0 1 0 1 1 0
40	1	1 0 0 1 0 1 1 1 0 0 1 1 0 0 0 0
40	1	0 0 0 1 0 0 0 0 0 0 0 0 0 0 0 1
40	3	0 0 0 1 0 0 0 0 0 0 1 0 1 0 0 0
40	3	0 0 0 1 1 0 0 0 0 0 1 1 0 1 1 0
40	5	1 0 1 1 0 1 1 0 0 0 1 1 0 1 1 0
40	2	0 0 0 1 0 0 0 0 0 1 1 0 0 0 0 0
40	7	0 0 0 0 0 1 1 0 0 0 1 1 0 1 1 0
40	2	0 0 0 1 0 1 0 0 0 1 0 0 0 0 0 0
40	1	0 0 0 1 0 0 0 0 0 1 0 0 0 1 0 0
40	1	0 0 1 0 0 0 0 0 0 1 1 0 0 0 0 0
40	1	0 0 0 0 0 0 0 0 0 1 1 0 1 0 0 1
40	5	1 1 0 0 0 1 0 0 1 0 0 0 0 0 0 0
40	2	0 0 1 1 0 0 0 0 0 0 0 0 0 0 0 0
40	3	1 0 0 1 0 1 1 0 0 0 0 0 0 0 0 0
40	1	1 0 0 1 0 0 0 0 0 0 0 0 1 0 0 0
40	5	0 0 0 1 0 0 0 0 1 0 0 0 1 0 0 0
40	3	1 0 0 0 0 0 0 0 0 0 0 0 0 0 0 1
40	8	0 0 0 0 0 0 0 0 1 0 0 0 0 0 1 0
40	1	1 1 0 1 0 1 0 0 0 0 1 0 0 1 1 0
40	1	1 1 0 1 0 1 1 0 0 1 1 1 0 1 1 0
40	1	0 0 0 1 0 0 0 0 0 0 1 1 0 1 1 0
40	2	1 0 0 0 0 0 0 0 1 0 0 0 0 0 0 0
40	2	0 0 0 0 0 0 0 0 0 0 1 1 0 1 1 0
40	1	0 0 1 0 0 0 0 0 0 0 0 0 0 0 1 0
40	1	0 0 1 0 0 0 0 0 0 0 0 1 0 0 0 0
40	1	1 0 0 0 0 0 0 0 0 0 0 0 0 1 1 0
40	1	1 0 0 0 0 0 1 0 0 0 1 1 0 1 1 0
40	1	0 1 0 0 0 0 0 0 0 0 0 0 0 0 0 0
40	1	0 0 0 0 0 0 0 0 1 0 0 0 0 0 0 1
40	2	1 1 0 1 0 1 1 0 0 0 1 1 1 1 1 0
50	121	0 0 0 1 0 0 0 0 0 0 0 0 0 0 0 0
50	47	1 0 0 1 0 1 1 0 0 0 1 1 0 1 1 0
50	90	0 0 0 0 0 0 0 0 0 0 0 0 0 0 0 0
50	21	0 0 1 0 0 0 0 0 0 0 1 0 0 0 0 1
50	6	0 0 0 0 0 0 0 0 0 0 0 0 0 0 0 1
50	25	0 0 0 1 0 0 0 0 0 0 0 0 1 0 0 0
50	11	0 0 0 1 0 0 0 0 0 1 0 0 0 0 0 0
50	8	0 0 0 1 0 0 0 0 1 0 0 0 0 0 0 0
50	2	0 0 1 0 0 0 0 0 0 0 1 0 0 0 0 0
50	4	1 0 0 0 0 1 1 0 0 0 1 1 0 1 1 0
50	17	1 0 0 0 0 0 0 0 0 0 0 0 0 0 0 0
50	7	0 0 0 1 0 0 1 0 0 1 0 0 0 0 0 0
50	43	0 0 0 0 0 0 0 0 1 0 0 0 0 0 0 0
50	1	1 0 1 1 0 1 1 1 0 0 1 1 0 1 1 0
50	4	0 0 0 1 0 0 0 0 0 0 0 1 0 0 0 0
50	74	1 1 0 1 0 1 0 0 0 0 1 1 0 1 1 0
50	22	0 1 1 0 0 0 0 0 0 0 0 0 0 0 0 0
50	19	0 0 0 1 0 1 0 0 0 0 0 0 0 0 1 0
50	45	1 1 0 1 0 1 1 0 0 0 1 1 0 1 1 0
50	9	0 0 1 0 0 0 0 0 0 1 1 0 0 0 0 1
50	2	0 0 0 0 0 0 0 1 1 0 0 0 0 0 0 0
50	3	1 0 0 1 0 1 1 0 0 0 1 1 0 0 0 1
50	12	0 0 1 0 0 0 0 0 1 0 0 1 0 0 0 0
50	14	1 0 0 1 0 0 1 0 0 0 1 1 0 1 1 0
50	10	0 0 1 0 0 0 0 0 1 1 0 0 0 0 0 1
50	3	0 0 0 0 0 0 0 0 0 0 0 0 0 0 1 0
50	16	0 0 1 0 0 0 0 0 1 0 0 0 0 0 0 0
50	1	1 1 0 0 0 1 0 0 0 0 1 1 0 1 1 0
50	6	0 0 1 1 0 1 1 0 0 0 1 1 0 1 1 0
50	1	0 1 1 0 0 0 1 0 0 0 0 0 0 0 0 0
50	10	0 0 1 0 0 0 0 0 0 1 1 1 0 0 0 1
50	1	0 0 0 0 0 0 0 0 0 0 0 1 1 0 0 0
50	25	0 1 0 0 0 0 0 0 0 0 0 0 0 0 0 1
50	3	1 1 0 1 0 1 1 1 0 0 1 1 0 1 1 0
50	17	0 0 0 0 0 1 0 0 1 0 0 0 0 0 0 0
50	17	0 0 0 0 0 0 0 0 0 0 1 0 0 0 0 1
50	16	0 1 0 1 0 0 0 0 0 0 0 0 0 0 0 0
50	7	0 0 0 1 0 0 0 0 0 0 1 0 0 0 0 0
50	7	1 0 0 1 0 0 0 0 0 0 0 0 0 0 1 0
50	2	0 0 0 0 0 0 0 0 0 0 0 1 0 0 0 0
50	18	1 0 0 1 0 0 0 0 0 0 0 0 0 0 0 0
50	3	0 0 0 1 0 0 0 1 0 1 0 0 0 0 0 0
50	5	0 0 1 0 0 0 0 0 1 0 0 1 0 1 0 0
50	3	0 0 0 1 0 1 1 0 0 0 1 1 0 1 1 0
50	1	0 0 0 1 1 0 0 0 0 0 1 1 0 1 1 0
50	3	1 0 1 1 0 1 1 0 0 0 1 1 0 1 1 0
50	14	0 0 0 0 0 1 1 0 0 0 1 1 0 1 1 0
50	7	0 0 0 1 0 1 0 0 0 1 0 0 0 0 0 0
50	3	1 0 0 1 0 1 1 0 0 0 0 0 0 0 0 0
50	13	0 0 0 0 0 0 0 0 1 0 0 0 0 0 1 0
50	14	0 0 0 0 0 0 0 0 0 0 1 1 0 1 1 0
50	2	1 0 0 0 0 1 1 0 0 0 1 1 0 0 0 1
50	1	1 0 0 1 0 1 1 0 0 0 1 0 0 1 1 0
50	5	0 1 0 1 0 0 0 0 0 0 0 0 0 0 0 1
50	19	0 0 0 1 0 0 0 0 1 0 1 0 0 0 0 0
50	3	1 0 0 1 0 1 1 0 1 0 0 0 0 0 1 0
50	6	0 0 0 1 0 0 1 1 0 1 0 0 0 0 0 0
50	8	0 0 1 0 1 0 0 0 1 0 0 0 0 0 1 1
50	3	0 0 0 0 0 0 0 0 1 0 0 0 0 0 1 1
50	3	1 0 0 1 0 0 0 0 0 0 1 0 1 0 0 0
50	2	1 0 0 0 0 0 0 0 0 0 0 0 0 0 1 0
50	3	1 0 0 1 1 0 0 0 0 0 0 0 0 0 0 0
50	1	0 0 1 0 0 0 0 1 0 1 1 0 0 0 0 1
50	1	0 0 0 0 0 1 1 0 0 0 0 0 0 0 0 0
50	6	1 0 0 0 0 1 1 0 0 0 0 0 0 0 0 0
50	2	1 0 0 0 0 0 0 0 0 0 1 1 0 1 1 0
50	1	0 0 1 1 0 0 0 0 0 0 0 0 0 0 0 0
50	10	1 1 0 0 0 0 0 0 0 0 0 0 0 0 0 0
50	9	1 0 1 1 0 1 1 0 0 0 0 0 0 0 0 0
50	2	1 1 0 0 0 0 0 0 1 0 0 0 0 0 1 0
50	1	1 1 0 0 0 1 0 0 0 0 1 0 0 0 0 0
50	1	0 0 0 1 0 1 0 0 0 0 1 1 0 1 1 0
50	8	0 0 0 0 0 1 0 1 1 0 0 0 0 0 0 0
50	7	1 1 0 1 0 1 0 0 0 0 0 0 0 0 0 0
50	3	1 1 0 1 0 1 1 0 0 0 1 0 0 0 0 0
50	1	1 0 0 0 0 0 0 0 1 0 0 0 0 0 0 0
50	4	0 0 0 1 0 0 0 0 0 0 0 0 0 0 0 1
50	3	0 0 0 1 0 0 0 0 0 0 0 0 0 1 0 0
50	7	0 0 0 0 1 0 0 0 0 0 0 0 0 0 0 0
50	2	0 0 1 0 0 0 1 0 0 0 1 0 0 0 0 1
50	4	0 0 0 0 1 1 0 0 1 0 0 0 0 0 0 0
50	1	0 1 0 1 0 1 0 0 0 0 0 0 0 0 0 0
50	1	1 0 0 1 0 1 1 0 0 0 0 0 0 0 0 1
50	1	0 0 0 1 0 1 0 0 1 0 0 0 0 0 0 0
50	3	0 0 0 0 0 1 0 0 0 0 0 0 0 0 0 0
50	5	1 0 1 0 0 0 0 0 0 0 1 1 0 1 1 0
50	1	0 1 0 0 0 0 0 0 0 0 0 0 0 0 0 0
50	1	1 1 0 1 1 1 0 0 0 0 1 1 0 1 1 0
50	2	1 1 0 1 0 1 1 0 0 0 1 1 0 1 0 0
50	1	1 1 0 1 0 1 1 0 0 0 0 1 0 1 1 0
50	2	1 0 1 1 0 0 1 0 0 0 1 1 0 1 1 0
50	5	0 1 0 0 0 0 0 0 1 0 0 0 0 0 0 1
50	1	0 0 0 1 0 0 1 0 0 0 1 0 0 0 0 0
50	2	0 0 0 0 0 0 0 0 1 0 1 0 0 0 1 0
50	2	0 0 0 1 0 0 0 0 1 0 0 0 0 0 0 1
50	1	0 0 0 1 0 0 1 0 0 1 1 0 0 0 0 1
50	1	1 1 1 0 0 0 0 0 0 1 1 1 0 0 0 1
50	1	1 1 0 1 0 1 1 0 0 0 0 0 0 0 0 1
50	3	0 0 0 1 0 0 1 0 0 0 0 0 0 0 0 0
50	1	0 0 1 0 0 0 0 0 0 0 0 0 0 0 0 0
50	1	1 1 0 1 0 1 1 0 0 0 1 1 1 1 1 0
50	2	0 1 0 1 0 0 0 0 0 0 0 0 0 1 0 1
50	1	1 0 0 0 0 1 0 0 1 0 1 0 0 0 0 0
60	63	0 0 0 1 0 0 0 0 0 0 0 0 0 0 0 0
60	20	1 0 0 1 0 1 1 0 0 0 1 1 0 1 1 0
60	74	0 0 0 0 0 0 0 0 0 0 0 0 0 0 0 0
60	3	0 0 1 0 0 0 0 0 0 0 1 0 0 0 0 1
60	30	0 0 0 1 0 0 0 0 0 0 0 0 1 0 0 0
60	23	0 0 0 1 0 0 0 0 0 1 0 0 0 0 0 0
60	6	0 0 0 1 0 0 0 0 1 0 0 0 0 0 0 0
60	4	0 0 1 0 0 0 0 0 0 0 1 0 0 0 0 0
60	4	1 0 0 0 0 0 0 0 0 0 0 0 0 0 0 0
60	1	0 0 0 1 0 0 1 0 0 1 0 0 0 0 0 0
60	26	0 0 0 0 0 0 0 0 1 0 0 0 0 0 0 0
60	88	1 1 0 1 0 1 0 0 0 0 1 1 0 1 1 0
60	34	0 1 1 0 0 0 0 0 0 0 0 0 0 0 0 0
60	10	0 0 0 1 0 1 0 0 0 0 0 0 0 0 1 0
60	107	1 1 0 1 0 1 1 0 0 0 1 1 0 1 1 0
60	4	0 0 1 0 0 0 0 0 0 1 1 0 0 0 0 1
60	11	0 0 0 0 0 0 0 1 1 0 0 0 0 0 0 0
60	5	0 0 1 0 0 0 0 0 1 0 0 1 0 0 0 0
60	3	1 0 0 1 0 0 1 0 0 0 1 1 0 1 1 0
60	13	0 0 1 0 0 0 0 0 1 1 0 0 0 0 0 1
60	4	0 0 0 0 0 0 0 0 0 0 0 0 0 0 1 0
60	9	0 0 1 0 0 0 0 0 1 0 0 0 0 0 0 0
60	2	0 0 1 0 0 0 0 0 0 1 1 1 0 0 0 1
60	20	0 1 0 0 0 0 0 0 0 0 0 0 0 0 0 1
60	21	0 0 0 0 0 1 0 0 1 0 0 0 0 0 0 0
60	35	0 1 0 1 0 0 0 0 0 0 0 0 0 0 0 0
60	10	0 0 0 1 0 0 0 0 0 0 1 0 0 0 0 0
60	3	1 0 0 1 0 0 0 0 0 0 0 0 0 0 1 0
60	4	0 0 0 0 0 0 0 0 0 0 0 1 0 0 0 0
60	9	1 0 0 1 0 0 0 0 0 0 0 0 0 0 0 0
60	1	0 0 0 1 0 0 0 1 0 1 0 0 0 0 0 0
60	7	0 0 0 0 0 1 1 0 0 0 1 1 0 1 1 0
60	6	0 0 0 1 0 1 0 0 0 1 0 0 0 0 0 0
60	3	1 0 0 1 0 1 1 0 0 0 0 0 0 0 0 0
60	46	0 0 0 1 0 0 0 0 1 0 1 0 0 0 0 0
60	15	1 0 0 1 0 1 1 0 1 0 0 0 0 0 1 0
60	5	0 0 0 1 0 0 1 1 0 1 0 0 0 0 0 0
60	10	0 0 1 0 1 0 0 0 1 0 0 0 0 0 1 1
60	11	0 0 0 0 0 0 0 0 1 0 0 0 0 0 1 1
60	4	0 0 0 0 0 1 1 0 0 0 0 0 0 0 0 0
60	28	1 1 0 0 0 0 0 0 0 0 0 0 0 0 0 0
60	10	1 0 1 1 0 1 1 0 0 0 0 0 0 0 0 0
60	9	1 1 0 0 0 1 0 0 0 0 1 0 0 0 0 0
60	1	0 0 0 0 0 1 0 1 1 0 0 0 0 0 0 0
60	5	1 1 0 1 0 1 0 0 0 0 0 0 0 0 0 0
60	5	0 0 0 0 1 0 0 0 0 0 0 0 0 0 0 0
60	7	1 0 1 0 0 0 0 0 0 0 1 1 0 1 1 0
60	4	1 1 0 1 1 1 0 0 0 0 1 1 0 1 1 0
60	4	0 1 0 0 0 0 0 0 1 0 0 0 0 0 0 1
60	3	0 0 0 1 0 0 0 0 1 0 0 0 0 0 0 1
60	1	1 0 0 0 0 1 0 0 1 0 1 0 0 0 0 0
60	4	1 0 0 0 0 0 0 0 1 0 0 0 0 0 1 0
60	5	0 0 1 0 1 0 0 0 1 0 0 0 0 0 1 0
60	2	1 0 0 1 1 0 0 0 0 0 0 0 0 1 1 0
60	4	0 0 0 1 0 0 1 0 0 0 0 0 1 0 0 0
60	16	1 1 1 1 0 1 0 0 0 0 1 1 0 1 1 0
60	4	0 0 1 0 0 0 0 0 0 0 1 1 1 1 1 0
60	3	1 1 0 1 0 1 0 0 0 0 1 1 0 0 0 0
60	1	0 0 0 1 0 0 0 0 0 0 0 0 0 0 1 0
60	2	1 0 0 0 0 1 1 0 0 0 1 1 1 1 1 0
60	1	1 1 0 1 0 1 0 0 0 0 1 1 0 1 0 0
60	5	0 0 0 1 0 0 0 0 0 0 0 0 0 1 1 0
60	10	1 1 0 1 0 1 1 0 1 0 1 1 0 1 1 0
60	5	0 0 1 0 0 0 0 1 1 0 0 0 0 0 0 0
60	6	0 1 0 1 0 1 1 0 0 0 1 1 0 1 1 0
60	2	0 1 0 0 0 0 0 0 1 0 0 0 0 0 1 1
60	4	0 0 0 1 0 0 0 0 0 0 0 0 0 1 0 0
60	2	0 0 0 0 0 0 0 0 0 0 0 0 0 1 0 0
60	1	0 0 0 0 0 0 0 0 1 0 0 0 0 1 0 0
60	8	0 0 1 1 0 0 0 0 1 0 0 0 0 0 0 0
60	6	0 1 0 0 0 0 0 0 0 0 0 0 0 0 0 0
60	5	0 0 0 1 0 0 0 0 0 1 0 0 0 1 0 0
60	2	0 0 1 0 0 0 0 0 1 0 0 0 1 0 0 0
60	5	1 0 0 1 0 1 0 0 0 0 0 0 0 0 0 0
60	7	0 0 0 1 0 0 1 1 0 1 0 0 0 0 1 0
60	3	1 1 0 1 1 1 0 0 0 0 1 1 0 0 0 0
60	3	1 1 0 1 0 1 0 0 0 0 1 1 0 0 1 0
60	1	0 1 1 0 0 1 1 0 0 0 1 1 0 1 1 0
60	2	1 1 0 1 0 1 1 0 1 0 0 1 0 0 0 0
60	4	0 0 1 1 0 1 1 0 0 0 1 1 0 0 0 0
60	3	1 1 0 1 0 1 1 1 0 0 1 1 0 1 1 0
60	1	1 0 0 0 0 0 0 0 1 0 0 0 0 0 1 1
60	3	1 1 0 0 0 1 1 0 0 0 0 0 0 0 0 0
60	1	1 1 0 1 0 1 1 0 0 0 0 0 0 0 0 0
60	1	1 0 0 1 0 0 1 0 0 0 1 1 0 1 0 0
60	4	0 1 0 1 0 0 0 0 0 0 0 0 0 0 1 0
60	1	0 1 0 1 0 1 0 0 0 0 1 1 0 1 1 0
60	3	0 0 0 1 0 0 0 0 0 1 0 1 0 0 0 0
60	1	0 1 1 0 0 1 0 0 0 0 0 0 0 0 0 0
60	3	1 1 0 1 0 1 1 0 0 1 1 1 0 1 1 0
60	2	0 0 1 0 0 0 0 0 0 1 1 0 0 0 1 1
60	3	0 0 1 0 0 0 0 0 1 0 0 0 0 0 0 1
60	1	1 1 0 1 0 1 0 0 1 0 1 0 0 0 0 0
60	2	0 0 0 1 0 1 0 0 0 0 1 1 0 1 1 0
60	2	0 0 0 0 0 1 0 0 1 0 0 1 0 1 1 0
60	2	1 1 0 0 0 0 0 0 0 0 0 0 0 0 1 0
60	2	1 1 0 1 1 0 0 0 1 0 0 0 0 0 0 1
60	1	0 0 0 1 0 0 0 0 0 0 0 0 0 0 0 1
60	1	0 0 0 1 0 0 0 0 1 1 0 0 0 0 0 0
60	2	0 0 1 0 0 1 0 0 0 0 1 0 0 0 0 0
60	1	1 1 0 1 0 1 0 0 0 0 0 1 0 1 1 0
60	2	1 1 0 1 0 1 0 0 0 1 1 1 0 1 1 0
60	1	0 1 0 1 0 0 0 0 1 0 1 0 0 0 0 0
60	1	0 0 0 1 0 0 1 0 1 0 1 0 0 0 0 0
60	1	0 0 0 0 0 1 1 0 0 0 0 0 0 1 0 0
60	1	1 1 0 1 1 1 1 0 1 0 1 1 0 1 1 0
70	52	0 0 0 1 0 0 0 0 0 0 0 0 0 0 0 0
70	1	1 0 0 1 0 1 1 0 0 0 1 1 0 1 1 0
70	34	0 0 0 0 0 0 0 0 0 0 0 0 0 0 0 0
70	18	0 0 0 1 0 0 0 0 0 0 0 0 1 0 0 0
70	10	0 0 0 1 0 0 0 0 0 1 0 0 0 0 0 0
70	15	0 0 0 1 0 0 0 0 1 0 0 0 0 0 0 0
70	31	0 0 0 0 0 0 0 0 1 0 0 0 0 0 0 0
70	44	1 1 0 1 0 1 0 0 0 0 1 1 0 1 1 0
70	25	0 1 1 0 0 0 0 0 0 0 0 0 0 0 0 0
70	102	1 1 0 1 0 1 1 0 0 0 1 1 0 1 1 0
70	13	0 0 0 0 0 0 0 1 1 0 0 0 0 0 0 0
70	16	0 0 1 0 0 0 0 0 1 0 0 1 0 0 0 0
70	1	1 0 0 1 0 0 1 0 0 0 1 1 0 1 1 0
70	9	0 0 1 0 0 0 0 0 1 1 0 0 0 0 0 1
70	5	0 0 1 0 0 0 0 0 1 0 0 0 0 0 0 0
70	17	0 1 0 0 0 0 0 0 0 0 0 0 0 0 0 1
70	4	0 0 0 0 0 1 0 0 1 0 0 0 0 0 0 0
70	23	0 1 0 1 0 0 0 0 0 0 0 0 0 0 0 0
70	12	0 0 0 1 0 0 0 0 0 0 1 0 0 0 0 0
70	3	1 0 0 1 0 0 0 0 0 0 0 0 0 0 0 0
70	1	0 0 0 0 0 1 1 0 0 0 1 1 0 1 1 0
70	27	0 0 0 1 0 1 0 0 0 1 0 0 0 0 0 0
70	62	0 0 0 1 0 0 0 0 1 0 1 0 0 0 0 0
70	5	1 0 0 1 0 1 1 0 1 0 0 0 0 0 1 0
70	8	0 0 1 0 1 0 0 0 1 0 0 0 0 0 1 1
70	14	0 0 0 0 0 0 0 0 1 0 0 0 0 0 1 1
70	33	1 1 0 0 0 0 0 0 0 0 0 0 0 0 0 0
70	7	1 0 1 1 0 1 1 0 0 0 0 0 0 0 0 0
70	7	1 1 0 0 0 1 0 0 0 0 1 0 0 0 0 0
70	4	1 1 0 1 0 1 0 0 0 0 0 0 0 0 0 0
70	5	1 1 0 1 1 1 0 0 0 0 1 1 0 1 1 0
70	8	0 1 0 0 0 0 0 0 1 0 0 0 0 0 0 1
70	5	0 0 0 1 0 0 0 0 1 0 0 0 0 0 0 1
70	2	1 0 0 1 1 0 0 0 0 0 0 0 0 1 1 0
70	8	0 0 0 1 0 0 1 0 0 0 0 0 1 0 0 0
70	7	1 1 1 1 0 1 0 0 0 0 1 1 0 1 1 0
70	5	1 1 0 1 0 1 0 0 0 0 1 1 0 0 0 0
70	3	0 0 1 0 0 0 0 1 1 0 0 0 0 0 0 0
70	6	0 1 0 1 0 1 1 0 0 0 1 1 0 1 1 0
70	4	0 0 0 1 0 0 0 0 0 0 0 0 0 1 0 0
70	2	0 0 0 0 0 0 0 0 0 0 0 0 0 1 0 0
70	8	0 0 1 1 0 0 0 0 1 0 0 0 0 0 0 0
70	3	0 1 0 0 0 0 0 0 0 0 0 0 0 0 0 0
70	12	0 0 0 1 0 0 0 0 0 1 0 0 0 1 0 0
70	4	0 0 0 1 0 0 1 1 0 1 0 0 0 0 1 0
70	28	1 1 0 1 1 1 0 0 0 0 1 1 0 0 0 0
70	5	1 1 0 1 0 1 1 0 1 0 0 1 0 0 0 0
70	5	1 1 0 0 0 1 1 0 0 0 0 0 0 0 0 0
70	10	0 1 0 1 0 0 0 0 0 0 0 0 0 0 1 0
70	9	1 1 0 1 0 1 0 0 1 0 1 0 0 0 0 0
70	1	1 1 0 1 0 1 0 0 0 1 1 1 0 1 1 0
70	9	0 0 0 0 0 1 1 0 0 0 0 0 0 1 0 0
70	1	1 1 0 1 1 1 1 0 1 0 1 1 0 1 1 0
70	22	1 0 1 0 0 0 0 1 1 0 0 0 0 0 0 0
70	5	0 0 0 1 0 0 1 1 1 1 0 0 0 0 1 0
70	2	0 0 0 1 0 0 0 0 1 1 0 0 0 0 0 1
70	2	0 1 0 1 0 0 0 0 1 0 0 0 0 0 0 0
70	8	1 1 0 1 0 1 0 0 0 0 1 1 1 1 1 0
70	1	1 1 0 1 1 1 1 0 0 0 1 1 0 1 1 0
70	1	0 0 1 0 0 0 0 0 0 0 0 0 1 0 0 0
70	15	1 1 0 0 0 1 0 0 0 0 1 1 0 1 1 0
70	8	1 0 1 0 1 0 0 0 0 0 1 1 0 1 1 0
70	2	1 1 0 1 1 1 0 0 1 0 1 1 0 1 1 0
70	8	0 0 0 1 0 0 0 1 0 1 0 0 0 0 0 0
70	1	0 0 1 0 0 0 0 0 1 0 0 0 0 1 0 0
70	9	0 0 0 0 0 0 0 0 1 0 1 0 0 0 0 0
70	5	0 1 0 0 0 0 0 0 0 0 0 1 0 0 0 0
70	6	0 0 1 0 1 0 0 0 1 0 0 0 0 0 0 1
70	2	1 0 1 0 1 0 0 0 0 0 1 1 0 0 0 0
70	3	1 0 0 0 0 0 0 0 0 0 0 0 0 0 0 0
70	3	0 0 1 0 0 0 0 0 0 0 0 0 0 0 0 0
70	7	0 1 1 0 0 1 0 0 0 0 0 0 0 0 0 0
70	2	0 1 1 0 0 0 0 0 0 0 0 0 0 0 0 1
70	5	0 1 1 1 0 0 0 0 0 0 0 0 0 0 0 0
70	16	1 1 0 1 0 1 1 0 1 0 0 0 0 0 0 0
70	3	1 1 0 0 0 0 0 0 1 0 0 0 0 0 0 0
70	3	1 1 0 1 1 1 1 0 0 0 1 0 0 0 0 0
70	3	0 0 0 1 1 0 0 0 0 0 0 0 1 0 0 0
70	3	0 0 0 1 0 0 0 0 1 0 0 0 1 0 0 0
70	1	1 1 0 1 0 1 0 0 0 0 1 1 0 1 1 1
70	4	1 1 0 1 0 1 0 0 1 0 1 1 0 1 1 0
70	1	0 0 1 1 0 0 0 0 0 0 1 0 0 0 0 0
70	6	1 0 0 1 0 1 1 0 0 0 0 0 0 0 1 0
70	4	1 0 1 0 1 0 0 0 0 0 1 1 0 0 0 1
70	2	0 0 0 0 1 0 0 1 1 0 0 0 0 0 0 0
70	2	0 0 0 1 0 1 0 0 1 0 1 0 0 0 0 0
70	8	1 1 0 0 0 1 0 0 0 0 1 1 0 0 0 0
70	5	1 1 0 0 0 0 1 0 1 0 0 0 0 0 1 0
70	8	1 1 0 1 0 0 0 0 0 0 0 0 0 0 0 0
70	1	0 1 1 1 0 0 0 0 0 0 1 0 0 0 0 0
70	1	0 0 0 0 0 0 0 0 0 0 1 0 0 0 0 0
70	1	1 1 0 0 0 0 0 0 0 0 0 0 0 0 0 1
70	8	0 0 0 1 1 0 0 1 0 1 0 0 0 0 0 0
70	3	1 1 0 1 0 1 1 1 1 0 0 0 0 0 0 0
70	2	0 0 0 1 0 1 0 0 0 0 1 1 0 1 1 0
70	6	0 0 0 0 0 0 0 0 0 0 0 0 1 0 0 0
70	1	0 1 0 1 0 0 0 0 0 1 0 0 0 0 0 0
70	2	1 1 0 0 0 1 1 0 0 0 1 1 0 1 1 0
70	1	1 1 0 0 0 0 0 0 0 0 1 1 0 1 1 0
70	1	1 0 1 0 0 0 0 0 0 0 0 0 0 0 0 0
70	1	1 1 1 1 0 1 1 0 1 0 1 0 0 0 0 0
70	5	1 0 0 0 0 0 1 0 0 0 0 0 1 0 0 0
70	1	1 0 0 1 0 0 0 0 1 0 0 0 0 0 0 0
70	2	1 1 0 1 0 1 0 1 0 0 1 1 0 1 1 0
70	1	1 0 0 1 0 0 1 0 0 0 1 1 0 0 1 0
70	3	0 0 0 1 0 1 0 0 0 1 0 0 1 0 0 0
70	2	0 0 0 1 0 0 0 0 1 0 1 0 0 1 0 0
70	1	0 0 1 0 0 0 0 0 0 0 0 0 0 1 0 0
70	1	0 0 0 1 0 0 0 0 0 0 0 0 0 0 1 0
70	1	0 0 0 0 0 0 0 1 0 1 0 0 0 0 0 0
70	1	1 1 0 1 0 1 0 0 0 1 0 0 0 0 0 0
70	1	0 1 0 0 0 0 0 0 0 0 1 0 0 0 0 0
70	1	0 0 0 1 0 0 0 0 1 0 1 1 0 1 1 0
70	2	1 0 0 1 0 0 0 0 1 0 1 0 0 0 0 0
70	1	1 1 0 1 0 1 0 0 0 0 1 1 0 0 1 0
70	1	1 1 1 1 0 1 1 0 0 0 1 1 0 1 1 0
70	2	0 1 0 1 1 0 0 0 0 0 0 0 0 0 0 0
70	1	0 0 0 1 1 0 0 0 1 0 1 0 0 0 0 0
70	2	1 1 0 0 0 1 1 0 0 0 1 0 0 0 0 0
70	1	0 1 0 1 0 1 0 0 0 1 1 1 0 1 1 0
70	1	0 0 0 1 0 1 0 0 1 0 1 0 0 1 0 0
70	2	0 0 1 0 1 0 0 0 0 0 0 0 0 1 0 0
80	29	0 0 0 1 0 0 0 0 0 0 0 0 0 0 0 0
80	16	0 0 0 0 0 0 0 0 0 0 0 0 0 0 0 0
80	12	0 0 0 1 0 0 0 0 0 0 0 0 1 0 0 0
80	9	0 0 0 1 0 0 0 0 1 0 0 0 0 0 0 0
80	5	0 0 0 0 0 0 0 0 1 0 0 0 0 0 0 0
80	43	1 1 0 1 0 1 0 0 0 0 1 1 0 1 1 0
80	36	0 1 1 0 0 0 0 0 0 0 0 0 0 0 0 0
80	93	1 1 0 1 0 1 1 0 0 0 1 1 0 1 1 0
80	5	0 0 0 0 0 0 0 1 1 0 0 0 0 0 0 0
80	4	0 0 1 0 0 0 0 0 1 0 0 1 0 0 0 0
80	8	0 0 1 0 0 0 0 0 1 1 0 0 0 0 0 1
80	9	0 0 1 0 0 0 0 0 1 0 0 0 0 0 0 0
80	13	0 1 0 0 0 0 0 0 0 0 0 0 0 0 0 1
80	56	0 1 0 1 0 0 0 0 0 0 0 0 0 0 0 0
80	17	0 0 0 1 0 0 0 0 0 0 1 0 0 0 0 0
80	3	1 0 0 1 0 0 0 0 0 0 0 0 0 0 0 0
80	3	0 0 0 1 0 1 0 0 0 1 0 0 0 0 0 0
80	23	0 0 0 1 0 0 0 0 1 0 1 0 0 0 0 0
80	7	0 0 1 0 1 0 0 0 1 0 0 0 0 0 1 1
80	23	0 0 0 0 0 0 0 0 1 0 0 0 0 0 1 1
80	19	1 1 0 0 0 0 0 0 0 0 0 0 0 0 0 0
80	13	1 1 0 0 0 1 0 0 0 0 1 0 0 0 0 0
80	1	1 1 0 1 1 1 0 0 0 0 1 1 0 1 1 0
80	3	0 0 0 1 0 0 1 0 0 0 0 0 1 0 0 0
80	17	1 1 1 1 0 1 0 0 0 0 1 1 0 1 1 0
80	1	0 0 1 0 0 0 0 1 1 0 0 0 0 0 0 0
80	4	0 1 0 1 0 1 1 0 0 0 1 1 0 1 1 0
80	16	0 0 1 1 0 0 0 0 1 0 0 0 0 0 0 0
80	4	0 0 0 1 0 0 0 0 0 1 0 0 0 1 0 0
80	37	1 1 0 1 1 1 0 0 0 0 1 1 0 0 0 0
80	4	1 1 0 1 0 1 1 0 1 0 0 1 0 0 0 0
80	8	1 1 0 1 0 1 0 0 1 0 1 0 0 0 0 0
80	3	0 0 0 0 0 1 1 0 0 0 0 0 0 1 0 0
80	25	1 0 1 0 0 0 0 1 1 0 0 0 0 0 0 0
80	3	0 0 0 1 0 0 1 1 1 1 0 0 0 0 1 0
80	4	0 1 0 1 0 0 0 0 1 0 0 0 0 0 0 0
80	5	0 0 1 0 0 0 0 0 0 0 0 0 1 0 0 0
80	8	1 0 1 0 1 0 0 0 0 0 1 1 0 1 1 0
80	9	0 0 0 0 0 0 0 0 1 0 1 0 0 0 0 0
80	5	0 1 0 0 0 0 0 0 0 0 0 1 0 0 0 0
80	39	1 0 0 0 0 0 0 0 0 0 0 0 0 0 0 0
80	2	0 0 1 0 0 0 0 0 0 0 0 0 0 0 0 0
80	2	0 1 1 0 0 1 0 0 0 0 0 0 0 0 0 0
80	1	0 1 1 0 0 0 0 0 0 0 0 0 0 0 0 1
80	7	0 1 1 1 0 0 0 0 0 0 0 0 0 0 0 0
80	67	1 1 0 1 0 1 1 0 1 0 0 0 0 0 0 0
80	41	1 1 0 0 0 0 0 0 1 0 0 0 0 0 0 0
80	3	1 1 0 1 0 1 0 0 1 0 1 1 0 1 1 0
80	1	1 0 0 1 0 1 1 0 0 0 0 0 0 0 1 0
80	2	0 0 0 1 0 1 0 0 1 0 1 0 0 0 0 0
80	30	1 1 0 1 0 0 0 0 0 0 0 0 0 0 0 0
80	6	0 0 0 1 1 0 0 1 0 1 0 0 0 0 0 0
80	1	1 1 0 0 0 1 1 0 0 0 1 1 0 1 1 0
80	2	1 0 1 0 0 0 0 0 0 0 0 0 0 0 0 0
80	6	1 0 0 0 0 0 1 0 0 0 0 0 1 0 0 0
80	1	0 0 0 1 0 1 0 0 0 1 0 0 1 0 0 0
80	2	1 0 0 1 0 0 0 0 1 0 1 0 0 0 0 0
80	9	1 1 1 1 0 1 1 0 0 0 1 1 0 1 1 0
80	3	1 1 0 0 0 1 1 0 0 0 1 0 0 0 0 0
80	4	1 1 0 1 0 1 1 0 0 0 0 0 0 0 0 0
80	6	1 1 0 1 0 1 1 0 0 1 0 0 0 0 0 0
80	1	0 1 1 0 0 0 0 0 1 0 0 1 0 0 0 0
80	15	1 0 1 1 0 1 1 0 1 0 0 0 0 0 0 0
80	7	1 1 0 1 0 1 1 0 1 0 1 0 0 0 0 0
80	1	0 0 1 0 0 0 0 0 1 1 0 0 0 0 0 0
80	6	0 1 0 1 0 0 0 0 1 0 0 0 0 0 1 1
80	9	0 0 1 1 0 1 0 0 0 0 1 1 1 1 1 0
80	8	0 0 0 0 0 1 1 0 0 0 1 0 0 1 0 0
80	1	0 1 0 1 0 0 0 0 0 0 1 1 0 1 1 0
80	2	1 1 0 1 0 1 1 0 0 0 1 1 0 1 0 0
80	4	1 1 0 1 0 1 0 0 0 0 0 1 0 0 0 0
80	10	0 1 0 1 0 0 1 0 0 0 0 0 0 0 1 0
80	1	1 0 1 0 0 0 0 1 1 0 1 0 0 0 0 0
80	1	0 0 0 0 0 0 0 0 1 0 0 0 0 1 1 0
80	2	1 1 0 1 1 1 0 0 0 0 0 0 0 0 0 0
80	7	1 1 1 1 0 1 1 0 0 0 1 0 0 0 0 0
80	3	0 1 0 0 0 0 0 0 1 0 0 0 0 0 0 1
80	1	1 1 0 0 0 0 0 0 0 0 0 0 0 0 0 1
80	3	0 1 0 1 0 1 1 0 1 0 0 0 0 0 0 0
80	2	0 1 1 0 0 0 1 0 0 0 0 0 0 0 0 0
80	3	0 1 0 0 0 0 0 0 0 0 0 0 0 1 0 1
80	6	0 0 0 0 0 1 0 0 0 1 0 0 0 0 0 0
80	1	0 1 0 0 0 1 1 0 0 0 1 0 0 0 0 0
80	7	1 1 0 1 0 1 0 0 0 1 0 0 0 0 0 0
80	3	0 0 1 0 0 0 0 0 1 0 1 0 0 0 0 0
80	1	1 1 0 1 0 0 0 0 0 0 0 0 0 1 1 0
80	3	0 0 0 1 0 0 1 0 1 0 1 0 0 0 0 0
80	6	1 1 0 1 1 1 0 0 1 0 1 1 0 0 0 0
80	1	0 1 0 1 0 1 0 0 0 0 1 1 0 1 1 0
80	1	0 1 0 1 0 1 0 0 1 0 1 0 0 0 0 0
80	2	1 1 0 0 0 0 0 0 0 0 0 0 0 1 1 0
80	1	0 1 1 0 0 0 0 0 1 0 0 0 0 0 0 0
80	2	0 0 1 0 0 0 0 1 1 0 0 0 0 0 1 0
80	1	0 1 0 0 0 0 0 0 0 0 0 0 0 0 0 0
80	3	0 1 1 0 0 0 0 0 0 1 0 0 0 0 0 0
80	2	1 1 1 0 0 0 0 0 0 0 0 0 0 0 0 0
80	3	0 0 1 0 0 0 0 0 1 1 0 1 0 0 0 0
80	3	0 0 1 0 0 0 0 0 1 0 0 0 1 0 0 0
80	1	1 1 0 1 0 1 1 0 0 0 1 0 0 0 0 0
80	1	1 1 0 1 0 1 0 0 0 0 0 0 0 0 0 0
80	2	1 1 0 1 0 1 0 0 0 0 0 1 0 0 0 1
80	1	1 1 0 0 0 1 0 0 0 0 1 0 0 0 1 1
80	1	0 1 0 0 0 1 0 0 0 1 0 0 0 0 0 0
80	1	1 1 0 0 0 0 0 0 1 0 0 0 0 0 1 0
80	2	1 0 0 0 0 0 0 0 1 0 0 0 0 0 0 1
80	1	0 0 0 1 0 0 0 1 1 0 0 0 0 0 0 0
80	3	0 1 0 0 0 0 1 0 0 0 0 0 0 0 0 1
80	2	0 0 1 0 1 0 0 0 1 0 0 1 0 0 1 1
80	1	0 0 0 0 1 0 0 0 1 0 0 0 0 0 1 1
80	1	1 1 0 1 0 1 0 0 0 0 1 1 0 0 0 0
80	2	1 1 0 0 1 1 0 0 0 0 1 1 0 0 0 0
80	1	1 1 0 0 0 0 1 0 1 0 0 0 0 0 0 0
80	2	1 1 0 0 0 1 1 1 0 0 1 1 0 1 1 0
80	1	1 1 1 1 0 1 1 0 0 0 1 1 0 1 0 0
80	1	1 1 0 1 1 1 0 0 0 0 0 0 0 0 0 1
80	3	0 0 0 0 0 1 0 0 0 1 0 0 0 1 0 0
80	2	0 1 0 0 0 1 1 0 0 0 1 0 0 0 1 0
90	39	0 0 0 1 0 0 0 0 0 0 0 0 0 0 0 0
90	10	0 0 0 0 0 0 0 0 0 0 0 0 0 0 0 0
90	25	0 0 0 1 0 0 0 0 0 0 0 0 1 0 0 0
90	32	0 0 0 1 0 0 0 0 1 0 0 0 0 0 0 0
90	45	1 1 0 1 0 1 0 0 0 0 1 1 0 1 1 0
90	44	0 1 1 0 0 0 0 0 0 0 0 0 0 0 0 0
90	44	1 1 0 1 0 1 1 0 0 0 1 1 0 1 1 0
90	33	0 0 1 0 0 0 0 0 1 0 0 0 0 0 0 0
90	3	0 1 0 0 0 0 0 0 0 0 0 0 0 0 0 1
90	40	0 1 0 1 0 0 0 0 0 0 0 0 0 0 0 0
90	5	0 0 0 1 0 0 0 0 0 0 1 0 0 0 0 0
90	43	0 0 0 1 0 0 0 0 1 0 1 0 0 0 0 0
90	5	0 0 0 0 0 0 0 0 1 0 0 0 0 0 1 1
90	17	1 1 0 0 0 0 0 0 0 0 0 0 0 0 0 0
90	42	1 1 0 0 0 1 0 0 0 0 1 0 0 0 0 0
90	18	1 1 1 1 0 1 0 0 0 0 1 1 0 1 1 0
90	5	0 0 1 1 0 0 0 0 1 0 0 0 0 0 0 0
90	7	0 0 0 1 0 0 0 0 0 1 0 0 0 1 0 0
90	15	1 1 0 1 1 1 0 0 0 0 1 1 0 0 0 0
90	13	1 1 0 1 0 1 1 0 1 0 0 1 0 0 0 0
90	9	0 0 0 0 0 1 1 0 0 0 0 0 0 1 0 0
90	15	1 0 1 0 0 0 0 1 1 0 0 0 0 0 0 0
90	18	0 1 0 1 0 0 0 0 1 0 0 0 0 0 0 0
90	1	1 0 1 0 1 0 0 0 0 0 1 1 0 1 1 0
90	9	0 0 0 0 0 0 0 0 1 0 1 0 0 0 0 0
90	16	1 0 0 0 0 0 0 0 0 0 0 0 0 0 0 0
90	2	0 0 1 0 0 0 0 0 0 0 0 0 0 0 0 0
90	9	0 1 1 1 0 0 0 0 0 0 0 0 0 0 0 0
90	60	1 1 0 1 0 1 1 0 1 0 0 0 0 0 0 0
90	26	1 1 0 0 0 0 0 0 1 0 0 0 0 0 0 0
90	26	1 1 0 1 0 0 0 0 0 0 0 0 0 0 0 0
90	13	0 0 0 1 1 0 0 1 0 1 0 0 0 0 0 0
90	2	0 0 0 1 0 1 0 0 0 1 0 0 1 0 0 0
90	9	1 1 1 1 0 1 1 0 0 0 1 1 0 1 1 0
90	17	1 1 0 0 0 1 1 0 0 0 1 0 0 0 0 0
90	3	1 1 0 1 0 1 1 0 0 0 0 0 0 0 0 0
90	10	1 1 0 1 0 1 1 0 0 1 0 0 0 0 0 0
90	11	1 0 1 1 0 1 1 0 1 0 0 0 0 0 0 0
90	9	0 1 0 1 0 0 0 0 1 0 0 0 0 0 1 1
90	5	0 1 0 1 0 0 1 0 0 0 0 0 0 0 1 0
90	2	1 1 1 1 0 1 1 0 0 0 1 0 0 0 0 0
90	6	0 0 1 0 0 0 0 0 1 0 1 0 0 0 0 0
90	2	1 1 0 0 0 0 0 0 0 0 0 0 0 1 1 0
90	10	0 1 1 0 0 0 0 0 1 0 0 0 0 0 0 0
90	1	1 1 1 0 0 0 0 0 0 0 0 0 0 0 0 0
90	11	0 0 1 0 0 0 0 0 1 0 0 0 1 0 0 0
90	8	1 1 0 0 0 1 0 0 0 0 1 0 0 0 1 1
90	5	0 1 0 0 0 0 1 0 0 0 0 0 0 0 0 1
90	3	0 0 1 0 1 0 0 0 1 0 0 1 0 0 1 1
90	12	0 0 0 1 0 1 1 0 1 0 0 0 0 0 0 0
90	2	1 0 1 1 0 0 0 0 0 0 0 0 0 0 0 0
90	1	0 0 0 1 0 0 1 1 1 0 0 0 0 0 0 0
90	1	0 1 0 1 0 1 1 0 1 0 0 0 0 1 1 0
90	4	0 0 0 0 0 0 0 0 0 0 0 0 1 0 0 0
90	1	1 1 1 1 1 1 0 0 0 0 1 1 0 0 0 0
90	3	1 1 0 0 0 0 0 1 1 0 0 0 0 0 0 0
90	7	1 1 0 1 0 1 0 0 0 0 1 0 0 0 0 0
90	3	1 1 0 1 0 0 0 0 0 0 0 0 0 0 0 1
90	9	1 1 1 1 0 0 1 0 0 0 1 0 0 0 0 0
90	3	0 1 0 1 0 0 0 0 1 0 1 0 0 0 0 0
90	11	0 0 0 0 0 0 0 0 1 0 0 0 0 0 0 0
90	5	0 0 1 1 0 0 0 0 0 0 0 0 1 0 0 0
90	1	0 1 1 1 1 0 0 0 0 0 0 0 0 0 0 0
90	2	1 0 0 0 0 0 0 0 0 0 0 0 0 0 0 1
90	2	0 0 0 1 0 1 0 0 1 0 0 1 0 0 0 0
90	5	0 1 0 1 1 1 0 0 0 0 1 1 0 0 0 0
90	3	0 1 0 1 0 0 0 0 1 0 0 0 0 1 0 0
90	4	1 1 0 1 1 1 0 0 1 1 1 1 0 0 0 0
90	2	1 1 0 1 0 1 1 0 1 0 1 1 0 1 1 0
90	2	0 1 1 0 0 1 0 0 0 0 0 0 0 0 0 0
90	3	0 1 1 0 0 0 0 0 0 0 1 0 0 0 0 0
90	4	1 0 0 0 0 0 0 0 0 0 0 0 1 0 0 0
90	4	0 1 1 1 0 0 0 0 1 0 0 0 0 0 0 0
90	7	0 0 1 0 1 0 1 0 1 0 0 0 0 0 0 0
90	1	0 0 0 0 0 1 1 0 0 0 1 0 0 0 0 0
90	3	0 1 1 0 0 0 0 0 0 0 0 1 0 0 0 0
90	2	1 1 0 1 0 0 1 0 1 0 0 0 0 0 0 0
90	1	0 0 0 1 0 0 0 0 0 1 0 0 0 0 0 0
90	3	1 1 0 0 0 0 0 0 0 1 0 0 0 0 0 0
90	2	0 0 0 0 0 0 0 1 1 0 1 0 0 0 0 0
90	2	1 1 1 0 0 1 1 0 0 0 1 0 0 0 0 0
90	2	1 1 0 1 0 1 1 0 0 1 0 1 0 0 0 0
90	7	1 1 1 0 0 0 0 0 1 0 0 0 0 0 0 0
90	5	1 1 1 1 0 0 0 1 0 0 1 0 0 0 0 0
90	1	0 0 1 1 0 1 1 0 1 0 0 0 0 0 0 0
90	1	1 1 0 0 0 1 0 0 0 0 1 0 0 0 1 0
90	1	1 1 0 1 0 1 0 0 0 0 0 0 1 0 0 0
90	3	0 0 0 0 0 1 1 0 0 0 0 0 0 0 0 0
90	2	1 1 0 1 0 1 0 0 0 0 1 1 0 0 0 0
90	3	1 1 0 0 0 1 0 0 0 0 1 1 0 1 1 0
90	1	0 1 0 1 0 0 0 1 1 0 0 0 0 0 0 0
90	4	1 1 0 1 0 1 1 0 1 0 0 0 0 0 1 0
90	2	0 0 0 1 1 0 0 1 0 1 0 0 0 0 1 0
90	4	0 0 0 1 0 1 0 0 1 0 0 0 0 0 0 0
90	4	1 1 0 0 0 1 0 0 0 0 1 0 0 1 1 0
90	1	0 0 1 0 1 0 1 0 1 0 1 0 0 0 0 0
90	4	0 0 0 1 0 0 0 0 0 0 0 0 0 0 1 0
90	4	1 1 0 0 0 1 0 0 0 0 1 1 0 0 0 0
90	4	1 0 0 0 0 0 1 0 0 0 0 0 0 0 0 0
90	1	0 0 0 1 1 0 0 1 0 0 0 0 0 0 0 0
90	4	0 0 1 0 1 0 0 0 1 0 0 1 1 0 1 1
90	1	0 1 0 0 0 0 0 0 0 0 0 0 0 0 0 0
90	2	0 0 1 0 0 0 1 0 0 0 0 0 0 0 0 0
90	3	0 1 0 1 0 0 0 0 0 0 1 1 0 1 1 0
90	1	1 1 0 0 0 0 0 0 0 0 0 0 0 0 0 1
90	1	1 1 1 1 0 0 0 1 1 0 0 0 0 0 0 0
90	1	0 1 0 1 0 0 0 0 0 0 0 0 0 0 1 0
90	1	0 1 0 1 0 0 0 0 0 0 0 0 0 1 0 0
90	1	1 0 0 0 0 0 0 0 0 0 0 1 0 0 0 0
90	6	0 1 0 1 0 1 1 0 1 0 0 0 0 0 0 0
90	1	0 1 1 1 0 1 1 0 0 0 1 1 0 1 1 0
90	1	0 1 0 1 0 1 1 0 0 1 0 0 0 0 0 0
90	2	1 0 1 1 0 0 0 0 0 0 1 0 0 0 0 0
90	2	0 0 0 0 0 0 1 0 1 0 0 0 0 0 0 0
90	1	0 1 1 1 1 0 0 0 0 1 0 0 0 0 0 0
100	15	0 0 0 1 0 0 0 0 0 0 0 0 0 0 0 0
100	23	0 0 0 1 0 0 0 0 0 0 0 0 1 0 0 0
100	30	0 0 0 1 0 0 0 0 1 0 0 0 0 0 0 0
100	10	1 1 0 1 0 1 0 0 0 0 1 1 0 1 1 0
100	42	0 1 1 0 0 0 0 0 0 0 0 0 0 0 0 0
100	71	1 1 0 1 0 1 1 0 0 0 1 1 0 1 1 0
100	18	0 0 1 0 0 0 0 0 1 0 0 0 0 0 0 0
100	85	0 1 0 1 0 0 0 0 0 0 0 0 0 0 0 0
100	39	0 0 0 1 0 0 0 0 1 0 1 0 0 0 0 0
100	2	0 0 0 0 0 0 0 0 1 0 0 0 0 0 1 1
100	18	1 1 0 0 0 0 0 0 0 0 0 0 0 0 0 0
100	11	1 1 0 0 0 1 0 0 0 0 1 0 0 0 0 0
100	10	1 1 1 1 0 1 0 0 0 0 1 1 0 1 1 0
100	4	0 0 0 1 0 0 0 0 0 1 0 0 0 1 0 0
100	20	1 1 0 1 1 1 0 0 0 0 1 1 0 0 0 0
100	10	1 1 0 1 0 1 1 0 1 0 0 1 0 0 0 0
100	14	1 0 1 0 0 0 0 1 1 0 0 0 0 0 0 0
100	3	0 1 0 1 0 0 0 0 1 0 0 0 0 0 0 0
100	9	0 0 0 0 0 0 0 0 1 0 1 0 0 0 0 0
100	4	1 0 0 0 0 0 0 0 0 0 0 0 0 0 0 0
100	3	0 0 1 0 0 0 0 0 0 0 0 0 0 0 0 0
100	26	0 1 1 1 0 0 0 0 0 0 0 0 0 0 0 0
100	48	1 1 0 1 0 1 1 0 1 0 0 0 0 0 0 0
100	31	1 1 0 0 0 0 0 0 1 0 0 0 0 0 0 0
100	11	1 1 0 1 0 0 0 0 0 0 0 0 0 0 0 0
100	5	0 0 0 1 0 1 0 0 0 1 0 0 1 0 0 0
100	1	1 1 1 1 0 1 1 0 0 0 1 1 0 1 1 0
100	12	1 1 0 0 0 1 1 0 0 0 1 0 0 0 0 0
100	9	1 1 0 1 0 1 1 0 0 1 0 0 0 0 0 0
100	8	0 1 0 1 0 0 0 0 1 0 0 0 0 0 1 1
100	13	1 1 1 1 0 1 1 0 0 0 1 0 0 0 0 0
100	6	0 1 1 0 0 0 0 0 1 0 0 0 0 0 0 0
100	5	0 0 1 0 0 0 0 0 1 0 0 0 1 0 0 0
100	4	1 1 0 0 0 1 0 0 0 0 1 0 0 0 1 1
100	27	0 1 0 0 0 0 1 0 0 0 0 0 0 0 0 1
100	9	0 0 1 0 1 0 0 0 1 0 0 1 0 0 1 1
100	7	0 0 0 1 0 1 1 0 1 0 0 0 0 0 0 0
100	6	1 1 0 0 0 0 0 1 1 0 0 0 0 0 0 0
100	33	1 1 0 1 0 1 0 0 0 0 1 0 0 0 0 0
100	9	1 1 1 1 0 0 1 0 0 0 1 0 0 0 0 0
100	9	0 0 0 0 0 0 0 0 1 0 0 0 0 0 0 0
100	8	0 0 1 1 0 0 0 0 0 0 0 0 1 0 0 0
100	1	0 1 1 1 1 0 0 0 0 0 0 0 0 0 0 0
100	13	0 1 1 0 0 0 0 0 0 0 1 0 0 0 0 0
100	9	0 0 1 0 1 0 1 0 1 0 0 0 0 0 0 0
100	10	1 1 1 0 0 1 1 0 0 0 1 0 0 0 0 0
100	5	1 1 0 1 0 1 1 0 0 1 0 1 0 0 0 0
100	18	1 1 1 0 0 0 0 0 1 0 0 0 0 0 0 0
100	17	0 0 1 1 0 1 1 0 1 0 0 0 0 0 0 0
100	3	0 0 0 0 0 1 1 0 0 0 0 0 0 0 0 0
100	14	1 1 0 1 0 1 0 0 0 0 1 1 0 0 0 0
100	3	1 1 0 0 0 1 0 0 0 0 1 1 0 1 1 0
100	1	0 1 0 1 0 0 0 1 1 0 0 0 0 0 0 0
100	5	0 0 0 1 0 1 0 0 1 0 0 0 0 0 0 0
100	4	1 1 0 0 0 1 0 0 0 0 1 0 0 1 1 0
100	2	0 0 0 1 0 0 0 0 0 0 0 0 0 0 1 0
100	7	1 0 0 0 0 0 1 0 0 0 0 0 0 0 0 0
100	9	0 0 1 0 1 0 0 0 1 0 0 1 1 0 1 1
100	10	1 1 0 0 0 0 0 0 0 0 0 0 0 0 0 1
100	6	0 1 0 1 0 0 0 0 0 0 0 0 0 1 0 0
100	12	0 1 0 1 0 1 1 0 1 0 0 0 0 0 0 0
100	5	1 1 0 1 0 1 0 0 0 0 0 0 0 0 0 0
100	1	0 1 0 1 0 1 0 0 0 0 0 0 0 0 0 0
100	1	0 0 0 1 0 0 0 0 1 0 1 0 0 0 0 1
100	1	0 0 0 1 0 1 0 0 1 0 1 0 0 0 0 0
100	1	0 0 0 0 0 0 0 0 1 0 0 0 0 0 1 0
100	5	0 1 0 1 0 0 0 0 0 0 0 0 0 0 1 0
100	3	0 0 0 1 0 0 0 0 0 0 0 0 1 1 1 0
100	5	1 1 0 1 0 1 1 0 1 0 1 1 0 1 1 0
100	6	1 1 0 0 0 0 1 0 0 0 1 0 0 0 0 0
100	2	1 1 1 1 0 0 1 0 0 0 1 0 0 0 1 0
100	4	0 1 1 0 0 0 0 0 0 0 0 1 0 0 0 0
100	6	1 0 1 0 0 0 0 1 1 0 0 0 0 1 0 0
100	1	1 0 1 1 0 1 1 0 0 0 1 1 0 1 1 0
100	4	1 0 1 0 0 0 0 0 0 0 0 0 1 0 1 0
100	5	0 0 1 0 0 0 0 0 1 1 0 0 0 0 0 0
100	1	1 1 0 1 0 1 1 0 1 0 0 0 1 0 0 0
100	4	0 1 0 1 0 0 0 0 0 0 0 0 0 1 1 0
100	9	0 1 0 0 0 0 1 0 0 0 0 0 0 1 0 0
100	2	0 0 1 0 1 0 0 0 0 0 0 0 0 0 0 0
100	3	0 0 0 1 0 0 0 0 0 0 0 1 1 0 0 0
100	1	0 0 1 0 0 1 1 0 1 0 0 0 0 0 0 0
100	2	1 1 0 0 0 1 0 0 0 0 0 1 0 0 1 1
100	2	0 1 1 1 0 0 0 0 0 1 0 0 0 0 0 0
100	2	1 1 0 0 0 1 0 0 1 0 1 0 0 0 1 1
100	3	0 1 1 0 0 1 1 0 1 0 1 1 0 1 1 0
100	1	1 1 0 1 0 1 1 1 1 0 0 0 0 0 0 0
100	1	0 0 1 0 0 1 1 0 0 0 1 0 0 0 0 0
100	1	1 1 0 0 0 0 0 0 0 0 0 0 1 0 0 0
100	3	1 1 0 1 1 1 0 0 0 0 1 0 0 0 0 0
100	1	0 1 1 1 0 0 0 0 0 0 1 1 0 0 0 0
100	1	1 1 1 0 0 0 1 0 0 0 0 0 0 0 0 0
100	1	0 1 1 0 0 1 0 0 0 0 0 0 0 0 0 0
100	2	0 1 0 1 0 1 1 0 0 0 1 1 0 1 1 0
100	2	0 1 0 1 0 0 0 0 0 0 0 0 0 0 0 1
100	3	1 1 0 0 0 0 1 0 0 0 0 0 0 0 0 0
100	2	1 1 0 1 0 1 1 0 0 0 0 0 0 0 0 0
100	2	0 0 1 0 0 0 1 0 1 0 1 0 0 0 0 0
100	4	0 0 0 0 0 0 0 0 1 0 0 0 1 0 0 0
100	3	1 1 1 1 0 0 1 0 0 0 1 0 1 0 0 0
100	1	1 1 0 1 0 1 0 0 1 0 0 0 0 0 0 0
100	4	1 1 1 1 0 0 0 0 0 0 0 0 0 0 0 0
100	2	1 1 0 1 0 0 0 0 1 0 0 0 1 0 0 0
100	2	1 1 1 1 0 0 0 0 0 0 0 0 1 1 1 0
100	2	0 1 0 1 0 1 0 0 0 0 1 1 0 0 0 0
100	2	0 1 0 1 0 0 1 0 0 0 0 0 0 0 0 0
100	1	1 1 1 1 0 1 1 0 1 0 0 1 0 0 0 0
100	1	0 0 0 0 0 0 0 0 0 0 0 0 0 0 0 0
100	1	0 1 0 0 1 0 1 0 0 0 0 0 0 0 0 1
100	1	0 1 1 0 0 0 0 0 0 0 1 0 0 0 1 0
110	7	0 0 0 1 0 0 0 0 0 0 0 0 1 0 0 0
110	28	0 0 0 1 0 0 0 0 1 0 0 0 0 0 0 0
110	12	1 1 0 1 0 1 0 0 0 0 1 1 0 1 1 0
110	17	0 1 1 0 0 0 0 0 0 0 0 0 0 0 0 0
110	50	1 1 0 1 0 1 1 0 0 0 1 1 0 1 1 0
110	22	0 0 1 0 0 0 0 0 1 0 0 0 0 0 0 0
110	83	0 1 0 1 0 0 0 0 0 0 0 0 0 0 0 0
110	51	0 0 0 1 0 0 0 0 1 0 1 0 0 0 0 0
110	21	1 1 0 0 0 0 0 0 0 0 0 0 0 0 0 0
110	20	1 1 0 1 1 1 0 0 0 0 1 1 0 0 0 0
110	2	1 1 0 1 0 1 1 0 1 0 0 1 0 0 0 0
110	5	1 0 1 0 0 0 0 1 1 0 0 0 0 0 0 0
110	15	0 1 0 1 0 0 0 0 1 0 0 0 0 0 0 0
110	1	0 0 0 0 0 0 0 0 1 0 1 0 0 0 0 0
110	5	0 1 1 1 0 0 0 0 0 0 0 0 0 0 0 0
110	19	1 1 0 1 0 1 1 0 1 0 0 0 0 0 0 0
110	58	1 1 0 0 0 0 0 0 1 0 0 0 0 0 0 0
110	16	1 1 0 1 0 0 0 0 0 0 0 0 0 0 0 0
110	8	1 1 0 0 0 1 1 0 0 0 1 0 0 0 0 0
110	26	1 1 0 1 0 1 1 0 0 1 0 0 0 0 0 0
110	8	0 1 0 1 0 0 0 0 1 0 0 0 0 0 1 1
110	2	1 1 1 1 0 1 1 0 0 0 1 0 0 0 0 0
110	1	0 1 1 0 0 0 0 0 1 0 0 0 0 0 0 0
110	1	1 1 0 0 0 1 0 0 0 0 1 0 0 0 1 1
110	12	0 1 0 0 0 0 1 0 0 0 0 0 0 0 0 1
110	1	0 0 1 0 1 0 0 0 1 0 0 1 0 0 1 1
110	4	0 0 0 1 0 1 1 0 1 0 0 0 0 0 0 0
110	50	1 1 0 1 0 1 0 0 0 0 1 0 0 0 0 0
110	6	1 1 1 1 0 0 1 0 0 0 1 0 0 0 0 0
110	8	0 0 0 0 0 0 0 0 1 0 0 0 0 0 0 0
110	4	0 0 1 1 0 0 0 0 0 0 0 0 1 0 0 0
110	17	0 1 1 0 0 0 0 0 0 0 1 0 0 0 0 0
110	10	0 0 1 0 1 0 1 0 1 0 0 0 0 0 0 0
110	13	1 1 1 0 0 1 1 0 0 0 1 0 0 0 0 0
110	4	1 1 1 0 0 0 0 0 1 0 0 0 0 0 0 0
110	15	0 0 1 1 0 1 1 0 1 0 0 0 0 0 0 0
110	23	1 1 0 1 0 1 0 0 0 0 1 1 0 0 0 0
110	1	1 1 0 0 0 1 0 0 0 0 1 1 0 1 1 0
110	5	0 1 0 1 0 0 0 1 1 0 0 0 0 0 0 0
110	15	1 1 0 0 0 0 0 0 0 0 0 0 0 0 0 1
110	7	0 1 0 1 0 0 0 0 0 0 0 0 0 1 0 0
110	8	0 1 0 1 0 1 1 0 1 0 0 0 0 0 0 0
110	2	1 1 0 1 0 1 0 0 0 0 0 0 0 0 0 0
110	14	0 1 0 1 0 1 0 0 0 0 0 0 0 0 0 0
110	17	0 0 0 1 0 1 0 0 1 0 1 0 0 0 0 0
110	9	1 1 0 0 0 0 1 0 0 0 1 0 0 0 0 0
110	2	0 1 1 0 0 0 0 0 0 0 0 1 0 0 0 0
110	2	1 0 1 0 0 0 0 1 1 0 0 0 0 1 0 0
110	3	0 1 0 0 0 0 1 0 0 0 0 0 0 1 0 0
110	4	0 0 1 0 1 0 0 0 0 0 0 0 0 0 0 0
110	6	0 1 1 1 0 0 0 0 0 1 0 0 0 0 0 0
110	2	1 1 0 0 0 1 0 0 1 0 1 0 0 0 1 1
110	13	0 0 0 0 0 0 0 0 1 0 0 0 1 0 0 0
110	15	1 1 1 1 0 0 1 0 0 0 1 0 1 0 0 0
110	7	1 1 1 1 0 0 0 0 0 0 0 0 0 0 0 0
110	2	0 0 0 0 0 0 0 0 0 0 0 0 0 0 0 0
110	5	0 1 0 1 0 0 0 0 0 0 0 1 0 0 0 0
110	6	1 1 0 0 0 1 0 0 1 0 0 0 0 0 0 0
110	23	0 1 0 1 0 0 0 0 0 1 0 0 0 0 0 0
110	2	0 1 0 1 1 0 0 0 0 0 0 0 0 0 0 0
110	1	1 1 0 1 0 0 0 0 1 0 0 0 0 0 0 0
110	3	0 0 1 0 0 0 0 0 1 0 0 1 1 0 1 1
110	5	1 1 0 1 0 1 1 0 1 0 0 0 1 0 1 0
110	3	0 1 1 0 0 0 0 1 0 0 0 0 0 0 0 0
110	6	0 1 0 1 0 0 0 0 0 0 1 0 0 0 0 0
110	5	1 1 1 0 0 1 0 0 0 0 1 0 0 0 0 0
110	6	0 1 0 1 0 1 1 0 0 1 0 1 0 0 0 0
110	10	1 1 0 0 0 0 0 0 1 0 1 1 0 1 1 0
110	15	0 1 1 0 0 1 0 0 1 0 0 0 0 0 0 0
110	1	0 1 0 0 0 0 1 0 0 0 0 0 0 1 0 1
110	8	0 1 1 0 0 0 0 0 0 0 0 0 0 0 1 0
110	2	1 1 0 1 0 0 1 0 0 0 1 1 0 1 1 0
110	2	0 0 1 0 1 0 0 0 1 0 0 0 0 0 0 0
110	2	0 1 1 1 0 0 0 0 0 0 0 0 0 0 0 1
110	2	1 1 0 0 0 0 1 0 1 0 0 0 0 0 0 0
110	3	0 1 0 0 0 0 0 0 0 0 1 0 0 0 0 0
110	6	1 1 0 1 1 1 1 0 0 1 0 1 0 0 0 0
110	4	1 1 0 0 0 1 1 0 0 0 0 0 0 0 0 1
110	3	1 1 0 1 0 1 1 0 0 0 0 0 0 0 0 0
110	2	1 0 1 0 0 0 0 0 1 0 0 0 0 0 0 0
110	1	0 1 0 0 0 0 0 0 1 0 0 0 0 0 0 0
110	3	1 1 0 1 0 0 0 0 0 0 0 0 0 1 0 0
110	2	0 1 0 0 0 0 1 0 0 0 0 0 1 0 0 1
110	3	0 0 0 1 0 1 0 0 1 0 0 0 0 1 0 0
110	1	0 0 1 0 0 0 0 0 1 0 0 0 0 0 1 0
110	5	1 1 0 0 0 0 0 0 0 0 1 0 0 0 0 0
110	1	0 1 1 0 0 0 0 0 1 0 0 0 0 1 1 0
110	2	1 1 1 0 0 1 1 0 0 0 0 0 0 0 0 1
110	6	1 1 1 1 0 0 0 0 0 0 1 0 0 0 0 0
110	4	0 1 1 1 0 0 0 0 1 0 0 0 0 0 0 1
110	5	1 1 1 1 0 1 1 0 1 0 0 0 0 0 0 0
110	3	0 1 0 0 0 0 1 0 0 0 0 1 0 1 1 0
110	3	1 0 0 0 0 0 0 1 1 0 0 0 0 0 0 0
110	3	1 1 1 1 0 1 1 0 0 1 1 0 0 0 0 0
110	1	0 1 0 0 0 0 0 0 0 0 0 0 0 0 0 1
110	2	0 0 1 0 1 0 1 1 1 0 0 0 0 0 0 0
110	2	0 1 1 0 0 1 0 0 0 0 0 1 0 0 0 0
110	1	1 1 0 0 0 1 0 0 1 0 1 0 1 0 1 1
110	3	1 1 0 1 1 1 0 0 0 0 0 1 0 0 0 0
110	1	0 0 0 1 0 0 0 0 1 0 0 0 1 0 0 0
110	1	1 1 0 1 1 1 0 0 0 1 1 0 0 0 0 0
110	3	0 0 1 1 0 0 0 0 1 0 1 1 0 1 1 0
110	1	0 0 0 1 0 0 1 0 1 0 1 0 0 0 0 0
110	1	0 0 0 1 0 0 0 0 1 0 1 0 0 0 1 0
110	2	1 0 0 0 0 0 0 0 0 0 0 0 0 0 0 0
110	2	0 1 1 1 0 1 0 0 0 0 0 0 0 0 0 0
110	1	1 1 0 0 0 1 1 0 0 0 1 1 0 0 0 0
110	1	1 1 0 0 0 1 0 0 0 0 1 1 0 0 1 1
110	2	1 1 1 1 0 1 0 0 0 0 1 1 0 0 0 0
110	1	0 1 0 0 0 0 1 0 0 0 0 0 0 0 0 0
110	1	1 1 1 1 0 0 1 0 0 0 1 1 1 0 0 0
110	2	1 1 1 1 0 0 1 0 0 0 1 0 1 0 0 1
110	3	0 1 1 1 0 0 0 0 0 0 0 1 0 0 0 0
110	2	1 1 0 1 1 1 1 0 0 1 1 1 0 0 0 0
110	1	0 0 1 0 0 1 1 0 0 0 1 1 0 1 1 0
110	4	0 0 0 0 0 0 0 0 1 0 1 0 1 0 0 0
110	1	1 1 1 0 0 1 0 0 1 0 0 0 0 1 1 0
110	2	1 0 0 1 0 0 0 0 1 0 0 0 0 0 0 0
110	2	1 1 0 0 0 1 1 0 0 0 1 1 0 1 1 0
110	2	1 1 0 0 0 0 0 0 1 0 0 0 0 0 0 1
110	2	1 1 0 1 0 1 0 0 0 0 1 0 0 0 0 1
110	3	1 1 0 1 0 1 0 0 1 0 1 1 0 0 0 0
110	1	1 1 0 1 0 1 0 0 0 0 1 1 0 0 1 0
110	1	1 1 0 0 0 0 1 0 0 0 1 1 0 0 0 0
110	1	1 0 1 1 0 0 0 0 0 0 0 0 0 0 0 0
110	1	0 1 0 1 1 0 0 0 0 0 0 0 0 1 0 0
120	7	0 0 0 1 0 0 0 0 0 0 0 0 1 0 0 0
120	17	0 0 0 1 0 0 0 0 1 0 0 0 0 0 0 0
120	12	1 1 0 1 0 1 0 0 0 0 1 1 0 1 1 0
120	22	0 1 1 0 0 0 0 0 0 0 0 0 0 0 0 0
120	45	1 1 0 1 0 1 1 0 0 0 1 1 0 1 1 0
120	3	0 0 1 0 0 0 0 0 1 0 0 0 0 0 0 0
120	49	0 1 0 1 0 0 0 0 0 0 0 0 0 0 0 0
120	65	0 0 0 1 0 0 0 0 1 0 1 0 0 0 0 0
120	47	1 1 0 0 0 0 0 0 0 0 0 0 0 0 0 0
120	27	1 1 0 1 1 1 0 0 0 0 1 1 0 0 0 0
120	6	0 1 0 1 0 0 0 0 1 0 0 0 0 0 0 0
120	12	0 0 0 0 0 0 0 0 1 0 1 0 0 0 0 0
120	2	0 1 1 1 0 0 0 0 0 0 0 0 0 0 0 0
120	22	1 1 0 0 0 0 0 0 1 0 0 0 0 0 0 0
120	37	1 1 0 1 0 0 0 0 0 0 0 0 0 0 0 0
120	9	1 1 0 0 0 1 1 0 0 0 1 0 0 0 0 0
120	12	1 1 0 1 0 1 1 0 0 1 0 0 0 0 0 0
120	9	0 1 0 1 0 0 0 0 1 0 0 0 0 0 1 1
120	1	1 1 0 0 0 1 0 0 0 0 1 0 0 0 1 1
120	1	0 1 0 0 0 0 1 0 0 0 0 0 0 0 0 1
120	31	1 1 0 1 0 1 0 0 0 0 1 0 0 0 0 0
120	3	1 1 1 1 0 0 1 0 0 0 1 0 0 0 0 0
120	10	0 0 0 0 0 0 0 0 1 0 0 0 0 0 0 0
120	7	0 0 1 1 0 0 0 0 0 0 0 0 1 0 0 0
120	4	0 1 1 0 0 0 0 0 0 0 1 0 0 0 0 0
120	7	0 0 1 0 1 0 1 0 1 0 0 0 0 0 0 0
120	2	1 1 1 0 0 0 0 0 1 0 0 0 0 0 0 0
120	23	0 0 1 1 0 1 1 0 1 0 0 0 0 0 0 0
120	44	1 1 0 1 0 1 0 0 0 0 1 1 0 0 0 0
120	11	1 1 0 0 0 0 0 0 0 0 0 0 0 0 0 1
120	18	0 1 0 1 0 0 0 0 0 0 0 0 0 1 0 0
120	2	0 1 0 1 0 1 1 0 1 0 0 0 0 0 0 0
120	10	1 1 0 1 0 1 0 0 0 0 0 0 0 0 0 0
120	6	0 1 0 1 0 1 0 0 0 0 0 0 0 0 0 0
120	19	0 0 0 1 0 1 0 0 1 0 1 0 0 0 0 0
120	12	1 1 0 0 0 0 1 0 0 0 1 0 0 0 0 0
120	3	1 0 1 0 0 0 0 1 1 0 0 0 0 1 0 0
120	12	0 1 1 1 0 0 0 0 0 1 0 0 0 0 0 0
120	14	1 1 1 1 0 0 1 0 0 0 1 0 1 0 0 0
120	16	0 1 0 1 0 0 0 0 0 1 0 0 0 0 0 0
120	17	1 1 0 1 0 0 0 0 1 0 0 0 0 0 0 0
120	23	1 1 1 0 0 1 0 0 0 0 1 0 0 0 0 0
120	12	0 1 0 1 0 1 1 0 0 1 0 1 0 0 0 0
120	8	0 1 1 0 0 1 0 0 1 0 0 0 0 0 0 0
120	1	0 1 1 0 0 0 0 0 0 0 0 0 0 0 1 0
120	2	0 1 0 0 0 0 0 0 0 0 1 0 0 0 0 0
120	34	1 1 0 1 1 1 1 0 0 1 0 1 0 0 0 0
120	9	1 1 0 0 0 0 0 0 0 0 1 0 0 0 0 0
120	5	1 1 1 1 0 0 0 0 0 0 1 0 0 0 0 0
120	11	0 1 1 1 0 0 0 0 1 0 0 0 0 0 0 1
120	1	1 1 1 1 0 1 1 0 1 0 0 0 0 0 0 0
120	9	1 1 1 1 0 1 1 0 0 1 1 0 0 0 0 0
120	9	0 0 1 0 1 0 1 1 1 0 0 0 0 0 0 0
120	4	0 0 0 1 0 0 0 0 1 0 0 0 1 0 0 0
120	5	1 1 0 0 0 1 0 0 0 0 1 1 0 0 1 1
120	6	1 1 1 1 0 1 0 0 0 0 1 1 0 0 0 0
120	14	1 1 0 1 0 1 0 0 0 0 1 0 0 0 0 1
120	3	1 1 0 1 0 1 0 0 1 0 1 1 0 0 0 0
120	5	1 0 1 1 0 0 0 0 0 0 0 0 0 0 0 0
120	2	1 1 0 1 0 1 1 0 1 0 1 1 0 1 1 0
120	12	1 1 0 1 0 1 1 0 0 0 1 1 0 0 1 0
120	4	0 0 1 0 0 0 0 0 1 0 0 0 1 0 0 0
120	3	1 1 1 0 0 1 1 0 0 0 0 0 0 0 0 0
120	4	1 1 1 0 0 0 0 0 0 0 0 0 0 0 0 0
120	2	0 1 0 0 0 0 1 0 0 0 0 0 1 0 0 0
120	2	1 1 0 1 1 1 0 0 0 0 1 1 1 0 0 0
120	6	0 0 1 1 1 0 1 1 1 0 0 0 0 0 0 0
120	9	0 1 0 1 0 0 0 0 1 0 0 0 1 0 0 0
120	2	0 1 0 1 0 0 0 0 1 0 1 1 0 0 0 0
120	1	1 1 0 1 0 1 1 0 0 1 0 1 0 0 0 0
120	6	0 0 1 0 0 0 0 0 0 0 0 0 0 0 0 0
120	9	1 1 0 0 0 0 1 0 0 0 0 1 0 1 1 0
120	4	1 1 0 1 1 1 1 0 0 0 1 1 0 1 1 0
120	2	0 0 1 1 0 0 0 0 1 0 1 0 0 0 0 0
120	3	1 1 0 1 1 0 0 0 1 0 0 0 0 0 0 0
120	4	1 1 0 1 0 1 0 0 1 0 1 0 0 0 0 0
120	2	1 0 0 1 0 1 1 0 0 0 1 1 0 1 1 0
120	2	0 0 0 1 0 1 0 0 1 0 1 0 0 1 0 0
120	7	1 1 0 1 0 1 0 0 1 1 1 1 0 0 0 0
120	6	1 0 0 0 0 0 0 0 0 0 0 0 0 0 0 0
120	1	0 1 0 1 0 1 0 0 1 0 0 0 0 0 0 0
120	2	1 1 0 1 0 0 1 0 0 0 1 0 1 0 0 0
120	4	1 1 0 0 0 1 0 0 0 0 0 0 0 0 0 0
120	4	1 1 1 0 0 1 0 0 1 0 0 0 0 0 0 0
120	2	0 1 0 1 0 0 0 0 0 0 0 0 1 0 0 0
120	1	0 1 0 0 0 0 1 0 0 0 1 1 0 1 1 0
120	3	1 1 0 1 0 1 1 0 0 0 0 0 0 0 0 0
120	2	0 1 0 1 0 1 0 0 1 0 0 0 0 0 1 1
120	1	0 1 0 0 0 0 1 0 0 0 0 1 0 0 0 0
120	4	1 0 0 1 0 0 0 0 1 0 1 0 0 0 0 0
120	1	1 1 1 1 1 1 0 0 0 0 1 1 0 0 0 0
120	4	0 1 0 0 0 0 1 0 0 0 1 0 0 0 0 1
120	2	0 0 1 0 0 0 0 1 1 0 0 0 0 1 0 0
120	1	0 1 0 1 0 0 0 0 0 0 1 1 0 1 1 0
120	2	0 1 0 1 0 0 0 0 1 0 1 0 0 0 0 0
120	1	0 1 0 1 0 0 0 0 0 0 1 0 0 0 0 0
120	2	0 0 0 1 0 0 0 0 0 0 0 0 1 0 0 1
120	1	0 1 1 0 0 0 1 0 0 0 1 0 0 0 0 0
120	1	0 1 1 0 0 1 0 0 0 0 1 0 0 0 0 0
120	3	0 1 1 1 0 1 0 0 1 0 0 0 0 0 0 0
120	3	0 1 1 1 0 0 0 0 1 0 1 0 0 0 0 1
120	8	1 0 0 1 0 1 0 0 1 1 1 1 0 0 0 0
120	2	0 0 0 1 0 1 1 0 0 1 1 0 0 0 0 0
120	2	0 1 1 0 0 0 0 0 0 0 0 0 0 1 0 0
120	1	0 0 0 1 0 0 1 0 1 0 0 0 0 0 0 0
120	2	0 1 1 1 0 0 0 0 1 0 0 0 0 0 0 0
120	4	1 1 0 1 0 0 0 0 0 1 0 0 0 0 0 0
120	1	1 0 0 1 0 1 0 0 0 0 1 0 0 0 0 0
120	1	0 1 0 0 0 0 0 0 1 0 0 0 0 0 0 0
120	2	1 0 0 0 0 0 0 0 0 0 0 0 0 0 0 1
120	1	1 1 0 0 0 1 0 0 0 0 1 0 0 0 0 0
120	1	1 1 1 1 0 1 1 0 0 0 1 0 0 0 0 0
120	1	1 1 0 1 0 1 1 0 1 1 0 1 0 0 0 0
130	7	0 0 0 1 0 0 0 0 1 0 0 0 0 0 0 0
130	10	0 1 1 0 0 0 0 0 0 0 0 0 0 0 0 0
130	19	1 1 0 1 0 1 1 0 0 0 1 1 0 1 1 0
130	65	0 1 0 1 0 0 0 0 0 0 0 0 0 0 0 0
130	33	0 0 0 1 0 0 0 0 1 0 1 0 0 0 0 0
130	46	1 1 0 0 0 0 0 0 0 0 0 0 0 0 0 0
130	28	1 1 0 1 1 1 0 0 0 0 1 1 0 0 0 0
130	8	0 1 0 1 0 0 0 0 1 0 0 0 0 0 0 0
130	2	0 1 1 1 0 0 0 0 0 0 0 0 0 0 0 0
130	4	1 1 0 0 0 0 0 0 1 0 0 0 0 0 0 0
130	41	1 1 0 1 0 0 0 0 0 0 0 0 0 0 0 0
130	1	1 1 0 0 0 1 1 0 0 0 1 0 0 0 0 0
130	8	1 1 0 1 0 1 1 0 0 1 0 0 0 0 0 0
130	46	1 1 0 1 0 1 0 0 0 0 1 0 0 0 0 0
130	2	0 0 1 1 0 0 0 0 0 0 0 0 1 0 0 0
130	11	0 1 1 0 0 0 0 0 0 0 1 0 0 0 0 0
130	11	0 0 1 1 0 1 1 0 1 0 0 0 0 0 0 0
130	49	1 1 0 1 0 1 0 0 0 0 1 1 0 0 0 0
130	7	0 1 0 1 0 0 0 0 0 0 0 0 0 1 0 0
130	6	1 1 0 1 0 1 0 0 0 0 0 0 0 0 0 0
130	25	0 1 0 1 0 1 0 0 0 0 0 0 0 0 0 0
130	23	0 0 0 1 0 1 0 0 1 0 1 0 0 0 0 0
130	16	1 1 0 0 0 0 1 0 0 0 1 0 0 0 0 0
130	1	1 0 1 0 0 0 0 1 1 0 0 0 0 1 0 0
130	2	0 1 1 1 0 0 0 0 0 1 0 0 0 0 0 0
130	35	0 1 0 1 0 0 0 0 0 1 0 0 0 0 0 0
130	7	1 1 0 1 0 0 0 0 1 0 0 0 0 0 0 0
130	8	1 1 1 0 0 1 0 0 0 0 1 0 0 0 0 0
130	15	0 1 1 0 0 1 0 0 1 0 0 0 0 0 0 0
130	40	1 1 0 1 1 1 1 0 0 1 0 1 0 0 0 0
130	2	0 1 1 1 0 0 0 0 1 0 0 0 0 0 0 1
130	3	1 1 1 1 0 1 1 0 1 0 0 0 0 0 0 0
130	38	1 1 1 1 0 1 1 0 0 1 1 0 0 0 0 0
130	7	0 0 1 0 1 0 1 1 1 0 0 0 0 0 0 0
130	7	0 0 0 1 0 0 0 0 1 0 0 0 1 0 0 0
130	19	1 1 1 1 0 1 0 0 0 0 1 1 0 0 0 0
130	6	1 1 0 1 0 1 0 0 0 0 1 0 0 0 0 1
130	1	1 1 0 1 0 1 0 0 1 0 1 1 0 0 0 0
130	14	1 0 1 1 0 0 0 0 0 0 0 0 0 0 0 0
130	2	1 1 0 1 0 1 1 0 0 0 1 1 0 0 1 0
130	5	0 0 1 0 0 0 0 0 1 0 0 0 1 0 0 0
130	4	1 1 1 0 0 1 1 0 0 0 0 0 0 0 0 0
130	7	1 1 0 1 1 1 0 0 0 0 1 1 1 0 0 0
130	12	0 0 1 1 1 0 1 1 1 0 0 0 0 0 0 0
130	18	1 1 0 0 0 0 1 0 0 0 0 1 0 1 1 0
130	2	1 1 0 1 1 1 1 0 0 0 1 1 0 1 1 0
130	2	1 1 0 1 1 0 0 0 1 0 0 0 0 0 0 0
130	2	0 0 0 1 0 1 0 0 1 0 1 0 0 1 0 0
130	3	1 1 0 1 0 1 0 0 1 1 1 1 0 0 0 0
130	2	1 0 0 0 0 0 0 0 0 0 0 0 0 0 0 0
130	4	1 1 1 0 0 1 0 0 1 0 0 0 0 0 0 0
130	15	1 1 1 1 1 1 0 0 0 0 1 1 0 0 0 0
130	4	0 1 0 0 0 0 1 0 0 0 1 0 0 0 0 1
130	10	0 1 0 1 0 0 0 0 0 0 1 0 0 0 0 0
130	14	1 0 0 1 0 1 0 0 1 1 1 1 0 0 0 0
130	8	1 1 0 1 0 0 0 0 0 1 0 0 0 0 0 0
130	5	1 0 0 1 0 1 0 0 0 0 1 0 0 0 0 0
130	20	1 1 0 1 0 1 1 0 1 1 0 1 0 0 0 0
130	10	1 1 1 1 0 0 0 0 0 1 0 0 0 0 0 0
130	3	0 0 1 0 0 0 0 0 0 1 0 1 0 0 0 0
130	2	0 0 0 1 0 0 0 0 0 0 1 1 0 0 0 0
130	1	0 1 0 1 0 0 0 0 0 0 0 1 0 0 0 0
130	1	1 1 0 1 1 1 0 1 0 0 1 1 0 0 0 0
130	16	0 1 1 1 0 1 0 0 0 0 0 0 0 0 0 0
130	5	0 1 1 1 1 0 0 0 0 1 0 0 0 0 0 0
130	1	0 0 0 0 0 0 0 0 0 0 0 0 0 0 0 0
130	6	1 0 1 0 0 0 0 0 0 0 0 0 0 0 0 0
130	6	1 1 0 1 0 1 1 0 1 0 1 1 0 0 1 0
130	1	0 0 1 1 0 0 0 0 1 0 1 0 1 0 0 0
130	5	1 1 0 0 0 1 1 0 1 0 0 0 0 0 0 0
130	3	0 1 0 0 0 0 1 0 1 0 0 0 0 0 0 0
130	2	1 1 0 1 0 1 1 0 0 0 1 1 0 1 1 1
130	1	1 1 0 1 0 0 0 0 0 0 1 1 0 0 0 0
130	2	1 1 0 1 0 1 0 1 0 0 1 1 0 0 0 0
130	4	0 1 0 1 0 1 0 0 0 0 1 0 0 0 0 0
130	13	0 1 1 1 0 1 0 0 1 0 0 0 0 0 0 0
130	5	1 1 0 1 0 1 1 0 0 0 1 1 0 0 0 0
130	2	1 1 0 1 1 1 0 0 0 0 1 1 0 0 0 1
130	2	0 0 0 0 0 1 0 0 1 0 1 0 0 0 0 0
130	2	0 1 1 1 0 1 0 0 1 0 1 0 0 0 0 1
130	4	0 0 0 1 0 0 0 0 0 0 0 0 0 0 0 0
130	7	1 1 1 1 0 1 1 0 0 0 0 0 0 0 0 0
130	2	0 1 1 0 0 1 0 0 1 0 0 1 0 0 0 0
130	3	0 0 1 0 0 0 0 0 0 1 0 1 0 0 1 0
130	2	0 1 0 1 1 1 1 0 0 1 0 1 0 0 0 0
130	2	1 1 0 0 0 1 0 0 1 0 1 0 0 0 0 0
130	5	0 0 1 1 0 0 0 0 0 0 0 0 0 0 0 0
130	1	1 1 1 1 0 0 0 0 1 0 1 0 0 0 0 0
130	2	0 1 1 0 1 0 0 0 0 0 0 0 0 0 0 0
130	3	0 1 0 0 0 0 0 0 0 0 0 0 0 0 0 0
130	3	1 1 1 1 0 0 0 0 0 0 0 0 0 0 0 0
130	2	1 1 0 1 0 1 1 0 0 0 1 0 0 0 0 0
130	2	0 0 0 1 0 0 0 0 1 0 1 1 0 0 0 0
130	3	1 1 0 0 0 0 1 0 0 0 1 0 0 0 0 1
130	4	1 1 0 0 0 0 0 0 0 0 0 0 0 0 1 0
130	3	1 1 1 0 0 0 0 0 0 0 1 0 0 0 0 0
130	5	1 1 1 0 0 1 0 0 0 0 1 1 0 0 0 0
130	3	1 1 0 0 0 0 0 0 0 1 0 0 0 0 0 0
130	4	1 1 0 1 0 1 1 0 0 1 1 0 0 0 0 0
130	2	1 1 0 0 0 0 1 0 0 1 0 0 0 0 0 0
130	1	0 0 0 1 1 0 0 0 1 0 1 0 0 0 0 0
130	2	1 1 0 0 0 0 0 0 0 0 0 0 0 1 0 0
130	1	1 1 0 1 0 0 0 0 0 0 0 0 0 0 0 1
130	2	1 1 0 1 1 0 0 0 0 0 0 0 0 0 0 0
130	3	0 1 1 0 0 0 1 0 1 0 0 0 0 0 0 0
130	2	0 1 0 1 0 0 0 0 0 1 0 1 0 0 0 0
130	2	0 1 0 1 0 0 0 0 0 0 1 1 0 0 0 0
130	2	0 0 1 1 1 1 0 0 0 0 1 1 0 0 0 1
130	2	1 1 0 1 0 1 1 0 1 0 1 0 0 0 0 0
130	3	1 1 0 1 0 1 1 0 0 1 1 1 0 1 1 0
130	3	1 1 0 0 0 0 0 1 0 0 0 0 0 0 0 0
130	4	1 1 0 0 0 1 0 0 1 0 0 0 0 0 0 0
130	2	1 1 0 1 0 0 0 0 0 0 1 0 0 0 0 0
130	2	0 1 0 1 0 0 0 0 1 0 0 0 0 0 0 1
130	1	0 1 0 0 0 0 0 1 0 0 0 0 0 0 0 0
130	1	0 0 0 1 1 0 0 0 1 0 1 1 0 0 0 0
140	32	0 0 0 1 0 0 0 0 1 0 0 0 0 0 0 0
140	3	0 1 1 0 0 0 0 0 0 0 0 0 0 0 0 0
140	4	1 1 0 1 0 1 1 0 0 0 1 1 0 1 1 0
140	47	0 1 0 1 0 0 0 0 0 0 0 0 0 0 0 0
140	16	0 0 0 1 0 0 0 0 1 0 1 0 0 0 0 0
140	27	1 1 0 0 0 0 0 0 0 0 0 0 0 0 0 0
140	40	1 1 0 1 1 1 0 0 0 0 1 1 0 0 0 0
140	31	0 1 0 1 0 0 0 0 1 0 0 0 0 0 0 0
140	3	0 1 1 1 0 0 0 0 0 0 0 0 0 0 0 0
140	17	1 1 0 0 0 0 0 0 1 0 0 0 0 0 0 0
140	38	1 1 0 1 0 0 0 0 0 0 0 0 0 0 0 0
140	14	1 1 0 1 0 1 1 0 0 1 0 0 0 0 0 0
140	31	1 1 0 1 0 1 0 0 0 0 1 0 0 0 0 0
140	1	0 1 1 0 0 0 0 0 0 0 1 0 0 0 0 0
140	11	0 0 1 1 0 1 1 0 1 0 0 0 0 0 0 0
140	27	1 1 0 1 0 1 0 0 0 0 1 1 0 0 0 0
140	1	0 1 0 1 0 0 0 0 0 0 0 0 0 1 0 0
140	20	0 1 0 1 0 1 0 0 0 0 0 0 0 0 0 0
140	24	0 0 0 1 0 1 0 0 1 0 1 0 0 0 0 0
140	4	0 1 1 1 0 0 0 0 0 1 0 0 0 0 0 0
140	22	0 1 0 1 0 0 0 0 0 1 0 0 0 0 0 0
140	21	1 1 0 1 0 0 0 0 1 0 0 0 0 0 0 0
140	9	1 1 1 0 0 1 0 0 0 0 1 0 0 0 0 0
140	41	1 1 0 1 1 1 1 0 0 1 0 1 0 0 0 0
140	14	1 1 1 1 0 1 1 0 1 0 0 0 0 0 0 0
140	41	1 1 1 1 0 1 1 0 0 1 1 0 0 0 0 0
140	18	0 0 0 1 0 0 0 0 1 0 0 0 1 0 0 0
140	5	1 1 1 1 0 1 0 0 0 0 1 1 0 0 0 0
140	3	1 1 0 1 0 1 0 0 0 0 1 0 0 0 0 1
140	6	1 0 1 1 0 0 0 0 0 0 0 0 0 0 0 0
140	14	0 0 1 0 0 0 0 0 1 0 0 0 1 0 0 0
140	18	1 1 0 1 1 1 0 0 0 0 1 1 1 0 0 0
140	20	0 0 1 1 1 0 1 1 1 0 0 0 0 0 0 0
140	6	1 1 0 0 0 0 1 0 0 0 0 1 0 1 1 0
140	3	1 1 0 1 1 0 0 0 1 0 0 0 0 0 0 0
140	5	1 1 1 1 1 1 0 0 0 0 1 1 0 0 0 0
140	3	0 1 0 1 0 0 0 0 0 0 1 0 0 0 0 0
140	14	1 0 0 1 0 1 0 0 1 1 1 1 0 0 0 0
140	17	1 1 0 1 0 0 0 0 0 1 0 0 0 0 0 0
140	22	1 1 0 1 0 1 1 0 1 1 0 1 0 0 0 0
140	37	1 1 1 1 0 0 0 0 0 1 0 0 0 0 0 0
140	9	0 0 0 1 0 0 0 0 0 0 1 1 0 0 0 0
140	2	0 1 0 1 0 0 0 0 0 0 0 1 0 0 0 0
140	3	1 1 0 1 1 1 0 1 0 0 1 1 0 0 0 0
140	20	0 1 1 1 0 1 0 0 0 0 0 0 0 0 0 0
140	1	0 1 1 1 1 0 0 0 0 1 0 0 0 0 0 0
140	1	1 0 1 0 0 0 0 0 0 0 0 0 0 0 0 0
140	12	1 1 0 1 0 1 1 0 1 0 1 1 0 0 1 0
140	4	1 1 0 1 0 1 0 1 0 0 1 1 0 0 0 0
140	2	0 1 1 1 0 1 0 0 1 0 0 0 0 0 0 0
140	24	1 1 0 1 0 1 1 0 0 0 1 1 0 0 0 0
140	1	0 0 0 0 0 1 0 0 1 0 1 0 0 0 0 0
140	5	0 1 1 1 0 1 0 0 1 0 1 0 0 0 0 1
140	2	0 0 0 1 0 0 0 0 0 0 0 0 0 0 0 0
140	24	1 1 1 1 0 1 1 0 0 0 0 0 0 0 0 0
140	1	0 0 1 0 0 0 0 0 0 1 0 1 0 0 1 0
140	7	0 1 0 1 1 1 1 0 0 1 0 1 0 0 0 0
140	3	0 1 1 0 1 0 0 0 0 0 0 0 0 0 0 0
140	8	1 1 0 1 0 1 1 0 0 0 1 0 0 0 0 0
140	1	1 1 0 0 0 1 0 0 1 0 0 0 0 0 0 0
140	5	0 0 0 1 1 1 0 0 1 0 1 0 0 0 0 0
140	4	0 0 0 1 0 0 0 0 0 1 0 0 0 0 0 0
140	1	1 1 0 1 1 1 1 0 1 1 1 1 0 0 0 0
140	3	1 1 1 1 0 1 0 0 0 0 1 1 0 1 1 0
140	1	1 1 1 0 0 0 0 0 1 0 0 0 0 0 0 0
140	8	1 1 0 1 0 1 0 0 0 0 1 1 0 1 1 0
140	2	0 0 0 1 1 0 0 0 1 0 1 0 0 0 0 0
140	5	1 1 0 0 0 1 0 0 0 0 0 0 0 0 0 0
140	2	0 1 0 1 0 0 0 0 1 1 0 0 0 0 0 0
140	7	1 1 1 1 0 1 0 0 1 0 1 1 0 0 0 0
140	4	1 1 1 1 1 0 0 0 0 1 0 0 0 0 0 0
140	4	0 0 0 1 1 1 0 0 1 1 1 1 0 0 0 0
140	1	0 1 0 1 0 1 0 0 0 0 0 0 0 0 1 0
140	7	0 0 0 1 0 1 0 0 1 0 0 1 0 0 0 0
140	5	1 1 0 1 0 1 0 0 1 1 0 1 0 0 0 0
140	5	0 1 0 1 0 0 0 0 0 0 0 0 0 1 0 1
140	3	1 1 0 1 0 1 1 0 0 1 1 0 0 0 0 0
140	3	1 1 1 1 0 1 0 0 0 0 1 0 0 0 0 1
140	2	0 0 0 1 1 1 1 0 0 1 0 1 0 0 0 0
140	1	0 1 1 0 0 0 0 0 0 1 1 0 0 0 0 0
140	1	1 1 0 1 1 1 0 0 0 1 0 1 0 0 0 0
140	3	0 0 0 1 0 1 0 0 0 0 1 1 1 0 0 0
140	3	0 0 0 1 0 1 1 0 0 1 1 0 0 0 0 0
140	2	1 1 0 1 1 1 1 0 0 0 1 0 0 0 0 0
140	3	1 1 0 1 0 1 1 0 0 0 0 1 0 1 1 0
140	1	1 0 0 0 0 0 0 0 0 0 0 0 0 0 0 0
140	1	0 1 1 0 0 0 0 0 0 0 1 1 0 0 0 0
140	2	1 1 0 1 1 1 1 0 0 1 0 1 0 0 1 0
140	4	1 1 0 1 0 1 1 0 0 1 0 1 0 0 0 0
140	4	1 1 0 1 1 1 1 0 1 1 1 1 0 1 0 0
140	1	1 1 0 1 1 1 0 0 0 0 1 0 0 0 0 0
140	4	1 1 0 1 0 1 0 0 0 0 0 0 0 0 0 0
140	1	0 0 1 1 1 0 1 1 1 1 0 1 0 0 0 0
140	2	1 1 0 1 0 1 1 0 1 1 1 0 0 0 0 0
140	1	0 1 1 1 0 1 0 0 0 0 1 1 0 0 0 0
140	1	1 1 0 0 0 0 1 1 1 0 0 0 0 0 0 0
140	3	1 1 0 1 1 1 0 0 0 1 0 1 0 1 1 0
140	2	1 1 0 0 0 1 1 0 0 0 1 0 0 0 0 0
140	2	1 1 0 1 0 0 0 0 1 0 0 0 0 0 0 1
140	1	1 1 1 1 0 1 1 0 0 1 1 0 0 0 0 1
140	7	0 1 1 0 0 1 0 0 1 0 0 1 0 0 0 1
140	1	0 0 0 1 0 0 0 0 1 0 0 1 0 0 0 1
140	1	1 1 0 1 0 0 0 0 1 0 1 0 0 0 0 0
140	1	0 0 0 1 0 1 0 0 0 0 0 0 0 0 0 0
140	2	1 1 0 0 0 0 0 0 1 0 0 0 1 0 0 0
140	2	1 1 1 1 0 1 0 0 1 0 0 0 0 0 0 0
140	1	1 1 0 1 1 1 0 0 0 1 0 0 0 0 0 0
140	1	0 0 0 1 0 1 1 0 1 0 1 0 0 0 0 0
140	1	1 0 0 1 0 1 0 0 1 1 1 0 0 0 0 0
140	2	1 0 0 1 0 1 0 0 1 1 1 1 0 0 0 1
140	2	1 0 0 1 0 1 1 0 1 1 1 1 0 0 0 0
140	1	1 1 1 1 0 0 0 0 0 1 0 0 0 1 0 0
140	2	1 0 0 1 0 1 1 0 0 0 1 1 0 0 0 0
140	1	1 1 0 1 0 1 0 0 0 0 1 1 0 1 1 1
150	8	0 0 0 1 0 0 0 0 1 0 0 0 0 0 0 0
150	1	1 1 0 1 0 1 1 0 0 0 1 1 0 1 1 0
150	13	0 1 0 1 0 0 0 0 0 0 0 0 0 0 0 0
150	15	0 0 0 1 0 0 0 0 1 0 1 0 0 0 0 0
150	24	1 1 0 0 0 0 0 0 0 0 0 0 0 0 0 0
150	25	1 1 0 1 1 1 0 0 0 0 1 1 0 0 0 0
150	19	0 1 0 1 0 0 0 0 1 0 0 0 0 0 0 0
150	4	1 1 0 0 0 0 0 0 1 0 0 0 0 0 0 0
150	52	1 1 0 1 0 0 0 0 0 0 0 0 0 0 0 0
150	13	1 1 0 1 0 1 1 0 0 1 0 0 0 0 0 0
150	53	1 1 0 1 0 1 0 0 0 0 1 0 0 0 0 0
150	8	0 0 1 1 0 1 1 0 1 0 0 0 0 0 0 0
150	18	1 1 0 1 0 1 0 0 0 0 1 1 0 0 0 0
150	27	0 1 0 1 0 1 0 0 0 0 0 0 0 0 0 0
150	22	0 0 0 1 0 1 0 0 1 0 1 0 0 0 0 0
150	5	0 1 1 1 0 0 0 0 0 1 0 0 0 0 0 0
150	7	0 1 0 1 0 0 0 0 0 1 0 0 0 0 0 0
150	12	1 1 1 0 0 1 0 0 0 0 1 0 0 0 0 0
150	14	1 1 0 1 1 1 1 0 0 1 0 1 0 0 0 0
150	27	1 1 1 1 0 1 1 0 1 0 0 0 0 0 0 0
150	35	1 1 1 1 0 1 1 0 0 1 1 0 0 0 0 0
150	12	0 0 0 1 0 0 0 0 1 0 0 0 1 0 0 0
150	1	1 1 1 1 0 1 0 0 0 0 1 1 0 0 0 0
150	7	1 0 1 1 0 0 0 0 0 0 0 0 0 0 0 0
150	25	0 0 1 0 0 0 0 0 1 0 0 0 1 0 0 0
150	13	1 1 0 1 1 1 0 0 0 0 1 1 1 0 0 0
150	10	0 0 1 1 1 0 1 1 1 0 0 0 0 0 0 0
150	9	1 1 0 0 0 0 1 0 0 0 0 1 0 1 1 0
150	23	1 0 0 1 0 1 0 0 1 1 1 1 0 0 0 0
150	11	1 1 0 1 0 0 0 0 0 1 0 0 0 0 0 0
150	19	1 1 0 1 0 1 1 0 1 1 0 1 0 0 0 0
150	50	1 1 1 1 0 0 0 0 0 1 0 0 0 0 0 0
150	1	0 1 0 1 0 0 0 0 0 0 0 1 0 0 0 0
150	24	0 1 1 1 0 1 0 0 0 0 0 0 0 0 0 0
150	1	0 1 1 1 0 1 0 0 1 0 0 0 0 0 0 0
150	26	1 1 0 1 0 1 1 0 0 0 1 1 0 0 0 0
150	10	0 1 1 1 0 1 0 0 1 0 1 0 0 0 0 1
150	13	1 1 1 1 0 1 1 0 0 0 0 0 0 0 0 0
150	5	1 1 0 1 0 1 1 0 0 0 1 0 0 0 0 0
150	14	0 0 0 1 0 0 0 0 0 1 0 0 0 0 0 0
150	6	1 1 1 1 0 1 0 0 0 0 1 1 0 1 1 0
150	3	0 0 0 1 1 0 0 0 1 0 1 0 0 0 0 0
150	7	1 1 1 1 1 0 0 0 0 1 0 0 0 0 0 0
150	4	0 0 0 1 0 1 0 0 1 0 0 1 0 0 0 0
150	1	1 1 0 1 0 1 0 0 1 1 0 1 0 0 0 0
150	1	0 1 0 1 0 0 0 0 0 0 0 0 0 1 0 1
150	10	1 1 0 1 1 1 0 0 0 1 0 1 0 0 0 0
150	1	0 0 0 1 0 1 0 0 0 0 1 1 1 0 0 0
150	2	1 1 0 1 1 1 1 0 0 0 1 0 0 0 0 0
150	1	1 1 0 1 0 1 1 0 0 0 0 1 0 1 1 0
150	3	1 1 0 1 0 1 0 0 0 0 0 0 0 0 0 0
150	7	1 1 0 1 0 0 0 0 1 0 0 0 0 0 0 1
150	9	0 1 1 0 0 1 0 0 1 0 0 1 0 0 0 1
150	10	1 1 0 1 1 1 0 0 0 1 0 0 0 0 0 0
150	1	1 0 0 1 0 1 0 0 1 1 1 1 0 0 0 1
150	1	1 1 1 1 0 0 0 0 0 1 0 0 0 1 0 0
150	1	1 0 0 1 0 1 1 0 0 0 1 1 0 0 0 0
150	1	0 1 0 1 0 0 1 0 1 0 0 0 0 0 0 0
150	10	1 1 0 1 0 1 1 0 1 1 0 1 0 1 0 0
150	4	1 1 0 1 0 1 1 0 0 0 1 1 0 0 0 1
150	16	0 0 0 1 0 1 1 0 0 1 1 0 0 1 0 0
150	6	1 1 0 1 1 1 1 0 0 1 0 0 0 0 0 0
150	10	1 1 1 1 1 1 0 0 1 0 1 0 0 0 0 0
150	21	1 1 1 1 0 1 1 0 0 0 1 1 0 0 0 0
150	8	1 1 0 1 1 1 0 0 1 1 0 1 0 0 0 0
150	4	0 1 0 1 0 0 0 0 0 0 0 0 1 0 0 0
150	4	0 1 0 1 0 1 0 0 0 0 0 0 0 0 0 1
150	7	0 1 1 1 0 1 0 0 0 1 0 0 0 0 0 0
150	4	1 1 0 1 1 1 1 0 1 1 0 1 0 1 0 0
150	3	1 1 1 1 0 0 0 0 1 1 0 0 0 1 0 0
150	7	1 1 1 1 0 1 1 0 0 0 0 0 0 0 0 1
150	2	1 0 0 1 0 0 0 0 1 0 1 0 0 0 0 0
150	14	1 1 1 1 0 1 1 0 0 0 0 0 1 0 0 0
150	3	0 0 0 1 1 1 0 0 1 0 1 0 0 0 1 0
150	2	1 1 1 1 0 0 0 0 1 0 0 0 0 0 0 1
150	1	1 0 0 1 0 0 0 0 0 1 0 0 0 0 0 0
150	1	1 1 1 0 0 0 0 0 1 0 0 0 0 0 0 1
150	4	1 1 1 1 0 0 1 0 0 1 1 0 0 0 0 0
150	3	1 1 0 1 0 1 1 1 1 1 0 1 0 0 0 0
150	7	1 1 0 1 0 1 0 1 1 1 0 1 0 0 0 0
150	5	1 1 1 1 0 1 0 0 0 1 0 0 0 1 0 0
150	9	1 1 0 0 0 1 1 0 0 1 1 0 0 0 0 0
150	2	1 0 0 1 0 1 0 0 1 1 1 1 1 0 0 0
150	6	1 1 0 1 1 1 1 0 0 0 1 1 0 0 0 0
150	1	0 1 0 0 0 1 0 0 0 0 1 0 0 0 0 0
150	5	1 1 1 1 0 1 1 0 0 1 0 1 0 0 0 0
150	1	0 1 1 1 0 1 0 0 1 0 0 0 1 0 0 0
150	4	0 1 0 1 0 0 0 1 1 0 0 0 0 0 0 0
150	2	0 1 0 1 0 1 0 0 0 1 0 0 0 0 0 0
150	2	0 0 0 1 0 1 0 0 1 0 1 0 0 0 0 1
150	1	1 1 0 1 0 0 0 0 1 0 0 0 0 1 0 0
150	11	1 1 1 1 0 1 1 0 1 0 1 0 0 0 0 0
150	1	1 1 0 1 0 0 0 0 1 0 1 0 0 0 0 0
150	4	0 0 1 0 0 0 0 0 0 0 0 0 0 0 0 0
150	1	0 1 1 1 0 0 0 0 1 0 0 0 0 0 0 0
150	1	1 1 0 1 0 1 0 1 0 0 0 0 0 0 0 0
150	6	0 0 0 1 0 1 1 0 1 0 0 0 0 0 0 0
150	2	1 1 1 1 0 0 0 0 0 0 0 0 0 0 0 0
150	2	0 0 0 1 0 1 0 0 1 0 0 0 0 0 0 0
150	6	1 1 0 1 0 0 1 0 1 0 0 0 0 0 0 0
150	1	1 1 1 1 0 1 1 0 1 0 0 0 1 0 0 0
150	3	1 1 1 1 0 1 0 0 1 0 0 1 0 0 0 0
150	1	0 0 0 1 0 1 0 0 0 0 0 0 0 0 0 0
150	2	1 1 0 0 0 0 0 0 0 0 1 0 0 0 0 0
150	1	1 1 0 1 1 1 0 0 0 0 0 1 0 0 0 0
150	3	1 1 0 1 0 1 0 0 0 0 1 0 0 0 1 0
150	1	1 1 1 1 0 0 1 0 0 0 0 0 0 0 0 0
150	5	1 1 0 1 0 0 1 0 1 1 0 1 0 1 0 0
150	2	0 1 0 1 0 0 0 0 0 0 0 0 1 1 0 0
150	1	0 0 0 1 0 0 0 0 0 0 0 0 0 0 0 0
150	1	0 0 0 1 0 0 1 0 0 0 0 0 1 0 0 0
150	1	1 0 0 1 0 0 0 0 1 0 0 0 0 0 0 0
150	2	1 1 1 1 0 0 0 0 1 0 0 0 0 0 0 0
150	2	1 1 1 0 0 0 0 0 1 0 0 0 1 0 0 0
150	1	0 1 0 1 0 0 0 0 1 0 0 0 0 1 0 0
150	1	0 1 0 1 0 0 0 0 1 0 0 0 0 0 1 0
150	2	1 1 0 1 0 1 0 0 0 1 1 1 0 0 0 0
150	1	1 1 0 1 1 1 1 0 0 1 0 1 0 0 1 0
150	2	1 1 0 1 1 0 0 0 0 0 1 1 1 0 0 0
150	1	1 1 0 0 0 0 1 0 0 0 0 1 1 1 1 0
150	1	1 0 0 1 0 1 0 1 1 1 1 1 0 0 0 0
150	1	0 1 0 1 0 1 1 0 1 1 0 1 0 0 0 0
150	1	0 1 1 1 0 1 1 0 0 0 0 0 0 0 0 0
150	5	1 1 0 1 1 1 1 0 1 1 0 1 0 1 0 1
160	18	0 0 0 1 0 0 0 0 1 0 0 0 0 0 0 0
160	5	0 1 0 1 0 0 0 0 0 0 0 0 0 0 0 0
160	1	0 0 0 1 0 0 0 0 1 0 1 0 0 0 0 0
160	22	1 1 0 0 0 0 0 0 0 0 0 0 0 0 0 0
160	2	1 1 0 1 1 1 0 0 0 0 1 1 0 0 0 0
160	6	0 1 0 1 0 0 0 0 1 0 0 0 0 0 0 0
160	2	1 1 0 0 0 0 0 0 1 0 0 0 0 0 0 0
160	55	1 1 0 1 0 0 0 0 0 0 0 0 0 0 0 0
160	31	1 1 0 1 0 1 1 0 0 1 0 0 0 0 0 0
160	67	1 1 0 1 0 1 0 0 0 0 1 0 0 0 0 0
160	5	0 0 1 1 0 1 1 0 1 0 0 0 0 0 0 0
160	7	1 1 0 1 0 1 0 0 0 0 1 1 0 0 0 0
160	52	0 1 0 1 0 1 0 0 0 0 0 0 0 0 0 0
160	36	0 0 0 1 0 1 0 0 1 0 1 0 0 0 0 0
160	3	0 1 0 1 0 0 0 0 0 1 0 0 0 0 0 0
160	18	1 1 1 0 0 1 0 0 0 0 1 0 0 0 0 0
160	12	1 1 0 1 1 1 1 0 0 1 0 1 0 0 0 0
160	56	1 1 1 1 0 1 1 0 1 0 0 0 0 0 0 0
160	43	1 1 1 1 0 1 1 0 0 1 1 0 0 0 0 0
160	1	0 0 0 1 0 0 0 0 1 0 0 0 1 0 0 0
160	8	1 0 1 1 0 0 0 0 0 0 0 0 0 0 0 0
160	8	0 0 1 0 0 0 0 0 1 0 0 0 1 0 0 0
160	12	1 1 0 1 1 1 0 0 0 0 1 1 1 0 0 0
160	7	1 0 0 1 0 1 0 0 1 1 1 1 0 0 0 0
160	25	1 1 0 1 0 0 0 0 0 1 0 0 0 0 0 0
160	6	1 1 0 1 0 1 1 0 1 1 0 1 0 0 0 0
160	48	1 1 1 1 0 0 0 0 0 1 0 0 0 0 0 0
160	6	0 1 1 1 0 1 0 0 1 0 0 0 0 0 0 0
160	17	1 1 0 1 0 1 1 0 0 0 1 1 0 0 0 0
160	1	0 1 1 1 0 1 0 0 1 0 1 0 0 0 0 1
160	17	1 1 1 1 0 1 1 0 0 0 0 0 0 0 0 0
160	11	1 1 1 1 1 0 0 0 0 1 0 0 0 0 0 0
160	13	1 1 0 1 1 1 0 0 0 1 0 1 0 0 0 0
160	10	1 1 0 1 0 1 0 0 0 0 0 0 0 0 0 0
160	7	1 1 0 1 0 0 0 0 1 0 0 0 0 0 0 1
160	9	0 1 1 0 0 1 0 0 1 0 0 1 0 0 0 1
160	26	1 1 0 1 1 1 0 0 0 1 0 0 0 0 0 0
160	7	1 1 1 1 0 0 0 0 0 1 0 0 0 1 0 0
160	6	1 0 0 1 0 1 1 0 0 0 1 1 0 0 0 0
160	30	1 1 0 1 0 1 1 0 1 1 0 1 0 1 0 0
160	10	1 1 0 1 1 1 1 0 0 1 0 0 0 0 0 0
160	46	1 1 1 1 1 1 0 0 1 0 1 0 0 0 0 0
160	1	1 1 1 1 0 1 1 0 0 0 1 1 0 0 0 0
160	8	0 1 0 1 0 1 0 0 0 0 0 0 0 0 0 1
160	12	1 0 0 1 0 0 0 0 1 0 1 0 0 0 0 0
160	5	1 1 1 1 0 1 1 0 0 0 0 0 1 0 0 0
160	6	1 1 1 1 0 1 0 0 0 1 0 0 0 1 0 0
160	10	1 1 0 0 0 1 1 0 0 1 1 0 0 0 0 0
160	4	1 1 0 1 1 1 1 0 0 0 1 1 0 0 0 0
160	3	0 1 0 1 0 0 0 1 1 0 0 0 0 0 0 0
160	15	1 1 1 1 0 1 1 0 1 0 1 0 0 0 0 0
160	5	0 0 0 1 0 1 1 0 1 0 0 0 0 0 0 0
160	23	1 1 1 1 0 0 0 0 0 0 0 0 0 0 0 0
160	7	1 1 0 1 0 0 1 0 1 0 0 0 0 0 0 0
160	3	1 1 1 0 0 0 0 0 1 0 0 0 1 0 0 0
160	1	0 1 0 1 0 0 0 0 1 0 0 0 0 1 0 0
160	5	1 0 0 1 0 1 0 1 1 1 1 1 0 0 0 0
160	1	1 1 0 0 0 1 1 0 1 1 0 1 0 1 0 0
160	6	1 1 1 1 0 1 1 0 1 1 1 1 0 0 0 0
160	2	1 1 0 1 1 1 0 0 1 1 0 0 0 0 0 0
160	19	0 1 1 1 0 1 1 0 1 0 1 0 0 0 0 0
160	1	1 1 1 1 0 1 0 0 1 1 0 1 0 0 0 0
160	1	0 1 0 1 0 0 0 1 0 0 0 0 0 0 0 0
160	3	1 1 0 1 1 1 0 0 0 0 1 0 0 0 0 0
160	6	0 0 1 1 0 1 1 0 1 1 0 0 0 0 0 0
160	2	1 1 1 1 0 1 1 0 1 0 0 0 1 0 0 0
160	1	1 1 1 1 0 1 1 0 0 1 0 1 0 0 1 0
160	1	0 1 1 1 0 0 0 0 0 0 0 0 0 0 0 0
160	4	0 1 1 1 0 1 1 0 0 1 1 0 0 0 0 0
160	1	1 1 0 1 0 1 1 0 0 1 0 0 1 0 0 0
160	1	1 1 0 1 1 0 1 0 0 1 0 1 0 0 0 0
160	7	1 1 0 1 0 0 0 0 1 0 0 0 0 0 0 0
160	5	0 1 1 0 0 1 0 0 0 0 0 0 0 0 0 0
160	1	1 1 1 1 0 1 1 0 1 0 1 1 0 0 0 0
160	5	1 1 0 1 1 0 0 0 0 0 0 0 0 0 0 0
160	3	0 1 0 1 0 1 0 0 0 0 0 0 0 0 1 0
160	3	0 0 0 0 0 1 0 0 1 0 1 0 0 0 0 0
160	2	0 1 1 0 0 1 0 0 1 0 0 1 0 0 0 0
160	3	1 0 0 1 1 0 0 0 0 0 0 0 0 0 0 0
160	5	1 1 1 1 0 0 0 0 1 0 0 0 0 0 0 0
160	1	1 0 0 1 0 1 0 0 0 0 1 0 0 0 0 0
160	1	1 1 1 1 0 0 1 0 0 1 1 0 0 0 0 0
160	1	0 1 0 1 0 0 0 0 1 0 1 1 0 0 0 0
160	5	1 1 0 1 1 1 1 0 1 1 0 0 0 0 0 0
160	3	1 1 0 1 0 1 1 0 0 1 0 1 0 0 0 0
160	2	1 1 0 1 1 1 1 0 0 1 0 1 0 1 0 0
160	2	1 1 1 1 0 1 1 0 0 0 1 0 0 0 0 0
160	3	1 1 1 1 0 0 0 0 0 0 0 0 0 1 0 0
160	1	0 0 0 1 0 1 1 0 1 0 1 0 0 0 0 0
160	1	0 0 1 1 0 0 0 0 0 0 0 0 0 0 0 0
160	2	1 1 0 1 0 1 0 0 1 0 1 0 0 0 0 0
160	2	1 1 0 1 0 0 0 0 0 0 1 1 0 0 0 0
160	2	1 1 1 1 0 1 0 0 0 1 1 0 0 0 0 0
160	1	1 0 0 1 0 0 0 0 0 1 0 0 0 0 0 0
160	1	1 1 0 1 1 1 0 0 0 0 1 0 0 0 0 1
160	1	0 0 0 1 0 1 0 0 1 0 0 0 0 0 0 0
160	1	1 1 0 0 0 0 0 0 0 0 0 0 0 1 0 0
160	1	1 1 0 0 1 0 0 0 1 0 0 0 0 0 0 0
160	1	1 0 0 1 0 0 0 0 0 0 0 0 0 0 0 0
160	1	1 1 0 1 0 1 0 0 0 0 1 0 1 0 0 0
160	1	1 0 0 1 0 1 0 0 0 0 1 1 0 0 0 0
160	1	1 1 1 1 1 1 1 0 1 0 0 0 0 0 0 0
160	1	0 1 1 1 0 1 1 0 0 0 1 0 0 0 0 0
160	1	0 1 1 1 0 1 1 0 1 1 1 0 0 0 0 0
170	2	0 0 0 1 0 0 0 0 1 0 0 0 0 0 0 0
170	21	0 0 0 1 0 0 0 0 1 0 1 0 0 0 0 0
170	6	1 1 0 0 0 0 0 0 0 0 0 0 0 0 0 0
170	46	1 1 0 1 0 0 0 0 0 0 0 0 0 0 0 0
170	9	1 1 0 1 0 1 1 0 0 1 0 0 0 0 0 0
170	37	1 1 0 1 0 1 0 0 0 0 1 0 0 0 0 0
170	3	1 1 0 1 0 1 0 0 0 0 1 1 0 0 0 0
170	30	0 1 0 1 0 1 0 0 0 0 0 0 0 0 0 0
170	9	0 0 0 1 0 1 0 0 1 0 1 0 0 0 0 0
170	19	1 1 1 0 0 1 0 0 0 0 1 0 0 0 0 0
170	7	1 1 0 1 1 1 1 0 0 1 0 1 0 0 0 0
170	88	1 1 1 1 0 1 1 0 1 0 0 0 0 0 0 0
170	61	1 1 1 1 0 1 1 0 0 1 1 0 0 0 0 0
170	2	1 0 1 1 0 0 0 0 0 0 0 0 0 0 0 0
170	6	1 1 0 1 1 1 0 0 0 0 1 1 1 0 0 0
170	2	1 0 0 1 0 1 0 0 1 1 1 1 0 0 0 0
170	34	1 1 0 1 0 0 0 0 0 1 0 0 0 0 0 0
170	21	1 1 1 1 0 0 0 0 0 1 0 0 0 0 0 0
170	26	1 1 0 1 0 1 1 0 0 0 1 1 0 0 0 0
170	40	1 1 1 1 0 1 1 0 0 0 0 0 0 0 0 0
170	5	1 1 1 1 1 0 0 0 0 1 0 0 0 0 0 0
170	9	1 1 0 1 1 1 0 0 0 1 0 1 0 0 0 0
170	4	1 1 0 1 0 1 0 0 0 0 0 0 0 0 0 0
170	3	1 1 0 1 0 0 0 0 1 0 0 0 0 0 0 1
170	14	0 1 1 0 0 1 0 0 1 0 0 1 0 0 0 1
170	31	1 1 0 1 1 1 0 0 0 1 0 0 0 0 0 0
170	13	1 1 1 1 0 0 0 0 0 1 0 0 0 1 0 0
170	31	1 1 0 1 0 1 1 0 1 1 0 1 0 1 0 0
170	2	1 1 0 1 1 1 1 0 0 1 0 0 0 0 0 0
170	30	1 1 1 1 1 1 0 0 1 0 1 0 0 0 0 0
170	11	1 0 0 1 0 0 0 0 1 0 1 0 0 0 0 0
170	6	1 1 1 1 0 1 1 0 0 0 0 0 1 0 0 0
170	4	1 1 1 1 0 1 0 0 0 1 0 0 0 1 0 0
170	14	1 1 0 0 0 1 1 0 0 1 1 0 0 0 0 0
170	2	1 1 0 1 1 1 1 0 0 0 1 1 0 0 0 0
170	18	1 1 1 1 0 1 1 0 1 0 1 0 0 0 0 0
170	4	1 1 1 1 0 0 0 0 0 0 0 0 0 0 0 0
170	9	1 1 0 1 0 0 1 0 1 0 0 0 0 0 0 0
170	8	1 1 1 0 0 0 0 0 1 0 0 0 1 0 0 0
170	22	0 1 0 1 0 0 0 0 1 0 0 0 0 1 0 0
170	11	1 1 1 1 0 1 1 0 1 1 1 1 0 0 0 0
170	9	1 1 0 1 1 1 0 0 1 1 0 0 0 0 0 0
170	8	0 1 1 1 0 1 1 0 1 0 1 0 0 0 0 0
170	5	1 1 1 1 0 1 0 0 1 1 0 1 0 0 0 0
170	5	0 1 1 1 0 0 0 0 0 0 0 0 0 0 0 0
170	13	1 1 0 1 0 0 0 0 1 0 0 0 0 0 0 0
170	18	0 1 1 0 0 1 0 0 0 0 0 0 0 0 0 0
170	19	0 1 0 1 0 1 0 0 0 0 0 0 0 0 1 0
170	12	0 1 1 0 0 1 0 0 1 0 0 1 0 0 0 0
170	3	1 0 0 1 1 0 0 0 0 0 0 0 0 0 0 0
170	22	1 1 1 1 0 0 0 0 1 0 0 0 0 0 0 0
170	4	1 1 0 1 1 1 1 0 1 1 0 0 0 0 0 0
170	1	1 0 0 1 0 0 0 0 0 0 0 0 0 0 0 0
170	26	1 1 0 1 0 1 0 0 0 0 1 0 1 0 0 0
170	1	0 1 1 1 0 1 1 0 0 0 1 0 0 0 0 0
170	3	1 1 0 0 0 0 0 0 0 1 1 1 0 0 0 0
170	2	1 0 0 1 0 1 0 0 0 0 1 0 0 0 0 0
170	4	1 1 0 1 0 0 0 0 0 1 0 0 0 1 0 0
170	6	1 0 0 1 0 0 0 0 0 1 0 0 0 0 0 0
170	1	0 1 1 0 0 0 0 0 0 0 0 0 0 0 0 0
170	2	0 1 0 1 0 1 0 0 0 0 1 0 0 0 0 0
170	1	1 1 0 0 0 1 0 0 0 0 1 0 0 0 0 0
170	3	0 1 0 1 0 1 0 0 0 0 0 1 0 0 0 0
170	1	1 1 1 1 0 1 1 0 1 1 0 1 0 1 0 0
170	1	1 1 1 1 1 1 0 0 1 0 1 0 1 0 0 0
170	2	0 1 0 1 0 1 1 0 1 0 1 0 0 0 0 0
170	4	1 1 1 1 1 1 0 0 0 0 0 0 0 0 0 0
170	3	1 1 0 1 0 0 0 0 0 0 1 0 0 0 0 0
170	3	1 0 1 1 1 0 0 0 0 0 0 0 0 0 0 0
170	2	1 0 1 1 0 0 0 0 1 0 1 0 0 0 0 0
170	6	1 1 1 1 0 1 1 0 0 0 0 1 1 0 0 0
170	5	0 0 0 1 0 0 0 0 1 1 0 1 0 0 0 0
170	6	1 1 0 1 0 0 1 0 1 1 1 0 0 0 0 0
170	8	0 1 1 1 0 1 1 0 0 1 1 0 0 0 0 0
170	5	1 1 0 1 0 0 0 0 0 1 0 1 0 0 0 0
170	4	1 1 0 1 0 1 0 0 0 0 0 0 1 0 0 0
170	1	1 1 1 1 0 1 0 0 1 0 0 1 0 0 0 1
170	2	1 0 0 1 0 1 1 0 0 1 1 0 0 0 0 0
170	4	1 1 0 1 0 1 0 0 0 1 1 0 0 0 0 0
170	4	0 0 1 1 0 1 0 0 1 0 1 0 0 0 0 0
170	1	1 1 1 0 0 1 0 0 1 0 1 0 0 0 0 0
170	6	1 1 1 1 1 1 1 0 1 0 0 0 0 0 0 0
170	1	1 1 1 1 0 0 1 0 0 1 1 0 0 0 0 0
170	6	1 1 1 1 1 0 1 0 0 1 0 0 0 0 0 0
170	1	1 1 1 1 1 0 0 0 1 1 0 0 0 0 0 0
170	2	0 1 1 0 0 1 0 0 0 0 0 1 0 0 0 0
170	2	1 0 0 0 0 1 0 0 0 0 1 0 0 0 0 0
170	2	1 1 0 1 0 0 0 0 0 0 1 0 1 0 0 0
170	2	1 1 1 1 1 1 0 0 1 0 1 0 0 1 0 0
170	2	1 0 0 1 0 1 0 1 1 1 0 1 0 0 0 1
170	1	1 1 1 1 0 0 1 0 1 0 0 0 0 0 0 0
170	3	1 1 0 1 1 0 0 0 0 1 0 0 0 0 0 0
170	1	1 1 0 1 1 0 1 0 0 1 0 0 0 0 0 0
170	3	1 1 1 1 1 1 0 0 1 0 1 0 0 0 0 1
170	2	0 1 0 0 0 1 1 0 0 1 1 0 0 0 0 0
170	1	0 1 0 1 0 0 1 0 1 0 0 0 0 1 0 0
170	2	1 1 0 1 0 0 0 0 0 1 0 1 0 0 1 0
170	1	0 0 0 1 0 0 0 0 1 0 1 0 0 1 0 0
170	1	0 1 1 1 0 0 0 0 1 0 0 0 0 0 0 0
170	1	1 1 1 1 0 1 1 0 0 0 1 0 0 0 0 0
170	1	1 1 0 1 0 0 1 0 0 0 0 0 0 0 0 0
170	2	0 0 0 1 0 0 0 0 1 0 1 0 0 0 1 0
170	1	1 1 1 1 0 1 1 0 1 1 1 0 0 0 0 0
170	1	1 1 0 1 0 1 1 0 0 0 1 1 1 0 0 0
170	2	1 1 1 1 0 1 1 0 0 1 0 0 0 0 0 0
170	1	0 1 1 0 0 1 0 0 1 0 0 0 0 0 0 1
170	1	1 1 0 1 1 1 1 0 0 0 1 1 0 1 0 0
170	1	1 1 1 1 0 0 0 0 1 0 0 1 0 0 0 0
180	6	0 0 0 1 0 0 0 0 1 0 1 0 0 0 0 0
180	24	1 1 0 1 0 0 0 0 0 0 0 0 0 0 0 0
180	3	1 1 0 1 0 1 1 0 0 1 0 0 0 0 0 0
180	69	1 1 0 1 0 1 0 0 0 0 1 0 0 0 0 0
180	3	1 1 0 1 0 1 0 0 0 0 1 1 0 0 0 0
180	13	0 1 0 1 0 1 0 0 0 0 0 0 0 0 0 0
180	5	0 0 0 1 0 1 0 0 1 0 1 0 0 0 0 0
180	1	1 1 1 0 0 1 0 0 0 0 1 0 0 0 0 0
180	5	1 1 0 1 1 1 1 0 0 1 0 1 0 0 0 0
180	68	1 1 1 1 0 1 1 0 1 0 0 0 0 0 0 0
180	39	1 1 1 1 0 1 1 0 0 1 1 0 0 0 0 0
180	31	1 1 0 1 1 1 0 0 0 0 1 1 1 0 0 0
180	39	1 1 0 1 0 0 0 0 0 1 0 0 0 0 0 0
180	24	1 1 1 1 0 0 0 0 0 1 0 0 0 0 0 0
180	45	1 1 0 1 0 1 1 0 0 0 1 1 0 0 0 0
180	52	1 1 1 1 0 1 1 0 0 0 0 0 0 0 0 0
180	53	1 1 1 1 1 0 0 0 0 1 0 0 0 0 0 0
180	8	1 1 0 1 1 1 0 0 0 1 0 1 0 0 0 0
180	11	1 1 0 1 0 1 0 0 0 0 0 0 0 0 0 0
180	27	1 1 0 1 1 1 0 0 0 1 0 0 0 0 0 0
180	13	1 1 1 1 0 0 0 0 0 1 0 0 0 1 0 0
180	11	1 1 0 1 0 1 1 0 1 1 0 1 0 1 0 0
180	14	1 1 1 1 1 1 0 0 1 0 1 0 0 0 0 0
180	19	1 1 1 1 0 1 1 0 0 0 0 0 1 0 0 0
180	38	1 1 0 0 0 1 1 0 0 1 1 0 0 0 0 0
180	9	1 1 0 1 1 1 1 0 0 0 1 1 0 0 0 0
180	1	1 1 1 1 0 1 1 0 1 0 1 0 0 0 0 0
180	16	1 1 1 1 0 0 0 0 0 0 0 0 0 0 0 0
180	12	1 1 0 1 0 0 1 0 1 0 0 0 0 0 0 0
180	6	1 1 1 0 0 0 0 0 1 0 0 0 1 0 0 0
180	3	0 1 0 1 0 0 0 0 1 0 0 0 0 1 0 0
180	25	1 1 1 1 0 1 1 0 1 1 1 1 0 0 0 0
180	5	1 1 0 1 1 1 0 0 1 1 0 0 0 0 0 0
180	3	0 1 1 1 0 1 1 0 1 0 1 0 0 0 0 0
180	1	0 1 1 1 0 0 0 0 0 0 0 0 0 0 0 0
180	4	1 1 0 1 0 0 0 0 1 0 0 0 0 0 0 0
180	14	0 1 1 0 0 1 0 0 0 0 0 0 0 0 0 0
180	1	0 1 0 1 0 1 0 0 0 0 0 0 0 0 1 0
180	13	1 0 0 1 1 0 0 0 0 0 0 0 0 0 0 0
180	26	1 1 1 1 0 0 0 0 1 0 0 0 0 0 0 0
180	1	1 1 0 1 1 1 1 0 1 1 0 0 0 0 0 0
180	14	1 1 0 1 0 1 0 0 0 0 1 0 1 0 0 0
180	7	1 0 0 1 0 1 0 0 0 0 1 0 0 0 0 0
180	5	0 1 0 1 0 1 0 0 0 0 0 1 0 0 0 0
180	3	1 1 1 1 0 1 1 0 1 1 0 1 0 1 0 0
180	8	1 0 1 1 1 0 0 0 0 0 0 0 0 0 0 0
180	4	0 0 0 1 0 0 0 0 1 1 0 1 0 0 0 0
180	2	1 1 0 1 0 0 1 0 1 1 1 0 0 0 0 0
180	4	1 1 0 1 0 0 0 0 0 1 0 1 0 0 0 0
180	7	1 1 0 1 0 1 0 0 0 0 0 0 1 0 0 0
180	1	1 0 0 1 0 1 1 0 0 1 1 0 0 0 0 0
180	14	1 1 1 1 1 1 1 0 1 0 0 0 0 0 0 0
180	8	1 1 1 1 1 0 1 0 0 1 0 0 0 0 0 0
180	8	1 1 0 1 1 0 0 0 0 1 0 0 0 0 0 0
180	3	1 1 0 1 1 1 1 0 0 0 1 1 0 1 0 0
180	7	1 1 0 1 0 0 0 0 0 0 0 0 0 0 0 1
180	10	1 1 0 1 0 0 0 0 0 1 0 0 0 0 0 1
180	6	1 1 0 1 0 1 1 0 0 0 1 0 0 0 0 0
180	5	1 1 1 0 0 1 0 0 1 0 0 1 0 0 0 1
180	3	1 1 1 1 0 0 1 0 1 0 0 0 0 0 0 0
180	1	0 1 0 1 0 1 0 0 0 0 0 0 1 0 0 0
180	2	0 1 1 1 1 0 0 0 0 0 0 0 0 0 0 0
180	2	1 1 1 1 1 1 0 0 1 0 1 0 1 0 0 1
180	5	1 1 0 1 0 0 0 0 0 0 0 1 1 0 0 0
180	7	1 1 1 1 0 0 1 0 0 1 0 0 0 0 0 0
180	1	1 1 1 1 1 1 1 0 0 0 0 0 0 0 0 0
180	4	1 1 1 1 0 1 1 0 0 1 0 0 0 0 0 0
180	2	1 1 1 1 1 1 0 0 0 1 0 0 0 0 0 0
180	1	1 1 1 1 1 0 0 0 0 1 0 0 0 1 0 0
180	3	0 1 0 1 0 1 0 0 0 0 1 0 0 0 0 0
180	6	1 1 1 1 0 0 0 0 0 0 0 1 0 0 0 0
180	1	1 0 1 1 0 1 0 0 0 0 0 0 0 0 0 0
180	7	1 1 0 1 0 1 0 0 0 0 1 0 0 0 1 0
180	2	0 1 0 1 1 1 0 0 0 1 0 0 0 0 0 0
180	6	1 1 0 1 0 1 0 0 0 1 0 1 0 0 0 0
180	6	1 1 1 1 0 1 1 0 1 1 0 1 0 0 0 0
180	1	1 1 1 1 0 1 1 0 0 1 0 0 0 1 0 0
180	1	0 0 0 1 0 0 1 0 1 0 1 0 0 0 0 0
180	3	1 1 1 1 1 1 0 0 0 0 1 1 1 0 0 0
180	3	1 1 1 1 0 1 1 0 1 1 0 0 0 0 0 0
180	5	0 1 1 1 0 1 0 0 0 0 1 0 0 0 0 0
180	2	0 1 0 1 0 0 0 0 0 1 0 0 0 0 0 0
180	4	1 1 0 1 1 0 0 0 0 1 0 1 0 0 0 0
180	1	1 1 0 1 1 1 0 0 0 0 1 1 0 0 0 0
180	2	1 1 1 1 1 0 0 0 0 0 0 0 0 0 0 0
180	3	0 1 0 1 0 0 0 0 0 0 0 0 0 0 1 0
180	1	0 0 0 0 0 0 0 0 1 1 0 1 0 0 0 0
180	2	0 1 1 1 1 1 1 0 1 0 0 0 0 0 0 0
180	2	0 1 1 1 0 0 0 0 0 0 0 1 0 0 0 0
180	2	1 1 0 1 0 1 1 0 0 1 1 0 0 0 0 0
180	1	1 1 0 1 1 1 0 0 1 0 0 0 0 0 0 0
180	1	1 1 0 1 0 1 0 0 0 0 0 1 0 0 0 0
180	5	1 1 1 1 0 0 0 0 0 1 0 0 0 1 0 1
180	1	0 1 0 1 0 1 1 0 1 1 0 1 0 1 0 0
180	2	1 1 1 0 0 1 1 0 0 0 0 0 1 0 0 0
180	1	1 1 0 1 1 1 1 0 0 0 0 1 0 0 0 0
180	2	0 1 0 1 0 0 0 0 1 0 0 0 1 1 0 0
180	1	1 1 1 1 0 0 1 0 1 1 0 1 0 0 0 0
180	1	1 1 1 1 0 1 0 0 0 0 0 0 0 0 0 0
180	1	0 0 0 1 0 0 0 0 1 1 0 0 0 0 0 0
180	3	1 1 0 1 0 1 0 0 0 1 0 0 1 0 0 0
180	1	1 1 0 1 0 1 0 0 0 0 1 0 0 0 0 1
180	1	1 1 1 1 0 1 1 0 0 0 1 0 0 0 0 0
180	1	1 1 0 1 0 1 1 0 0 1 1 1 0 0 0 0
180	2	1 1 0 1 0 1 1 1 0 0 1 1 0 0 0 0
180	1	1 1 0 0 0 1 1 0 0 0 1 0 0 0 0 0
180	2	0 1 0 1 0 1 0 0 0 0 0 1 0 1 0 0
180	1	1 1 1 0 0 1 1 0 1 0 0 1 0 0 0 1
180	2	1 1 1 1 1 1 0 0 0 0 1 1 0 0 0 0
180	2	1 1 1 1 1 0 0 0 0 0 0 0 0 0 1 0
190	2	0 0 0 1 0 0 0 0 1 0 1 0 0 0 0 0
190	14	1 1 0 1 0 0 0 0 0 0 0 0 0 0 0 0
190	58	1 1 0 1 0 1 0 0 0 0 1 0 0 0 0 0
190	10	0 1 0 1 0 1 0 0 0 0 0 0 0 0 0 0
190	65	1 1 1 1 0 1 1 0 1 0 0 0 0 0 0 0
190	38	1 1 1 1 0 1 1 0 0 1 1 0 0 0 0 0
190	26	1 1 0 1 1 1 0 0 0 0 1 1 1 0 0 0
190	30	1 1 0 1 0 0 0 0 0 1 0 0 0 0 0 0
190	28	1 1 1 1 0 0 0 0 0 1 0 0 0 0 0 0
190	33	1 1 0 1 0 1 1 0 0 0 1 1 0 0 0 0
190	37	1 1 1 1 0 1 1 0 0 0 0 0 0 0 0 0
190	69	1 1 1 1 1 0 0 0 0 1 0 0 0 0 0 0
190	43	1 1 0 1 1 1 0 0 0 1 0 1 0 0 0 0
190	4	1 1 0 1 0 1 0 0 0 0 0 0 0 0 0 0
190	9	1 1 0 1 1 1 0 0 0 1 0 0 0 0 0 0
190	3	1 1 1 1 0 0 0 0 0 1 0 0 0 1 0 0
190	8	1 1 0 1 0 1 1 0 1 1 0 1 0 1 0 0
190	26	1 1 1 1 1 1 0 0 1 0 1 0 0 0 0 0
190	25	1 1 1 1 0 1 1 0 0 0 0 0 1 0 0 0
190	33	1 1 0 0 0 1 1 0 0 1 1 0 0 0 0 0
190	16	1 1 0 1 1 1 1 0 0 0 1 1 0 0 0 0
190	13	1 1 1 1 0 0 0 0 0 0 0 0 0 0 0 0
190	3	1 1 1 0 0 0 0 0 1 0 0 0 1 0 0 0
190	35	1 1 1 1 0 1 1 0 1 1 1 1 0 0 0 0
190	4	1 1 0 1 1 1 0 0 1 1 0 0 0 0 0 0
190	8	0 1 1 0 0 1 0 0 0 0 0 0 0 0 0 0
190	10	1 0 0 1 1 0 0 0 0 0 0 0 0 0 0 0
190	45	1 1 1 1 0 0 0 0 1 0 0 0 0 0 0 0
190	15	0 1 0 1 0 1 0 0 0 0 0 1 0 0 0 0
190	24	1 1 1 1 1 1 1 0 1 0 0 0 0 0 0 0
190	2	1 1 1 1 1 0 1 0 0 1 0 0 0 0 0 0
190	5	1 1 0 1 1 0 0 0 0 1 0 0 0 0 0 0
190	2	1 1 0 1 0 0 0 0 0 0 0 0 0 0 0 1
190	4	1 1 0 1 0 0 0 0 0 1 0 0 0 0 0 1
190	3	1 1 0 1 0 1 1 0 0 0 1 0 0 0 0 0
190	3	1 1 1 0 0 1 0 0 1 0 0 1 0 0 0 1
190	10	0 1 1 1 1 0 0 0 0 0 0 0 0 0 0 0
190	5	1 1 1 1 1 1 1 0 0 0 0 0 0 0 0 0
190	16	1 1 1 1 0 1 1 0 0 1 0 0 0 0 0 0
190	4	1 1 1 1 1 1 0 0 0 1 0 0 0 0 0 0
190	3	1 1 1 1 1 0 0 0 0 1 0 0 0 1 0 0
190	3	1 1 0 1 0 1 0 0 0 0 1 0 0 0 1 0
190	2	1 1 0 1 0 1 0 0 0 1 0 1 0 0 0 0
190	7	1 1 1 1 0 1 1 0 1 1 0 1 0 0 0 0
190	1	1 1 1 1 1 1 0 0 0 0 1 1 1 0 0 0
190	5	1 1 1 1 0 1 1 0 1 1 0 0 0 0 0 0
190	3	0 1 0 1 0 0 0 0 0 1 0 0 0 0 0 0
190	10	1 1 0 1 1 0 0 0 0 1 0 1 0 0 0 0
190	11	1 1 1 1 0 0 0 0 0 1 0 0 0 1 0 1
190	7	1 1 1 1 0 1 1 0 0 0 1 0 0 0 0 0
190	1	1 1 1 1 1 0 0 0 0 0 0 0 0 0 1 0
190	31	1 0 0 1 0 1 0 0 0 0 0 0 0 0 0 0
190	6	1 1 1 1 0 1 0 0 0 0 0 0 0 0 0 0
190	11	1 1 0 1 0 0 0 0 0 0 1 0 0 0 0 0
190	4	0 1 1 0 0 1 1 0 0 0 0 0 0 0 0 0
190	3	1 1 1 1 0 0 0 0 1 0 0 0 1 0 0 0
190	1	1 1 0 1 0 0 1 0 1 1 1 0 0 0 1 0
190	1	1 1 0 1 0 0 1 0 1 1 0 1 0 1 0 0
190	1	1 1 0 1 0 1 0 0 0 1 1 0 0 0 0 0
190	1	1 1 0 1 1 1 0 0 1 0 0 1 0 0 0 1
190	13	1 1 1 1 1 1 0 0 0 1 0 1 0 0 0 0
190	3	1 1 1 1 1 1 0 0 1 0 1 0 0 1 0 0
190	1	1 1 0 0 0 1 1 0 1 0 0 0 0 0 0 0
190	3	1 1 1 1 0 0 0 0 0 0 0 0 0 0 0 1
190	1	1 0 0 1 1 1 0 0 1 1 0 0 0 0 0 0
190	4	1 1 1 1 0 0 0 0 1 0 0 0 0 0 1 0
190	1	1 1 0 1 0 1 1 0 0 0 0 0 1 0 0 0
190	1	0 1 1 1 0 0 0 0 0 1 0 0 0 0 0 0
190	8	1 1 1 0 0 1 1 0 0 0 0 0 0 0 0 0
190	1	1 1 1 1 0 1 1 1 0 0 0 0 0 0 0 0
190	7	1 1 1 1 1 1 0 0 1 0 0 0 0 0 0 0
190	2	1 1 1 1 0 1 0 0 0 1 0 0 0 1 0 0
190	5	1 1 1 1 0 1 1 0 1 0 1 1 0 0 0 0
190	1	0 1 1 0 0 1 0 0 0 0 0 0 1 0 0 0
190	4	1 1 1 1 0 1 0 0 1 0 0 0 1 0 0 0
190	2	1 1 1 1 0 1 1 0 1 1 1 0 0 0 0 0
190	2	0 0 0 1 0 0 0 0 0 0 1 0 0 0 0 0
190	3	1 1 1 1 0 1 1 0 0 1 0 0 1 0 0 0
190	3	1 1 1 1 0 1 1 0 0 0 0 0 1 0 1 0
190	3	1 0 1 1 0 0 0 0 0 0 0 0 0 0 0 0
190	2	1 1 1 1 0 1 0 0 0 0 1 0 0 0 0 0
190	1	1 1 0 1 1 1 0 0 1 0 1 0 0 0 0 0
190	3	1 1 1 1 0 1 1 1 0 1 1 0 0 0 0 0
190	5	1 1 0 1 1 1 1 0 0 1 0 1 0 0 0 0
190	2	1 1 0 0 1 1 1 0 0 1 1 0 0 0 0 0
190	1	1 1 0 1 0 1 1 0 0 1 1 0 0 0 0 0
190	3	1 1 1 1 0 0 0 0 1 0 0 0 0 1 0 0
190	1	1 1 1 1 0 1 1 0 0 1 0 0 0 0 1 0
190	1	1 1 1 1 1 1 1 0 1 0 1 0 0 0 0 0
190	1	1 1 0 1 0 1 0 0 1 0 0 0 0 0 0 0
190	2	1 1 0 1 0 1 1 0 1 0 0 0 0 0 0 0
190	3	1 1 1 1 0 1 0 0 1 1 1 1 0 0 0 0
190	3	1 1 1 1 0 1 1 0 1 1 1 1 1 0 0 0
190	1	0 1 1 1 0 1 1 0 1 1 1 1 0 0 0 0
190	1	1 0 0 1 0 1 0 0 0 0 0 0 0 1 0 0
190	2	1 1 1 0 1 0 0 0 1 0 0 0 0 0 0 0
200	2	0 0 0 1 0 0 0 0 1 0 1 0 0 0 0 0
200	2	1 1 0 1 0 0 0 0 0 0 0 0 0 0 0 0
200	45	1 1 0 1 0 1 0 0 0 0 1 0 0 0 0 0
200	70	1 1 1 1 0 1 1 0 1 0 0 0 0 0 0 0
200	20	1 1 1 1 0 1 1 0 0 1 1 0 0 0 0 0
200	7	1 1 0 1 1 1 0 0 0 0 1 1 1 0 0 0
200	54	1 1 0 1 0 0 0 0 0 1 0 0 0 0 0 0
200	24	1 1 1 1 0 0 0 0 0 1 0 0 0 0 0 0
200	26	1 1 0 1 0 1 1 0 0 0 1 1 0 0 0 0
200	34	1 1 1 1 0 1 1 0 0 0 0 0 0 0 0 0
200	41	1 1 1 1 1 0 0 0 0 1 0 0 0 0 0 0
200	34	1 1 0 1 1 1 0 0 0 1 0 1 0 0 0 0
200	3	1 1 0 1 0 1 0 0 0 0 0 0 0 0 0 0
200	2	1 1 1 1 0 0 0 0 0 1 0 0 0 1 0 0
200	1	1 1 0 1 0 1 1 0 1 1 0 1 0 1 0 0
200	43	1 1 1 1 1 1 0 0 1 0 1 0 0 0 0 0
200	12	1 1 1 1 0 1 1 0 0 0 0 0 1 0 0 0
200	15	1 1 0 0 0 1 1 0 0 1 1 0 0 0 0 0
200	20	1 1 0 1 1 1 1 0 0 0 1 1 0 0 0 0
200	4	1 1 1 1 0 0 0 0 0 0 0 0 0 0 0 0
200	1	1 1 1 0 0 0 0 0 1 0 0 0 1 0 0 0
200	70	1 1 1 1 0 1 1 0 1 1 1 1 0 0 0 0
200	1	1 1 0 1 1 1 0 0 1 1 0 0 0 0 0 0
200	11	0 1 1 0 0 1 0 0 0 0 0 0 0 0 0 0
200	11	1 0 0 1 1 0 0 0 0 0 0 0 0 0 0 0
200	38	1 1 1 1 0 0 0 0 1 0 0 0 0 0 0 0
200	6	0 1 0 1 0 1 0 0 0 0 0 1 0 0 0 0
200	13	1 1 1 1 1 1 1 0 1 0 0 0 0 0 0 0
200	6	1 1 1 1 1 0 1 0 0 1 0 0 0 0 0 0
200	40	1 1 0 1 1 0 0 0 0 1 0 0 0 0 0 0
200	21	0 1 1 1 1 0 0 0 0 0 0 0 0 0 0 0
200	2	1 1 1 1 1 1 1 0 0 0 0 0 0 0 0 0
200	25	1 1 1 1 0 1 1 0 0 1 0 0 0 0 0 0
200	2	1 1 1 1 1 1 0 0 0 1 0 0 0 0 0 0
200	3	1 1 1 1 0 1 1 0 1 1 0 0 0 0 0 0
200	14	1 1 0 1 1 0 0 0 0 1 0 1 0 0 0 0
200	19	1 1 1 1 0 0 0 0 0 1 0 0 0 1 0 1
200	11	1 1 1 1 0 1 1 0 0 0 1 0 0 0 0 0
200	1	1 1 1 1 0 1 0 0 0 0 0 0 0 0 0 0
200	1	0 1 1 0 0 1 1 0 0 0 0 0 0 0 0 0
200	5	1 1 1 1 1 1 0 0 0 1 0 1 0 0 0 0
200	9	1 1 1 0 0 1 1 0 0 0 0 0 0 0 0 0
200	7	1 1 1 1 1 1 0 0 1 0 0 0 0 0 0 0
200	4	1 1 1 1 0 1 1 0 1 0 1 1 0 0 0 0
200	18	1 1 1 1 0 1 1 0 1 1 1 0 0 0 0 0
200	9	1 0 1 1 0 0 0 0 0 0 0 0 0 0 0 0
200	8	1 1 0 1 1 1 1 0 0 1 0 1 0 0 0 0
200	7	1 1 1 1 0 1 0 0 1 1 1 1 0 0 0 0
200	8	1 1 1 1 1 0 0 0 0 0 0 0 0 0 0 0
200	9	1 1 1 0 0 1 0 0 0 0 0 0 0 0 0 0
200	8	1 1 0 1 1 1 0 0 0 0 1 0 0 0 0 0
200	3	1 1 0 1 0 1 0 0 0 0 1 0 1 0 0 0
200	10	1 1 0 1 0 1 1 0 0 0 0 0 0 0 0 0
200	4	1 1 1 1 0 1 1 0 0 0 0 0 0 0 0 1
200	2	1 1 0 1 1 1 0 0 1 1 1 1 0 0 0 0
200	1	1 1 1 1 0 1 1 0 1 0 1 1 0 0 1 0
200	5	1 1 1 1 0 0 0 0 1 0 0 1 0 0 0 0
200	3	0 1 0 1 0 1 1 0 1 1 1 1 0 0 0 0
200	8	1 1 0 1 0 1 0 0 0 1 1 0 0 0 0 0
200	1	1 0 1 1 0 0 0 0 0 1 0 0 0 0 0 0
200	5	1 1 1 1 0 1 1 0 1 1 1 1 1 0 0 0
200	1	1 1 1 1 1 1 0 0 1 0 1 0 1 0 0 0
200	2	1 1 1 1 0 1 1 0 1 1 1 1 0 0 0 1
200	5	0 1 0 1 0 1 0 0 0 0 1 0 0 0 0 0
200	2	1 1 0 1 0 1 0 0 0 1 0 0 0 0 0 0
200	9	1 1 1 1 0 1 0 0 1 0 1 0 0 0 0 0
200	5	1 1 1 1 0 1 1 0 0 0 1 1 1 0 0 0
200	3	1 1 1 1 0 0 1 0 1 0 0 0 0 0 0 0
200	1	1 1 1 1 1 0 0 0 0 1 0 0 0 1 0 0
200	2	0 1 1 1 0 0 0 0 0 0 0 0 0 0 0 0
200	6	1 1 1 1 1 1 1 0 1 0 0 0 0 0 0 1
200	3	1 1 0 1 1 0 0 0 0 1 0 1 0 0 1 0
200	3	1 1 1 1 0 1 1 0 1 0 1 1 1 0 0 0
200	4	1 1 1 1 1 1 1 0 1 0 1 1 0 0 1 0
200	3	1 0 1 1 0 0 0 0 0 1 0 0 0 1 0 1
200	4	1 1 1 0 0 1 1 0 1 0 0 0 0 0 0 0
200	2	1 1 0 1 0 0 0 0 1 1 0 0 0 0 0 0
200	6	1 1 1 1 1 0 0 0 1 0 1 0 0 0 0 0
200	1	1 1 1 1 1 1 1 0 1 0 1 0 0 0 0 0
200	2	1 1 0 1 0 0 0 0 1 0 0 1 0 0 0 0
200	1	1 1 0 1 1 1 0 0 0 0 1 1 0 0 0 0
200	5	1 1 0 1 0 0 0 0 0 1 0 1 0 0 0 0
200	3	1 1 0 1 0 0 0 0 0 0 1 1 1 0 0 0
200	3	1 1 1 1 0 1 1 0 0 0 0 1 0 0 0 0
200	1	1 1 1 1 0 1 1 0 1 1 0 1 0 1 0 0
200	1	1 1 0 1 0 1 0 0 0 0 1 0 0 1 0 0
200	1	1 1 0 1 1 1 0 0 0 1 0 1 0 0 1 0
200	3	1 1 0 0 1 1 1 0 0 0 1 1 0 0 0 0
200	3	0 1 1 0 0 1 0 0 0 0 0 1 0 0 0 0
200	2	1 0 0 1 1 0 0 0 0 0 0 0 0 1 0 0
200	2	1 1 0 1 0 0 0 0 1 0 0 0 0 0 0 0
200	3	1 1 1 0 0 0 0 0 1 0 0 0 0 0 0 0
200	4	1 0 0 1 1 0 0 0 0 1 0 1 0 0 0 0
200	1	1 0 1 1 0 0 1 0 0 0 0 0 0 0 0 0
200	1	1 1 1 1 0 1 1 0 0 1 0 0 0 1 0 1
200	2	1 1 1 1 0 0 0 0 0 1 0 1 0 0 0 0
200	1	1 1 0 1 0 1 1 0 0 0 1 0 0 0 0 0
200	1	1 1 1 1 0 0 0 0 1 1 1 0 0 0 0 0
200	1	1 1 0 1 1 0 0 0 0 1 0 0 0 1 0 1
200	1	1 1 1 0 0 1 1 0 0 0 0 1 0 0 0 0
200	1	1 1 1 1 0 0 0 0 0 1 1 0 0 1 0 0
200	1	1 1 0 1 1 0 1 0 0 0 1 1 0 0 0 0
200	1	1 1 1 1 1 1 1 0 0 1 0 0 0 0 0 0
200	2	1 1 1 0 0 1 1 0 0 1 0 0 0 0 0 0
200	1	1 1 0 1 1 1 0 0 0 1 1 0 0 0 0 0
200	1	1 1 1 1 0 0 1 0 0 0 0 1 0 0 0 0
210	35	1 1 0 1 0 1 0 0 0 0 1 0 0 0 0 0
210	87	1 1 1 1 0 1 1 0 1 0 0 0 0 0 0 0
210	23	1 1 1 1 0 1 1 0 0 1 1 0 0 0 0 0
210	6	1 1 0 1 1 1 0 0 0 0 1 1 1 0 0 0
210	13	1 1 0 1 0 0 0 0 0 1 0 0 0 0 0 0
210	13	1 1 1 1 0 0 0 0 0 1 0 0 0 0 0 0
210	23	1 1 0 1 0 1 1 0 0 0 1 1 0 0 0 0
210	77	1 1 1 1 0 1 1 0 0 0 0 0 0 0 0 0
210	29	1 1 1 1 1 0 0 0 0 1 0 0 0 0 0 0
210	13	1 1 0 1 1 1 0 0 0 1 0 1 0 0 0 0
210	4	1 1 1 1 0 0 0 0 0 1 0 0 0 1 0 0
210	23	1 1 1 1 1 1 0 0 1 0 1 0 0 0 0 0
210	6	1 1 1 1 0 1 1 0 0 0 0 0 1 0 0 0
210	4	1 1 0 1 1 1 1 0 0 0 1 1 0 0 0 0
210	8	1 1 1 1 0 0 0 0 0 0 0 0 0 0 0 0
210	62	1 1 1 1 0 1 1 0 1 1 1 1 0 0 0 0
210	3	0 1 1 0 0 1 0 0 0 0 0 0 0 0 0 0
210	19	1 0 0 1 1 0 0 0 0 0 0 0 0 0 0 0
210	31	1 1 1 1 0 0 0 0 1 0 0 0 0 0 0 0
210	10	0 1 0 1 0 1 0 0 0 0 0 1 0 0 0 0
210	13	1 1 1 1 1 1 1 0 1 0 0 0 0 0 0 0
210	2	1 1 1 1 1 0 1 0 0 1 0 0 0 0 0 0
210	24	1 1 0 1 1 0 0 0 0 1 0 0 0 0 0 0
210	2	0 1 1 1 1 0 0 0 0 0 0 0 0 0 0 0
210	22	1 1 1 1 1 1 1 0 0 0 0 0 0 0 0 0
210	37	1 1 1 1 0 1 1 0 0 1 0 0 0 0 0 0
210	7	1 1 1 1 0 1 1 0 1 1 0 0 0 0 0 0
210	4	1 1 0 1 1 0 0 0 0 1 0 1 0 0 0 0
210	21	1 1 1 1 0 0 0 0 0 1 0 0 0 1 0 1
210	6	1 1 1 1 0 1 1 0 0 0 1 0 0 0 0 0
210	4	1 1 1 1 0 1 0 0 0 0 0 0 0 0 0 0
210	4	0 1 1 0 0 1 1 0 0 0 0 0 0 0 0 0
210	3	1 1 1 1 1 1 0 0 0 1 0 1 0 0 0 0
210	33	1 1 1 0 0 1 1 0 0 0 0 0 0 0 0 0
210	21	1 1 1 1 0 1 1 0 1 0 1 1 0 0 0 0
210	9	1 1 1 1 0 1 1 0 1 1 1 0 0 0 0 0
210	3	1 0 1 1 0 0 0 0 0 0 0 0 0 0 0 0
210	5	1 1 1 1 1 0 0 0 0 0 0 0 0 0 0 0
210	4	1 1 0 1 0 1 1 0 0 0 0 0 0 0 0 0
210	1	1 1 0 1 0 1 0 0 0 1 1 0 0 0 0 0
210	7	1 1 1 1 0 1 1 0 1 1 1 1 1 0 0 0
210	4	0 1 0 1 0 1 0 0 0 0 1 0 0 0 0 0
210	14	1 1 1 1 0 1 0 0 1 0 1 0 0 0 0 0
210	12	1 1 1 1 0 1 1 0 0 0 1 1 1 0 0 0
210	6	1 1 1 1 0 0 1 0 1 0 0 0 0 0 0 0
210	6	1 1 1 1 1 1 1 0 1 0 0 0 0 0 0 1
210	1	1 1 1 1 0 1 1 0 1 0 1 1 1 0 0 0
210	1	1 1 1 0 0 1 1 0 1 0 0 0 0 0 0 0
210	8	1 1 1 1 1 0 0 0 1 0 1 0 0 0 0 0
210	5	1 1 0 1 0 0 0 0 0 1 0 1 0 0 0 0
210	10	1 1 1 1 0 1 1 0 0 0 0 1 0 0 0 0
210	10	1 1 0 1 0 0 0 0 1 0 0 0 0 0 0 0
210	2	1 1 1 0 0 0 0 0 1 0 0 0 0 0 0 0
210	2	1 0 1 1 0 0 1 0 0 0 0 0 0 0 0 0
210	1	1 1 1 1 0 0 0 0 0 1 0 1 0 0 0 0
210	12	1 1 0 1 0 1 1 0 0 0 1 0 0 0 0 0
210	6	1 1 1 0 0 1 1 0 0 1 0 0 0 0 0 0
210	13	1 1 0 1 1 1 1 0 0 0 1 0 0 0 0 0
210	8	1 0 0 1 1 1 0 0 0 1 0 1 0 0 0 0
210	4	1 1 0 1 1 1 1 0 0 1 0 1 1 0 0 0
210	14	0 1 1 0 0 1 1 0 1 0 0 0 0 0 0 0
210	3	1 1 0 1 0 1 0 0 0 0 0 0 0 0 0 0
210	4	1 1 0 1 1 1 0 1 0 0 1 1 1 0 0 0
210	7	1 1 1 1 0 1 1 0 1 1 1 1 0 0 0 1
210	2	1 0 0 1 1 0 0 0 1 0 0 0 0 0 0 0
210	2	1 1 1 1 0 1 0 0 0 1 0 1 0 0 0 0
210	15	1 1 1 1 0 1 0 0 0 0 1 0 0 0 0 0
210	8	0 1 0 1 0 1 0 0 0 0 0 0 0 0 0 0
210	2	1 1 1 1 0 1 1 1 0 1 0 0 0 0 0 0
210	2	1 1 1 1 0 1 1 0 1 1 1 0 1 0 0 0
210	2	1 1 0 1 1 1 1 0 0 0 1 1 0 0 0 1
210	4	1 1 1 1 0 0 0 1 1 0 0 0 0 0 0 0
210	2	1 1 0 0 1 0 0 0 0 1 0 0 0 0 0 0
210	2	1 1 0 1 0 0 0 0 0 0 1 1 0 0 0 0
210	2	0 1 1 0 0 1 1 0 0 1 0 0 0 0 0 0
210	3	1 0 1 1 0 1 1 0 1 0 0 0 0 0 0 0
210	4	1 1 1 0 0 1 0 0 1 0 0 0 0 0 0 0
210	3	1 1 1 1 0 0 0 0 1 1 1 1 0 0 0 0
210	1	1 1 0 1 1 1 0 0 0 1 1 1 0 0 0 0
210	1	1 1 1 1 0 1 1 0 1 1 1 1 0 0 1 0
210	2	1 1 0 1 1 1 0 0 0 1 1 0 0 0 0 0
210	6	1 1 0 1 0 1 1 0 1 0 1 0 0 0 0 0
210	3	1 1 0 1 0 0 0 0 0 1 0 0 0 1 0 0
210	3	1 1 0 1 0 1 0 0 0 0 1 0 0 1 0 0
210	3	1 0 0 1 0 1 0 0 0 0 1 0 0 0 0 0
210	3	1 1 1 1 0 1 0 0 0 1 1 0 0 0 0 0
210	1	1 1 1 1 0 1 1 0 0 1 1 0 0 0 0 1
210	4	1 1 1 1 0 1 0 0 1 0 0 0 0 0 0 0
210	3	1 1 0 1 1 0 0 0 0 0 0 0 0 0 0 0
210	2	1 1 1 1 1 1 1 1 0 0 0 0 0 0 0 0
210	3	1 0 1 1 0 1 1 0 1 1 0 0 0 0 0 0
210	1	1 1 0 1 1 1 1 1 0 0 1 0 0 0 0 0
210	1	0 1 1 0 0 1 1 1 1 0 0 0 0 0 0 0
210	4	1 1 0 1 0 1 0 0 0 1 0 0 0 1 0 0
210	1	1 1 0 1 0 0 0 0 0 0 0 0 0 0 0 0
210	2	1 1 0 1 0 1 1 0 0 1 0 0 0 0 0 0
210	4	1 1 1 1 0 0 0 1 1 1 0 0 0 0 0 0
210	2	1 1 1 1 0 1 1 0 0 0 0 0 0 1 0 0
210	5	1 1 0 1 1 1 1 0 0 1 1 1 0 0 0 0
210	3	1 1 1 1 0 0 0 0 1 0 1 0 0 0 0 0
210	1	1 1 1 0 0 1 1 0 0 0 1 1 1 0 0 0
210	3	1 1 1 1 0 0 1 0 0 1 0 0 0 0 0 0
210	1	1 1 0 1 1 0 0 0 0 1 1 1 0 0 0 0
210	2	1 1 1 1 0 1 1 0 1 0 0 0 0 0 1 0
210	1	1 1 1 0 0 1 1 0 1 1 1 1 0 0 0 0
210	1	1 1 1 1 1 0 1 0 0 0 0 0 0 0 0 0
210	1	1 1 0 1 0 1 1 0 1 0 1 1 0 0 0 0
210	2	1 0 0 1 0 0 0 0 0 0 0 0 0 0 0 0
210	1	0 1 1 0 0 1 0 0 1 0 0 0 0 0 0 0
210	2	1 1 1 1 0 0 0 0 1 0 1 0 0 0 0 1
220	40	1 1 0 1 0 1 0 0 0 0 1 0 0 0 0 0
220	73	1 1 1 1 0 1 1 0 1 0 0 0 0 0 0 0
220	4	1 1 1 1 0 1 1 0 0 1 1 0 0 0 0 0
220	2	1 1 1 1 0 0 0 0 0 1 0 0 0 0 0 0
220	12	1 1 0 1 0 1 1 0 0 0 1 1 0 0 0 0
220	105	1 1 1 1 0 1 1 0 0 0 0 0 0 0 0 0
220	29	1 1 1 1 1 0 0 0 0 1 0 0 0 0 0 0
220	47	1 1 1 1 1 1 0 0 1 0 1 0 0 0 0 0
220	55	1 1 1 1 0 0 0 0 0 0 0 0 0 0 0 0
220	42	1 1 1 1 0 1 1 0 1 1 1 1 0 0 0 0
220	56	1 0 0 1 1 0 0 0 0 0 0 0 0 0 0 0
220	23	1 1 1 1 0 0 0 0 1 0 0 0 0 0 0 0
220	12	0 1 0 1 0 1 0 0 0 0 0 1 0 0 0 0
220	7	1 1 1 1 1 1 1 0 1 0 0 0 0 0 0 0
220	19	1 1 0 1 1 0 0 0 0 1 0 0 0 0 0 0
220	11	1 1 1 1 1 1 1 0 0 0 0 0 0 0 0 0
220	29	1 1 1 1 0 1 1 0 0 1 0 0 0 0 0 0
220	8	1 1 1 1 0 1 1 0 1 1 0 0 0 0 0 0
220	13	1 1 1 1 0 0 0 0 0 1 0 0 0 1 0 1
220	4	1 1 1 1 0 1 1 0 0 0 1 0 0 0 0 0
220	1	1 1 1 1 0 1 0 0 0 0 0 0 0 0 0 0
220	2	1 1 1 1 1 1 0 0 0 1 0 1 0 0 0 0
220	62	1 1 1 0 0 1 1 0 0 0 0 0 0 0 0 0
220	17	1 1 1 1 0 1 1 0 1 0 1 1 0 0 0 0
220	8	1 1 1 1 0 1 1 0 1 1 1 0 0 0 0 0
220	16	1 1 1 1 1 0 0 0 0 0 0 0 0 0 0 0
220	6	1 1 1 1 0 1 1 0 1 1 1 1 1 0 0 0
220	8	1 1 1 1 0 1 0 0 1 0 1 0 0 0 0 0
220	2	1 1 1 1 0 1 1 0 0 0 1 1 1 0 0 0
220	1	1 1 1 1 1 1 1 0 1 0 0 0 0 0 0 1
220	2	1 1 0 1 0 0 0 0 0 1 0 1 0 0 0 0
220	19	1 1 1 1 0 1 1 0 0 0 0 1 0 0 0 0
220	7	1 1 0 1 0 0 0 0 1 0 0 0 0 0 0 0
220	5	1 1 1 0 0 0 0 0 1 0 0 0 0 0 0 0
220	6	1 1 1 0 0 1 1 0 0 1 0 0 0 0 0 0
220	13	1 1 0 1 1 1 1 0 0 0 1 0 0 0 0 0
220	9	1 1 1 1 0 1 1 0 1 1 1 1 0 0 0 1
220	40	1 1 1 1 0 1 0 0 0 0 1 0 0 0 0 0
220	2	0 1 0 1 0 1 0 0 0 0 0 0 0 0 0 0
220	5	1 1 1 1 0 1 1 0 1 1 1 0 1 0 0 0
220	8	1 1 1 1 0 0 0 1 1 0 0 0 0 0 0 0
220	1	1 1 1 0 0 1 0 0 1 0 0 0 0 0 0 0
220	2	1 1 0 1 0 1 1 0 1 0 1 0 0 0 0 0
220	3	1 1 0 1 0 0 0 0 0 1 0 0 0 1 0 0
220	3	1 1 0 1 0 1 0 0 0 0 1 0 0 1 0 0
220	5	1 1 1 1 0 1 0 0 1 0 0 0 0 0 0 0
220	15	1 1 1 1 1 1 1 1 0 0 0 0 0 0 0 0
220	1	1 0 1 1 0 1 1 0 1 1 0 0 0 0 0 0
220	3	1 1 0 1 0 1 0 0 0 1 0 0 0 1 0 0
220	8	1 1 1 1 0 0 0 1 1 1 0 0 0 0 0 0
220	3	1 1 0 1 1 1 1 0 0 1 1 1 0 0 0 0
220	4	0 1 1 1 0 1 1 0 1 0 0 0 0 0 0 0
220	1	1 1 0 1 0 1 0 0 0 0 1 1 0 0 0 0
220	5	0 1 1 1 1 0 0 0 0 0 0 0 0 1 0 0
220	6	1 1 1 0 0 1 1 0 0 0 0 0 0 0 0 1
220	1	1 1 1 1 0 1 1 0 1 0 0 0 0 1 0 0
220	17	1 1 1 1 0 1 1 0 1 0 1 0 0 0 0 0
220	1	1 0 0 1 1 0 0 0 0 0 0 0 1 0 0 0
220	1	1 1 1 1 1 0 0 0 0 1 0 1 0 0 0 0
220	8	1 1 1 1 1 1 0 0 1 1 1 0 0 0 0 0
220	7	1 1 1 1 1 1 0 0 1 0 0 0 0 0 0 0
220	6	1 1 1 1 0 1 1 0 0 0 1 0 0 0 0 1
220	3	1 0 1 0 0 1 1 0 0 0 0 0 0 0 0 0
220	3	1 1 0 1 0 1 1 0 0 0 0 0 0 0 0 0
220	10	1 1 1 1 1 1 0 0 1 0 1 1 0 0 0 0
220	1	1 1 1 1 1 0 0 0 1 0 0 0 0 0 0 0
220	1	1 1 0 1 0 0 0 0 0 1 0 0 0 0 1 0
220	3	1 1 1 1 0 1 0 0 0 1 0 0 0 0 0 0
220	3	1 1 0 1 0 0 0 0 0 0 0 0 0 0 0 0
220	4	1 1 1 1 0 0 0 0 0 1 0 0 0 1 0 0
220	2	1 1 1 1 1 0 0 0 0 1 0 0 0 1 0 0
220	1	1 0 0 1 1 0 0 0 1 0 0 0 0 0 0 0
220	2	1 1 1 0 0 1 1 0 0 0 1 0 0 0 0 0
220	1	1 1 1 0 1 0 0 0 0 0 0 0 0 0 0 0
220	6	1 1 1 0 0 1 1 0 1 1 1 1 0 0 0 0
220	1	1 1 1 1 0 1 1 0 1 0 0 0 0 0 0 1
220	4	1 1 1 1 0 1 1 0 1 1 1 0 0 0 0 1
220	1	1 1 0 1 0 1 1 0 0 1 0 0 0 1 0 1
220	1	1 1 1 1 0 0 1 0 1 0 0 0 0 0 0 0
220	2	1 0 1 1 0 0 0 0 0 0 0 0 0 0 0 0
220	2	1 1 0 1 1 0 0 0 1 1 0 0 0 0 0 0
220	1	1 1 1 1 0 1 0 0 0 1 1 0 0 0 0 0
220	4	1 1 1 1 0 0 0 1 1 0 0 0 0 0 1 0
220	1	1 1 1 0 0 1 1 0 0 1 1 0 0 0 0 1
220	1	1 0 0 1 1 1 0 0 1 0 1 0 0 0 0 0
220	1	1 1 1 0 0 1 1 0 1 0 0 0 0 0 0 0
220	2	1 1 1 0 0 1 1 0 1 0 1 1 0 0 0 0
220	1	1 1 1 1 0 1 1 0 0 0 1 1 0 0 0 0
220	1	1 1 0 1 0 1 0 0 0 0 1 0 0 0 1 0
220	1	1 1 1 1 0 0 0 0 0 0 0 0 0 1 0 0
220	1	0 1 0 0 0 1 0 0 0 0 0 1 0 0 0 0
220	2	1 1 1 1 0 1 1 0 0 1 0 0 1 0 0 0
220	1	0 1 1 1 0 0 0 0 0 1 0 0 0 1 0 1
220	1	0 1 1 1 0 1 1 0 1 1 1 0 0 0 0 0
230	28	1 1 0 1 0 1 0 0 0 0 1 0 0 0 0 0
230	25	1 1 1 1 0 1 1 0 1 0 0 0 0 0 0 0
230	5	1 1 1 1 0 0 0 0 0 1 0 0 0 0 0 0
230	17	1 1 0 1 0 1 1 0 0 0 1 1 0 0 0 0
230	96	1 1 1 1 0 1 1 0 0 0 0 0 0 0 0 0
230	25	1 1 1 1 1 0 0 0 0 1 0 0 0 0 0 0
230	36	1 1 1 1 1 1 0 0 1 0 1 0 0 0 0 0
230	55	1 1 1 1 0 0 0 0 0 0 0 0 0 0 0 0
230	58	1 1 1 1 0 1 1 0 1 1 1 1 0 0 0 0
230	9	1 0 0 1 1 0 0 0 0 0 0 0 0 0 0 0
230	35	1 1 1 1 0 0 0 0 1 0 0 0 0 0 0 0
230	17	0 1 0 1 0 1 0 0 0 0 0 1 0 0 0 0
230	8	1 1 1 1 1 1 1 0 1 0 0 0 0 0 0 0
230	15	1 1 0 1 1 0 0 0 0 1 0 0 0 0 0 0
230	8	1 1 1 1 1 1 1 0 0 0 0 0 0 0 0 0
230	13	1 1 1 1 0 1 1 0 0 1 0 0 0 0 0 0
230	3	1 1 1 1 0 1 1 0 1 1 0 0 0 0 0 0
230	6	1 1 1 1 0 0 0 0 0 1 0 0 0 1 0 1
230	26	1 1 1 1 0 1 1 0 0 0 1 0 0 0 0 0
230	6	1 1 1 1 1 1 0 0 0 1 0 1 0 0 0 0
230	47	1 1 1 0 0 1 1 0 0 0 0 0 0 0 0 0
230	26	1 1 1 1 0 1 1 0 1 1 1 0 0 0 0 0
230	18	1 1 1 1 1 0 0 0 0 0 0 0 0 0 0 0
230	12	1 1 1 1 0 1 1 0 1 1 1 1 1 0 0 0
230	3	1 1 1 1 0 1 0 0 1 0 1 0 0 0 0 0
230	19	1 1 1 1 0 1 1 0 0 0 0 1 0 0 0 0
230	27	1 1 0 1 0 0 0 0 1 0 0 0 0 0 0 0
230	1	1 1 1 0 0 0 0 0 1 0 0 0 0 0 0 0
230	29	1 1 0 1 1 1 1 0 0 0 1 0 0 0 0 0
230	13	1 1 1 1 0 1 1 0 1 1 1 1 0 0 0 1
230	42	1 1 1 1 0 1 0 0 0 0 1 0 0 0 0 0
230	9	1 1 1 1 0 0 0 1 1 0 0 0 0 0 0 0
230	1	1 1 1 0 0 1 0 0 1 0 0 0 0 0 0 0
230	2	1 1 0 1 0 1 0 0 0 0 1 0 0 1 0 0
230	8	1 1 1 1 0 1 0 0 1 0 0 0 0 0 0 0
230	20	1 1 1 1 1 1 1 1 0 0 0 0 0 0 0 0
230	2	1 1 0 1 0 1 0 0 0 1 0 0 0 1 0 0
230	7	1 1 1 1 0 0 0 1 1 1 0 0 0 0 0 0
230	6	1 1 0 1 0 1 0 0 0 0 1 1 0 0 0 0
230	8	1 1 1 1 0 1 1 0 1 0 1 0 0 0 0 0
230	16	1 1 1 1 1 1 0 0 1 1 1 0 0 0 0 0
230	4	1 1 1 1 1 1 0 0 1 0 0 0 0 0 0 0
230	6	1 0 1 0 0 1 1 0 0 0 0 0 0 0 0 0
230	5	1 1 1 1 1 1 0 0 1 0 1 1 0 0 0 0
230	1	1 1 1 1 1 0 0 0 1 0 0 0 0 0 0 0
230	5	1 1 1 1 0 0 0 0 0 1 0 0 0 1 0 0
230	5	1 1 1 1 1 0 0 0 0 1 0 0 0 1 0 0
230	8	1 1 1 0 0 1 1 0 1 1 1 1 0 0 0 0
230	4	1 1 1 1 0 1 1 0 1 1 1 0 0 0 0 1
230	3	1 1 1 1 0 1 0 0 0 1 1 0 0 0 0 0
230	7	1 1 1 1 0 0 0 1 1 0 0 0 0 0 1 0
230	2	0 1 1 1 1 1 0 0 1 0 1 0 0 0 0 0
230	1	0 1 1 1 0 0 0 1 1 0 0 0 0 0 0 0
230	3	1 1 1 1 1 1 1 0 0 1 0 0 0 0 0 0
230	2	1 1 1 1 0 1 1 0 1 0 1 1 0 0 0 1
230	2	1 1 1 1 1 0 1 1 0 0 0 0 0 0 0 0
230	2	1 1 1 1 0 0 0 0 0 0 0 0 0 1 0 0
230	6	1 0 1 1 1 0 0 0 0 0 0 0 0 0 0 0
230	2	1 1 1 1 1 1 1 0 0 0 1 0 0 0 0 0
230	8	1 1 1 1 0 1 0 0 0 0 1 0 1 0 0 0
230	1	1 1 1 1 0 0 1 0 0 0 1 0 0 0 0 0
230	7	1 0 0 1 0 1 1 0 0 0 0 0 0 0 0 0
230	1	1 1 0 1 0 0 0 0 1 0 0 0 0 1 0 0
230	5	1 1 1 1 0 0 1 0 0 0 0 1 0 0 0 0
230	1	1 1 1 0 0 1 1 0 1 1 1 1 0 0 1 0
230	5	1 1 1 0 0 1 1 1 1 0 1 1 0 0 0 0
230	2	1 1 1 0 0 1 1 0 0 1 0 0 0 0 0 0
230	2	1 1 0 1 0 1 1 0 1 0 0 0 0 0 0 0
230	1	1 1 1 1 1 1 0 0 0 1 0 1 0 1 0 0
230	3	1 1 1 0 0 1 1 0 0 0 1 0 0 0 0 0
230	3	1 1 1 0 0 1 1 0 0 0 0 0 0 1 0 0
230	2	1 1 1 1 1 0 1 0 0 0 1 0 0 0 0 0
230	1	1 1 0 1 0 1 0 0 0 0 0 0 0 0 0 0
230	3	1 0 0 1 0 1 0 0 0 0 1 0 0 0 0 0
230	5	1 1 1 1 0 0 0 0 0 0 1 0 0 0 0 0
230	4	1 1 1 1 1 0 1 0 0 0 1 1 0 0 0 0
230	2	1 1 0 1 0 1 0 0 1 0 0 0 0 0 0 0
230	2	1 1 1 1 0 1 0 0 0 0 1 0 0 0 1 0
230	7	1 1 1 1 0 1 0 1 0 0 1 0 0 0 0 0
230	1	1 1 1 1 0 0 0 0 1 0 0 0 0 0 0 1
230	1	1 1 1 1 0 1 1 0 0 0 1 1 0 0 0 0
230	3	1 1 1 0 0 1 1 0 1 0 0 0 0 0 0 0
230	1	1 1 1 1 0 0 0 0 0 0 0 0 0 0 1 0
230	3	1 1 0 1 0 1 0 0 0 0 0 1 0 0 0 0
230	1	1 1 1 1 1 0 0 0 0 1 0 0 1 1 0 0
230	1	1 0 0 1 0 0 1 0 0 0 0 0 0 0 0 0
230	1	1 1 1 1 0 0 0 0 0 0 0 1 0 0 0 1
230	1	1 1 1 1 1 1 1 0 1 0 0 0 0 0 0 1
230	1	1 1 0 1 1 0 0 1 0 0 1 0 0 0 0 0
230	2	1 1 1 1 0 1 0 0 0 1 0 0 0 0 0 0
230	2	1 1 0 1 0 1 0 0 1 0 1 0 0 0 0 0
230	4	1 1 1 1 0 1 1 0 0 0 0 0 0 0 0 1
230	1	0 1 0 1 0 1 0 0 0 0 0 1 1 0 0 0
230	2	0 1 1 1 0 1 1 0 1 1 1 0 0 0 0 0
230	4	1 1 1 1 0 1 0 0 0 0 0 1 0 0 0 0
230	1	1 1 0 1 1 1 0 0 1 0 1 1 0 0 0 0
230	1	1 1 1 0 1 1 0 0 1 0 1 1 0 0 0 0
230	4	1 1 1 1 0 1 0 0 1 0 1 0 1 0 0 0
230	1	1 1 1 0 0 1 1 1 1 0 1 0 0 0 0 0
230	1	1 0 0 1 0 0 1 0 0 0 0 0 1 0 0 0
230	1	1 1 1 0 0 1 1 0 0 0 0 0 0 0 0 1
230	1	1 1 0 1 0 0 0 0 1 1 0 0 0 0 0 0
230	1	1 1 1 1 0 1 0 0 0 0 0 0 0 0 0 0
230	2	1 1 1 1 0 0 0 0 0 0 0 0 1 0 0 0
230	1	1 1 1 1 1 1 1 0 1 1 1 1 0 0 0 0
230	1	1 1 0 1 1 0 0 0 0 0 0 0 0 0 0 0
230	1	1 1 1 1 0 0 0 0 1 1 0 0 0 0 0 0
230	3	1 1 0 1 1 1 1 0 0 0 1 0 0 1 0 0
230	2	1 1 1 1 1 1 1 0 1 1 1 1 0 0 0 1
230	2	1 1 1 1 1 1 0 0 1 1 1 0 0 1 0 0
230	2	1 1 1 1 1 0 0 0 1 1 1 0 0 0 0 0
230	2	1 1 1 1 0 1 0 0 1 1 1 0 0 0 0 1
230	1	0 1 1 1 0 0 0 1 1 0 0 0 0 0 1 0
230	1	1 1 1 1 0 1 1 0 1 0 1 1 0 1 0 1
230	2	1 1 0 1 0 0 0 0 0 0 0 0 0 1 0 0
240	6	1 1 0 1 0 1 0 0 0 0 1 0 0 0 0 0
240	5	1 1 1 1 0 1 1 0 1 0 0 0 0 0 0 0
240	2	1 1 1 1 0 0 0 0 0 1 0 0 0 0 0 0
240	20	1 1 0 1 0 1 1 0 0 0 1 1 0 0 0 0
240	109	1 1 1 1 0 1 1 0 0 0 0 0 0 0 0 0
240	87	1 1 1 1 1 0 0 0 0 1 0 0 0 0 0 0
240	39	1 1 1 1 1 1 0 0 1 0 1 0 0 0 0 0
240	46	1 1 1 1 0 0 0 0 0 0 0 0 0 0 0 0
240	75	1 1 1 1 0 1 1 0 1 1 1 1 0 0 0 0
240	14	1 0 0 1 1 0 0 0 0 0 0 0 0 0 0 0
240	11	1 1 1 1 0 0 0 0 1 0 0 0 0 0 0 0
240	8	1 1 1 1 1 1 1 0 1 0 0 0 0 0 0 0
240	12	1 1 0 1 1 0 0 0 0 1 0 0 0 0 0 0
240	15	1 1 1 1 1 1 1 0 0 0 0 0 0 0 0 0
240	7	1 1 1 1 0 1 1 0 0 1 0 0 0 0 0 0
240	2	1 1 1 1 0 1 1 0 1 1 0 0 0 0 0 0
240	11	1 1 1 1 0 0 0 0 0 1 0 0 0 1 0 1
240	10	1 1 1 1 0 1 1 0 0 0 1 0 0 0 0 0
240	2	1 1 1 1 1 1 0 0 0 1 0 1 0 0 0 0
240	45	1 1 1 0 0 1 1 0 0 0 0 0 0 0 0 0
240	16	1 1 1 1 0 1 1 0 1 1 1 0 0 0 0 0
240	40	1 1 1 1 1 0 0 0 0 0 0 0 0 0 0 0
240	4	1 1 1 1 0 1 1 0 1 1 1 1 1 0 0 0
240	4	1 1 1 1 0 1 0 0 1 0 1 0 0 0 0 0
240	24	1 1 1 1 0 1 1 0 0 0 0 1 0 0 0 0
240	2	1 1 0 1 0 0 0 0 1 0 0 0 0 0 0 0
240	17	1 1 0 1 1 1 1 0 0 0 1 0 0 0 0 0
240	4	1 1 1 1 0 1 1 0 1 1 1 1 0 0 0 1
240	28	1 1 1 1 0 1 0 0 0 0 1 0 0 0 0 0
240	1	1 1 1 1 0 0 0 1 1 0 0 0 0 0 0 0
240	11	1 1 1 1 1 1 1 1 0 0 0 0 0 0 0 0
240	14	1 1 0 1 0 1 0 0 0 0 1 1 0 0 0 0
240	6	1 1 1 1 0 1 1 0 1 0 1 0 0 0 0 0
240	18	1 1 1 1 1 1 0 0 1 1 1 0 0 0 0 0
240	12	1 0 1 0 0 1 1 0 0 0 0 0 0 0 0 0
240	4	1 1 1 1 1 0 0 0 0 1 0 0 0 1 0 0
240	25	1 1 1 0 0 1 1 0 1 1 1 1 0 0 0 0
240	4	1 1 1 1 0 0 0 1 1 0 0 0 0 0 1 0
240	3	0 1 1 1 0 0 0 1 1 0 0 0 0 0 0 0
240	23	1 1 1 1 1 1 1 0 0 1 0 0 0 0 0 0
240	2	1 0 0 1 0 1 1 0 0 0 0 0 0 0 0 0
240	1	1 1 1 0 0 1 1 0 1 1 1 1 0 0 1 0
240	2	1 1 1 0 0 1 1 1 1 0 1 1 0 0 0 0
240	1	1 1 1 0 0 1 1 0 0 0 0 0 0 1 0 0
240	9	1 1 1 1 1 0 1 0 0 0 1 0 0 0 0 0
240	28	1 1 1 1 1 0 1 0 0 0 1 1 0 0 0 0
240	4	1 1 1 1 0 1 0 1 0 0 1 0 0 0 0 0
240	4	1 1 1 1 0 1 1 0 0 0 0 0 0 0 0 1
240	2	1 1 1 1 0 1 0 0 1 0 1 0 1 0 0 0
240	1	1 1 0 1 0 0 0 0 1 1 0 0 0 0 0 0
240	2	1 1 1 1 0 1 0 0 0 0 0 0 0 0 0 0
240	10	1 1 1 1 1 1 1 0 1 1 1 1 0 0 0 0
240	1	1 1 0 1 1 1 1 0 0 0 1 0 0 1 0 0
240	1	1 1 1 1 1 1 1 0 1 1 1 1 0 0 0 1
240	14	1 1 1 1 1 0 0 0 1 1 1 0 0 0 0 0
240	3	1 1 0 1 0 0 0 0 0 0 0 0 0 1 0 0
240	2	0 1 0 0 0 1 0 0 0 0 0 1 0 0 0 0
240	5	1 1 1 0 1 1 1 0 1 1 1 1 0 0 0 0
240	5	1 1 1 1 0 1 0 0 1 1 1 0 0 0 0 0
240	5	0 1 0 1 0 1 0 0 0 0 1 1 0 0 0 0
240	3	1 1 1 0 0 0 0 0 0 0 0 0 0 0 0 0
240	7	1 1 1 1 1 0 0 0 0 0 0 0 0 1 0 0
240	5	1 1 1 1 0 0 0 1 1 0 0 1 0 0 0 0
240	8	0 1 0 1 0 1 0 0 1 0 0 0 0 0 0 0
240	1	1 1 1 1 0 0 1 0 1 1 1 0 0 0 0 0
240	11	1 0 1 1 1 1 0 0 1 1 1 0 0 0 0 0
240	2	1 1 1 1 0 1 1 0 0 0 0 0 0 1 0 0
240	2	1 1 1 1 0 0 0 1 0 0 0 0 0 0 0 0
240	4	1 0 0 1 1 0 0 0 0 0 1 0 0 0 0 0
240	12	1 1 1 0 1 0 1 0 0 0 1 0 0 0 0 0
240	2	1 1 0 1 1 0 1 0 0 1 0 0 0 0 0 0
240	4	1 1 1 0 0 0 0 0 0 1 0 0 0 1 0 1
240	1	1 1 1 1 0 0 0 0 0 0 0 0 0 1 0 1
240	4	1 0 0 0 1 0 0 0 0 0 0 0 0 0 0 0
240	1	1 1 1 1 0 0 0 0 1 0 0 0 0 0 0 1
240	3	1 1 1 1 0 1 0 0 0 1 0 0 0 0 0 0
240	1	1 1 1 1 1 0 0 0 0 0 0 0 0 0 0 1
240	10	1 0 1 0 0 1 1 0 0 0 0 0 0 0 1 0
240	3	0 1 1 1 0 0 0 0 0 0 0 1 0 0 0 1
240	3	1 1 1 1 0 1 1 1 0 0 0 0 0 0 0 0
240	1	1 1 1 1 0 1 1 0 0 1 0 1 0 0 0 0
240	2	1 0 1 0 0 1 1 1 1 0 1 1 0 0 0 0
240	1	1 1 1 0 1 0 1 0 0 0 1 1 0 0 0 0
240	1	1 1 1 1 0 1 1 0 0 0 0 0 0 0 1 1
240	3	1 1 0 1 1 0 0 0 0 0 0 0 0 0 0 1
240	2	1 1 1 0 0 0 0 0 1 0 0 0 0 0 0 0
240	1	1 1 0 0 0 0 0 0 0 0 0 0 0 0 0 0
240	1	1 1 1 1 0 1 1 1 0 0 0 0 0 0 0 1
240	4	1 1 1 1 0 1 1 0 1 0 1 1 0 0 0 0
240	2	0 1 1 1 1 1 1 0 1 1 1 1 0 0 0 0
240	3	1 1 1 0 1 0 0 0 0 0 0 0 0 0 0 1
240	1	1 1 1 1 1 0 0 0 0 0 1 0 0 0 0 0
240	1	1 1 1 1 1 1 0 0 0 0 0 0 0 0 0 0
240	1	1 1 0 1 1 0 0 0 0 0 0 1 0 0 0 0
240	1	1 0 0 1 1 0 0 0 0 0 0 1 0 0 0 0
250	5	1 1 0 1 0 1 0 0 0 0 1 0 0 0 0 0
250	3	1 1 1 1 0 1 1 0 1 0 0 0 0 0 0 0
250	11	1 1 0 1 0 1 1 0 0 0 1 1 0 0 0 0
250	123	1 1 1 1 0 1 1 0 0 0 0 0 0 0 0 0
250	72	1 1 1 1 1 0 0 0 0 1 0 0 0 0 0 0
250	18	1 1 1 1 1 1 0 0 1 0 1 0 0 0 0 0
250	35	1 1 1 1 0 0 0 0 0 0 0 0 0 0 0 0
250	51	1 1 1 1 0 1 1 0 1 1 1 1 0 0 0 0
250	3	1 1 1 1 0 0 0 0 1 0 0 0 0 0 0 0
250	15	1 1 0 1 1 0 0 0 0 1 0 0 0 0 0 0
250	28	1 1 1 1 1 1 1 0 0 0 0 0 0 0 0 0
250	5	1 1 1 1 0 0 0 0 0 1 0 0 0 1 0 1
250	14	1 1 1 1 0 1 1 0 0 0 1 0 0 0 0 0
250	72	1 1 1 0 0 1 1 0 0 0 0 0 0 0 0 0
250	13	1 1 1 1 0 1 1 0 1 1 1 0 0 0 0 0
250	73	1 1 1 1 1 0 0 0 0 0 0 0 0 0 0 0
250	25	1 1 1 1 0 1 1 0 0 0 0 1 0 0 0 0
250	13	1 1 0 1 1 1 1 0 0 0 1 0 0 0 0 0
250	46	1 1 1 1 0 1 0 0 0 0 1 0 0 0 0 0
250	9	1 1 1 1 0 0 0 1 1 0 0 0 0 0 0 0
250	27	1 1 0 1 0 1 0 0 0 0 1 1 0 0 0 0
250	2	1 1 1 1 0 1 1 0 1 0 1 0 0 0 0 0
250	9	1 1 1 1 1 1 0 0 1 1 1 0 0 0 0 0
250	8	1 0 1 0 0 1 1 0 0 0 0 0 0 0 0 0
250	9	1 1 1 0 0 1 1 0 1 1 1 1 0 0 0 0
250	13	1 1 1 1 1 1 1 0 0 1 0 0 0 0 0 0
250	1	1 1 1 0 0 1 1 1 1 0 1 1 0 0 0 0
250	6	1 1 1 1 1 0 1 0 0 0 1 0 0 0 0 0
250	5	1 1 1 1 1 0 1 0 0 0 1 1 0 0 0 0
250	4	1 1 1 1 0 1 0 1 0 0 1 0 0 0 0 0
250	8	1 1 1 1 0 1 0 0 0 0 0 0 0 0 0 0
250	13	1 1 1 1 1 1 1 0 1 1 1 1 0 0 0 0
250	13	1 1 1 1 1 0 0 0 1 1 1 0 0 0 0 0
250	2	0 1 0 0 0 1 0 0 0 0 0 1 0 0 0 0
250	22	1 1 1 0 1 1 1 0 1 1 1 1 0 0 0 0
250	10	1 1 1 1 0 1 0 0 1 1 1 0 0 0 0 0
250	14	0 1 0 1 0 1 0 0 0 0 1 1 0 0 0 0
250	12	1 1 1 1 1 0 0 0 0 0 0 0 0 1 0 0
250	2	1 1 1 1 0 0 0 1 1 0 0 1 0 0 0 0
250	3	1 0 1 1 1 1 0 0 1 1 1 0 0 0 0 0
250	1	1 1 1 1 0 1 1 0 0 0 0 0 0 1 0 0
250	11	1 1 1 1 0 0 0 1 0 0 0 0 0 0 0 0
250	10	1 1 1 0 1 0 1 0 0 0 1 0 0 0 0 0
250	4	1 1 1 1 0 1 0 0 0 1 0 0 0 0 0 0
250	14	1 1 1 1 1 0 0 0 0 0 0 0 0 0 0 1
250	5	1 1 1 0 0 0 0 0 1 0 0 0 0 0 0 0
250	10	1 1 1 1 1 1 1 1 0 0 0 1 0 0 0 0
250	1	0 1 1 1 0 1 0 0 1 1 1 0 0 0 0 0
250	3	1 1 0 1 0 1 1 0 0 0 1 0 0 0 0 0
250	2	1 0 1 1 0 1 1 0 0 0 0 0 0 0 0 0
250	2	1 1 1 1 0 1 1 0 1 1 0 1 0 0 0 0
250	1	1 0 1 0 0 1 1 0 0 1 0 0 0 0 0 0
250	6	1 1 1 1 1 1 0 0 0 0 1 1 0 0 0 0
250	3	1 1 1 1 1 1 0 0 1 0 1 0 0 0 0 1
250	9	1 1 1 1 0 1 0 0 1 1 1 1 0 0 0 0
250	7	1 1 1 1 1 1 1 0 0 0 0 1 0 0 0 0
250	4	1 1 1 1 1 1 0 0 0 0 0 0 0 0 0 1
250	2	1 1 1 1 1 0 0 0 1 0 0 0 0 0 0 1
250	10	1 1 1 1 1 1 0 0 1 0 0 0 0 0 0 0
250	4	1 1 0 1 1 1 1 0 1 0 1 0 0 0 0 0
250	2	1 1 1 0 0 1 1 0 1 1 0 0 0 0 0 0
250	2	1 1 1 1 0 1 0 0 0 0 1 1 0 0 0 0
250	1	1 1 1 1 1 0 1 0 1 0 1 1 0 0 0 0
250	2	1 1 1 1 0 0 0 0 0 0 0 1 0 0 0 0
250	1	1 1 0 1 0 0 0 0 0 0 1 0 0 0 0 0
250	1	1 1 1 1 1 1 0 0 0 0 0 0 0 0 0 0
250	5	0 0 0 1 0 1 0 0 1 0 0 0 0 0 0 0
250	1	1 1 1 1 0 0 0 0 0 0 0 0 0 0 0 1
250	1	1 1 0 1 1 0 0 0 0 0 0 0 0 0 0 0
250	5	1 1 1 1 0 1 1 0 0 0 1 1 0 0 0 0
250	3	1 1 1 1 0 1 0 0 0 0 0 1 0 0 0 0
250	4	1 1 1 1 0 1 0 0 0 0 0 0 0 0 1 0
250	1	1 1 1 1 1 0 0 0 1 1 1 0 0 0 0 1
250	2	1 1 0 1 0 0 0 1 0 0 1 0 0 0 0 0
250	1	1 1 1 1 1 0 0 0 1 1 0 0 0 0 0 0
250	2	1 1 1 1 0 1 1 1 1 1 1 1 0 0 0 0
250	3	1 1 1 1 1 0 1 0 0 0 0 1 0 0 0 0
250	5	1 1 1 1 1 0 0 1 0 0 0 0 0 0 0 1
250	3	1 1 1 0 0 0 0 0 1 0 0 0 0 1 0 0
250	2	1 1 1 1 1 0 0 1 0 0 0 0 0 0 0 0
250	2	0 1 1 1 0 1 1 0 0 0 0 0 0 0 0 0
250	2	1 1 0 1 1 0 0 0 0 1 1 0 0 0 0 0
250	6	1 1 1 0 0 1 1 0 0 0 1 0 0 0 0 0
250	3	1 1 1 1 0 1 0 0 1 0 1 0 0 0 0 0
250	2	1 1 1 1 0 1 0 0 0 1 1 0 0 0 0 0
250	1	0 1 0 1 0 1 1 0 0 0 1 1 0 0 0 0
250	1	1 1 0 0 0 1 1 0 0 0 0 0 0 0 0 0
250	1	1 1 1 0 0 1 1 0 0 0 0 1 0 0 0 0
250	3	1 1 1 0 0 1 1 1 0 0 0 0 0 0 0 0
250	3	1 1 1 0 1 0 1 0 0 0 1 0 0 1 0 0
250	2	0 0 0 0 0 1 0 0 1 0 0 0 0 0 0 0
250	1	1 1 1 1 0 1 0 0 0 1 0 0 0 0 1 0
260	15	1 1 0 1 0 1 0 0 0 0 1 0 0 0 0 0
260	1	1 1 1 1 0 1 1 0 1 0 0 0 0 0 0 0
260	32	1 1 0 1 0 1 1 0 0 0 1 1 0 0 0 0
260	115	1 1 1 1 0 1 1 0 0 0 0 0 0 0 0 0
260	38	1 1 1 1 1 0 0 0 0 1 0 0 0 0 0 0
260	15	1 1 1 1 1 1 0 0 1 0 1 0 0 0 0 0
260	68	1 1 1 1 0 0 0 0 0 0 0 0 0 0 0 0
260	48	1 1 1 1 0 1 1 0 1 1 1 1 0 0 0 0
260	4	1 1 0 1 1 0 0 0 0 1 0 0 0 0 0 0
260	34	1 1 1 1 1 1 1 0 0 0 0 0 0 0 0 0
260	32	1 1 1 0 0 1 1 0 0 0 0 0 0 0 0 0
260	19	1 1 1 1 0 1 1 0 1 1 1 0 0 0 0 0
260	62	1 1 1 1 1 0 0 0 0 0 0 0 0 0 0 0
260	26	1 1 0 1 1 1 1 0 0 0 1 0 0 0 0 0
260	65	1 1 1 1 0 1 0 0 0 0 1 0 0 0 0 0
260	6	1 1 1 1 0 0 0 1 1 0 0 0 0 0 0 0
260	27	1 1 0 1 0 1 0 0 0 0 1 1 0 0 0 0
260	6	1 0 1 0 0 1 1 0 0 0 0 0 0 0 0 0
260	8	1 1 1 0 0 1 1 0 1 1 1 1 0 0 0 0
260	28	1 1 1 1 1 1 1 0 0 1 0 0 0 0 0 0
260	16	1 1 1 1 1 0 1 0 0 0 1 0 0 0 0 0
260	9	1 1 1 1 0 1 0 0 0 0 0 0 0 0 0 0
260	8	1 1 1 0 1 1 1 0 1 1 1 1 0 0 0 0
260	2	1 1 1 1 0 1 0 0 1 1 1 0 0 0 0 0
260	9	0 1 0 1 0 1 0 0 0 0 1 1 0 0 0 0
260	18	1 1 1 1 1 0 0 0 0 0 0 0 0 1 0 0
260	9	1 1 1 1 0 0 0 1 0 0 0 0 0 0 0 0
260	4	1 1 1 0 1 0 1 0 0 0 1 0 0 0 0 0
260	6	1 1 1 1 1 0 0 0 0 0 0 0 0 0 0 1
260	7	1 1 1 0 0 0 0 0 1 0 0 0 0 0 0 0
260	16	1 1 1 1 1 1 1 1 0 0 0 1 0 0 0 0
260	4	0 1 1 1 0 1 0 0 1 1 1 0 0 0 0 0
260	2	1 0 1 0 0 1 1 0 0 1 0 0 0 0 0 0
260	8	1 1 1 1 1 1 0 0 0 0 1 1 0 0 0 0
260	1	1 1 1 1 0 1 0 0 1 1 1 1 0 0 0 0
260	3	1 1 1 1 1 1 1 0 0 0 0 1 0 0 0 0
260	8	1 1 1 1 1 1 0 0 0 0 0 0 0 0 0 1
260	6	1 1 1 1 1 1 0 0 1 0 0 0 0 0 0 0
260	6	1 1 1 1 0 0 0 0 0 0 0 1 0 0 0 0
260	9	1 1 1 1 0 0 0 0 0 0 0 0 0 0 0 1
260	3	1 1 1 1 0 1 1 0 0 0 1 1 0 0 0 0
260	7	1 1 1 1 0 1 0 0 0 0 0 1 0 0 0 0
260	2	1 1 1 1 0 1 0 0 0 0 0 0 0 0 1 0
260	4	1 1 1 0 0 0 0 0 1 0 0 0 0 1 0 0
260	4	1 1 0 1 1 0 0 0 0 1 1 0 0 0 0 0
260	27	1 1 1 1 0 1 0 0 1 0 1 0 0 0 0 0
260	6	1 1 1 1 0 1 0 0 0 1 1 0 0 0 0 0
260	10	1 1 1 1 0 0 0 0 0 0 1 0 0 0 0 0
260	8	1 1 1 1 1 0 0 0 0 0 0 0 1 0 0 0
260	2	0 1 0 1 0 1 0 0 0 0 0 0 0 0 0 0
260	2	1 0 1 1 0 0 0 0 0 0 0 0 0 0 0 0
260	4	1 1 1 1 0 1 1 0 1 1 1 1 0 0 0 1
260	12	1 1 1 1 1 1 1 1 0 1 0 0 0 0 0 0
260	5	1 1 1 0 0 0 0 0 0 1 0 0 0 0 0 0
260	4	1 1 1 1 1 0 0 0 1 1 0 0 0 0 0 0
260	3	1 1 1 1 1 1 1 0 0 0 0 0 0 1 0 0
260	12	1 1 1 0 1 0 0 0 0 0 0 0 0 0 0 0
260	7	1 0 1 1 1 0 1 0 0 0 1 0 0 0 0 0
260	1	1 1 0 0 1 0 1 0 0 0 1 0 0 0 0 0
260	4	1 1 0 1 0 1 0 0 0 1 0 0 0 0 0 0
260	2	1 1 1 1 1 1 1 0 0 0 1 0 0 0 0 0
260	3	1 1 1 0 0 1 0 0 0 0 0 0 0 0 0 1
260	4	1 1 1 1 0 1 1 1 0 0 0 0 0 0 0 0
260	8	0 1 1 1 1 0 0 0 0 0 0 0 1 0 0 0
260	4	1 1 1 1 1 1 0 0 1 0 1 0 1 0 0 0
260	1	1 1 1 1 0 0 0 0 0 0 0 0 0 1 0 0
260	1	1 1 1 1 1 0 0 0 0 0 1 1 0 0 0 0
260	1	1 1 1 1 0 1 1 0 0 0 1 0 0 1 0 0
260	1	1 0 1 0 0 0 1 0 0 1 0 0 0 0 0 0
260	4	1 1 1 1 0 1 0 0 1 0 1 1 0 0 0 0
260	4	1 1 1 0 0 0 0 0 0 0 0 1 0 0 0 0
260	3	1 0 1 0 0 1 0 0 0 0 1 0 0 0 0 0
260	2	1 1 1 1 0 1 1 0 0 0 0 0 0 0 1 0
260	1	1 0 1 1 1 0 0 0 0 1 0 0 0 0 0 0
260	1	1 1 1 1 0 0 1 0 0 0 0 0 0 0 0 0
260	2	1 1 0 1 1 1 1 0 0 0 1 0 0 1 0 0
260	3	1 1 1 1 1 0 1 0 1 0 1 0 0 0 0 0
260	2	1 1 1 1 1 1 0 0 0 0 0 0 0 1 0 0
260	2	1 1 1 1 0 0 1 0 0 0 1 0 0 0 0 0
260	4	1 1 1 0 1 0 0 0 0 1 0 0 0 0 0 0
260	1	1 1 0 1 0 1 1 0 0 0 1 0 0 0 0 0
260	1	1 1 1 1 0 0 0 0 1 1 1 1 0 0 0 1
260	3	1 1 1 1 1 1 0 0 0 0 0 0 0 0 0 0
260	1	1 1 0 1 0 1 1 0 0 0 1 1 0 1 0 0
260	1	1 0 0 1 0 1 1 0 0 0 1 1 0 0 0 0
260	1	1 1 1 1 0 0 0 0 1 0 0 0 0 0 0 0
260	1	1 1 1 1 0 0 0 0 0 0 0 0 1 0 0 0
260	1	1 1 1 1 0 1 1 0 0 1 1 1 0 0 0 0
260	1	1 1 1 0 0 1 1 1 0 0 0 0 0 0 0 0
260	1	0 1 1 0 0 1 1 0 0 0 0 0 0 0 0 0
260	1	1 1 1 1 0 1 1 0 1 1 1 0 0 1 0 0
260	1	1 1 1 1 1 1 1 0 0 1 0 0 0 1 0 0
260	2	1 1 1 1 0 0 1 0 0 0 0 0 0 0 0 1
260	2	1 1 1 1 0 1 0 0 1 0 0 0 0 0 0 0
260	1	1 0 1 1 0 1 0 0 0 1 1 0 0 0 0 0
260	1	1 1 1 1 1 1 1 1 0 1 0 1 0 0 0 0
270	8	1 1 0 1 0 1 0 0 0 0 1 0 0 0 0 0
270	12	1 1 0 1 0 1 1 0 0 0 1 1 0 0 0 0
270	132	1 1 1 1 0 1 1 0 0 0 0 0 0 0 0 0
270	12	1 1 1 1 1 0 0 0 0 1 0 0 0 0 0 0
270	3	1 1 1 1 1 1 0 0 1 0 1 0 0 0 0 0
270	47	1 1 1 1 0 0 0 0 0 0 0 0 0 0 0 0
270	52	1 1 1 1 0 1 1 0 1 1 1 1 0 0 0 0
270	13	1 1 1 1 1 1 1 0 0 0 0 0 0 0 0 0
270	25	1 1 1 0 0 1 1 0 0 0 0 0 0 0 0 0
270	20	1 1 1 1 0 1 1 0 1 1 1 0 0 0 0 0
270	41	1 1 1 1 1 0 0 0 0 0 0 0 0 0 0 0
270	4	1 1 0 1 1 1 1 0 0 0 1 0 0 0 0 0
270	105	1 1 1 1 0 1 0 0 0 0 1 0 0 0 0 0
270	20	1 1 0 1 0 1 0 0 0 0 1 1 0 0 0 0
270	10	1 1 1 0 0 1 1 0 1 1 1 1 0 0 0 0
270	7	1 1 1 1 1 0 1 0 0 0 1 0 0 0 0 0
270	13	1 1 1 1 0 1 0 0 0 0 0 0 0 0 0 0
270	13	1 1 1 1 1 0 0 0 0 0 0 0 0 1 0 0
270	21	1 1 1 1 1 0 0 0 0 0 0 0 0 0 0 1
270	11	1 1 1 0 0 0 0 0 1 0 0 0 0 0 0 0
270	14	1 1 1 1 1 1 1 1 0 0 0 1 0 0 0 0
270	9	0 1 1 1 0 1 0 0 1 1 1 0 0 0 0 0
270	2	1 0 1 0 0 1 1 0 0 1 0 0 0 0 0 0
270	7	1 1 1 1 1 1 0 0 0 0 1 1 0 0 0 0
270	8	1 1 1 1 1 1 1 0 0 0 0 1 0 0 0 0
270	1	1 1 1 1 1 1 0 0 0 0 0 0 0 0 0 1
270	4	1 1 1 1 1 1 0 0 1 0 0 0 0 0 0 0
270	26	1 1 1 1 0 1 0 0 1 0 1 0 0 0 0 0
270	9	1 1 1 1 0 1 0 0 0 1 1 0 0 0 0 0
270	7	1 1 1 1 0 0 0 0 0 0 1 0 0 0 0 0
270	9	1 0 1 1 0 0 0 0 0 0 0 0 0 0 0 0
270	1	1 1 1 0 0 0 0 0 0 1 0 0 0 0 0 0
270	5	1 1 1 0 1 0 0 0 0 0 0 0 0 0 0 0
270	8	1 0 1 1 1 0 1 0 0 0 1 0 0 0 0 0
270	4	1 1 0 1 0 1 0 0 0 1 0 0 0 0 0 0
270	3	0 1 1 1 1 0 0 0 0 0 0 0 1 0 0 0
270	32	1 1 1 1 1 1 0 0 1 0 1 0 1 0 0 0
270	4	1 1 1 1 0 0 0 0 0 0 0 0 0 1 0 0
270	4	1 1 1 1 0 1 1 0 0 0 1 0 0 1 0 0
270	14	1 1 1 1 0 1 1 0 0 0 0 0 0 0 1 0
270	23	1 1 1 1 1 1 0 0 0 0 0 0 0 1 0 0
270	1	1 1 1 1 0 0 1 0 0 0 1 0 0 0 0 0
270	16	1 1 0 1 0 1 1 0 0 0 1 0 0 0 0 0
270	2	1 1 1 1 0 1 0 0 1 0 0 0 0 0 0 0
270	1	1 1 1 1 0 0 0 0 1 1 1 0 0 0 0 0
270	7	1 1 1 1 0 1 1 0 1 1 1 1 0 1 0 0
270	2	1 1 1 0 0 1 1 0 1 0 0 0 0 0 0 0
270	11	1 1 0 0 0 1 0 0 0 0 1 1 0 0 0 0
270	1	1 1 1 1 1 1 1 0 1 1 1 1 0 0 0 0
270	14	1 1 1 1 0 1 1 0 0 1 0 0 0 0 0 0
270	4	1 1 0 1 1 1 1 0 0 0 0 0 0 0 0 0
270	22	1 1 1 1 0 0 1 0 0 0 0 0 0 0 0 0
270	5	1 1 0 1 1 0 0 0 0 0 0 0 0 1 0 0
270	6	1 0 1 1 1 1 0 0 0 0 1 1 0 0 0 0
270	2	1 1 1 1 0 1 1 0 1 0 0 0 0 0 0 0
270	4	1 1 0 1 0 1 0 0 1 1 1 1 0 0 0 0
270	2	1 1 1 1 0 0 0 1 0 1 0 0 0 0 0 0
270	6	1 0 1 1 0 0 0 0 0 0 0 0 1 0 0 0
270	1	1 1 0 1 0 0 1 0 0 0 0 0 0 0 0 0
270	9	1 1 1 1 0 1 0 0 0 0 1 0 0 1 0 0
270	12	1 1 0 1 0 1 1 0 0 0 0 0 0 0 0 0
270	4	1 1 0 1 0 1 0 0 0 0 0 1 0 0 0 0
270	4	1 1 1 1 1 1 1 0 0 0 0 0 0 1 0 0
270	2	1 1 0 1 0 1 0 1 1 1 1 1 0 0 0 0
270	4	1 1 1 1 1 0 0 1 0 0 0 0 0 0 0 0
270	12	1 1 1 1 0 1 1 0 0 0 1 0 0 0 0 0
270	5	1 0 0 0 0 1 1 0 0 1 0 0 0 0 0 0
270	4	1 1 0 1 1 1 0 0 0 0 0 0 0 0 0 1
270	3	0 1 1 1 1 1 0 0 1 0 0 0 0 0 0 0
270	11	1 0 1 1 1 0 1 0 0 0 0 0 0 0 0 0
270	1	1 1 0 1 1 1 0 0 1 0 1 0 1 0 0 0
270	2	1 1 1 0 1 0 0 0 1 0 1 0 1 0 0 0
270	3	1 1 1 1 1 0 0 0 0 1 0 0 0 0 1 0
270	12	0 1 1 1 0 1 0 0 0 0 1 0 0 0 0 0
270	1	1 1 1 1 0 1 0 0 1 0 1 1 0 0 0 0
270	1	1 0 1 1 0 1 1 0 0 0 0 0 0 0 0 0
270	6	1 1 1 1 0 1 1 0 0 0 0 0 0 1 0 0
270	2	1 1 1 1 0 0 0 0 0 1 0 0 0 0 0 0
270	4	1 1 1 1 0 1 1 0 1 1 1 1 1 0 0 0
270	3	1 1 1 0 0 1 1 1 1 1 1 1 0 0 0 0
270	2	1 1 1 1 1 0 0 0 0 0 0 0 1 1 0 0
270	1	1 1 1 1 1 1 0 0 0 0 1 0 0 0 0 0
270	1	1 1 1 1 0 1 1 0 1 0 0 0 1 0 0 0
270	1	1 1 1 1 0 1 0 0 0 0 1 1 0 0 0 0
270	2	1 1 1 1 0 1 0 0 0 1 0 0 0 0 0 0
270	1	1 0 1 1 0 1 0 0 0 0 1 0 0 0 0 0
270	2	0 1 1 1 0 1 1 0 1 1 1 1 0 0 0 0
270	1	1 1 1 1 0 0 1 0 1 1 1 0 0 0 0 0
270	1	1 1 1 1 0 1 0 0 1 0 1 0 1 0 0 0
270	2	1 1 0 1 1 1 0 0 1 0 1 0 0 0 0 0
270	2	1 1 1 1 0 1 1 1 0 0 0 0 0 0 0 0
270	1	1 1 1 1 0 1 1 0 0 0 0 1 0 0 0 0
270	3	0 1 1 1 0 0 0 0 1 1 1 0 0 0 0 0
270	1	1 1 1 1 1 1 0 0 0 0 0 0 0 1 0 1
270	2	1 1 1 1 0 1 1 0 0 0 1 0 0 0 1 0
270	1	1 1 1 1 1 1 0 0 0 0 1 0 0 1 0 0
270	1	1 1 1 1 0 1 0 0 0 0 1 0 0 1 1 0
280	5	1 1 0 1 0 1 0 0 0 0 1 0 0 0 0 0
280	124	1 1 1 1 0 1 1 0 0 0 0 0 0 0 0 0
280	5	1 1 1 1 1 0 0 0 0 1 0 0 0 0 0 0
280	5	1 1 1 1 1 1 0 0 1 0 1 0 0 0 0 0
280	29	1 1 1 1 0 0 0 0 0 0 0 0 0 0 0 0
280	50	1 1 1 1 0 1 1 0 1 1 1 1 0 0 0 0
280	9	1 1 1 1 1 1 1 0 0 0 0 0 0 0 0 0
280	16	1 1 1 0 0 1 1 0 0 0 0 0 0 0 0 0
280	35	1 1 1 1 0 1 1 0 1 1 1 0 0 0 0 0
280	29	1 1 1 1 1 0 0 0 0 0 0 0 0 0 0 0
280	18	1 1 0 1 1 1 1 0 0 0 1 0 0 0 0 0
280	94	1 1 1 1 0 1 0 0 0 0 1 0 0 0 0 0
280	26	1 1 0 1 0 1 0 0 0 0 1 1 0 0 0 0
280	5	1 1 1 0 0 1 1 0 1 1 1 1 0 0 0 0
280	21	1 1 1 1 1 0 1 0 0 0 1 0 0 0 0 0
280	11	1 1 1 1 0 1 0 0 0 0 0 0 0 0 0 0
280	8	1 1 1 1 1 0 0 0 0 0 0 0 0 1 0 0
280	5	1 1 1 0 0 0 0 0 1 0 0 0 0 0 0 0
280	16	1 1 1 1 1 1 1 1 0 0 0 1 0 0 0 0
280	6	0 1 1 1 0 1 0 0 1 1 1 0 0 0 0 0
280	13	1 1 1 1 1 1 0 0 0 0 1 1 0 0 0 0
280	31	1 1 1 1 1 1 1 0 0 0 0 1 0 0 0 0
280	46	1 1 1 1 0 1 0 0 1 0 1 0 0 0 0 0
280	22	1 1 1 1 0 1 0 0 0 1 1 0 0 0 0 0
280	2	1 1 1 1 0 0 0 0 0 0 1 0 0 0 0 0
280	4	1 0 1 1 0 0 0 0 0 0 0 0 0 0 0 0
280	23	1 0 1 1 1 0 1 0 0 0 1 0 0 0 0 0
280	26	1 1 1 1 1 1 0 0 1 0 1 0 1 0 0 0
280	5	1 1 1 1 0 1 1 0 0 0 0 0 0 0 1 0
280	23	1 1 1 1 1 1 0 0 0 0 0 0 0 1 0 0
280	1	1 1 0 1 0 1 1 0 0 0 1 0 0 0 0 0
280	13	1 1 1 1 0 1 1 0 1 1 1 1 0 1 0 0
280	5	1 1 1 0 0 1 1 0 1 0 0 0 0 0 0 0
280	8	1 1 0 0 0 1 0 0 0 0 1 1 0 0 0 0
280	9	1 1 1 1 0 1 1 0 0 1 0 0 0 0 0 0
280	7	1 1 0 1 1 1 1 0 0 0 0 0 0 0 0 0
280	25	1 1 1 1 0 0 1 0 0 0 0 0 0 0 0 0
280	6	1 0 1 1 1 1 0 0 0 0 1 1 0 0 0 0
280	2	1 1 0 1 0 1 0 0 1 1 1 1 0 0 0 0
280	1	1 0 1 1 0 0 0 0 0 0 0 0 1 0 0 0
280	11	1 1 1 1 0 1 0 0 0 0 1 0 0 1 0 0
280	15	1 1 0 1 0 1 1 0 0 0 0 0 0 0 0 0
280	3	1 1 1 1 1 1 1 0 0 0 0 0 0 1 0 0
280	12	1 1 1 1 1 0 0 1 0 0 0 0 0 0 0 0
280	19	1 1 1 1 0 1 1 0 0 0 1 0 0 0 0 0
280	13	0 1 1 1 0 1 0 0 0 0 1 0 0 0 0 0
280	10	1 1 1 1 0 1 1 0 0 0 0 0 0 1 0 0
280	5	1 1 1 0 0 1 1 1 1 1 1 1 0 0 0 0
280	15	0 1 1 1 0 1 1 0 1 1 1 1 0 0 0 0
280	7	1 1 1 1 0 1 0 0 1 0 1 0 1 0 0 0
280	6	1 1 1 1 0 1 1 0 0 0 0 1 0 0 0 0
280	6	0 1 1 1 0 0 0 0 1 1 1 0 0 0 0 0
280	6	1 0 1 0 0 1 1 0 0 1 0 1 0 0 0 0
280	3	1 1 1 0 0 1 1 0 0 0 0 0 0 0 1 0
280	2	1 1 1 1 1 0 0 0 0 0 1 0 0 0 0 0
280	2	0 1 1 1 0 1 1 0 0 0 0 0 0 0 0 0
280	1	1 1 1 0 0 1 1 0 1 1 1 0 0 0 0 0
280	2	1 1 1 1 1 0 1 0 0 0 0 1 0 0 0 0
280	3	1 1 1 1 1 0 0 0 0 0 0 0 0 1 1 0
280	7	1 1 1 1 1 1 0 0 1 0 1 0 1 1 0 0
280	1	1 0 1 1 0 1 1 0 0 0 0 1 0 0 0 0
280	2	1 1 0 1 0 0 0 0 0 0 0 0 0 0 0 0
280	1	1 1 1 1 1 1 0 0 0 0 0 0 0 0 0 0
280	2	1 1 1 0 1 1 1 0 1 1 1 1 0 0 0 0
280	3	1 1 1 1 1 1 1 1 0 0 0 1 1 0 0 0
280	8	1 1 1 1 0 1 0 0 1 0 0 0 0 0 0 0
280	2	1 1 0 1 1 1 0 0 1 0 1 0 1 0 0 0
280	3	1 1 1 0 0 0 1 0 0 0 0 0 0 0 0 0
280	1	1 1 1 1 0 0 1 0 0 0 1 0 0 0 0 0
280	2	1 0 1 0 0 1 1 0 0 1 1 0 1 0 0 0
280	1	1 1 1 1 0 1 1 0 0 0 0 0 1 0 0 0
280	2	1 0 1 1 1 0 1 0 0 0 1 0 0 0 1 0
280	1	0 1 1 1 0 1 0 0 0 0 0 0 0 0 0 0
280	3	1 1 1 1 0 1 0 0 1 0 1 1 0 0 0 0
280	3	1 1 1 1 0 0 0 0 1 1 1 0 0 0 0 0
280	2	1 1 1 0 0 0 0 0 1 0 0 0 0 1 0 0
280	1	1 1 0 1 0 1 0 0 1 0 1 0 0 0 0 0
280	1	1 0 1 1 0 1 0 0 0 1 1 0 0 0 0 0
280	1	1 1 1 1 0 1 1 0 0 1 0 0 0 1 0 0
280	1	1 1 1 1 0 0 1 0 0 0 1 0 0 0 1 0
280	2	1 1 0 1 0 1 1 0 0 1 0 0 0 0 0 0
280	2	0 1 1 1 0 1 1 0 0 0 1 0 0 0 0 0
280	3	1 1 0 1 0 0 1 0 0 0 1 0 0 0 0 0
280	1	1 1 1 1 0 1 0 0 0 0 0 0 1 0 0 0
280	2	1 1 1 1 0 1 1 0 0 0 0 1 1 0 0 0
280	1	1 1 1 1 1 0 0 0 0 0 0 1 0 0 0 0
280	1	0 1 1 1 0 0 1 0 0 0 0 0 0 0 0 0
280	2	1 1 1 1 0 1 1 0 1 0 0 0 0 0 0 0
280	1	1 1 1 1 0 1 1 0 1 1 1 1 0 0 1 0
280	1	1 1 1 1 0 1 0 1 0 0 1 0 0 0 0 0
280	1	1 1 0 1 0 1 0 0 0 0 0 0 0 0 0 0
280	1	1 1 1 0 0 0 0 0 1 0 0 1 0 0 0 0
280	2	1 1 1 1 1 1 1 0 0 0 0 1 0 0 1 0
280	1	1 0 1 1 0 0 1 0 0 0 0 0 0 0 0 0
280	1	1 1 1 1 0 1 0 1 0 0 1 0 0 1 0 0
290	7	1 1 0 1 0 1 0 0 0 0 1 0 0 0 0 0
290	94	1 1 1 1 0 1 1 0 0 0 0 0 0 0 0 0
290	6	1 1 1 1 1 0 0 0 0 1 0 0 0 0 0 0
290	11	1 1 1 1 0 0 0 0 0 0 0 0 0 0 0 0
290	43	1 1 1 1 0 1 1 0 1 1 1 1 0 0 0 0
290	10	1 1 1 1 1 1 1 0 0 0 0 0 0 0 0 0
290	42	1 1 1 1 0 1 1 0 1 1 1 0 0 0 0 0
290	34	1 1 1 1 1 0 0 0 0 0 0 0 0 0 0 0
290	7	1 1 0 1 1 1 1 0 0 0 1 0 0 0 0 0
290	122	1 1 1 1 0 1 0 0 0 0 1 0 0 0 0 0
290	13	1 1 0 1 0 1 0 0 0 0 1 1 0 0 0 0
290	4	1 1 1 0 0 1 1 0 1 1 1 1 0 0 0 0
290	26	1 1 1 1 1 0 1 0 0 0 1 0 0 0 0 0
290	3	1 1 1 1 1 0 0 0 0 0 0 0 0 1 0 0
290	3	1 1 1 1 1 1 1 1 0 0 0 1 0 0 0 0
290	1	0 1 1 1 0 1 0 0 1 1 1 0 0 0 0 0
290	19	1 1 1 1 1 1 0 0 0 0 1 1 0 0 0 0
290	34	1 1 1 1 1 1 1 0 0 0 0 1 0 0 0 0
290	4	1 1 1 1 0 1 0 0 1 0 1 0 0 0 0 0
290	16	1 1 1 1 0 1 0 0 0 1 1 0 0 0 0 0
290	10	1 1 1 1 0 0 0 0 0 0 1 0 0 0 0 0
290	34	1 0 1 1 1 0 1 0 0 0 1 0 0 0 0 0
290	31	1 1 1 1 1 1 0 0 1 0 1 0 1 0 0 0
290	8	1 1 1 1 0 1 1 0 0 0 0 0 0 0 1 0
290	5	1 1 1 1 1 1 0 0 0 0 0 0 0 1 0 0
290	4	1 1 1 1 0 1 1 0 1 1 1 1 0 1 0 0
290	5	1 1 1 0 0 1 1 0 1 0 0 0 0 0 0 0
290	17	1 1 0 0 0 1 0 0 0 0 1 1 0 0 0 0
290	7	1 1 1 1 0 1 1 0 0 1 0 0 0 0 0 0
290	4	1 1 0 1 1 1 1 0 0 0 0 0 0 0 0 0
290	60	1 1 1 1 0 0 1 0 0 0 0 0 0 0 0 0
290	18	1 0 1 1 1 1 0 0 0 0 1 1 0 0 0 0
290	4	1 1 0 1 0 1 0 0 1 1 1 1 0 0 0 0
290	6	1 1 1 1 0 1 0 0 0 0 1 0 0 1 0 0
290	14	1 1 0 1 0 1 1 0 0 0 0 0 0 0 0 0
290	14	1 1 1 1 1 0 0 1 0 0 0 0 0 0 0 0
290	14	1 1 1 1 0 1 1 0 0 0 1 0 0 0 0 0
290	23	0 1 1 1 0 1 0 0 0 0 1 0 0 0 0 0
290	5	1 1 1 1 0 1 1 0 0 0 0 0 0 1 0 0
290	9	0 1 1 1 0 1 1 0 1 1 1 1 0 0 0 0
290	25	1 1 1 1 0 1 1 0 0 0 0 1 0 0 0 0
290	1	1 1 1 0 0 1 1 0 0 0 0 0 0 0 1 0
290	1	1 1 1 1 1 0 0 0 0 0 1 0 0 0 0 0
290	6	0 1 1 1 0 1 1 0 0 0 0 0 0 0 0 0
290	10	1 1 1 0 0 1 1 0 1 1 1 0 0 0 0 0
290	3	1 1 1 0 0 0 1 0 0 0 0 0 0 0 0 0
290	19	1 0 1 0 0 1 1 0 0 1 1 0 1 0 0 0
290	3	1 1 1 1 0 1 0 0 1 0 1 1 0 0 0 0
290	3	1 1 1 1 0 0 0 0 1 1 1 0 0 0 0 0
290	4	1 1 0 1 0 1 1 0 0 1 0 0 0 0 0 0
290	6	1 1 1 1 1 1 1 0 0 0 0 1 0 0 1 0
290	3	1 0 1 1 1 1 1 0 1 1 1 1 0 0 0 0
290	5	1 1 0 1 1 1 1 0 0 0 1 0 0 0 0 1
290	10	1 1 0 0 0 1 0 0 0 0 1 1 0 1 0 0
290	3	0 1 1 1 0 1 1 0 1 1 0 1 0 0 0 0
290	5	1 1 1 1 1 1 0 0 0 0 1 0 0 0 0 0
290	8	1 1 0 1 0 1 1 0 0 0 1 1 0 0 0 0
290	3	1 0 1 1 0 1 1 0 0 0 0 0 0 0 0 0
290	1	1 0 1 1 1 0 1 0 0 0 1 0 1 0 0 0
290	1	1 0 1 1 0 1 0 0 0 1 1 0 0 0 0 0
290	2	1 1 1 1 0 1 1 0 1 1 0 0 0 0 0 0
290	3	1 1 1 1 1 0 1 1 0 0 1 0 0 0 0 0
290	1	1 1 1 1 1 1 1 0 0 1 0 1 0 0 0 0
290	4	1 0 1 1 1 1 0 0 0 0 1 1 1 0 0 0
290	2	1 1 1 1 1 1 1 0 1 0 0 1 0 0 1 0
290	12	1 1 1 1 0 0 0 0 0 0 1 0 1 0 0 0
290	1	1 1 0 1 0 1 0 1 0 0 1 0 0 0 0 0
290	1	0 1 1 1 1 1 1 1 0 0 0 1 0 0 0 0
290	3	1 1 1 1 0 0 1 0 0 0 1 0 0 0 0 0
290	2	1 1 1 1 0 0 0 0 1 1 0 0 0 0 0 0
290	1	1 1 1 1 0 1 0 0 1 1 1 0 1 0 0 0
290	3	0 1 1 1 0 1 1 0 0 0 0 0 0 1 0 0
290	1	1 1 1 1 1 1 1 0 0 0 0 0 1 0 0 0
290	6	1 1 1 0 0 1 0 0 0 0 1 0 0 0 0 0
290	10	1 1 1 1 0 0 1 0 0 1 0 0 0 0 0 0
290	3	1 1 0 1 0 1 1 0 0 0 0 0 0 1 0 0
290	4	1 1 1 1 0 1 1 1 0 0 0 1 0 0 0 0
290	2	1 1 1 1 0 0 1 0 1 1 1 0 0 0 0 0
290	3	1 1 1 1 1 1 0 0 0 0 0 0 1 1 0 0
290	1	1 0 1 1 1 1 0 0 0 0 0 0 0 0 0 0
290	1	1 1 1 1 0 1 0 0 0 0 0 0 0 0 0 0
290	1	1 0 1 1 0 1 0 0 1 0 1 0 1 0 0 0
290	1	1 1 1 1 0 0 1 0 1 1 1 1 0 0 0 0
290	3	1 1 1 1 0 1 1 0 1 1 0 1 0 0 0 0
290	1	1 1 1 1 1 1 1 0 0 1 0 0 0 0 0 0
290	3	1 1 1 1 0 1 1 0 1 1 1 0 0 0 0 1
290	1	1 1 1 1 1 0 1 0 0 0 0 0 0 0 0 0
290	3	1 1 0 0 1 1 1 0 0 0 1 0 0 0 0 0
290	4	1 1 0 1 0 1 0 0 0 0 1 1 0 1 0 0
290	2	1 1 0 1 1 0 1 0 0 0 0 0 0 0 0 0
290	3	1 1 1 1 1 0 0 1 0 0 1 0 0 0 0 0
290	1	1 1 1 1 1 1 1 0 0 0 0 0 1 1 0 0
300	4	1 1 0 1 0 1 0 0 0 0 1 0 0 0 0 0
300	72	1 1 1 1 0 1 1 0 0 0 0 0 0 0 0 0
300	6	1 1 1 1 0 0 0 0 0 0 0 0 0 0 0 0
300	19	1 1 1 1 0 1 1 0 1 1 1 1 0 0 0 0
300	7	1 1 1 1 1 1 1 0 0 0 0 0 0 0 0 0
300	33	1 1 1 1 0 1 1 0 1 1 1 0 0 0 0 0
300	5	1 1 1 1 1 0 0 0 0 0 0 0 0 0 0 0
300	162	1 1 1 1 0 1 0 0 0 0 1 0 0 0 0 0
300	22	1 1 0 1 0 1 0 0 0 0 1 1 0 0 0 0
300	29	1 1 1 0 0 1 1 0 1 1 1 1 0 0 0 0
300	15	1 1 1 1 1 0 1 0 0 0 1 0 0 0 0 0
300	4	1 1 1 1 1 0 0 0 0 0 0 0 0 1 0 0
300	20	1 1 1 1 1 1 1 1 0 0 0 1 0 0 0 0
300	12	1 1 1 1 1 1 0 0 0 0 1 1 0 0 0 0
300	20	1 1 1 1 1 1 1 0 0 0 0 1 0 0 0 0
300	2	1 1 1 1 0 1 0 0 0 1 1 0 0 0 0 0
300	18	1 1 1 1 0 0 0 0 0 0 1 0 0 0 0 0
300	16	1 0 1 1 1 0 1 0 0 0 1 0 0 0 0 0
300	3	1 1 1 1 1 1 0 0 1 0 1 0 1 0 0 0
300	18	1 1 1 1 0 1 1 0 0 0 0 0 0 0 1 0
300	21	1 1 1 1 0 1 1 0 1 1 1 1 0 1 0 0
300	4	1 1 0 0 0 1 0 0 0 0 1 1 0 0 0 0
300	22	1 1 1 1 0 1 1 0 0 1 0 0 0 0 0 0
300	2	1 1 0 1 1 1 1 0 0 0 0 0 0 0 0 0
300	91	1 1 1 1 0 0 1 0 0 0 0 0 0 0 0 0
300	5	1 0 1 1 1 1 0 0 0 0 1 1 0 0 0 0
300	9	1 1 1 1 0 1 0 0 0 0 1 0 0 1 0 0
300	13	1 1 0 1 0 1 1 0 0 0 0 0 0 0 0 0
300	23	1 1 1 1 1 0 0 1 0 0 0 0 0 0 0 0
300	33	1 1 1 1 0 1 1 0 0 0 1 0 0 0 0 0
300	6	1 1 1 1 0 1 1 0 0 0 0 0 0 1 0 0
300	4	0 1 1 1 0 1 1 0 1 1 1 1 0 0 0 0
300	24	1 1 1 1 0 1 1 0 0 0 0 1 0 0 0 0
300	2	0 1 1 1 0 1 1 0 0 0 0 0 0 0 0 0
300	1	1 1 1 0 0 1 1 0 1 1 1 0 0 0 0 0
300	18	1 0 1 0 0 1 1 0 0 1 1 0 1 0 0 0
300	6	1 1 1 1 0 0 0 0 1 1 1 0 0 0 0 0
300	16	1 1 0 1 0 1 1 0 0 1 0 0 0 0 0 0
300	2	1 1 0 0 0 1 0 0 0 0 1 1 0 1 0 0
300	15	1 1 1 1 1 1 0 0 0 0 1 0 0 0 0 0
300	2	1 0 1 1 0 1 1 0 0 0 0 0 0 0 0 0
300	2	1 1 1 1 1 0 1 1 0 0 1 0 0 0 0 0
300	15	1 1 1 1 0 0 0 0 0 0 1 0 1 0 0 0
300	1	0 1 1 1 1 1 1 1 0 0 0 1 0 0 0 0
300	4	1 1 1 1 0 1 1 1 0 0 0 1 0 0 0 0
300	13	1 1 1 1 0 1 0 0 0 0 0 0 0 0 0 0
300	4	1 1 0 0 1 1 1 0 0 0 1 0 0 0 0 0
300	15	1 1 1 1 0 1 1 0 0 1 1 0 1 0 0 0
300	14	0 1 1 1 0 1 1 0 1 1 1 0 1 0 0 0
300	21	1 0 1 1 1 0 1 0 0 0 0 0 0 0 0 0
300	3	1 1 1 0 0 0 0 0 0 0 1 0 0 0 0 0
300	3	1 0 1 1 1 0 1 1 0 0 1 0 0 0 0 0
300	5	1 1 1 1 0 1 1 0 0 1 0 1 0 0 0 0
300	12	1 1 1 1 0 1 0 0 0 0 1 0 1 0 0 0
300	5	1 1 1 1 0 1 0 0 0 0 1 1 0 0 0 0
300	4	1 1 0 1 0 1 1 0 0 1 0 0 1 0 0 0
300	6	1 1 1 1 1 1 0 0 0 0 1 0 1 0 0 0
300	8	1 0 1 0 0 1 1 0 1 1 1 0 1 0 0 0
300	1	1 1 1 1 1 1 1 0 0 0 1 1 0 0 1 0
300	6	1 1 1 1 0 0 1 0 1 0 0 0 0 0 0 0
300	2	1 1 0 1 0 1 1 0 0 1 0 0 0 0 1 0
300	2	1 0 1 1 1 1 0 0 0 0 0 0 0 0 0 0
300	3	0 1 1 1 1 1 1 0 0 0 0 0 0 0 0 0
300	1	1 1 0 1 1 1 1 0 1 0 0 0 0 0 0 0
300	3	1 1 0 0 1 1 1 0 0 0 1 1 0 0 0 0
300	5	1 1 1 1 1 1 0 0 0 0 0 1 0 0 0 0
300	1	1 0 1 1 0 1 0 0 0 1 0 0 0 0 0 0
300	2	1 1 1 1 0 1 0 0 1 1 1 0 1 0 0 0
300	1	1 0 1 1 1 1 1 0 0 0 1 0 0 0 0 0
300	1	1 1 1 1 0 1 1 0 1 1 0 0 0 0 0 0
300	4	1 1 1 1 0 1 1 0 0 1 1 0 1 0 1 0
300	1	1 1 1 1 0 0 1 1 0 0 0 0 0 0 0 0
300	3	1 1 1 1 0 1 1 0 1 0 0 1 0 0 0 0
300	2	1 0 1 1 0 1 0 0 0 0 0 0 0 0 0 0
300	1	1 0 1 1 0 0 0 0 0 0 1 0 1 0 0 0
300	1	1 1 1 1 0 1 0 1 0 0 0 0 0 0 0 0
300	2	1 1 1 1 0 1 1 1 0 0 0 0 0 0 0 0
300	1	0 1 1 1 0 0 1 0 0 0 0 0 0 0 0 0
300	2	1 1 1 1 0 1 1 1 0 0 1 0 1 0 0 0
300	2	1 1 1 1 0 1 1 0 0 0 1 1 0 0 0 0
300	3	1 1 1 1 0 1 1 0 1 0 1 1 0 0 0 0
300	1	0 1 1 1 0 1 1 0 1 1 1 0 0 0 0 0
300	3	1 1 1 0 0 1 1 0 0 1 1 1 0 0 0 0
300	1	1 0 1 1 1 0 1 0 0 0 1 0 0 0 0 1
300	1	1 1 1 1 0 1 1 0 1 0 0 0 0 0 0 0
300	1	1 0 1 1 1 1 0 0 0 0 0 0 0 0 1 0
300	1	1 1 1 1 1 1 1 1 0 0 0 1 0 0 1 1
300	1	1 0 1 1 0 0 0 0 0 0 1 0 0 0 0 0
310	83	1 1 1 1 0 1 1 0 0 0 0 0 0 0 0 0
310	28	1 1 1 1 0 0 0 0 0 0 0 0 0 0 0 0
310	14	1 1 1 1 0 1 1 0 1 1 1 1 0 0 0 0
310	13	1 1 1 1 1 1 1 0 0 0 0 0 0 0 0 0
310	20	1 1 1 1 0 1 1 0 1 1 1 0 0 0 0 0
310	112	1 1 1 1 0 1 0 0 0 0 1 0 0 0 0 0
310	13	1 1 0 1 0 1 0 0 0 0 1 1 0 0 0 0
310	22	1 1 1 0 0 1 1 0 1 1 1 1 0 0 0 0
310	26	1 1 1 1 1 0 1 0 0 0 1 0 0 0 0 0
310	4	1 1 1 1 1 0 0 0 0 0 0 0 0 1 0 0
310	25	1 1 1 1 1 1 1 1 0 0 0 1 0 0 0 0
310	22	1 1 1 1 1 1 0 0 0 0 1 1 0 0 0 0
310	16	1 1 1 1 1 1 1 0 0 0 0 1 0 0 0 0
310	4	1 1 1 1 0 0 0 0 0 0 1 0 0 0 0 0
310	9	1 0 1 1 1 0 1 0 0 0 1 0 0 0 0 0
310	1	1 1 1 1 1 1 0 0 1 0 1 0 1 0 0 0
310	21	1 1 1 1 0 1 1 0 0 0 0 0 0 0 1 0
310	15	1 1 1 1 0 1 1 0 1 1 1 1 0 1 0 0
310	11	1 1 1 1 0 1 1 0 0 1 0 0 0 0 0 0
310	98	1 1 1 1 0 0 1 0 0 0 0 0 0 0 0 0
310	7	1 0 1 1 1 1 0 0 0 0 1 1 0 0 0 0
310	6	1 1 1 1 0 1 0 0 0 0 1 0 0 1 0 0
310	8	1 1 0 1 0 1 1 0 0 0 0 0 0 0 0 0
310	29	1 1 1 1 1 0 0 1 0 0 0 0 0 0 0 0
310	38	1 1 1 1 0 1 1 0 0 0 1 0 0 0 0 0
310	5	1 1 1 1 0 1 1 0 0 0 0 0 0 1 0 0
310	11	0 1 1 1 0 1 1 0 1 1 1 1 0 0 0 0
310	37	1 1 1 1 0 1 1 0 0 0 0 1 0 0 0 0
310	5	1 0 1 0 0 1 1 0 0 1 1 0 1 0 0 0
310	16	1 1 1 1 0 0 0 0 1 1 1 0 0 0 0 0
310	13	1 1 0 1 0 1 1 0 0 1 0 0 0 0 0 0
310	8	1 1 0 0 0 1 0 0 0 0 1 1 0 1 0 0
310	21	1 1 1 1 1 1 0 0 0 0 1 0 0 0 0 0
310	7	1 0 1 1 0 1 1 0 0 0 0 0 0 0 0 0
310	11	1 1 1 1 0 0 0 0 0 0 1 0 1 0 0 0
310	2	1 1 1 1 0 1 1 1 0 0 0 1 0 0 0 0
310	10	1 1 1 1 0 1 0 0 0 0 0 0 0 0 0 0
310	5	1 1 0 0 1 1 1 0 0 0 1 0 0 0 0 0
310	5	1 1 1 1 0 1 1 0 0 1 1 0 1 0 0 0
310	5	1 0 1 1 1 0 1 0 0 0 0 0 0 0 0 0
310	1	1 1 1 0 0 0 0 0 0 0 1 0 0 0 0 0
310	7	1 1 1 1 0 1 1 0 0 1 0 1 0 0 0 0
310	4	1 1 1 1 0 1 0 0 0 0 1 0 1 0 0 0
310	2	1 1 1 1 0 1 0 0 0 0 1 1 0 0 0 0
310	8	1 1 0 1 0 1 1 0 0 1 0 0 1 0 0 0
310	12	1 1 1 1 0 0 1 0 1 0 0 0 0 0 0 0
310	7	1 1 1 1 1 1 0 0 0 0 0 1 0 0 0 0
310	8	1 0 1 1 0 1 0 0 0 1 0 0 0 0 0 0
310	3	1 0 1 1 1 1 1 0 0 0 1 0 0 0 0 0
310	4	1 1 1 1 0 1 1 0 1 1 0 0 0 0 0 0
310	9	1 1 1 1 0 1 1 0 0 1 1 0 1 0 1 0
310	11	1 1 1 1 0 1 1 0 1 0 1 1 0 0 0 0
310	4	1 1 1 1 0 1 1 0 1 0 0 0 0 0 0 0
310	4	1 1 0 1 1 1 1 0 0 0 1 0 0 0 0 0
310	2	1 1 1 1 0 1 1 0 0 0 0 0 1 0 0 0
310	6	1 1 1 1 0 1 0 0 0 1 0 1 0 0 0 0
310	1	1 1 1 0 0 1 1 0 1 1 1 1 1 0 0 0
310	9	1 1 0 1 0 0 1 0 0 0 0 0 0 0 0 0
310	1	1 1 1 1 0 1 0 0 0 0 1 0 0 0 0 1
310	3	1 1 1 1 0 1 1 1 0 0 0 1 0 0 1 0
310	6	1 1 1 1 0 1 1 0 1 0 1 1 0 1 0 0
310	1	1 1 0 1 0 1 1 0 0 0 1 0 0 0 0 0
310	1	1 1 1 1 1 1 0 0 0 1 1 0 0 0 0 0
310	2	1 1 1 1 0 0 1 0 0 0 1 0 0 0 0 0
310	2	1 1 1 1 1 1 0 1 0 0 1 1 0 0 0 0
310	3	1 1 1 1 0 0 0 0 1 0 0 0 0 0 0 0
310	3	1 1 1 1 0 1 1 0 0 0 0 0 0 1 1 0
310	10	0 1 1 1 0 1 1 0 1 1 1 1 0 0 0 1
310	4	1 1 0 0 0 1 0 0 0 0 1 1 1 1 0 0
310	2	1 1 1 1 0 0 1 0 1 0 0 0 1 0 0 0
310	2	1 1 1 1 1 1 0 1 0 0 0 1 0 0 0 0
310	1	1 1 1 0 0 1 1 0 1 1 1 0 1 0 0 0
310	3	1 1 0 1 0 1 0 1 0 0 1 1 0 0 0 0
310	2	1 1 1 1 0 1 1 0 0 1 0 0 1 0 0 0
310	2	0 1 1 1 1 1 1 0 0 0 0 1 0 0 0 0
310	1	1 1 1 1 0 1 0 0 0 1 1 0 0 1 0 0
310	3	1 1 1 0 0 1 1 0 0 0 0 1 0 0 0 0
310	3	0 1 1 1 0 1 1 0 0 0 0 1 0 0 0 0
310	4	1 1 1 1 0 1 1 0 0 1 1 0 1 1 0 0
310	3	1 1 1 1 0 1 1 0 1 1 0 0 1 0 0 0
310	2	1 1 1 1 0 0 1 0 0 0 1 0 1 0 0 0
310	5	1 1 1 1 0 0 0 0 0 1 0 0 0 0 0 0
310	5	1 1 1 1 0 0 1 0 0 0 0 0 0 1 0 0
310	1	1 1 0 1 0 1 0 0 0 0 1 1 1 1 0 0
310	1	0 1 1 1 1 1 0 1 0 0 0 1 0 0 0 0
310	1	1 0 1 1 1 1 0 1 0 0 0 0 0 0 0 0
310	1	1 0 0 1 0 1 0 0 0 0 1 1 0 0 0 0
310	1	1 1 1 1 1 1 1 1 0 0 0 1 0 0 0 1
310	1	1 1 1 1 1 1 1 1 0 0 0 0 0 0 0 0
310	2	1 1 1 1 1 0 1 0 0 0 0 1 0 0 0 0
310	1	1 0 1 1 1 0 1 0 0 0 1 1 0 0 0 0
310	3	1 0 1 1 1 0 0 1 0 0 0 0 0 0 0 0
310	1	1 1 1 1 0 1 1 0 0 0 0 1 0 1 0 0
310	1	0 1 1 1 0 1 1 0 1 1 1 1 0 0 1 0
310	1	0 1 1 1 1 1 0 0 0 0 1 0 0 0 0 0
310	1	1 1 1 1 1 0 0 0 0 0 1 0 1 0 0 0
310	1	0 1 1 1 1 1 0 0 0 0 0 1 0 0 0 0
310	1	1 1 1 1 0 1 1 0 0 1 1 0 1 1 0 1
320	91	1 1 1 1 0 1 1 0 0 0 0 0 0 0 0 0
320	12	1 1 1 1 0 0 0 0 0 0 0 0 0 0 0 0
320	11	1 1 1 1 0 1 1 0 1 1 1 1 0 0 0 0
320	10	1 1 1 1 1 1 1 0 0 0 0 0 0 0 0 0
320	27	1 1 1 1 0 1 1 0 1 1 1 0 0 0 0 0
320	107	1 1 1 1 0 1 0 0 0 0 1 0 0 0 0 0
320	5	1 1 0 1 0 1 0 0 0 0 1 1 0 0 0 0
320	4	1 1 1 0 0 1 1 0 1 1 1 1 0 0 0 0
320	13	1 1 1 1 1 0 1 0 0 0 1 0 0 0 0 0
320	12	1 1 1 1 1 0 0 0 0 0 0 0 0 1 0 0
320	66	1 1 1 1 1 1 1 1 0 0 0 1 0 0 0 0
320	19	1 1 1 1 1 1 0 0 0 0 1 1 0 0 0 0
320	13	1 1 1 1 1 1 1 0 0 0 0 1 0 0 0 0
320	2	1 1 1 1 0 0 0 0 0 0 1 0 0 0 0 0
320	16	1 0 1 1 1 0 1 0 0 0 1 0 0 0 0 0
320	6	1 1 1 1 1 1 0 0 1 0 1 0 1 0 0 0
320	31	1 1 1 1 0 1 1 0 0 0 0 0 0 0 1 0
320	25	1 1 1 1 0 1 1 0 1 1 1 1 0 1 0 0
320	82	1 1 1 1 0 0 1 0 0 0 0 0 0 0 0 0
320	20	1 0 1 1 1 1 0 0 0 0 1 1 0 0 0 0
320	7	1 1 0 1 0 1 1 0 0 0 0 0 0 0 0 0
320	10	1 1 1 1 1 0 0 1 0 0 0 0 0 0 0 0
320	35	1 1 1 1 0 1 1 0 0 0 1 0 0 0 0 0
320	36	1 1 1 1 0 1 1 0 0 0 0 1 0 0 0 0
320	3	1 0 1 0 0 1 1 0 0 1 1 0 1 0 0 0
320	2	1 1 1 1 0 0 0 0 1 1 1 0 0 0 0 0
320	5	1 1 0 0 0 1 0 0 0 0 1 1 0 1 0 0
320	47	1 1 1 1 1 1 0 0 0 0 1 0 0 0 0 0
320	3	1 0 1 1 0 1 1 0 0 0 0 0 0 0 0 0
320	18	1 1 1 1 0 1 0 0 0 0 0 0 0 0 0 0
320	5	1 1 0 0 1 1 1 0 0 0 1 0 0 0 0 0
320	5	1 0 1 1 1 0 1 0 0 0 0 0 0 0 0 0
320	2	1 1 1 1 0 1 0 0 0 0 1 0 1 0 0 0
320	17	1 1 1 1 0 1 0 0 0 0 1 1 0 0 0 0
320	8	1 1 0 1 0 1 1 0 0 1 0 0 1 0 0 0
320	35	1 1 1 1 0 0 1 0 1 0 0 0 0 0 0 0
320	1	1 1 1 1 1 1 0 0 0 0 0 1 0 0 0 0
320	22	1 1 1 1 0 1 1 0 1 1 0 0 0 0 0 0
320	17	1 1 1 1 0 1 1 0 0 1 1 0 1 0 1 0
320	5	1 1 1 1 0 1 1 0 1 0 1 1 0 0 0 0
320	10	1 1 1 1 0 1 1 0 1 0 0 0 0 0 0 0
320	4	1 1 1 1 0 1 0 0 0 1 0 1 0 0 0 0
320	8	1 1 0 1 0 0 1 0 0 0 0 0 0 0 0 0
320	5	1 1 1 1 0 1 1 0 1 0 1 1 0 1 0 0
320	7	1 1 1 1 0 0 0 0 1 0 0 0 0 0 0 0
320	2	1 1 1 1 0 0 1 0 1 0 0 0 1 0 0 0
320	3	1 1 0 1 0 1 0 1 0 0 1 1 0 0 0 0
320	1	1 1 1 1 0 0 0 0 0 1 0 0 0 0 0 0
320	12	0 1 1 1 1 1 0 0 0 0 1 0 0 0 0 0
320	7	1 1 1 1 1 0 1 0 0 0 1 0 0 0 1 0
320	2	1 1 0 1 0 1 0 0 0 0 0 0 0 1 0 0
320	9	1 1 1 1 0 1 0 0 1 1 1 1 0 0 0 0
320	4	1 1 1 1 0 1 1 0 0 0 0 0 0 1 0 0
320	3	1 1 1 1 0 1 1 1 1 1 1 1 0 1 0 0
320	2	1 1 0 1 0 1 1 0 0 0 1 0 0 0 0 0
320	3	1 1 1 1 0 0 1 0 0 0 0 1 0 0 0 0
320	6	1 0 1 1 1 1 0 0 0 0 1 0 0 0 0 0
320	2	1 1 1 1 1 1 1 0 1 1 1 0 0 0 0 0
320	3	1 1 1 1 0 0 0 0 0 0 0 0 0 1 0 0
320	1	1 1 1 1 1 1 1 0 0 0 0 1 0 1 0 0
320	2	1 1 1 1 1 0 0 1 0 0 0 0 0 0 0 1
320	6	1 0 0 1 0 0 1 0 0 0 0 0 0 0 0 0
320	1	1 0 0 1 1 0 0 1 0 0 0 0 0 0 0 0
320	1	0 1 1 1 0 1 1 0 0 0 0 0 0 0 0 0
320	2	1 1 1 1 0 1 1 0 0 1 1 0 0 0 0 0
320	3	1 1 1 1 0 1 1 1 1 1 1 0 0 0 0 0
320	1	0 1 1 1 1 0 1 0 0 0 1 0 0 0 0 0
320	2	1 1 0 0 1 1 1 0 0 0 1 1 0 0 0 1
320	5	1 1 1 1 0 1 1 0 0 0 0 0 1 0 0 0
320	2	0 1 1 1 0 0 1 0 0 0 0 0 0 0 0 0
320	1	1 1 1 0 0 0 1 0 0 0 0 0 0 0 0 0
320	2	1 1 1 1 1 1 0 0 0 0 1 0 0 0 1 0
320	2	1 1 1 1 0 1 0 0 0 0 0 0 0 1 0 0
320	2	1 1 0 1 0 1 0 0 0 0 0 0 0 0 1 0
320	1	1 1 1 0 0 1 0 0 0 0 1 0 0 0 0 0
320	2	1 0 0 1 1 1 0 0 0 0 1 0 0 0 0 0
320	3	1 1 1 1 0 1 0 0 0 0 0 1 0 0 0 0
320	1	1 1 1 1 1 0 1 0 0 1 1 0 1 0 1 0
320	1	1 1 1 1 0 1 1 0 1 1 1 0 0 0 1 0
320	2	1 1 1 1 0 1 0 0 1 0 1 0 0 0 0 0
320	1	1 0 1 1 0 1 0 0 0 0 1 0 0 0 0 0
320	1	1 1 1 1 1 1 1 1 0 0 0 1 0 0 0 1
320	1	1 1 1 1 0 0 0 0 0 0 1 0 0 0 1 0
320	2	1 1 1 1 0 0 0 0 1 1 0 0 0 0 0 0
320	1	1 1 1 1 0 1 0 0 0 1 1 1 0 0 0 0
320	2	1 1 1 1 0 1 1 0 1 1 0 0 0 0 0 1
320	1	1 1 1 1 1 1 1 0 1 0 0 0 0 0 0 0
330	72	1 1 1 1 0 1 1 0 0 0 0 0 0 0 0 0
330	3	1 1 1 1 0 0 0 0 0 0 0 0 0 0 0 0
330	11	1 1 1 1 0 1 1 0 1 1 1 1 0 0 0 0
330	3	1 1 1 1 1 1 1 0 0 0 0 0 0 0 0 0
330	29	1 1 1 1 0 1 1 0 1 1 1 0 0 0 0 0
330	75	1 1 1 1 0 1 0 0 0 0 1 0 0 0 0 0
330	6	1 1 1 0 0 1 1 0 1 1 1 1 0 0 0 0
330	13	1 1 1 1 1 0 1 0 0 0 1 0 0 0 0 0
330	64	1 1 1 1 1 1 1 1 0 0 0 1 0 0 0 0
330	6	1 1 1 1 1 1 0 0 0 0 1 1 0 0 0 0
330	12	1 1 1 1 1 1 1 0 0 0 0 1 0 0 0 0
330	20	1 0 1 1 1 0 1 0 0 0 1 0 0 0 0 0
330	31	1 1 1 1 0 1 1 0 0 0 0 0 0 0 1 0
330	24	1 1 1 1 0 1 1 0 1 1 1 1 0 1 0 0
330	75	1 1 1 1 0 0 1 0 0 0 0 0 0 0 0 0
330	1	1 0 1 1 1 1 0 0 0 0 1 1 0 0 0 0
330	10	1 1 0 1 0 1 1 0 0 0 0 0 0 0 0 0
330	31	1 1 1 1 1 0 0 1 0 0 0 0 0 0 0 0
330	47	1 1 1 1 0 1 1 0 0 0 1 0 0 0 0 0
330	29	1 1 1 1 0 1 1 0 0 0 0 1 0 0 0 0
330	52	1 1 1 1 1 1 0 0 0 0 1 0 0 0 0 0
330	11	1 1 1 1 0 1 0 0 0 0 0 0 0 0 0 0
330	1	1 1 1 1 0 1 0 0 0 0 1 0 1 0 0 0
330	8	1 1 1 1 0 1 0 0 0 0 1 1 0 0 0 0
330	32	1 1 1 1 0 0 1 0 1 0 0 0 0 0 0 0
330	32	1 1 1 1 0 1 1 0 1 1 0 0 0 0 0 0
330	9	1 1 1 1 0 1 1 0 1 0 1 1 0 0 0 0
330	9	1 1 1 1 0 1 0 0 0 1 0 1 0 0 0 0
330	13	1 1 0 1 0 0 1 0 0 0 0 0 0 0 0 0
330	7	1 1 1 1 0 0 0 0 1 0 0 0 0 0 0 0
330	9	1 1 1 1 0 0 1 0 1 0 0 0 1 0 0 0
330	18	1 1 0 1 0 1 0 1 0 0 1 1 0 0 0 0
330	2	0 1 1 1 1 1 0 0 0 0 1 0 0 0 0 0
330	6	1 1 1 1 0 1 1 0 0 0 0 0 0 1 0 0
330	18	1 1 1 1 0 0 1 0 0 0 0 1 0 0 0 0
330	9	1 0 0 1 0 0 1 0 0 0 0 0 0 0 0 0
330	9	1 1 1 1 0 1 1 1 1 1 1 0 0 0 0 0
330	3	1 1 0 0 1 1 1 0 0 0 1 1 0 0 0 1
330	10	1 1 1 1 0 1 1 0 0 0 0 0 1 0 0 0
330	23	1 1 1 1 0 1 0 0 0 0 0 0 0 1 0 0
330	3	1 1 1 1 0 1 0 0 0 0 0 1 0 0 0 0
330	5	1 1 1 1 1 1 1 1 0 0 0 0 0 0 0 0
330	5	1 1 1 1 1 1 0 0 1 0 1 0 0 0 0 0
330	2	1 1 0 1 0 1 1 0 0 1 1 0 0 0 0 0
330	7	1 1 1 1 0 0 1 0 1 1 1 1 0 1 0 0
330	3	1 1 1 0 0 1 0 0 0 0 1 1 0 0 0 0
330	2	1 1 1 0 0 1 0 0 1 1 1 1 0 0 0 0
330	9	0 1 1 1 0 1 1 0 0 0 1 0 0 0 0 0
330	8	0 1 1 1 0 1 1 0 1 0 0 0 0 0 0 0
330	10	0 1 0 1 0 1 0 0 0 0 0 0 0 0 1 0
330	6	1 1 1 1 0 1 1 1 0 0 0 0 0 0 0 0
330	9	1 1 1 1 0 1 0 0 0 1 1 0 0 0 0 0
330	15	0 1 1 1 1 1 1 1 0 0 0 1 0 0 0 0
330	4	1 1 0 1 0 1 1 1 1 1 1 0 0 0 0 0
330	2	1 1 1 1 1 0 1 0 1 0 1 0 0 0 0 0
330	2	1 1 1 1 0 0 1 1 0 0 0 0 0 0 0 0
330	1	1 1 0 1 0 1 1 1 0 1 0 0 1 1 0 0
330	7	1 1 1 1 0 0 1 0 0 0 1 0 0 0 0 0
330	2	1 1 1 1 0 1 1 0 0 0 0 1 0 0 1 0
330	3	1 1 1 1 0 1 1 0 1 1 1 1 0 1 1 0
330	3	1 1 1 1 1 1 1 0 1 1 1 0 0 0 0 0
330	5	0 1 1 1 0 1 0 0 0 0 1 0 0 0 0 0
330	5	1 1 1 1 0 0 1 0 1 1 0 0 0 0 0 1
330	4	1 1 1 1 0 0 1 0 0 1 0 0 0 0 0 0
330	1	1 0 1 1 1 1 1 1 0 0 0 1 0 0 0 0
330	4	1 1 1 1 0 1 1 0 1 1 0 0 0 0 0 1
330	2	1 1 1 1 1 0 0 0 1 0 0 0 0 0 0 0
330	6	1 1 1 1 1 1 1 1 0 0 0 0 0 0 0 1
330	1	1 0 1 1 0 0 0 0 0 0 0 0 0 0 0 0
330	2	1 1 1 1 0 0 1 0 0 0 0 0 0 0 1 0
330	1	1 1 1 1 1 1 0 0 0 0 0 0 0 0 0 0
330	1	1 1 1 1 0 1 1 1 1 1 1 0 0 0 1 0
330	3	1 1 1 1 0 1 1 0 1 1 1 0 0 0 1 0
330	2	1 0 1 0 0 1 1 0 1 1 1 1 0 0 0 0
330	1	1 0 1 1 1 0 1 0 0 0 0 1 0 0 0 0
330	3	1 1 1 1 0 1 1 1 0 0 0 1 0 0 0 0
330	2	1 1 1 1 0 0 1 0 1 0 1 0 0 0 0 0
330	1	1 1 1 1 0 1 1 1 1 1 1 1 0 1 1 0
330	1	1 1 1 1 1 1 0 0 0 0 1 0 0 0 1 0
330	1	1 1 1 1 0 1 0 0 0 1 1 1 0 0 0 0
330	1	1 1 1 1 0 0 1 0 1 0 0 0 0 1 0 0
330	1	1 1 1 1 1 1 0 0 1 1 1 0 0 0 0 0
330	1	1 1 1 0 0 0 1 0 0 0 1 0 0 0 0 0
340	28	1 1 1 1 0 1 1 0 0 0 0 0 0 0 0 0
340	14	1 1 1 1 0 0 0 0 0 0 0 0 0 0 0 0
340	32	1 1 1 1 0 1 1 0 1 1 1 1 0 0 0 0
340	1	1 1 1 1 1 1 1 0 0 0 0 0 0 0 0 0
340	32	1 1 1 1 0 1 1 0 1 1 1 0 0 0 0 0
340	70	1 1 1 1 0 1 0 0 0 0 1 0 0 0 0 0
340	1	1 1 1 1 1 0 1 0 0 0 1 0 0 0 0 0
340	76	1 1 1 1 1 1 1 1 0 0 0 1 0 0 0 0
340	6	1 1 1 1 1 1 0 0 0 0 1 1 0 0 0 0
340	21	1 0 1 1 1 0 1 0 0 0 1 0 0 0 0 0
340	16	1 1 1 1 0 1 1 0 0 0 0 0 0 0 1 0
340	7	1 1 1 1 0 1 1 0 1 1 1 1 0 1 0 0
340	105	1 1 1 1 0 0 1 0 0 0 0 0 0 0 0 0
340	1	1 0 1 1 1 1 0 0 0 0 1 1 0 0 0 0
340	85	1 1 1 1 1 0 0 1 0 0 0 0 0 0 0 0
340	27	1 1 1 1 0 1 1 0 0 0 1 0 0 0 0 0
340	11	1 1 1 1 0 1 1 0 0 0 0 1 0 0 0 0
340	50	1 1 1 1 1 1 0 0 0 0 1 0 0 0 0 0
340	15	1 1 1 1 0 1 0 0 0 0 0 0 0 0 0 0
340	3	1 1 1 1 0 1 0 0 0 0 1 1 0 0 0 0
340	17	1 1 1 1 0 0 1 0 1 0 0 0 0 0 0 0
340	33	1 1 1 1 0 1 1 0 1 1 0 0 0 0 0 0
340	6	1 1 1 1 0 1 1 0 1 0 1 1 0 0 0 0
340	17	1 1 1 1 0 1 0 0 0 1 0 1 0 0 0 0
340	1	1 1 0 1 0 0 1 0 0 0 0 0 0 0 0 0
340	3	1 1 1 1 0 0 0 0 1 0 0 0 0 0 0 0
340	3	1 1 0 1 0 1 0 1 0 0 1 1 0 0 0 0
340	6	1 1 1 1 0 0 1 0 0 0 0 1 0 0 0 0
340	2	1 1 1 1 0 1 1 1 1 1 1 0 0 0 0 0
340	3	1 1 1 1 0 1 1 0 0 0 0 0 1 0 0 0
340	12	1 1 1 1 0 1 0 0 0 0 0 0 0 1 0 0
340	9	1 1 1 1 0 1 0 0 0 0 0 1 0 0 0 0
340	5	1 1 1 1 1 1 0 0 1 0 1 0 0 0 0 0
340	6	1 1 1 1 0 0 1 0 1 1 1 1 0 1 0 0
340	6	0 1 1 1 0 1 1 0 1 0 0 0 0 0 0 0
340	10	0 1 0 1 0 1 0 0 0 0 0 0 0 0 1 0
340	9	1 1 1 1 0 1 1 1 0 0 0 0 0 0 0 0
340	7	1 1 1 1 0 1 0 0 0 1 1 0 0 0 0 0
340	26	0 1 1 1 1 1 1 1 0 0 0 1 0 0 0 0
340	8	1 1 0 1 0 1 1 1 1 1 1 0 0 0 0 0
340	2	1 1 1 1 0 0 1 1 0 0 0 0 0 0 0 0
340	5	1 1 0 1 0 1 1 1 0 1 0 0 1 1 0 0
340	4	1 1 1 1 0 0 1 0 0 0 1 0 0 0 0 0
340	9	1 1 1 1 0 1 1 0 0 0 0 1 0 0 1 0
340	2	1 1 1 1 1 1 1 0 1 1 1 0 0 0 0 0
340	9	1 1 1 1 0 0 1 0 1 1 0 0 0 0 0 1
340	8	1 1 1 1 0 0 1 0 0 1 0 0 0 0 0 0
340	1	1 1 1 1 1 1 1 1 0 0 0 0 0 0 0 1
340	4	1 1 1 1 0 0 1 0 0 0 0 0 0 0 1 0
340	2	1 1 1 1 0 0 1 0 1 0 0 0 0 1 0 0
340	10	1 1 1 1 1 1 0 0 1 1 1 0 0 0 0 0
340	13	1 1 0 1 0 1 1 1 0 0 0 1 0 0 0 0
340	13	1 1 1 1 0 1 1 0 1 1 1 0 0 0 0 1
340	1	1 1 1 1 0 1 0 0 0 0 1 0 0 1 0 0
340	2	1 0 1 1 1 0 1 0 0 0 1 0 1 0 0 0
340	7	0 1 1 1 0 0 1 0 0 1 0 0 0 0 0 0
340	5	1 0 1 1 1 1 1 1 0 0 0 1 0 0 0 0
340	2	1 0 1 1 1 0 0 1 0 0 0 0 0 0 0 0
340	1	1 1 1 1 1 0 0 0 0 0 1 0 0 0 0 0
340	1	1 1 1 1 1 0 0 1 0 0 1 0 0 0 0 0
340	1	0 1 1 1 0 1 1 0 0 0 0 0 0 0 0 0
340	1	1 1 1 1 0 1 1 0 1 1 0 1 0 0 0 0
340	1	1 1 1 1 0 1 1 1 1 0 1 0 0 0 0 0
340	2	1 1 0 1 0 1 1 1 1 1 0 0 0 0 0 0
340	3	1 1 1 1 0 1 0 0 0 0 1 0 0 0 0 1
340	1	1 1 1 1 0 1 1 1 0 0 1 0 0 0 0 0
340	2	1 1 1 1 0 1 1 0 1 1 1 0 0 0 1 0
340	4	1 1 0 1 0 1 0 0 0 0 1 1 0 0 0 0
340	2	1 1 1 1 0 1 0 1 0 1 0 1 0 0 0 0
340	8	1 1 1 1 0 1 1 0 0 0 1 1 0 0 0 0
340	6	1 1 1 1 0 1 1 0 1 0 0 0 0 0 0 0
340	2	0 1 1 1 0 1 1 0 1 0 0 1 0 0 0 0
340	6	1 1 1 1 0 1 0 0 1 0 1 0 0 0 0 0
340	4	1 1 1 1 0 0 1 0 0 0 0 0 0 1 0 0
340	2	1 1 1 1 0 0 1 0 0 0 0 0 1 0 0 0
340	4	0 1 1 1 0 1 1 1 1 1 1 0 0 0 0 0
340	1	1 1 1 1 0 1 1 0 1 0 0 0 0 0 1 0
340	2	1 1 1 1 0 1 1 0 1 0 1 1 0 1 0 0
340	3	1 1 1 1 0 1 1 0 1 1 0 1 0 1 0 0
340	7	1 1 1 1 0 1 0 0 1 1 1 1 0 1 0 0
340	5	1 1 1 1 1 1 1 0 0 0 1 0 0 0 0 0
340	1	1 1 0 1 0 1 1 0 1 1 0 0 0 0 0 0
340	3	1 1 1 1 0 1 0 0 0 1 1 1 0 0 0 0
340	2	1 1 1 0 0 1 1 0 1 1 1 1 0 0 1 0
340	3	1 1 0 1 1 1 1 1 0 0 0 1 0 0 0 0
340	1	1 0 1 0 1 0 1 0 0 0 1 0 0 0 0 0
340	2	1 1 1 0 0 0 1 0 0 0 0 0 0 0 0 0
340	3	1 1 1 1 1 1 0 0 0 0 1 0 0 0 0 1
340	2	1 1 1 1 0 1 1 0 0 0 0 1 1 0 0 0
340	4	1 1 1 1 0 0 1 0 0 1 1 0 0 0 0 0
340	1	1 1 1 1 1 1 1 1 0 0 0 0 0 0 0 0
340	1	1 1 1 1 0 0 1 0 0 0 0 0 1 1 0 0
340	2	1 1 1 1 1 1 1 0 0 0 0 0 1 0 0 0
340	5	1 1 1 1 0 1 1 1 1 1 0 0 0 0 0 0
340	1	1 1 1 1 1 1 0 0 1 1 1 0 0 0 1 0
340	1	1 1 1 1 0 1 1 1 0 0 1 0 0 0 1 0
340	1	1 1 1 1 1 1 1 1 0 1 0 1 0 0 0 0
340	3	1 1 0 1 1 0 0 1 0 0 0 0 0 0 0 0
340	1	1 1 1 1 1 0 1 0 0 0 0 1 0 0 0 0
340	1	1 1 1 1 0 0 1 0 1 0 0 1 0 1 0 0
340	1	1 1 1 1 0 1 1 1 0 0 0 1 0 0 0 0
340	3	1 1 1 1 0 1 1 0 1 1 0 1 0 0 1 0
350	32	1 1 1 1 0 1 1 0 0 0 0 0 0 0 0 0
350	3	1 1 1 1 0 0 0 0 0 0 0 0 0 0 0 0
350	65	1 1 1 1 0 1 1 0 1 1 1 1 0 0 0 0
350	60	1 1 1 1 0 1 1 0 1 1 1 0 0 0 0 0
350	54	1 1 1 1 0 1 0 0 0 0 1 0 0 0 0 0
350	4	1 1 1 1 1 0 1 0 0 0 1 0 0 0 0 0
350	43	1 1 1 1 1 1 1 1 0 0 0 1 0 0 0 0
350	20	1 1 1 1 1 1 0 0 0 0 1 1 0 0 0 0
350	21	1 0 1 1 1 0 1 0 0 0 1 0 0 0 0 0
350	2	1 1 1 1 0 1 1 0 0 0 0 0 0 0 1 0
350	121	1 1 1 1 0 0 1 0 0 0 0 0 0 0 0 0
350	42	1 1 1 1 1 0 0 1 0 0 0 0 0 0 0 0
350	26	1 1 1 1 0 1 1 0 0 0 1 0 0 0 0 0
350	2	1 1 1 1 0 1 1 0 0 0 0 1 0 0 0 0
350	36	1 1 1 1 1 1 0 0 0 0 1 0 0 0 0 0
350	16	1 1 1 1 0 1 0 0 0 0 0 0 0 0 0 0
350	10	1 1 1 1 0 1 0 0 0 0 1 1 0 0 0 0
350	24	1 1 1 1 0 1 1 0 1 1 0 0 0 0 0 0
350	10	1 1 1 1 0 1 0 0 0 1 0 1 0 0 0 0
350	1	1 1 0 1 0 1 0 1 0 0 1 1 0 0 0 0
350	16	1 1 1 1 0 0 1 0 0 0 0 1 0 0 0 0
350	27	1 1 1 1 0 1 1 1 1 1 1 0 0 0 0 0
350	2	1 1 1 1 0 1 0 0 0 0 0 1 0 0 0 0
350	3	1 1 1 1 0 0 1 0 1 1 1 1 0 1 0 0
350	3	0 1 1 1 0 1 1 0 1 0 0 0 0 0 0 0
350	2	0 1 0 1 0 1 0 0 0 0 0 0 0 0 1 0
350	11	1 1 1 1 0 1 1 1 0 0 0 0 0 0 0 0
350	1	0 1 1 1 1 1 1 1 0 0 0 1 0 0 0 0
350	10	1 1 1 1 0 0 1 0 0 0 1 0 0 0 0 0
350	9	1 1 1 1 0 1 1 0 0 0 0 1 0 0 1 0
350	20	1 1 1 1 1 1 1 0 1 1 1 0 0 0 0 0
350	2	1 1 1 1 0 0 1 0 1 1 0 0 0 0 0 1
350	5	1 1 1 1 0 0 1 0 0 1 0 0 0 0 0 0
350	5	1 1 1 1 1 1 1 1 0 0 0 0 0 0 0 1
350	25	1 1 1 1 0 0 1 0 0 0 0 0 0 0 1 0
350	15	1 1 1 1 0 0 1 0 1 0 0 0 0 1 0 0
350	9	1 1 1 1 1 1 0 0 1 1 1 0 0 0 0 0
350	2	1 1 0 1 0 1 1 1 0 0 0 1 0 0 0 0
350	16	1 1 1 1 0 1 1 0 1 1 1 0 0 0 0 1
350	1	1 0 1 1 1 0 1 0 0 0 1 0 1 0 0 0
350	11	0 1 1 1 0 0 1 0 0 1 0 0 0 0 0 0
350	15	1 0 1 1 1 1 1 1 0 0 0 1 0 0 0 0
350	3	1 1 1 1 0 1 0 1 0 1 0 1 0 0 0 0
350	10	1 1 1 1 0 1 1 0 0 0 1 1 0 0 0 0
350	7	1 1 1 1 0 1 0 0 1 0 1 0 0 0 0 0
350	7	1 1 1 1 0 0 1 0 0 0 0 0 1 0 0 0
350	1	0 1 1 1 0 1 1 1 1 1 1 0 0 0 0 0
350	1	1 1 1 1 0 1 1 0 1 0 0 0 0 0 1 0
350	10	1 1 1 1 0 1 1 0 1 0 1 1 0 1 0 0
350	7	1 1 0 1 1 1 1 1 0 0 0 1 0 0 0 0
350	7	1 1 1 1 0 1 1 1 1 1 0 0 0 0 0 0
350	6	1 1 1 1 0 1 1 1 0 0 1 0 0 0 1 0
350	1	1 1 1 1 1 1 1 1 0 1 0 1 0 0 0 0
350	4	1 1 0 1 1 0 0 1 0 0 0 0 0 0 0 0
350	4	0 1 1 1 1 1 1 0 0 0 0 1 0 0 0 0
350	7	1 1 1 1 0 0 0 0 0 1 0 0 0 0 0 0
350	4	0 1 1 1 1 1 1 1 0 0 1 0 0 0 0 0
350	1	1 1 1 1 0 0 1 0 1 1 0 1 0 1 0 0
350	3	1 1 1 1 0 1 0 0 0 0 1 0 0 0 0 1
350	2	1 1 1 1 1 0 1 0 0 0 0 0 0 0 0 0
350	4	1 1 1 1 0 1 1 0 1 0 1 0 0 0 0 0
350	1	1 1 1 1 1 1 1 0 0 0 1 0 0 0 0 0
350	1	1 1 1 1 0 1 0 1 0 0 0 0 0 0 0 0
350	7	1 1 1 1 0 1 0 0 0 1 0 0 0 0 0 0
350	9	1 0 0 1 1 1 1 1 0 0 0 1 0 0 0 0
350	11	1 1 1 1 0 1 0 0 0 0 0 0 0 0 1 0
350	1	1 1 0 1 0 1 1 0 1 1 1 0 0 0 0 0
350	1	1 1 1 1 0 1 1 0 0 1 1 0 0 0 0 0
350	3	1 1 1 0 1 1 1 1 0 0 0 1 0 0 0 0
350	1	1 1 1 1 0 1 0 0 1 0 0 0 0 0 0 0
350	3	1 1 1 1 0 1 1 0 1 1 1 1 0 1 0 0
350	12	1 1 1 1 1 1 1 1 0 0 0 0 0 0 0 0
350	1	1 1 1 1 1 1 0 0 1 0 1 1 0 0 0 0
350	1	1 0 1 1 1 0 1 0 0 1 1 0 0 0 0 0
350	4	1 1 1 1 0 1 1 1 0 0 0 0 0 0 0 1
350	3	1 1 1 1 1 0 0 0 0 0 1 0 0 0 0 0
350	4	1 1 1 1 0 0 1 0 0 0 1 0 0 0 0 1
350	2	1 1 1 1 1 1 0 0 0 0 0 1 0 0 0 0
350	3	1 1 1 1 1 1 0 0 0 0 1 0 0 1 0 0
350	2	1 1 1 1 0 1 1 1 1 1 1 1 0 0 0 0
350	1	1 1 0 1 0 1 1 1 0 1 0 0 1 1 1 0
350	1	1 1 1 1 0 1 1 1 1 1 0 0 0 0 0 1
350	1	1 1 1 1 1 1 0 0 0 0 0 0 0 0 0 0
350	5	1 1 1 1 0 0 1 0 1 1 1 1 0 0 0 0
350	1	1 1 1 1 0 1 1 0 1 1 1 0 1 0 0 0
350	2	1 1 0 1 0 0 1 0 0 0 0 0 0 0 0 0
350	2	1 1 0 1 0 0 1 0 0 0 0 1 0 0 0 0
350	1	1 1 1 1 0 0 0 0 0 0 1 0 0 0 0 0
350	5	1 1 0 1 0 1 1 0 0 0 0 1 0 0 0 0
350	2	1 1 1 1 0 1 1 0 1 1 1 0 1 0 0 1
350	1	0 1 1 1 0 0 1 0 0 1 0 1 0 0 0 0
350	3	1 1 1 0 0 0 0 0 0 1 0 0 0 0 0 0
350	1	1 1 1 1 0 0 1 1 0 0 0 0 0 0 0 1
350	2	1 1 1 1 0 1 1 0 0 1 0 0 0 0 0 0
350	1	1 1 0 1 0 1 1 0 0 0 0 0 0 0 0 0
350	2	0 1 1 1 0 0 1 0 0 1 0 0 0 0 1 0
350	1	0 1 0 1 0 1 0 0 0 0 0 0 0 0 0 0
350	1	1 1 1 1 1 1 1 0 1 1 1 0 0 0 0 1
350	1	1 1 1 1 0 1 1 0 1 1 1 0 0 1 0 1
350	1	1 1 1 1 0 1 0 1 0 0 0 0 0 0 1 0
350	2	1 0 1 1 1 0 1 0 0 1 1 0 1 0 0 0
350	2	0 1 1 1 0 0 1 0 0 1 0 1 0 0 0 1
360	26	1 1 1 1 0 1 1 0 0 0 0 0 0 0 0 0
360	8	1 1 1 1 0 0 0 0 0 0 0 0 0 0 0 0
360	58	1 1 1 1 0 1 1 0 1 1 1 1 0 0 0 0
360	28	1 1 1 1 0 1 1 0 1 1 1 0 0 0 0 0
360	51	1 1 1 1 0 1 0 0 0 0 1 0 0 0 0 0
360	5	1 1 1 1 1 1 1 1 0 0 0 1 0 0 0 0
360	23	1 1 1 1 1 1 0 0 0 0 1 1 0 0 0 0
360	14	1 0 1 1 1 0 1 0 0 0 1 0 0 0 0 0
360	11	1 1 1 1 0 1 1 0 0 0 0 0 0 0 1 0
360	97	1 1 1 1 0 0 1 0 0 0 0 0 0 0 0 0
360	86	1 1 1 1 1 0 0 1 0 0 0 0 0 0 0 0
360	9	1 1 1 1 0 1 1 0 0 0 1 0 0 0 0 0
360	30	1 1 1 1 1 1 0 0 0 0 1 0 0 0 0 0
360	9	1 1 1 1 0 1 0 0 0 0 0 0 0 0 0 0
360	30	1 1 1 1 0 1 0 0 0 0 1 1 0 0 0 0
360	27	1 1 1 1 0 1 1 0 1 1 0 0 0 0 0 0
360	8	1 1 1 1 0 0 1 0 0 0 0 1 0 0 0 0
360	41	1 1 1 1 0 1 1 1 1 1 1 0 0 0 0 0
360	8	0 1 0 1 0 1 0 0 0 0 0 0 0 0 1 0
360	25	1 1 1 1 0 1 1 1 0 0 0 0 0 0 0 0
360	27	1 1 1 1 0 0 1 0 0 0 1 0 0 0 0 0
360	6	1 1 1 1 0 1 1 0 0 0 0 1 0 0 1 0
360	39	1 1 1 1 1 1 1 0 1 1 1 0 0 0 0 0
360	13	1 1 1 1 0 0 1 0 0 1 0 0 0 0 0 0
360	12	1 1 1 1 1 1 1 1 0 0 0 0 0 0 0 1
360	23	1 1 1 1 0 0 1 0 0 0 0 0 0 0 1 0
360	12	1 1 1 1 0 0 1 0 1 0 0 0 0 1 0 0
360	22	1 1 1 1 1 1 0 0 1 1 1 0 0 0 0 0
360	7	1 1 1 1 0 1 1 0 1 1 1 0 0 0 0 1
360	1	1 0 1 1 1 0 1 0 0 0 1 0 1 0 0 0
360	8	0 1 1 1 0 0 1 0 0 1 0 0 0 0 0 0
360	2	1 1 1 1 0 1 1 0 0 0 1 1 0 0 0 0
360	3	1 1 1 1 0 0 1 0 0 0 0 0 1 0 0 0
360	6	1 1 1 1 0 1 1 0 1 0 1 1 0 1 0 0
360	13	1 1 1 1 0 1 1 1 0 0 1 0 0 0 1 0
360	3	1 1 1 1 1 1 1 1 0 1 0 1 0 0 0 0
360	6	1 1 0 1 1 0 0 1 0 0 0 0 0 0 0 0
360	6	1 1 1 1 0 0 0 0 0 1 0 0 0 0 0 0
360	15	1 1 1 1 0 1 0 0 0 0 0 0 0 0 1 0
360	10	1 1 1 1 1 1 1 1 0 0 0 0 0 0 0 0
360	4	1 1 1 1 1 1 0 0 1 0 1 1 0 0 0 0
360	9	1 1 1 1 1 1 0 0 0 0 0 1 0 0 0 0
360	5	1 1 1 1 0 0 1 0 1 1 1 1 0 0 0 0
360	5	1 1 0 1 0 0 1 0 0 0 0 1 0 0 0 0
360	19	1 1 0 1 0 1 1 0 0 0 0 1 0 0 0 0
360	1	1 1 1 1 0 1 1 0 0 1 0 0 0 0 0 0
360	1	0 1 0 1 0 1 0 0 0 0 0 0 0 0 0 0
360	5	1 0 1 1 1 0 1 0 0 1 1 0 1 0 0 0
360	1	0 1 1 1 0 1 0 0 0 0 1 0 0 0 0 0
360	11	1 1 0 1 1 1 1 0 1 1 1 0 0 0 0 0
360	1	1 1 1 1 1 1 1 0 0 1 1 0 0 0 0 0
360	5	1 1 1 1 1 1 1 1 0 0 0 1 0 0 1 0
360	2	1 0 1 1 0 0 1 0 0 0 1 0 0 0 0 0
360	9	1 1 1 1 0 0 1 0 1 1 0 0 0 0 0 0
360	1	1 1 1 1 1 0 0 0 0 1 0 0 0 0 0 0
360	1	1 0 1 1 0 1 1 1 0 0 0 1 0 0 0 0
360	4	1 1 1 1 1 1 0 1 0 0 1 1 0 0 0 0
360	1	1 1 1 0 0 0 1 0 0 0 0 0 0 0 0 0
360	9	1 1 1 1 1 1 1 0 1 0 0 0 0 0 0 0
360	3	1 1 0 1 0 1 0 0 0 0 0 0 0 0 0 0
360	2	1 1 1 1 0 0 0 0 0 0 1 0 0 0 0 0
360	8	1 0 1 1 0 1 1 0 1 1 1 1 0 0 0 0
360	1	1 1 1 1 0 1 1 0 1 1 1 1 0 1 0 0
360	7	1 1 1 1 0 1 1 0 1 1 0 0 0 0 0 1
360	3	1 1 1 1 0 0 1 0 0 0 1 0 0 1 0 0
360	4	1 1 1 1 1 0 1 0 0 0 0 0 0 0 0 0
360	6	1 1 1 1 0 1 1 0 1 1 1 0 1 0 0 0
360	2	1 1 1 1 0 1 1 0 0 1 1 0 0 0 0 0
360	1	0 1 1 1 1 1 0 0 0 0 1 0 0 0 0 0
360	1	1 1 1 1 1 0 1 0 1 1 1 0 0 0 0 0
360	1	1 1 1 1 1 1 1 1 0 0 0 0 0 0 1 0
360	5	1 1 1 1 1 1 0 0 0 0 0 0 0 0 0 0
360	1	1 1 1 1 0 0 1 0 0 0 1 0 0 0 1 0
360	2	1 1 1 1 0 1 1 0 1 1 1 1 0 0 1 0
360	1	1 1 0 1 0 1 0 0 0 0 1 1 0 0 0 0
360	1	1 1 1 1 1 1 1 0 1 1 0 0 0 0 0 0
360	2	1 1 1 1 0 0 0 1 0 0 0 0 0 0 0 0
360	2	1 1 1 1 0 0 1 0 1 0 0 0 0 0 0 0
360	2	1 0 1 1 1 0 0 1 0 0 0 0 0 0 0 0
360	1	1 1 1 1 0 1 1 1 0 1 1 0 0 0 0 0
360	3	0 1 1 1 1 1 0 0 1 1 1 0 0 0 0 0
360	1	1 1 1 1 0 1 1 0 0 0 1 1 0 0 1 0
360	3	1 0 1 1 1 0 1 0 0 1 1 0 1 0 0 1
360	1	1 1 1 1 0 0 1 0 0 0 1 1 0 0 0 0
360	3	0 1 1 1 0 0 1 0 0 1 1 0 0 0 0 0
360	3	1 1 1 1 0 1 1 0 0 1 1 1 0 0 0 0
360	1	1 1 0 1 1 1 0 0 0 0 1 1 0 0 0 0
360	2	1 1 1 0 0 1 0 0 0 0 1 1 0 0 0 0
360	1	1 1 1 1 0 1 0 0 1 1 1 1 0 0 0 1
360	4	1 1 1 1 0 1 1 0 0 0 1 1 0 0 1 1
370	51	1 1 1 1 0 1 1 0 0 0 0 0 0 0 0 0
370	28	1 1 1 1 0 1 1 0 1 1 1 1 0 0 0 0
370	19	1 1 1 1 0 1 1 0 1 1 1 0 0 0 0 0
370	65	1 1 1 1 0 1 0 0 0 0 1 0 0 0 0 0
370	20	1 1 1 1 1 1 0 0 0 0 1 1 0 0 0 0
370	6	1 0 1 1 1 0 1 0 0 0 1 0 0 0 0 0
370	8	1 1 1 1 0 1 1 0 0 0 0 0 0 0 1 0
370	74	1 1 1 1 0 0 1 0 0 0 0 0 0 0 0 0
370	64	1 1 1 1 1 0 0 1 0 0 0 0 0 0 0 0
370	26	1 1 1 1 1 1 0 0 0 0 1 0 0 0 0 0
370	5	1 1 1 1 0 1 0 0 0 0 0 0 0 0 0 0
370	3	1 1 1 1 0 1 0 0 0 0 1 1 0 0 0 0
370	21	1 1 1 1 0 1 1 0 1 1 0 0 0 0 0 0
370	17	1 1 1 1 0 1 1 1 1 1 1 0 0 0 0 0
370	12	0 1 0 1 0 1 0 0 0 0 0 0 0 0 1 0
370	14	1 1 1 1 0 1 1 1 0 0 0 0 0 0 0 0
370	39	1 1 1 1 0 0 1 0 0 0 1 0 0 0 0 0
370	53	1 1 1 1 1 1 1 0 1 1 1 0 0 0 0 0
370	7	1 1 1 1 0 0 1 0 0 1 0 0 0 0 0 0
370	6	1 1 1 1 1 1 1 1 0 0 0 0 0 0 0 1
370	24	1 1 1 1 0 0 1 0 0 0 0 0 0 0 1 0
370	57	1 1 1 1 1 1 0 0 1 1 1 0 0 0 0 0
370	3	1 1 1 1 0 1 1 0 1 1 1 0 0 0 0 1
370	4	1 1 1 1 0 1 1 1 0 0 1 0 0 0 1 0
370	8	1 1 0 1 1 0 0 1 0 0 0 0 0 0 0 0
370	18	1 1 1 1 0 0 0 0 0 1 0 0 0 0 0 0
370	14	1 1 1 1 0 1 0 0 0 0 0 0 0 0 1 0
370	23	1 1 1 1 1 1 1 1 0 0 0 0 0 0 0 0
370	9	1 1 1 1 1 1 0 0 1 0 1 1 0 0 0 0
370	9	1 1 1 1 0 0 1 0 1 1 1 1 0 0 0 0
370	12	1 1 0 1 0 0 1 0 0 0 0 1 0 0 0 0
370	14	1 1 0 1 0 1 1 0 0 0 0 1 0 0 0 0
370	3	1 0 1 1 1 0 1 0 0 1 1 0 1 0 0 0
370	25	1 1 0 1 1 1 1 0 1 1 1 0 0 0 0 0
370	7	1 0 1 1 0 0 1 0 0 0 1 0 0 0 0 0
370	1	1 1 1 1 0 0 1 0 1 1 0 0 0 0 0 0
370	4	1 1 1 1 1 1 0 1 0 0 1 1 0 0 0 0
370	7	1 1 1 1 1 1 1 0 1 0 0 0 0 0 0 0
370	5	1 0 1 1 0 1 1 0 1 1 1 1 0 0 0 0
370	8	1 1 1 1 0 1 1 0 1 1 0 0 0 0 0 1
370	20	1 1 1 1 0 0 1 0 0 0 1 0 0 1 0 0
370	18	1 1 1 1 0 1 1 0 1 1 1 0 1 0 0 0
370	2	1 1 1 0 0 1 0 0 0 0 1 1 0 0 0 0
370	4	1 1 1 1 0 1 1 1 1 1 1 0 0 0 1 0
370	2	1 1 1 1 1 0 0 1 0 1 0 0 0 0 0 0
370	10	1 1 1 1 0 1 0 1 0 0 1 0 0 0 1 0
370	8	1 0 1 1 1 1 1 0 0 0 1 0 0 0 0 0
370	7	0 1 1 1 0 0 1 0 0 0 0 0 0 0 0 0
370	1	1 1 1 1 0 1 1 1 0 0 0 0 0 0 0 1
370	9	1 1 0 1 0 1 1 0 1 1 1 1 0 1 0 0
370	3	1 1 1 1 0 1 0 0 1 0 1 1 0 0 0 0
370	7	1 1 0 0 0 0 1 0 0 0 0 1 0 0 0 0
370	19	1 1 1 1 0 0 1 0 0 0 1 1 0 0 0 0
370	5	1 1 1 1 0 1 0 0 1 1 1 1 0 0 0 0
370	1	1 1 0 1 0 1 1 1 1 1 1 0 0 0 0 0
370	5	0 1 1 1 1 1 0 0 1 0 1 1 0 0 0 0
370	5	1 1 1 1 1 1 0 0 0 0 1 1 0 1 0 0
370	1	1 1 1 1 0 1 1 0 1 1 0 0 0 1 0 0
370	5	1 1 1 1 1 1 0 0 1 0 0 1 0 0 0 0
370	10	1 1 1 1 0 1 1 0 0 0 0 0 0 1 1 0
370	5	1 1 1 1 0 0 1 0 0 0 0 0 0 1 0 0
370	2	1 1 1 1 0 1 1 0 1 1 1 1 1 0 0 0
370	2	1 1 1 1 1 1 1 0 0 0 0 0 0 0 0 0
370	2	1 1 1 1 0 0 0 1 0 1 0 0 0 0 0 0
370	3	0 1 1 1 0 1 0 0 0 0 1 0 0 0 0 0
370	2	1 0 1 1 0 1 1 1 0 0 1 0 0 0 1 0
370	3	1 1 1 1 1 1 0 1 0 0 0 0 0 0 0 0
370	1	1 1 1 1 1 1 1 0 1 0 0 1 0 0 0 0
370	3	0 0 1 1 1 1 0 0 1 1 1 0 0 0 0 0
370	7	1 1 1 1 1 0 1 0 0 0 0 0 0 1 0 0
370	4	1 1 1 1 1 1 1 0 0 0 1 0 0 0 0 0
370	2	1 1 1 0 0 1 1 1 0 1 0 0 0 0 0 0
370	2	1 1 1 1 1 1 0 0 0 0 0 1 0 0 0 0
370	1	1 1 1 1 1 0 0 1 0 0 0 0 0 0 1 0
370	3	1 1 1 1 1 0 0 1 0 0 0 1 0 0 0 0
370	3	1 1 1 0 1 1 0 0 0 0 1 0 0 0 0 0
370	1	1 1 1 1 0 1 0 0 1 1 0 0 0 0 0 0
370	2	0 1 1 1 0 0 0 0 0 1 0 0 0 0 0 0
370	2	1 1 1 1 0 1 0 0 1 0 1 0 0 0 0 0
370	2	1 1 1 1 1 0 0 1 1 0 0 0 0 0 0 0
370	3	1 1 1 1 0 1 1 0 1 0 0 0 0 0 0 0
370	3	1 1 1 1 0 1 0 0 1 1 1 0 0 0 0 0
370	2	1 1 1 1 0 1 0 0 0 1 0 0 0 0 0 0
370	2	1 1 1 1 1 1 1 1 0 0 0 0 1 0 0 0
370	1	1 1 1 1 0 0 1 0 0 0 1 0 1 1 0 0
370	1	0 1 1 1 0 0 1 0 0 0 0 0 0 0 1 0
370	1	1 1 1 1 1 0 0 0 0 0 1 1 0 1 0 0
380	39	1 1 1 1 0 1 1 0 0 0 0 0 0 0 0 0
380	18	1 1 1 1 0 1 1 0 1 1 1 1 0 0 0 0
380	17	1 1 1 1 0 1 1 0 1 1 1 0 0 0 0 0
380	59	1 1 1 1 0 1 0 0 0 0 1 0 0 0 0 0
380	24	1 1 1 1 1 1 0 0 0 0 1 1 0 0 0 0
380	10	1 1 1 1 0 1 1 0 0 0 0 0 0 0 1 0
380	45	1 1 1 1 0 0 1 0 0 0 0 0 0 0 0 0
380	68	1 1 1 1 1 0 0 1 0 0 0 0 0 0 0 0
380	38	1 1 1 1 1 1 0 0 0 0 1 0 0 0 0 0
380	6	1 1 1 1 0 1 1 0 1 1 0 0 0 0 0 0
380	23	1 1 1 1 0 1 1 1 1 1 1 0 0 0 0 0
380	6	1 1 1 1 0 1 1 1 0 0 0 0 0 0 0 0
380	50	1 1 1 1 0 0 1 0 0 0 1 0 0 0 0 0
380	45	1 1 1 1 1 1 1 0 1 1 1 0 0 0 0 0
380	34	1 1 1 1 1 1 1 1 0 0 0 0 0 0 0 1
380	33	1 1 1 1 0 0 1 0 0 0 0 0 0 0 1 0
380	76	1 1 1 1 1 1 0 0 1 1 1 0 0 0 0 0
380	5	1 1 0 1 1 0 0 1 0 0 0 0 0 0 0 0
380	6	1 1 1 1 0 0 0 0 0 1 0 0 0 0 0 0
380	4	1 1 1 1 0 1 0 0 0 0 0 0 0 0 1 0
380	16	1 1 1 1 1 1 1 1 0 0 0 0 0 0 0 0
380	5	1 1 1 1 1 1 0 0 1 0 1 1 0 0 0 0
380	13	1 1 0 1 0 0 1 0 0 0 0 1 0 0 0 0
380	10	1 1 0 1 0 1 1 0 0 0 0 1 0 0 0 0
380	12	1 1 0 1 1 1 1 0 1 1 1 0 0 0 0 0
380	9	1 1 1 1 0 0 1 0 1 1 0 0 0 0 0 0
380	5	1 1 1 1 1 1 0 1 0 0 1 1 0 0 0 0
380	23	1 1 1 1 1 1 1 0 1 0 0 0 0 0 0 0
380	19	1 1 1 1 0 1 1 0 1 1 0 0 0 0 0 1
380	7	1 1 1 1 0 0 1 0 0 0 1 0 0 1 0 0
380	21	1 1 1 1 0 1 1 0 1 1 1 0 1 0 0 0
380	1	1 1 1 1 0 1 1 1 1 1 1 0 0 0 1 0
380	15	1 1 1 1 1 0 0 1 0 1 0 0 0 0 0 0
380	23	1 1 1 1 0 1 0 1 0 0 1 0 0 0 1 0
380	3	1 1 0 1 0 1 1 0 1 1 1 1 0 1 0 0
380	6	1 1 1 1 0 0 1 0 0 0 1 1 0 0 0 0
380	2	1 1 1 1 0 1 0 0 1 1 1 1 0 0 0 0
380	6	1 1 0 1 0 1 1 1 1 1 1 0 0 0 0 0
380	4	1 1 1 1 1 1 0 0 1 0 0 1 0 0 0 0
380	2	1 1 1 1 0 1 1 0 0 0 0 0 0 1 1 0
380	3	1 1 1 1 0 0 1 0 0 0 0 0 0 1 0 0
380	3	1 1 1 1 1 1 1 0 0 0 0 0 0 0 0 0
380	20	1 1 1 1 0 0 0 1 0 1 0 0 0 0 0 0
380	8	0 1 1 1 0 1 0 0 0 0 1 0 0 0 0 0
380	1	1 0 1 1 0 1 1 1 0 0 1 0 0 0 1 0
380	8	1 1 1 1 1 1 0 1 0 0 0 0 0 0 0 0
380	1	0 0 1 1 1 1 0 0 1 1 1 0 0 0 0 0
380	2	1 1 1 0 0 1 1 1 0 1 0 0 0 0 0 0
380	15	1 1 1 1 1 0 0 1 0 0 0 1 0 0 0 0
380	5	1 1 1 1 0 0 1 0 0 0 0 1 0 0 0 0
380	9	1 1 1 1 0 1 0 1 0 0 1 0 0 0 0 0
380	1	1 0 1 1 1 1 1 0 1 1 1 0 0 0 0 0
380	2	0 1 0 1 0 1 0 0 0 0 0 1 0 0 1 0
380	2	1 1 1 1 1 0 0 1 0 0 1 0 0 0 0 0
380	3	1 0 1 1 1 0 0 1 0 0 0 0 0 0 0 0
380	1	0 1 1 1 0 1 1 0 0 0 0 0 0 0 0 0
380	1	1 1 1 1 0 0 1 0 0 0 0 0 1 0 0 0
380	2	0 1 1 1 0 0 1 0 0 0 0 0 0 1 0 0
380	1	1 1 1 1 1 1 1 0 1 1 1 1 0 0 0 0
380	7	1 1 1 1 1 1 1 0 0 0 1 0 0 0 0 0
380	6	1 1 1 1 1 1 0 0 0 1 1 0 0 0 0 0
380	3	1 1 1 1 1 1 1 1 0 0 0 0 1 0 0 1
380	3	1 1 1 0 1 1 0 0 1 1 1 0 0 0 0 0
380	1	1 1 0 1 1 1 1 1 0 0 0 0 0 0 0 0
380	8	1 1 1 1 0 1 1 0 1 1 1 0 0 0 0 1
380	3	1 1 1 0 0 1 1 0 1 1 1 0 1 0 0 0
380	5	1 0 1 1 0 1 0 0 1 0 1 1 0 0 0 0
380	1	1 1 1 1 0 0 1 0 0 0 1 1 0 0 1 0
380	2	1 1 1 1 0 1 0 0 0 0 1 0 0 0 0 1
380	1	1 0 1 1 0 0 1 0 0 0 0 0 0 0 0 0
380	9	1 1 1 1 1 1 0 0 0 0 1 0 0 0 0 1
380	3	1 1 1 1 1 1 0 1 0 0 1 1 0 1 0 0
380	2	1 1 1 1 1 1 1 0 1 0 0 0 0 0 1 0
380	4	1 1 1 1 0 1 0 0 0 1 1 1 0 0 0 0
380	1	1 1 1 1 0 0 0 0 0 0 1 0 0 0 0 0
380	1	1 1 0 1 0 1 1 0 1 1 1 0 0 0 1 0
380	3	1 1 1 1 0 0 1 0 0 0 1 0 1 0 0 0
380	4	1 1 1 1 1 1 0 1 0 1 1 0 0 0 0 0
380	1	1 1 1 0 0 0 1 0 0 0 0 0 0 0 0 0
380	1	1 1 0 1 1 1 1 0 1 1 1 0 0 0 1 0
380	3	1 1 1 1 0 1 0 0 1 1 1 0 0 0 0 0
380	1	1 1 1 1 1 1 0 0 0 0 1 1 1 0 0 0
380	5	1 1 1 1 1 0 0 0 0 0 0 0 0 0 0 0
380	3	1 1 1 1 0 0 1 0 1 0 1 0 0 0 0 0
380	6	1 0 1 1 0 0 1 0 0 0 1 0 0 0 0 0
380	1	0 1 1 1 0 0 1 0 0 0 1 0 0 0 0 0
380	3	1 1 1 1 0 1 0 1 0 1 0 0 0 0 0 0
380	1	1 1 1 1 1 1 0 0 1 1 1 0 0 0 1 0
380	1	1 1 1 1 1 0 1 0 0 0 0 0 0 0 0 0
380	3	0 1 1 1 1 0 0 1 0 0 0 0 0 0 0 0
380	1	1 1 0 1 0 1 1 0 0 0 0 1 0 0 1 0
380	1	1 1 1 1 1 1 1 0 1 1 0 0 0 0 0 0
380	2	1 1 1 0 0 1 0 1 0 0 1 0 0 0 1 0
380	1	1 1 1 1 0 0 1 1 0 1 0 0 0 0 0 0
380	2	1 1 1 1 0 0 0 1 0 0 0 1 0 0 0 0
380	1	1 1 1 1 0 0 1 0 0 0 0 0 1 0 1 0
390	10	1 1 1 1 0 1 1 0 0 0 0 0 0 0 0 0
390	41	1 1 1 1 0 1 1 0 1 1 1 1 0 0 0 0
390	6	1 1 1 1 0 1 1 0 1 1 1 0 0 0 0 0
390	76	1 1 1 1 0 1 0 0 0 0 1 0 0 0 0 0
390	18	1 1 1 1 1 1 0 0 0 0 1 1 0 0 0 0
390	17	1 1 1 1 0 1 1 0 0 0 0 0 0 0 1 0
390	18	1 1 1 1 0 0 1 0 0 0 0 0 0 0 0 0
390	36	1 1 1 1 1 0 0 1 0 0 0 0 0 0 0 0
390	61	1 1 1 1 1 1 0 0 0 0 1 0 0 0 0 0
390	11	1 1 1 1 0 1 1 0 1 1 0 0 0 0 0 0
390	28	1 1 1 1 0 1 1 1 1 1 1 0 0 0 0 0
390	38	1 1 1 1 0 0 1 0 0 0 1 0 0 0 0 0
390	45	1 1 1 1 1 1 1 0 1 1 1 0 0 0 0 0
390	22	1 1 1 1 1 1 1 1 0 0 0 0 0 0 0 1
390	30	1 1 1 1 0 0 1 0 0 0 0 0 0 0 1 0
390	70	1 1 1 1 1 1 0 0 1 1 1 0 0 0 0 0
390	3	1 1 1 1 0 0 0 0 0 1 0 0 0 0 0 0
390	10	1 1 1 1 0 1 0 0 0 0 0 0 0 0 1 0
390	19	1 1 1 1 1 1 1 1 0 0 0 0 0 0 0 0
390	9	1 1 1 1 1 1 0 0 1 0 1 1 0 0 0 0
390	9	1 1 0 1 0 0 1 0 0 0 0 1 0 0 0 0
390	6	1 1 1 1 0 0 1 0 1 1 0 0 0 0 0 0
390	31	1 1 1 1 1 1 1 0 1 0 0 0 0 0 0 0
390	7	1 1 1 1 0 1 1 0 1 1 0 0 0 0 0 1
390	24	1 1 1 1 0 1 1 0 1 1 1 0 1 0 0 0
390	7	1 1 1 1 0 1 1 1 1 1 1 0 0 0 1 0
390	19	1 1 1 1 1 0 0 1 0 1 0 0 0 0 0 0
390	9	1 1 1 1 0 1 0 1 0 0 1 0 0 0 1 0
390	3	1 1 1 1 1 1 0 0 1 0 0 1 0 0 0 0
390	15	1 1 1 1 1 1 1 0 0 0 0 0 0 0 0 0
390	8	1 1 1 1 0 0 0 1 0 1 0 0 0 0 0 0
390	8	0 1 1 1 0 1 0 0 0 0 1 0 0 0 0 0
390	19	1 1 1 1 1 1 0 1 0 0 0 0 0 0 0 0
390	13	1 1 1 1 1 0 0 1 0 0 0 1 0 0 0 0
390	13	1 1 1 1 0 1 0 1 0 0 1 0 0 0 0 0
390	7	1 0 1 1 1 1 1 0 1 1 1 0 0 0 0 0
390	7	0 1 0 1 0 1 0 0 0 0 0 1 0 0 1 0
390	6	1 1 1 1 1 0 0 1 0 0 1 0 0 0 0 0
390	6	1 0 1 1 1 0 0 1 0 0 0 0 0 0 0 0
390	2	1 1 1 1 1 1 1 0 1 1 1 1 0 0 0 0
390	3	1 1 1 1 1 1 1 0 0 0 1 0 0 0 0 0
390	12	1 1 1 1 1 1 0 0 0 1 1 0 0 0 0 0
390	19	1 1 1 1 1 1 0 0 0 0 1 0 0 0 0 1
390	4	1 1 1 1 1 1 0 1 0 0 1 1 0 1 0 0
390	10	1 1 1 1 0 1 0 0 0 1 1 1 0 0 0 0
390	4	1 1 1 1 0 0 1 0 1 0 1 0 0 0 0 0
390	4	1 1 1 1 0 0 0 1 0 0 0 1 0 0 0 0
390	10	0 1 1 1 0 1 0 0 1 1 1 0 0 0 0 0
390	5	1 1 1 1 0 1 1 0 0 1 0 0 0 0 0 0
390	5	1 1 0 1 0 1 1 0 1 1 1 1 0 1 0 1
390	5	0 1 1 1 0 1 0 0 0 0 1 0 0 0 0 1
390	3	1 1 1 1 0 1 1 1 0 0 1 1 0 0 0 0
390	15	1 1 1 1 1 1 0 0 1 1 1 0 0 0 0 1
390	2	1 1 1 1 0 1 1 0 0 0 1 0 0 0 0 0
390	7	0 1 1 1 0 0 1 0 0 0 1 0 0 0 0 0
390	4	1 1 1 0 0 1 1 0 1 1 1 1 0 0 0 0
390	2	1 1 1 1 1 1 1 0 0 1 1 0 0 0 0 0
390	5	1 1 1 1 0 0 1 0 0 0 0 0 0 0 0 1
390	2	0 1 0 1 1 1 1 1 0 0 0 0 0 0 0 0
390	4	1 0 1 1 0 1 1 0 0 0 0 0 0 0 0 0
390	2	0 1 1 1 0 1 0 0 1 0 1 0 0 0 0 0
390	1	1 1 1 1 0 1 1 0 0 0 0 1 0 0 0 0
390	4	1 1 0 1 0 0 1 1 1 1 1 1 0 1 0 0
390	8	1 1 1 1 0 1 0 0 0 1 1 0 0 0 0 0
390	3	1 1 1 1 1 0 1 0 0 0 1 0 0 0 0 0
390	5	1 1 1 1 0 1 1 1 0 0 1 0 0 0 0 0
390	2	1 1 1 0 1 1 0 0 0 0 1 1 0 0 0 0
390	3	1 1 1 1 0 1 1 0 1 1 0 0 1 0 0 1
390	6	1 1 1 1 1 0 0 0 0 0 0 0 0 0 1 0
390	1	1 1 1 1 1 1 1 1 1 0 0 0 0 0 0 0
390	2	1 1 1 1 0 0 1 0 1 1 1 0 1 0 0 0
390	5	1 1 1 1 0 1 0 0 0 1 1 1 1 0 0 0
390	1	1 1 1 1 1 1 1 1 1 1 0 0 0 0 0 0
390	7	1 1 1 1 0 0 0 0 0 0 1 0 0 0 0 0
390	4	1 1 1 1 0 1 1 0 0 1 0 0 0 0 1 0
390	2	1 1 1 1 1 0 0 0 0 0 1 0 0 0 0 0
390	1	1 0 1 1 1 1 1 1 0 0 0 0 0 0 0 0
390	1	1 1 1 1 0 1 0 0 1 1 1 0 0 0 0 0
390	1	0 1 1 1 0 0 1 0 0 0 0 0 0 0 1 0
390	1	1 1 1 1 1 1 1 0 1 1 0 0 0 0 0 0
390	1	1 1 1 1 0 0 0 1 0 1 0 0 0 0 0 1
390	1	1 1 1 1 1 1 0 1 0 0 0 0 1 0 0 0
390	1	1 1 1 1 1 1 1 0 1 0 1 1 0 0 0 0
390	1	1 1 1 1 0 0 0 1 0 0 0 0 0 0 0 0
390	2	1 1 1 1 0 0 0 1 0 0 1 0 0 0 0 0
390	1	1 1 1 1 1 1 0 0 1 1 1 1 0 0 0 0
390	2	0 1 1 1 1 1 0 0 1 1 1 0 0 0 0 0
390	1	1 1 1 1 1 1 0 1 0 1 1 0 0 0 0 0
390	1	1 1 1 1 1 1 0 1 0 0 0 0 0 0 1 0
390	3	1 1 1 1 1 1 1 0 0 1 1 1 0 0 0 0
390	1	0 1 1 1 0 1 1 0 0 0 0 0 0 0 0 0
390	1	1 0 1 1 0 1 1 0 1 1 1 0 0 0 0 0
390	1	1 1 1 1 0 1 0 0 1 0 1 0 0 0 0 0
390	1	1 1 1 0 1 0 0 1 0 0 0 0 0 0 0 0
390	3	0 1 1 1 1 1 0 0 0 0 1 0 0 0 0 0
390	1	1 1 1 1 0 1 1 1 1 1 1 0 1 0 0 0
390	1	1 1 1 1 0 0 1 0 0 0 1 0 0 0 1 0
390	1	1 1 1 1 0 0 0 0 0 0 0 0 0 0 1 0
390	2	1 0 1 1 1 1 0 0 1 1 1 0 0 0 0 0
390	1	1 1 1 1 1 1 0 1 0 1 0 0 0 0 0 0
390	1	0 1 1 1 1 1 1 0 1 1 1 1 0 0 0 0
400	19	1 1 1 1 0 1 1 0 0 0 0 0 0 0 0 0
400	20	1 1 1 1 0 1 1 0 1 1 1 1 0 0 0 0
400	2	1 1 1 1 0 1 1 0 1 1 1 0 0 0 0 0
400	88	1 1 1 1 0 1 0 0 0 0 1 0 0 0 0 0
400	18	1 1 1 1 1 1 0 0 0 0 1 1 0 0 0 0
400	4	1 1 1 1 0 1 1 0 0 0 0 0 0 0 1 0
400	9	1 1 1 1 1 0 0 1 0 0 0 0 0 0 0 0
400	75	1 1 1 1 1 1 0 0 0 0 1 0 0 0 0 0
400	10	1 1 1 1 0 1 1 0 1 1 0 0 0 0 0 0
400	6	1 1 1 1 0 1 1 1 1 1 1 0 0 0 0 0
400	7	1 1 1 1 0 0 1 0 0 0 1 0 0 0 0 0
400	44	1 1 1 1 1 1 1 0 1 1 1 0 0 0 0 0
400	3	1 1 1 1 1 1 1 1 0 0 0 0 0 0 0 1
400	18	1 1 1 1 0 0 1 0 0 0 0 0 0 0 1 0
400	140	1 1 1 1 1 1 0 0 1 1 1 0 0 0 0 0
400	5	1 1 1 1 0 1 0 0 0 0 0 0 0 0 1 0
400	12	1 1 1 1 1 1 1 1 0 0 0 0 0 0 0 0
400	11	1 1 1 1 1 1 0 0 1 0 1 1 0 0 0 0
400	6	1 1 0 1 0 0 1 0 0 0 0 1 0 0 0 0
400	36	1 1 1 1 1 1 1 0 1 0 0 0 0 0 0 0
400	4	1 1 1 1 0 1 1 0 1 1 0 0 0 0 0 1
400	1	1 1 1 1 0 1 1 0 1 1 1 0 1 0 0 0
400	11	1 1 1 1 0 1 1 1 1 1 1 0 0 0 1 0
400	13	1 1 1 1 1 0 0 1 0 1 0 0 0 0 0 0
400	15	1 1 1 1 0 1 0 1 0 0 1 0 0 0 1 0
400	11	1 1 1 1 1 1 0 0 1 0 0 1 0 0 0 0
400	13	1 1 1 1 1 1 1 0 0 0 0 0 0 0 0 0
400	5	1 1 1 1 0 0 0 1 0 1 0 0 0 0 0 0
400	12	1 1 1 1 1 1 0 1 0 0 0 0 0 0 0 0
400	1	1 1 1 1 1 0 0 1 0 0 0 1 0 0 0 0
400	3	1 1 1 1 0 1 0 1 0 0 1 0 0 0 0 0
400	5	1 0 1 1 1 1 1 0 1 1 1 0 0 0 0 0
400	8	0 1 0 1 0 1 0 0 0 0 0 1 0 0 1 0
400	17	1 1 1 1 1 0 0 1 0 0 1 0 0 0 0 0
400	11	1 1 1 1 1 1 1 0 0 0 1 0 0 0 0 0
400	15	1 1 1 1 1 1 0 0 0 1 1 0 0 0 0 0
400	15	1 1 1 1 1 1 0 0 0 0 1 0 0 0 0 1
400	28	1 1 1 1 0 1 0 0 0 1 1 1 0 0 0 0
400	2	1 1 1 1 0 0 0 1 0 0 0 1 0 0 0 0
400	5	0 1 1 1 0 1 0 0 1 1 1 0 0 0 0 0
400	1	1 1 1 1 0 1 1 0 0 1 0 0 0 0 0 0
400	1	1 1 1 1 0 1 1 1 0 0 1 1 0 0 0 0
400	19	1 1 1 1 1 1 0 0 1 1 1 0 0 0 0 1
400	6	0 1 1 1 0 0 1 0 0 0 1 0 0 0 0 0
400	1	1 0 1 1 0 1 1 0 0 0 0 0 0 0 0 0
400	2	1 1 1 1 0 1 1 0 0 0 0 1 0 0 0 0
400	6	1 1 1 1 0 1 0 0 0 1 1 0 0 0 0 0
400	10	1 1 1 1 0 1 1 1 0 0 1 0 0 0 0 0
400	2	1 1 1 1 0 1 1 0 1 1 0 0 1 0 0 1
400	5	1 1 1 1 0 1 0 0 0 1 1 1 1 0 0 0
400	3	1 1 1 1 0 0 0 0 0 0 1 0 0 0 0 0
400	3	1 0 1 1 1 1 1 1 0 0 0 0 0 0 0 0
400	2	1 1 1 1 1 1 1 0 1 1 0 0 0 0 0 0
400	1	0 1 1 1 1 1 0 0 1 1 1 0 0 0 0 0
400	1	1 1 1 1 1 1 0 1 0 1 1 0 0 0 0 0
400	6	1 1 1 1 0 1 0 0 1 0 1 0 0 0 0 0
400	2	0 1 1 1 1 1 0 0 0 0 1 0 0 0 0 0
400	2	1 1 1 1 0 0 1 0 0 0 1 0 0 0 1 0
400	8	1 1 1 1 0 0 0 0 0 0 0 0 0 0 1 0
400	7	1 1 1 1 1 1 1 0 1 1 1 0 0 0 0 1
400	4	1 1 1 1 1 1 1 1 0 0 0 1 0 0 0 1
400	2	0 1 1 1 1 1 0 0 0 0 1 0 0 0 0 1
400	3	0 1 1 1 0 1 1 0 0 1 0 0 0 0 1 0
400	7	1 1 1 1 1 1 0 0 0 0 0 0 0 0 0 0
400	1	0 1 1 1 0 1 1 0 1 1 0 0 0 0 0 0
400	3	0 1 1 1 0 1 0 0 0 0 0 1 0 0 1 0
400	14	1 1 1 0 0 1 1 1 0 0 1 0 0 0 0 0
400	12	1 1 1 1 1 1 0 1 0 1 1 1 0 0 0 0
400	11	1 1 1 1 0 1 0 0 0 0 1 0 0 1 0 0
400	2	1 1 0 1 1 1 1 0 1 0 0 0 0 0 0 0
400	3	1 1 1 1 0 1 0 0 1 1 1 0 0 0 0 1
400	8	1 1 1 1 1 1 1 0 1 1 1 0 1 0 0 0
400	6	1 1 1 1 1 1 1 0 1 1 1 0 0 0 1 0
400	10	1 1 1 1 1 1 1 1 1 0 0 0 0 0 0 0
400	13	1 1 0 1 1 1 0 0 1 1 1 0 0 0 0 0
400	1	1 1 1 1 0 0 1 0 1 0 1 0 0 0 1 0
400	4	1 1 1 0 1 1 0 0 1 1 1 0 0 0 0 1
400	2	0 1 0 1 0 1 0 0 1 1 1 0 0 0 0 0
400	2	0 1 1 1 0 1 0 0 1 1 1 1 0 0 0 0
400	5	1 1 1 1 0 0 1 0 1 1 1 1 0 0 0 0
400	4	1 0 1 1 0 1 1 1 1 1 1 0 0 0 0 0
400	2	1 1 1 1 1 0 0 1 0 1 0 0 0 0 0 1
400	4	1 1 1 1 0 0 1 0 0 1 1 0 0 0 0 0
400	3	1 1 1 1 0 0 0 1 0 0 0 0 0 1 0 0
400	2	0 1 1 1 0 1 1 1 1 1 1 0 0 0 0 0
400	3	1 1 0 1 0 1 1 0 1 1 0 0 0 0 0 0
400	3	0 1 1 1 1 1 1 0 0 0 0 0 0 0 0 0
400	1	0 1 1 1 0 0 1 0 0 0 1 0 1 0 0 0
400	2	0 1 0 1 0 1 0 0 0 0 0 1 0 0 0 0
400	1	1 1 1 1 0 1 1 0 1 1 1 1 1 0 0 0
400	3	1 1 1 1 1 0 0 1 0 0 0 0 0 0 1 0
400	1	1 1 1 1 0 1 1 1 1 0 1 0 0 0 0 0
400	2	1 1 1 1 1 1 1 0 1 0 0 0 0 0 1 0
400	3	0 1 0 0 0 1 0 0 0 0 0 1 0 0 1 0
400	1	1 1 1 1 0 1 0 1 0 1 1 1 0 0 0 0
400	1	1 1 1 1 1 0 1 0 1 1 1 0 1 0 0 0
400	4	1 1 1 1 0 1 0 0 0 0 1 0 0 0 0 1
400	5	1 0 1 1 0 1 1 0 1 0 0 0 0 0 0 0
400	1	1 1 1 1 0 1 1 0 0 0 0 1 0 0 1 0
400	3	1 0 1 1 0 1 1 1 0 0 0 0 0 0 0 0
400	3	1 1 1 1 1 1 1 0 0 1 1 0 1 0 0 0
400	1	1 1 1 1 0 1 1 0 1 1 1 0 0 0 1 0
400	2	1 1 1 1 0 1 1 0 0 1 1 0 0 0 0 0
400	1	1 1 1 1 1 1 0 0 0 0 1 1 0 0 1 0
400	1	1 1 1 1 0 1 1 0 0 0 1 0 0 0 0 0
400	1	1 0 1 1 0 1 0 0 0 0 1 0 0 0 0 0
400	3	1 1 1 1 1 0 0 1 0 0 0 0 0 1 0 0
400	1	1 1 1 0 1 1 0 0 0 0 1 0 0 0 0 0
400	1	1 1 1 1 0 0 1 0 0 0 0 1 0 0 0 0
400	1	1 1 1 1 0 1 1 0 1 0 0 0 0 0 0 0
400	2	1 1 1 1 1 1 0 0 1 0 0 0 0 0 0 0
400	2	1 1 1 1 1 1 0 0 0 0 1 1 0 0 0 1
400	1	0 1 1 1 0 1 0 0 0 1 1 0 0 0 0 0
400	2	1 1 0 1 0 1 0 0 1 0 1 0 0 0 0 0
