0	250	0 0 0 1 0 0 0 0 1 0 0 0 1 0 0 1
0	250	0 0 0 0 0 0 1 0 0 0 0 0 0 0 1 0
0	250	0 0 0 0 0 1 0 0 0 0 0 0 0 0 0 0
0	250	0 1 0 0 0 0 1 0 0 0 0 0 0 0 1 0
10	192	0 0 0 1 0 0 0 0 1 0 0 0 1 0 0 1
10	254	0 0 0 0 0 0 1 0 0 0 0 0 0 0 1 0
10	50	0 0 0 0 0 1 0 0 0 0 0 0 0 0 0 0
10	263	0 1 0 0 0 0 1 0 0 0 0 0 0 0 1 0
10	53	0 1 0 0 0 0 1 0 0 0 0 0 0 0 0 0
10	8	0 1 0 0 0 0 1 0 0 0 0 0 1 0 0 1
10	7	0 0 0 1 0 0 0 0 1 0 0 1 1 0 0 1
10	22	0 0 0 1 0 0 0 0 1 1 0 0 1 0 0 1
10	2	0 0 0 0 0 1 0 0 0 0 0 1 0 0 0 0
10	7	0 0 0 0 0 1 0 0 0 0 0 0 0 0 1 0
10	14	0 1 0 0 0 0 1 0 1 0 0 0 1 0 0 1
10	11	0 1 0 1 0 0 0 0 1 0 0 0 1 0 0 1
10	1	0 0 0 1 1 0 0 0 1 0 0 0 1 0 0 1
10	8	1 0 0 0 0 0 1 0 0 0 0 0 0 0 1 0
10	10	0 1 1 0 0 0 1 0 0 0 0 0 0 0 1 0
10	2	0 0 0 1 0 0 0 0 0 0 0 0 0 0 1 0
10	1	0 0 0 0 0 0 1 0 1 0 0 0 0 0 1 0
10	5	0 1 0 0 1 0 1 0 0 0 0 0 0 0 1 0
10	8	0 0 0 0 0 0 1 0 0 0 0 0 1 0 0 1
10	8	0 0 0 1 0 0 1 0 0 0 0 0 0 0 1 0
10	1	0 0 0 1 0 0 0 0 1 0 0 0 1 0 0 0
10	2	0 0 0 0 0 0 0 0 1 0 0 0 1 0 0 1
10	4	0 0 0 0 1 0 1 0 0 0 0 0 0 0 1 0
10	8	0 0 0 0 0 0 1 0 0 0 0 0 1 0 1 0
10	3	0 0 0 1 0 0 0 1 1 0 0 1 1 0 0 1
10	4	0 0 0 1 0 0 1 0 1 0 0 1 1 0 0 1
10	3	0 0 1 0 0 0 1 0 0 0 0 0 0 0 1 0
10	11	0 1 0 0 0 1 0 0 0 0 0 0 0 0 0 0
10	2	0 0 1 1 0 0 0 0 1 0 0 0 1 0 0 1
10	1	0 0 0 0 0 1 0 1 0 0 0 0 0 0 0 0
10	2	0 0 0 1 0 0 0 0 1 1 0 0 0 0 0 1
10	1	0 0 0 1 0 0 0 0 1 0 0 0 0 0 1 0
10	2	0 0 0 0 0 0 0 0 0 0 0 0 0 0 1 0
10	2	0 1 0 0 0 0 1 0 0 0 0 1 0 0 1 0
10	6	0 1 0 0 0 0 1 0 0 0 0 0 0 1 1 0
10	2	0 1 0 1 0 0 1 0 0 0 0 0 0 0 1 0
10	2	1 1 0 0 0 0 1 0 0 0 0 0 0 0 1 0
10	3	1 0 0 0 0 0 1 0 0 0 0 1 0 0 1 0
10	1	0 1 1 0 0 0 1 0 1 0 0 0 0 0 1 0
10	1	0 0 0 0 0 0 1 0 1 0 0 1 0 0 1 0
10	2	1 0 0 0 0 0 0 0 1 0 0 0 1 0 0 1
10	1	0 1 0 0 0 0 1 0 0 0 0 0 0 0 1 1
10	1	0 1 0 0 0 0 1 0 0 0 0 0 0 0 0 1
10	2	0 0 0 1 0 0 0 0 1 0 0 0 1 0 1 1
10	3	0 0 0 0 0 1 1 0 0 0 0 0 0 0 1 0
10	2	0 0 0 0 0 0 1 0 0 0 0 0 0 1 1 0
10	2	0 0 0 1 0 0 0 0 1 1 0 0 1 0 1 1
20	84	0 0 0 1 0 0 0 0 1 0 0 0 1 0 0 1
20	222	0 0 0 0 0 0 1 0 0 0 0 0 0 0 1 0
20	12	0 0 0 0 0 1 0 0 0 0 0 0 0 0 0 0
20	305	0 1 0 0 0 0 1 0 0 0 0 0 0 0 1 0
20	58	0 1 0 0 0 0 1 0 0 0 0 0 0 0 0 0
20	24	0 1 0 0 0 0 1 0 0 0 0 0 1 0 0 1
20	23	0 0 0 1 0 0 0 0 1 1 0 0 1 0 0 1
20	6	0 0 0 0 0 1 0 0 0 0 0 1 0 0 0 0
20	3	0 0 0 0 0 1 0 0 0 0 0 0 0 0 1 0
20	2	0 1 0 0 0 0 1 0 1 0 0 0 1 0 0 1
20	46	0 1 0 1 0 0 0 0 1 0 0 0 1 0 0 1
20	22	1 0 0 0 0 0 1 0 0 0 0 0 0 0 1 0
20	7	0 1 1 0 0 0 1 0 0 0 0 0 0 0 1 0
20	5	0 0 0 0 0 0 1 0 1 0 0 0 0 0 1 0
20	2	0 1 0 0 1 0 1 0 0 0 0 0 0 0 1 0
20	5	0 0 0 0 0 0 1 0 0 0 0 0 1 0 0 1
20	7	0 0 0 1 0 0 1 0 0 0 0 0 0 0 1 0
20	13	0 0 0 0 0 0 0 0 1 0 0 0 1 0 0 1
20	3	0 0 0 0 1 0 1 0 0 0 0 0 0 0 1 0
20	8	0 0 0 0 0 0 1 0 0 0 0 0 1 0 1 0
20	6	0 0 0 1 0 0 0 0 1 1 0 0 0 0 0 1
20	6	0 1 0 0 0 0 1 0 0 0 0 0 0 1 1 0
20	9	0 1 0 1 0 0 1 0 0 0 0 0 0 0 1 0
20	3	1 1 0 0 0 0 1 0 0 0 0 0 0 0 1 0
20	1	1 0 0 0 0 0 1 0 0 0 0 1 0 0 1 0
20	2	0 1 1 0 0 0 1 0 1 0 0 0 0 0 1 0
20	3	1 0 0 1 0 0 0 0 1 0 0 0 1 0 0 1
20	1	0 1 0 1 0 0 0 0 1 0 0 1 1 0 0 1
20	7	0 1 0 0 0 0 1 0 0 0 0 0 0 0 1 1
20	3	0 1 0 0 0 0 1 0 1 0 0 0 0 0 0 0
20	2	0 0 0 1 0 0 0 0 0 0 0 0 0 0 1 0
20	5	0 0 0 0 0 1 0 0 0 0 0 0 1 0 0 1
20	17	1 0 0 0 1 0 1 0 0 0 0 1 0 0 1 0
20	2	0 0 0 0 0 0 1 0 0 0 0 1 0 0 1 0
20	1	0 0 0 0 0 1 0 0 0 0 0 0 0 0 0 1
20	3	1 0 1 0 0 0 1 0 0 0 0 1 0 0 1 0
20	2	0 1 0 0 0 0 0 0 1 0 0 0 1 0 0 1
20	7	1 0 0 1 0 0 0 0 0 0 0 0 0 0 1 0
20	9	0 0 0 0 0 1 1 0 0 0 0 0 0 0 1 0
20	4	0 1 0 0 0 0 1 0 0 1 0 0 0 0 1 0
20	4	0 1 0 0 0 1 1 0 0 0 0 0 0 0 1 0
20	1	0 0 0 0 0 0 1 0 1 0 0 0 1 0 0 1
20	3	0 0 0 1 0 0 0 0 1 0 1 0 1 0 0 1
20	4	0 1 0 0 0 0 0 0 0 0 0 0 0 0 1 0
20	2	0 0 0 1 0 0 0 0 1 0 1 1 1 0 0 1
20	2	0 1 1 0 0 0 1 0 0 0 0 0 0 1 1 0
20	2	0 0 1 0 0 0 1 0 0 0 0 1 0 0 1 0
20	6	0 0 0 0 0 0 1 0 0 1 0 0 0 0 1 0
20	1	0 1 0 0 0 0 1 0 1 0 0 0 0 0 1 0
20	4	0 1 0 0 0 0 1 0 0 0 0 1 0 0 0 0
20	2	0 0 0 1 0 0 1 0 0 0 0 0 1 0 0 1
20	4	0 0 0 1 0 1 0 0 1 0 0 0 1 0 0 1
20	1	0 1 0 0 1 0 1 0 0 0 0 0 0 0 0 0
20	1	0 1 0 1 0 0 0 0 0 0 0 0 1 0 0 1
20	3	0 0 0 1 0 0 0 0 1 0 0 0 1 0 1 0
20	2	0 0 0 0 0 0 1 0 0 0 0 0 0 1 1 0
20	1	0 0 0 0 0 0 1 0 0 0 0 0 0 0 1 1
20	2	0 1 0 0 0 0 1 0 0 0 1 0 1 0 0 1
20	1	0 0 0 1 0 0 0 0 1 0 0 0 1 1 0 1
20	2	0 0 0 0 0 1 1 0 1 0 0 0 0 0 1 0
20	2	0 0 0 0 0 0 1 0 1 0 1 0 1 0 1 0
30	59	0 0 0 1 0 0 0 0 1 0 0 0 1 0 0 1
30	193	0 0 0 0 0 0 1 0 0 0 0 0 0 0 1 0
30	263	0 1 0 0 0 0 1 0 0 0 0 0 0 0 1 0
30	51	0 1 0 0 0 0 1 0 0 0 0 0 0 0 0 0
30	26	0 1 0 0 0 0 1 0 0 0 0 0 1 0 0 1
30	11	0 0 0 1 0 0 0 0 1 1 0 0 1 0 0 1
30	37	0 1 0 1 0 0 0 0 1 0 0 0 1 0 0 1
30	11	1 0 0 0 0 0 1 0 0 0 0 0 0 0 1 0
30	21	0 1 1 0 0 0 1 0 0 0 0 0 0 0 1 0
30	9	0 0 0 0 0 0 1 0 1 0 0 0 0 0 1 0
30	26	0 0 0 1 0 0 1 0 0 0 0 0 0 0 1 0
30	2	0 0 0 0 0 0 0 0 1 0 0 0 1 0 0 1
30	2	0 0 0 0 1 0 1 0 0 0 0 0 0 0 1 0
30	1	0 0 0 1 0 0 0 0 1 1 0 0 0 0 0 1
30	12	0 1 0 1 0 0 1 0 0 0 0 0 0 0 1 0
30	10	1 1 0 0 0 0 1 0 0 0 0 0 0 0 1 0
30	11	1 0 0 1 0 0 0 0 1 0 0 0 1 0 0 1
30	18	0 1 0 0 0 0 1 0 0 0 0 0 0 0 1 1
30	16	0 1 0 0 0 0 1 0 1 0 0 0 0 0 0 0
30	8	0 0 0 0 0 1 0 0 0 0 0 0 1 0 0 1
30	23	1 0 0 0 1 0 1 0 0 0 0 1 0 0 1 0
30	3	0 1 0 0 0 0 0 0 1 0 0 0 1 0 0 1
30	7	1 0 0 1 0 0 0 0 0 0 0 0 0 0 1 0
30	13	0 0 0 0 0 1 1 0 0 0 0 0 0 0 1 0
30	17	0 1 0 0 0 1 1 0 0 0 0 0 0 0 1 0
30	4	0 1 1 0 0 0 1 0 0 0 0 0 0 1 1 0
30	7	0 1 0 0 0 0 1 0 0 0 0 1 0 0 0 0
30	6	0 0 0 1 0 1 0 0 1 0 0 0 1 0 0 1
30	6	0 0 0 1 0 0 0 0 1 0 0 0 1 0 1 0
30	11	0 0 0 0 0 0 1 0 0 0 0 0 0 0 1 1
30	2	0 0 0 0 0 0 1 0 1 0 1 0 1 0 1 0
30	8	0 0 0 0 0 0 1 0 0 0 0 0 0 0 0 0
30	4	0 1 0 0 0 0 1 1 0 0 0 0 0 0 1 0
30	5	0 0 0 0 0 0 1 0 0 0 0 0 0 0 0 1
30	8	0 0 0 0 0 0 0 0 0 0 0 0 0 0 1 0
30	2	0 1 0 0 1 0 1 0 0 0 0 0 0 0 1 0
30	5	0 0 1 0 0 0 1 0 0 0 0 0 0 0 1 0
30	10	0 1 0 0 0 0 1 1 0 0 0 0 0 0 0 0
30	1	0 1 0 0 0 1 1 0 0 0 0 0 0 0 1 1
30	9	0 1 0 0 0 0 1 0 0 0 1 0 0 0 1 0
30	5	1 1 0 1 0 0 0 0 1 0 0 0 1 0 0 1
30	1	0 1 0 0 1 0 1 0 0 0 0 0 0 0 0 0
30	5	1 0 0 0 0 0 1 0 0 0 1 0 0 0 1 0
30	5	0 0 0 0 0 0 1 0 1 0 0 0 0 0 0 0
30	2	0 0 0 1 0 0 1 0 0 0 0 0 0 0 0 1
30	2	0 1 0 0 0 0 1 0 0 0 0 0 0 1 1 0
30	10	0 0 0 1 0 0 1 0 0 0 0 0 0 0 0 0
30	2	0 0 0 0 0 0 1 0 0 0 0 0 0 1 1 0
30	1	1 1 0 0 0 0 1 0 0 0 0 0 0 0 0 0
30	2	0 1 0 0 0 0 1 0 1 0 0 0 0 0 1 0
30	2	0 0 0 0 0 1 0 0 0 0 0 0 0 0 1 1
30	1	0 0 0 1 0 1 0 0 1 0 0 0 1 0 1 0
30	3	0 1 0 0 0 0 0 0 0 0 0 0 0 0 1 0
30	2	1 0 0 1 0 0 0 0 1 0 0 1 1 0 0 1
30	7	0 1 1 0 0 0 1 0 0 0 0 0 0 0 1 1
30	1	0 1 0 1 0 0 1 0 0 0 1 0 0 0 1 0
30	3	0 0 0 0 0 0 1 0 0 0 1 0 0 0 1 0
30	1	1 0 0 0 0 0 0 0 0 0 0 0 0 0 1 0
30	1	0 0 0 0 0 0 1 0 0 0 0 0 1 0 1 0
30	1	0 0 0 0 0 0 1 0 0 0 0 1 0 0 1 0
30	1	0 1 0 0 0 0 1 0 0 0 1 0 1 0 0 1
30	1	0 1 0 1 1 0 0 0 1 0 0 0 1 0 0 1
30	2	1 0 0 0 0 0 1 0 0 0 0 0 0 0 0 0
30	1	0 0 0 1 1 0 1 0 0 0 0 0 0 0 0 0
40	55	0 0 0 1 0 0 0 0 1 0 0 0 1 0 0 1
40	213	0 0 0 0 0 0 1 0 0 0 0 0 0 0 1 0
40	174	0 1 0 0 0 0 1 0 0 0 0 0 0 0 1 0
40	51	0 1 0 0 0 0 1 0 0 0 0 0 0 0 0 0
40	14	0 1 0 0 0 0 1 0 0 0 0 0 1 0 0 1
40	9	0 0 0 1 0 0 0 0 1 1 0 0 1 0 0 1
40	43	0 1 0 1 0 0 0 0 1 0 0 0 1 0 0 1
40	26	1 0 0 0 0 0 1 0 0 0 0 0 0 0 1 0
40	21	0 1 1 0 0 0 1 0 0 0 0 0 0 0 1 0
40	5	0 0 0 0 0 0 1 0 1 0 0 0 0 0 1 0
40	26	0 0 0 1 0 0 1 0 0 0 0 0 0 0 1 0
40	6	0 0 0 1 0 0 0 0 1 1 0 0 0 0 0 1
40	27	0 1 0 1 0 0 1 0 0 0 0 0 0 0 1 0
40	10	1 1 0 0 0 0 1 0 0 0 0 0 0 0 1 0
40	7	1 0 0 1 0 0 0 0 1 0 0 0 1 0 0 1
40	12	0 1 0 0 0 0 1 0 0 0 0 0 0 0 1 1
40	1	0 1 0 0 0 0 1 0 1 0 0 0 0 0 0 0
40	3	0 0 0 0 0 1 0 0 0 0 0 0 1 0 0 1
40	23	1 0 0 0 1 0 1 0 0 0 0 1 0 0 1 0
40	8	1 0 0 1 0 0 0 0 0 0 0 0 0 0 1 0
40	12	0 1 0 0 0 1 1 0 0 0 0 0 0 0 1 0
40	3	0 1 1 0 0 0 1 0 0 0 0 0 0 1 1 0
40	13	0 0 0 1 0 1 0 0 1 0 0 0 1 0 0 1
40	4	0 0 0 1 0 0 0 0 1 0 0 0 1 0 1 0
40	9	0 0 0 0 0 0 1 0 0 0 0 0 0 0 1 1
40	1	0 0 0 0 0 0 1 0 0 0 0 0 0 0 0 0
40	24	0 0 0 0 0 0 1 0 0 0 0 0 0 0 0 1
40	1	0 0 1 0 0 0 1 0 0 0 0 0 0 0 1 0
40	24	0 1 0 0 0 0 1 1 0 0 0 0 0 0 0 0
40	29	0 1 0 0 0 0 1 0 0 0 1 0 0 0 1 0
40	4	0 0 0 1 0 0 1 0 0 0 0 0 0 0 0 1
40	26	0 0 0 1 0 0 1 0 0 0 0 0 0 0 0 0
40	8	1 1 0 0 0 0 1 0 0 0 0 0 0 0 0 0
40	2	0 1 0 0 0 0 1 0 1 0 0 0 0 0 1 0
40	7	0 0 0 0 0 0 1 0 0 0 1 0 0 0 1 0
40	9	0 0 0 0 0 0 1 0 0 0 0 0 1 0 1 0
40	5	0 1 0 0 0 0 1 0 0 0 0 0 1 0 1 0
40	10	1 0 0 1 0 0 1 0 0 0 0 0 0 0 1 0
40	3	0 1 0 0 0 0 1 1 0 0 0 0 0 0 1 0
40	5	0 1 1 1 0 0 1 0 0 0 0 0 0 0 1 0
40	1	0 0 0 1 0 1 0 0 1 0 1 0 1 0 0 1
40	1	0 1 1 0 0 0 1 0 0 0 0 0 0 0 1 1
40	12	0 1 0 1 0 0 1 0 0 0 0 0 0 0 0 0
40	3	0 0 0 0 0 0 0 0 0 0 0 0 0 0 1 0
40	2	0 0 1 0 0 0 1 0 1 0 0 0 0 0 1 0
40	3	0 1 0 0 0 0 1 0 0 1 0 0 0 0 1 1
40	3	1 0 0 1 1 0 1 0 0 0 0 1 0 0 1 0
40	1	0 1 0 0 0 0 1 0 0 0 0 0 0 0 0 1
40	2	0 0 0 1 0 0 0 0 1 0 1 0 1 0 0 1
40	5	0 0 0 0 0 0 1 0 0 0 0 1 0 0 1 0
40	1	0 0 0 1 0 0 0 0 1 1 0 0 1 0 1 1
40	5	1 0 0 0 0 0 1 0 0 0 0 0 0 1 1 0
40	2	0 0 0 1 0 0 1 0 0 1 0 0 0 0 1 0
40	1	1 1 0 0 1 0 1 0 0 0 0 0 0 0 1 0
40	3	1 1 0 1 0 0 0 0 1 1 0 0 1 0 0 1
40	4	1 0 0 0 1 0 1 0 0 0 0 0 0 0 0 0
40	2	0 0 0 0 0 0 1 1 0 0 0 0 0 0 1 0
40	4	0 1 0 0 0 0 0 0 1 0 0 0 1 0 0 1
40	2	0 1 0 0 0 0 1 1 1 0 0 0 0 0 0 0
40	1	1 0 0 0 1 0 0 0 0 0 0 1 0 0 1 0
40	1	0 0 1 0 0 0 1 0 0 0 0 0 0 0 0 1
40	1	0 0 0 0 0 0 0 0 1 0 0 0 1 0 0 1
40	3	1 1 0 1 0 0 0 0 1 1 0 0 0 0 1 0
40	2	0 1 0 1 0 0 0 0 0 0 0 0 1 0 0 1
40	2	0 1 1 0 0 0 1 0 0 0 1 0 0 0 1 0
50	37	0 0 0 1 0 0 0 0 1 0 0 0 1 0 0 1
50	118	0 0 0 0 0 0 1 0 0 0 0 0 0 0 1 0
50	182	0 1 0 0 0 0 1 0 0 0 0 0 0 0 1 0
50	58	0 1 0 0 0 0 1 0 0 0 0 0 0 0 0 0
50	5	0 1 0 0 0 0 1 0 0 0 0 0 1 0 0 1
50	7	0 0 0 1 0 0 0 0 1 1 0 0 1 0 0 1
50	67	0 1 0 1 0 0 0 0 1 0 0 0 1 0 0 1
50	34	1 0 0 0 0 0 1 0 0 0 0 0 0 0 1 0
50	41	0 1 1 0 0 0 1 0 0 0 0 0 0 0 1 0
50	7	0 0 0 0 0 0 1 0 1 0 0 0 0 0 1 0
50	17	0 0 0 1 0 0 1 0 0 0 0 0 0 0 1 0
50	12	0 0 0 1 0 0 0 0 1 1 0 0 0 0 0 1
50	26	0 1 0 1 0 0 1 0 0 0 0 0 0 0 1 0
50	51	1 1 0 0 0 0 1 0 0 0 0 0 0 0 1 0
50	1	1 0 0 1 0 0 0 0 1 0 0 0 1 0 0 1
50	7	0 1 0 0 0 0 1 0 0 0 0 0 0 0 1 1
50	2	0 0 0 0 0 1 0 0 0 0 0 0 1 0 0 1
50	12	1 0 0 0 1 0 1 0 0 0 0 1 0 0 1 0
50	15	0 1 0 0 0 1 1 0 0 0 0 0 0 0 1 0
50	6	0 0 0 1 0 1 0 0 1 0 0 0 1 0 0 1
50	7	0 0 0 0 0 0 1 0 0 0 0 0 0 0 1 1
50	1	0 0 0 0 0 0 1 0 0 0 0 0 0 0 0 1
50	32	0 1 0 0 0 0 1 1 0 0 0 0 0 0 0 0
50	1	0 1 0 0 0 0 1 0 0 0 1 0 0 0 1 0
50	24	0 0 0 1 0 0 1 0 0 0 0 0 0 0 0 0
50	10	0 0 0 0 0 0 1 0 0 0 1 0 0 0 1 0
50	1	1 0 0 1 0 0 1 0 0 0 0 0 0 0 1 0
50	21	0 1 1 1 0 0 1 0 0 0 0 0 0 0 1 0
50	9	0 1 0 1 0 0 1 0 0 0 0 0 0 0 0 0
50	11	0 1 0 0 0 0 1 0 0 1 0 0 0 0 1 1
50	1	1 0 0 1 1 0 1 0 0 0 0 1 0 0 1 0
50	15	0 0 0 1 0 0 0 0 1 0 1 0 1 0 0 1
50	2	0 0 0 0 0 0 1 0 0 0 0 1 0 0 1 0
50	3	0 0 0 1 0 0 0 0 1 1 0 0 1 0 1 1
50	1	1 0 0 0 0 0 1 0 0 0 0 0 0 1 1 0
50	5	1 1 0 0 1 0 1 0 0 0 0 0 0 0 1 0
50	10	1 1 0 1 0 0 0 0 1 1 0 0 1 0 0 1
50	3	1 0 0 0 1 0 1 0 0 0 0 0 0 0 0 0
50	4	0 1 1 0 0 0 1 0 0 0 1 0 0 0 1 0
50	3	0 0 0 0 0 0 1 0 0 1 0 0 0 0 1 0
50	3	0 1 0 1 0 0 0 0 1 0 0 0 0 0 1 0
50	13	0 1 0 0 0 0 1 0 0 0 0 0 0 1 0 0
50	6	0 0 0 0 0 0 1 0 0 0 1 0 0 0 0 1
50	6	0 0 0 0 0 0 1 0 0 1 0 0 1 0 1 0
50	12	0 0 0 1 1 0 1 0 0 0 0 0 0 0 0 0
50	6	1 1 0 0 0 0 1 0 0 1 0 0 0 0 1 1
50	24	1 0 0 1 1 0 1 0 0 0 0 0 0 0 0 0
50	4	0 0 0 0 1 0 1 0 0 0 0 0 0 0 0 0
50	4	0 1 0 0 0 0 1 0 1 0 0 0 0 0 1 0
50	2	1 0 0 0 1 0 1 0 0 0 1 0 1 0 0 1
50	3	0 1 0 0 0 1 1 0 0 0 0 0 0 0 0 0
50	1	0 0 0 0 0 0 1 0 1 0 0 0 0 0 0 1
50	2	0 0 0 1 0 0 1 0 0 1 0 0 0 0 1 0
50	2	1 0 0 0 1 0 1 0 0 1 0 0 0 0 1 1
50	3	1 1 1 0 0 0 1 0 0 0 0 0 0 0 1 0
50	2	0 1 0 0 0 0 1 0 1 0 0 0 0 0 1 1
50	4	0 0 0 0 1 0 1 0 0 1 0 0 0 0 0 0
50	3	0 0 0 0 0 0 1 0 0 0 0 0 0 0 0 0
50	2	0 1 0 1 0 0 0 0 1 0 0 0 1 0 0 0
50	2	1 0 0 0 1 0 1 0 0 0 0 0 0 0 1 0
50	1	1 1 0 0 1 0 1 0 0 0 0 0 0 0 0 0
50	3	1 0 0 1 1 0 1 0 0 0 0 0 0 0 1 0
50	3	0 0 0 0 0 0 0 0 0 0 0 0 0 0 1 0
50	1	0 0 0 0 0 0 1 0 0 0 0 0 0 1 1 0
50	1	0 0 0 0 1 0 1 0 0 0 0 0 0 0 1 0
50	2	0 1 0 1 0 0 1 1 0 0 0 0 0 0 1 0
50	1	0 1 0 1 0 0 1 0 0 0 1 0 0 0 0 0
50	1	0 1 0 1 0 0 0 0 1 0 0 1 0 0 1 0
50	1	0 0 0 1 0 0 0 0 1 0 1 0 1 0 1 0
50	2	1 1 0 0 0 0 1 0 0 1 0 0 0 0 0 0
50	2	0 0 1 1 0 0 0 0 1 0 0 0 1 0 0 1
50	2	0 1 0 0 0 0 1 0 0 0 0 0 0 1 1 0
50	1	0 1 0 0 0 0 1 1 0 0 0 0 0 0 1 0
50	3	1 1 0 0 0 0 1 0 1 0 0 0 0 0 1 0
50	3	0 0 0 1 0 0 1 0 0 0 0 0 0 1 0 0
60	17	0 0 0 1 0 0 0 0 1 0 0 0 1 0 0 1
60	70	0 0 0 0 0 0 1 0 0 0 0 0 0 0 1 0
60	164	0 1 0 0 0 0 1 0 0 0 0 0 0 0 1 0
60	36	0 1 0 0 0 0 1 0 0 0 0 0 0 0 0 0
60	6	0 1 0 0 0 0 1 0 0 0 0 0 1 0 0 1
60	42	0 1 0 1 0 0 0 0 1 0 0 0 1 0 0 1
60	35	1 0 0 0 0 0 1 0 0 0 0 0 0 0 1 0
60	15	0 1 1 0 0 0 1 0 0 0 0 0 0 0 1 0
60	13	0 0 0 0 0 0 1 0 1 0 0 0 0 0 1 0
60	20	0 0 0 1 0 0 1 0 0 0 0 0 0 0 1 0
60	5	0 0 0 1 0 0 0 0 1 1 0 0 0 0 0 1
60	36	0 1 0 1 0 0 1 0 0 0 0 0 0 0 1 0
60	25	1 1 0 0 0 0 1 0 0 0 0 0 0 0 1 0
60	6	0 1 0 0 0 0 1 0 0 0 0 0 0 0 1 1
60	14	0 1 0 0 0 1 1 0 0 0 0 0 0 0 1 0
60	2	0 0 0 0 0 0 1 0 0 0 0 0 0 0 1 1
60	1	0 0 0 0 0 0 1 0 0 0 0 0 0 0 0 1
60	56	0 1 0 0 0 0 1 1 0 0 0 0 0 0 0 0
60	2	0 1 0 0 0 0 1 0 0 0 1 0 0 0 1 0
60	16	0 0 0 1 0 0 1 0 0 0 0 0 0 0 0 0
60	10	0 0 0 0 0 0 1 0 0 0 1 0 0 0 1 0
60	5	1 0 0 1 0 0 1 0 0 0 0 0 0 0 1 0
60	33	0 1 1 1 0 0 1 0 0 0 0 0 0 0 1 0
60	18	0 1 0 1 0 0 1 0 0 0 0 0 0 0 0 0
60	16	0 0 0 1 0 0 0 0 1 0 1 0 1 0 0 1
60	4	0 0 0 1 0 0 0 0 1 1 0 0 1 0 1 1
60	12	1 1 0 0 1 0 1 0 0 0 0 0 0 0 1 0
60	18	1 1 0 1 0 0 0 0 1 1 0 0 1 0 0 1
60	1	0 1 1 0 0 0 1 0 0 0 1 0 0 0 1 0
60	1	0 1 0 1 0 0 0 0 1 0 0 0 0 0 1 0
60	21	0 1 0 0 0 0 1 0 0 0 0 0 0 1 0 0
60	1	0 0 0 0 0 0 1 0 0 0 1 0 0 0 0 1
60	17	0 0 0 0 0 0 1 0 0 1 0 0 1 0 1 0
60	14	0 0 0 1 1 0 1 0 0 0 0 0 0 0 0 0
60	7	1 1 0 0 0 0 1 0 0 1 0 0 0 0 1 1
60	31	1 0 0 1 1 0 1 0 0 0 0 0 0 0 0 0
60	3	0 1 0 0 0 0 1 0 1 0 0 0 0 0 1 0
60	1	1 0 0 0 1 0 1 0 0 0 1 0 1 0 0 1
60	2	0 1 0 0 0 1 1 0 0 0 0 0 0 0 0 0
60	1	1 0 0 0 1 0 1 0 0 0 0 0 0 0 1 0
60	18	1 1 0 0 1 0 1 0 0 0 0 0 0 0 0 0
60	1	0 0 0 0 0 0 0 0 0 0 0 0 0 0 1 0
60	25	0 1 0 0 0 0 1 0 0 0 0 0 0 1 1 0
60	8	0 1 0 0 0 0 1 1 0 0 0 0 0 0 1 0
60	16	1 1 0 0 0 0 1 0 1 0 0 0 0 0 1 0
60	10	0 1 0 1 0 1 0 0 1 0 0 0 1 0 0 1
60	1	1 0 1 0 0 0 1 0 0 0 0 0 0 0 1 0
60	1	0 1 0 0 0 0 1 0 0 1 0 0 0 0 0 0
60	9	0 1 0 0 0 0 0 0 1 0 0 0 1 0 0 1
60	2	1 0 0 1 1 0 1 0 0 1 0 0 0 0 0 0
60	1	0 1 0 0 0 0 1 0 1 0 0 1 0 0 1 0
60	12	0 1 0 1 0 0 1 0 1 0 0 0 1 0 0 1
60	8	0 1 1 0 0 0 1 1 0 0 0 0 0 0 1 0
60	3	0 1 0 1 1 0 1 0 0 0 0 0 0 0 0 0
60	4	0 1 0 1 0 0 0 0 0 0 0 0 0 0 1 0
60	7	0 1 0 1 0 0 0 0 1 0 1 0 1 0 0 1
60	6	0 1 0 1 0 0 1 0 0 0 0 0 0 0 1 1
60	2	0 1 1 1 0 0 0 0 1 0 0 0 1 0 0 1
60	3	1 0 0 1 0 1 1 0 0 0 0 0 0 0 1 0
60	2	1 0 0 0 1 0 1 0 0 0 0 0 1 0 0 0
60	2	0 0 0 1 1 0 1 0 0 0 0 0 0 0 0 1
60	6	1 0 0 1 1 0 1 1 0 0 0 0 0 0 0 0
60	4	0 0 0 0 0 0 1 0 0 0 0 0 0 0 0 0
60	2	0 0 0 0 1 0 1 0 0 1 0 0 0 0 1 0
60	5	0 0 0 0 1 0 1 0 0 0 0 0 0 0 1 0
60	4	1 1 0 0 0 0 1 0 0 0 0 0 1 0 1 0
60	1	0 0 0 1 0 0 0 0 1 0 0 0 0 0 1 1
60	1	0 1 0 1 0 0 0 0 1 1 0 0 1 0 1 1
60	1	0 0 0 1 1 0 1 0 0 0 0 0 0 0 1 0
60	1	0 1 0 0 0 0 1 0 0 0 0 0 0 0 0 1
60	3	0 1 0 0 0 0 1 0 0 0 0 0 1 1 0 1
60	1	1 0 0 0 0 0 1 0 0 0 0 1 0 0 1 0
60	2	0 1 0 0 0 0 1 1 0 0 0 0 1 0 0 0
60	1	0 1 0 1 0 0 1 1 0 0 0 0 0 0 1 1
60	3	0 1 0 1 0 0 1 0 0 1 0 0 0 0 1 1
60	2	1 1 0 0 0 0 1 0 0 1 0 0 0 0 0 0
60	2	0 1 0 1 0 0 1 0 1 0 0 0 0 0 1 0
60	2	1 1 0 0 0 0 1 0 0 0 1 0 0 0 1 0
60	1	0 0 0 0 0 1 1 0 0 0 1 0 0 0 1 0
60	2	0 0 0 1 1 0 1 0 1 0 0 0 0 0 0 0
60	3	1 1 0 0 0 0 1 1 1 0 0 0 0 0 1 0
60	1	1 1 0 0 0 0 1 0 0 0 0 0 1 1 1 0
60	2	0 0 0 1 0 0 0 0 1 0 0 0 1 0 0 0
60	1	1 0 0 1 0 0 0 0 1 0 0 0 1 0 0 1
60	4	1 0 0 0 0 0 1 0 0 0 1 0 0 0 1 0
60	1	1 1 0 0 0 0 1 1 0 0 0 0 0 0 0 0
60	2	0 1 0 1 0 0 0 0 1 0 0 0 0 0 0 0
60	1	0 0 0 1 0 0 0 0 1 0 1 1 1 0 0 1
60	1	0 0 0 0 0 0 1 0 0 1 0 0 1 0 1 1
60	2	0 1 0 0 0 0 0 1 1 0 0 0 1 0 0 1
70	8	0 0 0 1 0 0 0 0 1 0 0 0 1 0 0 1
70	54	0 0 0 0 0 0 1 0 0 0 0 0 0 0 1 0
70	105	0 1 0 0 0 0 1 0 0 0 0 0 0 0 1 0
70	24	0 1 0 0 0 0 1 0 0 0 0 0 0 0 0 0
70	5	0 1 0 0 0 0 1 0 0 0 0 0 1 0 0 1
70	56	0 1 0 1 0 0 0 0 1 0 0 0 1 0 0 1
70	35	1 0 0 0 0 0 1 0 0 0 0 0 0 0 1 0
70	4	0 1 1 0 0 0 1 0 0 0 0 0 0 0 1 0
70	5	0 0 0 0 0 0 1 0 1 0 0 0 0 0 1 0
70	13	0 0 0 1 0 0 1 0 0 0 0 0 0 0 1 0
70	1	0 0 0 1 0 0 0 0 1 1 0 0 0 0 0 1
70	72	0 1 0 1 0 0 1 0 0 0 0 0 0 0 1 0
70	22	1 1 0 0 0 0 1 0 0 0 0 0 0 0 1 0
70	3	0 1 0 0 0 0 1 0 0 0 0 0 0 0 1 1
70	11	0 1 0 0 0 1 1 0 0 0 0 0 0 0 1 0
70	55	0 1 0 0 0 0 1 1 0 0 0 0 0 0 0 0
70	17	0 0 0 1 0 0 1 0 0 0 0 0 0 0 0 0
70	5	0 0 0 0 0 0 1 0 0 0 1 0 0 0 1 0
70	8	1 0 0 1 0 0 1 0 0 0 0 0 0 0 1 0
70	21	0 1 1 1 0 0 1 0 0 0 0 0 0 0 1 0
70	17	0 1 0 1 0 0 1 0 0 0 0 0 0 0 0 0
70	11	0 0 0 1 0 0 0 0 1 0 1 0 1 0 0 1
70	16	1 1 0 0 1 0 1 0 0 0 0 0 0 0 1 0
70	19	1 1 0 1 0 0 0 0 1 1 0 0 1 0 0 1
70	35	0 1 0 0 0 0 1 0 0 0 0 0 0 1 0 0
70	24	0 0 0 0 0 0 1 0 0 1 0 0 1 0 1 0
70	12	0 0 0 1 1 0 1 0 0 0 0 0 0 0 0 0
70	10	1 1 0 0 0 0 1 0 0 1 0 0 0 0 1 1
70	39	1 0 0 1 1 0 1 0 0 0 0 0 0 0 0 0
70	2	0 1 0 0 0 0 1 0 1 0 0 0 0 0 1 0
70	18	1 1 0 0 1 0 1 0 0 0 0 0 0 0 0 0
70	29	0 1 0 0 0 0 1 0 0 0 0 0 0 1 1 0
70	5	0 1 0 0 0 0 1 1 0 0 0 0 0 0 1 0
70	9	1 1 0 0 0 0 1 0 1 0 0 0 0 0 1 0
70	1	0 1 0 1 0 1 0 0 1 0 0 0 1 0 0 1
70	1	1 0 1 0 0 0 1 0 0 0 0 0 0 0 1 0
70	1	0 1 0 0 0 0 0 0 1 0 0 0 1 0 0 1
70	3	0 1 0 1 0 0 1 0 1 0 0 0 1 0 0 1
70	3	0 1 1 0 0 0 1 1 0 0 0 0 0 0 1 0
70	9	0 1 0 1 0 0 0 0 0 0 0 0 0 0 1 0
70	1	0 1 0 1 0 0 1 0 0 0 0 0 0 0 1 1
70	3	1 0 0 1 1 0 1 1 0 0 0 0 0 0 0 0
70	7	0 0 0 0 0 0 1 0 0 0 0 0 0 0 0 0
70	1	0 0 0 0 1 0 1 0 0 0 0 0 0 0 1 0
70	6	1 1 0 0 0 0 1 0 0 0 0 0 1 0 1 0
70	28	0 0 0 1 1 0 1 0 0 0 0 0 0 0 1 0
70	6	0 1 0 0 0 0 1 0 0 0 0 0 1 1 0 1
70	2	0 1 0 1 0 0 1 0 1 0 0 0 0 0 1 0
70	3	0 0 0 0 0 0 1 0 0 1 0 0 1 0 1 1
70	4	0 1 0 0 0 0 0 1 1 0 0 0 1 0 0 1
70	16	0 1 0 0 0 0 1 0 0 0 0 0 1 0 1 0
70	5	0 1 0 1 0 0 0 0 1 0 0 0 1 1 0 1
70	3	0 1 0 1 0 1 0 0 0 0 0 0 0 0 1 0
70	1	1 0 0 1 0 0 0 0 1 0 0 0 1 0 1 0
70	1	1 1 1 0 0 0 1 0 1 0 0 0 0 0 1 0
70	3	0 1 1 1 0 0 1 0 0 0 0 0 0 0 0 0
70	11	0 1 0 0 0 0 1 0 0 1 0 0 0 0 1 0
70	2	0 1 0 0 0 0 1 0 0 0 1 0 0 0 0 0
70	7	1 0 0 0 1 0 1 0 0 0 0 0 0 0 1 0
70	5	1 0 0 1 1 1 1 0 0 0 0 0 0 0 0 0
70	1	0 1 0 0 1 0 1 1 0 0 0 0 0 0 1 0
70	5	0 1 0 1 0 0 1 0 0 0 0 0 0 1 1 0
70	1	0 1 0 1 0 0 0 0 1 0 0 0 0 0 0 1
70	5	0 1 0 1 1 0 1 0 0 0 0 0 0 0 1 0
70	4	0 0 0 0 0 0 0 0 0 1 0 0 1 0 1 0
70	2	1 0 0 1 1 0 1 1 0 0 0 0 0 0 1 0
70	1	0 1 0 0 1 0 1 0 0 0 0 0 0 0 0 0
70	2	1 1 0 0 1 0 1 0 0 0 0 0 0 0 1 1
70	3	0 1 0 0 0 0 1 0 0 0 0 1 0 0 1 0
70	2	1 1 0 0 1 0 0 0 1 0 0 0 1 0 0 1
70	10	1 0 0 0 0 0 1 0 0 0 0 0 0 1 1 0
70	1	1 1 0 0 0 0 1 1 0 0 0 0 0 0 0 0
70	4	0 1 0 1 0 0 1 0 0 0 0 1 0 0 0 0
70	2	1 1 0 0 0 0 1 0 0 0 0 0 0 1 0 0
70	2	0 1 0 1 0 1 1 0 1 0 0 0 1 0 0 1
70	5	0 0 0 1 0 0 1 1 0 0 0 0 0 0 1 0
70	1	0 0 0 0 0 0 1 0 0 1 0 0 1 0 0 0
70	2	0 1 0 1 0 0 1 0 0 0 0 0 1 0 1 0
70	1	0 0 0 0 1 1 1 0 0 0 0 0 0 0 1 0
70	1	1 1 0 1 0 0 0 0 1 1 0 0 0 0 1 0
70	1	0 0 0 1 0 0 0 0 0 0 0 0 0 0 1 0
70	1	0 1 0 0 0 1 1 0 1 0 0 0 0 0 1 0
70	3	1 1 0 0 1 0 1 1 0 0 0 0 0 0 1 0
70	2	0 1 1 0 0 0 1 0 0 0 0 0 0 1 0 0
70	2	0 0 0 0 0 0 1 0 0 1 0 1 1 0 1 0
70	2	0 0 0 0 0 0 1 0 1 1 0 0 1 0 1 0
70	1	0 1 0 0 1 0 1 0 1 0 0 0 0 0 1 0
70	1	1 1 0 0 1 0 1 0 0 0 0 0 1 0 0 0
70	2	0 1 0 0 0 0 1 1 0 0 0 0 1 0 1 0
70	2	1 0 1 0 0 0 1 0 0 0 0 0 1 0 1 0
70	3	0 0 0 1 1 0 1 0 0 1 0 0 0 0 1 0
70	2	0 1 0 0 0 0 1 0 0 0 0 0 1 1 1 0
70	1	0 0 0 0 0 0 1 0 0 0 0 0 0 0 0 1
70	2	0 1 1 1 0 0 1 1 0 0 0 0 0 1 1 0
70	2	1 1 0 1 0 0 0 0 1 1 0 0 0 0 1 1
70	1	0 0 0 0 0 0 1 0 0 1 0 0 0 0 1 0
70	1	0 1 0 0 0 0 1 0 1 0 0 0 1 0 0 1
70	1	0 1 0 1 0 1 0 0 1 0 0 0 0 0 1 0
70	2	0 0 0 1 1 0 1 0 0 0 0 0 0 1 0 0
70	2	1 1 0 0 0 0 1 0 0 0 0 0 0 1 1 0
70	1	0 0 1 0 0 0 1 0 0 0 0 0 0 0 1 0
70	1	0 0 0 0 0 0 1 0 0 1 1 0 1 0 1 0
70	2	1 0 1 1 1 0 1 0 0 0 0 0 0 0 0 0
70	1	0 1 0 0 0 0 1 0 1 0 0 0 0 1 1 0
70	2	0 1 0 0 0 0 0 0 0 0 0 0 1 1 0 1
70	1	0 1 0 1 1 0 1 0 0 0 0 0 0 0 0 0
80	3	0 0 0 1 0 0 0 0 1 0 0 0 1 0 0 1
80	33	0 0 0 0 0 0 1 0 0 0 0 0 0 0 1 0
80	55	0 1 0 0 0 0 1 0 0 0 0 0 0 0 1 0
80	33	0 1 0 0 0 0 1 0 0 0 0 0 0 0 0 0
80	52	0 1 0 1 0 0 0 0 1 0 0 0 1 0 0 1
80	14	1 0 0 0 0 0 1 0 0 0 0 0 0 0 1 0
80	20	0 1 1 0 0 0 1 0 0 0 0 0 0 0 1 0
80	72	0 1 0 1 0 0 1 0 0 0 0 0 0 0 1 0
80	25	1 1 0 0 0 0 1 0 0 0 0 0 0 0 1 0
80	7	0 1 0 0 0 1 1 0 0 0 0 0 0 0 1 0
80	74	0 1 0 0 0 0 1 1 0 0 0 0 0 0 0 0
80	28	0 0 0 1 0 0 1 0 0 0 0 0 0 0 0 0
80	1	0 0 0 0 0 0 1 0 0 0 1 0 0 0 1 0
80	6	1 0 0 1 0 0 1 0 0 0 0 0 0 0 1 0
80	21	0 1 1 1 0 0 1 0 0 0 0 0 0 0 1 0
80	45	0 1 0 1 0 0 1 0 0 0 0 0 0 0 0 0
80	5	0 0 0 1 0 0 0 0 1 0 1 0 1 0 0 1
80	1	1 1 0 0 1 0 1 0 0 0 0 0 0 0 1 0
80	11	1 1 0 1 0 0 0 0 1 1 0 0 1 0 0 1
80	22	0 1 0 0 0 0 1 0 0 0 0 0 0 1 0 0
80	31	0 0 0 0 0 0 1 0 0 1 0 0 1 0 1 0
80	17	0 0 0 1 1 0 1 0 0 0 0 0 0 0 0 0
80	35	1 0 0 1 1 0 1 0 0 0 0 0 0 0 0 0
80	22	1 1 0 0 1 0 1 0 0 0 0 0 0 0 0 0
80	34	0 1 0 0 0 0 1 0 0 0 0 0 0 1 1 0
80	4	0 1 0 0 0 0 1 1 0 0 0 0 0 0 1 0
80	4	1 1 0 0 0 0 1 0 1 0 0 0 0 0 1 0
80	6	0 1 0 1 0 0 1 0 1 0 0 0 1 0 0 1
80	22	0 0 0 0 0 0 1 0 0 0 0 0 0 0 0 0
80	3	1 1 0 0 0 0 1 0 0 0 0 0 1 0 1 0
80	6	0 0 0 1 1 0 1 0 0 0 0 0 0 0 1 0
80	3	0 1 0 0 0 0 1 0 0 0 0 0 1 1 0 1
80	13	0 1 0 0 0 0 1 0 0 0 0 0 1 0 1 0
80	7	0 1 0 1 0 0 0 0 1 0 0 0 1 1 0 1
80	5	1 1 1 0 0 0 1 0 1 0 0 0 0 0 1 0
80	2	0 1 0 0 0 0 1 0 0 0 1 0 0 0 0 0
80	6	1 0 0 0 1 0 1 0 0 0 0 0 0 0 1 0
80	12	1 0 0 1 1 1 1 0 0 0 0 0 0 0 0 0
80	2	1 1 0 0 1 0 1 0 0 0 0 0 0 0 1 1
80	8	0 1 0 1 0 0 1 0 0 0 0 1 0 0 0 0
80	4	1 1 0 0 0 0 1 0 0 0 0 0 0 1 0 0
80	10	0 0 0 1 0 0 0 0 0 0 0 0 0 0 1 0
80	28	1 1 0 0 1 0 1 1 0 0 0 0 0 0 1 0
80	17	0 1 1 0 0 0 1 0 0 0 0 0 0 1 0 0
80	3	0 0 0 0 0 0 1 0 0 1 0 1 1 0 1 0
80	3	0 1 0 0 0 0 1 1 0 0 0 0 1 0 1 0
80	10	1 0 1 0 0 0 1 0 0 0 0 0 1 0 1 0
80	2	0 1 0 0 0 0 1 0 1 0 0 0 1 0 0 1
80	1	0 0 0 0 0 0 1 0 0 1 1 0 1 0 1 0
80	16	1 0 1 1 1 0 1 0 0 0 0 0 0 0 0 0
80	1	0 1 0 0 0 0 0 0 0 0 0 0 1 1 0 1
80	11	0 1 1 1 0 0 1 0 0 0 0 0 1 0 0 1
80	1	0 1 0 0 0 1 1 1 0 0 0 0 0 0 0 0
80	4	0 1 0 1 0 0 1 0 0 0 0 0 0 1 0 0
80	2	0 0 0 1 1 0 1 0 0 0 0 0 0 0 0 1
80	1	0 0 0 1 0 0 0 0 1 0 1 0 1 1 0 1
80	13	1 1 0 1 0 0 0 0 1 1 0 0 1 1 0 1
80	3	0 0 0 0 0 0 1 0 0 0 1 0 0 0 0 0
80	3	1 0 0 0 1 1 1 0 0 0 0 0 0 0 0 0
80	5	1 1 0 1 0 0 0 0 1 0 0 0 1 0 0 1
80	1	1 0 0 1 1 1 1 0 0 0 0 0 0 0 1 0
80	2	0 1 0 1 0 0 1 0 0 0 0 1 0 0 1 0
80	6	1 0 0 1 1 0 1 0 0 0 0 1 0 0 0 0
80	8	0 0 0 1 0 1 1 0 1 0 0 0 1 0 0 1
80	1	1 0 0 1 0 0 0 0 0 0 0 0 0 0 1 0
80	6	1 0 0 1 1 0 1 0 0 0 0 0 0 0 1 0
80	2	0 0 0 0 0 0 1 0 0 1 1 0 0 0 1 0
80	1	0 0 0 0 0 0 1 0 0 0 0 0 0 1 0 0
80	2	0 1 0 0 0 0 1 0 0 0 1 0 0 1 0 0
80	2	1 1 0 0 0 0 1 0 0 0 0 0 0 0 0 0
80	1	0 0 0 0 0 0 1 1 0 0 0 0 0 0 1 0
80	1	0 1 0 0 0 0 1 0 0 0 0 1 0 1 1 0
80	2	0 1 0 0 0 0 1 1 0 0 1 0 0 0 1 0
80	1	1 0 0 1 1 0 1 0 1 0 0 0 0 0 1 0
80	2	0 1 1 1 0 0 1 0 0 0 0 0 0 0 0 0
80	2	0 0 0 0 0 0 1 0 0 1 0 0 0 0 1 0
80	3	0 0 0 1 1 0 1 0 0 0 0 0 1 0 0 1
80	2	0 0 0 0 0 0 1 0 0 0 0 0 1 0 1 0
80	3	0 1 0 0 0 0 0 0 1 0 0 0 1 0 0 1
80	2	0 0 0 1 0 0 1 0 0 0 0 0 0 0 1 0
80	2	0 1 0 1 0 1 1 0 0 0 0 0 0 0 0 0
80	1	0 1 0 0 0 0 1 0 0 1 0 0 0 1 0 0
80	3	0 1 0 1 0 0 0 0 1 0 0 0 1 0 1 0
80	1	0 1 1 0 0 0 1 0 0 0 0 0 0 0 0 0
80	1	1 0 0 1 0 0 1 0 0 1 0 0 1 0 1 0
80	10	0 1 0 0 0 0 1 0 1 0 0 0 0 0 1 0
80	2	0 1 1 0 0 0 1 0 0 1 0 0 0 0 1 0
80	8	0 1 0 0 0 0 1 1 0 0 0 0 0 0 0 1
80	1	1 1 1 0 0 0 1 0 0 0 0 0 0 0 0 0
80	1	0 1 1 0 0 0 1 0 0 0 0 0 0 1 0 1
80	1	1 1 0 1 0 0 0 0 1 1 0 0 0 0 0 0
80	1	1 0 0 0 0 0 1 0 0 1 0 0 0 0 1 0
80	1	0 1 0 1 0 0 1 1 0 0 0 0 0 0 1 0
80	1	0 1 0 0 0 0 0 1 0 0 0 0 0 0 0 0
80	1	1 1 0 1 0 0 1 0 1 1 0 0 1 0 0 1
80	1	0 1 0 0 1 0 1 0 0 0 0 0 0 1 1 0
80	2	0 1 0 0 0 0 1 0 0 0 0 0 0 1 1 1
80	2	1 0 0 0 1 1 1 0 0 0 0 0 0 0 1 0
80	2	0 1 0 1 0 0 0 0 1 1 0 0 1 0 1 0
90	7	0 0 0 1 0 0 0 0 1 0 0 0 1 0 0 1
90	20	0 0 0 0 0 0 1 0 0 0 0 0 0 0 1 0
90	20	0 1 0 0 0 0 1 0 0 0 0 0 0 0 1 0
90	30	0 1 0 0 0 0 1 0 0 0 0 0 0 0 0 0
90	33	0 1 0 1 0 0 0 0 1 0 0 0 1 0 0 1
90	5	1 0 0 0 0 0 1 0 0 0 0 0 0 0 1 0
90	8	0 1 1 0 0 0 1 0 0 0 0 0 0 0 1 0
90	53	0 1 0 1 0 0 1 0 0 0 0 0 0 0 1 0
90	7	1 1 0 0 0 0 1 0 0 0 0 0 0 0 1 0
90	80	0 1 0 0 0 0 1 1 0 0 0 0 0 0 0 0
90	26	0 0 0 1 0 0 1 0 0 0 0 0 0 0 0 0
90	38	0 1 1 1 0 0 1 0 0 0 0 0 0 0 1 0
90	59	0 1 0 1 0 0 1 0 0 0 0 0 0 0 0 0
90	7	0 0 0 1 0 0 0 0 1 0 1 0 1 0 0 1
90	10	1 1 0 1 0 0 0 0 1 1 0 0 1 0 0 1
90	3	0 1 0 0 0 0 1 0 0 0 0 0 0 1 0 0
90	1	0 0 0 0 0 0 1 0 0 1 0 0 1 0 1 0
90	9	0 0 0 1 1 0 1 0 0 0 0 0 0 0 0 0
90	53	1 0 0 1 1 0 1 0 0 0 0 0 0 0 0 0
90	21	1 1 0 0 1 0 1 0 0 0 0 0 0 0 0 0
90	36	0 1 0 0 0 0 1 0 0 0 0 0 0 1 1 0
90	13	0 1 0 0 0 0 1 1 0 0 0 0 0 0 1 0
90	30	1 1 0 0 0 0 1 0 1 0 0 0 0 0 1 0
90	37	0 0 0 0 0 0 1 0 0 0 0 0 0 0 0 0
90	10	1 1 0 0 0 0 1 0 0 0 0 0 1 0 1 0
90	7	0 1 0 0 0 0 1 0 0 0 0 0 1 1 0 1
90	11	0 1 0 0 0 0 1 0 0 0 0 0 1 0 1 0
90	10	0 1 0 1 0 0 0 0 1 0 0 0 1 1 0 1
90	12	1 1 1 0 0 0 1 0 1 0 0 0 0 0 1 0
90	3	1 0 0 1 1 1 1 0 0 0 0 0 0 0 0 0
90	5	0 1 0 1 0 0 1 0 0 0 0 1 0 0 0 0
90	1	1 1 0 0 0 0 1 0 0 0 0 0 0 1 0 0
90	1	0 0 0 1 0 0 0 0 0 0 0 0 0 0 1 0
90	30	1 1 0 0 1 0 1 1 0 0 0 0 0 0 1 0
90	7	0 1 1 0 0 0 1 0 0 0 0 0 0 1 0 0
90	16	1 0 1 0 0 0 1 0 0 0 0 0 1 0 1 0
90	6	0 1 0 0 0 0 1 0 1 0 0 0 1 0 0 1
90	19	1 0 1 1 1 0 1 0 0 0 0 0 0 0 0 0
90	11	0 1 1 1 0 0 1 0 0 0 0 0 1 0 0 1
90	1	0 0 0 1 1 0 1 0 0 0 0 0 0 0 0 1
90	8	0 0 0 1 0 0 0 0 1 0 1 0 1 1 0 1
90	5	1 1 0 1 0 0 0 0 1 1 0 0 1 1 0 1
90	7	1 0 0 1 1 0 1 0 0 0 0 1 0 0 0 0
90	1	0 0 0 1 0 1 1 0 1 0 0 0 1 0 0 1
90	27	1 1 0 0 0 0 1 0 0 0 0 0 0 0 0 0
90	12	0 1 1 1 0 0 1 0 0 0 0 0 0 0 0 0
90	5	0 0 0 1 1 0 1 0 0 0 0 0 1 0 0 1
90	7	0 0 0 1 0 0 1 0 0 0 0 0 0 0 1 0
90	7	0 1 0 1 0 1 1 0 0 0 0 0 0 0 0 0
90	3	0 1 0 0 0 0 1 0 1 0 0 0 0 0 1 0
90	2	0 1 0 0 0 0 1 1 0 0 0 0 0 0 0 1
90	2	0 1 0 1 0 0 1 1 0 0 0 0 0 0 1 0
90	2	0 1 0 0 0 0 1 0 1 1 0 0 1 1 0 1
90	3	1 1 0 0 0 0 1 1 0 0 0 0 0 0 0 0
90	3	0 1 0 1 1 0 1 0 0 0 0 0 0 0 1 0
90	1	0 1 0 0 0 0 1 0 0 0 0 0 1 0 0 0
90	4	0 1 0 0 0 0 1 0 0 0 0 0 1 1 1 0
90	16	1 1 0 1 0 0 0 0 1 0 0 0 1 1 0 1
90	3	1 1 0 1 1 0 1 0 1 0 0 0 0 0 1 0
90	6	0 1 0 1 0 0 1 0 0 0 0 0 0 0 0 1
90	5	0 1 0 0 0 0 1 1 0 0 0 0 0 1 1 0
90	3	0 0 1 0 0 0 1 0 0 0 0 0 0 0 1 0
90	2	0 0 0 1 1 0 0 0 0 0 0 0 1 0 0 1
90	8	0 1 1 0 0 0 1 0 0 0 0 0 0 0 0 0
90	2	1 0 0 1 1 0 1 0 0 0 1 0 0 0 0 0
90	4	0 0 0 0 0 0 1 0 1 0 0 0 0 0 0 0
90	5	0 0 0 1 0 1 1 0 1 0 0 0 1 1 0 1
90	3	0 1 0 0 0 0 1 0 0 0 0 1 0 0 0 0
90	1	1 1 0 0 1 0 1 1 0 0 0 0 0 0 0 0
90	3	0 1 0 0 0 0 1 1 0 0 0 0 1 0 0 0
90	1	0 0 0 1 0 0 1 0 0 0 0 0 0 0 0 1
90	2	1 1 0 0 0 0 1 0 1 0 1 0 0 0 1 0
90	7	1 0 1 0 0 0 1 0 0 0 0 0 0 0 1 0
90	1	0 1 0 0 0 0 1 0 0 0 0 0 0 0 0 1
90	2	0 1 0 1 0 0 1 0 0 0 0 0 0 1 1 0
90	5	1 1 1 0 0 0 1 1 0 0 0 0 0 0 0 0
90	2	1 1 0 0 1 0 1 0 1 0 0 0 0 0 1 0
90	3	0 0 0 1 0 1 1 0 1 0 0 0 0 0 1 0
90	2	0 1 0 1 0 0 1 0 0 0 0 0 1 0 0 0
90	1	0 1 0 0 1 0 1 0 1 0 0 0 1 0 0 1
90	1	1 0 1 1 1 1 1 0 0 0 0 0 0 0 0 0
90	3	0 0 0 1 1 0 1 0 1 0 0 0 0 0 1 0
90	1	0 1 0 0 0 0 1 0 0 0 0 1 0 0 1 0
90	5	1 1 1 0 0 0 1 0 1 0 0 1 0 0 1 0
90	5	0 0 0 1 0 1 0 0 1 0 1 0 1 1 0 1
90	2	1 1 0 1 0 0 0 0 1 1 1 0 1 1 0 1
90	3	0 0 0 0 0 1 1 0 1 0 0 0 1 0 0 1
90	1	0 0 0 1 0 1 1 0 0 0 0 0 1 0 0 1
90	1	1 1 0 0 0 0 1 1 0 0 0 0 0 1 0 0
90	3	1 1 0 0 0 0 1 1 0 0 0 1 1 0 1 0
90	1	1 0 0 1 1 1 1 0 0 0 1 0 0 0 0 0
90	1	0 1 0 1 0 0 0 0 0 0 0 0 0 1 1 0
90	2	1 0 0 1 1 0 1 0 0 0 0 0 0 0 1 0
90	1	0 1 1 0 0 0 1 0 0 0 0 0 0 1 1 0
90	1	1 1 0 1 0 0 1 0 0 0 0 0 0 0 1 0
90	2	0 1 0 1 0 0 1 1 0 0 0 0 0 0 0 0
90	2	0 1 0 0 0 0 1 0 0 0 0 0 0 1 1 1
90	3	1 1 0 1 1 0 1 1 0 0 0 0 0 0 1 0
90	2	0 1 1 1 1 0 1 0 0 0 0 0 0 0 0 0
90	2	0 1 0 0 1 0 1 0 0 0 0 0 0 0 0 0
90	2	0 1 0 0 0 0 0 0 1 0 0 0 1 0 0 1
90	1	1 1 0 0 0 0 1 0 1 0 0 0 0 1 1 0
90	2	1 1 0 0 0 0 0 0 1 0 0 0 1 1 0 1
90	3	0 1 1 0 0 0 1 0 0 0 0 0 1 0 1 0
90	1	0 0 0 1 0 0 0 0 1 0 0 0 1 0 1 1
90	3	0 1 0 0 0 0 1 1 0 1 0 0 0 0 0 0
90	1	1 0 0 1 1 0 1 1 0 0 0 0 0 0 0 0
90	2	1 0 1 1 1 0 1 0 0 0 0 1 0 0 0 0
90	1	1 1 0 1 0 1 0 0 1 1 1 0 1 1 0 1
100	15	0 0 0 0 0 0 1 0 0 0 0 0 0 0 1 0
100	48	0 1 0 0 0 0 1 0 0 0 0 0 0 0 1 0
100	86	0 1 0 0 0 0 1 0 0 0 0 0 0 0 0 0
100	1	0 1 0 1 0 0 0 0 1 0 0 0 1 0 0 1
100	11	0 1 1 0 0 0 1 0 0 0 0 0 0 0 1 0
100	45	0 1 0 1 0 0 1 0 0 0 0 0 0 0 1 0
100	15	1 1 0 0 0 0 1 0 0 0 0 0 0 0 1 0
100	66	0 1 0 0 0 0 1 1 0 0 0 0 0 0 0 0
100	1	0 0 0 1 0 0 1 0 0 0 0 0 0 0 0 0
100	21	0 1 1 1 0 0 1 0 0 0 0 0 0 0 1 0
100	42	0 1 0 1 0 0 1 0 0 0 0 0 0 0 0 0
100	3	1 1 0 1 0 0 0 0 1 1 0 0 1 0 0 1
100	11	0 0 0 0 0 0 1 0 0 1 0 0 1 0 1 0
100	27	1 0 0 1 1 0 1 0 0 0 0 0 0 0 0 0
100	39	1 1 0 0 1 0 1 0 0 0 0 0 0 0 0 0
100	9	0 1 0 0 0 0 1 0 0 0 0 0 0 1 1 0
100	36	0 1 0 0 0 0 1 1 0 0 0 0 0 0 1 0
100	20	1 1 0 0 0 0 1 0 1 0 0 0 0 0 1 0
100	23	0 0 0 0 0 0 1 0 0 0 0 0 0 0 0 0
100	8	0 1 0 0 0 0 1 0 0 0 0 0 1 1 0 1
100	20	1 1 1 0 0 0 1 0 1 0 0 0 0 0 1 0
100	23	1 1 0 0 1 0 1 1 0 0 0 0 0 0 1 0
100	11	0 1 1 0 0 0 1 0 0 0 0 0 0 1 0 0
100	16	1 0 1 0 0 0 1 0 0 0 0 0 1 0 1 0
100	16	1 0 1 1 1 0 1 0 0 0 0 0 0 0 0 0
100	15	0 1 1 1 0 0 1 0 0 0 0 0 1 0 0 1
100	8	1 1 0 1 0 0 0 0 1 1 0 0 1 1 0 1
100	7	1 0 0 1 1 0 1 0 0 0 0 1 0 0 0 0
100	3	0 0 0 1 0 1 1 0 1 0 0 0 1 0 0 1
100	20	1 1 0 0 0 0 1 0 0 0 0 0 0 0 0 0
100	30	0 1 1 1 0 0 1 0 0 0 0 0 0 0 0 0
100	14	1 1 0 1 0 0 0 0 1 0 0 0 1 1 0 1
100	3	0 1 0 1 0 0 1 0 0 0 0 0 0 0 0 1
100	3	0 0 0 0 0 0 1 0 1 0 0 0 0 0 0 0
100	14	0 1 0 0 0 0 1 0 0 0 0 1 0 0 0 0
100	12	1 0 1 0 0 0 1 0 0 0 0 0 0 0 1 0
100	13	1 1 1 0 0 0 1 1 0 0 0 0 0 0 0 0
100	1	1 0 1 1 1 1 1 0 0 0 0 0 0 0 0 0
100	41	1 1 1 0 0 0 1 0 1 0 0 1 0 0 1 0
100	7	0 0 0 1 0 1 0 0 1 0 1 0 1 1 0 1
100	2	0 0 0 1 0 1 1 0 0 0 0 0 1 0 0 1
100	12	1 1 0 0 0 0 1 1 0 0 0 1 1 0 1 0
100	2	1 0 0 1 1 0 1 0 0 0 0 0 0 0 1 0
100	1	0 1 1 0 0 0 1 0 0 0 0 0 0 1 1 0
100	5	0 1 0 0 0 0 1 0 0 0 0 0 0 1 1 1
100	11	1 1 0 1 1 0 1 1 0 0 0 0 0 0 1 0
100	14	1 1 0 1 0 1 0 0 1 1 1 0 1 1 0 1
100	2	1 1 0 0 0 0 1 0 1 0 0 0 0 0 1 1
100	6	1 0 0 1 0 1 1 0 0 0 0 0 0 0 0 0
100	16	1 0 0 1 0 0 0 0 1 0 1 0 1 0 0 1
100	7	1 1 0 0 1 0 0 0 1 0 1 0 1 1 0 1
100	8	1 1 0 1 0 0 0 0 0 0 0 0 0 0 0 0
100	1	0 1 0 1 0 1 1 0 0 0 0 0 0 0 1 0
100	1	1 1 0 0 1 0 1 1 0 1 0 0 0 0 1 0
100	2	1 0 1 1 1 0 1 0 0 0 0 0 0 0 0 1
100	13	0 1 1 1 0 0 1 0 1 0 0 0 1 0 0 1
100	1	1 1 0 1 1 0 1 1 0 0 0 0 0 0 0 0
100	4	0 1 0 0 0 1 1 0 0 0 0 0 0 0 1 0
100	1	0 1 0 1 0 0 0 0 1 0 0 1 1 0 0 1
100	4	0 1 0 0 0 0 1 0 0 0 0 1 0 1 1 0
100	1	0 0 1 0 0 0 1 0 0 0 0 0 1 0 1 0
100	7	0 1 0 1 0 0 0 0 1 0 0 0 1 0 1 0
100	8	1 0 1 0 0 0 1 1 0 0 0 0 0 0 0 0
100	6	0 0 0 0 0 0 1 0 0 0 1 0 0 0 1 0
100	1	0 1 1 1 0 0 1 0 0 0 0 0 0 1 1 0
100	7	1 0 1 1 0 0 1 0 0 0 0 0 0 0 0 0
100	1	1 1 0 1 0 1 1 0 0 0 0 0 0 0 0 0
100	4	0 1 0 1 0 0 1 1 0 0 0 0 0 0 1 0
100	6	1 1 1 0 1 0 1 1 0 0 0 0 0 0 0 0
100	6	0 0 0 1 0 1 0 0 0 0 1 0 1 1 0 1
100	2	0 1 0 1 0 1 1 0 0 0 0 0 0 1 1 0
100	1	0 1 1 1 0 0 1 0 1 1 1 0 1 1 0 1
100	1	1 0 0 1 1 0 1 0 1 0 0 0 1 0 0 1
100	3	0 1 1 1 0 0 1 0 0 0 0 0 1 1 0 1
100	1	1 1 1 1 0 0 1 0 0 0 0 0 0 0 0 0
100	3	0 1 0 1 0 1 1 0 0 0 0 0 0 0 0 0
100	1	1 1 0 1 0 0 0 1 1 1 0 0 1 0 0 1
100	1	0 0 0 1 0 0 0 0 1 1 0 0 1 0 0 1
100	1	0 0 0 0 0 0 1 0 0 0 0 1 0 0 1 0
100	2	0 1 0 0 0 0 0 0 0 0 0 0 0 0 1 0
100	2	0 1 0 0 0 0 1 0 0 1 0 0 1 0 1 0
100	2	1 1 1 0 0 0 1 0 1 0 0 1 0 0 1 1
100	2	0 1 1 0 0 0 0 1 0 0 0 0 0 0 1 0
100	1	0 0 0 1 0 0 0 0 1 0 1 0 1 0 0 1
100	1	0 1 0 0 0 0 1 1 0 0 0 1 0 0 0 0
100	1	0 0 0 0 0 0 1 0 0 0 0 0 0 1 0 0
100	1	0 1 0 1 1 0 1 1 0 0 0 0 0 0 0 0
100	3	1 1 1 0 0 0 1 0 0 0 0 0 1 1 0 1
100	2	0 0 0 1 0 0 0 0 1 1 0 0 1 1 0 1
100	2	0 1 0 0 0 0 1 0 1 0 0 0 0 0 1 1
100	2	0 1 0 1 0 0 1 0 0 0 0 0 1 0 0 0
100	1	1 1 1 0 0 0 1 0 1 0 1 1 0 0 1 0
110	1	0 0 0 0 0 0 1 0 0 0 0 0 0 0 1 0
110	22	0 1 0 0 0 0 1 0 0 0 0 0 0 0 1 0
110	67	0 1 0 0 0 0 1 0 0 0 0 0 0 0 0 0
110	2	0 1 1 0 0 0 1 0 0 0 0 0 0 0 1 0
110	21	0 1 0 1 0 0 1 0 0 0 0 0 0 0 1 0
110	8	1 1 0 0 0 0 1 0 0 0 0 0 0 0 1 0
110	80	0 1 0 0 0 0 1 1 0 0 0 0 0 0 0 0
110	36	0 1 1 1 0 0 1 0 0 0 0 0 0 0 1 0
110	20	0 1 0 1 0 0 1 0 0 0 0 0 0 0 0 0
110	5	1 1 0 1 0 0 0 0 1 1 0 0 1 0 0 1
110	56	1 0 0 1 1 0 1 0 0 0 0 0 0 0 0 0
110	40	1 1 0 0 1 0 1 0 0 0 0 0 0 0 0 0
110	17	0 1 0 0 0 0 1 0 0 0 0 0 0 1 1 0
110	16	0 1 0 0 0 0 1 1 0 0 0 0 0 0 1 0
110	15	1 1 0 0 0 0 1 0 1 0 0 0 0 0 1 0
110	27	0 0 0 0 0 0 1 0 0 0 0 0 0 0 0 0
110	8	0 1 0 0 0 0 1 0 0 0 0 0 1 1 0 1
110	20	1 1 1 0 0 0 1 0 1 0 0 0 0 0 1 0
110	2	1 1 0 0 1 0 1 1 0 0 0 0 0 0 1 0
110	13	0 1 1 0 0 0 1 0 0 0 0 0 0 1 0 0
110	4	1 0 1 0 0 0 1 0 0 0 0 0 1 0 1 0
110	50	1 0 1 1 1 0 1 0 0 0 0 0 0 0 0 0
110	6	1 1 0 1 0 0 0 0 1 1 0 0 1 1 0 1
110	4	1 0 0 1 1 0 1 0 0 0 0 1 0 0 0 0
110	43	1 1 0 0 0 0 1 0 0 0 0 0 0 0 0 0
110	21	0 1 1 1 0 0 1 0 0 0 0 0 0 0 0 0
110	11	1 1 0 1 0 0 0 0 1 0 0 0 1 1 0 1
110	10	1 0 1 0 0 0 1 0 0 0 0 0 0 0 1 0
110	29	1 1 1 0 0 0 1 1 0 0 0 0 0 0 0 0
110	13	1 0 1 1 1 1 1 0 0 0 0 0 0 0 0 0
110	18	1 1 1 0 0 0 1 0 1 0 0 1 0 0 1 0
110	3	1 1 0 0 0 0 1 1 0 0 0 1 1 0 1 0
110	14	1 1 0 1 1 0 1 1 0 0 0 0 0 0 1 0
110	13	1 1 0 1 0 1 0 0 1 1 1 0 1 1 0 1
110	7	1 0 0 1 0 1 1 0 0 0 0 0 0 0 0 0
110	22	1 0 0 1 0 0 0 0 1 0 1 0 1 0 0 1
110	2	1 1 0 0 1 0 0 0 1 0 1 0 1 1 0 1
110	19	1 1 0 1 0 0 0 0 0 0 0 0 0 0 0 0
110	10	0 1 1 1 0 0 1 0 1 0 0 0 1 0 0 1
110	8	0 1 0 0 0 1 1 0 0 0 0 0 0 0 1 0
110	5	1 0 1 1 0 0 1 0 0 0 0 0 0 0 0 0
110	19	1 1 1 0 1 0 1 1 0 0 0 0 0 0 0 0
110	6	0 1 1 1 0 0 1 0 1 1 1 0 1 1 0 1
110	2	0 1 1 1 0 0 1 0 0 0 0 0 1 1 0 1
110	10	1 1 0 1 0 0 0 1 1 1 0 0 1 0 0 1
110	4	0 1 0 0 0 0 0 0 0 0 0 0 0 0 1 0
110	1	0 1 0 1 0 0 1 0 0 0 0 0 1 0 0 0
110	3	0 1 1 1 0 0 1 0 1 0 0 1 0 0 1 0
110	12	1 1 1 0 0 0 1 1 0 0 0 0 0 0 1 0
110	4	0 0 0 1 1 0 1 0 0 0 0 0 0 0 0 0
110	3	1 1 0 0 1 0 1 0 0 0 0 0 0 0 0 1
110	1	1 0 1 0 0 0 1 1 0 0 0 0 1 0 0 0
110	1	1 0 1 0 0 0 1 0 0 0 0 0 0 0 0 0
110	11	1 1 0 1 1 0 1 0 0 0 0 0 0 0 0 0
110	3	1 1 0 0 1 0 1 1 0 0 0 0 0 0 0 0
110	1	1 1 0 0 0 0 1 0 0 0 0 0 0 0 0 1
110	3	1 1 1 0 0 0 1 0 1 0 0 0 1 0 1 0
110	1	0 1 0 1 0 0 0 0 1 1 0 0 1 1 0 1
110	2	0 1 1 1 0 0 1 0 0 0 0 0 0 0 0 1
110	1	1 1 0 0 0 0 1 0 1 1 0 0 0 0 1 0
110	3	1 1 0 0 0 1 1 0 0 0 0 0 0 0 1 0
110	1	0 1 0 0 0 0 1 1 0 0 0 1 0 0 1 0
110	4	1 1 0 0 1 0 1 1 0 0 0 0 0 0 1 1
110	4	0 1 0 0 0 0 1 0 0 0 0 0 1 0 0 0
110	6	0 1 0 0 0 0 1 0 0 1 0 0 0 0 0 0
110	2	0 1 0 0 0 0 1 1 0 0 0 0 0 0 0 1
110	4	1 1 0 0 1 0 1 0 0 0 0 0 0 1 0 0
110	3	0 1 0 0 0 0 0 1 0 0 0 0 0 0 1 0
110	11	1 0 1 1 1 0 1 0 0 0 0 0 1 0 0 0
110	2	0 1 1 1 0 0 1 0 1 0 0 0 0 0 0 0
110	8	0 1 1 1 0 0 1 0 0 0 0 0 0 1 0 0
110	11	0 1 0 1 0 0 1 1 0 0 0 0 1 0 0 1
110	2	0 1 0 0 0 0 1 0 0 0 1 0 0 0 0 0
110	3	0 1 1 1 1 0 1 0 0 0 0 0 0 0 1 0
110	5	0 0 0 0 0 0 1 0 0 0 1 0 0 0 0 0
110	2	0 0 1 1 1 0 1 0 0 0 0 0 0 0 0 0
110	1	1 1 0 0 0 0 1 1 0 0 0 1 0 0 0 0
110	2	0 1 0 0 0 0 0 1 0 0 0 0 0 0 0 0
110	1	1 1 0 0 1 0 1 0 0 0 1 0 0 0 0 0
110	1	0 1 0 0 1 0 1 0 0 0 0 0 0 0 0 0
110	3	1 1 0 0 1 0 1 0 0 0 0 1 0 0 0 0
110	2	1 1 1 0 0 0 1 0 1 1 0 0 0 0 1 0
110	5	1 1 0 1 0 1 0 0 1 1 1 0 0 1 0 1
110	2	1 1 0 0 0 0 1 0 0 0 1 0 0 1 0 0
110	1	0 1 1 1 0 0 1 0 0 1 0 0 0 0 0 1
110	2	0 1 0 0 0 0 1 0 0 1 1 0 0 0 0 0
110	2	0 1 0 0 0 0 1 0 0 0 0 0 1 0 0 1
110	1	0 1 0 0 0 0 0 0 0 0 0 0 0 0 0 0
110	2	0 1 0 0 0 0 1 0 0 1 0 0 0 0 1 0
110	1	0 1 0 1 0 0 1 0 0 0 0 1 0 0 0 0
110	2	1 1 0 0 0 0 1 0 0 0 0 0 1 1 0 1
110	2	0 1 0 0 1 0 1 1 0 0 0 0 0 0 1 0
110	1	0 1 1 0 0 0 1 0 1 0 0 0 1 0 0 1
110	1	0 0 1 1 1 0 1 0 0 0 0 0 0 1 0 0
110	5	1 0 0 1 1 0 1 0 0 0 0 0 1 0 0 0
110	1	1 0 1 1 0 0 1 0 1 0 0 0 0 0 1 0
110	1	1 1 1 1 0 0 1 0 0 0 0 0 0 0 1 0
110	1	1 1 1 0 0 0 0 0 1 0 1 0 1 0 0 1
110	1	0 1 0 0 0 0 1 0 1 1 1 0 1 1 0 1
110	3	0 1 1 1 0 1 1 0 0 0 0 0 0 0 1 0
110	3	0 1 1 0 0 0 1 0 0 0 0 0 0 1 1 0
110	1	0 1 0 1 1 0 1 0 0 0 0 0 0 0 0 0
110	2	0 1 0 0 0 0 1 1 0 0 1 0 0 0 1 0
110	3	0 0 0 0 0 0 1 0 0 1 0 0 0 0 0 0
120	48	0 1 0 0 0 0 1 0 0 0 0 0 0 0 1 0
120	25	0 1 0 0 0 0 1 0 0 0 0 0 0 0 0 0
120	15	0 1 0 1 0 0 1 0 0 0 0 0 0 0 1 0
120	11	1 1 0 0 0 0 1 0 0 0 0 0 0 0 1 0
120	62	0 1 0 0 0 0 1 1 0 0 0 0 0 0 0 0
120	23	0 1 1 1 0 0 1 0 0 0 0 0 0 0 1 0
120	3	0 1 0 1 0 0 1 0 0 0 0 0 0 0 0 0
120	54	1 0 0 1 1 0 1 0 0 0 0 0 0 0 0 0
120	30	1 1 0 0 1 0 1 0 0 0 0 0 0 0 0 0
120	10	0 1 0 0 0 0 1 0 0 0 0 0 0 1 1 0
120	47	0 1 0 0 0 0 1 1 0 0 0 0 0 0 1 0
120	9	1 1 0 0 0 0 1 0 1 0 0 0 0 0 1 0
120	4	0 0 0 0 0 0 1 0 0 0 0 0 0 0 0 0
120	5	0 1 0 0 0 0 1 0 0 0 0 0 1 1 0 1
120	44	1 1 1 0 0 0 1 0 1 0 0 0 0 0 1 0
120	29	1 0 1 1 1 0 1 0 0 0 0 0 0 0 0 0
120	18	1 1 0 1 0 0 0 0 1 1 0 0 1 1 0 1
120	3	1 0 0 1 1 0 1 0 0 0 0 1 0 0 0 0
120	53	1 1 0 0 0 0 1 0 0 0 0 0 0 0 0 0
120	20	0 1 1 1 0 0 1 0 0 0 0 0 0 0 0 0
120	20	1 0 1 0 0 0 1 0 0 0 0 0 0 0 1 0
120	17	1 1 1 0 0 0 1 1 0 0 0 0 0 0 0 0
120	2	1 1 1 0 0 0 1 0 1 0 0 1 0 0 1 0
120	10	1 1 0 1 1 0 1 1 0 0 0 0 0 0 1 0
120	10	1 1 0 1 0 1 0 0 1 1 1 0 1 1 0 1
120	10	1 0 0 1 0 0 0 0 1 0 1 0 1 0 0 1
120	7	1 1 0 1 0 0 0 0 0 0 0 0 0 0 0 0
120	19	0 1 1 1 0 0 1 0 1 0 0 0 1 0 0 1
120	5	0 1 0 0 0 1 1 0 0 0 0 0 0 0 1 0
120	13	1 0 1 1 0 0 1 0 0 0 0 0 0 0 0 0
120	35	1 1 1 0 1 0 1 1 0 0 0 0 0 0 0 0
120	8	0 1 0 0 0 0 0 0 0 0 0 0 0 0 1 0
120	10	0 1 1 1 0 0 1 0 1 0 0 1 0 0 1 0
120	4	1 1 1 0 0 0 1 1 0 0 0 0 0 0 1 0
120	17	0 0 0 1 1 0 1 0 0 0 0 0 0 0 0 0
120	16	1 1 0 1 1 0 1 0 0 0 0 0 0 0 0 0
120	9	1 1 1 0 0 0 1 0 1 0 0 0 1 0 1 0
120	8	0 1 1 1 0 0 1 0 0 0 0 0 0 0 0 1
120	4	1 1 0 0 0 1 1 0 0 0 0 0 0 0 1 0
120	3	0 1 0 0 0 0 1 0 0 0 0 0 1 0 0 0
120	4	1 1 0 0 1 0 1 0 0 0 0 0 0 1 0 0
120	2	0 1 1 1 0 0 1 0 1 0 0 0 0 0 0 0
120	12	0 1 0 1 0 0 1 1 0 0 0 0 1 0 0 1
120	4	0 1 1 1 1 0 1 0 0 0 0 0 0 0 1 0
120	1	0 0 0 0 0 0 1 0 0 0 1 0 0 0 0 0
120	2	0 0 1 1 1 0 1 0 0 0 0 0 0 0 0 0
120	21	1 1 0 0 0 0 1 1 0 0 0 1 0 0 0 0
120	3	0 1 0 0 0 0 0 1 0 0 0 0 0 0 0 0
120	4	1 1 1 0 0 0 1 0 1 1 0 0 0 0 1 0
120	2	1 1 0 1 0 1 0 0 1 1 1 0 0 1 0 1
120	3	0 1 0 0 0 0 1 0 0 1 0 0 0 0 1 0
120	7	1 1 0 0 0 0 1 0 0 0 0 0 1 1 0 1
120	12	1 0 0 1 1 0 1 0 0 0 0 0 1 0 0 0
120	3	0 1 1 1 0 1 1 0 0 0 0 0 0 0 1 0
120	10	0 1 0 1 1 0 1 1 0 0 0 0 0 0 1 0
120	1	0 0 0 1 1 0 1 0 0 0 0 0 1 0 0 0
120	3	1 0 1 0 0 0 1 0 0 0 0 0 1 0 0 0
120	1	1 0 0 1 0 0 0 0 1 0 1 0 0 0 0 1
120	5	0 1 1 1 0 0 1 0 1 0 0 0 1 1 0 1
120	6	1 0 1 0 0 0 1 0 1 1 0 0 0 0 1 0
120	2	1 0 1 1 1 0 1 0 0 0 0 1 1 0 1 0
120	1	0 1 0 0 0 0 0 0 1 0 1 0 1 0 0 1
120	10	1 0 0 1 1 0 1 0 1 0 0 0 0 0 1 0
120	2	1 0 1 0 0 0 1 0 1 0 0 0 0 0 1 0
120	18	1 1 1 0 0 0 1 1 0 0 0 1 0 0 0 0
120	3	1 1 1 1 0 0 1 1 0 0 0 0 0 0 0 0
120	4	1 1 1 0 0 0 1 1 1 0 0 0 1 0 1 0
120	3	1 0 1 0 0 0 1 1 0 0 0 0 0 0 0 0
120	1	1 0 1 1 1 0 1 0 0 1 0 0 0 0 0 0
120	1	1 0 0 1 0 1 1 0 0 0 0 1 0 0 0 0
120	3	1 1 1 0 0 0 0 0 1 0 0 0 1 0 1 0
120	2	1 1 1 0 0 0 1 0 1 0 0 0 0 0 0 0
120	3	1 1 0 1 0 1 0 0 1 1 1 0 0 0 1 0
120	10	1 1 1 0 0 0 0 1 0 0 0 0 0 0 0 0
120	2	0 1 0 0 0 0 1 1 0 1 0 0 1 1 0 1
120	1	1 0 0 1 1 0 1 0 0 0 0 0 0 0 1 0
120	1	0 1 0 0 1 0 1 0 0 0 0 0 0 1 0 0
120	2	1 1 0 1 0 0 1 0 1 0 0 0 1 0 0 1
120	2	0 1 0 0 0 0 1 0 0 0 0 0 0 1 0 0
120	2	0 1 0 1 0 0 0 0 0 0 0 0 0 0 1 0
120	1	1 1 0 0 0 0 1 0 0 1 0 0 1 1 0 1
120	2	0 0 1 1 0 1 1 0 0 0 0 0 0 0 1 0
120	2	0 1 0 0 0 0 1 0 1 0 0 0 1 0 1 0
120	4	0 1 1 0 0 1 1 0 0 0 0 0 0 0 1 0
120	5	1 1 1 0 0 0 1 0 1 0 1 0 1 0 0 1
120	4	0 1 1 1 0 1 1 0 1 1 0 0 0 0 1 0
120	7	0 1 1 0 0 0 1 0 0 0 0 0 0 0 1 0
120	4	0 1 0 0 0 0 1 1 0 0 1 0 0 0 0 0
120	4	0 1 0 0 0 0 1 1 1 0 0 0 0 0 1 0
120	2	1 1 1 0 0 0 1 0 0 0 0 0 0 0 1 0
120	1	1 1 0 1 1 0 1 1 0 1 0 0 0 0 1 0
120	2	1 1 1 0 1 0 1 1 1 0 0 0 0 0 0 0
120	4	1 1 1 1 0 1 1 0 0 0 0 0 0 0 1 0
120	1	1 1 1 0 1 0 1 0 1 0 0 0 0 0 1 0
120	3	1 1 0 1 1 0 1 1 1 0 0 0 0 0 1 0
120	3	0 1 0 0 0 0 1 1 0 0 1 0 1 1 0 1
120	2	0 1 0 0 1 0 1 0 0 0 0 0 0 0 0 0
120	3	0 1 0 0 0 1 1 1 0 0 0 0 0 0 1 0
120	1	1 1 0 0 0 0 1 0 0 1 0 0 0 0 0 0
120	4	1 1 0 1 0 0 0 0 0 0 0 0 0 0 0 1
120	1	0 0 1 1 1 0 0 0 0 0 0 0 0 0 0 0
120	3	0 1 0 1 1 0 1 0 0 0 0 0 1 0 1 0
120	1	0 0 0 1 1 0 1 0 1 0 0 0 0 0 1 0
120	1	0 0 0 0 0 0 1 0 0 0 0 0 1 0 1 0
120	2	1 1 0 0 0 0 1 0 1 0 0 0 1 0 1 0
120	2	0 1 0 1 1 0 1 1 0 0 0 0 0 0 0 0
120	2	0 1 0 1 0 0 1 0 0 0 0 1 0 0 1 0
120	1	1 0 0 1 1 0 1 0 0 0 0 0 0 1 0 0
120	1	1 1 0 0 1 0 1 1 0 0 0 0 0 0 0 0
120	1	1 0 1 1 1 0 0 0 0 0 0 0 0 0 0 0
120	1	0 1 1 1 0 0 1 0 0 0 0 0 0 1 0 0
120	1	1 1 1 0 0 0 1 1 0 0 0 0 0 1 0 0
120	3	1 1 0 1 0 0 1 1 0 0 0 1 0 0 0 0
120	1	1 0 1 0 0 0 1 0 1 0 0 0 0 1 1 0
120	1	1 1 1 0 0 1 1 1 0 0 0 1 0 0 0 0
130	36	0 1 0 0 0 0 1 0 0 0 0 0 0 0 1 0
130	22	0 1 0 0 0 0 1 0 0 0 0 0 0 0 0 0
130	3	0 1 0 1 0 0 1 0 0 0 0 0 0 0 1 0
130	6	1 1 0 0 0 0 1 0 0 0 0 0 0 0 1 0
130	38	0 1 0 0 0 0 1 1 0 0 0 0 0 0 0 0
130	3	0 1 1 1 0 0 1 0 0 0 0 0 0 0 1 0
130	2	0 1 0 1 0 0 1 0 0 0 0 0 0 0 0 0
130	32	1 0 0 1 1 0 1 0 0 0 0 0 0 0 0 0
130	26	1 1 0 0 1 0 1 0 0 0 0 0 0 0 0 0
130	3	0 1 0 0 0 0 1 0 0 0 0 0 0 1 1 0
130	20	0 1 0 0 0 0 1 1 0 0 0 0 0 0 1 0
130	5	1 1 0 0 0 0 1 0 1 0 0 0 0 0 1 0
130	52	1 1 1 0 0 0 1 0 1 0 0 0 0 0 1 0
130	19	1 0 1 1 1 0 1 0 0 0 0 0 0 0 0 0
130	6	1 1 0 1 0 0 0 0 1 1 0 0 1 1 0 1
130	9	1 0 0 1 1 0 1 0 0 0 0 1 0 0 0 0
130	43	1 1 0 0 0 0 1 0 0 0 0 0 0 0 0 0
130	25	0 1 1 1 0 0 1 0 0 0 0 0 0 0 0 0
130	19	1 0 1 0 0 0 1 0 0 0 0 0 0 0 1 0
130	23	1 1 1 0 0 0 1 1 0 0 0 0 0 0 0 0
130	2	1 1 1 0 0 0 1 0 1 0 0 1 0 0 1 0
130	5	1 1 0 1 1 0 1 1 0 0 0 0 0 0 1 0
130	12	1 0 0 1 0 0 0 0 1 0 1 0 1 0 0 1
130	28	0 1 1 1 0 0 1 0 1 0 0 0 1 0 0 1
130	4	0 1 0 0 0 1 1 0 0 0 0 0 0 0 1 0
130	11	1 0 1 1 0 0 1 0 0 0 0 0 0 0 0 0
130	56	1 1 1 0 1 0 1 1 0 0 0 0 0 0 0 0
130	6	0 1 1 1 0 0 1 0 1 0 0 1 0 0 1 0
130	21	0 0 0 1 1 0 1 0 0 0 0 0 0 0 0 0
130	12	1 1 0 1 1 0 1 0 0 0 0 0 0 0 0 0
130	19	1 1 1 0 0 0 1 0 1 0 0 0 1 0 1 0
130	19	1 1 0 0 0 1 1 0 0 0 0 0 0 0 1 0
130	2	0 1 0 0 0 0 1 0 0 0 0 0 1 0 0 0
130	6	1 1 0 0 1 0 1 0 0 0 0 0 0 1 0 0
130	8	0 1 1 1 0 0 1 0 1 0 0 0 0 0 0 0
130	1	0 1 0 1 0 0 1 1 0 0 0 0 1 0 0 1
130	3	0 1 1 1 1 0 1 0 0 0 0 0 0 0 1 0
130	3	0 0 0 0 0 0 1 0 0 0 1 0 0 0 0 0
130	3	0 0 1 1 1 0 1 0 0 0 0 0 0 0 0 0
130	8	1 1 0 0 0 0 1 1 0 0 0 1 0 0 0 0
130	18	1 1 1 0 0 0 1 0 1 1 0 0 0 0 1 0
130	3	1 1 0 1 0 1 0 0 1 1 1 0 0 1 0 1
130	3	1 1 0 0 0 0 1 0 0 0 0 0 1 1 0 1
130	9	0 1 0 1 1 0 1 1 0 0 0 0 0 0 1 0
130	12	0 0 0 1 1 0 1 0 0 0 0 0 1 0 0 0
130	1	1 0 1 0 0 0 1 0 0 0 0 0 1 0 0 0
130	21	1 1 1 0 0 0 1 1 0 0 0 1 0 0 0 0
130	6	1 1 1 0 0 0 1 1 1 0 0 0 1 0 1 0
130	2	1 0 1 0 0 0 1 1 0 0 0 0 0 0 0 0
130	2	1 1 1 0 0 0 1 0 1 0 0 0 0 0 0 0
130	2	1 1 1 0 0 0 0 1 0 0 0 0 0 0 0 0
130	6	0 1 0 0 0 0 1 1 0 1 0 0 1 1 0 1
130	2	0 1 0 0 0 0 1 0 0 0 0 0 0 1 0 0
130	4	1 1 0 0 0 0 1 0 0 1 0 0 1 1 0 1
130	6	0 1 1 0 0 1 1 0 0 0 0 0 0 0 1 0
130	1	1 1 1 0 0 0 1 0 1 0 1 0 1 0 0 1
130	4	0 1 1 0 0 0 1 0 0 0 0 0 0 0 1 0
130	43	1 1 1 0 0 0 1 0 0 0 0 0 0 0 1 0
130	18	1 1 1 0 1 0 1 1 1 0 0 0 0 0 0 0
130	13	1 1 0 1 1 0 1 1 1 0 0 0 0 0 1 0
130	9	0 1 0 0 0 0 1 1 0 0 1 0 1 1 0 1
130	3	0 1 0 0 0 1 1 1 0 0 0 0 0 0 1 0
130	5	1 1 0 1 0 0 0 0 0 0 0 0 0 0 0 1
130	3	0 1 0 1 1 0 1 1 0 0 0 0 0 0 0 0
130	12	1 0 1 1 1 0 0 0 0 0 0 0 0 0 0 0
130	5	0 1 1 0 0 0 1 0 1 0 0 0 0 0 1 0
130	2	0 1 0 0 0 0 1 0 0 1 0 0 0 0 0 0
130	11	1 1 1 0 0 0 1 0 0 0 0 0 0 0 0 0
130	1	0 1 0 0 0 0 1 0 1 0 0 0 0 0 0 0
130	2	0 1 0 1 0 1 1 0 1 1 0 0 0 0 1 0
130	18	1 0 1 1 1 0 1 1 1 0 0 0 0 0 0 0
130	5	1 1 1 1 1 0 1 0 0 0 0 0 0 0 1 0
130	4	0 1 0 0 0 0 0 0 0 0 0 0 0 0 0 1
130	3	0 1 0 0 0 0 1 0 0 0 1 0 0 0 0 0
130	3	1 1 0 0 0 0 1 0 1 0 0 0 0 0 0 0
130	15	1 1 0 0 0 0 1 0 0 0 0 0 1 0 0 1
130	3	1 0 1 1 0 0 1 1 0 0 0 0 0 0 0 0
130	5	1 1 0 0 0 0 1 1 0 0 0 0 0 0 0 0
130	1	1 1 1 0 0 0 1 1 0 0 1 0 0 0 0 0
130	2	1 1 0 0 0 0 1 1 0 0 0 1 1 0 0 0
130	4	0 1 0 0 0 0 1 0 0 0 1 0 1 0 0 0
130	4	1 0 0 1 1 0 1 1 0 0 0 1 1 0 0 0
130	5	0 1 1 1 0 0 1 1 1 0 0 0 1 0 0 1
130	12	1 1 0 1 1 0 1 0 0 1 0 0 0 0 0 0
130	3	1 1 1 0 0 0 1 0 0 1 0 0 0 0 1 0
130	4	1 1 0 0 1 0 1 1 0 0 0 0 0 0 1 0
130	9	0 1 0 0 1 0 1 1 0 0 0 0 0 0 0 0
130	2	1 0 1 1 1 1 1 0 0 0 0 0 0 0 0 0
130	2	1 1 1 1 0 0 1 0 1 0 0 0 1 0 1 0
130	6	1 1 1 0 0 0 0 0 0 0 0 0 0 0 1 0
130	2	0 1 1 0 0 0 1 1 0 0 0 1 0 0 0 0
130	1	0 1 0 1 1 0 1 0 0 0 0 0 0 0 0 0
130	1	0 1 1 0 0 0 1 1 0 0 0 0 0 0 0 0
130	4	0 1 1 1 0 0 1 0 0 0 0 0 0 1 1 0
130	1	1 1 1 1 0 0 1 0 0 0 0 0 0 0 0 0
130	1	1 0 1 1 0 0 1 0 0 0 0 0 1 0 0 0
130	1	0 1 1 0 1 0 1 1 0 0 0 0 0 0 0 0
130	3	1 1 1 0 1 0 0 1 0 0 0 0 0 0 0 0
130	2	0 1 0 1 0 0 0 0 0 0 0 0 0 0 0 1
130	1	0 1 0 0 0 0 1 0 1 0 0 0 0 0 1 0
130	5	1 0 0 1 1 0 1 0 0 0 0 0 0 1 0 0
130	1	1 1 0 0 0 1 1 0 0 0 0 0 0 0 0 0
130	2	1 1 0 0 1 0 1 0 0 0 0 0 0 0 1 0
130	1	0 1 0 0 0 0 1 1 0 0 0 0 0 0 1 1
130	2	0 1 0 0 0 0 1 1 0 1 0 0 0 0 1 0
130	1	1 1 1 1 1 0 1 0 0 0 0 0 0 0 0 0
130	1	0 1 0 0 0 0 1 1 0 0 1 0 1 0 0 0
130	2	1 1 1 0 0 0 1 0 1 0 1 0 0 0 1 0
130	1	0 1 1 1 0 0 0 0 0 0 0 0 0 0 0 0
130	4	0 1 1 1 0 0 0 0 1 0 0 0 1 0 0 1
130	2	1 1 0 1 0 1 0 0 1 1 1 1 0 1 0 1
130	1	0 0 0 0 1 0 1 0 0 0 0 0 1 0 0 0
140	46	0 1 0 0 0 0 1 0 0 0 0 0 0 0 1 0
140	9	0 1 0 0 0 0 1 0 0 0 0 0 0 0 0 0
140	1	1 1 0 0 0 0 1 0 0 0 0 0 0 0 1 0
140	31	0 1 0 0 0 0 1 1 0 0 0 0 0 0 0 0
140	37	1 0 0 1 1 0 1 0 0 0 0 0 0 0 0 0
140	23	1 1 0 0 1 0 1 0 0 0 0 0 0 0 0 0
140	14	0 1 0 0 0 0 1 1 0 0 0 0 0 0 1 0
140	6	1 1 0 0 0 0 1 0 1 0 0 0 0 0 1 0
140	71	1 1 1 0 0 0 1 0 1 0 0 0 0 0 1 0
140	13	1 0 1 1 1 0 1 0 0 0 0 0 0 0 0 0
140	9	1 1 0 1 0 0 0 0 1 1 0 0 1 1 0 1
140	7	1 0 0 1 1 0 1 0 0 0 0 1 0 0 0 0
140	16	1 1 0 0 0 0 1 0 0 0 0 0 0 0 0 0
140	49	0 1 1 1 0 0 1 0 0 0 0 0 0 0 0 0
140	5	1 0 1 0 0 0 1 0 0 0 0 0 0 0 1 0
140	5	1 1 1 0 0 0 1 1 0 0 0 0 0 0 0 0
140	1	1 1 1 0 0 0 1 0 1 0 0 1 0 0 1 0
140	1	1 1 0 1 1 0 1 1 0 0 0 0 0 0 1 0
140	2	1 0 0 1 0 0 0 0 1 0 1 0 1 0 0 1
140	16	0 1 1 1 0 0 1 0 1 0 0 0 1 0 0 1
140	2	0 1 0 0 0 1 1 0 0 0 0 0 0 0 1 0
140	16	1 0 1 1 0 0 1 0 0 0 0 0 0 0 0 0
140	93	1 1 1 0 1 0 1 1 0 0 0 0 0 0 0 0
140	10	0 1 1 1 0 0 1 0 1 0 0 1 0 0 1 0
140	20	0 0 0 1 1 0 1 0 0 0 0 0 0 0 0 0
140	18	1 1 0 1 1 0 1 0 0 0 0 0 0 0 0 0
140	5	1 1 1 0 0 0 1 0 1 0 0 0 1 0 1 0
140	5	1 1 0 0 0 1 1 0 0 0 0 0 0 0 1 0
140	17	0 1 0 0 0 0 1 0 0 0 0 0 1 0 0 0
140	10	1 1 0 0 1 0 1 0 0 0 0 0 0 1 0 0
140	33	0 1 1 1 0 0 1 0 1 0 0 0 0 0 0 0
140	5	1 1 1 0 0 0 1 0 1 1 0 0 0 0 1 0
140	16	1 1 0 1 0 1 0 0 1 1 1 0 0 1 0 1
140	6	0 0 0 1 1 0 1 0 0 0 0 0 1 0 0 0
140	9	1 1 1 0 0 0 1 1 0 0 0 1 0 0 0 0
140	4	1 1 1 0 0 0 1 0 1 0 0 0 0 0 0 0
140	7	1 1 1 0 0 0 0 1 0 0 0 0 0 0 0 0
140	1	0 1 1 0 0 1 1 0 0 0 0 0 0 0 1 0
140	2	0 1 1 0 0 0 1 0 0 0 0 0 0 0 1 0
140	26	1 1 1 0 0 0 1 0 0 0 0 0 0 0 1 0
140	2	1 1 1 0 1 0 1 1 1 0 0 0 0 0 0 0
140	10	1 1 0 1 1 0 1 1 1 0 0 0 0 0 1 0
140	3	0 1 0 0 0 0 1 1 0 0 1 0 1 1 0 1
140	5	0 1 0 1 1 0 1 1 0 0 0 0 0 0 0 0
140	29	1 1 1 0 0 0 1 0 0 0 0 0 0 0 0 0
140	4	0 1 0 0 0 0 1 0 1 0 0 0 0 0 0 0
140	28	1 0 1 1 1 0 1 1 1 0 0 0 0 0 0 0
140	3	1 1 0 0 0 0 1 0 1 0 0 0 0 0 0 0
140	8	1 1 0 0 0 0 1 1 0 0 0 0 0 0 0 0
140	6	0 1 0 0 0 0 1 0 0 0 1 0 1 0 0 0
140	2	0 1 1 1 0 0 1 1 1 0 0 0 1 0 0 1
140	12	1 1 0 1 1 0 1 0 0 1 0 0 0 0 0 0
140	4	0 1 1 0 0 0 1 1 0 0 0 1 0 0 0 0
140	1	0 1 1 1 0 0 1 0 0 0 0 0 0 1 1 0
140	1	1 1 1 0 0 0 1 0 1 0 1 0 0 0 1 0
140	6	1 1 0 1 0 1 0 0 1 1 1 1 0 1 0 1
140	4	0 1 0 0 0 0 1 1 0 0 0 1 0 0 0 0
140	4	1 1 1 0 0 0 1 1 0 1 0 0 1 1 0 1
140	1	1 1 0 1 0 1 0 0 1 1 1 0 0 0 1 0
140	38	1 1 0 0 1 0 1 1 0 0 0 0 0 0 0 0
140	4	0 0 0 0 0 0 1 0 0 0 0 0 0 0 1 0
140	4	1 1 1 0 1 0 1 1 0 0 0 0 0 0 0 1
140	5	1 0 1 0 1 0 1 1 0 0 0 0 0 0 0 0
140	2	0 1 0 1 1 0 1 0 0 0 0 0 0 0 1 0
140	1	0 1 0 1 0 0 1 0 0 0 0 0 0 0 0 0
140	1	1 1 1 0 1 0 1 0 1 0 0 0 0 0 0 0
140	2	1 1 0 0 1 0 1 0 0 0 0 0 0 0 1 0
140	1	1 1 0 0 0 0 1 1 1 0 0 0 0 0 0 0
140	3	1 1 0 0 1 0 1 0 0 1 0 0 1 1 0 1
140	5	1 1 0 1 1 0 1 1 1 0 0 0 0 0 0 0
140	17	0 1 1 1 0 0 1 0 1 1 0 0 1 0 0 1
140	3	1 0 1 0 0 0 1 1 0 0 0 1 0 0 0 0
140	2	1 1 0 1 1 0 1 0 1 0 0 0 0 0 1 0
140	16	1 0 1 1 1 0 1 1 1 0 0 0 0 0 1 0
140	2	0 1 0 0 0 0 0 1 0 0 0 0 0 0 0 0
140	4	1 0 0 1 1 0 1 0 0 1 0 0 0 0 0 0
140	4	1 1 0 0 1 0 1 1 0 0 0 1 0 0 0 0
140	6	1 1 0 0 0 0 1 1 0 0 0 0 0 0 0 1
140	4	1 1 0 1 1 0 1 0 0 1 0 0 0 0 1 0
140	1	1 0 0 0 0 0 1 0 0 0 0 0 0 0 1 0
140	7	1 1 1 0 0 0 1 0 1 0 0 0 0 0 1 1
140	1	0 1 1 0 0 0 0 0 0 0 0 0 0 0 0 1
140	2	0 1 1 0 0 0 1 1 0 0 1 1 0 0 0 0
140	4	0 1 1 1 0 0 1 0 0 0 0 0 0 1 0 0
140	1	1 1 1 0 0 0 1 0 1 1 0 0 0 0 0 0
140	1	1 1 0 1 0 1 0 1 1 0 0 0 0 0 0 0
140	5	1 1 1 0 1 0 1 1 0 0 1 0 0 0 0 0
140	2	1 0 0 0 0 0 1 1 0 0 0 1 0 0 0 0
140	1	1 1 1 0 0 0 1 0 0 0 1 0 0 0 0 0
140	7	0 0 1 1 0 0 1 1 0 0 0 0 0 0 0 0
140	1	1 0 1 0 0 0 1 0 0 0 0 0 0 0 0 0
140	1	0 0 0 1 1 0 1 0 1 0 0 0 0 0 1 0
140	4	1 1 1 0 0 0 1 0 0 1 0 0 0 0 0 0
140	2	1 0 0 1 1 0 0 0 0 0 0 0 0 0 0 0
140	2	1 1 1 1 0 0 1 0 0 0 0 0 0 0 0 0
140	1	1 1 1 0 1 0 1 1 0 1 0 0 0 0 0 0
140	3	1 1 0 0 0 0 1 1 0 0 0 1 1 0 0 0
140	1	0 1 0 1 0 1 0 1 1 0 0 0 0 0 0 0
140	3	0 1 1 0 1 0 1 1 0 0 0 0 0 0 0 0
140	1	1 0 0 1 1 0 1 0 1 1 0 0 1 1 0 1
140	1	1 1 1 0 1 0 1 0 0 0 0 0 0 0 0 0
140	2	1 1 0 1 0 0 0 0 1 1 0 0 0 0 1 0
140	1	0 1 1 1 1 0 1 1 1 0 0 0 0 0 1 0
140	2	1 1 0 0 0 1 1 0 0 0 0 0 0 0 0 0
140	1	1 1 0 1 0 0 1 0 0 0 1 0 0 0 0 0
140	1	0 0 0 0 0 0 1 0 0 0 0 0 0 0 0 0
140	2	1 1 0 0 0 0 1 0 1 0 0 0 0 0 1 1
140	3	1 0 1 1 0 0 1 0 0 0 0 0 1 0 0 0
140	1	1 0 1 0 1 0 0 1 0 0 0 0 0 0 0 0
140	1	1 1 0 1 0 0 0 0 1 1 1 1 0 1 0 1
140	2	1 1 1 0 1 0 0 1 0 0 0 0 0 0 0 1
140	3	1 1 1 0 0 0 1 0 0 1 1 0 1 1 0 1
140	2	0 1 1 0 0 0 0 1 0 0 1 1 0 0 0 0
140	3	0 1 1 0 0 0 1 0 0 0 1 0 0 0 0 0
150	15	0 1 0 0 0 0 1 0 0 0 0 0 0 0 1 0
150	11	0 1 0 0 0 0 1 0 0 0 0 0 0 0 0 0
150	16	0 1 0 0 0 0 1 1 0 0 0 0 0 0 0 0
150	82	1 0 0 1 1 0 1 0 0 0 0 0 0 0 0 0
150	30	1 1 0 0 1 0 1 0 0 0 0 0 0 0 0 0
150	3	0 1 0 0 0 0 1 1 0 0 0 0 0 0 1 0
150	7	1 1 0 0 0 0 1 0 1 0 0 0 0 0 1 0
150	67	1 1 1 0 0 0 1 0 1 0 0 0 0 0 1 0
150	8	1 0 1 1 1 0 1 0 0 0 0 0 0 0 0 0
150	9	1 1 0 1 0 0 0 0 1 1 0 0 1 1 0 1
150	13	1 1 0 0 0 0 1 0 0 0 0 0 0 0 0 0
150	21	0 1 1 1 0 0 1 0 0 0 0 0 0 0 0 0
150	16	1 1 1 0 0 0 1 1 0 0 0 0 0 0 0 0
150	26	0 1 1 1 0 0 1 0 1 0 0 0 1 0 0 1
150	3	0 1 0 0 0 1 1 0 0 0 0 0 0 0 1 0
150	20	1 0 1 1 0 0 1 0 0 0 0 0 0 0 0 0
150	100	1 1 1 0 1 0 1 1 0 0 0 0 0 0 0 0
150	8	0 1 1 1 0 0 1 0 1 0 0 1 0 0 1 0
150	13	0 0 0 1 1 0 1 0 0 0 0 0 0 0 0 0
150	20	1 1 0 1 1 0 1 0 0 0 0 0 0 0 0 0
150	9	1 1 1 0 0 0 1 0 1 0 0 0 1 0 1 0
150	6	0 1 0 0 0 0 1 0 0 0 0 0 1 0 0 0
150	23	0 1 1 1 0 0 1 0 1 0 0 0 0 0 0 0
150	31	1 1 0 1 0 1 0 0 1 1 1 0 0 1 0 1
150	7	1 1 1 0 0 0 1 1 0 0 0 1 0 0 0 0
150	6	1 1 1 0 0 0 0 1 0 0 0 0 0 0 0 0
150	5	1 1 1 0 0 0 1 0 0 0 0 0 0 0 1 0
150	3	1 1 1 0 1 0 1 1 1 0 0 0 0 0 0 0
150	20	1 1 1 0 0 0 1 0 0 0 0 0 0 0 0 0
150	2	0 1 0 0 0 0 1 0 1 0 0 0 0 0 0 0
150	57	1 0 1 1 1 0 1 1 1 0 0 0 0 0 0 0
150	2	0 1 0 0 0 0 1 0 0 0 1 0 1 0 0 0
150	6	1 1 0 1 1 0 1 0 0 1 0 0 0 0 0 0
150	19	0 1 0 0 0 0 1 1 0 0 0 1 0 0 0 0
150	23	1 1 0 0 1 0 1 1 0 0 0 0 0 0 0 0
150	5	1 0 1 0 1 0 1 1 0 0 0 0 0 0 0 0
150	7	0 1 0 1 1 0 1 0 0 0 0 0 0 0 1 0
150	4	0 1 0 1 0 0 1 0 0 0 0 0 0 0 0 0
150	10	0 1 1 1 0 0 1 0 1 1 0 0 1 0 0 1
150	7	1 0 1 0 0 0 1 1 0 0 0 1 0 0 0 0
150	25	1 0 1 1 1 0 1 1 1 0 0 0 0 0 1 0
150	13	1 1 0 0 1 0 1 1 0 0 0 1 0 0 0 0
150	1	1 1 0 1 1 0 1 0 0 1 0 0 0 0 1 0
150	6	1 1 1 0 0 0 1 0 1 0 0 0 0 0 1 1
150	4	0 1 1 0 0 0 1 1 0 0 1 1 0 0 0 0
150	2	0 1 1 1 0 0 1 0 0 0 0 0 0 1 0 0
150	3	1 1 1 0 1 0 1 1 0 0 1 0 0 0 0 0
150	9	0 0 1 1 0 0 1 1 0 0 0 0 0 0 0 0
150	8	1 0 0 1 1 0 0 0 0 0 0 0 0 0 0 0
150	4	1 1 1 1 0 0 1 0 0 0 0 0 0 0 0 0
150	4	0 1 1 0 1 0 1 1 0 0 0 0 0 0 0 0
150	4	1 0 1 1 0 0 1 0 0 0 0 0 1 0 0 0
150	2	0 1 1 0 0 0 1 0 0 0 1 0 0 0 0 0
150	7	0 1 1 0 0 0 1 0 0 0 0 0 0 0 0 0
150	2	0 1 1 1 0 0 1 0 0 0 0 0 0 0 1 0
150	2	0 1 1 1 0 0 1 1 0 0 1 1 0 0 0 0
150	4	1 1 1 0 1 0 1 1 0 0 0 1 0 0 0 0
150	7	1 1 0 1 1 0 1 1 0 0 0 1 0 0 0 0
150	4	0 1 0 0 0 0 1 1 1 0 0 0 0 0 0 0
150	10	1 0 1 1 0 0 1 0 0 0 0 0 0 0 0 1
150	1	1 1 1 0 0 0 1 0 1 0 1 0 0 0 1 0
150	3	0 1 1 1 0 1 1 0 1 0 0 0 0 0 0 0
150	4	1 1 0 0 0 0 1 0 0 0 0 1 0 0 0 0
150	13	1 1 1 0 1 0 1 0 0 0 0 0 0 0 0 0
150	9	1 1 1 1 0 0 1 0 1 1 0 0 1 0 0 1
150	3	1 1 0 0 0 0 1 1 0 0 0 0 0 0 1 0
150	6	1 1 1 0 0 1 1 0 1 0 0 0 0 0 1 0
150	12	1 0 1 1 1 1 1 0 0 0 0 0 0 0 0 0
150	4	1 0 0 1 1 0 1 1 0 0 0 0 0 0 0 0
150	4	1 1 1 1 0 0 1 0 1 0 0 0 0 0 0 0
150	2	0 1 0 0 0 0 1 0 1 0 0 0 0 0 1 0
150	1	1 1 0 0 0 0 1 0 0 0 0 0 1 0 0 0
150	2	0 1 1 0 0 0 0 0 0 0 0 0 0 0 0 0
150	1	1 0 0 1 1 0 1 1 1 0 0 0 0 0 0 0
150	1	1 0 0 0 0 0 1 0 1 0 0 0 1 0 1 0
150	4	0 0 0 0 0 0 1 0 0 0 0 0 0 0 0 0
150	4	1 1 0 0 1 0 1 0 0 0 0 0 0 0 0 1
150	1	0 1 1 0 1 0 1 1 0 1 0 0 0 0 0 0
150	4	0 1 1 1 0 0 1 0 1 0 0 0 1 0 0 0
150	4	1 1 0 1 1 0 1 0 0 0 0 1 0 0 0 0
150	2	1 1 0 0 0 0 1 0 0 0 0 0 0 1 0 0
150	3	1 0 1 1 0 0 1 0 0 1 0 0 0 0 0 0
150	3	0 1 1 1 1 0 1 0 1 0 0 0 0 0 0 0
150	1	1 1 1 0 0 0 0 1 0 0 1 0 0 0 0 0
150	2	1 0 1 1 1 0 0 1 1 0 0 0 0 0 0 0
150	2	1 1 0 0 0 1 1 1 0 0 0 0 0 0 0 1
150	3	0 1 1 0 1 0 1 0 0 0 0 0 0 0 0 0
150	1	0 1 0 0 0 0 1 0 0 0 1 0 0 0 1 0
150	2	1 0 0 1 1 0 1 0 0 0 1 0 0 0 0 0
150	1	1 1 1 1 1 0 1 0 0 0 0 0 0 0 0 0
150	8	1 1 0 1 1 0 0 0 0 0 0 0 0 0 0 0
150	3	1 1 0 1 0 1 0 0 1 0 1 0 0 1 0 1
150	3	1 1 1 0 0 0 1 0 1 0 0 0 0 0 0 0
150	2	1 1 0 1 1 0 1 1 1 0 0 0 0 0 0 0
150	2	1 0 1 1 1 0 1 1 0 0 0 0 0 0 1 0
150	1	1 0 0 1 1 0 1 0 0 0 0 0 0 0 1 0
150	1	0 1 0 0 0 0 1 0 0 0 0 0 0 1 1 0
150	2	1 1 1 0 0 0 1 0 1 0 0 1 0 0 1 0
150	2	1 1 1 0 0 0 1 0 1 0 0 0 0 1 1 0
150	1	1 1 0 0 0 0 1 0 1 0 0 0 0 0 0 0
150	7	0 1 1 1 0 0 1 0 1 0 0 1 0 0 0 0
150	1	1 1 1 1 0 1 0 0 1 1 1 0 0 1 0 1
150	1	1 1 0 0 0 0 0 1 0 0 0 0 0 0 0 0
150	2	0 1 1 1 0 0 1 0 1 1 0 0 1 1 0 1
160	9	0 1 0 0 0 0 1 0 0 0 0 0 0 0 0 0
160	25	0 1 0 0 0 0 1 1 0 0 0 0 0 0 0 0
160	58	1 0 0 1 1 0 1 0 0 0 0 0 0 0 0 0
160	27	1 1 0 0 1 0 1 0 0 0 0 0 0 0 0 0
160	18	1 1 0 0 0 0 1 0 1 0 0 0 0 0 1 0
160	50	1 1 1 0 0 0 1 0 1 0 0 0 0 0 1 0
160	1	1 0 1 1 1 0 1 0 0 0 0 0 0 0 0 0
160	20	1 1 0 0 0 0 1 0 0 0 0 0 0 0 0 0
160	34	0 1 1 1 0 0 1 0 0 0 0 0 0 0 0 0
160	10	1 1 1 0 0 0 1 1 0 0 0 0 0 0 0 0
160	10	0 1 1 1 0 0 1 0 1 0 0 0 1 0 0 1
160	4	0 1 0 0 0 1 1 0 0 0 0 0 0 0 1 0
160	30	1 0 1 1 0 0 1 0 0 0 0 0 0 0 0 0
160	128	1 1 1 0 1 0 1 1 0 0 0 0 0 0 0 0
160	4	0 1 1 1 0 0 1 0 1 0 0 1 0 0 1 0
160	9	0 0 0 1 1 0 1 0 0 0 0 0 0 0 0 0
160	23	1 1 0 1 1 0 1 0 0 0 0 0 0 0 0 0
160	19	0 1 1 1 0 0 1 0 1 0 0 0 0 0 0 0
160	2	1 1 0 1 0 1 0 0 1 1 1 0 0 1 0 1
160	3	1 1 1 0 0 0 1 1 0 0 0 1 0 0 0 0
160	4	1 1 1 0 0 0 1 0 0 0 0 0 0 0 1 0
160	19	1 1 1 0 0 0 1 0 0 0 0 0 0 0 0 0
160	59	1 0 1 1 1 0 1 1 1 0 0 0 0 0 0 0
160	3	1 1 0 1 1 0 1 0 0 1 0 0 0 0 0 0
160	12	0 1 0 0 0 0 1 1 0 0 0 1 0 0 0 0
160	11	1 1 0 0 1 0 1 1 0 0 0 0 0 0 0 0
160	2	1 0 1 0 1 0 1 1 0 0 0 0 0 0 0 0
160	2	0 1 0 1 1 0 1 0 0 0 0 0 0 0 1 0
160	17	0 1 0 1 0 0 1 0 0 0 0 0 0 0 0 0
160	10	1 0 1 0 0 0 1 1 0 0 0 1 0 0 0 0
160	3	1 0 1 1 1 0 1 1 1 0 0 0 0 0 1 0
160	22	1 1 0 0 1 0 1 1 0 0 0 1 0 0 0 0
160	2	1 1 0 1 1 0 1 0 0 1 0 0 0 0 1 0
160	6	1 1 1 0 0 0 1 0 1 0 0 0 0 0 1 1
160	2	0 0 1 1 0 0 1 1 0 0 0 0 0 0 0 0
160	6	1 0 0 1 1 0 0 0 0 0 0 0 0 0 0 0
160	24	1 1 1 1 0 0 1 0 0 0 0 0 0 0 0 0
160	2	0 1 1 0 1 0 1 1 0 0 0 0 0 0 0 0
160	6	1 0 1 1 0 0 1 0 0 0 0 0 1 0 0 0
160	2	0 1 1 0 0 0 1 0 0 0 1 0 0 0 0 0
160	7	0 1 1 0 0 0 1 0 0 0 0 0 0 0 0 0
160	3	1 0 1 1 0 0 1 0 0 0 0 0 0 0 0 1
160	18	1 1 1 0 1 0 1 0 0 0 0 0 0 0 0 0
160	3	1 1 1 1 0 0 1 0 1 1 0 0 1 0 0 1
160	19	1 1 1 0 0 1 1 0 1 0 0 0 0 0 1 0
160	10	1 0 1 1 1 1 1 0 0 0 0 0 0 0 0 0
160	12	1 0 0 1 1 0 1 1 0 0 0 0 0 0 0 0
160	5	1 1 1 1 0 0 1 0 1 0 0 0 0 0 0 0
160	18	0 1 1 1 0 0 1 0 1 0 0 0 1 0 0 0
160	1	0 1 1 1 1 0 1 0 1 0 0 0 0 0 0 0
160	26	0 1 1 0 1 0 1 0 0 0 0 0 0 0 0 0
160	8	1 1 0 1 1 0 0 0 0 0 0 0 0 0 0 0
160	3	1 1 0 1 1 0 1 1 1 0 0 0 0 0 0 0
160	9	1 1 1 0 0 0 1 0 1 0 0 0 0 1 1 0
160	13	1 1 0 1 0 1 0 0 1 0 1 0 0 1 0 0
160	10	1 0 1 0 0 0 1 0 1 0 0 0 0 0 1 0
160	5	0 1 1 1 0 0 1 0 1 1 1 0 1 0 0 1
160	1	0 1 1 0 1 0 1 0 0 0 0 1 0 0 0 0
160	9	1 0 1 1 1 1 1 1 1 0 0 0 0 0 0 0
160	2	1 1 1 0 0 0 1 1 1 0 0 0 0 0 0 0
160	4	0 1 1 1 0 0 1 1 0 0 0 0 0 0 0 0
160	7	0 1 1 0 0 0 1 0 1 0 0 0 0 1 1 0
160	2	0 1 1 1 1 0 1 0 0 0 0 0 0 0 0 0
160	1	1 0 1 1 0 1 1 0 0 0 0 0 0 0 0 0
160	6	1 0 1 1 0 0 1 0 0 0 0 1 1 0 0 0
160	10	0 1 1 1 0 1 1 0 1 0 0 0 0 0 0 1
160	11	1 1 0 1 0 0 0 0 0 0 0 0 0 0 0 0
160	4	0 1 0 0 1 0 1 1 1 0 0 0 0 0 0 0
160	2	1 1 1 0 1 0 1 0 0 0 0 1 0 0 0 0
160	3	1 1 1 0 0 1 1 0 1 0 0 0 0 0 0 0
160	3	1 1 1 0 0 1 1 1 1 0 0 0 0 0 1 0
160	4	1 1 1 1 0 0 1 0 0 0 0 0 1 0 0 0
160	1	0 1 1 1 1 0 1 1 0 0 0 1 0 0 0 0
160	1	1 1 0 1 0 0 0 1 1 1 0 0 1 1 0 1
160	6	1 1 0 1 0 0 0 0 1 1 0 1 1 1 0 1
160	1	1 1 0 0 1 0 0 1 0 0 0 0 0 0 0 0
160	2	0 1 0 1 1 0 1 0 0 0 0 0 0 0 1 1
160	2	0 1 0 0 0 0 1 1 1 0 0 0 1 0 0 1
160	4	0 1 1 0 0 0 1 0 1 0 1 0 0 1 1 0
160	1	1 1 0 1 0 0 1 0 1 1 0 0 1 1 0 1
160	3	1 1 0 1 1 1 0 0 1 1 1 0 0 0 0 0
160	2	1 1 0 0 1 0 0 1 0 0 0 0 1 0 0 0
160	2	1 0 1 0 0 0 1 0 0 0 0 0 0 0 0 0
160	2	1 1 0 0 0 0 1 0 1 0 0 0 0 0 0 0
160	1	0 1 1 1 1 0 1 1 1 0 0 0 0 0 0 0
160	2	0 1 1 1 1 0 1 1 0 0 0 0 0 0 0 0
160	1	1 1 1 0 0 0 0 0 0 0 0 0 0 0 0 0
160	4	1 0 1 1 1 0 1 0 1 0 0 0 0 0 0 0
160	1	1 1 0 0 1 0 1 1 0 0 0 0 1 0 0 0
160	2	1 1 1 0 0 0 1 0 1 0 0 0 0 1 1 1
160	5	0 1 1 0 1 0 0 0 0 0 0 0 0 0 0 0
160	1	1 1 0 1 0 0 0 0 0 0 0 0 0 1 0 0
160	2	1 1 0 0 1 0 0 1 1 0 0 0 1 0 0 0
160	4	1 1 0 1 1 0 1 1 0 0 0 0 0 0 0 0
160	1	1 0 1 1 1 0 1 1 1 0 0 0 0 0 0 1
160	1	1 0 1 1 1 0 1 1 0 0 0 0 0 0 0 0
160	2	0 1 0 0 1 0 1 0 0 0 0 0 0 0 0 0
160	2	1 1 1 0 0 0 1 0 1 0 0 1 0 0 1 0
160	1	1 1 1 0 1 1 1 1 0 0 0 0 0 0 0 0
160	3	0 1 0 1 0 0 0 0 0 0 0 0 0 0 0 0
160	2	0 1 1 1 0 1 1 0 1 0 0 0 1 0 0 0
160	1	0 1 1 0 0 0 1 0 1 0 0 1 0 1 1 0
170	5	0 1 0 0 0 0 1 0 0 0 0 0 0 0 0 0
170	17	0 1 0 0 0 0 1 1 0 0 0 0 0 0 0 0
170	47	1 0 0 1 1 0 1 0 0 0 0 0 0 0 0 0
170	11	1 1 0 0 1 0 1 0 0 0 0 0 0 0 0 0
170	2	1 1 0 0 0 0 1 0 1 0 0 0 0 0 1 0
170	30	1 1 1 0 0 0 1 0 1 0 0 0 0 0 1 0
170	16	1 1 0 0 0 0 1 0 0 0 0 0 0 0 0 0
170	49	0 1 1 1 0 0 1 0 0 0 0 0 0 0 0 0
170	15	1 1 1 0 0 0 1 1 0 0 0 0 0 0 0 0
170	12	0 1 1 1 0 0 1 0 1 0 0 0 1 0 0 1
170	2	0 1 0 0 0 1 1 0 0 0 0 0 0 0 1 0
170	17	1 0 1 1 0 0 1 0 0 0 0 0 0 0 0 0
170	102	1 1 1 0 1 0 1 1 0 0 0 0 0 0 0 0
170	15	0 1 1 1 0 0 1 0 1 0 0 1 0 0 1 0
170	8	1 1 0 1 1 0 1 0 0 0 0 0 0 0 0 0
170	10	1 1 0 1 0 1 0 0 1 1 1 0 0 1 0 1
170	45	1 1 1 0 0 0 1 0 0 0 0 0 0 0 0 0
170	94	1 0 1 1 1 0 1 1 1 0 0 0 0 0 0 0
170	13	1 1 0 1 1 0 1 0 0 1 0 0 0 0 0 0
170	2	0 1 0 0 0 0 1 1 0 0 0 1 0 0 0 0
170	12	1 1 0 0 1 0 1 1 0 0 0 0 0 0 0 0
170	11	0 1 0 1 0 0 1 0 0 0 0 0 0 0 0 0
170	9	1 0 1 0 0 0 1 1 0 0 0 1 0 0 0 0
170	18	1 1 0 0 1 0 1 1 0 0 0 1 0 0 0 0
170	17	1 1 1 1 0 0 1 0 0 0 0 0 0 0 0 0
170	3	0 1 1 0 1 0 1 1 0 0 0 0 0 0 0 0
170	5	1 0 1 1 0 0 1 0 0 0 0 0 1 0 0 0
170	4	0 1 1 0 0 0 1 0 0 0 0 0 0 0 0 0
170	12	1 0 1 1 0 0 1 0 0 0 0 0 0 0 0 1
170	8	1 1 1 0 1 0 1 0 0 0 0 0 0 0 0 0
170	2	1 1 1 1 0 0 1 0 1 1 0 0 1 0 0 1
170	14	1 1 1 0 0 1 1 0 1 0 0 0 0 0 1 0
170	8	1 0 1 1 1 1 1 0 0 0 0 0 0 0 0 0
170	21	1 0 0 1 1 0 1 1 0 0 0 0 0 0 0 0
170	13	0 1 1 0 1 0 1 0 0 0 0 0 0 0 0 0
170	2	1 1 0 1 1 0 0 0 0 0 0 0 0 0 0 0
170	26	1 1 0 1 1 0 1 1 1 0 0 0 0 0 0 0
170	4	1 1 0 1 0 1 0 0 1 0 1 0 0 1 0 0
170	24	1 0 1 0 0 0 1 0 1 0 0 0 0 0 1 0
170	14	1 0 1 1 1 1 1 1 1 0 0 0 0 0 0 0
170	3	0 1 1 0 0 0 1 0 1 0 0 0 0 1 1 0
170	8	1 0 1 1 0 0 1 0 0 0 0 1 1 0 0 0
170	18	0 1 1 1 0 1 1 0 1 0 0 0 0 0 0 1
170	11	1 1 0 1 0 0 0 0 0 0 0 0 0 0 0 0
170	4	0 1 0 0 1 0 1 1 1 0 0 0 0 0 0 0
170	4	1 1 1 0 1 0 1 0 0 0 0 1 0 0 0 0
170	15	1 1 1 0 0 1 1 0 1 0 0 0 0 0 0 0
170	11	1 1 0 1 1 1 0 0 1 1 1 0 0 0 0 0
170	7	1 1 0 0 0 0 1 0 1 0 0 0 0 0 0 0
170	6	1 1 1 0 0 0 0 0 0 0 0 0 0 0 0 0
170	5	1 0 1 1 1 0 1 0 1 0 0 0 0 0 0 0
170	1	0 1 1 0 1 0 0 0 0 0 0 0 0 0 0 0
170	15	1 1 0 1 1 0 1 1 0 0 0 0 0 0 0 0
170	5	0 1 0 0 1 0 1 0 0 0 0 0 0 0 0 0
170	4	0 1 1 1 0 1 1 0 1 0 0 0 1 0 0 0
170	3	1 0 1 1 1 1 1 0 0 0 0 0 0 0 1 1
170	8	1 1 1 0 1 0 1 1 0 0 0 0 0 0 1 0
170	3	1 1 0 1 1 0 1 0 0 0 0 0 0 0 1 0
170	2	0 1 0 1 0 0 1 0 0 0 0 0 0 0 0 1
170	1	1 1 0 0 0 0 1 0 1 0 0 0 0 0 0 1
170	1	0 1 0 0 1 0 1 1 0 0 0 1 0 0 0 0
170	3	1 1 0 0 1 1 1 0 0 0 0 0 0 0 0 0
170	3	1 1 1 0 0 1 1 0 1 0 0 0 0 1 1 0
170	1	1 1 0 1 0 0 0 1 0 0 0 0 0 0 0 0
170	1	1 1 0 0 1 0 1 0 0 0 0 0 0 0 1 0
170	5	1 1 1 0 1 0 1 1 0 1 0 0 0 0 0 0
170	6	1 1 0 0 1 0 1 0 0 0 1 0 0 0 0 0
170	12	0 1 1 1 0 1 1 0 1 1 0 0 0 0 0 1
170	1	0 1 1 0 1 0 0 0 0 0 0 0 1 0 0 0
170	2	1 0 1 0 0 0 1 0 0 0 0 0 0 0 0 0
170	1	0 1 1 1 0 1 1 1 1 1 0 0 0 0 0 1
170	3	1 0 1 0 0 0 1 0 1 0 0 0 0 0 0 0
170	10	1 0 1 0 0 0 1 0 0 0 0 0 0 0 1 0
170	5	0 1 1 1 0 0 0 0 0 0 0 0 0 0 0 0
170	7	1 1 1 0 0 0 1 1 0 0 0 0 0 0 0 1
170	1	1 1 1 0 1 0 1 1 0 0 0 0 0 0 0 1
170	3	1 0 0 1 1 0 1 1 1 0 0 0 0 0 0 0
170	6	0 1 0 1 1 0 1 0 0 1 0 0 0 0 0 0
170	1	1 1 1 1 0 1 1 0 0 0 0 0 0 0 0 0
170	2	0 0 1 0 0 0 1 0 0 0 0 0 0 0 0 0
170	1	1 0 1 0 1 1 1 1 1 0 0 0 0 0 0 0
170	5	1 1 1 0 0 0 1 0 1 0 0 0 0 0 0 0
170	2	1 1 0 0 1 0 1 0 1 0 0 0 0 0 1 0
170	3	1 1 1 0 0 0 1 0 0 0 0 0 1 0 0 0
170	2	1 1 1 0 1 0 1 1 0 0 0 1 0 0 0 0
170	5	1 0 1 0 0 0 0 0 1 0 0 0 0 0 1 0
170	4	1 1 0 1 1 1 1 0 1 1 1 0 0 0 0 0
170	4	1 1 0 0 0 0 1 0 0 0 0 0 0 0 1 0
170	4	0 1 1 1 0 1 1 0 0 0 0 0 0 0 0 0
170	2	1 1 0 1 1 1 0 0 1 1 1 0 0 0 0 1
170	1	0 1 0 0 0 1 1 0 1 0 0 0 0 0 1 0
170	1	1 1 1 1 0 0 1 1 1 1 0 0 1 0 0 1
170	2	1 0 1 0 0 0 1 0 1 0 0 0 0 0 1 1
170	1	0 1 0 0 0 0 1 0 1 0 0 0 0 0 0 0
170	1	0 1 0 0 1 0 1 1 0 0 0 0 0 0 0 0
170	1	1 1 0 0 1 0 1 1 1 0 0 0 0 0 0 0
170	1	0 1 1 1 0 0 1 0 1 0 0 1 0 0 0 0
170	2	1 0 1 1 1 0 1 1 0 0 0 0 0 0 0 0
170	1	1 0 1 1 1 1 1 0 1 0 0 0 0 0 1 0
170	1	1 1 0 1 0 0 1 0 0 0 0 0 1 0 0 0
170	2	1 1 1 0 1 0 1 0 1 1 1 0 0 0 0 0
170	1	1 1 0 1 0 0 1 0 0 0 0 0 0 0 0 1
170	1	0 1 0 0 0 0 1 1 0 0 0 0 0 0 1 0
170	2	1 1 0 0 1 0 1 0 0 0 0 0 0 1 0 0
170	1	1 1 1 0 0 0 1 0 1 1 0 0 1 0 0 1
170	1	0 1 1 0 1 0 1 0 0 1 0 0 0 0 0 0
170	1	1 1 0 1 1 0 1 1 0 0 0 0 0 0 1 0
180	1	0 1 0 0 0 0 1 0 0 0 0 0 0 0 0 0
180	14	0 1 0 0 0 0 1 1 0 0 0 0 0 0 0 0
180	64	1 0 0 1 1 0 1 0 0 0 0 0 0 0 0 0
180	11	1 1 1 0 0 0 1 0 1 0 0 0 0 0 1 0
180	6	1 1 0 0 0 0 1 0 0 0 0 0 0 0 0 0
180	53	0 1 1 1 0 0 1 0 0 0 0 0 0 0 0 0
180	3	1 1 1 0 0 0 1 1 0 0 0 0 0 0 0 0
180	2	0 1 1 1 0 0 1 0 1 0 0 0 1 0 0 1
180	8	1 0 1 1 0 0 1 0 0 0 0 0 0 0 0 0
180	114	1 1 1 0 1 0 1 1 0 0 0 0 0 0 0 0
180	7	0 1 1 1 0 0 1 0 1 0 0 1 0 0 1 0
180	6	1 1 0 1 1 0 1 0 0 0 0 0 0 0 0 0
180	9	1 1 0 1 0 1 0 0 1 1 1 0 0 1 0 1
180	48	1 1 1 0 0 0 1 0 0 0 0 0 0 0 0 0
180	54	1 0 1 1 1 0 1 1 1 0 0 0 0 0 0 0
180	33	1 1 0 1 1 0 1 0 0 1 0 0 0 0 0 0
180	16	1 1 0 0 1 0 1 1 0 0 0 0 0 0 0 0
180	1	0 1 0 1 0 0 1 0 0 0 0 0 0 0 0 0
180	23	1 0 1 0 0 0 1 1 0 0 0 1 0 0 0 0
180	13	1 1 0 0 1 0 1 1 0 0 0 1 0 0 0 0
180	15	1 1 1 1 0 0 1 0 0 0 0 0 0 0 0 0
180	14	1 0 1 1 0 0 1 0 0 0 0 0 1 0 0 0
180	2	1 0 1 1 0 0 1 0 0 0 0 0 0 0 0 1
180	7	1 1 1 0 1 0 1 0 0 0 0 0 0 0 0 0
180	6	1 1 1 1 0 0 1 0 1 1 0 0 1 0 0 1
180	13	1 1 1 0 0 1 1 0 1 0 0 0 0 0 1 0
180	2	1 0 1 1 1 1 1 0 0 0 0 0 0 0 0 0
180	4	1 0 0 1 1 0 1 1 0 0 0 0 0 0 0 0
180	3	0 1 1 0 1 0 1 0 0 0 0 0 0 0 0 0
180	3	1 1 0 1 1 0 0 0 0 0 0 0 0 0 0 0
180	37	1 1 0 1 1 0 1 1 1 0 0 0 0 0 0 0
180	3	1 1 0 1 0 1 0 0 1 0 1 0 0 1 0 0
180	14	1 0 1 0 0 0 1 0 1 0 0 0 0 0 1 0
180	7	1 0 1 1 1 1 1 1 1 0 0 0 0 0 0 0
180	7	0 1 1 0 0 0 1 0 1 0 0 0 0 1 1 0
180	5	0 1 1 1 0 1 1 0 1 0 0 0 0 0 0 1
180	2	0 1 0 0 1 0 1 1 1 0 0 0 0 0 0 0
180	5	1 1 1 0 1 0 1 0 0 0 0 1 0 0 0 0
180	9	1 1 1 0 0 1 1 0 1 0 0 0 0 0 0 0
180	1	1 1 1 0 0 0 0 0 0 0 0 0 0 0 0 0
180	6	1 0 1 1 1 0 1 0 1 0 0 0 0 0 0 0
180	1	1 1 0 1 1 0 1 1 0 0 0 0 0 0 0 0
180	3	1 0 1 1 1 1 1 0 0 0 0 0 0 0 1 1
180	25	1 1 1 0 1 0 1 1 0 0 0 0 0 0 1 0
180	20	1 1 0 1 1 0 1 0 0 0 0 0 0 0 1 0
180	18	1 1 0 0 1 1 1 0 0 0 0 0 0 0 0 0
180	9	1 1 1 0 1 0 1 1 0 1 0 0 0 0 0 0
180	2	1 1 0 0 1 0 1 0 0 0 1 0 0 0 0 0
180	2	0 1 1 0 1 0 0 0 0 0 0 0 1 0 0 0
180	1	1 0 1 0 0 0 0 0 1 0 0 0 0 0 1 0
180	12	1 1 0 1 1 1 1 0 1 1 1 0 0 0 0 0
180	9	1 1 0 0 0 0 1 0 0 0 0 0 0 0 1 0
180	9	0 1 1 1 0 1 1 0 0 0 0 0 0 0 0 0
180	11	0 1 0 0 0 0 1 0 1 0 0 0 0 0 0 0
180	7	1 0 1 1 1 0 1 1 0 0 0 0 0 0 0 0
180	2	1 0 1 1 1 1 1 0 1 0 0 0 0 0 1 0
180	3	1 1 1 0 1 0 1 0 1 1 1 0 0 0 0 0
180	3	1 1 1 0 0 0 1 0 1 1 0 0 1 0 0 1
180	1	1 0 0 1 1 0 1 0 1 1 1 0 0 0 0 0
180	4	1 1 1 1 1 0 1 1 1 0 0 0 0 0 0 0
180	9	1 1 0 1 0 0 1 0 0 0 0 0 0 0 0 0
180	20	1 1 1 1 1 0 1 1 0 0 0 0 0 0 0 0
180	15	1 0 1 0 1 0 1 1 1 0 0 0 0 0 0 0
180	3	1 1 0 1 1 0 1 0 0 1 0 1 0 0 0 0
180	11	1 0 0 0 0 0 1 0 0 0 0 0 0 0 0 0
180	1	1 0 1 1 1 0 1 1 1 0 0 0 0 1 0 0
180	7	0 1 1 1 0 1 1 0 1 0 0 0 0 0 0 0
180	2	1 1 1 0 0 0 0 0 0 0 0 0 0 0 1 0
180	8	0 1 1 1 0 1 1 0 1 0 0 0 0 0 1 0
180	2	1 1 1 0 0 0 1 0 0 0 0 0 1 0 0 0
180	1	0 1 1 1 0 1 1 0 0 0 0 1 0 0 0 0
180	4	1 0 1 0 1 0 1 1 1 0 0 0 0 0 0 1
180	1	1 0 0 1 1 0 1 0 1 0 0 0 0 0 0 0
180	1	1 0 1 1 1 0 0 1 1 0 0 0 0 0 0 0
180	5	1 1 1 0 1 0 1 1 0 0 0 1 0 0 0 0
180	3	1 0 1 0 0 1 1 0 0 0 0 0 0 0 0 0
180	1	1 0 1 0 0 0 1 0 1 0 0 0 1 0 0 0
180	8	1 1 1 0 1 0 1 1 0 0 0 0 1 0 0 1
180	3	1 1 1 0 0 0 1 0 0 0 0 0 0 0 0 1
180	7	1 0 0 1 1 0 1 1 0 0 0 0 0 0 0 1
180	4	1 1 1 0 0 0 1 1 1 0 0 0 0 0 0 0
180	2	1 0 1 0 1 0 1 1 0 0 0 1 0 0 0 0
180	4	1 1 1 1 0 0 1 1 0 0 0 0 0 0 0 0
180	4	0 1 0 0 1 0 1 0 0 0 1 0 0 0 1 0
180	3	1 1 1 0 0 0 1 1 0 0 0 0 0 0 1 0
180	4	0 1 1 1 1 0 1 0 0 0 0 0 0 0 0 0
180	1	1 1 0 1 1 1 1 0 0 0 0 0 0 0 1 0
180	4	1 1 1 0 0 1 1 0 1 0 1 0 0 0 1 0
180	1	1 0 0 1 1 0 1 1 0 0 0 0 0 0 1 0
180	4	0 1 1 1 0 0 1 0 1 1 0 0 0 0 0 1
180	1	1 1 0 0 1 0 1 1 0 0 0 0 1 0 0 0
180	5	0 1 0 0 0 0 1 1 0 0 1 0 0 0 0 0
180	4	1 1 0 1 0 0 1 0 0 1 0 0 0 0 0 0
180	1	1 1 1 1 1 0 1 1 0 1 0 0 0 0 1 0
180	1	0 1 0 0 1 0 1 1 0 0 0 0 0 0 0 0
180	1	1 0 0 1 0 0 1 0 0 0 0 0 0 0 0 0
180	2	1 1 1 0 0 0 1 0 1 0 0 0 0 0 0 0
180	2	1 1 1 0 1 0 1 1 1 0 0 0 0 0 0 0
180	2	0 1 0 0 0 0 1 1 1 0 0 0 0 0 0 0
180	4	0 1 1 1 0 0 1 0 0 0 0 1 0 0 0 0
180	1	1 1 1 0 0 0 1 0 0 0 0 1 0 0 0 0
180	4	1 1 1 1 1 1 1 0 0 0 0 0 0 0 0 0
180	1	1 1 0 1 1 0 1 1 1 0 0 0 0 0 1 0
180	1	1 1 0 0 1 1 1 0 0 1 0 0 0 0 0 0
180	5	0 1 1 0 1 0 1 1 0 1 0 0 0 0 0 0
180	1	1 1 0 0 1 0 1 0 0 0 0 0 0 0 0 0
180	4	1 0 1 1 1 0 1 0 0 0 0 0 0 0 0 0
180	2	1 0 1 1 1 0 1 1 1 0 0 0 0 0 0 1
180	4	1 0 1 1 1 0 1 0 0 1 0 0 0 0 0 0
180	2	1 1 1 0 0 1 1 0 1 0 0 0 0 0 1 1
180	1	1 0 0 1 1 0 1 1 0 1 0 0 0 0 1 0
180	2	0 1 1 0 1 0 0 0 0 0 0 0 0 0 0 0
180	1	1 1 1 0 1 0 1 0 0 1 0 0 0 0 0 0
180	2	1 1 1 1 1 0 1 1 0 1 0 0 0 0 0 0
180	2	0 0 1 1 0 0 1 0 0 0 0 0 0 0 0 0
180	1	1 1 0 1 1 0 1 0 0 1 0 0 1 0 0 0
180	1	0 0 0 1 0 0 1 0 0 0 0 0 0 0 0 0
180	1	1 1 0 1 1 1 1 0 0 0 0 0 0 1 1 0
180	3	1 1 0 1 1 1 1 0 0 1 0 0 0 0 0 0
180	2	1 1 0 0 1 1 1 0 0 1 0 0 0 1 0 0
190	10	0 1 0 0 0 0 1 1 0 0 0 0 0 0 0 0
190	38	1 0 0 1 1 0 1 0 0 0 0 0 0 0 0 0
190	4	1 1 1 0 0 0 1 0 1 0 0 0 0 0 1 0
190	57	0 1 1 1 0 0 1 0 0 0 0 0 0 0 0 0
190	20	1 1 1 0 0 0 1 1 0 0 0 0 0 0 0 0
190	5	1 0 1 1 0 0 1 0 0 0 0 0 0 0 0 0
190	78	1 1 1 0 1 0 1 1 0 0 0 0 0 0 0 0
190	5	0 1 1 1 0 0 1 0 1 0 0 1 0 0 1 0
190	2	1 1 0 1 1 0 1 0 0 0 0 0 0 0 0 0
190	5	1 1 0 1 0 1 0 0 1 1 1 0 0 1 0 1
190	73	1 1 1 0 0 0 1 0 0 0 0 0 0 0 0 0
190	12	1 0 1 1 1 0 1 1 1 0 0 0 0 0 0 0
190	68	1 1 0 1 1 0 1 0 0 1 0 0 0 0 0 0
190	9	1 1 0 0 1 0 1 1 0 0 0 0 0 0 0 0
190	15	1 0 1 0 0 0 1 1 0 0 0 1 0 0 0 0
190	28	1 1 0 0 1 0 1 1 0 0 0 1 0 0 0 0
190	24	1 1 1 1 0 0 1 0 0 0 0 0 0 0 0 0
190	5	1 0 1 1 0 0 1 0 0 0 0 0 1 0 0 0
190	15	1 1 1 0 0 1 1 0 1 0 0 0 0 0 1 0
190	5	1 1 0 1 1 0 0 0 0 0 0 0 0 0 0 0
190	12	1 1 0 1 1 0 1 1 1 0 0 0 0 0 0 0
190	2	1 0 1 0 0 0 1 0 1 0 0 0 0 0 1 0
190	4	1 1 1 0 1 0 1 0 0 0 0 1 0 0 0 0
190	20	1 1 1 0 0 1 1 0 1 0 0 0 0 0 0 0
190	4	1 0 1 1 1 0 1 0 1 0 0 0 0 0 0 0
190	6	1 0 1 1 1 1 1 0 0 0 0 0 0 0 1 1
190	17	1 1 1 0 1 0 1 1 0 0 0 0 0 0 1 0
190	21	1 1 0 1 1 0 1 0 0 0 0 0 0 0 1 0
190	3	1 1 0 0 1 1 1 0 0 0 0 0 0 0 0 0
190	1	1 1 1 0 1 0 1 1 0 1 0 0 0 0 0 0
190	8	1 1 0 1 1 1 1 0 1 1 1 0 0 0 0 0
190	4	1 1 0 0 0 0 1 0 0 0 0 0 0 0 1 0
190	12	0 1 1 1 0 1 1 0 0 0 0 0 0 0 0 0
190	6	0 1 0 0 0 0 1 0 1 0 0 0 0 0 0 0
190	3	1 0 1 1 1 0 1 1 0 0 0 0 0 0 0 0
190	4	1 1 1 0 1 0 1 0 1 1 1 0 0 0 0 0
190	13	1 1 1 1 1 0 1 1 1 0 0 0 0 0 0 0
190	17	1 1 0 1 0 0 1 0 0 0 0 0 0 0 0 0
190	34	1 1 1 1 1 0 1 1 0 0 0 0 0 0 0 0
190	8	1 0 1 0 1 0 1 1 1 0 0 0 0 0 0 0
190	4	1 1 0 1 1 0 1 0 0 1 0 1 0 0 0 0
190	4	1 0 0 0 0 0 1 0 0 0 0 0 0 0 0 0
190	7	1 0 1 1 1 0 1 1 1 0 0 0 0 1 0 0
190	4	0 1 1 1 0 1 1 0 1 0 0 0 0 0 0 0
190	9	1 0 0 1 1 0 1 0 1 0 0 0 0 0 0 0
190	11	1 1 1 0 1 0 1 1 0 0 0 1 0 0 0 0
190	5	1 0 0 1 1 0 1 1 0 0 0 0 0 0 0 1
190	12	1 1 1 0 0 0 1 1 1 0 0 0 0 0 0 0
190	3	0 1 0 0 1 0 1 0 0 0 1 0 0 0 1 0
190	8	1 1 1 0 0 0 1 1 0 0 0 0 0 0 1 0
190	1	1 1 1 0 0 1 1 0 1 0 1 0 0 0 1 0
190	9	0 1 1 1 0 0 1 0 1 1 0 0 0 0 0 1
190	15	0 1 0 0 0 0 1 1 0 0 1 0 0 0 0 0
190	10	0 1 1 1 0 0 1 0 0 0 0 1 0 0 0 0
190	4	1 1 1 0 0 0 1 0 0 0 0 1 0 0 0 0
190	1	1 1 0 0 1 1 1 0 0 1 0 0 0 0 0 0
190	1	1 1 0 0 1 0 1 0 0 0 0 0 0 0 0 0
190	8	1 0 1 1 1 0 1 1 1 0 0 0 0 0 0 1
190	9	1 0 1 1 1 0 1 0 0 1 0 0 0 0 0 0
190	4	0 1 1 0 1 0 0 0 0 0 0 0 0 0 0 0
190	2	0 0 1 1 0 0 1 0 0 0 0 0 0 0 0 0
190	9	1 1 0 1 1 1 1 0 0 1 0 0 0 0 0 0
190	2	1 0 1 0 1 0 1 1 0 0 0 0 0 0 1 0
190	6	1 0 0 0 1 1 1 0 0 0 0 0 0 0 0 0
190	6	1 1 0 1 0 1 0 0 1 1 1 0 0 1 0 0
190	1	1 1 0 1 0 1 0 0 1 0 1 0 0 1 0 1
190	2	1 1 0 0 0 1 0 0 1 1 1 0 0 1 0 1
190	15	1 1 1 0 1 0 0 0 0 0 0 1 0 0 0 0
190	1	1 1 1 0 0 0 1 1 0 0 0 1 0 0 0 0
190	10	1 0 0 1 1 0 1 0 0 0 1 0 0 0 0 0
190	3	1 1 1 0 0 0 1 1 1 0 0 0 0 0 1 0
190	1	1 1 0 0 1 1 1 0 0 0 0 0 0 0 1 0
190	12	0 1 1 0 0 0 1 0 0 0 0 1 0 0 0 0
190	20	0 1 1 1 0 0 1 0 0 0 0 0 0 0 1 0
190	3	1 1 0 1 1 0 1 1 1 0 0 1 0 0 0 0
190	3	1 0 0 1 1 0 1 0 0 1 0 0 0 0 0 0
190	5	1 1 1 0 0 0 1 0 1 1 0 0 0 0 0 1
190	1	1 1 0 1 1 0 1 0 0 1 0 0 0 0 0 1
190	4	1 1 0 1 1 0 1 0 0 1 0 0 0 0 1 0
190	3	1 1 1 1 1 0 1 0 0 1 0 0 0 0 0 0
190	2	0 1 1 1 0 1 0 0 1 0 0 0 0 0 0 0
190	1	1 1 1 0 0 0 1 0 0 0 0 0 0 1 0 0
190	25	1 1 1 1 1 0 1 0 0 0 0 0 0 0 0 0
190	2	1 0 0 1 1 0 1 0 0 0 0 1 0 0 1 0
190	3	1 1 0 0 0 0 1 1 0 0 0 0 0 0 0 0
190	2	0 1 1 1 0 0 1 1 1 0 0 0 0 0 0 1
190	2	0 1 1 1 0 0 1 0 1 0 0 0 0 0 0 0
190	2	1 1 1 0 1 0 0 1 0 0 0 0 0 0 0 0
190	1	1 1 0 1 1 0 1 1 1 1 0 0 0 0 0 0
190	6	1 1 1 1 1 0 1 1 1 0 0 0 0 0 0 1
190	5	1 0 0 1 1 0 1 1 1 0 0 0 0 0 0 0
190	2	1 1 1 1 1 0 1 1 0 0 0 0 0 0 0 1
190	2	1 1 0 0 1 1 1 0 0 1 0 0 0 1 0 0
190	2	1 1 1 0 1 0 0 0 0 1 0 1 0 0 0 0
190	1	1 0 1 0 0 0 1 0 0 0 0 0 0 0 0 0
190	1	1 0 0 0 1 1 1 0 1 0 0 0 0 0 0 0
190	1	1 0 0 1 1 0 1 0 0 0 0 0 0 0 0 1
190	2	0 1 1 1 0 0 1 0 0 0 0 0 0 1 0 0
190	2	1 1 0 1 1 0 0 0 0 1 0 0 0 0 0 0
190	4	1 1 1 1 0 0 1 0 0 0 0 0 0 0 0 1
190	1	1 1 1 0 1 1 1 0 1 0 0 0 0 0 0 0
190	1	1 1 1 0 0 0 1 0 1 1 0 0 1 0 1 1
190	1	0 1 1 1 0 0 1 0 0 1 0 1 0 0 0 0
190	1	1 0 1 0 1 0 1 1 0 0 0 0 0 0 0 0
190	1	0 1 0 1 0 1 0 0 1 1 1 0 0 1 0 1
190	2	1 1 0 0 1 0 1 0 0 1 0 0 0 0 0 0
190	1	1 1 0 0 1 0 1 1 0 0 1 1 0 0 0 0
190	3	1 1 1 0 1 1 1 1 0 0 0 0 0 0 1 0
190	1	1 1 1 1 1 0 0 0 0 0 0 1 0 0 0 0
190	1	0 1 1 1 0 0 0 0 0 0 0 0 0 0 1 0
190	2	0 1 1 1 0 0 1 0 0 1 0 0 0 0 1 0
190	1	1 1 0 1 1 0 1 0 1 1 0 0 0 0 0 1
190	1	1 1 1 1 1 0 1 0 0 1 1 0 0 0 0 0
200	3	0 1 0 0 0 0 1 1 0 0 0 0 0 0 0 0
200	34	1 0 0 1 1 0 1 0 0 0 0 0 0 0 0 0
200	85	0 1 1 1 0 0 1 0 0 0 0 0 0 0 0 0
200	13	1 1 1 0 0 0 1 1 0 0 0 0 0 0 0 0
200	1	1 0 1 1 0 0 1 0 0 0 0 0 0 0 0 0
200	93	1 1 1 0 1 0 1 1 0 0 0 0 0 0 0 0
200	4	1 1 0 1 0 1 0 0 1 1 1 0 0 1 0 1
200	53	1 1 1 0 0 0 1 0 0 0 0 0 0 0 0 0
200	9	1 0 1 1 1 0 1 1 1 0 0 0 0 0 0 0
200	36	1 1 0 1 1 0 1 0 0 1 0 0 0 0 0 0
200	6	1 1 0 0 1 0 1 1 0 0 0 0 0 0 0 0
200	4	1 0 1 0 0 0 1 1 0 0 0 1 0 0 0 0
200	28	1 1 0 0 1 0 1 1 0 0 0 1 0 0 0 0
200	43	1 1 1 1 0 0 1 0 0 0 0 0 0 0 0 0
200	7	1 1 1 0 0 1 1 0 1 0 0 0 0 0 1 0
200	2	1 1 0 1 1 0 0 0 0 0 0 0 0 0 0 0
200	13	1 1 0 1 1 0 1 1 1 0 0 0 0 0 0 0
200	2	1 1 1 0 1 0 1 0 0 0 0 1 0 0 0 0
200	13	1 1 1 0 0 1 1 0 1 0 0 0 0 0 0 0
200	6	1 0 1 1 1 1 1 0 0 0 0 0 0 0 1 1
200	6	1 1 1 0 1 0 1 1 0 0 0 0 0 0 1 0
200	10	1 1 0 1 1 0 1 0 0 0 0 0 0 0 1 0
200	9	1 1 0 1 1 1 1 0 1 1 1 0 0 0 0 0
200	15	0 1 1 1 0 1 1 0 0 0 0 0 0 0 0 0
200	9	0 1 0 0 0 0 1 0 1 0 0 0 0 0 0 0
200	4	1 1 1 0 1 0 1 0 1 1 1 0 0 0 0 0
200	5	1 1 1 1 1 0 1 1 1 0 0 0 0 0 0 0
200	10	1 1 0 1 0 0 1 0 0 0 0 0 0 0 0 0
200	36	1 1 1 1 1 0 1 1 0 0 0 0 0 0 0 0
200	7	1 0 1 0 1 0 1 1 1 0 0 0 0 0 0 0
200	4	1 0 1 1 1 0 1 1 1 0 0 0 0 1 0 0
200	2	0 1 1 1 0 1 1 0 1 0 0 0 0 0 0 0
200	16	1 1 1 0 1 0 1 1 0 0 0 1 0 0 0 0
200	3	1 0 0 1 1 0 1 1 0 0 0 0 0 0 0 1
200	33	1 1 1 0 0 0 1 1 1 0 0 0 0 0 0 0
200	9	0 1 0 0 1 0 1 0 0 0 1 0 0 0 1 0
200	25	1 1 1 0 0 0 1 1 0 0 0 0 0 0 1 0
200	5	0 1 1 1 0 0 1 0 0 0 0 1 0 0 0 0
200	1	1 1 1 0 0 0 1 0 0 0 0 1 0 0 0 0
200	1	1 0 1 1 1 0 1 1 1 0 0 0 0 0 0 1
200	4	1 0 1 1 1 0 1 0 0 1 0 0 0 0 0 0
200	33	1 1 0 1 1 1 1 0 0 1 0 0 0 0 0 0
200	9	1 1 1 0 1 0 0 0 0 0 0 1 0 0 0 0
200	24	1 0 0 1 1 0 1 0 0 0 1 0 0 0 0 0
200	27	1 1 1 0 0 0 1 1 1 0 0 0 0 0 1 0
200	19	0 1 1 0 0 0 1 0 0 0 0 1 0 0 0 0
200	6	0 1 1 1 0 0 1 0 0 0 0 0 0 0 1 0
200	8	1 0 0 1 1 0 1 0 0 1 0 0 0 0 0 0
200	3	1 1 0 1 1 0 1 0 0 1 0 0 0 0 1 0
200	14	1 1 1 1 1 0 1 0 0 0 0 0 0 0 0 0
200	9	0 1 1 1 0 0 1 0 1 0 0 0 0 0 0 0
200	3	1 0 0 1 1 0 1 1 1 0 0 0 0 0 0 0
200	5	1 1 0 0 1 1 1 0 0 1 0 0 0 1 0 0
200	2	1 1 0 0 1 0 1 0 0 1 0 0 0 0 0 0
200	2	1 1 1 0 1 0 0 0 1 1 1 0 0 1 0 1
200	3	1 1 1 0 1 0 1 0 0 0 0 0 0 0 0 0
200	5	0 1 1 0 0 1 1 0 1 0 0 0 0 0 1 0
200	6	1 1 1 1 1 0 1 0 0 0 0 0 0 0 0 1
200	6	1 1 1 0 1 0 1 1 1 0 0 0 0 0 0 0
200	9	1 1 1 1 1 0 1 1 0 0 0 0 1 0 0 0
200	5	1 1 1 0 0 0 1 1 1 0 0 0 0 1 0 0
200	16	1 1 0 1 1 0 0 0 0 0 0 1 0 0 0 0
200	15	1 1 1 1 1 0 1 1 0 0 0 1 0 0 0 0
200	1	0 1 1 1 0 0 1 1 1 0 0 1 0 0 0 0
200	3	1 1 1 0 0 0 1 0 1 0 0 0 0 0 0 0
200	1	1 1 1 0 0 0 1 1 0 0 0 0 1 0 1 0
200	1	1 0 1 1 1 0 0 1 1 0 0 0 0 0 0 1
200	2	0 1 0 0 1 0 1 1 0 0 0 1 0 0 0 0
200	5	1 1 1 1 0 0 1 0 1 0 0 0 0 0 0 0
200	5	1 1 1 0 0 0 1 1 1 0 0 0 1 0 0 0
200	1	0 1 0 0 1 0 1 0 0 0 0 0 0 0 0 0
200	1	1 0 0 1 0 0 1 0 0 0 0 0 0 0 0 0
200	5	1 1 1 0 1 0 1 1 0 1 0 0 0 0 0 0
200	1	1 0 1 0 0 0 1 1 0 1 0 1 0 0 0 0
200	4	1 0 1 0 0 0 1 1 0 0 0 1 1 0 0 0
200	1	1 1 1 1 0 0 1 0 0 0 0 1 0 0 0 0
200	8	1 1 1 0 0 1 0 0 1 0 0 0 0 0 0 0
200	1	1 1 1 0 0 0 1 1 0 0 0 0 0 1 1 0
200	1	1 1 1 0 1 1 0 0 0 0 0 1 0 0 0 0
200	6	0 1 1 1 0 1 1 1 0 0 1 0 0 0 0 0
200	3	1 0 1 1 1 0 1 0 0 0 0 1 0 0 0 0
200	3	1 1 1 0 1 0 1 1 0 0 0 0 0 1 0 0
200	1	0 1 1 0 0 0 1 1 0 0 0 0 0 0 1 0
200	2	1 0 0 1 1 1 1 0 0 1 0 0 0 0 0 0
200	1	1 0 0 1 1 0 1 1 1 0 0 0 0 1 0 0
200	1	1 1 1 0 0 0 1 0 0 0 0 0 1 0 0 0
200	1	1 1 1 1 0 0 1 0 0 0 0 0 0 0 1 0
200	5	0 1 1 1 0 0 1 0 0 1 0 0 0 0 0 0
200	6	1 0 1 0 0 0 1 0 0 0 0 0 0 0 0 0
200	1	1 1 1 1 0 0 0 0 0 0 0 0 0 0 0 0
200	3	1 0 1 1 1 0 0 1 1 0 0 0 0 1 0 0
200	2	1 0 1 1 0 0 1 1 1 0 0 0 0 1 0 0
200	2	0 1 1 0 0 0 1 1 1 0 0 0 0 0 0 0
200	2	1 0 1 1 1 0 1 0 0 0 0 0 0 0 0 0
200	3	1 1 0 1 1 0 0 0 0 1 0 0 0 0 0 0
200	1	1 1 1 0 0 1 1 0 1 0 0 0 0 0 0 1
200	2	1 1 1 0 0 1 1 0 1 0 0 0 0 1 0 0
200	2	1 1 0 1 0 0 1 0 0 0 0 0 0 0 1 0
200	2	1 1 1 0 0 0 1 1 0 0 0 0 0 0 1 1
200	2	1 0 1 1 1 0 1 0 0 1 0 0 0 0 0 1
200	2	0 1 1 0 0 0 1 1 0 0 0 1 0 0 0 0
200	2	0 1 1 0 0 1 0 0 1 0 0 0 0 0 1 0
200	1	1 1 1 0 0 1 0 1 1 0 0 0 0 0 0 0
200	2	0 1 1 1 0 1 1 1 1 0 1 0 0 0 0 0
200	3	0 1 1 1 0 0 1 0 0 0 0 0 1 0 1 0
210	12	1 0 0 1 1 0 1 0 0 0 0 0 0 0 0 0
210	105	0 1 1 1 0 0 1 0 0 0 0 0 0 0 0 0
210	6	1 1 1 0 0 0 1 1 0 0 0 0 0 0 0 0
210	6	1 0 1 1 0 0 1 0 0 0 0 0 0 0 0 0
210	90	1 1 1 0 1 0 1 1 0 0 0 0 0 0 0 0
210	111	1 1 1 0 0 0 1 0 0 0 0 0 0 0 0 0
210	16	1 0 1 1 1 0 1 1 1 0 0 0 0 0 0 0
210	30	1 1 0 1 1 0 1 0 0 1 0 0 0 0 0 0
210	6	1 1 0 0 1 0 1 1 0 0 0 1 0 0 0 0
210	16	1 1 1 1 0 0 1 0 0 0 0 0 0 0 0 0
210	1	1 1 1 0 0 1 1 0 1 0 0 0 0 0 1 0
210	17	1 1 0 1 1 0 1 1 1 0 0 0 0 0 0 0
210	7	1 1 1 0 1 0 1 0 0 0 0 1 0 0 0 0
210	10	1 1 1 0 0 1 1 0 1 0 0 0 0 0 0 0
210	4	1 1 0 1 1 0 1 0 0 0 0 0 0 0 1 0
210	3	1 1 0 1 1 1 1 0 1 1 1 0 0 0 0 0
210	6	0 1 1 1 0 1 1 0 0 0 0 0 0 0 0 0
210	2	0 1 0 0 0 0 1 0 1 0 0 0 0 0 0 0
210	2	1 1 1 1 1 0 1 1 1 0 0 0 0 0 0 0
210	18	1 1 0 1 0 0 1 0 0 0 0 0 0 0 0 0
210	50	1 1 1 1 1 0 1 1 0 0 0 0 0 0 0 0
210	5	1 1 1 0 1 0 1 1 0 0 0 1 0 0 0 0
210	3	1 0 0 1 1 0 1 1 0 0 0 0 0 0 0 1
210	36	1 1 1 0 0 0 1 1 1 0 0 0 0 0 0 0
210	5	0 1 0 0 1 0 1 0 0 0 1 0 0 0 1 0
210	5	1 1 1 0 0 0 1 1 0 0 0 0 0 0 1 0
210	7	1 1 1 0 0 0 1 0 0 0 0 1 0 0 0 0
210	59	1 1 0 1 1 1 1 0 0 1 0 0 0 0 0 0
210	8	1 1 1 0 1 0 0 0 0 0 0 1 0 0 0 0
210	24	1 1 1 0 0 0 1 1 1 0 0 0 0 0 1 0
210	3	0 1 1 0 0 0 1 0 0 0 0 1 0 0 0 0
210	14	0 1 1 1 0 0 1 0 0 0 0 0 0 0 1 0
210	11	1 1 1 1 1 0 1 0 0 0 0 0 0 0 0 0
210	17	0 1 1 1 0 0 1 0 1 0 0 0 0 0 0 0
210	6	1 1 0 0 1 1 1 0 0 1 0 0 0 1 0 0
210	3	1 1 1 1 1 0 1 0 0 0 0 0 0 0 0 1
210	22	1 1 1 1 1 0 1 1 0 0 0 0 1 0 0 0
210	14	1 1 1 0 0 0 1 1 1 0 0 0 0 1 0 0
210	5	1 1 0 1 1 0 0 0 0 0 0 1 0 0 0 0
210	16	1 1 1 1 1 0 1 1 0 0 0 1 0 0 0 0
210	3	1 0 1 1 1 0 0 1 1 0 0 0 0 0 0 1
210	1	1 1 1 0 0 0 1 1 1 0 0 0 1 0 0 0
210	11	1 1 1 0 1 0 1 1 0 1 0 0 0 0 0 0
210	22	1 1 1 0 1 1 0 0 0 0 0 1 0 0 0 0
210	8	1 1 1 0 1 0 1 1 0 0 0 0 0 1 0 0
210	2	1 0 0 1 1 1 1 0 0 1 0 0 0 0 0 0
210	1	1 0 0 1 1 0 1 1 1 0 0 0 0 1 0 0
210	3	1 1 1 1 0 0 1 0 0 0 0 0 0 0 1 0
210	10	1 0 1 1 1 0 0 1 1 0 0 0 0 1 0 0
210	13	1 0 1 1 1 0 1 0 0 0 0 0 0 0 0 0
210	4	1 1 1 0 0 1 1 0 1 0 0 0 0 1 0 0
210	3	1 1 0 1 0 0 1 0 0 0 0 0 0 0 1 0
210	3	1 1 1 0 0 0 1 1 0 0 0 0 0 0 1 1
210	5	1 1 1 0 0 0 1 1 0 0 0 0 1 0 0 0
210	1	0 1 0 0 0 0 1 0 1 0 0 0 0 0 0 1
210	3	0 1 1 0 0 0 1 0 0 0 0 0 0 0 0 0
210	2	1 1 1 0 0 0 1 0 0 1 0 0 0 0 0 0
210	3	1 1 1 1 0 0 0 0 1 0 0 0 0 0 0 0
210	12	1 1 1 1 0 0 1 1 0 0 0 0 0 0 0 0
210	5	0 0 0 0 1 0 1 0 0 0 1 0 0 0 1 0
210	6	1 1 0 1 0 1 1 0 0 1 0 0 0 0 0 0
210	5	1 1 0 1 1 0 1 0 0 0 0 0 0 0 0 0
210	4	1 1 0 1 1 1 1 0 0 1 1 0 0 0 0 0
210	6	1 1 1 0 1 1 0 0 0 0 0 0 0 0 0 0
210	6	1 1 1 1 1 0 1 1 1 0 0 0 0 1 0 0
210	1	1 1 1 0 0 0 1 1 0 0 0 0 0 1 0 0
210	2	0 1 1 0 1 0 1 1 0 0 0 0 0 0 0 0
210	7	1 0 1 0 0 0 1 1 0 0 0 0 0 0 1 0
210	2	1 1 1 0 0 0 1 1 1 0 0 0 0 0 1 1
210	3	1 1 1 1 1 0 1 0 0 0 1 0 0 0 0 0
210	1	1 1 0 1 1 1 1 0 0 0 0 0 1 0 0 0
210	4	1 1 0 0 1 0 1 1 0 0 0 0 0 0 0 0
210	7	1 1 1 1 0 0 1 0 0 0 0 0 0 1 0 0
210	3	1 1 0 1 1 1 1 0 0 0 0 0 0 0 0 0
210	4	1 1 1 0 1 0 1 1 1 0 1 0 0 0 0 0
210	7	1 1 0 0 0 0 1 0 1 0 0 0 0 0 0 0
210	3	1 1 1 0 1 0 1 0 0 0 0 1 0 0 0 1
210	2	0 1 1 1 0 1 1 1 1 1 0 0 0 0 0 0
210	1	1 1 1 0 0 0 1 0 0 0 0 0 0 0 1 0
210	2	1 1 0 1 1 0 1 0 0 1 0 1 0 0 0 0
210	2	1 1 1 1 0 1 1 0 0 0 0 0 0 0 0 0
210	2	1 1 1 0 1 0 1 1 0 1 0 0 0 0 0 1
210	1	1 0 0 1 1 0 1 1 0 0 0 0 0 0 0 0
210	1	0 1 0 0 1 0 1 0 0 0 0 0 0 0 1 0
210	1	1 1 0 1 1 0 1 0 0 1 0 0 0 1 0 0
210	1	1 1 1 1 0 0 1 0 0 0 0 1 0 0 0 0
210	1	0 1 1 1 0 0 1 0 0 0 0 0 1 0 1 0
210	1	1 1 0 0 1 1 1 0 1 1 0 0 0 1 0 0
210	1	1 1 1 0 0 0 1 1 0 0 1 0 0 0 1 1
210	1	0 1 1 1 1 0 1 1 0 0 0 0 0 1 0 0
210	1	1 1 1 0 0 0 0 0 0 0 0 1 0 0 0 0
210	1	1 1 1 0 1 1 1 1 0 0 0 0 0 0 0 0
210	1	1 1 0 0 1 0 0 1 0 0 0 1 0 0 0 0
210	3	1 1 0 1 1 0 0 0 0 0 0 0 0 0 1 0
210	3	0 1 1 0 1 0 1 1 0 0 0 1 0 0 0 0
210	1	1 1 0 1 1 1 1 1 0 1 0 0 0 0 0 0
210	2	1 1 0 1 1 1 1 0 0 1 0 0 0 0 0 1
210	1	1 1 1 1 1 0 1 0 0 0 0 0 0 0 1 1
210	1	1 0 1 1 1 0 1 0 0 0 0 1 0 0 0 0
210	2	0 1 0 1 0 0 1 0 0 0 0 0 0 0 0 1
220	3	1 0 0 1 1 0 1 0 0 0 0 0 0 0 0 0
220	112	0 1 1 1 0 0 1 0 0 0 0 0 0 0 0 0
220	3	1 1 1 0 0 0 1 1 0 0 0 0 0 0 0 0
220	2	1 0 1 1 0 0 1 0 0 0 0 0 0 0 0 0
220	44	1 1 1 0 1 0 1 1 0 0 0 0 0 0 0 0
220	68	1 1 1 0 0 0 1 0 0 0 0 0 0 0 0 0
220	10	1 0 1 1 1 0 1 1 1 0 0 0 0 0 0 0
220	14	1 1 0 1 1 0 1 0 0 1 0 0 0 0 0 0
220	9	1 1 0 0 1 0 1 1 0 0 0 1 0 0 0 0
220	20	1 1 1 1 0 0 1 0 0 0 0 0 0 0 0 0
220	15	1 1 1 0 0 1 1 0 1 0 0 0 0 0 1 0
220	11	1 1 0 1 1 0 1 1 1 0 0 0 0 0 0 0
220	5	1 1 1 0 1 0 1 0 0 0 0 1 0 0 0 0
220	5	1 1 1 0 0 1 1 0 1 0 0 0 0 0 0 0
220	3	0 1 1 1 0 1 1 0 0 0 0 0 0 0 0 0
220	4	0 1 0 0 0 0 1 0 1 0 0 0 0 0 0 0
220	16	1 1 0 1 0 0 1 0 0 0 0 0 0 0 0 0
220	61	1 1 1 1 1 0 1 1 0 0 0 0 0 0 0 0
220	16	1 1 1 0 1 0 1 1 0 0 0 1 0 0 0 0
220	21	1 1 1 0 0 0 1 1 1 0 0 0 0 0 0 0
220	36	1 1 0 1 1 1 1 0 0 1 0 0 0 0 0 0
220	14	1 1 1 0 1 0 0 0 0 0 0 1 0 0 0 0
220	12	1 1 1 0 0 0 1 1 1 0 0 0 0 0 1 0
220	56	0 1 1 1 0 0 1 0 0 0 0 0 0 0 1 0
220	10	1 1 1 1 1 0 1 0 0 0 0 0 0 0 0 0
220	6	0 1 1 1 0 0 1 0 1 0 0 0 0 0 0 0
220	37	1 1 1 1 1 0 1 1 0 0 0 0 1 0 0 0
220	13	1 1 1 0 0 0 1 1 1 0 0 0 0 1 0 0
220	2	1 1 0 1 1 0 0 0 0 0 0 1 0 0 0 0
220	12	1 1 1 1 1 0 1 1 0 0 0 1 0 0 0 0
220	9	1 0 1 1 1 0 0 1 1 0 0 0 0 0 0 1
220	17	1 1 1 0 1 0 1 1 0 1 0 0 0 0 0 0
220	27	1 1 1 0 1 1 0 0 0 0 0 1 0 0 0 0
220	20	1 1 1 0 1 0 1 1 0 0 0 0 0 1 0 0
220	3	1 0 0 1 1 0 1 1 1 0 0 0 0 1 0 0
220	9	1 1 1 1 0 0 1 0 0 0 0 0 0 0 1 0
220	22	1 0 1 1 1 0 0 1 1 0 0 0 0 1 0 0
220	10	1 0 1 1 1 0 1 0 0 0 0 0 0 0 0 0
220	7	1 1 1 0 0 1 1 0 1 0 0 0 0 1 0 0
220	5	1 1 1 0 0 0 1 1 0 0 0 0 1 0 0 0
220	13	0 1 1 0 0 0 1 0 0 0 0 0 0 0 0 0
220	3	1 1 1 1 0 0 0 0 1 0 0 0 0 0 0 0
220	3	1 1 1 1 0 0 1 1 0 0 0 0 0 0 0 0
220	16	1 0 1 0 0 0 1 1 0 0 0 0 0 0 1 0
220	2	1 1 1 0 0 0 1 1 1 0 0 0 0 0 1 1
220	9	1 1 1 1 0 0 1 0 0 0 0 0 0 1 0 0
220	5	1 1 0 1 1 1 1 0 0 0 0 0 0 0 0 0
220	5	1 1 0 0 0 0 1 0 1 0 0 0 0 0 0 0
220	1	1 1 1 0 0 0 1 0 0 0 0 0 0 0 1 0
220	4	1 1 1 0 1 0 1 1 0 1 0 0 0 0 0 1
220	10	0 1 0 1 0 0 1 0 0 0 0 0 0 0 0 1
220	3	1 0 1 1 1 0 1 0 1 0 0 0 0 0 0 0
220	23	1 1 1 1 0 0 1 1 0 0 0 0 1 0 0 0
220	14	1 1 1 0 1 0 1 1 0 0 0 0 0 0 0 1
220	6	0 1 1 1 0 0 1 0 0 0 1 0 0 0 0 0
220	1	1 1 1 0 1 0 1 1 0 0 1 0 0 0 0 0
220	1	1 1 1 0 0 0 1 0 1 0 0 0 0 0 0 0
220	6	1 0 1 1 1 0 1 1 1 0 0 0 0 0 0 1
220	7	1 1 1 0 1 0 1 1 1 0 0 0 0 0 0 0
220	2	1 0 1 0 0 0 0 1 0 0 0 0 0 0 1 0
220	6	1 0 1 1 1 0 1 1 0 0 0 0 1 0 0 0
220	1	0 1 1 1 0 0 0 0 0 0 0 0 0 0 0 0
220	5	1 1 1 0 0 0 0 0 0 0 0 0 0 0 0 0
220	6	1 1 1 1 0 0 1 0 0 0 0 0 1 1 0 0
220	1	1 1 0 1 1 0 1 0 0 1 0 0 0 1 0 0
220	1	0 1 0 0 1 0 1 0 1 0 0 0 0 0 0 0
220	7	1 1 1 1 1 0 0 1 0 0 0 0 1 0 0 0
220	2	1 0 0 1 0 1 1 0 0 1 0 0 0 0 0 0
220	3	1 0 1 0 1 0 1 1 0 0 1 0 0 0 0 0
220	1	0 1 1 1 0 0 1 0 0 0 0 0 0 0 0 1
220	1	0 1 1 0 1 0 0 1 1 0 0 0 0 1 0 0
220	4	1 1 1 0 0 0 1 1 0 0 0 1 0 0 0 0
220	2	1 1 1 0 0 0 1 0 0 1 0 0 0 0 1 0
220	3	1 1 1 0 1 0 1 1 0 0 0 0 1 0 0 1
220	3	1 1 0 1 0 1 1 0 0 1 0 0 0 0 0 1
220	3	0 1 1 1 0 0 1 0 0 0 0 0 0 0 1 1
220	2	1 1 1 0 1 0 1 1 1 0 1 0 0 0 0 0
220	2	1 1 1 1 1 0 1 1 0 0 0 0 0 0 1 0
220	1	0 1 1 1 1 0 1 0 0 0 0 0 0 0 1 0
220	2	0 1 1 0 1 0 1 1 0 0 0 0 0 1 0 0
220	7	1 0 1 0 1 0 1 1 0 0 0 1 0 0 0 0
220	1	1 1 1 0 1 0 0 0 0 0 0 0 0 0 0 0
220	2	1 0 1 0 0 0 1 1 0 0 0 0 0 0 0 0
220	2	1 1 1 0 1 0 1 1 0 0 0 1 0 0 0 1
220	2	1 1 1 0 0 0 1 0 0 1 0 0 0 0 0 0
220	1	1 0 0 1 1 0 1 1 1 0 0 0 0 0 0 0
220	2	0 1 1 1 0 0 1 1 0 0 0 0 0 0 0 0
220	1	0 1 1 1 0 0 0 0 0 0 0 0 0 0 1 0
220	2	0 1 1 1 0 0 1 1 0 0 0 0 0 0 1 0
220	1	1 1 1 0 1 1 0 0 0 0 0 0 0 0 0 0
220	2	1 0 1 1 1 0 0 1 1 0 0 0 0 1 0 1
220	2	0 0 1 1 0 1 1 0 0 0 0 0 0 0 0 1
220	2	1 1 1 1 1 0 1 0 0 0 0 0 0 0 1 0
220	2	1 1 1 1 1 0 1 1 0 0 0 0 0 0 0 1
220	4	1 1 0 1 0 0 1 0 0 0 0 1 0 0 0 0
220	1	0 1 1 1 0 0 1 0 0 1 0 0 0 0 0 0
220	1	1 1 1 1 1 0 1 1 0 0 0 1 1 0 0 0
220	2	1 1 1 0 0 0 1 1 1 0 0 0 1 1 0 0
220	2	1 1 1 0 0 0 1 1 0 0 0 0 1 0 1 0
220	2	0 1 1 1 0 0 1 0 0 0 0 0 1 1 0 0
230	111	0 1 1 1 0 0 1 0 0 0 0 0 0 0 0 0
230	14	1 0 1 1 0 0 1 0 0 0 0 0 0 0 0 0
230	16	1 1 1 0 1 0 1 1 0 0 0 0 0 0 0 0
230	86	1 1 1 0 0 0 1 0 0 0 0 0 0 0 0 0
230	4	1 0 1 1 1 0 1 1 1 0 0 0 0 0 0 0
230	7	1 1 0 1 1 0 1 0 0 1 0 0 0 0 0 0
230	10	1 1 0 0 1 0 1 1 0 0 0 1 0 0 0 0
230	14	1 1 1 1 0 0 1 0 0 0 0 0 0 0 0 0
230	10	1 1 1 0 0 1 1 0 1 0 0 0 0 0 1 0
230	9	1 1 0 1 1 0 1 1 1 0 0 0 0 0 0 0
230	3	1 1 1 0 1 0 1 0 0 0 0 1 0 0 0 0
230	1	0 1 1 1 0 1 1 0 0 0 0 0 0 0 0 0
230	1	0 1 0 0 0 0 1 0 1 0 0 0 0 0 0 0
230	12	1 1 0 1 0 0 1 0 0 0 0 0 0 0 0 0
230	42	1 1 1 1 1 0 1 1 0 0 0 0 0 0 0 0
230	15	1 1 1 0 1 0 1 1 0 0 0 1 0 0 0 0
230	40	1 1 1 0 0 0 1 1 1 0 0 0 0 0 0 0
230	14	1 1 0 1 1 1 1 0 0 1 0 0 0 0 0 0
230	4	1 1 1 0 1 0 0 0 0 0 0 1 0 0 0 0
230	10	1 1 1 0 0 0 1 1 1 0 0 0 0 0 1 0
230	50	0 1 1 1 0 0 1 0 0 0 0 0 0 0 1 0
230	24	0 1 1 1 0 0 1 0 1 0 0 0 0 0 0 0
230	55	1 1 1 1 1 0 1 1 0 0 0 0 1 0 0 0
230	1	1 1 1 0 0 0 1 1 1 0 0 0 0 1 0 0
230	2	1 1 0 1 1 0 0 0 0 0 0 1 0 0 0 0
230	8	1 1 1 1 1 0 1 1 0 0 0 1 0 0 0 0
230	35	1 1 1 0 1 0 1 1 0 1 0 0 0 0 0 0
230	41	1 1 1 0 1 1 0 0 0 0 0 1 0 0 0 0
230	12	1 1 1 0 1 0 1 1 0 0 0 0 0 1 0 0
230	1	1 1 1 1 0 0 1 0 0 0 0 0 0 0 1 0
230	3	1 0 1 1 1 0 0 1 1 0 0 0 0 1 0 0
230	14	0 1 1 0 0 0 1 0 0 0 0 0 0 0 0 0
230	7	1 1 1 1 0 0 0 0 1 0 0 0 0 0 0 0
230	20	1 1 1 1 0 0 1 1 0 0 0 0 0 0 0 0
230	14	1 0 1 0 0 0 1 1 0 0 0 0 0 0 1 0
230	7	0 1 0 1 0 0 1 0 0 0 0 0 0 0 0 1
230	15	1 1 1 1 0 0 1 1 0 0 0 0 1 0 0 0
230	2	1 1 1 0 1 0 1 1 0 0 0 0 0 0 0 1
230	10	0 1 1 1 0 0 1 0 0 0 1 0 0 0 0 0
230	1	1 1 1 0 0 0 1 0 1 0 0 0 0 0 0 0
230	5	1 0 1 1 1 0 1 1 1 0 0 0 0 0 0 1
230	2	1 1 1 0 1 0 1 1 1 0 0 0 0 0 0 0
230	6	1 0 1 1 1 0 1 1 0 0 0 0 1 0 0 0
230	7	0 1 0 0 1 0 1 0 1 0 0 0 0 0 0 0
230	1	1 1 1 0 1 0 1 1 0 0 0 0 1 0 0 1
230	4	1 1 0 1 0 1 1 0 0 1 0 0 0 0 0 1
230	7	1 1 1 1 1 0 1 1 0 0 0 0 0 0 1 0
230	48	1 0 1 0 1 0 1 1 0 0 0 1 0 0 0 0
230	4	1 0 0 1 1 0 1 1 1 0 0 0 0 0 0 0
230	2	0 1 1 1 0 0 1 1 0 0 0 0 0 0 0 0
230	2	0 1 1 1 0 0 1 1 0 0 0 0 0 0 1 0
230	3	1 1 1 1 1 0 1 1 0 0 0 1 1 0 0 0
230	4	1 1 1 0 0 1 1 0 0 0 0 0 0 0 1 0
230	4	1 1 1 1 1 0 0 1 1 0 0 0 0 0 0 1
230	3	1 1 1 0 1 1 0 0 0 1 0 1 0 0 0 0
230	6	1 1 0 1 1 1 1 0 0 1 0 0 0 0 0 1
230	2	1 1 1 1 1 0 1 1 0 0 1 0 0 0 0 0
230	5	1 1 1 0 0 0 1 0 0 0 1 0 0 0 0 0
230	1	1 1 1 0 1 0 1 1 1 0 0 0 0 1 0 0
230	3	0 1 0 1 1 0 1 0 0 0 0 0 0 0 0 1
230	5	1 1 1 0 1 0 0 1 1 0 0 0 0 0 0 0
230	4	0 0 1 1 1 0 1 1 0 0 0 0 1 0 0 0
230	2	1 1 1 0 0 1 1 0 1 0 0 0 0 0 0 0
230	7	1 1 1 0 1 0 1 0 0 0 0 0 0 0 0 0
230	2	1 1 0 0 0 0 1 0 0 0 0 0 0 0 0 0
230	7	1 1 1 0 0 1 1 0 1 0 0 0 0 0 1 1
230	4	1 1 1 0 1 1 1 1 0 1 0 0 0 0 0 0
230	2	1 1 1 1 1 0 1 1 1 0 0 0 0 0 0 0
230	4	0 1 1 0 1 1 0 0 0 0 0 1 0 0 0 0
230	9	1 1 1 0 0 1 1 0 0 1 0 0 0 0 0 1
230	1	0 1 1 0 1 0 1 1 0 0 0 0 0 0 0 0
230	1	1 0 1 1 1 0 1 1 1 0 1 0 0 0 0 0
230	4	1 0 1 0 0 0 1 1 1 0 0 0 0 0 0 0
230	2	1 0 1 0 0 0 1 1 1 0 0 1 0 0 0 0
230	7	0 1 1 1 0 0 1 0 0 0 0 1 0 0 0 0
230	2	1 1 1 0 0 0 1 0 0 0 0 0 1 0 0 0
230	4	1 1 0 1 1 0 1 0 0 0 0 0 0 0 0 0
230	1	1 1 0 1 0 1 1 0 0 1 0 0 0 0 0 0
230	2	0 1 0 1 0 0 1 0 0 0 0 0 0 0 0 0
230	7	1 1 1 1 1 0 1 1 1 0 0 0 1 0 0 0
230	2	1 1 1 1 0 0 1 1 0 0 0 0 1 1 0 0
230	2	0 0 1 1 0 0 1 1 0 0 0 0 0 0 1 0
230	1	1 1 1 1 1 0 1 1 0 1 1 0 0 0 0 0
230	3	1 1 1 0 0 0 1 1 0 0 0 0 0 0 0 0
230	4	1 0 1 0 1 0 1 1 0 0 0 0 0 0 0 0
230	3	1 1 1 0 0 0 1 1 1 1 0 0 0 0 0 0
230	6	1 1 1 0 0 0 0 1 1 0 0 0 0 0 0 0
230	4	0 1 1 1 0 0 1 1 1 0 0 0 0 0 0 0
230	5	1 1 1 0 1 1 0 0 0 0 0 1 0 0 1 0
230	6	0 1 1 0 0 0 1 1 1 0 0 0 0 0 1 0
230	1	0 1 1 1 0 0 1 0 0 0 1 0 0 0 1 0
230	2	1 1 1 1 0 0 1 1 0 0 1 0 0 0 0 0
230	1	0 1 1 1 0 0 1 1 0 0 0 0 0 0 0 1
230	1	1 1 1 0 1 1 0 1 1 0 0 0 0 0 0 0
230	2	1 1 0 1 1 1 1 0 0 0 0 0 0 0 0 0
230	2	0 1 0 0 1 0 1 0 0 0 0 1 0 0 0 0
230	2	1 0 1 0 1 1 0 0 0 0 0 1 0 0 0 0
230	1	1 1 1 0 0 0 0 1 0 0 0 0 0 0 0 0
230	2	1 1 1 1 0 0 1 0 0 0 0 0 0 1 0 0
230	1	0 1 1 0 0 0 1 0 0 0 0 0 0 0 1 0
230	1	0 1 1 1 0 0 1 0 1 0 0 0 0 0 1 0
230	1	1 1 1 1 1 0 1 1 0 0 0 0 1 0 1 0
230	1	1 1 1 1 1 0 0 1 0 0 0 0 1 0 0 0
230	1	1 0 1 0 0 0 1 0 0 0 0 0 0 0 1 0
230	2	1 1 1 1 0 0 1 1 0 0 1 0 1 0 0 0
230	2	1 1 0 1 1 1 1 1 0 1 0 0 0 0 0 1
240	95	0 1 1 1 0 0 1 0 0 0 0 0 0 0 0 0
240	26	1 0 1 1 0 0 1 0 0 0 0 0 0 0 0 0
240	8	1 1 1 0 1 0 1 1 0 0 0 0 0 0 0 0
240	95	1 1 1 0 0 0 1 0 0 0 0 0 0 0 0 0
240	14	1 1 0 1 1 0 1 0 0 1 0 0 0 0 0 0
240	3	1 1 0 0 1 0 1 1 0 0 0 1 0 0 0 0
240	26	1 1 1 1 0 0 1 0 0 0 0 0 0 0 0 0
240	2	1 1 1 0 0 1 1 0 1 0 0 0 0 0 1 0
240	3	1 1 0 1 1 0 1 1 1 0 0 0 0 0 0 0
240	20	1 1 0 1 0 0 1 0 0 0 0 0 0 0 0 0
240	29	1 1 1 1 1 0 1 1 0 0 0 0 0 0 0 0
240	1	1 1 1 0 1 0 1 1 0 0 0 1 0 0 0 0
240	55	1 1 1 0 0 0 1 1 1 0 0 0 0 0 0 0
240	21	1 1 0 1 1 1 1 0 0 1 0 0 0 0 0 0
240	19	1 1 1 0 0 0 1 1 1 0 0 0 0 0 1 0
240	28	0 1 1 1 0 0 1 0 0 0 0 0 0 0 1 0
240	30	0 1 1 1 0 0 1 0 1 0 0 0 0 0 0 0
240	34	1 1 1 1 1 0 1 1 0 0 0 0 1 0 0 0
240	11	1 1 1 0 0 0 1 1 1 0 0 0 0 1 0 0
240	4	1 1 1 1 1 0 1 1 0 0 0 1 0 0 0 0
240	29	1 1 1 0 1 0 1 1 0 1 0 0 0 0 0 0
240	25	1 1 1 0 1 1 0 0 0 0 0 1 0 0 0 0
240	4	1 1 1 0 1 0 1 1 0 0 0 0 0 1 0 0
240	5	0 1 1 0 0 0 1 0 0 0 0 0 0 0 0 0
240	1	1 1 1 1 0 0 0 0 1 0 0 0 0 0 0 0
240	35	1 1 1 1 0 0 1 1 0 0 0 0 0 0 0 0
240	4	1 0 1 0 0 0 1 1 0 0 0 0 0 0 1 0
240	27	1 1 1 1 0 0 1 1 0 0 0 0 1 0 0 0
240	4	1 0 1 1 1 0 1 1 1 0 0 0 0 0 0 1
240	2	1 1 1 0 1 0 1 1 1 0 0 0 0 0 0 0
240	20	1 0 1 1 1 0 1 1 0 0 0 0 1 0 0 0
240	6	1 1 1 1 1 0 1 1 0 0 0 0 0 0 1 0
240	18	1 0 1 0 1 0 1 1 0 0 0 1 0 0 0 0
240	2	1 0 0 1 1 0 1 1 1 0 0 0 0 0 0 0
240	8	0 1 1 1 0 0 1 1 0 0 0 0 0 0 1 0
240	7	1 1 1 0 0 0 1 0 0 0 1 0 0 0 0 0
240	8	1 1 1 0 1 0 0 1 1 0 0 0 0 0 0 0
240	13	0 0 1 1 1 0 1 1 0 0 0 0 1 0 0 0
240	8	1 1 1 0 0 1 1 0 1 0 0 0 0 0 0 0
240	4	1 1 1 0 1 0 1 0 0 0 0 0 0 0 0 0
240	14	1 1 1 0 0 1 1 0 1 0 0 0 0 0 1 1
240	7	1 1 1 0 1 1 1 1 0 1 0 0 0 0 0 0
240	3	1 1 1 1 1 0 1 1 1 0 0 0 0 0 0 0
240	4	0 1 1 0 1 1 0 0 0 0 0 1 0 0 0 0
240	7	1 1 1 0 0 1 1 0 0 1 0 0 0 0 0 1
240	2	1 0 1 0 0 0 1 1 1 0 0 0 0 0 0 0
240	1	1 1 0 1 0 1 1 0 0 1 0 0 0 0 0 0
240	5	0 1 0 1 0 0 1 0 0 0 0 0 0 0 0 0
240	3	0 0 1 1 0 0 1 1 0 0 0 0 0 0 1 0
240	1	1 1 1 0 0 0 1 1 0 0 0 0 0 0 0 0
240	15	1 0 1 0 1 0 1 1 0 0 0 0 0 0 0 0
240	6	1 1 1 0 0 0 0 1 1 0 0 0 0 0 0 0
240	3	0 1 1 1 0 0 1 1 1 0 0 0 0 0 0 0
240	10	1 1 1 0 1 1 0 0 0 0 0 1 0 0 1 0
240	5	1 1 1 1 0 0 1 1 0 0 1 0 0 0 0 0
240	6	0 1 1 0 0 0 1 1 1 0 0 0 0 0 0 0
240	5	1 1 1 1 1 0 1 1 0 0 1 0 1 0 0 0
240	18	1 1 1 1 1 0 1 1 0 1 0 0 0 0 0 0
240	5	0 1 1 0 1 0 1 0 0 0 0 0 0 0 0 0
240	1	1 1 1 1 0 0 1 1 1 0 1 0 1 0 0 0
240	4	1 1 1 0 0 0 1 1 0 0 0 0 0 0 1 0
240	5	1 0 1 0 0 0 1 0 0 0 0 0 0 0 0 0
240	1	1 0 1 0 0 0 1 1 1 0 0 0 0 0 1 0
240	1	0 1 0 1 1 0 1 1 1 0 0 0 0 0 0 0
240	5	1 1 1 0 0 0 1 0 1 0 0 0 0 0 1 0
240	6	0 1 1 1 0 0 1 0 0 0 0 0 0 1 1 0
240	2	1 1 1 1 0 0 0 0 1 0 1 0 0 0 0 0
240	1	1 1 1 0 0 1 1 1 1 0 0 0 0 0 1 1
240	1	1 1 0 0 1 0 0 0 0 0 0 1 0 0 0 0
240	2	1 1 1 0 0 1 1 1 1 0 0 0 0 0 1 0
240	1	1 0 1 1 0 0 1 1 0 0 0 0 0 0 0 0
240	2	1 0 1 0 1 0 1 1 1 0 0 0 0 0 0 0
240	1	0 0 1 0 0 0 1 1 1 0 0 0 0 0 0 0
240	8	1 1 0 1 1 1 1 0 0 1 0 1 0 0 0 0
240	3	0 1 1 1 0 0 1 1 0 0 0 0 0 1 1 0
240	7	1 1 0 1 1 1 1 0 0 1 0 0 0 1 0 1
240	5	1 1 1 0 1 1 0 0 1 0 0 1 0 0 1 0
240	1	1 0 1 0 1 0 1 1 0 1 0 0 0 0 0 0
240	2	1 0 1 1 0 0 1 0 1 0 0 0 0 0 0 0
240	1	1 1 0 1 0 0 1 1 0 0 0 0 1 0 0 0
240	5	1 0 1 0 1 0 0 1 0 0 0 1 0 0 0 0
240	9	0 1 1 1 0 0 1 0 0 0 0 0 1 0 0 0
240	3	0 1 1 1 0 0 1 0 0 0 0 0 0 1 0 0
240	1	1 1 1 0 1 0 1 1 0 0 1 1 0 0 0 0
240	1	1 1 0 1 1 1 1 1 0 1 0 0 0 0 0 0
240	2	0 1 1 1 0 0 1 0 1 1 0 0 0 0 0 0
240	1	0 0 1 0 1 0 1 1 1 0 0 0 0 0 0 0
240	3	0 1 0 1 0 0 1 0 0 0 0 0 0 0 1 1
240	2	1 1 1 0 1 0 1 1 0 0 1 0 0 0 0 0
240	3	0 1 1 1 0 0 1 0 1 0 0 0 1 0 0 0
240	3	1 1 0 1 1 0 1 1 0 0 0 0 1 0 0 0
240	2	0 1 0 1 0 0 1 0 0 1 0 0 0 0 0 0
240	1	1 0 1 0 1 1 0 0 0 0 0 1 0 0 1 0
240	1	1 1 1 1 0 1 1 0 0 1 0 0 0 0 0 1
240	1	0 1 1 1 0 0 1 1 0 0 0 0 1 0 0 0
240	2	1 1 0 0 1 0 1 1 0 0 0 0 0 0 0 0
240	3	1 1 1 1 1 0 1 1 0 1 0 1 0 0 0 0
240	2	0 1 1 0 1 0 1 0 0 1 0 0 0 0 0 0
240	2	1 1 1 1 1 0 1 1 0 0 1 0 0 0 0 0
240	3	0 1 1 1 0 0 1 0 1 0 0 0 0 0 1 0
240	2	1 1 1 0 0 0 1 0 0 0 0 1 0 0 0 0
240	1	1 1 1 1 0 0 1 0 0 0 0 0 0 0 1 0
240	1	1 1 1 1 1 0 1 0 0 0 0 0 0 0 0 0
240	2	1 1 1 1 0 0 1 1 0 0 0 0 0 0 1 0
240	3	0 1 1 1 0 0 1 0 0 1 0 0 0 0 0 0
240	1	1 1 0 1 1 1 1 0 0 1 0 0 1 0 0 0
240	1	1 1 0 1 1 1 1 0 0 1 0 0 0 0 0 1
240	1	1 1 1 0 0 1 1 1 1 0 0 0 0 1 0 0
240	3	1 1 1 1 1 0 0 1 1 0 0 0 0 0 0 0
240	1	0 1 1 0 0 0 1 0 1 0 0 0 0 0 1 0
250	101	0 1 1 1 0 0 1 0 0 0 0 0 0 0 0 0
250	30	1 0 1 1 0 0 1 0 0 0 0 0 0 0 0 0
250	53	1 1 1 0 0 0 1 0 0 0 0 0 0 0 0 0
250	5	1 1 0 1 1 0 1 0 0 1 0 0 0 0 0 0
250	20	1 1 1 1 0 0 1 0 0 0 0 0 0 0 0 0
250	9	1 1 0 1 0 0 1 0 0 0 0 0 0 0 0 0
250	21	1 1 1 1 1 0 1 1 0 0 0 0 0 0 0 0
250	2	1 1 1 0 1 0 1 1 0 0 0 1 0 0 0 0
250	97	1 1 1 0 0 0 1 1 1 0 0 0 0 0 0 0
250	22	1 1 0 1 1 1 1 0 0 1 0 0 0 0 0 0
250	20	1 1 1 0 0 0 1 1 1 0 0 0 0 0 1 0
250	22	0 1 1 1 0 0 1 0 0 0 0 0 0 0 1 0
250	9	0 1 1 1 0 0 1 0 1 0 0 0 0 0 0 0
250	86	1 1 1 1 1 0 1 1 0 0 0 0 1 0 0 0
250	8	1 1 1 0 0 0 1 1 1 0 0 0 0 1 0 0
250	3	1 1 1 1 1 0 1 1 0 0 0 1 0 0 0 0
250	6	1 1 1 0 1 0 1 1 0 1 0 0 0 0 0 0
250	58	1 1 1 0 1 1 0 0 0 0 0 1 0 0 0 0
250	3	0 1 1 0 0 0 1 0 0 0 0 0 0 0 0 0
250	38	1 1 1 1 0 0 1 1 0 0 0 0 0 0 0 0
250	8	1 0 1 0 0 0 1 1 0 0 0 0 0 0 1 0
250	19	1 1 1 1 0 0 1 1 0 0 0 0 1 0 0 0
250	8	1 0 1 1 1 0 1 1 0 0 0 0 1 0 0 0
250	17	1 0 1 0 1 0 1 1 0 0 0 1 0 0 0 0
250	1	1 0 0 1 1 0 1 1 1 0 0 0 0 0 0 0
250	18	1 1 1 0 0 0 1 0 0 0 1 0 0 0 0 0
250	8	1 1 1 0 1 0 0 1 1 0 0 0 0 0 0 0
250	7	0 0 1 1 1 0 1 1 0 0 0 0 1 0 0 0
250	3	1 1 1 0 0 1 1 0 1 0 0 0 0 0 1 1
250	1	1 1 1 1 1 0 1 1 1 0 0 0 0 0 0 0
250	7	0 1 1 0 1 1 0 0 0 0 0 1 0 0 0 0
250	8	1 1 1 0 0 1 1 0 0 1 0 0 0 0 0 1
250	2	1 0 1 0 0 0 1 1 1 0 0 0 0 0 0 0
250	4	0 1 0 1 0 0 1 0 0 0 0 0 0 0 0 0
250	1	0 0 1 1 0 0 1 1 0 0 0 0 0 0 1 0
250	9	1 1 1 0 0 0 1 1 0 0 0 0 0 0 0 0
250	11	1 1 1 0 0 0 0 1 1 0 0 0 0 0 0 0
250	5	1 1 1 0 1 1 0 0 0 0 0 1 0 0 1 0
250	2	1 1 1 1 0 0 1 1 0 0 1 0 0 0 0 0
250	9	0 1 1 0 0 0 1 1 1 0 0 0 0 0 0 0
250	4	1 1 1 1 1 0 1 1 0 0 1 0 1 0 0 0
250	8	1 1 1 1 1 0 1 1 0 1 0 0 0 0 0 0
250	3	1 1 1 1 0 0 1 1 1 0 1 0 1 0 0 0
250	3	0 1 0 1 1 0 1 1 1 0 0 0 0 0 0 0
250	1	1 0 1 0 1 0 1 1 1 0 0 0 0 0 0 0
250	3	0 0 1 0 0 0 1 1 1 0 0 0 0 0 0 0
250	5	1 1 0 1 1 1 1 0 0 1 0 1 0 0 0 0
250	2	0 1 1 1 0 0 1 1 0 0 0 0 0 1 1 0
250	2	1 1 0 1 1 1 1 0 0 1 0 0 0 1 0 1
250	7	0 1 1 1 0 0 1 0 0 0 0 0 1 0 0 0
250	30	0 1 1 1 0 0 1 0 0 0 0 0 0 1 0 0
250	9	0 1 1 1 0 0 1 0 1 1 0 0 0 0 0 0
250	3	1 1 1 0 1 0 1 1 0 0 1 0 0 0 0 0
250	5	0 1 1 1 0 0 1 0 1 0 0 0 1 0 0 0
250	6	0 1 1 1 0 0 1 1 0 0 0 0 1 0 0 0
250	2	1 1 0 0 1 0 1 1 0 0 0 0 0 0 0 0
250	9	1 1 1 1 1 0 1 1 0 1 0 1 0 0 0 0
250	18	1 1 1 1 1 0 1 1 0 0 1 0 0 0 0 0
250	8	1 1 1 0 0 0 1 0 0 0 0 1 0 0 0 0
250	5	0 1 1 1 0 0 1 0 0 1 0 0 0 0 0 0
250	3	1 1 0 1 1 1 1 0 0 1 0 0 0 0 0 1
250	4	1 1 1 0 0 1 1 1 1 0 0 0 0 1 0 0
250	4	1 1 1 0 0 0 1 1 0 0 0 0 1 0 0 0
250	4	1 1 1 0 0 0 1 1 0 0 1 0 0 0 0 0
250	9	0 1 1 1 0 0 1 0 0 0 0 0 1 1 0 0
250	4	1 1 0 1 1 0 1 0 0 0 0 0 0 0 0 0
250	6	1 1 0 0 1 1 1 0 0 1 0 1 0 0 0 0
250	3	0 1 1 1 0 0 0 0 1 1 0 0 0 0 0 0
250	1	1 1 1 1 0 0 1 0 0 0 0 1 0 1 1 0
250	12	0 1 1 1 0 1 1 0 0 0 0 0 0 0 0 0
250	7	1 0 1 0 1 0 0 1 0 0 0 1 0 0 0 1
250	1	0 1 1 1 0 0 1 0 0 0 0 1 0 1 0 0
250	1	1 1 1 0 0 0 1 1 1 1 0 0 0 0 1 0
250	1	0 1 1 1 0 0 0 0 1 1 0 1 0 0 0 0
250	3	1 1 0 1 0 0 1 0 0 0 0 0 0 0 1 0
250	1	1 1 1 0 0 0 1 1 1 0 1 0 0 0 0 0
250	1	0 1 1 1 0 0 1 0 1 0 0 0 0 1 0 0
250	2	1 1 1 0 1 1 0 0 0 0 0 1 1 0 0 0
250	3	0 0 1 1 1 0 1 1 0 0 1 0 1 0 0 0
250	1	1 0 1 1 0 0 1 0 0 0 0 0 0 0 1 0
250	7	1 1 1 0 1 1 0 0 0 0 0 1 0 1 0 0
250	4	1 1 1 1 1 1 0 0 0 0 0 1 0 0 0 0
250	4	1 1 1 1 1 0 1 0 0 1 0 0 0 0 0 0
250	1	1 1 1 1 1 0 1 1 0 1 1 0 0 0 0 0
250	1	0 1 1 1 0 0 1 1 1 0 0 0 0 1 0 0
250	3	0 1 1 1 0 0 1 1 0 0 0 0 0 0 1 0
250	1	1 1 1 1 1 0 1 0 0 0 1 0 0 0 0 0
250	1	1 0 1 0 0 0 1 0 1 0 0 0 0 0 0 0
250	3	1 1 1 0 0 0 1 0 0 0 0 0 1 0 0 0
250	2	1 0 1 0 1 0 1 1 0 0 0 0 1 0 0 0
250	1	0 1 1 1 0 0 1 0 0 0 1 0 0 0 0 0
250	2	1 1 1 1 1 0 1 1 1 0 0 0 1 0 0 0
250	1	1 1 1 0 1 1 0 0 0 0 0 0 0 0 0 0
250	1	0 1 1 1 0 0 0 1 0 0 0 0 0 1 1 0
250	2	1 1 1 0 0 0 1 1 0 0 0 0 1 0 1 0
250	1	1 0 1 1 1 0 0 0 0 0 0 0 0 0 0 0
260	108	0 1 1 1 0 0 1 0 0 0 0 0 0 0 0 0
260	8	1 0 1 1 0 0 1 0 0 0 0 0 0 0 0 0
260	57	1 1 1 0 0 0 1 0 0 0 0 0 0 0 0 0
260	23	1 1 1 1 0 0 1 0 0 0 0 0 0 0 0 0
260	63	1 1 0 1 0 0 1 0 0 0 0 0 0 0 0 0
260	14	1 1 1 1 1 0 1 1 0 0 0 0 0 0 0 0
260	40	1 1 1 0 0 0 1 1 1 0 0 0 0 0 0 0
260	51	1 1 0 1 1 1 1 0 0 1 0 0 0 0 0 0
260	28	1 1 1 0 0 0 1 1 1 0 0 0 0 0 1 0
260	10	0 1 1 1 0 0 1 0 0 0 0 0 0 0 1 0
260	5	0 1 1 1 0 0 1 0 1 0 0 0 0 0 0 0
260	50	1 1 1 1 1 0 1 1 0 0 0 0 1 0 0 0
260	6	1 1 1 0 0 0 1 1 1 0 0 0 0 1 0 0
260	1	1 1 1 0 1 0 1 1 0 1 0 0 0 0 0 0
260	48	1 1 1 0 1 1 0 0 0 0 0 1 0 0 0 0
260	3	0 1 1 0 0 0 1 0 0 0 0 0 0 0 0 0
260	4	1 1 1 1 0 0 1 1 0 0 0 0 0 0 0 0
260	1	1 0 1 0 0 0 1 1 0 0 0 0 0 0 1 0
260	3	1 1 1 1 0 0 1 1 0 0 0 0 1 0 0 0
260	5	1 0 1 1 1 0 1 1 0 0 0 0 1 0 0 0
260	5	1 0 1 0 1 0 1 1 0 0 0 1 0 0 0 0
260	63	1 1 1 0 0 0 1 0 0 0 1 0 0 0 0 0
260	18	1 1 1 0 1 0 0 1 1 0 0 0 0 0 0 0
260	7	1 1 1 0 0 1 1 0 1 0 0 0 0 0 1 1
260	2	1 1 1 0 0 1 1 0 0 1 0 0 0 0 0 1
260	6	1 0 1 0 0 0 1 1 1 0 0 0 0 0 0 0
260	16	1 1 1 0 0 0 1 1 0 0 0 0 0 0 0 0
260	3	1 1 1 0 0 0 0 1 1 0 0 0 0 0 0 0
260	1	1 1 1 0 1 1 0 0 0 0 0 1 0 0 1 0
260	12	1 1 1 1 0 0 1 1 0 0 1 0 0 0 0 0
260	1	1 1 1 1 1 0 1 1 0 1 0 0 0 0 0 0
260	3	1 1 1 1 0 0 1 1 1 0 1 0 1 0 0 0
260	11	1 0 1 0 1 0 1 1 1 0 0 0 0 0 0 0
260	3	0 1 1 1 0 0 1 1 0 0 0 0 0 1 1 0
260	2	1 1 0 1 1 1 1 0 0 1 0 0 0 1 0 1
260	2	0 1 1 1 0 0 1 0 0 0 0 0 1 0 0 0
260	9	0 1 1 1 0 0 1 0 0 0 0 0 0 1 0 0
260	19	0 1 1 1 0 0 1 0 1 1 0 0 0 0 0 0
260	5	0 1 1 1 0 0 1 1 0 0 0 0 1 0 0 0
260	32	1 1 1 1 1 0 1 1 0 1 0 1 0 0 0 0
260	21	1 1 1 1 1 0 1 1 0 0 1 0 0 0 0 0
260	8	1 1 1 0 0 0 1 0 0 0 0 1 0 0 0 0
260	11	0 1 1 1 0 0 1 0 0 1 0 0 0 0 0 0
260	12	1 1 1 0 0 0 1 1 0 0 0 0 1 0 0 0
260	15	1 1 1 0 0 0 1 1 0 0 1 0 0 0 0 0
260	8	1 1 0 0 1 1 1 0 0 1 0 1 0 0 0 0
260	17	0 1 1 1 0 1 1 0 0 0 0 0 0 0 0 0
260	7	1 0 1 0 1 0 0 1 0 0 0 1 0 0 0 1
260	6	1 1 1 1 1 0 1 0 0 1 0 0 0 0 0 0
260	12	0 1 1 1 0 0 1 1 0 0 0 0 0 0 1 0
260	2	1 1 1 0 0 0 1 0 0 0 0 0 1 0 0 0
260	2	1 0 1 1 1 0 0 0 0 0 0 0 0 0 0 0
260	7	0 1 1 1 0 1 1 0 1 1 0 0 0 0 0 0
260	12	1 0 1 1 0 0 1 0 1 0 0 0 0 0 0 0
260	2	0 1 1 1 0 0 1 1 0 0 1 0 0 0 0 0
260	4	0 1 1 1 1 1 1 0 0 1 0 0 0 0 0 0
260	5	1 1 1 0 0 1 1 1 1 0 0 0 0 0 0 0
260	3	1 1 1 1 0 0 1 1 1 1 1 0 1 0 0 0
260	4	1 1 0 0 0 1 1 0 0 1 0 1 0 0 0 0
260	7	1 1 0 1 0 0 1 0 0 0 0 1 0 0 1 0
260	1	1 1 1 1 1 0 1 1 0 0 0 0 0 0 0 1
260	4	1 1 0 0 0 0 1 1 1 0 0 0 0 0 0 0
260	3	1 1 1 0 1 1 1 0 1 0 0 0 0 0 0 0
260	2	1 1 1 1 0 0 1 1 0 0 0 0 0 1 0 1
260	2	1 1 1 1 0 0 0 0 0 0 0 0 0 0 0 0
260	1	1 1 1 0 0 0 1 0 1 0 0 0 0 0 0 0
260	5	1 1 1 0 1 1 1 0 0 0 0 1 0 0 1 0
260	1	1 1 1 1 1 0 1 1 1 0 0 0 0 0 0 0
260	1	1 1 1 0 1 0 1 1 0 0 0 0 1 0 0 0
260	7	1 1 1 1 0 0 1 0 0 0 0 0 0 1 0 0
260	2	1 1 0 1 0 0 1 1 0 0 0 0 1 0 0 0
260	1	1 1 1 0 1 1 0 0 0 0 0 1 0 1 0 1
260	1	0 1 1 1 0 1 1 0 1 1 0 0 1 0 0 0
260	2	1 0 1 0 0 0 1 0 0 0 0 0 0 0 0 0
260	2	1 1 0 1 0 0 1 0 0 0 0 0 1 0 0 0
260	3	0 1 1 1 1 1 1 0 0 0 0 0 0 0 0 0
260	3	1 0 1 1 0 0 1 1 0 0 0 0 1 0 0 0
260	1	1 1 1 0 0 0 1 1 0 0 0 0 0 0 1 0
260	4	1 1 1 0 0 0 0 1 0 0 1 0 0 0 0 0
260	2	1 1 1 1 1 0 1 0 0 0 1 0 0 0 0 1
260	2	0 1 1 1 1 1 1 0 0 1 0 0 0 1 0 0
260	2	1 1 1 0 1 1 0 0 0 0 0 1 1 1 0 1
260	2	1 1 0 1 0 0 1 0 0 1 0 1 0 0 0 0
260	3	1 1 1 1 1 0 1 0 0 0 0 0 0 0 0 0
260	1	1 0 1 1 1 1 0 0 0 0 0 1 0 0 0 0
260	4	1 1 0 1 0 0 1 1 0 0 0 0 0 0 0 0
260	4	1 1 0 1 0 0 1 0 0 0 0 1 0 0 0 0
260	1	1 1 1 0 0 0 1 0 0 0 1 0 0 1 0 0
260	1	1 0 1 1 1 1 1 0 0 1 0 0 0 0 0 0
260	2	1 1 0 1 1 1 1 0 0 0 0 0 0 0 0 0
260	1	1 1 1 0 1 1 0 0 0 0 0 1 0 0 0 1
260	1	1 1 0 1 0 0 1 0 1 0 0 0 0 1 0 0
260	2	0 1 1 1 0 0 1 1 0 0 0 0 0 0 0 0
260	2	1 1 1 1 0 0 1 1 1 0 1 0 0 0 0 0
260	3	0 1 1 1 1 0 1 1 0 1 0 1 0 0 0 0
260	3	1 0 1 0 0 0 1 1 0 0 0 0 1 0 0 0
260	3	1 1 0 1 0 0 1 0 0 0 0 0 0 0 1 0
260	2	1 1 1 0 1 0 1 1 0 1 0 0 0 1 0 0
270	85	0 1 1 1 0 0 1 0 0 0 0 0 0 0 0 0
270	7	1 0 1 1 0 0 1 0 0 0 0 0 0 0 0 0
270	31	1 1 1 0 0 0 1 0 0 0 0 0 0 0 0 0
270	44	1 1 1 1 0 0 1 0 0 0 0 0 0 0 0 0
270	47	1 1 0 1 0 0 1 0 0 0 0 0 0 0 0 0
270	18	1 1 1 1 1 0 1 1 0 0 0 0 0 0 0 0
270	27	1 1 1 0 0 0 1 1 1 0 0 0 0 0 0 0
270	14	1 1 0 1 1 1 1 0 0 1 0 0 0 0 0 0
270	9	1 1 1 0 0 0 1 1 1 0 0 0 0 0 1 0
270	57	1 1 1 1 1 0 1 1 0 0 0 0 1 0 0 0
270	38	1 1 1 0 1 1 0 0 0 0 0 1 0 0 0 0
270	1	0 1 1 0 0 0 1 0 0 0 0 0 0 0 0 0
270	3	1 1 1 1 0 0 1 1 0 0 0 0 0 0 0 0
270	2	1 0 1 1 1 0 1 1 0 0 0 0 1 0 0 0
270	38	1 1 1 0 0 0 1 0 0 0 1 0 0 0 0 0
270	18	1 1 1 0 1 0 0 1 1 0 0 0 0 0 0 0
270	2	1 1 1 0 0 1 1 0 0 1 0 0 0 0 0 1
270	3	1 0 1 0 0 0 1 1 1 0 0 0 0 0 0 0
270	23	1 1 1 0 0 0 1 1 0 0 0 0 0 0 0 0
270	29	1 1 1 1 0 0 1 1 0 0 1 0 0 0 0 0
270	7	1 1 1 1 1 0 1 1 0 1 0 0 0 0 0 0
270	22	1 0 1 0 1 0 1 1 1 0 0 0 0 0 0 0
270	15	0 1 1 1 0 0 1 0 1 1 0 0 0 0 0 0
270	2	0 1 1 1 0 0 1 1 0 0 0 0 1 0 0 0
270	38	1 1 1 1 1 0 1 1 0 1 0 1 0 0 0 0
270	20	1 1 1 1 1 0 1 1 0 0 1 0 0 0 0 0
270	21	1 1 1 0 0 0 1 0 0 0 0 1 0 0 0 0
270	28	0 1 1 1 0 0 1 0 0 1 0 0 0 0 0 0
270	18	1 1 1 0 0 0 1 1 0 0 0 0 1 0 0 0
270	15	1 1 1 0 0 0 1 1 0 0 1 0 0 0 0 0
270	23	0 1 1 1 0 1 1 0 0 0 0 0 0 0 0 0
270	5	1 1 1 1 1 0 1 0 0 1 0 0 0 0 0 0
270	3	0 1 1 1 0 0 1 1 0 0 0 0 0 0 1 0
270	9	0 1 1 1 0 1 1 0 1 1 0 0 0 0 0 0
270	6	1 0 1 1 0 0 1 0 1 0 0 0 0 0 0 0
270	1	0 1 1 1 0 0 1 1 0 0 1 0 0 0 0 0
270	3	1 1 0 0 0 1 1 0 0 1 0 1 0 0 0 0
270	17	1 1 0 1 0 0 1 0 0 0 0 1 0 0 1 0
270	8	1 1 1 0 1 1 1 0 0 0 0 1 0 0 1 0
270	1	1 1 1 1 1 0 1 1 1 0 0 0 0 0 0 0
270	1	1 1 1 1 0 0 1 0 0 0 0 0 0 1 0 0
270	2	0 1 1 1 0 1 1 0 1 1 0 0 1 0 0 0
270	1	0 1 1 1 1 1 1 0 0 0 0 0 0 0 0 0
270	8	1 1 1 0 0 0 0 1 0 0 1 0 0 0 0 0
270	6	1 1 1 1 1 0 1 0 0 0 1 0 0 0 0 1
270	3	1 1 1 1 1 0 1 0 0 0 0 0 0 0 0 0
270	11	1 0 1 1 1 1 0 0 0 0 0 1 0 0 0 0
270	20	1 1 0 1 0 0 1 1 0 0 0 0 0 0 0 0
270	1	0 1 1 1 0 0 1 1 0 0 0 0 0 0 0 0
270	7	1 1 0 1 0 0 1 0 0 0 0 0 0 0 1 0
270	15	1 1 1 0 0 1 1 0 1 1 0 0 0 0 1 1
270	13	0 1 1 1 1 1 0 0 0 0 0 1 0 0 0 0
270	1	0 1 1 1 1 0 1 0 0 0 0 0 0 0 0 0
270	5	1 1 0 1 0 0 1 1 1 0 0 0 0 0 0 0
270	8	0 1 1 1 0 0 1 0 0 0 0 1 0 0 0 0
270	1	1 1 1 0 1 0 0 1 0 0 0 1 0 0 0 1
270	4	1 1 0 1 0 0 0 0 0 0 0 1 0 0 0 0
270	1	0 1 1 1 0 0 1 0 0 0 1 0 0 0 0 0
270	8	1 0 0 1 0 0 1 0 0 0 0 0 0 0 0 0
270	1	1 1 1 1 0 0 1 0 1 0 0 0 0 0 0 0
270	2	1 1 0 0 1 1 1 0 1 0 0 0 0 0 0 0
270	2	1 1 0 1 1 1 1 0 0 1 0 0 0 0 0 1
270	4	1 1 0 0 0 0 1 1 1 1 0 0 0 0 0 0
270	7	1 1 1 0 1 0 1 1 0 1 0 1 0 0 0 1
270	6	1 1 0 0 0 0 1 0 0 0 0 0 0 0 0 0
270	3	1 1 1 0 1 0 1 1 0 0 0 0 0 0 0 0
270	3	1 1 1 0 0 0 1 0 0 0 1 1 0 0 0 0
270	6	1 1 1 0 1 1 0 0 0 0 0 1 0 0 1 0
270	2	0 1 1 1 1 1 1 0 0 1 0 0 0 0 0 0
270	1	1 1 0 0 1 0 1 1 0 0 0 0 1 0 0 0
270	5	0 1 1 1 0 0 1 0 0 0 0 0 0 0 1 0
270	10	1 1 0 1 0 0 1 0 0 0 0 0 0 0 0 1
270	7	1 1 0 1 1 0 1 0 0 0 0 0 0 0 0 0
270	4	1 1 0 1 1 1 1 1 0 1 0 0 0 0 0 0
270	4	1 1 1 1 1 0 1 1 0 1 0 0 1 0 0 0
270	5	0 1 1 1 0 0 1 1 0 0 0 1 0 0 1 0
270	3	1 1 1 0 0 1 1 1 1 0 0 0 0 1 0 0
270	1	1 1 1 1 1 1 0 0 0 0 0 1 0 0 0 0
270	3	0 1 1 1 0 0 1 1 0 1 0 0 0 0 0 0
270	5	1 1 1 0 1 0 1 1 0 0 0 0 1 0 0 0
270	1	1 1 1 0 1 0 1 1 1 0 0 0 0 0 0 0
270	1	1 1 1 0 1 1 0 0 0 0 0 0 0 0 0 0
270	1	1 1 1 0 1 0 0 1 1 0 0 0 0 1 0 0
270	7	1 1 1 1 1 0 1 1 1 1 0 1 0 0 0 0
270	4	1 0 1 1 1 0 1 1 0 0 1 0 0 0 0 0
270	1	1 1 0 1 0 0 0 0 0 0 0 1 0 0 1 0
270	1	1 1 1 0 0 1 1 0 0 1 0 0 1 0 0 0
270	1	1 1 1 0 1 1 0 0 0 0 0 0 1 0 0 0
270	2	1 0 1 1 0 0 1 1 0 0 0 0 0 0 0 0
270	1	1 1 1 1 0 0 1 0 0 0 0 0 0 0 1 0
270	3	1 1 1 0 0 0 1 1 1 1 0 0 0 0 0 0
270	1	1 0 1 1 1 1 1 1 0 0 0 0 1 0 0 0
270	1	1 1 1 1 1 0 1 0 0 0 1 1 0 0 0 1
270	4	1 0 1 0 1 0 1 1 0 0 1 0 0 0 0 0
270	1	0 1 1 1 0 0 1 0 1 1 0 1 0 0 0 0
270	4	1 1 1 1 1 1 1 1 0 1 0 0 0 0 0 0
270	1	1 1 1 0 1 0 1 1 0 1 0 1 0 0 0 0
270	1	1 1 1 0 0 0 1 0 0 0 0 1 0 0 0 1
270	4	1 1 1 1 0 0 1 0 0 1 0 0 0 0 0 0
270	1	0 1 1 1 0 1 1 0 1 1 0 0 0 0 1 0
270	1	1 1 0 1 0 0 0 0 0 0 0 0 0 0 1 0
280	131	0 1 1 1 0 0 1 0 0 0 0 0 0 0 0 0
280	30	1 0 1 1 0 0 1 0 0 0 0 0 0 0 0 0
280	4	1 1 1 0 0 0 1 0 0 0 0 0 0 0 0 0
280	16	1 1 1 1 0 0 1 0 0 0 0 0 0 0 0 0
280	24	1 1 0 1 0 0 1 0 0 0 0 0 0 0 0 0
280	14	1 1 1 1 1 0 1 1 0 0 0 0 0 0 0 0
280	20	1 1 1 0 0 0 1 1 1 0 0 0 0 0 0 0
280	17	1 1 0 1 1 1 1 0 0 1 0 0 0 0 0 0
280	31	1 1 1 1 1 0 1 1 0 0 0 0 1 0 0 0
280	16	1 1 1 0 1 1 0 0 0 0 0 1 0 0 0 0
280	9	0 1 1 0 0 0 1 0 0 0 0 0 0 0 0 0
280	6	1 1 1 1 0 0 1 1 0 0 0 0 0 0 0 0
280	6	1 0 1 1 1 0 1 1 0 0 0 0 1 0 0 0
280	18	1 1 1 0 0 0 1 0 0 0 1 0 0 0 0 0
280	77	1 1 1 0 1 0 0 1 1 0 0 0 0 0 0 0
280	1	1 1 1 0 0 1 1 0 0 1 0 0 0 0 0 1
280	8	1 0 1 0 0 0 1 1 1 0 0 0 0 0 0 0
280	44	1 1 1 0 0 0 1 1 0 0 0 0 0 0 0 0
280	12	1 1 1 1 0 0 1 1 0 0 1 0 0 0 0 0
280	8	1 1 1 1 1 0 1 1 0 1 0 0 0 0 0 0
280	6	1 0 1 0 1 0 1 1 1 0 0 0 0 0 0 0
280	25	0 1 1 1 0 0 1 0 1 1 0 0 0 0 0 0
280	39	1 1 1 1 1 0 1 1 0 1 0 1 0 0 0 0
280	18	1 1 1 1 1 0 1 1 0 0 1 0 0 0 0 0
280	10	1 1 1 0 0 0 1 0 0 0 0 1 0 0 0 0
280	9	0 1 1 1 0 0 1 0 0 1 0 0 0 0 0 0
280	18	1 1 1 0 0 0 1 1 0 0 1 0 0 0 0 0
280	18	0 1 1 1 0 1 1 0 0 0 0 0 0 0 0 0
280	13	1 1 1 1 1 0 1 0 0 1 0 0 0 0 0 0
280	12	0 1 1 1 0 1 1 0 1 1 0 0 0 0 0 0
280	2	1 0 1 1 0 0 1 0 1 0 0 0 0 0 0 0
280	7	1 1 0 0 0 1 1 0 0 1 0 1 0 0 0 0
280	10	1 1 0 1 0 0 1 0 0 0 0 1 0 0 1 0
280	1	1 1 1 1 1 0 1 1 1 0 0 0 0 0 0 0
280	8	1 1 1 1 1 0 1 0 0 0 1 0 0 0 0 1
280	4	1 1 1 1 1 0 1 0 0 0 0 0 0 0 0 0
280	8	1 0 1 1 1 1 0 0 0 0 0 1 0 0 0 0
280	10	1 1 0 1 0 0 1 1 0 0 0 0 0 0 0 0
280	10	0 1 1 1 0 0 1 1 0 0 0 0 0 0 0 0
280	6	1 1 1 0 0 1 1 0 1 1 0 0 0 0 1 1
280	22	0 1 1 1 1 1 0 0 0 0 0 1 0 0 0 0
280	1	1 1 0 1 0 0 1 1 1 0 0 0 0 0 0 0
280	1	1 0 0 1 0 0 1 0 0 0 0 0 0 0 0 0
280	7	1 1 1 1 0 0 1 0 1 0 0 0 0 0 0 0
280	8	1 1 1 0 1 0 1 1 0 1 0 1 0 0 0 1
280	3	1 1 0 0 0 0 1 0 0 0 0 0 0 0 0 0
280	5	1 1 1 0 1 1 0 0 0 0 0 1 0 0 1 0
280	2	0 1 1 1 0 0 1 0 0 0 0 0 0 0 1 0
280	4	0 1 1 1 0 0 1 1 0 0 0 1 0 0 1 0
280	2	0 1 1 1 0 0 1 1 0 1 0 0 0 0 0 0
280	4	1 1 1 0 1 0 1 1 1 0 0 0 0 0 0 0
280	8	1 1 1 1 1 0 1 1 1 1 0 1 0 0 0 0
280	21	1 0 1 1 1 0 1 1 0 0 1 0 0 0 0 0
280	6	1 0 1 1 0 0 1 1 0 0 0 0 0 0 0 0
280	5	1 1 1 0 0 0 1 1 1 1 0 0 0 0 0 0
280	7	1 1 1 1 1 1 1 1 0 1 0 0 0 0 0 0
280	7	1 1 1 0 0 0 1 0 0 0 0 1 0 0 0 1
280	4	0 1 1 1 0 1 1 0 1 1 0 0 0 0 1 0
280	3	1 1 1 1 0 0 1 0 0 0 0 1 0 0 0 0
280	1	0 1 1 1 1 0 1 1 0 1 0 1 0 0 0 0
280	3	1 1 1 1 1 1 1 0 0 0 0 1 0 0 1 0
280	5	1 1 1 1 1 0 0 0 0 0 0 0 0 0 0 0
280	6	1 0 1 0 1 0 1 1 1 0 0 0 1 0 0 0
280	13	0 1 1 0 0 0 1 0 0 0 0 1 0 0 0 0
280	3	1 1 1 0 0 0 1 1 0 0 0 0 0 0 1 0
280	20	1 1 1 0 0 0 1 1 0 0 0 0 0 0 0 1
280	3	1 0 1 0 0 0 1 1 0 0 0 0 0 0 0 0
280	4	0 1 1 1 1 1 0 0 0 0 0 1 0 0 0 1
280	4	0 1 1 1 0 0 1 1 0 0 1 0 0 0 0 0
280	1	1 1 1 1 0 0 1 1 0 0 1 0 0 1 0 0
280	3	0 0 1 1 0 0 1 0 0 1 0 0 0 0 0 0
280	2	1 1 0 1 0 0 1 0 0 0 0 1 1 0 1 0
280	7	0 1 1 1 1 1 1 1 0 1 0 0 0 0 0 0
280	1	1 1 0 1 0 0 0 0 0 0 0 0 0 0 0 0
280	2	0 1 0 1 0 0 1 0 1 1 0 0 0 0 0 0
280	3	1 1 1 1 0 0 1 1 0 1 0 1 0 0 0 0
280	1	1 1 1 0 0 0 1 0 0 1 0 1 0 0 0 0
280	1	1 1 1 1 1 0 1 0 1 1 0 1 0 0 0 0
280	1	1 1 0 1 1 0 1 1 0 0 1 0 0 0 0 0
280	9	0 1 1 1 0 0 1 0 0 0 0 0 0 0 0 1
280	3	1 0 1 0 0 0 1 0 0 0 1 0 0 0 0 0
280	6	1 1 1 0 1 0 0 1 1 0 0 0 0 0 0 1
280	2	0 1 1 0 0 0 1 1 0 0 0 0 1 0 0 0
280	4	1 1 1 0 0 1 1 1 0 0 1 0 0 0 0 0
280	3	1 1 0 1 0 0 1 0 0 0 0 1 0 0 1 1
280	2	1 1 1 1 0 0 1 0 0 0 1 0 0 0 0 0
280	2	1 1 0 0 0 1 1 0 0 0 0 0 1 0 0 0
280	2	1 0 1 1 0 0 0 0 0 0 0 0 0 0 0 0
280	1	1 1 1 0 0 0 1 0 0 0 1 0 0 1 0 0
280	4	1 1 1 1 1 0 0 1 1 0 0 0 0 0 0 0
280	3	0 0 1 1 1 1 0 0 0 0 0 1 0 0 0 0
280	1	0 1 1 1 0 0 1 0 1 0 0 0 0 0 0 0
280	4	0 1 0 1 0 0 1 1 0 0 0 0 0 0 0 0
280	3	0 1 1 0 0 0 1 1 0 0 1 0 0 0 0 0
280	1	0 1 1 1 0 0 0 1 1 0 0 0 0 0 0 0
280	1	1 1 0 0 0 0 1 1 0 0 1 0 0 0 0 0
280	2	1 1 1 1 0 0 1 0 0 0 0 0 0 0 1 0
280	3	0 1 1 0 1 0 1 0 0 0 0 0 0 0 0 0
280	1	0 1 1 1 0 0 1 1 1 1 0 0 0 0 0 0
280	1	1 1 1 1 1 0 0 1 0 1 0 1 0 0 0 0
280	1	0 1 0 1 0 1 1 0 0 0 0 0 0 0 0 0
280	4	1 1 0 1 0 0 1 1 0 0 0 0 1 0 0 0
280	2	1 1 1 0 0 0 1 0 1 1 0 0 0 0 1 1
280	4	1 1 1 1 1 0 0 0 0 0 0 0 0 1 0 0
280	1	0 1 1 1 1 1 0 0 0 0 1 1 0 0 0 1
290	116	0 1 1 1 0 0 1 0 0 0 0 0 0 0 0 0
290	36	1 0 1 1 0 0 1 0 0 0 0 0 0 0 0 0
290	7	1 1 1 0 0 0 1 0 0 0 0 0 0 0 0 0
290	13	1 1 1 1 0 0 1 0 0 0 0 0 0 0 0 0
290	10	1 1 1 1 1 0 1 1 0 0 0 0 0 0 0 0
290	15	1 1 1 0 0 0 1 1 1 0 0 0 0 0 0 0
290	12	1 1 0 1 1 1 1 0 0 1 0 0 0 0 0 0
290	16	1 1 1 1 1 0 1 1 0 0 0 0 1 0 0 0
290	29	1 1 1 0 1 1 0 0 0 0 0 1 0 0 0 0
290	17	0 1 1 0 0 0 1 0 0 0 0 0 0 0 0 0
290	10	1 1 1 0 0 0 1 0 0 0 1 0 0 0 0 0
290	45	1 1 1 0 1 0 0 1 1 0 0 0 0 0 0 0
290	54	1 1 1 0 0 0 1 1 0 0 0 0 0 0 0 0
290	4	1 1 1 1 0 0 1 1 0 0 1 0 0 0 0 0
290	13	1 1 1 1 1 0 1 1 0 1 0 0 0 0 0 0
290	6	1 0 1 0 1 0 1 1 1 0 0 0 0 0 0 0
290	15	0 1 1 1 0 0 1 0 1 1 0 0 0 0 0 0
290	43	1 1 1 1 1 0 1 1 0 1 0 1 0 0 0 0
290	14	1 1 1 1 1 0 1 1 0 0 1 0 0 0 0 0
290	2	1 1 1 0 0 0 1 0 0 0 0 1 0 0 0 0
290	3	0 1 1 1 0 0 1 0 0 1 0 0 0 0 0 0
290	18	1 1 1 0 0 0 1 1 0 0 1 0 0 0 0 0
290	7	0 1 1 1 0 1 1 0 0 0 0 0 0 0 0 0
290	7	1 1 1 1 1 0 1 0 0 1 0 0 0 0 0 0
290	4	0 1 1 1 0 1 1 0 1 1 0 0 0 0 0 0
290	6	1 0 1 1 0 0 1 0 1 0 0 0 0 0 0 0
290	17	1 1 0 1 0 0 1 0 0 0 0 1 0 0 1 0
290	2	1 1 1 1 1 0 1 1 1 0 0 0 0 0 0 0
290	3	1 1 1 1 1 0 1 0 0 0 1 0 0 0 0 1
290	2	1 1 1 1 1 0 1 0 0 0 0 0 0 0 0 0
290	60	1 1 0 1 0 0 1 1 0 0 0 0 0 0 0 0
290	2	0 1 1 1 0 0 1 1 0 0 0 0 0 0 0 0
290	16	0 1 1 1 1 1 0 0 0 0 0 1 0 0 0 0
290	8	1 1 1 1 0 0 1 0 1 0 0 0 0 0 0 0
290	3	1 1 1 0 1 0 1 1 0 1 0 1 0 0 0 1
290	11	1 1 0 0 0 0 1 0 0 0 0 0 0 0 0 0
290	1	1 1 1 0 1 1 0 0 0 0 0 1 0 0 1 0
290	4	0 1 1 1 0 0 1 0 0 0 0 0 0 0 1 0
290	4	0 1 1 1 0 0 1 1 0 0 0 1 0 0 1 0
290	7	1 1 1 0 1 0 1 1 1 0 0 0 0 0 0 0
290	3	1 1 1 1 1 0 1 1 1 1 0 1 0 0 0 0
290	7	1 0 1 1 1 0 1 1 0 0 1 0 0 0 0 0
290	3	1 0 1 1 0 0 1 1 0 0 0 0 0 0 0 0
290	2	1 1 1 1 1 1 1 1 0 1 0 0 0 0 0 0
290	7	1 1 1 1 1 0 0 0 0 0 0 0 0 0 0 0
290	10	1 0 1 0 1 0 1 1 1 0 0 0 1 0 0 0
290	18	0 1 1 0 0 0 1 0 0 0 0 1 0 0 0 0
290	2	1 1 1 0 0 0 1 1 0 0 0 0 0 0 0 1
290	2	1 0 1 0 0 0 1 1 0 0 0 0 0 0 0 0
290	22	0 1 1 1 1 1 1 1 0 1 0 0 0 0 0 0
290	16	1 1 1 0 0 0 1 0 0 1 0 1 0 0 0 0
290	3	0 1 1 1 0 0 1 0 0 0 0 0 0 0 0 1
290	11	0 1 1 0 0 0 1 1 0 0 1 0 0 0 0 0
290	5	0 1 0 1 0 1 1 0 0 0 0 0 0 0 0 0
290	15	1 1 0 1 0 0 1 1 0 0 0 0 1 0 0 0
290	3	1 1 1 0 0 0 1 0 1 1 0 0 0 0 1 1
290	1	1 1 1 0 1 0 0 1 0 1 0 0 0 0 0 0
290	16	1 0 1 1 1 1 1 0 0 0 0 0 0 0 0 0
290	2	0 1 1 1 0 0 1 0 0 0 0 0 0 1 0 0
290	1	0 1 1 1 0 0 0 0 0 0 0 0 0 0 0 0
290	3	0 1 1 1 0 0 1 0 0 0 0 0 1 0 0 0
290	4	1 1 0 1 1 0 1 1 0 1 0 1 0 0 0 0
290	14	1 1 0 1 0 0 0 1 0 0 0 0 0 0 0 0
290	6	1 1 1 1 1 0 1 0 1 1 0 0 0 0 0 0
290	7	0 1 1 0 0 0 1 1 0 0 0 0 0 0 0 0
290	7	0 1 1 1 0 0 1 0 0 1 1 0 0 0 0 0
290	13	1 1 1 0 1 1 1 0 1 1 0 0 0 0 1 1
290	2	0 1 0 1 0 0 1 0 0 0 0 0 0 0 0 0
290	2	0 1 1 1 1 0 1 0 0 0 0 0 0 0 0 0
290	7	1 1 1 1 0 0 1 0 1 1 0 0 0 0 0 0
290	7	1 1 1 0 0 0 0 0 0 0 0 1 0 0 0 0
290	2	0 1 1 1 0 0 1 0 0 0 0 1 0 0 0 0
290	1	1 1 1 0 0 0 1 0 1 0 0 0 0 0 0 0
290	4	1 1 1 0 0 0 1 1 0 0 0 0 1 0 0 0
290	9	1 1 1 1 0 0 1 1 0 0 1 0 0 1 0 0
290	2	0 1 1 1 0 0 1 0 1 1 0 0 1 0 0 0
290	7	0 1 1 1 0 1 1 0 0 0 0 0 1 0 0 0
290	1	1 1 1 1 1 0 1 1 0 1 0 0 0 0 1 1
290	2	0 1 1 1 1 1 0 0 1 0 0 0 0 0 0 0
290	1	0 1 1 1 1 0 1 1 0 1 0 0 0 0 0 0
290	4	1 0 1 1 1 0 1 0 0 1 0 0 0 0 0 0
290	4	0 1 1 1 1 1 0 1 0 0 0 1 0 0 0 0
290	8	1 1 1 1 1 0 0 0 0 0 1 0 0 0 0 0
290	2	1 1 0 1 1 0 1 1 0 1 1 1 0 0 0 0
290	3	1 0 0 1 1 0 1 1 0 0 0 0 1 0 0 0
290	1	1 1 1 0 1 0 0 1 0 0 0 0 0 0 0 0
290	5	1 0 1 0 1 0 1 1 1 0 0 0 0 1 0 0
290	2	1 1 1 0 0 0 1 1 0 0 1 0 0 1 0 0
290	2	1 0 1 1 1 0 1 1 0 0 1 0 0 1 0 0
290	5	1 1 1 0 0 0 1 0 0 1 0 1 0 1 0 0
290	1	1 0 1 1 1 0 1 1 0 0 0 0 0 0 0 0
290	2	1 0 1 0 1 0 0 1 1 0 0 0 0 0 0 0
290	3	0 1 1 1 0 0 1 0 0 1 0 1 0 0 0 0
290	8	1 1 1 1 1 0 1 1 1 0 0 1 0 0 0 0
290	2	0 1 1 1 0 0 1 0 0 1 0 0 0 0 0 1
290	3	1 1 1 1 1 1 0 0 0 0 0 1 0 0 0 0
290	4	1 1 1 0 0 0 1 0 0 0 0 0 0 0 0 1
290	3	1 1 1 1 1 1 1 0 0 1 0 0 0 0 0 0
290	1	0 0 1 1 1 1 0 0 0 0 0 1 0 0 0 0
290	1	0 0 1 1 0 0 1 0 0 0 0 0 0 0 0 1
290	4	1 1 1 1 1 1 0 0 0 0 0 1 0 1 0 0
290	1	1 0 1 1 0 0 1 1 1 0 0 0 0 0 0 0
290	2	1 1 1 0 0 0 1 1 1 0 0 1 0 0 0 0
290	2	1 1 1 1 0 0 1 0 0 1 0 1 0 0 0 0
290	1	1 1 1 1 0 0 0 0 0 0 0 0 0 0 0 0
290	4	1 1 1 0 0 0 1 0 0 1 0 0 0 0 0 0
290	1	1 1 0 0 0 0 1 0 0 0 1 0 0 0 0 0
290	1	1 1 1 1 1 0 0 0 0 1 0 0 0 0 0 0
290	2	0 1 1 1 1 1 0 0 0 0 0 0 0 0 0 0
290	1	1 1 0 0 1 0 1 0 0 0 0 0 0 0 0 0
290	3	1 1 1 1 1 1 1 1 1 1 0 1 0 0 0 0
290	2	1 1 1 1 1 1 0 0 1 0 0 0 0 0 0 0
300	153	0 1 1 1 0 0 1 0 0 0 0 0 0 0 0 0
300	58	1 0 1 1 0 0 1 0 0 0 0 0 0 0 0 0
300	8	1 1 1 0 0 0 1 0 0 0 0 0 0 0 0 0
300	31	1 1 1 1 0 0 1 0 0 0 0 0 0 0 0 0
300	6	1 1 1 0 0 0 1 1 1 0 0 0 0 0 0 0
300	7	1 1 1 1 1 0 1 1 0 0 0 0 1 0 0 0
300	14	1 1 1 0 1 1 0 0 0 0 0 1 0 0 0 0
300	10	0 1 1 0 0 0 1 0 0 0 0 0 0 0 0 0
300	12	1 1 1 0 1 0 0 1 1 0 0 0 0 0 0 0
300	26	1 1 1 0 0 0 1 1 0 0 0 0 0 0 0 0
300	20	1 1 1 1 0 0 1 1 0 0 1 0 0 0 0 0
300	10	1 1 1 1 1 0 1 1 0 1 0 0 0 0 0 0
300	13	0 1 1 1 0 0 1 0 1 1 0 0 0 0 0 0
300	78	1 1 1 1 1 0 1 1 0 1 0 1 0 0 0 0
300	8	1 1 1 1 1 0 1 1 0 0 1 0 0 0 0 0
300	14	1 1 1 0 0 0 1 0 0 0 0 1 0 0 0 0
300	9	0 1 1 1 0 0 1 0 0 1 0 0 0 0 0 0
300	7	1 1 1 0 0 0 1 1 0 0 1 0 0 0 0 0
300	1	1 1 1 1 1 0 1 0 0 1 0 0 0 0 0 0
300	4	1 0 1 1 0 0 1 0 1 0 0 0 0 0 0 0
300	6	1 1 0 1 0 0 1 0 0 0 0 1 0 0 1 0
300	7	1 1 1 1 1 0 1 0 0 0 0 0 0 0 0 0
300	30	1 1 0 1 0 0 1 1 0 0 0 0 0 0 0 0
300	9	0 1 1 1 0 0 1 1 0 0 0 0 0 0 0 0
300	6	0 1 1 1 1 1 0 0 0 0 0 1 0 0 0 0
300	33	1 1 1 1 0 0 1 0 1 0 0 0 0 0 0 0
300	4	1 1 0 0 0 0 1 0 0 0 0 0 0 0 0 0
300	5	0 1 1 1 0 0 1 1 0 0 0 1 0 0 1 0
300	7	1 1 1 1 1 0 1 1 1 1 0 1 0 0 0 0
300	14	1 0 1 1 1 0 1 1 0 0 1 0 0 0 0 0
300	1	1 0 1 0 1 0 1 1 1 0 0 0 1 0 0 0
300	15	0 1 1 0 0 0 1 0 0 0 0 1 0 0 0 0
300	3	1 0 1 0 0 0 1 1 0 0 0 0 0 0 0 0
300	29	0 1 1 1 1 1 1 1 0 1 0 0 0 0 0 0
300	28	1 1 1 0 0 0 1 0 0 1 0 1 0 0 0 0
300	3	0 1 1 0 0 0 1 1 0 0 1 0 0 0 0 0
300	5	1 1 0 1 0 0 1 1 0 0 0 0 1 0 0 0
300	11	1 0 1 1 1 1 1 0 0 0 0 0 0 0 0 0
300	11	0 1 1 1 0 0 1 0 0 0 0 0 0 1 0 0
300	8	0 1 1 1 0 0 0 0 0 0 0 0 0 0 0 0
300	14	1 1 0 1 0 0 0 1 0 0 0 0 0 0 0 0
300	10	0 1 1 0 0 0 1 1 0 0 0 0 0 0 0 0
300	1	1 1 1 0 1 1 1 0 1 1 0 0 0 0 1 1
300	5	0 1 0 1 0 0 1 0 0 0 0 0 0 0 0 0
300	4	0 1 1 1 1 0 1 0 0 0 0 0 0 0 0 0
300	4	1 1 1 1 0 0 1 0 1 1 0 0 0 0 0 0
300	7	1 1 1 0 0 0 1 1 0 0 0 0 1 0 0 0
300	10	1 1 1 1 0 0 1 1 0 0 1 0 0 1 0 0
300	8	1 1 1 1 1 0 0 0 0 0 1 0 0 0 0 0
300	20	1 1 0 1 1 0 1 1 0 1 1 1 0 0 0 0
300	4	1 0 0 1 1 0 1 1 0 0 0 0 1 0 0 0
300	2	1 1 1 0 0 0 1 1 0 0 1 0 0 1 0 0
300	12	1 0 1 1 1 0 1 1 0 0 1 0 0 1 0 0
300	8	0 1 1 1 0 0 1 0 0 1 0 1 0 0 0 0
300	3	1 0 1 1 0 0 1 1 1 0 0 0 0 0 0 0
300	7	1 1 1 1 0 0 1 0 0 1 0 1 0 0 0 0
300	14	1 1 1 0 0 0 1 0 0 1 0 0 0 0 0 0
300	9	1 1 1 1 1 1 0 0 1 0 0 0 0 0 0 0
300	15	1 1 1 0 1 0 1 1 0 1 0 1 0 0 0 0
300	4	1 1 1 1 0 0 1 1 0 1 0 0 0 0 0 0
300	1	0 1 1 1 0 0 1 0 1 1 0 0 0 0 1 0
300	9	0 1 1 0 0 0 1 0 0 1 0 1 0 0 0 0
300	2	1 0 1 1 1 0 1 1 0 1 1 0 0 1 0 0
300	1	0 1 1 0 0 0 1 0 0 1 0 0 0 0 0 0
300	5	1 0 1 1 1 0 1 1 0 1 0 1 0 0 0 0
300	4	0 1 1 1 1 1 1 1 0 1 0 1 0 0 0 0
300	3	1 1 1 1 0 0 1 0 0 0 0 1 0 0 0 0
300	4	0 1 1 1 1 0 1 1 0 1 0 0 0 0 1 0
300	2	1 1 0 0 1 0 1 0 0 0 0 1 0 0 0 0
300	3	1 1 1 0 1 0 1 0 0 0 0 0 0 0 0 0
300	11	0 1 1 1 1 1 1 1 0 0 0 0 0 0 0 0
300	2	1 0 1 1 0 0 1 0 0 0 1 0 0 0 0 0
300	2	1 1 1 0 0 0 0 1 0 0 0 0 0 0 0 0
300	3	1 1 1 0 0 0 1 1 0 1 0 1 0 0 0 0
300	4	1 1 1 1 0 0 1 1 0 1 0 1 0 0 0 0
300	1	1 1 0 1 0 0 0 1 0 1 0 0 0 0 0 0
300	2	1 1 1 0 1 0 1 0 1 0 0 0 0 0 0 0
300	3	1 1 1 1 1 0 1 0 0 1 0 1 0 0 0 0
300	2	1 1 0 1 0 0 0 1 0 0 0 0 0 0 0 1
300	4	1 1 1 0 0 0 1 1 0 0 0 0 1 1 0 0
300	1	1 1 0 0 1 0 1 1 0 1 0 1 0 0 0 0
300	4	0 1 1 1 0 0 1 1 0 0 1 0 0 0 0 0
300	1	1 1 0 1 0 0 0 1 0 0 1 0 0 0 0 0
300	3	0 1 1 0 0 0 0 1 1 0 0 0 0 0 0 0
300	3	1 1 1 0 0 0 1 1 1 0 0 0 1 0 0 0
300	2	1 0 1 1 0 0 1 0 0 0 0 0 0 0 0 1
300	1	1 1 1 0 0 0 1 1 0 1 0 0 0 0 0 0
300	2	1 1 1 1 1 0 1 1 0 1 0 1 0 0 0 1
300	1	0 1 1 1 0 0 1 0 1 0 0 0 0 0 0 0
300	2	0 1 1 1 0 0 0 0 0 0 0 1 0 0 0 0
300	2	0 1 1 1 1 0 1 1 1 1 0 1 0 0 0 0
300	1	1 1 1 1 1 0 1 1 0 1 0 1 0 0 1 0
300	2	0 1 1 1 1 1 1 0 0 0 0 0 0 0 0 0
300	1	1 1 0 1 0 0 0 1 0 1 0 1 0 0 0 0
300	1	1 1 0 0 0 0 1 0 0 1 0 1 0 0 0 0
300	2	1 0 0 1 0 0 1 0 0 0 0 0 0 0 0 0
300	3	1 0 1 1 0 0 1 0 0 0 0 0 0 0 1 0
300	4	1 1 1 1 0 0 1 0 0 0 0 0 0 0 0 1
300	1	0 1 1 0 1 0 0 1 1 0 0 0 0 0 0 0
300	1	1 1 1 1 1 0 1 1 0 0 0 0 0 0 0 0
300	2	1 1 1 1 1 0 1 0 1 0 0 0 0 0 0 0
300	2	0 1 1 1 1 1 1 1 0 1 0 0 0 0 0 1
300	2	1 1 0 1 0 0 1 1 0 0 0 0 1 0 0 1
300	1	1 1 0 1 0 0 1 1 0 0 0 0 1 1 0 0
300	2	1 1 0 0 1 0 1 1 0 1 0 1 0 1 0 0
310	101	0 1 1 1 0 0 1 0 0 0 0 0 0 0 0 0
310	46	1 0 1 1 0 0 1 0 0 0 0 0 0 0 0 0
310	45	1 1 1 1 0 0 1 0 0 0 0 0 0 0 0 0
310	8	1 1 1 0 1 1 0 0 0 0 0 1 0 0 0 0
310	1	0 1 1 0 0 0 1 0 0 0 0 0 0 0 0 0
310	12	1 1 1 0 1 0 0 1 1 0 0 0 0 0 0 0
310	50	1 1 1 0 0 0 1 1 0 0 0 0 0 0 0 0
310	27	1 1 1 1 0 0 1 1 0 0 1 0 0 0 0 0
310	4	1 1 1 1 1 0 1 1 0 1 0 0 0 0 0 0
310	12	0 1 1 1 0 0 1 0 1 1 0 0 0 0 0 0
310	78	1 1 1 1 1 0 1 1 0 1 0 1 0 0 0 0
310	8	1 1 1 1 1 0 1 1 0 0 1 0 0 0 0 0
310	17	1 1 1 0 0 0 1 0 0 0 0 1 0 0 0 0
310	5	1 1 1 1 1 0 1 0 0 1 0 0 0 0 0 0
310	5	1 0 1 1 0 0 1 0 1 0 0 0 0 0 0 0
310	16	1 1 0 1 0 0 1 1 0 0 0 0 0 0 0 0
310	4	0 1 1 1 0 0 1 1 0 0 0 0 0 0 0 0
310	1	0 1 1 1 1 1 0 0 0 0 0 1 0 0 0 0
310	34	1 1 1 1 0 0 1 0 1 0 0 0 0 0 0 0
310	4	0 1 1 1 0 0 1 1 0 0 0 1 0 0 1 0
310	4	1 1 1 1 1 0 1 1 1 1 0 1 0 0 0 0
310	16	1 0 1 1 1 0 1 1 0 0 1 0 0 0 0 0
310	5	0 1 1 0 0 0 1 0 0 0 0 1 0 0 0 0
310	7	1 0 1 0 0 0 1 1 0 0 0 0 0 0 0 0
310	7	0 1 1 1 1 1 1 1 0 1 0 0 0 0 0 0
310	76	1 1 1 0 0 0 1 0 0 1 0 1 0 0 0 0
310	11	1 0 1 1 1 1 1 0 0 0 0 0 0 0 0 0
310	1	0 1 1 1 0 0 1 0 0 0 0 0 0 1 0 0
310	18	0 1 1 1 0 0 0 0 0 0 0 0 0 0 0 0
310	18	1 1 0 1 0 0 0 1 0 0 0 0 0 0 0 0
310	7	0 1 1 0 0 0 1 1 0 0 0 0 0 0 0 0
310	6	1 1 1 0 0 0 1 1 0 0 0 0 1 0 0 0
310	23	1 1 1 1 0 0 1 1 0 0 1 0 0 1 0 0
310	1	1 1 1 1 1 0 0 0 0 0 1 0 0 0 0 0
310	19	1 1 0 1 1 0 1 1 0 1 1 1 0 0 0 0
310	6	1 1 1 0 0 0 1 1 0 0 1 0 0 1 0 0
310	4	1 0 1 1 1 0 1 1 0 0 1 0 0 1 0 0
310	14	0 1 1 1 0 0 1 0 0 1 0 1 0 0 0 0
310	18	1 1 1 0 0 0 1 0 0 1 0 0 0 0 0 0
310	11	1 1 1 1 1 1 0 0 1 0 0 0 0 0 0 0
310	18	1 1 1 0 1 0 1 1 0 1 0 1 0 0 0 0
310	10	1 1 1 1 0 0 1 1 0 1 0 0 0 0 0 0
310	8	1 1 1 1 0 0 1 0 0 0 0 1 0 0 0 0
310	17	1 1 1 0 1 0 1 0 0 0 0 0 0 0 0 0
310	12	0 1 1 1 1 1 1 1 0 0 0 0 0 0 0 0
310	5	1 1 1 0 0 0 0 1 0 0 0 0 0 0 0 0
310	5	1 1 1 1 1 0 1 0 0 1 0 1 0 0 0 0
310	1	1 1 1 0 0 0 1 1 0 0 0 0 1 1 0 0
310	24	0 1 1 1 0 0 1 1 0 0 1 0 0 0 0 0
310	2	0 1 1 0 0 0 0 1 1 0 0 0 0 0 0 0
310	4	0 1 1 1 0 0 0 0 0 0 0 1 0 0 0 0
310	4	0 1 1 1 1 1 1 0 0 0 0 0 0 0 0 0
310	9	1 0 0 1 0 0 1 0 0 0 0 0 0 0 0 0
310	6	1 1 1 1 1 0 1 0 1 0 0 0 0 0 0 0
310	4	1 1 0 1 0 0 1 1 0 0 0 0 1 1 0 0
310	2	1 1 0 0 1 0 1 1 0 1 0 1 0 1 0 0
310	6	1 1 1 1 0 0 1 0 0 0 0 0 0 1 0 0
310	10	1 1 1 0 1 0 1 0 0 1 0 1 0 0 0 0
310	7	1 1 1 1 0 0 1 0 1 0 0 0 0 1 0 0
310	1	0 1 1 1 0 0 1 0 0 0 0 1 0 0 0 0
310	9	1 1 0 1 1 0 1 1 0 1 0 1 0 0 0 0
310	4	1 1 0 1 0 0 1 0 0 0 0 0 0 1 0 0
310	2	1 0 1 1 1 0 1 0 0 0 0 0 0 0 0 0
310	5	1 1 1 0 0 0 1 1 0 0 0 0 0 0 0 1
310	6	1 1 0 0 0 0 1 0 0 0 0 1 0 0 0 0
310	6	1 1 0 1 0 0 0 1 1 0 0 0 0 0 0 0
310	2	1 1 1 0 1 0 1 0 0 0 0 0 1 0 0 0
310	2	0 1 1 1 1 0 1 1 0 1 0 1 0 0 0 0
310	3	1 1 0 1 1 0 0 1 0 0 0 0 1 0 0 0
310	1	1 1 1 1 0 0 0 0 0 0 0 1 0 0 0 0
310	3	0 1 1 1 0 1 1 0 0 1 0 0 0 0 0 0
310	1	0 1 1 0 0 1 1 0 0 0 0 1 0 0 0 0
310	1	1 1 1 1 0 0 1 0 0 1 0 0 0 0 0 0
310	1	0 0 1 1 0 1 1 0 0 0 0 0 0 0 0 0
310	3	0 1 1 1 1 1 1 0 0 0 0 0 1 0 0 0
310	2	1 1 0 1 1 0 1 1 0 1 0 1 0 0 0 1
310	5	0 1 1 1 1 0 1 0 0 1 0 1 0 0 0 0
310	2	1 1 1 1 0 0 1 1 0 0 0 1 0 0 0 0
310	3	1 0 1 1 1 0 1 1 0 0 0 0 0 1 0 0
310	6	0 1 1 1 0 0 1 0 0 1 0 1 0 0 0 1
310	5	1 1 1 1 0 0 1 0 0 0 1 1 0 0 0 0
310	1	1 1 1 1 1 1 1 0 0 0 0 0 0 0 0 0
310	1	1 0 1 1 0 0 1 0 0 0 0 0 0 0 0 1
310	1	1 0 1 1 1 0 1 0 1 0 0 0 0 0 0 0
310	3	1 0 1 1 1 0 1 0 0 0 1 0 0 0 0 0
310	3	1 1 0 0 0 0 1 0 0 1 0 1 0 0 0 0
310	2	1 1 0 1 0 0 0 1 0 0 1 0 0 0 0 0
310	2	1 1 1 0 1 1 1 1 0 1 0 1 0 0 0 0
310	1	1 1 1 1 0 0 1 0 0 0 0 1 0 0 0 1
310	1	1 1 1 1 1 0 1 0 0 0 0 0 0 0 0 0
310	1	1 1 1 1 0 0 1 1 0 0 0 0 0 0 0 0
310	1	1 1 0 0 0 0 1 1 0 0 0 0 0 0 0 0
310	2	1 1 1 0 0 1 1 1 0 0 0 0 0 0 0 0
310	1	1 0 1 0 0 0 1 1 0 0 0 0 0 0 1 0
310	1	0 1 1 1 1 1 1 0 0 1 0 0 0 0 0 0
310	1	1 0 1 1 1 0 1 1 1 0 1 0 0 1 0 0
310	1	0 1 1 1 0 0 1 0 0 1 0 0 0 0 0 0
320	86	0 1 1 1 0 0 1 0 0 0 0 0 0 0 0 0
320	58	1 0 1 1 0 0 1 0 0 0 0 0 0 0 0 0
320	31	1 1 1 1 0 0 1 0 0 0 0 0 0 0 0 0
320	15	1 1 1 0 1 1 0 0 0 0 0 1 0 0 0 0
320	35	1 1 1 0 0 0 1 1 0 0 0 0 0 0 0 0
320	23	1 1 1 1 0 0 1 1 0 0 1 0 0 0 0 0
320	9	0 1 1 1 0 0 1 0 1 1 0 0 0 0 0 0
320	107	1 1 1 1 1 0 1 1 0 1 0 1 0 0 0 0
320	6	1 1 1 1 1 0 1 1 0 0 1 0 0 0 0 0
320	43	1 1 1 0 0 0 1 0 0 0 0 1 0 0 0 0
320	4	1 1 1 1 1 0 1 0 0 1 0 0 0 0 0 0
320	6	1 0 1 1 0 0 1 0 1 0 0 0 0 0 0 0
320	10	1 1 0 1 0 0 1 1 0 0 0 0 0 0 0 0
320	8	0 1 1 1 0 0 1 1 0 0 0 0 0 0 0 0
320	58	1 1 1 1 0 0 1 0 1 0 0 0 0 0 0 0
320	4	0 1 1 1 0 0 1 1 0 0 0 1 0 0 1 0
320	40	1 0 1 1 1 0 1 1 0 0 1 0 0 0 0 0
320	2	1 0 1 0 0 0 1 1 0 0 0 0 0 0 0 0
320	11	0 1 1 1 1 1 1 1 0 1 0 0 0 0 0 0
320	37	1 1 1 0 0 0 1 0 0 1 0 1 0 0 0 0
320	2	1 0 1 1 1 1 1 0 0 0 0 0 0 0 0 0
320	4	0 1 1 1 0 0 0 0 0 0 0 0 0 0 0 0
320	8	1 1 0 1 0 0 0 1 0 0 0 0 0 0 0 0
320	2	0 1 1 0 0 0 1 1 0 0 0 0 0 0 0 0
320	9	1 1 1 1 0 0 1 1 0 0 1 0 0 1 0 0
320	8	1 1 1 0 0 0 1 1 0 0 1 0 0 1 0 0
320	33	1 1 1 0 1 0 1 1 0 1 0 1 0 0 0 0
320	9	1 1 1 1 0 0 1 1 0 1 0 0 0 0 0 0
320	7	1 1 1 1 0 0 1 0 0 0 0 1 0 0 0 0
320	22	1 1 1 0 1 0 1 0 0 0 0 0 0 0 0 0
320	6	0 1 1 1 1 1 1 1 0 0 0 0 0 0 0 0
320	14	1 1 1 0 0 0 0 1 0 0 0 0 0 0 0 0
320	8	0 1 1 1 0 0 0 0 0 0 0 1 0 0 0 0
320	1	0 1 1 1 1 1 1 0 0 0 0 0 0 0 0 0
320	6	1 0 0 1 0 0 1 0 0 0 0 0 0 0 0 0
320	12	1 1 1 1 1 0 1 0 1 0 0 0 0 0 0 0
320	3	1 1 0 1 0 0 1 1 0 0 0 0 1 1 0 0
320	12	1 1 1 1 0 0 1 0 0 0 0 0 0 1 0 0
320	1	1 1 1 0 1 0 1 0 0 1 0 1 0 0 0 0
320	22	1 1 1 1 0 0 1 0 1 0 0 0 0 1 0 0
320	26	0 1 1 1 0 0 1 0 0 0 0 1 0 0 0 0
320	14	1 1 0 1 1 0 1 1 0 1 0 1 0 0 0 0
320	13	1 0 1 1 1 0 1 0 0 0 0 0 0 0 0 0
320	2	1 1 1 0 0 0 1 1 0 0 0 0 0 0 0 1
320	4	1 1 0 1 1 0 1 1 0 1 0 1 0 0 0 1
320	2	0 1 1 1 0 0 1 0 0 1 0 1 0 0 0 1
320	11	1 0 1 1 1 0 1 0 0 0 1 0 0 0 0 0
320	3	1 1 1 0 1 1 1 1 0 1 0 1 0 0 0 0
320	28	1 1 1 1 0 0 1 1 0 0 0 0 0 0 0 0
320	3	1 0 1 1 1 0 1 1 1 0 1 0 0 1 0 0
320	4	1 1 1 1 0 0 1 0 0 1 0 1 0 0 0 1
320	6	1 1 1 0 1 0 1 1 0 0 0 0 0 0 0 0
320	3	0 1 1 1 0 0 1 1 0 0 0 1 0 0 0 0
320	8	1 1 0 1 0 0 1 1 0 0 0 0 0 1 0 0
320	19	1 1 1 1 1 1 0 0 1 0 0 0 0 0 1 0
320	3	1 1 1 0 1 0 1 1 0 0 0 0 0 1 0 0
320	3	1 0 1 1 1 0 1 1 0 1 0 1 0 0 0 0
320	1	1 0 1 1 1 0 1 1 0 1 1 0 0 0 0 0
320	2	0 1 1 1 1 1 1 0 0 0 0 0 1 0 0 0
320	1	1 1 0 1 0 0 0 1 1 0 0 1 0 0 0 0
320	5	1 1 1 1 1 1 0 0 1 0 1 0 0 0 1 0
320	1	0 1 1 1 0 1 1 0 0 0 0 0 0 0 0 0
320	8	1 1 1 0 0 0 1 0 0 0 0 0 0 0 0 0
320	1	1 1 1 1 0 0 1 0 0 1 1 0 0 0 0 0
320	1	1 0 1 1 0 0 1 0 1 1 0 0 0 0 0 0
320	1	1 1 1 0 0 1 0 1 0 0 0 0 0 0 0 0
320	1	1 1 1 1 1 0 1 1 1 0 0 0 0 0 0 0
320	5	0 1 1 1 0 0 0 0 0 1 0 1 0 0 0 0
320	3	0 1 1 1 0 0 1 1 0 0 0 0 0 1 0 0
320	1	1 1 1 0 1 0 1 1 1 0 0 0 0 0 0 0
320	2	0 1 1 1 0 0 1 0 0 0 1 0 0 0 0 0
320	1	1 1 1 1 1 0 0 1 0 1 0 1 0 0 0 0
320	1	1 1 1 0 0 0 1 1 0 1 0 1 0 0 0 0
320	1	1 1 1 0 0 0 1 0 0 1 0 1 0 1 0 0
320	2	1 0 1 1 1 0 1 1 0 0 0 1 0 0 0 0
320	2	1 1 0 0 1 0 0 0 0 0 0 0 1 0 0 0
320	2	1 1 1 1 1 0 1 1 0 1 0 0 0 0 1 0
320	3	1 0 1 0 1 0 1 1 0 1 0 1 0 0 0 0
320	2	1 1 1 1 0 0 0 1 0 0 1 0 0 1 0 0
320	1	0 1 1 0 0 0 1 0 0 1 0 1 0 0 0 1
320	3	1 1 1 1 1 0 1 0 0 0 0 1 0 0 0 0
320	2	1 0 1 1 0 0 1 1 0 0 0 0 0 0 0 0
320	2	1 1 0 0 1 0 0 0 0 0 0 0 0 0 0 0
320	1	1 0 1 0 0 0 1 0 0 0 0 0 0 0 0 0
320	1	1 0 1 1 0 0 1 0 0 1 0 0 0 0 0 0
320	2	1 1 1 0 0 1 1 0 0 0 0 1 0 0 0 0
320	1	1 1 1 0 1 0 1 0 0 0 0 1 0 0 0 0
320	3	0 1 1 1 1 1 1 1 0 1 1 0 0 0 0 0
320	1	1 1 1 1 0 0 1 1 0 0 0 0 1 1 0 0
320	2	0 1 1 1 0 0 1 0 0 0 1 1 0 0 0 0
330	47	0 1 1 1 0 0 1 0 0 0 0 0 0 0 0 0
330	50	1 0 1 1 0 0 1 0 0 0 0 0 0 0 0 0
330	32	1 1 1 1 0 0 1 0 0 0 0 0 0 0 0 0
330	13	1 1 1 0 1 1 0 0 0 0 0 1 0 0 0 0
330	37	1 1 1 0 0 0 1 1 0 0 0 0 0 0 0 0
330	25	1 1 1 1 0 0 1 1 0 0 1 0 0 0 0 0
330	1	0 1 1 1 0 0 1 0 1 1 0 0 0 0 0 0
330	128	1 1 1 1 1 0 1 1 0 1 0 1 0 0 0 0
330	15	1 1 1 1 1 0 1 1 0 0 1 0 0 0 0 0
330	17	1 1 1 0 0 0 1 0 0 0 0 1 0 0 0 0
330	13	1 1 1 1 1 0 1 0 0 1 0 0 0 0 0 0
330	4	1 0 1 1 0 0 1 0 1 0 0 0 0 0 0 0
330	2	1 1 0 1 0 0 1 1 0 0 0 0 0 0 0 0
330	9	0 1 1 1 0 0 1 1 0 0 0 0 0 0 0 0
330	55	1 1 1 1 0 0 1 0 1 0 0 0 0 0 0 0
330	66	1 0 1 1 1 0 1 1 0 0 1 0 0 0 0 0
330	5	0 1 1 1 1 1 1 1 0 1 0 0 0 0 0 0
330	21	1 1 1 0 0 0 1 0 0 1 0 1 0 0 0 0
330	26	0 1 1 1 0 0 0 0 0 0 0 0 0 0 0 0
330	23	0 1 1 0 0 0 1 1 0 0 0 0 0 0 0 0
330	5	1 1 1 1 0 0 1 1 0 0 1 0 0 1 0 0
330	2	1 1 1 0 0 0 1 1 0 0 1 0 0 1 0 0
330	15	1 1 1 0 1 0 1 1 0 1 0 1 0 0 0 0
330	11	1 1 1 1 0 0 1 1 0 1 0 0 0 0 0 0
330	25	1 1 1 1 0 0 1 0 0 0 0 1 0 0 0 0
330	14	1 1 1 0 1 0 1 0 0 0 0 0 0 0 0 0
330	13	1 1 1 0 0 0 0 1 0 0 0 0 0 0 0 0
330	5	1 1 0 1 0 0 1 1 0 0 0 0 1 1 0 0
330	10	1 1 1 1 0 0 1 0 0 0 0 0 0 1 0 0
330	12	1 1 1 1 0 0 1 0 1 0 0 0 0 1 0 0
330	24	0 1 1 1 0 0 1 0 0 0 0 1 0 0 0 0
330	2	1 1 0 1 1 0 1 1 0 1 0 1 0 0 0 0
330	9	1 0 1 1 1 0 1 0 0 0 0 0 0 0 0 0
330	8	1 1 0 1 1 0 1 1 0 1 0 1 0 0 0 1
330	18	1 0 1 1 1 0 1 0 0 0 1 0 0 0 0 0
330	17	1 1 1 1 0 0 1 1 0 0 0 0 0 0 0 0
330	1	1 1 1 0 1 0 1 1 0 0 0 0 0 0 0 0
330	1	0 1 1 1 0 0 1 1 0 0 0 1 0 0 0 0
330	9	1 1 0 1 0 0 1 1 0 0 0 0 0 1 0 0
330	11	1 1 1 1 1 1 0 0 1 0 0 0 0 0 1 0
330	3	1 0 1 1 0 0 1 0 1 1 0 0 0 0 0 0
330	5	0 1 1 1 0 0 0 0 0 1 0 1 0 0 0 0
330	5	1 1 1 0 0 0 1 1 0 1 0 1 0 0 0 0
330	12	1 0 1 1 1 0 1 1 0 0 0 1 0 0 0 0
330	4	1 1 1 1 1 0 1 0 0 0 0 1 0 0 0 0
330	5	1 1 1 0 1 0 1 0 0 0 0 1 0 0 0 0
330	1	0 1 1 1 0 0 1 0 0 1 0 1 0 0 0 0
330	4	0 1 1 1 0 0 1 0 0 0 0 0 0 0 0 1
330	8	1 1 1 0 1 0 1 1 0 0 0 1 0 0 0 0
330	2	1 0 1 1 0 0 1 1 0 0 0 0 0 0 1 0
330	6	1 0 1 1 0 0 0 0 0 0 0 0 0 0 0 0
330	1	1 1 1 0 0 0 1 1 0 0 0 0 0 0 1 0
330	2	1 1 1 1 1 0 1 1 0 0 1 0 0 1 0 0
330	10	1 0 1 1 0 0 1 1 0 1 0 1 0 0 0 0
330	4	1 1 0 0 1 0 0 0 0 1 0 0 1 0 0 0
330	3	1 1 1 1 1 1 0 0 0 1 0 1 0 0 0 0
330	8	1 1 1 1 1 0 1 1 0 1 0 1 1 0 0 0
330	7	1 1 1 1 1 0 1 1 0 1 0 0 0 0 0 0
330	4	0 1 1 1 0 0 0 0 0 0 0 1 0 0 1 0
330	1	1 0 1 1 1 0 1 1 1 0 0 0 0 1 0 0
330	8	1 1 1 1 0 0 1 0 1 0 0 0 0 0 0 1
330	1	0 1 1 1 1 1 0 1 0 1 0 0 0 0 0 0
330	2	1 1 0 1 0 1 0 1 0 0 0 0 0 0 0 0
330	8	1 1 1 1 0 0 1 0 0 0 0 0 0 1 0 1
330	2	1 1 1 1 1 0 0 0 1 0 0 0 0 0 1 0
330	2	1 1 0 1 0 0 0 0 1 0 0 1 0 0 0 0
330	5	1 1 1 1 1 0 1 0 0 0 0 0 0 0 0 1
330	2	1 1 0 1 0 0 1 1 0 0 0 1 0 0 0 0
330	2	1 1 1 1 0 0 1 0 0 1 0 0 0 0 0 0
330	3	1 1 1 0 1 0 1 1 0 0 1 0 0 0 0 0
330	3	0 1 0 1 0 0 1 0 0 0 0 0 0 0 0 0
330	1	1 0 1 1 0 0 1 0 0 0 0 1 0 0 0 0
330	3	1 1 1 1 1 0 1 1 0 1 0 1 0 0 0 1
330	2	1 1 1 1 0 0 1 1 0 1 0 1 0 0 0 0
330	7	1 1 0 1 0 0 1 1 0 0 1 0 0 0 0 0
330	1	1 1 1 1 0 0 1 1 1 0 0 0 0 0 0 0
330	1	0 0 1 1 1 0 1 1 0 0 1 0 0 0 0 0
330	3	0 1 1 1 0 0 0 0 0 0 0 0 0 1 0 0
330	1	1 1 1 1 0 0 1 0 0 1 0 0 0 0 0 1
330	4	0 1 1 1 0 0 1 1 0 1 0 1 0 0 0 0
330	2	0 1 1 1 0 0 1 0 0 0 0 0 0 1 0 1
330	1	1 1 1 1 1 0 1 1 0 0 0 1 0 0 0 0
330	1	1 1 1 0 0 0 1 0 0 0 0 0 0 0 0 0
330	7	1 1 1 1 0 1 1 0 0 0 0 0 0 0 0 0
330	2	1 1 1 1 1 0 1 1 0 1 0 1 0 1 0 0
330	1	1 1 1 1 1 0 1 1 0 1 1 1 0 0 0 0
330	1	1 1 1 1 0 0 1 0 1 0 1 0 0 0 0 0
330	1	1 1 1 1 1 0 1 1 0 0 0 0 0 0 0 0
330	2	1 1 1 1 1 1 0 0 0 0 0 1 0 0 0 0
330	1	0 1 1 1 0 0 1 1 0 1 0 1 0 0 0 1
330	1	0 1 1 1 0 0 0 1 0 1 0 1 1 0 0 0
330	2	0 1 1 1 0 0 1 0 1 0 0 0 0 0 0 0
330	2	1 1 1 1 0 0 1 1 1 0 1 0 0 0 0 0
330	2	1 1 1 1 1 0 1 1 0 1 0 1 0 0 1 0
330	3	1 0 1 1 1 0 1 1 0 1 0 0 0 0 0 0
330	4	1 0 1 1 1 0 0 1 0 0 0 0 0 0 0 0
330	2	1 0 1 1 1 0 1 1 1 0 0 0 0 0 1 0
330	1	1 1 1 0 1 0 1 0 0 1 0 0 0 0 0 0
330	1	1 0 1 1 1 0 1 0 0 1 0 0 0 0 0 0
330	1	1 1 1 1 1 1 1 0 1 0 0 0 0 0 1 0
330	3	1 1 1 0 0 0 1 1 0 1 0 1 0 0 0 1
330	2	0 0 1 1 1 0 1 1 0 0 1 0 1 0 0 0
340	42	0 1 1 1 0 0 1 0 0 0 0 0 0 0 0 0
340	29	1 0 1 1 0 0 1 0 0 0 0 0 0 0 0 0
340	45	1 1 1 1 0 0 1 0 0 0 0 0 0 0 0 0
340	7	1 1 1 0 1 1 0 0 0 0 0 1 0 0 0 0
340	47	1 1 1 0 0 0 1 1 0 0 0 0 0 0 0 0
340	7	1 1 1 1 0 0 1 1 0 0 1 0 0 0 0 0
340	117	1 1 1 1 1 0 1 1 0 1 0 1 0 0 0 0
340	13	1 1 1 0 0 0 1 0 0 0 0 1 0 0 0 0
340	12	1 1 1 1 1 0 1 0 0 1 0 0 0 0 0 0
340	14	0 1 1 1 0 0 1 1 0 0 0 0 0 0 0 0
340	81	1 1 1 1 0 0 1 0 1 0 0 0 0 0 0 0
340	57	1 0 1 1 1 0 1 1 0 0 1 0 0 0 0 0
340	8	0 1 1 1 1 1 1 1 0 1 0 0 0 0 0 0
340	25	1 1 1 0 0 0 1 0 0 1 0 1 0 0 0 0
340	9	0 1 1 1 0 0 0 0 0 0 0 0 0 0 0 0
340	19	0 1 1 0 0 0 1 1 0 0 0 0 0 0 0 0
340	2	1 1 1 0 1 0 1 1 0 1 0 1 0 0 0 0
340	15	1 1 1 1 0 0 1 1 0 1 0 0 0 0 0 0
340	18	1 1 1 1 0 0 1 0 0 0 0 1 0 0 0 0
340	27	1 1 1 0 1 0 1 0 0 0 0 0 0 0 0 0
340	3	1 1 1 0 0 0 0 1 0 0 0 0 0 0 0 0
340	13	1 1 0 1 0 0 1 1 0 0 0 0 1 1 0 0
340	5	1 1 1 1 0 0 1 0 0 0 0 0 0 1 0 0
340	7	1 1 1 1 0 0 1 0 1 0 0 0 0 1 0 0
340	7	0 1 1 1 0 0 1 0 0 0 0 1 0 0 0 0
340	9	1 0 1 1 1 0 1 0 0 0 0 0 0 0 0 0
340	9	1 0 1 1 1 0 1 0 0 0 1 0 0 0 0 0
340	7	0 1 1 1 0 0 1 1 0 0 0 1 0 0 0 0
340	15	1 1 0 1 0 0 1 1 0 0 0 0 0 1 0 0
340	17	1 1 1 1 1 1 0 0 1 0 0 0 0 0 1 0
340	6	0 1 1 1 0 0 0 0 0 1 0 1 0 0 0 0
340	4	1 1 1 0 0 0 1 1 0 1 0 1 0 0 0 0
340	5	1 0 1 1 1 0 1 1 0 0 0 1 0 0 0 0
340	5	1 1 1 0 1 0 1 0 0 0 0 1 0 0 0 0
340	7	1 1 1 0 1 0 1 1 0 0 0 1 0 0 0 0
340	8	1 0 1 1 0 0 1 1 0 0 0 0 0 0 1 0
340	5	1 0 1 1 0 0 0 0 0 0 0 0 0 0 0 0
340	2	1 1 1 1 1 0 1 1 0 0 1 0 0 1 0 0
340	29	1 0 1 1 0 0 1 1 0 1 0 1 0 0 0 0
340	8	1 1 1 1 1 0 1 1 0 1 0 1 1 0 0 0
340	21	1 1 1 1 1 0 1 1 0 1 0 0 0 0 0 0
340	12	0 1 1 1 0 0 0 0 0 0 0 1 0 0 1 0
340	6	1 0 1 1 1 0 1 1 1 0 0 0 0 1 0 0
340	7	1 1 1 1 0 0 1 0 1 0 0 0 0 0 0 1
340	4	0 1 1 1 1 1 0 1 0 1 0 0 0 0 0 0
340	2	1 1 1 1 0 0 1 0 0 0 0 0 0 1 0 1
340	12	1 1 0 1 0 0 0 0 1 0 0 1 0 0 0 0
340	2	1 1 1 1 0 0 1 0 0 1 0 0 0 0 0 0
340	3	1 1 1 0 1 0 1 1 0 0 1 0 0 0 0 0
340	9	0 1 1 1 0 0 0 0 0 0 0 0 0 1 0 0
340	3	1 1 1 1 0 0 1 0 0 1 0 0 0 0 0 1
340	2	0 1 1 1 0 0 1 1 0 1 0 1 0 0 0 0
340	4	1 1 1 1 1 0 1 1 0 0 0 1 0 0 0 0
340	2	1 1 1 1 0 0 1 0 1 0 1 0 0 0 0 0
340	2	1 1 1 1 1 0 1 1 0 1 0 1 0 0 1 0
340	2	1 0 1 1 1 0 0 1 0 0 0 0 0 0 0 0
340	6	1 0 1 1 1 0 1 1 1 0 0 0 0 0 1 0
340	4	1 0 1 1 1 0 1 1 1 0 1 0 0 0 0 0
340	10	1 1 1 1 0 0 1 0 1 0 0 1 0 0 0 0
340	5	1 1 1 1 0 0 1 1 0 0 0 1 0 0 0 0
340	2	0 1 1 1 0 0 0 0 0 0 0 1 0 0 0 0
340	1	0 1 1 1 0 0 0 1 0 0 0 0 0 0 0 0
340	9	1 1 0 1 1 0 1 1 0 1 0 1 0 1 0 0
340	14	1 0 1 1 1 0 1 1 0 1 0 1 0 0 0 0
340	3	0 1 1 1 1 0 1 1 0 1 0 1 0 0 0 0
340	1	1 1 1 1 1 0 1 1 0 1 0 1 0 0 0 1
340	1	1 0 1 1 0 0 1 0 0 0 0 0 0 0 0 1
340	4	1 1 1 1 0 0 1 0 1 0 0 0 0 0 1 0
340	7	1 0 1 1 0 0 1 1 0 0 1 0 0 0 0 0
340	4	1 0 1 1 0 0 0 0 0 0 0 1 0 0 0 0
340	1	1 1 1 1 0 0 1 0 0 0 0 0 1 1 0 0
340	5	1 1 1 1 0 0 1 1 0 1 1 0 0 1 0 0
340	1	1 1 1 1 0 0 0 0 0 0 0 1 0 0 0 0
340	7	0 1 0 1 0 0 0 0 1 0 0 1 0 0 0 0
340	2	0 1 1 0 0 0 1 0 0 0 0 0 0 0 0 0
340	2	1 1 1 0 0 0 1 1 0 1 0 0 0 0 0 0
340	1	1 1 1 1 1 0 1 0 0 1 0 0 0 0 0 1
340	1	1 1 1 1 0 0 1 1 1 0 0 0 0 0 0 0
340	3	1 1 1 1 0 0 1 1 1 0 0 0 0 0 0 1
340	4	1 1 1 1 0 0 0 0 1 0 0 1 0 0 0 0
340	2	1 1 1 1 0 1 0 1 0 1 0 0 0 0 0 0
340	8	1 1 1 1 1 0 1 0 0 0 0 0 0 0 0 0
340	1	1 1 1 1 1 0 1 1 0 0 1 1 0 0 0 0
340	5	1 0 1 1 0 1 1 1 0 0 1 0 0 0 0 0
340	2	1 1 1 1 0 0 1 1 0 1 0 1 0 0 0 0
340	2	1 1 1 1 0 0 0 0 0 0 0 0 0 0 0 0
340	2	1 1 1 1 0 0 1 0 0 1 0 1 0 0 0 0
340	1	0 1 1 1 0 0 0 0 0 0 1 0 0 0 0 0
340	1	0 1 1 1 0 0 1 0 0 0 0 0 0 0 1 0
340	2	1 0 1 1 0 0 1 0 0 0 0 0 0 1 0 0
340	1	1 1 1 1 0 0 1 0 0 0 0 0 1 0 0 0
340	2	1 1 1 1 0 0 0 0 0 0 0 1 0 0 1 0
340	1	0 1 1 1 0 0 1 0 0 0 0 0 0 0 0 1
340	1	1 1 1 0 0 0 1 1 1 0 0 0 0 0 0 0
340	2	1 1 1 0 0 0 1 0 1 0 0 0 0 0 0 0
340	1	1 1 1 0 0 0 1 0 0 1 0 1 0 0 1 0
340	2	1 1 1 0 0 1 0 1 0 0 0 0 0 0 0 0
340	2	1 0 1 1 0 0 0 1 0 1 0 1 0 0 0 0
340	1	0 1 1 1 0 0 0 1 0 0 0 1 0 0 1 0
340	1	1 1 0 1 0 1 0 0 1 0 0 1 0 0 0 0
340	2	1 1 0 1 0 0 0 0 1 0 0 1 0 0 0 1
340	2	1 0 1 1 1 0 0 0 0 0 0 0 0 0 0 0
350	31	0 1 1 1 0 0 1 0 0 0 0 0 0 0 0 0
350	18	1 0 1 1 0 0 1 0 0 0 0 0 0 0 0 0
350	29	1 1 1 1 0 0 1 0 0 0 0 0 0 0 0 0
350	2	1 1 1 0 1 1 0 0 0 0 0 1 0 0 0 0
350	43	1 1 1 0 0 0 1 1 0 0 0 0 0 0 0 0
350	1	1 1 1 1 0 0 1 1 0 0 1 0 0 0 0 0
350	102	1 1 1 1 1 0 1 1 0 1 0 1 0 0 0 0
350	9	1 1 1 1 1 0 1 0 0 1 0 0 0 0 0 0
350	22	0 1 1 1 0 0 1 1 0 0 0 0 0 0 0 0
350	78	1 1 1 1 0 0 1 0 1 0 0 0 0 0 0 0
350	80	1 0 1 1 1 0 1 1 0 0 1 0 0 0 0 0
350	2	0 1 1 1 1 1 1 1 0 1 0 0 0 0 0 0
350	14	1 1 1 0 0 0 1 0 0 1 0 1 0 0 0 0
350	5	0 1 1 1 0 0 0 0 0 0 0 0 0 0 0 0
350	4	1 1 1 1 0 0 1 1 0 1 0 0 0 0 0 0
350	21	1 1 1 1 0 0 1 0 0 0 0 1 0 0 0 0
350	44	1 1 1 0 1 0 1 0 0 0 0 0 0 0 0 0
350	18	1 1 1 1 0 0 1 0 0 0 0 0 0 1 0 0
350	24	1 1 1 1 0 0 1 0 1 0 0 0 0 1 0 0
350	6	0 1 1 1 0 0 1 0 0 0 0 1 0 0 0 0
350	5	1 0 1 1 1 0 1 0 0 0 0 0 0 0 0 0
350	13	0 1 1 1 0 0 1 1 0 0 0 1 0 0 0 0
350	15	1 1 0 1 0 0 1 1 0 0 0 0 0 1 0 0
350	11	1 1 1 1 1 1 0 0 1 0 0 0 0 0 1 0
350	7	1 1 1 0 1 0 1 0 0 0 0 1 0 0 0 0
350	5	1 0 1 1 0 0 1 1 0 0 0 0 0 0 1 0
350	11	1 1 1 1 1 0 1 1 0 0 1 0 0 1 0 0
350	32	1 0 1 1 0 0 1 1 0 1 0 1 0 0 0 0
350	28	1 1 1 1 1 0 1 1 0 1 0 0 0 0 0 0
350	29	0 1 1 1 0 0 0 0 0 0 0 1 0 0 1 0
350	13	0 1 1 1 1 1 0 1 0 1 0 0 0 0 0 0
350	19	1 1 0 1 0 0 0 0 1 0 0 1 0 0 0 0
350	9	0 1 1 1 0 0 0 0 0 0 0 0 0 1 0 0
350	4	1 1 1 1 1 0 1 1 0 0 0 1 0 0 0 0
350	5	1 1 1 1 0 0 1 0 1 0 1 0 0 0 0 0
350	5	1 0 1 1 1 0 1 1 1 0 1 0 0 0 0 0
350	3	1 1 1 1 0 0 1 0 1 0 0 1 0 0 0 0
350	12	1 1 0 1 1 0 1 1 0 1 0 1 0 1 0 0
350	3	1 0 1 1 1 0 1 1 0 1 0 1 0 0 0 0
350	9	1 0 1 1 0 0 1 1 0 0 1 0 0 0 0 0
350	11	1 1 1 0 0 0 1 1 0 1 0 0 0 0 0 0
350	5	1 1 1 1 0 0 1 1 1 0 0 0 0 0 0 0
350	9	1 1 1 1 0 1 0 1 0 1 0 0 0 0 0 0
350	5	1 1 1 1 1 0 1 0 0 0 0 0 0 0 0 0
350	3	1 1 1 1 0 0 1 0 0 1 0 1 0 0 0 0
350	9	0 1 1 1 0 0 0 0 0 0 1 0 0 0 0 0
350	3	1 0 1 1 0 0 1 0 0 0 0 0 0 1 0 0
350	2	1 1 1 1 0 0 0 0 0 0 0 1 0 0 1 0
350	24	1 1 1 0 0 0 1 0 1 0 0 0 0 0 0 0
350	2	1 1 1 0 0 1 0 1 0 0 0 0 0 0 0 0
350	6	1 1 1 1 0 0 1 0 0 0 1 0 0 0 0 0
350	13	1 1 1 1 1 0 1 1 0 1 0 1 0 1 0 0
350	9	1 1 1 1 1 0 1 0 0 1 0 0 0 0 1 0
350	5	1 1 1 1 0 0 1 0 0 0 0 1 0 1 0 0
350	3	0 1 1 1 1 1 0 1 1 1 0 0 0 0 0 0
350	5	1 1 1 0 0 0 1 0 0 1 0 1 1 0 1 0
350	2	1 1 1 0 1 0 1 1 0 0 1 0 0 0 0 0
350	4	0 1 1 1 0 0 1 0 1 0 0 0 0 1 0 0
350	1	1 1 1 0 0 0 0 0 0 0 0 1 0 0 0 0
350	4	1 1 1 0 0 0 1 1 0 1 0 1 0 0 0 0
350	1	1 1 1 1 0 0 0 0 0 0 0 0 0 0 0 0
350	3	1 1 1 1 0 1 1 0 1 0 0 0 0 0 0 0
350	1	1 0 1 1 0 0 1 1 0 1 0 1 0 0 0 1
350	1	1 1 0 1 0 0 0 0 1 0 0 1 1 0 0 0
350	1	1 1 1 1 0 1 0 1 0 0 0 0 0 0 0 0
350	3	1 0 1 1 1 1 0 0 0 0 1 0 0 0 0 0
350	4	1 0 1 1 1 0 1 1 0 0 0 0 0 0 0 0
350	2	1 1 1 0 0 0 1 0 0 1 0 1 0 0 0 1
350	3	1 1 1 0 0 0 1 0 0 0 0 0 0 0 0 0
350	7	1 0 1 1 1 0 1 1 0 0 1 0 0 0 1 0
350	3	0 1 1 1 1 1 0 0 1 0 0 0 0 0 1 0
350	2	1 1 1 1 0 0 1 0 0 0 0 1 0 0 1 0
350	2	1 1 1 0 0 0 1 1 0 0 1 0 0 1 0 0
350	4	1 0 1 1 0 1 1 0 0 0 0 0 0 0 0 0
350	3	1 0 1 0 0 0 1 1 0 0 0 0 0 0 0 0
350	2	1 0 1 1 1 1 1 1 0 0 1 0 0 0 0 0
350	4	1 1 1 0 1 0 1 1 0 0 0 0 0 0 0 0
350	4	1 0 1 1 0 0 1 1 0 0 0 1 0 0 0 0
350	1	1 1 1 1 1 1 1 1 0 1 0 1 1 0 0 0
350	1	0 0 1 1 1 1 0 1 0 1 0 0 0 0 0 0
350	2	1 1 1 0 0 0 0 1 0 0 0 0 0 0 0 0
350	2	1 1 1 1 1 0 1 0 1 0 0 0 0 0 0 0
350	1	1 0 1 1 0 0 1 1 0 1 1 1 0 0 0 0
350	4	1 0 1 1 1 0 1 1 0 0 0 1 0 0 0 0
350	1	1 1 1 0 0 0 1 0 1 0 0 0 0 1 0 0
350	2	1 1 1 1 1 0 1 1 0 0 0 0 0 1 0 0
350	2	1 1 1 1 1 1 0 0 0 0 0 1 0 0 0 0
350	2	0 1 1 1 0 0 0 0 0 0 0 1 0 0 0 0
350	4	1 1 0 1 0 0 1 0 0 1 0 1 0 0 0 0
350	1	1 1 0 1 1 0 1 1 0 1 0 1 0 0 1 0
350	1	1 1 1 1 0 0 1 0 0 0 0 0 0 0 1 0
350	2	1 1 0 1 1 0 1 1 0 1 0 1 0 0 0 0
350	3	0 1 1 1 0 0 1 0 1 0 0 0 0 0 0 0
350	1	1 1 1 0 1 0 1 1 0 0 0 1 0 0 0 0
350	2	1 1 0 1 0 0 1 0 1 0 1 0 0 0 0 0
350	2	1 1 1 0 0 0 1 0 0 0 0 1 0 1 0 0
360	13	0 1 1 1 0 0 1 0 0 0 0 0 0 0 0 0
360	9	1 0 1 1 0 0 1 0 0 0 0 0 0 0 0 0
360	37	1 1 1 1 0 0 1 0 0 0 0 0 0 0 0 0
360	1	1 1 1 0 1 1 0 0 0 0 0 1 0 0 0 0
360	37	1 1 1 0 0 0 1 1 0 0 0 0 0 0 0 0
360	81	1 1 1 1 1 0 1 1 0 1 0 1 0 0 0 0
360	4	1 1 1 1 1 0 1 0 0 1 0 0 0 0 0 0
360	10	0 1 1 1 0 0 1 1 0 0 0 0 0 0 0 0
360	90	1 1 1 1 0 0 1 0 1 0 0 0 0 0 0 0
360	51	1 0 1 1 1 0 1 1 0 0 1 0 0 0 0 0
360	3	0 1 1 1 1 1 1 1 0 1 0 0 0 0 0 0
360	9	1 1 1 0 0 0 1 0 0 1 0 1 0 0 0 0
360	3	0 1 1 1 0 0 0 0 0 0 0 0 0 0 0 0
360	24	1 1 1 1 0 0 1 0 0 0 0 1 0 0 0 0
360	39	1 1 1 0 1 0 1 0 0 0 0 0 0 0 0 0
360	12	1 1 1 1 0 0 1 0 0 0 0 0 0 1 0 0
360	24	1 1 1 1 0 0 1 0 1 0 0 0 0 1 0 0
360	14	0 1 1 1 0 0 1 0 0 0 0 1 0 0 0 0
360	14	1 0 1 1 1 0 1 0 0 0 0 0 0 0 0 0
360	9	0 1 1 1 0 0 1 1 0 0 0 1 0 0 0 0
360	10	1 1 0 1 0 0 1 1 0 0 0 0 0 1 0 0
360	6	1 1 1 1 1 1 0 0 1 0 0 0 0 0 1 0
360	11	1 1 1 0 1 0 1 0 0 0 0 1 0 0 0 0
360	5	1 0 1 1 0 0 1 1 0 0 0 0 0 0 1 0
360	1	1 1 1 1 1 0 1 1 0 0 1 0 0 1 0 0
360	19	1 0 1 1 0 0 1 1 0 1 0 1 0 0 0 0
360	60	1 1 1 1 1 0 1 1 0 1 0 0 0 0 0 0
360	4	0 1 1 1 1 1 0 1 0 1 0 0 0 0 0 0
360	6	1 1 0 1 0 0 0 0 1 0 0 1 0 0 0 0
360	6	0 1 1 1 0 0 0 0 0 0 0 0 0 1 0 0
360	13	1 1 1 1 0 0 1 0 1 0 1 0 0 0 0 0
360	7	1 0 1 1 1 0 1 1 1 0 1 0 0 0 0 0
360	4	1 1 1 1 0 0 1 0 1 0 0 1 0 0 0 0
360	14	1 1 0 1 1 0 1 1 0 1 0 1 0 1 0 0
360	11	1 0 1 1 1 0 1 1 0 1 0 1 0 0 0 0
360	13	1 0 1 1 0 0 1 1 0 0 1 0 0 0 0 0
360	8	1 1 1 0 0 0 1 1 0 1 0 0 0 0 0 0
360	2	1 1 1 1 0 0 1 1 1 0 0 0 0 0 0 0
360	16	1 1 1 1 0 1 0 1 0 1 0 0 0 0 0 0
360	6	1 1 1 1 0 0 1 0 0 1 0 1 0 0 0 0
360	10	0 1 1 1 0 0 0 0 0 0 1 0 0 0 0 0
360	2	1 0 1 1 0 0 1 0 0 0 0 0 0 1 0 0
360	4	1 1 1 0 0 0 1 0 1 0 0 0 0 0 0 0
360	3	1 1 1 1 0 0 1 0 0 0 1 0 0 0 0 0
360	36	1 1 1 1 1 0 1 1 0 1 0 1 0 1 0 0
360	8	1 1 1 1 1 0 1 0 0 1 0 0 0 0 1 0
360	1	0 1 1 1 1 1 0 1 1 1 0 0 0 0 0 0
360	14	1 1 1 0 1 0 1 1 0 0 1 0 0 0 0 0
360	14	1 1 1 0 0 0 1 1 0 1 0 1 0 0 0 0
360	6	1 0 1 1 1 1 0 0 0 0 1 0 0 0 0 0
360	4	1 1 1 0 0 0 1 0 0 0 0 0 0 0 0 0
360	4	1 0 1 1 1 0 1 1 0 0 1 0 0 0 1 0
360	4	1 1 1 1 0 0 1 0 0 0 0 1 0 0 1 0
360	5	1 1 1 0 0 0 1 1 0 0 1 0 0 1 0 0
360	15	1 0 1 0 0 0 1 1 0 0 0 0 0 0 0 0
360	11	1 1 1 0 1 0 1 1 0 0 0 0 0 0 0 0
360	2	1 0 1 1 1 0 1 1 0 0 0 1 0 0 0 0
360	5	1 1 1 1 1 0 1 1 0 0 0 0 0 1 0 0
360	4	0 1 1 1 0 0 0 0 0 0 0 1 0 0 0 0
360	2	1 1 1 1 0 0 1 0 0 0 0 0 0 0 1 0
360	2	1 1 0 1 1 0 1 1 0 1 0 1 0 0 0 0
360	4	0 1 1 1 0 0 1 0 1 0 0 0 0 0 0 0
360	3	1 1 1 1 1 0 1 0 0 1 0 1 0 0 0 0
360	9	1 1 0 1 1 0 1 1 0 0 0 0 0 0 0 0
360	8	1 1 1 1 1 0 1 1 0 1 0 1 0 0 0 1
360	7	1 1 1 1 1 0 1 0 0 0 0 1 0 0 0 0
360	4	1 1 1 0 1 0 1 1 1 0 0 0 0 0 0 0
360	1	1 0 1 1 0 0 1 1 0 0 0 1 0 0 1 0
360	3	1 1 1 0 0 0 1 1 0 0 1 1 0 0 0 0
360	3	1 1 1 0 0 0 0 0 0 1 0 1 0 0 0 0
360	1	0 0 1 1 0 0 0 0 0 0 0 0 0 0 0 0
360	1	1 0 1 1 0 0 0 1 0 0 1 0 0 0 0 0
360	12	1 1 1 1 0 1 1 0 1 0 0 0 0 1 0 0
360	2	1 1 1 1 1 0 1 0 0 0 0 0 0 0 0 0
360	4	1 1 1 1 0 0 1 0 1 0 0 0 0 0 0 1
360	3	1 1 1 1 0 0 1 0 1 0 0 0 1 1 0 0
360	8	1 1 1 1 0 0 0 0 1 0 0 1 0 0 0 0
360	4	1 1 1 1 0 0 1 0 0 0 0 1 0 0 1 1
360	2	1 1 0 1 1 0 1 0 0 0 0 0 0 0 0 0
360	4	1 1 1 0 1 0 1 0 0 1 0 0 0 0 0 0
360	9	1 0 1 1 1 0 1 0 0 0 0 0 1 0 0 0
360	2	1 0 1 1 0 0 1 0 1 0 0 1 0 0 0 0
360	3	1 1 1 0 1 0 1 1 0 1 0 1 0 1 0 0
360	5	1 1 1 1 0 0 0 0 0 0 0 0 0 1 0 0
360	2	1 1 1 1 1 0 1 1 0 1 0 0 0 0 1 0
360	1	1 0 1 1 1 1 0 0 1 0 0 0 0 0 1 0
360	4	1 1 1 0 1 0 1 1 0 1 0 1 0 0 0 0
360	1	1 1 1 0 0 0 1 1 0 0 1 0 0 0 0 0
360	2	0 1 1 1 1 0 1 1 0 1 0 0 0 0 0 0
360	2	1 1 0 1 0 0 0 1 1 0 0 1 0 0 0 0
360	2	1 1 0 1 1 0 1 1 0 1 0 0 0 1 0 0
360	2	1 1 0 0 0 0 1 1 0 1 0 0 0 0 0 0
360	1	1 1 1 0 1 0 1 0 0 0 1 0 0 0 0 0
360	1	0 1 1 1 0 0 0 0 0 0 1 0 0 1 0 0
360	1	0 0 1 1 1 0 1 1 0 0 0 0 0 0 0 0
360	3	1 1 1 1 0 1 0 0 1 0 0 1 0 0 0 0
360	1	1 1 0 1 1 1 1 0 1 0 0 0 0 0 1 0
360	1	1 1 1 1 0 0 1 0 0 0 1 1 0 0 0 0
360	2	1 1 0 1 1 0 1 1 0 0 1 0 0 0 0 0
360	1	1 1 1 1 0 0 1 1 0 0 1 0 0 0 0 0
360	1	1 1 1 1 0 0 1 0 1 0 0 1 0 1 0 0
360	1	1 1 1 1 0 0 1 1 1 0 0 0 1 0 0 0
360	1	1 1 0 1 0 1 0 1 0 1 0 0 0 0 0 0
360	2	1 1 1 1 1 0 1 1 0 1 1 1 0 1 0 0
360	3	1 1 1 1 1 0 0 1 0 1 0 1 0 1 0 0
360	1	1 1 1 1 0 0 0 0 1 0 1 1 0 0 0 0
370	17	0 1 1 1 0 0 1 0 0 0 0 0 0 0 0 0
370	6	1 0 1 1 0 0 1 0 0 0 0 0 0 0 0 0
370	64	1 1 1 1 0 0 1 0 0 0 0 0 0 0 0 0
370	4	1 1 1 0 1 1 0 0 0 0 0 1 0 0 0 0
370	22	1 1 1 0 0 0 1 1 0 0 0 0 0 0 0 0
370	80	1 1 1 1 1 0 1 1 0 1 0 1 0 0 0 0
370	109	1 1 1 1 0 0 1 0 1 0 0 0 0 0 0 0
370	31	1 0 1 1 1 0 1 1 0 0 1 0 0 0 0 0
370	2	0 1 1 1 1 1 1 1 0 1 0 0 0 0 0 0
370	9	1 1 1 0 0 0 1 0 0 1 0 1 0 0 0 0
370	15	0 1 1 1 0 0 0 0 0 0 0 0 0 0 0 0
370	12	1 1 1 1 0 0 1 0 0 0 0 1 0 0 0 0
370	49	1 1 1 0 1 0 1 0 0 0 0 0 0 0 0 0
370	2	1 1 1 1 0 0 1 0 0 0 0 0 0 1 0 0
370	10	1 1 1 1 0 0 1 0 1 0 0 0 0 1 0 0
370	6	0 1 1 1 0 0 1 0 0 0 0 1 0 0 0 0
370	26	1 0 1 1 1 0 1 0 0 0 0 0 0 0 0 0
370	12	1 1 0 1 0 0 1 1 0 0 0 0 0 1 0 0
370	18	1 1 1 1 1 1 0 0 1 0 0 0 0 0 1 0
370	13	1 1 1 0 1 0 1 0 0 0 0 1 0 0 0 0
370	32	1 0 1 1 0 0 1 1 0 1 0 1 0 0 0 0
370	37	1 1 1 1 1 0 1 1 0 1 0 0 0 0 0 0
370	3	1 1 0 1 0 0 0 0 1 0 0 1 0 0 0 0
370	6	1 1 1 1 0 0 1 0 1 0 1 0 0 0 0 0
370	3	1 1 1 1 0 0 1 0 1 0 0 1 0 0 0 0
370	11	1 1 0 1 1 0 1 1 0 1 0 1 0 1 0 0
370	14	1 0 1 1 1 0 1 1 0 1 0 1 0 0 0 0
370	6	1 0 1 1 0 0 1 1 0 0 1 0 0 0 0 0
370	7	1 1 1 0 0 0 1 1 0 1 0 0 0 0 0 0
370	32	1 1 1 1 0 1 0 1 0 1 0 0 0 0 0 0
370	12	1 1 1 1 0 0 1 0 0 1 0 1 0 0 0 0
370	7	1 1 1 1 0 0 1 0 0 0 1 0 0 0 0 0
370	16	1 1 1 1 1 0 1 1 0 1 0 1 0 1 0 0
370	3	1 1 1 1 1 0 1 0 0 1 0 0 0 0 1 0
370	18	1 1 1 0 1 0 1 1 0 0 1 0 0 0 0 0
370	3	1 1 1 0 0 0 1 0 0 0 0 0 0 0 0 0
370	2	1 0 1 1 1 0 1 1 0 0 1 0 0 0 1 0
370	2	1 1 1 1 0 0 1 0 0 0 0 1 0 0 1 0
370	10	1 0 1 0 0 0 1 1 0 0 0 0 0 0 0 0
370	4	1 1 1 0 1 0 1 1 0 0 0 0 0 0 0 0
370	6	0 1 1 1 0 0 0 0 0 0 0 1 0 0 0 0
370	9	1 1 0 1 1 0 1 1 0 0 0 0 0 0 0 0
370	1	1 1 1 1 1 0 1 1 0 1 0 1 0 0 0 1
370	9	1 1 1 1 1 0 1 0 0 0 0 1 0 0 0 0
370	12	1 1 1 0 1 0 1 1 1 0 0 0 0 0 0 0
370	17	1 1 1 0 0 0 1 1 0 0 1 1 0 0 0 0
370	7	1 1 1 1 0 1 1 0 1 0 0 0 0 1 0 0
370	1	1 1 1 1 0 0 1 0 1 0 0 0 0 0 0 1
370	10	1 1 1 1 0 0 0 0 1 0 0 1 0 0 0 0
370	1	1 0 1 1 0 0 1 0 1 0 0 1 0 0 0 0
370	2	1 1 1 1 0 0 0 0 0 0 0 0 0 1 0 0
370	6	1 1 1 1 1 0 1 1 0 1 0 0 0 0 1 0
370	17	1 1 1 0 1 0 1 1 0 1 0 1 0 0 0 0
370	4	0 1 1 1 1 0 1 1 0 1 0 0 0 0 0 0
370	5	1 1 1 0 1 0 1 0 0 0 1 0 0 0 0 0
370	22	1 1 1 1 0 0 1 1 0 1 0 0 0 0 0 0
370	5	1 1 0 1 1 0 1 1 0 0 0 0 0 0 1 0
370	2	1 0 1 1 0 0 1 0 0 0 1 0 0 0 0 0
370	4	1 1 1 1 1 0 1 1 0 1 0 1 0 0 1 0
370	4	1 1 1 1 0 0 1 0 1 0 0 0 1 0 0 0
370	8	1 1 1 1 0 0 1 1 0 1 0 1 0 0 0 0
370	3	1 1 1 1 1 0 1 0 0 1 0 0 0 0 0 0
370	3	1 1 1 0 1 0 1 0 0 1 0 0 0 0 1 0
370	2	1 1 1 0 1 0 1 1 0 0 1 0 0 0 1 0
370	6	1 1 1 1 1 0 1 1 0 1 1 1 0 0 0 0
370	3	1 1 1 1 1 0 0 1 0 1 0 1 0 0 0 0
370	2	1 1 1 0 0 0 1 1 0 0 0 1 0 0 0 0
370	3	0 1 1 0 0 0 1 0 0 0 0 0 0 0 0 0
370	1	0 1 1 1 1 0 1 0 0 0 0 1 0 0 0 0
370	1	1 0 1 1 1 0 1 0 0 0 0 0 0 0 1 0
370	7	1 1 1 1 0 1 0 1 0 1 0 0 1 0 0 0
370	3	1 1 1 0 1 0 1 1 1 1 0 0 0 0 0 0
370	2	0 1 1 1 0 0 0 0 0 0 0 1 0 1 0 0
370	2	1 0 1 1 0 0 1 0 1 0 0 0 0 0 0 0
370	7	1 1 1 1 0 0 1 1 0 1 0 1 0 1 0 0
370	3	1 1 0 0 0 0 1 1 0 0 0 0 0 0 0 0
370	2	1 1 1 1 1 0 1 0 0 0 0 0 0 0 0 0
370	1	1 0 0 1 0 0 1 1 0 0 0 0 0 1 0 0
370	7	1 0 1 1 0 0 1 1 0 0 0 0 0 0 0 0
370	3	1 1 1 1 0 0 1 1 0 0 0 0 0 0 0 0
370	1	1 1 1 1 0 0 1 0 0 0 1 1 0 0 0 0
370	2	1 1 1 1 0 0 0 0 0 0 1 0 0 0 0 0
370	3	1 1 1 1 1 0 1 1 0 1 0 0 1 0 0 0
370	6	1 0 0 1 1 1 0 0 0 0 1 0 0 0 0 0
370	3	1 0 1 0 0 0 1 0 0 0 0 0 0 0 0 0
370	2	1 1 1 1 0 1 1 0 1 0 0 0 0 1 1 0
370	4	1 1 1 1 0 0 0 0 0 0 0 0 0 1 1 0
370	2	1 1 1 0 1 0 1 1 0 1 0 0 0 0 0 0
370	2	1 0 1 1 0 0 1 0 0 0 0 0 0 0 1 0
370	5	1 0 1 1 1 0 1 0 0 0 0 1 0 0 0 0
370	2	1 1 1 1 0 1 0 1 0 1 0 1 0 1 0 0
370	2	1 1 1 1 1 0 1 1 0 0 1 0 0 0 0 1
370	2	1 1 1 0 1 1 1 0 0 0 0 0 0 0 0 0
370	4	1 1 1 1 0 1 0 0 0 1 0 0 0 0 0 0
370	1	0 1 1 1 0 0 0 0 0 0 1 0 0 0 0 0
370	1	1 1 1 1 0 1 1 0 1 0 0 0 0 0 0 0
370	1	1 0 1 1 1 0 1 1 0 1 1 0 0 0 0 0
370	2	1 1 1 1 1 1 0 0 1 0 0 0 1 0 1 0
370	2	1 1 1 1 0 1 0 1 0 1 0 1 0 0 0 0
370	1	1 0 1 0 1 0 1 1 0 0 0 0 0 0 0 0
370	2	1 1 1 0 0 0 0 0 1 0 0 1 0 0 0 0
370	2	1 1 1 1 1 0 1 1 0 0 0 0 0 0 1 0
380	40	0 1 1 1 0 0 1 0 0 0 0 0 0 0 0 0
380	5	1 0 1 1 0 0 1 0 0 0 0 0 0 0 0 0
380	51	1 1 1 1 0 0 1 0 0 0 0 0 0 0 0 0
380	16	1 1 1 0 1 1 0 0 0 0 0 1 0 0 0 0
380	25	1 1 1 0 0 0 1 1 0 0 0 0 0 0 0 0
380	105	1 1 1 1 1 0 1 1 0 1 0 1 0 0 0 0
380	76	1 1 1 1 0 0 1 0 1 0 0 0 0 0 0 0
380	54	1 0 1 1 1 0 1 1 0 0 1 0 0 0 0 0
380	3	0 1 1 1 1 1 1 1 0 1 0 0 0 0 0 0
380	20	1 1 1 0 0 0 1 0 0 1 0 1 0 0 0 0
380	12	0 1 1 1 0 0 0 0 0 0 0 0 0 0 0 0
380	7	1 1 1 1 0 0 1 0 0 0 0 1 0 0 0 0
380	28	1 1 1 0 1 0 1 0 0 0 0 0 0 0 0 0
380	13	1 0 1 1 1 0 1 0 0 0 0 0 0 0 0 0
380	10	1 1 0 1 0 0 1 1 0 0 0 0 0 1 0 0
380	14	1 1 1 1 1 1 0 0 1 0 0 0 0 0 1 0
380	32	1 1 1 0 1 0 1 0 0 0 0 1 0 0 0 0
380	28	1 0 1 1 0 0 1 1 0 1 0 1 0 0 0 0
380	55	1 1 1 1 1 0 1 1 0 1 0 0 0 0 0 0
380	1	1 1 1 1 0 0 1 0 1 0 1 0 0 0 0 0
380	7	1 1 0 1 1 0 1 1 0 1 0 1 0 1 0 0
380	9	1 0 1 1 1 0 1 1 0 1 0 1 0 0 0 0
380	3	1 0 1 1 0 0 1 1 0 0 1 0 0 0 0 0
380	3	1 1 1 0 0 0 1 1 0 1 0 0 0 0 0 0
380	17	1 1 1 1 0 1 0 1 0 1 0 0 0 0 0 0
380	27	1 1 1 1 0 0 1 0 0 1 0 1 0 0 0 0
380	3	1 1 1 1 0 0 1 0 0 0 1 0 0 0 0 0
380	13	1 1 1 1 1 0 1 1 0 1 0 1 0 1 0 0
380	4	1 1 1 1 1 0 1 0 0 1 0 0 0 0 1 0
380	4	1 1 1 0 1 0 1 1 0 0 1 0 0 0 0 0
380	6	1 1 1 0 0 0 1 0 0 0 0 0 0 0 0 0
380	9	1 0 1 0 0 0 1 1 0 0 0 0 0 0 0 0
380	4	1 1 1 0 1 0 1 1 0 0 0 0 0 0 0 0
380	4	0 1 1 1 0 0 0 0 0 0 0 1 0 0 0 0
380	4	1 1 0 1 1 0 1 1 0 0 0 0 0 0 0 0
380	12	1 1 1 1 1 0 1 0 0 0 0 1 0 0 0 0
380	20	1 1 1 0 1 0 1 1 1 0 0 0 0 0 0 0
380	3	1 1 1 0 0 0 1 1 0 0 1 1 0 0 0 0
380	15	1 1 1 1 0 1 1 0 1 0 0 0 0 1 0 0
380	28	1 1 1 0 1 0 1 1 0 1 0 1 0 0 0 0
380	7	1 1 1 0 1 0 1 0 0 0 1 0 0 0 0 0
380	11	1 1 1 1 0 0 1 1 0 1 0 0 0 0 0 0
380	4	1 1 1 1 0 1 0 1 0 1 0 0 1 0 0 0
380	1	1 1 1 0 1 0 1 1 1 1 0 0 0 0 0 0
380	5	0 1 1 1 0 0 0 0 0 0 0 1 0 1 0 0
380	18	1 1 1 1 0 0 1 1 0 1 0 1 0 1 0 0
380	2	1 1 1 1 1 0 1 0 0 0 0 0 0 0 0 0
380	9	1 0 0 1 0 0 1 1 0 0 0 0 0 1 0 0
380	5	1 1 1 1 0 0 1 1 0 0 0 0 0 0 0 0
380	1	1 0 0 1 1 1 0 0 0 0 1 0 0 0 0 0
380	10	1 1 1 1 0 0 0 0 0 0 0 0 0 1 1 0
380	4	1 0 1 1 1 0 1 0 0 0 0 1 0 0 0 0
380	10	1 1 1 1 0 1 0 0 0 1 0 0 0 0 0 0
380	7	1 1 0 1 0 0 1 0 1 0 0 0 0 0 0 0
380	18	1 1 1 1 1 0 1 1 0 1 0 1 0 1 1 0
380	3	1 1 1 1 1 1 0 0 1 0 0 0 0 0 0 0
380	1	1 0 1 1 1 0 1 1 0 0 1 1 0 0 0 0
380	18	1 1 1 1 1 0 1 0 0 1 0 0 0 0 0 0
380	7	1 1 1 0 1 0 0 1 0 0 1 0 0 0 0 0
380	10	1 1 1 1 0 1 1 0 1 0 0 0 0 0 0 0
380	8	1 1 1 1 1 0 1 1 0 0 0 0 0 0 0 0
380	3	1 1 1 0 1 0 1 0 0 1 0 1 0 0 0 0
380	4	1 0 1 1 0 0 1 0 0 0 0 0 0 0 0 1
380	4	1 0 0 1 0 0 1 0 0 0 0 0 0 0 0 0
380	1	1 0 1 1 0 0 1 1 0 1 0 0 0 0 0 0
380	5	0 1 1 1 0 0 1 0 0 0 0 0 0 1 0 0
380	5	1 1 1 1 0 0 1 1 1 0 0 0 0 0 0 0
380	3	1 1 1 0 0 1 1 0 1 0 0 0 0 0 0 0
380	2	1 1 1 1 0 1 1 0 0 0 0 0 0 1 0 0
380	2	1 1 1 1 0 0 1 1 0 1 0 0 0 1 0 0
380	2	1 1 1 1 0 0 1 0 1 0 0 0 1 0 0 1
380	2	0 1 1 1 1 0 1 1 1 0 0 0 0 0 0 0
380	2	1 0 1 0 0 0 1 1 0 0 1 1 0 0 0 0
380	2	1 1 1 1 0 0 1 0 1 0 0 0 0 0 1 0
380	1	1 1 1 1 1 0 0 1 0 1 0 0 0 0 0 0
380	1	1 1 1 0 0 0 1 1 0 0 0 1 0 0 0 0
380	1	1 1 1 1 0 0 1 1 0 0 1 0 0 0 0 0
380	1	1 0 1 1 1 0 1 1 0 1 0 0 0 0 0 0
380	2	1 1 0 1 1 0 1 1 0 1 0 1 0 0 0 0
380	1	1 1 1 1 1 0 1 0 0 1 0 1 0 0 0 0
380	1	1 1 1 1 1 0 1 1 0 0 0 1 0 0 0 0
380	1	1 1 1 1 1 0 0 1 0 1 0 1 0 0 0 0
380	3	1 1 1 1 0 0 0 0 1 0 0 0 0 0 0 0
380	1	1 1 1 1 0 1 0 1 0 1 0 0 0 0 1 0
380	1	1 1 1 1 0 0 1 1 0 1 0 1 0 1 1 0
390	7	0 1 1 1 0 0 1 0 0 0 0 0 0 0 0 0
390	7	1 0 1 1 0 0 1 0 0 0 0 0 0 0 0 0
390	41	1 1 1 1 0 0 1 0 0 0 0 0 0 0 0 0
390	30	1 1 1 0 1 1 0 0 0 0 0 1 0 0 0 0
390	43	1 1 1 0 0 0 1 1 0 0 0 0 0 0 0 0
390	72	1 1 1 1 1 0 1 1 0 1 0 1 0 0 0 0
390	83	1 1 1 1 0 0 1 0 1 0 0 0 0 0 0 0
390	40	1 0 1 1 1 0 1 1 0 0 1 0 0 0 0 0
390	23	1 1 1 0 0 0 1 0 0 1 0 1 0 0 0 0
390	28	1 1 1 0 1 0 1 0 0 0 0 0 0 0 0 0
390	1	1 0 1 1 1 0 1 0 0 0 0 0 0 0 0 0
390	12	1 1 0 1 0 0 1 1 0 0 0 0 0 1 0 0
390	37	1 1 1 0 1 0 1 0 0 0 0 1 0 0 0 0
390	32	1 0 1 1 0 0 1 1 0 1 0 1 0 0 0 0
390	31	1 1 1 1 1 0 1 1 0 1 0 0 0 0 0 0
390	7	1 1 1 1 0 0 1 0 1 0 1 0 0 0 0 0
390	6	1 1 0 1 1 0 1 1 0 1 0 1 0 1 0 0
390	13	1 0 1 1 1 0 1 1 0 1 0 1 0 0 0 0
390	29	1 1 1 1 0 1 0 1 0 1 0 0 0 0 0 0
390	3	1 1 1 1 0 0 1 0 0 1 0 1 0 0 0 0
390	16	1 1 1 1 1 0 1 1 0 1 0 1 0 1 0 0
390	2	1 1 1 0 1 0 1 1 0 0 1 0 0 0 0 0
390	1	1 1 1 0 0 0 1 0 0 0 0 0 0 0 0 0
390	19	1 0 1 0 0 0 1 1 0 0 0 0 0 0 0 0
390	7	1 1 1 0 1 0 1 1 0 0 0 0 0 0 0 0
390	7	1 1 1 0 1 0 1 1 1 0 0 0 0 0 0 0
390	7	1 1 1 0 0 0 1 1 0 0 1 1 0 0 0 0
390	12	1 1 1 1 0 1 1 0 1 0 0 0 0 1 0 0
390	25	1 1 1 0 1 0 1 1 0 1 0 1 0 0 0 0
390	1	1 1 1 0 1 0 1 0 0 0 1 0 0 0 0 0
390	13	1 1 1 1 0 1 0 1 0 1 0 0 1 0 0 0
390	9	1 1 1 1 0 0 1 1 0 1 0 1 0 1 0 0
390	4	1 0 0 1 0 0 1 1 0 0 0 0 0 1 0 0
390	2	1 1 1 1 0 0 0 0 0 0 0 0 0 1 1 0
390	13	1 1 1 1 0 1 0 0 0 1 0 0 0 0 0 0
390	1	1 1 0 1 0 0 1 0 1 0 0 0 0 0 0 0
390	8	1 1 1 1 1 0 1 1 0 1 0 1 0 1 1 0
390	5	1 1 1 1 1 1 0 0 1 0 0 0 0 0 0 0
390	14	1 1 1 1 1 0 1 0 0 1 0 0 0 0 0 0
390	4	1 1 1 0 1 0 0 1 0 0 1 0 0 0 0 0
390	14	1 1 1 1 0 1 1 0 1 0 0 0 0 0 0 0
390	10	1 1 1 1 1 0 1 1 0 0 0 0 0 0 0 0
390	27	1 1 1 0 1 0 1 0 0 1 0 1 0 0 0 0
390	2	0 1 1 1 0 0 1 0 0 0 0 0 0 1 0 0
390	1	1 1 1 1 0 0 1 1 1 0 0 0 0 0 0 0
390	10	1 1 1 0 0 1 1 0 1 0 0 0 0 0 0 0
390	16	1 1 1 1 0 0 1 0 1 0 0 0 1 0 0 1
390	4	1 0 1 0 0 0 1 1 0 0 1 1 0 0 0 0
390	1	1 1 1 1 0 0 1 0 1 0 0 0 0 0 1 0
390	6	1 1 1 1 1 0 1 0 0 1 0 1 0 0 0 0
390	6	1 1 1 1 1 0 0 1 0 1 0 1 0 0 0 0
390	2	1 1 1 1 0 1 0 1 0 1 0 0 0 0 1 0
390	2	1 1 1 1 0 0 1 0 0 1 0 0 0 0 0 0
390	5	1 1 1 1 1 0 1 1 0 1 0 1 1 0 0 0
390	8	1 1 1 0 1 0 1 1 0 1 0 1 0 1 0 0
390	1	1 1 0 1 0 0 1 1 0 1 0 0 0 1 0 0
390	3	1 1 0 1 1 0 1 1 0 0 1 0 0 0 0 0
390	13	0 1 1 1 1 0 1 1 0 1 0 1 0 0 0 0
390	15	1 1 1 1 0 0 1 0 0 1 0 1 0 0 0 1
390	1	1 1 1 0 1 0 1 1 0 1 0 0 0 1 0 0
390	5	1 1 1 1 1 0 0 0 0 0 0 0 0 0 0 0
390	2	1 1 0 1 1 0 1 0 0 1 0 1 0 1 0 0
390	2	0 1 1 0 0 0 1 0 0 0 0 0 0 0 0 0
390	6	1 1 1 0 1 1 0 0 0 0 0 0 0 0 0 0
390	3	1 1 1 1 1 0 1 1 0 1 0 0 0 0 0 1
390	2	1 1 1 1 0 0 0 1 0 1 0 1 0 1 0 0
390	8	1 0 1 1 0 0 1 1 0 0 0 0 0 0 0 0
390	3	1 1 1 1 1 0 1 1 0 1 0 1 1 1 1 0
390	3	1 1 1 1 1 0 1 0 1 0 0 0 0 0 1 0
390	1	1 1 1 0 1 0 1 0 0 1 0 0 0 0 0 0
390	31	1 1 1 1 0 0 1 0 0 0 1 0 0 0 0 0
390	2	1 1 1 0 1 0 1 0 0 0 1 1 0 0 0 0
390	5	1 1 1 1 0 0 1 0 1 0 1 0 1 0 0 0
390	4	1 1 1 0 1 0 1 1 0 1 0 0 0 0 0 0
390	2	1 1 1 1 0 0 0 1 0 1 0 1 1 1 0 0
390	4	1 0 1 0 1 0 1 0 0 0 0 1 0 0 0 0
390	2	1 1 1 1 0 0 1 0 0 0 0 0 1 0 0 0
390	3	1 1 1 0 0 0 1 1 0 0 1 0 0 0 0 0
390	4	1 1 1 1 0 0 1 0 1 0 0 0 0 1 0 0
390	1	1 1 1 1 0 0 1 1 0 0 0 0 0 1 0 0
390	1	1 1 1 0 1 0 1 0 0 0 0 1 1 0 0 0
390	3	1 1 1 0 1 0 1 1 0 1 0 1 0 0 0 1
390	3	1 0 1 1 0 0 1 0 1 0 0 0 0 0 0 0
390	2	1 1 1 1 1 0 1 0 0 0 0 1 0 0 0 0
390	2	1 1 1 1 0 0 1 1 0 1 0 1 0 0 0 0
390	1	1 1 1 0 0 0 1 1 0 0 0 0 1 0 0 0
390	1	1 1 0 0 1 0 1 0 0 0 0 0 0 0 0 0
390	5	1 0 1 1 0 0 1 0 0 1 0 1 0 0 0 0
390	1	1 0 1 1 1 0 1 1 0 1 0 1 0 1 0 0
390	1	1 0 1 1 1 0 1 1 0 0 0 1 0 0 0 0
390	2	1 1 1 1 1 0 1 1 0 1 1 1 0 0 0 0
390	4	1 1 1 1 0 0 1 0 1 0 0 1 0 0 0 0
390	2	1 0 1 1 1 0 1 1 0 0 1 0 0 0 1 0
390	2	1 1 1 0 0 0 1 0 0 1 0 0 0 0 0 0
390	2	1 0 1 1 0 0 1 1 0 0 0 1 0 0 0 0
390	1	1 0 1 1 1 0 0 1 0 1 0 1 0 0 0 0
390	2	1 0 1 0 1 0 1 1 0 0 0 0 0 0 0 0
390	3	1 0 0 0 0 0 1 1 0 0 0 0 0 1 0 0
390	2	1 1 1 1 0 0 0 1 0 0 0 0 0 1 1 0
390	1	1 1 1 1 1 0 1 0 0 1 1 0 0 0 0 0
390	1	1 1 1 1 0 1 0 1 0 1 0 1 0 0 1 0
390	1	1 1 0 1 0 0 1 1 0 1 1 0 0 1 0 0
390	2	1 1 0 1 1 0 1 0 1 1 0 1 0 1 0 0
400	4	1 0 1 1 0 0 1 0 0 0 0 0 0 0 0 0
400	50	1 1 1 1 0 0 1 0 0 0 0 0 0 0 0 0
400	36	1 1 1 0 1 1 0 0 0 0 0 1 0 0 0 0
400	79	1 1 1 0 0 0 1 1 0 0 0 0 0 0 0 0
400	96	1 1 1 1 1 0 1 1 0 1 0 1 0 0 0 0
400	79	1 1 1 1 0 0 1 0 1 0 0 0 0 0 0 0
400	23	1 0 1 1 1 0 1 1 0 0 1 0 0 0 0 0
400	4	1 1 1 0 0 0 1 0 0 1 0 1 0 0 0 0
400	27	1 1 1 0 1 0 1 0 0 0 0 0 0 0 0 0
400	4	1 1 0 1 0 0 1 1 0 0 0 0 0 1 0 0
400	44	1 1 1 0 1 0 1 0 0 0 0 1 0 0 0 0
400	15	1 0 1 1 0 0 1 1 0 1 0 1 0 0 0 0
400	28	1 1 1 1 1 0 1 1 0 1 0 0 0 0 0 0
400	1	1 1 1 1 0 0 1 0 1 0 1 0 0 0 0 0
400	5	1 1 0 1 1 0 1 1 0 1 0 1 0 1 0 0
400	11	1 0 1 1 1 0 1 1 0 1 0 1 0 0 0 0
400	14	1 1 1 1 0 1 0 1 0 1 0 0 0 0 0 0
400	16	1 1 1 1 1 0 1 1 0 1 0 1 0 1 0 0
400	5	1 0 1 0 0 0 1 1 0 0 0 0 0 0 0 0
400	5	1 1 1 0 1 0 1 1 0 0 0 0 0 0 0 0
400	22	1 1 1 1 0 1 1 0 1 0 0 0 0 1 0 0
400	12	1 1 1 0 1 0 1 1 0 1 0 1 0 0 0 0
400	1	1 1 1 0 1 0 1 0 0 0 1 0 0 0 0 0
400	1	1 1 1 1 0 1 0 1 0 1 0 0 1 0 0 0
400	18	1 1 1 1 0 1 0 0 0 1 0 0 0 0 0 0
400	5	1 1 1 1 1 0 1 1 0 1 0 1 0 1 1 0
400	3	1 1 1 1 1 1 0 0 1 0 0 0 0 0 0 0
400	14	1 1 1 1 1 0 1 0 0 1 0 0 0 0 0 0
400	14	1 1 1 1 0 1 1 0 1 0 0 0 0 0 0 0
400	5	1 1 1 1 1 0 1 1 0 0 0 0 0 0 0 0
400	5	1 1 1 0 1 0 1 0 0 1 0 1 0 0 0 0
400	2	1 1 1 0 0 1 1 0 1 0 0 0 0 0 0 0
400	27	1 1 1 1 0 0 1 0 1 0 0 0 1 0 0 1
400	7	1 1 1 1 1 0 1 0 0 1 0 1 0 0 0 0
400	7	1 1 1 1 1 0 0 1 0 1 0 1 0 0 0 0
400	8	1 1 1 1 1 0 1 1 0 1 0 1 1 0 0 0
400	8	1 1 0 1 0 0 1 1 0 1 0 0 0 1 0 0
400	3	0 1 1 1 1 0 1 1 0 1 0 1 0 0 0 0
400	12	1 1 1 1 0 0 1 0 0 1 0 1 0 0 0 1
400	14	1 1 1 1 1 0 0 0 0 0 0 0 0 0 0 0
400	4	1 0 1 1 0 0 1 1 0 0 0 0 0 0 0 0
400	12	1 1 1 1 1 0 1 1 0 1 0 1 1 1 1 0
400	10	1 1 1 1 0 0 1 0 0 0 1 0 0 0 0 0
400	4	1 1 1 0 1 0 1 1 0 1 0 0 0 0 0 0
400	2	1 0 1 1 0 0 1 0 1 0 0 0 0 0 0 0
400	8	1 1 1 1 1 0 1 0 0 0 0 1 0 0 0 0
400	20	1 1 1 1 0 0 1 1 0 1 0 1 0 0 0 0
400	3	1 0 1 1 0 0 1 0 0 1 0 1 0 0 0 0
400	6	1 1 1 1 0 0 1 0 1 0 0 1 0 0 0 0
400	2	1 0 1 1 1 0 0 1 0 1 0 1 0 0 0 0
400	3	1 0 0 0 0 0 1 1 0 0 0 0 0 1 0 0
400	9	1 1 1 1 0 1 0 1 0 1 0 1 0 0 1 0
400	3	1 1 1 0 0 0 1 1 0 0 0 1 0 0 0 0
400	9	1 1 1 0 0 0 1 0 1 0 1 0 1 0 0 0
400	3	1 1 0 1 1 0 1 1 0 1 0 1 0 0 0 0
400	5	1 1 1 1 1 0 1 0 1 0 0 0 0 0 0 0
400	7	1 0 1 1 1 0 1 1 0 0 1 0 0 0 0 1
400	13	1 0 1 1 1 0 0 1 0 0 1 0 0 0 0 0
400	8	1 1 1 0 0 1 0 0 1 0 0 0 0 0 0 0
400	4	1 1 1 1 1 1 1 1 0 1 1 1 0 0 0 0
400	10	1 0 1 1 0 0 1 0 0 0 0 1 0 0 0 0
400	7	1 0 1 1 1 0 1 1 0 0 0 0 0 1 0 0
400	5	1 1 1 1 0 1 0 0 0 0 0 1 0 0 0 0
400	2	1 1 1 1 0 0 0 1 0 1 0 0 0 0 0 0
400	2	1 1 1 1 0 0 1 0 0 0 0 0 1 0 0 0
400	3	1 1 1 1 0 0 1 0 1 1 0 0 1 0 0 1
400	6	1 1 1 0 1 0 1 1 0 1 1 1 0 0 0 0
400	3	1 1 1 0 1 0 0 0 0 0 0 1 0 0 0 0
400	1	1 1 1 1 1 0 1 1 0 0 0 1 0 0 0 0
400	2	1 1 1 1 1 0 1 1 1 1 0 0 0 0 0 0
400	8	1 1 1 1 1 1 0 0 1 0 0 0 1 0 0 0
400	3	1 1 1 0 1 1 1 1 0 0 0 0 0 0 0 0
400	2	1 1 1 0 1 0 1 0 0 0 0 1 0 1 0 0
400	2	1 1 1 1 0 0 1 1 0 0 0 0 0 0 0 0
400	3	1 1 1 0 0 0 0 1 0 0 0 0 0 0 0 0
400	3	1 1 0 1 0 0 1 0 0 0 0 0 1 0 0 0
400	1	1 1 1 1 1 0 1 0 1 0 0 1 0 0 0 0
400	7	1 0 1 1 0 0 0 0 0 0 0 0 0 0 0 0
400	2	1 1 1 0 1 1 0 0 1 0 0 1 0 0 0 0
400	1	1 1 1 1 0 0 1 0 1 0 0 0 0 1 0 0
400	1	1 1 1 1 1 0 1 0 0 1 0 0 0 0 1 0
400	2	1 1 1 1 0 0 1 0 0 0 0 1 0 0 0 0
400	2	1 1 1 0 1 1 0 0 0 0 0 1 0 0 0 1
400	2	1 1 1 0 0 0 1 1 0 0 0 0 0 1 0 0
400	1	1 0 1 1 1 0 1 1 0 0 1 0 1 0 0 0
400	6	1 1 1 1 1 0 0 1 0 1 0 1 1 0 0 0
400	2	0 1 1 1 0 0 1 0 0 1 0 1 0 0 0 1
400	2	1 1 1 1 0 1 0 0 0 0 0 1 0 0 0 1
400	1	1 1 1 1 1 0 1 1 1 0 0 0 0 0 0 0
400	4	1 1 1 1 1 0 1 0 0 0 0 0 0 0 0 0
400	2	1 0 1 0 1 0 1 0 0 0 0 0 0 0 0 0
400	3	0 1 1 1 0 0 1 1 1 0 0 0 0 0 0 0
400	4	1 0 1 1 0 0 1 0 0 1 0 0 0 0 0 0
400	3	1 1 1 1 1 1 1 1 0 1 0 1 0 0 0 0
400	4	1 0 1 0 1 0 1 1 0 0 1 0 0 0 0 0
400	1	1 0 1 1 0 0 1 1 0 0 0 0 0 0 0 1
400	7	1 1 1 1 0 0 1 0 0 0 1 1 0 0 0 0
400	2	1 1 1 1 1 0 1 0 0 0 0 1 0 0 0 1
400	1	1 1 1 0 1 0 1 0 0 0 0 1 0 0 0 1
400	1	1 1 1 1 0 1 1 0 1 1 0 1 0 0 0 1
400	1	1 1 1 0 0 0 1 1 1 0 0 0 0 0 0 0
400	2	1 1 1 0 1 0 1 0 0 0 1 1 0 0 0 0
400	2	1 0 1 1 0 0 1 1 0 1 1 1 0 0 0 0
400	2	1 1 0 1 0 0 1 1 0 1 0 1 0 0 0 0
