0	250	0 1 1 0 0 0 1 1 1 1 0 0 0 0 0 0
0	250	1 0 0 0 1 0 0 0 0 0 0 1 0 0 1 0
0	250	0 0 0 1 0 0 0 0 0 0 0 1 1 0 1 1
0	250	0 1 0 0 0 0 1 0 0 0 0 0 0 0 0 0
10	213	0 1 1 0 0 0 1 1 1 1 0 0 0 0 0 0
10	294	1 0 0 0 1 0 0 0 0 0 0 1 0 0 1 0
10	122	0 0 0 1 0 0 0 0 0 0 0 1 1 0 1 1
10	160	0 1 0 0 0 0 1 0 0 0 0 0 0 0 0 0
10	22	1 0 0 0 1 0 0 0 0 0 0 1 1 0 1 1
10	1	0 1 1 0 0 0 1 1 1 1 1 0 0 0 0 0
10	4	1 0 0 1 1 0 0 0 0 0 0 1 0 0 1 0
10	6	0 1 1 0 0 0 1 0 0 0 0 0 0 0 0 0
10	5	0 0 0 1 0 0 0 0 0 0 0 1 1 0 0 0
10	4	0 1 1 0 0 0 0 1 1 1 0 0 0 0 0 0
10	1	0 0 0 1 0 0 0 0 0 0 0 1 0 0 1 1
10	12	1 0 0 0 1 0 0 0 0 0 0 1 0 0 1 1
10	3	1 0 0 0 1 0 0 1 1 1 0 0 0 0 0 0
10	2	0 1 1 0 0 1 1 1 1 1 0 0 0 0 0 0
10	3	0 0 0 1 0 0 0 0 0 0 0 0 1 0 1 1
10	7	1 0 0 1 0 0 0 0 0 0 0 1 1 0 1 1
10	4	0 1 1 0 1 0 0 0 0 0 0 1 0 0 1 0
10	2	1 0 0 0 1 0 1 0 0 0 0 0 0 0 0 0
10	7	0 0 0 1 1 0 0 0 0 0 0 1 0 0 1 0
10	6	1 0 0 0 1 0 1 0 0 0 0 1 0 0 1 0
10	7	1 0 0 0 0 0 0 0 0 0 0 1 0 0 1 0
10	10	0 0 0 1 0 0 1 0 0 0 0 1 1 0 1 1
10	7	0 1 1 0 0 0 1 1 0 1 0 0 0 0 0 0
10	1	0 0 1 1 0 0 0 0 0 0 0 1 1 0 1 1
10	2	0 1 1 0 0 0 0 1 1 1 1 0 0 0 0 0
10	2	1 0 0 0 1 0 0 0 1 0 1 1 0 0 1 0
10	5	0 0 0 1 0 0 0 0 0 0 0 1 1 0 1 0
10	9	0 1 0 0 0 0 1 0 0 0 0 1 1 0 1 1
10	9	1 1 1 0 0 0 1 1 1 1 0 0 0 0 0 0
10	3	0 1 1 0 0 0 1 1 1 1 0 1 0 0 0 0
10	1	0 1 1 0 0 0 1 1 1 1 0 0 1 0 0 0
10	7	1 0 0 0 1 0 0 0 0 0 0 1 0 0 0 0
10	5	1 0 0 0 1 0 0 0 0 0 0 0 0 0 1 0
10	1	0 0 0 1 0 0 0 0 0 1 0 1 1 0 1 1
10	1	0 1 0 0 0 0 1 0 0 0 0 0 1 0 0 0
10	9	0 1 0 0 0 0 1 0 0 0 1 0 0 0 0 0
10	4	0 0 0 1 0 0 0 1 1 1 1 0 0 0 0 0
10	2	1 0 0 0 1 0 0 0 0 0 0 1 0 1 1 1
10	1	1 0 0 1 0 0 0 0 0 0 0 0 1 0 1 1
10	2	1 0 0 0 1 0 0 0 1 1 0 0 0 0 0 0
10	1	0 1 0 0 0 0 0 0 0 0 0 1 1 0 1 1
10	1	0 1 0 1 0 0 0 0 0 0 0 0 1 0 1 1
10	1	1 0 0 0 0 0 1 0 0 0 0 0 0 0 0 0
10	2	1 0 0 0 1 0 1 1 1 1 0 0 0 0 0 0
10	2	0 0 0 1 0 0 1 0 0 0 0 0 0 0 0 0
10	1	0 1 0 0 0 0 1 0 0 0 0 1 0 0 1 0
10	8	0 1 0 1 0 0 0 0 0 0 0 1 1 0 1 1
10	2	0 0 0 1 1 0 0 0 0 0 0 1 0 0 1 1
10	1	1 0 0 0 1 0 0 0 0 1 0 1 0 0 1 0
10	3	0 1 0 0 0 0 1 0 0 1 0 0 0 0 0 0
10	1	0 0 0 0 0 0 1 0 0 0 0 0 0 0 0 0
10	1	0 1 1 0 0 0 1 1 1 1 0 0 0 0 1 0
10	1	1 0 0 0 1 0 0 0 0 1 0 0 0 0 0 0
10	2	0 1 0 0 0 0 1 1 1 1 0 0 0 0 0 0
10	1	0 0 0 0 1 0 0 0 0 0 0 1 0 0 1 0
10	1	0 1 0 0 1 0 1 0 0 0 0 0 0 0 0 0
10	1	1 1 0 0 0 0 1 0 0 0 0 0 0 0 0 0
10	3	0 1 0 0 0 0 1 1 0 0 0 0 0 0 0 0
10	1	0 1 0 0 0 0 1 0 0 0 0 1 1 0 1 0
20	110	0 1 1 0 0 0 1 1 1 1 0 0 0 0 0 0
20	282	1 0 0 0 1 0 0 0 0 0 0 1 0 0 1 0
20	45	0 0 0 1 0 0 0 0 0 0 0 1 1 0 1 1
20	110	0 1 0 0 0 0 1 0 0 0 0 0 0 0 0 0
20	17	1 0 0 0 1 0 0 0 0 0 0 1 1 0 1 1
20	9	1 0 0 1 1 0 0 0 0 0 0 1 0 0 1 0
20	16	0 1 1 0 0 0 1 0 0 0 0 0 0 0 0 0
20	2	0 0 0 1 0 0 0 0 0 0 0 1 1 0 0 0
20	3	0 1 1 0 0 0 0 1 1 1 0 0 0 0 0 0
20	2	1 0 0 0 1 0 0 0 0 0 0 1 0 0 1 1
20	11	0 1 1 0 0 1 1 1 1 1 0 0 0 0 0 0
20	1	0 1 1 0 1 0 0 0 0 0 0 1 0 0 1 0
20	3	1 0 0 0 1 0 1 0 0 0 0 0 0 0 0 0
20	14	1 0 0 0 1 0 1 0 0 0 0 1 0 0 1 0
20	41	1 0 0 0 0 0 0 0 0 0 0 1 0 0 1 0
20	8	0 0 0 1 0 0 1 0 0 0 0 1 1 0 1 1
20	8	0 1 1 0 0 0 1 1 0 1 0 0 0 0 0 0
20	3	0 0 1 1 0 0 0 0 0 0 0 1 1 0 1 1
20	2	1 0 0 0 1 0 0 0 1 0 1 1 0 0 1 0
20	9	0 0 0 1 0 0 0 0 0 0 0 1 1 0 1 0
20	13	0 1 0 0 0 0 1 0 0 0 0 1 1 0 1 1
20	51	1 1 1 0 0 0 1 1 1 1 0 0 0 0 0 0
20	4	0 1 1 0 0 0 1 1 1 1 0 1 0 0 0 0
20	11	1 0 0 0 1 0 0 0 0 0 0 1 0 0 0 0
20	11	0 1 0 0 0 0 1 0 0 0 1 0 0 0 0 0
20	12	0 0 0 1 0 0 0 1 1 1 1 0 0 0 0 0
20	16	0 1 0 0 0 0 0 0 0 0 0 1 1 0 1 1
20	16	0 1 0 1 0 0 0 0 0 0 0 1 1 0 1 1
20	7	1 0 0 0 1 0 0 0 0 1 0 1 0 0 1 0
20	9	0 1 0 0 0 0 1 1 1 1 0 0 0 0 0 0
20	4	0 0 0 0 1 0 0 0 0 0 0 1 0 0 1 0
20	3	0 1 0 0 1 0 1 0 0 0 0 0 0 0 0 0
20	3	0 1 1 0 0 0 0 0 0 0 0 1 1 0 1 1
20	6	0 0 0 0 0 0 1 1 1 1 0 0 0 0 0 0
20	6	0 0 1 0 0 0 1 1 1 1 0 0 0 0 0 0
20	12	0 1 1 0 1 0 0 0 1 0 0 1 0 0 1 0
20	3	0 1 1 0 1 1 1 1 1 1 0 0 0 0 0 0
20	6	1 0 0 0 1 0 0 0 0 0 0 1 1 0 1 0
20	2	1 0 0 0 1 0 0 0 0 0 0 1 1 1 1 1
20	6	0 1 1 0 1 1 1 0 1 1 0 0 0 0 0 0
20	4	0 1 0 0 0 0 1 0 0 0 0 0 0 0 1 1
20	6	0 1 1 0 1 0 0 0 0 0 0 1 1 0 1 1
20	4	1 0 1 0 1 0 0 0 0 0 0 1 0 0 1 0
20	8	0 1 1 0 0 0 0 0 0 0 0 1 0 0 1 0
20	5	1 0 0 0 1 1 0 0 0 0 0 1 0 0 1 0
20	11	0 1 0 0 0 0 1 0 0 0 0 1 0 0 0 0
20	1	0 1 0 0 0 0 1 0 1 0 0 0 0 0 1 1
20	1	1 0 1 0 0 0 1 1 1 1 0 0 0 0 0 0
20	4	0 1 1 0 0 0 1 1 1 1 0 0 0 0 1 0
20	2	1 0 0 0 1 0 0 0 1 0 0 1 0 0 1 0
20	2	1 0 0 0 1 0 0 0 0 0 1 1 0 0 1 0
20	6	0 1 0 0 0 1 1 0 0 0 0 1 1 0 1 1
20	6	0 1 0 0 1 0 1 0 0 0 0 1 0 0 0 0
20	1	0 1 0 0 0 0 1 0 0 0 0 1 0 0 1 0
20	1	0 1 1 0 0 0 1 1 1 1 0 0 0 1 0 0
20	1	1 0 0 0 1 0 0 1 0 0 0 1 0 0 1 0
20	3	0 1 0 1 0 0 1 0 0 0 0 0 0 0 0 0
20	1	0 0 0 0 1 0 0 0 0 0 0 1 0 0 1 1
20	2	1 0 0 0 1 0 1 0 0 1 0 1 0 0 1 0
20	3	1 0 0 0 0 0 0 0 0 0 0 0 0 0 1 0
20	2	1 0 0 0 0 0 0 0 0 0 0 1 0 0 0 0
20	5	1 1 1 0 1 0 1 1 1 1 0 0 0 0 0 0
20	1	1 0 0 0 1 0 0 0 0 1 0 0 0 0 0 0
20	2	0 1 1 0 0 0 1 0 0 0 0 1 0 0 1 0
20	3	1 0 0 1 0 0 0 0 0 0 0 1 1 0 1 1
20	1	1 1 1 0 0 0 0 0 0 0 0 1 0 0 1 0
20	2	0 1 0 1 0 0 0 0 0 0 0 1 1 0 1 0
20	1	0 1 1 0 0 0 0 0 0 0 0 1 1 0 1 0
20	1	0 1 1 0 0 0 1 0 1 1 0 0 0 0 0 0
20	1	1 0 0 0 1 0 0 0 0 0 0 1 0 1 1 0
20	1	1 1 0 0 1 0 0 0 0 0 0 1 0 0 1 0
20	5	1 0 0 0 0 0 0 0 0 0 0 1 0 1 1 0
20	3	0 1 0 0 0 0 1 0 0 0 0 1 1 0 1 0
20	1	0 1 0 0 0 0 1 0 0 0 1 1 0 0 0 0
20	2	0 1 0 0 1 0 1 0 0 0 0 0 1 0 0 0
30	82	0 1 1 0 0 0 1 1 1 1 0 0 0 0 0 0
30	329	1 0 0 0 1 0 0 0 0 0 0 1 0 0 1 0
30	36	0 0 0 1 0 0 0 0 0 0 0 1 1 0 1 1
30	64	0 1 0 0 0 0 1 0 0 0 0 0 0 0 0 0
30	3	1 0 0 0 1 0 0 0 0 0 0 1 1 0 1 1
30	12	0 1 1 0 0 0 1 0 0 0 0 0 0 0 0 0
30	9	1 0 0 0 1 0 1 0 0 0 0 1 0 0 1 0
30	49	1 0 0 0 0 0 0 0 0 0 0 1 0 0 1 0
30	9	0 0 0 1 0 0 1 0 0 0 0 1 1 0 1 1
30	21	0 1 1 0 0 0 1 1 0 1 0 0 0 0 0 0
30	4	0 0 0 1 0 0 0 0 0 0 0 1 1 0 1 0
30	28	0 1 0 0 0 0 1 0 0 0 0 1 1 0 1 1
30	53	1 1 1 0 0 0 1 1 1 1 0 0 0 0 0 0
30	7	0 1 1 0 0 0 1 1 1 1 0 1 0 0 0 0
30	13	0 1 0 0 0 0 1 0 0 0 1 0 0 0 0 0
30	13	0 1 0 0 0 0 0 0 0 0 0 1 1 0 1 1
30	20	0 1 0 1 0 0 0 0 0 0 0 1 1 0 1 1
30	7	1 0 0 0 1 0 0 0 0 1 0 1 0 0 1 0
30	2	0 1 0 0 0 0 1 1 1 1 0 0 0 0 0 0
30	1	0 0 0 0 1 0 0 0 0 0 0 1 0 0 1 0
30	1	0 0 0 0 0 0 1 1 1 1 0 0 0 0 0 0
30	3	0 0 1 0 0 0 1 1 1 1 0 0 0 0 0 0
30	13	0 1 1 0 1 0 0 0 1 0 0 1 0 0 1 0
30	9	0 1 1 0 1 1 1 0 1 1 0 0 0 0 0 0
30	16	0 1 1 0 0 0 0 0 0 0 0 1 0 0 1 0
30	5	0 1 0 0 0 0 1 0 0 0 0 1 0 0 0 0
30	9	1 0 0 0 1 0 0 0 1 0 0 1 0 0 1 0
30	2	0 1 0 0 0 1 1 0 0 0 0 1 1 0 1 1
30	2	0 1 0 0 1 0 1 0 0 0 0 1 0 0 0 0
30	3	1 0 0 0 0 0 0 0 0 0 0 0 0 0 1 0
30	20	1 1 1 0 1 0 1 1 1 1 0 0 0 0 0 0
30	8	1 0 0 1 0 0 0 0 0 0 0 1 1 0 1 1
30	14	1 1 0 0 1 0 0 0 0 0 0 1 0 0 1 0
30	4	1 0 0 0 0 0 0 0 0 0 0 1 0 1 1 0
30	1	1 1 0 0 0 0 1 0 0 0 0 0 0 0 0 0
30	3	0 1 1 0 0 0 1 1 1 1 0 0 1 0 0 0
30	11	0 1 1 0 0 0 1 1 0 1 0 0 0 0 1 0
30	3	1 0 0 0 1 0 0 1 0 0 0 1 0 0 1 0
30	7	1 0 0 0 1 1 0 0 0 0 0 1 0 0 1 0
30	9	1 0 0 0 1 0 1 0 0 0 0 1 0 0 0 0
30	5	1 1 0 0 0 0 1 1 1 1 0 0 0 0 0 0
30	3	1 0 0 0 0 0 0 0 0 0 0 0 0 0 0 0
30	1	1 1 1 0 0 0 1 1 1 1 0 0 0 0 1 0
30	3	0 0 1 0 0 1 1 1 1 1 0 0 0 0 0 0
30	9	0 1 1 0 0 0 1 0 1 1 0 0 0 0 0 0
30	2	1 0 0 0 1 0 0 0 0 0 1 1 0 0 1 0
30	20	1 1 1 0 1 0 1 1 1 1 0 0 0 0 0 1
30	1	0 1 1 0 0 0 1 1 0 0 0 1 0 0 1 0
30	2	0 1 1 0 0 0 1 0 0 0 0 1 1 0 1 1
30	3	0 0 0 0 0 0 1 1 1 1 0 0 0 0 1 0
30	4	0 1 0 0 0 0 0 0 0 0 0 1 1 0 1 0
30	3	0 1 1 0 0 0 1 1 1 1 0 0 0 1 0 0
30	3	0 1 1 0 0 0 1 1 1 0 0 0 0 0 0 0
30	1	1 0 0 0 1 0 0 0 0 0 0 1 0 0 1 1
30	3	1 1 0 0 1 0 0 0 0 0 1 1 0 0 1 0
30	1	1 0 0 0 1 1 1 0 1 1 0 0 0 0 0 0
30	1	1 0 0 0 1 0 0 0 0 0 0 0 0 0 1 0
30	3	0 0 0 1 0 0 0 0 1 0 0 1 1 0 1 1
30	4	1 0 0 1 1 0 0 0 0 0 0 1 0 0 0 0
30	2	1 0 0 0 1 0 1 0 0 1 1 1 0 0 1 0
30	2	0 1 1 0 1 0 0 0 0 0 0 1 0 0 1 0
30	2	1 0 0 0 1 0 1 0 0 0 0 1 1 0 1 1
30	1	1 0 1 0 0 0 1 1 1 1 0 0 0 0 0 0
30	3	0 0 0 1 0 0 0 0 0 1 0 1 1 0 1 1
30	1	0 0 1 1 0 0 0 0 0 0 0 1 1 0 1 0
30	1	1 0 0 0 0 0 0 0 0 0 0 1 0 1 1 1
30	2	1 1 0 0 0 0 1 0 0 0 0 0 0 1 0 0
30	1	0 0 0 0 1 0 1 0 0 0 0 1 0 0 0 0
30	2	0 1 1 0 0 0 1 1 1 1 0 1 0 0 1 0
30	1	0 0 0 0 0 0 1 0 0 0 0 0 0 0 0 0
30	2	0 1 1 0 0 0 1 0 0 0 0 0 0 1 0 0
30	1	1 1 1 0 0 0 1 1 1 1 0 1 0 0 0 0
30	2	0 1 1 0 1 0 1 1 1 1 0 1 0 0 0 0
40	63	0 1 1 0 0 0 1 1 1 1 0 0 0 0 0 0
40	276	1 0 0 0 1 0 0 0 0 0 0 1 0 0 1 0
40	14	0 1 0 0 0 0 1 0 0 0 0 0 0 0 0 0
40	6	1 0 0 0 1 0 0 0 0 0 0 1 1 0 1 1
40	20	0 1 1 0 0 0 1 0 0 0 0 0 0 0 0 0
40	13	1 0 0 0 1 0 1 0 0 0 0 1 0 0 1 0
40	38	1 0 0 0 0 0 0 0 0 0 0 1 0 0 1 0
40	5	0 0 0 1 0 0 1 0 0 0 0 1 1 0 1 1
40	7	0 1 1 0 0 0 1 1 0 1 0 0 0 0 0 0
40	27	0 1 0 0 0 0 1 0 0 0 0 1 1 0 1 1
40	82	1 1 1 0 0 0 1 1 1 1 0 0 0 0 0 0
40	5	0 1 1 0 0 0 1 1 1 1 0 1 0 0 0 0
40	9	0 1 0 0 0 0 1 0 0 0 1 0 0 0 0 0
40	10	0 1 0 0 0 0 0 0 0 0 0 1 1 0 1 1
40	9	0 1 0 1 0 0 0 0 0 0 0 1 1 0 1 1
40	6	1 0 0 0 1 0 0 0 0 1 0 1 0 0 1 0
40	2	0 0 1 0 0 0 1 1 1 1 0 0 0 0 0 0
40	4	0 1 1 0 1 0 0 0 1 0 0 1 0 0 1 0
40	16	0 1 1 0 0 0 0 0 0 0 0 1 0 0 1 0
40	14	1 0 0 0 1 0 0 0 1 0 0 1 0 0 1 0
40	12	1 0 0 0 0 0 0 0 0 0 0 0 0 0 1 0
40	8	1 1 1 0 1 0 1 1 1 1 0 0 0 0 0 0
40	10	1 0 0 1 0 0 0 0 0 0 0 1 1 0 1 1
40	26	1 1 0 0 1 0 0 0 0 0 0 1 0 0 1 0
40	11	1 0 0 0 1 0 0 1 0 0 0 1 0 0 1 0
40	10	1 0 0 0 1 1 0 0 0 0 0 1 0 0 1 0
40	6	1 0 0 0 1 0 1 0 0 0 0 1 0 0 0 0
40	3	1 1 0 0 0 0 1 1 1 1 0 0 0 0 0 0
40	5	1 0 0 0 0 0 0 0 0 0 0 0 0 0 0 0
40	5	0 1 1 0 0 0 1 0 1 1 0 0 0 0 0 0
40	11	1 0 0 0 1 0 0 0 0 0 1 1 0 0 1 0
40	21	1 1 1 0 1 0 1 1 1 1 0 0 0 0 0 1
40	9	1 0 0 0 1 1 1 0 1 1 0 0 0 0 0 0
40	2	1 0 0 0 1 0 0 0 0 0 0 0 0 0 1 0
40	6	1 0 0 1 1 0 0 0 0 0 0 1 0 0 0 0
40	8	1 0 0 0 1 0 1 0 0 1 1 1 0 0 1 0
40	11	1 1 0 0 0 0 1 0 0 0 0 0 0 1 0 0
40	14	0 1 1 0 1 0 1 1 1 1 0 1 0 0 0 0
40	2	1 0 0 0 1 0 0 0 0 0 0 1 0 0 0 0
40	2	1 1 1 0 0 0 1 1 1 1 0 0 1 0 0 0
40	6	0 0 1 0 0 0 1 1 0 1 0 0 0 0 0 0
40	6	1 1 1 1 0 0 0 0 0 0 0 1 1 0 1 1
40	7	0 1 0 1 1 0 0 0 0 0 0 1 0 0 0 0
40	2	0 1 1 0 0 0 1 1 1 1 1 0 0 0 0 0
40	15	1 0 0 1 1 0 0 0 0 0 0 1 0 0 1 0
40	15	1 0 1 0 1 0 0 0 0 0 0 1 0 0 1 0
40	12	0 1 1 0 1 1 0 0 1 1 0 0 0 0 0 0
40	6	1 0 0 0 0 0 1 0 0 0 0 0 0 0 0 0
40	16	1 0 1 0 1 0 0 0 0 0 1 1 0 0 1 0
40	6	0 1 1 0 0 0 1 1 1 1 0 1 0 0 1 0
40	15	1 0 0 0 1 0 1 1 1 1 0 0 0 0 0 0
40	4	0 0 0 0 0 0 0 0 0 0 0 1 0 0 1 0
40	1	1 0 0 0 0 0 0 0 0 0 1 1 0 0 1 0
40	3	1 1 0 0 1 0 1 0 0 0 0 1 0 0 1 0
40	5	0 1 1 0 0 0 1 1 1 1 0 0 0 0 0 1
40	11	1 0 0 0 1 0 0 0 0 0 0 1 1 0 1 0
40	9	1 0 0 0 1 0 0 0 0 0 0 1 0 1 1 0
40	2	1 0 0 0 1 0 0 0 1 1 0 0 0 0 0 1
40	1	0 1 1 0 0 0 1 0 0 0 0 1 0 0 1 0
40	1	1 0 0 1 0 0 0 0 0 0 0 1 1 0 0 0
40	2	0 1 1 0 0 0 1 1 1 0 0 0 0 0 0 0
40	5	0 1 1 0 0 0 0 0 0 0 0 0 0 0 0 0
40	4	1 1 1 0 0 0 1 1 1 0 0 0 0 0 0 0
40	3	0 1 1 0 0 0 0 0 0 0 0 0 0 0 1 0
40	2	1 0 0 0 1 0 0 1 0 1 0 1 0 0 1 0
40	1	0 1 0 0 0 0 0 0 0 0 0 1 0 0 1 0
40	2	0 1 0 0 0 0 1 0 0 0 0 0 1 0 0 0
40	1	1 0 0 1 0 0 0 0 0 0 0 1 1 0 0 1
40	2	1 0 0 1 0 0 0 0 0 0 0 1 1 1 1 1
40	3	1 0 0 0 0 0 1 1 1 1 0 0 0 0 0 0
40	1	1 0 0 0 0 0 1 0 0 0 1 0 0 0 0 0
40	1	1 0 0 0 0 0 0 0 0 0 0 1 1 0 1 1
40	4	1 1 1 0 0 0 1 1 1 1 0 1 0 0 0 0
40	2	0 1 0 1 0 0 0 0 0 0 0 1 0 0 1 0
40	1	0 1 1 0 0 0 1 0 0 0 1 0 0 0 0 0
40	3	1 1 1 1 0 0 1 1 1 1 0 0 0 0 0 0
40	1	0 1 1 1 0 0 0 0 0 0 0 1 1 0 1 1
40	2	1 0 0 0 1 0 0 1 0 0 0 1 0 0 0 0
40	1	1 0 0 1 1 0 0 0 0 0 1 1 0 0 1 0
40	2	1 0 0 1 0 0 0 0 0 0 0 1 0 0 1 0
40	2	1 1 1 0 1 0 0 0 0 0 0 0 0 0 1 0
40	1	1 0 0 0 1 0 0 0 0 0 0 0 0 0 1 1
40	1	1 0 1 0 1 1 0 0 0 0 0 1 0 0 1 0
40	1	1 1 1 1 0 0 0 0 1 0 0 1 1 0 1 1
40	1	1 0 0 0 0 0 1 1 1 1 0 1 0 0 0 0
50	13	0 1 1 0 0 0 1 1 1 1 0 0 0 0 0 0
50	252	1 0 0 0 1 0 0 0 0 0 0 1 0 0 1 0
50	27	0 1 1 0 0 0 1 0 0 0 0 0 0 0 0 0
50	52	1 0 0 0 1 0 1 0 0 0 0 1 0 0 1 0
50	65	1 0 0 0 0 0 0 0 0 0 0 1 0 0 1 0
50	5	0 0 0 1 0 0 1 0 0 0 0 1 1 0 1 1
50	5	0 1 0 0 0 0 1 0 0 0 0 1 1 0 1 1
50	108	1 1 1 0 0 0 1 1 1 1 0 0 0 0 0 0
50	18	0 1 0 0 0 0 1 0 0 0 1 0 0 0 0 0
50	3	0 1 0 1 0 0 0 0 0 0 0 1 1 0 1 1
50	4	0 1 1 0 1 0 0 0 1 0 0 1 0 0 1 0
50	10	0 1 1 0 0 0 0 0 0 0 0 1 0 0 1 0
50	56	1 1 0 0 1 0 0 0 0 0 0 1 0 0 1 0
50	22	1 0 0 0 1 0 0 1 0 0 0 1 0 0 1 0
50	13	1 0 0 0 1 1 0 0 0 0 0 1 0 0 1 0
50	2	1 1 0 0 0 0 1 1 1 1 0 0 0 0 0 0
50	12	1 0 0 0 0 0 0 0 0 0 0 0 0 0 0 0
50	21	1 0 0 0 1 0 0 0 0 0 1 1 0 0 1 0
50	20	1 1 1 0 1 0 1 1 1 1 0 0 0 0 0 1
50	11	1 0 0 0 1 0 0 0 0 0 0 0 0 0 1 0
50	18	1 0 0 1 1 0 0 0 0 0 0 1 0 0 0 0
50	1	1 0 0 0 1 0 1 0 0 1 1 1 0 0 1 0
50	21	1 1 0 0 0 0 1 0 0 0 0 0 0 1 0 0
50	3	0 1 1 0 1 0 1 1 1 1 0 1 0 0 0 0
50	6	1 1 1 0 0 0 1 1 1 1 0 0 1 0 0 0
50	2	0 1 1 0 0 0 1 1 1 1 1 0 0 0 0 0
50	18	1 0 0 1 1 0 0 0 0 0 0 1 0 0 1 0
50	3	1 0 1 0 1 0 0 0 0 0 0 1 0 0 1 0
50	12	1 0 1 0 1 0 0 0 0 0 1 1 0 0 1 0
50	1	1 0 0 0 1 0 1 1 1 1 0 0 0 0 0 0
50	2	0 0 0 0 0 0 0 0 0 0 0 1 0 0 1 0
50	5	1 1 0 0 1 0 1 0 0 0 0 1 0 0 1 0
50	3	0 1 1 0 0 0 1 1 1 1 0 0 0 0 0 1
50	15	1 0 0 0 1 0 0 0 0 0 0 1 1 0 1 0
50	2	1 0 0 0 1 0 0 0 0 0 0 1 0 1 1 0
50	1	1 1 1 0 0 0 1 1 1 0 0 0 0 0 0 0
50	3	1 0 0 0 1 0 0 1 0 1 0 1 0 0 1 0
50	6	1 0 0 0 0 0 1 1 1 1 0 0 0 0 0 0
50	5	1 1 1 0 0 0 1 1 1 1 0 1 0 0 0 0
50	12	1 1 1 1 0 0 1 1 1 1 0 0 0 0 0 0
50	10	1 0 0 1 0 0 0 0 0 0 0 1 0 0 1 0
50	1	1 0 0 0 0 0 0 0 0 0 0 1 1 0 0 1
50	4	1 1 1 0 0 0 1 0 0 0 0 1 0 0 1 0
50	1	1 0 0 0 1 0 1 1 1 1 0 1 0 0 1 0
50	12	0 1 0 0 0 0 1 0 1 0 1 0 0 0 0 0
50	9	0 1 1 0 1 1 0 0 1 0 0 1 0 0 1 0
50	8	1 1 1 0 1 0 1 1 0 1 0 0 0 0 0 1
50	5	0 1 1 0 1 1 0 0 1 1 1 0 0 0 0 0
50	1	1 0 0 0 1 0 0 0 0 0 0 1 1 0 0 0
50	4	1 0 0 0 1 0 0 0 0 0 0 0 0 0 0 0
50	4	0 1 0 1 1 0 1 1 1 1 0 0 0 0 0 0
50	1	0 1 1 0 0 0 1 1 1 1 0 1 0 0 0 0
50	2	1 0 0 1 1 0 0 0 0 0 0 0 0 0 1 0
50	2	1 0 0 0 1 0 0 0 0 0 0 1 1 0 1 1
50	2	0 1 1 0 1 1 0 0 1 1 0 1 0 0 0 0
50	3	1 0 0 0 1 0 1 0 0 0 0 1 0 1 1 0
50	5	1 1 0 0 0 0 1 1 1 1 0 0 0 1 0 0
50	1	1 1 1 0 0 0 1 1 1 0 0 0 1 0 0 0
50	2	0 0 0 1 0 0 0 0 0 0 0 1 0 0 1 0
50	1	1 0 0 1 1 0 1 1 1 1 0 0 0 0 0 0
50	3	1 1 0 0 1 0 0 0 0 1 0 0 0 0 0 0
50	2	1 0 0 0 1 0 0 0 0 0 0 1 0 0 0 0
50	4	1 1 1 0 0 0 1 1 1 1 0 0 0 0 0 1
50	3	1 1 1 0 0 0 0 0 0 0 0 1 0 0 1 0
50	2	0 1 1 0 0 0 1 1 1 1 0 0 0 0 1 0
50	2	1 1 1 1 0 0 1 1 1 1 0 0 0 0 1 0
50	4	1 1 1 0 0 0 1 0 0 0 0 1 0 0 0 1
50	5	1 0 0 0 1 0 0 0 1 0 0 1 0 0 1 0
50	1	0 0 0 0 0 1 0 0 0 0 0 0 0 0 1 0
50	3	1 1 0 0 0 0 0 0 0 0 0 1 0 0 1 0
50	1	1 0 0 0 1 0 0 0 0 0 0 1 0 0 1 1
50	9	1 0 0 0 1 0 0 0 0 1 0 1 0 0 1 0
50	5	1 1 1 0 0 0 0 1 1 1 0 0 0 0 0 0
50	1	0 1 0 1 0 0 1 0 0 0 1 0 0 0 0 0
50	1	0 1 0 0 0 0 1 0 0 0 0 0 0 1 0 0
50	1	1 1 0 1 0 0 0 0 0 0 0 1 0 0 1 0
50	1	1 1 0 1 0 0 0 0 0 0 0 1 1 0 1 1
50	2	1 1 1 0 0 0 1 1 1 1 0 0 0 0 1 1
50	2	1 1 0 0 1 0 0 0 0 0 0 1 0 0 0 0
50	1	1 0 0 0 1 1 0 0 0 0 0 1 0 0 0 0
50	1	0 1 0 1 1 0 0 0 0 0 0 1 0 0 1 0
50	1	1 0 0 0 1 0 0 0 0 0 0 0 0 1 0 0
50	4	1 0 0 0 1 0 1 1 0 0 0 1 0 0 1 0
50	1	1 1 1 0 0 0 1 1 0 1 0 0 0 0 0 0
50	2	0 1 1 0 0 0 1 1 1 1 0 0 0 1 0 1
50	2	1 1 1 1 0 0 1 1 1 1 0 0 1 0 0 0
60	3	0 1 1 0 0 0 1 1 1 1 0 0 0 0 0 0
60	188	1 0 0 0 1 0 0 0 0 0 0 1 0 0 1 0
60	6	0 1 1 0 0 0 1 0 0 0 0 0 0 0 0 0
60	50	1 0 0 0 1 0 1 0 0 0 0 1 0 0 1 0
60	30	1 0 0 0 0 0 0 0 0 0 0 1 0 0 1 0
60	3	0 0 0 1 0 0 1 0 0 0 0 1 1 0 1 1
60	74	1 1 1 0 0 0 1 1 1 1 0 0 0 0 0 0
60	15	0 1 0 0 0 0 1 0 0 0 1 0 0 0 0 0
60	3	0 1 1 0 1 0 0 0 1 0 0 1 0 0 1 0
60	52	1 1 0 0 1 0 0 0 0 0 0 1 0 0 1 0
60	38	1 0 0 0 1 0 0 1 0 0 0 1 0 0 1 0
60	19	1 0 0 0 1 1 0 0 0 0 0 1 0 0 1 0
60	28	1 0 0 0 0 0 0 0 0 0 0 0 0 0 0 0
60	20	1 0 0 0 1 0 0 0 0 0 1 1 0 0 1 0
60	33	1 1 1 0 1 0 1 1 1 1 0 0 0 0 0 1
60	23	1 0 0 0 1 0 0 0 0 0 0 0 0 0 1 0
60	5	1 0 0 1 1 0 0 0 0 0 0 1 0 0 0 0
60	31	1 1 0 0 0 0 1 0 0 0 0 0 0 1 0 0
60	17	1 0 0 1 1 0 0 0 0 0 0 1 0 0 1 0
60	8	1 0 1 0 1 0 0 0 0 0 0 1 0 0 1 0
60	7	1 0 0 0 1 0 1 1 1 1 0 0 0 0 0 0
60	5	1 1 0 0 1 0 1 0 0 0 0 1 0 0 1 0
60	7	1 0 0 0 1 0 0 0 0 0 0 1 1 0 1 0
60	26	1 1 1 0 0 0 1 1 1 1 0 1 0 0 0 0
60	30	1 1 1 1 0 0 1 1 1 1 0 0 0 0 0 0
60	26	1 0 0 1 0 0 0 0 0 0 0 1 0 0 1 0
60	10	1 1 1 0 0 0 1 0 0 0 0 1 0 0 1 0
60	26	0 1 0 0 0 0 1 0 1 0 1 0 0 0 0 0
60	8	0 1 1 0 1 1 0 0 1 0 0 1 0 0 1 0
60	7	1 1 1 0 1 0 1 1 0 1 0 0 0 0 0 1
60	3	0 1 1 0 1 1 0 0 1 1 1 0 0 0 0 0
60	5	1 0 0 0 1 0 0 0 0 0 0 0 0 0 0 0
60	17	1 1 0 0 1 0 0 0 0 1 0 0 0 0 0 0
60	10	1 0 0 0 1 0 0 0 0 0 0 1 0 0 0 0
60	16	1 1 1 0 0 0 1 1 1 1 0 0 0 0 0 1
60	4	1 1 1 0 0 0 0 0 0 0 0 1 0 0 1 0
60	1	1 0 0 0 1 0 0 0 0 0 0 1 0 0 1 1
60	1	1 0 0 0 1 0 0 0 0 1 0 1 0 0 1 0
60	3	1 1 0 1 0 0 0 0 0 0 0 1 0 0 1 0
60	3	1 1 0 0 1 0 0 0 0 0 0 1 0 0 0 0
60	4	1 1 1 0 0 0 1 1 0 1 0 0 0 0 0 0
60	10	1 0 0 0 0 0 0 0 0 0 0 1 0 0 0 0
60	2	1 1 0 0 1 0 0 0 0 0 1 1 0 0 1 0
60	7	1 1 0 0 1 0 0 1 0 0 0 1 0 0 1 0
60	3	1 1 1 0 0 0 0 0 0 0 1 1 0 0 1 0
60	4	1 1 1 1 0 0 1 1 1 1 0 0 0 0 0 1
60	6	1 0 0 0 1 0 1 0 0 1 0 1 0 0 1 0
60	5	1 1 1 1 0 0 0 1 1 1 0 0 0 0 0 0
60	8	1 0 0 0 1 0 0 0 1 1 0 0 0 0 0 0
60	12	1 1 1 0 0 0 0 1 1 1 0 0 0 0 1 0
60	6	0 1 1 0 1 0 1 0 0 0 0 1 0 0 1 0
60	1	1 0 0 0 1 0 0 0 0 0 0 1 0 1 1 0
60	1	1 0 0 0 0 1 0 0 0 0 0 1 0 0 1 0
60	4	0 1 0 0 0 0 0 0 0 0 0 0 0 0 0 0
60	1	1 1 1 0 1 1 0 0 1 1 0 1 0 0 0 0
60	3	1 1 0 0 1 1 0 0 0 1 0 0 0 0 0 0
60	1	1 1 1 0 0 0 1 1 1 1 0 0 0 1 0 1
60	9	1 0 0 0 0 0 1 1 1 1 0 0 0 0 0 0
60	3	1 0 0 1 1 0 0 0 0 0 1 1 0 0 1 0
60	8	1 0 0 0 0 0 0 0 0 0 0 1 0 0 1 1
60	1	1 0 0 0 0 0 0 0 0 0 0 0 0 0 1 0
60	5	1 1 0 1 0 1 0 0 0 0 0 1 0 0 1 0
60	5	1 0 0 0 1 0 0 0 1 1 0 0 0 0 0 1
60	1	1 1 1 1 0 1 0 0 1 0 0 1 0 0 1 0
60	1	1 1 1 1 0 0 1 1 0 0 0 1 0 0 1 0
60	2	1 1 1 0 0 0 0 1 1 1 0 0 0 0 0 0
60	4	1 1 0 0 1 0 0 1 0 0 0 1 0 0 0 0
60	3	0 0 0 0 1 0 1 0 0 0 0 1 0 0 1 0
60	1	1 0 1 0 0 0 1 1 1 1 0 0 0 0 0 0
60	2	0 1 1 1 0 0 1 1 1 1 0 0 0 0 0 0
60	2	1 1 0 1 0 0 0 0 0 0 0 1 0 0 0 0
60	3	1 1 1 1 0 0 1 1 1 1 1 0 0 0 0 1
60	1	1 1 1 1 1 0 0 1 1 1 0 0 0 0 0 0
60	3	1 1 1 0 1 0 0 1 1 1 0 0 0 0 0 0
60	2	1 0 0 0 1 1 1 0 0 0 0 1 0 0 1 0
60	1	1 0 0 0 0 0 0 0 1 0 0 1 0 0 1 0
60	1	1 0 0 0 1 0 0 1 0 0 0 0 0 0 1 0
60	1	1 0 0 1 0 0 0 0 0 0 0 1 1 0 1 0
60	2	1 1 1 0 1 0 1 1 0 1 0 0 0 1 0 1
70	86	1 0 0 0 1 0 0 0 0 0 0 1 0 0 1 0
70	28	1 0 0 0 1 0 1 0 0 0 0 1 0 0 1 0
70	22	1 0 0 0 0 0 0 0 0 0 0 1 0 0 1 0
70	104	1 1 1 0 0 0 1 1 1 1 0 0 0 0 0 0
70	4	0 1 0 0 0 0 1 0 0 0 1 0 0 0 0 0
70	33	1 1 0 0 1 0 0 0 0 0 0 1 0 0 1 0
70	40	1 0 0 0 1 0 0 1 0 0 0 1 0 0 1 0
70	16	1 0 0 0 1 1 0 0 0 0 0 1 0 0 1 0
70	62	1 0 0 0 0 0 0 0 0 0 0 0 0 0 0 0
70	23	1 0 0 0 1 0 0 0 0 0 1 1 0 0 1 0
70	67	1 1 1 0 1 0 1 1 1 1 0 0 0 0 0 1
70	10	1 0 0 0 1 0 0 0 0 0 0 0 0 0 1 0
70	33	1 1 0 0 0 0 1 0 0 0 0 0 0 1 0 0
70	5	1 0 0 1 1 0 0 0 0 0 0 1 0 0 1 0
70	13	1 0 1 0 1 0 0 0 0 0 0 1 0 0 1 0
70	4	1 0 0 0 1 0 1 1 1 1 0 0 0 0 0 0
70	59	1 1 1 0 0 0 1 1 1 1 0 1 0 0 0 0
70	36	1 1 1 1 0 0 1 1 1 1 0 0 0 0 0 0
70	26	1 0 0 1 0 0 0 0 0 0 0 1 0 0 1 0
70	2	0 1 0 0 0 0 1 0 1 0 1 0 0 0 0 0
70	10	0 1 1 0 1 1 0 0 1 1 1 0 0 0 0 0
70	31	1 1 0 0 1 0 0 0 0 1 0 0 0 0 0 0
70	11	1 0 0 0 1 0 0 0 0 0 0 1 0 0 0 0
70	16	1 1 1 0 0 0 1 1 1 1 0 0 0 0 0 1
70	5	1 1 1 0 0 0 0 0 0 0 0 1 0 0 1 0
70	8	1 1 0 1 0 0 0 0 0 0 0 1 0 0 1 0
70	9	1 1 1 0 0 0 1 1 0 1 0 0 0 0 0 0
70	11	1 0 0 0 0 0 0 0 0 0 0 1 0 0 0 0
70	1	1 1 0 0 1 0 0 1 0 0 0 1 0 0 1 0
70	9	1 0 0 0 1 0 0 0 1 1 0 0 0 0 0 0
70	9	1 1 1 0 0 0 0 1 1 1 0 0 0 0 1 0
70	2	1 0 0 0 1 0 0 0 0 0 0 1 0 1 1 0
70	9	1 0 0 0 0 0 1 1 1 1 0 0 0 0 0 0
70	3	1 0 0 1 1 0 0 0 0 0 1 1 0 0 1 0
70	22	1 0 0 0 1 0 0 0 1 1 0 0 0 0 0 1
70	7	1 1 1 1 0 0 1 1 0 0 0 1 0 0 1 0
70	2	0 1 1 1 0 0 1 1 1 1 0 0 0 0 0 0
70	22	1 1 1 1 0 0 1 1 1 1 1 0 0 0 0 1
70	2	1 1 1 1 1 0 0 1 1 1 0 0 0 0 0 0
70	2	1 1 1 0 1 0 0 1 1 1 0 0 0 0 0 0
70	9	1 1 1 1 0 0 1 0 1 1 0 0 0 0 0 0
70	2	1 1 0 0 1 0 0 0 0 0 0 1 1 0 1 0
70	2	1 1 1 0 0 0 1 1 1 1 0 0 0 0 1 0
70	10	1 0 0 0 0 0 0 0 0 0 0 0 0 0 1 0
70	1	1 1 0 0 1 0 0 0 0 0 0 0 0 0 0 0
70	3	1 1 0 1 0 0 0 0 0 0 0 1 0 0 1 1
70	2	1 0 0 0 0 0 0 0 0 0 0 0 0 0 0 1
70	3	1 0 0 0 0 0 1 1 1 1 0 0 1 0 0 0
70	8	1 1 0 0 1 0 0 0 0 0 0 0 0 0 1 0
70	5	1 1 0 1 0 0 1 0 0 0 0 1 0 0 1 0
70	2	1 1 1 1 0 0 1 1 1 1 0 0 1 0 0 0
70	2	0 1 1 0 0 0 1 0 1 0 1 0 0 0 0 0
70	1	1 0 1 0 0 0 0 1 1 1 0 0 0 0 0 0
70	3	1 1 0 0 1 0 0 0 0 1 0 1 0 0 1 0
70	1	1 1 1 1 0 0 1 1 0 0 0 1 0 0 1 1
70	5	1 0 0 1 0 0 0 0 0 0 1 1 0 0 1 0
70	3	1 1 0 0 1 0 0 0 0 0 1 0 0 0 0 0
70	1	1 0 1 0 1 0 1 1 1 1 0 0 0 0 0 1
70	1	1 1 1 1 0 0 1 1 1 0 0 1 0 0 1 0
70	4	1 1 0 0 1 0 1 1 1 1 0 0 0 0 0 1
70	1	1 0 0 0 1 0 0 0 0 1 0 1 0 0 1 0
70	2	1 0 0 0 0 1 0 0 0 0 0 0 0 0 0 0
70	3	1 1 1 0 1 0 1 1 1 1 0 1 0 0 0 1
70	2	1 1 1 0 0 0 1 1 1 1 0 1 0 0 0 1
70	2	1 1 0 0 1 0 0 1 0 0 0 1 0 1 1 0
70	2	1 0 0 0 0 0 1 0 0 0 1 0 0 0 0 0
70	1	1 1 0 0 0 0 1 0 0 0 0 0 0 0 0 0
70	1	1 0 0 1 0 0 0 0 0 0 0 1 0 0 0 0
70	3	0 1 1 0 0 0 1 1 1 1 0 1 0 0 0 0
70	2	1 0 0 0 1 0 1 0 0 0 0 1 0 0 0 0
70	1	1 1 1 1 0 0 1 0 1 1 0 0 1 0 0 0
70	4	1 0 0 0 1 0 0 1 1 1 0 0 0 0 0 0
70	2	1 1 1 0 1 0 1 1 1 1 0 0 0 1 0 0
70	1	1 1 0 0 0 0 0 0 0 0 0 0 0 0 0 0
70	9	1 0 0 0 1 0 0 0 0 1 0 1 0 0 0 0
70	1	1 1 0 0 1 0 0 0 0 0 0 1 0 0 0 0
70	2	1 1 0 1 0 0 0 0 0 0 0 1 0 1 1 0
70	5	1 0 0 1 0 0 1 1 1 1 0 0 0 0 0 0
70	2	1 1 1 0 1 0 1 1 1 1 0 0 0 0 0 0
70	5	1 1 1 0 0 0 0 1 1 1 0 0 0 0 0 0
70	2	1 1 1 0 0 0 1 1 1 1 0 1 0 0 1 0
70	1	1 1 0 0 1 0 0 0 0 1 0 0 0 0 0 1
70	2	1 0 1 0 1 0 1 1 1 1 0 0 0 0 0 0
70	1	1 0 0 0 1 0 1 0 1 0 0 1 0 0 1 0
70	1	1 0 0 0 0 0 0 0 0 0 0 1 0 0 1 1
70	1	1 0 0 0 1 1 0 0 0 0 1 1 0 0 1 0
70	3	1 1 1 0 1 0 1 1 1 1 0 0 0 1 0 1
70	1	1 1 1 0 0 0 1 1 1 1 1 1 0 0 0 0
70	1	1 1 1 1 0 0 1 1 1 1 0 1 0 0 0 0
70	2	1 1 1 1 0 0 1 1 1 1 1 0 1 0 0 1
70	2	1 0 0 0 0 0 0 0 0 0 0 0 0 0 1 1
80	20	1 0 0 0 1 0 0 0 0 0 0 1 0 0 1 0
80	21	1 0 0 0 1 0 1 0 0 0 0 1 0 0 1 0
80	13	1 0 0 0 0 0 0 0 0 0 0 1 0 0 1 0
80	117	1 1 1 0 0 0 1 1 1 1 0 0 0 0 0 0
80	13	1 1 0 0 1 0 0 0 0 0 0 1 0 0 1 0
80	27	1 0 0 0 1 0 0 1 0 0 0 1 0 0 1 0
80	4	1 0 0 0 1 1 0 0 0 0 0 1 0 0 1 0
80	51	1 0 0 0 0 0 0 0 0 0 0 0 0 0 0 0
80	12	1 0 0 0 1 0 0 0 0 0 1 1 0 0 1 0
80	65	1 1 1 0 1 0 1 1 1 1 0 0 0 0 0 1
80	1	1 0 0 0 1 0 0 0 0 0 0 0 0 0 1 0
80	47	1 1 0 0 0 0 1 0 0 0 0 0 0 1 0 0
80	26	1 0 1 0 1 0 0 0 0 0 0 1 0 0 1 0
80	42	1 1 1 0 0 0 1 1 1 1 0 1 0 0 0 0
80	46	1 1 1 1 0 0 1 1 1 1 0 0 0 0 0 0
80	10	1 0 0 1 0 0 0 0 0 0 0 1 0 0 1 0
80	9	0 1 1 0 1 1 0 0 1 1 1 0 0 0 0 0
80	41	1 1 0 0 1 0 0 0 0 1 0 0 0 0 0 0
80	26	1 0 0 0 1 0 0 0 0 0 0 1 0 0 0 0
80	10	1 1 1 0 0 0 1 1 1 1 0 0 0 0 0 1
80	2	1 1 0 1 0 0 0 0 0 0 0 1 0 0 1 0
80	25	1 1 1 0 0 0 1 1 0 1 0 0 0 0 0 0
80	12	1 0 0 0 0 0 0 0 0 0 0 1 0 0 0 0
80	3	1 1 0 0 1 0 0 1 0 0 0 1 0 0 1 0
80	8	1 0 0 0 1 0 0 0 1 1 0 0 0 0 0 0
80	21	1 1 1 0 0 0 0 1 1 1 0 0 0 0 1 0
80	14	1 0 0 0 1 0 0 0 1 1 0 0 0 0 0 1
80	12	1 1 1 1 0 0 1 1 0 0 0 1 0 0 1 0
80	24	1 1 1 1 0 0 1 1 1 1 1 0 0 0 0 1
80	5	1 1 1 1 0 0 1 0 1 1 0 0 0 0 0 0
80	4	1 1 0 0 1 0 0 0 0 0 0 1 1 0 1 0
80	2	1 1 1 0 0 0 1 1 1 1 0 0 0 0 1 0
80	7	1 0 0 0 0 0 0 0 0 0 0 0 0 0 1 0
80	7	1 0 0 0 0 0 0 0 0 0 0 0 0 0 0 1
80	1	1 0 0 0 0 0 1 1 1 1 0 0 1 0 0 0
80	1	1 1 0 0 1 0 0 0 0 0 0 0 0 0 1 0
80	4	1 1 0 1 0 0 1 0 0 0 0 1 0 0 1 0
80	5	0 1 1 0 0 0 1 0 1 0 1 0 0 0 0 0
80	3	1 1 0 0 1 0 0 0 0 1 0 1 0 0 1 0
80	11	1 1 1 0 0 0 1 1 1 1 0 1 0 0 0 1
80	11	1 0 0 0 1 0 1 0 0 0 0 1 0 0 0 0
80	2	1 0 0 0 1 0 0 1 1 1 0 0 0 0 0 0
80	2	1 1 1 0 0 0 1 1 1 1 0 1 0 0 1 0
80	4	1 0 0 0 0 0 0 0 0 0 0 1 0 0 1 1
80	8	1 1 1 1 0 0 1 1 1 1 1 0 1 0 0 1
80	4	0 0 0 0 1 0 0 0 0 0 1 1 0 0 1 0
80	2	1 1 1 0 1 0 1 1 1 1 0 0 1 0 0 1
80	6	1 1 1 0 1 0 1 1 0 1 0 0 0 0 0 0
80	11	1 1 1 1 0 0 1 0 1 1 0 1 0 0 0 0
80	1	1 0 1 1 0 0 1 0 1 1 0 0 0 0 0 0
80	2	1 1 0 0 0 0 0 0 0 0 0 0 0 0 1 0
80	9	1 0 0 0 1 0 0 1 0 0 0 1 0 1 1 0
80	2	1 1 1 0 0 0 1 1 0 1 0 1 0 0 0 0
80	1	1 0 0 0 1 0 1 1 1 1 0 0 0 0 1 0
80	7	0 0 0 1 0 0 0 0 0 0 0 1 0 0 1 0
80	2	1 0 0 1 0 0 0 0 0 0 0 0 0 0 1 0
80	5	0 1 1 0 0 0 1 1 1 1 0 0 0 0 0 0
80	6	1 0 0 0 1 0 1 1 1 1 0 0 0 0 0 1
80	5	1 0 0 0 0 1 1 1 1 1 0 0 0 0 0 0
80	2	1 1 1 0 0 0 0 0 0 0 0 1 0 0 1 1
80	5	1 1 0 0 1 0 1 0 0 0 0 1 0 0 0 0
80	9	1 0 0 1 0 0 0 1 1 1 0 0 0 0 1 0
80	1	1 0 0 1 0 0 0 0 0 0 0 0 0 0 0 1
80	7	1 0 1 0 1 0 1 1 1 1 0 0 0 0 0 1
80	8	0 1 1 0 0 0 1 0 1 1 1 0 0 0 0 0
80	3	1 0 0 0 0 0 0 1 1 1 0 0 0 0 0 1
80	1	1 1 1 0 0 0 1 0 0 0 0 0 0 1 0 0
80	2	1 1 0 0 1 0 1 1 1 1 0 0 0 0 0 1
80	3	1 1 1 0 0 0 1 1 0 0 0 0 0 0 0 0
80	14	1 1 1 1 0 0 1 1 1 0 1 0 0 0 0 1
80	3	1 1 0 0 0 0 1 0 0 0 0 0 0 0 1 0
80	1	1 0 1 1 0 0 1 1 1 1 0 1 0 0 0 0
80	4	1 1 0 0 1 0 1 1 1 1 0 0 0 0 0 0
80	5	1 0 0 0 1 0 1 0 0 0 0 0 0 0 1 0
80	3	0 1 1 0 0 0 1 1 1 1 0 1 0 0 1 0
80	1	0 0 0 1 0 0 0 0 0 1 0 1 0 0 1 0
80	2	1 1 1 0 0 0 1 1 1 1 0 0 0 1 0 0
80	2	1 1 1 0 0 0 1 0 0 0 0 1 0 0 1 0
80	3	1 1 1 0 0 0 1 1 0 0 0 1 0 0 0 0
80	1	0 1 1 0 0 0 1 0 1 0 1 0 0 0 0 1
80	1	1 0 0 0 1 0 1 0 0 0 0 1 1 0 1 0
80	2	1 1 1 0 0 0 1 0 1 1 0 0 0 0 0 0
80	1	1 1 0 0 0 0 1 0 0 1 0 0 0 1 0 0
80	2	1 1 1 0 0 0 1 1 1 1 0 1 1 0 0 0
80	3	1 1 0 1 0 0 1 0 0 0 0 1 0 0 1 1
80	2	1 1 1 0 0 0 0 1 1 1 0 0 0 0 0 1
80	4	1 0 0 0 1 0 0 1 1 0 0 1 0 1 1 0
80	2	1 0 1 0 1 0 0 0 0 0 0 0 0 0 0 0
80	4	1 1 1 0 0 0 1 0 0 0 0 0 0 0 0 0
80	1	1 1 1 1 0 0 1 0 0 0 0 1 0 0 1 0
80	1	1 1 1 0 1 0 1 1 1 1 0 0 0 1 0 1
80	1	1 1 1 0 1 0 0 0 0 1 0 0 0 0 0 0
80	2	1 0 0 0 1 0 0 0 0 0 1 1 0 0 0 0
80	9	1 1 0 1 0 0 1 1 0 0 0 1 0 0 1 0
80	3	1 0 1 1 0 0 1 1 1 1 0 0 0 0 0 0
80	4	1 1 1 0 0 0 1 1 1 0 0 0 0 0 0 0
80	1	1 1 1 1 0 0 1 0 0 0 1 1 0 0 1 0
80	3	1 1 0 0 1 0 0 0 0 1 0 1 0 0 0 0
80	2	0 1 1 0 0 0 0 0 0 0 0 1 0 0 1 1
80	1	0 1 1 0 0 0 1 0 0 0 0 1 0 0 0 0
80	2	1 0 0 0 0 0 1 0 0 0 0 0 0 1 0 0
80	4	1 1 1 0 0 0 1 1 1 0 0 1 0 0 1 0
80	2	1 1 1 1 0 0 1 1 0 0 1 0 0 0 0 1
80	1	1 1 0 0 0 0 1 0 0 1 1 0 0 1 0 0
90	12	1 0 0 0 1 0 0 0 0 0 0 1 0 0 1 0
90	4	1 0 0 0 1 0 1 0 0 0 0 1 0 0 1 0
90	9	1 0 0 0 0 0 0 0 0 0 0 1 0 0 1 0
90	158	1 1 1 0 0 0 1 1 1 1 0 0 0 0 0 0
90	4	1 1 0 0 1 0 0 0 0 0 0 1 0 0 1 0
90	5	1 0 0 0 1 0 0 1 0 0 0 1 0 0 1 0
90	21	1 0 0 0 0 0 0 0 0 0 0 0 0 0 0 0
90	6	1 0 0 0 1 0 0 0 0 0 1 1 0 0 1 0
90	61	1 1 1 0 1 0 1 1 1 1 0 0 0 0 0 1
90	52	1 1 0 0 0 0 1 0 0 0 0 0 0 1 0 0
90	28	1 0 1 0 1 0 0 0 0 0 0 1 0 0 1 0
90	59	1 1 1 0 0 0 1 1 1 1 0 1 0 0 0 0
90	30	1 1 1 1 0 0 1 1 1 1 0 0 0 0 0 0
90	1	0 1 1 0 1 1 0 0 1 1 1 0 0 0 0 0
90	24	1 1 0 0 1 0 0 0 0 1 0 0 0 0 0 0
90	32	1 0 0 0 1 0 0 0 0 0 0 1 0 0 0 0
90	28	1 1 1 0 0 0 1 1 0 1 0 0 0 0 0 0
90	25	1 0 0 0 0 0 0 0 0 0 0 1 0 0 0 0
90	2	1 0 0 0 1 0 0 0 1 1 0 0 0 0 0 0
90	12	1 1 1 0 0 0 0 1 1 1 0 0 0 0 1 0
90	11	1 0 0 0 1 0 0 0 1 1 0 0 0 0 0 1
90	3	1 1 1 1 0 0 1 1 0 0 0 1 0 0 1 0
90	20	1 1 1 1 0 0 1 1 1 1 1 0 0 0 0 1
90	8	1 1 1 1 0 0 1 0 1 1 0 0 0 0 0 0
90	1	1 0 0 0 0 0 0 0 0 0 0 0 0 0 1 0
90	6	1 0 0 0 0 0 0 0 0 0 0 0 0 0 0 1
90	5	1 1 0 1 0 0 1 0 0 0 0 1 0 0 1 0
90	14	1 1 1 0 0 0 1 1 1 1 0 1 0 0 0 1
90	1	1 0 0 0 1 0 0 1 1 1 0 0 0 0 0 0
90	9	1 1 1 0 0 0 1 1 1 1 0 1 0 0 1 0
90	5	0 0 0 0 1 0 0 0 0 0 1 1 0 0 1 0
90	1	1 1 1 0 1 0 1 1 0 1 0 0 0 0 0 0
90	6	1 1 1 1 0 0 1 0 1 1 0 1 0 0 0 0
90	1	1 1 0 0 0 0 0 0 0 0 0 0 0 0 1 0
90	5	1 0 0 0 1 0 0 1 0 0 0 1 0 1 1 0
90	4	1 1 1 0 0 0 1 1 0 1 0 1 0 0 0 0
90	3	0 1 1 0 0 0 1 1 1 1 0 0 0 0 0 0
90	12	1 0 0 0 1 0 1 1 1 1 0 0 0 0 0 1
90	2	1 0 0 1 0 0 0 1 1 1 0 0 0 0 1 0
90	3	1 0 1 0 1 0 1 1 1 1 0 0 0 0 0 1
90	6	0 1 1 0 0 0 1 0 1 1 1 0 0 0 0 0
90	34	1 1 1 1 0 0 1 1 1 0 1 0 0 0 0 1
90	13	1 1 0 0 0 0 1 0 0 0 0 0 0 0 1 0
90	4	1 0 1 1 0 0 1 1 1 1 0 1 0 0 0 0
90	3	1 1 1 0 0 0 1 1 0 0 0 1 0 0 0 0
90	6	0 1 1 0 0 0 1 0 1 0 1 0 0 0 0 1
90	13	1 1 0 1 0 0 1 0 0 0 0 1 0 0 1 1
90	4	1 1 1 0 0 0 0 1 1 1 0 0 0 0 0 1
90	4	1 0 0 0 1 0 0 0 0 0 1 1 0 0 0 0
90	5	1 1 0 1 0 0 1 1 0 0 0 1 0 0 1 0
90	2	1 0 1 1 0 0 1 1 1 1 0 0 0 0 0 0
90	6	1 1 1 0 0 0 1 1 1 0 0 0 0 0 0 0
90	1	0 1 1 0 0 0 0 0 0 0 0 1 0 0 1 1
90	5	1 1 0 0 0 0 1 0 0 1 1 0 0 1 0 0
90	18	1 1 1 1 0 0 1 0 0 0 0 0 0 0 1 0
90	15	1 1 1 0 0 0 0 1 1 1 0 1 0 0 1 0
90	4	1 0 0 0 0 0 0 0 0 0 1 0 0 0 0 0
90	4	0 0 0 1 0 0 0 0 0 0 0 1 1 0 1 0
90	17	1 1 1 1 0 0 1 1 1 1 0 0 0 0 1 0
90	6	1 1 1 0 0 0 1 1 1 1 1 0 0 0 1 0
90	1	0 1 1 0 0 0 1 0 1 0 1 0 0 0 1 0
90	8	0 1 1 0 0 0 1 1 1 1 0 0 0 0 0 1
90	6	1 1 1 0 1 0 1 1 1 1 0 0 0 0 0 0
90	2	1 1 0 0 0 0 1 1 0 0 0 0 0 1 0 0
90	2	1 1 0 0 0 0 1 0 0 0 0 0 0 1 1 0
90	2	1 0 0 0 0 0 0 1 0 0 0 0 0 0 0 1
90	5	1 1 1 0 0 0 0 1 1 1 0 0 0 0 0 0
90	10	1 1 1 0 0 0 0 1 1 0 0 0 0 0 0 0
90	4	1 1 0 1 0 0 1 1 1 1 0 0 0 0 0 0
90	4	1 1 1 1 0 0 1 1 0 1 0 1 0 0 1 0
90	8	1 0 0 0 1 0 0 0 0 0 0 1 0 0 1 1
90	7	0 1 0 0 0 0 1 1 1 1 0 0 0 0 0 0
90	2	1 1 0 0 1 0 0 1 0 0 0 1 0 0 0 0
90	5	1 0 0 0 1 0 1 0 0 0 1 0 0 0 0 1
90	2	1 1 1 0 1 0 1 1 0 0 0 1 0 0 1 0
90	2	1 0 0 1 0 0 0 1 0 0 0 1 0 0 1 0
90	3	1 1 0 0 1 0 1 1 1 1 0 0 0 0 0 0
90	4	1 1 1 1 0 0 1 0 0 0 0 0 0 0 0 0
90	1	1 1 1 0 0 0 1 1 1 1 0 0 0 1 0 0
90	4	0 1 1 0 0 1 1 0 1 1 1 0 0 0 0 0
90	1	1 1 1 1 0 0 1 0 1 0 1 0 0 0 0 1
90	2	1 0 0 0 1 0 0 0 0 0 1 0 0 0 0 0
90	6	1 1 0 0 0 0 1 0 0 0 0 0 0 0 0 0
90	2	1 0 0 1 1 0 0 0 0 0 1 1 0 0 0 0
90	1	1 1 0 0 0 0 1 1 1 1 0 0 0 0 0 0
90	2	1 0 0 0 1 0 1 0 0 0 1 1 0 0 1 0
90	1	1 0 1 0 1 0 0 0 1 1 0 0 0 0 0 0
90	4	1 1 0 0 1 0 0 0 1 1 0 0 0 0 0 1
90	2	1 1 0 1 0 0 0 1 0 0 0 1 0 0 1 0
90	1	1 1 1 0 1 0 1 1 1 1 0 0 0 0 1 0
90	2	1 1 1 0 1 0 1 1 1 1 0 1 0 0 0 0
90	1	0 1 0 0 0 0 1 1 1 1 0 1 0 0 0 0
90	2	1 1 1 1 1 0 1 1 1 1 0 0 0 0 0 1
90	1	1 0 0 0 1 0 0 1 0 0 0 1 0 0 0 0
90	2	1 0 0 1 0 0 0 0 0 0 0 1 0 0 0 0
90	1	0 1 1 1 0 0 1 1 1 1 1 0 0 0 0 1
90	1	0 1 1 0 0 0 1 0 1 1 1 1 0 0 0 0
90	2	0 1 1 1 0 0 1 1 1 1 0 0 0 0 1 0
90	3	1 1 1 1 0 0 1 0 0 0 0 1 0 0 1 1
90	2	1 1 1 1 0 0 1 0 0 0 1 0 0 0 0 0
90	1	1 1 1 0 1 0 0 0 0 0 0 1 0 0 0 0
90	1	1 1 1 0 0 0 1 0 0 0 0 0 0 1 0 0
90	2	1 1 1 0 0 0 1 0 0 0 0 0 0 0 0 0
90	2	0 1 1 1 0 0 1 1 1 1 0 0 0 0 0 0
90	1	1 1 1 0 0 0 1 1 1 1 1 0 0 0 0 1
90	2	1 1 1 0 0 0 1 0 1 1 0 0 0 0 0 0
90	1	1 0 0 0 0 0 0 0 0 0 0 0 1 0 0 0
90	1	1 1 0 0 0 0 0 0 0 0 0 0 0 1 0 0
90	1	1 1 1 0 0 0 0 1 1 1 0 0 1 0 1 0
90	2	1 0 0 0 1 0 1 0 1 1 0 0 0 0 0 1
90	2	1 1 1 1 0 0 1 0 1 1 0 0 0 0 1 0
100	15	1 0 0 0 1 0 0 0 0 0 0 1 0 0 1 0
100	2	1 0 0 0 0 0 0 0 0 0 0 1 0 0 1 0
100	178	1 1 1 0 0 0 1 1 1 1 0 0 0 0 0 0
100	4	1 0 0 0 1 0 0 1 0 0 0 1 0 0 1 0
100	12	1 0 0 0 0 0 0 0 0 0 0 0 0 0 0 0
100	5	1 0 0 0 1 0 0 0 0 0 1 1 0 0 1 0
100	13	1 1 1 0 1 0 1 1 1 1 0 0 0 0 0 1
100	14	1 1 0 0 0 0 1 0 0 0 0 0 0 1 0 0
100	20	1 0 1 0 1 0 0 0 0 0 0 1 0 0 1 0
100	38	1 1 1 0 0 0 1 1 1 1 0 1 0 0 0 0
100	45	1 1 1 1 0 0 1 1 1 1 0 0 0 0 0 0
100	40	1 1 0 0 1 0 0 0 0 1 0 0 0 0 0 0
100	27	1 0 0 0 1 0 0 0 0 0 0 1 0 0 0 0
100	24	1 1 1 0 0 0 1 1 0 1 0 0 0 0 0 0
100	23	1 0 0 0 0 0 0 0 0 0 0 1 0 0 0 0
100	6	1 1 1 0 0 0 0 1 1 1 0 0 0 0 1 0
100	10	1 0 0 0 1 0 0 0 1 1 0 0 0 0 0 1
100	2	1 1 1 1 0 0 1 1 0 0 0 1 0 0 1 0
100	25	1 1 1 1 0 0 1 1 1 1 1 0 0 0 0 1
100	6	1 1 1 1 0 0 1 0 1 1 0 0 0 0 0 0
100	1	1 1 0 1 0 0 1 0 0 0 0 1 0 0 1 0
100	4	1 1 1 0 0 0 1 1 1 1 0 1 0 0 0 1
100	5	1 0 0 0 1 0 0 1 1 1 0 0 0 0 0 0
100	11	1 1 1 0 0 0 1 1 1 1 0 1 0 0 1 0
100	2	0 0 0 0 1 0 0 0 0 0 1 1 0 0 1 0
100	20	1 1 1 1 0 0 1 0 1 1 0 1 0 0 0 0
100	5	0 1 1 0 0 0 1 1 1 1 0 0 0 0 0 0
100	15	1 0 0 0 1 0 1 1 1 1 0 0 0 0 0 1
100	1	1 0 0 1 0 0 0 1 1 1 0 0 0 0 1 0
100	23	1 1 1 1 0 0 1 1 1 0 1 0 0 0 0 1
100	5	1 1 0 0 0 0 1 0 0 0 0 0 0 0 1 0
100	3	1 1 0 1 0 0 1 0 0 0 0 1 0 0 1 1
100	11	1 0 0 0 1 0 0 0 0 0 1 1 0 0 0 0
100	3	1 1 0 1 0 0 1 1 0 0 0 1 0 0 1 0
100	2	1 1 1 0 0 0 1 1 1 0 0 0 0 0 0 0
100	3	1 1 1 1 0 0 1 0 0 0 0 0 0 0 1 0
100	25	1 1 1 0 0 0 0 1 1 1 0 1 0 0 1 0
100	27	1 1 1 1 0 0 1 1 1 1 0 0 0 0 1 0
100	1	0 1 1 0 0 0 1 1 1 1 0 0 0 0 0 1
100	16	1 1 1 0 1 0 1 1 1 1 0 0 0 0 0 0
100	3	1 1 0 0 0 0 1 1 0 0 0 0 0 1 0 0
100	4	1 1 1 0 0 0 0 1 1 1 0 0 0 0 0 0
100	5	1 1 0 1 0 0 1 1 1 1 0 0 0 0 0 0
100	8	1 1 1 1 0 0 1 1 0 1 0 1 0 0 1 0
100	5	1 0 0 0 1 0 0 0 0 0 0 1 0 0 1 1
100	4	1 1 0 0 1 0 0 1 0 0 0 1 0 0 0 0
100	10	1 1 1 1 0 0 1 0 0 0 0 0 0 0 0 0
100	6	0 1 1 0 0 1 1 0 1 1 1 0 0 0 0 0
100	1	1 0 0 0 1 0 0 0 0 0 1 0 0 0 0 0
100	3	1 1 0 0 0 0 1 1 1 1 0 0 0 0 0 0
100	2	1 1 0 0 1 0 0 0 1 1 0 0 0 0 0 1
100	23	1 1 1 0 1 0 1 1 1 1 0 1 0 0 0 0
100	20	0 1 1 1 0 0 1 1 1 1 0 0 0 0 1 0
100	2	1 1 1 0 0 0 1 0 0 0 0 0 0 1 0 0
100	13	0 1 1 1 0 0 1 1 1 1 0 0 0 0 0 0
100	2	1 1 1 0 0 0 1 0 1 1 0 0 0 0 0 0
100	17	1 0 0 0 0 0 0 0 0 0 0 0 1 0 0 0
100	15	1 1 0 0 1 0 1 1 1 1 0 0 0 0 0 1
100	4	1 0 1 0 1 0 0 0 0 1 0 0 0 0 0 0
100	1	1 1 0 0 1 0 0 0 0 0 0 1 0 0 0 0
100	1	1 1 1 1 0 0 1 0 0 0 0 0 0 0 0 1
100	5	1 1 1 1 1 0 1 0 0 0 0 0 0 0 1 0
100	10	1 0 0 0 1 0 0 0 0 0 0 1 0 1 1 0
100	6	1 1 1 0 0 0 1 0 1 1 0 1 0 0 0 0
100	2	1 0 0 1 0 0 0 0 0 0 0 1 1 0 1 0
100	6	1 1 1 0 0 0 1 1 1 1 0 0 0 1 0 0
100	1	1 1 1 0 0 0 1 1 0 1 0 0 0 0 0 1
100	2	1 1 0 0 0 0 1 1 1 1 0 1 0 0 0 0
100	3	1 1 0 0 1 0 0 0 1 1 0 0 0 0 1 1
100	6	1 1 1 0 1 0 1 1 1 1 0 0 1 0 0 1
100	6	1 0 1 1 0 0 1 1 1 1 0 0 0 0 1 0
100	4	1 1 1 0 1 0 1 0 0 0 0 1 0 0 1 0
100	5	0 1 0 0 0 0 1 0 0 0 0 0 0 0 1 0
100	3	1 1 1 0 0 0 1 1 0 1 1 0 0 0 0 0
100	7	1 0 1 0 1 0 0 0 0 0 1 1 0 0 1 0
100	5	1 1 1 0 0 1 1 1 1 1 0 1 0 0 0 1
100	3	1 1 0 0 1 0 1 1 1 1 0 0 1 0 0 1
100	5	1 0 0 0 1 0 0 0 1 1 0 0 0 0 0 0
100	1	1 0 0 0 1 0 1 0 0 0 0 0 0 0 1 0
100	3	0 1 1 1 0 0 1 1 1 1 0 0 0 0 0 1
100	3	1 1 1 0 0 0 1 1 1 1 0 0 1 0 0 0
100	3	1 1 1 0 0 1 1 1 1 1 0 0 0 0 0 0
100	1	1 1 1 0 0 0 1 1 1 1 0 0 0 0 0 1
100	2	1 1 0 0 0 0 0 0 0 0 0 0 0 1 0 0
100	2	1 1 1 0 0 1 1 1 1 1 0 1 0 0 0 0
100	6	1 0 0 0 1 0 0 0 0 1 0 0 0 0 0 0
100	7	0 1 1 1 0 0 1 1 1 0 1 0 0 0 0 1
100	2	1 1 1 0 0 0 1 1 1 1 1 0 0 0 0 0
100	2	1 1 0 0 1 0 0 0 0 1 0 0 0 0 1 0
100	7	1 1 1 0 0 0 0 0 0 0 0 1 0 0 0 0
100	1	1 0 0 0 1 0 0 0 0 0 0 1 1 0 0 0
100	1	1 1 1 1 0 0 1 0 1 0 1 0 0 0 0 1
100	2	1 1 1 0 1 0 1 0 1 1 0 0 0 0 0 0
100	4	1 0 0 0 0 0 1 1 1 1 0 0 0 0 0 0
100	4	0 0 1 1 0 0 1 1 1 1 0 0 0 0 1 0
100	1	1 0 0 0 1 0 1 1 1 1 0 0 0 0 1 0
100	1	1 1 1 0 0 0 1 1 1 0 1 0 0 0 0 1
100	5	1 0 1 0 0 0 1 0 1 1 0 1 0 0 0 0
100	3	1 1 1 0 1 0 0 0 0 1 0 0 0 0 0 0
100	2	1 1 0 0 1 0 0 0 1 1 0 0 0 0 0 0
100	1	1 0 1 1 0 0 1 1 1 1 0 0 0 0 0 1
100	1	1 1 1 1 0 0 1 1 1 1 0 0 0 0 0 1
100	3	1 1 1 1 0 0 1 1 1 1 0 0 0 1 0 0
100	1	1 1 1 0 0 0 1 1 0 1 0 0 0 0 1 0
100	1	0 0 0 0 1 0 0 0 0 1 0 0 0 0 0 0
100	1	1 1 0 1 0 0 1 0 0 1 0 0 0 0 0 0
100	2	1 1 1 1 0 0 1 0 0 0 0 0 1 0 1 0
100	1	0 1 1 0 0 1 1 0 1 1 0 0 0 0 0 0
100	2	1 1 1 0 1 0 1 1 1 1 1 1 0 0 0 0
100	1	0 1 1 1 0 0 1 1 1 1 1 0 0 0 0 0
100	1	1 0 1 0 0 0 1 1 1 1 0 0 0 1 0 0
100	2	0 1 1 1 0 0 1 1 1 0 1 0 0 0 1 1
110	2	1 0 0 0 1 0 0 0 0 0 0 1 0 0 1 0
110	183	1 1 1 0 0 0 1 1 1 1 0 0 0 0 0 0
110	3	1 0 0 0 1 0 0 1 0 0 0 1 0 0 1 0
110	12	1 0 0 0 0 0 0 0 0 0 0 0 0 0 0 0
110	2	1 0 0 0 1 0 0 0 0 0 1 1 0 0 1 0
110	13	1 1 1 0 1 0 1 1 1 1 0 0 0 0 0 1
110	20	1 0 1 0 1 0 0 0 0 0 0 1 0 0 1 0
110	38	1 1 1 0 0 0 1 1 1 1 0 1 0 0 0 0
110	60	1 1 1 1 0 0 1 1 1 1 0 0 0 0 0 0
110	68	1 1 0 0 1 0 0 0 0 1 0 0 0 0 0 0
110	6	1 0 0 0 1 0 0 0 0 0 0 1 0 0 0 0
110	25	1 1 1 0 0 0 1 1 0 1 0 0 0 0 0 0
110	12	1 0 0 0 0 0 0 0 0 0 0 1 0 0 0 0
110	4	1 1 1 0 0 0 0 1 1 1 0 0 0 0 1 0
110	18	1 1 1 1 0 0 1 1 1 1 1 0 0 0 0 1
110	7	1 1 1 1 0 0 1 0 1 1 0 0 0 0 0 0
110	6	1 1 1 0 0 0 1 1 1 1 0 1 0 0 0 1
110	14	1 1 1 0 0 0 1 1 1 1 0 1 0 0 1 0
110	17	1 1 1 1 0 0 1 0 1 1 0 1 0 0 0 0
110	27	1 0 0 0 1 0 1 1 1 1 0 0 0 0 0 1
110	20	1 1 1 1 0 0 1 1 1 0 1 0 0 0 0 1
110	6	1 1 0 1 0 0 1 0 0 0 0 1 0 0 1 1
110	8	1 0 0 0 1 0 0 0 0 0 1 1 0 0 0 0
110	3	1 1 0 1 0 0 1 1 0 0 0 1 0 0 1 0
110	9	1 1 1 0 0 0 1 1 1 0 0 0 0 0 0 0
110	17	1 1 1 0 0 0 0 1 1 1 0 1 0 0 1 0
110	15	1 1 1 1 0 0 1 1 1 1 0 0 0 0 1 0
110	18	1 1 1 0 1 0 1 1 1 1 0 0 0 0 0 0
110	9	1 1 1 0 0 0 0 1 1 1 0 0 0 0 0 0
110	2	1 0 0 0 1 0 0 0 0 0 0 1 0 0 1 1
110	1	1 1 0 0 1 0 0 1 0 0 0 1 0 0 0 0
110	9	1 1 1 1 0 0 1 0 0 0 0 0 0 0 0 0
110	2	1 1 0 0 1 0 0 0 1 1 0 0 0 0 0 1
110	20	1 1 1 0 1 0 1 1 1 1 0 1 0 0 0 0
110	2	0 1 1 1 0 0 1 1 1 1 0 0 0 0 1 0
110	7	0 1 1 1 0 0 1 1 1 1 0 0 0 0 0 0
110	8	1 0 0 0 0 0 0 0 0 0 0 0 1 0 0 0
110	8	1 1 0 0 1 0 1 1 1 1 0 0 0 0 0 1
110	11	1 1 0 0 1 0 0 0 0 0 0 1 0 0 0 0
110	4	1 1 1 1 0 0 1 0 0 0 0 0 0 0 0 1
110	1	1 0 0 0 1 0 0 0 0 0 0 1 0 1 1 0
110	6	1 1 1 0 0 0 1 0 1 1 0 1 0 0 0 0
110	9	1 1 1 0 0 0 1 1 1 1 0 0 0 1 0 0
110	4	1 1 0 0 1 0 0 0 1 1 0 0 0 0 1 1
110	2	1 1 1 0 1 0 1 1 1 1 0 0 1 0 0 1
110	2	1 1 1 0 1 0 1 0 0 0 0 1 0 0 1 0
110	8	1 1 1 0 0 0 1 1 0 1 1 0 0 0 0 0
110	4	1 0 1 0 1 0 0 0 0 0 1 1 0 0 1 0
110	8	1 1 1 0 0 1 1 1 1 1 0 1 0 0 0 1
110	2	1 0 0 0 1 0 0 0 1 1 0 0 0 0 0 0
110	3	1 1 1 0 0 0 1 1 1 1 0 0 1 0 0 0
110	1	1 1 1 0 0 1 1 1 1 1 0 0 0 0 0 0
110	5	1 0 0 0 1 0 0 0 0 1 0 0 0 0 0 0
110	1	0 1 1 1 0 0 1 1 1 0 1 0 0 0 0 1
110	28	1 1 1 1 0 0 1 0 1 0 1 0 0 0 0 1
110	1	1 0 0 0 0 0 1 1 1 1 0 0 0 0 0 0
110	6	0 0 1 1 0 0 1 1 1 1 0 0 0 0 1 0
110	10	1 1 1 0 1 0 0 0 0 1 0 0 0 0 0 0
110	1	1 1 1 1 0 0 1 1 1 1 0 0 0 1 0 0
110	6	1 1 1 0 0 0 1 1 0 1 0 0 0 0 1 0
110	4	1 1 0 1 0 0 1 0 0 1 0 0 0 0 0 0
110	5	1 1 1 1 0 0 1 0 0 0 0 0 1 0 1 0
110	7	0 1 1 1 0 0 1 1 1 1 1 0 0 0 0 0
110	4	1 1 0 0 1 0 1 0 0 1 0 0 0 0 0 0
110	9	1 1 1 0 1 0 1 1 1 1 0 1 0 0 1 0
110	1	1 1 1 1 1 0 0 0 0 0 0 1 0 0 0 0
110	1	1 1 1 0 1 0 1 1 0 0 0 1 0 1 1 0
110	7	1 1 0 0 0 0 0 0 0 0 0 0 1 0 0 0
110	1	1 0 0 0 0 1 0 0 0 0 0 1 0 0 0 0
110	1	1 0 1 1 0 0 1 1 1 1 1 0 0 0 0 1
110	4	1 1 1 0 1 0 1 0 1 1 0 1 0 0 0 0
110	2	1 1 1 0 0 0 0 0 0 1 0 0 0 0 0 0
110	2	1 1 1 1 0 0 1 1 1 1 0 1 0 0 1 0
110	2	1 1 1 0 0 0 0 1 0 1 0 1 0 0 1 0
110	7	1 1 0 0 1 0 0 0 1 1 1 0 0 0 0 1
110	2	1 1 1 0 1 0 1 0 1 1 0 1 0 0 0 1
110	7	1 1 0 0 1 1 0 0 0 1 0 0 0 0 0 0
110	4	1 0 0 0 1 0 0 1 1 1 0 0 0 0 0 1
110	2	1 1 1 1 0 0 1 0 1 1 0 1 0 0 0 1
110	1	1 1 1 0 1 0 0 0 1 1 1 0 0 0 0 1
110	2	1 1 1 0 0 0 1 1 1 1 0 0 0 0 0 1
110	5	1 1 1 0 0 0 1 0 1 1 0 1 0 1 1 0
110	1	1 1 1 1 0 0 1 1 1 1 1 0 0 0 0 0
110	4	1 0 0 0 1 0 0 0 0 0 1 1 0 1 0 0
110	1	1 1 1 1 0 0 0 1 1 1 0 1 0 0 1 0
110	4	1 1 1 0 0 0 1 1 1 1 0 1 0 0 1 1
110	6	1 1 0 1 0 0 1 1 1 0 1 0 0 0 0 1
110	2	1 1 1 0 1 0 0 0 0 0 0 1 0 0 1 0
110	2	1 0 0 0 1 0 0 0 0 1 0 0 0 0 0 1
110	5	1 1 1 1 0 0 1 0 1 1 0 0 0 0 0 1
110	3	1 0 0 0 1 0 0 0 0 1 1 0 0 0 0 0
110	1	0 1 0 0 1 0 0 0 0 1 0 0 0 0 0 0
110	4	1 0 1 0 1 0 1 0 0 0 0 1 0 0 1 0
110	4	1 1 1 1 0 0 1 1 1 1 0 0 0 0 0 1
110	4	1 1 1 0 0 1 1 1 0 1 1 0 0 0 0 0
110	9	1 1 1 1 0 0 1 0 1 1 1 0 0 0 0 1
110	1	1 1 1 0 1 0 0 0 0 1 0 0 0 0 1 0
110	1	1 1 0 0 1 0 0 0 0 1 0 0 0 0 0 1
110	1	1 1 1 1 0 0 1 0 1 0 1 0 0 0 0 0
110	1	1 1 1 0 0 0 1 1 1 1 1 1 0 0 0 0
110	1	1 1 0 0 0 0 0 0 0 0 0 1 0 0 0 0
110	1	1 1 1 0 0 0 1 0 1 1 0 1 0 0 0 1
110	1	1 1 0 1 0 0 1 1 0 0 0 1 0 0 1 1
110	6	1 0 1 0 1 0 1 1 1 1 0 0 0 0 0 0
110	2	1 1 1 0 0 0 1 0 0 1 0 1 0 0 0 0
110	3	1 0 0 0 1 0 1 0 0 1 0 0 0 0 0 0
110	3	1 0 0 0 0 0 0 0 0 1 0 0 0 0 0 0
110	8	1 1 0 0 1 1 0 0 0 1 0 0 0 0 1 0
110	1	1 1 1 0 0 0 0 0 0 0 0 1 0 0 1 0
110	3	1 1 1 1 0 0 1 0 0 0 0 1 0 0 1 0
110	3	1 1 0 1 0 0 1 1 1 1 1 0 0 0 0 0
110	1	1 0 1 0 1 0 1 1 1 1 0 0 0 0 0 1
110	2	1 1 1 0 0 0 1 1 1 0 0 0 0 0 1 0
110	2	1 1 0 0 1 0 0 0 0 0 0 0 0 0 0 0
110	1	1 1 1 1 0 0 1 1 1 0 1 0 1 0 0 1
110	1	1 0 1 1 0 0 1 1 1 1 0 0 0 0 1 0
110	1	1 0 1 0 1 0 0 0 0 0 1 0 0 0 0 0
110	1	1 1 1 0 0 0 1 0 1 1 0 0 0 1 0 0
110	1	1 1 1 1 0 1 1 1 1 1 0 0 0 0 0 1
120	168	1 1 1 0 0 0 1 1 1 1 0 0 0 0 0 0
120	12	1 1 1 0 1 0 1 1 1 1 0 0 0 0 0 1
120	2	1 0 1 0 1 0 0 0 0 0 0 1 0 0 1 0
120	21	1 1 1 0 0 0 1 1 1 1 0 1 0 0 0 0
120	66	1 1 1 1 0 0 1 1 1 1 0 0 0 0 0 0
120	46	1 1 0 0 1 0 0 0 0 1 0 0 0 0 0 0
120	5	1 0 0 0 1 0 0 0 0 0 0 1 0 0 0 0
120	23	1 1 1 0 0 0 1 1 0 1 0 0 0 0 0 0
120	9	1 0 0 0 0 0 0 0 0 0 0 1 0 0 0 0
120	4	1 1 1 1 0 0 1 1 1 1 1 0 0 0 0 1
120	4	1 1 1 1 0 0 1 0 1 1 0 0 0 0 0 0
120	3	1 1 1 0 0 0 1 1 1 1 0 1 0 0 0 1
120	6	1 1 1 0 0 0 1 1 1 1 0 1 0 0 1 0
120	23	1 1 1 1 0 0 1 0 1 1 0 1 0 0 0 0
120	29	1 0 0 0 1 0 1 1 1 1 0 0 0 0 0 1
120	34	1 1 1 1 0 0 1 1 1 0 1 0 0 0 0 1
120	6	1 1 0 1 0 0 1 0 0 0 0 1 0 0 1 1
120	42	1 0 0 0 1 0 0 0 0 0 1 1 0 0 0 0
120	9	1 1 1 0 0 0 1 1 1 0 0 0 0 0 0 0
120	23	1 1 1 0 0 0 0 1 1 1 0 1 0 0 1 0
120	11	1 1 1 1 0 0 1 1 1 1 0 0 0 0 1 0
120	9	1 1 1 0 1 0 1 1 1 1 0 0 0 0 0 0
120	11	1 1 1 0 0 0 0 1 1 1 0 0 0 0 0 0
120	4	1 0 0 0 1 0 0 0 0 0 0 1 0 0 1 1
120	14	1 1 1 1 0 0 1 0 0 0 0 0 0 0 0 0
120	17	1 1 1 0 1 0 1 1 1 1 0 1 0 0 0 0
120	26	0 1 1 1 0 0 1 1 1 1 0 0 0 0 0 0
120	8	1 0 0 0 0 0 0 0 0 0 0 0 1 0 0 0
120	4	1 1 0 0 1 0 1 1 1 1 0 0 0 0 0 1
120	11	1 1 1 1 0 0 1 0 0 0 0 0 0 0 0 1
120	16	1 1 1 0 0 0 1 1 1 1 0 0 0 1 0 0
120	3	1 0 1 0 1 0 0 0 0 0 1 1 0 0 1 0
120	5	1 1 1 0 0 1 1 1 1 1 0 1 0 0 0 1
120	7	1 1 1 0 0 0 1 1 1 1 0 0 1 0 0 0
120	36	1 1 1 1 0 0 1 0 1 0 1 0 0 0 0 1
120	3	1 1 1 0 1 0 0 0 0 1 0 0 0 0 0 0
120	12	1 1 0 1 0 0 1 0 0 1 0 0 0 0 0 0
120	5	1 1 1 1 0 0 1 0 0 0 0 0 1 0 1 0
120	12	0 1 1 1 0 0 1 1 1 1 1 0 0 0 0 0
120	3	1 1 0 0 1 0 1 0 0 1 0 0 0 0 0 0
120	2	1 1 0 0 0 0 0 0 0 0 0 0 1 0 0 0
120	8	1 1 1 1 0 0 1 1 1 1 0 1 0 0 1 0
120	14	1 1 0 0 1 1 0 0 0 1 0 0 0 0 0 0
120	1	1 1 1 0 0 0 1 0 1 1 0 1 0 1 1 0
120	7	1 0 0 0 1 0 0 0 0 0 1 1 0 1 0 0
120	6	1 1 1 1 0 0 1 0 1 1 0 0 0 0 0 1
120	2	1 1 1 1 0 0 1 1 1 1 0 0 0 0 0 1
120	8	1 1 1 0 0 1 1 1 0 1 1 0 0 0 0 0
120	21	1 1 1 1 0 0 1 0 1 1 1 0 0 0 0 1
120	8	1 1 1 1 0 0 1 0 1 0 1 0 0 0 0 0
120	2	1 1 0 1 0 0 1 1 0 0 0 1 0 0 1 1
120	2	1 1 0 0 1 0 0 1 1 1 0 0 0 0 0 1
120	9	1 1 1 0 1 0 1 1 1 1 0 1 0 0 0 1
120	16	1 1 1 0 0 0 1 1 0 1 1 0 0 0 0 1
120	1	1 1 0 0 0 1 1 1 1 1 0 1 0 0 0 1
120	1	1 1 1 1 0 0 1 0 1 0 1 0 0 0 1 0
120	5	1 1 1 0 0 0 1 1 1 1 0 0 0 0 1 0
120	2	1 0 0 0 1 0 0 1 0 0 1 1 0 0 1 0
120	5	1 1 1 0 0 1 1 1 1 1 0 0 0 0 1 0
120	11	0 1 1 0 0 0 1 1 1 1 0 0 0 0 0 0
120	2	1 1 1 0 0 0 0 1 1 1 0 0 0 1 0 0
120	8	1 1 1 0 0 0 1 1 1 0 1 0 0 0 0 1
120	5	1 1 0 0 1 0 1 1 1 1 0 0 0 0 0 0
120	1	1 1 0 1 0 0 1 0 0 0 0 1 0 0 0 1
120	2	1 1 0 0 0 0 1 1 0 1 0 0 0 0 0 0
120	17	1 1 1 0 0 0 1 1 1 1 0 1 0 1 0 0
120	1	1 0 0 0 1 0 1 1 1 1 0 0 0 0 1 0
120	2	1 1 1 0 0 1 1 1 1 1 0 0 0 0 0 0
120	1	1 1 0 0 1 0 0 0 0 1 0 0 0 0 1 0
120	6	1 1 1 1 0 0 1 1 1 0 1 0 0 0 1 1
120	2	1 1 1 0 1 0 1 1 1 1 1 0 0 0 0 0
120	8	1 1 1 0 0 0 1 1 1 1 1 0 0 0 0 0
120	1	0 0 0 0 1 0 0 0 0 0 0 1 0 0 1 1
120	2	1 1 1 1 0 0 1 0 0 0 0 0 1 0 1 1
120	1	1 0 0 0 0 0 1 1 1 0 1 0 0 0 1 1
120	3	1 1 1 1 0 0 1 0 1 0 1 1 0 0 1 0
120	3	1 1 1 0 0 0 0 0 0 1 0 0 0 0 0 0
120	1	1 0 0 0 1 0 0 0 1 1 1 0 0 0 0 1
120	1	1 1 0 0 0 0 0 1 1 1 0 1 0 0 1 0
120	1	1 1 0 1 0 0 1 1 1 1 0 0 0 0 0 0
120	3	0 1 1 0 0 0 1 1 0 1 0 0 0 0 0 0
120	3	1 0 0 0 0 1 0 0 0 0 0 1 0 0 0 0
120	5	0 1 1 1 0 0 0 1 1 1 0 0 0 0 0 0
120	3	1 1 1 0 0 0 1 1 0 0 0 0 0 0 1 0
120	3	0 1 1 1 0 0 1 0 0 0 0 0 1 0 1 0
120	2	0 1 1 1 0 0 1 1 0 1 0 0 0 0 0 0
120	1	1 1 1 1 0 0 1 0 1 1 1 0 0 0 0 0
120	1	1 1 0 1 1 0 1 0 0 1 0 0 0 0 0 0
120	3	1 0 0 0 0 0 0 0 0 0 1 1 0 1 0 0
120	3	1 1 1 0 0 0 1 1 1 1 0 0 0 0 1 1
120	2	1 1 1 1 0 0 1 1 1 1 0 1 0 0 0 0
120	2	1 1 1 1 0 0 1 0 1 1 1 1 0 0 0 0
120	4	1 1 0 1 0 0 1 0 1 0 1 1 0 0 1 0
120	2	1 0 1 1 0 0 1 1 1 1 0 0 0 0 0 0
120	1	1 1 1 1 0 0 1 1 1 0 1 0 0 0 0 0
120	2	1 0 0 0 1 0 1 1 0 1 0 0 0 0 0 0
120	2	1 1 0 0 0 0 0 0 0 1 0 0 0 0 0 0
120	1	1 1 0 0 1 0 0 1 0 1 0 0 0 0 0 0
120	1	1 1 0 1 0 0 1 1 1 1 0 0 0 0 1 0
120	2	1 1 1 0 0 0 1 0 1 0 1 0 0 0 0 1
120	1	1 1 1 1 0 0 1 0 1 0 1 1 0 0 0 0
120	2	1 0 0 0 1 0 0 0 0 1 1 1 0 0 0 0
130	130	1 1 1 0 0 0 1 1 1 1 0 0 0 0 0 0
130	2	1 0 1 0 1 0 0 0 0 0 0 1 0 0 1 0
130	7	1 1 1 0 0 0 1 1 1 1 0 1 0 0 0 0
130	93	1 1 1 1 0 0 1 1 1 1 0 0 0 0 0 0
130	19	1 1 0 0 1 0 0 0 0 1 0 0 0 0 0 0
130	3	1 0 0 0 1 0 0 0 0 0 0 1 0 0 0 0
130	17	1 1 1 0 0 0 1 1 0 1 0 0 0 0 0 0
130	7	1 0 0 0 0 0 0 0 0 0 0 1 0 0 0 0
130	1	1 1 1 1 0 0 1 1 1 1 1 0 0 0 0 1
130	41	1 1 1 1 0 0 1 0 1 1 0 0 0 0 0 0
130	3	1 1 1 0 0 0 1 1 1 1 0 1 0 0 0 1
130	22	1 1 1 1 0 0 1 0 1 1 0 1 0 0 0 0
130	4	1 0 0 0 1 0 1 1 1 1 0 0 0 0 0 1
130	33	1 1 1 1 0 0 1 1 1 0 1 0 0 0 0 1
130	6	1 1 0 1 0 0 1 0 0 0 0 1 0 0 1 1
130	28	1 0 0 0 1 0 0 0 0 0 1 1 0 0 0 0
130	2	1 1 1 0 0 0 1 1 1 0 0 0 0 0 0 0
130	41	1 1 1 0 0 0 0 1 1 1 0 1 0 0 1 0
130	4	1 1 1 1 0 0 1 1 1 1 0 0 0 0 1 0
130	16	1 1 1 0 1 0 1 1 1 1 0 0 0 0 0 0
130	10	1 1 1 0 0 0 0 1 1 1 0 0 0 0 0 0
130	1	1 0 0 0 1 0 0 0 0 0 0 1 0 0 1 1
130	8	1 1 1 1 0 0 1 0 0 0 0 0 0 0 0 0
130	13	1 1 1 0 1 0 1 1 1 1 0 1 0 0 0 0
130	16	0 1 1 1 0 0 1 1 1 1 0 0 0 0 0 0
130	7	1 1 1 1 0 0 1 0 0 0 0 0 0 0 0 1
130	10	1 1 1 0 0 0 1 1 1 1 0 0 0 1 0 0
130	4	1 1 1 0 0 0 1 1 1 1 0 0 1 0 0 0
130	64	1 1 1 1 0 0 1 0 1 0 1 0 0 0 0 1
130	4	1 1 0 1 0 0 1 0 0 1 0 0 0 0 0 0
130	9	0 1 1 1 0 0 1 1 1 1 1 0 0 0 0 0
130	52	1 1 1 1 0 0 1 1 1 1 0 1 0 0 1 0
130	4	1 1 0 0 1 1 0 0 0 1 0 0 0 0 0 0
130	4	1 1 1 1 0 0 1 1 1 1 0 0 0 0 0 1
130	10	1 1 1 1 0 0 1 0 1 0 1 0 0 0 0 0
130	5	1 1 1 0 1 0 1 1 1 1 0 1 0 0 0 1
130	12	1 1 1 0 0 0 1 1 0 1 1 0 0 0 0 1
130	3	1 1 1 1 0 0 1 0 1 0 1 0 0 0 1 0
130	6	1 1 1 0 0 0 1 1 1 1 0 0 0 0 1 0
130	2	1 1 1 0 0 0 1 1 1 0 1 0 0 0 0 1
130	3	1 1 0 0 1 0 1 1 1 1 0 0 0 0 0 0
130	5	1 1 0 0 0 0 1 1 0 1 0 0 0 0 0 0
130	32	1 1 1 0 0 0 1 1 1 1 0 1 0 1 0 0
130	1	1 1 1 0 0 0 1 1 1 1 1 0 0 0 0 0
130	1	1 1 1 0 0 0 0 0 0 1 0 0 0 0 0 0
130	8	1 0 0 0 1 0 0 0 1 1 1 0 0 0 0 1
130	6	1 1 0 1 0 0 1 1 1 1 0 0 0 0 0 0
130	1	1 1 1 0 0 0 1 1 1 1 0 0 0 0 1 1
130	5	1 1 1 0 0 0 1 0 1 0 1 0 0 0 0 1
130	6	1 1 1 0 0 0 1 1 1 1 1 0 0 0 0 1
130	5	1 1 0 1 0 0 1 0 0 0 1 0 0 0 0 0
130	1	1 0 1 1 0 0 1 1 1 1 0 1 0 0 1 0
130	6	1 0 0 1 1 0 0 0 0 0 1 1 0 0 0 0
130	3	1 1 0 1 0 0 1 0 0 1 0 0 0 0 1 0
130	9	1 1 1 1 0 0 1 1 0 1 0 0 0 0 0 0
130	10	1 1 1 0 0 0 1 0 0 0 0 0 0 0 0 0
130	17	1 1 1 1 0 1 1 0 1 1 1 0 0 0 0 1
130	2	1 1 1 0 0 0 1 0 1 1 0 1 0 0 0 0
130	14	1 0 0 0 0 0 1 1 1 1 0 0 0 0 0 0
130	4	1 1 0 1 0 0 1 0 1 0 1 0 0 0 0 1
130	1	1 1 1 0 0 0 1 1 1 1 1 0 1 0 0 0
130	3	1 0 0 0 1 0 0 0 0 0 1 0 0 0 0 0
130	5	1 0 1 1 0 0 1 0 0 0 0 0 0 0 0 0
130	1	1 0 1 0 0 0 1 1 1 1 0 1 0 1 0 0
130	2	0 1 1 1 0 0 1 0 1 0 0 0 1 0 1 0
130	1	0 1 1 1 0 0 0 1 1 1 0 0 0 0 0 1
130	11	1 1 1 1 1 0 1 0 1 1 0 0 0 0 0 0
130	4	1 1 1 0 1 0 0 0 0 1 1 0 0 0 0 0
130	2	1 1 1 1 0 0 0 1 1 1 0 1 0 0 1 0
130	12	1 1 1 1 0 0 1 1 1 0 0 0 0 0 0 0
130	9	0 1 1 1 0 0 1 0 1 1 0 1 0 0 0 0
130	2	1 0 1 0 1 0 0 0 0 0 1 1 0 0 0 0
130	3	1 1 1 0 0 0 0 1 1 1 0 0 0 0 1 0
130	2	1 1 1 1 0 0 1 0 1 0 1 0 1 0 0 1
130	5	1 0 0 1 0 0 1 0 0 1 0 0 0 0 0 0
130	1	1 1 1 1 1 1 1 0 1 1 1 0 0 0 0 1
130	5	1 1 1 0 1 0 1 0 0 0 0 0 0 0 0 1
130	4	1 1 0 1 0 0 1 0 1 1 0 1 0 0 0 0
130	1	1 1 1 0 0 0 1 1 1 0 0 0 1 0 0 0
130	4	1 1 1 1 0 1 1 0 1 0 1 0 1 0 0 1
130	1	1 0 0 0 1 0 1 1 1 1 0 1 0 0 0 0
130	1	1 1 1 0 1 0 1 1 0 1 1 0 0 0 0 1
130	1	1 0 1 1 0 0 1 1 1 1 0 1 0 0 1 1
130	3	1 0 0 0 0 0 1 1 1 0 0 0 0 0 0 0
130	5	1 1 1 0 0 0 1 1 1 1 0 1 0 0 1 0
130	3	0 1 1 1 0 0 1 1 1 1 0 1 0 0 0 0
130	3	0 1 1 0 0 0 1 0 1 0 1 0 0 0 0 1
130	1	1 0 0 0 0 0 1 0 1 0 1 0 0 0 0 0
130	6	1 0 0 0 0 0 1 1 1 0 0 1 0 0 1 0
130	1	1 0 1 1 0 0 1 1 1 1 0 0 0 0 0 0
130	1	1 1 0 0 1 0 0 0 0 1 0 0 1 0 0 0
130	2	0 1 1 1 0 0 1 0 1 1 0 0 0 0 0 0
130	2	1 1 1 0 1 0 1 1 1 1 1 1 0 0 0 0
130	2	1 1 1 1 0 0 1 0 0 0 1 0 0 0 0 1
130	1	1 1 1 0 0 1 1 1 0 1 1 0 0 0 0 1
130	4	0 1 0 1 0 0 0 1 1 1 0 0 0 0 0 1
130	3	1 1 1 1 0 0 1 1 1 1 0 1 0 1 0 0
130	5	1 1 1 1 0 0 1 1 0 1 1 0 0 0 0 1
130	3	1 1 1 1 0 1 1 0 1 1 0 0 0 0 0 1
130	2	1 1 1 0 0 0 1 1 1 1 1 1 0 0 0 0
130	3	1 1 1 1 0 1 1 1 1 1 0 0 0 0 0 0
130	1	1 1 0 0 1 0 0 0 0 1 0 0 0 0 0 1
130	1	1 1 0 0 1 0 0 0 0 1 0 0 0 1 0 0
130	2	1 0 0 1 0 0 0 0 0 0 0 1 0 0 0 0
130	3	1 1 1 1 0 0 1 0 1 1 0 0 1 0 0 0
140	79	1 1 1 0 0 0 1 1 1 1 0 0 0 0 0 0
140	2	1 1 1 0 0 0 1 1 1 1 0 1 0 0 0 0
140	101	1 1 1 1 0 0 1 1 1 1 0 0 0 0 0 0
140	18	1 1 0 0 1 0 0 0 0 1 0 0 0 0 0 0
140	9	1 0 0 0 0 0 0 0 0 0 0 1 0 0 0 0
140	28	1 1 1 1 0 0 1 0 1 1 0 0 0 0 0 0
140	38	1 1 1 1 0 0 1 0 1 1 0 1 0 0 0 0
140	6	1 0 0 0 1 0 1 1 1 1 0 0 0 0 0 1
140	32	1 1 1 1 0 0 1 1 1 0 1 0 0 0 0 1
140	19	1 0 0 0 1 0 0 0 0 0 1 1 0 0 0 0
140	8	1 1 1 0 0 0 1 1 1 0 0 0 0 0 0 0
140	11	1 1 1 0 0 0 0 1 1 1 0 1 0 0 1 0
140	15	1 1 1 0 1 0 1 1 1 1 0 0 0 0 0 0
140	4	1 1 1 0 0 0 0 1 1 1 0 0 0 0 0 0
140	10	1 1 1 1 0 0 1 0 0 0 0 0 0 0 0 0
140	19	1 1 1 0 1 0 1 1 1 1 0 1 0 0 0 0
140	25	0 1 1 1 0 0 1 1 1 1 0 0 0 0 0 0
140	8	1 1 1 1 0 0 1 0 0 0 0 0 0 0 0 1
140	59	1 1 1 1 0 0 1 0 1 0 1 0 0 0 0 1
140	22	0 1 1 1 0 0 1 1 1 1 1 0 0 0 0 0
140	47	1 1 1 1 0 0 1 1 1 1 0 1 0 0 1 0
140	16	1 1 1 1 0 0 1 0 1 0 1 0 0 0 0 0
140	8	1 1 1 0 0 0 1 1 0 1 1 0 0 0 0 1
140	4	1 1 1 1 0 0 1 0 1 0 1 0 0 0 1 0
140	6	1 1 1 0 0 0 1 1 1 1 0 0 0 0 1 0
140	29	1 1 1 0 0 0 1 1 1 1 0 1 0 1 0 0
140	20	1 1 1 0 0 0 0 0 0 1 0 0 0 0 0 0
140	3	1 0 0 0 1 0 0 0 1 1 1 0 0 0 0 1
140	1	1 1 0 1 0 0 1 1 1 1 0 0 0 0 0 0
140	2	1 1 1 0 0 0 1 0 1 0 1 0 0 0 0 1
140	2	1 1 1 0 0 0 1 1 1 1 1 0 0 0 0 1
140	7	1 1 0 1 0 0 1 0 0 0 1 0 0 0 0 0
140	2	1 0 1 1 0 0 1 1 1 1 0 1 0 0 1 0
140	1	1 0 0 1 1 0 0 0 0 0 1 1 0 0 0 0
140	6	1 1 1 1 0 0 1 1 0 1 0 0 0 0 0 0
140	25	1 1 1 0 0 0 1 0 0 0 0 0 0 0 0 0
140	45	1 1 1 1 0 1 1 0 1 1 1 0 0 0 0 1
140	4	1 0 0 0 0 0 1 1 1 1 0 0 0 0 0 0
140	1	0 1 1 1 0 0 1 0 1 0 0 0 1 0 1 0
140	4	1 1 1 1 1 0 1 0 1 1 0 0 0 0 0 0
140	3	1 1 1 0 1 0 0 0 0 1 1 0 0 0 0 0
140	2	1 1 1 1 0 0 1 1 1 0 0 0 0 0 0 0
140	6	0 1 1 1 0 0 1 0 1 1 0 1 0 0 0 0
140	3	1 1 1 1 0 0 1 0 1 0 1 0 1 0 0 1
140	20	1 1 1 0 1 0 1 0 0 0 0 0 0 0 0 1
140	5	1 0 1 1 0 0 1 1 1 1 0 1 0 0 1 1
140	21	1 0 0 0 0 0 1 1 1 0 0 1 0 0 1 0
140	5	1 1 1 0 1 0 1 1 1 1 1 1 0 0 0 0
140	2	1 1 1 1 0 0 1 1 0 1 1 0 0 0 0 1
140	1	1 1 1 0 0 0 1 1 1 1 1 1 0 0 0 0
140	7	1 1 1 1 0 1 1 1 1 1 0 0 0 0 0 0
140	7	1 1 0 0 1 0 0 0 0 1 0 0 0 0 0 1
140	17	1 1 0 0 1 0 0 0 0 1 0 0 0 1 0 0
140	2	1 0 0 1 0 0 0 0 0 0 0 1 0 0 0 0
140	18	1 1 1 1 0 0 1 0 1 1 0 0 1 0 0 0
140	1	1 1 1 0 0 0 1 0 1 1 0 0 0 0 0 0
140	1	1 1 1 1 0 0 1 0 1 0 1 0 0 0 1 1
140	5	1 1 1 0 0 0 1 1 1 1 0 0 0 0 0 1
140	7	1 1 1 1 0 0 1 1 1 1 0 1 0 0 0 0
140	10	1 1 1 1 0 0 1 1 1 1 0 1 0 1 1 0
140	4	1 1 1 0 0 0 1 1 1 1 0 0 1 0 0 0
140	4	1 1 0 0 1 0 1 1 0 1 0 0 0 0 0 0
140	5	1 1 0 1 1 0 0 0 0 1 0 0 0 0 0 0
140	2	0 1 1 1 0 0 1 1 1 1 1 0 0 0 0 1
140	4	1 1 1 1 1 0 1 1 1 0 0 0 0 0 0 0
140	6	1 1 0 1 0 0 1 1 0 1 1 0 0 0 0 1
140	2	1 1 0 1 0 0 1 0 0 0 0 0 0 0 0 0
140	6	1 1 1 1 1 0 1 1 1 1 0 0 0 0 0 1
140	1	1 0 0 0 1 0 0 0 0 0 1 1 0 0 1 0
140	3	1 1 1 1 0 0 1 1 1 1 0 1 1 0 1 0
140	3	1 1 0 0 0 0 1 0 1 0 1 0 0 0 0 1
140	2	1 1 0 1 0 1 1 0 1 1 1 0 0 0 0 1
140	12	1 1 1 1 0 1 1 0 1 1 1 1 0 0 0 1
140	4	1 1 1 0 0 1 1 0 1 1 1 0 0 0 0 1
140	3	1 1 1 0 0 0 1 1 1 1 1 0 0 0 0 0
140	3	1 1 1 0 1 0 1 0 1 1 0 0 0 0 0 0
140	1	0 1 1 1 0 0 0 1 1 1 1 0 0 0 0 0
140	3	1 1 1 0 0 0 1 0 1 1 0 1 0 1 0 0
140	3	1 1 1 1 0 0 0 0 0 1 0 0 0 0 0 0
140	1	1 1 1 1 0 0 1 1 0 1 1 0 0 0 0 0
140	2	1 1 0 0 0 0 1 1 1 1 0 0 0 0 0 0
140	4	1 1 1 1 0 0 1 1 1 1 0 0 0 0 1 0
140	2	1 1 1 1 0 0 1 0 0 0 1 0 0 0 0 0
140	2	1 1 1 1 0 1 1 0 0 1 1 0 0 0 0 1
140	1	1 1 1 0 1 0 1 0 1 0 0 0 0 0 0 1
140	2	1 1 1 1 1 0 1 0 1 1 0 0 1 0 0 0
140	2	1 1 1 1 0 0 1 0 1 0 1 0 0 1 1 1
140	1	1 1 0 1 0 0 1 1 1 1 0 0 0 0 0 1
140	1	0 0 0 0 0 0 0 0 0 0 0 1 0 0 0 0
140	1	1 1 1 0 1 0 1 1 1 1 0 0 1 0 0 0
140	1	1 1 0 1 0 0 1 1 1 1 0 1 0 0 1 0
140	1	1 1 1 0 1 0 0 1 0 1 1 0 0 0 0 0
140	1	1 1 1 0 0 0 1 0 1 1 0 1 0 0 0 0
140	2	1 1 1 1 0 0 1 0 1 1 0 1 0 1 0 0
140	1	1 1 1 1 0 0 1 1 1 0 1 1 0 0 0 0
140	2	1 1 1 0 1 0 0 0 0 1 0 0 0 0 0 0
140	3	1 1 1 0 0 0 1 1 1 0 0 1 0 0 1 0
140	1	1 1 1 0 0 0 0 0 0 0 0 1 0 0 0 0
140	1	1 0 0 1 1 0 0 0 0 0 1 1 0 1 0 0
140	1	1 1 1 0 0 0 1 1 0 1 0 1 0 0 0 0
140	2	1 1 1 1 1 0 1 1 1 1 0 0 0 0 0 0
140	1	1 1 1 0 0 1 1 0 1 0 1 0 0 0 0 1
140	1	1 1 1 1 0 1 1 0 1 1 1 0 0 0 0 0
140	3	1 1 1 1 1 0 1 0 1 1 0 0 0 0 1 0
150	46	1 1 1 0 0 0 1 1 1 1 0 0 0 0 0 0
150	110	1 1 1 1 0 0 1 1 1 1 0 0 0 0 0 0
150	4	1 1 0 0 1 0 0 0 0 1 0 0 0 0 0 0
150	4	1 0 0 0 0 0 0 0 0 0 0 1 0 0 0 0
150	27	1 1 1 1 0 0 1 0 1 1 0 0 0 0 0 0
150	27	1 1 1 1 0 0 1 0 1 1 0 1 0 0 0 0
150	73	1 1 1 1 0 0 1 1 1 0 1 0 0 0 0 1
150	24	1 1 1 0 0 0 1 1 1 0 0 0 0 0 0 0
150	15	1 1 1 0 1 0 1 1 1 1 0 0 0 0 0 0
150	8	1 1 1 0 1 0 1 1 1 1 0 1 0 0 0 0
150	1	1 1 1 1 0 0 1 0 0 0 0 0 0 0 0 1
150	41	1 1 1 1 0 0 1 0 1 0 1 0 0 0 0 1
150	33	0 1 1 1 0 0 1 1 1 1 1 0 0 0 0 0
150	53	1 1 1 1 0 0 1 1 1 1 0 1 0 0 1 0
150	16	1 1 1 1 0 0 1 0 1 0 1 0 0 0 0 0
150	1	1 1 1 0 0 0 1 1 0 1 1 0 0 0 0 1
150	2	1 1 1 0 0 0 1 1 1 1 0 0 0 0 1 0
150	9	1 1 1 0 0 0 1 1 1 1 0 1 0 1 0 0
150	39	1 1 1 0 0 0 0 0 0 1 0 0 0 0 0 0
150	3	1 1 1 0 0 0 1 1 1 1 1 0 0 0 0 1
150	10	1 1 0 1 0 0 1 0 0 0 1 0 0 0 0 0
150	1	1 0 0 1 1 0 0 0 0 0 1 1 0 0 0 0
150	23	1 1 1 0 0 0 1 0 0 0 0 0 0 0 0 0
150	23	1 1 1 1 0 1 1 0 1 1 1 0 0 0 0 1
150	3	1 1 1 1 1 0 1 0 1 1 0 0 0 0 0 0
150	10	1 1 1 1 0 0 1 1 1 0 0 0 0 0 0 0
150	15	1 1 1 1 0 0 1 0 1 0 1 0 1 0 0 1
150	8	1 1 1 0 1 0 1 0 0 0 0 0 0 0 0 1
150	2	1 0 0 0 0 0 1 1 1 0 0 1 0 0 1 0
150	3	1 1 1 0 1 0 1 1 1 1 1 1 0 0 0 0
150	5	1 1 1 1 0 0 1 1 0 1 1 0 0 0 0 1
150	15	1 1 1 1 0 1 1 1 1 1 0 0 0 0 0 0
150	9	1 1 0 0 1 0 0 0 0 1 0 0 0 1 0 0
150	16	1 1 1 1 0 0 1 0 1 1 0 0 1 0 0 0
150	2	1 1 1 0 0 0 1 1 1 1 0 0 0 0 0 1
150	45	1 1 1 1 0 0 1 1 1 1 0 1 0 0 0 0
150	25	1 1 1 1 0 0 1 1 1 1 0 1 0 1 1 0
150	2	1 1 0 0 1 0 1 1 0 1 0 0 0 0 0 0
150	4	0 1 1 1 0 0 1 1 1 1 1 0 0 0 0 1
150	5	1 1 0 1 0 0 1 1 0 1 1 0 0 0 0 1
150	1	1 1 0 1 0 0 1 0 0 0 0 0 0 0 0 0
150	5	1 1 1 1 1 0 1 1 1 1 0 0 0 0 0 1
150	3	1 1 0 0 0 0 1 0 1 0 1 0 0 0 0 1
150	22	1 1 1 1 0 1 1 0 1 1 1 1 0 0 0 1
150	17	1 1 1 0 1 0 1 0 1 1 0 0 0 0 0 0
150	7	1 1 1 1 0 0 0 0 0 1 0 0 0 0 0 0
150	3	1 1 1 1 0 0 1 1 1 1 0 0 0 0 1 0
150	6	0 0 0 0 0 0 0 0 0 0 0 1 0 0 0 0
150	1	1 1 1 0 1 0 1 1 1 1 0 0 1 0 0 0
150	5	1 1 1 0 1 0 0 0 0 1 0 0 0 0 0 0
150	1	1 1 1 1 0 0 1 1 0 1 0 0 0 1 0 0
150	3	1 1 0 0 1 0 0 0 1 1 0 0 0 0 0 0
150	31	1 1 1 1 0 0 1 1 1 1 0 0 0 0 0 1
150	2	1 1 0 0 1 0 1 0 1 1 0 0 0 0 0 0
150	2	1 1 1 0 1 0 1 1 1 1 0 1 1 0 0 0
150	5	1 1 1 0 0 0 1 1 0 1 0 0 0 0 0 0
150	9	1 1 1 1 0 0 1 0 1 0 1 0 1 0 0 0
150	5	0 1 1 0 0 0 1 1 1 1 0 1 0 1 0 0
150	2	0 1 1 1 1 0 1 1 1 0 0 0 0 0 0 0
150	11	1 0 0 0 1 0 1 0 1 1 0 1 0 0 0 0
150	3	1 1 1 0 0 0 1 0 0 0 0 0 0 0 0 1
150	8	1 0 1 0 0 0 0 0 0 0 0 1 0 0 0 0
150	3	1 1 1 1 0 0 0 0 1 1 0 0 0 0 0 0
150	9	1 1 1 1 0 0 1 0 0 1 0 1 0 0 0 0
150	1	1 1 1 1 1 0 1 0 0 1 0 0 0 0 1 0
150	1	0 1 1 0 0 0 1 1 1 1 0 0 0 0 0 0
150	2	0 1 1 1 0 1 1 1 1 1 0 0 0 0 0 0
150	2	1 1 0 1 0 0 1 1 1 1 0 0 0 1 0 1
150	2	0 1 1 1 0 0 1 0 1 1 0 0 0 0 0 0
150	10	1 1 1 1 0 0 1 1 1 0 0 0 0 0 0 1
150	3	0 1 1 1 0 1 1 1 1 1 1 0 0 0 0 0
150	1	0 1 1 1 0 0 1 0 1 0 1 0 0 0 0 1
150	1	1 1 1 0 0 0 1 1 1 0 0 1 0 0 0 0
150	1	0 1 1 1 0 0 1 1 1 0 0 0 0 0 0 0
150	3	1 1 0 0 1 0 0 0 0 1 0 0 0 1 0 1
150	1	1 1 0 0 0 0 0 0 1 1 0 0 0 0 0 0
150	2	1 1 1 1 0 0 1 0 0 0 0 0 0 0 0 0
150	2	1 0 1 1 0 0 1 1 1 0 1 0 0 0 0 1
150	1	1 1 1 0 0 0 0 0 0 1 0 0 0 1 0 0
150	2	1 1 1 1 0 0 1 1 0 1 0 1 0 1 1 0
150	2	1 1 1 1 0 0 1 1 0 1 0 0 0 0 0 1
150	4	1 1 1 1 0 0 1 1 0 0 1 0 0 0 0 0
150	2	0 1 1 1 0 0 1 0 1 1 0 0 1 0 0 0
150	2	1 1 1 0 0 0 1 1 1 1 0 1 0 0 0 0
150	2	1 1 1 0 0 0 1 0 1 0 1 0 0 0 0 0
150	2	1 1 1 1 0 1 1 1 1 1 0 1 0 0 1 0
150	6	1 1 1 0 0 0 1 0 0 0 0 0 0 0 1 0
150	2	1 1 1 0 1 0 1 0 1 1 1 1 0 0 0 0
150	1	1 1 1 1 0 1 1 0 1 1 1 1 0 0 1 1
150	1	1 1 1 1 0 1 1 1 1 1 0 0 0 0 0 1
150	1	1 1 1 0 0 0 1 0 0 0 1 0 0 0 0 1
150	1	1 1 1 0 0 0 1 1 1 0 1 0 1 0 0 1
150	1	1 1 0 1 0 0 1 1 1 1 0 0 0 0 0 0
150	1	1 1 0 1 0 0 1 0 1 1 0 0 0 0 0 0
150	1	1 1 1 1 0 0 1 1 1 0 1 0 0 1 0 1
150	3	1 1 1 1 1 0 1 1 1 0 1 0 0 0 0 1
150	2	1 1 0 0 1 0 1 1 1 1 0 1 0 0 0 0
150	1	0 1 1 1 0 0 1 1 1 1 0 1 0 0 1 0
150	2	1 1 1 1 0 0 1 1 1 0 0 1 0 0 1 0
150	1	1 1 1 1 1 0 1 1 1 1 0 1 0 0 0 0
150	1	0 1 1 1 0 0 1 0 1 1 0 0 0 1 0 0
160	53	1 1 1 0 0 0 1 1 1 1 0 0 0 0 0 0
160	151	1 1 1 1 0 0 1 1 1 1 0 0 0 0 0 0
160	6	1 0 0 0 0 0 0 0 0 0 0 1 0 0 0 0
160	13	1 1 1 1 0 0 1 0 1 1 0 0 0 0 0 0
160	20	1 1 1 1 0 0 1 0 1 1 0 1 0 0 0 0
160	34	1 1 1 1 0 0 1 1 1 0 1 0 0 0 0 1
160	42	1 1 1 0 0 0 1 1 1 0 0 0 0 0 0 0
160	27	1 1 1 1 0 0 1 0 1 0 1 0 0 0 0 1
160	5	0 1 1 1 0 0 1 1 1 1 1 0 0 0 0 0
160	16	1 1 1 1 0 0 1 1 1 1 0 1 0 0 1 0
160	13	1 1 1 1 0 0 1 0 1 0 1 0 0 0 0 0
160	6	1 1 1 0 0 0 1 1 1 1 0 0 0 0 1 0
160	1	1 1 1 0 0 0 1 1 1 1 0 1 0 1 0 0
160	13	1 1 1 0 0 0 0 0 0 1 0 0 0 0 0 0
160	1	1 1 0 1 0 0 1 0 0 0 1 0 0 0 0 0
160	1	1 0 0 1 1 0 0 0 0 0 1 1 0 0 0 0
160	14	1 1 1 1 0 1 1 0 1 1 1 0 0 0 0 1
160	10	1 1 1 1 0 0 1 1 1 0 0 0 0 0 0 0
160	17	1 1 1 1 0 0 1 0 1 0 1 0 1 0 0 1
160	7	1 1 1 0 1 0 1 0 0 0 0 0 0 0 0 1
160	17	1 0 0 0 0 0 1 1 1 0 0 1 0 0 1 0
160	23	1 1 1 1 0 0 1 1 0 1 1 0 0 0 0 1
160	27	1 1 1 1 0 1 1 1 1 1 0 0 0 0 0 0
160	10	1 1 0 0 1 0 0 0 0 1 0 0 0 1 0 0
160	25	1 1 1 1 0 0 1 0 1 1 0 0 1 0 0 0
160	3	1 1 1 0 0 0 1 1 1 1 0 0 0 0 0 1
160	116	1 1 1 1 0 0 1 1 1 1 0 1 0 0 0 0
160	20	1 1 1 1 0 0 1 1 1 1 0 1 0 1 1 0
160	9	0 1 1 1 0 0 1 1 1 1 1 0 0 0 0 1
160	7	1 1 0 1 0 0 1 1 0 1 1 0 0 0 0 1
160	24	1 1 1 1 0 1 1 0 1 1 1 1 0 0 0 1
160	4	1 1 1 0 1 0 1 0 1 1 0 0 0 0 0 0
160	13	0 0 0 0 0 0 0 0 0 0 0 1 0 0 0 0
160	11	1 1 1 0 1 0 0 0 0 1 0 0 0 0 0 0
160	3	1 1 0 0 1 0 0 0 1 1 0 0 0 0 0 0
160	13	1 1 1 1 0 0 1 1 1 1 0 0 0 0 0 1
160	6	1 1 1 0 0 0 1 1 0 1 0 0 0 0 0 0
160	4	0 1 1 1 1 0 1 1 1 0 0 0 0 0 0 0
160	7	1 1 1 0 0 0 1 0 0 0 0 0 0 0 0 1
160	8	1 0 1 0 0 0 0 0 0 0 0 1 0 0 0 0
160	6	1 1 1 1 0 0 0 0 1 1 0 0 0 0 0 0
160	4	1 1 1 1 0 0 1 0 0 1 0 1 0 0 0 0
160	3	0 1 1 1 0 1 1 1 1 1 0 0 0 0 0 0
160	2	0 1 1 1 0 1 1 1 1 1 1 0 0 0 0 0
160	7	1 1 1 0 0 0 1 1 1 0 0 1 0 0 0 0
160	1	1 1 1 1 0 0 1 0 0 0 0 0 0 0 0 0
160	4	1 1 1 0 0 0 1 0 1 0 1 0 0 0 0 0
160	3	1 1 1 1 0 0 1 1 1 0 1 0 0 1 0 1
160	7	1 1 1 1 1 0 1 1 1 0 1 0 0 0 0 1
160	1	0 1 1 1 0 0 1 1 1 1 0 1 0 0 1 0
160	2	1 1 1 1 0 0 1 1 1 1 1 0 0 0 0 1
160	7	1 1 1 1 0 1 1 0 1 1 0 0 0 0 0 0
160	11	1 1 1 1 0 0 1 1 1 0 1 1 0 0 0 1
160	7	1 1 1 1 0 0 1 1 1 1 1 1 0 1 1 0
160	11	1 1 0 0 0 0 0 0 0 1 0 0 0 0 0 0
160	5	1 1 1 1 0 1 1 0 1 0 1 0 0 1 0 1
160	15	1 1 0 1 0 0 1 1 1 0 1 0 0 0 0 1
160	1	1 0 0 0 0 0 1 1 1 1 0 1 0 0 1 0
160	9	0 1 1 1 0 0 1 1 1 0 0 0 0 1 0 0
160	7	1 1 1 1 0 0 1 1 1 1 1 0 0 0 0 0
160	1	1 1 1 1 0 0 0 0 0 1 0 1 0 0 0 0
160	5	1 1 1 1 0 0 0 1 1 1 0 0 0 0 0 0
160	6	1 1 1 1 0 0 1 1 1 0 1 0 0 0 0 0
160	5	1 1 1 0 0 0 1 1 1 0 0 1 0 1 0 0
160	3	1 1 1 1 0 1 1 1 1 1 1 1 0 0 0 1
160	2	1 1 1 0 1 0 1 1 1 1 1 1 0 0 1 1
160	5	1 1 1 0 1 0 1 1 1 1 0 1 0 1 0 0
160	3	1 0 1 1 0 1 1 0 1 1 1 1 0 0 0 1
160	2	1 1 1 1 0 1 1 1 1 0 1 0 0 0 0 0
160	6	1 1 1 0 0 0 1 1 1 1 1 0 0 0 0 0
160	2	1 1 0 1 0 0 0 0 0 0 1 0 0 0 0 0
160	2	1 1 1 1 1 0 1 0 0 0 0 0 0 0 0 1
160	1	1 1 1 1 0 0 1 1 0 1 1 0 0 0 0 0
160	3	1 1 1 1 0 0 1 1 1 1 0 1 0 1 0 0
160	2	1 1 1 0 1 1 0 0 0 1 0 0 0 0 0 0
160	2	1 1 1 1 0 0 1 0 1 0 0 0 0 0 0 1
160	2	1 1 0 1 0 0 1 1 1 1 0 1 0 0 0 0
160	2	0 1 1 1 0 0 1 0 1 1 0 0 0 0 0 0
160	3	1 0 0 0 0 0 0 0 0 0 1 1 0 0 0 0
160	1	1 1 1 0 0 0 1 1 1 1 0 1 0 1 1 0
160	2	1 1 1 0 0 0 1 0 1 0 1 0 1 0 0 1
160	3	1 1 1 0 0 0 1 1 1 0 1 0 0 0 0 1
160	3	1 0 0 1 1 0 0 0 0 1 0 1 0 0 0 0
160	3	1 1 1 0 1 0 1 0 0 0 1 0 0 1 0 1
160	1	1 1 0 0 1 0 0 0 0 1 0 0 0 0 0 0
160	2	1 1 1 1 0 0 0 0 0 1 0 0 0 1 0 0
160	2	0 1 1 0 0 0 1 1 1 1 0 0 0 0 0 0
160	3	1 1 1 0 1 1 0 0 0 1 0 1 0 1 1 0
160	3	1 1 1 0 0 0 0 0 0 1 0 0 0 1 0 0
160	1	1 0 0 0 0 0 1 1 1 0 1 1 0 0 1 0
160	1	0 1 1 1 0 0 1 1 1 1 0 1 0 0 0 0
160	1	1 1 1 0 1 0 1 0 1 1 0 0 0 0 1 0
160	2	1 1 1 1 0 0 1 0 0 0 0 0 0 1 0 0
160	1	1 1 0 0 0 0 0 0 0 1 0 0 0 0 1 0
160	1	1 0 1 1 0 1 1 0 1 1 1 1 0 0 1 1
170	80	1 1 1 0 0 0 1 1 1 1 0 0 0 0 0 0
170	105	1 1 1 1 0 0 1 1 1 1 0 0 0 0 0 0
170	8	1 1 1 1 0 0 1 0 1 1 0 0 0 0 0 0
170	7	1 1 1 1 0 0 1 0 1 1 0 1 0 0 0 0
170	12	1 1 1 1 0 0 1 1 1 0 1 0 0 0 0 1
170	39	1 1 1 0 0 0 1 1 1 0 0 0 0 0 0 0
170	34	1 1 1 1 0 0 1 0 1 0 1 0 0 0 0 1
170	5	0 1 1 1 0 0 1 1 1 1 1 0 0 0 0 0
170	2	1 1 1 1 0 0 1 1 1 1 0 1 0 0 1 0
170	10	1 1 1 1 0 0 1 0 1 0 1 0 0 0 0 0
170	3	1 1 1 0 0 0 1 1 1 1 0 0 0 0 1 0
170	4	1 1 1 0 0 0 0 0 0 1 0 0 0 0 0 0
170	12	1 1 1 1 0 1 1 0 1 1 1 0 0 0 0 1
170	12	1 1 1 1 0 0 1 1 1 0 0 0 0 0 0 0
170	1	1 1 1 1 0 0 1 0 1 0 1 0 1 0 0 1
170	4	1 1 1 0 1 0 1 0 0 0 0 0 0 0 0 1
170	13	1 0 0 0 0 0 1 1 1 0 0 1 0 0 1 0
170	12	1 1 1 1 0 0 1 1 0 1 1 0 0 0 0 1
170	22	1 1 1 1 0 1 1 1 1 1 0 0 0 0 0 0
170	7	1 1 0 0 1 0 0 0 0 1 0 0 0 1 0 0
170	18	1 1 1 1 0 0 1 0 1 1 0 0 1 0 0 0
170	129	1 1 1 1 0 0 1 1 1 1 0 1 0 0 0 0
170	32	1 1 1 1 0 0 1 1 1 1 0 1 0 1 1 0
170	19	1 1 1 1 0 1 1 0 1 1 1 1 0 0 0 1
170	8	0 0 0 0 0 0 0 0 0 0 0 1 0 0 0 0
170	15	1 1 1 0 1 0 0 0 0 1 0 0 0 0 0 0
170	25	1 1 0 0 1 0 0 0 1 1 0 0 0 0 0 0
170	16	1 1 1 1 0 0 1 1 1 1 0 0 0 0 0 1
170	20	0 1 1 1 1 0 1 1 1 0 0 0 0 0 0 0
170	7	1 1 1 0 0 0 1 0 0 0 0 0 0 0 0 1
170	11	1 0 1 0 0 0 0 0 0 0 0 1 0 0 0 0
170	12	1 1 1 1 0 0 0 0 1 1 0 0 0 0 0 0
170	2	1 1 1 0 0 0 1 1 1 0 0 1 0 0 0 0
170	6	1 1 1 1 1 0 1 1 1 0 1 0 0 0 0 1
170	11	1 1 1 1 0 0 1 1 1 0 1 1 0 0 0 1
170	4	1 1 1 1 0 0 1 1 1 1 1 1 0 1 1 0
170	9	1 1 0 0 0 0 0 0 0 1 0 0 0 0 0 0
170	8	1 1 0 1 0 0 1 1 1 0 1 0 0 0 0 1
170	2	0 1 1 1 0 0 1 1 1 0 0 0 0 1 0 0
170	8	1 1 1 1 0 0 1 1 1 1 1 0 0 0 0 0
170	14	1 1 1 1 0 0 0 1 1 1 0 0 0 0 0 0
170	3	1 0 1 1 0 1 1 0 1 1 1 1 0 0 0 1
170	2	1 1 1 0 0 0 1 1 1 1 1 0 0 0 0 0
170	3	1 1 1 1 1 0 1 0 0 0 0 0 0 0 0 1
170	3	1 1 1 1 0 0 1 1 0 1 1 0 0 0 0 0
170	27	1 1 1 1 0 0 1 1 1 1 0 1 0 1 0 0
170	7	1 1 0 1 0 0 1 1 1 1 0 1 0 0 0 0
170	2	1 1 1 0 0 0 1 0 1 0 1 0 1 0 0 1
170	1	1 0 0 1 1 0 0 0 0 1 0 1 0 0 0 0
170	16	1 1 1 0 1 0 1 0 0 0 1 0 0 1 0 1
170	4	1 1 1 0 1 1 0 0 0 1 0 1 0 1 1 0
170	3	1 0 0 0 0 0 1 1 1 0 1 1 0 0 1 0
170	10	1 0 1 1 0 0 1 1 1 1 0 0 0 0 0 0
170	6	1 1 0 0 1 0 1 0 0 0 0 0 0 0 0 1
170	6	1 1 1 1 0 0 1 1 1 1 1 1 0 0 0 0
170	8	0 1 1 1 0 0 1 1 1 0 0 1 0 1 0 0
170	17	1 1 1 1 0 0 1 1 1 0 1 1 0 0 0 0
170	3	1 1 1 1 0 0 1 1 1 1 0 0 0 1 1 0
170	6	1 1 0 1 0 0 1 1 1 1 0 0 0 0 0 0
170	17	1 0 1 1 0 0 1 1 1 1 0 1 0 1 0 0
170	3	1 1 0 1 0 0 1 1 1 0 1 0 0 0 0 0
170	4	1 0 0 0 0 0 0 0 0 0 0 0 0 0 0 0
170	4	1 1 0 0 0 0 1 1 1 0 0 0 0 0 0 0
170	2	1 1 1 1 0 0 1 1 1 0 0 0 0 1 1 0
170	7	1 1 1 1 0 0 0 1 1 0 0 0 0 0 0 0
170	2	1 1 1 1 1 0 1 1 1 1 0 1 0 0 0 0
170	7	1 0 1 1 0 0 1 1 1 1 0 1 0 0 0 0
170	3	1 1 1 0 0 0 1 0 1 1 0 0 0 0 0 0
170	3	1 0 1 1 0 0 1 1 1 1 0 0 0 1 0 0
170	2	1 1 1 0 0 0 1 1 0 1 0 0 0 0 0 0
170	1	1 1 1 1 0 0 1 1 0 1 0 1 0 0 1 0
170	7	1 1 1 1 0 0 1 0 0 1 0 0 1 0 0 0
170	2	1 1 1 1 0 1 1 1 1 1 0 1 0 0 0 0
170	4	1 0 1 0 0 0 1 0 0 0 0 1 0 0 0 0
170	2	1 0 0 0 0 0 0 1 1 0 1 1 0 0 1 0
170	2	1 1 0 0 1 0 1 1 0 1 1 0 0 0 0 1
170	1	1 1 1 1 0 0 1 0 1 1 0 0 1 0 0 1
170	1	1 1 1 1 1 0 1 1 1 0 1 0 1 0 0 1
170	1	1 1 1 1 1 0 1 1 1 1 0 0 0 0 0 0
170	3	1 1 1 1 0 0 1 0 1 1 1 1 0 0 0 0
170	1	1 1 0 1 0 0 1 0 1 0 1 0 0 0 0 1
170	1	1 1 1 0 0 0 1 1 1 1 0 0 0 1 1 0
170	2	1 1 1 1 0 1 1 0 0 1 1 0 0 0 0 1
170	2	1 1 1 1 0 0 0 1 0 1 1 0 0 0 0 1
170	4	1 1 1 1 0 1 1 1 1 1 0 1 0 1 1 0
170	2	1 1 1 1 1 0 1 1 1 1 0 1 1 0 0 0
170	2	0 0 0 0 0 0 1 1 1 1 0 1 0 1 1 0
170	1	1 0 1 1 0 1 0 1 1 1 0 0 0 0 0 0
170	1	1 1 1 1 0 0 1 1 1 1 0 0 1 0 0 0
170	1	1 1 1 1 0 1 1 1 0 1 1 0 0 0 0 1
170	1	1 1 1 1 0 0 0 1 1 1 0 1 0 0 0 0
170	3	0 0 0 0 0 0 0 0 0 1 0 1 0 0 0 0
170	1	1 1 0 0 1 0 0 0 0 1 0 0 0 0 0 0
170	3	1 1 0 0 0 0 1 1 1 0 0 1 0 0 0 0
170	2	1 1 1 1 0 0 1 1 1 1 0 0 0 1 0 0
180	65	1 1 1 0 0 0 1 1 1 1 0 0 0 0 0 0
180	95	1 1 1 1 0 0 1 1 1 1 0 0 0 0 0 0
180	2	1 1 1 1 0 0 1 0 1 1 0 0 0 0 0 0
180	19	1 1 1 1 0 0 1 0 1 1 0 1 0 0 0 0
180	5	1 1 1 1 0 0 1 1 1 0 1 0 0 0 0 1
180	43	1 1 1 0 0 0 1 1 1 0 0 0 0 0 0 0
180	51	1 1 1 1 0 0 1 0 1 0 1 0 0 0 0 1
180	22	1 1 1 1 0 0 1 0 1 0 1 0 0 0 0 0
180	5	1 1 1 0 0 0 1 1 1 1 0 0 0 0 1 0
180	2	1 1 1 0 0 0 0 0 0 1 0 0 0 0 0 0
180	2	1 1 1 1 0 1 1 0 1 1 1 0 0 0 0 1
180	22	1 1 1 1 0 0 1 1 1 0 0 0 0 0 0 0
180	15	1 1 1 1 0 0 1 1 0 1 1 0 0 0 0 1
180	18	1 1 1 1 0 1 1 1 1 1 0 0 0 0 0 0
180	17	1 1 1 1 0 0 1 0 1 1 0 0 1 0 0 0
180	124	1 1 1 1 0 0 1 1 1 1 0 1 0 0 0 0
180	13	1 1 1 1 0 0 1 1 1 1 0 1 0 1 1 0
180	39	1 1 1 1 0 1 1 0 1 1 1 1 0 0 0 1
180	12	0 0 0 0 0 0 0 0 0 0 0 1 0 0 0 0
180	1	1 1 1 0 1 0 0 0 0 1 0 0 0 0 0 0
180	15	1 1 0 0 1 0 0 0 1 1 0 0 0 0 0 0
180	31	1 1 1 1 0 0 1 1 1 1 0 0 0 0 0 1
180	23	0 1 1 1 1 0 1 1 1 0 0 0 0 0 0 0
180	11	1 1 1 0 0 0 1 0 0 0 0 0 0 0 0 1
180	28	1 0 1 0 0 0 0 0 0 0 0 1 0 0 0 0
180	3	1 1 1 0 0 0 1 1 1 0 0 1 0 0 0 0
180	3	1 1 1 1 0 0 1 1 1 0 1 1 0 0 0 1
180	8	1 1 1 1 0 0 1 1 1 1 1 1 0 1 1 0
180	12	1 1 0 0 0 0 0 0 0 1 0 0 0 0 0 0
180	12	1 1 0 1 0 0 1 1 1 0 1 0 0 0 0 1
180	3	1 1 1 1 0 0 1 1 1 1 1 0 0 0 0 0
180	35	1 1 1 1 0 0 0 1 1 1 0 0 0 0 0 0
180	15	1 0 1 1 0 1 1 0 1 1 1 1 0 0 0 1
180	4	1 1 1 1 0 0 1 1 1 1 0 1 0 1 0 0
180	10	1 1 0 1 0 0 1 1 1 1 0 1 0 0 0 0
180	9	1 1 1 0 1 0 1 0 0 0 1 0 0 1 0 1
180	6	1 0 0 0 0 0 1 1 1 0 1 1 0 0 1 0
180	4	1 0 1 1 0 0 1 1 1 1 0 0 0 0 0 0
180	3	1 1 1 1 0 0 1 1 1 0 1 1 0 0 0 0
180	1	1 0 1 1 0 0 1 1 1 1 0 1 0 1 0 0
180	3	1 1 1 1 0 0 0 1 1 0 0 0 0 0 0 0
180	10	1 0 1 1 0 0 1 1 1 1 0 1 0 0 0 0
180	2	1 0 1 1 0 0 1 1 1 1 0 0 0 1 0 0
180	4	1 0 0 0 0 0 0 1 1 0 1 1 0 0 1 0
180	5	1 1 0 0 1 0 1 1 0 1 1 0 0 0 0 1
180	1	1 0 1 1 0 1 0 1 1 1 0 0 0 0 0 0
180	7	0 0 0 0 0 0 0 0 0 1 0 1 0 0 0 0
180	1	1 1 0 0 0 0 1 1 1 0 0 1 0 0 0 0
180	7	1 1 1 1 0 0 1 1 1 1 0 0 0 1 0 0
180	1	1 1 1 0 0 0 1 0 0 0 1 0 0 1 0 1
180	6	1 1 1 1 0 1 1 0 1 1 1 0 0 0 0 0
180	15	1 1 1 1 0 0 1 0 1 1 0 0 0 0 0 1
180	1	1 1 1 1 0 0 1 1 1 1 0 1 0 0 1 0
180	4	1 1 0 0 0 0 0 0 0 1 0 0 1 0 0 0
180	5	1 1 1 0 0 0 1 1 1 0 0 0 0 0 1 0
180	18	1 1 1 1 0 0 1 0 1 0 0 0 0 0 0 1
180	3	1 1 0 0 1 0 1 1 1 1 1 0 0 0 0 1
180	8	1 1 1 1 0 0 1 1 0 1 1 0 0 0 1 1
180	2	1 1 1 1 0 0 1 0 0 1 0 0 1 0 0 0
180	7	1 0 1 1 0 1 0 1 1 1 0 0 1 0 0 0
180	4	1 1 1 0 0 0 1 1 1 0 0 0 0 1 1 0
180	1	1 0 0 0 0 0 0 0 1 1 0 1 0 0 0 0
180	1	1 1 1 0 0 0 1 1 1 1 0 0 0 1 0 0
180	3	1 1 1 1 0 0 1 1 1 1 0 0 0 0 1 0
180	8	1 1 0 1 0 0 1 0 1 0 1 0 0 0 0 1
180	1	1 1 1 0 1 0 1 0 0 0 1 0 0 1 0 0
180	4	0 1 1 0 0 0 1 1 1 0 0 0 0 0 0 0
180	5	1 1 1 0 0 0 0 1 1 0 0 0 0 0 0 0
180	2	1 1 1 1 0 0 0 0 1 0 1 0 0 0 0 1
180	3	0 1 1 1 0 0 1 1 1 1 0 1 0 0 0 0
180	4	0 1 0 0 0 0 0 0 0 0 0 1 0 0 0 0
180	3	0 1 0 1 0 0 1 0 1 0 1 0 0 0 0 1
180	3	1 0 0 0 0 0 0 1 1 0 0 0 0 0 0 0
180	1	1 1 1 0 0 1 1 1 1 1 0 0 0 0 0 0
180	1	0 1 1 1 0 0 1 1 1 1 0 0 0 0 0 0
180	3	1 1 1 1 0 0 1 0 1 0 1 1 0 0 0 1
180	3	1 1 1 1 0 1 1 1 1 1 0 0 0 0 0 1
180	5	1 1 1 1 1 1 1 0 1 1 1 1 0 0 0 1
180	2	1 1 1 0 0 1 1 0 0 0 0 0 0 0 0 1
180	1	1 0 0 1 0 0 1 1 1 0 1 0 0 0 0 1
180	2	0 1 1 1 0 0 0 1 1 1 0 0 0 0 0 0
180	2	1 1 1 0 1 0 1 1 1 0 0 0 0 0 0 0
180	2	1 0 1 1 0 0 1 0 1 0 1 0 0 0 0 1
180	5	1 1 1 1 0 1 1 1 1 1 0 1 0 0 0 0
180	1	0 0 0 0 0 0 0 0 0 0 0 1 0 1 0 0
180	3	1 1 1 1 0 0 1 0 1 1 0 0 0 1 0 1
180	1	1 1 1 0 0 0 1 0 1 0 0 0 0 0 1 0
180	1	1 1 1 1 0 0 1 0 1 0 0 0 1 0 0 1
180	1	1 1 1 1 0 0 1 0 1 1 1 1 0 0 0 1
180	2	1 1 1 1 0 0 0 1 1 1 0 1 0 1 1 0
180	1	1 1 0 1 0 0 1 1 1 1 0 0 0 0 0 0
180	3	0 0 1 1 0 0 0 1 1 1 0 0 1 0 0 0
190	105	1 1 1 0 0 0 1 1 1 1 0 0 0 0 0 0
190	83	1 1 1 1 0 0 1 1 1 1 0 0 0 0 0 0
190	47	1 1 1 1 0 0 1 0 1 1 0 0 0 0 0 0
190	19	1 1 1 1 0 0 1 0 1 1 0 1 0 0 0 0
190	8	1 1 1 0 0 0 1 1 1 0 0 0 0 0 0 0
190	44	1 1 1 1 0 0 1 0 1 0 1 0 0 0 0 1
190	7	1 1 1 1 0 0 1 0 1 0 1 0 0 0 0 0
190	9	1 1 1 1 0 0 1 1 1 0 0 0 0 0 0 0
190	5	1 1 1 1 0 0 1 1 0 1 1 0 0 0 0 1
190	17	1 1 1 1 0 1 1 1 1 1 0 0 0 0 0 0
190	128	1 1 1 1 0 0 1 1 1 1 0 1 0 0 0 0
190	10	1 1 1 1 0 0 1 1 1 1 0 1 0 1 1 0
190	44	1 1 1 1 0 1 1 0 1 1 1 1 0 0 0 1
190	7	0 0 0 0 0 0 0 0 0 0 0 1 0 0 0 0
190	6	1 1 1 0 1 0 0 0 0 1 0 0 0 0 0 0
190	19	1 1 0 0 1 0 0 0 1 1 0 0 0 0 0 0
190	12	1 1 1 1 0 0 1 1 1 1 0 0 0 0 0 1
190	27	0 1 1 1 1 0 1 1 1 0 0 0 0 0 0 0
190	2	1 1 1 0 0 0 1 0 0 0 0 0 0 0 0 1
190	19	1 0 1 0 0 0 0 0 0 0 0 1 0 0 0 0
190	7	1 1 0 0 0 0 0 0 0 1 0 0 0 0 0 0
190	12	1 1 0 1 0 0 1 1 1 0 1 0 0 0 0 1
190	20	1 1 1 1 0 0 0 1 1 1 0 0 0 0 0 0
190	10	1 0 1 1 0 1 1 0 1 1 1 1 0 0 0 1
190	6	1 1 1 1 0 0 1 1 1 1 0 1 0 1 0 0
190	7	1 1 0 1 0 0 1 1 1 1 0 1 0 0 0 0
190	14	1 1 1 0 1 0 1 0 0 0 1 0 0 1 0 1
190	24	1 0 1 1 0 0 1 1 1 1 0 0 0 0 0 0
190	21	1 0 1 1 0 0 1 1 1 1 0 1 0 0 0 0
190	1	1 0 1 1 0 0 1 1 1 1 0 0 0 1 0 0
190	10	1 0 0 0 0 0 0 1 1 0 1 1 0 0 1 0
190	1	1 1 0 0 0 0 1 1 1 0 0 1 0 0 0 0
190	5	1 1 1 1 0 1 1 0 1 1 1 0 0 0 0 0
190	14	1 1 1 1 0 0 1 0 1 1 0 0 0 0 0 1
190	1	1 1 0 0 0 0 0 0 0 1 0 0 1 0 0 0
190	29	1 1 1 1 0 0 1 0 1 0 0 0 0 0 0 1
190	2	1 0 1 1 0 1 0 1 1 1 0 0 1 0 0 0
190	13	1 1 0 1 0 0 1 0 1 0 1 0 0 0 0 1
190	26	0 1 1 1 0 0 1 1 1 1 0 1 0 0 0 0
190	3	1 1 1 1 0 0 1 0 1 0 1 1 0 0 0 1
190	8	1 1 1 1 1 1 1 0 1 1 1 1 0 0 0 1
190	21	1 1 1 0 0 1 1 0 0 0 0 0 0 0 0 1
190	9	1 1 1 0 1 0 1 1 1 0 0 0 0 0 0 0
190	6	1 1 1 1 0 0 0 1 1 1 0 1 0 1 1 0
190	3	1 1 0 1 0 0 1 1 1 1 0 0 0 0 0 0
190	1	1 1 1 1 0 0 1 1 1 1 1 0 0 0 0 1
190	5	1 1 1 1 0 0 1 1 1 1 0 0 0 1 1 0
190	6	0 1 1 1 1 0 1 0 1 0 0 0 0 0 0 0
190	4	1 1 1 1 0 0 0 0 0 1 0 0 0 0 0 0
190	1	1 1 0 1 1 0 1 1 1 1 0 1 0 0 0 0
190	4	1 0 1 1 0 1 1 0 1 1 1 1 0 1 0 1
190	1	0 0 1 0 0 0 0 0 0 1 0 0 0 0 0 0
190	5	0 1 1 1 0 0 1 1 1 1 0 0 0 0 0 0
190	3	1 1 1 1 0 0 1 0 1 1 0 0 1 0 0 1
190	3	1 1 1 0 0 0 1 1 1 0 0 0 0 0 0 1
190	6	1 1 1 1 1 0 1 1 0 1 1 0 0 0 0 1
190	6	1 1 0 1 0 0 0 1 1 1 0 0 0 0 0 0
190	2	1 1 1 1 0 0 1 0 0 0 0 0 0 0 0 1
190	2	1 1 1 1 0 0 1 0 1 1 0 0 1 1 0 1
190	2	0 0 1 1 0 0 1 1 1 1 0 0 0 0 0 0
190	3	1 1 0 0 0 0 1 1 1 1 0 0 0 0 0 0
190	8	0 1 1 1 0 0 1 0 1 1 0 1 0 0 0 0
190	1	1 1 0 1 0 0 1 0 1 0 1 0 0 0 0 0
190	3	1 1 1 0 0 0 1 0 1 1 0 0 0 0 0 0
190	4	1 1 1 1 0 0 1 1 1 0 0 1 0 0 0 0
190	5	1 0 0 0 1 0 0 0 1 1 0 0 0 0 0 0
190	2	1 1 0 1 0 0 1 1 1 1 1 0 0 0 0 1
190	2	1 1 0 1 0 1 1 1 1 1 0 1 0 0 0 0
190	2	1 0 1 1 0 1 1 0 1 1 0 0 0 0 0 0
190	1	1 0 1 1 0 0 0 0 1 1 0 0 0 0 0 0
190	2	0 1 1 0 0 0 1 1 1 1 0 0 0 0 0 0
190	4	1 1 1 0 0 0 1 1 1 1 0 1 0 0 0 0
190	2	1 0 1 0 1 0 0 0 0 1 0 0 0 0 0 0
190	4	1 1 1 1 0 0 1 0 1 1 0 0 0 1 0 1
190	1	1 1 1 0 0 1 1 0 0 0 0 0 0 0 1 1
190	2	1 0 1 1 1 0 1 1 0 1 1 0 0 0 0 1
190	2	0 1 1 1 1 0 1 1 1 0 0 1 0 0 0 1
190	2	1 0 1 0 0 0 1 1 1 1 0 0 0 0 0 0
190	2	1 1 1 1 0 0 1 0 1 1 0 0 0 0 1 0
190	2	1 1 1 0 0 0 1 0 1 0 1 0 0 0 0 1
190	1	1 1 1 1 1 0 1 1 1 1 0 1 0 0 0 0
190	1	1 1 1 1 1 0 1 1 1 1 0 1 0 1 1 0
190	2	1 1 1 1 0 0 1 0 1 0 0 0 0 0 0 0
200	67	1 1 1 0 0 0 1 1 1 1 0 0 0 0 0 0
200	62	1 1 1 1 0 0 1 1 1 1 0 0 0 0 0 0
200	25	1 1 1 1 0 0 1 0 1 1 0 0 0 0 0 0
200	3	1 1 1 1 0 0 1 0 1 1 0 1 0 0 0 0
200	33	1 1 1 0 0 0 1 1 1 0 0 0 0 0 0 0
200	52	1 1 1 1 0 0 1 0 1 0 1 0 0 0 0 1
200	14	1 1 1 1 0 0 1 1 1 0 0 0 0 0 0 0
200	1	1 1 1 1 0 0 1 1 0 1 1 0 0 0 0 1
200	23	1 1 1 1 0 1 1 1 1 1 0 0 0 0 0 0
200	75	1 1 1 1 0 0 1 1 1 1 0 1 0 0 0 0
200	7	1 1 1 1 0 0 1 1 1 1 0 1 0 1 1 0
200	29	1 1 1 1 0 1 1 0 1 1 1 1 0 0 0 1
200	5	1 1 1 0 1 0 0 0 0 1 0 0 0 0 0 0
200	24	1 1 0 0 1 0 0 0 1 1 0 0 0 0 0 0
200	15	1 1 1 1 0 0 1 1 1 1 0 0 0 0 0 1
200	51	0 1 1 1 1 0 1 1 1 0 0 0 0 0 0 0
200	11	1 0 1 0 0 0 0 0 0 0 0 1 0 0 0 0
200	28	1 1 1 1 0 0 0 1 1 1 0 0 0 0 0 0
200	2	1 0 1 1 0 1 1 0 1 1 1 1 0 0 0 1
200	21	1 1 0 1 0 0 1 1 1 1 0 1 0 0 0 0
200	1	1 1 1 0 1 0 1 0 0 0 1 0 0 1 0 1
200	28	1 0 1 1 0 0 1 1 1 1 0 0 0 0 0 0
200	18	1 0 1 1 0 0 1 1 1 1 0 1 0 0 0 0
200	14	1 1 1 1 0 0 1 0 1 1 0 0 0 0 0 1
200	21	1 1 1 1 0 0 1 0 1 0 0 0 0 0 0 1
200	2	1 0 1 1 0 1 0 1 1 1 0 0 1 0 0 0
200	35	1 1 0 1 0 0 1 0 1 0 1 0 0 0 0 1
200	14	1 1 1 1 0 0 1 0 1 0 1 1 0 0 0 1
200	9	1 1 1 1 1 1 1 0 1 1 1 1 0 0 0 1
200	5	1 1 1 0 0 1 1 0 0 0 0 0 0 0 0 1
200	2	1 1 1 0 1 0 1 1 1 0 0 0 0 0 0 0
200	2	0 1 1 1 1 0 1 0 1 0 0 0 0 0 0 0
200	7	1 1 1 1 0 0 0 0 0 1 0 0 0 0 0 0
200	5	1 1 1 1 0 0 1 0 1 1 0 0 1 0 0 1
200	1	1 1 0 1 0 0 0 1 1 1 0 0 0 0 0 0
200	5	0 0 1 1 0 0 1 1 1 1 0 0 0 0 0 0
200	1	0 1 1 1 0 0 1 0 1 1 0 1 0 0 0 0
200	9	1 1 1 1 0 0 1 1 1 0 0 1 0 0 0 0
200	1	1 0 0 0 1 0 0 0 1 1 0 0 0 0 0 0
200	1	1 0 1 1 0 0 0 0 1 1 0 0 0 0 0 0
200	6	0 1 1 0 0 0 1 1 1 1 0 0 0 0 0 0
200	14	1 1 1 0 0 0 1 1 1 1 0 1 0 0 0 0
200	12	1 1 1 1 0 0 1 0 1 1 0 0 0 1 0 1
200	14	1 1 1 1 0 0 1 0 1 0 0 0 0 0 0 0
200	18	1 1 1 1 0 0 1 1 1 1 1 0 0 0 0 0
200	9	1 1 1 1 1 1 1 0 1 1 0 1 0 0 0 0
200	3	1 1 1 1 0 1 1 0 1 1 0 1 0 0 0 0
200	12	1 1 1 1 0 0 1 1 1 1 0 1 0 0 1 0
200	3	1 1 1 1 0 0 1 1 1 1 0 0 0 1 0 0
200	6	1 1 1 0 1 0 1 1 1 1 0 0 0 0 0 0
200	11	1 1 1 1 0 0 1 0 0 1 0 1 0 0 0 0
200	4	1 1 1 1 0 0 1 1 0 1 0 1 0 0 0 0
200	3	0 1 1 1 0 0 1 1 1 0 0 1 0 0 0 0
200	7	1 1 1 1 1 1 1 0 0 1 1 1 0 0 0 1
200	5	1 1 1 1 0 0 1 1 1 1 0 1 0 0 0 1
200	2	1 1 1 1 0 0 1 1 1 1 0 0 0 0 1 0
200	7	0 0 1 0 0 0 0 0 0 0 0 1 0 0 0 0
200	10	1 1 1 0 0 0 1 1 1 1 0 0 0 1 1 0
200	1	0 1 0 0 0 0 0 0 0 1 0 0 0 0 0 0
200	1	0 1 1 1 0 0 1 1 1 0 1 1 0 0 0 0
200	10	1 1 1 1 0 1 1 1 1 1 0 0 0 0 0 1
200	14	1 1 1 0 0 0 1 0 1 0 0 0 0 0 0 0
200	1	1 1 1 1 0 1 1 0 1 1 1 1 0 0 1 1
200	9	1 0 1 1 1 0 1 1 1 0 0 0 0 0 0 0
200	10	0 1 1 1 0 0 1 1 1 1 0 0 0 0 0 0
200	4	1 1 1 1 0 0 0 0 0 1 0 0 0 0 1 1
200	2	1 1 1 1 0 1 1 0 1 1 0 0 0 0 0 0
200	3	1 0 1 1 0 0 1 1 1 1 0 0 0 0 1 0
200	3	1 1 1 1 0 0 1 1 1 1 0 1 1 0 0 0
200	2	1 1 0 1 0 1 1 0 1 1 1 1 0 0 0 1
200	6	0 1 1 1 1 0 1 1 1 0 0 0 0 0 1 0
200	6	1 0 1 1 0 1 0 1 1 1 0 0 1 0 1 0
200	3	1 1 1 1 0 0 1 1 1 0 0 0 0 1 1 0
200	4	1 1 1 0 0 0 1 1 1 1 0 1 0 0 1 0
200	3	1 1 1 1 0 0 1 0 1 0 1 1 0 0 0 0
200	1	1 1 1 1 0 0 1 1 1 1 1 0 0 0 0 1
200	3	1 1 1 1 1 0 1 1 1 1 0 0 0 0 0 0
200	2	1 1 1 1 0 0 1 0 0 1 0 0 0 0 0 0
200	4	1 1 1 1 0 0 1 0 1 0 1 0 0 1 0 1
200	4	1 1 1 0 0 1 1 0 0 0 0 0 0 1 0 1
200	2	0 0 1 1 1 0 1 0 1 0 0 0 0 0 0 0
200	2	1 0 1 1 0 0 1 0 1 0 0 0 0 0 0 0
200	4	1 1 1 1 0 0 0 1 1 1 1 0 0 0 0 0
200	2	0 1 0 1 0 0 1 1 1 1 0 0 0 0 0 0
200	3	1 1 0 1 0 0 1 1 1 0 0 0 0 1 1 0
200	3	1 1 1 1 0 0 1 0 1 0 1 0 0 0 0 0
200	1	0 1 1 1 1 0 1 1 1 1 0 1 0 0 0 0
200	1	1 1 1 1 0 0 0 0 0 1 0 1 0 0 0 0
200	2	1 1 1 1 0 0 1 1 1 1 0 0 1 0 0 0
200	2	1 1 0 1 0 0 1 0 1 1 0 0 0 0 0 0
200	1	1 1 1 1 0 1 1 1 1 1 0 0 1 0 0 0
200	1	1 1 1 1 0 0 1 1 0 1 0 0 0 0 0 1
200	1	0 0 1 1 1 0 1 1 1 0 0 0 0 0 0 0
200	1	1 1 0 1 1 0 1 0 1 0 1 0 0 0 0 1
200	1	1 1 0 1 0 0 1 0 1 0 1 1 0 0 0 1
200	1	1 1 0 1 0 0 1 1 1 1 1 0 0 0 0 0
200	1	1 0 1 1 1 0 1 1 1 0 1 0 0 0 0 0
210	69	1 1 1 0 0 0 1 1 1 1 0 0 0 0 0 0
210	71	1 1 1 1 0 0 1 1 1 1 0 0 0 0 0 0
210	33	1 1 1 1 0 0 1 0 1 1 0 0 0 0 0 0
210	14	1 1 1 0 0 0 1 1 1 0 0 0 0 0 0 0
210	72	1 1 1 1 0 0 1 0 1 0 1 0 0 0 0 1
210	12	1 1 1 1 0 0 1 1 1 0 0 0 0 0 0 0
210	1	1 1 1 1 0 0 1 1 0 1 1 0 0 0 0 1
210	17	1 1 1 1 0 1 1 1 1 1 0 0 0 0 0 0
210	62	1 1 1 1 0 0 1 1 1 1 0 1 0 0 0 0
210	35	1 1 1 1 0 1 1 0 1 1 1 1 0 0 0 1
210	18	1 1 0 0 1 0 0 0 1 1 0 0 0 0 0 0
210	4	1 1 1 1 0 0 1 1 1 1 0 0 0 0 0 1
210	11	0 1 1 1 1 0 1 1 1 0 0 0 0 0 0 0
210	17	1 1 1 1 0 0 0 1 1 1 0 0 0 0 0 0
210	2	1 1 0 1 0 0 1 1 1 1 0 1 0 0 0 0
210	28	1 0 1 1 0 0 1 1 1 1 0 0 0 0 0 0
210	4	1 0 1 1 0 0 1 1 1 1 0 1 0 0 0 0
210	12	1 1 1 1 0 0 1 0 1 1 0 0 0 0 0 1
210	2	1 1 1 1 0 0 1 0 1 0 0 0 0 0 0 1
210	17	1 1 0 1 0 0 1 0 1 0 1 0 0 0 0 1
210	11	1 1 1 1 0 0 1 0 1 0 1 1 0 0 0 1
210	7	1 1 1 1 1 1 1 0 1 1 1 1 0 0 0 1
210	15	1 1 1 0 0 1 1 0 0 0 0 0 0 0 0 1
210	16	0 1 1 1 1 0 1 0 1 0 0 0 0 0 0 0
210	2	1 1 1 1 0 0 0 0 0 1 0 0 0 0 0 0
210	2	1 1 1 1 0 0 1 0 1 1 0 0 1 0 0 1
210	1	0 0 1 1 0 0 1 1 1 1 0 0 0 0 0 0
210	3	0 1 1 1 0 0 1 0 1 1 0 1 0 0 0 0
210	7	1 1 1 1 0 0 1 1 1 0 0 1 0 0 0 0
210	2	0 1 1 0 0 0 1 1 1 1 0 0 0 0 0 0
210	19	1 1 1 0 0 0 1 1 1 1 0 1 0 0 0 0
210	16	1 1 1 1 0 0 1 0 1 0 0 0 0 0 0 0
210	9	1 1 1 1 0 0 1 1 1 1 1 0 0 0 0 0
210	21	1 1 1 1 1 1 1 0 1 1 0 1 0 0 0 0
210	29	1 1 1 1 0 0 1 1 1 1 0 1 0 0 1 0
210	15	1 1 1 1 0 0 1 1 1 1 0 0 0 1 0 0
210	2	1 1 1 0 1 0 1 1 1 1 0 0 0 0 0 0
210	17	1 1 1 1 0 0 1 0 0 1 0 1 0 0 0 0
210	8	0 1 1 1 0 0 1 1 1 0 0 1 0 0 0 0
210	4	1 1 1 1 0 0 1 1 1 1 0 1 0 0 0 1
210	10	1 1 1 1 0 0 1 1 1 1 0 0 0 0 1 0
210	1	1 1 1 0 0 0 1 1 1 1 0 0 0 1 1 0
210	43	1 1 1 1 0 1 1 1 1 1 0 0 0 0 0 1
210	36	1 1 1 0 0 0 1 0 1 0 0 0 0 0 0 0
210	7	1 0 1 1 1 0 1 1 1 0 0 0 0 0 0 0
210	5	0 1 1 1 0 0 1 1 1 1 0 0 0 0 0 0
210	10	1 1 1 1 0 0 1 1 1 1 0 1 1 0 0 0
210	1	1 1 0 1 0 1 1 0 1 1 1 1 0 0 0 1
210	14	1 1 1 1 0 0 1 0 1 0 1 0 0 0 0 0
210	2	1 1 0 1 0 0 1 0 1 1 0 0 0 0 0 0
210	6	1 1 1 1 0 0 1 1 0 1 0 0 0 0 0 1
210	3	0 0 1 1 1 0 1 1 1 0 0 0 0 0 0 0
210	1	1 1 1 1 0 1 1 1 1 1 0 1 0 0 0 0
210	1	1 1 1 1 0 0 1 0 1 0 1 0 0 1 0 0
210	2	1 1 1 1 0 0 1 0 1 0 0 0 0 1 0 1
210	11	1 1 1 0 0 1 1 0 1 1 1 1 0 0 0 1
210	4	1 1 1 0 0 0 1 0 1 1 0 0 0 1 0 1
210	6	1 1 0 1 0 0 0 1 1 1 0 1 0 0 1 0
210	12	1 1 0 0 0 0 0 0 0 1 0 0 0 0 0 0
210	1	1 1 0 1 0 0 1 0 1 0 1 0 0 0 0 0
210	2	1 1 1 1 0 0 0 0 1 1 0 0 0 0 0 0
210	1	1 1 1 1 0 0 1 1 0 1 0 1 0 0 1 0
210	5	1 1 1 1 0 0 1 0 0 0 0 1 0 0 0 0
210	1	1 1 1 1 0 0 1 1 1 1 0 0 0 1 1 0
210	3	0 1 1 1 0 0 1 1 1 1 0 0 0 1 0 0
210	5	0 1 1 1 0 0 1 0 1 1 0 0 0 0 0 0
210	4	0 1 1 1 0 0 1 1 1 1 0 1 1 0 0 0
210	5	1 1 1 0 0 0 1 1 1 1 1 0 0 0 0 1
210	3	1 1 1 1 0 0 1 0 1 1 1 1 0 0 0 1
210	7	1 1 0 1 0 0 1 1 1 1 0 0 0 0 0 0
210	3	1 1 0 0 1 0 1 0 1 1 0 0 0 0 0 0
210	2	0 0 0 1 0 0 1 1 1 1 0 0 0 0 0 0
210	1	1 1 0 1 0 1 1 0 1 0 1 1 0 0 0 1
210	3	1 1 0 1 0 1 1 0 0 1 1 1 0 0 0 1
210	1	0 1 1 1 0 0 1 0 1 0 1 0 0 0 0 1
210	6	1 1 1 1 0 1 1 0 1 1 0 0 0 0 0 0
210	2	1 0 1 1 0 0 1 1 0 1 0 0 0 0 0 0
210	3	1 0 1 1 0 1 1 1 1 1 0 0 0 0 0 0
210	1	1 1 1 1 0 0 1 0 1 0 0 1 0 0 0 0
210	2	1 1 1 1 0 0 1 0 0 0 0 0 0 0 0 0
210	3	1 1 1 0 0 0 1 0 1 0 0 0 1 0 0 0
210	4	1 1 1 0 0 0 1 1 1 1 0 0 0 1 0 0
210	3	1 1 1 1 0 0 1 0 1 1 1 1 0 0 0 0
210	8	1 1 1 1 0 0 1 0 1 1 0 1 0 0 0 0
210	1	1 1 1 1 1 1 1 1 1 1 0 0 0 0 0 0
210	2	1 0 1 1 1 0 0 0 0 1 0 0 0 0 0 0
210	1	0 1 1 1 1 0 0 1 1 0 0 0 0 0 0 0
210	1	1 0 1 1 0 0 0 1 1 1 0 0 0 0 0 0
210	1	1 1 1 1 0 0 1 0 1 0 1 1 0 1 0 1
210	3	1 0 1 1 0 0 1 0 1 0 1 0 0 0 0 0
210	2	1 1 0 0 0 0 0 0 1 1 0 0 0 0 0 0
210	1	1 0 1 0 0 0 1 1 1 0 0 0 0 0 0 0
210	3	1 0 1 1 0 0 1 0 1 0 1 0 0 0 0 1
210	1	1 1 1 1 0 0 1 0 0 1 0 0 0 0 0 1
210	4	1 1 1 0 1 0 1 1 1 1 1 0 0 0 0 0
210	4	1 1 0 0 1 0 1 0 1 1 0 0 0 1 0 0
210	1	1 1 1 0 0 0 1 1 1 1 1 1 0 0 0 1
210	1	1 0 1 1 1 0 1 1 1 0 0 0 0 0 0 1
210	2	1 0 1 1 0 0 1 0 1 1 0 1 0 0 0 0
210	1	1 1 0 1 0 1 1 0 0 1 1 1 0 0 0 0
210	2	1 1 1 0 0 0 1 1 1 0 0 0 0 0 1 0
210	1	0 1 1 1 0 1 1 0 1 1 1 1 0 0 0 1
210	1	1 1 1 1 0 1 1 0 1 1 0 1 0 0 0 0
210	1	1 0 1 1 0 0 1 0 0 1 0 1 0 0 0 0
210	2	1 1 1 1 0 1 1 1 1 1 0 0 0 1 0 1
210	3	1 0 1 1 0 0 1 1 0 1 0 0 0 0 0 1
220	39	1 1 1 0 0 0 1 1 1 1 0 0 0 0 0 0
220	47	1 1 1 1 0 0 1 1 1 1 0 0 0 0 0 0
220	30	1 1 1 1 0 0 1 0 1 1 0 0 0 0 0 0
220	6	1 1 1 0 0 0 1 1 1 0 0 0 0 0 0 0
220	68	1 1 1 1 0 0 1 0 1 0 1 0 0 0 0 1
220	21	1 1 1 1 0 0 1 1 1 0 0 0 0 0 0 0
220	22	1 1 1 1 0 1 1 1 1 1 0 0 0 0 0 0
220	71	1 1 1 1 0 0 1 1 1 1 0 1 0 0 0 0
220	18	1 1 1 1 0 1 1 0 1 1 1 1 0 0 0 1
220	11	1 1 0 0 1 0 0 0 1 1 0 0 0 0 0 0
220	20	1 1 1 1 0 0 1 1 1 1 0 0 0 0 0 1
220	59	0 1 1 1 1 0 1 1 1 0 0 0 0 0 0 0
220	22	1 1 1 1 0 0 0 1 1 1 0 0 0 0 0 0
220	6	1 1 0 1 0 0 1 1 1 1 0 1 0 0 0 0
220	29	1 0 1 1 0 0 1 1 1 1 0 0 0 0 0 0
220	4	1 0 1 1 0 0 1 1 1 1 0 1 0 0 0 0
220	4	1 1 1 1 0 0 1 0 1 1 0 0 0 0 0 1
220	11	1 1 1 1 0 0 1 0 1 0 0 0 0 0 0 1
220	5	1 1 1 1 1 1 1 0 1 1 1 1 0 0 0 1
220	7	1 1 1 0 0 1 1 0 0 0 0 0 0 0 0 1
220	6	0 1 1 1 1 0 1 0 1 0 0 0 0 0 0 0
220	6	1 1 1 1 0 0 1 1 1 0 0 1 0 0 0 0
220	2	1 1 1 0 0 0 1 1 1 1 0 1 0 0 0 0
220	27	1 1 1 1 0 0 1 0 1 0 0 0 0 0 0 0
220	14	1 1 1 1 0 0 1 1 1 1 1 0 0 0 0 0
220	30	1 1 1 1 1 1 1 0 1 1 0 1 0 0 0 0
220	13	1 1 1 1 0 0 1 1 1 1 0 1 0 0 1 0
220	14	1 1 1 1 0 0 1 1 1 1 0 0 0 1 0 0
220	6	1 1 1 1 0 0 1 0 0 1 0 1 0 0 0 0
220	11	0 1 1 1 0 0 1 1 1 0 0 1 0 0 0 0
220	3	1 1 1 1 0 0 1 1 1 1 0 1 0 0 0 1
220	5	1 1 1 1 0 0 1 1 1 1 0 0 0 0 1 0
220	37	1 1 1 1 0 1 1 1 1 1 0 0 0 0 0 1
220	25	1 1 1 0 0 0 1 0 1 0 0 0 0 0 0 0
220	13	0 1 1 1 0 0 1 1 1 1 0 0 0 0 0 0
220	3	1 1 1 1 0 0 1 1 1 1 0 1 1 0 0 0
220	35	1 1 1 1 0 0 1 0 1 0 1 0 0 0 0 0
220	4	1 1 1 1 0 0 1 1 0 1 0 0 0 0 0 1
220	4	1 1 1 0 0 1 1 0 1 1 1 1 0 0 0 1
220	1	1 1 1 0 0 0 1 0 1 1 0 0 0 1 0 1
220	7	1 1 0 1 0 0 0 1 1 1 0 1 0 0 1 0
220	13	1 1 0 0 0 0 0 0 0 1 0 0 0 0 0 0
220	15	1 1 1 1 0 0 1 0 0 0 0 1 0 0 0 0
220	13	0 1 1 1 0 0 1 0 1 1 0 0 0 0 0 0
220	3	1 1 1 0 0 0 1 1 1 1 1 0 0 0 0 1
220	2	1 1 0 1 0 1 1 0 1 0 1 1 0 0 0 1
220	1	1 1 0 1 0 1 1 0 0 1 1 1 0 0 0 1
220	5	1 1 1 1 0 1 1 0 1 1 0 0 0 0 0 0
220	5	1 0 1 1 0 1 1 1 1 1 0 0 0 0 0 0
220	3	1 1 1 1 0 0 1 0 1 1 1 1 0 0 0 0
220	11	1 1 1 1 0 0 1 0 1 1 0 1 0 0 0 0
220	12	1 1 1 0 1 0 1 1 1 1 1 0 0 0 0 0
220	10	1 1 1 1 0 1 1 0 1 1 0 1 0 0 0 0
220	2	1 1 1 1 0 1 1 1 1 1 0 0 0 1 0 1
220	1	1 0 1 1 0 0 1 1 0 1 0 0 0 0 0 1
220	5	1 1 1 0 0 0 1 1 1 1 1 0 0 0 0 0
220	1	1 1 1 1 0 1 1 0 1 1 1 1 0 1 0 1
220	2	1 1 0 1 0 1 1 0 1 0 0 0 0 0 0 0
220	7	0 1 1 1 0 1 1 1 1 1 0 0 0 0 0 1
220	1	1 1 1 1 0 0 1 1 0 1 0 1 0 0 0 0
220	4	1 1 1 1 0 0 1 0 1 0 0 0 0 1 0 0
220	7	1 1 1 1 0 0 0 1 1 1 0 1 0 0 0 0
220	14	1 1 1 1 0 0 0 1 0 1 0 1 0 0 0 0
220	4	1 1 1 0 0 0 1 0 1 0 0 0 0 0 0 1
220	2	0 1 1 1 0 0 1 0 1 1 1 1 0 0 0 1
220	5	1 1 1 1 1 0 1 1 1 1 0 1 0 0 0 1
220	3	1 1 1 1 0 0 1 0 1 0 1 0 0 0 1 0
220	1	1 1 1 0 0 0 1 0 1 1 0 1 0 0 0 0
220	3	1 1 1 0 0 0 1 0 1 0 1 0 0 0 0 1
220	3	1 1 1 0 0 0 1 1 1 1 0 0 0 0 1 0
220	6	1 0 1 1 0 0 1 1 1 1 0 0 0 1 0 0
220	3	0 1 1 1 1 0 0 0 1 0 0 0 0 0 0 0
220	6	1 1 1 1 0 0 1 0 0 1 1 1 0 0 0 1
220	2	0 1 1 1 0 0 1 0 0 1 0 0 0 0 0 0
220	3	0 1 1 1 0 0 1 0 1 0 1 0 0 0 0 1
220	2	1 1 1 1 0 1 1 1 1 1 0 1 0 0 0 0
220	1	1 1 1 1 0 0 1 0 1 0 0 0 1 0 0 0
220	7	1 1 1 1 0 0 1 0 0 0 0 1 0 1 0 0
220	2	1 1 1 0 0 0 1 1 1 0 1 0 0 0 0 1
220	1	1 1 1 1 1 0 0 0 1 1 0 0 0 0 0 0
220	1	0 1 1 1 1 0 1 1 1 0 0 1 0 0 1 0
220	2	1 0 1 1 0 0 1 0 1 1 0 0 0 0 0 0
220	1	0 1 1 1 1 0 1 1 1 0 0 0 0 1 0 0
220	1	1 0 0 1 0 0 1 1 1 1 0 0 0 0 0 0
220	1	1 1 1 1 0 0 1 0 1 1 0 0 0 0 1 0
220	4	1 1 0 0 0 0 0 0 0 1 0 0 0 0 1 0
220	1	1 0 1 0 0 0 1 1 1 0 0 0 0 0 1 0
220	1	1 1 1 0 0 1 1 0 0 0 0 1 0 0 1 1
220	1	0 1 1 1 1 0 1 1 1 1 1 0 0 0 0 0
220	1	0 1 1 1 0 0 1 0 0 1 0 0 0 0 0 1
220	2	1 1 1 1 0 0 1 0 0 0 0 0 0 0 0 1
220	4	0 1 1 1 0 1 1 0 1 1 1 1 0 0 0 1
220	2	0 1 0 1 1 0 1 1 1 0 0 0 0 0 0 0
220	2	1 1 1 1 0 0 1 0 1 0 0 1 0 0 0 1
220	2	1 1 1 0 0 1 1 0 0 0 0 0 0 0 1 1
220	3	1 1 1 0 0 0 1 1 1 1 0 1 1 0 0 0
220	3	1 1 1 1 0 0 1 0 1 0 1 1 0 0 0 0
220	1	1 1 1 1 1 1 1 0 1 1 1 1 0 1 0 1
220	1	1 0 1 0 0 0 1 1 1 1 0 0 0 1 0 0
220	2	1 1 1 1 0 0 1 0 1 0 1 0 0 1 0 1
220	1	1 1 1 1 0 0 1 1 0 0 0 1 0 0 0 0
220	2	1 1 0 1 0 0 1 1 0 1 0 1 0 0 0 0
220	3	1 1 1 1 1 0 1 1 1 1 0 1 0 0 0 0
220	1	0 1 1 1 1 0 1 1 1 0 0 0 1 1 0 0
230	62	1 1 1 0 0 0 1 1 1 1 0 0 0 0 0 0
230	32	1 1 1 1 0 0 1 1 1 1 0 0 0 0 0 0
230	17	1 1 1 1 0 0 1 0 1 1 0 0 0 0 0 0
230	1	1 1 1 0 0 0 1 1 1 0 0 0 0 0 0 0
230	60	1 1 1 1 0 0 1 0 1 0 1 0 0 0 0 1
230	21	1 1 1 1 0 0 1 1 1 0 0 0 0 0 0 0
230	17	1 1 1 1 0 1 1 1 1 1 0 0 0 0 0 0
230	44	1 1 1 1 0 0 1 1 1 1 0 1 0 0 0 0
230	1	1 1 1 1 0 1 1 0 1 1 1 1 0 0 0 1
230	19	1 1 0 0 1 0 0 0 1 1 0 0 0 0 0 0
230	27	1 1 1 1 0 0 1 1 1 1 0 0 0 0 0 1
230	17	0 1 1 1 1 0 1 1 1 0 0 0 0 0 0 0
230	25	1 1 1 1 0 0 0 1 1 1 0 0 0 0 0 0
230	11	1 1 0 1 0 0 1 1 1 1 0 1 0 0 0 0
230	36	1 0 1 1 0 0 1 1 1 1 0 0 0 0 0 0
230	5	1 0 1 1 0 0 1 1 1 1 0 1 0 0 0 0
230	20	1 1 1 1 0 0 1 0 1 0 0 0 0 0 0 1
230	6	1 1 1 0 0 1 1 0 0 0 0 0 0 0 0 1
230	29	1 1 1 1 0 0 1 1 1 0 0 1 0 0 0 0
230	15	1 1 1 1 0 0 1 0 1 0 0 0 0 0 0 0
230	28	1 1 1 1 1 1 1 0 1 1 0 1 0 0 0 0
230	13	1 1 1 1 0 0 1 1 1 1 0 1 0 0 1 0
230	13	1 1 1 1 0 0 1 1 1 1 0 0 0 1 0 0
230	4	0 1 1 1 0 0 1 1 1 0 0 1 0 0 0 0
230	8	1 1 1 1 0 0 1 1 1 1 0 1 0 0 0 1
230	1	1 1 1 1 0 0 1 1 1 1 0 0 0 0 1 0
230	43	1 1 1 1 0 1 1 1 1 1 0 0 0 0 0 1
230	6	1 1 1 0 0 0 1 0 1 0 0 0 0 0 0 0
230	24	0 1 1 1 0 0 1 1 1 1 0 0 0 0 0 0
230	35	1 1 1 1 0 0 1 0 1 0 1 0 0 0 0 0
230	15	1 1 0 1 0 0 0 1 1 1 0 1 0 0 1 0
230	3	1 1 0 0 0 0 0 0 0 1 0 0 0 0 0 0
230	21	1 1 1 1 0 0 1 0 0 0 0 1 0 0 0 0
230	9	0 1 1 1 0 0 1 0 1 1 0 0 0 0 0 0
230	4	1 1 1 0 0 0 1 1 1 1 1 0 0 0 0 1
230	16	1 1 1 1 0 1 1 0 1 1 0 0 0 0 0 0
230	6	1 0 1 1 0 1 1 1 1 1 0 0 0 0 0 0
230	3	1 1 1 1 0 0 1 0 1 1 0 1 0 0 0 0
230	4	1 1 1 0 1 0 1 1 1 1 1 0 0 0 0 0
230	5	1 1 1 1 0 1 1 0 1 1 0 1 0 0 0 0
230	6	1 1 1 1 0 1 1 1 1 1 0 0 0 1 0 1
230	11	1 1 1 0 0 0 1 1 1 1 1 0 0 0 0 0
230	1	1 1 1 1 0 1 1 0 1 1 1 1 0 1 0 1
230	3	1 1 0 1 0 1 1 0 1 0 0 0 0 0 0 0
230	2	0 1 1 1 0 1 1 1 1 1 0 0 0 0 0 1
230	10	1 1 1 1 0 0 0 1 1 1 0 1 0 0 0 0
230	19	1 1 1 1 0 0 0 1 0 1 0 1 0 0 0 0
230	1	1 1 1 0 0 0 1 0 1 0 0 0 0 0 0 1
230	9	1 1 1 1 1 0 1 1 1 1 0 1 0 0 0 1
230	6	1 1 1 1 0 0 1 0 1 0 1 0 0 0 1 0
230	3	1 1 1 0 0 0 1 0 1 0 1 0 0 0 0 1
230	1	1 0 1 1 0 0 1 1 1 1 0 0 0 1 0 0
230	2	0 1 1 1 1 0 0 0 1 0 0 0 0 0 0 0
230	1	1 1 1 1 0 0 1 0 0 1 1 1 0 0 0 1
230	19	0 1 1 1 0 0 1 0 1 0 1 0 0 0 0 1
230	7	1 1 1 1 0 0 1 0 0 0 0 1 0 1 0 0
230	24	0 1 0 1 1 0 1 1 1 0 0 0 0 0 0 0
230	4	1 1 1 1 0 0 1 0 1 0 1 0 0 1 0 1
230	8	1 1 1 1 0 0 1 1 0 1 0 0 0 0 0 0
230	4	0 1 1 1 1 0 0 1 1 0 0 0 0 0 0 0
230	1	1 1 1 1 0 1 1 0 1 0 0 0 0 0 0 0
230	2	1 1 1 0 0 1 1 0 1 1 1 1 0 1 0 1
230	6	1 1 1 1 0 0 1 0 0 1 0 0 0 1 0 0
230	2	1 1 1 1 1 0 1 0 1 0 0 0 0 0 0 0
230	1	1 1 1 1 1 1 1 0 1 1 1 1 0 0 0 0
230	7	0 1 1 1 0 0 1 1 1 1 0 0 0 1 0 0
230	9	1 1 1 0 0 0 1 0 1 0 0 1 0 0 0 0
230	6	1 1 1 1 1 0 1 0 1 0 1 0 0 0 0 0
230	7	1 1 1 1 0 0 1 1 1 0 1 0 0 0 1 0
230	6	1 1 1 1 0 0 1 0 1 0 0 1 0 1 0 0
230	4	1 1 1 1 1 0 1 1 1 0 0 0 0 0 0 0
230	7	1 1 1 1 0 0 0 1 0 1 0 0 0 0 0 0
230	7	1 1 1 1 0 0 1 1 1 0 0 1 0 0 1 0
230	1	1 1 1 1 0 0 1 1 1 1 0 0 1 1 0 0
230	3	1 1 1 1 0 0 1 0 0 0 1 1 0 0 0 0
230	1	0 1 1 1 0 0 1 1 1 1 0 1 0 0 0 1
230	2	1 1 1 0 0 0 1 1 1 1 0 1 0 0 1 0
230	3	1 1 1 0 0 0 1 0 1 0 1 0 0 0 0 0
230	2	1 1 0 1 1 0 1 1 1 0 0 0 0 0 0 0
230	2	0 1 0 1 0 0 1 1 1 1 0 1 0 0 0 0
230	1	1 1 1 0 1 0 1 1 1 1 1 0 0 0 0 1
230	4	1 1 1 1 0 0 1 1 1 1 0 1 1 0 0 0
230	4	0 1 1 1 0 0 0 1 1 1 0 0 0 0 0 0
230	2	1 1 1 1 0 0 0 1 1 1 1 0 0 0 0 0
230	6	1 1 1 1 0 0 1 0 1 0 0 1 0 0 0 0
230	2	1 1 1 1 0 0 1 1 1 1 0 1 0 1 0 0
230	1	1 1 0 1 1 0 1 1 1 1 0 1 0 0 0 0
230	3	1 1 1 1 1 1 0 0 1 1 0 1 0 0 0 0
230	3	1 1 1 1 0 1 1 0 1 1 1 0 0 0 0 1
230	1	1 0 1 1 0 0 1 1 1 1 0 0 0 0 0 1
230	1	1 1 1 1 0 0 1 0 0 1 1 1 0 0 0 0
230	2	1 1 1 1 0 0 0 0 1 0 1 0 0 0 0 1
230	3	1 1 1 1 0 1 1 1 0 1 0 0 0 0 0 0
230	3	1 1 1 1 0 0 1 1 0 1 0 1 0 0 0 0
230	2	1 0 1 1 0 0 1 1 0 1 0 0 0 0 0 0
230	4	1 1 1 0 0 1 1 1 1 1 0 0 0 0 0 1
230	1	1 1 1 1 0 0 0 1 1 1 0 1 0 0 1 0
230	3	0 1 1 1 0 0 1 0 1 1 0 0 0 1 0 0
230	2	1 0 1 1 0 0 1 0 1 0 1 0 0 0 0 1
230	3	1 1 0 1 0 1 1 1 1 1 0 0 0 0 0 1
230	1	1 1 0 1 0 0 1 0 1 0 1 0 0 0 0 0
230	2	1 1 1 1 0 0 0 0 1 0 0 1 0 0 0 0
240	30	1 1 1 0 0 0 1 1 1 1 0 0 0 0 0 0
240	34	1 1 1 1 0 0 1 1 1 1 0 0 0 0 0 0
240	10	1 1 1 1 0 0 1 0 1 1 0 0 0 0 0 0
240	34	1 1 1 1 0 0 1 0 1 0 1 0 0 0 0 1
240	70	1 1 1 1 0 0 1 1 1 0 0 0 0 0 0 0
240	23	1 1 1 1 0 1 1 1 1 1 0 0 0 0 0 0
240	39	1 1 1 1 0 0 1 1 1 1 0 1 0 0 0 0
240	2	1 1 1 1 0 1 1 0 1 1 1 1 0 0 0 1
240	7	1 1 0 0 1 0 0 0 1 1 0 0 0 0 0 0
240	21	1 1 1 1 0 0 1 1 1 1 0 0 0 0 0 1
240	1	0 1 1 1 1 0 1 1 1 0 0 0 0 0 0 0
240	14	1 1 1 1 0 0 0 1 1 1 0 0 0 0 0 0
240	4	1 1 0 1 0 0 1 1 1 1 0 1 0 0 0 0
240	32	1 0 1 1 0 0 1 1 1 1 0 0 0 0 0 0
240	4	1 0 1 1 0 0 1 1 1 1 0 1 0 0 0 0
240	1	1 1 1 1 0 0 1 0 1 0 0 0 0 0 0 1
240	12	1 1 1 0 0 1 1 0 0 0 0 0 0 0 0 1
240	57	1 1 1 1 0 0 1 1 1 0 0 1 0 0 0 0
240	51	1 1 1 1 0 0 1 0 1 0 0 0 0 0 0 0
240	44	1 1 1 1 1 1 1 0 1 1 0 1 0 0 0 0
240	18	1 1 1 1 0 0 1 1 1 1 0 1 0 0 1 0
240	2	1 1 1 1 0 0 1 1 1 1 0 0 0 1 0 0
240	1	0 1 1 1 0 0 1 1 1 0 0 1 0 0 0 0
240	11	1 1 1 1 0 1 1 1 1 1 0 0 0 0 0 1
240	9	1 1 1 0 0 0 1 0 1 0 0 0 0 0 0 0
240	69	0 1 1 1 0 0 1 1 1 1 0 0 0 0 0 0
240	26	1 1 1 1 0 0 1 0 1 0 1 0 0 0 0 0
240	9	1 1 0 1 0 0 0 1 1 1 0 1 0 0 1 0
240	2	1 1 0 0 0 0 0 0 0 1 0 0 0 0 0 0
240	4	1 1 1 1 0 0 1 0 0 0 0 1 0 0 0 0
240	6	0 1 1 1 0 0 1 0 1 1 0 0 0 0 0 0
240	5	1 1 1 1 0 1 1 0 1 1 0 0 0 0 0 0
240	8	1 0 1 1 0 1 1 1 1 1 0 0 0 0 0 0
240	10	1 1 1 0 1 0 1 1 1 1 1 0 0 0 0 0
240	2	1 1 1 1 0 1 1 1 1 1 0 0 0 1 0 1
240	5	1 1 1 0 0 0 1 1 1 1 1 0 0 0 0 0
240	53	1 1 1 1 0 0 0 1 1 1 0 1 0 0 0 0
240	2	1 1 1 1 0 0 0 1 0 1 0 1 0 0 0 0
240	2	1 1 1 1 0 0 1 0 1 0 1 0 0 0 1 0
240	5	1 1 1 0 0 0 1 0 1 0 1 0 0 0 0 1
240	4	1 1 1 1 0 0 1 0 0 1 1 1 0 0 0 1
240	27	0 1 1 1 0 0 1 0 1 0 1 0 0 0 0 1
240	5	1 1 1 1 0 0 1 0 0 0 0 1 0 1 0 0
240	14	0 1 0 1 1 0 1 1 1 0 0 0 0 0 0 0
240	4	0 1 1 1 0 0 1 1 1 1 0 0 0 1 0 0
240	1	1 1 1 0 0 0 1 0 1 0 0 1 0 0 0 0
240	12	1 1 1 1 1 0 1 0 1 0 1 0 0 0 0 0
240	1	1 1 1 1 0 0 1 0 1 0 0 1 0 1 0 0
240	2	1 1 1 1 0 0 1 1 1 0 0 1 0 0 1 0
240	5	1 1 1 1 0 0 1 1 1 1 0 1 1 0 0 0
240	38	1 1 1 1 0 0 1 0 1 0 0 1 0 0 0 0
240	4	1 1 1 1 0 0 1 1 1 1 0 1 0 1 0 0
240	5	1 0 1 1 0 0 1 1 1 1 0 0 0 0 0 1
240	4	1 0 1 1 0 0 1 0 1 0 1 0 0 0 0 1
240	4	1 1 1 1 0 1 1 0 1 0 1 0 0 0 0 1
240	2	1 1 0 1 0 0 0 1 1 1 0 1 0 0 0 0
240	13	0 1 0 1 1 0 1 1 1 1 0 1 0 0 1 0
240	1	1 1 1 1 1 0 1 1 1 1 0 1 0 1 0 1
240	1	1 1 1 0 0 1 1 0 1 1 1 0 0 0 0 1
240	3	0 1 0 1 1 0 1 1 1 1 0 0 0 0 0 0
240	3	0 1 0 0 0 0 0 0 0 1 0 0 0 0 0 0
240	1	1 1 1 1 0 0 1 0 1 0 1 0 0 1 0 1
240	2	1 0 0 1 0 0 1 1 1 1 0 0 0 0 0 0
240	3	1 0 1 1 0 0 1 1 1 1 1 0 0 0 0 0
240	1	1 1 1 1 1 0 1 0 1 1 0 1 0 0 0 0
240	5	0 0 0 1 1 0 1 1 1 1 0 0 0 0 0 0
240	1	1 1 1 1 0 1 1 1 1 1 0 1 0 0 0 0
240	3	1 0 1 0 0 0 1 1 1 1 0 0 0 0 0 0
240	4	0 1 1 1 0 0 1 1 1 0 1 1 0 0 0 0
240	1	1 1 1 1 0 1 0 0 1 1 0 0 0 0 0 0
240	1	1 1 1 0 0 0 1 1 1 1 1 0 0 1 0 0
240	1	0 1 1 1 0 0 1 0 1 0 1 1 0 0 0 1
240	2	1 1 1 0 0 0 1 1 1 0 1 0 0 0 0 1
240	3	1 1 1 0 0 0 1 1 0 1 0 0 0 0 0 0
240	2	1 1 1 1 0 0 1 1 0 1 0 1 0 0 0 0
240	1	1 1 1 1 0 0 1 1 1 1 0 1 0 0 1 1
240	7	1 1 1 0 1 0 1 1 0 1 1 0 0 0 0 0
240	6	1 1 0 1 0 0 1 0 1 0 1 0 0 1 0 1
240	9	1 0 1 1 0 0 1 1 1 0 1 0 0 0 0 1
240	1	1 1 1 0 0 0 1 0 1 0 1 1 0 0 0 0
240	6	1 1 1 1 0 0 1 0 1 0 0 0 0 1 0 0
240	7	1 1 1 1 0 0 1 0 1 0 1 0 1 0 0 0
240	4	0 1 1 1 0 0 0 1 1 1 0 1 0 0 1 0
240	2	1 1 1 0 1 0 0 1 0 1 1 0 0 0 0 0
240	4	1 1 1 1 0 0 1 0 1 0 0 1 0 0 1 0
240	1	0 1 1 1 0 0 0 1 1 1 0 1 0 0 0 0
240	3	1 0 1 1 0 0 1 0 1 0 1 0 0 0 0 0
240	2	1 1 1 1 0 0 1 0 0 0 0 0 0 0 0 1
240	5	0 1 0 0 0 0 0 0 0 1 0 0 1 0 0 0
240	2	1 1 1 0 0 0 1 0 1 1 1 1 0 0 1 1
240	1	1 1 1 1 0 0 1 0 1 1 0 1 0 0 0 0
240	1	0 1 1 1 0 0 1 0 0 0 0 1 0 0 0 0
240	1	1 0 1 1 0 0 1 0 1 0 0 1 0 1 0 0
240	2	1 1 1 0 1 0 1 1 1 1 0 0 0 0 0 0
240	2	1 1 1 1 0 0 1 0 1 0 1 0 1 0 0 1
240	1	0 1 1 1 0 0 1 1 1 1 0 0 0 0 0 1
240	1	1 1 1 1 0 0 1 1 1 0 0 0 0 0 0 1
240	2	1 1 1 1 0 0 0 1 1 1 0 0 1 0 0 0
240	1	1 1 1 0 0 1 1 0 0 0 0 0 1 0 0 1
240	1	1 1 1 0 0 0 1 1 1 0 0 1 0 0 0 0
240	1	1 1 1 1 0 0 1 0 0 0 0 0 0 0 0 0
240	1	1 1 1 1 1 0 1 0 1 0 0 0 0 0 0 0
240	1	1 1 1 1 0 1 1 1 1 1 0 0 1 0 0 1
240	1	1 1 1 1 0 1 0 1 1 1 0 0 0 0 0 1
240	1	1 1 1 1 0 1 1 1 1 1 0 1 0 1 0 0
250	2	1 1 1 0 0 0 1 1 1 1 0 0 0 0 0 0
250	37	1 1 1 1 0 0 1 1 1 1 0 0 0 0 0 0
250	3	1 1 1 1 0 0 1 0 1 1 0 0 0 0 0 0
250	16	1 1 1 1 0 0 1 0 1 0 1 0 0 0 0 1
250	71	1 1 1 1 0 0 1 1 1 0 0 0 0 0 0 0
250	18	1 1 1 1 0 1 1 1 1 1 0 0 0 0 0 0
250	27	1 1 1 1 0 0 1 1 1 1 0 1 0 0 0 0
250	1	1 1 0 0 1 0 0 0 1 1 0 0 0 0 0 0
250	19	1 1 1 1 0 0 1 1 1 1 0 0 0 0 0 1
250	5	1 1 1 1 0 0 0 1 1 1 0 0 0 0 0 0
250	8	1 0 1 1 0 0 1 1 1 1 0 0 0 0 0 0
250	10	1 0 1 1 0 0 1 1 1 1 0 1 0 0 0 0
250	16	1 1 1 1 0 0 1 0 1 0 0 0 0 0 0 1
250	15	1 1 1 0 0 1 1 0 0 0 0 0 0 0 0 1
250	72	1 1 1 1 0 0 1 1 1 0 0 1 0 0 0 0
250	38	1 1 1 1 0 0 1 0 1 0 0 0 0 0 0 0
250	49	1 1 1 1 1 1 1 0 1 1 0 1 0 0 0 0
250	29	1 1 1 1 0 0 1 1 1 1 0 1 0 0 1 0
250	2	1 1 1 1 0 1 1 1 1 1 0 0 0 0 0 1
250	43	0 1 1 1 0 0 1 1 1 1 0 0 0 0 0 0
250	12	1 1 1 1 0 0 1 0 1 0 1 0 0 0 0 0
250	12	1 1 0 1 0 0 0 1 1 1 0 1 0 0 1 0
250	4	1 1 0 0 0 0 0 0 0 1 0 0 0 0 0 0
250	2	1 1 1 1 0 0 1 0 0 0 0 1 0 0 0 0
250	2	0 1 1 1 0 0 1 0 1 1 0 0 0 0 0 0
250	4	1 1 1 1 0 1 1 0 1 1 0 0 0 0 0 0
250	14	1 1 1 0 1 0 1 1 1 1 1 0 0 0 0 0
250	10	1 1 1 1 0 1 1 1 1 1 0 0 0 1 0 1
250	26	1 1 1 1 0 0 0 1 1 1 0 1 0 0 0 0
250	2	1 1 1 1 0 0 0 1 0 1 0 1 0 0 0 0
250	23	1 1 1 1 0 0 1 0 1 0 1 0 0 0 1 0
250	8	1 1 1 1 0 0 1 0 0 1 1 1 0 0 0 1
250	4	0 1 1 1 0 0 1 0 1 0 1 0 0 0 0 1
250	12	0 1 0 1 1 0 1 1 1 0 0 0 0 0 0 0
250	7	0 1 1 1 0 0 1 1 1 1 0 0 0 1 0 0
250	7	1 1 1 0 0 0 1 0 1 0 0 1 0 0 0 0
250	3	1 1 1 1 1 0 1 0 1 0 1 0 0 0 0 0
250	3	1 1 1 1 0 0 1 1 1 0 0 1 0 0 1 0
250	2	1 1 1 1 0 0 1 1 1 1 0 1 1 0 0 0
250	45	1 1 1 1 0 0 1 0 1 0 0 1 0 0 0 0
250	6	1 0 1 1 0 0 1 1 1 1 0 0 0 0 0 1
250	5	1 1 1 1 0 1 1 0 1 0 1 0 0 0 0 1
250	10	1 1 0 1 0 0 0 1 1 1 0 1 0 0 0 0
250	3	0 1 0 1 1 0 1 1 1 1 0 0 0 0 0 0
250	7	1 1 1 1 0 0 1 0 1 0 1 0 0 1 0 1
250	1	1 1 1 1 0 1 0 0 1 1 0 0 0 0 0 0
250	3	1 1 1 0 0 0 1 1 1 0 1 0 0 0 0 1
250	5	1 1 1 0 0 0 1 1 0 1 0 0 0 0 0 0
250	34	1 1 1 0 1 0 1 1 0 1 1 0 0 0 0 0
250	8	1 1 0 1 0 0 1 0 1 0 1 0 0 1 0 1
250	13	1 0 1 1 0 0 1 1 1 0 1 0 0 0 0 1
250	7	1 1 1 0 0 0 1 0 1 0 1 1 0 0 0 0
250	1	1 1 1 1 0 0 1 0 1 0 0 0 0 1 0 0
250	4	1 1 1 0 1 0 0 1 0 1 1 0 0 0 0 0
250	3	1 0 1 1 0 0 1 0 1 0 1 0 0 0 0 0
250	2	1 1 1 1 0 0 1 0 0 0 0 0 0 0 0 1
250	13	0 1 1 1 0 0 1 0 0 0 0 1 0 0 0 0
250	8	1 0 1 1 0 0 1 0 1 0 0 1 0 1 0 0
250	12	1 1 1 1 0 0 1 0 1 0 1 0 1 0 0 1
250	2	1 1 1 1 0 0 1 1 1 0 0 0 0 0 0 1
250	1	1 1 1 1 0 0 0 1 1 1 0 0 1 0 0 0
250	5	1 1 1 1 0 1 1 1 1 1 0 1 0 1 0 0
250	2	0 1 1 1 1 1 1 0 1 1 0 1 0 0 0 0
250	3	0 1 1 1 0 0 1 1 1 1 0 1 0 0 0 0
250	10	1 1 1 1 1 1 1 0 1 0 1 0 0 0 0 1
250	2	1 1 0 1 0 0 0 1 1 0 1 0 0 0 0 0
250	6	1 0 1 0 0 0 1 1 1 1 0 1 0 0 0 0
250	9	1 1 1 1 0 0 1 0 1 0 0 0 1 0 0 0
250	4	1 1 1 0 0 0 1 1 0 1 0 0 0 0 1 0
250	4	1 1 0 1 0 0 1 1 1 0 0 0 0 0 0 0
250	1	1 1 1 0 1 0 1 1 1 1 1 1 0 0 0 0
250	1	1 1 1 0 0 0 1 1 1 1 0 1 0 0 0 0
250	2	1 0 1 1 0 0 0 1 1 1 0 0 0 0 0 0
250	6	1 0 1 1 0 0 1 0 1 1 0 0 0 0 0 0
250	3	0 1 1 1 0 0 1 1 1 1 0 0 0 0 0 1
250	1	1 1 1 1 0 0 1 0 0 0 1 0 0 0 0 0
250	2	1 1 1 0 1 1 1 1 0 1 1 0 0 0 0 0
250	3	1 0 1 1 0 0 1 0 0 0 0 0 0 0 0 1
250	4	1 1 1 1 0 0 1 0 1 1 0 1 0 0 0 0
250	1	1 1 1 1 0 1 1 1 1 1 0 0 0 0 1 0
250	4	1 0 1 1 0 0 1 1 1 1 0 0 1 0 0 0
250	2	1 0 1 0 0 1 1 0 0 0 0 0 0 0 0 1
250	1	1 1 0 0 0 0 0 0 1 0 0 0 0 0 0 0
250	2	1 1 1 0 1 0 0 1 0 1 1 0 0 0 0 1
250	7	1 0 1 0 0 0 1 1 1 0 0 1 0 0 0 0
250	4	1 1 1 1 0 0 1 1 1 1 0 0 1 0 0 0
250	3	1 1 1 1 0 0 1 1 1 0 0 0 0 0 1 0
250	1	1 1 0 1 0 0 1 0 1 0 0 0 0 0 0 0
250	1	1 1 1 0 1 0 1 1 1 1 1 0 0 0 1 0
250	4	1 1 1 1 0 0 0 1 1 1 0 1 0 1 0 0
250	2	0 1 1 1 0 0 1 0 1 0 0 0 0 1 0 0
250	5	1 1 0 0 0 0 1 1 1 1 0 0 0 0 0 0
250	4	1 1 1 1 0 1 0 1 1 0 0 0 0 0 0 0
250	3	0 1 1 1 0 1 1 0 1 1 0 1 0 0 0 0
250	5	1 1 1 0 0 0 1 1 1 0 0 0 0 0 0 0
250	4	1 0 1 1 0 0 1 1 1 1 0 0 0 1 0 0
250	3	1 0 1 1 0 1 1 1 1 1 0 0 0 0 0 0
250	3	0 1 1 0 0 0 1 0 1 0 1 0 0 0 0 1
250	2	1 1 1 1 0 0 1 1 1 0 1 0 0 0 0 1
250	3	1 1 1 1 0 1 1 1 1 0 0 0 0 0 0 0
250	1	0 1 1 1 0 0 1 1 1 1 1 0 0 0 0 0
250	3	1 1 1 1 0 1 1 1 1 1 0 1 0 0 0 0
250	2	1 1 1 1 0 0 0 0 1 0 0 0 0 0 0 0
250	6	1 1 1 1 1 1 1 0 0 1 0 1 0 0 0 0
250	4	1 1 1 0 1 0 1 1 1 1 1 0 0 0 0 1
250	6	1 1 1 0 1 0 0 1 0 1 1 0 0 0 1 1
250	4	1 1 1 0 0 1 1 0 0 1 0 0 1 0 0 0
250	2	1 1 0 1 0 0 1 1 1 1 0 1 0 0 0 0
250	1	1 1 1 0 0 0 1 1 0 1 1 0 0 0 0 0
250	2	1 1 1 0 0 0 1 0 1 0 1 0 0 0 0 0
250	3	0 1 1 1 0 0 1 0 0 0 1 1 0 0 0 0
250	1	1 0 1 1 0 0 1 0 1 0 0 1 1 1 0 0
250	2	1 0 1 1 0 1 0 0 1 1 0 0 0 0 0 0
260	5	1 1 1 0 0 0 1 1 1 1 0 0 0 0 0 0
260	47	1 1 1 1 0 0 1 1 1 1 0 0 0 0 0 0
260	11	1 1 1 1 0 0 1 0 1 1 0 0 0 0 0 0
260	13	1 1 1 1 0 0 1 0 1 0 1 0 0 0 0 1
260	111	1 1 1 1 0 0 1 1 1 0 0 0 0 0 0 0
260	7	1 1 1 1 0 1 1 1 1 1 0 0 0 0 0 0
260	13	1 1 1 1 0 0 1 1 1 1 0 1 0 0 0 0
260	24	1 1 1 1 0 0 1 1 1 1 0 0 0 0 0 1
260	3	1 1 1 1 0 0 0 1 1 1 0 0 0 0 0 0
260	18	1 0 1 1 0 0 1 1 1 1 0 0 0 0 0 0
260	8	1 1 1 1 0 0 1 0 1 0 0 0 0 0 0 1
260	9	1 1 1 0 0 1 1 0 0 0 0 0 0 0 0 1
260	70	1 1 1 1 0 0 1 1 1 0 0 1 0 0 0 0
260	40	1 1 1 1 0 0 1 0 1 0 0 0 0 0 0 0
260	36	1 1 1 1 1 1 1 0 1 1 0 1 0 0 0 0
260	19	1 1 1 1 0 0 1 1 1 1 0 1 0 0 1 0
260	37	0 1 1 1 0 0 1 1 1 1 0 0 0 0 0 0
260	7	1 1 1 1 0 0 1 0 1 0 1 0 0 0 0 0
260	21	1 1 1 1 0 0 1 0 0 0 0 1 0 0 0 0
260	5	0 1 1 1 0 0 1 0 1 1 0 0 0 0 0 0
260	14	1 1 1 0 1 0 1 1 1 1 1 0 0 0 0 0
260	33	1 1 1 1 0 1 1 1 1 1 0 0 0 1 0 1
260	6	1 1 1 1 0 0 0 1 1 1 0 1 0 0 0 0
260	26	1 1 1 1 0 0 1 0 1 0 1 0 0 0 1 0
260	1	1 1 1 1 0 0 1 0 0 1 1 1 0 0 0 1
260	5	0 1 0 1 1 0 1 1 1 0 0 0 0 0 0 0
260	5	0 1 1 1 0 0 1 1 1 1 0 0 0 1 0 0
260	10	1 1 1 0 0 0 1 0 1 0 0 1 0 0 0 0
260	1	1 1 1 1 0 0 1 1 1 0 0 1 0 0 1 0
260	58	1 1 1 1 0 0 1 0 1 0 0 1 0 0 0 0
260	4	1 1 1 1 0 1 1 0 1 0 1 0 0 0 0 1
260	5	1 1 0 1 0 0 0 1 1 1 0 1 0 0 0 0
260	2	1 1 1 1 0 0 1 0 1 0 1 0 0 1 0 1
260	19	1 1 1 0 1 0 1 1 0 1 1 0 0 0 0 0
260	15	1 0 1 1 0 0 1 1 1 0 1 0 0 0 0 1
260	11	1 1 1 0 0 0 1 0 1 0 1 1 0 0 0 0
260	2	1 1 1 0 1 0 0 1 0 1 1 0 0 0 0 0
260	16	1 0 1 1 0 0 1 0 1 0 1 0 0 0 0 0
260	9	0 1 1 1 0 0 1 0 0 0 0 1 0 0 0 0
260	7	1 0 1 1 0 0 1 0 1 0 0 1 0 1 0 0
260	2	1 1 1 1 0 0 1 0 1 0 1 0 1 0 0 1
260	3	1 1 1 1 0 0 1 1 1 0 0 0 0 0 0 1
260	5	1 1 1 1 1 1 1 0 1 0 1 0 0 0 0 1
260	6	1 1 0 1 0 0 0 1 1 0 1 0 0 0 0 0
260	1	1 1 1 1 0 0 1 0 1 0 0 0 1 0 0 0
260	6	1 1 0 1 0 0 1 1 1 0 0 0 0 0 0 0
260	2	1 1 1 0 0 0 1 1 1 1 0 1 0 0 0 0
260	5	1 0 1 1 0 0 0 1 1 1 0 0 0 0 0 0
260	3	1 0 1 1 0 0 1 0 1 1 0 0 0 0 0 0
260	2	1 1 1 0 1 1 1 1 0 1 1 0 0 0 0 0
260	5	1 1 1 1 0 0 1 0 1 1 0 1 0 0 0 0
260	2	1 0 1 0 0 0 1 1 1 0 0 1 0 0 0 0
260	6	1 1 1 1 0 0 0 1 1 1 0 1 0 1 0 0
260	15	1 1 0 0 0 0 1 1 1 1 0 0 0 0 0 0
260	2	1 1 1 0 0 0 1 1 1 0 0 0 0 0 0 0
260	8	1 0 1 1 0 1 1 1 1 1 0 0 0 0 0 0
260	4	1 1 1 1 0 1 1 1 1 0 0 0 0 0 0 0
260	23	0 1 1 1 0 0 1 0 0 0 1 1 0 0 0 0
260	7	1 1 1 0 1 0 1 1 1 1 1 1 0 0 1 0
260	1	1 1 1 1 0 0 1 0 0 1 1 1 0 0 0 0
260	1	1 0 1 0 1 0 0 1 0 1 1 0 0 0 0 0
260	1	1 1 1 1 0 0 1 0 0 1 0 1 0 0 0 0
260	6	1 0 1 0 0 0 1 1 1 1 0 1 0 0 1 0
260	1	1 0 1 0 0 0 1 1 1 1 0 0 0 0 0 0
260	12	1 1 1 1 0 0 1 1 1 1 1 0 0 0 0 0
260	10	1 1 1 1 1 1 1 0 1 1 0 0 0 0 0 0
260	2	0 1 1 1 0 0 1 1 1 1 1 0 0 0 0 0
260	2	1 1 0 1 0 0 1 0 1 1 0 1 0 0 0 0
260	3	1 1 0 1 0 1 1 1 1 1 0 0 0 0 0 0
260	4	1 0 1 1 1 0 1 1 1 1 0 0 0 0 0 0
260	1	0 1 0 1 0 0 1 1 1 1 0 0 0 0 0 0
260	11	1 1 1 1 0 1 1 0 1 1 0 0 0 0 1 0
260	12	1 1 1 1 0 1 1 0 1 0 0 0 1 0 0 0
260	3	1 0 1 1 0 0 1 1 1 1 0 1 0 0 0 0
260	1	1 1 0 0 1 0 1 1 0 1 1 0 0 0 0 0
260	3	1 1 1 1 0 0 0 1 1 1 0 0 0 0 1 0
260	6	0 1 1 1 0 0 1 0 1 1 0 1 0 0 0 0
260	1	0 1 0 1 0 1 1 1 1 1 0 0 0 0 0 0
260	1	1 1 1 0 0 1 1 1 1 1 0 0 0 0 0 0
260	2	1 1 1 1 0 0 0 1 1 0 0 0 0 0 0 0
260	7	1 1 1 0 1 0 1 1 1 1 0 0 0 0 0 0
260	2	1 1 1 1 0 0 1 1 1 1 0 1 1 0 1 0
260	2	1 1 1 0 1 0 1 1 0 1 1 0 0 0 0 1
260	1	1 1 1 1 0 0 1 0 1 1 0 0 0 0 1 0
260	1	1 1 1 1 0 0 1 1 1 1 0 0 0 0 1 0
260	3	1 1 1 1 0 0 1 1 1 0 1 0 0 0 0 1
260	1	1 1 0 1 0 0 1 0 1 0 0 0 0 0 0 1
260	2	1 1 1 1 1 0 1 0 1 1 0 1 0 0 0 0
260	1	1 1 1 1 0 1 1 1 1 0 0 0 0 1 0 1
260	2	1 1 1 1 0 1 1 0 1 0 0 1 0 0 0 0
260	2	1 1 1 0 1 0 1 1 0 0 1 0 0 0 0 0
260	7	1 0 1 1 0 0 0 0 1 0 1 0 0 0 0 0
260	4	1 1 1 1 0 0 1 0 1 0 1 0 1 0 0 0
260	3	1 1 1 1 0 0 0 1 1 0 1 0 0 0 0 0
260	5	1 1 1 0 1 0 1 1 1 0 0 0 0 0 0 0
260	3	1 0 1 1 0 1 1 0 1 1 0 1 0 0 0 0
260	1	1 1 1 1 0 0 1 1 1 0 1 0 0 0 0 0
260	3	1 1 1 1 1 0 1 1 1 1 0 1 0 0 0 0
260	1	1 1 1 0 0 0 1 0 1 0 0 0 0 0 0 1
260	1	1 1 1 0 0 1 1 0 1 0 0 0 0 0 0 1
260	1	1 1 1 1 0 0 1 0 0 0 0 1 0 0 0 1
260	1	1 1 1 0 0 0 1 0 1 0 1 0 0 0 1 0
260	1	1 0 1 1 0 0 1 0 1 0 0 1 0 0 0 0
260	1	1 1 1 0 1 0 1 1 0 1 1 0 0 1 0 0
270	5	1 1 1 0 0 0 1 1 1 1 0 0 0 0 0 0
270	54	1 1 1 1 0 0 1 1 1 1 0 0 0 0 0 0
270	9	1 1 1 1 0 0 1 0 1 1 0 0 0 0 0 0
270	10	1 1 1 1 0 0 1 0 1 0 1 0 0 0 0 1
270	74	1 1 1 1 0 0 1 1 1 0 0 0 0 0 0 0
270	12	1 1 1 1 0 1 1 1 1 1 0 0 0 0 0 0
270	22	1 1 1 1 0 0 1 1 1 1 0 1 0 0 0 0
270	21	1 1 1 1 0 0 1 1 1 1 0 0 0 0 0 1
270	15	1 0 1 1 0 0 1 1 1 1 0 0 0 0 0 0
270	6	1 1 1 1 0 0 1 0 1 0 0 0 0 0 0 1
270	61	1 1 1 1 0 0 1 1 1 0 0 1 0 0 0 0
270	38	1 1 1 1 0 0 1 0 1 0 0 0 0 0 0 0
270	38	1 1 1 1 1 1 1 0 1 1 0 1 0 0 0 0
270	5	1 1 1 1 0 0 1 1 1 1 0 1 0 0 1 0
270	58	0 1 1 1 0 0 1 1 1 1 0 0 0 0 0 0
270	23	1 1 1 1 0 0 1 0 1 0 1 0 0 0 0 0
270	16	1 1 1 1 0 0 1 0 0 0 0 1 0 0 0 0
270	5	0 1 1 1 0 0 1 0 1 1 0 0 0 0 0 0
270	11	1 1 1 0 1 0 1 1 1 1 1 0 0 0 0 0
270	29	1 1 1 1 0 1 1 1 1 1 0 0 0 1 0 1
270	1	1 1 1 1 0 0 0 1 1 1 0 1 0 0 0 0
270	52	1 1 1 1 0 0 1 0 1 0 1 0 0 0 1 0
270	3	0 1 1 1 0 0 1 1 1 1 0 0 0 1 0 0
270	17	1 1 1 0 0 0 1 0 1 0 0 1 0 0 0 0
270	53	1 1 1 1 0 0 1 0 1 0 0 1 0 0 0 0
270	11	1 1 0 1 0 0 0 1 1 1 0 1 0 0 0 0
270	7	1 1 1 1 0 0 1 0 1 0 1 0 0 1 0 1
270	1	1 1 1 0 1 0 1 1 0 1 1 0 0 0 0 0
270	10	1 1 1 0 0 0 1 0 1 0 1 1 0 0 0 0
270	11	1 0 1 1 0 0 1 0 1 0 1 0 0 0 0 0
270	7	1 1 1 1 0 0 1 0 1 0 1 0 1 0 0 1
270	5	1 1 0 1 0 0 0 1 1 0 1 0 0 0 0 0
270	7	1 1 1 1 0 0 1 0 1 0 0 0 1 0 0 0
270	17	1 1 1 0 1 1 1 1 0 1 1 0 0 0 0 0
270	2	1 1 0 0 0 0 1 1 1 1 0 0 0 0 0 0
270	1	1 0 1 1 0 1 1 1 1 1 0 0 0 0 0 0
270	19	0 1 1 1 0 0 1 0 0 0 1 1 0 0 0 0
270	11	1 1 1 0 1 0 1 1 1 1 1 1 0 0 1 0
270	10	1 1 1 1 0 0 1 0 0 1 1 1 0 0 0 0
270	16	1 1 1 1 0 0 1 1 1 1 1 0 0 0 0 0
270	27	1 1 1 1 1 1 1 0 1 1 0 0 0 0 0 0
270	3	1 1 0 1 0 0 1 0 1 1 0 1 0 0 0 0
270	4	0 1 0 1 0 0 1 1 1 1 0 0 0 0 0 0
270	3	1 1 1 1 0 1 1 0 1 1 0 0 0 0 1 0
270	13	1 1 1 1 0 1 1 0 1 0 0 0 1 0 0 0
270	9	0 1 1 1 0 0 1 0 1 1 0 1 0 0 0 0
270	22	1 1 1 0 1 0 1 1 1 1 0 0 0 0 0 0
270	1	1 1 1 1 0 0 1 1 1 1 0 1 1 0 1 0
270	17	1 1 1 1 0 0 1 1 1 0 1 0 0 0 0 1
270	1	1 1 1 0 1 0 1 1 0 0 1 0 0 0 0 0
270	3	1 1 1 1 0 0 1 0 1 0 1 0 1 0 0 0
270	5	1 1 1 1 0 0 0 1 1 0 1 0 0 0 0 0
270	2	1 1 1 0 1 0 1 1 1 0 0 0 0 0 0 0
270	5	1 1 1 1 1 0 1 1 1 1 0 0 0 0 0 1
270	2	0 1 1 1 0 0 1 0 0 1 0 1 0 0 0 0
270	3	1 1 1 1 0 0 0 0 1 0 0 1 0 0 0 0
270	7	1 1 1 1 0 0 1 1 0 1 1 0 0 0 0 0
270	10	1 1 1 0 0 1 1 0 1 0 0 0 0 0 0 0
270	8	1 1 1 1 0 0 1 1 1 0 0 0 1 0 0 0
270	1	0 1 1 1 0 0 1 0 1 1 0 0 1 0 0 0
270	1	1 1 1 1 1 0 1 0 1 1 0 1 0 0 0 0
270	1	1 1 1 1 0 0 1 0 0 0 0 0 0 0 0 0
270	2	0 1 1 1 0 0 1 0 0 0 1 1 0 1 0 0
270	4	0 1 1 1 0 0 1 1 1 0 0 0 0 0 0 0
270	1	1 1 1 1 0 0 1 1 1 0 0 1 0 1 0 0
270	7	0 1 0 1 0 0 0 1 1 0 1 0 0 0 0 0
270	6	1 1 1 1 0 0 1 1 1 0 0 1 0 0 1 0
270	1	1 1 1 1 0 0 1 1 1 0 0 1 0 0 0 1
270	3	1 1 0 1 0 1 1 0 1 1 0 0 0 0 1 0
270	2	1 1 1 1 0 1 1 0 1 0 0 0 1 0 0 1
270	1	1 1 1 1 0 0 1 0 1 1 0 0 0 0 0 1
270	4	1 0 0 1 0 0 1 0 1 0 0 1 0 1 0 0
270	2	1 1 1 0 0 0 1 1 1 1 1 0 0 0 0 0
270	3	1 1 1 1 0 1 1 1 1 0 0 1 0 0 0 0
270	1	0 1 1 1 0 0 1 1 0 1 0 0 0 0 0 0
270	1	1 1 0 1 0 0 0 1 1 1 0 1 0 0 1 0
270	3	1 1 1 1 1 0 1 1 1 0 1 0 0 0 0 1
270	3	1 1 1 1 0 0 1 1 0 1 1 0 0 0 0 1
270	5	1 1 1 0 0 1 1 0 1 0 0 0 0 0 0 1
270	6	0 1 1 1 0 0 0 1 1 0 1 0 0 0 0 0
270	2	1 1 1 1 0 0 1 1 1 1 1 1 0 0 0 0
270	2	1 1 1 1 1 0 1 1 1 1 0 0 0 0 0 0
270	4	1 1 1 1 0 1 1 1 1 0 0 0 0 0 0 0
270	1	0 1 1 1 0 0 1 1 1 1 1 0 0 0 0 0
270	1	1 1 1 1 0 0 1 0 0 0 0 1 1 0 0 0
270	3	1 1 1 0 0 0 1 1 1 0 1 1 0 0 0 0
270	1	1 1 1 0 0 0 1 1 1 1 0 0 1 0 0 0
270	1	1 1 1 1 0 0 1 1 1 0 0 0 0 1 0 0
270	1	1 1 1 1 0 0 1 1 0 0 0 1 0 0 0 0
270	1	1 1 1 0 0 0 1 0 1 0 1 0 0 0 1 0
270	2	1 1 1 1 0 0 1 0 1 0 1 1 0 0 1 0
270	1	1 1 1 1 0 1 1 0 1 0 1 0 0 0 1 0
270	1	1 0 1 1 0 0 1 0 1 0 0 1 0 0 0 0
270	1	1 0 1 1 0 0 1 0 1 0 0 1 1 1 0 0
270	2	1 1 1 1 0 0 1 0 1 1 0 0 1 0 0 1
280	92	1 1 1 1 0 0 1 1 1 1 0 0 0 0 0 0
280	24	1 1 1 1 0 0 1 0 1 0 1 0 0 0 0 1
280	75	1 1 1 1 0 0 1 1 1 0 0 0 0 0 0 0
280	8	1 1 1 1 0 1 1 1 1 1 0 0 0 0 0 0
280	17	1 1 1 1 0 0 1 1 1 1 0 1 0 0 0 0
280	15	1 1 1 1 0 0 1 1 1 1 0 0 0 0 0 1
280	8	1 0 1 1 0 0 1 1 1 1 0 0 0 0 0 0
280	1	1 1 1 1 0 0 1 0 1 0 0 0 0 0 0 1
280	16	1 1 1 1 0 0 1 1 1 0 0 1 0 0 0 0
280	14	1 1 1 1 0 0 1 0 1 0 0 0 0 0 0 0
280	15	1 1 1 1 1 1 1 0 1 1 0 1 0 0 0 0
280	7	1 1 1 1 0 0 1 1 1 1 0 1 0 0 1 0
280	40	0 1 1 1 0 0 1 1 1 1 0 0 0 0 0 0
280	22	1 1 1 1 0 0 1 0 1 0 1 0 0 0 0 0
280	6	1 1 1 1 0 0 1 0 0 0 0 1 0 0 0 0
280	18	1 1 1 0 1 0 1 1 1 1 1 0 0 0 0 0
280	17	1 1 1 1 0 1 1 1 1 1 0 0 0 1 0 1
280	43	1 1 1 1 0 0 1 0 1 0 1 0 0 0 1 0
280	19	1 1 1 0 0 0 1 0 1 0 0 1 0 0 0 0
280	102	1 1 1 1 0 0 1 0 1 0 0 1 0 0 0 0
280	3	1 1 0 1 0 0 0 1 1 1 0 1 0 0 0 0
280	3	1 1 1 0 0 0 1 0 1 0 1 1 0 0 0 0
280	1	1 0 1 1 0 0 1 0 1 0 1 0 0 0 0 0
280	8	1 1 0 1 0 0 0 1 1 0 1 0 0 0 0 0
280	1	1 1 1 1 0 0 1 0 1 0 0 0 1 0 0 0
280	14	1 1 1 0 1 1 1 1 0 1 1 0 0 0 0 0
280	21	0 1 1 1 0 0 1 0 0 0 1 1 0 0 0 0
280	7	1 1 1 0 1 0 1 1 1 1 1 1 0 0 1 0
280	33	1 1 1 1 0 0 1 1 1 1 1 0 0 0 0 0
280	22	1 1 1 1 1 1 1 0 1 1 0 0 0 0 0 0
280	29	1 1 1 1 0 1 1 0 1 0 0 0 1 0 0 0
280	6	1 1 1 0 1 0 1 1 1 1 0 0 0 0 0 0
280	3	1 1 1 1 0 0 1 1 1 0 1 0 0 0 0 1
280	6	1 1 1 1 0 0 1 0 1 0 1 0 1 0 0 0
280	33	1 1 1 1 0 0 0 1 1 0 1 0 0 0 0 0
280	3	1 1 1 1 1 0 1 1 1 1 0 0 0 0 0 1
280	9	1 1 1 1 0 0 0 0 1 0 0 1 0 0 0 0
280	9	1 1 1 1 0 0 1 1 0 1 1 0 0 0 0 0
280	27	1 1 1 1 0 0 1 1 1 0 0 0 1 0 0 0
280	5	0 1 1 1 0 0 1 1 1 0 0 0 0 0 0 0
280	21	0 1 0 1 0 0 0 1 1 0 1 0 0 0 0 0
280	13	1 1 1 1 0 0 1 1 1 0 0 1 0 0 1 0
280	1	1 1 1 1 0 1 1 0 1 0 0 0 1 0 0 1
280	7	1 1 1 1 0 0 1 0 1 1 0 0 0 0 0 1
280	10	1 1 1 1 0 1 1 1 1 0 0 1 0 0 0 0
280	1	0 1 1 1 0 0 1 1 0 1 0 0 0 0 0 0
280	5	1 1 0 1 0 0 0 1 1 1 0 1 0 0 1 0
280	8	0 1 1 1 0 0 0 1 1 0 1 0 0 0 0 0
280	7	1 1 1 1 0 0 1 0 1 1 0 0 1 0 0 1
280	3	1 1 0 1 0 0 0 0 1 1 0 1 0 0 0 0
280	4	1 1 1 1 0 0 0 1 1 1 0 0 0 0 0 0
280	7	1 1 1 1 0 1 1 1 0 1 0 0 0 1 0 1
280	1	1 1 1 0 1 0 0 1 1 1 0 0 0 0 0 0
280	4	1 0 1 1 0 0 1 0 1 1 0 1 0 0 0 0
280	1	0 1 1 1 0 0 1 1 1 1 0 0 0 0 1 0
280	5	0 1 1 1 0 0 1 1 1 0 0 0 1 0 0 0
280	3	1 1 1 1 0 1 1 1 1 1 0 1 0 0 0 0
280	1	1 1 1 0 0 0 1 0 1 0 1 0 0 0 0 0
280	20	1 0 1 0 1 0 1 1 1 0 0 0 0 0 0 0
280	2	0 1 1 0 1 0 1 1 1 1 1 0 0 0 0 0
280	3	1 1 1 1 0 0 1 0 1 0 1 0 0 1 1 1
280	2	1 1 1 1 1 1 1 0 1 1 1 1 0 0 0 0
280	4	1 1 1 1 0 1 1 1 1 1 0 1 0 0 1 0
280	5	1 1 1 1 0 0 1 1 1 0 0 0 1 0 0 1
280	1	0 1 1 1 0 0 1 0 1 0 0 0 0 0 0 1
280	1	1 1 1 1 0 0 1 1 1 1 0 0 1 0 0 0
280	7	1 1 1 1 0 0 1 1 0 0 0 0 0 0 0 0
280	1	1 1 1 1 0 0 1 1 0 1 0 1 0 0 0 0
280	4	1 1 1 1 0 0 0 0 1 0 0 0 0 0 0 0
280	1	1 0 1 1 0 1 1 1 1 1 0 0 0 0 0 0
280	2	1 1 1 0 1 1 1 1 1 0 0 1 0 0 0 0
280	3	1 1 1 0 1 1 1 1 0 1 1 0 0 0 1 0
280	4	0 1 0 1 0 0 1 1 1 1 0 1 0 0 1 0
280	4	0 1 1 1 0 0 1 1 1 0 0 1 0 0 0 0
280	4	0 1 1 1 0 0 1 1 1 1 1 0 0 0 0 0
280	4	1 1 1 1 0 1 0 1 1 0 1 0 0 0 0 0
280	2	1 1 1 1 1 0 1 1 1 0 0 0 1 0 0 0
280	4	1 1 1 1 0 0 1 0 1 1 0 0 0 0 0 0
280	2	1 1 1 0 1 1 1 1 0 1 0 1 0 0 0 0
280	1	1 1 1 1 0 0 1 1 1 1 0 0 0 1 0 0
280	2	1 0 1 1 0 0 1 1 1 0 0 0 0 0 0 0
280	4	1 1 1 1 1 1 1 1 0 1 1 0 0 0 0 0
280	1	1 1 1 1 0 0 1 1 1 0 1 0 0 0 0 0
280	1	1 1 1 0 0 0 1 0 1 0 0 0 0 0 0 0
280	1	1 1 1 0 0 0 1 0 1 1 0 0 0 0 0 0
280	2	1 1 1 1 0 1 1 1 1 0 1 0 0 0 0 1
280	2	0 1 1 1 0 0 1 1 1 1 0 1 0 0 0 0
280	1	1 1 1 1 0 0 1 0 0 0 0 1 1 0 0 0
280	1	0 0 1 1 0 0 1 1 1 1 1 0 0 0 0 0
290	94	1 1 1 1 0 0 1 1 1 1 0 0 0 0 0 0
290	3	1 1 1 1 0 0 1 0 1 0 1 0 0 0 0 1
290	66	1 1 1 1 0 0 1 1 1 0 0 0 0 0 0 0
290	29	1 1 1 1 0 0 1 1 1 1 0 1 0 0 0 0
290	24	1 1 1 1 0 0 1 1 1 1 0 0 0 0 0 1
290	7	1 0 1 1 0 0 1 1 1 1 0 0 0 0 0 0
290	5	1 1 1 1 0 0 1 1 1 0 0 1 0 0 0 0
290	20	1 1 1 1 0 0 1 0 1 0 0 0 0 0 0 0
290	4	1 1 1 1 1 1 1 0 1 1 0 1 0 0 0 0
290	30	0 1 1 1 0 0 1 1 1 1 0 0 0 0 0 0
290	22	1 1 1 1 0 0 1 0 1 0 1 0 0 0 0 0
290	24	1 1 1 1 0 0 1 0 0 0 0 1 0 0 0 0
290	18	1 1 1 0 1 0 1 1 1 1 1 0 0 0 0 0
290	3	1 1 1 1 0 1 1 1 1 1 0 0 0 1 0 1
290	26	1 1 1 1 0 0 1 0 1 0 1 0 0 0 1 0
290	31	1 1 1 0 0 0 1 0 1 0 0 1 0 0 0 0
290	85	1 1 1 1 0 0 1 0 1 0 0 1 0 0 0 0
290	8	1 1 0 1 0 0 0 1 1 1 0 1 0 0 0 0
290	3	1 1 0 1 0 0 0 1 1 0 1 0 0 0 0 0
290	1	1 1 1 0 1 1 1 1 0 1 1 0 0 0 0 0
290	3	0 1 1 1 0 0 1 0 0 0 1 1 0 0 0 0
290	5	1 1 1 0 1 0 1 1 1 1 1 1 0 0 1 0
290	21	1 1 1 1 0 0 1 1 1 1 1 0 0 0 0 0
290	17	1 1 1 1 1 1 1 0 1 1 0 0 0 0 0 0
290	9	1 1 1 1 0 1 1 0 1 0 0 0 1 0 0 0
290	16	1 1 1 1 0 0 1 0 1 0 1 0 1 0 0 0
290	40	1 1 1 1 0 0 0 1 1 0 1 0 0 0 0 0
290	3	1 1 1 1 1 0 1 1 1 1 0 0 0 0 0 1
290	13	1 1 1 1 0 0 0 0 1 0 0 1 0 0 0 0
290	6	1 1 1 1 0 0 1 1 0 1 1 0 0 0 0 0
290	14	1 1 1 1 0 0 1 1 1 0 0 0 1 0 0 0
290	1	0 1 0 1 0 0 0 1 1 0 1 0 0 0 0 0
290	31	1 1 1 1 0 0 1 1 1 0 0 1 0 0 1 0
290	16	1 1 1 1 0 1 1 1 1 0 0 1 0 0 0 0
290	2	0 1 1 1 0 0 0 1 1 0 1 0 0 0 0 0
290	4	1 1 1 1 0 0 1 0 1 1 0 0 1 0 0 1
290	4	1 1 1 1 0 0 0 1 1 1 0 0 0 0 0 0
290	11	1 1 1 1 0 1 1 1 0 1 0 0 0 1 0 1
290	11	1 1 1 1 0 1 1 1 1 1 0 1 0 0 0 0
290	14	1 0 1 0 1 0 1 1 1 0 0 0 0 0 0 0
290	1	1 1 1 1 0 0 1 1 0 0 0 0 0 0 0 0
290	32	1 1 1 1 0 0 1 1 0 1 0 1 0 0 0 0
290	14	1 1 1 1 0 0 0 0 1 0 0 0 0 0 0 0
290	2	0 1 1 1 0 0 1 1 1 0 0 1 0 0 0 0
290	8	0 1 1 1 0 0 1 1 1 1 1 0 0 0 0 0
290	7	1 1 1 1 0 0 1 1 1 1 0 0 0 1 0 0
290	6	1 0 1 1 0 0 1 1 1 0 0 0 0 0 0 0
290	2	1 1 1 1 1 1 1 1 0 1 1 0 0 0 0 0
290	1	1 1 1 1 0 0 1 1 1 0 1 0 0 0 0 0
290	2	1 1 1 1 0 0 1 0 0 0 0 1 1 0 0 0
290	1	0 0 1 1 0 0 1 1 1 1 1 0 0 0 0 0
290	5	1 1 1 0 0 0 1 0 1 0 1 0 0 0 1 0
290	10	1 1 0 0 0 0 0 1 1 1 0 1 0 0 1 0
290	5	1 1 1 1 0 1 1 1 0 0 0 0 0 0 0 0
290	12	1 1 1 1 1 1 1 0 1 1 1 0 0 0 0 0
290	5	1 1 1 1 0 0 1 1 1 1 1 0 0 1 0 0
290	1	1 1 0 1 0 0 1 0 1 1 0 0 1 0 0 1
290	10	1 0 1 0 1 1 1 1 1 0 0 0 0 0 0 0
290	1	0 1 1 0 0 0 1 1 1 1 0 0 0 0 0 0
290	8	0 1 1 1 1 0 1 0 0 0 1 1 0 0 0 0
290	3	1 1 1 1 0 0 0 1 1 0 1 0 0 0 0 1
290	38	0 1 1 0 0 0 0 1 1 0 1 0 0 0 0 0
290	4	1 1 1 1 0 0 0 0 1 0 1 0 0 0 0 0
290	6	1 1 1 1 0 0 1 0 1 1 0 0 0 0 0 0
290	2	1 1 1 1 0 0 1 0 1 0 0 1 0 1 0 0
290	13	1 1 1 1 0 0 0 1 0 0 1 0 0 0 0 0
290	2	1 1 1 1 0 0 1 0 0 0 0 1 0 0 0 1
290	1	1 1 1 1 0 0 1 0 1 0 0 1 0 0 0 1
290	2	1 1 0 1 0 0 1 0 1 0 0 1 0 0 0 0
290	7	1 0 1 1 0 0 1 1 0 1 0 0 0 0 0 0
290	5	0 1 1 1 0 0 1 1 1 1 0 0 1 0 0 0
290	2	1 1 1 1 0 1 1 0 1 1 0 0 1 0 0 0
290	2	0 1 1 1 0 0 1 0 1 0 0 1 0 1 0 0
290	3	1 1 1 1 0 0 1 0 1 0 0 1 0 0 1 0
290	3	0 1 1 0 0 0 0 1 1 0 1 1 0 0 0 0
290	3	1 1 1 0 0 0 1 0 1 0 0 1 0 1 0 0
290	1	1 1 1 1 0 1 1 1 1 0 0 1 0 0 1 0
290	2	0 1 1 1 0 0 1 1 1 0 0 0 0 0 0 0
290	1	0 1 1 1 0 0 1 1 1 0 0 1 0 0 1 0
290	2	1 1 1 1 0 0 1 0 1 1 0 0 0 0 0 1
290	1	1 1 1 1 1 1 1 0 1 1 1 0 0 0 0 1
290	1	1 1 1 1 0 1 1 0 1 1 0 0 0 0 0 0
290	4	1 1 1 1 1 1 1 0 1 1 0 0 0 1 0 0
290	1	0 1 1 1 0 0 1 1 1 0 0 0 1 0 0 0
290	1	1 0 1 0 1 1 1 1 1 1 0 0 0 0 0 0
290	1	1 1 1 1 0 1 1 0 1 1 0 1 0 0 0 0
290	3	0 0 1 1 0 0 1 1 1 1 0 0 0 0 0 0
290	1	1 1 1 0 0 0 1 0 0 0 0 1 0 0 0 0
290	1	1 1 1 1 0 1 1 1 1 1 0 0 0 0 0 1
290	1	1 1 1 0 0 0 0 0 1 0 0 1 0 0 0 0
290	2	1 1 1 1 0 0 1 0 1 0 0 1 1 0 0 0
290	1	1 1 1 1 0 1 1 0 1 0 0 1 0 0 0 0
290	3	1 1 1 0 0 0 0 1 1 0 1 0 0 0 0 0
300	87	1 1 1 1 0 0 1 1 1 1 0 0 0 0 0 0
300	99	1 1 1 1 0 0 1 1 1 0 0 0 0 0 0 0
300	23	1 1 1 1 0 0 1 1 1 1 0 1 0 0 0 0
300	31	1 1 1 1 0 0 1 1 1 1 0 0 0 0 0 1
300	1	1 0 1 1 0 0 1 1 1 1 0 0 0 0 0 0
300	3	1 1 1 1 0 0 1 1 1 0 0 1 0 0 0 0
300	10	1 1 1 1 0 0 1 0 1 0 0 0 0 0 0 0
300	63	0 1 1 1 0 0 1 1 1 1 0 0 0 0 0 0
300	15	1 1 1 1 0 0 1 0 1 0 1 0 0 0 0 0
300	6	1 1 1 1 0 0 1 0 0 0 0 1 0 0 0 0
300	16	1 1 1 0 1 0 1 1 1 1 1 0 0 0 0 0
300	10	1 1 1 1 0 0 1 0 1 0 1 0 0 0 1 0
300	51	1 1 1 0 0 0 1 0 1 0 0 1 0 0 0 0
300	53	1 1 1 1 0 0 1 0 1 0 0 1 0 0 0 0
300	2	1 1 0 1 0 0 0 1 1 1 0 1 0 0 0 0
300	20	1 1 1 1 0 0 1 1 1 1 1 0 0 0 0 0
300	22	1 1 1 1 1 1 1 0 1 1 0 0 0 0 0 0
300	3	1 1 1 1 0 1 1 0 1 0 0 0 1 0 0 0
300	23	1 1 1 1 0 0 1 0 1 0 1 0 1 0 0 0
300	15	1 1 1 1 0 0 0 1 1 0 1 0 0 0 0 0
300	18	1 1 1 1 0 0 0 0 1 0 0 1 0 0 0 0
300	14	1 1 1 1 0 0 1 1 0 1 1 0 0 0 0 0
300	10	1 1 1 1 0 0 1 1 1 0 0 0 1 0 0 0
300	14	0 1 0 1 0 0 0 1 1 0 1 0 0 0 0 0
300	46	1 1 1 1 0 0 1 1 1 0 0 1 0 0 1 0
300	29	1 1 1 1 0 1 1 1 1 0 0 1 0 0 0 0
300	10	0 1 1 1 0 0 0 1 1 0 1 0 0 0 0 0
300	5	1 1 1 1 0 1 1 1 0 1 0 0 0 1 0 1
300	3	1 1 1 1 0 1 1 1 1 1 0 1 0 0 0 0
300	4	1 0 1 0 1 0 1 1 1 0 0 0 0 0 0 0
300	11	1 1 1 1 0 0 1 1 0 1 0 1 0 0 0 0
300	5	1 1 1 1 0 0 0 0 1 0 0 0 0 0 0 0
300	10	0 1 1 1 0 0 1 1 1 1 1 0 0 0 0 0
300	2	1 1 1 1 0 0 1 1 1 1 0 0 0 1 0 0
300	9	1 0 1 1 0 0 1 1 1 0 0 0 0 0 0 0
300	8	1 1 1 1 0 0 1 1 1 0 1 0 0 0 0 0
300	5	0 0 1 1 0 0 1 1 1 1 1 0 0 0 0 0
300	6	1 1 1 0 0 0 1 0 1 0 1 0 0 0 1 0
300	2	1 1 0 0 0 0 0 1 1 1 0 1 0 0 1 0
300	11	1 1 1 1 0 1 1 1 0 0 0 0 0 0 0 0
300	2	1 1 1 1 1 1 1 0 1 1 1 0 0 0 0 0
300	4	1 1 1 1 0 0 1 1 1 1 1 0 0 1 0 0
300	5	1 1 1 1 0 0 0 1 1 0 1 0 0 0 0 1
300	14	0 1 1 0 0 0 0 1 1 0 1 0 0 0 0 0
300	35	1 1 1 1 0 0 0 1 0 0 1 0 0 0 0 0
300	2	1 1 0 1 0 0 1 0 1 0 0 1 0 0 0 0
300	5	1 0 1 1 0 0 1 1 0 1 0 0 0 0 0 0
300	4	1 1 1 1 0 1 1 0 1 1 0 0 1 0 0 0
300	7	0 1 1 1 0 0 1 0 1 0 0 1 0 1 0 0
300	10	1 1 1 1 0 0 1 0 1 0 0 1 0 0 1 0
300	6	0 1 1 0 0 0 0 1 1 0 1 1 0 0 0 0
300	3	1 1 1 0 0 0 1 0 1 0 0 1 0 1 0 0
300	1	1 1 1 1 0 1 1 1 1 1 0 0 0 0 0 1
300	2	1 0 1 1 0 0 1 1 1 0 0 0 1 0 0 0
300	5	1 1 1 1 0 1 1 0 1 1 1 0 0 0 0 0
300	7	1 0 1 1 0 0 0 1 1 0 1 0 0 0 0 0
300	6	1 1 1 1 0 0 1 1 1 1 0 0 1 0 0 0
300	2	1 1 1 0 1 0 1 1 0 0 0 1 0 0 0 0
300	20	1 1 1 1 0 0 1 1 0 0 0 1 0 0 0 0
300	3	1 1 1 1 0 0 0 1 1 1 0 1 0 0 0 0
300	1	1 1 1 1 0 0 0 0 1 0 0 1 1 0 0 0
300	3	1 1 1 1 0 0 1 1 0 0 1 0 0 0 0 0
300	8	0 1 1 1 0 0 1 1 1 1 1 1 0 0 0 0
300	1	0 1 1 1 0 0 1 1 1 1 0 0 0 0 1 0
300	7	1 1 1 1 0 0 0 1 1 0 1 0 0 0 1 0
300	1	0 1 1 1 0 0 1 1 1 0 0 0 1 0 0 1
300	3	1 1 1 1 0 0 1 0 1 1 1 0 0 0 0 0
300	2	1 1 1 1 0 0 1 1 1 0 1 0 0 1 0 0
300	3	1 1 1 1 0 0 1 1 1 0 0 0 1 0 0 1
300	7	1 1 1 1 0 0 1 0 1 0 0 0 1 0 0 0
300	1	1 1 1 1 0 1 1 1 1 0 0 0 0 0 0 0
300	1	1 0 0 0 0 0 1 1 1 0 0 0 0 0 0 0
300	2	0 1 1 1 0 0 0 1 1 0 1 0 0 0 0 1
300	3	0 0 1 1 0 0 1 1 1 1 0 1 0 0 0 0
300	5	1 1 1 1 1 0 1 1 1 0 0 0 0 0 0 0
300	2	1 1 1 1 0 0 1 1 1 0 0 0 0 0 1 0
300	2	1 1 1 0 0 0 1 1 1 0 0 0 0 0 0 0
300	7	1 0 1 1 0 0 0 1 0 0 1 0 0 0 0 0
300	2	0 1 1 1 0 0 1 0 1 0 1 0 0 0 0 0
300	1	1 1 1 0 0 0 1 1 1 0 0 1 0 0 0 0
300	3	1 1 1 1 0 0 0 0 1 1 0 1 0 0 0 0
300	1	1 1 1 0 1 0 0 1 0 0 0 1 0 0 0 0
300	3	0 1 1 1 0 0 1 1 1 0 0 1 0 0 0 0
300	1	1 1 1 1 1 1 1 1 0 0 0 0 0 0 0 0
300	3	1 1 1 0 0 0 1 1 1 1 0 0 0 0 0 0
300	1	0 1 1 1 0 0 1 0 1 0 0 0 0 0 0 0
300	1	1 1 0 0 0 0 1 0 1 0 0 1 0 0 0 0
300	2	1 1 1 1 0 0 1 0 1 0 0 1 0 1 0 0
300	2	1 1 1 1 0 0 1 0 1 1 0 1 0 0 0 0
300	1	0 1 0 0 0 0 0 1 1 0 1 0 0 0 0 0
300	1	0 1 1 1 0 1 1 1 1 1 0 0 0 0 0 1
300	1	0 1 1 1 0 0 1 1 1 0 1 1 0 0 0 0
310	49	1 1 1 1 0 0 1 1 1 1 0 0 0 0 0 0
310	121	1 1 1 1 0 0 1 1 1 0 0 0 0 0 0 0
310	10	1 1 1 1 0 0 1 1 1 1 0 1 0 0 0 0
310	35	1 1 1 1 0 0 1 1 1 1 0 0 0 0 0 1
310	3	1 1 1 1 0 0 1 0 1 0 0 0 0 0 0 0
310	50	0 1 1 1 0 0 1 1 1 1 0 0 0 0 0 0
310	7	1 1 1 1 0 0 1 0 1 0 1 0 0 0 0 0
310	15	1 1 1 1 0 0 1 0 0 0 0 1 0 0 0 0
310	20	1 1 1 0 1 0 1 1 1 1 1 0 0 0 0 0
310	9	1 1 1 1 0 0 1 0 1 0 1 0 0 0 1 0
310	4	1 1 1 0 0 0 1 0 1 0 0 1 0 0 0 0
310	34	1 1 1 1 0 0 1 0 1 0 0 1 0 0 0 0
310	20	1 1 1 1 0 0 1 1 1 1 1 0 0 0 0 0
310	36	1 1 1 1 1 1 1 0 1 1 0 0 0 0 0 0
310	52	1 1 1 1 0 0 1 0 1 0 1 0 1 0 0 0
310	22	1 1 1 1 0 0 0 1 1 0 1 0 0 0 0 0
310	33	1 1 1 1 0 0 0 0 1 0 0 1 0 0 0 0
310	19	1 1 1 1 0 0 1 1 0 1 1 0 0 0 0 0
310	5	1 1 1 1 0 0 1 1 1 0 0 0 1 0 0 0
310	14	0 1 0 1 0 0 0 1 1 0 1 0 0 0 0 0
310	30	1 1 1 1 0 0 1 1 1 0 0 1 0 0 1 0
310	27	1 1 1 1 0 1 1 1 1 0 0 1 0 0 0 0
310	2	0 1 1 1 0 0 0 1 1 0 1 0 0 0 0 0
310	1	1 1 1 1 0 1 1 1 1 1 0 1 0 0 0 0
310	27	1 1 1 1 0 0 1 1 0 1 0 1 0 0 0 0
310	4	1 1 1 1 0 0 0 0 1 0 0 0 0 0 0 0
310	13	1 0 1 1 0 0 1 1 1 0 0 0 0 0 0 0
310	5	1 1 1 1 0 0 1 1 1 0 1 0 0 0 0 0
310	6	1 1 1 0 0 0 1 0 1 0 1 0 0 0 1 0
310	2	1 1 0 0 0 0 0 1 1 1 0 1 0 0 1 0
310	8	1 1 1 1 0 1 1 1 0 0 0 0 0 0 0 0
310	5	1 1 1 1 0 0 1 1 1 1 1 0 0 1 0 0
310	7	1 1 1 1 0 0 0 1 1 0 1 0 0 0 0 1
310	57	1 1 1 1 0 0 0 1 0 0 1 0 0 0 0 0
310	10	1 1 1 1 0 0 1 0 1 0 0 1 0 0 1 0
310	2	0 1 1 0 0 0 0 1 1 0 1 1 0 0 0 0
310	2	1 1 1 1 0 1 1 0 1 1 1 0 0 0 0 0
310	14	1 1 1 1 0 0 1 1 1 1 0 0 1 0 0 0
310	20	1 1 1 1 0 0 1 1 0 0 0 1 0 0 0 0
310	17	1 1 1 1 0 0 0 1 1 1 0 1 0 0 0 0
310	7	1 1 1 1 0 0 1 1 0 0 1 0 0 0 0 0
310	1	1 1 1 1 0 0 1 0 1 1 1 0 0 0 0 0
310	3	1 1 1 1 0 0 1 1 1 0 1 0 0 1 0 0
310	8	1 1 1 1 0 0 1 0 1 0 0 0 1 0 0 0
310	1	1 1 1 1 1 0 1 1 1 0 0 0 0 0 0 0
310	4	1 0 1 1 0 0 0 1 0 0 1 0 0 0 0 0
310	6	0 1 1 1 0 0 1 0 1 0 1 0 0 0 0 0
310	3	1 1 1 1 0 0 0 0 1 1 0 1 0 0 0 0
310	12	1 1 1 1 0 0 1 0 1 0 0 1 0 1 0 0
310	5	1 1 1 1 0 0 1 0 1 1 0 1 0 0 0 0
310	9	1 1 1 1 0 0 0 1 0 0 0 0 0 0 0 0
310	1	1 1 1 1 0 0 1 1 0 1 1 0 0 0 1 0
310	4	1 1 1 1 0 0 1 1 1 0 1 0 1 0 0 0
310	3	1 1 1 1 0 1 1 1 1 1 0 0 0 1 0 1
310	5	1 1 0 1 0 0 1 1 1 1 0 0 0 0 0 0
310	2	0 1 1 1 0 1 1 0 1 0 0 1 0 1 0 0
310	3	1 1 0 1 0 0 1 1 0 0 0 1 0 0 0 0
310	3	1 1 1 1 0 0 0 0 1 0 0 0 0 0 0 1
310	3	1 1 1 1 0 1 1 1 1 1 0 0 0 0 0 0
310	20	1 1 1 0 1 1 1 0 1 1 0 0 0 0 0 0
310	5	1 1 1 0 0 1 1 0 1 0 0 1 0 0 0 0
310	8	1 1 1 1 0 1 1 1 1 1 1 0 0 0 0 0
310	6	0 1 1 1 0 0 1 0 1 0 0 0 1 0 0 0
310	1	1 1 1 1 0 1 1 0 1 1 1 0 1 0 0 0
310	3	1 1 1 1 1 0 1 1 1 0 0 1 0 0 0 0
310	3	1 1 1 1 0 0 1 1 1 0 0 0 0 0 1 0
310	2	1 1 1 1 0 0 1 1 1 1 0 0 1 0 0 1
310	7	1 1 1 0 0 0 0 1 1 0 1 0 0 0 0 1
310	6	1 0 1 1 0 0 0 1 1 1 0 1 0 0 0 0
310	1	1 1 1 1 0 0 0 1 1 1 0 1 0 1 0 0
310	3	0 1 1 1 0 0 1 1 1 0 0 0 0 0 0 0
310	3	1 1 1 1 0 1 1 1 1 0 0 0 0 0 0 0
310	4	1 1 1 1 0 0 1 0 1 1 1 0 0 0 1 0
310	1	1 1 1 1 0 1 1 0 1 0 0 0 1 0 0 0
310	3	1 1 1 1 0 0 0 0 1 1 0 0 0 0 0 1
310	1	1 1 1 1 0 0 1 1 1 0 0 0 0 0 0 1
310	2	1 1 1 1 0 1 1 0 1 1 0 0 0 0 0 0
310	2	1 1 1 1 0 1 1 1 0 1 0 1 0 0 0 0
310	5	1 0 1 1 0 0 1 1 1 1 0 0 0 0 0 0
310	3	1 1 1 1 0 0 0 1 0 0 1 1 0 0 0 0
310	1	1 1 0 1 0 0 1 1 0 0 0 0 0 0 0 0
310	1	1 1 1 1 0 0 1 1 1 0 0 1 0 0 0 0
310	1	1 1 1 1 0 0 1 0 1 0 0 1 1 0 0 0
310	1	1 0 1 1 0 0 1 0 1 0 1 0 1 0 0 0
310	1	1 0 1 1 0 0 1 1 1 0 1 0 0 0 0 0
310	1	1 1 1 1 1 0 0 1 0 0 1 0 0 0 0 0
310	3	0 1 1 1 0 0 0 1 0 0 1 0 0 0 0 0
310	2	1 1 1 1 0 0 1 1 1 0 0 1 0 1 0 0
320	69	1 1 1 1 0 0 1 1 1 1 0 0 0 0 0 0
320	67	1 1 1 1 0 0 1 1 1 0 0 0 0 0 0 0
320	8	1 1 1 1 0 0 1 1 1 1 0 1 0 0 0 0
320	46	1 1 1 1 0 0 1 1 1 1 0 0 0 0 0 1
320	35	0 1 1 1 0 0 1 1 1 1 0 0 0 0 0 0
320	16	1 1 1 1 0 0 1 0 1 0 1 0 0 0 0 0
320	13	1 1 1 1 0 0 1 0 0 0 0 1 0 0 0 0
320	12	1 1 1 0 1 0 1 1 1 1 1 0 0 0 0 0
320	30	1 1 1 1 0 0 1 0 1 0 1 0 0 0 1 0
320	1	1 1 1 0 0 0 1 0 1 0 0 1 0 0 0 0
320	38	1 1 1 1 0 0 1 0 1 0 0 1 0 0 0 0
320	36	1 1 1 1 0 0 1 1 1 1 1 0 0 0 0 0
320	17	1 1 1 1 1 1 1 0 1 1 0 0 0 0 0 0
320	5	1 1 1 1 0 0 1 0 1 0 1 0 1 0 0 0
320	6	1 1 1 1 0 0 0 1 1 0 1 0 0 0 0 0
320	15	1 1 1 1 0 0 0 0 1 0 0 1 0 0 0 0
320	7	1 1 1 1 0 0 1 1 0 1 1 0 0 0 0 0
320	12	0 1 0 1 0 0 0 1 1 0 1 0 0 0 0 0
320	9	1 1 1 1 0 0 1 1 1 0 0 1 0 0 1 0
320	27	1 1 1 1 0 1 1 1 1 0 0 1 0 0 0 0
320	32	1 0 1 1 0 0 1 1 1 0 0 0 0 0 0 0
320	7	1 1 1 1 0 0 1 1 1 0 1 0 0 0 0 0
320	31	1 1 1 0 0 0 1 0 1 0 1 0 0 0 1 0
320	5	1 1 1 1 0 1 1 1 0 0 0 0 0 0 0 0
320	2	1 1 1 1 0 0 1 1 1 1 1 0 0 1 0 0
320	62	1 1 1 1 0 0 0 1 0 0 1 0 0 0 0 0
320	5	1 1 1 1 0 0 1 0 1 0 0 1 0 0 1 0
320	14	1 1 1 1 0 0 1 1 1 1 0 0 1 0 0 0
320	9	1 1 1 1 0 0 1 1 0 0 0 1 0 0 0 0
320	25	1 1 1 1 0 0 0 1 1 1 0 1 0 0 0 0
320	23	1 1 1 1 0 0 1 1 0 0 1 0 0 0 0 0
320	5	1 1 1 1 0 0 1 0 1 1 1 0 0 0 0 0
320	2	1 1 1 1 0 0 1 1 1 0 1 0 0 1 0 0
320	3	1 1 1 1 0 0 1 0 1 0 0 0 1 0 0 0
320	1	1 1 1 1 1 0 1 1 1 0 0 0 0 0 0 0
320	53	1 1 1 1 0 0 1 0 1 0 0 1 0 1 0 0
320	2	1 1 1 1 0 0 1 0 1 1 0 1 0 0 0 0
320	7	1 1 1 1 0 0 0 1 0 0 0 0 0 0 0 0
320	1	1 1 0 1 0 0 1 1 1 1 0 0 0 0 0 0
320	29	1 1 1 0 1 1 1 0 1 1 0 0 0 0 0 0
320	11	1 1 1 1 0 1 1 1 1 1 1 0 0 0 0 0
320	6	1 1 1 1 0 0 1 1 1 0 0 0 0 0 1 0
320	5	1 1 1 0 0 0 0 1 1 0 1 0 0 0 0 1
320	8	1 0 1 1 0 0 0 1 1 1 0 1 0 0 0 0
320	11	1 1 1 1 0 1 1 0 1 1 0 0 0 0 0 0
320	5	1 1 0 1 0 0 1 1 0 0 0 0 0 0 0 0
320	12	1 1 1 1 0 0 1 1 1 0 0 1 0 0 0 0
320	4	1 1 1 1 0 0 1 0 1 0 0 1 1 0 0 0
320	7	0 1 1 1 0 0 1 1 1 1 0 1 0 0 0 0
320	4	1 1 1 0 0 0 0 1 1 0 1 0 0 0 0 0
320	3	1 0 1 1 0 0 0 1 1 1 0 0 0 0 0 1
320	2	1 1 1 1 0 0 1 1 1 0 1 1 1 0 0 0
320	1	1 1 1 1 1 0 1 1 1 0 0 0 0 0 0 1
320	3	1 1 1 1 0 0 1 1 0 0 1 1 0 0 0 0
320	2	0 1 1 1 0 0 1 0 1 0 0 1 0 0 0 0
320	2	1 1 1 1 1 0 1 1 1 1 0 0 0 0 0 0
320	1	1 1 1 0 0 0 1 1 1 0 0 0 0 0 0 0
320	16	1 1 1 0 0 0 1 0 1 0 1 0 1 0 0 0
320	4	1 1 0 1 0 0 1 1 1 0 0 0 0 0 0 0
320	5	1 1 1 1 0 0 0 1 0 0 1 0 0 0 0 1
320	5	1 1 1 1 0 0 0 1 1 0 0 1 0 0 0 0
320	3	0 1 1 1 0 0 1 1 0 0 1 0 0 0 0 0
320	3	0 0 1 1 0 0 1 1 1 1 0 1 0 0 0 0
320	12	0 1 1 1 0 0 1 1 0 0 0 1 0 0 0 0
320	4	1 1 1 1 0 0 1 0 0 0 1 0 0 0 1 0
320	2	1 1 1 1 0 0 0 0 1 0 0 1 0 1 0 0
320	4	1 1 1 1 0 0 1 1 1 0 0 0 0 0 0 1
320	3	0 1 1 1 0 0 1 1 1 1 0 0 0 0 0 1
320	5	1 1 1 0 0 1 1 0 1 1 0 0 0 0 0 0
320	7	0 1 1 1 0 0 1 1 1 1 0 1 0 0 1 0
320	3	1 1 1 0 0 0 1 0 1 0 1 0 0 0 0 0
320	4	1 1 1 1 0 1 1 1 1 1 0 0 0 0 0 1
320	1	0 1 1 1 0 0 1 1 1 1 0 0 0 0 1 0
320	1	1 1 1 1 0 0 1 0 1 0 0 1 0 0 0 1
320	4	1 1 1 1 1 1 1 1 1 1 0 0 0 0 0 0
320	3	1 1 1 1 1 1 0 0 1 1 0 0 0 0 0 0
320	2	1 0 1 1 0 0 1 1 0 0 0 0 0 0 0 0
320	1	1 1 1 1 0 0 0 1 1 1 1 0 0 1 0 0
320	1	1 1 1 1 0 0 1 1 1 1 0 0 1 1 0 0
320	1	1 1 1 1 0 0 1 0 0 1 0 1 0 0 0 0
320	1	1 1 1 1 0 0 1 0 0 1 0 0 0 0 0 1
320	3	1 1 1 1 0 0 0 1 1 0 0 0 0 0 0 0
320	3	1 1 1 1 0 0 1 0 1 0 0 1 0 1 0 1
320	1	1 1 1 0 1 1 1 0 1 1 0 0 0 0 1 0
320	4	1 0 1 1 0 0 0 0 1 0 0 1 0 1 0 0
320	2	1 1 1 1 0 0 1 0 0 1 0 1 1 0 0 0
320	3	1 1 1 1 0 0 1 0 1 1 0 1 0 0 0 1
320	1	1 1 1 1 0 1 1 0 1 1 0 0 1 0 0 0
320	3	0 1 1 1 0 0 1 1 1 1 0 0 1 0 0 0
320	2	1 1 1 1 0 0 1 0 1 0 1 0 1 0 1 0
320	2	1 1 1 1 1 1 1 0 1 1 0 0 0 1 0 0
320	2	1 1 1 0 0 0 1 0 1 1 1 0 0 0 1 0
320	2	1 1 1 1 0 0 0 1 0 0 0 0 0 0 0 1
320	1	1 1 1 1 0 0 0 1 1 0 1 1 0 0 0 0
320	2	1 1 1 1 0 0 1 0 0 0 1 1 0 0 1 0
330	72	1 1 1 1 0 0 1 1 1 1 0 0 0 0 0 0
330	55	1 1 1 1 0 0 1 1 1 0 0 0 0 0 0 0
330	15	1 1 1 1 0 0 1 1 1 1 0 1 0 0 0 0
330	16	1 1 1 1 0 0 1 1 1 1 0 0 0 0 0 1
330	22	0 1 1 1 0 0 1 1 1 1 0 0 0 0 0 0
330	30	1 1 1 1 0 0 1 0 1 0 1 0 0 0 0 0
330	12	1 1 1 1 0 0 1 0 0 0 0 1 0 0 0 0
330	21	1 1 1 0 1 0 1 1 1 1 1 0 0 0 0 0
330	27	1 1 1 1 0 0 1 0 1 0 1 0 0 0 1 0
330	1	1 1 1 0 0 0 1 0 1 0 0 1 0 0 0 0
330	36	1 1 1 1 0 0 1 0 1 0 0 1 0 0 0 0
330	49	1 1 1 1 0 0 1 1 1 1 1 0 0 0 0 0
330	2	1 1 1 1 1 1 1 0 1 1 0 0 0 0 0 0
330	2	1 1 1 1 0 0 0 1 1 0 1 0 0 0 0 0
330	2	1 1 1 1 0 0 0 0 1 0 0 1 0 0 0 0
330	52	1 1 1 1 0 0 1 1 0 1 1 0 0 0 0 0
330	2	0 1 0 1 0 0 0 1 1 0 1 0 0 0 0 0
330	4	1 1 1 1 0 0 1 1 1 0 0 1 0 0 1 0
330	21	1 1 1 1 0 1 1 1 1 0 0 1 0 0 0 0
330	23	1 0 1 1 0 0 1 1 1 0 0 0 0 0 0 0
330	7	1 1 1 1 0 0 1 1 1 0 1 0 0 0 0 0
330	10	1 1 1 0 0 0 1 0 1 0 1 0 0 0 1 0
330	47	1 1 1 1 0 0 0 1 0 0 1 0 0 0 0 0
330	2	1 1 1 1 0 0 1 1 1 1 0 0 1 0 0 0
330	3	1 1 1 1 0 0 1 1 0 0 0 1 0 0 0 0
330	37	1 1 1 1 0 0 0 1 1 1 0 1 0 0 0 0
330	13	1 1 1 1 0 0 1 1 0 0 1 0 0 0 0 0
330	61	1 1 1 1 0 0 1 0 1 0 0 1 0 1 0 0
330	14	1 1 1 1 0 0 1 0 1 1 0 1 0 0 0 0
330	4	1 1 1 1 0 0 0 1 0 0 0 0 0 0 0 0
330	18	1 1 1 0 1 1 1 0 1 1 0 0 0 0 0 0
330	3	1 1 1 1 0 1 1 1 1 1 1 0 0 0 0 0
330	1	1 1 1 0 0 0 0 1 1 0 1 0 0 0 0 1
330	20	1 0 1 1 0 0 0 1 1 1 0 1 0 0 0 0
330	8	1 1 1 1 0 1 1 0 1 1 0 0 0 0 0 0
330	9	1 1 0 1 0 0 1 1 0 0 0 0 0 0 0 0
330	3	1 1 1 1 0 0 1 1 1 0 0 1 0 0 0 0
330	27	0 1 1 1 0 0 1 1 1 1 0 1 0 0 0 0
330	14	1 1 1 1 0 0 1 1 0 0 1 1 0 0 0 0
330	2	1 1 1 1 1 0 1 1 1 1 0 0 0 0 0 0
330	6	1 1 1 0 0 0 1 0 1 0 1 0 1 0 0 0
330	11	1 1 1 1 0 0 0 1 0 0 1 0 0 0 0 1
330	4	0 0 1 1 0 0 1 1 1 1 0 1 0 0 0 0
330	14	0 1 1 1 0 0 1 1 0 0 0 1 0 0 0 0
330	10	1 1 1 1 0 0 1 0 0 0 1 0 0 0 1 0
330	8	1 1 1 1 0 0 0 0 1 0 0 1 0 1 0 0
330	6	1 1 1 1 0 0 1 1 1 0 0 0 0 0 0 1
330	3	0 1 1 1 0 0 1 1 1 1 0 1 0 0 1 0
330	3	1 1 1 0 0 0 1 0 1 0 1 0 0 0 0 0
330	3	1 1 1 1 1 1 1 1 1 1 0 0 0 0 0 0
330	5	1 1 1 1 0 0 1 0 0 1 0 1 0 0 0 0
330	21	1 1 1 0 1 1 1 0 1 1 0 0 0 0 1 0
330	7	1 0 1 1 0 0 0 0 1 0 0 1 0 1 0 0
330	10	1 1 1 1 0 0 1 0 1 1 0 1 0 0 0 1
330	1	1 1 1 1 1 1 1 0 1 1 0 0 0 1 0 0
330	5	1 1 1 1 0 0 0 1 0 0 0 0 0 0 0 1
330	3	1 1 1 1 0 0 1 0 1 1 0 1 1 0 0 0
330	8	0 1 1 1 0 0 1 0 1 1 0 0 0 0 0 0
330	1	1 1 1 1 0 0 1 0 1 1 1 0 0 0 1 0
330	1	0 1 1 1 1 0 1 0 1 0 0 1 0 0 0 0
330	1	1 1 0 1 0 0 1 1 1 0 0 1 0 0 0 0
330	6	0 0 1 1 0 0 0 0 1 0 0 1 0 0 0 0
330	10	1 1 1 1 0 0 0 1 0 0 1 0 0 0 1 0
330	4	1 1 1 1 0 0 0 1 0 0 1 1 0 0 0 0
330	8	1 1 1 1 0 0 0 0 1 0 1 0 0 0 1 0
330	3	1 1 1 1 0 0 0 0 1 1 0 1 0 0 0 0
330	5	1 1 1 0 1 1 1 0 1 1 0 1 0 0 0 0
330	4	1 1 1 0 0 0 1 0 0 1 1 0 0 0 0 0
330	2	1 0 1 1 0 0 1 0 1 1 0 1 0 0 0 0
330	10	1 1 1 1 0 0 1 1 0 1 1 0 0 1 0 0
330	1	0 1 1 1 0 0 1 0 1 1 0 1 0 0 0 0
330	4	1 0 1 1 1 0 1 1 1 0 0 0 0 0 0 0
330	2	1 1 1 1 0 0 1 1 1 0 1 1 0 0 0 0
330	2	1 1 0 1 0 0 1 0 1 0 0 1 0 1 0 0
330	5	1 1 1 0 1 1 1 0 1 1 0 0 0 1 0 0
330	2	1 1 1 1 1 0 1 1 0 1 0 0 0 0 0 0
330	2	1 1 1 1 0 0 1 1 1 1 0 0 1 0 0 1
330	1	1 1 1 1 0 0 1 0 0 0 1 1 0 0 1 0
330	5	1 1 1 1 1 0 1 0 1 0 1 0 0 0 0 0
330	2	1 1 1 1 0 0 1 0 1 0 1 1 0 0 0 0
330	2	1 0 1 1 0 0 0 1 1 1 0 1 0 1 0 0
330	1	1 1 1 1 0 1 1 0 1 1 0 0 1 0 0 0
330	1	0 1 1 1 0 0 0 1 1 1 0 1 0 0 0 0
330	2	1 1 1 1 1 1 1 0 1 0 1 0 0 0 0 0
330	2	1 1 1 1 0 0 0 0 1 0 1 0 0 0 0 0
330	4	1 1 1 0 1 0 1 1 1 1 0 0 0 0 0 0
330	1	1 1 1 1 0 0 0 1 0 1 1 0 0 0 0 0
330	1	1 1 1 1 0 0 1 0 0 0 1 0 0 1 1 0
330	2	1 0 1 1 0 0 1 0 1 1 0 1 0 0 1 0
330	3	1 1 1 1 0 0 1 0 1 1 1 0 0 0 0 0
330	2	1 0 1 1 0 0 0 1 1 1 1 0 0 0 0 0
330	1	1 1 1 1 0 0 0 1 1 1 1 0 0 0 0 0
330	1	1 1 0 1 0 0 1 1 0 1 1 0 0 0 0 0
330	1	1 1 1 1 1 0 1 0 1 0 1 0 0 0 0 1
340	107	1 1 1 1 0 0 1 1 1 1 0 0 0 0 0 0
340	49	1 1 1 1 0 0 1 1 1 0 0 0 0 0 0 0
340	12	1 1 1 1 0 0 1 1 1 1 0 1 0 0 0 0
340	5	1 1 1 1 0 0 1 1 1 1 0 0 0 0 0 1
340	27	0 1 1 1 0 0 1 1 1 1 0 0 0 0 0 0
340	13	1 1 1 1 0 0 1 0 1 0 1 0 0 0 0 0
340	26	1 1 1 1 0 0 1 0 0 0 0 1 0 0 0 0
340	14	1 1 1 0 1 0 1 1 1 1 1 0 0 0 0 0
340	22	1 1 1 1 0 0 1 0 1 0 1 0 0 0 1 0
340	23	1 1 1 1 0 0 1 0 1 0 0 1 0 0 0 0
340	27	1 1 1 1 0 0 1 1 1 1 1 0 0 0 0 0
340	3	1 1 1 1 0 0 0 0 1 0 0 1 0 0 0 0
340	66	1 1 1 1 0 0 1 1 0 1 1 0 0 0 0 0
340	7	0 1 0 1 0 0 0 1 1 0 1 0 0 0 0 0
340	11	1 1 1 1 0 1 1 1 1 0 0 1 0 0 0 0
340	14	1 0 1 1 0 0 1 1 1 0 0 0 0 0 0 0
340	23	1 1 1 1 0 0 1 1 1 0 1 0 0 0 0 0
340	11	1 1 1 0 0 0 1 0 1 0 1 0 0 0 1 0
340	38	1 1 1 1 0 0 0 1 0 0 1 0 0 0 0 0
340	7	1 1 1 1 0 0 1 1 1 1 0 0 1 0 0 0
340	18	1 1 1 1 0 0 0 1 1 1 0 1 0 0 0 0
340	3	1 1 1 1 0 0 1 1 0 0 1 0 0 0 0 0
340	50	1 1 1 1 0 0 1 0 1 0 0 1 0 1 0 0
340	13	1 1 1 1 0 0 1 0 1 1 0 1 0 0 0 0
340	10	1 1 1 1 0 0 0 1 0 0 0 0 0 0 0 0
340	8	1 1 1 0 1 1 1 0 1 1 0 0 0 0 0 0
340	5	1 1 1 1 0 1 1 1 1 1 1 0 0 0 0 0
340	1	1 0 1 1 0 0 0 1 1 1 0 1 0 0 0 0
340	17	1 1 0 1 0 0 1 1 0 0 0 0 0 0 0 0
340	21	1 1 1 1 0 0 1 1 1 0 0 1 0 0 0 0
340	20	0 1 1 1 0 0 1 1 1 1 0 1 0 0 0 0
340	26	1 1 1 1 0 0 1 1 0 0 1 1 0 0 0 0
340	13	1 1 1 1 1 0 1 1 1 1 0 0 0 0 0 0
340	1	1 1 1 1 0 0 0 1 0 0 1 0 0 0 0 1
340	11	0 0 1 1 0 0 1 1 1 1 0 1 0 0 0 0
340	8	0 1 1 1 0 0 1 1 0 0 0 1 0 0 0 0
340	8	1 1 1 1 0 0 1 0 0 0 1 0 0 0 1 0
340	3	1 1 1 1 0 0 0 0 1 0 0 1 0 1 0 0
340	8	1 1 1 1 0 0 1 1 1 0 0 0 0 0 0 1
340	7	1 1 1 0 1 1 1 0 1 1 0 0 0 0 1 0
340	11	1 0 1 1 0 0 0 0 1 0 0 1 0 1 0 0
340	14	1 1 1 1 0 0 1 0 1 1 0 1 0 0 0 1
340	3	1 1 1 1 0 0 0 1 0 0 0 0 0 0 0 1
340	11	1 1 1 1 0 0 0 1 0 0 1 0 0 0 1 0
340	8	1 1 1 1 0 0 0 0 1 0 1 0 0 0 1 0
340	7	1 1 1 0 1 1 1 0 1 1 0 1 0 0 0 0
340	1	1 1 1 0 1 1 1 0 1 1 0 0 0 1 0 0
340	3	1 1 1 1 1 0 1 1 0 1 0 0 0 0 0 0
340	27	1 1 1 0 1 0 1 1 1 1 0 0 0 0 0 0
340	2	1 1 1 1 0 0 0 1 0 1 1 0 0 0 0 0
340	2	1 1 1 1 0 0 1 0 0 0 1 0 0 1 1 0
340	1	1 1 1 1 0 0 1 0 1 1 1 0 0 0 0 0
340	7	1 1 1 1 0 0 1 1 0 0 1 1 0 0 1 0
340	2	0 1 1 1 0 0 1 0 1 0 1 0 0 0 1 0
340	1	1 1 1 1 0 0 0 1 1 1 0 1 0 1 0 0
340	11	1 0 1 1 0 0 0 1 1 1 0 1 0 0 0 1
340	8	1 1 1 1 0 0 1 1 1 0 0 1 0 1 0 0
340	1	1 1 1 1 1 0 1 1 1 0 0 0 0 0 0 0
340	6	1 1 1 1 0 0 1 0 1 0 1 0 1 0 0 0
340	6	0 0 1 1 0 0 1 1 1 1 0 1 1 0 0 0
340	2	1 1 0 1 0 0 1 0 1 0 1 0 0 0 1 0
340	8	1 1 1 1 0 0 1 0 0 0 0 1 0 1 0 0
340	14	1 0 1 1 0 0 0 1 1 0 0 1 0 1 0 0
340	6	1 1 1 0 0 0 1 1 0 1 1 0 0 0 0 0
340	3	1 0 1 1 0 0 1 1 1 1 0 0 0 0 0 0
340	1	0 1 1 0 1 1 1 0 1 1 0 0 0 0 0 0
340	5	1 1 1 1 0 1 0 1 1 1 1 0 0 0 0 0
340	1	1 1 1 0 0 0 1 0 1 0 1 0 1 1 0 0
340	3	1 1 1 1 0 0 1 0 1 1 0 1 1 0 0 1
340	6	1 1 1 0 0 0 1 1 1 1 0 0 0 0 0 0
340	1	1 1 1 1 0 0 0 1 0 1 0 0 0 0 0 0
340	4	1 1 1 1 0 1 1 1 1 1 1 0 0 0 0 1
340	2	1 1 1 1 0 0 1 1 1 0 1 0 0 0 1 0
340	3	1 1 1 1 1 0 1 1 0 0 1 0 0 0 0 0
340	3	1 1 1 1 0 1 0 0 1 1 0 0 0 0 0 0
340	1	1 1 1 1 0 0 1 0 1 1 0 0 0 0 0 0
340	9	1 1 1 0 1 1 1 0 0 1 0 1 0 0 0 0
340	2	0 1 1 1 0 0 1 0 0 0 1 0 0 1 1 0
340	2	0 1 0 1 0 0 0 1 1 0 0 0 0 0 0 0
340	1	1 1 1 0 0 0 1 1 1 0 0 0 0 0 0 0
340	2	1 1 1 1 0 0 1 1 0 0 0 0 0 0 0 0
340	2	1 0 1 1 0 0 1 0 1 1 0 1 0 0 0 0
340	4	1 1 0 0 1 1 1 0 1 1 0 0 0 0 0 0
340	3	1 1 1 1 0 0 1 0 1 1 0 0 0 0 1 0
340	7	1 1 1 0 0 0 1 0 0 1 1 0 0 0 0 0
340	2	1 1 1 1 0 0 0 1 1 1 0 1 0 0 1 0
340	2	0 1 0 1 0 0 1 1 1 1 0 0 0 0 0 0
340	2	1 0 1 1 1 0 0 1 1 0 0 1 0 1 0 0
340	1	1 1 1 1 0 0 1 0 0 0 0 0 0 0 0 0
340	1	1 1 1 1 0 0 1 0 1 1 0 1 0 1 1 0
340	1	1 1 1 1 0 0 1 0 1 0 1 1 0 0 0 0
340	1	1 1 1 1 0 0 0 1 0 0 1 1 0 0 0 1
340	1	1 0 1 1 1 0 0 1 1 0 1 0 0 0 0 0
340	1	1 0 1 1 0 0 1 1 1 1 1 0 0 0 0 0
340	1	1 1 0 1 0 0 1 1 0 1 1 0 0 0 0 0
340	1	1 0 1 1 1 0 1 1 1 0 0 0 0 0 0 0
340	1	1 0 1 1 0 0 1 1 1 0 1 0 0 0 0 0
340	2	1 1 0 1 0 0 1 1 0 0 0 0 0 0 1 0
350	79	1 1 1 1 0 0 1 1 1 1 0 0 0 0 0 0
350	34	1 1 1 1 0 0 1 1 1 0 0 0 0 0 0 0
350	6	1 1 1 1 0 0 1 1 1 1 0 0 0 0 0 1
350	12	0 1 1 1 0 0 1 1 1 1 0 0 0 0 0 0
350	21	1 1 1 1 0 0 1 0 1 0 1 0 0 0 0 0
350	18	1 1 1 1 0 0 1 0 0 0 0 1 0 0 0 0
350	29	1 1 1 0 1 0 1 1 1 1 1 0 0 0 0 0
350	11	1 1 1 1 0 0 1 0 1 0 1 0 0 0 1 0
350	9	1 1 1 1 0 0 1 0 1 0 0 1 0 0 0 0
350	57	1 1 1 1 0 0 1 1 1 1 1 0 0 0 0 0
350	53	1 1 1 1 0 0 1 1 0 1 1 0 0 0 0 0
350	5	0 1 0 1 0 0 0 1 1 0 1 0 0 0 0 0
350	11	1 1 1 1 0 1 1 1 1 0 0 1 0 0 0 0
350	3	1 0 1 1 0 0 1 1 1 0 0 0 0 0 0 0
350	24	1 1 1 1 0 0 1 1 1 0 1 0 0 0 0 0
350	14	1 1 1 0 0 0 1 0 1 0 1 0 0 0 1 0
350	15	1 1 1 1 0 0 0 1 0 0 1 0 0 0 0 0
350	5	1 1 1 1 0 0 1 1 1 1 0 0 1 0 0 0
350	26	1 1 1 1 0 0 0 1 1 1 0 1 0 0 0 0
350	45	1 1 1 1 0 0 1 0 1 0 0 1 0 1 0 0
350	2	1 1 1 1 0 0 1 0 1 1 0 1 0 0 0 0
350	2	1 1 1 1 0 0 0 1 0 0 0 0 0 0 0 0
350	18	1 1 0 1 0 0 1 1 0 0 0 0 0 0 0 0
350	17	1 1 1 1 0 0 1 1 1 0 0 1 0 0 0 0
350	23	0 1 1 1 0 0 1 1 1 1 0 1 0 0 0 0
350	53	1 1 1 1 0 0 1 1 0 0 1 1 0 0 0 0
350	32	1 1 1 1 1 0 1 1 1 1 0 0 0 0 0 0
350	14	0 0 1 1 0 0 1 1 1 1 0 1 0 0 0 0
350	7	1 1 1 1 0 0 1 0 0 0 1 0 0 0 1 0
350	4	1 1 1 1 0 0 0 0 1 0 0 1 0 1 0 0
350	19	1 1 1 0 1 1 1 0 1 1 0 0 0 0 1 0
350	22	1 0 1 1 0 0 0 0 1 0 0 1 0 1 0 0
350	17	1 1 1 1 0 0 1 0 1 1 0 1 0 0 0 1
350	14	1 1 1 1 0 0 0 1 0 0 1 0 0 0 1 0
350	11	1 1 1 1 0 0 0 0 1 0 1 0 0 0 1 0
350	5	1 1 1 1 1 0 1 1 0 1 0 0 0 0 0 0
350	26	1 1 1 0 1 0 1 1 1 1 0 0 0 0 0 0
350	9	1 1 1 1 0 0 0 1 0 1 1 0 0 0 0 0
350	1	1 0 1 1 0 0 0 1 1 1 0 1 0 0 0 1
350	2	1 1 1 1 0 0 1 1 1 0 0 1 0 1 0 0
350	3	1 1 1 1 0 0 1 0 1 0 1 0 1 0 0 0
350	1	0 0 1 1 0 0 1 1 1 1 0 1 1 0 0 0
350	2	1 1 0 1 0 0 1 0 1 0 1 0 0 0 1 0
350	11	1 1 1 1 0 0 1 0 0 0 0 1 0 1 0 0
350	1	1 0 1 1 0 0 0 1 1 0 0 1 0 1 0 0
350	1	1 0 1 1 0 0 1 1 1 1 0 0 0 0 0 0
350	42	1 1 1 0 0 0 1 1 1 1 0 0 0 0 0 0
350	1	1 1 1 0 1 1 1 0 0 1 0 1 0 0 0 0
350	2	1 1 1 1 0 0 1 1 0 0 0 0 0 0 0 0
350	13	1 1 1 0 0 0 1 0 0 1 1 0 0 0 0 0
350	3	1 1 1 1 0 0 0 1 0 0 0 1 0 0 0 0
350	1	0 0 1 1 0 0 1 1 1 0 1 0 0 0 1 0
350	9	0 1 1 1 0 0 1 1 0 1 1 0 0 0 0 0
350	9	1 1 1 1 0 0 1 0 1 1 1 1 0 0 0 0
350	8	0 1 1 1 0 0 1 0 0 0 0 1 0 0 0 0
350	4	1 1 1 0 1 0 1 1 1 1 1 0 0 0 1 0
350	11	1 1 1 0 1 1 1 0 1 0 0 1 0 0 0 0
350	2	0 1 1 1 0 0 1 1 1 1 0 1 0 0 1 0
350	2	1 1 1 1 0 0 0 1 1 0 1 0 0 0 1 0
350	1	1 1 1 0 1 0 1 1 1 0 0 0 0 0 0 0
350	8	1 1 1 1 0 0 1 1 0 0 1 1 0 0 0 1
350	7	1 1 1 1 0 1 1 1 0 1 1 0 0 0 0 0
350	2	1 1 0 1 0 0 1 1 0 1 1 0 0 0 0 0
350	4	1 1 0 1 1 0 1 1 0 0 0 0 0 0 0 0
350	2	1 1 1 1 0 0 1 1 1 0 0 0 0 0 0 1
350	1	1 1 1 1 0 1 1 1 1 1 0 0 1 0 0 0
350	4	1 1 1 0 1 0 1 1 1 1 0 1 0 0 0 0
350	5	1 1 1 1 0 0 1 0 0 1 0 1 0 0 0 0
350	1	1 1 1 1 0 1 1 1 1 1 0 0 0 0 0 0
350	3	1 1 1 1 0 0 0 0 1 1 0 1 0 0 0 1
350	1	1 1 1 1 0 1 1 1 1 0 1 1 0 0 0 0
350	2	1 1 1 0 0 0 1 1 1 0 0 1 0 0 0 0
350	2	1 1 1 0 1 0 1 1 1 1 0 0 0 0 0 1
350	3	0 1 0 1 0 0 0 1 1 0 1 0 0 1 0 0
350	5	0 1 1 1 0 0 1 0 1 0 0 1 0 0 0 0
350	2	1 1 1 1 0 1 1 1 1 1 0 1 0 0 0 0
350	1	1 1 1 1 1 0 1 0 0 0 0 1 0 0 0 0
350	2	1 1 1 1 0 0 1 1 0 1 0 0 0 0 0 0
350	2	1 1 1 1 0 0 1 0 0 0 1 1 0 0 0 0
350	2	1 1 1 1 0 0 1 0 0 0 1 0 1 0 1 0
350	1	1 0 1 1 0 0 0 1 1 0 0 1 0 0 0 1
350	1	1 1 1 1 0 0 1 0 0 0 0 1 0 1 0 1
350	4	1 1 1 0 1 0 1 0 0 1 0 1 0 0 0 0
350	2	1 1 1 0 0 0 1 1 0 0 1 1 0 0 0 0
350	1	0 1 1 1 0 0 1 1 1 0 0 0 0 0 0 0
350	3	1 1 1 1 0 0 1 0 0 1 1 0 0 0 0 0
350	2	0 1 1 1 0 0 1 0 0 0 1 0 0 0 1 0
350	2	0 1 1 0 0 0 1 1 1 1 0 0 0 0 0 0
350	2	1 1 1 0 0 0 1 0 0 1 1 0 1 0 0 0
350	1	1 1 1 1 0 0 1 1 0 0 0 0 0 0 1 0
350	1	1 1 1 0 1 0 1 1 1 1 1 1 0 0 0 0
350	1	1 1 1 1 0 0 1 0 0 0 0 1 1 0 0 0
350	1	1 1 1 1 1 0 1 1 1 1 1 0 0 0 0 0
350	2	1 1 1 1 0 0 1 0 1 0 0 0 0 0 0 0
350	4	1 1 1 1 0 1 1 1 1 1 1 0 0 0 0 0
350	1	1 1 1 1 0 0 0 1 1 0 1 0 0 0 0 0
350	1	0 1 1 1 0 0 1 1 0 0 1 1 0 0 0 0
350	1	1 1 1 1 0 0 1 0 0 0 1 0 0 0 0 0
350	2	1 1 1 1 0 0 1 0 1 1 0 1 1 0 0 1
350	1	1 1 0 1 0 0 1 0 1 1 0 1 0 0 0 1
350	5	1 1 1 1 0 1 0 1 1 0 1 0 0 0 1 0
360	118	1 1 1 1 0 0 1 1 1 1 0 0 0 0 0 0
360	14	1 1 1 1 0 0 1 1 1 0 0 0 0 0 0 0
360	5	1 1 1 1 0 0 1 1 1 1 0 0 0 0 0 1
360	11	0 1 1 1 0 0 1 1 1 1 0 0 0 0 0 0
360	23	1 1 1 1 0 0 1 0 1 0 1 0 0 0 0 0
360	12	1 1 1 1 0 0 1 0 0 0 0 1 0 0 0 0
360	38	1 1 1 0 1 0 1 1 1 1 1 0 0 0 0 0
360	17	1 1 1 1 0 0 1 0 1 0 1 0 0 0 1 0
360	28	1 1 1 1 0 0 1 0 1 0 0 1 0 0 0 0
360	49	1 1 1 1 0 0 1 1 1 1 1 0 0 0 0 0
360	70	1 1 1 1 0 0 1 1 0 1 1 0 0 0 0 0
360	9	1 1 1 1 0 1 1 1 1 0 0 1 0 0 0 0
360	29	1 1 1 1 0 0 1 1 1 0 1 0 0 0 0 0
360	4	1 1 1 0 0 0 1 0 1 0 1 0 0 0 1 0
360	20	1 1 1 1 0 0 0 1 0 0 1 0 0 0 0 0
360	29	1 1 1 1 0 0 0 1 1 1 0 1 0 0 0 0
360	33	1 1 1 1 0 0 1 0 1 0 0 1 0 1 0 0
360	9	1 1 1 1 0 0 1 0 1 1 0 1 0 0 0 0
360	11	1 1 0 1 0 0 1 1 0 0 0 0 0 0 0 0
360	10	1 1 1 1 0 0 1 1 1 0 0 1 0 0 0 0
360	24	0 1 1 1 0 0 1 1 1 1 0 1 0 0 0 0
360	59	1 1 1 1 0 0 1 1 0 0 1 1 0 0 0 0
360	21	1 1 1 1 1 0 1 1 1 1 0 0 0 0 0 0
360	10	0 0 1 1 0 0 1 1 1 1 0 1 0 0 0 0
360	13	1 1 1 1 0 0 1 0 0 0 1 0 0 0 1 0
360	8	1 1 1 1 0 0 0 0 1 0 0 1 0 1 0 0
360	11	1 1 1 0 1 1 1 0 1 1 0 0 0 0 1 0
360	8	1 1 1 1 0 0 1 0 1 1 0 1 0 0 0 1
360	5	1 1 1 1 0 0 0 1 0 0 1 0 0 0 1 0
360	10	1 1 1 1 0 0 0 0 1 0 1 0 0 0 1 0
360	11	1 1 1 1 1 0 1 1 0 1 0 0 0 0 0 0
360	9	1 1 1 1 0 0 1 0 0 0 0 1 0 1 0 0
360	29	1 1 1 0 0 0 1 1 1 1 0 0 0 0 0 0
360	8	1 1 1 1 0 0 1 1 0 0 0 0 0 0 0 0
360	12	1 1 1 0 0 0 1 0 0 1 1 0 0 0 0 0
360	15	0 1 1 1 0 0 1 1 0 1 1 0 0 0 0 0
360	12	1 1 1 0 1 1 1 0 1 0 0 1 0 0 0 0
360	2	1 1 1 1 0 0 0 1 1 0 1 0 0 0 1 0
360	1	1 1 1 1 0 0 1 1 0 0 1 1 0 0 0 1
360	21	1 1 0 1 1 0 1 1 0 0 0 0 0 0 0 0
360	2	1 1 1 1 0 1 1 1 1 1 0 0 1 0 0 0
360	4	1 1 1 1 0 1 1 1 1 1 0 0 0 0 0 0
360	15	0 1 1 1 0 0 1 0 1 0 0 1 0 0 0 0
360	9	1 1 1 1 0 1 1 1 1 1 0 1 0 0 0 0
360	1	1 1 1 1 0 0 1 0 0 0 1 0 1 0 1 0
360	2	1 1 1 0 1 0 1 0 0 1 0 1 0 0 0 0
360	9	0 1 1 1 0 0 1 1 1 0 0 0 0 0 0 0
360	1	0 1 1 1 0 0 1 1 0 0 1 1 0 0 0 0
360	1	1 1 1 1 0 1 0 1 1 0 1 0 0 0 0 0
360	7	1 1 1 1 0 1 1 0 1 0 1 0 0 0 0 0
360	10	1 1 1 0 1 1 1 1 1 1 1 0 0 0 0 0
360	5	1 1 1 1 0 0 1 1 1 1 0 1 0 0 0 0
360	4	1 1 1 1 0 0 1 0 1 1 1 0 0 0 0 0
360	1	1 1 1 1 0 1 1 0 0 1 1 0 0 0 0 0
360	8	1 1 1 1 0 0 1 0 1 0 0 0 0 0 0 0
360	4	1 1 1 1 0 1 0 1 0 0 1 0 0 0 0 0
360	2	1 1 0 1 0 0 1 0 1 0 0 1 0 1 0 0
360	6	1 0 1 1 0 0 1 1 0 0 1 1 0 0 0 0
360	8	1 1 1 1 0 0 1 1 0 1 1 0 0 0 1 0
360	7	1 1 1 1 0 0 1 1 0 0 1 0 0 0 0 0
360	8	0 1 1 1 0 0 1 1 1 1 1 0 0 0 0 0
360	6	1 0 1 1 0 0 1 0 1 0 0 1 0 1 0 0
360	1	1 1 1 1 0 0 1 1 0 0 1 1 1 0 0 1
360	1	0 1 1 1 0 0 1 0 1 0 0 1 0 0 0 1
360	1	1 1 1 1 0 0 1 1 1 1 0 1 0 0 0 1
360	2	1 1 1 1 0 0 0 1 1 0 1 0 0 0 0 0
360	3	1 0 1 1 0 0 0 0 1 0 0 1 0 0 0 0
360	1	1 1 1 0 0 0 1 1 1 1 0 1 0 0 0 0
360	3	1 1 1 0 0 0 0 1 1 1 1 0 0 0 0 0
360	4	1 1 1 1 1 0 1 1 1 1 0 1 0 0 0 0
360	2	1 0 1 1 0 0 0 0 1 0 0 1 0 0 0 1
360	4	1 1 1 0 0 0 1 1 0 0 1 0 0 0 0 0
360	1	1 1 1 1 0 0 1 1 1 0 0 0 0 1 0 0
360	6	1 1 1 1 0 0 0 1 0 0 1 1 0 0 0 0
360	1	1 1 1 1 0 0 1 1 0 0 0 1 0 0 0 0
360	1	1 1 1 0 0 0 1 1 0 0 1 1 0 1 0 0
360	3	1 1 1 1 0 1 1 1 1 1 1 0 1 0 0 0
360	5	1 1 1 1 0 0 1 0 1 1 0 0 0 0 0 0
360	1	1 1 0 1 0 0 1 1 0 0 1 1 0 0 0 0
360	2	1 1 1 0 0 1 1 1 1 1 0 0 0 0 0 0
360	3	0 1 1 1 0 0 1 1 1 0 0 1 0 0 0 0
360	1	0 1 1 1 1 0 1 1 1 0 0 0 0 0 0 0
360	2	1 1 1 1 0 0 1 1 1 1 1 1 0 0 0 0
360	2	1 1 1 1 0 0 0 1 1 1 0 1 0 1 0 0
360	1	1 1 1 1 0 0 0 1 1 0 1 0 0 1 1 0
360	1	1 1 1 1 0 1 1 0 1 0 1 0 0 0 1 0
370	91	1 1 1 1 0 0 1 1 1 1 0 0 0 0 0 0
370	16	1 1 1 1 0 0 1 1 1 0 0 0 0 0 0 0
370	5	1 1 1 1 0 0 1 1 1 1 0 0 0 0 0 1
370	18	0 1 1 1 0 0 1 1 1 1 0 0 0 0 0 0
370	7	1 1 1 1 0 0 1 0 1 0 1 0 0 0 0 0
370	19	1 1 1 1 0 0 1 0 0 0 0 1 0 0 0 0
370	14	1 1 1 0 1 0 1 1 1 1 1 0 0 0 0 0
370	4	1 1 1 1 0 0 1 0 1 0 1 0 0 0 1 0
370	43	1 1 1 1 0 0 1 0 1 0 0 1 0 0 0 0
370	83	1 1 1 1 0 0 1 1 1 1 1 0 0 0 0 0
370	43	1 1 1 1 0 0 1 1 0 1 1 0 0 0 0 0
370	36	1 1 1 1 0 0 1 1 1 0 1 0 0 0 0 0
370	3	1 1 1 1 0 0 0 1 0 0 1 0 0 0 0 0
370	55	1 1 1 1 0 0 0 1 1 1 0 1 0 0 0 0
370	9	1 1 1 1 0 0 1 0 1 0 0 1 0 1 0 0
370	12	1 1 1 1 0 0 1 0 1 1 0 1 0 0 0 0
370	5	1 1 0 1 0 0 1 1 0 0 0 0 0 0 0 0
370	7	1 1 1 1 0 0 1 1 1 0 0 1 0 0 0 0
370	27	0 1 1 1 0 0 1 1 1 1 0 1 0 0 0 0
370	54	1 1 1 1 0 0 1 1 0 0 1 1 0 0 0 0
370	3	1 1 1 1 1 0 1 1 1 1 0 0 0 0 0 0
370	2	0 0 1 1 0 0 1 1 1 1 0 1 0 0 0 0
370	5	1 1 1 1 0 0 1 0 0 0 1 0 0 0 1 0
370	6	1 1 1 1 0 0 0 0 1 0 0 1 0 1 0 0
370	3	1 1 1 0 1 1 1 0 1 1 0 0 0 0 1 0
370	5	1 1 1 1 0 0 0 0 1 0 1 0 0 0 1 0
370	12	1 1 1 1 1 0 1 1 0 1 0 0 0 0 0 0
370	7	1 1 1 0 0 0 1 1 1 1 0 0 0 0 0 0
370	45	1 1 1 0 0 0 1 0 0 1 1 0 0 0 0 0
370	10	0 1 1 1 0 0 1 1 0 1 1 0 0 0 0 0
370	22	1 1 1 0 1 1 1 0 1 0 0 1 0 0 0 0
370	22	1 1 0 1 1 0 1 1 0 0 0 0 0 0 0 0
370	2	1 1 1 1 0 1 1 1 1 1 0 0 0 0 0 0
370	2	0 1 1 1 0 0 1 0 1 0 0 1 0 0 0 0
370	17	1 1 1 1 0 1 1 1 1 1 0 1 0 0 0 0
370	11	0 1 1 1 0 0 1 1 1 0 0 0 0 0 0 0
370	11	1 1 1 1 0 1 1 0 1 0 1 0 0 0 0 0
370	1	1 1 1 0 1 1 1 1 1 1 1 0 0 0 0 0
370	7	1 1 1 1 0 0 1 1 1 1 0 1 0 0 0 0
370	2	1 1 1 1 0 0 1 0 1 0 0 0 0 0 0 0
370	9	1 1 0 1 0 0 1 0 1 0 0 1 0 1 0 0
370	14	1 0 1 1 0 0 1 1 0 0 1 1 0 0 0 0
370	6	1 1 1 1 0 0 1 1 0 1 1 0 0 0 1 0
370	8	1 1 1 1 0 0 1 1 0 0 1 0 0 0 0 0
370	5	1 1 1 1 0 0 1 1 0 0 1 1 1 0 0 1
370	7	1 1 1 1 1 0 1 1 1 1 0 1 0 0 0 0
370	3	1 1 1 0 0 0 1 1 0 0 1 0 0 0 0 0
370	4	1 1 1 1 0 0 1 1 1 0 0 0 0 1 0 0
370	16	1 1 1 1 0 0 0 1 0 0 1 1 0 0 0 0
370	13	1 1 1 1 0 0 1 0 1 1 0 0 0 0 0 0
370	5	0 1 1 0 0 0 1 1 0 0 1 0 0 0 0 0
370	18	1 1 1 0 1 1 1 1 1 0 1 0 0 0 0 0
370	22	1 1 1 1 0 0 1 1 1 1 0 0 0 1 0 0
370	1	1 1 0 1 0 0 1 1 0 1 1 0 0 0 0 0
370	5	1 1 1 0 0 0 1 1 1 1 0 0 0 1 0 0
370	4	0 1 1 1 0 0 1 1 0 1 0 1 0 0 0 0
370	1	1 1 1 0 1 0 1 1 1 1 1 0 0 0 1 0
370	7	1 1 1 1 1 0 1 1 1 1 1 0 0 0 0 0
370	2	1 1 1 1 0 1 1 0 0 0 1 0 0 0 1 0
370	5	1 1 1 1 0 0 0 0 1 0 0 1 0 1 0 1
370	2	1 1 1 1 0 0 1 1 1 0 1 1 0 0 0 0
370	2	1 1 1 1 0 0 1 0 1 1 0 1 1 0 0 0
370	8	0 1 0 1 0 0 1 1 1 1 0 1 0 0 0 0
370	10	0 1 1 0 0 0 1 1 0 0 1 0 0 0 0 1
370	3	1 1 0 1 1 0 1 1 1 1 1 0 0 0 0 0
370	6	0 1 1 1 0 1 1 0 0 0 1 0 0 0 1 0
370	8	1 1 1 0 1 0 1 1 1 1 1 0 0 0 0 1
370	1	1 1 1 0 0 0 1 1 1 1 1 0 0 0 0 0
370	1	1 1 1 1 0 0 1 1 1 1 0 0 1 1 0 0
370	2	1 1 1 1 0 1 0 1 0 1 0 0 0 0 0 0
370	5	0 1 1 1 0 0 1 1 1 1 0 0 0 0 1 0
370	6	1 1 1 1 0 0 0 0 1 0 0 1 0 0 0 0
370	5	1 0 1 1 0 0 1 1 1 1 1 0 0 0 0 0
370	6	1 1 1 1 0 0 1 0 0 1 1 0 0 0 0 0
370	4	1 1 1 0 0 0 1 0 0 1 1 1 0 0 0 0
370	2	1 1 0 1 0 0 1 1 0 1 0 0 0 0 0 0
370	1	0 1 1 0 0 0 1 1 1 0 0 0 0 0 0 0
370	4	1 1 1 0 1 0 1 1 1 0 1 0 0 0 0 0
370	2	1 1 1 1 0 0 1 1 1 1 1 0 0 0 0 1
370	3	1 0 1 1 0 0 1 1 0 1 1 0 0 0 0 0
370	4	1 1 1 1 0 0 1 1 1 0 1 0 0 1 0 0
370	3	1 1 1 1 0 0 1 1 0 0 0 1 0 0 0 0
370	1	1 1 1 0 0 0 1 0 0 1 0 0 0 0 0 0
370	1	1 1 1 0 0 0 1 1 1 1 0 1 1 0 0 0
370	1	1 1 1 0 0 0 0 1 1 1 0 1 0 0 0 0
370	2	1 1 1 0 1 1 1 1 1 1 1 0 0 0 1 0
370	3	1 1 0 1 0 0 1 0 1 0 0 0 0 1 0 0
370	1	1 0 1 1 0 0 1 0 0 0 1 1 0 0 0 0
370	2	1 1 1 1 0 0 1 0 1 1 1 1 1 0 0 0
380	64	1 1 1 1 0 0 1 1 1 1 0 0 0 0 0 0
380	25	1 1 1 1 0 0 1 1 1 0 0 0 0 0 0 0
380	15	0 1 1 1 0 0 1 1 1 1 0 0 0 0 0 0
380	6	1 1 1 1 0 0 1 0 1 0 1 0 0 0 0 0
380	23	1 1 1 1 0 0 1 0 0 0 0 1 0 0 0 0
380	12	1 1 1 0 1 0 1 1 1 1 1 0 0 0 0 0
380	52	1 1 1 1 0 0 1 0 1 0 0 1 0 0 0 0
380	74	1 1 1 1 0 0 1 1 1 1 1 0 0 0 0 0
380	32	1 1 1 1 0 0 1 1 0 1 1 0 0 0 0 0
380	26	1 1 1 1 0 0 1 1 1 0 1 0 0 0 0 0
380	5	1 1 1 1 0 0 0 1 0 0 1 0 0 0 0 0
380	17	1 1 1 1 0 0 0 1 1 1 0 1 0 0 0 0
380	5	1 1 1 1 0 0 1 0 1 0 0 1 0 1 0 0
380	7	1 1 1 1 0 0 1 0 1 1 0 1 0 0 0 0
380	4	1 1 0 1 0 0 1 1 0 0 0 0 0 0 0 0
380	3	0 1 1 1 0 0 1 1 1 1 0 1 0 0 0 0
380	58	1 1 1 1 0 0 1 1 0 0 1 1 0 0 0 0
380	15	1 1 1 1 1 0 1 1 1 1 0 0 0 0 0 0
380	1	0 0 1 1 0 0 1 1 1 1 0 1 0 0 0 0
380	4	1 1 1 1 0 0 1 0 0 0 1 0 0 0 1 0
380	2	1 1 1 1 0 0 0 0 1 0 0 1 0 1 0 0
380	7	1 1 1 1 1 0 1 1 0 1 0 0 0 0 0 0
380	30	1 1 1 0 0 0 1 1 1 1 0 0 0 0 0 0
380	56	1 1 1 0 0 0 1 0 0 1 1 0 0 0 0 0
380	13	1 1 0 1 1 0 1 1 0 0 0 0 0 0 0 0
380	8	1 1 1 1 0 1 1 1 1 1 0 0 0 0 0 0
380	3	0 1 1 1 0 0 1 0 1 0 0 1 0 0 0 0
380	3	1 1 1 1 0 1 1 1 1 1 0 1 0 0 0 0
380	5	0 1 1 1 0 0 1 1 1 0 0 0 0 0 0 0
380	1	1 1 1 1 0 1 1 0 1 0 1 0 0 0 0 0
380	9	1 1 1 1 0 0 1 1 1 1 0 1 0 0 0 0
380	11	1 1 0 1 0 0 1 0 1 0 0 1 0 1 0 0
380	16	1 0 1 1 0 0 1 1 0 0 1 1 0 0 0 0
380	7	1 1 1 1 0 0 1 1 0 1 1 0 0 0 1 0
380	5	1 1 1 0 0 0 1 1 0 0 1 0 0 0 0 0
380	22	1 1 1 1 0 0 0 1 0 0 1 1 0 0 0 0
380	3	1 1 1 1 0 0 1 0 1 1 0 0 0 0 0 0
380	7	0 1 1 0 0 0 1 1 0 0 1 0 0 0 0 0
380	36	1 1 1 0 1 1 1 1 1 0 1 0 0 0 0 0
380	33	1 1 1 1 0 0 1 1 1 1 0 0 0 1 0 0
380	26	1 1 1 1 1 0 1 1 1 1 1 0 0 0 0 0
380	18	1 1 1 1 0 0 0 0 1 0 0 1 0 1 0 1
380	4	0 1 0 1 0 0 1 1 1 1 0 1 0 0 0 0
380	3	0 1 1 0 0 0 1 1 0 0 1 0 0 0 0 1
380	2	0 1 1 1 0 1 1 0 0 0 1 0 0 0 1 0
380	1	1 1 1 0 1 0 1 1 1 0 1 0 0 0 0 0
380	15	1 1 1 1 0 0 1 1 1 1 1 0 0 0 0 1
380	4	1 0 1 1 0 0 1 1 0 1 1 0 0 0 0 0
380	6	1 1 1 1 0 0 1 1 1 0 1 0 0 1 0 0
380	11	1 1 0 1 0 0 1 0 1 0 0 0 0 1 0 0
380	3	1 1 1 1 0 0 1 0 1 1 1 1 1 0 0 0
380	2	1 1 1 1 0 0 0 1 1 0 1 0 0 0 0 0
380	1	1 1 1 1 0 0 0 1 1 1 0 1 0 0 0 1
380	4	0 1 1 1 0 0 1 1 1 1 0 1 0 0 1 0
380	2	1 1 1 0 0 0 1 1 1 1 0 0 0 0 0 1
380	6	1 1 1 1 0 0 1 1 1 1 0 0 1 0 0 0
380	1	1 1 1 1 0 0 0 1 1 1 0 0 0 0 0 0
380	6	0 1 1 1 0 0 0 1 1 1 0 1 0 0 0 0
380	8	1 1 1 0 1 1 1 0 1 0 1 1 0 0 0 0
380	1	0 1 0 1 0 0 1 0 1 0 0 0 0 1 0 0
380	6	1 1 1 0 0 0 1 1 1 1 1 0 0 0 0 0
380	14	1 1 1 0 0 0 1 1 0 0 1 1 0 0 0 0
380	6	1 1 1 1 1 0 1 1 1 1 1 0 1 0 0 0
380	1	1 0 1 1 0 0 1 1 0 1 1 0 1 0 0 0
380	20	1 1 1 1 1 0 1 0 0 0 1 0 0 0 1 0
380	3	1 1 1 1 0 0 0 1 0 1 1 0 0 0 0 0
380	3	1 1 1 0 0 0 1 0 0 1 1 0 0 1 0 0
380	1	1 1 1 1 0 1 1 1 0 0 1 0 0 0 0 0
380	8	1 1 1 0 1 1 0 1 1 0 1 0 0 0 0 0
380	3	1 0 1 1 0 0 1 1 1 1 0 0 0 1 0 0
380	4	0 1 1 1 0 0 1 1 1 1 1 0 0 0 1 0
380	5	1 1 1 1 1 0 1 1 0 1 1 0 0 0 0 0
380	5	1 1 1 1 0 1 0 1 1 1 0 1 0 0 0 0
380	8	1 1 1 1 0 0 1 1 0 0 1 1 0 0 1 0
380	3	1 1 1 0 1 0 1 0 0 1 1 0 0 0 0 0
380	4	0 0 1 1 0 0 1 1 0 1 1 0 0 0 0 0
380	2	1 1 0 1 0 0 1 0 1 0 0 0 0 0 0 0
380	1	1 1 1 1 0 0 1 1 1 1 0 0 0 0 1 0
380	6	1 1 1 1 0 0 1 1 0 0 1 1 1 0 0 0
380	4	0 1 1 0 0 0 1 1 1 0 0 0 0 0 0 0
380	1	1 0 1 1 0 0 1 1 1 1 1 0 0 0 0 0
380	1	1 1 1 1 0 0 1 1 1 1 1 0 0 1 0 0
380	1	0 1 1 1 0 0 1 1 1 0 1 0 0 0 0 0
380	5	1 1 1 1 0 0 1 0 0 0 1 1 0 0 0 0
380	1	1 1 1 1 1 0 1 1 0 0 1 0 0 0 0 0
380	4	1 1 1 0 1 1 1 1 0 0 1 0 0 0 0 0
380	6	1 1 1 1 1 0 1 1 1 0 1 0 0 0 0 0
380	1	1 0 1 1 0 0 1 1 1 0 1 0 0 1 0 0
380	1	1 1 1 1 0 0 0 1 1 1 1 1 1 0 0 0
380	2	1 1 1 1 0 0 1 0 1 1 1 1 0 0 0 0
380	2	1 1 1 0 0 0 1 0 0 1 1 0 0 0 1 0
380	1	1 1 1 0 0 0 1 1 0 1 1 0 0 0 0 0
380	4	1 0 1 1 1 0 1 1 1 1 0 0 0 0 0 0
380	1	1 1 1 0 1 0 1 1 1 1 1 1 0 0 0 0
380	2	1 1 1 1 0 0 1 1 1 0 0 1 0 0 0 0
380	1	1 1 1 1 0 0 1 1 0 1 1 1 0 0 0 0
380	2	0 1 1 1 1 0 1 1 1 1 0 0 0 0 0 0
380	1	1 1 1 0 0 0 1 0 0 1 1 0 0 0 0 1
380	1	0 1 1 1 0 0 1 0 1 0 0 0 0 0 0 0
380	2	1 1 0 1 0 0 1 1 1 1 0 1 0 0 0 0
380	3	0 1 0 1 0 0 1 1 1 1 0 1 0 0 0 1
380	1	1 1 1 1 0 0 1 1 1 1 0 0 0 0 0 1
390	67	1 1 1 1 0 0 1 1 1 1 0 0 0 0 0 0
390	30	1 1 1 1 0 0 1 1 1 0 0 0 0 0 0 0
390	4	0 1 1 1 0 0 1 1 1 1 0 0 0 0 0 0
390	6	1 1 1 1 0 0 1 0 1 0 1 0 0 0 0 0
390	39	1 1 1 1 0 0 1 0 0 0 0 1 0 0 0 0
390	3	1 1 1 0 1 0 1 1 1 1 1 0 0 0 0 0
390	36	1 1 1 1 0 0 1 0 1 0 0 1 0 0 0 0
390	48	1 1 1 1 0 0 1 1 1 1 1 0 0 0 0 0
390	34	1 1 1 1 0 0 1 1 0 1 1 0 0 0 0 0
390	13	1 1 1 1 0 0 1 1 1 0 1 0 0 0 0 0
390	5	1 1 1 1 0 0 0 1 0 0 1 0 0 0 0 0
390	21	1 1 1 1 0 0 0 1 1 1 0 1 0 0 0 0
390	8	1 1 0 1 0 0 1 1 0 0 0 0 0 0 0 0
390	1	0 1 1 1 0 0 1 1 1 1 0 1 0 0 0 0
390	51	1 1 1 1 0 0 1 1 0 0 1 1 0 0 0 0
390	5	1 1 1 1 1 0 1 1 1 1 0 0 0 0 0 0
390	5	0 0 1 1 0 0 1 1 1 1 0 1 0 0 0 0
390	5	1 1 1 1 0 0 1 0 0 0 1 0 0 0 1 0
390	14	1 1 1 0 0 0 1 1 1 1 0 0 0 0 0 0
390	4	1 1 1 0 0 0 1 0 0 1 1 0 0 0 0 0
390	6	1 1 0 1 1 0 1 1 0 0 0 0 0 0 0 0
390	2	1 1 1 1 0 1 1 1 1 1 0 1 0 0 0 0
390	6	0 1 1 1 0 0 1 1 1 0 0 0 0 0 0 0
390	3	1 1 1 1 0 1 1 0 1 0 1 0 0 0 0 0
390	12	1 1 1 1 0 0 1 1 1 1 0 1 0 0 0 0
390	3	1 1 0 1 0 0 1 0 1 0 0 1 0 1 0 0
390	17	1 0 1 1 0 0 1 1 0 0 1 1 0 0 0 0
390	28	1 1 1 1 0 0 1 1 0 1 1 0 0 0 1 0
390	2	1 1 1 0 0 0 1 1 0 0 1 0 0 0 0 0
390	17	1 1 1 1 0 0 0 1 0 0 1 1 0 0 0 0
390	2	1 1 1 1 0 0 1 0 1 1 0 0 0 0 0 0
390	10	0 1 1 0 0 0 1 1 0 0 1 0 0 0 0 0
390	26	1 1 1 0 1 1 1 1 1 0 1 0 0 0 0 0
390	19	1 1 1 1 0 0 1 1 1 1 0 0 0 1 0 0
390	41	1 1 1 1 1 0 1 1 1 1 1 0 0 0 0 0
390	1	0 1 0 1 0 0 1 1 1 1 0 1 0 0 0 0
390	18	0 1 1 0 0 0 1 1 0 0 1 0 0 0 0 1
390	13	1 1 1 1 0 0 1 1 1 1 1 0 0 0 0 1
390	15	1 0 1 1 0 0 1 1 0 1 1 0 0 0 0 0
390	16	1 1 1 1 0 0 1 1 1 0 1 0 0 1 0 0
390	22	1 1 0 1 0 0 1 0 1 0 0 0 0 1 0 0
390	8	1 1 1 1 0 0 0 1 1 0 1 0 0 0 0 0
390	8	0 1 1 1 0 0 0 1 1 1 0 1 0 0 0 0
390	20	1 1 1 0 0 0 1 1 0 0 1 1 0 0 0 0
390	2	1 1 1 1 1 0 1 1 1 1 1 0 1 0 0 0
390	2	1 1 1 1 1 0 1 0 0 0 1 0 0 0 1 0
390	15	1 1 1 0 1 1 0 1 1 0 1 0 0 0 0 0
390	7	1 1 1 1 1 0 1 1 0 1 1 0 0 0 0 0
390	5	1 1 1 1 0 1 0 1 1 1 0 1 0 0 0 0
390	11	1 1 1 1 0 0 1 1 0 0 1 1 0 0 1 0
390	10	0 0 1 1 0 0 1 1 0 1 1 0 0 0 0 0
390	6	1 0 1 1 0 0 1 1 1 1 1 0 0 0 0 0
390	3	1 1 1 1 0 0 1 1 1 1 1 0 0 1 0 0
390	8	1 1 1 1 0 0 1 0 0 0 1 1 0 0 0 0
390	6	1 0 1 1 0 0 1 1 1 0 1 0 0 1 0 0
390	6	1 1 1 1 0 0 1 0 1 1 1 1 0 0 0 0
390	13	1 0 1 1 1 0 1 1 1 1 0 0 0 0 0 0
390	4	1 1 1 1 0 0 1 1 0 1 1 1 0 0 0 0
390	1	0 1 0 1 0 0 1 1 1 1 0 1 0 0 0 1
390	5	1 1 1 0 1 0 1 0 1 1 0 1 0 0 0 0
390	9	1 1 1 1 0 0 1 1 1 0 1 1 0 0 0 0
390	3	1 1 1 0 1 0 1 1 0 0 1 0 0 0 0 0
390	10	1 1 1 0 0 1 1 1 1 0 1 0 0 0 0 0
390	2	1 1 1 1 0 0 1 0 0 0 1 1 1 0 0 0
390	2	1 1 1 1 1 1 1 0 1 0 1 1 0 0 0 0
390	16	1 1 1 1 0 1 1 1 1 0 1 0 0 0 0 0
390	6	1 1 0 1 0 0 0 0 1 0 0 1 0 1 0 1
390	5	1 1 1 1 0 0 1 0 1 0 0 0 0 0 0 0
390	8	1 0 1 1 0 0 1 1 0 1 1 0 0 0 0 1
390	5	1 1 1 1 1 0 1 0 0 1 1 0 0 0 0 0
390	3	1 1 0 1 0 0 1 0 1 0 0 1 0 0 0 0
390	6	1 1 1 0 1 1 1 1 1 1 1 0 0 0 0 0
390	8	1 1 1 0 0 0 1 0 0 0 1 1 0 0 0 0
390	3	1 1 1 1 1 0 1 1 0 1 1 0 0 0 1 0
390	2	1 1 1 0 1 1 1 1 1 0 0 0 0 0 0 0
390	4	1 1 0 0 1 1 1 1 1 0 1 0 0 0 0 0
390	4	1 1 1 1 0 0 0 1 0 0 1 1 1 0 0 0
390	2	1 1 0 1 0 1 1 1 1 1 0 1 0 0 0 0
390	1	1 1 1 1 0 0 1 1 0 1 1 0 0 0 0 1
390	4	1 1 1 1 0 0 1 1 1 1 1 0 0 0 1 0
390	2	0 1 1 1 0 0 0 1 0 0 1 0 0 0 0 0
390	8	1 1 1 1 0 0 1 0 0 0 1 0 1 0 1 0
390	1	0 1 1 1 0 0 1 0 0 0 1 1 0 0 0 0
390	4	1 1 1 1 0 0 0 1 1 0 1 1 0 0 0 0
390	1	0 1 1 1 0 1 1 1 1 0 1 0 0 0 0 0
390	1	1 1 1 1 0 0 1 1 1 0 0 0 0 0 1 0
390	6	1 1 1 1 0 0 1 1 1 0 0 0 0 0 0 1
390	2	1 1 1 1 0 0 1 0 1 0 1 0 0 0 0 1
390	4	1 1 1 1 0 0 0 0 0 0 0 1 0 0 0 0
390	2	1 1 1 1 0 0 1 0 1 0 0 1 0 1 0 0
390	1	1 1 1 1 0 0 1 1 1 0 1 0 0 0 0 1
390	4	0 1 1 1 0 0 1 1 0 1 1 0 0 0 1 0
390	2	1 1 1 1 1 0 1 1 1 0 1 0 1 0 0 0
390	3	1 1 1 0 1 1 0 1 0 0 1 0 0 0 0 0
390	2	1 1 1 0 1 0 0 1 1 0 1 0 0 0 0 0
390	3	1 1 1 0 1 1 1 1 0 0 1 1 0 0 0 0
390	1	1 1 0 1 0 0 1 0 1 0 0 0 0 0 0 0
390	1	1 1 1 0 0 0 1 0 0 1 1 0 0 0 0 1
390	2	1 1 1 0 1 1 1 1 1 0 1 0 0 1 0 0
390	1	1 1 1 1 0 0 1 1 1 0 1 1 0 1 0 0
390	3	0 0 1 1 1 0 1 1 0 1 1 0 0 0 0 0
390	1	1 1 1 1 0 0 1 0 0 1 1 1 0 0 0 0
390	2	0 1 0 1 0 0 1 1 1 1 0 0 0 0 0 0
390	1	1 1 1 1 0 0 1 0 0 1 1 0 0 0 0 0
390	1	1 1 1 1 0 0 1 1 1 0 0 0 0 1 0 0
390	1	0 1 1 1 0 0 1 1 1 1 0 0 0 0 0 1
390	2	1 1 1 1 0 0 1 1 1 0 0 1 0 0 0 0
390	2	1 1 1 1 0 0 1 1 0 0 1 1 0 1 0 0
390	3	0 1 1 1 0 0 1 1 0 0 1 1 0 0 0 0
390	3	1 1 1 0 0 0 1 1 1 1 0 1 0 0 0 0
390	1	1 1 0 1 1 0 1 0 1 0 0 1 0 1 0 0
390	4	0 1 1 1 0 0 1 1 1 1 0 0 0 1 0 0
390	2	1 1 1 1 0 0 1 1 0 0 1 0 0 1 0 0
390	1	0 1 1 1 1 0 1 0 0 0 1 1 0 0 1 0
390	1	0 1 1 1 0 0 1 1 1 0 1 0 0 0 0 0
400	25	1 1 1 1 0 0 1 1 1 1 0 0 0 0 0 0
400	4	1 1 1 1 0 0 1 1 1 0 0 0 0 0 0 0
400	19	0 1 1 1 0 0 1 1 1 1 0 0 0 0 0 0
400	4	1 1 1 1 0 0 1 0 1 0 1 0 0 0 0 0
400	18	1 1 1 1 0 0 1 0 0 0 0 1 0 0 0 0
400	66	1 1 1 1 0 0 1 0 1 0 0 1 0 0 0 0
400	43	1 1 1 1 0 0 1 1 1 1 1 0 0 0 0 0
400	41	1 1 1 1 0 0 1 1 0 1 1 0 0 0 0 0
400	13	1 1 1 1 0 0 1 1 1 0 1 0 0 0 0 0
400	8	1 1 1 1 0 0 0 1 0 0 1 0 0 0 0 0
400	22	1 1 1 1 0 0 0 1 1 1 0 1 0 0 0 0
400	9	1 1 0 1 0 0 1 1 0 0 0 0 0 0 0 0
400	49	1 1 1 1 0 0 1 1 0 0 1 1 0 0 0 0
400	4	1 1 1 1 1 0 1 1 1 1 0 0 0 0 0 0
400	19	1 1 1 0 0 0 1 1 1 1 0 0 0 0 0 0
400	6	1 1 0 1 1 0 1 1 0 0 0 0 0 0 0 0
400	5	0 1 1 1 0 0 1 1 1 0 0 0 0 0 0 0
400	9	1 1 1 1 0 1 1 0 1 0 1 0 0 0 0 0
400	11	1 1 1 1 0 0 1 1 1 1 0 1 0 0 0 0
400	3	1 1 0 1 0 0 1 0 1 0 0 1 0 1 0 0
400	10	1 0 1 1 0 0 1 1 0 0 1 1 0 0 0 0
400	25	1 1 1 1 0 0 1 1 0 1 1 0 0 0 1 0
400	11	1 1 1 1 0 0 0 1 0 0 1 1 0 0 0 0
400	1	0 1 1 0 0 0 1 1 0 0 1 0 0 0 0 0
400	15	1 1 1 0 1 1 1 1 1 0 1 0 0 0 0 0
400	9	1 1 1 1 0 0 1 1 1 1 0 0 0 1 0 0
400	23	1 1 1 1 1 0 1 1 1 1 1 0 0 0 0 0
400	12	0 1 1 0 0 0 1 1 0 0 1 0 0 0 0 1
400	8	1 1 1 1 0 0 1 1 1 1 1 0 0 0 0 1
400	21	1 0 1 1 0 0 1 1 0 1 1 0 0 0 0 0
400	2	1 1 1 1 0 0 1 1 1 0 1 0 0 1 0 0
400	4	1 1 0 1 0 0 1 0 1 0 0 0 0 1 0 0
400	9	1 1 1 0 0 0 1 1 0 0 1 1 0 0 0 0
400	15	1 1 1 0 1 1 0 1 1 0 1 0 0 0 0 0
400	32	1 1 1 1 1 0 1 1 0 1 1 0 0 0 0 0
400	10	1 1 1 1 0 0 1 1 0 0 1 1 0 0 1 0
400	36	0 0 1 1 0 0 1 1 0 1 1 0 0 0 0 0
400	12	1 0 1 1 0 0 1 1 1 1 1 0 0 0 0 0
400	7	1 1 1 1 0 0 1 0 0 0 1 1 0 0 0 0
400	9	1 0 1 1 1 0 1 1 1 1 0 0 0 0 0 0
400	3	1 1 1 1 0 0 1 1 0 1 1 1 0 0 0 0
400	35	1 1 1 1 0 0 1 1 1 0 1 1 0 0 0 0
400	9	1 1 1 0 0 1 1 1 1 0 1 0 0 0 0 0
400	20	1 1 1 1 0 1 1 1 1 0 1 0 0 0 0 0
400	9	1 1 1 1 0 0 1 0 1 0 0 0 0 0 0 0
400	1	1 1 1 1 1 0 1 0 0 1 1 0 0 0 0 0
400	3	1 1 1 0 1 1 1 1 1 1 1 0 0 0 0 0
400	4	1 1 1 0 0 0 1 0 0 0 1 1 0 0 0 0
400	5	1 1 1 1 1 0 1 1 0 1 1 0 0 0 1 0
400	8	1 1 0 0 1 1 1 1 1 0 1 0 0 0 0 0
400	2	1 1 1 1 0 0 0 1 0 0 1 1 1 0 0 0
400	13	1 1 1 1 0 0 0 1 1 0 1 1 0 0 0 0
400	13	1 1 1 1 0 0 1 1 1 0 0 0 0 0 0 1
400	1	1 1 1 1 0 0 1 0 1 0 1 0 0 0 0 1
400	9	1 1 1 1 0 0 1 0 1 0 0 1 0 1 0 0
400	13	1 1 1 0 1 1 0 1 0 0 1 0 0 0 0 0
400	3	1 1 1 1 0 0 1 1 1 0 0 1 0 0 0 0
400	1	1 1 0 1 1 0 1 0 1 0 0 1 0 1 0 0
400	8	1 1 1 1 0 0 1 1 0 0 1 0 0 1 0 0
400	3	0 1 1 0 0 0 1 1 0 1 1 0 0 0 1 0
400	6	1 0 1 1 0 0 1 1 1 1 0 1 0 0 0 0
400	8	1 1 1 1 0 0 1 1 0 1 0 0 0 0 0 0
400	1	1 1 1 1 0 1 1 0 1 0 0 1 0 0 0 0
400	5	1 1 1 1 0 0 1 1 1 1 1 0 1 0 0 0
400	5	1 1 1 0 0 0 1 1 1 1 0 0 0 1 0 0
400	11	1 1 1 1 0 0 1 0 0 1 0 1 0 0 0 0
400	10	0 1 1 1 0 0 1 1 0 0 1 1 0 0 0 0
400	12	1 0 1 1 0 0 1 1 1 0 1 1 0 0 0 0
400	3	1 0 1 1 1 0 1 1 0 1 1 0 0 0 0 0
400	2	1 1 1 1 0 0 1 1 1 1 0 0 1 0 0 0
400	4	0 1 1 1 0 0 1 0 0 0 0 1 0 0 0 0
400	2	1 1 1 1 0 1 1 1 0 1 1 0 0 0 0 0
400	6	1 1 1 0 0 0 0 1 1 1 0 1 0 0 0 0
400	11	1 1 1 1 1 1 1 1 1 1 1 0 0 0 0 0
400	2	1 1 1 1 0 0 1 1 1 1 1 1 0 0 0 1
400	6	1 1 0 1 0 0 1 1 0 0 0 0 0 0 0 1
400	1	1 1 1 1 1 0 1 1 0 1 1 0 0 0 0 1
400	3	0 1 1 0 0 0 1 1 0 0 1 1 0 0 0 0
400	2	0 0 1 1 0 0 1 1 1 1 1 0 0 0 0 0
400	2	1 1 0 1 1 0 1 1 0 0 0 1 0 0 0 0
400	1	1 1 0 1 0 0 1 0 0 0 1 1 0 0 0 0
400	5	1 1 1 1 0 0 1 1 0 0 0 1 0 0 0 0
400	4	0 0 1 1 0 0 1 1 1 1 0 0 0 0 0 0
400	11	0 1 1 0 0 0 1 1 1 0 0 0 0 0 0 0
400	2	1 1 1 1 0 0 1 1 0 0 1 0 0 0 1 0
400	1	0 0 1 1 1 0 1 1 0 1 1 0 0 0 0 0
400	2	1 1 1 0 1 0 1 1 1 1 0 1 0 0 0 0
400	1	1 1 1 1 1 0 1 0 1 0 0 0 0 0 0 0
400	1	1 1 1 0 1 1 0 1 1 1 0 0 0 0 0 0
400	1	1 1 1 0 0 0 0 1 0 0 1 1 0 0 0 0
400	3	1 1 1 1 0 0 1 0 0 0 0 1 0 0 0 1
400	6	1 1 1 1 0 1 1 1 1 1 1 0 0 0 0 0
400	1	1 1 1 0 0 0 1 1 0 1 1 0 0 0 1 0
400	2	1 1 1 0 1 0 0 1 1 0 1 0 0 0 0 0
400	2	1 1 0 1 0 1 1 1 1 0 1 0 0 0 0 0
400	1	0 1 1 1 0 0 1 0 0 0 0 0 0 0 0 0
400	3	1 1 1 1 0 0 0 1 1 1 1 1 0 0 0 0
400	1	1 1 1 1 0 0 1 1 0 1 0 1 0 0 0 0
400	3	1 1 1 0 0 0 1 1 1 1 1 0 0 0 0 0
400	2	1 1 1 1 0 0 1 0 0 0 0 0 0 0 0 1
400	4	1 1 1 1 0 0 0 1 0 0 0 1 0 0 0 0
400	1	0 1 1 1 0 0 1 1 1 1 1 0 0 0 0 1
400	5	1 1 1 1 1 1 1 1 0 1 1 0 0 0 0 0
400	5	1 1 1 1 0 0 1 0 0 0 0 0 0 0 0 0
400	1	1 1 1 1 0 0 1 0 1 0 0 0 0 0 1 0
400	1	0 1 1 1 0 0 1 1 1 0 1 0 0 0 0 0
400	3	1 1 1 1 0 0 1 0 1 0 0 1 0 0 0 1
400	1	1 1 1 1 0 0 0 1 0 1 0 0 0 0 0 0
400	1	1 1 1 1 1 0 1 1 0 1 0 0 0 0 0 0
400	2	1 1 1 1 0 1 1 0 1 1 0 1 0 0 0 0
400	1	0 1 1 1 0 0 1 1 1 1 0 1 0 0 0 0
400	1	1 1 1 1 1 1 1 1 1 1 1 1 0 0 0 0
400	1	1 1 1 1 0 0 1 0 0 1 1 0 0 0 1 0
400	2	1 1 1 0 1 1 1 1 0 0 1 0 0 0 0 0
400	1	1 1 1 1 0 0 1 1 1 0 1 0 0 0 0 1
400	1	1 1 1 0 1 1 0 1 1 0 1 0 1 0 0 0
400	1	1 1 1 1 0 0 1 0 1 0 1 1 0 0 0 0
400	1	1 0 1 0 1 1 0 1 0 0 1 0 0 0 0 0
