0	250	0 0 1 0 0 0 0 0 1 0 0 0 0 0 1 1
0	250	0 0 0 0 0 0 0 0 0 0 1 0 0 0 0 0
0	250	0 0 0 0 0 0 1 0 0 0 0 1 1 0 1 1
0	250	1 0 0 0 0 0 1 0 1 0 0 0 0 0 0 0
10	208	0 0 1 0 0 0 0 0 1 0 0 0 0 0 1 1
10	237	0 0 0 0 0 0 0 0 0 0 1 0 0 0 0 0
10	102	0 0 0 0 0 0 1 0 0 0 0 1 1 0 1 1
10	276	1 0 0 0 0 0 1 0 1 0 0 0 0 0 0 0
10	5	0 0 1 0 0 0 1 0 0 0 0 1 1 0 1 1
10	15	0 0 0 0 0 0 1 0 1 0 0 0 0 0 0 0
10	4	0 0 0 0 0 0 1 0 0 0 1 0 0 0 0 0
10	6	0 0 1 0 0 0 0 0 1 0 0 0 0 0 0 1
10	5	0 0 1 0 0 0 0 0 1 0 0 0 1 0 1 1
10	2	0 0 0 0 1 0 1 0 0 0 0 1 1 0 1 1
10	1	1 0 0 0 0 0 1 0 1 0 0 0 1 0 0 0
10	10	0 0 0 0 0 0 0 0 1 0 0 0 0 0 1 1
10	5	0 0 0 0 0 0 0 0 0 0 1 0 0 1 0 0
10	8	0 0 0 0 0 1 1 0 0 0 0 1 1 0 1 1
10	13	0 0 0 0 0 0 1 0 0 0 0 0 0 0 1 1
10	15	0 0 0 1 0 0 0 0 0 0 1 0 0 0 0 0
10	2	1 0 1 0 0 0 0 0 1 0 0 0 0 0 1 1
10	2	0 0 0 0 0 0 0 0 0 1 1 0 0 0 0 0
10	2	0 0 0 0 1 0 0 0 0 0 1 0 0 0 0 0
10	1	0 0 0 0 0 0 1 1 0 0 0 1 1 0 1 1
10	10	0 0 0 0 0 0 1 0 0 0 0 1 0 0 0 0
10	1	0 0 0 0 0 0 1 0 1 0 1 0 0 0 0 0
10	1	0 0 1 0 0 0 0 0 1 0 1 0 0 0 0 0
10	5	0 0 1 0 0 0 0 0 1 0 1 0 0 0 1 1
10	5	1 0 0 0 0 0 1 0 1 0 0 0 0 1 0 0
10	1	0 0 0 0 0 0 0 0 1 0 0 0 0 1 1 1
10	1	0 0 0 0 0 0 0 0 0 0 1 0 0 0 1 1
10	5	0 0 1 0 0 0 0 0 1 0 0 0 0 1 1 1
10	6	1 0 0 0 0 0 1 0 1 0 0 0 0 0 1 0
10	2	0 0 1 0 0 0 0 0 0 0 1 0 0 0 0 0
10	4	0 0 0 0 0 0 0 1 0 0 1 0 0 0 0 0
10	2	1 0 0 0 0 0 1 0 1 0 0 1 0 0 0 0
10	3	1 0 1 0 0 0 1 0 1 0 0 0 0 0 0 0
10	4	0 0 0 1 1 0 0 0 0 0 1 0 0 0 0 0
10	6	0 0 0 0 0 0 1 0 0 0 0 1 1 0 0 0
10	3	0 1 1 0 0 0 0 0 1 0 0 0 0 0 1 1
10	1	0 0 0 0 0 0 1 0 0 0 0 1 0 0 1 1
10	1	1 0 0 0 0 0 1 0 1 1 0 0 0 0 0 0
10	6	0 0 1 0 0 0 0 0 1 1 0 0 0 0 1 1
10	1	1 0 0 0 1 0 1 0 1 0 0 0 0 0 0 0
10	1	1 0 0 0 0 0 1 0 1 0 1 0 0 0 0 0
10	3	1 0 0 0 1 0 0 0 0 0 1 0 0 0 0 0
10	2	0 0 1 0 0 0 0 0 1 0 1 0 0 1 0 0
10	4	0 0 1 0 0 0 1 0 1 0 0 0 0 0 0 0
10	1	1 0 0 0 0 0 1 0 1 0 0 1 1 0 1 1
10	1	0 0 0 1 0 0 1 0 1 0 0 0 0 0 0 0
10	1	0 0 0 0 0 0 0 0 1 0 1 0 0 0 1 0
20	194	0 0 1 0 0 0 0 0 1 0 0 0 0 0 1 1
20	108	0 0 0 0 0 0 0 0 0 0 1 0 0 0 0 0
20	46	0 0 0 0 0 0 1 0 0 0 0 1 1 0 1 1
20	299	1 0 0 0 0 0 1 0 1 0 0 0 0 0 0 0
20	13	0 0 1 0 0 0 1 0 0 0 0 1 1 0 1 1
20	12	0 0 0 0 0 0 1 0 1 0 0 0 0 0 0 0
20	6	0 0 0 0 0 0 1 0 0 0 1 0 0 0 0 0
20	15	0 0 1 0 0 0 0 0 1 0 0 0 0 0 0 1
20	2	0 0 1 0 0 0 0 0 1 0 0 0 1 0 1 1
20	4	0 0 0 0 0 0 0 0 0 0 1 0 0 1 0 0
20	28	0 0 0 0 0 1 1 0 0 0 0 1 1 0 1 1
20	4	0 0 0 0 0 0 1 0 0 0 0 0 0 0 1 1
20	72	0 0 0 1 0 0 0 0 0 0 1 0 0 0 0 0
20	4	1 0 1 0 0 0 0 0 1 0 0 0 0 0 1 1
20	4	0 0 0 0 0 0 0 0 0 1 1 0 0 0 0 0
20	2	1 0 0 0 0 0 1 0 1 0 0 0 0 1 0 0
20	2	0 0 0 0 0 0 0 0 1 0 0 0 0 1 1 1
20	10	0 0 0 0 0 0 0 0 0 0 1 0 0 0 1 1
20	5	0 0 1 0 0 0 0 0 1 0 0 0 0 1 1 1
20	6	1 0 1 0 0 0 1 0 1 0 0 0 0 0 0 0
20	13	0 0 0 1 1 0 0 0 0 0 1 0 0 0 0 0
20	20	0 1 1 0 0 0 0 0 1 0 0 0 0 0 1 1
20	11	0 0 1 0 0 0 0 0 1 1 0 0 0 0 1 1
20	7	0 0 1 0 0 0 0 0 1 0 1 0 0 1 0 0
20	5	0 0 1 0 0 0 1 0 1 0 0 0 0 0 0 0
20	2	1 0 0 0 0 0 1 0 1 0 0 1 1 0 1 1
20	2	0 0 0 0 0 0 0 0 1 0 1 0 0 0 1 0
20	1	1 0 0 0 0 0 0 0 1 0 0 0 0 0 0 0
20	4	0 0 0 0 0 0 1 0 0 0 0 0 1 0 1 1
20	1	0 0 0 0 0 1 0 0 0 0 1 0 0 0 0 0
20	4	0 0 1 0 0 1 1 0 0 0 0 1 1 0 1 1
20	2	1 0 1 0 0 0 1 0 1 0 0 1 0 0 0 0
20	1	0 0 1 0 0 0 0 0 1 0 0 0 0 0 0 0
20	4	1 0 0 0 0 0 1 0 1 0 0 1 0 0 0 0
20	5	1 0 0 0 0 0 1 0 1 0 1 0 0 0 0 0
20	1	0 0 0 0 1 0 1 0 0 0 0 1 1 0 1 1
20	7	1 0 0 0 0 0 1 1 1 0 0 0 0 0 0 0
20	10	1 0 0 0 0 1 1 0 1 0 0 0 0 0 0 0
20	7	1 0 0 0 0 0 0 0 0 0 1 0 0 0 0 0
20	1	1 0 0 0 0 0 1 0 0 0 0 1 1 0 1 1
20	2	0 0 0 0 0 0 0 0 0 0 0 0 0 0 0 0
20	2	0 0 0 0 0 0 1 0 0 0 0 1 0 0 1 1
20	5	0 0 0 1 1 0 0 0 0 0 1 0 0 0 0 1
20	1	0 0 0 0 0 0 0 0 0 0 1 0 0 0 0 1
20	2	0 0 0 0 0 0 1 0 0 1 0 1 1 0 1 1
20	6	0 0 1 0 0 0 0 0 1 0 0 1 0 0 0 0
20	2	1 0 0 0 0 0 1 0 1 1 0 0 0 0 0 0
20	1	1 0 0 0 0 0 0 0 1 0 0 0 0 0 1 1
20	2	1 0 0 0 0 0 0 0 0 0 0 1 1 0 1 1
20	3	0 0 1 0 0 1 0 0 1 0 0 0 0 0 1 1
20	5	0 0 0 0 0 0 0 0 1 0 1 0 0 0 0 0
20	3	0 0 1 0 0 0 0 0 0 0 1 0 0 0 0 0
20	2	0 0 0 0 0 0 0 0 1 0 0 0 0 0 0 0
20	2	0 0 0 0 0 0 0 0 0 0 0 0 0 0 1 1
20	2	1 0 1 0 1 0 0 0 1 0 0 0 0 0 1 1
20	3	1 1 0 0 0 0 1 0 1 0 0 0 0 1 0 0
20	2	0 0 0 0 0 0 0 1 0 0 1 0 0 0 1 1
20	3	0 0 0 0 0 0 0 0 1 0 0 0 0 0 1 1
20	2	0 0 1 0 0 0 0 0 0 0 0 0 0 0 1 1
20	1	0 0 1 0 0 0 0 0 1 0 0 1 0 0 1 1
20	1	0 0 0 0 0 0 0 0 0 0 1 0 0 0 1 0
20	1	0 0 0 1 0 0 1 0 0 0 0 1 1 0 1 1
20	1	0 0 0 1 0 0 0 0 0 1 1 0 0 0 0 0
20	2	0 0 0 0 1 1 0 0 0 0 1 0 0 0 0 0
30	172	0 0 1 0 0 0 0 0 1 0 0 0 0 0 1 1
30	55	0 0 0 0 0 0 0 0 0 0 1 0 0 0 0 0
30	21	0 0 0 0 0 0 1 0 0 0 0 1 1 0 1 1
30	288	1 0 0 0 0 0 1 0 1 0 0 0 0 0 0 0
30	12	0 0 1 0 0 0 1 0 0 0 0 1 1 0 1 1
30	25	0 0 0 0 0 0 1 0 1 0 0 0 0 0 0 0
30	2	0 0 0 0 0 0 1 0 0 0 1 0 0 0 0 0
30	6	0 0 1 0 0 0 0 0 1 0 0 0 0 0 0 1
30	9	0 0 0 0 0 1 1 0 0 0 0 1 1 0 1 1
30	89	0 0 0 1 0 0 0 0 0 0 1 0 0 0 0 0
30	4	1 0 1 0 0 0 0 0 1 0 0 0 0 0 1 1
30	3	0 0 0 0 0 0 0 0 0 1 1 0 0 0 0 0
30	13	1 0 0 0 0 0 1 0 1 0 0 0 0 1 0 0
30	5	0 0 0 0 0 0 0 0 0 0 1 0 0 0 1 1
30	14	0 0 1 0 0 0 0 0 1 0 0 0 0 1 1 1
30	12	1 0 1 0 0 0 1 0 1 0 0 0 0 0 0 0
30	2	0 0 0 1 1 0 0 0 0 0 1 0 0 0 0 0
30	11	0 1 1 0 0 0 0 0 1 0 0 0 0 0 1 1
30	18	0 0 1 0 0 0 0 0 1 1 0 0 0 0 1 1
30	9	0 0 1 0 0 0 1 0 1 0 0 0 0 0 0 0
30	1	1 0 0 0 0 0 1 0 1 0 0 1 1 0 1 1
30	2	0 0 0 0 0 0 0 0 1 0 1 0 0 0 1 0
30	1	0 0 0 0 0 0 1 0 0 0 0 0 1 0 1 1
30	3	1 0 0 0 0 0 1 0 1 0 0 1 0 0 0 0
30	1	1 0 0 0 0 0 1 0 1 0 1 0 0 0 0 0
30	6	1 0 0 0 0 0 1 1 1 0 0 0 0 0 0 0
30	14	1 0 0 0 0 1 1 0 1 0 0 0 0 0 0 0
30	1	1 0 0 0 0 0 0 0 0 0 1 0 0 0 0 0
30	1	1 0 0 0 0 0 1 0 0 0 0 1 1 0 1 1
30	1	0 0 0 0 0 0 0 0 0 0 0 0 0 0 0 0
30	10	0 0 0 0 0 0 1 0 0 1 0 1 1 0 1 1
30	4	1 0 0 0 0 0 0 0 0 0 0 1 1 0 1 1
30	23	0 0 1 0 0 1 0 0 1 0 0 0 0 0 1 1
30	10	1 1 0 0 0 0 1 0 1 0 0 0 0 1 0 0
30	1	0 0 0 0 0 0 0 0 1 0 0 0 0 0 1 1
30	10	0 0 1 0 0 0 0 0 1 0 0 1 0 0 1 1
30	3	0 0 0 0 1 0 0 0 0 0 1 0 0 0 0 0
30	3	0 0 1 0 0 0 1 0 1 0 0 0 0 0 1 1
30	2	0 0 1 0 0 0 0 0 1 0 0 0 0 0 0 0
30	8	1 0 0 0 0 0 1 0 1 0 0 0 0 0 1 1
30	8	0 0 1 0 0 0 1 0 1 0 0 0 0 0 1 0
30	1	0 0 0 0 0 0 1 0 1 0 0 1 1 0 1 1
30	3	0 1 1 0 0 0 0 0 1 0 0 0 0 0 0 1
30	12	0 0 1 0 0 0 0 0 0 0 0 1 1 0 1 1
30	3	0 0 1 0 0 0 1 0 0 0 0 0 0 0 1 1
30	3	1 0 1 0 0 0 1 0 1 0 0 0 0 0 1 1
30	2	0 0 1 0 0 0 0 1 1 0 0 0 0 0 1 1
30	4	1 0 0 0 0 1 0 0 1 0 0 0 0 0 1 1
30	3	0 1 0 0 0 0 1 0 0 0 0 1 1 0 1 1
30	5	0 0 1 0 0 0 0 0 0 1 1 0 0 0 0 0
30	1	1 0 0 0 0 0 0 0 1 0 0 0 0 0 1 1
30	10	1 0 0 1 0 0 0 0 0 0 1 0 0 0 0 0
30	12	1 0 0 0 0 0 1 0 1 0 0 0 0 0 0 1
30	1	1 1 0 0 0 0 1 0 1 0 0 0 0 0 0 0
30	1	0 0 1 1 0 0 0 0 0 0 1 0 0 0 0 0
30	8	0 0 0 1 0 0 1 0 1 0 0 0 0 0 0 0
30	3	0 0 0 1 0 0 0 0 0 0 1 1 0 0 0 0
30	1	0 0 1 0 0 0 0 0 1 0 0 0 0 0 1 0
30	5	0 1 1 0 0 0 0 0 1 0 0 0 0 0 0 0
30	2	0 0 1 0 1 0 0 0 1 0 0 0 0 0 1 1
30	4	1 0 0 0 1 0 1 0 1 0 0 0 0 0 0 0
30	9	1 0 0 0 0 1 1 0 1 0 0 0 0 0 0 1
30	3	1 1 0 0 0 0 1 0 1 0 0 0 0 0 1 1
30	2	1 0 0 0 0 0 0 0 1 0 0 1 0 0 1 1
30	2	0 0 1 0 0 1 0 0 1 0 0 0 0 0 0 0
30	2	1 0 1 0 0 0 0 0 1 0 0 0 1 0 1 1
30	1	0 0 0 0 0 0 1 0 1 1 0 1 1 0 1 1
30	1	1 0 1 0 0 0 0 0 1 0 0 0 0 0 0 1
30	1	1 0 0 0 0 1 1 1 1 0 0 0 0 0 0 0
30	2	0 0 1 0 0 0 0 0 1 0 0 0 1 0 1 1
30	4	0 0 1 0 0 0 0 0 0 0 0 0 0 0 1 1
30	3	0 0 1 0 0 0 1 1 0 0 0 1 1 0 1 1
30	1	0 0 1 0 1 0 1 0 0 0 0 1 1 0 1 1
30	1	0 0 0 1 0 0 0 0 0 0 0 0 0 0 0 0
30	1	0 0 1 0 0 0 0 0 1 1 0 1 0 0 1 1
40	60	0 0 1 0 0 0 0 0 1 0 0 0 0 0 1 1
40	32	0 0 0 0 0 0 0 0 0 0 1 0 0 0 0 0
40	2	0 0 0 0 0 0 1 0 0 0 0 1 1 0 1 1
40	280	1 0 0 0 0 0 1 0 1 0 0 0 0 0 0 0
40	2	0 0 1 0 0 0 1 0 0 0 0 1 1 0 1 1
40	25	0 0 0 0 0 0 1 0 1 0 0 0 0 0 0 0
40	8	0 0 0 0 0 1 1 0 0 0 0 1 1 0 1 1
40	71	0 0 0 1 0 0 0 0 0 0 1 0 0 0 0 0
40	10	1 0 1 0 0 0 0 0 1 0 0 0 0 0 1 1
40	42	1 0 0 0 0 0 1 0 1 0 0 0 0 1 0 0
40	3	1 0 1 0 0 0 1 0 1 0 0 0 0 0 0 0
40	2	0 0 0 1 1 0 0 0 0 0 1 0 0 0 0 0
40	6	0 1 1 0 0 0 0 0 1 0 0 0 0 0 1 1
40	11	0 0 1 0 0 0 0 0 1 1 0 0 0 0 1 1
40	30	0 0 1 0 0 0 1 0 1 0 0 0 0 0 0 0
40	7	1 0 0 0 0 0 1 0 1 0 0 1 1 0 1 1
40	3	1 0 0 0 0 0 1 1 1 0 0 0 0 0 0 0
40	23	1 0 0 0 0 1 1 0 1 0 0 0 0 0 0 0
40	10	0 0 0 0 0 0 1 0 0 1 0 1 1 0 1 1
40	71	0 0 1 0 0 1 0 0 1 0 0 0 0 0 1 1
40	17	1 1 0 0 0 0 1 0 1 0 0 0 0 1 0 0
40	10	0 0 1 0 0 0 0 0 1 0 0 1 0 0 1 1
40	12	1 0 0 0 0 0 1 0 1 0 0 0 0 0 1 1
40	1	0 1 1 0 0 0 0 0 1 0 0 0 0 0 0 1
40	11	0 0 1 0 0 0 1 0 0 0 0 0 0 0 1 1
40	6	0 0 1 0 0 0 0 1 1 0 0 0 0 0 1 1
40	3	0 1 0 0 0 0 1 0 0 0 0 1 1 0 1 1
40	4	0 0 1 0 0 0 0 0 0 1 1 0 0 0 0 0
40	16	1 0 0 1 0 0 0 0 0 0 1 0 0 0 0 0
40	4	1 0 0 0 0 0 1 0 1 0 0 0 0 0 0 1
40	9	0 0 0 1 0 0 1 0 1 0 0 0 0 0 0 0
40	9	0 0 0 1 0 0 0 0 0 0 1 1 0 0 0 0
40	7	0 0 1 0 1 0 0 0 1 0 0 0 0 0 1 1
40	24	1 0 0 0 0 1 1 0 1 0 0 0 0 0 0 1
40	6	0 0 1 0 0 0 1 1 0 0 0 1 1 0 1 1
40	12	0 0 0 0 0 0 1 0 0 0 0 0 0 1 0 0
40	4	0 0 0 0 0 0 1 0 0 0 0 0 0 0 0 0
40	13	1 0 0 1 0 0 1 0 1 0 0 0 0 0 0 0
40	2	1 0 0 0 0 0 0 0 1 0 0 0 0 0 1 1
40	5	0 0 0 0 0 1 0 0 0 0 1 0 0 0 0 0
40	2	1 0 0 0 0 0 0 0 1 0 0 0 0 0 0 0
40	5	1 0 0 0 0 0 1 0 1 1 0 0 0 0 0 0
40	3	1 0 0 0 0 0 1 0 1 0 0 0 1 0 0 0
40	9	1 0 1 0 0 0 1 0 1 0 1 0 0 0 0 0
40	5	0 0 1 0 0 0 0 0 1 0 0 1 1 0 1 1
40	6	0 0 1 0 0 0 1 0 1 0 0 0 0 1 0 0
40	6	0 0 0 1 0 0 0 0 0 0 1 0 0 0 1 1
40	7	0 0 0 1 0 0 0 0 0 0 0 1 1 0 1 1
40	7	1 0 0 0 0 0 1 1 0 0 0 0 0 0 0 0
40	6	1 0 0 0 0 0 0 0 1 1 0 0 0 0 0 0
40	2	0 0 0 0 0 0 0 0 1 0 0 0 0 0 1 1
40	1	0 0 1 0 0 0 0 0 1 0 1 0 0 0 1 1
40	4	1 0 0 0 0 0 1 0 1 0 0 1 0 0 0 0
40	2	0 0 1 0 0 0 0 0 0 0 1 0 0 0 1 1
40	3	1 0 0 0 0 0 1 0 1 0 0 0 0 1 1 1
40	3	1 1 0 0 1 0 1 0 1 0 0 0 0 0 0 0
40	1	0 0 1 1 0 0 0 0 0 0 0 0 0 0 1 1
40	5	0 0 1 0 1 0 0 0 1 0 0 0 0 0 0 0
40	2	0 0 0 0 0 0 1 0 0 0 1 0 0 0 0 0
40	6	1 0 0 0 0 0 1 0 1 0 0 0 0 0 1 0
40	1	0 1 1 0 0 0 0 1 1 0 0 0 0 0 1 1
40	3	1 0 0 0 1 1 1 0 1 0 0 0 0 0 0 1
40	4	1 0 0 0 1 0 1 0 1 0 0 0 0 0 0 0
40	1	0 0 0 1 0 0 1 0 0 0 1 0 0 0 0 0
40	1	0 1 1 0 0 1 0 0 1 0 0 0 0 0 1 1
40	3	0 0 0 1 0 0 1 0 1 0 1 0 0 0 0 0
40	2	0 0 0 0 0 0 1 1 0 0 0 0 0 1 0 0
40	1	1 0 0 1 0 1 0 0 1 0 0 0 0 0 1 1
40	1	1 0 0 1 0 0 1 0 1 0 0 0 0 0 0 1
40	2	0 0 1 0 0 0 0 0 1 0 0 0 0 1 1 1
40	1	1 0 0 0 0 0 1 0 1 0 0 1 1 1 1 1
40	2	0 0 0 0 0 1 0 0 1 0 0 0 0 0 1 1
40	3	1 0 0 0 0 0 0 0 0 0 1 0 0 0 0 0
40	1	0 0 0 1 0 1 1 0 1 0 0 0 0 0 0 1
40	1	0 0 0 1 0 0 0 0 1 0 0 0 0 0 0 0
40	1	0 0 0 0 0 0 1 0 1 0 0 0 0 1 0 0
40	1	0 0 0 1 0 0 1 0 1 0 0 0 0 0 1 1
40	2	0 0 1 0 0 0 0 0 1 0 0 0 0 0 1 0
40	2	0 0 0 0 0 0 0 0 0 0 0 0 0 0 0 0
40	1	0 0 0 0 0 0 1 0 1 0 0 0 0 0 1 0
40	1	0 0 0 0 0 0 1 0 1 0 0 0 0 0 0 1
40	1	1 0 0 0 0 0 1 0 1 0 0 0 0 1 0 1
40	1	0 0 1 0 0 0 1 0 0 0 0 0 0 0 0 0
40	1	1 0 1 0 0 1 1 0 1 0 0 0 0 0 0 0
40	1	0 0 1 0 0 1 0 0 1 0 1 0 0 0 1 1
40	1	0 0 1 0 0 1 0 0 1 1 0 0 0 0 1 1
40	1	0 0 0 1 0 0 0 0 1 0 1 1 0 0 0 0
40	1	0 0 0 1 0 0 1 0 0 0 0 0 0 0 0 0
50	42	0 0 1 0 0 0 0 0 1 0 0 0 0 0 1 1
50	16	0 0 0 0 0 0 0 0 0 0 1 0 0 0 0 0
50	251	1 0 0 0 0 0 1 0 1 0 0 0 0 0 0 0
50	24	0 0 0 0 0 0 1 0 1 0 0 0 0 0 0 0
50	10	0 0 0 0 0 1 1 0 0 0 0 1 1 0 1 1
50	47	0 0 0 1 0 0 0 0 0 0 1 0 0 0 0 0
50	3	1 0 1 0 0 0 0 0 1 0 0 0 0 0 1 1
50	36	1 0 0 0 0 0 1 0 1 0 0 0 0 1 0 0
50	13	0 0 0 1 1 0 0 0 0 0 1 0 0 0 0 0
50	3	0 1 1 0 0 0 0 0 1 0 0 0 0 0 1 1
50	2	0 0 1 0 0 0 0 0 1 1 0 0 0 0 1 1
50	10	0 0 1 0 0 0 1 0 1 0 0 0 0 0 0 0
50	11	1 0 0 0 0 0 1 1 1 0 0 0 0 0 0 0
50	18	1 0 0 0 0 1 1 0 1 0 0 0 0 0 0 0
50	37	0 0 1 0 0 1 0 0 1 0 0 0 0 0 1 1
50	36	1 1 0 0 0 0 1 0 1 0 0 0 0 1 0 0
50	4	0 0 1 0 0 0 0 0 1 0 0 1 0 0 1 1
50	5	1 0 0 0 0 0 1 0 1 0 0 0 0 0 1 1
50	5	0 0 1 0 0 0 1 0 0 0 0 0 0 0 1 1
50	5	0 0 1 0 0 0 0 1 1 0 0 0 0 0 1 1
50	3	0 1 0 0 0 0 1 0 0 0 0 1 1 0 1 1
50	1	0 0 1 0 0 0 0 0 0 1 1 0 0 0 0 0
50	2	1 0 0 1 0 0 0 0 0 0 1 0 0 0 0 0
50	5	0 0 0 1 0 0 1 0 1 0 0 0 0 0 0 0
50	7	0 0 1 0 1 0 0 0 1 0 0 0 0 0 1 1
50	14	1 0 0 0 0 1 1 0 1 0 0 0 0 0 0 1
50	1	0 0 1 0 0 0 1 1 0 0 0 1 1 0 1 1
50	19	0 0 0 0 0 0 1 0 0 0 0 0 0 1 0 0
50	2	0 0 0 0 0 0 1 0 0 0 0 0 0 0 0 0
50	29	1 0 0 1 0 0 1 0 1 0 0 0 0 0 0 0
50	4	1 0 0 0 0 0 0 0 1 0 0 0 0 0 1 1
50	1	1 0 0 0 0 0 0 0 1 0 0 0 0 0 0 0
50	8	1 0 0 0 0 0 1 0 1 0 0 0 1 0 0 0
50	11	1 0 1 0 0 0 1 0 1 0 1 0 0 0 0 0
50	29	0 0 1 0 0 0 1 0 1 0 0 0 0 1 0 0
50	3	0 0 0 1 0 0 0 0 0 0 1 0 0 0 1 1
50	17	1 0 0 0 0 0 1 0 1 0 0 1 0 0 0 0
50	7	0 0 0 0 0 0 1 1 0 0 0 0 0 1 0 0
50	10	1 0 0 1 0 1 0 0 1 0 0 0 0 0 1 1
50	8	0 0 1 0 0 0 0 0 1 0 0 0 0 1 1 1
50	3	1 0 0 0 0 0 1 0 1 0 0 1 1 1 1 1
50	9	1 0 0 0 0 0 0 0 0 0 1 0 0 0 0 0
50	2	0 0 0 1 0 1 1 0 1 0 0 0 0 0 0 1
50	9	0 0 0 0 0 0 1 0 1 0 0 0 0 1 0 0
50	4	0 0 1 0 0 0 0 0 1 0 0 0 0 0 1 0
50	2	0 0 0 0 0 0 1 0 1 0 0 0 0 0 1 0
50	8	0 0 0 0 0 0 1 0 1 0 0 0 0 0 0 1
50	7	0 0 0 0 0 0 0 0 1 0 0 0 0 0 0 0
50	7	0 0 0 1 0 0 0 0 1 0 1 0 0 0 0 0
50	9	1 1 0 1 0 0 0 0 0 0 1 0 0 0 0 0
50	9	1 0 0 0 0 0 1 0 1 0 1 0 0 0 0 0
50	15	0 0 1 1 0 0 0 0 0 0 1 0 0 0 0 0
50	1	0 0 1 0 0 0 0 0 1 0 0 0 0 0 0 0
50	20	0 0 1 0 0 1 0 0 1 0 0 0 0 0 0 0
50	9	0 0 0 0 0 0 1 0 1 0 0 1 1 0 1 1
50	9	0 0 1 1 0 0 1 0 0 0 0 0 0 0 1 1
50	4	0 0 0 0 0 0 1 1 0 0 1 0 0 1 0 0
50	6	1 1 0 0 0 0 1 0 1 0 1 0 0 0 0 0
50	4	1 0 0 1 0 1 1 0 1 0 0 0 0 0 0 1
50	1	0 0 0 0 0 0 1 1 1 0 0 0 0 0 0 0
50	4	1 0 1 1 0 1 0 0 1 0 0 0 0 0 1 1
50	10	0 0 1 0 0 0 0 0 0 0 1 0 0 0 0 0
50	6	1 0 0 1 0 0 0 0 0 0 1 0 0 0 1 1
50	8	0 0 1 0 0 0 1 0 1 0 0 0 1 0 0 0
50	1	1 0 0 1 0 0 1 0 1 0 0 0 0 1 0 0
50	4	1 0 0 0 0 1 1 0 1 0 0 0 0 1 0 0
50	9	0 0 1 0 0 0 0 1 1 0 0 0 1 0 1 1
50	1	0 0 1 0 0 0 0 0 1 0 0 1 0 0 0 0
50	7	1 0 0 1 0 0 1 0 1 0 1 0 0 0 0 0
50	2	0 0 1 0 0 0 0 0 0 0 0 0 0 0 1 1
50	1	0 0 1 0 0 0 0 0 1 0 1 0 0 0 1 1
50	3	1 0 0 0 0 0 1 0 1 0 0 0 0 1 1 0
50	2	0 0 1 1 0 0 0 0 0 0 1 0 0 0 1 0
50	1	0 0 0 0 0 0 1 0 1 0 0 0 0 0 1 1
50	7	1 1 0 0 0 0 1 1 1 0 0 0 0 1 0 0
50	4	1 0 0 1 0 0 1 0 1 0 0 0 0 0 1 0
50	3	0 0 1 0 0 0 0 0 1 1 0 0 0 0 0 0
50	4	0 0 0 0 0 0 1 0 1 0 0 1 1 1 1 1
50	4	0 0 1 0 0 0 1 1 1 0 0 0 0 1 0 0
50	2	1 0 1 0 0 0 1 0 1 0 0 0 0 0 0 0
50	2	0 0 0 1 0 0 0 0 0 0 0 0 0 0 0 0
50	1	1 1 0 0 0 0 1 0 1 0 0 0 1 1 0 0
50	2	0 0 1 0 1 0 0 0 1 0 0 1 0 0 1 1
50	4	1 0 0 0 0 0 1 0 1 0 0 0 0 0 0 1
50	2	0 0 1 0 0 0 1 0 0 0 1 0 0 0 0 0
50	1	0 0 1 0 0 1 0 0 1 0 0 1 0 0 1 0
50	1	1 1 1 0 0 0 1 0 1 0 0 0 0 1 0 0
50	3	1 0 0 0 0 0 0 0 1 0 0 0 1 0 0 0
50	2	1 0 0 0 0 0 1 0 1 0 0 1 0 1 0 0
50	2	1 0 0 0 1 1 0 1 1 0 0 0 0 0 0 1
60	36	0 0 1 0 0 0 0 0 1 0 0 0 0 0 1 1
60	4	0 0 0 0 0 0 0 0 0 0 1 0 0 0 0 0
60	221	1 0 0 0 0 0 1 0 1 0 0 0 0 0 0 0
60	40	0 0 0 0 0 0 1 0 1 0 0 0 0 0 0 0
60	18	0 0 0 0 0 1 1 0 0 0 0 1 1 0 1 1
60	76	0 0 0 1 0 0 0 0 0 0 1 0 0 0 0 0
60	48	1 0 0 0 0 0 1 0 1 0 0 0 0 1 0 0
60	6	0 0 0 1 1 0 0 0 0 0 1 0 0 0 0 0
60	2	0 1 1 0 0 0 0 0 1 0 0 0 0 0 1 1
60	1	0 0 1 0 0 0 0 0 1 1 0 0 0 0 1 1
60	2	0 0 1 0 0 0 1 0 1 0 0 0 0 0 0 0
60	2	1 0 0 0 0 0 1 1 1 0 0 0 0 0 0 0
60	2	1 0 0 0 0 1 1 0 1 0 0 0 0 0 0 0
60	29	0 0 1 0 0 1 0 0 1 0 0 0 0 0 1 1
60	29	1 1 0 0 0 0 1 0 1 0 0 0 0 1 0 0
60	8	1 0 0 0 0 0 1 0 1 0 0 0 0 0 1 1
60	1	0 1 0 0 0 0 1 0 0 0 0 1 1 0 1 1
60	11	0 0 0 1 0 0 1 0 1 0 0 0 0 0 0 0
60	9	1 0 0 0 0 1 1 0 1 0 0 0 0 0 0 1
60	22	0 0 0 0 0 0 1 0 0 0 0 0 0 1 0 0
60	47	1 0 0 1 0 0 1 0 1 0 0 0 0 0 0 0
60	5	1 0 0 0 0 0 0 0 1 0 0 0 0 0 0 0
60	14	1 0 0 0 0 0 1 0 1 0 0 0 1 0 0 0
60	4	1 0 1 0 0 0 1 0 1 0 1 0 0 0 0 0
60	24	0 0 1 0 0 0 1 0 1 0 0 0 0 1 0 0
60	3	0 0 0 1 0 0 0 0 0 0 1 0 0 0 1 1
60	14	1 0 0 0 0 0 1 0 1 0 0 1 0 0 0 0
60	6	0 0 0 0 0 0 1 1 0 0 0 0 0 1 0 0
60	23	1 0 0 1 0 1 0 0 1 0 0 0 0 0 1 1
60	2	0 0 1 0 0 0 0 0 1 0 0 0 0 1 1 1
60	11	0 0 0 0 0 0 1 0 1 0 0 0 0 1 0 0
60	5	0 0 0 0 0 0 1 0 1 0 0 0 0 0 0 1
60	19	1 0 0 0 0 0 1 0 1 0 1 0 0 0 0 0
60	8	0 0 1 1 0 0 0 0 0 0 1 0 0 0 0 0
60	34	0 0 1 0 0 1 0 0 1 0 0 0 0 0 0 0
60	1	0 0 0 0 0 0 1 0 1 0 0 1 1 0 1 1
60	8	0 0 0 0 0 0 1 1 0 0 1 0 0 1 0 0
60	3	1 1 0 0 0 0 1 0 1 0 1 0 0 0 0 0
60	4	0 0 1 0 0 0 0 0 0 0 1 0 0 0 0 0
60	2	1 0 0 1 0 0 0 0 0 0 1 0 0 0 1 1
60	8	0 0 1 0 0 0 1 0 1 0 0 0 1 0 0 0
60	2	0 0 1 0 0 0 0 1 1 0 0 0 1 0 1 1
60	6	0 0 1 0 0 0 0 0 0 0 0 0 0 0 1 1
60	8	1 0 0 0 0 0 1 0 1 0 0 0 0 1 1 0
60	7	1 1 0 0 0 0 1 1 1 0 0 0 0 1 0 0
60	4	1 0 0 1 0 0 1 0 1 0 0 0 0 0 1 0
60	8	0 0 1 0 0 0 1 1 1 0 0 0 0 1 0 0
60	1	1 0 1 0 0 0 1 0 1 0 0 0 0 0 0 0
60	5	1 0 0 0 0 0 1 0 1 0 0 0 0 0 0 1
60	3	0 0 1 0 0 0 1 0 0 0 1 0 0 0 0 0
60	1	1 0 0 0 0 0 1 0 1 0 0 1 0 1 0 0
60	9	0 0 1 0 0 0 0 1 1 0 0 0 0 0 0 0
60	2	1 0 0 1 0 0 1 1 1 0 0 0 0 0 0 0
60	11	1 0 0 1 0 0 0 0 1 0 1 0 0 0 0 0
60	1	0 1 0 0 0 0 1 0 1 0 0 1 1 0 1 1
60	3	1 0 0 0 0 0 1 0 1 0 0 0 0 0 1 0
60	1	1 0 0 0 1 0 1 1 1 0 0 0 0 0 0 0
60	10	0 0 1 1 0 1 0 0 1 0 0 0 0 0 1 1
60	5	1 0 0 0 0 1 1 1 1 0 0 0 0 1 0 0
60	4	0 0 1 0 0 0 1 0 1 0 0 0 1 1 0 0
60	1	1 1 0 0 0 0 1 0 1 0 0 0 0 0 0 0
60	5	0 0 1 0 0 0 0 0 1 0 0 0 0 0 0 1
60	10	1 0 0 0 1 0 1 0 1 0 0 0 0 0 0 0
60	3	0 0 1 0 0 0 1 0 0 1 0 0 0 0 1 1
60	4	0 0 0 0 0 0 1 0 1 0 0 0 0 0 1 1
60	6	0 0 1 0 0 0 0 0 1 0 0 0 0 0 0 0
60	5	0 0 1 1 0 0 1 0 1 0 0 0 0 1 0 0
60	1	1 0 1 0 0 0 1 0 1 0 0 0 0 1 0 0
60	3	1 0 0 0 0 0 1 0 0 0 0 0 0 0 0 0
60	1	0 0 1 1 0 0 1 0 0 0 0 0 0 1 0 0
60	3	0 1 1 1 0 0 0 0 1 0 0 0 0 0 1 1
60	5	0 1 1 0 0 0 1 0 1 0 0 0 1 0 0 0
60	1	1 0 0 0 1 0 1 0 1 0 0 0 1 0 0 1
60	2	0 0 0 1 1 0 1 0 0 0 0 1 1 0 1 1
60	2	1 0 1 0 0 1 0 0 1 0 0 0 0 0 1 1
60	4	0 0 0 1 1 0 0 0 0 0 1 0 0 0 0 1
60	2	0 0 0 0 0 0 0 0 0 0 0 0 0 0 0 0
60	2	1 0 0 0 0 1 1 1 1 0 0 0 0 0 1 1
60	2	0 0 0 0 1 0 1 0 1 0 0 0 0 0 0 0
60	1	0 0 0 1 0 0 0 0 0 0 1 0 0 1 0 0
60	2	1 0 1 0 0 0 1 0 1 0 0 0 0 0 1 1
60	1	0 0 1 0 0 0 1 0 0 0 0 0 0 1 0 0
60	1	0 0 0 0 0 0 1 0 1 0 0 0 0 1 1 0
60	2	1 0 0 1 0 0 1 0 1 0 1 0 0 0 0 0
60	1	1 0 1 1 0 0 0 0 0 0 1 0 0 0 0 0
60	1	1 1 0 0 0 0 1 1 1 1 0 0 0 1 0 0
60	1	1 0 1 1 0 0 0 0 1 0 1 0 0 0 0 0
60	1	1 0 1 1 0 0 1 0 0 0 0 0 0 1 0 0
60	1	1 0 0 1 0 1 0 0 1 0 0 0 0 0 1 0
60	2	0 0 0 1 0 0 0 1 0 0 1 0 0 0 0 0
60	3	0 0 0 1 0 1 0 0 0 0 1 0 0 0 0 0
60	1	0 0 0 0 1 0 0 0 0 0 1 0 0 0 0 0
60	2	0 0 1 0 0 0 1 0 1 1 0 0 0 0 0 0
60	2	0 0 1 0 0 1 0 0 1 0 0 0 0 0 1 0
60	2	0 1 1 0 0 1 0 0 1 0 0 0 0 0 1 1
60	2	0 0 0 0 0 0 1 0 1 0 0 0 0 1 0 1
60	3	0 0 0 0 0 0 1 0 1 0 0 1 0 0 1 1
60	1	0 0 1 0 1 0 0 0 0 0 1 0 0 0 0 0
60	3	0 0 1 0 0 0 1 1 1 0 0 0 0 1 1 0
60	1	0 0 0 1 0 0 1 0 0 0 0 1 1 0 1 1
60	1	1 0 1 0 0 0 0 0 1 0 0 0 0 0 1 1
70	9	0 0 1 0 0 0 0 0 1 0 0 0 0 0 1 1
70	157	1 0 0 0 0 0 1 0 1 0 0 0 0 0 0 0
70	20	0 0 0 0 0 0 1 0 1 0 0 0 0 0 0 0
70	102	0 0 0 1 0 0 0 0 0 0 1 0 0 0 0 0
70	9	1 0 0 0 0 0 1 0 1 0 0 0 0 1 0 0
70	10	0 0 0 1 1 0 0 0 0 0 1 0 0 0 0 0
70	6	1 0 0 0 0 1 1 0 1 0 0 0 0 0 0 0
70	37	0 0 1 0 0 1 0 0 1 0 0 0 0 0 1 1
70	38	1 1 0 0 0 0 1 0 1 0 0 0 0 1 0 0
70	3	1 0 0 0 0 0 1 0 1 0 0 0 0 0 1 1
70	12	0 0 0 1 0 0 1 0 1 0 0 0 0 0 0 0
70	24	0 0 0 0 0 0 1 0 0 0 0 0 0 1 0 0
70	33	1 0 0 1 0 0 1 0 1 0 0 0 0 0 0 0
70	6	1 0 0 0 0 0 1 0 1 0 0 0 1 0 0 0
70	9	1 0 1 0 0 0 1 0 1 0 1 0 0 0 0 0
70	81	0 0 1 0 0 0 1 0 1 0 0 0 0 1 0 0
70	3	0 0 0 1 0 0 0 0 0 0 1 0 0 0 1 1
70	20	1 0 0 0 0 0 1 0 1 0 0 1 0 0 0 0
70	12	0 0 0 0 0 0 1 1 0 0 0 0 0 1 0 0
70	14	1 0 0 1 0 1 0 0 1 0 0 0 0 0 1 1
70	15	0 0 0 0 0 0 1 0 1 0 0 0 0 1 0 0
70	9	0 0 0 0 0 0 1 0 1 0 0 0 0 0 0 1
70	14	1 0 0 0 0 0 1 0 1 0 1 0 0 0 0 0
70	18	0 0 1 1 0 0 0 0 0 0 1 0 0 0 0 0
70	35	0 0 1 0 0 1 0 0 1 0 0 0 0 0 0 0
70	2	0 0 1 0 0 0 0 0 0 0 0 0 0 0 1 1
70	5	1 0 0 0 0 0 1 0 1 0 0 0 0 1 1 0
70	25	1 1 0 0 0 0 1 1 1 0 0 0 0 1 0 0
70	10	0 0 1 0 0 0 1 1 1 0 0 0 0 1 0 0
70	7	1 0 0 0 0 0 1 0 1 0 0 0 0 0 0 1
70	1	0 0 1 0 0 0 1 0 0 0 1 0 0 0 0 0
70	16	0 0 1 0 0 0 0 1 1 0 0 0 0 0 0 0
70	26	1 0 0 1 0 0 0 0 1 0 1 0 0 0 0 0
70	2	1 0 0 0 0 0 1 0 1 0 0 0 0 0 1 0
70	2	0 0 1 1 0 1 0 0 1 0 0 0 0 0 1 1
70	3	1 1 0 0 0 0 1 0 1 0 0 0 0 0 0 0
70	12	1 0 0 0 1 0 1 0 1 0 0 0 0 0 0 0
70	4	0 0 0 0 0 0 1 0 1 0 0 0 0 0 1 1
70	1	0 0 1 0 0 0 0 0 1 0 0 0 0 0 0 0
70	5	0 0 1 1 0 0 1 0 1 0 0 0 0 1 0 0
70	11	1 0 1 0 0 1 0 0 1 0 0 0 0 0 1 1
70	18	0 0 0 1 1 0 0 0 0 0 1 0 0 0 0 1
70	2	0 0 0 0 1 0 1 0 1 0 0 0 0 0 0 0
70	3	1 0 1 0 0 0 1 0 1 0 0 0 0 0 1 1
70	5	1 1 0 0 0 0 1 1 1 1 0 0 0 1 0 0
70	12	1 0 1 1 0 0 1 0 0 0 0 0 0 1 0 0
70	4	0 0 0 1 0 1 0 0 0 0 1 0 0 0 0 0
70	6	0 0 1 0 0 1 0 0 1 0 0 0 0 0 1 0
70	3	0 1 1 0 0 1 0 0 1 0 0 0 0 0 1 1
70	5	0 0 0 0 0 0 1 0 1 0 0 0 0 1 0 1
70	6	0 0 1 0 0 0 1 1 1 0 0 0 0 1 1 0
70	5	1 0 1 0 0 0 0 0 1 0 0 0 0 0 1 1
70	9	0 1 1 1 0 0 1 0 1 0 0 0 0 0 0 0
70	22	1 1 0 0 1 0 1 0 1 0 0 0 0 1 0 0
70	1	0 0 0 0 0 0 0 1 0 0 0 0 0 1 0 0
70	6	0 0 0 0 0 0 0 0 0 0 0 1 0 0 0 0
70	1	0 0 1 0 0 0 1 0 1 0 1 0 0 0 0 1
70	2	1 0 0 0 0 1 1 0 1 0 0 0 1 0 0 0
70	4	0 0 0 0 0 0 1 1 0 0 0 0 0 1 1 0
70	5	1 0 0 1 0 0 0 0 1 0 1 1 0 0 0 0
70	1	1 0 1 0 0 0 1 0 1 0 0 0 0 0 1 0
70	1	0 0 1 0 0 0 1 0 1 0 1 0 0 0 1 1
70	1	0 0 1 0 0 1 0 0 1 1 0 0 0 0 1 1
70	3	1 0 0 1 0 0 1 0 1 0 0 0 1 0 0 0
70	1	0 0 0 0 0 0 1 0 1 0 1 0 0 0 0 0
70	2	1 0 0 0 0 0 0 0 1 0 0 0 0 0 0 0
70	3	0 0 1 1 0 0 0 0 0 0 0 0 0 0 0 0
70	1	1 0 0 0 0 1 1 1 1 0 0 0 0 0 0 0
70	1	1 0 0 0 0 0 1 1 1 0 0 0 0 1 0 0
70	2	0 0 1 0 0 0 0 1 1 0 1 0 0 0 0 0
70	1	0 0 0 0 0 0 0 0 0 0 0 0 0 0 0 0
70	1	0 0 0 1 0 0 1 0 1 0 0 0 0 1 0 0
70	3	0 0 1 0 0 1 1 0 1 0 0 0 0 0 0 0
70	1	0 0 0 1 1 0 0 0 0 0 1 0 0 1 0 0
70	1	1 0 1 0 0 0 1 1 1 0 1 0 0 0 0 0
70	4	1 0 1 0 0 0 1 0 1 0 0 0 0 1 1 0
70	2	1 0 0 0 0 0 0 0 0 0 1 0 0 0 0 0
70	1	1 0 0 0 0 1 0 0 1 0 0 0 0 0 1 1
70	1	1 1 0 0 0 0 1 0 1 0 1 0 0 0 0 0
70	4	1 0 0 1 0 0 1 0 1 0 0 1 0 0 0 0
70	5	0 1 1 0 0 0 0 1 1 0 0 0 0 0 0 0
70	1	0 0 0 1 0 0 0 0 0 0 1 0 0 0 0 1
70	1	1 0 0 1 0 0 1 0 1 0 0 0 0 1 0 0
70	3	0 0 1 0 0 1 1 0 1 0 0 0 0 0 1 1
70	2	0 0 1 0 0 1 0 1 1 0 0 0 0 0 1 1
70	1	0 0 1 0 0 0 1 0 1 0 0 0 1 1 0 0
70	1	1 0 0 0 0 0 0 0 1 0 1 0 0 0 0 0
70	1	0 0 0 1 0 1 0 0 1 0 0 0 0 0 1 1
70	3	1 0 1 0 0 0 0 0 1 0 0 0 0 0 0 0
80	126	1 0 0 0 0 0 1 0 1 0 0 0 0 0 0 0
80	14	0 0 0 0 0 0 1 0 1 0 0 0 0 0 0 0
80	66	0 0 0 1 0 0 0 0 0 0 1 0 0 0 0 0
80	14	1 0 0 0 0 0 1 0 1 0 0 0 0 1 0 0
80	13	0 0 0 1 1 0 0 0 0 0 1 0 0 0 0 0
80	22	1 0 0 0 0 1 1 0 1 0 0 0 0 0 0 0
80	32	0 0 1 0 0 1 0 0 1 0 0 0 0 0 1 1
80	25	1 1 0 0 0 0 1 0 1 0 0 0 0 1 0 0
80	6	0 0 0 1 0 0 1 0 1 0 0 0 0 0 0 0
80	12	0 0 0 0 0 0 1 0 0 0 0 0 0 1 0 0
80	26	1 0 0 1 0 0 1 0 1 0 0 0 0 0 0 0
80	71	0 0 1 0 0 0 1 0 1 0 0 0 0 1 0 0
80	14	0 0 0 1 0 0 0 0 0 0 1 0 0 0 1 1
80	10	0 0 0 0 0 0 1 1 0 0 0 0 0 1 0 0
80	14	1 0 0 1 0 1 0 0 1 0 0 0 0 0 1 1
80	3	0 0 0 0 0 0 1 0 1 0 0 0 0 1 0 0
80	3	0 0 0 0 0 0 1 0 1 0 0 0 0 0 0 1
80	45	0 0 1 1 0 0 0 0 0 0 1 0 0 0 0 0
80	31	0 0 1 0 0 1 0 0 1 0 0 0 0 0 0 0
80	36	1 0 0 0 0 0 1 0 1 0 0 0 0 1 1 0
80	26	1 1 0 0 0 0 1 1 1 0 0 0 0 1 0 0
80	3	1 0 0 0 0 0 1 0 1 0 0 0 0 0 0 1
80	5	0 0 1 0 0 0 0 1 1 0 0 0 0 0 0 0
80	44	1 0 0 1 0 0 0 0 1 0 1 0 0 0 0 0
80	2	0 0 1 0 0 0 0 0 1 0 0 0 0 0 0 0
80	10	1 0 1 0 0 1 0 0 1 0 0 0 0 0 1 1
80	15	0 0 0 1 1 0 0 0 0 0 1 0 0 0 0 1
80	7	1 1 0 0 0 0 1 1 1 1 0 0 0 1 0 0
80	20	1 0 1 1 0 0 1 0 0 0 0 0 0 1 0 0
80	29	0 0 0 1 0 1 0 0 0 0 1 0 0 0 0 0
80	21	0 0 1 0 0 1 0 0 1 0 0 0 0 0 1 0
80	2	0 0 1 0 0 0 1 1 1 0 0 0 0 1 1 0
80	3	0 1 1 1 0 0 1 0 1 0 0 0 0 0 0 0
80	27	1 1 0 0 1 0 1 0 1 0 0 0 0 1 0 0
80	2	0 0 0 0 0 0 0 1 0 0 0 0 0 1 0 0
80	9	1 0 0 0 0 1 1 0 1 0 0 0 1 0 0 0
80	7	1 0 0 1 0 0 0 0 1 0 1 1 0 0 0 0
80	1	0 0 0 0 0 0 1 0 1 0 1 0 0 0 0 0
80	7	0 0 1 1 0 0 0 0 0 0 0 0 0 0 0 0
80	16	1 0 0 0 0 1 1 1 1 0 0 0 0 0 0 0
80	15	0 0 1 0 0 1 1 0 1 0 0 0 0 0 0 0
80	6	1 0 0 0 0 0 0 0 0 0 1 0 0 0 0 0
80	8	1 0 0 1 0 0 1 0 1 0 0 1 0 0 0 0
80	3	1 0 1 0 0 0 0 0 1 0 0 0 0 0 0 0
80	6	1 0 0 1 0 1 0 0 1 0 0 0 0 1 1 1
80	3	0 0 1 0 0 0 1 0 1 0 0 0 0 0 0 0
80	1	1 0 1 0 0 0 0 1 1 0 0 0 0 0 0 0
80	1	0 0 0 1 1 0 0 0 0 0 1 1 0 0 0 0
80	3	1 0 0 1 0 0 0 0 1 0 0 0 0 0 0 0
80	1	0 0 1 0 1 0 1 0 1 0 0 0 0 1 0 0
80	8	0 0 0 1 0 0 0 0 1 0 1 0 0 0 1 1
80	10	0 0 0 1 0 0 0 0 1 0 0 0 0 1 0 0
80	7	1 1 0 0 0 0 0 0 1 0 0 0 0 0 0 0
80	3	0 0 0 1 0 0 0 0 0 0 0 0 0 0 0 0
80	6	1 0 0 0 1 0 1 0 1 0 0 0 0 0 1 1
80	1	1 0 0 1 0 1 0 1 1 0 0 0 0 0 1 1
80	2	0 0 1 1 0 1 0 0 1 0 0 0 0 0 0 0
80	1	0 0 1 0 0 1 1 0 1 0 0 1 0 0 0 0
80	1	0 0 1 0 0 0 1 0 1 0 0 0 0 1 1 0
80	1	1 0 0 1 0 0 0 0 1 0 1 1 0 0 1 0
80	4	1 1 0 0 0 0 1 0 1 0 1 0 0 0 0 0
80	8	1 0 0 1 0 1 0 0 1 0 0 0 0 0 1 0
80	2	1 0 0 0 0 0 1 0 1 0 1 0 0 0 0 0
80	1	1 0 1 0 0 0 1 0 1 0 0 0 0 1 1 0
80	3	0 0 1 0 0 0 1 0 1 0 1 0 0 1 0 0
80	3	1 1 0 0 0 0 1 1 1 1 0 0 0 1 0 1
80	5	1 0 0 0 0 1 0 0 1 0 0 0 0 0 1 1
80	6	1 0 0 0 1 0 1 0 1 0 0 0 0 1 0 0
80	1	1 0 0 1 0 1 0 1 1 0 0 0 1 0 0 0
80	1	0 0 1 1 0 0 0 0 0 0 0 0 0 1 0 0
80	3	1 0 1 0 0 1 0 0 0 0 1 0 0 0 0 0
80	2	0 1 1 0 0 0 1 0 1 0 0 0 0 1 0 0
80	2	1 0 1 1 0 0 1 1 0 0 0 0 0 1 0 0
80	2	0 0 0 1 0 1 0 0 0 0 1 0 0 0 1 0
80	1	1 0 0 1 0 1 0 0 1 0 0 0 0 0 0 0
80	8	1 0 0 0 1 0 1 0 1 0 0 1 0 0 1 1
80	1	0 0 0 1 0 0 1 1 1 1 0 0 0 1 0 0
80	2	0 0 0 1 1 1 0 0 1 0 0 0 0 0 1 0
80	1	0 0 1 1 0 0 1 0 1 0 0 0 0 0 0 0
80	2	1 0 0 0 0 0 1 0 1 0 0 0 0 0 1 0
80	1	1 0 0 0 0 0 1 0 0 0 0 0 0 0 0 0
80	1	0 0 1 0 0 0 1 0 1 1 0 0 0 1 0 0
80	3	0 0 0 0 0 0 1 1 0 0 1 0 0 1 0 0
80	2	0 0 0 1 0 1 0 0 0 0 1 1 0 0 0 0
80	1	0 0 1 0 0 1 0 0 1 0 1 0 0 0 1 0
80	2	0 0 1 0 0 1 1 0 1 0 0 0 0 1 0 0
80	2	0 0 1 0 1 1 1 0 1 0 0 0 0 0 0 0
80	2	0 0 0 1 0 0 1 0 1 0 0 1 0 0 0 0
80	2	1 0 0 0 0 1 0 0 1 0 0 1 0 0 1 1
90	53	1 0 0 0 0 0 1 0 1 0 0 0 0 0 0 0
90	57	0 0 0 1 0 0 0 0 0 0 1 0 0 0 0 0
90	32	0 0 0 1 1 0 0 0 0 0 1 0 0 0 0 0
90	11	1 0 0 0 0 1 1 0 1 0 0 0 0 0 0 0
90	38	0 0 1 0 0 1 0 0 1 0 0 0 0 0 1 1
90	40	1 1 0 0 0 0 1 0 1 0 0 0 0 1 0 0
90	25	0 0 0 1 0 0 1 0 1 0 0 0 0 0 0 0
90	8	0 0 0 0 0 0 1 0 0 0 0 0 0 1 0 0
90	22	1 0 0 1 0 0 1 0 1 0 0 0 0 0 0 0
90	84	0 0 1 0 0 0 1 0 1 0 0 0 0 1 0 0
90	3	0 0 0 1 0 0 0 0 0 0 1 0 0 0 1 1
90	5	1 0 0 1 0 1 0 0 1 0 0 0 0 0 1 1
90	2	0 0 0 0 0 0 1 0 1 0 0 0 0 0 0 1
90	50	0 0 1 1 0 0 0 0 0 0 1 0 0 0 0 0
90	15	0 0 1 0 0 1 0 0 1 0 0 0 0 0 0 0
90	35	1 0 0 0 0 0 1 0 1 0 0 0 0 1 1 0
90	23	1 1 0 0 0 0 1 1 1 0 0 0 0 1 0 0
90	22	1 0 0 1 0 0 0 0 1 0 1 0 0 0 0 0
90	7	0 0 1 0 0 0 0 0 1 0 0 0 0 0 0 0
90	2	0 0 0 1 1 0 0 0 0 0 1 0 0 0 0 1
90	4	1 1 0 0 0 0 1 1 1 1 0 0 0 1 0 0
90	43	1 0 1 1 0 0 1 0 0 0 0 0 0 1 0 0
90	42	0 0 0 1 0 1 0 0 0 0 1 0 0 0 0 0
90	27	0 0 1 0 0 1 0 0 1 0 0 0 0 0 1 0
90	6	0 1 1 1 0 0 1 0 1 0 0 0 0 0 0 0
90	25	1 1 0 0 1 0 1 0 1 0 0 0 0 1 0 0
90	2	1 0 0 1 0 0 0 0 1 0 1 1 0 0 0 0
90	12	0 0 1 1 0 0 0 0 0 0 0 0 0 0 0 0
90	1	1 0 0 0 0 1 1 1 1 0 0 0 0 0 0 0
90	7	0 0 1 0 0 0 1 0 1 0 0 0 0 0 0 0
90	10	0 0 0 1 1 0 0 0 0 0 1 1 0 0 0 0
90	1	1 0 0 1 0 0 0 0 1 0 0 0 0 0 0 0
90	1	0 0 1 0 1 0 1 0 1 0 0 0 0 1 0 0
90	4	0 0 0 1 0 0 0 0 1 0 0 0 0 1 0 0
90	1	0 0 1 1 0 1 0 0 1 0 0 0 0 0 0 0
90	5	0 0 1 0 0 1 1 0 1 0 0 1 0 0 0 0
90	1	1 1 0 0 0 0 1 0 1 0 1 0 0 0 0 0
90	2	1 0 0 1 0 1 0 0 1 0 0 0 0 0 1 0
90	3	1 1 0 0 0 0 1 1 1 1 0 0 0 1 0 1
90	2	1 0 0 0 0 1 0 0 1 0 0 0 0 0 1 1
90	13	0 0 1 1 0 0 0 0 0 0 0 0 0 1 0 0
90	16	0 0 0 1 0 1 0 0 0 0 1 0 0 0 1 0
90	2	1 0 0 0 1 0 1 0 1 0 0 1 0 0 1 1
90	1	0 0 0 1 0 0 1 1 1 1 0 0 0 1 0 0
90	3	1 0 0 0 0 0 1 0 1 0 0 0 0 0 1 0
90	1	0 0 0 1 0 1 0 0 0 0 1 1 0 0 0 0
90	1	0 0 1 0 0 1 1 0 1 0 0 0 0 1 0 0
90	2	0 0 1 0 0 0 0 0 1 0 1 0 0 0 0 0
90	2	0 0 1 0 0 1 0 0 1 0 0 0 0 1 0 0
90	24	0 0 1 0 0 0 1 0 1 0 0 0 0 1 0 1
90	14	0 0 1 0 1 1 0 0 1 0 0 0 0 0 1 1
90	2	0 0 1 0 0 1 0 0 1 0 0 1 0 0 0 0
90	6	1 0 0 0 0 0 0 0 1 0 0 0 0 1 1 0
90	8	1 0 1 1 0 0 1 0 1 0 0 0 0 1 0 0
90	1	0 1 1 1 0 0 1 0 0 0 0 0 0 0 0 0
90	3	1 0 0 0 0 1 1 0 0 0 0 0 1 0 0 0
90	3	1 0 0 1 0 0 1 0 1 0 1 1 0 0 0 0
90	3	0 0 0 0 1 1 1 0 1 0 0 0 0 0 0 0
90	2	1 1 0 0 0 0 1 1 1 0 0 0 0 0 1 1
90	28	1 1 0 0 0 0 1 1 1 0 0 0 0 1 1 0
90	11	0 0 0 1 0 0 0 0 0 0 1 0 0 1 0 0
90	2	1 1 1 0 0 1 0 0 1 0 0 0 0 0 1 1
90	11	1 0 0 1 0 0 0 0 1 0 1 1 0 1 0 0
90	6	1 0 1 1 0 1 1 0 0 0 0 0 0 1 0 0
90	2	1 0 1 1 0 0 1 0 1 0 0 0 0 0 0 0
90	2	1 0 0 1 0 1 1 0 1 0 0 0 0 0 0 0
90	1	0 0 1 0 1 0 1 0 1 0 0 0 0 0 0 0
90	1	1 0 0 0 0 0 1 0 1 0 0 0 0 1 0 0
90	1	1 1 0 0 1 0 1 0 1 0 0 0 0 1 1 0
90	3	0 0 0 0 0 0 0 1 0 0 0 0 0 0 0 0
90	1	1 0 0 1 0 0 0 0 1 0 0 0 0 1 0 0
90	2	0 0 0 1 0 0 0 0 0 1 1 0 0 1 0 0
90	3	1 0 0 1 0 1 0 0 1 1 0 0 0 0 1 1
90	1	1 0 0 1 0 0 1 0 1 0 1 1 1 0 0 0
90	2	1 0 0 1 1 0 0 0 0 0 1 0 0 0 0 1
90	1	1 1 0 0 0 0 1 0 1 0 0 0 0 0 0 0
90	3	1 0 1 0 0 0 1 0 1 0 0 1 0 0 1 1
90	1	0 0 0 0 0 1 0 0 1 0 0 0 0 0 1 1
90	2	1 0 0 1 0 0 1 0 1 1 0 0 0 0 0 0
90	4	1 0 0 1 0 0 0 0 1 0 1 0 1 0 0 0
90	7	1 1 0 0 1 0 1 1 1 0 0 0 0 1 0 0
90	3	0 1 0 1 0 1 0 0 0 0 1 0 0 0 1 0
90	1	0 0 1 1 1 0 0 1 0 0 1 0 0 0 0 0
90	5	0 0 1 1 0 0 0 0 0 0 1 0 0 1 0 0
90	1	1 1 0 0 0 0 1 0 0 0 0 1 0 1 0 0
90	3	0 0 0 1 0 1 0 0 0 1 1 0 0 0 0 0
90	2	0 0 0 1 0 0 1 0 0 0 1 0 0 0 0 0
90	5	0 0 1 0 0 0 0 0 0 0 1 0 0 0 0 0
90	5	1 0 1 0 0 0 1 0 1 0 0 0 0 1 1 0
90	1	1 0 0 1 0 1 0 0 1 0 1 0 0 0 0 0
90	1	1 0 0 1 0 1 0 0 0 0 1 0 0 0 0 0
90	1	0 0 1 0 0 1 1 0 1 0 0 1 0 0 1 0
90	1	1 0 0 0 0 1 1 0 1 0 0 0 0 1 1 0
90	2	0 0 0 1 0 0 1 0 1 0 1 0 0 0 0 0
90	1	0 0 1 0 0 0 1 0 0 0 1 0 0 0 0 0
90	2	0 0 1 0 0 0 1 0 1 0 0 0 0 1 1 0
90	3	0 0 1 0 0 0 0 0 0 0 0 0 0 1 0 0
90	2	0 0 0 1 0 1 0 0 0 0 0 0 0 1 0 0
90	1	0 0 1 1 0 1 0 0 1 0 0 0 0 1 1 0
90	1	1 1 0 0 0 0 1 1 1 0 0 0 0 0 0 0
90	2	1 0 0 0 0 0 0 0 0 0 1 0 0 0 0 0
90	4	0 0 1 1 0 0 0 0 0 0 1 0 0 0 1 0
90	3	0 0 0 0 0 1 0 0 1 0 0 0 0 0 0 0
90	1	1 0 0 0 0 0 1 1 1 0 0 0 0 1 1 0
90	4	0 1 1 1 0 0 1 1 1 0 0 0 0 0 0 0
90	3	0 0 0 1 0 1 1 0 0 0 1 0 0 0 1 0
90	1	0 0 0 0 0 1 1 0 0 0 0 0 1 0 0 0
90	1	0 0 0 0 1 1 0 0 1 0 0 0 0 0 0 0
90	3	0 0 0 0 1 1 1 0 1 1 0 0 0 0 0 0
90	1	0 0 0 1 0 0 0 0 0 0 1 0 0 1 1 0
90	1	1 0 0 1 1 1 1 0 1 0 0 0 0 0 0 0
100	46	1 0 0 0 0 0 1 0 1 0 0 0 0 0 0 0
100	25	0 0 0 1 0 0 0 0 0 0 1 0 0 0 0 0
100	22	0 0 0 1 1 0 0 0 0 0 1 0 0 0 0 0
100	5	1 0 0 0 0 1 1 0 1 0 0 0 0 0 0 0
100	9	0 0 1 0 0 1 0 0 1 0 0 0 0 0 1 1
100	46	1 1 0 0 0 0 1 0 1 0 0 0 0 1 0 0
100	38	0 0 0 1 0 0 1 0 1 0 0 0 0 0 0 0
100	51	1 0 0 1 0 0 1 0 1 0 0 0 0 0 0 0
100	46	0 0 1 0 0 0 1 0 1 0 0 0 0 1 0 0
100	16	1 0 0 1 0 1 0 0 1 0 0 0 0 0 1 1
100	83	0 0 1 1 0 0 0 0 0 0 1 0 0 0 0 0
100	9	0 0 1 0 0 1 0 0 1 0 0 0 0 0 0 0
100	5	1 0 0 0 0 0 1 0 1 0 0 0 0 1 1 0
100	18	1 1 0 0 0 0 1 1 1 0 0 0 0 1 0 0
100	41	1 0 0 1 0 0 0 0 1 0 1 0 0 0 0 0
100	2	1 1 0 0 0 0 1 1 1 1 0 0 0 1 0 0
100	47	1 0 1 1 0 0 1 0 0 0 0 0 0 1 0 0
100	18	0 0 0 1 0 1 0 0 0 0 1 0 0 0 0 0
100	7	0 0 1 0 0 1 0 0 1 0 0 0 0 0 1 0
100	5	0 1 1 1 0 0 1 0 1 0 0 0 0 0 0 0
100	29	1 1 0 0 1 0 1 0 1 0 0 0 0 1 0 0
100	12	0 0 1 1 0 0 0 0 0 0 0 0 0 0 0 0
100	11	0 0 1 0 0 0 1 0 1 0 0 0 0 0 0 0
100	17	0 0 0 1 1 0 0 0 0 0 1 1 0 0 0 0
100	2	1 0 0 1 0 0 0 0 1 0 0 0 0 0 0 0
100	8	0 0 1 0 0 1 1 0 1 0 0 1 0 0 0 0
100	6	1 1 0 0 0 0 1 0 1 0 1 0 0 0 0 0
100	10	1 1 0 0 0 0 1 1 1 1 0 0 0 1 0 1
100	25	0 0 1 1 0 0 0 0 0 0 0 0 0 1 0 0
100	15	0 0 0 1 0 1 0 0 0 0 1 0 0 0 1 0
100	18	0 0 0 1 0 1 0 0 0 0 1 1 0 0 0 0
100	12	0 0 1 0 0 1 1 0 1 0 0 0 0 1 0 0
100	2	0 0 1 0 0 0 0 0 1 0 1 0 0 0 0 0
100	2	0 0 1 0 0 1 0 0 1 0 0 0 0 1 0 0
100	11	0 0 1 0 0 0 1 0 1 0 0 0 0 1 0 1
100	15	1 0 0 0 0 0 0 0 1 0 0 0 0 1 1 0
100	4	1 0 1 1 0 0 1 0 1 0 0 0 0 1 0 0
100	1	0 1 1 1 0 0 1 0 0 0 0 0 0 0 0 0
100	36	1 1 0 0 0 0 1 1 1 0 0 0 0 1 1 0
100	20	1 0 0 1 0 0 0 0 1 0 1 1 0 1 0 0
100	1	1 0 1 1 0 1 1 0 0 0 0 0 0 1 0 0
100	6	1 0 1 1 0 0 1 0 1 0 0 0 0 0 0 0
100	3	0 0 0 1 0 0 0 0 0 1 1 0 0 1 0 0
100	2	1 0 0 1 1 0 0 0 0 0 1 0 0 0 0 1
100	9	1 0 0 1 0 0 0 0 1 0 1 0 1 0 0 0
100	3	1 1 0 0 1 0 1 1 1 0 0 0 0 1 0 0
100	3	0 1 0 1 0 1 0 0 0 0 1 0 0 0 1 0
100	2	0 0 1 1 0 0 0 0 0 0 1 0 0 1 0 0
100	6	0 0 0 1 0 1 0 0 0 1 1 0 0 0 0 0
100	7	0 0 1 0 0 0 0 0 0 0 1 0 0 0 0 0
100	2	0 0 1 0 0 0 1 0 1 0 0 0 0 1 1 0
100	7	0 0 1 0 0 0 0 0 0 0 0 0 0 1 0 0
100	2	0 0 1 1 0 0 0 0 0 0 1 0 0 0 1 0
100	1	0 0 0 0 1 1 0 0 1 0 0 0 0 0 0 0
100	6	1 0 0 1 0 0 1 0 0 0 0 0 0 0 0 0
100	9	0 0 1 1 0 0 0 0 1 0 1 1 0 1 0 0
100	1	1 0 0 1 0 1 0 0 0 0 1 0 0 0 0 0
100	5	0 0 0 1 0 1 0 0 0 0 1 0 1 0 0 0
100	10	0 0 0 1 0 0 0 0 0 0 0 0 0 0 0 0
100	8	0 0 0 1 0 0 1 0 1 0 0 0 0 1 0 0
100	4	1 0 0 1 0 0 0 0 0 0 1 0 0 1 0 0
100	4	1 0 1 1 0 0 1 0 0 0 0 0 0 0 1 0
100	2	1 1 0 0 1 0 1 0 1 0 0 0 0 1 0 1
100	3	1 0 1 1 0 0 1 0 0 0 0 0 0 0 0 0
100	7	0 0 1 1 0 0 1 0 1 0 0 0 0 1 0 1
100	7	1 0 1 0 0 1 0 0 1 0 0 0 0 0 1 1
100	4	0 0 1 1 0 0 1 0 1 0 0 0 0 1 0 0
100	2	0 0 1 0 0 1 0 0 1 0 0 0 0 0 0 1
100	5	1 1 0 0 0 0 1 0 1 0 1 0 0 1 0 0
100	5	0 0 1 1 1 0 0 0 0 0 0 0 0 1 0 0
100	1	0 0 0 1 1 0 0 0 0 0 0 0 0 1 0 0
100	2	0 0 1 0 0 1 0 0 1 0 0 0 1 0 1 0
100	6	0 0 1 1 0 0 0 0 0 0 0 0 0 0 1 0
100	1	0 0 1 1 0 0 0 0 0 0 0 0 1 1 0 0
100	1	1 0 1 1 0 0 1 0 0 0 1 0 0 0 0 0
100	4	1 0 0 0 0 1 1 1 1 0 0 0 0 1 1 0
100	3	0 0 1 0 0 1 0 0 0 0 1 0 0 0 0 0
100	2	0 0 1 1 0 0 1 0 1 0 0 0 0 0 0 0
100	4	0 0 1 1 0 1 0 0 1 0 0 0 0 0 1 1
100	1	1 1 0 0 0 0 1 0 1 0 0 0 0 0 0 0
100	3	1 1 0 0 0 0 1 0 1 0 0 0 0 1 1 0
100	1	1 0 1 0 0 0 1 0 1 0 0 0 0 1 0 0
100	2	1 0 0 0 0 0 1 0 1 1 0 0 0 0 0 0
100	1	0 0 0 1 1 1 0 0 0 0 1 0 0 0 0 0
100	1	0 0 1 0 0 1 1 0 1 0 0 1 0 0 1 0
100	2	1 1 0 0 0 0 1 1 1 0 0 0 0 0 1 0
100	1	0 0 1 1 0 0 1 0 0 0 1 0 0 0 1 0
100	3	0 0 0 1 0 0 0 0 1 0 0 0 0 1 0 0
100	2	1 1 0 0 0 0 1 0 1 0 0 0 0 0 1 1
100	4	1 0 0 0 0 0 1 0 1 0 0 0 0 1 0 0
100	1	1 0 0 1 0 0 0 0 1 0 0 0 0 1 0 0
100	1	1 0 0 1 0 0 1 0 1 0 0 0 0 1 0 0
100	2	1 0 0 1 1 0 0 0 0 0 1 1 0 0 0 0
100	2	1 0 1 0 0 0 1 0 1 0 0 0 0 0 0 0
100	2	1 1 0 0 0 0 1 0 1 1 0 0 0 1 0 0
100	3	0 0 1 0 0 1 0 0 1 0 0 0 0 1 1 0
100	5	1 0 0 0 0 0 1 0 0 0 1 0 0 0 0 0
100	1	1 1 0 1 0 0 1 0 1 0 0 0 0 0 0 0
100	3	0 0 0 0 0 1 1 1 1 0 0 0 0 1 1 0
100	1	1 0 0 1 1 0 1 0 1 0 0 0 0 0 0 0
100	2	0 0 0 1 0 1 0 0 0 0 0 0 0 0 0 0
100	1	1 0 1 1 0 0 0 0 0 0 0 0 0 0 0 0
110	10	1 0 0 0 0 0 1 0 1 0 0 0 0 0 0 0
110	30	0 0 0 1 0 0 0 0 0 0 1 0 0 0 0 0
110	18	0 0 0 1 1 0 0 0 0 0 1 0 0 0 0 0
110	1	0 0 1 0 0 1 0 0 1 0 0 0 0 0 1 1
110	29	1 1 0 0 0 0 1 0 1 0 0 0 0 1 0 0
110	20	0 0 0 1 0 0 1 0 1 0 0 0 0 0 0 0
110	65	1 0 0 1 0 0 1 0 1 0 0 0 0 0 0 0
110	25	0 0 1 0 0 0 1 0 1 0 0 0 0 1 0 0
110	21	1 0 0 1 0 1 0 0 1 0 0 0 0 0 1 1
110	83	0 0 1 1 0 0 0 0 0 0 1 0 0 0 0 0
110	1	0 0 1 0 0 1 0 0 1 0 0 0 0 0 0 0
110	10	1 0 0 0 0 0 1 0 1 0 0 0 0 1 1 0
110	33	1 1 0 0 0 0 1 1 1 0 0 0 0 1 0 0
110	51	1 0 0 1 0 0 0 0 1 0 1 0 0 0 0 0
110	49	1 0 1 1 0 0 1 0 0 0 0 0 0 1 0 0
110	32	0 0 0 1 0 1 0 0 0 0 1 0 0 0 0 0
110	3	0 1 1 1 0 0 1 0 1 0 0 0 0 0 0 0
110	21	1 1 0 0 1 0 1 0 1 0 0 0 0 1 0 0
110	14	0 0 1 1 0 0 0 0 0 0 0 0 0 0 0 0
110	12	0 0 1 0 0 0 1 0 1 0 0 0 0 0 0 0
110	7	0 0 0 1 1 0 0 0 0 0 1 1 0 0 0 0
110	8	0 0 1 0 0 1 1 0 1 0 0 1 0 0 0 0
110	36	0 0 1 1 0 0 0 0 0 0 0 0 0 1 0 0
110	7	0 0 0 1 0 1 0 0 0 0 1 0 0 0 1 0
110	20	0 0 0 1 0 1 0 0 0 0 1 1 0 0 0 0
110	5	0 0 1 0 0 1 1 0 1 0 0 0 0 1 0 0
110	3	0 0 1 0 0 0 0 0 1 0 1 0 0 0 0 0
110	2	0 0 1 0 0 0 1 0 1 0 0 0 0 1 0 1
110	4	1 0 0 0 0 0 0 0 1 0 0 0 0 1 1 0
110	26	1 1 0 0 0 0 1 1 1 0 0 0 0 1 1 0
110	6	1 0 0 1 0 0 0 0 1 0 1 1 0 1 0 0
110	5	1 0 1 1 0 0 1 0 1 0 0 0 0 0 0 0
110	9	1 0 0 1 0 0 0 0 1 0 1 0 1 0 0 0
110	2	1 1 0 0 1 0 1 1 1 0 0 0 0 1 0 0
110	9	0 0 1 0 0 0 0 0 0 0 1 0 0 0 0 0
110	12	1 0 0 1 0 0 1 0 0 0 0 0 0 0 0 0
110	9	1 0 0 1 0 1 0 0 0 0 1 0 0 0 0 0
110	13	0 0 0 1 0 1 0 0 0 0 1 0 1 0 0 0
110	5	0 0 0 1 0 0 1 0 1 0 0 0 0 1 0 0
110	1	0 0 1 1 0 0 1 0 1 0 0 0 0 1 0 1
110	11	0 0 1 1 0 0 1 0 1 0 0 0 0 1 0 0
110	10	0 0 1 1 1 0 0 0 0 0 0 0 0 1 0 0
110	5	0 0 1 0 0 1 0 0 1 0 0 0 1 0 1 0
110	8	0 0 1 1 0 0 0 0 0 0 0 0 1 1 0 0
110	7	0 0 1 0 0 1 0 0 0 0 1 0 0 0 0 0
110	1	0 0 1 1 0 0 1 0 1 0 0 0 0 0 0 0
110	10	0 0 1 1 0 1 0 0 1 0 0 0 0 0 1 1
110	2	1 0 0 0 0 0 1 0 1 1 0 0 0 0 0 0
110	7	0 0 1 0 0 1 1 0 1 0 0 1 0 0 1 0
110	2	1 1 0 0 0 0 1 1 1 0 0 0 0 0 1 0
110	16	1 0 0 0 0 0 1 0 1 0 0 0 0 1 0 0
110	11	1 0 0 1 1 0 0 0 0 0 1 1 0 0 0 0
110	5	1 0 1 0 0 0 1 0 1 0 0 0 0 0 0 0
110	1	0 0 0 1 0 0 0 0 0 0 0 0 0 1 0 0
110	3	0 0 1 0 1 0 1 0 1 0 0 0 0 1 0 0
110	7	1 0 0 1 0 1 0 0 1 0 1 0 0 0 0 0
110	2	0 0 0 1 0 1 0 0 0 0 0 1 0 0 0 0
110	1	1 0 1 1 0 0 1 0 0 0 0 0 1 1 0 0
110	4	0 0 0 1 0 1 0 0 0 0 1 0 1 0 1 0
110	6	0 0 0 1 0 1 0 0 0 0 1 1 0 1 0 1
110	30	0 1 0 1 0 1 0 0 0 0 1 0 0 0 1 1
110	3	1 1 0 0 0 0 1 1 1 1 0 0 0 0 1 0
110	5	0 0 1 0 0 1 0 0 1 1 0 0 0 0 1 1
110	5	1 0 1 0 0 1 1 0 1 0 0 0 0 1 0 0
110	4	0 0 1 1 1 0 0 0 0 0 0 0 0 0 0 0
110	2	1 1 0 0 0 0 1 0 0 0 0 0 0 0 0 0
110	3	0 0 1 1 0 0 0 0 1 0 0 0 0 0 1 0
110	4	0 0 0 1 0 1 1 0 1 0 0 0 0 0 0 0
110	7	1 0 0 1 0 0 0 0 0 0 1 0 0 0 1 0
110	4	0 1 1 0 0 1 1 0 1 0 0 0 0 1 0 0
110	5	1 0 1 1 0 0 1 0 0 1 0 0 1 1 0 0
110	1	0 0 0 0 0 0 1 1 1 0 0 0 0 1 0 0
110	1	0 0 1 0 0 0 1 0 1 0 1 1 0 1 0 0
110	7	1 0 1 1 0 0 0 0 0 0 0 0 0 1 0 0
110	3	0 1 0 0 0 0 1 0 1 0 0 0 0 1 0 0
110	1	0 0 0 1 0 1 0 0 0 0 1 0 0 0 0 1
110	1	0 0 1 0 0 1 1 0 1 0 0 0 0 0 1 0
110	2	0 0 1 0 0 1 1 0 1 0 0 0 0 0 0 0
110	4	0 0 1 1 0 1 1 0 1 0 0 0 0 0 0 0
110	1	0 0 1 1 0 0 1 1 1 0 0 0 0 1 1 0
110	1	0 0 1 1 0 0 1 0 0 0 0 0 0 1 0 0
110	1	1 1 0 0 0 0 1 1 1 0 0 0 1 1 0 0
110	5	1 0 1 1 1 0 1 0 0 0 0 0 0 1 0 0
110	1	0 0 1 0 0 0 1 1 1 0 0 0 0 1 0 1
110	1	0 0 1 0 0 0 0 0 0 0 0 0 0 0 0 0
110	1	0 0 0 1 0 0 1 0 1 0 1 0 0 1 0 0
110	1	0 0 0 1 0 1 0 0 0 0 1 0 0 0 1 1
110	1	0 0 0 1 1 0 0 0 0 0 1 0 0 1 0 0
110	1	0 0 1 1 0 0 0 0 0 0 1 0 0 1 0 0
110	1	1 1 0 1 0 0 0 0 1 0 1 0 0 0 0 0
110	7	1 0 0 1 0 0 0 0 1 0 1 0 0 1 0 0
110	3	0 0 1 1 1 0 0 0 0 0 1 0 0 0 0 0
110	2	0 0 1 1 0 0 0 0 0 1 1 0 0 0 0 0
110	4	0 0 0 1 1 0 0 0 1 0 1 1 0 0 0 0
110	3	0 0 1 0 0 1 1 0 1 0 0 1 0 1 0 0
110	1	1 1 0 1 0 1 0 0 0 0 1 0 0 0 0 0
110	1	1 1 1 0 0 0 1 1 1 1 0 0 0 0 1 0
110	3	0 0 0 0 0 0 1 1 1 0 0 1 0 1 0 0
110	1	1 0 0 1 0 1 0 0 1 0 0 0 0 0 0 0
110	2	1 0 1 1 0 0 1 0 0 0 0 0 0 1 0 1
110	1	0 0 0 0 0 0 1 1 1 0 0 0 0 1 1 0
110	1	0 0 1 1 0 0 0 0 1 0 1 0 0 1 0 0
110	1	1 0 0 1 0 1 1 0 1 0 0 0 0 0 0 0
110	3	0 0 1 1 0 0 0 0 1 0 0 0 0 0 0 0
110	2	1 1 0 0 0 0 0 0 1 0 0 0 0 1 0 0
110	1	1 0 0 1 0 0 1 0 1 0 0 0 0 0 1 0
110	2	1 0 0 1 0 1 0 0 0 0 0 0 0 0 1 1
110	3	0 0 1 1 0 0 0 0 1 0 1 0 0 0 0 0
110	2	1 0 0 1 0 0 1 0 0 0 0 0 0 1 0 0
110	3	1 1 0 0 1 0 1 0 1 1 0 0 0 1 0 0
110	1	0 1 1 0 0 1 1 0 1 0 0 1 0 0 0 0
110	2	0 0 1 0 0 1 1 0 1 0 0 0 0 1 0 1
110	3	1 0 1 1 0 0 0 0 1 0 1 1 0 1 0 0
110	1	1 0 0 1 0 1 0 0 0 0 1 0 0 1 0 0
110	2	0 1 0 0 0 0 1 1 1 0 0 0 0 0 1 0
110	2	1 1 0 0 1 0 1 1 1 0 0 0 0 0 1 0
120	3	1 0 0 0 0 0 1 0 1 0 0 0 0 0 0 0
120	27	0 0 0 1 0 0 0 0 0 0 1 0 0 0 0 0
120	3	0 0 0 1 1 0 0 0 0 0 1 0 0 0 0 0
120	2	1 1 0 0 0 0 1 0 1 0 0 0 0 1 0 0
120	1	0 0 0 1 0 0 1 0 1 0 0 0 0 0 0 0
120	56	1 0 0 1 0 0 1 0 1 0 0 0 0 0 0 0
120	11	0 0 1 0 0 0 1 0 1 0 0 0 0 1 0 0
120	6	1 0 0 1 0 1 0 0 1 0 0 0 0 0 1 1
120	73	0 0 1 1 0 0 0 0 0 0 1 0 0 0 0 0
120	7	1 0 0 0 0 0 1 0 1 0 0 0 0 1 1 0
120	38	1 1 0 0 0 0 1 1 1 0 0 0 0 1 0 0
120	42	1 0 0 1 0 0 0 0 1 0 1 0 0 0 0 0
120	42	1 0 1 1 0 0 1 0 0 0 0 0 0 1 0 0
120	22	0 0 0 1 0 1 0 0 0 0 1 0 0 0 0 0
120	20	1 1 0 0 1 0 1 0 1 0 0 0 0 1 0 0
120	56	0 0 1 1 0 0 0 0 0 0 0 0 0 0 0 0
120	21	0 0 1 0 0 0 1 0 1 0 0 0 0 0 0 0
120	40	0 0 1 1 0 0 0 0 0 0 0 0 0 1 0 0
120	1	0 0 0 1 0 1 0 0 0 0 1 0 0 0 1 0
120	19	0 0 0 1 0 1 0 0 0 0 1 1 0 0 0 0
120	4	0 0 1 0 0 0 0 0 1 0 1 0 0 0 0 0
120	2	1 0 0 0 0 0 0 0 1 0 0 0 0 1 1 0
120	13	1 1 0 0 0 0 1 1 1 0 0 0 0 1 1 0
120	17	1 0 0 1 0 0 0 0 1 0 1 1 0 1 0 0
120	9	1 0 1 1 0 0 1 0 1 0 0 0 0 0 0 0
120	6	1 0 0 1 0 0 0 0 1 0 1 0 1 0 0 0
120	23	1 1 0 0 1 0 1 1 1 0 0 0 0 1 0 0
120	12	1 0 0 1 0 0 1 0 0 0 0 0 0 0 0 0
120	13	0 0 0 1 0 1 0 0 0 0 1 0 1 0 0 0
120	9	0 0 0 1 0 0 1 0 1 0 0 0 0 1 0 0
120	7	0 0 1 1 1 0 0 0 0 0 0 0 0 1 0 0
120	5	0 0 1 0 0 1 0 0 1 0 0 0 1 0 1 0
120	12	0 0 1 1 0 0 0 0 0 0 0 0 1 1 0 0
120	12	0 0 1 0 0 1 0 0 0 0 1 0 0 0 0 0
120	10	0 0 1 1 0 1 0 0 1 0 0 0 0 0 1 1
120	2	0 0 1 0 0 1 1 0 1 0 0 1 0 0 1 0
120	1	1 1 0 0 0 0 1 1 1 0 0 0 0 0 1 0
120	4	1 0 0 0 0 0 1 0 1 0 0 0 0 1 0 0
120	7	1 0 0 1 1 0 0 0 0 0 1 1 0 0 0 0
120	4	1 0 1 1 0 0 1 0 0 0 0 0 1 1 0 0
120	3	0 0 0 1 0 1 0 0 0 0 1 1 0 1 0 1
120	42	0 1 0 1 0 1 0 0 0 0 1 0 0 0 1 1
120	1	0 0 1 0 0 1 0 0 1 1 0 0 0 0 1 1
120	8	1 0 1 0 0 1 1 0 1 0 0 0 0 1 0 0
120	16	0 0 1 1 0 0 0 0 1 0 0 0 0 0 1 0
120	4	0 0 0 1 0 1 1 0 1 0 0 0 0 0 0 0
120	6	1 0 0 1 0 0 0 0 0 0 1 0 0 0 1 0
120	1	0 1 1 0 0 1 1 0 1 0 0 0 0 1 0 0
120	6	1 0 1 1 0 0 1 0 0 1 0 0 1 1 0 0
120	2	0 1 0 0 0 0 1 0 1 0 0 0 0 1 0 0
120	1	0 0 0 1 0 1 0 0 0 0 1 0 0 0 0 1
120	9	1 0 1 1 1 0 1 0 0 0 0 0 0 1 0 0
120	13	1 1 0 1 0 0 0 0 1 0 1 0 0 0 0 0
120	3	1 0 0 1 0 0 0 0 1 0 1 0 0 1 0 0
120	7	0 0 1 1 1 0 0 0 0 0 1 0 0 0 0 0
120	3	1 0 1 1 0 0 1 0 0 0 0 0 0 1 0 1
120	9	1 0 0 1 0 0 1 0 0 0 0 0 0 1 0 0
120	21	0 0 0 1 0 0 1 0 1 0 1 0 0 0 0 0
120	8	1 0 1 0 0 0 0 0 0 0 1 0 0 0 0 0
120	18	1 1 1 1 0 0 0 0 0 0 1 0 0 0 0 0
120	2	0 0 1 0 0 1 0 0 0 0 1 0 0 1 0 0
120	1	0 1 0 0 0 0 1 0 1 0 0 0 1 0 0 0
120	11	0 1 1 1 0 1 0 0 0 0 1 0 0 0 1 1
120	7	0 0 1 0 0 0 0 0 1 0 1 0 1 0 0 0
120	4	0 0 1 1 0 1 0 0 1 0 0 0 1 0 1 0
120	1	0 0 1 1 0 0 0 0 0 0 0 0 0 1 1 0
120	5	1 1 0 1 0 0 1 0 1 0 0 0 0 0 0 0
120	2	0 1 0 1 0 1 0 0 1 0 0 0 0 1 0 0
120	3	1 0 1 1 0 0 0 0 0 0 0 0 0 0 0 0
120	7	0 1 1 1 0 1 0 0 0 0 0 0 0 1 0 0
120	4	0 1 0 1 0 1 0 0 0 0 1 1 0 0 0 0
120	4	1 0 0 1 0 0 0 0 0 0 1 1 0 0 1 0
120	1	1 0 0 1 0 0 0 0 0 0 1 0 0 0 0 0
120	2	1 1 0 0 0 0 1 1 1 0 1 0 0 0 0 0
120	4	1 1 1 1 0 0 1 0 0 0 0 0 0 1 0 0
120	5	0 1 1 0 0 1 1 0 1 0 0 0 0 0 0 0
120	2	0 0 1 1 0 0 1 0 0 0 0 0 0 1 0 0
120	1	1 0 0 1 0 0 0 0 1 0 1 0 1 1 0 0
120	6	0 0 0 1 0 1 0 0 0 1 0 0 1 1 0 0
120	5	0 0 0 0 1 0 0 0 0 0 1 0 0 0 0 0
120	3	1 0 1 1 0 0 1 0 0 0 0 0 0 0 0 0
120	4	0 1 0 1 0 1 1 0 0 0 1 0 0 0 1 1
120	2	1 1 0 0 1 0 1 1 1 0 0 0 0 0 1 1
120	3	0 1 0 1 0 1 0 0 0 1 0 0 1 1 0 0
120	3	0 0 1 0 0 1 0 0 0 0 0 0 0 0 0 0
120	1	0 0 1 1 0 0 1 0 0 0 0 0 0 0 0 0
120	6	0 0 1 1 0 0 1 0 1 1 0 0 0 1 0 0
120	2	0 0 1 0 0 1 0 0 1 0 1 0 0 0 0 0
120	6	0 0 0 1 0 0 1 0 0 0 0 0 0 1 0 0
120	3	1 1 0 0 0 0 1 1 1 0 0 0 0 0 0 0
120	1	0 0 1 1 0 0 0 0 1 0 1 0 0 0 0 0
120	1	0 0 1 1 0 1 0 0 1 0 0 0 0 1 0 0
120	1	1 0 1 1 0 0 1 0 0 1 0 0 1 0 1 0
120	1	0 0 1 1 0 0 0 0 0 0 1 1 0 0 0 0
120	4	1 1 0 0 1 0 1 0 1 0 0 1 0 1 0 0
120	1	0 0 1 1 0 0 0 0 1 0 0 0 0 0 0 0
120	2	0 0 1 1 0 1 0 0 0 0 0 0 0 1 0 0
120	1	0 0 0 1 1 1 0 0 0 0 1 0 0 0 1 0
120	5	1 0 0 0 0 0 0 0 1 0 1 1 0 1 0 0
120	2	1 0 0 1 0 1 0 0 0 0 1 0 1 0 0 0
120	1	0 1 1 0 0 1 0 0 1 1 0 0 0 0 1 1
120	1	1 0 0 1 0 0 0 1 1 0 1 0 1 1 0 0
120	1	0 0 0 1 0 0 0 0 1 0 1 0 0 0 0 0
120	1	0 0 1 1 0 0 0 0 0 0 1 0 0 0 1 1
120	1	1 0 0 0 0 0 0 0 0 0 1 0 0 0 0 0
120	1	1 0 1 1 0 0 1 0 1 0 1 0 0 0 0 0
120	1	1 0 1 1 0 0 0 0 1 0 1 0 0 0 0 0
120	1	0 0 1 0 0 0 1 0 0 0 0 0 0 1 0 0
120	1	0 0 0 1 0 0 0 0 0 0 0 0 0 0 0 0
120	1	0 1 0 1 0 1 0 0 0 0 1 0 0 0 1 0
120	2	0 0 0 1 0 0 1 0 0 0 0 0 0 0 0 0
120	1	1 0 1 1 1 0 1 0 0 0 1 0 0 0 0 0
120	2	0 1 0 1 0 0 0 0 0 0 1 0 0 0 0 0
120	1	0 1 1 0 0 1 0 0 0 0 0 0 1 1 0 0
120	2	0 0 0 1 0 0 1 0 1 0 0 0 0 0 0 1
120	1	1 0 0 1 0 0 1 0 1 0 1 0 0 0 0 0
120	2	1 0 1 1 0 0 1 0 0 0 1 0 0 1 0 0
120	3	1 0 0 1 0 0 1 0 0 0 0 1 0 0 0 0
120	1	1 0 1 0 0 1 0 0 1 0 0 0 1 0 1 0
120	3	0 0 1 1 1 0 0 0 0 0 1 0 0 0 0 1
130	2	1 0 0 0 0 0 1 0 1 0 0 0 0 0 0 0
130	19	0 0 0 1 0 0 0 0 0 0 1 0 0 0 0 0
130	15	0 0 0 1 1 0 0 0 0 0 1 0 0 0 0 0
130	2	1 1 0 0 0 0 1 0 1 0 0 0 0 1 0 0
130	3	0 0 0 1 0 0 1 0 1 0 0 0 0 0 0 0
130	66	1 0 0 1 0 0 1 0 1 0 0 0 0 0 0 0
130	18	0 0 1 0 0 0 1 0 1 0 0 0 0 1 0 0
130	15	1 0 0 1 0 1 0 0 1 0 0 0 0 0 1 1
130	111	0 0 1 1 0 0 0 0 0 0 1 0 0 0 0 0
130	20	1 1 0 0 0 0 1 1 1 0 0 0 0 1 0 0
130	9	1 0 0 1 0 0 0 0 1 0 1 0 0 0 0 0
130	52	1 0 1 1 0 0 1 0 0 0 0 0 0 1 0 0
130	22	0 0 0 1 0 1 0 0 0 0 1 0 0 0 0 0
130	4	1 1 0 0 1 0 1 0 1 0 0 0 0 1 0 0
130	52	0 0 1 1 0 0 0 0 0 0 0 0 0 0 0 0
130	16	0 0 1 0 0 0 1 0 1 0 0 0 0 0 0 0
130	11	0 0 1 1 0 0 0 0 0 0 0 0 0 1 0 0
130	4	0 0 0 1 0 1 0 0 0 0 1 1 0 0 0 0
130	25	1 0 1 1 0 0 1 0 1 0 0 0 0 0 0 0
130	8	1 0 0 1 0 0 0 0 1 0 1 0 1 0 0 0
130	41	1 1 0 0 1 0 1 1 1 0 0 0 0 1 0 0
130	5	1 0 0 1 0 0 1 0 0 0 0 0 0 0 0 0
130	4	0 0 0 1 0 1 0 0 0 0 1 0 1 0 0 0
130	3	0 0 1 0 0 1 0 0 1 0 0 0 1 0 1 0
130	9	0 0 1 1 0 0 0 0 0 0 0 0 1 1 0 0
130	15	0 0 1 0 0 1 0 0 0 0 1 0 0 0 0 0
130	8	1 0 1 1 0 0 1 0 0 0 0 0 1 1 0 0
130	17	0 0 0 1 0 1 0 0 0 0 1 1 0 1 0 1
130	6	0 1 0 1 0 1 0 0 0 0 1 0 0 0 1 1
130	23	1 0 1 0 0 1 1 0 1 0 0 0 0 1 0 0
130	16	0 0 1 1 0 0 0 0 1 0 0 0 0 0 1 0
130	6	1 0 0 1 0 0 0 0 0 0 1 0 0 0 1 0
130	3	0 1 1 0 0 1 1 0 1 0 0 0 0 1 0 0
130	1	1 0 1 1 0 0 1 0 0 1 0 0 1 1 0 0
130	10	1 0 1 1 1 0 1 0 0 0 0 0 0 1 0 0
130	13	1 1 0 1 0 0 0 0 1 0 1 0 0 0 0 0
130	4	1 0 0 1 0 0 0 0 1 0 1 0 0 1 0 0
130	9	1 0 1 1 0 0 1 0 0 0 0 0 0 1 0 1
130	6	1 0 0 1 0 0 1 0 0 0 0 0 0 1 0 0
130	9	0 0 0 1 0 0 1 0 1 0 1 0 0 0 0 0
130	35	1 1 1 1 0 0 0 0 0 0 1 0 0 0 0 0
130	1	0 0 1 0 0 0 0 0 1 0 1 0 1 0 0 0
130	9	0 0 1 1 0 1 0 0 1 0 0 0 1 0 1 0
130	12	0 0 1 1 0 0 0 0 0 0 0 0 0 1 1 0
130	8	1 0 1 1 0 0 0 0 0 0 0 0 0 0 0 0
130	28	0 1 1 1 0 1 0 0 0 0 0 0 0 1 0 0
130	3	0 1 0 1 0 1 0 0 0 0 1 1 0 0 0 0
130	1	1 0 0 1 0 0 0 0 0 0 1 0 0 0 0 0
130	3	1 1 0 0 0 0 1 1 1 0 1 0 0 0 0 0
130	8	1 1 1 1 0 0 1 0 0 0 0 0 0 1 0 0
130	22	0 1 1 0 0 1 1 0 1 0 0 0 0 0 0 0
130	6	0 0 0 0 1 0 0 0 0 0 1 0 0 0 0 0
130	4	0 0 1 0 0 1 0 0 0 0 0 0 0 0 0 0
130	5	0 0 1 1 0 0 1 0 0 0 0 0 0 0 0 0
130	8	1 0 0 0 0 0 0 0 1 0 1 1 0 1 0 0
130	3	1 0 0 1 0 1 0 0 0 0 1 0 1 0 0 0
130	6	0 1 1 0 0 1 0 0 1 1 0 0 0 0 1 1
130	1	0 0 0 1 0 0 1 0 1 0 0 0 0 0 0 1
130	13	1 0 1 1 0 0 1 0 0 0 1 0 0 1 0 0
130	2	1 0 0 1 0 0 1 0 0 0 0 1 0 0 0 0
130	18	1 0 1 1 0 0 0 0 0 0 1 0 0 0 0 0
130	1	0 0 1 1 0 0 0 0 0 0 1 0 0 1 0 0
130	12	0 1 0 1 0 0 0 0 0 0 1 1 0 0 0 0
130	12	1 0 0 1 0 0 1 0 1 0 0 0 0 0 1 1
130	1	0 0 1 1 0 1 0 0 0 0 1 0 0 0 0 0
130	1	1 0 1 1 0 1 0 0 0 0 1 0 0 0 1 1
130	2	0 0 1 0 0 1 1 0 0 0 1 0 0 0 0 0
130	4	0 0 1 1 0 1 0 0 1 0 1 0 0 0 1 1
130	3	1 1 1 1 0 0 0 0 0 0 1 0 0 0 1 0
130	5	0 0 1 0 1 0 0 0 1 0 1 0 1 0 0 0
130	1	0 1 0 1 0 1 0 0 1 0 0 0 0 0 0 0
130	1	0 0 1 0 0 0 0 0 0 0 1 0 0 1 0 0
130	2	1 0 0 1 0 1 0 0 0 0 1 0 0 0 0 0
130	1	1 0 0 1 0 0 0 1 1 0 1 0 0 0 0 0
130	1	0 0 1 0 0 1 1 0 1 0 0 0 0 0 0 0
130	6	1 0 1 0 0 0 1 0 1 0 0 0 0 0 0 0
130	5	1 0 0 1 0 0 0 0 0 0 0 0 0 0 0 0
130	8	1 1 1 1 0 0 1 0 0 0 0 0 0 1 1 0
130	4	1 0 0 0 1 0 1 1 1 0 0 0 0 1 0 0
130	2	0 0 0 1 0 1 0 0 1 0 0 0 0 0 1 1
130	2	1 0 1 1 0 0 1 0 0 0 0 0 1 1 1 0
130	2	1 1 1 1 0 0 0 0 0 0 0 0 0 0 0 0
130	1	1 1 0 1 0 0 0 0 0 0 1 0 0 0 0 0
130	1	0 0 1 1 0 1 0 0 1 1 1 0 0 0 1 1
130	1	1 1 0 1 0 1 0 0 0 0 1 0 0 0 1 1
130	1	1 0 1 1 0 0 1 0 0 0 1 0 0 0 0 0
130	1	0 0 1 1 0 0 1 0 0 0 1 0 0 0 0 0
130	4	0 0 1 1 0 0 0 0 0 0 0 1 0 0 0 0
130	1	1 0 1 0 0 0 1 0 0 0 0 0 0 1 0 1
130	1	0 0 0 1 1 0 0 0 1 0 0 0 0 0 0 0
130	2	0 0 1 0 0 0 1 0 1 1 0 0 0 0 0 0
130	2	0 0 0 1 0 1 0 0 0 0 1 1 0 1 1 0
130	1	0 1 1 0 0 1 0 0 1 1 0 0 0 0 0 0
130	1	0 0 1 1 0 1 0 0 1 0 0 0 0 0 1 1
130	1	0 0 0 1 1 0 0 0 0 0 1 0 0 0 1 0
130	1	0 0 0 1 0 0 0 0 1 0 1 0 0 0 0 0
130	3	0 0 1 1 0 0 0 0 0 1 0 0 0 0 0 0
130	1	0 0 1 0 0 0 1 0 0 0 0 0 0 0 0 0
130	1	0 0 1 1 1 0 1 0 0 0 0 0 0 1 0 0
130	4	1 0 1 1 0 0 0 0 0 1 1 0 0 0 0 0
130	3	0 0 1 1 0 0 1 1 1 0 0 0 0 1 0 0
130	1	0 0 0 1 0 1 0 0 1 0 0 0 1 0 1 0
130	2	0 0 1 1 0 0 1 0 0 0 0 0 0 1 0 0
130	3	1 0 0 1 0 0 1 0 1 1 0 0 0 0 0 0
130	1	0 1 1 1 0 0 0 0 0 0 1 0 0 0 0 0
130	2	1 1 0 0 0 0 1 1 1 0 1 0 0 1 0 0
130	1	1 1 0 0 0 0 1 1 0 0 0 0 0 1 0 0
130	1	1 1 0 1 0 0 0 0 1 0 1 0 1 0 0 0
130	1	0 0 0 1 0 1 0 0 0 0 1 1 1 1 0 1
130	1	0 0 0 1 0 0 1 1 1 0 1 0 0 0 0 0
130	1	0 1 0 0 0 1 0 0 0 0 1 1 0 0 0 0
130	1	1 0 0 1 0 1 0 0 0 0 1 0 0 0 1 0
140	34	0 0 0 1 0 0 0 0 0 0 1 0 0 0 0 0
140	5	0 0 0 1 1 0 0 0 0 0 1 0 0 0 0 0
140	1	1 1 0 0 0 0 1 0 1 0 0 0 0 1 0 0
140	83	1 0 0 1 0 0 1 0 1 0 0 0 0 0 0 0
140	3	0 0 1 0 0 0 1 0 1 0 0 0 0 1 0 0
140	10	1 0 0 1 0 1 0 0 1 0 0 0 0 0 1 1
140	64	0 0 1 1 0 0 0 0 0 0 1 0 0 0 0 0
140	7	1 1 0 0 0 0 1 1 1 0 0 0 0 1 0 0
140	7	1 0 0 1 0 0 0 0 1 0 1 0 0 0 0 0
140	35	1 0 1 1 0 0 1 0 0 0 0 0 0 1 0 0
140	14	0 0 0 1 0 1 0 0 0 0 1 0 0 0 0 0
140	43	0 0 1 1 0 0 0 0 0 0 0 0 0 0 0 0
140	16	0 0 1 0 0 0 1 0 1 0 0 0 0 0 0 0
140	31	1 0 1 1 0 0 1 0 1 0 0 0 0 0 0 0
140	3	1 1 0 0 1 0 1 1 1 0 0 0 0 1 0 0
140	5	1 0 0 1 0 0 1 0 0 0 0 0 0 0 0 0
140	11	0 0 1 1 0 0 0 0 0 0 0 0 1 1 0 0
140	13	0 0 1 0 0 1 0 0 0 0 1 0 0 0 0 0
140	6	1 0 1 1 0 0 1 0 0 0 0 0 1 1 0 0
140	2	0 0 0 1 0 1 0 0 0 0 1 1 0 1 0 1
140	5	0 1 0 1 0 1 0 0 0 0 1 0 0 0 1 1
140	38	1 0 1 0 0 1 1 0 1 0 0 0 0 1 0 0
140	15	0 0 1 1 0 0 0 0 1 0 0 0 0 0 1 0
140	33	1 0 0 1 0 0 0 0 0 0 1 0 0 0 1 0
140	7	1 0 1 1 1 0 1 0 0 0 0 0 0 1 0 0
140	4	1 1 0 1 0 0 0 0 1 0 1 0 0 0 0 0
140	1	1 0 0 1 0 0 1 0 0 0 0 0 0 1 0 0
140	3	0 0 0 1 0 0 1 0 1 0 1 0 0 0 0 0
140	67	1 1 1 1 0 0 0 0 0 0 1 0 0 0 0 0
140	8	0 0 1 1 0 0 0 0 0 0 0 0 0 1 1 0
140	10	1 0 1 1 0 0 0 0 0 0 0 0 0 0 0 0
140	29	0 1 1 1 0 1 0 0 0 0 0 0 0 1 0 0
140	6	1 1 0 0 0 0 1 1 1 0 1 0 0 0 0 0
140	8	1 1 1 1 0 0 1 0 0 0 0 0 0 1 0 0
140	9	0 1 1 0 0 1 1 0 1 0 0 0 0 0 0 0
140	4	0 0 1 1 0 0 1 0 0 0 0 0 0 0 0 0
140	7	1 0 0 0 0 0 0 0 1 0 1 1 0 1 0 0
140	2	1 0 0 1 0 1 0 0 0 0 1 0 1 0 0 0
140	35	1 0 1 1 0 0 1 0 0 0 1 0 0 1 0 0
140	32	1 0 1 1 0 0 0 0 0 0 1 0 0 0 0 0
140	22	0 1 0 1 0 0 0 0 0 0 1 1 0 0 0 0
140	12	0 0 1 1 0 1 0 0 0 0 1 0 0 0 0 0
140	10	0 0 1 1 0 1 0 0 1 0 1 0 0 0 1 1
140	8	1 0 1 0 0 0 1 0 1 0 0 0 0 0 0 0
140	1	1 0 0 0 1 0 1 1 1 0 0 0 0 1 0 0
140	4	1 1 1 1 0 0 0 0 0 0 0 0 0 0 0 0
140	15	0 0 0 1 1 0 0 0 1 0 0 0 0 0 0 0
140	5	0 0 0 1 0 0 0 0 1 0 1 0 0 0 0 0
140	9	0 0 1 1 0 0 0 0 0 1 0 0 0 0 0 0
140	5	1 0 1 1 0 0 0 0 0 1 1 0 0 0 0 0
140	14	1 1 0 0 0 0 1 1 1 0 1 0 0 1 0 0
140	3	0 0 0 1 0 0 1 1 1 0 1 0 0 0 0 0
140	5	0 0 1 1 0 0 0 1 0 0 1 0 0 0 0 0
140	21	1 0 1 1 0 0 1 0 1 0 0 0 0 1 0 0
140	3	0 0 0 1 1 1 0 0 0 0 1 1 0 0 0 0
140	5	0 1 1 1 0 1 1 0 0 0 0 0 0 1 0 0
140	11	1 0 1 1 0 0 1 0 0 1 1 0 0 1 0 0
140	12	0 0 1 1 0 0 0 1 0 0 0 0 0 1 0 0
140	1	1 0 1 0 0 1 1 1 1 0 0 0 0 1 0 0
140	4	0 1 1 1 0 1 0 0 0 0 0 0 0 0 0 0
140	6	0 0 1 0 0 0 0 0 0 0 1 0 0 0 0 0
140	5	0 0 0 1 0 1 1 0 0 0 1 0 0 0 0 0
140	1	1 0 1 1 0 0 1 0 0 0 0 0 0 0 0 0
140	1	0 1 0 1 0 0 0 0 0 0 0 0 0 0 0 0
140	3	0 0 1 0 0 0 1 0 1 0 0 0 1 1 0 0
140	6	1 0 1 1 0 0 1 0 0 1 0 0 0 1 0 0
140	5	1 1 1 0 1 0 1 1 1 0 0 0 0 1 0 0
140	5	1 1 0 1 0 1 0 1 1 0 1 0 0 0 0 0
140	2	0 0 1 1 0 0 0 0 0 0 1 1 0 1 0 1
140	2	1 1 1 1 0 0 0 0 0 1 0 0 0 0 0 0
140	1	1 1 1 1 0 0 0 0 0 0 0 0 0 1 0 0
140	2	0 0 1 1 0 0 0 0 0 0 1 0 0 0 0 1
140	2	1 1 1 1 0 0 1 0 0 0 0 0 0 1 1 1
140	2	0 0 0 1 0 1 0 0 0 0 1 1 0 1 0 0
140	2	1 0 0 1 0 0 0 0 0 0 1 0 0 0 0 0
140	7	1 0 0 1 1 0 1 0 1 0 0 0 0 0 0 0
140	1	1 0 0 0 0 1 1 0 1 0 0 0 0 1 0 0
140	3	1 0 1 1 0 0 0 0 0 0 1 0 1 0 0 0
140	3	1 1 1 1 0 0 1 0 1 0 0 0 0 1 1 1
140	1	1 1 1 1 0 0 0 0 0 0 0 0 0 1 1 0
140	2	0 0 0 1 0 1 0 0 0 0 1 0 0 1 0 0
140	2	0 1 1 1 0 0 1 0 1 0 0 0 0 0 0 0
140	5	1 0 0 1 0 0 1 0 1 0 1 0 0 0 0 0
140	2	1 1 0 0 0 0 1 1 1 0 0 1 0 1 0 0
140	1	1 0 0 1 0 0 1 1 1 0 0 0 0 0 0 0
140	1	1 1 1 1 0 0 0 0 0 0 1 0 0 0 0 1
140	8	0 1 0 1 0 0 0 0 0 0 1 1 0 1 0 0
140	1	1 0 1 1 0 0 1 1 0 1 1 0 0 1 0 0
140	2	0 0 0 1 1 0 0 0 0 0 1 0 0 0 1 0
140	1	0 0 1 1 0 0 0 0 0 0 1 1 0 0 0 0
140	3	1 1 0 0 1 0 1 0 0 0 0 0 0 1 0 0
140	3	0 0 1 1 0 0 1 0 1 0 0 0 0 0 0 0
140	1	0 0 1 1 0 0 0 0 1 0 1 0 0 0 0 0
140	1	0 1 1 0 0 1 0 0 0 0 0 0 0 1 0 0
140	1	1 0 0 0 0 0 1 1 1 0 1 0 0 0 0 0
140	2	1 0 0 1 0 0 1 0 1 0 0 1 0 0 0 0
140	2	0 0 1 1 0 0 0 0 0 1 1 0 0 0 0 0
140	1	0 0 0 1 0 1 0 0 0 0 1 1 0 0 0 0
140	4	0 0 1 0 0 0 1 0 1 0 1 0 0 0 0 0
140	3	1 1 1 1 0 0 0 1 0 0 1 0 0 0 0 0
140	4	0 1 1 1 0 1 0 0 0 0 0 0 1 1 0 0
140	1	0 1 1 1 0 1 0 0 0 1 0 0 0 1 0 0
140	1	1 0 1 1 1 0 0 0 0 0 1 0 0 0 0 0
140	1	0 1 1 1 0 0 0 0 0 0 0 0 0 0 0 0
140	1	0 1 0 1 0 0 1 0 0 0 1 1 0 1 0 0
150	25	0 0 0 1 0 0 0 0 0 0 1 0 0 0 0 0
150	74	1 0 0 1 0 0 1 0 1 0 0 0 0 0 0 0
150	14	0 0 1 0 0 0 1 0 1 0 0 0 0 1 0 0
150	33	0 0 1 1 0 0 0 0 0 0 1 0 0 0 0 0
150	4	1 1 0 0 0 0 1 1 1 0 0 0 0 1 0 0
150	7	1 0 0 1 0 0 0 0 1 0 1 0 0 0 0 0
150	23	1 0 1 1 0 0 1 0 0 0 0 0 0 1 0 0
150	9	0 0 0 1 0 1 0 0 0 0 1 0 0 0 0 0
150	13	0 0 1 1 0 0 0 0 0 0 0 0 0 0 0 0
150	2	0 0 1 0 0 0 1 0 1 0 0 0 0 0 0 0
150	25	1 0 1 1 0 0 1 0 1 0 0 0 0 0 0 0
150	9	1 0 0 1 0 0 1 0 0 0 0 0 0 0 0 0
150	1	0 1 0 1 0 1 0 0 0 0 1 0 0 0 1 1
150	21	1 0 1 0 0 1 1 0 1 0 0 0 0 1 0 0
150	15	0 0 1 1 0 0 0 0 1 0 0 0 0 0 1 0
150	1	1 0 0 1 0 0 0 0 0 0 1 0 0 0 1 0
150	4	1 0 1 1 1 0 1 0 0 0 0 0 0 1 0 0
150	86	1 1 1 1 0 0 0 0 0 0 1 0 0 0 0 0
150	4	0 0 1 1 0 0 0 0 0 0 0 0 0 1 1 0
150	8	1 0 1 1 0 0 0 0 0 0 0 0 0 0 0 0
150	29	0 1 1 1 0 1 0 0 0 0 0 0 0 1 0 0
150	9	1 1 0 0 0 0 1 1 1 0 1 0 0 0 0 0
150	13	1 1 1 1 0 0 1 0 0 0 0 0 0 1 0 0
150	7	0 0 1 1 0 0 1 0 0 0 0 0 0 0 0 0
150	4	1 0 0 0 0 0 0 0 1 0 1 1 0 1 0 0
150	22	1 0 1 1 0 0 1 0 0 0 1 0 0 1 0 0
150	51	1 0 1 1 0 0 0 0 0 0 1 0 0 0 0 0
150	22	0 1 0 1 0 0 0 0 0 0 1 1 0 0 0 0
150	31	0 0 1 1 0 1 0 0 0 0 1 0 0 0 0 0
150	7	0 0 1 1 0 1 0 0 1 0 1 0 0 0 1 1
150	6	1 1 1 1 0 0 0 0 0 0 0 0 0 0 0 0
150	2	0 0 0 1 1 0 0 0 1 0 0 0 0 0 0 0
150	14	1 0 1 1 0 0 0 0 0 1 1 0 0 0 0 0
150	4	1 1 0 0 0 0 1 1 1 0 1 0 0 1 0 0
150	6	0 0 1 1 0 0 0 1 0 0 1 0 0 0 0 0
150	36	1 0 1 1 0 0 1 0 1 0 0 0 0 1 0 0
150	4	0 0 0 1 1 1 0 0 0 0 1 1 0 0 0 0
150	16	0 1 1 1 0 1 1 0 0 0 0 0 0 1 0 0
150	26	1 0 1 1 0 0 1 0 0 1 1 0 0 1 0 0
150	1	0 0 1 1 0 0 0 1 0 0 0 0 0 1 0 0
150	12	0 0 1 0 0 0 0 0 0 0 1 0 0 0 0 0
150	17	1 0 1 1 0 0 1 0 0 0 0 0 0 0 0 0
150	17	1 0 1 1 0 0 1 0 0 1 0 0 0 1 0 0
150	16	0 0 1 1 0 0 0 0 0 0 1 0 0 0 0 1
150	4	1 0 0 0 0 1 1 0 1 0 0 0 0 1 0 0
150	4	1 0 1 1 0 0 0 0 0 0 1 0 1 0 0 0
150	1	1 1 1 1 0 0 1 0 1 0 0 0 0 1 1 1
150	12	0 1 1 1 0 0 1 0 1 0 0 0 0 0 0 0
150	2	1 0 0 1 0 0 1 0 1 0 1 0 0 0 0 0
150	8	1 1 0 0 0 0 1 1 1 0 0 1 0 1 0 0
150	5	1 0 0 1 0 0 1 1 1 0 0 0 0 0 0 0
150	11	0 1 0 1 0 0 0 0 0 0 1 1 0 1 0 0
150	3	0 0 0 1 1 0 0 0 0 0 1 0 0 0 1 0
150	5	1 1 0 0 1 0 1 0 0 0 0 0 0 1 0 0
150	3	0 0 1 1 0 0 0 0 0 1 1 0 0 0 0 0
150	3	1 1 1 1 0 0 0 1 0 0 1 0 0 0 0 0
150	16	0 1 1 1 0 1 0 0 0 0 0 0 1 1 0 0
150	5	0 1 1 1 0 0 0 0 0 0 0 0 0 0 0 0
150	1	0 0 1 0 0 0 1 1 1 0 0 0 0 0 0 0
150	1	1 0 0 1 0 0 1 0 1 0 0 0 0 1 0 0
150	7	0 0 1 0 0 1 1 0 1 0 0 0 0 1 0 0
150	2	0 0 1 1 0 0 0 0 0 1 0 1 0 0 0 0
150	5	1 1 0 0 0 0 1 0 1 0 0 0 0 0 1 0
150	9	1 0 0 1 0 0 1 0 1 0 0 0 1 0 0 0
150	3	1 1 0 1 0 0 1 0 1 0 0 0 0 0 0 0
150	10	1 1 1 1 0 1 0 0 0 0 0 0 0 1 0 0
150	3	0 0 1 1 0 1 0 0 0 0 1 0 0 0 1 1
150	9	1 1 1 1 0 0 0 0 1 0 0 0 0 0 0 0
150	4	0 1 1 1 0 1 0 0 0 0 1 0 0 0 0 0
150	3	0 0 1 1 0 1 0 0 0 0 0 0 0 0 0 0
150	4	1 1 1 0 0 0 0 0 0 0 1 0 0 0 0 0
150	2	1 1 1 1 1 0 0 0 0 0 1 0 0 0 0 0
150	5	0 0 1 1 0 1 0 1 0 0 1 0 0 0 0 0
150	3	1 0 1 1 0 1 0 0 0 1 1 0 0 0 0 0
150	5	0 1 1 0 0 1 0 0 0 0 0 0 1 1 0 0
150	4	0 0 1 1 0 1 0 0 0 0 0 0 0 1 0 0
150	7	1 0 1 1 0 0 1 0 1 0 0 0 0 0 0 1
150	4	1 0 1 0 0 1 1 0 1 0 0 0 0 0 0 0
150	2	0 0 1 1 0 0 0 1 0 0 0 0 0 0 0 0
150	4	1 0 0 0 0 0 1 0 0 0 0 0 0 0 0 0
150	4	0 0 1 1 0 0 1 0 1 0 0 0 0 1 0 0
150	1	1 0 0 1 0 0 1 0 0 0 1 0 0 1 0 0
150	2	1 0 0 1 0 0 1 1 1 0 1 0 0 0 0 0
150	3	0 1 0 1 0 0 1 0 1 0 0 0 0 1 0 0
150	1	1 0 0 1 0 0 1 0 1 0 0 1 0 0 0 0
150	1	1 0 0 1 0 1 0 0 0 0 1 0 0 0 0 0
150	5	1 1 1 1 0 0 1 0 0 0 0 0 0 1 1 0
150	1	1 1 0 0 0 0 1 1 1 1 1 0 0 1 0 0
150	4	1 0 1 1 0 0 1 0 0 0 1 0 0 0 0 0
150	1	0 1 1 1 0 0 1 0 1 0 1 0 0 1 0 0
150	3	1 0 0 0 0 0 1 0 1 0 0 0 0 0 0 0
150	1	1 0 0 1 0 0 0 0 0 0 1 1 0 1 0 0
150	4	1 0 1 1 0 0 1 0 0 0 0 0 0 1 1 0
150	1	0 0 1 1 0 0 0 0 1 0 1 0 0 1 0 0
150	1	1 0 1 1 0 0 0 0 0 0 0 0 1 1 0 0
150	2	1 0 1 1 0 0 1 0 0 1 1 0 0 0 0 1
150	1	1 0 0 1 0 0 1 0 1 0 0 0 0 0 1 0
150	1	0 0 1 1 0 0 0 0 1 0 1 0 0 0 1 1
150	1	0 1 1 1 0 0 1 0 1 0 1 0 0 0 0 0
150	1	1 0 0 1 0 1 1 0 0 0 0 0 0 1 0 0
150	2	1 0 1 0 0 0 0 0 0 0 1 0 0 0 0 0
150	2	0 0 1 0 0 0 1 0 0 0 1 0 0 0 1 1
150	1	1 0 1 1 0 1 1 0 1 0 0 0 0 1 0 0
150	1	1 1 1 1 0 1 0 0 0 0 1 0 0 0 0 0
150	2	0 1 0 1 0 0 1 0 1 0 0 0 0 0 0 0
150	3	1 0 0 0 0 1 0 0 0 1 1 0 0 0 0 0
150	2	1 1 0 0 0 0 1 1 1 0 0 1 0 0 0 0
150	2	0 0 1 0 0 1 1 0 1 0 0 1 0 0 0 0
150	1	1 1 0 1 0 0 1 0 0 0 1 0 0 0 0 0
150	2	0 0 0 1 0 0 0 0 0 0 1 1 0 0 0 0
150	2	0 0 0 1 0 0 1 0 1 0 0 0 0 0 0 0
150	1	1 0 0 1 0 0 0 0 1 0 1 0 1 0 0 0
150	1	1 0 1 1 0 0 1 1 1 0 0 0 0 0 0 0
150	2	1 1 1 1 0 0 1 0 1 0 0 0 0 0 0 0
150	2	1 1 0 0 0 1 1 1 1 0 1 0 0 1 0 0
150	1	0 1 1 1 1 0 0 0 0 0 0 0 0 0 0 0
150	2	1 1 1 0 0 0 0 0 0 0 0 0 0 0 0 0
150	1	0 0 1 1 0 1 0 1 1 0 1 0 0 0 0 0
150	2	0 1 1 0 0 1 1 0 0 0 0 0 1 1 0 0
160	23	0 0 0 1 0 0 0 0 0 0 1 0 0 0 0 0
160	95	1 0 0 1 0 0 1 0 1 0 0 0 0 0 0 0
160	2	0 0 1 0 0 0 1 0 1 0 0 0 0 1 0 0
160	28	0 0 1 1 0 0 0 0 0 0 1 0 0 0 0 0
160	6	1 1 0 0 0 0 1 1 1 0 0 0 0 1 0 0
160	15	1 0 0 1 0 0 0 0 1 0 1 0 0 0 0 0
160	7	1 0 1 1 0 0 1 0 0 0 0 0 0 1 0 0
160	9	0 0 1 1 0 0 0 0 0 0 0 0 0 0 0 0
160	65	1 0 1 1 0 0 1 0 1 0 0 0 0 0 0 0
160	10	1 0 0 1 0 0 1 0 0 0 0 0 0 0 0 0
160	22	1 0 1 0 0 1 1 0 1 0 0 0 0 1 0 0
160	5	0 0 1 1 0 0 0 0 1 0 0 0 0 0 1 0
160	73	1 1 1 1 0 0 0 0 0 0 1 0 0 0 0 0
160	9	1 0 1 1 0 0 0 0 0 0 0 0 0 0 0 0
160	12	0 1 1 1 0 1 0 0 0 0 0 0 0 1 0 0
160	6	1 1 0 0 0 0 1 1 1 0 1 0 0 0 0 0
160	24	1 1 1 1 0 0 1 0 0 0 0 0 0 1 0 0
160	27	0 0 1 1 0 0 1 0 0 0 0 0 0 0 0 0
160	1	1 0 1 1 0 0 1 0 0 0 1 0 0 1 0 0
160	16	1 0 1 1 0 0 0 0 0 0 1 0 0 0 0 0
160	12	0 1 0 1 0 0 0 0 0 0 1 1 0 0 0 0
160	9	0 0 1 1 0 1 0 0 0 0 1 0 0 0 0 0
160	7	0 0 1 1 0 1 0 0 1 0 1 0 0 0 1 1
160	2	1 1 1 1 0 0 0 0 0 0 0 0 0 0 0 0
160	1	1 0 1 1 0 0 0 0 0 1 1 0 0 0 0 0
160	3	0 0 1 1 0 0 0 1 0 0 1 0 0 0 0 0
160	75	1 0 1 1 0 0 1 0 1 0 0 0 0 1 0 0
160	1	0 0 0 1 1 1 0 0 0 0 1 1 0 0 0 0
160	7	0 1 1 1 0 1 1 0 0 0 0 0 0 1 0 0
160	23	1 0 1 1 0 0 1 0 0 1 1 0 0 1 0 0
160	6	0 0 1 0 0 0 0 0 0 0 1 0 0 0 0 0
160	29	1 0 1 1 0 0 1 0 0 0 0 0 0 0 0 0
160	3	0 0 1 1 0 0 0 0 0 0 1 0 0 0 0 1
160	3	1 0 0 0 0 1 1 0 1 0 0 0 0 1 0 0
160	8	1 0 1 1 0 0 0 0 0 0 1 0 1 0 0 0
160	1	1 1 1 1 0 0 1 0 1 0 0 0 0 1 1 1
160	15	0 1 1 1 0 0 1 0 1 0 0 0 0 0 0 0
160	3	1 0 0 1 0 0 1 0 1 0 1 0 0 0 0 0
160	11	0 1 0 1 0 0 0 0 0 0 1 1 0 1 0 0
160	7	0 0 0 1 1 0 0 0 0 0 1 0 0 0 1 0
160	3	1 1 0 0 1 0 1 0 0 0 0 0 0 1 0 0
160	4	0 0 1 1 0 0 0 0 0 1 1 0 0 0 0 0
160	9	0 1 1 1 0 1 0 0 0 0 0 0 1 1 0 0
160	2	1 0 0 1 0 0 1 0 1 0 0 0 0 1 0 0
160	10	0 0 1 0 0 1 1 0 1 0 0 0 0 1 0 0
160	5	0 0 1 1 0 0 0 0 0 1 0 1 0 0 0 0
160	19	1 0 0 1 0 0 1 0 1 0 0 0 1 0 0 0
160	13	1 1 0 1 0 0 1 0 1 0 0 0 0 0 0 0
160	3	1 1 1 1 0 1 0 0 0 0 0 0 0 1 0 0
160	4	0 0 1 1 0 1 0 0 0 0 1 0 0 0 1 1
160	4	1 1 1 1 0 0 0 0 1 0 0 0 0 0 0 0
160	19	0 1 1 1 0 1 0 0 0 0 1 0 0 0 0 0
160	15	1 1 1 0 0 0 0 0 0 0 1 0 0 0 0 0
160	5	1 0 1 1 0 1 0 0 0 1 1 0 0 0 0 0
160	17	0 1 1 0 0 1 0 0 0 0 0 0 1 1 0 0
160	3	0 0 1 1 0 1 0 0 0 0 0 0 0 1 0 0
160	6	1 0 1 1 0 0 1 0 1 0 0 0 0 0 0 1
160	3	1 0 1 0 0 1 1 0 1 0 0 0 0 0 0 0
160	2	0 0 1 1 0 0 0 1 0 0 0 0 0 0 0 0
160	1	1 0 0 0 0 0 1 0 0 0 0 0 0 0 0 0
160	20	1 1 1 1 0 0 1 0 0 0 0 0 0 1 1 0
160	5	1 0 0 0 0 0 1 0 1 0 0 0 0 0 0 0
160	7	1 0 0 0 0 1 0 0 0 1 1 0 0 0 0 0
160	4	1 0 0 1 0 0 0 0 1 0 1 0 1 0 0 0
160	3	1 0 1 1 0 0 1 0 1 0 1 0 0 0 0 0
160	1	1 0 0 1 1 0 1 0 1 0 0 0 0 0 0 0
160	5	1 1 1 0 0 0 1 1 1 0 1 0 0 1 0 0
160	2	1 1 0 0 0 1 1 1 1 0 0 1 0 0 0 0
160	6	1 0 1 1 0 0 0 0 1 0 0 0 0 0 0 0
160	5	0 1 1 1 0 1 0 0 0 0 0 0 0 1 1 0
160	1	0 1 0 1 0 0 1 0 0 0 0 0 0 1 1 0
160	6	1 1 1 1 0 0 0 0 0 0 1 1 0 0 0 0
160	8	0 1 1 1 0 0 0 0 0 0 0 0 0 1 0 0
160	2	0 1 0 1 0 0 0 1 0 0 1 1 0 1 0 0
160	1	1 0 1 1 0 0 0 0 1 0 1 0 0 0 0 0
160	5	1 1 1 1 0 0 1 0 0 1 1 0 0 1 0 0
160	7	1 0 0 1 1 1 1 0 1 0 0 0 0 0 0 0
160	2	0 0 0 1 0 0 1 0 1 0 0 0 0 0 0 0
160	5	1 0 1 1 1 0 1 0 0 0 1 0 0 1 0 0
160	3	0 1 0 1 0 0 0 0 0 0 1 1 0 0 1 0
160	1	0 0 1 0 0 1 1 0 1 0 0 0 1 1 0 0
160	2	1 0 1 0 0 0 1 1 1 0 1 0 0 1 0 0
160	2	1 0 0 1 0 0 1 0 0 0 0 0 0 1 1 0
160	10	1 0 1 1 0 0 1 0 1 0 0 0 0 1 0 1
160	3	0 0 1 1 0 1 0 0 0 0 1 0 0 0 0 1
160	2	1 1 1 0 0 0 0 1 0 0 1 0 0 0 0 0
160	4	1 0 1 1 0 0 1 1 0 0 0 0 0 1 1 0
160	2	0 0 1 1 0 0 1 0 1 0 1 0 0 0 0 0
160	8	0 1 0 1 0 0 0 0 0 0 1 0 0 0 0 0
160	3	0 0 0 1 0 0 0 0 0 0 1 0 0 1 0 0
160	1	0 1 1 0 0 0 1 1 1 0 0 0 0 0 0 0
160	4	1 0 1 1 0 0 0 0 0 1 0 1 0 0 0 0
160	3	0 0 1 1 0 1 0 0 1 0 0 0 0 0 0 0
160	1	1 0 1 1 0 0 1 0 0 1 1 0 1 0 0 0
160	1	0 1 0 0 0 1 1 0 1 0 0 0 0 1 0 0
160	4	0 0 0 1 1 0 0 0 0 0 1 0 0 0 0 0
160	3	1 0 0 1 0 0 0 0 0 0 1 0 0 0 0 0
160	3	1 0 0 1 0 0 1 0 1 1 0 0 0 0 0 0
160	2	0 0 0 1 0 0 1 0 0 0 0 0 0 0 0 0
160	3	1 1 1 1 0 0 1 0 0 0 0 0 1 1 1 0
160	2	1 0 0 1 0 1 0 0 0 0 1 0 0 0 0 0
160	2	0 1 0 1 0 0 1 0 1 0 0 0 0 0 0 0
160	1	1 1 1 0 0 0 1 0 0 0 0 0 0 1 0 0
160	2	1 1 1 1 0 0 0 0 0 0 1 0 0 0 0 1
160	2	1 1 1 1 0 0 0 0 0 1 1 0 0 0 0 0
160	3	0 0 1 1 0 0 0 0 0 1 0 1 0 0 0 1
170	13	0 0 0 1 0 0 0 0 0 0 1 0 0 0 0 0
170	99	1 0 0 1 0 0 1 0 1 0 0 0 0 0 0 0
170	60	0 0 1 1 0 0 0 0 0 0 1 0 0 0 0 0
170	1	1 1 0 0 0 0 1 1 1 0 0 0 0 1 0 0
170	3	1 0 0 1 0 0 0 0 1 0 1 0 0 0 0 0
170	10	1 0 1 1 0 0 1 0 0 0 0 0 0 1 0 0
170	5	0 0 1 1 0 0 0 0 0 0 0 0 0 0 0 0
170	77	1 0 1 1 0 0 1 0 1 0 0 0 0 0 0 0
170	7	1 0 1 0 0 1 1 0 1 0 0 0 0 1 0 0
170	2	0 0 1 1 0 0 0 0 1 0 0 0 0 0 1 0
170	81	1 1 1 1 0 0 0 0 0 0 1 0 0 0 0 0
170	1	1 0 1 1 0 0 0 0 0 0 0 0 0 0 0 0
170	2	0 1 1 1 0 1 0 0 0 0 0 0 0 1 0 0
170	12	1 1 1 1 0 0 1 0 0 0 0 0 0 1 0 0
170	27	0 0 1 1 0 0 1 0 0 0 0 0 0 0 0 0
170	30	1 0 1 1 0 0 0 0 0 0 1 0 0 0 0 0
170	27	0 1 0 1 0 0 0 0 0 0 1 1 0 0 0 0
170	9	0 0 1 1 0 1 0 0 0 0 1 0 0 0 0 0
170	2	0 0 1 1 0 1 0 0 1 0 1 0 0 0 1 1
170	8	1 0 1 1 0 0 0 0 0 1 1 0 0 0 0 0
170	78	1 0 1 1 0 0 1 0 1 0 0 0 0 1 0 0
170	14	1 0 1 1 0 0 1 0 0 1 1 0 0 1 0 0
170	11	0 0 1 0 0 0 0 0 0 0 1 0 0 0 0 0
170	32	1 0 1 1 0 0 1 0 0 0 0 0 0 0 0 0
170	8	0 0 1 1 0 0 0 0 0 0 1 0 0 0 0 1
170	35	0 1 1 1 0 0 1 0 1 0 0 0 0 0 0 0
170	11	1 0 0 1 0 0 1 0 1 0 1 0 0 0 0 0
170	2	0 1 0 1 0 0 0 0 0 0 1 1 0 1 0 0
170	10	0 0 1 1 0 0 0 0 0 1 1 0 0 0 0 0
170	9	0 0 1 0 0 1 1 0 1 0 0 0 0 1 0 0
170	23	1 0 0 1 0 0 1 0 1 0 0 0 1 0 0 0
170	3	1 1 0 1 0 0 1 0 1 0 0 0 0 0 0 0
170	29	0 1 1 1 0 1 0 0 0 0 1 0 0 0 0 0
170	2	1 1 1 0 0 0 0 0 0 0 1 0 0 0 0 0
170	1	1 0 1 1 0 1 0 0 0 1 1 0 0 0 0 0
170	4	0 1 1 0 0 1 0 0 0 0 0 0 1 1 0 0
170	14	1 0 1 1 0 0 1 0 1 0 0 0 0 0 0 1
170	8	1 1 1 1 0 0 1 0 0 0 0 0 0 1 1 0
170	25	1 0 0 0 0 1 0 0 0 1 1 0 0 0 0 0
170	2	1 0 1 1 0 0 1 0 1 0 1 0 0 0 0 0
170	3	1 0 1 1 0 0 0 0 1 0 0 0 0 0 0 0
170	19	0 1 1 1 0 1 0 0 0 0 0 0 0 1 1 0
170	2	1 0 1 1 1 0 1 0 0 0 1 0 0 1 0 0
170	1	0 0 1 0 0 1 1 0 1 0 0 0 1 1 0 0
170	19	1 0 1 1 0 0 1 0 1 0 0 0 0 1 0 1
170	1	1 1 1 0 0 0 0 1 0 0 1 0 0 0 0 0
170	4	1 0 1 1 0 0 1 1 0 0 0 0 0 1 1 0
170	2	0 1 0 1 0 0 0 0 0 0 1 0 0 0 0 0
170	1	0 0 0 1 1 0 0 0 0 0 1 0 0 0 0 0
170	4	1 0 0 1 0 1 0 0 0 0 1 0 0 0 0 0
170	3	0 1 0 1 0 0 1 0 1 0 0 0 0 0 0 0
170	2	1 1 1 1 0 0 0 0 0 0 1 0 0 0 0 1
170	2	1 0 1 0 0 0 1 0 0 0 0 0 0 0 0 0
170	5	0 1 1 1 0 0 0 0 0 1 1 0 0 0 0 0
170	2	1 1 1 1 0 1 0 0 0 0 1 0 0 0 0 0
170	5	0 1 1 1 0 0 0 0 0 0 1 0 0 0 0 0
170	10	0 0 1 1 1 0 1 0 0 0 0 0 0 0 0 0
170	2	1 0 0 1 0 0 1 0 0 0 0 0 0 1 1 0
170	4	1 1 1 0 0 0 1 0 1 0 0 0 0 0 0 0
170	5	1 0 1 1 0 1 0 0 0 0 0 0 0 1 0 0
170	5	1 0 1 1 0 0 1 0 0 1 0 0 0 1 0 0
170	3	1 1 1 1 0 0 1 1 1 0 1 0 0 1 0 0
170	4	0 0 1 0 0 0 1 0 0 1 0 0 0 1 0 0
170	3	0 0 0 1 0 0 1 0 1 0 0 0 0 0 0 0
170	2	0 0 1 1 0 1 0 0 1 0 0 0 0 0 0 1
170	1	1 0 0 0 1 0 1 0 0 0 0 0 0 1 0 0
170	2	1 1 0 0 1 0 1 0 0 0 0 0 0 0 0 0
170	1	1 0 0 1 1 0 1 0 1 0 0 0 0 0 0 0
170	1	1 0 1 1 0 1 0 0 0 0 1 0 0 0 0 0
170	5	1 0 0 1 0 0 1 0 0 1 1 0 0 1 0 0
170	5	0 1 1 1 0 0 0 0 0 0 1 1 0 0 1 0
170	2	1 0 0 0 0 0 0 0 1 0 1 0 0 0 0 0
170	2	1 0 0 1 0 0 1 0 0 0 0 0 0 1 0 0
170	4	1 1 1 1 0 0 0 0 0 0 0 0 0 1 0 0
170	3	0 1 1 1 0 0 1 0 1 0 1 0 0 0 0 0
170	4	0 1 1 1 0 0 1 1 1 0 0 0 0 0 0 0
170	2	0 0 1 1 1 0 1 0 0 0 0 0 1 0 0 0
170	1	1 0 1 1 0 0 0 0 0 0 0 0 0 1 1 0
170	2	1 0 1 1 0 0 1 0 1 0 0 1 0 0 0 0
170	4	1 0 1 1 0 0 1 0 1 1 0 0 0 0 0 0
170	2	0 0 1 1 0 0 1 0 0 0 0 0 0 0 1 0
170	2	1 1 1 1 0 1 0 0 0 0 1 0 0 0 0 1
170	2	0 0 1 1 0 1 0 0 1 0 0 0 0 0 0 0
170	4	1 1 1 1 1 0 0 0 0 0 1 0 0 0 0 0
170	1	0 1 1 1 0 0 0 0 0 0 1 1 0 0 0 0
170	8	1 0 0 1 0 0 1 0 1 0 0 1 1 0 0 0
170	3	1 1 1 1 0 0 1 0 0 0 0 0 0 0 0 0
170	1	0 1 0 1 0 0 0 0 0 0 1 0 0 1 0 0
170	1	1 0 1 1 0 1 1 0 0 0 0 0 0 1 0 0
170	2	1 1 1 0 0 0 1 0 0 0 0 0 0 1 0 0
170	1	0 1 1 1 0 1 0 0 0 1 1 0 0 0 0 0
170	1	1 0 1 1 0 1 1 0 1 0 0 0 0 0 0 1
170	3	1 0 1 1 0 0 0 1 0 0 0 0 0 1 1 0
170	1	0 1 1 1 0 0 1 0 1 0 0 0 0 1 0 0
170	3	0 1 1 1 0 0 0 0 1 0 1 0 0 0 0 0
170	1	1 0 0 1 0 0 1 0 1 0 0 0 0 0 0 1
170	1	0 0 1 1 1 0 0 0 0 0 1 0 0 0 0 0
170	2	1 0 1 0 0 1 1 1 1 0 0 0 0 1 0 0
170	1	0 0 1 1 0 0 1 0 0 1 0 0 0 0 0 0
170	3	1 0 1 1 0 0 0 0 0 0 1 0 0 1 0 0
170	2	1 0 1 1 0 0 1 0 1 0 1 0 0 1 0 0
170	2	1 0 0 1 0 0 1 0 0 0 0 0 0 0 0 0
170	1	0 0 1 1 0 0 0 1 0 1 1 0 0 0 0 0
170	1	1 0 0 1 0 0 1 0 1 0 0 0 1 0 0 1
170	1	1 1 1 0 0 0 0 0 0 0 1 0 0 0 0 1
170	1	0 1 1 0 0 1 0 0 0 0 0 0 0 1 1 0
180	25	0 0 0 1 0 0 0 0 0 0 1 0 0 0 0 0
180	56	1 0 0 1 0 0 1 0 1 0 0 0 0 0 0 0
180	60	0 0 1 1 0 0 0 0 0 0 1 0 0 0 0 0
180	4	1 0 0 1 0 0 0 0 1 0 1 0 0 0 0 0
180	10	1 0 1 1 0 0 1 0 0 0 0 0 0 1 0 0
180	1	0 0 1 1 0 0 0 0 0 0 0 0 0 0 0 0
180	54	1 0 1 1 0 0 1 0 1 0 0 0 0 0 0 0
180	11	1 0 1 0 0 1 1 0 1 0 0 0 0 1 0 0
180	1	0 0 1 1 0 0 0 0 1 0 0 0 0 0 1 0
180	99	1 1 1 1 0 0 0 0 0 0 1 0 0 0 0 0
180	3	1 1 1 1 0 0 1 0 0 0 0 0 0 1 0 0
180	26	0 0 1 1 0 0 1 0 0 0 0 0 0 0 0 0
180	5	1 0 1 1 0 0 0 0 0 0 1 0 0 0 0 0
180	8	0 1 0 1 0 0 0 0 0 0 1 1 0 0 0 0
180	1	0 0 1 1 0 1 0 0 0 0 1 0 0 0 0 0
180	11	1 0 1 1 0 0 0 0 0 1 1 0 0 0 0 0
180	65	1 0 1 1 0 0 1 0 1 0 0 0 0 1 0 0
180	22	1 0 1 1 0 0 1 0 0 1 1 0 0 1 0 0
180	3	0 0 1 0 0 0 0 0 0 0 1 0 0 0 0 0
180	17	1 0 1 1 0 0 1 0 0 0 0 0 0 0 0 0
180	15	0 0 1 1 0 0 0 0 0 0 1 0 0 0 0 1
180	30	0 1 1 1 0 0 1 0 1 0 0 0 0 0 0 0
180	20	1 0 0 1 0 0 1 0 1 0 1 0 0 0 0 0
180	2	0 1 0 1 0 0 0 0 0 0 1 1 0 1 0 0
180	14	0 0 1 1 0 0 0 0 0 1 1 0 0 0 0 0
180	2	0 0 1 0 0 1 1 0 1 0 0 0 0 1 0 0
180	24	1 0 0 1 0 0 1 0 1 0 0 0 1 0 0 0
180	8	1 1 0 1 0 0 1 0 1 0 0 0 0 0 0 0
180	15	0 1 1 1 0 1 0 0 0 0 1 0 0 0 0 0
180	15	1 1 1 0 0 0 0 0 0 0 1 0 0 0 0 0
180	6	1 0 1 1 0 0 1 0 1 0 0 0 0 0 0 1
180	26	1 0 0 0 0 1 0 0 0 1 1 0 0 0 0 0
180	3	1 0 1 1 0 0 0 0 1 0 0 0 0 0 0 0
180	6	0 1 1 1 0 1 0 0 0 0 0 0 0 1 1 0
180	1	1 0 1 1 1 0 1 0 0 0 1 0 0 1 0 0
180	2	1 0 1 1 0 0 1 0 1 0 0 0 0 1 0 1
180	14	1 0 0 1 0 1 0 0 0 0 1 0 0 0 0 0
180	1	0 1 0 1 0 0 1 0 1 0 0 0 0 0 0 0
180	7	0 1 1 1 0 0 0 0 0 0 1 0 0 0 0 0
180	6	0 0 1 1 1 0 1 0 0 0 0 0 0 0 0 0
180	8	1 1 1 0 0 0 1 0 1 0 0 0 0 0 0 0
180	1	1 0 1 1 0 1 0 0 0 0 0 0 0 1 0 0
180	2	1 0 1 1 0 0 1 0 0 1 0 0 0 1 0 0
180	5	1 1 1 1 0 0 1 1 1 0 1 0 0 1 0 0
180	1	0 0 0 1 0 0 1 0 1 0 0 0 0 0 0 0
180	8	1 0 0 1 0 0 1 0 0 1 1 0 0 1 0 0
180	3	1 0 0 0 0 0 0 0 1 0 1 0 0 0 0 0
180	1	0 1 1 1 0 0 1 1 1 0 0 0 0 0 0 0
180	1	1 1 1 1 0 1 0 0 0 0 1 0 0 0 0 1
180	9	0 0 1 1 0 1 0 0 1 0 0 0 0 0 0 0
180	6	1 0 0 1 0 0 1 0 1 0 0 1 1 0 0 0
180	5	1 0 1 1 0 1 1 0 0 0 0 0 0 1 0 0
180	19	1 0 1 1 0 0 0 1 0 0 0 0 0 1 1 0
180	2	1 0 1 1 0 0 0 0 0 0 1 0 0 1 0 0
180	36	1 1 1 1 0 0 0 0 0 1 1 0 0 0 0 0
180	7	1 0 0 1 0 1 1 0 1 0 0 0 0 0 0 0
180	1	0 0 1 1 0 0 0 0 1 0 0 0 0 0 0 0
180	1	0 1 1 1 0 0 1 0 0 0 0 0 0 0 0 0
180	2	0 0 1 0 0 0 1 0 1 0 0 0 0 0 0 0
180	3	1 0 0 1 0 0 1 0 1 1 0 0 0 0 0 0
180	1	0 1 1 1 0 1 0 0 0 0 0 0 0 1 1 1
180	10	1 1 1 1 0 0 1 0 1 0 0 0 0 1 0 0
180	2	1 1 1 0 0 0 0 0 0 0 1 1 0 0 0 0
180	3	1 0 0 1 0 0 0 0 1 0 0 0 0 0 0 0
180	4	1 1 1 1 0 0 0 0 1 0 0 0 0 0 0 0
180	1	0 0 1 1 0 0 1 0 1 0 0 0 0 0 0 0
180	19	1 0 1 1 1 0 1 0 1 0 0 0 0 1 0 0
180	3	0 0 1 0 0 0 0 1 0 0 1 0 0 0 0 0
180	5	0 1 0 1 0 0 1 0 1 1 0 0 0 0 0 0
180	1	1 0 0 1 0 0 1 0 0 1 0 0 0 1 0 0
180	12	1 0 1 1 0 0 1 0 0 0 1 0 0 0 0 0
180	2	0 0 1 1 0 0 1 0 0 0 1 0 0 0 0 0
180	5	1 0 1 1 0 1 1 0 1 0 0 0 0 0 0 0
180	5	1 1 1 1 0 0 1 0 0 1 0 0 0 1 0 0
180	1	1 0 1 1 0 0 1 0 0 0 0 0 0 0 1 0
180	8	1 1 1 0 0 0 0 0 0 0 1 0 0 0 0 1
180	2	1 0 0 1 0 0 1 0 1 0 0 0 0 0 0 1
180	1	1 0 1 1 1 0 1 0 1 0 0 0 0 0 0 0
180	7	1 1 1 0 0 1 1 0 1 0 0 0 0 1 0 0
180	6	1 1 1 1 0 0 0 0 0 0 0 0 0 0 0 0
180	3	1 1 1 1 0 0 0 1 0 0 1 0 0 0 0 0
180	1	1 0 1 1 0 0 1 0 1 0 0 1 0 1 0 0
180	2	1 0 1 1 0 0 1 0 1 0 0 0 0 1 1 0
180	4	1 0 0 1 0 0 1 0 1 0 1 0 0 0 0 1
180	1	1 0 1 1 0 0 0 0 0 0 0 0 0 1 0 0
180	1	1 0 1 1 0 0 1 0 0 1 1 0 0 0 0 0
180	5	0 0 1 1 0 0 0 0 0 0 1 0 0 0 1 0
180	5	1 1 1 1 1 0 0 0 0 0 1 0 0 0 0 0
180	1	0 1 1 1 1 0 1 0 1 0 0 0 0 0 0 0
180	5	0 0 0 1 0 0 1 1 1 0 0 0 0 0 0 0
180	4	1 0 1 1 0 1 1 0 0 0 0 1 0 1 0 0
180	1	0 0 1 1 0 0 0 0 0 0 1 0 0 1 0 0
180	1	1 1 1 1 0 0 0 0 0 0 0 0 0 0 1 0
180	2	0 0 0 0 0 1 1 0 1 1 0 0 0 1 0 0
180	1	1 1 1 1 0 0 0 0 1 0 0 0 0 1 0 1
180	4	1 0 1 1 0 0 1 0 1 1 1 0 0 0 0 0
180	3	1 0 0 1 0 1 0 0 0 0 1 1 0 0 0 0
180	4	0 0 0 1 0 0 0 0 0 0 1 0 0 0 1 0
180	4	1 0 0 1 0 0 1 0 0 0 0 0 0 0 0 0
180	4	1 0 0 1 0 0 1 0 1 0 0 0 0 1 0 0
180	2	1 0 0 1 0 1 1 0 0 1 1 0 0 1 0 0
180	3	0 1 1 1 0 0 0 0 1 0 0 0 0 0 0 0
180	3	1 0 1 1 0 0 1 0 0 0 1 0 0 0 1 0
180	1	1 0 1 1 1 0 1 0 0 0 0 0 0 0 0 0
180	1	1 1 1 1 0 0 0 0 0 0 1 0 0 0 0 1
180	2	1 0 0 1 0 0 1 0 0 0 1 0 0 0 0 1
180	1	1 1 1 0 0 0 1 0 1 0 0 0 0 1 0 0
180	1	1 0 0 1 0 0 1 0 0 0 0 0 0 1 0 0
180	2	1 0 1 1 0 0 1 0 1 0 0 0 1 0 0 0
180	1	1 0 1 0 0 1 1 0 0 0 0 0 0 1 0 0
180	1	1 1 1 1 0 0 1 0 0 0 1 0 0 0 0 0
180	1	1 1 1 1 0 0 0 0 0 0 1 0 0 0 1 0
180	1	1 0 1 1 0 0 1 0 1 1 0 0 0 1 0 0
180	1	1 0 1 1 1 0 1 0 1 0 0 0 0 1 0 1
180	1	0 0 0 0 0 0 0 1 0 0 1 0 0 0 0 0
180	1	1 0 1 1 0 0 1 0 1 0 0 1 0 0 0 0
180	3	1 0 1 1 0 1 1 1 0 0 0 1 0 1 0 0
190	15	0 0 0 1 0 0 0 0 0 0 1 0 0 0 0 0
190	54	1 0 0 1 0 0 1 0 1 0 0 0 0 0 0 0
190	60	0 0 1 1 0 0 0 0 0 0 1 0 0 0 0 0
190	1	1 0 0 1 0 0 0 0 1 0 1 0 0 0 0 0
190	8	1 0 1 1 0 0 1 0 0 0 0 0 0 1 0 0
190	4	0 0 1 1 0 0 0 0 0 0 0 0 0 0 0 0
190	77	1 0 1 1 0 0 1 0 1 0 0 0 0 0 0 0
190	148	1 1 1 1 0 0 0 0 0 0 1 0 0 0 0 0
190	33	0 0 1 1 0 0 1 0 0 0 0 0 0 0 0 0
190	13	1 0 1 1 0 0 0 0 0 0 1 0 0 0 0 0
190	22	0 1 0 1 0 0 0 0 0 0 1 1 0 0 0 0
190	7	0 0 1 1 0 1 0 0 0 0 1 0 0 0 0 0
190	15	1 0 1 1 0 0 0 0 0 1 1 0 0 0 0 0
190	31	1 0 1 1 0 0 1 0 1 0 0 0 0 1 0 0
190	22	1 0 1 1 0 0 1 0 0 1 1 0 0 1 0 0
190	24	1 0 1 1 0 0 1 0 0 0 0 0 0 0 0 0
190	2	0 0 1 1 0 0 0 0 0 0 1 0 0 0 0 1
190	18	0 1 1 1 0 0 1 0 1 0 0 0 0 0 0 0
190	26	1 0 0 1 0 0 1 0 1 0 1 0 0 0 0 0
190	11	0 0 1 1 0 0 0 0 0 1 1 0 0 0 0 0
190	5	0 0 1 0 0 1 1 0 1 0 0 0 0 1 0 0
190	3	1 0 0 1 0 0 1 0 1 0 0 0 1 0 0 0
190	16	0 1 1 1 0 1 0 0 0 0 1 0 0 0 0 0
190	9	1 1 1 0 0 0 0 0 0 0 1 0 0 0 0 0
190	14	1 0 1 1 0 0 1 0 1 0 0 0 0 0 0 1
190	18	1 0 0 0 0 1 0 0 0 1 1 0 0 0 0 0
190	7	1 0 1 1 0 0 0 0 1 0 0 0 0 0 0 0
190	3	0 1 1 1 0 1 0 0 0 0 0 0 0 1 1 0
190	6	1 0 1 1 1 0 1 0 0 0 1 0 0 1 0 0
190	4	1 0 1 1 0 0 1 0 1 0 0 0 0 1 0 1
190	2	1 0 0 1 0 1 0 0 0 0 1 0 0 0 0 0
190	9	1 0 1 1 0 1 0 0 0 0 0 0 0 1 0 0
190	4	1 1 1 1 0 0 1 1 1 0 1 0 0 1 0 0
190	1	0 1 1 1 0 0 1 1 1 0 0 0 0 0 0 0
190	4	1 1 1 1 0 1 0 0 0 0 1 0 0 0 0 1
190	5	1 0 0 1 0 0 1 0 1 0 0 1 1 0 0 0
190	8	1 0 1 1 0 1 1 0 0 0 0 0 0 1 0 0
190	5	1 0 1 1 0 0 0 1 0 0 0 0 0 1 1 0
190	16	1 1 1 1 0 0 0 0 0 1 1 0 0 0 0 0
190	4	0 1 1 1 0 0 1 0 0 0 0 0 0 0 0 0
190	1	1 0 0 1 0 0 0 0 1 0 0 0 0 0 0 0
190	6	1 1 1 1 0 0 0 0 1 0 0 0 0 0 0 0
190	2	1 0 1 1 1 0 1 0 1 0 0 0 0 1 0 0
190	1	0 0 1 0 0 0 0 1 0 0 1 0 0 0 0 0
190	3	0 1 0 1 0 0 1 0 1 1 0 0 0 0 0 0
190	5	1 0 1 1 0 0 1 0 0 0 1 0 0 0 0 0
190	4	1 1 1 1 0 0 1 0 0 1 0 0 0 1 0 0
190	5	1 0 1 1 0 0 1 0 1 0 0 0 0 1 1 0
190	27	1 0 0 1 0 0 1 0 1 0 1 0 0 0 0 1
190	2	1 0 1 1 0 0 1 0 0 1 1 0 0 0 0 0
190	9	0 0 1 1 0 0 0 0 0 0 1 0 0 0 1 0
190	16	1 1 1 1 1 0 0 0 0 0 1 0 0 0 0 0
190	4	0 0 1 1 0 0 0 0 0 0 1 0 0 1 0 0
190	4	0 0 0 1 0 0 0 0 0 0 1 0 0 0 1 0
190	3	1 0 0 1 0 0 1 0 0 0 0 0 0 0 0 0
190	7	0 1 1 1 0 0 0 0 1 0 0 0 0 0 0 0
190	5	1 0 1 1 0 0 1 0 0 0 1 0 0 0 1 0
190	7	1 0 1 1 0 0 1 0 1 0 0 0 1 0 0 0
190	3	0 1 0 1 0 0 0 0 0 0 1 0 0 0 0 0
190	8	1 0 1 1 0 0 1 0 1 0 0 0 0 0 1 0
190	1	0 1 1 1 0 1 0 0 0 0 1 0 0 1 1 0
190	18	1 0 1 1 0 0 0 0 0 0 1 1 0 0 0 0
190	3	1 1 0 1 0 0 1 0 1 0 0 0 0 1 0 0
190	5	1 0 1 1 0 1 0 0 0 0 1 0 0 0 0 0
190	12	1 0 0 1 0 1 0 0 0 1 1 0 0 0 0 0
190	14	0 0 1 1 0 0 1 1 1 0 1 0 0 1 0 0
190	4	0 0 1 1 0 0 0 0 1 0 1 0 0 0 0 0
190	2	1 1 1 1 0 0 0 0 0 0 1 1 0 0 0 0
190	9	1 0 1 1 0 0 1 0 1 0 1 0 0 0 0 0
190	2	1 1 1 1 0 0 0 1 0 0 1 0 0 0 0 0
190	4	1 1 1 1 0 0 0 0 1 0 0 0 0 0 0 1
190	7	1 0 1 1 0 0 1 0 1 1 0 0 0 0 0 0
190	6	1 1 1 1 0 1 0 0 1 0 1 0 0 0 0 1
190	3	1 0 1 1 0 0 1 0 0 0 0 0 0 1 1 0
190	9	1 0 1 1 0 0 1 0 1 1 1 0 0 1 0 0
190	2	1 0 0 1 0 0 1 0 0 0 0 0 0 1 1 0
190	1	1 1 1 1 0 0 0 0 1 0 0 0 0 1 1 0
190	3	1 0 1 1 0 0 0 1 0 0 0 1 0 1 1 0
190	4	0 0 0 1 0 1 1 0 1 0 0 0 0 0 0 0
190	5	0 0 1 1 0 0 1 0 1 0 0 0 0 0 0 0
190	1	0 1 1 1 0 0 1 0 1 0 1 0 0 0 0 0
190	6	0 0 0 1 0 0 0 0 0 1 1 0 0 0 0 0
190	3	0 1 1 1 0 0 0 0 0 0 1 0 0 0 0 0
190	2	1 1 1 1 0 0 0 0 0 0 1 0 0 0 0 1
190	1	0 1 1 1 0 0 1 0 0 0 1 0 0 0 0 0
190	1	1 0 1 1 0 0 1 0 1 0 1 0 0 0 0 1
190	3	1 0 0 1 0 0 1 0 1 0 0 0 0 1 0 0
190	2	1 0 1 1 0 0 1 0 0 1 1 1 0 1 0 0
190	3	1 0 0 1 0 1 0 0 0 1 1 0 1 0 0 0
190	1	0 0 1 1 0 0 1 0 0 1 1 0 0 0 0 0
190	1	1 0 0 1 0 0 1 0 1 0 0 1 0 0 0 0
190	2	0 0 1 1 0 0 1 0 0 1 1 0 0 1 0 0
190	2	1 0 1 1 0 1 0 1 0 0 0 0 0 1 0 0
190	1	1 1 1 1 0 0 1 0 0 0 0 0 0 1 1 0
190	1	0 0 1 1 0 0 1 0 1 0 0 1 0 0 0 0
200	6	0 0 0 1 0 0 0 0 0 0 1 0 0 0 0 0
200	48	1 0 0 1 0 0 1 0 1 0 0 0 0 0 0 0
200	13	0 0 1 1 0 0 0 0 0 0 1 0 0 0 0 0
200	2	0 0 1 1 0 0 0 0 0 0 0 0 0 0 0 0
200	79	1 0 1 1 0 0 1 0 1 0 0 0 0 0 0 0
200	162	1 1 1 1 0 0 0 0 0 0 1 0 0 0 0 0
200	14	0 0 1 1 0 0 1 0 0 0 0 0 0 0 0 0
200	30	1 0 1 1 0 0 0 0 0 0 1 0 0 0 0 0
200	13	0 1 0 1 0 0 0 0 0 0 1 1 0 0 0 0
200	3	0 0 1 1 0 1 0 0 0 0 1 0 0 0 0 0
200	2	1 0 1 1 0 0 0 0 0 1 1 0 0 0 0 0
200	32	1 0 1 1 0 0 1 0 1 0 0 0 0 1 0 0
200	27	1 0 1 1 0 0 1 0 0 1 1 0 0 1 0 0
200	45	1 0 1 1 0 0 1 0 0 0 0 0 0 0 0 0
200	1	0 1 1 1 0 0 1 0 1 0 0 0 0 0 0 0
200	34	1 0 0 1 0 0 1 0 1 0 1 0 0 0 0 0
200	2	1 0 0 1 0 0 1 0 1 0 0 0 1 0 0 0
200	23	0 1 1 1 0 1 0 0 0 0 1 0 0 0 0 0
200	11	1 1 1 0 0 0 0 0 0 0 1 0 0 0 0 0
200	8	1 0 1 1 0 0 1 0 1 0 0 0 0 0 0 1
200	11	1 0 0 0 0 1 0 0 0 1 1 0 0 0 0 0
200	10	1 0 1 1 0 0 0 0 1 0 0 0 0 0 0 0
200	15	1 0 1 1 1 0 1 0 0 0 1 0 0 1 0 0
200	2	1 0 1 1 0 0 1 0 1 0 0 0 0 1 0 1
200	11	0 1 1 1 0 0 1 1 1 0 0 0 0 0 0 0
200	15	1 1 1 1 0 1 0 0 0 0 1 0 0 0 0 1
200	19	1 0 0 1 0 0 1 0 1 0 0 1 1 0 0 0
200	31	1 1 1 1 0 0 0 0 0 1 1 0 0 0 0 0
200	7	0 1 1 1 0 0 1 0 0 0 0 0 0 0 0 0
200	4	1 1 1 1 0 0 0 0 1 0 0 0 0 0 0 0
200	3	1 0 1 1 0 0 1 0 0 0 1 0 0 0 0 0
200	31	1 0 0 1 0 0 1 0 1 0 1 0 0 0 0 1
200	20	0 0 1 1 0 0 0 0 0 0 1 0 0 0 1 0
200	18	1 1 1 1 1 0 0 0 0 0 1 0 0 0 0 0
200	1	0 0 1 1 0 0 0 0 0 0 1 0 0 1 0 0
200	1	0 0 0 1 0 0 0 0 0 0 1 0 0 0 1 0
200	1	1 0 1 1 0 0 1 0 0 0 1 0 0 0 1 0
200	6	1 0 1 1 0 0 1 0 1 0 0 0 1 0 0 0
200	11	1 0 1 1 0 0 0 0 0 0 1 1 0 0 0 0
200	2	1 0 0 1 0 1 0 0 0 1 1 0 0 0 0 0
200	27	0 0 1 1 0 0 1 1 1 0 1 0 0 1 0 0
200	12	1 0 1 1 0 0 1 0 1 0 1 0 0 0 0 0
200	6	1 1 1 1 0 0 0 0 1 0 0 0 0 0 0 1
200	5	1 0 1 1 0 0 1 0 1 1 0 0 0 0 0 0
200	4	1 1 1 1 0 1 0 0 1 0 1 0 0 0 0 1
200	12	1 0 1 1 0 0 1 0 0 0 0 0 0 1 1 0
200	1	1 0 1 1 0 0 1 0 1 1 1 0 0 1 0 0
200	3	1 0 1 1 0 0 1 0 0 1 1 1 0 1 0 0
200	3	1 0 1 1 0 1 0 1 0 0 0 0 0 1 0 0
200	14	1 1 1 1 0 0 1 0 0 1 1 0 0 1 0 0
200	4	1 0 1 1 1 0 1 0 1 0 0 0 0 0 0 0
200	11	0 1 1 1 0 0 1 0 1 0 0 0 0 1 0 0
200	7	1 1 1 1 0 0 0 0 0 0 1 0 0 1 0 0
200	12	1 1 1 1 0 0 1 0 1 0 0 0 0 0 0 0
200	1	0 1 1 1 0 0 1 0 1 0 0 0 0 0 0 1
200	3	0 1 1 1 0 1 0 0 0 0 1 0 0 0 1 0
200	17	1 1 1 1 1 0 0 0 0 1 1 0 0 0 0 0
200	6	1 1 0 1 0 0 0 0 0 0 1 0 0 0 0 0
200	2	0 0 1 1 0 0 1 0 1 0 0 0 0 0 1 0
200	3	1 0 1 1 0 0 1 0 1 0 1 0 0 0 0 1
200	2	1 0 1 1 0 0 1 0 0 0 1 0 0 1 0 0
200	9	1 0 1 1 0 0 1 0 1 1 0 0 0 0 0 1
200	2	0 0 1 1 0 0 0 0 0 0 1 0 0 1 1 0
200	2	0 1 0 1 0 0 0 0 1 0 1 1 0 0 0 0
200	8	1 0 1 1 0 1 1 0 0 0 0 0 0 0 0 0
200	1	1 1 1 1 0 0 0 0 0 0 1 0 0 0 0 1
200	6	1 1 1 0 0 0 1 0 1 0 1 0 0 0 0 1
200	1	1 0 0 1 0 0 1 0 1 0 0 0 0 1 0 0
200	2	1 1 0 1 0 0 0 0 0 0 0 0 0 0 0 0
200	3	0 0 1 1 0 0 1 0 0 0 1 0 0 0 0 0
200	1	1 1 1 1 0 1 0 0 0 0 1 0 0 0 1 1
200	2	0 1 1 1 0 0 0 0 0 0 1 0 0 0 1 0
200	1	0 0 1 1 0 0 1 0 0 0 0 0 0 1 1 0
200	1	0 0 0 1 0 0 0 0 0 0 0 0 0 0 0 0
200	2	1 1 1 1 0 0 0 0 0 0 1 0 1 0 0 0
200	3	1 0 1 1 0 0 0 0 1 0 0 0 0 1 0 0
200	3	0 0 0 1 0 0 1 0 1 0 0 1 1 0 0 0
200	4	0 1 1 1 0 1 0 0 0 0 1 0 1 0 0 0
200	3	1 0 1 1 0 0 1 0 1 0 0 0 1 0 0 1
200	2	0 1 1 1 0 0 1 0 1 0 0 1 0 0 0 1
200	1	1 0 0 1 0 0 1 0 1 0 1 0 0 1 0 0
200	1	1 0 1 1 0 0 1 0 1 0 0 1 0 0 0 1
200	3	1 1 1 1 0 0 0 0 0 0 1 0 0 0 1 0
200	1	1 1 1 1 0 0 1 0 1 0 1 0 0 0 0 1
200	2	0 0 0 1 0 0 1 0 0 0 1 0 0 0 0 0
200	2	1 1 1 1 0 0 1 1 0 1 1 0 0 1 0 0
200	1	1 1 1 1 0 0 1 0 0 1 1 0 0 0 0 0
200	1	0 0 1 1 0 1 0 0 0 0 1 0 0 0 1 0
200	2	1 1 1 1 1 0 0 0 0 1 1 0 0 0 1 0
200	1	1 1 0 1 0 0 1 0 0 0 0 0 0 0 0 0
210	16	0 0 0 1 0 0 0 0 0 0 1 0 0 0 0 0
210	19	1 0 0 1 0 0 1 0 1 0 0 0 0 0 0 0
210	24	0 0 1 1 0 0 0 0 0 0 1 0 0 0 0 0
210	115	1 0 1 1 0 0 1 0 1 0 0 0 0 0 0 0
210	162	1 1 1 1 0 0 0 0 0 0 1 0 0 0 0 0
210	24	0 0 1 1 0 0 1 0 0 0 0 0 0 0 0 0
210	23	1 0 1 1 0 0 0 0 0 0 1 0 0 0 0 0
210	5	0 1 0 1 0 0 0 0 0 0 1 1 0 0 0 0
210	2	1 0 1 1 0 0 0 0 0 1 1 0 0 0 0 0
210	29	1 0 1 1 0 0 1 0 1 0 0 0 0 1 0 0
210	16	1 0 1 1 0 0 1 0 0 1 1 0 0 1 0 0
210	50	1 0 1 1 0 0 1 0 0 0 0 0 0 0 0 0
210	9	0 1 1 1 0 0 1 0 1 0 0 0 0 0 0 0
210	25	1 0 0 1 0 0 1 0 1 0 1 0 0 0 0 0
210	15	0 1 1 1 0 1 0 0 0 0 1 0 0 0 0 0
210	15	1 1 1 0 0 0 0 0 0 0 1 0 0 0 0 0
210	15	1 0 1 1 0 0 1 0 1 0 0 0 0 0 0 1
210	18	1 0 1 1 0 0 0 0 1 0 0 0 0 0 0 0
210	5	1 0 1 1 1 0 1 0 0 0 1 0 0 1 0 0
210	8	0 1 1 1 0 0 1 1 1 0 0 0 0 0 0 0
210	6	1 1 1 1 0 1 0 0 0 0 1 0 0 0 0 1
210	10	1 0 0 1 0 0 1 0 1 0 0 1 1 0 0 0
210	28	1 1 1 1 0 0 0 0 0 1 1 0 0 0 0 0
210	2	1 1 1 1 0 0 0 0 1 0 0 0 0 0 0 0
210	29	1 0 0 1 0 0 1 0 1 0 1 0 0 0 0 1
210	8	0 0 1 1 0 0 0 0 0 0 1 0 0 0 1 0
210	20	1 1 1 1 1 0 0 0 0 0 1 0 0 0 0 0
210	19	1 0 1 1 0 0 0 0 0 0 1 1 0 0 0 0
210	5	0 0 1 1 0 0 1 1 1 0 1 0 0 1 0 0
210	3	1 0 1 1 0 0 1 0 1 0 1 0 0 0 0 0
210	3	1 1 1 1 0 1 0 0 1 0 1 0 0 0 0 1
210	2	1 0 1 1 0 0 1 0 0 0 0 0 0 1 1 0
210	11	1 0 1 1 0 1 0 1 0 0 0 0 0 1 0 0
210	23	1 1 1 1 0 0 1 0 0 1 1 0 0 1 0 0
210	16	1 0 1 1 1 0 1 0 1 0 0 0 0 0 0 0
210	5	0 1 1 1 0 0 1 0 1 0 0 0 0 1 0 0
210	6	1 1 1 1 0 0 0 0 0 0 1 0 0 1 0 0
210	1	1 1 1 1 0 0 1 0 1 0 0 0 0 0 0 0
210	37	1 1 1 1 1 0 0 0 0 1 1 0 0 0 0 0
210	1	1 0 1 1 0 0 1 0 0 0 1 0 0 1 0 0
210	1	1 0 1 1 0 1 1 0 0 0 0 0 0 0 0 0
210	6	1 0 0 1 0 0 1 0 1 0 0 0 0 1 0 0
210	3	0 0 0 1 0 0 0 0 0 0 0 0 0 0 0 0
210	2	1 1 1 1 0 0 0 0 0 0 1 0 1 0 0 0
210	1	1 0 1 1 0 0 0 0 1 0 0 0 0 1 0 0
210	10	1 0 1 1 0 0 1 0 1 0 0 0 1 0 0 1
210	4	0 1 1 1 0 0 1 0 1 0 0 1 0 0 0 1
210	12	0 0 0 1 0 0 1 0 0 0 1 0 0 0 0 0
210	7	0 1 1 1 0 0 0 0 0 0 1 0 0 0 0 0
210	3	1 0 0 1 0 1 0 0 0 0 1 0 0 0 0 0
210	1	1 0 1 1 0 0 1 0 1 0 1 0 0 0 0 1
210	6	0 1 1 1 0 1 0 0 0 0 1 0 0 0 0 1
210	19	1 1 1 1 0 0 0 0 0 0 1 1 0 0 0 0
210	9	1 1 1 1 0 0 0 1 1 0 0 0 0 0 0 0
210	1	1 1 1 1 0 1 1 0 0 0 0 0 0 0 0 0
210	1	1 0 1 1 0 0 1 0 0 0 0 1 0 0 0 0
210	3	1 1 1 0 0 1 0 0 0 0 1 0 0 0 0 1
210	5	1 1 1 1 0 0 0 1 0 1 1 0 0 0 0 0
210	7	1 1 1 1 0 0 0 0 0 1 1 0 0 1 0 0
210	3	1 0 0 1 0 0 1 0 1 0 0 0 0 0 0 1
210	10	1 1 1 1 0 0 0 0 0 0 1 0 0 0 0 1
210	4	1 0 1 1 0 0 0 0 1 0 1 0 0 0 0 0
210	3	1 0 1 1 0 1 1 0 0 0 0 1 0 0 0 0
210	2	1 0 1 1 0 0 1 0 0 0 1 0 0 0 0 0
210	3	1 0 1 1 0 0 0 0 0 0 1 0 1 0 0 0
210	1	0 1 1 1 0 0 1 0 0 0 0 0 0 0 1 0
210	1	1 0 1 1 0 0 0 0 1 0 1 0 0 0 0 1
210	3	1 1 1 1 0 0 0 0 0 0 0 0 0 0 0 0
210	1	1 0 1 1 0 0 1 0 1 0 0 0 0 1 1 0
210	4	1 1 1 1 1 0 0 0 0 0 1 0 0 1 0 0
210	3	1 1 1 1 1 0 1 0 0 0 1 0 0 1 0 0
210	5	1 1 0 1 0 0 1 0 1 0 1 0 0 0 0 1
210	1	0 0 0 1 0 0 1 0 1 0 0 0 0 0 0 0
210	1	0 1 1 1 0 1 0 1 0 0 1 0 0 0 0 0
210	2	1 0 1 1 0 0 0 0 1 0 0 0 0 0 0 1
210	3	1 0 0 1 0 0 1 0 0 0 1 0 0 0 0 1
210	2	0 0 0 1 0 0 1 0 1 0 1 0 0 0 0 1
210	1	0 0 1 1 0 0 0 0 0 0 1 1 0 0 0 0
210	3	1 0 1 1 0 0 0 0 0 0 0 1 0 0 0 0
210	3	1 0 1 1 1 0 1 0 0 0 1 0 0 0 0 0
210	1	1 1 1 1 0 0 0 0 0 0 1 1 0 0 0 1
210	1	1 0 1 1 0 0 1 0 0 0 1 0 0 0 0 1
210	2	1 1 1 1 0 0 0 0 0 0 1 0 0 0 1 0
210	1	1 0 0 1 0 0 1 0 1 0 0 0 1 0 0 0
210	1	1 1 1 1 0 0 0 0 0 1 0 0 0 0 0 0
210	1	1 0 0 1 0 0 1 0 1 1 1 0 0 0 0 1
210	1	0 1 1 1 1 1 0 0 0 0 1 0 0 0 0 1
210	2	0 1 1 1 0 0 0 0 0 0 0 0 0 0 0 0
220	14	0 0 0 1 0 0 0 0 0 0 1 0 0 0 0 0
220	10	1 0 0 1 0 0 1 0 1 0 0 0 0 0 0 0
220	31	0 0 1 1 0 0 0 0 0 0 1 0 0 0 0 0
220	96	1 0 1 1 0 0 1 0 1 0 0 0 0 0 0 0
220	175	1 1 1 1 0 0 0 0 0 0 1 0 0 0 0 0
220	15	0 0 1 1 0 0 1 0 0 0 0 0 0 0 0 0
220	22	1 0 1 1 0 0 0 0 0 0 1 0 0 0 0 0
220	18	1 0 1 1 0 0 0 0 0 1 1 0 0 0 0 0
220	13	1 0 1 1 0 0 1 0 1 0 0 0 0 1 0 0
220	2	1 0 1 1 0 0 1 0 0 1 1 0 0 1 0 0
220	27	1 0 1 1 0 0 1 0 0 0 0 0 0 0 0 0
220	14	0 1 1 1 0 0 1 0 1 0 0 0 0 0 0 0
220	61	1 0 0 1 0 0 1 0 1 0 1 0 0 0 0 0
220	13	0 1 1 1 0 1 0 0 0 0 1 0 0 0 0 0
220	9	1 1 1 0 0 0 0 0 0 0 1 0 0 0 0 0
220	20	1 0 1 1 0 0 1 0 1 0 0 0 0 0 0 1
220	7	1 0 1 1 0 0 0 0 1 0 0 0 0 0 0 0
220	8	1 1 1 1 0 1 0 0 0 0 1 0 0 0 0 1
220	1	1 0 0 1 0 0 1 0 1 0 0 1 1 0 0 0
220	5	1 1 1 1 0 0 0 0 0 1 1 0 0 0 0 0
220	4	1 1 1 1 0 0 0 0 1 0 0 0 0 0 0 0
220	5	1 0 0 1 0 0 1 0 1 0 1 0 0 0 0 1
220	10	0 0 1 1 0 0 0 0 0 0 1 0 0 0 1 0
220	6	1 1 1 1 1 0 0 0 0 0 1 0 0 0 0 0
220	13	1 0 1 1 0 0 0 0 0 0 1 1 0 0 0 0
220	3	0 0 1 1 0 0 1 1 1 0 1 0 0 1 0 0
220	7	1 0 1 1 0 0 1 0 1 0 1 0 0 0 0 0
220	8	1 1 1 1 0 1 0 0 1 0 1 0 0 0 0 1
220	28	1 1 1 1 0 0 1 0 0 1 1 0 0 1 0 0
220	20	1 0 1 1 1 0 1 0 1 0 0 0 0 0 0 0
220	11	0 1 1 1 0 0 1 0 1 0 0 0 0 1 0 0
220	8	1 1 1 1 0 0 0 0 0 0 1 0 0 1 0 0
220	22	1 1 1 1 0 0 1 0 1 0 0 0 0 0 0 0
220	82	1 1 1 1 1 0 0 0 0 1 1 0 0 0 0 0
220	8	1 0 0 1 0 0 1 0 1 0 0 0 0 1 0 0
220	4	1 1 1 1 0 0 0 0 0 0 1 0 1 0 0 0
220	12	1 0 1 1 0 0 1 0 1 0 0 0 1 0 0 1
220	11	0 0 0 1 0 0 1 0 0 0 1 0 0 0 0 0
220	2	0 1 1 1 0 0 0 0 0 0 1 0 0 0 0 0
220	4	0 1 1 1 0 1 0 0 0 0 1 0 0 0 0 1
220	16	1 1 1 1 0 0 0 0 0 0 1 1 0 0 0 0
220	23	1 1 1 1 0 0 0 1 1 0 0 0 0 0 0 0
220	2	1 1 1 1 0 0 0 0 0 1 1 0 0 1 0 0
220	4	1 1 1 1 0 0 0 0 0 0 1 0 0 0 0 1
220	1	1 0 1 1 0 0 0 0 1 0 1 0 0 0 0 0
220	7	1 0 1 1 0 0 1 0 0 0 1 0 0 0 0 0
220	2	1 0 1 1 0 0 0 0 0 0 1 0 1 0 0 0
220	3	1 1 1 1 1 0 0 0 0 0 1 0 0 1 0 0
220	4	0 0 0 1 0 0 1 0 1 0 0 0 0 0 0 0
220	1	0 1 1 1 0 1 0 1 0 0 1 0 0 0 0 0
220	1	0 0 1 1 0 0 0 0 0 0 1 1 0 0 0 0
220	10	1 0 1 1 1 0 1 0 0 0 1 0 0 0 0 0
220	5	1 1 1 1 0 0 0 0 0 0 1 0 0 0 1 0
220	1	1 1 1 1 0 0 1 0 1 0 0 0 0 1 0 0
220	2	0 0 0 1 0 0 1 0 0 0 1 0 0 0 0 1
220	2	1 1 1 1 0 1 1 0 0 1 1 0 0 1 0 0
220	2	1 0 0 1 0 0 1 0 1 1 1 0 0 0 0 0
220	1	1 1 1 1 0 0 1 0 0 0 0 0 0 0 0 0
220	1	1 1 1 1 1 0 0 1 0 1 1 0 0 0 0 0
220	1	1 0 1 1 0 0 1 0 1 0 0 1 0 0 0 0
220	5	1 1 1 1 1 0 0 0 0 0 1 0 0 0 1 0
220	2	1 1 1 1 1 0 0 0 1 1 1 0 0 0 0 0
220	1	1 1 1 1 0 0 0 1 0 0 0 0 0 0 0 0
220	1	1 1 1 0 0 0 0 0 0 0 0 0 0 0 0 0
220	3	1 0 1 1 1 0 1 0 0 0 0 0 0 0 0 0
220	1	1 1 1 1 0 1 0 0 0 0 1 0 1 0 0 1
220	3	0 0 0 1 0 0 1 0 0 0 1 1 0 0 0 0
220	5	0 0 0 1 0 0 1 0 1 0 0 0 0 1 0 0
220	2	1 1 0 1 0 0 0 0 0 0 1 0 0 0 0 0
220	9	1 1 1 1 0 0 0 0 1 0 1 0 0 1 0 0
220	2	1 1 1 1 1 0 0 0 0 1 1 0 0 0 0 1
220	1	0 0 1 1 0 0 1 0 1 1 0 0 0 1 0 0
220	5	0 0 1 1 0 0 0 0 0 0 0 0 0 0 0 0
220	5	1 0 0 1 0 0 1 1 1 0 1 0 0 0 0 0
220	7	1 1 1 1 0 1 0 0 0 0 1 0 0 0 1 1
220	2	1 0 0 1 0 0 1 0 1 0 0 0 0 0 0 1
220	2	1 0 1 1 1 0 0 0 0 1 1 0 0 0 0 0
220	1	0 0 0 1 0 1 0 0 0 0 1 0 0 0 0 0
220	2	1 0 1 1 0 0 1 0 0 0 0 0 0 0 1 0
220	1	1 1 1 1 1 0 0 0 0 1 1 0 1 0 0 0
220	3	1 1 0 1 1 0 0 0 0 1 1 0 0 0 0 0
220	2	1 1 1 1 0 0 1 0 0 0 1 0 0 0 0 0
220	1	1 1 1 0 0 0 0 0 0 1 1 0 0 0 0 0
220	1	1 1 1 1 1 0 0 0 0 1 1 0 0 1 0 0
220	1	1 1 1 1 1 0 0 0 0 0 1 0 0 0 0 1
220	2	0 0 1 1 0 0 1 0 1 0 0 0 0 0 0 0
220	1	0 1 1 1 0 1 0 0 0 0 1 0 1 0 0 0
220	4	0 1 1 1 0 1 0 0 0 1 1 0 0 0 0 0
220	3	0 1 1 1 0 0 1 0 0 1 1 0 0 1 0 0
220	1	1 1 1 1 0 0 0 0 0 0 1 0 1 1 0 0
220	3	0 1 1 1 0 0 1 0 0 0 0 0 0 0 0 0
230	13	0 0 0 1 0 0 0 0 0 0 1 0 0 0 0 0
230	9	1 0 0 1 0 0 1 0 1 0 0 0 0 0 0 0
230	35	0 0 1 1 0 0 0 0 0 0 1 0 0 0 0 0
230	63	1 0 1 1 0 0 1 0 1 0 0 0 0 0 0 0
230	108	1 1 1 1 0 0 0 0 0 0 1 0 0 0 0 0
230	17	1 0 1 1 0 0 0 0 0 0 1 0 0 0 0 0
230	6	1 0 1 1 0 0 0 0 0 1 1 0 0 0 0 0
230	7	1 0 1 1 0 0 1 0 1 0 0 0 0 1 0 0
230	6	1 0 1 1 0 0 1 0 0 0 0 0 0 0 0 0
230	8	0 1 1 1 0 0 1 0 1 0 0 0 0 0 0 0
230	21	1 0 0 1 0 0 1 0 1 0 1 0 0 0 0 0
230	18	0 1 1 1 0 1 0 0 0 0 1 0 0 0 0 0
230	8	1 1 1 0 0 0 0 0 0 0 1 0 0 0 0 0
230	22	1 0 1 1 0 0 1 0 1 0 0 0 0 0 0 1
230	5	1 1 1 1 0 1 0 0 0 0 1 0 0 0 0 1
230	10	1 1 1 1 0 0 0 0 0 1 1 0 0 0 0 0
230	19	1 1 1 1 1 0 0 0 0 0 1 0 0 0 0 0
230	30	1 0 1 1 0 0 0 0 0 0 1 1 0 0 0 0
230	10	1 0 1 1 0 0 1 0 1 0 1 0 0 0 0 0
230	12	1 1 1 1 0 1 0 0 1 0 1 0 0 0 0 1
230	21	1 1 1 1 0 0 1 0 0 1 1 0 0 1 0 0
230	11	1 0 1 1 1 0 1 0 1 0 0 0 0 0 0 0
230	4	1 1 1 1 0 0 0 0 0 0 1 0 0 1 0 0
230	86	1 1 1 1 0 0 1 0 1 0 0 0 0 0 0 0
230	126	1 1 1 1 1 0 0 0 0 1 1 0 0 0 0 0
230	8	1 0 0 1 0 0 1 0 1 0 0 0 0 1 0 0
230	7	1 0 1 1 0 0 1 0 1 0 0 0 1 0 0 1
230	6	0 0 0 1 0 0 1 0 0 0 1 0 0 0 0 0
230	4	0 1 1 1 0 0 0 0 0 0 1 0 0 0 0 0
230	2	1 1 1 1 0 0 0 0 0 0 1 1 0 0 0 0
230	33	1 1 1 1 0 0 0 1 1 0 0 0 0 0 0 0
230	15	1 1 1 1 1 0 0 0 0 0 1 0 0 1 0 0
230	13	0 0 0 1 0 0 1 0 1 0 0 0 0 0 0 0
230	24	1 0 1 1 1 0 1 0 0 0 1 0 0 0 0 0
230	5	1 1 1 1 0 0 1 0 1 0 0 0 0 1 0 0
230	1	1 0 0 1 0 0 1 0 1 1 1 0 0 0 0 0
230	15	1 1 1 1 1 0 0 0 1 1 1 0 0 0 0 0
230	2	0 0 0 1 0 0 1 0 1 0 0 0 0 1 0 0
230	6	1 1 1 1 1 0 0 0 0 1 1 0 0 0 0 1
230	9	1 1 1 1 0 1 0 0 0 0 1 0 0 0 1 1
230	7	1 0 0 1 0 0 1 0 1 0 0 0 0 0 0 1
230	2	0 0 0 1 0 1 0 0 0 0 1 0 0 0 0 0
230	5	1 1 1 1 0 0 1 0 0 0 1 0 0 0 0 0
230	1	0 0 1 1 0 0 1 0 1 0 0 0 0 0 0 0
230	1	0 1 1 1 0 0 1 0 0 1 1 0 0 1 0 0
230	2	1 1 1 1 0 0 0 0 0 0 1 0 1 1 0 0
230	15	1 1 1 1 1 0 1 0 1 0 0 0 0 0 0 0
230	1	1 1 1 1 0 1 0 0 0 0 1 0 0 0 0 0
230	9	1 0 1 1 1 0 1 0 1 0 0 0 1 0 0 0
230	7	1 1 1 1 1 0 0 0 0 1 0 0 0 0 0 0
230	5	1 0 1 1 0 0 1 0 0 0 0 0 0 0 0 1
230	6	1 0 0 1 1 0 1 0 1 0 0 0 0 1 0 0
230	1	1 1 1 1 0 0 0 1 1 0 0 0 0 1 0 0
230	14	1 1 1 1 0 0 1 1 1 0 0 0 0 0 0 0
230	3	0 1 1 1 0 0 1 0 0 1 1 0 0 1 0 1
230	8	1 1 1 1 1 0 0 0 0 1 1 0 0 1 0 0
230	1	1 1 1 1 1 0 0 0 0 1 1 1 0 0 0 0
230	5	1 0 0 1 0 0 1 0 0 0 1 0 0 0 0 0
230	7	0 0 0 1 0 0 0 0 1 0 1 0 0 0 0 0
230	4	0 0 0 1 0 0 0 0 0 0 1 1 0 0 0 0
230	2	1 1 1 1 0 1 1 0 1 0 1 0 0 0 0 1
230	3	1 0 1 1 0 1 0 0 1 0 1 0 0 0 0 1
230	2	1 0 1 1 0 0 0 0 0 0 0 0 0 0 0 1
230	4	1 1 0 1 0 0 0 0 0 0 1 1 0 0 0 0
230	4	1 1 1 1 0 1 1 0 1 0 1 0 0 0 1 1
230	1	1 0 1 1 0 0 1 0 1 1 1 0 0 1 0 0
230	5	1 0 1 1 0 0 1 0 1 1 1 0 0 0 0 0
230	1	1 0 0 1 0 0 0 0 0 0 1 1 0 0 0 0
230	5	0 0 0 1 0 0 1 0 1 1 1 0 0 0 0 0
230	1	1 1 0 1 0 0 0 0 0 0 1 0 0 0 0 0
230	2	1 1 1 1 1 0 0 0 0 1 1 0 0 0 1 0
230	2	1 1 1 1 0 0 0 0 0 0 1 0 0 0 0 1
230	1	1 1 1 1 0 0 1 0 1 0 1 0 0 0 0 0
230	1	1 1 1 1 1 0 0 0 1 1 0 0 0 1 0 0
230	2	1 0 1 0 0 0 1 0 1 0 0 0 0 0 0 0
230	2	0 1 1 1 0 1 0 0 0 1 1 0 0 0 0 0
230	2	1 0 1 1 1 0 0 0 0 0 1 1 0 0 0 0
230	4	1 1 1 1 0 0 1 0 1 0 0 0 1 0 0 0
230	2	0 0 0 0 0 0 1 0 0 0 1 0 0 0 0 0
230	4	0 1 1 1 0 0 0 1 0 0 1 0 0 0 0 0
230	1	1 1 1 1 1 0 0 0 0 1 0 1 0 0 0 0
230	1	0 0 1 1 0 0 0 0 0 1 1 0 0 1 0 0
230	1	1 0 1 1 0 0 0 1 0 0 1 0 0 0 0 0
230	1	0 1 1 1 0 0 1 0 1 0 0 0 1 0 0 0
230	1	1 1 1 1 0 0 1 0 0 1 1 0 0 0 0 0
230	1	1 0 1 1 1 0 1 0 1 0 0 0 0 1 0 0
230	2	1 0 0 1 0 0 0 0 0 0 1 0 0 0 0 0
230	1	1 0 1 1 0 0 1 1 1 0 0 0 0 0 0 0
230	1	1 0 1 1 0 0 1 0 1 1 0 0 0 0 0 0
230	2	1 1 1 1 0 0 0 0 1 0 1 0 0 0 0 0
230	1	0 1 1 1 0 1 0 0 0 0 1 0 1 0 0 0
230	2	1 1 1 1 0 1 0 0 1 0 0 0 0 0 0 0
230	1	0 1 1 1 0 0 0 0 0 0 1 0 0 0 0 1
230	1	1 1 0 1 1 0 0 0 1 1 1 0 0 0 0 0
230	2	0 0 0 1 0 0 1 0 0 0 0 0 0 1 0 0
230	1	1 1 1 1 0 0 1 1 1 0 1 0 0 0 0 0
230	1	0 0 0 1 0 0 0 0 1 1 1 0 0 0 0 0
240	5	0 0 0 1 0 0 0 0 0 0 1 0 0 0 0 0
240	11	1 0 0 1 0 0 1 0 1 0 0 0 0 0 0 0
240	6	0 0 1 1 0 0 0 0 0 0 1 0 0 0 0 0
240	81	1 0 1 1 0 0 1 0 1 0 0 0 0 0 0 0
240	90	1 1 1 1 0 0 0 0 0 0 1 0 0 0 0 0
240	3	1 0 1 1 0 0 0 0 0 0 1 0 0 0 0 0
240	4	1 0 0 1 0 0 1 0 1 0 1 0 0 0 0 0
240	8	0 1 1 1 0 1 0 0 0 0 1 0 0 0 0 0
240	9	1 1 1 0 0 0 0 0 0 0 1 0 0 0 0 0
240	24	1 0 1 1 0 0 1 0 1 0 0 0 0 0 0 1
240	3	1 1 1 1 0 1 0 0 0 0 1 0 0 0 0 1
240	4	1 1 1 1 0 0 0 0 0 1 1 0 0 0 0 0
240	10	1 1 1 1 1 0 0 0 0 0 1 0 0 0 0 0
240	14	1 0 1 1 0 0 0 0 0 0 1 1 0 0 0 0
240	16	1 0 1 1 0 0 1 0 1 0 1 0 0 0 0 0
240	16	1 1 1 1 0 0 1 0 0 1 1 0 0 1 0 0
240	12	1 0 1 1 1 0 1 0 1 0 0 0 0 0 0 0
240	7	1 1 1 1 0 0 0 0 0 0 1 0 0 1 0 0
240	102	1 1 1 1 0 0 1 0 1 0 0 0 0 0 0 0
240	144	1 1 1 1 1 0 0 0 0 1 1 0 0 0 0 0
240	8	1 0 0 1 0 0 1 0 1 0 0 0 0 1 0 0
240	5	1 0 1 1 0 0 1 0 1 0 0 0 1 0 0 1
240	18	1 1 1 1 0 0 0 0 0 0 1 1 0 0 0 0
240	59	1 1 1 1 0 0 0 1 1 0 0 0 0 0 0 0
240	15	1 1 1 1 1 0 0 0 0 0 1 0 0 1 0 0
240	3	1 0 1 1 1 0 1 0 0 0 1 0 0 0 0 0
240	22	1 1 1 1 0 0 1 0 1 0 0 0 0 1 0 0
240	4	1 1 1 1 1 0 0 0 1 1 1 0 0 0 0 0
240	3	1 1 1 1 1 0 0 0 0 1 1 0 0 0 0 1
240	5	1 1 1 1 0 1 0 0 0 0 1 0 0 0 1 1
240	2	1 0 0 1 0 0 1 0 1 0 0 0 0 0 0 1
240	3	0 0 1 1 0 0 1 0 1 0 0 0 0 0 0 0
240	2	0 1 1 1 0 0 1 0 0 1 1 0 0 1 0 0
240	1	1 1 1 1 1 0 1 0 1 0 0 0 0 0 0 0
240	8	1 0 1 1 1 0 1 0 1 0 0 0 1 0 0 0
240	9	1 1 1 1 1 0 0 0 0 1 0 0 0 0 0 0
240	12	1 0 1 1 0 0 1 0 0 0 0 0 0 0 0 1
240	1	1 1 1 1 0 0 1 1 1 0 0 0 0 0 0 0
240	5	1 1 1 1 1 0 0 0 0 1 1 0 0 1 0 0
240	4	0 0 0 1 0 0 0 0 0 0 1 1 0 0 0 0
240	15	1 1 1 1 0 1 1 0 1 0 1 0 0 0 0 1
240	21	1 0 1 1 0 1 0 0 1 0 1 0 0 0 0 1
240	2	1 0 0 1 0 0 0 0 0 0 1 1 0 0 0 0
240	4	1 1 0 1 0 0 0 0 0 0 1 0 0 0 0 0
240	5	1 1 1 1 0 0 1 0 1 0 1 0 0 0 0 0
240	10	1 1 1 1 0 0 1 0 1 0 0 0 1 0 0 0
240	2	0 1 1 1 0 0 1 0 1 0 0 0 1 0 0 0
240	3	1 0 1 1 0 0 1 1 1 0 0 0 0 0 0 0
240	9	1 1 1 1 0 0 0 0 1 0 1 0 0 0 0 0
240	18	1 0 1 1 1 0 0 0 0 1 1 0 0 0 0 0
240	4	0 1 1 1 0 0 0 1 1 0 0 0 0 0 0 0
240	4	1 1 1 1 1 1 0 0 0 0 1 0 0 0 0 0
240	3	1 1 0 1 0 1 0 0 1 0 1 0 0 0 0 1
240	9	1 0 1 1 0 0 1 0 0 1 1 0 0 0 0 0
240	2	1 0 1 1 0 0 1 0 1 0 0 0 1 0 0 0
240	5	1 1 1 1 1 1 1 0 1 0 0 0 0 0 0 0
240	5	1 0 1 1 0 0 1 1 0 0 0 0 0 0 0 1
240	10	1 1 1 0 0 0 1 1 1 0 0 0 0 0 0 0
240	2	1 1 1 1 1 0 0 1 1 0 0 0 0 0 1 0
240	8	1 1 1 1 0 0 0 0 0 0 1 0 0 0 0 1
240	5	0 0 0 1 1 0 0 0 0 0 1 0 0 0 0 0
240	1	1 0 1 1 0 0 1 0 1 1 0 0 0 0 0 0
240	10	0 0 1 1 0 0 0 0 0 0 1 1 0 0 0 0
240	1	1 0 0 1 0 0 1 0 1 0 0 1 0 1 0 0
240	4	1 1 1 1 0 0 1 0 1 0 0 0 0 0 0 1
240	1	1 1 1 1 0 0 0 0 1 0 0 0 0 0 0 0
240	1	1 0 0 1 0 0 0 0 1 0 1 0 0 0 0 0
240	4	1 0 1 1 0 0 1 0 0 0 1 0 0 0 0 0
240	2	1 0 1 1 1 0 1 1 0 0 1 0 0 0 0 0
240	4	0 0 1 1 0 1 0 0 0 0 1 0 0 0 0 0
240	1	1 1 0 1 1 0 0 0 0 1 0 0 0 0 0 0
240	6	1 1 1 1 0 0 1 0 1 0 1 1 0 0 0 0
240	4	0 0 1 1 0 0 0 0 1 0 1 0 0 0 0 0
240	1	1 1 1 1 0 0 0 0 0 0 1 0 1 0 0 0
240	3	0 0 0 1 0 0 1 0 1 0 1 0 0 0 0 0
240	4	1 1 1 0 0 1 0 0 0 0 1 0 0 0 0 0
240	3	1 1 1 1 0 0 1 0 0 1 1 0 0 0 0 0
240	3	1 1 1 1 0 1 1 0 0 1 1 0 0 1 0 0
240	1	1 1 1 1 0 0 0 0 0 0 0 0 1 0 0 1
240	2	1 0 1 1 1 0 0 0 0 0 1 0 0 0 0 0
240	2	1 0 0 1 0 0 1 0 1 0 0 0 0 1 1 0
240	5	1 1 1 1 0 0 1 0 1 0 0 0 1 1 0 0
240	2	1 1 1 1 0 1 0 0 1 0 1 0 0 0 0 1
240	2	0 0 0 1 1 1 0 0 0 0 1 0 0 0 0 0
240	1	1 0 0 1 1 0 0 0 0 1 1 0 0 0 0 0
240	3	0 1 1 1 1 0 0 0 0 1 1 0 0 0 0 0
240	1	0 0 0 1 0 0 0 0 1 0 1 0 0 0 0 0
240	2	1 0 1 1 1 0 1 0 1 0 0 0 0 0 0 1
240	2	1 0 1 1 0 0 1 0 0 1 1 0 0 1 0 0
240	1	1 1 1 1 1 0 0 0 0 1 1 0 1 0 0 0
240	2	1 0 0 1 0 1 1 0 1 0 0 0 0 1 0 0
240	2	1 0 1 1 1 0 1 0 0 0 0 0 0 0 0 0
240	2	1 0 1 1 0 0 1 0 0 0 0 1 0 0 0 1
240	1	1 0 1 1 0 0 0 0 0 1 1 0 0 1 0 0
240	2	1 1 1 1 0 0 0 1 1 0 0 0 1 0 0 0
240	1	1 1 1 1 1 0 0 0 0 1 1 0 0 0 1 0
240	1	1 1 1 1 1 1 0 0 0 1 1 0 0 0 0 0
240	2	1 1 1 1 1 0 0 1 1 0 0 0 0 0 0 0
240	3	1 1 1 0 0 0 0 1 1 0 0 0 0 0 0 0
240	1	0 1 1 1 0 0 1 0 1 0 1 0 1 0 0 0
240	2	0 1 1 1 0 0 1 0 1 0 0 1 1 0 0 0
250	3	0 0 1 1 0 0 0 0 0 0 1 0 0 0 0 0
250	89	1 0 1 1 0 0 1 0 1 0 0 0 0 0 0 0
250	52	1 1 1 1 0 0 0 0 0 0 1 0 0 0 0 0
250	4	1 0 0 1 0 0 1 0 1 0 1 0 0 0 0 0
250	2	0 1 1 1 0 1 0 0 0 0 1 0 0 0 0 0
250	10	1 1 1 0 0 0 0 0 0 0 1 0 0 0 0 0
250	23	1 0 1 1 0 0 1 0 1 0 0 0 0 0 0 1
250	3	1 1 1 1 0 0 0 0 0 1 1 0 0 0 0 0
250	26	1 1 1 1 1 0 0 0 0 0 1 0 0 0 0 0
250	38	1 0 1 1 0 0 0 0 0 0 1 1 0 0 0 0
250	13	1 0 1 1 0 0 1 0 1 0 1 0 0 0 0 0
250	8	1 0 1 1 1 0 1 0 1 0 0 0 0 0 0 0
250	14	1 1 1 1 0 0 0 0 0 0 1 0 0 1 0 0
250	41	1 1 1 1 0 0 1 0 1 0 0 0 0 0 0 0
250	162	1 1 1 1 1 0 0 0 0 1 1 0 0 0 0 0
250	11	1 0 0 1 0 0 1 0 1 0 0 0 0 1 0 0
250	5	1 0 1 1 0 0 1 0 1 0 0 0 1 0 0 1
250	11	1 1 1 1 0 0 0 0 0 0 1 1 0 0 0 0
250	65	1 1 1 1 0 0 0 1 1 0 0 0 0 0 0 0
250	21	1 1 1 1 1 0 0 0 0 0 1 0 0 1 0 0
250	4	1 1 1 1 0 0 1 0 1 0 0 0 0 1 0 0
250	18	1 1 1 1 1 0 0 0 1 1 1 0 0 0 0 0
250	1	1 1 1 1 1 0 0 0 0 1 1 0 0 0 0 1
250	3	1 1 1 1 0 1 0 0 0 0 1 0 0 0 1 1
250	11	0 1 1 1 0 0 1 0 0 1 1 0 0 1 0 0
250	2	1 0 1 1 1 0 1 0 1 0 0 0 1 0 0 0
250	12	1 1 1 1 1 0 0 0 0 1 0 0 0 0 0 0
250	9	1 0 1 1 0 0 1 0 0 0 0 0 0 0 0 1
250	17	1 1 1 1 0 0 1 1 1 0 0 0 0 0 0 0
250	2	1 1 1 1 1 0 0 0 0 1 1 0 0 1 0 0
250	6	1 1 1 1 0 1 1 0 1 0 1 0 0 0 0 1
250	4	1 0 1 1 0 1 0 0 1 0 1 0 0 0 0 1
250	11	1 1 0 1 0 0 0 0 0 0 1 0 0 0 0 0
250	6	1 1 1 1 0 0 1 0 1 0 1 0 0 0 0 0
250	10	1 0 1 1 0 0 1 1 1 0 0 0 0 0 0 0
250	7	1 0 1 1 1 0 0 0 0 1 1 0 0 0 0 0
250	5	1 1 1 1 1 1 0 0 0 0 1 0 0 0 0 0
250	1	1 0 1 1 0 0 1 0 0 1 1 0 0 0 0 0
250	17	1 1 1 1 1 1 1 0 1 0 0 0 0 0 0 0
250	17	1 1 1 0 0 0 1 1 1 0 0 0 0 0 0 0
250	2	1 1 1 1 0 0 0 0 0 0 1 0 0 0 0 1
250	11	0 0 0 1 1 0 0 0 0 0 1 0 0 0 0 0
250	5	1 1 1 1 0 0 0 0 1 0 0 0 0 0 0 0
250	2	1 0 1 1 0 0 1 0 0 0 1 0 0 0 0 0
250	1	1 1 1 1 0 0 1 0 1 0 1 1 0 0 0 0
250	4	1 1 1 1 0 0 1 0 0 1 1 0 0 0 0 0
250	8	1 1 1 1 0 0 0 0 0 0 0 0 1 0 0 1
250	11	1 1 1 1 0 0 1 0 1 0 0 0 1 1 0 0
250	2	1 1 1 1 0 1 0 0 1 0 1 0 0 0 0 1
250	9	0 1 1 1 1 0 0 0 0 1 1 0 0 0 0 0
250	14	1 0 1 1 0 0 1 0 0 1 1 0 0 1 0 0
250	6	1 0 1 1 0 0 0 0 0 1 1 0 0 1 0 0
250	15	1 1 1 0 0 0 0 1 1 0 0 0 0 0 0 0
250	7	0 1 1 1 0 0 1 0 1 0 1 0 1 0 0 0
250	3	1 1 1 1 1 0 0 0 1 0 1 0 0 0 0 1
250	1	1 0 1 1 0 0 0 0 1 0 0 0 0 0 0 0
250	4	1 1 1 1 1 0 0 0 0 0 0 0 0 0 0 0
250	3	0 0 1 1 0 0 0 0 0 0 1 0 0 1 0 0
250	9	1 0 1 1 0 0 1 1 0 1 1 0 0 0 0 0
250	15	1 1 1 1 0 0 1 0 1 1 1 0 0 0 0 0
250	6	1 0 1 1 0 1 1 0 1 0 1 0 0 0 0 1
250	6	1 0 1 1 1 0 0 0 0 0 1 0 0 1 0 0
250	1	1 0 1 1 0 1 1 0 1 0 0 0 0 1 0 0
250	8	1 0 1 1 0 0 0 0 0 1 0 0 0 0 0 0
250	2	1 1 1 1 0 0 0 1 1 0 0 0 0 0 0 1
250	4	1 1 1 1 1 0 0 0 0 0 1 0 0 0 0 1
250	3	1 0 1 1 0 0 1 0 0 0 0 0 0 1 0 0
250	1	1 0 1 1 0 0 1 0 1 1 0 0 0 0 0 0
250	3	0 1 1 1 0 1 0 0 1 0 1 0 0 0 0 0
250	1	1 1 1 1 1 0 0 0 0 0 1 1 0 0 0 0
250	2	1 0 1 1 0 0 1 0 1 0 0 0 1 0 0 0
250	6	1 0 1 1 0 0 1 0 1 0 0 1 0 0 0 0
250	1	1 0 0 1 0 0 1 0 1 0 0 0 0 0 0 1
250	1	1 0 1 1 0 0 1 0 1 0 0 0 0 0 1 1
250	2	1 0 0 1 1 0 1 0 1 0 0 0 0 0 0 0
250	1	1 0 1 1 1 0 1 0 1 0 0 0 0 1 0 0
250	2	1 1 1 0 0 0 1 0 1 0 0 0 0 0 0 0
250	3	1 1 1 1 1 0 0 0 0 1 1 0 1 0 0 0
250	8	1 1 0 1 1 0 0 0 0 1 1 0 0 0 0 0
250	2	0 1 1 1 1 1 0 0 0 0 1 0 0 0 0 0
250	9	1 0 1 1 0 0 0 0 0 1 1 0 0 1 1 0
250	3	1 0 1 1 0 0 0 0 0 0 1 0 0 0 0 0
250	2	1 0 1 1 0 0 0 0 0 1 1 0 0 0 0 0
250	2	1 1 1 1 0 0 0 1 1 0 1 0 0 0 0 0
250	1	1 0 1 1 1 0 0 0 0 0 1 0 0 0 0 0
250	4	1 1 1 1 0 0 1 0 1 0 0 1 0 0 0 0
250	1	1 1 1 1 1 0 1 0 0 1 1 0 0 0 0 0
250	3	1 1 1 1 0 0 0 1 1 1 0 0 0 0 0 0
250	2	1 1 1 1 1 0 0 1 0 0 1 0 0 1 0 0
250	1	1 1 1 1 1 0 0 0 0 0 1 0 0 0 1 1
250	1	1 1 1 1 0 1 1 0 1 0 1 0 0 0 0 0
250	2	1 1 1 1 0 1 0 0 0 0 1 0 0 0 0 0
250	1	1 1 1 1 0 0 0 0 0 1 0 0 0 0 0 0
250	1	1 1 0 1 0 0 1 0 1 0 0 0 0 0 0 0
250	2	1 1 1 1 1 1 0 0 0 1 1 0 0 0 0 0
250	1	1 1 1 1 0 0 0 1 1 0 0 0 1 0 0 0
250	1	0 1 1 0 0 0 1 0 0 1 1 0 0 1 0 0
250	1	1 0 1 1 1 0 1 0 1 0 0 0 1 0 1 0
250	2	1 0 1 1 0 1 0 0 1 0 1 0 0 0 0 0
250	1	1 1 1 0 0 0 1 1 1 1 0 0 0 0 0 0
260	4	0 0 1 1 0 0 0 0 0 0 1 0 0 0 0 0
260	98	1 0 1 1 0 0 1 0 1 0 0 0 0 0 0 0
260	60	1 1 1 1 0 0 0 0 0 0 1 0 0 0 0 0
260	3	1 0 0 1 0 0 1 0 1 0 1 0 0 0 0 0
260	11	1 1 1 0 0 0 0 0 0 0 1 0 0 0 0 0
260	15	1 0 1 1 0 0 1 0 1 0 0 0 0 0 0 1
260	8	1 1 1 1 0 0 0 0 0 1 1 0 0 0 0 0
260	15	1 1 1 1 1 0 0 0 0 0 1 0 0 0 0 0
260	22	1 0 1 1 0 0 0 0 0 0 1 1 0 0 0 0
260	5	1 0 1 1 0 0 1 0 1 0 1 0 0 0 0 0
260	4	1 0 1 1 1 0 1 0 1 0 0 0 0 0 0 0
260	4	1 1 1 1 0 0 0 0 0 0 1 0 0 1 0 0
260	29	1 1 1 1 0 0 1 0 1 0 0 0 0 0 0 0
260	184	1 1 1 1 1 0 0 0 0 1 1 0 0 0 0 0
260	16	1 1 1 1 0 0 0 0 0 0 1 1 0 0 0 0
260	68	1 1 1 1 0 0 0 1 1 0 0 0 0 0 0 0
260	8	1 1 1 1 1 0 0 0 0 0 1 0 0 1 0 0
260	3	1 1 1 1 0 0 1 0 1 0 0 0 0 1 0 0
260	13	1 1 1 1 1 0 0 0 1 1 1 0 0 0 0 0
260	2	1 1 1 1 1 0 0 0 0 1 1 0 0 0 0 1
260	3	0 1 1 1 0 0 1 0 0 1 1 0 0 1 0 0
260	12	1 1 1 1 1 0 0 0 0 1 0 0 0 0 0 0
260	3	1 0 1 1 0 0 1 0 0 0 0 0 0 0 0 1
260	11	1 1 1 1 0 0 1 1 1 0 0 0 0 0 0 0
260	3	1 1 1 1 0 1 1 0 1 0 1 0 0 0 0 1
260	1	1 0 1 1 0 1 0 0 1 0 1 0 0 0 0 1
260	5	1 1 0 1 0 0 0 0 0 0 1 0 0 0 0 0
260	5	1 0 1 1 1 0 0 0 0 1 1 0 0 0 0 0
260	10	1 1 1 1 1 1 0 0 0 0 1 0 0 0 0 0
260	4	1 1 1 1 1 1 1 0 1 0 0 0 0 0 0 0
260	1	1 1 1 0 0 0 1 1 1 0 0 0 0 0 0 0
260	13	1 1 1 1 0 0 0 0 1 0 0 0 0 0 0 0
260	7	1 1 1 1 0 0 1 0 0 1 1 0 0 0 0 0
260	9	1 1 1 1 0 0 0 0 0 0 0 0 1 0 0 1
260	5	1 1 1 1 0 0 1 0 1 0 0 0 1 1 0 0
260	1	0 1 1 1 1 0 0 0 0 1 1 0 0 0 0 0
260	13	1 0 1 1 0 0 1 0 0 1 1 0 0 1 0 0
260	20	1 0 1 1 0 0 0 0 0 1 1 0 0 1 0 0
260	3	1 1 1 0 0 0 0 1 1 0 0 0 0 0 0 0
260	3	0 1 1 1 0 0 1 0 1 0 1 0 1 0 0 0
260	10	1 0 1 1 0 0 1 1 0 1 1 0 0 0 0 0
260	5	1 1 1 1 0 0 1 0 1 1 1 0 0 0 0 0
260	11	1 0 1 1 0 0 0 0 0 1 0 0 0 0 0 0
260	19	1 1 1 1 0 0 0 1 1 0 0 0 0 0 0 1
260	11	1 1 1 1 1 0 0 0 0 0 1 0 0 0 0 1
260	4	1 0 1 1 0 0 1 0 1 1 0 0 0 0 0 0
260	9	0 1 1 1 0 1 0 0 1 0 1 0 0 0 0 0
260	11	1 0 1 1 0 0 1 0 1 0 0 1 0 0 0 0
260	4	1 1 1 0 0 0 1 0 1 0 0 0 0 0 0 0
260	20	1 1 0 1 1 0 0 0 0 1 1 0 0 0 0 0
260	3	0 1 1 1 1 1 0 0 0 0 1 0 0 0 0 0
260	9	1 0 1 1 0 0 0 0 0 1 1 0 0 1 1 0
260	8	1 1 1 1 0 0 1 0 1 0 0 1 0 0 0 0
260	6	1 1 1 1 0 1 1 0 1 0 1 0 0 0 0 0
260	2	1 1 1 0 0 0 1 1 1 1 0 0 0 0 0 0
260	6	1 1 1 1 0 0 1 0 0 1 1 0 0 1 0 0
260	1	1 1 1 1 1 0 1 0 1 0 0 0 1 1 0 0
260	7	0 1 1 1 0 1 0 0 1 0 1 0 0 0 0 1
260	3	0 1 1 1 0 0 0 0 0 0 1 0 0 0 0 0
260	3	1 1 1 0 0 0 0 0 0 0 0 0 0 0 0 0
260	4	1 1 1 1 0 0 0 1 0 0 1 0 0 1 0 0
260	1	1 1 1 1 0 1 0 0 0 0 1 1 0 0 0 0
260	7	1 1 1 1 1 0 0 0 1 1 1 0 0 0 1 0
260	6	1 1 0 1 0 0 0 0 0 0 1 0 0 1 0 0
260	11	1 0 1 1 1 1 1 0 1 0 0 0 0 0 0 0
260	2	1 0 1 1 0 1 0 0 0 1 1 0 0 1 1 0
260	1	1 1 1 1 1 0 0 1 1 1 0 0 0 0 0 0
260	1	1 1 1 1 0 0 0 0 0 1 1 0 0 1 0 0
260	13	1 0 1 1 0 0 0 1 1 0 0 0 0 0 0 0
260	8	1 1 1 1 1 0 0 1 0 1 1 0 0 0 0 0
260	4	1 1 1 1 0 0 0 1 1 0 0 0 0 0 1 0
260	3	1 1 1 1 0 1 1 0 1 0 1 0 1 0 0 1
260	3	0 1 1 1 1 1 0 0 0 0 1 0 1 0 0 0
260	3	1 1 1 1 1 1 0 1 0 0 1 0 0 0 0 0
260	1	1 0 1 1 0 1 1 0 1 0 1 0 0 0 0 0
260	5	1 1 1 0 1 0 0 0 0 1 1 0 0 0 0 0
260	4	0 1 1 1 0 0 1 0 1 1 1 0 0 1 0 0
260	2	1 1 1 1 0 1 1 0 1 0 0 0 0 0 0 1
260	3	1 1 1 1 0 0 1 0 0 1 0 0 0 0 0 0
260	2	1 1 1 1 0 0 1 0 1 0 0 0 1 0 0 0
260	1	1 1 1 1 0 0 0 1 1 0 1 0 0 0 0 1
260	2	1 0 1 0 0 0 1 0 1 0 0 0 0 0 0 0
260	5	1 1 1 1 0 0 1 0 1 1 0 0 0 0 0 0
260	10	1 1 1 1 0 0 0 1 1 0 0 1 0 0 0 0
260	4	1 0 1 1 1 0 0 0 1 1 1 0 0 0 0 0
260	5	1 1 1 1 0 0 1 0 1 0 0 0 0 0 1 0
260	2	0 1 1 1 0 1 0 0 1 1 1 0 0 0 0 0
260	1	1 1 1 1 1 1 0 1 0 0 0 0 0 0 0 0
260	1	1 1 0 1 0 0 0 1 1 0 0 0 0 0 0 0
260	3	0 1 0 1 0 1 0 0 1 0 1 0 0 0 0 1
260	3	1 0 1 1 1 1 1 0 0 0 0 0 0 0 0 0
260	1	1 1 1 1 1 0 0 0 0 1 1 0 0 0 1 0
260	2	1 1 1 1 0 0 0 0 1 0 1 1 0 0 0 0
260	1	1 1 1 1 0 0 1 1 1 0 0 1 0 0 0 0
260	2	1 1 1 1 0 0 1 0 1 0 1 0 0 0 0 0
260	1	1 1 1 1 1 1 0 1 0 0 1 1 0 0 0 0
260	1	0 1 1 1 1 0 0 0 0 0 1 0 0 0 0 1
260	3	1 0 1 1 0 0 0 0 1 0 0 0 0 0 0 0
260	1	1 1 1 1 0 0 0 0 0 0 1 0 0 0 1 0
260	2	1 1 1 1 1 0 0 0 0 1 1 0 1 0 0 0
260	1	1 1 1 1 1 1 0 0 0 1 1 0 0 0 0 0
260	2	1 1 1 1 1 0 0 0 0 1 1 1 0 0 0 0
260	2	1 1 1 0 0 0 0 0 0 0 1 1 0 0 0 0
260	2	1 1 1 1 0 0 0 1 1 1 0 0 0 0 0 0
260	1	0 1 1 1 1 1 0 0 0 0 1 1 1 0 0 0
260	1	1 1 1 1 1 0 0 0 0 1 1 0 1 0 1 0
270	1	0 0 1 1 0 0 0 0 0 0 1 0 0 0 0 0
270	68	1 0 1 1 0 0 1 0 1 0 0 0 0 0 0 0
270	78	1 1 1 1 0 0 0 0 0 0 1 0 0 0 0 0
270	4	1 1 1 0 0 0 0 0 0 0 1 0 0 0 0 0
270	13	1 0 1 1 0 0 1 0 1 0 0 0 0 0 0 1
270	13	1 1 1 1 0 0 0 0 0 1 1 0 0 0 0 0
270	35	1 1 1 1 1 0 0 0 0 0 1 0 0 0 0 0
270	27	1 0 1 1 0 0 0 0 0 0 1 1 0 0 0 0
270	4	1 0 1 1 0 0 1 0 1 0 1 0 0 0 0 0
270	25	1 1 1 1 0 0 1 0 1 0 0 0 0 0 0 0
270	156	1 1 1 1 1 0 0 0 0 1 1 0 0 0 0 0
270	7	1 1 1 1 0 0 0 0 0 0 1 1 0 0 0 0
270	23	1 1 1 1 0 0 0 1 1 0 0 0 0 0 0 0
270	6	1 1 1 1 1 0 0 0 0 0 1 0 0 1 0 0
270	5	1 1 1 1 1 0 0 0 1 1 1 0 0 0 0 0
270	3	1 1 1 1 1 0 0 0 0 1 0 0 0 0 0 0
270	11	1 1 0 1 0 0 0 0 0 0 1 0 0 0 0 0
270	15	1 1 1 1 1 1 0 0 0 0 1 0 0 0 0 0
270	19	1 1 1 1 1 1 1 0 1 0 0 0 0 0 0 0
270	11	1 1 1 1 0 0 0 0 1 0 0 0 0 0 0 0
270	10	1 1 1 1 0 0 1 0 0 1 1 0 0 0 0 0
270	1	1 0 1 1 0 0 1 0 0 1 1 0 0 1 0 0
270	36	1 0 1 1 0 0 0 0 0 1 1 0 0 1 0 0
270	9	1 0 1 1 0 0 1 1 0 1 1 0 0 0 0 0
270	3	1 1 1 1 0 0 1 0 1 1 1 0 0 0 0 0
270	8	1 1 1 1 0 0 0 1 1 0 0 0 0 0 0 1
270	5	1 1 1 1 1 0 0 0 0 0 1 0 0 0 0 1
270	14	1 0 1 1 0 0 1 0 1 1 0 0 0 0 0 0
270	3	0 1 1 1 0 1 0 0 1 0 1 0 0 0 0 0
270	10	1 0 1 1 0 0 1 0 1 0 0 1 0 0 0 0
270	20	1 1 1 0 0 0 1 0 1 0 0 0 0 0 0 0
270	33	1 1 0 1 1 0 0 0 0 1 1 0 0 0 0 0
270	7	1 0 1 1 0 0 0 0 0 1 1 0 0 1 1 0
270	5	1 1 1 1 0 0 1 0 1 0 0 1 0 0 0 0
270	6	1 1 1 1 0 1 1 0 1 0 1 0 0 0 0 0
270	1	0 1 1 1 0 1 0 0 1 0 1 0 0 0 0 1
270	4	0 1 1 1 0 0 0 0 0 0 1 0 0 0 0 0
270	11	1 1 1 0 0 0 0 0 0 0 0 0 0 0 0 0
270	22	1 1 1 1 1 0 0 0 1 1 1 0 0 0 1 0
270	11	1 1 0 1 0 0 0 0 0 0 1 0 0 1 0 0
270	25	1 0 1 1 0 0 0 1 1 0 0 0 0 0 0 0
270	2	1 1 1 1 1 0 0 1 0 1 1 0 0 0 0 0
270	6	1 1 1 1 0 0 0 1 1 0 0 0 0 0 1 0
270	7	1 1 1 1 0 1 1 0 1 0 1 0 1 0 0 1
270	1	0 1 1 1 1 1 0 0 0 0 1 0 1 0 0 0
270	2	1 1 1 1 0 1 1 0 1 0 0 0 0 0 0 1
270	5	1 1 1 1 0 0 1 0 0 1 0 0 0 0 0 0
270	5	1 1 1 1 0 0 0 1 1 0 0 1 0 0 0 0
270	7	1 0 1 1 1 0 0 0 1 1 1 0 0 0 0 0
270	3	0 1 1 1 0 1 0 0 1 1 1 0 0 0 0 0
270	1	1 0 1 1 1 1 1 0 0 0 0 0 0 0 0 0
270	2	1 1 1 1 0 0 1 0 1 0 1 0 0 0 0 0
270	6	1 1 1 1 1 0 0 0 0 1 1 0 1 0 0 0
270	7	1 1 1 1 1 0 0 0 0 1 1 1 0 0 0 0
270	10	1 1 1 1 1 0 0 0 0 1 1 0 1 0 1 0
270	2	1 1 1 1 0 0 0 0 0 0 0 0 0 0 0 0
270	11	1 1 1 0 1 0 0 0 0 0 1 0 0 0 0 0
270	3	1 1 1 0 0 0 0 0 0 0 1 0 0 1 0 0
270	4	1 1 1 1 1 0 0 0 0 1 1 0 0 0 0 1
270	4	1 1 1 1 0 0 0 0 0 0 1 0 0 0 0 1
270	7	1 0 1 1 0 0 0 0 1 1 1 0 0 1 1 0
270	1	1 1 1 1 1 0 1 0 1 0 1 0 0 0 0 0
270	5	0 1 1 1 1 0 0 0 0 0 1 0 0 0 0 1
270	6	1 0 1 1 0 0 0 0 0 0 1 0 0 0 0 0
270	5	1 1 1 1 1 0 0 0 0 0 1 1 0 0 0 0
270	1	1 1 1 1 1 1 0 1 0 1 1 0 0 0 0 0
270	7	1 1 1 1 0 0 0 0 0 0 1 0 1 0 0 0
270	2	1 0 1 1 0 0 1 0 1 0 1 0 0 0 1 0
270	3	0 1 1 1 1 0 0 0 0 1 1 1 0 0 0 0
270	15	0 1 1 1 0 0 0 0 0 1 1 0 0 0 0 0
270	12	1 0 1 1 0 0 1 0 0 0 0 0 0 0 0 0
270	5	1 0 0 1 0 0 1 1 0 1 1 0 0 0 0 0
270	1	1 1 1 1 0 0 0 1 1 1 0 1 0 0 0 0
270	5	1 0 1 1 0 0 1 1 1 0 0 0 0 1 0 0
270	8	1 1 1 1 0 0 0 1 0 1 1 1 0 0 0 0
270	1	1 1 1 1 0 0 0 0 0 0 1 0 1 0 0 1
270	1	1 0 1 1 0 0 1 0 0 0 1 0 0 0 0 0
270	1	1 1 1 1 1 0 0 0 1 0 0 0 0 0 0 0
270	4	1 1 1 1 0 0 0 0 0 1 1 0 0 1 0 0
270	5	1 0 0 1 0 0 1 0 1 0 0 0 0 0 0 0
270	3	1 1 1 1 0 0 0 1 0 0 0 0 0 0 0 0
270	2	0 1 1 1 0 1 0 0 1 0 0 0 0 0 0 1
270	5	1 1 1 0 1 0 0 0 0 0 0 0 0 0 0 0
270	3	1 0 1 1 0 0 1 0 1 1 1 0 0 1 1 0
270	1	1 1 1 1 0 1 1 0 0 0 0 0 0 0 0 0
270	1	1 1 1 1 0 1 0 0 0 0 1 0 0 0 0 0
270	1	1 1 1 1 0 0 1 0 1 0 0 0 0 1 0 0
270	3	1 1 1 1 1 0 0 1 1 0 0 0 0 0 0 0
270	3	0 1 1 1 0 0 1 0 0 1 0 0 0 0 0 0
270	2	1 0 1 0 0 0 1 0 0 0 0 0 0 0 0 0
270	1	0 1 1 1 1 0 0 0 0 1 1 0 0 0 0 0
270	3	1 1 1 1 1 0 0 0 0 0 1 0 1 0 0 0
270	3	1 0 1 1 0 0 0 0 0 0 1 1 1 0 0 0
270	1	0 0 1 1 0 0 1 1 1 0 0 0 0 1 0 0
270	2	1 0 1 1 0 0 1 0 0 1 0 0 0 0 0 0
270	1	0 1 1 1 0 1 0 0 1 0 0 0 0 1 0 0
270	1	0 1 1 1 0 0 1 0 1 0 0 0 0 0 0 1
270	2	0 0 1 1 0 0 1 1 1 0 0 0 0 0 0 0
270	1	1 1 1 1 0 0 1 0 0 0 1 0 0 0 0 0
270	1	1 0 1 1 1 0 0 0 0 0 1 1 0 0 0 0
270	2	1 1 1 1 0 0 1 0 1 0 0 0 0 0 1 0
270	3	1 1 1 0 0 0 0 1 1 0 0 0 0 0 0 0
270	1	1 1 1 1 0 1 0 1 1 0 0 0 0 0 0 0
270	2	1 0 1 1 1 0 0 0 0 1 1 0 0 1 0 0
270	1	1 0 1 1 0 0 1 0 1 0 1 1 0 0 0 0
280	63	1 0 1 1 0 0 1 0 1 0 0 0 0 0 0 0
280	91	1 1 1 1 0 0 0 0 0 0 1 0 0 0 0 0
280	2	1 0 1 1 0 0 1 0 1 0 0 0 0 0 0 1
280	6	1 1 1 1 0 0 0 0 0 1 1 0 0 0 0 0
280	35	1 1 1 1 1 0 0 0 0 0 1 0 0 0 0 0
280	22	1 0 1 1 0 0 0 0 0 0 1 1 0 0 0 0
280	4	1 0 1 1 0 0 1 0 1 0 1 0 0 0 0 0
280	37	1 1 1 1 0 0 1 0 1 0 0 0 0 0 0 0
280	145	1 1 1 1 1 0 0 0 0 1 1 0 0 0 0 0
280	9	1 1 1 1 0 0 0 0 0 0 1 1 0 0 0 0
280	20	1 1 1 1 0 0 0 1 1 0 0 0 0 0 0 0
280	5	1 1 1 1 1 0 0 0 0 0 1 0 0 1 0 0
280	4	1 1 1 1 1 0 0 0 1 1 1 0 0 0 0 0
280	6	1 1 0 1 0 0 0 0 0 0 1 0 0 0 0 0
280	3	1 1 1 1 1 1 0 0 0 0 1 0 0 0 0 0
280	5	1 1 1 1 1 1 1 0 1 0 0 0 0 0 0 0
280	21	1 1 1 1 0 0 0 0 1 0 0 0 0 0 0 0
280	27	1 0 1 1 0 0 0 0 0 1 1 0 0 1 0 0
280	23	1 0 1 1 0 0 1 1 0 1 1 0 0 0 0 0
280	1	1 1 1 1 0 0 0 1 1 0 0 0 0 0 0 1
280	2	1 0 1 1 0 0 1 0 1 1 0 0 0 0 0 0
280	1	0 1 1 1 0 1 0 0 1 0 1 0 0 0 0 0
280	5	1 0 1 1 0 0 1 0 1 0 0 1 0 0 0 0
280	28	1 1 1 0 0 0 1 0 1 0 0 0 0 0 0 0
280	6	1 1 0 1 1 0 0 0 0 1 1 0 0 0 0 0
280	11	1 0 1 1 0 0 0 0 0 1 1 0 0 1 1 0
280	8	1 1 1 1 0 1 1 0 1 0 1 0 0 0 0 0
280	1	1 1 1 0 0 0 0 0 0 0 0 0 0 0 0 0
280	21	1 1 1 1 1 0 0 0 1 1 1 0 0 0 1 0
280	25	1 1 0 1 0 0 0 0 0 0 1 0 0 1 0 0
280	14	1 0 1 1 0 0 0 1 1 0 0 0 0 0 0 0
280	25	1 1 1 1 1 0 0 1 0 1 1 0 0 0 0 0
280	10	1 1 1 1 0 0 0 1 1 0 0 1 0 0 0 0
280	7	1 0 1 1 1 0 0 0 1 1 1 0 0 0 0 0
280	1	1 1 1 1 1 0 0 0 0 1 1 1 0 0 0 0
280	2	1 1 1 1 1 0 0 0 0 1 1 0 1 0 1 0
280	1	1 1 1 1 0 0 0 0 0 0 0 0 0 0 0 0
280	13	1 1 1 0 1 0 0 0 0 0 1 0 0 0 0 0
280	3	0 1 1 1 1 0 0 0 0 0 1 0 0 0 0 1
280	4	0 1 1 1 1 0 0 0 0 1 1 1 0 0 0 0
280	6	0 1 1 1 0 0 0 0 0 1 1 0 0 0 0 0
280	24	1 0 1 1 0 0 1 0 0 0 0 0 0 0 0 0
280	8	1 0 0 1 0 0 1 1 0 1 1 0 0 0 0 0
280	8	1 0 1 1 0 0 1 1 1 0 0 0 0 1 0 0
280	1	1 1 1 1 0 0 0 1 0 1 1 1 0 0 0 0
280	2	1 1 1 1 0 0 0 0 0 1 1 0 0 1 0 0
280	20	1 1 1 1 0 0 0 1 0 0 0 0 0 0 0 0
280	4	0 1 1 1 0 1 0 0 1 0 0 0 0 0 0 1
280	10	1 1 1 0 1 0 0 0 0 0 0 0 0 0 0 0
280	1	1 0 1 1 0 0 1 0 1 1 1 0 0 1 1 0
280	5	1 1 1 1 0 1 0 0 0 0 1 0 0 0 0 0
280	4	1 1 1 1 0 0 1 0 0 0 1 0 0 0 0 0
280	15	1 0 1 1 1 0 0 0 0 1 1 0 0 1 0 0
280	6	1 1 0 1 0 0 0 0 0 1 1 0 0 0 0 0
280	6	1 1 1 1 0 0 1 0 1 1 0 0 0 0 0 0
280	7	1 1 1 1 1 0 1 0 0 1 1 0 0 0 0 0
280	1	1 1 1 1 0 0 0 0 1 0 0 0 0 1 0 0
280	18	1 1 1 1 1 1 0 0 0 1 0 0 0 0 0 0
280	14	0 0 1 1 0 0 1 0 1 1 0 0 0 0 0 0
280	2	0 0 1 1 0 0 0 0 0 1 1 0 0 0 0 0
280	1	1 0 1 1 0 0 1 1 1 0 0 0 0 0 0 0
280	1	1 0 1 1 0 1 1 0 1 0 1 0 0 0 0 0
280	4	1 1 1 1 1 0 0 0 0 1 1 0 0 0 1 0
280	1	1 1 1 1 0 0 1 1 1 0 0 0 0 0 0 0
280	1	1 0 1 1 0 0 0 0 0 0 1 0 0 1 0 0
280	12	1 0 1 1 0 0 0 0 0 1 1 0 0 0 0 0
280	3	1 1 1 1 1 0 0 0 0 1 1 0 0 1 1 0
280	13	1 0 0 1 0 0 0 0 0 1 1 0 0 1 0 0
280	7	1 0 1 1 0 0 0 1 1 1 1 0 0 1 0 0
280	4	1 1 0 0 0 0 0 0 0 1 1 0 0 0 0 0
280	9	1 1 1 1 1 0 0 0 0 1 0 0 0 0 0 0
280	7	1 0 1 1 1 1 0 0 0 0 1 0 0 0 0 0
280	4	1 1 1 1 1 1 0 0 0 0 1 0 0 1 0 0
280	6	1 1 0 1 0 0 0 0 0 0 1 0 0 1 1 0
280	2	1 0 1 0 0 0 0 1 1 0 0 0 0 0 0 0
280	4	1 1 1 1 1 0 1 1 1 0 0 0 0 0 0 0
280	2	1 1 1 1 1 0 1 0 1 0 0 0 0 0 0 0
280	1	1 1 1 1 1 0 1 0 0 0 1 0 0 0 0 0
280	3	0 1 1 1 1 0 0 0 1 1 1 0 0 0 1 0
280	4	1 1 1 1 1 0 0 1 0 1 1 0 0 0 1 0
280	2	1 1 1 1 0 0 0 1 0 1 1 0 0 0 0 0
280	3	1 0 0 1 0 0 1 1 0 1 1 0 0 0 1 0
280	1	1 1 1 1 0 0 0 1 0 0 1 1 0 0 0 0
280	1	1 1 1 1 0 0 0 1 1 0 0 0 0 1 0 0
280	3	1 1 1 1 1 0 0 0 1 1 1 1 0 0 0 0
280	1	1 0 1 1 0 0 1 1 1 0 0 0 1 1 0 0
280	4	1 0 1 1 0 0 0 0 0 0 1 0 0 0 0 0
280	2	1 0 1 1 1 0 0 0 0 1 1 0 0 0 0 0
280	3	1 1 1 1 0 0 0 0 1 0 1 0 0 0 0 0
280	1	1 1 0 1 0 0 1 0 1 0 0 0 0 0 0 0
280	1	1 1 1 1 0 0 0 0 1 1 0 0 0 0 0 0
280	1	1 1 0 1 1 0 0 0 0 0 1 0 0 0 0 0
280	1	1 1 1 1 0 1 1 0 1 0 1 1 0 0 0 0
280	2	1 1 0 1 0 0 1 0 0 0 1 0 0 1 0 0
280	1	1 0 1 1 0 1 0 1 1 0 0 0 0 0 0 0
280	1	1 1 1 1 1 0 0 1 1 1 1 0 0 0 0 0
280	1	1 0 0 1 1 0 1 1 0 1 1 0 0 0 0 0
280	1	0 0 1 1 0 0 1 0 1 1 0 1 0 0 0 0
280	2	1 1 1 1 1 0 0 0 0 1 1 0 0 1 1 1
290	83	1 0 1 1 0 0 1 0 1 0 0 0 0 0 0 0
290	81	1 1 1 1 0 0 0 0 0 0 1 0 0 0 0 0
290	24	1 1 1 1 1 0 0 0 0 0 1 0 0 0 0 0
290	9	1 0 1 1 0 0 0 0 0 0 1 1 0 0 0 0
290	35	1 1 1 1 0 0 1 0 1 0 0 0 0 0 0 0
290	157	1 1 1 1 1 0 0 0 0 1 1 0 0 0 0 0
290	3	1 1 1 1 0 0 0 0 0 0 1 1 0 0 0 0
290	33	1 1 1 1 0 0 0 1 1 0 0 0 0 0 0 0
290	9	1 1 1 1 1 0 0 0 1 1 1 0 0 0 0 0
290	29	1 1 0 1 0 0 0 0 0 0 1 0 0 0 0 0
290	3	1 1 1 1 1 1 0 0 0 0 1 0 0 0 0 0
290	18	1 1 1 1 0 0 0 0 1 0 0 0 0 0 0 0
290	23	1 0 1 1 0 0 0 0 0 1 1 0 0 1 0 0
290	10	1 0 1 1 0 0 1 1 0 1 1 0 0 0 0 0
290	1	1 0 1 1 0 0 1 0 1 0 0 1 0 0 0 0
290	35	1 1 1 0 0 0 1 0 1 0 0 0 0 0 0 0
290	1	1 1 1 0 0 0 0 0 0 0 0 0 0 0 0 0
290	20	1 1 1 1 1 0 0 0 1 1 1 0 0 0 1 0
290	4	1 1 0 1 0 0 0 0 0 0 1 0 0 1 0 0
290	44	1 1 1 1 1 0 0 1 0 1 1 0 0 0 0 0
290	9	1 1 1 1 0 0 0 1 1 0 0 1 0 0 0 0
290	6	1 0 1 1 1 0 0 0 1 1 1 0 0 0 0 0
290	3	1 1 1 1 1 0 0 0 0 1 1 0 1 0 1 0
290	1	1 1 1 0 1 0 0 0 0 0 1 0 0 0 0 0
290	6	0 1 1 1 1 0 0 0 0 1 1 1 0 0 0 0
290	4	0 1 1 1 0 0 0 0 0 1 1 0 0 0 0 0
290	23	1 0 1 1 0 0 1 0 0 0 0 0 0 0 0 0
290	4	1 0 0 1 0 0 1 1 0 1 1 0 0 0 0 0
290	10	1 0 1 1 0 0 1 1 1 0 0 0 0 1 0 0
290	6	1 1 1 1 0 0 0 0 0 1 1 0 0 1 0 0
290	29	1 1 1 1 0 0 0 1 0 0 0 0 0 0 0 0
290	6	0 1 1 1 0 1 0 0 1 0 0 0 0 0 0 1
290	9	1 1 1 0 1 0 0 0 0 0 0 0 0 0 0 0
290	11	1 1 1 1 0 1 0 0 0 0 1 0 0 0 0 0
290	11	1 1 1 1 0 0 1 0 0 0 1 0 0 0 0 0
290	2	1 0 1 1 1 0 0 0 0 1 1 0 0 1 0 0
290	18	1 1 0 1 0 0 0 0 0 1 1 0 0 0 0 0
290	27	1 1 1 1 0 0 1 0 1 1 0 0 0 0 0 0
290	3	1 1 1 1 1 0 1 0 0 1 1 0 0 0 0 0
290	4	1 1 1 1 1 1 0 0 0 1 0 0 0 0 0 0
290	10	0 0 1 1 0 0 1 0 1 1 0 0 0 0 0 0
290	7	1 0 1 1 0 1 1 0 1 0 1 0 0 0 0 0
290	4	1 0 1 1 0 0 0 0 0 0 1 0 0 1 0 0
290	16	1 0 1 1 0 0 0 0 0 1 1 0 0 0 0 0
290	8	1 0 0 1 0 0 0 0 0 1 1 0 0 1 0 0
290	11	1 1 1 1 1 0 0 0 0 1 0 0 0 0 0 0
290	1	1 0 1 1 1 1 0 0 0 0 1 0 0 0 0 0
290	5	1 1 0 1 0 0 0 0 0 0 1 0 0 1 1 0
290	2	1 1 1 1 1 0 1 0 1 0 0 0 0 0 0 0
290	18	1 1 1 1 1 0 0 0 1 1 1 1 0 0 0 0
290	7	1 0 1 1 0 0 0 0 0 0 1 0 0 0 0 0
290	4	1 1 1 1 0 0 0 0 1 0 1 0 0 0 0 0
290	1	1 0 0 1 1 0 1 1 0 1 1 0 0 0 0 0
290	1	1 1 1 1 1 0 0 0 0 1 1 0 0 1 0 0
290	4	1 1 1 1 1 1 0 0 0 1 1 0 0 0 0 0
290	4	1 0 0 1 0 0 0 0 0 1 1 0 0 0 0 0
290	1	1 0 0 1 0 1 1 1 0 1 1 0 0 0 0 0
290	1	1 1 1 1 1 0 0 0 1 1 1 1 0 1 0 0
290	3	1 1 1 1 1 1 0 0 0 1 0 0 0 1 0 0
290	6	1 1 1 1 1 0 0 0 0 1 1 0 1 0 0 0
290	4	1 1 1 1 1 0 0 1 0 1 1 1 0 0 0 0
290	4	1 1 1 1 1 0 0 0 1 0 0 0 0 0 0 0
290	7	1 0 1 1 1 0 0 1 0 1 1 0 0 0 0 0
290	5	0 0 1 1 1 0 0 0 1 1 1 0 0 0 0 0
290	3	1 1 1 1 0 0 1 0 1 0 0 1 0 0 0 0
290	1	1 1 1 0 0 0 1 1 1 0 0 0 0 0 0 0
290	2	1 0 1 1 1 0 0 0 1 1 1 0 0 0 1 0
290	1	1 0 1 1 1 0 0 0 1 1 1 1 0 0 0 0
290	2	1 0 1 1 0 0 1 0 0 1 1 0 0 0 0 0
290	2	1 1 1 1 0 0 0 0 0 1 1 0 0 0 0 0
290	2	1 1 0 1 0 0 0 1 0 1 1 0 0 0 0 0
290	3	1 0 1 1 0 0 1 0 0 0 1 1 0 0 0 0
290	4	1 1 0 1 0 0 1 0 1 0 0 0 0 0 0 0
290	2	1 1 1 1 1 0 0 1 0 0 1 0 0 0 0 0
290	1	1 1 1 1 1 0 0 1 0 1 1 1 0 0 1 0
290	1	1 1 0 1 1 1 0 0 0 0 1 0 1 0 0 0
290	1	1 1 1 1 0 1 0 0 1 0 0 0 0 0 0 1
290	3	0 0 1 1 0 0 0 1 1 0 0 1 0 0 0 0
290	1	1 1 1 0 1 0 0 0 0 1 1 0 0 0 0 0
290	7	1 0 1 1 1 1 0 0 0 1 0 0 0 0 0 0
290	1	1 0 0 0 1 0 1 1 0 1 1 0 0 0 0 0
290	1	1 1 1 0 0 0 1 1 1 0 0 0 0 1 0 0
290	3	1 1 1 1 0 1 1 0 1 0 1 0 0 0 0 0
290	1	1 1 1 1 0 0 0 0 0 0 0 0 0 0 0 0
290	1	0 1 1 1 1 0 0 0 0 1 1 0 0 0 0 0
290	1	1 1 1 1 0 0 0 0 1 0 0 1 0 0 0 0
290	1	1 0 1 0 0 0 1 1 0 1 1 0 0 0 0 0
290	2	1 0 1 1 0 0 0 0 0 0 1 0 0 1 1 0
290	1	1 1 1 1 1 0 0 0 1 1 1 0 0 0 1 1
290	1	1 1 1 1 1 0 0 0 1 1 1 1 0 0 1 0
290	3	1 1 1 1 1 0 0 0 0 1 1 0 1 1 0 0
300	105	1 0 1 1 0 0 1 0 1 0 0 0 0 0 0 0
300	52	1 1 1 1 0 0 0 0 0 0 1 0 0 0 0 0
300	61	1 1 1 1 1 0 0 0 0 0 1 0 0 0 0 0
300	9	1 0 1 1 0 0 0 0 0 0 1 1 0 0 0 0
300	42	1 1 1 1 0 0 1 0 1 0 0 0 0 0 0 0
300	187	1 1 1 1 1 0 0 0 0 1 1 0 0 0 0 0
300	9	1 1 1 1 0 0 0 0 0 0 1 1 0 0 0 0
300	49	1 1 1 1 0 0 0 1 1 0 0 0 0 0 0 0
300	2	1 1 1 1 1 0 0 0 1 1 1 0 0 0 0 0
300	31	1 1 0 1 0 0 0 0 0 0 1 0 0 0 0 0
300	8	1 1 1 1 0 0 0 0 1 0 0 0 0 0 0 0
300	12	1 0 1 1 0 0 0 0 0 1 1 0 0 1 0 0
300	1	1 0 1 1 0 0 1 1 0 1 1 0 0 0 0 0
300	16	1 1 1 0 0 0 1 0 1 0 0 0 0 0 0 0
300	14	1 1 1 1 1 0 0 0 1 1 1 0 0 0 1 0
300	25	1 1 1 1 1 0 0 1 0 1 1 0 0 0 0 0
300	6	1 1 1 1 0 0 0 1 1 0 0 1 0 0 0 0
300	2	1 0 1 1 1 0 0 0 1 1 1 0 0 0 0 0
300	30	1 0 1 1 0 0 1 0 0 0 0 0 0 0 0 0
300	3	1 0 1 1 0 0 1 1 1 0 0 0 0 1 0 0
300	22	1 1 1 1 0 0 0 1 0 0 0 0 0 0 0 0
300	4	0 1 1 1 0 1 0 0 1 0 0 0 0 0 0 1
300	27	1 1 1 0 1 0 0 0 0 0 0 0 0 0 0 0
300	4	1 1 1 1 0 1 0 0 0 0 1 0 0 0 0 0
300	18	1 1 1 1 0 0 1 0 0 0 1 0 0 0 0 0
300	1	1 0 1 1 1 0 0 0 0 1 1 0 0 1 0 0
300	11	1 1 0 1 0 0 0 0 0 1 1 0 0 0 0 0
300	4	1 1 1 1 0 0 1 0 1 1 0 0 0 0 0 0
300	14	1 1 1 1 1 0 1 0 0 1 1 0 0 0 0 0
300	7	1 0 1 1 0 1 1 0 1 0 1 0 0 0 0 0
300	5	1 0 1 1 0 0 0 0 0 1 1 0 0 0 0 0
300	12	1 0 0 1 0 0 0 0 0 1 1 0 0 1 0 0
300	4	1 1 1 1 1 0 0 0 0 1 0 0 0 0 0 0
300	17	1 1 1 1 1 0 0 0 1 1 1 1 0 0 0 0
300	1	1 0 1 1 0 0 0 0 0 0 1 0 0 0 0 0
300	3	1 1 1 1 1 1 0 0 0 1 0 0 0 1 0 0
300	4	1 1 1 1 1 0 0 0 0 1 1 0 1 0 0 0
300	21	1 0 1 1 1 0 0 1 0 1 1 0 0 0 0 0
300	8	0 0 1 1 1 0 0 0 1 1 1 0 0 0 0 0
300	1	1 1 1 0 0 0 1 1 1 0 0 0 0 1 0 0
300	1	1 1 1 1 1 0 0 0 0 1 1 0 1 1 0 0
300	7	1 0 1 1 0 0 0 0 0 0 0 0 0 0 0 0
300	13	1 1 1 1 0 0 0 1 0 1 1 0 0 0 0 0
300	6	1 1 1 1 0 0 0 1 1 0 0 0 0 1 0 0
300	5	1 0 1 1 0 1 1 0 0 0 0 0 0 0 0 0
300	1	0 1 1 1 0 0 1 0 1 1 0 0 0 0 0 0
300	5	1 1 1 1 0 0 1 1 1 0 0 1 0 0 0 0
300	5	1 1 1 1 0 0 0 0 1 1 1 1 0 0 0 0
300	1	1 0 1 1 0 0 1 0 1 0 1 0 0 0 0 0
300	1	1 0 1 1 1 0 0 1 0 1 1 0 1 0 0 0
300	3	1 1 0 1 0 0 0 0 0 1 0 0 0 0 0 0
300	5	1 0 1 1 0 0 1 0 1 0 0 0 0 1 0 0
300	3	1 0 1 1 0 0 1 1 1 0 0 0 0 0 0 0
300	6	1 1 1 0 0 0 0 1 1 0 0 0 0 0 0 0
300	2	0 1 1 0 0 0 1 0 1 0 0 0 0 0 0 0
300	8	1 1 1 1 1 1 0 0 0 1 1 0 0 0 0 0
300	1	1 0 0 1 0 0 0 0 0 0 1 0 0 0 0 0
300	3	1 1 1 1 1 0 1 0 1 1 0 0 0 0 0 0
300	2	1 1 0 1 0 0 1 1 0 1 1 0 0 0 0 0
300	7	1 1 1 1 0 0 0 1 0 0 1 0 0 0 0 0
300	5	1 0 1 1 0 0 0 1 0 1 1 0 0 0 0 0
300	4	1 1 0 1 1 0 0 0 0 1 1 0 0 0 0 0
300	5	1 1 1 1 0 0 0 1 1 0 0 0 1 0 0 0
300	7	1 0 1 1 0 0 1 1 0 1 1 0 0 0 1 0
300	2	1 0 1 0 0 0 1 0 1 1 0 0 0 0 0 0
300	1	1 1 0 1 1 0 0 1 0 1 0 0 0 0 0 0
300	1	1 1 1 1 1 0 0 1 0 0 0 0 0 0 0 0
300	2	1 0 1 1 0 1 1 1 1 0 0 1 0 0 0 0
300	1	1 0 1 1 0 0 1 0 1 0 0 0 1 0 0 0
300	1	1 1 1 1 0 0 0 0 0 1 1 0 0 0 0 0
300	1	1 1 1 1 0 0 0 1 0 1 1 0 0 1 0 0
300	5	1 1 1 1 1 0 0 1 1 1 1 0 1 0 0 0
300	2	1 1 1 1 1 1 1 0 0 0 0 0 0 0 0 0
300	4	1 0 1 1 1 0 0 0 0 0 1 0 0 0 0 0
300	1	1 1 1 1 0 0 0 1 1 1 0 0 0 0 0 0
300	1	1 1 0 1 1 0 0 1 0 1 1 0 0 0 0 0
300	2	1 0 1 1 0 0 1 0 0 1 0 0 0 0 0 0
300	1	1 0 1 1 1 0 0 1 0 1 1 1 0 0 0 0
300	2	1 1 1 1 0 1 0 0 0 1 1 0 0 0 0 0
300	1	1 1 1 1 1 0 0 0 0 0 1 1 0 0 0 0
300	1	1 1 1 1 0 1 1 0 0 0 0 0 0 0 0 0
300	2	1 1 1 1 0 1 1 0 1 0 0 0 0 0 0 0
300	2	1 1 1 1 0 1 0 1 1 0 0 0 0 0 0 0
300	1	1 1 1 0 0 0 1 0 1 1 0 0 0 0 0 0
300	2	1 0 1 1 1 0 1 0 0 0 0 0 0 0 0 0
300	1	1 0 0 1 0 0 1 0 0 1 1 0 0 1 0 0
300	2	1 1 1 1 1 1 0 0 0 1 1 0 1 0 0 0
300	3	1 1 1 0 0 0 0 1 1 0 0 1 0 0 0 0
310	64	1 0 1 1 0 0 1 0 1 0 0 0 0 0 0 0
310	56	1 1 1 1 0 0 0 0 0 0 1 0 0 0 0 0
310	60	1 1 1 1 1 0 0 0 0 0 1 0 0 0 0 0
310	3	1 0 1 1 0 0 0 0 0 0 1 1 0 0 0 0
310	43	1 1 1 1 0 0 1 0 1 0 0 0 0 0 0 0
310	151	1 1 1 1 1 0 0 0 0 1 1 0 0 0 0 0
310	22	1 1 1 1 0 0 0 0 0 0 1 1 0 0 0 0
310	61	1 1 1 1 0 0 0 1 1 0 0 0 0 0 0 0
310	29	1 1 0 1 0 0 0 0 0 0 1 0 0 0 0 0
310	1	1 0 1 1 0 0 0 0 0 1 1 0 0 1 0 0
310	21	1 1 1 0 0 0 1 0 1 0 0 0 0 0 0 0
310	9	1 1 1 1 1 0 0 0 1 1 1 0 0 0 1 0
310	4	1 1 1 1 1 0 0 1 0 1 1 0 0 0 0 0
310	3	1 1 1 1 0 0 0 1 1 0 0 1 0 0 0 0
310	27	1 0 1 1 0 0 1 0 0 0 0 0 0 0 0 0
310	3	1 0 1 1 0 0 1 1 1 0 0 0 0 1 0 0
310	23	1 1 1 1 0 0 0 1 0 0 0 0 0 0 0 0
310	7	0 1 1 1 0 1 0 0 1 0 0 0 0 0 0 1
310	6	1 1 1 0 1 0 0 0 0 0 0 0 0 0 0 0
310	12	1 1 1 1 0 0 1 0 0 0 1 0 0 0 0 0
310	16	1 1 0 1 0 0 0 0 0 1 1 0 0 0 0 0
310	13	1 1 1 1 1 0 1 0 0 1 1 0 0 0 0 0
310	8	1 0 1 1 0 1 1 0 1 0 1 0 0 0 0 0
310	1	1 0 0 1 0 0 0 0 0 1 1 0 0 1 0 0
310	4	1 1 1 1 1 0 0 0 0 1 0 0 0 0 0 0
310	13	1 1 1 1 1 0 0 0 1 1 1 1 0 0 0 0
310	9	1 1 1 1 1 0 0 0 0 1 1 0 1 0 0 0
310	20	1 0 1 1 1 0 0 1 0 1 1 0 0 0 0 0
310	8	0 0 1 1 1 0 0 0 1 1 1 0 0 0 0 0
310	7	1 1 1 0 0 0 1 1 1 0 0 0 0 1 0 0
310	24	1 1 1 1 0 0 0 1 0 1 1 0 0 0 0 0
310	21	1 0 1 1 0 1 1 0 0 0 0 0 0 0 0 0
310	10	1 1 1 1 0 0 1 1 1 0 0 1 0 0 0 0
310	3	1 0 1 1 0 0 1 1 1 0 0 0 0 0 0 0
310	2	0 1 1 0 0 0 1 0 1 0 0 0 0 0 0 0
310	3	1 1 1 1 1 1 0 0 0 1 1 0 0 0 0 0
310	8	1 1 1 1 0 0 0 1 0 0 1 0 0 0 0 0
310	6	1 0 1 1 0 0 0 1 0 1 1 0 0 0 0 0
310	9	1 1 0 1 1 0 0 0 0 1 1 0 0 0 0 0
310	11	1 0 1 1 0 0 1 1 0 1 1 0 0 0 1 0
310	10	1 1 1 1 0 0 0 0 0 1 1 0 0 0 0 0
310	5	1 1 0 1 1 0 0 1 0 1 1 0 0 0 0 0
310	5	1 0 1 1 0 0 1 0 0 1 0 0 0 0 0 0
310	10	1 0 1 1 1 0 0 1 0 1 1 1 0 0 0 0
310	2	1 1 1 1 0 1 0 1 1 0 0 0 0 0 0 0
310	12	1 1 1 0 0 0 0 1 1 0 0 1 0 0 0 0
310	12	1 0 1 1 0 0 1 0 1 0 0 1 0 0 0 0
310	1	1 1 1 0 1 0 0 0 0 1 1 0 0 0 0 0
310	4	1 1 0 1 0 0 0 0 0 0 1 0 0 0 0 1
310	2	1 0 0 1 0 0 1 0 0 0 0 0 0 0 0 0
310	6	1 0 1 1 1 0 0 0 0 1 1 0 0 0 0 0
310	3	1 1 1 1 1 0 0 0 0 1 1 0 0 1 0 0
310	4	1 1 1 1 1 0 0 0 1 0 0 0 0 0 0 0
310	3	1 1 0 1 1 0 0 0 0 0 1 0 0 0 0 0
310	9	1 0 1 1 1 0 0 0 0 0 1 0 0 0 0 0
310	5	1 1 1 1 1 0 1 0 1 0 0 0 0 0 0 0
310	7	1 1 1 1 0 0 1 1 0 1 1 0 0 0 0 0
310	7	0 0 1 1 1 0 0 1 1 0 0 0 0 0 0 0
310	4	1 1 1 1 0 0 0 1 1 0 0 0 0 0 1 0
310	6	1 1 0 1 0 1 0 0 0 0 1 0 0 0 0 0
310	2	1 1 1 1 1 0 0 0 1 1 1 1 1 0 0 0
310	8	1 1 1 1 0 1 1 0 0 0 1 0 0 0 0 0
310	2	1 1 0 1 0 0 1 1 0 0 1 0 0 0 0 0
310	3	1 1 0 1 0 0 0 0 0 1 1 1 0 0 0 0
310	1	1 1 1 1 0 0 0 0 0 0 1 1 1 0 0 0
310	2	1 0 1 1 1 0 1 0 0 1 1 0 0 0 0 0
310	3	0 1 1 0 1 0 1 1 1 0 0 0 0 0 0 0
310	5	1 0 1 1 0 0 0 0 1 0 0 0 0 0 0 0
310	5	1 1 0 1 0 0 0 0 0 0 1 0 0 0 1 0
310	2	1 1 1 1 0 0 1 1 1 1 1 0 0 0 0 0
310	1	1 1 1 1 0 0 1 1 0 1 1 0 0 0 1 0
310	3	0 1 1 1 0 0 0 0 0 0 1 0 0 0 0 0
310	2	1 1 1 1 0 0 0 0 0 1 0 0 0 0 0 0
310	2	0 0 1 1 1 0 0 1 1 0 0 0 0 1 0 0
310	5	1 0 1 1 0 0 0 0 0 0 1 1 0 1 0 0
310	3	0 1 1 0 0 0 1 0 1 0 0 0 0 0 1 0
310	2	1 1 1 1 0 1 1 0 0 0 0 0 0 0 0 0
310	1	1 1 1 1 1 0 0 0 0 0 0 0 0 0 0 0
310	1	1 0 1 1 0 0 1 1 1 1 1 1 0 0 0 0
310	4	1 1 1 1 1 0 0 1 1 0 0 0 0 0 0 0
310	1	1 1 1 1 1 0 0 0 0 1 1 0 0 0 1 0
310	1	1 1 1 0 1 0 0 1 0 1 1 0 0 0 0 0
310	1	1 0 1 0 0 0 1 0 0 0 0 0 0 0 0 0
310	1	0 0 1 1 0 0 1 0 0 0 0 0 0 0 0 0
310	1	1 1 1 1 0 0 0 1 0 0 0 0 0 0 0 1
310	2	1 1 1 1 0 0 0 1 0 1 1 0 0 0 1 0
310	1	1 0 1 1 1 0 0 1 0 1 1 1 0 0 1 0
310	1	1 1 1 1 1 0 0 0 1 1 1 0 0 1 0 0
310	1	1 1 1 1 0 0 1 0 1 0 0 0 1 0 0 0
310	1	1 0 1 1 1 0 1 0 0 0 0 0 0 0 0 0
310	2	0 1 1 1 1 0 0 0 0 1 1 0 1 0 0 0
310	1	1 0 1 1 0 1 1 0 0 0 0 0 0 0 1 0
310	1	1 0 1 1 0 0 0 1 1 0 0 0 0 0 0 0
310	1	1 0 1 1 0 0 1 1 0 1 1 0 1 0 1 0
310	3	1 0 1 1 0 0 1 0 1 1 0 0 0 0 0 0
310	2	1 1 1 1 1 0 0 1 0 1 1 1 0 0 0 0
310	2	1 0 1 1 1 0 0 1 0 0 1 1 0 0 0 0
310	2	1 1 0 1 0 0 0 1 0 0 1 0 0 0 1 0
320	60	1 0 1 1 0 0 1 0 1 0 0 0 0 0 0 0
320	50	1 1 1 1 0 0 0 0 0 0 1 0 0 0 0 0
320	47	1 1 1 1 1 0 0 0 0 0 1 0 0 0 0 0
320	23	1 1 1 1 0 0 1 0 1 0 0 0 0 0 0 0
320	131	1 1 1 1 1 0 0 0 0 1 1 0 0 0 0 0
320	20	1 1 1 1 0 0 0 0 0 0 1 1 0 0 0 0
320	39	1 1 1 1 0 0 0 1 1 0 0 0 0 0 0 0
320	21	1 1 0 1 0 0 0 0 0 0 1 0 0 0 0 0
320	11	1 0 1 1 0 0 0 0 0 1 1 0 0 1 0 0
320	14	1 1 1 0 0 0 1 0 1 0 0 0 0 0 0 0
320	2	1 1 1 1 1 0 0 0 1 1 1 0 0 0 1 0
320	17	1 1 1 1 1 0 0 1 0 1 1 0 0 0 0 0
320	2	1 1 1 1 0 0 0 1 1 0 0 1 0 0 0 0
320	25	1 0 1 1 0 0 1 0 0 0 0 0 0 0 0 0
320	19	1 1 1 1 0 0 0 1 0 0 0 0 0 0 0 0
320	13	1 1 1 0 1 0 0 0 0 0 0 0 0 0 0 0
320	8	1 1 1 1 0 0 1 0 0 0 1 0 0 0 0 0
320	2	1 1 0 1 0 0 0 0 0 1 1 0 0 0 0 0
320	14	1 1 1 1 1 0 1 0 0 1 1 0 0 0 0 0
320	12	1 0 1 1 0 1 1 0 1 0 1 0 0 0 0 0
320	9	1 1 1 1 1 0 0 0 0 1 0 0 0 0 0 0
320	10	1 1 1 1 1 0 0 0 1 1 1 1 0 0 0 0
320	7	1 1 1 1 1 0 0 0 0 1 1 0 1 0 0 0
320	5	1 0 1 1 1 0 0 1 0 1 1 0 0 0 0 0
320	27	1 1 1 1 0 0 0 1 0 1 1 0 0 0 0 0
320	5	1 1 1 1 0 0 1 1 1 0 0 1 0 0 0 0
320	1	0 1 1 0 0 0 1 0 1 0 0 0 0 0 0 0
320	4	1 1 1 1 1 1 0 0 0 1 1 0 0 0 0 0
320	9	1 1 1 1 0 0 0 1 0 0 1 0 0 0 0 0
320	5	1 0 1 1 0 0 0 1 0 1 1 0 0 0 0 0
320	3	1 1 0 1 1 0 0 0 0 1 1 0 0 0 0 0
320	3	1 0 1 1 0 0 1 1 0 1 1 0 0 0 1 0
320	17	1 1 1 1 0 0 0 0 0 1 1 0 0 0 0 0
320	12	1 1 0 1 1 0 0 1 0 1 1 0 0 0 0 0
320	6	1 0 1 1 0 0 1 0 0 1 0 0 0 0 0 0
320	5	1 0 1 1 1 0 0 1 0 1 1 1 0 0 0 0
320	8	1 1 1 0 0 0 0 1 1 0 0 1 0 0 0 0
320	14	1 0 1 1 0 0 1 0 1 0 0 1 0 0 0 0
320	23	1 1 0 1 0 0 0 0 0 0 1 0 0 0 0 1
320	18	1 0 1 1 1 0 0 0 0 0 1 0 0 0 0 0
320	1	0 0 1 1 1 0 0 1 1 0 0 0 0 0 0 0
320	1	1 1 1 1 0 0 0 1 1 0 0 0 0 0 1 0
320	5	1 1 0 1 0 1 0 0 0 0 1 0 0 0 0 0
320	5	1 1 1 1 1 0 0 0 1 1 1 1 1 0 0 0
320	10	1 1 1 1 0 1 1 0 0 0 1 0 0 0 0 0
320	4	1 1 0 1 0 0 0 0 0 1 1 1 0 0 0 0
320	16	0 1 1 0 1 0 1 1 1 0 0 0 0 0 0 0
320	11	1 0 1 1 0 0 0 0 1 0 0 0 0 0 0 0
320	10	1 1 1 1 0 0 1 1 1 1 1 0 0 0 0 0
320	5	1 1 1 1 1 0 0 0 0 1 1 0 0 0 1 0
320	6	1 1 1 1 0 0 0 1 0 1 1 0 0 0 1 0
320	11	1 1 1 1 0 0 1 0 1 0 0 0 1 0 0 0
320	1	1 0 1 1 1 0 0 1 0 0 1 1 0 0 0 0
320	1	1 1 0 1 0 0 0 1 1 0 0 0 0 0 0 0
320	5	1 0 1 1 0 0 1 0 0 0 1 0 0 0 0 0
320	4	1 1 1 1 0 0 0 0 1 0 1 0 0 0 0 0
320	16	1 1 1 1 0 0 1 0 0 0 0 0 0 0 0 0
320	2	1 1 1 0 1 0 0 0 1 1 1 1 0 0 0 0
320	7	1 1 1 1 1 0 0 0 0 0 0 0 0 0 0 0
320	7	1 1 1 1 0 0 0 1 1 0 1 0 0 0 0 0
320	8	1 1 1 0 0 0 1 0 1 0 0 1 0 0 0 0
320	16	0 1 1 1 1 0 0 0 0 1 1 0 0 0 0 0
320	18	1 1 1 1 0 1 0 0 0 1 1 0 0 0 0 0
320	6	1 1 1 1 1 1 0 0 0 1 1 0 0 0 1 0
320	2	1 1 1 1 0 0 0 0 0 1 1 0 0 1 0 0
320	2	1 0 1 1 1 0 0 0 0 1 1 0 0 0 0 0
320	6	0 1 1 1 1 0 0 0 0 0 1 0 0 0 0 0
320	3	1 1 1 1 1 0 0 0 0 1 1 0 0 0 0 1
320	1	1 0 1 1 1 0 0 1 0 1 1 0 0 1 0 0
320	11	1 1 0 1 0 0 0 0 0 0 0 0 0 0 0 0
320	7	1 1 1 1 1 0 0 0 0 0 1 0 0 0 0 1
320	14	1 1 1 1 0 0 0 0 1 1 1 1 0 0 0 0
320	7	1 1 1 1 1 1 0 0 1 1 1 1 0 0 0 0
320	2	1 1 1 1 1 0 0 0 1 1 1 0 0 0 0 0
320	3	1 1 1 1 1 0 0 0 0 0 1 0 0 0 1 0
320	1	1 1 1 1 1 0 1 0 1 0 0 0 0 0 0 0
320	3	0 1 1 1 0 1 0 0 1 0 1 0 0 0 0 1
320	3	1 0 1 1 0 1 1 0 0 0 1 0 0 0 0 0
320	2	1 1 1 0 0 0 0 0 1 1 1 1 0 0 0 0
320	4	1 1 1 1 1 1 0 0 0 0 1 0 0 0 0 0
320	5	0 1 1 1 0 0 0 1 0 1 1 0 0 0 0 0
320	2	0 1 1 1 1 0 0 1 0 1 1 0 1 0 0 0
320	4	1 1 1 1 0 1 0 0 1 0 1 0 0 0 0 1
320	1	1 0 1 1 0 0 0 0 0 0 0 0 0 0 0 0
320	2	1 1 1 0 1 0 0 0 1 1 1 0 0 0 1 0
320	1	1 1 1 1 1 0 0 1 0 1 1 0 0 0 1 0
320	2	1 1 1 1 0 1 0 1 0 0 0 0 0 0 0 0
320	1	1 1 1 1 1 0 0 0 1 1 1 1 0 0 1 0
320	1	1 0 1 1 1 0 0 1 0 1 0 1 0 0 0 0
320	2	1 1 1 1 0 0 0 1 1 0 1 0 0 0 1 0
320	1	1 0 1 1 1 0 0 1 0 0 0 0 0 0 0 0
320	2	1 0 1 1 0 0 1 0 1 0 0 0 1 0 0 0
320	1	1 1 1 1 0 0 1 1 1 0 0 0 0 0 0 0
320	2	1 1 1 0 0 0 1 0 1 0 0 0 1 0 0 0
320	2	1 0 1 1 0 0 0 1 0 0 0 0 0 0 0 0
320	2	1 0 1 1 1 0 0 1 0 0 1 0 0 0 0 0
320	1	1 0 1 1 1 0 0 0 0 0 0 0 0 0 0 0
330	40	1 0 1 1 0 0 1 0 1 0 0 0 0 0 0 0
330	19	1 1 1 1 0 0 0 0 0 0 1 0 0 0 0 0
330	41	1 1 1 1 1 0 0 0 0 0 1 0 0 0 0 0
330	26	1 1 1 1 0 0 1 0 1 0 0 0 0 0 0 0
330	63	1 1 1 1 1 0 0 0 0 1 1 0 0 0 0 0
330	9	1 1 1 1 0 0 0 0 0 0 1 1 0 0 0 0
330	46	1 1 1 1 0 0 0 1 1 0 0 0 0 0 0 0
330	8	1 1 0 1 0 0 0 0 0 0 1 0 0 0 0 0
330	1	1 1 1 0 0 0 1 0 1 0 0 0 0 0 0 0
330	3	1 1 1 1 1 0 0 0 1 1 1 0 0 0 1 0
330	33	1 1 1 1 1 0 0 1 0 1 1 0 0 0 0 0
330	19	1 0 1 1 0 0 1 0 0 0 0 0 0 0 0 0
330	39	1 1 1 1 0 0 0 1 0 0 0 0 0 0 0 0
330	24	1 1 1 0 1 0 0 0 0 0 0 0 0 0 0 0
330	7	1 1 1 1 0 0 1 0 0 0 1 0 0 0 0 0
330	11	1 1 1 1 1 0 1 0 0 1 1 0 0 0 0 0
330	8	1 0 1 1 0 1 1 0 1 0 1 0 0 0 0 0
330	6	1 1 1 1 1 0 0 0 0 1 0 0 0 0 0 0
330	9	1 1 1 1 1 0 0 0 1 1 1 1 0 0 0 0
330	10	1 0 1 1 1 0 0 1 0 1 1 0 0 0 0 0
330	41	1 1 1 1 0 0 0 1 0 1 1 0 0 0 0 0
330	5	1 1 1 1 0 0 1 1 1 0 0 1 0 0 0 0
330	6	1 1 1 1 1 1 0 0 0 1 1 0 0 0 0 0
330	4	1 1 1 1 0 0 0 1 0 0 1 0 0 0 0 0
330	23	1 1 0 1 1 0 0 0 0 1 1 0 0 0 0 0
330	17	1 0 1 1 0 0 1 1 0 1 1 0 0 0 1 0
330	32	1 1 1 1 0 0 0 0 0 1 1 0 0 0 0 0
330	6	1 1 0 1 1 0 0 1 0 1 1 0 0 0 0 0
330	1	1 0 1 1 0 0 1 0 0 1 0 0 0 0 0 0
330	38	1 1 1 0 0 0 0 1 1 0 0 1 0 0 0 0
330	5	1 0 1 1 0 0 1 0 1 0 0 1 0 0 0 0
330	8	1 1 0 1 0 0 0 0 0 0 1 0 0 0 0 1
330	6	1 0 1 1 1 0 0 0 0 0 1 0 0 0 0 0
330	2	1 1 0 1 0 1 0 0 0 0 1 0 0 0 0 0
330	7	1 1 1 1 1 0 0 0 1 1 1 1 1 0 0 0
330	13	1 1 1 1 0 1 1 0 0 0 1 0 0 0 0 0
330	8	0 1 1 0 1 0 1 1 1 0 0 0 0 0 0 0
330	3	1 0 1 1 0 0 0 0 1 0 0 0 0 0 0 0
330	6	1 1 1 1 0 0 1 1 1 1 1 0 0 0 0 0
330	5	1 1 1 1 0 0 0 1 0 1 1 0 0 0 1 0
330	21	1 1 1 1 0 0 1 0 1 0 0 0 1 0 0 0
330	8	1 1 1 1 0 0 0 0 1 0 1 0 0 0 0 0
330	3	1 1 1 1 0 0 1 0 0 0 0 0 0 0 0 0
330	6	1 1 1 1 1 0 0 0 0 0 0 0 0 0 0 0
330	32	1 1 1 0 0 0 1 0 1 0 0 1 0 0 0 0
330	8	0 1 1 1 1 0 0 0 0 1 1 0 0 0 0 0
330	16	1 1 1 1 1 1 0 0 0 1 1 0 0 0 1 0
330	4	0 1 1 1 1 0 0 0 0 0 1 0 0 0 0 0
330	26	1 1 0 1 0 0 0 0 0 0 0 0 0 0 0 0
330	8	1 1 1 1 1 0 0 0 0 0 1 0 0 0 0 1
330	20	1 1 1 1 0 0 0 0 1 1 1 1 0 0 0 0
330	3	1 1 1 1 1 1 0 0 1 1 1 1 0 0 0 0
330	6	1 0 1 1 0 1 1 0 0 0 1 0 0 0 0 0
330	2	0 1 1 1 0 0 0 1 0 1 1 0 0 0 0 0
330	2	0 1 1 1 1 0 0 1 0 1 1 0 1 0 0 0
330	16	1 1 1 1 0 1 0 0 1 0 1 0 0 0 0 1
330	4	1 1 1 1 1 0 0 0 1 1 1 1 0 0 1 0
330	3	1 0 1 1 0 0 0 0 0 0 1 1 0 0 0 0
330	11	1 1 1 1 0 0 0 0 1 1 1 1 1 0 0 0
330	3	1 1 1 1 1 0 0 0 0 1 1 0 0 1 0 0
330	1	0 0 1 1 1 0 0 0 0 1 1 0 0 0 0 0
330	7	0 1 1 1 0 0 1 0 1 0 0 0 0 0 0 0
330	2	1 1 1 1 0 0 1 0 0 1 0 0 0 0 0 0
330	15	1 1 1 1 1 0 0 1 0 0 1 0 0 0 0 0
330	7	1 1 0 0 0 0 0 0 0 0 1 0 0 0 0 1
330	4	1 1 0 1 0 0 0 0 0 0 1 1 0 0 0 1
330	5	1 0 1 1 0 0 0 1 1 0 0 0 0 0 0 0
330	10	1 1 1 1 1 0 1 0 1 0 0 0 0 0 0 0
330	2	1 1 1 1 0 1 1 0 0 0 0 0 0 0 0 0
330	3	1 1 1 0 1 0 0 0 1 1 0 0 0 0 0 0
330	7	1 1 1 0 0 0 0 0 1 0 0 0 0 0 0 0
330	1	1 1 1 1 0 0 0 1 0 1 1 1 0 0 0 0
330	6	1 0 1 1 0 0 0 0 1 0 0 0 0 0 1 0
330	6	1 1 1 1 0 0 1 0 1 0 0 1 0 0 0 0
330	8	0 1 1 1 0 0 1 0 1 0 0 1 0 0 0 0
330	1	1 0 1 1 0 1 1 0 1 0 0 0 0 0 0 0
330	2	1 1 1 1 1 0 0 1 0 1 0 0 0 0 0 0
330	11	0 1 1 0 1 0 1 1 1 1 0 0 0 0 0 0
330	1	1 0 1 1 1 1 0 0 0 0 1 0 0 0 0 0
330	2	1 0 1 0 1 0 0 0 1 1 0 0 0 0 0 0
330	5	1 0 1 1 1 0 0 1 0 1 1 0 0 0 1 0
330	1	1 1 1 0 0 0 1 0 1 0 1 0 0 0 0 0
330	1	1 1 1 0 0 0 0 0 0 0 1 0 0 0 0 0
330	2	1 1 0 1 0 0 0 1 0 0 1 0 0 0 0 0
330	1	1 0 1 1 0 0 1 0 0 0 0 0 1 0 0 0
330	5	1 1 1 0 1 0 0 0 0 0 1 0 0 0 0 0
330	5	1 0 1 1 0 0 1 0 1 0 0 1 0 1 0 0
330	2	1 0 0 1 0 1 1 0 0 0 1 0 0 0 0 0
330	2	0 1 1 1 1 0 0 1 0 1 1 0 0 0 0 0
330	2	0 1 1 1 0 0 1 0 1 0 0 0 0 0 0 1
330	1	1 1 1 1 1 0 1 0 0 0 1 0 0 0 0 1
330	1	1 1 1 1 0 0 1 1 1 0 0 0 0 0 0 0
330	2	1 1 1 1 0 0 1 0 1 0 0 0 0 0 1 0
330	1	1 1 1 0 1 1 0 0 0 0 0 0 0 0 0 0
330	1	1 1 1 1 1 0 0 0 1 0 0 0 1 0 0 0
330	1	1 1 1 1 1 0 1 1 1 1 1 0 0 0 0 0
330	1	1 1 0 0 0 0 0 1 0 0 0 0 0 0 0 0
330	3	1 1 1 1 1 1 0 0 0 0 1 0 0 0 1 0
330	2	1 1 0 1 0 0 0 0 0 1 0 0 0 0 0 0
340	38	1 0 1 1 0 0 1 0 1 0 0 0 0 0 0 0
340	21	1 1 1 1 0 0 0 0 0 0 1 0 0 0 0 0
340	15	1 1 1 1 1 0 0 0 0 0 1 0 0 0 0 0
340	22	1 1 1 1 0 0 1 0 1 0 0 0 0 0 0 0
340	56	1 1 1 1 1 0 0 0 0 1 1 0 0 0 0 0
340	1	1 1 1 1 0 0 0 0 0 0 1 1 0 0 0 0
340	20	1 1 1 1 0 0 0 1 1 0 0 0 0 0 0 0
340	59	1 1 1 1 1 0 0 1 0 1 1 0 0 0 0 0
340	15	1 0 1 1 0 0 1 0 0 0 0 0 0 0 0 0
340	30	1 1 1 1 0 0 0 1 0 0 0 0 0 0 0 0
340	5	1 1 1 0 1 0 0 0 0 0 0 0 0 0 0 0
340	2	1 1 1 1 1 0 1 0 0 1 1 0 0 0 0 0
340	8	1 0 1 1 0 1 1 0 1 0 1 0 0 0 0 0
340	14	1 1 1 1 1 0 0 0 1 1 1 1 0 0 0 0
340	30	1 0 1 1 1 0 0 1 0 1 1 0 0 0 0 0
340	27	1 1 1 1 0 0 0 1 0 1 1 0 0 0 0 0
340	5	1 1 1 1 1 1 0 0 0 1 1 0 0 0 0 0
340	3	1 1 0 1 1 0 0 0 0 1 1 0 0 0 0 0
340	24	1 0 1 1 0 0 1 1 0 1 1 0 0 0 1 0
340	20	1 1 1 1 0 0 0 0 0 1 1 0 0 0 0 0
340	5	1 0 1 1 0 0 1 0 0 1 0 0 0 0 0 0
340	44	1 1 1 0 0 0 0 1 1 0 0 1 0 0 0 0
340	2	1 0 1 1 0 0 1 0 1 0 0 1 0 0 0 0
340	2	1 1 0 1 0 0 0 0 0 0 1 0 0 0 0 1
340	1	1 1 1 1 0 1 1 0 0 0 1 0 0 0 0 0
340	18	0 1 1 0 1 0 1 1 1 0 0 0 0 0 0 0
340	9	1 1 1 1 0 0 0 1 0 1 1 0 0 0 1 0
340	1	1 1 1 1 0 0 1 0 1 0 0 0 1 0 0 0
340	4	1 1 1 1 0 0 0 0 1 0 1 0 0 0 0 0
340	2	1 1 1 1 0 0 1 0 0 0 0 0 0 0 0 0
340	8	1 1 1 1 1 0 0 0 0 0 0 0 0 0 0 0
340	34	1 1 1 0 0 0 1 0 1 0 0 1 0 0 0 0
340	6	0 1 1 1 1 0 0 0 0 1 1 0 0 0 0 0
340	5	1 1 1 1 1 1 0 0 0 1 1 0 0 0 1 0
340	15	0 1 1 1 1 0 0 0 0 0 1 0 0 0 0 0
340	6	1 1 0 1 0 0 0 0 0 0 0 0 0 0 0 0
340	10	1 1 1 1 1 0 0 0 0 0 1 0 0 0 0 1
340	31	1 1 1 1 0 0 0 0 1 1 1 1 0 0 0 0
340	9	1 1 1 1 1 1 0 0 1 1 1 1 0 0 0 0
340	3	1 0 1 1 0 1 1 0 0 0 1 0 0 0 0 0
340	30	0 1 1 1 0 0 0 1 0 1 1 0 0 0 0 0
340	3	1 1 1 1 0 1 0 0 1 0 1 0 0 0 0 1
340	7	1 1 1 1 0 0 0 0 1 1 1 1 1 0 0 0
340	8	1 1 1 1 1 0 0 0 0 1 1 0 0 1 0 0
340	1	0 1 1 1 0 0 1 0 1 0 0 0 0 0 0 0
340	18	1 1 1 1 1 0 0 1 0 0 1 0 0 0 0 0
340	6	1 1 0 0 0 0 0 0 0 0 1 0 0 0 0 1
340	19	1 0 1 1 0 0 0 1 1 0 0 0 0 0 0 0
340	2	1 1 1 1 1 0 1 0 1 0 0 0 0 0 0 0
340	4	1 1 1 0 0 0 0 0 1 0 0 0 0 0 0 0
340	14	1 0 1 1 0 0 0 0 1 0 0 0 0 0 1 0
340	17	1 0 1 0 1 0 0 0 1 1 0 0 0 0 0 0
340	8	1 1 1 0 1 0 0 0 0 0 1 0 0 0 0 0
340	6	1 0 1 1 0 0 1 0 1 0 0 1 0 1 0 0
340	7	1 1 1 0 1 1 0 0 0 0 0 0 0 0 0 0
340	5	1 1 0 1 0 0 0 0 0 1 0 0 0 0 0 0
340	8	1 1 1 0 0 0 0 1 1 0 0 0 0 0 0 0
340	2	1 1 1 0 0 0 0 0 1 0 0 1 0 0 0 0
340	5	0 1 1 1 0 0 0 0 1 1 1 1 1 0 0 0
340	8	1 0 1 1 0 0 0 0 0 0 1 0 0 0 0 0
340	10	1 1 1 1 0 0 1 0 0 1 1 0 0 0 0 0
340	6	1 1 1 1 0 0 0 0 1 0 1 0 1 0 0 0
340	4	1 1 1 1 0 0 0 0 1 1 1 1 0 1 0 0
340	2	1 1 1 1 0 0 0 0 1 1 1 0 0 0 0 0
340	4	1 0 0 1 1 0 0 1 0 1 1 0 0 0 0 0
340	8	1 1 1 0 0 0 1 0 1 0 0 0 0 0 0 0
340	8	1 1 1 1 1 0 0 0 1 0 0 1 1 0 0 0
340	1	1 0 1 1 0 0 1 0 1 1 0 0 0 0 0 0
340	4	1 1 1 1 0 0 0 0 0 0 0 0 0 0 0 0
340	7	1 1 1 1 1 0 0 0 0 1 1 1 0 0 0 0
340	9	1 1 0 1 0 0 0 1 1 0 0 0 0 0 0 0
340	6	1 1 1 0 0 0 0 1 0 0 0 0 0 0 0 0
340	4	1 1 1 0 0 0 0 0 1 0 1 0 1 0 0 0
340	6	1 0 1 1 0 0 1 1 0 1 1 1 1 0 0 0
340	4	1 1 1 1 1 0 0 0 0 0 1 0 1 0 0 0
340	5	1 1 1 1 1 0 0 1 0 1 1 0 0 1 0 0
340	9	1 1 1 1 0 0 0 1 1 1 1 0 0 0 0 0
340	4	1 1 1 1 0 0 0 0 1 1 1 1 0 0 0 1
340	8	0 1 1 1 0 0 0 0 0 1 1 0 0 0 0 0
340	10	1 0 1 1 0 0 0 1 1 0 0 0 0 0 1 0
340	7	1 1 1 1 0 0 1 0 1 0 1 0 0 0 0 0
340	9	1 1 1 1 1 0 0 0 0 0 0 0 1 0 0 0
340	4	1 1 1 1 0 0 0 0 0 1 1 1 0 0 0 0
340	4	1 0 1 1 0 0 0 0 0 0 0 0 0 0 0 0
340	2	1 1 1 1 0 0 1 0 1 0 0 1 0 0 0 0
340	1	1 1 1 1 0 0 0 0 1 1 0 1 1 0 0 0
340	2	1 1 1 1 0 0 1 1 0 1 1 0 0 0 1 0
340	5	1 1 1 1 0 0 0 1 1 1 1 1 0 0 0 0
340	4	1 1 1 1 0 0 1 1 0 1 1 0 0 0 0 0
340	1	1 1 1 0 0 0 0 1 0 0 0 1 0 0 0 0
340	2	1 1 1 0 0 0 1 0 1 0 0 0 1 0 0 0
340	1	0 0 1 1 0 0 0 0 1 1 1 1 1 0 0 0
340	1	1 1 1 1 1 0 0 0 0 0 1 0 0 1 0 0
340	4	1 1 1 1 1 0 0 1 0 1 0 0 0 0 0 0
340	1	1 1 1 0 0 0 1 0 1 1 0 1 0 0 0 0
340	3	1 1 1 0 0 0 0 1 0 1 1 0 0 0 1 0
340	2	1 1 0 0 0 0 0 0 0 0 1 0 0 0 0 0
340	4	1 1 1 0 1 0 1 0 0 0 0 0 0 0 0 0
340	2	1 0 1 1 0 0 1 1 0 1 1 0 0 0 1 1
340	3	1 1 1 1 1 1 0 1 1 0 0 1 0 0 0 0
340	1	0 1 1 1 0 0 0 1 1 0 0 0 0 0 0 0
340	1	1 0 0 1 1 0 0 1 0 1 0 0 0 0 0 0
340	1	1 1 1 0 0 0 1 0 1 0 0 0 0 0 1 0
340	2	0 0 1 1 0 0 1 0 1 0 0 0 0 0 0 0
340	1	1 1 1 0 0 0 0 1 0 1 1 0 0 0 0 0
340	1	1 1 1 0 0 0 0 1 1 0 0 1 0 0 0 1
340	2	1 1 1 1 1 1 0 0 1 1 0 1 0 0 0 0
340	1	0 1 1 1 0 0 0 1 0 1 1 1 0 0 0 0
340	1	1 1 1 1 1 0 0 0 0 1 1 1 0 1 0 0
350	17	1 0 1 1 0 0 1 0 1 0 0 0 0 0 0 0
350	7	1 1 1 1 0 0 0 0 0 0 1 0 0 0 0 0
350	5	1 1 1 1 1 0 0 0 0 0 1 0 0 0 0 0
350	25	1 1 1 1 0 0 1 0 1 0 0 0 0 0 0 0
350	52	1 1 1 1 1 0 0 0 0 1 1 0 0 0 0 0
350	36	1 1 1 1 0 0 0 1 1 0 0 0 0 0 0 0
350	77	1 1 1 1 1 0 0 1 0 1 1 0 0 0 0 0
350	6	1 0 1 1 0 0 1 0 0 0 0 0 0 0 0 0
350	21	1 1 1 1 0 0 0 1 0 0 0 0 0 0 0 0
350	4	1 1 1 0 1 0 0 0 0 0 0 0 0 0 0 0
350	3	1 1 1 1 1 0 1 0 0 1 1 0 0 0 0 0
350	39	1 1 1 1 1 0 0 0 1 1 1 1 0 0 0 0
350	22	1 0 1 1 1 0 0 1 0 1 1 0 0 0 0 0
350	34	1 1 1 1 0 0 0 1 0 1 1 0 0 0 0 0
350	15	1 1 1 1 1 1 0 0 0 1 1 0 0 0 0 0
350	2	1 1 0 1 1 0 0 0 0 1 1 0 0 0 0 0
350	2	1 0 1 1 0 0 1 1 0 1 1 0 0 0 1 0
350	37	1 1 1 1 0 0 0 0 0 1 1 0 0 0 0 0
350	34	1 1 1 0 0 0 0 1 1 0 0 1 0 0 0 0
350	4	1 0 1 1 0 0 1 0 1 0 0 1 0 0 0 0
350	10	0 1 1 0 1 0 1 1 1 0 0 0 0 0 0 0
350	11	1 1 1 1 0 0 0 1 0 1 1 0 0 0 1 0
350	14	1 1 1 1 0 0 0 0 1 0 1 0 0 0 0 0
350	4	1 1 1 1 1 0 0 0 0 0 0 0 0 0 0 0
350	33	1 1 1 0 0 0 1 0 1 0 0 1 0 0 0 0
350	2	0 1 1 1 1 0 0 0 0 1 1 0 0 0 0 0
350	8	1 1 1 1 1 1 0 0 0 1 1 0 0 0 1 0
350	5	0 1 1 1 1 0 0 0 0 0 1 0 0 0 0 0
350	6	1 1 1 1 1 0 0 0 0 0 1 0 0 0 0 1
350	16	1 1 1 1 0 0 0 0 1 1 1 1 0 0 0 0
350	7	1 1 1 1 1 1 0 0 1 1 1 1 0 0 0 0
350	6	1 0 1 1 0 1 1 0 0 0 1 0 0 0 0 0
350	19	0 1 1 1 0 0 0 1 0 1 1 0 0 0 0 0
350	13	1 1 1 1 1 0 0 0 0 1 1 0 0 1 0 0
350	18	1 1 1 1 1 0 0 1 0 0 1 0 0 0 0 0
350	4	1 0 1 1 0 0 0 1 1 0 0 0 0 0 0 0
350	12	1 0 1 1 0 0 0 0 1 0 0 0 0 0 1 0
350	18	1 0 1 0 1 0 0 0 1 1 0 0 0 0 0 0
350	2	1 1 1 0 1 0 0 0 0 0 1 0 0 0 0 0
350	1	1 0 1 1 0 0 1 0 1 0 0 1 0 1 0 0
350	19	1 1 1 0 0 0 0 1 1 0 0 0 0 0 0 0
350	2	1 1 1 0 0 0 0 0 1 0 0 1 0 0 0 0
350	1	0 1 1 1 0 0 0 0 1 1 1 1 1 0 0 0
350	8	1 0 1 1 0 0 0 0 0 0 1 0 0 0 0 0
350	8	1 1 1 1 0 0 0 0 1 1 1 1 0 1 0 0
350	18	1 0 0 1 1 0 0 1 0 1 1 0 0 0 0 0
350	6	1 1 1 0 0 0 1 0 1 0 0 0 0 0 0 0
350	7	1 1 1 1 1 0 0 0 1 0 0 1 1 0 0 0
350	3	1 1 0 1 0 0 0 1 1 0 0 0 0 0 0 0
350	17	1 1 1 0 0 0 0 1 0 0 0 0 0 0 0 0
350	2	1 1 1 0 0 0 0 0 1 0 1 0 1 0 0 0
350	10	1 0 1 1 0 0 1 1 0 1 1 1 1 0 0 0
350	2	1 1 1 1 0 0 0 1 1 1 1 0 0 0 0 0
350	20	1 1 1 1 0 0 0 0 1 1 1 1 0 0 0 1
350	3	1 0 1 1 0 0 0 1 1 0 0 0 0 0 1 0
350	4	1 1 1 1 0 0 1 0 1 0 1 0 0 0 0 0
350	24	1 1 1 1 1 0 0 0 0 0 0 0 1 0 0 0
350	4	1 0 1 1 0 0 0 0 0 0 0 0 0 0 0 0
350	6	1 1 1 1 0 0 1 1 0 1 1 0 0 0 0 0
350	3	1 1 1 0 0 0 1 0 1 0 0 0 1 0 0 0
350	2	1 1 1 1 1 0 0 1 0 1 0 0 0 0 0 0
350	5	1 1 1 0 0 0 0 1 0 1 1 0 0 0 1 0
350	9	1 1 1 1 0 1 0 0 0 0 1 0 0 0 0 0
350	12	0 1 1 1 0 0 0 1 1 0 0 0 0 0 0 0
350	8	1 1 1 1 0 0 1 1 0 1 1 1 1 0 0 0
350	4	1 1 1 1 0 1 1 0 1 0 0 0 0 0 0 0
350	5	1 1 0 1 0 0 0 0 0 1 1 0 0 0 0 0
350	1	0 1 1 0 0 0 0 1 1 0 0 1 0 0 0 0
350	1	0 1 1 1 0 0 0 0 0 1 1 1 1 0 0 0
350	4	1 1 1 1 0 0 0 1 1 1 0 0 0 0 0 0
350	1	1 0 1 1 0 0 1 0 1 0 0 0 1 0 0 0
350	5	1 0 1 1 0 1 1 0 1 0 1 0 0 1 0 0
350	1	1 1 0 1 0 0 0 0 0 0 0 1 0 0 0 0
350	3	1 1 1 1 0 0 0 0 0 0 0 0 0 0 0 1
350	5	0 1 1 1 1 0 0 0 1 1 1 1 1 0 0 0
350	2	1 1 1 1 1 0 0 1 0 1 1 0 0 0 1 0
350	4	1 1 1 1 1 0 0 0 0 1 1 0 0 0 0 1
350	6	0 1 1 1 0 0 0 1 0 0 0 0 0 0 0 0
350	3	1 1 1 1 0 0 0 1 0 1 1 0 0 0 0 1
350	8	1 1 1 0 1 0 0 0 0 0 1 0 1 0 0 0
350	5	1 1 1 1 1 1 0 1 0 1 0 0 0 0 0 0
350	10	1 1 1 1 0 0 1 0 1 0 0 1 0 1 0 0
350	3	0 1 1 0 1 0 1 1 1 0 1 1 0 0 0 0
350	11	1 1 1 1 1 1 0 0 0 1 1 0 0 0 0 1
350	1	1 1 1 1 0 0 0 0 0 0 0 0 0 0 0 0
350	8	1 0 1 1 1 0 0 0 0 1 1 0 0 0 0 0
350	1	1 1 1 0 1 0 1 0 1 0 0 1 0 0 0 0
350	5	1 1 1 1 0 0 0 0 1 1 1 1 1 0 0 0
350	3	1 1 1 1 1 0 0 0 0 1 1 0 0 1 0 1
350	4	1 0 1 1 0 0 0 0 1 0 1 0 0 0 0 0
350	1	1 1 1 1 1 0 0 1 0 1 1 1 1 0 0 0
350	2	1 0 1 1 1 0 0 1 0 1 1 0 0 0 1 0
350	1	1 1 1 1 1 0 0 0 1 0 0 0 1 0 0 0
350	2	1 1 1 1 1 0 0 0 0 1 0 0 0 0 0 0
350	2	0 1 1 1 1 0 0 0 0 0 1 0 0 0 1 0
350	1	0 1 1 1 0 0 0 1 1 0 0 0 1 0 0 0
350	1	1 1 1 1 0 0 0 1 1 0 0 0 0 0 1 0
350	4	1 1 1 1 0 1 1 0 1 0 1 0 0 1 0 0
350	1	1 1 1 1 0 0 1 1 0 1 1 1 0 0 0 1
350	1	1 1 1 1 1 0 0 1 1 1 1 0 0 0 0 0
350	1	1 1 1 1 0 0 0 0 0 1 1 0 0 0 1 0
350	2	1 0 1 0 0 0 1 0 1 0 0 1 0 0 0 0
350	3	1 0 1 0 1 0 0 0 1 1 0 0 1 0 0 0
350	1	1 1 1 0 1 0 0 0 0 0 0 0 1 0 0 0
350	2	0 1 1 1 0 0 0 1 0 0 0 1 0 0 0 0
350	2	1 1 1 0 1 0 0 0 1 1 0 0 0 0 0 0
350	1	1 1 1 1 1 0 0 0 0 0 0 0 1 0 0 1
350	1	1 1 1 1 0 1 0 1 1 0 0 0 0 0 0 0
350	3	1 0 1 1 0 0 1 1 0 1 0 0 0 0 1 0
350	1	1 0 1 1 0 0 0 0 0 1 1 0 0 0 0 0
350	4	1 1 1 0 0 0 0 0 1 1 1 1 0 0 0 0
350	1	0 1 1 1 0 0 0 1 0 1 1 1 0 0 0 0
350	1	1 0 1 0 1 0 0 0 1 1 0 1 0 0 0 0
350	2	1 1 1 1 0 0 0 0 1 1 0 1 0 0 0 1
350	1	0 1 1 0 0 0 0 1 1 0 0 0 0 0 1 0
360	8	1 0 1 1 0 0 1 0 1 0 0 0 0 0 0 0
360	1	1 1 1 1 0 0 0 0 0 0 1 0 0 0 0 0
360	1	1 1 1 1 1 0 0 0 0 0 1 0 0 0 0 0
360	9	1 1 1 1 0 0 1 0 1 0 0 0 0 0 0 0
360	16	1 1 1 1 1 0 0 0 0 1 1 0 0 0 0 0
360	7	1 1 1 1 0 0 0 1 1 0 0 0 0 0 0 0
360	73	1 1 1 1 1 0 0 1 0 1 1 0 0 0 0 0
360	12	1 0 1 1 0 0 1 0 0 0 0 0 0 0 0 0
360	14	1 1 1 1 0 0 0 1 0 0 0 0 0 0 0 0
360	3	1 1 1 0 1 0 0 0 0 0 0 0 0 0 0 0
360	17	1 1 1 1 1 0 0 0 1 1 1 1 0 0 0 0
360	16	1 0 1 1 1 0 0 1 0 1 1 0 0 0 0 0
360	54	1 1 1 1 0 0 0 1 0 1 1 0 0 0 0 0
360	1	1 1 1 1 1 1 0 0 0 1 1 0 0 0 0 0
360	54	1 1 1 1 0 0 0 0 0 1 1 0 0 0 0 0
360	57	1 1 1 0 0 0 0 1 1 0 0 1 0 0 0 0
360	1	1 0 1 1 0 0 1 0 1 0 0 1 0 0 0 0
360	11	0 1 1 0 1 0 1 1 1 0 0 0 0 0 0 0
360	21	1 1 1 1 0 0 0 0 1 0 1 0 0 0 0 0
360	1	1 1 1 1 1 0 0 0 0 0 0 0 0 0 0 0
360	36	1 1 1 0 0 0 1 0 1 0 0 1 0 0 0 0
360	12	0 1 1 1 1 0 0 0 0 0 1 0 0 0 0 0
360	5	1 1 1 1 1 0 0 0 0 0 1 0 0 0 0 1
360	30	1 1 1 1 0 0 0 0 1 1 1 1 0 0 0 0
360	2	1 0 1 1 0 1 1 0 0 0 1 0 0 0 0 0
360	25	0 1 1 1 0 0 0 1 0 1 1 0 0 0 0 0
360	14	1 1 1 1 1 0 0 0 0 1 1 0 0 1 0 0
360	29	1 1 1 1 1 0 0 1 0 0 1 0 0 0 0 0
360	5	1 0 1 1 0 0 0 0 1 0 0 0 0 0 1 0
360	1	1 0 1 0 1 0 0 0 1 1 0 0 0 0 0 0
360	11	1 1 1 0 0 0 0 1 1 0 0 0 0 0 0 0
360	5	1 1 1 0 0 0 0 0 1 0 0 1 0 0 0 0
360	28	1 0 1 1 0 0 0 0 0 0 1 0 0 0 0 0
360	16	1 0 0 1 1 0 0 1 0 1 1 0 0 0 0 0
360	14	1 1 1 0 0 0 1 0 1 0 0 0 0 0 0 0
360	2	1 1 1 1 1 0 0 0 1 0 0 1 1 0 0 0
360	5	1 1 0 1 0 0 0 1 1 0 0 0 0 0 0 0
360	13	1 1 1 0 0 0 0 1 0 0 0 0 0 0 0 0
360	28	1 1 1 1 0 0 0 0 1 1 1 1 0 0 0 1
360	34	1 1 1 1 1 0 0 0 0 0 0 0 1 0 0 0
360	17	1 1 1 1 0 0 1 1 0 1 1 0 0 0 0 0
360	13	1 1 1 0 0 0 0 1 0 1 1 0 0 0 1 0
360	11	1 1 1 1 0 1 0 0 0 0 1 0 0 0 0 0
360	3	0 1 1 1 0 0 0 1 1 0 0 0 0 0 0 0
360	4	1 1 1 1 0 0 1 1 0 1 1 1 1 0 0 0
360	3	1 1 0 1 0 0 0 0 0 1 1 0 0 0 0 0
360	1	1 1 1 1 0 0 0 1 1 1 0 0 0 0 0 0
360	7	1 0 1 1 0 0 1 0 1 0 0 0 1 0 0 0
360	7	1 1 1 1 0 0 0 0 0 0 0 0 0 0 0 1
360	11	0 1 1 1 0 0 0 1 0 0 0 0 0 0 0 0
360	9	1 1 1 1 1 1 0 1 0 1 0 0 0 0 0 0
360	4	1 1 1 1 0 0 1 0 1 0 0 1 0 1 0 0
360	4	1 1 1 1 1 1 0 0 0 1 1 0 0 0 0 1
360	4	1 0 1 1 1 0 0 0 0 1 1 0 0 0 0 0
360	6	1 1 1 1 1 0 0 0 0 1 1 0 0 1 0 1
360	1	0 1 1 1 1 0 0 0 0 0 1 0 0 0 1 0
360	17	1 0 1 0 1 0 0 0 1 1 0 0 1 0 0 0
360	2	1 1 1 0 1 0 0 0 1 1 0 0 0 0 0 0
360	5	1 0 1 1 0 0 1 1 0 1 0 0 0 0 1 0
360	5	1 1 1 1 0 0 0 0 1 1 0 1 0 0 0 1
360	2	1 1 1 1 0 0 0 1 1 0 0 0 0 0 0 1
360	7	1 1 1 0 0 1 0 1 1 0 0 0 0 0 0 0
360	2	0 0 1 0 1 0 1 1 1 0 1 1 0 0 0 0
360	1	1 1 1 1 0 1 1 0 1 0 1 0 0 1 0 1
360	1	1 0 1 1 0 0 0 1 1 0 0 1 0 0 0 0
360	4	0 1 1 1 0 0 0 0 0 1 1 0 0 0 0 0
360	26	1 1 1 1 1 0 0 1 1 0 0 0 0 0 0 0
360	1	1 1 1 1 0 0 0 1 1 0 1 0 0 0 0 0
360	3	1 1 1 0 1 0 1 0 1 0 0 1 0 0 0 0
360	7	1 1 1 1 1 0 0 0 1 0 1 0 0 0 0 0
360	3	0 1 1 0 0 0 0 1 0 1 1 0 0 0 0 0
360	11	0 1 1 1 0 0 0 1 1 0 0 1 0 0 0 0
360	1	1 1 1 0 0 0 1 0 0 1 1 0 0 0 0 0
360	1	1 1 1 1 0 0 0 0 1 1 0 1 0 0 0 0
360	4	1 1 1 1 1 0 0 0 0 0 1 0 0 1 0 0
360	1	1 0 1 0 0 0 0 1 1 0 0 1 0 0 0 0
360	21	1 1 1 1 0 0 0 0 1 0 0 0 0 0 0 0
360	4	1 1 1 1 0 0 0 0 1 1 1 0 1 0 0 0
360	5	1 0 1 1 1 0 0 0 0 0 0 0 1 0 0 0
360	6	1 1 1 0 1 0 0 1 0 1 1 0 0 0 0 0
360	6	1 1 1 1 1 1 0 1 0 1 1 0 0 0 0 0
360	5	0 1 1 1 1 0 0 1 0 1 1 0 0 0 0 0
360	1	1 1 0 1 1 0 0 0 1 0 1 0 0 0 0 0
360	2	1 1 1 1 1 0 0 0 1 1 1 1 0 0 1 0
360	1	1 1 1 0 1 0 0 0 1 1 1 1 0 0 0 0
360	5	1 1 1 0 0 0 1 0 1 0 0 1 0 0 1 0
360	2	1 1 1 1 0 0 1 1 0 1 1 0 0 0 0 1
360	3	1 1 1 0 0 0 0 1 0 1 0 0 0 0 1 0
360	1	1 1 1 0 0 1 0 0 0 0 1 0 0 0 0 0
360	6	1 1 1 0 1 0 1 0 0 1 1 0 0 0 0 0
360	2	1 1 1 1 0 0 0 1 0 1 1 0 0 0 1 0
360	3	1 1 1 1 0 0 0 0 1 0 0 1 0 0 0 1
360	1	1 1 1 1 0 0 0 1 1 1 1 1 0 0 0 0
360	2	1 1 1 1 1 0 0 1 0 1 1 0 0 0 1 0
360	2	1 1 0 1 0 0 1 0 0 1 1 0 0 0 0 0
360	2	0 1 1 1 0 0 1 1 0 1 1 1 1 0 0 0
360	4	1 1 1 0 0 0 0 0 1 1 1 1 0 0 1 0
360	2	1 0 0 0 0 0 1 0 1 0 0 1 0 0 0 0
360	1	1 1 1 1 0 0 1 1 0 1 1 1 0 0 0 0
360	1	1 1 1 1 0 0 0 1 0 1 0 0 0 0 0 0
360	4	1 1 1 0 0 0 0 1 0 0 0 1 0 0 0 0
360	3	1 1 1 1 1 1 0 0 0 1 1 0 0 1 0 0
360	3	1 1 1 0 1 0 0 0 0 1 1 0 0 1 0 0
360	1	1 0 0 1 1 0 0 1 1 1 1 0 0 0 0 0
370	1	1 0 1 1 0 0 1 0 1 0 0 0 0 0 0 0
370	5	1 1 1 1 1 0 0 0 0 1 1 0 0 0 0 0
370	12	1 1 1 1 0 0 0 1 1 0 0 0 0 0 0 0
370	20	1 1 1 1 1 0 0 1 0 1 1 0 0 0 0 0
370	23	1 0 1 1 0 0 1 0 0 0 0 0 0 0 0 0
370	1	1 1 1 1 0 0 0 1 0 0 0 0 0 0 0 0
370	16	1 1 1 0 1 0 0 0 0 0 0 0 0 0 0 0
370	47	1 1 1 1 1 0 0 0 1 1 1 1 0 0 0 0
370	3	1 0 1 1 1 0 0 1 0 1 1 0 0 0 0 0
370	55	1 1 1 1 0 0 0 1 0 1 1 0 0 0 0 0
370	39	1 1 1 1 0 0 0 0 0 1 1 0 0 0 0 0
370	56	1 1 1 0 0 0 0 1 1 0 0 1 0 0 0 0
370	6	0 1 1 0 1 0 1 1 1 0 0 0 0 0 0 0
370	35	1 1 1 1 0 0 0 0 1 0 1 0 0 0 0 0
370	10	1 1 1 0 0 0 1 0 1 0 0 1 0 0 0 0
370	19	0 1 1 1 1 0 0 0 0 0 1 0 0 0 0 0
370	6	1 1 1 1 0 0 0 0 1 1 1 1 0 0 0 0
370	19	0 1 1 1 0 0 0 1 0 1 1 0 0 0 0 0
370	10	1 1 1 1 1 0 0 0 0 1 1 0 0 1 0 0
370	40	1 1 1 1 1 0 0 1 0 0 1 0 0 0 0 0
370	12	1 1 1 0 0 0 0 1 1 0 0 0 0 0 0 0
370	2	1 1 1 0 0 0 0 0 1 0 0 1 0 0 0 0
370	45	1 0 1 1 0 0 0 0 0 0 1 0 0 0 0 0
370	23	1 0 0 1 1 0 0 1 0 1 1 0 0 0 0 0
370	11	1 1 1 0 0 0 1 0 1 0 0 0 0 0 0 0
370	3	1 1 0 1 0 0 0 1 1 0 0 0 0 0 0 0
370	6	1 1 1 0 0 0 0 1 0 0 0 0 0 0 0 0
370	4	1 1 1 1 0 0 0 0 1 1 1 1 0 0 0 1
370	40	1 1 1 1 1 0 0 0 0 0 0 0 1 0 0 0
370	7	1 1 1 1 0 0 1 1 0 1 1 0 0 0 0 0
370	6	1 1 1 1 0 1 0 0 0 0 1 0 0 0 0 0
370	6	1 1 1 1 0 0 1 1 0 1 1 1 1 0 0 0
370	9	1 1 0 1 0 0 0 0 0 1 1 0 0 0 0 0
370	10	1 1 1 1 0 0 0 0 0 0 0 0 0 0 0 1
370	5	1 1 1 1 1 1 0 1 0 1 0 0 0 0 0 0
370	16	1 1 1 1 0 0 1 0 1 0 0 1 0 1 0 0
370	1	1 1 1 1 1 1 0 0 0 1 1 0 0 0 0 1
370	1	1 0 1 1 1 0 0 0 0 1 1 0 0 0 0 0
370	6	1 1 1 1 1 0 0 0 0 1 1 0 0 1 0 1
370	4	1 0 1 0 1 0 0 0 1 1 0 0 1 0 0 0
370	17	1 1 1 1 0 0 0 1 1 0 0 0 0 0 0 1
370	3	1 1 1 0 0 1 0 1 1 0 0 0 0 0 0 0
370	1	1 1 1 1 0 1 1 0 1 0 1 0 0 1 0 1
370	2	0 1 1 1 0 0 0 0 0 1 1 0 0 0 0 0
370	43	1 1 1 1 1 0 0 1 1 0 0 0 0 0 0 0
370	1	1 1 1 1 1 0 0 0 1 0 1 0 0 0 0 0
370	3	0 1 1 0 0 0 0 1 0 1 1 0 0 0 0 0
370	12	1 1 1 1 0 0 0 0 1 0 0 0 0 0 0 0
370	4	1 1 1 0 1 0 0 1 0 1 1 0 0 0 0 0
370	3	1 1 1 1 1 0 0 0 1 1 1 1 0 0 1 0
370	14	1 1 1 0 1 0 0 0 1 1 1 1 0 0 0 0
370	2	1 1 1 0 1 0 1 0 0 1 1 0 0 0 0 0
370	4	1 1 0 1 0 0 1 0 0 1 1 0 0 0 0 0
370	2	1 1 1 0 0 0 0 1 0 0 0 1 0 0 0 0
370	16	1 1 1 0 1 0 0 0 0 1 1 0 0 1 0 0
370	9	1 1 1 1 1 0 1 1 0 1 1 0 0 0 0 0
370	6	1 1 1 1 1 0 0 1 0 1 0 0 0 0 0 0
370	11	0 1 1 1 0 0 0 1 1 1 1 0 0 0 0 0
370	11	1 1 1 0 0 0 0 0 1 0 0 0 0 0 0 0
370	4	1 1 1 0 0 0 1 0 0 1 0 0 0 0 1 0
370	5	1 0 1 1 0 0 1 0 1 1 0 0 1 0 0 0
370	5	1 1 1 1 0 0 0 0 0 1 1 0 0 0 0 1
370	4	1 1 0 1 0 0 0 0 0 1 0 0 0 0 0 0
370	3	1 1 1 0 1 0 0 0 1 1 0 0 1 0 0 0
370	10	1 1 1 1 1 0 0 0 1 1 1 0 0 0 0 0
370	9	1 1 1 0 0 0 0 1 0 1 1 0 0 0 0 0
370	6	1 1 1 1 1 0 0 0 0 0 0 0 0 0 0 0
370	7	1 1 1 0 0 0 0 1 1 1 0 1 0 0 0 0
370	6	1 0 1 1 1 0 1 0 1 0 0 0 1 0 0 0
370	9	1 1 1 1 1 0 0 0 1 0 0 0 0 0 0 0
370	1	0 0 1 0 1 0 0 0 1 1 0 0 1 0 0 0
370	4	1 1 1 1 1 0 0 1 1 0 0 1 0 0 0 0
370	8	1 1 1 1 0 0 1 0 1 0 1 0 0 0 0 0
370	4	1 1 0 1 0 0 1 0 0 1 0 0 0 0 0 0
370	5	1 1 1 1 1 0 0 1 0 1 1 0 0 0 0 1
370	1	1 1 1 1 0 0 0 0 0 1 1 0 0 1 0 0
370	4	0 1 1 1 0 0 0 1 0 1 1 0 1 0 0 0
370	2	1 1 1 0 0 0 1 1 0 1 1 0 0 0 1 0
370	1	1 1 1 1 0 1 0 0 0 0 0 0 0 0 0 0
370	4	0 1 1 1 0 0 0 1 1 0 0 0 0 0 0 1
370	4	1 1 1 1 1 0 0 1 1 0 0 0 0 0 0 1
370	5	1 1 1 1 1 0 0 0 1 0 0 0 1 1 0 0
370	7	1 0 1 1 0 0 0 0 0 1 1 0 0 0 0 0
370	1	1 1 1 0 0 0 1 0 0 0 0 0 1 0 0 0
370	1	1 1 1 1 0 0 0 1 1 1 1 0 0 0 0 0
370	10	0 1 1 0 0 0 0 0 0 0 0 0 1 0 0 0
370	8	1 1 1 1 0 0 0 0 1 1 1 0 0 0 0 0
370	2	1 1 1 1 1 0 0 0 0 0 0 0 1 0 1 0
370	3	1 0 1 1 1 0 0 0 1 1 0 0 1 0 0 0
370	1	1 0 1 1 0 0 0 0 1 0 0 1 0 0 0 1
370	2	1 1 1 0 0 0 1 0 0 1 0 0 0 0 0 0
370	1	1 0 1 1 1 0 0 0 0 0 0 0 0 0 0 0
370	3	1 1 1 1 0 0 0 0 0 0 1 0 0 0 1 0
370	2	1 1 1 0 1 0 0 0 0 0 0 1 0 1 0 0
370	2	1 1 0 1 1 0 0 1 0 1 1 0 0 0 0 0
370	4	1 1 1 1 1 0 0 0 1 0 0 0 1 0 0 0
370	2	1 1 1 0 0 0 0 0 0 0 0 0 0 0 0 1
370	10	1 1 0 1 1 0 1 0 0 1 1 0 0 0 0 0
370	1	1 1 1 0 0 0 0 1 1 0 1 0 0 0 0 0
370	2	1 1 1 0 0 0 0 0 0 1 1 0 0 0 0 0
370	1	1 0 1 1 1 0 0 1 0 0 1 0 0 0 0 0
370	1	0 1 1 0 0 0 0 1 1 0 0 1 0 0 0 0
370	1	1 1 0 1 1 0 0 1 0 0 1 0 0 0 0 0
370	5	1 1 1 1 1 1 0 0 0 1 0 0 0 0 0 1
370	2	0 1 1 1 0 0 0 1 0 0 1 0 1 0 0 0
370	1	1 1 1 1 0 0 0 0 1 0 1 0 0 1 0 0
370	1	1 0 1 1 0 0 0 0 0 0 1 0 0 0 0 1
370	3	0 1 1 1 0 0 1 1 1 0 0 0 0 0 0 0
370	2	1 1 1 1 1 0 0 0 0 0 0 0 0 0 0 1
370	1	1 1 1 0 0 0 1 1 1 0 0 1 0 0 0 0
370	1	1 1 1 0 0 0 0 1 1 0 0 1 0 0 0 1
370	1	0 1 1 0 1 0 1 1 1 0 1 0 0 0 0 0
370	2	1 0 1 1 0 0 0 0 0 0 1 0 0 0 1 0
370	1	1 1 0 1 0 0 1 0 0 1 1 0 0 0 0 1
380	8	1 1 1 1 1 0 0 0 0 1 1 0 0 0 0 0
380	10	1 1 1 1 0 0 0 1 1 0 0 0 0 0 0 0
380	45	1 1 1 1 1 0 0 1 0 1 1 0 0 0 0 0
380	12	1 0 1 1 0 0 1 0 0 0 0 0 0 0 0 0
380	13	1 1 1 1 0 0 0 1 0 0 0 0 0 0 0 0
380	13	1 1 1 0 1 0 0 0 0 0 0 0 0 0 0 0
380	54	1 1 1 1 1 0 0 0 1 1 1 1 0 0 0 0
380	18	1 1 1 1 0 0 0 1 0 1 1 0 0 0 0 0
380	36	1 1 1 1 0 0 0 0 0 1 1 0 0 0 0 0
380	65	1 1 1 0 0 0 0 1 1 0 0 1 0 0 0 0
380	36	1 1 1 1 0 0 0 0 1 0 1 0 0 0 0 0
380	28	1 1 1 0 0 0 1 0 1 0 0 1 0 0 0 0
380	7	0 1 1 1 1 0 0 0 0 0 1 0 0 0 0 0
380	32	1 1 1 1 1 0 0 0 0 1 1 0 0 1 0 0
380	16	1 1 1 1 1 0 0 1 0 0 1 0 0 0 0 0
380	11	1 1 1 0 0 0 0 1 1 0 0 0 0 0 0 0
380	16	1 0 1 1 0 0 0 0 0 0 1 0 0 0 0 0
380	17	1 0 0 1 1 0 0 1 0 1 1 0 0 0 0 0
380	29	1 1 1 0 0 0 1 0 1 0 0 0 0 0 0 0
380	28	1 1 1 0 0 0 0 1 0 0 0 0 0 0 0 0
380	62	1 1 1 1 1 0 0 0 0 0 0 0 1 0 0 0
380	15	1 1 1 1 0 0 0 0 0 0 0 0 0 0 0 1
380	15	1 1 1 1 1 1 0 1 0 1 0 0 0 0 0 0
380	9	1 1 1 1 0 0 1 0 1 0 0 1 0 1 0 0
380	5	1 0 1 1 1 0 0 0 0 1 1 0 0 0 0 0
380	5	1 1 1 1 1 0 0 0 0 1 1 0 0 1 0 1
380	3	1 0 1 0 1 0 0 0 1 1 0 0 1 0 0 0
380	21	1 1 1 1 0 0 0 1 1 0 0 0 0 0 0 1
380	9	1 1 1 0 0 1 0 1 1 0 0 0 0 0 0 0
380	22	1 1 1 1 1 0 0 1 1 0 0 0 0 0 0 0
380	4	1 1 1 1 1 0 0 0 1 0 1 0 0 0 0 0
380	6	1 1 1 1 0 0 0 0 1 0 0 0 0 0 0 0
380	5	1 1 1 1 1 0 0 0 1 1 1 1 0 0 1 0
380	15	1 1 1 0 1 0 0 0 1 1 1 1 0 0 0 0
380	2	1 1 1 0 1 0 1 0 0 1 1 0 0 0 0 0
380	1	1 1 0 1 0 0 1 0 0 1 1 0 0 0 0 0
380	14	1 1 1 0 1 0 0 0 0 1 1 0 0 1 0 0
380	6	1 1 1 1 1 0 1 1 0 1 1 0 0 0 0 0
380	14	1 1 1 1 1 0 0 1 0 1 0 0 0 0 0 0
380	7	0 1 1 1 0 0 0 1 1 1 1 0 0 0 0 0
380	8	1 1 1 0 0 0 0 0 1 0 0 0 0 0 0 0
380	8	1 0 1 1 0 0 1 0 1 1 0 0 1 0 0 0
380	1	1 1 1 1 0 0 0 0 0 1 1 0 0 0 0 1
380	11	1 1 1 1 1 0 0 0 1 1 1 0 0 0 0 0
380	7	1 1 1 0 0 0 0 1 0 1 1 0 0 0 0 0
380	2	1 1 1 1 1 0 0 0 0 0 0 0 0 0 0 0
380	3	1 1 1 1 1 0 0 0 1 0 0 0 0 0 0 0
380	10	1 1 1 1 1 0 0 1 1 0 0 1 0 0 0 0
380	11	1 1 1 1 0 0 1 0 1 0 1 0 0 0 0 0
380	13	1 1 1 1 1 0 0 1 0 1 1 0 0 0 0 1
380	4	0 1 1 1 0 0 0 1 0 1 1 0 1 0 0 0
380	12	0 1 1 0 0 0 0 0 0 0 0 0 1 0 0 0
380	9	1 1 1 1 0 0 0 0 1 1 1 0 0 0 0 0
380	18	1 1 0 1 1 0 0 1 0 1 1 0 0 0 0 0
380	4	1 1 1 1 1 0 0 0 1 0 0 0 1 0 0 0
380	2	1 1 1 0 0 0 0 1 1 0 1 0 0 0 0 0
380	2	1 1 1 0 0 0 0 0 0 1 1 0 0 0 0 0
380	1	1 0 1 1 1 0 0 1 0 0 1 0 0 0 0 0
380	1	0 1 1 1 0 0 0 1 0 0 1 0 1 0 0 0
380	3	1 1 0 1 0 0 1 0 0 1 1 0 0 0 0 1
380	3	1 1 0 0 0 0 0 1 1 0 0 1 0 0 0 0
380	3	1 1 1 1 1 1 0 0 0 1 0 0 0 0 0 0
380	2	1 1 1 0 1 0 0 0 1 1 1 1 0 0 0 1
380	11	1 1 1 0 0 0 0 1 0 0 1 0 0 0 0 0
380	3	1 1 1 1 0 0 1 0 1 0 0 1 0 0 0 0
380	1	1 1 1 1 1 0 0 0 1 1 1 1 0 0 0 1
380	7	1 1 1 0 0 0 1 0 1 0 0 1 0 1 0 0
380	6	1 1 1 1 1 1 0 1 1 0 0 1 0 0 0 0
380	2	1 0 1 1 0 0 0 0 1 0 1 0 0 0 0 0
380	3	1 0 0 1 0 0 1 0 0 1 0 0 0 0 0 0
380	5	1 1 1 0 1 0 0 0 1 1 1 1 1 0 0 0
380	5	1 1 1 0 1 0 0 1 0 1 0 0 0 0 0 0
380	2	1 1 1 0 0 0 0 0 1 0 1 0 0 0 0 0
380	3	1 0 0 1 0 0 0 1 0 0 0 0 0 0 0 0
380	2	1 1 0 1 1 0 0 1 0 0 1 0 0 0 0 0
380	15	1 1 1 1 1 1 0 1 0 1 1 0 0 0 0 0
380	2	1 1 1 1 0 0 1 0 1 1 0 1 0 1 0 0
380	9	1 1 1 1 0 0 1 0 1 0 0 1 0 0 1 0
380	2	0 1 1 1 0 0 1 1 1 0 1 0 0 0 0 0
380	5	1 1 1 1 1 0 0 0 1 0 1 1 0 0 0 1
380	3	1 1 1 1 0 0 0 1 0 0 1 1 0 0 0 0
380	2	1 1 1 1 0 0 0 0 0 1 0 0 0 0 0 0
380	4	1 1 1 1 0 0 0 1 0 0 0 1 0 0 0 0
380	1	1 1 1 1 1 0 0 0 0 0 0 1 0 0 0 0
380	2	1 1 1 0 0 0 0 1 1 0 0 1 1 0 0 0
380	3	1 1 1 1 0 0 0 1 1 0 1 0 0 0 0 0
380	3	1 1 1 1 1 0 0 0 1 0 0 1 0 0 0 1
380	1	1 1 1 0 0 0 0 0 0 1 1 0 0 1 0 1
380	1	1 1 1 1 0 0 0 0 1 1 1 1 0 0 0 0
380	2	1 0 1 1 0 0 1 0 1 0 0 1 0 0 0 0
380	1	1 1 1 0 1 0 0 0 0 0 0 0 1 0 0 0
380	1	1 1 0 1 1 0 0 1 0 0 0 1 0 0 0 0
380	2	1 0 1 1 0 0 0 0 0 0 0 0 0 0 0 0
380	3	1 1 0 1 1 0 0 0 1 1 1 1 0 0 0 0
380	2	1 1 1 0 0 0 1 0 1 0 0 0 1 0 0 0
380	3	1 1 1 1 0 0 0 1 0 1 1 1 1 0 0 0
380	1	1 1 1 0 0 1 0 1 1 0 0 0 0 1 0 0
380	1	0 1 1 1 0 0 0 1 1 1 1 0 1 0 0 0
380	1	1 1 1 1 1 0 0 1 1 1 0 1 0 0 0 0
380	1	1 1 1 1 0 0 0 0 1 1 1 0 0 0 1 0
380	1	1 0 1 1 1 0 1 0 0 0 1 0 0 0 0 0
380	1	1 1 1 0 0 0 0 0 0 0 0 0 0 0 0 0
380	1	1 1 1 1 0 0 0 0 1 0 1 0 0 0 1 0
380	2	1 0 1 1 1 0 0 0 0 0 1 0 0 0 0 0
380	1	1 0 0 1 1 0 1 1 0 1 1 0 0 0 0 0
380	1	1 1 1 0 0 0 0 1 0 1 1 1 0 0 0 0
390	12	1 1 1 1 0 0 0 1 1 0 0 0 0 0 0 0
390	59	1 1 1 1 1 0 0 1 0 1 1 0 0 0 0 0
390	16	1 0 1 1 0 0 1 0 0 0 0 0 0 0 0 0
390	30	1 1 1 1 0 0 0 1 0 0 0 0 0 0 0 0
390	9	1 1 1 0 1 0 0 0 0 0 0 0 0 0 0 0
390	60	1 1 1 1 1 0 0 0 1 1 1 1 0 0 0 0
390	21	1 1 1 1 0 0 0 1 0 1 1 0 0 0 0 0
390	47	1 1 1 1 0 0 0 0 0 1 1 0 0 0 0 0
390	43	1 1 1 0 0 0 0 1 1 0 0 1 0 0 0 0
390	37	1 1 1 1 0 0 0 0 1 0 1 0 0 0 0 0
390	6	1 1 1 0 0 0 1 0 1 0 0 1 0 0 0 0
390	14	1 1 1 1 1 0 0 0 0 1 1 0 0 1 0 0
390	17	1 1 1 1 1 0 0 1 0 0 1 0 0 0 0 0
390	5	1 1 1 0 0 0 0 1 1 0 0 0 0 0 0 0
390	33	1 0 1 1 0 0 0 0 0 0 1 0 0 0 0 0
390	1	1 0 0 1 1 0 0 1 0 1 1 0 0 0 0 0
390	16	1 1 1 0 0 0 1 0 1 0 0 0 0 0 0 0
390	12	1 1 1 0 0 0 0 1 0 0 0 0 0 0 0 0
390	27	1 1 1 1 1 0 0 0 0 0 0 0 1 0 0 0
390	15	1 1 1 1 0 0 0 0 0 0 0 0 0 0 0 1
390	4	1 1 1 1 1 1 0 1 0 1 0 0 0 0 0 0
390	10	1 1 1 1 0 0 1 0 1 0 0 1 0 1 0 0
390	7	1 1 1 1 1 0 0 0 0 1 1 0 0 1 0 1
390	44	1 1 1 1 1 0 0 1 1 0 0 0 0 0 0 0
390	1	1 1 1 1 0 0 0 0 1 0 0 0 0 0 0 0
390	38	1 1 1 0 1 0 0 0 1 1 1 1 0 0 0 0
390	4	1 1 1 0 1 0 1 0 0 1 1 0 0 0 0 0
390	3	1 1 1 0 1 0 0 0 0 1 1 0 0 1 0 0
390	4	1 1 1 1 1 0 1 1 0 1 1 0 0 0 0 0
390	17	1 1 1 1 1 0 0 1 0 1 0 0 0 0 0 0
390	4	1 1 1 0 0 0 0 0 1 0 0 0 0 0 0 0
390	4	1 0 1 1 0 0 1 0 1 1 0 0 1 0 0 0
390	19	1 1 1 1 1 0 0 0 1 1 1 0 0 0 0 0
390	21	1 1 1 0 0 0 0 1 0 1 1 0 0 0 0 0
390	7	1 1 1 1 1 0 0 0 0 0 0 0 0 0 0 0
390	22	1 1 1 1 1 0 0 1 1 0 0 1 0 0 0 0
390	11	1 1 1 1 0 0 1 0 1 0 1 0 0 0 0 0
390	4	1 1 1 1 1 0 0 1 0 1 1 0 0 0 0 1
390	9	0 1 1 1 0 0 0 1 0 1 1 0 1 0 0 0
390	8	0 1 1 0 0 0 0 0 0 0 0 0 1 0 0 0
390	1	1 1 1 1 0 0 0 0 1 1 1 0 0 0 0 0
390	29	1 1 0 1 1 0 0 1 0 1 1 0 0 0 0 0
390	9	1 1 1 1 1 0 0 0 1 0 0 0 1 0 0 0
390	3	1 1 1 0 0 0 0 0 0 1 1 0 0 0 0 0
390	1	1 1 1 0 0 0 0 1 0 0 1 0 0 0 0 0
390	5	1 1 1 1 0 0 1 0 1 0 0 1 0 0 0 0
390	4	1 1 1 1 1 0 0 0 1 1 1 1 0 0 0 1
390	1	1 1 1 0 0 0 1 0 1 0 0 1 0 1 0 0
390	5	1 0 0 1 0 0 1 0 0 1 0 0 0 0 0 0
390	7	1 1 1 0 1 0 0 0 1 1 1 1 1 0 0 0
390	4	1 1 1 0 1 0 0 1 0 1 0 0 0 0 0 0
390	7	1 1 1 1 1 1 0 1 0 1 1 0 0 0 0 0
390	6	1 1 1 1 0 0 1 0 1 0 0 1 0 0 1 0
390	2	1 1 1 1 1 0 0 0 1 0 1 1 0 0 0 1
390	2	1 1 1 1 0 0 0 1 0 0 1 1 0 0 0 0
390	5	1 1 1 1 0 0 0 1 1 0 1 0 0 0 0 0
390	7	1 1 1 1 1 0 0 0 1 0 0 1 0 0 0 1
390	6	1 1 1 1 0 0 0 0 1 1 1 1 0 0 0 0
390	1	1 0 1 1 0 0 1 0 1 0 0 1 0 0 0 0
390	3	1 1 0 1 1 0 0 0 1 1 1 1 0 0 0 0
390	3	0 1 1 1 0 0 0 1 1 1 1 0 1 0 0 0
390	3	1 1 1 1 0 0 0 0 1 0 1 0 0 0 1 0
390	2	1 1 1 0 0 0 0 1 0 1 1 1 0 0 0 0
390	1	1 1 1 1 1 0 0 0 1 1 0 0 0 0 0 0
390	3	1 1 1 0 1 0 0 1 0 1 1 0 0 0 0 0
390	3	1 1 1 1 0 0 0 0 0 1 1 0 1 0 0 0
390	1	1 1 1 0 0 0 0 0 0 0 0 0 1 0 0 0
390	15	1 1 1 1 0 1 0 1 0 1 1 0 0 0 0 0
390	3	1 1 1 1 1 0 0 1 0 0 0 0 1 0 0 0
390	2	1 1 1 0 1 0 0 0 0 1 1 0 0 1 0 1
390	10	1 1 1 1 1 1 0 0 1 1 0 0 0 0 0 0
390	3	1 1 1 1 1 0 1 0 1 0 0 1 0 0 1 0
390	6	1 1 1 1 1 0 0 1 1 1 1 0 0 0 0 0
390	10	1 1 1 0 0 0 0 1 0 1 0 0 0 0 0 0
390	2	1 1 1 0 0 0 0 1 1 0 0 1 0 1 0 0
390	7	1 1 1 1 1 0 0 1 0 0 1 0 0 0 1 0
390	4	1 0 1 0 0 0 0 1 1 0 0 0 0 0 0 0
390	9	1 1 1 1 0 0 0 1 1 0 1 0 0 1 0 0
390	3	1 1 1 1 1 0 0 1 0 1 1 0 0 1 0 0
390	4	1 0 1 1 1 0 0 0 1 1 1 0 0 0 0 0
390	4	1 1 1 1 0 0 0 0 0 0 1 0 0 0 0 0
390	7	1 0 1 1 0 0 1 0 0 0 1 0 0 0 0 0
390	1	1 1 1 1 1 0 1 1 1 0 0 0 0 0 0 0
390	1	1 1 0 1 1 0 0 0 0 0 0 0 0 0 0 0
390	1	1 0 1 1 1 0 0 0 1 0 0 1 0 0 0 0
390	8	1 0 1 1 1 0 0 0 1 1 1 1 0 0 0 0
390	3	1 1 1 1 0 0 0 0 1 0 1 0 0 0 0 1
390	3	0 1 1 1 1 0 0 0 0 1 1 0 0 1 0 0
390	6	1 1 1 0 0 0 0 1 1 0 0 0 0 0 0 1
390	5	1 0 1 0 0 0 0 0 0 0 1 0 0 0 0 0
390	5	1 1 1 0 1 0 0 0 0 0 0 0 1 0 0 0
390	3	1 1 1 0 0 0 0 1 0 1 1 0 0 0 1 0
390	2	1 1 1 0 0 1 0 1 0 1 1 0 0 0 0 0
390	5	1 1 1 0 1 0 0 1 0 1 1 0 0 1 0 0
390	2	1 1 1 1 0 1 0 0 0 1 1 0 0 0 0 0
390	2	1 1 1 1 1 0 0 0 0 1 1 0 0 1 1 0
390	1	1 1 1 0 1 0 0 0 1 1 0 1 0 0 0 0
390	1	1 1 1 1 0 0 0 1 0 1 1 1 0 0 0 0
390	2	1 0 1 1 0 0 0 1 0 1 1 0 1 0 0 0
390	2	1 1 1 0 1 0 0 0 1 0 0 1 0 0 0 1
390	1	1 1 1 1 1 0 0 0 1 0 0 0 0 0 0 0
390	2	1 1 1 1 1 0 0 1 0 1 1 1 0 0 0 0
390	2	1 1 1 1 1 0 0 0 1 1 1 1 1 0 0 0
390	1	1 1 1 1 1 0 0 1 0 1 1 0 0 1 0 1
390	1	1 1 0 1 1 0 0 1 0 1 1 0 0 1 0 0
390	2	1 1 1 1 1 0 0 0 0 1 1 0 1 0 0 0
390	4	1 1 1 1 0 1 0 1 0 1 0 0 0 0 0 0
400	2	1 1 1 1 0 0 0 1 1 0 0 0 0 0 0 0
400	70	1 1 1 1 1 0 0 1 0 1 1 0 0 0 0 0
400	5	1 0 1 1 0 0 1 0 0 0 0 0 0 0 0 0
400	43	1 1 1 1 0 0 0 1 0 0 0 0 0 0 0 0
400	24	1 1 1 0 1 0 0 0 0 0 0 0 0 0 0 0
400	61	1 1 1 1 1 0 0 0 1 1 1 1 0 0 0 0
400	10	1 1 1 1 0 0 0 1 0 1 1 0 0 0 0 0
400	37	1 1 1 1 0 0 0 0 0 1 1 0 0 0 0 0
400	27	1 1 1 0 0 0 0 1 1 0 0 1 0 0 0 0
400	50	1 1 1 1 0 0 0 0 1 0 1 0 0 0 0 0
400	18	1 1 1 1 1 0 0 0 0 1 1 0 0 1 0 0
400	33	1 1 1 1 1 0 0 1 0 0 1 0 0 0 0 0
400	2	1 1 1 0 0 0 0 1 1 0 0 0 0 0 0 0
400	13	1 1 1 0 0 0 0 1 0 0 0 0 0 0 0 0
400	26	1 1 1 1 1 0 0 0 0 0 0 0 1 0 0 0
400	5	1 1 1 1 0 0 0 0 0 0 0 0 0 0 0 1
400	2	1 1 1 1 0 0 1 0 1 0 0 1 0 1 0 0
400	50	1 1 1 1 1 0 0 1 1 0 0 0 0 0 0 0
400	14	1 1 1 0 1 0 0 0 1 1 1 1 0 0 0 0
400	5	1 1 1 0 1 0 1 0 0 1 1 0 0 0 0 0
400	8	1 1 1 1 1 0 0 1 0 1 0 0 0 0 0 0
400	7	1 1 1 0 0 0 0 0 1 0 0 0 0 0 0 0
400	3	1 0 1 1 0 0 1 0 1 1 0 0 1 0 0 0
400	7	1 1 1 1 1 0 0 0 1 1 1 0 0 0 0 0
400	7	1 1 1 0 0 0 0 1 0 1 1 0 0 0 0 0
400	4	1 1 1 1 1 0 0 0 0 0 0 0 0 0 0 0
400	48	1 1 1 1 1 0 0 1 1 0 0 1 0 0 0 0
400	3	1 1 1 1 0 0 1 0 1 0 1 0 0 0 0 0
400	2	1 1 1 1 1 0 0 1 0 1 1 0 0 0 0 1
400	51	1 1 0 1 1 0 0 1 0 1 1 0 0 0 0 0
400	8	1 1 1 1 1 0 0 0 1 0 0 0 1 0 0 0
400	1	1 1 1 1 0 0 1 0 1 0 0 1 0 0 0 0
400	11	1 1 1 1 1 0 0 0 1 1 1 1 0 0 0 1
400	3	1 1 1 0 0 0 1 0 1 0 0 1 0 1 0 0
400	5	1 1 1 0 1 0 0 0 1 1 1 1 1 0 0 0
400	5	1 1 1 0 1 0 0 1 0 1 0 0 0 0 0 0
400	11	1 1 1 1 1 1 0 1 0 1 1 0 0 0 0 0
400	4	1 1 1 1 1 0 0 0 1 0 0 1 0 0 0 1
400	8	1 1 1 1 0 0 0 0 1 1 1 1 0 0 0 0
400	8	1 1 1 1 1 0 0 0 1 1 0 0 0 0 0 0
400	3	1 1 1 1 0 1 0 1 0 1 1 0 0 0 0 0
400	3	1 1 1 0 0 0 0 1 0 1 0 0 0 0 0 0
400	9	1 1 1 1 1 0 0 1 0 0 1 0 0 0 1 0
400	6	1 0 1 0 0 0 0 1 1 0 0 0 0 0 0 0
400	6	1 1 1 1 0 0 0 1 1 0 1 0 0 1 0 0
400	5	1 0 1 1 1 0 0 0 1 1 1 0 0 0 0 0
400	13	1 0 1 1 0 0 1 0 0 0 1 0 0 0 0 0
400	7	1 0 1 1 1 0 0 0 1 0 0 1 0 0 0 0
400	7	1 0 1 1 1 0 0 0 1 1 1 1 0 0 0 0
400	18	1 1 1 1 0 0 0 0 1 0 1 0 0 0 0 1
400	4	0 1 1 1 1 0 0 0 0 1 1 0 0 1 0 0
400	4	1 1 1 0 0 0 0 1 1 0 0 0 0 0 0 1
400	9	1 1 1 0 1 0 0 0 0 0 0 0 1 0 0 0
400	1	1 1 1 0 0 0 0 1 0 1 1 0 0 0 1 0
400	3	1 1 1 1 0 1 0 0 0 1 1 0 0 0 0 0
400	10	1 1 1 1 0 0 0 1 0 1 1 1 0 0 0 0
400	8	1 1 1 1 1 0 0 1 0 1 1 1 0 0 0 0
400	10	1 1 1 1 1 0 0 0 1 1 1 1 1 0 0 0
400	23	1 1 1 1 1 0 0 0 0 1 1 0 0 0 0 0
400	11	0 1 1 1 1 0 0 1 1 0 0 1 0 0 0 0
400	5	1 1 1 1 1 0 0 0 1 1 1 1 0 1 0 0
400	1	1 1 1 1 1 0 1 1 0 1 1 0 0 1 0 0
400	5	1 0 1 1 1 0 0 0 1 0 0 0 1 0 0 0
400	3	1 1 1 0 0 0 0 1 0 1 0 0 0 0 0 1
400	1	1 1 1 1 0 0 0 0 0 0 0 0 1 0 0 0
400	1	1 1 1 1 0 0 1 0 0 0 0 0 0 0 0 0
400	10	1 1 1 0 0 0 1 1 1 0 0 0 0 0 0 0
400	1	1 1 1 0 1 0 1 0 1 1 1 1 0 0 0 0
400	2	1 1 1 1 1 0 0 0 1 0 1 0 0 0 0 0
400	2	1 1 1 1 0 0 1 0 1 0 0 0 0 0 0 0
400	4	1 1 1 1 1 1 0 0 1 1 0 0 0 0 0 1
400	4	1 1 1 0 0 0 0 1 0 0 0 0 1 0 0 0
400	1	1 1 1 1 1 0 0 0 1 1 1 1 0 0 1 0
400	1	1 1 1 1 0 0 1 1 0 1 1 1 0 0 0 0
400	7	1 1 0 0 0 0 0 1 1 0 0 1 0 0 0 0
400	2	1 1 1 1 1 0 0 0 1 0 0 1 0 1 0 1
400	3	1 0 1 1 1 1 0 1 0 1 1 0 0 0 0 0
400	5	1 1 1 1 0 0 0 1 0 1 1 0 1 0 0 0
400	4	1 1 0 1 0 0 1 0 1 0 0 1 0 1 0 0
400	3	1 1 1 1 0 1 1 0 1 0 1 0 0 0 0 0
400	3	1 1 1 0 0 0 0 1 0 0 0 1 0 0 0 0
400	4	1 0 1 1 1 0 0 0 1 0 1 1 0 0 0 0
400	9	1 1 1 1 0 0 0 1 1 0 0 1 0 0 0 0
400	6	1 1 1 1 1 0 0 0 0 0 0 0 0 0 0 1
400	2	1 1 1 1 1 0 0 1 1 0 1 0 0 0 0 0
400	2	1 1 1 1 1 0 0 1 1 0 0 0 0 1 0 0
400	3	1 0 1 1 0 0 0 1 0 0 0 0 0 0 0 0
400	3	1 1 1 1 0 0 0 0 0 1 1 1 0 0 0 0
400	3	1 1 0 0 0 0 0 1 1 0 0 0 0 0 0 0
400	13	1 1 1 0 1 0 0 0 1 1 0 1 0 0 0 0
400	1	1 0 1 0 0 0 0 0 1 0 0 0 0 0 0 0
400	2	1 1 1 1 1 0 0 1 1 0 0 1 0 0 0 1
400	3	1 1 1 1 1 0 0 0 0 1 0 0 0 0 0 0
400	1	1 1 1 1 0 0 0 1 0 0 1 0 0 0 0 0
400	3	1 1 1 0 1 0 0 0 1 1 1 1 0 0 0 1
400	1	1 1 1 1 0 0 0 0 1 1 1 1 1 0 0 0
400	1	0 1 1 1 1 0 0 1 0 1 1 0 0 0 0 0
400	1	1 1 1 1 1 0 1 0 0 0 0 0 1 0 0 0
400	2	1 1 1 0 0 0 1 1 1 0 0 0 0 0 0 1
400	1	1 1 1 0 0 0 0 0 1 1 1 1 0 0 0 0
400	1	1 0 1 1 0 0 0 0 0 0 0 0 0 0 0 0
400	1	1 1 1 1 1 0 0 0 1 0 1 1 0 0 0 0
400	1	1 1 1 1 1 0 0 0 1 0 0 0 0 0 0 0
400	3	1 1 1 1 1 0 0 1 0 0 0 1 0 0 0 0
400	1	1 0 1 1 0 1 1 0 0 0 1 0 0 0 0 0
400	1	1 1 1 1 0 0 0 0 1 0 0 0 0 0 0 1
400	1	1 1 1 1 1 0 0 0 0 1 1 0 0 0 0 1
400	1	1 0 1 1 1 0 0 0 1 0 1 0 0 0 0 0
