0	250	0 1 0 0 0 0 1 0 0 0 0 0 0 0 1 0
0	250	0 0 0 0 0 0 0 1 0 0 0 0 0 0 0 0
0	250	1 0 0 0 0 0 0 0 1 0 0 0 0 0 1 0
0	250	0 0 0 1 0 0 0 0 1 1 0 1 0 0 1 1
10	148	0 1 0 0 0 0 1 0 0 0 0 0 0 0 1 0
10	155	0 0 0 0 0 0 0 1 0 0 0 0 0 0 0 0
10	270	1 0 0 0 0 0 0 0 1 0 0 0 0 0 1 0
10	232	0 0 0 1 0 0 0 0 1 1 0 1 0 0 1 1
10	2	0 1 0 0 0 0 1 0 0 0 0 0 0 0 0 0
10	2	0 1 0 0 0 0 1 0 0 0 0 0 0 1 1 0
10	1	1 1 0 0 0 0 1 0 0 0 0 0 0 0 1 0
10	2	1 0 1 0 0 0 0 0 1 0 0 0 0 0 1 0
10	18	1 0 0 0 0 0 0 0 1 0 0 0 0 0 1 1
10	3	1 0 0 0 0 0 0 0 1 0 1 0 0 0 1 0
10	3	0 1 0 1 0 0 0 0 1 1 0 1 0 0 1 1
10	11	1 0 0 1 0 0 0 0 1 0 0 0 0 0 1 0
10	9	1 0 0 0 0 0 0 0 1 1 0 0 0 0 1 0
10	15	1 0 0 0 0 0 0 1 0 0 0 0 0 0 0 0
10	6	0 1 0 0 0 1 1 0 0 0 0 0 0 0 1 0
10	8	0 0 0 1 0 0 0 0 1 1 0 1 0 0 1 0
10	21	1 0 0 0 0 0 0 0 1 0 0 1 0 0 1 1
10	6	0 0 0 1 0 0 0 0 1 1 0 1 0 0 0 0
10	5	0 0 0 1 0 0 0 0 1 1 0 0 0 0 1 0
10	6	0 1 0 0 0 0 1 0 0 1 0 1 0 0 1 1
10	5	0 0 0 0 0 0 0 1 0 0 0 0 0 0 1 0
10	2	1 0 0 0 0 0 1 0 1 1 0 1 0 0 1 1
10	5	0 0 0 1 0 0 0 0 1 1 0 1 0 0 0 1
10	4	0 1 0 0 0 0 1 0 1 0 0 0 0 0 1 0
10	5	0 1 0 0 0 0 1 0 0 0 0 0 0 0 1 1
10	9	1 1 0 0 0 0 0 0 1 0 0 0 0 0 1 0
10	3	0 0 0 1 0 0 0 0 0 1 0 1 0 0 1 1
10	4	0 0 0 1 0 0 0 0 1 0 0 0 0 0 1 0
10	3	0 0 0 0 0 0 0 0 1 0 0 0 0 0 1 0
10	7	0 0 0 0 0 0 0 1 0 0 0 0 1 0 0 0
10	2	0 0 0 1 0 0 0 0 1 1 0 1 0 1 1 1
10	1	1 0 0 0 0 0 1 0 0 0 0 0 0 0 0 0
10	4	1 0 0 0 0 1 0 0 1 0 0 0 0 0 1 0
10	3	1 0 0 0 1 0 0 0 1 0 0 0 0 0 1 0
10	3	0 0 0 1 0 1 0 0 1 1 0 1 0 0 1 1
10	1	0 0 0 1 0 0 0 0 0 0 0 0 0 0 0 0
10	1	0 1 0 0 0 0 1 1 0 0 0 0 0 0 0 0
10	2	0 0 0 0 0 0 0 1 0 0 0 0 0 0 0 1
10	1	0 0 1 0 0 0 0 1 0 0 0 0 0 0 0 0
10	2	0 0 0 1 0 0 0 1 1 1 0 1 0 0 1 1
10	4	0 0 0 1 0 0 0 0 1 1 0 0 0 0 1 1
10	1	1 0 0 0 0 0 0 0 1 0 0 0 0 0 0 0
10	1	0 1 0 0 0 0 1 0 0 0 0 0 1 0 1 0
10	1	1 0 0 0 0 0 0 0 0 0 0 0 0 0 1 0
10	1	1 0 0 1 0 0 0 0 1 1 0 1 0 0 1 1
10	1	0 0 0 1 0 0 0 0 1 1 1 1 0 0 1 1
10	1	0 0 0 1 0 0 0 0 1 0 0 0 0 0 1 1
20	66	0 1 0 0 0 0 1 0 0 0 0 0 0 0 1 0
20	109	0 0 0 0 0 0 0 1 0 0 0 0 0 0 0 0
20	298	1 0 0 0 0 0 0 0 1 0 0 0 0 0 1 0
20	151	0 0 0 1 0 0 0 0 1 1 0 1 0 0 1 1
20	23	1 0 0 0 0 0 0 0 1 0 0 0 0 0 1 1
20	6	1 0 0 0 0 0 0 0 1 0 1 0 0 0 1 0
20	6	0 1 0 1 0 0 0 0 1 1 0 1 0 0 1 1
20	8	1 0 0 1 0 0 0 0 1 0 0 0 0 0 1 0
20	1	1 0 0 0 0 0 0 0 1 1 0 0 0 0 1 0
20	24	1 0 0 0 0 0 0 1 0 0 0 0 0 0 0 0
20	25	0 1 0 0 0 1 1 0 0 0 0 0 0 0 1 0
20	15	0 0 0 1 0 0 0 0 1 1 0 1 0 0 1 0
20	17	1 0 0 0 0 0 0 0 1 0 0 1 0 0 1 1
20	2	0 0 0 1 0 0 0 0 1 1 0 0 0 0 1 0
20	2	0 1 0 0 0 0 1 0 0 1 0 1 0 0 1 1
20	3	0 0 0 1 0 0 0 0 1 1 0 1 0 0 0 1
20	4	0 1 0 0 0 0 1 0 1 0 0 0 0 0 1 0
20	32	1 1 0 0 0 0 0 0 1 0 0 0 0 0 1 0
20	2	0 0 0 1 0 0 0 0 1 0 0 0 0 0 1 0
20	7	0 0 0 0 0 0 0 0 1 0 0 0 0 0 1 0
20	6	0 0 0 0 0 0 0 1 0 0 0 0 1 0 0 0
20	12	1 0 0 0 0 1 0 0 1 0 0 0 0 0 1 0
20	10	1 0 0 0 1 0 0 0 1 0 0 0 0 0 1 0
20	1	0 1 0 0 0 0 1 1 0 0 0 0 0 0 0 0
20	4	0 0 0 1 0 0 0 1 1 1 0 1 0 0 1 1
20	3	0 0 0 1 0 0 0 0 1 1 0 0 0 0 1 1
20	3	1 0 0 0 0 0 0 0 1 0 0 0 0 0 0 0
20	4	1 0 0 0 0 0 0 0 0 0 0 0 0 0 1 0
20	4	1 0 0 1 0 0 0 0 1 1 0 1 0 0 1 1
20	4	0 1 0 0 0 0 1 0 1 1 0 1 0 0 1 1
20	2	0 0 0 0 0 0 0 1 0 0 0 0 0 0 1 1
20	3	1 0 0 1 0 1 0 0 1 0 0 0 0 0 1 0
20	1	0 1 0 0 0 0 0 0 1 1 0 1 0 0 1 1
20	10	1 0 0 0 0 0 0 0 1 0 0 1 0 0 1 0
20	12	0 0 0 1 0 0 0 1 0 0 0 0 0 0 0 0
20	4	1 0 0 0 0 0 0 1 0 0 1 0 0 0 0 0
20	3	1 0 0 0 0 1 0 0 1 0 0 1 0 0 1 1
20	3	0 0 0 0 0 0 0 1 1 0 0 0 0 0 1 0
20	4	0 0 0 0 0 0 0 0 1 1 0 1 0 0 1 1
20	9	1 0 0 0 0 0 0 0 1 0 0 0 1 0 1 0
20	5	1 0 0 0 0 0 1 0 1 0 0 0 0 0 1 0
20	4	0 0 1 1 0 0 0 0 1 1 0 1 0 0 1 1
20	8	1 0 0 0 1 0 0 1 0 0 0 0 0 0 0 0
20	3	0 0 0 0 0 0 0 1 0 0 0 1 0 0 1 1
20	2	0 0 0 1 0 0 0 0 1 1 0 0 0 0 0 0
20	2	0 0 0 1 0 0 0 0 1 1 1 1 0 0 1 1
20	3	1 0 0 0 0 0 1 0 1 0 0 0 0 0 1 1
20	1	0 0 0 1 0 0 0 0 1 1 0 0 1 0 1 0
20	1	1 0 0 1 0 1 0 0 1 0 0 0 0 0 0 0
20	2	0 0 0 0 0 0 0 0 1 0 0 0 0 0 0 0
20	14	0 1 0 0 0 0 1 1 0 0 0 0 0 0 1 0
20	4	0 0 0 1 0 0 0 0 1 0 0 1 0 0 1 1
20	7	0 0 1 0 0 0 0 1 0 0 0 1 0 0 0 0
20	1	1 0 0 0 0 0 0 0 1 0 0 1 1 0 1 0
20	2	1 0 0 0 0 0 0 0 1 0 0 0 0 0 0 1
20	3	0 0 1 1 0 0 0 1 0 0 0 0 0 0 0 0
20	2	0 0 0 0 0 0 0 1 0 0 0 0 0 0 0 1
20	1	1 0 0 0 0 0 0 1 0 0 0 0 0 0 1 0
20	2	0 1 0 0 0 0 1 0 1 1 0 1 0 0 1 0
20	1	1 0 0 0 0 0 0 1 1 0 0 0 0 0 1 0
20	3	0 1 0 0 0 1 1 0 0 0 0 1 0 0 1 0
20	1	0 0 0 1 0 0 0 0 1 1 0 1 0 1 1 0
20	3	1 1 0 0 1 0 0 0 1 0 0 0 0 0 1 0
20	2	1 0 0 1 1 1 0 0 1 0 0 0 0 0 1 0
20	2	1 0 0 0 1 0 0 1 0 0 0 0 1 0 0 0
20	2	1 0 0 0 0 0 0 0 1 1 0 1 0 0 1 1
20	1	1 0 0 0 0 0 0 1 1 1 0 1 0 0 1 1
20	3	1 1 0 0 0 0 0 0 0 0 0 0 0 0 1 0
20	4	1 1 0 0 0 0 0 1 0 0 0 0 0 0 0 0
20	2	0 1 0 1 0 1 1 0 0 0 0 0 0 0 1 0
20	2	0 0 0 1 0 0 1 0 1 0 0 0 0 0 1 0
20	2	0 1 0 0 0 1 1 0 1 1 0 1 0 0 1 1
20	1	0 0 0 1 0 1 0 0 1 1 0 0 0 0 0 0
20	1	1 0 0 0 0 0 0 1 0 0 0 0 0 0 0 1
30	13	0 1 0 0 0 0 1 0 0 0 0 0 0 0 1 0
30	62	0 0 0 0 0 0 0 1 0 0 0 0 0 0 0 0
30	252	1 0 0 0 0 0 0 0 1 0 0 0 0 0 1 0
30	153	0 0 0 1 0 0 0 0 1 1 0 1 0 0 1 1
30	19	1 0 0 0 0 0 0 0 1 0 0 0 0 0 1 1
30	9	1 0 0 0 0 0 0 0 1 0 1 0 0 0 1 0
30	7	1 0 0 1 0 0 0 0 1 0 0 0 0 0 1 0
30	9	1 0 0 0 0 0 0 0 1 1 0 0 0 0 1 0
30	93	1 0 0 0 0 0 0 1 0 0 0 0 0 0 0 0
30	16	0 1 0 0 0 1 1 0 0 0 0 0 0 0 1 0
30	51	0 0 0 1 0 0 0 0 1 1 0 1 0 0 1 0
30	7	1 0 0 0 0 0 0 0 1 0 0 1 0 0 1 1
30	6	0 0 0 1 0 0 0 0 1 1 0 0 0 0 1 0
30	1	0 1 0 0 0 0 1 0 0 1 0 1 0 0 1 1
30	35	1 1 0 0 0 0 0 0 1 0 0 0 0 0 1 0
30	16	0 0 0 0 0 0 0 0 1 0 0 0 0 0 1 0
30	3	0 0 0 0 0 0 0 1 0 0 0 0 1 0 0 0
30	1	1 0 0 0 0 1 0 0 1 0 0 0 0 0 1 0
30	9	1 0 0 0 1 0 0 0 1 0 0 0 0 0 1 0
30	3	0 0 0 1 0 0 0 0 1 1 0 0 0 0 1 1
30	6	1 0 0 0 0 0 0 0 1 0 0 0 0 0 0 0
30	26	1 0 0 0 0 0 0 0 0 0 0 0 0 0 1 0
30	18	1 0 0 1 0 0 0 0 1 1 0 1 0 0 1 1
30	1	0 1 0 0 0 0 1 0 1 1 0 1 0 0 1 1
30	3	0 0 0 0 0 0 0 1 0 0 0 0 0 0 1 1
30	11	1 0 0 1 0 1 0 0 1 0 0 0 0 0 1 0
30	2	1 0 0 0 0 0 0 0 1 0 0 1 0 0 1 0
30	5	1 0 0 0 0 0 0 1 0 0 1 0 0 0 0 0
30	11	0 0 0 0 0 0 0 1 1 0 0 0 0 0 1 0
30	3	1 0 0 0 0 0 0 0 1 0 0 0 1 0 1 0
30	9	1 0 0 0 0 0 1 0 1 0 0 0 0 0 1 0
30	26	1 0 0 0 1 0 0 1 0 0 0 0 0 0 0 0
30	14	0 0 1 0 0 0 0 1 0 0 0 1 0 0 0 0
30	2	1 0 0 0 0 0 0 1 0 0 0 0 0 0 1 0
30	9	1 0 0 0 0 0 0 1 1 0 0 0 0 0 1 0
30	3	1 0 0 0 1 0 0 1 0 0 0 0 1 0 0 0
30	8	0 1 0 0 1 0 1 0 0 0 0 0 0 0 1 0
30	4	1 0 0 0 0 0 0 0 1 0 1 0 0 0 0 0
30	5	0 0 0 0 0 0 0 0 1 0 0 1 0 0 1 1
30	1	1 0 0 1 0 1 0 0 1 0 0 0 1 0 1 0
30	4	1 0 0 0 1 0 0 1 1 0 0 0 0 0 0 0
30	4	0 0 0 0 1 0 0 1 0 0 0 0 0 0 0 0
30	1	0 1 1 0 0 1 1 0 0 0 0 0 0 0 1 0
30	5	1 0 1 0 0 0 0 0 1 0 0 0 0 0 1 0
30	4	0 1 0 1 0 0 0 0 1 1 0 1 0 0 1 1
30	1	1 0 0 1 0 0 0 0 1 0 0 0 0 0 0 0
30	5	1 0 0 0 0 0 1 0 0 0 0 0 0 0 1 0
30	4	1 1 0 0 0 0 0 1 0 0 0 0 0 0 0 0
30	4	0 0 0 0 0 0 0 0 1 0 0 0 0 0 1 1
30	5	0 0 0 1 0 0 0 0 1 1 0 1 1 0 1 1
30	2	0 0 0 1 0 0 0 0 1 1 0 1 1 0 1 0
30	1	0 1 0 0 0 0 0 0 1 0 0 0 0 0 1 0
30	1	0 1 0 0 0 0 1 0 0 1 0 1 0 0 1 0
30	5	1 1 0 0 0 0 0 0 1 0 0 1 0 0 1 1
30	1	1 1 0 0 0 0 0 0 1 1 0 1 0 0 1 1
30	2	1 1 0 0 0 0 0 0 1 1 0 0 0 0 1 0
30	5	0 0 0 1 1 0 0 0 1 1 0 1 0 0 1 0
30	2	1 0 0 1 0 1 0 0 1 0 0 0 0 0 1 1
30	4	1 0 0 0 0 0 0 0 1 1 0 1 0 0 1 0
30	2	1 0 0 0 1 0 0 1 0 0 0 0 0 0 1 0
30	2	1 0 0 0 0 0 0 1 0 0 0 0 0 0 0 1
30	1	1 0 0 0 0 0 0 1 0 1 0 0 0 0 0 0
30	1	0 0 0 1 0 0 0 0 1 1 1 1 0 0 1 0
30	2	1 0 0 0 0 0 0 0 0 0 0 0 0 0 1 1
40	2	0 1 0 0 0 0 1 0 0 0 0 0 0 0 1 0
40	21	0 0 0 0 0 0 0 1 0 0 0 0 0 0 0 0
40	220	1 0 0 0 0 0 0 0 1 0 0 0 0 0 1 0
40	115	0 0 0 1 0 0 0 0 1 1 0 1 0 0 1 1
40	26	1 0 0 0 0 0 0 0 1 0 0 0 0 0 1 1
40	15	1 0 0 1 0 0 0 0 1 0 0 0 0 0 1 0
40	13	1 0 0 0 0 0 0 0 1 1 0 0 0 0 1 0
40	96	1 0 0 0 0 0 0 1 0 0 0 0 0 0 0 0
40	3	0 1 0 0 0 1 1 0 0 0 0 0 0 0 1 0
40	54	0 0 0 1 0 0 0 0 1 1 0 1 0 0 1 0
40	14	1 0 0 0 0 0 0 0 1 0 0 1 0 0 1 1
40	6	0 0 0 1 0 0 0 0 1 1 0 0 0 0 1 0
40	23	1 1 0 0 0 0 0 0 1 0 0 0 0 0 1 0
40	4	0 0 0 0 0 0 0 0 1 0 0 0 0 0 1 0
40	1	1 0 0 0 1 0 0 0 1 0 0 0 0 0 1 0
40	5	1 0 0 0 0 0 0 0 1 0 0 0 0 0 0 0
40	4	1 0 0 0 0 0 0 0 0 0 0 0 0 0 1 0
40	24	1 0 0 1 0 0 0 0 1 1 0 1 0 0 1 1
40	12	0 1 0 0 0 0 1 0 1 1 0 1 0 0 1 1
40	7	0 0 0 0 0 0 0 1 0 0 0 0 0 0 1 1
40	18	1 0 0 1 0 1 0 0 1 0 0 0 0 0 1 0
40	22	1 0 0 0 0 0 0 0 1 0 0 1 0 0 1 0
40	19	0 0 0 0 0 0 0 1 1 0 0 0 0 0 1 0
40	1	1 0 0 0 0 0 0 0 1 0 0 0 1 0 1 0
40	12	1 0 0 0 0 0 1 0 1 0 0 0 0 0 1 0
40	24	1 0 0 0 1 0 0 1 0 0 0 0 0 0 0 0
40	3	0 0 1 0 0 0 0 1 0 0 0 1 0 0 0 0
40	8	1 0 0 0 0 0 0 1 1 0 0 0 0 0 1 0
40	20	1 0 0 0 0 0 0 0 1 0 1 0 0 0 0 0
40	13	1 0 0 0 1 0 0 1 1 0 0 0 0 0 0 0
40	12	1 0 1 0 0 0 0 0 1 0 0 0 0 0 1 0
40	7	0 1 0 1 0 0 0 0 1 1 0 1 0 0 1 1
40	3	1 0 0 0 0 0 1 0 0 0 0 0 0 0 1 0
40	14	0 0 0 1 0 0 0 0 1 1 0 1 1 0 1 0
40	2	1 1 0 0 0 0 0 0 1 0 0 1 0 0 1 1
40	10	1 1 0 0 0 0 0 0 1 1 0 0 0 0 1 0
40	9	1 0 0 1 0 1 0 0 1 0 0 0 0 0 1 1
40	7	1 0 0 0 0 0 0 0 1 1 0 1 0 0 1 0
40	3	1 0 0 0 1 0 0 1 0 0 0 0 0 0 1 0
40	8	1 0 0 0 0 0 0 0 1 0 1 0 0 0 1 1
40	3	1 0 0 1 0 0 0 0 1 1 0 1 0 0 1 0
40	2	0 0 0 0 0 0 0 0 1 1 0 1 0 0 1 1
40	7	0 0 0 1 0 0 0 0 1 1 0 1 0 0 0 0
40	3	1 1 0 0 0 0 0 0 1 0 0 0 0 0 1 1
40	2	1 1 0 0 0 0 0 0 1 0 0 1 0 0 1 0
40	1	1 0 0 0 0 0 0 0 1 0 0 0 0 1 0 0
40	10	1 0 0 0 0 0 0 0 0 0 0 0 0 0 0 0
40	16	1 0 0 0 0 0 0 1 1 0 0 0 0 0 1 1
40	2	1 0 0 0 0 0 0 1 0 1 0 0 0 0 0 0
40	3	0 0 0 0 0 0 0 0 1 1 0 1 0 0 1 0
40	6	0 0 0 1 0 0 0 1 0 0 0 0 0 0 0 0
40	3	1 0 0 1 0 0 0 0 1 0 0 0 0 0 1 1
40	5	0 0 0 0 0 0 1 1 0 0 0 0 0 0 0 0
40	4	0 1 0 1 0 0 0 0 1 1 0 1 1 0 1 1
40	1	1 0 0 1 0 0 0 0 1 1 0 1 1 0 1 0
40	3	0 0 0 1 0 0 0 0 1 0 0 1 0 0 1 0
40	3	1 0 0 0 0 0 1 0 1 0 0 0 0 0 0 0
40	3	0 0 0 1 0 0 0 0 1 1 1 1 0 0 1 1
40	6	1 0 0 0 0 0 0 1 1 0 0 0 0 0 0 0
40	1	0 0 0 1 0 0 0 0 0 1 0 1 0 0 1 0
40	4	1 1 0 0 0 1 0 0 1 1 0 0 0 0 1 0
40	1	1 0 0 0 0 0 0 0 1 0 0 0 0 1 1 1
40	2	1 0 0 1 0 1 0 0 1 1 0 1 0 0 1 0
40	1	1 1 0 0 0 0 0 1 1 0 0 0 0 0 1 1
40	3	1 0 0 0 0 0 0 0 1 1 0 1 0 0 0 0
40	2	1 0 0 0 0 0 0 1 0 0 0 0 0 0 1 0
40	5	1 1 0 0 0 0 0 0 1 0 0 1 1 0 1 0
40	4	1 1 0 0 0 0 0 0 1 1 0 0 0 0 0 0
40	1	0 0 0 0 1 0 0 1 0 0 0 0 0 0 0 0
40	2	0 0 1 1 0 0 0 0 1 1 0 1 0 0 1 1
40	2	1 0 1 0 0 1 0 0 1 0 0 0 0 0 1 0
40	1	1 0 0 1 0 0 0 0 1 0 0 1 0 0 1 1
40	2	1 0 0 0 0 0 0 1 0 1 0 1 0 0 1 1
40	1	0 1 0 0 0 0 1 0 1 0 0 0 0 0 1 0
40	1	0 0 0 1 0 0 0 0 1 1 0 1 0 1 1 1
40	1	1 0 1 0 1 0 0 1 0 0 0 0 0 0 0 0
40	1	1 0 0 0 1 0 0 1 0 0 0 0 0 0 1 1
40	2	1 0 0 0 0 0 1 1 1 0 0 0 0 0 0 0
50	1	0 0 0 0 0 0 0 1 0 0 0 0 0 0 0 0
50	269	1 0 0 0 0 0 0 0 1 0 0 0 0 0 1 0
50	75	0 0 0 1 0 0 0 0 1 1 0 1 0 0 1 1
50	27	1 0 0 0 0 0 0 0 1 0 0 0 0 0 1 1
50	15	1 0 0 1 0 0 0 0 1 0 0 0 0 0 1 0
50	18	1 0 0 0 0 0 0 0 1 1 0 0 0 0 1 0
50	84	1 0 0 0 0 0 0 1 0 0 0 0 0 0 0 0
50	45	0 0 0 1 0 0 0 0 1 1 0 1 0 0 1 0
50	8	1 0 0 0 0 0 0 0 1 0 0 1 0 0 1 1
50	7	0 0 0 1 0 0 0 0 1 1 0 0 0 0 1 0
50	11	1 1 0 0 0 0 0 0 1 0 0 0 0 0 1 0
50	13	1 0 0 0 0 0 0 0 1 0 0 0 0 0 0 0
50	14	1 0 0 1 0 0 0 0 1 1 0 1 0 0 1 1
50	4	0 0 0 0 0 0 0 1 0 0 0 0 0 0 1 1
50	15	1 0 0 1 0 1 0 0 1 0 0 0 0 0 1 0
50	3	1 0 0 0 0 0 0 0 1 0 0 1 0 0 1 0
50	13	0 0 0 0 0 0 0 1 1 0 0 0 0 0 1 0
50	30	1 0 0 0 0 0 1 0 1 0 0 0 0 0 1 0
50	22	1 0 0 0 1 0 0 1 0 0 0 0 0 0 0 0
50	13	1 0 0 0 0 0 0 1 1 0 0 0 0 0 1 0
50	8	1 0 0 0 0 0 0 0 1 0 1 0 0 0 0 0
50	4	1 0 0 0 1 0 0 1 1 0 0 0 0 0 0 0
50	6	0 1 0 1 0 0 0 0 1 1 0 1 0 0 1 1
50	1	0 0 0 1 0 0 0 0 1 1 0 1 1 0 1 0
50	14	1 1 0 0 0 0 0 0 1 1 0 0 0 0 1 0
50	7	1 0 0 1 0 1 0 0 1 0 0 0 0 0 1 1
50	13	1 0 0 0 0 0 0 0 1 1 0 1 0 0 1 0
50	3	1 0 0 0 1 0 0 1 0 0 0 0 0 0 1 0
50	6	1 0 0 0 0 0 0 0 1 0 1 0 0 0 1 1
50	6	1 0 0 1 0 0 0 0 1 1 0 1 0 0 1 0
50	1	0 0 0 1 0 0 0 0 1 1 0 1 0 0 0 0
50	1	1 0 0 0 0 0 0 0 0 0 0 0 0 0 0 0
50	19	1 0 0 0 0 0 0 1 1 0 0 0 0 0 1 1
50	1	1 0 0 1 0 0 0 0 1 0 0 0 0 0 1 1
50	9	0 1 0 1 0 0 0 0 1 1 0 1 1 0 1 1
50	11	0 0 0 1 0 0 0 0 1 0 0 1 0 0 1 0
50	16	1 0 0 0 0 0 0 1 1 0 0 0 0 0 0 0
50	14	1 0 0 1 0 1 0 0 1 1 0 1 0 0 1 0
50	6	0 0 0 0 1 0 0 1 0 0 0 0 0 0 0 0
50	2	0 1 0 0 0 0 1 0 1 0 0 0 0 0 1 0
50	6	0 0 0 1 0 0 0 0 1 1 0 1 0 1 1 1
50	1	1 0 0 0 0 0 1 1 1 0 0 0 0 0 0 0
50	4	1 0 0 0 0 0 0 0 1 1 0 1 0 0 1 1
50	2	0 0 0 0 0 0 0 0 1 1 0 0 0 0 1 0
50	4	1 0 0 0 0 1 0 0 1 0 0 0 0 0 1 0
50	1	0 0 0 0 0 0 0 0 1 0 0 0 0 0 1 1
50	5	1 0 0 0 0 0 1 0 1 1 0 0 0 0 1 0
50	4	0 0 0 1 1 0 0 0 1 1 0 0 0 0 1 0
50	4	0 0 0 0 0 0 0 0 1 0 0 1 0 0 1 1
50	3	1 0 0 1 0 1 0 0 1 1 0 0 0 0 1 0
50	2	0 1 0 0 0 0 0 0 1 0 0 1 0 0 1 0
50	8	0 1 0 0 0 0 0 0 1 0 0 0 0 0 1 0
50	14	1 0 0 0 0 0 0 0 0 0 0 1 0 0 1 0
50	18	1 1 0 0 0 0 0 1 1 0 0 0 0 0 0 0
50	6	1 0 0 1 0 0 1 0 1 0 0 0 0 0 1 0
50	5	1 0 0 0 1 0 0 0 1 0 0 0 0 0 0 0
50	2	1 1 0 1 0 0 0 0 1 1 0 0 0 0 0 0
50	5	1 0 0 0 0 0 0 0 0 0 0 0 0 0 1 0
50	10	0 0 0 1 0 0 0 0 1 1 0 0 0 0 1 1
50	2	0 0 0 0 0 0 0 1 0 0 0 0 0 0 1 0
50	2	0 0 0 1 0 0 0 0 0 1 0 1 0 0 1 1
50	3	1 0 0 0 1 0 0 1 0 0 0 1 0 0 0 0
50	2	1 0 0 0 0 0 0 1 1 1 0 0 0 0 0 0
50	1	1 0 0 0 1 0 0 0 1 0 0 0 0 0 1 0
50	5	1 0 0 0 0 0 0 0 1 0 1 0 0 0 1 0
50	9	1 0 1 0 0 0 0 1 0 0 0 0 0 0 0 0
50	1	0 0 0 1 0 0 0 0 1 1 0 1 1 0 0 0
50	2	1 0 0 1 0 0 0 0 1 0 0 1 0 0 1 0
50	1	1 0 0 0 0 0 1 0 1 0 0 0 0 0 0 0
50	6	1 0 0 0 1 0 0 0 1 1 0 1 0 0 1 1
50	1	1 1 0 0 0 0 0 0 1 1 0 0 0 0 1 1
50	3	1 0 0 1 0 0 0 0 0 0 0 0 0 0 1 0
50	2	1 0 0 0 0 0 0 1 0 0 0 0 0 1 0 0
50	4	1 0 0 0 0 0 1 1 0 0 0 0 0 0 0 0
50	3	1 0 0 0 0 0 0 1 1 0 0 0 0 1 0 0
50	1	1 0 0 0 0 0 0 1 0 0 0 1 0 0 1 0
50	1	0 0 0 0 0 0 0 0 1 1 0 1 1 1 1 0
50	1	0 0 0 1 0 0 1 0 1 0 0 0 0 0 1 0
50	1	1 0 0 0 1 0 0 0 1 1 0 0 0 0 1 0
50	1	0 1 0 1 0 0 0 0 1 1 0 0 0 0 1 0
50	1	1 0 0 0 0 0 1 0 1 0 0 0 0 0 1 1
50	2	0 0 0 1 0 0 0 1 1 1 0 1 0 0 1 0
50	2	1 1 0 0 1 0 0 1 1 0 0 0 0 0 0 0
50	4	1 0 0 0 0 1 0 0 1 0 1 0 0 0 1 1
60	216	1 0 0 0 0 0 0 0 1 0 0 0 0 0 1 0
60	35	0 0 0 1 0 0 0 0 1 1 0 1 0 0 1 1
60	20	1 0 0 0 0 0 0 0 1 0 0 0 0 0 1 1
60	10	1 0 0 1 0 0 0 0 1 0 0 0 0 0 1 0
60	25	1 0 0 0 0 0 0 0 1 1 0 0 0 0 1 0
60	147	1 0 0 0 0 0 0 1 0 0 0 0 0 0 0 0
60	34	0 0 0 1 0 0 0 0 1 1 0 1 0 0 1 0
60	1	1 0 0 0 0 0 0 0 1 0 0 1 0 0 1 1
60	11	0 0 0 1 0 0 0 0 1 1 0 0 0 0 1 0
60	5	1 0 0 0 0 0 0 0 1 0 0 0 0 0 0 0
60	5	1 0 0 1 0 1 0 0 1 0 0 0 0 0 1 0
60	7	1 0 0 0 0 0 0 0 1 0 0 1 0 0 1 0
60	13	0 0 0 0 0 0 0 1 1 0 0 0 0 0 1 0
60	33	1 0 0 0 0 0 1 0 1 0 0 0 0 0 1 0
60	28	1 0 0 0 1 0 0 1 0 0 0 0 0 0 0 0
60	9	1 0 0 0 0 0 0 1 1 0 0 0 0 0 1 0
60	9	1 0 0 0 0 0 0 0 1 0 1 0 0 0 0 0
60	17	1 1 0 0 0 0 0 0 1 1 0 0 0 0 1 0
60	7	1 0 0 1 0 1 0 0 1 0 0 0 0 0 1 1
60	20	1 0 0 0 0 0 0 0 1 0 1 0 0 0 1 1
60	16	1 0 0 1 0 0 0 0 1 1 0 1 0 0 1 0
60	15	1 0 0 0 0 0 0 1 1 0 0 0 0 0 1 1
60	1	0 1 0 1 0 0 0 0 1 1 0 1 1 0 1 1
60	4	0 0 0 1 0 0 0 0 1 0 0 1 0 0 1 0
60	32	1 0 0 0 0 0 0 1 1 0 0 0 0 0 0 0
60	29	1 0 0 1 0 1 0 0 1 1 0 1 0 0 1 0
60	4	1 0 0 0 0 0 0 0 1 1 0 1 0 0 1 1
60	9	0 0 0 1 1 0 0 0 1 1 0 0 0 0 1 0
60	4	1 0 0 0 0 0 0 0 0 0 0 1 0 0 1 0
60	10	1 1 0 0 0 0 0 1 1 0 0 0 0 0 0 0
60	6	1 0 0 1 0 0 1 0 1 0 0 0 0 0 1 0
60	2	1 0 0 0 1 0 0 0 1 0 0 0 0 0 0 0
60	8	0 0 0 1 0 0 0 0 1 1 0 0 0 0 1 1
60	1	1 0 0 0 0 0 0 0 1 0 1 0 0 0 1 0
60	46	1 0 1 0 0 0 0 1 0 0 0 0 0 0 0 0
60	16	1 0 0 0 1 0 0 0 1 1 0 1 0 0 1 1
60	2	1 0 0 1 0 0 0 0 0 0 0 0 0 0 1 0
60	5	1 0 0 0 0 0 0 1 0 0 0 0 0 1 0 0
60	4	1 0 0 0 0 1 0 0 1 0 1 0 0 0 1 1
60	3	1 1 0 1 0 0 0 0 1 1 0 1 0 0 1 1
60	1	0 0 0 0 0 0 0 0 1 0 0 0 0 0 1 0
60	12	1 0 0 1 0 0 0 1 0 0 0 0 0 0 0 0
60	3	1 0 0 0 0 0 0 1 0 0 0 1 0 0 0 0
60	5	1 0 0 1 0 1 0 0 0 0 0 0 0 0 0 0
60	8	1 0 0 0 0 0 0 0 1 0 0 0 0 1 1 0
60	2	0 0 0 1 0 0 1 0 1 1 0 1 0 0 1 1
60	1	1 0 0 0 0 0 0 0 1 0 0 0 0 1 1 1
60	13	1 0 0 0 0 0 0 0 1 0 0 0 1 0 1 1
60	7	1 0 0 0 0 1 0 1 0 0 0 0 0 0 0 0
60	6	0 0 1 1 0 0 0 0 1 1 0 1 0 0 1 1
60	1	1 0 0 0 1 0 0 1 0 0 1 0 0 0 1 0
60	3	1 0 0 1 0 0 0 0 1 0 0 0 0 0 1 1
60	1	1 0 0 1 0 0 1 0 0 0 0 0 0 0 1 0
60	1	1 0 0 1 0 0 0 0 1 1 0 0 0 0 1 1
60	3	1 1 0 0 1 0 0 0 1 1 0 1 0 0 1 1
60	5	0 1 0 0 0 0 0 1 1 0 0 0 1 0 0 0
60	4	0 0 0 1 0 0 0 0 1 0 0 0 0 0 1 0
60	5	1 0 0 0 0 0 0 0 1 1 0 1 0 1 1 0
60	1	1 0 0 1 0 0 0 0 1 1 0 0 0 0 1 0
60	2	1 1 0 1 0 0 0 0 1 1 0 0 0 0 1 0
60	8	0 0 0 1 1 0 0 0 1 1 0 1 0 0 1 0
60	1	1 0 0 0 0 0 0 0 1 1 0 1 0 0 0 1
60	2	1 0 0 0 0 0 0 1 0 0 0 0 0 0 1 0
60	1	0 0 0 0 0 0 0 0 1 0 0 0 0 0 0 0
60	1	1 1 0 0 0 0 0 0 1 0 0 0 0 0 1 0
60	2	1 0 0 1 0 0 0 0 1 1 0 1 0 0 1 1
60	1	0 0 0 1 1 0 0 0 1 1 0 1 0 0 1 1
60	4	1 0 0 0 1 0 1 1 0 0 0 0 0 0 0 0
60	1	1 0 0 0 1 0 0 1 0 0 0 0 0 0 1 0
60	4	1 1 0 0 0 0 0 0 1 1 0 0 0 0 0 0
60	2	1 1 0 0 0 0 0 0 1 1 0 1 0 0 1 0
60	2	1 0 0 0 1 0 0 1 0 0 0 0 0 0 0 1
60	1	1 0 0 0 0 0 0 1 1 0 0 1 0 0 0 0
60	1	1 0 0 1 0 1 0 0 1 1 0 1 0 0 1 1
60	5	1 1 0 1 1 0 0 0 1 1 0 1 0 0 1 1
60	1	0 0 0 1 1 0 0 1 1 1 0 0 0 0 1 1
60	1	1 0 0 0 0 0 0 1 1 0 0 1 0 0 1 1
60	1	1 0 0 0 0 0 0 0 1 1 0 1 1 0 1 1
60	1	1 0 0 0 0 0 1 0 1 1 0 0 0 0 1 0
60	3	1 0 0 1 0 1 1 0 1 1 0 1 0 0 1 0
60	1	1 0 0 1 1 0 0 0 1 1 0 1 0 0 1 1
60	3	0 0 0 0 0 0 0 0 1 0 0 0 1 0 1 1
70	125	1 0 0 0 0 0 0 0 1 0 0 0 0 0 1 0
70	40	0 0 0 1 0 0 0 0 1 1 0 1 0 0 1 1
70	8	1 0 0 0 0 0 0 0 1 0 0 0 0 0 1 1
70	10	1 0 0 1 0 0 0 0 1 0 0 0 0 0 1 0
70	7	1 0 0 0 0 0 0 0 1 1 0 0 0 0 1 0
70	152	1 0 0 0 0 0 0 1 0 0 0 0 0 0 0 0
70	7	0 0 0 1 0 0 0 0 1 1 0 1 0 0 1 0
70	6	0 0 0 1 0 0 0 0 1 1 0 0 0 0 1 0
70	5	1 0 0 0 0 0 0 0 1 0 0 0 0 0 0 0
70	3	1 0 0 0 0 0 0 0 1 0 0 1 0 0 1 0
70	10	0 0 0 0 0 0 0 1 1 0 0 0 0 0 1 0
70	41	1 0 0 0 0 0 1 0 1 0 0 0 0 0 1 0
70	21	1 0 0 0 1 0 0 1 0 0 0 0 0 0 0 0
70	38	1 0 0 0 0 0 0 1 1 0 0 0 0 0 1 0
70	25	1 0 0 0 0 0 0 0 1 0 1 0 0 0 0 0
70	8	1 1 0 0 0 0 0 0 1 1 0 0 0 0 1 0
70	3	1 0 0 1 0 1 0 0 1 0 0 0 0 0 1 1
70	18	1 0 0 0 0 0 0 0 1 0 1 0 0 0 1 1
70	6	1 0 0 1 0 0 0 0 1 1 0 1 0 0 1 0
70	9	1 0 0 0 0 0 0 1 1 0 0 0 0 0 1 1
70	5	0 0 0 1 0 0 0 0 1 0 0 1 0 0 1 0
70	51	1 0 0 0 0 0 0 1 1 0 0 0 0 0 0 0
70	15	1 0 0 1 0 1 0 0 1 1 0 1 0 0 1 0
70	4	1 0 0 0 0 0 0 0 1 1 0 1 0 0 1 1
70	5	0 0 0 1 1 0 0 0 1 1 0 0 0 0 1 0
70	4	1 0 0 0 0 0 0 0 0 0 0 1 0 0 1 0
70	15	1 1 0 0 0 0 0 1 1 0 0 0 0 0 0 0
70	6	1 0 0 1 0 0 1 0 1 0 0 0 0 0 1 0
70	6	0 0 0 1 0 0 0 0 1 1 0 0 0 0 1 1
70	19	1 0 1 0 0 0 0 1 0 0 0 0 0 0 0 0
70	23	1 0 0 0 1 0 0 0 1 1 0 1 0 0 1 1
70	30	1 0 0 1 0 0 0 0 0 0 0 0 0 0 1 0
70	5	1 0 0 0 0 1 0 0 1 0 1 0 0 0 1 1
70	6	0 0 0 0 0 0 0 0 1 0 0 0 0 0 1 0
70	6	1 0 0 0 0 0 0 0 1 0 0 0 1 0 1 1
70	22	1 0 0 0 0 1 0 1 0 0 0 0 0 0 0 0
70	6	1 1 0 0 1 0 0 0 1 1 0 1 0 0 1 1
70	13	0 0 0 1 0 0 0 0 1 0 0 0 0 0 1 0
70	19	1 0 0 1 0 0 0 0 1 1 0 0 0 0 1 0
70	7	0 0 0 1 1 0 0 0 1 1 0 1 0 0 1 0
70	12	1 0 0 0 0 0 0 1 0 0 0 0 0 0 1 0
70	3	1 0 0 0 1 0 1 1 0 0 0 0 0 0 0 0
70	24	1 0 0 1 0 1 0 0 1 1 0 1 0 0 1 1
70	5	1 0 0 0 0 0 1 1 0 0 0 0 0 0 0 0
70	40	1 0 0 0 0 0 0 1 0 0 0 0 1 0 0 0
70	6	1 1 0 0 0 0 0 1 0 0 0 0 0 0 0 0
70	3	1 0 0 0 1 0 0 0 1 0 1 0 0 0 0 0
70	14	1 0 1 0 0 0 0 1 0 1 0 0 0 0 0 0
70	7	1 0 0 1 1 0 0 0 1 1 0 1 0 0 1 0
70	5	1 0 0 1 0 1 0 0 1 1 0 1 0 1 1 0
70	3	1 0 0 0 0 0 1 1 0 0 1 0 0 0 0 0
70	4	1 0 0 0 0 0 0 1 0 0 0 0 0 0 0 1
70	3	1 1 0 1 0 0 0 0 1 1 0 1 0 0 1 0
70	2	1 0 0 0 1 0 0 0 1 1 0 1 0 0 0 0
70	1	1 1 0 1 0 0 0 1 0 0 0 0 0 0 0 0
70	5	1 1 0 1 0 0 0 0 1 0 0 0 0 0 1 0
70	2	1 0 0 0 0 0 0 0 0 0 0 0 0 0 0 0
70	2	1 0 0 1 0 1 0 0 1 1 0 0 0 0 1 1
70	2	1 0 0 0 1 0 0 1 0 1 0 0 0 0 0 0
70	5	1 0 0 0 0 1 0 0 1 0 0 0 0 0 1 0
70	2	1 0 0 0 0 0 0 1 1 0 0 0 0 0 0 1
70	2	1 0 0 1 0 0 0 1 1 0 0 0 0 0 0 0
70	2	1 0 0 0 0 0 0 1 1 0 0 1 0 0 1 1
70	1	1 0 0 0 1 0 1 1 0 0 0 0 0 0 1 0
70	1	0 0 0 1 0 0 0 0 1 1 0 1 1 0 1 0
70	2	1 0 0 0 1 0 0 1 0 0 0 1 0 0 0 0
70	2	1 0 0 0 0 0 0 0 1 0 1 0 0 1 0 0
70	1	1 0 0 0 0 1 0 1 0 0 0 0 0 0 1 0
70	3	1 0 0 0 0 0 0 1 1 0 0 1 0 0 1 0
70	1	1 0 0 1 0 0 0 0 1 1 0 0 0 0 1 1
70	3	1 0 0 0 0 0 0 1 0 0 1 0 0 0 0 0
70	2	1 0 0 0 0 0 0 0 1 0 0 1 0 0 0 0
70	1	1 0 0 1 0 1 0 0 1 1 0 1 1 0 1 0
70	2	1 0 0 1 0 1 0 0 0 1 0 1 0 0 1 0
70	2	1 0 0 1 1 0 1 0 1 0 0 0 0 0 1 0
70	1	0 0 0 1 0 0 0 1 1 0 0 0 0 0 1 0
70	1	0 0 0 0 0 0 0 1 0 0 0 0 0 0 0 0
70	2	1 0 0 0 0 1 0 0 1 0 1 0 0 0 1 0
70	2	0 0 0 1 0 0 0 1 1 0 0 0 0 0 0 0
70	1	1 0 0 1 0 0 0 0 1 1 0 0 0 0 0 0
70	2	1 0 0 0 0 0 0 1 0 1 0 0 0 0 0 0
70	3	1 0 0 0 0 0 1 0 0 0 0 1 0 0 1 0
70	2	1 1 0 0 0 0 0 1 1 0 0 0 0 1 0 0
70	1	1 0 1 0 0 0 0 1 1 0 0 0 0 0 0 0
70	1	1 0 0 0 1 0 0 0 0 1 0 1 0 0 1 1
80	118	1 0 0 0 0 0 0 0 1 0 0 0 0 0 1 0
80	13	0 0 0 1 0 0 0 0 1 1 0 1 0 0 1 1
80	5	1 0 0 0 0 0 0 0 1 0 0 0 0 0 1 1
80	10	1 0 0 1 0 0 0 0 1 0 0 0 0 0 1 0
80	1	1 0 0 0 0 0 0 0 1 1 0 0 0 0 1 0
80	135	1 0 0 0 0 0 0 1 0 0 0 0 0 0 0 0
80	42	0 0 0 1 0 0 0 0 1 1 0 1 0 0 1 0
80	24	0 0 0 1 0 0 0 0 1 1 0 0 0 0 1 0
80	3	1 0 0 0 0 0 0 0 1 0 0 0 0 0 0 0
80	4	0 0 0 0 0 0 0 1 1 0 0 0 0 0 1 0
80	13	1 0 0 0 0 0 1 0 1 0 0 0 0 0 1 0
80	2	1 0 0 0 1 0 0 1 0 0 0 0 0 0 0 0
80	26	1 0 0 0 0 0 0 1 1 0 0 0 0 0 1 0
80	24	1 0 0 0 0 0 0 0 1 0 1 0 0 0 0 0
80	1	1 1 0 0 0 0 0 0 1 1 0 0 0 0 1 0
80	13	1 0 0 0 0 0 0 0 1 0 1 0 0 0 1 1
80	13	1 0 0 1 0 0 0 0 1 1 0 1 0 0 1 0
80	28	1 0 0 0 0 0 0 1 1 0 0 0 0 0 1 1
80	39	1 0 0 0 0 0 0 1 1 0 0 0 0 0 0 0
80	22	1 0 0 1 0 1 0 0 1 1 0 1 0 0 1 0
80	11	1 0 0 0 0 0 0 0 1 1 0 1 0 0 1 1
80	2	1 1 0 0 0 0 0 1 1 0 0 0 0 0 0 0
80	16	1 0 0 1 0 0 1 0 1 0 0 0 0 0 1 0
80	2	0 0 0 1 0 0 0 0 1 1 0 0 0 0 1 1
80	9	1 0 1 0 0 0 0 1 0 0 0 0 0 0 0 0
80	1	1 0 0 0 1 0 0 0 1 1 0 1 0 0 1 1
80	11	1 0 0 1 0 0 0 0 0 0 0 0 0 0 1 0
80	1	1 0 0 0 0 1 0 0 1 0 1 0 0 0 1 1
80	3	0 0 0 0 0 0 0 0 1 0 0 0 0 0 1 0
80	10	1 0 0 0 0 0 0 0 1 0 0 0 1 0 1 1
80	12	1 0 0 0 0 1 0 1 0 0 0 0 0 0 0 0
80	2	0 0 0 1 0 0 0 0 1 0 0 0 0 0 1 0
80	11	1 0 0 1 0 0 0 0 1 1 0 0 0 0 1 0
80	7	0 0 0 1 1 0 0 0 1 1 0 1 0 0 1 0
80	11	1 0 0 0 0 0 0 1 0 0 0 0 0 0 1 0
80	29	1 0 0 1 0 1 0 0 1 1 0 1 0 0 1 1
80	14	1 0 0 0 0 0 1 1 0 0 0 0 0 0 0 0
80	35	1 0 0 0 0 0 0 1 0 0 0 0 1 0 0 0
80	13	1 1 0 0 0 0 0 1 0 0 0 0 0 0 0 0
80	4	1 0 0 0 1 0 0 0 1 0 1 0 0 0 0 0
80	8	1 0 1 0 0 0 0 1 0 1 0 0 0 0 0 0
80	18	1 0 0 1 1 0 0 0 1 1 0 1 0 0 1 0
80	3	1 0 0 1 0 1 0 0 1 1 0 1 0 1 1 0
80	1	1 1 0 1 0 0 0 0 1 1 0 1 0 0 1 0
80	27	1 0 0 0 0 1 0 0 1 0 0 0 0 0 1 0
80	3	1 0 0 0 0 0 0 1 1 0 0 1 0 0 1 1
80	3	1 0 0 0 0 1 0 1 0 0 0 0 0 0 1 0
80	2	1 0 0 0 0 0 0 0 1 0 0 1 0 0 0 0
80	4	1 0 0 1 1 0 1 0 1 0 0 0 0 0 1 0
80	11	0 0 0 0 0 0 0 1 0 0 0 0 0 0 0 0
80	5	1 1 0 0 0 0 0 1 1 0 0 0 0 1 0 0
80	7	1 0 1 0 0 0 0 1 1 0 0 0 0 0 0 0
80	5	1 0 0 0 1 0 0 0 0 1 0 1 0 0 1 1
80	6	1 0 0 0 1 0 0 1 0 1 0 0 0 0 1 0
80	6	1 0 0 0 0 0 0 1 0 0 0 1 0 0 0 0
80	8	1 0 0 0 0 0 0 1 1 0 0 0 1 0 0 0
80	3	1 1 0 0 0 1 0 1 1 0 0 0 0 0 1 0
80	2	1 0 0 0 0 1 0 0 1 1 0 1 0 0 1 1
80	4	0 0 0 1 0 0 0 0 1 0 0 1 0 0 1 1
80	2	1 0 0 1 0 0 0 0 1 0 0 0 1 0 1 0
80	1	1 0 0 0 0 0 0 0 1 1 0 0 0 0 1 1
80	1	1 0 0 0 1 0 0 0 1 1 1 1 0 0 1 1
80	3	0 0 0 1 0 0 0 0 1 1 0 0 0 0 0 0
80	2	1 0 0 1 0 0 0 0 1 1 0 1 0 0 1 1
80	1	1 0 0 0 1 0 0 1 1 0 0 0 0 0 0 0
80	3	0 0 0 1 0 0 0 0 1 0 0 0 1 0 0 0
80	12	0 1 0 0 0 0 0 1 1 0 0 0 0 0 0 0
80	4	0 0 0 0 0 0 0 1 1 1 0 0 0 0 1 0
80	7	1 0 0 0 0 0 1 1 0 0 0 0 0 0 0 1
80	8	1 1 0 0 0 0 0 1 1 0 0 1 0 0 1 1
80	5	0 0 0 1 0 0 0 1 1 0 0 0 0 0 0 0
80	12	1 0 1 0 0 0 0 0 1 0 0 0 0 0 1 0
80	4	1 0 0 0 0 0 1 1 1 0 0 0 0 0 1 0
80	3	1 0 1 1 0 0 0 0 1 1 0 0 0 0 1 0
80	2	1 0 0 1 0 1 0 0 0 1 0 1 0 0 1 1
80	3	1 1 0 1 0 0 0 1 1 1 0 0 0 0 1 0
80	2	1 0 0 1 0 0 0 0 1 1 0 0 0 0 1 1
80	2	0 0 0 1 0 0 0 1 0 0 0 0 0 0 0 0
80	3	1 0 0 0 0 0 0 0 1 0 0 0 0 1 1 0
80	3	1 0 0 1 0 1 0 0 1 1 1 1 0 0 1 0
80	1	1 0 0 1 0 1 0 0 0 0 0 0 0 0 1 0
80	1	1 0 0 0 0 0 1 1 1 0 0 0 0 0 0 0
80	3	1 0 0 0 0 0 0 1 0 1 0 0 0 0 0 0
80	2	1 1 0 0 0 0 0 1 1 0 0 0 0 0 1 0
80	1	0 0 0 0 0 0 0 0 1 0 1 0 0 0 0 0
80	4	1 0 0 0 0 0 0 0 1 1 0 1 0 0 1 0
80	2	1 0 1 0 0 0 0 1 0 0 0 0 0 0 0 1
80	3	0 0 0 1 1 0 0 0 0 1 0 1 0 0 1 0
80	2	0 0 0 1 0 1 0 0 1 1 0 1 0 1 1 0
80	2	1 1 0 0 0 0 0 1 0 0 0 0 0 0 1 0
80	1	1 0 0 0 0 0 0 1 0 0 0 0 0 0 0 1
80	6	1 0 0 1 0 0 1 0 1 0 0 0 0 1 1 0
80	1	1 1 0 0 0 0 0 1 1 0 0 0 0 1 1 0
80	1	1 0 0 0 0 0 0 0 0 0 0 0 1 0 0 0
80	1	0 0 0 1 0 0 0 0 1 1 0 1 0 0 0 0
80	1	0 0 0 0 0 0 0 0 1 1 0 1 0 0 1 1
80	1	1 1 0 0 0 0 0 0 1 1 0 1 0 0 1 0
80	5	1 0 0 1 0 1 0 1 1 0 0 0 0 0 1 1
80	3	1 0 0 1 1 0 0 1 0 0 0 0 0 0 1 0
80	1	1 0 0 1 1 0 0 0 1 0 0 0 0 0 1 0
80	1	1 0 0 0 0 0 0 0 1 0 1 0 0 0 1 0
80	3	1 1 0 0 0 0 0 0 1 0 0 0 0 0 1 0
80	1	1 1 0 0 0 0 0 1 1 0 0 0 1 0 0 0
80	1	1 0 0 0 0 0 0 0 1 0 0 0 1 0 1 0
80	3	0 0 0 0 0 1 0 1 0 0 0 0 0 0 0 0
90	50	1 0 0 0 0 0 0 0 1 0 0 0 0 0 1 0
90	14	0 0 0 1 0 0 0 0 1 1 0 1 0 0 1 1
90	5	1 0 0 0 0 0 0 0 1 0 0 0 0 0 1 1
90	107	1 0 0 0 0 0 0 1 0 0 0 0 0 0 0 0
90	23	0 0 0 1 0 0 0 0 1 1 0 1 0 0 1 0
90	18	0 0 0 1 0 0 0 0 1 1 0 0 0 0 1 0
90	2	1 0 0 0 0 0 0 0 1 0 0 0 0 0 0 0
90	8	1 0 0 0 0 0 1 0 1 0 0 0 0 0 1 0
90	1	1 0 0 0 1 0 0 1 0 0 0 0 0 0 0 0
90	54	1 0 0 0 0 0 0 1 1 0 0 0 0 0 1 0
90	25	1 0 0 0 0 0 0 0 1 0 1 0 0 0 0 0
90	3	1 1 0 0 0 0 0 0 1 1 0 0 0 0 1 0
90	7	1 0 0 0 0 0 0 0 1 0 1 0 0 0 1 1
90	14	1 0 0 1 0 0 0 0 1 1 0 1 0 0 1 0
90	7	1 0 0 0 0 0 0 1 1 0 0 0 0 0 1 1
90	27	1 0 0 0 0 0 0 1 1 0 0 0 0 0 0 0
90	3	1 0 0 1 0 1 0 0 1 1 0 1 0 0 1 0
90	13	1 0 0 1 0 0 1 0 1 0 0 0 0 0 1 0
90	20	1 0 1 0 0 0 0 1 0 0 0 0 0 0 0 0
90	27	1 0 0 1 0 0 0 0 0 0 0 0 0 0 1 0
90	1	0 0 0 0 0 0 0 0 1 0 0 0 0 0 1 0
90	3	1 0 0 0 0 0 0 0 1 0 0 0 1 0 1 1
90	10	1 0 0 0 0 1 0 1 0 0 0 0 0 0 0 0
90	1	0 0 0 1 0 0 0 0 1 0 0 0 0 0 1 0
90	14	1 0 0 1 0 0 0 0 1 1 0 0 0 0 1 0
90	3	0 0 0 1 1 0 0 0 1 1 0 1 0 0 1 0
90	33	1 0 0 0 0 0 0 1 0 0 0 0 0 0 1 0
90	7	1 0 0 1 0 1 0 0 1 1 0 1 0 0 1 1
90	22	1 0 0 0 0 0 1 1 0 0 0 0 0 0 0 0
90	66	1 0 0 0 0 0 0 1 0 0 0 0 1 0 0 0
90	2	1 1 0 0 0 0 0 1 0 0 0 0 0 0 0 0
90	5	1 0 0 0 1 0 0 0 1 0 1 0 0 0 0 0
90	10	1 0 0 1 1 0 0 0 1 1 0 1 0 0 1 0
90	18	1 0 0 0 0 1 0 0 1 0 0 0 0 0 1 0
90	11	1 0 0 0 0 1 0 1 0 0 0 0 0 0 1 0
90	5	0 0 0 0 0 0 0 1 0 0 0 0 0 0 0 0
90	12	1 1 0 0 0 0 0 1 1 0 0 0 0 1 0 0
90	17	1 0 1 0 0 0 0 1 1 0 0 0 0 0 0 0
90	11	1 0 0 0 1 0 0 1 0 1 0 0 0 0 1 0
90	15	1 0 0 0 0 0 0 1 1 0 0 0 1 0 0 0
90	1	1 1 0 0 0 1 0 1 1 0 0 0 0 0 1 0
90	5	1 0 0 0 0 1 0 0 1 1 0 1 0 0 1 1
90	4	1 0 0 1 0 0 0 0 1 0 0 0 1 0 1 0
90	3	1 0 0 1 0 0 0 0 1 1 0 1 0 0 1 1
90	4	0 0 0 1 0 0 0 0 1 0 0 0 1 0 0 0
90	17	0 1 0 0 0 0 0 1 1 0 0 0 0 0 0 0
90	3	0 0 0 1 0 0 0 1 1 0 0 0 0 0 0 0
90	1	1 0 1 0 0 0 0 0 1 0 0 0 0 0 1 0
90	20	0 0 0 1 0 0 0 1 0 0 0 0 0 0 0 0
90	18	1 0 0 1 0 1 0 0 1 1 1 1 0 0 1 0
90	4	1 0 0 0 0 0 1 1 1 0 0 0 0 0 0 0
90	2	1 0 0 0 0 0 0 1 0 1 0 0 0 0 0 0
90	3	0 0 0 0 0 0 0 0 1 0 1 0 0 0 0 0
90	7	1 0 0 0 0 0 0 0 1 1 0 1 0 0 1 0
90	1	0 0 0 1 1 0 0 0 0 1 0 1 0 0 1 0
90	17	1 0 0 1 0 0 1 0 1 0 0 0 0 1 1 0
90	7	1 0 0 1 0 1 0 1 1 0 0 0 0 0 1 1
90	3	1 0 0 1 1 0 0 0 1 0 0 0 0 0 1 0
90	3	1 1 0 0 0 0 0 0 1 0 0 0 0 0 1 0
90	9	1 1 0 0 0 0 0 1 1 0 0 0 1 0 0 0
90	6	1 0 0 1 0 0 0 0 1 1 0 0 0 0 0 0
90	2	1 0 0 1 0 1 0 0 1 1 0 1 0 0 0 1
90	11	1 0 0 0 0 0 0 1 1 0 1 0 0 0 1 1
90	3	1 0 0 0 0 0 0 1 1 0 1 0 1 0 0 0
90	1	1 0 0 0 0 0 0 0 0 1 0 1 0 0 1 0
90	4	1 0 0 0 0 0 0 1 0 0 0 0 1 0 1 1
90	10	0 1 0 1 0 0 0 0 1 1 0 1 0 0 1 1
90	4	1 0 0 0 0 0 0 1 0 0 0 0 0 0 0 1
90	2	1 0 0 1 0 0 0 1 1 1 0 0 0 0 1 0
90	12	1 1 0 1 0 0 0 0 1 0 0 0 0 0 1 0
90	5	0 1 0 1 0 0 0 0 1 1 0 1 0 0 1 0
90	3	1 0 1 0 0 0 1 1 1 0 0 0 0 0 0 0
90	3	1 0 0 0 1 0 0 1 0 1 0 0 1 0 1 0
90	1	1 0 0 0 0 0 0 1 1 0 1 0 0 0 1 0
90	1	1 0 0 1 0 1 0 0 1 1 0 0 0 0 0 1
90	8	0 0 0 1 0 0 0 0 1 1 0 0 0 0 0 0
90	2	0 0 0 1 0 0 0 1 1 1 0 0 0 0 1 0
90	1	1 0 0 1 0 0 1 0 0 0 0 0 0 0 1 0
90	11	1 0 0 0 0 0 1 1 0 0 1 0 0 0 0 0
90	3	0 0 0 1 0 0 0 0 1 0 0 0 1 0 1 0
90	2	1 0 1 0 0 0 0 1 1 0 0 0 0 0 1 0
90	5	1 0 0 1 0 1 0 0 1 0 0 0 0 0 0 0
90	1	1 0 0 0 0 0 0 1 0 0 0 0 0 1 1 0
90	10	1 0 0 1 0 0 0 1 1 0 0 0 0 0 1 0
90	1	1 0 0 1 0 1 0 0 0 1 0 1 0 0 1 1
90	4	1 0 0 0 0 0 1 1 0 0 0 0 1 0 0 0
90	4	0 1 0 0 0 0 0 1 1 0 0 0 1 0 0 0
90	2	1 0 0 1 0 0 1 1 0 0 0 0 0 0 0 1
90	3	0 1 0 1 0 0 0 0 1 0 0 1 0 0 1 1
90	7	1 0 0 0 0 0 0 1 1 0 0 0 0 0 0 1
90	3	1 0 0 0 0 1 1 1 0 0 1 0 0 0 0 0
90	4	1 0 0 0 0 0 0 0 0 0 0 0 0 0 0 0
90	1	0 0 0 1 0 1 0 0 1 1 0 1 0 0 1 0
90	3	1 0 0 1 0 0 0 0 1 0 0 1 0 0 1 0
90	1	1 0 0 1 1 0 0 0 0 0 0 0 0 1 1 0
90	1	1 0 0 0 0 1 0 1 1 0 0 0 0 0 0 0
90	2	1 0 0 0 0 0 0 1 1 0 1 0 0 0 0 0
90	1	1 0 0 0 0 1 0 0 0 0 0 0 0 0 0 0
90	1	1 0 0 1 0 0 0 1 0 0 0 0 1 0 0 0
90	2	0 0 1 1 0 0 0 0 1 0 0 0 1 0 0 0
90	1	1 0 0 0 0 0 1 1 1 0 0 0 0 0 0 1
90	3	0 0 0 1 1 0 0 0 1 0 0 1 0 0 1 1
90	2	1 0 0 0 0 0 1 1 0 0 0 0 0 0 1 0
90	1	1 0 0 1 0 0 1 0 1 0 0 1 0 0 1 0
90	1	1 1 0 0 0 0 0 1 0 0 0 0 1 0 0 0
90	2	1 0 0 0 0 0 0 1 1 0 1 1 0 0 1 0
90	1	1 1 0 1 0 0 0 0 1 0 0 1 0 0 1 1
90	1	0 0 0 1 0 0 0 0 1 1 0 1 0 0 0 0
90	2	1 0 0 0 0 0 0 1 1 1 0 1 0 0 1 1
90	4	1 0 0 1 0 1 0 0 1 1 0 0 0 0 1 0
90	3	0 0 0 1 0 1 0 0 1 1 1 1 0 0 1 0
90	1	0 1 0 0 0 0 0 0 1 1 0 1 0 0 1 0
90	1	1 0 0 1 0 0 0 0 1 0 0 0 0 0 1 0
100	75	1 0 0 0 0 0 0 0 1 0 0 0 0 0 1 0
100	18	0 0 0 1 0 0 0 0 1 1 0 1 0 0 1 1
100	7	1 0 0 0 0 0 0 0 1 0 0 0 0 0 1 1
100	85	1 0 0 0 0 0 0 1 0 0 0 0 0 0 0 0
100	18	0 0 0 1 0 0 0 0 1 1 0 1 0 0 1 0
100	4	0 0 0 1 0 0 0 0 1 1 0 0 0 0 1 0
100	6	1 0 0 0 0 0 1 0 1 0 0 0 0 0 1 0
100	59	1 0 0 0 0 0 0 1 1 0 0 0 0 0 1 0
100	34	1 0 0 0 0 0 0 0 1 0 1 0 0 0 0 0
100	17	1 1 0 0 0 0 0 0 1 1 0 0 0 0 1 0
100	10	1 0 0 1 0 0 0 0 1 1 0 1 0 0 1 0
100	13	1 0 0 0 0 0 0 1 1 0 0 0 0 0 0 0
100	10	1 0 0 1 0 0 1 0 1 0 0 0 0 0 1 0
100	23	1 0 1 0 0 0 0 1 0 0 0 0 0 0 0 0
100	13	1 0 0 1 0 0 0 0 0 0 0 0 0 0 1 0
100	3	0 0 0 0 0 0 0 0 1 0 0 0 0 0 1 0
100	20	1 0 0 0 0 1 0 1 0 0 0 0 0 0 0 0
100	25	1 0 0 1 0 0 0 0 1 1 0 0 0 0 1 0
100	5	0 0 0 1 1 0 0 0 1 1 0 1 0 0 1 0
100	29	1 0 0 0 0 0 0 1 0 0 0 0 0 0 1 0
100	6	1 0 0 1 0 1 0 0 1 1 0 1 0 0 1 1
100	11	1 0 0 0 0 0 1 1 0 0 0 0 0 0 0 0
100	20	1 0 0 0 0 0 0 1 0 0 0 0 1 0 0 0
100	6	1 1 0 0 0 0 0 1 0 0 0 0 0 0 0 0
100	8	1 0 0 1 1 0 0 0 1 1 0 1 0 0 1 0
100	6	1 0 0 0 0 1 0 0 1 0 0 0 0 0 1 0
100	2	1 0 0 0 0 1 0 1 0 0 0 0 0 0 1 0
100	9	1 1 0 0 0 0 0 1 1 0 0 0 0 1 0 0
100	20	1 0 1 0 0 0 0 1 1 0 0 0 0 0 0 0
100	11	1 0 0 0 0 0 0 1 1 0 0 0 1 0 0 0
100	13	1 1 0 0 0 1 0 1 1 0 0 0 0 0 1 0
100	3	0 1 0 0 0 0 0 1 1 0 0 0 0 0 0 0
100	10	0 0 0 1 0 0 0 1 1 0 0 0 0 0 0 0
100	14	0 0 0 1 0 0 0 1 0 0 0 0 0 0 0 0
100	10	1 0 0 0 0 0 1 1 1 0 0 0 0 0 0 0
100	1	0 0 0 0 0 0 0 0 1 0 1 0 0 0 0 0
100	8	1 0 0 0 0 0 0 0 1 1 0 1 0 0 1 0
100	5	1 0 0 1 0 0 1 0 1 0 0 0 0 1 1 0
100	6	1 0 0 1 0 1 0 1 1 0 0 0 0 0 1 1
100	12	1 0 0 1 1 0 0 0 1 0 0 0 0 0 1 0
100	6	1 1 0 0 0 0 0 1 1 0 0 0 1 0 0 0
100	9	1 0 0 1 0 0 0 0 1 1 0 0 0 0 0 0
100	10	1 0 0 1 0 1 0 0 1 1 0 1 0 0 0 1
100	1	1 0 0 0 0 0 0 1 1 0 1 0 0 0 1 1
100	17	0 1 0 1 0 0 0 0 1 1 0 1 0 0 1 1
100	3	1 0 0 0 0 0 0 1 0 0 0 0 0 0 0 1
100	40	1 1 0 1 0 0 0 0 1 0 0 0 0 0 1 0
100	5	0 1 0 1 0 0 0 0 1 1 0 1 0 0 1 0
100	2	1 0 0 1 0 1 0 0 1 1 0 0 0 0 0 1
100	4	0 0 0 1 0 0 0 0 1 1 0 0 0 0 0 0
100	2	0 0 0 1 0 0 0 1 1 1 0 0 0 0 1 0
100	6	1 0 0 0 0 0 1 1 0 0 1 0 0 0 0 0
100	10	1 0 0 0 0 0 0 1 0 0 0 0 0 1 1 0
100	30	1 0 0 0 0 0 1 1 0 0 0 0 1 0 0 0
100	1	0 1 0 0 0 0 0 1 1 0 0 0 1 0 0 0
100	8	1 0 0 1 0 0 1 1 0 0 0 0 0 0 0 1
100	1	1 0 0 0 0 0 0 0 0 0 0 0 0 0 0 0
100	6	1 0 0 1 0 0 0 0 1 0 0 1 0 0 1 0
100	3	1 0 0 0 0 0 0 1 1 0 1 0 0 0 0 0
100	2	0 0 1 1 0 0 0 0 1 0 0 0 1 0 0 0
100	1	1 0 0 0 0 0 0 1 1 0 1 1 0 0 1 0
100	1	1 0 0 1 0 0 1 0 1 0 0 0 0 1 0 0
100	4	1 0 1 1 0 1 0 0 1 1 1 1 0 0 1 0
100	8	0 1 0 1 0 0 0 0 1 1 0 0 0 0 0 0
100	2	1 0 0 0 0 0 0 0 1 0 0 1 0 0 1 0
100	12	1 0 0 1 0 0 0 0 1 1 0 0 1 0 0 0
100	3	1 0 1 0 0 0 0 0 1 0 1 0 0 0 0 0
100	1	0 0 0 1 1 0 0 0 1 1 0 1 0 0 1 1
100	10	0 1 0 0 0 0 0 1 1 0 0 0 0 0 0 1
100	8	0 0 1 1 0 0 0 1 0 0 0 0 0 0 0 0
100	6	1 0 0 1 0 1 0 1 1 0 0 1 0 0 1 1
100	7	1 0 0 0 0 1 0 0 1 0 0 1 0 0 1 0
100	2	1 0 1 0 0 0 0 1 1 0 0 0 0 0 1 0
100	8	1 0 0 0 0 0 0 1 0 0 0 0 0 1 0 0
100	2	0 0 0 0 0 0 0 1 1 0 0 0 0 0 1 0
100	7	1 0 0 0 0 0 1 1 0 1 0 0 0 0 0 0
100	5	1 1 0 0 0 1 0 0 1 0 0 0 0 0 1 0
100	1	1 0 1 0 1 0 0 1 0 0 0 0 0 0 0 1
100	7	1 0 0 1 0 0 0 1 1 0 0 0 0 0 0 0
100	6	1 0 0 0 0 0 0 0 1 0 0 0 1 0 1 0
100	2	1 1 0 0 0 0 0 1 1 0 0 0 0 0 1 0
100	5	1 0 1 0 0 0 0 1 1 0 0 1 0 0 0 0
100	1	0 0 0 1 1 0 0 0 1 0 0 0 0 0 1 0
100	7	1 1 0 1 0 0 0 1 1 0 0 0 0 0 0 0
100	2	1 0 0 0 0 0 0 0 1 1 0 0 0 0 1 0
100	2	1 1 0 1 0 0 0 1 1 0 0 0 0 0 1 0
100	3	0 0 0 0 0 0 0 1 0 0 0 0 0 0 0 0
100	1	1 0 0 0 0 0 0 1 1 0 0 0 0 1 0 0
100	2	1 0 0 0 0 1 0 1 0 0 1 0 0 0 1 0
100	2	1 0 1 0 0 0 0 1 1 0 0 0 1 0 0 0
100	6	0 0 0 1 1 0 0 1 0 0 0 0 0 0 0 0
100	3	0 1 0 0 0 0 0 1 1 0 0 0 0 0 1 0
100	2	1 0 0 0 0 0 0 1 0 0 0 0 0 0 1 1
100	2	1 0 1 0 0 0 0 1 1 1 0 0 0 0 1 0
100	3	1 1 0 1 0 0 0 1 0 0 0 0 0 1 0 0
100	1	1 1 0 1 0 0 0 1 0 0 0 0 0 0 0 0
100	2	1 0 0 1 0 1 0 0 1 1 0 0 0 0 1 0
100	1	1 1 0 0 0 0 0 0 1 1 0 1 0 0 1 0
100	3	1 0 0 0 0 1 0 1 0 0 0 1 0 0 0 0
100	3	1 0 0 0 0 1 0 1 1 0 0 0 0 0 1 0
100	1	1 0 0 1 0 0 0 1 1 1 0 0 0 0 0 0
100	1	1 0 0 0 0 0 0 0 0 1 0 0 0 0 0 0
100	6	1 0 0 0 0 0 0 1 0 1 0 0 0 0 0 0
100	4	1 1 0 1 0 0 0 0 1 0 1 0 0 0 1 0
100	2	1 0 1 1 0 1 0 0 1 1 0 1 0 0 1 0
100	3	0 0 1 1 0 0 0 1 0 0 0 0 0 0 1 0
100	3	1 0 0 1 0 0 0 0 0 0 0 0 1 0 0 0
100	1	1 0 1 0 0 0 0 0 1 0 0 0 0 0 1 1
100	1	1 0 0 0 0 0 0 0 1 1 1 0 0 0 0 0
100	1	1 0 0 1 1 0 1 0 1 1 0 1 0 0 1 0
100	1	1 0 1 0 0 0 0 0 0 0 0 0 0 0 0 0
100	1	1 0 1 1 0 0 0 0 1 0 0 1 0 0 1 0
110	58	1 0 0 0 0 0 0 0 1 0 0 0 0 0 1 0
110	1	0 0 0 1 0 0 0 0 1 1 0 1 0 0 1 1
110	4	1 0 0 0 0 0 0 0 1 0 0 0 0 0 1 1
110	59	1 0 0 0 0 0 0 1 0 0 0 0 0 0 0 0
110	9	0 0 0 1 0 0 0 0 1 1 0 1 0 0 1 0
110	41	1 0 0 0 0 0 0 1 1 0 0 0 0 0 1 0
110	48	1 0 0 0 0 0 0 0 1 0 1 0 0 0 0 0
110	21	1 1 0 0 0 0 0 0 1 1 0 0 0 0 1 0
110	2	1 0 0 1 0 0 0 0 1 1 0 1 0 0 1 0
110	26	1 0 0 0 0 0 0 1 1 0 0 0 0 0 0 0
110	1	1 0 0 1 0 0 1 0 1 0 0 0 0 0 1 0
110	10	1 0 1 0 0 0 0 1 0 0 0 0 0 0 0 0
110	23	1 0 0 0 0 1 0 1 0 0 0 0 0 0 0 0
110	17	1 0 0 1 0 0 0 0 1 1 0 0 0 0 1 0
110	34	1 0 0 0 0 0 0 1 0 0 0 0 0 0 1 0
110	9	1 0 0 1 0 1 0 0 1 1 0 1 0 0 1 1
110	7	1 0 0 0 0 0 1 1 0 0 0 0 0 0 0 0
110	41	1 0 0 0 0 0 0 1 0 0 0 0 1 0 0 0
110	16	1 0 0 1 1 0 0 0 1 1 0 1 0 0 1 0
110	5	1 0 0 0 0 1 0 0 1 0 0 0 0 0 1 0
110	5	1 0 0 0 0 1 0 1 0 0 0 0 0 0 1 0
110	32	1 1 0 0 0 0 0 1 1 0 0 0 0 1 0 0
110	32	1 0 1 0 0 0 0 1 1 0 0 0 0 0 0 0
110	7	1 0 0 0 0 0 0 1 1 0 0 0 1 0 0 0
110	5	1 1 0 0 0 1 0 1 1 0 0 0 0 0 1 0
110	10	0 1 0 0 0 0 0 1 1 0 0 0 0 0 0 0
110	10	0 0 0 1 0 0 0 1 1 0 0 0 0 0 0 0
110	23	0 0 0 1 0 0 0 1 0 0 0 0 0 0 0 0
110	5	0 0 0 0 0 0 0 0 1 0 1 0 0 0 0 0
110	5	1 0 0 1 1 0 0 0 1 0 0 0 0 0 1 0
110	5	1 1 0 0 0 0 0 1 1 0 0 0 1 0 0 0
110	2	1 0 0 1 0 0 0 0 1 1 0 0 0 0 0 0
110	7	1 0 0 1 0 1 0 0 1 1 0 1 0 0 0 1
110	8	0 1 0 1 0 0 0 0 1 1 0 1 0 0 1 1
110	1	1 0 0 0 0 0 0 1 0 0 0 0 0 0 0 1
110	58	1 1 0 1 0 0 0 0 1 0 0 0 0 0 1 0
110	2	0 1 0 1 0 0 0 0 1 1 0 1 0 0 1 0
110	53	1 0 0 0 0 0 1 1 0 0 0 0 1 0 0 0
110	7	1 0 0 1 0 0 1 1 0 0 0 0 0 0 0 1
110	16	1 0 0 1 0 0 0 0 1 0 0 1 0 0 1 0
110	2	1 0 0 0 0 0 0 1 1 0 1 1 0 0 1 0
110	1	1 0 1 1 0 1 0 0 1 1 1 1 0 0 1 0
110	2	0 1 0 1 0 0 0 0 1 1 0 0 0 0 0 0
110	29	1 0 0 1 0 0 0 0 1 1 0 0 1 0 0 0
110	24	1 0 1 0 0 0 0 0 1 0 1 0 0 0 0 0
110	27	0 1 0 0 0 0 0 1 1 0 0 0 0 0 0 1
110	2	0 0 1 1 0 0 0 1 0 0 0 0 0 0 0 0
110	2	1 0 0 0 0 0 0 1 0 0 0 0 0 1 0 0
110	3	0 0 0 0 0 0 0 1 1 0 0 0 0 0 1 0
110	9	1 0 0 0 0 0 1 1 0 1 0 0 0 0 0 0
110	6	1 0 0 1 0 0 0 1 1 0 0 0 0 0 0 0
110	2	1 0 0 0 0 0 0 0 1 0 0 0 1 0 1 0
110	2	1 0 1 0 0 0 0 1 1 0 0 1 0 0 0 0
110	1	0 0 0 0 0 0 0 1 0 0 0 0 0 0 0 0
110	3	1 0 0 0 0 0 0 1 1 0 0 0 0 1 0 0
110	3	1 0 1 0 0 0 0 1 1 1 0 0 0 0 1 0
110	3	1 1 0 1 0 0 0 1 0 0 0 0 0 0 0 0
110	1	1 0 0 0 0 0 0 1 0 1 0 0 0 0 0 0
110	6	1 0 1 1 0 1 0 0 1 1 0 1 0 0 1 0
110	5	0 0 1 1 0 0 0 1 0 0 0 0 0 0 1 0
110	6	1 0 0 0 0 0 0 1 0 0 0 0 1 1 0 0
110	13	1 1 0 1 1 0 0 0 1 0 0 0 0 0 1 0
110	3	1 0 0 0 0 0 1 1 1 0 1 0 0 0 0 0
110	2	1 0 0 0 0 1 0 0 1 1 0 1 0 0 1 0
110	1	0 1 0 0 0 0 0 1 0 0 0 0 0 0 0 0
110	4	0 0 0 1 0 0 0 0 0 1 0 1 0 0 1 1
110	1	1 0 0 0 0 0 0 1 1 0 1 0 0 0 1 0
110	8	1 0 0 0 0 0 1 1 1 0 0 0 0 0 1 0
110	22	1 1 1 0 0 0 0 1 1 0 0 0 0 0 1 0
110	2	1 0 0 1 0 0 1 0 1 1 0 0 1 0 0 0
110	2	1 1 0 0 0 0 0 0 1 0 1 0 0 0 0 0
110	3	1 0 1 0 0 0 0 1 1 0 0 0 0 0 0 1
110	5	1 1 0 0 0 1 0 1 1 0 0 0 0 1 0 0
110	4	1 0 0 1 0 0 0 1 1 0 1 0 0 0 0 0
110	4	0 0 0 1 1 0 0 1 1 0 0 0 0 0 0 0
110	1	1 1 0 0 0 0 0 1 1 0 0 0 1 0 0 1
110	2	1 0 0 0 0 0 0 0 1 1 0 0 0 0 0 0
110	1	1 0 0 0 0 0 0 0 1 0 0 0 1 1 0 0
110	2	1 0 1 0 0 0 0 1 1 1 0 1 0 0 0 0
110	2	1 1 0 0 0 0 0 1 0 0 0 0 0 0 1 0
110	5	1 0 0 1 1 0 0 0 1 0 1 0 0 0 0 0
110	9	1 0 0 0 0 1 0 1 0 0 0 0 0 0 1 1
110	3	0 1 0 0 1 0 0 0 1 1 0 1 0 0 1 0
110	1	1 0 0 0 0 0 0 0 1 0 1 0 0 0 1 0
110	1	1 1 0 0 0 0 0 0 1 1 0 0 0 0 0 0
110	3	1 0 1 1 0 0 1 0 1 0 0 0 0 0 1 0
110	2	1 0 0 0 0 0 1 1 0 0 0 0 1 0 0 1
110	3	1 0 0 1 0 0 0 0 1 0 0 0 0 0 1 0
110	1	1 0 0 1 0 1 0 0 1 1 0 1 0 0 1 0
110	3	1 0 0 1 0 0 1 0 1 1 0 0 0 0 1 0
110	3	1 0 0 0 0 0 0 0 1 0 0 0 1 0 0 0
110	2	1 0 0 0 0 0 0 1 1 0 1 0 0 0 0 0
110	2	1 0 0 0 0 0 0 1 1 0 0 1 0 1 0 0
110	2	1 0 1 0 0 0 0 1 1 0 0 0 1 0 0 1
110	3	0 1 0 1 0 0 0 1 0 0 0 0 0 0 1 0
110	2	1 1 0 0 0 0 0 1 1 0 0 0 0 0 1 0
110	1	1 0 0 0 0 0 0 1 0 0 0 0 0 1 1 0
110	2	1 1 1 0 0 0 0 1 1 0 0 0 0 1 0 0
110	2	0 1 0 1 0 1 0 0 1 1 0 1 0 0 1 1
110	1	1 0 1 0 0 0 0 0 1 0 1 0 0 1 0 0
110	2	1 0 0 0 0 1 0 1 0 0 0 0 0 1 0 0
110	1	1 0 0 1 0 1 1 0 1 1 0 0 1 0 0 0
120	32	1 0 0 0 0 0 0 0 1 0 0 0 0 0 1 0
120	40	1 0 0 0 0 0 0 1 0 0 0 0 0 0 0 0
120	17	0 0 0 1 0 0 0 0 1 1 0 1 0 0 1 0
120	26	1 0 0 0 0 0 0 1 1 0 0 0 0 0 1 0
120	52	1 0 0 0 0 0 0 0 1 0 1 0 0 0 0 0
120	13	1 1 0 0 0 0 0 0 1 1 0 0 0 0 1 0
120	25	1 0 0 0 0 0 0 1 1 0 0 0 0 0 0 0
120	4	1 0 0 1 0 0 1 0 1 0 0 0 0 0 1 0
120	3	1 0 1 0 0 0 0 1 0 0 0 0 0 0 0 0
120	12	1 0 0 0 0 1 0 1 0 0 0 0 0 0 0 0
120	17	1 0 0 1 0 0 0 0 1 1 0 0 0 0 1 0
120	38	1 0 0 0 0 0 0 1 0 0 0 0 0 0 1 0
120	7	1 0 0 0 0 0 1 1 0 0 0 0 0 0 0 0
120	58	1 0 0 0 0 0 0 1 0 0 0 0 1 0 0 0
120	34	1 0 0 1 1 0 0 0 1 1 0 1 0 0 1 0
120	18	1 1 0 0 0 0 0 1 1 0 0 0 0 1 0 0
120	2	1 0 1 0 0 0 0 1 1 0 0 0 0 0 0 0
120	12	1 0 0 0 0 0 0 1 1 0 0 0 1 0 0 0
120	11	1 1 0 0 0 1 0 1 1 0 0 0 0 0 1 0
120	8	0 1 0 0 0 0 0 1 1 0 0 0 0 0 0 0
120	1	0 0 0 1 0 0 0 1 1 0 0 0 0 0 0 0
120	20	0 0 0 1 0 0 0 1 0 0 0 0 0 0 0 0
120	8	0 0 0 0 0 0 0 0 1 0 1 0 0 0 0 0
120	2	1 0 0 1 1 0 0 0 1 0 0 0 0 0 1 0
120	7	1 0 0 1 0 1 0 0 1 1 0 1 0 0 0 1
120	8	0 1 0 1 0 0 0 0 1 1 0 1 0 0 1 1
120	44	1 1 0 1 0 0 0 0 1 0 0 0 0 0 1 0
120	15	1 0 0 0 0 0 1 1 0 0 0 0 1 0 0 0
120	9	1 0 0 1 0 0 0 0 1 0 0 1 0 0 1 0
120	12	1 0 1 1 0 1 0 0 1 1 1 1 0 0 1 0
120	17	1 0 0 1 0 0 0 0 1 1 0 0 1 0 0 0
120	58	1 0 1 0 0 0 0 0 1 0 1 0 0 0 0 0
120	32	0 1 0 0 0 0 0 1 1 0 0 0 0 0 0 1
120	5	1 0 0 0 0 0 0 1 0 0 0 0 0 1 0 0
120	7	1 0 0 0 0 0 1 1 0 1 0 0 0 0 0 0
120	4	1 0 0 1 0 0 0 1 1 0 0 0 0 0 0 0
120	3	1 0 1 1 0 1 0 0 1 1 0 1 0 0 1 0
120	5	1 1 0 1 1 0 0 0 1 0 0 0 0 0 1 0
120	15	1 0 0 0 0 0 1 1 1 0 1 0 0 0 0 0
120	6	1 0 0 0 0 1 0 0 1 1 0 1 0 0 1 0
120	9	0 0 0 1 0 0 0 0 0 1 0 1 0 0 1 1
120	11	1 1 1 0 0 0 0 1 1 0 0 0 0 0 1 0
120	1	1 0 0 1 0 0 1 0 1 1 0 0 1 0 0 0
120	16	1 1 0 0 0 1 0 1 1 0 0 0 0 1 0 0
120	4	1 0 0 1 0 0 0 1 1 0 1 0 0 0 0 0
120	3	1 0 0 1 1 0 0 0 1 0 1 0 0 0 0 0
120	24	1 0 0 0 0 1 0 1 0 0 0 0 0 0 1 1
120	4	1 0 1 1 0 0 1 0 1 0 0 0 0 0 1 0
120	6	1 0 0 0 0 0 1 1 0 0 0 0 1 0 0 1
120	11	1 0 0 1 0 1 0 0 1 1 0 1 0 0 1 0
120	17	1 0 0 0 0 0 0 0 1 1 0 0 1 0 0 0
120	7	1 0 0 0 0 0 0 1 1 0 0 0 1 1 0 0
120	12	1 0 1 0 0 0 0 1 1 0 0 1 0 0 1 0
120	5	1 1 0 1 0 0 0 0 1 0 0 0 0 0 1 1
120	2	1 1 1 1 0 0 0 0 1 0 0 0 0 0 1 0
120	6	0 0 0 1 1 0 0 0 1 1 0 1 0 0 1 0
120	10	1 0 0 0 0 0 0 0 0 0 1 0 0 0 0 0
120	3	0 0 0 0 0 0 0 1 1 0 0 0 0 0 0 0
120	3	1 0 1 0 0 0 0 0 1 0 1 0 0 0 1 0
120	2	1 0 0 0 0 0 0 0 1 0 1 0 0 0 1 0
120	3	1 1 0 0 0 0 0 1 1 0 0 0 1 0 0 0
120	9	1 0 1 0 0 0 0 0 1 1 1 0 0 0 0 0
120	26	1 0 1 0 0 0 0 0 0 0 1 0 0 0 0 0
120	11	1 0 0 0 0 1 0 1 0 0 0 0 1 0 0 0
120	3	1 1 0 0 0 0 0 1 1 0 0 0 0 0 0 0
120	1	0 0 0 1 0 0 0 0 0 0 0 0 0 0 0 0
120	7	1 1 0 0 0 1 0 1 1 0 1 0 0 0 0 0
120	3	0 0 0 1 0 0 0 0 0 1 0 1 0 0 1 0
120	6	1 0 0 0 0 0 0 0 1 1 1 0 0 0 0 0
120	2	1 1 0 0 0 0 0 1 0 0 0 0 0 1 0 0
120	1	1 1 0 0 0 0 0 0 1 1 0 0 0 1 0 0
120	4	0 1 0 1 0 0 0 1 0 0 0 0 0 0 0 0
120	4	1 0 0 1 0 0 0 0 1 1 0 0 1 0 1 0
120	7	1 1 1 0 0 0 0 0 1 0 1 0 0 0 0 0
120	9	1 1 0 0 0 0 0 0 1 1 0 0 1 0 0 0
120	3	1 1 1 0 0 0 0 0 1 0 0 0 0 0 1 0
120	2	1 0 0 1 1 0 0 0 1 1 0 0 1 0 0 0
120	4	1 1 0 1 1 0 0 0 1 0 1 0 0 0 0 0
120	1	1 0 1 0 0 1 0 1 0 0 0 0 0 0 1 0
120	2	1 0 0 0 0 0 0 0 1 1 0 0 0 0 1 0
120	1	1 1 0 0 0 0 0 0 1 0 1 0 0 0 0 0
120	1	1 0 0 0 0 1 0 1 1 0 0 0 0 0 0 0
120	1	1 0 0 0 0 0 0 1 0 0 0 1 1 0 0 0
120	2	0 1 0 0 0 0 0 1 1 1 0 0 0 0 0 0
120	1	1 0 0 1 0 1 0 0 1 1 0 1 1 0 0 1
120	4	1 0 0 0 0 0 0 1 1 1 0 0 1 0 0 0
120	2	0 0 0 0 0 0 0 1 1 0 0 0 0 0 1 0
120	3	1 0 0 0 0 0 0 0 1 1 0 1 0 0 1 0
120	1	0 0 0 1 0 0 1 0 1 0 0 0 0 0 1 0
120	1	1 1 0 0 0 0 0 1 1 0 0 0 1 1 0 0
120	1	1 0 0 1 0 0 0 0 0 0 0 0 0 0 0 0
120	2	1 0 0 0 0 0 0 0 0 0 0 0 0 0 0 0
120	1	1 0 0 1 0 0 0 0 1 1 1 0 0 0 1 0
120	1	0 0 0 0 1 0 0 0 1 0 1 0 0 0 0 0
120	1	1 0 1 0 0 0 0 0 1 0 1 0 1 0 0 0
120	1	1 0 0 1 0 1 0 0 0 1 0 1 0 0 1 0
120	1	1 0 0 1 0 1 0 0 1 1 0 0 0 0 1 0
120	2	1 0 1 1 0 0 0 1 1 1 0 0 1 0 0 0
120	2	1 0 1 0 0 0 0 0 0 0 0 0 0 0 0 0
130	16	1 0 0 0 0 0 0 0 1 0 0 0 0 0 1 0
130	41	1 0 0 0 0 0 0 1 0 0 0 0 0 0 0 0
130	27	0 0 0 1 0 0 0 0 1 1 0 1 0 0 1 0
130	11	1 0 0 0 0 0 0 1 1 0 0 0 0 0 1 0
130	68	1 0 0 0 0 0 0 0 1 0 1 0 0 0 0 0
130	3	1 1 0 0 0 0 0 0 1 1 0 0 0 0 1 0
130	26	1 0 0 0 0 0 0 1 1 0 0 0 0 0 0 0
130	3	1 0 1 0 0 0 0 1 0 0 0 0 0 0 0 0
130	8	1 0 0 0 0 1 0 1 0 0 0 0 0 0 0 0
130	6	1 0 0 1 0 0 0 0 1 1 0 0 0 0 1 0
130	19	1 0 0 0 0 0 0 1 0 0 0 0 0 0 1 0
130	23	1 0 0 0 0 0 1 1 0 0 0 0 0 0 0 0
130	43	1 0 0 0 0 0 0 1 0 0 0 0 1 0 0 0
130	53	1 0 0 1 1 0 0 0 1 1 0 1 0 0 1 0
130	1	1 1 0 0 0 0 0 1 1 0 0 0 0 1 0 0
130	22	1 0 0 0 0 0 0 1 1 0 0 0 1 0 0 0
130	2	1 1 0 0 0 1 0 1 1 0 0 0 0 0 1 0
130	6	0 0 0 1 0 0 0 1 0 0 0 0 0 0 0 0
130	16	1 0 0 1 0 1 0 0 1 1 0 1 0 0 0 1
130	34	1 1 0 1 0 0 0 0 1 0 0 0 0 0 1 0
130	14	1 0 0 0 0 0 1 1 0 0 0 0 1 0 0 0
130	26	1 0 0 1 0 0 0 0 1 0 0 1 0 0 1 0
130	18	1 0 1 1 0 1 0 0 1 1 1 1 0 0 1 0
130	18	1 0 1 0 0 0 0 0 1 0 1 0 0 0 0 0
130	11	0 1 0 0 0 0 0 1 1 0 0 0 0 0 0 1
130	2	1 0 0 0 0 0 0 1 0 0 0 0 0 1 0 0
130	1	1 0 0 0 0 0 1 1 0 1 0 0 0 0 0 0
130	4	1 1 0 1 1 0 0 0 1 0 0 0 0 0 1 0
130	7	1 0 0 0 0 0 1 1 1 0 1 0 0 0 0 0
130	2	1 0 0 0 0 1 0 0 1 1 0 1 0 0 1 0
130	31	1 1 0 0 0 1 0 1 1 0 0 0 0 1 0 0
130	11	1 0 0 1 0 0 0 1 1 0 1 0 0 0 0 0
130	9	1 0 0 1 1 0 0 0 1 0 1 0 0 0 0 0
130	51	1 0 0 0 0 1 0 1 0 0 0 0 0 0 1 1
130	3	1 0 1 1 0 0 1 0 1 0 0 0 0 0 1 0
130	13	1 0 0 0 0 0 1 1 0 0 0 0 1 0 0 1
130	12	1 0 0 0 0 0 0 0 1 1 0 0 1 0 0 0
130	17	1 1 0 1 0 0 0 0 1 0 0 0 0 0 1 1
130	3	0 0 0 1 1 0 0 0 1 1 0 1 0 0 1 0
130	3	1 0 1 0 0 0 0 0 1 0 1 0 0 0 1 0
130	3	1 0 0 0 0 0 0 0 1 0 1 0 0 0 1 0
130	22	1 0 1 0 0 0 0 0 1 1 1 0 0 0 0 0
130	2	1 0 1 0 0 0 0 0 0 0 1 0 0 0 0 0
130	13	1 0 0 0 0 1 0 1 0 0 0 0 1 0 0 0
130	3	1 1 0 0 0 0 0 1 1 0 0 0 0 0 0 0
130	15	1 1 0 0 0 1 0 1 1 0 1 0 0 0 0 0
130	2	1 0 0 0 0 0 0 0 1 1 1 0 0 0 0 0
130	9	1 1 0 0 0 0 0 1 0 0 0 0 0 1 0 0
130	15	1 0 0 1 0 0 0 0 1 1 0 0 1 0 1 0
130	13	1 1 1 0 0 0 0 0 1 0 1 0 0 0 0 0
130	30	1 1 0 0 0 0 0 0 1 1 0 0 1 0 0 0
130	10	1 0 0 1 1 0 0 0 1 1 0 0 1 0 0 0
130	1	1 0 0 0 0 0 0 1 1 1 0 0 1 0 0 0
130	7	1 0 0 1 0 0 0 0 0 0 0 0 0 0 0 0
130	3	1 0 0 0 0 0 0 0 0 0 0 0 0 0 0 0
130	2	1 0 0 0 0 1 0 1 0 0 0 0 0 0 1 0
130	6	1 0 0 0 0 0 0 1 0 0 0 1 0 0 1 0
130	3	1 0 1 0 0 1 0 0 1 1 1 0 0 0 0 0
130	11	1 0 0 0 0 0 0 0 1 0 0 0 0 0 0 0
130	1	1 0 1 1 0 0 1 0 1 0 0 1 0 0 1 0
130	3	1 0 0 0 0 0 0 0 1 0 0 0 1 0 0 0
130	2	1 0 0 0 0 0 1 1 1 1 1 0 0 0 0 0
130	7	1 1 0 0 0 0 0 1 1 0 0 0 0 1 1 0
130	8	1 0 0 0 0 0 0 1 1 0 0 0 0 1 0 0
130	11	1 0 0 1 0 0 0 1 0 0 0 0 1 0 0 0
130	4	1 1 0 0 0 1 0 1 1 0 0 0 0 0 0 0
130	8	1 1 0 0 0 0 0 0 1 0 0 0 0 0 1 0
130	3	1 0 0 0 0 1 0 1 0 0 0 0 0 1 1 1
130	9	1 0 0 0 0 1 0 0 1 1 1 0 0 0 0 0
130	2	1 1 1 0 0 0 0 0 1 1 0 0 1 0 0 0
130	3	1 0 1 1 0 0 1 1 1 0 0 1 0 0 1 0
130	2	1 0 0 0 0 0 0 1 0 1 0 0 0 0 0 0
130	1	1 0 0 1 0 0 0 0 1 1 0 0 0 1 1 0
130	1	0 1 0 0 0 1 0 1 1 0 0 0 0 1 0 0
130	17	1 0 1 0 1 0 0 0 0 0 1 0 0 0 0 0
130	4	1 0 0 1 0 1 0 0 1 1 0 0 1 0 1 0
130	3	1 0 1 0 0 0 0 0 1 0 0 0 0 0 0 0
130	4	1 0 0 0 0 0 0 1 1 0 0 0 0 0 0 1
130	3	1 0 0 0 1 0 0 0 1 1 0 1 0 0 1 0
130	2	1 0 0 1 0 0 0 1 1 0 1 0 0 1 0 0
130	1	1 0 0 1 1 0 0 0 1 1 1 0 0 0 0 0
130	2	1 0 1 0 0 1 1 0 1 1 1 0 0 0 0 0
130	3	1 0 0 0 0 1 0 1 0 0 0 0 1 0 1 1
130	1	1 0 1 0 0 0 0 1 0 0 0 1 0 0 1 0
130	4	1 0 0 0 0 0 1 1 1 1 1 0 0 0 1 0
130	3	1 0 1 1 0 0 1 0 1 0 0 0 1 0 0 0
130	3	0 1 0 0 0 1 0 1 0 0 0 0 1 0 0 0
130	3	1 0 0 1 0 0 0 1 0 0 0 0 0 0 0 0
130	1	0 1 0 0 0 0 0 0 1 1 0 0 0 0 1 0
130	1	1 0 0 0 0 1 0 1 0 1 0 0 0 0 0 0
130	1	1 1 0 1 1 0 0 0 1 1 0 1 0 0 1 0
130	2	1 0 1 1 0 1 0 0 1 1 1 1 0 0 0 0
130	3	1 0 0 0 0 0 0 0 0 1 1 0 0 0 0 0
130	2	1 0 0 0 0 0 0 0 1 0 0 0 1 0 0 1
130	1	1 0 0 1 0 0 0 1 0 1 0 0 1 0 0 0
130	1	1 0 0 0 0 0 1 1 1 1 0 0 1 0 0 0
130	1	1 0 0 1 0 0 0 0 1 0 0 1 0 1 1 0
130	2	1 0 0 0 0 0 0 0 1 0 1 1 0 0 0 0
130	1	1 1 0 1 0 0 0 0 1 1 0 0 0 0 1 0
130	1	1 0 0 0 1 0 1 1 0 0 0 0 0 0 0 0
130	4	1 0 1 1 0 0 0 0 1 1 1 1 0 0 1 0
130	2	1 0 0 0 0 1 0 0 1 1 1 1 0 0 1 0
130	1	1 1 0 0 0 1 1 1 1 0 0 0 0 1 0 0
130	1	1 1 0 0 0 0 0 0 1 0 0 0 0 0 0 0
130	1	1 1 0 0 0 0 0 0 1 0 0 0 0 1 1 0
130	2	0 1 0 0 0 0 0 0 1 1 0 0 0 0 0 0
140	12	1 0 0 0 0 0 0 0 1 0 0 0 0 0 1 0
140	30	1 0 0 0 0 0 0 1 0 0 0 0 0 0 0 0
140	15	0 0 0 1 0 0 0 0 1 1 0 1 0 0 1 0
140	25	1 0 0 0 0 0 0 1 1 0 0 0 0 0 1 0
140	33	1 0 0 0 0 0 0 0 1 0 1 0 0 0 0 0
140	45	1 0 0 0 0 0 0 1 1 0 0 0 0 0 0 0
140	14	1 0 1 0 0 0 0 1 0 0 0 0 0 0 0 0
140	4	1 0 0 1 0 0 0 0 1 1 0 0 0 0 1 0
140	11	1 0 0 0 0 0 0 1 0 0 0 0 0 0 1 0
140	29	1 0 0 0 0 0 0 1 0 0 0 0 1 0 0 0
140	39	1 0 0 1 1 0 0 0 1 1 0 1 0 0 1 0
140	7	1 1 0 0 0 0 0 1 1 0 0 0 0 1 0 0
140	6	0 0 0 1 0 0 0 1 0 0 0 0 0 0 0 0
140	2	1 0 0 1 0 1 0 0 1 1 0 1 0 0 0 1
140	59	1 1 0 1 0 0 0 0 1 0 0 0 0 0 1 0
140	10	1 0 0 0 0 0 1 1 0 0 0 0 1 0 0 0
140	35	1 0 0 1 0 0 0 0 1 0 0 1 0 0 1 0
140	20	1 0 1 1 0 1 0 0 1 1 1 1 0 0 1 0
140	44	1 0 1 0 0 0 0 0 1 0 1 0 0 0 0 0
140	6	0 1 0 0 0 0 0 1 1 0 0 0 0 0 0 1
140	11	1 1 0 1 1 0 0 0 1 0 0 0 0 0 1 0
140	8	1 0 0 0 0 0 1 1 1 0 1 0 0 0 0 0
140	21	1 1 0 0 0 1 0 1 1 0 0 0 0 1 0 0
140	6	1 0 0 1 0 0 0 1 1 0 1 0 0 0 0 0
140	4	1 0 0 1 1 0 0 0 1 0 1 0 0 0 0 0
140	51	1 0 0 0 0 1 0 1 0 0 0 0 0 0 1 1
140	1	1 0 1 1 0 0 1 0 1 0 0 0 0 0 1 0
140	5	1 0 0 0 0 0 1 1 0 0 0 0 1 0 0 1
140	5	1 0 0 0 0 0 0 0 1 1 0 0 1 0 0 0
140	8	1 1 0 1 0 0 0 0 1 0 0 0 0 0 1 1
140	6	0 0 0 1 1 0 0 0 1 1 0 1 0 0 1 0
140	1	1 0 1 0 0 0 0 0 1 0 1 0 0 0 1 0
140	3	1 0 0 0 0 0 0 0 1 0 1 0 0 0 1 0
140	12	1 0 1 0 0 0 0 0 1 1 1 0 0 0 0 0
140	21	1 0 1 0 0 0 0 0 0 0 1 0 0 0 0 0
140	2	1 0 0 0 0 1 0 1 0 0 0 0 1 0 0 0
140	3	1 1 0 0 0 0 0 1 1 0 0 0 0 0 0 0
140	14	1 1 0 0 0 1 0 1 1 0 1 0 0 0 0 0
140	2	1 1 0 0 0 0 0 1 0 0 0 0 0 1 0 0
140	18	1 1 1 0 0 0 0 0 1 0 1 0 0 0 0 0
140	31	1 1 0 0 0 0 0 0 1 1 0 0 1 0 0 0
140	16	1 0 0 1 1 0 0 0 1 1 0 0 1 0 0 0
140	13	1 0 0 1 0 0 0 0 0 0 0 0 0 0 0 0
140	3	1 0 0 0 0 0 0 1 0 0 0 1 0 0 1 0
140	4	1 1 0 0 0 1 0 1 1 0 0 0 0 0 0 0
140	8	1 1 0 0 0 0 0 0 1 0 0 0 0 0 1 0
140	4	1 0 0 0 0 1 0 1 0 0 0 0 0 1 1 1
140	10	1 0 0 0 0 1 0 0 1 1 1 0 0 0 0 0
140	1	1 1 1 0 0 0 0 0 1 1 0 0 1 0 0 0
140	13	1 0 1 0 1 0 0 0 0 0 1 0 0 0 0 0
140	10	1 0 0 1 0 1 0 0 1 1 0 0 1 0 1 0
140	20	1 0 0 0 0 0 0 1 1 0 0 0 0 0 0 1
140	7	1 0 1 0 0 1 1 0 1 1 1 0 0 0 0 0
140	2	1 0 1 0 0 0 0 1 0 0 0 1 0 0 1 0
140	1	1 0 0 0 0 0 1 1 1 1 1 0 0 0 1 0
140	1	1 0 1 1 0 0 1 0 1 0 0 0 1 0 0 0
140	3	1 0 0 1 0 0 0 1 0 0 0 0 0 0 0 0
140	10	1 1 0 1 0 0 0 0 1 1 0 0 0 0 1 0
140	30	1 0 1 1 0 0 0 0 1 1 1 1 0 0 1 0
140	3	1 0 0 1 0 0 0 1 1 0 0 0 1 0 0 0
140	2	1 1 1 0 0 1 0 1 0 0 0 0 0 0 1 1
140	16	1 0 0 0 0 0 0 0 1 0 1 0 0 0 0 1
140	1	1 0 0 1 1 1 0 0 1 1 0 1 0 0 1 0
140	1	1 0 0 1 0 1 0 1 0 0 0 0 1 0 0 0
140	7	1 0 1 1 0 1 0 0 1 1 0 0 1 0 0 0
140	2	1 1 0 0 0 0 0 1 1 0 0 0 0 0 1 0
140	13	1 0 0 1 0 0 0 0 1 0 0 1 0 0 0 0
140	4	1 1 0 1 1 0 0 0 1 0 0 1 0 0 1 0
140	11	1 1 0 0 1 0 0 0 1 1 0 0 1 0 0 0
140	2	1 1 0 0 0 0 0 0 1 0 0 0 1 0 0 0
140	4	1 0 0 0 0 0 0 1 0 1 0 0 0 0 0 0
140	5	0 0 0 0 0 0 0 1 1 0 0 0 0 0 0 1
140	1	1 1 0 0 0 1 0 1 1 0 1 0 0 0 1 1
140	7	1 1 1 0 0 0 0 0 1 1 0 0 1 0 1 0
140	8	1 1 0 0 0 1 0 1 0 0 0 0 0 1 0 0
140	3	1 0 1 1 0 0 1 0 1 0 1 0 0 0 1 0
140	2	1 0 0 1 0 0 0 0 1 1 0 1 0 0 1 0
140	2	1 1 1 0 0 0 1 0 1 1 0 0 1 0 0 0
140	2	1 0 1 0 0 1 1 0 1 1 1 0 1 0 0 0
140	1	1 0 0 1 0 1 0 0 1 1 0 1 0 0 1 0
140	2	1 0 0 1 1 0 0 0 1 0 1 0 1 0 1 0
140	4	1 0 0 1 1 0 0 0 1 0 0 1 0 0 1 0
140	3	1 0 1 0 0 0 0 0 1 1 0 0 0 0 0 0
140	1	1 0 1 0 1 0 0 0 0 1 1 0 0 0 0 0
140	8	1 1 0 0 1 0 0 0 1 0 0 0 0 0 0 0
140	3	1 0 1 0 0 0 1 0 1 0 1 1 0 0 0 0
140	2	1 0 0 1 0 0 0 0 0 0 0 0 0 0 1 1
140	1	1 0 1 1 0 0 1 0 1 1 0 1 0 0 1 0
140	1	0 0 0 1 0 0 0 0 1 1 0 1 0 0 0 0
140	3	1 0 0 0 0 1 0 0 0 0 0 0 0 0 1 1
140	2	1 1 0 0 0 0 0 1 0 0 0 0 0 1 0 1
140	3	1 0 0 0 0 0 0 1 1 0 0 0 0 1 1 0
140	2	0 0 0 1 0 0 0 0 1 1 1 1 0 0 1 0
140	2	1 0 1 0 0 0 0 0 1 1 0 0 1 0 1 0
140	3	1 1 0 0 0 0 0 1 0 0 0 0 1 0 0 0
140	2	1 0 0 0 0 1 0 1 0 0 0 0 0 0 1 0
140	4	1 0 1 0 1 0 0 0 1 0 0 1 0 0 1 0
140	1	1 0 1 1 0 0 0 0 1 1 0 1 0 0 1 0
140	1	0 0 0 0 0 0 0 1 1 0 0 0 0 0 0 0
140	1	1 0 0 0 0 0 0 1 1 0 0 1 0 0 1 0
140	2	1 0 1 0 0 0 0 1 0 0 0 0 1 0 0 0
140	1	1 0 1 0 1 0 0 0 0 0 1 0 1 0 0 0
140	5	1 0 0 0 0 0 0 0 1 0 1 0 1 0 0 1
140	3	0 1 1 0 0 0 0 0 1 1 0 0 1 0 1 0
140	1	1 0 0 1 0 0 1 0 1 0 1 0 0 0 1 0
140	1	1 1 0 0 0 0 0 1 0 0 0 0 0 0 0 0
140	1	1 0 0 0 0 0 1 1 0 0 0 0 0 0 1 1
140	1	1 0 1 0 1 0 0 0 0 0 1 0 0 0 1 0
140	1	1 1 0 1 0 0 0 0 1 0 0 0 0 0 0 0
140	1	1 1 0 0 0 1 0 1 1 0 0 0 1 0 0 0
140	1	1 0 0 1 1 1 0 0 1 1 0 0 1 0 1 0
140	1	0 0 1 1 0 0 0 0 1 1 1 1 0 0 1 0
150	13	1 0 0 0 0 0 0 0 1 0 0 0 0 0 1 0
150	20	1 0 0 0 0 0 0 1 0 0 0 0 0 0 0 0
150	5	0 0 0 1 0 0 0 0 1 1 0 1 0 0 1 0
150	36	1 0 0 0 0 0 0 1 1 0 0 0 0 0 1 0
150	47	1 0 0 0 0 0 0 0 1 0 1 0 0 0 0 0
150	7	1 0 0 0 0 0 0 1 1 0 0 0 0 0 0 0
150	34	1 0 1 0 0 0 0 1 0 0 0 0 0 0 0 0
150	8	1 0 0 0 0 0 0 1 0 0 0 0 0 0 1 0
150	25	1 0 0 0 0 0 0 1 0 0 0 0 1 0 0 0
150	22	1 0 0 1 1 0 0 0 1 1 0 1 0 0 1 0
150	5	1 1 0 0 0 0 0 1 1 0 0 0 0 1 0 0
150	8	0 0 0 1 0 0 0 1 0 0 0 0 0 0 0 0
150	102	1 1 0 1 0 0 0 0 1 0 0 0 0 0 1 0
150	1	1 0 0 0 0 0 1 1 0 0 0 0 1 0 0 0
150	7	1 0 0 1 0 0 0 0 1 0 0 1 0 0 1 0
150	12	1 0 1 1 0 1 0 0 1 1 1 1 0 0 1 0
150	26	1 0 1 0 0 0 0 0 1 0 1 0 0 0 0 0
150	7	1 1 0 1 1 0 0 0 1 0 0 0 0 0 1 0
150	7	1 0 0 0 0 1 0 1 0 0 0 0 0 0 1 1
150	10	1 0 0 0 0 0 1 1 0 0 0 0 1 0 0 1
150	2	1 1 0 1 0 0 0 0 1 0 0 0 0 0 1 1
150	5	0 0 0 1 1 0 0 0 1 1 0 1 0 0 1 0
150	11	1 0 1 0 0 0 0 0 1 1 1 0 0 0 0 0
150	37	1 0 1 0 0 0 0 0 0 0 1 0 0 0 0 0
150	4	1 0 0 0 0 1 0 1 0 0 0 0 1 0 0 0
150	3	1 1 0 0 0 0 0 1 1 0 0 0 0 0 0 0
150	19	1 1 0 0 0 1 0 1 1 0 1 0 0 0 0 0
150	24	1 1 1 0 0 0 0 0 1 0 1 0 0 0 0 0
150	29	1 1 0 0 0 0 0 0 1 1 0 0 1 0 0 0
150	10	1 0 0 1 1 0 0 0 1 1 0 0 1 0 0 0
150	4	1 0 0 1 0 0 0 0 0 0 0 0 0 0 0 0
150	8	1 1 0 0 0 0 0 0 1 0 0 0 0 0 1 0
150	23	1 0 0 0 0 1 0 0 1 1 1 0 0 0 0 0
150	8	1 0 1 0 1 0 0 0 0 0 1 0 0 0 0 0
150	24	1 0 0 1 0 1 0 0 1 1 0 0 1 0 1 0
150	5	1 0 1 1 0 0 1 0 1 0 0 0 1 0 0 0
150	5	1 0 0 1 0 0 0 1 0 0 0 0 0 0 0 0
150	18	1 1 0 1 0 0 0 0 1 1 0 0 0 0 1 0
150	18	1 0 1 1 0 0 0 0 1 1 1 1 0 0 1 0
150	6	1 0 0 0 0 0 0 0 1 0 1 0 0 0 0 1
150	9	1 0 1 1 0 1 0 0 1 1 0 0 1 0 0 0
150	8	1 1 0 0 0 0 0 1 1 0 0 0 0 0 1 0
150	11	1 0 0 1 0 0 0 0 1 0 0 1 0 0 0 0
150	4	1 1 0 1 1 0 0 0 1 0 0 1 0 0 1 0
150	12	0 0 0 0 0 0 0 1 1 0 0 0 0 0 0 1
150	2	1 1 0 0 0 1 0 1 0 0 0 0 0 1 0 0
150	3	1 0 1 0 0 0 1 0 1 0 1 1 0 0 0 0
150	4	1 0 1 1 0 0 1 0 1 1 0 1 0 0 1 0
150	9	1 0 0 0 0 1 0 0 0 0 0 0 0 0 1 1
150	1	1 0 0 0 0 0 0 1 1 0 0 0 0 1 1 0
150	3	1 0 1 0 1 0 0 0 1 0 0 1 0 0 1 0
150	6	1 0 1 0 0 0 0 1 0 0 0 0 1 0 0 0
150	3	1 0 1 0 1 0 0 0 0 0 1 0 1 0 0 0
150	1	1 0 0 0 0 0 0 0 1 0 1 0 1 0 0 1
150	1	1 0 0 1 1 0 0 1 1 0 0 0 0 0 0 0
150	21	1 0 0 1 1 1 0 1 1 0 0 0 0 1 0 0
150	8	1 0 0 1 1 0 0 0 1 1 0 0 0 0 1 0
150	3	1 1 0 1 0 0 0 0 1 0 1 0 0 0 0 0
150	2	1 0 1 1 0 0 0 1 0 0 0 0 0 0 0 0
150	3	1 0 0 1 0 0 0 1 1 0 0 0 0 0 0 0
150	5	1 1 0 1 0 0 0 0 1 0 0 0 0 1 1 0
150	5	1 0 0 0 0 0 0 0 1 0 1 1 1 0 0 1
150	5	1 1 0 1 0 0 0 0 1 0 0 1 0 0 0 0
150	18	1 0 0 1 0 0 0 1 0 0 0 0 1 0 0 0
150	1	1 0 0 1 0 0 0 0 1 0 0 1 0 1 1 0
150	9	0 1 0 0 0 0 0 1 1 1 0 0 0 0 0 1
150	12	1 1 1 0 0 0 0 0 1 0 1 0 0 0 1 0
150	4	0 0 0 0 0 0 0 1 1 0 0 0 0 0 1 1
150	11	1 0 0 1 1 0 0 0 1 1 0 1 0 0 0 0
150	5	1 1 0 1 0 0 0 0 1 0 0 1 0 0 1 0
150	1	1 1 0 0 0 0 0 1 1 0 0 0 0 0 0 1
150	6	1 1 0 1 1 1 0 0 1 0 0 0 0 0 1 0
150	3	1 0 0 0 0 0 0 1 1 0 0 0 0 1 0 0
150	3	1 1 1 0 0 0 0 0 1 0 1 1 0 0 0 0
150	4	1 1 0 0 0 0 0 0 0 1 0 0 1 0 0 0
150	2	1 1 0 0 1 0 0 0 1 0 0 1 0 0 0 0
150	4	0 0 0 0 0 0 0 1 1 0 0 0 1 0 0 0
150	2	1 0 1 0 0 0 0 1 0 0 0 0 0 0 1 1
150	4	1 0 1 1 0 1 0 0 1 0 0 0 0 0 1 0
150	3	1 0 1 0 0 0 0 0 1 1 1 0 0 1 0 0
150	4	1 1 1 1 0 0 0 0 1 0 1 0 0 0 0 0
150	8	0 0 0 1 0 0 0 0 1 0 0 1 0 0 0 0
150	2	0 0 0 0 0 0 0 0 0 0 0 0 1 0 0 0
150	4	1 0 0 0 0 1 0 1 0 0 0 0 0 1 1 0
150	4	1 0 0 1 0 0 0 0 1 0 0 0 0 0 1 0
150	1	1 1 0 0 0 0 0 0 1 0 1 0 0 0 0 0
150	1	1 0 1 1 0 1 0 0 1 1 1 1 0 0 0 0
150	4	1 0 0 1 1 1 0 1 1 0 0 0 0 1 1 0
150	4	1 0 0 0 0 0 0 0 1 0 0 0 0 0 0 1
150	9	1 1 0 1 1 0 0 0 1 0 0 0 0 0 0 1
150	5	1 1 0 1 0 0 0 0 1 1 0 0 0 0 0 0
150	1	1 0 0 0 0 0 0 0 0 0 0 0 0 0 1 0
150	3	1 0 0 1 1 0 0 0 1 1 0 1 0 0 1 1
150	2	1 1 0 1 0 0 0 1 1 0 0 0 0 1 0 0
150	1	1 0 0 0 1 0 1 1 0 0 0 0 1 0 0 1
150	5	1 0 1 0 0 0 0 0 0 0 1 1 0 0 0 0
150	2	1 0 0 1 0 1 0 1 1 1 0 0 1 0 1 0
150	5	1 0 0 0 1 0 0 1 1 0 0 0 0 1 0 0
150	2	1 0 1 0 0 0 0 0 1 0 0 0 0 1 1 0
150	1	1 1 0 1 1 0 0 0 1 1 0 1 0 0 1 0
150	3	1 0 1 1 0 1 0 0 0 0 0 0 0 0 1 1
150	8	1 0 1 0 0 0 0 0 1 1 1 1 0 0 1 0
150	3	1 1 1 0 0 0 0 0 1 1 0 0 1 0 1 0
150	1	1 0 0 1 1 0 0 0 1 1 0 0 0 0 0 0
150	2	1 0 0 0 0 0 0 0 0 0 1 0 0 0 0 0
150	1	1 1 0 1 0 0 0 0 1 1 1 1 0 0 1 0
150	1	1 0 1 1 1 0 0 0 1 1 0 1 0 0 1 0
150	4	1 0 1 0 0 0 0 0 0 0 1 0 0 0 0 1
150	1	1 0 1 1 0 0 0 0 1 0 0 1 0 0 0 0
150	2	1 0 0 0 0 0 0 0 1 0 1 0 1 0 1 0
150	2	1 0 1 1 0 0 0 1 1 0 1 0 0 0 1 0
150	1	1 0 0 0 0 0 0 1 1 0 0 0 0 0 1 1
150	1	1 0 0 0 0 0 0 1 0 0 0 0 1 0 1 1
150	2	1 0 1 0 0 0 0 0 1 0 0 0 0 0 1 0
150	1	1 0 1 0 0 0 0 0 0 0 0 0 0 0 0 1
150	1	1 0 0 1 0 1 0 0 1 0 0 0 0 0 0 0
150	2	0 1 0 0 0 0 0 1 1 0 0 0 0 0 1 0
150	2	1 0 0 0 1 0 0 1 0 0 0 0 1 0 0 0
150	2	1 1 0 1 0 0 0 0 1 1 0 0 1 0 0 0
150	1	1 0 0 0 0 1 0 0 1 1 0 0 0 0 0 0
150	3	1 0 1 0 1 0 0 0 1 0 1 0 0 0 0 0
150	2	1 0 0 1 1 0 0 0 1 1 0 1 0 1 0 0
160	5	1 0 0 0 0 0 0 0 1 0 0 0 0 0 1 0
160	23	1 0 0 0 0 0 0 1 0 0 0 0 0 0 0 0
160	21	1 0 0 0 0 0 0 1 1 0 0 0 0 0 1 0
160	54	1 0 0 0 0 0 0 0 1 0 1 0 0 0 0 0
160	29	1 0 1 0 0 0 0 1 0 0 0 0 0 0 0 0
160	18	1 0 0 0 0 0 0 1 0 0 0 0 1 0 0 0
160	15	1 0 0 1 1 0 0 0 1 1 0 1 0 0 1 0
160	7	0 0 0 1 0 0 0 1 0 0 0 0 0 0 0 0
160	102	1 1 0 1 0 0 0 0 1 0 0 0 0 0 1 0
160	9	1 0 1 1 0 1 0 0 1 1 1 1 0 0 1 0
160	1	1 0 1 0 0 0 0 0 1 0 1 0 0 0 0 0
160	3	1 1 0 1 1 0 0 0 1 0 0 0 0 0 1 0
160	21	1 0 0 0 0 1 0 1 0 0 0 0 0 0 1 1
160	10	1 0 0 0 0 0 1 1 0 0 0 0 1 0 0 1
160	15	1 1 0 1 0 0 0 0 1 0 0 0 0 0 1 1
160	12	1 0 1 0 0 0 0 0 1 1 1 0 0 0 0 0
160	43	1 0 1 0 0 0 0 0 0 0 1 0 0 0 0 0
160	3	1 1 0 0 0 0 0 1 1 0 0 0 0 0 0 0
160	6	1 1 0 0 0 1 0 1 1 0 1 0 0 0 0 0
160	18	1 1 1 0 0 0 0 0 1 0 1 0 0 0 0 0
160	21	1 1 0 0 0 0 0 0 1 1 0 0 1 0 0 0
160	1	1 0 0 1 1 0 0 0 1 1 0 0 1 0 0 0
160	4	1 0 0 0 0 1 0 0 1 1 1 0 0 0 0 0
160	5	1 0 1 0 1 0 0 0 0 0 1 0 0 0 0 0
160	7	1 0 0 1 0 1 0 0 1 1 0 0 1 0 1 0
160	4	1 1 0 1 0 0 0 0 1 1 0 0 0 0 1 0
160	12	1 0 1 1 0 0 0 0 1 1 1 1 0 0 1 0
160	2	1 0 0 0 0 0 0 0 1 0 1 0 0 0 0 1
160	11	1 0 1 1 0 1 0 0 1 1 0 0 1 0 0 0
160	7	1 0 0 1 0 0 0 0 1 0 0 1 0 0 0 0
160	13	1 1 0 1 1 0 0 0 1 0 0 1 0 0 1 0
160	6	1 0 1 1 0 0 1 0 1 1 0 1 0 0 1 0
160	3	1 0 0 0 0 1 0 0 0 0 0 0 0 0 1 1
160	2	1 0 1 0 1 0 0 0 1 0 0 1 0 0 1 0
160	6	1 0 1 0 0 0 0 1 0 0 0 0 1 0 0 0
160	13	1 0 1 0 1 0 0 0 0 0 1 0 1 0 0 0
160	13	1 0 0 1 1 1 0 1 1 0 0 0 0 1 0 0
160	2	1 0 0 1 1 0 0 0 1 1 0 0 0 0 1 0
160	9	1 1 0 1 0 0 0 0 1 0 0 1 0 0 0 0
160	23	1 0 0 1 0 0 0 1 0 0 0 0 1 0 0 0
160	6	0 1 0 0 0 0 0 1 1 1 0 0 0 0 0 1
160	18	1 1 1 0 0 0 0 0 1 0 1 0 0 0 1 0
160	11	0 0 0 0 0 0 0 1 1 0 0 0 0 0 1 1
160	9	1 0 0 1 1 0 0 0 1 1 0 1 0 0 0 0
160	4	1 1 0 1 0 0 0 0 1 0 0 1 0 0 1 0
160	9	1 1 1 0 0 0 0 0 1 0 1 1 0 0 0 0
160	4	1 0 1 1 0 1 0 0 1 0 0 0 0 0 1 0
160	19	1 0 1 0 0 0 0 0 1 1 1 0 0 1 0 0
160	4	1 1 1 1 0 0 0 0 1 0 1 0 0 0 0 0
160	8	0 0 0 1 0 0 0 0 1 0 0 1 0 0 0 0
160	3	0 0 0 0 0 0 0 0 0 0 0 0 1 0 0 0
160	26	1 1 0 1 1 0 0 0 1 0 0 0 0 0 0 1
160	11	1 0 0 0 0 0 0 0 0 0 0 0 0 0 1 0
160	7	1 0 0 1 1 0 0 0 1 1 0 1 0 0 1 1
160	9	1 0 1 0 0 0 0 0 0 0 1 1 0 0 0 0
160	9	1 0 1 1 0 1 0 0 0 0 0 0 0 0 1 1
160	4	1 0 1 0 0 0 0 0 1 1 1 1 0 0 1 0
160	34	1 1 1 0 0 0 0 0 1 1 0 0 1 0 1 0
160	1	1 0 0 1 1 0 0 0 1 1 0 0 0 0 0 0
160	10	1 1 0 1 0 0 0 0 1 1 1 1 0 0 1 0
160	1	1 0 1 1 0 0 0 0 1 0 0 1 0 0 0 0
160	7	1 0 0 0 0 0 0 0 1 0 1 0 1 0 1 0
160	3	1 0 0 0 1 0 0 1 0 0 0 0 1 0 0 0
160	2	1 0 0 0 0 1 0 0 1 1 0 0 0 0 0 0
160	12	1 0 1 0 1 0 0 0 1 0 1 0 0 0 0 0
160	16	1 1 0 1 1 1 0 1 1 0 0 0 0 1 0 0
160	2	1 1 0 1 0 0 0 0 1 1 1 0 0 0 0 0
160	8	1 1 0 1 1 1 0 0 1 0 1 0 0 0 0 0
160	4	0 1 0 0 0 0 0 1 1 0 0 1 0 0 1 0
160	2	1 0 0 1 0 0 0 0 1 1 0 1 0 0 1 0
160	4	1 0 1 1 0 0 0 0 1 0 0 0 0 0 1 0
160	1	1 1 0 1 0 0 0 0 0 0 0 0 0 0 1 0
160	7	1 1 0 1 0 0 0 0 1 1 0 0 0 1 1 0
160	6	1 1 0 0 0 0 1 1 1 0 0 0 0 0 1 0
160	10	1 0 0 1 0 0 0 1 0 0 1 0 1 0 0 0
160	3	1 1 0 1 1 0 0 0 1 0 0 0 0 1 0 1
160	7	1 0 0 0 1 0 0 0 1 0 1 0 0 0 0 0
160	3	1 0 0 1 0 1 0 1 0 0 0 0 0 0 0 0
160	1	1 0 0 0 0 0 0 0 1 0 1 0 0 0 1 0
160	1	1 0 1 0 0 0 0 0 1 0 1 1 0 0 0 0
160	2	1 0 0 1 0 0 0 0 1 1 0 0 1 0 1 0
160	1	1 0 1 1 1 1 0 1 1 0 0 0 0 1 0 0
160	4	1 1 0 1 1 0 0 0 1 0 0 0 0 0 0 0
160	4	1 1 1 1 1 1 0 1 1 0 0 0 0 1 0 0
160	10	1 0 0 0 0 0 0 1 0 1 0 0 0 0 0 0
160	1	1 0 1 1 1 0 0 0 1 1 0 1 0 0 1 0
160	1	1 1 1 0 0 0 0 0 1 1 1 0 0 0 0 0
160	4	1 0 0 1 1 0 0 0 1 1 0 1 0 0 0 1
160	4	1 0 0 0 1 0 0 1 1 0 1 0 0 1 0 0
160	7	1 1 0 0 1 0 0 0 0 0 1 0 0 0 0 0
160	4	1 0 0 1 1 1 0 1 1 1 0 0 0 0 1 0
160	5	1 1 0 1 0 0 0 1 0 0 0 0 0 0 0 0
160	2	1 1 1 0 0 0 0 0 1 1 0 0 1 0 1 1
160	1	1 0 0 0 0 0 0 1 1 0 0 0 0 0 1 1
160	4	1 0 1 0 0 0 1 0 0 0 1 0 0 0 0 0
160	3	1 0 0 1 1 0 0 0 0 1 0 1 0 0 0 0
160	1	1 1 1 1 0 0 0 0 1 0 1 1 0 0 0 0
160	1	1 1 0 1 0 0 1 1 1 1 0 0 0 1 0 0
160	1	1 0 0 0 0 0 0 0 1 1 0 0 1 0 0 0
160	1	1 0 1 0 0 1 0 1 1 0 1 0 0 0 0 0
160	6	1 0 0 0 0 0 0 0 1 1 0 0 0 0 1 0
160	1	1 0 0 1 1 1 0 1 1 1 0 0 1 0 0 0
160	1	1 0 0 1 1 1 0 0 1 1 0 1 0 0 1 0
160	6	1 0 1 1 1 0 0 0 0 0 1 0 1 0 0 0
160	1	0 0 0 0 0 0 0 0 1 0 0 1 0 0 0 0
160	2	1 1 0 1 0 0 0 0 0 1 1 1 0 0 1 0
160	4	1 1 0 1 1 1 0 1 1 0 1 0 0 0 0 0
160	1	0 1 0 1 0 0 0 0 1 0 1 0 0 0 0 0
160	1	1 1 0 1 0 0 0 0 1 0 1 0 0 0 0 0
160	1	1 1 1 1 0 0 1 0 1 1 0 1 0 0 1 0
160	4	1 0 1 0 0 0 0 0 1 1 1 0 0 0 1 0
160	3	1 0 0 1 0 0 0 1 1 0 0 0 0 0 1 0
160	1	1 1 0 0 1 0 0 0 1 0 0 0 0 0 0 1
160	4	1 0 1 1 0 0 1 0 1 0 0 1 0 0 0 0
160	1	1 0 1 0 0 0 0 1 0 0 1 0 0 0 0 0
160	1	1 0 0 0 1 0 0 0 1 1 0 0 1 0 0 0
160	1	1 0 1 0 0 0 0 1 1 0 0 0 0 0 1 0
160	3	1 1 0 1 0 0 0 0 1 1 1 0 0 1 0 0
160	2	1 1 1 0 0 0 0 0 0 0 1 0 1 0 0 0
160	1	1 0 1 0 0 0 0 0 1 0 0 0 0 0 1 0
160	1	1 0 0 0 0 0 0 1 1 0 0 1 0 0 1 0
160	2	1 0 0 0 0 0 0 0 1 0 0 0 0 0 0 0
160	1	1 1 1 0 1 0 0 0 0 0 1 0 0 0 0 0
160	2	1 0 1 1 0 0 0 0 1 1 1 1 0 1 1 0
160	1	1 1 1 0 0 0 0 0 1 0 1 1 0 0 1 0
160	1	0 0 0 1 0 0 0 0 1 0 0 1 1 0 0 0
160	1	1 0 0 0 1 0 0 0 1 0 1 0 1 0 0 0
170	4	1 0 0 0 0 0 0 1 0 0 0 0 0 0 0 0
170	1	1 0 0 0 0 0 0 1 1 0 0 0 0 0 1 0
170	33	1 0 0 0 0 0 0 0 1 0 1 0 0 0 0 0
170	22	1 0 1 0 0 0 0 1 0 0 0 0 0 0 0 0
170	11	1 0 0 0 0 0 0 1 0 0 0 0 1 0 0 0
170	24	1 0 0 1 1 0 0 0 1 1 0 1 0 0 1 0
170	14	0 0 0 1 0 0 0 1 0 0 0 0 0 0 0 0
170	122	1 1 0 1 0 0 0 0 1 0 0 0 0 0 1 0
170	7	1 0 1 1 0 1 0 0 1 1 1 1 0 0 1 0
170	7	1 0 1 0 0 0 0 0 1 0 1 0 0 0 0 0
170	8	1 0 0 0 0 1 0 1 0 0 0 0 0 0 1 1
170	1	1 0 0 0 0 0 1 1 0 0 0 0 1 0 0 1
170	11	1 1 0 1 0 0 0 0 1 0 0 0 0 0 1 1
170	28	1 0 1 0 0 0 0 0 0 0 1 0 0 0 0 0
170	20	1 1 0 0 0 1 0 1 1 0 1 0 0 0 0 0
170	2	1 1 1 0 0 0 0 0 1 0 1 0 0 0 0 0
170	1	1 0 0 1 0 1 0 0 1 1 0 0 1 0 1 0
170	7	1 1 0 1 0 0 0 0 1 1 0 0 0 0 1 0
170	32	1 0 1 1 0 0 0 0 1 1 1 1 0 0 1 0
170	5	1 0 0 0 0 0 0 0 1 0 1 0 0 0 0 1
170	10	1 0 1 1 0 1 0 0 1 1 0 0 1 0 0 0
170	11	1 1 0 1 1 0 0 0 1 0 0 1 0 0 1 0
170	34	1 0 1 1 0 0 1 0 1 1 0 1 0 0 1 0
170	2	1 0 0 1 1 1 0 1 1 0 0 0 0 1 0 0
170	3	1 0 0 1 1 0 0 0 1 1 0 0 0 0 1 0
170	12	1 1 0 1 0 0 0 0 1 0 0 1 0 0 0 0
170	20	1 0 0 1 0 0 0 1 0 0 0 0 1 0 0 0
170	5	0 1 0 0 0 0 0 1 1 1 0 0 0 0 0 1
170	19	1 1 1 0 0 0 0 0 1 0 1 0 0 0 1 0
170	5	0 0 0 0 0 0 0 1 1 0 0 0 0 0 1 1
170	7	1 0 0 1 1 0 0 0 1 1 0 1 0 0 0 0
170	12	1 1 1 0 0 0 0 0 1 0 1 1 0 0 0 0
170	10	1 0 1 1 0 1 0 0 1 0 0 0 0 0 1 0
170	2	1 0 1 0 0 0 0 0 1 1 1 0 0 1 0 0
170	10	1 1 1 1 0 0 0 0 1 0 1 0 0 0 0 0
170	6	0 0 0 1 0 0 0 0 1 0 0 1 0 0 0 0
170	26	1 1 0 1 1 0 0 0 1 0 0 0 0 0 0 1
170	31	1 0 0 0 0 0 0 0 0 0 0 0 0 0 1 0
170	3	1 0 0 1 1 0 0 0 1 1 0 1 0 0 1 1
170	2	1 0 1 1 0 1 0 0 0 0 0 0 0 0 1 1
170	2	1 0 1 0 0 0 0 0 1 1 1 1 0 0 1 0
170	31	1 1 1 0 0 0 0 0 1 1 0 0 1 0 1 0
170	3	1 1 0 1 0 0 0 0 1 1 1 1 0 0 1 0
170	23	1 0 0 0 0 0 0 0 1 0 1 0 1 0 1 0
170	26	1 1 0 1 1 1 0 1 1 0 0 0 0 1 0 0
170	5	1 1 0 1 1 1 0 0 1 0 1 0 0 0 0 0
170	19	1 0 0 1 0 0 0 0 1 1 0 1 0 0 1 0
170	6	1 1 0 1 0 0 0 0 1 1 0 0 0 1 1 0
170	16	1 1 0 0 0 0 1 1 1 0 0 0 0 0 1 0
170	1	1 0 0 1 0 0 0 1 0 0 1 0 1 0 0 0
170	11	1 0 0 0 1 0 0 0 1 0 1 0 0 0 0 0
170	1	1 0 0 0 0 0 0 0 1 0 1 0 0 0 1 0
170	9	1 0 0 1 0 0 0 0 1 1 0 0 1 0 1 0
170	4	1 1 1 1 1 1 0 1 1 0 0 0 0 1 0 0
170	5	1 0 0 0 0 0 0 1 0 1 0 0 0 0 0 0
170	2	1 0 0 1 1 0 0 0 1 1 0 1 0 0 0 1
170	3	1 1 0 0 1 0 0 0 0 0 1 0 0 0 0 0
170	1	1 1 0 1 0 0 0 1 0 0 0 0 0 0 0 0
170	1	1 0 0 1 1 1 0 1 1 1 0 0 1 0 0 0
170	1	1 0 0 1 1 1 0 0 1 1 0 1 0 0 1 0
170	6	1 0 1 1 1 0 0 0 0 0 1 0 1 0 0 0
170	4	1 1 1 1 0 0 1 0 1 1 0 1 0 0 1 0
170	2	1 0 1 0 0 0 0 0 1 1 1 0 0 0 1 0
170	31	1 0 1 1 0 0 1 0 1 0 0 1 0 0 0 0
170	1	1 0 1 0 0 0 0 0 0 0 1 1 0 1 0 0
170	4	1 1 0 1 0 0 1 0 1 0 0 0 0 0 1 0
170	1	1 0 1 0 0 0 0 0 0 0 1 0 1 0 0 0
170	6	1 1 0 1 1 0 0 0 1 0 0 1 1 0 1 0
170	8	1 1 1 0 0 0 0 1 0 0 0 0 0 0 0 0
170	6	1 1 0 1 0 0 0 0 1 0 0 1 0 0 0 1
170	16	1 1 0 1 1 1 0 0 1 0 0 0 0 0 0 0
170	2	1 1 0 0 0 0 0 0 1 1 0 0 0 0 1 1
170	2	1 0 0 1 1 1 0 1 1 1 0 0 0 0 1 1
170	1	1 1 0 1 0 0 0 0 1 0 1 0 0 0 1 1
170	13	1 0 0 1 1 0 0 0 1 1 1 1 0 0 0 0
170	1	1 1 0 0 0 0 0 0 1 0 1 1 0 0 0 0
170	11	1 1 0 1 1 0 0 1 0 0 0 0 1 0 0 0
170	1	1 0 1 1 0 0 1 0 1 1 0 0 0 1 0 0
170	6	1 0 1 1 1 0 0 0 1 1 0 0 0 0 1 1
170	11	1 1 1 1 0 1 0 0 0 0 0 0 0 0 1 1
170	4	1 0 0 0 0 0 0 0 0 0 1 0 0 0 0 0
170	1	1 0 0 1 0 0 1 1 1 1 0 0 0 1 0 0
170	5	1 1 0 1 0 0 1 1 1 1 0 0 0 0 1 0
170	1	1 0 0 1 1 1 0 1 1 1 0 0 1 0 1 0
170	2	1 1 0 1 1 0 0 0 1 0 0 0 0 0 0 0
170	6	1 0 0 1 1 1 0 1 1 1 0 0 0 1 0 0
170	5	0 1 0 1 0 0 0 0 1 0 0 0 0 0 1 0
170	4	1 0 1 1 0 0 0 0 0 1 1 1 0 0 1 0
170	9	1 1 0 0 1 0 0 0 1 0 0 1 0 0 1 0
170	2	1 0 0 0 1 0 0 0 1 0 1 1 0 0 0 0
170	1	1 1 1 1 0 1 0 1 0 0 0 0 0 0 1 1
170	4	1 1 0 0 0 0 0 0 0 0 0 0 0 0 1 0
170	1	1 0 0 1 1 0 0 0 1 0 0 0 0 0 0 0
170	4	1 0 0 1 1 1 0 0 1 0 1 0 0 0 0 0
170	1	1 1 1 1 1 1 0 1 1 0 0 0 0 1 1 0
170	3	0 0 1 0 0 0 0 0 0 0 1 1 0 1 0 0
170	4	1 1 0 1 0 0 0 0 1 0 1 0 0 0 0 0
170	2	1 0 1 1 0 0 0 0 1 0 0 0 0 0 1 0
170	3	1 0 1 0 0 0 0 0 1 1 0 0 1 0 1 0
170	4	1 0 0 0 0 0 0 1 1 0 1 0 0 0 1 0
170	3	1 0 0 1 0 0 0 1 1 0 0 0 0 0 1 0
170	6	1 1 0 0 0 0 0 0 1 0 0 0 0 0 1 0
170	2	1 1 0 1 0 0 0 0 1 0 0 0 0 0 0 0
170	3	1 1 0 0 1 0 0 0 1 0 0 0 0 0 0 1
170	1	1 0 0 1 0 0 0 0 1 0 0 0 1 0 1 0
170	1	1 1 0 1 0 0 0 0 1 0 1 1 0 0 0 1
170	4	1 1 0 1 0 0 0 0 1 0 1 0 0 0 1 0
170	2	1 1 0 1 0 0 0 0 1 0 0 1 0 0 1 0
170	1	1 0 0 1 0 0 0 0 1 0 1 0 0 0 0 0
170	2	1 0 1 1 1 0 0 0 1 1 0 1 0 0 1 0
170	1	1 0 0 0 0 1 0 0 1 0 1 0 0 0 0 0
170	1	1 0 0 0 0 0 0 1 1 0 1 0 0 0 0 0
170	1	1 0 0 0 0 0 0 1 0 1 0 0 1 0 0 0
170	1	1 1 1 1 0 0 0 0 1 0 0 0 0 0 1 0
170	1	1 0 1 1 0 0 0 0 1 0 1 0 0 0 0 0
170	4	1 1 0 0 0 1 0 1 1 0 1 0 0 1 0 0
170	1	1 0 1 0 1 0 0 0 1 1 1 1 0 0 1 0
170	1	1 1 0 0 0 0 0 0 1 0 1 0 1 0 1 0
170	2	1 0 0 1 0 0 1 0 1 1 0 0 1 0 1 0
170	1	1 1 1 1 0 0 1 1 0 0 0 0 0 0 0 0
170	2	1 0 0 0 1 0 0 0 1 1 1 1 0 0 0 0
180	24	1 0 0 0 0 0 0 0 1 0 1 0 0 0 0 0
180	11	1 0 1 0 0 0 0 1 0 0 0 0 0 0 0 0
180	6	1 0 0 1 1 0 0 0 1 1 0 1 0 0 1 0
180	2	0 0 0 1 0 0 0 1 0 0 0 0 0 0 0 0
180	152	1 1 0 1 0 0 0 0 1 0 0 0 0 0 1 0
180	3	1 0 1 1 0 1 0 0 1 1 1 1 0 0 1 0
180	12	1 0 1 0 0 0 0 0 1 0 1 0 0 0 0 0
180	11	1 1 0 1 0 0 0 0 1 0 0 0 0 0 1 1
180	14	1 0 1 0 0 0 0 0 0 0 1 0 0 0 0 0
180	19	1 1 0 0 0 1 0 1 1 0 1 0 0 0 0 0
180	7	1 1 0 1 0 0 0 0 1 1 0 0 0 0 1 0
180	28	1 0 1 1 0 0 0 0 1 1 1 1 0 0 1 0
180	7	1 0 1 1 0 1 0 0 1 1 0 0 1 0 0 0
180	33	1 0 1 1 0 0 1 0 1 1 0 1 0 0 1 0
180	9	1 1 0 1 0 0 0 0 1 0 0 1 0 0 0 0
180	14	1 0 0 1 0 0 0 1 0 0 0 0 1 0 0 0
180	1	0 1 0 0 0 0 0 1 1 1 0 0 0 0 0 1
180	41	1 1 1 0 0 0 0 0 1 0 1 0 0 0 1 0
180	7	1 1 1 0 0 0 0 0 1 0 1 1 0 0 0 0
180	3	1 0 1 1 0 1 0 0 1 0 0 0 0 0 1 0
180	5	1 0 1 0 0 0 0 0 1 1 1 0 0 1 0 0
180	47	1 1 0 1 1 0 0 0 1 0 0 0 0 0 0 1
180	19	1 0 0 0 0 0 0 0 0 0 0 0 0 0 1 0
180	36	1 1 1 0 0 0 0 0 1 1 0 0 1 0 1 0
180	3	1 0 0 0 0 0 0 0 1 0 1 0 1 0 1 0
180	33	1 1 0 1 1 1 0 1 1 0 0 0 0 1 0 0
180	9	1 0 0 1 0 0 0 0 1 1 0 1 0 0 1 0
180	26	1 1 0 0 0 0 1 1 1 0 0 0 0 0 1 0
180	25	1 0 0 1 0 0 0 1 0 0 1 0 1 0 0 0
180	11	1 0 0 1 0 0 0 0 1 1 0 0 1 0 1 0
180	12	1 1 1 1 1 1 0 1 1 0 0 0 0 1 0 0
180	3	1 0 0 0 0 0 0 1 0 1 0 0 0 0 0 0
180	8	1 1 1 1 0 0 1 0 1 1 0 1 0 0 1 0
180	28	1 0 1 1 0 0 1 0 1 0 0 1 0 0 0 0
180	7	1 0 1 0 0 0 0 0 0 0 1 0 1 0 0 0
180	5	1 1 1 0 0 0 0 1 0 0 0 0 0 0 0 0
180	20	1 1 0 1 0 0 0 0 1 0 0 1 0 0 0 1
180	12	1 1 0 1 1 1 0 0 1 0 0 0 0 0 0 0
180	5	1 1 0 1 0 0 0 0 1 0 1 0 0 0 1 1
180	1	1 0 0 1 1 0 0 0 1 1 1 1 0 0 0 0
180	8	1 1 0 0 0 0 0 0 1 0 1 1 0 0 0 0
180	4	1 1 0 1 1 0 0 1 0 0 0 0 1 0 0 0
180	1	1 0 1 1 1 0 0 0 1 1 0 0 0 0 1 1
180	9	1 1 1 1 0 1 0 0 0 0 0 0 0 0 1 1
180	20	1 0 0 0 0 0 0 0 0 0 1 0 0 0 0 0
180	14	1 0 0 1 1 1 0 1 1 1 0 0 0 1 0 0
180	15	1 1 0 0 1 0 0 0 1 0 0 1 0 0 1 0
180	1	1 0 0 0 1 0 0 0 1 0 1 1 0 0 0 0
180	3	1 1 0 0 0 0 0 0 0 0 0 0 0 0 1 0
180	2	1 0 0 1 1 1 0 0 1 0 1 0 0 0 0 0
180	3	1 0 1 0 0 0 0 0 1 1 0 0 1 0 1 0
180	4	1 1 0 0 0 0 0 0 1 0 0 0 0 0 1 0
180	12	1 1 0 1 0 0 0 0 1 0 0 0 0 0 0 0
180	5	1 1 0 1 0 0 0 0 1 0 1 0 0 0 1 0
180	13	1 0 0 1 0 0 1 0 1 1 0 0 1 0 1 0
180	5	1 1 1 1 0 0 1 1 0 0 0 0 0 0 0 0
180	6	0 0 0 1 0 0 0 0 1 0 0 1 0 0 0 1
180	14	1 1 1 0 0 0 0 0 1 0 0 0 0 0 1 0
180	8	1 1 0 1 0 0 0 0 1 0 0 0 1 0 1 0
180	4	1 1 0 1 1 1 0 1 1 0 0 0 0 0 0 0
180	2	1 1 0 1 0 0 0 0 1 1 0 0 1 0 1 0
180	1	1 0 0 0 0 0 0 0 1 0 0 0 0 0 1 0
180	5	1 1 0 1 0 0 0 0 1 1 0 1 0 0 1 0
180	3	0 1 0 0 0 0 0 0 1 1 1 1 0 0 0 0
180	4	1 1 0 0 0 0 0 0 1 0 0 0 0 0 0 0
180	6	1 1 1 1 0 0 1 1 0 0 0 0 0 0 1 0
180	3	1 1 1 1 0 0 0 0 1 0 1 1 0 0 0 0
180	1	1 0 0 0 0 0 0 0 1 1 0 0 1 0 1 0
180	6	1 1 0 0 1 0 0 0 1 0 1 0 0 0 0 0
180	2	1 0 1 1 0 1 1 0 1 1 0 0 1 0 0 0
180	1	1 0 0 1 1 1 0 0 1 1 1 1 0 0 1 0
180	3	1 1 0 0 0 0 0 0 1 0 1 1 1 0 0 0
180	4	1 1 1 0 0 1 0 0 1 0 1 1 0 0 0 0
180	2	1 1 0 1 0 0 1 0 1 0 0 0 0 0 1 0
180	8	1 0 0 1 1 0 0 0 1 1 1 1 0 0 1 1
180	2	1 1 1 0 0 0 0 0 0 0 0 0 0 0 1 0
180	2	1 1 1 0 0 0 0 1 0 0 0 0 1 0 1 0
180	2	1 1 0 1 1 0 0 0 1 0 1 0 0 0 0 1
180	1	1 1 0 1 0 1 0 1 1 0 0 0 0 1 0 0
180	3	1 0 0 1 0 1 0 0 1 1 0 1 0 0 1 0
180	7	1 0 1 0 0 0 0 0 1 0 0 0 0 1 0 0
180	3	0 0 1 1 1 0 0 0 1 1 0 0 0 0 1 1
180	2	1 1 0 0 0 1 0 1 1 0 1 0 0 0 1 0
180	12	1 1 0 1 0 0 1 1 1 0 0 0 0 0 1 0
180	1	1 1 0 1 1 0 0 0 1 0 0 0 0 0 0 0
180	1	1 0 1 1 1 0 0 0 1 0 0 0 0 0 0 0
180	3	1 0 1 1 0 0 1 0 1 0 0 1 0 0 1 0
180	1	1 0 1 1 0 0 1 1 0 0 1 1 0 0 1 0
180	3	0 1 0 1 0 0 0 0 1 0 0 0 0 0 1 0
180	2	1 0 1 1 0 0 0 0 1 1 1 1 0 0 1 1
180	1	1 1 1 0 0 0 0 0 1 1 1 0 1 0 1 0
180	1	1 0 0 0 0 0 1 1 1 0 0 0 0 0 1 0
180	5	1 1 1 1 0 0 0 0 1 0 0 0 0 0 1 0
180	1	1 0 0 0 0 0 0 0 1 1 0 0 0 0 1 0
180	1	1 0 1 1 0 0 1 0 1 1 0 0 0 0 1 0
180	1	1 0 1 0 0 0 0 0 1 0 1 0 0 0 1 0
180	1	1 1 0 1 1 1 0 1 1 0 0 1 0 1 0 0
180	2	0 1 0 0 0 0 1 1 1 0 0 0 0 0 1 0
180	1	1 1 0 0 0 0 1 1 1 0 1 0 0 0 1 0
180	2	1 1 0 1 0 0 1 0 1 1 0 1 0 0 1 0
180	1	1 1 0 0 0 0 0 0 1 0 1 0 0 0 0 0
180	2	1 0 0 1 0 0 0 1 0 0 0 0 0 0 1 0
180	3	1 0 1 0 0 0 0 0 0 0 0 1 0 0 0 0
180	1	1 1 0 1 1 0 0 0 0 0 1 0 0 0 0 0
180	3	1 0 0 1 0 0 0 0 1 1 1 1 0 0 1 0
180	1	1 1 1 1 0 0 0 0 1 0 0 0 0 0 0 1
180	1	1 1 0 1 0 0 0 0 1 0 0 1 0 0 1 0
180	2	1 1 1 1 0 0 1 0 1 1 0 1 1 0 1 0
180	2	0 0 1 1 0 0 1 0 1 0 0 1 0 0 0 0
180	1	1 1 0 0 0 0 0 0 1 0 1 0 1 0 0 0
180	1	1 0 0 1 0 1 0 0 1 1 0 1 0 0 0 0
190	10	1 0 0 0 0 0 0 0 1 0 1 0 0 0 0 0
190	3	1 0 0 1 1 0 0 0 1 1 0 1 0 0 1 0
190	12	0 0 0 1 0 0 0 1 0 0 0 0 0 0 0 0
190	169	1 1 0 1 0 0 0 0 1 0 0 0 0 0 1 0
190	7	1 0 1 0 0 0 0 0 1 0 1 0 0 0 0 0
190	11	1 1 0 1 0 0 0 0 1 0 0 0 0 0 1 1
190	21	1 0 1 0 0 0 0 0 0 0 1 0 0 0 0 0
190	6	1 1 0 0 0 1 0 1 1 0 1 0 0 0 0 0
190	2	1 0 1 1 0 0 0 0 1 1 1 1 0 0 1 0
190	9	1 0 1 1 0 1 0 0 1 1 0 0 1 0 0 0
190	17	1 0 1 1 0 0 1 0 1 1 0 1 0 0 1 0
190	11	1 1 0 1 0 0 0 0 1 0 0 1 0 0 0 0
190	15	1 0 0 1 0 0 0 1 0 0 0 0 1 0 0 0
190	34	1 1 1 0 0 0 0 0 1 0 1 0 0 0 1 0
190	12	1 1 1 0 0 0 0 0 1 0 1 1 0 0 0 0
190	26	1 1 0 1 1 0 0 0 1 0 0 0 0 0 0 1
190	14	1 0 0 0 0 0 0 0 0 0 0 0 0 0 1 0
190	23	1 1 1 0 0 0 0 0 1 1 0 0 1 0 1 0
190	12	1 1 0 1 1 1 0 1 1 0 0 0 0 1 0 0
190	9	1 0 0 1 0 0 0 0 1 1 0 1 0 0 1 0
190	33	1 1 0 0 0 0 1 1 1 0 0 0 0 0 1 0
190	4	1 0 0 1 0 0 0 0 1 1 0 0 1 0 1 0
190	29	1 1 1 1 1 1 0 1 1 0 0 0 0 1 0 0
190	3	1 1 1 1 0 0 1 0 1 1 0 1 0 0 1 0
190	36	1 0 1 1 0 0 1 0 1 0 0 1 0 0 0 0
190	44	1 0 1 0 0 0 0 0 0 0 1 0 1 0 0 0
190	3	1 1 1 0 0 0 0 1 0 0 0 0 0 0 0 0
190	24	1 1 0 1 0 0 0 0 1 0 0 1 0 0 0 1
190	3	1 1 0 1 1 1 0 0 1 0 0 0 0 0 0 0
190	2	1 1 0 1 0 0 0 0 1 0 1 0 0 0 1 1
190	1	1 0 1 1 1 0 0 0 1 1 0 0 0 0 1 1
190	4	1 1 1 1 0 1 0 0 0 0 0 0 0 0 1 1
190	8	1 0 0 0 0 0 0 0 0 0 1 0 0 0 0 0
190	30	1 0 0 1 1 1 0 1 1 1 0 0 0 1 0 0
190	1	1 1 0 0 0 0 0 0 1 0 0 0 0 0 1 0
190	7	1 1 0 1 0 0 0 0 1 0 0 0 0 0 0 0
190	13	1 1 0 1 0 0 0 0 1 0 1 0 0 0 1 0
190	1	0 0 0 1 0 0 0 0 1 0 0 1 0 0 0 1
190	43	1 1 1 0 0 0 0 0 1 0 0 0 0 0 1 0
190	15	1 1 0 1 0 0 0 0 1 0 0 0 1 0 1 0
190	6	1 1 0 1 0 0 0 0 1 1 0 0 1 0 1 0
190	4	0 1 0 0 0 0 0 0 1 1 1 1 0 0 0 0
190	6	1 0 0 1 1 1 0 0 1 1 1 1 0 0 1 0
190	1	1 1 1 0 0 0 0 1 0 0 0 0 1 0 1 0
190	4	1 1 0 1 1 0 0 0 1 0 1 0 0 0 0 1
190	5	1 1 0 1 1 0 0 0 1 0 0 0 0 0 0 0
190	1	1 0 1 1 0 0 1 0 1 0 0 1 0 0 1 0
190	3	0 1 0 1 0 0 0 0 1 0 0 0 0 0 1 0
190	3	1 0 1 1 0 0 0 0 1 1 1 1 0 0 1 1
190	11	1 1 1 1 0 0 0 0 1 0 0 0 0 0 1 0
190	14	1 1 0 1 0 0 1 0 1 1 0 1 0 0 1 0
190	5	1 0 1 1 0 1 0 0 1 1 0 1 0 0 1 0
190	3	1 1 0 1 1 0 0 0 1 0 0 1 0 0 1 0
190	13	1 1 0 1 1 0 0 0 1 0 0 0 0 0 1 0
190	12	1 1 0 1 0 0 0 0 1 0 0 1 0 0 1 0
190	6	1 0 1 1 0 0 0 0 1 0 0 0 0 0 1 1
190	11	1 0 0 0 0 0 0 0 1 0 0 0 0 0 1 0
190	6	1 0 0 1 0 0 0 0 1 1 1 0 1 0 1 0
190	2	0 0 0 1 0 0 0 0 1 0 0 1 0 0 1 1
190	7	0 1 0 0 0 0 0 0 1 1 1 1 0 1 0 0
190	1	1 1 1 0 0 0 0 0 1 0 1 1 0 1 0 0
190	3	1 0 1 0 0 0 0 1 0 0 1 0 1 0 0 0
190	4	1 1 0 1 1 1 0 1 1 0 0 0 0 0 1 0
190	3	1 1 0 0 0 1 0 1 1 0 1 0 1 0 0 0
190	11	1 1 0 1 1 0 0 0 1 0 0 0 0 1 0 1
190	7	1 0 0 1 0 0 0 0 0 0 0 0 0 0 1 0
190	13	1 0 0 0 0 0 0 0 0 0 0 1 0 0 1 0
190	6	1 0 0 1 1 1 0 1 1 1 1 0 0 1 0 0
190	3	1 1 1 1 0 0 0 0 1 0 0 0 1 0 1 0
190	5	1 1 1 0 0 0 0 0 0 0 0 1 0 0 0 0
190	2	1 0 1 1 0 0 1 0 1 0 0 0 0 0 1 0
190	1	1 0 0 1 1 1 0 1 1 1 0 0 1 0 1 0
190	5	1 1 0 1 0 0 0 0 1 0 1 1 0 0 0 0
190	3	1 1 1 0 0 0 0 1 1 0 1 0 0 0 1 0
190	2	1 1 0 1 1 0 0 0 0 0 0 0 0 0 0 1
190	5	1 1 1 0 0 0 0 0 1 1 0 0 1 0 0 0
190	4	1 0 0 1 0 0 0 1 0 0 0 0 1 0 1 0
190	2	1 1 1 1 1 0 0 0 1 0 0 0 0 0 0 1
190	3	0 1 0 1 1 0 0 0 1 0 0 0 0 0 1 0
190	3	1 1 0 1 0 0 0 1 1 0 0 1 0 0 1 0
190	3	1 0 0 1 1 0 0 0 1 0 1 0 0 0 0 1
190	1	1 1 0 1 0 0 0 0 0 0 0 1 0 0 0 0
190	1	1 1 0 1 1 0 1 1 1 0 0 0 0 0 1 0
190	4	1 1 0 1 0 0 0 0 1 1 0 0 0 0 1 0
190	3	0 1 0 1 1 0 0 0 1 0 0 0 0 0 0 1
190	8	1 1 0 0 0 1 1 1 1 0 0 0 0 0 1 0
190	6	1 1 1 1 1 1 0 1 1 0 0 0 0 0 0 0
190	2	1 0 0 0 0 0 0 0 0 0 1 0 1 0 0 0
190	2	1 1 0 0 0 0 0 1 1 0 1 0 1 0 0 0
190	2	1 1 1 1 0 0 0 1 1 0 1 0 0 0 1 0
190	3	0 0 0 1 0 0 0 0 0 0 0 0 0 0 0 0
190	3	1 0 0 1 0 0 0 0 1 0 0 0 0 0 1 0
190	1	1 0 1 0 0 0 1 0 1 0 1 0 0 0 0 0
190	1	1 0 1 1 0 1 0 0 0 1 0 0 1 0 0 0
190	3	1 1 1 0 1 0 0 0 1 0 0 1 0 0 1 0
190	2	1 1 1 1 0 0 0 0 1 0 0 0 0 0 1 1
190	1	1 0 0 1 1 1 0 1 0 1 0 0 1 0 1 0
190	1	1 1 0 1 0 0 0 0 0 0 1 0 1 0 0 0
190	2	1 1 0 1 0 0 0 0 0 0 0 0 0 0 1 0
190	2	1 0 0 1 0 1 0 1 1 0 0 0 0 1 0 0
190	1	1 0 1 0 0 0 0 0 0 0 1 0 0 0 1 1
190	1	1 0 1 0 0 0 0 0 0 0 1 0 1 0 1 0
190	2	1 0 0 0 0 0 0 0 0 0 1 0 0 1 0 0
190	2	1 0 0 0 0 0 0 0 0 0 1 0 0 0 1 1
190	1	1 1 0 1 0 0 1 0 1 1 0 1 0 0 0 0
190	1	1 1 0 1 0 0 0 1 0 0 1 0 1 0 0 0
190	1	1 0 1 1 0 1 0 0 1 0 0 0 1 0 0 0
190	2	1 1 1 0 0 0 1 0 1 0 0 0 0 0 1 0
190	2	1 0 0 1 0 0 0 0 1 0 0 0 0 0 1 1
200	20	1 0 0 0 0 0 0 0 1 0 1 0 0 0 0 0
200	1	0 0 0 1 0 0 0 1 0 0 0 0 0 0 0 0
200	186	1 1 0 1 0 0 0 0 1 0 0 0 0 0 1 0
200	11	1 0 1 0 0 0 0 0 1 0 1 0 0 0 0 0
200	10	1 1 0 1 0 0 0 0 1 0 0 0 0 0 1 1
200	11	1 0 1 1 0 1 0 0 1 1 0 0 1 0 0 0
200	1	1 0 1 1 0 0 1 0 1 1 0 1 0 0 1 0
200	22	1 1 0 1 0 0 0 0 1 0 0 1 0 0 0 0
200	1	1 0 0 1 0 0 0 1 0 0 0 0 1 0 0 0
200	57	1 1 1 0 0 0 0 0 1 0 1 0 0 0 1 0
200	2	1 1 1 0 0 0 0 0 1 0 1 1 0 0 0 0
200	11	1 1 0 1 1 0 0 0 1 0 0 0 0 0 0 1
200	2	1 0 0 0 0 0 0 0 0 0 0 0 0 0 1 0
200	13	1 1 1 0 0 0 0 0 1 1 0 0 1 0 1 0
200	4	1 1 0 1 1 1 0 1 1 0 0 0 0 1 0 0
200	3	1 0 0 1 0 0 0 0 1 1 0 1 0 0 1 0
200	14	1 1 0 0 0 0 1 1 1 0 0 0 0 0 1 0
200	36	1 1 1 1 1 1 0 1 1 0 0 0 0 1 0 0
200	12	1 0 1 1 0 0 1 0 1 0 0 1 0 0 0 0
200	41	1 0 1 0 0 0 0 0 0 0 1 0 1 0 0 0
200	24	1 1 0 1 0 0 0 0 1 0 0 1 0 0 0 1
200	31	1 0 0 1 1 1 0 1 1 1 0 0 0 1 0 0
200	23	1 1 0 1 0 0 0 0 1 0 0 0 0 0 0 0
200	7	1 1 0 1 0 0 0 0 1 0 1 0 0 0 1 0
200	38	1 1 1 0 0 0 0 0 1 0 0 0 0 0 1 0
200	5	1 1 0 1 0 0 0 0 1 0 0 0 1 0 1 0
200	7	1 1 0 1 0 0 0 0 1 1 0 0 1 0 1 0
200	16	1 1 0 1 1 0 0 0 1 0 1 0 0 0 0 1
200	3	1 1 0 1 1 0 0 0 1 0 0 0 0 0 0 0
200	1	1 1 1 1 0 0 0 0 1 0 0 0 0 0 1 0
200	41	1 0 1 1 0 1 0 0 1 1 0 1 0 0 1 0
200	6	1 1 0 1 1 0 0 0 1 0 0 1 0 0 1 0
200	13	1 1 0 1 1 0 0 0 1 0 0 0 0 0 1 0
200	9	1 0 1 1 0 0 0 0 1 0 0 0 0 0 1 1
200	19	1 0 0 0 0 0 0 0 1 0 0 0 0 0 1 0
200	3	0 0 0 1 0 0 0 0 1 0 0 1 0 0 1 1
200	18	0 1 0 0 0 0 0 0 1 1 1 1 0 1 0 0
200	1	1 1 1 0 0 0 0 0 1 0 1 1 0 1 0 0
200	6	1 0 1 0 0 0 0 1 0 0 1 0 1 0 0 0
200	1	1 1 0 1 1 1 0 1 1 0 0 0 0 0 1 0
200	13	1 1 0 1 1 0 0 0 1 0 0 0 0 1 0 1
200	9	1 0 0 0 0 0 0 0 0 0 0 1 0 0 1 0
200	1	1 0 0 1 1 1 0 1 1 1 1 0 0 1 0 0
200	7	1 1 0 1 0 0 0 0 1 0 1 1 0 0 0 0
200	1	1 0 0 1 0 0 0 1 0 0 0 0 1 0 1 0
200	3	1 1 1 1 1 0 0 0 1 0 0 0 0 0 0 1
200	27	1 1 0 1 0 0 0 1 1 0 0 1 0 0 1 0
200	4	1 0 0 1 1 0 0 0 1 0 1 0 0 0 0 1
200	8	1 1 1 1 1 1 0 1 1 0 0 0 0 0 0 0
200	2	1 1 0 0 0 0 0 1 1 0 1 0 1 0 0 0
200	13	1 1 1 1 0 0 0 0 1 0 0 0 0 0 1 1
200	17	1 1 0 1 0 0 0 0 0 0 0 0 0 0 1 0
200	4	1 0 1 0 0 0 0 0 0 0 1 0 0 0 1 1
200	3	1 0 1 0 0 0 0 0 0 0 1 0 1 0 1 0
200	12	1 1 0 1 0 0 0 0 1 0 1 0 0 0 0 0
200	6	1 0 1 1 0 0 0 1 1 1 1 0 0 1 0 0
200	4	0 0 0 1 0 0 0 0 0 0 0 0 0 0 1 0
200	6	1 0 0 0 0 0 0 0 0 0 0 1 0 0 0 0
200	2	1 1 0 1 0 0 1 0 1 1 0 1 0 1 1 0
200	1	1 1 0 1 0 0 0 0 1 1 0 1 0 0 1 0
200	1	1 1 0 1 0 0 0 1 1 0 0 0 0 0 1 0
200	5	1 0 0 1 0 1 0 1 0 0 0 0 1 0 1 0
200	4	1 0 1 1 0 0 0 0 1 0 1 1 0 0 0 0
200	5	1 0 0 1 0 0 0 0 0 0 1 0 0 0 0 0
200	4	1 1 1 0 0 0 1 0 1 0 1 1 0 0 0 0
200	6	1 1 0 1 0 0 0 0 1 0 1 1 0 0 0 1
200	4	1 1 0 0 0 0 0 0 1 0 0 0 0 0 1 0
200	10	1 0 0 0 0 0 0 0 1 0 0 1 0 0 0 1
200	4	1 0 1 1 0 0 0 0 1 0 1 0 0 0 1 0
200	1	1 0 0 0 0 0 0 1 1 0 0 0 0 0 1 0
200	2	1 0 1 1 0 0 0 0 0 0 1 0 0 0 0 0
200	4	1 0 1 0 0 0 0 0 0 0 1 1 1 0 0 0
200	2	1 0 1 0 0 0 0 1 0 0 0 0 1 0 0 0
200	5	1 1 0 1 0 0 0 0 0 0 1 0 0 0 1 0
200	6	1 0 0 1 1 0 0 0 1 1 0 1 0 0 1 0
200	4	1 1 0 1 0 0 0 1 1 0 0 0 0 0 0 0
200	2	1 1 1 0 0 0 0 0 1 1 0 0 0 0 1 0
200	6	1 1 0 1 0 0 0 0 1 0 0 1 0 0 1 1
200	8	1 1 0 1 0 0 1 0 1 0 1 1 0 0 0 0
200	1	1 0 0 1 0 0 0 0 1 0 0 0 0 0 0 0
200	1	1 1 0 0 0 0 0 0 1 0 1 0 0 0 0 0
200	4	1 0 0 1 0 0 1 0 1 1 0 1 0 0 1 0
200	4	1 0 1 0 0 0 1 0 0 0 1 0 1 0 0 0
200	1	0 1 1 0 0 0 0 0 1 0 0 0 0 0 1 0
200	2	1 1 0 0 0 1 0 1 1 0 1 0 1 0 1 0
200	5	1 0 0 1 0 0 0 0 1 0 1 0 0 0 0 0
200	2	1 1 1 1 1 1 0 1 1 0 1 1 1 0 0 0
200	2	1 1 0 1 1 0 0 0 1 0 1 0 0 0 1 0
200	1	1 0 1 1 0 0 1 0 1 1 1 0 0 0 0 1
200	1	1 1 0 1 0 0 0 0 0 0 0 0 1 0 1 0
200	1	1 1 0 1 0 0 0 0 1 1 0 0 0 0 1 0
200	1	1 1 0 1 0 1 0 0 1 0 0 0 0 0 1 1
200	4	1 1 1 0 0 0 0 0 0 0 1 1 0 0 0 0
200	1	1 1 0 1 0 0 0 0 1 0 0 0 0 0 0 1
200	1	1 1 1 1 1 1 0 0 1 0 0 0 0 1 0 0
200	1	1 0 1 1 0 1 0 1 0 0 0 0 1 0 1 0
200	1	1 1 0 1 0 0 0 0 0 0 1 0 1 0 0 0
200	1	1 0 1 0 0 0 0 0 0 0 0 0 0 0 1 0
200	3	0 1 0 0 0 0 0 0 1 0 1 1 0 0 0 1
200	1	1 0 0 0 0 0 0 0 0 0 1 1 0 0 0 0
200	1	1 0 0 0 0 0 0 0 1 0 0 1 0 0 1 0
200	1	1 1 0 1 0 0 1 0 1 0 0 0 0 0 1 0
200	2	1 1 0 1 1 0 0 0 0 0 0 0 0 1 0 1
200	1	1 1 1 0 0 0 0 1 1 0 1 0 1 0 0 0
210	19	1 0 0 0 0 0 0 0 1 0 1 0 0 0 0 0
210	92	1 1 0 1 0 0 0 0 1 0 0 0 0 0 1 0
210	1	1 0 1 0 0 0 0 0 1 0 1 0 0 0 0 0
210	12	1 1 0 1 0 0 0 0 1 0 0 0 0 0 1 1
210	23	1 1 0 1 0 0 0 0 1 0 0 1 0 0 0 0
210	35	1 1 1 0 0 0 0 0 1 0 1 0 0 0 1 0
210	22	1 1 0 1 1 0 0 0 1 0 0 0 0 0 0 1
210	14	1 1 1 0 0 0 0 0 1 1 0 0 1 0 1 0
210	24	1 1 0 0 0 0 1 1 1 0 0 0 0 0 1 0
210	27	1 1 1 1 1 1 0 1 1 0 0 0 0 1 0 0
210	1	1 0 1 1 0 0 1 0 1 0 0 1 0 0 0 0
210	53	1 0 1 0 0 0 0 0 0 0 1 0 1 0 0 0
210	15	1 1 0 1 0 0 0 0 1 0 0 1 0 0 0 1
210	30	1 0 0 1 1 1 0 1 1 1 0 0 0 1 0 0
210	14	1 1 0 1 0 0 0 0 1 0 0 0 0 0 0 0
210	8	1 1 0 1 0 0 0 0 1 0 1 0 0 0 1 0
210	25	1 1 1 0 0 0 0 0 1 0 0 0 0 0 1 0
210	4	1 1 0 1 0 0 0 0 1 0 0 0 1 0 1 0
210	6	1 1 0 1 0 0 0 0 1 1 0 0 1 0 1 0
210	18	1 1 0 1 1 0 0 0 1 0 1 0 0 0 0 1
210	26	1 0 1 1 0 1 0 0 1 1 0 1 0 0 1 0
210	4	1 1 0 1 1 0 0 0 1 0 0 1 0 0 1 0
210	9	1 1 0 1 1 0 0 0 1 0 0 0 0 0 1 0
210	14	1 0 0 0 0 0 0 0 1 0 0 0 0 0 1 0
210	12	0 1 0 0 0 0 0 0 1 1 1 1 0 1 0 0
210	9	1 0 1 0 0 0 0 1 0 0 1 0 1 0 0 0
210	21	1 1 0 1 1 0 0 0 1 0 0 0 0 1 0 1
210	22	1 0 0 0 0 0 0 0 0 0 0 1 0 0 1 0
210	18	1 1 0 1 0 0 0 0 1 0 1 1 0 0 0 0
210	2	1 1 1 1 1 0 0 0 1 0 0 0 0 0 0 1
210	16	1 1 0 1 0 0 0 1 1 0 0 1 0 0 1 0
210	6	1 0 0 1 1 0 0 0 1 0 1 0 0 0 0 1
210	21	1 1 1 1 1 1 0 1 1 0 0 0 0 0 0 0
210	9	1 1 0 0 0 0 0 1 1 0 1 0 1 0 0 0
210	18	1 1 1 1 0 0 0 0 1 0 0 0 0 0 1 1
210	10	1 1 0 1 0 0 0 0 0 0 0 0 0 0 1 0
210	11	1 1 0 1 0 0 0 0 1 0 1 0 0 0 0 0
210	2	1 0 1 1 0 0 0 1 1 1 1 0 0 1 0 0
210	5	1 0 0 0 0 0 0 0 0 0 0 1 0 0 0 0
210	7	1 1 0 1 0 0 0 0 1 1 0 1 0 0 1 0
210	3	1 1 0 1 0 0 0 1 1 0 0 0 0 0 1 0
210	23	1 0 1 1 0 0 0 0 1 0 1 1 0 0 0 0
210	2	1 1 1 0 0 0 1 0 1 0 1 1 0 0 0 0
210	6	1 1 0 1 0 0 0 0 1 0 1 1 0 0 0 1
210	5	1 0 0 0 0 0 0 0 1 0 0 1 0 0 0 1
210	5	1 0 1 1 0 0 0 0 1 0 1 0 0 0 1 0
210	9	1 0 1 1 0 0 0 0 0 0 1 0 0 0 0 0
210	6	1 0 1 0 0 0 0 0 0 0 1 1 1 0 0 0
210	1	1 1 0 1 0 0 0 0 0 0 1 0 0 0 1 0
210	13	1 0 0 1 1 0 0 0 1 1 0 1 0 0 1 0
210	11	1 1 0 1 0 0 0 1 1 0 0 0 0 0 0 0
210	2	1 1 0 1 0 0 0 0 1 0 0 1 0 0 1 1
210	6	1 1 0 1 0 0 1 0 1 0 1 1 0 0 0 0
210	4	1 1 0 0 0 0 0 0 1 0 1 0 0 0 0 0
210	7	1 1 0 1 1 0 0 0 1 0 1 0 0 0 1 0
210	8	1 1 1 0 0 0 0 0 0 0 1 1 0 0 0 0
210	7	1 1 0 1 0 0 1 0 1 0 0 0 0 0 1 0
210	5	1 1 1 0 0 0 0 0 1 0 1 0 0 0 0 0
210	3	1 1 1 1 1 0 0 0 1 0 1 0 0 0 0 1
210	3	1 0 1 0 0 0 0 0 0 1 0 0 0 1 0 0
210	6	1 1 1 0 0 0 0 0 0 0 0 0 0 0 1 0
210	22	1 0 0 1 0 1 0 0 1 1 0 1 0 0 1 0
210	6	1 0 0 1 1 0 0 0 0 1 0 1 0 0 1 0
210	3	1 1 1 0 0 0 0 0 0 0 0 1 0 0 1 0
210	5	1 0 0 1 1 1 0 1 1 1 0 0 0 0 1 0
210	6	0 1 0 0 0 0 0 0 1 1 0 0 0 0 0 1
210	8	0 1 0 0 0 0 0 0 1 0 0 0 0 0 1 0
210	3	1 0 1 1 0 0 0 0 1 1 1 1 0 1 0 0
210	8	1 0 1 0 0 0 0 0 0 1 1 0 1 0 0 0
210	4	1 1 1 0 0 0 0 0 1 0 0 0 0 0 1 1
210	2	1 1 0 1 1 0 0 0 1 0 1 0 0 0 0 0
210	2	1 0 1 0 0 0 0 0 0 0 1 0 0 0 0 1
210	2	0 1 0 1 0 0 0 0 1 0 0 1 0 0 0 0
210	6	1 1 1 1 1 1 0 1 1 0 1 1 0 0 0 0
210	7	1 1 0 1 1 0 0 1 1 0 0 1 0 0 0 0
210	1	1 0 1 0 0 0 0 0 1 0 1 1 0 0 0 0
210	3	0 1 0 0 0 0 0 1 1 1 1 1 0 1 0 0
210	2	1 0 1 0 0 0 0 0 0 0 1 0 0 0 1 0
210	12	1 0 0 1 1 1 0 1 1 0 1 0 0 0 1 0
210	4	1 1 0 1 0 0 0 0 1 1 0 0 0 0 0 1
210	2	1 0 0 0 0 0 0 0 1 0 0 0 0 0 0 0
210	3	1 1 0 0 0 1 1 1 1 0 0 0 0 0 1 0
210	1	0 1 0 0 0 0 1 1 1 0 0 0 0 0 1 0
210	2	1 1 0 1 0 0 0 1 1 0 0 1 1 0 1 0
210	2	1 1 1 0 0 0 0 0 1 0 0 1 0 0 0 0
210	3	1 0 0 1 1 1 0 1 1 1 0 0 0 0 0 1
210	5	1 1 1 0 0 0 0 0 1 0 0 0 0 0 0 0
210	2	0 1 1 1 1 1 0 1 1 0 0 0 0 1 0 0
210	4	1 0 1 0 0 0 0 0 1 0 1 0 0 0 1 0
210	4	1 1 1 0 0 0 0 0 0 0 1 0 1 0 0 0
210	1	1 1 0 0 0 0 0 1 1 1 1 0 1 0 0 0
210	3	1 0 0 1 1 0 1 0 1 1 0 1 0 0 1 0
210	1	1 1 1 0 0 0 1 0 0 0 0 1 0 0 1 0
210	1	1 0 1 1 0 0 0 0 1 1 1 0 0 0 0 0
210	2	1 1 0 1 0 0 0 0 1 0 0 1 0 0 1 0
210	1	1 1 0 1 0 0 0 0 1 0 1 0 0 0 1 1
210	1	1 1 0 0 0 0 0 0 1 1 0 0 1 0 1 0
210	2	1 0 1 1 1 1 0 1 1 0 0 0 0 1 0 0
210	5	1 1 0 0 0 0 0 0 1 0 0 1 0 0 0 1
210	3	1 0 1 0 0 0 0 1 0 1 1 0 1 0 0 0
210	2	1 1 0 1 0 0 1 1 1 0 0 1 0 0 1 0
210	3	1 1 1 1 0 0 0 0 0 0 0 0 0 0 1 1
210	1	0 0 0 1 1 0 0 0 0 0 0 0 0 0 1 0
210	3	1 1 1 0 0 0 0 0 0 0 1 1 0 1 0 0
210	1	1 0 1 0 0 0 0 0 1 0 0 1 0 0 0 0
210	1	1 0 1 0 0 0 0 0 0 0 1 0 0 0 0 0
210	1	1 1 1 1 0 0 0 0 1 0 1 1 0 0 0 0
210	1	1 0 0 0 0 0 0 0 0 0 0 1 0 0 0 1
210	1	1 0 0 1 1 0 0 0 1 0 0 0 0 0 1 0
210	1	1 1 0 0 0 0 0 1 1 0 0 0 1 0 1 0
210	3	1 1 1 0 0 0 0 0 1 1 0 0 0 0 0 1
210	2	1 1 0 1 0 0 1 1 1 0 0 0 0 0 1 0
210	1	1 1 0 0 1 0 1 1 1 0 0 0 0 0 1 0
210	4	1 0 1 1 0 0 1 0 1 0 0 1 1 0 0 0
210	1	1 1 0 0 1 0 0 1 1 0 0 1 0 0 0 0
220	25	1 0 0 0 0 0 0 0 1 0 1 0 0 0 0 0
220	117	1 1 0 1 0 0 0 0 1 0 0 0 0 0 1 0
220	2	1 1 0 1 0 0 0 0 1 0 0 0 0 0 1 1
220	29	1 1 0 1 0 0 0 0 1 0 0 1 0 0 0 0
220	22	1 1 1 0 0 0 0 0 1 0 1 0 0 0 1 0
220	14	1 1 0 1 1 0 0 0 1 0 0 0 0 0 0 1
220	20	1 1 1 0 0 0 0 0 1 1 0 0 1 0 1 0
220	20	1 1 0 0 0 0 1 1 1 0 0 0 0 0 1 0
220	8	1 1 1 1 1 1 0 1 1 0 0 0 0 1 0 0
220	59	1 0 1 0 0 0 0 0 0 0 1 0 1 0 0 0
220	2	1 1 0 1 0 0 0 0 1 0 0 1 0 0 0 1
220	25	1 0 0 1 1 1 0 1 1 1 0 0 0 1 0 0
220	4	1 1 0 1 0 0 0 0 1 0 0 0 0 0 0 0
220	6	1 1 0 1 0 0 0 0 1 0 1 0 0 0 1 0
220	17	1 1 1 0 0 0 0 0 1 0 0 0 0 0 1 0
220	2	1 1 0 1 0 0 0 0 1 0 0 0 1 0 1 0
220	1	1 1 0 1 0 0 0 0 1 1 0 0 1 0 1 0
220	18	1 1 0 1 1 0 0 0 1 0 1 0 0 0 0 1
220	12	1 0 1 1 0 1 0 0 1 1 0 1 0 0 1 0
220	4	1 1 0 1 1 0 0 0 1 0 0 0 0 0 1 0
220	1	1 0 0 0 0 0 0 0 1 0 0 0 0 0 1 0
220	18	1 1 0 1 1 0 0 0 1 0 0 0 0 1 0 1
220	12	1 0 0 0 0 0 0 0 0 0 0 1 0 0 1 0
220	34	1 1 0 1 0 0 0 0 1 0 1 1 0 0 0 0
220	26	1 1 0 1 0 0 0 1 1 0 0 1 0 0 1 0
220	12	1 0 0 1 1 0 0 0 1 0 1 0 0 0 0 1
220	17	1 1 1 1 1 1 0 1 1 0 0 0 0 0 0 0
220	23	1 1 1 1 0 0 0 0 1 0 0 0 0 0 1 1
220	29	1 1 0 1 0 0 0 0 0 0 0 0 0 0 1 0
220	31	1 1 0 1 0 0 0 0 1 0 1 0 0 0 0 0
220	4	1 0 1 1 0 0 0 1 1 1 1 0 0 1 0 0
220	3	1 0 0 0 0 0 0 0 0 0 0 1 0 0 0 0
220	2	1 1 0 1 0 0 0 0 1 1 0 1 0 0 1 0
220	2	1 1 0 1 0 0 0 1 1 0 0 0 0 0 1 0
220	27	1 0 1 1 0 0 0 0 1 0 1 1 0 0 0 0
220	7	1 1 1 0 0 0 1 0 1 0 1 1 0 0 0 0
220	6	1 0 1 1 0 0 0 0 1 0 1 0 0 0 1 0
220	5	1 0 1 1 0 0 0 0 0 0 1 0 0 0 0 0
220	3	1 0 1 0 0 0 0 0 0 0 1 1 1 0 0 0
220	7	1 1 0 1 0 0 0 1 1 0 0 0 0 0 0 0
220	5	1 1 1 0 0 0 0 0 0 0 1 1 0 0 0 0
220	2	1 1 0 1 0 0 1 0 1 0 0 0 0 0 1 0
220	2	1 0 1 0 0 0 0 0 0 1 0 0 0 1 0 0
220	5	1 0 0 1 0 1 0 0 1 1 0 1 0 0 1 0
220	3	0 1 0 0 0 0 0 0 1 0 0 0 0 0 1 0
220	10	1 0 1 1 0 0 0 0 1 1 1 1 0 1 0 0
220	5	1 0 1 0 0 0 0 0 0 1 1 0 1 0 0 0
220	5	1 1 0 1 1 0 0 0 1 0 1 0 0 0 0 0
220	6	1 0 1 0 0 0 0 0 0 0 1 0 0 0 1 0
220	5	1 1 1 0 0 0 0 0 1 0 0 1 0 0 0 0
220	8	1 1 1 0 0 0 0 0 1 0 0 0 0 0 0 0
220	3	1 1 1 0 0 0 0 0 0 0 1 0 1 0 0 0
220	5	1 1 0 1 0 0 0 0 1 0 0 1 0 0 1 0
220	1	1 0 1 1 1 1 0 1 1 0 0 0 0 1 0 0
220	8	1 1 0 0 0 0 0 0 1 0 0 1 0 0 0 1
220	1	1 1 1 0 0 0 0 0 0 0 1 1 0 1 0 0
220	5	1 1 0 0 1 0 1 1 1 0 0 0 0 0 1 0
220	20	1 1 1 0 0 0 0 1 1 0 1 1 0 0 0 0
220	11	1 1 0 1 0 0 0 0 0 0 1 0 1 0 0 0
220	5	1 1 1 1 1 1 0 0 1 0 1 1 0 0 0 0
220	2	1 1 0 1 0 0 0 1 1 0 1 0 0 0 0 0
220	12	1 1 0 1 1 1 0 1 1 0 0 0 0 0 0 0
220	3	1 0 1 0 0 0 0 0 0 0 0 1 0 0 1 0
220	13	1 1 1 0 0 0 0 0 0 1 1 0 1 0 0 0
220	2	1 1 1 1 0 0 0 0 1 0 0 0 0 0 1 0
220	8	1 1 1 1 1 1 0 1 1 0 0 0 0 1 1 0
220	9	1 1 0 1 0 1 0 0 1 0 1 1 0 0 0 0
220	1	1 1 1 0 0 0 0 0 1 0 0 1 0 0 1 0
220	4	1 1 0 1 1 0 0 0 1 0 0 0 0 0 0 0
220	9	0 1 0 0 0 0 0 0 1 1 1 0 0 0 1 0
220	3	1 1 0 1 0 0 0 0 1 0 0 0 0 0 0 1
220	5	1 1 1 0 0 0 0 0 1 0 1 0 0 0 1 1
220	1	1 1 0 1 0 0 0 0 1 1 0 1 0 0 0 1
220	2	1 0 1 1 0 1 0 1 1 1 0 1 0 0 1 0
220	10	0 1 0 0 0 0 0 0 1 1 0 0 0 0 1 0
220	5	1 0 1 0 0 0 0 0 0 0 1 0 0 0 0 0
220	3	1 1 0 0 0 0 0 0 1 1 0 0 1 0 1 0
220	13	1 1 0 0 0 0 1 1 0 0 0 0 0 0 1 0
220	4	1 0 0 0 0 0 0 0 0 0 1 1 0 0 1 0
220	3	1 1 0 1 0 0 1 0 1 0 1 0 1 0 1 0
220	3	1 0 0 0 0 0 0 0 1 0 0 0 0 0 0 0
220	7	1 1 0 0 0 0 1 1 1 0 1 0 0 0 1 0
220	3	1 0 1 1 0 0 0 0 0 0 0 0 0 0 0 0
220	3	1 1 0 1 0 1 0 0 1 1 0 1 0 0 1 0
220	4	1 0 1 1 0 0 0 0 1 0 0 0 0 0 1 0
220	1	1 1 1 0 0 0 0 0 0 0 1 0 0 0 0 1
220	1	1 0 0 1 0 0 0 0 1 0 0 1 0 0 0 0
220	3	1 1 1 0 0 0 0 0 1 1 0 0 1 0 1 1
220	1	1 0 1 0 0 0 0 0 0 0 1 0 1 0 0 1
220	2	1 1 0 1 0 0 0 0 1 0 0 1 0 0 1 1
220	1	1 1 0 1 1 0 0 0 1 0 1 0 0 1 0 0
220	1	1 1 1 0 0 0 0 0 1 1 0 0 0 0 0 0
220	2	1 1 0 1 0 0 0 1 1 0 0 0 0 1 0 0
220	3	1 1 1 1 0 0 0 0 1 0 1 0 0 0 0 0
220	1	1 1 0 1 0 0 0 0 0 0 0 1 0 0 0 0
220	2	1 0 0 0 1 1 0 1 1 1 0 0 0 1 0 0
220	4	1 1 1 0 0 0 0 1 0 0 1 0 1 0 0 0
220	4	0 0 1 1 0 0 0 0 1 0 1 1 0 0 0 0
220	8	1 1 0 1 1 0 0 0 1 1 0 1 0 0 1 0
220	3	1 1 0 1 1 1 0 0 1 0 1 1 0 0 0 0
220	1	1 1 1 1 0 0 0 0 1 1 0 0 1 1 1 0
220	3	1 1 0 1 0 0 0 0 1 0 1 0 1 0 0 0
220	1	1 1 0 1 0 0 1 1 0 0 0 0 0 0 1 0
220	2	1 1 1 0 0 0 0 0 0 0 1 0 0 0 0 0
220	2	1 0 0 1 0 0 0 0 1 0 0 0 0 0 1 0
220	2	1 1 0 1 0 0 0 0 1 0 0 0 0 1 0 1
220	2	1 1 0 1 0 1 0 0 0 0 0 0 0 0 1 0
220	1	1 0 1 1 0 0 1 0 1 1 1 1 0 1 0 0
220	1	1 0 1 0 0 0 0 0 0 1 1 1 1 0 0 0
220	5	1 1 0 0 0 0 0 0 1 0 1 1 0 0 0 1
220	2	1 1 0 1 0 0 0 0 1 0 0 0 0 1 0 0
220	1	1 1 0 1 0 0 0 1 1 0 1 1 0 0 0 0
220	1	1 0 1 1 1 1 0 1 1 0 0 0 0 1 1 0
220	1	1 0 0 0 0 0 0 0 1 0 0 1 0 0 1 0
220	1	1 1 0 1 0 1 0 1 1 0 0 0 0 1 0 0
220	3	1 0 1 0 0 0 1 0 0 0 1 0 1 0 0 0
220	2	1 1 0 0 0 0 0 0 1 0 0 0 0 0 1 0
220	1	1 1 0 1 1 0 0 0 1 0 1 1 0 0 0 0
220	2	1 1 0 1 0 0 1 1 1 0 0 1 0 0 1 0
220	1	1 1 1 1 0 0 0 0 1 0 1 1 0 0 0 0
220	1	1 1 0 1 0 1 1 0 1 0 0 0 0 0 1 0
220	2	1 0 1 1 0 0 0 0 1 1 0 1 0 1 0 0
220	1	1 1 0 1 0 0 0 0 0 0 1 0 1 1 0 0
220	1	0 1 1 0 0 0 0 0 0 1 1 0 1 0 0 0
230	43	1 0 0 0 0 0 0 0 1 0 1 0 0 0 0 0
230	92	1 1 0 1 0 0 0 0 1 0 0 0 0 0 1 0
230	3	1 1 0 1 0 0 0 0 1 0 0 0 0 0 1 1
230	31	1 1 0 1 0 0 0 0 1 0 0 1 0 0 0 0
230	9	1 1 1 0 0 0 0 0 1 0 1 0 0 0 1 0
230	6	1 1 0 1 1 0 0 0 1 0 0 0 0 0 0 1
230	6	1 1 1 0 0 0 0 0 1 1 0 0 1 0 1 0
230	15	1 1 0 0 0 0 1 1 1 0 0 0 0 0 1 0
230	18	1 1 1 1 1 1 0 1 1 0 0 0 0 1 0 0
230	20	1 0 1 0 0 0 0 0 0 0 1 0 1 0 0 0
230	14	1 1 0 1 0 0 0 0 1 0 0 1 0 0 0 1
230	6	1 0 0 1 1 1 0 1 1 1 0 0 0 1 0 0
230	6	1 1 0 1 0 0 0 0 1 0 0 0 0 0 0 0
230	3	1 1 0 1 0 0 0 0 1 0 1 0 0 0 1 0
230	13	1 1 1 0 0 0 0 0 1 0 0 0 0 0 1 0
230	11	1 1 0 1 1 0 0 0 1 0 1 0 0 0 0 1
230	1	1 1 0 1 1 0 0 0 1 0 0 0 0 0 1 0
230	8	1 1 0 1 1 0 0 0 1 0 0 0 0 1 0 1
230	7	1 0 0 0 0 0 0 0 0 0 0 1 0 0 1 0
230	10	1 1 0 1 0 0 0 0 1 0 1 1 0 0 0 0
230	9	1 1 0 1 0 0 0 1 1 0 0 1 0 0 1 0
230	10	1 0 0 1 1 0 0 0 1 0 1 0 0 0 0 1
230	12	1 1 1 1 1 1 0 1 1 0 0 0 0 0 0 0
230	13	1 1 1 1 0 0 0 0 1 0 0 0 0 0 1 1
230	25	1 1 0 1 0 0 0 0 0 0 0 0 0 0 1 0
230	57	1 1 0 1 0 0 0 0 1 0 1 0 0 0 0 0
230	22	1 0 1 1 0 0 0 0 1 0 1 1 0 0 0 0
230	17	1 1 1 0 0 0 1 0 1 0 1 1 0 0 0 0
230	16	1 0 1 1 0 0 0 0 1 0 1 0 0 0 1 0
230	2	1 1 1 0 0 0 0 0 0 0 1 1 0 0 0 0
230	11	1 0 0 1 0 1 0 0 1 1 0 1 0 0 1 0
230	1	0 1 0 0 0 0 0 0 1 0 0 0 0 0 1 0
230	2	1 0 1 0 0 0 0 0 0 1 1 0 1 0 0 0
230	2	1 1 0 1 1 0 0 0 1 0 1 0 0 0 0 0
230	4	1 0 1 0 0 0 0 0 0 0 1 0 0 0 1 0
230	9	1 1 1 0 0 0 0 0 1 0 0 1 0 0 0 0
230	5	1 1 1 0 0 0 0 0 1 0 0 0 0 0 0 0
230	4	1 1 1 0 0 0 0 0 0 0 1 0 1 0 0 0
230	6	1 1 0 1 0 0 0 0 1 0 0 1 0 0 1 0
230	3	1 1 0 0 0 0 0 0 1 0 0 1 0 0 0 1
230	4	1 1 0 0 1 0 1 1 1 0 0 0 0 0 1 0
230	10	1 1 1 0 0 0 0 1 1 0 1 1 0 0 0 0
230	12	1 1 0 1 0 0 0 0 0 0 1 0 1 0 0 0
230	11	1 1 0 1 0 0 0 1 1 0 1 0 0 0 0 0
230	7	1 1 0 1 1 1 0 1 1 0 0 0 0 0 0 0
230	13	1 1 1 0 0 0 0 0 0 1 1 0 1 0 0 0
230	5	1 1 1 1 0 0 0 0 1 0 0 0 0 0 1 0
230	3	1 1 1 1 1 1 0 1 1 0 0 0 0 1 1 0
230	5	1 1 0 1 0 1 0 0 1 0 1 1 0 0 0 0
230	7	1 1 1 0 0 0 0 0 1 0 0 1 0 0 1 0
230	15	0 1 0 0 0 0 0 0 1 1 1 0 0 0 1 0
230	3	1 1 0 1 0 0 0 0 1 0 0 0 0 0 0 1
230	2	0 1 0 0 0 0 0 0 1 1 0 0 0 0 1 0
230	3	1 0 1 0 0 0 0 0 0 0 1 0 0 0 0 0
230	2	1 1 0 0 0 0 0 0 1 1 0 0 1 0 1 0
230	5	1 1 0 0 0 0 1 1 0 0 0 0 0 0 1 0
230	2	1 1 0 1 0 0 1 0 1 0 1 0 1 0 1 0
230	9	1 1 0 0 0 0 1 1 1 0 1 0 0 0 1 0
230	5	1 0 1 1 0 0 0 0 1 0 0 0 0 0 1 0
230	12	1 1 1 1 0 0 0 0 1 0 1 0 0 0 0 0
230	4	1 0 0 0 1 1 0 1 1 1 0 0 0 1 0 0
230	3	0 0 1 1 0 0 0 0 1 0 1 1 0 0 0 0
230	28	1 1 0 1 1 0 0 0 1 1 0 1 0 0 1 0
230	23	1 1 0 1 1 1 0 0 1 0 1 1 0 0 0 0
230	3	1 0 1 0 0 0 1 0 0 0 1 0 1 0 0 0
230	11	1 1 1 1 0 0 0 0 1 0 1 1 0 0 0 0
230	3	1 1 0 1 0 1 1 0 1 0 0 0 0 0 1 0
230	10	1 0 1 1 0 0 0 0 1 1 0 1 0 1 0 0
230	12	1 1 0 1 0 0 0 0 0 0 1 0 1 1 0 0
230	4	1 1 0 1 0 0 0 0 0 1 1 0 1 0 0 0
230	1	1 0 0 0 0 0 0 0 1 0 0 0 1 0 0 0
230	4	1 1 1 0 0 0 1 0 1 0 0 0 0 0 1 0
230	13	1 1 0 1 1 1 0 0 1 0 0 0 0 1 0 1
230	6	1 1 0 1 0 0 0 0 1 0 1 0 0 0 0 1
230	5	1 0 1 1 0 0 1 1 1 0 0 0 0 0 1 0
230	2	1 1 0 0 0 0 1 1 1 0 1 0 0 0 0 0
230	4	1 0 0 0 0 0 1 1 1 0 0 0 0 0 1 0
230	3	1 1 0 1 0 0 0 0 1 0 1 0 1 0 0 0
230	4	1 0 1 1 0 1 0 0 1 0 1 1 0 0 0 0
230	6	1 0 1 0 0 0 0 0 0 0 1 0 1 0 1 0
230	4	1 1 0 1 0 0 1 1 1 0 0 0 0 0 1 0
230	5	1 1 1 1 1 1 0 0 0 0 1 1 0 0 0 0
230	8	1 1 0 1 0 1 0 1 1 0 0 0 0 0 0 0
230	14	1 1 0 0 0 0 0 0 1 1 0 0 1 0 1 1
230	3	1 1 1 0 0 0 1 0 0 0 1 0 1 0 0 0
230	1	1 1 1 0 0 0 1 0 1 0 1 0 1 0 0 0
230	2	1 1 0 1 0 1 0 0 1 0 0 0 0 0 1 0
230	3	1 1 0 1 0 0 0 0 1 0 0 0 0 1 1 1
230	2	1 1 1 0 1 0 0 0 1 1 0 0 1 0 1 0
230	2	1 1 1 1 0 0 0 0 1 0 0 0 1 0 1 1
230	12	1 0 0 0 0 0 0 0 1 0 1 0 0 0 1 0
230	2	1 1 0 1 0 0 1 0 1 0 0 0 0 0 1 0
230	2	1 1 1 0 0 0 1 1 0 0 0 0 0 0 1 0
230	4	1 1 1 0 0 0 1 0 1 0 0 0 0 0 0 1
230	1	1 1 0 1 0 0 0 0 0 1 1 1 1 0 0 0
230	7	1 1 0 1 0 0 0 0 0 1 1 0 0 0 1 0
230	4	1 1 1 1 1 1 0 0 0 0 0 0 0 0 1 0
230	12	1 1 1 0 0 0 1 0 0 1 1 1 1 0 0 0
230	3	1 1 0 1 0 0 0 0 1 0 1 0 0 0 1 1
230	1	0 1 0 0 0 0 0 0 1 0 0 1 0 0 0 1
230	3	1 0 1 1 1 1 0 0 1 1 0 0 0 1 0 0
230	3	1 1 0 0 0 0 1 1 0 0 1 0 0 0 0 0
230	2	1 1 0 1 1 0 0 0 1 1 0 0 1 0 1 1
230	8	1 0 1 0 0 0 0 0 0 0 0 0 1 0 0 0
230	4	1 0 0 1 0 1 0 1 1 1 0 0 0 1 0 0
230	5	1 0 1 1 0 0 0 0 1 0 0 0 0 0 1 1
230	3	1 1 1 1 0 0 0 0 0 0 1 0 1 0 0 0
230	2	0 0 1 1 0 0 0 0 1 0 0 1 0 0 0 0
230	2	1 1 1 1 0 0 0 1 1 1 0 0 0 1 0 0
230	1	1 0 1 0 0 0 0 0 0 0 1 1 0 0 0 0
230	1	1 1 1 1 0 1 1 0 1 0 0 0 0 0 0 1
230	1	1 1 0 1 0 0 0 1 1 0 0 1 0 0 0 0
230	1	1 1 1 1 1 1 0 1 1 0 0 0 1 1 0 0
230	3	1 1 0 1 0 0 0 0 1 1 1 1 0 0 0 0
230	1	1 1 1 0 0 0 0 0 0 0 0 0 1 0 0 0
230	1	1 1 0 1 1 1 0 1 1 0 1 0 0 0 0 0
230	4	1 1 1 1 0 1 0 0 1 0 0 0 0 0 1 0
230	1	1 1 1 1 0 1 0 1 1 0 0 0 0 1 1 0
230	1	1 1 0 1 1 0 0 0 1 1 1 1 0 0 1 0
230	2	1 0 1 1 0 0 0 0 1 1 0 0 0 0 1 1
230	5	1 0 0 1 1 0 0 0 1 0 1 1 0 0 0 0
230	2	1 0 1 0 0 0 1 0 0 1 1 1 1 0 0 0
230	1	1 1 1 0 0 0 1 0 1 0 1 1 0 0 1 0
230	1	1 0 1 1 0 0 0 0 0 1 1 0 1 0 0 0
230	2	1 1 0 1 1 1 0 1 1 0 0 0 1 1 0 0
230	2	1 1 1 0 0 0 1 0 0 0 1 0 1 1 0 0
230	4	1 1 0 1 0 0 0 0 0 0 0 0 0 0 1 1
230	1	0 1 0 1 0 0 0 0 1 0 1 0 0 0 0 0
230	1	1 0 1 1 0 0 0 0 0 0 1 1 0 0 0 0
230	1	1 1 0 1 0 0 0 1 1 0 0 0 0 0 1 0
230	2	0 1 0 0 0 0 1 1 1 0 1 0 0 0 1 0
230	1	0 0 1 1 0 0 0 0 1 0 0 1 1 0 0 0
240	37	1 0 0 0 0 0 0 0 1 0 1 0 0 0 0 0
240	67	1 1 0 1 0 0 0 0 1 0 0 0 0 0 1 0
240	99	1 1 0 1 0 0 0 0 1 0 0 1 0 0 0 0
240	5	1 1 0 1 1 0 0 0 1 0 0 0 0 0 0 1
240	10	1 1 1 0 0 0 0 0 1 1 0 0 1 0 1 0
240	6	1 1 0 0 0 0 1 1 1 0 0 0 0 0 1 0
240	6	1 1 1 1 1 1 0 1 1 0 0 0 0 1 0 0
240	15	1 0 1 0 0 0 0 0 0 0 1 0 1 0 0 0
240	24	1 1 0 1 0 0 0 0 1 0 0 1 0 0 0 1
240	2	1 0 0 1 1 1 0 1 1 1 0 0 0 1 0 0
240	1	1 1 0 1 0 0 0 0 1 0 0 0 0 0 0 0
240	15	1 1 0 1 0 0 0 0 1 0 1 0 0 0 1 0
240	17	1 1 1 0 0 0 0 0 1 0 0 0 0 0 1 0
240	7	1 1 0 1 0 0 0 0 1 0 1 1 0 0 0 0
240	28	1 1 1 1 0 0 0 0 1 0 0 0 0 0 1 1
240	11	1 1 0 1 0 0 0 0 0 0 0 0 0 0 1 0
240	50	1 1 0 1 0 0 0 0 1 0 1 0 0 0 0 0
240	17	1 0 1 1 0 0 0 0 1 0 1 1 0 0 0 0
240	18	1 1 1 0 0 0 1 0 1 0 1 1 0 0 0 0
240	16	1 0 1 1 0 0 0 0 1 0 1 0 0 0 1 0
240	12	1 0 1 0 0 0 0 0 0 1 1 0 1 0 0 0
240	8	1 1 0 1 1 0 0 0 1 0 1 0 0 0 0 0
240	1	1 0 1 0 0 0 0 0 0 0 1 0 0 0 1 0
240	23	1 1 1 0 0 0 0 0 1 0 0 1 0 0 0 0
240	15	1 1 1 0 0 0 0 0 0 0 1 0 1 0 0 0
240	8	1 1 0 1 0 0 0 0 1 0 0 1 0 0 1 0
240	1	1 1 0 1 0 0 0 1 1 0 1 0 0 0 0 0
240	13	1 1 0 1 1 1 0 1 1 0 0 0 0 0 0 0
240	11	1 1 1 0 0 0 0 0 0 1 1 0 1 0 0 0
240	3	1 1 1 1 0 0 0 0 1 0 0 0 0 0 1 0
240	1	1 1 1 1 1 1 0 1 1 0 0 0 0 1 1 0
240	1	1 1 0 1 0 1 0 0 1 0 1 1 0 0 0 0
240	4	1 1 1 0 0 0 0 0 1 0 0 1 0 0 1 0
240	7	1 0 1 0 0 0 0 0 0 0 1 0 0 0 0 0
240	1	1 1 0 0 0 0 1 1 1 0 1 0 0 0 1 0
240	2	1 0 1 1 0 0 0 0 1 0 0 0 0 0 1 0
240	28	1 1 1 1 0 0 0 0 1 0 1 0 0 0 0 0
240	2	0 0 1 1 0 0 0 0 1 0 1 1 0 0 0 0
240	13	1 1 0 1 1 0 0 0 1 1 0 1 0 0 1 0
240	14	1 1 0 1 1 1 0 0 1 0 1 1 0 0 0 0
240	10	1 1 1 1 0 0 0 0 1 0 1 1 0 0 0 0
240	1	1 1 0 1 0 1 1 0 1 0 0 0 0 0 1 0
240	10	1 0 1 1 0 0 0 0 1 1 0 1 0 1 0 0
240	14	1 1 0 1 0 0 0 0 0 0 1 0 1 1 0 0
240	4	1 1 0 1 0 0 0 0 0 1 1 0 1 0 0 0
240	9	1 1 0 1 1 1 0 0 1 0 0 0 0 1 0 1
240	4	1 0 1 1 0 0 1 1 1 0 0 0 0 0 1 0
240	1	1 0 0 0 0 0 1 1 1 0 0 0 0 0 1 0
240	2	1 1 0 1 0 0 0 0 1 0 1 0 1 0 0 0
240	39	1 0 1 1 0 1 0 0 1 0 1 1 0 0 0 0
240	6	1 0 1 0 0 0 0 0 0 0 1 0 1 0 1 0
240	5	1 1 1 1 1 1 0 0 0 0 1 1 0 0 0 0
240	10	1 1 0 1 0 1 0 1 1 0 0 0 0 0 0 0
240	14	1 1 0 0 0 0 0 0 1 1 0 0 1 0 1 1
240	6	1 1 1 0 0 0 1 0 1 0 1 0 1 0 0 0
240	9	1 0 0 0 0 0 0 0 1 0 1 0 0 0 1 0
240	5	1 1 0 1 0 0 1 0 1 0 0 0 0 0 1 0
240	7	1 1 1 0 0 0 1 0 1 0 0 0 0 0 0 1
240	6	1 1 1 0 0 0 1 0 0 1 1 1 1 0 0 0
240	3	1 0 1 0 0 0 0 0 0 0 0 0 1 0 0 0
240	12	1 0 1 1 0 0 0 0 1 0 0 0 0 0 1 1
240	4	1 0 1 0 0 0 0 0 0 0 1 1 0 0 0 0
240	6	1 1 0 1 0 0 0 0 1 1 1 1 0 0 0 0
240	5	1 1 0 1 1 1 0 1 1 0 1 0 0 0 0 0
240	15	1 1 1 1 0 1 0 0 1 0 0 0 0 0 1 0
240	12	1 1 0 1 0 0 0 0 0 0 0 0 0 0 1 1
240	10	1 1 0 1 0 0 0 1 1 0 0 0 0 0 0 0
240	1	1 1 0 1 1 1 1 1 1 0 1 0 0 0 1 0
240	9	1 1 1 1 0 0 0 0 1 0 0 0 0 1 0 1
240	2	1 1 0 1 0 0 0 0 1 0 0 1 0 1 0 0
240	2	1 0 1 1 0 0 0 0 0 0 1 0 1 0 0 0
240	6	1 0 1 1 0 1 0 0 1 1 1 1 0 0 0 0
240	2	1 1 0 1 1 0 0 0 1 0 0 1 0 0 0 0
240	17	1 1 0 1 1 0 0 0 1 0 0 1 0 0 1 0
240	3	1 1 0 1 1 1 0 0 0 0 0 0 0 0 1 0
240	2	1 0 0 0 0 0 0 0 1 0 0 0 0 0 1 0
240	9	1 1 1 1 0 0 0 0 1 0 0 0 0 0 0 0
240	8	1 0 0 0 0 0 0 0 1 0 1 0 1 0 0 0
240	2	1 1 1 0 0 0 0 0 0 0 1 0 0 0 1 0
240	4	1 1 0 1 1 1 0 0 1 0 1 0 0 1 0 1
240	4	1 0 1 1 0 0 0 1 1 0 0 0 0 0 1 0
240	1	0 1 1 1 0 0 0 0 1 0 1 0 0 0 0 0
240	12	1 0 1 1 0 0 1 0 1 0 1 1 0 0 0 0
240	8	1 1 1 1 1 0 0 0 1 1 0 0 0 0 0 0
240	8	1 1 1 0 0 0 1 0 1 1 1 1 0 0 0 0
240	2	1 0 1 1 1 0 0 0 1 0 0 0 0 0 0 0
240	2	1 1 0 1 1 0 0 0 1 0 1 0 0 0 1 0
240	2	1 1 1 1 0 1 0 0 1 0 1 1 0 0 0 0
240	1	1 0 1 1 0 0 0 0 1 0 0 1 0 0 1 0
240	2	1 0 0 1 1 1 1 1 1 1 0 0 0 1 0 0
240	4	1 0 1 1 0 0 0 0 1 0 1 1 0 0 1 0
240	2	1 1 0 1 0 1 0 0 1 0 0 0 0 1 0 1
240	6	1 1 0 1 0 0 0 0 0 0 1 0 1 0 0 0
240	2	1 1 1 1 1 1 0 0 1 0 0 0 0 0 1 0
240	3	1 0 0 1 1 1 1 1 1 1 0 0 1 0 0 0
240	2	1 0 1 1 0 0 0 0 1 0 1 1 0 1 0 0
240	2	1 1 0 1 1 1 0 0 1 0 0 0 0 0 0 1
240	2	1 1 1 0 1 1 0 0 0 0 1 1 0 0 0 0
240	2	1 0 0 0 0 0 0 0 1 1 0 0 1 0 1 1
240	1	1 1 1 0 0 0 0 0 1 1 0 1 0 0 0 0
240	2	1 1 0 1 0 0 0 0 0 0 0 0 1 0 0 0
240	1	1 1 1 0 0 0 0 0 1 0 1 1 0 0 0 0
240	1	1 1 0 1 1 0 0 0 1 0 0 1 0 0 0 1
240	3	0 1 0 1 0 0 0 0 1 0 0 1 0 0 0 0
240	3	1 1 1 0 0 0 1 0 0 0 1 1 0 0 0 0
240	1	1 0 0 1 0 0 0 0 0 0 1 0 1 1 0 0
240	1	1 1 0 1 1 1 0 1 1 0 0 0 0 1 0 1
240	2	1 0 1 1 0 1 0 0 1 1 1 1 0 0 1 0
240	2	1 1 0 1 1 0 0 0 1 0 1 1 0 0 1 0
240	1	0 1 0 1 1 1 0 1 1 0 0 0 0 1 1 0
250	44	1 0 0 0 0 0 0 0 1 0 1 0 0 0 0 0
250	26	1 1 0 1 0 0 0 0 1 0 0 0 0 0 1 0
250	90	1 1 0 1 0 0 0 0 1 0 0 1 0 0 0 0
250	4	1 1 0 1 1 0 0 0 1 0 0 0 0 0 0 1
250	14	1 1 1 0 0 0 0 0 1 1 0 0 1 0 1 0
250	8	1 1 0 0 0 0 1 1 1 0 0 0 0 0 1 0
250	22	1 1 1 1 1 1 0 1 1 0 0 0 0 1 0 0
250	9	1 0 1 0 0 0 0 0 0 0 1 0 1 0 0 0
250	8	1 1 0 1 0 0 0 0 1 0 0 1 0 0 0 1
250	5	1 1 0 1 0 0 0 0 1 0 1 0 0 0 1 0
250	42	1 1 1 0 0 0 0 0 1 0 0 0 0 0 1 0
250	36	1 1 1 1 0 0 0 0 1 0 0 0 0 0 1 1
250	5	1 1 0 1 0 0 0 0 0 0 0 0 0 0 1 0
250	22	1 1 0 1 0 0 0 0 1 0 1 0 0 0 0 0
250	26	1 0 1 1 0 0 0 0 1 0 1 1 0 0 0 0
250	36	1 1 1 0 0 0 1 0 1 0 1 1 0 0 0 0
250	31	1 0 1 1 0 0 0 0 1 0 1 0 0 0 1 0
250	3	1 0 1 0 0 0 0 0 0 1 1 0 1 0 0 0
250	7	1 1 0 1 1 0 0 0 1 0 1 0 0 0 0 0
250	3	1 1 1 0 0 0 0 0 1 0 0 1 0 0 0 0
250	4	1 1 1 0 0 0 0 0 0 0 1 0 1 0 0 0
250	2	1 1 0 1 1 1 0 1 1 0 0 0 0 0 0 0
250	9	1 1 1 0 0 0 0 0 0 1 1 0 1 0 0 0
250	8	1 1 1 1 0 0 0 0 1 0 0 0 0 0 1 0
250	4	1 0 1 0 0 0 0 0 0 0 1 0 0 0 0 0
250	9	1 1 1 1 0 0 0 0 1 0 1 0 0 0 0 0
250	11	1 1 0 1 1 0 0 0 1 1 0 1 0 0 1 0
250	1	1 1 0 1 1 1 0 0 1 0 1 1 0 0 0 0
250	42	1 1 1 1 0 0 0 0 1 0 1 1 0 0 0 0
250	2	1 0 1 1 0 0 0 0 1 1 0 1 0 1 0 0
250	2	1 1 0 1 0 0 0 0 0 0 1 0 1 1 0 0
250	12	1 1 0 1 0 0 0 0 0 1 1 0 1 0 0 0
250	4	1 1 0 1 1 1 0 0 1 0 0 0 0 1 0 1
250	13	1 1 0 1 0 0 0 0 1 0 1 0 1 0 0 0
250	16	1 0 1 1 0 1 0 0 1 0 1 1 0 0 0 0
250	9	1 1 0 1 0 1 0 1 1 0 0 0 0 0 0 0
250	6	1 0 0 0 0 0 0 0 1 0 1 0 0 0 1 0
250	7	1 1 1 0 0 0 1 0 1 0 0 0 0 0 0 1
250	3	1 1 1 0 0 0 1 0 0 1 1 1 1 0 0 0
250	38	1 0 1 1 0 0 0 0 1 0 0 0 0 0 1 1
250	20	1 1 0 1 1 1 0 1 1 0 1 0 0 0 0 0
250	2	1 1 1 1 0 1 0 0 1 0 0 0 0 0 1 0
250	15	1 1 0 1 0 0 0 0 0 0 0 0 0 0 1 1
250	37	1 1 0 1 0 0 0 1 1 0 0 0 0 0 0 0
250	10	1 1 0 1 1 1 1 1 1 0 1 0 0 0 1 0
250	2	1 0 1 1 0 1 0 0 1 1 1 1 0 0 0 0
250	7	1 1 0 1 1 0 0 0 1 0 0 1 0 0 1 0
250	4	1 1 1 1 0 0 0 0 1 0 0 0 0 0 0 0
250	6	1 0 0 0 0 0 0 0 1 0 1 0 1 0 0 0
250	23	1 0 1 1 0 0 0 1 1 0 0 0 0 0 1 0
250	25	1 1 1 1 1 0 0 0 1 1 0 0 0 0 0 0
250	8	1 1 1 0 0 0 1 0 1 1 1 1 0 0 0 0
250	7	1 0 1 1 0 0 0 0 1 0 0 1 0 0 1 0
250	19	1 1 0 1 0 0 0 0 0 0 1 0 1 0 0 0
250	5	1 1 1 0 1 1 0 0 0 0 1 1 0 0 0 0
250	3	1 0 0 0 0 0 0 0 1 1 0 0 1 0 1 1
250	1	1 1 1 0 0 0 0 0 1 1 0 1 0 0 0 0
250	13	1 1 1 0 0 0 0 0 1 0 1 1 0 0 0 0
250	1	1 1 0 1 1 0 0 0 1 0 1 1 0 0 1 0
250	14	1 1 1 0 0 0 1 0 1 0 0 0 0 0 0 0
250	6	1 1 1 0 0 0 0 0 1 0 1 1 0 0 1 0
250	3	1 1 1 0 0 0 1 0 1 0 0 0 0 0 1 0
250	2	1 1 1 1 0 0 0 0 0 0 0 0 0 0 1 1
250	6	1 1 1 1 0 0 0 0 1 0 1 0 0 0 1 0
250	2	1 1 1 1 0 0 0 0 1 1 1 1 0 0 0 0
250	1	1 0 1 1 0 1 0 0 1 0 1 1 0 0 1 0
250	6	1 0 0 1 0 0 0 1 1 0 0 0 0 0 0 0
250	1	1 1 1 1 0 0 1 0 1 0 1 1 0 0 0 0
250	7	1 1 0 0 1 0 1 1 1 0 0 0 0 0 1 0
250	14	1 1 1 1 0 0 0 0 0 0 0 0 0 0 1 0
250	3	1 1 0 1 1 0 0 0 1 1 0 1 1 0 1 0
250	1	1 0 1 1 0 0 0 0 1 0 0 0 0 0 0 1
250	1	1 1 0 1 0 0 0 1 1 0 0 1 0 0 0 1
250	2	1 0 0 1 1 1 0 0 0 0 0 0 0 0 1 0
250	12	1 1 0 1 0 0 0 0 1 0 0 0 0 0 1 1
250	2	1 0 1 1 0 0 0 0 1 0 0 1 0 0 0 0
250	3	1 0 1 1 0 1 1 1 1 0 1 0 0 0 1 0
250	4	1 1 1 0 0 0 1 1 1 0 0 0 0 0 0 0
250	3	1 1 0 1 0 0 0 0 0 0 0 1 0 0 0 0
250	3	0 0 0 0 0 0 0 0 1 0 1 0 0 0 0 0
250	1	1 0 1 1 1 0 0 0 1 1 0 0 0 0 0 0
250	2	1 1 0 1 0 1 0 1 1 0 1 0 0 0 0 0
250	1	1 1 0 0 0 0 0 0 1 0 1 1 0 0 0 0
250	3	1 1 1 0 1 0 0 0 0 1 1 0 1 0 0 0
250	6	1 1 1 1 0 0 0 0 1 0 1 1 0 0 0 1
250	5	1 1 1 1 0 0 1 0 1 0 1 0 0 0 1 0
250	5	1 1 0 1 0 0 0 0 1 0 0 1 0 0 1 1
250	4	1 0 1 1 0 0 0 0 1 0 0 0 0 0 1 0
250	1	1 1 0 1 1 1 0 1 1 0 0 1 0 0 0 0
250	2	1 0 1 1 0 1 0 0 1 0 0 0 0 0 1 0
250	3	1 0 1 1 0 0 0 1 1 0 0 0 0 0 0 0
250	5	1 1 1 1 0 0 1 0 1 0 0 0 0 0 1 1
250	2	1 1 1 1 0 0 0 0 0 0 1 0 1 0 0 0
250	1	1 0 1 1 0 0 0 1 1 1 0 0 0 0 1 0
250	2	1 1 1 1 1 0 0 0 1 1 0 1 0 0 1 0
250	4	1 1 1 0 0 0 0 0 1 0 1 0 0 0 1 0
250	1	1 0 1 1 0 0 0 0 1 0 1 0 0 0 1 1
250	3	1 1 0 1 1 0 0 0 1 0 1 1 0 0 0 0
250	2	1 1 1 1 0 1 0 0 1 1 1 1 0 0 0 0
260	31	1 0 0 0 0 0 0 0 1 0 1 0 0 0 0 0
260	25	1 1 0 1 0 0 0 0 1 0 0 0 0 0 1 0
260	53	1 1 0 1 0 0 0 0 1 0 0 1 0 0 0 0
260	2	1 1 1 0 0 0 0 0 1 1 0 0 1 0 1 0
260	1	1 1 0 0 0 0 1 1 1 0 0 0 0 0 1 0
260	7	1 1 1 1 1 1 0 1 1 0 0 0 0 1 0 0
260	16	1 0 1 0 0 0 0 0 0 0 1 0 1 0 0 0
260	13	1 1 0 1 0 0 0 0 1 0 0 1 0 0 0 1
260	32	1 1 1 0 0 0 0 0 1 0 0 0 0 0 1 0
260	30	1 1 1 1 0 0 0 0 1 0 0 0 0 0 1 1
260	13	1 1 0 1 0 0 0 0 0 0 0 0 0 0 1 0
260	58	1 1 0 1 0 0 0 0 1 0 1 0 0 0 0 0
260	10	1 0 1 1 0 0 0 0 1 0 1 1 0 0 0 0
260	26	1 1 1 0 0 0 1 0 1 0 1 1 0 0 0 0
260	12	1 0 1 1 0 0 0 0 1 0 1 0 0 0 1 0
260	7	1 1 0 1 1 1 0 1 1 0 0 0 0 0 0 0
260	1	1 1 1 0 0 0 0 0 0 1 1 0 1 0 0 0
260	5	1 1 1 1 0 0 0 0 1 0 0 0 0 0 1 0
260	11	1 1 1 1 0 0 0 0 1 0 1 0 0 0 0 0
260	9	1 1 0 1 1 0 0 0 1 1 0 1 0 0 1 0
260	45	1 1 1 1 0 0 0 0 1 0 1 1 0 0 0 0
260	34	1 1 0 1 0 0 0 0 0 1 1 0 1 0 0 0
260	5	1 1 0 1 1 1 0 0 1 0 0 0 0 1 0 1
260	4	1 1 0 1 0 0 0 0 1 0 1 0 1 0 0 0
260	26	1 0 1 1 0 1 0 0 1 0 1 1 0 0 0 0
260	4	1 0 0 0 0 0 0 0 1 0 1 0 0 0 1 0
260	2	1 1 1 0 0 0 1 0 1 0 0 0 0 0 0 1
260	2	1 1 1 0 0 0 1 0 0 1 1 1 1 0 0 0
260	28	1 0 1 1 0 0 0 0 1 0 0 0 0 0 1 1
260	4	1 1 0 1 1 1 0 1 1 0 1 0 0 0 0 0
260	13	1 1 0 1 0 0 0 0 0 0 0 0 0 0 1 1
260	45	1 1 0 1 0 0 0 1 1 0 0 0 0 0 0 0
260	12	1 1 0 1 1 1 1 1 1 0 1 0 0 0 1 0
260	5	1 1 0 1 1 0 0 0 1 0 0 1 0 0 1 0
260	2	1 1 1 1 0 0 0 0 1 0 0 0 0 0 0 0
260	18	1 0 1 1 0 0 0 1 1 0 0 0 0 0 1 0
260	29	1 1 1 1 1 0 0 0 1 1 0 0 0 0 0 0
260	7	1 1 1 0 0 0 1 0 1 1 1 1 0 0 0 0
260	8	1 0 1 1 0 0 0 0 1 0 0 1 0 0 1 0
260	1	1 1 1 0 1 1 0 0 0 0 1 1 0 0 0 0
260	29	1 1 1 0 0 0 0 0 1 0 1 1 0 0 0 0
260	14	1 1 1 0 0 0 1 0 1 0 0 0 0 0 0 0
260	3	1 1 1 1 0 0 0 0 0 0 0 0 0 0 1 1
260	12	1 0 0 1 0 0 0 1 1 0 0 0 0 0 0 0
260	1	1 1 1 1 0 0 1 0 1 0 1 1 0 0 0 0
260	2	1 1 0 0 1 0 1 1 1 0 0 0 0 0 1 0
260	16	1 1 1 1 0 0 0 0 0 0 0 0 0 0 1 0
260	3	1 1 0 1 1 0 0 0 1 1 0 1 1 0 1 0
260	9	1 0 1 1 0 0 0 0 1 0 0 0 0 0 0 1
260	14	1 1 0 1 0 0 0 1 1 0 0 1 0 0 0 1
260	27	1 1 0 1 0 0 0 0 1 0 0 0 0 0 1 1
260	5	1 0 1 1 0 1 1 1 1 0 1 0 0 0 1 0
260	1	1 1 1 0 0 0 1 1 1 0 0 0 0 0 0 0
260	3	1 1 0 1 0 1 0 1 1 0 1 0 0 0 0 0
260	25	1 0 1 1 0 0 0 0 1 0 0 0 0 0 1 0
260	3	1 0 1 1 0 1 0 0 1 0 0 0 0 0 1 0
260	5	1 1 0 1 1 0 0 0 1 0 1 1 0 0 0 0
260	9	1 1 0 1 1 0 0 0 1 0 0 1 0 0 0 0
260	4	1 1 0 1 0 0 0 0 1 0 0 1 1 0 0 0
260	15	1 1 1 1 0 0 1 0 1 0 0 0 0 0 0 0
260	1	1 1 1 0 0 0 0 0 1 0 1 0 0 0 0 0
260	9	1 0 1 1 0 0 0 0 1 0 0 0 0 0 0 0
260	2	1 0 1 1 0 0 0 0 1 1 1 1 0 0 0 0
260	10	1 1 0 1 0 0 0 0 1 0 1 1 0 0 0 0
260	3	1 0 0 0 0 1 0 0 1 0 1 0 0 0 0 0
260	4	0 0 1 1 0 0 0 0 1 0 1 1 0 0 0 0
260	8	1 1 0 0 0 0 0 0 0 1 1 0 1 0 0 0
260	5	1 1 1 0 0 0 1 0 0 0 0 0 0 0 0 0
260	5	1 0 1 1 0 0 0 1 1 0 1 0 0 0 0 0
260	4	1 1 1 0 0 0 0 0 1 0 1 0 0 0 1 0
260	2	0 0 1 1 0 0 0 0 1 0 0 0 0 0 1 1
260	3	1 1 1 1 0 0 0 0 1 1 0 0 0 0 0 0
260	1	1 1 0 1 0 0 0 0 0 0 0 1 0 0 0 0
260	2	1 0 0 1 0 0 0 0 1 0 0 0 0 0 1 0
260	2	1 1 1 0 1 0 1 0 1 1 1 1 0 0 0 0
260	2	1 1 1 1 0 0 0 0 1 0 0 1 1 0 0 0
260	1	1 1 0 1 0 0 0 0 1 0 0 0 0 0 0 0
260	3	1 0 1 1 0 1 0 0 1 0 0 0 0 0 1 1
260	1	1 1 1 0 0 0 0 1 1 0 0 0 0 0 1 0
260	6	1 0 1 1 0 0 0 1 1 0 1 1 0 0 0 0
260	4	1 1 1 1 0 0 1 0 1 0 0 0 0 0 1 0
260	7	1 1 0 1 0 0 0 0 1 1 0 0 0 0 1 1
260	1	1 1 0 1 0 0 1 0 1 0 0 0 0 0 1 1
260	2	1 1 1 1 1 0 0 0 1 1 0 0 0 0 1 1
260	2	1 1 0 1 0 0 0 0 1 1 0 0 0 0 1 0
260	4	1 1 1 1 0 0 0 0 1 0 0 1 0 0 1 1
260	1	1 1 1 1 0 0 0 0 1 1 0 0 0 0 1 0
260	2	1 1 0 1 0 0 0 0 0 0 1 0 1 0 0 1
260	2	1 1 0 1 0 0 0 0 1 0 1 0 0 0 1 1
260	1	1 1 1 0 0 0 0 0 1 0 0 0 0 1 1 0
260	2	1 0 1 0 0 0 0 0 0 1 1 0 0 0 0 0
260	3	1 1 1 1 0 0 0 1 1 0 0 0 0 0 0 0
260	2	1 0 1 1 0 1 1 1 1 0 1 0 0 0 0 0
260	2	0 1 0 1 0 0 0 1 1 0 1 0 1 0 0 0
260	2	1 0 1 1 0 0 0 0 1 0 0 1 0 0 0 0
260	1	1 0 1 1 0 0 0 0 1 0 1 0 0 0 0 0
260	2	1 1 0 1 1 0 0 0 1 0 0 0 0 0 0 0
260	2	1 1 1 1 0 0 0 0 0 0 0 0 0 0 0 0
260	1	1 0 1 1 0 0 0 0 1 0 1 1 0 0 1 0
260	2	0 1 1 1 0 0 0 0 1 0 0 0 0 0 1 0
260	4	1 0 1 1 0 0 0 1 1 0 0 0 0 0 1 1
260	2	1 0 1 0 0 0 0 0 1 0 0 0 0 0 1 1
260	4	1 1 0 1 0 0 0 1 1 0 1 0 0 0 0 0
260	1	1 1 1 1 1 0 0 0 1 1 0 0 0 0 0 1
260	2	1 1 1 1 0 0 0 0 1 0 0 1 0 0 0 0
260	1	1 1 0 1 1 1 0 0 1 0 0 1 0 0 0 0
260	2	1 1 1 1 0 0 0 1 1 0 1 0 0 0 0 0
260	1	1 1 1 1 0 0 1 0 0 0 0 0 0 0 1 0
260	1	1 0 0 1 0 0 0 0 1 0 0 0 0 0 1 1
260	2	1 1 1 1 1 0 0 0 1 0 0 0 0 0 1 0
260	1	1 1 1 0 0 0 0 0 1 0 0 0 0 0 1 1
260	1	1 1 1 1 0 0 0 0 1 0 1 0 0 0 1 0
260	1	1 1 1 1 0 1 0 0 1 0 0 0 0 0 1 0
260	1	1 0 1 1 0 1 1 1 1 0 1 0 0 0 1 1
260	1	0 1 1 1 0 0 0 0 1 1 0 0 0 0 1 0
270	16	1 0 0 0 0 0 0 0 1 0 1 0 0 0 0 0
270	23	1 1 0 1 0 0 0 0 1 0 0 0 0 0 1 0
270	78	1 1 0 1 0 0 0 0 1 0 0 1 0 0 0 0
270	10	1 1 1 0 0 0 0 0 1 1 0 0 1 0 1 0
270	2	1 1 1 1 1 1 0 1 1 0 0 0 0 1 0 0
270	1	1 0 1 0 0 0 0 0 0 0 1 0 1 0 0 0
270	23	1 1 0 1 0 0 0 0 1 0 0 1 0 0 0 1
270	37	1 1 1 0 0 0 0 0 1 0 0 0 0 0 1 0
270	24	1 1 1 1 0 0 0 0 1 0 0 0 0 0 1 1
270	2	1 1 0 1 0 0 0 0 0 0 0 0 0 0 1 0
270	32	1 1 0 1 0 0 0 0 1 0 1 0 0 0 0 0
270	10	1 0 1 1 0 0 0 0 1 0 1 1 0 0 0 0
270	29	1 1 1 0 0 0 1 0 1 0 1 1 0 0 0 0
270	3	1 0 1 1 0 0 0 0 1 0 1 0 0 0 1 0
270	20	1 1 0 1 1 1 0 1 1 0 0 0 0 0 0 0
270	8	1 1 0 1 1 0 0 0 1 1 0 1 0 0 1 0
270	32	1 1 1 1 0 0 0 0 1 0 1 1 0 0 0 0
270	33	1 1 0 1 0 0 0 0 0 1 1 0 1 0 0 0
270	10	1 1 0 1 1 1 0 0 1 0 0 0 0 1 0 1
270	7	1 1 0 1 0 0 0 0 1 0 1 0 1 0 0 0
270	8	1 0 1 1 0 1 0 0 1 0 1 1 0 0 0 0
270	20	1 1 1 0 0 0 1 0 1 0 0 0 0 0 0 1
270	14	1 0 1 1 0 0 0 0 1 0 0 0 0 0 1 1
270	6	1 1 0 1 1 1 0 1 1 0 1 0 0 0 0 0
270	49	1 1 0 1 0 0 0 0 0 0 0 0 0 0 1 1
270	43	1 1 0 1 0 0 0 1 1 0 0 0 0 0 0 0
270	6	1 0 1 1 0 0 0 1 1 0 0 0 0 0 1 0
270	5	1 1 1 0 0 0 1 0 1 1 1 1 0 0 0 0
270	17	1 0 1 1 0 0 0 0 1 0 0 1 0 0 1 0
270	17	1 1 1 0 0 0 0 0 1 0 1 1 0 0 0 0
270	3	1 1 1 0 0 0 1 0 1 0 0 0 0 0 0 0
270	3	1 1 1 1 0 0 0 0 0 0 0 0 0 0 1 1
270	7	1 0 0 1 0 0 0 1 1 0 0 0 0 0 0 0
270	27	1 1 1 1 0 0 0 0 0 0 0 0 0 0 1 0
270	4	1 1 0 1 0 0 0 1 1 0 0 1 0 0 0 1
270	10	1 1 0 1 0 0 0 0 1 0 0 0 0 0 1 1
270	3	1 0 1 1 0 1 1 1 1 0 1 0 0 0 1 0
270	13	1 0 1 1 0 0 0 0 1 0 0 0 0 0 1 0
270	2	1 0 1 1 0 1 0 0 1 0 0 0 0 0 1 0
270	10	1 1 0 1 1 0 0 0 1 0 0 1 0 0 0 0
270	16	1 1 1 1 0 0 1 0 1 0 0 0 0 0 0 0
270	17	1 0 1 1 0 0 0 0 1 0 0 0 0 0 0 0
270	4	1 1 0 1 0 0 0 0 1 0 1 1 0 0 0 0
270	5	1 1 0 0 0 0 0 0 0 1 1 0 1 0 0 0
270	4	1 1 1 0 0 0 1 0 0 0 0 0 0 0 0 0
270	5	1 0 1 1 0 0 0 1 1 0 1 0 0 0 0 0
270	19	1 1 1 0 0 0 0 0 1 0 1 0 0 0 1 0
270	11	1 1 1 1 0 0 0 0 1 1 0 0 0 0 0 0
270	7	1 0 0 1 0 0 0 0 1 0 0 0 0 0 1 0
270	8	1 0 1 1 0 1 0 0 1 0 0 0 0 0 1 1
270	24	1 0 1 1 0 0 0 1 1 0 1 1 0 0 0 0
270	2	1 1 0 1 1 0 0 0 1 0 0 0 0 0 0 0
270	14	1 1 0 1 0 0 0 1 1 0 1 0 0 0 0 0
270	3	1 1 1 1 0 0 0 0 1 0 0 1 0 0 0 0
270	6	1 1 0 1 0 0 0 0 0 0 0 0 0 0 0 0
270	3	1 0 0 0 0 0 0 0 1 0 1 0 0 0 0 1
270	14	1 1 1 0 0 0 1 1 1 1 1 1 0 0 0 0
270	4	1 1 1 0 0 0 1 0 0 1 1 1 0 0 0 0
270	2	1 1 0 1 0 0 0 1 1 0 0 0 1 0 0 0
270	1	1 0 1 1 0 1 0 0 1 1 1 1 0 0 0 0
270	2	1 0 0 1 0 0 1 1 1 0 0 0 0 0 0 0
270	9	1 0 0 1 0 1 0 0 1 0 1 1 0 0 0 0
270	14	1 1 0 0 0 0 0 1 1 0 0 0 0 0 0 0
270	2	0 1 1 1 0 0 1 0 1 0 0 0 0 0 0 0
270	3	1 0 1 1 0 1 0 1 1 0 1 1 0 0 0 0
270	10	1 1 0 1 0 0 0 0 1 1 0 0 0 0 0 0
270	7	1 1 0 1 0 0 0 1 1 0 0 0 0 0 1 0
270	5	1 1 1 0 0 1 1 0 1 0 1 1 0 0 0 0
270	2	1 1 0 1 1 1 0 0 1 0 0 0 0 0 0 1
270	13	1 1 0 0 0 0 1 0 1 0 0 0 0 0 0 0
270	2	1 1 0 1 1 0 0 0 1 0 0 0 0 0 1 0
270	2	1 0 1 1 0 0 0 0 1 0 0 0 1 0 0 0
270	11	1 1 1 1 0 0 0 0 1 0 0 0 0 1 0 0
270	3	1 1 0 1 1 1 0 0 1 0 0 0 0 0 0 0
270	3	1 1 0 1 0 0 1 1 1 0 0 1 0 0 0 1
270	3	1 1 0 1 1 1 0 1 1 0 0 0 0 0 1 0
270	2	1 0 1 1 0 1 0 0 1 0 1 1 0 0 0 1
270	1	1 1 1 0 0 0 0 1 1 0 1 1 0 0 0 0
270	2	1 0 1 1 0 0 1 1 1 0 0 1 0 0 0 1
270	3	0 1 0 1 0 0 0 0 1 0 0 1 0 0 0 0
270	1	1 1 0 1 0 0 0 0 1 0 0 1 0 1 0 0
270	5	1 1 0 1 0 1 0 0 0 1 1 0 1 0 0 0
270	3	1 0 0 0 0 0 0 0 0 0 0 0 0 0 1 1
270	2	1 1 1 0 0 0 1 0 1 0 0 0 0 0 1 0
270	5	1 1 0 1 0 0 0 0 1 0 0 1 0 0 1 0
270	7	1 1 1 0 1 0 1 0 1 0 1 1 0 0 0 0
270	1	1 0 0 1 1 0 0 0 1 1 0 1 0 0 1 0
270	3	1 1 1 1 0 0 0 1 1 0 0 1 0 0 0 1
270	4	1 0 1 1 0 0 1 1 1 0 1 0 0 0 1 0
270	2	1 1 0 1 1 0 0 0 1 0 1 1 0 0 0 0
270	2	1 1 1 1 0 0 1 0 1 0 0 0 0 0 0 1
270	1	1 1 1 1 0 0 0 0 1 0 0 1 1 0 0 0
270	2	1 1 1 0 0 0 0 0 0 0 1 0 0 0 1 0
270	1	1 1 1 1 0 0 0 0 1 0 0 0 0 0 0 1
270	1	1 0 1 1 1 1 0 1 1 0 0 0 0 0 0 0
270	2	1 1 0 1 0 0 0 0 1 1 0 1 0 0 1 0
270	1	1 1 1 1 0 0 0 0 1 0 0 0 0 0 1 0
270	1	1 1 0 1 0 0 0 1 1 0 0 0 0 0 1 1
270	2	1 0 1 1 0 0 1 1 1 0 1 0 0 0 1 1
270	3	1 1 0 0 0 0 0 0 1 0 0 0 0 0 1 0
270	3	1 1 0 1 0 0 0 0 0 1 0 0 0 0 1 0
270	1	1 1 0 1 1 0 0 0 0 1 0 1 0 0 1 0
270	2	0 1 0 1 0 0 0 0 0 0 0 0 0 0 1 1
270	1	1 1 0 1 0 0 0 0 0 0 0 0 0 1 1 1
270	2	1 1 0 1 0 0 1 1 1 0 0 0 0 0 0 0
270	3	1 1 1 0 0 0 1 1 0 1 1 1 0 0 0 0
270	2	1 1 0 1 0 0 1 0 1 1 0 0 0 0 0 0
270	1	1 1 0 0 0 0 1 0 1 0 0 0 0 0 0 1
270	1	1 0 1 1 1 0 0 0 1 0 0 0 1 0 0 0
280	27	1 1 0 1 0 0 0 0 1 0 0 0 0 0 1 0
280	43	1 1 0 1 0 0 0 0 1 0 0 1 0 0 0 0
280	17	1 1 1 0 0 0 0 0 1 1 0 0 1 0 1 0
280	13	1 1 0 1 0 0 0 0 1 0 0 1 0 0 0 1
280	7	1 1 1 0 0 0 0 0 1 0 0 0 0 0 1 0
280	21	1 1 1 1 0 0 0 0 1 0 0 0 0 0 1 1
280	71	1 1 0 1 0 0 0 0 1 0 1 0 0 0 0 0
280	11	1 0 1 1 0 0 0 0 1 0 1 1 0 0 0 0
280	33	1 1 1 0 0 0 1 0 1 0 1 1 0 0 0 0
280	46	1 1 0 1 1 1 0 1 1 0 0 0 0 0 0 0
280	3	1 1 0 1 1 0 0 0 1 1 0 1 0 0 1 0
280	13	1 1 1 1 0 0 0 0 1 0 1 1 0 0 0 0
280	52	1 1 0 1 0 0 0 0 0 1 1 0 1 0 0 0
280	1	1 1 0 1 1 1 0 0 1 0 0 0 0 1 0 1
280	10	1 1 0 1 0 0 0 0 1 0 1 0 1 0 0 0
280	15	1 0 1 1 0 1 0 0 1 0 1 1 0 0 0 0
280	6	1 1 1 0 0 0 1 0 1 0 0 0 0 0 0 1
280	18	1 0 1 1 0 0 0 0 1 0 0 0 0 0 1 1
280	8	1 1 0 1 1 1 0 1 1 0 1 0 0 0 0 0
280	28	1 1 0 1 0 0 0 0 0 0 0 0 0 0 1 1
280	25	1 1 0 1 0 0 0 1 1 0 0 0 0 0 0 0
280	5	1 0 1 1 0 0 0 1 1 0 0 0 0 0 1 0
280	6	1 1 1 0 0 0 1 0 1 1 1 1 0 0 0 0
280	25	1 0 1 1 0 0 0 0 1 0 0 1 0 0 1 0
280	3	1 1 1 0 0 0 0 0 1 0 1 1 0 0 0 0
280	11	1 1 1 0 0 0 1 0 1 0 0 0 0 0 0 0
280	2	1 1 1 1 0 0 0 0 0 0 0 0 0 0 1 1
280	4	1 0 0 1 0 0 0 1 1 0 0 0 0 0 0 0
280	17	1 1 1 1 0 0 0 0 0 0 0 0 0 0 1 0
280	7	1 1 0 1 0 0 0 1 1 0 0 1 0 0 0 1
280	3	1 1 0 1 0 0 0 0 1 0 0 0 0 0 1 1
280	1	1 0 1 1 0 1 1 1 1 0 1 0 0 0 1 0
280	9	1 1 0 1 1 0 0 0 1 0 0 1 0 0 0 0
280	4	1 1 1 1 0 0 1 0 1 0 0 0 0 0 0 0
280	20	1 1 0 1 0 0 0 0 1 0 1 1 0 0 0 0
280	6	1 0 1 1 0 0 0 1 1 0 1 0 0 0 0 0
280	41	1 1 1 0 0 0 0 0 1 0 1 0 0 0 1 0
280	11	1 1 1 1 0 0 0 0 1 1 0 0 0 0 0 0
280	14	1 0 0 1 0 0 0 0 1 0 0 0 0 0 1 0
280	6	1 0 1 1 0 1 0 0 1 0 0 0 0 0 1 1
280	22	1 0 1 1 0 0 0 1 1 0 1 1 0 0 0 0
280	4	1 1 0 1 1 0 0 0 1 0 0 0 0 0 0 0
280	12	1 1 0 1 0 0 0 1 1 0 1 0 0 0 0 0
280	5	1 1 0 1 0 0 0 0 0 0 0 0 0 0 0 0
280	23	1 1 1 0 0 0 1 1 1 1 1 1 0 0 0 0
280	3	0 1 1 1 0 0 1 0 1 0 0 0 0 0 0 0
280	18	1 1 0 1 0 0 0 1 1 0 0 0 0 0 1 0
280	15	1 1 1 0 0 1 1 0 1 0 1 1 0 0 0 0
280	6	1 1 0 0 0 0 1 0 1 0 0 0 0 0 0 0
280	14	1 1 1 1 0 0 0 0 1 0 0 0 0 1 0 0
280	3	1 1 0 1 1 1 0 1 1 0 0 0 0 0 1 0
280	14	1 0 1 1 0 1 0 0 1 0 1 1 0 0 0 1
280	4	1 1 0 1 0 1 0 0 0 1 1 0 1 0 0 0
280	14	1 0 0 0 0 0 0 0 0 0 0 0 0 0 1 1
280	11	1 1 0 1 0 0 0 0 1 0 0 1 0 0 1 0
280	2	1 0 1 1 0 0 1 1 1 0 1 0 0 0 1 0
280	2	1 1 1 1 0 0 0 0 1 0 0 0 0 0 0 1
280	4	1 1 1 0 0 0 1 1 0 1 1 1 0 0 0 0
280	1	1 1 0 1 1 1 0 0 1 1 0 1 0 0 1 0
280	5	1 1 0 1 0 0 1 0 1 0 0 0 0 0 1 0
280	5	0 1 0 1 1 0 0 0 1 0 0 1 0 0 0 0
280	19	1 1 1 1 0 0 0 1 1 0 1 1 0 0 0 0
280	1	1 1 0 1 0 0 0 0 1 1 0 0 1 0 1 0
280	14	1 1 1 1 0 0 0 0 1 0 0 1 0 0 0 0
280	3	1 1 0 0 0 0 0 0 1 0 1 0 0 1 0 0
280	1	1 1 0 1 1 1 0 1 1 0 0 1 0 0 0 0
280	2	1 1 0 1 0 0 0 0 0 0 0 0 0 0 1 0
280	4	1 0 0 1 0 0 0 1 1 0 0 1 0 0 0 0
280	3	1 1 0 1 0 0 0 0 0 1 1 0 0 0 0 0
280	2	1 0 0 1 0 0 0 0 1 0 1 0 1 0 0 0
280	1	1 1 0 1 0 0 0 1 0 0 0 0 0 0 1 1
280	5	1 1 0 1 1 1 0 1 1 0 1 1 0 0 0 0
280	3	1 0 1 1 0 1 0 1 1 0 1 0 0 0 0 0
280	6	1 1 1 1 1 1 0 0 1 0 0 0 0 1 0 1
280	4	1 1 0 1 0 0 0 1 1 0 0 0 1 0 0 0
280	4	1 1 0 1 1 0 0 0 1 0 1 0 0 0 1 0
280	1	1 1 1 1 0 0 0 0 1 0 1 1 0 0 0 1
280	2	1 0 1 1 0 0 1 0 1 0 0 0 0 0 0 0
280	5	1 1 1 1 0 0 0 0 1 0 0 1 0 0 0 1
280	2	1 1 0 1 0 0 0 1 1 1 1 0 0 0 0 0
280	5	0 1 1 1 0 0 0 0 1 0 0 0 0 0 0 0
280	5	1 1 1 1 0 0 0 1 1 0 0 0 0 0 1 0
280	3	1 1 1 1 0 0 0 0 1 1 1 1 0 0 1 0
280	2	1 1 1 1 0 0 0 0 1 0 0 0 0 0 0 0
280	2	1 1 0 1 0 0 0 0 1 1 0 1 0 0 0 0
280	2	1 1 1 1 1 0 0 0 1 0 1 1 0 0 0 0
280	1	1 1 1 1 0 0 1 0 0 0 0 0 0 0 0 0
280	2	1 0 0 1 0 0 0 0 0 0 0 0 0 0 1 0
280	2	0 1 0 1 0 0 0 1 1 0 0 0 1 0 0 0
280	1	1 1 1 0 0 0 0 0 1 1 0 1 0 0 0 0
280	5	1 1 1 1 0 0 0 0 1 0 1 0 0 0 0 0
280	1	1 0 1 1 0 0 1 1 0 1 1 1 0 0 0 0
280	2	1 1 0 1 1 0 0 0 1 0 0 1 0 1 0 0
280	3	1 1 1 0 1 0 1 1 1 1 1 1 0 0 0 0
280	2	1 1 1 1 0 0 0 1 1 0 0 0 0 1 0 0
280	3	1 1 0 1 1 1 1 1 1 0 0 1 0 0 0 0
280	2	1 1 1 0 0 0 0 1 1 0 0 0 0 0 1 0
280	1	1 1 0 1 0 0 0 0 1 0 0 0 0 0 0 0
280	2	1 0 0 0 0 0 0 0 0 0 0 0 0 0 1 0
280	1	0 1 0 1 1 0 0 0 1 0 1 0 0 0 0 0
280	1	1 1 0 0 0 0 0 0 1 0 0 1 0 0 0 1
280	2	1 1 0 1 0 0 0 1 1 0 1 0 1 0 0 0
280	3	1 1 0 1 0 0 0 0 0 0 0 0 0 1 1 1
280	1	1 0 1 1 0 1 0 0 1 0 0 1 0 0 1 0
280	1	1 1 1 1 0 0 0 0 0 0 0 1 0 0 1 0
280	1	1 1 1 1 0 0 1 0 1 0 0 0 0 0 1 0
280	2	1 1 1 0 0 0 0 0 1 0 1 0 1 0 1 0
280	1	1 1 1 0 0 0 1 1 1 1 1 1 1 0 0 0
280	2	1 1 1 1 1 1 0 0 1 1 0 1 0 0 1 0
280	4	0 1 1 1 0 0 0 0 1 0 0 1 0 0 0 0
280	1	1 1 0 1 1 1 0 0 1 0 0 1 0 0 0 0
280	2	1 1 1 0 0 0 0 0 1 1 0 1 1 0 0 0
290	8	1 1 0 1 0 0 0 0 1 0 0 0 0 0 1 0
290	12	1 1 0 1 0 0 0 0 1 0 0 1 0 0 0 0
290	8	1 1 1 0 0 0 0 0 1 1 0 0 1 0 1 0
290	3	1 1 0 1 0 0 0 0 1 0 0 1 0 0 0 1
290	3	1 1 1 0 0 0 0 0 1 0 0 0 0 0 1 0
290	111	1 1 0 1 0 0 0 0 1 0 1 0 0 0 0 0
290	1	1 0 1 1 0 0 0 0 1 0 1 1 0 0 0 0
290	33	1 1 1 0 0 0 1 0 1 0 1 1 0 0 0 0
290	24	1 1 0 1 1 1 0 1 1 0 0 0 0 0 0 0
290	9	1 1 1 1 0 0 0 0 1 0 1 1 0 0 0 0
290	33	1 1 0 1 0 0 0 0 0 1 1 0 1 0 0 0
290	13	1 1 0 1 0 0 0 0 1 0 1 0 1 0 0 0
290	6	1 0 1 1 0 1 0 0 1 0 1 1 0 0 0 0
290	14	1 0 1 1 0 0 0 0 1 0 0 0 0 0 1 1
290	6	1 1 0 1 1 1 0 1 1 0 1 0 0 0 0 0
290	4	1 1 0 1 0 0 0 0 0 0 0 0 0 0 1 1
290	53	1 1 0 1 0 0 0 1 1 0 0 0 0 0 0 0
290	6	1 0 1 1 0 0 0 1 1 0 0 0 0 0 1 0
290	27	1 0 1 1 0 0 0 0 1 0 0 1 0 0 1 0
290	2	1 1 1 1 0 0 0 0 0 0 0 0 0 0 1 1
290	1	1 0 0 1 0 0 0 1 1 0 0 0 0 0 0 0
290	28	1 1 1 1 0 0 0 0 0 0 0 0 0 0 1 0
290	2	1 1 0 1 0 0 0 0 1 0 0 0 0 0 1 1
290	6	1 1 0 1 1 0 0 0 1 0 0 1 0 0 0 0
290	20	1 1 0 1 0 0 0 0 1 0 1 1 0 0 0 0
290	37	1 0 1 1 0 0 0 1 1 0 1 0 0 0 0 0
290	59	1 1 1 0 0 0 0 0 1 0 1 0 0 0 1 0
290	20	1 1 1 1 0 0 0 0 1 1 0 0 0 0 0 0
290	2	1 0 1 1 0 0 0 1 1 0 1 1 0 0 0 0
290	7	1 1 0 1 1 0 0 0 1 0 0 0 0 0 0 0
290	1	1 1 1 0 0 0 1 1 1 1 1 1 0 0 0 0
290	13	0 1 1 1 0 0 1 0 1 0 0 0 0 0 0 0
290	20	1 1 0 1 0 0 0 1 1 0 0 0 0 0 1 0
290	2	1 1 1 0 0 1 1 0 1 0 1 1 0 0 0 0
290	6	1 1 1 1 0 0 0 0 1 0 0 0 0 1 0 0
290	2	1 0 1 1 0 1 0 0 1 0 1 1 0 0 0 1
290	1	1 0 0 0 0 0 0 0 0 0 0 0 0 0 1 1
290	1	1 1 0 1 0 0 0 0 1 0 0 1 0 0 1 0
290	4	1 0 1 1 0 0 1 1 1 0 1 0 0 0 1 0
290	13	1 1 1 1 0 0 0 0 1 0 0 0 0 0 0 1
290	1	1 1 1 0 0 0 1 1 0 1 1 1 0 0 0 0
290	8	0 1 0 1 1 0 0 0 1 0 0 1 0 0 0 0
290	39	1 1 1 1 0 0 0 1 1 0 1 1 0 0 0 0
290	41	1 1 1 1 0 0 0 0 1 0 0 1 0 0 0 0
290	20	1 1 0 0 0 0 0 0 1 0 1 0 0 1 0 0
290	4	1 1 0 1 1 1 0 1 1 0 0 1 0 0 0 0
290	6	1 1 0 1 0 0 0 0 0 0 0 0 0 0 1 0
290	3	1 0 0 1 0 0 0 1 1 0 0 1 0 0 0 0
290	5	1 1 0 1 1 1 0 1 1 0 1 1 0 0 0 0
290	1	1 1 1 1 1 1 0 0 1 0 0 0 0 1 0 1
290	10	1 1 0 1 0 0 0 1 1 0 0 0 1 0 0 0
290	8	0 1 1 1 0 0 0 0 1 0 0 0 0 0 0 0
290	12	1 1 1 1 0 0 0 0 1 0 1 0 0 0 0 0
290	1	1 1 0 1 0 0 0 0 1 0 0 0 0 0 0 0
290	3	1 0 0 0 0 0 0 0 0 0 0 0 0 0 1 0
290	11	1 1 0 1 0 0 0 1 1 0 1 0 1 0 0 0
290	4	1 1 0 0 0 0 1 0 1 0 0 0 0 0 1 0
290	2	1 1 0 1 0 0 0 1 1 1 0 1 0 0 0 1
290	4	1 1 0 1 0 0 0 0 1 1 0 1 0 0 1 0
290	3	0 1 0 1 0 0 0 0 1 0 0 1 0 0 1 0
290	1	1 1 1 0 0 0 1 1 1 0 0 0 0 0 1 0
290	1	1 1 1 0 0 0 1 1 1 0 1 1 0 0 0 0
290	8	1 1 1 1 0 1 1 0 1 0 1 1 0 0 0 0
290	12	1 0 1 1 0 0 0 1 1 0 0 0 0 0 0 0
290	9	1 1 0 1 0 0 1 0 1 0 1 1 0 0 0 0
290	5	0 1 1 1 0 0 0 0 1 0 0 0 0 0 1 1
290	20	1 1 0 1 1 0 0 0 1 0 1 1 0 0 0 0
290	1	1 1 0 1 1 0 0 0 1 0 0 1 0 0 1 0
290	3	1 0 1 1 0 0 0 0 1 0 0 0 0 1 0 0
290	2	1 0 0 0 0 0 0 0 1 0 1 0 0 0 0 0
290	2	1 1 1 1 0 0 0 0 1 0 0 0 0 0 0 0
290	3	1 1 0 1 0 0 0 0 0 0 0 1 0 0 0 0
290	3	1 1 1 0 0 0 0 0 1 0 0 0 1 0 1 0
290	3	1 1 1 1 0 0 0 0 1 0 0 1 0 0 1 0
290	11	1 1 0 1 0 0 0 0 1 0 1 0 0 0 1 0
290	9	1 1 0 1 0 0 0 0 1 0 1 0 0 1 0 0
290	5	1 1 1 1 0 0 0 0 1 0 1 0 1 0 0 0
290	1	1 0 1 1 0 1 0 0 1 0 1 1 0 1 0 0
290	1	1 1 1 1 0 0 0 1 1 0 0 0 0 0 0 0
290	2	1 1 1 0 0 0 1 0 1 0 1 1 0 0 1 0
290	4	1 1 1 1 0 0 0 0 1 1 1 1 0 0 0 0
290	3	1 1 1 1 0 0 0 0 0 0 0 0 0 0 0 0
290	5	1 1 1 1 0 0 0 1 1 1 1 1 0 0 0 0
290	7	1 1 0 1 0 0 0 0 0 1 1 0 0 1 0 0
290	1	1 0 0 1 1 0 0 0 1 0 0 0 0 0 0 0
290	1	1 1 0 1 0 0 1 0 1 0 0 0 0 0 0 0
290	2	1 0 0 0 0 0 0 0 0 0 0 0 0 0 0 0
290	5	1 1 1 1 0 0 0 0 1 0 1 0 0 0 1 0
290	2	1 1 0 1 0 0 0 0 1 1 1 0 0 0 0 0
290	1	1 0 0 1 1 1 0 1 1 0 0 0 0 0 0 0
290	1	1 1 0 1 0 0 0 0 1 0 0 0 0 1 0 0
290	1	1 1 0 1 1 0 0 0 1 0 1 0 0 0 0 0
290	2	1 1 1 0 0 0 0 0 1 0 1 0 0 0 0 0
290	3	1 1 1 1 0 0 0 1 1 0 1 0 0 0 0 1
290	2	1 1 0 1 0 0 0 1 0 0 0 0 0 0 0 0
290	3	0 1 1 1 0 0 0 0 0 0 0 0 0 0 1 0
290	2	1 1 1 1 0 0 1 0 1 0 0 0 1 0 0 0
290	5	0 1 0 1 1 1 0 0 1 0 0 1 0 0 0 0
290	3	1 1 0 1 0 1 0 1 1 0 0 0 1 0 0 0
290	5	1 1 0 1 1 0 0 1 1 0 0 1 0 0 1 0
290	2	1 1 0 1 0 0 0 0 0 1 1 1 0 0 0 0
290	3	1 1 0 1 0 0 0 1 1 0 0 1 0 0 1 0
290	1	1 1 0 1 1 1 0 1 1 1 0 0 0 0 0 0
290	4	1 1 0 1 0 0 0 1 1 0 1 0 0 0 0 0
290	1	1 0 1 1 0 0 0 1 1 1 1 0 0 0 0 0
290	1	1 1 1 0 0 0 0 0 0 0 1 0 0 0 1 0
290	2	1 1 1 1 0 0 0 0 0 1 0 0 0 0 0 0
290	1	0 1 1 0 0 0 1 1 1 1 1 1 0 0 0 0
290	1	1 1 0 1 0 0 0 1 1 0 1 1 0 0 0 0
290	1	1 1 0 1 1 1 0 0 1 0 0 0 0 1 0 1
290	1	1 0 1 1 0 0 0 1 1 0 1 0 0 0 1 0
290	1	0 1 1 1 0 0 1 0 1 0 1 1 0 0 0 0
290	1	1 1 0 0 1 1 0 0 1 0 0 0 0 1 0 1
290	2	1 1 0 1 0 0 0 0 1 0 0 1 1 0 0 0
290	3	1 1 0 1 1 1 0 1 1 0 0 0 0 0 1 0
290	1	1 0 1 1 0 1 0 1 1 0 0 0 0 0 1 0
290	2	0 1 0 1 0 0 0 0 1 0 1 1 0 0 0 0
290	1	1 1 1 0 0 0 0 1 1 0 1 0 0 0 1 0
290	2	1 1 1 1 0 0 0 0 1 1 0 0 1 0 0 0
290	1	1 1 1 1 1 0 0 0 1 0 0 0 0 1 0 0
290	1	0 1 1 1 0 0 0 0 1 0 0 0 0 0 1 0
300	20	1 1 0 1 0 0 0 0 1 0 0 0 0 0 1 0
300	5	1 1 1 0 0 0 0 0 1 1 0 0 1 0 1 0
300	12	1 1 1 0 0 0 0 0 1 0 0 0 0 0 1 0
300	72	1 1 0 1 0 0 0 0 1 0 1 0 0 0 0 0
300	6	1 0 1 1 0 0 0 0 1 0 1 1 0 0 0 0
300	38	1 1 1 0 0 0 1 0 1 0 1 1 0 0 0 0
300	19	1 1 0 1 1 1 0 1 1 0 0 0 0 0 0 0
300	12	1 1 1 1 0 0 0 0 1 0 1 1 0 0 0 0
300	12	1 1 0 1 0 0 0 0 0 1 1 0 1 0 0 0
300	8	1 0 1 1 0 1 0 0 1 0 1 1 0 0 0 0
300	19	1 0 1 1 0 0 0 0 1 0 0 0 0 0 1 1
300	5	1 1 0 1 1 1 0 1 1 0 1 0 0 0 0 0
300	29	1 1 0 1 0 0 0 1 1 0 0 0 0 0 0 0
300	7	1 0 1 1 0 0 0 0 1 0 0 1 0 0 1 0
300	24	1 1 1 1 0 0 0 0 0 0 0 0 0 0 1 0
300	4	1 1 0 1 1 0 0 0 1 0 0 1 0 0 0 0
300	47	1 1 0 1 0 0 0 0 1 0 1 1 0 0 0 0
300	27	1 0 1 1 0 0 0 1 1 0 1 0 0 0 0 0
300	25	1 1 1 0 0 0 0 0 1 0 1 0 0 0 1 0
300	29	1 1 1 1 0 0 0 0 1 1 0 0 0 0 0 0
300	9	1 0 1 1 0 0 0 1 1 0 1 1 0 0 0 0
300	11	0 1 1 1 0 0 1 0 1 0 0 0 0 0 0 0
300	7	1 1 1 1 0 0 0 0 1 0 0 0 0 1 0 0
300	5	1 1 1 1 0 0 0 0 1 0 0 0 0 0 0 1
300	7	0 1 0 1 1 0 0 0 1 0 0 1 0 0 0 0
300	17	1 1 1 1 0 0 0 1 1 0 1 1 0 0 0 0
300	32	1 1 1 1 0 0 0 0 1 0 0 1 0 0 0 0
300	17	1 1 0 0 0 0 0 0 1 0 1 0 0 1 0 0
300	9	1 1 0 1 0 0 0 0 0 0 0 0 0 0 1 0
300	9	1 1 0 1 1 1 0 1 1 0 1 1 0 0 0 0
300	7	1 1 1 1 0 0 0 0 1 0 1 0 0 0 0 0
300	16	1 1 0 1 0 0 0 0 1 0 0 0 0 0 0 0
300	11	1 1 0 1 0 0 0 1 1 0 1 0 1 0 0 0
300	2	1 1 1 0 0 0 1 1 1 0 1 1 0 0 0 0
300	25	1 1 1 1 0 1 1 0 1 0 1 1 0 0 0 0
300	3	1 0 1 1 0 0 0 1 1 0 0 0 0 0 0 0
300	6	0 1 1 1 0 0 0 0 1 0 0 0 0 0 1 1
300	3	1 0 0 0 0 0 0 0 1 0 1 0 0 0 0 0
300	1	1 1 0 1 0 0 0 0 0 0 0 1 0 0 0 0
300	21	1 1 0 1 0 0 0 0 1 0 1 0 0 0 1 0
300	3	1 1 1 1 0 0 0 0 1 0 1 0 1 0 0 0
300	4	1 1 1 1 0 0 0 1 1 0 0 0 0 0 0 0
300	1	1 1 1 0 0 0 1 0 1 0 1 1 0 0 1 0
300	17	1 1 1 1 0 0 0 0 1 1 1 1 0 0 0 0
300	7	1 1 1 1 0 0 0 1 1 1 1 1 0 0 0 0
300	7	1 1 0 1 0 0 0 0 0 1 1 0 0 1 0 0
300	12	1 1 1 1 0 0 0 0 1 0 1 0 0 0 1 0
300	1	1 0 0 1 1 1 0 1 1 0 0 0 0 0 0 0
300	12	1 1 0 1 1 0 0 0 1 0 1 0 0 0 0 0
300	1	1 1 1 1 0 0 0 1 1 0 1 0 0 0 0 1
300	4	0 1 1 1 0 0 0 0 0 0 0 0 0 0 1 0
300	3	1 1 1 1 0 0 1 0 1 0 0 0 1 0 0 0
300	11	0 1 0 1 1 1 0 0 1 0 0 1 0 0 0 0
300	8	1 1 0 1 0 1 0 1 1 0 0 0 1 0 0 0
300	9	1 1 0 1 0 0 0 0 0 1 1 1 0 0 0 0
300	10	1 1 0 1 0 0 0 1 1 0 0 1 0 0 1 0
300	23	1 1 0 1 1 1 0 1 1 1 0 0 0 0 0 0
300	8	1 1 0 1 0 0 0 1 1 0 1 0 0 0 0 0
300	3	1 0 1 1 0 0 0 1 1 1 1 0 0 0 0 0
300	6	1 1 1 1 0 0 0 0 0 1 0 0 0 0 0 0
300	1	1 1 0 1 1 1 0 1 1 0 0 0 0 0 1 0
300	2	1 0 1 1 0 0 0 0 1 0 1 0 0 0 0 0
300	17	1 1 1 1 1 0 0 1 1 0 1 1 0 0 0 0
300	21	1 1 1 1 0 0 0 0 0 0 0 1 0 0 0 0
300	4	1 1 1 1 0 0 0 0 0 1 1 0 1 0 0 0
300	7	1 0 0 1 0 0 0 0 1 0 0 0 0 0 0 0
300	9	1 1 0 1 0 0 1 0 1 0 0 1 0 0 0 0
300	13	1 0 1 1 0 0 0 0 1 0 0 1 0 0 0 0
300	6	1 0 1 1 0 0 0 1 1 0 1 0 0 0 1 0
300	1	0 1 1 1 0 0 0 0 0 0 0 0 0 0 0 0
300	12	1 0 0 1 0 0 0 1 1 0 0 0 0 0 0 0
300	5	1 1 0 1 1 0 1 0 1 0 0 0 0 0 0 0
300	3	0 1 1 1 0 0 0 0 1 0 0 1 0 0 0 0
300	2	1 1 1 1 0 0 0 1 1 0 0 1 0 0 0 0
300	2	1 1 0 1 1 1 0 1 1 0 0 0 0 1 0 0
300	3	1 1 0 1 1 1 0 0 0 1 1 0 1 0 0 0
300	4	1 0 1 1 1 0 0 1 1 0 1 0 0 0 0 0
300	4	1 1 1 1 0 0 1 0 1 0 1 1 0 0 0 0
300	1	1 1 1 0 0 0 0 0 1 0 1 1 0 0 0 0
300	1	1 0 0 1 0 0 0 0 1 1 1 1 0 0 0 0
300	10	1 1 1 1 0 0 0 0 0 0 1 0 0 0 0 0
300	1	1 1 1 0 0 0 1 0 1 0 1 1 0 0 0 1
300	7	1 0 0 1 0 0 0 0 1 0 1 1 0 0 0 0
300	2	1 1 0 1 0 0 0 0 1 0 1 1 0 1 0 0
300	9	1 1 0 1 0 0 0 0 1 0 0 1 0 0 0 0
300	7	1 1 0 0 0 0 0 0 1 0 1 0 0 1 1 0
300	9	1 1 1 1 0 0 0 0 1 1 1 1 1 0 0 0
300	6	1 1 0 0 0 0 0 0 1 0 1 0 0 0 0 0
300	9	0 0 1 1 0 0 0 0 1 0 1 1 0 0 0 0
300	1	1 1 1 1 0 0 0 0 1 1 0 0 0 0 0 1
300	2	1 1 1 0 0 0 0 0 1 0 1 0 0 0 0 0
300	2	1 1 1 1 0 0 0 0 1 0 0 0 0 0 1 1
300	3	1 1 0 1 0 0 0 1 1 0 0 0 1 0 0 0
300	2	1 1 0 1 0 0 0 1 1 0 0 0 0 1 0 0
300	1	1 1 1 1 0 0 0 0 0 1 1 1 0 0 0 0
300	2	1 1 1 1 0 0 0 0 1 1 1 1 0 0 0 1
300	1	0 1 0 1 0 0 0 0 0 0 0 0 0 0 1 0
300	3	1 1 0 1 0 0 0 1 1 0 0 0 0 0 1 0
300	1	1 1 0 1 1 0 0 0 1 0 0 1 0 0 1 0
300	1	1 1 0 0 0 0 0 0 1 1 0 0 0 0 0 0
300	4	1 1 0 1 0 0 0 1 1 0 0 1 0 0 0 0
300	1	1 1 0 0 0 1 1 0 1 0 1 1 0 0 0 0
300	3	1 1 1 0 0 0 0 0 1 0 0 0 0 0 0 0
300	3	1 0 1 1 0 0 0 0 1 0 0 0 0 0 1 0
300	1	1 0 1 1 0 0 0 1 1 0 0 1 0 0 0 0
300	1	1 0 1 1 0 0 0 0 1 1 1 0 0 0 0 0
300	2	1 1 1 1 0 0 0 0 0 1 0 0 0 0 0 1
310	20	1 1 0 1 0 0 0 0 1 0 0 0 0 0 1 0
310	60	1 1 0 1 0 0 0 0 1 0 1 0 0 0 0 0
310	17	1 1 1 0 0 0 1 0 1 0 1 1 0 0 0 0
310	23	1 1 0 1 1 1 0 1 1 0 0 0 0 0 0 0
310	29	1 1 1 1 0 0 0 0 1 0 1 1 0 0 0 0
310	10	1 1 0 1 0 0 0 0 0 1 1 0 1 0 0 0
310	3	1 0 1 1 0 0 0 0 1 0 0 0 0 0 1 1
310	1	1 1 0 1 1 1 0 1 1 0 1 0 0 0 0 0
310	39	1 1 0 1 0 0 0 1 1 0 0 0 0 0 0 0
310	7	1 0 1 1 0 0 0 0 1 0 0 1 0 0 1 0
310	18	1 1 1 1 0 0 0 0 0 0 0 0 0 0 1 0
310	45	1 1 0 1 0 0 0 0 1 0 1 1 0 0 0 0
310	55	1 0 1 1 0 0 0 1 1 0 1 0 0 0 0 0
310	25	1 1 1 1 0 0 0 0 1 1 0 0 0 0 0 0
310	3	1 0 1 1 0 0 0 1 1 0 1 1 0 0 0 0
310	9	0 1 1 1 0 0 1 0 1 0 0 0 0 0 0 0
310	15	0 1 0 1 1 0 0 0 1 0 0 1 0 0 0 0
310	7	1 1 1 1 0 0 0 1 1 0 1 1 0 0 0 0
310	24	1 1 1 1 0 0 0 0 1 0 0 1 0 0 0 0
310	2	1 1 0 0 0 0 0 0 1 0 1 0 0 1 0 0
310	6	1 1 0 1 0 0 0 0 0 0 0 0 0 0 1 0
310	22	1 1 0 1 1 1 0 1 1 0 1 1 0 0 0 0
310	12	1 1 1 1 0 0 0 0 1 0 1 0 0 0 0 0
310	11	1 1 0 1 0 0 0 1 1 0 1 0 1 0 0 0
310	69	1 1 1 1 0 1 1 0 1 0 1 1 0 0 0 0
310	1	1 0 1 1 0 0 0 1 1 0 0 0 0 0 0 0
310	17	1 1 0 1 0 0 0 0 1 0 1 0 0 0 1 0
310	21	1 1 1 1 0 0 0 0 1 0 1 0 1 0 0 0
310	11	1 1 1 1 0 0 0 0 1 1 1 1 0 0 0 0
310	8	1 1 1 1 0 0 0 1 1 1 1 1 0 0 0 0
310	5	1 1 0 1 0 0 0 0 0 1 1 0 0 1 0 0
310	29	1 1 1 1 0 0 0 0 1 0 1 0 0 0 1 0
310	7	1 1 0 1 1 0 0 0 1 0 1 0 0 0 0 0
310	1	1 1 1 1 0 0 0 1 1 0 1 0 0 0 0 1
310	15	0 1 0 1 1 1 0 0 1 0 0 1 0 0 0 0
310	11	1 1 0 1 0 0 0 0 0 1 1 1 0 0 0 0
310	6	1 1 0 1 0 0 0 1 1 0 0 1 0 0 1 0
310	6	1 1 0 1 1 1 0 1 1 1 0 0 0 0 0 0
310	1	1 1 0 1 0 0 0 1 1 0 1 0 0 0 0 0
310	13	1 1 1 1 0 0 0 0 0 1 0 0 0 0 0 0
310	2	1 0 1 1 0 0 0 0 1 0 1 0 0 0 0 0
310	28	1 1 1 1 1 0 0 1 1 0 1 1 0 0 0 0
310	7	1 1 1 1 0 0 0 0 0 0 0 1 0 0 0 0
310	31	1 0 1 1 0 0 0 0 1 0 0 1 0 0 0 0
310	1	0 1 1 1 0 0 0 0 0 0 0 0 0 0 0 0
310	8	1 0 1 1 1 0 0 1 1 0 1 0 0 0 0 0
310	6	1 1 1 1 0 0 1 0 1 0 1 1 0 0 0 0
310	29	1 1 1 1 0 0 0 0 0 0 1 0 0 0 0 0
310	8	1 0 0 1 0 0 0 0 1 0 1 1 0 0 0 0
310	1	1 1 0 1 0 0 0 0 1 0 1 1 0 1 0 0
310	10	1 1 0 1 0 0 0 0 1 0 0 1 0 0 0 0
310	19	1 1 1 1 0 0 0 0 1 1 1 1 1 0 0 0
310	2	1 1 1 1 0 0 0 0 1 0 0 0 0 0 1 1
310	2	1 1 0 1 0 0 0 1 1 0 0 0 1 0 0 0
310	3	1 1 1 1 0 0 0 0 1 1 1 1 0 0 0 1
310	6	1 1 0 1 0 0 0 1 1 0 0 0 0 0 1 0
310	3	1 1 0 0 0 1 1 0 1 0 1 1 0 0 0 0
310	14	1 1 1 0 0 0 0 0 1 0 0 0 0 0 0 0
310	1	1 0 1 1 0 0 0 0 1 0 0 0 0 0 1 0
310	1	1 0 0 1 0 0 0 0 0 0 0 0 0 0 1 0
310	13	1 1 1 1 1 1 0 1 1 0 0 0 0 0 0 0
310	3	1 0 1 1 1 0 0 1 1 0 1 1 0 0 0 0
310	1	1 1 0 1 0 1 1 0 1 0 1 1 0 0 0 0
310	1	0 1 0 1 0 0 0 0 1 0 1 1 0 0 0 0
310	1	1 1 0 1 0 0 1 0 1 0 1 1 0 0 0 0
310	8	1 1 1 1 1 0 0 0 1 0 0 1 0 0 0 0
310	2	1 1 0 0 0 0 0 0 1 0 1 0 0 1 0 1
310	1	1 0 0 1 1 1 0 1 1 1 0 0 0 0 0 0
310	2	1 1 0 1 0 0 0 0 0 1 0 0 0 0 0 0
310	1	1 1 0 1 0 1 0 1 1 0 0 0 0 0 0 0
310	10	1 1 1 1 0 0 0 1 1 0 1 0 0 0 1 1
310	3	1 1 1 1 0 1 0 1 1 0 1 1 0 0 0 0
310	2	1 1 1 1 0 0 0 0 1 0 1 0 0 1 0 0
310	2	1 1 1 0 0 0 1 1 1 0 1 1 0 0 0 0
310	4	0 1 1 1 0 0 1 0 1 1 0 0 0 0 0 0
310	4	1 1 1 1 0 1 1 0 1 0 1 1 1 0 0 0
310	10	1 1 0 0 0 0 0 1 1 0 1 0 0 0 0 0
310	4	1 1 1 1 0 0 0 0 1 0 0 0 1 0 0 0
310	4	1 1 0 1 0 0 0 0 1 0 1 0 0 1 0 0
310	1	1 1 0 1 0 0 0 0 1 1 1 0 1 0 0 0
310	3	0 1 1 1 1 1 0 0 1 0 0 1 0 0 0 0
310	2	1 0 0 1 0 0 0 0 1 0 1 1 0 1 0 0
310	5	1 0 1 1 1 1 0 1 1 0 1 1 0 0 0 0
310	5	1 1 1 1 0 0 0 1 1 0 0 0 0 0 0 0
310	1	1 1 0 1 1 0 0 0 1 0 0 1 0 0 0 0
310	4	1 1 0 1 0 0 0 0 1 1 1 0 0 0 0 0
310	2	1 1 1 1 0 0 0 1 0 0 0 0 0 0 1 0
310	6	1 1 1 1 0 1 0 0 1 0 0 1 0 0 0 0
310	2	1 1 1 0 0 0 1 0 1 0 1 0 0 0 1 0
310	1	1 1 1 1 0 0 0 0 1 0 0 1 0 0 1 0
310	8	1 1 0 1 0 0 0 0 1 0 0 0 0 0 0 0
310	1	1 1 0 1 0 0 0 0 1 0 1 0 1 0 1 0
310	2	1 1 1 1 0 0 0 1 0 0 1 0 0 0 0 0
310	1	1 0 1 1 1 1 0 1 1 0 1 1 0 1 0 0
310	1	1 1 1 1 0 0 1 0 1 0 1 0 0 0 1 0
310	2	1 1 1 1 0 0 0 0 1 1 0 0 0 0 1 0
310	1	1 1 1 0 0 0 0 0 1 0 1 0 0 1 0 1
310	2	1 0 0 1 0 0 0 1 1 0 0 0 0 0 0 0
310	1	1 1 0 1 0 0 0 1 1 0 0 1 0 0 0 0
310	1	1 1 0 1 0 0 0 0 1 1 1 1 0 0 0 0
310	2	1 1 0 1 0 0 0 1 0 1 1 1 0 0 0 0
310	1	1 1 1 1 1 0 0 1 1 0 1 1 1 0 0 0
310	2	1 0 1 1 0 0 0 0 0 0 0 1 0 0 0 0
310	1	1 0 0 1 1 1 0 1 1 1 0 0 0 1 0 0
320	93	1 1 0 1 0 0 0 0 1 0 1 0 0 0 0 0
320	37	1 1 1 0 0 0 1 0 1 0 1 1 0 0 0 0
320	14	1 1 0 1 1 1 0 1 1 0 0 0 0 0 0 0
320	21	1 1 1 1 0 0 0 0 1 0 1 1 0 0 0 0
320	19	1 1 0 1 0 0 0 0 0 1 1 0 1 0 0 0
320	4	1 1 0 1 1 1 0 1 1 0 1 0 0 0 0 0
320	29	1 1 0 1 0 0 0 1 1 0 0 0 0 0 0 0
320	20	1 0 1 1 0 0 0 0 1 0 0 1 0 0 1 0
320	25	1 1 1 1 0 0 0 0 0 0 0 0 0 0 1 0
320	50	1 1 0 1 0 0 0 0 1 0 1 1 0 0 0 0
320	8	1 0 1 1 0 0 0 1 1 0 1 0 0 0 0 0
320	28	1 1 1 1 0 0 0 0 1 1 0 0 0 0 0 0
320	5	1 0 1 1 0 0 0 1 1 0 1 1 0 0 0 0
320	34	0 1 0 1 1 0 0 0 1 0 0 1 0 0 0 0
320	11	1 1 1 1 0 0 0 1 1 0 1 1 0 0 0 0
320	8	1 1 1 1 0 0 0 0 1 0 0 1 0 0 0 0
320	4	1 1 0 1 0 0 0 0 0 0 0 0 0 0 1 0
320	14	1 1 0 1 1 1 0 1 1 0 1 1 0 0 0 0
320	12	1 1 1 1 0 0 0 0 1 0 1 0 0 0 0 0
320	7	1 1 0 1 0 0 0 1 1 0 1 0 1 0 0 0
320	78	1 1 1 1 0 1 1 0 1 0 1 1 0 0 0 0
320	8	1 0 1 1 0 0 0 1 1 0 0 0 0 0 0 0
320	17	1 1 0 1 0 0 0 0 1 0 1 0 0 0 1 0
320	5	1 1 1 1 0 0 0 0 1 0 1 0 1 0 0 0
320	4	1 1 1 1 0 0 0 0 1 1 1 1 0 0 0 0
320	3	1 1 0 1 0 0 0 0 0 1 1 0 0 1 0 0
320	16	1 1 1 1 0 0 0 0 1 0 1 0 0 0 1 0
320	9	1 1 0 1 1 0 0 0 1 0 1 0 0 0 0 0
320	5	0 1 0 1 1 1 0 0 1 0 0 1 0 0 0 0
320	5	1 1 0 1 0 0 0 0 0 1 1 1 0 0 0 0
320	3	1 1 0 1 1 1 0 1 1 1 0 0 0 0 0 0
320	13	1 1 1 1 0 0 0 0 0 1 0 0 0 0 0 0
320	11	1 1 1 1 1 0 0 1 1 0 1 1 0 0 0 0
320	6	1 1 1 1 0 0 0 0 0 0 0 1 0 0 0 0
320	44	1 0 1 1 0 0 0 0 1 0 0 1 0 0 0 0
320	14	1 0 1 1 1 0 0 1 1 0 1 0 0 0 0 0
320	30	1 1 1 1 0 0 0 0 0 0 1 0 0 0 0 0
320	1	1 1 0 1 0 0 0 0 1 0 1 1 0 1 0 0
320	24	1 1 0 1 0 0 0 0 1 0 0 1 0 0 0 0
320	2	1 1 1 1 0 0 0 0 1 0 0 0 0 0 1 1
320	12	1 1 0 1 0 0 0 1 1 0 0 0 0 0 1 0
320	23	1 1 1 0 0 0 0 0 1 0 0 0 0 0 0 0
320	4	1 0 1 1 0 0 0 0 1 0 0 0 0 0 1 0
320	5	1 1 1 1 1 1 0 1 1 0 0 0 0 0 0 0
320	6	1 1 1 1 1 0 0 0 1 0 0 1 0 0 0 0
320	1	1 1 0 1 0 0 0 0 0 1 0 0 0 0 0 0
320	11	1 1 0 0 0 0 0 1 1 0 1 0 0 0 0 0
320	13	1 1 0 1 0 0 0 0 1 1 1 0 0 0 0 0
320	2	1 1 1 1 0 0 0 1 0 0 0 0 0 0 1 0
320	8	1 1 1 1 0 1 0 0 1 0 0 1 0 0 0 0
320	3	1 1 1 1 0 0 0 0 1 0 0 1 0 0 1 0
320	15	1 1 1 1 0 0 0 0 1 1 0 0 0 0 1 0
320	1	1 0 0 1 0 0 0 1 1 0 0 0 0 0 0 0
320	11	1 1 1 1 0 0 0 1 1 0 1 0 0 0 0 0
320	5	1 1 0 1 0 1 0 1 1 0 1 0 1 0 0 0
320	15	1 1 1 1 0 0 0 1 1 1 1 0 0 0 0 0
320	3	1 1 1 1 0 0 1 0 1 0 0 0 0 0 1 0
320	13	1 1 1 1 0 1 1 0 1 0 0 1 0 0 0 0
320	2	1 0 0 1 1 1 0 1 1 0 1 1 0 0 0 0
320	5	1 1 1 1 1 0 0 1 0 0 1 1 0 0 0 0
320	10	1 1 1 1 0 0 0 0 0 1 1 0 1 0 0 0
320	1	1 1 1 1 0 1 1 0 1 0 1 0 0 0 1 0
320	6	0 1 1 1 0 0 0 0 1 0 1 1 0 0 0 0
320	9	1 1 0 1 0 0 0 1 1 0 0 0 0 0 0 1
320	1	1 1 0 0 0 0 1 0 1 0 1 1 0 0 0 0
320	4	1 1 0 1 1 1 1 0 0 0 0 0 0 0 1 0
320	4	1 1 0 1 0 0 0 0 1 0 0 1 1 0 0 0
320	2	1 0 1 1 0 0 0 1 1 0 0 1 0 0 0 0
320	2	1 0 1 1 0 0 0 0 1 0 0 0 1 0 0 0
320	1	1 0 1 1 0 0 0 0 1 1 0 0 0 0 0 0
320	1	1 1 1 1 0 0 0 0 1 0 1 1 0 0 1 0
320	5	0 1 0 1 1 1 0 0 1 0 0 1 1 0 0 0
320	3	1 1 1 1 0 1 0 0 0 1 0 0 0 0 0 0
320	1	1 1 1 0 0 1 1 0 1 0 1 1 0 0 0 0
320	1	1 0 1 1 1 0 0 1 1 0 1 1 0 0 0 0
320	4	1 1 0 1 0 0 0 1 1 0 1 1 0 0 0 0
320	1	1 0 1 1 0 0 0 0 1 0 1 1 0 0 0 0
320	6	1 1 1 1 0 0 0 0 1 1 1 0 0 0 0 0
320	2	1 1 1 1 0 0 0 1 1 0 1 1 0 0 1 0
320	3	1 1 0 1 0 0 0 0 0 0 1 0 0 0 1 0
320	1	1 1 0 1 0 1 0 1 1 0 0 0 0 0 1 0
320	2	1 1 1 1 0 1 1 0 1 0 1 0 0 0 0 0
320	1	1 1 0 1 0 1 1 0 1 0 1 1 0 0 0 0
320	4	1 0 1 1 0 1 1 0 1 0 1 1 0 0 0 0
320	1	1 0 0 1 0 0 0 0 1 0 0 1 0 0 0 0
320	1	0 0 1 1 1 0 0 1 1 0 1 0 0 0 0 0
320	2	1 0 0 0 0 0 0 1 1 0 1 0 0 0 0 0
320	1	1 1 1 1 0 0 0 1 1 0 0 0 0 0 0 1
320	2	1 1 0 1 0 0 0 0 1 0 1 0 1 0 0 0
320	3	1 1 1 1 0 1 0 0 1 1 0 0 0 0 0 0
320	1	1 1 1 1 0 0 0 0 0 1 1 0 0 0 0 0
320	2	1 1 0 1 0 0 0 0 1 0 1 0 0 0 0 1
320	1	1 1 1 1 1 1 0 1 1 0 1 0 0 0 0 0
320	1	1 0 1 1 0 0 0 0 0 0 0 0 0 0 1 0
320	3	1 0 0 1 0 0 0 0 1 0 1 1 0 0 0 0
320	2	0 1 1 1 0 0 0 0 1 1 0 0 0 0 0 0
320	1	0 1 1 1 0 0 0 0 1 1 1 1 0 0 0 0
320	4	1 1 1 0 0 0 0 1 1 0 0 0 0 0 0 0
320	1	1 1 0 1 0 0 0 1 1 0 0 1 0 0 0 1
330	65	1 1 0 1 0 0 0 0 1 0 1 0 0 0 0 0
330	18	1 1 1 0 0 0 1 0 1 0 1 1 0 0 0 0
330	31	1 1 0 1 1 1 0 1 1 0 0 0 0 0 0 0
330	20	1 1 1 1 0 0 0 0 1 0 1 1 0 0 0 0
330	18	1 1 0 1 0 0 0 0 0 1 1 0 1 0 0 0
330	2	1 1 0 1 1 1 0 1 1 0 1 0 0 0 0 0
330	25	1 1 0 1 0 0 0 1 1 0 0 0 0 0 0 0
330	13	1 0 1 1 0 0 0 0 1 0 0 1 0 0 1 0
330	11	1 1 1 1 0 0 0 0 0 0 0 0 0 0 1 0
330	40	1 1 0 1 0 0 0 0 1 0 1 1 0 0 0 0
330	54	1 1 1 1 0 0 0 0 1 1 0 0 0 0 0 0
330	49	0 1 0 1 1 0 0 0 1 0 0 1 0 0 0 0
330	7	1 1 1 1 0 0 0 1 1 0 1 1 0 0 0 0
330	12	1 1 1 1 0 0 0 0 1 0 0 1 0 0 0 0
330	15	1 1 0 1 0 0 0 0 0 0 0 0 0 0 1 0
330	2	1 1 0 1 1 1 0 1 1 0 1 1 0 0 0 0
330	20	1 1 1 1 0 0 0 0 1 0 1 0 0 0 0 0
330	6	1 1 0 1 0 0 0 1 1 0 1 0 1 0 0 0
330	77	1 1 1 1 0 1 1 0 1 0 1 1 0 0 0 0
330	12	1 0 1 1 0 0 0 1 1 0 0 0 0 0 0 0
330	10	1 1 0 1 0 0 0 0 1 0 1 0 0 0 1 0
330	10	1 1 1 1 0 0 0 0 1 1 1 1 0 0 0 0
330	9	1 1 0 1 0 0 0 0 0 1 1 0 0 1 0 0
330	12	1 1 1 1 0 0 0 0 1 0 1 0 0 0 1 0
330	6	1 1 0 1 1 0 0 0 1 0 1 0 0 0 0 0
330	8	1 1 0 1 1 1 0 1 1 1 0 0 0 0 0 0
330	6	1 1 1 1 0 0 0 0 0 1 0 0 0 0 0 0
330	7	1 1 1 1 1 0 0 1 1 0 1 1 0 0 0 0
330	13	1 1 1 1 0 0 0 0 0 0 0 1 0 0 0 0
330	25	1 0 1 1 0 0 0 0 1 0 0 1 0 0 0 0
330	35	1 0 1 1 1 0 0 1 1 0 1 0 0 0 0 0
330	63	1 1 1 1 0 0 0 0 0 0 1 0 0 0 0 0
330	14	1 1 0 1 0 0 0 0 1 0 0 1 0 0 0 0
330	25	1 1 0 1 0 0 0 1 1 0 0 0 0 0 1 0
330	4	1 1 1 0 0 0 0 0 1 0 0 0 0 0 0 0
330	1	1 0 1 1 0 0 0 0 1 0 0 0 0 0 1 0
330	4	1 1 1 1 1 1 0 1 1 0 0 0 0 0 0 0
330	9	1 1 0 0 0 0 0 1 1 0 1 0 0 0 0 0
330	11	1 1 0 1 0 0 0 0 1 1 1 0 0 0 0 0
330	3	1 1 1 1 0 0 0 0 1 0 0 1 0 0 1 0
330	2	1 0 0 1 0 0 0 1 1 0 0 0 0 0 0 0
330	3	1 1 1 1 0 0 0 1 1 0 1 0 0 0 0 0
330	22	1 1 1 1 0 0 0 1 1 1 1 0 0 0 0 0
330	7	1 1 1 1 0 1 1 0 1 0 0 1 0 0 0 0
330	3	1 1 1 1 1 0 0 1 0 0 1 1 0 0 0 0
330	2	1 1 0 1 0 0 0 1 1 0 0 0 0 0 0 1
330	5	1 1 0 0 0 0 1 0 1 0 1 1 0 0 0 0
330	10	1 1 0 1 0 0 0 1 1 0 1 1 0 0 0 0
330	8	1 1 1 1 0 0 0 0 1 1 1 0 0 0 0 0
330	1	1 1 0 1 0 0 0 0 0 0 1 0 0 0 1 0
330	11	1 0 1 1 0 1 1 0 1 0 1 1 0 0 0 0
330	4	1 0 0 0 0 0 0 1 1 0 1 0 0 0 0 0
330	5	1 0 1 1 0 0 0 0 0 0 0 0 0 0 1 0
330	15	0 1 1 1 0 0 0 0 1 1 1 1 0 0 0 0
330	1	1 1 1 0 0 0 0 1 1 0 0 0 0 0 0 0
330	1	1 1 0 1 0 0 0 1 1 0 1 0 0 0 0 0
330	2	1 1 1 0 0 0 0 0 1 0 1 1 0 0 0 0
330	12	1 1 1 1 0 0 0 0 0 0 1 1 0 0 0 0
330	2	1 1 0 1 0 1 0 0 0 1 1 0 1 0 0 0
330	2	1 1 1 1 0 0 0 1 1 1 0 0 0 0 0 0
330	11	1 0 1 1 0 0 0 0 1 0 1 1 0 0 0 0
330	14	1 1 1 1 0 0 0 1 0 0 1 0 0 0 0 0
330	1	1 1 0 1 0 0 0 0 1 0 0 0 0 0 1 0
330	1	1 0 1 1 0 0 0 0 1 0 0 1 1 0 0 0
330	1	1 1 0 1 0 0 0 0 1 0 1 0 0 1 0 1
330	5	1 1 1 1 0 0 0 0 0 0 0 1 0 0 1 0
330	8	1 1 0 1 0 0 0 0 1 0 0 0 0 0 0 0
330	2	1 1 1 1 0 0 0 0 0 1 1 0 0 0 0 0
330	5	1 1 1 1 0 1 0 0 0 0 0 1 0 0 0 0
330	7	1 1 1 0 0 0 0 0 1 1 0 0 0 0 0 0
330	3	1 1 0 1 0 0 0 0 1 1 0 0 0 0 0 0
330	1	1 1 0 0 0 0 0 1 1 0 0 0 0 0 0 0
330	3	0 1 0 1 1 0 0 0 1 0 1 1 0 0 0 0
330	6	1 1 0 0 0 0 1 0 1 0 1 1 0 0 0 1
330	2	1 0 0 1 0 0 0 0 0 0 0 0 0 0 1 0
330	2	1 1 0 1 0 0 0 0 1 0 1 0 0 0 0 1
330	2	1 1 0 1 0 0 0 0 0 0 0 1 0 0 1 0
330	3	1 1 1 0 0 0 0 0 0 0 1 0 0 0 0 0
330	2	1 0 1 1 0 0 0 0 1 0 0 0 0 0 1 1
330	1	1 1 1 1 0 0 1 0 1 0 1 1 0 0 0 0
330	1	1 1 0 1 0 0 1 0 1 0 1 1 0 0 0 0
330	2	1 1 0 1 0 0 0 0 0 0 0 0 0 0 0 0
330	6	1 1 1 1 0 1 1 0 1 0 1 0 0 0 0 0
330	1	1 1 1 1 0 0 0 1 1 0 0 0 0 0 0 1
330	1	1 1 1 0 0 0 0 1 1 0 0 1 0 0 0 0
330	1	1 1 0 1 1 1 0 1 1 0 0 1 0 0 0 0
330	2	1 1 0 1 0 0 1 1 1 0 0 0 0 0 0 1
330	1	1 1 1 1 0 0 1 0 1 0 0 1 0 0 0 0
330	2	1 0 1 1 0 0 0 0 1 0 1 0 0 0 0 0
330	1	1 1 1 1 0 0 0 1 1 0 0 0 0 0 0 0
330	1	1 1 0 0 0 0 1 0 1 0 0 0 0 0 1 1
330	2	1 1 0 1 0 0 1 1 1 0 0 0 0 0 0 0
330	3	1 0 1 1 0 1 0 0 1 0 0 1 0 0 0 0
330	2	0 1 1 1 0 0 0 0 1 1 1 1 0 0 0 1
330	4	1 1 1 0 0 0 1 1 1 0 0 0 0 0 0 0
340	97	1 1 0 1 0 0 0 0 1 0 1 0 0 0 0 0
340	7	1 1 1 0 0 0 1 0 1 0 1 1 0 0 0 0
340	36	1 1 0 1 1 1 0 1 1 0 0 0 0 0 0 0
340	28	1 1 1 1 0 0 0 0 1 0 1 1 0 0 0 0
340	18	1 1 0 1 0 0 0 0 0 1 1 0 1 0 0 0
340	15	1 1 0 1 0 0 0 1 1 0 0 0 0 0 0 0
340	3	1 0 1 1 0 0 0 0 1 0 0 1 0 0 1 0
340	7	1 1 1 1 0 0 0 0 0 0 0 0 0 0 1 0
340	44	1 1 0 1 0 0 0 0 1 0 1 1 0 0 0 0
340	26	1 1 1 1 0 0 0 0 1 1 0 0 0 0 0 0
340	43	0 1 0 1 1 0 0 0 1 0 0 1 0 0 0 0
340	22	1 1 1 1 0 0 0 0 1 0 0 1 0 0 0 0
340	8	1 1 0 1 0 0 0 0 0 0 0 0 0 0 1 0
340	12	1 1 1 1 0 0 0 0 1 0 1 0 0 0 0 0
340	3	1 1 0 1 0 0 0 1 1 0 1 0 1 0 0 0
340	30	1 1 1 1 0 1 1 0 1 0 1 1 0 0 0 0
340	6	1 0 1 1 0 0 0 1 1 0 0 0 0 0 0 0
340	6	1 1 0 1 0 0 0 0 1 0 1 0 0 0 1 0
340	6	1 1 1 1 0 0 0 0 1 1 1 1 0 0 0 0
340	15	1 1 0 1 0 0 0 0 0 1 1 0 0 1 0 0
340	6	1 1 1 1 0 0 0 0 1 0 1 0 0 0 1 0
340	12	1 1 0 1 1 0 0 0 1 0 1 0 0 0 0 0
340	6	1 1 1 1 0 0 0 0 0 1 0 0 0 0 0 0
340	2	1 1 1 1 0 0 0 0 0 0 0 1 0 0 0 0
340	39	1 0 1 1 0 0 0 0 1 0 0 1 0 0 0 0
340	13	1 0 1 1 1 0 0 1 1 0 1 0 0 0 0 0
340	75	1 1 1 1 0 0 0 0 0 0 1 0 0 0 0 0
340	27	1 1 0 1 0 0 0 0 1 0 0 1 0 0 0 0
340	18	1 1 0 1 0 0 0 1 1 0 0 0 0 0 1 0
340	2	1 1 1 1 1 1 0 1 1 0 0 0 0 0 0 0
340	25	1 1 1 1 0 0 0 1 1 1 1 0 0 0 0 0
340	10	1 1 1 1 0 1 1 0 1 0 0 1 0 0 0 0
340	23	1 1 0 1 0 0 0 1 1 0 0 0 0 0 0 1
340	14	1 1 0 1 0 0 0 1 1 0 1 1 0 0 0 0
340	7	1 1 1 1 0 0 0 0 1 1 1 0 0 0 0 0
340	20	1 0 1 1 0 1 1 0 1 0 1 1 0 0 0 0
340	1	0 1 1 1 0 0 0 0 1 1 1 1 0 0 0 0
340	1	1 1 1 0 0 0 0 0 1 0 1 1 0 0 0 0
340	6	1 1 1 1 0 0 0 0 0 0 1 1 0 0 0 0
340	8	1 0 1 1 0 0 0 0 1 0 1 1 0 0 0 0
340	15	1 1 1 1 0 0 0 1 0 0 1 0 0 0 0 0
340	4	1 0 1 1 0 0 0 0 1 0 0 1 1 0 0 0
340	10	1 1 0 1 0 0 0 0 1 0 0 0 0 0 0 0
340	4	1 1 1 1 0 0 0 0 0 1 1 0 0 0 0 0
340	8	1 1 1 1 0 1 0 0 0 0 0 1 0 0 0 0
340	5	1 1 1 0 0 0 0 0 1 1 0 0 0 0 0 0
340	4	1 1 0 1 0 0 0 0 1 1 0 0 0 0 0 0
340	4	1 1 0 0 0 0 1 0 1 0 1 1 0 0 0 1
340	6	1 1 0 1 0 0 0 0 1 0 1 0 0 0 0 1
340	3	1 1 0 1 0 0 0 0 0 0 0 0 0 0 0 0
340	2	1 1 1 1 0 1 1 0 1 0 1 0 0 0 0 0
340	8	1 1 1 1 0 0 0 1 1 0 0 0 0 0 0 0
340	1	1 0 1 1 0 1 0 0 1 0 0 1 0 0 0 0
340	6	1 0 1 1 0 0 0 1 1 0 1 1 0 0 0 0
340	5	1 1 0 1 1 1 0 1 1 0 0 1 0 0 0 0
340	1	1 1 1 1 0 0 0 0 1 0 0 1 0 0 0 1
340	5	1 1 0 1 0 0 0 0 1 1 0 1 0 0 0 0
340	2	1 0 1 1 0 0 0 0 0 0 0 0 0 0 1 1
340	4	1 1 1 1 0 1 0 0 1 0 1 1 0 0 0 0
340	1	1 1 0 1 0 0 1 1 1 0 0 0 0 0 0 0
340	7	1 1 1 0 0 1 1 0 1 0 1 1 0 0 0 0
340	4	1 1 0 1 0 1 0 0 1 0 0 1 0 0 0 0
340	3	1 0 1 1 1 0 0 0 1 0 0 1 0 0 0 0
340	1	1 1 1 1 1 1 0 1 1 0 0 1 0 0 0 0
340	1	1 1 0 1 0 1 0 0 1 0 1 0 0 0 0 0
340	8	0 1 0 1 0 0 0 0 0 0 0 0 0 0 1 0
340	6	1 1 1 1 0 1 1 0 1 0 1 1 0 0 1 0
340	4	1 1 1 1 0 0 0 1 0 0 1 0 1 0 0 0
340	1	1 0 1 1 0 0 0 1 1 1 1 1 0 0 0 0
340	2	1 1 0 1 0 0 0 0 1 0 0 0 0 0 1 0
340	9	1 1 0 1 0 0 0 1 1 0 0 1 0 0 0 0
340	4	1 0 1 1 1 0 0 1 1 0 0 0 0 0 0 0
340	2	0 1 0 1 1 0 0 0 1 0 1 0 0 0 0 0
340	5	1 0 0 1 0 0 0 1 1 0 0 0 0 0 1 0
340	9	1 1 0 0 0 0 0 1 1 0 1 1 0 0 0 0
340	2	1 1 0 1 1 0 0 0 1 0 0 1 0 0 0 0
340	1	0 1 0 1 1 1 0 0 1 0 0 1 0 0 0 0
340	13	0 1 1 1 0 0 0 0 0 0 0 1 0 0 0 0
340	1	1 1 1 1 0 0 0 0 1 0 0 1 1 0 0 0
340	4	1 1 0 1 1 1 0 0 1 0 0 0 0 0 0 0
340	2	0 0 1 1 0 0 0 0 1 0 0 1 0 0 1 0
340	7	0 1 0 1 1 1 0 1 1 1 0 0 0 0 0 0
340	6	1 0 0 1 0 0 0 1 1 0 1 1 0 0 0 0
340	5	1 0 1 1 0 0 1 0 1 0 0 1 1 0 0 0
340	3	1 1 1 1 1 1 1 0 1 0 1 1 0 0 1 0
340	6	1 1 1 1 0 0 0 0 0 0 1 0 0 0 1 0
340	4	1 0 0 1 0 0 1 1 1 0 0 0 0 0 1 0
340	5	1 1 1 1 0 1 0 0 1 0 0 1 0 0 0 0
340	3	1 1 0 1 1 1 1 1 1 0 0 0 0 0 0 0
340	1	1 1 0 1 1 1 0 1 1 0 0 0 0 0 0 1
340	1	0 1 0 1 0 0 0 0 1 0 1 1 0 0 0 0
340	1	1 1 1 1 0 0 1 0 1 1 0 0 0 0 0 0
340	1	0 1 0 1 1 0 0 0 1 0 0 1 0 0 1 0
340	2	1 1 1 1 0 0 0 0 1 1 1 0 0 0 0 1
340	1	1 1 1 1 0 0 0 0 1 1 1 0 0 0 1 0
340	4	1 0 1 1 0 1 1 0 1 0 0 1 0 0 0 0
340	3	0 1 0 0 1 0 0 0 1 0 1 0 0 0 0 0
340	2	1 1 0 1 0 0 0 0 0 0 1 0 0 0 0 0
340	1	1 0 0 1 1 1 0 1 1 0 0 0 0 0 0 0
340	1	1 1 0 1 0 0 0 0 0 1 1 0 1 0 0 1
340	2	1 0 1 1 0 0 0 1 1 0 0 1 0 0 0 0
340	1	1 1 1 1 0 0 0 0 0 0 1 0 1 0 0 0
340	1	1 1 1 0 0 0 0 0 1 0 1 0 0 0 0 0
340	1	1 1 1 1 0 1 0 0 1 0 1 1 1 0 0 0
340	3	1 0 1 1 0 0 0 0 1 1 1 1 0 0 0 0
340	1	1 0 0 1 0 0 0 1 1 0 1 0 0 0 1 0
350	40	1 1 0 1 0 0 0 0 1 0 1 0 0 0 0 0
350	21	1 1 0 1 1 1 0 1 1 0 0 0 0 0 0 0
350	14	1 1 1 1 0 0 0 0 1 0 1 1 0 0 0 0
350	9	1 1 0 1 0 0 0 0 0 1 1 0 1 0 0 0
350	8	1 1 0 1 0 0 0 1 1 0 0 0 0 0 0 0
350	10	1 1 1 1 0 0 0 0 0 0 0 0 0 0 1 0
350	62	1 1 0 1 0 0 0 0 1 0 1 1 0 0 0 0
350	18	1 1 1 1 0 0 0 0 1 1 0 0 0 0 0 0
350	10	0 1 0 1 1 0 0 0 1 0 0 1 0 0 0 0
350	32	1 1 1 1 0 0 0 0 1 0 0 1 0 0 0 0
350	13	1 1 1 1 0 0 0 0 1 0 1 0 0 0 0 0
350	45	1 1 1 1 0 1 1 0 1 0 1 1 0 0 0 0
350	2	1 0 1 1 0 0 0 1 1 0 0 0 0 0 0 0
350	20	1 1 1 1 0 0 0 0 1 1 1 1 0 0 0 0
350	5	1 1 0 1 0 0 0 0 0 1 1 0 0 1 0 0
350	2	1 1 1 1 0 0 0 0 1 0 1 0 0 0 1 0
350	9	1 1 0 1 1 0 0 0 1 0 1 0 0 0 0 0
350	10	1 1 1 1 0 0 0 0 0 1 0 0 0 0 0 0
350	44	1 0 1 1 0 0 0 0 1 0 0 1 0 0 0 0
350	1	1 0 1 1 1 0 0 1 1 0 1 0 0 0 0 0
350	104	1 1 1 1 0 0 0 0 0 0 1 0 0 0 0 0
350	27	1 1 0 1 0 0 0 0 1 0 0 1 0 0 0 0
350	5	1 1 1 1 1 1 0 1 1 0 0 0 0 0 0 0
350	34	1 1 1 1 0 0 0 1 1 1 1 0 0 0 0 0
350	11	1 1 1 1 0 1 1 0 1 0 0 1 0 0 0 0
350	21	1 1 0 1 0 0 0 1 1 0 0 0 0 0 0 1
350	6	1 1 0 1 0 0 0 1 1 0 1 1 0 0 0 0
350	11	1 1 1 1 0 0 0 0 1 1 1 0 0 0 0 0
350	3	1 0 1 1 0 1 1 0 1 0 1 1 0 0 0 0
350	13	1 1 1 1 0 0 0 0 0 0 1 1 0 0 0 0
350	16	1 0 1 1 0 0 0 0 1 0 1 1 0 0 0 0
350	12	1 1 1 1 0 0 0 1 0 0 1 0 0 0 0 0
350	13	1 0 1 1 0 0 0 0 1 0 0 1 1 0 0 0
350	1	1 1 0 1 0 0 0 0 1 0 0 0 0 0 0 0
350	20	1 1 1 1 0 1 0 0 0 0 0 1 0 0 0 0
350	30	1 1 0 0 0 0 1 0 1 0 1 1 0 0 0 1
350	3	1 1 1 1 0 1 1 0 1 0 1 0 0 0 0 0
350	10	1 1 1 1 0 0 0 1 1 0 0 0 0 0 0 0
350	7	1 0 1 1 0 0 0 1 1 0 1 1 0 0 0 0
350	4	1 1 1 0 0 1 1 0 1 0 1 1 0 0 0 0
350	12	1 1 0 1 0 1 0 0 1 0 1 0 0 0 0 0
350	2	1 1 0 1 0 0 0 1 1 0 0 1 0 0 0 0
350	7	1 1 0 0 0 0 0 1 1 0 1 1 0 0 0 0
350	27	0 1 1 1 0 0 0 0 0 0 0 1 0 0 0 0
350	9	1 1 1 1 0 1 0 0 1 0 0 1 0 0 0 0
350	6	1 1 0 1 1 1 1 1 1 0 0 0 0 0 0 0
350	1	1 0 1 1 0 0 0 1 1 0 0 1 0 0 0 0
350	3	1 1 1 0 0 0 0 0 1 0 1 0 0 0 0 0
350	17	1 1 1 0 0 1 0 1 1 0 1 1 0 0 0 0
350	22	1 0 1 1 0 1 0 1 1 0 0 0 0 0 0 0
350	2	1 0 1 1 0 1 1 0 1 0 1 1 0 1 0 0
350	2	0 1 1 1 0 1 0 0 1 0 0 1 0 0 0 0
350	3	1 1 1 1 0 0 0 1 1 0 0 1 0 0 0 0
350	6	1 1 1 1 0 0 0 1 1 0 1 1 0 0 0 0
350	5	1 1 0 1 0 0 0 0 0 0 1 0 0 0 0 0
350	26	1 1 1 1 0 1 0 0 0 0 1 0 0 0 0 0
350	1	1 1 0 1 0 1 0 0 1 0 1 1 0 0 0 0
350	8	1 1 0 0 0 0 1 0 1 0 0 1 0 0 0 1
350	4	1 1 0 1 0 0 0 0 0 0 1 0 0 0 1 0
350	1	1 1 1 1 1 0 0 0 1 0 0 1 0 0 0 0
350	3	0 1 0 1 0 0 0 0 1 0 0 1 0 0 0 0
350	1	1 1 1 1 0 0 1 0 0 0 1 0 0 0 0 0
350	1	1 1 0 0 0 0 0 1 1 0 1 1 0 1 0 0
350	5	1 1 1 0 0 1 0 0 1 0 0 1 0 0 0 0
350	1	1 1 0 1 1 1 0 1 1 0 1 0 0 0 0 0
350	5	1 1 1 1 0 0 0 0 1 0 0 0 0 0 0 1
350	3	1 1 0 1 0 0 1 0 1 0 1 0 0 0 0 0
350	8	1 1 1 1 0 0 0 0 1 0 1 1 0 0 1 0
350	4	1 1 1 1 0 0 0 0 0 0 0 1 0 0 0 0
350	4	1 1 1 0 0 0 0 1 1 0 0 0 0 0 0 0
350	3	1 1 1 1 0 1 1 0 1 0 1 1 0 1 0 0
350	2	1 1 1 1 0 0 0 0 0 0 1 0 1 0 0 0
350	5	1 1 0 1 0 0 0 0 1 0 0 1 0 0 1 0
350	1	1 1 0 1 0 0 0 0 0 0 0 1 0 0 0 0
350	3	1 1 1 1 0 0 0 0 1 0 0 0 0 0 0 0
350	2	1 1 1 1 1 0 0 1 1 0 0 0 0 0 0 0
350	1	1 1 1 1 0 1 0 1 1 1 1 0 0 0 0 0
350	2	0 1 1 1 0 0 0 0 1 0 0 1 0 0 0 0
350	3	1 1 1 1 0 0 0 0 1 0 0 1 1 0 0 0
350	3	1 0 1 1 0 1 0 0 0 0 1 0 0 0 0 0
350	1	1 1 1 1 0 0 0 0 0 0 1 0 0 0 1 0
350	3	1 1 1 1 1 1 1 0 1 0 1 1 0 0 1 1
350	3	0 0 1 1 0 1 0 1 1 0 0 0 0 0 0 0
350	4	1 1 0 1 0 1 1 0 1 0 1 1 0 0 0 0
350	4	0 1 0 1 1 0 0 0 1 0 0 0 0 0 0 1
350	2	1 1 1 1 0 1 1 0 0 0 0 1 0 0 0 0
350	5	1 0 1 1 0 0 0 0 1 1 1 0 0 0 0 0
350	2	1 1 0 1 0 0 0 1 1 0 1 0 0 0 0 0
350	2	1 0 0 1 0 0 0 0 1 0 0 1 0 0 0 0
350	2	1 1 1 1 0 0 0 0 0 0 1 0 0 0 0 1
350	2	1 1 0 1 0 0 0 0 1 0 0 1 0 1 0 0
350	3	1 0 1 1 0 1 0 0 1 0 0 0 0 0 0 0
350	3	1 0 1 1 0 0 0 0 0 0 1 0 0 0 0 0
350	1	1 0 1 1 0 0 0 0 0 0 0 1 0 0 0 0
350	1	1 1 1 1 0 0 0 0 0 0 1 0 0 1 0 0
350	1	0 1 1 1 0 0 0 0 1 0 0 1 1 0 0 0
350	1	1 0 1 1 0 0 0 0 1 1 1 1 0 0 0 0
350	2	1 0 0 1 1 0 0 0 1 0 1 0 0 0 0 0
350	1	1 1 1 1 0 0 0 0 0 1 0 1 0 0 0 0
350	2	0 1 1 1 0 0 0 0 0 0 1 0 0 0 0 0
350	1	1 1 1 0 0 1 1 0 1 0 0 1 0 0 0 0
350	2	1 1 1 1 0 1 0 0 0 0 1 1 0 0 0 0
350	1	0 1 1 1 0 1 0 0 0 0 1 0 0 0 0 0
350	1	1 1 1 1 0 0 0 0 1 0 0 0 1 0 0 0
360	31	1 1 0 1 0 0 0 0 1 0 1 0 0 0 0 0
360	33	1 1 0 1 1 1 0 1 1 0 0 0 0 0 0 0
360	7	1 1 1 1 0 0 0 0 1 0 1 1 0 0 0 0
360	4	1 1 0 1 0 0 0 0 0 1 1 0 1 0 0 0
360	5	1 1 0 1 0 0 0 1 1 0 0 0 0 0 0 0
360	12	1 1 1 1 0 0 0 0 0 0 0 0 0 0 1 0
360	41	1 1 0 1 0 0 0 0 1 0 1 1 0 0 0 0
360	18	1 1 1 1 0 0 0 0 1 1 0 0 0 0 0 0
360	19	0 1 0 1 1 0 0 0 1 0 0 1 0 0 0 0
360	26	1 1 1 1 0 0 0 0 1 0 0 1 0 0 0 0
360	23	1 1 1 1 0 0 0 0 1 0 1 0 0 0 0 0
360	25	1 1 1 1 0 1 1 0 1 0 1 1 0 0 0 0
360	4	1 0 1 1 0 0 0 1 1 0 0 0 0 0 0 0
360	28	1 1 1 1 0 0 0 0 1 1 1 1 0 0 0 0
360	3	1 1 0 1 0 0 0 0 0 1 1 0 0 1 0 0
360	8	1 1 1 1 0 0 0 0 0 1 0 0 0 0 0 0
360	24	1 0 1 1 0 0 0 0 1 0 0 1 0 0 0 0
360	42	1 1 1 1 0 0 0 0 0 0 1 0 0 0 0 0
360	23	1 1 0 1 0 0 0 0 1 0 0 1 0 0 0 0
360	47	1 1 1 1 0 0 0 1 1 1 1 0 0 0 0 0
360	12	1 1 1 1 0 1 1 0 1 0 0 1 0 0 0 0
360	14	1 1 0 1 0 0 0 1 1 0 0 0 0 0 0 1
360	2	1 1 1 1 0 0 0 0 1 1 1 0 0 0 0 0
360	5	1 0 1 1 0 1 1 0 1 0 1 1 0 0 0 0
360	37	1 1 1 1 0 0 0 0 0 0 1 1 0 0 0 0
360	10	1 0 1 1 0 0 0 0 1 0 1 1 0 0 0 0
360	15	1 1 1 1 0 0 0 1 0 0 1 0 0 0 0 0
360	3	1 0 1 1 0 0 0 0 1 0 0 1 1 0 0 0
360	16	1 1 1 1 0 1 0 0 0 0 0 1 0 0 0 0
360	4	1 1 0 0 0 0 1 0 1 0 1 1 0 0 0 1
360	2	1 1 1 1 0 1 1 0 1 0 1 0 0 0 0 0
360	27	1 1 1 1 0 0 0 1 1 0 0 0 0 0 0 0
360	1	1 0 1 1 0 0 0 1 1 0 1 1 0 0 0 0
360	9	1 1 1 0 0 1 1 0 1 0 1 1 0 0 0 0
360	11	1 1 0 1 0 1 0 0 1 0 1 0 0 0 0 0
360	7	1 1 0 1 0 0 0 1 1 0 0 1 0 0 0 0
360	39	0 1 1 1 0 0 0 0 0 0 0 1 0 0 0 0
360	10	1 1 1 1 0 1 0 0 1 0 0 1 0 0 0 0
360	15	1 1 1 0 0 1 0 1 1 0 1 1 0 0 0 0
360	51	1 0 1 1 0 1 0 1 1 0 0 0 0 0 0 0
360	3	1 0 1 1 0 1 1 0 1 0 1 1 0 1 0 0
360	13	1 1 1 1 0 0 0 1 1 0 0 1 0 0 0 0
360	3	1 1 1 1 0 0 0 1 1 0 1 1 0 0 0 0
360	19	1 1 1 1 0 1 0 0 0 0 1 0 0 0 0 0
360	2	1 1 1 1 1 0 0 0 1 0 0 1 0 0 0 0
360	15	1 1 0 0 0 0 0 1 1 0 1 1 0 1 0 0
360	2	1 1 0 1 0 0 1 0 1 0 1 0 0 0 0 0
360	4	1 1 1 1 0 0 0 0 1 0 1 1 0 0 1 0
360	2	1 1 1 1 0 0 0 0 0 0 0 1 0 0 0 0
360	6	1 1 0 1 0 0 0 0 0 0 0 1 0 0 0 0
360	3	1 1 1 1 0 0 0 0 1 0 0 0 0 0 0 0
360	4	1 1 1 1 0 0 0 0 1 0 0 1 1 0 0 0
360	4	1 1 1 1 1 1 1 0 1 0 1 1 0 0 1 1
360	6	1 0 1 1 0 0 0 0 1 1 1 0 0 0 0 0
360	4	1 1 0 1 0 0 0 1 1 0 1 0 0 0 0 0
360	4	1 1 1 1 0 0 0 0 0 0 1 0 0 1 0 0
360	3	1 0 0 1 1 0 0 0 1 0 1 0 0 0 0 0
360	5	0 1 1 1 0 0 0 0 0 0 1 0 0 0 0 0
360	1	0 1 1 1 0 1 0 0 0 0 1 0 0 0 0 0
360	1	1 1 1 1 0 0 0 0 1 0 0 0 1 0 0 0
360	7	1 1 1 1 0 0 0 0 1 0 0 0 0 0 1 0
360	10	1 1 0 1 0 0 0 0 1 0 1 1 0 0 1 0
360	6	1 1 1 1 0 0 0 1 1 0 0 0 0 0 0 1
360	3	1 1 1 1 0 1 0 1 1 0 0 1 0 0 0 0
360	3	1 0 1 1 0 1 1 1 1 0 0 0 0 0 0 0
360	6	1 0 1 1 0 1 1 1 1 0 1 1 0 0 0 0
360	1	1 0 1 1 0 0 0 0 1 0 0 0 0 0 0 0
360	16	1 1 1 0 0 1 0 1 0 0 1 1 0 0 0 0
360	8	1 1 1 1 0 0 0 0 0 1 1 0 1 0 0 0
360	2	1 1 1 1 1 0 0 0 1 0 1 1 0 0 1 0
360	1	1 1 1 1 1 1 1 0 1 0 1 1 0 0 1 0
360	3	1 1 0 1 0 1 0 0 0 1 1 0 1 0 0 0
360	4	1 1 0 1 0 0 0 0 1 0 1 1 0 1 0 0
360	3	1 0 1 1 0 1 0 1 1 0 1 1 0 0 0 0
360	6	1 1 1 1 0 1 0 0 1 0 1 0 0 0 0 0
360	6	1 1 1 1 0 0 1 1 1 1 1 0 0 0 0 0
360	1	1 1 1 1 0 1 1 1 1 0 0 1 0 0 0 0
360	4	0 1 1 1 0 1 0 0 0 0 0 1 0 0 0 0
360	4	0 1 1 1 0 0 0 0 0 0 0 1 1 0 0 0
360	1	0 1 1 1 0 0 0 0 1 1 1 1 0 0 0 0
360	1	1 1 1 1 0 0 0 0 0 0 1 0 1 0 0 0
360	6	0 1 1 1 0 0 0 1 1 0 0 0 0 0 0 0
360	1	1 1 0 0 0 0 0 1 1 0 0 1 0 1 0 0
360	7	1 1 0 0 0 1 1 0 1 0 1 1 0 0 0 0
360	6	1 1 1 1 0 0 0 1 1 0 1 0 0 0 0 0
360	1	1 1 0 1 0 0 0 0 1 0 0 0 0 0 0 0
360	3	1 1 0 1 1 0 0 1 1 0 0 0 0 0 0 0
360	5	1 1 1 1 0 0 0 1 1 1 1 0 0 0 0 1
360	5	1 1 1 0 0 1 0 1 1 0 1 1 1 0 0 0
360	1	1 0 1 1 0 0 1 0 1 0 1 1 0 0 0 1
360	2	1 1 1 1 0 0 0 1 1 1 1 0 0 0 1 0
360	1	1 1 1 1 0 0 0 1 0 1 1 0 0 0 0 0
360	3	1 1 1 1 1 0 0 0 0 0 1 1 0 0 0 0
360	2	1 1 0 1 0 0 0 1 0 0 0 1 0 0 0 0
360	2	0 1 1 1 0 0 0 1 0 0 0 1 0 0 0 0
360	2	1 1 1 1 1 0 0 0 1 0 1 1 0 0 0 0
360	2	1 1 1 1 1 0 0 1 0 0 1 0 0 1 0 0
360	4	1 0 1 1 0 1 0 0 0 0 0 1 0 0 0 0
360	3	1 1 1 1 1 0 0 0 0 0 1 0 0 0 0 0
360	4	1 1 1 1 0 1 0 0 0 0 0 0 0 0 1 0
360	2	1 0 1 1 0 0 0 0 1 0 1 0 0 0 0 0
360	1	0 0 1 1 0 0 0 0 1 0 0 1 1 0 0 0
360	1	1 1 0 1 0 1 0 0 0 0 1 0 0 0 0 0
360	2	0 1 1 1 0 0 0 0 1 0 0 1 0 0 0 0
360	2	1 1 1 0 0 1 1 1 1 0 1 1 0 0 0 0
360	1	1 1 0 1 0 0 1 0 0 0 0 1 0 0 0 0
360	1	1 1 0 1 1 1 0 1 1 0 1 0 0 0 0 0
360	1	1 0 1 1 0 1 0 0 0 0 1 0 0 0 0 0
360	3	1 1 1 0 0 1 1 0 0 0 1 1 0 0 0 0
360	1	0 1 1 0 0 1 1 0 1 0 1 1 0 0 0 0
360	1	1 0 1 1 0 1 0 0 1 0 0 1 0 0 0 0
360	1	1 0 0 1 0 0 0 0 1 0 1 1 0 0 1 0
360	1	1 1 1 1 0 0 1 1 1 1 1 1 1 0 0 0
360	1	1 1 1 1 0 0 0 0 1 1 0 0 1 0 0 0
360	2	1 1 1 1 0 1 0 0 0 0 1 1 0 0 0 0
360	1	1 1 0 0 0 0 0 0 1 0 1 1 0 0 0 1
360	1	1 1 0 1 0 1 0 1 1 0 1 0 0 0 0 0
360	1	1 1 1 0 0 0 0 1 1 0 1 1 0 0 0 0
360	1	1 1 1 1 0 0 0 1 0 0 0 1 0 0 0 0
360	2	1 0 0 1 0 0 0 0 1 0 0 0 0 0 0 0
370	15	1 1 0 1 0 0 0 0 1 0 1 0 0 0 0 0
370	20	1 1 0 1 1 1 0 1 1 0 0 0 0 0 0 0
370	23	1 1 1 1 0 0 0 0 1 0 1 1 0 0 0 0
370	12	1 1 1 1 0 0 0 0 0 0 0 0 0 0 1 0
370	33	1 1 0 1 0 0 0 0 1 0 1 1 0 0 0 0
370	33	1 1 1 1 0 0 0 0 1 1 0 0 0 0 0 0
370	48	0 1 0 1 1 0 0 0 1 0 0 1 0 0 0 0
370	31	1 1 1 1 0 0 0 0 1 0 0 1 0 0 0 0
370	10	1 1 1 1 0 0 0 0 1 0 1 0 0 0 0 0
370	22	1 1 1 1 0 1 1 0 1 0 1 1 0 0 0 0
370	15	1 1 1 1 0 0 0 0 1 1 1 1 0 0 0 0
370	11	1 1 1 1 0 0 0 0 0 1 0 0 0 0 0 0
370	34	1 0 1 1 0 0 0 0 1 0 0 1 0 0 0 0
370	41	1 1 1 1 0 0 0 0 0 0 1 0 0 0 0 0
370	28	1 1 0 1 0 0 0 0 1 0 0 1 0 0 0 0
370	51	1 1 1 1 0 0 0 1 1 1 1 0 0 0 0 0
370	18	1 1 1 1 0 1 1 0 1 0 0 1 0 0 0 0
370	1	1 1 0 1 0 0 0 1 1 0 0 0 0 0 0 1
370	50	1 1 1 1 0 0 0 0 0 0 1 1 0 0 0 0
370	2	1 0 1 1 0 0 0 0 1 0 1 1 0 0 0 0
370	8	1 1 1 1 0 0 0 1 0 0 1 0 0 0 0 0
370	29	1 1 1 1 0 1 0 0 0 0 0 1 0 0 0 0
370	28	1 1 1 1 0 0 0 1 1 0 0 0 0 0 0 0
370	2	1 1 0 1 0 1 0 0 1 0 1 0 0 0 0 0
370	1	1 1 0 1 0 0 0 1 1 0 0 1 0 0 0 0
370	36	0 1 1 1 0 0 0 0 0 0 0 1 0 0 0 0
370	13	1 1 1 1 0 1 0 0 1 0 0 1 0 0 0 0
370	3	1 1 1 0 0 1 0 1 1 0 1 1 0 0 0 0
370	11	1 0 1 1 0 1 0 1 1 0 0 0 0 0 0 0
370	12	1 1 1 1 0 0 0 1 1 0 1 1 0 0 0 0
370	18	1 1 1 1 0 1 0 0 0 0 1 0 0 0 0 0
370	2	1 1 1 1 1 0 0 0 1 0 0 1 0 0 0 0
370	2	1 1 0 0 0 0 0 1 1 0 1 1 0 1 0 0
370	5	1 1 1 1 0 0 0 0 1 0 1 1 0 0 1 0
370	17	1 1 0 1 0 0 0 0 0 0 0 1 0 0 0 0
370	10	1 1 1 1 0 0 0 0 1 0 0 0 0 0 0 0
370	1	1 1 1 1 0 0 0 0 1 0 0 1 1 0 0 0
370	15	1 1 1 1 0 0 0 0 0 0 1 0 0 1 0 0
370	16	1 1 0 1 0 0 0 0 1 0 1 1 0 0 1 0
370	7	1 1 1 1 0 0 0 1 1 0 0 0 0 0 0 1
370	3	1 1 1 1 0 1 0 1 1 0 0 1 0 0 0 0
370	5	1 0 1 1 0 1 1 1 1 0 0 0 0 0 0 0
370	8	1 1 1 0 0 1 0 1 0 0 1 1 0 0 0 0
370	2	1 1 1 1 1 1 1 0 1 0 1 1 0 0 1 0
370	2	1 0 1 1 0 1 0 1 1 0 1 1 0 0 0 0
370	1	1 1 1 1 0 0 1 1 1 1 1 0 0 0 0 0
370	4	1 1 1 1 0 0 0 0 0 0 1 0 1 0 0 0
370	5	0 1 1 1 0 0 0 1 1 0 0 0 0 0 0 0
370	3	1 1 0 0 0 0 0 1 1 0 0 1 0 1 0 0
370	1	1 1 0 0 0 1 1 0 1 0 1 1 0 0 0 0
370	6	1 1 1 1 0 0 0 1 1 0 1 0 0 0 0 0
370	2	1 1 1 1 0 0 0 1 1 1 1 0 0 0 0 1
370	2	1 1 1 0 0 1 0 1 1 0 1 1 1 0 0 0
370	1	1 1 1 1 1 0 0 0 0 0 1 1 0 0 0 0
370	7	1 1 0 1 0 0 0 1 0 0 0 1 0 0 0 0
370	2	1 1 1 1 1 0 0 1 0 0 1 0 0 1 0 0
370	6	1 0 1 1 0 1 0 0 0 0 0 1 0 0 0 0
370	1	0 1 1 1 0 0 0 0 1 0 0 1 0 0 0 0
370	6	1 1 1 0 0 1 1 0 0 0 1 1 0 0 0 0
370	2	0 1 1 0 0 1 1 0 1 0 1 1 0 0 0 0
370	18	1 1 1 1 0 0 0 0 1 1 0 0 1 0 0 0
370	5	1 1 0 0 0 0 0 0 1 0 1 1 0 0 0 1
370	5	1 1 0 1 0 1 0 1 1 0 1 0 0 0 0 0
370	4	1 0 0 1 0 0 0 0 1 0 0 0 0 0 0 0
370	5	1 1 1 1 0 0 0 0 1 0 1 0 0 1 0 0
370	6	1 1 0 1 0 0 0 1 1 1 1 0 0 0 0 0
370	5	1 1 1 1 0 0 0 0 0 0 0 0 0 0 1 1
370	2	1 1 1 1 0 0 0 1 1 0 0 0 1 0 0 0
370	1	0 1 1 1 0 0 0 0 0 1 0 1 0 0 0 0
370	4	0 1 0 1 0 0 0 0 0 0 0 1 0 0 0 0
370	1	1 1 1 1 0 1 0 0 1 0 1 1 0 0 0 0
370	4	1 1 1 1 0 0 0 0 1 0 0 0 1 0 0 0
370	7	1 1 1 1 0 0 0 1 1 0 1 0 0 0 0 1
370	2	1 1 1 0 0 0 0 1 1 0 1 0 0 0 0 0
370	3	1 1 1 1 0 0 1 1 1 0 1 1 0 0 0 0
370	1	1 1 1 1 1 0 0 0 0 0 0 1 0 0 0 0
370	8	1 1 1 1 0 0 0 1 1 0 1 0 1 0 0 0
370	8	1 1 1 1 0 0 0 0 1 1 0 0 0 0 0 1
370	3	0 1 0 1 1 0 0 0 1 0 1 0 0 0 0 0
370	3	0 1 1 1 0 0 0 0 1 1 1 0 0 0 0 0
370	2	1 1 1 1 0 0 0 1 1 0 0 1 0 0 0 0
370	3	1 1 0 1 0 0 0 0 1 1 1 1 0 0 0 0
370	2	1 1 1 1 0 0 0 1 0 0 0 0 0 0 0 0
370	2	1 0 1 1 0 1 0 1 1 0 0 0 0 1 0 0
370	4	1 1 1 1 0 0 0 1 1 0 0 0 1 0 0 1
370	4	1 1 0 1 0 1 0 0 1 0 1 1 0 0 0 0
370	2	1 1 0 1 1 0 0 0 1 0 1 1 0 0 0 0
370	2	0 1 1 1 0 0 0 0 0 0 0 1 0 1 0 0
370	3	1 1 1 1 0 0 0 1 1 1 0 0 0 0 0 0
370	1	1 1 1 1 0 0 0 0 1 0 0 0 0 0 0 1
370	1	0 1 0 0 1 0 0 0 1 0 0 1 0 0 0 0
370	6	1 1 1 0 0 0 0 0 1 0 0 1 0 0 0 0
370	2	1 1 1 1 0 0 0 1 1 1 1 0 1 0 0 0
370	4	1 1 1 1 1 0 1 1 0 0 1 0 0 1 0 0
370	7	0 1 1 1 0 0 0 0 1 0 0 1 0 0 0 1
370	2	1 1 0 1 1 0 0 1 1 0 0 0 1 0 0 1
370	4	0 1 0 1 1 0 0 0 0 0 0 1 0 0 0 0
370	9	1 1 1 1 0 0 0 0 0 0 0 1 0 0 0 0
370	1	1 1 1 1 0 1 0 0 0 0 0 0 0 0 0 0
370	2	1 1 0 1 0 0 0 0 1 0 0 0 0 0 0 0
370	2	1 1 0 1 1 1 0 1 1 0 0 0 0 0 0 1
370	5	1 1 0 1 0 1 0 1 1 0 0 0 0 0 0 1
370	7	1 1 0 1 1 0 0 1 1 0 0 0 0 0 0 1
370	2	0 1 1 1 0 0 1 0 0 0 0 1 0 0 0 0
370	2	1 1 1 1 1 1 1 0 1 1 1 1 0 0 1 0
370	2	1 1 1 1 0 0 0 0 0 0 1 0 1 1 0 0
370	1	1 1 1 1 0 0 0 1 1 1 0 0 0 0 0 1
370	1	1 1 1 1 0 1 0 1 1 0 0 0 0 0 0 0
370	1	1 1 0 0 1 1 0 1 1 0 0 0 0 0 0 0
370	2	1 0 1 1 0 0 0 0 1 1 0 0 0 0 0 0
370	3	1 0 1 1 0 0 0 1 1 1 1 0 0 0 0 0
370	2	1 1 1 1 0 0 0 0 0 0 1 1 1 0 0 0
370	2	1 1 1 1 0 0 0 0 0 1 1 1 0 0 0 0
370	1	1 1 0 1 0 1 0 0 0 0 1 0 0 0 0 0
370	4	1 1 1 1 0 1 1 0 0 0 1 0 0 0 0 0
370	2	1 1 1 1 0 0 1 1 1 0 1 0 0 0 0 0
380	2	1 1 0 1 0 0 0 0 1 0 1 0 0 0 0 0
380	23	1 1 0 1 1 1 0 1 1 0 0 0 0 0 0 0
380	15	1 1 1 1 0 0 0 0 1 0 1 1 0 0 0 0
380	18	1 1 1 1 0 0 0 0 0 0 0 0 0 0 1 0
380	9	1 1 0 1 0 0 0 0 1 0 1 1 0 0 0 0
380	41	1 1 1 1 0 0 0 0 1 1 0 0 0 0 0 0
380	23	0 1 0 1 1 0 0 0 1 0 0 1 0 0 0 0
380	58	1 1 1 1 0 0 0 0 1 0 0 1 0 0 0 0
380	25	1 1 1 1 0 0 0 0 1 0 1 0 0 0 0 0
380	24	1 1 1 1 0 1 1 0 1 0 1 1 0 0 0 0
380	16	1 1 1 1 0 0 0 0 1 1 1 1 0 0 0 0
380	24	1 1 1 1 0 0 0 0 0 1 0 0 0 0 0 0
380	18	1 0 1 1 0 0 0 0 1 0 0 1 0 0 0 0
380	43	1 1 1 1 0 0 0 0 0 0 1 0 0 0 0 0
380	4	1 1 0 1 0 0 0 0 1 0 0 1 0 0 0 0
380	37	1 1 1 1 0 0 0 1 1 1 1 0 0 0 0 0
380	8	1 1 1 1 0 1 1 0 1 0 0 1 0 0 0 0
380	56	1 1 1 1 0 0 0 0 0 0 1 1 0 0 0 0
380	1	1 0 1 1 0 0 0 0 1 0 1 1 0 0 0 0
380	1	1 1 1 1 0 0 0 1 0 0 1 0 0 0 0 0
380	42	1 1 1 1 0 1 0 0 0 0 0 1 0 0 0 0
380	55	1 1 1 1 0 0 0 1 1 0 0 0 0 0 0 0
380	5	1 1 0 1 0 1 0 0 1 0 1 0 0 0 0 0
380	36	0 1 1 1 0 0 0 0 0 0 0 1 0 0 0 0
380	16	1 1 1 1 0 0 0 1 1 0 1 1 0 0 0 0
380	4	1 1 1 1 0 1 0 0 0 0 1 0 0 0 0 0
380	13	1 1 0 0 0 0 0 1 1 0 1 1 0 1 0 0
380	8	1 1 0 1 0 0 0 0 0 0 0 1 0 0 0 0
380	5	1 1 1 1 0 0 0 0 0 0 1 0 0 1 0 0
380	3	1 1 0 1 0 0 0 0 1 0 1 1 0 0 1 0
380	2	1 1 1 1 0 1 0 1 1 0 0 1 0 0 0 0
380	19	1 1 1 1 0 0 0 0 0 0 1 0 1 0 0 0
380	4	1 1 0 0 0 1 1 0 1 0 1 1 0 0 0 0
380	20	1 1 1 1 0 0 0 1 1 0 1 0 0 0 0 0
380	11	1 1 0 1 0 0 0 1 0 0 0 1 0 0 0 0
380	24	1 1 1 0 0 1 1 0 0 0 1 1 0 0 0 0
380	2	0 1 1 0 0 1 1 0 1 0 1 1 0 0 0 0
380	6	1 1 1 1 0 0 0 0 1 1 0 0 1 0 0 0
380	7	1 1 0 1 0 1 0 1 1 0 1 0 0 0 0 0
380	5	1 1 1 1 0 0 0 1 1 0 0 0 1 0 0 0
380	6	1 1 1 1 0 0 0 0 1 0 0 0 1 0 0 0
380	3	1 1 1 1 0 0 0 1 1 0 1 0 0 0 0 1
380	6	1 1 1 1 0 0 0 1 1 0 1 0 1 0 0 0
380	28	1 1 1 1 0 0 0 0 1 1 0 0 0 0 0 1
380	11	1 1 1 1 0 0 0 1 0 0 0 0 0 0 0 0
380	14	0 1 1 1 0 0 0 0 0 0 0 1 0 1 0 0
380	7	1 1 1 0 0 0 0 0 1 0 0 1 0 0 0 0
380	17	1 1 1 1 1 0 1 1 0 0 1 0 0 1 0 0
380	4	0 1 1 1 0 0 0 0 1 0 0 1 0 0 0 1
380	6	0 1 0 1 1 0 0 0 0 0 0 1 0 0 0 0
380	26	1 1 1 1 0 0 0 0 0 0 0 1 0 0 0 0
380	21	1 1 0 1 1 0 0 1 1 0 0 0 0 0 0 1
380	9	0 1 1 1 0 0 1 0 0 0 0 1 0 0 0 0
380	8	1 1 1 1 0 0 0 0 0 0 1 1 1 0 0 0
380	2	1 1 0 1 0 1 0 0 0 0 1 0 0 0 0 0
380	3	1 1 1 1 0 0 1 1 1 0 1 0 0 0 0 0
380	2	0 1 1 1 0 0 0 0 0 0 0 0 0 0 0 0
380	2	1 0 1 1 0 0 0 0 1 0 0 1 0 1 0 0
380	8	1 1 1 1 1 0 0 0 0 0 0 0 0 0 1 1
380	2	1 1 1 1 0 0 0 1 1 0 0 0 0 0 0 1
380	5	0 1 1 1 0 0 0 0 1 0 1 0 0 0 0 0
380	5	1 1 1 1 0 0 0 0 0 0 0 0 0 0 0 0
380	7	1 1 1 1 1 0 0 0 1 0 0 0 0 0 0 0
380	1	1 0 1 1 0 1 0 0 0 0 1 0 0 0 0 0
380	3	0 0 1 0 0 1 1 0 1 0 1 1 0 0 0 0
380	2	1 1 1 1 0 1 1 0 1 0 1 1 0 0 0 1
380	1	1 1 1 1 0 0 0 0 0 1 1 0 0 1 0 0
380	1	1 1 1 0 0 1 1 0 0 0 1 0 0 0 0 0
380	3	1 1 0 1 0 0 0 0 1 1 1 0 0 0 0 0
380	2	1 1 1 1 0 0 0 0 1 0 0 0 0 0 1 0
380	1	1 1 1 1 0 0 0 0 1 0 0 0 0 0 0 0
380	2	0 0 1 1 0 0 0 0 0 0 0 1 0 0 0 0
380	5	1 1 1 1 1 0 0 0 0 0 1 0 0 0 1 1
380	1	1 1 1 1 0 1 1 0 1 0 1 0 0 0 0 0
380	3	1 1 0 1 0 0 0 0 0 0 1 0 0 0 0 0
380	2	1 1 1 0 0 1 1 0 0 0 1 0 0 1 0 0
380	2	1 1 1 0 0 0 0 0 1 0 0 0 0 0 0 0
380	1	1 0 1 1 0 0 0 0 1 1 0 0 1 0 0 0
380	3	1 1 1 1 0 0 0 1 0 0 1 1 0 0 0 0
380	2	1 1 1 0 0 0 0 0 0 0 1 1 0 0 0 0
380	2	0 1 1 1 0 0 1 0 1 0 1 0 0 0 0 0
380	1	1 1 1 1 0 0 0 0 1 0 1 0 0 0 0 1
380	1	1 1 1 1 0 0 0 0 0 0 1 0 0 0 0 1
380	2	1 0 1 1 0 0 1 0 1 0 1 1 0 0 0 0
380	1	1 1 1 1 0 1 0 1 0 0 0 1 0 0 0 0
380	1	1 1 1 1 0 1 0 0 0 1 0 1 0 0 0 0
380	2	0 1 0 1 1 0 0 0 0 0 0 1 0 1 0 0
380	1	1 0 1 1 0 0 0 0 1 0 0 0 0 1 0 0
380	1	1 1 1 1 0 0 0 0 0 0 0 1 0 1 0 0
380	1	1 1 0 1 0 1 0 0 1 0 0 0 0 0 0 0
380	1	0 1 1 1 0 1 1 0 1 0 0 1 0 0 0 0
380	2	1 1 1 1 0 0 0 1 1 0 0 1 0 0 0 0
380	2	1 1 0 1 1 1 0 1 1 1 0 0 0 0 0 0
380	3	1 1 1 1 0 0 0 0 1 1 0 1 0 0 0 0
380	2	1 1 1 1 0 0 0 0 1 1 1 0 0 0 0 0
380	1	1 0 1 1 0 0 0 1 1 0 0 1 0 0 0 0
380	3	1 1 1 1 0 0 1 0 0 0 1 1 0 0 0 0
380	2	0 1 1 1 0 1 0 0 0 0 0 1 0 0 0 0
380	1	1 1 1 1 0 0 0 0 0 0 1 0 1 0 0 1
390	8	1 1 0 1 1 1 0 1 1 0 0 0 0 0 0 0
390	21	1 1 1 1 0 0 0 0 1 0 1 1 0 0 0 0
390	2	1 1 1 1 0 0 0 0 0 0 0 0 0 0 1 0
390	5	1 1 0 1 0 0 0 0 1 0 1 1 0 0 0 0
390	53	1 1 1 1 0 0 0 0 1 1 0 0 0 0 0 0
390	15	0 1 0 1 1 0 0 0 1 0 0 1 0 0 0 0
390	56	1 1 1 1 0 0 0 0 1 0 0 1 0 0 0 0
390	56	1 1 1 1 0 0 0 0 1 0 1 0 0 0 0 0
390	2	1 1 1 1 0 1 1 0 1 0 1 1 0 0 0 0
390	8	1 1 1 1 0 0 0 0 1 1 1 1 0 0 0 0
390	6	1 1 1 1 0 0 0 0 0 1 0 0 0 0 0 0
390	9	1 0 1 1 0 0 0 0 1 0 0 1 0 0 0 0
390	33	1 1 1 1 0 0 0 0 0 0 1 0 0 0 0 0
390	3	1 1 0 1 0 0 0 0 1 0 0 1 0 0 0 0
390	25	1 1 1 1 0 0 0 1 1 1 1 0 0 0 0 0
390	13	1 1 1 1 0 1 1 0 1 0 0 1 0 0 0 0
390	37	1 1 1 1 0 0 0 0 0 0 1 1 0 0 0 0
390	12	1 1 1 1 0 1 0 0 0 0 0 1 0 0 0 0
390	78	1 1 1 1 0 0 0 1 1 0 0 0 0 0 0 0
390	14	1 1 0 1 0 1 0 0 1 0 1 0 0 0 0 0
390	41	0 1 1 1 0 0 0 0 0 0 0 1 0 0 0 0
390	35	1 1 1 1 0 0 0 1 1 0 1 1 0 0 0 0
390	7	1 1 1 1 0 1 0 0 0 0 1 0 0 0 0 0
390	10	1 1 0 0 0 0 0 1 1 0 1 1 0 1 0 0
390	23	1 1 0 1 0 0 0 0 0 0 0 1 0 0 0 0
390	10	1 1 1 1 0 0 0 0 0 0 1 0 0 1 0 0
390	32	1 1 1 1 0 0 0 0 0 0 1 0 1 0 0 0
390	2	1 1 0 0 0 1 1 0 1 0 1 1 0 0 0 0
390	20	1 1 1 1 0 0 0 1 1 0 1 0 0 0 0 0
390	12	1 1 0 1 0 0 0 1 0 0 0 1 0 0 0 0
390	7	1 1 1 0 0 1 1 0 0 0 1 1 0 0 0 0
390	3	0 1 1 0 0 1 1 0 1 0 1 1 0 0 0 0
390	14	1 1 1 1 0 0 0 0 1 1 0 0 1 0 0 0
390	6	1 1 0 1 0 1 0 1 1 0 1 0 0 0 0 0
390	3	1 1 1 1 0 0 0 1 1 0 0 0 1 0 0 0
390	8	1 1 1 1 0 0 0 1 1 0 1 0 1 0 0 0
390	11	1 1 1 1 0 0 0 0 1 1 0 0 0 0 0 1
390	3	1 1 1 1 0 0 0 1 0 0 0 0 0 0 0 0
390	3	0 1 1 1 0 0 0 0 0 0 0 1 0 1 0 0
390	11	1 1 1 1 1 0 1 1 0 0 1 0 0 1 0 0
390	2	0 1 0 1 1 0 0 0 0 0 0 1 0 0 0 0
390	36	1 1 1 1 0 0 0 0 0 0 0 1 0 0 0 0
390	11	1 1 0 1 1 0 0 1 1 0 0 0 0 0 0 1
390	16	0 1 1 1 0 0 1 0 0 0 0 1 0 0 0 0
390	3	1 1 1 1 1 0 0 0 0 0 0 0 0 0 1 1
390	2	1 1 1 1 0 0 0 1 1 0 0 0 0 0 0 1
390	17	1 1 1 1 0 0 0 0 0 0 0 0 0 0 0 0
390	1	1 1 1 1 1 0 0 0 1 0 0 0 0 0 0 0
390	5	1 1 1 1 0 0 0 0 0 1 1 0 0 1 0 0
390	22	1 1 1 1 0 0 0 0 1 0 0 0 0 0 0 0
390	5	1 1 1 0 0 1 1 0 0 0 1 0 0 1 0 0
390	3	1 1 1 1 0 0 0 1 0 0 1 1 0 0 0 0
390	4	0 1 1 1 0 0 1 0 1 0 1 0 0 0 0 0
390	18	1 1 1 1 0 0 0 0 1 1 0 1 0 0 0 0
390	23	1 1 1 1 0 0 0 0 1 1 1 0 0 0 0 0
390	3	1 1 1 1 0 0 1 0 0 0 1 1 0 0 0 0
390	4	1 1 0 1 1 0 0 1 0 0 0 1 0 0 0 0
390	1	1 1 1 1 0 0 0 0 0 0 1 1 0 1 0 0
390	1	1 1 1 1 0 1 0 0 1 0 0 1 0 0 0 0
390	4	0 1 1 1 0 0 1 0 0 0 0 1 0 1 0 0
390	1	1 1 0 1 1 1 0 1 1 0 0 0 0 0 0 1
390	1	1 1 0 1 0 1 0 1 1 0 1 1 0 0 0 0
390	2	1 1 1 1 0 0 0 0 1 0 0 1 1 0 0 0
390	4	1 1 0 1 0 0 0 0 0 1 0 0 0 0 0 0
390	1	1 1 0 0 0 1 1 0 1 1 1 1 0 0 0 0
390	1	0 0 1 1 0 0 0 0 0 0 0 1 0 1 0 0
390	2	0 1 0 1 1 0 1 0 0 0 0 1 0 0 0 0
390	4	0 1 0 1 1 1 0 1 1 0 0 0 0 0 0 0
390	3	1 1 1 1 0 0 1 0 1 1 0 0 1 0 0 0
390	13	1 1 0 1 0 0 0 1 0 0 1 0 0 0 0 0
390	2	1 1 1 1 0 0 1 0 0 0 1 0 0 0 0 0
390	1	1 1 1 1 0 0 0 1 1 0 0 1 0 0 0 0
390	3	1 1 1 1 0 1 0 0 0 0 0 1 0 0 0 1
390	2	0 1 0 1 0 0 1 0 0 0 0 1 0 1 0 0
390	1	1 1 1 1 0 0 0 0 0 0 0 1 0 1 0 0
390	1	1 1 0 0 0 0 0 1 1 0 0 1 0 0 0 0
390	2	1 1 1 1 0 0 0 0 1 0 1 1 0 1 0 0
390	1	1 1 0 1 0 0 0 0 1 1 0 0 0 0 0 0
390	5	1 0 1 1 0 0 0 0 0 0 0 1 0 0 0 0
390	1	0 1 1 1 0 0 0 0 1 0 0 1 1 0 0 0
390	7	1 1 1 0 0 0 0 0 0 0 0 0 0 0 1 0
390	2	1 1 1 0 0 0 0 1 1 1 1 0 0 0 0 0
390	8	1 1 1 1 0 1 0 0 0 0 0 0 0 0 0 0
390	4	1 1 1 1 1 0 0 0 1 0 0 1 0 0 0 0
390	2	1 1 1 1 0 0 0 1 0 0 1 0 0 0 0 0
390	3	0 1 1 1 0 0 0 0 0 0 1 1 0 0 0 0
390	2	1 1 1 1 0 0 0 0 0 0 0 0 0 0 1 1
390	3	0 1 0 1 1 0 0 0 1 0 0 1 0 0 1 0
390	3	1 1 1 1 1 0 0 1 1 0 1 1 0 0 0 0
390	1	1 0 1 1 0 0 0 1 1 0 1 1 0 0 0 0
390	1	1 1 0 1 0 0 0 1 0 0 0 1 0 0 1 0
390	1	1 1 0 1 1 0 0 1 0 0 1 1 0 0 0 0
390	3	1 1 0 1 1 0 0 0 1 0 0 1 0 0 0 0
390	2	1 1 1 1 0 0 1 0 1 0 0 1 0 0 0 0
390	1	1 1 1 1 0 0 0 0 0 0 1 1 0 0 0 1
390	1	0 1 1 1 0 0 0 1 1 0 0 0 0 0 0 0
390	1	1 1 1 1 1 0 1 1 1 0 1 0 0 1 0 0
390	3	0 1 1 1 1 0 0 0 0 0 0 0 0 0 1 1
390	2	0 1 1 1 0 0 0 0 1 0 0 0 1 0 0 0
390	1	1 0 0 1 1 0 0 1 0 0 1 1 0 0 0 0
400	18	1 1 0 1 1 1 0 1 1 0 0 0 0 0 0 0
400	29	1 1 1 1 0 0 0 0 1 0 1 1 0 0 0 0
400	1	1 1 1 1 0 0 0 0 0 0 0 0 0 0 1 0
400	50	1 1 1 1 0 0 0 0 1 1 0 0 0 0 0 0
400	1	0 1 0 1 1 0 0 0 1 0 0 1 0 0 0 0
400	27	1 1 1 1 0 0 0 0 1 0 0 1 0 0 0 0
400	51	1 1 1 1 0 0 0 0 1 0 1 0 0 0 0 0
400	3	1 1 1 1 0 0 0 0 0 1 0 0 0 0 0 0
400	27	1 1 1 1 0 0 0 0 0 0 1 0 0 0 0 0
400	7	1 1 0 1 0 0 0 0 1 0 0 1 0 0 0 0
400	6	1 1 1 1 0 0 0 1 1 1 1 0 0 0 0 0
400	44	1 1 1 1 0 0 0 0 0 0 1 1 0 0 0 0
400	4	1 1 1 1 0 1 0 0 0 0 0 1 0 0 0 0
400	78	1 1 1 1 0 0 0 1 1 0 0 0 0 0 0 0
400	4	1 1 0 1 0 1 0 0 1 0 1 0 0 0 0 0
400	49	0 1 1 1 0 0 0 0 0 0 0 1 0 0 0 0
400	4	1 1 1 1 0 0 0 1 1 0 1 1 0 0 0 0
400	29	1 1 0 0 0 0 0 1 1 0 1 1 0 1 0 0
400	17	1 1 0 1 0 0 0 0 0 0 0 1 0 0 0 0
400	8	1 1 1 1 0 0 0 0 0 0 1 0 0 1 0 0
400	6	1 1 1 1 0 0 0 0 0 0 1 0 1 0 0 0
400	27	1 1 1 1 0 0 0 1 1 0 1 0 0 0 0 0
400	5	1 1 0 1 0 0 0 1 0 0 0 1 0 0 0 0
400	5	1 1 1 1 0 0 0 1 1 0 1 0 1 0 0 0
400	12	1 1 1 1 0 0 0 0 1 1 0 0 0 0 0 1
400	18	1 1 1 1 1 0 1 1 0 0 1 0 0 1 0 0
400	60	1 1 1 1 0 0 0 0 0 0 0 1 0 0 0 0
400	29	1 1 0 1 1 0 0 1 1 0 0 0 0 0 0 1
400	8	0 1 1 1 0 0 1 0 0 0 0 1 0 0 0 0
400	7	1 1 1 1 0 0 0 1 1 0 0 0 0 0 0 1
400	4	1 1 1 1 0 0 0 0 0 0 0 0 0 0 0 0
400	5	1 1 1 1 0 0 0 0 1 0 0 0 0 0 0 0
400	9	1 1 1 0 0 1 1 0 0 0 1 0 0 1 0 0
400	6	1 1 1 1 0 0 0 0 1 1 0 1 0 0 0 0
400	25	1 1 1 1 0 0 0 0 1 1 1 0 0 0 0 0
400	3	1 1 0 1 0 1 0 1 1 0 1 1 0 0 0 0
400	6	1 1 0 1 0 0 0 0 0 1 0 0 0 0 0 0
400	5	1 1 1 1 0 0 1 0 1 1 0 0 1 0 0 0
400	3	1 1 0 1 0 0 0 1 0 0 1 0 0 0 0 0
400	4	0 1 0 1 0 0 1 0 0 0 0 1 0 1 0 0
400	13	1 1 0 0 0 0 0 1 1 0 0 1 0 0 0 0
400	13	1 0 1 1 0 0 0 0 0 0 0 1 0 0 0 0
400	20	1 1 1 0 0 0 0 0 0 0 0 0 0 0 1 0
400	6	1 1 1 1 0 1 0 0 0 0 0 0 0 0 0 0
400	12	1 1 1 1 1 0 0 0 1 0 0 1 0 0 0 0
400	2	1 1 1 1 0 0 0 1 0 0 1 0 0 0 0 0
400	11	0 1 1 1 0 0 0 0 0 0 1 1 0 0 0 0
400	6	0 1 0 1 1 0 0 0 1 0 0 1 0 0 1 0
400	5	1 0 1 1 0 0 0 1 1 0 1 1 0 0 0 0
400	4	0 1 1 1 0 0 0 1 1 0 0 0 0 0 0 0
400	3	0 1 1 1 0 0 0 0 1 0 0 0 1 0 0 0
400	2	0 1 0 1 1 0 0 0 1 0 0 0 0 0 0 0
400	6	0 1 1 1 0 0 0 0 0 0 0 1 0 0 0 1
400	1	0 1 1 1 0 0 0 0 1 0 0 1 0 0 0 0
400	16	1 1 1 1 0 0 0 0 1 0 0 0 0 0 0 1
400	3	1 1 0 1 0 0 0 1 1 0 0 0 0 0 0 0
400	19	1 1 1 1 0 0 0 0 1 0 1 0 0 0 1 0
400	5	1 1 1 0 0 1 1 0 1 0 0 1 0 0 0 0
400	13	1 1 1 1 0 0 0 0 0 1 1 0 1 0 0 0
400	3	1 1 1 0 0 1 1 0 1 0 1 1 0 0 0 0
400	1	1 1 1 1 0 0 0 1 0 0 0 1 0 0 1 0
400	6	0 1 1 1 0 0 0 0 1 0 0 0 0 0 0 0
400	1	1 1 1 1 0 0 0 0 1 1 1 0 0 0 1 0
400	2	1 1 0 1 0 0 0 0 1 0 1 1 0 0 1 0
400	1	1 1 0 0 0 0 0 1 1 0 0 0 1 0 0 0
400	2	1 1 1 1 0 0 0 1 0 1 1 0 0 0 0 0
400	3	1 0 1 1 0 0 0 0 0 0 1 0 1 0 0 0
400	2	0 1 1 1 0 0 0 0 0 0 0 0 0 0 0 0
400	5	1 1 1 0 0 0 0 1 1 0 1 1 0 1 0 0
400	2	1 0 1 1 0 0 0 0 0 0 1 0 0 0 0 0
400	4	1 1 0 1 0 0 0 1 0 0 0 0 0 0 0 0
400	2	1 1 0 1 0 0 0 0 1 0 0 0 0 0 0 0
400	12	0 1 1 1 1 0 1 0 0 0 0 1 0 0 0 1
400	4	1 1 1 1 0 0 0 1 1 0 0 0 0 0 1 0
400	9	0 1 1 1 0 0 0 1 1 0 0 1 0 0 0 0
400	2	1 1 1 1 0 1 0 0 0 1 0 0 0 0 0 0
400	4	1 1 1 1 0 1 0 1 1 0 0 0 0 0 0 0
400	1	1 1 1 0 0 1 1 0 0 0 1 1 0 1 0 0
400	4	1 1 1 1 0 1 0 0 0 0 1 0 0 0 0 0
400	2	0 1 1 1 1 0 1 0 0 0 0 0 0 0 0 0
400	1	1 0 1 1 0 0 0 1 1 0 0 0 0 0 0 0
400	3	1 1 0 1 0 0 0 0 1 1 1 0 0 0 1 0
400	4	0 0 1 1 0 0 0 0 1 1 0 0 0 0 0 0
400	2	1 1 1 1 0 0 0 0 0 0 0 1 0 0 0 1
400	2	1 1 1 1 0 0 0 0 1 1 0 0 0 1 0 0
400	7	1 1 1 1 0 1 0 0 1 0 0 1 0 0 0 0
400	3	1 1 1 1 0 0 0 0 0 1 1 1 0 0 0 0
400	2	1 1 1 1 0 0 0 1 1 0 1 1 0 0 0 1
400	1	1 1 0 0 0 0 0 1 0 0 0 1 0 0 0 0
400	4	1 1 0 1 0 0 0 0 0 0 0 1 0 1 0 0
400	2	0 1 0 1 0 0 1 0 0 0 0 1 0 0 0 0
400	3	1 1 0 0 0 0 0 1 1 0 0 1 0 0 0 1
400	2	1 0 1 1 0 0 0 0 1 1 0 0 0 0 0 0
400	1	1 0 1 1 0 0 0 0 1 0 1 0 0 0 0 0
400	3	1 1 1 1 1 0 0 0 0 0 0 1 0 0 0 0
400	5	1 1 1 1 0 0 0 0 0 0 0 1 1 0 0 0
400	3	1 1 0 1 1 0 0 1 1 0 0 0 0 0 0 0
400	3	1 1 0 0 0 1 1 0 0 0 1 0 0 1 0 0
400	1	1 1 0 1 0 0 0 0 0 0 0 0 0 0 0 0
400	1	1 1 1 1 0 0 0 0 0 0 0 0 0 0 0 1
400	1	0 1 1 1 0 0 0 1 1 1 1 0 0 0 0 0
400	1	1 1 1 1 0 0 0 0 1 0 1 0 1 0 0 0
400	1	1 1 1 0 0 0 0 0 0 0 1 1 0 0 0 0
400	1	0 1 1 1 1 0 0 0 0 0 0 1 0 0 0 0
400	1	1 1 1 1 0 0 0 0 0 0 0 0 1 0 0 0
400	1	1 1 1 1 1 0 0 1 1 0 1 0 0 0 0 0
400	1	1 1 1 0 0 0 0 0 0 0 0 1 0 0 0 0
400	1	1 1 1 1 0 0 0 0 0 1 0 1 0 0 0 0
400	2	0 1 1 1 0 0 0 0 1 1 0 0 1 0 0 0
400	1	1 1 1 1 0 0 0 0 0 1 0 1 0 0 0 1
