0	250	0 0 0 0 0 1 0 0 0 1 0 0 0 1 1 0
0	250	0 0 1 1 0 0 0 1 0 0 0 0 1 0 0 0
0	250	0 0 1 0 0 0 0 0 0 0 0 0 0 1 0 1
0	250	0 0 0 1 0 1 0 0 0 0 1 1 0 0 0 0
10	214	0 0 0 0 0 1 0 0 0 1 0 0 0 1 1 0
10	154	0 0 1 1 0 0 0 1 0 0 0 0 1 0 0 0
10	198	0 0 1 0 0 0 0 0 0 0 0 0 0 1 0 1
10	252	0 0 0 1 0 1 0 0 0 0 1 1 0 0 0 0
10	22	0 0 0 0 0 1 0 0 0 0 1 1 0 0 0 0
10	20	0 0 1 1 0 0 0 1 0 0 0 0 1 0 0 1
10	5	1 0 1 0 0 0 0 0 0 0 0 0 0 1 0 1
10	4	0 0 0 1 0 1 0 1 0 0 1 1 0 0 0 0
10	10	0 0 0 1 0 1 0 0 0 0 0 0 0 1 0 1
10	3	0 0 0 0 0 0 0 0 0 0 0 0 0 1 0 1
10	10	0 0 1 1 0 1 0 0 0 0 1 1 0 0 0 0
10	2	0 0 1 0 0 0 0 0 0 0 1 1 0 0 0 0
10	6	0 0 0 1 0 1 0 0 0 1 0 0 0 1 1 0
10	1	0 0 1 1 0 0 0 1 0 0 0 0 0 0 0 0
10	3	0 0 1 0 0 0 0 0 0 0 1 0 0 1 0 1
10	20	0 0 0 0 1 1 0 0 0 1 0 0 0 1 1 0
10	5	0 0 0 1 0 1 0 0 1 0 1 1 0 0 0 0
10	1	0 0 0 1 0 1 0 0 0 0 1 1 0 1 0 1
10	5	0 0 1 0 0 0 0 0 0 0 0 0 0 1 0 0
10	3	0 0 0 1 0 0 0 1 0 0 0 0 1 0 0 0
10	1	0 0 1 1 0 0 0 1 0 0 0 0 1 1 0 1
10	1	0 0 0 0 0 1 0 0 0 1 0 0 0 0 1 0
10	1	0 0 0 0 0 1 0 0 0 1 0 0 0 0 0 0
10	12	0 0 0 0 0 1 0 0 0 1 0 0 0 1 0 0
10	3	0 0 0 0 1 1 0 0 0 1 0 0 0 1 1 1
10	2	0 0 1 0 0 0 0 0 0 0 0 0 0 1 1 1
10	1	0 0 1 1 0 0 0 0 0 0 0 0 0 1 0 1
10	1	0 0 1 0 0 1 0 0 0 0 1 1 0 0 0 0
10	5	0 0 0 1 0 1 0 0 0 0 1 0 0 1 0 1
10	5	0 0 1 1 0 0 0 1 0 0 0 0 1 1 0 0
10	4	0 0 0 1 0 1 0 0 0 0 1 1 0 1 0 0
10	1	0 0 1 1 0 0 0 1 0 0 0 0 0 1 1 1
10	1	0 0 1 1 0 0 0 1 0 0 0 0 1 1 1 0
10	1	0 0 1 0 0 0 0 0 0 0 0 0 1 0 0 1
10	4	0 0 0 1 0 0 0 0 0 0 0 0 0 1 0 1
10	3	0 0 0 1 0 1 0 0 0 1 0 0 1 0 0 1
10	4	0 0 1 1 1 0 0 1 0 0 0 0 1 0 0 0
10	2	0 0 1 1 0 0 0 0 0 0 0 0 1 0 0 0
10	1	0 0 1 0 0 0 0 1 0 0 0 0 0 1 0 1
10	1	0 0 1 0 0 0 0 0 0 0 0 0 0 0 0 1
10	3	0 1 1 0 0 0 0 0 0 0 0 0 0 1 0 1
10	1	0 0 1 0 0 0 0 0 1 0 0 0 0 1 0 1
10	1	0 0 0 1 0 1 0 0 0 0 1 1 0 0 1 0
10	1	0 0 1 0 0 0 0 0 0 0 0 1 0 1 0 1
10	2	0 0 0 1 0 1 0 0 0 0 1 0 0 0 0 0
20	136	0 0 0 0 0 1 0 0 0 1 0 0 0 1 1 0
20	59	0 0 1 1 0 0 0 1 0 0 0 0 1 0 0 0
20	184	0 0 1 0 0 0 0 0 0 0 0 0 0 1 0 1
20	201	0 0 0 1 0 1 0 0 0 0 1 1 0 0 0 0
20	5	0 0 0 0 0 1 0 0 0 0 1 1 0 0 0 0
20	27	0 0 1 1 0 0 0 1 0 0 0 0 1 0 0 1
20	4	0 0 0 1 0 1 0 0 0 0 0 0 0 1 0 1
20	48	0 0 1 1 0 1 0 0 0 0 1 1 0 0 0 0
20	26	0 0 0 1 0 1 0 0 0 1 0 0 0 1 1 0
20	46	0 0 0 0 1 1 0 0 0 1 0 0 0 1 1 0
20	14	0 0 0 0 0 1 0 0 0 1 0 0 0 1 0 0
20	1	0 0 0 0 1 1 0 0 0 1 0 0 0 1 1 1
20	10	0 0 1 0 0 0 0 0 0 0 0 0 0 1 1 1
20	8	0 0 1 0 0 1 0 0 0 0 1 1 0 0 0 0
20	32	0 0 0 1 0 1 0 0 0 0 1 0 0 1 0 1
20	1	0 0 1 1 1 0 0 1 0 0 0 0 1 0 0 0
20	4	0 1 1 0 0 0 0 0 0 0 0 0 0 1 0 1
20	9	0 0 0 1 0 1 0 0 0 0 1 1 0 0 1 0
20	3	0 0 1 0 0 0 0 0 0 0 0 1 0 1 0 1
20	9	1 0 0 0 0 1 0 0 0 1 0 0 0 1 1 0
20	2	0 0 0 1 0 1 1 0 0 0 1 1 0 0 0 0
20	6	0 0 0 0 0 0 0 0 0 1 0 0 0 1 1 0
20	9	0 0 1 1 0 1 0 1 0 0 0 0 1 0 0 0
20	2	0 0 0 1 0 1 0 0 0 0 0 1 0 0 0 0
20	2	1 0 1 0 0 0 0 0 0 0 0 0 1 1 0 1
20	9	0 0 0 0 0 1 0 0 0 1 0 0 0 1 1 1
20	9	0 0 1 1 0 0 0 1 0 0 0 0 0 1 0 1
20	8	0 0 0 0 0 1 0 0 0 1 0 0 0 0 0 0
20	5	0 0 1 0 0 0 0 1 0 0 0 0 1 1 0 1
20	2	0 0 0 1 0 1 1 0 0 0 1 1 0 0 1 0
20	9	0 0 1 1 0 0 0 1 0 0 0 0 1 0 1 0
20	5	0 1 1 0 0 0 0 0 0 0 0 0 1 0 0 1
20	3	0 0 1 1 0 0 0 0 0 1 0 0 0 1 1 1
20	7	0 0 1 1 0 0 0 0 0 0 0 0 0 1 0 1
20	5	0 0 0 0 0 1 0 0 0 1 0 1 0 1 1 0
20	1	0 0 1 1 0 0 0 1 0 0 0 1 1 0 0 0
20	19	0 0 1 1 0 0 0 1 0 0 0 0 0 0 0 0
20	7	0 0 0 0 0 1 0 0 0 1 0 1 0 1 0 0
20	6	0 0 1 0 0 1 0 0 0 0 0 0 0 1 0 1
20	8	0 0 0 1 0 1 0 1 0 0 1 1 0 0 0 0
20	1	0 0 1 1 0 0 0 1 0 0 0 0 0 0 0 1
20	4	0 0 1 0 0 0 0 0 0 0 0 1 0 1 0 0
20	4	0 0 0 0 0 1 0 0 0 1 0 0 1 1 1 0
20	2	0 0 0 0 0 1 0 0 0 1 1 0 0 1 1 0
20	3	0 0 0 0 0 1 0 0 1 1 0 0 0 1 1 0
20	5	0 0 0 1 0 0 0 0 0 0 1 1 0 0 0 0
20	1	0 0 0 0 1 1 0 0 0 1 1 0 0 1 1 0
20	4	0 0 0 1 0 0 0 0 0 0 1 1 0 0 1 0
20	2	0 0 1 1 0 1 0 0 0 0 1 0 0 1 0 1
20	2	0 0 0 0 0 1 0 0 0 1 0 1 0 0 1 0
20	2	0 0 1 0 0 0 0 0 0 0 1 1 0 0 0 0
20	1	0 0 1 0 0 0 0 0 0 0 0 0 0 0 0 0
20	3	0 0 0 0 1 1 0 0 0 0 1 1 0 0 0 0
20	2	0 0 1 0 0 0 0 0 1 0 0 0 0 1 0 1
20	3	0 0 1 0 0 0 1 0 0 0 0 0 0 1 0 1
20	4	0 0 0 1 0 1 0 0 0 0 1 1 0 1 0 0
20	2	0 0 0 1 0 1 0 0 0 0 1 0 0 1 1 1
20	1	0 0 1 1 0 1 0 1 0 0 0 0 0 0 0 0
20	1	0 0 0 0 0 0 0 0 0 0 0 0 0 1 0 1
20	1	0 0 0 1 0 1 0 0 0 0 0 0 1 0 0 1
20	1	0 0 0 1 0 1 0 0 0 0 1 1 1 0 0 0
30	95	0 0 0 0 0 1 0 0 0 1 0 0 0 1 1 0
30	22	0 0 1 1 0 0 0 1 0 0 0 0 1 0 0 0
30	209	0 0 1 0 0 0 0 0 0 0 0 0 0 1 0 1
30	169	0 0 0 1 0 1 0 0 0 0 1 1 0 0 0 0
30	29	0 0 0 0 0 1 0 0 0 0 1 1 0 0 0 0
30	13	0 0 1 1 0 0 0 1 0 0 0 0 1 0 0 1
30	9	0 0 0 1 0 1 0 0 0 0 0 0 0 1 0 1
30	30	0 0 1 1 0 1 0 0 0 0 1 1 0 0 0 0
30	17	0 0 0 1 0 1 0 0 0 1 0 0 0 1 1 0
30	20	0 0 0 0 1 1 0 0 0 1 0 0 0 1 1 0
30	20	0 0 0 0 0 1 0 0 0 1 0 0 0 1 0 0
30	24	0 0 1 0 0 0 0 0 0 0 0 0 0 1 1 1
30	10	0 0 1 0 0 1 0 0 0 0 1 1 0 0 0 0
30	35	0 0 0 1 0 1 0 0 0 0 1 0 0 1 0 1
30	43	0 0 0 1 0 1 0 0 0 0 1 1 0 0 1 0
30	5	0 0 1 0 0 0 0 0 0 0 0 1 0 1 0 1
30	5	1 0 0 0 0 1 0 0 0 1 0 0 0 1 1 0
30	7	0 0 0 1 0 1 1 0 0 0 1 1 0 0 0 0
30	11	0 0 0 0 0 0 0 0 0 1 0 0 0 1 1 0
30	5	0 0 1 1 0 1 0 1 0 0 0 0 1 0 0 0
30	3	0 0 0 1 0 1 0 0 0 0 0 1 0 0 0 0
30	3	0 0 0 0 0 1 0 0 0 1 0 0 0 1 1 1
30	4	0 0 1 1 0 0 0 1 0 0 0 0 0 1 0 1
30	24	0 0 0 0 0 1 0 0 0 1 0 0 0 0 0 0
30	11	0 0 1 1 0 0 0 1 0 0 0 0 1 0 1 0
30	2	0 1 1 0 0 0 0 0 0 0 0 0 1 0 0 1
30	4	0 0 1 1 0 0 0 0 0 1 0 0 0 1 1 1
30	3	0 0 1 1 0 0 0 0 0 0 0 0 0 1 0 1
30	12	0 0 1 1 0 0 0 1 0 0 0 0 0 0 0 0
30	9	0 0 0 0 0 1 0 0 0 1 0 1 0 1 0 0
30	1	0 0 1 0 0 1 0 0 0 0 0 0 0 1 0 1
30	2	0 0 0 1 0 1 0 1 0 0 1 1 0 0 0 0
30	1	0 0 0 0 0 1 0 0 1 1 0 0 0 1 1 0
30	4	0 0 0 0 1 1 0 0 0 1 1 0 0 1 1 0
30	3	0 0 1 0 0 0 0 0 0 0 0 0 0 0 0 0
30	2	0 0 0 0 1 1 0 0 0 0 1 1 0 0 0 0
30	4	0 0 1 0 0 0 0 0 1 0 0 0 0 1 0 1
30	9	0 0 1 0 0 0 0 0 0 0 0 0 0 1 0 0
30	5	0 0 0 1 0 1 0 0 0 0 1 1 0 0 0 1
30	4	0 0 0 1 0 0 0 1 0 0 0 0 0 0 0 0
30	16	0 0 0 0 0 1 0 0 0 1 0 0 0 0 1 0
30	5	0 0 1 0 0 0 0 0 0 0 0 0 1 1 0 1
30	3	0 0 0 0 1 1 0 0 0 0 0 0 0 1 0 1
30	5	0 0 1 0 0 1 0 0 0 1 0 0 0 1 1 0
30	2	0 0 1 1 0 0 1 1 0 0 0 0 1 0 1 0
30	11	0 0 1 0 0 1 0 0 0 1 0 1 0 1 0 0
30	3	1 0 0 0 1 1 0 0 0 0 1 1 0 0 0 0
30	2	0 0 1 0 0 1 0 0 0 1 0 0 0 0 0 0
30	2	0 0 1 0 0 0 0 0 0 1 0 0 0 1 1 0
30	2	0 0 1 0 0 0 0 1 0 0 0 0 1 0 0 1
30	3	0 0 0 0 0 0 0 0 0 0 0 0 0 1 0 1
30	3	0 0 0 0 1 1 0 0 0 1 0 1 0 1 1 0
30	3	0 0 0 0 0 1 0 0 0 0 1 1 0 0 1 0
30	3	0 0 1 1 0 0 0 1 0 0 0 0 1 1 0 1
30	1	0 0 1 0 0 0 0 0 1 0 0 0 0 1 0 0
30	8	0 0 0 1 0 1 0 1 0 0 1 1 0 0 1 0
30	1	0 0 0 0 0 1 0 0 0 0 0 0 0 1 1 0
30	1	0 0 0 1 0 1 0 0 0 1 1 1 0 0 0 0
30	2	0 0 0 1 0 0 0 0 0 0 1 1 0 0 0 0
30	1	0 0 0 1 0 1 1 0 0 0 0 1 0 0 0 0
30	3	0 0 1 1 0 1 0 1 0 0 1 0 1 0 0 0
30	2	0 0 1 0 0 0 0 0 0 0 0 0 0 0 0 1
30	1	0 0 0 0 0 1 0 0 0 0 0 0 0 1 0 1
30	9	0 0 0 1 0 1 0 0 0 0 1 1 1 0 0 0
30	1	0 0 1 1 0 1 0 0 0 0 1 1 0 0 1 0
30	4	0 0 1 0 1 0 0 0 0 0 0 0 0 1 0 1
30	3	0 0 0 1 0 1 1 0 0 0 1 0 0 1 0 1
30	1	0 0 1 1 0 0 0 0 0 0 0 1 0 1 0 1
30	3	0 0 0 0 0 1 0 0 0 1 0 0 1 0 1 0
30	1	0 0 1 1 0 0 0 1 0 0 0 0 1 1 0 0
30	2	0 0 1 1 0 0 0 0 0 0 0 0 1 0 0 0
30	1	0 0 1 0 0 0 1 0 0 0 0 0 0 1 0 1
30	1	0 0 0 1 0 1 0 0 0 0 1 1 0 1 0 0
30	1	0 0 0 1 1 1 0 0 0 0 1 1 0 0 0 0
30	1	1 0 0 1 0 1 0 0 0 0 1 1 0 0 0 0
30	1	0 0 1 0 0 0 0 0 1 0 0 0 0 0 0 0
40	41	0 0 0 0 0 1 0 0 0 1 0 0 0 1 1 0
40	30	0 0 1 1 0 0 0 1 0 0 0 0 1 0 0 0
40	55	0 0 1 0 0 0 0 0 0 0 0 0 0 1 0 1
40	204	0 0 0 1 0 1 0 0 0 0 1 1 0 0 0 0
40	45	0 0 0 0 0 1 0 0 0 0 1 1 0 0 0 0
40	4	0 0 1 1 0 0 0 1 0 0 0 0 1 0 0 1
40	68	0 0 1 1 0 1 0 0 0 0 1 1 0 0 0 0
40	6	0 0 0 1 0 1 0 0 0 1 0 0 0 1 1 0
40	11	0 0 0 0 1 1 0 0 0 1 0 0 0 1 1 0
40	45	0 0 0 0 0 1 0 0 0 1 0 0 0 1 0 0
40	7	0 0 1 0 0 0 0 0 0 0 0 0 0 1 1 1
40	8	0 0 1 0 0 1 0 0 0 0 1 1 0 0 0 0
40	22	0 0 0 1 0 1 0 0 0 0 1 0 0 1 0 1
40	52	0 0 0 1 0 1 0 0 0 0 1 1 0 0 1 0
40	3	0 0 0 1 0 1 1 0 0 0 1 1 0 0 0 0
40	3	0 0 0 0 0 0 0 0 0 1 0 0 0 1 1 0
40	22	0 0 0 0 0 1 0 0 0 1 0 0 0 0 0 0
40	2	0 1 1 0 0 0 0 0 0 0 0 0 1 0 0 1
40	6	0 0 0 1 0 1 0 1 0 0 1 1 0 0 0 0
40	12	0 0 1 0 0 0 0 0 0 0 0 0 0 0 0 0
40	6	0 0 0 0 1 1 0 0 0 0 1 1 0 0 0 0
40	11	0 0 1 0 0 0 0 0 1 0 0 0 0 1 0 1
40	9	0 0 0 1 0 1 0 0 0 0 1 1 0 0 0 1
40	3	0 0 0 1 0 0 0 1 0 0 0 0 0 0 0 0
40	22	0 0 0 0 0 1 0 0 0 1 0 0 0 0 1 0
40	3	0 0 1 0 0 0 0 0 0 0 0 0 1 1 0 1
40	23	0 0 1 0 0 1 0 0 0 1 0 0 0 1 1 0
40	13	0 0 1 0 0 1 0 0 0 1 0 1 0 1 0 0
40	7	0 0 1 0 0 0 0 1 0 0 0 0 1 0 0 1
40	7	0 0 0 0 0 0 0 0 0 0 0 0 0 1 0 1
40	6	0 0 1 1 0 0 0 1 0 0 0 0 1 1 0 1
40	4	0 0 0 1 0 1 0 1 0 0 1 1 0 0 1 0
40	4	0 0 0 0 0 1 0 0 0 0 0 0 0 1 1 0
40	3	0 0 1 1 0 1 0 1 0 0 1 0 1 0 0 0
40	15	0 0 0 1 0 1 0 0 0 0 1 1 1 0 0 0
40	21	0 0 1 0 1 0 0 0 0 0 0 0 0 1 0 1
40	1	0 0 1 1 0 0 0 1 0 0 0 0 1 1 0 0
40	2	0 0 0 1 0 1 0 0 0 0 1 1 0 1 0 0
40	14	0 0 0 1 1 1 0 0 0 0 1 1 0 0 0 0
40	10	0 0 1 1 0 0 0 0 0 0 0 0 0 1 1 1
40	3	0 0 0 1 0 1 0 0 0 0 1 0 0 0 0 1
40	10	0 0 0 0 0 1 0 0 0 0 0 0 0 0 0 0
40	2	0 1 0 1 0 1 0 0 0 0 1 1 0 0 0 0
40	1	0 0 0 1 0 1 0 0 1 1 0 0 0 1 1 0
40	8	0 0 0 1 0 1 0 0 0 0 1 1 0 1 0 1
40	7	1 0 0 1 0 1 0 0 0 0 1 1 0 0 0 0
40	9	0 0 1 0 0 0 0 0 0 0 0 0 1 0 0 1
40	1	0 0 0 1 0 1 0 1 0 0 1 0 1 0 0 0
40	1	1 0 0 0 0 1 0 0 0 0 1 1 0 0 0 0
40	1	1 0 0 1 0 0 0 0 0 0 1 1 0 0 0 0
40	4	0 0 1 0 0 0 0 0 0 0 1 1 0 0 0 0
40	5	0 0 0 0 0 0 0 0 0 1 1 0 0 1 1 0
40	3	0 0 1 1 0 1 0 0 0 0 1 0 1 0 0 0
40	9	0 0 1 1 0 1 0 0 0 0 1 0 0 1 0 1
40	1	0 0 1 1 0 0 0 0 0 1 0 0 0 1 1 0
40	3	0 0 0 0 1 1 0 0 1 1 0 0 0 1 1 0
40	2	0 0 1 0 0 0 0 0 0 0 0 1 0 1 1 1
40	2	0 0 1 1 0 0 0 1 0 0 1 0 0 0 0 0
40	2	0 0 1 0 0 1 0 0 0 1 0 0 0 1 0 0
40	2	0 0 0 0 0 1 0 0 0 1 0 0 1 1 1 0
40	15	0 0 1 1 0 1 0 0 0 0 1 1 0 0 0 1
40	3	0 0 0 0 0 0 0 0 0 1 0 1 0 1 1 0
40	1	1 0 1 1 0 0 0 0 0 0 0 1 0 1 0 1
40	2	0 0 1 0 0 0 0 1 0 0 0 0 1 0 0 0
40	4	0 0 1 0 0 0 0 0 0 0 1 1 0 0 0 1
40	5	0 0 1 0 0 0 0 0 0 1 0 0 0 1 1 0
40	6	0 0 0 1 0 0 0 0 0 0 0 0 0 0 0 1
40	1	0 0 0 0 0 0 0 0 0 1 1 1 0 0 0 0
40	4	0 0 0 1 0 0 0 0 0 0 1 1 0 0 0 0
40	1	0 0 1 0 0 0 0 0 0 0 0 0 0 0 1 1
40	3	0 0 1 0 0 1 0 0 0 1 0 0 1 1 1 0
40	1	0 0 1 1 0 1 0 0 0 1 0 1 0 1 0 0
40	4	0 0 1 0 0 1 0 1 0 0 1 0 1 0 0 0
40	4	0 0 0 1 0 0 0 1 0 0 1 0 0 0 0 0
40	2	1 0 1 0 0 0 0 0 0 0 0 0 0 1 0 1
40	2	0 0 0 0 0 1 0 0 0 0 1 1 1 0 0 0
40	4	0 0 0 1 0 1 0 0 0 0 1 0 0 1 0 0
40	7	0 1 0 1 0 1 0 0 0 0 0 1 0 0 0 0
40	2	0 0 1 0 0 0 0 0 0 0 0 0 1 0 1 1
40	1	0 0 1 0 0 0 0 0 0 0 1 1 1 0 0 0
40	2	0 0 0 0 1 1 0 0 0 0 1 1 1 0 0 0
40	3	0 0 0 0 0 1 0 0 0 1 0 1 0 0 0 0
40	3	0 1 1 0 0 0 0 0 0 0 0 0 0 1 0 1
40	1	0 0 1 0 0 0 1 0 0 0 0 0 0 1 0 1
40	3	0 0 1 0 0 0 0 0 0 1 0 0 0 1 0 1
40	1	0 0 1 1 0 0 1 1 0 0 0 0 1 0 0 1
40	2	0 0 1 1 0 0 0 0 0 0 1 1 0 0 0 0
40	2	0 0 0 0 0 1 0 0 0 1 1 0 0 1 0 0
40	1	0 0 0 1 0 1 0 0 0 0 1 0 0 1 1 1
40	2	0 1 1 0 0 1 0 0 0 1 0 0 0 1 1 0
40	1	1 0 0 1 0 1 0 1 0 0 1 0 1 0 0 0
40	1	0 0 1 0 0 0 0 1 0 0 0 0 1 0 1 0
50	23	0 0 0 0 0 1 0 0 0 1 0 0 0 1 1 0
50	12	0 0 1 1 0 0 0 1 0 0 0 0 1 0 0 0
50	25	0 0 1 0 0 0 0 0 0 0 0 0 0 1 0 1
50	201	0 0 0 1 0 1 0 0 0 0 1 1 0 0 0 0
50	11	0 0 0 0 0 1 0 0 0 0 1 1 0 0 0 0
50	111	0 0 1 1 0 1 0 0 0 0 1 1 0 0 0 0
50	17	0 0 0 0 1 1 0 0 0 1 0 0 0 1 1 0
50	21	0 0 0 0 0 1 0 0 0 1 0 0 0 1 0 0
50	21	0 0 1 0 0 1 0 0 0 0 1 1 0 0 0 0
50	10	0 0 0 1 0 1 0 0 0 0 1 0 0 1 0 1
50	22	0 0 0 1 0 1 0 0 0 0 1 1 0 0 1 0
50	4	0 0 0 1 0 1 1 0 0 0 1 1 0 0 0 0
50	1	0 0 0 0 0 0 0 0 0 1 0 0 0 1 1 0
50	4	0 0 0 0 0 1 0 0 0 1 0 0 0 0 0 0
50	5	0 1 1 0 0 0 0 0 0 0 0 0 1 0 0 1
50	1	0 0 1 0 0 0 0 0 0 0 0 0 0 0 0 0
50	24	0 0 0 0 1 1 0 0 0 0 1 1 0 0 0 0
50	10	0 0 1 0 0 0 0 0 1 0 0 0 0 1 0 1
50	21	0 0 0 0 0 1 0 0 0 1 0 0 0 0 1 0
50	1	0 0 1 0 0 0 0 0 0 0 0 0 1 1 0 1
50	9	0 0 1 0 0 1 0 0 0 1 0 0 0 1 1 0
50	11	0 0 1 0 0 1 0 0 0 1 0 1 0 1 0 0
50	2	0 0 1 0 0 0 0 1 0 0 0 0 1 0 0 1
50	2	0 0 0 1 0 1 0 1 0 0 1 1 0 0 1 0
50	2	0 0 1 1 0 1 0 1 0 0 1 0 1 0 0 0
50	23	0 0 0 1 0 1 0 0 0 0 1 1 1 0 0 0
50	4	0 0 1 0 1 0 0 0 0 0 0 0 0 1 0 1
50	64	0 0 0 1 1 1 0 0 0 0 1 1 0 0 0 0
50	8	0 0 1 1 0 0 0 0 0 0 0 0 0 1 1 1
50	6	0 0 0 1 0 1 0 0 0 0 1 0 0 0 0 1
50	57	0 0 0 0 0 1 0 0 0 0 0 0 0 0 0 0
50	32	1 0 0 1 0 1 0 0 0 0 1 1 0 0 0 0
50	10	0 0 0 0 1 1 0 0 1 1 0 0 0 1 1 0
50	1	0 0 0 0 0 0 0 0 0 1 0 1 0 1 1 0
50	4	0 0 0 0 0 0 0 0 0 1 1 1 0 0 0 0
50	8	0 0 1 0 0 1 0 0 0 1 0 0 1 1 1 0
50	1	0 0 1 1 0 1 0 0 0 1 0 1 0 1 0 0
50	3	0 0 0 1 0 0 0 1 0 0 1 0 0 0 0 0
50	2	0 0 0 1 0 1 0 0 0 0 1 0 0 1 0 0
50	2	0 1 0 1 0 1 0 0 0 0 0 1 0 0 0 0
50	6	0 0 0 0 0 1 0 0 0 1 0 1 0 0 0 0
50	6	0 0 1 1 0 0 0 0 0 0 1 1 0 0 0 0
50	2	0 0 0 0 0 1 0 0 0 1 1 0 0 1 0 0
50	5	0 0 0 0 0 1 0 0 0 1 0 0 0 0 0 1
50	5	1 0 0 1 0 1 0 0 0 0 1 1 0 0 1 0
50	7	0 0 1 0 0 1 0 0 0 0 1 1 0 0 0 1
50	3	0 0 1 0 0 0 0 0 0 0 0 0 1 0 0 0
50	7	0 1 0 1 1 1 0 0 0 0 1 1 0 0 0 0
50	6	0 0 0 0 0 1 0 0 0 0 0 1 0 0 0 0
50	13	0 0 1 1 0 1 0 0 0 1 1 1 0 0 0 0
50	1	0 0 1 1 0 1 0 0 0 1 0 1 1 1 0 0
50	7	0 0 0 0 0 1 0 0 0 1 0 1 0 1 0 0
50	13	0 0 0 1 0 1 0 0 0 1 0 0 0 1 1 0
50	1	0 0 0 1 0 1 0 0 0 0 0 0 0 1 0 0
50	3	0 0 1 1 0 1 0 0 0 1 0 0 0 0 1 0
50	3	0 0 1 0 0 1 0 0 0 0 1 1 0 1 0 1
50	3	0 0 0 0 1 1 0 0 1 1 0 0 0 0 0 0
50	1	0 0 0 0 0 1 0 0 1 0 1 1 0 0 0 0
50	7	0 0 0 1 0 0 0 0 0 0 1 1 0 0 1 0
50	1	0 1 0 1 0 1 0 0 0 0 1 1 0 1 0 1
50	2	0 0 1 0 1 1 0 0 1 1 0 0 0 1 1 0
50	1	0 0 0 0 0 0 1 0 0 1 0 0 0 1 0 0
50	5	0 0 0 0 0 1 0 0 0 1 0 0 1 0 0 0
50	3	0 0 1 1 0 1 1 0 0 0 1 1 0 0 0 0
50	5	0 0 0 0 0 1 0 0 0 0 1 1 0 0 0 1
50	2	0 0 1 0 0 0 0 0 0 0 0 1 0 1 0 0
50	1	0 0 1 0 0 0 0 0 0 0 1 0 0 1 0 1
50	4	0 0 1 1 0 1 0 0 0 0 1 1 1 0 0 0
50	6	0 0 1 0 0 0 0 0 1 0 0 0 0 0 0 0
50	5	0 0 0 1 1 1 0 0 0 0 1 1 0 0 1 0
50	5	0 0 0 1 1 1 0 0 0 0 0 1 0 0 0 0
50	2	0 0 1 0 1 0 0 1 0 0 0 0 1 0 1 0
50	5	0 0 0 0 0 1 0 0 0 0 1 1 0 1 0 1
50	1	0 0 1 1 0 1 0 0 0 0 1 0 0 0 0 0
50	5	0 0 0 1 1 1 0 0 0 1 0 0 0 1 1 0
50	1	0 0 1 0 1 1 0 0 0 0 1 1 0 0 0 0
50	2	0 0 0 1 0 1 0 1 0 0 1 1 1 0 1 0
50	1	0 0 0 1 1 1 0 0 0 0 1 1 1 0 0 0
50	10	0 0 1 1 1 1 0 0 0 0 1 1 0 0 0 0
50	2	0 0 0 0 0 1 0 1 0 1 0 0 0 1 1 0
50	2	0 0 1 1 0 1 0 0 0 0 0 1 0 0 0 0
50	7	0 0 0 0 1 1 0 0 0 1 0 0 0 1 1 1
50	3	0 0 0 1 0 1 0 0 0 0 0 1 0 0 1 0
50	3	0 0 0 1 0 1 0 0 0 1 0 0 0 0 1 0
50	2	0 0 1 0 0 0 0 1 0 0 1 1 0 0 0 0
50	1	0 0 0 0 0 1 0 0 0 0 0 0 0 1 0 1
50	5	0 0 0 0 0 1 1 0 0 1 0 0 0 0 1 0
50	1	1 0 1 1 0 1 0 0 0 0 1 1 0 0 0 0
50	1	0 0 0 1 0 1 0 1 0 0 1 0 0 0 0 0
50	1	0 0 0 1 0 1 0 0 0 0 1 0 0 0 0 0
50	1	0 0 1 1 0 0 0 0 0 0 0 0 0 1 0 1
50	2	0 0 1 0 0 1 0 0 0 1 0 0 0 0 0 0
50	1	0 1 1 1 0 0 0 0 0 0 1 1 0 0 0 0
50	3	0 1 0 1 1 1 0 0 0 0 1 0 0 0 0 0
50	3	0 0 0 1 1 1 0 0 0 1 1 1 0 0 1 0
60	6	0 0 0 0 0 1 0 0 0 1 0 0 0 1 1 0
60	1	0 0 1 1 0 0 0 1 0 0 0 0 1 0 0 0
60	32	0 0 1 0 0 0 0 0 0 0 0 0 0 1 0 1
60	139	0 0 0 1 0 1 0 0 0 0 1 1 0 0 0 0
60	4	0 0 0 0 0 1 0 0 0 0 1 1 0 0 0 0
60	148	0 0 1 1 0 1 0 0 0 0 1 1 0 0 0 0
60	1	0 0 0 0 1 1 0 0 0 1 0 0 0 1 1 0
60	19	0 0 0 0 0 1 0 0 0 1 0 0 0 1 0 0
60	72	0 0 1 0 0 1 0 0 0 0 1 1 0 0 0 0
60	1	0 0 0 1 0 1 0 0 0 0 1 0 0 1 0 1
60	29	0 0 0 1 0 1 0 0 0 0 1 1 0 0 1 0
60	9	0 0 0 0 0 1 0 0 0 1 0 0 0 0 0 0
60	11	0 1 1 0 0 0 0 0 0 0 0 0 1 0 0 1
60	8	0 0 0 0 1 1 0 0 0 0 1 1 0 0 0 0
60	3	0 0 1 0 0 0 0 0 1 0 0 0 0 1 0 1
60	20	0 0 0 0 0 1 0 0 0 1 0 0 0 0 1 0
60	1	0 0 1 0 0 1 0 0 0 1 0 0 0 1 1 0
60	14	0 0 1 0 0 1 0 0 0 1 0 1 0 1 0 0
60	7	0 0 0 1 0 1 0 1 0 0 1 1 0 0 1 0
60	82	0 0 0 1 1 1 0 0 0 0 1 1 0 0 0 0
60	5	0 0 1 1 0 0 0 0 0 0 0 0 0 1 1 1
60	10	0 0 0 1 0 1 0 0 0 0 1 0 0 0 0 1
60	43	0 0 0 0 0 1 0 0 0 0 0 0 0 0 0 0
60	23	1 0 0 1 0 1 0 0 0 0 1 1 0 0 0 0
60	3	0 0 0 0 1 1 0 0 1 1 0 0 0 1 1 0
60	4	0 0 0 0 0 0 0 0 0 1 1 1 0 0 0 0
60	8	0 0 1 0 0 1 0 0 0 1 0 0 1 1 1 0
60	17	0 1 0 1 0 1 0 0 0 0 0 1 0 0 0 0
60	14	0 0 1 1 0 0 0 0 0 0 1 1 0 0 0 0
60	3	0 0 0 0 0 1 0 0 0 1 0 0 0 0 0 1
60	6	0 1 0 1 1 1 0 0 0 0 1 1 0 0 0 0
60	46	0 0 1 1 0 1 0 0 0 1 1 1 0 0 0 0
60	8	0 0 0 0 0 1 0 0 0 1 0 1 0 1 0 0
60	3	0 0 1 1 0 1 0 0 0 1 0 0 0 0 1 0
60	1	0 0 1 0 0 1 0 0 0 0 1 1 0 1 0 1
60	6	0 0 0 0 1 1 0 0 1 1 0 0 0 0 0 0
60	3	0 0 0 0 0 1 0 0 0 1 0 0 1 0 0 0
60	11	0 0 1 1 0 1 1 0 0 0 1 1 0 0 0 0
60	5	0 0 0 1 1 1 0 0 0 0 1 1 0 0 1 0
60	4	0 0 0 1 1 1 0 0 0 0 0 1 0 0 0 0
60	2	0 0 1 0 1 0 0 1 0 0 0 0 1 0 1 0
60	1	0 0 0 1 1 1 0 0 0 1 0 0 0 1 1 0
60	1	0 0 0 1 0 1 0 1 0 0 1 1 1 0 1 0
60	11	0 0 1 1 1 1 0 0 0 0 1 1 0 0 0 0
60	7	0 0 0 0 0 1 1 0 0 1 0 0 0 0 1 0
60	8	0 0 1 0 0 1 0 0 0 1 0 0 0 0 0 0
60	3	0 1 0 1 1 1 0 0 0 0 1 0 0 0 0 0
60	11	0 0 1 0 0 1 0 0 0 0 0 0 0 1 1 0
60	1	0 0 1 1 0 1 0 1 0 0 1 1 0 0 0 0
60	1	0 0 1 1 1 1 1 0 0 0 1 1 0 0 0 0
60	3	0 1 0 0 0 1 0 0 0 1 0 0 0 1 0 0
60	8	0 0 0 0 0 1 0 1 0 0 0 0 0 0 0 0
60	3	0 0 1 0 1 1 0 0 0 0 1 1 0 0 0 0
60	4	0 0 1 1 0 0 0 0 0 0 0 1 0 1 0 0
60	2	0 0 0 1 0 1 0 0 0 0 1 0 0 0 0 0
60	4	0 0 1 0 0 0 0 0 0 1 0 0 0 1 0 1
60	10	0 0 1 0 0 1 0 1 0 0 1 1 0 0 0 0
60	2	0 1 0 0 0 1 0 0 0 0 0 0 0 0 0 0
60	2	0 0 0 0 0 1 0 0 0 1 0 0 0 0 1 1
60	3	0 0 1 1 0 1 0 0 0 0 0 1 0 1 0 0
60	6	0 0 0 0 0 0 0 0 0 0 0 0 1 0 0 1
60	2	0 0 1 0 1 0 0 0 0 0 0 0 0 1 0 1
60	7	0 0 0 0 1 1 1 0 0 1 0 0 0 0 1 0
60	3	0 0 0 1 0 1 0 0 0 1 0 0 0 1 0 1
60	1	0 0 0 1 1 1 0 0 0 1 0 0 0 0 1 0
60	3	0 0 1 1 0 1 0 0 0 0 1 1 1 0 0 0
60	4	0 0 0 1 0 1 0 1 0 1 1 1 0 0 1 0
60	1	0 0 1 1 0 0 0 0 0 0 1 1 0 0 0 1
60	3	0 0 0 0 0 0 1 0 0 1 0 0 0 0 1 0
60	1	0 0 1 1 0 1 0 0 0 0 0 0 0 0 0 0
60	4	0 0 0 0 1 1 0 0 0 1 1 1 0 0 0 0
60	4	0 1 0 1 0 1 0 0 0 0 1 1 0 0 0 0
60	4	0 0 0 0 1 1 0 0 0 1 0 0 0 1 0 0
60	2	0 0 1 1 0 1 0 0 0 1 1 1 0 0 1 0
60	7	0 0 0 1 0 1 0 0 0 0 0 0 0 0 0 0
60	5	0 0 0 1 0 0 0 0 0 0 1 1 0 0 0 0
60	3	0 0 1 0 0 1 0 0 0 0 1 1 1 0 0 0
60	1	1 0 1 0 0 1 0 0 0 0 0 0 0 1 1 0
60	2	1 0 0 0 0 1 0 1 0 0 0 0 0 0 0 0
60	4	0 1 0 0 0 1 1 0 0 0 0 0 0 0 0 0
60	1	0 0 0 1 0 1 0 1 0 0 1 1 0 0 0 0
60	1	0 1 1 0 0 0 0 0 0 1 0 0 1 0 0 1
60	1	0 0 0 1 1 1 0 0 0 0 1 1 1 0 0 0
60	1	0 0 0 0 0 1 0 0 0 1 0 0 1 1 1 0
60	1	0 0 1 1 0 1 1 0 0 0 1 0 0 0 0 0
60	2	0 0 0 1 0 1 0 0 0 1 0 0 0 1 1 1
60	1	0 0 1 0 0 0 0 0 0 0 1 1 0 0 0 0
60	1	0 0 1 0 0 0 0 0 0 0 0 1 0 1 0 1
60	3	0 1 0 1 0 1 0 0 0 0 1 1 0 0 1 0
60	1	0 0 0 1 0 1 0 0 1 0 1 1 0 0 1 0
60	1	0 0 0 1 1 1 0 0 0 0 1 1 0 1 0 0
60	1	0 0 0 0 1 1 0 0 0 0 0 0 0 0 0 0
60	1	1 0 0 1 0 1 0 0 0 0 1 0 0 0 0 0
70	4	0 0 0 0 0 1 0 0 0 1 0 0 0 1 1 0
70	9	0 0 1 0 0 0 0 0 0 0 0 0 0 1 0 1
70	110	0 0 0 1 0 1 0 0 0 0 1 1 0 0 0 0
70	13	0 0 0 0 0 1 0 0 0 0 1 1 0 0 0 0
70	238	0 0 1 1 0 1 0 0 0 0 1 1 0 0 0 0
70	1	0 0 0 0 1 1 0 0 0 1 0 0 0 1 1 0
70	19	0 0 1 0 0 1 0 0 0 0 1 1 0 0 0 0
70	13	0 0 0 1 0 1 0 0 0 0 1 1 0 0 1 0
70	25	0 0 0 0 0 1 0 0 0 1 0 0 0 0 0 0
70	8	0 0 0 0 1 1 0 0 0 0 1 1 0 0 0 0
70	1	0 0 0 0 0 1 0 0 0 1 0 0 0 0 1 0
70	6	0 0 1 0 0 1 0 0 0 1 0 1 0 1 0 0
70	81	0 0 0 1 1 1 0 0 0 0 1 1 0 0 0 0
70	2	0 0 0 1 0 1 0 0 0 0 1 0 0 0 0 1
70	15	0 0 0 0 0 1 0 0 0 0 0 0 0 0 0 0
70	33	1 0 0 1 0 1 0 0 0 0 1 1 0 0 0 0
70	13	0 0 0 0 0 0 0 0 0 1 1 1 0 0 0 0
70	5	0 0 1 0 0 1 0 0 0 1 0 0 1 1 1 0
70	15	0 1 0 1 0 1 0 0 0 0 0 1 0 0 0 0
70	12	0 0 1 1 0 0 0 0 0 0 1 1 0 0 0 0
70	3	0 1 0 1 1 1 0 0 0 0 1 1 0 0 0 0
70	38	0 0 1 1 0 1 0 0 0 1 1 1 0 0 0 0
70	3	0 0 1 1 0 1 0 0 0 1 0 0 0 0 1 0
70	7	0 0 1 1 0 1 1 0 0 0 1 1 0 0 0 0
70	1	0 0 0 1 1 1 0 0 0 0 1 1 0 0 1 0
70	17	0 0 1 1 1 1 0 0 0 0 1 1 0 0 0 0
70	10	0 0 1 0 0 1 0 0 0 0 0 0 0 1 1 0
70	13	0 0 1 1 1 1 1 0 0 0 1 1 0 0 0 0
70	12	0 0 0 0 0 1 0 1 0 0 0 0 0 0 0 0
70	4	0 0 0 1 0 1 0 0 0 0 1 0 0 0 0 0
70	11	0 0 1 0 0 1 0 1 0 0 1 1 0 0 0 0
70	11	0 1 0 0 0 1 0 0 0 0 0 0 0 0 0 0
70	23	0 0 1 1 0 1 0 0 0 0 0 1 0 1 0 0
70	7	0 0 0 0 1 1 1 0 0 1 0 0 0 0 1 0
70	18	0 0 1 1 0 1 0 0 0 0 1 1 1 0 0 0
70	3	0 0 1 1 0 0 0 0 0 0 1 1 0 0 0 1
70	7	0 0 0 0 1 1 0 0 0 1 1 1 0 0 0 0
70	8	0 1 0 1 0 1 0 0 0 0 1 1 0 0 0 0
70	8	0 0 0 0 1 1 0 0 0 1 0 0 0 1 0 0
70	12	0 0 0 1 0 1 0 0 0 0 0 0 0 0 0 0
70	2	0 1 0 0 0 1 1 0 0 0 0 0 0 0 0 0
70	2	0 0 0 1 0 1 0 1 0 0 1 1 0 0 0 0
70	1	0 1 1 0 0 0 0 0 0 1 0 0 1 0 0 1
70	12	0 0 0 0 0 1 0 0 0 0 1 0 0 0 0 0
70	16	0 0 1 1 0 0 0 0 0 0 0 0 0 1 0 1
70	5	0 1 0 1 0 1 1 0 0 0 1 1 0 0 0 0
70	9	0 1 0 0 0 1 1 0 0 1 0 0 0 0 0 0
70	3	0 0 0 1 0 1 0 0 0 0 1 1 0 1 0 0
70	3	0 0 0 0 0 1 0 0 1 1 0 0 0 0 0 1
70	2	0 0 0 1 0 1 0 0 0 0 1 1 0 1 1 0
70	3	0 0 1 1 0 1 0 0 0 0 0 1 0 0 0 0
70	10	0 0 1 1 0 1 0 0 1 0 1 1 0 0 0 0
70	1	0 0 0 1 1 1 0 1 0 0 1 1 0 0 0 0
70	5	0 0 1 1 0 1 0 0 0 0 0 0 0 0 1 0
70	1	0 0 0 0 0 1 0 1 0 1 0 0 1 1 1 0
70	1	0 0 1 0 0 1 1 0 0 0 1 1 0 0 0 0
70	3	1 0 0 0 0 1 0 1 0 0 0 0 0 0 1 0
70	2	0 0 0 1 0 1 0 0 0 0 0 1 0 1 0 0
70	2	0 1 0 0 1 1 1 0 0 1 0 0 0 0 1 0
70	7	0 1 0 1 0 1 0 1 0 0 1 1 0 1 0 0
70	1	0 0 1 1 1 1 0 0 0 0 1 1 0 0 0 1
70	3	0 1 0 0 0 1 1 0 0 1 1 1 0 0 0 0
70	9	0 0 1 1 0 1 0 1 0 0 1 1 0 0 0 0
70	2	0 0 1 1 0 1 0 0 0 0 1 0 0 0 0 0
70	2	1 0 0 1 0 1 0 0 0 0 1 0 0 0 0 0
70	3	1 0 1 1 0 1 0 0 1 0 1 1 0 0 0 0
70	3	0 0 0 1 0 1 0 1 0 1 0 0 1 1 1 0
70	1	0 1 0 1 0 1 0 0 0 0 1 1 1 0 0 0
70	3	1 0 1 1 0 1 0 0 1 1 0 0 1 1 1 0
70	2	1 0 1 1 0 1 0 0 0 0 1 1 0 0 0 0
70	1	0 0 1 0 0 1 0 0 0 0 1 0 0 0 0 0
70	10	0 0 0 0 0 1 1 0 0 1 0 0 0 0 1 0
70	1	0 0 1 0 0 1 0 0 0 1 1 1 0 1 0 0
70	1	0 0 0 1 1 1 0 0 0 0 1 0 0 0 0 0
70	2	0 0 1 0 0 0 0 0 0 0 0 0 0 1 1 0
70	2	0 0 0 0 0 1 0 1 0 0 0 0 0 0 1 0
70	1	0 1 0 1 0 1 1 0 0 0 1 1 0 1 0 0
70	1	0 0 0 0 1 1 0 0 0 0 1 0 0 0 0 0
70	3	0 0 1 1 0 0 0 0 0 0 1 0 0 0 0 0
70	1	0 1 0 1 0 1 0 1 0 0 1 0 0 0 0 0
70	1	0 0 0 1 0 1 0 0 0 1 0 1 0 1 0 0
70	1	0 0 0 1 0 0 0 0 0 0 1 1 0 0 0 0
70	1	0 0 1 1 0 1 0 0 0 0 1 1 0 0 0 1
70	2	1 0 0 1 0 1 0 0 0 0 1 1 0 1 0 0
70	2	1 0 0 1 0 1 0 0 0 1 1 1 0 0 0 0
70	1	0 0 0 1 1 1 0 0 1 0 1 1 0 0 0 0
70	1	1 0 0 1 1 1 0 0 0 0 1 1 0 0 0 0
70	1	0 0 0 1 1 1 0 0 0 1 1 1 0 0 0 0
70	1	1 0 0 1 0 0 0 0 0 0 1 1 0 0 0 0
70	2	0 0 1 0 0 1 0 0 0 1 1 0 1 1 1 0
70	2	0 0 1 0 0 1 0 0 0 0 0 1 0 1 1 0
70	1	0 0 0 0 0 1 0 1 0 0 0 1 0 0 0 0
70	1	0 0 0 0 1 1 0 0 0 1 1 1 0 0 1 0
70	2	0 0 1 1 0 1 0 0 1 0 0 1 0 0 0 0
80	8	0 0 1 0 0 0 0 0 0 0 0 0 0 1 0 1
80	103	0 0 0 1 0 1 0 0 0 0 1 1 0 0 0 0
80	11	0 0 0 0 0 1 0 0 0 0 1 1 0 0 0 0
80	169	0 0 1 1 0 1 0 0 0 0 1 1 0 0 0 0
80	5	0 0 1 0 0 1 0 0 0 0 1 1 0 0 0 0
80	15	0 0 0 1 0 1 0 0 0 0 1 1 0 0 1 0
80	22	0 0 0 0 0 1 0 0 0 1 0 0 0 0 0 0
80	88	0 0 0 1 1 1 0 0 0 0 1 1 0 0 0 0
80	10	0 0 0 0 0 1 0 0 0 0 0 0 0 0 0 0
80	33	1 0 0 1 0 1 0 0 0 0 1 1 0 0 0 0
80	14	0 0 0 0 0 0 0 0 0 1 1 1 0 0 0 0
80	5	0 0 1 0 0 1 0 0 0 1 0 0 1 1 1 0
80	31	0 1 0 1 0 1 0 0 0 0 0 1 0 0 0 0
80	6	0 1 0 1 1 1 0 0 0 0 1 1 0 0 0 0
80	38	0 0 1 1 0 1 0 0 0 1 1 1 0 0 0 0
80	1	0 0 1 1 0 1 1 0 0 0 1 1 0 0 0 0
80	7	0 0 1 1 1 1 0 0 0 0 1 1 0 0 0 0
80	26	0 0 1 0 0 1 0 0 0 0 0 0 0 1 1 0
80	14	0 0 1 1 1 1 1 0 0 0 1 1 0 0 0 0
80	20	0 0 0 0 0 1 0 1 0 0 0 0 0 0 0 0
80	4	0 0 0 1 0 1 0 0 0 0 1 0 0 0 0 0
80	3	0 0 1 0 0 1 0 1 0 0 1 1 0 0 0 0
80	2	0 1 0 0 0 1 0 0 0 0 0 0 0 0 0 0
80	12	0 0 1 1 0 1 0 0 0 0 0 1 0 1 0 0
80	7	0 0 0 0 1 1 1 0 0 1 0 0 0 0 1 0
80	9	0 0 1 1 0 1 0 0 0 0 1 1 1 0 0 0
80	9	0 0 1 1 0 0 0 0 0 0 1 1 0 0 0 1
80	10	0 1 0 1 0 1 0 0 0 0 1 1 0 0 0 0
80	4	0 0 0 1 0 1 0 0 0 0 0 0 0 0 0 0
80	13	0 1 0 0 0 1 1 0 0 0 0 0 0 0 0 0
80	5	0 0 0 1 0 1 0 1 0 0 1 1 0 0 0 0
80	18	0 0 0 0 0 1 0 0 0 0 1 0 0 0 0 0
80	26	0 0 1 1 0 0 0 0 0 0 0 0 0 1 0 1
80	13	0 1 0 0 0 1 1 0 0 1 0 0 0 0 0 0
80	3	0 0 0 0 0 1 0 0 1 1 0 0 0 0 0 1
80	11	0 0 0 1 0 1 0 0 0 0 1 1 0 1 1 0
80	2	0 0 1 1 0 1 0 0 1 0 1 1 0 0 0 0
80	1	0 0 1 1 0 1 0 0 0 0 0 0 0 0 1 0
80	3	0 0 1 0 0 1 1 0 0 0 1 1 0 0 0 0
80	8	0 1 0 1 0 1 0 1 0 0 1 1 0 1 0 0
80	4	1 0 1 1 0 1 0 0 1 0 1 1 0 0 0 0
80	5	1 0 1 1 0 1 0 0 0 0 1 1 0 0 0 0
80	12	0 0 0 0 0 1 1 0 0 1 0 0 0 0 1 0
80	3	0 0 1 0 0 1 0 0 0 1 1 1 0 1 0 0
80	13	1 0 0 1 0 1 0 0 0 1 1 1 0 0 0 0
80	5	0 0 1 0 0 1 0 0 0 0 0 1 0 1 1 0
80	5	0 0 1 1 0 1 0 1 0 0 0 0 0 0 0 0
80	7	0 0 1 1 1 1 0 1 0 0 1 1 0 0 0 0
80	13	0 0 1 1 0 0 0 0 0 1 1 1 0 0 0 0
80	5	0 0 0 0 1 1 0 0 0 1 0 0 0 0 0 0
80	3	0 0 0 1 1 1 1 0 0 0 1 1 0 0 0 0
80	4	0 0 1 1 0 1 0 0 0 1 1 1 1 0 0 0
80	3	0 0 0 1 1 1 0 0 0 1 1 1 0 0 1 0
80	6	1 1 0 0 1 1 0 0 0 0 0 0 0 0 0 0
80	3	0 0 1 1 0 0 0 0 0 0 0 1 1 0 0 0
80	7	0 1 0 1 0 1 0 0 0 1 0 0 0 0 0 0
80	2	0 0 1 1 0 1 0 1 0 0 1 1 0 0 0 0
80	10	0 0 0 1 1 0 0 0 0 0 1 1 0 0 0 0
80	8	0 0 1 0 0 0 0 0 0 0 0 0 0 1 0 0
80	2	1 0 0 1 1 1 0 0 0 0 1 1 0 0 0 0
80	2	0 0 1 1 0 1 0 0 0 0 0 0 0 0 0 0
80	3	0 1 1 1 0 1 0 0 0 0 1 1 0 0 0 0
80	6	0 0 0 0 0 1 0 1 0 1 0 0 0 0 0 0
80	6	0 0 0 1 1 1 0 0 0 0 1 0 0 0 0 0
80	1	0 0 0 0 1 1 0 0 0 1 0 1 0 0 0 0
80	1	0 0 1 1 0 0 0 0 0 0 0 0 0 1 0 0
80	3	0 0 1 1 0 0 0 0 0 0 0 0 0 0 0 1
80	5	1 0 1 0 0 1 0 0 1 0 1 1 0 0 0 0
80	2	0 0 0 0 0 1 0 0 0 1 1 1 0 0 0 0
80	5	0 0 1 1 0 1 0 0 0 0 1 1 0 0 0 1
80	7	0 0 1 0 0 1 0 0 0 0 1 1 0 0 0 1
80	1	0 0 0 1 0 1 0 0 0 0 1 0 0 1 1 0
80	1	0 0 1 1 0 1 1 1 0 0 0 0 0 0 0 0
80	4	0 1 0 1 0 1 0 1 0 0 0 0 0 0 0 0
80	4	0 0 1 1 0 0 0 0 0 0 0 0 0 0 0 0
80	2	0 0 0 1 0 1 0 0 0 1 0 0 0 0 0 0
80	2	0 0 1 0 0 1 0 0 0 0 0 1 0 0 0 0
80	1	1 0 1 1 0 1 0 1 0 0 0 0 0 0 0 0
80	2	0 0 0 0 0 1 0 0 0 0 0 1 0 0 0 0
80	1	1 0 0 1 0 1 0 0 0 0 1 1 0 0 1 0
80	2	0 1 0 0 0 1 0 1 0 0 0 0 0 0 0 0
80	3	1 0 0 0 0 1 0 0 0 1 1 1 0 0 0 0
80	2	0 0 1 1 1 1 0 1 0 0 0 0 0 0 0 0
80	3	0 1 1 0 0 1 0 0 0 0 0 0 0 1 1 0
80	2	0 0 1 1 0 1 0 1 0 0 0 1 0 0 0 0
80	3	0 0 0 1 1 1 1 0 0 1 0 0 0 0 0 0
80	4	0 1 0 0 0 1 0 0 0 1 0 0 0 0 0 0
80	1	0 1 0 1 0 1 0 0 0 0 0 1 0 1 0 0
80	2	0 0 1 1 0 1 0 0 0 1 1 1 0 0 1 0
80	2	0 1 1 1 0 1 0 0 0 0 0 1 0 0 0 0
80	1	0 0 0 0 0 0 0 0 0 1 0 0 0 0 0 0
80	2	0 0 0 1 1 1 0 0 0 0 1 1 0 1 0 0
80	1	0 1 0 1 0 1 0 0 0 0 0 1 0 0 1 0
80	1	0 0 0 0 0 1 0 0 0 0 1 0 0 1 0 0
80	3	0 1 0 1 0 1 0 1 0 1 0 0 0 0 0 0
90	152	0 0 0 1 0 1 0 0 0 0 1 1 0 0 0 0
90	16	0 0 0 0 0 1 0 0 0 0 1 1 0 0 0 0
90	191	0 0 1 1 0 1 0 0 0 0 1 1 0 0 0 0
90	9	0 0 1 0 0 1 0 0 0 0 1 1 0 0 0 0
90	4	0 0 0 1 0 1 0 0 0 0 1 1 0 0 1 0
90	25	0 0 0 0 0 1 0 0 0 1 0 0 0 0 0 0
90	64	0 0 0 1 1 1 0 0 0 0 1 1 0 0 0 0
90	39	1 0 0 1 0 1 0 0 0 0 1 1 0 0 0 0
90	6	0 0 0 0 0 0 0 0 0 1 1 1 0 0 0 0
90	69	0 1 0 1 0 1 0 0 0 0 0 1 0 0 0 0
90	6	0 0 1 1 0 1 0 0 0 1 1 1 0 0 0 0
90	12	0 0 1 1 1 1 0 0 0 0 1 1 0 0 0 0
90	11	0 0 1 0 0 1 0 0 0 0 0 0 0 1 1 0
90	7	0 0 1 1 1 1 1 0 0 0 1 1 0 0 0 0
90	9	0 0 0 0 0 1 0 1 0 0 0 0 0 0 0 0
90	10	0 0 1 1 0 1 0 0 0 0 0 1 0 1 0 0
90	4	0 0 1 1 0 0 0 0 0 0 1 1 0 0 0 1
90	8	0 1 0 1 0 1 0 0 0 0 1 1 0 0 0 0
90	3	0 0 0 1 0 1 0 0 0 0 0 0 0 0 0 0
90	6	0 1 0 0 0 1 1 0 0 0 0 0 0 0 0 0
90	13	0 0 0 1 0 1 0 1 0 0 1 1 0 0 0 0
90	4	0 0 0 0 0 1 0 0 0 0 1 0 0 0 0 0
90	9	0 0 1 1 0 0 0 0 0 0 0 0 0 1 0 1
90	10	0 1 0 0 0 1 1 0 0 1 0 0 0 0 0 0
90	13	0 1 0 1 0 1 0 1 0 0 1 1 0 1 0 0
90	2	1 0 1 1 0 1 0 0 0 0 1 1 0 0 0 0
90	7	0 0 0 0 0 1 1 0 0 1 0 0 0 0 1 0
90	39	1 0 0 1 0 1 0 0 0 1 1 1 0 0 0 0
90	3	0 0 1 0 0 1 0 0 0 0 0 1 0 1 1 0
90	45	0 0 1 1 0 1 0 1 0 0 0 0 0 0 0 0
90	15	0 0 1 1 1 1 0 1 0 0 1 1 0 0 0 0
90	9	0 0 0 1 1 1 1 0 0 0 1 1 0 0 0 0
90	1	0 0 0 1 1 1 0 0 0 1 1 1 0 0 1 0
90	9	0 1 0 1 0 1 0 0 0 1 0 0 0 0 0 0
90	13	0 0 0 1 1 0 0 0 0 0 1 1 0 0 0 0
90	3	0 0 1 1 0 1 0 0 0 0 0 0 0 0 0 0
90	1	0 1 1 1 0 1 0 0 0 0 1 1 0 0 0 0
90	9	0 0 1 1 0 0 0 0 0 0 0 0 0 0 0 1
90	1	1 0 1 0 0 1 0 0 1 0 1 1 0 0 0 0
90	3	0 0 1 1 0 1 0 0 0 0 1 1 0 0 0 1
90	11	0 0 1 1 0 1 1 1 0 0 0 0 0 0 0 0
90	1	0 0 0 1 0 1 0 0 0 1 0 0 0 0 0 0
90	3	0 0 0 0 0 1 0 0 0 0 0 1 0 0 0 0
90	5	1 0 0 1 0 1 0 0 0 0 1 1 0 0 1 0
90	5	1 0 0 0 0 1 0 0 0 1 1 1 0 0 0 0
90	4	0 1 1 0 0 1 0 0 0 0 0 0 0 1 1 0
90	1	0 0 0 1 1 1 1 0 0 1 0 0 0 0 0 0
90	1	0 1 0 0 0 1 0 0 0 1 0 0 0 0 0 0
90	2	0 1 0 1 0 1 0 0 0 0 0 1 0 1 0 0
90	9	0 1 0 1 0 1 0 0 0 0 0 1 0 0 1 0
90	1	0 0 1 1 0 1 0 0 0 0 1 1 0 0 1 0
90	6	0 0 1 0 0 1 0 0 0 1 1 1 0 0 0 0
90	5	0 0 1 1 0 1 0 0 1 0 0 1 0 1 0 0
90	1	0 0 0 0 0 1 0 1 0 1 0 0 0 0 0 1
90	3	0 0 0 1 0 1 0 0 0 0 0 1 0 0 0 0
90	5	0 0 0 0 0 1 0 0 0 0 1 1 0 0 1 0
90	4	0 0 0 1 0 1 0 0 0 0 1 1 0 0 0 1
90	3	0 0 0 1 1 1 0 0 0 0 0 0 0 0 0 0
90	5	0 0 0 1 0 1 0 0 0 0 1 1 0 1 0 1
90	2	0 1 0 1 0 1 0 0 0 0 0 0 0 0 0 0
90	10	0 0 1 0 0 1 0 0 0 0 1 0 0 0 0 0
90	6	0 0 1 1 0 0 0 0 1 0 0 0 0 1 0 1
90	1	1 0 1 1 0 1 1 0 0 0 1 1 0 0 0 0
90	1	0 1 0 0 0 1 0 1 0 1 0 0 0 0 0 0
90	1	0 0 1 1 0 1 0 0 0 0 0 1 0 0 0 0
90	2	0 0 0 1 0 1 0 0 0 1 1 1 0 0 0 0
90	2	0 0 0 0 0 0 0 0 0 1 0 0 0 0 0 0
90	1	0 0 0 1 1 1 0 0 0 0 1 1 0 0 0 1
90	5	0 0 1 0 0 1 0 0 0 0 1 0 0 1 1 0
90	1	1 0 0 1 0 1 0 0 0 1 1 1 0 1 0 0
90	2	0 0 0 0 1 0 0 0 0 1 0 0 0 0 0 0
90	2	0 0 0 0 0 1 0 0 0 1 0 1 0 0 0 0
90	2	0 0 0 1 0 1 1 0 0 0 1 1 0 0 0 0
90	1	0 0 0 0 0 1 0 1 0 0 1 1 0 0 0 0
90	1	0 1 0 0 0 1 1 0 0 0 1 1 0 0 0 0
90	1	0 0 1 1 0 1 0 1 0 0 0 1 0 1 1 0
90	5	0 0 1 1 0 1 0 0 0 0 1 1 1 0 0 0
90	1	0 0 1 1 0 1 0 0 0 0 1 0 0 0 0 0
90	7	0 1 0 0 0 0 0 0 0 1 1 1 0 0 0 0
90	1	1 0 1 1 1 1 0 0 0 0 1 1 0 0 0 0
90	2	0 1 0 1 0 1 0 0 0 0 0 0 0 0 0 1
90	1	0 0 0 0 0 1 0 0 0 0 1 0 0 1 1 0
90	2	0 0 0 0 1 1 1 0 0 0 0 1 0 0 0 0
90	1	0 0 0 1 0 1 0 0 0 0 1 1 1 0 0 0
90	1	0 0 0 0 0 0 0 0 0 1 0 1 0 0 0 0
90	1	0 1 0 0 0 1 0 0 0 0 0 1 0 0 0 0
90	1	0 0 1 0 0 1 1 0 0 0 0 0 0 1 1 0
90	1	0 0 0 0 0 0 0 0 0 0 1 0 0 0 0 0
100	83	0 0 0 1 0 1 0 0 0 0 1 1 0 0 0 0
100	15	0 0 0 0 0 1 0 0 0 0 1 1 0 0 0 0
100	235	0 0 1 1 0 1 0 0 0 0 1 1 0 0 0 0
100	31	0 0 1 0 0 1 0 0 0 0 1 1 0 0 0 0
100	18	0 0 0 0 0 1 0 0 0 1 0 0 0 0 0 0
100	54	0 0 0 1 1 1 0 0 0 0 1 1 0 0 0 0
100	60	1 0 0 1 0 1 0 0 0 0 1 1 0 0 0 0
100	39	0 1 0 1 0 1 0 0 0 0 0 1 0 0 0 0
100	8	0 0 1 1 0 1 0 0 0 1 1 1 0 0 0 0
100	7	0 0 1 1 1 1 0 0 0 0 1 1 0 0 0 0
100	4	0 0 1 0 0 1 0 0 0 0 0 0 0 1 1 0
100	8	0 0 1 1 1 1 1 0 0 0 1 1 0 0 0 0
100	13	0 0 1 1 0 1 0 0 0 0 0 1 0 1 0 0
100	2	0 0 1 1 0 0 0 0 0 0 1 1 0 0 0 1
100	12	0 1 0 1 0 1 0 0 0 0 1 1 0 0 0 0
100	20	0 0 0 1 0 1 0 1 0 0 1 1 0 0 0 0
100	19	0 0 1 1 0 0 0 0 0 0 0 0 0 1 0 1
100	3	0 1 0 0 0 1 1 0 0 1 0 0 0 0 0 0
100	44	1 0 0 1 0 1 0 0 0 1 1 1 0 0 0 0
100	50	0 0 1 1 0 1 0 1 0 0 0 0 0 0 0 0
100	9	0 0 1 1 1 1 0 1 0 0 1 1 0 0 0 0
100	10	0 0 0 1 1 1 1 0 0 0 1 1 0 0 0 0
100	5	0 1 0 1 0 1 0 0 0 1 0 0 0 0 0 0
100	4	0 0 0 1 1 0 0 0 0 0 1 1 0 0 0 0
100	3	0 0 1 1 0 0 0 0 0 0 0 0 0 0 0 1
100	6	0 0 1 1 0 1 1 1 0 0 0 0 0 0 0 0
100	9	0 0 0 0 0 1 0 0 0 0 0 1 0 0 0 0
100	7	1 0 0 0 0 1 0 0 0 1 1 1 0 0 0 0
100	17	0 1 0 1 0 1 0 0 0 0 0 1 0 0 1 0
100	3	0 0 1 0 0 1 0 0 0 1 1 1 0 0 0 0
100	7	0 0 1 1 0 1 0 0 1 0 0 1 0 1 0 0
100	1	0 0 0 1 0 1 0 0 0 0 1 1 0 0 0 1
100	3	0 0 0 1 1 1 0 0 0 0 0 0 0 0 0 0
100	3	0 0 1 0 0 1 0 0 0 0 1 0 0 0 0 0
100	14	0 0 1 1 0 0 0 0 1 0 0 0 0 1 0 1
100	3	0 0 1 0 0 1 0 0 0 0 1 0 0 1 1 0
100	6	0 0 0 1 0 1 1 0 0 0 1 1 0 0 0 0
100	2	0 0 1 1 0 1 0 0 0 0 1 1 1 0 0 0
100	4	0 1 0 0 0 0 0 0 0 1 1 1 0 0 0 0
100	1	0 0 0 0 0 0 0 0 0 1 0 1 0 0 0 0
100	5	0 0 1 0 0 1 0 0 0 1 0 0 0 0 0 0
100	13	0 1 0 1 0 1 1 0 0 0 0 1 0 0 0 0
100	22	0 0 1 1 0 1 0 1 0 0 1 1 0 0 0 0
100	2	0 0 0 1 0 1 0 0 1 0 1 1 0 0 0 0
100	5	0 0 1 1 0 1 0 0 0 0 1 1 0 1 0 0
100	1	1 0 0 1 0 1 0 0 0 1 1 0 0 0 0 0
100	8	0 1 0 1 0 1 0 0 0 1 0 1 0 0 0 1
100	6	0 0 0 1 0 1 0 1 0 0 1 1 0 1 0 0
100	2	0 0 1 0 0 0 0 0 1 0 0 0 0 1 0 1
100	8	1 0 0 1 0 1 1 0 0 0 1 1 0 0 0 0
100	1	0 0 1 1 0 1 0 0 0 0 0 1 0 0 0 0
100	3	0 0 1 1 0 1 0 0 1 0 1 1 0 0 0 0
100	3	0 0 0 1 1 1 0 0 0 0 1 1 1 0 0 0
100	7	1 0 0 1 1 1 0 0 0 0 1 1 0 0 0 0
100	6	1 0 0 1 1 1 1 0 0 0 1 1 1 0 0 0
100	1	0 0 0 1 1 1 0 0 1 0 1 1 0 0 0 0
100	6	0 1 0 1 0 1 0 1 0 0 0 1 0 0 0 0
100	5	0 0 1 1 0 1 0 0 0 1 0 1 0 0 0 0
100	2	0 0 1 1 0 1 0 1 0 0 0 1 0 0 0 0
100	2	0 0 1 0 0 1 0 0 0 0 1 1 0 0 1 0
100	1	1 1 1 1 0 1 0 0 0 0 1 1 0 0 0 0
100	1	0 0 0 0 0 0 0 0 0 1 1 1 0 0 0 0
100	1	0 0 1 1 0 0 0 0 0 0 0 1 0 0 0 0
100	1	1 0 1 1 0 1 0 0 0 0 1 1 0 0 0 0
100	1	0 0 1 1 0 1 0 0 0 0 1 1 0 0 0 1
100	7	1 0 0 1 0 1 0 0 0 0 1 0 0 0 0 0
100	3	0 1 0 0 0 1 0 0 0 1 0 0 0 0 0 0
100	1	0 0 1 1 0 1 0 0 1 0 1 1 1 0 0 0
100	1	0 0 0 1 0 1 0 0 1 0 1 1 0 0 0 1
100	2	0 0 0 1 0 1 0 0 0 0 1 1 0 1 0 0
100	1	0 0 1 1 0 1 0 0 0 0 1 1 0 0 1 0
100	2	0 0 1 0 0 1 0 0 0 0 1 1 0 1 0 0
100	2	0 1 0 1 1 1 0 0 0 0 0 1 0 0 0 0
100	3	0 0 0 1 1 1 1 1 0 0 1 1 0 0 0 0
100	3	0 1 0 1 0 1 0 0 0 0 0 0 0 0 1 0
100	4	0 0 0 1 0 1 0 0 0 1 1 1 0 0 0 0
100	1	1 0 0 1 0 1 0 0 0 0 1 0 0 1 1 0
100	1	1 0 0 1 0 1 0 0 0 1 0 1 0 0 0 1
100	1	1 0 0 0 0 1 0 0 0 0 0 1 0 1 0 0
100	1	0 1 0 1 0 1 0 0 0 1 1 1 0 0 0 0
100	1	0 0 0 1 0 1 0 0 0 0 1 0 0 0 0 0
100	2	0 0 1 1 0 1 1 0 0 0 1 1 0 0 0 0
100	2	0 0 0 0 0 1 0 0 0 1 0 0 0 0 1 0
100	3	1 1 0 1 0 1 0 0 0 0 0 1 0 0 0 0
100	2	0 0 0 1 0 1 1 1 0 0 1 1 0 0 0 0
100	1	0 0 1 1 0 0 0 0 1 0 0 0 1 1 0 1
100	1	1 0 1 1 1 1 1 0 0 0 1 1 1 0 0 0
110	85	0 0 0 1 0 1 0 0 0 0 1 1 0 0 0 0
110	233	0 0 1 1 0 1 0 0 0 0 1 1 0 0 0 0
110	51	0 0 1 0 0 1 0 0 0 0 1 1 0 0 0 0
110	2	0 0 0 0 0 1 0 0 0 1 0 0 0 0 0 0
110	36	0 0 0 1 1 1 0 0 0 0 1 1 0 0 0 0
110	112	1 0 0 1 0 1 0 0 0 0 1 1 0 0 0 0
110	37	0 1 0 1 0 1 0 0 0 0 0 1 0 0 0 0
110	12	0 0 1 1 1 1 0 0 0 0 1 1 0 0 0 0
110	3	0 0 1 0 0 1 0 0 0 0 0 0 0 1 1 0
110	3	0 0 1 1 1 1 1 0 0 0 1 1 0 0 0 0
110	16	0 0 1 1 0 1 0 0 0 0 0 1 0 1 0 0
110	5	0 0 0 1 0 1 0 1 0 0 1 1 0 0 0 0
110	7	0 0 1 1 0 0 0 0 0 0 0 0 0 1 0 1
110	42	1 0 0 1 0 1 0 0 0 1 1 1 0 0 0 0
110	22	0 0 1 1 0 1 0 1 0 0 0 0 0 0 0 0
110	2	0 0 0 1 1 1 1 0 0 0 1 1 0 0 0 0
110	13	0 0 0 1 1 0 0 0 0 0 1 1 0 0 0 0
110	30	0 0 1 1 0 1 1 1 0 0 0 0 0 0 0 0
110	22	0 0 0 0 0 1 0 0 0 0 0 1 0 0 0 0
110	9	0 1 0 1 0 1 0 0 0 0 0 1 0 0 1 0
110	3	0 0 1 0 0 1 0 0 0 0 1 0 0 0 0 0
110	6	0 0 1 1 0 0 0 0 1 0 0 0 0 1 0 1
110	21	0 1 0 0 0 0 0 0 0 1 1 1 0 0 0 0
110	12	0 1 0 1 0 1 1 0 0 0 0 1 0 0 0 0
110	23	0 0 1 1 0 1 0 1 0 0 1 1 0 0 0 0
110	2	0 0 0 1 0 1 0 1 0 0 1 1 0 1 0 0
110	8	1 0 0 1 0 1 1 0 0 0 1 1 0 0 0 0
110	6	0 0 1 1 0 1 0 0 0 0 0 1 0 0 0 0
110	13	0 0 1 1 0 1 0 0 1 0 1 1 0 0 0 0
110	2	0 0 0 1 1 1 0 0 0 0 1 1 1 0 0 0
110	13	1 0 0 1 1 1 0 0 0 0 1 1 0 0 0 0
110	16	1 0 0 1 1 1 1 0 0 0 1 1 1 0 0 0
110	1	0 0 1 1 0 1 0 0 0 0 1 1 0 0 0 1
110	1	1 0 0 1 0 1 0 0 0 0 1 0 0 0 0 0
110	10	0 1 0 0 0 1 0 0 0 1 0 0 0 0 0 0
110	2	0 1 0 1 1 1 0 0 0 0 0 1 0 0 0 0
110	11	0 1 0 1 0 1 0 0 0 0 0 0 0 0 1 0
110	2	0 0 0 1 0 1 0 0 0 1 1 1 0 0 0 0
110	9	0 0 1 1 0 1 1 0 0 0 1 1 0 0 0 0
110	4	1 1 0 1 0 1 0 0 0 0 0 1 0 0 0 0
110	2	0 0 0 1 0 1 1 1 0 0 1 1 0 0 0 0
110	8	0 0 0 1 0 1 0 0 0 0 0 1 0 0 0 0
110	5	0 0 0 1 0 1 0 0 0 0 1 1 0 0 1 0
110	8	1 0 0 1 0 1 0 1 0 0 1 1 0 0 0 0
110	5	0 0 1 1 0 0 0 0 0 0 1 1 0 0 0 0
110	2	0 0 0 0 0 1 0 1 0 0 1 1 0 0 0 0
110	4	1 0 0 1 1 1 1 0 0 0 1 1 0 0 0 0
110	1	0 0 0 1 1 1 0 0 0 0 1 0 0 1 0 1
110	3	0 0 1 1 0 0 0 0 1 0 0 0 0 1 0 0
110	6	0 1 1 1 0 1 0 0 0 0 1 1 0 0 0 0
110	4	1 1 0 1 0 1 1 0 0 0 0 1 0 0 0 0
110	1	0 0 1 1 0 1 0 0 0 0 1 1 1 0 0 0
110	3	1 1 0 1 0 1 0 0 0 0 1 1 0 0 0 0
110	2	0 0 1 1 0 1 0 1 0 0 1 0 0 0 0 0
110	1	1 0 1 1 0 1 0 0 0 0 1 1 0 0 0 0
110	6	0 1 1 1 0 1 0 0 0 0 0 1 0 0 0 0
110	1	0 0 0 1 0 1 0 1 0 1 1 1 0 0 0 0
110	3	0 0 1 1 0 0 0 0 0 0 0 0 0 1 0 0
110	5	0 0 1 1 0 1 0 0 0 0 1 0 0 0 0 0
110	1	0 1 0 0 0 1 0 0 0 0 1 1 0 0 0 0
110	3	0 0 1 1 0 1 0 0 0 0 1 1 0 1 0 0
110	2	0 0 0 1 1 1 0 0 0 0 1 0 0 0 0 0
110	2	0 0 1 0 1 1 0 0 0 0 0 0 0 1 1 0
110	1	0 0 0 1 0 1 0 0 0 0 1 0 0 0 1 0
110	3	0 1 0 1 0 0 0 0 0 0 1 1 0 0 0 0
110	4	1 0 0 0 0 1 0 0 0 1 0 0 0 0 0 0
110	3	0 1 0 1 0 0 0 0 0 0 0 1 0 0 0 0
110	1	1 0 0 1 0 1 0 0 0 1 1 1 0 1 0 0
110	1	0 0 1 0 0 1 0 1 0 0 0 0 0 0 0 0
110	2	0 1 0 1 0 0 0 0 0 0 0 1 0 0 1 0
120	93	0 0 0 1 0 1 0 0 0 0 1 1 0 0 0 0
120	243	0 0 1 1 0 1 0 0 0 0 1 1 0 0 0 0
120	57	0 0 1 0 0 1 0 0 0 0 1 1 0 0 0 0
120	11	0 0 0 1 1 1 0 0 0 0 1 1 0 0 0 0
120	92	1 0 0 1 0 1 0 0 0 0 1 1 0 0 0 0
120	41	0 1 0 1 0 1 0 0 0 0 0 1 0 0 0 0
120	26	0 0 1 1 1 1 0 0 0 0 1 1 0 0 0 0
120	5	0 0 1 0 0 1 0 0 0 0 0 0 0 1 1 0
120	7	0 0 1 1 0 1 0 0 0 0 0 1 0 1 0 0
120	9	0 0 0 1 0 1 0 1 0 0 1 1 0 0 0 0
120	5	0 0 1 1 0 0 0 0 0 0 0 0 0 1 0 1
120	51	1 0 0 1 0 1 0 0 0 1 1 1 0 0 0 0
120	7	0 0 1 1 0 1 0 1 0 0 0 0 0 0 0 0
120	5	0 0 0 1 1 1 1 0 0 0 1 1 0 0 0 0
120	10	0 0 0 1 1 0 0 0 0 0 1 1 0 0 0 0
120	3	0 0 1 1 0 1 1 1 0 0 0 0 0 0 0 0
120	2	0 1 0 1 0 1 0 0 0 0 0 1 0 0 1 0
120	8	0 0 1 0 0 1 0 0 0 0 1 0 0 0 0 0
120	23	0 1 0 0 0 0 0 0 0 1 1 1 0 0 0 0
120	4	0 0 1 1 0 1 0 1 0 0 1 1 0 0 0 0
120	8	0 0 1 1 0 1 0 0 0 0 0 1 0 0 0 0
120	18	0 0 1 1 0 1 0 0 1 0 1 1 0 0 0 0
120	1	1 0 0 1 1 1 0 0 0 0 1 1 0 0 0 0
120	3	1 0 0 1 1 1 1 0 0 0 1 1 1 0 0 0
120	1	0 1 0 1 0 1 0 0 0 0 0 0 0 0 1 0
120	15	0 0 1 1 0 1 1 0 0 0 1 1 0 0 0 0
120	32	1 1 0 1 0 1 0 0 0 0 0 1 0 0 0 0
120	6	0 0 0 1 0 1 0 0 0 0 0 1 0 0 0 0
120	8	1 0 0 1 0 1 0 1 0 0 1 1 0 0 0 0
120	11	0 0 1 1 0 0 0 0 0 0 1 1 0 0 0 0
120	11	1 0 0 1 1 1 1 0 0 0 1 1 0 0 0 0
120	22	0 1 1 1 0 1 0 0 0 0 1 1 0 0 0 0
120	2	1 1 0 1 0 1 1 0 0 0 0 1 0 0 0 0
120	12	0 0 1 1 0 1 0 0 0 0 1 1 1 0 0 0
120	23	1 0 1 1 0 1 0 0 0 0 1 1 0 0 0 0
120	2	0 1 1 1 0 1 0 0 0 0 0 1 0 0 0 0
120	8	0 0 1 1 0 1 0 0 0 0 1 1 0 1 0 0
120	13	1 0 0 0 0 1 0 0 0 1 0 0 0 0 0 0
120	5	1 0 0 1 0 1 0 0 0 0 1 1 1 0 0 0
120	4	0 0 1 1 0 1 0 0 1 0 0 1 0 1 0 0
120	14	1 0 0 1 0 1 0 0 1 1 1 1 0 0 0 0
120	8	0 0 1 1 0 1 1 0 0 0 1 0 0 0 0 0
120	8	0 0 1 1 0 1 0 0 1 0 1 0 0 0 0 0
120	3	0 0 0 1 1 1 0 0 1 0 1 1 0 0 0 0
120	3	1 0 0 1 0 1 0 0 0 1 1 1 0 0 0 1
120	7	0 1 1 1 0 1 0 0 1 0 1 1 0 0 0 0
120	1	0 0 1 1 0 1 0 1 0 0 1 1 1 0 0 0
120	5	0 1 0 1 0 1 0 0 0 0 1 1 0 0 0 0
120	1	1 0 1 1 0 1 0 1 0 0 1 1 0 0 0 0
120	4	1 0 0 0 0 1 0 0 0 0 1 1 0 0 0 0
120	8	1 0 0 1 1 1 1 0 0 1 1 1 1 0 0 0
120	7	0 0 0 1 1 1 0 0 0 0 0 1 0 1 0 0
120	3	1 0 0 1 0 1 0 0 0 0 1 1 0 0 1 0
120	1	1 0 0 1 0 0 0 0 0 0 0 1 0 0 0 0
120	1	0 0 1 0 1 1 0 0 0 0 1 1 0 0 0 0
120	2	1 0 0 1 0 0 0 0 0 0 1 1 1 0 0 0
120	1	0 0 0 0 1 1 0 0 0 0 1 1 0 0 0 0
120	2	1 0 0 1 0 1 0 0 0 0 1 1 0 1 0 0
120	3	1 0 0 1 0 1 0 0 0 0 1 1 0 0 0 1
120	2	1 0 0 1 0 1 0 0 0 1 1 1 1 0 0 0
120	1	0 0 0 1 1 0 0 0 1 0 1 1 0 0 0 0
120	2	0 1 0 1 0 1 1 0 0 0 0 1 0 0 0 0
120	1	0 0 0 1 0 1 0 0 0 1 1 1 0 0 0 0
120	1	0 0 1 0 0 1 0 0 0 0 1 1 0 1 0 0
120	1	0 0 0 0 0 1 0 0 0 0 0 0 0 1 1 0
120	2	0 1 1 1 1 1 0 0 0 0 1 1 0 0 0 0
120	1	1 0 0 1 0 1 0 0 1 0 1 1 0 1 0 0
130	76	0 0 0 1 0 1 0 0 0 0 1 1 0 0 0 0
130	178	0 0 1 1 0 1 0 0 0 0 1 1 0 0 0 0
130	45	0 0 1 0 0 1 0 0 0 0 1 1 0 0 0 0
130	13	0 0 0 1 1 1 0 0 0 0 1 1 0 0 0 0
130	53	1 0 0 1 0 1 0 0 0 0 1 1 0 0 0 0
130	24	0 1 0 1 0 1 0 0 0 0 0 1 0 0 0 0
130	9	0 0 1 1 1 1 0 0 0 0 1 1 0 0 0 0
130	10	0 0 0 1 0 1 0 1 0 0 1 1 0 0 0 0
130	4	0 0 1 1 0 0 0 0 0 0 0 0 0 1 0 1
130	51	1 0 0 1 0 1 0 0 0 1 1 1 0 0 0 0
130	4	0 0 0 1 1 1 1 0 0 0 1 1 0 0 0 0
130	14	0 0 0 1 1 0 0 0 0 0 1 1 0 0 0 0
130	4	0 0 1 1 0 1 1 1 0 0 0 0 0 0 0 0
130	9	0 0 1 0 0 1 0 0 0 0 1 0 0 0 0 0
130	32	0 1 0 0 0 0 0 0 0 1 1 1 0 0 0 0
130	17	0 0 1 1 0 1 0 1 0 0 1 1 0 0 0 0
130	20	0 0 1 1 0 1 0 0 1 0 1 1 0 0 0 0
130	24	0 0 1 1 0 1 1 0 0 0 1 1 0 0 0 0
130	32	1 1 0 1 0 1 0 0 0 0 0 1 0 0 0 0
130	5	0 0 0 1 0 1 0 0 0 0 0 1 0 0 0 0
130	11	1 0 0 1 0 1 0 1 0 0 1 1 0 0 0 0
130	21	0 0 1 1 0 0 0 0 0 0 1 1 0 0 0 0
130	8	1 0 0 1 1 1 1 0 0 0 1 1 0 0 0 0
130	49	0 1 1 1 0 1 0 0 0 0 1 1 0 0 0 0
130	7	0 0 1 1 0 1 0 0 0 0 1 1 1 0 0 0
130	2	1 0 1 1 0 1 0 0 0 0 1 1 0 0 0 0
130	16	0 0 1 1 0 1 0 0 0 0 1 1 0 1 0 0
130	3	1 0 0 0 0 1 0 0 0 1 0 0 0 0 0 0
130	8	0 0 1 1 0 1 0 0 1 0 0 1 0 1 0 0
130	11	1 0 0 1 0 1 0 0 1 1 1 1 0 0 0 0
130	20	0 0 1 1 0 1 0 0 1 0 1 0 0 0 0 0
130	6	0 1 1 1 0 1 0 0 1 0 1 1 0 0 0 0
130	10	0 1 0 1 0 1 0 0 0 0 1 1 0 0 0 0
130	1	1 0 0 1 1 1 1 0 0 1 1 1 1 0 0 0
130	3	0 0 0 1 1 1 0 0 0 0 0 1 0 1 0 0
130	3	1 0 0 1 0 1 0 0 0 0 1 1 0 0 1 0
130	7	1 0 0 1 0 1 0 0 0 1 1 1 1 0 0 0
130	7	0 1 0 1 0 1 1 0 0 0 0 1 0 0 0 0
130	7	0 0 0 1 0 1 0 0 0 1 1 1 0 0 0 0
130	3	0 0 1 0 0 1 0 0 0 0 1 1 0 1 0 0
130	1	0 1 1 1 1 1 0 0 0 0 1 1 0 0 0 0
130	8	0 1 0 0 0 0 0 0 0 0 1 1 0 0 0 0
130	4	0 0 1 1 0 1 0 0 0 0 1 1 0 0 0 1
130	18	0 1 0 1 0 0 0 0 0 1 1 1 0 0 0 0
130	9	0 0 0 0 0 1 0 0 0 0 1 1 0 0 0 0
130	5	0 0 1 0 0 1 0 0 0 1 1 1 0 0 0 0
130	2	0 0 1 1 1 1 0 0 0 0 0 1 0 0 0 0
130	11	0 1 1 1 0 0 0 0 0 0 1 1 0 0 0 0
130	3	1 1 0 1 0 1 0 0 0 0 0 1 0 0 0 1
130	3	0 0 1 1 0 1 0 0 0 0 1 1 0 1 1 0
130	7	1 0 0 1 0 1 0 0 1 1 1 1 0 0 1 0
130	1	0 0 0 1 0 1 1 0 0 0 1 1 1 0 0 0
130	17	1 0 0 1 0 1 0 0 0 0 0 1 0 0 0 0
130	9	0 0 0 1 0 0 0 0 0 0 1 1 0 0 0 0
130	7	0 0 0 1 0 1 0 0 0 0 1 1 1 0 0 0
130	1	1 0 0 1 0 1 1 0 0 1 1 1 1 0 0 0
130	7	1 1 1 1 0 1 0 0 0 0 1 1 0 0 0 0
130	2	0 0 0 1 0 1 0 0 0 0 1 1 0 1 0 0
130	1	1 1 0 0 0 0 0 0 0 1 1 1 0 0 0 0
130	3	0 0 1 1 0 1 0 0 1 0 1 0 1 0 0 0
130	3	0 1 0 1 0 1 0 0 0 1 1 1 0 0 0 0
130	2	0 0 1 1 0 1 1 1 0 1 1 1 0 0 0 0
130	2	1 0 0 1 0 0 0 0 0 1 1 1 0 0 0 0
130	1	1 0 0 1 1 1 1 0 1 0 1 1 0 0 0 0
130	2	0 1 1 1 0 1 0 0 0 0 1 0 0 0 0 0
130	1	0 0 0 1 0 1 0 0 1 0 1 0 0 0 0 0
130	1	1 0 0 1 0 1 0 0 1 0 1 0 0 0 0 0
130	2	1 0 1 0 0 1 0 0 0 0 1 1 0 0 0 0
130	6	0 0 1 1 0 1 0 0 0 0 1 0 0 0 0 0
130	2	0 0 1 1 0 1 1 1 0 0 0 1 0 0 0 0
130	4	1 1 0 1 0 1 0 1 0 0 0 1 0 0 0 0
130	1	0 0 1 1 0 1 0 0 0 0 0 1 0 1 0 0
130	4	0 1 0 1 0 1 1 0 0 0 0 0 0 0 0 0
130	2	1 0 0 1 0 1 0 0 0 0 1 1 1 0 0 0
130	1	0 1 1 0 0 1 0 0 0 0 1 1 0 0 0 0
130	3	1 0 0 1 0 1 1 0 0 1 1 1 0 0 0 0
130	2	1 0 0 1 1 0 0 0 0 0 1 1 0 0 0 0
130	3	0 0 1 1 0 1 1 0 0 0 1 0 0 0 0 0
130	1	0 0 1 1 0 1 0 0 0 0 0 1 1 0 0 0
130	1	1 0 0 0 0 1 1 0 0 1 0 0 0 0 0 0
130	2	0 1 1 1 1 1 0 0 1 0 1 1 0 0 0 0
130	3	0 1 0 1 0 0 0 0 0 0 1 1 0 0 0 0
130	4	0 0 1 0 0 0 0 0 0 1 1 1 0 0 0 0
130	1	1 0 0 1 0 1 0 0 0 1 0 1 0 0 0 0
140	43	0 0 0 1 0 1 0 0 0 0 1 1 0 0 0 0
140	140	0 0 1 1 0 1 0 0 0 0 1 1 0 0 0 0
140	25	0 0 1 0 0 1 0 0 0 0 1 1 0 0 0 0
140	5	0 0 0 1 1 1 0 0 0 0 1 1 0 0 0 0
140	91	1 0 0 1 0 1 0 0 0 0 1 1 0 0 0 0
140	11	0 1 0 1 0 1 0 0 0 0 0 1 0 0 0 0
140	19	0 0 1 1 1 1 0 0 0 0 1 1 0 0 0 0
140	8	0 0 0 1 0 1 0 1 0 0 1 1 0 0 0 0
140	9	1 0 0 1 0 1 0 0 0 1 1 1 0 0 0 0
140	21	0 0 0 1 1 0 0 0 0 0 1 1 0 0 0 0
140	4	0 0 1 1 0 1 1 1 0 0 0 0 0 0 0 0
140	25	0 0 1 0 0 1 0 0 0 0 1 0 0 0 0 0
140	16	0 1 0 0 0 0 0 0 0 1 1 1 0 0 0 0
140	17	0 0 1 1 0 1 0 1 0 0 1 1 0 0 0 0
140	27	0 0 1 1 0 1 0 0 1 0 1 1 0 0 0 0
140	37	0 0 1 1 0 1 1 0 0 0 1 1 0 0 0 0
140	47	1 1 0 1 0 1 0 0 0 0 0 1 0 0 0 0
140	26	0 0 0 1 0 1 0 0 0 0 0 1 0 0 0 0
140	22	1 0 0 1 0 1 0 1 0 0 1 1 0 0 0 0
140	21	1 0 0 1 1 1 1 0 0 0 1 1 0 0 0 0
140	39	0 1 1 1 0 1 0 0 0 0 1 1 0 0 0 0
140	3	0 0 1 1 0 1 0 0 0 0 1 1 1 0 0 0
140	9	1 0 1 1 0 1 0 0 0 0 1 1 0 0 0 0
140	5	0 0 1 1 0 1 0 0 0 0 1 1 0 1 0 0
140	12	1 0 0 0 0 1 0 0 0 1 0 0 0 0 0 0
140	11	0 0 1 1 0 1 0 0 1 0 0 1 0 1 0 0
140	2	1 0 0 1 0 1 0 0 1 1 1 1 0 0 0 0
140	29	0 1 1 1 0 1 0 0 1 0 1 1 0 0 0 0
140	11	1 0 0 1 0 1 0 0 0 0 1 1 0 0 1 0
140	6	1 0 0 1 0 1 0 0 0 1 1 1 1 0 0 0
140	14	0 1 0 1 0 1 1 0 0 0 0 1 0 0 0 0
140	12	0 0 1 1 0 1 0 0 0 0 1 1 0 0 0 1
140	13	0 1 0 1 0 0 0 0 0 1 1 1 0 0 0 0
140	20	0 0 0 0 0 1 0 0 0 0 1 1 0 0 0 0
140	2	1 1 0 1 0 1 0 0 0 0 0 1 0 0 0 1
140	8	0 0 0 1 0 1 1 0 0 0 1 1 1 0 0 0
140	1	1 0 0 1 0 1 0 0 0 0 0 1 0 0 0 0
140	6	0 0 0 1 0 0 0 0 0 0 1 1 0 0 0 0
140	2	0 0 0 1 0 1 0 0 0 0 1 1 1 0 0 0
140	12	1 1 1 1 0 1 0 0 0 0 1 1 0 0 0 0
140	5	0 0 0 1 0 1 0 0 0 0 1 1 0 1 0 0
140	13	0 0 1 1 0 1 0 0 1 0 1 0 1 0 0 0
140	19	0 0 1 1 0 1 1 1 0 1 1 1 0 0 0 0
140	5	1 0 0 1 0 1 0 0 1 0 1 0 0 0 0 0
140	4	0 0 1 1 0 1 0 0 0 0 1 0 0 0 0 0
140	5	0 0 1 1 0 1 0 0 0 0 0 1 0 1 0 0
140	1	1 0 0 1 0 1 1 0 0 1 1 1 0 0 0 0
140	10	1 0 0 1 1 0 0 0 0 0 1 1 0 0 0 0
140	12	0 0 1 1 0 1 0 0 0 1 1 1 0 0 0 0
140	3	0 0 1 1 0 1 0 1 0 0 1 1 0 1 0 0
140	1	0 0 0 1 0 1 1 0 0 0 0 1 0 0 0 0
140	5	0 0 0 1 0 1 0 1 0 0 0 1 0 0 0 0
140	8	0 0 0 1 0 1 1 0 0 0 1 1 0 0 0 0
140	2	0 0 1 1 1 1 0 0 0 0 0 1 0 0 0 0
140	3	0 1 0 1 0 1 0 0 1 0 0 1 0 0 0 0
140	3	0 0 1 1 0 0 0 0 1 0 1 1 0 0 0 0
140	2	1 1 0 1 0 1 1 0 0 0 0 1 0 0 0 0
140	2	0 0 0 1 0 1 0 0 1 0 1 1 0 0 0 0
140	2	0 0 1 1 0 1 1 0 1 0 1 1 0 0 0 0
140	2	0 1 0 0 0 0 0 0 0 0 1 1 0 0 0 0
140	7	1 1 0 1 0 1 0 0 0 0 1 1 0 0 0 0
140	1	0 1 1 0 0 1 0 0 0 0 1 1 0 0 0 0
140	2	0 0 1 1 0 1 0 0 1 0 1 1 0 0 1 0
140	2	0 1 0 1 0 0 1 0 0 1 1 1 0 0 0 0
140	5	0 0 0 1 0 0 0 1 0 0 1 1 0 0 0 0
140	1	1 0 0 1 0 1 0 0 0 0 1 1 1 0 0 0
140	2	0 1 0 1 0 1 0 0 0 0 0 0 0 0 0 0
140	5	0 0 0 0 1 0 0 0 0 0 1 1 0 0 0 0
140	2	0 0 0 1 1 0 0 1 0 0 1 1 0 0 0 0
140	3	0 1 0 0 1 0 0 0 0 1 1 1 0 0 0 0
140	1	0 0 1 1 0 0 1 0 0 0 1 1 0 0 0 0
140	2	1 0 0 0 0 1 0 0 0 1 0 0 1 0 0 0
140	3	0 0 1 1 1 1 0 0 1 0 0 1 0 1 0 0
140	1	0 1 0 1 0 0 0 0 0 0 1 1 0 0 0 0
140	2	0 1 1 0 0 1 0 0 0 0 1 0 0 0 0 0
140	2	0 0 0 1 0 1 0 0 0 1 1 1 0 0 0 0
140	4	1 1 1 1 0 1 0 0 0 0 0 1 0 0 0 0
140	1	1 0 1 1 0 1 0 0 0 0 1 1 0 0 1 0
140	1	0 0 1 1 0 1 0 0 0 0 1 0 0 1 0 0
140	1	0 0 1 1 0 1 1 0 0 0 1 1 1 0 0 0
140	2	0 0 1 0 0 1 0 0 1 0 0 1 0 1 0 0
140	2	0 0 0 1 1 1 1 0 0 0 1 1 0 0 0 0
140	3	0 0 0 1 0 1 0 0 0 0 1 1 0 0 1 0
140	1	0 0 1 1 1 1 0 0 1 0 1 1 0 0 0 0
140	2	0 0 0 1 0 1 0 0 0 1 0 1 0 0 0 0
140	1	0 0 0 1 0 0 0 0 0 0 0 1 0 0 0 0
140	1	1 0 0 0 1 1 1 0 0 0 1 1 0 0 0 0
140	1	0 0 0 1 0 1 1 0 0 0 1 0 1 0 0 0
140	1	0 0 0 1 1 0 0 1 0 0 1 1 1 0 0 0
150	26	0 0 0 1 0 1 0 0 0 0 1 1 0 0 0 0
150	220	0 0 1 1 0 1 0 0 0 0 1 1 0 0 0 0
150	23	0 0 1 0 0 1 0 0 0 0 1 1 0 0 0 0
150	96	1 0 0 1 0 1 0 0 0 0 1 1 0 0 0 0
150	50	0 0 1 1 1 1 0 0 0 0 1 1 0 0 0 0
150	6	0 0 0 1 0 1 0 1 0 0 1 1 0 0 0 0
150	7	0 0 0 1 1 0 0 0 0 0 1 1 0 0 0 0
150	2	0 0 1 1 0 1 1 1 0 0 0 0 0 0 0 0
150	10	0 0 1 0 0 1 0 0 0 0 1 0 0 0 0 0
150	11	0 1 0 0 0 0 0 0 0 1 1 1 0 0 0 0
150	13	0 0 1 1 0 1 0 1 0 0 1 1 0 0 0 0
150	10	0 0 1 1 0 1 0 0 1 0 1 1 0 0 0 0
150	25	0 0 1 1 0 1 1 0 0 0 1 1 0 0 0 0
150	23	1 1 0 1 0 1 0 0 0 0 0 1 0 0 0 0
150	9	0 0 0 1 0 1 0 0 0 0 0 1 0 0 0 0
150	18	1 0 0 1 0 1 0 1 0 0 1 1 0 0 0 0
150	61	1 0 0 1 1 1 1 0 0 0 1 1 0 0 0 0
150	43	0 1 1 1 0 1 0 0 0 0 1 1 0 0 0 0
150	1	0 0 1 1 0 1 0 0 0 0 1 1 1 0 0 0
150	8	1 0 1 1 0 1 0 0 0 0 1 1 0 0 0 0
150	2	0 0 1 1 0 1 0 0 0 0 1 1 0 1 0 0
150	8	1 0 0 0 0 1 0 0 0 1 0 0 0 0 0 0
150	10	0 0 1 1 0 1 0 0 1 0 0 1 0 1 0 0
150	17	0 1 1 1 0 1 0 0 1 0 1 1 0 0 0 0
150	10	1 0 0 1 0 1 0 0 0 0 1 1 0 0 1 0
150	11	0 1 0 1 0 1 1 0 0 0 0 1 0 0 0 0
150	44	0 0 1 1 0 1 0 0 0 0 1 1 0 0 0 1
150	6	0 1 0 1 0 0 0 0 0 1 1 1 0 0 0 0
150	5	1 1 0 1 0 1 0 0 0 0 0 1 0 0 0 1
150	11	1 1 1 1 0 1 0 0 0 0 1 1 0 0 0 0
150	2	0 0 0 1 0 1 0 0 0 0 1 1 0 1 0 0
150	3	0 0 1 1 0 1 1 1 0 1 1 1 0 0 0 0
150	1	1 0 0 1 0 1 0 0 1 0 1 0 0 0 0 0
150	3	0 0 1 1 0 1 0 0 0 0 0 1 0 1 0 0
150	4	0 0 1 1 0 1 0 0 0 1 1 1 0 0 0 0
150	9	0 0 0 1 0 1 1 0 0 0 1 1 0 0 0 0
150	4	0 0 1 1 1 1 0 0 0 0 0 1 0 0 0 0
150	11	0 1 0 1 0 1 0 0 1 0 0 1 0 0 0 0
150	10	1 1 0 1 0 1 1 0 0 0 0 1 0 0 0 0
150	11	1 1 0 1 0 1 0 0 0 0 1 1 0 0 0 0
150	1	1 0 0 1 0 1 0 0 0 0 1 1 1 0 0 0
150	2	0 0 0 1 1 0 0 1 0 0 1 1 0 0 0 0
150	1	0 1 0 0 1 0 0 0 0 1 1 1 0 0 0 0
150	4	0 0 1 1 0 0 1 0 0 0 1 1 0 0 0 0
150	10	0 0 0 1 0 1 0 0 0 1 1 1 0 0 0 0
150	1	1 0 1 1 0 1 0 0 0 0 1 1 0 0 1 0
150	6	0 0 1 1 0 1 0 0 0 0 1 0 0 1 0 0
150	3	0 0 0 1 1 1 1 0 0 0 1 1 0 0 0 0
150	4	0 0 0 1 0 1 0 0 0 0 1 1 0 0 1 0
150	7	0 0 0 1 0 1 0 0 0 1 0 1 0 0 0 0
150	2	0 1 1 1 0 1 0 0 0 0 0 1 0 1 0 0
150	4	0 0 0 0 0 1 0 0 0 1 0 0 0 0 0 0
150	16	0 0 1 1 1 1 0 0 0 0 1 1 0 1 0 0
150	1	0 0 0 1 0 1 0 0 1 0 1 1 0 0 0 0
150	4	0 1 1 0 0 1 0 0 0 0 1 1 0 0 0 0
150	5	0 1 1 1 1 0 0 0 0 0 1 1 0 0 0 0
150	6	1 0 1 1 1 1 0 0 1 0 0 1 0 1 0 0
150	9	0 0 1 1 0 1 0 1 0 1 1 1 0 0 0 0
150	2	0 0 1 1 0 1 0 1 0 0 1 0 0 0 0 0
150	2	0 1 1 1 0 1 0 0 0 0 1 1 0 1 0 0
150	3	1 1 1 1 0 1 0 0 1 0 1 1 0 0 0 0
150	2	0 0 1 1 0 0 0 0 0 0 1 1 0 0 0 0
150	6	0 0 1 1 1 0 0 0 0 0 1 1 0 0 0 0
150	2	0 1 1 1 0 1 0 0 0 0 0 1 0 0 0 0
150	7	0 0 1 1 0 1 0 1 0 0 1 1 0 0 0 1
150	2	0 0 0 1 0 1 0 0 1 1 1 1 0 0 0 0
150	5	1 1 0 1 1 1 1 0 0 0 1 1 0 0 0 0
150	1	0 1 0 1 0 1 0 0 1 0 1 1 0 0 0 0
150	2	0 0 1 1 1 1 0 0 1 0 1 1 0 1 0 0
150	5	1 0 1 1 0 1 0 0 1 0 1 1 0 0 0 0
150	1	1 0 0 1 0 1 0 0 0 1 1 1 0 0 0 0
150	1	1 1 0 1 0 1 0 0 0 0 1 1 0 0 1 0
150	5	0 0 1 1 0 1 0 0 0 0 1 1 0 0 1 0
150	4	0 0 1 1 1 1 0 0 1 0 1 0 1 0 0 0
150	1	0 0 1 0 0 1 0 1 0 0 1 1 0 0 0 0
150	3	1 0 0 0 0 1 0 0 0 0 1 1 0 0 0 0
150	2	0 1 1 1 0 1 0 0 0 0 1 0 0 0 0 0
150	2	0 0 0 0 0 1 0 0 0 1 0 0 0 0 1 0
150	2	0 0 1 1 1 1 1 0 0 0 1 1 0 0 0 0
150	1	0 1 1 1 1 1 0 0 0 0 1 1 0 0 0 0
150	1	0 1 0 1 0 1 1 0 0 0 1 1 0 0 0 0
150	1	1 0 0 0 1 1 1 0 0 0 1 1 0 0 0 0
150	1	1 0 0 1 1 1 1 0 0 0 0 1 0 0 0 0
150	2	0 0 1 0 0 1 0 0 0 0 1 1 0 0 0 1
150	1	1 1 0 1 0 1 0 0 0 0 1 0 0 0 0 0
150	3	0 1 1 0 1 1 0 0 0 0 1 1 0 0 0 0
160	23	0 0 0 1 0 1 0 0 0 0 1 1 0 0 0 0
160	120	0 0 1 1 0 1 0 0 0 0 1 1 0 0 0 0
160	14	0 0 1 0 0 1 0 0 0 0 1 1 0 0 0 0
160	98	1 0 0 1 0 1 0 0 0 0 1 1 0 0 0 0
160	72	0 0 1 1 1 1 0 0 0 0 1 1 0 0 0 0
160	4	0 0 0 1 0 1 0 1 0 0 1 1 0 0 0 0
160	10	0 1 0 0 0 0 0 0 0 1 1 1 0 0 0 0
160	4	0 0 1 1 0 1 0 1 0 0 1 1 0 0 0 0
160	23	0 0 1 1 0 1 0 0 1 0 1 1 0 0 0 0
160	49	0 0 1 1 0 1 1 0 0 0 1 1 0 0 0 0
160	23	1 1 0 1 0 1 0 0 0 0 0 1 0 0 0 0
160	10	0 0 0 1 0 1 0 0 0 0 0 1 0 0 0 0
160	71	1 0 0 1 1 1 1 0 0 0 1 1 0 0 0 0
160	51	0 1 1 1 0 1 0 0 0 0 1 1 0 0 0 0
160	3	1 0 1 1 0 1 0 0 0 0 1 1 0 0 0 0
160	11	0 0 1 1 0 1 0 0 0 0 1 1 0 1 0 0
160	9	1 0 0 0 0 1 0 0 0 1 0 0 0 0 0 0
160	3	0 0 1 1 0 1 0 0 1 0 0 1 0 1 0 0
160	28	0 1 1 1 0 1 0 0 1 0 1 1 0 0 0 0
160	13	1 0 0 1 0 1 0 0 0 0 1 1 0 0 1 0
160	2	0 1 0 1 0 1 1 0 0 0 0 1 0 0 0 0
160	44	0 0 1 1 0 1 0 0 0 0 1 1 0 0 0 1
160	9	0 1 0 1 0 0 0 0 0 1 1 1 0 0 0 0
160	13	1 1 1 1 0 1 0 0 0 0 1 1 0 0 0 0
160	8	0 0 1 1 0 1 1 1 0 1 1 1 0 0 0 0
160	3	0 0 0 1 0 1 1 0 0 0 1 1 0 0 0 0
160	16	0 1 0 1 0 1 0 0 1 0 0 1 0 0 0 0
160	16	1 1 0 1 0 1 1 0 0 0 0 1 0 0 0 0
160	27	1 1 0 1 0 1 0 0 0 0 1 1 0 0 0 0
160	3	0 0 0 1 1 0 0 1 0 0 1 1 0 0 0 0
160	17	0 0 0 1 0 1 0 0 0 1 1 1 0 0 0 0
160	16	0 0 1 1 0 1 0 0 0 0 1 0 0 1 0 0
160	7	0 0 0 1 0 1 0 0 0 1 0 1 0 0 0 0
160	5	0 1 1 1 0 1 0 0 0 0 0 1 0 1 0 0
160	4	0 0 0 0 0 1 0 0 0 1 0 0 0 0 0 0
160	3	0 0 1 1 1 1 0 0 0 0 1 1 0 1 0 0
160	18	0 1 1 0 0 1 0 0 0 0 1 1 0 0 0 0
160	5	0 1 1 1 1 0 0 0 0 0 1 1 0 0 0 0
160	11	1 1 1 1 0 1 0 0 1 0 1 1 0 0 0 0
160	2	0 0 1 1 1 0 0 0 0 0 1 1 0 0 0 0
160	2	0 0 1 1 0 1 0 1 0 0 1 1 0 0 0 1
160	1	1 1 0 1 1 1 1 0 0 0 1 1 0 0 0 0
160	8	1 0 1 1 0 1 0 0 1 0 1 1 0 0 0 0
160	9	0 0 1 0 0 1 0 0 0 0 1 1 0 0 0 1
160	7	0 1 1 0 1 1 0 0 0 0 1 1 0 0 0 0
160	5	0 0 1 1 1 1 0 0 0 0 1 1 0 0 1 0
160	6	0 0 1 1 0 1 0 0 0 0 0 1 0 0 0 1
160	8	1 0 0 1 0 1 0 0 0 0 1 1 1 0 0 0
160	1	0 1 1 1 1 1 0 0 0 0 1 1 0 0 0 0
160	2	0 0 1 1 0 0 0 0 0 0 1 1 0 0 0 0
160	1	0 0 1 1 0 1 0 0 0 1 1 1 0 0 0 0
160	9	0 0 1 0 0 1 0 1 0 0 1 1 0 0 0 0
160	12	1 1 0 1 0 1 0 0 0 0 0 1 1 0 0 1
160	2	1 0 0 1 0 1 0 0 1 0 1 1 0 0 0 0
160	4	1 0 1 1 1 1 0 0 0 0 1 1 0 0 0 0
160	1	1 0 0 1 1 1 1 0 0 0 1 1 0 0 1 0
160	1	1 0 1 1 0 1 0 0 0 0 1 1 0 0 0 1
160	4	0 0 1 1 0 1 0 0 0 0 1 1 1 0 0 1
160	3	1 1 0 1 1 1 0 0 0 0 0 1 0 0 0 1
160	7	0 0 0 1 0 0 0 0 0 0 1 1 0 1 0 0
160	1	1 0 0 1 0 1 0 0 0 0 1 1 0 1 0 0
160	3	1 0 0 1 0 1 0 0 0 1 1 1 0 0 0 0
160	1	0 0 1 1 0 1 1 0 0 0 1 1 0 0 0 1
160	2	0 0 0 1 0 1 1 0 0 1 0 0 0 0 0 0
160	2	1 0 0 1 0 1 0 0 0 0 0 1 0 0 0 0
160	1	1 1 0 1 0 1 0 0 0 0 1 1 0 0 1 0
160	1	1 0 1 1 0 1 0 0 0 0 0 1 0 0 0 1
160	2	1 0 0 1 0 0 0 0 0 0 1 1 0 0 0 0
160	2	0 0 1 1 0 1 0 1 1 0 1 1 0 0 0 0
160	2	0 0 1 1 0 1 1 0 0 0 1 1 1 0 0 0
160	2	1 0 0 0 0 1 0 0 0 1 0 0 0 0 0 1
160	1	0 0 1 1 0 1 0 0 0 0 1 0 0 0 0 1
160	6	0 1 1 0 0 1 0 0 0 0 0 1 0 0 0 0
160	1	0 0 1 1 0 1 0 0 1 0 0 1 0 0 0 1
160	2	0 1 1 1 0 1 0 0 1 0 1 1 0 0 0 1
160	1	0 1 0 1 0 1 0 0 0 0 1 1 0 0 1 0
160	1	0 0 1 1 1 1 0 0 0 0 1 0 0 0 0 0
160	1	0 1 0 0 0 0 0 0 0 1 1 1 0 0 1 0
160	3	0 0 0 1 0 1 0 1 0 0 0 1 0 0 0 0
160	1	0 1 1 1 0 1 0 1 0 0 1 1 0 0 0 0
160	1	0 1 1 1 0 1 0 0 0 0 1 1 0 0 0 1
160	2	1 1 1 1 0 1 0 1 0 0 1 1 0 0 0 0
170	22	0 0 0 1 0 1 0 0 0 0 1 1 0 0 0 0
170	102	0 0 1 1 0 1 0 0 0 0 1 1 0 0 0 0
170	24	0 0 1 0 0 1 0 0 0 0 1 1 0 0 0 0
170	64	1 0 0 1 0 1 0 0 0 0 1 1 0 0 0 0
170	38	0 0 1 1 1 1 0 0 0 0 1 1 0 0 0 0
170	24	0 1 0 0 0 0 0 0 0 1 1 1 0 0 0 0
170	18	0 0 1 1 0 1 0 0 1 0 1 1 0 0 0 0
170	26	0 0 1 1 0 1 1 0 0 0 1 1 0 0 0 0
170	31	1 1 0 1 0 1 0 0 0 0 0 1 0 0 0 0
170	2	0 0 0 1 0 1 0 0 0 0 0 1 0 0 0 0
170	45	1 0 0 1 1 1 1 0 0 0 1 1 0 0 0 0
170	90	0 1 1 1 0 1 0 0 0 0 1 1 0 0 0 0
170	11	1 0 1 1 0 1 0 0 0 0 1 1 0 0 0 0
170	19	0 0 1 1 0 1 0 0 0 0 1 1 0 1 0 0
170	1	1 0 0 0 0 1 0 0 0 1 0 0 0 0 0 0
170	6	0 0 1 1 0 1 0 0 1 0 0 1 0 1 0 0
170	14	0 1 1 1 0 1 0 0 1 0 1 1 0 0 0 0
170	12	1 0 0 1 0 1 0 0 0 0 1 1 0 0 1 0
170	2	0 1 0 1 0 1 1 0 0 0 0 1 0 0 0 0
170	39	0 0 1 1 0 1 0 0 0 0 1 1 0 0 0 1
170	11	0 1 0 1 0 0 0 0 0 1 1 1 0 0 0 0
170	10	1 1 1 1 0 1 0 0 0 0 1 1 0 0 0 0
170	25	0 1 0 1 0 1 0 0 1 0 0 1 0 0 0 0
170	5	1 1 0 1 0 1 1 0 0 0 0 1 0 0 0 0
170	9	1 1 0 1 0 1 0 0 0 0 1 1 0 0 0 0
170	2	0 0 0 1 0 1 0 0 0 1 1 1 0 0 0 0
170	5	0 0 1 1 0 1 0 0 0 0 1 0 0 1 0 0
170	18	0 1 1 0 0 1 0 0 0 0 1 1 0 0 0 0
170	10	0 1 1 1 1 0 0 0 0 0 1 1 0 0 0 0
170	14	1 0 1 1 0 1 0 0 1 0 1 1 0 0 0 0
170	3	0 0 1 0 0 1 0 0 0 0 1 1 0 0 0 1
170	4	0 1 1 0 1 1 0 0 0 0 1 1 0 0 0 0
170	7	0 0 1 1 0 1 0 0 0 0 0 1 0 0 0 1
170	18	1 0 0 1 0 1 0 0 0 0 1 1 1 0 0 0
170	12	0 0 1 1 0 0 0 0 0 0 1 1 0 0 0 0
170	7	0 0 1 0 0 1 0 1 0 0 1 1 0 0 0 0
170	31	1 1 0 1 0 1 0 0 0 0 0 1 1 0 0 1
170	3	1 0 1 1 1 1 0 0 0 0 1 1 0 0 0 0
170	6	1 1 0 1 1 1 0 0 0 0 0 1 0 0 0 1
170	5	1 0 0 1 0 1 0 0 0 1 1 1 0 0 0 0
170	2	1 0 0 1 0 0 0 0 0 0 1 1 0 0 0 0
170	4	0 1 1 0 0 1 0 0 0 0 0 1 0 0 0 0
170	4	0 0 0 1 0 1 0 1 0 0 0 1 0 0 0 0
170	5	0 0 1 1 1 1 0 0 0 0 1 1 1 0 0 0
170	22	1 0 1 1 1 1 1 0 0 0 1 1 0 0 0 0
170	2	1 0 0 0 0 1 0 1 0 1 0 0 0 0 0 0
170	4	0 0 1 1 0 1 0 0 0 0 1 0 0 0 0 0
170	1	0 1 0 1 0 1 0 0 0 0 1 1 0 0 0 0
170	12	1 0 0 0 1 1 0 0 0 1 0 0 0 0 0 0
170	1	0 0 1 1 0 1 1 0 0 0 1 1 1 0 0 1
170	9	0 0 1 1 0 1 0 0 0 0 0 0 0 0 0 0
170	2	1 0 0 1 1 1 1 0 0 0 1 0 0 0 0 0
170	3	1 0 1 1 0 1 0 0 0 0 1 0 0 1 0 0
170	7	0 0 0 1 1 1 0 0 0 0 1 1 0 0 0 0
170	13	1 0 1 1 0 1 0 0 0 0 1 0 0 0 0 0
170	3	1 0 0 1 0 1 0 0 0 0 1 1 1 1 0 0
170	2	0 1 1 0 1 1 0 0 0 0 0 1 0 0 0 0
170	14	0 0 1 0 0 1 0 0 1 0 1 1 0 0 0 0
170	1	1 0 1 1 0 1 1 0 0 0 1 1 0 0 0 0
170	1	1 1 0 0 0 1 0 0 0 1 0 0 0 0 0 0
170	2	1 1 0 1 0 1 0 1 0 0 1 1 0 0 0 0
170	13	0 1 0 1 0 1 0 0 0 0 0 1 0 0 0 0
170	6	0 0 1 1 0 1 0 0 0 1 1 1 0 0 0 1
170	5	1 0 0 1 1 1 1 0 1 0 1 0 0 0 0 0
170	3	0 0 1 1 0 1 0 0 0 0 1 1 1 0 0 0
170	1	1 0 0 0 0 0 0 0 0 1 1 1 0 0 0 0
170	2	1 0 0 0 0 1 0 0 0 0 1 1 0 0 0 0
170	2	0 1 0 1 0 1 0 0 1 0 1 1 0 0 0 0
170	5	1 1 1 1 0 1 1 0 0 0 0 1 0 0 0 0
170	1	0 1 1 1 0 0 0 0 0 0 1 1 0 0 0 0
170	3	1 0 1 0 1 1 0 0 0 0 1 1 0 0 0 0
170	6	1 1 0 1 0 1 0 0 0 0 1 1 0 0 0 1
170	4	0 1 1 1 0 1 1 0 1 0 1 1 0 0 0 0
170	2	1 0 0 0 1 1 0 0 0 1 0 0 1 0 0 0
170	4	1 0 1 0 0 1 0 0 1 0 1 1 0 0 0 0
170	3	1 0 0 1 0 1 1 0 0 0 1 1 0 0 0 0
170	1	1 0 0 1 1 0 1 0 0 0 1 1 0 0 0 0
170	1	1 0 0 1 1 1 1 1 0 0 1 1 0 0 0 0
170	1	0 1 0 1 0 1 0 1 1 0 0 1 0 0 0 0
170	5	0 1 1 1 0 1 0 0 0 0 1 0 0 1 0 0
170	1	1 1 1 1 1 0 0 0 0 0 1 1 0 0 0 0
170	1	0 0 0 1 0 1 0 0 0 0 1 1 1 0 0 0
170	2	1 1 0 1 0 1 0 0 0 0 1 1 1 0 0 1
170	1	1 0 0 0 0 0 0 0 0 0 1 1 0 0 0 0
170	3	0 0 0 1 1 1 0 0 0 0 1 0 0 0 0 0
170	1	1 0 1 1 0 1 1 0 0 0 1 0 0 0 0 0
170	3	0 1 0 1 0 1 1 0 0 0 1 1 0 1 0 0
170	1	0 1 0 1 0 1 0 0 0 0 1 1 0 1 0 0
170	1	1 0 0 1 0 1 0 0 0 0 1 1 0 1 0 0
170	3	0 1 0 0 0 0 0 0 1 1 1 1 0 0 0 0
170	1	0 1 1 1 0 1 0 0 1 1 1 1 0 0 0 0
170	1	1 0 0 1 0 1 0 1 0 0 1 1 1 0 0 0
170	1	1 1 0 1 0 1 0 0 0 0 0 1 1 0 1 1
170	1	0 1 0 1 0 1 0 0 0 0 0 1 1 0 0 1
170	2	1 0 0 1 1 0 1 0 0 0 1 1 0 1 0 0
180	7	0 0 0 1 0 1 0 0 0 0 1 1 0 0 0 0
180	119	0 0 1 1 0 1 0 0 0 0 1 1 0 0 0 0
180	3	0 0 1 0 0 1 0 0 0 0 1 1 0 0 0 0
180	73	1 0 0 1 0 1 0 0 0 0 1 1 0 0 0 0
180	14	0 0 1 1 1 1 0 0 0 0 1 1 0 0 0 0
180	4	0 1 0 0 0 0 0 0 0 1 1 1 0 0 0 0
180	11	0 0 1 1 0 1 0 0 1 0 1 1 0 0 0 0
180	32	0 0 1 1 0 1 1 0 0 0 1 1 0 0 0 0
180	13	1 1 0 1 0 1 0 0 0 0 0 1 0 0 0 0
180	31	1 0 0 1 1 1 1 0 0 0 1 1 0 0 0 0
180	114	0 1 1 1 0 1 0 0 0 0 1 1 0 0 0 0
180	16	1 0 1 1 0 1 0 0 0 0 1 1 0 0 0 0
180	8	0 0 1 1 0 1 0 0 0 0 1 1 0 1 0 0
180	12	0 0 1 1 0 1 0 0 1 0 0 1 0 1 0 0
180	1	0 1 1 1 0 1 0 0 1 0 1 1 0 0 0 0
180	4	1 0 0 1 0 1 0 0 0 0 1 1 0 0 1 0
180	9	0 0 1 1 0 1 0 0 0 0 1 1 0 0 0 1
180	22	1 1 1 1 0 1 0 0 0 0 1 1 0 0 0 0
180	36	0 1 0 1 0 1 0 0 1 0 0 1 0 0 0 0
180	17	1 1 0 1 0 1 0 0 0 0 1 1 0 0 0 0
180	8	0 1 1 0 0 1 0 0 0 0 1 1 0 0 0 0
180	20	1 0 1 1 0 1 0 0 1 0 1 1 0 0 0 0
180	2	0 1 1 0 1 1 0 0 0 0 1 1 0 0 0 0
180	6	1 0 0 1 0 1 0 0 0 0 1 1 1 0 0 0
180	11	0 0 1 1 0 0 0 0 0 0 1 1 0 0 0 0
180	1	0 0 1 0 0 1 0 1 0 0 1 1 0 0 0 0
180	39	1 1 0 1 0 1 0 0 0 0 0 1 1 0 0 1
180	4	1 0 1 1 1 1 0 0 0 0 1 1 0 0 0 0
180	10	1 1 0 1 1 1 0 0 0 0 0 1 0 0 0 1
180	6	0 0 0 1 0 1 0 1 0 0 0 1 0 0 0 0
180	9	0 0 1 1 1 1 0 0 0 0 1 1 1 0 0 0
180	19	1 0 1 1 1 1 1 0 0 0 1 1 0 0 0 0
180	17	0 0 1 1 0 1 0 0 0 0 1 0 0 0 0 0
180	1	0 1 0 1 0 1 0 0 0 0 1 1 0 0 0 0
180	6	0 0 1 1 0 1 0 0 0 0 0 0 0 0 0 0
180	14	1 0 0 1 1 1 1 0 0 0 1 0 0 0 0 0
180	3	0 0 0 1 1 1 0 0 0 0 1 1 0 0 0 0
180	1	1 0 1 1 0 1 0 0 0 0 1 0 0 0 0 0
180	7	1 0 0 1 0 1 0 0 0 0 1 1 1 1 0 0
180	18	0 1 1 0 1 1 0 0 0 0 0 1 0 0 0 0
180	13	0 0 1 0 0 1 0 0 1 0 1 1 0 0 0 0
180	4	1 1 0 0 0 1 0 0 0 1 0 0 0 0 0 0
180	22	0 1 0 1 0 1 0 0 0 0 0 1 0 0 0 0
180	11	0 0 1 1 0 1 0 0 0 1 1 1 0 0 0 1
180	11	1 0 0 1 1 1 1 0 1 0 1 0 0 0 0 0
180	4	0 0 1 1 0 1 0 0 0 0 1 1 1 0 0 0
180	4	1 0 0 0 0 1 0 0 0 0 1 1 0 0 0 0
180	7	1 0 1 0 1 1 0 0 0 0 1 1 0 0 0 0
180	4	1 1 0 1 0 1 0 0 0 0 1 1 0 0 0 1
180	2	0 1 1 1 0 1 1 0 1 0 1 1 0 0 0 0
180	9	1 0 1 0 0 1 0 0 1 0 1 1 0 0 0 0
180	10	0 0 0 1 0 1 0 0 0 0 1 1 1 0 0 0
180	4	1 1 0 1 0 1 0 0 0 0 1 1 1 0 0 1
180	3	0 1 0 1 0 1 1 0 0 0 1 1 0 1 0 0
180	14	0 1 0 0 0 0 0 0 1 1 1 1 0 0 0 0
180	2	1 0 0 1 0 1 0 1 0 0 1 1 1 0 0 0
180	8	0 0 0 1 0 1 0 1 0 0 1 1 0 0 0 0
180	1	0 1 1 1 0 1 1 0 0 0 1 1 0 0 0 0
180	1	1 1 0 1 1 1 0 0 0 0 0 1 0 0 0 0
180	2	0 0 1 1 0 1 0 0 1 0 0 1 0 1 1 0
180	3	1 0 0 1 1 0 1 0 1 0 1 0 0 0 0 0
180	2	0 0 1 1 0 0 0 0 1 1 1 1 0 0 0 0
180	4	1 0 0 0 1 1 1 0 0 0 1 1 0 0 0 0
180	10	0 1 1 1 0 1 0 0 0 0 1 1 0 0 1 0
180	7	0 0 1 1 1 1 0 0 0 0 0 1 0 0 0 0
180	2	0 0 1 1 0 1 0 0 0 0 1 1 0 1 0 1
180	8	0 0 1 1 0 0 0 0 0 0 1 1 0 0 0 1
180	1	0 0 1 1 0 1 0 0 0 1 1 1 0 0 0 0
180	8	0 0 1 1 1 1 0 0 0 0 1 0 0 0 0 0
180	2	1 1 0 1 0 1 0 0 0 0 0 1 0 1 0 0
180	2	0 1 0 1 0 1 0 0 0 0 1 1 0 1 0 0
180	5	1 0 0 1 0 1 0 0 0 0 0 1 1 0 0 1
180	6	1 1 1 1 0 1 0 0 0 0 0 1 0 0 0 0
180	1	0 0 1 1 0 0 0 0 0 0 1 1 0 1 0 0
180	1	1 0 0 0 0 1 0 0 0 0 1 1 0 0 0 1
180	2	0 0 1 1 1 0 0 0 0 0 1 1 0 0 0 0
180	1	0 0 1 1 0 1 1 0 1 0 1 1 0 0 0 0
180	7	1 0 0 0 1 1 1 0 0 0 1 0 0 0 0 0
180	3	0 0 1 1 0 1 1 0 0 0 1 1 0 1 0 0
180	5	1 1 0 1 0 1 0 0 0 0 0 1 0 0 0 1
180	1	1 0 0 1 1 1 1 0 1 0 1 1 0 0 0 0
180	3	0 0 1 1 0 0 0 0 0 0 1 1 0 0 1 0
180	2	1 1 0 1 0 1 0 0 0 1 0 1 1 0 0 1
180	5	0 0 1 1 1 1 0 1 0 0 1 0 0 0 0 0
180	2	1 0 1 1 0 0 0 0 0 0 1 1 0 0 0 0
180	2	0 0 1 0 1 1 0 0 0 0 0 1 0 0 0 0
180	3	1 0 0 1 0 1 0 1 0 0 1 1 0 0 0 0
180	3	0 1 1 1 0 1 0 0 1 0 0 1 0 0 0 0
180	3	1 1 0 1 0 1 0 0 0 0 1 1 0 0 1 0
180	2	0 0 0 1 0 1 0 0 0 1 1 1 1 0 0 0
180	2	0 0 1 1 0 1 0 0 0 0 0 1 0 0 0 0
180	3	1 1 1 1 0 1 0 0 0 0 0 0 0 0 0 0
180	1	1 0 0 0 0 1 0 0 0 1 1 1 0 0 0 1
180	1	0 0 1 0 0 1 0 0 0 0 1 1 1 0 0 0
180	1	0 1 0 1 0 1 1 0 1 0 0 1 0 0 0 0
180	1	0 0 0 1 0 1 0 1 0 0 0 1 1 0 0 0
180	1	0 1 1 0 1 1 0 0 0 0 0 1 0 0 0 1
190	2	0 0 0 1 0 1 0 0 0 0 1 1 0 0 0 0
190	103	0 0 1 1 0 1 0 0 0 0 1 1 0 0 0 0
190	3	0 0 1 0 0 1 0 0 0 0 1 1 0 0 0 0
190	96	1 0 0 1 0 1 0 0 0 0 1 1 0 0 0 0
190	13	0 0 1 1 1 1 0 0 0 0 1 1 0 0 0 0
190	24	0 0 1 1 0 1 0 0 1 0 1 1 0 0 0 0
190	62	0 0 1 1 0 1 1 0 0 0 1 1 0 0 0 0
190	23	1 1 0 1 0 1 0 0 0 0 0 1 0 0 0 0
190	39	1 0 0 1 1 1 1 0 0 0 1 1 0 0 0 0
190	115	0 1 1 1 0 1 0 0 0 0 1 1 0 0 0 0
190	2	1 0 1 1 0 1 0 0 0 0 1 1 0 0 0 0
190	3	0 0 1 1 0 1 0 0 0 0 1 1 0 1 0 0
190	17	0 0 1 1 0 1 0 0 1 0 0 1 0 1 0 0
190	4	0 1 1 1 0 1 0 0 1 0 1 1 0 0 0 0
190	1	1 0 0 1 0 1 0 0 0 0 1 1 0 0 1 0
190	8	0 0 1 1 0 1 0 0 0 0 1 1 0 0 0 1
190	71	1 1 1 1 0 1 0 0 0 0 1 1 0 0 0 0
190	24	0 1 0 1 0 1 0 0 1 0 0 1 0 0 0 0
190	31	1 1 0 1 0 1 0 0 0 0 1 1 0 0 0 0
190	26	1 0 1 1 0 1 0 0 1 0 1 1 0 0 0 0
190	4	0 1 1 0 1 1 0 0 0 0 1 1 0 0 0 0
190	14	0 0 1 1 0 0 0 0 0 0 1 1 0 0 0 0
190	4	0 0 1 0 0 1 0 1 0 0 1 1 0 0 0 0
190	24	1 1 0 1 0 1 0 0 0 0 0 1 1 0 0 1
190	10	1 1 0 1 1 1 0 0 0 0 0 1 0 0 0 1
190	5	1 0 1 1 1 1 1 0 0 0 1 1 0 0 0 0
190	21	0 0 1 1 0 1 0 0 0 0 1 0 0 0 0 0
190	8	0 0 1 1 0 1 0 0 0 0 0 0 0 0 0 0
190	1	1 0 0 1 0 1 0 0 0 0 1 1 1 1 0 0
190	12	0 1 1 0 1 1 0 0 0 0 0 1 0 0 0 0
190	22	0 0 1 0 0 1 0 0 1 0 1 1 0 0 0 0
190	9	0 1 0 1 0 1 0 0 0 0 0 1 0 0 0 0
190	4	0 0 1 1 0 1 0 0 0 1 1 1 0 0 0 1
190	2	1 0 0 1 1 1 1 0 1 0 1 0 0 0 0 0
190	5	1 1 0 1 0 1 0 0 0 0 1 1 0 0 0 1
190	14	1 0 1 0 0 1 0 0 1 0 1 1 0 0 0 0
190	5	0 0 0 1 0 1 0 0 0 0 1 1 1 0 0 0
190	5	1 1 0 1 0 1 0 0 0 0 1 1 1 0 0 1
190	7	0 1 0 0 0 0 0 0 1 1 1 1 0 0 0 0
190	7	1 0 0 0 1 1 1 0 0 0 1 1 0 0 0 0
190	2	0 0 1 1 0 0 0 0 0 0 1 1 0 0 0 1
190	22	0 0 1 1 0 1 0 0 0 1 1 1 0 0 0 0
190	2	1 0 0 1 0 1 0 0 0 0 0 1 1 0 0 1
190	4	1 1 0 1 0 1 0 0 0 0 0 1 0 0 0 1
190	4	1 1 0 1 0 1 0 0 0 1 0 1 1 0 0 1
190	10	1 0 0 1 0 1 0 1 0 0 1 1 0 0 0 0
190	4	0 0 1 0 0 1 0 0 0 0 1 1 1 0 0 0
190	1	1 0 0 1 1 1 1 0 0 0 1 1 0 0 0 1
190	4	0 1 1 0 0 0 0 0 1 1 1 1 0 0 0 0
190	2	0 1 0 0 0 0 0 0 1 0 1 1 0 0 0 0
190	2	1 1 0 1 1 1 0 0 0 0 1 1 0 0 0 0
190	1	0 1 0 1 0 1 0 0 1 0 1 1 0 0 0 0
190	8	0 0 0 1 0 1 0 0 0 0 0 1 0 0 0 0
190	5	0 0 0 1 0 1 0 0 1 0 0 1 0 0 1 0
190	6	0 0 1 1 0 1 0 0 0 0 1 1 0 0 1 0
190	3	0 1 0 1 0 1 0 0 0 0 0 1 1 0 0 0
190	10	1 0 0 1 0 1 0 0 1 0 0 1 0 0 0 0
190	3	0 1 1 1 0 1 0 0 1 1 1 1 0 0 0 0
190	6	1 0 1 1 1 1 1 0 0 0 1 1 0 1 0 0
190	2	0 1 1 1 0 1 0 0 0 0 1 1 1 0 0 1
190	2	0 0 1 1 0 1 1 0 1 0 1 1 0 0 0 0
190	1	0 0 1 1 0 1 0 0 0 1 0 1 1 0 0 1
190	2	1 0 0 1 0 1 0 0 0 0 1 1 0 1 0 0
190	5	0 1 1 1 0 1 0 0 0 0 0 1 0 0 0 0
190	1	1 1 1 1 0 1 0 0 0 0 1 0 0 0 0 0
190	1	1 1 1 1 0 1 0 0 0 0 1 1 0 0 1 0
190	1	0 1 1 1 0 1 0 0 0 0 0 1 0 0 0 1
190	1	1 1 0 1 0 1 0 0 0 0 0 1 1 0 0 0
190	1	1 0 0 1 1 1 1 0 0 0 0 1 0 0 0 0
190	2	0 0 1 1 0 0 1 0 0 0 1 1 0 0 0 0
190	2	1 1 0 1 0 1 0 0 0 0 0 0 0 0 0 0
190	5	1 0 0 1 1 1 0 0 0 0 1 1 0 0 0 0
190	1	1 1 1 1 0 1 0 1 0 0 1 1 0 0 0 0
190	2	1 0 1 1 0 0 0 0 1 0 1 1 0 0 0 0
190	2	1 0 0 1 0 1 0 1 0 0 1 1 0 0 0 1
190	1	0 1 1 1 0 1 0 0 0 0 1 1 0 0 1 0
190	4	1 0 1 1 0 1 1 0 0 0 1 1 0 0 0 0
190	1	1 1 1 1 0 1 0 0 0 0 0 1 0 0 0 1
190	2	1 1 0 1 0 1 0 0 1 0 1 1 0 0 0 0
190	3	0 0 0 0 1 1 1 0 0 0 1 1 0 0 0 0
190	2	1 0 1 1 0 1 0 0 1 0 1 1 0 0 1 0
190	2	1 1 1 0 1 1 0 0 0 0 1 1 0 0 0 0
190	1	0 0 1 0 0 1 0 1 0 0 1 0 0 0 0 0
190	1	1 1 0 1 0 1 0 0 1 0 0 1 1 0 0 1
190	1	1 0 0 0 1 1 1 0 0 0 1 1 0 1 0 0
190	1	0 0 1 1 0 1 0 0 1 1 1 1 0 0 0 0
190	1	1 0 0 0 0 1 0 1 0 0 1 1 0 0 0 0
200	6	0 0 0 1 0 1 0 0 0 0 1 1 0 0 0 0
200	107	0 0 1 1 0 1 0 0 0 0 1 1 0 0 0 0
200	8	0 0 1 0 0 1 0 0 0 0 1 1 0 0 0 0
200	100	1 0 0 1 0 1 0 0 0 0 1 1 0 0 0 0
200	7	0 0 1 1 1 1 0 0 0 0 1 1 0 0 0 0
200	14	0 0 1 1 0 1 0 0 1 0 1 1 0 0 0 0
200	51	0 0 1 1 0 1 1 0 0 0 1 1 0 0 0 0
200	22	1 1 0 1 0 1 0 0 0 0 0 1 0 0 0 0
200	27	1 0 0 1 1 1 1 0 0 0 1 1 0 0 0 0
200	71	0 1 1 1 0 1 0 0 0 0 1 1 0 0 0 0
200	8	0 0 1 1 0 1 0 0 1 0 0 1 0 1 0 0
200	4	0 0 1 1 0 1 0 0 0 0 1 1 0 0 0 1
200	42	1 1 1 1 0 1 0 0 0 0 1 1 0 0 0 0
200	7	0 1 0 1 0 1 0 0 1 0 0 1 0 0 0 0
200	42	1 1 0 1 0 1 0 0 0 0 1 1 0 0 0 0
200	32	1 0 1 1 0 1 0 0 1 0 1 1 0 0 0 0
200	7	0 1 1 0 1 1 0 0 0 0 1 1 0 0 0 0
200	37	0 0 1 1 0 0 0 0 0 0 1 1 0 0 0 0
200	21	1 1 0 1 0 1 0 0 0 0 0 1 1 0 0 1
200	14	1 1 0 1 1 1 0 0 0 0 0 1 0 0 0 1
200	21	0 0 1 1 0 1 0 0 0 0 1 0 0 0 0 0
200	1	0 0 1 1 0 1 0 0 0 0 0 0 0 0 0 0
200	4	0 1 1 0 1 1 0 0 0 0 0 1 0 0 0 0
200	5	0 0 1 0 0 1 0 0 1 0 1 1 0 0 0 0
200	11	0 0 1 1 0 1 0 0 0 1 1 1 0 0 0 1
200	3	1 0 1 0 0 1 0 0 1 0 1 1 0 0 0 0
200	8	0 0 1 1 0 0 0 0 0 0 1 1 0 0 0 1
200	13	0 0 1 1 0 1 0 0 0 1 1 1 0 0 0 0
200	13	1 1 0 1 0 1 0 0 0 0 0 1 0 0 0 1
200	49	1 0 0 1 0 1 0 1 0 0 1 1 0 0 0 0
200	9	0 0 1 0 0 1 0 0 0 0 1 1 1 0 0 0
200	7	1 1 0 1 1 1 0 0 0 0 1 1 0 0 0 0
200	1	0 0 0 1 0 1 0 0 0 0 0 1 0 0 0 0
200	10	0 1 0 1 0 1 0 0 0 0 0 1 1 0 0 0
200	2	1 0 1 1 1 1 1 0 0 0 1 1 0 1 0 0
200	8	0 0 1 1 0 1 1 0 1 0 1 1 0 0 0 0
200	1	1 0 0 1 0 1 0 0 0 0 1 1 0 1 0 0
200	3	0 1 1 1 0 1 0 0 0 0 0 1 0 0 0 0
200	14	1 1 1 1 0 1 0 0 0 0 1 0 0 0 0 0
200	6	1 1 1 1 0 1 0 0 0 0 1 1 0 0 1 0
200	9	1 1 0 1 0 1 0 0 0 0 0 1 1 0 0 0
200	7	1 1 0 1 0 1 0 0 0 0 0 0 0 0 0 0
200	5	1 0 0 1 1 1 0 0 0 0 1 1 0 0 0 0
200	2	1 0 1 1 0 0 0 0 1 0 1 1 0 0 0 0
200	2	1 0 0 1 0 1 0 1 0 0 1 1 0 0 0 1
200	5	1 1 1 1 0 1 0 0 0 0 0 1 0 0 0 1
200	3	1 1 0 1 0 1 0 0 1 0 1 1 0 0 0 0
200	4	0 0 1 1 0 1 0 0 1 1 1 1 0 0 0 0
200	8	0 0 1 1 0 1 0 0 1 0 1 0 0 0 0 0
200	6	0 0 1 1 0 1 1 1 0 0 1 1 0 0 0 0
200	1	0 0 1 1 0 1 0 0 1 0 0 1 0 0 0 0
200	10	0 0 1 1 1 1 1 0 0 0 1 1 0 0 0 0
200	5	0 0 1 1 0 1 0 0 0 0 0 1 0 0 0 0
200	1	0 0 0 1 1 1 0 0 1 0 0 1 0 0 1 0
200	8	1 0 0 1 0 1 0 0 1 0 0 1 0 0 0 1
200	2	0 1 1 1 0 1 0 0 0 0 1 1 0 1 0 0
200	11	0 0 0 1 0 1 0 0 0 1 1 1 0 0 0 0
200	4	1 0 0 1 0 1 0 0 0 0 1 1 0 0 0 1
200	4	0 1 0 1 0 1 0 0 1 0 0 0 0 0 0 0
200	1	0 0 0 1 1 1 0 0 0 0 1 1 0 0 0 0
200	9	1 1 0 1 0 1 0 0 1 0 0 1 0 0 0 0
200	7	0 1 1 1 0 1 0 0 1 0 1 1 0 0 0 0
200	3	0 0 1 1 0 1 0 0 0 0 1 1 0 0 1 1
200	2	0 1 1 1 0 1 0 0 1 0 0 1 0 0 0 0
200	3	1 1 1 1 0 1 1 0 1 0 1 1 0 0 0 0
200	5	0 0 1 1 0 1 0 1 0 0 1 1 0 0 0 0
200	4	1 1 0 1 0 1 0 0 0 0 0 1 0 0 1 0
200	5	1 1 0 1 1 1 0 0 0 0 1 1 0 0 0 1
200	3	0 1 1 0 0 0 1 0 1 1 1 1 0 0 0 0
200	5	0 1 0 1 0 1 0 0 1 0 1 1 0 0 0 0
200	1	0 0 1 1 0 1 0 0 1 0 1 1 0 0 0 1
200	2	0 1 1 1 0 1 1 0 0 0 1 1 0 0 0 0
200	2	1 1 0 1 0 1 0 1 0 0 0 1 1 0 0 1
200	3	1 0 0 1 0 1 0 1 0 0 1 1 1 0 0 0
200	6	0 0 0 1 1 1 0 0 0 0 0 1 0 0 0 0
200	1	1 0 0 1 1 1 1 0 0 0 0 1 0 0 0 0
200	1	1 0 1 1 0 1 0 0 1 0 1 0 0 0 0 0
200	4	0 0 1 1 0 1 0 0 0 1 0 1 0 0 0 0
200	1	1 1 1 1 1 1 0 0 0 0 1 0 0 0 0 0
200	2	0 1 0 1 0 1 0 0 0 0 0 1 0 0 0 0
200	1	1 0 0 1 0 1 0 0 1 0 1 1 0 0 0 0
200	3	0 0 1 1 1 1 0 0 0 0 1 1 0 1 0 0
200	2	1 0 0 1 0 1 0 0 0 0 0 1 0 0 0 0
200	1	0 1 0 1 0 1 0 0 0 0 1 1 0 0 0 0
200	1	1 0 1 0 0 1 0 0 1 1 1 1 0 0 0 0
200	4	1 0 0 1 0 1 0 0 1 0 0 1 0 0 0 0
200	1	1 0 0 1 1 1 1 0 0 0 1 0 0 0 0 0
200	1	1 0 1 1 0 1 0 1 1 0 1 1 0 0 0 0
200	3	1 1 0 1 0 1 0 0 1 1 1 1 0 0 0 0
210	61	0 0 1 1 0 1 0 0 0 0 1 1 0 0 0 0
210	4	0 0 1 0 0 1 0 0 0 0 1 1 0 0 0 0
210	96	1 0 0 1 0 1 0 0 0 0 1 1 0 0 0 0
210	16	0 0 1 1 1 1 0 0 0 0 1 1 0 0 0 0
210	2	0 0 1 1 0 1 0 0 1 0 1 1 0 0 0 0
210	23	0 0 1 1 0 1 1 0 0 0 1 1 0 0 0 0
210	26	1 1 0 1 0 1 0 0 0 0 0 1 0 0 0 0
210	14	1 0 0 1 1 1 1 0 0 0 1 1 0 0 0 0
210	118	0 1 1 1 0 1 0 0 0 0 1 1 0 0 0 0
210	34	1 1 1 1 0 1 0 0 0 0 1 1 0 0 0 0
210	3	0 1 0 1 0 1 0 0 1 0 0 1 0 0 0 0
210	49	1 1 0 1 0 1 0 0 0 0 1 1 0 0 0 0
210	31	1 0 1 1 0 1 0 0 1 0 1 1 0 0 0 0
210	6	0 1 1 0 1 1 0 0 0 0 1 1 0 0 0 0
210	9	0 0 1 1 0 0 0 0 0 0 1 1 0 0 0 0
210	9	1 1 0 1 0 1 0 0 0 0 0 1 1 0 0 1
210	33	1 1 0 1 1 1 0 0 0 0 0 1 0 0 0 1
210	22	0 0 1 1 0 1 0 0 0 0 1 0 0 0 0 0
210	7	0 0 1 1 0 0 0 0 0 0 1 1 0 0 0 1
210	16	0 0 1 1 0 1 0 0 0 1 1 1 0 0 0 0
210	1	1 1 0 1 0 1 0 0 0 0 0 1 0 0 0 1
210	29	1 0 0 1 0 1 0 1 0 0 1 1 0 0 0 0
210	1	0 0 1 0 0 1 0 0 0 0 1 1 1 0 0 0
210	7	1 1 0 1 1 1 0 0 0 0 1 1 0 0 0 0
210	19	0 1 0 1 0 1 0 0 0 0 0 1 1 0 0 0
210	6	0 0 1 1 0 1 1 0 1 0 1 1 0 0 0 0
210	7	1 1 1 1 0 1 0 0 0 0 1 0 0 0 0 0
210	5	1 1 1 1 0 1 0 0 0 0 1 1 0 0 1 0
210	11	1 1 0 1 0 1 0 0 0 0 0 1 1 0 0 0
210	21	1 1 0 1 0 1 0 0 0 0 0 0 0 0 0 0
210	6	1 0 0 1 1 1 0 0 0 0 1 1 0 0 0 0
210	25	1 1 0 1 0 1 0 0 1 0 1 1 0 0 0 0
210	1	0 0 1 1 0 1 0 0 1 0 1 0 0 0 0 0
210	16	0 0 1 1 0 1 1 1 0 0 1 1 0 0 0 0
210	12	0 0 1 1 1 1 1 0 0 0 1 1 0 0 0 0
210	9	0 0 1 1 0 1 0 0 0 0 0 1 0 0 0 0
210	3	1 0 0 1 0 1 0 0 1 0 0 1 0 0 0 1
210	17	0 0 0 1 0 1 0 0 0 1 1 1 0 0 0 0
210	12	0 1 0 1 0 1 0 0 1 0 0 0 0 0 0 0
210	3	1 1 0 1 0 1 0 0 1 0 0 1 0 0 0 0
210	5	0 1 1 1 0 1 0 0 1 0 1 1 0 0 0 0
210	14	0 0 1 1 0 1 0 1 0 0 1 1 0 0 0 0
210	4	1 1 0 1 1 1 0 0 0 0 1 1 0 0 0 1
210	8	0 1 0 1 0 1 0 0 1 0 1 1 0 0 0 0
210	3	1 0 0 1 0 1 0 1 0 0 1 1 1 0 0 0
210	9	1 0 0 1 0 1 0 0 1 0 1 1 0 0 0 0
210	5	0 0 1 1 1 1 0 0 0 0 1 1 0 1 0 0
210	4	1 0 1 0 0 1 0 0 1 1 1 1 0 0 0 0
210	14	1 0 0 1 0 1 0 0 1 0 0 1 0 0 0 0
210	4	1 0 1 1 0 1 0 1 1 0 1 1 0 0 0 0
210	4	1 1 0 1 0 1 0 0 1 1 1 1 0 0 0 0
210	9	1 0 1 1 0 1 0 0 0 0 1 1 0 0 0 0
210	1	0 0 1 1 1 1 0 0 0 0 0 1 0 0 0 1
210	3	0 1 1 0 0 1 0 0 0 0 1 1 0 0 0 0
210	8	0 0 1 1 0 0 1 0 0 0 1 1 0 0 0 1
210	5	0 0 1 1 1 1 1 0 1 0 1 1 0 0 0 0
210	6	0 1 0 1 0 1 0 0 0 0 1 1 0 0 0 0
210	3	1 1 0 1 1 1 0 0 0 0 0 0 0 0 0 1
210	9	1 0 1 1 0 1 0 0 0 0 1 0 0 0 0 0
210	5	0 0 0 0 0 1 0 0 0 1 1 1 0 0 0 0
210	2	1 1 1 1 1 1 1 0 0 0 1 1 0 0 0 0
210	1	1 1 0 1 1 1 0 0 0 0 0 1 0 0 0 0
210	4	1 0 0 1 0 0 0 0 0 0 1 1 0 0 0 0
210	7	0 0 1 1 0 1 1 0 0 0 1 1 0 1 0 0
210	8	0 1 1 1 0 1 0 0 0 1 1 1 0 0 0 0
210	2	1 0 0 1 0 1 0 0 1 0 0 0 0 0 0 1
210	2	0 1 1 1 0 1 0 0 0 0 1 0 0 0 0 0
210	3	0 1 1 1 0 1 1 0 0 0 1 1 0 0 0 0
210	3	1 1 1 0 0 1 0 0 0 0 1 1 0 0 0 0
210	6	1 1 0 1 0 1 0 0 0 0 1 0 0 0 0 0
210	4	1 0 0 1 0 1 0 1 0 0 1 1 0 0 1 0
210	2	0 0 0 1 0 1 0 0 1 0 1 1 0 0 0 1
210	3	1 1 1 1 1 1 1 0 0 0 1 1 0 1 0 0
210	5	1 0 0 1 1 1 0 0 0 0 0 1 0 0 0 0
210	1	1 0 0 1 0 1 0 0 0 0 1 0 0 0 0 0
210	1	0 1 0 1 0 1 0 0 0 0 0 1 0 0 0 0
210	5	1 0 0 0 0 1 0 0 0 0 1 1 0 0 0 0
210	2	0 1 1 1 0 1 0 0 1 0 0 1 0 0 0 0
210	2	0 0 1 1 0 1 1 0 0 0 1 0 0 0 0 0
210	3	1 0 0 1 1 1 1 0 0 0 1 1 1 0 0 0
210	3	1 1 0 1 1 0 0 0 0 0 0 1 0 0 0 1
210	1	0 0 1 1 0 1 1 1 0 0 1 1 0 1 0 0
210	4	0 0 1 0 0 1 0 1 0 0 1 0 0 0 0 0
210	2	0 0 0 1 1 1 1 0 0 0 1 1 0 0 0 0
210	2	0 1 1 1 0 1 0 0 0 0 0 1 0 0 0 0
210	1	1 1 1 1 1 1 0 0 0 0 1 1 0 0 0 0
210	1	1 1 0 1 0 1 0 0 0 0 1 1 0 0 0 1
210	1	0 1 1 0 1 1 0 0 0 0 0 1 0 0 0 0
210	3	0 0 1 1 0 1 1 1 0 0 1 1 1 0 0 0
210	1	0 0 1 1 0 1 0 0 0 0 0 1 0 0 1 0
210	1	0 0 1 1 0 1 0 1 0 0 1 1 0 0 0 1
210	1	0 0 1 1 0 0 1 0 0 0 1 1 0 0 0 0
220	57	0 0 1 1 0 1 0 0 0 0 1 1 0 0 0 0
220	2	0 0 1 0 0 1 0 0 0 0 1 1 0 0 0 0
220	81	1 0 0 1 0 1 0 0 0 0 1 1 0 0 0 0
220	23	0 0 1 1 1 1 0 0 0 0 1 1 0 0 0 0
220	30	0 0 1 1 0 1 1 0 0 0 1 1 0 0 0 0
220	56	1 1 0 1 0 1 0 0 0 0 0 1 0 0 0 0
220	86	0 1 1 1 0 1 0 0 0 0 1 1 0 0 0 0
220	42	1 1 1 1 0 1 0 0 0 0 1 1 0 0 0 0
220	12	0 1 0 1 0 1 0 0 1 0 0 1 0 0 0 0
220	32	1 1 0 1 0 1 0 0 0 0 1 1 0 0 0 0
220	32	1 0 1 1 0 1 0 0 1 0 1 1 0 0 0 0
220	23	0 0 1 1 0 0 0 0 0 0 1 1 0 0 0 0
220	24	1 1 0 1 1 1 0 0 0 0 0 1 0 0 0 1
220	24	0 0 1 1 0 1 0 0 0 0 1 0 0 0 0 0
220	12	0 0 1 1 0 1 0 0 0 1 1 1 0 0 0 0
220	28	1 0 0 1 0 1 0 1 0 0 1 1 0 0 0 0
220	13	1 1 0 1 1 1 0 0 0 0 1 1 0 0 0 0
220	3	0 1 0 1 0 1 0 0 0 0 0 1 1 0 0 0
220	4	0 0 1 1 0 1 1 0 1 0 1 1 0 0 0 0
220	6	1 1 1 1 0 1 0 0 0 0 1 0 0 0 0 0
220	8	1 1 1 1 0 1 0 0 0 0 1 1 0 0 1 0
220	32	1 1 0 1 0 1 0 0 0 0 0 1 1 0 0 0
220	6	1 0 0 1 1 1 0 0 0 0 1 1 0 0 0 0
220	14	1 1 0 1 0 1 0 0 1 0 1 1 0 0 0 0
220	1	0 0 1 1 0 1 0 0 1 0 1 0 0 0 0 0
220	8	0 0 1 1 0 1 1 1 0 0 1 1 0 0 0 0
220	10	0 0 1 1 1 1 1 0 0 0 1 1 0 0 0 0
220	3	0 0 1 1 0 1 0 0 0 0 0 1 0 0 0 0
220	9	0 1 0 1 0 1 0 0 1 0 0 0 0 0 0 0
220	6	1 1 0 1 0 1 0 0 1 0 0 1 0 0 0 0
220	9	0 0 1 1 0 1 0 1 0 0 1 1 0 0 0 0
220	5	1 1 0 1 1 1 0 0 0 0 1 1 0 0 0 1
220	7	0 1 0 1 0 1 0 0 1 0 1 1 0 0 0 0
220	9	1 0 0 1 0 1 0 1 0 0 1 1 1 0 0 0
220	7	1 0 0 1 0 1 0 0 1 0 1 1 0 0 0 0
220	2	0 0 1 1 1 1 0 0 0 0 1 1 0 1 0 0
220	1	1 0 1 0 0 1 0 0 1 1 1 1 0 0 0 0
220	16	1 0 1 1 0 1 0 1 1 0 1 1 0 0 0 0
220	2	1 1 0 1 0 1 0 0 1 1 1 1 0 0 0 0
220	7	1 0 1 1 0 1 0 0 0 0 1 1 0 0 0 0
220	7	0 0 1 1 1 1 0 0 0 0 0 1 0 0 0 1
220	3	0 1 0 1 0 1 0 0 0 0 1 1 0 0 0 0
220	20	1 1 1 1 1 1 1 0 0 0 1 1 0 0 0 0
220	2	1 0 0 1 0 0 0 0 0 0 1 1 0 0 0 0
220	5	0 0 1 1 0 1 1 0 0 0 1 1 0 1 0 0
220	2	0 1 1 1 0 1 0 0 0 1 1 1 0 0 0 0
220	4	1 0 0 1 0 1 0 0 1 0 0 0 0 0 0 1
220	7	0 1 1 1 0 1 1 0 0 0 1 1 0 0 0 0
220	4	1 1 1 0 0 1 0 0 0 0 1 1 0 0 0 0
220	8	1 1 0 1 0 1 0 0 0 0 1 0 0 0 0 0
220	4	1 0 0 1 1 1 0 0 0 0 0 1 0 0 0 0
220	6	0 1 0 1 0 1 0 0 0 0 0 1 0 0 0 0
220	2	1 0 0 0 0 1 0 0 0 0 1 1 0 0 0 0
220	21	0 1 1 1 0 1 0 0 1 0 0 1 0 0 0 0
220	6	1 0 0 1 1 1 1 0 0 0 1 1 1 0 0 0
220	4	1 1 0 1 1 0 0 0 0 0 0 1 0 0 0 1
220	3	1 1 1 1 1 1 0 0 0 0 1 1 0 0 0 0
220	5	0 1 1 0 1 1 0 0 0 0 0 1 0 0 0 0
220	11	0 1 0 1 0 1 0 0 0 0 0 1 0 0 0 1
220	5	1 0 1 1 0 1 0 1 0 0 1 1 0 0 0 0
220	4	0 1 1 1 0 1 0 0 0 0 1 1 0 0 1 0
220	1	0 0 1 1 1 1 0 0 0 0 0 1 0 0 0 0
220	5	0 0 1 1 1 1 1 0 1 0 1 1 0 0 0 1
220	4	1 1 1 1 0 1 0 0 1 0 1 1 0 0 0 0
220	2	1 1 0 1 1 1 0 0 0 0 0 1 0 0 0 0
220	5	1 1 0 1 0 1 0 1 0 0 1 1 1 0 0 0
220	5	1 0 0 1 0 1 0 0 0 0 1 1 0 0 0 1
220	1	0 1 1 1 0 1 0 0 0 0 0 1 0 0 0 0
220	7	1 0 1 1 0 1 0 1 1 1 1 1 0 0 0 0
220	2	0 0 1 1 0 1 0 0 1 0 1 1 0 0 0 0
220	3	0 0 0 0 0 1 0 0 0 1 1 1 1 0 0 0
220	2	0 1 1 1 0 0 0 0 1 0 1 1 0 0 0 0
220	1	0 1 1 1 0 1 0 0 0 0 1 1 1 0 0 0
220	3	0 1 1 1 0 1 1 1 0 0 1 1 0 0 0 0
220	6	1 1 0 0 1 1 0 0 0 0 1 1 0 0 0 1
220	4	1 0 0 1 0 1 0 1 0 0 0 1 1 0 0 0
220	2	0 0 1 1 1 1 0 0 1 0 1 1 0 0 0 0
220	1	0 0 0 1 1 1 0 0 0 0 1 1 0 0 0 0
220	4	1 0 0 1 0 1 0 0 0 0 0 1 0 0 0 0
220	3	1 1 0 1 0 1 0 0 0 1 0 1 0 0 0 0
220	4	0 0 1 1 0 0 0 0 0 0 1 1 0 1 0 0
220	4	1 1 0 1 1 1 0 0 0 0 0 1 1 0 0 1
220	11	1 0 0 1 0 0 0 1 0 0 1 1 0 0 0 0
220	2	0 0 0 1 0 1 0 0 1 0 0 0 0 0 0 0
220	1	0 1 1 1 0 1 0 0 1 0 0 1 0 0 0 1
220	1	1 0 0 1 0 1 0 0 0 0 1 1 0 1 0 0
220	1	0 0 1 1 1 0 0 0 0 0 1 1 0 0 0 0
220	3	0 1 1 1 0 1 0 0 0 0 1 0 0 0 0 0
220	6	1 1 1 1 0 1 0 0 0 0 1 1 1 0 0 0
220	1	1 0 0 1 0 1 0 1 0 0 1 1 1 0 1 0
220	3	0 1 0 1 0 0 0 0 0 0 0 1 0 0 0 0
220	1	0 1 0 1 0 1 0 0 1 0 0 0 0 0 1 0
220	1	0 1 0 1 0 1 0 1 0 0 1 1 1 0 0 0
220	2	0 1 0 1 1 0 0 0 0 0 0 1 0 0 0 1
220	1	1 0 0 1 0 1 0 1 0 0 0 1 0 0 0 1
220	1	1 1 1 1 1 1 1 0 0 0 0 1 1 0 0 0
220	3	0 0 1 1 0 1 0 0 0 0 1 1 0 1 0 0
220	2	0 0 0 1 0 1 0 0 0 0 1 1 0 0 0 0
220	1	0 0 1 1 0 1 1 0 0 0 1 0 0 0 0 0
220	1	0 1 0 1 0 0 0 0 0 0 0 1 1 0 0 0
220	2	1 1 0 1 0 1 0 0 0 0 0 1 1 0 0 1
220	1	0 0 1 1 0 1 1 1 0 0 0 1 0 0 0 0
220	1	0 1 0 1 0 1 0 0 1 0 1 0 0 0 0 0
230	32	0 0 1 1 0 1 0 0 0 0 1 1 0 0 0 0
230	55	1 0 0 1 0 1 0 0 0 0 1 1 0 0 0 0
230	3	0 0 1 1 1 1 0 0 0 0 1 1 0 0 0 0
230	19	0 0 1 1 0 1 1 0 0 0 1 1 0 0 0 0
230	61	1 1 0 1 0 1 0 0 0 0 0 1 0 0 0 0
230	53	0 1 1 1 0 1 0 0 0 0 1 1 0 0 0 0
230	52	1 1 1 1 0 1 0 0 0 0 1 1 0 0 0 0
230	1	0 1 0 1 0 1 0 0 1 0 0 1 0 0 0 0
230	38	1 1 0 1 0 1 0 0 0 0 1 1 0 0 0 0
230	18	1 0 1 1 0 1 0 0 1 0 1 1 0 0 0 0
230	43	0 0 1 1 0 0 0 0 0 0 1 1 0 0 0 0
230	4	1 1 0 1 1 1 0 0 0 0 0 1 0 0 0 1
230	12	0 0 1 1 0 1 0 0 0 0 1 0 0 0 0 0
230	16	0 0 1 1 0 1 0 0 0 1 1 1 0 0 0 0
230	30	1 0 0 1 0 1 0 1 0 0 1 1 0 0 0 0
230	13	1 1 0 1 1 1 0 0 0 0 1 1 0 0 0 0
230	8	0 1 0 1 0 1 0 0 0 0 0 1 1 0 0 0
230	6	1 1 1 1 0 1 0 0 0 0 1 0 0 0 0 0
230	13	1 1 1 1 0 1 0 0 0 0 1 1 0 0 1 0
230	36	1 1 0 1 0 1 0 0 0 0 0 1 1 0 0 0
230	6	1 0 0 1 1 1 0 0 0 0 1 1 0 0 0 0
230	17	1 1 0 1 0 1 0 0 1 0 1 1 0 0 0 0
230	9	0 0 1 1 0 1 1 1 0 0 1 1 0 0 0 0
230	7	0 0 1 1 1 1 1 0 0 0 1 1 0 0 0 0
230	1	0 0 1 1 0 1 0 0 0 0 0 1 0 0 0 0
230	11	0 1 0 1 0 1 0 0 1 0 0 0 0 0 0 0
230	6	0 0 1 1 0 1 0 1 0 0 1 1 0 0 0 0
230	25	0 1 0 1 0 1 0 0 1 0 1 1 0 0 0 0
230	1	0 0 1 1 1 1 0 0 0 0 1 1 0 1 0 0
230	11	1 0 1 1 0 1 0 1 1 0 1 1 0 0 0 0
230	10	1 1 0 1 0 1 0 0 1 1 1 1 0 0 0 0
230	1	0 1 0 1 0 1 0 0 0 0 1 1 0 0 0 0
230	41	1 1 1 1 1 1 1 0 0 0 1 1 0 0 0 0
230	8	0 0 1 1 0 1 1 0 0 0 1 1 0 1 0 0
230	4	0 1 1 1 0 1 1 0 0 0 1 1 0 0 0 0
230	2	1 1 1 0 0 1 0 0 0 0 1 1 0 0 0 0
230	10	1 0 0 1 1 1 0 0 0 0 0 1 0 0 0 0
230	9	0 1 0 1 0 1 0 0 0 0 0 1 0 0 0 0
230	19	0 1 1 1 0 1 0 0 1 0 0 1 0 0 0 0
230	18	1 0 0 1 1 1 1 0 0 0 1 1 1 0 0 0
230	14	1 1 1 1 1 1 0 0 0 0 1 1 0 0 0 0
230	9	0 1 0 1 0 1 0 0 0 0 0 1 0 0 0 1
230	12	1 1 1 1 0 1 0 0 1 0 1 1 0 0 0 0
230	3	1 1 0 1 1 1 0 0 0 0 0 1 0 0 0 0
230	17	1 1 0 1 0 1 0 1 0 0 1 1 1 0 0 0
230	7	0 1 1 1 0 1 0 0 0 0 0 1 0 0 0 0
230	1	0 0 0 0 0 1 0 0 0 1 1 1 1 0 0 0
230	1	1 0 0 1 0 1 0 1 0 0 0 1 1 0 0 0
230	1	0 0 1 1 1 1 0 0 1 0 1 1 0 0 0 0
230	9	1 0 0 1 0 1 0 0 0 0 0 1 0 0 0 0
230	10	1 1 0 1 0 1 0 0 0 1 0 1 0 0 0 0
230	27	1 0 0 1 0 0 0 1 0 0 1 1 0 0 0 0
230	11	0 1 1 1 0 1 0 0 0 0 1 0 0 0 0 0
230	8	1 1 1 1 0 1 0 0 0 0 1 1 1 0 0 0
230	3	0 0 1 1 0 1 0 0 0 0 1 1 0 1 0 0
230	3	0 0 0 1 0 1 0 0 0 0 1 1 0 0 0 0
230	4	1 0 0 1 1 0 0 0 0 0 1 1 0 0 0 0
230	9	0 0 1 1 1 1 0 0 0 0 1 0 0 0 0 0
230	2	1 1 1 0 0 1 0 0 0 0 1 0 0 0 0 0
230	4	1 1 1 1 0 1 0 0 0 0 1 1 0 1 0 0
230	3	0 1 0 1 0 1 1 0 0 0 1 1 0 0 0 0
230	9	1 0 0 1 0 1 0 0 0 1 1 1 0 0 0 0
230	1	0 0 1 1 0 0 1 0 0 0 1 1 0 0 0 0
230	8	0 0 1 1 1 1 0 0 0 0 1 1 1 0 0 0
230	6	0 1 0 1 0 1 0 0 1 0 0 1 0 0 0 1
230	5	1 1 1 1 0 1 0 0 0 1 1 1 0 0 0 0
230	2	1 0 0 1 0 1 0 0 1 0 1 1 0 0 0 0
230	4	1 1 1 1 0 1 0 0 0 1 1 0 0 0 0 0
230	1	0 0 1 1 0 1 1 1 0 0 1 1 0 0 1 0
230	9	0 0 1 1 0 1 0 1 0 0 1 0 0 0 0 0
230	2	1 1 0 1 1 1 0 0 0 0 1 1 1 0 0 1
230	2	1 1 0 1 1 1 0 0 0 0 1 1 1 0 0 0
230	2	1 0 1 1 0 0 0 0 1 0 1 1 0 0 0 0
230	4	1 1 0 1 0 1 1 0 0 0 0 1 1 0 0 0
230	2	1 0 0 1 1 1 0 0 0 0 1 1 1 0 0 0
230	2	1 1 1 1 0 0 0 0 0 0 1 1 1 0 0 0
230	3	0 1 0 1 1 1 0 0 0 0 0 1 1 0 0 0
230	2	1 1 0 1 0 1 0 1 0 1 1 1 1 0 0 0
230	3	0 1 1 1 0 1 0 0 0 0 1 1 1 0 0 0
230	1	1 1 1 1 0 0 1 0 0 0 1 1 0 0 0 0
230	1	1 1 0 0 0 1 0 0 0 0 0 1 0 0 0 0
230	3	1 0 0 1 0 1 0 0 0 0 1 1 0 0 1 0
230	3	0 1 1 1 0 1 0 0 1 0 1 1 0 0 0 0
230	3	1 1 0 1 0 1 0 0 0 0 1 1 0 0 1 0
230	4	0 0 1 1 0 0 0 0 0 0 0 1 0 0 0 0
230	6	1 1 0 1 0 0 0 0 1 0 1 1 0 0 0 0
230	2	0 0 1 1 0 1 0 1 1 0 1 1 0 0 0 0
230	2	1 1 0 1 1 1 1 0 0 0 1 1 0 0 0 0
230	1	1 0 1 1 1 1 0 0 0 0 1 1 0 0 0 0
230	1	0 0 1 1 0 1 0 0 0 0 0 1 1 0 0 0
230	1	0 1 0 1 0 1 0 0 0 0 1 0 0 0 0 0
230	2	0 0 1 1 0 0 0 1 0 0 1 1 0 0 0 0
230	2	1 1 0 1 0 1 0 0 0 0 1 1 1 0 0 0
230	1	0 0 0 1 0 1 0 0 0 0 0 1 0 0 0 1
230	1	1 1 0 1 0 1 0 1 0 0 1 1 1 0 1 0
230	1	1 0 0 1 0 0 0 1 0 0 0 1 0 0 0 0
230	1	0 1 0 1 0 1 0 0 1 1 0 1 0 0 0 1
230	3	0 0 1 1 0 1 0 0 1 0 0 1 0 0 0 0
230	3	0 0 1 0 0 1 0 0 0 1 1 1 0 0 0 0
230	2	0 0 0 1 0 1 0 0 1 0 1 1 0 0 0 0
230	1	1 1 0 1 0 1 0 0 1 1 1 1 0 1 0 0
230	1	1 0 0 1 0 0 0 0 1 0 1 1 0 0 0 0
240	32	0 0 1 1 0 1 0 0 0 0 1 1 0 0 0 0
240	37	1 0 0 1 0 1 0 0 0 0 1 1 0 0 0 0
240	12	0 0 1 1 0 1 1 0 0 0 1 1 0 0 0 0
240	69	1 1 0 1 0 1 0 0 0 0 0 1 0 0 0 0
240	58	0 1 1 1 0 1 0 0 0 0 1 1 0 0 0 0
240	41	1 1 1 1 0 1 0 0 0 0 1 1 0 0 0 0
240	54	1 1 0 1 0 1 0 0 0 0 1 1 0 0 0 0
240	11	1 0 1 1 0 1 0 0 1 0 1 1 0 0 0 0
240	59	0 0 1 1 0 0 0 0 0 0 1 1 0 0 0 0
240	4	0 0 1 1 0 1 0 0 0 1 1 1 0 0 0 0
240	9	1 0 0 1 0 1 0 1 0 0 1 1 0 0 0 0
240	4	1 1 0 1 1 1 0 0 0 0 1 1 0 0 0 0
240	25	0 1 0 1 0 1 0 0 0 0 0 1 1 0 0 0
240	2	1 1 1 1 0 1 0 0 0 0 1 0 0 0 0 0
240	26	1 1 1 1 0 1 0 0 0 0 1 1 0 0 1 0
240	18	1 1 0 1 0 1 0 0 0 0 0 1 1 0 0 0
240	1	1 0 0 1 1 1 0 0 0 0 1 1 0 0 0 0
240	18	1 1 0 1 0 1 0 0 1 0 1 1 0 0 0 0
240	2	0 0 1 1 1 1 1 0 0 0 1 1 0 0 0 0
240	9	0 1 0 1 0 1 0 0 1 0 0 0 0 0 0 0
240	6	0 0 1 1 0 1 0 1 0 0 1 1 0 0 0 0
240	12	0 1 0 1 0 1 0 0 1 0 1 1 0 0 0 0
240	2	1 0 1 1 0 1 0 1 1 0 1 1 0 0 0 0
240	12	1 1 0 1 0 1 0 0 1 1 1 1 0 0 0 0
240	40	1 1 1 1 1 1 1 0 0 0 1 1 0 0 0 0
240	14	0 0 1 1 0 1 1 0 0 0 1 1 0 1 0 0
240	10	1 0 0 1 1 1 0 0 0 0 0 1 0 0 0 0
240	13	0 1 0 1 0 1 0 0 0 0 0 1 0 0 0 0
240	7	0 1 1 1 0 1 0 0 1 0 0 1 0 0 0 0
240	3	1 0 0 1 1 1 1 0 0 0 1 1 1 0 0 0
240	47	1 1 1 1 1 1 0 0 0 0 1 1 0 0 0 0
240	17	1 1 1 1 0 1 0 0 1 0 1 1 0 0 0 0
240	2	1 0 0 1 0 1 0 0 0 0 0 1 0 0 0 0
240	11	1 1 0 1 0 1 0 0 0 1 0 1 0 0 0 0
240	24	1 0 0 1 0 0 0 1 0 0 1 1 0 0 0 0
240	2	0 1 1 1 0 1 0 0 0 0 1 0 0 0 0 0
240	3	0 0 1 1 0 1 0 0 0 0 1 1 0 1 0 0
240	3	1 0 0 1 0 1 0 0 0 1 1 1 0 0 0 0
240	14	0 1 0 1 0 1 0 0 1 0 0 1 0 0 0 1
240	4	1 1 1 1 0 1 0 0 0 1 1 1 0 0 0 0
240	23	1 0 0 1 0 1 0 0 1 0 1 1 0 0 0 0
240	13	1 1 1 1 0 1 0 0 0 1 1 0 0 0 0 0
240	28	0 0 1 1 0 1 0 1 0 0 1 0 0 0 0 0
240	6	1 1 1 1 0 0 0 0 0 0 1 1 1 0 0 0
240	4	0 1 0 1 1 1 0 0 0 0 0 1 1 0 0 0
240	3	1 0 0 1 0 1 0 0 0 0 1 1 0 0 1 0
240	13	0 1 1 1 0 1 0 0 1 0 1 1 0 0 0 0
240	1	1 1 0 1 0 1 0 0 0 0 1 1 0 0 1 0
240	5	1 1 0 1 0 0 0 0 1 0 1 1 0 0 0 0
240	4	0 0 1 1 0 1 0 1 1 0 1 1 0 0 0 0
240	8	0 0 0 1 0 1 0 0 0 0 0 1 0 0 0 1
240	9	0 1 0 1 0 1 0 0 1 1 0 1 0 0 0 1
240	1	0 0 1 0 0 1 0 0 0 1 1 1 0 0 0 0
240	1	0 0 1 1 0 1 0 0 0 0 0 1 0 0 0 1
240	3	1 1 0 0 0 1 0 0 0 0 0 1 0 0 0 0
240	10	1 0 1 1 0 1 0 0 0 0 0 1 0 0 0 1
240	5	1 0 0 1 1 1 1 0 0 0 1 1 0 0 0 0
240	1	1 1 0 1 0 1 0 1 0 0 1 1 1 0 0 1
240	6	1 1 1 1 0 1 0 0 0 0 1 1 0 0 0 1
240	5	1 1 1 1 0 0 0 0 0 0 1 1 0 0 0 0
240	3	1 0 0 1 0 1 0 1 0 0 1 1 0 0 0 1
240	8	1 1 0 0 1 1 0 0 0 0 1 1 0 0 0 0
240	5	0 1 1 1 1 1 0 0 0 0 1 0 0 0 0 0
240	1	1 1 0 0 0 1 0 0 1 0 0 1 0 0 0 0
240	5	1 1 0 1 0 0 0 0 0 0 1 1 0 0 0 0
240	5	1 1 0 1 0 1 0 0 1 0 0 1 0 0 0 0
240	9	1 1 0 1 0 1 0 0 0 1 1 1 0 0 0 0
240	6	1 0 1 1 0 0 0 0 0 0 1 1 0 0 0 0
240	1	0 1 1 0 0 1 0 0 0 0 1 1 0 0 0 0
240	8	1 1 0 0 0 1 0 0 1 0 1 1 0 0 0 0
240	4	1 1 1 1 0 1 0 0 0 1 1 0 1 0 0 0
240	1	1 0 0 1 0 0 0 0 0 0 1 1 1 0 0 0
240	7	0 0 1 1 0 1 0 0 0 0 0 1 0 0 0 0
240	4	0 0 1 1 0 0 0 0 1 0 1 1 0 0 0 0
240	7	1 0 1 1 1 1 0 0 0 0 1 1 0 0 0 0
240	7	0 1 1 0 0 1 0 0 0 0 1 0 0 0 0 0
240	3	1 0 0 1 0 1 0 1 0 0 1 1 0 0 1 0
240	1	1 1 0 1 0 1 0 1 0 0 0 1 0 0 0 0
240	1	1 0 1 0 0 1 0 0 1 0 1 1 0 0 0 0
240	4	1 1 1 1 0 1 0 0 1 1 1 1 0 0 0 0
240	2	1 0 0 1 0 1 0 0 0 0 1 0 0 0 0 0
240	1	1 1 0 0 0 1 0 0 0 0 0 1 1 0 0 0
240	2	1 0 1 1 0 1 0 0 0 0 1 1 0 0 0 0
240	4	1 1 0 1 1 1 0 0 0 0 0 1 0 0 0 0
240	2	0 0 0 1 0 1 0 0 0 0 0 1 0 0 0 0
240	2	1 1 1 1 0 1 0 0 0 0 0 1 1 0 0 0
240	2	0 1 1 1 0 0 0 0 0 0 1 1 0 0 0 0
240	1	1 1 0 1 0 1 0 0 0 0 1 1 1 0 0 0
240	1	1 1 0 1 0 1 0 0 1 0 1 1 0 0 0 1
240	2	0 1 0 1 0 1 0 0 1 0 0 0 1 0 0 0
240	1	0 1 1 0 0 1 0 0 1 0 1 1 0 0 0 0
240	1	0 1 1 1 0 1 0 0 0 0 1 1 0 0 0 1
240	1	1 1 0 0 1 1 0 0 1 0 1 1 0 0 0 0
240	2	1 1 0 0 0 1 0 0 1 0 1 1 0 0 0 1
250	25	0 0 1 1 0 1 0 0 0 0 1 1 0 0 0 0
250	23	1 0 0 1 0 1 0 0 0 0 1 1 0 0 0 0
250	1	0 0 1 1 0 1 1 0 0 0 1 1 0 0 0 0
250	68	1 1 0 1 0 1 0 0 0 0 0 1 0 0 0 0
250	84	0 1 1 1 0 1 0 0 0 0 1 1 0 0 0 0
250	57	1 1 1 1 0 1 0 0 0 0 1 1 0 0 0 0
250	33	1 1 0 1 0 1 0 0 0 0 1 1 0 0 0 0
250	3	1 0 1 1 0 1 0 0 1 0 1 1 0 0 0 0
250	20	0 0 1 1 0 0 0 0 0 0 1 1 0 0 0 0
250	8	0 0 1 1 0 1 0 0 0 1 1 1 0 0 0 0
250	13	1 1 0 1 1 1 0 0 0 0 1 1 0 0 0 0
250	4	0 1 0 1 0 1 0 0 0 0 0 1 1 0 0 0
250	21	1 1 1 1 0 1 0 0 0 0 1 1 0 0 1 0
250	4	1 1 0 1 0 1 0 0 0 0 0 1 1 0 0 0
250	3	1 1 0 1 0 1 0 0 1 0 1 1 0 0 0 0
250	14	0 1 0 1 0 1 0 0 1 0 0 0 0 0 0 0
250	12	0 0 1 1 0 1 0 1 0 0 1 1 0 0 0 0
250	18	0 1 0 1 0 1 0 0 1 0 1 1 0 0 0 0
250	30	1 1 1 1 1 1 1 0 0 0 1 1 0 0 0 0
250	19	0 0 1 1 0 1 1 0 0 0 1 1 0 1 0 0
250	15	1 0 0 1 1 1 0 0 0 0 0 1 0 0 0 0
250	1	0 1 0 1 0 1 0 0 0 0 0 1 0 0 0 0
250	9	0 1 1 1 0 1 0 0 1 0 0 1 0 0 0 0
250	41	1 1 1 1 1 1 0 0 0 0 1 1 0 0 0 0
250	16	1 1 1 1 0 1 0 0 1 0 1 1 0 0 0 0
250	9	1 0 0 1 0 1 0 0 0 0 0 1 0 0 0 0
250	3	1 1 0 1 0 1 0 0 0 1 0 1 0 0 0 0
250	6	1 0 0 1 0 0 0 1 0 0 1 1 0 0 0 0
250	2	0 1 1 1 0 1 0 0 0 0 1 0 0 0 0 0
250	1	1 0 0 1 0 1 0 0 0 1 1 1 0 0 0 0
250	1	0 1 0 1 0 1 0 0 1 0 0 1 0 0 0 1
250	5	1 1 1 1 0 1 0 0 0 1 1 1 0 0 0 0
250	23	1 0 0 1 0 1 0 0 1 0 1 1 0 0 0 0
250	10	1 1 1 1 0 1 0 0 0 1 1 0 0 0 0 0
250	18	0 0 1 1 0 1 0 1 0 0 1 0 0 0 0 0
250	1	0 1 0 1 1 1 0 0 0 0 0 1 1 0 0 0
250	4	0 1 1 1 0 1 0 0 1 0 1 1 0 0 0 0
250	5	1 1 0 1 0 0 0 0 1 0 1 1 0 0 0 0
250	2	0 0 1 1 0 1 0 1 1 0 1 1 0 0 0 0
250	2	0 0 0 1 0 1 0 0 0 0 0 1 0 0 0 1
250	1	0 1 0 1 0 1 0 0 1 1 0 1 0 0 0 1
250	7	0 0 1 0 0 1 0 0 0 1 1 1 0 0 0 0
250	19	1 1 0 0 0 1 0 0 0 0 0 1 0 0 0 0
250	1	1 0 1 1 0 1 0 0 0 0 0 1 0 0 0 1
250	14	1 1 1 1 0 0 0 0 0 0 1 1 0 0 0 0
250	7	1 0 0 1 0 1 0 1 0 0 1 1 0 0 0 1
250	5	0 1 1 1 1 1 0 0 0 0 1 0 0 0 0 0
250	14	1 1 0 1 0 0 0 0 0 0 1 1 0 0 0 0
250	17	1 1 0 1 0 1 0 0 1 0 0 1 0 0 0 0
250	1	1 1 0 1 0 1 0 0 0 1 1 1 0 0 0 0
250	51	1 0 1 1 0 0 0 0 0 0 1 1 0 0 0 0
250	1	1 1 0 0 0 1 0 0 1 0 1 1 0 0 0 0
250	9	1 0 1 1 1 1 0 0 0 0 1 1 0 0 0 0
250	2	1 0 1 0 0 1 0 0 1 0 1 1 0 0 0 0
250	20	1 1 1 1 0 1 0 0 1 1 1 1 0 0 0 0
250	8	1 0 1 1 0 1 0 0 0 0 1 1 0 0 0 0
250	3	1 1 0 1 1 1 0 0 0 0 0 1 0 0 0 0
250	3	0 1 1 1 0 0 0 0 0 0 1 1 0 0 0 0
250	9	0 1 0 1 0 1 0 0 1 0 0 0 1 0 0 0
250	19	0 1 0 1 0 1 0 0 0 0 1 1 0 0 0 0
250	24	1 1 1 1 0 1 0 0 1 0 0 0 0 0 0 0
250	10	1 1 0 1 0 0 0 0 0 0 0 1 0 0 0 0
250	2	0 0 1 1 0 0 0 0 0 1 1 1 0 0 0 0
250	17	0 0 1 1 0 0 0 0 0 0 0 1 0 0 0 0
250	3	1 0 0 1 0 1 0 0 1 0 1 0 0 0 0 0
250	1	0 0 1 1 0 1 0 0 0 0 1 1 0 0 0 1
250	5	1 0 0 0 0 1 0 0 0 0 1 1 0 0 0 0
250	3	1 0 1 1 0 0 0 0 0 0 0 1 0 0 0 0
250	7	0 1 0 1 1 1 0 0 0 0 1 1 0 0 0 0
250	14	0 1 1 1 0 1 0 0 1 1 0 1 0 0 0 0
250	2	1 0 1 1 0 1 0 0 0 0 0 1 0 0 0 0
250	3	0 1 1 1 1 1 0 0 0 0 1 1 0 0 0 0
250	1	1 0 0 1 0 1 0 0 1 0 1 1 1 0 0 0
250	2	1 1 1 0 0 1 0 0 0 1 1 0 0 0 0 0
250	2	1 1 0 1 0 1 1 0 1 0 0 1 0 0 0 0
250	1	1 1 0 0 0 1 0 0 0 0 1 1 0 0 0 0
250	3	1 1 0 1 0 1 0 0 0 1 1 0 0 0 0 0
250	2	1 1 0 1 0 1 0 0 0 0 0 0 0 0 0 0
250	5	0 1 1 1 0 1 0 1 0 0 1 1 0 0 0 0
250	1	0 1 0 1 0 1 0 0 0 0 1 1 1 0 0 0
250	3	1 1 0 1 0 1 0 0 0 0 0 1 1 0 0 1
250	6	1 0 0 1 0 1 0 0 1 0 0 1 0 0 0 0
250	1	1 0 1 1 1 1 0 0 0 0 0 1 0 0 0 0
250	3	0 0 1 1 0 1 0 1 0 0 1 1 0 0 0 1
250	4	0 1 0 1 0 1 0 0 1 0 1 1 1 0 0 0
250	2	1 1 1 1 0 1 0 0 0 0 0 0 0 0 0 0
250	4	1 1 0 1 0 1 0 0 0 0 1 1 0 0 0 1
250	3	1 1 1 1 1 1 0 0 1 0 1 1 0 0 0 0
250	1	1 0 0 1 0 1 0 0 0 1 0 1 0 0 0 0
250	1	1 0 0 1 0 1 0 0 0 0 1 1 1 0 0 0
250	1	1 1 1 1 1 1 1 0 1 0 1 1 0 0 0 0
250	1	0 1 0 1 0 1 0 0 1 0 0 1 0 0 0 0
250	2	1 1 0 1 0 0 0 0 1 0 1 1 1 0 0 0
250	1	1 1 1 1 0 1 0 0 1 0 0 0 0 0 0 1
250	2	1 1 0 1 0 1 0 0 0 0 0 1 0 0 0 1
250	2	1 1 1 1 1 1 0 0 0 0 0 1 0 0 0 0
250	2	1 1 0 1 0 1 0 0 0 0 0 1 0 0 1 0
250	4	1 1 1 1 1 1 0 0 0 1 1 1 0 0 0 0
250	1	0 0 1 1 0 0 0 0 1 0 0 1 0 0 0 0
250	3	0 1 1 1 0 1 0 0 1 1 0 1 1 0 0 0
260	32	0 0 1 1 0 1 0 0 0 0 1 1 0 0 0 0
260	30	1 0 0 1 0 1 0 0 0 0 1 1 0 0 0 0
260	41	1 1 0 1 0 1 0 0 0 0 0 1 0 0 0 0
260	87	0 1 1 1 0 1 0 0 0 0 1 1 0 0 0 0
260	68	1 1 1 1 0 1 0 0 0 0 1 1 0 0 0 0
260	36	1 1 0 1 0 1 0 0 0 0 1 1 0 0 0 0
260	21	0 0 1 1 0 0 0 0 0 0 1 1 0 0 0 0
260	34	0 0 1 1 0 1 0 0 0 1 1 1 0 0 0 0
260	11	1 1 0 1 1 1 0 0 0 0 1 1 0 0 0 0
260	4	1 1 1 1 0 1 0 0 0 0 1 1 0 0 1 0
260	6	1 1 0 1 0 1 0 0 0 0 0 1 1 0 0 0
260	3	0 1 0 1 0 1 0 0 1 0 0 0 0 0 0 0
260	9	0 0 1 1 0 1 0 1 0 0 1 1 0 0 0 0
260	4	0 1 0 1 0 1 0 0 1 0 1 1 0 0 0 0
260	22	1 1 1 1 1 1 1 0 0 0 1 1 0 0 0 0
260	4	0 0 1 1 0 1 1 0 0 0 1 1 0 1 0 0
260	4	1 0 0 1 1 1 0 0 0 0 0 1 0 0 0 0
260	33	1 1 1 1 1 1 0 0 0 0 1 1 0 0 0 0
260	4	1 1 1 1 0 1 0 0 1 0 1 1 0 0 0 0
260	8	1 1 1 1 0 1 0 0 0 1 1 1 0 0 0 0
260	37	1 0 0 1 0 1 0 0 1 0 1 1 0 0 0 0
260	3	1 1 1 1 0 1 0 0 0 1 1 0 0 0 0 0
260	10	0 0 1 1 0 1 0 1 0 0 1 0 0 0 0 0
260	1	0 1 0 1 1 1 0 0 0 0 0 1 1 0 0 0
260	5	1 1 0 1 0 0 0 0 1 0 1 1 0 0 0 0
260	6	0 0 0 1 0 1 0 0 0 0 0 1 0 0 0 1
260	4	0 0 1 0 0 1 0 0 0 1 1 1 0 0 0 0
260	23	1 1 0 0 0 1 0 0 0 0 0 1 0 0 0 0
260	3	1 1 1 1 0 0 0 0 0 0 1 1 0 0 0 0
260	3	1 1 0 1 0 0 0 0 0 0 1 1 0 0 0 0
260	21	1 1 0 1 0 1 0 0 1 0 0 1 0 0 0 0
260	7	1 1 0 1 0 1 0 0 0 1 1 1 0 0 0 0
260	33	1 0 1 1 0 0 0 0 0 0 1 1 0 0 0 0
260	33	1 1 1 1 0 1 0 0 1 1 1 1 0 0 0 0
260	5	1 0 1 1 0 1 0 0 0 0 1 1 0 0 0 0
260	3	1 1 0 1 1 1 0 0 0 0 0 1 0 0 0 0
260	15	0 1 0 1 0 1 0 0 1 0 0 0 1 0 0 0
260	3	0 1 0 1 0 1 0 0 0 0 1 1 0 0 0 0
260	2	1 1 1 1 0 1 0 0 1 0 0 0 0 0 0 0
260	17	1 1 0 1 0 0 0 0 0 0 0 1 0 0 0 0
260	4	0 0 1 1 0 0 0 0 0 0 0 1 0 0 0 0
260	19	0 1 1 1 0 1 0 0 1 1 0 1 0 0 0 0
260	22	1 1 1 0 0 1 0 0 0 1 1 0 0 0 0 0
260	13	1 1 0 1 0 1 0 0 0 1 1 0 0 0 0 0
260	8	1 1 0 1 0 1 0 0 0 0 0 0 0 0 0 0
260	2	1 0 0 1 0 1 0 0 1 0 0 1 0 0 0 0
260	2	1 0 1 1 1 1 0 0 0 0 0 1 0 0 0 0
260	13	0 1 0 1 0 1 0 0 1 0 1 1 1 0 0 0
260	6	1 1 1 1 0 1 0 0 0 0 0 0 0 0 0 0
260	7	1 1 0 1 0 1 0 0 0 0 1 1 0 0 0 1
260	3	1 1 0 1 0 1 0 0 0 0 0 1 0 0 0 1
260	10	0 0 1 1 0 0 0 0 1 0 0 1 0 0 0 0
260	3	0 1 0 1 0 1 0 0 0 1 0 1 1 0 0 0
260	3	0 0 1 1 0 1 1 0 0 1 1 1 0 1 0 0
260	2	1 1 1 1 0 1 0 0 1 1 1 1 1 0 0 0
260	8	1 1 0 1 0 0 0 0 0 0 0 0 0 0 0 0
260	8	0 1 1 1 0 1 0 0 0 0 1 1 0 0 0 1
260	4	1 1 0 1 0 1 0 0 0 0 1 1 1 0 0 1
260	2	1 0 1 1 0 1 0 1 0 0 1 0 0 0 0 0
260	12	0 1 1 1 0 1 0 1 0 1 1 1 0 0 0 0
260	9	0 0 1 1 1 1 0 0 0 0 0 1 0 0 0 0
260	6	1 1 0 1 0 1 0 0 0 1 1 1 0 0 0 1
260	8	1 0 1 1 0 1 0 0 0 1 1 1 0 0 0 0
260	5	0 0 1 1 0 1 0 1 0 0 1 0 0 0 0 1
260	13	1 1 1 0 1 1 0 0 0 1 1 0 0 0 0 0
260	2	0 0 1 1 0 0 0 0 0 0 0 0 0 0 0 0
260	1	0 0 1 1 0 0 0 0 0 0 0 1 1 0 0 0
260	6	0 0 1 1 0 1 0 0 0 0 1 1 1 0 0 0
260	3	1 0 1 1 0 1 0 0 0 0 0 1 0 1 0 1
260	4	1 1 1 1 0 0 0 0 0 0 1 0 0 0 0 0
260	7	1 1 1 1 1 1 0 0 0 0 0 0 0 0 0 0
260	4	1 1 0 1 1 1 1 0 0 0 1 1 0 0 0 0
260	9	1 1 0 0 0 1 0 0 0 0 0 0 0 0 0 0
260	1	1 1 0 1 0 1 0 0 0 0 0 1 0 1 0 0
260	9	1 1 1 1 1 1 1 0 0 0 1 0 0 0 0 0
260	4	1 0 0 1 0 1 0 1 1 0 1 1 0 0 0 0
260	1	0 1 1 1 0 1 0 0 1 0 0 0 0 0 0 0
260	7	1 1 0 1 0 1 0 0 1 1 1 1 0 0 0 0
260	10	0 1 1 1 0 1 0 1 0 1 1 1 0 1 0 0
260	8	1 1 0 1 0 1 1 1 0 0 1 1 0 0 0 0
260	1	1 1 1 0 1 1 0 0 0 0 1 1 0 0 0 0
260	3	1 1 1 1 1 0 1 0 0 0 1 1 0 0 0 0
260	1	1 0 0 1 1 1 0 0 1 0 1 1 0 0 0 0
260	1	1 1 1 0 0 1 0 0 0 1 0 0 0 0 0 0
260	4	0 1 0 1 0 1 0 0 0 0 0 1 0 0 0 0
260	3	0 1 0 1 0 0 0 0 0 0 1 1 0 0 0 0
260	1	0 0 1 1 1 1 1 0 0 0 1 1 0 0 0 0
260	1	0 1 1 1 0 1 0 0 1 1 1 1 1 0 0 0
260	1	1 1 0 1 0 1 0 0 1 0 1 1 0 0 0 0
260	1	1 1 1 1 0 1 0 0 0 0 1 1 0 1 0 0
260	1	1 0 0 1 0 1 0 0 1 0 1 1 0 1 0 0
260	2	1 1 0 0 1 1 0 0 0 0 0 1 0 0 0 0
260	2	1 1 0 1 0 1 0 0 0 0 1 0 0 0 0 0
260	2	1 0 1 1 0 1 0 0 0 1 1 1 0 0 0 1
260	1	1 0 0 1 0 1 0 1 1 0 1 0 0 0 0 0
260	1	1 0 0 1 0 1 0 0 0 0 0 1 0 0 0 0
260	1	1 1 1 1 0 1 0 0 0 0 1 1 1 0 0 0
260	4	1 1 0 1 0 1 0 0 0 1 1 1 0 1 0 0
260	1	1 0 1 1 0 0 0 0 0 1 1 1 0 0 0 0
260	2	0 1 0 1 1 1 0 0 0 0 0 1 0 0 0 0
260	1	1 1 0 0 0 0 0 0 0 0 0 1 0 0 0 0
260	1	1 1 0 1 0 0 0 0 0 1 0 1 0 0 0 0
260	1	1 1 1 0 1 1 0 1 0 1 1 0 0 0 0 0
270	10	0 0 1 1 0 1 0 0 0 0 1 1 0 0 0 0
270	22	1 0 0 1 0 1 0 0 0 0 1 1 0 0 0 0
270	41	1 1 0 1 0 1 0 0 0 0 0 1 0 0 0 0
270	59	0 1 1 1 0 1 0 0 0 0 1 1 0 0 0 0
270	84	1 1 1 1 0 1 0 0 0 0 1 1 0 0 0 0
270	29	1 1 0 1 0 1 0 0 0 0 1 1 0 0 0 0
270	3	0 0 1 1 0 0 0 0 0 0 1 1 0 0 0 0
270	10	0 0 1 1 0 1 0 0 0 1 1 1 0 0 0 0
270	10	1 1 0 1 1 1 0 0 0 0 1 1 0 0 0 0
270	4	1 1 1 1 0 1 0 0 0 0 1 1 0 0 1 0
270	4	1 1 0 1 0 1 0 0 0 0 0 1 1 0 0 0
270	5	0 1 0 1 0 1 0 0 1 0 0 0 0 0 0 0
270	37	1 1 1 1 1 1 1 0 0 0 1 1 0 0 0 0
270	26	1 1 1 1 1 1 0 0 0 0 1 1 0 0 0 0
270	4	1 1 1 1 0 1 0 0 1 0 1 1 0 0 0 0
270	15	1 1 1 1 0 1 0 0 0 1 1 1 0 0 0 0
270	8	1 0 0 1 0 1 0 0 1 0 1 1 0 0 0 0
270	7	1 1 1 1 0 1 0 0 0 1 1 0 0 0 0 0
270	28	1 1 0 0 0 1 0 0 0 0 0 1 0 0 0 0
270	4	1 1 1 1 0 0 0 0 0 0 1 1 0 0 0 0
270	11	1 1 0 1 0 0 0 0 0 0 1 1 0 0 0 0
270	22	1 1 0 1 0 1 0 0 1 0 0 1 0 0 0 0
270	17	1 1 0 1 0 1 0 0 0 1 1 1 0 0 0 0
270	30	1 0 1 1 0 0 0 0 0 0 1 1 0 0 0 0
270	39	1 1 1 1 0 1 0 0 1 1 1 1 0 0 0 0
270	17	1 0 1 1 0 1 0 0 0 0 1 1 0 0 0 0
270	15	0 1 0 1 0 1 0 0 1 0 0 0 1 0 0 0
270	8	0 1 0 1 0 1 0 0 0 0 1 1 0 0 0 0
270	9	1 1 1 1 0 1 0 0 1 0 0 0 0 0 0 0
270	15	1 1 0 1 0 0 0 0 0 0 0 1 0 0 0 0
270	3	0 0 1 1 0 0 0 0 0 0 0 1 0 0 0 0
270	16	0 1 1 1 0 1 0 0 1 1 0 1 0 0 0 0
270	12	1 1 1 0 0 1 0 0 0 1 1 0 0 0 0 0
270	11	1 1 0 1 0 1 0 0 0 1 1 0 0 0 0 0
270	3	0 1 0 1 0 1 0 0 1 0 1 1 1 0 0 0
270	4	1 1 0 1 0 1 0 0 0 0 1 1 0 0 0 1
270	9	1 1 0 1 0 1 0 0 0 0 0 1 0 0 0 1
270	11	0 0 1 1 0 1 1 0 0 1 1 1 0 1 0 0
270	5	1 0 1 1 0 1 0 1 0 0 1 0 0 0 0 0
270	22	0 0 1 1 1 1 0 0 0 0 0 1 0 0 0 0
270	21	1 0 1 1 0 1 0 0 0 1 1 1 0 0 0 0
270	5	1 1 1 0 1 1 0 0 0 1 1 0 0 0 0 0
270	5	0 0 1 1 0 0 0 0 0 0 0 0 0 0 0 0
270	4	0 0 1 1 0 1 0 0 0 0 1 1 1 0 0 0
270	10	1 1 1 1 0 0 0 0 0 0 1 0 0 0 0 0
270	21	1 1 1 1 1 1 0 0 0 0 0 0 0 0 0 0
270	1	1 1 0 1 1 1 1 0 0 0 1 1 0 0 0 0
270	9	0 1 1 1 0 1 0 1 0 1 1 1 0 1 0 0
270	5	1 1 0 1 0 1 1 1 0 0 1 1 0 0 0 0
270	3	1 1 1 1 1 0 1 0 0 0 1 1 0 0 0 0
270	6	0 1 0 1 0 1 0 0 0 0 0 1 0 0 0 0
270	8	0 1 0 1 0 0 0 0 0 0 1 1 0 0 0 0
270	4	1 0 0 1 0 1 0 0 0 0 0 1 0 0 0 0
270	4	1 1 0 0 0 0 0 0 0 0 0 1 0 0 0 0
270	8	1 1 0 1 0 0 0 0 0 1 0 1 0 0 0 0
270	14	0 1 0 1 0 0 0 0 0 0 0 1 0 0 0 0
270	11	1 1 1 1 0 1 0 0 0 0 0 1 0 0 0 0
270	2	1 1 1 1 0 1 0 0 1 1 1 1 1 1 0 0
270	14	1 1 1 1 1 0 0 0 0 0 1 1 0 0 0 0
270	8	1 1 0 1 0 0 0 0 0 0 1 1 1 0 0 0
270	6	1 1 0 1 0 1 1 0 0 0 1 1 0 0 0 1
270	4	1 1 1 1 1 1 1 0 0 0 0 0 0 0 0 0
270	1	0 1 0 1 0 1 0 0 0 0 0 1 0 0 0 1
270	1	1 1 0 1 0 1 0 1 0 0 1 1 0 0 0 0
270	2	1 0 1 1 0 0 0 0 1 0 1 1 1 0 0 0
270	4	0 0 1 1 0 1 0 0 0 0 1 1 0 0 0 1
270	15	1 1 0 1 0 1 0 0 1 0 1 1 0 0 0 0
270	1	1 1 1 1 1 1 0 0 0 0 0 0 0 0 0 1
270	2	1 1 0 0 0 1 0 0 0 1 1 0 0 0 0 0
270	14	1 1 1 1 0 0 0 0 0 0 0 1 0 0 0 0
270	1	0 1 1 1 0 1 0 0 0 0 1 1 1 0 0 0
270	4	1 1 0 1 0 1 0 0 0 1 0 1 1 0 0 0
270	1	1 1 1 1 1 1 0 0 0 0 1 1 1 0 0 0
270	11	1 1 0 1 1 0 0 0 0 0 1 1 0 0 0 0
270	4	1 1 1 0 0 1 0 0 0 0 1 1 0 0 0 0
270	2	0 0 1 1 0 1 0 0 0 0 1 1 0 0 1 0
270	6	0 0 1 1 0 0 0 0 0 0 1 1 0 1 0 0
270	2	0 1 0 1 0 1 0 0 0 0 1 1 0 0 0 1
270	6	0 1 1 1 0 0 0 0 0 0 0 0 0 0 0 0
270	3	0 1 0 1 0 1 0 0 0 0 0 1 1 0 0 1
270	3	0 0 1 1 0 1 0 0 0 0 0 1 0 0 0 1
270	5	0 1 1 1 1 1 0 0 0 0 0 0 0 0 0 0
270	2	0 1 1 1 1 1 0 0 0 0 1 1 0 0 0 0
270	2	0 1 0 1 0 1 0 0 0 0 0 1 1 0 0 0
270	3	0 0 1 1 0 1 0 0 1 1 0 1 0 0 0 0
270	7	1 1 1 0 1 1 0 0 0 1 1 1 0 0 0 0
270	2	1 1 1 1 0 1 0 0 0 0 1 1 0 0 0 1
270	2	1 1 0 1 0 1 0 0 0 0 1 0 0 0 0 0
270	1	1 1 1 1 1 1 1 0 1 0 1 1 0 0 0 0
270	1	1 1 1 1 1 1 1 0 0 0 1 1 1 0 0 0
270	3	1 1 0 0 0 1 1 0 0 0 0 1 0 0 0 0
270	2	0 0 0 1 0 1 0 0 0 0 0 1 0 0 0 0
270	2	1 1 1 1 1 1 1 0 0 1 1 1 0 0 0 0
270	3	1 1 1 1 0 1 1 0 0 1 1 1 0 0 0 0
270	2	1 0 1 1 0 1 0 0 1 0 1 1 0 0 0 0
270	1	1 1 0 1 0 0 0 0 0 0 1 1 0 0 1 0
270	2	1 0 1 1 1 1 0 0 0 0 1 1 0 0 0 0
270	3	0 0 1 1 1 1 0 0 1 0 0 1 0 0 0 0
270	3	0 1 0 1 0 0 0 0 0 0 1 1 1 0 0 0
270	2	1 1 0 1 0 1 0 0 0 0 0 0 0 0 0 0
270	2	1 1 1 0 1 1 0 0 0 1 1 0 0 0 1 0
270	3	1 1 0 0 0 0 1 0 0 0 0 1 0 0 0 0
270	2	0 0 1 1 0 1 0 0 0 1 1 1 0 0 1 0
280	21	1 0 0 1 0 1 0 0 0 0 1 1 0 0 0 0
280	43	1 1 0 1 0 1 0 0 0 0 0 1 0 0 0 0
280	17	0 1 1 1 0 1 0 0 0 0 1 1 0 0 0 0
280	115	1 1 1 1 0 1 0 0 0 0 1 1 0 0 0 0
280	28	1 1 0 1 0 1 0 0 0 0 1 1 0 0 0 0
280	13	0 0 1 1 0 1 0 0 0 1 1 1 0 0 0 0
280	7	1 1 0 1 1 1 0 0 0 0 1 1 0 0 0 0
280	4	1 1 1 1 0 1 0 0 0 0 1 1 0 0 1 0
280	2	1 1 0 1 0 1 0 0 0 0 0 1 1 0 0 0
280	49	1 1 1 1 1 1 1 0 0 0 1 1 0 0 0 0
280	25	1 1 1 1 1 1 0 0 0 0 1 1 0 0 0 0
280	1	1 1 1 1 0 1 0 0 1 0 1 1 0 0 0 0
280	17	1 1 1 1 0 1 0 0 0 1 1 1 0 0 0 0
280	4	1 1 1 1 0 1 0 0 0 1 1 0 0 0 0 0
280	24	1 1 0 0 0 1 0 0 0 0 0 1 0 0 0 0
280	2	1 1 1 1 0 0 0 0 0 0 1 1 0 0 0 0
280	7	1 1 0 1 0 0 0 0 0 0 1 1 0 0 0 0
280	17	1 1 0 1 0 1 0 0 1 0 0 1 0 0 0 0
280	43	1 1 0 1 0 1 0 0 0 1 1 1 0 0 0 0
280	33	1 0 1 1 0 0 0 0 0 0 1 1 0 0 0 0
280	35	1 1 1 1 0 1 0 0 1 1 1 1 0 0 0 0
280	13	1 0 1 1 0 1 0 0 0 0 1 1 0 0 0 0
280	14	0 1 0 1 0 1 0 0 1 0 0 0 1 0 0 0
280	15	0 1 0 1 0 1 0 0 0 0 1 1 0 0 0 0
280	13	1 1 1 1 0 1 0 0 1 0 0 0 0 0 0 0
280	9	1 1 0 1 0 0 0 0 0 0 0 1 0 0 0 0
280	4	0 1 1 1 0 1 0 0 1 1 0 1 0 0 0 0
280	10	1 1 0 1 0 1 0 0 0 0 1 1 0 0 0 1
280	10	0 0 1 1 0 1 1 0 0 1 1 1 0 1 0 0
280	28	0 0 1 1 1 1 0 0 0 0 0 1 0 0 0 0
280	5	1 1 1 0 1 1 0 0 0 1 1 0 0 0 0 0
280	44	1 1 1 1 0 0 0 0 0 0 1 0 0 0 0 0
280	7	1 1 1 1 1 1 0 0 0 0 0 0 0 0 0 0
280	5	0 1 0 1 0 1 0 0 0 0 0 1 0 0 0 0
280	3	0 1 0 1 0 0 0 0 0 0 1 1 0 0 0 0
280	3	1 0 0 1 0 1 0 0 0 0 0 1 0 0 0 0
280	5	1 1 0 0 0 0 0 0 0 0 0 1 0 0 0 0
280	9	1 1 0 1 0 0 0 0 0 1 0 1 0 0 0 0
280	10	0 1 0 1 0 0 0 0 0 0 0 1 0 0 0 0
280	9	1 1 1 1 0 1 0 0 0 0 0 1 0 0 0 0
280	12	1 1 0 1 0 0 0 0 0 0 1 1 1 0 0 0
280	1	1 1 0 1 0 1 1 0 0 0 1 1 0 0 0 1
280	6	1 1 1 1 1 1 1 0 0 0 0 0 0 0 0 0
280	6	0 0 1 1 0 1 0 0 0 0 1 1 0 0 0 1
280	4	1 1 0 1 0 1 0 0 1 0 1 1 0 0 0 0
280	7	1 1 0 0 0 1 0 0 0 1 1 0 0 0 0 0
280	8	1 1 1 1 0 0 0 0 0 0 0 1 0 0 0 0
280	5	1 1 1 1 1 1 0 0 0 0 1 1 1 0 0 0
280	14	1 1 0 1 1 0 0 0 0 0 1 1 0 0 0 0
280	9	1 1 1 0 0 1 0 0 0 0 1 1 0 0 0 0
280	3	0 0 1 1 0 0 0 0 0 0 1 1 0 1 0 0
280	1	0 1 0 1 0 1 0 0 0 0 0 1 1 0 0 1
280	9	0 0 1 1 0 1 0 0 0 0 0 1 0 0 0 1
280	3	0 1 1 1 1 1 0 0 0 0 0 0 0 0 0 0
280	3	0 0 1 1 0 1 0 0 1 1 0 1 0 0 0 0
280	4	1 1 1 0 1 1 0 0 0 1 1 1 0 0 0 0
280	3	1 1 1 1 0 1 0 0 0 0 1 1 0 0 0 1
280	1	1 1 0 1 0 1 0 0 0 0 1 0 0 0 0 0
280	28	1 1 0 0 0 1 1 0 0 0 0 1 0 0 0 0
280	32	1 1 1 1 1 1 1 0 0 0 0 1 0 0 0 0
280	6	1 1 1 1 0 1 0 0 0 0 1 0 0 0 0 0
280	3	1 1 1 0 0 1 0 0 0 1 1 0 1 0 0 0
280	1	1 1 1 1 0 1 0 0 0 0 1 1 1 0 0 0
280	7	0 0 1 1 1 1 0 1 0 0 1 1 0 0 0 0
280	2	1 1 1 1 1 1 0 0 0 1 1 1 1 0 0 0
280	1	1 1 1 1 1 1 1 0 1 0 1 1 0 0 0 0
280	3	1 0 1 1 0 0 0 0 0 1 1 1 0 0 0 0
280	1	0 1 1 1 1 1 0 0 0 0 0 1 0 0 0 0
280	8	1 1 1 0 0 1 0 0 0 0 1 1 1 0 0 0
280	3	1 1 1 1 1 1 1 0 0 0 0 1 1 0 0 0
280	8	1 1 0 1 0 1 0 0 0 0 1 1 1 0 0 0
280	7	1 1 1 1 0 1 1 0 0 0 1 1 0 0 0 0
280	2	0 0 1 1 0 1 0 0 1 1 0 1 0 0 1 0
280	4	1 0 1 0 1 1 0 0 0 1 1 1 0 0 0 0
280	6	1 1 0 0 0 1 0 1 0 0 0 1 0 0 0 0
280	2	0 0 1 1 0 1 0 0 1 0 0 1 0 0 0 0
280	4	0 1 1 1 0 1 0 0 0 0 0 1 0 0 0 0
280	2	0 1 0 1 0 0 0 0 0 1 0 1 0 0 0 0
280	4	1 1 1 1 0 1 0 0 0 0 0 1 0 1 0 0
280	4	1 1 0 0 0 1 1 0 0 0 1 1 0 0 0 1
280	2	1 1 1 1 1 1 1 0 0 0 0 0 0 0 1 0
280	5	0 0 1 1 0 1 0 0 0 0 1 1 0 0 0 0
280	3	0 0 1 1 0 0 0 0 0 1 0 1 0 0 0 0
280	1	1 1 1 1 1 0 0 0 0 0 1 1 0 0 0 0
280	4	1 1 1 1 1 1 1 1 0 0 0 1 0 0 0 0
280	2	1 1 0 1 0 1 0 0 0 0 0 0 0 0 0 0
280	1	0 1 0 1 0 1 0 0 0 1 0 1 1 0 0 0
280	1	1 1 0 1 1 1 0 0 1 1 1 1 0 0 0 0
280	1	1 1 0 1 0 1 0 0 0 1 0 1 0 0 0 0
280	2	1 1 1 1 1 1 1 0 0 0 1 1 0 0 0 1
280	1	1 0 1 1 0 1 0 0 0 1 1 0 0 0 0 0
280	1	1 1 0 0 0 1 0 0 0 0 0 1 0 1 0 0
280	1	1 1 0 0 0 1 0 0 0 0 0 1 0 0 0 1
280	1	1 1 0 1 0 1 1 0 0 1 1 1 0 0 0 0
280	1	1 1 1 1 0 1 0 0 1 1 1 1 0 0 1 0
280	1	1 0 1 1 0 1 0 0 0 0 1 1 0 0 0 1
280	1	1 1 0 1 0 0 0 0 0 0 1 1 0 0 0 1
280	1	0 0 1 1 1 1 0 0 0 0 0 1 1 0 0 0
280	1	0 1 0 1 0 0 0 0 0 0 0 0 0 0 0 0
280	1	1 1 0 1 0 0 0 0 0 0 1 1 1 0 0 1
280	2	1 1 1 1 1 1 1 0 0 0 0 0 0 1 0 0
280	2	0 0 1 1 0 0 0 0 0 0 0 1 0 1 0 0
280	1	1 1 0 0 0 1 1 0 1 0 0 1 0 0 0 0
280	3	1 1 1 0 1 1 0 0 0 0 0 1 0 0 0 0
290	31	1 0 0 1 0 1 0 0 0 0 1 1 0 0 0 0
290	35	1 1 0 1 0 1 0 0 0 0 0 1 0 0 0 0
290	18	0 1 1 1 0 1 0 0 0 0 1 1 0 0 0 0
290	55	1 1 1 1 0 1 0 0 0 0 1 1 0 0 0 0
290	52	1 1 0 1 0 1 0 0 0 0 1 1 0 0 0 0
290	8	0 0 1 1 0 1 0 0 0 1 1 1 0 0 0 0
290	2	1 1 0 1 1 1 0 0 0 0 1 1 0 0 0 0
290	15	1 1 1 1 0 1 0 0 0 0 1 1 0 0 1 0
290	74	1 1 1 1 1 1 1 0 0 0 1 1 0 0 0 0
290	45	1 1 1 1 1 1 0 0 0 0 1 1 0 0 0 0
290	21	1 1 1 1 0 1 0 0 0 1 1 1 0 0 0 0
290	8	1 1 0 0 0 1 0 0 0 0 0 1 0 0 0 0
290	12	1 1 0 1 0 0 0 0 0 0 1 1 0 0 0 0
290	14	1 1 0 1 0 1 0 0 1 0 0 1 0 0 0 0
290	6	1 1 0 1 0 1 0 0 0 1 1 1 0 0 0 0
290	49	1 0 1 1 0 0 0 0 0 0 1 1 0 0 0 0
290	41	1 1 1 1 0 1 0 0 1 1 1 1 0 0 0 0
290	5	0 1 0 1 0 1 0 0 1 0 0 0 1 0 0 0
290	18	0 1 0 1 0 1 0 0 0 0 1 1 0 0 0 0
290	4	0 1 1 1 0 1 0 0 1 1 0 1 0 0 0 0
290	17	0 0 1 1 0 1 1 0 0 1 1 1 0 1 0 0
290	6	0 0 1 1 1 1 0 0 0 0 0 1 0 0 0 0
290	34	1 1 1 1 0 0 0 0 0 0 1 0 0 0 0 0
290	7	1 1 1 1 1 1 0 0 0 0 0 0 0 0 0 0
290	8	1 0 0 1 0 1 0 0 0 0 0 1 0 0 0 0
290	19	1 1 0 0 0 0 0 0 0 0 0 1 0 0 0 0
290	8	1 1 0 1 0 0 0 0 0 1 0 1 0 0 0 0
290	14	0 1 0 1 0 0 0 0 0 0 0 1 0 0 0 0
290	12	1 1 1 1 0 1 0 0 0 0 0 1 0 0 0 0
290	24	1 1 0 1 0 0 0 0 0 0 1 1 1 0 0 0
290	2	1 1 0 1 0 1 1 0 0 0 1 1 0 0 0 1
290	3	1 1 1 1 1 1 1 0 0 0 0 0 0 0 0 0
290	8	1 1 1 1 0 0 0 0 0 0 0 1 0 0 0 0
290	11	1 1 1 1 1 1 0 0 0 0 1 1 1 0 0 0
290	9	1 1 1 0 0 1 0 0 0 0 1 1 0 0 0 0
290	1	0 0 1 1 0 1 0 0 0 0 0 1 0 0 0 1
290	1	1 1 1 1 0 1 0 0 0 0 1 1 0 0 0 1
290	26	1 1 0 0 0 1 1 0 0 0 0 1 0 0 0 0
290	52	1 1 1 1 1 1 1 0 0 0 0 1 0 0 0 0
290	2	1 1 1 1 0 1 0 0 0 0 1 0 0 0 0 0
290	6	1 1 1 1 1 1 1 0 1 0 1 1 0 0 0 0
290	2	1 0 1 1 0 0 0 0 0 1 1 1 0 0 0 0
290	8	0 1 1 1 1 1 0 0 0 0 0 1 0 0 0 0
290	23	1 1 1 0 0 1 0 0 0 0 1 1 1 0 0 0
290	4	1 1 1 1 1 1 1 0 0 0 0 1 1 0 0 0
290	8	1 1 0 1 0 1 0 0 0 0 1 1 1 0 0 0
290	7	0 0 1 1 0 1 0 0 1 1 0 1 0 0 1 0
290	7	1 1 0 0 0 1 0 1 0 0 0 1 0 0 0 0
290	2	0 0 1 1 0 1 0 0 1 0 0 1 0 0 0 0
290	15	1 1 1 1 0 1 0 0 0 0 0 1 0 1 0 0
290	11	0 0 1 1 0 1 0 0 0 0 1 1 0 0 0 0
290	4	1 1 1 1 1 1 1 1 0 0 0 1 0 0 0 0
290	3	1 1 0 1 1 0 0 0 0 0 0 1 0 0 0 0
290	8	1 0 0 1 0 0 0 0 0 0 0 1 0 0 0 0
290	4	1 1 1 1 1 0 1 0 0 0 0 1 0 0 0 0
290	3	1 1 0 1 0 1 1 0 1 0 1 1 0 0 0 0
290	2	1 1 0 1 1 1 0 0 0 0 1 0 0 0 0 0
290	7	1 1 0 0 0 1 0 0 1 0 0 0 1 0 0 0
290	4	1 1 1 1 0 1 0 1 0 0 1 1 0 0 0 0
290	4	1 0 1 1 1 1 1 0 0 0 1 1 0 0 0 0
290	3	1 0 1 1 0 0 0 0 0 0 1 1 0 0 1 0
290	1	1 1 1 1 0 0 1 0 0 0 1 0 0 0 0 0
290	1	1 0 1 1 0 1 0 0 0 0 1 1 0 0 0 1
290	4	0 1 1 1 1 1 1 0 0 0 1 1 0 0 0 0
290	4	0 1 0 1 0 1 1 0 1 0 0 0 1 0 0 0
290	2	1 1 0 1 1 0 0 0 0 0 1 1 1 0 0 0
290	3	0 0 1 1 0 0 0 0 0 0 1 1 0 1 0 1
290	3	0 1 1 1 1 1 0 0 0 0 0 1 0 0 0 1
290	6	1 1 1 1 0 0 0 0 0 1 0 1 0 0 0 0
290	4	0 1 1 1 0 1 0 0 0 0 1 1 0 0 0 1
290	1	1 1 1 1 1 0 0 0 0 0 1 1 0 0 0 0
290	1	1 1 1 1 0 0 0 0 0 0 0 0 0 0 0 0
290	1	0 1 0 1 0 1 0 1 0 0 0 1 0 0 0 0
290	5	1 1 0 0 0 1 1 1 0 0 0 1 0 0 0 0
290	1	1 0 0 0 0 1 0 0 0 1 0 0 0 0 0 0
290	2	1 1 1 1 0 0 0 0 0 0 1 1 0 0 0 0
290	3	1 1 0 1 1 1 1 0 0 0 1 1 0 0 0 0
290	10	1 1 1 1 1 1 1 1 1 0 1 1 0 0 0 0
290	2	1 1 1 1 1 1 1 1 0 0 1 1 0 0 0 0
290	4	1 1 1 1 0 1 0 0 1 0 1 1 0 0 0 0
290	1	1 1 1 0 0 1 0 0 0 0 0 1 0 0 0 0
290	3	1 0 1 1 0 0 0 0 0 0 1 0 0 0 0 0
290	1	1 0 0 0 0 1 1 0 0 0 0 1 0 0 0 0
290	1	1 1 0 0 0 1 1 1 0 0 0 1 0 1 0 0
290	2	1 1 0 1 0 1 0 0 0 0 1 1 0 0 0 1
290	1	1 1 1 1 0 1 0 0 0 0 1 1 1 0 0 0
290	1	1 1 0 0 0 1 0 0 0 0 1 1 0 0 0 0
290	5	1 0 1 1 0 0 0 0 0 0 0 1 0 0 0 0
290	3	1 1 0 0 0 0 0 0 0 0 1 1 1 0 0 0
290	1	1 1 0 1 0 1 1 0 1 0 0 0 1 0 0 0
290	1	0 0 1 1 0 1 0 0 1 1 0 1 1 0 0 0
290	1	1 0 0 1 1 1 0 0 0 0 1 1 0 0 0 0
290	1	1 1 0 1 0 1 0 0 0 0 1 1 0 0 1 0
290	2	1 1 0 1 0 0 0 0 0 1 0 1 1 0 0 0
290	3	1 1 1 1 1 1 1 0 1 0 0 1 0 0 0 0
290	2	1 1 1 0 0 1 0 0 0 0 0 1 0 1 0 0
290	1	0 0 1 1 0 0 0 0 0 0 1 1 0 1 1 1
300	7	1 0 0 1 0 1 0 0 0 0 1 1 0 0 0 0
300	23	1 1 0 1 0 1 0 0 0 0 0 1 0 0 0 0
300	13	0 1 1 1 0 1 0 0 0 0 1 1 0 0 0 0
300	55	1 1 1 1 0 1 0 0 0 0 1 1 0 0 0 0
300	41	1 1 0 1 0 1 0 0 0 0 1 1 0 0 0 0
300	9	0 0 1 1 0 1 0 0 0 1 1 1 0 0 0 0
300	21	1 1 1 1 0 1 0 0 0 0 1 1 0 0 1 0
300	37	1 1 1 1 1 1 1 0 0 0 1 1 0 0 0 0
300	47	1 1 1 1 1 1 0 0 0 0 1 1 0 0 0 0
300	9	1 1 1 1 0 1 0 0 0 1 1 1 0 0 0 0
300	15	1 1 0 0 0 1 0 0 0 0 0 1 0 0 0 0
300	2	1 1 0 1 0 0 0 0 0 0 1 1 0 0 0 0
300	13	1 1 0 1 0 1 0 0 1 0 0 1 0 0 0 0
300	3	1 1 0 1 0 1 0 0 0 1 1 1 0 0 0 0
300	28	1 0 1 1 0 0 0 0 0 0 1 1 0 0 0 0
300	29	1 1 1 1 0 1 0 0 1 1 1 1 0 0 0 0
300	2	0 1 0 1 0 1 0 0 1 0 0 0 1 0 0 0
300	19	0 1 0 1 0 1 0 0 0 0 1 1 0 0 0 0
300	25	0 1 1 1 0 1 0 0 1 1 0 1 0 0 0 0
300	22	0 0 1 1 0 1 1 0 0 1 1 1 0 1 0 0
300	62	1 1 1 1 0 0 0 0 0 0 1 0 0 0 0 0
300	14	1 0 0 1 0 1 0 0 0 0 0 1 0 0 0 0
300	5	1 1 0 0 0 0 0 0 0 0 0 1 0 0 0 0
300	12	1 1 0 1 0 0 0 0 0 1 0 1 0 0 0 0
300	7	0 1 0 1 0 0 0 0 0 0 0 1 0 0 0 0
300	14	1 1 1 1 0 1 0 0 0 0 0 1 0 0 0 0
300	21	1 1 0 1 0 0 0 0 0 0 1 1 1 0 0 0
300	2	1 1 1 1 0 0 0 0 0 0 0 1 0 0 0 0
300	24	1 1 1 1 1 1 0 0 0 0 1 1 1 0 0 0
300	6	1 1 0 0 0 1 1 0 0 0 0 1 0 0 0 0
300	88	1 1 1 1 1 1 1 0 0 0 0 1 0 0 0 0
300	6	1 1 1 1 1 1 1 0 1 0 1 1 0 0 0 0
300	9	0 1 1 1 1 1 0 0 0 0 0 1 0 0 0 0
300	26	1 1 1 0 0 1 0 0 0 0 1 1 1 0 0 0
300	7	1 1 1 1 1 1 1 0 0 0 0 1 1 0 0 0
300	19	0 0 1 1 0 1 0 0 1 1 0 1 0 0 1 0
300	2	1 1 0 0 0 1 0 1 0 0 0 1 0 0 0 0
300	8	1 1 1 1 0 1 0 0 0 0 0 1 0 1 0 0
300	4	0 0 1 1 0 1 0 0 0 0 1 1 0 0 0 0
300	1	1 1 0 1 1 0 0 0 0 0 0 1 0 0 0 0
300	8	1 1 1 1 1 0 1 0 0 0 0 1 0 0 0 0
300	6	1 1 0 1 0 1 1 0 1 0 1 1 0 0 0 0
300	3	1 1 0 0 0 1 0 0 1 0 0 0 1 0 0 0
300	13	1 0 1 1 1 1 1 0 0 0 1 1 0 0 0 0
300	9	0 1 0 1 0 1 1 0 1 0 0 0 1 0 0 0
300	7	1 1 1 1 0 0 0 0 0 1 0 1 0 0 0 0
300	4	1 1 0 0 0 1 1 1 0 0 0 1 0 0 0 0
300	12	1 1 1 1 0 0 0 0 0 0 1 1 0 0 0 0
300	1	1 1 1 1 1 1 1 1 1 0 1 1 0 0 0 0
300	15	1 1 1 1 0 1 0 0 1 0 1 1 0 0 0 0
300	3	1 1 0 1 0 1 1 0 1 0 0 0 1 0 0 0
300	13	1 1 0 1 0 1 0 0 0 0 1 1 0 0 1 0
300	1	1 1 1 0 0 1 0 0 0 0 0 1 0 1 0 0
300	9	1 1 1 0 1 1 1 0 0 0 1 1 0 0 0 0
300	3	1 0 1 1 0 0 0 0 0 1 0 1 0 0 0 0
300	4	1 1 1 1 0 1 1 0 0 0 1 1 0 0 1 0
300	9	1 1 1 1 1 1 0 0 0 0 1 1 0 1 0 0
300	1	1 0 0 1 0 1 0 0 0 1 0 1 0 0 0 0
300	2	1 1 1 0 0 1 1 0 0 0 1 1 1 0 0 0
300	6	0 0 0 1 0 1 0 0 0 0 1 1 0 0 0 0
300	2	1 1 0 1 0 1 0 0 0 0 0 1 0 1 0 0
300	11	1 0 1 1 0 1 0 0 0 0 1 1 0 0 0 0
300	2	1 1 0 0 0 1 1 0 0 0 1 1 0 0 0 0
300	6	1 1 0 1 0 1 0 0 0 0 1 0 1 0 0 0
300	1	1 1 1 1 0 1 0 0 0 0 1 0 0 0 0 0
300	4	0 0 1 1 0 1 0 0 0 1 1 1 0 1 0 0
300	3	0 1 0 1 0 1 0 1 1 0 0 1 0 0 0 0
300	2	1 1 1 1 1 1 1 1 0 0 1 1 0 0 0 0
300	13	1 1 1 0 0 1 0 0 1 1 1 1 0 0 0 0
300	1	0 0 1 1 1 1 1 0 0 0 0 1 0 0 0 0
300	1	1 1 0 1 0 1 0 0 1 0 1 1 0 0 0 0
300	2	0 0 1 1 0 1 1 0 0 1 1 1 0 0 0 0
300	1	1 1 0 1 0 1 0 0 0 0 0 1 0 0 0 1
300	8	1 1 1 1 0 1 1 0 0 0 1 1 0 0 0 0
300	2	1 1 0 1 0 0 0 0 0 0 1 1 0 0 0 1
300	4	0 1 0 1 0 1 1 0 0 0 1 1 0 0 0 0
300	6	1 0 1 1 1 1 1 0 0 1 1 1 0 0 0 0
300	3	1 1 0 1 0 1 0 0 0 0 1 1 0 1 0 0
300	2	1 1 1 1 1 1 1 0 0 1 0 1 0 0 0 0
300	2	1 1 1 1 0 1 0 0 0 0 1 1 0 1 0 0
300	2	1 1 1 1 0 0 0 0 1 1 1 1 0 0 0 0
300	1	1 1 1 1 0 0 0 0 0 0 1 0 0 1 0 0
300	1	1 1 0 0 0 0 0 0 0 0 0 1 0 0 0 1
300	1	1 0 0 1 1 1 1 0 0 0 0 1 0 0 0 0
300	3	0 1 0 1 0 1 0 0 1 0 0 1 0 1 0 0
300	2	1 1 0 0 0 0 0 0 1 1 0 1 0 0 0 0
300	3	0 0 1 1 0 1 0 0 1 0 0 1 0 0 0 0
300	2	1 1 1 1 1 1 1 0 0 0 1 0 0 0 0 0
300	2	0 1 0 1 0 1 0 1 0 0 1 1 0 0 0 0
300	2	0 0 1 0 0 1 1 0 0 1 1 1 0 1 0 0
300	1	1 1 0 1 0 0 0 0 0 0 0 1 0 0 0 0
300	2	1 1 1 1 1 1 1 0 0 0 0 1 0 0 0 1
300	2	0 1 1 1 1 1 0 0 0 0 0 0 0 0 0 0
300	2	0 0 1 1 1 1 0 0 1 1 0 1 0 0 1 0
300	1	1 1 0 1 0 1 1 0 0 0 0 1 0 0 0 0
300	4	1 1 1 1 1 1 1 0 1 0 1 1 0 0 1 0
300	1	1 1 1 1 1 1 0 0 0 0 1 1 0 0 0 1
300	1	0 1 0 1 0 0 0 0 0 0 0 1 1 0 0 0
300	1	1 1 1 1 1 1 0 0 0 0 1 1 1 0 0 1
300	3	0 0 1 0 0 1 0 0 1 1 0 1 0 0 1 0
300	1	1 1 0 1 0 1 0 0 1 0 1 0 0 0 0 0
310	25	1 0 0 1 0 1 0 0 0 0 1 1 0 0 0 0
310	1	1 1 0 1 0 1 0 0 0 0 0 1 0 0 0 0
310	10	0 1 1 1 0 1 0 0 0 0 1 1 0 0 0 0
310	24	1 1 1 1 0 1 0 0 0 0 1 1 0 0 0 0
310	10	1 1 0 1 0 1 0 0 0 0 1 1 0 0 0 0
310	10	0 0 1 1 0 1 0 0 0 1 1 1 0 0 0 0
310	28	1 1 1 1 0 1 0 0 0 0 1 1 0 0 1 0
310	43	1 1 1 1 1 1 1 0 0 0 1 1 0 0 0 0
310	38	1 1 1 1 1 1 0 0 0 0 1 1 0 0 0 0
310	7	1 1 1 1 0 1 0 0 0 1 1 1 0 0 0 0
310	14	1 1 0 0 0 1 0 0 0 0 0 1 0 0 0 0
310	7	1 1 0 1 0 1 0 0 1 0 0 1 0 0 0 0
310	7	1 1 0 1 0 1 0 0 0 1 1 1 0 0 0 0
310	46	1 0 1 1 0 0 0 0 0 0 1 1 0 0 0 0
310	28	1 1 1 1 0 1 0 0 1 1 1 1 0 0 0 0
310	13	0 1 0 1 0 1 0 0 0 0 1 1 0 0 0 0
310	27	0 1 1 1 0 1 0 0 1 1 0 1 0 0 0 0
310	58	1 1 1 1 0 0 0 0 0 0 1 0 0 0 0 0
310	13	1 0 0 1 0 1 0 0 0 0 0 1 0 0 0 0
310	3	1 1 0 0 0 0 0 0 0 0 0 1 0 0 0 0
310	5	1 1 0 1 0 0 0 0 0 1 0 1 0 0 0 0
310	12	0 1 0 1 0 0 0 0 0 0 0 1 0 0 0 0
310	14	1 1 1 1 0 1 0 0 0 0 0 1 0 0 0 0
310	13	1 1 0 1 0 0 0 0 0 0 1 1 1 0 0 0
310	9	1 1 1 1 1 1 0 0 0 0 1 1 1 0 0 0
310	2	1 1 0 0 0 1 1 0 0 0 0 1 0 0 0 0
310	103	1 1 1 1 1 1 1 0 0 0 0 1 0 0 0 0
310	22	1 1 1 0 0 1 0 0 0 0 1 1 1 0 0 0
310	3	1 1 1 1 1 1 1 0 0 0 0 1 1 0 0 0
310	25	0 0 1 1 0 1 0 0 1 1 0 1 0 0 1 0
310	2	1 1 0 0 0 1 0 1 0 0 0 1 0 0 0 0
310	5	1 1 0 1 0 1 1 0 1 0 1 1 0 0 0 0
310	8	1 1 0 0 0 1 0 0 1 0 0 0 1 0 0 0
310	8	1 0 1 1 1 1 1 0 0 0 1 1 0 0 0 0
310	12	1 1 1 1 0 0 0 0 0 0 1 1 0 0 0 0
310	44	1 1 1 1 0 1 0 0 1 0 1 1 0 0 0 0
310	1	1 1 0 1 0 1 1 0 1 0 0 0 1 0 0 0
310	14	1 1 0 1 0 1 0 0 0 0 1 1 0 0 1 0
310	20	1 1 1 1 1 1 0 0 0 0 1 1 0 1 0 0
310	3	0 0 0 1 0 1 0 0 0 0 1 1 0 0 0 0
310	28	1 0 1 1 0 1 0 0 0 0 1 1 0 0 0 0
310	9	1 1 0 1 0 1 0 0 0 0 1 0 1 0 0 0
310	3	1 1 1 1 0 1 0 0 0 0 1 0 0 0 0 0
310	10	1 1 1 0 0 1 0 0 1 1 1 1 0 0 0 0
310	7	1 1 0 1 0 1 0 0 0 0 1 1 0 1 0 0
310	6	1 1 1 1 0 0 0 0 1 1 1 1 0 0 0 0
310	2	1 1 1 1 1 1 1 0 0 0 1 0 0 0 0 0
310	1	1 1 0 1 0 0 0 0 0 0 0 1 0 0 0 0
310	10	0 1 1 1 1 1 0 0 0 0 0 0 0 0 0 0
310	10	1 1 1 1 1 1 1 0 1 0 1 1 0 0 1 0
310	5	1 0 1 1 1 1 1 0 0 0 0 1 0 0 0 0
310	5	1 1 1 1 0 0 0 0 0 0 1 0 0 0 1 0
310	5	1 1 0 0 1 1 0 1 0 0 0 1 0 0 0 0
310	8	1 1 1 1 1 1 0 0 0 0 0 1 0 1 0 0
310	2	1 1 1 1 1 1 1 0 0 0 1 1 0 0 1 0
310	5	0 1 1 1 0 1 1 0 0 1 1 1 0 1 0 0
310	6	1 1 0 1 1 1 1 0 0 0 0 1 0 0 0 0
310	7	1 1 0 1 0 1 0 1 0 0 1 1 0 0 0 0
310	4	1 1 1 1 1 0 0 0 0 0 1 0 0 0 0 0
310	7	1 1 1 1 1 1 1 1 0 0 0 1 0 0 0 0
310	1	1 1 0 1 0 1 0 0 0 0 1 1 1 0 0 0
310	9	1 1 1 1 1 1 0 0 0 0 1 0 0 0 0 0
310	5	0 0 1 1 0 1 0 0 1 0 1 1 0 0 0 0
310	2	1 0 1 1 0 0 0 0 0 0 1 1 0 0 1 0
310	3	0 1 1 1 0 1 0 0 1 1 0 1 0 0 0 1
310	2	1 1 1 1 1 1 0 0 0 0 0 1 0 0 0 0
310	1	0 1 1 1 0 1 0 0 0 0 1 0 0 0 0 0
310	1	1 1 1 1 0 0 0 1 0 0 1 0 0 0 0 0
310	6	1 1 1 1 1 1 1 0 0 0 0 0 0 0 0 0
310	14	1 1 1 1 0 1 0 1 0 0 0 1 0 0 0 0
310	3	0 1 1 0 0 1 0 0 0 0 1 1 1 0 0 0
310	3	1 1 1 1 1 1 0 0 0 0 1 1 0 0 0 1
310	3	0 1 0 1 0 1 0 0 1 1 0 1 0 0 0 0
310	4	0 1 1 1 1 1 0 0 0 0 1 1 1 0 0 0
310	7	1 0 1 1 0 1 0 0 0 0 1 0 0 0 0 0
310	6	1 1 1 0 0 1 0 0 0 0 0 1 0 0 0 0
310	1	0 0 1 1 0 1 0 0 1 0 1 1 0 0 1 0
310	1	1 0 1 1 0 0 0 0 1 0 1 1 0 0 0 0
310	1	0 1 0 0 0 1 0 1 0 0 0 1 0 0 0 0
310	3	1 0 1 1 0 1 0 0 0 0 0 1 0 1 0 0
310	1	1 1 1 1 1 1 1 0 0 1 1 1 0 0 0 0
310	3	1 1 1 1 1 0 0 0 0 0 1 1 0 0 0 0
310	1	1 0 1 1 0 1 0 0 0 1 1 1 0 0 0 0
310	4	0 0 1 1 1 1 0 0 0 0 0 0 0 0 0 0
310	1	0 1 0 1 0 0 0 0 0 0 1 1 0 0 0 0
310	3	1 1 1 1 1 1 1 0 0 1 0 1 0 0 0 0
310	3	0 0 0 1 0 1 0 0 0 1 1 1 0 0 0 0
310	3	0 1 1 1 0 0 0 0 0 0 1 0 0 0 0 0
310	1	1 1 1 1 0 1 0 0 0 0 0 1 0 0 0 1
310	1	1 1 0 1 0 1 0 1 0 0 0 1 0 0 0 0
310	1	1 1 1 1 0 1 1 0 1 0 1 1 0 0 0 0
310	1	1 1 0 1 1 1 0 0 0 0 1 1 0 1 0 0
310	1	1 1 0 0 1 1 0 1 1 0 0 1 0 0 0 0
310	3	0 1 0 1 0 1 0 0 0 0 1 0 1 0 0 0
310	2	1 0 0 1 0 1 0 0 0 0 0 1 0 0 1 0
310	2	1 1 1 1 0 1 0 0 0 0 1 1 1 0 0 0
310	3	1 1 1 1 0 1 0 0 1 0 1 1 1 0 0 0
310	1	1 0 0 1 0 1 0 0 1 0 0 1 0 0 0 0
310	3	0 1 0 1 0 0 0 0 0 0 0 1 0 0 0 1
310	1	0 0 1 1 0 1 0 0 0 0 1 1 0 0 0 0
310	3	1 0 1 1 0 0 0 0 1 0 1 1 0 0 1 0
310	2	1 1 1 1 0 1 1 0 0 0 1 0 0 0 0 0
310	3	1 1 0 1 0 1 0 1 0 0 0 1 0 0 0 1
320	6	1 0 0 1 0 1 0 0 0 0 1 1 0 0 0 0
320	21	0 1 1 1 0 1 0 0 0 0 1 1 0 0 0 0
320	39	1 1 1 1 0 1 0 0 0 0 1 1 0 0 0 0
320	22	1 1 0 1 0 1 0 0 0 0 1 1 0 0 0 0
320	2	0 0 1 1 0 1 0 0 0 1 1 1 0 0 0 0
320	1	1 1 1 1 0 1 0 0 0 0 1 1 0 0 1 0
320	19	1 1 1 1 1 1 1 0 0 0 1 1 0 0 0 0
320	77	1 1 1 1 1 1 0 0 0 0 1 1 0 0 0 0
320	16	1 1 1 1 0 1 0 0 0 1 1 1 0 0 0 0
320	24	1 1 0 0 0 1 0 0 0 0 0 1 0 0 0 0
320	3	1 1 0 1 0 1 0 0 1 0 0 1 0 0 0 0
320	14	1 1 0 1 0 1 0 0 0 1 1 1 0 0 0 0
320	59	1 0 1 1 0 0 0 0 0 0 1 1 0 0 0 0
320	12	1 1 1 1 0 1 0 0 1 1 1 1 0 0 0 0
320	18	0 1 1 1 0 1 0 0 1 1 0 1 0 0 0 0
320	56	1 1 1 1 0 0 0 0 0 0 1 0 0 0 0 0
320	6	1 0 0 1 0 1 0 0 0 0 0 1 0 0 0 0
320	4	0 1 0 1 0 0 0 0 0 0 0 1 0 0 0 0
320	10	1 1 1 1 0 1 0 0 0 0 0 1 0 0 0 0
320	1	1 1 0 1 0 0 0 0 0 0 1 1 1 0 0 0
320	132	1 1 1 1 1 1 1 0 0 0 0 1 0 0 0 0
320	7	1 1 1 0 0 1 0 0 0 0 1 1 1 0 0 0
320	7	0 0 1 1 0 1 0 0 1 1 0 1 0 0 1 0
320	14	1 1 0 0 0 1 0 0 1 0 0 0 1 0 0 0
320	6	1 1 1 1 0 0 0 0 0 0 1 1 0 0 0 0
320	60	1 1 1 1 0 1 0 0 1 0 1 1 0 0 0 0
320	4	1 1 0 1 0 1 0 0 0 0 1 1 0 0 1 0
320	18	1 1 1 1 1 1 0 0 0 0 1 1 0 1 0 0
320	22	1 0 1 1 0 1 0 0 0 0 1 1 0 0 0 0
320	5	1 1 0 1 0 1 0 0 0 0 1 0 1 0 0 0
320	9	1 1 0 1 0 1 0 0 0 0 1 1 0 1 0 0
320	20	1 1 1 1 0 0 0 0 1 1 1 1 0 0 0 0
320	10	0 1 1 1 1 1 0 0 0 0 0 0 0 0 0 0
320	17	1 1 1 1 1 1 1 0 1 0 1 1 0 0 1 0
320	5	1 0 1 1 1 1 1 0 0 0 0 1 0 0 0 0
320	10	1 1 1 1 0 0 0 0 0 0 1 0 0 0 1 0
320	1	1 1 1 1 1 1 1 0 0 0 1 1 0 0 1 0
320	2	0 1 1 1 0 1 1 0 0 1 1 1 0 1 0 0
320	29	1 1 0 1 1 1 1 0 0 0 0 1 0 0 0 0
320	7	1 1 0 1 0 1 0 1 0 0 1 1 0 0 0 0
320	4	1 1 1 1 1 1 1 1 0 0 0 1 0 0 0 0
320	25	1 1 1 1 1 1 0 0 0 0 1 0 0 0 0 0
320	7	0 0 1 1 0 1 0 0 1 0 1 1 0 0 0 0
320	4	1 1 1 1 0 1 0 1 0 0 0 1 0 0 0 0
320	3	1 0 1 1 0 0 0 0 1 0 1 1 0 0 0 0
320	11	1 1 1 1 1 1 1 0 0 1 0 1 0 0 0 0
320	1	0 1 1 1 0 0 0 0 0 0 1 0 0 0 0 0
320	2	1 0 0 1 0 1 0 0 0 0 0 1 0 0 1 0
320	6	1 1 1 1 0 1 0 0 1 0 1 1 1 0 0 0
320	1	0 1 0 1 0 0 0 0 0 0 0 1 0 0 0 1
320	3	0 0 1 1 0 1 0 0 0 0 1 1 0 0 0 0
320	2	1 0 1 1 0 0 0 0 1 0 1 1 0 0 1 0
320	3	1 0 1 1 1 1 0 0 0 0 0 0 0 0 0 0
320	2	1 1 1 1 1 1 0 0 0 0 1 1 0 0 1 0
320	1	1 0 1 1 0 1 0 0 0 0 0 1 0 0 0 0
320	4	1 1 1 0 0 0 0 0 1 1 1 1 0 0 0 0
320	4	1 1 1 1 0 1 0 1 0 0 1 1 0 0 0 0
320	6	1 1 1 1 0 0 0 0 0 1 1 1 0 0 0 0
320	10	1 0 0 1 0 1 0 0 1 0 1 1 0 0 0 0
320	9	0 1 1 1 0 1 0 0 1 1 1 1 0 0 0 0
320	2	1 1 1 1 1 1 1 0 0 0 1 1 0 1 0 0
320	5	1 1 1 1 1 1 0 0 1 0 1 1 1 0 0 0
320	2	1 1 1 0 0 0 0 0 1 1 1 1 0 1 0 0
320	1	1 0 1 1 0 1 0 0 1 0 0 1 0 0 0 1
320	1	1 1 0 1 0 1 0 0 0 0 0 1 0 0 0 0
320	2	1 1 1 0 0 1 0 0 0 0 1 1 0 0 0 0
320	1	0 1 0 1 0 1 0 0 0 0 1 1 0 0 1 0
320	1	1 1 1 1 1 1 1 0 1 0 1 1 0 0 1 1
320	1	1 0 1 1 1 1 0 0 0 0 1 1 0 0 0 0
320	2	1 1 1 0 0 1 0 0 0 0 1 0 0 0 0 0
320	4	1 1 1 1 1 1 0 0 0 0 1 1 0 0 0 1
320	3	1 1 1 1 0 1 0 0 1 1 1 0 0 0 0 0
320	2	1 1 1 1 1 1 1 0 0 0 0 1 1 0 0 0
320	5	1 1 1 0 0 1 0 1 0 0 1 1 1 0 0 0
320	4	1 1 1 1 0 1 0 0 1 1 0 1 0 0 0 0
320	7	1 1 1 1 1 1 1 0 0 1 1 1 0 0 0 0
320	1	0 1 1 1 1 1 0 0 0 1 1 1 0 0 0 0
320	2	1 1 1 1 1 1 1 0 1 0 1 1 0 0 0 0
320	2	0 1 1 1 1 1 1 0 0 0 0 1 0 0 0 0
320	4	1 1 1 0 1 1 1 0 0 0 0 1 0 0 0 0
320	5	1 0 1 1 0 1 0 0 1 0 1 1 0 0 0 0
320	2	1 0 1 1 0 0 0 0 0 0 1 1 0 0 1 0
320	4	1 1 1 1 0 1 1 0 0 0 0 1 0 0 0 0
320	2	1 1 0 1 0 1 0 0 0 0 1 1 0 1 1 0
320	2	1 1 1 1 0 1 0 0 0 0 0 0 0 0 0 0
320	1	1 0 0 1 0 1 0 0 0 0 1 1 0 0 1 0
320	2	1 1 1 1 1 1 1 0 0 0 1 1 0 0 0 1
320	3	1 1 1 1 0 0 0 0 0 0 0 1 0 0 0 0
320	6	1 1 0 1 0 1 0 0 1 0 1 0 1 0 0 0
320	2	1 1 1 1 1 1 0 0 0 0 1 0 0 0 1 0
320	1	1 0 1 1 0 1 0 0 1 0 1 1 0 0 0 1
320	2	1 1 1 1 1 1 1 0 1 1 1 1 0 0 0 0
320	2	1 1 1 1 0 1 0 1 0 0 1 1 0 0 0 1
320	2	1 0 0 1 1 1 1 0 0 0 0 1 0 0 0 0
320	1	1 1 1 1 0 1 0 0 0 0 1 1 1 0 0 0
320	1	1 1 1 1 1 1 0 0 0 1 1 1 0 0 0 0
320	1	1 1 1 1 0 0 0 0 1 0 1 0 0 0 0 0
320	2	1 1 0 0 0 1 0 0 1 0 0 0 0 0 0 0
320	3	1 1 1 0 0 1 0 0 0 0 1 1 0 0 0 1
320	1	0 1 0 1 0 1 0 1 0 0 1 1 0 0 1 0
330	7	1 0 0 1 0 1 0 0 0 0 1 1 0 0 0 0
330	28	0 1 1 1 0 1 0 0 0 0 1 1 0 0 0 0
330	26	1 1 1 1 0 1 0 0 0 0 1 1 0 0 0 0
330	17	1 1 1 1 1 1 1 0 0 0 1 1 0 0 0 0
330	54	1 1 1 1 1 1 0 0 0 0 1 1 0 0 0 0
330	13	1 1 1 1 0 1 0 0 0 1 1 1 0 0 0 0
330	15	1 1 0 0 0 1 0 0 0 0 0 1 0 0 0 0
330	19	1 1 0 1 0 1 0 0 0 1 1 1 0 0 0 0
330	41	1 0 1 1 0 0 0 0 0 0 1 1 0 0 0 0
330	29	1 1 1 1 0 1 0 0 1 1 1 1 0 0 0 0
330	10	0 1 1 1 0 1 0 0 1 1 0 1 0 0 0 0
330	18	1 1 1 1 0 0 0 0 0 0 1 0 0 0 0 0
330	1	1 0 0 1 0 1 0 0 0 0 0 1 0 0 0 0
330	23	1 1 1 1 0 1 0 0 0 0 0 1 0 0 0 0
330	152	1 1 1 1 1 1 1 0 0 0 0 1 0 0 0 0
330	16	1 1 1 0 0 1 0 0 0 0 1 1 1 0 0 0
330	32	1 1 0 0 0 1 0 0 1 0 0 0 1 0 0 0
330	17	1 1 1 1 0 0 0 0 0 0 1 1 0 0 0 0
330	49	1 1 1 1 0 1 0 0 1 0 1 1 0 0 0 0
330	13	1 1 1 1 1 1 0 0 0 0 1 1 0 1 0 0
330	40	1 0 1 1 0 1 0 0 0 0 1 1 0 0 0 0
330	2	1 1 1 1 0 0 0 0 1 1 1 1 0 0 0 0
330	4	0 1 1 1 1 1 0 0 0 0 0 0 0 0 0 0
330	5	1 1 1 1 1 1 1 0 1 0 1 1 0 0 1 0
330	26	1 1 0 1 1 1 1 0 0 0 0 1 0 0 0 0
330	29	1 1 1 1 1 1 0 0 0 0 1 0 0 0 0 0
330	4	1 1 1 1 1 1 1 0 0 1 0 1 0 0 0 0
330	3	0 1 0 1 0 0 0 0 0 0 0 1 0 0 0 1
330	1	1 0 1 1 0 1 0 0 0 0 0 1 0 0 0 0
330	1	1 1 1 1 0 1 0 1 0 0 1 1 0 0 0 0
330	21	1 0 0 1 0 1 0 0 1 0 1 1 0 0 0 0
330	18	0 1 1 1 0 1 0 0 1 1 1 1 0 0 0 0
330	14	1 1 1 1 1 1 1 0 0 0 1 1 0 1 0 0
330	4	1 1 1 1 1 1 0 0 1 0 1 1 1 0 0 0
330	1	1 1 1 0 0 0 0 0 1 1 1 1 0 1 0 0
330	6	1 1 1 0 0 1 0 0 0 0 1 1 0 0 0 0
330	9	1 1 1 1 0 1 0 0 1 1 0 1 0 0 0 0
330	5	1 1 1 1 1 1 1 0 0 1 1 1 0 0 0 0
330	5	1 0 1 1 0 1 0 0 1 0 1 1 0 0 0 0
330	2	1 0 1 1 0 0 0 0 0 0 1 1 0 0 1 0
330	22	1 1 1 1 0 1 1 0 0 0 0 1 0 0 0 0
330	6	1 1 1 1 1 1 1 0 0 0 1 1 0 0 0 1
330	13	1 1 0 1 0 1 0 0 1 0 1 0 1 0 0 0
330	15	1 1 1 1 1 1 1 0 1 1 1 1 0 0 0 0
330	8	1 1 1 1 1 1 0 0 0 0 0 1 0 0 0 0
330	11	1 0 1 1 0 0 0 0 0 0 0 1 0 0 0 0
330	6	1 1 1 1 1 1 1 0 0 0 0 1 0 0 1 0
330	8	1 0 0 1 0 1 0 1 0 0 1 1 1 0 0 0
330	2	1 1 1 0 0 1 0 0 0 0 0 1 1 0 0 0
330	8	1 1 1 1 0 1 0 0 1 0 1 0 0 0 0 0
330	3	1 1 0 0 0 1 0 0 0 0 0 1 0 0 0 1
330	1	1 0 0 1 0 0 0 0 0 0 1 1 0 0 0 0
330	3	1 1 1 1 1 1 1 0 0 1 1 1 0 0 0 1
330	3	1 0 1 1 0 0 1 0 0 0 1 1 0 0 1 0
330	6	1 1 1 1 0 1 1 0 1 0 1 1 0 0 1 0
330	11	1 1 1 1 1 0 0 0 0 0 1 0 0 0 0 0
330	7	1 1 1 1 0 0 0 1 0 0 1 1 0 0 0 0
330	1	1 0 0 1 1 1 1 0 0 0 0 1 0 0 0 1
330	1	1 1 1 1 0 0 0 0 1 1 1 0 0 0 0 0
330	4	1 1 1 0 0 0 0 0 1 1 1 0 0 1 0 0
330	5	1 1 0 1 0 1 0 0 1 0 1 0 0 1 0 0
330	4	1 1 1 1 1 1 1 0 1 0 1 1 0 0 0 0
330	3	1 1 0 1 1 1 0 0 0 0 1 1 0 1 0 0
330	7	1 0 1 1 0 1 1 0 0 0 0 1 0 0 0 0
330	6	0 1 1 1 0 1 0 0 0 0 1 1 0 1 0 0
330	9	1 0 1 1 0 0 0 0 0 0 1 0 0 0 0 0
330	3	1 1 1 1 1 1 1 0 0 0 0 1 1 0 0 0
330	1	1 1 1 1 1 1 1 0 0 1 1 0 0 0 0 0
330	1	1 0 1 1 0 0 0 1 0 1 1 1 0 0 0 0
330	11	1 1 1 1 0 0 0 0 0 0 1 0 0 1 0 0
330	2	1 1 1 0 0 0 0 0 0 0 1 1 1 0 0 0
330	2	1 1 1 1 1 0 1 0 1 0 1 1 0 0 1 0
330	2	1 1 0 1 0 1 0 0 0 1 0 1 0 1 0 0
330	1	1 1 1 1 1 0 0 0 0 0 1 1 0 0 0 0
330	3	1 0 1 1 0 0 0 0 0 0 1 0 0 1 0 0
330	2	0 1 1 1 0 1 0 0 0 0 1 0 0 0 0 0
330	3	1 0 1 1 0 1 1 0 0 0 1 1 0 0 0 0
330	1	0 1 1 1 0 1 0 0 0 0 1 1 0 0 0 1
330	1	1 1 0 1 0 1 0 0 1 1 0 1 0 0 0 0
330	2	1 1 1 1 0 1 0 0 0 1 1 1 0 0 1 0
330	2	1 1 1 1 0 0 0 0 1 0 1 0 0 0 0 0
330	1	1 1 1 1 0 1 0 0 1 0 1 1 0 0 1 0
330	2	1 0 0 1 0 1 0 1 0 1 1 1 1 0 0 0
330	1	1 0 1 1 1 1 1 0 0 0 1 1 0 0 0 0
330	2	1 1 1 1 0 1 0 0 0 1 0 1 0 0 0 0
330	2	1 1 1 0 0 1 0 0 1 0 1 1 0 0 0 0
330	2	1 1 1 1 0 1 1 0 0 0 0 1 0 0 1 0
340	9	1 0 0 1 0 1 0 0 0 0 1 1 0 0 0 0
340	6	0 1 1 1 0 1 0 0 0 0 1 1 0 0 0 0
340	14	1 1 1 1 0 1 0 0 0 0 1 1 0 0 0 0
340	29	1 1 1 1 1 1 1 0 0 0 1 1 0 0 0 0
340	73	1 1 1 1 1 1 0 0 0 0 1 1 0 0 0 0
340	20	1 1 1 1 0 1 0 0 0 1 1 1 0 0 0 0
340	4	1 1 0 0 0 1 0 0 0 0 0 1 0 0 0 0
340	29	1 1 0 1 0 1 0 0 0 1 1 1 0 0 0 0
340	9	1 0 1 1 0 0 0 0 0 0 1 1 0 0 0 0
340	11	1 1 1 1 0 1 0 0 1 1 1 1 0 0 0 0
340	12	0 1 1 1 0 1 0 0 1 1 0 1 0 0 0 0
340	5	1 1 1 1 0 0 0 0 0 0 1 0 0 0 0 0
340	5	1 1 1 1 0 1 0 0 0 0 0 1 0 0 0 0
340	210	1 1 1 1 1 1 1 0 0 0 0 1 0 0 0 0
340	5	1 1 1 0 0 1 0 0 0 0 1 1 1 0 0 0
340	1	1 1 0 0 0 1 0 0 1 0 0 0 1 0 0 0
340	64	1 1 1 1 0 0 0 0 0 0 1 1 0 0 0 0
340	39	1 1 1 1 0 1 0 0 1 0 1 1 0 0 0 0
340	9	1 1 1 1 1 1 0 0 0 0 1 1 0 1 0 0
340	14	1 0 1 1 0 1 0 0 0 0 1 1 0 0 0 0
340	6	1 1 1 1 0 0 0 0 1 1 1 1 0 0 0 0
340	14	0 1 1 1 1 1 0 0 0 0 0 0 0 0 0 0
340	12	1 1 1 1 1 1 1 0 1 0 1 1 0 0 1 0
340	33	1 1 0 1 1 1 1 0 0 0 0 1 0 0 0 0
340	29	1 1 1 1 1 1 0 0 0 0 1 0 0 0 0 0
340	7	1 0 0 1 0 1 0 0 1 0 1 1 0 0 0 0
340	15	1 1 1 1 1 1 1 0 0 0 1 1 0 1 0 0
340	1	1 1 1 1 1 1 0 0 1 0 1 1 1 0 0 0
340	2	1 1 1 0 0 1 0 0 0 0 1 1 0 0 0 0
340	3	1 1 1 1 1 1 1 0 0 1 1 1 0 0 0 0
340	2	1 0 1 1 0 1 0 0 1 0 1 1 0 0 0 0
340	7	1 0 1 1 0 0 0 0 0 0 1 1 0 0 1 0
340	45	1 1 1 1 0 1 1 0 0 0 0 1 0 0 0 0
340	3	1 1 0 1 0 1 0 0 1 0 1 0 1 0 0 0
340	17	1 1 1 1 1 1 1 0 1 1 1 1 0 0 0 0
340	27	1 1 1 1 1 1 0 0 0 0 0 1 0 0 0 0
340	9	1 0 1 1 0 0 0 0 0 0 0 1 0 0 0 0
340	15	1 1 1 1 1 1 1 0 0 0 0 1 0 0 1 0
340	4	1 0 0 1 0 1 0 1 0 0 1 1 1 0 0 0
340	2	1 1 1 1 0 1 0 0 1 0 1 0 0 0 0 0
340	2	1 1 1 1 1 1 1 0 0 1 1 1 0 0 0 1
340	2	1 0 1 1 0 0 1 0 0 0 1 1 0 0 1 0
340	18	1 1 1 1 0 1 1 0 1 0 1 1 0 0 1 0
340	26	1 1 1 1 1 0 0 0 0 0 1 0 0 0 0 0
340	11	1 1 0 1 0 1 0 0 1 0 1 0 0 1 0 0
340	3	1 0 1 1 0 1 1 0 0 0 0 1 0 0 0 0
340	2	0 1 1 1 0 1 0 0 0 0 1 1 0 1 0 0
340	1	1 0 1 1 0 0 0 0 0 0 1 0 0 0 0 0
340	8	1 1 1 1 1 1 1 0 0 0 0 1 1 0 0 0
340	8	1 1 1 1 0 0 0 0 0 0 1 0 0 1 0 0
340	2	1 1 1 1 0 0 0 0 1 0 1 0 0 0 0 0
340	3	1 1 1 1 0 1 1 0 0 0 0 1 0 0 1 0
340	2	1 0 1 1 1 1 0 0 0 0 1 0 0 0 0 0
340	9	1 0 1 1 1 1 1 0 0 0 0 1 0 0 0 0
340	3	1 1 1 1 0 1 0 0 1 1 1 1 0 0 0 1
340	5	1 1 1 1 0 1 0 0 0 0 0 1 0 0 0 1
340	5	1 1 1 0 1 1 1 0 0 1 0 1 0 0 0 0
340	4	1 1 0 1 0 1 0 0 0 0 0 1 0 0 0 0
340	7	1 1 1 1 1 1 1 0 0 0 0 1 0 1 0 0
340	2	1 0 1 1 0 1 0 0 0 0 1 0 0 0 0 0
340	7	1 1 1 1 0 0 0 0 0 0 1 1 0 0 1 0
340	1	1 1 1 1 1 1 0 1 0 0 1 0 0 0 0 0
340	1	0 1 0 1 0 1 0 0 1 0 1 0 1 0 0 0
340	1	1 1 1 1 1 0 0 0 0 0 1 1 0 0 0 0
340	1	0 1 1 1 1 1 0 0 1 0 0 0 0 0 0 0
340	1	1 1 1 0 1 1 0 0 0 0 1 0 0 0 0 0
340	1	1 1 1 0 0 1 0 0 0 0 0 1 0 0 0 0
340	2	0 1 1 1 0 0 0 0 1 0 1 0 0 0 0 0
340	2	1 0 0 1 1 1 0 0 0 0 1 1 0 0 0 0
340	3	1 1 1 1 1 1 1 0 1 0 0 1 0 0 0 0
340	4	1 0 1 1 0 0 0 0 0 0 1 1 1 0 0 0
340	3	1 1 1 0 1 1 1 0 0 0 0 1 0 0 0 0
340	3	1 1 0 0 0 1 0 0 1 0 0 0 0 0 0 0
340	2	1 1 1 1 0 1 1 1 1 0 1 1 0 0 1 0
340	3	1 1 0 1 0 0 0 0 0 0 1 1 0 0 0 0
340	3	1 1 0 1 1 1 1 0 0 0 0 1 0 0 0 1
340	1	1 1 1 0 0 1 0 1 0 0 1 1 0 0 0 0
340	4	1 1 1 1 0 0 1 0 0 0 0 1 0 0 0 0
340	2	1 1 1 1 1 1 0 0 0 0 0 0 0 0 0 0
340	1	1 0 0 1 0 1 1 0 0 0 0 1 0 0 1 0
340	1	1 0 1 1 0 1 0 0 0 0 0 1 0 0 0 0
340	2	1 0 0 1 0 1 0 1 0 0 0 1 0 0 0 0
340	1	0 1 1 1 1 1 0 0 0 0 1 1 0 0 0 0
340	1	1 1 1 0 0 1 0 0 0 1 1 1 0 0 0 0
340	2	0 1 1 1 0 1 0 1 1 1 0 1 0 0 0 0
340	1	1 1 1 1 0 0 0 0 0 0 1 1 1 0 0 0
340	1	0 1 1 1 0 1 1 0 0 0 0 1 0 0 0 0
340	1	1 1 1 0 1 0 1 0 0 0 0 1 0 0 0 0
350	17	1 0 0 1 0 1 0 0 0 0 1 1 0 0 0 0
350	10	1 1 1 1 0 1 0 0 0 0 1 1 0 0 0 0
350	16	1 1 1 1 1 1 1 0 0 0 1 1 0 0 0 0
350	16	1 1 1 1 1 1 0 0 0 0 1 1 0 0 0 0
350	22	1 1 1 1 0 1 0 0 0 1 1 1 0 0 0 0
350	36	1 1 0 1 0 1 0 0 0 1 1 1 0 0 0 0
350	20	1 0 1 1 0 0 0 0 0 0 1 1 0 0 0 0
350	28	1 1 1 1 0 1 0 0 1 1 1 1 0 0 0 0
350	6	1 1 1 1 0 0 0 0 0 0 1 0 0 0 0 0
350	5	1 1 1 1 0 1 0 0 0 0 0 1 0 0 0 0
350	143	1 1 1 1 1 1 1 0 0 0 0 1 0 0 0 0
350	7	1 1 1 0 0 1 0 0 0 0 1 1 1 0 0 0
350	62	1 1 1 1 0 0 0 0 0 0 1 1 0 0 0 0
350	12	1 1 1 1 0 1 0 0 1 0 1 1 0 0 0 0
350	3	1 1 1 1 1 1 0 0 0 0 1 1 0 1 0 0
350	5	1 1 1 1 0 0 0 0 1 1 1 1 0 0 0 0
350	16	0 1 1 1 1 1 0 0 0 0 0 0 0 0 0 0
350	3	1 1 1 1 1 1 1 0 1 0 1 1 0 0 1 0
350	7	1 1 0 1 1 1 1 0 0 0 0 1 0 0 0 0
350	39	1 1 1 1 1 1 0 0 0 0 1 0 0 0 0 0
350	37	1 1 1 1 1 1 1 0 0 0 1 1 0 1 0 0
350	1	1 0 1 1 0 0 0 0 0 0 1 1 0 0 1 0
350	100	1 1 1 1 0 1 1 0 0 0 0 1 0 0 0 0
350	11	1 1 1 1 1 1 1 0 1 1 1 1 0 0 0 0
350	58	1 1 1 1 1 1 0 0 0 0 0 1 0 0 0 0
350	13	1 0 1 1 0 0 0 0 0 0 0 1 0 0 0 0
350	14	1 1 1 1 1 1 1 0 0 0 0 1 0 0 1 0
350	3	1 0 0 1 0 1 0 1 0 0 1 1 1 0 0 0
350	4	1 0 1 1 0 0 1 0 0 0 1 1 0 0 1 0
350	14	1 1 1 1 0 1 1 0 1 0 1 1 0 0 1 0
350	10	1 1 1 1 1 0 0 0 0 0 1 0 0 0 0 0
350	6	1 1 0 1 0 1 0 0 1 0 1 0 0 1 0 0
350	8	1 0 1 1 0 1 1 0 0 0 0 1 0 0 0 0
350	4	1 1 1 1 1 1 1 0 0 0 0 1 1 0 0 0
350	5	1 1 1 1 0 0 0 0 1 0 1 0 0 0 0 0
350	3	1 0 1 1 1 1 1 0 0 0 0 1 0 0 0 0
350	1	1 1 1 1 0 1 0 0 1 1 1 1 0 0 0 1
350	7	1 1 1 0 1 1 1 0 0 1 0 1 0 0 0 0
350	9	1 1 0 1 0 1 0 0 0 0 0 1 0 0 0 0
350	4	1 1 1 1 1 1 1 0 0 0 0 1 0 1 0 0
350	19	1 1 1 1 0 0 0 0 0 0 1 1 0 0 1 0
350	3	0 1 1 1 0 0 0 0 1 0 1 0 0 0 0 0
350	4	1 0 1 1 0 0 0 0 0 0 1 1 1 0 0 0
350	3	1 1 1 0 1 1 1 0 0 0 0 1 0 0 0 0
350	9	1 1 0 0 0 1 0 0 1 0 0 0 0 0 0 0
350	13	1 1 0 1 1 1 1 0 0 0 0 1 0 0 0 1
350	1	1 1 1 1 0 0 0 0 0 0 0 1 0 0 0 0
350	11	1 0 0 1 0 1 0 0 0 1 1 1 0 0 0 0
350	1	1 1 1 1 0 0 0 0 1 0 1 1 0 0 0 0
350	1	1 1 1 1 1 1 0 0 1 0 1 1 0 0 1 0
350	1	1 1 0 1 0 1 0 0 0 0 1 1 0 0 0 0
350	2	1 1 1 1 1 0 1 0 0 0 0 1 0 0 0 0
350	4	1 1 1 1 0 0 0 0 0 1 1 1 0 0 0 0
350	3	1 1 0 1 1 1 0 0 1 0 1 0 0 1 0 0
350	3	1 0 0 1 1 1 1 0 0 0 0 1 0 0 0 0
350	4	1 1 1 1 1 1 1 0 0 0 1 1 0 0 0 1
350	8	1 1 1 0 1 1 0 0 0 0 0 0 0 0 0 0
350	1	1 1 1 1 1 1 1 0 0 1 0 1 0 0 0 0
350	7	1 1 1 1 0 1 1 0 0 0 0 1 0 0 0 1
350	5	1 1 1 1 1 1 0 1 0 0 0 1 0 0 0 0
350	6	1 1 1 1 1 1 1 1 0 0 0 1 0 0 1 0
350	10	1 1 1 1 1 0 0 0 0 0 1 0 0 0 1 0
350	5	0 1 1 1 1 0 0 0 0 0 1 0 0 0 0 0
350	4	1 1 1 1 1 0 0 0 0 1 1 0 0 0 0 0
350	4	1 1 1 1 1 1 0 0 1 0 1 0 0 1 0 0
350	8	1 1 1 1 0 1 1 0 0 1 1 1 0 0 0 0
350	3	1 1 1 1 1 1 0 0 0 1 1 1 0 0 0 0
350	1	1 1 1 1 1 1 0 0 1 0 1 1 0 0 0 0
350	6	0 1 1 1 0 0 0 0 0 0 1 1 0 0 0 0
350	1	1 1 1 0 1 1 1 0 1 1 0 1 0 0 0 0
350	1	1 0 0 0 0 1 0 0 1 0 0 0 0 0 0 0
350	2	1 1 1 1 0 1 0 0 0 0 1 1 0 1 0 0
350	1	1 1 0 1 0 1 0 0 1 0 1 1 0 0 0 0
350	5	1 1 1 1 1 1 1 0 1 0 0 1 0 0 0 0
350	4	1 1 1 1 0 0 0 0 0 0 1 1 0 0 0 1
350	3	1 1 1 1 0 1 1 0 1 0 0 1 0 0 0 0
350	10	1 1 0 1 0 1 0 0 0 0 1 0 0 1 0 0
350	4	1 1 0 1 0 1 0 0 1 1 1 1 0 0 0 0
350	6	1 1 1 1 0 1 1 0 0 0 0 0 0 0 0 0
350	2	1 0 1 1 1 1 0 0 0 0 0 1 0 0 0 0
350	2	1 0 1 1 1 1 1 0 0 1 0 1 0 0 0 0
350	1	1 0 1 1 1 1 0 0 0 0 1 1 0 0 0 0
350	1	1 1 1 1 0 0 0 0 0 0 1 1 0 1 0 0
350	2	1 1 1 1 1 1 0 0 0 0 0 1 0 1 0 0
350	1	1 1 1 1 1 0 0 0 0 0 1 1 0 0 1 0
350	1	1 1 0 1 0 1 0 0 0 0 1 0 0 0 0 1
350	4	1 1 1 1 1 1 1 0 0 0 0 1 0 0 0 1
350	1	1 1 1 1 1 1 0 0 0 0 1 1 1 0 0 0
350	2	1 0 0 1 0 1 0 0 0 0 0 1 0 0 0 0
350	2	1 1 1 1 1 1 1 0 0 0 1 0 0 0 0 0
350	1	1 1 1 1 1 1 1 1 0 0 0 1 0 0 0 0
350	2	1 1 1 1 0 0 1 0 0 0 0 1 0 0 0 0
350	1	1 1 1 1 0 1 0 0 0 0 1 1 0 0 1 0
350	1	1 1 0 1 1 0 0 0 1 0 1 0 0 1 0 0
350	1	1 1 1 1 0 1 1 0 0 1 1 1 0 1 0 0
350	3	1 1 0 1 0 1 0 0 0 0 0 0 0 1 0 0
360	14	1 0 0 1 0 1 0 0 0 0 1 1 0 0 0 0
360	18	1 1 1 1 0 1 0 0 0 0 1 1 0 0 0 0
360	7	1 1 1 1 1 1 1 0 0 0 1 1 0 0 0 0
360	26	1 1 1 1 1 1 0 0 0 0 1 1 0 0 0 0
360	11	1 1 1 1 0 1 0 0 0 1 1 1 0 0 0 0
360	22	1 1 0 1 0 1 0 0 0 1 1 1 0 0 0 0
360	8	1 0 1 1 0 0 0 0 0 0 1 1 0 0 0 0
360	45	1 1 1 1 0 1 0 0 1 1 1 1 0 0 0 0
360	1	1 1 1 1 0 0 0 0 0 0 1 0 0 0 0 0
360	9	1 1 1 1 0 1 0 0 0 0 0 1 0 0 0 0
360	138	1 1 1 1 1 1 1 0 0 0 0 1 0 0 0 0
360	74	1 1 1 1 0 0 0 0 0 0 1 1 0 0 0 0
360	12	1 1 1 1 0 1 0 0 1 0 1 1 0 0 0 0
360	3	1 1 1 1 1 1 0 0 0 0 1 1 0 1 0 0
360	15	1 1 1 1 0 0 0 0 1 1 1 1 0 0 0 0
360	10	0 1 1 1 1 1 0 0 0 0 0 0 0 0 0 0
360	1	1 1 1 1 1 1 1 0 1 0 1 1 0 0 1 0
360	4	1 1 0 1 1 1 1 0 0 0 0 1 0 0 0 0
360	26	1 1 1 1 1 1 0 0 0 0 1 0 0 0 0 0
360	41	1 1 1 1 1 1 1 0 0 0 1 1 0 1 0 0
360	95	1 1 1 1 0 1 1 0 0 0 0 1 0 0 0 0
360	21	1 1 1 1 1 1 1 0 1 1 1 1 0 0 0 0
360	41	1 1 1 1 1 1 0 0 0 0 0 1 0 0 0 0
360	6	1 0 1 1 0 0 0 0 0 0 0 1 0 0 0 0
360	5	1 1 1 1 1 1 1 0 0 0 0 1 0 0 1 0
360	8	1 1 1 1 0 1 1 0 1 0 1 1 0 0 1 0
360	1	1 1 1 1 1 0 0 0 0 0 1 0 0 0 0 0
360	12	1 0 1 1 0 1 1 0 0 0 0 1 0 0 0 0
360	4	1 1 1 1 0 0 0 0 1 0 1 0 0 0 0 0
360	5	1 1 1 1 0 1 0 0 1 1 1 1 0 0 0 1
360	9	1 1 1 0 1 1 1 0 0 1 0 1 0 0 0 0
360	29	1 1 0 1 0 1 0 0 0 0 0 1 0 0 0 0
360	3	1 1 1 1 0 0 0 0 0 0 1 1 0 0 1 0
360	1	0 1 1 1 0 0 0 0 1 0 1 0 0 0 0 0
360	2	1 0 1 1 0 0 0 0 0 0 1 1 1 0 0 0
360	5	1 1 0 0 0 1 0 0 1 0 0 0 0 0 0 0
360	4	1 1 0 1 1 1 1 0 0 0 0 1 0 0 0 1
360	3	1 1 1 1 0 0 0 0 0 0 0 1 0 0 0 0
360	1	1 0 0 1 0 1 0 0 0 1 1 1 0 0 0 0
360	5	1 1 0 1 0 1 0 0 0 0 1 1 0 0 0 0
360	4	1 1 1 1 1 0 1 0 0 0 0 1 0 0 0 0
360	2	1 1 0 1 1 1 0 0 1 0 1 0 0 1 0 0
360	2	1 0 0 1 1 1 1 0 0 0 0 1 0 0 0 0
360	18	1 1 1 0 1 1 0 0 0 0 0 0 0 0 0 0
360	9	1 1 1 1 1 1 0 1 0 0 0 1 0 0 0 0
360	10	1 1 1 1 1 0 0 0 0 0 1 0 0 0 1 0
360	2	0 1 1 1 1 0 0 0 0 0 1 0 0 0 0 0
360	19	1 1 1 1 1 0 0 0 0 1 1 0 0 0 0 0
360	1	1 1 1 1 1 1 0 0 1 0 1 0 0 1 0 0
360	11	1 1 1 1 0 1 1 0 0 1 1 1 0 0 0 0
360	4	0 1 1 1 0 0 0 0 0 0 1 1 0 0 0 0
360	14	1 1 1 1 1 1 1 0 1 0 0 1 0 0 0 0
360	5	1 1 1 1 0 0 0 0 0 0 1 1 0 0 0 1
360	1	1 1 1 1 0 1 1 0 1 0 0 1 0 0 0 0
360	5	1 1 1 1 0 1 1 0 0 0 0 0 0 0 0 0
360	14	1 1 1 1 1 1 1 0 0 0 0 1 0 0 0 1
360	10	1 1 1 1 1 1 1 0 0 0 1 0 0 0 0 0
360	5	1 1 1 1 0 1 0 0 0 0 1 1 0 0 1 0
360	2	1 1 1 1 0 1 0 0 0 0 1 1 1 0 0 0
360	10	1 1 1 1 1 1 1 0 1 0 1 1 0 1 0 0
360	2	1 1 1 1 0 1 0 0 0 1 0 1 0 0 0 0
360	12	0 1 1 1 1 1 1 0 0 0 0 1 0 0 0 0
360	2	1 1 1 1 1 1 0 0 0 1 1 0 0 0 0 0
360	1	1 1 0 1 1 1 1 0 0 1 0 1 0 0 0 1
360	2	1 1 1 1 1 0 1 0 0 0 1 1 0 0 0 0
360	4	1 1 1 1 0 0 1 0 0 0 0 1 0 0 0 0
360	7	1 1 0 1 1 1 0 0 0 0 1 1 0 0 0 0
360	5	1 1 1 1 1 1 0 1 0 0 0 1 0 0 1 0
360	2	1 1 1 1 0 1 1 0 0 0 0 1 1 0 0 0
360	4	1 1 0 1 0 1 0 0 0 0 0 0 0 0 0 0
360	2	1 1 1 1 1 1 1 0 0 0 1 1 0 0 1 0
360	5	1 1 1 0 0 1 1 0 0 0 0 1 0 0 0 0
360	9	1 1 1 0 1 1 0 0 0 0 0 0 1 0 0 0
360	7	1 1 1 1 1 0 1 0 1 0 0 1 0 0 0 0
360	4	1 1 1 1 0 1 0 0 0 0 0 0 0 0 0 0
360	3	1 1 1 1 0 1 1 0 0 0 0 0 0 1 0 0
360	1	1 1 1 0 1 1 0 0 0 1 1 1 0 0 0 0
360	2	0 1 1 1 0 1 1 0 1 1 1 1 0 0 0 0
360	2	1 1 1 1 0 1 0 0 1 1 1 1 0 1 0 0
360	6	1 1 1 1 0 1 1 0 0 0 1 1 0 0 0 0
360	2	1 1 1 1 1 1 0 0 0 1 1 1 0 0 0 0
360	2	1 1 1 1 0 1 0 0 1 1 0 1 0 0 0 0
360	1	1 1 1 1 1 1 1 0 0 1 0 1 0 0 0 0
360	4	1 1 1 1 0 1 1 0 0 1 1 1 0 0 0 1
360	2	1 1 1 1 1 1 0 0 0 0 0 0 0 0 0 0
360	1	1 0 1 1 1 1 0 0 0 0 1 1 0 0 0 0
360	1	1 1 1 1 0 1 0 0 0 1 1 0 0 0 0 0
360	3	1 1 1 1 1 1 1 0 0 0 1 1 0 1 1 0
360	3	1 0 1 1 1 1 0 0 0 0 0 1 0 0 0 0
360	1	1 1 1 1 1 0 0 0 0 1 1 0 1 0 0 0
360	3	1 1 1 1 0 1 0 0 0 0 0 1 0 0 1 0
360	1	1 1 1 1 0 1 0 0 0 0 0 0 0 0 0 1
360	1	1 1 1 1 0 1 0 0 1 1 0 0 0 0 0 0
370	5	1 0 0 1 0 1 0 0 0 0 1 1 0 0 0 0
370	20	1 1 1 1 0 1 0 0 0 0 1 1 0 0 0 0
370	4	1 1 1 1 1 1 1 0 0 0 1 1 0 0 0 0
370	8	1 1 1 1 1 1 0 0 0 0 1 1 0 0 0 0
370	12	1 1 1 1 0 1 0 0 0 1 1 1 0 0 0 0
370	7	1 1 0 1 0 1 0 0 0 1 1 1 0 0 0 0
370	23	1 0 1 1 0 0 0 0 0 0 1 1 0 0 0 0
370	41	1 1 1 1 0 1 0 0 1 1 1 1 0 0 0 0
370	4	1 1 1 1 0 0 0 0 0 0 1 0 0 0 0 0
370	3	1 1 1 1 0 1 0 0 0 0 0 1 0 0 0 0
370	119	1 1 1 1 1 1 1 0 0 0 0 1 0 0 0 0
370	88	1 1 1 1 0 0 0 0 0 0 1 1 0 0 0 0
370	23	1 1 1 1 0 1 0 0 1 0 1 1 0 0 0 0
370	15	1 1 1 1 0 0 0 0 1 1 1 1 0 0 0 0
370	12	0 1 1 1 1 1 0 0 0 0 0 0 0 0 0 0
370	1	1 1 1 1 1 1 1 0 1 0 1 1 0 0 1 0
370	30	1 1 1 1 1 1 0 0 0 0 1 0 0 0 0 0
370	5	1 1 1 1 1 1 1 0 0 0 1 1 0 1 0 0
370	76	1 1 1 1 0 1 1 0 0 0 0 1 0 0 0 0
370	9	1 1 1 1 1 1 1 0 1 1 1 1 0 0 0 0
370	65	1 1 1 1 1 1 0 0 0 0 0 1 0 0 0 0
370	14	1 0 1 1 0 1 1 0 0 0 0 1 0 0 0 0
370	10	1 1 0 1 0 1 0 0 0 0 0 1 0 0 0 0
370	6	1 1 1 1 0 0 0 0 0 0 1 1 0 0 1 0
370	12	1 1 0 0 0 1 0 0 1 0 0 0 0 0 0 0
370	2	1 1 1 1 1 0 1 0 0 0 0 1 0 0 0 0
370	2	1 1 0 1 1 1 0 0 1 0 1 0 0 1 0 0
370	7	1 1 1 0 1 1 0 0 0 0 0 0 0 0 0 0
370	10	1 1 1 1 1 1 0 1 0 0 0 1 0 0 0 0
370	18	1 1 1 1 1 0 0 0 0 0 1 0 0 0 1 0
370	6	1 1 1 1 1 0 0 0 0 1 1 0 0 0 0 0
370	2	1 1 1 1 0 1 1 0 0 1 1 1 0 0 0 0
370	12	0 1 1 1 0 0 0 0 0 0 1 1 0 0 0 0
370	42	1 1 1 1 1 1 1 0 1 0 0 1 0 0 0 0
370	18	1 1 1 1 1 1 1 0 0 0 0 1 0 0 0 1
370	24	1 1 1 1 1 1 1 0 0 0 1 0 0 0 0 0
370	8	1 1 1 1 0 1 0 0 0 0 1 1 0 0 1 0
370	7	1 1 1 1 1 1 1 0 1 0 1 1 0 1 0 0
370	34	0 1 1 1 1 1 1 0 0 0 0 1 0 0 0 0
370	19	1 1 1 1 1 1 1 0 0 0 1 1 0 0 1 0
370	15	1 1 1 0 1 1 0 0 0 0 0 0 1 0 0 0
370	20	1 1 1 1 0 1 0 0 0 0 0 0 0 0 0 0
370	4	1 1 1 1 0 1 0 0 1 1 0 1 0 0 0 0
370	1	1 1 1 1 0 1 1 0 0 1 1 1 0 0 0 1
370	7	1 1 1 1 1 1 1 0 0 0 1 1 0 1 1 0
370	2	1 1 0 1 1 1 0 0 0 0 0 1 0 0 0 0
370	7	0 1 1 1 1 1 0 0 0 1 1 1 0 0 0 0
370	1	1 1 1 1 0 1 0 0 0 0 1 0 0 0 0 0
370	11	1 1 0 1 0 1 0 0 0 1 1 1 0 0 0 1
370	7	1 0 1 1 0 1 0 0 1 0 1 1 0 0 0 0
370	3	1 1 1 1 1 0 1 0 1 0 0 1 0 0 1 0
370	4	1 1 1 1 1 0 0 0 0 0 0 1 0 0 0 0
370	1	1 1 1 1 0 0 0 1 0 0 1 1 0 0 0 0
370	4	1 1 1 1 0 1 0 0 1 0 1 0 0 1 0 0
370	8	1 1 1 1 1 1 1 0 1 0 1 1 0 0 0 0
370	6	1 0 1 1 0 0 0 1 0 0 0 1 0 0 0 0
370	3	1 1 0 1 0 1 0 0 1 0 0 1 0 0 0 0
370	3	1 1 1 1 1 0 0 0 0 0 0 0 0 0 0 0
370	5	1 1 1 1 1 0 1 0 0 0 0 1 0 1 0 0
370	7	1 0 1 1 0 1 0 0 1 1 1 1 0 0 0 0
370	1	1 1 1 1 0 0 0 0 0 0 1 1 0 0 0 1
370	1	1 1 1 1 1 1 1 1 1 1 1 1 0 0 0 0
370	3	1 1 1 1 1 1 0 0 0 0 0 0 0 0 0 0
370	2	1 1 1 1 0 1 0 1 1 1 1 1 0 0 0 0
370	8	1 1 1 1 0 0 0 0 0 0 1 1 0 1 0 0
370	1	1 1 1 1 0 1 0 0 1 0 1 1 0 1 0 0
370	2	1 1 1 1 1 1 0 0 1 0 0 1 0 0 0 0
370	3	0 1 1 1 1 1 0 0 0 0 0 1 0 0 0 0
370	2	1 1 1 1 1 1 1 0 0 0 1 1 0 0 0 1
370	5	1 1 1 1 1 1 0 0 1 0 1 1 0 1 0 0
370	1	1 1 1 1 1 1 1 0 0 0 0 1 0 0 1 0
370	2	1 0 0 1 0 1 0 0 1 1 1 1 0 0 0 0
370	1	1 1 1 1 1 1 1 0 1 0 0 0 0 0 0 0
370	1	1 1 1 0 1 1 1 0 0 0 0 1 0 0 0 0
370	1	1 0 1 1 0 0 0 0 0 0 1 1 0 0 1 0
370	1	1 0 0 1 0 1 0 0 0 1 1 1 0 0 0 0
370	1	1 1 1 1 0 0 0 0 1 0 1 1 0 0 0 0
370	2	0 1 1 1 0 1 0 0 1 0 1 1 0 0 0 0
370	2	0 1 1 1 0 0 0 0 0 0 1 1 1 0 0 0
370	1	1 1 1 0 1 1 1 0 1 0 0 1 0 0 0 0
370	1	0 1 1 1 1 1 1 0 0 1 0 1 0 0 0 0
370	2	1 1 1 0 0 0 0 0 0 0 1 1 0 1 0 0
370	3	1 1 1 1 0 1 1 0 0 0 1 1 0 0 0 0
370	2	1 1 1 1 0 1 0 0 0 1 1 1 0 0 0 1
370	2	1 1 1 1 0 0 0 0 0 0 0 1 0 0 0 0
370	1	1 1 0 1 0 1 0 0 1 0 1 1 0 0 0 0
370	1	1 1 1 1 0 1 1 0 0 0 0 1 1 0 0 0
370	1	1 1 0 1 0 1 0 0 0 0 1 1 0 0 0 0
370	2	1 1 1 1 0 0 0 0 0 0 1 1 1 0 1 0
370	1	1 1 0 0 0 1 0 0 1 0 0 0 0 0 0 1
370	1	1 1 1 1 1 1 0 0 0 0 0 0 0 0 1 0
380	5	1 0 0 1 0 1 0 0 0 0 1 1 0 0 0 0
380	16	1 1 1 1 0 1 0 0 0 0 1 1 0 0 0 0
380	14	1 1 1 1 1 1 0 0 0 0 1 1 0 0 0 0
380	14	1 0 1 1 0 0 0 0 0 0 1 1 0 0 0 0
380	63	1 1 1 1 0 1 0 0 1 1 1 1 0 0 0 0
380	4	1 1 1 1 0 0 0 0 0 0 1 0 0 0 0 0
380	126	1 1 1 1 1 1 1 0 0 0 0 1 0 0 0 0
380	131	1 1 1 1 0 0 0 0 0 0 1 1 0 0 0 0
380	8	1 1 1 1 0 1 0 0 1 0 1 1 0 0 0 0
380	10	1 1 1 1 1 1 0 0 0 0 1 0 0 0 0 0
380	51	1 1 1 1 0 1 1 0 0 0 0 1 0 0 0 0
380	29	1 1 1 1 1 1 1 0 1 1 1 1 0 0 0 0
380	70	1 1 1 1 1 1 0 0 0 0 0 1 0 0 0 0
380	10	1 0 1 1 0 1 1 0 0 0 0 1 0 0 0 0
380	13	1 1 0 1 0 1 0 0 0 0 0 1 0 0 0 0
380	1	1 1 0 0 0 1 0 0 1 0 0 0 0 0 0 0
380	3	1 1 1 1 1 0 1 0 0 0 0 1 0 0 0 0
380	2	1 1 1 0 1 1 0 0 0 0 0 0 0 0 0 0
380	17	1 1 1 1 1 1 0 1 0 0 0 1 0 0 0 0
380	11	1 1 1 1 1 0 0 0 0 0 1 0 0 0 1 0
380	3	1 1 1 1 1 0 0 0 0 1 1 0 0 0 0 0
380	7	0 1 1 1 0 0 0 0 0 0 1 1 0 0 0 0
380	8	1 1 1 1 1 1 1 0 1 0 0 1 0 0 0 0
380	14	1 1 1 1 1 1 1 0 0 0 0 1 0 0 0 1
380	14	1 1 1 1 1 1 1 0 0 0 1 0 0 0 0 0
380	34	0 1 1 1 1 1 1 0 0 0 0 1 0 0 0 0
380	6	1 1 1 1 1 1 1 0 0 0 1 1 0 0 1 0
380	18	1 1 1 0 1 1 0 0 0 0 0 0 1 0 0 0
380	7	1 1 1 1 0 1 0 0 0 0 0 0 0 0 0 0
380	1	1 1 1 1 1 1 1 0 0 0 1 1 0 1 1 0
380	1	1 1 0 1 1 1 0 0 0 0 0 1 0 0 0 0
380	16	0 1 1 1 1 1 0 0 0 1 1 1 0 0 0 0
380	8	1 1 0 1 0 1 0 0 0 1 1 1 0 0 0 1
380	5	1 0 1 1 0 1 0 0 1 0 1 1 0 0 0 0
380	7	1 1 1 1 0 1 0 0 1 0 1 0 0 1 0 0
380	3	1 1 1 1 1 1 1 0 1 0 1 1 0 0 0 0
380	4	1 0 1 1 0 0 0 1 0 0 0 1 0 0 0 0
380	13	1 1 0 1 0 1 0 0 1 0 0 1 0 0 0 0
380	7	1 1 1 1 1 0 0 0 0 0 0 0 0 0 0 0
380	1	1 1 1 1 1 0 1 0 0 0 0 1 0 1 0 0
380	8	1 0 1 1 0 1 0 0 1 1 1 1 0 0 0 0
380	1	1 1 1 1 1 1 1 1 1 1 1 1 0 0 0 0
380	9	1 1 1 1 0 0 0 0 0 0 1 1 0 1 0 0
380	6	1 1 1 1 0 1 0 0 1 0 1 1 0 1 0 0
380	6	0 1 1 1 1 1 0 0 0 0 0 1 0 0 0 0
380	18	1 1 1 1 1 1 1 0 0 0 1 1 0 0 0 1
380	1	1 1 1 1 1 1 0 0 1 0 1 1 0 1 0 0
380	7	1 1 0 1 0 1 0 0 0 0 1 1 0 0 0 0
380	5	1 1 1 1 1 1 1 0 1 0 1 0 0 0 0 0
380	9	1 0 1 1 1 1 1 0 0 0 0 1 0 0 0 0
380	1	1 1 1 1 0 1 1 0 0 0 0 0 0 0 0 0
380	4	1 1 1 1 1 0 0 0 0 0 1 1 0 1 0 0
380	2	1 1 0 1 1 1 0 0 0 0 1 0 0 0 0 0
380	10	0 1 1 1 1 1 0 0 0 1 1 1 0 1 0 0
380	21	1 1 1 1 0 0 0 0 0 0 0 1 0 0 0 0
380	2	1 1 1 0 0 1 0 0 1 1 1 1 0 0 0 0
380	14	0 1 1 1 1 1 1 0 1 0 0 1 0 0 0 0
380	2	1 1 1 1 1 1 1 0 0 0 0 1 1 0 0 0
380	3	1 1 1 1 1 1 1 0 0 0 1 0 0 0 0 1
380	3	0 1 1 1 1 1 0 0 0 1 1 1 0 0 1 0
380	2	1 1 1 1 1 1 0 0 1 1 1 1 0 0 0 0
380	19	1 1 1 1 1 1 1 0 0 0 0 0 0 0 0 0
380	4	1 0 1 1 0 1 1 0 1 1 1 1 0 0 0 0
380	3	1 1 1 1 1 1 1 1 0 0 0 1 0 0 0 0
380	11	1 1 0 1 0 0 0 0 0 0 1 1 0 0 0 0
380	1	1 1 1 1 1 0 0 0 0 0 0 1 0 0 0 0
380	1	1 1 1 1 0 0 0 0 0 0 1 0 0 0 1 0
380	9	1 0 1 1 1 1 1 0 0 0 1 0 0 0 0 0
380	2	1 0 1 1 1 0 1 0 1 0 0 1 0 0 1 0
380	3	1 1 1 1 1 0 0 0 0 0 1 1 0 0 0 0
380	3	1 1 1 1 0 1 0 0 1 1 1 0 0 0 0 0
380	1	1 1 1 1 0 1 0 0 1 0 1 1 0 0 1 0
380	3	1 1 1 1 1 1 0 0 0 0 0 0 1 0 0 0
380	1	1 1 0 1 1 1 1 0 0 0 0 0 0 0 0 0
380	1	1 0 1 1 0 0 0 0 0 0 1 1 0 1 0 0
380	1	1 1 1 0 0 0 0 0 0 0 1 1 0 0 0 0
380	4	1 1 1 1 1 1 1 0 0 1 1 1 0 0 0 0
380	4	1 0 1 1 1 1 0 0 0 0 0 1 0 0 0 0
380	2	0 1 1 1 1 1 1 0 1 0 0 0 0 0 0 0
380	1	1 1 0 1 0 1 1 0 0 0 0 1 0 0 0 0
380	2	1 1 1 1 1 1 1 0 1 1 0 1 0 0 0 0
380	1	1 1 1 1 0 1 1 0 1 0 0 1 0 0 0 0
380	1	1 1 1 1 1 1 1 0 1 0 0 1 0 0 1 0
380	1	1 1 1 1 1 1 1 0 0 0 1 1 0 0 0 0
380	1	0 0 1 1 1 1 1 0 0 0 0 1 0 0 0 0
380	4	0 1 1 1 1 1 1 1 0 0 0 1 0 0 0 0
380	2	1 1 0 1 0 1 0 0 0 1 1 1 0 1 0 1
380	2	1 1 1 0 0 1 0 0 1 0 1 0 0 1 0 0
380	1	1 1 1 1 1 1 1 0 0 0 0 1 0 1 0 0
380	1	1 1 1 1 0 0 0 0 0 0 1 1 1 1 0 0
380	1	1 1 1 1 0 1 0 0 1 1 1 0 0 0 0 1
390	3	1 1 1 1 0 1 0 0 0 0 1 1 0 0 0 0
390	5	1 1 1 1 1 1 0 0 0 0 1 1 0 0 0 0
390	21	1 0 1 1 0 0 0 0 0 0 1 1 0 0 0 0
390	80	1 1 1 1 0 1 0 0 1 1 1 1 0 0 0 0
390	8	1 1 1 1 0 0 0 0 0 0 1 0 0 0 0 0
390	133	1 1 1 1 1 1 1 0 0 0 0 1 0 0 0 0
390	95	1 1 1 1 0 0 0 0 0 0 1 1 0 0 0 0
390	6	1 1 1 1 1 1 0 0 0 0 1 0 0 0 0 0
390	33	1 1 1 1 0 1 1 0 0 0 0 1 0 0 0 0
390	11	1 1 1 1 1 1 1 0 1 1 1 1 0 0 0 0
390	63	1 1 1 1 1 1 0 0 0 0 0 1 0 0 0 0
390	5	1 1 0 1 0 1 0 0 0 0 0 1 0 0 0 0
390	5	1 1 1 1 1 0 1 0 0 0 0 1 0 0 0 0
390	9	1 1 1 1 1 1 0 1 0 0 0 1 0 0 0 0
390	12	1 1 1 1 1 0 0 0 0 0 1 0 0 0 1 0
390	2	1 1 1 1 1 1 1 0 0 0 1 0 0 0 0 0
390	61	0 1 1 1 1 1 1 0 0 0 0 1 0 0 0 0
390	3	1 1 1 0 1 1 0 0 0 0 0 0 1 0 0 0
390	15	1 1 1 1 0 1 0 0 0 0 0 0 0 0 0 0
390	15	0 1 1 1 1 1 0 0 0 1 1 1 0 0 0 0
390	12	1 0 1 1 0 1 0 0 1 0 1 1 0 0 0 0
390	8	1 1 1 1 0 1 0 0 1 0 1 0 0 1 0 0
390	6	1 1 0 1 0 1 0 0 1 0 0 1 0 0 0 0
390	13	1 1 1 1 1 0 0 0 0 0 0 0 0 0 0 0
390	5	1 1 1 1 1 0 1 0 0 0 0 1 0 1 0 0
390	5	1 0 1 1 0 1 0 0 1 1 1 1 0 0 0 0
390	3	1 1 1 1 0 1 0 0 1 0 1 1 0 1 0 0
390	2	0 1 1 1 1 1 0 0 0 0 0 1 0 0 0 0
390	10	1 1 1 1 1 1 1 0 0 0 1 1 0 0 0 1
390	14	1 1 0 1 0 1 0 0 0 0 1 1 0 0 0 0
390	2	1 1 1 1 1 1 1 0 1 0 1 0 0 0 0 0
390	5	1 0 1 1 1 1 1 0 0 0 0 1 0 0 0 0
390	30	1 1 1 1 0 0 0 0 0 0 0 1 0 0 0 0
390	14	0 1 1 1 1 1 1 0 1 0 0 1 0 0 0 0
390	9	1 1 1 1 1 1 0 0 1 1 1 1 0 0 0 0
390	5	1 1 1 1 1 1 1 0 0 0 0 0 0 0 0 0
390	23	1 1 1 1 1 1 1 1 0 0 0 1 0 0 0 0
390	22	1 1 0 1 0 0 0 0 0 0 1 1 0 0 0 0
390	2	1 1 1 1 0 0 0 0 0 0 1 0 0 0 1 0
390	1	1 0 1 1 1 0 1 0 1 0 0 1 0 0 1 0
390	3	1 1 1 1 0 1 0 0 1 1 1 0 0 0 0 0
390	1	1 0 1 1 0 0 0 0 0 0 1 1 0 1 0 0
390	8	1 1 1 0 0 0 0 0 0 0 1 1 0 0 0 0
390	11	1 1 1 1 1 1 1 0 0 1 1 1 0 0 0 0
390	16	1 0 1 1 1 1 0 0 0 0 0 1 0 0 0 0
390	5	0 1 1 1 1 1 1 0 1 0 0 0 0 0 0 0
390	18	1 1 1 1 1 1 1 0 0 0 1 1 0 0 0 0
390	1	1 1 1 0 0 1 0 0 1 0 1 0 0 1 0 0
390	2	1 1 1 1 0 0 1 0 0 0 0 1 0 0 0 0
390	8	1 1 1 1 0 1 0 0 0 1 1 1 0 0 0 0
390	5	1 1 1 1 1 1 0 1 0 0 0 1 0 0 1 0
390	4	1 1 1 1 0 1 1 0 1 1 0 1 0 0 0 0
390	6	0 1 1 1 0 0 0 0 0 0 0 1 0 0 0 0
390	5	1 1 1 1 1 1 1 0 1 0 1 1 0 1 0 0
390	12	1 1 1 1 1 0 0 0 0 0 1 1 0 0 0 0
390	1	1 1 0 1 1 1 0 1 0 0 0 1 0 0 0 0
390	7	1 1 0 1 1 0 0 0 0 0 1 1 0 0 0 0
390	3	1 1 0 1 0 1 1 0 0 0 0 1 0 0 0 0
390	3	0 1 1 1 1 1 1 0 0 0 0 1 1 0 0 0
390	6	1 1 1 1 0 1 0 0 0 0 0 1 0 0 0 0
390	6	1 1 1 0 1 1 0 0 0 0 0 0 0 0 0 0
390	5	1 1 1 1 1 1 1 1 1 1 1 1 0 0 0 0
390	2	0 0 1 1 1 1 1 0 0 0 0 1 0 0 0 0
390	7	0 1 1 1 0 1 0 0 1 0 0 1 0 0 0 0
390	4	1 1 1 1 0 0 0 0 0 0 0 1 0 1 0 0
390	12	1 1 1 1 1 1 1 0 0 0 0 1 0 0 1 0
390	1	1 1 1 1 0 1 1 0 0 1 0 1 0 0 0 0
390	1	1 1 0 1 0 1 0 0 1 0 0 1 0 0 1 0
390	1	1 1 1 1 1 0 0 0 1 0 0 0 0 0 0 0
390	1	0 1 1 1 1 0 0 0 0 0 1 1 0 0 0 0
390	1	1 1 1 1 1 1 1 0 1 0 1 1 0 0 0 1
390	1	1 1 0 1 0 1 0 0 1 1 1 1 0 0 0 0
390	2	1 1 1 1 1 1 1 0 0 0 0 1 0 1 0 0
390	4	1 1 1 1 0 0 0 0 0 0 1 1 0 0 1 0
390	1	1 1 0 1 0 1 0 0 0 0 0 1 1 0 0 0
390	1	1 1 0 1 0 1 1 0 0 0 0 1 0 1 0 0
390	2	1 1 1 1 0 0 0 0 0 1 1 1 0 0 0 0
390	1	1 1 1 1 0 0 0 0 0 0 1 1 0 0 0 1
390	4	1 1 1 1 1 0 1 1 0 0 0 1 0 0 0 0
390	1	0 1 1 1 1 1 1 1 0 0 0 1 0 0 0 0
390	1	1 1 1 1 1 0 0 0 0 0 0 0 0 1 0 0
390	2	1 1 0 1 0 1 0 0 0 0 1 1 1 0 0 0
390	2	1 1 1 0 1 1 0 0 0 0 0 0 0 0 1 0
390	2	1 1 1 1 0 1 0 0 0 0 1 1 0 0 1 0
390	1	1 1 1 1 0 1 0 0 1 0 1 1 0 0 0 0
390	1	1 1 1 1 1 1 0 0 1 0 1 1 0 1 0 0
390	3	0 1 1 1 1 0 1 1 0 0 0 1 0 0 0 0
390	2	1 1 1 1 1 0 0 0 0 0 0 1 0 0 0 0
390	3	1 1 1 1 1 1 1 0 0 0 0 1 1 0 0 0
390	1	1 1 1 1 0 0 0 0 0 0 1 1 0 1 0 0
390	2	1 1 1 1 0 1 1 1 0 0 0 1 0 0 0 0
390	3	1 1 1 1 1 1 0 0 0 0 0 0 0 0 0 0
390	3	0 1 1 1 1 1 1 0 0 0 0 1 0 0 1 0
390	2	1 1 0 0 0 1 0 0 0 0 1 1 0 0 0 0
390	1	1 1 1 1 0 0 0 0 0 1 0 1 0 0 0 0
390	1	1 1 1 1 1 1 0 0 1 1 1 0 0 0 0 0
390	2	1 0 1 1 1 0 1 0 1 1 0 1 0 0 1 0
390	2	1 0 1 1 0 1 0 0 1 1 1 0 0 0 0 0
390	1	0 1 1 1 1 1 0 0 1 0 0 0 0 0 0 0
390	2	1 0 1 1 1 1 1 0 0 0 1 1 0 0 0 0
390	3	1 1 0 1 1 1 0 1 0 0 0 1 0 1 0 0
390	1	0 1 1 1 1 0 1 0 0 0 1 1 0 0 0 0
400	3	1 1 1 1 0 1 0 0 0 0 1 1 0 0 0 0
400	19	1 0 1 1 0 0 0 0 0 0 1 1 0 0 0 0
400	85	1 1 1 1 0 1 0 0 1 1 1 1 0 0 0 0
400	3	1 1 1 1 0 0 0 0 0 0 1 0 0 0 0 0
400	65	1 1 1 1 1 1 1 0 0 0 0 1 0 0 0 0
400	93	1 1 1 1 0 0 0 0 0 0 1 1 0 0 0 0
400	48	1 1 1 1 0 1 1 0 0 0 0 1 0 0 0 0
400	45	1 1 1 1 1 1 0 0 0 0 0 1 0 0 0 0
400	17	1 1 1 1 1 1 0 1 0 0 0 1 0 0 0 0
400	32	0 1 1 1 1 1 1 0 0 0 0 1 0 0 0 0
400	19	1 1 1 1 0 1 0 0 0 0 0 0 0 0 0 0
400	10	0 1 1 1 1 1 0 0 0 1 1 1 0 0 0 0
400	11	1 0 1 1 0 1 0 0 1 0 1 1 0 0 0 0
400	33	1 1 1 1 0 1 0 0 1 0 1 0 0 1 0 0
400	13	1 1 0 1 0 1 0 0 1 0 0 1 0 0 0 0
400	21	1 1 1 1 1 0 1 0 0 0 0 1 0 1 0 0
400	2	1 0 1 1 0 1 0 0 1 1 1 1 0 0 0 0
400	10	1 1 0 1 0 1 0 0 0 0 1 1 0 0 0 0
400	13	1 1 1 1 0 0 0 0 0 0 0 1 0 0 0 0
400	20	0 1 1 1 1 1 1 0 1 0 0 1 0 0 0 0
400	17	1 1 1 1 1 1 0 0 1 1 1 1 0 0 0 0
400	13	1 1 1 1 1 1 1 0 0 0 0 0 0 0 0 0
400	20	1 1 1 1 1 1 1 1 0 0 0 1 0 0 0 0
400	29	1 1 0 1 0 0 0 0 0 0 1 1 0 0 0 0
400	12	1 1 1 0 0 0 0 0 0 0 1 1 0 0 0 0
400	26	1 1 1 1 1 1 1 0 0 1 1 1 0 0 0 0
400	31	1 0 1 1 1 1 0 0 0 0 0 1 0 0 0 0
400	33	0 1 1 1 1 1 1 0 1 0 0 0 0 0 0 0
400	9	1 1 1 1 1 1 1 0 0 0 1 1 0 0 0 0
400	5	1 1 1 1 1 1 0 1 0 0 0 1 0 0 1 0
400	7	1 1 1 1 0 1 1 0 1 1 0 1 0 0 0 0
400	7	0 1 1 1 0 0 0 0 0 0 0 1 0 0 0 0
400	12	1 1 1 1 1 0 0 0 0 0 1 1 0 0 0 0
400	6	1 1 0 1 1 0 0 0 0 0 1 1 0 0 0 0
400	3	1 1 0 1 0 1 1 0 0 0 0 1 0 0 0 0
400	6	0 1 1 1 1 1 1 0 0 0 0 1 1 0 0 0
400	3	1 1 1 1 0 1 0 0 0 0 0 1 0 0 0 0
400	7	1 1 1 0 1 1 0 0 0 0 0 0 0 0 0 0
400	2	0 1 1 1 0 1 0 0 1 0 0 1 0 0 0 0
400	3	1 1 1 1 0 0 0 0 0 0 0 1 0 1 0 0
400	3	1 1 1 1 1 1 1 0 0 0 0 1 0 0 1 0
400	3	0 1 1 1 1 0 0 0 0 0 1 1 0 0 0 0
400	23	1 1 1 1 0 0 0 0 0 0 1 1 0 0 0 1
400	8	1 1 1 1 1 1 0 0 0 0 0 0 0 0 0 0
400	1	0 1 1 1 1 1 1 0 0 0 0 1 0 0 1 0
400	3	1 1 1 1 0 0 0 0 0 1 0 1 0 0 0 0
400	1	1 1 0 1 1 0 0 0 0 1 1 1 0 0 0 0
400	9	1 1 1 1 1 1 1 1 0 0 0 1 0 0 1 0
400	6	1 1 1 1 0 0 0 0 0 0 0 0 0 0 0 0
400	7	1 1 1 1 1 1 0 0 1 1 1 0 0 0 0 0
400	2	1 1 1 0 0 0 0 0 0 1 1 1 0 0 0 0
400	5	1 1 1 0 0 1 0 0 1 1 1 1 0 0 0 0
400	6	0 1 0 1 0 1 0 0 0 0 0 1 0 0 0 0
400	2	1 1 1 0 0 1 0 0 0 1 1 1 0 0 0 0
400	5	1 1 1 1 1 1 1 0 1 1 0 1 0 0 0 0
400	1	1 1 1 1 0 1 0 0 1 1 1 1 0 1 0 0
400	2	1 1 1 1 1 1 0 0 1 0 1 0 0 1 0 0
400	9	1 0 1 1 1 1 0 0 0 0 0 0 0 0 0 0
400	1	1 0 1 0 1 1 0 0 0 0 0 1 0 0 0 0
400	2	1 1 1 1 1 1 0 1 1 1 1 0 0 0 0 0
400	9	1 1 1 1 1 0 0 0 0 0 0 1 0 0 0 0
400	5	1 1 1 1 0 1 0 0 0 0 0 0 0 1 0 0
400	4	1 1 1 1 0 1 1 0 0 0 0 0 0 0 0 0
400	3	0 1 1 1 1 1 1 0 1 0 1 0 0 0 0 0
400	1	1 0 1 1 0 1 0 0 1 1 0 1 0 0 0 0
400	1	1 1 0 1 0 0 0 1 0 0 1 1 0 0 0 0
400	1	1 0 1 1 0 1 1 0 0 0 1 1 0 0 0 0
400	2	1 1 1 1 1 1 1 0 0 0 0 1 0 1 0 0
400	3	1 0 1 1 0 1 0 0 0 0 0 1 0 0 0 0
400	3	0 1 1 1 0 1 0 0 1 1 1 1 0 0 0 0
400	1	1 1 1 1 0 1 0 0 1 1 1 1 0 0 1 0
400	2	1 1 1 1 0 0 0 1 0 0 1 1 0 0 0 0
400	1	0 0 1 1 1 1 1 0 0 0 0 1 0 0 0 0
400	5	1 1 1 1 0 1 0 0 0 1 0 0 0 0 0 0
400	4	0 1 1 1 1 1 1 1 0 0 0 1 0 0 1 0
400	4	1 1 0 1 0 1 0 0 0 0 0 0 0 0 0 0
400	1	0 1 1 1 0 1 0 0 1 0 1 0 0 1 0 0
400	1	1 0 1 0 0 0 0 0 0 0 1 1 0 0 0 0
400	3	1 0 0 1 0 0 0 0 0 0 1 1 0 0 0 0
400	2	1 1 1 1 0 1 0 0 1 0 1 0 0 0 0 0
400	2	1 1 1 1 1 0 1 0 0 0 1 1 0 1 0 0
400	3	1 1 1 1 0 1 1 0 0 0 1 1 0 0 0 0
400	2	0 1 1 1 1 1 0 0 0 0 0 1 0 0 0 0
400	1	1 0 1 1 0 1 0 0 1 0 0 1 0 0 0 0
400	1	1 1 1 1 1 0 1 0 0 0 0 1 0 0 0 0
400	1	1 1 1 1 1 1 0 0 0 0 1 1 0 0 0 0
400	1	1 1 1 1 1 1 0 1 0 0 0 1 0 1 0 0
400	1	0 1 1 1 1 0 1 0 0 0 0 1 0 0 0 0
400	1	1 1 1 1 0 1 1 1 0 0 0 1 0 0 0 0
400	2	0 1 1 1 1 1 1 0 0 0 1 1 0 0 0 0
400	3	1 1 1 1 1 1 0 1 1 0 0 1 0 0 1 0
400	3	1 0 1 1 0 1 1 0 1 1 0 1 0 0 0 0
400	2	1 1 1 1 1 0 1 0 0 0 1 1 0 0 0 0
400	3	1 1 0 1 1 1 0 0 1 1 1 0 0 0 0 0
400	1	1 1 1 1 0 1 0 0 1 1 0 1 0 1 0 0
400	4	1 0 1 1 1 0 0 0 0 0 0 0 0 0 0 0
400	1	1 1 1 1 1 0 0 0 0 1 0 1 0 0 0 0
