0	250	0 0 0 0 0 0 0 0 0 0 0 0 0 0 0 0
0	250	1 0 0 0 0 0 0 1 0 1 0 1 0 0 0 0
0	250	0 0 0 0 0 0 0 1 0 0 0 1 0 0 1 0
0	250	1 0 0 0 0 0 0 1 1 0 0 0 0 0 0 0
10	112	0 0 0 0 0 0 0 0 0 0 0 0 0 0 0 0
10	202	1 0 0 0 0 0 0 1 0 1 0 1 0 0 0 0
10	316	0 0 0 0 0 0 0 1 0 0 0 1 0 0 1 0
10	192	1 0 0 0 0 0 0 1 1 0 0 0 0 0 0 0
10	6	0 0 0 0 0 0 0 1 0 0 0 0 0 0 0 0
10	20	1 0 0 0 0 0 0 1 0 0 0 1 0 0 1 0
10	5	1 0 0 0 0 0 0 1 1 0 0 0 0 0 1 0
10	3	1 0 0 0 0 0 0 1 0 1 0 1 0 0 0 1
10	10	1 0 0 0 0 0 0 0 0 1 0 1 0 0 0 0
10	19	0 0 0 0 0 0 0 1 0 0 0 1 0 0 0 0
10	6	0 0 0 0 0 0 0 1 1 0 0 0 0 0 0 0
10	11	1 0 0 0 0 0 0 1 1 1 0 1 0 0 0 0
10	1	1 0 0 0 0 0 0 1 1 1 0 0 0 0 0 0
10	12	1 0 1 0 0 0 0 1 1 0 0 0 0 0 0 0
10	10	1 0 0 0 1 0 0 1 1 0 0 0 0 0 0 0
10	2	0 0 0 0 0 0 0 1 0 1 0 1 0 0 0 0
10	2	1 0 0 0 0 0 0 1 0 0 0 1 0 0 0 0
10	3	0 0 0 0 0 0 1 1 0 0 0 1 0 0 1 0
10	11	0 0 0 0 0 0 0 1 0 0 1 1 0 0 1 0
10	2	1 0 0 0 0 0 0 1 1 0 1 0 0 0 0 0
10	5	0 0 0 0 0 0 0 0 0 0 0 1 0 0 0 0
10	2	0 0 0 0 0 0 0 1 0 0 0 1 1 0 1 0
10	4	0 0 0 0 0 0 0 1 0 1 0 1 0 0 1 0
10	4	0 0 0 0 0 0 0 0 1 0 0 0 0 0 0 0
10	3	0 0 0 1 0 0 0 0 0 0 0 0 0 0 0 0
10	1	1 0 0 0 0 0 0 1 1 0 0 0 0 1 0 1
10	8	0 0 0 0 1 0 0 1 0 0 0 1 0 0 1 0
10	2	1 0 0 1 0 0 0 1 1 0 0 0 0 0 0 0
10	1	1 0 0 0 0 0 0 0 0 0 0 0 0 0 0 0
10	2	0 0 0 0 0 0 0 1 0 0 0 0 0 0 1 0
10	3	1 0 0 0 0 0 0 0 1 0 0 0 0 0 0 0
10	1	1 0 0 0 0 0 0 1 1 0 0 0 0 0 0 1
10	1	1 0 1 0 0 0 1 1 1 0 0 0 0 0 0 0
10	2	0 0 0 0 1 0 0 1 0 0 0 0 0 0 1 0
10	3	0 0 0 0 0 0 0 0 0 0 0 1 0 0 1 0
10	2	1 0 0 0 0 0 0 0 0 1 0 1 0 0 1 0
10	2	0 0 0 0 0 0 0 0 0 0 0 0 0 0 1 0
10	3	1 0 0 0 0 0 0 1 0 1 0 1 0 0 1 0
10	2	0 0 1 0 0 0 0 1 0 0 0 1 0 0 1 0
10	1	0 0 0 0 0 1 0 1 0 0 0 1 0 0 1 0
10	2	0 0 0 0 1 0 1 1 0 0 0 1 0 0 1 0
10	1	1 0 1 0 0 0 0 1 1 0 0 0 0 1 0 1
20	60	0 0 0 0 0 0 0 0 0 0 0 0 0 0 0 0
20	93	1 0 0 0 0 0 0 1 0 1 0 1 0 0 0 0
20	329	0 0 0 0 0 0 0 1 0 0 0 1 0 0 1 0
20	158	1 0 0 0 0 0 0 1 1 0 0 0 0 0 0 0
20	88	1 0 0 0 0 0 0 1 0 0 0 1 0 0 1 0
20	17	1 0 0 0 0 0 0 1 1 0 0 0 0 0 1 0
20	21	1 0 0 0 0 0 0 0 0 1 0 1 0 0 0 0
20	26	0 0 0 0 0 0 0 1 0 0 0 1 0 0 0 0
20	20	0 0 0 0 0 0 0 1 1 0 0 0 0 0 0 0
20	4	1 0 0 0 0 0 0 1 1 1 0 1 0 0 0 0
20	11	1 0 1 0 0 0 0 1 1 0 0 0 0 0 0 0
20	10	1 0 0 0 1 0 0 1 1 0 0 0 0 0 0 0
20	3	0 0 0 0 0 0 0 1 0 1 0 1 0 0 0 0
20	1	0 0 0 0 0 0 0 1 0 0 1 1 0 0 1 0
20	4	1 0 0 0 0 0 0 1 1 0 1 0 0 0 0 0
20	13	0 0 0 0 0 0 0 1 0 1 0 1 0 0 1 0
20	3	0 0 0 0 0 0 0 0 1 0 0 0 0 0 0 0
20	23	0 0 0 0 1 0 0 1 0 0 0 1 0 0 1 0
20	4	1 0 0 0 0 0 0 0 1 0 0 0 0 0 0 0
20	15	0 0 0 0 0 0 0 0 0 0 0 1 0 0 1 0
20	4	1 0 0 0 0 0 0 0 0 1 0 1 0 0 1 0
20	22	1 0 0 0 0 0 0 1 0 1 0 1 0 0 1 0
20	2	0 0 1 0 0 0 0 1 0 0 0 1 0 0 1 0
20	26	0 0 0 1 0 0 0 1 0 0 0 1 0 0 1 0
20	2	1 0 0 0 1 0 0 1 0 0 0 1 0 0 1 0
20	4	0 0 0 0 0 0 0 0 0 0 0 0 0 0 1 0
20	3	1 0 0 0 0 0 0 1 1 0 0 0 1 0 0 0
20	1	1 0 0 0 0 0 0 1 0 1 0 1 1 0 0 0
20	4	0 0 0 0 0 0 0 1 0 0 0 1 0 1 1 0
20	2	1 0 0 0 0 0 0 1 1 1 0 0 0 0 0 0
20	2	0 0 0 0 0 1 0 0 0 0 0 0 0 0 0 0
20	1	1 0 0 0 0 0 0 1 1 0 0 0 0 0 0 1
20	6	1 0 0 0 0 0 0 0 0 0 0 0 0 0 0 0
20	1	1 0 1 0 0 0 0 0 1 0 0 0 0 0 0 0
20	3	1 0 0 0 0 0 0 1 1 1 0 1 0 0 1 0
20	1	0 0 1 0 0 0 1 1 0 0 0 1 0 0 1 0
20	1	1 0 0 0 0 0 0 1 0 1 0 0 0 0 0 0
20	1	1 0 0 0 0 1 0 1 0 1 0 1 0 0 0 0
20	1	1 1 0 0 0 0 0 1 0 1 0 1 0 0 1 0
20	2	0 0 0 0 0 0 0 1 0 0 0 1 0 0 1 1
20	2	0 0 0 0 0 0 1 1 0 0 0 1 0 0 0 0
20	3	0 0 0 0 0 0 0 1 0 0 0 0 0 0 0 0
20	2	1 0 1 0 0 0 0 1 0 0 0 1 0 0 0 0
20	1	1 0 0 1 0 0 0 1 0 0 0 1 0 0 1 0
30	13	0 0 0 0 0 0 0 0 0 0 0 0 0 0 0 0
30	22	1 0 0 0 0 0 0 1 0 1 0 1 0 0 0 0
30	348	0 0 0 0 0 0 0 1 0 0 0 1 0 0 1 0
30	85	1 0 0 0 0 0 0 1 1 0 0 0 0 0 0 0
30	106	1 0 0 0 0 0 0 1 0 0 0 1 0 0 1 0
30	19	1 0 0 0 0 0 0 1 1 0 0 0 0 0 1 0
30	13	1 0 0 0 0 0 0 0 0 1 0 1 0 0 0 0
30	19	0 0 0 0 0 0 0 1 0 0 0 1 0 0 0 0
30	7	0 0 0 0 0 0 0 1 1 0 0 0 0 0 0 0
30	9	1 0 1 0 0 0 0 1 1 0 0 0 0 0 0 0
30	4	1 0 0 0 1 0 0 1 1 0 0 0 0 0 0 0
30	5	0 0 0 0 0 0 0 1 0 0 1 1 0 0 1 0
30	4	1 0 0 0 0 0 0 1 1 0 1 0 0 0 0 0
30	4	0 0 0 0 0 0 0 1 0 1 0 1 0 0 1 0
30	10	0 0 0 0 1 0 0 1 0 0 0 1 0 0 1 0
30	33	0 0 0 0 0 0 0 0 0 0 0 1 0 0 1 0
30	11	1 0 0 0 0 0 0 0 0 1 0 1 0 0 1 0
30	30	1 0 0 0 0 0 0 1 0 1 0 1 0 0 1 0
30	19	0 0 1 0 0 0 0 1 0 0 0 1 0 0 1 0
30	23	0 0 0 1 0 0 0 1 0 0 0 1 0 0 1 0
30	9	0 0 0 0 0 0 0 0 0 0 0 0 0 0 1 0
30	3	0 0 0 0 0 0 0 1 0 0 0 1 0 1 1 0
30	10	1 0 0 0 0 0 0 1 1 1 0 0 0 0 0 0
30	4	1 0 0 0 0 0 0 0 0 0 0 0 0 0 0 0
30	11	1 0 1 0 0 0 0 0 1 0 0 0 0 0 0 0
30	2	1 0 0 0 0 0 0 1 1 1 0 1 0 0 1 0
30	17	1 0 0 0 0 0 0 1 0 1 0 0 0 0 0 0
30	6	1 0 0 0 0 1 0 1 0 1 0 1 0 0 0 0
30	1	0 0 0 0 0 0 0 1 0 0 0 1 0 0 1 1
30	6	0 0 0 0 0 0 0 1 0 0 0 0 0 0 0 0
30	11	0 0 0 0 0 0 1 1 0 0 0 1 0 0 1 0
30	16	1 0 0 0 0 0 0 1 0 0 0 0 0 0 0 0
30	13	1 0 0 0 0 0 1 1 0 0 0 1 0 0 1 0
30	1	1 0 1 0 0 0 0 1 1 0 1 0 0 0 0 0
30	6	1 0 0 0 0 0 0 1 0 0 0 1 0 0 1 1
30	2	1 0 0 0 0 0 1 1 0 1 0 1 0 0 1 0
30	3	0 0 0 0 0 0 0 1 0 0 0 1 1 0 1 0
30	11	1 0 0 0 0 1 0 1 0 0 0 1 0 0 1 0
30	7	1 0 0 0 1 0 0 1 1 0 0 0 0 0 1 0
30	2	1 0 0 0 1 0 0 1 0 1 0 1 0 0 1 0
30	2	0 0 0 0 0 0 0 1 1 0 0 0 0 0 1 0
30	4	0 0 0 0 1 0 0 1 0 0 0 1 1 0 1 0
30	4	1 0 0 0 0 0 0 0 0 0 0 1 0 0 1 0
30	1	1 0 0 0 0 0 0 1 1 0 0 1 0 0 1 0
30	4	0 0 0 0 0 0 0 0 1 0 0 0 0 0 0 0
30	4	0 0 0 0 0 0 0 0 0 1 0 0 0 0 0 0
30	5	1 1 1 0 0 0 0 1 1 0 0 0 0 0 0 0
30	2	0 0 0 0 0 1 0 1 0 1 0 1 0 0 1 0
30	1	1 0 0 0 1 0 0 1 0 0 0 1 0 0 1 1
30	9	1 1 0 0 0 0 0 1 0 1 0 1 0 1 0 0
30	1	1 0 1 0 0 0 0 1 0 0 0 1 1 0 1 0
30	7	1 0 0 0 0 1 0 0 0 1 0 1 0 0 0 0
30	3	0 0 0 1 0 0 0 1 1 0 0 0 0 0 0 0
30	4	0 0 0 0 0 0 0 1 1 0 0 1 0 0 1 1
30	4	1 0 0 1 0 0 1 1 0 1 0 1 0 0 1 0
30	5	0 0 0 0 0 0 0 0 1 0 0 0 0 0 1 0
30	1	1 1 1 0 0 0 0 1 0 0 0 1 0 0 1 0
30	2	1 0 0 0 0 0 1 1 1 0 0 0 0 0 0 0
30	2	1 1 0 0 0 0 0 1 0 0 0 1 0 0 1 0
30	2	0 0 0 0 0 0 0 1 0 0 1 1 0 0 0 0
30	2	0 0 0 0 0 0 0 1 0 0 0 1 0 1 0 0
30	3	0 1 0 1 0 0 0 1 0 0 0 1 0 0 1 0
30	1	0 1 0 0 0 0 0 1 0 0 0 1 0 0 1 0
30	1	0 0 0 1 0 0 0 0 0 0 0 0 0 0 1 0
30	1	1 0 0 0 0 1 0 1 0 0 0 1 0 0 0 0
40	29	1 0 0 0 0 0 0 1 0 1 0 1 0 0 0 0
40	265	0 0 0 0 0 0 0 1 0 0 0 1 0 0 1 0
40	63	1 0 0 0 0 0 0 1 1 0 0 0 0 0 0 0
40	151	1 0 0 0 0 0 0 1 0 0 0 1 0 0 1 0
40	30	1 0 0 0 0 0 0 1 1 0 0 0 0 0 1 0
40	17	0 0 0 0 0 0 0 1 0 0 0 1 0 0 0 0
40	10	1 0 1 0 0 0 0 1 1 0 0 0 0 0 0 0
40	5	0 0 0 0 0 0 0 1 0 0 1 1 0 0 1 0
40	5	0 0 0 0 0 0 0 1 0 1 0 1 0 0 1 0
40	9	0 0 0 0 1 0 0 1 0 0 0 1 0 0 1 0
40	40	0 0 0 0 0 0 0 0 0 0 0 1 0 0 1 0
40	6	1 0 0 0 0 0 0 0 0 1 0 1 0 0 1 0
40	25	1 0 0 0 0 0 0 1 0 1 0 1 0 0 1 0
40	27	0 0 1 0 0 0 0 1 0 0 0 1 0 0 1 0
40	53	0 0 0 1 0 0 0 1 0 0 0 1 0 0 1 0
40	23	1 0 0 0 0 0 0 1 1 1 0 0 0 0 0 0
40	14	1 0 0 0 0 0 0 0 0 0 0 0 0 0 0 0
40	6	1 0 1 0 0 0 0 0 1 0 0 0 0 0 0 0
40	15	0 0 0 0 0 0 1 1 0 0 0 1 0 0 1 0
40	2	1 0 0 0 0 0 0 1 0 0 0 0 0 0 0 0
40	7	1 0 0 0 0 0 1 1 0 0 0 1 0 0 1 0
40	3	0 0 0 0 0 0 0 1 0 0 0 1 1 0 1 0
40	33	1 0 0 0 0 1 0 1 0 0 0 1 0 0 1 0
40	13	1 0 0 0 1 0 0 1 1 0 0 0 0 0 1 0
40	1	0 0 0 0 0 0 0 1 1 0 0 0 0 0 1 0
40	1	0 0 0 0 1 0 0 1 0 0 0 1 1 0 1 0
40	6	1 0 0 0 0 0 0 0 0 0 0 1 0 0 1 0
40	7	1 0 0 0 0 0 0 1 1 0 0 1 0 0 1 0
40	2	0 0 0 0 0 0 0 0 1 0 0 0 0 0 0 0
40	2	1 0 0 0 0 1 0 0 0 1 0 1 0 0 0 0
40	9	1 0 0 1 0 0 1 1 0 1 0 1 0 0 1 0
40	4	1 1 0 0 0 0 0 1 0 0 0 1 0 0 1 0
40	10	0 0 0 0 0 0 0 1 0 0 0 1 0 1 0 0
40	1	0 1 0 1 0 0 0 1 0 0 0 1 0 0 1 0
40	6	1 0 0 0 0 1 0 1 0 0 0 1 0 0 0 0
40	6	1 0 0 0 0 0 0 1 0 0 0 1 1 0 1 0
40	3	1 0 0 0 0 0 0 1 1 0 0 0 0 0 1 1
40	2	0 0 0 0 0 0 1 1 0 0 0 1 0 0 0 0
40	7	1 0 0 0 0 0 0 1 1 0 0 0 1 0 1 0
40	4	0 0 0 0 0 0 0 1 0 1 1 1 0 0 1 0
40	5	1 0 0 0 0 0 1 1 1 0 0 1 0 0 1 1
40	2	0 0 0 0 0 0 0 1 0 0 0 0 0 0 1 0
40	6	0 0 0 1 0 0 0 1 1 0 0 1 0 0 1 0
40	9	1 0 0 0 0 0 0 1 1 1 0 0 1 0 1 0
40	1	1 1 0 0 1 0 0 1 0 1 0 0 0 0 0 0
40	19	0 0 0 0 0 1 0 1 0 0 0 1 0 0 1 0
40	1	0 1 0 0 0 1 0 1 0 0 0 1 0 0 1 0
40	2	0 0 0 0 0 0 0 0 0 1 0 1 0 0 1 0
40	2	1 0 0 0 1 0 0 1 1 0 0 0 0 0 1 1
40	2	0 1 0 1 0 0 0 1 1 0 0 1 0 0 1 0
40	4	0 0 0 0 0 0 0 1 0 0 0 0 1 0 1 0
40	2	0 0 0 0 0 0 0 1 0 0 0 0 0 0 0 0
40	1	0 0 0 0 1 0 0 1 0 0 0 1 1 0 0 0
40	2	0 0 0 0 0 0 0 1 1 0 0 0 1 0 1 0
40	1	0 1 0 0 0 0 0 1 0 0 0 1 0 0 1 0
40	1	1 0 0 0 0 0 0 1 0 1 0 1 1 0 1 0
40	3	1 0 0 0 0 0 1 0 0 0 0 1 0 0 1 0
40	1	1 0 0 0 0 0 0 1 1 1 0 1 0 0 1 0
40	2	0 0 0 0 0 0 0 0 0 0 0 0 0 0 0 0
40	2	0 0 0 0 0 0 0 0 1 1 0 0 0 0 0 0
40	1	1 1 0 0 1 0 0 1 0 0 0 1 0 0 1 0
40	1	1 0 0 0 0 0 0 1 0 1 0 1 0 1 0 0
40	2	0 1 0 0 1 0 0 1 0 0 0 1 0 0 1 0
40	5	1 0 0 0 1 0 0 1 1 0 0 1 0 0 1 0
40	1	1 0 0 0 0 1 0 1 0 1 0 1 0 0 0 0
50	213	0 0 0 0 0 0 0 1 0 0 0 1 0 0 1 0
50	18	1 0 0 0 0 0 0 1 1 0 0 0 0 0 0 0
50	180	1 0 0 0 0 0 0 1 0 0 0 1 0 0 1 0
50	39	1 0 0 0 0 0 0 1 1 0 0 0 0 0 1 0
50	14	0 0 0 0 0 0 0 1 0 0 0 1 0 0 0 0
50	6	1 0 1 0 0 0 0 1 1 0 0 0 0 0 0 0
50	35	0 0 0 0 0 0 0 1 0 0 1 1 0 0 1 0
50	13	0 0 0 0 1 0 0 1 0 0 0 1 0 0 1 0
50	52	0 0 0 0 0 0 0 0 0 0 0 1 0 0 1 0
50	14	1 0 0 0 0 0 0 0 0 1 0 1 0 0 1 0
50	13	1 0 0 0 0 0 0 1 0 1 0 1 0 0 1 0
50	19	0 0 1 0 0 0 0 1 0 0 0 1 0 0 1 0
50	90	0 0 0 1 0 0 0 1 0 0 0 1 0 0 1 0
50	2	1 0 0 0 0 0 0 1 1 1 0 0 0 0 0 0
50	1	1 0 0 0 0 0 1 1 0 0 0 1 0 0 1 0
50	32	1 0 0 0 0 1 0 1 0 0 0 1 0 0 1 0
50	13	1 0 0 0 1 0 0 1 1 0 0 0 0 0 1 0
50	5	1 0 0 0 0 0 0 0 0 0 0 1 0 0 1 0
50	29	1 0 0 0 0 0 0 1 1 0 0 1 0 0 1 0
50	11	1 0 0 1 0 0 1 1 0 1 0 1 0 0 1 0
50	10	1 1 0 0 0 0 0 1 0 0 0 1 0 0 1 0
50	9	0 0 0 0 0 0 0 1 0 0 0 1 0 1 0 0
50	2	0 1 0 1 0 0 0 1 0 0 0 1 0 0 1 0
50	6	1 0 0 0 0 1 0 1 0 0 0 1 0 0 0 0
50	12	1 0 0 0 0 0 0 1 0 0 0 1 1 0 1 0
50	2	1 0 0 0 0 0 0 1 1 0 0 0 0 0 1 1
50	3	0 0 0 0 0 0 1 1 0 0 0 1 0 0 0 0
50	2	1 0 0 0 0 0 0 1 1 0 0 0 1 0 1 0
50	8	0 0 0 0 0 0 0 1 0 1 1 1 0 0 1 0
50	17	0 0 0 1 0 0 0 1 1 0 0 1 0 0 1 0
50	11	1 0 0 0 0 0 0 1 1 1 0 0 1 0 1 0
50	5	1 1 0 0 1 0 0 1 0 1 0 0 0 0 0 0
50	7	0 0 0 0 0 1 0 1 0 0 0 1 0 0 1 0
50	1	0 1 0 0 0 0 0 1 0 0 0 1 0 0 1 0
50	9	1 0 0 0 0 0 1 0 0 0 0 1 0 0 1 0
50	3	0 0 0 0 0 0 0 0 0 0 0 0 0 0 0 0
50	1	1 0 0 1 0 0 0 1 0 1 0 1 0 0 1 0
50	4	1 0 0 0 1 0 0 1 0 0 0 1 0 0 1 0
50	14	0 0 0 0 0 0 0 1 0 0 0 1 0 0 1 1
50	1	1 0 0 0 0 0 0 1 0 0 0 0 1 0 1 0
50	2	1 0 1 0 0 0 0 1 1 1 0 0 0 0 0 0
50	16	0 0 0 1 0 0 0 1 0 0 0 0 0 0 1 0
50	9	1 0 1 0 0 1 0 1 0 0 0 1 0 0 1 0
50	2	1 0 0 0 0 0 0 1 1 0 1 0 0 0 0 0
50	4	0 0 0 0 0 1 0 0 0 0 0 1 0 0 1 0
50	2	1 0 0 0 0 0 0 0 1 1 0 0 1 0 1 0
50	1	0 0 0 0 0 0 0 1 1 0 0 0 0 0 1 1
50	1	0 0 0 0 0 0 0 0 0 0 0 0 0 0 1 0
50	3	0 0 0 0 0 0 0 0 0 0 0 1 1 0 1 0
50	5	1 0 0 0 0 0 0 1 0 1 0 1 0 0 1 1
50	3	0 0 1 0 1 0 0 1 0 0 0 1 0 0 1 0
50	3	1 0 0 1 0 0 0 1 0 0 0 1 0 0 1 0
50	1	1 0 1 0 0 0 0 1 1 0 0 1 0 0 0 0
50	1	0 0 0 1 0 0 1 1 0 0 0 1 0 0 1 0
50	1	1 0 0 0 0 1 0 1 1 0 0 1 0 0 1 0
50	3	0 0 0 0 0 0 0 1 1 0 0 0 0 0 0 0
50	1	0 0 0 0 0 0 0 1 0 0 0 1 1 0 1 0
50	1	1 0 0 0 0 0 0 1 0 0 0 1 0 0 0 0
50	1	0 0 0 0 1 0 0 0 0 0 0 1 0 0 1 0
50	2	0 0 0 0 0 0 0 1 1 0 0 1 0 0 1 0
50	2	0 0 0 0 0 0 1 1 0 0 0 1 0 0 1 0
50	1	1 0 0 0 0 0 0 1 0 0 0 1 0 0 1 1
50	3	1 0 1 0 0 0 0 1 0 0 0 1 0 0 1 0
50	2	0 0 0 1 0 0 0 1 0 0 1 1 0 0 1 0
50	1	0 1 0 1 1 0 0 1 0 0 0 1 0 0 1 0
50	1	1 0 1 0 0 0 0 1 0 0 0 1 1 0 1 0
50	1	1 0 0 0 0 0 1 0 0 0 0 1 0 0 1 1
50	1	0 0 1 0 1 0 0 1 0 0 0 0 0 0 1 0
60	176	0 0 0 0 0 0 0 1 0 0 0 1 0 0 1 0
60	24	1 0 0 0 0 0 0 1 1 0 0 0 0 0 0 0
60	148	1 0 0 0 0 0 0 1 0 0 0 1 0 0 1 0
60	20	1 0 0 0 0 0 0 1 1 0 0 0 0 0 1 0
60	22	0 0 0 0 0 0 0 1 0 0 0 1 0 0 0 0
60	22	0 0 0 0 0 0 0 1 0 0 1 1 0 0 1 0
60	22	0 0 0 0 1 0 0 1 0 0 0 1 0 0 1 0
60	62	0 0 0 0 0 0 0 0 0 0 0 1 0 0 1 0
60	13	1 0 0 0 0 0 0 0 0 1 0 1 0 0 1 0
60	10	1 0 0 0 0 0 0 1 0 1 0 1 0 0 1 0
60	12	0 0 1 0 0 0 0 1 0 0 0 1 0 0 1 0
60	103	0 0 0 1 0 0 0 1 0 0 0 1 0 0 1 0
60	16	1 0 0 0 0 1 0 1 0 0 0 1 0 0 1 0
60	12	1 0 0 0 1 0 0 1 1 0 0 0 0 0 1 0
60	2	1 0 0 0 0 0 0 0 0 0 0 1 0 0 1 0
60	24	1 0 0 0 0 0 0 1 1 0 0 1 0 0 1 0
60	31	1 0 0 1 0 0 1 1 0 1 0 1 0 0 1 0
60	6	1 1 0 0 0 0 0 1 0 0 0 1 0 0 1 0
60	11	1 0 0 0 0 1 0 1 0 0 0 1 0 0 0 0
60	11	1 0 0 0 0 0 0 1 0 0 0 1 1 0 1 0
60	11	0 0 0 0 0 0 0 1 0 1 1 1 0 0 1 0
60	24	0 0 0 1 0 0 0 1 1 0 0 1 0 0 1 0
60	14	1 0 0 0 0 0 0 1 1 1 0 0 1 0 1 0
60	1	1 1 0 0 1 0 0 1 0 1 0 0 0 0 0 0
60	41	0 0 0 0 0 1 0 1 0 0 0 1 0 0 1 0
60	16	1 0 0 0 0 0 1 0 0 0 0 1 0 0 1 0
60	22	0 0 0 1 0 0 0 1 0 0 0 0 0 0 1 0
60	19	1 0 1 0 0 1 0 1 0 0 0 1 0 0 1 0
60	1	1 0 0 0 0 0 0 1 1 0 1 0 0 0 0 0
60	3	0 0 0 0 0 1 0 0 0 0 0 1 0 0 1 0
60	7	0 0 0 0 0 0 0 1 0 0 0 1 1 0 1 0
60	3	1 0 0 0 0 0 0 1 0 0 0 1 0 0 0 0
60	2	0 0 0 0 0 0 1 1 0 0 0 1 0 0 1 0
60	5	1 0 1 0 0 0 0 1 0 0 0 1 0 0 1 0
60	5	0 0 0 0 0 0 0 1 0 1 0 1 0 0 1 0
60	3	0 0 0 1 0 0 0 1 0 0 0 1 0 1 1 0
60	5	0 0 0 1 0 0 0 1 0 0 0 1 1 0 1 0
60	5	1 0 0 0 0 0 1 1 0 0 0 1 0 0 1 0
60	4	1 0 0 0 0 0 0 1 0 0 0 1 0 1 1 0
60	8	1 0 0 0 0 0 0 1 1 1 0 1 0 0 1 0
60	1	1 0 0 0 1 0 0 1 0 0 0 1 0 0 1 0
60	1	0 0 0 1 0 0 0 0 0 0 0 1 0 0 1 0
60	8	1 0 0 0 0 0 0 1 1 0 0 0 1 0 1 0
60	6	0 1 0 0 0 0 0 1 0 0 0 1 0 0 1 0
60	3	0 0 0 0 0 0 0 1 0 1 0 1 0 1 1 0
60	1	0 0 0 0 0 0 1 0 0 0 0 1 0 0 1 0
60	5	0 0 0 1 0 0 0 1 0 0 0 1 0 0 0 0
60	3	0 0 0 0 0 0 0 1 1 1 0 1 0 0 1 0
60	3	1 0 0 1 0 1 0 1 0 0 0 1 0 0 1 0
60	1	0 0 0 0 0 0 0 1 0 0 0 1 0 0 1 1
60	2	0 0 0 0 0 0 0 1 0 0 1 1 0 0 0 0
60	4	0 0 1 0 0 0 0 1 0 1 1 1 0 0 1 0
60	1	1 0 0 1 0 0 0 1 0 0 1 1 0 0 1 0
60	1	0 0 0 0 0 0 1 1 0 1 0 1 0 0 1 0
60	1	1 0 0 0 0 1 0 1 1 0 0 0 0 0 1 0
60	1	1 0 1 0 0 1 0 1 0 1 0 1 0 1 1 0
60	2	0 0 0 0 0 1 0 0 0 0 0 1 0 0 0 0
60	2	0 0 0 0 0 0 0 1 0 0 0 1 0 1 1 0
60	3	0 0 0 0 0 0 0 0 0 0 0 1 1 0 1 0
60	1	1 0 1 1 0 0 1 1 0 1 0 1 0 0 1 0
60	3	0 0 0 1 0 0 0 1 1 0 1 1 0 0 1 0
60	1	0 0 0 1 0 1 0 1 0 0 0 0 0 0 1 0
70	86	0 0 0 0 0 0 0 1 0 0 0 1 0 0 1 0
70	180	1 0 0 0 0 0 0 1 0 0 0 1 0 0 1 0
70	11	1 0 0 0 0 0 0 1 1 0 0 0 0 0 1 0
70	20	0 0 0 0 0 0 0 1 0 0 1 1 0 0 1 0
70	48	0 0 0 0 1 0 0 1 0 0 0 1 0 0 1 0
70	65	0 0 0 0 0 0 0 0 0 0 0 1 0 0 1 0
70	18	1 0 0 0 0 0 0 1 0 1 0 1 0 0 1 0
70	5	0 0 1 0 0 0 0 1 0 0 0 1 0 0 1 0
70	96	0 0 0 1 0 0 0 1 0 0 0 1 0 0 1 0
70	17	1 0 0 0 0 1 0 1 0 0 0 1 0 0 1 0
70	15	1 0 0 0 1 0 0 1 1 0 0 0 0 0 1 0
70	20	1 0 0 0 0 0 0 1 1 0 0 1 0 0 1 0
70	36	1 0 0 1 0 0 1 1 0 1 0 1 0 0 1 0
70	21	1 0 0 0 0 1 0 1 0 0 0 1 0 0 0 0
70	3	0 0 0 0 0 0 0 1 0 1 1 1 0 0 1 0
70	25	0 0 0 1 0 0 0 1 1 0 0 1 0 0 1 0
70	7	1 0 0 0 0 0 0 1 1 1 0 0 1 0 1 0
70	46	0 0 0 0 0 1 0 1 0 0 0 1 0 0 1 0
70	21	1 0 0 0 0 0 1 0 0 0 0 1 0 0 1 0
70	24	0 0 0 1 0 0 0 1 0 0 0 0 0 0 1 0
70	36	1 0 1 0 0 1 0 1 0 0 0 1 0 0 1 0
70	5	0 0 0 0 0 0 0 1 0 0 0 1 1 0 1 0
70	3	0 0 0 0 0 0 1 1 0 0 0 1 0 0 1 0
70	10	1 0 1 0 0 0 0 1 0 0 0 1 0 0 1 0
70	5	1 0 0 0 0 0 1 1 0 0 0 1 0 0 1 0
70	12	1 0 0 0 0 0 0 1 0 0 0 1 0 1 1 0
70	11	1 0 0 0 0 0 0 1 1 1 0 1 0 0 1 0
70	1	1 0 0 0 0 0 0 1 1 0 0 0 1 0 1 0
70	7	0 1 0 0 0 0 0 1 0 0 0 1 0 0 1 0
70	8	0 0 0 0 0 0 0 1 0 1 0 1 0 1 1 0
70	5	0 0 1 0 0 0 0 1 0 1 1 1 0 0 1 0
70	2	1 0 0 1 0 0 0 1 0 0 1 1 0 0 1 0
70	4	0 0 0 0 0 0 1 1 0 1 0 1 0 0 1 0
70	8	0 0 0 0 0 0 0 0 0 0 0 1 1 0 1 0
70	2	0 0 0 0 0 0 0 0 0 0 0 0 0 0 1 0
70	13	0 0 0 1 0 0 0 1 0 0 1 1 0 0 1 0
70	14	1 0 1 0 0 0 0 1 1 1 0 1 0 0 1 0
70	3	1 1 0 0 0 0 0 1 1 1 0 1 0 0 1 0
70	15	0 0 0 0 0 0 0 1 1 0 0 1 0 0 1 0
70	8	0 0 0 1 0 1 0 1 0 0 0 1 0 0 1 0
70	1	0 0 0 0 0 1 0 1 0 1 0 1 0 0 1 0
70	4	0 0 0 0 0 1 0 0 0 0 0 1 0 0 1 1
70	1	1 0 1 0 0 0 0 1 0 0 0 1 0 1 1 0
70	4	1 0 0 0 0 1 0 1 0 0 0 1 0 1 1 0
70	1	1 0 0 0 0 0 0 0 0 0 0 1 0 0 1 0
70	1	0 0 0 0 1 0 0 1 0 1 0 1 0 0 1 0
70	1	0 0 1 0 0 0 0 0 0 0 0 1 0 0 1 0
70	3	1 0 0 1 0 0 0 1 0 0 0 1 0 1 1 0
70	4	1 0 1 0 0 1 0 0 0 0 0 1 0 0 1 0
70	11	1 0 0 1 0 0 0 1 0 0 0 1 0 0 1 0
70	1	1 0 0 0 0 0 0 1 0 1 0 1 0 1 1 0
70	3	1 0 0 0 0 0 1 0 0 1 0 1 0 0 1 0
70	2	0 0 0 0 0 0 0 1 0 1 0 0 0 1 1 0
70	1	0 1 0 1 0 1 0 1 0 0 0 1 0 0 1 0
70	2	0 0 0 0 1 1 0 1 0 0 0 1 0 0 1 0
70	3	1 0 0 0 0 0 0 1 0 1 0 0 0 0 1 0
70	2	0 0 0 1 0 0 1 1 0 0 0 1 0 0 1 0
70	1	1 0 0 0 0 0 1 0 0 0 0 1 0 1 1 0
70	2	0 1 1 0 0 0 0 0 0 0 0 1 0 0 1 0
70	1	0 0 0 0 0 0 0 1 0 0 0 1 0 0 1 1
70	1	0 0 0 0 0 0 0 1 0 1 0 1 0 0 1 0
70	1	1 0 0 0 0 0 0 1 0 0 1 1 0 0 1 0
70	3	0 0 1 1 0 0 0 1 0 0 0 1 0 0 1 0
70	1	1 1 0 0 0 0 0 1 1 0 0 1 0 0 1 0
70	1	0 1 0 0 0 1 0 1 0 0 0 1 0 0 1 0
70	1	0 0 0 0 0 0 1 0 0 0 0 1 0 0 1 0
70	5	0 0 0 1 0 0 0 1 0 0 1 1 0 1 1 0
70	2	1 1 0 0 1 0 0 1 1 1 0 1 0 0 1 0
80	92	0 0 0 0 0 0 0 1 0 0 0 1 0 0 1 0
80	162	1 0 0 0 0 0 0 1 0 0 0 1 0 0 1 0
80	11	1 0 0 0 0 0 0 1 1 0 0 0 0 0 1 0
80	14	0 0 0 0 0 0 0 1 0 0 1 1 0 0 1 0
80	70	0 0 0 0 1 0 0 1 0 0 0 1 0 0 1 0
80	22	0 0 0 0 0 0 0 0 0 0 0 1 0 0 1 0
80	1	1 0 0 0 0 0 0 1 0 1 0 1 0 0 1 0
80	10	0 0 1 0 0 0 0 1 0 0 0 1 0 0 1 0
80	96	0 0 0 1 0 0 0 1 0 0 0 1 0 0 1 0
80	31	1 0 0 0 0 1 0 1 0 0 0 1 0 0 1 0
80	22	1 0 0 0 1 0 0 1 1 0 0 0 0 0 1 0
80	44	1 0 0 0 0 0 0 1 1 0 0 1 0 0 1 0
80	2	1 0 0 1 0 0 1 1 0 1 0 1 0 0 1 0
80	21	1 0 0 0 0 1 0 1 0 0 0 1 0 0 0 0
80	4	0 0 0 0 0 0 0 1 0 1 1 1 0 0 1 0
80	34	0 0 0 1 0 0 0 1 1 0 0 1 0 0 1 0
80	7	1 0 0 0 0 0 0 1 1 1 0 0 1 0 1 0
80	11	0 0 0 0 0 1 0 1 0 0 0 1 0 0 1 0
80	9	1 0 0 0 0 0 1 0 0 0 0 1 0 0 1 0
80	23	0 0 0 1 0 0 0 1 0 0 0 0 0 0 1 0
80	32	1 0 1 0 0 1 0 1 0 0 0 1 0 0 1 0
80	4	0 0 0 0 0 0 1 1 0 0 0 1 0 0 1 0
80	2	1 0 0 0 0 0 0 1 0 0 0 1 0 1 1 0
80	14	1 0 0 0 0 0 0 1 1 1 0 1 0 0 1 0
80	1	0 0 0 0 0 0 0 1 0 1 0 1 0 1 1 0
80	11	1 0 0 1 0 0 0 1 0 0 1 1 0 0 1 0
80	8	0 0 0 0 0 0 1 1 0 1 0 1 0 0 1 0
80	4	0 0 0 0 0 0 0 0 0 0 0 1 1 0 1 0
80	23	0 0 0 1 0 0 0 1 0 0 1 1 0 0 1 0
80	3	1 0 1 0 0 0 0 1 1 1 0 1 0 0 1 0
80	28	0 0 0 1 0 1 0 1 0 0 0 1 0 0 1 0
80	1	0 0 0 0 0 1 0 1 0 1 0 1 0 0 1 0
80	3	1 0 0 1 0 0 0 1 0 0 0 1 0 1 1 0
80	12	1 0 0 1 0 0 0 1 0 0 0 1 0 0 1 0
80	4	0 1 0 1 0 1 0 1 0 0 0 1 0 0 1 0
80	4	0 0 0 1 0 0 1 1 0 0 0 1 0 0 1 0
80	5	1 0 0 0 0 0 1 0 0 0 0 1 0 1 1 0
80	2	0 1 1 0 0 0 0 0 0 0 0 1 0 0 1 0
80	4	0 0 0 0 0 0 0 1 0 0 0 1 0 0 1 1
80	59	0 0 1 1 0 0 0 1 0 0 0 1 0 0 1 0
80	3	0 0 0 1 0 0 0 1 0 0 1 1 0 1 1 0
80	2	1 0 0 0 0 1 0 1 0 0 1 1 0 0 1 0
80	7	0 0 0 1 0 0 0 1 1 0 1 1 0 0 1 0
80	1	0 0 0 0 1 0 0 1 0 0 0 1 0 0 0 0
80	15	0 1 0 1 0 0 0 1 0 0 0 1 0 0 1 0
80	2	1 0 0 0 0 0 0 1 0 0 0 1 0 0 1 1
80	1	1 0 0 1 0 0 0 1 1 1 0 1 0 0 1 0
80	6	1 0 0 0 0 0 0 1 0 0 0 0 0 0 1 0
80	1	0 0 0 0 1 0 0 1 0 0 0 1 1 0 1 0
80	1	0 0 0 0 0 0 0 0 0 1 0 1 0 0 1 0
80	1	0 0 0 0 0 0 0 0 0 0 1 1 1 0 1 0
80	1	1 0 0 0 1 0 0 1 0 0 0 1 0 1 1 0
80	2	1 0 0 0 0 1 0 1 0 0 0 1 0 1 1 0
80	1	0 0 1 0 0 0 0 1 0 1 0 1 0 0 1 0
80	3	1 0 0 0 0 0 0 1 1 0 0 1 1 0 1 0
80	4	1 1 1 0 0 1 0 1 0 0 0 1 0 0 1 0
80	6	0 0 1 1 0 0 0 1 0 0 1 1 0 0 1 0
80	3	1 0 0 1 0 0 0 1 1 0 0 1 0 0 1 0
80	1	1 0 0 0 1 1 0 1 0 0 0 1 0 0 1 0
80	2	1 0 0 0 0 0 0 1 1 0 0 0 0 1 1 0
80	1	0 0 1 0 0 0 0 1 0 0 1 1 0 0 1 0
80	1	1 0 0 0 1 0 0 1 0 0 0 0 0 0 1 0
80	1	1 0 0 0 1 0 0 0 1 0 0 0 0 0 1 0
80	3	1 0 1 0 0 1 0 1 0 1 0 1 0 0 1 0
80	1	0 0 1 1 1 0 0 1 0 0 0 1 0 0 1 0
80	1	1 0 0 0 0 0 0 1 0 0 0 1 0 0 0 0
80	1	0 0 1 1 0 0 0 1 1 0 0 0 0 0 1 0
80	1	1 0 0 0 1 0 0 1 0 0 0 1 0 0 1 0
80	2	1 0 1 0 0 0 0 1 0 0 0 1 0 0 1 0
80	1	0 0 0 0 0 1 0 1 0 0 1 1 0 0 1 0
80	3	0 0 0 0 0 0 0 0 0 0 0 1 0 1 1 0
80	1	0 0 0 0 0 0 0 0 0 0 0 0 0 0 1 0
80	1	1 0 0 0 1 1 0 1 1 0 0 0 0 0 1 0
80	2	1 0 0 0 1 0 0 1 1 0 1 0 0 0 1 0
80	1	1 0 0 0 0 0 0 1 1 1 0 1 0 0 1 1
80	5	1 0 0 1 0 0 0 1 0 0 0 1 0 0 0 0
80	1	1 1 1 0 0 0 0 1 0 0 0 1 0 0 1 0
90	80	0 0 0 0 0 0 0 1 0 0 0 1 0 0 1 0
90	121	1 0 0 0 0 0 0 1 0 0 0 1 0 0 1 0
90	6	1 0 0 0 0 0 0 1 1 0 0 0 0 0 1 0
90	10	0 0 0 0 0 0 0 1 0 0 1 1 0 0 1 0
90	44	0 0 0 0 1 0 0 1 0 0 0 1 0 0 1 0
90	17	0 0 0 0 0 0 0 0 0 0 0 1 0 0 1 0
90	14	1 0 0 0 0 0 0 1 0 1 0 1 0 0 1 0
90	49	0 0 0 1 0 0 0 1 0 0 0 1 0 0 1 0
90	39	1 0 0 0 0 1 0 1 0 0 0 1 0 0 1 0
90	56	1 0 0 0 0 0 0 1 1 0 0 1 0 0 1 0
90	10	1 0 0 0 0 1 0 1 0 0 0 1 0 0 0 0
90	15	0 0 0 1 0 0 0 1 1 0 0 1 0 0 1 0
90	14	1 0 0 0 0 0 0 1 1 1 0 0 1 0 1 0
90	3	0 0 0 0 0 1 0 1 0 0 0 1 0 0 1 0
90	1	1 0 0 0 0 0 1 0 0 0 0 1 0 0 1 0
90	9	0 0 0 1 0 0 0 1 0 0 0 0 0 0 1 0
90	25	1 0 1 0 0 1 0 1 0 0 0 1 0 0 1 0
90	2	0 0 0 0 0 0 1 1 0 0 0 1 0 0 1 0
90	27	1 0 0 0 0 0 0 1 1 1 0 1 0 0 1 0
90	2	0 0 0 0 0 0 0 1 0 1 0 1 0 1 1 0
90	11	1 0 0 1 0 0 0 1 0 0 1 1 0 0 1 0
90	8	0 0 0 0 0 0 1 1 0 1 0 1 0 0 1 0
90	9	0 0 0 0 0 0 0 0 0 0 0 1 1 0 1 0
90	11	0 0 0 1 0 0 0 1 0 0 1 1 0 0 1 0
90	8	1 0 1 0 0 0 0 1 1 1 0 1 0 0 1 0
90	12	0 0 0 1 0 1 0 1 0 0 0 1 0 0 1 0
90	2	1 0 0 1 0 0 0 1 0 0 0 1 0 1 1 0
90	14	1 0 0 1 0 0 0 1 0 0 0 1 0 0 1 0
90	2	0 0 0 1 0 0 1 1 0 0 0 1 0 0 1 0
90	2	1 0 0 0 0 0 1 0 0 0 0 1 0 1 1 0
90	13	0 1 1 0 0 0 0 0 0 0 0 1 0 0 1 0
90	1	0 0 0 0 0 0 0 1 0 0 0 1 0 0 1 1
90	111	0 0 1 1 0 0 0 1 0 0 0 1 0 0 1 0
90	17	0 0 0 1 0 0 0 1 1 0 1 1 0 0 1 0
90	6	0 1 0 1 0 0 0 1 0 0 0 1 0 0 1 0
90	9	1 0 0 0 0 0 0 1 0 0 0 0 0 0 1 0
90	5	1 0 0 0 0 1 0 1 0 0 0 1 0 1 1 0
90	3	1 0 0 0 0 0 0 1 1 0 0 1 1 0 1 0
90	21	1 1 1 0 0 1 0 1 0 0 0 1 0 0 1 0
90	10	0 0 1 1 0 0 0 1 0 0 1 1 0 0 1 0
90	5	1 0 0 1 0 0 0 1 1 0 0 1 0 0 1 0
90	1	0 0 1 0 0 0 0 1 0 0 1 1 0 0 1 0
90	1	1 0 0 0 1 0 0 1 0 0 0 0 0 0 1 0
90	4	1 0 1 0 0 1 0 1 0 1 0 1 0 0 1 0
90	2	1 0 0 0 0 0 0 1 0 0 0 1 0 0 0 0
90	5	1 0 1 0 0 0 0 1 0 0 0 1 0 0 1 0
90	16	1 0 0 0 1 1 0 1 1 0 0 0 0 0 1 0
90	2	1 0 0 0 0 0 0 1 1 1 0 1 0 0 1 1
90	7	0 0 0 1 0 0 0 1 0 0 0 1 1 0 1 0
90	16	0 0 0 1 0 1 0 1 0 0 0 0 0 0 1 0
90	12	1 1 0 1 0 0 0 1 0 0 0 1 0 0 1 0
90	1	0 0 0 0 0 0 0 1 1 0 1 1 0 0 1 0
90	9	1 0 1 0 0 1 0 1 0 0 1 1 0 0 1 0
90	3	1 0 1 0 0 1 0 1 0 0 0 1 0 1 1 0
90	3	1 0 1 0 1 1 0 1 0 0 0 1 0 0 1 0
90	7	0 0 1 1 0 0 0 1 0 0 0 0 0 0 1 0
90	7	0 0 1 0 0 1 0 1 0 0 0 1 0 0 1 0
90	2	0 1 0 0 0 0 0 1 0 0 0 1 0 0 1 0
90	1	0 0 0 0 1 0 0 1 0 1 0 1 0 0 1 0
90	6	0 0 0 1 1 0 0 1 0 0 0 1 0 0 1 0
90	4	1 0 0 0 0 1 0 1 0 1 0 1 0 0 1 0
90	9	1 0 0 0 0 0 0 1 0 1 0 0 1 0 1 0
90	3	1 1 0 0 0 0 0 1 0 0 0 1 0 0 1 0
90	5	0 0 0 0 0 0 1 0 0 0 0 1 0 0 1 0
90	2	1 0 1 0 1 1 0 1 0 1 0 1 0 0 1 0
90	2	0 1 0 0 0 0 0 1 0 0 0 1 0 0 0 0
90	1	0 0 0 1 0 0 0 1 0 0 0 1 0 0 0 0
90	5	1 0 0 0 0 0 0 0 1 0 0 1 0 0 1 0
90	9	0 0 0 1 0 0 1 1 0 0 1 1 0 0 1 0
90	3	1 0 0 0 0 0 0 1 0 0 1 1 0 0 1 0
90	2	0 0 0 0 1 0 0 1 0 0 0 1 0 0 0 0
90	2	0 0 0 0 1 0 0 1 1 0 0 1 0 0 1 0
90	1	1 1 0 0 1 0 0 1 1 0 0 0 0 0 1 0
90	2	1 1 0 0 0 0 0 1 1 0 0 1 0 0 1 0
90	3	0 0 0 1 0 0 0 1 0 0 0 0 1 0 1 0
90	3	0 0 1 1 0 0 0 0 0 0 0 1 0 0 1 0
90	1	1 0 1 0 0 1 0 1 0 0 0 0 0 0 1 0
90	1	0 0 0 0 0 0 0 0 1 0 0 1 0 0 1 0
90	2	1 0 0 0 0 0 0 1 0 1 0 1 0 0 1 1
90	1	0 0 0 1 0 0 0 1 1 1 0 1 0 0 1 0
90	2	1 0 0 1 1 0 0 1 0 0 0 1 0 0 1 0
90	1	0 1 0 1 1 1 0 1 0 0 0 1 0 0 1 0
90	2	0 0 1 1 0 0 0 1 1 0 0 1 0 0 1 0
90	2	0 0 1 1 0 0 0 1 0 0 0 1 0 0 1 1
90	1	1 0 1 1 0 0 0 1 0 0 0 1 0 0 1 0
90	2	1 0 0 0 0 1 0 1 0 1 0 0 1 0 1 0
100	48	0 0 0 0 0 0 0 1 0 0 0 1 0 0 1 0
100	126	1 0 0 0 0 0 0 1 0 0 0 1 0 0 1 0
100	6	1 0 0 0 0 0 0 1 1 0 0 0 0 0 1 0
100	11	0 0 0 0 1 0 0 1 0 0 0 1 0 0 1 0
100	9	1 0 0 0 0 0 0 1 0 1 0 1 0 0 1 0
100	40	0 0 0 1 0 0 0 1 0 0 0 1 0 0 1 0
100	53	1 0 0 0 0 1 0 1 0 0 0 1 0 0 1 0
100	37	1 0 0 0 0 0 0 1 1 0 0 1 0 0 1 0
100	3	0 0 0 1 0 0 0 1 1 0 0 1 0 0 1 0
100	4	1 0 0 0 0 0 1 0 0 0 0 1 0 0 1 0
100	26	1 0 1 0 0 1 0 1 0 0 0 1 0 0 1 0
100	24	0 0 0 0 0 0 1 1 0 0 0 1 0 0 1 0
100	57	1 0 0 0 0 0 0 1 1 1 0 1 0 0 1 0
100	5	1 0 0 1 0 0 0 1 0 0 1 1 0 0 1 0
100	16	0 0 0 0 0 0 1 1 0 1 0 1 0 0 1 0
100	14	0 0 0 1 0 0 0 1 0 0 1 1 0 0 1 0
100	19	1 0 1 0 0 0 0 1 1 1 0 1 0 0 1 0
100	4	0 0 0 1 0 1 0 1 0 0 0 1 0 0 1 0
100	3	1 0 0 1 0 0 0 1 0 0 0 1 0 1 1 0
100	22	1 0 0 1 0 0 0 1 0 0 0 1 0 0 1 0
100	7	0 1 1 0 0 0 0 0 0 0 0 1 0 0 1 0
100	119	0 0 1 1 0 0 0 1 0 0 0 1 0 0 1 0
100	6	0 0 0 1 0 0 0 1 1 0 1 1 0 0 1 0
100	6	1 0 0 0 0 0 0 1 0 0 0 0 0 0 1 0
100	9	1 0 0 0 0 1 0 1 0 0 0 1 0 1 1 0
100	9	1 0 0 0 0 0 0 1 1 0 0 1 1 0 1 0
100	26	1 1 1 0 0 1 0 1 0 0 0 1 0 0 1 0
100	18	0 0 1 1 0 0 0 1 0 0 1 1 0 0 1 0
100	4	1 0 0 0 1 0 0 1 0 0 0 0 0 0 1 0
100	14	1 0 1 0 0 1 0 1 0 1 0 1 0 0 1 0
100	17	1 0 1 0 0 0 0 1 0 0 0 1 0 0 1 0
100	22	1 0 0 0 1 1 0 1 1 0 0 0 0 0 1 0
100	4	0 0 0 1 0 0 0 1 0 0 0 1 1 0 1 0
100	10	0 0 0 1 0 1 0 1 0 0 0 0 0 0 1 0
100	3	1 1 0 1 0 0 0 1 0 0 0 1 0 0 1 0
100	19	1 0 1 0 0 1 0 1 0 0 1 1 0 0 1 0
100	1	1 0 1 0 0 1 0 1 0 0 0 1 0 1 1 0
100	1	0 0 1 1 0 0 0 1 0 0 0 0 0 0 1 0
100	13	0 0 1 0 0 1 0 1 0 0 0 1 0 0 1 0
100	6	0 1 0 0 0 0 0 1 0 0 0 1 0 0 1 0
100	9	0 0 0 1 1 0 0 1 0 0 0 1 0 0 1 0
100	2	1 0 0 0 0 1 0 1 0 1 0 1 0 0 1 0
100	3	1 0 0 0 0 0 0 1 0 1 0 0 1 0 1 0
100	1	1 0 0 0 0 0 0 0 1 0 0 1 0 0 1 0
100	6	0 0 0 1 0 0 1 1 0 0 1 1 0 0 1 0
100	11	1 0 0 0 0 0 0 1 0 0 1 1 0 0 1 0
100	4	0 0 0 1 0 0 0 1 0 0 0 0 1 0 1 0
100	1	0 0 1 1 0 0 0 1 1 0 0 1 0 0 1 0
100	3	1 0 1 1 0 0 0 1 0 0 0 1 0 0 1 0
100	1	1 0 0 0 1 0 0 1 0 0 0 1 0 0 1 0
100	16	1 1 0 0 0 0 0 1 0 1 0 1 0 0 1 0
100	3	0 0 0 1 0 0 0 1 0 0 1 1 0 1 1 0
100	3	1 0 0 1 0 0 0 1 0 0 0 0 0 0 1 0
100	5	0 0 0 1 0 0 0 1 0 0 1 1 1 0 1 0
100	4	1 0 0 0 0 0 0 0 0 1 0 1 0 0 1 1
100	3	0 0 0 0 0 0 0 1 0 1 0 1 0 0 1 1
100	5	0 0 1 1 0 0 0 1 0 0 0 1 0 0 1 1
100	5	1 0 0 0 0 1 0 1 0 0 0 1 1 0 1 0
100	5	0 0 1 0 0 0 0 1 0 0 0 1 0 0 1 0
100	6	0 1 1 1 0 0 0 1 0 0 0 1 0 0 1 0
100	1	1 0 0 0 0 0 0 1 0 0 0 1 0 1 1 0
100	2	1 0 0 0 0 0 1 1 0 0 0 1 0 0 1 0
100	6	1 0 0 0 0 1 0 0 0 0 0 1 0 0 1 0
100	1	1 0 0 0 1 0 0 1 1 1 0 1 0 0 1 0
100	3	1 0 0 0 0 1 0 1 0 1 0 0 0 0 1 0
100	2	1 0 1 0 0 1 0 1 0 0 0 1 1 0 1 0
100	3	0 0 0 1 0 0 0 0 0 0 0 1 1 0 1 0
100	2	1 0 0 0 0 1 0 1 0 0 0 0 0 1 1 0
100	1	1 0 0 0 0 1 0 1 0 0 0 0 0 0 1 0
100	1	1 0 1 0 1 1 0 1 1 0 0 0 0 0 1 0
100	1	0 0 1 0 0 0 0 1 1 0 0 1 1 0 1 0
100	3	1 0 0 1 0 0 0 1 0 0 1 1 0 1 1 0
100	4	1 0 0 1 0 0 0 1 0 1 0 1 0 0 1 0
100	5	0 0 1 1 0 0 0 1 0 1 0 1 0 0 1 0
100	2	0 1 0 1 0 0 0 1 1 0 1 1 0 0 1 0
100	2	1 0 0 1 0 0 1 1 0 0 0 1 0 0 1 0
100	2	0 0 1 1 0 0 0 1 1 1 0 1 0 0 1 0
100	2	0 0 0 0 0 0 0 1 1 0 0 1 0 0 1 0
100	4	1 1 1 0 0 0 0 0 0 0 0 1 0 0 1 0
100	2	0 0 1 1 0 0 0 1 0 0 1 1 0 0 1 1
100	1	1 1 1 0 0 1 0 1 0 0 0 1 1 0 1 0
100	1	1 0 0 0 0 0 0 1 0 0 0 1 1 0 1 0
100	1	0 0 0 1 0 0 0 1 1 0 0 0 0 0 1 0
100	1	1 1 0 1 0 0 0 1 1 0 0 0 0 0 1 0
100	2	0 0 0 0 0 1 0 1 0 0 0 1 0 0 1 0
100	2	0 0 1 1 0 0 0 0 0 0 0 1 0 0 1 0
100	2	1 0 0 0 1 0 0 1 1 0 0 0 0 0 1 0
100	2	0 0 0 1 1 1 0 1 0 0 0 1 0 0 1 0
100	1	0 0 0 1 0 1 1 1 0 0 1 1 0 0 1 0
100	1	0 0 1 1 0 0 1 1 0 0 1 1 0 0 1 0
110	17	0 0 0 0 0 0 0 1 0 0 0 1 0 0 1 0
110	144	1 0 0 0 0 0 0 1 0 0 0 1 0 0 1 0
110	10	1 0 0 0 0 0 0 1 1 0 0 0 0 0 1 0
110	8	1 0 0 0 0 0 0 1 0 1 0 1 0 0 1 0
110	24	0 0 0 1 0 0 0 1 0 0 0 1 0 0 1 0
110	24	1 0 0 0 0 1 0 1 0 0 0 1 0 0 1 0
110	38	1 0 0 0 0 0 0 1 1 0 0 1 0 0 1 0
110	14	1 0 1 0 0 1 0 1 0 0 0 1 0 0 1 0
110	18	0 0 0 0 0 0 1 1 0 0 0 1 0 0 1 0
110	63	1 0 0 0 0 0 0 1 1 1 0 1 0 0 1 0
110	8	1 0 0 1 0 0 0 1 0 0 1 1 0 0 1 0
110	7	0 0 0 0 0 0 1 1 0 1 0 1 0 0 1 0
110	12	0 0 0 1 0 0 0 1 0 0 1 1 0 0 1 0
110	35	1 0 1 0 0 0 0 1 1 1 0 1 0 0 1 0
110	24	1 0 0 1 0 0 0 1 0 0 0 1 0 0 1 0
110	4	0 1 1 0 0 0 0 0 0 0 0 1 0 0 1 0
110	62	0 0 1 1 0 0 0 1 0 0 0 1 0 0 1 0
110	9	0 0 0 1 0 0 0 1 1 0 1 1 0 0 1 0
110	11	1 0 0 0 0 0 0 1 0 0 0 0 0 0 1 0
110	4	1 0 0 0 0 1 0 1 0 0 0 1 0 1 1 0
110	3	1 0 0 0 0 0 0 1 1 0 0 1 1 0 1 0
110	34	1 1 1 0 0 1 0 1 0 0 0 1 0 0 1 0
110	24	0 0 1 1 0 0 0 1 0 0 1 1 0 0 1 0
110	12	1 0 1 0 0 1 0 1 0 1 0 1 0 0 1 0
110	17	1 0 1 0 0 0 0 1 0 0 0 1 0 0 1 0
110	30	1 0 0 0 1 1 0 1 1 0 0 0 0 0 1 0
110	10	0 0 0 1 0 0 0 1 0 0 0 1 1 0 1 0
110	4	0 0 0 1 0 1 0 1 0 0 0 0 0 0 1 0
110	2	0 1 0 0 0 0 0 1 0 0 0 1 0 0 1 0
110	3	0 0 0 1 1 0 0 1 0 0 0 1 0 0 1 0
110	3	0 0 0 1 0 0 1 1 0 0 1 1 0 0 1 0
110	26	1 0 0 0 0 0 0 1 0 0 1 1 0 0 1 0
110	1	0 0 0 1 0 0 0 1 0 0 0 0 1 0 1 0
110	45	1 1 0 0 0 0 0 1 0 1 0 1 0 0 1 0
110	23	1 0 0 1 0 0 0 1 0 0 0 0 0 0 1 0
110	7	0 0 0 1 0 0 0 1 0 0 1 1 1 0 1 0
110	8	1 0 0 0 0 0 0 0 0 1 0 1 0 0 1 1
110	10	1 0 0 0 0 1 0 1 0 0 0 1 1 0 1 0
110	3	0 0 1 0 0 0 0 1 0 0 0 1 0 0 1 0
110	11	0 1 1 1 0 0 0 1 0 0 0 1 0 0 1 0
110	11	1 0 0 0 0 1 0 0 0 0 0 1 0 0 1 0
110	16	1 0 0 0 0 1 0 1 0 1 0 0 0 0 1 0
110	2	1 0 0 1 0 0 0 1 0 0 1 1 0 1 1 0
110	8	0 0 1 1 0 0 0 1 0 1 0 1 0 0 1 0
110	15	1 0 0 1 0 0 1 1 0 0 0 1 0 0 1 0
110	2	0 0 1 1 0 0 0 1 1 1 0 1 0 0 1 0
110	9	1 1 1 0 0 0 0 0 0 0 0 1 0 0 1 0
110	7	0 0 1 1 0 0 0 0 0 0 0 1 0 0 1 0
110	1	1 0 0 0 1 0 0 1 1 0 0 0 0 0 1 0
110	6	1 0 0 1 0 0 0 1 1 0 0 1 0 0 1 0
110	1	1 0 1 1 0 0 0 1 0 0 1 1 0 0 1 0
110	15	1 1 0 0 0 0 0 1 0 1 0 0 0 0 1 0
110	3	1 0 1 1 0 0 0 1 0 0 0 1 0 0 1 0
110	3	0 0 0 1 0 0 1 1 0 0 0 1 0 0 1 0
110	4	0 0 1 1 0 0 0 1 1 0 0 1 0 0 1 0
110	4	0 0 0 1 0 0 0 1 0 0 0 0 0 0 1 0
110	11	1 0 0 0 1 1 0 1 1 0 0 1 0 0 1 0
110	6	1 1 0 0 0 0 0 1 0 0 0 1 0 0 1 0
110	4	1 0 0 0 0 0 0 1 1 1 0 0 0 0 1 0
110	1	1 0 0 0 0 0 0 1 0 0 0 1 0 0 0 0
110	3	1 0 1 1 0 1 0 1 0 1 0 1 0 0 1 0
110	6	1 0 1 0 1 1 0 1 1 0 0 0 0 0 1 0
110	1	0 1 1 0 0 0 0 1 0 0 0 1 0 0 1 0
110	3	0 0 0 0 0 0 0 1 0 0 0 0 0 0 1 0
110	4	1 0 0 0 0 0 0 1 1 1 0 1 0 0 1 1
110	4	0 0 1 1 0 1 0 1 0 0 0 0 0 0 1 0
110	2	1 0 0 1 0 0 0 1 0 0 1 0 1 0 1 0
110	1	1 0 1 0 0 1 0 1 1 1 0 1 0 0 1 0
110	1	1 1 1 1 0 1 0 1 0 0 0 1 0 0 1 0
110	4	1 0 0 0 0 0 1 1 0 0 0 1 0 0 1 0
110	1	1 0 0 0 0 0 0 1 0 0 0 1 0 1 1 0
110	4	0 0 1 0 0 1 0 1 0 0 0 1 0 0 1 0
110	2	0 0 1 1 0 0 0 1 0 0 0 0 0 0 1 0
110	1	0 0 0 1 0 0 1 1 1 0 1 1 0 0 1 0
110	2	1 0 0 1 0 0 0 1 1 0 0 0 0 0 1 0
110	3	1 1 0 1 0 0 0 1 0 0 0 0 0 0 1 0
110	1	1 0 0 1 0 0 1 1 0 0 0 1 0 0 1 1
110	1	1 0 0 0 0 1 0 1 0 0 0 1 0 0 0 0
110	1	0 0 0 0 0 0 0 1 0 0 1 1 0 0 1 0
110	2	1 0 0 0 1 0 0 1 1 0 0 1 0 0 1 0
110	1	0 0 1 0 0 0 1 1 0 0 0 1 0 0 1 0
110	3	1 0 0 0 0 0 1 1 1 1 0 1 0 0 1 0
110	1	1 0 1 0 0 0 0 1 1 0 0 1 0 0 1 0
110	1	0 0 1 1 0 1 0 1 0 0 0 1 0 0 1 0
110	2	0 0 1 1 0 0 1 1 0 0 0 1 0 0 1 0
110	4	0 0 1 1 0 0 0 1 0 0 0 1 0 0 1 1
120	9	0 0 0 0 0 0 0 1 0 0 0 1 0 0 1 0
120	81	1 0 0 0 0 0 0 1 0 0 0 1 0 0 1 0
120	8	1 0 0 0 0 0 0 1 1 0 0 0 0 0 1 0
120	41	0 0 0 1 0 0 0 1 0 0 0 1 0 0 1 0
120	10	1 0 0 0 0 1 0 1 0 0 0 1 0 0 1 0
120	15	1 0 0 0 0 0 0 1 1 0 0 1 0 0 1 0
120	10	1 0 1 0 0 1 0 1 0 0 0 1 0 0 1 0
120	28	0 0 0 0 0 0 1 1 0 0 0 1 0 0 1 0
120	85	1 0 0 0 0 0 0 1 1 1 0 1 0 0 1 0
120	2	1 0 0 1 0 0 0 1 0 0 1 1 0 0 1 0
120	15	0 0 0 1 0 0 0 1 0 0 1 1 0 0 1 0
120	40	1 0 1 0 0 0 0 1 1 1 0 1 0 0 1 0
120	26	1 0 0 1 0 0 0 1 0 0 0 1 0 0 1 0
120	25	0 1 1 0 0 0 0 0 0 0 0 1 0 0 1 0
120	88	0 0 1 1 0 0 0 1 0 0 0 1 0 0 1 0
120	18	1 0 0 0 0 0 0 1 0 0 0 0 0 0 1 0
120	44	1 1 1 0 0 1 0 1 0 0 0 1 0 0 1 0
120	29	0 0 1 1 0 0 0 1 0 0 1 1 0 0 1 0
120	15	1 0 1 0 0 1 0 1 0 1 0 1 0 0 1 0
120	17	1 0 1 0 0 0 0 1 0 0 0 1 0 0 1 0
120	22	1 0 0 0 1 1 0 1 1 0 0 0 0 0 1 0
120	2	0 0 0 1 0 0 0 1 0 0 0 1 1 0 1 0
120	1	0 0 0 1 0 1 0 1 0 0 0 0 0 0 1 0
120	15	1 0 0 0 0 0 0 1 0 0 1 1 0 0 1 0
120	1	0 0 0 1 0 0 0 1 0 0 0 0 1 0 1 0
120	36	1 1 0 0 0 0 0 1 0 1 0 1 0 0 1 0
120	6	1 0 0 1 0 0 0 1 0 0 0 0 0 0 1 0
120	6	1 0 0 0 0 1 0 1 0 0 0 1 1 0 1 0
120	14	0 0 1 0 0 0 0 1 0 0 0 1 0 0 1 0
120	2	0 1 1 1 0 0 0 1 0 0 0 1 0 0 1 0
120	6	1 0 0 0 0 1 0 1 0 1 0 0 0 0 1 0
120	1	0 0 1 1 0 0 0 1 0 1 0 1 0 0 1 0
120	5	1 0 0 1 0 0 1 1 0 0 0 1 0 0 1 0
120	25	1 1 1 0 0 0 0 0 0 0 0 1 0 0 1 0
120	9	0 0 1 1 0 0 0 0 0 0 0 1 0 0 1 0
120	5	1 1 0 0 0 0 0 1 0 1 0 0 0 0 1 0
120	25	1 0 1 1 0 0 0 1 0 0 0 1 0 0 1 0
120	10	0 0 1 1 0 0 0 1 1 0 0 1 0 0 1 0
120	1	0 0 0 1 0 0 0 1 0 0 0 0 0 0 1 0
120	3	1 0 0 0 1 1 0 1 1 0 0 1 0 0 1 0
120	10	1 0 0 0 0 0 0 1 0 0 0 1 0 0 0 0
120	23	0 0 0 0 0 0 0 1 0 0 0 0 0 0 1 0
120	6	1 0 0 0 0 0 0 1 1 1 0 1 0 0 1 1
120	11	0 0 1 1 0 1 0 1 0 0 0 0 0 0 1 0
120	7	1 1 1 1 0 1 0 1 0 0 0 1 0 0 1 0
120	17	0 0 1 0 0 1 0 1 0 0 0 1 0 0 1 0
120	8	1 0 0 0 0 0 1 1 1 1 0 1 0 0 1 0
120	7	1 0 0 0 0 0 0 0 0 0 0 1 0 0 1 0
120	11	1 0 0 1 0 0 0 1 0 0 0 1 0 0 1 1
120	9	1 0 0 1 0 1 0 1 0 0 0 1 0 0 1 0
120	2	1 0 0 0 0 1 0 1 0 1 0 1 0 0 1 0
120	5	0 0 0 0 0 0 1 0 0 1 0 1 0 0 1 0
120	1	1 0 0 1 0 0 0 1 0 0 0 0 1 0 1 0
120	4	1 0 0 0 1 1 0 1 1 0 0 1 0 1 1 0
120	3	1 0 0 0 0 0 1 1 0 0 0 1 0 0 1 0
120	10	1 0 0 1 1 0 0 1 0 0 0 1 0 0 1 0
120	5	0 0 0 0 1 1 0 1 1 0 0 0 0 0 1 0
120	3	1 1 1 0 0 0 1 0 0 0 0 1 0 0 1 0
120	3	1 0 1 0 0 0 0 1 1 1 0 0 0 0 1 0
120	8	0 0 1 0 0 0 0 0 0 0 0 1 0 0 1 0
120	1	0 1 1 1 0 1 0 1 0 0 0 0 0 0 1 0
120	6	1 1 0 0 0 0 0 1 0 0 0 1 0 0 0 0
120	1	0 0 0 0 0 1 0 1 0 0 0 1 0 0 1 0
120	2	1 0 0 0 0 1 0 1 0 0 0 1 0 1 0 0
120	6	1 1 1 0 0 1 0 1 0 0 0 0 0 0 1 0
120	1	1 1 0 0 0 0 0 1 0 0 0 1 0 0 1 0
120	1	1 1 1 0 0 0 0 0 0 0 0 1 0 0 0 0
120	2	1 0 0 0 0 1 0 1 0 0 0 1 0 0 0 0
120	3	0 0 0 1 0 1 0 1 0 0 0 1 0 0 1 0
120	2	1 0 0 0 0 0 0 1 0 1 0 1 0 0 1 0
120	2	1 1 1 0 1 1 0 1 1 0 0 0 0 0 1 0
120	1	1 0 0 0 0 0 0 1 0 0 0 1 1 0 1 0
120	1	1 0 0 0 0 0 0 1 1 0 0 1 0 1 1 0
120	4	0 0 1 1 0 0 0 1 0 0 0 1 1 0 1 0
120	4	1 1 1 0 0 1 0 1 1 0 0 1 0 0 1 0
120	1	1 0 1 0 0 0 0 1 0 0 0 1 0 1 1 0
120	2	1 0 0 0 0 1 0 1 1 0 0 0 0 0 1 0
120	1	1 0 0 0 0 0 0 1 1 1 0 0 0 0 1 0
120	2	1 0 0 1 0 1 0 1 1 0 0 1 0 0 1 0
120	1	0 0 1 1 0 1 0 1 0 0 0 1 0 0 1 0
120	1	1 0 0 0 0 0 0 1 0 1 0 1 0 0 0 0
120	1	1 1 1 1 1 1 0 1 0 0 0 1 0 0 1 0
130	86	1 0 0 0 0 0 0 1 0 0 0 1 0 0 1 0
130	2	1 0 0 0 0 0 0 1 1 0 0 0 0 0 1 0
130	30	0 0 0 1 0 0 0 1 0 0 0 1 0 0 1 0
130	24	1 0 0 0 0 1 0 1 0 0 0 1 0 0 1 0
130	6	1 0 0 0 0 0 0 1 1 0 0 1 0 0 1 0
130	12	1 0 1 0 0 1 0 1 0 0 0 1 0 0 1 0
130	11	0 0 0 0 0 0 1 1 0 0 0 1 0 0 1 0
130	54	1 0 0 0 0 0 0 1 1 1 0 1 0 0 1 0
130	6	0 0 0 1 0 0 0 1 0 0 1 1 0 0 1 0
130	11	1 0 1 0 0 0 0 1 1 1 0 1 0 0 1 0
130	41	1 0 0 1 0 0 0 1 0 0 0 1 0 0 1 0
130	21	0 1 1 0 0 0 0 0 0 0 0 1 0 0 1 0
130	33	0 0 1 1 0 0 0 1 0 0 0 1 0 0 1 0
130	20	1 0 0 0 0 0 0 1 0 0 0 0 0 0 1 0
130	56	1 1 1 0 0 1 0 1 0 0 0 1 0 0 1 0
130	8	0 0 1 1 0 0 0 1 0 0 1 1 0 0 1 0
130	9	1 0 1 0 0 1 0 1 0 1 0 1 0 0 1 0
130	22	1 0 1 0 0 0 0 1 0 0 0 1 0 0 1 0
130	14	1 0 0 0 1 1 0 1 1 0 0 0 0 0 1 0
130	37	1 0 0 0 0 0 0 1 0 0 1 1 0 0 1 0
130	33	1 1 0 0 0 0 0 1 0 1 0 1 0 0 1 0
130	38	1 0 0 1 0 0 0 1 0 0 0 0 0 0 1 0
130	26	0 0 1 0 0 0 0 1 0 0 0 1 0 0 1 0
130	2	0 1 1 1 0 0 0 1 0 0 0 1 0 0 1 0
130	8	1 0 0 0 0 1 0 1 0 1 0 0 0 0 1 0
130	14	1 1 1 0 0 0 0 0 0 0 0 1 0 0 1 0
130	7	1 1 0 0 0 0 0 1 0 1 0 0 0 0 1 0
130	21	1 0 1 1 0 0 0 1 0 0 0 1 0 0 1 0
130	11	0 0 1 1 0 0 0 1 1 0 0 1 0 0 1 0
130	6	1 0 0 0 1 1 0 1 1 0 0 1 0 0 1 0
130	6	1 0 0 0 0 0 0 1 0 0 0 1 0 0 0 0
130	6	0 0 0 0 0 0 0 1 0 0 0 0 0 0 1 0
130	21	1 0 0 0 0 0 0 1 1 1 0 1 0 0 1 1
130	33	0 0 1 1 0 1 0 1 0 0 0 0 0 0 1 0
130	2	1 1 1 1 0 1 0 1 0 0 0 1 0 0 1 0
130	13	0 0 1 0 0 1 0 1 0 0 0 1 0 0 1 0
130	7	1 0 0 0 0 0 1 1 1 1 0 1 0 0 1 0
130	5	1 0 0 0 0 0 0 0 0 0 0 1 0 0 1 0
130	7	1 0 0 1 0 1 0 1 0 0 0 1 0 0 1 0
130	11	0 0 0 0 0 0 1 0 0 1 0 1 0 0 1 0
130	10	0 0 0 0 1 1 0 1 1 0 0 0 0 0 1 0
130	6	1 1 1 0 0 0 1 0 0 0 0 1 0 0 1 0
130	9	1 1 0 0 0 0 0 1 0 0 0 1 0 0 0 0
130	7	1 1 0 0 0 0 0 1 0 0 0 1 0 0 1 0
130	19	0 0 0 1 0 1 0 1 0 0 0 1 0 0 1 0
130	19	1 0 0 0 0 0 0 1 0 1 0 1 0 0 1 0
130	16	1 1 1 0 1 1 0 1 1 0 0 0 0 0 1 0
130	10	1 0 0 1 0 1 0 1 1 0 0 1 0 0 1 0
130	7	1 1 1 1 1 1 0 1 0 0 0 1 0 0 1 0
130	2	1 0 0 0 0 0 0 1 0 0 0 1 0 1 1 0
130	5	1 0 1 0 0 0 0 1 1 0 0 0 0 0 1 0
130	1	1 0 0 0 0 0 0 1 1 1 1 1 0 0 1 0
130	4	1 0 0 0 0 0 1 1 0 0 0 1 0 0 1 0
130	5	1 0 0 0 0 1 0 1 0 0 1 1 0 0 1 0
130	1	1 0 1 0 1 0 0 1 1 1 0 1 0 0 1 0
130	2	1 1 1 0 0 1 0 0 0 0 0 1 0 0 1 0
130	3	1 0 0 0 0 0 0 0 1 0 0 0 0 0 1 0
130	3	1 0 0 0 1 0 0 1 1 0 0 1 0 0 1 0
130	3	0 1 1 0 0 0 0 0 0 0 0 1 1 0 1 0
130	1	0 0 1 1 0 0 0 1 0 0 0 1 0 1 1 0
130	1	0 0 1 1 0 0 0 1 0 1 0 1 0 0 1 0
130	1	1 0 1 0 0 0 0 1 0 0 0 0 0 0 1 0
130	2	1 0 0 0 1 1 0 0 1 0 0 0 0 0 1 0
130	1	1 0 1 0 0 0 0 0 0 0 0 1 0 0 1 0
130	5	1 0 1 0 0 0 0 1 0 1 0 1 0 0 1 0
130	6	1 0 0 0 0 0 0 1 0 0 0 1 1 0 1 0
130	2	0 0 0 0 0 0 0 1 1 1 0 1 0 0 1 0
130	15	0 0 1 0 0 0 0 1 0 0 0 0 0 0 1 0
130	2	0 0 1 1 0 1 0 1 0 1 0 0 0 0 1 0
130	4	0 0 1 0 0 0 0 1 1 0 0 0 0 0 1 0
130	2	0 0 1 1 0 0 1 1 0 0 0 1 0 0 1 0
130	6	1 0 0 0 0 0 0 1 0 0 1 0 0 0 1 0
130	7	1 1 1 0 0 1 0 1 0 0 1 0 0 0 1 0
130	5	1 0 0 0 1 0 0 0 1 0 0 0 0 0 1 0
130	1	1 0 0 0 0 0 0 0 0 0 0 0 0 0 1 0
130	1	0 0 0 1 0 0 0 0 0 0 0 1 0 0 1 0
130	3	1 0 0 1 0 0 0 1 0 0 1 1 0 0 1 0
130	1	1 0 0 0 0 0 0 1 0 0 1 1 0 1 1 0
130	1	1 1 0 0 1 1 0 1 1 0 0 1 0 0 1 0
130	3	1 0 0 0 0 0 0 1 1 0 0 1 0 0 0 0
130	2	0 0 1 1 0 1 0 1 1 0 0 0 0 0 1 0
130	2	0 0 0 0 0 0 1 0 1 1 0 1 0 0 1 0
130	1	0 1 1 0 0 0 0 0 0 0 0 1 0 0 0 0
130	1	1 0 0 0 0 1 0 1 0 1 0 1 0 0 1 0
130	1	1 1 1 0 0 0 0 0 0 0 0 0 0 0 1 0
130	1	0 0 0 1 0 0 0 1 0 0 0 0 0 0 1 0
130	3	0 0 0 0 0 0 1 1 0 0 0 0 0 0 1 0
130	3	1 0 0 0 0 0 0 1 0 1 0 0 0 0 1 0
130	2	0 0 1 1 1 0 0 1 0 0 1 1 0 0 1 0
130	1	1 0 0 0 1 1 0 1 0 0 0 1 0 0 1 0
130	1	0 0 0 0 0 0 0 1 1 1 1 1 0 0 1 0
140	63	1 0 0 0 0 0 0 1 0 0 0 1 0 0 1 0
140	2	1 0 0 0 0 0 0 1 1 0 0 0 0 0 1 0
140	17	0 0 0 1 0 0 0 1 0 0 0 1 0 0 1 0
140	51	1 0 0 0 0 1 0 1 0 0 0 1 0 0 1 0
140	5	1 0 0 0 0 0 0 1 1 0 0 1 0 0 1 0
140	18	1 0 1 0 0 1 0 1 0 0 0 1 0 0 1 0
140	18	0 0 0 0 0 0 1 1 0 0 0 1 0 0 1 0
140	14	1 0 0 0 0 0 0 1 1 1 0 1 0 0 1 0
140	13	1 0 1 0 0 0 0 1 1 1 0 1 0 0 1 0
140	40	1 0 0 1 0 0 0 1 0 0 0 1 0 0 1 0
140	21	0 1 1 0 0 0 0 0 0 0 0 1 0 0 1 0
140	23	0 0 1 1 0 0 0 1 0 0 0 1 0 0 1 0
140	3	1 0 0 0 0 0 0 1 0 0 0 0 0 0 1 0
140	25	1 1 1 0 0 1 0 1 0 0 0 1 0 0 1 0
140	12	0 0 1 1 0 0 0 1 0 0 1 1 0 0 1 0
140	8	1 0 1 0 0 1 0 1 0 1 0 1 0 0 1 0
140	15	1 0 1 0 0 0 0 1 0 0 0 1 0 0 1 0
140	7	1 0 0 0 1 1 0 1 1 0 0 0 0 0 1 0
140	41	1 0 0 0 0 0 0 1 0 0 1 1 0 0 1 0
140	15	1 1 0 0 0 0 0 1 0 1 0 1 0 0 1 0
140	16	1 0 0 1 0 0 0 1 0 0 0 0 0 0 1 0
140	21	0 0 1 0 0 0 0 1 0 0 0 1 0 0 1 0
140	4	0 1 1 1 0 0 0 1 0 0 0 1 0 0 1 0
140	3	1 1 1 0 0 0 0 0 0 0 0 1 0 0 1 0
140	5	1 1 0 0 0 0 0 1 0 1 0 0 0 0 1 0
140	52	1 0 1 1 0 0 0 1 0 0 0 1 0 0 1 0
140	11	0 0 1 1 0 0 0 1 1 0 0 1 0 0 1 0
140	37	1 0 0 0 0 0 0 1 1 1 0 1 0 0 1 1
140	20	0 0 1 1 0 1 0 1 0 0 0 0 0 0 1 0
140	8	0 0 1 0 0 1 0 1 0 0 0 1 0 0 1 0
140	8	1 0 0 0 0 0 0 0 0 0 0 1 0 0 1 0
140	3	1 0 0 1 0 1 0 1 0 0 0 1 0 0 1 0
140	2	0 0 0 0 0 0 1 0 0 1 0 1 0 0 1 0
140	16	1 1 1 0 0 0 1 0 0 0 0 1 0 0 1 0
140	6	1 1 0 0 0 0 0 1 0 0 0 1 0 0 0 0
140	5	1 1 0 0 0 0 0 1 0 0 0 1 0 0 1 0
140	6	0 0 0 1 0 1 0 1 0 0 0 1 0 0 1 0
140	14	1 0 0 0 0 0 0 1 0 1 0 1 0 0 1 0
140	2	1 1 1 0 1 1 0 1 1 0 0 0 0 0 1 0
140	13	1 0 0 1 0 1 0 1 1 0 0 1 0 0 1 0
140	3	1 0 0 0 0 0 0 1 0 0 0 1 0 1 1 0
140	4	1 0 1 0 0 0 0 1 1 0 0 0 0 0 1 0
140	4	1 0 0 0 0 0 0 1 1 1 1 1 0 0 1 0
140	16	1 0 0 0 0 0 1 1 0 0 0 1 0 0 1 0
140	7	1 1 1 0 0 1 0 0 0 0 0 1 0 0 1 0
140	11	1 0 0 0 0 0 0 0 1 0 0 0 0 0 1 0
140	2	0 0 1 1 0 0 0 1 0 0 0 1 0 1 1 0
140	1	1 0 1 0 0 0 0 1 0 1 0 1 0 0 1 0
140	8	1 0 0 0 0 0 0 1 0 0 0 1 1 0 1 0
140	4	0 0 0 0 0 0 0 1 1 1 0 1 0 0 1 0
140	29	0 0 1 0 0 0 0 1 0 0 0 0 0 0 1 0
140	26	0 0 1 0 0 0 0 1 1 0 0 0 0 0 1 0
140	9	0 0 1 1 0 0 1 1 0 0 0 1 0 0 1 0
140	13	1 0 0 0 0 0 0 1 0 0 1 0 0 0 1 0
140	2	1 0 0 1 0 0 0 1 0 0 1 1 0 0 1 0
140	8	1 1 0 0 1 1 0 1 1 0 0 1 0 0 1 0
140	2	0 1 1 0 0 0 0 0 0 0 0 1 0 0 0 0
140	3	0 0 0 1 0 0 0 1 0 0 0 0 0 0 1 0
140	4	1 0 0 0 0 0 0 1 0 1 0 0 0 0 1 0
140	13	1 1 1 0 0 0 0 1 0 0 0 1 0 0 1 0
140	1	1 0 0 0 1 0 0 1 1 1 0 1 0 0 1 1
140	22	1 0 0 1 0 0 0 1 0 0 1 0 0 0 1 0
140	9	1 0 1 0 0 0 0 1 0 0 1 1 0 0 1 0
140	12	1 0 0 0 0 1 0 0 0 0 0 1 0 0 1 0
140	12	1 1 1 0 0 0 0 1 0 1 0 1 0 0 1 0
140	5	1 1 1 0 1 0 0 0 0 0 0 1 0 0 1 0
140	7	0 0 0 0 0 0 1 1 0 0 0 0 0 0 1 0
140	10	1 1 1 0 0 1 0 1 1 1 0 1 0 0 1 0
140	6	1 1 1 0 0 0 0 0 0 0 1 1 0 0 1 0
140	10	1 0 0 0 0 1 0 1 1 0 0 1 0 0 1 0
140	18	1 0 0 1 0 0 0 1 1 0 0 1 0 0 1 0
140	2	1 0 0 1 0 0 0 1 0 0 0 1 1 0 1 0
140	1	0 1 1 0 0 1 0 1 1 0 0 1 0 0 1 0
140	1	1 0 0 0 0 1 0 1 1 1 0 0 0 0 1 1
140	3	1 0 0 1 0 0 1 1 0 0 0 0 0 0 1 0
140	1	0 1 1 1 0 0 0 1 0 0 0 1 0 1 1 0
140	3	1 0 1 1 0 0 0 1 0 0 0 1 1 0 1 0
140	1	1 0 0 0 1 0 0 0 1 0 0 1 0 0 1 0
140	3	0 0 1 1 0 1 0 1 0 1 0 0 0 0 1 0
140	1	0 1 0 0 0 0 0 1 0 0 0 1 0 0 1 0
140	7	0 0 0 1 0 1 0 1 1 0 0 1 0 0 1 0
140	1	1 0 1 0 0 0 0 1 0 1 0 0 0 0 1 0
140	3	0 0 1 1 0 1 0 1 0 0 1 1 0 0 1 0
140	1	1 1 0 0 0 0 1 1 0 1 0 1 0 0 1 0
140	1	1 0 0 1 0 0 0 1 0 0 0 0 1 0 1 0
140	6	1 0 1 1 1 0 0 1 0 0 0 1 0 0 1 0
140	2	1 0 1 1 0 1 0 1 0 0 0 1 0 0 1 0
140	4	0 0 1 1 0 0 1 1 0 0 1 1 0 0 1 0
140	1	0 1 1 0 0 0 0 1 0 0 0 1 0 0 1 0
140	2	0 0 0 0 0 0 0 1 0 0 0 0 0 0 1 0
140	2	1 0 1 1 0 0 1 1 0 0 0 1 0 0 1 0
140	1	1 0 1 0 0 0 0 1 1 1 0 1 0 1 1 0
140	1	1 0 0 1 1 0 0 1 0 0 0 1 0 0 1 0
140	2	1 1 0 0 0 0 0 1 1 1 0 1 0 0 1 1
140	1	0 0 1 1 1 1 0 1 0 0 0 0 0 0 1 0
140	1	1 0 0 1 0 1 0 1 0 1 0 1 0 0 1 0
140	1	1 0 0 0 0 0 1 1 0 0 0 1 0 1 1 0
140	1	1 0 0 0 0 0 0 1 1 0 0 1 1 0 1 0
140	2	0 0 0 0 0 0 0 1 0 1 0 0 0 0 1 0
150	17	1 0 0 0 0 0 0 1 0 0 0 1 0 0 1 0
150	6	0 0 0 1 0 0 0 1 0 0 0 1 0 0 1 0
150	33	1 0 0 0 0 1 0 1 0 0 0 1 0 0 1 0
150	10	1 0 0 0 0 0 0 1 1 0 0 1 0 0 1 0
150	6	1 0 1 0 0 1 0 1 0 0 0 1 0 0 1 0
150	6	0 0 0 0 0 0 1 1 0 0 0 1 0 0 1 0
150	14	1 0 0 0 0 0 0 1 1 1 0 1 0 0 1 0
150	7	1 0 1 0 0 0 0 1 1 1 0 1 0 0 1 0
150	54	1 0 0 1 0 0 0 1 0 0 0 1 0 0 1 0
150	26	0 1 1 0 0 0 0 0 0 0 0 1 0 0 1 0
150	24	0 0 1 1 0 0 0 1 0 0 0 1 0 0 1 0
150	25	0 0 1 1 0 0 0 1 0 0 1 1 0 0 1 0
150	8	1 0 1 0 0 1 0 1 0 1 0 1 0 0 1 0
150	14	1 0 1 0 0 0 0 1 0 0 0 1 0 0 1 0
150	6	1 0 0 0 1 1 0 1 1 0 0 0 0 0 1 0
150	23	1 0 0 0 0 0 0 1 0 0 1 1 0 0 1 0
150	18	1 0 0 1 0 0 0 1 0 0 0 0 0 0 1 0
150	14	0 0 1 0 0 0 0 1 0 0 0 1 0 0 1 0
150	5	0 1 1 1 0 0 0 1 0 0 0 1 0 0 1 0
150	8	1 1 1 0 0 0 0 0 0 0 0 1 0 0 1 0
150	6	1 1 0 0 0 0 0 1 0 1 0 0 0 0 1 0
150	58	1 0 1 1 0 0 0 1 0 0 0 1 0 0 1 0
150	22	0 0 1 1 0 0 0 1 1 0 0 1 0 0 1 0
150	22	1 0 0 0 0 0 0 1 1 1 0 1 0 0 1 1
150	6	0 0 1 1 0 1 0 1 0 0 0 0 0 0 1 0
150	15	0 0 1 0 0 1 0 1 0 0 0 1 0 0 1 0
150	3	0 0 0 0 0 0 1 0 0 1 0 1 0 0 1 0
150	6	1 1 1 0 0 0 1 0 0 0 0 1 0 0 1 0
150	5	1 1 0 0 0 0 0 1 0 0 0 1 0 0 0 0
150	7	0 0 0 1 0 1 0 1 0 0 0 1 0 0 1 0
150	24	1 0 0 0 0 0 0 1 0 1 0 1 0 0 1 0
150	9	1 0 0 1 0 1 0 1 1 0 0 1 0 0 1 0
150	28	1 0 0 0 0 0 1 1 0 0 0 1 0 0 1 0
150	4	1 1 1 0 0 1 0 0 0 0 0 1 0 0 1 0
150	13	1 0 0 0 0 0 0 0 1 0 0 0 0 0 1 0
150	9	1 0 0 0 0 0 0 1 0 0 0 1 1 0 1 0
150	9	0 0 1 0 0 0 0 1 0 0 0 0 0 0 1 0
150	16	0 0 1 0 0 0 0 1 1 0 0 0 0 0 1 0
150	14	1 0 0 0 0 0 0 1 0 0 1 0 0 0 1 0
150	2	0 1 1 0 0 0 0 0 0 0 0 1 0 0 0 0
150	19	1 1 1 0 0 0 0 1 0 0 0 1 0 0 1 0
150	43	1 0 0 1 0 0 0 1 0 0 1 0 0 0 1 0
150	47	1 1 1 0 0 0 0 1 0 1 0 1 0 0 1 0
150	2	1 1 1 0 1 0 0 0 0 0 0 1 0 0 1 0
150	2	0 0 0 0 0 0 1 1 0 0 0 0 0 0 1 0
150	40	1 1 1 0 0 1 0 1 1 1 0 1 0 0 1 0
150	5	1 1 1 0 0 0 0 0 0 0 1 1 0 0 1 0
150	5	1 0 0 0 0 1 0 1 1 0 0 1 0 0 1 0
150	33	1 0 0 1 0 0 0 1 1 0 0 1 0 0 1 0
150	7	1 0 1 1 0 0 0 1 0 0 0 1 1 0 1 0
150	3	0 0 1 1 0 1 0 1 0 0 1 1 0 0 1 0
150	6	0 0 1 1 0 0 1 1 0 0 1 1 0 0 1 0
150	1	1 0 1 1 0 0 1 1 0 0 0 1 0 0 1 0
150	8	0 0 1 1 1 1 0 1 0 0 0 0 0 0 1 0
150	1	1 0 0 0 0 0 1 1 0 0 0 1 0 1 1 0
150	5	1 0 0 0 0 0 0 1 1 0 0 1 1 0 1 0
150	8	1 0 1 1 0 1 0 1 1 0 0 1 0 0 1 0
150	4	0 0 0 1 0 1 0 1 1 0 0 1 0 1 1 0
150	6	1 0 1 0 0 0 0 1 0 0 1 0 0 0 1 0
150	3	0 0 1 1 0 0 0 1 0 0 0 0 0 0 1 0
150	1	0 0 1 1 0 0 0 1 1 1 0 1 0 0 1 1
150	2	0 0 1 1 0 1 0 1 0 0 0 1 0 0 1 0
150	15	0 0 1 0 0 0 1 1 0 0 0 1 0 0 1 0
150	13	1 1 0 0 0 0 0 1 0 0 0 1 0 0 1 0
150	2	1 0 0 0 0 0 1 1 0 0 0 0 0 0 1 0
150	4	1 0 0 0 0 0 0 1 1 1 1 1 0 0 1 1
150	5	1 1 1 0 0 0 0 1 0 1 0 1 0 0 1 1
150	7	1 1 1 0 0 0 0 1 0 0 1 1 0 0 1 0
150	5	1 1 0 0 1 0 0 1 0 0 0 1 0 0 0 0
150	3	1 0 0 0 0 0 0 0 0 1 0 1 0 0 1 0
150	5	1 0 0 1 0 0 0 1 0 0 1 0 0 0 1 1
150	1	1 0 0 0 0 1 0 0 0 0 0 1 0 0 0 0
150	2	1 1 1 1 0 0 0 1 0 1 0 1 0 0 1 0
150	7	1 0 1 1 0 0 0 1 1 0 0 1 0 0 1 0
150	5	0 0 1 1 1 1 0 1 1 0 0 1 0 0 1 0
150	3	1 0 1 0 0 1 0 0 0 0 0 1 0 0 1 0
150	1	1 0 0 0 0 0 0 1 0 0 0 0 0 0 0 0
150	2	1 1 0 1 0 0 0 1 0 0 0 0 0 0 1 0
150	4	0 0 0 1 0 0 0 1 0 0 0 0 0 0 1 0
150	2	1 1 0 0 0 0 0 1 0 0 0 1 1 0 1 0
150	1	1 0 0 0 0 0 0 1 1 0 0 0 0 0 1 0
150	2	0 0 1 0 0 0 1 0 0 0 0 1 0 0 1 0
150	5	0 1 1 0 0 0 0 0 0 0 0 0 0 0 1 0
150	2	0 1 1 1 0 0 0 1 0 1 0 1 0 0 1 0
150	4	0 1 1 0 0 0 1 0 0 0 0 1 0 0 1 0
150	4	1 1 0 0 0 1 0 1 0 0 0 1 0 0 0 0
150	1	1 1 1 0 0 0 1 1 0 1 0 1 0 0 1 0
150	1	1 0 1 1 0 0 0 1 0 0 1 0 0 0 1 0
150	2	0 0 0 1 0 0 0 1 0 0 0 1 1 0 1 0
150	1	1 0 0 0 0 0 0 1 1 0 0 1 0 0 1 1
150	4	0 0 1 1 0 0 0 1 0 0 1 1 0 0 0 0
150	1	1 0 1 0 0 0 0 1 0 0 1 1 0 0 1 0
150	2	0 0 1 1 0 1 0 1 0 0 0 0 0 1 1 0
150	1	1 0 0 0 0 0 1 1 0 0 1 0 0 0 1 0
150	2	1 1 1 0 1 0 0 1 0 1 0 1 0 0 1 0
150	1	1 0 0 1 0 0 0 1 1 0 1 1 0 0 1 0
150	1	0 1 1 0 0 0 0 1 0 1 0 1 0 0 1 0
150	1	0 1 1 1 0 0 0 1 0 0 0 1 1 0 1 0
150	1	1 1 0 0 0 0 0 0 0 0 0 1 0 0 1 0
150	1	1 0 1 0 0 0 0 1 0 1 0 1 0 0 1 0
150	3	1 1 1 0 0 1 0 1 1 0 0 1 0 0 1 0
150	2	1 0 0 0 0 0 0 1 1 1 1 1 0 0 1 0
150	2	1 1 1 0 0 0 0 1 0 0 1 0 0 0 1 0
150	2	0 0 0 1 0 0 0 1 0 1 0 1 0 0 1 0
150	2	0 0 1 1 0 0 0 1 1 0 1 1 0 0 1 0
150	1	1 0 0 0 0 0 0 1 0 0 0 1 0 0 0 0
150	1	0 0 0 1 0 0 0 1 0 0 1 0 0 0 1 0
150	3	1 1 1 1 0 1 0 1 1 1 0 1 0 0 1 0
150	1	1 1 0 1 0 0 0 1 1 0 0 1 0 0 1 0
150	4	1 1 0 1 1 0 0 1 0 0 0 1 0 0 0 0
150	1	0 0 0 1 0 0 0 1 0 0 1 0 0 0 1 1
150	1	0 1 1 1 0 0 0 1 0 1 0 1 1 0 1 0
160	24	1 0 0 0 0 0 0 1 0 0 0 1 0 0 1 0
160	4	0 0 0 1 0 0 0 1 0 0 0 1 0 0 1 0
160	10	1 0 0 0 0 1 0 1 0 0 0 1 0 0 1 0
160	10	1 0 0 0 0 0 0 1 1 0 0 1 0 0 1 0
160	2	0 0 0 0 0 0 1 1 0 0 0 1 0 0 1 0
160	25	1 0 0 0 0 0 0 1 1 1 0 1 0 0 1 0
160	6	1 0 1 0 0 0 0 1 1 1 0 1 0 0 1 0
160	63	1 0 0 1 0 0 0 1 0 0 0 1 0 0 1 0
160	11	0 1 1 0 0 0 0 0 0 0 0 1 0 0 1 0
160	15	0 0 1 1 0 0 0 1 0 0 0 1 0 0 1 0
160	24	0 0 1 1 0 0 0 1 0 0 1 1 0 0 1 0
160	4	1 0 1 0 0 1 0 1 0 1 0 1 0 0 1 0
160	5	1 0 1 0 0 0 0 1 0 0 0 1 0 0 1 0
160	4	1 0 0 0 1 1 0 1 1 0 0 0 0 0 1 0
160	2	1 0 0 0 0 0 0 1 0 0 1 1 0 0 1 0
160	19	1 0 0 1 0 0 0 1 0 0 0 0 0 0 1 0
160	7	0 0 1 0 0 0 0 1 0 0 0 1 0 0 1 0
160	9	1 1 1 0 0 0 0 0 0 0 0 1 0 0 1 0
160	4	1 1 0 0 0 0 0 1 0 1 0 0 0 0 1 0
160	67	1 0 1 1 0 0 0 1 0 0 0 1 0 0 1 0
160	33	0 0 1 1 0 0 0 1 1 0 0 1 0 0 1 0
160	7	1 0 0 0 0 0 0 1 1 1 0 1 0 0 1 1
160	10	0 0 1 0 0 1 0 1 0 0 0 1 0 0 1 0
160	12	1 1 0 0 0 0 0 1 0 0 0 1 0 0 0 0
160	24	1 0 0 0 0 0 0 1 0 1 0 1 0 0 1 0
160	27	1 0 0 1 0 1 0 1 1 0 0 1 0 0 1 0
160	5	1 0 0 0 0 0 1 1 0 0 0 1 0 0 1 0
160	4	1 0 0 0 0 0 0 0 1 0 0 0 0 0 1 0
160	1	1 0 0 0 0 0 0 1 0 0 0 1 1 0 1 0
160	15	1 0 0 0 0 0 0 1 0 0 1 0 0 0 1 0
160	39	1 1 1 0 0 0 0 1 0 0 0 1 0 0 1 0
160	32	1 0 0 1 0 0 0 1 0 0 1 0 0 0 1 0
160	40	1 1 1 0 0 0 0 1 0 1 0 1 0 0 1 0
160	39	1 1 1 0 0 1 0 1 1 1 0 1 0 0 1 0
160	1	1 0 0 0 0 1 0 1 1 0 0 1 0 0 1 0
160	43	1 0 0 1 0 0 0 1 1 0 0 1 0 0 1 0
160	22	1 0 1 1 0 0 0 1 0 0 0 1 1 0 1 0
160	15	0 0 1 1 1 1 0 1 0 0 0 0 0 0 1 0
160	17	1 0 1 1 0 1 0 1 1 0 0 1 0 0 1 0
160	8	1 0 1 0 0 0 0 1 0 0 1 0 0 0 1 0
160	1	0 0 1 0 0 0 1 1 0 0 0 1 0 0 1 0
160	3	1 1 0 0 0 0 0 1 0 0 0 1 0 0 1 0
160	5	1 0 0 0 0 0 0 1 1 1 1 1 0 0 1 1
160	9	1 1 1 0 0 0 0 1 0 1 0 1 0 0 1 1
160	12	1 1 1 0 0 0 0 1 0 0 1 1 0 0 1 0
160	3	1 1 0 0 1 0 0 1 0 0 0 1 0 0 0 0
160	9	1 0 0 0 0 1 0 0 0 0 0 1 0 0 0 0
160	12	1 0 1 1 0 0 0 1 1 0 0 1 0 0 1 0
160	2	1 1 0 1 0 0 0 1 0 0 0 0 0 0 1 0
160	4	0 1 1 0 0 0 1 0 0 0 0 1 0 0 1 0
160	9	1 1 0 0 0 1 0 1 0 0 0 1 0 0 0 0
160	6	0 0 1 1 0 0 0 1 0 0 1 1 0 0 0 0
160	22	1 0 0 1 0 0 0 1 1 0 1 1 0 0 1 0
160	24	1 1 1 0 0 1 0 1 1 0 0 1 0 0 1 0
160	1	0 0 1 1 0 0 0 1 1 0 1 1 0 0 1 0
160	9	0 0 0 1 0 0 0 1 0 0 1 0 0 0 1 0
160	4	1 1 1 1 0 1 0 1 1 1 0 1 0 0 1 0
160	2	1 1 0 1 1 0 0 1 0 0 0 1 0 0 0 0
160	2	1 1 1 0 0 0 0 1 0 0 0 0 0 0 1 0
160	6	1 0 1 1 0 0 0 1 0 0 0 0 0 0 1 0
160	1	1 0 0 1 0 0 0 1 1 0 0 1 0 0 0 0
160	14	0 0 1 1 1 1 0 1 0 0 0 0 0 1 1 0
160	4	1 0 1 0 0 0 0 1 1 0 0 1 0 0 1 0
160	5	0 0 0 1 0 0 0 1 0 0 0 1 0 0 1 1
160	1	0 0 1 1 0 0 1 1 0 0 0 1 0 0 1 0
160	2	1 0 1 1 0 1 0 1 0 0 0 1 0 0 1 0
160	2	0 0 1 0 0 1 0 1 0 0 0 1 0 0 1 1
160	6	1 1 1 0 1 0 1 0 0 0 0 1 0 0 1 0
160	2	1 1 0 0 0 1 0 1 1 0 0 1 0 0 1 0
160	3	1 0 0 1 0 0 0 1 1 0 0 1 0 1 1 0
160	9	0 1 1 0 0 0 0 1 0 0 0 1 0 0 1 0
160	2	1 0 1 0 0 0 1 1 0 0 0 1 0 0 1 0
160	3	0 0 1 0 0 1 0 1 0 0 0 1 0 0 0 0
160	3	0 0 1 1 1 1 0 0 0 0 0 0 0 1 1 0
160	11	0 0 1 1 1 1 0 1 0 0 0 1 0 1 1 0
160	2	1 1 1 0 0 0 0 0 1 0 0 1 0 0 1 0
160	7	1 0 1 0 0 1 0 1 0 0 1 0 0 0 1 0
160	2	1 0 0 0 0 0 0 1 1 0 1 1 0 0 0 0
160	4	1 0 1 0 0 0 0 0 0 0 0 1 0 0 0 0
160	3	1 0 0 1 0 1 0 1 0 0 0 0 0 0 1 0
160	4	1 1 1 0 0 0 0 1 1 1 0 1 0 0 1 0
160	2	1 0 0 1 0 0 0 1 1 1 0 1 0 0 1 0
160	2	1 1 0 1 0 0 0 1 0 0 0 0 1 0 1 0
160	2	0 0 1 1 1 0 0 1 0 0 0 1 0 0 1 0
160	5	1 0 0 0 0 0 0 1 1 1 1 1 0 0 1 0
160	1	1 0 1 1 0 0 0 1 0 0 0 1 0 1 1 0
160	1	1 0 0 0 0 0 0 1 0 1 0 1 1 0 1 0
160	2	1 0 0 0 0 0 1 0 0 0 0 1 0 0 1 0
160	3	1 1 0 0 0 0 0 0 1 0 0 0 0 0 1 0
160	2	1 0 0 1 0 0 0 1 0 0 1 0 0 0 1 1
160	4	1 1 1 1 0 0 0 1 0 1 0 1 0 0 1 0
160	2	1 1 1 0 0 0 0 1 0 1 0 0 0 0 1 0
160	3	1 0 1 1 0 0 0 1 0 0 0 1 1 0 1 1
160	5	1 1 1 0 0 1 0 1 0 0 0 1 0 0 1 0
160	1	1 0 0 0 0 1 0 1 0 0 1 1 0 0 1 0
160	3	0 0 1 1 1 1 0 1 0 0 0 1 0 0 1 0
160	2	1 0 1 0 0 1 0 1 1 0 0 1 0 0 1 0
160	1	0 0 1 1 0 0 1 1 0 0 0 0 0 0 1 0
160	1	1 0 0 0 1 0 0 1 0 1 0 1 0 0 1 0
160	1	1 0 1 1 0 0 0 1 1 0 1 1 0 0 1 0
160	1	1 0 0 0 0 0 0 1 1 0 1 1 0 0 1 0
160	3	1 0 1 1 0 0 0 1 0 0 1 1 0 0 1 0
160	3	1 1 0 0 0 0 1 1 0 0 0 1 0 0 1 0
160	1	1 1 1 0 0 0 0 1 0 1 0 1 0 1 1 0
160	2	1 0 1 1 0 1 0 1 1 0 0 1 0 0 1 1
160	1	1 0 1 1 0 1 0 1 0 0 0 1 0 1 1 0
160	2	1 1 0 1 0 0 0 1 0 1 0 0 1 0 1 0
170	9	1 0 0 0 0 0 0 1 0 0 0 1 0 0 1 0
170	10	0 0 0 1 0 0 0 1 0 0 0 1 0 0 1 0
170	7	1 0 0 0 0 1 0 1 0 0 0 1 0 0 1 0
170	3	1 0 0 0 0 0 0 1 1 0 0 1 0 0 1 0
170	23	1 0 0 0 0 0 0 1 1 1 0 1 0 0 1 0
170	14	1 0 0 1 0 0 0 1 0 0 0 1 0 0 1 0
170	7	0 1 1 0 0 0 0 0 0 0 0 1 0 0 1 0
170	11	0 0 1 1 0 0 0 1 0 0 0 1 0 0 1 0
170	36	0 0 1 1 0 0 0 1 0 0 1 1 0 0 1 0
170	20	1 0 0 1 0 0 0 1 0 0 0 0 0 0 1 0
170	12	1 1 0 0 0 0 0 1 0 1 0 0 0 0 1 0
170	44	1 0 1 1 0 0 0 1 0 0 0 1 0 0 1 0
170	14	0 0 1 1 0 0 0 1 1 0 0 1 0 0 1 0
170	22	1 1 0 0 0 0 0 1 0 0 0 1 0 0 0 0
170	21	1 0 0 0 0 0 0 1 0 1 0 1 0 0 1 0
170	31	1 0 0 1 0 1 0 1 1 0 0 1 0 0 1 0
170	6	1 0 0 0 0 0 1 1 0 0 0 1 0 0 1 0
170	5	1 0 0 0 0 0 0 0 1 0 0 0 0 0 1 0
170	14	1 0 0 0 0 0 0 1 0 0 1 0 0 0 1 0
170	75	1 1 1 0 0 0 0 1 0 0 0 1 0 0 1 0
170	23	1 0 0 1 0 0 0 1 0 0 1 0 0 0 1 0
170	51	1 1 1 0 0 0 0 1 0 1 0 1 0 0 1 0
170	56	1 1 1 0 0 1 0 1 1 1 0 1 0 0 1 0
170	22	1 0 0 1 0 0 0 1 1 0 0 1 0 0 1 0
170	28	1 0 1 1 0 0 0 1 0 0 0 1 1 0 1 0
170	29	0 0 1 1 1 1 0 1 0 0 0 0 0 0 1 0
170	2	1 0 1 1 0 1 0 1 1 0 0 1 0 0 1 0
170	20	1 0 1 0 0 0 0 1 0 0 1 0 0 0 1 0
170	2	1 1 0 0 0 0 0 1 0 0 0 1 0 0 1 0
170	22	1 1 1 0 0 0 0 1 0 1 0 1 0 0 1 1
170	4	1 1 0 0 1 0 0 1 0 0 0 1 0 0 0 0
170	28	1 0 0 0 0 1 0 0 0 0 0 1 0 0 0 0
170	35	1 0 1 1 0 0 0 1 1 0 0 1 0 0 1 0
170	13	1 0 0 1 0 0 0 1 1 0 1 1 0 0 1 0
170	21	1 1 1 0 0 1 0 1 1 0 0 1 0 0 1 0
170	3	0 0 0 1 0 0 0 1 0 0 1 0 0 0 1 0
170	2	1 1 1 1 0 1 0 1 1 1 0 1 0 0 1 0
170	6	1 1 0 1 1 0 0 1 0 0 0 1 0 0 0 0
170	30	1 0 1 1 0 0 0 1 0 0 0 0 0 0 1 0
170	16	0 1 1 0 0 0 0 1 0 0 0 1 0 0 1 0
170	4	0 0 1 1 1 1 0 0 0 0 0 0 0 1 1 0
170	10	0 0 1 1 1 1 0 1 0 0 0 1 0 1 1 0
170	9	1 0 1 0 0 1 0 1 0 0 1 0 0 0 1 0
170	11	1 0 1 0 0 0 0 0 0 0 0 1 0 0 0 0
170	1	1 0 0 1 0 1 0 1 0 0 0 0 0 0 1 0
170	6	1 0 0 1 0 0 0 1 1 1 0 1 0 0 1 0
170	2	1 0 1 1 0 0 0 1 0 0 0 1 0 1 1 0
170	3	1 1 1 1 0 0 0 1 0 1 0 1 0 0 1 0
170	8	1 1 1 0 0 0 0 1 0 1 0 0 0 0 1 0
170	1	1 1 1 0 0 1 0 1 0 0 0 1 0 0 1 0
170	3	0 0 1 1 1 1 0 1 0 0 0 1 0 0 1 0
170	4	1 0 1 0 0 1 0 1 1 0 0 1 0 0 1 0
170	4	1 0 1 1 0 0 0 1 0 0 1 1 0 0 1 0
170	17	1 1 0 0 0 0 1 1 0 0 0 1 0 0 1 0
170	9	1 0 1 1 0 1 0 1 1 0 0 1 0 0 1 1
170	3	0 0 0 0 0 0 0 1 1 1 0 1 0 0 1 0
170	6	1 0 1 1 0 0 0 1 0 1 0 1 0 0 1 0
170	14	1 1 1 1 0 0 0 1 0 0 0 0 0 0 1 0
170	8	1 0 0 1 0 0 0 1 0 0 0 1 1 0 1 0
170	3	1 0 0 0 1 0 0 1 1 0 0 1 0 0 1 0
170	1	1 1 0 0 0 0 0 0 0 0 0 1 0 0 0 0
170	3	0 0 1 1 1 1 0 0 0 0 0 0 0 0 1 0
170	3	1 1 1 0 0 0 0 1 0 1 0 1 1 0 1 0
170	1	0 0 1 1 1 1 0 1 1 1 0 1 0 0 1 0
170	7	1 1 0 0 0 0 0 1 1 0 0 1 0 0 1 0
170	6	1 0 0 1 0 0 0 1 0 1 0 1 0 0 1 0
170	1	1 0 1 0 0 0 0 0 0 0 0 1 0 0 1 0
170	2	0 1 0 0 0 0 0 1 0 0 0 1 0 0 1 0
170	2	1 1 1 0 0 1 0 1 1 1 0 0 0 0 1 0
170	1	0 1 1 0 0 1 0 1 1 1 0 1 0 0 1 0
170	2	1 0 1 1 1 1 0 1 0 0 0 0 0 0 1 0
170	4	0 0 1 1 1 0 0 1 0 0 0 1 0 1 1 0
170	2	0 0 1 1 0 0 1 1 0 0 1 1 0 0 1 0
170	1	1 0 1 1 1 0 0 1 0 0 0 1 0 0 1 0
170	3	1 1 1 0 0 0 0 1 0 0 0 1 0 0 0 0
170	3	1 0 0 1 1 0 0 1 0 0 1 0 0 0 1 0
170	2	0 0 0 1 0 0 0 0 0 0 1 0 0 0 1 0
170	1	1 0 1 0 0 0 0 1 0 0 1 1 0 0 1 0
170	1	1 0 1 0 0 0 0 1 0 0 0 1 0 0 1 0
170	2	1 1 0 1 0 1 0 1 1 0 0 1 0 0 1 0
170	3	1 0 1 1 0 0 0 1 1 1 0 1 0 0 1 0
170	3	1 0 1 1 0 0 0 1 0 0 0 0 0 1 1 0
170	2	0 0 1 1 0 0 0 1 1 1 0 1 0 0 1 0
170	2	1 1 1 0 0 1 0 1 1 1 1 1 0 0 1 0
170	1	1 1 0 0 0 1 0 1 0 0 0 0 0 0 0 0
170	3	0 0 1 1 1 1 0 1 0 0 0 1 0 0 0 0
170	1	1 0 0 1 0 0 1 1 0 0 0 1 1 0 1 0
170	2	1 0 0 1 0 1 0 1 0 0 0 1 0 0 0 0
170	1	1 1 1 0 0 1 0 1 1 0 0 0 0 0 1 0
170	1	0 1 1 0 0 0 0 1 1 1 0 1 0 0 1 0
170	3	1 1 1 0 0 0 0 1 0 0 1 1 0 0 1 0
170	1	1 1 0 0 0 0 0 1 0 0 1 1 0 0 0 0
170	1	0 0 1 1 1 1 0 1 0 0 1 0 0 0 1 0
170	4	0 0 1 1 0 1 0 0 0 0 0 0 0 1 1 0
170	1	1 0 0 1 0 0 0 0 0 0 0 1 1 0 1 0
180	2	0 0 0 1 0 0 0 1 0 0 0 1 0 0 1 0
180	26	1 0 0 0 0 0 0 1 1 1 0 1 0 0 1 0
180	16	1 0 0 1 0 0 0 1 0 0 0 1 0 0 1 0
180	7	0 1 1 0 0 0 0 0 0 0 0 1 0 0 1 0
180	5	0 0 1 1 0 0 0 1 0 0 0 1 0 0 1 0
180	8	0 0 1 1 0 0 0 1 0 0 1 1 0 0 1 0
180	35	1 0 0 1 0 0 0 1 0 0 0 0 0 0 1 0
180	19	1 1 0 0 0 0 0 1 0 1 0 0 0 0 1 0
180	20	1 0 1 1 0 0 0 1 0 0 0 1 0 0 1 0
180	7	0 0 1 1 0 0 0 1 1 0 0 1 0 0 1 0
180	38	1 1 0 0 0 0 0 1 0 0 0 1 0 0 0 0
180	13	1 0 0 1 0 1 0 1 1 0 0 1 0 0 1 0
180	3	1 0 0 0 0 0 0 1 0 0 1 0 0 0 1 0
180	87	1 1 1 0 0 0 0 1 0 0 0 1 0 0 1 0
180	25	1 0 0 1 0 0 0 1 0 0 1 0 0 0 1 0
180	75	1 1 1 0 0 0 0 1 0 1 0 1 0 0 1 0
180	35	1 1 1 0 0 1 0 1 1 1 0 1 0 0 1 0
180	6	1 0 0 1 0 0 0 1 1 0 0 1 0 0 1 0
180	16	1 0 1 1 0 0 0 1 0 0 0 1 1 0 1 0
180	50	0 0 1 1 1 1 0 1 0 0 0 0 0 0 1 0
180	9	1 0 1 0 0 0 0 1 0 0 1 0 0 0 1 0
180	2	1 1 0 0 0 0 0 1 0 0 0 1 0 0 1 0
180	10	1 1 1 0 0 0 0 1 0 1 0 1 0 0 1 1
180	30	1 0 0 0 0 1 0 0 0 0 0 1 0 0 0 0
180	36	1 0 1 1 0 0 0 1 1 0 0 1 0 0 1 0
180	13	1 1 1 0 0 1 0 1 1 0 0 1 0 0 1 0
180	7	1 1 1 1 0 1 0 1 1 1 0 1 0 0 1 0
180	5	1 1 0 1 1 0 0 1 0 0 0 1 0 0 0 0
180	36	1 0 1 1 0 0 0 1 0 0 0 0 0 0 1 0
180	3	0 1 1 0 0 0 0 1 0 0 0 1 0 0 1 0
180	1	0 0 1 1 1 1 0 0 0 0 0 0 0 1 1 0
180	10	1 0 1 0 0 1 0 1 0 0 1 0 0 0 1 0
180	28	1 0 1 0 0 0 0 0 0 0 0 1 0 0 0 0
180	6	1 0 0 1 0 0 0 1 1 1 0 1 0 0 1 0
180	2	1 1 1 0 0 0 0 1 0 1 0 0 0 0 1 0
180	1	1 0 1 0 0 1 0 1 1 0 0 1 0 0 1 0
180	4	1 0 1 1 0 0 0 1 0 0 1 1 0 0 1 0
180	15	1 1 0 0 0 0 1 1 0 0 0 1 0 0 1 0
180	1	1 0 1 1 0 1 0 1 1 0 0 1 0 0 1 1
180	3	0 0 0 0 0 0 0 1 1 1 0 1 0 0 1 0
180	15	1 0 1 1 0 0 0 1 0 1 0 1 0 0 1 0
180	17	1 1 1 1 0 0 0 1 0 0 0 0 0 0 1 0
180	2	1 0 0 1 0 0 0 1 0 0 0 1 1 0 1 0
180	5	0 0 1 1 1 1 0 0 0 0 0 0 0 0 1 0
180	9	1 1 1 0 0 0 0 1 0 1 0 1 1 0 1 0
180	2	1 0 0 1 0 0 0 1 0 1 0 1 0 0 1 0
180	5	1 0 1 0 0 0 0 0 0 0 0 1 0 0 1 0
180	4	0 1 0 0 0 0 0 1 0 0 0 1 0 0 1 0
180	2	1 0 1 1 1 1 0 1 0 0 0 0 0 0 1 0
180	23	0 0 1 1 1 0 0 1 0 0 0 1 0 1 1 0
180	4	0 0 1 1 0 0 1 1 0 0 1 1 0 0 1 0
180	5	1 1 1 0 0 0 0 1 0 0 0 1 0 0 0 0
180	5	1 0 1 0 0 0 0 1 0 0 1 1 0 0 1 0
180	5	1 1 0 1 0 1 0 1 1 0 0 1 0 0 1 0
180	5	1 0 1 1 0 0 0 1 0 0 0 0 0 1 1 0
180	2	1 1 1 0 0 0 0 1 0 0 1 1 0 0 1 0
180	9	0 0 1 1 0 1 0 0 0 0 0 0 0 1 1 0
180	9	0 1 1 0 0 1 0 0 0 0 0 1 0 0 1 0
180	5	1 1 0 1 0 0 0 1 0 0 0 1 0 0 0 0
180	4	1 0 0 1 0 1 0 1 0 0 0 1 0 0 1 0
180	2	0 0 1 1 1 0 0 1 0 1 0 0 0 0 1 0
180	1	1 0 1 0 0 1 0 1 0 0 0 0 0 1 1 0
180	3	1 1 1 1 0 0 0 1 0 0 0 1 0 0 1 0
180	1	1 0 0 0 0 0 0 1 1 0 0 1 0 0 1 0
180	6	1 0 1 1 1 0 0 1 0 0 0 1 0 0 1 0
180	6	1 0 0 1 0 1 0 0 1 0 0 1 0 0 1 0
180	1	1 0 0 0 1 1 0 0 0 0 0 1 0 0 0 0
180	10	1 0 1 1 0 0 1 1 1 0 0 1 0 0 1 0
180	2	1 0 0 1 0 0 0 0 1 1 0 1 0 0 1 0
180	6	0 0 1 1 0 0 0 1 0 0 1 0 0 0 1 0
180	3	1 0 0 1 0 0 0 1 0 0 0 0 0 1 1 0
180	1	1 1 0 0 0 0 1 1 0 0 0 1 0 0 0 0
180	1	1 1 1 0 1 1 0 1 1 1 0 1 0 0 1 0
180	3	1 1 1 0 0 1 0 1 1 1 0 0 0 0 1 0
180	6	1 1 1 0 0 0 0 1 1 0 0 1 0 0 1 0
180	1	1 1 1 1 0 0 0 1 0 1 0 1 0 0 1 1
180	7	0 1 1 0 0 0 0 0 1 0 0 0 0 0 1 0
180	2	1 0 1 1 0 0 1 1 1 0 0 0 0 0 1 0
180	6	1 1 1 0 0 1 1 1 1 1 0 1 0 0 1 0
180	8	1 1 1 0 0 0 0 1 0 1 0 1 0 1 1 1
180	1	1 0 0 0 0 1 1 0 0 0 0 1 0 0 0 0
180	1	1 0 1 1 0 0 0 1 0 0 0 0 0 0 0 0
180	5	0 0 1 1 1 1 0 0 0 0 1 0 0 1 1 0
180	4	0 0 0 1 0 0 0 1 0 0 0 0 0 1 1 0
180	4	1 0 0 1 0 0 0 1 0 1 0 0 0 0 1 0
180	2	1 1 1 0 0 0 0 1 1 1 0 0 0 0 1 0
180	4	1 0 1 0 0 0 0 1 0 1 1 1 0 0 1 0
180	1	1 0 0 0 0 0 0 1 0 0 0 1 0 0 1 0
180	2	1 1 1 0 1 0 0 1 0 0 0 1 0 0 1 0
180	2	1 0 0 0 0 0 1 1 0 0 0 1 0 0 1 0
180	3	1 0 1 0 0 1 0 1 1 1 0 1 0 0 1 0
180	2	0 1 0 0 0 0 0 1 0 0 0 1 0 1 1 0
180	1	0 0 1 1 1 0 0 1 0 0 0 1 0 0 1 0
180	5	1 0 1 0 0 0 0 1 1 1 0 1 0 0 1 0
180	1	0 0 1 1 0 1 0 0 0 0 0 0 0 0 1 0
180	2	1 0 1 0 0 0 0 1 0 0 0 1 0 0 1 0
180	4	1 0 1 0 0 0 0 1 0 0 0 0 0 0 1 0
180	1	1 1 1 0 0 0 0 1 1 1 0 1 1 0 1 0
180	2	0 0 1 1 0 0 0 1 0 0 0 1 0 1 1 0
180	3	1 1 1 0 0 0 0 1 0 0 0 0 0 0 1 0
180	1	1 1 1 0 0 0 0 1 0 0 0 1 0 1 1 0
180	2	1 1 1 1 0 1 1 1 0 0 0 1 0 0 1 0
180	1	1 0 1 1 0 0 0 1 0 0 1 0 0 0 1 0
180	1	1 1 0 1 0 0 0 1 0 0 1 0 0 0 1 0
180	1	1 0 1 1 0 0 1 1 1 0 0 0 0 0 0 0
180	2	1 1 1 0 0 1 0 1 1 0 0 1 1 0 1 0
180	1	1 1 0 0 1 0 1 1 0 0 0 1 0 0 1 0
180	2	1 1 1 1 0 1 0 1 0 0 0 0 0 0 1 0
180	1	0 0 1 1 1 0 0 0 0 0 0 0 0 0 1 0
180	2	1 1 1 1 0 0 0 1 0 1 0 1 1 0 1 0
180	2	1 0 1 1 0 0 1 1 0 0 1 1 0 0 1 0
180	1	0 1 0 1 0 0 0 1 0 0 0 1 0 0 0 0
180	1	0 0 0 1 0 1 0 0 1 0 0 1 0 0 1 0
180	3	1 0 0 0 1 1 0 0 0 0 0 1 0 0 1 0
180	1	0 1 1 0 0 0 0 0 1 0 0 0 0 0 1 1
190	1	0 0 0 1 0 0 0 1 0 0 0 1 0 0 1 0
190	14	1 0 0 0 0 0 0 1 1 1 0 1 0 0 1 0
190	9	1 0 0 1 0 0 0 1 0 0 0 1 0 0 1 0
190	1	0 0 1 1 0 0 0 1 0 0 0 1 0 0 1 0
190	13	0 0 1 1 0 0 0 1 0 0 1 1 0 0 1 0
190	25	1 0 0 1 0 0 0 1 0 0 0 0 0 0 1 0
190	1	1 1 0 0 0 0 0 1 0 1 0 0 0 0 1 0
190	36	1 0 1 1 0 0 0 1 0 0 0 1 0 0 1 0
190	2	0 0 1 1 0 0 0 1 1 0 0 1 0 0 1 0
190	74	1 1 0 0 0 0 0 1 0 0 0 1 0 0 0 0
190	25	1 0 0 1 0 1 0 1 1 0 0 1 0 0 1 0
190	2	1 0 0 0 0 0 0 1 0 0 1 0 0 0 1 0
190	105	1 1 1 0 0 0 0 1 0 0 0 1 0 0 1 0
190	1	1 0 0 1 0 0 0 1 0 0 1 0 0 0 1 0
190	57	1 1 1 0 0 0 0 1 0 1 0 1 0 0 1 0
190	31	1 1 1 0 0 1 0 1 1 1 0 1 0 0 1 0
190	14	1 0 1 1 0 0 0 1 0 0 0 1 1 0 1 0
190	33	0 0 1 1 1 1 0 1 0 0 0 0 0 0 1 0
190	7	1 0 1 0 0 0 0 1 0 0 1 0 0 0 1 0
190	13	1 1 0 0 0 0 0 1 0 0 0 1 0 0 1 0
190	7	1 0 0 0 0 1 0 0 0 0 0 1 0 0 0 0
190	44	1 0 1 1 0 0 0 1 1 0 0 1 0 0 1 0
190	10	1 1 1 0 0 1 0 1 1 0 0 1 0 0 1 0
190	16	1 1 1 1 0 1 0 1 1 1 0 1 0 0 1 0
190	30	1 0 1 1 0 0 0 1 0 0 0 0 0 0 1 0
190	21	1 0 1 0 0 0 0 0 0 0 0 1 0 0 0 0
190	4	1 0 0 1 0 0 0 1 1 1 0 1 0 0 1 0
190	23	1 0 1 0 0 1 0 1 1 0 0 1 0 0 1 0
190	1	1 0 1 1 0 0 0 1 0 0 1 1 0 0 1 0
190	27	1 1 0 0 0 0 1 1 0 0 0 1 0 0 1 0
190	5	1 0 1 1 0 0 0 1 0 1 0 1 0 0 1 0
190	20	1 1 1 1 0 0 0 1 0 0 0 0 0 0 1 0
190	12	0 0 1 1 1 1 0 0 0 0 0 0 0 0 1 0
190	8	1 0 0 1 0 0 0 1 0 1 0 1 0 0 1 0
190	19	0 1 0 0 0 0 0 1 0 0 0 1 0 0 1 0
190	1	0 0 1 1 1 0 0 1 0 0 0 1 0 1 1 0
190	9	0 0 1 1 0 0 1 1 0 0 1 1 0 0 1 0
190	1	1 0 1 0 0 0 0 1 0 0 1 1 0 0 1 0
190	23	1 1 0 1 0 1 0 1 1 0 0 1 0 0 1 0
190	3	0 0 1 1 0 1 0 0 0 0 0 0 0 1 1 0
190	18	0 1 1 0 0 1 0 0 0 0 0 1 0 0 1 0
190	7	1 1 0 1 0 0 0 1 0 0 0 1 0 0 0 0
190	4	0 0 1 1 0 0 0 1 0 0 1 0 0 0 1 0
190	2	1 0 0 1 0 0 0 1 0 0 0 0 0 1 1 0
190	11	1 1 1 0 0 0 0 1 1 0 0 1 0 0 1 0
190	9	0 1 1 0 0 0 0 0 1 0 0 0 0 0 1 0
190	4	1 0 1 1 0 0 1 1 1 0 0 0 0 0 1 0
190	4	1 1 1 0 0 1 1 1 1 1 0 1 0 0 1 0
190	23	1 1 1 0 0 0 0 1 0 1 0 1 0 1 1 1
190	3	1 0 0 1 0 0 0 1 0 1 0 0 0 0 1 0
190	8	1 0 1 0 0 1 0 1 1 1 0 1 0 0 1 0
190	1	0 1 0 0 0 0 0 1 0 0 0 1 0 1 1 0
190	5	1 0 1 0 0 0 0 1 1 1 0 1 0 0 1 0
190	2	1 0 1 0 0 0 0 1 0 0 0 0 0 0 1 0
190	2	0 0 1 1 0 0 0 1 0 0 0 1 0 1 1 0
190	25	1 1 1 0 0 0 0 1 0 0 0 0 0 0 1 0
190	2	1 1 1 1 0 0 0 1 0 1 0 1 1 0 1 0
190	10	0 1 0 1 0 0 0 1 0 0 0 1 0 0 1 0
190	8	1 0 0 1 0 0 0 1 0 1 0 1 1 0 1 0
190	1	1 0 0 0 0 1 0 0 0 0 0 0 0 0 1 0
190	1	1 1 1 0 0 0 0 0 0 0 0 1 0 0 1 0
190	1	0 1 1 0 0 0 0 1 0 1 0 1 0 0 1 0
190	9	0 1 1 0 0 1 0 0 0 0 0 1 0 0 0 0
190	5	1 1 1 0 0 0 0 0 0 0 0 1 0 0 0 0
190	2	1 0 0 0 0 0 0 1 1 1 0 1 0 0 0 0
190	4	1 0 1 1 0 1 0 1 1 0 0 1 0 0 1 0
190	2	1 1 1 0 0 0 0 1 1 1 0 1 0 0 1 0
190	1	0 0 1 1 1 1 0 1 0 1 0 0 0 0 1 0
190	1	0 1 1 0 0 1 0 1 0 0 0 1 0 0 1 0
190	3	1 0 1 0 0 1 0 1 0 0 0 0 0 0 1 0
190	3	1 0 1 1 0 0 0 1 0 1 0 1 1 0 1 0
190	9	1 0 0 0 1 1 0 0 0 0 0 0 0 0 1 0
190	4	1 1 1 0 0 1 0 0 1 1 0 1 0 0 1 0
190	3	1 0 0 0 0 1 0 0 0 0 1 1 0 0 0 0
190	1	1 1 0 1 0 1 0 1 0 0 0 1 0 0 1 0
190	2	1 1 0 0 0 0 0 0 0 0 0 1 0 0 0 0
190	2	1 1 1 0 0 0 0 1 0 0 0 1 1 0 1 0
190	1	0 0 1 1 0 0 0 1 0 0 0 0 0 0 1 0
190	1	1 1 1 0 0 0 0 1 0 0 0 0 1 0 1 0
190	5	1 0 0 1 0 1 0 1 1 1 0 1 0 0 1 0
190	1	0 0 0 1 0 0 0 1 0 0 0 0 0 0 1 0
190	4	1 0 1 0 0 0 0 0 0 0 0 1 0 0 1 0
190	1	1 0 1 0 0 0 0 1 1 0 0 1 0 0 1 0
190	1	0 0 1 0 0 0 0 1 0 0 1 0 0 0 1 0
190	4	1 0 1 1 1 1 0 1 0 0 0 0 0 0 1 0
190	1	1 1 0 0 0 0 0 0 0 0 0 1 0 1 1 1
190	2	1 0 1 1 0 0 1 1 0 0 0 1 0 0 1 0
190	1	1 0 0 0 0 1 0 0 0 0 0 0 0 0 0 0
190	1	1 1 1 0 0 0 0 0 1 1 0 1 0 0 1 0
190	1	1 0 0 0 0 0 0 1 0 0 0 1 1 0 1 0
190	4	1 1 1 0 0 0 0 1 0 0 0 1 0 0 0 0
190	1	1 0 1 0 0 0 0 1 0 0 0 1 0 0 1 0
190	1	1 0 0 1 0 1 0 1 0 0 0 1 0 0 1 0
190	1	1 1 0 0 0 0 0 1 1 0 0 1 0 0 0 0
190	3	1 1 0 0 0 0 0 1 0 0 0 1 0 1 0 0
190	3	1 1 1 0 0 1 0 1 0 0 0 1 0 0 1 0
190	1	1 1 1 0 0 0 0 1 0 0 1 1 0 0 1 0
190	1	1 1 1 0 0 0 0 1 0 1 0 1 1 0 1 0
190	2	1 0 0 1 0 0 0 1 0 0 0 1 1 0 1 0
190	2	0 0 1 1 1 1 0 0 1 0 0 0 0 0 1 0
190	1	0 0 1 1 0 0 0 1 1 0 0 1 0 1 1 0
190	6	1 1 1 0 0 0 0 0 1 1 0 1 1 0 1 0
200	2	0 0 0 1 0 0 0 1 0 0 0 1 0 0 1 0
200	17	1 0 0 0 0 0 0 1 1 1 0 1 0 0 1 0
200	17	1 0 0 1 0 0 0 1 0 0 0 1 0 0 1 0
200	3	0 0 1 1 0 0 0 1 0 0 0 1 0 0 1 0
200	7	0 0 1 1 0 0 0 1 0 0 1 1 0 0 1 0
200	22	1 0 0 1 0 0 0 1 0 0 0 0 0 0 1 0
200	22	1 0 1 1 0 0 0 1 0 0 0 1 0 0 1 0
200	103	1 1 0 0 0 0 0 1 0 0 0 1 0 0 0 0
200	22	1 0 0 1 0 1 0 1 1 0 0 1 0 0 1 0
200	62	1 1 1 0 0 0 0 1 0 0 0 1 0 0 1 0
200	78	1 1 1 0 0 0 0 1 0 1 0 1 0 0 1 0
200	44	1 1 1 0 0 1 0 1 1 1 0 1 0 0 1 0
200	22	1 0 1 1 0 0 0 1 0 0 0 1 1 0 1 0
200	8	0 0 1 1 1 1 0 1 0 0 0 0 0 0 1 0
200	6	1 0 1 0 0 0 0 1 0 0 1 0 0 0 1 0
200	9	1 1 0 0 0 0 0 1 0 0 0 1 0 0 1 0
200	4	1 0 0 0 0 1 0 0 0 0 0 1 0 0 0 0
200	44	1 0 1 1 0 0 0 1 1 0 0 1 0 0 1 0
200	7	1 1 1 0 0 1 0 1 1 0 0 1 0 0 1 0
200	16	1 1 1 1 0 1 0 1 1 1 0 1 0 0 1 0
200	7	1 0 1 1 0 0 0 1 0 0 0 0 0 0 1 0
200	10	1 0 1 0 0 0 0 0 0 0 0 1 0 0 0 0
200	10	1 0 1 0 0 1 0 1 1 0 0 1 0 0 1 0
200	27	1 1 0 0 0 0 1 1 0 0 0 1 0 0 1 0
200	28	1 1 1 1 0 0 0 1 0 0 0 0 0 0 1 0
200	11	0 0 1 1 1 1 0 0 0 0 0 0 0 0 1 0
200	5	1 0 0 1 0 0 0 1 0 1 0 1 0 0 1 0
200	15	0 1 0 0 0 0 0 1 0 0 0 1 0 0 1 0
200	2	0 0 1 1 1 0 0 1 0 0 0 1 0 1 1 0
200	1	0 0 1 1 0 0 1 1 0 0 1 1 0 0 1 0
200	10	1 1 0 1 0 1 0 1 1 0 0 1 0 0 1 0
200	15	1 0 0 1 0 0 0 1 0 0 0 0 0 1 1 0
200	22	1 1 1 0 0 0 0 1 1 0 0 1 0 0 1 0
200	20	0 1 1 0 0 0 0 0 1 0 0 0 0 0 1 0
200	12	1 1 1 0 0 0 0 1 0 1 0 1 0 1 1 1
200	1	1 0 1 0 0 1 0 1 1 1 0 1 0 0 1 0
200	2	1 0 1 0 0 0 0 1 1 1 0 1 0 0 1 0
200	26	1 1 1 0 0 0 0 1 0 0 0 0 0 0 1 0
200	17	0 1 0 1 0 0 0 1 0 0 0 1 0 0 1 0
200	8	1 0 0 1 0 0 0 1 0 1 0 1 1 0 1 0
200	2	0 1 1 0 0 1 0 0 0 0 0 1 0 0 0 0
200	2	1 1 1 0 0 0 0 0 0 0 0 1 0 0 0 0
200	4	0 1 1 0 0 1 0 1 0 0 0 1 0 0 1 0
200	10	1 0 0 0 1 1 0 0 0 0 0 0 0 0 1 0
200	9	1 1 0 1 0 1 0 1 0 0 0 1 0 0 1 0
200	9	1 1 0 0 0 0 0 0 0 0 0 1 0 0 0 0
200	2	1 0 0 1 0 1 0 1 1 1 0 1 0 0 1 0
200	3	0 0 1 0 0 0 0 1 0 0 1 0 0 0 1 0
200	5	1 1 1 0 0 0 0 1 0 0 0 1 0 0 0 0
200	6	1 0 1 0 0 0 0 1 0 0 0 1 0 0 1 0
200	3	1 1 0 0 0 0 0 1 1 0 0 1 0 0 0 0
200	3	1 0 0 1 0 0 0 1 0 0 0 1 1 0 1 0
200	9	1 1 1 1 0 1 1 1 1 1 0 1 0 0 1 0
200	1	1 1 1 1 0 0 0 1 0 0 0 0 0 0 0 0
200	5	1 0 0 0 0 0 0 1 0 0 0 1 0 0 0 0
200	1	1 0 0 1 0 1 0 1 1 0 0 1 0 0 0 0
200	4	0 1 0 0 0 0 0 1 0 0 0 1 1 0 1 0
200	3	1 1 0 0 0 0 1 1 0 0 0 1 0 0 0 0
200	2	0 0 1 1 0 0 0 1 0 0 0 1 0 0 0 0
200	5	0 1 1 1 0 1 0 1 1 1 0 1 0 0 1 0
200	3	0 0 1 1 1 1 0 0 0 0 0 1 0 0 1 0
200	9	1 1 0 0 0 0 0 1 0 1 0 0 0 0 1 1
200	5	1 0 1 1 0 0 0 1 1 0 0 1 0 0 1 1
200	1	1 0 0 1 0 0 0 1 0 0 0 1 0 0 0 0
200	8	1 1 0 1 0 0 0 1 0 0 0 1 0 0 1 0
200	1	1 1 1 0 0 0 0 0 0 0 0 0 0 0 0 0
200	9	1 1 0 0 0 0 0 1 0 0 0 1 1 0 0 0
200	2	1 0 1 1 0 0 0 1 1 0 0 1 0 1 1 0
200	3	0 1 1 0 0 1 0 0 0 0 0 1 1 0 1 0
200	6	1 0 1 1 0 0 0 1 0 1 0 1 0 0 1 0
200	4	0 0 1 1 0 0 0 1 0 0 1 1 0 0 0 0
200	5	1 1 0 1 0 0 0 0 0 0 0 0 0 0 1 0
200	2	1 1 1 0 0 0 0 1 0 1 0 1 0 0 0 0
200	7	1 1 0 0 0 0 0 1 0 0 0 0 0 0 0 0
200	4	1 1 1 0 0 1 0 1 0 0 0 1 0 0 1 0
200	1	1 1 1 0 1 1 0 1 1 1 0 1 0 0 1 0
200	1	1 0 1 0 0 0 0 1 1 1 0 0 0 0 1 0
200	2	1 1 1 0 0 0 1 1 0 0 0 0 0 0 1 0
200	9	1 1 0 0 0 0 0 1 0 0 0 0 0 0 1 0
200	1	0 0 1 1 1 1 0 1 1 0 0 1 0 0 1 0
200	1	1 1 0 0 0 0 0 0 0 0 0 1 0 0 1 0
200	2	0 0 1 1 0 0 0 1 0 0 1 1 0 1 1 0
200	1	1 0 0 1 0 0 0 1 0 0 0 0 0 0 1 1
200	1	1 0 0 1 0 0 0 1 1 0 0 1 0 0 1 0
200	3	1 1 1 0 0 0 0 1 0 0 0 1 0 1 1 0
200	9	1 0 0 0 0 1 0 0 0 0 1 1 0 0 0 0
200	2	1 0 1 1 0 0 0 1 1 0 0 0 0 0 1 0
200	3	1 0 1 1 0 1 0 1 1 0 0 1 0 0 1 0
200	1	0 1 1 0 0 0 1 0 1 0 0 0 0 0 1 0
200	4	1 1 1 0 0 0 0 1 0 0 0 1 0 1 0 0
200	1	1 1 1 1 1 1 0 0 0 0 0 0 0 0 1 0
200	4	1 0 0 0 0 0 1 1 1 1 0 1 0 0 1 0
200	4	1 0 0 0 0 0 0 1 1 1 0 1 0 1 1 0
200	3	1 0 0 1 0 0 0 0 0 0 0 0 0 0 1 0
200	1	1 1 1 0 0 0 0 1 1 1 0 1 0 0 1 0
200	1	0 1 1 0 0 1 0 1 1 1 0 1 0 0 1 0
200	1	1 1 1 0 0 1 0 1 1 0 0 1 1 0 1 0
200	3	1 1 1 1 0 1 0 1 1 1 0 0 0 0 1 0
200	1	1 1 1 1 0 0 0 1 0 0 0 0 0 1 1 0
200	4	1 1 1 1 0 0 0 1 0 1 0 0 0 0 1 0
200	1	1 1 1 0 0 0 0 1 0 1 0 1 0 1 1 0
200	1	1 0 1 0 0 0 0 0 1 1 0 1 0 0 1 0
200	2	1 1 0 1 1 1 0 1 0 0 0 1 0 0 1 0
200	1	1 1 0 1 0 0 1 1 0 0 0 1 0 0 1 0
200	2	1 0 1 1 0 0 0 1 0 0 0 1 0 0 0 0
200	1	1 0 1 0 0 0 0 1 0 1 0 1 0 0 1 0
200	1	0 0 1 1 0 0 0 1 1 1 0 1 0 0 1 0
200	1	1 1 0 0 0 0 0 1 1 1 0 1 0 0 1 0
200	1	1 1 0 0 0 0 0 1 0 0 1 1 0 0 0 0
200	1	1 1 1 0 0 0 0 0 0 1 0 1 0 0 1 0
200	2	1 1 1 1 1 0 0 1 0 0 0 0 0 0 1 0
200	1	1 1 1 0 0 0 0 1 1 0 1 1 0 0 1 0
210	5	0 0 0 1 0 0 0 1 0 0 0 1 0 0 1 0
210	4	1 0 0 0 0 0 0 1 1 1 0 1 0 0 1 0
210	34	1 0 0 1 0 0 0 1 0 0 0 1 0 0 1 0
210	18	1 0 1 1 0 0 0 1 0 0 0 1 0 0 1 0
210	76	1 1 0 0 0 0 0 1 0 0 0 1 0 0 0 0
210	23	1 0 0 1 0 1 0 1 1 0 0 1 0 0 1 0
210	51	1 1 1 0 0 0 0 1 0 0 0 1 0 0 1 0
210	78	1 1 1 0 0 0 0 1 0 1 0 1 0 0 1 0
210	36	1 1 1 0 0 1 0 1 1 1 0 1 0 0 1 0
210	4	1 0 1 1 0 0 0 1 0 0 0 1 1 0 1 0
210	3	0 0 1 1 1 1 0 1 0 0 0 0 0 0 1 0
210	11	1 1 0 0 0 0 0 1 0 0 0 1 0 0 1 0
210	9	1 0 0 0 0 1 0 0 0 0 0 1 0 0 0 0
210	43	1 0 1 1 0 0 0 1 1 0 0 1 0 0 1 0
210	6	1 1 1 0 0 1 0 1 1 0 0 1 0 0 1 0
210	28	1 1 1 1 0 1 0 1 1 1 0 1 0 0 1 0
210	8	1 0 1 1 0 0 0 1 0 0 0 0 0 0 1 0
210	2	1 0 1 0 0 0 0 0 0 0 0 1 0 0 0 0
210	17	1 0 1 0 0 1 0 1 1 0 0 1 0 0 1 0
210	19	1 1 0 0 0 0 1 1 0 0 0 1 0 0 1 0
210	8	1 1 1 1 0 0 0 1 0 0 0 0 0 0 1 0
210	5	1 0 0 1 0 0 0 1 0 1 0 1 0 0 1 0
210	4	0 1 0 0 0 0 0 1 0 0 0 1 0 0 1 0
210	21	1 1 0 1 0 1 0 1 1 0 0 1 0 0 1 0
210	39	1 0 0 1 0 0 0 1 0 0 0 0 0 1 1 0
210	16	1 1 1 0 0 0 0 1 1 0 0 1 0 0 1 0
210	16	0 1 1 0 0 0 0 0 1 0 0 0 0 0 1 0
210	3	1 1 1 0 0 0 0 1 0 1 0 1 0 1 1 1
210	8	1 0 1 0 0 0 0 1 1 1 0 1 0 0 1 0
210	17	1 1 1 0 0 0 0 1 0 0 0 0 0 0 1 0
210	11	0 1 0 1 0 0 0 1 0 0 0 1 0 0 1 0
210	2	1 0 0 1 0 0 0 1 0 1 0 1 1 0 1 0
210	2	1 1 1 0 0 0 0 0 0 0 0 1 0 0 0 0
210	15	0 1 1 0 0 1 0 1 0 0 0 1 0 0 1 0
210	12	1 1 0 1 0 1 0 1 0 0 0 1 0 0 1 0
210	5	1 1 0 0 0 0 0 0 0 0 0 1 0 0 0 0
210	37	1 1 1 0 0 0 0 1 0 0 0 1 0 0 0 0
210	4	1 0 1 0 0 0 0 1 0 0 0 1 0 0 1 0
210	4	1 0 0 1 0 0 0 1 0 0 0 1 1 0 1 0
210	5	1 1 1 1 0 1 1 1 1 1 0 1 0 0 1 0
210	9	1 1 1 1 0 0 0 1 0 0 0 0 0 0 0 0
210	3	1 0 0 0 0 0 0 1 0 0 0 1 0 0 0 0
210	1	1 0 0 1 0 1 0 1 1 0 0 1 0 0 0 0
210	2	0 1 1 1 0 1 0 1 1 1 0 1 0 0 1 0
210	8	1 0 1 1 0 0 0 1 1 0 0 1 0 0 1 1
210	1	1 1 0 1 0 0 0 1 0 0 0 1 0 0 1 0
210	7	1 1 1 0 0 0 0 0 0 0 0 0 0 0 0 0
210	9	1 1 0 0 0 0 0 1 0 0 0 1 1 0 0 0
210	17	1 0 1 1 0 0 0 1 0 1 0 1 0 0 1 0
210	3	1 1 0 1 0 0 0 0 0 0 0 0 0 0 1 0
210	2	1 1 0 0 0 0 0 1 0 0 0 0 0 0 0 0
210	15	1 1 0 0 0 0 0 1 0 0 0 0 0 0 1 0
210	14	1 1 1 0 0 0 0 1 0 0 0 1 0 1 1 0
210	7	1 0 0 1 0 0 0 0 0 0 0 0 0 0 1 0
210	9	1 1 1 0 0 0 0 1 1 1 0 1 0 0 1 0
210	2	1 1 0 0 0 0 0 1 0 0 1 1 0 0 0 0
210	2	0 1 0 1 0 0 0 1 0 0 0 0 0 0 1 0
210	10	1 1 1 0 0 1 0 0 1 1 0 1 0 0 1 0
210	5	1 0 0 0 0 0 0 0 0 0 0 1 0 0 0 0
210	7	1 1 1 0 0 0 0 1 1 0 0 1 0 0 0 0
210	1	0 0 1 1 0 0 1 1 0 0 1 1 0 0 0 0
210	8	1 1 1 1 0 0 0 1 0 0 0 1 0 0 1 0
210	4	1 0 0 1 1 1 0 1 0 0 0 0 0 0 1 0
210	9	1 0 0 1 0 0 0 1 0 0 0 0 1 0 1 0
210	17	1 1 1 0 0 0 0 0 1 0 0 0 0 0 1 0
210	5	1 0 0 0 1 0 0 1 0 0 0 1 0 0 0 0
210	2	1 1 1 0 0 0 0 1 0 0 0 0 0 1 1 0
210	4	1 0 1 0 0 0 1 1 0 0 0 1 0 0 1 0
210	3	1 1 0 0 1 0 0 1 0 0 0 1 1 0 0 0
210	4	1 0 1 1 0 1 0 0 0 0 0 1 1 0 1 0
210	3	1 1 1 0 0 0 0 1 0 1 0 0 0 0 0 0
210	4	1 1 1 1 0 1 0 0 1 1 0 1 0 0 1 0
210	3	1 1 1 0 0 0 0 1 0 1 1 1 0 0 1 0
210	2	1 1 1 0 0 1 0 1 1 1 0 1 0 0 0 0
210	6	0 1 1 0 0 0 0 0 1 0 0 0 0 1 1 0
210	1	1 1 1 0 0 0 0 1 0 0 0 0 0 0 1 1
210	5	1 1 1 0 0 1 0 1 0 0 0 0 0 0 1 0
210	2	1 0 0 0 0 1 0 0 1 0 0 1 0 0 1 1
210	4	1 1 1 1 0 1 0 1 1 1 0 1 1 0 0 0
210	1	1 0 1 0 0 1 0 1 0 0 0 1 0 0 1 0
210	8	1 0 0 0 0 1 0 1 1 1 0 1 0 0 1 0
210	3	1 1 1 0 0 0 0 1 0 0 0 1 0 0 1 1
210	3	1 0 1 0 0 0 0 1 1 1 0 1 0 0 1 1
210	1	1 1 0 1 0 0 1 1 0 1 0 1 0 0 1 0
210	5	1 1 0 0 1 0 0 1 0 0 0 1 1 0 1 0
210	2	1 1 1 0 0 0 0 1 0 0 0 1 1 0 1 0
210	3	1 0 1 0 0 0 0 0 0 1 0 1 0 0 0 0
210	3	1 1 1 1 0 0 1 1 0 0 0 0 0 0 1 0
210	1	1 0 1 1 0 0 0 1 1 0 0 1 1 0 1 1
210	1	1 0 0 0 0 1 0 0 1 0 0 1 0 0 1 0
210	4	1 1 0 0 0 0 0 1 0 1 0 1 0 0 0 0
210	5	1 1 1 1 0 1 0 1 1 1 0 1 1 0 1 0
210	3	1 1 0 0 0 0 0 1 0 0 0 0 0 0 1 1
210	1	0 0 1 0 0 0 0 1 1 1 0 1 0 0 1 1
210	2	1 0 0 1 0 1 0 1 1 0 0 0 0 0 0 1
210	3	1 0 0 1 0 0 0 1 0 0 0 0 0 0 1 0
210	1	1 0 1 1 0 0 0 0 0 0 0 1 0 0 1 0
210	4	0 0 1 0 0 1 0 1 1 0 0 1 0 0 1 0
210	1	0 1 1 0 0 0 0 0 1 0 0 0 0 0 0 0
210	3	0 1 0 1 0 0 0 1 0 0 1 1 0 0 1 0
210	1	0 1 1 0 0 0 0 1 0 0 0 1 0 1 1 0
210	1	1 1 1 0 0 1 0 1 0 0 0 1 0 0 0 0
210	1	1 0 1 0 0 0 0 1 0 1 0 1 0 0 1 0
210	1	1 1 1 0 1 0 0 1 0 1 0 1 0 0 1 0
210	1	1 0 1 0 0 0 0 1 1 0 0 1 0 0 1 0
210	2	1 0 1 1 0 0 0 1 0 1 0 0 0 0 1 0
210	2	1 0 0 1 0 0 0 1 0 1 0 1 0 0 0 0
210	1	1 0 0 1 0 0 0 1 0 1 0 0 0 1 1 0
210	1	1 0 1 1 0 1 1 1 1 1 0 1 0 0 1 0
210	1	1 0 0 1 1 0 0 1 0 0 0 0 1 0 1 0
210	1	1 1 1 0 0 0 0 1 0 1 0 0 0 1 1 0
220	6	0 0 0 1 0 0 0 1 0 0 0 1 0 0 1 0
220	19	1 0 0 1 0 0 0 1 0 0 0 1 0 0 1 0
220	8	1 0 1 1 0 0 0 1 0 0 0 1 0 0 1 0
220	74	1 1 0 0 0 0 0 1 0 0 0 1 0 0 0 0
220	51	1 0 0 1 0 1 0 1 1 0 0 1 0 0 1 0
220	59	1 1 1 0 0 0 0 1 0 0 0 1 0 0 1 0
220	73	1 1 1 0 0 0 0 1 0 1 0 1 0 0 1 0
220	10	1 1 1 0 0 1 0 1 1 1 0 1 0 0 1 0
220	8	1 0 1 1 0 0 0 1 0 0 0 1 1 0 1 0
220	7	1 1 0 0 0 0 0 1 0 0 0 1 0 0 1 0
220	13	1 0 0 0 0 1 0 0 0 0 0 1 0 0 0 0
220	23	1 0 1 1 0 0 0 1 1 0 0 1 0 0 1 0
220	7	1 1 1 0 0 1 0 1 1 0 0 1 0 0 1 0
220	9	1 1 1 1 0 1 0 1 1 1 0 1 0 0 1 0
220	21	1 0 1 1 0 0 0 1 0 0 0 0 0 0 1 0
220	4	1 0 1 0 0 0 0 0 0 0 0 1 0 0 0 0
220	17	1 0 1 0 0 1 0 1 1 0 0 1 0 0 1 0
220	4	1 1 0 0 0 0 1 1 0 0 0 1 0 0 1 0
220	7	1 1 1 1 0 0 0 1 0 0 0 0 0 0 1 0
220	2	1 0 0 1 0 0 0 1 0 1 0 1 0 0 1 0
220	30	1 1 0 1 0 1 0 1 1 0 0 1 0 0 1 0
220	14	1 0 0 1 0 0 0 1 0 0 0 0 0 1 1 0
220	13	1 1 1 0 0 0 0 1 1 0 0 1 0 0 1 0
220	7	0 1 1 0 0 0 0 0 1 0 0 0 0 0 1 0
220	1	1 0 1 0 0 0 0 1 1 1 0 1 0 0 1 0
220	9	1 1 1 0 0 0 0 1 0 0 0 0 0 0 1 0
220	8	0 1 0 1 0 0 0 1 0 0 0 1 0 0 1 0
220	11	1 0 0 1 0 0 0 1 0 1 0 1 1 0 1 0
220	5	1 1 1 0 0 0 0 0 0 0 0 1 0 0 0 0
220	1	1 1 0 0 0 0 0 0 0 0 0 1 0 0 0 0
220	73	1 1 1 0 0 0 0 1 0 0 0 1 0 0 0 0
220	8	1 0 1 0 0 0 0 1 0 0 0 1 0 0 1 0
220	5	1 1 1 1 0 1 1 1 1 1 0 1 0 0 1 0
220	5	1 1 1 1 0 0 0 1 0 0 0 0 0 0 0 0
220	3	1 0 1 1 0 0 0 1 1 0 0 1 0 0 1 1
220	29	1 0 1 1 0 0 0 1 0 1 0 1 0 0 1 0
220	14	1 1 0 0 0 0 0 1 0 0 0 0 0 0 1 0
220	27	1 1 1 0 0 0 0 1 0 0 0 1 0 1 1 0
220	2	1 0 0 1 0 0 0 0 0 0 0 0 0 0 1 0
220	5	1 1 1 0 0 0 0 1 1 1 0 1 0 0 1 0
220	29	1 1 1 0 0 1 0 0 1 1 0 1 0 0 1 0
220	12	1 1 1 0 0 0 0 1 1 0 0 1 0 0 0 0
220	6	1 1 1 1 0 0 0 1 0 0 0 1 0 0 1 0
220	4	1 0 0 1 1 1 0 1 0 0 0 0 0 0 1 0
220	3	1 0 0 1 0 0 0 1 0 0 0 0 1 0 1 0
220	3	1 0 1 0 0 0 1 1 0 0 0 1 0 0 1 0
220	5	1 0 1 1 0 1 0 0 0 0 0 1 1 0 1 0
220	1	1 1 1 1 0 1 0 0 1 1 0 1 0 0 1 0
220	2	1 1 1 0 0 1 0 1 1 1 0 1 0 0 0 0
220	4	1 1 1 0 0 1 0 1 0 0 0 0 0 0 1 0
220	3	1 1 1 1 0 1 0 1 1 1 0 1 1 0 0 0
220	11	1 1 1 0 0 0 0 1 0 0 0 1 0 0 1 1
220	14	1 0 1 0 0 0 0 1 1 1 0 1 0 0 1 1
220	4	1 1 0 0 1 0 0 1 0 0 0 1 1 0 1 0
220	3	1 0 1 0 0 0 0 0 0 1 0 1 0 0 0 0
220	30	1 1 0 0 0 0 0 1 0 1 0 1 0 0 0 0
220	4	1 1 1 1 0 1 0 1 1 1 0 1 1 0 1 0
220	5	0 0 1 0 0 1 0 1 1 0 0 1 0 0 1 0
220	8	0 1 1 0 0 0 0 1 0 0 0 1 0 1 1 0
220	3	1 1 1 0 1 0 0 1 0 1 0 1 0 0 1 0
220	8	1 0 1 1 0 0 0 1 0 1 0 0 0 0 1 0
220	4	1 1 1 0 0 0 0 0 0 0 0 0 0 0 1 0
220	5	0 1 1 0 0 0 0 1 1 0 0 1 0 0 1 0
220	8	1 0 1 0 0 0 0 1 0 0 0 0 0 0 1 0
220	11	1 0 1 1 0 0 0 1 0 0 1 1 0 0 0 0
220	2	1 0 1 1 0 0 0 1 0 0 0 0 0 1 1 0
220	3	1 1 0 1 0 0 0 1 0 0 0 1 0 0 1 0
220	5	1 0 1 0 0 1 0 1 1 1 0 1 0 0 1 0
220	1	1 1 1 1 0 0 0 1 0 0 0 0 0 0 1 1
220	10	1 0 0 1 0 0 1 1 0 0 0 0 0 1 1 0
220	1	1 0 1 1 0 0 0 1 1 1 0 1 0 0 1 0
220	13	1 1 1 0 0 0 1 1 0 0 0 1 0 0 0 0
220	2	0 1 1 0 0 0 0 0 0 0 0 1 0 1 1 0
220	4	1 1 0 1 0 1 0 1 1 0 0 1 0 0 0 0
220	1	1 1 0 0 0 1 0 1 0 0 0 1 0 0 0 0
220	1	1 0 1 1 0 0 0 1 0 0 0 1 1 1 1 0
220	6	1 0 0 0 0 0 0 1 0 0 0 1 0 0 0 0
220	6	1 0 1 0 0 0 0 1 1 0 0 1 0 0 1 0
220	2	1 1 1 0 0 0 0 1 0 0 0 1 0 1 0 0
220	1	0 1 0 1 1 0 0 1 0 0 1 1 0 0 1 0
220	1	1 1 1 0 0 1 0 0 1 0 0 1 0 0 1 0
220	2	1 0 1 0 0 0 0 1 0 0 0 1 0 0 0 0
220	1	1 1 1 0 0 0 0 1 0 1 0 1 0 0 0 0
220	6	1 0 1 1 0 1 0 1 0 0 0 1 0 0 1 0
220	1	1 1 0 0 0 0 1 1 0 0 0 1 0 0 0 0
220	1	1 1 1 0 0 0 1 1 0 0 0 1 0 0 1 0
220	2	1 1 1 0 0 0 0 1 0 1 1 1 0 0 1 0
220	3	1 0 1 1 0 1 0 1 1 1 0 1 0 0 1 0
220	1	1 0 1 0 0 1 0 1 0 0 0 1 0 0 0 0
220	2	1 0 1 1 0 0 1 1 0 0 0 1 0 0 0 0
220	5	1 1 1 1 0 1 0 1 1 1 1 1 0 0 1 0
220	3	1 0 0 1 0 0 0 1 0 0 1 0 0 0 1 0
220	4	1 1 1 1 0 0 0 1 1 0 0 1 0 0 1 0
220	1	1 0 0 1 1 0 0 0 0 0 0 0 0 0 1 0
220	1	1 0 0 0 0 0 0 1 0 1 0 1 1 0 1 0
220	3	1 0 1 1 0 0 0 1 0 0 0 1 0 0 0 0
220	1	1 1 1 0 0 1 0 1 1 0 0 1 0 0 0 0
220	2	1 1 1 0 0 0 0 0 0 0 0 1 0 0 1 0
220	1	1 0 1 1 0 0 0 0 1 0 0 1 0 0 1 0
220	1	1 1 0 0 0 0 0 1 0 0 0 1 0 0 1 1
220	1	1 1 0 0 0 0 0 1 0 1 0 1 0 0 1 0
220	2	1 0 0 0 0 1 0 0 1 0 0 1 0 0 1 0
220	4	1 0 1 0 0 0 1 1 0 0 0 1 0 0 0 0
220	1	1 1 1 1 0 1 0 1 1 0 0 1 0 0 0 0
220	1	1 0 1 0 0 1 0 1 0 0 0 1 1 0 1 0
220	2	1 0 0 0 0 0 0 1 0 0 0 1 0 0 1 0
220	1	1 0 0 1 0 0 0 1 0 0 0 0 0 1 1 1
220	1	1 1 1 0 0 0 0 1 0 0 0 1 0 0 0 1
220	3	1 1 1 1 0 0 0 1 0 0 0 1 0 0 0 0
220	2	1 1 1 0 0 1 0 0 1 1 0 0 0 0 1 0
230	5	0 0 0 1 0 0 0 1 0 0 0 1 0 0 1 0
230	69	1 1 0 0 0 0 0 1 0 0 0 1 0 0 0 0
230	32	1 0 0 1 0 1 0 1 1 0 0 1 0 0 1 0
230	33	1 1 1 0 0 0 0 1 0 0 0 1 0 0 1 0
230	69	1 1 1 0 0 0 0 1 0 1 0 1 0 0 1 0
230	14	1 1 1 0 0 1 0 1 1 1 0 1 0 0 1 0
230	9	1 0 1 1 0 0 0 1 0 0 0 1 1 0 1 0
230	13	1 0 0 0 0 1 0 0 0 0 0 1 0 0 0 0
230	19	1 0 1 1 0 0 0 1 1 0 0 1 0 0 1 0
230	16	1 1 1 0 0 1 0 1 1 0 0 1 0 0 1 0
230	1	1 1 1 1 0 1 0 1 1 1 0 1 0 0 1 0
230	22	1 0 1 1 0 0 0 1 0 0 0 0 0 0 1 0
230	15	1 0 1 0 0 0 0 0 0 0 0 1 0 0 0 0
230	10	1 0 1 0 0 1 0 1 1 0 0 1 0 0 1 0
230	2	1 1 0 0 0 0 1 1 0 0 0 1 0 0 1 0
230	14	1 1 1 1 0 0 0 1 0 0 0 0 0 0 1 0
230	3	1 0 0 1 0 0 0 1 0 1 0 1 0 0 1 0
230	18	1 1 0 1 0 1 0 1 1 0 0 1 0 0 1 0
230	19	1 0 0 1 0 0 0 1 0 0 0 0 0 1 1 0
230	13	1 1 1 0 0 0 0 1 1 0 0 1 0 0 1 0
230	20	0 1 1 0 0 0 0 0 1 0 0 0 0 0 1 0
230	11	1 0 1 0 0 0 0 1 1 1 0 1 0 0 1 0
230	6	1 1 1 0 0 0 0 1 0 0 0 0 0 0 1 0
230	7	0 1 0 1 0 0 0 1 0 0 0 1 0 0 1 0
230	15	1 0 0 1 0 0 0 1 0 1 0 1 1 0 1 0
230	5	1 1 1 0 0 0 0 0 0 0 0 1 0 0 0 0
230	64	1 1 1 0 0 0 0 1 0 0 0 1 0 0 0 0
230	4	1 0 1 0 0 0 0 1 0 0 0 1 0 0 1 0
230	13	1 1 1 1 0 1 1 1 1 1 0 1 0 0 1 0
230	11	1 0 1 1 0 0 0 1 0 1 0 1 0 0 1 0
230	14	1 1 0 0 0 0 0 1 0 0 0 0 0 0 1 0
230	3	1 1 1 0 0 0 0 1 0 0 0 1 0 1 1 0
230	3	1 1 1 0 0 0 0 1 1 1 0 1 0 0 1 0
230	30	1 1 1 0 0 1 0 0 1 1 0 1 0 0 1 0
230	5	1 1 1 0 0 0 0 1 1 0 0 1 0 0 0 0
230	3	1 1 1 1 0 0 0 1 0 0 0 1 0 0 1 0
230	7	1 0 0 1 0 0 0 1 0 0 0 0 1 0 1 0
230	8	1 0 1 1 0 1 0 0 0 0 0 1 1 0 1 0
230	5	1 1 1 1 0 1 0 0 1 1 0 1 0 0 1 0
230	6	1 1 1 0 0 1 0 1 1 1 0 1 0 0 0 0
230	3	1 1 1 1 0 1 0 1 1 1 0 1 1 0 0 0
230	11	1 1 1 0 0 0 0 1 0 0 0 1 0 0 1 1
230	19	1 0 1 0 0 0 0 1 1 1 0 1 0 0 1 1
230	2	1 0 1 0 0 0 0 0 0 1 0 1 0 0 0 0
230	45	1 1 0 0 0 0 0 1 0 1 0 1 0 0 0 0
230	11	1 0 1 1 0 0 0 1 0 1 0 0 0 0 1 0
230	5	1 1 1 0 0 0 0 0 0 0 0 0 0 0 1 0
230	2	1 0 1 0 0 0 0 1 0 0 0 0 0 0 1 0
230	25	1 0 1 1 0 0 0 1 0 0 1 1 0 0 0 0
230	3	1 0 1 1 0 0 0 1 0 0 0 0 0 1 1 0
230	3	1 1 0 1 0 0 0 1 0 0 0 1 0 0 1 0
230	4	1 0 1 0 0 1 0 1 1 1 0 1 0 0 1 0
230	2	1 1 1 0 0 0 1 1 0 0 0 1 0 0 0 0
230	5	1 1 0 0 0 1 0 1 0 0 0 1 0 0 0 0
230	3	1 0 0 0 0 0 0 1 0 0 0 1 0 0 0 0
230	4	1 0 1 0 0 0 0 1 1 0 0 1 0 0 1 0
230	27	1 1 1 0 0 0 0 1 0 0 0 1 0 1 0 0
230	12	1 0 1 0 0 0 0 1 0 0 0 1 0 0 0 0
230	1	1 0 1 1 0 1 0 1 0 0 0 1 0 0 1 0
230	6	1 1 1 0 0 0 0 1 0 1 1 1 0 0 1 0
230	4	1 0 0 1 1 0 0 0 0 0 0 0 0 0 1 0
230	6	1 0 1 1 0 0 0 1 0 0 0 1 0 0 0 0
230	5	1 0 1 0 0 0 1 1 0 0 0 1 0 0 0 0
230	14	1 1 1 1 0 0 0 1 0 0 0 1 0 0 0 0
230	1	1 1 1 0 0 0 0 0 0 0 0 1 0 1 1 0
230	2	1 1 0 0 0 0 0 1 0 0 0 1 0 0 0 1
230	2	1 1 0 0 0 0 1 1 0 0 0 1 0 0 0 0
230	1	1 1 1 0 0 0 0 1 0 0 0 1 1 0 0 0
230	11	0 0 1 1 0 0 0 1 0 0 1 1 0 0 0 0
230	10	1 1 0 1 0 1 0 1 0 0 0 1 0 0 1 0
230	3	1 1 1 1 0 1 0 1 1 1 0 1 1 0 0 1
230	4	0 0 1 0 0 1 0 1 1 0 0 1 0 0 1 1
230	11	1 1 0 1 0 0 0 1 0 0 0 1 0 0 0 0
230	5	1 1 0 0 0 0 0 1 0 1 0 1 0 0 1 0
230	1	1 0 0 1 1 0 0 1 0 0 0 0 0 1 1 1
230	2	1 1 1 1 0 1 0 1 1 0 0 1 0 0 1 0
230	13	1 1 1 0 0 1 0 1 0 0 0 0 0 0 1 0
230	1	1 0 1 0 0 1 0 0 0 0 0 1 0 0 0 0
230	1	1 0 1 0 0 0 0 1 1 1 0 0 0 0 1 1
230	2	1 0 0 0 0 0 1 1 0 0 0 1 0 0 0 0
230	1	1 1 0 1 0 0 0 1 0 0 0 1 1 0 1 0
230	7	1 0 0 1 1 0 0 1 0 0 0 1 0 0 1 0
230	4	0 1 1 0 0 0 0 0 1 0 0 1 0 0 0 0
230	4	1 0 0 1 0 1 0 1 1 0 0 1 0 0 1 1
230	3	1 1 1 0 0 0 0 1 0 0 1 0 0 0 1 0
230	2	1 1 1 0 0 1 0 1 0 0 0 1 0 0 0 0
230	7	1 1 0 0 0 0 0 0 0 0 0 0 0 0 1 0
230	1	1 0 1 1 0 1 0 0 0 0 0 1 1 0 0 0
230	10	1 1 0 0 1 0 0 1 1 0 0 1 0 0 1 1
230	3	1 1 1 0 0 0 0 0 0 0 0 0 1 0 1 0
230	1	1 1 1 0 0 0 0 1 1 0 0 1 0 0 0 1
230	3	1 1 1 0 0 0 0 1 0 0 1 1 1 0 0 0
230	2	0 1 1 0 0 0 0 1 1 0 0 1 1 0 1 0
230	2	1 0 0 1 0 0 0 1 0 1 0 0 0 0 1 0
230	1	1 1 1 0 1 1 0 0 1 1 0 1 0 0 1 0
230	3	1 0 1 1 0 0 0 1 0 0 1 1 0 0 0 1
230	1	1 0 1 0 0 0 0 1 0 1 0 1 0 0 1 0
230	3	1 1 1 0 0 0 0 1 1 1 0 1 0 0 1 1
230	2	1 0 1 1 0 0 0 0 0 0 0 0 0 0 1 0
230	2	1 1 1 0 0 1 0 0 1 1 0 1 0 0 0 0
230	2	1 1 0 0 0 0 0 1 0 0 0 0 0 0 0 0
230	1	0 0 0 1 0 1 0 1 1 0 0 1 0 0 1 0
230	2	1 1 1 0 0 0 0 1 0 1 0 1 0 0 1 1
230	1	1 1 0 1 0 1 0 1 1 0 0 0 0 0 1 0
230	1	1 0 1 1 0 0 0 0 0 1 0 1 0 0 1 0
230	1	1 0 0 1 0 0 0 1 0 0 0 0 0 0 1 0
230	2	1 0 1 0 0 0 0 1 0 1 0 1 0 0 1 1
240	61	1 1 0 0 0 0 0 1 0 0 0 1 0 0 0 0
240	37	1 0 0 1 0 1 0 1 1 0 0 1 0 0 1 0
240	18	1 1 1 0 0 0 0 1 0 0 0 1 0 0 1 0
240	86	1 1 1 0 0 0 0 1 0 1 0 1 0 0 1 0
240	4	1 1 1 0 0 1 0 1 1 1 0 1 0 0 1 0
240	2	1 0 1 1 0 0 0 1 0 0 0 1 1 0 1 0
240	6	1 0 0 0 0 1 0 0 0 0 0 1 0 0 0 0
240	22	1 0 1 1 0 0 0 1 1 0 0 1 0 0 1 0
240	15	1 1 1 0 0 1 0 1 1 0 0 1 0 0 1 0
240	36	1 0 1 1 0 0 0 1 0 0 0 0 0 0 1 0
240	13	1 0 1 0 0 0 0 0 0 0 0 1 0 0 0 0
240	1	1 0 0 1 0 0 0 1 0 1 0 1 0 0 1 0
240	22	1 1 0 1 0 1 0 1 1 0 0 1 0 0 1 0
240	8	1 0 0 1 0 0 0 1 0 0 0 0 0 1 1 0
240	42	1 1 1 0 0 0 0 1 1 0 0 1 0 0 1 0
240	51	0 1 1 0 0 0 0 0 1 0 0 0 0 0 1 0
240	2	1 0 1 0 0 0 0 1 1 1 0 1 0 0 1 0
240	14	1 1 1 0 0 0 0 1 0 0 0 0 0 0 1 0
240	16	0 1 0 1 0 0 0 1 0 0 0 1 0 0 1 0
240	59	1 1 1 0 0 0 0 1 0 0 0 1 0 0 0 0
240	8	1 1 1 1 0 1 1 1 1 1 0 1 0 0 1 0
240	5	1 0 1 1 0 0 0 1 0 1 0 1 0 0 1 0
240	3	1 1 0 0 0 0 0 1 0 0 0 0 0 0 1 0
240	18	1 1 1 0 0 1 0 0 1 1 0 1 0 0 1 0
240	12	1 1 1 0 0 0 0 1 1 0 0 1 0 0 0 0
240	3	1 0 0 1 0 0 0 1 0 0 0 0 1 0 1 0
240	13	1 0 1 1 0 1 0 0 0 0 0 1 1 0 1 0
240	16	1 1 1 0 0 1 0 1 1 1 0 1 0 0 0 0
240	1	1 1 1 0 0 0 0 1 0 0 0 1 0 0 1 1
240	2	1 0 1 0 0 0 0 1 1 1 0 1 0 0 1 1
240	13	1 1 0 0 0 0 0 1 0 1 0 1 0 0 0 0
240	3	1 0 1 1 0 0 0 1 0 1 0 0 0 0 1 0
240	7	1 1 1 0 0 0 0 0 0 0 0 0 0 0 1 0
240	2	1 0 1 1 0 0 0 1 0 0 1 1 0 0 0 0
240	13	1 0 1 1 0 0 0 1 0 0 0 0 0 1 1 0
240	8	1 1 0 1 0 0 0 1 0 0 0 1 0 0 1 0
240	3	1 0 1 0 0 1 0 1 1 1 0 1 0 0 1 0
240	9	1 1 1 0 0 0 0 1 0 0 0 1 0 1 0 0
240	21	1 0 1 0 0 0 0 1 0 0 0 1 0 0 0 0
240	4	1 0 0 1 1 0 0 0 0 0 0 0 0 0 1 0
240	4	1 0 1 1 0 0 0 1 0 0 0 1 0 0 0 0
240	4	1 1 1 1 0 0 0 1 0 0 0 1 0 0 0 0
240	7	1 1 0 0 0 0 0 1 0 0 0 1 0 0 0 1
240	11	1 1 0 0 0 0 1 1 0 0 0 1 0 0 0 0
240	11	0 0 1 1 0 0 0 1 0 0 1 1 0 0 0 0
240	3	1 1 0 1 0 1 0 1 0 0 0 1 0 0 1 0
240	34	1 1 0 1 0 0 0 1 0 0 0 1 0 0 0 0
240	19	1 1 0 0 0 0 0 1 0 1 0 1 0 0 1 0
240	3	1 1 1 1 0 1 0 1 1 0 0 1 0 0 1 0
240	1	1 0 0 1 1 0 0 1 0 0 0 1 0 0 1 0
240	6	1 0 0 1 0 1 0 1 1 0 0 1 0 0 1 1
240	8	1 1 1 0 0 0 0 1 0 0 1 0 0 0 1 0
240	6	1 1 0 0 1 0 0 1 1 0 0 1 0 0 1 1
240	21	1 1 1 0 0 0 0 1 0 0 1 1 1 0 0 0
240	5	1 0 0 1 0 0 0 1 0 1 0 0 0 0 1 0
240	4	1 0 1 1 0 0 0 0 0 0 0 0 0 0 1 0
240	11	1 1 0 0 0 0 0 1 0 0 0 0 0 0 0 0
240	2	1 1 0 1 0 1 0 1 1 0 0 0 0 0 1 0
240	5	1 1 0 0 0 0 0 1 1 0 0 1 0 0 1 0
240	5	1 1 0 0 0 0 0 1 0 0 0 1 0 0 1 0
240	2	1 1 1 0 0 1 0 1 0 0 0 0 0 0 0 0
240	15	1 1 1 0 0 1 0 1 0 0 0 0 1 0 0 0
240	4	1 0 0 0 0 0 0 0 0 0 0 1 0 0 0 0
240	5	1 1 1 0 0 1 0 0 1 1 0 0 0 0 1 0
240	1	1 1 0 0 0 1 0 1 0 1 0 1 0 0 0 0
240	3	0 0 1 0 1 1 0 1 1 0 0 1 0 0 1 1
240	2	1 0 1 1 1 0 0 1 0 0 0 1 0 0 1 0
240	2	1 0 0 1 0 1 0 1 1 0 0 1 0 0 0 0
240	3	1 1 0 0 0 0 0 1 1 0 0 1 0 0 0 0
240	14	1 0 0 1 0 1 0 1 0 1 0 0 0 0 1 0
240	2	0 1 0 0 0 1 0 1 1 1 0 1 0 0 0 0
240	9	1 1 1 0 0 0 0 1 0 1 0 1 0 0 0 0
240	4	1 1 1 1 0 0 0 1 0 1 0 1 0 0 0 1
240	1	1 0 0 1 0 0 0 1 0 0 0 1 0 0 1 0
240	2	1 0 1 1 0 0 0 0 0 0 0 1 0 0 1 0
240	1	1 0 0 0 0 1 0 1 1 0 0 1 0 0 1 0
240	3	0 1 1 0 0 1 0 1 1 0 0 1 0 0 1 0
240	6	0 1 1 0 0 0 0 0 1 0 0 1 0 0 1 0
240	2	1 1 1 1 0 1 1 0 1 1 0 1 0 0 1 0
240	4	1 1 1 1 0 0 0 1 0 0 1 1 0 0 0 0
240	1	0 1 0 1 0 0 0 1 1 1 0 1 0 0 1 0
240	2	1 1 1 0 1 1 0 1 0 0 0 1 0 0 1 0
240	3	1 1 0 0 0 0 0 1 0 0 1 1 0 0 0 0
240	2	1 1 1 0 0 0 0 1 1 1 0 1 0 0 1 0
240	2	1 1 1 0 0 1 0 1 1 0 0 1 0 0 1 1
240	1	1 1 1 0 0 0 0 1 0 0 0 1 1 0 0 0
240	1	1 0 1 1 1 0 0 1 0 1 0 1 0 0 1 0
240	6	1 1 1 0 0 0 0 1 0 0 1 1 0 0 0 0
240	1	1 0 1 1 0 1 0 1 1 0 0 1 0 0 1 0
240	4	1 0 0 1 0 1 0 1 1 1 0 1 0 0 1 0
240	2	1 1 1 0 0 0 0 1 0 1 0 1 0 1 1 0
240	4	1 1 1 0 1 1 0 1 1 0 0 1 0 0 1 0
240	2	1 0 1 1 0 1 0 0 0 0 1 1 1 0 1 0
240	2	1 1 0 0 0 0 0 1 0 1 0 0 0 0 1 0
240	3	0 1 1 0 0 0 0 1 1 0 0 1 0 0 1 0
240	2	0 1 1 0 0 0 0 1 0 1 0 1 0 0 1 0
240	1	1 0 1 1 0 0 1 1 0 0 0 0 0 0 1 0
240	1	1 1 1 0 0 0 0 0 0 0 0 1 0 0 0 0
240	1	1 1 0 1 0 1 1 1 1 1 0 1 0 0 1 0
240	2	1 1 0 0 0 0 0 0 0 1 0 1 0 0 0 0
240	5	1 0 1 1 0 0 0 1 0 0 1 0 0 0 0 0
240	1	1 0 1 0 0 1 0 1 1 0 0 1 0 0 1 0
240	3	1 1 0 0 0 1 0 1 0 1 0 1 0 0 1 0
240	5	1 1 1 0 0 0 0 1 0 1 0 0 0 1 1 0
240	1	1 0 1 0 0 0 0 1 0 0 0 0 0 0 1 0
240	2	1 0 1 1 0 0 0 0 0 0 0 1 0 0 0 0
240	1	1 1 0 1 0 1 0 0 1 0 0 1 0 0 1 0
240	2	1 1 1 0 0 0 1 1 0 0 0 1 0 0 0 0
240	3	1 1 1 0 0 0 0 0 0 0 0 0 0 1 1 0
250	64	1 1 0 0 0 0 0 1 0 0 0 1 0 0 0 0
250	24	1 0 0 1 0 1 0 1 1 0 0 1 0 0 1 0
250	22	1 1 1 0 0 0 0 1 0 0 0 1 0 0 1 0
250	51	1 1 1 0 0 0 0 1 0 1 0 1 0 0 1 0
250	11	1 1 1 0 0 1 0 1 1 1 0 1 0 0 1 0
250	1	1 0 0 0 0 1 0 0 0 0 0 1 0 0 0 0
250	20	1 0 1 1 0 0 0 1 1 0 0 1 0 0 1 0
250	5	1 1 1 0 0 1 0 1 1 0 0 1 0 0 1 0
250	22	1 0 1 1 0 0 0 1 0 0 0 0 0 0 1 0
250	1	1 0 1 0 0 0 0 0 0 0 0 1 0 0 0 0
250	11	1 1 0 1 0 1 0 1 1 0 0 1 0 0 1 0
250	1	1 0 0 1 0 0 0 1 0 0 0 0 0 1 1 0
250	13	1 1 1 0 0 0 0 1 1 0 0 1 0 0 1 0
250	24	0 1 1 0 0 0 0 0 1 0 0 0 0 0 1 0
250	10	1 1 1 0 0 0 0 1 0 0 0 0 0 0 1 0
250	57	1 1 1 0 0 0 0 1 0 0 0 1 0 0 0 0
250	15	1 0 1 1 0 0 0 1 0 1 0 1 0 0 1 0
250	16	1 1 1 0 0 1 0 0 1 1 0 1 0 0 1 0
250	11	1 1 1 0 0 0 0 1 1 0 0 1 0 0 0 0
250	20	1 0 1 1 0 1 0 0 0 0 0 1 1 0 1 0
250	53	1 1 1 0 0 1 0 1 1 1 0 1 0 0 0 0
250	1	1 1 1 0 0 0 0 1 0 0 0 1 0 0 1 1
250	12	1 1 0 0 0 0 0 1 0 1 0 1 0 0 0 0
250	5	1 0 1 1 0 0 0 1 0 1 0 0 0 0 1 0
250	21	1 0 1 1 0 0 0 1 0 0 0 0 0 1 1 0
250	22	1 1 0 1 0 0 0 1 0 0 0 1 0 0 1 0
250	6	1 0 1 0 0 1 0 1 1 1 0 1 0 0 1 0
250	26	1 1 1 0 0 0 0 1 0 0 0 1 0 1 0 0
250	4	1 0 1 0 0 0 0 1 0 0 0 1 0 0 0 0
250	7	1 1 1 1 0 0 0 1 0 0 0 1 0 0 0 0
250	25	1 1 0 0 0 0 0 1 0 0 0 1 0 0 0 1
250	17	1 1 0 0 0 0 1 1 0 0 0 1 0 0 0 0
250	16	0 0 1 1 0 0 0 1 0 0 1 1 0 0 0 0
250	2	1 1 0 1 0 1 0 1 0 0 0 1 0 0 1 0
250	5	1 1 0 1 0 0 0 1 0 0 0 1 0 0 0 0
250	18	1 1 0 0 0 0 0 1 0 1 0 1 0 0 1 0
250	5	1 0 0 1 0 1 0 1 1 0 0 1 0 0 1 1
250	12	1 1 1 0 0 0 0 1 0 0 1 0 0 0 1 0
250	16	1 1 1 0 0 0 0 1 0 0 1 1 1 0 0 0
250	15	1 1 0 0 0 0 0 1 0 0 0 0 0 0 0 0
250	4	1 1 0 1 0 1 0 1 1 0 0 0 0 0 1 0
250	7	1 1 0 0 0 0 0 1 1 0 0 1 0 0 1 0
250	5	1 1 1 0 0 1 0 1 0 0 0 0 1 0 0 0
250	5	1 1 1 0 0 1 0 0 1 1 0 0 0 0 1 0
250	2	1 1 0 0 0 0 0 1 1 0 0 1 0 0 0 0
250	2	1 0 0 1 0 1 0 1 0 1 0 0 0 0 1 0
250	36	1 1 1 0 0 0 0 1 0 1 0 1 0 0 0 0
250	1	1 1 1 1 0 0 0 1 0 1 0 1 0 0 0 1
250	11	0 1 1 0 0 1 0 1 1 0 0 1 0 0 1 0
250	18	0 1 1 0 0 0 0 0 1 0 0 1 0 0 1 0
250	5	1 1 0 0 0 0 0 1 0 0 1 1 0 0 0 0
250	4	1 1 1 0 0 1 0 1 1 0 0 1 0 0 1 1
250	4	1 1 1 0 0 0 0 1 0 0 1 1 0 0 0 0
250	2	1 0 1 1 0 1 0 0 0 0 1 1 1 0 1 0
250	9	1 0 1 1 0 0 0 1 0 0 1 0 0 0 0 0
250	7	1 1 1 0 0 0 0 1 0 1 0 0 0 1 1 0
250	16	1 0 0 1 0 0 0 1 0 0 0 1 0 0 0 0
250	6	1 1 1 0 0 0 0 0 0 1 0 1 0 0 1 0
250	6	1 1 1 0 0 0 0 1 0 0 0 0 0 0 0 0
250	15	0 1 0 0 0 0 1 1 0 0 0 1 0 0 0 0
250	6	1 0 1 0 0 0 0 1 0 0 1 1 1 0 0 0
250	2	1 1 1 1 0 0 0 1 1 0 0 0 0 0 1 0
250	7	1 1 1 0 0 0 0 1 0 1 0 0 0 0 1 0
250	1	1 0 1 1 0 0 0 1 0 0 0 0 0 0 0 0
250	10	0 1 1 0 0 0 0 1 0 0 0 0 0 0 1 0
250	7	0 0 0 1 0 0 0 1 0 0 0 1 0 0 0 0
250	5	1 0 1 0 0 0 0 1 1 1 0 1 0 0 0 0
250	2	1 1 1 0 0 0 0 1 0 1 0 1 1 0 1 0
250	3	1 0 1 1 0 0 0 1 1 1 0 1 0 0 1 0
250	5	0 1 1 0 0 1 0 1 1 1 0 1 0 0 0 0
250	3	1 1 1 0 0 0 0 1 0 0 0 1 1 0 1 1
250	6	0 1 0 0 1 1 0 1 1 1 0 1 0 0 0 0
250	1	1 1 0 0 0 0 0 1 0 0 1 1 1 0 0 0
250	4	1 0 1 0 0 0 0 1 0 0 0 1 0 0 1 1
250	3	1 0 1 1 0 0 0 1 1 1 0 1 0 0 0 0
250	2	1 0 1 0 1 1 0 1 1 0 0 1 0 0 1 0
250	6	1 1 1 0 0 1 1 1 1 0 0 1 0 0 1 0
250	4	1 0 1 1 0 0 0 1 0 0 1 0 0 0 1 0
250	2	1 1 1 0 0 0 0 1 1 0 0 1 1 0 1 0
250	1	0 1 1 0 0 0 0 1 0 0 0 1 0 0 0 0
250	4	0 1 1 0 0 0 0 1 0 0 1 1 1 0 0 0
250	5	1 1 0 0 0 0 0 1 1 1 0 1 0 0 0 0
250	2	1 1 0 0 0 0 0 0 0 0 0 1 0 0 0 0
250	1	1 0 1 1 1 0 0 1 0 0 0 0 0 0 1 0
250	2	1 1 0 0 0 1 0 1 0 0 0 1 0 0 0 0
250	6	1 1 0 0 0 0 0 1 0 0 0 1 0 1 0 0
250	9	1 1 1 0 0 0 0 0 0 0 0 1 0 0 1 0
250	4	1 1 1 0 1 0 0 1 0 0 0 1 0 0 1 0
250	1	1 0 1 0 0 0 0 1 0 0 0 0 0 0 1 0
250	1	1 1 1 0 0 1 0 0 1 1 0 1 0 0 1 1
250	4	1 1 1 0 0 1 0 1 1 1 0 1 0 1 0 0
250	3	1 0 1 1 0 0 0 1 0 0 1 0 0 1 1 0
250	1	1 1 0 0 0 1 0 1 0 0 0 1 0 0 0 1
250	3	1 1 0 0 0 0 0 1 1 0 0 0 0 0 0 0
250	1	1 0 0 1 0 0 0 1 0 0 0 1 0 1 0 0
250	1	1 0 0 0 0 1 0 0 1 1 0 1 0 0 1 0
250	1	1 1 1 0 0 1 0 1 1 1 0 0 0 0 1 0
250	1	0 1 1 1 0 0 0 1 0 0 1 1 0 0 0 0
250	2	1 1 0 0 0 0 0 1 1 0 0 1 0 1 1 0
250	1	1 1 1 0 0 1 0 1 0 0 1 0 1 0 0 0
250	1	1 0 1 1 0 1 0 1 1 1 0 1 0 0 0 0
250	3	1 1 0 0 0 0 1 1 0 0 0 1 0 0 1 0
250	1	0 1 1 1 0 0 0 0 1 0 0 0 0 0 1 0
250	2	1 1 1 0 0 0 0 0 0 0 0 1 0 0 0 0
250	1	1 1 1 0 0 1 0 1 1 1 0 1 1 0 0 0
250	1	1 1 1 0 0 1 1 1 1 1 0 1 0 0 0 0
250	1	1 1 1 0 0 0 0 1 0 1 1 1 1 0 0 0
250	2	1 0 0 1 0 0 0 1 0 0 0 1 0 0 1 0
250	3	1 1 1 0 0 0 0 0 0 0 0 0 0 0 1 0
260	74	1 1 0 0 0 0 0 1 0 0 0 1 0 0 0 0
260	9	1 0 0 1 0 1 0 1 1 0 0 1 0 0 1 0
260	12	1 1 1 0 0 0 0 1 0 0 0 1 0 0 1 0
260	70	1 1 1 0 0 0 0 1 0 1 0 1 0 0 1 0
260	8	1 1 1 0 0 1 0 1 1 1 0 1 0 0 1 0
260	14	1 0 0 0 0 1 0 0 0 0 0 1 0 0 0 0
260	17	1 0 1 1 0 0 0 1 1 0 0 1 0 0 1 0
260	17	1 1 1 0 0 1 0 1 1 0 0 1 0 0 1 0
260	29	1 0 1 1 0 0 0 1 0 0 0 0 0 0 1 0
260	1	1 1 0 1 0 1 0 1 1 0 0 1 0 0 1 0
260	6	1 1 1 0 0 0 0 1 1 0 0 1 0 0 1 0
260	21	0 1 1 0 0 0 0 0 1 0 0 0 0 0 1 0
260	23	1 1 1 0 0 0 0 1 0 0 0 0 0 0 1 0
260	58	1 1 1 0 0 0 0 1 0 0 0 1 0 0 0 0
260	12	1 1 1 0 0 1 0 0 1 1 0 1 0 0 1 0
260	23	1 1 1 0 0 0 0 1 1 0 0 1 0 0 0 0
260	20	1 0 1 1 0 1 0 0 0 0 0 1 1 0 1 0
260	11	1 1 1 0 0 1 0 1 1 1 0 1 0 0 0 0
260	4	1 1 0 0 0 0 0 1 0 1 0 1 0 0 0 0
260	17	1 1 0 1 0 0 0 1 0 0 0 1 0 0 1 0
260	36	1 1 1 0 0 0 0 1 0 0 0 1 0 1 0 0
260	2	1 0 1 0 0 0 0 1 0 0 0 1 0 0 0 0
260	4	1 1 1 1 0 0 0 1 0 0 0 1 0 0 0 0
260	6	1 1 0 0 0 0 0 1 0 0 0 1 0 0 0 1
260	7	1 1 0 0 0 0 1 1 0 0 0 1 0 0 0 0
260	41	0 0 1 1 0 0 0 1 0 0 1 1 0 0 0 0
260	7	1 1 0 1 0 0 0 1 0 0 0 1 0 0 0 0
260	6	1 1 0 0 0 0 0 1 0 1 0 1 0 0 1 0
260	12	1 1 1 0 0 0 0 1 0 0 1 0 0 0 1 0
260	4	1 1 0 0 0 0 0 1 0 0 0 0 0 0 0 0
260	4	1 1 0 0 0 0 0 1 1 0 0 1 0 0 1 0
260	8	1 1 1 0 0 1 0 1 0 0 0 0 1 0 0 0
260	14	1 1 1 0 0 1 0 0 1 1 0 0 0 0 1 0
260	50	1 1 1 0 0 0 0 1 0 1 0 1 0 0 0 0
260	2	1 1 1 1 0 0 0 1 0 1 0 1 0 0 0 1
260	21	0 1 1 0 0 1 0 1 1 0 0 1 0 0 1 0
260	5	0 1 1 0 0 0 0 0 1 0 0 1 0 0 1 0
260	14	1 1 0 0 0 0 0 1 0 0 1 1 0 0 0 0
260	18	1 1 1 0 0 0 0 1 0 0 1 1 0 0 0 0
260	12	1 0 1 1 0 0 0 1 0 0 1 0 0 0 0 0
260	9	1 1 1 0 0 0 0 1 0 1 0 0 0 1 1 0
260	38	1 1 1 0 0 0 0 1 0 0 0 0 0 0 0 0
260	3	0 1 0 0 0 0 1 1 0 0 0 1 0 0 0 0
260	1	1 0 1 0 0 0 0 1 0 0 1 1 1 0 0 0
260	8	1 1 1 0 0 0 0 1 0 1 0 0 0 0 1 0
260	10	0 1 1 0 0 0 0 1 0 0 0 0 0 0 1 0
260	5	0 0 0 1 0 0 0 1 0 0 0 1 0 0 0 0
260	9	1 0 1 0 0 0 0 1 1 1 0 1 0 0 0 0
260	5	1 0 1 1 0 0 0 1 1 1 0 1 0 0 1 0
260	10	0 1 1 0 0 1 0 1 1 1 0 1 0 0 0 0
260	5	1 0 1 0 1 1 0 1 1 0 0 1 0 0 1 0
260	13	1 1 1 0 0 1 1 1 1 0 0 1 0 0 1 0
260	3	1 1 1 0 0 0 0 1 1 0 0 1 1 0 1 0
260	3	1 1 0 0 0 1 0 1 0 0 0 1 0 0 0 0
260	8	1 1 1 0 0 0 0 0 0 0 0 1 0 0 1 0
260	11	1 1 1 0 1 0 0 1 0 0 0 1 0 0 1 0
260	5	0 1 1 1 0 0 0 1 0 0 1 1 0 0 0 0
260	2	1 1 0 0 0 0 0 1 1 0 0 1 0 1 1 0
260	1	1 0 1 1 0 0 0 1 0 0 0 1 1 0 1 1
260	4	1 0 1 0 0 0 0 1 0 1 0 1 0 0 1 0
260	1	1 1 1 1 0 1 0 0 1 1 0 1 0 0 1 0
260	2	1 1 1 1 0 0 0 1 0 0 0 0 0 1 1 0
260	8	1 0 1 0 0 1 0 0 0 0 0 1 1 0 1 0
260	4	1 1 1 0 0 0 0 1 0 0 0 1 1 0 0 0
260	10	1 1 1 0 0 1 0 0 1 0 1 0 0 0 1 0
260	8	1 1 0 0 0 0 0 1 1 0 0 0 0 0 1 0
260	3	1 0 1 0 0 0 0 0 0 0 1 1 1 0 0 0
260	10	1 0 1 1 0 1 0 0 0 0 0 1 0 0 1 0
260	1	1 0 0 0 0 1 0 1 1 1 0 1 0 0 0 0
260	3	1 0 1 1 0 1 0 1 0 0 0 1 0 0 0 1
260	16	1 1 0 0 0 1 0 1 1 0 0 1 0 0 1 0
260	3	0 0 1 1 0 0 0 1 0 0 1 0 0 0 1 1
260	4	0 1 1 0 0 0 0 0 1 0 0 0 0 0 0 0
260	5	0 1 1 0 0 1 0 0 1 1 0 0 0 0 1 0
260	2	0 1 0 0 0 0 0 0 1 0 0 0 0 0 1 0
260	1	1 1 0 0 1 0 0 1 0 1 0 1 0 0 0 0
260	1	1 1 1 0 0 0 0 1 0 1 1 1 0 0 1 0
260	3	1 1 1 0 0 0 0 0 0 0 0 1 0 0 0 0
260	1	1 1 1 1 0 0 0 1 1 0 0 1 0 0 0 0
260	4	1 1 0 0 0 0 0 1 1 0 1 0 0 0 1 0
260	1	1 1 0 0 0 0 0 1 0 0 0 0 0 0 1 0
260	4	1 1 1 1 0 0 0 1 0 0 0 0 0 0 1 0
260	4	0 0 1 1 0 0 0 1 1 0 0 0 0 0 1 0
260	2	1 1 1 0 0 0 0 0 1 0 0 0 0 0 1 0
260	3	1 1 1 0 0 1 0 1 1 0 0 1 0 1 1 0
260	2	1 1 1 0 0 0 0 1 1 0 0 1 0 0 1 1
260	1	1 0 1 1 0 0 0 1 0 0 1 0 0 0 1 1
260	1	1 1 1 0 0 0 0 1 1 0 0 0 0 0 1 0
260	3	1 1 1 0 0 1 0 1 1 0 0 0 0 0 1 0
260	1	0 1 1 0 0 0 0 1 1 0 0 0 0 0 1 0
260	1	1 0 1 1 0 1 1 0 0 0 0 1 1 0 1 0
260	2	1 1 0 0 0 0 0 1 0 0 0 0 0 1 0 0
260	2	1 1 0 0 0 0 0 1 1 1 0 1 0 0 1 0
260	4	0 0 1 1 0 0 0 1 0 0 1 0 0 0 0 0
260	1	1 1 1 0 0 0 0 1 1 1 0 0 0 1 1 0
260	2	1 1 0 0 0 0 0 0 0 0 0 1 0 0 1 0
260	1	0 0 1 1 1 0 0 1 0 0 1 0 0 0 1 1
260	2	0 1 1 0 0 1 0 0 1 1 0 1 0 0 1 0
260	1	1 1 0 0 0 0 0 1 1 0 1 1 0 0 1 0
270	28	1 1 0 0 0 0 0 1 0 0 0 1 0 0 0 0
270	1	1 0 0 1 0 1 0 1 1 0 0 1 0 0 1 0
270	7	1 1 1 0 0 0 0 1 0 0 0 1 0 0 1 0
270	56	1 1 1 0 0 0 0 1 0 1 0 1 0 0 1 0
270	3	1 1 1 0 0 1 0 1 1 1 0 1 0 0 1 0
270	8	1 0 0 0 0 1 0 0 0 0 0 1 0 0 0 0
270	2	1 0 1 1 0 0 0 1 1 0 0 1 0 0 1 0
270	13	1 1 1 0 0 1 0 1 1 0 0 1 0 0 1 0
270	18	1 0 1 1 0 0 0 1 0 0 0 0 0 0 1 0
270	11	1 1 0 1 0 1 0 1 1 0 0 1 0 0 1 0
270	4	1 1 1 0 0 0 0 1 1 0 0 1 0 0 1 0
270	3	0 1 1 0 0 0 0 0 1 0 0 0 0 0 1 0
270	19	1 1 1 0 0 0 0 1 0 0 0 0 0 0 1 0
270	64	1 1 1 0 0 0 0 1 0 0 0 1 0 0 0 0
270	3	1 1 1 0 0 1 0 0 1 1 0 1 0 0 1 0
270	19	1 1 1 0 0 0 0 1 1 0 0 1 0 0 0 0
270	19	1 0 1 1 0 1 0 0 0 0 0 1 1 0 1 0
270	51	1 1 1 0 0 1 0 1 1 1 0 1 0 0 0 0
270	27	1 1 0 1 0 0 0 1 0 0 0 1 0 0 1 0
270	43	1 1 1 0 0 0 0 1 0 0 0 1 0 1 0 0
270	1	1 1 1 1 0 0 0 1 0 0 0 1 0 0 0 0
270	3	1 1 0 0 0 0 0 1 0 0 0 1 0 0 0 1
270	10	1 1 0 0 0 0 1 1 0 0 0 1 0 0 0 0
270	15	0 0 1 1 0 0 0 1 0 0 1 1 0 0 0 0
270	21	1 1 0 1 0 0 0 1 0 0 0 1 0 0 0 0
270	12	1 1 0 0 0 0 0 1 0 1 0 1 0 0 1 0
270	10	1 1 1 0 0 0 0 1 0 0 1 0 0 0 1 0
270	2	1 1 0 0 0 0 0 1 0 0 0 0 0 0 0 0
270	4	1 1 0 0 0 0 0 1 1 0 0 1 0 0 1 0
270	11	1 1 1 0 0 1 0 1 0 0 0 0 1 0 0 0
270	6	1 1 1 0 0 1 0 0 1 1 0 0 0 0 1 0
270	87	1 1 1 0 0 0 0 1 0 1 0 1 0 0 0 0
270	1	1 1 1 1 0 0 0 1 0 1 0 1 0 0 0 1
270	13	0 1 1 0 0 1 0 1 1 0 0 1 0 0 1 0
270	24	1 1 0 0 0 0 0 1 0 0 1 1 0 0 0 0
270	16	1 1 1 0 0 0 0 1 0 0 1 1 0 0 0 0
270	34	1 0 1 1 0 0 0 1 0 0 1 0 0 0 0 0
270	4	1 1 1 0 0 0 0 1 0 1 0 0 0 1 1 0
270	37	1 1 1 0 0 0 0 1 0 0 0 0 0 0 0 0
270	11	1 1 1 0 0 0 0 1 0 1 0 0 0 0 1 0
270	3	0 0 0 1 0 0 0 1 0 0 0 1 0 0 0 0
270	15	1 0 1 0 0 0 0 1 1 1 0 1 0 0 0 0
270	1	1 0 1 0 1 1 0 1 1 0 0 1 0 0 1 0
270	2	1 1 1 0 0 1 1 1 1 0 0 1 0 0 1 0
270	11	1 1 1 0 0 0 0 1 1 0 0 1 1 0 1 0
270	7	1 1 1 0 0 0 0 0 0 0 0 1 0 0 1 0
270	6	1 1 1 0 1 0 0 1 0 0 0 1 0 0 1 0
270	4	0 1 1 1 0 0 0 1 0 0 1 1 0 0 0 0
270	3	1 1 1 1 0 1 0 0 1 1 0 1 0 0 1 0
270	10	1 1 1 1 0 0 0 1 0 0 0 0 0 1 1 0
270	12	1 0 1 0 0 1 0 0 0 0 0 1 1 0 1 0
270	9	1 1 1 0 0 0 0 1 0 0 0 1 1 0 0 0
270	5	1 1 1 0 0 1 0 0 1 0 1 0 0 0 1 0
270	14	1 1 0 0 0 0 0 1 1 0 0 0 0 0 1 0
270	2	1 0 1 1 0 1 0 0 0 0 0 1 0 0 1 0
270	2	1 1 0 0 0 1 0 1 1 0 0 1 0 0 1 0
270	4	1 1 1 1 0 0 0 1 0 0 0 0 0 0 1 0
270	2	0 0 1 1 0 0 0 1 1 0 0 0 0 0 1 0
270	3	1 1 1 0 0 0 0 0 1 0 0 0 0 0 1 0
270	1	1 1 1 0 0 0 0 1 1 0 0 1 0 0 1 1
270	5	0 0 1 1 0 0 0 1 0 0 1 0 0 0 0 0
270	4	1 1 0 0 0 0 0 1 1 0 1 1 0 0 1 0
270	3	1 1 1 0 1 0 0 1 0 1 0 1 0 0 1 0
270	13	1 1 1 0 0 0 1 1 0 1 0 1 0 0 1 0
270	3	0 0 1 1 0 0 0 1 0 0 1 1 1 0 0 0
270	3	1 1 1 0 0 0 0 1 0 1 0 1 0 0 1 1
270	2	1 0 1 0 0 0 0 1 0 1 0 1 0 0 0 0
270	7	1 1 1 0 0 1 1 1 1 0 0 0 0 0 1 0
270	5	1 1 1 0 0 1 1 1 0 0 0 1 0 0 0 0
270	7	1 1 1 0 1 0 0 1 0 0 0 1 0 0 0 0
270	4	1 1 0 0 0 0 0 0 0 0 0 0 0 0 0 0
270	1	1 1 0 1 0 0 0 1 0 1 0 1 0 0 0 0
270	5	1 1 0 0 0 0 0 1 0 0 0 1 0 0 1 0
270	6	1 1 0 0 0 0 0 1 0 0 0 1 0 1 0 0
270	4	1 1 1 0 0 1 0 1 1 1 0 1 0 1 0 0
270	1	1 1 1 0 0 0 0 1 0 0 0 0 0 0 0 1
270	6	1 1 1 1 0 0 0 1 0 0 1 1 0 0 0 0
270	1	1 0 1 0 1 1 1 1 1 0 0 1 0 0 1 0
270	1	1 0 1 1 0 0 0 1 0 1 0 1 0 0 1 0
270	7	1 1 1 0 0 0 0 1 0 0 0 1 1 0 1 0
270	1	1 0 0 0 0 1 0 0 0 0 0 1 1 0 0 0
270	3	1 1 1 0 0 0 0 1 0 0 0 1 0 0 0 1
270	3	1 1 1 0 0 0 0 1 0 1 0 1 1 0 0 0
270	1	1 1 1 0 0 0 0 1 0 1 0 1 0 1 0 0
270	5	0 0 1 1 0 0 0 1 0 0 0 1 0 0 0 0
270	3	1 1 1 0 0 0 0 1 1 1 0 1 0 0 1 0
270	2	1 1 1 0 0 1 0 1 1 0 0 1 0 0 0 0
270	2	1 1 1 0 0 1 0 1 0 0 0 1 0 1 0 0
270	2	1 1 1 0 0 0 0 1 0 0 1 1 0 1 0 0
270	2	1 1 1 0 0 1 0 0 0 0 0 0 1 0 0 0
270	8	1 0 1 0 0 0 0 0 1 0 0 0 0 0 1 0
270	1	0 0 1 1 0 0 0 1 0 1 0 1 0 0 0 0
270	3	1 1 1 1 0 0 0 1 0 1 0 1 0 0 1 0
270	1	1 1 1 0 0 0 0 1 0 0 0 1 1 1 0 0
270	1	1 1 0 0 0 0 0 1 1 0 0 1 0 1 0 0
270	1	1 1 1 0 0 0 0 0 0 1 0 1 0 0 1 0
270	5	1 0 1 0 0 0 0 1 0 1 0 1 0 0 1 0
270	4	1 1 1 0 0 0 0 1 1 1 0 1 0 0 0 0
270	1	1 0 1 1 0 1 0 0 0 0 0 1 1 1 1 0
270	3	1 1 1 0 0 1 0 0 1 1 0 1 0 0 0 0
270	1	1 1 1 0 0 1 0 1 0 1 0 1 0 0 0 0
270	2	0 1 1 0 0 1 1 1 1 0 0 1 0 0 1 0
270	1	1 1 1 1 0 1 1 0 1 1 0 1 0 0 1 0
270	2	1 1 0 1 0 0 0 1 0 0 0 0 0 1 1 0
270	3	1 1 0 1 0 0 0 1 0 0 0 0 0 0 1 0
270	3	1 1 1 0 0 0 1 1 0 0 0 0 0 0 1 0
270	1	1 1 1 0 0 0 1 1 0 1 1 0 0 0 0 0
270	5	0 1 1 0 0 0 0 1 0 1 0 1 0 0 1 0
270	1	1 1 0 1 0 1 0 1 1 0 0 1 0 0 1 1
270	1	1 1 1 0 0 0 0 0 0 0 0 0 0 0 1 0
270	1	1 0 1 1 0 0 0 1 0 0 1 0 0 0 0 1
270	2	1 1 0 0 0 0 0 1 0 1 0 1 0 1 0 0
280	15	1 1 0 0 0 0 0 1 0 0 0 1 0 0 0 0
280	10	1 1 1 0 0 0 0 1 0 0 0 1 0 0 1 0
280	55	1 1 1 0 0 0 0 1 0 1 0 1 0 0 1 0
280	4	1 0 0 0 0 1 0 0 0 0 0 1 0 0 0 0
280	3	1 0 1 1 0 0 0 1 1 0 0 1 0 0 1 0
280	9	1 1 1 0 0 1 0 1 1 0 0 1 0 0 1 0
280	30	1 0 1 1 0 0 0 1 0 0 0 0 0 0 1 0
280	3	1 1 0 1 0 1 0 1 1 0 0 1 0 0 1 0
280	13	1 1 1 0 0 0 0 1 1 0 0 1 0 0 1 0
280	15	1 1 1 0 0 0 0 1 0 0 0 0 0 0 1 0
280	64	1 1 1 0 0 0 0 1 0 0 0 1 0 0 0 0
280	7	1 1 1 0 0 1 0 0 1 1 0 1 0 0 1 0
280	42	1 1 1 0 0 0 0 1 1 0 0 1 0 0 0 0
280	15	1 0 1 1 0 1 0 0 0 0 0 1 1 0 1 0
280	64	1 1 1 0 0 1 0 1 1 1 0 1 0 0 0 0
280	9	1 1 0 1 0 0 0 1 0 0 0 1 0 0 1 0
280	38	1 1 1 0 0 0 0 1 0 0 0 1 0 1 0 0
280	9	1 1 0 0 0 0 1 1 0 0 0 1 0 0 0 0
280	38	0 0 1 1 0 0 0 1 0 0 1 1 0 0 0 0
280	15	1 1 0 1 0 0 0 1 0 0 0 1 0 0 0 0
280	2	1 1 0 0 0 0 0 1 0 1 0 1 0 0 1 0
280	1	1 1 1 0 0 0 0 1 0 0 1 0 0 0 1 0
280	2	1 1 1 0 0 1 0 1 0 0 0 0 1 0 0 0
280	9	1 1 1 0 0 1 0 0 1 1 0 0 0 0 1 0
280	68	1 1 1 0 0 0 0 1 0 1 0 1 0 0 0 0
280	15	1 1 0 0 0 0 0 1 0 0 1 1 0 0 0 0
280	8	1 1 1 0 0 0 0 1 0 0 1 1 0 0 0 0
280	20	1 0 1 1 0 0 0 1 0 0 1 0 0 0 0 0
280	11	1 1 1 0 0 0 0 1 0 1 0 0 0 1 1 0
280	52	1 1 1 0 0 0 0 1 0 0 0 0 0 0 0 0
280	40	1 0 1 0 0 0 0 1 1 1 0 1 0 0 0 0
280	4	1 1 1 0 0 0 0 1 1 0 0 1 1 0 1 0
280	1	1 1 1 0 0 0 0 0 0 0 0 1 0 0 1 0
280	20	1 1 1 0 1 0 0 1 0 0 0 1 0 0 1 0
280	12	0 1 1 1 0 0 0 1 0 0 1 1 0 0 0 0
280	5	1 1 1 1 0 1 0 0 1 1 0 1 0 0 1 0
280	8	1 1 1 1 0 0 0 1 0 0 0 0 0 1 1 0
280	3	1 1 1 0 0 1 0 0 1 0 1 0 0 0 1 0
280	5	1 1 0 0 0 0 0 1 1 0 0 0 0 0 1 0
280	3	1 0 1 1 0 1 0 0 0 0 0 1 0 0 1 0
280	2	1 1 0 0 0 1 0 1 1 0 0 1 0 0 1 0
280	7	1 1 1 0 0 0 1 1 0 1 0 1 0 0 1 0
280	2	1 1 1 0 0 1 1 1 1 0 0 0 0 0 1 0
280	2	1 1 1 0 0 1 1 1 0 0 0 1 0 0 0 0
280	6	1 1 1 0 1 0 0 1 0 0 0 1 0 0 0 0
280	7	1 1 0 0 0 0 0 0 0 0 0 0 0 0 0 0
280	2	1 1 0 0 0 0 0 1 0 0 0 1 0 1 0 0
280	4	1 1 1 0 0 1 0 1 1 1 0 1 0 1 0 0
280	6	1 0 1 1 0 0 0 1 0 1 0 1 0 0 1 0
280	1	1 1 1 0 0 0 0 1 0 0 1 1 0 1 0 0
280	5	1 1 1 0 0 1 0 0 0 0 0 0 1 0 0 0
280	1	1 0 1 0 0 0 0 0 1 0 0 0 0 0 1 0
280	9	1 1 0 0 0 0 0 1 1 0 0 1 0 1 0 0
280	7	1 0 1 0 0 0 0 1 0 1 0 1 0 0 1 0
280	21	1 1 1 0 0 0 0 1 1 1 0 1 0 0 0 0
280	7	1 1 0 1 0 0 0 1 0 0 0 0 0 0 1 0
280	5	0 1 1 0 0 0 0 1 0 1 0 1 0 0 1 0
280	12	1 1 1 1 0 0 0 1 0 0 1 1 1 0 0 0
280	4	1 1 0 0 0 0 0 1 0 0 0 0 0 0 0 0
280	6	1 1 0 1 1 0 0 1 0 0 0 1 0 0 1 0
280	1	1 1 1 0 0 0 0 1 1 0 0 1 0 1 0 0
280	3	1 1 1 0 1 0 0 1 0 0 0 1 0 0 0 1
280	2	1 0 1 1 0 0 0 1 0 1 0 1 0 0 0 0
280	4	0 1 1 0 0 0 0 1 0 0 0 0 0 0 1 0
280	5	1 1 1 0 0 1 0 1 1 1 0 1 0 0 0 1
280	4	1 1 0 0 0 0 0 1 1 1 0 0 0 0 1 0
280	7	1 1 0 0 1 0 0 1 0 0 0 1 0 0 0 0
280	7	1 1 1 0 0 1 0 1 1 0 0 1 0 0 0 0
280	4	1 1 1 0 0 0 0 1 0 0 1 0 0 0 0 0
280	3	1 0 1 1 0 0 0 1 1 0 1 1 0 0 1 0
280	6	1 1 1 0 0 1 0 1 0 0 0 1 0 0 0 0
280	10	0 0 1 1 0 0 0 0 0 0 1 1 0 0 0 0
280	1	1 0 1 0 0 1 0 1 0 0 0 0 1 0 0 0
280	3	1 0 1 0 0 0 0 1 1 0 0 1 0 0 1 0
280	2	1 1 1 0 0 0 0 1 0 1 0 1 0 1 1 0
280	3	1 1 1 0 0 1 0 1 1 1 1 1 0 0 0 0
280	1	1 1 0 0 0 1 0 1 0 0 1 1 0 0 0 0
280	4	1 1 1 0 0 0 0 1 0 0 1 1 0 0 0 1
280	10	0 0 1 1 0 0 0 1 0 0 1 0 1 0 0 0
280	2	1 1 0 0 0 0 0 0 0 1 0 1 0 0 1 0
280	2	1 1 1 0 0 1 0 0 0 0 0 1 0 0 0 0
280	10	1 1 1 0 0 1 0 1 0 1 0 1 0 0 0 0
280	4	1 1 1 0 0 0 1 1 0 0 0 1 0 1 0 0
280	2	0 1 1 0 0 0 0 1 0 0 0 1 0 1 0 0
280	5	1 1 1 0 0 0 0 1 0 1 0 0 0 0 0 0
280	1	1 1 1 0 0 0 1 1 0 0 0 1 0 0 1 0
280	1	1 0 1 0 0 0 0 0 1 0 0 1 0 0 1 0
280	3	1 1 1 0 0 0 0 0 0 0 0 1 0 0 0 0
280	3	1 1 1 0 0 0 0 1 0 0 0 1 1 0 0 0
280	2	1 1 1 0 0 0 0 1 0 1 0 1 0 0 0 1
280	3	1 1 1 0 0 0 0 1 0 0 0 0 1 0 0 0
280	1	1 0 1 1 1 1 0 0 0 0 0 1 1 0 1 0
280	2	1 1 1 0 1 0 0 1 0 1 0 1 0 0 0 0
280	1	1 0 1 0 0 0 0 0 1 0 0 0 1 0 1 0
280	1	1 1 1 1 0 0 0 0 0 0 1 1 1 0 0 0
280	3	1 0 1 1 0 0 1 1 0 1 0 1 0 0 0 0
280	2	1 0 1 1 0 0 0 1 0 0 0 0 0 0 0 0
280	1	0 1 1 0 0 0 0 1 0 0 0 0 0 0 0 0
280	2	1 1 1 1 0 0 0 1 0 1 0 1 0 0 1 0
280	1	0 1 1 0 0 0 0 1 0 0 0 1 0 0 0 0
280	1	1 1 1 0 0 1 0 1 1 1 0 0 0 0 0 0
280	2	1 1 0 1 0 0 0 1 1 0 0 1 0 0 1 0
280	2	1 1 1 0 0 0 0 1 1 0 0 0 0 0 0 0
290	12	1 1 0 0 0 0 0 1 0 0 0 1 0 0 0 0
290	34	1 1 1 0 0 0 0 1 0 1 0 1 0 0 1 0
290	9	1 1 1 0 0 1 0 1 1 0 0 1 0 0 1 0
290	36	1 0 1 1 0 0 0 1 0 0 0 0 0 0 1 0
290	16	1 1 0 1 0 1 0 1 1 0 0 1 0 0 1 0
290	13	1 1 1 0 0 0 0 1 0 0 0 0 0 0 1 0
290	74	1 1 1 0 0 0 0 1 0 0 0 1 0 0 0 0
290	8	1 1 1 0 0 1 0 0 1 1 0 1 0 0 1 0
290	83	1 1 1 0 0 0 0 1 1 0 0 1 0 0 0 0
290	7	1 0 1 1 0 1 0 0 0 0 0 1 1 0 1 0
290	37	1 1 1 0 0 1 0 1 1 1 0 1 0 0 0 0
290	32	1 1 1 0 0 0 0 1 0 0 0 1 0 1 0 0
290	44	0 0 1 1 0 0 0 1 0 0 1 1 0 0 0 0
290	8	1 1 0 1 0 0 0 1 0 0 0 1 0 0 0 0
290	6	1 1 1 0 0 1 0 1 0 0 0 0 1 0 0 0
290	50	1 1 1 0 0 0 0 1 0 1 0 1 0 0 0 0
290	18	1 1 0 0 0 0 0 1 0 0 1 1 0 0 0 0
290	3	1 1 1 0 0 0 0 1 0 0 1 1 0 0 0 0
290	9	1 0 1 1 0 0 0 1 0 0 1 0 0 0 0 0
290	13	1 1 1 0 0 0 0 1 0 1 0 0 0 1 1 0
290	34	1 1 1 0 0 0 0 1 0 0 0 0 0 0 0 0
290	14	1 0 1 0 0 0 0 1 1 1 0 1 0 0 0 0
290	3	1 1 1 0 0 0 0 0 0 0 0 1 0 0 1 0
290	9	1 1 1 0 1 0 0 1 0 0 0 1 0 0 1 0
290	5	0 1 1 1 0 0 0 1 0 0 1 1 0 0 0 0
290	10	1 1 1 1 0 0 0 1 0 0 0 0 0 1 1 0
290	4	1 1 1 0 0 0 1 1 0 1 0 1 0 0 1 0
290	5	1 1 1 0 0 1 1 1 0 0 0 1 0 0 0 0
290	20	1 1 0 0 0 0 0 0 0 0 0 0 0 0 0 0
290	3	1 0 1 1 0 0 0 1 0 1 0 1 0 0 1 0
290	28	1 1 1 0 0 0 0 1 1 1 0 1 0 0 0 0
290	9	1 1 1 1 0 0 0 1 0 0 1 1 1 0 0 0
290	7	1 1 0 0 0 0 0 1 0 0 0 0 0 0 0 0
290	1	1 1 0 1 1 0 0 1 0 0 0 1 0 0 1 0
290	7	0 1 1 0 0 0 0 1 0 0 0 0 0 0 1 0
290	10	1 1 0 0 1 0 0 1 0 0 0 1 0 0 0 0
290	9	1 1 1 0 0 1 0 1 1 0 0 1 0 0 0 0
290	24	1 1 1 0 0 1 0 1 0 0 0 1 0 0 0 0
290	8	0 0 1 1 0 0 0 0 0 0 1 1 0 0 0 0
290	1	0 0 1 1 0 0 0 1 0 0 1 0 1 0 0 0
290	18	1 1 1 0 0 1 0 1 0 1 0 1 0 0 0 0
290	1	0 1 1 0 0 0 0 1 0 0 0 1 0 1 0 0
290	5	1 1 1 0 0 0 0 1 0 1 0 1 0 0 0 1
290	4	1 1 1 0 1 0 0 1 0 1 0 1 0 0 0 0
290	12	1 1 1 1 0 0 0 0 0 0 1 1 1 0 0 0
290	16	1 0 1 1 0 0 0 1 0 0 0 0 0 0 0 0
290	4	1 1 0 0 0 0 0 1 1 0 0 0 0 0 0 0
290	2	1 1 1 0 0 0 0 1 0 1 0 1 1 0 1 0
290	11	1 0 0 0 0 1 0 1 0 0 0 1 0 0 0 0
290	7	1 1 1 0 0 0 1 1 0 0 0 1 1 1 0 0
290	4	1 1 1 1 0 0 0 1 0 0 1 1 0 0 0 0
290	7	0 1 1 0 0 0 0 1 0 0 0 0 0 0 0 0
290	2	1 1 1 0 0 0 0 1 1 0 0 1 0 0 0 1
290	6	0 0 1 1 0 0 0 1 0 0 1 1 0 0 0 1
290	13	1 0 1 0 0 0 0 0 1 1 0 1 0 0 0 0
290	8	1 1 1 1 0 1 0 1 1 1 0 1 0 0 1 0
290	10	1 1 1 1 1 0 0 1 0 0 1 1 1 0 0 0
290	3	1 1 1 1 0 0 0 1 0 0 1 1 1 0 1 0
290	3	1 0 1 1 0 0 0 1 0 0 0 1 0 0 0 0
290	1	1 1 1 0 0 0 0 1 0 1 1 1 0 0 1 0
290	2	1 1 1 0 0 0 0 1 0 1 0 1 1 0 1 1
290	6	1 1 1 0 0 0 0 1 0 0 0 1 0 0 1 0
290	17	0 1 1 0 0 0 0 1 1 0 0 1 0 0 0 0
290	4	1 1 0 1 0 0 0 1 0 0 0 1 1 0 0 0
290	7	1 0 1 0 0 0 0 1 1 1 0 1 0 0 1 0
290	6	1 1 1 0 0 0 1 1 0 0 0 1 0 0 0 0
290	1	0 0 1 1 0 0 1 1 0 0 1 1 0 0 0 0
290	3	1 0 0 1 0 1 0 1 0 0 0 1 0 0 0 0
290	5	0 0 1 1 0 0 0 1 0 0 1 0 0 0 0 0
290	10	1 1 1 0 1 0 0 1 0 0 0 0 0 0 0 0
290	3	1 1 1 0 0 1 0 1 0 1 0 0 1 0 0 0
290	6	1 0 1 0 0 0 0 1 1 1 0 1 0 0 0 1
290	2	1 1 1 1 0 0 0 1 0 0 1 1 0 0 0 1
290	4	1 0 1 1 0 0 0 1 0 1 0 0 0 0 1 0
290	6	1 1 1 1 0 0 0 1 0 1 0 1 0 0 1 0
290	1	1 1 1 0 0 0 0 1 1 0 1 1 0 0 0 0
290	2	0 0 1 1 0 0 0 0 0 1 1 1 0 0 0 0
290	4	0 0 1 1 0 0 0 0 1 0 1 1 0 0 0 0
290	2	1 1 1 1 0 1 0 1 1 1 0 1 0 1 1 0
290	4	1 1 1 0 0 0 0 0 0 0 0 0 0 0 0 0
290	1	1 0 1 0 0 0 0 1 0 0 0 0 0 0 1 0
290	1	0 1 1 0 0 0 0 1 1 0 0 1 1 0 1 0
290	2	1 1 1 0 0 0 0 0 0 1 0 1 1 0 1 1
290	1	1 1 1 0 0 1 0 1 0 0 1 1 0 0 0 0
290	4	1 1 1 1 0 1 0 1 0 0 0 1 0 0 0 0
290	2	1 0 1 0 0 0 0 0 0 0 0 0 0 0 0 0
290	1	1 1 1 0 0 1 0 1 0 0 0 0 0 0 1 0
290	1	0 0 1 0 0 0 0 1 0 0 1 1 0 0 0 0
290	1	1 1 1 1 0 0 0 1 0 0 0 0 0 0 1 0
290	1	1 0 1 1 0 0 0 1 0 1 1 1 0 0 1 0
290	4	1 1 0 1 1 0 0 1 0 0 0 1 0 0 0 0
290	3	1 0 1 0 0 0 0 1 1 1 0 0 0 0 1 0
290	1	0 0 1 1 0 0 0 0 0 1 1 1 0 0 1 0
290	1	1 1 0 0 0 0 0 1 0 0 1 1 0 0 1 0
290	3	1 0 1 0 0 0 0 1 1 0 0 1 0 0 0 0
290	3	1 1 0 0 0 1 0 1 1 0 0 1 0 0 1 0
290	2	1 1 1 0 0 0 0 1 0 1 0 0 0 0 1 0
290	2	1 1 1 0 0 0 0 1 0 0 0 1 1 0 0 0
290	2	1 1 1 0 0 0 0 1 1 0 0 0 0 0 0 0
290	2	1 1 1 0 0 1 0 1 1 1 1 1 0 0 0 0
290	1	1 0 0 0 0 0 0 1 0 0 0 0 0 0 0 0
290	1	0 0 1 1 0 0 0 1 1 0 1 0 1 0 0 0
290	1	1 1 1 1 0 0 1 1 0 0 0 1 1 1 0 0
290	2	1 1 0 0 0 0 0 1 0 1 0 1 1 0 1 1
290	1	0 0 1 1 0 0 0 0 0 1 1 1 1 0 0 0
290	1	1 0 1 1 0 0 0 0 0 1 1 1 0 0 1 0
300	4	1 1 0 0 0 0 0 1 0 0 0 1 0 0 0 0
300	18	1 1 1 0 0 0 0 1 0 1 0 1 0 0 1 0
300	37	1 0 1 1 0 0 0 1 0 0 0 0 0 0 1 0
300	13	1 1 0 1 0 1 0 1 1 0 0 1 0 0 1 0
300	3	1 1 1 0 0 0 0 1 0 0 0 0 0 0 1 0
300	56	1 1 1 0 0 0 0 1 0 0 0 1 0 0 0 0
300	6	1 1 1 0 0 1 0 0 1 1 0 1 0 0 1 0
300	63	1 1 1 0 0 0 0 1 1 0 0 1 0 0 0 0
300	38	1 1 1 0 0 1 0 1 1 1 0 1 0 0 0 0
300	31	1 1 1 0 0 0 0 1 0 0 0 1 0 1 0 0
300	42	0 0 1 1 0 0 0 1 0 0 1 1 0 0 0 0
300	5	1 1 0 1 0 0 0 1 0 0 0 1 0 0 0 0
300	33	1 1 1 0 0 0 0 1 0 1 0 1 0 0 0 0
300	14	1 1 0 0 0 0 0 1 0 0 1 1 0 0 0 0
300	1	1 0 1 1 0 0 0 1 0 0 1 0 0 0 0 0
300	67	1 1 1 0 0 0 0 1 0 0 0 0 0 0 0 0
300	9	1 0 1 0 0 0 0 1 1 1 0 1 0 0 0 0
300	6	1 1 1 0 0 0 0 0 0 0 0 1 0 0 1 0
300	8	1 1 1 0 1 0 0 1 0 0 0 1 0 0 1 0
300	10	0 1 1 1 0 0 0 1 0 0 1 1 0 0 0 0
300	5	1 1 1 0 0 0 1 1 0 1 0 1 0 0 1 0
300	7	1 1 0 0 0 0 0 0 0 0 0 0 0 0 0 0
300	24	1 1 1 0 0 0 0 1 1 1 0 1 0 0 0 0
300	4	1 1 1 1 0 0 0 1 0 0 1 1 1 0 0 0
300	12	0 1 1 0 0 0 0 1 0 0 0 0 0 0 1 0
300	10	1 1 0 0 1 0 0 1 0 0 0 1 0 0 0 0
300	25	1 1 1 0 0 1 0 1 0 0 0 1 0 0 0 0
300	17	1 1 1 0 0 1 0 1 0 1 0 1 0 0 0 0
300	1	1 1 1 1 0 0 0 0 0 0 1 1 1 0 0 0
300	32	1 0 1 1 0 0 0 1 0 0 0 0 0 0 0 0
300	4	1 1 0 0 0 0 0 1 1 0 0 0 0 0 0 0
300	4	1 0 0 0 0 1 0 1 0 0 0 1 0 0 0 0
300	6	0 1 1 0 0 0 0 1 0 0 0 0 0 0 0 0
300	10	1 1 1 0 0 0 0 1 1 0 0 1 0 0 0 1
300	14	0 0 1 1 0 0 0 1 0 0 1 1 0 0 0 1
300	5	1 0 1 0 0 0 0 0 1 1 0 1 0 0 0 0
300	6	1 1 1 1 0 1 0 1 1 1 0 1 0 0 1 0
300	22	1 1 1 1 1 0 0 1 0 0 1 1 1 0 0 0
300	9	1 1 1 1 0 0 0 1 0 0 1 1 1 0 1 0
300	13	1 1 1 0 0 0 0 1 0 0 0 1 0 0 1 0
300	11	0 1 1 0 0 0 0 1 1 0 0 1 0 0 0 0
300	16	1 1 1 0 0 0 1 1 0 0 0 1 0 0 0 0
300	1	0 0 1 1 0 0 1 1 0 0 1 1 0 0 0 0
300	3	1 1 1 0 1 0 0 1 0 0 0 0 0 0 0 0
300	6	1 1 1 0 0 1 0 1 0 1 0 0 1 0 0 0
300	9	1 0 1 0 0 0 0 1 1 1 0 1 0 0 0 1
300	21	1 0 1 1 0 0 0 1 0 1 0 0 0 0 1 0
300	19	1 1 1 1 0 0 0 1 0 1 0 1 0 0 1 0
300	1	0 0 1 1 0 0 0 0 0 1 1 1 0 0 0 0
300	11	1 0 1 0 0 0 0 1 0 0 0 0 0 0 1 0
300	11	0 1 1 0 0 0 0 1 1 0 0 1 1 0 1 0
300	2	1 1 1 1 0 1 0 1 0 0 0 1 0 0 0 0
300	3	1 0 1 1 0 0 0 1 0 1 1 1 0 0 1 0
300	3	1 1 0 1 1 0 0 1 0 0 0 1 0 0 0 0
300	3	1 1 0 0 0 0 0 1 0 1 0 1 1 0 1 1
300	4	1 0 1 0 0 0 0 1 0 1 0 1 0 0 1 0
300	9	1 0 0 0 0 0 0 1 0 1 0 1 0 0 0 0
300	2	1 1 0 1 0 1 0 1 1 0 0 1 0 0 0 0
300	2	0 1 1 1 0 0 0 1 0 0 0 0 0 0 1 0
300	10	1 1 1 0 0 1 0 0 0 0 0 1 0 0 0 0
300	4	1 1 1 0 0 0 0 0 1 1 0 1 0 0 0 0
300	4	1 1 1 0 0 0 0 1 0 0 0 1 0 0 0 1
300	3	1 1 1 0 1 1 0 1 1 1 0 1 0 0 0 0
300	12	0 0 1 1 0 0 0 1 0 0 0 1 0 0 0 0
300	8	1 0 1 0 0 0 0 1 0 0 0 0 0 0 0 0
300	4	1 0 1 1 0 0 0 1 1 1 0 1 0 0 1 0
300	3	1 0 1 1 0 0 0 0 1 0 1 1 0 0 0 0
300	8	0 1 1 1 0 0 0 1 1 0 0 0 0 1 1 0
300	4	1 1 1 1 0 1 0 1 0 0 0 0 1 0 0 0
300	6	1 1 1 0 0 0 0 1 0 1 0 0 0 1 1 1
300	8	1 0 0 0 0 1 0 1 0 0 0 1 1 0 0 0
300	6	1 1 1 1 0 0 0 0 1 1 0 1 0 0 0 0
300	1	1 1 1 0 0 1 0 1 0 0 0 1 1 0 0 0
300	1	1 0 1 0 0 0 0 1 0 1 0 1 0 0 0 0
300	5	1 1 0 1 0 0 0 1 0 0 1 1 0 0 0 0
300	1	1 1 1 0 0 1 0 0 1 1 0 1 0 0 0 0
300	1	1 1 1 1 0 0 0 1 0 0 1 0 0 1 0 0
300	1	1 1 0 0 0 0 0 0 0 0 0 1 0 1 0 0
300	3	1 1 0 0 0 0 0 1 0 0 1 1 0 0 0 1
300	5	1 1 0 0 0 0 0 1 1 0 0 1 0 0 0 0
300	1	1 1 1 0 1 0 0 1 0 1 0 1 0 0 1 0
300	1	0 1 1 0 0 0 0 1 0 0 0 1 0 0 0 0
300	4	1 1 1 0 0 1 0 1 1 1 0 1 1 0 0 0
300	3	1 1 1 0 0 0 0 1 0 0 0 1 1 1 0 0
300	5	1 1 1 0 1 0 0 1 0 0 1 1 1 0 0 0
300	7	1 0 1 1 0 0 0 1 0 1 0 0 0 0 1 1
300	1	1 1 1 0 0 0 0 1 0 0 0 1 1 0 0 0
300	2	0 1 1 1 0 1 0 1 0 0 1 1 0 0 0 0
300	4	1 1 0 1 1 1 0 1 0 0 0 1 0 0 0 0
300	1	1 1 1 1 0 1 0 1 1 0 0 1 0 0 1 0
300	2	1 1 1 0 0 0 0 1 1 0 0 1 1 0 0 0
300	2	1 1 1 0 0 1 0 1 1 1 0 1 0 1 0 0
300	2	1 1 1 0 0 0 0 1 1 0 0 1 0 1 0 0
300	3	1 1 1 1 0 0 0 1 0 0 0 1 0 0 0 0
300	2	0 1 1 1 0 0 0 1 0 1 1 1 0 0 0 0
300	3	1 0 1 1 0 0 0 1 0 1 0 0 0 0 0 0
300	1	1 1 0 0 0 0 1 1 0 1 0 1 1 0 1 1
300	1	1 1 1 0 0 0 0 1 0 0 0 0 0 0 1 1
300	1	0 0 1 1 0 0 0 1 0 0 1 1 1 0 1 0
300	1	0 0 1 1 0 0 0 1 0 1 0 1 0 0 1 0
300	1	1 1 1 1 0 0 0 1 1 0 1 1 0 0 0 0
300	2	0 0 1 1 0 0 0 1 0 0 0 1 0 0 1 0
300	3	1 1 1 0 1 0 0 1 1 0 0 1 0 0 0 0
300	1	0 0 1 1 0 0 0 1 0 0 1 1 1 0 0 0
300	3	0 1 1 0 0 0 1 1 0 0 0 0 0 0 1 0
300	2	1 1 1 0 0 1 0 1 0 0 0 1 0 1 0 0
300	2	0 0 0 1 0 0 0 1 0 0 1 1 0 0 0 1
300	2	0 1 1 0 0 0 1 1 1 0 0 1 0 0 0 0
300	1	1 1 1 1 0 0 0 1 0 1 0 0 0 0 1 0
300	2	1 1 1 1 0 0 0 1 0 1 1 1 0 0 1 0
300	1	0 1 1 0 0 0 0 1 1 0 0 1 0 1 0 0
300	2	1 1 0 1 1 1 0 1 0 0 0 1 0 0 0 1
300	2	1 1 1 0 0 0 0 1 1 0 0 1 0 1 1 0
310	12	1 1 1 0 0 0 0 1 0 1 0 1 0 0 1 0
310	16	1 0 1 1 0 0 0 1 0 0 0 0 0 0 1 0
310	1	1 1 0 1 0 1 0 1 1 0 0 1 0 0 1 0
310	3	1 1 1 0 0 0 0 1 0 0 0 0 0 0 1 0
310	35	1 1 1 0 0 0 0 1 0 0 0 1 0 0 0 0
310	89	1 1 1 0 0 0 0 1 1 0 0 1 0 0 0 0
310	17	1 1 1 0 0 1 0 1 1 1 0 1 0 0 0 0
310	14	1 1 1 0 0 0 0 1 0 0 0 1 0 1 0 0
310	20	0 0 1 1 0 0 0 1 0 0 1 1 0 0 0 0
310	13	1 1 0 1 0 0 0 1 0 0 0 1 0 0 0 0
310	25	1 1 1 0 0 0 0 1 0 1 0 1 0 0 0 0
310	38	1 1 0 0 0 0 0 1 0 0 1 1 0 0 0 0
310	85	1 1 1 0 0 0 0 1 0 0 0 0 0 0 0 0
310	14	1 0 1 0 0 0 0 1 1 1 0 1 0 0 0 0
310	8	1 1 1 0 0 0 0 0 0 0 0 1 0 0 1 0
310	6	0 1 1 1 0 0 0 1 0 0 1 1 0 0 0 0
310	5	1 1 0 0 0 0 0 0 0 0 0 0 0 0 0 0
310	34	1 1 1 0 0 0 0 1 1 1 0 1 0 0 0 0
310	4	0 1 1 0 0 0 0 1 0 0 0 0 0 0 1 0
310	1	1 1 0 0 1 0 0 1 0 0 0 1 0 0 0 0
310	50	1 1 1 0 0 1 0 1 0 0 0 1 0 0 0 0
310	43	1 1 1 0 0 1 0 1 0 1 0 1 0 0 0 0
310	8	1 1 1 1 0 0 0 0 0 0 1 1 1 0 0 0
310	25	1 0 1 1 0 0 0 1 0 0 0 0 0 0 0 0
310	18	1 1 0 0 0 0 0 1 1 0 0 0 0 0 0 0
310	4	0 1 1 0 0 0 0 1 0 0 0 0 0 0 0 0
310	9	1 1 1 0 0 0 0 1 1 0 0 1 0 0 0 1
310	22	0 0 1 1 0 0 0 1 0 0 1 1 0 0 0 1
310	7	1 1 1 1 0 1 0 1 1 1 0 1 0 0 1 0
310	6	1 1 1 1 1 0 0 1 0 0 1 1 1 0 0 0
310	6	1 1 1 0 0 0 0 1 0 0 0 1 0 0 1 0
310	11	0 1 1 0 0 0 0 1 1 0 0 1 0 0 0 0
310	5	1 1 1 0 0 0 1 1 0 0 0 1 0 0 0 0
310	19	1 1 1 0 1 0 0 1 0 0 0 0 0 0 0 0
310	2	1 1 1 0 0 1 0 1 0 1 0 0 1 0 0 0
310	31	1 0 1 1 0 0 0 1 0 1 0 0 0 0 1 0
310	8	1 1 1 1 0 0 0 1 0 1 0 1 0 0 1 0
310	10	1 0 1 0 0 0 0 1 0 0 0 0 0 0 1 0
310	3	0 1 1 0 0 0 0 1 1 0 0 1 1 0 1 0
310	6	1 0 1 1 0 0 0 1 0 1 1 1 0 0 1 0
310	1	1 0 1 0 0 0 0 1 0 1 0 1 0 0 1 0
310	5	1 1 0 1 0 1 0 1 1 0 0 1 0 0 0 0
310	12	1 1 1 0 0 1 0 0 0 0 0 1 0 0 0 0
310	4	1 1 1 0 0 0 0 0 1 1 0 1 0 0 0 0
310	1	1 1 1 0 0 0 0 1 0 0 0 1 0 0 0 1
310	2	1 1 1 0 1 1 0 1 1 1 0 1 0 0 0 0
310	16	0 0 1 1 0 0 0 1 0 0 0 1 0 0 0 0
310	20	1 0 1 0 0 0 0 1 0 0 0 0 0 0 0 0
310	2	1 0 1 1 0 0 0 1 1 1 0 1 0 0 1 0
310	4	1 0 1 1 0 0 0 0 1 0 1 1 0 0 0 0
310	4	1 0 0 0 0 1 0 1 0 0 0 1 1 0 0 0
310	3	1 1 1 1 0 0 0 0 1 1 0 1 0 0 0 0
310	1	1 1 1 0 0 1 0 1 0 0 0 1 1 0 0 0
310	2	1 1 0 0 0 0 0 1 0 0 1 1 0 0 0 1
310	11	1 1 1 0 0 1 0 1 1 1 0 1 1 0 0 0
310	7	1 0 1 1 0 0 0 1 0 1 0 0 0 0 1 1
310	6	1 1 1 0 0 0 0 1 0 0 0 1 1 0 0 0
310	6	1 1 1 0 0 0 0 1 1 0 0 1 1 0 0 0
310	33	1 1 1 1 0 0 0 1 0 0 0 1 0 0 0 0
310	3	1 1 0 1 1 1 0 1 0 0 0 1 0 0 0 1
310	2	1 0 0 0 0 0 0 0 0 0 0 0 0 0 0 0
310	2	0 1 0 0 0 0 0 1 0 0 1 1 0 0 0 0
310	3	0 0 1 0 0 0 0 1 0 0 1 1 0 0 0 0
310	2	1 1 0 0 0 0 0 1 0 1 0 1 1 0 0 0
310	11	0 0 0 1 0 0 0 1 0 0 1 1 0 0 0 0
310	1	1 0 0 1 0 0 0 1 0 1 0 0 0 0 1 1
310	3	1 1 1 1 1 0 0 1 0 0 1 1 0 0 0 0
310	2	1 0 1 1 1 0 0 1 0 0 0 0 0 0 1 0
310	2	1 1 1 0 1 0 0 1 0 0 0 1 0 1 0 0
310	4	0 0 1 1 0 0 0 1 0 1 1 1 0 0 0 0
310	3	1 1 1 0 1 0 0 1 0 0 0 1 0 0 0 0
310	1	1 1 1 1 0 0 0 1 0 0 1 1 0 0 1 0
310	3	0 0 1 0 0 0 0 1 0 0 0 1 0 0 0 0
310	3	1 1 1 1 0 0 0 0 0 0 1 1 0 0 0 0
310	4	1 1 1 0 0 0 0 0 1 0 0 1 0 0 0 0
310	3	1 1 1 0 0 0 0 1 1 0 0 0 0 0 0 0
310	1	1 1 1 0 0 0 0 1 0 1 0 0 0 0 1 1
310	1	0 0 1 1 0 0 0 1 0 0 1 1 0 1 0 0
310	2	0 1 1 1 0 0 0 1 1 0 0 1 1 0 1 0
310	2	1 1 1 1 0 1 0 1 0 0 0 1 0 0 0 0
310	3	1 1 1 0 1 0 0 1 0 0 0 1 1 1 0 0
310	1	1 1 0 0 0 1 0 1 0 0 0 1 0 0 0 0
310	2	1 1 1 0 0 0 0 1 0 0 1 1 0 0 0 0
310	1	1 1 0 0 0 0 1 1 0 0 1 1 0 0 0 0
310	2	1 1 0 0 0 0 0 1 0 0 1 1 0 1 0 0
310	3	1 1 1 0 0 0 0 0 0 0 0 0 0 0 0 0
310	4	0 1 1 0 0 1 0 1 0 1 0 1 0 0 0 0
310	5	1 1 0 0 1 0 0 1 1 0 0 0 0 0 0 0
310	2	1 1 1 1 0 0 0 0 1 0 1 1 0 0 0 0
310	3	1 1 0 0 0 0 0 1 0 0 0 1 0 1 0 0
310	4	1 1 1 0 0 0 0 1 0 1 0 0 0 0 1 0
310	1	1 0 1 1 0 0 0 1 0 0 1 1 0 0 0 1
310	2	1 1 1 0 0 0 0 1 1 0 1 1 0 0 0 0
310	4	1 0 1 0 0 0 0 1 0 0 0 1 0 1 0 0
310	4	1 1 1 0 0 0 0 1 0 1 0 1 1 0 0 0
310	2	1 1 1 0 0 1 0 1 0 0 0 1 0 0 0 1
310	4	0 1 0 0 0 0 0 1 1 0 0 0 0 0 0 0
310	3	1 1 0 1 1 1 0 1 1 0 0 1 0 0 0 0
310	2	1 0 1 0 0 0 0 1 1 0 0 1 1 0 0 0
310	1	1 1 1 0 0 0 0 1 1 0 0 1 1 0 0 1
310	3	1 1 1 0 0 1 0 0 0 1 0 1 0 0 0 0
310	1	1 1 1 0 1 0 0 1 0 1 0 1 0 0 1 0
310	2	1 1 1 0 0 0 0 1 1 0 0 1 0 0 1 0
310	2	1 1 0 1 0 0 0 1 0 0 0 1 0 1 0 0
310	1	1 0 0 1 0 0 0 1 0 0 0 0 0 0 0 0
310	1	1 0 1 1 0 0 0 1 1 0 0 0 0 0 0 0
310	1	1 1 0 0 0 0 1 1 1 0 0 0 0 0 0 0
310	2	1 1 0 0 1 0 0 1 0 0 0 0 0 0 0 0
310	3	0 1 1 1 0 0 0 0 0 0 1 1 0 0 0 0
320	14	1 1 1 0 0 0 0 1 0 1 0 1 0 0 1 0
320	9	1 0 1 1 0 0 0 1 0 0 0 0 0 0 1 0
320	42	1 1 1 0 0 0 0 1 0 0 0 1 0 0 0 0
320	79	1 1 1 0 0 0 0 1 1 0 0 1 0 0 0 0
320	13	1 1 1 0 0 1 0 1 1 1 0 1 0 0 0 0
320	8	1 1 1 0 0 0 0 1 0 0 0 1 0 1 0 0
320	15	0 0 1 1 0 0 0 1 0 0 1 1 0 0 0 0
320	9	1 1 0 1 0 0 0 1 0 0 0 1 0 0 0 0
320	9	1 1 1 0 0 0 0 1 0 1 0 1 0 0 0 0
320	50	1 1 0 0 0 0 0 1 0 0 1 1 0 0 0 0
320	118	1 1 1 0 0 0 0 1 0 0 0 0 0 0 0 0
320	5	1 0 1 0 0 0 0 1 1 1 0 1 0 0 0 0
320	13	1 1 1 0 0 0 0 0 0 0 0 1 0 0 1 0
320	2	0 1 1 1 0 0 0 1 0 0 1 1 0 0 0 0
320	8	1 1 1 0 0 0 0 1 1 1 0 1 0 0 0 0
320	7	0 1 1 0 0 0 0 1 0 0 0 0 0 0 1 0
320	35	1 1 1 0 0 1 0 1 0 0 0 1 0 0 0 0
320	56	1 1 1 0 0 1 0 1 0 1 0 1 0 0 0 0
320	4	1 1 1 1 0 0 0 0 0 0 1 1 1 0 0 0
320	51	1 0 1 1 0 0 0 1 0 0 0 0 0 0 0 0
320	14	1 1 0 0 0 0 0 1 1 0 0 0 0 0 0 0
320	4	1 1 1 0 0 0 0 1 1 0 0 1 0 0 0 1
320	19	0 0 1 1 0 0 0 1 0 0 1 1 0 0 0 1
320	12	1 1 1 1 0 1 0 1 1 1 0 1 0 0 1 0
320	5	1 1 1 1 1 0 0 1 0 0 1 1 1 0 0 0
320	10	1 1 1 0 0 0 0 1 0 0 0 1 0 0 1 0
320	34	1 1 1 0 1 0 0 1 0 0 0 0 0 0 0 0
320	23	1 0 1 1 0 0 0 1 0 1 0 0 0 0 1 0
320	20	1 1 1 1 0 0 0 1 0 1 0 1 0 0 1 0
320	17	0 1 1 0 0 0 0 1 1 0 0 1 1 0 1 0
320	4	1 1 1 0 0 1 0 0 0 0 0 1 0 0 0 0
320	8	0 0 1 1 0 0 0 1 0 0 0 1 0 0 0 0
320	10	1 0 1 0 0 0 0 1 0 0 0 0 0 0 0 0
320	6	1 0 1 1 0 0 0 1 1 1 0 1 0 0 1 0
320	7	1 0 0 0 0 1 0 1 0 0 0 1 1 0 0 0
320	18	1 1 1 0 0 1 0 1 1 1 0 1 1 0 0 0
320	4	1 0 1 1 0 0 0 1 0 1 0 0 0 0 1 1
320	4	1 1 1 0 0 0 0 1 0 0 0 1 1 0 0 0
320	3	1 1 1 0 0 0 0 1 1 0 0 1 1 0 0 0
320	20	1 1 1 1 0 0 0 1 0 0 0 1 0 0 0 0
320	3	0 0 0 1 0 0 0 1 0 0 1 1 0 0 0 0
320	10	1 1 1 1 1 0 0 1 0 0 1 1 0 0 0 0
320	2	1 1 1 1 0 0 0 1 0 0 1 1 0 0 1 0
320	2	0 0 1 0 0 0 0 1 0 0 0 1 0 0 0 0
320	11	1 1 1 0 0 0 0 0 1 0 0 1 0 0 0 0
320	8	1 1 1 1 0 1 0 1 0 0 0 1 0 0 0 0
320	2	1 1 1 0 0 0 0 1 0 0 1 1 0 0 0 0
320	1	1 1 0 0 0 0 0 1 0 0 0 1 0 1 0 0
320	5	0 1 0 0 0 0 0 1 1 0 0 0 0 0 0 0
320	6	1 1 1 0 0 0 0 1 1 0 0 1 0 0 1 0
320	6	0 1 1 1 0 0 0 0 0 0 1 1 0 0 0 0
320	1	0 0 0 1 0 0 0 1 0 1 0 1 0 0 0 0
320	2	1 1 1 0 0 1 0 1 1 1 1 1 1 0 0 0
320	8	1 1 0 0 0 0 0 1 0 0 0 0 0 0 0 0
320	5	1 1 1 1 1 0 0 1 0 0 1 1 0 0 1 0
320	3	1 0 1 1 0 1 0 1 0 0 0 0 0 0 0 0
320	3	0 0 0 1 0 0 0 1 0 0 0 1 0 0 0 0
320	3	1 0 1 1 0 0 0 1 0 0 0 1 0 0 0 0
320	5	1 1 1 1 0 1 0 0 0 0 0 1 0 0 0 0
320	6	1 1 1 0 0 0 1 1 1 0 0 0 0 0 0 0
320	7	1 1 1 0 0 0 0 1 1 0 0 1 0 1 0 0
320	4	1 0 1 0 0 0 0 1 1 0 0 1 0 0 0 0
320	15	1 1 1 0 0 1 0 1 1 0 0 1 0 0 0 0
320	6	0 0 0 1 0 0 0 1 0 0 0 0 0 0 0 0
320	2	1 1 1 0 0 1 0 1 0 0 0 1 0 0 1 0
320	4	0 0 1 1 0 0 0 1 0 0 0 0 0 0 0 0
320	11	1 1 1 1 0 0 0 1 0 1 0 0 0 0 1 0
320	2	1 0 1 1 0 0 0 1 0 1 0 0 0 0 0 0
320	3	0 1 1 0 0 0 0 0 1 0 0 1 0 0 0 0
320	6	0 0 1 1 0 0 0 1 0 0 1 1 1 0 0 1
320	3	0 0 1 1 0 0 0 1 0 0 1 1 0 0 1 1
320	1	1 1 1 1 0 0 0 1 0 0 1 1 0 0 0 0
320	1	1 1 1 0 0 1 0 1 0 1 0 1 0 0 1 0
320	3	0 0 1 0 0 1 0 0 0 0 0 1 0 0 0 0
320	3	0 0 1 1 0 0 0 1 0 0 1 1 0 1 0 0
320	4	1 1 0 0 0 0 0 0 0 0 1 1 0 0 0 0
320	1	1 1 1 0 0 1 0 0 1 1 0 1 0 0 0 0
320	1	1 1 1 0 0 1 0 1 0 1 1 1 0 0 0 0
320	2	1 0 1 0 1 0 0 1 0 0 0 0 0 0 0 0
320	3	1 1 1 0 1 1 0 1 1 0 0 1 1 1 0 0
320	1	1 1 0 0 0 0 0 1 0 0 0 1 0 0 0 0
320	3	1 1 1 0 1 0 0 1 1 0 0 1 0 0 0 0
320	3	1 1 0 0 0 0 0 1 1 0 0 1 0 0 0 0
320	3	1 1 1 1 0 0 0 1 0 0 0 0 0 0 0 0
320	1	0 1 1 1 0 1 0 1 1 1 0 1 0 0 1 0
320	2	1 1 0 1 0 0 0 1 0 0 1 1 1 0 0 0
320	1	1 1 0 1 0 0 0 1 0 0 0 0 0 0 0 0
320	1	1 1 1 0 0 0 0 1 0 0 0 1 1 0 1 0
320	1	1 1 1 0 0 0 0 1 1 0 0 0 0 0 0 0
320	3	1 0 1 1 0 0 0 1 1 0 0 1 0 0 0 0
320	1	1 1 1 0 0 0 0 0 0 0 0 1 0 0 0 0
320	2	1 1 1 0 0 0 1 1 1 0 0 1 0 0 0 0
320	4	0 0 1 1 0 1 0 1 0 0 1 1 0 0 0 0
320	1	1 1 1 0 0 0 0 1 0 1 1 1 0 0 0 0
320	2	1 1 1 0 0 0 0 1 0 0 1 0 0 0 0 0
320	1	1 0 1 0 0 0 0 1 0 1 0 1 0 0 0 0
320	2	1 1 1 0 0 1 0 0 0 1 0 1 0 0 0 0
320	1	1 0 1 1 0 0 0 1 0 0 0 0 0 1 0 0
320	2	1 1 1 1 0 0 0 1 0 0 0 1 0 1 0 0
320	1	1 1 1 0 0 1 0 1 1 0 0 1 0 0 1 0
320	1	1 1 0 0 0 0 0 1 1 0 1 1 0 0 0 0
330	11	1 1 1 0 0 0 0 1 0 1 0 1 0 0 1 0
330	3	1 0 1 1 0 0 0 1 0 0 0 0 0 0 1 0
330	26	1 1 1 0 0 0 0 1 0 0 0 1 0 0 0 0
330	69	1 1 1 0 0 0 0 1 1 0 0 1 0 0 0 0
330	1	1 1 1 0 0 0 0 1 0 0 0 1 0 1 0 0
330	22	1 1 0 1 0 0 0 1 0 0 0 1 0 0 0 0
330	21	1 1 1 0 0 0 0 1 0 1 0 1 0 0 0 0
330	21	1 1 0 0 0 0 0 1 0 0 1 1 0 0 0 0
330	137	1 1 1 0 0 0 0 1 0 0 0 0 0 0 0 0
330	18	1 0 1 0 0 0 0 1 1 1 0 1 0 0 0 0
330	7	0 1 1 1 0 0 0 1 0 0 1 1 0 0 0 0
330	78	1 1 1 0 0 1 0 1 0 0 0 1 0 0 0 0
330	22	1 1 1 0 0 1 0 1 0 1 0 1 0 0 0 0
330	57	1 0 1 1 0 0 0 1 0 0 0 0 0 0 0 0
330	4	1 1 0 0 0 0 0 1 1 0 0 0 0 0 0 0
330	6	0 0 1 1 0 0 0 1 0 0 1 1 0 0 0 1
330	18	1 1 1 1 0 1 0 1 1 1 0 1 0 0 1 0
330	2	1 1 1 0 0 0 0 1 0 0 0 1 0 0 1 0
330	58	1 1 1 0 1 0 0 1 0 0 0 0 0 0 0 0
330	24	1 0 1 1 0 0 0 1 0 1 0 0 0 0 1 0
330	5	1 1 1 1 0 0 0 1 0 1 0 1 0 0 1 0
330	11	0 1 1 0 0 0 0 1 1 0 0 1 1 0 1 0
330	1	1 1 1 0 0 1 0 0 0 0 0 1 0 0 0 0
330	13	0 0 1 1 0 0 0 1 0 0 0 1 0 0 0 0
330	19	1 0 1 0 0 0 0 1 0 0 0 0 0 0 0 0
330	3	1 0 0 0 0 1 0 1 0 0 0 1 1 0 0 0
330	18	1 1 1 0 0 1 0 1 1 1 0 1 1 0 0 0
330	5	1 1 1 1 0 0 0 1 0 0 0 1 0 0 0 0
330	12	1 1 1 1 1 0 0 1 0 0 1 1 0 0 0 0
330	9	1 1 1 0 0 0 0 0 1 0 0 1 0 0 0 0
330	1	1 1 1 0 0 0 0 1 0 0 1 1 0 0 0 0
330	19	0 1 1 1 0 0 0 0 0 0 1 1 0 0 0 0
330	3	0 0 0 1 0 0 0 1 0 1 0 1 0 0 0 0
330	5	1 1 0 0 0 0 0 1 0 0 0 0 0 0 0 0
330	10	1 1 1 1 1 0 0 1 0 0 1 1 0 0 1 0
330	5	1 0 1 1 0 1 0 1 0 0 0 0 0 0 0 0
330	9	1 0 1 1 0 0 0 1 0 0 0 1 0 0 0 0
330	11	1 1 1 0 0 0 0 1 1 0 0 1 0 1 0 0
330	4	1 0 1 0 0 0 0 1 1 0 0 1 0 0 0 0
330	3	1 1 1 0 0 1 0 1 1 0 0 1 0 0 0 0
330	16	1 1 1 1 0 0 0 1 0 1 0 0 0 0 1 0
330	6	1 0 1 1 0 0 0 1 0 1 0 0 0 0 0 0
330	1	0 0 1 0 0 1 0 0 0 0 0 1 0 0 0 0
330	1	1 1 0 0 0 0 0 0 0 0 1 1 0 0 0 0
330	1	1 0 1 0 1 0 0 1 0 0 0 0 0 0 0 0
330	10	1 1 1 0 1 1 0 1 1 0 0 1 1 1 0 0
330	3	1 1 0 0 0 0 0 1 0 0 0 1 0 0 0 0
330	12	1 1 1 0 1 0 0 1 1 0 0 1 0 0 0 0
330	3	1 1 0 0 0 0 0 1 1 0 0 1 0 0 0 0
330	2	1 1 0 1 0 0 0 1 0 0 0 0 0 0 0 0
330	4	1 1 1 0 0 0 0 1 1 0 0 0 0 0 0 0
330	7	0 0 1 1 0 1 0 1 0 0 1 1 0 0 0 0
330	1	1 0 1 0 0 0 0 1 0 1 0 1 0 0 0 0
330	1	1 1 0 0 0 0 0 1 1 0 1 1 0 0 0 0
330	4	1 1 0 1 0 0 0 1 0 0 0 1 0 0 1 0
330	17	0 0 1 1 0 0 0 1 0 1 0 1 1 0 0 0
330	2	1 1 1 0 0 0 1 1 1 0 0 1 0 0 1 0
330	5	1 0 1 1 0 0 0 1 0 1 1 0 0 0 1 1
330	2	1 1 1 1 0 0 0 0 0 0 1 1 1 0 1 0
330	9	1 1 1 1 0 0 0 1 1 1 0 0 0 0 1 0
330	9	1 1 1 0 0 1 0 1 1 0 0 0 0 0 0 0
330	1	1 1 1 1 1 0 0 1 0 0 1 0 0 0 0 0
330	1	1 0 1 0 0 0 0 1 0 0 0 1 0 0 0 0
330	1	1 0 1 0 1 1 0 1 0 0 0 0 0 0 0 0
330	10	1 1 1 1 0 0 1 1 0 1 0 1 0 0 1 0
330	8	1 1 1 1 0 0 0 1 0 0 1 1 0 0 0 0
330	1	1 1 0 1 0 0 0 0 0 0 1 1 0 0 0 0
330	1	1 1 0 0 0 0 0 1 0 0 1 1 0 0 1 0
330	8	1 1 1 1 0 0 0 1 0 1 0 0 1 0 0 0
330	4	1 1 0 0 0 0 0 1 0 0 1 0 0 0 0 0
330	8	0 1 1 0 0 0 0 1 0 0 0 0 0 0 0 0
330	4	1 1 0 0 0 1 0 1 0 0 0 1 0 0 0 0
330	1	1 1 1 0 1 0 0 1 0 0 1 1 0 0 0 0
330	4	1 0 1 1 0 0 0 1 0 1 0 1 0 0 0 0
330	4	1 1 0 1 0 0 0 1 0 0 1 1 0 0 0 0
330	2	1 1 1 0 0 1 0 1 0 0 0 0 0 0 0 0
330	4	1 1 1 1 0 1 0 1 0 0 0 1 0 0 0 0
330	3	0 1 1 0 0 0 0 1 1 0 1 1 1 0 1 0
330	2	1 0 0 1 0 0 0 1 0 0 0 1 0 0 1 0
330	1	0 0 1 1 0 0 0 1 0 1 0 1 0 0 0 0
330	4	1 1 1 1 0 0 0 0 0 0 1 1 0 0 1 0
330	1	1 1 1 0 1 0 0 1 0 1 0 1 0 0 1 0
330	3	1 1 1 0 0 0 0 1 0 0 0 1 1 0 0 0
330	2	0 1 1 0 0 0 0 1 1 0 0 1 0 0 0 0
330	2	1 1 1 0 0 0 0 0 0 1 0 1 0 0 0 0
330	6	1 1 1 0 0 0 0 1 0 0 0 0 0 0 1 0
330	1	1 1 0 0 0 0 0 1 1 0 0 1 0 0 0 1
330	1	1 1 1 1 0 1 0 1 1 0 0 1 0 0 0 0
330	5	1 0 1 1 0 0 0 1 0 0 0 0 1 0 0 0
330	2	1 1 1 1 0 1 0 1 1 1 0 1 0 0 1 1
330	2	1 1 1 1 0 0 0 1 0 1 0 0 0 1 1 0
330	3	1 0 1 1 0 0 0 1 0 1 0 1 1 0 0 0
330	1	0 0 1 1 0 0 0 1 1 0 0 1 0 0 0 0
330	2	1 1 0 1 0 0 0 1 0 0 0 1 0 0 0 1
330	2	1 0 0 0 0 0 0 1 0 0 1 1 0 0 0 0
330	1	1 1 1 0 0 0 0 1 0 1 0 0 0 0 0 0
330	1	1 1 1 1 0 1 0 1 1 1 0 1 1 0 1 0
330	2	1 1 1 0 1 0 1 1 0 0 0 0 0 0 0 0
330	1	1 1 0 0 0 0 0 0 0 0 0 0 0 0 0 0
330	2	1 1 1 1 1 0 1 1 0 0 1 1 0 0 1 0
330	1	1 0 1 0 0 0 1 1 0 1 0 1 0 0 0 0
340	3	1 1 1 0 0 0 0 1 0 1 0 1 0 0 1 0
340	2	1 0 1 1 0 0 0 1 0 0 0 0 0 0 1 0
340	30	1 1 1 0 0 0 0 1 0 0 0 1 0 0 0 0
340	77	1 1 1 0 0 0 0 1 1 0 0 1 0 0 0 0
340	14	1 1 0 1 0 0 0 1 0 0 0 1 0 0 0 0
340	22	1 1 1 0 0 0 0 1 0 1 0 1 0 0 0 0
340	14	1 1 0 0 0 0 0 1 0 0 1 1 0 0 0 0
340	118	1 1 1 0 0 0 0 1 0 0 0 0 0 0 0 0
340	24	1 0 1 0 0 0 0 1 1 1 0 1 0 0 0 0
340	42	1 1 1 0 0 1 0 1 0 0 0 1 0 0 0 0
340	23	1 1 1 0 0 1 0 1 0 1 0 1 0 0 0 0
340	41	1 0 1 1 0 0 0 1 0 0 0 0 0 0 0 0
340	5	1 1 0 0 0 0 0 1 1 0 0 0 0 0 0 0
340	1	0 0 1 1 0 0 0 1 0 0 1 1 0 0 0 1
340	7	1 1 1 1 0 1 0 1 1 1 0 1 0 0 1 0
340	16	1 1 1 0 1 0 0 1 0 0 0 0 0 0 0 0
340	8	1 0 1 1 0 0 0 1 0 1 0 0 0 0 1 0
340	11	0 0 1 1 0 0 0 1 0 0 0 1 0 0 0 0
340	11	1 0 1 0 0 0 0 1 0 0 0 0 0 0 0 0
340	31	1 1 1 0 0 1 0 1 1 1 0 1 1 0 0 0
340	11	1 1 1 1 0 0 0 1 0 0 0 1 0 0 0 0
340	8	1 1 1 1 1 0 0 1 0 0 1 1 0 0 0 0
340	30	1 1 1 0 0 0 0 0 1 0 0 1 0 0 0 0
340	9	0 1 1 1 0 0 0 0 0 0 1 1 0 0 0 0
340	1	1 1 0 0 0 0 0 1 0 0 0 0 0 0 0 0
340	14	1 1 1 1 1 0 0 1 0 0 1 1 0 0 1 0
340	1	1 0 1 1 0 1 0 1 0 0 0 0 0 0 0 0
340	13	1 0 1 1 0 0 0 1 0 0 0 1 0 0 0 0
340	22	1 1 1 0 0 0 0 1 1 0 0 1 0 1 0 0
340	6	1 0 1 0 0 0 0 1 1 0 0 1 0 0 0 0
340	6	1 1 1 0 0 1 0 1 1 0 0 1 0 0 0 0
340	14	1 1 1 1 0 0 0 1 0 1 0 0 0 0 1 0
340	13	0 0 1 0 0 1 0 0 0 0 0 1 0 0 0 0
340	7	1 1 1 0 1 1 0 1 1 0 0 1 1 1 0 0
340	4	1 1 0 0 0 0 0 1 1 0 0 1 0 0 0 0
340	8	0 0 1 1 0 1 0 1 0 0 1 1 0 0 0 0
340	14	1 1 0 1 0 0 0 1 0 0 0 1 0 0 1 0
340	13	0 0 1 1 0 0 0 1 0 1 0 1 1 0 0 0
340	21	1 1 1 0 0 1 0 1 1 0 0 0 0 0 0 0
340	6	1 0 1 0 1 1 0 1 0 0 0 0 0 0 0 0
340	10	1 1 1 1 0 0 1 1 0 1 0 1 0 0 1 0
340	15	1 1 1 1 0 0 0 1 0 0 1 1 0 0 0 0
340	25	1 1 1 1 0 0 0 1 0 1 0 0 1 0 0 0
340	8	0 1 1 0 0 0 0 1 0 0 0 0 0 0 0 0
340	1	1 1 0 1 0 0 0 1 0 0 1 1 0 0 0 0
340	19	1 1 1 1 0 1 0 1 0 0 0 1 0 0 0 0
340	4	1 1 1 1 0 0 0 0 0 0 1 1 0 0 1 0
340	5	1 1 1 0 0 0 0 1 0 0 0 1 1 0 0 0
340	1	1 0 0 0 0 0 0 1 0 0 1 1 0 0 0 0
340	4	1 1 1 0 1 0 1 1 0 0 0 0 0 0 0 0
340	1	1 0 1 0 0 0 1 1 0 1 0 1 0 0 0 0
340	1	1 1 1 0 0 1 0 1 0 0 1 1 0 0 0 0
340	1	0 1 1 0 1 0 0 1 0 0 0 0 0 0 0 0
340	15	1 0 1 1 1 0 0 1 0 1 0 0 0 0 0 0
340	9	1 1 1 1 0 1 0 1 0 0 0 1 1 0 0 0
340	3	1 1 1 0 0 0 0 1 0 0 1 1 0 0 0 0
340	5	1 1 0 1 0 0 0 1 0 1 0 1 0 0 1 0
340	5	1 1 1 0 1 0 0 1 0 0 0 1 0 0 0 0
340	16	0 0 1 1 0 0 0 1 1 0 0 1 0 0 0 0
340	12	1 0 0 0 0 0 0 1 1 0 0 0 0 0 0 0
340	2	0 1 1 1 0 0 0 1 1 0 0 0 0 0 0 0
340	6	0 1 1 1 0 0 0 0 0 0 1 1 0 0 1 0
340	4	1 1 1 1 0 0 0 1 0 1 0 1 0 0 0 0
340	4	0 1 1 0 0 1 0 1 1 0 0 1 1 0 1 0
340	4	1 1 1 0 0 0 1 1 0 0 0 0 0 0 0 0
340	1	0 0 1 1 0 0 0 1 0 0 0 0 0 0 0 0
340	5	0 1 1 0 0 0 0 1 0 0 0 1 0 0 0 0
340	2	1 0 0 0 0 0 0 1 0 0 0 1 0 0 0 0
340	4	1 1 1 0 0 1 1 1 0 0 0 1 0 0 0 0
340	5	1 1 1 1 0 0 0 1 0 0 0 0 0 0 0 0
340	2	1 1 1 0 0 0 0 1 1 0 1 1 0 1 0 0
340	7	1 0 1 0 1 0 0 1 0 0 1 1 0 0 1 0
340	1	1 1 1 0 0 0 0 1 1 0 0 1 1 0 0 0
340	2	1 1 1 0 0 0 0 1 1 1 0 1 0 0 1 0
340	2	0 0 1 1 0 0 0 1 1 0 0 0 0 0 0 0
340	1	0 1 1 1 0 0 0 1 1 0 0 1 0 0 0 0
340	1	0 1 1 0 0 0 0 1 0 1 0 1 0 0 1 0
340	2	1 1 0 0 0 0 0 1 0 1 0 1 0 0 0 0
340	4	1 1 1 0 0 0 0 1 0 0 0 0 0 0 1 0
340	4	1 1 1 0 1 1 0 1 0 1 0 1 0 0 0 0
340	1	1 0 1 1 0 0 0 1 0 1 0 0 0 1 1 0
340	7	1 0 1 0 0 0 0 1 1 0 0 1 0 0 0 1
340	2	1 1 1 0 0 0 0 1 0 1 0 0 0 1 1 0
340	2	1 1 1 0 1 0 0 1 0 1 0 1 0 0 0 0
340	2	1 1 1 0 0 0 0 1 0 1 0 1 1 0 0 0
340	4	1 1 1 0 0 0 0 1 0 0 0 1 0 1 0 0
340	1	1 1 1 0 0 0 0 1 0 0 1 0 0 0 0 0
340	7	1 0 1 0 0 1 0 1 0 0 0 1 0 0 0 0
340	2	1 1 1 0 1 0 0 1 0 0 0 0 0 0 1 0
340	1	1 1 1 0 1 0 1 1 0 0 0 1 0 0 0 0
340	1	1 1 1 1 1 0 0 1 1 0 0 1 0 0 0 0
340	3	1 0 0 0 0 0 0 1 0 0 0 1 0 0 1 0
340	3	1 1 1 0 0 0 0 1 1 0 1 1 0 0 0 0
340	2	1 0 1 1 0 0 0 1 0 0 0 0 0 1 0 0
340	1	1 1 0 0 0 0 0 1 0 0 0 0 0 0 0 1
340	1	1 0 0 0 0 0 0 1 1 0 0 1 0 0 0 0
340	2	0 0 1 0 0 1 1 0 0 0 0 1 0 0 0 0
340	2	1 1 1 1 0 0 1 1 0 1 0 1 1 0 1 0
340	1	1 0 1 0 0 0 0 0 1 0 0 1 0 0 0 0
340	2	1 1 1 0 1 0 0 1 1 0 0 1 0 0 0 0
340	2	1 0 1 1 0 0 0 1 0 0 1 0 0 0 0 0
340	3	0 1 1 1 0 0 0 0 0 0 0 1 0 0 0 0
340	1	1 1 1 1 0 0 0 1 0 1 0 0 0 1 1 0
340	1	1 0 1 0 1 1 0 1 1 0 0 0 0 0 0 0
340	2	1 1 1 0 1 1 0 1 0 1 0 1 0 0 0 1
350	9	1 0 1 1 0 0 0 1 0 0 0 0 0 0 1 0
350	14	1 1 1 0 0 0 0 1 0 0 0 1 0 0 0 0
350	70	1 1 1 0 0 0 0 1 1 0 0 1 0 0 0 0
350	9	1 1 0 1 0 0 0 1 0 0 0 1 0 0 0 0
350	1	1 1 1 0 0 0 0 1 0 1 0 1 0 0 0 0
350	12	1 1 0 0 0 0 0 1 0 0 1 1 0 0 0 0
350	87	1 1 1 0 0 0 0 1 0 0 0 0 0 0 0 0
350	30	1 0 1 0 0 0 0 1 1 1 0 1 0 0 0 0
350	38	1 1 1 0 0 1 0 1 0 0 0 1 0 0 0 0
350	2	1 1 1 0 0 1 0 1 0 1 0 1 0 0 0 0
350	27	1 0 1 1 0 0 0 1 0 0 0 0 0 0 0 0
350	4	1 1 0 0 0 0 0 1 1 0 0 0 0 0 0 0
350	14	1 1 1 1 0 1 0 1 1 1 0 1 0 0 1 0
350	31	1 1 1 0 1 0 0 1 0 0 0 0 0 0 0 0
350	9	0 0 1 1 0 0 0 1 0 0 0 1 0 0 0 0
350	21	1 1 1 0 0 1 0 1 1 1 0 1 1 0 0 0
350	55	1 1 1 1 0 0 0 1 0 0 0 1 0 0 0 0
350	4	1 1 1 1 1 0 0 1 0 0 1 1 0 0 0 0
350	19	1 1 1 0 0 0 0 0 1 0 0 1 0 0 0 0
350	19	1 1 1 1 1 0 0 1 0 0 1 1 0 0 1 0
350	16	1 0 1 1 0 0 0 1 0 0 0 1 0 0 0 0
350	9	1 1 1 0 0 0 0 1 1 0 0 1 0 1 0 0
350	2	1 1 1 0 0 1 0 1 1 0 0 1 0 0 0 0
350	13	1 1 1 1 0 0 0 1 0 1 0 0 0 0 1 0
350	17	0 0 1 0 0 1 0 0 0 0 0 1 0 0 0 0
350	10	0 0 1 1 0 1 0 1 0 0 1 1 0 0 0 0
350	10	1 1 0 1 0 0 0 1 0 0 0 1 0 0 1 0
350	8	0 0 1 1 0 0 0 1 0 1 0 1 1 0 0 0
350	3	1 0 1 0 1 1 0 1 0 0 0 0 0 0 0 0
350	3	1 1 1 1 0 0 1 1 0 1 0 1 0 0 1 0
350	10	1 1 1 1 0 0 0 1 0 0 1 1 0 0 0 0
350	13	1 1 1 1 0 0 0 1 0 1 0 0 1 0 0 0
350	19	0 1 1 0 0 0 0 1 0 0 0 0 0 0 0 0
350	20	1 1 1 1 0 1 0 1 0 0 0 1 0 0 0 0
350	14	1 1 1 1 0 1 0 1 0 0 0 1 1 0 0 0
350	13	1 1 1 0 0 0 0 1 0 0 1 1 0 0 0 0
350	5	1 1 1 0 1 0 0 1 0 0 0 1 0 0 0 0
350	7	0 0 1 1 0 0 0 1 1 0 0 1 0 0 0 0
350	13	0 1 1 1 0 0 0 0 0 0 1 1 0 0 1 0
350	1	1 1 1 0 0 0 1 1 0 0 0 0 0 0 0 0
350	9	0 1 1 0 0 0 0 1 0 0 0 1 0 0 0 0
350	9	1 1 1 0 0 1 1 1 0 0 0 1 0 0 0 0
350	16	1 1 1 0 0 0 0 1 1 0 1 1 0 1 0 0
350	14	1 0 1 0 1 0 0 1 0 0 1 1 0 0 1 0
350	22	1 1 1 0 0 0 0 1 0 0 0 0 0 0 1 0
350	3	1 1 1 0 1 1 0 1 0 1 0 1 0 0 0 0
350	5	1 0 1 0 0 0 0 1 1 0 0 1 0 0 0 1
350	9	1 1 1 0 0 0 0 1 0 0 1 0 0 0 0 0
350	4	1 0 1 0 0 1 0 1 0 0 0 1 0 0 0 0
350	3	1 0 0 0 0 0 0 1 0 0 0 1 0 0 1 0
350	3	1 1 1 0 0 0 0 1 1 0 1 1 0 0 0 0
350	2	1 1 0 0 0 0 0 1 0 0 0 0 0 0 0 1
350	14	0 0 1 0 0 1 1 0 0 0 0 1 0 0 0 0
350	3	1 1 1 1 0 0 1 1 0 1 0 1 1 0 1 0
350	3	1 0 1 0 1 1 0 1 1 0 0 0 0 0 0 0
350	6	1 1 1 0 1 1 0 1 0 1 0 1 0 0 0 1
350	17	1 1 1 1 0 1 0 1 0 0 0 0 0 0 0 0
350	2	1 0 0 0 0 0 0 0 1 0 0 0 0 0 0 0
350	3	1 0 1 0 0 0 0 1 1 0 0 1 0 1 0 0
350	1	1 1 1 0 0 1 0 1 0 1 0 1 0 0 0 1
350	3	1 1 1 1 0 0 0 0 0 0 0 1 0 0 0 0
350	9	1 1 1 0 0 1 0 0 1 0 0 0 0 0 0 0
350	9	1 1 0 0 0 0 0 1 0 0 0 1 0 0 0 0
350	10	1 1 1 1 0 1 0 1 0 1 0 0 0 0 1 0
350	3	1 1 0 1 0 0 0 1 1 0 0 1 0 0 0 0
350	19	0 1 1 0 0 0 0 1 0 0 1 1 0 0 0 0
350	7	1 1 1 0 0 0 0 1 1 0 0 1 0 0 0 1
350	2	1 1 1 0 0 1 0 1 0 1 1 1 0 0 0 0
350	3	1 0 0 0 0 0 0 1 1 0 0 1 0 0 1 0
350	4	1 1 1 0 0 1 0 1 0 1 0 1 0 1 0 0
350	5	1 1 1 0 0 1 0 1 1 1 0 0 1 0 0 0
350	5	1 0 0 0 0 0 1 1 1 0 0 0 0 0 0 0
350	9	1 0 1 1 1 0 0 1 0 0 1 1 0 0 1 0
350	1	1 1 1 0 0 1 0 1 0 0 1 1 0 0 0 0
350	7	1 1 1 0 0 1 0 1 0 0 0 1 0 0 1 0
350	1	1 1 1 1 0 1 0 1 1 1 0 0 0 0 1 0
350	5	1 1 1 1 0 0 0 1 0 1 0 1 0 0 0 0
350	5	0 0 1 1 0 0 0 1 0 1 1 1 1 0 0 0
350	5	1 1 1 0 0 1 1 0 0 0 0 1 0 0 0 0
350	4	1 0 1 1 0 0 0 1 0 1 0 1 0 0 0 0
350	1	0 1 1 0 0 1 0 1 0 0 0 1 0 0 0 0
350	9	1 0 1 0 0 0 0 1 0 0 0 0 0 0 0 0
350	1	1 1 1 0 0 0 0 0 0 0 1 1 0 0 0 0
350	3	1 1 0 0 0 0 0 1 0 0 0 1 0 1 0 0
350	2	1 1 1 0 0 0 0 1 0 0 1 1 0 0 1 0
350	2	1 1 1 0 0 0 0 0 1 0 1 1 0 0 0 0
350	3	1 1 1 1 0 0 1 1 0 1 0 1 0 0 0 1
350	2	1 1 1 0 1 1 0 1 0 0 0 0 0 0 0 0
350	1	1 1 1 0 0 1 0 1 1 1 0 1 1 1 0 0
350	1	1 0 1 0 0 1 0 1 1 1 0 1 1 0 0 0
350	1	0 1 1 1 0 1 0 1 0 0 0 1 0 0 0 0
350	1	1 1 1 1 0 0 0 1 0 0 0 1 1 0 0 0
350	5	0 1 1 0 0 0 0 1 1 0 0 1 0 0 0 0
350	2	1 1 1 0 1 1 0 1 0 1 0 1 1 0 0 1
350	1	1 1 0 1 0 0 0 1 1 1 0 1 0 0 0 0
350	4	1 1 1 0 0 1 0 1 0 1 0 0 0 0 0 0
350	2	1 1 1 1 0 1 0 1 1 1 0 1 0 1 0 0
350	1	1 0 1 0 0 0 0 1 0 0 0 0 0 0 1 0
350	1	1 1 1 0 0 0 0 0 0 0 0 1 0 0 0 0
350	1	1 1 1 0 0 0 0 1 1 0 0 1 0 0 1 0
350	2	1 1 1 1 0 0 0 1 0 0 0 0 0 0 1 0
350	1	1 1 1 1 0 0 0 0 0 1 0 0 0 0 1 0
350	1	1 1 1 1 0 0 0 1 0 1 1 1 0 0 0 0
350	1	1 1 1 0 1 0 0 1 0 0 1 1 0 0 0 0
350	1	0 0 1 1 0 0 0 1 1 0 0 0 0 0 0 0
350	3	0 1 1 0 0 0 0 1 0 0 0 1 1 0 0 0
350	1	1 0 1 0 1 0 0 1 0 0 0 1 0 0 1 0
350	1	1 0 1 0 1 1 0 1 0 1 0 1 0 0 0 0
360	35	1 1 1 0 0 0 0 1 0 0 0 1 0 0 0 0
360	37	1 1 1 0 0 0 0 1 1 0 0 1 0 0 0 0
360	1	1 1 0 1 0 0 0 1 0 0 0 1 0 0 0 0
360	23	1 1 0 0 0 0 0 1 0 0 1 1 0 0 0 0
360	102	1 1 1 0 0 0 0 1 0 0 0 0 0 0 0 0
360	23	1 0 1 0 0 0 0 1 1 1 0 1 0 0 0 0
360	36	1 1 1 0 0 1 0 1 0 0 0 1 0 0 0 0
360	1	1 0 1 1 0 0 0 1 0 0 0 0 0 0 0 0
360	3	1 1 0 0 0 0 0 1 1 0 0 0 0 0 0 0
360	5	1 1 1 1 0 1 0 1 1 1 0 1 0 0 1 0
360	27	1 1 1 0 1 0 0 1 0 0 0 0 0 0 0 0
360	38	0 0 1 1 0 0 0 1 0 0 0 1 0 0 0 0
360	17	1 1 1 0 0 1 0 1 1 1 0 1 1 0 0 0
360	50	1 1 1 1 0 0 0 1 0 0 0 1 0 0 0 0
360	16	1 1 1 1 1 0 0 1 0 0 1 1 0 0 0 0
360	6	1 1 1 0 0 0 0 0 1 0 0 1 0 0 0 0
360	10	1 1 1 1 1 0 0 1 0 0 1 1 0 0 1 0
360	1	1 0 1 1 0 0 0 1 0 0 0 1 0 0 0 0
360	29	1 1 1 1 0 0 0 1 0 1 0 0 0 0 1 0
360	10	0 0 1 0 0 1 0 0 0 0 0 1 0 0 0 0
360	3	0 0 1 1 0 1 0 1 0 0 1 1 0 0 0 0
360	7	1 1 0 1 0 0 0 1 0 0 0 1 0 0 1 0
360	20	1 1 1 1 0 0 0 1 0 0 1 1 0 0 0 0
360	8	1 1 1 1 0 0 0 1 0 1 0 0 1 0 0 0
360	4	0 1 1 0 0 0 0 1 0 0 0 0 0 0 0 0
360	10	1 1 1 1 0 1 0 1 0 0 0 1 0 0 0 0
360	19	1 1 1 1 0 1 0 1 0 0 0 1 1 0 0 0
360	11	1 1 1 0 0 0 0 1 0 0 1 1 0 0 0 0
360	4	1 1 1 0 1 0 0 1 0 0 0 1 0 0 0 0
360	12	0 0 1 1 0 0 0 1 1 0 0 1 0 0 0 0
360	6	0 1 1 1 0 0 0 0 0 0 1 1 0 0 1 0
360	13	0 1 1 0 0 0 0 1 0 0 0 1 0 0 0 0
360	7	1 1 1 0 0 0 0 1 1 0 1 1 0 1 0 0
360	3	1 0 1 0 1 0 0 1 0 0 1 1 0 0 1 0
360	21	1 1 1 0 0 0 0 1 0 0 0 0 0 0 1 0
360	4	0 0 1 0 0 1 1 0 0 0 0 1 0 0 0 0
360	17	1 1 1 0 1 1 0 1 0 1 0 1 0 0 0 1
360	39	1 1 1 1 0 1 0 1 0 0 0 0 0 0 0 0
360	18	1 1 1 1 0 0 0 0 0 0 0 1 0 0 0 0
360	10	1 1 1 0 0 1 0 0 1 0 0 0 0 0 0 0
360	18	1 1 0 0 0 0 0 1 0 0 0 1 0 0 0 0
360	12	1 1 1 1 0 1 0 1 0 1 0 0 0 0 1 0
360	2	0 1 1 0 0 0 0 1 0 0 1 1 0 0 0 0
360	13	1 1 1 0 0 0 0 1 1 0 0 1 0 0 0 1
360	3	1 1 1 0 0 1 0 1 1 1 0 0 1 0 0 0
360	3	1 0 0 0 0 0 1 1 1 0 0 0 0 0 0 0
360	5	1 1 1 0 0 1 0 1 0 0 0 1 0 0 1 0
360	15	1 1 1 0 0 1 1 0 0 0 0 1 0 0 0 0
360	2	1 0 1 1 0 0 0 1 0 1 0 1 0 0 0 0
360	21	1 0 1 0 0 0 0 1 0 0 0 0 0 0 0 0
360	7	1 1 0 0 0 0 0 1 0 0 0 1 0 1 0 0
360	9	1 1 1 0 0 0 0 0 1 0 1 1 0 0 0 0
360	6	0 1 1 0 0 0 0 1 1 0 0 1 0 0 0 0
360	7	1 1 1 0 1 1 0 1 0 1 0 1 1 0 0 1
360	3	1 1 1 0 0 1 0 1 0 1 0 0 0 0 0 0
360	11	1 0 1 0 1 0 0 1 0 0 0 1 0 0 1 0
360	4	1 1 1 1 0 0 0 1 0 1 0 0 0 1 1 0
360	5	1 0 1 1 0 0 0 1 0 0 0 1 0 0 1 0
360	8	1 1 1 0 0 0 0 1 0 0 0 1 0 0 1 0
360	1	1 0 1 0 0 0 0 1 0 0 0 1 0 0 0 0
360	1	1 1 1 1 0 1 0 1 1 0 0 0 0 0 0 0
360	8	1 1 1 1 0 0 0 1 0 1 0 1 1 0 0 0
360	3	1 1 1 0 0 0 0 0 0 0 1 1 0 0 1 0
360	6	1 1 0 0 0 0 0 0 1 0 0 0 0 0 0 0
360	5	1 1 1 0 1 1 0 1 0 0 0 0 0 0 0 0
360	2	1 1 1 0 0 1 0 1 0 0 0 1 1 0 0 0
360	4	1 1 1 0 0 0 0 1 1 0 0 0 0 0 1 0
360	3	1 0 1 0 0 0 0 1 1 0 0 1 0 0 0 0
360	1	0 0 1 1 1 0 0 1 0 0 0 1 0 0 0 0
360	10	1 1 1 0 0 1 0 1 1 0 0 1 1 0 0 0
360	2	0 0 1 1 0 1 0 1 0 1 0 1 0 1 0 0
360	2	0 0 1 1 1 0 0 1 0 0 1 1 0 0 0 0
360	4	1 0 1 0 0 1 1 0 0 0 0 1 0 0 0 0
360	8	0 1 1 0 0 0 0 1 0 0 0 0 0 0 1 0
360	2	1 1 1 0 0 1 0 1 1 0 0 1 0 0 0 0
360	4	1 1 1 0 0 0 0 1 0 0 0 0 1 0 0 0
360	1	1 1 0 0 0 1 0 1 0 0 0 1 0 0 0 0
360	2	0 1 1 0 0 0 0 0 0 0 0 0 0 0 0 0
360	2	1 1 1 0 0 0 0 1 1 0 0 1 1 0 0 1
360	6	0 0 1 0 0 0 0 1 0 0 0 0 0 0 0 0
360	2	1 1 0 1 0 1 0 1 1 0 0 0 0 0 0 0
360	3	1 1 1 1 0 0 0 1 1 1 0 1 1 0 0 0
360	8	1 1 1 1 0 0 0 1 0 1 0 1 0 0 0 0
360	4	1 1 1 0 0 1 0 1 1 1 0 0 0 0 1 0
360	2	1 1 0 1 0 0 0 1 0 0 0 1 1 0 1 0
360	2	0 0 1 0 0 1 1 0 0 0 0 1 0 0 0 1
360	1	1 0 1 0 0 0 1 1 0 0 0 0 0 0 0 0
360	1	1 1 0 0 0 0 1 1 0 0 0 1 0 1 0 0
360	2	1 0 1 1 0 0 0 1 0 0 0 1 0 1 0 0
360	2	1 1 0 1 1 0 0 1 0 0 0 1 0 0 0 0
360	2	1 1 1 1 0 0 0 1 0 0 0 0 0 0 0 0
360	3	1 0 1 1 1 0 0 1 0 0 0 1 0 0 0 0
360	4	1 1 1 1 0 0 1 1 0 1 0 0 0 0 1 0
360	2	1 1 0 1 0 1 0 1 0 0 0 1 1 0 0 0
360	2	1 1 1 1 0 0 0 0 0 0 0 1 0 1 0 0
360	1	1 1 1 1 0 1 1 1 0 1 0 0 0 0 1 0
360	1	1 0 1 0 0 0 0 1 1 0 0 1 0 0 0 1
360	3	1 1 1 0 0 1 1 1 1 1 0 0 1 0 0 0
360	3	0 0 1 1 0 0 0 1 0 0 0 0 0 0 0 0
360	1	1 1 0 0 0 0 0 1 0 0 0 1 0 0 1 0
360	2	1 1 1 0 0 1 0 1 0 0 0 1 0 0 0 1
360	1	0 0 1 1 0 0 0 0 0 0 0 1 0 0 0 0
360	2	1 1 1 1 1 1 0 1 0 0 1 1 0 0 1 0
360	1	1 0 1 1 0 0 0 1 0 1 0 0 0 0 1 0
360	2	0 1 1 0 0 0 1 1 0 0 0 0 0 0 0 0
360	2	1 1 1 1 0 1 0 0 0 0 0 1 1 0 0 0
360	3	1 1 1 1 0 0 0 0 0 1 0 1 1 0 0 0
360	1	1 0 1 0 0 0 1 0 0 0 0 1 0 0 0 0
370	20	1 1 1 0 0 0 0 1 0 0 0 1 0 0 0 0
370	23	1 1 1 0 0 0 0 1 1 0 0 1 0 0 0 0
370	23	1 1 0 0 0 0 0 1 0 0 1 1 0 0 0 0
370	57	1 1 1 0 0 0 0 1 0 0 0 0 0 0 0 0
370	59	1 1 1 0 0 1 0 1 0 0 0 1 0 0 0 0
370	4	1 1 1 1 0 1 0 1 1 1 0 1 0 0 1 0
370	22	1 1 1 0 1 0 0 1 0 0 0 0 0 0 0 0
370	36	0 0 1 1 0 0 0 1 0 0 0 1 0 0 0 0
370	4	1 1 1 0 0 1 0 1 1 1 0 1 1 0 0 0
370	57	1 1 1 1 0 0 0 1 0 0 0 1 0 0 0 0
370	9	1 1 1 1 1 0 0 1 0 0 1 1 0 0 0 0
370	7	1 1 1 1 1 0 0 1 0 0 1 1 0 0 1 0
370	18	1 1 1 1 0 0 0 1 0 1 0 0 0 0 1 0
370	8	0 0 1 0 0 1 0 0 0 0 0 1 0 0 0 0
370	1	1 1 0 1 0 0 0 1 0 0 0 1 0 0 1 0
370	9	1 1 1 1 0 0 0 1 0 0 1 1 0 0 0 0
370	6	0 1 1 0 0 0 0 1 0 0 0 0 0 0 0 0
370	4	1 1 1 1 0 1 0 1 0 0 0 1 0 0 0 0
370	16	1 1 1 1 0 1 0 1 0 0 0 1 1 0 0 0
370	13	1 1 1 0 0 0 0 1 0 0 1 1 0 0 0 0
370	3	1 1 1 0 1 0 0 1 0 0 0 1 0 0 0 0
370	2	0 0 1 1 0 0 0 1 1 0 0 1 0 0 0 0
370	11	0 1 1 0 0 0 0 1 0 0 0 1 0 0 0 0
370	2	1 1 1 0 0 0 0 1 1 0 1 1 0 1 0 0
370	7	1 1 1 0 0 0 0 1 0 0 0 0 0 0 1 0
370	13	1 1 1 0 1 1 0 1 0 1 0 1 0 0 0 1
370	32	1 1 1 1 0 1 0 1 0 0 0 0 0 0 0 0
370	26	1 1 1 1 0 0 0 0 0 0 0 1 0 0 0 0
370	4	1 1 1 0 0 1 0 0 1 0 0 0 0 0 0 0
370	14	1 1 0 0 0 0 0 1 0 0 0 1 0 0 0 0
370	36	1 1 1 1 0 1 0 1 0 1 0 0 0 0 1 0
370	4	0 1 1 0 0 0 0 1 0 0 1 1 0 0 0 0
370	14	1 1 1 0 0 0 0 1 1 0 0 1 0 0 0 1
370	7	1 1 1 0 0 1 0 1 0 0 0 1 0 0 1 0
370	12	1 1 1 0 0 1 1 0 0 0 0 1 0 0 0 0
370	19	1 0 1 0 0 0 0 1 0 0 0 0 0 0 0 0
370	4	1 1 0 0 0 0 0 1 0 0 0 1 0 1 0 0
370	26	1 1 1 0 0 0 0 0 1 0 1 1 0 0 0 0
370	10	1 1 1 0 1 1 0 1 0 1 0 1 1 0 0 1
370	1	1 0 1 0 1 0 0 1 0 0 0 1 0 0 1 0
370	2	1 0 1 1 0 0 0 1 0 0 0 1 0 0 1 0
370	9	1 1 1 0 0 0 0 1 0 0 0 1 0 0 1 0
370	4	1 0 1 0 0 0 0 1 0 0 0 1 0 0 0 0
370	3	1 1 1 1 0 0 0 1 0 1 0 1 1 0 0 0
370	2	1 1 0 0 0 0 0 0 1 0 0 0 0 0 0 0
370	10	1 1 1 0 1 1 0 1 0 0 0 0 0 0 0 0
370	10	1 1 1 0 0 0 0 1 1 0 0 0 0 0 1 0
370	6	0 0 1 1 1 0 0 1 0 0 0 1 0 0 0 0
370	20	1 1 1 0 0 1 0 1 1 0 0 1 1 0 0 0
370	8	0 0 1 1 1 0 0 1 0 0 1 1 0 0 0 0
370	8	1 0 1 0 0 1 1 0 0 0 0 1 0 0 0 0
370	5	0 1 1 0 0 0 0 1 0 0 0 0 0 0 1 0
370	5	1 1 1 0 0 1 0 1 1 0 0 1 0 0 0 0
370	3	1 1 1 0 0 0 0 1 0 0 0 0 1 0 0 0
370	1	0 1 1 0 0 0 0 0 0 0 0 0 0 0 0 0
370	7	1 1 1 1 0 0 0 1 1 1 0 1 1 0 0 0
370	7	0 0 1 0 0 1 1 0 0 0 0 1 0 0 0 1
370	2	1 0 1 0 0 0 0 1 1 0 0 1 0 0 0 1
370	7	0 0 1 1 0 0 0 1 0 0 0 0 0 0 0 0
370	1	1 1 1 1 1 1 0 1 0 0 1 1 0 0 1 0
370	10	0 1 1 0 0 0 1 1 0 0 0 0 0 0 0 0
370	4	1 0 1 0 0 0 0 1 0 0 1 1 0 0 1 0
370	10	1 1 1 1 0 0 0 1 0 1 0 0 0 0 0 0
370	7	1 1 0 0 0 0 0 0 0 0 1 1 0 0 0 0
370	13	1 1 1 1 1 0 0 1 0 1 0 0 1 0 0 0
370	9	0 1 1 0 0 0 0 1 0 0 0 1 1 0 0 0
370	8	1 1 1 1 0 1 0 1 0 0 0 1 0 0 1 0
370	2	1 1 1 1 0 0 0 0 0 0 0 1 0 0 1 0
370	7	1 1 1 1 1 1 0 1 0 0 0 1 1 0 0 0
370	10	1 1 1 1 0 1 0 1 1 0 0 1 1 0 0 0
370	3	1 1 1 0 1 1 0 1 0 1 0 1 1 0 0 0
370	2	1 1 1 0 0 0 0 1 0 0 0 0 0 0 0 1
370	4	1 1 1 0 0 0 0 1 1 1 0 1 1 0 0 0
370	10	1 1 1 0 0 1 0 1 1 0 0 1 0 0 1 0
370	6	1 1 1 1 1 0 0 1 0 1 1 1 0 0 0 0
370	3	1 1 1 1 0 0 0 0 0 1 0 0 0 0 1 0
370	2	1 1 1 0 0 0 1 1 0 0 0 0 0 0 1 0
370	1	1 0 1 1 0 0 0 1 1 1 0 1 0 0 0 0
370	1	1 1 1 1 0 0 0 0 0 0 1 1 0 0 0 0
370	7	1 1 1 0 0 0 0 1 1 1 0 1 0 0 0 0
370	4	0 0 1 0 0 0 1 0 0 0 0 0 0 0 0 1
370	2	1 1 1 0 0 0 0 1 0 0 0 1 0 0 0 1
370	2	0 0 1 1 0 0 0 1 0 1 0 0 0 0 1 0
370	3	1 1 0 0 0 1 0 1 0 0 0 1 0 0 0 0
370	3	1 1 1 1 1 0 0 1 0 0 0 1 0 0 0 0
370	5	1 1 1 1 1 0 0 1 0 0 1 0 0 0 1 0
370	3	0 0 1 0 0 0 0 1 1 0 0 1 0 0 0 0
370	1	1 0 1 1 0 0 0 1 0 0 0 1 0 0 1 1
370	2	1 1 1 0 0 0 0 1 1 1 0 0 1 0 0 0
370	3	1 1 1 1 0 0 0 1 1 0 0 1 0 0 0 0
370	2	1 1 1 0 1 1 0 1 0 0 0 1 0 0 0 0
370	13	1 1 1 0 0 0 0 1 1 0 0 0 0 0 0 0
370	6	1 1 1 1 0 0 0 1 0 1 0 1 0 0 0 0
370	2	1 1 1 0 1 0 0 1 0 1 0 1 0 0 0 1
370	6	1 1 1 0 0 1 0 1 0 0 0 0 0 0 0 0
370	1	1 1 1 1 0 0 0 0 0 0 0 1 1 0 0 0
370	2	1 1 1 0 0 1 0 1 0 0 0 0 0 0 1 0
370	3	1 1 1 0 0 1 0 1 0 1 0 1 0 0 1 0
370	1	1 0 1 0 0 0 0 0 0 0 0 0 0 0 0 0
370	2	1 1 1 0 0 0 1 0 1 0 1 1 0 0 0 0
370	4	1 0 1 0 1 0 0 1 1 0 0 1 0 0 1 0
370	1	1 1 1 1 0 0 0 1 0 1 1 1 1 0 0 0
370	1	1 0 1 1 0 1 1 0 0 0 0 1 0 0 0 0
370	1	1 1 1 1 0 0 0 1 0 0 0 1 1 0 0 0
370	2	1 1 0 0 0 0 0 1 0 0 0 0 0 0 0 0
370	1	0 1 1 0 0 0 0 0 0 0 0 1 1 0 0 1
370	3	1 1 1 1 0 0 0 1 0 0 0 1 0 1 0 0
370	3	1 1 0 0 1 0 0 0 0 0 1 1 0 0 0 0
370	1	1 1 1 1 0 0 0 0 0 1 0 1 0 0 1 0
370	2	1 1 1 0 0 0 0 1 1 1 0 0 1 0 0 1
370	1	1 1 1 0 0 1 0 0 0 0 0 1 0 0 0 0
370	1	0 0 1 1 0 0 0 1 0 0 0 1 0 0 0 1
370	1	1 1 1 1 0 0 0 0 0 0 0 1 0 1 0 0
370	3	1 1 1 1 0 0 0 1 0 0 0 0 1 0 0 0
370	2	1 0 1 0 1 0 0 1 0 0 0 1 0 0 0 0
370	2	1 1 0 0 0 0 0 0 0 0 0 0 0 0 0 0
370	1	1 1 1 1 1 0 0 1 0 0 0 1 0 0 1 0
370	2	1 1 1 0 1 0 0 1 0 1 1 1 0 0 0 0
370	1	1 1 0 0 0 0 0 1 1 0 1 1 0 0 0 0
370	2	1 0 1 0 0 0 0 1 1 0 0 1 0 0 0 0
370	2	1 0 1 0 0 0 0 1 1 1 1 1 0 0 0 0
370	2	1 0 1 1 0 0 0 1 0 0 0 1 0 0 0 0
370	1	0 0 1 1 0 1 0 1 0 0 0 1 0 0 0 0
370	4	0 1 1 0 0 0 0 1 1 0 0 0 0 0 0 0
370	2	0 0 1 1 0 0 0 1 1 0 0 1 0 1 0 0
370	1	0 0 1 0 0 0 0 1 0 0 0 1 0 0 0 0
370	2	1 1 1 1 0 1 0 1 0 0 0 0 0 0 1 0
370	1	0 0 1 1 1 0 1 1 0 0 1 1 0 0 0 0
370	1	1 1 1 0 0 0 0 1 1 0 0 0 0 0 0 1
370	1	1 1 1 0 0 0 1 1 1 0 0 0 0 0 1 0
380	31	1 1 1 0 0 0 0 1 0 0 0 1 0 0 0 0
380	3	1 1 1 0 0 0 0 1 1 0 0 1 0 0 0 0
380	14	1 1 0 0 0 0 0 1 0 0 1 1 0 0 0 0
380	71	1 1 1 0 0 0 0 1 0 0 0 0 0 0 0 0
380	29	1 1 1 0 0 1 0 1 0 0 0 1 0 0 0 0
380	1	1 1 1 1 0 1 0 1 1 1 0 1 0 0 1 0
380	12	1 1 1 0 1 0 0 1 0 0 0 0 0 0 0 0
380	14	0 0 1 1 0 0 0 1 0 0 0 1 0 0 0 0
380	27	1 1 1 1 0 0 0 1 0 0 0 1 0 0 0 0
380	7	1 1 1 1 1 0 0 1 0 0 1 1 0 0 0 0
380	10	1 1 1 1 0 0 0 1 0 1 0 0 0 0 1 0
380	14	0 0 1 0 0 1 0 0 0 0 0 1 0 0 0 0
380	19	1 1 1 1 0 0 0 1 0 0 1 1 0 0 0 0
380	8	0 1 1 0 0 0 0 1 0 0 0 0 0 0 0 0
380	24	1 1 1 1 0 1 0 1 0 0 0 1 0 0 0 0
380	10	1 1 1 1 0 1 0 1 0 0 0 1 1 0 0 0
380	22	1 1 1 0 0 0 0 1 0 0 1 1 0 0 0 0
380	34	0 1 1 0 0 0 0 1 0 0 0 1 0 0 0 0
380	17	1 1 1 0 0 0 0 1 0 0 0 0 0 0 1 0
380	27	1 1 1 0 1 1 0 1 0 1 0 1 0 0 0 1
380	38	1 1 1 1 0 1 0 1 0 0 0 0 0 0 0 0
380	61	1 1 1 1 0 0 0 0 0 0 0 1 0 0 0 0
380	18	1 1 1 0 0 1 0 0 1 0 0 0 0 0 0 0
380	3	1 1 0 0 0 0 0 1 0 0 0 1 0 0 0 0
380	11	1 1 1 1 0 1 0 1 0 1 0 0 0 0 1 0
380	11	1 1 1 0 0 0 0 1 1 0 0 1 0 0 0 1
380	3	1 1 1 0 0 1 0 1 0 0 0 1 0 0 1 0
380	3	1 1 1 0 0 1 1 0 0 0 0 1 0 0 0 0
380	13	1 0 1 0 0 0 0 1 0 0 0 0 0 0 0 0
380	10	1 1 1 0 0 0 0 0 1 0 1 1 0 0 0 0
380	5	1 0 1 1 0 0 0 1 0 0 0 1 0 0 1 0
380	3	1 1 1 0 0 0 0 1 0 0 0 1 0 0 1 0
380	10	1 0 1 0 0 0 0 1 0 0 0 1 0 0 0 0
380	15	1 1 1 0 1 1 0 1 0 0 0 0 0 0 0 0
380	4	1 1 1 0 0 0 0 1 1 0 0 0 0 0 1 0
380	25	1 1 1 0 0 1 0 1 1 0 0 1 1 0 0 0
380	1	0 0 1 1 1 0 0 1 0 0 1 1 0 0 0 0
380	11	1 0 1 0 0 1 1 0 0 0 0 1 0 0 0 0
380	7	0 1 1 0 0 0 0 1 0 0 0 0 0 0 1 0
380	7	1 1 1 0 0 1 0 1 1 0 0 1 0 0 0 0
380	4	1 1 1 1 0 0 0 1 1 1 0 1 1 0 0 0
380	3	0 0 1 0 0 1 1 0 0 0 0 1 0 0 0 1
380	2	1 0 1 0 0 0 0 1 1 0 0 1 0 0 0 1
380	5	0 1 1 0 0 0 1 1 0 0 0 0 0 0 0 0
380	18	1 1 1 1 0 0 0 1 0 1 0 0 0 0 0 0
380	3	1 1 0 0 0 0 0 0 0 0 1 1 0 0 0 0
380	28	1 1 1 1 1 0 0 1 0 1 0 0 1 0 0 0
380	2	0 1 1 0 0 0 0 1 0 0 0 1 1 0 0 0
380	3	1 1 1 1 0 1 0 1 0 0 0 1 0 0 1 0
380	13	1 1 1 1 0 0 0 0 0 0 0 1 0 0 1 0
380	6	1 1 1 1 1 1 0 1 0 0 0 1 1 0 0 0
380	9	1 1 1 0 1 1 0 1 0 1 0 1 1 0 0 0
380	1	1 1 1 0 0 0 0 1 0 0 0 0 0 0 0 1
380	11	1 1 1 0 0 1 0 1 1 0 0 1 0 0 1 0
380	9	1 1 1 0 0 0 0 1 1 1 0 1 0 0 0 0
380	5	1 1 0 0 0 1 0 1 0 0 0 1 0 0 0 0
380	12	1 1 1 1 1 0 0 1 0 0 0 1 0 0 0 0
380	4	1 1 1 0 0 0 0 1 1 0 0 0 0 0 0 0
380	5	1 1 1 1 0 0 0 1 0 1 0 1 0 0 0 0
380	2	1 1 1 0 0 1 0 1 0 0 0 0 0 0 0 0
380	2	1 1 1 0 0 1 0 1 0 1 0 1 0 0 1 0
380	8	1 1 1 0 0 0 1 0 1 0 1 1 0 0 0 0
380	12	1 0 1 0 1 0 0 1 1 0 0 1 0 0 1 0
380	6	1 1 1 1 0 0 0 1 0 0 0 1 0 1 0 0
380	13	1 1 1 0 0 0 0 1 1 1 0 0 1 0 0 1
380	4	1 1 1 0 0 1 0 0 0 0 0 1 0 0 0 0
380	7	1 1 1 1 0 0 0 1 0 0 0 0 1 0 0 0
380	12	1 1 0 0 0 0 0 0 0 0 0 0 0 0 0 0
380	1	1 1 0 0 0 0 0 1 1 0 1 1 0 0 0 0
380	3	1 1 1 1 0 1 0 1 0 0 0 0 0 0 1 0
380	14	1 1 1 0 0 1 0 1 0 0 0 1 1 0 0 0
380	2	0 0 0 1 0 0 0 1 0 0 0 1 0 0 0 0
380	3	1 0 1 0 1 0 0 1 0 0 1 1 0 0 1 0
380	2	0 1 1 0 0 1 0 1 1 0 0 1 1 0 0 0
380	3	0 0 0 1 0 0 0 1 0 0 0 0 0 0 0 0
380	15	1 1 1 0 0 0 0 0 0 0 0 0 0 0 1 0
380	12	1 1 1 1 0 0 0 1 0 0 0 1 0 0 0 1
380	2	1 1 1 0 0 0 0 1 0 1 0 0 0 0 1 0
380	1	0 1 1 1 0 1 0 1 0 0 0 0 0 0 0 0
380	4	1 1 1 1 0 1 0 1 0 1 0 1 0 0 1 0
380	4	1 1 0 0 0 0 0 0 0 1 1 1 0 0 0 0
380	5	1 1 0 1 0 1 0 1 0 0 0 0 0 0 0 0
380	11	1 1 1 1 0 1 0 1 1 0 0 1 0 0 0 1
380	9	1 1 0 0 0 0 0 0 0 0 1 1 0 0 1 0
380	2	0 1 0 0 0 0 0 1 1 0 1 1 0 0 0 0
380	1	1 1 1 0 1 0 0 1 1 0 0 1 0 0 1 0
380	3	1 1 1 1 0 1 0 1 1 0 0 0 0 0 0 0
380	6	1 1 1 1 0 0 0 0 1 0 0 1 0 0 0 0
380	2	1 1 1 0 1 1 0 0 0 0 0 0 0 0 0 0
380	1	1 1 1 1 0 0 0 1 0 1 0 1 0 0 0 1
380	1	0 1 1 0 0 1 0 1 0 0 0 0 0 0 0 0
380	2	1 1 1 1 0 1 0 1 0 0 1 1 0 0 0 0
380	2	1 1 0 1 0 0 0 1 0 0 1 1 0 0 0 0
380	2	0 1 1 0 0 0 0 1 1 1 0 1 0 0 0 0
380	2	1 1 1 1 0 0 0 1 0 1 0 1 1 0 0 0
380	1	1 1 1 0 0 1 0 1 0 0 1 1 0 0 0 0
380	1	1 1 1 1 1 0 0 1 0 0 0 1 1 0 0 0
380	1	1 1 1 0 0 0 1 1 0 0 0 1 0 0 0 0
380	1	1 1 1 0 0 1 0 1 0 1 0 1 0 0 0 1
380	1	1 1 1 0 1 0 0 1 0 1 0 0 1 0 0 0
380	2	1 1 1 0 0 0 0 1 0 0 0 1 0 0 0 1
380	1	0 0 1 0 0 0 0 1 0 0 0 1 0 0 0 0
380	1	0 0 1 0 0 0 0 0 0 1 1 1 0 0 0 0
380	1	0 1 1 0 0 0 0 1 0 0 0 1 0 0 0 1
380	1	1 1 1 0 1 1 0 1 0 1 0 1 0 0 0 0
380	1	1 1 1 1 0 1 0 1 0 0 0 0 0 0 0 1
380	3	1 1 1 1 0 0 0 1 0 0 0 0 0 0 1 0
380	2	1 1 1 0 1 1 0 1 0 0 1 1 0 0 1 0
380	1	1 1 1 1 1 0 0 1 0 1 0 0 1 0 1 0
380	1	1 1 1 0 0 1 1 1 0 0 0 1 0 0 0 0
380	2	1 1 1 0 1 1 0 1 1 1 0 1 0 0 0 1
380	2	1 1 1 1 1 0 0 1 0 0 0 0 1 0 0 0
390	28	1 1 1 0 0 0 0 1 0 0 0 1 0 0 0 0
390	10	1 1 1 0 0 0 0 1 1 0 0 1 0 0 0 0
390	4	1 1 0 0 0 0 0 1 0 0 1 1 0 0 0 0
390	84	1 1 1 0 0 0 0 1 0 0 0 0 0 0 0 0
390	27	1 1 1 0 0 1 0 1 0 0 0 1 0 0 0 0
390	9	1 1 1 1 0 1 0 1 1 1 0 1 0 0 1 0
390	10	1 1 1 0 1 0 0 1 0 0 0 0 0 0 0 0
390	13	0 0 1 1 0 0 0 1 0 0 0 1 0 0 0 0
390	33	1 1 1 1 0 0 0 1 0 0 0 1 0 0 0 0
390	16	1 1 1 1 1 0 0 1 0 0 1 1 0 0 0 0
390	29	1 1 1 1 0 0 0 1 0 1 0 0 0 0 1 0
390	5	0 0 1 0 0 1 0 0 0 0 0 1 0 0 0 0
390	11	1 1 1 1 0 0 0 1 0 0 1 1 0 0 0 0
390	1	0 1 1 0 0 0 0 1 0 0 0 0 0 0 0 0
390	68	1 1 1 1 0 1 0 1 0 0 0 1 0 0 0 0
390	20	1 1 1 1 0 1 0 1 0 0 0 1 1 0 0 0
390	6	1 1 1 0 0 0 0 1 0 0 1 1 0 0 0 0
390	31	0 1 1 0 0 0 0 1 0 0 0 1 0 0 0 0
390	14	1 1 1 0 0 0 0 1 0 0 0 0 0 0 1 0
390	5	1 1 1 0 1 1 0 1 0 1 0 1 0 0 0 1
390	7	1 1 1 1 0 1 0 1 0 0 0 0 0 0 0 0
390	111	1 1 1 1 0 0 0 0 0 0 0 1 0 0 0 0
390	7	1 1 1 0 0 1 0 0 1 0 0 0 0 0 0 0
390	18	1 1 1 1 0 1 0 1 0 1 0 0 0 0 1 0
390	4	1 1 1 0 0 0 0 1 1 0 0 1 0 0 0 1
390	12	1 0 1 0 0 0 0 1 0 0 0 0 0 0 0 0
390	19	1 1 1 0 0 0 0 0 1 0 1 1 0 0 0 0
390	5	1 0 1 1 0 0 0 1 0 0 0 1 0 0 1 0
390	4	1 0 1 0 0 0 0 1 0 0 0 1 0 0 0 0
390	24	1 1 1 0 0 1 0 1 1 0 0 1 1 0 0 0
390	3	1 0 1 0 0 1 1 0 0 0 0 1 0 0 0 0
390	3	0 1 1 0 0 0 0 1 0 0 0 0 0 0 1 0
390	5	1 1 1 1 0 0 0 1 1 1 0 1 1 0 0 0
390	6	0 0 1 0 0 1 1 0 0 0 0 1 0 0 0 1
390	9	1 1 1 1 0 0 0 1 0 1 0 0 0 0 0 0
390	14	1 1 1 1 1 0 0 1 0 1 0 0 1 0 0 0
390	2	1 1 1 1 0 0 0 0 0 0 0 1 0 0 1 0
390	3	1 1 1 1 1 1 0 1 0 0 0 1 1 0 0 0
390	5	1 1 1 0 0 0 0 1 1 1 0 1 0 0 0 0
390	3	1 1 0 0 0 1 0 1 0 0 0 1 0 0 0 0
390	10	1 1 1 1 1 0 0 1 0 0 0 1 0 0 0 0
390	10	1 1 1 0 0 0 0 1 1 0 0 0 0 0 0 0
390	11	1 1 1 1 0 0 0 1 0 1 0 1 0 0 0 0
390	6	1 1 1 0 0 1 0 1 0 0 0 0 0 0 0 0
390	6	1 0 1 0 1 0 0 1 1 0 0 1 0 0 1 0
390	11	1 1 1 0 0 0 0 1 1 1 0 0 1 0 0 1
390	7	1 1 1 1 0 0 0 1 0 0 0 0 1 0 0 0
390	3	1 1 0 0 0 0 0 0 0 0 0 0 0 0 0 0
390	18	1 1 1 1 0 1 0 1 0 0 0 0 0 0 1 0
390	9	1 1 1 0 0 1 0 1 0 0 0 1 1 0 0 0
390	6	0 0 0 1 0 0 0 1 0 0 0 1 0 0 0 0
390	8	1 0 1 0 1 0 0 1 0 0 1 1 0 0 1 0
390	3	1 1 1 0 0 0 0 0 0 0 0 0 0 0 1 0
390	1	1 1 1 1 0 0 0 1 0 0 0 1 0 0 0 1
390	15	1 1 1 1 0 1 0 1 0 1 0 1 0 0 1 0
390	2	1 1 1 1 0 1 0 1 1 0 0 1 0 0 0 1
390	2	1 1 1 1 0 1 0 1 1 0 0 0 0 0 0 0
390	14	1 1 1 1 0 0 0 1 0 0 0 0 0 0 1 0
390	11	1 0 1 0 0 1 0 1 0 0 0 1 0 0 0 0
390	2	1 1 1 1 0 0 0 1 1 1 0 0 1 0 0 1
390	1	1 1 1 1 0 0 0 1 0 0 0 0 0 0 0 0
390	5	1 1 1 1 1 0 0 0 0 0 0 1 0 0 1 0
390	4	1 1 1 1 0 0 0 0 0 0 0 1 0 0 0 1
390	4	1 1 1 0 0 0 0 0 0 0 0 0 0 0 0 0
390	4	0 0 1 1 0 0 0 1 0 0 0 0 0 0 0 0
390	4	1 1 1 0 1 1 0 1 0 1 0 1 1 0 0 1
390	10	1 1 1 1 0 0 0 0 0 0 0 0 0 0 0 0
390	1	1 1 1 1 1 0 0 1 0 1 0 0 1 1 0 0
390	14	1 1 1 0 0 0 0 1 0 0 0 1 1 0 0 0
390	2	1 1 1 0 0 1 0 0 1 0 0 0 0 0 0 1
390	1	1 1 1 0 0 0 0 1 1 1 0 0 1 1 0 1
390	6	1 1 1 1 1 0 0 1 0 0 0 0 1 0 0 0
390	2	1 1 1 0 0 1 0 1 0 1 0 1 0 0 0 1
390	7	1 1 1 0 0 0 1 1 0 0 0 0 0 0 0 0
390	3	1 1 1 0 0 1 0 0 1 1 0 0 0 0 0 0
390	3	1 1 1 0 0 0 0 0 0 0 0 0 1 0 0 0
390	3	1 1 0 0 0 0 0 1 0 0 0 0 0 0 0 0
390	1	1 1 1 1 1 0 0 1 0 0 0 0 0 0 0 0
390	3	0 1 1 1 0 0 0 1 0 0 0 1 0 0 0 0
390	10	1 0 1 1 0 0 0 1 1 1 0 0 1 0 0 1
390	3	0 1 1 0 0 0 0 1 0 0 0 1 0 0 0 1
390	4	1 1 1 1 1 0 0 0 0 0 0 1 0 0 0 0
390	2	1 1 1 1 0 1 0 1 1 1 0 0 0 0 1 0
390	2	0 1 1 0 0 0 0 1 1 0 0 0 0 0 1 0
390	1	1 1 1 0 0 1 0 1 0 1 0 0 0 0 0 0
390	4	1 0 1 0 1 0 0 1 0 0 0 1 0 0 1 0
390	3	0 0 1 0 0 1 1 0 0 0 0 0 0 0 1 0
390	1	1 1 1 1 1 1 0 1 0 1 0 1 0 0 1 0
390	2	1 0 1 0 1 0 0 1 0 0 0 0 0 0 1 0
390	1	1 0 1 1 0 0 0 1 0 1 0 0 0 0 1 0
390	2	1 1 1 0 0 1 0 1 0 1 0 0 0 0 1 0
390	1	1 1 1 0 0 1 0 1 1 0 0 1 1 1 0 0
390	4	1 1 1 0 0 0 0 1 0 0 0 1 0 0 0 1
390	2	1 1 1 1 0 1 0 1 0 0 1 1 0 0 0 0
390	1	0 0 1 1 0 0 0 1 0 0 1 1 0 0 0 0
390	2	1 1 1 0 0 0 0 1 0 1 0 0 1 0 0 0
390	5	1 1 1 0 0 0 1 1 0 0 0 0 0 0 1 0
390	2	0 0 1 0 1 1 0 0 0 0 0 1 0 0 0 0
390	3	1 1 1 1 0 1 0 1 0 0 0 1 1 0 0 1
390	1	0 1 1 0 1 0 0 1 0 0 0 1 0 0 0 0
390	1	1 1 1 1 0 0 1 0 0 0 0 1 0 0 0 0
390	3	1 1 1 1 0 0 1 1 0 1 0 0 0 0 0 0
390	2	1 0 1 0 1 1 0 1 1 0 0 1 0 0 1 0
390	1	1 1 1 0 0 1 0 0 1 1 0 1 0 0 0 0
390	5	1 1 1 0 1 0 0 1 0 0 0 1 0 0 0 0
390	1	1 1 1 1 0 0 0 1 1 1 0 0 0 0 1 0
390	2	1 1 1 0 0 0 0 1 0 1 1 1 0 0 0 0
390	1	1 1 1 0 1 1 0 1 1 0 0 1 1 0 0 0
390	1	1 0 1 1 1 0 0 1 0 0 0 1 0 0 0 0
390	1	1 0 1 0 1 0 0 1 1 0 1 1 0 0 1 0
390	3	1 0 1 0 1 0 0 1 0 0 1 1 0 0 1 1
390	1	1 1 1 0 0 0 0 0 0 0 0 1 1 0 0 0
390	1	1 1 1 1 1 0 0 1 0 0 0 0 1 0 0 1
400	13	1 1 1 0 0 0 0 1 0 0 0 1 0 0 0 0
400	38	1 1 1 0 0 0 0 1 1 0 0 1 0 0 0 0
400	130	1 1 1 0 0 0 0 1 0 0 0 0 0 0 0 0
400	11	1 1 1 0 0 1 0 1 0 0 0 1 0 0 0 0
400	7	1 1 1 1 0 1 0 1 1 1 0 1 0 0 1 0
400	21	1 1 1 0 1 0 0 1 0 0 0 0 0 0 0 0
400	9	0 0 1 1 0 0 0 1 0 0 0 1 0 0 0 0
400	8	1 1 1 1 0 0 0 1 0 0 0 1 0 0 0 0
400	25	1 1 1 1 1 0 0 1 0 0 1 1 0 0 0 0
400	3	1 1 1 1 0 0 0 1 0 1 0 0 0 0 1 0
400	8	1 1 1 1 0 0 0 1 0 0 1 1 0 0 0 0
400	85	1 1 1 1 0 1 0 1 0 0 0 1 0 0 0 0
400	37	1 1 1 1 0 1 0 1 0 0 0 1 1 0 0 0
400	19	0 1 1 0 0 0 0 1 0 0 0 1 0 0 0 0
400	12	1 1 1 0 0 0 0 1 0 0 0 0 0 0 1 0
400	7	1 1 1 0 1 1 0 1 0 1 0 1 0 0 0 1
400	122	1 1 1 1 0 0 0 0 0 0 0 1 0 0 0 0
400	2	1 1 1 0 0 1 0 0 1 0 0 0 0 0 0 0
400	14	1 1 1 1 0 1 0 1 0 1 0 0 0 0 1 0
400	4	1 0 1 0 0 0 0 1 0 0 0 0 0 0 0 0
400	20	1 1 1 0 0 0 0 0 1 0 1 1 0 0 0 0
400	5	1 0 1 1 0 0 0 1 0 0 0 1 0 0 1 0
400	6	1 1 1 0 0 1 0 1 1 0 0 1 1 0 0 0
400	5	0 1 1 0 0 0 0 1 0 0 0 0 0 0 1 0
400	1	0 0 1 0 0 1 1 0 0 0 0 1 0 0 0 1
400	13	1 1 1 1 0 0 0 1 0 1 0 0 0 0 0 0
400	23	1 1 1 1 1 0 0 1 0 1 0 0 1 0 0 0
400	7	1 1 1 1 1 1 0 1 0 0 0 1 1 0 0 0
400	5	1 1 1 1 1 0 0 1 0 0 0 1 0 0 0 0
400	14	1 1 1 0 0 0 0 1 1 0 0 0 0 0 0 0
400	15	1 1 1 1 0 0 0 1 0 1 0 1 0 0 0 0
400	8	1 1 1 0 0 1 0 1 0 0 0 0 0 0 0 0
400	5	1 0 1 0 1 0 0 1 1 0 0 1 0 0 1 0
400	2	1 1 1 0 0 0 0 1 1 1 0 0 1 0 0 1
400	5	1 1 1 1 0 1 0 1 0 0 0 0 0 0 1 0
400	1	1 1 1 0 0 1 0 1 0 0 0 1 1 0 0 0
400	16	1 1 1 0 0 0 0 0 0 0 0 0 0 0 1 0
400	15	1 1 1 1 0 0 0 1 0 0 0 1 0 0 0 1
400	13	1 1 1 1 0 1 0 1 0 1 0 1 0 0 1 0
400	12	1 0 1 0 0 1 0 1 0 0 0 1 0 0 0 0
400	4	1 1 1 1 0 0 0 0 0 0 0 1 0 0 0 1
400	5	1 1 1 0 0 0 0 0 0 0 0 0 0 0 0 0
400	5	1 1 1 1 0 0 0 0 0 0 0 0 0 0 0 0
400	10	1 1 1 0 0 0 0 1 0 0 0 1 1 0 0 0
400	6	1 1 1 0 0 1 0 0 1 0 0 0 0 0 0 1
400	11	1 1 1 1 1 0 0 1 0 0 0 0 1 0 0 0
400	4	1 1 1 0 0 0 0 0 0 0 0 0 1 0 0 0
400	2	1 0 1 1 0 0 0 1 1 1 0 0 1 0 0 1
400	1	1 1 1 1 0 1 0 1 1 1 0 0 0 0 1 0
400	12	1 0 1 0 1 0 0 1 0 0 0 1 0 0 1 0
400	3	1 1 1 1 0 1 0 1 0 0 1 1 0 0 0 0
400	5	0 0 1 1 0 0 0 1 0 0 1 1 0 0 0 0
400	4	0 0 1 0 1 1 0 0 0 0 0 1 0 0 0 0
400	2	1 1 1 1 0 0 1 0 0 0 0 1 0 0 0 0
400	2	1 1 1 0 0 1 0 0 1 1 0 1 0 0 0 0
400	5	1 1 1 0 1 0 0 1 0 0 0 1 0 0 0 0
400	23	1 1 1 1 0 0 0 1 1 1 0 0 0 0 1 0
400	2	1 1 1 1 0 0 0 0 0 0 0 0 0 0 1 0
400	3	0 0 0 1 0 0 0 1 0 0 0 1 1 0 0 0
400	2	1 1 1 0 0 0 0 0 0 0 0 0 1 1 0 0
400	37	1 1 1 0 0 0 0 0 1 0 0 0 0 0 0 0
400	1	1 0 1 1 0 0 0 1 0 0 0 1 0 0 0 0
400	3	0 1 1 1 0 0 0 0 0 0 0 1 0 0 0 0
400	1	0 1 1 0 0 0 0 1 0 0 0 1 1 0 0 0
400	3	1 0 1 0 0 1 0 1 1 0 0 1 1 0 0 0
400	5	1 1 1 1 0 0 0 1 0 1 0 1 0 0 1 0
400	2	1 1 0 0 0 0 0 1 0 0 0 1 0 0 0 0
400	6	1 1 0 1 0 1 0 1 0 0 0 1 0 0 0 0
400	1	0 1 1 0 0 1 0 1 0 0 0 1 0 0 0 0
400	3	1 1 1 1 0 0 0 1 0 0 0 0 1 0 1 0
400	6	0 1 1 0 0 0 0 1 0 0 0 0 0 0 0 0
400	5	1 1 1 0 0 0 0 0 1 0 1 1 1 0 0 0
400	1	0 1 1 1 1 0 0 0 0 0 0 1 0 0 0 0
400	3	1 1 1 0 0 0 0 1 0 0 0 1 0 0 1 0
400	3	1 1 1 0 0 0 0 0 0 0 0 1 0 0 0 0
400	2	1 1 1 0 0 0 0 1 0 0 1 1 0 0 0 0
400	3	1 1 1 0 0 1 0 1 0 0 1 1 1 0 1 0
400	1	1 1 1 0 0 0 1 1 1 0 0 1 0 0 0 0
400	1	1 1 1 1 0 0 0 0 1 0 0 1 0 0 0 0
400	1	1 0 0 0 0 1 0 1 0 0 0 1 0 0 0 0
400	3	0 1 1 0 0 0 0 0 0 0 1 0 1 1 0 0
400	1	1 1 1 1 1 0 0 0 0 0 0 0 1 0 0 0
400	1	1 1 1 0 0 0 0 1 0 0 0 1 0 0 0 1
400	1	1 0 1 1 0 1 0 1 0 0 0 1 0 0 0 0
400	3	1 1 1 0 0 0 1 1 0 0 0 1 0 0 0 0
400	1	1 1 1 0 0 0 0 1 0 0 0 0 0 1 0 0
400	6	1 1 1 0 0 1 0 1 0 1 0 1 0 0 0 0
400	1	1 1 1 1 0 0 1 1 0 0 1 1 0 0 0 0
400	1	1 1 1 1 0 1 0 1 0 0 0 1 0 0 1 0
400	3	1 1 1 1 0 1 0 1 0 1 0 0 0 0 1 1
400	1	1 1 1 1 0 1 0 1 1 0 1 1 0 0 0 0
400	1	1 1 1 1 0 1 0 1 1 0 0 1 1 0 0 0
400	1	1 1 1 1 0 1 0 1 0 1 0 0 0 0 0 0
400	3	1 1 1 1 0 1 0 1 0 0 0 1 0 0 0 1
400	2	1 0 1 1 0 0 0 1 0 1 0 0 1 0 0 0
400	2	1 1 1 1 0 1 0 0 0 0 0 1 0 0 0 0
400	1	1 1 1 1 0 0 0 1 0 1 0 0 0 0 0 1
400	2	0 1 1 0 0 1 0 1 0 0 1 1 0 0 0 0
400	1	1 1 0 0 0 0 0 1 0 0 0 1 1 0 0 0
