polymorphic_index,HXB2_index,nucleotide,TF,consensus,epitope,escape,sc_MPL,tc_MPL,f_at_0,f_at_28,f_at_63,f_at_172,xp_at_0,xp_at_28,xp_at_63,xp_at_172
10,5558,A,G,G,EDRWNKPQK,True,-0.00018495449,0.04362402,0.0,0.0,0.037037,0.2,0.000000,0.000000,0.111111,1.000000
11,5569,T,C,C,EDRWNKPQK,True,0.01126555,0.04362402,0.0,0.0,0.074074,0.1,0.000000,0.000000,0.111111,1.000000
12,5570,T,C,C,EDRWNKPQK,True,-0.0019409834,0.04362402,0.0,0.0,0.0,0.6,0.000000,0.000000,0.111111,1.000000
13,5573,G,A,A,EDRWNKPQK,True,0.003681276,0.04362402,0.0,0.0,0.0,0.1,0.000000,0.000000,0.111111,1.000000
14,5575,G,A,A,EDRWNKPQK,True,0.0003030901,0.04362402,0.0,0.0,0.0,0.1,0.000000,0.000000,0.111111,1.000000
120,8449,A,G,G,RNRSIRLVN,True,0.0021953709999999,0.07463384,0.0,0.66667,0.11111,0.1,0.000000,0.916667,0.296296,0.100000
121,8451,G,A,G,RNRSIRLVN,True,0.0041039349999999,0.07463384,0.0,0.083333,0.074074,0.0,0.000000,0.916667,0.296296,0.100000
122,8456,C,A,A,RNRSIRLVN,True,4.415912e-05,0.07463384,0.0,0.083333,0.0,0.0,0.000000,0.916667,0.296296,0.100000
123,8458,T,C,C,RNRSIRLVN,True,0.008306447,0.07463384,0.0,0.083333,0.11111,0.0,0.000000,0.916667,0.296296,0.100000
134,8625,A,C,C,LVQDWGLEL,True,0.0004391014,0.00646358,0.0,0.0,0.037037,0.0,0.000000,0.000000,0.074074,1.000000
135,8628,A,G,T,LVQDWGLEL,True,-0.00130995596,0.00646358,0.0,0.0,0.0,0.3,0.000000,0.000000,0.074074,1.000000
135,8628,T,G,T,LVQDWGLEL,True,0.00138389304,0.00646358,0.0,0.0,0.0,0.3,0.000000,0.000000,0.074074,1.000000
136,8629,G,A,A,LVQDWGLEL,True,0.0031476279,0.00646358,0.0,0.0,0.0,0.1,0.000000,0.000000,0.074074,1.000000
136,8629,T,A,A,LVQDWGLEL,True,-0.0007300091,0.00646358,0.0,0.0,0.0,0.3,0.000000,0.000000,0.074074,1.000000
137,8644,A,T,T,LVQDWGLEL,True,-0.0009789161,0.00646358,0.0,0.0,0.037037,0.0,0.000000,0.000000,0.074074,1.000000
159,9368,G,A,G,QLAHRHMAR,True,0.0005127191,0.04766126,0.0,0.0,0.0,0.1,0.000000,0.000000,0.518519,0.900000
160,9371,A,G,G,QLAHRHMAR,True,0.008896006,0.04766126,0.0,0.0,0.51852,0.8,0.000000,0.000000,0.518519,0.900000
