polymorphic_index,HXB2_index,nucleotide,TF,consensus,epitope,escape,sc_MPL,tc_MPL,f_at_0,f_at_21,f_at_60,f_at_172,xp_at_0,xp_at_21,xp_at_60,xp_at_172
20,5998,G,A,A,DETLLQAVR,True,-0.010789331,0.1103427,0.11111,0.0,0.16667,0.0,0.222222,0.882353,1.000000,1.000000
21,6000,G,A,G,DETLLQAVR,True,0.03249103,0.1103427,0.11111,0.88235,0.83333,1.0,0.222222,0.882353,1.000000,1.000000
51,6736,A,G,A,KQRVHALFY,True,0.007748407,0.009834545,0.0,0.0,0.16667,0.58333,0.000000,0.058824,0.166667,0.583333
52,6757,A,G,G,KQRVHALFY,True,-0.005897499,0.009834545,0.0,0.058824,0.0,0.0,0.000000,0.058824,0.166667,0.583333
396,8133,-,A,A,NYTDIIYRL,True,0.0008754406,0.02779621,0.0,0.058824,0.0,0.0,0.000000,0.058824,0.000000,1.000000
397,8134,-,A,A,NYTDIIYRL,True,0.0008754406,0.02779621,0.0,0.058824,0.0,0.0,0.000000,0.058824,0.000000,1.000000
398,8135,-,T,T,NYTDIIYRL,True,0.000732443,0.02779621,0.0,0.058824,0.0,0.0,0.000000,0.058824,0.000000,1.000000
399,8144,A,T,C,NYTDIIYRL,True,0.0016470807,0.02779621,0.0,0.0,0.0,0.083333,0.000000,0.058824,0.000000,1.000000
400,8146,C,T,C,NYTDIIYRL,True,0.003744656,0.02779621,0.0,0.0,0.0,0.91667,0.000000,0.058824,0.000000,1.000000
