polymorphic_index,HXB2_index,nucleotide,TF,consensus,epitope,escape,sc_MPL,tc_MPL,f_at_0,f_at_14,f_at_28,f_at_70,f_at_183,xp_at_0,xp_at_14,xp_at_28,xp_at_70,xp_at_183
264,8988,C,A,A,EEVGFPVRPQV,True,6.241703e-05,0.08651365,0.0,0.0,0.0,0.043478,0.0,0.000000,0.000000,0.000000,0.956522,1.000000
265,8988a,A,G,G,EEVGFPVRPQV,True,0.00626223,0.08651365,0.0,0.0,0.0,0.3913,0.0,0.000000,0.000000,0.000000,0.956522,1.000000
266,8988b,G,A,A,EEVGFPVRPQV,True,0.003466202,0.08651365,0.0,0.0,0.0,0.13043,0.27273,0.000000,0.000000,0.000000,0.956522,1.000000
267,8990,G,A,A,EEVGFPVRPQV,True,0.004621823,0.08651365,0.0,0.0,0.0,0.3913,0.72727,0.000000,0.000000,0.000000,0.956522,1.000000
268,8991,C,A,A,EEVGFPVRPQV,True,0.0019295497,0.08651365,0.0,0.0,0.0,0.043478,0.0,0.000000,0.000000,0.000000,0.956522,1.000000
