polymorphic_index,HXB2_index,nucleotide,TF,consensus,epitope,escape,sc_MPL,tc_MPL,f_at_0,f_at_21,f_at_77,f_at_179,xp_at_0,xp_at_21,xp_at_77,xp_at_179
15,1979,G,A,A,GKEGHIAKN,True,-0.0006073226,0.1088901,0.0,0.0,0.75,0.0,0.000000,0.000000,1.000000,1.000000
16,1990,C,A,A,GKEGHIAKN,True,-0.0003024779299999,0.1088901,0.0,0.0,0.25,0.0,0.000000,0.000000,1.000000,1.000000
17,1997,G,A,G,GKEGHIAKN,True,0.0205895499999999,0.1088901,0.0,0.0,0.0,1.0,0.000000,0.000000,1.000000,1.000000
