polymorphic_index,HXB2_index,nucleotide,TF,epitope,escape,sc_MPL,pc_MPL,f_at_0,f_at_13,f_at_41,f_at_69,f_at_174,xp_at_0,xp_at_13,xp_at_41,xp_at_69,xp_at_174
0,5096,G,A,RIKTWKSLVK,True,-0.003612,0.07800147,0.0,0.0,0.035714,0.0,0.08,0.000000,0.000000,0.071429,0.956522,1.000000
1,5097,T,A,RIKTWKSLVK,True,0.029245,0.07800147,0.0,0.0,0.0,0.95652,0.92,0.000000,0.000000,0.071429,0.956522,1.000000
2,5106,C,A,RIKTWKSLVK,True,-0.0133,0.07800147,0.0,0.0,0.035714,0.0,0.0,0.000000,0.000000,0.071429,0.956522,1.000000
3,5107,G,A,RIKTWKSLVK,True,-0.010059,0.07800147,0.0,0.0,0.035714,0.0,0.0,0.000000,0.000000,0.071429,0.956522,1.000000
238,8776,C,T,RQGLERALI,True,-0.001013,0.03812698,0.0,0.0,0.0,0.0,0.04,0.000000,0.000000,0.000000,0.000000,0.920000
239,8784,A,G,RQGLERALI,True,0.006433,0.03812698,0.0,0.0,0.0,0.0,0.76,0.000000,0.000000,0.000000,0.000000,0.920000
240,8785,T,C,RQGLERALI,True,0.000721,0.03812698,0.0,0.0,0.0,0.0,0.08,0.000000,0.000000,0.000000,0.000000,0.920000
241,8789,T,A,RQGLERALI,True,0.001439,0.03812698,0.0,0.0,0.0,0.0,0.04,0.000000,0.000000,0.000000,0.000000,0.920000
271,9359,A,G,RLAYQHIAKEK,True,-0.003447,0.1492097,0.0,0.071429,0.14286,0.043478,0.0,0.000000,0.071429,1.000000,1.000000,1.000000
271,9359,T,G,RLAYQHIAKEK,True,0.004841,0.1492097,0.0,0.0,0.28571,0.0,0.04,0.000000,0.071429,1.000000,1.000000,1.000000
272,9370,A,C,RLAYQHIAKEK,True,0.001039,0.1492097,0.0,0.0,0.071429,0.0,0.04,0.000000,0.071429,1.000000,1.000000,1.000000
273,9383,G,A,RLAYQHIAKEK,True,0.029113,0.1492097,0.0,0.0,0.57143,1.0,1.0,0.000000,0.071429,1.000000,1.000000,1.000000
