polymorphic_index,HXB2_index,nucleotide,TF,epitope,escape,sc_MPL,pc_MPL,f_at_0,f_at_13,f_at_41,f_at_69,f_at_174,xp_at_0,xp_at_13,xp_at_41,xp_at_69,xp_at_174
108,3931,A,G,RGRQKVVSL,True,-0.010055,0.03336002,0.0,0.0,0.0,0.9,0.11111,0.000000,0.000000,0.000000,0.900000,1.000000
109,3939,A,C,RGRQKVVSL,True,0.002925,0.03336002,0.0,0.0,0.0,0.0,0.11111,0.000000,0.000000,0.000000,0.900000,1.000000
110,3946,C,T,RGRQKVVSL,True,0.002432,0.03336002,0.0,0.0,0.0,0.0,0.11111,0.000000,0.000000,0.000000,0.900000,1.000000
111,3951,C,T,RGRQKVVSL,True,0.010693,0.03336002,0.0,0.0,0.0,0.0,0.66667,0.000000,0.000000,0.000000,0.900000,1.000000
