polymorphic_index,HXB2_index,nucleotide,TF,epitope,escape,sc_MPL,pc_MPL,f_at_0,f_at_28,f_at_63,f_at_172,xp_at_0,xp_at_28,xp_at_63,xp_at_172
10,5558,A,G,EDRWNKPQK,True,-0.003944,0.03174154,0.0,0.0,0.037037,0.2,0.000000,0.000000,0.111111,0.400000
11,5569,T,C,EDRWNKPQK,True,0.012394,0.03174154,0.0,0.0,0.074074,0.1,0.000000,0.000000,0.111111,0.400000
13,5573,G,A,EDRWNKPQK,True,0.001618,0.03174154,0.0,0.0,0.0,0.1,0.000000,0.000000,0.111111,0.400000
14,5575,G,A,EDRWNKPQK,True,-0.000835,0.03174154,0.0,0.0,0.0,0.1,0.000000,0.000000,0.111111,0.400000
120,8449,A,G,RNRSIRLVN,True,0.003468,0.0673301,0.0,0.66667,0.11111,0.1,0.000000,0.916667,0.296296,0.100000
121,8451,G,A,RNRSIRLVN,True,0.002403,0.0673301,0.0,0.083333,0.074074,0.0,0.000000,0.916667,0.296296,0.100000
122,8456,C,A,RNRSIRLVN,True,0.000944,0.0673301,0.0,0.083333,0.0,0.0,0.000000,0.916667,0.296296,0.100000
123,8458,T,C,RNRSIRLVN,True,0.006537,0.0673301,0.0,0.083333,0.11111,0.0,0.000000,0.916667,0.296296,0.100000
134,8625,A,C,LVQDWGLEL,True,0.000638,0.01762679,0.0,0.0,0.037037,0.0,0.000000,0.000000,0.074074,1.000000
135,8628,A,G,LVQDWGLEL,True,0.000714,0.01762679,0.0,0.0,0.0,0.3,0.000000,0.000000,0.074074,1.000000
135,8628,T,G,LVQDWGLEL,True,0.006087,0.01762679,0.0,0.0,0.0,0.3,0.000000,0.000000,0.074074,1.000000
136,8629,G,A,LVQDWGLEL,False,0.001505,0.01762679,0.0,0.0,0.0,0.1,0.000000,0.000000,0.074074,1.000000
136,8629,T,A,LVQDWGLEL,True,-0.001025,0.01762679,0.0,0.0,0.0,0.3,0.000000,0.000000,0.074074,1.000000
137,8644,A,T,LVQDWGLEL,True,-0.002037,0.01762679,0.0,0.0,0.037037,0.0,0.000000,0.000000,0.074074,1.000000
