polymorphic_index,HXB2_index,nucleotide,TF,epitope,escape,sc_MPL,pc_MPL,f_at_0,f_at_28,f_at_63,f_at_172,xp_at_0,xp_at_28,xp_at_63,xp_at_172
77,3280,C,T,PIQLPEKDS,True,-0.014418,0.04788216,0.0,0.0,0.033333,0.0,0.000000,0.000000,0.066667,0.615385
78,3282,A,C,PIQLPEKDS,True,0.002459,0.04788216,0.0,0.0,0.0,0.076923,0.000000,0.000000,0.066667,0.615385
79,3283,T,A,PIQLPEKDS,True,0.029078,0.04788216,0.0,0.0,0.0,0.38462,0.000000,0.000000,0.066667,0.615385
80,3300,T,A,PIQLPEKDS,True,-0.007045,0.04788216,0.0,0.0,0.033333,0.0,0.000000,0.000000,0.066667,0.615385
81,3301,A,G,PIQLPEKDS,True,-0.000319,0.04788216,0.0,0.0,0.0,0.15385,0.000000,0.000000,0.066667,0.615385
