polymorphic_index,HXB2_index,nucleotide,TF,epitope,escape,sc_MPL,pc_MPL,f_at_0,f_at_21,f_at_60,f_at_172,xp_at_0,xp_at_21,xp_at_60,xp_at_172
396,8133,-,A,NYTDIIYRL,True,0.00032,0.02745687,0.0,0.058824,0.0,0.0,0.000000,0.058824,0.000000,1.000000
397,8134,-,A,NYTDIIYRL,True,0.00032,0.02745687,0.0,0.058824,0.0,0.0,0.000000,0.058824,0.000000,1.000000
398,8135,-,T,NYTDIIYRL,True,0.000177,0.02745687,0.0,0.058824,0.0,0.0,0.000000,0.058824,0.000000,1.000000
399,8144,A,T,NYTDIIYRL,True,0.001759,0.02745687,0.0,0.0,0.0,0.083333,0.000000,0.058824,0.000000,1.000000
400,8146,C,T,NYTDIIYRL,True,0.004127,0.02745687,0.0,0.0,0.0,0.91667,0.000000,0.058824,0.000000,1.000000
