polymorphic_index,HXB2_index,nucleotide,TF,epitope,escape,sc_MPL,pc_MPL,f_at_0,f_at_21,f_at_77,f_at_179,xp_at_0,xp_at_21,xp_at_77,xp_at_179
15,1979,G,A,GKEGHIAKN,True,0.003097,0.07751163,0.0,0.0,0.75,0.0,0.000000,0.000000,1.000000,1.000000
16,1990,C,A,GKEGHIAKN,True,0.00037,0.07751163,0.0,0.0,0.25,0.0,0.000000,0.000000,1.000000,1.000000
17,1997,G,A,GKEGHIAKN,True,0.011834,0.07751163,0.0,0.0,0.0,1.0,0.000000,0.000000,1.000000,1.000000
19,2361,C,A,EEMNLTGKW,True,0.001725,0.05592229,0.0,0.0,0.0,0.125,0.000000,0.000000,0.000000,1.000000
20,2362,G,A,EEMNLTGKW,True,0.004046,0.05592229,0.0,0.0,0.0,0.25,0.000000,0.000000,0.000000,1.000000
21,2367,G,A,EEMNLTGKW,True,0.003703,0.05592229,0.0,0.0,0.0,0.25,0.000000,0.000000,0.000000,1.000000
22,2374,G,A,EEMNLTGKW,True,0.001495,0.05592229,0.0,0.0,0.0,0.5,0.000000,0.000000,0.000000,1.000000
