polymorphic_index,HXB2_index,nucleotide,TF,epitope,escape,sc_MPL,pc_MPL,f_at_0,f_at_14,f_at_28,f_at_70,f_at_183,xp_at_0,xp_at_14,xp_at_28,xp_at_70,xp_at_183
23,5915,C,A,NCYCKMCSY,True,0.016985,0.07667652,0.0,0.0,0.0,0.043478,1.0,0.000000,0.405405,0.700000,1.000000,1.000000
24,5916,G,T,NCYCKMCSY,False,0.024736,0.07667652,0.0,0.32432,0.7,1.0,1.0,0.000000,0.405405,0.700000,1.000000,1.000000
25,5917,T,G,NCYCKMCSY,True,0.015787,0.07667652,0.0,0.40541,0.7,1.0,1.0,0.000000,0.405405,0.700000,1.000000,1.000000
51,6858,-,C,SFDPIPIHY,True,0.002172,-0.002553867,0.0,0.027027,0.0,0.0,0.0,0.000000,0.027027,0.000000,0.000000,0.000000
52,6859,-,C,SFDPIPIHY,True,0.002172,-0.002553867,0.0,0.027027,0.0,0.0,0.0,0.000000,0.027027,0.000000,0.000000,0.000000
53,6860,-,A,SFDPIPIHY,True,0.002353,-0.002553867,0.0,0.027027,0.0,0.0,0.0,0.000000,0.027027,0.000000,0.000000,0.000000
54,6861,-,A,SFDPIPIHY,True,0.002353,-0.002553867,0.0,0.027027,0.0,0.0,0.0,0.000000,0.027027,0.000000,0.000000,0.000000
55,6862,-,T,SFDPIPIHY,True,0.0022,-0.002553867,0.0,0.027027,0.0,0.0,0.0,0.000000,0.027027,0.000000,0.000000,0.000000
56,6863,-,T,SFDPIPIHY,True,0.0022,-0.002553867,0.0,0.027027,0.0,0.0,0.0,0.000000,0.027027,0.000000,0.000000,0.000000
264,8988,C,A,EEVGFPVRPQV,True,6.4e-05,0.08345597,0.0,0.0,0.0,0.043478,0.0,0.000000,0.000000,0.000000,0.956522,1.000000
265,8988a,A,G,EEVGFPVRPQV,True,0.006282,0.08345597,0.0,0.0,0.0,0.3913,0.0,0.000000,0.000000,0.000000,0.956522,1.000000
266,8988b,G,A,EEVGFPVRPQV,True,0.00335,0.08345597,0.0,0.0,0.0,0.13043,0.27273,0.000000,0.000000,0.000000,0.956522,1.000000
267,8990,G,A,EEVGFPVRPQV,True,0.004621,0.08345597,0.0,0.0,0.0,0.3913,0.72727,0.000000,0.000000,0.000000,0.956522,1.000000
268,8991,C,A,EEVGFPVRPQV,True,0.001939,0.08345597,0.0,0.0,0.0,0.043478,0.0,0.000000,0.000000,0.000000,0.956522,1.000000
