polymorphic_index,HXB2_index,nucleotide,TF,epitope,sc_old,sc_MPL,pc_MPL,f_at_0,f_at_13,f_at_41,f_at_69,f_at_174,f_at_420,f_at_454,xp_at_0,xp_at_13,xp_at_41,xp_at_69,xp_at_174,xp_at_420,xp_at_454
23,1069,G,A,DIKDTKEAL,0.008126000000000001,0.005098,0.01372897,0.0,0.0,0.0,0.0,0.0,1.0,1.0,0.000000,0.000000,0.000000,0.000000,0.111111,1.000000,1.000000
24,1072,C,A,DIKDTKEAL,0.000426,-0.000393,0.01372897,0.0,0.0,0.0,0.0,0.0,0.1,0.1,0.000000,0.000000,0.000000,0.000000,0.111111,1.000000,1.000000
25,1082,G,A,DIKDTKEAL,0.00063,-0.001994,0.01372897,0.0,0.0,0.0,0.0,0.11111,0.0,0.0,0.000000,0.000000,0.000000,0.000000,0.111111,1.000000,1.000000
78,2236,A,C,ELYPMTSLK,0.003442,0.000951,0.006160048,0.0,0.0,0.0,0.0,0.22222,0.0,0.0,0.000000,0.000000,0.034483,0.000000,0.222222,0.100000,0.100000
79,2249,A,C,ELYPMTSLK,-0.00020899999999999998,-0.0010279999999999998,0.006160048,0.0,0.0,0.0,0.0,0.0,0.1,0.1,0.000000,0.000000,0.034483,0.000000,0.222222,0.100000,0.100000
81,2258,G,A,ELYPMTSLK,0.002916,0.002204,0.006160048,0.0,0.0,0.034483,0.0,0.0,0.0,0.0,0.000000,0.000000,0.034483,0.000000,0.222222,0.100000,0.100000
149,3931,A,G,RGRQKVVSL,0.004952000000000001,-0.010835,0.03536489,0.0,0.0,0.0,0.9,0.11111,0.0,0.0,0.000000,0.000000,0.000000,0.900000,1.000000,1.000000,1.000000
150,3939,A,C,RGRQKVVSL,0.003672,0.0022760000000000002,0.03536489,0.0,0.0,0.0,0.0,0.11111,0.0,0.0,0.000000,0.000000,0.000000,0.900000,1.000000,1.000000,1.000000
151,3946,C,T,RGRQKVVSL,0.003667,0.001667,0.03536489,0.0,0.0,0.0,0.0,0.11111,0.0,0.0,0.000000,0.000000,0.000000,0.900000,1.000000,1.000000,1.000000
152,3951,C,T,RGRQKVVSL,0.018539,0.011133,0.03536489,0.0,0.0,0.0,0.0,0.66667,1.0,1.0,0.000000,0.000000,0.000000,0.900000,1.000000,1.000000,1.000000
