polymorphic_index,HXB2_index,nucleotide,TF,epitope,sc_old,sc_MPL,pc_MPL,f_at_0,f_at_9,f_at_14,f_at_21,xp_at_0,xp_at_9,xp_at_14,xp_at_21
198,9111,C,A,KRREILDLWVY,0.008489,0.007949,0.2584212,0.0,0.0,0.0,0.043478,0.310345,0.800000,1.000000,1.000000
199,9116,A,G,KRREILDLWVY,0.052898,0.021057,0.2584212,0.2069,0.2,0.25,0.43478,0.310345,0.800000,1.000000,1.000000
200,9122,C,T,KRREILDLWVY,0.009214,0.002787,0.2584212,0.0,0.0,0.125,0.0,0.310345,0.800000,1.000000,1.000000
201,9137,C,T,KRREILDLWVY,0.004471,0.001438,0.2584212,0.0,0.0,0.0625,0.0,0.310345,0.800000,1.000000,1.000000
202,9139,C,T,KRREILDLWVY,0.03999,0.018321,0.2584212,0.10345,0.6,0.5625,0.52174,0.310345,0.800000,1.000000,1.000000
