polymorphic_index,HXB2_index,nucleotide,TF,epitope,sc_old,sc_MPL,pc_MPL,f_at_0,f_at_13,f_at_41,f_at_69,f_at_174,f_at_420,xp_at_0,xp_at_13,xp_at_41,xp_at_69,xp_at_174,xp_at_420
0,5096,G,A,RIKTWKSLVK,0.01433,-0.001029,0.08197109,0.0,0.0,0.035714,0.0,0.08,0.090909,0.000000,0.000000,0.071429,0.956522,1.000000,1.000000
1,5097,T,A,RIKTWKSLVK,0.05475700000000001,0.027448,0.08197109,0.0,0.0,0.0,0.95652,0.92,0.90909,0.000000,0.000000,0.071429,0.956522,1.000000,1.000000
2,5106,C,A,RIKTWKSLVK,-0.004825,-0.014368,0.08197109,0.0,0.0,0.035714,0.0,0.0,0.0,0.000000,0.000000,0.071429,0.956522,1.000000,1.000000
3,5107,G,A,RIKTWKSLVK,-0.00145,-0.010412000000000001,0.08197109,0.0,0.0,0.035714,0.0,0.0,0.0,0.000000,0.000000,0.071429,0.956522,1.000000,1.000000
302,8776,C,T,RQGLERALI,0.0020629999999999997,-0.002001,0.03277988,0.0,0.0,0.0,0.0,0.04,0.0,0.000000,0.000000,0.000000,0.000000,0.920000,1.000000
303,8784,A,G,RQGLERALI,0.021113,0.004054,0.03277988,0.0,0.0,0.0,0.0,0.76,0.45455,0.000000,0.000000,0.000000,0.000000,0.920000,1.000000
304,8785,T,C,RQGLERALI,0.006572,0.001411,0.03277988,0.0,0.0,0.0,0.0,0.08,0.54545,0.000000,0.000000,0.000000,0.000000,0.920000,1.000000
305,8789,T,A,RQGLERALI,0.003965,0.0015869999999999999,0.03277988,0.0,0.0,0.0,0.0,0.04,0.0,0.000000,0.000000,0.000000,0.000000,0.920000,1.000000
352,9359,A,G,RLAYQHIAKEK,0.028722,-0.002104,0.1475855,0.0,0.07142899999999999,0.14286,0.043478,0.0,0.0,0.000000,0.071429,1.000000,1.000000,1.000000,1.000000
352,9359,T,G,RLAYQHIAKEK,0.029613999999999998,0.007167,0.1475855,0.0,0.0,0.28571,0.0,0.04,0.63636,0.000000,0.071429,1.000000,1.000000,1.000000,1.000000
353,9370,A,C,RLAYQHIAKEK,-0.000218,-0.000288,0.1475855,0.0,0.0,0.07142899999999999,0.0,0.04,0.0,0.000000,0.071429,1.000000,1.000000,1.000000,1.000000
355,9383,G,A,RLAYQHIAKEK,0.072137,0.029539,0.1475855,0.0,0.0,0.57143,1.0,1.0,1.0,0.000000,0.071429,1.000000,1.000000,1.000000,1.000000
