polymorphic_index,HXB2_index,nucleotide,TF,epitope,sc_old,sc_MPL,pc_MPL,f_at_0,f_at_16,f_at_45,f_at_111,f_at_181,f_at_283,f_at_412,f_at_552,xp_at_0,xp_at_16,xp_at_45,xp_at_111,xp_at_181,xp_at_283,xp_at_412,xp_at_552
18,5404,G,A,AIRKAILGR,0.00477,-0.004615,0.03010322,0.0,0.0,0.0,0.0,0.0,0.81818,0.75,0.41667,0.000000,0.000000,0.000000,0.111111,0.714286,0.818182,0.750000,0.416667
19,5405,C,A,AIRKAILGR,0.006987999999999999,0.0007559999999999999,0.03010322,0.0,0.0,0.0,0.0,0.57143,0.0,0.0,0.0,0.000000,0.000000,0.000000,0.111111,0.714286,0.818182,0.750000,0.416667
20,5410,C,A,AIRKAILGR,0.017052,0.011643,0.03010322,0.0,0.0,0.0,0.11111,0.0,0.0,0.0,0.16667,0.000000,0.000000,0.000000,0.111111,0.714286,0.818182,0.750000,0.416667
21,5413,G,T,AIRKAILGR,0.003382,0.002091,0.03010322,0.0,0.0,0.0,0.0,0.14286,0.0,0.0,0.0,0.000000,0.000000,0.000000,0.111111,0.714286,0.818182,0.750000,0.416667
257,8745,T,C,RACRAILHI,0.007937,0.005027,0.01441989,0.0,0.0,0.0,0.11111,0.0,0.0,0.083333,0.0,0.000000,0.000000,0.000000,0.111111,0.000000,0.090909,0.166667,0.000000
258,8746,G,T,RACRAILHI,-0.008151,-0.012240000000000001,0.01441989,0.0,0.0,0.0,0.0,0.0,0.0,0.16667,0.0,0.000000,0.000000,0.000000,0.111111,0.000000,0.090909,0.166667,0.000000
259,8752,C,T,RACRAILHI,0.01026,0.010195000000000001,0.01441989,0.0,0.0,0.0,0.0,0.0,0.090909,0.0,0.0,0.000000,0.000000,0.000000,0.111111,0.000000,0.090909,0.166667,0.000000
286,9359,A,G,SSLAFRHVAR,0.010892,0.012887000000000001,-0.01554071,0.0,0.0,0.14286,0.11111,0.0,0.72727,0.41667,0.25,0.750000,0.444444,0.928571,1.000000,1.000000,1.000000,1.000000,1.000000
287,9360,A,C,SSLAFRHVAR,-0.00091,0.002945,-0.01554071,0.0,0.11111,0.0,0.0,0.0,0.0,0.0,0.0,0.750000,0.444444,0.928571,1.000000,1.000000,1.000000,1.000000,1.000000
287,9360,G,C,SSLAFRHVAR,-0.017598,-0.014823,-0.01554071,0.125,0.0,0.0,0.0,0.0,0.0,0.0,0.0,0.750000,0.444444,0.928571,1.000000,1.000000,1.000000,1.000000,1.000000
288,9371,A,G,SSLAFRHVAR,-0.0025039999999999997,0.002208,-0.01554071,0.25,0.33333,0.0,0.44444,0.0,0.0,0.0,0.0,0.750000,0.444444,0.928571,1.000000,1.000000,1.000000,1.000000,1.000000
290,9377,A,T,SSLAFRHVAR,-0.019154,-0.01795,-0.01554071,0.125,0.0,0.0,0.0,0.0,0.0,0.0,0.0,0.750000,0.444444,0.928571,1.000000,1.000000,1.000000,1.000000,1.000000
291,9383,A,G,SSLAFRHVAR,-0.00148,0.001697,-0.01554071,0.25,0.0,0.78571,0.44444,1.0,0.27273000000000003,0.58333,0.75,0.750000,0.444444,0.928571,1.000000,1.000000,1.000000,1.000000,1.000000
