polymorphic_index,HXB2_index,nucleotide,TF,epitope,sc_old,sc_MPL,pc_MPL,f_at_0,f_at_8,f_at_45,f_at_85,xp_at_0,xp_at_8,xp_at_45,xp_at_85
60,7980,C,T,ERYLRDQQL,0.027222000000000003,0.004058,0.08520222,0.0,0.16667,0.33333,0.33333,0.000000,0.333333,0.888889,0.888889
61,7986,G,A,ERYLRDQQL,0.021665,-0.010806,0.08520222,0.0,0.16667,0.22222,0.11111,0.000000,0.333333,0.888889,0.888889
62,7987,A,G,ERYLRDQQL,0.037607,0.023675,0.08520222,0.0,0.0,0.11111,0.33333,0.000000,0.333333,0.888889,0.888889
63,7988,C,G,ERYLRDQQL,0.010218999999999999,-0.00018999999999999998,0.08520222,0.0,0.0,0.22222,0.11111,0.000000,0.333333,0.888889,0.888889
