polymorphic_index,HXB2_index,nucleotide,TF,epitope,sc_old,sc_MPL,pc_MPL,f_at_0,f_at_28,f_at_63,f_at_172,f_at_426,f_at_684,xp_at_0,xp_at_28,xp_at_63,xp_at_172,xp_at_426,xp_at_684
169,3276,T,C,PIQLPEKDS,0.012389,0.003389,0.04395711,0.0,0.0,0.0,0.0,0.625,0.73333,0.000000,0.000000,0.066667,0.615385,1.000000,0.933333
170,3280,C,T,PIQLPEKDS,-0.0010279999999999998,-0.014549000000000001,0.04395711,0.0,0.0,0.033333,0.0,0.0,0.0,0.000000,0.000000,0.066667,0.615385,1.000000,0.933333
171,3282,A,C,PIQLPEKDS,0.008693000000000001,0.000538,0.04395711,0.0,0.0,0.0,0.076923,0.1875,0.2,0.000000,0.000000,0.066667,0.615385,1.000000,0.933333
172,3283,T,A,PIQLPEKDS,0.036242,0.022621000000000002,0.04395711,0.0,0.0,0.0,0.38462,0.125,0.1,0.000000,0.000000,0.066667,0.615385,1.000000,0.933333
174,3293,C,A,PIQLPEKDS,0.001794,-0.000781,0.04395711,0.0,0.0,0.0,0.0,0.0,0.06666699999999999,0.000000,0.000000,0.066667,0.615385,1.000000,0.933333
175,3297,A,G,PIQLPEKDS,0.0033840000000000003,0.0006580000000000001,0.04395711,0.0,0.0,0.0,0.0,0.1875,0.1,0.000000,0.000000,0.066667,0.615385,1.000000,0.933333
176,3300,T,A,PIQLPEKDS,0.000538,-0.0063159999999999996,0.04395711,0.0,0.0,0.033333,0.0,0.0,0.0,0.000000,0.000000,0.066667,0.615385,1.000000,0.933333
177,3301,A,G,PIQLPEKDS,0.002326,-0.002939,0.04395711,0.0,0.0,0.0,0.15385,0.0,0.0,0.000000,0.000000,0.066667,0.615385,1.000000,0.933333
