polymorphic_index,HXB2_index,nucleotide,TF,epitope,sc_old,sc_MPL,pc_MPL,f_at_0,f_at_21,f_at_28,f_at_34,f_at_63,f_at_91,f_at_175,f_at_273,f_at_333,xp_at_0,xp_at_21,xp_at_28,xp_at_34,xp_at_63,xp_at_91,xp_at_175,xp_at_273,xp_at_333
618,8988a,-,G,EEVGFPVKPQV,0.005217,-0.014648,0.1585509,0.0,0.0,0.125,0.0,0.0,0.0,0.0,0.0,0.0,0.000000,0.700000,0.750000,1.000000,1.000000,1.000000,1.000000,1.000000,1.000000
618,8988a,A,G,EEVGFPVKPQV,0.01462,-0.021627,0.1585509,0.0,0.3,0.25,0.16667,0.0,0.0,0.0,0.0,0.0,0.000000,0.700000,0.750000,1.000000,1.000000,1.000000,1.000000,1.000000,1.000000
619,8988b,-,A,EEVGFPVKPQV,0.017386000000000002,0.0024,0.1585509,0.0,0.0,0.125,0.0,0.0,0.0,0.0,0.0,0.0,0.000000,0.700000,0.750000,1.000000,1.000000,1.000000,1.000000,1.000000,1.000000
619,8988b,G,A,EEVGFPVKPQV,0.038947,0.012458,0.1585509,0.0,0.2,0.125,0.41667,0.5,0.11111,0.58333,0.11111,0.33333,0.000000,0.700000,0.750000,1.000000,1.000000,1.000000,1.000000,1.000000,1.000000
620,8988c,-,A,EEVGFPVKPQV,0.031481999999999996,0.016201,0.1585509,0.0,0.0,0.125,0.0,0.0,0.0,0.0,0.0,0.0,0.000000,0.700000,0.750000,1.000000,1.000000,1.000000,1.000000,1.000000,1.000000
620,8988c,C,A,EEVGFPVKPQV,0.060075,0.035043,0.1585509,0.0,0.1,0.0,0.16667,0.33333,0.77778,0.33333,0.77778,0.66667,0.000000,0.700000,0.750000,1.000000,1.000000,1.000000,1.000000,1.000000,1.000000
620,8988c,T,A,EEVGFPVKPQV,0.039962,0.023793,0.1585509,0.0,0.0,0.0,0.0,0.083333,0.0,0.083333,0.11111,0.0,0.000000,0.700000,0.750000,1.000000,1.000000,1.000000,1.000000,1.000000,1.000000
621,8990,G,A,EEVGFPVKPQV,0.035037,0.019308000000000002,0.1585509,0.0,0.0,0.125,0.25,0.083333,0.11111,0.0,0.0,0.0,0.000000,0.700000,0.750000,1.000000,1.000000,1.000000,1.000000,1.000000,1.000000
624,9008,G,A,EEVGFPVKPQV,0.027375,0.016155000000000003,0.1585509,0.0,0.1,0.125,0.0,0.0,0.11111,0.58333,0.55556,0.33333,0.000000,0.700000,0.750000,1.000000,1.000000,1.000000,1.000000,1.000000,1.000000
