polymorphic_index,HXB2_index,nucleotide,TF,epitope,sc_old,sc_MPL,pc_MPL,f_at_0,f_at_11,f_at_60,xp_at_0,xp_at_11,xp_at_60
194,9044,A,C,KAAFDLSFF,0.027912,0.00877,0.10274480000000001,0.0,0.0,0.037037,0.000000,0.700000,0.962963
194,9044,G,C,KAAFDLSFF,0.051682000000000006,0.01544,0.10274480000000001,0.0,0.6,0.74074,0.000000,0.700000,0.962963
195,9064,C,T,KAAFDLSFF,0.019326,-0.004789,0.10274480000000001,0.0,0.1,0.0,0.000000,0.700000,0.962963
196,9065,A,T,KAAFDLSFF,0.019400999999999998,0.009045000000000001,0.10274480000000001,0.0,0.0,0.18519,0.000000,0.700000,0.962963
