polymorphic_index,HXB2_index,nucleotide,TF,epitope,sc_old,sc_MPL,pc_MPL,f_at_0,f_at_21,f_at_77,f_at_179,f_at_438,xp_at_0,xp_at_21,xp_at_77,xp_at_179,xp_at_438
6,1057,G,A,VHKGIKVKD,0.0072239999999999995,0.004521,0.03701983,0.0,0.0,0.0,0.0,0.95,0.000000,0.000000,0.000000,1.000000,1.000000
7,1067,C,A,VHKGIKVKD,0.023934,0.001634,0.03701983,0.0,0.0,0.0,0.125,0.0,0.000000,0.000000,0.000000,1.000000,1.000000
8,1069,A,G,VHKGIKVKD,0.033897000000000004,0.005978,0.03701983,0.0,0.0,0.0,0.875,1.0,0.000000,0.000000,0.000000,1.000000,1.000000
30,1979,G,A,GKEGHIAKN,0.01004,0.004520000000000001,0.07266012,0.0,0.0,0.75,0.0,0.0,0.000000,0.000000,1.000000,1.000000,1.000000
31,1990,C,A,GKEGHIAKN,0.0013859999999999999,0.000373,0.07266012,0.0,0.0,0.25,0.0,0.0,0.000000,0.000000,1.000000,1.000000,1.000000
33,1997,G,A,GKEGHIAKN,0.059137999999999996,0.00892,0.07266012,0.0,0.0,0.0,1.0,1.0,0.000000,0.000000,1.000000,1.000000,1.000000
38,2352,A,G,EEMNLTGKW,-0.00035299999999999996,-0.00061,0.03686862,0.0,0.0,0.0,0.0,0.05,0.000000,0.000000,0.000000,1.000000,1.000000
39,2361,C,A,EEMNLTGKW,0.005786,0.000331,0.03686862,0.0,0.0,0.0,0.125,0.0,0.000000,0.000000,0.000000,1.000000,1.000000
40,2362,G,A,EEMNLTGKW,0.015356,-0.0010550000000000002,0.03686862,0.0,0.0,0.0,0.25,0.0,0.000000,0.000000,0.000000,1.000000,1.000000
42,2367,C,A,EEMNLTGKW,0.011295,0.005334,0.03686862,0.0,0.0,0.0,0.0,1.0,0.000000,0.000000,0.000000,1.000000,1.000000
42,2367,G,A,EEMNLTGKW,0.010961,0.001356,0.03686862,0.0,0.0,0.0,0.25,0.0,0.000000,0.000000,0.000000,1.000000,1.000000
43,2374,G,A,EEMNLTGKW,0.0045590000000000006,5.1e-05,0.03686862,0.0,0.0,0.0,0.5,0.0,0.000000,0.000000,0.000000,1.000000,1.000000
