polymorphic_index,HXB2_index,nucleotide,TF,epitope,sc_old,sc_MPL,pc_MPL,f_at_0,f_at_25,f_at_67,xp_at_0,xp_at_25,xp_at_67
2,1003,T,A,GTEELRSLY,0.012454999999999999,0.0061189999999999994,0.08121704,0.0,0.0,0.045455,0.000000,0.062500,1.000000
3,1006,A,G,GTEELRSLY,0.016671000000000002,0.008175,0.08121704,0.0,0.0,0.090909,0.000000,0.062500,1.000000
4,1011,C,A,GTEELRSLY,0.003827,0.001326,0.08121704,0.0,0.0,0.090909,0.000000,0.062500,1.000000
5,1016,A,G,GTEELRSLY,0.007597,-0.013481,0.08121704,0.0,0.0625,0.0,0.000000,0.062500,1.000000
6,1024,C,T,GTEELRSLY,0.027407,0.014024000000000002,0.08121704,0.0,0.0,0.77273,0.000000,0.062500,1.000000
