0 1.000000 3 2 3 3 4 3 1 3 3 3 3 3 4 1 3 2 2 3 3 3 1 4 2 3 1 3 2 1 1 4 1 2 1 4 4 1 2 3 3 4 1 2 1 2 1 4 1 3 1 3 2 3 3 4 1 3 4 2 4 3 3 3 1 1 3 4 1 1 1 2 1 4 1 3 4 1 1 2 1 1 4 1 4 1 4 1 3 4 4 4 1 1 1 4 1 3
1 0.002751 3 2 3 3 4 3 1 3 3 3 3 3 4 1 3 2 2 3 3 3 1 4 2 3 1 3 2 1 1 4 1 2 1 4 4 1 2 3 3 4 1 2 1 2 1 4 1 3 1 3 2 3 3 4 1 3 4 2 4 3 3 3 1 1 3 4 1 1 1 2 1 4 1 3 4 1 1 2 1 1 2 1 4 1 4 1 3 4 4 4 1 1 1 4 1 3
1 0.002751 3 2 3 3 4 3 1 3 3 3 1 3 4 1 3 2 2 3 3 3 1 4 2 3 1 3 2 1 1 4 1 2 1 4 4 1 2 3 3 4 1 2 1 2 1 4 1 3 1 3 2 3 3 4 1 3 4 2 4 3 3 3 1 1 3 4 1 1 1 2 1 4 1 3 4 1 1 2 1 1 4 1 4 1 4 1 3 4 4 2 1 1 1 4 1 3
1 0.986245 3 2 3 3 4 3 1 3 3 3 3 3 4 1 3 2 2 3 3 3 1 4 2 3 1 3 2 1 1 4 1 2 1 4 4 1 2 3 3 4 1 2 1 2 1 4 1 3 1 3 2 3 3 4 1 3 4 2 4 3 3 3 1 1 3 4 1 1 1 2 1 4 1 3 4 1 1 2 1 1 4 1 4 1 4 1 3 4 4 4 1 1 1 4 1 3
1 0.002751 3 2 3 3 4 3 1 3 3 3 3 3 4 1 3 2 2 3 3 3 3 4 2 3 1 3 2 1 1 4 1 2 1 4 4 1 2 3 3 4 1 2 1 2 1 4 1 3 1 3 2 3 3 4 1 3 4 2 4 3 3 3 1 1 3 4 1 1 1 2 1 4 1 3 4 1 1 2 1 1 4 1 4 1 4 1 3 4 4 4 1 1 1 4 1 3
1 0.002751 3 2 3 3 4 3 1 3 3 3 3 3 4 1 3 2 2 3 3 3 1 4 2 3 1 3 2 1 1 4 1 2 1 4 4 1 2 3 3 4 1 2 1 2 1 4 1 3 1 3 4 3 3 4 1 3 4 2 4 3 3 3 1 1 3 4 1 1 1 2 1 4 1 3 4 1 1 2 1 1 4 1 4 1 4 1 3 4 4 4 1 1 1 4 1 3
1 0.002751 3 2 3 3 4 3 1 3 3 3 3 3 4 1 3 2 2 3 3 3 1 4 2 3 1 3 2 1 1 4 1 2 1 4 4 1 2 3 3 4 1 2 1 2 1 4 1 3 1 3 2 3 3 4 1 3 4 2 4 3 3 3 1 1 3 4 1 1 1 2 1 4 1 3 4 1 1 2 1 1 4 1 4 1 4 1 3 4 4 2 1 1 1 4 1 3
2 0.011684 3 2 3 3 4 3 1 3 3 3 3 3 4 1 3 2 2 3 3 3 1 4 2 3 1 3 2 1 1 4 1 2 1 4 4 1 2 3 3 4 1 2 1 2 1 4 1 3 1 3 2 3 3 4 1 3 4 2 4 3 3 3 1 1 3 4 1 1 1 2 1 4 1 3 4 1 1 2 1 1 2 1 4 1 4 1 3 4 4 4 1 1 1 4 1 3
2 0.011684 3 2 3 3 4 3 1 3 3 3 1 3 4 1 3 2 2 3 3 3 1 4 2 3 1 3 2 1 1 4 1 2 1 4 4 1 2 3 3 4 1 2 1 2 1 4 1 3 1 3 2 3 3 4 1 3 4 2 4 3 3 3 1 1 3 4 1 1 1 2 1 4 1 3 4 1 1 2 1 1 4 1 4 1 4 1 3 4 4 2 1 1 1 4 1 3
2 0.941580 3 2 3 3 4 3 1 3 3 3 3 3 4 1 3 2 2 3 3 3 1 4 2 3 1 3 2 1 1 4 1 2 1 4 4 1 2 3 3 4 1 2 1 2 1 4 1 3 1 3 2 3 3 4 1 3 4 2 4 3 3 3 1 1 3 4 1 1 1 2 1 4 1 3 4 1 1 2 1 1 4 1 4 1 4 1 3 4 4 4 1 1 1 4 1 3
2 0.011684 3 2 3 3 4 3 1 3 3 3 3 3 4 1 3 2 2 3 3 3 3 4 2 3 1 3 2 1 1 4 1 2 1 4 4 1 2 3 3 4 1 2 1 2 1 4 1 3 1 3 2 3 3 4 1 3 4 2 4 3 3 3 1 1 3 4 1 1 1 2 1 4 1 3 4 1 1 2 1 1 4 1 4 1 4 1 3 4 4 4 1 1 1 4 1 3
2 0.011684 3 2 3 3 4 3 1 3 3 3 3 3 4 1 3 2 2 3 3 3 1 4 2 3 1 3 2 1 1 4 1 2 1 4 4 1 2 3 3 4 1 2 1 2 1 4 1 3 1 3 4 3 3 4 1 3 4 2 4 3 3 3 1 1 3 4 1 1 1 2 1 4 1 3 4 1 1 2 1 1 4 1 4 1 4 1 3 4 4 4 1 1 1 4 1 3
2 0.011684 3 2 3 3 4 3 1 3 3 3 3 3 4 1 3 2 2 3 3 3 1 4 2 3 1 3 2 1 1 4 1 2 1 4 4 1 2 3 3 4 1 2 1 2 1 4 1 3 1 3 2 3 3 4 1 3 4 2 4 3 3 3 1 1 3 4 1 1 1 2 1 4 1 3 4 1 1 2 1 1 4 1 4 1 4 1 3 4 4 2 1 1 1 4 1 3
3 0.036490 3 2 3 3 4 3 1 3 3 3 3 3 4 1 3 2 2 3 3 3 1 4 2 3 1 3 2 1 1 4 1 2 1 4 4 1 2 3 3 4 1 2 1 2 1 4 1 3 1 3 2 3 3 4 1 3 4 2 4 3 3 3 1 1 3 4 1 1 1 2 1 4 1 3 4 1 1 2 1 1 2 1 4 1 4 1 3 4 4 4 1 1 1 4 1 3
3 0.036490 3 2 3 3 4 3 1 3 3 3 1 3 4 1 3 2 2 3 3 3 1 4 2 3 1 3 2 1 1 4 1 2 1 4 4 1 2 3 3 4 1 2 1 2 1 4 1 3 1 3 2 3 3 4 1 3 4 2 4 3 3 3 1 1 3 4 1 1 1 2 1 4 1 3 4 1 1 2 1 1 4 1 4 1 4 1 3 4 4 2 1 1 1 4 1 3
3 0.817552 3 2 3 3 4 3 1 3 3 3 3 3 4 1 3 2 2 3 3 3 1 4 2 3 1 3 2 1 1 4 1 2 1 4 4 1 2 3 3 4 1 2 1 2 1 4 1 3 1 3 2 3 3 4 1 3 4 2 4 3 3 3 1 1 3 4 1 1 1 2 1 4 1 3 4 1 1 2 1 1 4 1 4 1 4 1 3 4 4 4 1 1 1 4 1 3
3 0.036490 3 2 3 3 4 3 1 3 3 3 3 3 4 1 3 2 2 3 3 3 3 4 2 3 1 3 2 1 1 4 1 2 1 4 4 1 2 3 3 4 1 2 1 2 1 4 1 3 1 3 2 3 3 4 1 3 4 2 4 3 3 3 1 1 3 4 1 1 1 2 1 4 1 3 4 1 1 2 1 1 4 1 4 1 4 1 3 4 4 4 1 1 1 4 1 3
3 0.036490 3 2 3 3 4 3 1 3 3 3 3 3 4 1 3 2 2 3 3 3 1 4 2 3 1 3 2 1 1 4 1 2 1 4 4 1 2 3 3 4 1 2 1 2 1 4 1 3 1 3 4 3 3 4 1 3 4 2 4 3 3 3 1 1 3 4 1 1 1 2 1 4 1 3 4 1 1 2 1 1 4 1 4 1 4 1 3 4 4 4 1 1 1 4 1 3
3 0.036490 3 2 3 3 4 3 1 3 3 3 3 3 4 1 3 2 2 3 3 3 1 4 2 3 1 3 2 1 1 4 1 2 1 4 4 1 2 3 3 4 1 2 1 2 1 4 1 3 1 3 2 3 3 4 1 3 4 2 4 3 3 3 1 1 3 4 1 1 1 2 1 4 1 3 4 1 1 2 1 1 4 1 4 1 4 1 3 4 4 2 1 1 1 4 1 3
4 0.083333 3 2 3 3 4 3 1 3 3 3 3 3 4 1 3 2 2 3 3 3 1 4 2 3 1 3 2 1 1 4 1 2 1 4 4 1 2 3 3 4 1 2 1 2 1 4 1 3 1 3 2 3 3 4 1 3 4 2 4 3 3 3 1 1 3 4 1 1 1 2 1 4 1 3 4 1 1 2 1 1 2 1 4 1 4 1 3 4 4 4 1 1 1 4 1 3
4 0.083333 3 2 3 3 4 3 1 3 3 3 1 3 4 1 3 2 2 3 3 3 1 4 2 3 1 3 2 1 1 4 1 2 1 4 4 1 2 3 3 4 1 2 1 2 1 4 1 3 1 3 2 3 3 4 1 3 4 2 4 3 3 3 1 1 3 4 1 1 1 2 1 4 1 3 4 1 1 2 1 1 4 1 4 1 4 1 3 4 4 2 1 1 1 4 1 3
4 0.583333 3 2 3 3 4 3 1 3 3 3 3 3 4 1 3 2 2 3 3 3 1 4 2 3 1 3 2 1 1 4 1 2 1 4 4 1 2 3 3 4 1 2 1 2 1 4 1 3 1 3 2 3 3 4 1 3 4 2 4 3 3 3 1 1 3 4 1 1 1 2 1 4 1 3 4 1 1 2 1 1 4 1 4 1 4 1 3 4 4 4 1 1 1 4 1 3
4 0.083333 3 2 3 3 4 3 1 3 3 3 3 3 4 1 3 2 2 3 3 3 3 4 2 3 1 3 2 1 1 4 1 2 1 4 4 1 2 3 3 4 1 2 1 2 1 4 1 3 1 3 2 3 3 4 1 3 4 2 4 3 3 3 1 1 3 4 1 1 1 2 1 4 1 3 4 1 1 2 1 1 4 1 4 1 4 1 3 4 4 4 1 1 1 4 1 3
4 0.083333 3 2 3 3 4 3 1 3 3 3 3 3 4 1 3 2 2 3 3 3 1 4 2 3 1 3 2 1 1 4 1 2 1 4 4 1 2 3 3 4 1 2 1 2 1 4 1 3 1 3 4 3 3 4 1 3 4 2 4 3 3 3 1 1 3 4 1 1 1 2 1 4 1 3 4 1 1 2 1 1 4 1 4 1 4 1 3 4 4 4 1 1 1 4 1 3
4 0.083333 3 2 3 3 4 3 1 3 3 3 3 3 4 1 3 2 2 3 3 3 1 4 2 3 1 3 2 1 1 4 1 2 1 4 4 1 2 3 3 4 1 2 1 2 1 4 1 3 1 3 2 3 3 4 1 3 4 2 4 3 3 3 1 1 3 4 1 1 1 2 1 4 1 3 4 1 1 2 1 1 4 1 4 1 4 1 3 4 4 2 1 1 1 4 1 3
5 0.130177 3 2 3 3 4 3 1 3 3 3 3 3 4 1 3 2 2 3 3 3 1 4 2 3 1 3 2 1 1 4 1 2 1 4 4 1 2 3 3 4 1 2 1 2 1 4 1 3 1 3 2 3 3 4 1 3 4 2 4 3 3 3 1 1 3 4 1 1 1 2 1 4 1 3 4 1 1 2 1 1 2 1 4 1 4 1 3 4 4 4 1 1 1 4 1 3
5 0.130177 3 2 3 3 4 3 1 3 3 3 1 3 4 1 3 2 2 3 3 3 1 4 2 3 1 3 2 1 1 4 1 2 1 4 4 1 2 3 3 4 1 2 1 2 1 4 1 3 1 3 2 3 3 4 1 3 4 2 4 3 3 3 1 1 3 4 1 1 1 2 1 4 1 3 4 1 1 2 1 1 4 1 4 1 4 1 3 4 4 2 1 1 1 4 1 3
5 0.349115 3 2 3 3 4 3 1 3 3 3 3 3 4 1 3 2 2 3 3 3 1 4 2 3 1 3 2 1 1 4 1 2 1 4 4 1 2 3 3 4 1 2 1 2 1 4 1 3 1 3 2 3 3 4 1 3 4 2 4 3 3 3 1 1 3 4 1 1 1 2 1 4 1 3 4 1 1 2 1 1 4 1 4 1 4 1 3 4 4 4 1 1 1 4 1 3
5 0.130177 3 2 3 3 4 3 1 3 3 3 3 3 4 1 3 2 2 3 3 3 3 4 2 3 1 3 2 1 1 4 1 2 1 4 4 1 2 3 3 4 1 2 1 2 1 4 1 3 1 3 2 3 3 4 1 3 4 2 4 3 3 3 1 1 3 4 1 1 1 2 1 4 1 3 4 1 1 2 1 1 4 1 4 1 4 1 3 4 4 4 1 1 1 4 1 3
5 0.130177 3 2 3 3 4 3 1 3 3 3 3 3 4 1 3 2 2 3 3 3 1 4 2 3 1 3 2 1 1 4 1 2 1 4 4 1 2 3 3 4 1 2 1 2 1 4 1 3 1 3 4 3 3 4 1 3 4 2 4 3 3 3 1 1 3 4 1 1 1 2 1 4 1 3 4 1 1 2 1 1 4 1 4 1 4 1 3 4 4 4 1 1 1 4 1 3
5 0.130177 3 2 3 3 4 3 1 3 3 3 3 3 4 1 3 2 2 3 3 3 1 4 2 3 1 3 2 1 1 4 1 2 1 4 4 1 2 3 3 4 1 2 1 2 1 4 1 3 1 3 2 3 3 4 1 3 4 2 4 3 3 3 1 1 3 4 1 1 1 2 1 4 1 3 4 1 1 2 1 1 4 1 4 1 4 1 3 4 4 2 1 1 1 4 1 3
6 0.154983 3 2 3 3 4 3 1 3 3 3 3 3 4 1 3 2 2 3 3 3 1 4 2 3 1 3 2 1 1 4 1 2 1 4 4 1 2 3 3 4 1 2 1 2 1 4 1 3 1 3 2 3 3 4 1 3 4 2 4 3 3 3 1 1 3 4 1 1 1 2 1 4 1 3 4 1 1 2 1 1 2 1 4 1 4 1 3 4 4 4 1 1 1 4 1 3
6 0.154983 3 2 3 3 4 3 1 3 3 3 1 3 4 1 3 2 2 3 3 3 1 4 2 3 1 3 2 1 1 4 1 2 1 4 4 1 2 3 3 4 1 2 1 2 1 4 1 3 1 3 2 3 3 4 1 3 4 2 4 3 3 3 1 1 3 4 1 1 1 2 1 4 1 3 4 1 1 2 1 1 4 1 4 1 4 1 3 4 4 2 1 1 1 4 1 3
6 0.225086 3 2 3 3 4 3 1 3 3 3 3 3 4 1 3 2 2 3 3 3 1 4 2 3 1 3 2 1 1 4 1 2 1 4 4 1 2 3 3 4 1 2 1 2 1 4 1 3 1 3 2 3 3 4 1 3 4 2 4 3 3 3 1 1 3 4 1 1 1 2 1 4 1 3 4 1 1 2 1 1 4 1 4 1 4 1 3 4 4 4 1 1 1 4 1 3
6 0.154983 3 2 3 3 4 3 1 3 3 3 3 3 4 1 3 2 2 3 3 3 3 4 2 3 1 3 2 1 1 4 1 2 1 4 4 1 2 3 3 4 1 2 1 2 1 4 1 3 1 3 2 3 3 4 1 3 4 2 4 3 3 3 1 1 3 4 1 1 1 2 1 4 1 3 4 1 1 2 1 1 4 1 4 1 4 1 3 4 4 4 1 1 1 4 1 3
6 0.154983 3 2 3 3 4 3 1 3 3 3 3 3 4 1 3 2 2 3 3 3 1 4 2 3 1 3 2 1 1 4 1 2 1 4 4 1 2 3 3 4 1 2 1 2 1 4 1 3 1 3 4 3 3 4 1 3 4 2 4 3 3 3 1 1 3 4 1 1 1 2 1 4 1 3 4 1 1 2 1 1 4 1 4 1 4 1 3 4 4 4 1 1 1 4 1 3
6 0.154983 3 2 3 3 4 3 1 3 3 3 3 3 4 1 3 2 2 3 3 3 1 4 2 3 1 3 2 1 1 4 1 2 1 4 4 1 2 3 3 4 1 2 1 2 1 4 1 3 1 3 2 3 3 4 1 3 4 2 4 3 3 3 1 1 3 4 1 1 1 2 1 4 1 3 4 1 1 2 1 1 4 1 4 1 4 1 3 4 4 2 1 1 1 4 1 3
7 0.163916 3 2 3 3 4 3 1 3 3 3 3 3 4 1 3 2 2 3 3 3 1 4 2 3 1 3 2 1 1 4 1 2 1 4 4 1 2 3 3 4 1 2 1 2 1 4 1 3 1 3 2 3 3 4 1 3 4 2 4 3 3 3 1 1 3 4 1 1 1 2 1 4 1 3 4 1 1 2 1 1 2 1 4 1 4 1 3 4 4 4 1 1 1 4 1 3
7 0.163916 3 2 3 3 4 3 1 3 3 3 1 3 4 1 3 2 2 3 3 3 1 4 2 3 1 3 2 1 1 4 1 2 1 4 4 1 2 3 3 4 1 2 1 2 1 4 1 3 1 3 2 3 3 4 1 3 4 2 4 3 3 3 1 1 3 4 1 1 1 2 1 4 1 3 4 1 1 2 1 1 4 1 4 1 4 1 3 4 4 2 1 1 1 4 1 3
7 0.180421 3 2 3 3 4 3 1 3 3 3 3 3 4 1 3 2 2 3 3 3 1 4 2 3 1 3 2 1 1 4 1 2 1 4 4 1 2 3 3 4 1 2 1 2 1 4 1 3 1 3 2 3 3 4 1 3 4 2 4 3 3 3 1 1 3 4 1 1 1 2 1 4 1 3 4 1 1 2 1 1 4 1 4 1 4 1 3 4 4 4 1 1 1 4 1 3
7 0.163916 3 2 3 3 4 3 1 3 3 3 3 3 4 1 3 2 2 3 3 3 3 4 2 3 1 3 2 1 1 4 1 2 1 4 4 1 2 3 3 4 1 2 1 2 1 4 1 3 1 3 2 3 3 4 1 3 4 2 4 3 3 3 1 1 3 4 1 1 1 2 1 4 1 3 4 1 1 2 1 1 4 1 4 1 4 1 3 4 4 4 1 1 1 4 1 3
7 0.163916 3 2 3 3 4 3 1 3 3 3 3 3 4 1 3 2 2 3 3 3 1 4 2 3 1 3 2 1 1 4 1 2 1 4 4 1 2 3 3 4 1 2 1 2 1 4 1 3 1 3 4 3 3 4 1 3 4 2 4 3 3 3 1 1 3 4 1 1 1 2 1 4 1 3 4 1 1 2 1 1 4 1 4 1 4 1 3 4 4 4 1 1 1 4 1 3
7 0.163916 3 2 3 3 4 3 1 3 3 3 3 3 4 1 3 2 2 3 3 3 1 4 2 3 1 3 2 1 1 4 1 2 1 4 4 1 2 3 3 4 1 2 1 2 1 4 1 3 1 3 2 3 3 4 1 3 4 2 4 3 3 3 1 1 3 4 1 1 1 2 1 4 1 3 4 1 1 2 1 1 4 1 4 1 4 1 3 4 4 2 1 1 1 4 1 3
8 0.166667 3 2 3 3 4 3 1 3 3 3 1 3 4 1 3 2 2 3 3 3 1 4 2 3 1 3 2 1 1 4 1 2 1 4 4 1 2 3 3 4 1 2 1 2 1 4 1 3 1 3 2 3 3 4 1 3 4 2 4 3 3 3 1 1 3 4 1 1 1 2 1 4 1 3 4 1 1 2 1 1 4 1 4 1 4 1 3 4 4 2 1 1 1 4 1 3
8 0.166667 3 2 3 3 4 3 1 3 3 3 3 3 4 1 3 2 2 3 3 3 1 4 2 3 1 3 2 1 1 4 1 2 1 4 4 1 2 3 3 4 1 2 1 2 1 4 1 3 1 3 2 3 3 4 1 3 4 2 4 3 3 3 1 1 3 4 1 1 1 2 1 4 1 3 4 1 1 2 1 1 2 1 4 1 4 1 3 4 4 4 1 1 1 4 1 3
8 0.166667 3 2 3 3 4 3 1 3 3 3 3 3 4 1 3 2 2 3 3 3 1 4 2 3 1 3 2 1 1 4 1 2 1 4 4 1 2 3 3 4 1 2 1 2 1 4 1 3 1 3 4 3 3 4 1 3 4 2 4 3 3 3 1 1 3 4 1 1 1 2 1 4 1 3 4 1 1 2 1 1 4 1 4 1 4 1 3 4 4 4 1 1 1 4 1 3
8 0.166667 3 2 3 3 4 3 1 3 3 3 3 3 4 1 3 2 2 3 3 3 3 4 2 3 1 3 2 1 1 4 1 2 1 4 4 1 2 3 3 4 1 2 1 2 1 4 1 3 1 3 2 3 3 4 1 3 4 2 4 3 3 3 1 1 3 4 1 1 1 2 1 4 1 3 4 1 1 2 1 1 4 1 4 1 4 1 3 4 4 4 1 1 1 4 1 3
8 0.166667 3 2 3 3 4 3 1 3 3 3 3 3 4 1 3 2 2 3 3 3 1 4 2 3 1 3 2 1 1 4 1 2 1 4 4 1 2 3 3 4 1 2 1 2 1 4 1 3 1 3 2 3 3 4 1 3 4 2 4 3 3 3 1 1 3 4 1 1 1 2 1 4 1 3 4 1 1 2 1 1 4 1 4 1 4 1 3 4 4 4 1 1 1 4 1 3
8 0.166667 3 2 3 3 4 3 1 3 3 3 3 3 4 1 3 2 2 3 3 3 1 4 2 3 1 3 2 1 1 4 1 2 1 4 4 1 2 3 3 4 1 2 1 2 1 4 1 3 1 3 2 3 3 4 1 3 4 2 4 3 3 3 1 1 3 4 1 1 1 2 1 4 1 3 4 1 1 2 1 1 4 1 4 1 4 1 3 4 4 2 1 1 1 4 1 3
9 0.000232 3 2 3 3 4 3 1 3 3 3 3 3 4 1 3 2 1 3 3 3 1 4 2 3 1 3 2 1 1 4 1 2 1 4 4 1 2 3 3 4 1 2 1 2 1 4 1 3 1 3 2 3 3 4 1 3 2 2 4 3 3 3 1 1 3 4 1 1 1 2 1 4 1 3 4 1 1 2 1 1 4 1 4 1 4 1 3 4 4 4 1 1 1 4 1 3
9 0.166319 3 2 3 3 4 3 1 3 3 3 1 3 4 1 3 2 2 3 3 3 1 4 2 3 1 3 2 1 1 4 1 2 1 4 4 1 2 3 3 4 1 2 1 2 1 4 1 3 1 3 2 3 3 4 1 3 4 2 4 3 3 3 1 1 3 4 1 1 1 2 1 4 1 3 4 1 1 2 1 1 4 1 4 1 4 1 3 4 4 2 1 1 1 4 1 3
9 0.166319 3 2 3 3 4 3 1 3 3 3 3 3 4 1 3 2 2 3 3 3 1 4 2 3 1 3 2 1 1 4 1 2 1 4 4 1 2 3 3 4 1 2 1 2 1 4 1 3 1 3 2 3 3 4 1 3 4 2 4 3 3 3 1 1 3 4 1 1 1 2 1 4 1 3 4 1 1 2 1 1 2 1 4 1 4 1 3 4 4 4 1 1 1 4 1 3
9 0.166319 3 2 3 3 4 3 1 3 3 3 3 3 4 1 3 2 2 3 3 3 1 4 2 3 1 3 2 1 1 4 1 2 1 4 4 1 2 3 3 4 1 2 1 2 1 4 1 3 1 3 4 3 3 4 1 3 4 2 4 3 3 3 1 1 3 4 1 1 1 2 1 4 1 3 4 1 1 2 1 1 4 1 4 1 4 1 3 4 4 4 1 1 1 4 1 3
9 0.166319 3 2 3 3 4 3 1 3 3 3 3 3 4 1 3 2 2 3 3 3 3 4 2 3 1 3 2 1 1 4 1 2 1 4 4 1 2 3 3 4 1 2 1 2 1 4 1 3 1 3 2 3 3 4 1 3 4 2 4 3 3 3 1 1 3 4 1 1 1 2 1 4 1 3 4 1 1 2 1 1 4 1 4 1 4 1 3 4 4 4 1 1 1 4 1 3
9 0.000232 3 2 3 3 4 3 1 3 3 3 3 1 4 1 3 2 2 3 3 3 1 4 2 3 1 3 2 1 1 4 1 2 1 4 4 1 2 3 3 4 1 2 1 2 1 4 1 3 1 3 2 3 3 4 1 3 4 2 4 3 3 3 1 1 3 4 1 1 1 2 1 4 1 3 4 1 1 2 1 1 4 1 4 1 4 1 3 4 4 4 1 1 1 4 1 3
9 0.000232 3 2 3 3 4 3 3 3 3 3 3 3 4 1 3 2 2 3 3 3 1 4 2 3 1 3 2 1 3 4 1 2 1 4 4 1 2 3 3 4 1 2 1 2 1 4 1 3 1 3 2 3 3 4 1 3 4 2 4 3 3 3 1 1 3 4 1 1 1 2 1 4 1 3 4 1 1 2 1 1 4 1 4 1 4 1 3 4 4 4 1 1 1 4 1 3
9 0.000232 3 2 3 3 4 3 1 3 3 3 3 3 4 1 3 2 2 3 3 3 1 4 2 3 1 3 2 1 1 4 1 2 1 4 4 1 2 3 3 4 1 2 1 2 1 4 3 3 1 3 2 3 3 4 1 3 4 2 4 3 3 3 1 1 3 4 1 1 1 2 1 4 1 3 4 1 1 2 1 1 4 1 4 1 4 1 3 4 4 4 1 1 1 4 1 3
9 0.000232 3 2 3 3 4 3 1 3 3 3 3 3 4 1 3 2 2 1 3 3 1 4 2 3 1 3 2 1 1 4 1 2 1 4 4 1 2 3 3 4 3 2 1 2 1 4 1 3 1 3 2 3 3 4 1 3 4 2 4 3 3 3 1 1 3 4 1 1 1 2 1 4 1 3 4 1 1 2 1 1 4 1 4 1 4 1 3 4 4 4 1 1 1 4 1 3
9 0.167246 3 2 3 3 4 3 1 3 3 3 3 3 4 1 3 2 2 3 3 3 1 4 2 3 1 3 2 1 1 4 1 2 1 4 4 1 2 3 3 4 1 2 1 2 1 4 1 3 1 3 2 3 3 4 1 3 4 2 4 3 3 3 1 1 3 4 1 1 1 2 1 4 1 3 4 1 1 2 1 1 4 1 4 1 4 1 3 4 4 4 1 1 1 4 1 3
9 0.166319 3 2 3 3 4 3 1 3 3 3 3 3 4 1 3 2 2 3 3 3 1 4 2 3 1 3 2 1 1 4 1 2 1 4 4 1 2 3 3 4 1 2 1 2 1 4 1 3 1 3 2 3 3 4 1 3 4 2 4 3 3 3 1 1 3 4 1 1 1 2 1 4 1 3 4 1 1 2 1 1 4 1 4 1 4 1 3 4 4 2 1 1 1 4 1 3
10 0.000534 3 2 3 3 4 3 1 3 3 3 3 3 4 1 3 2 1 3 3 3 1 4 2 3 1 3 2 1 1 4 1 2 1 4 4 1 2 3 3 4 1 2 1 2 1 4 1 3 1 3 2 3 3 4 1 3 2 2 4 3 3 3 1 1 3 4 1 1 1 2 1 4 1 3 4 1 1 2 1 1 4 1 4 1 4 1 3 4 4 4 1 1 1 4 1 3
10 0.165865 3 2 3 3 4 3 1 3 3 3 1 3 4 1 3 2 2 3 3 3 1 4 2 3 1 3 2 1 1 4 1 2 1 4 4 1 2 3 3 4 1 2 1 2 1 4 1 3 1 3 2 3 3 4 1 3 4 2 4 3 3 3 1 1 3 4 1 1 1 2 1 4 1 3 4 1 1 2 1 1 4 1 4 1 4 1 3 4 4 2 1 1 1 4 1 3
10 0.165865 3 2 3 3 4 3 1 3 3 3 3 3 4 1 3 2 2 3 3 3 1 4 2 3 1 3 2 1 1 4 1 2 1 4 4 1 2 3 3 4 1 2 1 2 1 4 1 3 1 3 2 3 3 4 1 3 4 2 4 3 3 3 1 1 3 4 1 1 1 2 1 4 1 3 4 1 1 2 1 1 2 1 4 1 4 1 3 4 4 4 1 1 1 4 1 3
10 0.165865 3 2 3 3 4 3 1 3 3 3 3 3 4 1 3 2 2 3 3 3 1 4 2 3 1 3 2 1 1 4 1 2 1 4 4 1 2 3 3 4 1 2 1 2 1 4 1 3 1 3 4 3 3 4 1 3 4 2 4 3 3 3 1 1 3 4 1 1 1 2 1 4 1 3 4 1 1 2 1 1 4 1 4 1 4 1 3 4 4 4 1 1 1 4 1 3
10 0.165865 3 2 3 3 4 3 1 3 3 3 3 3 4 1 3 2 2 3 3 3 3 4 2 3 1 3 2 1 1 4 1 2 1 4 4 1 2 3 3 4 1 2 1 2 1 4 1 3 1 3 2 3 3 4 1 3 4 2 4 3 3 3 1 1 3 4 1 1 1 2 1 4 1 3 4 1 1 2 1 1 4 1 4 1 4 1 3 4 4 4 1 1 1 4 1 3
10 0.000534 3 2 3 3 4 3 1 3 3 3 3 1 4 1 3 2 2 3 3 3 1 4 2 3 1 3 2 1 1 4 1 2 1 4 4 1 2 3 3 4 1 2 1 2 1 4 1 3 1 3 2 3 3 4 1 3 4 2 4 3 3 3 1 1 3 4 1 1 1 2 1 4 1 3 4 1 1 2 1 1 4 1 4 1 4 1 3 4 4 4 1 1 1 4 1 3
10 0.000534 3 2 3 3 4 3 3 3 3 3 3 3 4 1 3 2 2 3 3 3 1 4 2 3 1 3 2 1 3 4 1 2 1 4 4 1 2 3 3 4 1 2 1 2 1 4 1 3 1 3 2 3 3 4 1 3 4 2 4 3 3 3 1 1 3 4 1 1 1 2 1 4 1 3 4 1 1 2 1 1 4 1 4 1 4 1 3 4 4 4 1 1 1 4 1 3
10 0.000534 3 2 3 3 4 3 1 3 3 3 3 3 4 1 3 2 2 3 3 3 1 4 2 3 1 3 2 1 1 4 1 2 1 4 4 1 2 3 3 4 1 2 1 2 1 4 3 3 1 3 2 3 3 4 1 3 4 2 4 3 3 3 1 1 3 4 1 1 1 2 1 4 1 3 4 1 1 2 1 1 4 1 4 1 4 1 3 4 4 4 1 1 1 4 1 3
10 0.000534 3 2 3 3 4 3 1 3 3 3 3 3 4 1 3 2 2 1 3 3 1 4 2 3 1 3 2 1 1 4 1 2 1 4 4 1 2 3 3 4 3 2 1 2 1 4 1 3 1 3 2 3 3 4 1 3 4 2 4 3 3 3 1 1 3 4 1 1 1 2 1 4 1 3 4 1 1 2 1 1 4 1 4 1 4 1 3 4 4 4 1 1 1 4 1 3
10 0.168002 3 2 3 3 4 3 1 3 3 3 3 3 4 1 3 2 2 3 3 3 1 4 2 3 1 3 2 1 1 4 1 2 1 4 4 1 2 3 3 4 1 2 1 2 1 4 1 3 1 3 2 3 3 4 1 3 4 2 4 3 3 3 1 1 3 4 1 1 1 2 1 4 1 3 4 1 1 2 1 1 4 1 4 1 4 1 3 4 4 4 1 1 1 4 1 3
10 0.165865 3 2 3 3 4 3 1 3 3 3 3 3 4 1 3 2 2 3 3 3 1 4 2 3 1 3 2 1 1 4 1 2 1 4 4 1 2 3 3 4 1 2 1 2 1 4 1 3 1 3 2 3 3 4 1 3 4 2 4 3 3 3 1 1 3 4 1 1 1 2 1 4 1 3 4 1 1 2 1 1 4 1 4 1 4 1 3 4 4 2 1 1 1 4 1 3
11 0.000928 3 2 3 3 4 3 1 3 3 3 3 3 4 1 3 2 1 3 3 3 1 4 2 3 1 3 2 1 1 4 1 2 1 4 4 1 2 3 3 4 1 2 1 2 1 4 1 3 1 3 2 3 3 4 1 3 2 2 4 3 3 3 1 1 3 4 1 1 1 2 1 4 1 3 4 1 1 2 1 1 4 1 4 1 4 1 3 4 4 4 1 1 1 4 1 3
11 0.165275 3 2 3 3 4 3 1 3 3 3 1 3 4 1 3 2 2 3 3 3 1 4 2 3 1 3 2 1 1 4 1 2 1 4 4 1 2 3 3 4 1 2 1 2 1 4 1 3 1 3 2 3 3 4 1 3 4 2 4 3 3 3 1 1 3 4 1 1 1 2 1 4 1 3 4 1 1 2 1 1 4 1 4 1 4 1 3 4 4 2 1 1 1 4 1 3
11 0.165275 3 2 3 3 4 3 1 3 3 3 3 3 4 1 3 2 2 3 3 3 1 4 2 3 1 3 2 1 1 4 1 2 1 4 4 1 2 3 3 4 1 2 1 2 1 4 1 3 1 3 2 3 3 4 1 3 4 2 4 3 3 3 1 1 3 4 1 1 1 2 1 4 1 3 4 1 1 2 1 1 2 1 4 1 4 1 3 4 4 4 1 1 1 4 1 3
11 0.165275 3 2 3 3 4 3 1 3 3 3 3 3 4 1 3 2 2 3 3 3 1 4 2 3 1 3 2 1 1 4 1 2 1 4 4 1 2 3 3 4 1 2 1 2 1 4 1 3 1 3 4 3 3 4 1 3 4 2 4 3 3 3 1 1 3 4 1 1 1 2 1 4 1 3 4 1 1 2 1 1 4 1 4 1 4 1 3 4 4 4 1 1 1 4 1 3
11 0.165275 3 2 3 3 4 3 1 3 3 3 3 3 4 1 3 2 2 3 3 3 3 4 2 3 1 3 2 1 1 4 1 2 1 4 4 1 2 3 3 4 1 2 1 2 1 4 1 3 1 3 2 3 3 4 1 3 4 2 4 3 3 3 1 1 3 4 1 1 1 2 1 4 1 3 4 1 1 2 1 1 4 1 4 1 4 1 3 4 4 4 1 1 1 4 1 3
11 0.000928 3 2 3 3 4 3 1 3 3 3 3 1 4 1 3 2 2 3 3 3 1 4 2 3 1 3 2 1 1 4 1 2 1 4 4 1 2 3 3 4 1 2 1 2 1 4 1 3 1 3 2 3 3 4 1 3 4 2 4 3 3 3 1 1 3 4 1 1 1 2 1 4 1 3 4 1 1 2 1 1 4 1 4 1 4 1 3 4 4 4 1 1 1 4 1 3
11 0.000928 3 2 3 3 4 3 3 3 3 3 3 3 4 1 3 2 2 3 3 3 1 4 2 3 1 3 2 1 3 4 1 2 1 4 4 1 2 3 3 4 1 2 1 2 1 4 1 3 1 3 2 3 3 4 1 3 4 2 4 3 3 3 1 1 3 4 1 1 1 2 1 4 1 3 4 1 1 2 1 1 4 1 4 1 4 1 3 4 4 4 1 1 1 4 1 3
11 0.000928 3 2 3 3 4 3 1 3 3 3 3 3 4 1 3 2 2 3 3 3 1 4 2 3 1 3 2 1 1 4 1 2 1 4 4 1 2 3 3 4 1 2 1 2 1 4 3 3 1 3 2 3 3 4 1 3 4 2 4 3 3 3 1 1 3 4 1 1 1 2 1 4 1 3 4 1 1 2 1 1 4 1 4 1 4 1 3 4 4 4 1 1 1 4 1 3
11 0.000928 3 2 3 3 4 3 1 3 3 3 3 3 4 1 3 2 2 1 3 3 1 4 2 3 1 3 2 1 1 4 1 2 1 4 4 1 2 3 3 4 3 2 1 2 1 4 1 3 1 3 2 3 3 4 1 3 4 2 4 3 3 3 1 1 3 4 1 1 1 2 1 4 1 3 4 1 1 2 1 1 4 1 4 1 4 1 3 4 4 4 1 1 1 4 1 3
11 0.168986 3 2 3 3 4 3 1 3 3 3 3 3 4 1 3 2 2 3 3 3 1 4 2 3 1 3 2 1 1 4 1 2 1 4 4 1 2 3 3 4 1 2 1 2 1 4 1 3 1 3 2 3 3 4 1 3 4 2 4 3 3 3 1 1 3 4 1 1 1 2 1 4 1 3 4 1 1 2 1 1 4 1 4 1 4 1 3 4 4 4 1 1 1 4 1 3
11 0.165275 3 2 3 3 4 3 1 3 3 3 3 3 4 1 3 2 2 3 3 3 1 4 2 3 1 3 2 1 1 4 1 2 1 4 4 1 2 3 3 4 1 2 1 2 1 4 1 3 1 3 2 3 3 4 1 3 4 2 4 3 3 3 1 1 3 4 1 1 1 2 1 4 1 3 4 1 1 2 1 1 4 1 4 1 4 1 3 4 4 2 1 1 1 4 1 3
12 0.001440 3 2 3 3 4 3 1 3 3 3 3 3 4 1 3 2 1 3 3 3 1 4 2 3 1 3 2 1 1 4 1 2 1 4 4 1 2 3 3 4 1 2 1 2 1 4 1 3 1 3 2 3 3 4 1 3 2 2 4 3 3 3 1 1 3 4 1 1 1 2 1 4 1 3 4 1 1 2 1 1 4 1 4 1 4 1 3 4 4 4 1 1 1 4 1 3
12 0.164507 3 2 3 3 4 3 1 3 3 3 1 3 4 1 3 2 2 3 3 3 1 4 2 3 1 3 2 1 1 4 1 2 1 4 4 1 2 3 3 4 1 2 1 2 1 4 1 3 1 3 2 3 3 4 1 3 4 2 4 3 3 3 1 1 3 4 1 1 1 2 1 4 1 3 4 1 1 2 1 1 4 1 4 1 4 1 3 4 4 2 1 1 1 4 1 3
12 0.164507 3 2 3 3 4 3 1 3 3 3 3 3 4 1 3 2 2 3 3 3 1 4 2 3 1 3 2 1 1 4 1 2 1 4 4 1 2 3 3 4 1 2 1 2 1 4 1 3 1 3 2 3 3 4 1 3 4 2 4 3 3 3 1 1 3 4 1 1 1 2 1 4 1 3 4 1 1 2 1 1 2 1 4 1 4 1 3 4 4 4 1 1 1 4 1 3
12 0.164507 3 2 3 3 4 3 1 3 3 3 3 3 4 1 3 2 2 3 3 3 1 4 2 3 1 3 2 1 1 4 1 2 1 4 4 1 2 3 3 4 1 2 1 2 1 4 1 3 1 3 4 3 3 4 1 3 4 2 4 3 3 3 1 1 3 4 1 1 1 2 1 4 1 3 4 1 1 2 1 1 4 1 4 1 4 1 3 4 4 4 1 1 1 4 1 3
12 0.164507 3 2 3 3 4 3 1 3 3 3 3 3 4 1 3 2 2 3 3 3 3 4 2 3 1 3 2 1 1 4 1 2 1 4 4 1 2 3 3 4 1 2 1 2 1 4 1 3 1 3 2 3 3 4 1 3 4 2 4 3 3 3 1 1 3 4 1 1 1 2 1 4 1 3 4 1 1 2 1 1 4 1 4 1 4 1 3 4 4 4 1 1 1 4 1 3
12 0.001440 3 2 3 3 4 3 1 3 3 3 3 1 4 1 3 2 2 3 3 3 1 4 2 3 1 3 2 1 1 4 1 2 1 4 4 1 2 3 3 4 1 2 1 2 1 4 1 3 1 3 2 3 3 4 1 3 4 2 4 3 3 3 1 1 3 4 1 1 1 2 1 4 1 3 4 1 1 2 1 1 4 1 4 1 4 1 3 4 4 4 1 1 1 4 1 3
12 0.001440 3 2 3 3 4 3 3 3 3 3 3 3 4 1 3 2 2 3 3 3 1 4 2 3 1 3 2 1 3 4 1 2 1 4 4 1 2 3 3 4 1 2 1 2 1 4 1 3 1 3 2 3 3 4 1 3 4 2 4 3 3 3 1 1 3 4 1 1 1 2 1 4 1 3 4 1 1 2 1 1 4 1 4 1 4 1 3 4 4 4 1 1 1 4 1 3
12 0.001440 3 2 3 3 4 3 1 3 3 3 3 3 4 1 3 2 2 3 3 3 1 4 2 3 1 3 2 1 1 4 1 2 1 4 4 1 2 3 3 4 1 2 1 2 1 4 3 3 1 3 2 3 3 4 1 3 4 2 4 3 3 3 1 1 3 4 1 1 1 2 1 4 1 3 4 1 1 2 1 1 4 1 4 1 4 1 3 4 4 4 1 1 1 4 1 3
12 0.001440 3 2 3 3 4 3 1 3 3 3 3 3 4 1 3 2 2 1 3 3 1 4 2 3 1 3 2 1 1 4 1 2 1 4 4 1 2 3 3 4 3 2 1 2 1 4 1 3 1 3 2 3 3 4 1 3 4 2 4 3 3 3 1 1 3 4 1 1 1 2 1 4 1 3 4 1 1 2 1 1 4 1 4 1 4 1 3 4 4 4 1 1 1 4 1 3
12 0.170266 3 2 3 3 4 3 1 3 3 3 3 3 4 1 3 2 2 3 3 3 1 4 2 3 1 3 2 1 1 4 1 2 1 4 4 1 2 3 3 4 1 2 1 2 1 4 1 3 1 3 2 3 3 4 1 3 4 2 4 3 3 3 1 1 3 4 1 1 1 2 1 4 1 3 4 1 1 2 1 1 4 1 4 1 4 1 3 4 4 4 1 1 1 4 1 3
12 0.164507 3 2 3 3 4 3 1 3 3 3 3 3 4 1 3 2 2 3 3 3 1 4 2 3 1 3 2 1 1 4 1 2 1 4 4 1 2 3 3 4 1 2 1 2 1 4 1 3 1 3 2 3 3 4 1 3 4 2 4 3 3 3 1 1 3 4 1 1 1 2 1 4 1 3 4 1 1 2 1 1 4 1 4 1 4 1 3 4 4 2 1 1 1 4 1 3
13 0.002103 3 2 3 3 4 3 1 3 3 3 3 3 4 1 3 2 1 3 3 3 1 4 2 3 1 3 2 1 1 4 1 2 1 4 4 1 2 3 3 4 1 2 1 2 1 4 1 3 1 3 2 3 3 4 1 3 2 2 4 3 3 3 1 1 3 4 1 1 1 2 1 4 1 3 4 1 1 2 1 1 4 1 4 1 4 1 3 4 4 4 1 1 1 4 1 3
13 0.163512 3 2 3 3 4 3 1 3 3 3 1 3 4 1 3 2 2 3 3 3 1 4 2 3 1 3 2 1 1 4 1 2 1 4 4 1 2 3 3 4 1 2 1 2 1 4 1 3 1 3 2 3 3 4 1 3 4 2 4 3 3 3 1 1 3 4 1 1 1 2 1 4 1 3 4 1 1 2 1 1 4 1 4 1 4 1 3 4 4 2 1 1 1 4 1 3
13 0.163512 3 2 3 3 4 3 1 3 3 3 3 3 4 1 3 2 2 3 3 3 1 4 2 3 1 3 2 1 1 4 1 2 1 4 4 1 2 3 3 4 1 2 1 2 1 4 1 3 1 3 2 3 3 4 1 3 4 2 4 3 3 3 1 1 3 4 1 1 1 2 1 4 1 3 4 1 1 2 1 1 2 1 4 1 4 1 3 4 4 4 1 1 1 4 1 3
13 0.163512 3 2 3 3 4 3 1 3 3 3 3 3 4 1 3 2 2 3 3 3 1 4 2 3 1 3 2 1 1 4 1 2 1 4 4 1 2 3 3 4 1 2 1 2 1 4 1 3 1 3 4 3 3 4 1 3 4 2 4 3 3 3 1 1 3 4 1 1 1 2 1 4 1 3 4 1 1 2 1 1 4 1 4 1 4 1 3 4 4 4 1 1 1 4 1 3
13 0.163512 3 2 3 3 4 3 1 3 3 3 3 3 4 1 3 2 2 3 3 3 3 4 2 3 1 3 2 1 1 4 1 2 1 4 4 1 2 3 3 4 1 2 1 2 1 4 1 3 1 3 2 3 3 4 1 3 4 2 4 3 3 3 1 1 3 4 1 1 1 2 1 4 1 3 4 1 1 2 1 1 4 1 4 1 4 1 3 4 4 4 1 1 1 4 1 3
13 0.002103 3 2 3 3 4 3 1 3 3 3 3 1 4 1 3 2 2 3 3 3 1 4 2 3 1 3 2 1 1 4 1 2 1 4 4 1 2 3 3 4 1 2 1 2 1 4 1 3 1 3 2 3 3 4 1 3 4 2 4 3 3 3 1 1 3 4 1 1 1 2 1 4 1 3 4 1 1 2 1 1 4 1 4 1 4 1 3 4 4 4 1 1 1 4 1 3
13 0.002103 3 2 3 3 4 3 3 3 3 3 3 3 4 1 3 2 2 3 3 3 1 4 2 3 1 3 2 1 3 4 1 2 1 4 4 1 2 3 3 4 1 2 1 2 1 4 1 3 1 3 2 3 3 4 1 3 4 2 4 3 3 3 1 1 3 4 1 1 1 2 1 4 1 3 4 1 1 2 1 1 4 1 4 1 4 1 3 4 4 4 1 1 1 4 1 3
13 0.002103 3 2 3 3 4 3 1 3 3 3 3 3 4 1 3 2 2 3 3 3 1 4 2 3 1 3 2 1 1 4 1 2 1 4 4 1 2 3 3 4 1 2 1 2 1 4 3 3 1 3 2 3 3 4 1 3 4 2 4 3 3 3 1 1 3 4 1 1 1 2 1 4 1 3 4 1 1 2 1 1 4 1 4 1 4 1 3 4 4 4 1 1 1 4 1 3
13 0.002103 3 2 3 3 4 3 1 3 3 3 3 3 4 1 3 2 2 1 3 3 1 4 2 3 1 3 2 1 1 4 1 2 1 4 4 1 2 3 3 4 3 2 1 2 1 4 1 3 1 3 2 3 3 4 1 3 4 2 4 3 3 3 1 1 3 4 1 1 1 2 1 4 1 3 4 1 1 2 1 1 4 1 4 1 4 1 3 4 4 4 1 1 1 4 1 3
13 0.171924 3 2 3 3 4 3 1 3 3 3 3 3 4 1 3 2 2 3 3 3 1 4 2 3 1 3 2 1 1 4 1 2 1 4 4 1 2 3 3 4 1 2 1 2 1 4 1 3 1 3 2 3 3 4 1 3 4 2 4 3 3 3 1 1 3 4 1 1 1 2 1 4 1 3 4 1 1 2 1 1 4 1 4 1 4 1 3 4 4 4 1 1 1 4 1 3
13 0.163512 3 2 3 3 4 3 1 3 3 3 3 3 4 1 3 2 2 3 3 3 1 4 2 3 1 3 2 1 1 4 1 2 1 4 4 1 2 3 3 4 1 2 1 2 1 4 1 3 1 3 2 3 3 4 1 3 4 2 4 3 3 3 1 1 3 4 1 1 1 2 1 4 1 3 4 1 1 2 1 1 4 1 4 1 4 1 3 4 4 2 1 1 1 4 1 3
14 0.002960 3 2 3 3 4 3 1 3 3 3 3 3 4 1 3 2 1 3 3 3 1 4 2 3 1 3 2 1 1 4 1 2 1 4 4 1 2 3 3 4 1 2 1 2 1 4 1 3 1 3 2 3 3 4 1 3 2 2 4 3 3 3 1 1 3 4 1 1 1 2 1 4 1 3 4 1 1 2 1 1 4 1 4 1 4 1 3 4 4 4 1 1 1 4 1 3
14 0.162226 3 2 3 3 4 3 1 3 3 3 1 3 4 1 3 2 2 3 3 3 1 4 2 3 1 3 2 1 1 4 1 2 1 4 4 1 2 3 3 4 1 2 1 2 1 4 1 3 1 3 2 3 3 4 1 3 4 2 4 3 3 3 1 1 3 4 1 1 1 2 1 4 1 3 4 1 1 2 1 1 4 1 4 1 4 1 3 4 4 2 1 1 1 4 1 3
14 0.162226 3 2 3 3 4 3 1 3 3 3 3 3 4 1 3 2 2 3 3 3 1 4 2 3 1 3 2 1 1 4 1 2 1 4 4 1 2 3 3 4 1 2 1 2 1 4 1 3 1 3 2 3 3 4 1 3 4 2 4 3 3 3 1 1 3 4 1 1 1 2 1 4 1 3 4 1 1 2 1 1 2 1 4 1 4 1 3 4 4 4 1 1 1 4 1 3
14 0.162226 3 2 3 3 4 3 1 3 3 3 3 3 4 1 3 2 2 3 3 3 1 4 2 3 1 3 2 1 1 4 1 2 1 4 4 1 2 3 3 4 1 2 1 2 1 4 1 3 1 3 4 3 3 4 1 3 4 2 4 3 3 3 1 1 3 4 1 1 1 2 1 4 1 3 4 1 1 2 1 1 4 1 4 1 4 1 3 4 4 4 1 1 1 4 1 3
14 0.162226 3 2 3 3 4 3 1 3 3 3 3 3 4 1 3 2 2 3 3 3 3 4 2 3 1 3 2 1 1 4 1 2 1 4 4 1 2 3 3 4 1 2 1 2 1 4 1 3 1 3 2 3 3 4 1 3 4 2 4 3 3 3 1 1 3 4 1 1 1 2 1 4 1 3 4 1 1 2 1 1 4 1 4 1 4 1 3 4 4 4 1 1 1 4 1 3
14 0.002960 3 2 3 3 4 3 1 3 3 3 3 1 4 1 3 2 2 3 3 3 1 4 2 3 1 3 2 1 1 4 1 2 1 4 4 1 2 3 3 4 1 2 1 2 1 4 1 3 1 3 2 3 3 4 1 3 4 2 4 3 3 3 1 1 3 4 1 1 1 2 1 4 1 3 4 1 1 2 1 1 4 1 4 1 4 1 3 4 4 4 1 1 1 4 1 3
14 0.002960 3 2 3 3 4 3 3 3 3 3 3 3 4 1 3 2 2 3 3 3 1 4 2 3 1 3 2 1 3 4 1 2 1 4 4 1 2 3 3 4 1 2 1 2 1 4 1 3 1 3 2 3 3 4 1 3 4 2 4 3 3 3 1 1 3 4 1 1 1 2 1 4 1 3 4 1 1 2 1 1 4 1 4 1 4 1 3 4 4 4 1 1 1 4 1 3
14 0.002960 3 2 3 3 4 3 1 3 3 3 3 3 4 1 3 2 2 3 3 3 1 4 2 3 1 3 2 1 1 4 1 2 1 4 4 1 2 3 3 4 1 2 1 2 1 4 3 3 1 3 2 3 3 4 1 3 4 2 4 3 3 3 1 1 3 4 1 1 1 2 1 4 1 3 4 1 1 2 1 1 4 1 4 1 4 1 3 4 4 4 1 1 1 4 1 3
14 0.002960 3 2 3 3 4 3 1 3 3 3 3 3 4 1 3 2 2 1 3 3 1 4 2 3 1 3 2 1 1 4 1 2 1 4 4 1 2 3 3 4 3 2 1 2 1 4 1 3 1 3 2 3 3 4 1 3 4 2 4 3 3 3 1 1 3 4 1 1 1 2 1 4 1 3 4 1 1 2 1 1 4 1 4 1 4 1 3 4 4 4 1 1 1 4 1 3
14 0.174067 3 2 3 3 4 3 1 3 3 3 3 3 4 1 3 2 2 3 3 3 1 4 2 3 1 3 2 1 1 4 1 2 1 4 4 1 2 3 3 4 1 2 1 2 1 4 1 3 1 3 2 3 3 4 1 3 4 2 4 3 3 3 1 1 3 4 1 1 1 2 1 4 1 3 4 1 1 2 1 1 4 1 4 1 4 1 3 4 4 4 1 1 1 4 1 3
14 0.162226 3 2 3 3 4 3 1 3 3 3 3 3 4 1 3 2 2 3 3 3 1 4 2 3 1 3 2 1 1 4 1 2 1 4 4 1 2 3 3 4 1 2 1 2 1 4 1 3 1 3 2 3 3 4 1 3 4 2 4 3 3 3 1 1 3 4 1 1 1 2 1 4 1 3 4 1 1 2 1 1 4 1 4 1 4 1 3 4 4 2 1 1 1 4 1 3
15 0.004063 3 2 3 3 4 3 1 3 3 3 3 3 4 1 3 2 1 3 3 3 1 4 2 3 1 3 2 1 1 4 1 2 1 4 4 1 2 3 3 4 1 2 1 2 1 4 1 3 1 3 2 3 3 4 1 3 2 2 4 3 3 3 1 1 3 4 1 1 1 2 1 4 1 3 4 1 1 2 1 1 4 1 4 1 4 1 3 4 4 4 1 1 1 4 1 3
15 0.160572 3 2 3 3 4 3 1 3 3 3 1 3 4 1 3 2 2 3 3 3 1 4 2 3 1 3 2 1 1 4 1 2 1 4 4 1 2 3 3 4 1 2 1 2 1 4 1 3 1 3 2 3 3 4 1 3 4 2 4 3 3 3 1 1 3 4 1 1 1 2 1 4 1 3 4 1 1 2 1 1 4 1 4 1 4 1 3 4 4 2 1 1 1 4 1 3
15 0.160572 3 2 3 3 4 3 1 3 3 3 3 3 4 1 3 2 2 3 3 3 1 4 2 3 1 3 2 1 1 4 1 2 1 4 4 1 2 3 3 4 1 2 1 2 1 4 1 3 1 3 2 3 3 4 1 3 4 2 4 3 3 3 1 1 3 4 1 1 1 2 1 4 1 3 4 1 1 2 1 1 2 1 4 1 4 1 3 4 4 4 1 1 1 4 1 3
15 0.160572 3 2 3 3 4 3 1 3 3 3 3 3 4 1 3 2 2 3 3 3 1 4 2 3 1 3 2 1 1 4 1 2 1 4 4 1 2 3 3 4 1 2 1 2 1 4 1 3 1 3 4 3 3 4 1 3 4 2 4 3 3 3 1 1 3 4 1 1 1 2 1 4 1 3 4 1 1 2 1 1 4 1 4 1 4 1 3 4 4 4 1 1 1 4 1 3
15 0.160572 3 2 3 3 4 3 1 3 3 3 3 3 4 1 3 2 2 3 3 3 3 4 2 3 1 3 2 1 1 4 1 2 1 4 4 1 2 3 3 4 1 2 1 2 1 4 1 3 1 3 2 3 3 4 1 3 4 2 4 3 3 3 1 1 3 4 1 1 1 2 1 4 1 3 4 1 1 2 1 1 4 1 4 1 4 1 3 4 4 4 1 1 1 4 1 3
15 0.004063 3 2 3 3 4 3 1 3 3 3 3 1 4 1 3 2 2 3 3 3 1 4 2 3 1 3 2 1 1 4 1 2 1 4 4 1 2 3 3 4 1 2 1 2 1 4 1 3 1 3 2 3 3 4 1 3 4 2 4 3 3 3 1 1 3 4 1 1 1 2 1 4 1 3 4 1 1 2 1 1 4 1 4 1 4 1 3 4 4 4 1 1 1 4 1 3
15 0.004063 3 2 3 3 4 3 3 3 3 3 3 3 4 1 3 2 2 3 3 3 1 4 2 3 1 3 2 1 3 4 1 2 1 4 4 1 2 3 3 4 1 2 1 2 1 4 1 3 1 3 2 3 3 4 1 3 4 2 4 3 3 3 1 1 3 4 1 1 1 2 1 4 1 3 4 1 1 2 1 1 4 1 4 1 4 1 3 4 4 4 1 1 1 4 1 3
15 0.004063 3 2 3 3 4 3 1 3 3 3 3 3 4 1 3 2 2 3 3 3 1 4 2 3 1 3 2 1 1 4 1 2 1 4 4 1 2 3 3 4 1 2 1 2 1 4 3 3 1 3 2 3 3 4 1 3 4 2 4 3 3 3 1 1 3 4 1 1 1 2 1 4 1 3 4 1 1 2 1 1 4 1 4 1 4 1 3 4 4 4 1 1 1 4 1 3
15 0.004063 3 2 3 3 4 3 1 3 3 3 3 3 4 1 3 2 2 1 3 3 1 4 2 3 1 3 2 1 1 4 1 2 1 4 4 1 2 3 3 4 3 2 1 2 1 4 1 3 1 3 2 3 3 4 1 3 4 2 4 3 3 3 1 1 3 4 1 1 1 2 1 4 1 3 4 1 1 2 1 1 4 1 4 1 4 1 3 4 4 4 1 1 1 4 1 3
15 0.176825 3 2 3 3 4 3 1 3 3 3 3 3 4 1 3 2 2 3 3 3 1 4 2 3 1 3 2 1 1 4 1 2 1 4 4 1 2 3 3 4 1 2 1 2 1 4 1 3 1 3 2 3 3 4 1 3 4 2 4 3 3 3 1 1 3 4 1 1 1 2 1 4 1 3 4 1 1 2 1 1 4 1 4 1 4 1 3 4 4 4 1 1 1 4 1 3
15 0.160572 3 2 3 3 4 3 1 3 3 3 3 3 4 1 3 2 2 3 3 3 1 4 2 3 1 3 2 1 1 4 1 2 1 4 4 1 2 3 3 4 1 2 1 2 1 4 1 3 1 3 2 3 3 4 1 3 4 2 4 3 3 3 1 1 3 4 1 1 1 2 1 4 1 3 4 1 1 2 1 1 4 1 4 1 4 1 3 4 4 2 1 1 1 4 1 3
16 0.005476 3 2 3 3 4 3 1 3 3 3 3 3 4 1 3 2 1 3 3 3 1 4 2 3 1 3 2 1 1 4 1 2 1 4 4 1 2 3 3 4 1 2 1 2 1 4 1 3 1 3 2 3 3 4 1 3 2 2 4 3 3 3 1 1 3 4 1 1 1 2 1 4 1 3 4 1 1 2 1 1 4 1 4 1 4 1 3 4 4 4 1 1 1 4 1 3
16 0.158453 3 2 3 3 4 3 1 3 3 3 1 3 4 1 3 2 2 3 3 3 1 4 2 3 1 3 2 1 1 4 1 2 1 4 4 1 2 3 3 4 1 2 1 2 1 4 1 3 1 3 2 3 3 4 1 3 4 2 4 3 3 3 1 1 3 4 1 1 1 2 1 4 1 3 4 1 1 2 1 1 4 1 4 1 4 1 3 4 4 2 1 1 1 4 1 3
16 0.158453 3 2 3 3 4 3 1 3 3 3 3 3 4 1 3 2 2 3 3 3 1 4 2 3 1 3 2 1 1 4 1 2 1 4 4 1 2 3 3 4 1 2 1 2 1 4 1 3 1 3 2 3 3 4 1 3 4 2 4 3 3 3 1 1 3 4 1 1 1 2 1 4 1 3 4 1 1 2 1 1 2 1 4 1 4 1 3 4 4 4 1 1 1 4 1 3
16 0.158453 3 2 3 3 4 3 1 3 3 3 3 3 4 1 3 2 2 3 3 3 1 4 2 3 1 3 2 1 1 4 1 2 1 4 4 1 2 3 3 4 1 2 1 2 1 4 1 3 1 3 4 3 3 4 1 3 4 2 4 3 3 3 1 1 3 4 1 1 1 2 1 4 1 3 4 1 1 2 1 1 4 1 4 1 4 1 3 4 4 4 1 1 1 4 1 3
16 0.158453 3 2 3 3 4 3 1 3 3 3 3 3 4 1 3 2 2 3 3 3 3 4 2 3 1 3 2 1 1 4 1 2 1 4 4 1 2 3 3 4 1 2 1 2 1 4 1 3 1 3 2 3 3 4 1 3 4 2 4 3 3 3 1 1 3 4 1 1 1 2 1 4 1 3 4 1 1 2 1 1 4 1 4 1 4 1 3 4 4 4 1 1 1 4 1 3
16 0.005476 3 2 3 3 4 3 1 3 3 3 3 1 4 1 3 2 2 3 3 3 1 4 2 3 1 3 2 1 1 4 1 2 1 4 4 1 2 3 3 4 1 2 1 2 1 4 1 3 1 3 2 3 3 4 1 3 4 2 4 3 3 3 1 1 3 4 1 1 1 2 1 4 1 3 4 1 1 2 1 1 4 1 4 1 4 1 3 4 4 4 1 1 1 4 1 3
16 0.005476 3 2 3 3 4 3 3 3 3 3 3 3 4 1 3 2 2 3 3 3 1 4 2 3 1 3 2 1 3 4 1 2 1 4 4 1 2 3 3 4 1 2 1 2 1 4 1 3 1 3 2 3 3 4 1 3 4 2 4 3 3 3 1 1 3 4 1 1 1 2 1 4 1 3 4 1 1 2 1 1 4 1 4 1 4 1 3 4 4 4 1 1 1 4 1 3
16 0.005476 3 2 3 3 4 3 1 3 3 3 3 3 4 1 3 2 2 3 3 3 1 4 2 3 1 3 2 1 1 4 1 2 1 4 4 1 2 3 3 4 1 2 1 2 1 4 3 3 1 3 2 3 3 4 1 3 4 2 4 3 3 3 1 1 3 4 1 1 1 2 1 4 1 3 4 1 1 2 1 1 4 1 4 1 4 1 3 4 4 4 1 1 1 4 1 3
16 0.005476 3 2 3 3 4 3 1 3 3 3 3 3 4 1 3 2 2 1 3 3 1 4 2 3 1 3 2 1 1 4 1 2 1 4 4 1 2 3 3 4 3 2 1 2 1 4 1 3 1 3 2 3 3 4 1 3 4 2 4 3 3 3 1 1 3 4 1 1 1 2 1 4 1 3 4 1 1 2 1 1 4 1 4 1 4 1 3 4 4 4 1 1 1 4 1 3
16 0.180356 3 2 3 3 4 3 1 3 3 3 3 3 4 1 3 2 2 3 3 3 1 4 2 3 1 3 2 1 1 4 1 2 1 4 4 1 2 3 3 4 1 2 1 2 1 4 1 3 1 3 2 3 3 4 1 3 4 2 4 3 3 3 1 1 3 4 1 1 1 2 1 4 1 3 4 1 1 2 1 1 4 1 4 1 4 1 3 4 4 4 1 1 1 4 1 3
16 0.158453 3 2 3 3 4 3 1 3 3 3 3 3 4 1 3 2 2 3 3 3 1 4 2 3 1 3 2 1 1 4 1 2 1 4 4 1 2 3 3 4 1 2 1 2 1 4 1 3 1 3 2 3 3 4 1 3 4 2 4 3 3 3 1 1 3 4 1 1 1 2 1 4 1 3 4 1 1 2 1 1 4 1 4 1 4 1 3 4 4 2 1 1 1 4 1 3
17 0.007271 3 2 3 3 4 3 1 3 3 3 3 3 4 1 3 2 1 3 3 3 1 4 2 3 1 3 2 1 1 4 1 2 1 4 4 1 2 3 3 4 1 2 1 2 1 4 1 3 1 3 2 3 3 4 1 3 2 2 4 3 3 3 1 1 3 4 1 1 1 2 1 4 1 3 4 1 1 2 1 1 4 1 4 1 4 1 3 4 4 4 1 1 1 4 1 3
17 0.155760 3 2 3 3 4 3 1 3 3 3 1 3 4 1 3 2 2 3 3 3 1 4 2 3 1 3 2 1 1 4 1 2 1 4 4 1 2 3 3 4 1 2 1 2 1 4 1 3 1 3 2 3 3 4 1 3 4 2 4 3 3 3 1 1 3 4 1 1 1 2 1 4 1 3 4 1 1 2 1 1 4 1 4 1 4 1 3 4 4 2 1 1 1 4 1 3
17 0.155760 3 2 3 3 4 3 1 3 3 3 3 3 4 1 3 2 2 3 3 3 1 4 2 3 1 3 2 1 1 4 1 2 1 4 4 1 2 3 3 4 1 2 1 2 1 4 1 3 1 3 2 3 3 4 1 3 4 2 4 3 3 3 1 1 3 4 1 1 1 2 1 4 1 3 4 1 1 2 1 1 2 1 4 1 4 1 3 4 4 4 1 1 1 4 1 3
17 0.155760 3 2 3 3 4 3 1 3 3 3 3 3 4 1 3 2 2 3 3 3 1 4 2 3 1 3 2 1 1 4 1 2 1 4 4 1 2 3 3 4 1 2 1 2 1 4 1 3 1 3 4 3 3 4 1 3 4 2 4 3 3 3 1 1 3 4 1 1 1 2 1 4 1 3 4 1 1 2 1 1 4 1 4 1 4 1 3 4 4 4 1 1 1 4 1 3
17 0.155760 3 2 3 3 4 3 1 3 3 3 3 3 4 1 3 2 2 3 3 3 3 4 2 3 1 3 2 1 1 4 1 2 1 4 4 1 2 3 3 4 1 2 1 2 1 4 1 3 1 3 2 3 3 4 1 3 4 2 4 3 3 3 1 1 3 4 1 1 1 2 1 4 1 3 4 1 1 2 1 1 4 1 4 1 4 1 3 4 4 4 1 1 1 4 1 3
17 0.007271 3 2 3 3 4 3 1 3 3 3 3 1 4 1 3 2 2 3 3 3 1 4 2 3 1 3 2 1 1 4 1 2 1 4 4 1 2 3 3 4 1 2 1 2 1 4 1 3 1 3 2 3 3 4 1 3 4 2 4 3 3 3 1 1 3 4 1 1 1 2 1 4 1 3 4 1 1 2 1 1 4 1 4 1 4 1 3 4 4 4 1 1 1 4 1 3
17 0.007271 3 2 3 3 4 3 3 3 3 3 3 3 4 1 3 2 2 3 3 3 1 4 2 3 1 3 2 1 3 4 1 2 1 4 4 1 2 3 3 4 1 2 1 2 1 4 1 3 1 3 2 3 3 4 1 3 4 2 4 3 3 3 1 1 3 4 1 1 1 2 1 4 1 3 4 1 1 2 1 1 4 1 4 1 4 1 3 4 4 4 1 1 1 4 1 3
17 0.007271 3 2 3 3 4 3 1 3 3 3 3 3 4 1 3 2 2 3 3 3 1 4 2 3 1 3 2 1 1 4 1 2 1 4 4 1 2 3 3 4 1 2 1 2 1 4 3 3 1 3 2 3 3 4 1 3 4 2 4 3 3 3 1 1 3 4 1 1 1 2 1 4 1 3 4 1 1 2 1 1 4 1 4 1 4 1 3 4 4 4 1 1 1 4 1 3
17 0.007271 3 2 3 3 4 3 1 3 3 3 3 3 4 1 3 2 2 1 3 3 1 4 2 3 1 3 2 1 1 4 1 2 1 4 4 1 2 3 3 4 3 2 1 2 1 4 1 3 1 3 2 3 3 4 1 3 4 2 4 3 3 3 1 1 3 4 1 1 1 2 1 4 1 3 4 1 1 2 1 1 4 1 4 1 4 1 3 4 4 4 1 1 1 4 1 3
17 0.184844 3 2 3 3 4 3 1 3 3 3 3 3 4 1 3 2 2 3 3 3 1 4 2 3 1 3 2 1 1 4 1 2 1 4 4 1 2 3 3 4 1 2 1 2 1 4 1 3 1 3 2 3 3 4 1 3 4 2 4 3 3 3 1 1 3 4 1 1 1 2 1 4 1 3 4 1 1 2 1 1 4 1 4 1 4 1 3 4 4 4 1 1 1 4 1 3
17 0.155760 3 2 3 3 4 3 1 3 3 3 3 3 4 1 3 2 2 3 3 3 1 4 2 3 1 3 2 1 1 4 1 2 1 4 4 1 2 3 3 4 1 2 1 2 1 4 1 3 1 3 2 3 3 4 1 3 4 2 4 3 3 3 1 1 3 4 1 1 1 2 1 4 1 3 4 1 1 2 1 1 4 1 4 1 4 1 3 4 4 2 1 1 1 4 1 3
18 0.009534 3 2 3 3 4 3 1 3 3 3 3 3 4 1 3 2 1 3 3 3 1 4 2 3 1 3 2 1 1 4 1 2 1 4 4 1 2 3 3 4 1 2 1 2 1 4 1 3 1 3 2 3 3 4 1 3 2 2 4 3 3 3 1 1 3 4 1 1 1 2 1 4 1 3 4 1 1 2 1 1 4 1 4 1 4 1 3 4 4 4 1 1 1 4 1 3
18 0.152366 3 2 3 3 4 3 1 3 3 3 1 3 4 1 3 2 2 3 3 3 1 4 2 3 1 3 2 1 1 4 1 2 1 4 4 1 2 3 3 4 1 2 1 2 1 4 1 3 1 3 2 3 3 4 1 3 4 2 4 3 3 3 1 1 3 4 1 1 1 2 1 4 1 3 4 1 1 2 1 1 4 1 4 1 4 1 3 4 4 2 1 1 1 4 1 3
18 0.152366 3 2 3 3 4 3 1 3 3 3 3 3 4 1 3 2 2 3 3 3 1 4 2 3 1 3 2 1 1 4 1 2 1 4 4 1 2 3 3 4 1 2 1 2 1 4 1 3 1 3 2 3 3 4 1 3 4 2 4 3 3 3 1 1 3 4 1 1 1 2 1 4 1 3 4 1 1 2 1 1 2 1 4 1 4 1 3 4 4 4 1 1 1 4 1 3
18 0.152366 3 2 3 3 4 3 1 3 3 3 3 3 4 1 3 2 2 3 3 3 1 4 2 3 1 3 2 1 1 4 1 2 1 4 4 1 2 3 3 4 1 2 1 2 1 4 1 3 1 3 4 3 3 4 1 3 4 2 4 3 3 3 1 1 3 4 1 1 1 2 1 4 1 3 4 1 1 2 1 1 4 1 4 1 4 1 3 4 4 4 1 1 1 4 1 3
18 0.152366 3 2 3 3 4 3 1 3 3 3 3 3 4 1 3 2 2 3 3 3 3 4 2 3 1 3 2 1 1 4 1 2 1 4 4 1 2 3 3 4 1 2 1 2 1 4 1 3 1 3 2 3 3 4 1 3 4 2 4 3 3 3 1 1 3 4 1 1 1 2 1 4 1 3 4 1 1 2 1 1 4 1 4 1 4 1 3 4 4 4 1 1 1 4 1 3
18 0.009534 3 2 3 3 4 3 1 3 3 3 3 1 4 1 3 2 2 3 3 3 1 4 2 3 1 3 2 1 1 4 1 2 1 4 4 1 2 3 3 4 1 2 1 2 1 4 1 3 1 3 2 3 3 4 1 3 4 2 4 3 3 3 1 1 3 4 1 1 1 2 1 4 1 3 4 1 1 2 1 1 4 1 4 1 4 1 3 4 4 4 1 1 1 4 1 3
18 0.009534 3 2 3 3 4 3 3 3 3 3 3 3 4 1 3 2 2 3 3 3 1 4 2 3 1 3 2 1 3 4 1 2 1 4 4 1 2 3 3 4 1 2 1 2 1 4 1 3 1 3 2 3 3 4 1 3 4 2 4 3 3 3 1 1 3 4 1 1 1 2 1 4 1 3 4 1 1 2 1 1 4 1 4 1 4 1 3 4 4 4 1 1 1 4 1 3
18 0.009534 3 2 3 3 4 3 1 3 3 3 3 3 4 1 3 2 2 3 3 3 1 4 2 3 1 3 2 1 1 4 1 2 1 4 4 1 2 3 3 4 1 2 1 2 1 4 3 3 1 3 2 3 3 4 1 3 4 2 4 3 3 3 1 1 3 4 1 1 1 2 1 4 1 3 4 1 1 2 1 1 4 1 4 1 4 1 3 4 4 4 1 1 1 4 1 3
18 0.009534 3 2 3 3 4 3 1 3 3 3 3 3 4 1 3 2 2 1 3 3 1 4 2 3 1 3 2 1 1 4 1 2 1 4 4 1 2 3 3 4 3 2 1 2 1 4 1 3 1 3 2 3 3 4 1 3 4 2 4 3 3 3 1 1 3 4 1 1 1 2 1 4 1 3 4 1 1 2 1 1 4 1 4 1 4 1 3 4 4 4 1 1 1 4 1 3
18 0.190501 3 2 3 3 4 3 1 3 3 3 3 3 4 1 3 2 2 3 3 3 1 4 2 3 1 3 2 1 1 4 1 2 1 4 4 1 2 3 3 4 1 2 1 2 1 4 1 3 1 3 2 3 3 4 1 3 4 2 4 3 3 3 1 1 3 4 1 1 1 2 1 4 1 3 4 1 1 2 1 1 4 1 4 1 4 1 3 4 4 4 1 1 1 4 1 3
18 0.152366 3 2 3 3 4 3 1 3 3 3 3 3 4 1 3 2 2 3 3 3 1 4 2 3 1 3 2 1 1 4 1 2 1 4 4 1 2 3 3 4 1 2 1 2 1 4 1 3 1 3 2 3 3 4 1 3 4 2 4 3 3 3 1 1 3 4 1 1 1 2 1 4 1 3 4 1 1 2 1 1 4 1 4 1 4 1 3 4 4 2 1 1 1 4 1 3
19 0.012354 3 2 3 3 4 3 1 3 3 3 3 3 4 1 3 2 1 3 3 3 1 4 2 3 1 3 2 1 1 4 1 2 1 4 4 1 2 3 3 4 1 2 1 2 1 4 1 3 1 3 2 3 3 4 1 3 2 2 4 3 3 3 1 1 3 4 1 1 1 2 1 4 1 3 4 1 1 2 1 1 4 1 4 1 4 1 3 4 4 4 1 1 1 4 1 3
19 0.148135 3 2 3 3 4 3 1 3 3 3 1 3 4 1 3 2 2 3 3 3 1 4 2 3 1 3 2 1 1 4 1 2 1 4 4 1 2 3 3 4 1 2 1 2 1 4 1 3 1 3 2 3 3 4 1 3 4 2 4 3 3 3 1 1 3 4 1 1 1 2 1 4 1 3 4 1 1 2 1 1 4 1 4 1 4 1 3 4 4 2 1 1 1 4 1 3
19 0.148135 3 2 3 3 4 3 1 3 3 3 3 3 4 1 3 2 2 3 3 3 1 4 2 3 1 3 2 1 1 4 1 2 1 4 4 1 2 3 3 4 1 2 1 2 1 4 1 3 1 3 2 3 3 4 1 3 4 2 4 3 3 3 1 1 3 4 1 1 1 2 1 4 1 3 4 1 1 2 1 1 2 1 4 1 4 1 3 4 4 4 1 1 1 4 1 3
19 0.148135 3 2 3 3 4 3 1 3 3 3 3 3 4 1 3 2 2 3 3 3 1 4 2 3 1 3 2 1 1 4 1 2 1 4 4 1 2 3 3 4 1 2 1 2 1 4 1 3 1 3 4 3 3 4 1 3 4 2 4 3 3 3 1 1 3 4 1 1 1 2 1 4 1 3 4 1 1 2 1 1 4 1 4 1 4 1 3 4 4 4 1 1 1 4 1 3
19 0.148135 3 2 3 3 4 3 1 3 3 3 3 3 4 1 3 2 2 3 3 3 3 4 2 3 1 3 2 1 1 4 1 2 1 4 4 1 2 3 3 4 1 2 1 2 1 4 1 3 1 3 2 3 3 4 1 3 4 2 4 3 3 3 1 1 3 4 1 1 1 2 1 4 1 3 4 1 1 2 1 1 4 1 4 1 4 1 3 4 4 4 1 1 1 4 1 3
19 0.012354 3 2 3 3 4 3 1 3 3 3 3 1 4 1 3 2 2 3 3 3 1 4 2 3 1 3 2 1 1 4 1 2 1 4 4 1 2 3 3 4 1 2 1 2 1 4 1 3 1 3 2 3 3 4 1 3 4 2 4 3 3 3 1 1 3 4 1 1 1 2 1 4 1 3 4 1 1 2 1 1 4 1 4 1 4 1 3 4 4 4 1 1 1 4 1 3
19 0.012354 3 2 3 3 4 3 3 3 3 3 3 3 4 1 3 2 2 3 3 3 1 4 2 3 1 3 2 1 3 4 1 2 1 4 4 1 2 3 3 4 1 2 1 2 1 4 1 3 1 3 2 3 3 4 1 3 4 2 4 3 3 3 1 1 3 4 1 1 1 2 1 4 1 3 4 1 1 2 1 1 4 1 4 1 4 1 3 4 4 4 1 1 1 4 1 3
19 0.012354 3 2 3 3 4 3 1 3 3 3 3 3 4 1 3 2 2 3 3 3 1 4 2 3 1 3 2 1 1 4 1 2 1 4 4 1 2 3 3 4 1 2 1 2 1 4 3 3 1 3 2 3 3 4 1 3 4 2 4 3 3 3 1 1 3 4 1 1 1 2 1 4 1 3 4 1 1 2 1 1 4 1 4 1 4 1 3 4 4 4 1 1 1 4 1 3
19 0.012354 3 2 3 3 4 3 1 3 3 3 3 3 4 1 3 2 2 1 3 3 1 4 2 3 1 3 2 1 1 4 1 2 1 4 4 1 2 3 3 4 3 2 1 2 1 4 1 3 1 3 2 3 3 4 1 3 4 2 4 3 3 3 1 1 3 4 1 1 1 2 1 4 1 3 4 1 1 2 1 1 4 1 4 1 4 1 3 4 4 4 1 1 1 4 1 3
19 0.197553 3 2 3 3 4 3 1 3 3 3 3 3 4 1 3 2 2 3 3 3 1 4 2 3 1 3 2 1 1 4 1 2 1 4 4 1 2 3 3 4 1 2 1 2 1 4 1 3 1 3 2 3 3 4 1 3 4 2 4 3 3 3 1 1 3 4 1 1 1 2 1 4 1 3 4 1 1 2 1 1 4 1 4 1 4 1 3 4 4 4 1 1 1 4 1 3
19 0.148135 3 2 3 3 4 3 1 3 3 3 3 3 4 1 3 2 2 3 3 3 1 4 2 3 1 3 2 1 1 4 1 2 1 4 4 1 2 3 3 4 1 2 1 2 1 4 1 3 1 3 2 3 3 4 1 3 4 2 4 3 3 3 1 1 3 4 1 1 1 2 1 4 1 3 4 1 1 2 1 1 4 1 4 1 4 1 3 4 4 2 1 1 1 4 1 3
20 0.015823 3 2 3 3 4 3 1 3 3 3 3 3 4 1 3 2 1 3 3 3 1 4 2 3 1 3 2 1 1 4 1 2 1 4 4 1 2 3 3 4 1 2 1 2 1 4 1 3 1 3 2 3 3 4 1 3 2 2 4 3 3 3 1 1 3 4 1 1 1 2 1 4 1 3 4 1 1 2 1 1 4 1 4 1 4 1 3 4 4 4 1 1 1 4 1 3
20 0.142932 3 2 3 3 4 3 1 3 3 3 1 3 4 1 3 2 2 3 3 3 1 4 2 3 1 3 2 1 1 4 1 2 1 4 4 1 2 3 3 4 1 2 1 2 1 4 1 3 1 3 2 3 3 4 1 3 4 2 4 3 3 3 1 1 3 4 1 1 1 2 1 4 1 3 4 1 1 2 1 1 4 1 4 1 4 1 3 4 4 2 1 1 1 4 1 3
20 0.142932 3 2 3 3 4 3 1 3 3 3 3 3 4 1 3 2 2 3 3 3 1 4 2 3 1 3 2 1 1 4 1 2 1 4 4 1 2 3 3 4 1 2 1 2 1 4 1 3 1 3 2 3 3 4 1 3 4 2 4 3 3 3 1 1 3 4 1 1 1 2 1 4 1 3 4 1 1 2 1 1 2 1 4 1 4 1 3 4 4 4 1 1 1 4 1 3
20 0.142932 3 2 3 3 4 3 1 3 3 3 3 3 4 1 3 2 2 3 3 3 1 4 2 3 1 3 2 1 1 4 1 2 1 4 4 1 2 3 3 4 1 2 1 2 1 4 1 3 1 3 4 3 3 4 1 3 4 2 4 3 3 3 1 1 3 4 1 1 1 2 1 4 1 3 4 1 1 2 1 1 4 1 4 1 4 1 3 4 4 4 1 1 1 4 1 3
20 0.142932 3 2 3 3 4 3 1 3 3 3 3 3 4 1 3 2 2 3 3 3 3 4 2 3 1 3 2 1 1 4 1 2 1 4 4 1 2 3 3 4 1 2 1 2 1 4 1 3 1 3 2 3 3 4 1 3 4 2 4 3 3 3 1 1 3 4 1 1 1 2 1 4 1 3 4 1 1 2 1 1 4 1 4 1 4 1 3 4 4 4 1 1 1 4 1 3
20 0.015823 3 2 3 3 4 3 1 3 3 3 3 1 4 1 3 2 2 3 3 3 1 4 2 3 1 3 2 1 1 4 1 2 1 4 4 1 2 3 3 4 1 2 1 2 1 4 1 3 1 3 2 3 3 4 1 3 4 2 4 3 3 3 1 1 3 4 1 1 1 2 1 4 1 3 4 1 1 2 1 1 4 1 4 1 4 1 3 4 4 4 1 1 1 4 1 3
20 0.015823 3 2 3 3 4 3 3 3 3 3 3 3 4 1 3 2 2 3 3 3 1 4 2 3 1 3 2 1 3 4 1 2 1 4 4 1 2 3 3 4 1 2 1 2 1 4 1 3 1 3 2 3 3 4 1 3 4 2 4 3 3 3 1 1 3 4 1 1 1 2 1 4 1 3 4 1 1 2 1 1 4 1 4 1 4 1 3 4 4 4 1 1 1 4 1 3
20 0.015823 3 2 3 3 4 3 1 3 3 3 3 3 4 1 3 2 2 3 3 3 1 4 2 3 1 3 2 1 1 4 1 2 1 4 4 1 2 3 3 4 1 2 1 2 1 4 3 3 1 3 2 3 3 4 1 3 4 2 4 3 3 3 1 1 3 4 1 1 1 2 1 4 1 3 4 1 1 2 1 1 4 1 4 1 4 1 3 4 4 4 1 1 1 4 1 3
20 0.015823 3 2 3 3 4 3 1 3 3 3 3 3 4 1 3 2 2 1 3 3 1 4 2 3 1 3 2 1 1 4 1 2 1 4 4 1 2 3 3 4 3 2 1 2 1 4 1 3 1 3 2 3 3 4 1 3 4 2 4 3 3 3 1 1 3 4 1 1 1 2 1 4 1 3 4 1 1 2 1 1 4 1 4 1 4 1 3 4 4 4 1 1 1 4 1 3
20 0.206225 3 2 3 3 4 3 1 3 3 3 3 3 4 1 3 2 2 3 3 3 1 4 2 3 1 3 2 1 1 4 1 2 1 4 4 1 2 3 3 4 1 2 1 2 1 4 1 3 1 3 2 3 3 4 1 3 4 2 4 3 3 3 1 1 3 4 1 1 1 2 1 4 1 3 4 1 1 2 1 1 4 1 4 1 4 1 3 4 4 4 1 1 1 4 1 3
20 0.142932 3 2 3 3 4 3 1 3 3 3 3 3 4 1 3 2 2 3 3 3 1 4 2 3 1 3 2 1 1 4 1 2 1 4 4 1 2 3 3 4 1 2 1 2 1 4 1 3 1 3 2 3 3 4 1 3 4 2 4 3 3 3 1 1 3 4 1 1 1 2 1 4 1 3 4 1 1 2 1 1 4 1 4 1 4 1 3 4 4 2 1 1 1 4 1 3
21 0.020019 3 2 3 3 4 3 1 3 3 3 3 3 4 1 3 2 1 3 3 3 1 4 2 3 1 3 2 1 1 4 1 2 1 4 4 1 2 3 3 4 1 2 1 2 1 4 1 3 1 3 2 3 3 4 1 3 2 2 4 3 3 3 1 1 3 4 1 1 1 2 1 4 1 3 4 1 1 2 1 1 4 1 4 1 4 1 3 4 4 4 1 1 1 4 1 3
21 0.136639 3 2 3 3 4 3 1 3 3 3 1 3 4 1 3 2 2 3 3 3 1 4 2 3 1 3 2 1 1 4 1 2 1 4 4 1 2 3 3 4 1 2 1 2 1 4 1 3 1 3 2 3 3 4 1 3 4 2 4 3 3 3 1 1 3 4 1 1 1 2 1 4 1 3 4 1 1 2 1 1 4 1 4 1 4 1 3 4 4 2 1 1 1 4 1 3
21 0.136639 3 2 3 3 4 3 1 3 3 3 3 3 4 1 3 2 2 3 3 3 1 4 2 3 1 3 2 1 1 4 1 2 1 4 4 1 2 3 3 4 1 2 1 2 1 4 1 3 1 3 2 3 3 4 1 3 4 2 4 3 3 3 1 1 3 4 1 1 1 2 1 4 1 3 4 1 1 2 1 1 2 1 4 1 4 1 3 4 4 4 1 1 1 4 1 3
21 0.136639 3 2 3 3 4 3 1 3 3 3 3 3 4 1 3 2 2 3 3 3 1 4 2 3 1 3 2 1 1 4 1 2 1 4 4 1 2 3 3 4 1 2 1 2 1 4 1 3 1 3 4 3 3 4 1 3 4 2 4 3 3 3 1 1 3 4 1 1 1 2 1 4 1 3 4 1 1 2 1 1 4 1 4 1 4 1 3 4 4 4 1 1 1 4 1 3
21 0.136639 3 2 3 3 4 3 1 3 3 3 3 3 4 1 3 2 2 3 3 3 3 4 2 3 1 3 2 1 1 4 1 2 1 4 4 1 2 3 3 4 1 2 1 2 1 4 1 3 1 3 2 3 3 4 1 3 4 2 4 3 3 3 1 1 3 4 1 1 1 2 1 4 1 3 4 1 1 2 1 1 4 1 4 1 4 1 3 4 4 4 1 1 1 4 1 3
21 0.020019 3 2 3 3 4 3 1 3 3 3 3 1 4 1 3 2 2 3 3 3 1 4 2 3 1 3 2 1 1 4 1 2 1 4 4 1 2 3 3 4 1 2 1 2 1 4 1 3 1 3 2 3 3 4 1 3 4 2 4 3 3 3 1 1 3 4 1 1 1 2 1 4 1 3 4 1 1 2 1 1 4 1 4 1 4 1 3 4 4 4 1 1 1 4 1 3
21 0.020019 3 2 3 3 4 3 3 3 3 3 3 3 4 1 3 2 2 3 3 3 1 4 2 3 1 3 2 1 3 4 1 2 1 4 4 1 2 3 3 4 1 2 1 2 1 4 1 3 1 3 2 3 3 4 1 3 4 2 4 3 3 3 1 1 3 4 1 1 1 2 1 4 1 3 4 1 1 2 1 1 4 1 4 1 4 1 3 4 4 4 1 1 1 4 1 3
21 0.020019 3 2 3 3 4 3 1 3 3 3 3 3 4 1 3 2 2 3 3 3 1 4 2 3 1 3 2 1 1 4 1 2 1 4 4 1 2 3 3 4 1 2 1 2 1 4 3 3 1 3 2 3 3 4 1 3 4 2 4 3 3 3 1 1 3 4 1 1 1 2 1 4 1 3 4 1 1 2 1 1 4 1 4 1 4 1 3 4 4 4 1 1 1 4 1 3
21 0.020019 3 2 3 3 4 3 1 3 3 3 3 3 4 1 3 2 2 1 3 3 1 4 2 3 1 3 2 1 1 4 1 2 1 4 4 1 2 3 3 4 3 2 1 2 1 4 1 3 1 3 2 3 3 4 1 3 4 2 4 3 3 3 1 1 3 4 1 1 1 2 1 4 1 3 4 1 1 2 1 1 4 1 4 1 4 1 3 4 4 4 1 1 1 4 1 3
21 0.216713 3 2 3 3 4 3 1 3 3 3 3 3 4 1 3 2 2 3 3 3 1 4 2 3 1 3 2 1 1 4 1 2 1 4 4 1 2 3 3 4 1 2 1 2 1 4 1 3 1 3 2 3 3 4 1 3 4 2 4 3 3 3 1 1 3 4 1 1 1 2 1 4 1 3 4 1 1 2 1 1 4 1 4 1 4 1 3 4 4 4 1 1 1 4 1 3
21 0.136639 3 2 3 3 4 3 1 3 3 3 3 3 4 1 3 2 2 3 3 3 1 4 2 3 1 3 2 1 1 4 1 2 1 4 4 1 2 3 3 4 1 2 1 2 1 4 1 3 1 3 2 3 3 4 1 3 4 2 4 3 3 3 1 1 3 4 1 1 1 2 1 4 1 3 4 1 1 2 1 1 4 1 4 1 4 1 3 4 4 2 1 1 1 4 1 3
22 0.024991 3 2 3 3 4 3 1 3 3 3 3 3 4 1 3 2 1 3 3 3 1 4 2 3 1 3 2 1 1 4 1 2 1 4 4 1 2 3 3 4 1 2 1 2 1 4 1 3 1 3 2 3 3 4 1 3 2 2 4 3 3 3 1 1 3 4 1 1 1 2 1 4 1 3 4 1 1 2 1 1 4 1 4 1 4 1 3 4 4 4 1 1 1 4 1 3
22 0.129180 3 2 3 3 4 3 1 3 3 3 1 3 4 1 3 2 2 3 3 3 1 4 2 3 1 3 2 1 1 4 1 2 1 4 4 1 2 3 3 4 1 2 1 2 1 4 1 3 1 3 2 3 3 4 1 3 4 2 4 3 3 3 1 1 3 4 1 1 1 2 1 4 1 3 4 1 1 2 1 1 4 1 4 1 4 1 3 4 4 2 1 1 1 4 1 3
22 0.129180 3 2 3 3 4 3 1 3 3 3 3 3 4 1 3 2 2 3 3 3 1 4 2 3 1 3 2 1 1 4 1 2 1 4 4 1 2 3 3 4 1 2 1 2 1 4 1 3 1 3 2 3 3 4 1 3 4 2 4 3 3 3 1 1 3 4 1 1 1 2 1 4 1 3 4 1 1 2 1 1 2 1 4 1 4 1 3 4 4 4 1 1 1 4 1 3
22 0.129180 3 2 3 3 4 3 1 3 3 3 3 3 4 1 3 2 2 3 3 3 1 4 2 3 1 3 2 1 1 4 1 2 1 4 4 1 2 3 3 4 1 2 1 2 1 4 1 3 1 3 4 3 3 4 1 3 4 2 4 3 3 3 1 1 3 4 1 1 1 2 1 4 1 3 4 1 1 2 1 1 4 1 4 1 4 1 3 4 4 4 1 1 1 4 1 3
22 0.129180 3 2 3 3 4 3 1 3 3 3 3 3 4 1 3 2 2 3 3 3 3 4 2 3 1 3 2 1 1 4 1 2 1 4 4 1 2 3 3 4 1 2 1 2 1 4 1 3 1 3 2 3 3 4 1 3 4 2 4 3 3 3 1 1 3 4 1 1 1 2 1 4 1 3 4 1 1 2 1 1 4 1 4 1 4 1 3 4 4 4 1 1 1 4 1 3
22 0.024991 3 2 3 3 4 3 1 3 3 3 3 1 4 1 3 2 2 3 3 3 1 4 2 3 1 3 2 1 1 4 1 2 1 4 4 1 2 3 3 4 1 2 1 2 1 4 1 3 1 3 2 3 3 4 1 3 4 2 4 3 3 3 1 1 3 4 1 1 1 2 1 4 1 3 4 1 1 2 1 1 4 1 4 1 4 1 3 4 4 4 1 1 1 4 1 3
22 0.024991 3 2 3 3 4 3 3 3 3 3 3 3 4 1 3 2 2 3 3 3 1 4 2 3 1 3 2 1 3 4 1 2 1 4 4 1 2 3 3 4 1 2 1 2 1 4 1 3 1 3 2 3 3 4 1 3 4 2 4 3 3 3 1 1 3 4 1 1 1 2 1 4 1 3 4 1 1 2 1 1 4 1 4 1 4 1 3 4 4 4 1 1 1 4 1 3
22 0.024991 3 2 3 3 4 3 1 3 3 3 3 3 4 1 3 2 2 3 3 3 1 4 2 3 1 3 2 1 1 4 1 2 1 4 4 1 2 3 3 4 1 2 1 2 1 4 3 3 1 3 2 3 3 4 1 3 4 2 4 3 3 3 1 1 3 4 1 1 1 2 1 4 1 3 4 1 1 2 1 1 4 1 4 1 4 1 3 4 4 4 1 1 1 4 1 3
22 0.024991 3 2 3 3 4 3 1 3 3 3 3 3 4 1 3 2 2 1 3 3 1 4 2 3 1 3 2 1 1 4 1 2 1 4 4 1 2 3 3 4 3 2 1 2 1 4 1 3 1 3 2 3 3 4 1 3 4 2 4 3 3 3 1 1 3 4 1 1 1 2 1 4 1 3 4 1 1 2 1 1 4 1 4 1 4 1 3 4 4 4 1 1 1 4 1 3
22 0.229145 3 2 3 3 4 3 1 3 3 3 3 3 4 1 3 2 2 3 3 3 1 4 2 3 1 3 2 1 1 4 1 2 1 4 4 1 2 3 3 4 1 2 1 2 1 4 1 3 1 3 2 3 3 4 1 3 4 2 4 3 3 3 1 1 3 4 1 1 1 2 1 4 1 3 4 1 1 2 1 1 4 1 4 1 4 1 3 4 4 4 1 1 1 4 1 3
22 0.129180 3 2 3 3 4 3 1 3 3 3 3 3 4 1 3 2 2 3 3 3 1 4 2 3 1 3 2 1 1 4 1 2 1 4 4 1 2 3 3 4 1 2 1 2 1 4 1 3 1 3 2 3 3 4 1 3 4 2 4 3 3 3 1 1 3 4 1 1 1 2 1 4 1 3 4 1 1 2 1 1 4 1 4 1 4 1 3 4 4 2 1 1 1 4 1 3
23 0.030746 3 2 3 3 4 3 1 3 3 3 3 3 4 1 3 2 1 3 3 3 1 4 2 3 1 3 2 1 1 4 1 2 1 4 4 1 2 3 3 4 1 2 1 2 1 4 1 3 1 3 2 3 3 4 1 3 2 2 4 3 3 3 1 1 3 4 1 1 1 2 1 4 1 3 4 1 1 2 1 1 4 1 4 1 4 1 3 4 4 4 1 1 1 4 1 3
23 0.120548 3 2 3 3 4 3 1 3 3 3 1 3 4 1 3 2 2 3 3 3 1 4 2 3 1 3 2 1 1 4 1 2 1 4 4 1 2 3 3 4 1 2 1 2 1 4 1 3 1 3 2 3 3 4 1 3 4 2 4 3 3 3 1 1 3 4 1 1 1 2 1 4 1 3 4 1 1 2 1 1 4 1 4 1 4 1 3 4 4 2 1 1 1 4 1 3
23 0.120548 3 2 3 3 4 3 1 3 3 3 3 3 4 1 3 2 2 3 3 3 1 4 2 3 1 3 2 1 1 4 1 2 1 4 4 1 2 3 3 4 1 2 1 2 1 4 1 3 1 3 2 3 3 4 1 3 4 2 4 3 3 3 1 1 3 4 1 1 1 2 1 4 1 3 4 1 1 2 1 1 2 1 4 1 4 1 3 4 4 4 1 1 1 4 1 3
23 0.120548 3 2 3 3 4 3 1 3 3 3 3 3 4 1 3 2 2 3 3 3 1 4 2 3 1 3 2 1 1 4 1 2 1 4 4 1 2 3 3 4 1 2 1 2 1 4 1 3 1 3 4 3 3 4 1 3 4 2 4 3 3 3 1 1 3 4 1 1 1 2 1 4 1 3 4 1 1 2 1 1 4 1 4 1 4 1 3 4 4 4 1 1 1 4 1 3
23 0.120548 3 2 3 3 4 3 1 3 3 3 3 3 4 1 3 2 2 3 3 3 3 4 2 3 1 3 2 1 1 4 1 2 1 4 4 1 2 3 3 4 1 2 1 2 1 4 1 3 1 3 2 3 3 4 1 3 4 2 4 3 3 3 1 1 3 4 1 1 1 2 1 4 1 3 4 1 1 2 1 1 4 1 4 1 4 1 3 4 4 4 1 1 1 4 1 3
23 0.030746 3 2 3 3 4 3 1 3 3 3 3 1 4 1 3 2 2 3 3 3 1 4 2 3 1 3 2 1 1 4 1 2 1 4 4 1 2 3 3 4 1 2 1 2 1 4 1 3 1 3 2 3 3 4 1 3 4 2 4 3 3 3 1 1 3 4 1 1 1 2 1 4 1 3 4 1 1 2 1 1 4 1 4 1 4 1 3 4 4 4 1 1 1 4 1 3
23 0.030746 3 2 3 3 4 3 3 3 3 3 3 3 4 1 3 2 2 3 3 3 1 4 2 3 1 3 2 1 3 4 1 2 1 4 4 1 2 3 3 4 1 2 1 2 1 4 1 3 1 3 2 3 3 4 1 3 4 2 4 3 3 3 1 1 3 4 1 1 1 2 1 4 1 3 4 1 1 2 1 1 4 1 4 1 4 1 3 4 4 4 1 1 1 4 1 3
23 0.030746 3 2 3 3 4 3 1 3 3 3 3 3 4 1 3 2 2 3 3 3 1 4 2 3 1 3 2 1 1 4 1 2 1 4 4 1 2 3 3 4 1 2 1 2 1 4 3 3 1 3 2 3 3 4 1 3 4 2 4 3 3 3 1 1 3 4 1 1 1 2 1 4 1 3 4 1 1 2 1 1 4 1 4 1 4 1 3 4 4 4 1 1 1 4 1 3
23 0.030746 3 2 3 3 4 3 1 3 3 3 3 3 4 1 3 2 2 1 3 3 1 4 2 3 1 3 2 1 1 4 1 2 1 4 4 1 2 3 3 4 3 2 1 2 1 4 1 3 1 3 2 3 3 4 1 3 4 2 4 3 3 3 1 1 3 4 1 1 1 2 1 4 1 3 4 1 1 2 1 1 4 1 4 1 4 1 3 4 4 4 1 1 1 4 1 3
23 0.243531 3 2 3 3 4 3 1 3 3 3 3 3 4 1 3 2 2 3 3 3 1 4 2 3 1 3 2 1 1 4 1 2 1 4 4 1 2 3 3 4 1 2 1 2 1 4 1 3 1 3 2 3 3 4 1 3 4 2 4 3 3 3 1 1 3 4 1 1 1 2 1 4 1 3 4 1 1 2 1 1 4 1 4 1 4 1 3 4 4 4 1 1 1 4 1 3
23 0.120548 3 2 3 3 4 3 1 3 3 3 3 3 4 1 3 2 2 3 3 3 1 4 2 3 1 3 2 1 1 4 1 2 1 4 4 1 2 3 3 4 1 2 1 2 1 4 1 3 1 3 2 3 3 4 1 3 4 2 4 3 3 3 1 1 3 4 1 1 1 2 1 4 1 3 4 1 1 2 1 1 4 1 4 1 4 1 3 4 4 2 1 1 1 4 1 3
24 0.037224 3 2 3 3 4 3 1 3 3 3 3 3 4 1 3 2 1 3 3 3 1 4 2 3 1 3 2 1 1 4 1 2 1 4 4 1 2 3 3 4 1 2 1 2 1 4 1 3 1 3 2 3 3 4 1 3 2 2 4 3 3 3 1 1 3 4 1 1 1 2 1 4 1 3 4 1 1 2 1 1 4 1 4 1 4 1 3 4 4 4 1 1 1 4 1 3
24 0.110830 3 2 3 3 4 3 1 3 3 3 1 3 4 1 3 2 2 3 3 3 1 4 2 3 1 3 2 1 1 4 1 2 1 4 4 1 2 3 3 4 1 2 1 2 1 4 1 3 1 3 2 3 3 4 1 3 4 2 4 3 3 3 1 1 3 4 1 1 1 2 1 4 1 3 4 1 1 2 1 1 4 1 4 1 4 1 3 4 4 2 1 1 1 4 1 3
24 0.110830 3 2 3 3 4 3 1 3 3 3 3 3 4 1 3 2 2 3 3 3 1 4 2 3 1 3 2 1 1 4 1 2 1 4 4 1 2 3 3 4 1 2 1 2 1 4 1 3 1 3 2 3 3 4 1 3 4 2 4 3 3 3 1 1 3 4 1 1 1 2 1 4 1 3 4 1 1 2 1 1 2 1 4 1 4 1 3 4 4 4 1 1 1 4 1 3
24 0.110830 3 2 3 3 4 3 1 3 3 3 3 3 4 1 3 2 2 3 3 3 1 4 2 3 1 3 2 1 1 4 1 2 1 4 4 1 2 3 3 4 1 2 1 2 1 4 1 3 1 3 4 3 3 4 1 3 4 2 4 3 3 3 1 1 3 4 1 1 1 2 1 4 1 3 4 1 1 2 1 1 4 1 4 1 4 1 3 4 4 4 1 1 1 4 1 3
24 0.110830 3 2 3 3 4 3 1 3 3 3 3 3 4 1 3 2 2 3 3 3 3 4 2 3 1 3 2 1 1 4 1 2 1 4 4 1 2 3 3 4 1 2 1 2 1 4 1 3 1 3 2 3 3 4 1 3 4 2 4 3 3 3 1 1 3 4 1 1 1 2 1 4 1 3 4 1 1 2 1 1 4 1 4 1 4 1 3 4 4 4 1 1 1 4 1 3
24 0.037224 3 2 3 3 4 3 1 3 3 3 3 1 4 1 3 2 2 3 3 3 1 4 2 3 1 3 2 1 1 4 1 2 1 4 4 1 2 3 3 4 1 2 1 2 1 4 1 3 1 3 2 3 3 4 1 3 4 2 4 3 3 3 1 1 3 4 1 1 1 2 1 4 1 3 4 1 1 2 1 1 4 1 4 1 4 1 3 4 4 4 1 1 1 4 1 3
24 0.037224 3 2 3 3 4 3 3 3 3 3 3 3 4 1 3 2 2 3 3 3 1 4 2 3 1 3 2 1 3 4 1 2 1 4 4 1 2 3 3 4 1 2 1 2 1 4 1 3 1 3 2 3 3 4 1 3 4 2 4 3 3 3 1 1 3 4 1 1 1 2 1 4 1 3 4 1 1 2 1 1 4 1 4 1 4 1 3 4 4 4 1 1 1 4 1 3
24 0.037224 3 2 3 3 4 3 1 3 3 3 3 3 4 1 3 2 2 3 3 3 1 4 2 3 1 3 2 1 1 4 1 2 1 4 4 1 2 3 3 4 1 2 1 2 1 4 3 3 1 3 2 3 3 4 1 3 4 2 4 3 3 3 1 1 3 4 1 1 1 2 1 4 1 3 4 1 1 2 1 1 4 1 4 1 4 1 3 4 4 4 1 1 1 4 1 3
24 0.037224 3 2 3 3 4 3 1 3 3 3 3 3 4 1 3 2 2 1 3 3 1 4 2 3 1 3 2 1 1 4 1 2 1 4 4 1 2 3 3 4 3 2 1 2 1 4 1 3 1 3 2 3 3 4 1 3 4 2 4 3 3 3 1 1 3 4 1 1 1 2 1 4 1 3 4 1 1 2 1 1 4 1 4 1 4 1 3 4 4 4 1 1 1 4 1 3
24 0.259727 3 2 3 3 4 3 1 3 3 3 3 3 4 1 3 2 2 3 3 3 1 4 2 3 1 3 2 1 1 4 1 2 1 4 4 1 2 3 3 4 1 2 1 2 1 4 1 3 1 3 2 3 3 4 1 3 4 2 4 3 3 3 1 1 3 4 1 1 1 2 1 4 1 3 4 1 1 2 1 1 4 1 4 1 4 1 3 4 4 4 1 1 1 4 1 3
24 0.110830 3 2 3 3 4 3 1 3 3 3 3 3 4 1 3 2 2 3 3 3 1 4 2 3 1 3 2 1 1 4 1 2 1 4 4 1 2 3 3 4 1 2 1 2 1 4 1 3 1 3 2 3 3 4 1 3 4 2 4 3 3 3 1 1 3 4 1 1 1 2 1 4 1 3 4 1 1 2 1 1 4 1 4 1 4 1 3 4 4 2 1 1 1 4 1 3
25 0.044295 3 2 3 3 4 3 1 3 3 3 3 3 4 1 3 2 1 3 3 3 1 4 2 3 1 3 2 1 1 4 1 2 1 4 4 1 2 3 3 4 1 2 1 2 1 4 1 3 1 3 2 3 3 4 1 3 2 2 4 3 3 3 1 1 3 4 1 1 1 2 1 4 1 3 4 1 1 2 1 1 4 1 4 1 4 1 3 4 4 4 1 1 1 4 1 3
25 0.100224 3 2 3 3 4 3 1 3 3 3 1 3 4 1 3 2 2 3 3 3 1 4 2 3 1 3 2 1 1 4 1 2 1 4 4 1 2 3 3 4 1 2 1 2 1 4 1 3 1 3 2 3 3 4 1 3 4 2 4 3 3 3 1 1 3 4 1 1 1 2 1 4 1 3 4 1 1 2 1 1 4 1 4 1 4 1 3 4 4 2 1 1 1 4 1 3
25 0.100224 3 2 3 3 4 3 1 3 3 3 3 3 4 1 3 2 2 3 3 3 1 4 2 3 1 3 2 1 1 4 1 2 1 4 4 1 2 3 3 4 1 2 1 2 1 4 1 3 1 3 2 3 3 4 1 3 4 2 4 3 3 3 1 1 3 4 1 1 1 2 1 4 1 3 4 1 1 2 1 1 2 1 4 1 4 1 3 4 4 4 1 1 1 4 1 3
25 0.100224 3 2 3 3 4 3 1 3 3 3 3 3 4 1 3 2 2 3 3 3 1 4 2 3 1 3 2 1 1 4 1 2 1 4 4 1 2 3 3 4 1 2 1 2 1 4 1 3 1 3 4 3 3 4 1 3 4 2 4 3 3 3 1 1 3 4 1 1 1 2 1 4 1 3 4 1 1 2 1 1 4 1 4 1 4 1 3 4 4 4 1 1 1 4 1 3
25 0.100224 3 2 3 3 4 3 1 3 3 3 3 3 4 1 3 2 2 3 3 3 3 4 2 3 1 3 2 1 1 4 1 2 1 4 4 1 2 3 3 4 1 2 1 2 1 4 1 3 1 3 2 3 3 4 1 3 4 2 4 3 3 3 1 1 3 4 1 1 1 2 1 4 1 3 4 1 1 2 1 1 4 1 4 1 4 1 3 4 4 4 1 1 1 4 1 3
25 0.044295 3 2 3 3 4 3 1 3 3 3 3 1 4 1 3 2 2 3 3 3 1 4 2 3 1 3 2 1 1 4 1 2 1 4 4 1 2 3 3 4 1 2 1 2 1 4 1 3 1 3 2 3 3 4 1 3 4 2 4 3 3 3 1 1 3 4 1 1 1 2 1 4 1 3 4 1 1 2 1 1 4 1 4 1 4 1 3 4 4 4 1 1 1 4 1 3
25 0.044295 3 2 3 3 4 3 3 3 3 3 3 3 4 1 3 2 2 3 3 3 1 4 2 3 1 3 2 1 3 4 1 2 1 4 4 1 2 3 3 4 1 2 1 2 1 4 1 3 1 3 2 3 3 4 1 3 4 2 4 3 3 3 1 1 3 4 1 1 1 2 1 4 1 3 4 1 1 2 1 1 4 1 4 1 4 1 3 4 4 4 1 1 1 4 1 3
25 0.044295 3 2 3 3 4 3 1 3 3 3 3 3 4 1 3 2 2 3 3 3 1 4 2 3 1 3 2 1 1 4 1 2 1 4 4 1 2 3 3 4 1 2 1 2 1 4 3 3 1 3 2 3 3 4 1 3 4 2 4 3 3 3 1 1 3 4 1 1 1 2 1 4 1 3 4 1 1 2 1 1 4 1 4 1 4 1 3 4 4 4 1 1 1 4 1 3
25 0.044295 3 2 3 3 4 3 1 3 3 3 3 3 4 1 3 2 2 1 3 3 1 4 2 3 1 3 2 1 1 4 1 2 1 4 4 1 2 3 3 4 3 2 1 2 1 4 1 3 1 3 2 3 3 4 1 3 4 2 4 3 3 3 1 1 3 4 1 1 1 2 1 4 1 3 4 1 1 2 1 1 4 1 4 1 4 1 3 4 4 4 1 1 1 4 1 3
25 0.277405 3 2 3 3 4 3 1 3 3 3 3 3 4 1 3 2 2 3 3 3 1 4 2 3 1 3 2 1 1 4 1 2 1 4 4 1 2 3 3 4 1 2 1 2 1 4 1 3 1 3 2 3 3 4 1 3 4 2 4 3 3 3 1 1 3 4 1 1 1 2 1 4 1 3 4 1 1 2 1 1 4 1 4 1 4 1 3 4 4 4 1 1 1 4 1 3
25 0.100224 3 2 3 3 4 3 1 3 3 3 3 3 4 1 3 2 2 3 3 3 1 4 2 3 1 3 2 1 1 4 1 2 1 4 4 1 2 3 3 4 1 2 1 2 1 4 1 3 1 3 2 3 3 4 1 3 4 2 4 3 3 3 1 1 3 4 1 1 1 2 1 4 1 3 4 1 1 2 1 1 4 1 4 1 4 1 3 4 4 2 1 1 1 4 1 3
26 0.051757 3 2 3 3 4 3 1 3 3 3 3 3 4 1 3 2 1 3 3 3 1 4 2 3 1 3 2 1 1 4 1 2 1 4 4 1 2 3 3 4 1 2 1 2 1 4 1 3 1 3 2 3 3 4 1 3 2 2 4 3 3 3 1 1 3 4 1 1 1 2 1 4 1 3 4 1 1 2 1 1 4 1 4 1 4 1 3 4 4 4 1 1 1 4 1 3
26 0.089032 3 2 3 3 4 3 1 3 3 3 1 3 4 1 3 2 2 3 3 3 1 4 2 3 1 3 2 1 1 4 1 2 1 4 4 1 2 3 3 4 1 2 1 2 1 4 1 3 1 3 2 3 3 4 1 3 4 2 4 3 3 3 1 1 3 4 1 1 1 2 1 4 1 3 4 1 1 2 1 1 4 1 4 1 4 1 3 4 4 2 1 1 1 4 1 3
26 0.089032 3 2 3 3 4 3 1 3 3 3 3 3 4 1 3 2 2 3 3 3 1 4 2 3 1 3 2 1 1 4 1 2 1 4 4 1 2 3 3 4 1 2 1 2 1 4 1 3 1 3 2 3 3 4 1 3 4 2 4 3 3 3 1 1 3 4 1 1 1 2 1 4 1 3 4 1 1 2 1 1 2 1 4 1 4 1 3 4 4 4 1 1 1 4 1 3
26 0.089032 3 2 3 3 4 3 1 3 3 3 3 3 4 1 3 2 2 3 3 3 1 4 2 3 1 3 2 1 1 4 1 2 1 4 4 1 2 3 3 4 1 2 1 2 1 4 1 3 1 3 4 3 3 4 1 3 4 2 4 3 3 3 1 1 3 4 1 1 1 2 1 4 1 3 4 1 1 2 1 1 4 1 4 1 4 1 3 4 4 4 1 1 1 4 1 3
26 0.089032 3 2 3 3 4 3 1 3 3 3 3 3 4 1 3 2 2 3 3 3 3 4 2 3 1 3 2 1 1 4 1 2 1 4 4 1 2 3 3 4 1 2 1 2 1 4 1 3 1 3 2 3 3 4 1 3 4 2 4 3 3 3 1 1 3 4 1 1 1 2 1 4 1 3 4 1 1 2 1 1 4 1 4 1 4 1 3 4 4 4 1 1 1 4 1 3
26 0.051757 3 2 3 3 4 3 1 3 3 3 3 1 4 1 3 2 2 3 3 3 1 4 2 3 1 3 2 1 1 4 1 2 1 4 4 1 2 3 3 4 1 2 1 2 1 4 1 3 1 3 2 3 3 4 1 3 4 2 4 3 3 3 1 1 3 4 1 1 1 2 1 4 1 3 4 1 1 2 1 1 4 1 4 1 4 1 3 4 4 4 1 1 1 4 1 3
26 0.051757 3 2 3 3 4 3 3 3 3 3 3 3 4 1 3 2 2 3 3 3 1 4 2 3 1 3 2 1 3 4 1 2 1 4 4 1 2 3 3 4 1 2 1 2 1 4 1 3 1 3 2 3 3 4 1 3 4 2 4 3 3 3 1 1 3 4 1 1 1 2 1 4 1 3 4 1 1 2 1 1 4 1 4 1 4 1 3 4 4 4 1 1 1 4 1 3
26 0.051757 3 2 3 3 4 3 1 3 3 3 3 3 4 1 3 2 2 3 3 3 1 4 2 3 1 3 2 1 1 4 1 2 1 4 4 1 2 3 3 4 1 2 1 2 1 4 3 3 1 3 2 3 3 4 1 3 4 2 4 3 3 3 1 1 3 4 1 1 1 2 1 4 1 3 4 1 1 2 1 1 4 1 4 1 4 1 3 4 4 4 1 1 1 4 1 3
26 0.051757 3 2 3 3 4 3 1 3 3 3 3 3 4 1 3 2 2 1 3 3 1 4 2 3 1 3 2 1 1 4 1 2 1 4 4 1 2 3 3 4 3 2 1 2 1 4 1 3 1 3 2 3 3 4 1 3 4 2 4 3 3 3 1 1 3 4 1 1 1 2 1 4 1 3 4 1 1 2 1 1 4 1 4 1 4 1 3 4 4 4 1 1 1 4 1 3
26 0.296058 3 2 3 3 4 3 1 3 3 3 3 3 4 1 3 2 2 3 3 3 1 4 2 3 1 3 2 1 1 4 1 2 1 4 4 1 2 3 3 4 1 2 1 2 1 4 1 3 1 3 2 3 3 4 1 3 4 2 4 3 3 3 1 1 3 4 1 1 1 2 1 4 1 3 4 1 1 2 1 1 4 1 4 1 4 1 3 4 4 4 1 1 1 4 1 3
26 0.089032 3 2 3 3 4 3 1 3 3 3 3 3 4 1 3 2 2 3 3 3 1 4 2 3 1 3 2 1 1 4 1 2 1 4 4 1 2 3 3 4 1 2 1 2 1 4 1 3 1 3 2 3 3 4 1 3 4 2 4 3 3 3 1 1 3 4 1 1 1 2 1 4 1 3 4 1 1 2 1 1 4 1 4 1 4 1 3 4 4 2 1 1 1 4 1 3
27 0.059354 3 2 3 3 4 3 1 3 3 3 3 3 4 1 3 2 1 3 3 3 1 4 2 3 1 3 2 1 1 4 1 2 1 4 4 1 2 3 3 4 1 2 1 2 1 4 1 3 1 3 2 3 3 4 1 3 2 2 4 3 3 3 1 1 3 4 1 1 1 2 1 4 1 3 4 1 1 2 1 1 4 1 4 1 4 1 3 4 4 4 1 1 1 4 1 3
27 0.077635 3 2 3 3 4 3 1 3 3 3 1 3 4 1 3 2 2 3 3 3 1 4 2 3 1 3 2 1 1 4 1 2 1 4 4 1 2 3 3 4 1 2 1 2 1 4 1 3 1 3 2 3 3 4 1 3 4 2 4 3 3 3 1 1 3 4 1 1 1 2 1 4 1 3 4 1 1 2 1 1 4 1 4 1 4 1 3 4 4 2 1 1 1 4 1 3
27 0.077635 3 2 3 3 4 3 1 3 3 3 3 3 4 1 3 2 2 3 3 3 1 4 2 3 1 3 2 1 1 4 1 2 1 4 4 1 2 3 3 4 1 2 1 2 1 4 1 3 1 3 2 3 3 4 1 3 4 2 4 3 3 3 1 1 3 4 1 1 1 2 1 4 1 3 4 1 1 2 1 1 2 1 4 1 4 1 3 4 4 4 1 1 1 4 1 3
27 0.077635 3 2 3 3 4 3 1 3 3 3 3 3 4 1 3 2 2 3 3 3 1 4 2 3 1 3 2 1 1 4 1 2 1 4 4 1 2 3 3 4 1 2 1 2 1 4 1 3 1 3 4 3 3 4 1 3 4 2 4 3 3 3 1 1 3 4 1 1 1 2 1 4 1 3 4 1 1 2 1 1 4 1 4 1 4 1 3 4 4 4 1 1 1 4 1 3
27 0.077635 3 2 3 3 4 3 1 3 3 3 3 3 4 1 3 2 2 3 3 3 3 4 2 3 1 3 2 1 1 4 1 2 1 4 4 1 2 3 3 4 1 2 1 2 1 4 1 3 1 3 2 3 3 4 1 3 4 2 4 3 3 3 1 1 3 4 1 1 1 2 1 4 1 3 4 1 1 2 1 1 4 1 4 1 4 1 3 4 4 4 1 1 1 4 1 3
27 0.059354 3 2 3 3 4 3 1 3 3 3 3 1 4 1 3 2 2 3 3 3 1 4 2 3 1 3 2 1 1 4 1 2 1 4 4 1 2 3 3 4 1 2 1 2 1 4 1 3 1 3 2 3 3 4 1 3 4 2 4 3 3 3 1 1 3 4 1 1 1 2 1 4 1 3 4 1 1 2 1 1 4 1 4 1 4 1 3 4 4 4 1 1 1 4 1 3
27 0.059354 3 2 3 3 4 3 3 3 3 3 3 3 4 1 3 2 2 3 3 3 1 4 2 3 1 3 2 1 3 4 1 2 1 4 4 1 2 3 3 4 1 2 1 2 1 4 1 3 1 3 2 3 3 4 1 3 4 2 4 3 3 3 1 1 3 4 1 1 1 2 1 4 1 3 4 1 1 2 1 1 4 1 4 1 4 1 3 4 4 4 1 1 1 4 1 3
27 0.059354 3 2 3 3 4 3 1 3 3 3 3 3 4 1 3 2 2 3 3 3 1 4 2 3 1 3 2 1 1 4 1 2 1 4 4 1 2 3 3 4 1 2 1 2 1 4 3 3 1 3 2 3 3 4 1 3 4 2 4 3 3 3 1 1 3 4 1 1 1 2 1 4 1 3 4 1 1 2 1 1 4 1 4 1 4 1 3 4 4 4 1 1 1 4 1 3
27 0.059354 3 2 3 3 4 3 1 3 3 3 3 3 4 1 3 2 2 1 3 3 1 4 2 3 1 3 2 1 1 4 1 2 1 4 4 1 2 3 3 4 3 2 1 2 1 4 1 3 1 3 2 3 3 4 1 3 4 2 4 3 3 3 1 1 3 4 1 1 1 2 1 4 1 3 4 1 1 2 1 1 4 1 4 1 4 1 3 4 4 4 1 1 1 4 1 3
27 0.315053 3 2 3 3 4 3 1 3 3 3 3 3 4 1 3 2 2 3 3 3 1 4 2 3 1 3 2 1 1 4 1 2 1 4 4 1 2 3 3 4 1 2 1 2 1 4 1 3 1 3 2 3 3 4 1 3 4 2 4 3 3 3 1 1 3 4 1 1 1 2 1 4 1 3 4 1 1 2 1 1 4 1 4 1 4 1 3 4 4 4 1 1 1 4 1 3
27 0.077635 3 2 3 3 4 3 1 3 3 3 3 3 4 1 3 2 2 3 3 3 1 4 2 3 1 3 2 1 1 4 1 2 1 4 4 1 2 3 3 4 1 2 1 2 1 4 1 3 1 3 2 3 3 4 1 3 4 2 4 3 3 3 1 1 3 4 1 1 1 2 1 4 1 3 4 1 1 2 1 1 4 1 4 1 4 1 3 4 4 2 1 1 1 4 1 3
28 0.066816 3 2 3 3 4 3 1 3 3 3 3 3 4 1 3 2 1 3 3 3 1 4 2 3 1 3 2 1 1 4 1 2 1 4 4 1 2 3 3 4 1 2 1 2 1 4 1 3 1 3 2 3 3 4 1 3 2 2 4 3 3 3 1 1 3 4 1 1 1 2 1 4 1 3 4 1 1 2 1 1 4 1 4 1 4 1 3 4 4 4 1 1 1 4 1 3
28 0.066443 3 2 3 3 4 3 1 3 3 3 1 3 4 1 3 2 2 3 3 3 1 4 2 3 1 3 2 1 1 4 1 2 1 4 4 1 2 3 3 4 1 2 1 2 1 4 1 3 1 3 2 3 3 4 1 3 4 2 4 3 3 3 1 1 3 4 1 1 1 2 1 4 1 3 4 1 1 2 1 1 4 1 4 1 4 1 3 4 4 2 1 1 1 4 1 3
28 0.066443 3 2 3 3 4 3 1 3 3 3 3 3 4 1 3 2 2 3 3 3 1 4 2 3 1 3 2 1 1 4 1 2 1 4 4 1 2 3 3 4 1 2 1 2 1 4 1 3 1 3 2 3 3 4 1 3 4 2 4 3 3 3 1 1 3 4 1 1 1 2 1 4 1 3 4 1 1 2 1 1 2 1 4 1 4 1 3 4 4 4 1 1 1 4 1 3
28 0.066443 3 2 3 3 4 3 1 3 3 3 3 3 4 1 3 2 2 3 3 3 1 4 2 3 1 3 2 1 1 4 1 2 1 4 4 1 2 3 3 4 1 2 1 2 1 4 1 3 1 3 4 3 3 4 1 3 4 2 4 3 3 3 1 1 3 4 1 1 1 2 1 4 1 3 4 1 1 2 1 1 4 1 4 1 4 1 3 4 4 4 1 1 1 4 1 3
28 0.066443 3 2 3 3 4 3 1 3 3 3 3 3 4 1 3 2 2 3 3 3 3 4 2 3 1 3 2 1 1 4 1 2 1 4 4 1 2 3 3 4 1 2 1 2 1 4 1 3 1 3 2 3 3 4 1 3 4 2 4 3 3 3 1 1 3 4 1 1 1 2 1 4 1 3 4 1 1 2 1 1 4 1 4 1 4 1 3 4 4 4 1 1 1 4 1 3
28 0.066816 3 2 3 3 4 3 1 3 3 3 3 1 4 1 3 2 2 3 3 3 1 4 2 3 1 3 2 1 1 4 1 2 1 4 4 1 2 3 3 4 1 2 1 2 1 4 1 3 1 3 2 3 3 4 1 3 4 2 4 3 3 3 1 1 3 4 1 1 1 2 1 4 1 3 4 1 1 2 1 1 4 1 4 1 4 1 3 4 4 4 1 1 1 4 1 3
28 0.066816 3 2 3 3 4 3 3 3 3 3 3 3 4 1 3 2 2 3 3 3 1 4 2 3 1 3 2 1 3 4 1 2 1 4 4 1 2 3 3 4 1 2 1 2 1 4 1 3 1 3 2 3 3 4 1 3 4 2 4 3 3 3 1 1 3 4 1 1 1 2 1 4 1 3 4 1 1 2 1 1 4 1 4 1 4 1 3 4 4 4 1 1 1 4 1 3
28 0.066816 3 2 3 3 4 3 1 3 3 3 3 3 4 1 3 2 2 3 3 3 1 4 2 3 1 3 2 1 1 4 1 2 1 4 4 1 2 3 3 4 1 2 1 2 1 4 3 3 1 3 2 3 3 4 1 3 4 2 4 3 3 3 1 1 3 4 1 1 1 2 1 4 1 3 4 1 1 2 1 1 4 1 4 1 4 1 3 4 4 4 1 1 1 4 1 3
28 0.066816 3 2 3 3 4 3 1 3 3 3 3 3 4 1 3 2 2 1 3 3 1 4 2 3 1 3 2 1 1 4 1 2 1 4 4 1 2 3 3 4 3 2 1 2 1 4 1 3 1 3 2 3 3 4 1 3 4 2 4 3 3 3 1 1 3 4 1 1 1 2 1 4 1 3 4 1 1 2 1 1 4 1 4 1 4 1 3 4 4 4 1 1 1 4 1 3
28 0.333706 3 2 3 3 4 3 1 3 3 3 3 3 4 1 3 2 2 3 3 3 1 4 2 3 1 3 2 1 1 4 1 2 1 4 4 1 2 3 3 4 1 2 1 2 1 4 1 3 1 3 2 3 3 4 1 3 4 2 4 3 3 3 1 1 3 4 1 1 1 2 1 4 1 3 4 1 1 2 1 1 4 1 4 1 4 1 3 4 4 4 1 1 1 4 1 3
28 0.066443 3 2 3 3 4 3 1 3 3 3 3 3 4 1 3 2 2 3 3 3 1 4 2 3 1 3 2 1 1 4 1 2 1 4 4 1 2 3 3 4 1 2 1 2 1 4 1 3 1 3 2 3 3 4 1 3 4 2 4 3 3 3 1 1 3 4 1 1 1 2 1 4 1 3 4 1 1 2 1 1 4 1 4 1 4 1 3 4 4 2 1 1 1 4 1 3
29 0.073887 3 2 3 3 4 3 1 3 3 3 3 3 4 1 3 2 1 3 3 3 1 4 2 3 1 3 2 1 1 4 1 2 1 4 4 1 2 3 3 4 1 2 1 2 1 4 1 3 1 3 2 3 3 4 1 3 2 2 4 3 3 3 1 1 3 4 1 1 1 2 1 4 1 3 4 1 1 2 1 1 4 1 4 1 4 1 3 4 4 4 1 1 1 4 1 3
29 0.055836 3 2 3 3 4 3 1 3 3 3 1 3 4 1 3 2 2 3 3 3 1 4 2 3 1 3 2 1 1 4 1 2 1 4 4 1 2 3 3 4 1 2 1 2 1 4 1 3 1 3 2 3 3 4 1 3 4 2 4 3 3 3 1 1 3 4 1 1 1 2 1 4 1 3 4 1 1 2 1 1 4 1 4 1 4 1 3 4 4 2 1 1 1 4 1 3
29 0.055836 3 2 3 3 4 3 1 3 3 3 3 3 4 1 3 2 2 3 3 3 1 4 2 3 1 3 2 1 1 4 1 2 1 4 4 1 2 3 3 4 1 2 1 2 1 4 1 3 1 3 2 3 3 4 1 3 4 2 4 3 3 3 1 1 3 4 1 1 1 2 1 4 1 3 4 1 1 2 1 1 2 1 4 1 4 1 3 4 4 4 1 1 1 4 1 3
29 0.055836 3 2 3 3 4 3 1 3 3 3 3 3 4 1 3 2 2 3 3 3 1 4 2 3 1 3 2 1 1 4 1 2 1 4 4 1 2 3 3 4 1 2 1 2 1 4 1 3 1 3 4 3 3 4 1 3 4 2 4 3 3 3 1 1 3 4 1 1 1 2 1 4 1 3 4 1 1 2 1 1 4 1 4 1 4 1 3 4 4 4 1 1 1 4 1 3
29 0.055836 3 2 3 3 4 3 1 3 3 3 3 3 4 1 3 2 2 3 3 3 3 4 2 3 1 3 2 1 1 4 1 2 1 4 4 1 2 3 3 4 1 2 1 2 1 4 1 3 1 3 2 3 3 4 1 3 4 2 4 3 3 3 1 1 3 4 1 1 1 2 1 4 1 3 4 1 1 2 1 1 4 1 4 1 4 1 3 4 4 4 1 1 1 4 1 3
29 0.073887 3 2 3 3 4 3 1 3 3 3 3 1 4 1 3 2 2 3 3 3 1 4 2 3 1 3 2 1 1 4 1 2 1 4 4 1 2 3 3 4 1 2 1 2 1 4 1 3 1 3 2 3 3 4 1 3 4 2 4 3 3 3 1 1 3 4 1 1 1 2 1 4 1 3 4 1 1 2 1 1 4 1 4 1 4 1 3 4 4 4 1 1 1 4 1 3
29 0.073887 3 2 3 3 4 3 3 3 3 3 3 3 4 1 3 2 2 3 3 3 1 4 2 3 1 3 2 1 3 4 1 2 1 4 4 1 2 3 3 4 1 2 1 2 1 4 1 3 1 3 2 3 3 4 1 3 4 2 4 3 3 3 1 1 3 4 1 1 1 2 1 4 1 3 4 1 1 2 1 1 4 1 4 1 4 1 3 4 4 4 1 1 1 4 1 3
29 0.073887 3 2 3 3 4 3 1 3 3 3 3 3 4 1 3 2 2 3 3 3 1 4 2 3 1 3 2 1 1 4 1 2 1 4 4 1 2 3 3 4 1 2 1 2 1 4 3 3 1 3 2 3 3 4 1 3 4 2 4 3 3 3 1 1 3 4 1 1 1 2 1 4 1 3 4 1 1 2 1 1 4 1 4 1 4 1 3 4 4 4 1 1 1 4 1 3
29 0.073887 3 2 3 3 4 3 1 3 3 3 3 3 4 1 3 2 2 1 3 3 1 4 2 3 1 3 2 1 1 4 1 2 1 4 4 1 2 3 3 4 3 2 1 2 1 4 1 3 1 3 2 3 3 4 1 3 4 2 4 3 3 3 1 1 3 4 1 1 1 2 1 4 1 3 4 1 1 2 1 1 4 1 4 1 4 1 3 4 4 4 1 1 1 4 1 3
29 0.351384 3 2 3 3 4 3 1 3 3 3 3 3 4 1 3 2 2 3 3 3 1 4 2 3 1 3 2 1 1 4 1 2 1 4 4 1 2 3 3 4 1 2 1 2 1 4 1 3 1 3 2 3 3 4 1 3 4 2 4 3 3 3 1 1 3 4 1 1 1 2 1 4 1 3 4 1 1 2 1 1 4 1 4 1 4 1 3 4 4 4 1 1 1 4 1 3
29 0.055836 3 2 3 3 4 3 1 3 3 3 3 3 4 1 3 2 2 3 3 3 1 4 2 3 1 3 2 1 1 4 1 2 1 4 4 1 2 3 3 4 1 2 1 2 1 4 1 3 1 3 2 3 3 4 1 3 4 2 4 3 3 3 1 1 3 4 1 1 1 2 1 4 1 3 4 1 1 2 1 1 4 1 4 1 4 1 3 4 4 2 1 1 1 4 1 3
30 0.080365 3 2 3 3 4 3 1 3 3 3 3 3 4 1 3 2 1 3 3 3 1 4 2 3 1 3 2 1 1 4 1 2 1 4 4 1 2 3 3 4 1 2 1 2 1 4 1 3 1 3 2 3 3 4 1 3 2 2 4 3 3 3 1 1 3 4 1 1 1 2 1 4 1 3 4 1 1 2 1 1 4 1 4 1 4 1 3 4 4 4 1 1 1 4 1 3
30 0.046119 3 2 3 3 4 3 1 3 3 3 1 3 4 1 3 2 2 3 3 3 1 4 2 3 1 3 2 1 1 4 1 2 1 4 4 1 2 3 3 4 1 2 1 2 1 4 1 3 1 3 2 3 3 4 1 3 4 2 4 3 3 3 1 1 3 4 1 1 1 2 1 4 1 3 4 1 1 2 1 1 4 1 4 1 4 1 3 4 4 2 1 1 1 4 1 3
30 0.046119 3 2 3 3 4 3 1 3 3 3 3 3 4 1 3 2 2 3 3 3 1 4 2 3 1 3 2 1 1 4 1 2 1 4 4 1 2 3 3 4 1 2 1 2 1 4 1 3 1 3 2 3 3 4 1 3 4 2 4 3 3 3 1 1 3 4 1 1 1 2 1 4 1 3 4 1 1 2 1 1 2 1 4 1 4 1 3 4 4 4 1 1 1 4 1 3
30 0.046119 3 2 3 3 4 3 1 3 3 3 3 3 4 1 3 2 2 3 3 3 1 4 2 3 1 3 2 1 1 4 1 2 1 4 4 1 2 3 3 4 1 2 1 2 1 4 1 3 1 3 4 3 3 4 1 3 4 2 4 3 3 3 1 1 3 4 1 1 1 2 1 4 1 3 4 1 1 2 1 1 4 1 4 1 4 1 3 4 4 4 1 1 1 4 1 3
30 0.046119 3 2 3 3 4 3 1 3 3 3 3 3 4 1 3 2 2 3 3 3 3 4 2 3 1 3 2 1 1 4 1 2 1 4 4 1 2 3 3 4 1 2 1 2 1 4 1 3 1 3 2 3 3 4 1 3 4 2 4 3 3 3 1 1 3 4 1 1 1 2 1 4 1 3 4 1 1 2 1 1 4 1 4 1 4 1 3 4 4 4 1 1 1 4 1 3
30 0.080365 3 2 3 3 4 3 1 3 3 3 3 1 4 1 3 2 2 3 3 3 1 4 2 3 1 3 2 1 1 4 1 2 1 4 4 1 2 3 3 4 1 2 1 2 1 4 1 3 1 3 2 3 3 4 1 3 4 2 4 3 3 3 1 1 3 4 1 1 1 2 1 4 1 3 4 1 1 2 1 1 4 1 4 1 4 1 3 4 4 4 1 1 1 4 1 3
30 0.080365 3 2 3 3 4 3 3 3 3 3 3 3 4 1 3 2 2 3 3 3 1 4 2 3 1 3 2 1 3 4 1 2 1 4 4 1 2 3 3 4 1 2 1 2 1 4 1 3 1 3 2 3 3 4 1 3 4 2 4 3 3 3 1 1 3 4 1 1 1 2 1 4 1 3 4 1 1 2 1 1 4 1 4 1 4 1 3 4 4 4 1 1 1 4 1 3
30 0.080365 3 2 3 3 4 3 1 3 3 3 3 3 4 1 3 2 2 3 3 3 1 4 2 3 1 3 2 1 1 4 1 2 1 4 4 1 2 3 3 4 1 2 1 2 1 4 3 3 1 3 2 3 3 4 1 3 4 2 4 3 3 3 1 1 3 4 1 1 1 2 1 4 1 3 4 1 1 2 1 1 4 1 4 1 4 1 3 4 4 4 1 1 1 4 1 3
30 0.080365 3 2 3 3 4 3 1 3 3 3 3 3 4 1 3 2 2 1 3 3 1 4 2 3 1 3 2 1 1 4 1 2 1 4 4 1 2 3 3 4 3 2 1 2 1 4 1 3 1 3 2 3 3 4 1 3 4 2 4 3 3 3 1 1 3 4 1 1 1 2 1 4 1 3 4 1 1 2 1 1 4 1 4 1 4 1 3 4 4 4 1 1 1 4 1 3
30 0.367580 3 2 3 3 4 3 1 3 3 3 3 3 4 1 3 2 2 3 3 3 1 4 2 3 1 3 2 1 1 4 1 2 1 4 4 1 2 3 3 4 1 2 1 2 1 4 1 3 1 3 2 3 3 4 1 3 4 2 4 3 3 3 1 1 3 4 1 1 1 2 1 4 1 3 4 1 1 2 1 1 4 1 4 1 4 1 3 4 4 4 1 1 1 4 1 3
30 0.046119 3 2 3 3 4 3 1 3 3 3 3 3 4 1 3 2 2 3 3 3 1 4 2 3 1 3 2 1 1 4 1 2 1 4 4 1 2 3 3 4 1 2 1 2 1 4 1 3 1 3 2 3 3 4 1 3 4 2 4 3 3 3 1 1 3 4 1 1 1 2 1 4 1 3 4 1 1 2 1 1 4 1 4 1 4 1 3 4 4 2 1 1 1 4 1 3
31 0.086120 3 2 3 3 4 3 1 3 3 3 3 3 4 1 3 2 1 3 3 3 1 4 2 3 1 3 2 1 1 4 1 2 1 4 4 1 2 3 3 4 1 2 1 2 1 4 1 3 1 3 2 3 3 4 1 3 2 2 4 3 3 3 1 1 3 4 1 1 1 2 1 4 1 3 4 1 1 2 1 1 4 1 4 1 4 1 3 4 4 4 1 1 1 4 1 3
31 0.037487 3 2 3 3 4 3 1 3 3 3 1 3 4 1 3 2 2 3 3 3 1 4 2 3 1 3 2 1 1 4 1 2 1 4 4 1 2 3 3 4 1 2 1 2 1 4 1 3 1 3 2 3 3 4 1 3 4 2 4 3 3 3 1 1 3 4 1 1 1 2 1 4 1 3 4 1 1 2 1 1 4 1 4 1 4 1 3 4 4 2 1 1 1 4 1 3
31 0.037487 3 2 3 3 4 3 1 3 3 3 3 3 4 1 3 2 2 3 3 3 1 4 2 3 1 3 2 1 1 4 1 2 1 4 4 1 2 3 3 4 1 2 1 2 1 4 1 3 1 3 2 3 3 4 1 3 4 2 4 3 3 3 1 1 3 4 1 1 1 2 1 4 1 3 4 1 1 2 1 1 2 1 4 1 4 1 3 4 4 4 1 1 1 4 1 3
31 0.037487 3 2 3 3 4 3 1 3 3 3 3 3 4 1 3 2 2 3 3 3 1 4 2 3 1 3 2 1 1 4 1 2 1 4 4 1 2 3 3 4 1 2 1 2 1 4 1 3 1 3 4 3 3 4 1 3 4 2 4 3 3 3 1 1 3 4 1 1 1 2 1 4 1 3 4 1 1 2 1 1 4 1 4 1 4 1 3 4 4 4 1 1 1 4 1 3
31 0.037487 3 2 3 3 4 3 1 3 3 3 3 3 4 1 3 2 2 3 3 3 3 4 2 3 1 3 2 1 1 4 1 2 1 4 4 1 2 3 3 4 1 2 1 2 1 4 1 3 1 3 2 3 3 4 1 3 4 2 4 3 3 3 1 1 3 4 1 1 1 2 1 4 1 3 4 1 1 2 1 1 4 1 4 1 4 1 3 4 4 4 1 1 1 4 1 3
31 0.086120 3 2 3 3 4 3 1 3 3 3 3 1 4 1 3 2 2 3 3 3 1 4 2 3 1 3 2 1 1 4 1 2 1 4 4 1 2 3 3 4 1 2 1 2 1 4 1 3 1 3 2 3 3 4 1 3 4 2 4 3 3 3 1 1 3 4 1 1 1 2 1 4 1 3 4 1 1 2 1 1 4 1 4 1 4 1 3 4 4 4 1 1 1 4 1 3
31 0.086120 3 2 3 3 4 3 3 3 3 3 3 3 4 1 3 2 2 3 3 3 1 4 2 3 1 3 2 1 3 4 1 2 1 4 4 1 2 3 3 4 1 2 1 2 1 4 1 3 1 3 2 3 3 4 1 3 4 2 4 3 3 3 1 1 3 4 1 1 1 2 1 4 1 3 4 1 1 2 1 1 4 1 4 1 4 1 3 4 4 4 1 1 1 4 1 3
31 0.086120 3 2 3 3 4 3 1 3 3 3 3 3 4 1 3 2 2 3 3 3 1 4 2 3 1 3 2 1 1 4 1 2 1 4 4 1 2 3 3 4 1 2 1 2 1 4 3 3 1 3 2 3 3 4 1 3 4 2 4 3 3 3 1 1 3 4 1 1 1 2 1 4 1 3 4 1 1 2 1 1 4 1 4 1 4 1 3 4 4 4 1 1 1 4 1 3
31 0.086120 3 2 3 3 4 3 1 3 3 3 3 3 4 1 3 2 2 1 3 3 1 4 2 3 1 3 2 1 1 4 1 2 1 4 4 1 2 3 3 4 3 2 1 2 1 4 1 3 1 3 2 3 3 4 1 3 4 2 4 3 3 3 1 1 3 4 1 1 1 2 1 4 1 3 4 1 1 2 1 1 4 1 4 1 4 1 3 4 4 4 1 1 1 4 1 3
31 0.381966 3 2 3 3 4 3 1 3 3 3 3 3 4 1 3 2 2 3 3 3 1 4 2 3 1 3 2 1 1 4 1 2 1 4 4 1 2 3 3 4 1 2 1 2 1 4 1 3 1 3 2 3 3 4 1 3 4 2 4 3 3 3 1 1 3 4 1 1 1 2 1 4 1 3 4 1 1 2 1 1 4 1 4 1 4 1 3 4 4 4 1 1 1 4 1 3
31 0.037487 3 2 3 3 4 3 1 3 3 3 3 3 4 1 3 2 2 3 3 3 1 4 2 3 1 3 2 1 1 4 1 2 1 4 4 1 2 3 3 4 1 2 1 2 1 4 1 3 1 3 2 3 3 4 1 3 4 2 4 3 3 3 1 1 3 4 1 1 1 2 1 4 1 3 4 1 1 2 1 1 4 1 4 1 4 1 3 4 4 2 1 1 1 4 1 3
32 0.091092 3 2 3 3 4 3 1 3 3 3 3 3 4 1 3 2 1 3 3 3 1 4 2 3 1 3 2 1 1 4 1 2 1 4 4 1 2 3 3 4 1 2 1 2 1 4 1 3 1 3 2 3 3 4 1 3 2 2 4 3 3 3 1 1 3 4 1 1 1 2 1 4 1 3 4 1 1 2 1 1 4 1 4 1 4 1 3 4 4 4 1 1 1 4 1 3
32 0.030028 3 2 3 3 4 3 1 3 3 3 1 3 4 1 3 2 2 3 3 3 1 4 2 3 1 3 2 1 1 4 1 2 1 4 4 1 2 3 3 4 1 2 1 2 1 4 1 3 1 3 2 3 3 4 1 3 4 2 4 3 3 3 1 1 3 4 1 1 1 2 1 4 1 3 4 1 1 2 1 1 4 1 4 1 4 1 3 4 4 2 1 1 1 4 1 3
32 0.030028 3 2 3 3 4 3 1 3 3 3 3 3 4 1 3 2 2 3 3 3 1 4 2 3 1 3 2 1 1 4 1 2 1 4 4 1 2 3 3 4 1 2 1 2 1 4 1 3 1 3 2 3 3 4 1 3 4 2 4 3 3 3 1 1 3 4 1 1 1 2 1 4 1 3 4 1 1 2 1 1 2 1 4 1 4 1 3 4 4 4 1 1 1 4 1 3
32 0.030028 3 2 3 3 4 3 1 3 3 3 3 3 4 1 3 2 2 3 3 3 1 4 2 3 1 3 2 1 1 4 1 2 1 4 4 1 2 3 3 4 1 2 1 2 1 4 1 3 1 3 4 3 3 4 1 3 4 2 4 3 3 3 1 1 3 4 1 1 1 2 1 4 1 3 4 1 1 2 1 1 4 1 4 1 4 1 3 4 4 4 1 1 1 4 1 3
32 0.030028 3 2 3 3 4 3 1 3 3 3 3 3 4 1 3 2 2 3 3 3 3 4 2 3 1 3 2 1 1 4 1 2 1 4 4 1 2 3 3 4 1 2 1 2 1 4 1 3 1 3 2 3 3 4 1 3 4 2 4 3 3 3 1 1 3 4 1 1 1 2 1 4 1 3 4 1 1 2 1 1 4 1 4 1 4 1 3 4 4 4 1 1 1 4 1 3
32 0.091092 3 2 3 3 4 3 1 3 3 3 3 1 4 1 3 2 2 3 3 3 1 4 2 3 1 3 2 1 1 4 1 2 1 4 4 1 2 3 3 4 1 2 1 2 1 4 1 3 1 3 2 3 3 4 1 3 4 2 4 3 3 3 1 1 3 4 1 1 1 2 1 4 1 3 4 1 1 2 1 1 4 1 4 1 4 1 3 4 4 4 1 1 1 4 1 3
32 0.091092 3 2 3 3 4 3 3 3 3 3 3 3 4 1 3 2 2 3 3 3 1 4 2 3 1 3 2 1 3 4 1 2 1 4 4 1 2 3 3 4 1 2 1 2 1 4 1 3 1 3 2 3 3 4 1 3 4 2 4 3 3 3 1 1 3 4 1 1 1 2 1 4 1 3 4 1 1 2 1 1 4 1 4 1 4 1 3 4 4 4 1 1 1 4 1 3
32 0.091092 3 2 3 3 4 3 1 3 3 3 3 3 4 1 3 2 2 3 3 3 1 4 2 3 1 3 2 1 1 4 1 2 1 4 4 1 2 3 3 4 1 2 1 2 1 4 3 3 1 3 2 3 3 4 1 3 4 2 4 3 3 3 1 1 3 4 1 1 1 2 1 4 1 3 4 1 1 2 1 1 4 1 4 1 4 1 3 4 4 4 1 1 1 4 1 3
32 0.091092 3 2 3 3 4 3 1 3 3 3 3 3 4 1 3 2 2 1 3 3 1 4 2 3 1 3 2 1 1 4 1 2 1 4 4 1 2 3 3 4 3 2 1 2 1 4 1 3 1 3 2 3 3 4 1 3 4 2 4 3 3 3 1 1 3 4 1 1 1 2 1 4 1 3 4 1 1 2 1 1 4 1 4 1 4 1 3 4 4 4 1 1 1 4 1 3
32 0.394398 3 2 3 3 4 3 1 3 3 3 3 3 4 1 3 2 2 3 3 3 1 4 2 3 1 3 2 1 1 4 1 2 1 4 4 1 2 3 3 4 1 2 1 2 1 4 1 3 1 3 2 3 3 4 1 3 4 2 4 3 3 3 1 1 3 4 1 1 1 2 1 4 1 3 4 1 1 2 1 1 4 1 4 1 4 1 3 4 4 4 1 1 1 4 1 3
32 0.030028 3 2 3 3 4 3 1 3 3 3 3 3 4 1 3 2 2 3 3 3 1 4 2 3 1 3 2 1 1 4 1 2 1 4 4 1 2 3 3 4 1 2 1 2 1 4 1 3 1 3 2 3 3 4 1 3 4 2 4 3 3 3 1 1 3 4 1 1 1 2 1 4 1 3 4 1 1 2 1 1 4 1 4 1 4 1 3 4 4 2 1 1 1 4 1 3
33 0.095288 3 2 3 3 4 3 1 3 3 3 3 3 4 1 3 2 1 3 3 3 1 4 2 3 1 3 2 1 1 4 1 2 1 4 4 1 2 3 3 4 1 2 1 2 1 4 1 3 1 3 2 3 3 4 1 3 2 2 4 3 3 3 1 1 3 4 1 1 1 2 1 4 1 3 4 1 1 2 1 1 4 1 4 1 4 1 3 4 4 4 1 1 1 4 1 3
33 0.023735 3 2 3 3 4 3 1 3 3 3 1 3 4 1 3 2 2 3 3 3 1 4 2 3 1 3 2 1 1 4 1 2 1 4 4 1 2 3 3 4 1 2 1 2 1 4 1 3 1 3 2 3 3 4 1 3 4 2 4 3 3 3 1 1 3 4 1 1 1 2 1 4 1 3 4 1 1 2 1 1 4 1 4 1 4 1 3 4 4 2 1 1 1 4 1 3
33 0.023735 3 2 3 3 4 3 1 3 3 3 3 3 4 1 3 2 2 3 3 3 1 4 2 3 1 3 2 1 1 4 1 2 1 4 4 1 2 3 3 4 1 2 1 2 1 4 1 3 1 3 2 3 3 4 1 3 4 2 4 3 3 3 1 1 3 4 1 1 1 2 1 4 1 3 4 1 1 2 1 1 2 1 4 1 4 1 3 4 4 4 1 1 1 4 1 3
33 0.023735 3 2 3 3 4 3 1 3 3 3 3 3 4 1 3 2 2 3 3 3 1 4 2 3 1 3 2 1 1 4 1 2 1 4 4 1 2 3 3 4 1 2 1 2 1 4 1 3 1 3 4 3 3 4 1 3 4 2 4 3 3 3 1 1 3 4 1 1 1 2 1 4 1 3 4 1 1 2 1 1 4 1 4 1 4 1 3 4 4 4 1 1 1 4 1 3
33 0.023735 3 2 3 3 4 3 1 3 3 3 3 3 4 1 3 2 2 3 3 3 3 4 2 3 1 3 2 1 1 4 1 2 1 4 4 1 2 3 3 4 1 2 1 2 1 4 1 3 1 3 2 3 3 4 1 3 4 2 4 3 3 3 1 1 3 4 1 1 1 2 1 4 1 3 4 1 1 2 1 1 4 1 4 1 4 1 3 4 4 4 1 1 1 4 1 3
33 0.095288 3 2 3 3 4 3 1 3 3 3 3 1 4 1 3 2 2 3 3 3 1 4 2 3 1 3 2 1 1 4 1 2 1 4 4 1 2 3 3 4 1 2 1 2 1 4 1 3 1 3 2 3 3 4 1 3 4 2 4 3 3 3 1 1 3 4 1 1 1 2 1 4 1 3 4 1 1 2 1 1 4 1 4 1 4 1 3 4 4 4 1 1 1 4 1 3
33 0.095288 3 2 3 3 4 3 3 3 3 3 3 3 4 1 3 2 2 3 3 3 1 4 2 3 1 3 2 1 3 4 1 2 1 4 4 1 2 3 3 4 1 2 1 2 1 4 1 3 1 3 2 3 3 4 1 3 4 2 4 3 3 3 1 1 3 4 1 1 1 2 1 4 1 3 4 1 1 2 1 1 4 1 4 1 4 1 3 4 4 4 1 1 1 4 1 3
33 0.095288 3 2 3 3 4 3 1 3 3 3 3 3 4 1 3 2 2 3 3 3 1 4 2 3 1 3 2 1 1 4 1 2 1 4 4 1 2 3 3 4 1 2 1 2 1 4 3 3 1 3 2 3 3 4 1 3 4 2 4 3 3 3 1 1 3 4 1 1 1 2 1 4 1 3 4 1 1 2 1 1 4 1 4 1 4 1 3 4 4 4 1 1 1 4 1 3
33 0.095288 3 2 3 3 4 3 1 3 3 3 3 3 4 1 3 2 2 1 3 3 1 4 2 3 1 3 2 1 1 4 1 2 1 4 4 1 2 3 3 4 3 2 1 2 1 4 1 3 1 3 2 3 3 4 1 3 4 2 4 3 3 3 1 1 3 4 1 1 1 2 1 4 1 3 4 1 1 2 1 1 4 1 4 1 4 1 3 4 4 4 1 1 1 4 1 3
33 0.404886 3 2 3 3 4 3 1 3 3 3 3 3 4 1 3 2 2 3 3 3 1 4 2 3 1 3 2 1 1 4 1 2 1 4 4 1 2 3 3 4 1 2 1 2 1 4 1 3 1 3 2 3 3 4 1 3 4 2 4 3 3 3 1 1 3 4 1 1 1 2 1 4 1 3 4 1 1 2 1 1 4 1 4 1 4 1 3 4 4 4 1 1 1 4 1 3
33 0.023735 3 2 3 3 4 3 1 3 3 3 3 3 4 1 3 2 2 3 3 3 1 4 2 3 1 3 2 1 1 4 1 2 1 4 4 1 2 3 3 4 1 2 1 2 1 4 1 3 1 3 2 3 3 4 1 3 4 2 4 3 3 3 1 1 3 4 1 1 1 2 1 4 1 3 4 1 1 2 1 1 4 1 4 1 4 1 3 4 4 2 1 1 1 4 1 3
34 0.098757 3 2 3 3 4 3 1 3 3 3 3 3 4 1 3 2 1 3 3 3 1 4 2 3 1 3 2 1 1 4 1 2 1 4 4 1 2 3 3 4 1 2 1 2 1 4 1 3 1 3 2 3 3 4 1 3 2 2 4 3 3 3 1 1 3 4 1 1 1 2 1 4 1 3 4 1 1 2 1 1 4 1 4 1 4 1 3 4 4 4 1 1 1 4 1 3
34 0.018532 3 2 3 3 4 3 1 3 3 3 1 3 4 1 3 2 2 3 3 3 1 4 2 3 1 3 2 1 1 4 1 2 1 4 4 1 2 3 3 4 1 2 1 2 1 4 1 3 1 3 2 3 3 4 1 3 4 2 4 3 3 3 1 1 3 4 1 1 1 2 1 4 1 3 4 1 1 2 1 1 4 1 4 1 4 1 3 4 4 2 1 1 1 4 1 3
34 0.018532 3 2 3 3 4 3 1 3 3 3 3 3 4 1 3 2 2 3 3 3 1 4 2 3 1 3 2 1 1 4 1 2 1 4 4 1 2 3 3 4 1 2 1 2 1 4 1 3 1 3 2 3 3 4 1 3 4 2 4 3 3 3 1 1 3 4 1 1 1 2 1 4 1 3 4 1 1 2 1 1 2 1 4 1 4 1 3 4 4 4 1 1 1 4 1 3
34 0.018532 3 2 3 3 4 3 1 3 3 3 3 3 4 1 3 2 2 3 3 3 1 4 2 3 1 3 2 1 1 4 1 2 1 4 4 1 2 3 3 4 1 2 1 2 1 4 1 3 1 3 4 3 3 4 1 3 4 2 4 3 3 3 1 1 3 4 1 1 1 2 1 4 1 3 4 1 1 2 1 1 4 1 4 1 4 1 3 4 4 4 1 1 1 4 1 3
34 0.018532 3 2 3 3 4 3 1 3 3 3 3 3 4 1 3 2 2 3 3 3 3 4 2 3 1 3 2 1 1 4 1 2 1 4 4 1 2 3 3 4 1 2 1 2 1 4 1 3 1 3 2 3 3 4 1 3 4 2 4 3 3 3 1 1 3 4 1 1 1 2 1 4 1 3 4 1 1 2 1 1 4 1 4 1 4 1 3 4 4 4 1 1 1 4 1 3
34 0.098757 3 2 3 3 4 3 1 3 3 3 3 1 4 1 3 2 2 3 3 3 1 4 2 3 1 3 2 1 1 4 1 2 1 4 4 1 2 3 3 4 1 2 1 2 1 4 1 3 1 3 2 3 3 4 1 3 4 2 4 3 3 3 1 1 3 4 1 1 1 2 1 4 1 3 4 1 1 2 1 1 4 1 4 1 4 1 3 4 4 4 1 1 1 4 1 3
34 0.098757 3 2 3 3 4 3 3 3 3 3 3 3 4 1 3 2 2 3 3 3 1 4 2 3 1 3 2 1 3 4 1 2 1 4 4 1 2 3 3 4 1 2 1 2 1 4 1 3 1 3 2 3 3 4 1 3 4 2 4 3 3 3 1 1 3 4 1 1 1 2 1 4 1 3 4 1 1 2 1 1 4 1 4 1 4 1 3 4 4 4 1 1 1 4 1 3
34 0.098757 3 2 3 3 4 3 1 3 3 3 3 3 4 1 3 2 2 3 3 3 1 4 2 3 1 3 2 1 1 4 1 2 1 4 4 1 2 3 3 4 1 2 1 2 1 4 3 3 1 3 2 3 3 4 1 3 4 2 4 3 3 3 1 1 3 4 1 1 1 2 1 4 1 3 4 1 1 2 1 1 4 1 4 1 4 1 3 4 4 4 1 1 1 4 1 3
34 0.098757 3 2 3 3 4 3 1 3 3 3 3 3 4 1 3 2 2 1 3 3 1 4 2 3 1 3 2 1 1 4 1 2 1 4 4 1 2 3 3 4 3 2 1 2 1 4 1 3 1 3 2 3 3 4 1 3 4 2 4 3 3 3 1 1 3 4 1 1 1 2 1 4 1 3 4 1 1 2 1 1 4 1 4 1 4 1 3 4 4 4 1 1 1 4 1 3
34 0.413558 3 2 3 3 4 3 1 3 3 3 3 3 4 1 3 2 2 3 3 3 1 4 2 3 1 3 2 1 1 4 1 2 1 4 4 1 2 3 3 4 1 2 1 2 1 4 1 3 1 3 2 3 3 4 1 3 4 2 4 3 3 3 1 1 3 4 1 1 1 2 1 4 1 3 4 1 1 2 1 1 4 1 4 1 4 1 3 4 4 4 1 1 1 4 1 3
34 0.018532 3 2 3 3 4 3 1 3 3 3 3 3 4 1 3 2 2 3 3 3 1 4 2 3 1 3 2 1 1 4 1 2 1 4 4 1 2 3 3 4 1 2 1 2 1 4 1 3 1 3 2 3 3 4 1 3 4 2 4 3 3 3 1 1 3 4 1 1 1 2 1 4 1 3 4 1 1 2 1 1 4 1 4 1 4 1 3 4 4 2 1 1 1 4 1 3
35 0.101577 3 2 3 3 4 3 1 3 3 3 3 3 4 1 3 2 1 3 3 3 1 4 2 3 1 3 2 1 1 4 1 2 1 4 4 1 2 3 3 4 1 2 1 2 1 4 1 3 1 3 2 3 3 4 1 3 2 2 4 3 3 3 1 1 3 4 1 1 1 2 1 4 1 3 4 1 1 2 1 1 4 1 4 1 4 1 3 4 4 4 1 1 1 4 1 3
35 0.014300 3 2 3 3 4 3 1 3 3 3 1 3 4 1 3 2 2 3 3 3 1 4 2 3 1 3 2 1 1 4 1 2 1 4 4 1 2 3 3 4 1 2 1 2 1 4 1 3 1 3 2 3 3 4 1 3 4 2 4 3 3 3 1 1 3 4 1 1 1 2 1 4 1 3 4 1 1 2 1 1 4 1 4 1 4 1 3 4 4 2 1 1 1 4 1 3
35 0.014300 3 2 3 3 4 3 1 3 3 3 3 3 4 1 3 2 2 3 3 3 1 4 2 3 1 3 2 1 1 4 1 2 1 4 4 1 2 3 3 4 1 2 1 2 1 4 1 3 1 3 2 3 3 4 1 3 4 2 4 3 3 3 1 1 3 4 1 1 1 2 1 4 1 3 4 1 1 2 1 1 2 1 4 1 4 1 3 4 4 4 1 1 1 4 1 3
35 0.014300 3 2 3 3 4 3 1 3 3 3 3 3 4 1 3 2 2 3 3 3 1 4 2 3 1 3 2 1 1 4 1 2 1 4 4 1 2 3 3 4 1 2 1 2 1 4 1 3 1 3 4 3 3 4 1 3 4 2 4 3 3 3 1 1 3 4 1 1 1 2 1 4 1 3 4 1 1 2 1 1 4 1 4 1 4 1 3 4 4 4 1 1 1 4 1 3
35 0.014300 3 2 3 3 4 3 1 3 3 3 3 3 4 1 3 2 2 3 3 3 3 4 2 3 1 3 2 1 1 4 1 2 1 4 4 1 2 3 3 4 1 2 1 2 1 4 1 3 1 3 2 3 3 4 1 3 4 2 4 3 3 3 1 1 3 4 1 1 1 2 1 4 1 3 4 1 1 2 1 1 4 1 4 1 4 1 3 4 4 4 1 1 1 4 1 3
35 0.101577 3 2 3 3 4 3 1 3 3 3 3 1 4 1 3 2 2 3 3 3 1 4 2 3 1 3 2 1 1 4 1 2 1 4 4 1 2 3 3 4 1 2 1 2 1 4 1 3 1 3 2 3 3 4 1 3 4 2 4 3 3 3 1 1 3 4 1 1 1 2 1 4 1 3 4 1 1 2 1 1 4 1 4 1 4 1 3 4 4 4 1 1 1 4 1 3
35 0.101577 3 2 3 3 4 3 3 3 3 3 3 3 4 1 3 2 2 3 3 3 1 4 2 3 1 3 2 1 3 4 1 2 1 4 4 1 2 3 3 4 1 2 1 2 1 4 1 3 1 3 2 3 3 4 1 3 4 2 4 3 3 3 1 1 3 4 1 1 1 2 1 4 1 3 4 1 1 2 1 1 4 1 4 1 4 1 3 4 4 4 1 1 1 4 1 3
35 0.101577 3 2 3 3 4 3 1 3 3 3 3 3 4 1 3 2 2 3 3 3 1 4 2 3 1 3 2 1 1 4 1 2 1 4 4 1 2 3 3 4 1 2 1 2 1 4 3 3 1 3 2 3 3 4 1 3 4 2 4 3 3 3 1 1 3 4 1 1 1 2 1 4 1 3 4 1 1 2 1 1 4 1 4 1 4 1 3 4 4 4 1 1 1 4 1 3
35 0.101577 3 2 3 3 4 3 1 3 3 3 3 3 4 1 3 2 2 1 3 3 1 4 2 3 1 3 2 1 1 4 1 2 1 4 4 1 2 3 3 4 3 2 1 2 1 4 1 3 1 3 2 3 3 4 1 3 4 2 4 3 3 3 1 1 3 4 1 1 1 2 1 4 1 3 4 1 1 2 1 1 4 1 4 1 4 1 3 4 4 4 1 1 1 4 1 3
35 0.420610 3 2 3 3 4 3 1 3 3 3 3 3 4 1 3 2 2 3 3 3 1 4 2 3 1 3 2 1 1 4 1 2 1 4 4 1 2 3 3 4 1 2 1 2 1 4 1 3 1 3 2 3 3 4 1 3 4 2 4 3 3 3 1 1 3 4 1 1 1 2 1 4 1 3 4 1 1 2 1 1 4 1 4 1 4 1 3 4 4 4 1 1 1 4 1 3
35 0.014300 3 2 3 3 4 3 1 3 3 3 3 3 4 1 3 2 2 3 3 3 1 4 2 3 1 3 2 1 1 4 1 2 1 4 4 1 2 3 3 4 1 2 1 2 1 4 1 3 1 3 2 3 3 4 1 3 4 2 4 3 3 3 1 1 3 4 1 1 1 2 1 4 1 3 4 1 1 2 1 1 4 1 4 1 4 1 3 4 4 2 1 1 1 4 1 3
36 0.103840 3 2 3 3 4 3 1 3 3 3 3 3 4 1 3 2 1 3 3 3 1 4 2 3 1 3 2 1 1 4 1 2 1 4 4 1 2 3 3 4 1 2 1 2 1 4 1 3 1 3 2 3 3 4 1 3 2 2 4 3 3 3 1 1 3 4 1 1 1 2 1 4 1 3 4 1 1 2 1 1 4 1 4 1 4 1 3 4 4 4 1 1 1 4 1 3
36 0.010906 3 2 3 3 4 3 1 3 3 3 1 3 4 1 3 2 2 3 3 3 1 4 2 3 1 3 2 1 1 4 1 2 1 4 4 1 2 3 3 4 1 2 1 2 1 4 1 3 1 3 2 3 3 4 1 3 4 2 4 3 3 3 1 1 3 4 1 1 1 2 1 4 1 3 4 1 1 2 1 1 4 1 4 1 4 1 3 4 4 2 1 1 1 4 1 3
36 0.010906 3 2 3 3 4 3 1 3 3 3 3 3 4 1 3 2 2 3 3 3 1 4 2 3 1 3 2 1 1 4 1 2 1 4 4 1 2 3 3 4 1 2 1 2 1 4 1 3 1 3 2 3 3 4 1 3 4 2 4 3 3 3 1 1 3 4 1 1 1 2 1 4 1 3 4 1 1 2 1 1 2 1 4 1 4 1 3 4 4 4 1 1 1 4 1 3
36 0.010906 3 2 3 3 4 3 1 3 3 3 3 3 4 1 3 2 2 3 3 3 1 4 2 3 1 3 2 1 1 4 1 2 1 4 4 1 2 3 3 4 1 2 1 2 1 4 1 3 1 3 4 3 3 4 1 3 4 2 4 3 3 3 1 1 3 4 1 1 1 2 1 4 1 3 4 1 1 2 1 1 4 1 4 1 4 1 3 4 4 4 1 1 1 4 1 3
36 0.010906 3 2 3 3 4 3 1 3 3 3 3 3 4 1 3 2 2 3 3 3 3 4 2 3 1 3 2 1 1 4 1 2 1 4 4 1 2 3 3 4 1 2 1 2 1 4 1 3 1 3 2 3 3 4 1 3 4 2 4 3 3 3 1 1 3 4 1 1 1 2 1 4 1 3 4 1 1 2 1 1 4 1 4 1 4 1 3 4 4 4 1 1 1 4 1 3
36 0.103840 3 2 3 3 4 3 1 3 3 3 3 1 4 1 3 2 2 3 3 3 1 4 2 3 1 3 2 1 1 4 1 2 1 4 4 1 2 3 3 4 1 2 1 2 1 4 1 3 1 3 2 3 3 4 1 3 4 2 4 3 3 3 1 1 3 4 1 1 1 2 1 4 1 3 4 1 1 2 1 1 4 1 4 1 4 1 3 4 4 4 1 1 1 4 1 3
36 0.103840 3 2 3 3 4 3 3 3 3 3 3 3 4 1 3 2 2 3 3 3 1 4 2 3 1 3 2 1 3 4 1 2 1 4 4 1 2 3 3 4 1 2 1 2 1 4 1 3 1 3 2 3 3 4 1 3 4 2 4 3 3 3 1 1 3 4 1 1 1 2 1 4 1 3 4 1 1 2 1 1 4 1 4 1 4 1 3 4 4 4 1 1 1 4 1 3
36 0.103840 3 2 3 3 4 3 1 3 3 3 3 3 4 1 3 2 2 3 3 3 1 4 2 3 1 3 2 1 1 4 1 2 1 4 4 1 2 3 3 4 1 2 1 2 1 4 3 3 1 3 2 3 3 4 1 3 4 2 4 3 3 3 1 1 3 4 1 1 1 2 1 4 1 3 4 1 1 2 1 1 4 1 4 1 4 1 3 4 4 4 1 1 1 4 1 3
36 0.103840 3 2 3 3 4 3 1 3 3 3 3 3 4 1 3 2 2 1 3 3 1 4 2 3 1 3 2 1 1 4 1 2 1 4 4 1 2 3 3 4 3 2 1 2 1 4 1 3 1 3 2 3 3 4 1 3 4 2 4 3 3 3 1 1 3 4 1 1 1 2 1 4 1 3 4 1 1 2 1 1 4 1 4 1 4 1 3 4 4 4 1 1 1 4 1 3
36 0.426267 3 2 3 3 4 3 1 3 3 3 3 3 4 1 3 2 2 3 3 3 1 4 2 3 1 3 2 1 1 4 1 2 1 4 4 1 2 3 3 4 1 2 1 2 1 4 1 3 1 3 2 3 3 4 1 3 4 2 4 3 3 3 1 1 3 4 1 1 1 2 1 4 1 3 4 1 1 2 1 1 4 1 4 1 4 1 3 4 4 4 1 1 1 4 1 3
36 0.010906 3 2 3 3 4 3 1 3 3 3 3 3 4 1 3 2 2 3 3 3 1 4 2 3 1 3 2 1 1 4 1 2 1 4 4 1 2 3 3 4 1 2 1 2 1 4 1 3 1 3 2 3 3 4 1 3 4 2 4 3 3 3 1 1 3 4 1 1 1 2 1 4 1 3 4 1 1 2 1 1 4 1 4 1 4 1 3 4 4 2 1 1 1 4 1 3
37 0.105636 3 2 3 3 4 3 1 3 3 3 3 3 4 1 3 2 1 3 3 3 1 4 2 3 1 3 2 1 1 4 1 2 1 4 4 1 2 3 3 4 1 2 1 2 1 4 1 3 1 3 2 3 3 4 1 3 2 2 4 3 3 3 1 1 3 4 1 1 1 2 1 4 1 3 4 1 1 2 1 1 4 1 4 1 4 1 3 4 4 4 1 1 1 4 1 3
37 0.008213 3 2 3 3 4 3 1 3 3 3 1 3 4 1 3 2 2 3 3 3 1 4 2 3 1 3 2 1 1 4 1 2 1 4 4 1 2 3 3 4 1 2 1 2 1 4 1 3 1 3 2 3 3 4 1 3 4 2 4 3 3 3 1 1 3 4 1 1 1 2 1 4 1 3 4 1 1 2 1 1 4 1 4 1 4 1 3 4 4 2 1 1 1 4 1 3
37 0.008213 3 2 3 3 4 3 1 3 3 3 3 3 4 1 3 2 2 3 3 3 1 4 2 3 1 3 2 1 1 4 1 2 1 4 4 1 2 3 3 4 1 2 1 2 1 4 1 3 1 3 2 3 3 4 1 3 4 2 4 3 3 3 1 1 3 4 1 1 1 2 1 4 1 3 4 1 1 2 1 1 2 1 4 1 4 1 3 4 4 4 1 1 1 4 1 3
37 0.008213 3 2 3 3 4 3 1 3 3 3 3 3 4 1 3 2 2 3 3 3 1 4 2 3 1 3 2 1 1 4 1 2 1 4 4 1 2 3 3 4 1 2 1 2 1 4 1 3 1 3 4 3 3 4 1 3 4 2 4 3 3 3 1 1 3 4 1 1 1 2 1 4 1 3 4 1 1 2 1 1 4 1 4 1 4 1 3 4 4 4 1 1 1 4 1 3
37 0.008213 3 2 3 3 4 3 1 3 3 3 3 3 4 1 3 2 2 3 3 3 3 4 2 3 1 3 2 1 1 4 1 2 1 4 4 1 2 3 3 4 1 2 1 2 1 4 1 3 1 3 2 3 3 4 1 3 4 2 4 3 3 3 1 1 3 4 1 1 1 2 1 4 1 3 4 1 1 2 1 1 4 1 4 1 4 1 3 4 4 4 1 1 1 4 1 3
37 0.105636 3 2 3 3 4 3 1 3 3 3 3 1 4 1 3 2 2 3 3 3 1 4 2 3 1 3 2 1 1 4 1 2 1 4 4 1 2 3 3 4 1 2 1 2 1 4 1 3 1 3 2 3 3 4 1 3 4 2 4 3 3 3 1 1 3 4 1 1 1 2 1 4 1 3 4 1 1 2 1 1 4 1 4 1 4 1 3 4 4 4 1 1 1 4 1 3
37 0.105636 3 2 3 3 4 3 3 3 3 3 3 3 4 1 3 2 2 3 3 3 1 4 2 3 1 3 2 1 3 4 1 2 1 4 4 1 2 3 3 4 1 2 1 2 1 4 1 3 1 3 2 3 3 4 1 3 4 2 4 3 3 3 1 1 3 4 1 1 1 2 1 4 1 3 4 1 1 2 1 1 4 1 4 1 4 1 3 4 4 4 1 1 1 4 1 3
37 0.105636 3 2 3 3 4 3 1 3 3 3 3 3 4 1 3 2 2 3 3 3 1 4 2 3 1 3 2 1 1 4 1 2 1 4 4 1 2 3 3 4 1 2 1 2 1 4 3 3 1 3 2 3 3 4 1 3 4 2 4 3 3 3 1 1 3 4 1 1 1 2 1 4 1 3 4 1 1 2 1 1 4 1 4 1 4 1 3 4 4 4 1 1 1 4 1 3
37 0.105636 3 2 3 3 4 3 1 3 3 3 3 3 4 1 3 2 2 1 3 3 1 4 2 3 1 3 2 1 1 4 1 2 1 4 4 1 2 3 3 4 3 2 1 2 1 4 1 3 1 3 2 3 3 4 1 3 4 2 4 3 3 3 1 1 3 4 1 1 1 2 1 4 1 3 4 1 1 2 1 1 4 1 4 1 4 1 3 4 4 4 1 1 1 4 1 3
37 0.430755 3 2 3 3 4 3 1 3 3 3 3 3 4 1 3 2 2 3 3 3 1 4 2 3 1 3 2 1 1 4 1 2 1 4 4 1 2 3 3 4 1 2 1 2 1 4 1 3 1 3 2 3 3 4 1 3 4 2 4 3 3 3 1 1 3 4 1 1 1 2 1 4 1 3 4 1 1 2 1 1 4 1 4 1 4 1 3 4 4 4 1 1 1 4 1 3
37 0.008213 3 2 3 3 4 3 1 3 3 3 3 3 4 1 3 2 2 3 3 3 1 4 2 3 1 3 2 1 1 4 1 2 1 4 4 1 2 3 3 4 1 2 1 2 1 4 1 3 1 3 2 3 3 4 1 3 4 2 4 3 3 3 1 1 3 4 1 1 1 2 1 4 1 3 4 1 1 2 1 1 4 1 4 1 4 1 3 4 4 2 1 1 1 4 1 3
38 0.107048 3 2 3 3 4 3 1 3 3 3 3 3 4 1 3 2 1 3 3 3 1 4 2 3 1 3 2 1 1 4 1 2 1 4 4 1 2 3 3 4 1 2 1 2 1 4 1 3 1 3 2 3 3 4 1 3 2 2 4 3 3 3 1 1 3 4 1 1 1 2 1 4 1 3 4 1 1 2 1 1 4 1 4 1 4 1 3 4 4 4 1 1 1 4 1 3
38 0.006095 3 2 3 3 4 3 1 3 3 3 1 3 4 1 3 2 2 3 3 3 1 4 2 3 1 3 2 1 1 4 1 2 1 4 4 1 2 3 3 4 1 2 1 2 1 4 1 3 1 3 2 3 3 4 1 3 4 2 4 3 3 3 1 1 3 4 1 1 1 2 1 4 1 3 4 1 1 2 1 1 4 1 4 1 4 1 3 4 4 2 1 1 1 4 1 3
38 0.006095 3 2 3 3 4 3 1 3 3 3 3 3 4 1 3 2 2 3 3 3 1 4 2 3 1 3 2 1 1 4 1 2 1 4 4 1 2 3 3 4 1 2 1 2 1 4 1 3 1 3 2 3 3 4 1 3 4 2 4 3 3 3 1 1 3 4 1 1 1 2 1 4 1 3 4 1 1 2 1 1 2 1 4 1 4 1 3 4 4 4 1 1 1 4 1 3
38 0.006095 3 2 3 3 4 3 1 3 3 3 3 3 4 1 3 2 2 3 3 3 1 4 2 3 1 3 2 1 1 4 1 2 1 4 4 1 2 3 3 4 1 2 1 2 1 4 1 3 1 3 4 3 3 4 1 3 4 2 4 3 3 3 1 1 3 4 1 1 1 2 1 4 1 3 4 1 1 2 1 1 4 1 4 1 4 1 3 4 4 4 1 1 1 4 1 3
38 0.006095 3 2 3 3 4 3 1 3 3 3 3 3 4 1 3 2 2 3 3 3 3 4 2 3 1 3 2 1 1 4 1 2 1 4 4 1 2 3 3 4 1 2 1 2 1 4 1 3 1 3 2 3 3 4 1 3 4 2 4 3 3 3 1 1 3 4 1 1 1 2 1 4 1 3 4 1 1 2 1 1 4 1 4 1 4 1 3 4 4 4 1 1 1 4 1 3
38 0.107048 3 2 3 3 4 3 1 3 3 3 3 1 4 1 3 2 2 3 3 3 1 4 2 3 1 3 2 1 1 4 1 2 1 4 4 1 2 3 3 4 1 2 1 2 1 4 1 3 1 3 2 3 3 4 1 3 4 2 4 3 3 3 1 1 3 4 1 1 1 2 1 4 1 3 4 1 1 2 1 1 4 1 4 1 4 1 3 4 4 4 1 1 1 4 1 3
38 0.107048 3 2 3 3 4 3 3 3 3 3 3 3 4 1 3 2 2 3 3 3 1 4 2 3 1 3 2 1 3 4 1 2 1 4 4 1 2 3 3 4 1 2 1 2 1 4 1 3 1 3 2 3 3 4 1 3 4 2 4 3 3 3 1 1 3 4 1 1 1 2 1 4 1 3 4 1 1 2 1 1 4 1 4 1 4 1 3 4 4 4 1 1 1 4 1 3
38 0.107048 3 2 3 3 4 3 1 3 3 3 3 3 4 1 3 2 2 3 3 3 1 4 2 3 1 3 2 1 1 4 1 2 1 4 4 1 2 3 3 4 1 2 1 2 1 4 3 3 1 3 2 3 3 4 1 3 4 2 4 3 3 3 1 1 3 4 1 1 1 2 1 4 1 3 4 1 1 2 1 1 4 1 4 1 4 1 3 4 4 4 1 1 1 4 1 3
38 0.107048 3 2 3 3 4 3 1 3 3 3 3 3 4 1 3 2 2 1 3 3 1 4 2 3 1 3 2 1 1 4 1 2 1 4 4 1 2 3 3 4 3 2 1 2 1 4 1 3 1 3 2 3 3 4 1 3 4 2 4 3 3 3 1 1 3 4 1 1 1 2 1 4 1 3 4 1 1 2 1 1 4 1 4 1 4 1 3 4 4 4 1 1 1 4 1 3
38 0.434286 3 2 3 3 4 3 1 3 3 3 3 3 4 1 3 2 2 3 3 3 1 4 2 3 1 3 2 1 1 4 1 2 1 4 4 1 2 3 3 4 1 2 1 2 1 4 1 3 1 3 2 3 3 4 1 3 4 2 4 3 3 3 1 1 3 4 1 1 1 2 1 4 1 3 4 1 1 2 1 1 4 1 4 1 4 1 3 4 4 4 1 1 1 4 1 3
38 0.006095 3 2 3 3 4 3 1 3 3 3 3 3 4 1 3 2 2 3 3 3 1 4 2 3 1 3 2 1 1 4 1 2 1 4 4 1 2 3 3 4 1 2 1 2 1 4 1 3 1 3 2 3 3 4 1 3 4 2 4 3 3 3 1 1 3 4 1 1 1 2 1 4 1 3 4 1 1 2 1 1 4 1 4 1 4 1 3 4 4 2 1 1 1 4 1 3
39 0.108151 3 2 3 3 4 3 1 3 3 3 3 3 4 1 3 2 1 3 3 3 1 4 2 3 1 3 2 1 1 4 1 2 1 4 4 1 2 3 3 4 1 2 1 2 1 4 1 3 1 3 2 3 3 4 1 3 2 2 4 3 3 3 1 1 3 4 1 1 1 2 1 4 1 3 4 1 1 2 1 1 4 1 4 1 4 1 3 4 4 4 1 1 1 4 1 3
39 0.004440 3 2 3 3 4 3 1 3 3 3 1 3 4 1 3 2 2 3 3 3 1 4 2 3 1 3 2 1 1 4 1 2 1 4 4 1 2 3 3 4 1 2 1 2 1 4 1 3 1 3 2 3 3 4 1 3 4 2 4 3 3 3 1 1 3 4 1 1 1 2 1 4 1 3 4 1 1 2 1 1 4 1 4 1 4 1 3 4 4 2 1 1 1 4 1 3
39 0.004440 3 2 3 3 4 3 1 3 3 3 3 3 4 1 3 2 2 3 3 3 1 4 2 3 1 3 2 1 1 4 1 2 1 4 4 1 2 3 3 4 1 2 1 2 1 4 1 3 1 3 2 3 3 4 1 3 4 2 4 3 3 3 1 1 3 4 1 1 1 2 1 4 1 3 4 1 1 2 1 1 2 1 4 1 4 1 3 4 4 4 1 1 1 4 1 3
39 0.004440 3 2 3 3 4 3 1 3 3 3 3 3 4 1 3 2 2 3 3 3 1 4 2 3 1 3 2 1 1 4 1 2 1 4 4 1 2 3 3 4 1 2 1 2 1 4 1 3 1 3 4 3 3 4 1 3 4 2 4 3 3 3 1 1 3 4 1 1 1 2 1 4 1 3 4 1 1 2 1 1 4 1 4 1 4 1 3 4 4 4 1 1 1 4 1 3
39 0.004440 3 2 3 3 4 3 1 3 3 3 3 3 4 1 3 2 2 3 3 3 3 4 2 3 1 3 2 1 1 4 1 2 1 4 4 1 2 3 3 4 1 2 1 2 1 4 1 3 1 3 2 3 3 4 1 3 4 2 4 3 3 3 1 1 3 4 1 1 1 2 1 4 1 3 4 1 1 2 1 1 4 1 4 1 4 1 3 4 4 4 1 1 1 4 1 3
39 0.108151 3 2 3 3 4 3 1 3 3 3 3 1 4 1 3 2 2 3 3 3 1 4 2 3 1 3 2 1 1 4 1 2 1 4 4 1 2 3 3 4 1 2 1 2 1 4 1 3 1 3 2 3 3 4 1 3 4 2 4 3 3 3 1 1 3 4 1 1 1 2 1 4 1 3 4 1 1 2 1 1 4 1 4 1 4 1 3 4 4 4 1 1 1 4 1 3
39 0.108151 3 2 3 3 4 3 3 3 3 3 3 3 4 1 3 2 2 3 3 3 1 4 2 3 1 3 2 1 3 4 1 2 1 4 4 1 2 3 3 4 1 2 1 2 1 4 1 3 1 3 2 3 3 4 1 3 4 2 4 3 3 3 1 1 3 4 1 1 1 2 1 4 1 3 4 1 1 2 1 1 4 1 4 1 4 1 3 4 4 4 1 1 1 4 1 3
39 0.108151 3 2 3 3 4 3 1 3 3 3 3 3 4 1 3 2 2 3 3 3 1 4 2 3 1 3 2 1 1 4 1 2 1 4 4 1 2 3 3 4 1 2 1 2 1 4 3 3 1 3 2 3 3 4 1 3 4 2 4 3 3 3 1 1 3 4 1 1 1 2 1 4 1 3 4 1 1 2 1 1 4 1 4 1 4 1 3 4 4 4 1 1 1 4 1 3
39 0.108151 3 2 3 3 4 3 1 3 3 3 3 3 4 1 3 2 2 1 3 3 1 4 2 3 1 3 2 1 1 4 1 2 1 4 4 1 2 3 3 4 3 2 1 2 1 4 1 3 1 3 2 3 3 4 1 3 4 2 4 3 3 3 1 1 3 4 1 1 1 2 1 4 1 3 4 1 1 2 1 1 4 1 4 1 4 1 3 4 4 4 1 1 1 4 1 3
39 0.437044 3 2 3 3 4 3 1 3 3 3 3 3 4 1 3 2 2 3 3 3 1 4 2 3 1 3 2 1 1 4 1 2 1 4 4 1 2 3 3 4 1 2 1 2 1 4 1 3 1 3 2 3 3 4 1 3 4 2 4 3 3 3 1 1 3 4 1 1 1 2 1 4 1 3 4 1 1 2 1 1 4 1 4 1 4 1 3 4 4 4 1 1 1 4 1 3
39 0.004440 3 2 3 3 4 3 1 3 3 3 3 3 4 1 3 2 2 3 3 3 1 4 2 3 1 3 2 1 1 4 1 2 1 4 4 1 2 3 3 4 1 2 1 2 1 4 1 3 1 3 2 3 3 4 1 3 4 2 4 3 3 3 1 1 3 4 1 1 1 2 1 4 1 3 4 1 1 2 1 1 4 1 4 1 4 1 3 4 4 2 1 1 1 4 1 3
40 0.109008 3 2 3 3 4 3 1 3 3 3 3 3 4 1 3 2 1 3 3 3 1 4 2 3 1 3 2 1 1 4 1 2 1 4 4 1 2 3 3 4 1 2 1 2 1 4 1 3 1 3 2 3 3 4 1 3 2 2 4 3 3 3 1 1 3 4 1 1 1 2 1 4 1 3 4 1 1 2 1 1 4 1 4 1 4 1 3 4 4 4 1 1 1 4 1 3
40 0.003154 3 2 3 3 4 3 1 3 3 3 1 3 4 1 3 2 2 3 3 3 1 4 2 3 1 3 2 1 1 4 1 2 1 4 4 1 2 3 3 4 1 2 1 2 1 4 1 3 1 3 2 3 3 4 1 3 4 2 4 3 3 3 1 1 3 4 1 1 1 2 1 4 1 3 4 1 1 2 1 1 4 1 4 1 4 1 3 4 4 2 1 1 1 4 1 3
40 0.003154 3 2 3 3 4 3 1 3 3 3 3 3 4 1 3 2 2 3 3 3 1 4 2 3 1 3 2 1 1 4 1 2 1 4 4 1 2 3 3 4 1 2 1 2 1 4 1 3 1 3 2 3 3 4 1 3 4 2 4 3 3 3 1 1 3 4 1 1 1 2 1 4 1 3 4 1 1 2 1 1 2 1 4 1 4 1 3 4 4 4 1 1 1 4 1 3
40 0.003154 3 2 3 3 4 3 1 3 3 3 3 3 4 1 3 2 2 3 3 3 1 4 2 3 1 3 2 1 1 4 1 2 1 4 4 1 2 3 3 4 1 2 1 2 1 4 1 3 1 3 4 3 3 4 1 3 4 2 4 3 3 3 1 1 3 4 1 1 1 2 1 4 1 3 4 1 1 2 1 1 4 1 4 1 4 1 3 4 4 4 1 1 1 4 1 3
40 0.003154 3 2 3 3 4 3 1 3 3 3 3 3 4 1 3 2 2 3 3 3 3 4 2 3 1 3 2 1 1 4 1 2 1 4 4 1 2 3 3 4 1 2 1 2 1 4 1 3 1 3 2 3 3 4 1 3 4 2 4 3 3 3 1 1 3 4 1 1 1 2 1 4 1 3 4 1 1 2 1 1 4 1 4 1 4 1 3 4 4 4 1 1 1 4 1 3
40 0.109008 3 2 3 3 4 3 1 3 3 3 3 1 4 1 3 2 2 3 3 3 1 4 2 3 1 3 2 1 1 4 1 2 1 4 4 1 2 3 3 4 1 2 1 2 1 4 1 3 1 3 2 3 3 4 1 3 4 2 4 3 3 3 1 1 3 4 1 1 1 2 1 4 1 3 4 1 1 2 1 1 4 1 4 1 4 1 3 4 4 4 1 1 1 4 1 3
40 0.109008 3 2 3 3 4 3 3 3 3 3 3 3 4 1 3 2 2 3 3 3 1 4 2 3 1 3 2 1 3 4 1 2 1 4 4 1 2 3 3 4 1 2 1 2 1 4 1 3 1 3 2 3 3 4 1 3 4 2 4 3 3 3 1 1 3 4 1 1 1 2 1 4 1 3 4 1 1 2 1 1 4 1 4 1 4 1 3 4 4 4 1 1 1 4 1 3
40 0.109008 3 2 3 3 4 3 1 3 3 3 3 3 4 1 3 2 2 3 3 3 1 4 2 3 1 3 2 1 1 4 1 2 1 4 4 1 2 3 3 4 1 2 1 2 1 4 3 3 1 3 2 3 3 4 1 3 4 2 4 3 3 3 1 1 3 4 1 1 1 2 1 4 1 3 4 1 1 2 1 1 4 1 4 1 4 1 3 4 4 4 1 1 1 4 1 3
40 0.109008 3 2 3 3 4 3 1 3 3 3 3 3 4 1 3 2 2 1 3 3 1 4 2 3 1 3 2 1 1 4 1 2 1 4 4 1 2 3 3 4 3 2 1 2 1 4 1 3 1 3 2 3 3 4 1 3 4 2 4 3 3 3 1 1 3 4 1 1 1 2 1 4 1 3 4 1 1 2 1 1 4 1 4 1 4 1 3 4 4 4 1 1 1 4 1 3
40 0.439187 3 2 3 3 4 3 1 3 3 3 3 3 4 1 3 2 2 3 3 3 1 4 2 3 1 3 2 1 1 4 1 2 1 4 4 1 2 3 3 4 1 2 1 2 1 4 1 3 1 3 2 3 3 4 1 3 4 2 4 3 3 3 1 1 3 4 1 1 1 2 1 4 1 3 4 1 1 2 1 1 4 1 4 1 4 1 3 4 4 4 1 1 1 4 1 3
40 0.003154 3 2 3 3 4 3 1 3 3 3 3 3 4 1 3 2 2 3 3 3 1 4 2 3 1 3 2 1 1 4 1 2 1 4 4 1 2 3 3 4 1 2 1 2 1 4 1 3 1 3 2 3 3 4 1 3 4 2 4 3 3 3 1 1 3 4 1 1 1 2 1 4 1 3 4 1 1 2 1 1 4 1 4 1 4 1 3 4 4 2 1 1 1 4 1 3
41 0.109672 3 2 3 3 4 3 1 3 3 3 3 3 4 1 3 2 1 3 3 3 1 4 2 3 1 3 2 1 1 4 1 2 1 4 4 1 2 3 3 4 1 2 1 2 1 4 1 3 1 3 2 3 3 4 1 3 2 2 4 3 3 3 1 1 3 4 1 1 1 2 1 4 1 3 4 1 1 2 1 1 4 1 4 1 4 1 3 4 4 4 1 1 1 4 1 3
41 0.002159 3 2 3 3 4 3 1 3 3 3 1 3 4 1 3 2 2 3 3 3 1 4 2 3 1 3 2 1 1 4 1 2 1 4 4 1 2 3 3 4 1 2 1 2 1 4 1 3 1 3 2 3 3 4 1 3 4 2 4 3 3 3 1 1 3 4 1 1 1 2 1 4 1 3 4 1 1 2 1 1 4 1 4 1 4 1 3 4 4 2 1 1 1 4 1 3
41 0.002159 3 2 3 3 4 3 1 3 3 3 3 3 4 1 3 2 2 3 3 3 1 4 2 3 1 3 2 1 1 4 1 2 1 4 4 1 2 3 3 4 1 2 1 2 1 4 1 3 1 3 2 3 3 4 1 3 4 2 4 3 3 3 1 1 3 4 1 1 1 2 1 4 1 3 4 1 1 2 1 1 2 1 4 1 4 1 3 4 4 4 1 1 1 4 1 3
41 0.002159 3 2 3 3 4 3 1 3 3 3 3 3 4 1 3 2 2 3 3 3 1 4 2 3 1 3 2 1 1 4 1 2 1 4 4 1 2 3 3 4 1 2 1 2 1 4 1 3 1 3 4 3 3 4 1 3 4 2 4 3 3 3 1 1 3 4 1 1 1 2 1 4 1 3 4 1 1 2 1 1 4 1 4 1 4 1 3 4 4 4 1 1 1 4 1 3
41 0.002159 3 2 3 3 4 3 1 3 3 3 3 3 4 1 3 2 2 3 3 3 3 4 2 3 1 3 2 1 1 4 1 2 1 4 4 1 2 3 3 4 1 2 1 2 1 4 1 3 1 3 2 3 3 4 1 3 4 2 4 3 3 3 1 1 3 4 1 1 1 2 1 4 1 3 4 1 1 2 1 1 4 1 4 1 4 1 3 4 4 4 1 1 1 4 1 3
41 0.109672 3 2 3 3 4 3 1 3 3 3 3 1 4 1 3 2 2 3 3 3 1 4 2 3 1 3 2 1 1 4 1 2 1 4 4 1 2 3 3 4 1 2 1 2 1 4 1 3 1 3 2 3 3 4 1 3 4 2 4 3 3 3 1 1 3 4 1 1 1 2 1 4 1 3 4 1 1 2 1 1 4 1 4 1 4 1 3 4 4 4 1 1 1 4 1 3
41 0.109672 3 2 3 3 4 3 3 3 3 3 3 3 4 1 3 2 2 3 3 3 1 4 2 3 1 3 2 1 3 4 1 2 1 4 4 1 2 3 3 4 1 2 1 2 1 4 1 3 1 3 2 3 3 4 1 3 4 2 4 3 3 3 1 1 3 4 1 1 1 2 1 4 1 3 4 1 1 2 1 1 4 1 4 1 4 1 3 4 4 4 1 1 1 4 1 3
41 0.109672 3 2 3 3 4 3 1 3 3 3 3 3 4 1 3 2 2 3 3 3 1 4 2 3 1 3 2 1 1 4 1 2 1 4 4 1 2 3 3 4 1 2 1 2 1 4 3 3 1 3 2 3 3 4 1 3 4 2 4 3 3 3 1 1 3 4 1 1 1 2 1 4 1 3 4 1 1 2 1 1 4 1 4 1 4 1 3 4 4 4 1 1 1 4 1 3
41 0.109672 3 2 3 3 4 3 1 3 3 3 3 3 4 1 3 2 2 1 3 3 1 4 2 3 1 3 2 1 1 4 1 2 1 4 4 1 2 3 3 4 3 2 1 2 1 4 1 3 1 3 2 3 3 4 1 3 4 2 4 3 3 3 1 1 3 4 1 1 1 2 1 4 1 3 4 1 1 2 1 1 4 1 4 1 4 1 3 4 4 4 1 1 1 4 1 3
41 0.440845 3 2 3 3 4 3 1 3 3 3 3 3 4 1 3 2 2 3 3 3 1 4 2 3 1 3 2 1 1 4 1 2 1 4 4 1 2 3 3 4 1 2 1 2 1 4 1 3 1 3 2 3 3 4 1 3 4 2 4 3 3 3 1 1 3 4 1 1 1 2 1 4 1 3 4 1 1 2 1 1 4 1 4 1 4 1 3 4 4 4 1 1 1 4 1 3
41 0.002159 3 2 3 3 4 3 1 3 3 3 3 3 4 1 3 2 2 3 3 3 1 4 2 3 1 3 2 1 1 4 1 2 1 4 4 1 2 3 3 4 1 2 1 2 1 4 1 3 1 3 2 3 3 4 1 3 4 2 4 3 3 3 1 1 3 4 1 1 1 2 1 4 1 3 4 1 1 2 1 1 4 1 4 1 4 1 3 4 4 2 1 1 1 4 1 3
42 0.110183 3 2 3 3 4 3 1 3 3 3 3 3 4 1 3 2 1 3 3 3 1 4 2 3 1 3 2 1 1 4 1 2 1 4 4 1 2 3 3 4 1 2 1 2 1 4 1 3 1 3 2 3 3 4 1 3 2 2 4 3 3 3 1 1 3 4 1 1 1 2 1 4 1 3 4 1 1 2 1 1 4 1 4 1 4 1 3 4 4 4 1 1 1 4 1 3
42 0.001392 3 2 3 3 4 3 1 3 3 3 1 3 4 1 3 2 2 3 3 3 1 4 2 3 1 3 2 1 1 4 1 2 1 4 4 1 2 3 3 4 1 2 1 2 1 4 1 3 1 3 2 3 3 4 1 3 4 2 4 3 3 3 1 1 3 4 1 1 1 2 1 4 1 3 4 1 1 2 1 1 4 1 4 1 4 1 3 4 4 2 1 1 1 4 1 3
42 0.001392 3 2 3 3 4 3 1 3 3 3 3 3 4 1 3 2 2 3 3 3 1 4 2 3 1 3 2 1 1 4 1 2 1 4 4 1 2 3 3 4 1 2 1 2 1 4 1 3 1 3 2 3 3 4 1 3 4 2 4 3 3 3 1 1 3 4 1 1 1 2 1 4 1 3 4 1 1 2 1 1 2 1 4 1 4 1 3 4 4 4 1 1 1 4 1 3
42 0.001392 3 2 3 3 4 3 1 3 3 3 3 3 4 1 3 2 2 3 3 3 1 4 2 3 1 3 2 1 1 4 1 2 1 4 4 1 2 3 3 4 1 2 1 2 1 4 1 3 1 3 4 3 3 4 1 3 4 2 4 3 3 3 1 1 3 4 1 1 1 2 1 4 1 3 4 1 1 2 1 1 4 1 4 1 4 1 3 4 4 4 1 1 1 4 1 3
42 0.001392 3 2 3 3 4 3 1 3 3 3 3 3 4 1 3 2 2 3 3 3 3 4 2 3 1 3 2 1 1 4 1 2 1 4 4 1 2 3 3 4 1 2 1 2 1 4 1 3 1 3 2 3 3 4 1 3 4 2 4 3 3 3 1 1 3 4 1 1 1 2 1 4 1 3 4 1 1 2 1 1 4 1 4 1 4 1 3 4 4 4 1 1 1 4 1 3
42 0.110183 3 2 3 3 4 3 1 3 3 3 3 1 4 1 3 2 2 3 3 3 1 4 2 3 1 3 2 1 1 4 1 2 1 4 4 1 2 3 3 4 1 2 1 2 1 4 1 3 1 3 2 3 3 4 1 3 4 2 4 3 3 3 1 1 3 4 1 1 1 2 1 4 1 3 4 1 1 2 1 1 4 1 4 1 4 1 3 4 4 4 1 1 1 4 1 3
42 0.110183 3 2 3 3 4 3 3 3 3 3 3 3 4 1 3 2 2 3 3 3 1 4 2 3 1 3 2 1 3 4 1 2 1 4 4 1 2 3 3 4 1 2 1 2 1 4 1 3 1 3 2 3 3 4 1 3 4 2 4 3 3 3 1 1 3 4 1 1 1 2 1 4 1 3 4 1 1 2 1 1 4 1 4 1 4 1 3 4 4 4 1 1 1 4 1 3
42 0.110183 3 2 3 3 4 3 1 3 3 3 3 3 4 1 3 2 2 3 3 3 1 4 2 3 1 3 2 1 1 4 1 2 1 4 4 1 2 3 3 4 1 2 1 2 1 4 3 3 1 3 2 3 3 4 1 3 4 2 4 3 3 3 1 1 3 4 1 1 1 2 1 4 1 3 4 1 1 2 1 1 4 1 4 1 4 1 3 4 4 4 1 1 1 4 1 3
42 0.110183 3 2 3 3 4 3 1 3 3 3 3 3 4 1 3 2 2 1 3 3 1 4 2 3 1 3 2 1 1 4 1 2 1 4 4 1 2 3 3 4 3 2 1 2 1 4 1 3 1 3 2 3 3 4 1 3 4 2 4 3 3 3 1 1 3 4 1 1 1 2 1 4 1 3 4 1 1 2 1 1 4 1 4 1 4 1 3 4 4 4 1 1 1 4 1 3
42 0.442125 3 2 3 3 4 3 1 3 3 3 3 3 4 1 3 2 2 3 3 3 1 4 2 3 1 3 2 1 1 4 1 2 1 4 4 1 2 3 3 4 1 2 1 2 1 4 1 3 1 3 2 3 3 4 1 3 4 2 4 3 3 3 1 1 3 4 1 1 1 2 1 4 1 3 4 1 1 2 1 1 4 1 4 1 4 1 3 4 4 4 1 1 1 4 1 3
42 0.001392 3 2 3 3 4 3 1 3 3 3 3 3 4 1 3 2 2 3 3 3 1 4 2 3 1 3 2 1 1 4 1 2 1 4 4 1 2 3 3 4 1 2 1 2 1 4 1 3 1 3 2 3 3 4 1 3 4 2 4 3 3 3 1 1 3 4 1 1 1 2 1 4 1 3 4 1 1 2 1 1 4 1 4 1 4 1 3 4 4 2 1 1 1 4 1 3
43 0.110577 3 2 3 3 4 3 1 3 3 3 3 3 4 1 3 2 1 3 3 3 1 4 2 3 1 3 2 1 1 4 1 2 1 4 4 1 2 3 3 4 1 2 1 2 1 4 1 3 1 3 2 3 3 4 1 3 2 2 4 3 3 3 1 1 3 4 1 1 1 2 1 4 1 3 4 1 1 2 1 1 4 1 4 1 4 1 3 4 4 4 1 1 1 4 1 3
43 0.000801 3 2 3 3 4 3 1 3 3 3 1 3 4 1 3 2 2 3 3 3 1 4 2 3 1 3 2 1 1 4 1 2 1 4 4 1 2 3 3 4 1 2 1 2 1 4 1 3 1 3 2 3 3 4 1 3 4 2 4 3 3 3 1 1 3 4 1 1 1 2 1 4 1 3 4 1 1 2 1 1 4 1 4 1 4 1 3 4 4 2 1 1 1 4 1 3
43 0.000801 3 2 3 3 4 3 1 3 3 3 3 3 4 1 3 2 2 3 3 3 1 4 2 3 1 3 2 1 1 4 1 2 1 4 4 1 2 3 3 4 1 2 1 2 1 4 1 3 1 3 2 3 3 4 1 3 4 2 4 3 3 3 1 1 3 4 1 1 1 2 1 4 1 3 4 1 1 2 1 1 2 1 4 1 4 1 3 4 4 4 1 1 1 4 1 3
43 0.000801 3 2 3 3 4 3 1 3 3 3 3 3 4 1 3 2 2 3 3 3 1 4 2 3 1 3 2 1 1 4 1 2 1 4 4 1 2 3 3 4 1 2 1 2 1 4 1 3 1 3 4 3 3 4 1 3 4 2 4 3 3 3 1 1 3 4 1 1 1 2 1 4 1 3 4 1 1 2 1 1 4 1 4 1 4 1 3 4 4 4 1 1 1 4 1 3
43 0.000801 3 2 3 3 4 3 1 3 3 3 3 3 4 1 3 2 2 3 3 3 3 4 2 3 1 3 2 1 1 4 1 2 1 4 4 1 2 3 3 4 1 2 1 2 1 4 1 3 1 3 2 3 3 4 1 3 4 2 4 3 3 3 1 1 3 4 1 1 1 2 1 4 1 3 4 1 1 2 1 1 4 1 4 1 4 1 3 4 4 4 1 1 1 4 1 3
43 0.110577 3 2 3 3 4 3 1 3 3 3 3 1 4 1 3 2 2 3 3 3 1 4 2 3 1 3 2 1 1 4 1 2 1 4 4 1 2 3 3 4 1 2 1 2 1 4 1 3 1 3 2 3 3 4 1 3 4 2 4 3 3 3 1 1 3 4 1 1 1 2 1 4 1 3 4 1 1 2 1 1 4 1 4 1 4 1 3 4 4 4 1 1 1 4 1 3
43 0.110577 3 2 3 3 4 3 3 3 3 3 3 3 4 1 3 2 2 3 3 3 1 4 2 3 1 3 2 1 3 4 1 2 1 4 4 1 2 3 3 4 1 2 1 2 1 4 1 3 1 3 2 3 3 4 1 3 4 2 4 3 3 3 1 1 3 4 1 1 1 2 1 4 1 3 4 1 1 2 1 1 4 1 4 1 4 1 3 4 4 4 1 1 1 4 1 3
43 0.110577 3 2 3 3 4 3 1 3 3 3 3 3 4 1 3 2 2 3 3 3 1 4 2 3 1 3 2 1 1 4 1 2 1 4 4 1 2 3 3 4 1 2 1 2 1 4 3 3 1 3 2 3 3 4 1 3 4 2 4 3 3 3 1 1 3 4 1 1 1 2 1 4 1 3 4 1 1 2 1 1 4 1 4 1 4 1 3 4 4 4 1 1 1 4 1 3
43 0.110577 3 2 3 3 4 3 1 3 3 3 3 3 4 1 3 2 2 1 3 3 1 4 2 3 1 3 2 1 1 4 1 2 1 4 4 1 2 3 3 4 3 2 1 2 1 4 1 3 1 3 2 3 3 4 1 3 4 2 4 3 3 3 1 1 3 4 1 1 1 2 1 4 1 3 4 1 1 2 1 1 4 1 4 1 4 1 3 4 4 4 1 1 1 4 1 3
43 0.443109 3 2 3 3 4 3 1 3 3 3 3 3 4 1 3 2 2 3 3 3 1 4 2 3 1 3 2 1 1 4 1 2 1 4 4 1 2 3 3 4 1 2 1 2 1 4 1 3 1 3 2 3 3 4 1 3 4 2 4 3 3 3 1 1 3 4 1 1 1 2 1 4 1 3 4 1 1 2 1 1 4 1 4 1 4 1 3 4 4 4 1 1 1 4 1 3
43 0.000801 3 2 3 3 4 3 1 3 3 3 3 3 4 1 3 2 2 3 3 3 1 4 2 3 1 3 2 1 1 4 1 2 1 4 4 1 2 3 3 4 1 2 1 2 1 4 1 3 1 3 2 3 3 4 1 3 4 2 4 3 3 3 1 1 3 4 1 1 1 2 1 4 1 3 4 1 1 2 1 1 4 1 4 1 4 1 3 4 4 2 1 1 1 4 1 3
44 0.110879 3 2 3 3 4 3 1 3 3 3 3 3 4 1 3 2 1 3 3 3 1 4 2 3 1 3 2 1 1 4 1 2 1 4 4 1 2 3 3 4 1 2 1 2 1 4 1 3 1 3 2 3 3 4 1 3 2 2 4 3 3 3 1 1 3 4 1 1 1 2 1 4 1 3 4 1 1 2 1 1 4 1 4 1 4 1 3 4 4 4 1 1 1 4 1 3
44 0.000348 3 2 3 3 4 3 1 3 3 3 1 3 4 1 3 2 2 3 3 3 1 4 2 3 1 3 2 1 1 4 1 2 1 4 4 1 2 3 3 4 1 2 1 2 1 4 1 3 1 3 2 3 3 4 1 3 4 2 4 3 3 3 1 1 3 4 1 1 1 2 1 4 1 3 4 1 1 2 1 1 4 1 4 1 4 1 3 4 4 2 1 1 1 4 1 3
44 0.000348 3 2 3 3 4 3 1 3 3 3 3 3 4 1 3 2 2 3 3 3 1 4 2 3 1 3 2 1 1 4 1 2 1 4 4 1 2 3 3 4 1 2 1 2 1 4 1 3 1 3 2 3 3 4 1 3 4 2 4 3 3 3 1 1 3 4 1 1 1 2 1 4 1 3 4 1 1 2 1 1 2 1 4 1 4 1 3 4 4 4 1 1 1 4 1 3
44 0.000348 3 2 3 3 4 3 1 3 3 3 3 3 4 1 3 2 2 3 3 3 1 4 2 3 1 3 2 1 1 4 1 2 1 4 4 1 2 3 3 4 1 2 1 2 1 4 1 3 1 3 4 3 3 4 1 3 4 2 4 3 3 3 1 1 3 4 1 1 1 2 1 4 1 3 4 1 1 2 1 1 4 1 4 1 4 1 3 4 4 4 1 1 1 4 1 3
44 0.000348 3 2 3 3 4 3 1 3 3 3 3 3 4 1 3 2 2 3 3 3 3 4 2 3 1 3 2 1 1 4 1 2 1 4 4 1 2 3 3 4 1 2 1 2 1 4 1 3 1 3 2 3 3 4 1 3 4 2 4 3 3 3 1 1 3 4 1 1 1 2 1 4 1 3 4 1 1 2 1 1 4 1 4 1 4 1 3 4 4 4 1 1 1 4 1 3
44 0.110879 3 2 3 3 4 3 1 3 3 3 3 1 4 1 3 2 2 3 3 3 1 4 2 3 1 3 2 1 1 4 1 2 1 4 4 1 2 3 3 4 1 2 1 2 1 4 1 3 1 3 2 3 3 4 1 3 4 2 4 3 3 3 1 1 3 4 1 1 1 2 1 4 1 3 4 1 1 2 1 1 4 1 4 1 4 1 3 4 4 4 1 1 1 4 1 3
44 0.110879 3 2 3 3 4 3 3 3 3 3 3 3 4 1 3 2 2 3 3 3 1 4 2 3 1 3 2 1 3 4 1 2 1 4 4 1 2 3 3 4 1 2 1 2 1 4 1 3 1 3 2 3 3 4 1 3 4 2 4 3 3 3 1 1 3 4 1 1 1 2 1 4 1 3 4 1 1 2 1 1 4 1 4 1 4 1 3 4 4 4 1 1 1 4 1 3
44 0.110879 3 2 3 3 4 3 1 3 3 3 3 3 4 1 3 2 2 3 3 3 1 4 2 3 1 3 2 1 1 4 1 2 1 4 4 1 2 3 3 4 1 2 1 2 1 4 3 3 1 3 2 3 3 4 1 3 4 2 4 3 3 3 1 1 3 4 1 1 1 2 1 4 1 3 4 1 1 2 1 1 4 1 4 1 4 1 3 4 4 4 1 1 1 4 1 3
44 0.110879 3 2 3 3 4 3 1 3 3 3 3 3 4 1 3 2 2 1 3 3 1 4 2 3 1 3 2 1 1 4 1 2 1 4 4 1 2 3 3 4 3 2 1 2 1 4 1 3 1 3 2 3 3 4 1 3 4 2 4 3 3 3 1 1 3 4 1 1 1 2 1 4 1 3 4 1 1 2 1 1 4 1 4 1 4 1 3 4 4 4 1 1 1 4 1 3
44 0.443865 3 2 3 3 4 3 1 3 3 3 3 3 4 1 3 2 2 3 3 3 1 4 2 3 1 3 2 1 1 4 1 2 1 4 4 1 2 3 3 4 1 2 1 2 1 4 1 3 1 3 2 3 3 4 1 3 4 2 4 3 3 3 1 1 3 4 1 1 1 2 1 4 1 3 4 1 1 2 1 1 4 1 4 1 4 1 3 4 4 4 1 1 1 4 1 3
44 0.000348 3 2 3 3 4 3 1 3 3 3 3 3 4 1 3 2 2 3 3 3 1 4 2 3 1 3 2 1 1 4 1 2 1 4 4 1 2 3 3 4 1 2 1 2 1 4 1 3 1 3 2 3 3 4 1 3 4 2 4 3 3 3 1 1 3 4 1 1 1 2 1 4 1 3 4 1 1 2 1 1 4 1 4 1 4 1 3 4 4 2 1 1 1 4 1 3
45 0.111111 3 2 3 3 4 3 1 3 3 3 3 3 4 1 3 2 1 3 3 3 1 4 2 3 1 3 2 1 1 4 1 2 1 4 4 1 2 3 3 4 1 2 1 2 1 4 1 3 1 3 2 3 3 4 1 3 2 2 4 3 3 3 1 1 3 4 1 1 1 2 1 4 1 3 4 1 1 2 1 1 4 1 4 1 4 1 3 4 4 4 1 1 1 4 1 3
45 0.111111 3 2 3 3 4 3 1 3 3 3 3 1 4 1 3 2 2 3 3 3 1 4 2 3 1 3 2 1 1 4 1 2 1 4 4 1 2 3 3 4 1 2 1 2 1 4 1 3 1 3 2 3 3 4 1 3 4 2 4 3 3 3 1 1 3 4 1 1 1 2 1 4 1 3 4 1 1 2 1 1 4 1 4 1 4 1 3 4 4 4 1 1 1 4 1 3
45 0.111111 3 2 3 3 4 3 3 3 3 3 3 3 4 1 3 2 2 3 3 3 1 4 2 3 1 3 2 1 3 4 1 2 1 4 4 1 2 3 3 4 1 2 1 2 1 4 1 3 1 3 2 3 3 4 1 3 4 2 4 3 3 3 1 1 3 4 1 1 1 2 1 4 1 3 4 1 1 2 1 1 4 1 4 1 4 1 3 4 4 4 1 1 1 4 1 3
45 0.111111 3 2 3 3 4 3 1 3 3 3 3 3 4 1 3 2 2 3 3 3 1 4 2 3 1 3 2 1 1 4 1 2 1 4 4 1 2 3 3 4 1 2 1 2 1 4 3 3 1 3 2 3 3 4 1 3 4 2 4 3 3 3 1 1 3 4 1 1 1 2 1 4 1 3 4 1 1 2 1 1 4 1 4 1 4 1 3 4 4 4 1 1 1 4 1 3
45 0.111111 3 2 3 3 4 3 1 3 3 3 3 3 4 1 3 2 2 1 3 3 1 4 2 3 1 3 2 1 1 4 1 2 1 4 4 1 2 3 3 4 3 2 1 2 1 4 1 3 1 3 2 3 3 4 1 3 4 2 4 3 3 3 1 1 3 4 1 1 1 2 1 4 1 3 4 1 1 2 1 1 4 1 4 1 4 1 3 4 4 4 1 1 1 4 1 3
45 0.444444 3 2 3 3 4 3 1 3 3 3 3 3 4 1 3 2 2 3 3 3 1 4 2 3 1 3 2 1 1 4 1 2 1 4 4 1 2 3 3 4 1 2 1 2 1 4 1 3 1 3 2 3 3 4 1 3 4 2 4 3 3 3 1 1 3 4 1 1 1 2 1 4 1 3 4 1 1 2 1 1 4 1 4 1 4 1 3 4 4 4 1 1 1 4 1 3
46 0.000212 3 2 3 3 4 3 1 3 1 3 3 3 4 1 3 2 1 3 3 3 1 4 2 3 1 3 2 1 1 4 1 2 1 4 4 1 2 3 3 4 1 2 1 2 1 4 1 3 1 3 2 3 3 4 1 1 4 2 4 3 3 3 1 1 3 4 1 1 1 2 1 4 1 3 4 1 1 2 1 1 4 1 4 1 4 1 3 4 4 4 1 1 1 4 1 3
46 0.000212 3 2 3 3 4 1 1 3 3 3 3 3 4 1 3 2 2 1 3 1 1 4 2 3 1 3 2 1 1 4 1 2 1 4 4 1 2 3 3 4 1 2 1 2 1 4 1 3 1 3 2 3 3 4 1 3 4 2 4 3 3 3 1 1 3 4 1 1 1 2 1 4 1 3 4 1 1 2 1 1 4 1 3 1 4 1 3 4 4 4 1 1 1 4 1 3
46 0.000212 3 2 3 3 4 3 1 3 3 3 3 3 4 1 3 2 2 1 3 3 1 4 2 3 1 3 2 1 1 4 1 2 1 4 4 1 2 3 3 4 1 2 1 2 1 4 1 3 1 3 2 3 3 4 1 3 4 2 4 3 3 3 1 1 3 4 1 1 1 2 1 4 1 3 4 1 1 2 1 1 4 1 4 1 4 1 3 4 4 4 1 1 1 4 1 3
46 0.110899 3 2 3 3 4 3 1 3 3 3 3 3 4 1 3 2 1 3 3 3 1 4 2 3 1 3 2 1 1 4 1 2 1 4 4 1 2 3 3 4 1 2 1 2 1 4 1 3 1 3 2 3 3 4 1 3 2 2 4 3 3 3 1 1 3 4 1 1 1 2 1 4 1 3 4 1 1 2 1 1 4 1 4 1 4 1 3 4 4 4 1 1 1 4 1 3
46 0.000212 3 2 3 3 4 3 1 3 3 3 3 3 4 1 3 2 2 1 3 3 1 4 2 3 1 3 2 1 1 4 1 2 1 4 4 1 2 3 3 4 1 2 1 2 1 4 1 3 1 1 2 3 3 4 1 3 4 2 4 3 3 3 1 1 3 4 1 1 1 2 1 4 1 3 4 1 1 2 1 1 4 1 4 1 4 1 3 4 4 4 1 1 1 4 1 3
46 0.110899 3 2 3 3 4 3 1 3 3 3 3 1 4 1 3 2 2 3 3 3 1 4 2 3 1 3 2 1 1 4 1 2 1 4 4 1 2 3 3 4 1 2 1 2 1 4 1 3 1 3 2 3 3 4 1 3 4 2 4 3 3 3 1 1 3 4 1 1 1 2 1 4 1 3 4 1 1 2 1 1 4 1 4 1 4 1 3 4 4 4 1 1 1 4 1 3
46 0.000212 3 2 3 3 4 3 1 3 3 3 3 3 4 1 3 2 1 3 3 3 1 4 2 3 1 3 2 1 1 4 1 2 1 4 4 1 2 3 3 4 1 2 1 2 3 4 1 3 1 3 2 3 3 4 1 3 4 2 4 3 3 3 1 1 3 4 1 1 1 2 1 4 1 3 4 1 1 2 1 1 4 1 4 1 2 1 3 3 4 4 1 1 1 4 1 3
46 0.110899 3 2 3 3 4 3 3 3 3 3 3 3 4 1 3 2 2 3 3 3 1 4 2 3 1 3 2 1 3 4 1 2 1 4 4 1 2 3 3 4 1 2 1 2 1 4 1 3 1 3 2 3 3 4 1 3 4 2 4 3 3 3 1 1 3 4 1 1 1 2 1 4 1 3 4 1 1 2 1 1 4 1 4 1 4 1 3 4 4 4 1 1 1 4 1 3
46 0.000212 3 2 3 3 4 3 1 3 3 3 3 3 4 1 3 2 2 1 3 3 1 4 2 3 3 3 2 1 1 4 1 2 1 4 4 1 2 3 3 4 1 2 1 2 1 4 1 3 1 3 2 3 3 4 1 3 4 2 4 3 3 3 1 1 3 4 1 1 1 2 1 4 1 3 4 1 1 2 1 1 4 1 4 1 4 1 3 4 4 4 1 1 1 4 1 3
46 0.110899 3 2 3 3 4 3 1 3 3 3 3 3 4 1 3 2 2 3 3 3 1 4 2 3 1 3 2 1 1 4 1 2 1 4 4 1 2 3 3 4 1 2 1 2 1 4 3 3 1 3 2 3 3 4 1 3 4 2 4 3 3 3 1 1 3 4 1 1 1 2 1 4 1 3 4 1 1 2 1 1 4 1 4 1 4 1 3 4 4 4 1 1 1 4 1 3
46 0.000212 3 2 3 3 4 3 1 3 3 3 3 3 4 1 3 2 2 1 3 3 1 4 2 3 1 3 2 1 1 4 1 2 1 4 4 1 2 3 3 4 1 2 1 2 1 4 1 3 1 1 2 3 3 4 1 3 4 2 4 3 3 3 1 1 3 4 1 1 1 2 1 4 1 3 4 1 1 2 1 1 4 1 4 3 4 1 3 4 4 4 1 1 1 4 1 3
46 0.000212 3 2 3 3 4 3 1 3 3 3 3 3 4 1 3 2 2 1 3 3 1 4 2 3 1 3 2 3 1 4 1 2 1 4 4 1 2 3 3 4 1 2 1 2 1 4 1 3 1 3 2 3 3 4 1 3 4 2 4 3 3 3 1 1 3 4 1 1 1 2 1 4 1 3 4 1 1 2 1 1 4 1 4 1 4 1 1 4 4 4 1 1 1 4 1 1
46 0.110899 3 2 3 3 4 3 1 3 3 3 3 3 4 1 3 2 2 1 3 3 1 4 2 3 1 3 2 1 1 4 1 2 1 4 4 1 2 3 3 4 3 2 1 2 1 4 1 3 1 3 2 3 3 4 1 3 4 2 4 3 3 3 1 1 3 4 1 1 1 2 1 4 1 3 4 1 1 2 1 1 4 1 4 1 4 1 3 4 4 4 1 1 1 4 1 3
46 0.000212 3 2 3 3 4 3 1 3 3 3 3 3 4 1 3 2 2 3 3 3 1 4 2 3 1 3 2 1 1 4 1 2 1 4 4 1 2 3 1 4 1 2 1 2 1 4 1 3 1 3 2 3 3 4 1 3 4 2 4 3 3 3 1 1 3 4 1 1 1 2 1 4 1 3 4 1 1 2 1 1 4 1 4 1 4 1 3 4 4 4 1 1 1 4 1 3
46 0.443595 3 2 3 3 4 3 1 3 3 3 3 3 4 1 3 2 2 3 3 3 1 4 2 3 1 3 2 1 1 4 1 2 1 4 4 1 2 3 3 4 1 2 1 2 1 4 1 3 1 3 2 3 3 4 1 3 4 2 4 3 3 3 1 1 3 4 1 1 1 2 1 4 1 3 4 1 1 2 1 1 4 1 4 1 4 1 3 4 4 4 1 1 1 4 1 3
47 0.000484 3 2 3 3 4 3 1 3 1 3 3 3 4 1 3 2 1 3 3 3 1 4 2 3 1 3 2 1 1 4 1 2 1 4 4 1 2 3 3 4 1 2 1 2 1 4 1 3 1 3 2 3 3 4 1 1 4 2 4 3 3 3 1 1 3 4 1 1 1 2 1 4 1 3 4 1 1 2 1 1 4 1 4 1 4 1 3 4 4 4 1 1 1 4 1 3
47 0.000484 3 2 3 3 4 1 1 3 3 3 3 3 4 1 3 2 2 1 3 1 1 4 2 3 1 3 2 1 1 4 1 2 1 4 4 1 2 3 3 4 1 2 1 2 1 4 1 3 1 3 2 3 3 4 1 3 4 2 4 3 3 3 1 1 3 4 1 1 1 2 1 4 1 3 4 1 1 2 1 1 4 1 3 1 4 1 3 4 4 4 1 1 1 4 1 3
47 0.000484 3 2 3 3 4 3 1 3 3 3 3 3 4 1 3 2 2 1 3 3 1 4 2 3 1 3 2 1 1 4 1 2 1 4 4 1 2 3 3 4 1 2 1 2 1 4 1 3 1 3 2 3 3 4 1 3 4 2 4 3 3 3 1 1 3 4 1 1 1 2 1 4 1 3 4 1 1 2 1 1 4 1 4 1 4 1 3 4 4 4 1 1 1 4 1 3
47 0.110628 3 2 3 3 4 3 1 3 3 3 3 3 4 1 3 2 1 3 3 3 1 4 2 3 1 3 2 1 1 4 1 2 1 4 4 1 2 3 3 4 1 2 1 2 1 4 1 3 1 3 2 3 3 4 1 3 2 2 4 3 3 3 1 1 3 4 1 1 1 2 1 4 1 3 4 1 1 2 1 1 4 1 4 1 4 1 3 4 4 4 1 1 1 4 1 3
47 0.000484 3 2 3 3 4 3 1 3 3 3 3 3 4 1 3 2 2 1 3 3 1 4 2 3 1 3 2 1 1 4 1 2 1 4 4 1 2 3 3 4 1 2 1 2 1 4 1 3 1 1 2 3 3 4 1 3 4 2 4 3 3 3 1 1 3 4 1 1 1 2 1 4 1 3 4 1 1 2 1 1 4 1 4 1 4 1 3 4 4 4 1 1 1 4 1 3
47 0.110628 3 2 3 3 4 3 1 3 3 3 3 1 4 1 3 2 2 3 3 3 1 4 2 3 1 3 2 1 1 4 1 2 1 4 4 1 2 3 3 4 1 2 1 2 1 4 1 3 1 3 2 3 3 4 1 3 4 2 4 3 3 3 1 1 3 4 1 1 1 2 1 4 1 3 4 1 1 2 1 1 4 1 4 1 4 1 3 4 4 4 1 1 1 4 1 3
47 0.000484 3 2 3 3 4 3 1 3 3 3 3 3 4 1 3 2 1 3 3 3 1 4 2 3 1 3 2 1 1 4 1 2 1 4 4 1 2 3 3 4 1 2 1 2 3 4 1 3 1 3 2 3 3 4 1 3 4 2 4 3 3 3 1 1 3 4 1 1 1 2 1 4 1 3 4 1 1 2 1 1 4 1 4 1 2 1 3 3 4 4 1 1 1 4 1 3
47 0.110628 3 2 3 3 4 3 3 3 3 3 3 3 4 1 3 2 2 3 3 3 1 4 2 3 1 3 2 1 3 4 1 2 1 4 4 1 2 3 3 4 1 2 1 2 1 4 1 3 1 3 2 3 3 4 1 3 4 2 4 3 3 3 1 1 3 4 1 1 1 2 1 4 1 3 4 1 1 2 1 1 4 1 4 1 4 1 3 4 4 4 1 1 1 4 1 3
47 0.000484 3 2 3 3 4 3 1 3 3 3 3 3 4 1 3 2 2 1 3 3 1 4 2 3 3 3 2 1 1 4 1 2 1 4 4 1 2 3 3 4 1 2 1 2 1 4 1 3 1 3 2 3 3 4 1 3 4 2 4 3 3 3 1 1 3 4 1 1 1 2 1 4 1 3 4 1 1 2 1 1 4 1 4 1 4 1 3 4 4 4 1 1 1 4 1 3
47 0.110628 3 2 3 3 4 3 1 3 3 3 3 3 4 1 3 2 2 3 3 3 1 4 2 3 1 3 2 1 1 4 1 2 1 4 4 1 2 3 3 4 1 2 1 2 1 4 3 3 1 3 2 3 3 4 1 3 4 2 4 3 3 3 1 1 3 4 1 1 1 2 1 4 1 3 4 1 1 2 1 1 4 1 4 1 4 1 3 4 4 4 1 1 1 4 1 3
47 0.000484 3 2 3 3 4 3 1 3 3 3 3 3 4 1 3 2 2 1 3 3 1 4 2 3 1 3 2 1 1 4 1 2 1 4 4 1 2 3 3 4 1 2 1 2 1 4 1 3 1 1 2 3 3 4 1 3 4 2 4 3 3 3 1 1 3 4 1 1 1 2 1 4 1 3 4 1 1 2 1 1 4 1 4 3 4 1 3 4 4 4 1 1 1 4 1 3
47 0.000484 3 2 3 3 4 3 1 3 3 3 3 3 4 1 3 2 2 1 3 3 1 4 2 3 1 3 2 3 1 4 1 2 1 4 4 1 2 3 3 4 1 2 1 2 1 4 1 3 1 3 2 3 3 4 1 3 4 2 4 3 3 3 1 1 3 4 1 1 1 2 1 4 1 3 4 1 1 2 1 1 4 1 4 1 4 1 1 4 4 4 1 1 1 4 1 1
47 0.110628 3 2 3 3 4 3 1 3 3 3 3 3 4 1 3 2 2 1 3 3 1 4 2 3 1 3 2 1 1 4 1 2 1 4 4 1 2 3 3 4 3 2 1 2 1 4 1 3 1 3 2 3 3 4 1 3 4 2 4 3 3 3 1 1 3 4 1 1 1 2 1 4 1 3 4 1 1 2 1 1 4 1 4 1 4 1 3 4 4 4 1 1 1 4 1 3
47 0.000484 3 2 3 3 4 3 1 3 3 3 3 3 4 1 3 2 2 3 3 3 1 4 2 3 1 3 2 1 1 4 1 2 1 4 4 1 2 3 1 4 1 2 1 2 1 4 1 3 1 3 2 3 3 4 1 3 4 2 4 3 3 3 1 1 3 4 1 1 1 2 1 4 1 3 4 1 1 2 1 1 4 1 4 1 4 1 3 4 4 4 1 1 1 4 1 3
47 0.442510 3 2 3 3 4 3 1 3 3 3 3 3 4 1 3 2 2 3 3 3 1 4 2 3 1 3 2 1 1 4 1 2 1 4 4 1 2 3 3 4 1 2 1 2 1 4 1 3 1 3 2 3 3 4 1 3 4 2 4 3 3 3 1 1 3 4 1 1 1 2 1 4 1 3 4 1 1 2 1 1 4 1 4 1 4 1 3 4 4 4 1 1 1 4 1 3
48 0.000830 3 2 3 3 4 3 1 3 1 3 3 3 4 1 3 2 1 3 3 3 1 4 2 3 1 3 2 1 1 4 1 2 1 4 4 1 2 3 3 4 1 2 1 2 1 4 1 3 1 3 2 3 3 4 1 1 4 2 4 3 3 3 1 1 3 4 1 1 1 2 1 4 1 3 4 1 1 2 1 1 4 1 4 1 4 1 3 4 4 4 1 1 1 4 1 3
48 0.000830 3 2 3 3 4 1 1 3 3 3 3 3 4 1 3 2 2 1 3 1 1 4 2 3 1 3 2 1 1 4 1 2 1 4 4 1 2 3 3 4 1 2 1 2 1 4 1 3 1 3 2 3 3 4 1 3 4 2 4 3 3 3 1 1 3 4 1 1 1 2 1 4 1 3 4 1 1 2 1 1 4 1 3 1 4 1 3 4 4 4 1 1 1 4 1 3
48 0.000830 3 2 3 3 4 3 1 3 3 3 3 3 4 1 3 2 2 1 3 3 1 4 2 3 1 3 2 1 1 4 1 2 1 4 4 1 2 3 3 4 1 2 1 2 1 4 1 3 1 3 2 3 3 4 1 3 4 2 4 3 3 3 1 1 3 4 1 1 1 2 1 4 1 3 4 1 1 2 1 1 4 1 4 1 4 1 3 4 4 4 1 1 1 4 1 3
48 0.110281 3 2 3 3 4 3 1 3 3 3 3 3 4 1 3 2 1 3 3 3 1 4 2 3 1 3 2 1 1 4 1 2 1 4 4 1 2 3 3 4 1 2 1 2 1 4 1 3 1 3 2 3 3 4 1 3 2 2 4 3 3 3 1 1 3 4 1 1 1 2 1 4 1 3 4 1 1 2 1 1 4 1 4 1 4 1 3 4 4 4 1 1 1 4 1 3
48 0.000830 3 2 3 3 4 3 1 3 3 3 3 3 4 1 3 2 2 1 3 3 1 4 2 3 1 3 2 1 1 4 1 2 1 4 4 1 2 3 3 4 1 2 1 2 1 4 1 3 1 1 2 3 3 4 1 3 4 2 4 3 3 3 1 1 3 4 1 1 1 2 1 4 1 3 4 1 1 2 1 1 4 1 4 1 4 1 3 4 4 4 1 1 1 4 1 3
48 0.110281 3 2 3 3 4 3 1 3 3 3 3 1 4 1 3 2 2 3 3 3 1 4 2 3 1 3 2 1 1 4 1 2 1 4 4 1 2 3 3 4 1 2 1 2 1 4 1 3 1 3 2 3 3 4 1 3 4 2 4 3 3 3 1 1 3 4 1 1 1 2 1 4 1 3 4 1 1 2 1 1 4 1 4 1 4 1 3 4 4 4 1 1 1 4 1 3
48 0.000830 3 2 3 3 4 3 1 3 3 3 3 3 4 1 3 2 1 3 3 3 1 4 2 3 1 3 2 1 1 4 1 2 1 4 4 1 2 3 3 4 1 2 1 2 3 4 1 3 1 3 2 3 3 4 1 3 4 2 4 3 3 3 1 1 3 4 1 1 1 2 1 4 1 3 4 1 1 2 1 1 4 1 4 1 2 1 3 3 4 4 1 1 1 4 1 3
48 0.110281 3 2 3 3 4 3 3 3 3 3 3 3 4 1 3 2 2 3 3 3 1 4 2 3 1 3 2 1 3 4 1 2 1 4 4 1 2 3 3 4 1 2 1 2 1 4 1 3 1 3 2 3 3 4 1 3 4 2 4 3 3 3 1 1 3 4 1 1 1 2 1 4 1 3 4 1 1 2 1 1 4 1 4 1 4 1 3 4 4 4 1 1 1 4 1 3
48 0.000830 3 2 3 3 4 3 1 3 3 3 3 3 4 1 3 2 2 1 3 3 1 4 2 3 3 3 2 1 1 4 1 2 1 4 4 1 2 3 3 4 1 2 1 2 1 4 1 3 1 3 2 3 3 4 1 3 4 2 4 3 3 3 1 1 3 4 1 1 1 2 1 4 1 3 4 1 1 2 1 1 4 1 4 1 4 1 3 4 4 4 1 1 1 4 1 3
48 0.110281 3 2 3 3 4 3 1 3 3 3 3 3 4 1 3 2 2 3 3 3 1 4 2 3 1 3 2 1 1 4 1 2 1 4 4 1 2 3 3 4 1 2 1 2 1 4 3 3 1 3 2 3 3 4 1 3 4 2 4 3 3 3 1 1 3 4 1 1 1 2 1 4 1 3 4 1 1 2 1 1 4 1 4 1 4 1 3 4 4 4 1 1 1 4 1 3
48 0.000830 3 2 3 3 4 3 1 3 3 3 3 3 4 1 3 2 2 1 3 3 1 4 2 3 1 3 2 1 1 4 1 2 1 4 4 1 2 3 3 4 1 2 1 2 1 4 1 3 1 1 2 3 3 4 1 3 4 2 4 3 3 3 1 1 3 4 1 1 1 2 1 4 1 3 4 1 1 2 1 1 4 1 4 3 4 1 3 4 4 4 1 1 1 4 1 3
48 0.000830 3 2 3 3 4 3 1 3 3 3 3 3 4 1 3 2 2 1 3 3 1 4 2 3 1 3 2 3 1 4 1 2 1 4 4 1 2 3 3 4 1 2 1 2 1 4 1 3 1 3 2 3 3 4 1 3 4 2 4 3 3 3 1 1 3 4 1 1 1 2 1 4 1 3 4 1 1 2 1 1 4 1 4 1 4 1 1 4 4 4 1 1 1 4 1 1
48 0.110281 3 2 3 3 4 3 1 3 3 3 3 3 4 1 3 2 2 1 3 3 1 4 2 3 1 3 2 1 1 4 1 2 1 4 4 1 2 3 3 4 3 2 1 2 1 4 1 3 1 3 2 3 3 4 1 3 4 2 4 3 3 3 1 1 3 4 1 1 1 2 1 4 1 3 4 1 1 2 1 1 4 1 4 1 4 1 3 4 4 4 1 1 1 4 1 3
48 0.000830 3 2 3 3 4 3 1 3 3 3 3 3 4 1 3 2 2 3 3 3 1 4 2 3 1 3 2 1 1 4 1 2 1 4 4 1 2 3 1 4 1 2 1 2 1 4 1 3 1 3 2 3 3 4 1 3 4 2 4 3 3 3 1 1 3 4 1 1 1 2 1 4 1 3 4 1 1 2 1 1 4 1 4 1 4 1 3 4 4 4 1 1 1 4 1 3
48 0.441124 3 2 3 3 4 3 1 3 3 3 3 3 4 1 3 2 2 3 3 3 1 4 2 3 1 3 2 1 1 4 1 2 1 4 4 1 2 3 3 4 1 2 1 2 1 4 1 3 1 3 2 3 3 4 1 3 4 2 4 3 3 3 1 1 3 4 1 1 1 2 1 4 1 3 4 1 1 2 1 1 4 1 4 1 4 1 3 4 4 4 1 1 1 4 1 3
49 0.001272 3 2 3 3 4 3 1 3 1 3 3 3 4 1 3 2 1 3 3 3 1 4 2 3 1 3 2 1 1 4 1 2 1 4 4 1 2 3 3 4 1 2 1 2 1 4 1 3 1 3 2 3 3 4 1 1 4 2 4 3 3 3 1 1 3 4 1 1 1 2 1 4 1 3 4 1 1 2 1 1 4 1 4 1 4 1 3 4 4 4 1 1 1 4 1 3
49 0.001272 3 2 3 3 4 1 1 3 3 3 3 3 4 1 3 2 2 1 3 1 1 4 2 3 1 3 2 1 1 4 1 2 1 4 4 1 2 3 3 4 1 2 1 2 1 4 1 3 1 3 2 3 3 4 1 3 4 2 4 3 3 3 1 1 3 4 1 1 1 2 1 4 1 3 4 1 1 2 1 1 4 1 3 1 4 1 3 4 4 4 1 1 1 4 1 3
49 0.001272 3 2 3 3 4 3 1 3 3 3 3 3 4 1 3 2 2 1 3 3 1 4 2 3 1 3 2 1 1 4 1 2 1 4 4 1 2 3 3 4 1 2 1 2 1 4 1 3 1 3 2 3 3 4 1 3 4 2 4 3 3 3 1 1 3 4 1 1 1 2 1 4 1 3 4 1 1 2 1 1 4 1 4 1 4 1 3 4 4 4 1 1 1 4 1 3
49 0.109839 3 2 3 3 4 3 1 3 3 3 3 3 4 1 3 2 1 3 3 3 1 4 2 3 1 3 2 1 1 4 1 2 1 4 4 1 2 3 3 4 1 2 1 2 1 4 1 3 1 3 2 3 3 4 1 3 2 2 4 3 3 3 1 1 3 4 1 1 1 2 1 4 1 3 4 1 1 2 1 1 4 1 4 1 4 1 3 4 4 4 1 1 1 4 1 3
49 0.001272 3 2 3 3 4 3 1 3 3 3 3 3 4 1 3 2 2 1 3 3 1 4 2 3 1 3 2 1 1 4 1 2 1 4 4 1 2 3 3 4 1 2 1 2 1 4 1 3 1 1 2 3 3 4 1 3 4 2 4 3 3 3 1 1 3 4 1 1 1 2 1 4 1 3 4 1 1 2 1 1 4 1 4 1 4 1 3 4 4 4 1 1 1 4 1 3
49 0.109839 3 2 3 3 4 3 1 3 3 3 3 1 4 1 3 2 2 3 3 3 1 4 2 3 1 3 2 1 1 4 1 2 1 4 4 1 2 3 3 4 1 2 1 2 1 4 1 3 1 3 2 3 3 4 1 3 4 2 4 3 3 3 1 1 3 4 1 1 1 2 1 4 1 3 4 1 1 2 1 1 4 1 4 1 4 1 3 4 4 4 1 1 1 4 1 3
49 0.001272 3 2 3 3 4 3 1 3 3 3 3 3 4 1 3 2 1 3 3 3 1 4 2 3 1 3 2 1 1 4 1 2 1 4 4 1 2 3 3 4 1 2 1 2 3 4 1 3 1 3 2 3 3 4 1 3 4 2 4 3 3 3 1 1 3 4 1 1 1 2 1 4 1 3 4 1 1 2 1 1 4 1 4 1 2 1 3 3 4 4 1 1 1 4 1 3
49 0.109839 3 2 3 3 4 3 3 3 3 3 3 3 4 1 3 2 2 3 3 3 1 4 2 3 1 3 2 1 3 4 1 2 1 4 4 1 2 3 3 4 1 2 1 2 1 4 1 3 1 3 2 3 3 4 1 3 4 2 4 3 3 3 1 1 3 4 1 1 1 2 1 4 1 3 4 1 1 2 1 1 4 1 4 1 4 1 3 4 4 4 1 1 1 4 1 3
49 0.001272 3 2 3 3 4 3 1 3 3 3 3 3 4 1 3 2 2 1 3 3 1 4 2 3 3 3 2 1 1 4 1 2 1 4 4 1 2 3 3 4 1 2 1 2 1 4 1 3 1 3 2 3 3 4 1 3 4 2 4 3 3 3 1 1 3 4 1 1 1 2 1 4 1 3 4 1 1 2 1 1 4 1 4 1 4 1 3 4 4 4 1 1 1 4 1 3
49 0.109839 3 2 3 3 4 3 1 3 3 3 3 3 4 1 3 2 2 3 3 3 1 4 2 3 1 3 2 1 1 4 1 2 1 4 4 1 2 3 3 4 1 2 1 2 1 4 3 3 1 3 2 3 3 4 1 3 4 2 4 3 3 3 1 1 3 4 1 1 1 2 1 4 1 3 4 1 1 2 1 1 4 1 4 1 4 1 3 4 4 4 1 1 1 4 1 3
49 0.001272 3 2 3 3 4 3 1 3 3 3 3 3 4 1 3 2 2 1 3 3 1 4 2 3 1 3 2 1 1 4 1 2 1 4 4 1 2 3 3 4 1 2 1 2 1 4 1 3 1 1 2 3 3 4 1 3 4 2 4 3 3 3 1 1 3 4 1 1 1 2 1 4 1 3 4 1 1 2 1 1 4 1 4 3 4 1 3 4 4 4 1 1 1 4 1 3
49 0.001272 3 2 3 3 4 3 1 3 3 3 3 3 4 1 3 2 2 1 3 3 1 4 2 3 1 3 2 3 1 4 1 2 1 4 4 1 2 3 3 4 1 2 1 2 1 4 1 3 1 3 2 3 3 4 1 3 4 2 4 3 3 3 1 1 3 4 1 1 1 2 1 4 1 3 4 1 1 2 1 1 4 1 4 1 4 1 1 4 4 4 1 1 1 4 1 1
49 0.109839 3 2 3 3 4 3 1 3 3 3 3 3 4 1 3 2 2 1 3 3 1 4 2 3 1 3 2 1 1 4 1 2 1 4 4 1 2 3 3 4 3 2 1 2 1 4 1 3 1 3 2 3 3 4 1 3 4 2 4 3 3 3 1 1 3 4 1 1 1 2 1 4 1 3 4 1 1 2 1 1 4 1 4 1 4 1 3 4 4 4 1 1 1 4 1 3
49 0.001272 3 2 3 3 4 3 1 3 3 3 3 3 4 1 3 2 2 3 3 3 1 4 2 3 1 3 2 1 1 4 1 2 1 4 4 1 2 3 1 4 1 2 1 2 1 4 1 3 1 3 2 3 3 4 1 3 4 2 4 3 3 3 1 1 3 4 1 1 1 2 1 4 1 3 4 1 1 2 1 1 4 1 4 1 4 1 3 4 4 4 1 1 1 4 1 3
49 0.439357 3 2 3 3 4 3 1 3 3 3 3 3 4 1 3 2 2 3 3 3 1 4 2 3 1 3 2 1 1 4 1 2 1 4 4 1 2 3 3 4 1 2 1 2 1 4 1 3 1 3 2 3 3 4 1 3 4 2 4 3 3 3 1 1 3 4 1 1 1 2 1 4 1 3 4 1 1 2 1 1 4 1 4 1 4 1 3 4 4 4 1 1 1 4 1 3
50 0.001834 3 2 3 3 4 3 1 3 1 3 3 3 4 1 3 2 1 3 3 3 1 4 2 3 1 3 2 1 1 4 1 2 1 4 4 1 2 3 3 4 1 2 1 2 1 4 1 3 1 3 2 3 3 4 1 1 4 2 4 3 3 3 1 1 3 4 1 1 1 2 1 4 1 3 4 1 1 2 1 1 4 1 4 1 4 1 3 4 4 4 1 1 1 4 1 3
50 0.001834 3 2 3 3 4 1 1 3 3 3 3 3 4 1 3 2 2 1 3 1 1 4 2 3 1 3 2 1 1 4 1 2 1 4 4 1 2 3 3 4 1 2 1 2 1 4 1 3 1 3 2 3 3 4 1 3 4 2 4 3 3 3 1 1 3 4 1 1 1 2 1 4 1 3 4 1 1 2 1 1 4 1 3 1 4 1 3 4 4 4 1 1 1 4 1 3
50 0.001834 3 2 3 3 4 3 1 3 3 3 3 3 4 1 3 2 2 1 3 3 1 4 2 3 1 3 2 1 1 4 1 2 1 4 4 1 2 3 3 4 1 2 1 2 1 4 1 3 1 3 2 3 3 4 1 3 4 2 4 3 3 3 1 1 3 4 1 1 1 2 1 4 1 3 4 1 1 2 1 1 4 1 4 1 4 1 3 4 4 4 1 1 1 4 1 3
50 0.109277 3 2 3 3 4 3 1 3 3 3 3 3 4 1 3 2 1 3 3 3 1 4 2 3 1 3 2 1 1 4 1 2 1 4 4 1 2 3 3 4 1 2 1 2 1 4 1 3 1 3 2 3 3 4 1 3 2 2 4 3 3 3 1 1 3 4 1 1 1 2 1 4 1 3 4 1 1 2 1 1 4 1 4 1 4 1 3 4 4 4 1 1 1 4 1 3
50 0.001834 3 2 3 3 4 3 1 3 3 3 3 3 4 1 3 2 2 1 3 3 1 4 2 3 1 3 2 1 1 4 1 2 1 4 4 1 2 3 3 4 1 2 1 2 1 4 1 3 1 1 2 3 3 4 1 3 4 2 4 3 3 3 1 1 3 4 1 1 1 2 1 4 1 3 4 1 1 2 1 1 4 1 4 1 4 1 3 4 4 4 1 1 1 4 1 3
50 0.109277 3 2 3 3 4 3 1 3 3 3 3 1 4 1 3 2 2 3 3 3 1 4 2 3 1 3 2 1 1 4 1 2 1 4 4 1 2 3 3 4 1 2 1 2 1 4 1 3 1 3 2 3 3 4 1 3 4 2 4 3 3 3 1 1 3 4 1 1 1 2 1 4 1 3 4 1 1 2 1 1 4 1 4 1 4 1 3 4 4 4 1 1 1 4 1 3
50 0.001834 3 2 3 3 4 3 1 3 3 3 3 3 4 1 3 2 1 3 3 3 1 4 2 3 1 3 2 1 1 4 1 2 1 4 4 1 2 3 3 4 1 2 1 2 3 4 1 3 1 3 2 3 3 4 1 3 4 2 4 3 3 3 1 1 3 4 1 1 1 2 1 4 1 3 4 1 1 2 1 1 4 1 4 1 2 1 3 3 4 4 1 1 1 4 1 3
50 0.109277 3 2 3 3 4 3 3 3 3 3 3 3 4 1 3 2 2 3 3 3 1 4 2 3 1 3 2 1 3 4 1 2 1 4 4 1 2 3 3 4 1 2 1 2 1 4 1 3 1 3 2 3 3 4 1 3 4 2 4 3 3 3 1 1 3 4 1 1 1 2 1 4 1 3 4 1 1 2 1 1 4 1 4 1 4 1 3 4 4 4 1 1 1 4 1 3
50 0.001834 3 2 3 3 4 3 1 3 3 3 3 3 4 1 3 2 2 1 3 3 1 4 2 3 3 3 2 1 1 4 1 2 1 4 4 1 2 3 3 4 1 2 1 2 1 4 1 3 1 3 2 3 3 4 1 3 4 2 4 3 3 3 1 1 3 4 1 1 1 2 1 4 1 3 4 1 1 2 1 1 4 1 4 1 4 1 3 4 4 4 1 1 1 4 1 3
50 0.109277 3 2 3 3 4 3 1 3 3 3 3 3 4 1 3 2 2 3 3 3 1 4 2 3 1 3 2 1 1 4 1 2 1 4 4 1 2 3 3 4 1 2 1 2 1 4 3 3 1 3 2 3 3 4 1 3 4 2 4 3 3 3 1 1 3 4 1 1 1 2 1 4 1 3 4 1 1 2 1 1 4 1 4 1 4 1 3 4 4 4 1 1 1 4 1 3
50 0.001834 3 2 3 3 4 3 1 3 3 3 3 3 4 1 3 2 2 1 3 3 1 4 2 3 1 3 2 1 1 4 1 2 1 4 4 1 2 3 3 4 1 2 1 2 1 4 1 3 1 1 2 3 3 4 1 3 4 2 4 3 3 3 1 1 3 4 1 1 1 2 1 4 1 3 4 1 1 2 1 1 4 1 4 3 4 1 3 4 4 4 1 1 1 4 1 3
50 0.001834 3 2 3 3 4 3 1 3 3 3 3 3 4 1 3 2 2 1 3 3 1 4 2 3 1 3 2 3 1 4 1 2 1 4 4 1 2 3 3 4 1 2 1 2 1 4 1 3 1 3 2 3 3 4 1 3 4 2 4 3 3 3 1 1 3 4 1 1 1 2 1 4 1 3 4 1 1 2 1 1 4 1 4 1 4 1 1 4 4 4 1 1 1 4 1 1
50 0.109277 3 2 3 3 4 3 1 3 3 3 3 3 4 1 3 2 2 1 3 3 1 4 2 3 1 3 2 1 1 4 1 2 1 4 4 1 2 3 3 4 3 2 1 2 1 4 1 3 1 3 2 3 3 4 1 3 4 2 4 3 3 3 1 1 3 4 1 1 1 2 1 4 1 3 4 1 1 2 1 1 4 1 4 1 4 1 3 4 4 4 1 1 1 4 1 3
50 0.001834 3 2 3 3 4 3 1 3 3 3 3 3 4 1 3 2 2 3 3 3 1 4 2 3 1 3 2 1 1 4 1 2 1 4 4 1 2 3 1 4 1 2 1 2 1 4 1 3 1 3 2 3 3 4 1 3 4 2 4 3 3 3 1 1 3 4 1 1 1 2 1 4 1 3 4 1 1 2 1 1 4 1 4 1 4 1 3 4 4 4 1 1 1 4 1 3
50 0.437109 3 2 3 3 4 3 1 3 3 3 3 3 4 1 3 2 2 3 3 3 1 4 2 3 1 3 2 1 1 4 1 2 1 4 4 1 2 3 3 4 1 2 1 2 1 4 1 3 1 3 2 3 3 4 1 3 4 2 4 3 3 3 1 1 3 4 1 1 1 2 1 4 1 3 4 1 1 2 1 1 4 1 4 1 4 1 3 4 4 4 1 1 1 4 1 3
51 0.002547 3 2 3 3 4 3 1 3 1 3 3 3 4 1 3 2 1 3 3 3 1 4 2 3 1 3 2 1 1 4 1 2 1 4 4 1 2 3 3 4 1 2 1 2 1 4 1 3 1 3 2 3 3 4 1 1 4 2 4 3 3 3 1 1 3 4 1 1 1 2 1 4 1 3 4 1 1 2 1 1 4 1 4 1 4 1 3 4 4 4 1 1 1 4 1 3
51 0.002547 3 2 3 3 4 1 1 3 3 3 3 3 4 1 3 2 2 1 3 1 1 4 2 3 1 3 2 1 1 4 1 2 1 4 4 1 2 3 3 4 1 2 1 2 1 4 1 3 1 3 2 3 3 4 1 3 4 2 4 3 3 3 1 1 3 4 1 1 1 2 1 4 1 3 4 1 1 2 1 1 4 1 3 1 4 1 3 4 4 4 1 1 1 4 1 3
51 0.002547 3 2 3 3 4 3 1 3 3 3 3 3 4 1 3 2 2 1 3 3 1 4 2 3 1 3 2 1 1 4 1 2 1 4 4 1 2 3 3 4 1 2 1 2 1 4 1 3 1 3 2 3 3 4 1 3 4 2 4 3 3 3 1 1 3 4 1 1 1 2 1 4 1 3 4 1 1 2 1 1 4 1 4 1 4 1 3 4 4 4 1 1 1 4 1 3
51 0.108564 3 2 3 3 4 3 1 3 3 3 3 3 4 1 3 2 1 3 3 3 1 4 2 3 1 3 2 1 1 4 1 2 1 4 4 1 2 3 3 4 1 2 1 2 1 4 1 3 1 3 2 3 3 4 1 3 2 2 4 3 3 3 1 1 3 4 1 1 1 2 1 4 1 3 4 1 1 2 1 1 4 1 4 1 4 1 3 4 4 4 1 1 1 4 1 3
51 0.002547 3 2 3 3 4 3 1 3 3 3 3 3 4 1 3 2 2 1 3 3 1 4 2 3 1 3 2 1 1 4 1 2 1 4 4 1 2 3 3 4 1 2 1 2 1 4 1 3 1 1 2 3 3 4 1 3 4 2 4 3 3 3 1 1 3 4 1 1 1 2 1 4 1 3 4 1 1 2 1 1 4 1 4 1 4 1 3 4 4 4 1 1 1 4 1 3
51 0.108564 3 2 3 3 4 3 1 3 3 3 3 1 4 1 3 2 2 3 3 3 1 4 2 3 1 3 2 1 1 4 1 2 1 4 4 1 2 3 3 4 1 2 1 2 1 4 1 3 1 3 2 3 3 4 1 3 4 2 4 3 3 3 1 1 3 4 1 1 1 2 1 4 1 3 4 1 1 2 1 1 4 1 4 1 4 1 3 4 4 4 1 1 1 4 1 3
51 0.002547 3 2 3 3 4 3 1 3 3 3 3 3 4 1 3 2 1 3 3 3 1 4 2 3 1 3 2 1 1 4 1 2 1 4 4 1 2 3 3 4 1 2 1 2 3 4 1 3 1 3 2 3 3 4 1 3 4 2 4 3 3 3 1 1 3 4 1 1 1 2 1 4 1 3 4 1 1 2 1 1 4 1 4 1 2 1 3 3 4 4 1 1 1 4 1 3
51 0.108564 3 2 3 3 4 3 3 3 3 3 3 3 4 1 3 2 2 3 3 3 1 4 2 3 1 3 2 1 3 4 1 2 1 4 4 1 2 3 3 4 1 2 1 2 1 4 1 3 1 3 2 3 3 4 1 3 4 2 4 3 3 3 1 1 3 4 1 1 1 2 1 4 1 3 4 1 1 2 1 1 4 1 4 1 4 1 3 4 4 4 1 1 1 4 1 3
51 0.002547 3 2 3 3 4 3 1 3 3 3 3 3 4 1 3 2 2 1 3 3 1 4 2 3 3 3 2 1 1 4 1 2 1 4 4 1 2 3 3 4 1 2 1 2 1 4 1 3 1 3 2 3 3 4 1 3 4 2 4 3 3 3 1 1 3 4 1 1 1 2 1 4 1 3 4 1 1 2 1 1 4 1 4 1 4 1 3 4 4 4 1 1 1 4 1 3
51 0.108564 3 2 3 3 4 3 1 3 3 3 3 3 4 1 3 2 2 3 3 3 1 4 2 3 1 3 2 1 1 4 1 2 1 4 4 1 2 3 3 4 1 2 1 2 1 4 3 3 1 3 2 3 3 4 1 3 4 2 4 3 3 3 1 1 3 4 1 1 1 2 1 4 1 3 4 1 1 2 1 1 4 1 4 1 4 1 3 4 4 4 1 1 1 4 1 3
51 0.002547 3 2 3 3 4 3 1 3 3 3 3 3 4 1 3 2 2 1 3 3 1 4 2 3 1 3 2 1 1 4 1 2 1 4 4 1 2 3 3 4 1 2 1 2 1 4 1 3 1 1 2 3 3 4 1 3 4 2 4 3 3 3 1 1 3 4 1 1 1 2 1 4 1 3 4 1 1 2 1 1 4 1 4 3 4 1 3 4 4 4 1 1 1 4 1 3
51 0.002547 3 2 3 3 4 3 1 3 3 3 3 3 4 1 3 2 2 1 3 3 1 4 2 3 1 3 2 3 1 4 1 2 1 4 4 1 2 3 3 4 1 2 1 2 1 4 1 3 1 3 2 3 3 4 1 3 4 2 4 3 3 3 1 1 3 4 1 1 1 2 1 4 1 3 4 1 1 2 1 1 4 1 4 1 4 1 1 4 4 4 1 1 1 4 1 1
51 0.108564 3 2 3 3 4 3 1 3 3 3 3 3 4 1 3 2 2 1 3 3 1 4 2 3 1 3 2 1 1 4 1 2 1 4 4 1 2 3 3 4 3 2 1 2 1 4 1 3 1 3 2 3 3 4 1 3 4 2 4 3 3 3 1 1 3 4 1 1 1 2 1 4 1 3 4 1 1 2 1 1 4 1 4 1 4 1 3 4 4 4 1 1 1 4 1 3
51 0.002547 3 2 3 3 4 3 1 3 3 3 3 3 4 1 3 2 2 3 3 3 1 4 2 3 1 3 2 1 1 4 1 2 1 4 4 1 2 3 1 4 1 2 1 2 1 4 1 3 1 3 2 3 3 4 1 3 4 2 4 3 3 3 1 1 3 4 1 1 1 2 1 4 1 3 4 1 1 2 1 1 4 1 4 1 4 1 3 4 4 4 1 1 1 4 1 3
51 0.434255 3 2 3 3 4 3 1 3 3 3 3 3 4 1 3 2 2 3 3 3 1 4 2 3 1 3 2 1 1 4 1 2 1 4 4 1 2 3 3 4 1 2 1 2 1 4 1 3 1 3 2 3 3 4 1 3 4 2 4 3 3 3 1 1 3 4 1 1 1 2 1 4 1 3 4 1 1 2 1 1 4 1 4 1 4 1 3 4 4 4 1 1 1 4 1 3
52 0.003450 3 2 3 3 4 3 1 3 1 3 3 3 4 1 3 2 1 3 3 3 1 4 2 3 1 3 2 1 1 4 1 2 1 4 4 1 2 3 3 4 1 2 1 2 1 4 1 3 1 3 2 3 3 4 1 1 4 2 4 3 3 3 1 1 3 4 1 1 1 2 1 4 1 3 4 1 1 2 1 1 4 1 4 1 4 1 3 4 4 4 1 1 1 4 1 3
52 0.003450 3 2 3 3 4 1 1 3 3 3 3 3 4 1 3 2 2 1 3 1 1 4 2 3 1 3 2 1 1 4 1 2 1 4 4 1 2 3 3 4 1 2 1 2 1 4 1 3 1 3 2 3 3 4 1 3 4 2 4 3 3 3 1 1 3 4 1 1 1 2 1 4 1 3 4 1 1 2 1 1 4 1 3 1 4 1 3 4 4 4 1 1 1 4 1 3
52 0.003450 3 2 3 3 4 3 1 3 3 3 3 3 4 1 3 2 2 1 3 3 1 4 2 3 1 3 2 1 1 4 1 2 1 4 4 1 2 3 3 4 1 2 1 2 1 4 1 3 1 3 2 3 3 4 1 3 4 2 4 3 3 3 1 1 3 4 1 1 1 2 1 4 1 3 4 1 1 2 1 1 4 1 4 1 4 1 3 4 4 4 1 1 1 4 1 3
52 0.107661 3 2 3 3 4 3 1 3 3 3 3 3 4 1 3 2 1 3 3 3 1 4 2 3 1 3 2 1 1 4 1 2 1 4 4 1 2 3 3 4 1 2 1 2 1 4 1 3 1 3 2 3 3 4 1 3 2 2 4 3 3 3 1 1 3 4 1 1 1 2 1 4 1 3 4 1 1 2 1 1 4 1 4 1 4 1 3 4 4 4 1 1 1 4 1 3
52 0.003450 3 2 3 3 4 3 1 3 3 3 3 3 4 1 3 2 2 1 3 3 1 4 2 3 1 3 2 1 1 4 1 2 1 4 4 1 2 3 3 4 1 2 1 2 1 4 1 3 1 1 2 3 3 4 1 3 4 2 4 3 3 3 1 1 3 4 1 1 1 2 1 4 1 3 4 1 1 2 1 1 4 1 4 1 4 1 3 4 4 4 1 1 1 4 1 3
52 0.107661 3 2 3 3 4 3 1 3 3 3 3 1 4 1 3 2 2 3 3 3 1 4 2 3 1 3 2 1 1 4 1 2 1 4 4 1 2 3 3 4 1 2 1 2 1 4 1 3 1 3 2 3 3 4 1 3 4 2 4 3 3 3 1 1 3 4 1 1 1 2 1 4 1 3 4 1 1 2 1 1 4 1 4 1 4 1 3 4 4 4 1 1 1 4 1 3
52 0.003450 3 2 3 3 4 3 1 3 3 3 3 3 4 1 3 2 1 3 3 3 1 4 2 3 1 3 2 1 1 4 1 2 1 4 4 1 2 3 3 4 1 2 1 2 3 4 1 3 1 3 2 3 3 4 1 3 4 2 4 3 3 3 1 1 3 4 1 1 1 2 1 4 1 3 4 1 1 2 1 1 4 1 4 1 2 1 3 3 4 4 1 1 1 4 1 3
52 0.107661 3 2 3 3 4 3 3 3 3 3 3 3 4 1 3 2 2 3 3 3 1 4 2 3 1 3 2 1 3 4 1 2 1 4 4 1 2 3 3 4 1 2 1 2 1 4 1 3 1 3 2 3 3 4 1 3 4 2 4 3 3 3 1 1 3 4 1 1 1 2 1 4 1 3 4 1 1 2 1 1 4 1 4 1 4 1 3 4 4 4 1 1 1 4 1 3
52 0.003450 3 2 3 3 4 3 1 3 3 3 3 3 4 1 3 2 2 1 3 3 1 4 2 3 3 3 2 1 1 4 1 2 1 4 4 1 2 3 3 4 1 2 1 2 1 4 1 3 1 3 2 3 3 4 1 3 4 2 4 3 3 3 1 1 3 4 1 1 1 2 1 4 1 3 4 1 1 2 1 1 4 1 4 1 4 1 3 4 4 4 1 1 1 4 1 3
52 0.107661 3 2 3 3 4 3 1 3 3 3 3 3 4 1 3 2 2 3 3 3 1 4 2 3 1 3 2 1 1 4 1 2 1 4 4 1 2 3 3 4 1 2 1 2 1 4 3 3 1 3 2 3 3 4 1 3 4 2 4 3 3 3 1 1 3 4 1 1 1 2 1 4 1 3 4 1 1 2 1 1 4 1 4 1 4 1 3 4 4 4 1 1 1 4 1 3
52 0.003450 3 2 3 3 4 3 1 3 3 3 3 3 4 1 3 2 2 1 3 3 1 4 2 3 1 3 2 1 1 4 1 2 1 4 4 1 2 3 3 4 1 2 1 2 1 4 1 3 1 1 2 3 3 4 1 3 4 2 4 3 3 3 1 1 3 4 1 1 1 2 1 4 1 3 4 1 1 2 1 1 4 1 4 3 4 1 3 4 4 4 1 1 1 4 1 3
52 0.003450 3 2 3 3 4 3 1 3 3 3 3 3 4 1 3 2 2 1 3 3 1 4 2 3 1 3 2 3 1 4 1 2 1 4 4 1 2 3 3 4 1 2 1 2 1 4 1 3 1 3 2 3 3 4 1 3 4 2 4 3 3 3 1 1 3 4 1 1 1 2 1 4 1 3 4 1 1 2 1 1 4 1 4 1 4 1 1 4 4 4 1 1 1 4 1 1
52 0.107661 3 2 3 3 4 3 1 3 3 3 3 3 4 1 3 2 2 1 3 3 1 4 2 3 1 3 2 1 1 4 1 2 1 4 4 1 2 3 3 4 3 2 1 2 1 4 1 3 1 3 2 3 3 4 1 3 4 2 4 3 3 3 1 1 3 4 1 1 1 2 1 4 1 3 4 1 1 2 1 1 4 1 4 1 4 1 3 4 4 4 1 1 1 4 1 3
52 0.003450 3 2 3 3 4 3 1 3 3 3 3 3 4 1 3 2 2 3 3 3 1 4 2 3 1 3 2 1 1 4 1 2 1 4 4 1 2 3 1 4 1 2 1 2 1 4 1 3 1 3 2 3 3 4 1 3 4 2 4 3 3 3 1 1 3 4 1 1 1 2 1 4 1 3 4 1 1 2 1 1 4 1 4 1 4 1 3 4 4 4 1 1 1 4 1 3
52 0.430645 3 2 3 3 4 3 1 3 3 3 3 3 4 1 3 2 2 3 3 3 1 4 2 3 1 3 2 1 1 4 1 2 1 4 4 1 2 3 3 4 1 2 1 2 1 4 1 3 1 3 2 3 3 4 1 3 4 2 4 3 3 3 1 1 3 4 1 1 1 2 1 4 1 3 4 1 1 2 1 1 4 1 4 1 4 1 3 4 4 4 1 1 1 4 1 3
53 0.004587 3 2 3 3 4 3 1 3 1 3 3 3 4 1 3 2 1 3 3 3 1 4 2 3 1 3 2 1 1 4 1 2 1 4 4 1 2 3 3 4 1 2 1 2 1 4 1 3 1 3 2 3 3 4 1 1 4 2 4 3 3 3 1 1 3 4 1 1 1 2 1 4 1 3 4 1 1 2 1 1 4 1 4 1 4 1 3 4 4 4 1 1 1 4 1 3
53 0.004587 3 2 3 3 4 1 1 3 3 3 3 3 4 1 3 2 2 1 3 1 1 4 2 3 1 3 2 1 1 4 1 2 1 4 4 1 2 3 3 4 1 2 1 2 1 4 1 3 1 3 2 3 3 4 1 3 4 2 4 3 3 3 1 1 3 4 1 1 1 2 1 4 1 3 4 1 1 2 1 1 4 1 3 1 4 1 3 4 4 4 1 1 1 4 1 3
53 0.004587 3 2 3 3 4 3 1 3 3 3 3 3 4 1 3 2 2 1 3 3 1 4 2 3 1 3 2 1 1 4 1 2 1 4 4 1 2 3 3 4 1 2 1 2 1 4 1 3 1 3 2 3 3 4 1 3 4 2 4 3 3 3 1 1 3 4 1 1 1 2 1 4 1 3 4 1 1 2 1 1 4 1 4 1 4 1 3 4 4 4 1 1 1 4 1 3
53 0.106524 3 2 3 3 4 3 1 3 3 3 3 3 4 1 3 2 1 3 3 3 1 4 2 3 1 3 2 1 1 4 1 2 1 4 4 1 2 3 3 4 1 2 1 2 1 4 1 3 1 3 2 3 3 4 1 3 2 2 4 3 3 3 1 1 3 4 1 1 1 2 1 4 1 3 4 1 1 2 1 1 4 1 4 1 4 1 3 4 4 4 1 1 1 4 1 3
53 0.004587 3 2 3 3 4 3 1 3 3 3 3 3 4 1 3 2 2 1 3 3 1 4 2 3 1 3 2 1 1 4 1 2 1 4 4 1 2 3 3 4 1 2 1 2 1 4 1 3 1 1 2 3 3 4 1 3 4 2 4 3 3 3 1 1 3 4 1 1 1 2 1 4 1 3 4 1 1 2 1 1 4 1 4 1 4 1 3 4 4 4 1 1 1 4 1 3
53 0.106524 3 2 3 3 4 3 1 3 3 3 3 1 4 1 3 2 2 3 3 3 1 4 2 3 1 3 2 1 1 4 1 2 1 4 4 1 2 3 3 4 1 2 1 2 1 4 1 3 1 3 2 3 3 4 1 3 4 2 4 3 3 3 1 1 3 4 1 1 1 2 1 4 1 3 4 1 1 2 1 1 4 1 4 1 4 1 3 4 4 4 1 1 1 4 1 3
53 0.004587 3 2 3 3 4 3 1 3 3 3 3 3 4 1 3 2 1 3 3 3 1 4 2 3 1 3 2 1 1 4 1 2 1 4 4 1 2 3 3 4 1 2 1 2 3 4 1 3 1 3 2 3 3 4 1 3 4 2 4 3 3 3 1 1 3 4 1 1 1 2 1 4 1 3 4 1 1 2 1 1 4 1 4 1 2 1 3 3 4 4 1 1 1 4 1 3
53 0.106524 3 2 3 3 4 3 3 3 3 3 3 3 4 1 3 2 2 3 3 3 1 4 2 3 1 3 2 1 3 4 1 2 1 4 4 1 2 3 3 4 1 2 1 2 1 4 1 3 1 3 2 3 3 4 1 3 4 2 4 3 3 3 1 1 3 4 1 1 1 2 1 4 1 3 4 1 1 2 1 1 4 1 4 1 4 1 3 4 4 4 1 1 1 4 1 3
53 0.004587 3 2 3 3 4 3 1 3 3 3 3 3 4 1 3 2 2 1 3 3 1 4 2 3 3 3 2 1 1 4 1 2 1 4 4 1 2 3 3 4 1 2 1 2 1 4 1 3 1 3 2 3 3 4 1 3 4 2 4 3 3 3 1 1 3 4 1 1 1 2 1 4 1 3 4 1 1 2 1 1 4 1 4 1 4 1 3 4 4 4 1 1 1 4 1 3
53 0.106524 3 2 3 3 4 3 1 3 3 3 3 3 4 1 3 2 2 3 3 3 1 4 2 3 1 3 2 1 1 4 1 2 1 4 4 1 2 3 3 4 1 2 1 2 1 4 3 3 1 3 2 3 3 4 1 3 4 2 4 3 3 3 1 1 3 4 1 1 1 2 1 4 1 3 4 1 1 2 1 1 4 1 4 1 4 1 3 4 4 4 1 1 1 4 1 3
53 0.004587 3 2 3 3 4 3 1 3 3 3 3 3 4 1 3 2 2 1 3 3 1 4 2 3 1 3 2 1 1 4 1 2 1 4 4 1 2 3 3 4 1 2 1 2 1 4 1 3 1 1 2 3 3 4 1 3 4 2 4 3 3 3 1 1 3 4 1 1 1 2 1 4 1 3 4 1 1 2 1 1 4 1 4 3 4 1 3 4 4 4 1 1 1 4 1 3
53 0.004587 3 2 3 3 4 3 1 3 3 3 3 3 4 1 3 2 2 1 3 3 1 4 2 3 1 3 2 3 1 4 1 2 1 4 4 1 2 3 3 4 1 2 1 2 1 4 1 3 1 3 2 3 3 4 1 3 4 2 4 3 3 3 1 1 3 4 1 1 1 2 1 4 1 3 4 1 1 2 1 1 4 1 4 1 4 1 1 4 4 4 1 1 1 4 1 1
53 0.106524 3 2 3 3 4 3 1 3 3 3 3 3 4 1 3 2 2 1 3 3 1 4 2 3 1 3 2 1 1 4 1 2 1 4 4 1 2 3 3 4 3 2 1 2 1 4 1 3 1 3 2 3 3 4 1 3 4 2 4 3 3 3 1 1 3 4 1 1 1 2 1 4 1 3 4 1 1 2 1 1 4 1 4 1 4 1 3 4 4 4 1 1 1 4 1 3
53 0.004587 3 2 3 3 4 3 1 3 3 3 3 3 4 1 3 2 2 3 3 3 1 4 2 3 1 3 2 1 1 4 1 2 1 4 4 1 2 3 1 4 1 2 1 2 1 4 1 3 1 3 2 3 3 4 1 3 4 2 4 3 3 3 1 1 3 4 1 1 1 2 1 4 1 3 4 1 1 2 1 1 4 1 4 1 4 1 3 4 4 4 1 1 1 4 1 3
53 0.426095 3 2 3 3 4 3 1 3 3 3 3 3 4 1 3 2 2 3 3 3 1 4 2 3 1 3 2 1 1 4 1 2 1 4 4 1 2 3 3 4 1 2 1 2 1 4 1 3 1 3 2 3 3 4 1 3 4 2 4 3 3 3 1 1 3 4 1 1 1 2 1 4 1 3 4 1 1 2 1 1 4 1 4 1 4 1 3 4 4 4 1 1 1 4 1 3
54 0.006013 3 2 3 3 4 3 1 3 1 3 3 3 4 1 3 2 1 3 3 3 1 4 2 3 1 3 2 1 1 4 1 2 1 4 4 1 2 3 3 4 1 2 1 2 1 4 1 3 1 3 2 3 3 4 1 1 4 2 4 3 3 3 1 1 3 4 1 1 1 2 1 4 1 3 4 1 1 2 1 1 4 1 4 1 4 1 3 4 4 4 1 1 1 4 1 3
54 0.006013 3 2 3 3 4 1 1 3 3 3 3 3 4 1 3 2 2 1 3 1 1 4 2 3 1 3 2 1 1 4 1 2 1 4 4 1 2 3 3 4 1 2 1 2 1 4 1 3 1 3 2 3 3 4 1 3 4 2 4 3 3 3 1 1 3 4 1 1 1 2 1 4 1 3 4 1 1 2 1 1 4 1 3 1 4 1 3 4 4 4 1 1 1 4 1 3
54 0.006013 3 2 3 3 4 3 1 3 3 3 3 3 4 1 3 2 2 1 3 3 1 4 2 3 1 3 2 1 1 4 1 2 1 4 4 1 2 3 3 4 1 2 1 2 1 4 1 3 1 3 2 3 3 4 1 3 4 2 4 3 3 3 1 1 3 4 1 1 1 2 1 4 1 3 4 1 1 2 1 1 4 1 4 1 4 1 3 4 4 4 1 1 1 4 1 3
54 0.105098 3 2 3 3 4 3 1 3 3 3 3 3 4 1 3 2 1 3 3 3 1 4 2 3 1 3 2 1 1 4 1 2 1 4 4 1 2 3 3 4 1 2 1 2 1 4 1 3 1 3 2 3 3 4 1 3 2 2 4 3 3 3 1 1 3 4 1 1 1 2 1 4 1 3 4 1 1 2 1 1 4 1 4 1 4 1 3 4 4 4 1 1 1 4 1 3
54 0.006013 3 2 3 3 4 3 1 3 3 3 3 3 4 1 3 2 2 1 3 3 1 4 2 3 1 3 2 1 1 4 1 2 1 4 4 1 2 3 3 4 1 2 1 2 1 4 1 3 1 1 2 3 3 4 1 3 4 2 4 3 3 3 1 1 3 4 1 1 1 2 1 4 1 3 4 1 1 2 1 1 4 1 4 1 4 1 3 4 4 4 1 1 1 4 1 3
54 0.105098 3 2 3 3 4 3 1 3 3 3 3 1 4 1 3 2 2 3 3 3 1 4 2 3 1 3 2 1 1 4 1 2 1 4 4 1 2 3 3 4 1 2 1 2 1 4 1 3 1 3 2 3 3 4 1 3 4 2 4 3 3 3 1 1 3 4 1 1 1 2 1 4 1 3 4 1 1 2 1 1 4 1 4 1 4 1 3 4 4 4 1 1 1 4 1 3
54 0.006013 3 2 3 3 4 3 1 3 3 3 3 3 4 1 3 2 1 3 3 3 1 4 2 3 1 3 2 1 1 4 1 2 1 4 4 1 2 3 3 4 1 2 1 2 3 4 1 3 1 3 2 3 3 4 1 3 4 2 4 3 3 3 1 1 3 4 1 1 1 2 1 4 1 3 4 1 1 2 1 1 4 1 4 1 2 1 3 3 4 4 1 1 1 4 1 3
54 0.105098 3 2 3 3 4 3 3 3 3 3 3 3 4 1 3 2 2 3 3 3 1 4 2 3 1 3 2 1 3 4 1 2 1 4 4 1 2 3 3 4 1 2 1 2 1 4 1 3 1 3 2 3 3 4 1 3 4 2 4 3 3 3 1 1 3 4 1 1 1 2 1 4 1 3 4 1 1 2 1 1 4 1 4 1 4 1 3 4 4 4 1 1 1 4 1 3
54 0.006013 3 2 3 3 4 3 1 3 3 3 3 3 4 1 3 2 2 1 3 3 1 4 2 3 3 3 2 1 1 4 1 2 1 4 4 1 2 3 3 4 1 2 1 2 1 4 1 3 1 3 2 3 3 4 1 3 4 2 4 3 3 3 1 1 3 4 1 1 1 2 1 4 1 3 4 1 1 2 1 1 4 1 4 1 4 1 3 4 4 4 1 1 1 4 1 3
54 0.105098 3 2 3 3 4 3 1 3 3 3 3 3 4 1 3 2 2 3 3 3 1 4 2 3 1 3 2 1 1 4 1 2 1 4 4 1 2 3 3 4 1 2 1 2 1 4 3 3 1 3 2 3 3 4 1 3 4 2 4 3 3 3 1 1 3 4 1 1 1 2 1 4 1 3 4 1 1 2 1 1 4 1 4 1 4 1 3 4 4 4 1 1 1 4 1 3
54 0.006013 3 2 3 3 4 3 1 3 3 3 3 3 4 1 3 2 2 1 3 3 1 4 2 3 1 3 2 1 1 4 1 2 1 4 4 1 2 3 3 4 1 2 1 2 1 4 1 3 1 1 2 3 3 4 1 3 4 2 4 3 3 3 1 1 3 4 1 1 1 2 1 4 1 3 4 1 1 2 1 1 4 1 4 3 4 1 3 4 4 4 1 1 1 4 1 3
54 0.006013 3 2 3 3 4 3 1 3 3 3 3 3 4 1 3 2 2 1 3 3 1 4 2 3 1 3 2 3 1 4 1 2 1 4 4 1 2 3 3 4 1 2 1 2 1 4 1 3 1 3 2 3 3 4 1 3 4 2 4 3 3 3 1 1 3 4 1 1 1 2 1 4 1 3 4 1 1 2 1 1 4 1 4 1 4 1 1 4 4 4 1 1 1 4 1 1
54 0.105098 3 2 3 3 4 3 1 3 3 3 3 3 4 1 3 2 2 1 3 3 1 4 2 3 1 3 2 1 1 4 1 2 1 4 4 1 2 3 3 4 3 2 1 2 1 4 1 3 1 3 2 3 3 4 1 3 4 2 4 3 3 3 1 1 3 4 1 1 1 2 1 4 1 3 4 1 1 2 1 1 4 1 4 1 4 1 3 4 4 4 1 1 1 4 1 3
54 0.006013 3 2 3 3 4 3 1 3 3 3 3 3 4 1 3 2 2 3 3 3 1 4 2 3 1 3 2 1 1 4 1 2 1 4 4 1 2 3 1 4 1 2 1 2 1 4 1 3 1 3 2 3 3 4 1 3 4 2 4 3 3 3 1 1 3 4 1 1 1 2 1 4 1 3 4 1 1 2 1 1 4 1 4 1 4 1 3 4 4 4 1 1 1 4 1 3
54 0.420392 3 2 3 3 4 3 1 3 3 3 3 3 4 1 3 2 2 3 3 3 1 4 2 3 1 3 2 1 1 4 1 2 1 4 4 1 2 3 3 4 1 2 1 2 1 4 1 3 1 3 2 3 3 4 1 3 4 2 4 3 3 3 1 1 3 4 1 1 1 2 1 4 1 3 4 1 1 2 1 1 4 1 4 1 4 1 3 4 4 4 1 1 1 4 1 3
55 0.007789 3 2 3 3 4 3 1 3 1 3 3 3 4 1 3 2 1 3 3 3 1 4 2 3 1 3 2 1 1 4 1 2 1 4 4 1 2 3 3 4 1 2 1 2 1 4 1 3 1 3 2 3 3 4 1 1 4 2 4 3 3 3 1 1 3 4 1 1 1 2 1 4 1 3 4 1 1 2 1 1 4 1 4 1 4 1 3 4 4 4 1 1 1 4 1 3
55 0.007789 3 2 3 3 4 1 1 3 3 3 3 3 4 1 3 2 2 1 3 1 1 4 2 3 1 3 2 1 1 4 1 2 1 4 4 1 2 3 3 4 1 2 1 2 1 4 1 3 1 3 2 3 3 4 1 3 4 2 4 3 3 3 1 1 3 4 1 1 1 2 1 4 1 3 4 1 1 2 1 1 4 1 3 1 4 1 3 4 4 4 1 1 1 4 1 3
55 0.007789 3 2 3 3 4 3 1 3 3 3 3 3 4 1 3 2 2 1 3 3 1 4 2 3 1 3 2 1 1 4 1 2 1 4 4 1 2 3 3 4 1 2 1 2 1 4 1 3 1 3 2 3 3 4 1 3 4 2 4 3 3 3 1 1 3 4 1 1 1 2 1 4 1 3 4 1 1 2 1 1 4 1 4 1 4 1 3 4 4 4 1 1 1 4 1 3
55 0.103322 3 2 3 3 4 3 1 3 3 3 3 3 4 1 3 2 1 3 3 3 1 4 2 3 1 3 2 1 1 4 1 2 1 4 4 1 2 3 3 4 1 2 1 2 1 4 1 3 1 3 2 3 3 4 1 3 2 2 4 3 3 3 1 1 3 4 1 1 1 2 1 4 1 3 4 1 1 2 1 1 4 1 4 1 4 1 3 4 4 4 1 1 1 4 1 3
55 0.007789 3 2 3 3 4 3 1 3 3 3 3 3 4 1 3 2 2 1 3 3 1 4 2 3 1 3 2 1 1 4 1 2 1 4 4 1 2 3 3 4 1 2 1 2 1 4 1 3 1 1 2 3 3 4 1 3 4 2 4 3 3 3 1 1 3 4 1 1 1 2 1 4 1 3 4 1 1 2 1 1 4 1 4 1 4 1 3 4 4 4 1 1 1 4 1 3
55 0.103322 3 2 3 3 4 3 1 3 3 3 3 1 4 1 3 2 2 3 3 3 1 4 2 3 1 3 2 1 1 4 1 2 1 4 4 1 2 3 3 4 1 2 1 2 1 4 1 3 1 3 2 3 3 4 1 3 4 2 4 3 3 3 1 1 3 4 1 1 1 2 1 4 1 3 4 1 1 2 1 1 4 1 4 1 4 1 3 4 4 4 1 1 1 4 1 3
55 0.007789 3 2 3 3 4 3 1 3 3 3 3 3 4 1 3 2 1 3 3 3 1 4 2 3 1 3 2 1 1 4 1 2 1 4 4 1 2 3 3 4 1 2 1 2 3 4 1 3 1 3 2 3 3 4 1 3 4 2 4 3 3 3 1 1 3 4 1 1 1 2 1 4 1 3 4 1 1 2 1 1 4 1 4 1 2 1 3 3 4 4 1 1 1 4 1 3
55 0.103322 3 2 3 3 4 3 3 3 3 3 3 3 4 1 3 2 2 3 3 3 1 4 2 3 1 3 2 1 3 4 1 2 1 4 4 1 2 3 3 4 1 2 1 2 1 4 1 3 1 3 2 3 3 4 1 3 4 2 4 3 3 3 1 1 3 4 1 1 1 2 1 4 1 3 4 1 1 2 1 1 4 1 4 1 4 1 3 4 4 4 1 1 1 4 1 3
55 0.007789 3 2 3 3 4 3 1 3 3 3 3 3 4 1 3 2 2 1 3 3 1 4 2 3 3 3 2 1 1 4 1 2 1 4 4 1 2 3 3 4 1 2 1 2 1 4 1 3 1 3 2 3 3 4 1 3 4 2 4 3 3 3 1 1 3 4 1 1 1 2 1 4 1 3 4 1 1 2 1 1 4 1 4 1 4 1 3 4 4 4 1 1 1 4 1 3
55 0.103322 3 2 3 3 4 3 1 3 3 3 3 3 4 1 3 2 2 3 3 3 1 4 2 3 1 3 2 1 1 4 1 2 1 4 4 1 2 3 3 4 1 2 1 2 1 4 3 3 1 3 2 3 3 4 1 3 4 2 4 3 3 3 1 1 3 4 1 1 1 2 1 4 1 3 4 1 1 2 1 1 4 1 4 1 4 1 3 4 4 4 1 1 1 4 1 3
55 0.007789 3 2 3 3 4 3 1 3 3 3 3 3 4 1 3 2 2 1 3 3 1 4 2 3 1 3 2 1 1 4 1 2 1 4 4 1 2 3 3 4 1 2 1 2 1 4 1 3 1 1 2 3 3 4 1 3 4 2 4 3 3 3 1 1 3 4 1 1 1 2 1 4 1 3 4 1 1 2 1 1 4 1 4 3 4 1 3 4 4 4 1 1 1 4 1 3
55 0.007789 3 2 3 3 4 3 1 3 3 3 3 3 4 1 3 2 2 1 3 3 1 4 2 3 1 3 2 3 1 4 1 2 1 4 4 1 2 3 3 4 1 2 1 2 1 4 1 3 1 3 2 3 3 4 1 3 4 2 4 3 3 3 1 1 3 4 1 1 1 2 1 4 1 3 4 1 1 2 1 1 4 1 4 1 4 1 1 4 4 4 1 1 1 4 1 1
55 0.103322 3 2 3 3 4 3 1 3 3 3 3 3 4 1 3 2 2 1 3 3 1 4 2 3 1 3 2 1 1 4 1 2 1 4 4 1 2 3 3 4 3 2 1 2 1 4 1 3 1 3 2 3 3 4 1 3 4 2 4 3 3 3 1 1 3 4 1 1 1 2 1 4 1 3 4 1 1 2 1 1 4 1 4 1 4 1 3 4 4 4 1 1 1 4 1 3
55 0.007789 3 2 3 3 4 3 1 3 3 3 3 3 4 1 3 2 2 3 3 3 1 4 2 3 1 3 2 1 1 4 1 2 1 4 4 1 2 3 1 4 1 2 1 2 1 4 1 3 1 3 2 3 3 4 1 3 4 2 4 3 3 3 1 1 3 4 1 1 1 2 1 4 1 3 4 1 1 2 1 1 4 1 4 1 4 1 3 4 4 4 1 1 1 4 1 3
55 0.413287 3 2 3 3 4 3 1 3 3 3 3 3 4 1 3 2 2 3 3 3 1 4 2 3 1 3 2 1 1 4 1 2 1 4 4 1 2 3 3 4 1 2 1 2 1 4 1 3 1 3 2 3 3 4 1 3 4 2 4 3 3 3 1 1 3 4 1 1 1 2 1 4 1 3 4 1 1 2 1 1 4 1 4 1 4 1 3 4 4 4 1 1 1 4 1 3
56 0.009984 3 2 3 3 4 3 1 3 1 3 3 3 4 1 3 2 1 3 3 3 1 4 2 3 1 3 2 1 1 4 1 2 1 4 4 1 2 3 3 4 1 2 1 2 1 4 1 3 1 3 2 3 3 4 1 1 4 2 4 3 3 3 1 1 3 4 1 1 1 2 1 4 1 3 4 1 1 2 1 1 4 1 4 1 4 1 3 4 4 4 1 1 1 4 1 3
56 0.009984 3 2 3 3 4 1 1 3 3 3 3 3 4 1 3 2 2 1 3 1 1 4 2 3 1 3 2 1 1 4 1 2 1 4 4 1 2 3 3 4 1 2 1 2 1 4 1 3 1 3 2 3 3 4 1 3 4 2 4 3 3 3 1 1 3 4 1 1 1 2 1 4 1 3 4 1 1 2 1 1 4 1 3 1 4 1 3 4 4 4 1 1 1 4 1 3
56 0.009984 3 2 3 3 4 3 1 3 3 3 3 3 4 1 3 2 2 1 3 3 1 4 2 3 1 3 2 1 1 4 1 2 1 4 4 1 2 3 3 4 1 2 1 2 1 4 1 3 1 3 2 3 3 4 1 3 4 2 4 3 3 3 1 1 3 4 1 1 1 2 1 4 1 3 4 1 1 2 1 1 4 1 4 1 4 1 3 4 4 4 1 1 1 4 1 3
56 0.101127 3 2 3 3 4 3 1 3 3 3 3 3 4 1 3 2 1 3 3 3 1 4 2 3 1 3 2 1 1 4 1 2 1 4 4 1 2 3 3 4 1 2 1 2 1 4 1 3 1 3 2 3 3 4 1 3 2 2 4 3 3 3 1 1 3 4 1 1 1 2 1 4 1 3 4 1 1 2 1 1 4 1 4 1 4 1 3 4 4 4 1 1 1 4 1 3
56 0.009984 3 2 3 3 4 3 1 3 3 3 3 3 4 1 3 2 2 1 3 3 1 4 2 3 1 3 2 1 1 4 1 2 1 4 4 1 2 3 3 4 1 2 1 2 1 4 1 3 1 1 2 3 3 4 1 3 4 2 4 3 3 3 1 1 3 4 1 1 1 2 1 4 1 3 4 1 1 2 1 1 4 1 4 1 4 1 3 4 4 4 1 1 1 4 1 3
56 0.101127 3 2 3 3 4 3 1 3 3 3 3 1 4 1 3 2 2 3 3 3 1 4 2 3 1 3 2 1 1 4 1 2 1 4 4 1 2 3 3 4 1 2 1 2 1 4 1 3 1 3 2 3 3 4 1 3 4 2 4 3 3 3 1 1 3 4 1 1 1 2 1 4 1 3 4 1 1 2 1 1 4 1 4 1 4 1 3 4 4 4 1 1 1 4 1 3
56 0.009984 3 2 3 3 4 3 1 3 3 3 3 3 4 1 3 2 1 3 3 3 1 4 2 3 1 3 2 1 1 4 1 2 1 4 4 1 2 3 3 4 1 2 1 2 3 4 1 3 1 3 2 3 3 4 1 3 4 2 4 3 3 3 1 1 3 4 1 1 1 2 1 4 1 3 4 1 1 2 1 1 4 1 4 1 2 1 3 3 4 4 1 1 1 4 1 3
56 0.101127 3 2 3 3 4 3 3 3 3 3 3 3 4 1 3 2 2 3 3 3 1 4 2 3 1 3 2 1 3 4 1 2 1 4 4 1 2 3 3 4 1 2 1 2 1 4 1 3 1 3 2 3 3 4 1 3 4 2 4 3 3 3 1 1 3 4 1 1 1 2 1 4 1 3 4 1 1 2 1 1 4 1 4 1 4 1 3 4 4 4 1 1 1 4 1 3
56 0.009984 3 2 3 3 4 3 1 3 3 3 3 3 4 1 3 2 2 1 3 3 1 4 2 3 3 3 2 1 1 4 1 2 1 4 4 1 2 3 3 4 1 2 1 2 1 4 1 3 1 3 2 3 3 4 1 3 4 2 4 3 3 3 1 1 3 4 1 1 1 2 1 4 1 3 4 1 1 2 1 1 4 1 4 1 4 1 3 4 4 4 1 1 1 4 1 3
56 0.101127 3 2 3 3 4 3 1 3 3 3 3 3 4 1 3 2 2 3 3 3 1 4 2 3 1 3 2 1 1 4 1 2 1 4 4 1 2 3 3 4 1 2 1 2 1 4 3 3 1 3 2 3 3 4 1 3 4 2 4 3 3 3 1 1 3 4 1 1 1 2 1 4 1 3 4 1 1 2 1 1 4 1 4 1 4 1 3 4 4 4 1 1 1 4 1 3
56 0.009984 3 2 3 3 4 3 1 3 3 3 3 3 4 1 3 2 2 1 3 3 1 4 2 3 1 3 2 1 1 4 1 2 1 4 4 1 2 3 3 4 1 2 1 2 1 4 1 3 1 1 2 3 3 4 1 3 4 2 4 3 3 3 1 1 3 4 1 1 1 2 1 4 1 3 4 1 1 2 1 1 4 1 4 3 4 1 3 4 4 4 1 1 1 4 1 3
56 0.009984 3 2 3 3 4 3 1 3 3 3 3 3 4 1 3 2 2 1 3 3 1 4 2 3 1 3 2 3 1 4 1 2 1 4 4 1 2 3 3 4 1 2 1 2 1 4 1 3 1 3 2 3 3 4 1 3 4 2 4 3 3 3 1 1 3 4 1 1 1 2 1 4 1 3 4 1 1 2 1 1 4 1 4 1 4 1 1 4 4 4 1 1 1 4 1 1
56 0.101127 3 2 3 3 4 3 1 3 3 3 3 3 4 1 3 2 2 1 3 3 1 4 2 3 1 3 2 1 1 4 1 2 1 4 4 1 2 3 3 4 3 2 1 2 1 4 1 3 1 3 2 3 3 4 1 3 4 2 4 3 3 3 1 1 3 4 1 1 1 2 1 4 1 3 4 1 1 2 1 1 4 1 4 1 4 1 3 4 4 4 1 1 1 4 1 3
56 0.009984 3 2 3 3 4 3 1 3 3 3 3 3 4 1 3 2 2 3 3 3 1 4 2 3 1 3 2 1 1 4 1 2 1 4 4 1 2 3 1 4 1 2 1 2 1 4 1 3 1 3 2 3 3 4 1 3 4 2 4 3 3 3 1 1 3 4 1 1 1 2 1 4 1 3 4 1 1 2 1 1 4 1 4 1 4 1 3 4 4 4 1 1 1 4 1 3
56 0.404507 3 2 3 3 4 3 1 3 3 3 3 3 4 1 3 2 2 3 3 3 1 4 2 3 1 3 2 1 1 4 1 2 1 4 4 1 2 3 3 4 1 2 1 2 1 4 1 3 1 3 2 3 3 4 1 3 4 2 4 3 3 3 1 1 3 4 1 1 1 2 1 4 1 3 4 1 1 2 1 1 4 1 4 1 4 1 3 4 4 4 1 1 1 4 1 3
57 0.012671 3 2 3 3 4 3 1 3 1 3 3 3 4 1 3 2 1 3 3 3 1 4 2 3 1 3 2 1 1 4 1 2 1 4 4 1 2 3 3 4 1 2 1 2 1 4 1 3 1 3 2 3 3 4 1 1 4 2 4 3 3 3 1 1 3 4 1 1 1 2 1 4 1 3 4 1 1 2 1 1 4 1 4 1 4 1 3 4 4 4 1 1 1 4 1 3
57 0.012671 3 2 3 3 4 1 1 3 3 3 3 3 4 1 3 2 2 1 3 1 1 4 2 3 1 3 2 1 1 4 1 2 1 4 4 1 2 3 3 4 1 2 1 2 1 4 1 3 1 3 2 3 3 4 1 3 4 2 4 3 3 3 1 1 3 4 1 1 1 2 1 4 1 3 4 1 1 2 1 1 4 1 3 1 4 1 3 4 4 4 1 1 1 4 1 3
57 0.012671 3 2 3 3 4 3 1 3 3 3 3 3 4 1 3 2 2 1 3 3 1 4 2 3 1 3 2 1 1 4 1 2 1 4 4 1 2 3 3 4 1 2 1 2 1 4 1 3 1 3 2 3 3 4 1 3 4 2 4 3 3 3 1 1 3 4 1 1 1 2 1 4 1 3 4 1 1 2 1 1 4 1 4 1 4 1 3 4 4 4 1 1 1 4 1 3
57 0.098440 3 2 3 3 4 3 1 3 3 3 3 3 4 1 3 2 1 3 3 3 1 4 2 3 1 3 2 1 1 4 1 2 1 4 4 1 2 3 3 4 1 2 1 2 1 4 1 3 1 3 2 3 3 4 1 3 2 2 4 3 3 3 1 1 3 4 1 1 1 2 1 4 1 3 4 1 1 2 1 1 4 1 4 1 4 1 3 4 4 4 1 1 1 4 1 3
57 0.012671 3 2 3 3 4 3 1 3 3 3 3 3 4 1 3 2 2 1 3 3 1 4 2 3 1 3 2 1 1 4 1 2 1 4 4 1 2 3 3 4 1 2 1 2 1 4 1 3 1 1 2 3 3 4 1 3 4 2 4 3 3 3 1 1 3 4 1 1 1 2 1 4 1 3 4 1 1 2 1 1 4 1 4 1 4 1 3 4 4 4 1 1 1 4 1 3
57 0.098440 3 2 3 3 4 3 1 3 3 3 3 1 4 1 3 2 2 3 3 3 1 4 2 3 1 3 2 1 1 4 1 2 1 4 4 1 2 3 3 4 1 2 1 2 1 4 1 3 1 3 2 3 3 4 1 3 4 2 4 3 3 3 1 1 3 4 1 1 1 2 1 4 1 3 4 1 1 2 1 1 4 1 4 1 4 1 3 4 4 4 1 1 1 4 1 3
57 0.012671 3 2 3 3 4 3 1 3 3 3 3 3 4 1 3 2 1 3 3 3 1 4 2 3 1 3 2 1 1 4 1 2 1 4 4 1 2 3 3 4 1 2 1 2 3 4 1 3 1 3 2 3 3 4 1 3 4 2 4 3 3 3 1 1 3 4 1 1 1 2 1 4 1 3 4 1 1 2 1 1 4 1 4 1 2 1 3 3 4 4 1 1 1 4 1 3
57 0.098440 3 2 3 3 4 3 3 3 3 3 3 3 4 1 3 2 2 3 3 3 1 4 2 3 1 3 2 1 3 4 1 2 1 4 4 1 2 3 3 4 1 2 1 2 1 4 1 3 1 3 2 3 3 4 1 3 4 2 4 3 3 3 1 1 3 4 1 1 1 2 1 4 1 3 4 1 1 2 1 1 4 1 4 1 4 1 3 4 4 4 1 1 1 4 1 3
57 0.012671 3 2 3 3 4 3 1 3 3 3 3 3 4 1 3 2 2 1 3 3 1 4 2 3 3 3 2 1 1 4 1 2 1 4 4 1 2 3 3 4 1 2 1 2 1 4 1 3 1 3 2 3 3 4 1 3 4 2 4 3 3 3 1 1 3 4 1 1 1 2 1 4 1 3 4 1 1 2 1 1 4 1 4 1 4 1 3 4 4 4 1 1 1 4 1 3
57 0.098440 3 2 3 3 4 3 1 3 3 3 3 3 4 1 3 2 2 3 3 3 1 4 2 3 1 3 2 1 1 4 1 2 1 4 4 1 2 3 3 4 1 2 1 2 1 4 3 3 1 3 2 3 3 4 1 3 4 2 4 3 3 3 1 1 3 4 1 1 1 2 1 4 1 3 4 1 1 2 1 1 4 1 4 1 4 1 3 4 4 4 1 1 1 4 1 3
57 0.012671 3 2 3 3 4 3 1 3 3 3 3 3 4 1 3 2 2 1 3 3 1 4 2 3 1 3 2 1 1 4 1 2 1 4 4 1 2 3 3 4 1 2 1 2 1 4 1 3 1 1 2 3 3 4 1 3 4 2 4 3 3 3 1 1 3 4 1 1 1 2 1 4 1 3 4 1 1 2 1 1 4 1 4 3 4 1 3 4 4 4 1 1 1 4 1 3
57 0.012671 3 2 3 3 4 3 1 3 3 3 3 3 4 1 3 2 2 1 3 3 1 4 2 3 1 3 2 3 1 4 1 2 1 4 4 1 2 3 3 4 1 2 1 2 1 4 1 3 1 3 2 3 3 4 1 3 4 2 4 3 3 3 1 1 3 4 1 1 1 2 1 4 1 3 4 1 1 2 1 1 4 1 4 1 4 1 1 4 4 4 1 1 1 4 1 1
57 0.098440 3 2 3 3 4 3 1 3 3 3 3 3 4 1 3 2 2 1 3 3 1 4 2 3 1 3 2 1 1 4 1 2 1 4 4 1 2 3 3 4 3 2 1 2 1 4 1 3 1 3 2 3 3 4 1 3 4 2 4 3 3 3 1 1 3 4 1 1 1 2 1 4 1 3 4 1 1 2 1 1 4 1 4 1 4 1 3 4 4 4 1 1 1 4 1 3
57 0.012671 3 2 3 3 4 3 1 3 3 3 3 3 4 1 3 2 2 3 3 3 1 4 2 3 1 3 2 1 1 4 1 2 1 4 4 1 2 3 1 4 1 2 1 2 1 4 1 3 1 3 2 3 3 4 1 3 4 2 4 3 3 3 1 1 3 4 1 1 1 2 1 4 1 3 4 1 1 2 1 1 4 1 4 1 4 1 3 4 4 4 1 1 1 4 1 3
57 0.393762 3 2 3 3 4 3 1 3 3 3 3 3 4 1 3 2 2 3 3 3 1 4 2 3 1 3 2 1 1 4 1 2 1 4 4 1 2 3 3 4 1 2 1 2 1 4 1 3 1 3 2 3 3 4 1 3 4 2 4 3 3 3 1 1 3 4 1 1 1 2 1 4 1 3 4 1 1 2 1 1 4 1 4 1 4 1 3 4 4 4 1 1 1 4 1 3
58 0.015919 3 2 3 3 4 3 1 3 1 3 3 3 4 1 3 2 1 3 3 3 1 4 2 3 1 3 2 1 1 4 1 2 1 4 4 1 2 3 3 4 1 2 1 2 1 4 1 3 1 3 2 3 3 4 1 1 4 2 4 3 3 3 1 1 3 4 1 1 1 2 1 4 1 3 4 1 1 2 1 1 4 1 4 1 4 1 3 4 4 4 1 1 1 4 1 3
58 0.015919 3 2 3 3 4 1 1 3 3 3 3 3 4 1 3 2 2 1 3 1 1 4 2 3 1 3 2 1 1 4 1 2 1 4 4 1 2 3 3 4 1 2 1 2 1 4 1 3 1 3 2 3 3 4 1 3 4 2 4 3 3 3 1 1 3 4 1 1 1 2 1 4 1 3 4 1 1 2 1 1 4 1 3 1 4 1 3 4 4 4 1 1 1 4 1 3
58 0.015919 3 2 3 3 4 3 1 3 3 3 3 3 4 1 3 2 2 1 3 3 1 4 2 3 1 3 2 1 1 4 1 2 1 4 4 1 2 3 3 4 1 2 1 2 1 4 1 3 1 3 2 3 3 4 1 3 4 2 4 3 3 3 1 1 3 4 1 1 1 2 1 4 1 3 4 1 1 2 1 1 4 1 4 1 4 1 3 4 4 4 1 1 1 4 1 3
58 0.095192 3 2 3 3 4 3 1 3 3 3 3 3 4 1 3 2 1 3 3 3 1 4 2 3 1 3 2 1 1 4 1 2 1 4 4 1 2 3 3 4 1 2 1 2 1 4 1 3 1 3 2 3 3 4 1 3 2 2 4 3 3 3 1 1 3 4 1 1 1 2 1 4 1 3 4 1 1 2 1 1 4 1 4 1 4 1 3 4 4 4 1 1 1 4 1 3
58 0.015919 3 2 3 3 4 3 1 3 3 3 3 3 4 1 3 2 2 1 3 3 1 4 2 3 1 3 2 1 1 4 1 2 1 4 4 1 2 3 3 4 1 2 1 2 1 4 1 3 1 1 2 3 3 4 1 3 4 2 4 3 3 3 1 1 3 4 1 1 1 2 1 4 1 3 4 1 1 2 1 1 4 1 4 1 4 1 3 4 4 4 1 1 1 4 1 3
58 0.095192 3 2 3 3 4 3 1 3 3 3 3 1 4 1 3 2 2 3 3 3 1 4 2 3 1 3 2 1 1 4 1 2 1 4 4 1 2 3 3 4 1 2 1 2 1 4 1 3 1 3 2 3 3 4 1 3 4 2 4 3 3 3 1 1 3 4 1 1 1 2 1 4 1 3 4 1 1 2 1 1 4 1 4 1 4 1 3 4 4 4 1 1 1 4 1 3
58 0.015919 3 2 3 3 4 3 1 3 3 3 3 3 4 1 3 2 1 3 3 3 1 4 2 3 1 3 2 1 1 4 1 2 1 4 4 1 2 3 3 4 1 2 1 2 3 4 1 3 1 3 2 3 3 4 1 3 4 2 4 3 3 3 1 1 3 4 1 1 1 2 1 4 1 3 4 1 1 2 1 1 4 1 4 1 2 1 3 3 4 4 1 1 1 4 1 3
58 0.095192 3 2 3 3 4 3 3 3 3 3 3 3 4 1 3 2 2 3 3 3 1 4 2 3 1 3 2 1 3 4 1 2 1 4 4 1 2 3 3 4 1 2 1 2 1 4 1 3 1 3 2 3 3 4 1 3 4 2 4 3 3 3 1 1 3 4 1 1 1 2 1 4 1 3 4 1 1 2 1 1 4 1 4 1 4 1 3 4 4 4 1 1 1 4 1 3
58 0.015919 3 2 3 3 4 3 1 3 3 3 3 3 4 1 3 2 2 1 3 3 1 4 2 3 3 3 2 1 1 4 1 2 1 4 4 1 2 3 3 4 1 2 1 2 1 4 1 3 1 3 2 3 3 4 1 3 4 2 4 3 3 3 1 1 3 4 1 1 1 2 1 4 1 3 4 1 1 2 1 1 4 1 4 1 4 1 3 4 4 4 1 1 1 4 1 3
58 0.095192 3 2 3 3 4 3 1 3 3 3 3 3 4 1 3 2 2 3 3 3 1 4 2 3 1 3 2 1 1 4 1 2 1 4 4 1 2 3 3 4 1 2 1 2 1 4 3 3 1 3 2 3 3 4 1 3 4 2 4 3 3 3 1 1 3 4 1 1 1 2 1 4 1 3 4 1 1 2 1 1 4 1 4 1 4 1 3 4 4 4 1 1 1 4 1 3
58 0.015919 3 2 3 3 4 3 1 3 3 3 3 3 4 1 3 2 2 1 3 3 1 4 2 3 1 3 2 1 1 4 1 2 1 4 4 1 2 3 3 4 1 2 1 2 1 4 1 3 1 1 2 3 3 4 1 3 4 2 4 3 3 3 1 1 3 4 1 1 1 2 1 4 1 3 4 1 1 2 1 1 4 1 4 3 4 1 3 4 4 4 1 1 1 4 1 3
58 0.015919 3 2 3 3 4 3 1 3 3 3 3 3 4 1 3 2 2 1 3 3 1 4 2 3 1 3 2 3 1 4 1 2 1 4 4 1 2 3 3 4 1 2 1 2 1 4 1 3 1 3 2 3 3 4 1 3 4 2 4 3 3 3 1 1 3 4 1 1 1 2 1 4 1 3 4 1 1 2 1 1 4 1 4 1 4 1 1 4 4 4 1 1 1 4 1 1
58 0.095192 3 2 3 3 4 3 1 3 3 3 3 3 4 1 3 2 2 1 3 3 1 4 2 3 1 3 2 1 1 4 1 2 1 4 4 1 2 3 3 4 3 2 1 2 1 4 1 3 1 3 2 3 3 4 1 3 4 2 4 3 3 3 1 1 3 4 1 1 1 2 1 4 1 3 4 1 1 2 1 1 4 1 4 1 4 1 3 4 4 4 1 1 1 4 1 3
58 0.015919 3 2 3 3 4 3 1 3 3 3 3 3 4 1 3 2 2 3 3 3 1 4 2 3 1 3 2 1 1 4 1 2 1 4 4 1 2 3 1 4 1 2 1 2 1 4 1 3 1 3 2 3 3 4 1 3 4 2 4 3 3 3 1 1 3 4 1 1 1 2 1 4 1 3 4 1 1 2 1 1 4 1 4 1 4 1 3 4 4 4 1 1 1 4 1 3
58 0.380768 3 2 3 3 4 3 1 3 3 3 3 3 4 1 3 2 2 3 3 3 1 4 2 3 1 3 2 1 1 4 1 2 1 4 4 1 2 3 3 4 1 2 1 2 1 4 1 3 1 3 2 3 3 4 1 3 4 2 4 3 3 3 1 1 3 4 1 1 1 2 1 4 1 3 4 1 1 2 1 1 4 1 4 1 4 1 3 4 4 4 1 1 1 4 1 3
59 0.019791 3 2 3 3 4 3 1 3 1 3 3 3 4 1 3 2 1 3 3 3 1 4 2 3 1 3 2 1 1 4 1 2 1 4 4 1 2 3 3 4 1 2 1 2 1 4 1 3 1 3 2 3 3 4 1 1 4 2 4 3 3 3 1 1 3 4 1 1 1 2 1 4 1 3 4 1 1 2 1 1 4 1 4 1 4 1 3 4 4 4 1 1 1 4 1 3
59 0.019791 3 2 3 3 4 1 1 3 3 3 3 3 4 1 3 2 2 1 3 1 1 4 2 3 1 3 2 1 1 4 1 2 1 4 4 1 2 3 3 4 1 2 1 2 1 4 1 3 1 3 2 3 3 4 1 3 4 2 4 3 3 3 1 1 3 4 1 1 1 2 1 4 1 3 4 1 1 2 1 1 4 1 3 1 4 1 3 4 4 4 1 1 1 4 1 3
59 0.019791 3 2 3 3 4 3 1 3 3 3 3 3 4 1 3 2 2 1 3 3 1 4 2 3 1 3 2 1 1 4 1 2 1 4 4 1 2 3 3 4 1 2 1 2 1 4 1 3 1 3 2 3 3 4 1 3 4 2 4 3 3 3 1 1 3 4 1 1 1 2 1 4 1 3 4 1 1 2 1 1 4 1 4 1 4 1 3 4 4 4 1 1 1 4 1 3
59 0.091320 3 2 3 3 4 3 1 3 3 3 3 3 4 1 3 2 1 3 3 3 1 4 2 3 1 3 2 1 1 4 1 2 1 4 4 1 2 3 3 4 1 2 1 2 1 4 1 3 1 3 2 3 3 4 1 3 2 2 4 3 3 3 1 1 3 4 1 1 1 2 1 4 1 3 4 1 1 2 1 1 4 1 4 1 4 1 3 4 4 4 1 1 1 4 1 3
59 0.019791 3 2 3 3 4 3 1 3 3 3 3 3 4 1 3 2 2 1 3 3 1 4 2 3 1 3 2 1 1 4 1 2 1 4 4 1 2 3 3 4 1 2 1 2 1 4 1 3 1 1 2 3 3 4 1 3 4 2 4 3 3 3 1 1 3 4 1 1 1 2 1 4 1 3 4 1 1 2 1 1 4 1 4 1 4 1 3 4 4 4 1 1 1 4 1 3
59 0.091320 3 2 3 3 4 3 1 3 3 3 3 1 4 1 3 2 2 3 3 3 1 4 2 3 1 3 2 1 1 4 1 2 1 4 4 1 2 3 3 4 1 2 1 2 1 4 1 3 1 3 2 3 3 4 1 3 4 2 4 3 3 3 1 1 3 4 1 1 1 2 1 4 1 3 4 1 1 2 1 1 4 1 4 1 4 1 3 4 4 4 1 1 1 4 1 3
59 0.019791 3 2 3 3 4 3 1 3 3 3 3 3 4 1 3 2 1 3 3 3 1 4 2 3 1 3 2 1 1 4 1 2 1 4 4 1 2 3 3 4 1 2 1 2 3 4 1 3 1 3 2 3 3 4 1 3 4 2 4 3 3 3 1 1 3 4 1 1 1 2 1 4 1 3 4 1 1 2 1 1 4 1 4 1 2 1 3 3 4 4 1 1 1 4 1 3
59 0.091320 3 2 3 3 4 3 3 3 3 3 3 3 4 1 3 2 2 3 3 3 1 4 2 3 1 3 2 1 3 4 1 2 1 4 4 1 2 3 3 4 1 2 1 2 1 4 1 3 1 3 2 3 3 4 1 3 4 2 4 3 3 3 1 1 3 4 1 1 1 2 1 4 1 3 4 1 1 2 1 1 4 1 4 1 4 1 3 4 4 4 1 1 1 4 1 3
59 0.019791 3 2 3 3 4 3 1 3 3 3 3 3 4 1 3 2 2 1 3 3 1 4 2 3 3 3 2 1 1 4 1 2 1 4 4 1 2 3 3 4 1 2 1 2 1 4 1 3 1 3 2 3 3 4 1 3 4 2 4 3 3 3 1 1 3 4 1 1 1 2 1 4 1 3 4 1 1 2 1 1 4 1 4 1 4 1 3 4 4 4 1 1 1 4 1 3
59 0.091320 3 2 3 3 4 3 1 3 3 3 3 3 4 1 3 2 2 3 3 3 1 4 2 3 1 3 2 1 1 4 1 2 1 4 4 1 2 3 3 4 1 2 1 2 1 4 3 3 1 3 2 3 3 4 1 3 4 2 4 3 3 3 1 1 3 4 1 1 1 2 1 4 1 3 4 1 1 2 1 1 4 1 4 1 4 1 3 4 4 4 1 1 1 4 1 3
59 0.019791 3 2 3 3 4 3 1 3 3 3 3 3 4 1 3 2 2 1 3 3 1 4 2 3 1 3 2 1 1 4 1 2 1 4 4 1 2 3 3 4 1 2 1 2 1 4 1 3 1 1 2 3 3 4 1 3 4 2 4 3 3 3 1 1 3 4 1 1 1 2 1 4 1 3 4 1 1 2 1 1 4 1 4 3 4 1 3 4 4 4 1 1 1 4 1 3
59 0.019791 3 2 3 3 4 3 1 3 3 3 3 3 4 1 3 2 2 1 3 3 1 4 2 3 1 3 2 3 1 4 1 2 1 4 4 1 2 3 3 4 1 2 1 2 1 4 1 3 1 3 2 3 3 4 1 3 4 2 4 3 3 3 1 1 3 4 1 1 1 2 1 4 1 3 4 1 1 2 1 1 4 1 4 1 4 1 1 4 4 4 1 1 1 4 1 1
59 0.091320 3 2 3 3 4 3 1 3 3 3 3 3 4 1 3 2 2 1 3 3 1 4 2 3 1 3 2 1 1 4 1 2 1 4 4 1 2 3 3 4 3 2 1 2 1 4 1 3 1 3 2 3 3 4 1 3 4 2 4 3 3 3 1 1 3 4 1 1 1 2 1 4 1 3 4 1 1 2 1 1 4 1 4 1 4 1 3 4 4 4 1 1 1 4 1 3
59 0.019791 3 2 3 3 4 3 1 3 3 3 3 3 4 1 3 2 2 3 3 3 1 4 2 3 1 3 2 1 1 4 1 2 1 4 4 1 2 3 1 4 1 2 1 2 1 4 1 3 1 3 2 3 3 4 1 3 4 2 4 3 3 3 1 1 3 4 1 1 1 2 1 4 1 3 4 1 1 2 1 1 4 1 4 1 4 1 3 4 4 4 1 1 1 4 1 3
59 0.365281 3 2 3 3 4 3 1 3 3 3 3 3 4 1 3 2 2 3 3 3 1 4 2 3 1 3 2 1 1 4 1 2 1 4 4 1 2 3 3 4 1 2 1 2 1 4 1 3 1 3 2 3 3 4 1 3 4 2 4 3 3 3 1 1 3 4 1 1 1 2 1 4 1 3 4 1 1 2 1 1 4 1 4 1 4 1 3 4 4 4 1 1 1 4 1 3
60 0.024326 3 2 3 3 4 3 1 3 1 3 3 3 4 1 3 2 1 3 3 3 1 4 2 3 1 3 2 1 1 4 1 2 1 4 4 1 2 3 3 4 1 2 1 2 1 4 1 3 1 3 2 3 3 4 1 1 4 2 4 3 3 3 1 1 3 4 1 1 1 2 1 4 1 3 4 1 1 2 1 1 4 1 4 1 4 1 3 4 4 4 1 1 1 4 1 3
60 0.024326 3 2 3 3 4 1 1 3 3 3 3 3 4 1 3 2 2 1 3 1 1 4 2 3 1 3 2 1 1 4 1 2 1 4 4 1 2 3 3 4 1 2 1 2 1 4 1 3 1 3 2 3 3 4 1 3 4 2 4 3 3 3 1 1 3 4 1 1 1 2 1 4 1 3 4 1 1 2 1 1 4 1 3 1 4 1 3 4 4 4 1 1 1 4 1 3
60 0.024326 3 2 3 3 4 3 1 3 3 3 3 3 4 1 3 2 2 1 3 3 1 4 2 3 1 3 2 1 1 4 1 2 1 4 4 1 2 3 3 4 1 2 1 2 1 4 1 3 1 3 2 3 3 4 1 3 4 2 4 3 3 3 1 1 3 4 1 1 1 2 1 4 1 3 4 1 1 2 1 1 4 1 4 1 4 1 3 4 4 4 1 1 1 4 1 3
60 0.086785 3 2 3 3 4 3 1 3 3 3 3 3 4 1 3 2 1 3 3 3 1 4 2 3 1 3 2 1 1 4 1 2 1 4 4 1 2 3 3 4 1 2 1 2 1 4 1 3 1 3 2 3 3 4 1 3 2 2 4 3 3 3 1 1 3 4 1 1 1 2 1 4 1 3 4 1 1 2 1 1 4 1 4 1 4 1 3 4 4 4 1 1 1 4 1 3
60 0.024326 3 2 3 3 4 3 1 3 3 3 3 3 4 1 3 2 2 1 3 3 1 4 2 3 1 3 2 1 1 4 1 2 1 4 4 1 2 3 3 4 1 2 1 2 1 4 1 3 1 1 2 3 3 4 1 3 4 2 4 3 3 3 1 1 3 4 1 1 1 2 1 4 1 3 4 1 1 2 1 1 4 1 4 1 4 1 3 4 4 4 1 1 1 4 1 3
60 0.086785 3 2 3 3 4 3 1 3 3 3 3 1 4 1 3 2 2 3 3 3 1 4 2 3 1 3 2 1 1 4 1 2 1 4 4 1 2 3 3 4 1 2 1 2 1 4 1 3 1 3 2 3 3 4 1 3 4 2 4 3 3 3 1 1 3 4 1 1 1 2 1 4 1 3 4 1 1 2 1 1 4 1 4 1 4 1 3 4 4 4 1 1 1 4 1 3
60 0.024326 3 2 3 3 4 3 1 3 3 3 3 3 4 1 3 2 1 3 3 3 1 4 2 3 1 3 2 1 1 4 1 2 1 4 4 1 2 3 3 4 1 2 1 2 3 4 1 3 1 3 2 3 3 4 1 3 4 2 4 3 3 3 1 1 3 4 1 1 1 2 1 4 1 3 4 1 1 2 1 1 4 1 4 1 2 1 3 3 4 4 1 1 1 4 1 3
60 0.086785 3 2 3 3 4 3 3 3 3 3 3 3 4 1 3 2 2 3 3 3 1 4 2 3 1 3 2 1 3 4 1 2 1 4 4 1 2 3 3 4 1 2 1 2 1 4 1 3 1 3 2 3 3 4 1 3 4 2 4 3 3 3 1 1 3 4 1 1 1 2 1 4 1 3 4 1 1 2 1 1 4 1 4 1 4 1 3 4 4 4 1 1 1 4 1 3
60 0.024326 3 2 3 3 4 3 1 3 3 3 3 3 4 1 3 2 2 1 3 3 1 4 2 3 3 3 2 1 1 4 1 2 1 4 4 1 2 3 3 4 1 2 1 2 1 4 1 3 1 3 2 3 3 4 1 3 4 2 4 3 3 3 1 1 3 4 1 1 1 2 1 4 1 3 4 1 1 2 1 1 4 1 4 1 4 1 3 4 4 4 1 1 1 4 1 3
60 0.086785 3 2 3 3 4 3 1 3 3 3 3 3 4 1 3 2 2 3 3 3 1 4 2 3 1 3 2 1 1 4 1 2 1 4 4 1 2 3 3 4 1 2 1 2 1 4 3 3 1 3 2 3 3 4 1 3 4 2 4 3 3 3 1 1 3 4 1 1 1 2 1 4 1 3 4 1 1 2 1 1 4 1 4 1 4 1 3 4 4 4 1 1 1 4 1 3
60 0.024326 3 2 3 3 4 3 1 3 3 3 3 3 4 1 3 2 2 1 3 3 1 4 2 3 1 3 2 1 1 4 1 2 1 4 4 1 2 3 3 4 1 2 1 2 1 4 1 3 1 1 2 3 3 4 1 3 4 2 4 3 3 3 1 1 3 4 1 1 1 2 1 4 1 3 4 1 1 2 1 1 4 1 4 3 4 1 3 4 4 4 1 1 1 4 1 3
60 0.024326 3 2 3 3 4 3 1 3 3 3 3 3 4 1 3 2 2 1 3 3 1 4 2 3 1 3 2 3 1 4 1 2 1 4 4 1 2 3 3 4 1 2 1 2 1 4 1 3 1 3 2 3 3 4 1 3 4 2 4 3 3 3 1 1 3 4 1 1 1 2 1 4 1 3 4 1 1 2 1 1 4 1 4 1 4 1 1 4 4 4 1 1 1 4 1 1
60 0.086785 3 2 3 3 4 3 1 3 3 3 3 3 4 1 3 2 2 1 3 3 1 4 2 3 1 3 2 1 1 4 1 2 1 4 4 1 2 3 3 4 3 2 1 2 1 4 1 3 1 3 2 3 3 4 1 3 4 2 4 3 3 3 1 1 3 4 1 1 1 2 1 4 1 3 4 1 1 2 1 1 4 1 4 1 4 1 3 4 4 4 1 1 1 4 1 3
60 0.024326 3 2 3 3 4 3 1 3 3 3 3 3 4 1 3 2 2 3 3 3 1 4 2 3 1 3 2 1 1 4 1 2 1 4 4 1 2 3 1 4 1 2 1 2 1 4 1 3 1 3 2 3 3 4 1 3 4 2 4 3 3 3 1 1 3 4 1 1 1 2 1 4 1 3 4 1 1 2 1 1 4 1 4 1 4 1 3 4 4 4 1 1 1 4 1 3
60 0.347139 3 2 3 3 4 3 1 3 3 3 3 3 4 1 3 2 2 3 3 3 1 4 2 3 1 3 2 1 1 4 1 2 1 4 4 1 2 3 3 4 1 2 1 2 1 4 1 3 1 3 2 3 3 4 1 3 4 2 4 3 3 3 1 1 3 4 1 1 1 2 1 4 1 3 4 1 1 2 1 1 4 1 4 1 4 1 3 4 4 4 1 1 1 4 1 3
61 0.029534 3 2 3 3 4 3 1 3 1 3 3 3 4 1 3 2 1 3 3 3 1 4 2 3 1 3 2 1 1 4 1 2 1 4 4 1 2 3 3 4 1 2 1 2 1 4 1 3 1 3 2 3 3 4 1 1 4 2 4 3 3 3 1 1 3 4 1 1 1 2 1 4 1 3 4 1 1 2 1 1 4 1 4 1 4 1 3 4 4 4 1 1 1 4 1 3
61 0.029534 3 2 3 3 4 1 1 3 3 3 3 3 4 1 3 2 2 1 3 1 1 4 2 3 1 3 2 1 1 4 1 2 1 4 4 1 2 3 3 4 1 2 1 2 1 4 1 3 1 3 2 3 3 4 1 3 4 2 4 3 3 3 1 1 3 4 1 1 1 2 1 4 1 3 4 1 1 2 1 1 4 1 3 1 4 1 3 4 4 4 1 1 1 4 1 3
61 0.029534 3 2 3 3 4 3 1 3 3 3 3 3 4 1 3 2 2 1 3 3 1 4 2 3 1 3 2 1 1 4 1 2 1 4 4 1 2 3 3 4 1 2 1 2 1 4 1 3 1 3 2 3 3 4 1 3 4 2 4 3 3 3 1 1 3 4 1 1 1 2 1 4 1 3 4 1 1 2 1 1 4 1 4 1 4 1 3 4 4 4 1 1 1 4 1 3
61 0.081577 3 2 3 3 4 3 1 3 3 3 3 3 4 1 3 2 1 3 3 3 1 4 2 3 1 3 2 1 1 4 1 2 1 4 4 1 2 3 3 4 1 2 1 2 1 4 1 3 1 3 2 3 3 4 1 3 2 2 4 3 3 3 1 1 3 4 1 1 1 2 1 4 1 3 4 1 1 2 1 1 4 1 4 1 4 1 3 4 4 4 1 1 1 4 1 3
61 0.029534 3 2 3 3 4 3 1 3 3 3 3 3 4 1 3 2 2 1 3 3 1 4 2 3 1 3 2 1 1 4 1 2 1 4 4 1 2 3 3 4 1 2 1 2 1 4 1 3 1 1 2 3 3 4 1 3 4 2 4 3 3 3 1 1 3 4 1 1 1 2 1 4 1 3 4 1 1 2 1 1 4 1 4 1 4 1 3 4 4 4 1 1 1 4 1 3
61 0.081577 3 2 3 3 4 3 1 3 3 3 3 1 4 1 3 2 2 3 3 3 1 4 2 3 1 3 2 1 1 4 1 2 1 4 4 1 2 3 3 4 1 2 1 2 1 4 1 3 1 3 2 3 3 4 1 3 4 2 4 3 3 3 1 1 3 4 1 1 1 2 1 4 1 3 4 1 1 2 1 1 4 1 4 1 4 1 3 4 4 4 1 1 1 4 1 3
61 0.029534 3 2 3 3 4 3 1 3 3 3 3 3 4 1 3 2 1 3 3 3 1 4 2 3 1 3 2 1 1 4 1 2 1 4 4 1 2 3 3 4 1 2 1 2 3 4 1 3 1 3 2 3 3 4 1 3 4 2 4 3 3 3 1 1 3 4 1 1 1 2 1 4 1 3 4 1 1 2 1 1 4 1 4 1 2 1 3 3 4 4 1 1 1 4 1 3
61 0.081577 3 2 3 3 4 3 3 3 3 3 3 3 4 1 3 2 2 3 3 3 1 4 2 3 1 3 2 1 3 4 1 2 1 4 4 1 2 3 3 4 1 2 1 2 1 4 1 3 1 3 2 3 3 4 1 3 4 2 4 3 3 3 1 1 3 4 1 1 1 2 1 4 1 3 4 1 1 2 1 1 4 1 4 1 4 1 3 4 4 4 1 1 1 4 1 3
61 0.029534 3 2 3 3 4 3 1 3 3 3 3 3 4 1 3 2 2 1 3 3 1 4 2 3 3 3 2 1 1 4 1 2 1 4 4 1 2 3 3 4 1 2 1 2 1 4 1 3 1 3 2 3 3 4 1 3 4 2 4 3 3 3 1 1 3 4 1 1 1 2 1 4 1 3 4 1 1 2 1 1 4 1 4 1 4 1 3 4 4 4 1 1 1 4 1 3
61 0.081577 3 2 3 3 4 3 1 3 3 3 3 3 4 1 3 2 2 3 3 3 1 4 2 3 1 3 2 1 1 4 1 2 1 4 4 1 2 3 3 4 1 2 1 2 1 4 3 3 1 3 2 3 3 4 1 3 4 2 4 3 3 3 1 1 3 4 1 1 1 2 1 4 1 3 4 1 1 2 1 1 4 1 4 1 4 1 3 4 4 4 1 1 1 4 1 3
61 0.029534 3 2 3 3 4 3 1 3 3 3 3 3 4 1 3 2 2 1 3 3 1 4 2 3 1 3 2 1 1 4 1 2 1 4 4 1 2 3 3 4 1 2 1 2 1 4 1 3 1 1 2 3 3 4 1 3 4 2 4 3 3 3 1 1 3 4 1 1 1 2 1 4 1 3 4 1 1 2 1 1 4 1 4 3 4 1 3 4 4 4 1 1 1 4 1 3
61 0.029534 3 2 3 3 4 3 1 3 3 3 3 3 4 1 3 2 2 1 3 3 1 4 2 3 1 3 2 3 1 4 1 2 1 4 4 1 2 3 3 4 1 2 1 2 1 4 1 3 1 3 2 3 3 4 1 3 4 2 4 3 3 3 1 1 3 4 1 1 1 2 1 4 1 3 4 1 1 2 1 1 4 1 4 1 4 1 1 4 4 4 1 1 1 4 1 1
61 0.081577 3 2 3 3 4 3 1 3 3 3 3 3 4 1 3 2 2 1 3 3 1 4 2 3 1 3 2 1 1 4 1 2 1 4 4 1 2 3 3 4 3 2 1 2 1 4 1 3 1 3 2 3 3 4 1 3 4 2 4 3 3 3 1 1 3 4 1 1 1 2 1 4 1 3 4 1 1 2 1 1 4 1 4 1 4 1 3 4 4 4 1 1 1 4 1 3
61 0.029534 3 2 3 3 4 3 1 3 3 3 3 3 4 1 3 2 2 3 3 3 1 4 2 3 1 3 2 1 1 4 1 2 1 4 4 1 2 3 1 4 1 2 1 2 1 4 1 3 1 3 2 3 3 4 1 3 4 2 4 3 3 3 1 1 3 4 1 1 1 2 1 4 1 3 4 1 1 2 1 1 4 1 4 1 4 1 3 4 4 4 1 1 1 4 1 3
61 0.326308 3 2 3 3 4 3 1 3 3 3 3 3 4 1 3 2 2 3 3 3 1 4 2 3 1 3 2 1 1 4 1 2 1 4 4 1 2 3 3 4 1 2 1 2 1 4 1 3 1 3 2 3 3 4 1 3 4 2 4 3 3 3 1 1 3 4 1 1 1 2 1 4 1 3 4 1 1 2 1 1 4 1 4 1 4 1 3 4 4 4 1 1 1 4 1 3
62 0.035377 3 2 3 3 4 3 1 3 1 3 3 3 4 1 3 2 1 3 3 3 1 4 2 3 1 3 2 1 1 4 1 2 1 4 4 1 2 3 3 4 1 2 1 2 1 4 1 3 1 3 2 3 3 4 1 1 4 2 4 3 3 3 1 1 3 4 1 1 1 2 1 4 1 3 4 1 1 2 1 1 4 1 4 1 4 1 3 4 4 4 1 1 1 4 1 3
62 0.035377 3 2 3 3 4 1 1 3 3 3 3 3 4 1 3 2 2 1 3 1 1 4 2 3 1 3 2 1 1 4 1 2 1 4 4 1 2 3 3 4 1 2 1 2 1 4 1 3 1 3 2 3 3 4 1 3 4 2 4 3 3 3 1 1 3 4 1 1 1 2 1 4 1 3 4 1 1 2 1 1 4 1 3 1 4 1 3 4 4 4 1 1 1 4 1 3
62 0.035377 3 2 3 3 4 3 1 3 3 3 3 3 4 1 3 2 2 1 3 3 1 4 2 3 1 3 2 1 1 4 1 2 1 4 4 1 2 3 3 4 1 2 1 2 1 4 1 3 1 3 2 3 3 4 1 3 4 2 4 3 3 3 1 1 3 4 1 1 1 2 1 4 1 3 4 1 1 2 1 1 4 1 4 1 4 1 3 4 4 4 1 1 1 4 1 3
62 0.075734 3 2 3 3 4 3 1 3 3 3 3 3 4 1 3 2 1 3 3 3 1 4 2 3 1 3 2 1 1 4 1 2 1 4 4 1 2 3 3 4 1 2 1 2 1 4 1 3 1 3 2 3 3 4 1 3 2 2 4 3 3 3 1 1 3 4 1 1 1 2 1 4 1 3 4 1 1 2 1 1 4 1 4 1 4 1 3 4 4 4 1 1 1 4 1 3
62 0.035377 3 2 3 3 4 3 1 3 3 3 3 3 4 1 3 2 2 1 3 3 1 4 2 3 1 3 2 1 1 4 1 2 1 4 4 1 2 3 3 4 1 2 1 2 1 4 1 3 1 1 2 3 3 4 1 3 4 2 4 3 3 3 1 1 3 4 1 1 1 2 1 4 1 3 4 1 1 2 1 1 4 1 4 1 4 1 3 4 4 4 1 1 1 4 1 3
62 0.075734 3 2 3 3 4 3 1 3 3 3 3 1 4 1 3 2 2 3 3 3 1 4 2 3 1 3 2 1 1 4 1 2 1 4 4 1 2 3 3 4 1 2 1 2 1 4 1 3 1 3 2 3 3 4 1 3 4 2 4 3 3 3 1 1 3 4 1 1 1 2 1 4 1 3 4 1 1 2 1 1 4 1 4 1 4 1 3 4 4 4 1 1 1 4 1 3
62 0.035377 3 2 3 3 4 3 1 3 3 3 3 3 4 1 3 2 1 3 3 3 1 4 2 3 1 3 2 1 1 4 1 2 1 4 4 1 2 3 3 4 1 2 1 2 3 4 1 3 1 3 2 3 3 4 1 3 4 2 4 3 3 3 1 1 3 4 1 1 1 2 1 4 1 3 4 1 1 2 1 1 4 1 4 1 2 1 3 3 4 4 1 1 1 4 1 3
62 0.075734 3 2 3 3 4 3 3 3 3 3 3 3 4 1 3 2 2 3 3 3 1 4 2 3 1 3 2 1 3 4 1 2 1 4 4 1 2 3 3 4 1 2 1 2 1 4 1 3 1 3 2 3 3 4 1 3 4 2 4 3 3 3 1 1 3 4 1 1 1 2 1 4 1 3 4 1 1 2 1 1 4 1 4 1 4 1 3 4 4 4 1 1 1 4 1 3
62 0.035377 3 2 3 3 4 3 1 3 3 3 3 3 4 1 3 2 2 1 3 3 1 4 2 3 3 3 2 1 1 4 1 2 1 4 4 1 2 3 3 4 1 2 1 2 1 4 1 3 1 3 2 3 3 4 1 3 4 2 4 3 3 3 1 1 3 4 1 1 1 2 1 4 1 3 4 1 1 2 1 1 4 1 4 1 4 1 3 4 4 4 1 1 1 4 1 3
62 0.075734 3 2 3 3 4 3 1 3 3 3 3 3 4 1 3 2 2 3 3 3 1 4 2 3 1 3 2 1 1 4 1 2 1 4 4 1 2 3 3 4 1 2 1 2 1 4 3 3 1 3 2 3 3 4 1 3 4 2 4 3 3 3 1 1 3 4 1 1 1 2 1 4 1 3 4 1 1 2 1 1 4 1 4 1 4 1 3 4 4 4 1 1 1 4 1 3
62 0.035377 3 2 3 3 4 3 1 3 3 3 3 3 4 1 3 2 2 1 3 3 1 4 2 3 1 3 2 1 1 4 1 2 1 4 4 1 2 3 3 4 1 2 1 2 1 4 1 3 1 1 2 3 3 4 1 3 4 2 4 3 3 3 1 1 3 4 1 1 1 2 1 4 1 3 4 1 1 2 1 1 4 1 4 3 4 1 3 4 4 4 1 1 1 4 1 3
62 0.035377 3 2 3 3 4 3 1 3 3 3 3 3 4 1 3 2 2 1 3 3 1 4 2 3 1 3 2 3 1 4 1 2 1 4 4 1 2 3 3 4 1 2 1 2 1 4 1 3 1 3 2 3 3 4 1 3 4 2 4 3 3 3 1 1 3 4 1 1 1 2 1 4 1 3 4 1 1 2 1 1 4 1 4 1 4 1 1 4 4 4 1 1 1 4 1 1
62 0.075734 3 2 3 3 4 3 1 3 3 3 3 3 4 1 3 2 2 1 3 3 1 4 2 3 1 3 2 1 1 4 1 2 1 4 4 1 2 3 3 4 3 2 1 2 1 4 1 3 1 3 2 3 3 4 1 3 4 2 4 3 3 3 1 1 3 4 1 1 1 2 1 4 1 3 4 1 1 2 1 1 4 1 4 1 4 1 3 4 4 4 1 1 1 4 1 3
62 0.035377 3 2 3 3 4 3 1 3 3 3 3 3 4 1 3 2 2 3 3 3 1 4 2 3 1 3 2 1 1 4 1 2 1 4 4 1 2 3 1 4 1 2 1 2 1 4 1 3 1 3 2 3 3 4 1 3 4 2 4 3 3 3 1 1 3 4 1 1 1 2 1 4 1 3 4 1 1 2 1 1 4 1 4 1 4 1 3 4 4 4 1 1 1 4 1 3
62 0.302938 3 2 3 3 4 3 1 3 3 3 3 3 4 1 3 2 2 3 3 3 1 4 2 3 1 3 2 1 1 4 1 2 1 4 4 1 2 3 3 4 1 2 1 2 1 4 1 3 1 3 2 3 3 4 1 3 4 2 4 3 3 3 1 1 3 4 1 1 1 2 1 4 1 3 4 1 1 2 1 1 4 1 4 1 4 1 3 4 4 4 1 1 1 4 1 3
63 0.041764 3 2 3 3 4 3 1 3 1 3 3 3 4 1 3 2 1 3 3 3 1 4 2 3 1 3 2 1 1 4 1 2 1 4 4 1 2 3 3 4 1 2 1 2 1 4 1 3 1 3 2 3 3 4 1 1 4 2 4 3 3 3 1 1 3 4 1 1 1 2 1 4 1 3 4 1 1 2 1 1 4 1 4 1 4 1 3 4 4 4 1 1 1 4 1 3
63 0.041764 3 2 3 3 4 1 1 3 3 3 3 3 4 1 3 2 2 1 3 1 1 4 2 3 1 3 2 1 1 4 1 2 1 4 4 1 2 3 3 4 1 2 1 2 1 4 1 3 1 3 2 3 3 4 1 3 4 2 4 3 3 3 1 1 3 4 1 1 1 2 1 4 1 3 4 1 1 2 1 1 4 1 3 1 4 1 3 4 4 4 1 1 1 4 1 3
63 0.041764 3 2 3 3 4 3 1 3 3 3 3 3 4 1 3 2 2 1 3 3 1 4 2 3 1 3 2 1 1 4 1 2 1 4 4 1 2 3 3 4 1 2 1 2 1 4 1 3 1 3 2 3 3 4 1 3 4 2 4 3 3 3 1 1 3 4 1 1 1 2 1 4 1 3 4 1 1 2 1 1 4 1 4 1 4 1 3 4 4 4 1 1 1 4 1 3
63 0.069347 3 2 3 3 4 3 1 3 3 3 3 3 4 1 3 2 1 3 3 3 1 4 2 3 1 3 2 1 1 4 1 2 1 4 4 1 2 3 3 4 1 2 1 2 1 4 1 3 1 3 2 3 3 4 1 3 2 2 4 3 3 3 1 1 3 4 1 1 1 2 1 4 1 3 4 1 1 2 1 1 4 1 4 1 4 1 3 4 4 4 1 1 1 4 1 3
63 0.041764 3 2 3 3 4 3 1 3 3 3 3 3 4 1 3 2 2 1 3 3 1 4 2 3 1 3 2 1 1 4 1 2 1 4 4 1 2 3 3 4 1 2 1 2 1 4 1 3 1 1 2 3 3 4 1 3 4 2 4 3 3 3 1 1 3 4 1 1 1 2 1 4 1 3 4 1 1 2 1 1 4 1 4 1 4 1 3 4 4 4 1 1 1 4 1 3
63 0.069347 3 2 3 3 4 3 1 3 3 3 3 1 4 1 3 2 2 3 3 3 1 4 2 3 1 3 2 1 1 4 1 2 1 4 4 1 2 3 3 4 1 2 1 2 1 4 1 3 1 3 2 3 3 4 1 3 4 2 4 3 3 3 1 1 3 4 1 1 1 2 1 4 1 3 4 1 1 2 1 1 4 1 4 1 4 1 3 4 4 4 1 1 1 4 1 3
63 0.041764 3 2 3 3 4 3 1 3 3 3 3 3 4 1 3 2 1 3 3 3 1 4 2 3 1 3 2 1 1 4 1 2 1 4 4 1 2 3 3 4 1 2 1 2 3 4 1 3 1 3 2 3 3 4 1 3 4 2 4 3 3 3 1 1 3 4 1 1 1 2 1 4 1 3 4 1 1 2 1 1 4 1 4 1 2 1 3 3 4 4 1 1 1 4 1 3
63 0.069347 3 2 3 3 4 3 3 3 3 3 3 3 4 1 3 2 2 3 3 3 1 4 2 3 1 3 2 1 3 4 1 2 1 4 4 1 2 3 3 4 1 2 1 2 1 4 1 3 1 3 2 3 3 4 1 3 4 2 4 3 3 3 1 1 3 4 1 1 1 2 1 4 1 3 4 1 1 2 1 1 4 1 4 1 4 1 3 4 4 4 1 1 1 4 1 3
63 0.041764 3 2 3 3 4 3 1 3 3 3 3 3 4 1 3 2 2 1 3 3 1 4 2 3 3 3 2 1 1 4 1 2 1 4 4 1 2 3 3 4 1 2 1 2 1 4 1 3 1 3 2 3 3 4 1 3 4 2 4 3 3 3 1 1 3 4 1 1 1 2 1 4 1 3 4 1 1 2 1 1 4 1 4 1 4 1 3 4 4 4 1 1 1 4 1 3
63 0.069347 3 2 3 3 4 3 1 3 3 3 3 3 4 1 3 2 2 3 3 3 1 4 2 3 1 3 2 1 1 4 1 2 1 4 4 1 2 3 3 4 1 2 1 2 1 4 3 3 1 3 2 3 3 4 1 3 4 2 4 3 3 3 1 1 3 4 1 1 1 2 1 4 1 3 4 1 1 2 1 1 4 1 4 1 4 1 3 4 4 4 1 1 1 4 1 3
63 0.041764 3 2 3 3 4 3 1 3 3 3 3 3 4 1 3 2 2 1 3 3 1 4 2 3 1 3 2 1 1 4 1 2 1 4 4 1 2 3 3 4 1 2 1 2 1 4 1 3 1 1 2 3 3 4 1 3 4 2 4 3 3 3 1 1 3 4 1 1 1 2 1 4 1 3 4 1 1 2 1 1 4 1 4 3 4 1 3 4 4 4 1 1 1 4 1 3
63 0.041764 3 2 3 3 4 3 1 3 3 3 3 3 4 1 3 2 2 1 3 3 1 4 2 3 1 3 2 3 1 4 1 2 1 4 4 1 2 3 3 4 1 2 1 2 1 4 1 3 1 3 2 3 3 4 1 3 4 2 4 3 3 3 1 1 3 4 1 1 1 2 1 4 1 3 4 1 1 2 1 1 4 1 4 1 4 1 1 4 4 4 1 1 1 4 1 1
63 0.069347 3 2 3 3 4 3 1 3 3 3 3 3 4 1 3 2 2 1 3 3 1 4 2 3 1 3 2 1 1 4 1 2 1 4 4 1 2 3 3 4 3 2 1 2 1 4 1 3 1 3 2 3 3 4 1 3 4 2 4 3 3 3 1 1 3 4 1 1 1 2 1 4 1 3 4 1 1 2 1 1 4 1 4 1 4 1 3 4 4 4 1 1 1 4 1 3
63 0.041764 3 2 3 3 4 3 1 3 3 3 3 3 4 1 3 2 2 3 3 3 1 4 2 3 1 3 2 1 1 4 1 2 1 4 4 1 2 3 1 4 1 2 1 2 1 4 1 3 1 3 2 3 3 4 1 3 4 2 4 3 3 3 1 1 3 4 1 1 1 2 1 4 1 3 4 1 1 2 1 1 4 1 4 1 4 1 3 4 4 4 1 1 1 4 1 3
63 0.277387 3 2 3 3 4 3 1 3 3 3 3 3 4 1 3 2 2 3 3 3 1 4 2 3 1 3 2 1 1 4 1 2 1 4 4 1 2 3 3 4 1 2 1 2 1 4 1 3 1 3 2 3 3 4 1 3 4 2 4 3 3 3 1 1 3 4 1 1 1 2 1 4 1 3 4 1 1 2 1 1 4 1 4 1 4 1 3 4 4 4 1 1 1 4 1 3
64 0.048553 3 2 3 3 4 3 1 3 1 3 3 3 4 1 3 2 1 3 3 3 1 4 2 3 1 3 2 1 1 4 1 2 1 4 4 1 2 3 3 4 1 2 1 2 1 4 1 3 1 3 2 3 3 4 1 1 4 2 4 3 3 3 1 1 3 4 1 1 1 2 1 4 1 3 4 1 1 2 1 1 4 1 4 1 4 1 3 4 4 4 1 1 1 4 1 3
64 0.048553 3 2 3 3 4 1 1 3 3 3 3 3 4 1 3 2 2 1 3 1 1 4 2 3 1 3 2 1 1 4 1 2 1 4 4 1 2 3 3 4 1 2 1 2 1 4 1 3 1 3 2 3 3 4 1 3 4 2 4 3 3 3 1 1 3 4 1 1 1 2 1 4 1 3 4 1 1 2 1 1 4 1 3 1 4 1 3 4 4 4 1 1 1 4 1 3
64 0.048553 3 2 3 3 4 3 1 3 3 3 3 3 4 1 3 2 2 1 3 3 1 4 2 3 1 3 2 1 1 4 1 2 1 4 4 1 2 3 3 4 1 2 1 2 1 4 1 3 1 3 2 3 3 4 1 3 4 2 4 3 3 3 1 1 3 4 1 1 1 2 1 4 1 3 4 1 1 2 1 1 4 1 4 1 4 1 3 4 4 4 1 1 1 4 1 3
64 0.062558 3 2 3 3 4 3 1 3 3 3 3 3 4 1 3 2 1 3 3 3 1 4 2 3 1 3 2 1 1 4 1 2 1 4 4 1 2 3 3 4 1 2 1 2 1 4 1 3 1 3 2 3 3 4 1 3 2 2 4 3 3 3 1 1 3 4 1 1 1 2 1 4 1 3 4 1 1 2 1 1 4 1 4 1 4 1 3 4 4 4 1 1 1 4 1 3
64 0.048553 3 2 3 3 4 3 1 3 3 3 3 3 4 1 3 2 2 1 3 3 1 4 2 3 1 3 2 1 1 4 1 2 1 4 4 1 2 3 3 4 1 2 1 2 1 4 1 3 1 1 2 3 3 4 1 3 4 2 4 3 3 3 1 1 3 4 1 1 1 2 1 4 1 3 4 1 1 2 1 1 4 1 4 1 4 1 3 4 4 4 1 1 1 4 1 3
64 0.062558 3 2 3 3 4 3 1 3 3 3 3 1 4 1 3 2 2 3 3 3 1 4 2 3 1 3 2 1 1 4 1 2 1 4 4 1 2 3 3 4 1 2 1 2 1 4 1 3 1 3 2 3 3 4 1 3 4 2 4 3 3 3 1 1 3 4 1 1 1 2 1 4 1 3 4 1 1 2 1 1 4 1 4 1 4 1 3 4 4 4 1 1 1 4 1 3
64 0.048553 3 2 3 3 4 3 1 3 3 3 3 3 4 1 3 2 1 3 3 3 1 4 2 3 1 3 2 1 1 4 1 2 1 4 4 1 2 3 3 4 1 2 1 2 3 4 1 3 1 3 2 3 3 4 1 3 4 2 4 3 3 3 1 1 3 4 1 1 1 2 1 4 1 3 4 1 1 2 1 1 4 1 4 1 2 1 3 3 4 4 1 1 1 4 1 3
64 0.062558 3 2 3 3 4 3 3 3 3 3 3 3 4 1 3 2 2 3 3 3 1 4 2 3 1 3 2 1 3 4 1 2 1 4 4 1 2 3 3 4 1 2 1 2 1 4 1 3 1 3 2 3 3 4 1 3 4 2 4 3 3 3 1 1 3 4 1 1 1 2 1 4 1 3 4 1 1 2 1 1 4 1 4 1 4 1 3 4 4 4 1 1 1 4 1 3
64 0.048553 3 2 3 3 4 3 1 3 3 3 3 3 4 1 3 2 2 1 3 3 1 4 2 3 3 3 2 1 1 4 1 2 1 4 4 1 2 3 3 4 1 2 1 2 1 4 1 3 1 3 2 3 3 4 1 3 4 2 4 3 3 3 1 1 3 4 1 1 1 2 1 4 1 3 4 1 1 2 1 1 4 1 4 1 4 1 3 4 4 4 1 1 1 4 1 3
64 0.062558 3 2 3 3 4 3 1 3 3 3 3 3 4 1 3 2 2 3 3 3 1 4 2 3 1 3 2 1 1 4 1 2 1 4 4 1 2 3 3 4 1 2 1 2 1 4 3 3 1 3 2 3 3 4 1 3 4 2 4 3 3 3 1 1 3 4 1 1 1 2 1 4 1 3 4 1 1 2 1 1 4 1 4 1 4 1 3 4 4 4 1 1 1 4 1 3
64 0.048553 3 2 3 3 4 3 1 3 3 3 3 3 4 1 3 2 2 1 3 3 1 4 2 3 1 3 2 1 1 4 1 2 1 4 4 1 2 3 3 4 1 2 1 2 1 4 1 3 1 1 2 3 3 4 1 3 4 2 4 3 3 3 1 1 3 4 1 1 1 2 1 4 1 3 4 1 1 2 1 1 4 1 4 3 4 1 3 4 4 4 1 1 1 4 1 3
64 0.048553 3 2 3 3 4 3 1 3 3 3 3 3 4 1 3 2 2 1 3 3 1 4 2 3 1 3 2 3 1 4 1 2 1 4 4 1 2 3 3 4 1 2 1 2 1 4 1 3 1 3 2 3 3 4 1 3 4 2 4 3 3 3 1 1 3 4 1 1 1 2 1 4 1 3 4 1 1 2 1 1 4 1 4 1 4 1 1 4 4 4 1 1 1 4 1 1
64 0.062558 3 2 3 3 4 3 1 3 3 3 3 3 4 1 3 2 2 1 3 3 1 4 2 3 1 3 2 1 1 4 1 2 1 4 4 1 2 3 3 4 3 2 1 2 1 4 1 3 1 3 2 3 3 4 1 3 4 2 4 3 3 3 1 1 3 4 1 1 1 2 1 4 1 3 4 1 1 2 1 1 4 1 4 1 4 1 3 4 4 4 1 1 1 4 1 3
64 0.048553 3 2 3 3 4 3 1 3 3 3 3 3 4 1 3 2 2 3 3 3 1 4 2 3 1 3 2 1 1 4 1 2 1 4 4 1 2 3 1 4 1 2 1 2 1 4 1 3 1 3 2 3 3 4 1 3 4 2 4 3 3 3 1 1 3 4 1 1 1 2 1 4 1 3 4 1 1 2 1 1 4 1 4 1 4 1 3 4 4 4 1 1 1 4 1 3
64 0.250231 3 2 3 3 4 3 1 3 3 3 3 3 4 1 3 2 2 3 3 3 1 4 2 3 1 3 2 1 1 4 1 2 1 4 4 1 2 3 3 4 1 2 1 2 1 4 1 3 1 3 2 3 3 4 1 3 4 2 4 3 3 3 1 1 3 4 1 1 1 2 1 4 1 3 4 1 1 2 1 1 4 1 4 1 4 1 3 4 4 4 1 1 1 4 1 3
65 0.055556 3 2 3 3 4 3 1 3 1 3 3 3 4 1 3 2 1 3 3 3 1 4 2 3 1 3 2 1 1 4 1 2 1 4 4 1 2 3 3 4 1 2 1 2 1 4 1 3 1 3 2 3 3 4 1 1 4 2 4 3 3 3 1 1 3 4 1 1 1 2 1 4 1 3 4 1 1 2 1 1 4 1 4 1 4 1 3 4 4 4 1 1 1 4 1 3
65 0.055556 3 2 3 3 4 1 1 3 3 3 3 3 4 1 3 2 2 1 3 1 1 4 2 3 1 3 2 1 1 4 1 2 1 4 4 1 2 3 3 4 1 2 1 2 1 4 1 3 1 3 2 3 3 4 1 3 4 2 4 3 3 3 1 1 3 4 1 1 1 2 1 4 1 3 4 1 1 2 1 1 4 1 3 1 4 1 3 4 4 4 1 1 1 4 1 3
65 0.055556 3 2 3 3 4 3 1 3 3 3 3 3 4 1 3 2 2 1 3 3 1 4 2 3 1 3 2 1 1 4 1 2 1 4 4 1 2 3 3 4 1 2 1 2 1 4 1 3 1 3 2 3 3 4 1 3 4 2 4 3 3 3 1 1 3 4 1 1 1 2 1 4 1 3 4 1 1 2 1 1 4 1 4 1 4 1 3 4 4 4 1 1 1 4 1 3
65 0.055556 3 2 3 3 4 3 1 3 3 3 3 3 4 1 3 2 1 3 3 3 1 4 2 3 1 3 2 1 1 4 1 2 1 4 4 1 2 3 3 4 1 2 1 2 1 4 1 3 1 3 2 3 3 4 1 3 2 2 4 3 3 3 1 1 3 4 1 1 1 2 1 4 1 3 4 1 1 2 1 1 4 1 4 1 4 1 3 4 4 4 1 1 1 4 1 3
65 0.055556 3 2 3 3 4 3 1 3 3 3 3 3 4 1 3 2 2 1 3 3 1 4 2 3 1 3 2 1 1 4 1 2 1 4 4 1 2 3 3 4 1 2 1 2 1 4 1 3 1 1 2 3 3 4 1 3 4 2 4 3 3 3 1 1 3 4 1 1 1 2 1 4 1 3 4 1 1 2 1 1 4 1 4 1 4 1 3 4 4 4 1 1 1 4 1 3
65 0.055556 3 2 3 3 4 3 1 3 3 3 3 1 4 1 3 2 2 3 3 3 1 4 2 3 1 3 2 1 1 4 1 2 1 4 4 1 2 3 3 4 1 2 1 2 1 4 1 3 1 3 2 3 3 4 1 3 4 2 4 3 3 3 1 1 3 4 1 1 1 2 1 4 1 3 4 1 1 2 1 1 4 1 4 1 4 1 3 4 4 4 1 1 1 4 1 3
65 0.055556 3 2 3 3 4 3 1 3 3 3 3 3 4 1 3 2 1 3 3 3 1 4 2 3 1 3 2 1 1 4 1 2 1 4 4 1 2 3 3 4 1 2 1 2 3 4 1 3 1 3 2 3 3 4 1 3 4 2 4 3 3 3 1 1 3 4 1 1 1 2 1 4 1 3 4 1 1 2 1 1 4 1 4 1 2 1 3 3 4 4 1 1 1 4 1 3
65 0.055556 3 2 3 3 4 3 3 3 3 3 3 3 4 1 3 2 2 3 3 3 1 4 2 3 1 3 2 1 3 4 1 2 1 4 4 1 2 3 3 4 1 2 1 2 1 4 1 3 1 3 2 3 3 4 1 3 4 2 4 3 3 3 1 1 3 4 1 1 1 2 1 4 1 3 4 1 1 2 1 1 4 1 4 1 4 1 3 4 4 4 1 1 1 4 1 3
65 0.055556 3 2 3 3 4 3 1 3 3 3 3 3 4 1 3 2 2 1 3 3 1 4 2 3 3 3 2 1 1 4 1 2 1 4 4 1 2 3 3 4 1 2 1 2 1 4 1 3 1 3 2 3 3 4 1 3 4 2 4 3 3 3 1 1 3 4 1 1 1 2 1 4 1 3 4 1 1 2 1 1 4 1 4 1 4 1 3 4 4 4 1 1 1 4 1 3
65 0.055556 3 2 3 3 4 3 1 3 3 3 3 3 4 1 3 2 2 3 3 3 1 4 2 3 1 3 2 1 1 4 1 2 1 4 4 1 2 3 3 4 1 2 1 2 1 4 3 3 1 3 2 3 3 4 1 3 4 2 4 3 3 3 1 1 3 4 1 1 1 2 1 4 1 3 4 1 1 2 1 1 4 1 4 1 4 1 3 4 4 4 1 1 1 4 1 3
65 0.055556 3 2 3 3 4 3 1 3 3 3 3 3 4 1 3 2 2 1 3 3 1 4 2 3 1 3 2 1 1 4 1 2 1 4 4 1 2 3 3 4 1 2 1 2 1 4 1 3 1 1 2 3 3 4 1 3 4 2 4 3 3 3 1 1 3 4 1 1 1 2 1 4 1 3 4 1 1 2 1 1 4 1 4 3 4 1 3 4 4 4 1 1 1 4 1 3
65 0.055556 3 2 3 3 4 3 1 3 3 3 3 3 4 1 3 2 2 1 3 3 1 4 2 3 1 3 2 3 1 4 1 2 1 4 4 1 2 3 3 4 1 2 1 2 1 4 1 3 1 3 2 3 3 4 1 3 4 2 4 3 3 3 1 1 3 4 1 1 1 2 1 4 1 3 4 1 1 2 1 1 4 1 4 1 4 1 1 4 4 4 1 1 1 4 1 1
65 0.055556 3 2 3 3 4 3 1 3 3 3 3 3 4 1 3 2 2 1 3 3 1 4 2 3 1 3 2 1 1 4 1 2 1 4 4 1 2 3 3 4 3 2 1 2 1 4 1 3 1 3 2 3 3 4 1 3 4 2 4 3 3 3 1 1 3 4 1 1 1 2 1 4 1 3 4 1 1 2 1 1 4 1 4 1 4 1 3 4 4 4 1 1 1 4 1 3
65 0.055556 3 2 3 3 4 3 1 3 3 3 3 3 4 1 3 2 2 3 3 3 1 4 2 3 1 3 2 1 1 4 1 2 1 4 4 1 2 3 1 4 1 2 1 2 1 4 1 3 1 3 2 3 3 4 1 3 4 2 4 3 3 3 1 1 3 4 1 1 1 2 1 4 1 3 4 1 1 2 1 1 4 1 4 1 4 1 3 4 4 4 1 1 1 4 1 3
65 0.222222 3 2 3 3 4 3 1 3 3 3 3 3 4 1 3 2 2 3 3 3 1 4 2 3 1 3 2 1 1 4 1 2 1 4 4 1 2 3 3 4 1 2 1 2 1 4 1 3 1 3 2 3 3 4 1 3 4 2 4 3 3 3 1 1 3 4 1 1 1 2 1 4 1 3 4 1 1 2 1 1 4 1 4 1 4 1 3 4 4 4 1 1 1 4 1 3
66 0.062558 3 2 3 3 4 3 1 3 1 3 3 3 4 1 3 2 1 3 3 3 1 4 2 3 1 3 2 1 1 4 1 2 1 4 4 1 2 3 3 4 1 2 1 2 1 4 1 3 1 3 2 3 3 4 1 1 4 2 4 3 3 3 1 1 3 4 1 1 1 2 1 4 1 3 4 1 1 2 1 1 4 1 4 1 4 1 3 4 4 4 1 1 1 4 1 3
66 0.062558 3 2 3 3 4 1 1 3 3 3 3 3 4 1 3 2 2 1 3 1 1 4 2 3 1 3 2 1 1 4 1 2 1 4 4 1 2 3 3 4 1 2 1 2 1 4 1 3 1 3 2 3 3 4 1 3 4 2 4 3 3 3 1 1 3 4 1 1 1 2 1 4 1 3 4 1 1 2 1 1 4 1 3 1 4 1 3 4 4 4 1 1 1 4 1 3
66 0.062558 3 2 3 3 4 3 1 3 3 3 3 3 4 1 3 2 2 1 3 3 1 4 2 3 1 3 2 1 1 4 1 2 1 4 4 1 2 3 3 4 1 2 1 2 1 4 1 3 1 3 2 3 3 4 1 3 4 2 4 3 3 3 1 1 3 4 1 1 1 2 1 4 1 3 4 1 1 2 1 1 4 1 4 1 4 1 3 4 4 4 1 1 1 4 1 3
66 0.048553 3 2 3 3 4 3 1 3 3 3 3 3 4 1 3 2 1 3 3 3 1 4 2 3 1 3 2 1 1 4 1 2 1 4 4 1 2 3 3 4 1 2 1 2 1 4 1 3 1 3 2 3 3 4 1 3 2 2 4 3 3 3 1 1 3 4 1 1 1 2 1 4 1 3 4 1 1 2 1 1 4 1 4 1 4 1 3 4 4 4 1 1 1 4 1 3
66 0.062558 3 2 3 3 4 3 1 3 3 3 3 3 4 1 3 2 2 1 3 3 1 4 2 3 1 3 2 1 1 4 1 2 1 4 4 1 2 3 3 4 1 2 1 2 1 4 1 3 1 1 2 3 3 4 1 3 4 2 4 3 3 3 1 1 3 4 1 1 1 2 1 4 1 3 4 1 1 2 1 1 4 1 4 1 4 1 3 4 4 4 1 1 1 4 1 3
66 0.048553 3 2 3 3 4 3 1 3 3 3 3 1 4 1 3 2 2 3 3 3 1 4 2 3 1 3 2 1 1 4 1 2 1 4 4 1 2 3 3 4 1 2 1 2 1 4 1 3 1 3 2 3 3 4 1 3 4 2 4 3 3 3 1 1 3 4 1 1 1 2 1 4 1 3 4 1 1 2 1 1 4 1 4 1 4 1 3 4 4 4 1 1 1 4 1 3
66 0.062558 3 2 3 3 4 3 1 3 3 3 3 3 4 1 3 2 1 3 3 3 1 4 2 3 1 3 2 1 1 4 1 2 1 4 4 1 2 3 3 4 1 2 1 2 3 4 1 3 1 3 2 3 3 4 1 3 4 2 4 3 3 3 1 1 3 4 1 1 1 2 1 4 1 3 4 1 1 2 1 1 4 1 4 1 2 1 3 3 4 4 1 1 1 4 1 3
66 0.048553 3 2 3 3 4 3 3 3 3 3 3 3 4 1 3 2 2 3 3 3 1 4 2 3 1 3 2 1 3 4 1 2 1 4 4 1 2 3 3 4 1 2 1 2 1 4 1 3 1 3 2 3 3 4 1 3 4 2 4 3 3 3 1 1 3 4 1 1 1 2 1 4 1 3 4 1 1 2 1 1 4 1 4 1 4 1 3 4 4 4 1 1 1 4 1 3
66 0.062558 3 2 3 3 4 3 1 3 3 3 3 3 4 1 3 2 2 1 3 3 1 4 2 3 3 3 2 1 1 4 1 2 1 4 4 1 2 3 3 4 1 2 1 2 1 4 1 3 1 3 2 3 3 4 1 3 4 2 4 3 3 3 1 1 3 4 1 1 1 2 1 4 1 3 4 1 1 2 1 1 4 1 4 1 4 1 3 4 4 4 1 1 1 4 1 3
66 0.048553 3 2 3 3 4 3 1 3 3 3 3 3 4 1 3 2 2 3 3 3 1 4 2 3 1 3 2 1 1 4 1 2 1 4 4 1 2 3 3 4 1 2 1 2 1 4 3 3 1 3 2 3 3 4 1 3 4 2 4 3 3 3 1 1 3 4 1 1 1 2 1 4 1 3 4 1 1 2 1 1 4 1 4 1 4 1 3 4 4 4 1 1 1 4 1 3
66 0.062558 3 2 3 3 4 3 1 3 3 3 3 3 4 1 3 2 2 1 3 3 1 4 2 3 1 3 2 1 1 4 1 2 1 4 4 1 2 3 3 4 1 2 1 2 1 4 1 3 1 1 2 3 3 4 1 3 4 2 4 3 3 3 1 1 3 4 1 1 1 2 1 4 1 3 4 1 1 2 1 1 4 1 4 3 4 1 3 4 4 4 1 1 1 4 1 3
66 0.062558 3 2 3 3 4 3 1 3 3 3 3 3 4 1 3 2 2 1 3 3 1 4 2 3 1 3 2 3 1 4 1 2 1 4 4 1 2 3 3 4 1 2 1 2 1 4 1 3 1 3 2 3 3 4 1 3 4 2 4 3 3 3 1 1 3 4 1 1 1 2 1 4 1 3 4 1 1 2 1 1 4 1 4 1 4 1 1 4 4 4 1 1 1 4 1 1
66 0.048553 3 2 3 3 4 3 1 3 3 3 3 3 4 1 3 2 2 1 3 3 1 4 2 3 1 3 2 1 1 4 1 2 1 4 4 1 2 3 3 4 3 2 1 2 1 4 1 3 1 3 2 3 3 4 1 3 4 2 4 3 3 3 1 1 3 4 1 1 1 2 1 4 1 3 4 1 1 2 1 1 4 1 4 1 4 1 3 4 4 4 1 1 1 4 1 3
66 0.062558 3 2 3 3 4 3 1 3 3 3 3 3 4 1 3 2 2 3 3 3 1 4 2 3 1 3 2 1 1 4 1 2 1 4 4 1 2 3 1 4 1 2 1 2 1 4 1 3 1 3 2 3 3 4 1 3 4 2 4 3 3 3 1 1 3 4 1 1 1 2 1 4 1 3 4 1 1 2 1 1 4 1 4 1 4 1 3 4 4 4 1 1 1 4 1 3
66 0.194213 3 2 3 3 4 3 1 3 3 3 3 3 4 1 3 2 2 3 3 3 1 4 2 3 1 3 2 1 1 4 1 2 1 4 4 1 2 3 3 4 1 2 1 2 1 4 1 3 1 3 2 3 3 4 1 3 4 2 4 3 3 3 1 1 3 4 1 1 1 2 1 4 1 3 4 1 1 2 1 1 4 1 4 1 4 1 3 4 4 4 1 1 1 4 1 3
67 0.069347 3 2 3 3 4 3 1 3 1 3 3 3 4 1 3 2 1 3 3 3 1 4 2 3 1 3 2 1 1 4 1 2 1 4 4 1 2 3 3 4 1 2 1 2 1 4 1 3 1 3 2 3 3 4 1 1 4 2 4 3 3 3 1 1 3 4 1 1 1 2 1 4 1 3 4 1 1 2 1 1 4 1 4 1 4 1 3 4 4 4 1 1 1 4 1 3
67 0.069347 3 2 3 3 4 1 1 3 3 3 3 3 4 1 3 2 2 1 3 1 1 4 2 3 1 3 2 1 1 4 1 2 1 4 4 1 2 3 3 4 1 2 1 2 1 4 1 3 1 3 2 3 3 4 1 3 4 2 4 3 3 3 1 1 3 4 1 1 1 2 1 4 1 3 4 1 1 2 1 1 4 1 3 1 4 1 3 4 4 4 1 1 1 4 1 3
67 0.069347 3 2 3 3 4 3 1 3 3 3 3 3 4 1 3 2 2 1 3 3 1 4 2 3 1 3 2 1 1 4 1 2 1 4 4 1 2 3 3 4 1 2 1 2 1 4 1 3 1 3 2 3 3 4 1 3 4 2 4 3 3 3 1 1 3 4 1 1 1 2 1 4 1 3 4 1 1 2 1 1 4 1 4 1 4 1 3 4 4 4 1 1 1 4 1 3
67 0.041764 3 2 3 3 4 3 1 3 3 3 3 3 4 1 3 2 1 3 3 3 1 4 2 3 1 3 2 1 1 4 1 2 1 4 4 1 2 3 3 4 1 2 1 2 1 4 1 3 1 3 2 3 3 4 1 3 2 2 4 3 3 3 1 1 3 4 1 1 1 2 1 4 1 3 4 1 1 2 1 1 4 1 4 1 4 1 3 4 4 4 1 1 1 4 1 3
67 0.069347 3 2 3 3 4 3 1 3 3 3 3 3 4 1 3 2 2 1 3 3 1 4 2 3 1 3 2 1 1 4 1 2 1 4 4 1 2 3 3 4 1 2 1 2 1 4 1 3 1 1 2 3 3 4 1 3 4 2 4 3 3 3 1 1 3 4 1 1 1 2 1 4 1 3 4 1 1 2 1 1 4 1 4 1 4 1 3 4 4 4 1 1 1 4 1 3
67 0.041764 3 2 3 3 4 3 1 3 3 3 3 1 4 1 3 2 2 3 3 3 1 4 2 3 1 3 2 1 1 4 1 2 1 4 4 1 2 3 3 4 1 2 1 2 1 4 1 3 1 3 2 3 3 4 1 3 4 2 4 3 3 3 1 1 3 4 1 1 1 2 1 4 1 3 4 1 1 2 1 1 4 1 4 1 4 1 3 4 4 4 1 1 1 4 1 3
67 0.069347 3 2 3 3 4 3 1 3 3 3 3 3 4 1 3 2 1 3 3 3 1 4 2 3 1 3 2 1 1 4 1 2 1 4 4 1 2 3 3 4 1 2 1 2 3 4 1 3 1 3 2 3 3 4 1 3 4 2 4 3 3 3 1 1 3 4 1 1 1 2 1 4 1 3 4 1 1 2 1 1 4 1 4 1 2 1 3 3 4 4 1 1 1 4 1 3
67 0.041764 3 2 3 3 4 3 3 3 3 3 3 3 4 1 3 2 2 3 3 3 1 4 2 3 1 3 2 1 3 4 1 2 1 4 4 1 2 3 3 4 1 2 1 2 1 4 1 3 1 3 2 3 3 4 1 3 4 2 4 3 3 3 1 1 3 4 1 1 1 2 1 4 1 3 4 1 1 2 1 1 4 1 4 1 4 1 3 4 4 4 1 1 1 4 1 3
67 0.069347 3 2 3 3 4 3 1 3 3 3 3 3 4 1 3 2 2 1 3 3 1 4 2 3 3 3 2 1 1 4 1 2 1 4 4 1 2 3 3 4 1 2 1 2 1 4 1 3 1 3 2 3 3 4 1 3 4 2 4 3 3 3 1 1 3 4 1 1 1 2 1 4 1 3 4 1 1 2 1 1 4 1 4 1 4 1 3 4 4 4 1 1 1 4 1 3
67 0.041764 3 2 3 3 4 3 1 3 3 3 3 3 4 1 3 2 2 3 3 3 1 4 2 3 1 3 2 1 1 4 1 2 1 4 4 1 2 3 3 4 1 2 1 2 1 4 3 3 1 3 2 3 3 4 1 3 4 2 4 3 3 3 1 1 3 4 1 1 1 2 1 4 1 3 4 1 1 2 1 1 4 1 4 1 4 1 3 4 4 4 1 1 1 4 1 3
67 0.069347 3 2 3 3 4 3 1 3 3 3 3 3 4 1 3 2 2 1 3 3 1 4 2 3 1 3 2 1 1 4 1 2 1 4 4 1 2 3 3 4 1 2 1 2 1 4 1 3 1 1 2 3 3 4 1 3 4 2 4 3 3 3 1 1 3 4 1 1 1 2 1 4 1 3 4 1 1 2 1 1 4 1 4 3 4 1 3 4 4 4 1 1 1 4 1 3
67 0.069347 3 2 3 3 4 3 1 3 3 3 3 3 4 1 3 2 2 1 3 3 1 4 2 3 1 3 2 3 1 4 1 2 1 4 4 1 2 3 3 4 1 2 1 2 1 4 1 3 1 3 2 3 3 4 1 3 4 2 4 3 3 3 1 1 3 4 1 1 1 2 1 4 1 3 4 1 1 2 1 1 4 1 4 1 4 1 1 4 4 4 1 1 1 4 1 1
67 0.041764 3 2 3 3 4 3 1 3 3 3 3 3 4 1 3 2 2 1 3 3 1 4 2 3 1 3 2 1 1 4 1 2 1 4 4 1 2 3 3 4 3 2 1 2 1 4 1 3 1 3 2 3 3 4 1 3 4 2 4 3 3 3 1 1 3 4 1 1 1 2 1 4 1 3 4 1 1 2 1 1 4 1 4 1 4 1 3 4 4 4 1 1 1 4 1 3
67 0.069347 3 2 3 3 4 3 1 3 3 3 3 3 4 1 3 2 2 3 3 3 1 4 2 3 1 3 2 1 1 4 1 2 1 4 4 1 2 3 1 4 1 2 1 2 1 4 1 3 1 3 2 3 3 4 1 3 4 2 4 3 3 3 1 1 3 4 1 1 1 2 1 4 1 3 4 1 1 2 1 1 4 1 4 1 4 1 3 4 4 4 1 1 1 4 1 3
67 0.167057 3 2 3 3 4 3 1 3 3 3 3 3 4 1 3 2 2 3 3 3 1 4 2 3 1 3 2 1 1 4 1 2 1 4 4 1 2 3 3 4 1 2 1 2 1 4 1 3 1 3 2 3 3 4 1 3 4 2 4 3 3 3 1 1 3 4 1 1 1 2 1 4 1 3 4 1 1 2 1 1 4 1 4 1 4 1 3 4 4 4 1 1 1 4 1 3
68 0.075734 3 2 3 3 4 3 1 3 1 3 3 3 4 1 3 2 1 3 3 3 1 4 2 3 1 3 2 1 1 4 1 2 1 4 4 1 2 3 3 4 1 2 1 2 1 4 1 3 1 3 2 3 3 4 1 1 4 2 4 3 3 3 1 1 3 4 1 1 1 2 1 4 1 3 4 1 1 2 1 1 4 1 4 1 4 1 3 4 4 4 1 1 1 4 1 3
68 0.075734 3 2 3 3 4 1 1 3 3 3 3 3 4 1 3 2 2 1 3 1 1 4 2 3 1 3 2 1 1 4 1 2 1 4 4 1 2 3 3 4 1 2 1 2 1 4 1 3 1 3 2 3 3 4 1 3 4 2 4 3 3 3 1 1 3 4 1 1 1 2 1 4 1 3 4 1 1 2 1 1 4 1 3 1 4 1 3 4 4 4 1 1 1 4 1 3
68 0.075734 3 2 3 3 4 3 1 3 3 3 3 3 4 1 3 2 2 1 3 3 1 4 2 3 1 3 2 1 1 4 1 2 1 4 4 1 2 3 3 4 1 2 1 2 1 4 1 3 1 3 2 3 3 4 1 3 4 2 4 3 3 3 1 1 3 4 1 1 1 2 1 4 1 3 4 1 1 2 1 1 4 1 4 1 4 1 3 4 4 4 1 1 1 4 1 3
68 0.035377 3 2 3 3 4 3 1 3 3 3 3 3 4 1 3 2 1 3 3 3 1 4 2 3 1 3 2 1 1 4 1 2 1 4 4 1 2 3 3 4 1 2 1 2 1 4 1 3 1 3 2 3 3 4 1 3 2 2 4 3 3 3 1 1 3 4 1 1 1 2 1 4 1 3 4 1 1 2 1 1 4 1 4 1 4 1 3 4 4 4 1 1 1 4 1 3
68 0.075734 3 2 3 3 4 3 1 3 3 3 3 3 4 1 3 2 2 1 3 3 1 4 2 3 1 3 2 1 1 4 1 2 1 4 4 1 2 3 3 4 1 2 1 2 1 4 1 3 1 1 2 3 3 4 1 3 4 2 4 3 3 3 1 1 3 4 1 1 1 2 1 4 1 3 4 1 1 2 1 1 4 1 4 1 4 1 3 4 4 4 1 1 1 4 1 3
68 0.035377 3 2 3 3 4 3 1 3 3 3 3 1 4 1 3 2 2 3 3 3 1 4 2 3 1 3 2 1 1 4 1 2 1 4 4 1 2 3 3 4 1 2 1 2 1 4 1 3 1 3 2 3 3 4 1 3 4 2 4 3 3 3 1 1 3 4 1 1 1 2 1 4 1 3 4 1 1 2 1 1 4 1 4 1 4 1 3 4 4 4 1 1 1 4 1 3
68 0.075734 3 2 3 3 4 3 1 3 3 3 3 3 4 1 3 2 1 3 3 3 1 4 2 3 1 3 2 1 1 4 1 2 1 4 4 1 2 3 3 4 1 2 1 2 3 4 1 3 1 3 2 3 3 4 1 3 4 2 4 3 3 3 1 1 3 4 1 1 1 2 1 4 1 3 4 1 1 2 1 1 4 1 4 1 2 1 3 3 4 4 1 1 1 4 1 3
68 0.035377 3 2 3 3 4 3 3 3 3 3 3 3 4 1 3 2 2 3 3 3 1 4 2 3 1 3 2 1 3 4 1 2 1 4 4 1 2 3 3 4 1 2 1 2 1 4 1 3 1 3 2 3 3 4 1 3 4 2 4 3 3 3 1 1 3 4 1 1 1 2 1 4 1 3 4 1 1 2 1 1 4 1 4 1 4 1 3 4 4 4 1 1 1 4 1 3
68 0.075734 3 2 3 3 4 3 1 3 3 3 3 3 4 1 3 2 2 1 3 3 1 4 2 3 3 3 2 1 1 4 1 2 1 4 4 1 2 3 3 4 1 2 1 2 1 4 1 3 1 3 2 3 3 4 1 3 4 2 4 3 3 3 1 1 3 4 1 1 1 2 1 4 1 3 4 1 1 2 1 1 4 1 4 1 4 1 3 4 4 4 1 1 1 4 1 3
68 0.035377 3 2 3 3 4 3 1 3 3 3 3 3 4 1 3 2 2 3 3 3 1 4 2 3 1 3 2 1 1 4 1 2 1 4 4 1 2 3 3 4 1 2 1 2 1 4 3 3 1 3 2 3 3 4 1 3 4 2 4 3 3 3 1 1 3 4 1 1 1 2 1 4 1 3 4 1 1 2 1 1 4 1 4 1 4 1 3 4 4 4 1 1 1 4 1 3
68 0.075734 3 2 3 3 4 3 1 3 3 3 3 3 4 1 3 2 2 1 3 3 1 4 2 3 1 3 2 1 1 4 1 2 1 4 4 1 2 3 3 4 1 2 1 2 1 4 1 3 1 1 2 3 3 4 1 3 4 2 4 3 3 3 1 1 3 4 1 1 1 2 1 4 1 3 4 1 1 2 1 1 4 1 4 3 4 1 3 4 4 4 1 1 1 4 1 3
68 0.075734 3 2 3 3 4 3 1 3 3 3 3 3 4 1 3 2 2 1 3 3 1 4 2 3 1 3 2 3 1 4 1 2 1 4 4 1 2 3 3 4 1 2 1 2 1 4 1 3 1 3 2 3 3 4 1 3 4 2 4 3 3 3 1 1 3 4 1 1 1 2 1 4 1 3 4 1 1 2 1 1 4 1 4 1 4 1 1 4 4 4 1 1 1 4 1 1
68 0.035377 3 2 3 3 4 3 1 3 3 3 3 3 4 1 3 2 2 1 3 3 1 4 2 3 1 3 2 1 1 4 1 2 1 4 4 1 2 3 3 4 3 2 1 2 1 4 1 3 1 3 2 3 3 4 1 3 4 2 4 3 3 3 1 1 3 4 1 1 1 2 1 4 1 3 4 1 1 2 1 1 4 1 4 1 4 1 3 4 4 4 1 1 1 4 1 3
68 0.075734 3 2 3 3 4 3 1 3 3 3 3 3 4 1 3 2 2 3 3 3 1 4 2 3 1 3 2 1 1 4 1 2 1 4 4 1 2 3 1 4 1 2 1 2 1 4 1 3 1 3 2 3 3 4 1 3 4 2 4 3 3 3 1 1 3 4 1 1 1 2 1 4 1 3 4 1 1 2 1 1 4 1 4 1 4 1 3 4 4 4 1 1 1 4 1 3
68 0.141507 3 2 3 3 4 3 1 3 3 3 3 3 4 1 3 2 2 3 3 3 1 4 2 3 1 3 2 1 1 4 1 2 1 4 4 1 2 3 3 4 1 2 1 2 1 4 1 3 1 3 2 3 3 4 1 3 4 2 4 3 3 3 1 1 3 4 1 1 1 2 1 4 1 3 4 1 1 2 1 1 4 1 4 1 4 1 3 4 4 4 1 1 1 4 1 3
69 0.081577 3 2 3 3 4 3 1 3 1 3 3 3 4 1 3 2 1 3 3 3 1 4 2 3 1 3 2 1 1 4 1 2 1 4 4 1 2 3 3 4 1 2 1 2 1 4 1 3 1 3 2 3 3 4 1 1 4 2 4 3 3 3 1 1 3 4 1 1 1 2 1 4 1 3 4 1 1 2 1 1 4 1 4 1 4 1 3 4 4 4 1 1 1 4 1 3
69 0.081577 3 2 3 3 4 1 1 3 3 3 3 3 4 1 3 2 2 1 3 1 1 4 2 3 1 3 2 1 1 4 1 2 1 4 4 1 2 3 3 4 1 2 1 2 1 4 1 3 1 3 2 3 3 4 1 3 4 2 4 3 3 3 1 1 3 4 1 1 1 2 1 4 1 3 4 1 1 2 1 1 4 1 3 1 4 1 3 4 4 4 1 1 1 4 1 3
69 0.081577 3 2 3 3 4 3 1 3 3 3 3 3 4 1 3 2 2 1 3 3 1 4 2 3 1 3 2 1 1 4 1 2 1 4 4 1 2 3 3 4 1 2 1 2 1 4 1 3 1 3 2 3 3 4 1 3 4 2 4 3 3 3 1 1 3 4 1 1 1 2 1 4 1 3 4 1 1 2 1 1 4 1 4 1 4 1 3 4 4 4 1 1 1 4 1 3
69 0.029534 3 2 3 3 4 3 1 3 3 3 3 3 4 1 3 2 1 3 3 3 1 4 2 3 1 3 2 1 1 4 1 2 1 4 4 1 2 3 3 4 1 2 1 2 1 4 1 3 1 3 2 3 3 4 1 3 2 2 4 3 3 3 1 1 3 4 1 1 1 2 1 4 1 3 4 1 1 2 1 1 4 1 4 1 4 1 3 4 4 4 1 1 1 4 1 3
69 0.081577 3 2 3 3 4 3 1 3 3 3 3 3 4 1 3 2 2 1 3 3 1 4 2 3 1 3 2 1 1 4 1 2 1 4 4 1 2 3 3 4 1 2 1 2 1 4 1 3 1 1 2 3 3 4 1 3 4 2 4 3 3 3 1 1 3 4 1 1 1 2 1 4 1 3 4 1 1 2 1 1 4 1 4 1 4 1 3 4 4 4 1 1 1 4 1 3
69 0.029534 3 2 3 3 4 3 1 3 3 3 3 1 4 1 3 2 2 3 3 3 1 4 2 3 1 3 2 1 1 4 1 2 1 4 4 1 2 3 3 4 1 2 1 2 1 4 1 3 1 3 2 3 3 4 1 3 4 2 4 3 3 3 1 1 3 4 1 1 1 2 1 4 1 3 4 1 1 2 1 1 4 1 4 1 4 1 3 4 4 4 1 1 1 4 1 3
69 0.081577 3 2 3 3 4 3 1 3 3 3 3 3 4 1 3 2 1 3 3 3 1 4 2 3 1 3 2 1 1 4 1 2 1 4 4 1 2 3 3 4 1 2 1 2 3 4 1 3 1 3 2 3 3 4 1 3 4 2 4 3 3 3 1 1 3 4 1 1 1 2 1 4 1 3 4 1 1 2 1 1 4 1 4 1 2 1 3 3 4 4 1 1 1 4 1 3
69 0.029534 3 2 3 3 4 3 3 3 3 3 3 3 4 1 3 2 2 3 3 3 1 4 2 3 1 3 2 1 3 4 1 2 1 4 4 1 2 3 3 4 1 2 1 2 1 4 1 3 1 3 2 3 3 4 1 3 4 2 4 3 3 3 1 1 3 4 1 1 1 2 1 4 1 3 4 1 1 2 1 1 4 1 4 1 4 1 3 4 4 4 1 1 1 4 1 3
69 0.081577 3 2 3 3 4 3 1 3 3 3 3 3 4 1 3 2 2 1 3 3 1 4 2 3 3 3 2 1 1 4 1 2 1 4 4 1 2 3 3 4 1 2 1 2 1 4 1 3 1 3 2 3 3 4 1 3 4 2 4 3 3 3 1 1 3 4 1 1 1 2 1 4 1 3 4 1 1 2 1 1 4 1 4 1 4 1 3 4 4 4 1 1 1 4 1 3
69 0.029534 3 2 3 3 4 3 1 3 3 3 3 3 4 1 3 2 2 3 3 3 1 4 2 3 1 3 2 1 1 4 1 2 1 4 4 1 2 3 3 4 1 2 1 2 1 4 3 3 1 3 2 3 3 4 1 3 4 2 4 3 3 3 1 1 3 4 1 1 1 2 1 4 1 3 4 1 1 2 1 1 4 1 4 1 4 1 3 4 4 4 1 1 1 4 1 3
69 0.081577 3 2 3 3 4 3 1 3 3 3 3 3 4 1 3 2 2 1 3 3 1 4 2 3 1 3 2 1 1 4 1 2 1 4 4 1 2 3 3 4 1 2 1 2 1 4 1 3 1 1 2 3 3 4 1 3 4 2 4 3 3 3 1 1 3 4 1 1 1 2 1 4 1 3 4 1 1 2 1 1 4 1 4 3 4 1 3 4 4 4 1 1 1 4 1 3
69 0.081577 3 2 3 3 4 3 1 3 3 3 3 3 4 1 3 2 2 1 3 3 1 4 2 3 1 3 2 3 1 4 1 2 1 4 4 1 2 3 3 4 1 2 1 2 1 4 1 3 1 3 2 3 3 4 1 3 4 2 4 3 3 3 1 1 3 4 1 1 1 2 1 4 1 3 4 1 1 2 1 1 4 1 4 1 4 1 1 4 4 4 1 1 1 4 1 1
69 0.029534 3 2 3 3 4 3 1 3 3 3 3 3 4 1 3 2 2 1 3 3 1 4 2 3 1 3 2 1 1 4 1 2 1 4 4 1 2 3 3 4 3 2 1 2 1 4 1 3 1 3 2 3 3 4 1 3 4 2 4 3 3 3 1 1 3 4 1 1 1 2 1 4 1 3 4 1 1 2 1 1 4 1 4 1 4 1 3 4 4 4 1 1 1 4 1 3
69 0.081577 3 2 3 3 4 3 1 3 3 3 3 3 4 1 3 2 2 3 3 3 1 4 2 3 1 3 2 1 1 4 1 2 1 4 4 1 2 3 1 4 1 2 1 2 1 4 1 3 1 3 2 3 3 4 1 3 4 2 4 3 3 3 1 1 3 4 1 1 1 2 1 4 1 3 4 1 1 2 1 1 4 1 4 1 4 1 3 4 4 4 1 1 1 4 1 3
69 0.118136 3 2 3 3 4 3 1 3 3 3 3 3 4 1 3 2 2 3 3 3 1 4 2 3 1 3 2 1 1 4 1 2 1 4 4 1 2 3 3 4 1 2 1 2 1 4 1 3 1 3 2 3 3 4 1 3 4 2 4 3 3 3 1 1 3 4 1 1 1 2 1 4 1 3 4 1 1 2 1 1 4 1 4 1 4 1 3 4 4 4 1 1 1 4 1 3
70 0.086785 3 2 3 3 4 3 1 3 1 3 3 3 4 1 3 2 1 3 3 3 1 4 2 3 1 3 2 1 1 4 1 2 1 4 4 1 2 3 3 4 1 2 1 2 1 4 1 3 1 3 2 3 3 4 1 1 4 2 4 3 3 3 1 1 3 4 1 1 1 2 1 4 1 3 4 1 1 2 1 1 4 1 4 1 4 1 3 4 4 4 1 1 1 4 1 3
70 0.086785 3 2 3 3 4 1 1 3 3 3 3 3 4 1 3 2 2 1 3 1 1 4 2 3 1 3 2 1 1 4 1 2 1 4 4 1 2 3 3 4 1 2 1 2 1 4 1 3 1 3 2 3 3 4 1 3 4 2 4 3 3 3 1 1 3 4 1 1 1 2 1 4 1 3 4 1 1 2 1 1 4 1 3 1 4 1 3 4 4 4 1 1 1 4 1 3
70 0.086785 3 2 3 3 4 3 1 3 3 3 3 3 4 1 3 2 2 1 3 3 1 4 2 3 1 3 2 1 1 4 1 2 1 4 4 1 2 3 3 4 1 2 1 2 1 4 1 3 1 3 2 3 3 4 1 3 4 2 4 3 3 3 1 1 3 4 1 1 1 2 1 4 1 3 4 1 1 2 1 1 4 1 4 1 4 1 3 4 4 4 1 1 1 4 1 3
70 0.024326 3 2 3 3 4 3 1 3 3 3 3 3 4 1 3 2 1 3 3 3 1 4 2 3 1 3 2 1 1 4 1 2 1 4 4 1 2 3 3 4 1 2 1 2 1 4 1 3 1 3 2 3 3 4 1 3 2 2 4 3 3 3 1 1 3 4 1 1 1 2 1 4 1 3 4 1 1 2 1 1 4 1 4 1 4 1 3 4 4 4 1 1 1 4 1 3
70 0.086785 3 2 3 3 4 3 1 3 3 3 3 3 4 1 3 2 2 1 3 3 1 4 2 3 1 3 2 1 1 4 1 2 1 4 4 1 2 3 3 4 1 2 1 2 1 4 1 3 1 1 2 3 3 4 1 3 4 2 4 3 3 3 1 1 3 4 1 1 1 2 1 4 1 3 4 1 1 2 1 1 4 1 4 1 4 1 3 4 4 4 1 1 1 4 1 3
70 0.024326 3 2 3 3 4 3 1 3 3 3 3 1 4 1 3 2 2 3 3 3 1 4 2 3 1 3 2 1 1 4 1 2 1 4 4 1 2 3 3 4 1 2 1 2 1 4 1 3 1 3 2 3 3 4 1 3 4 2 4 3 3 3 1 1 3 4 1 1 1 2 1 4 1 3 4 1 1 2 1 1 4 1 4 1 4 1 3 4 4 4 1 1 1 4 1 3
70 0.086785 3 2 3 3 4 3 1 3 3 3 3 3 4 1 3 2 1 3 3 3 1 4 2 3 1 3 2 1 1 4 1 2 1 4 4 1 2 3 3 4 1 2 1 2 3 4 1 3 1 3 2 3 3 4 1 3 4 2 4 3 3 3 1 1 3 4 1 1 1 2 1 4 1 3 4 1 1 2 1 1 4 1 4 1 2 1 3 3 4 4 1 1 1 4 1 3
70 0.024326 3 2 3 3 4 3 3 3 3 3 3 3 4 1 3 2 2 3 3 3 1 4 2 3 1 3 2 1 3 4 1 2 1 4 4 1 2 3 3 4 1 2 1 2 1 4 1 3 1 3 2 3 3 4 1 3 4 2 4 3 3 3 1 1 3 4 1 1 1 2 1 4 1 3 4 1 1 2 1 1 4 1 4 1 4 1 3 4 4 4 1 1 1 4 1 3
70 0.086785 3 2 3 3 4 3 1 3 3 3 3 3 4 1 3 2 2 1 3 3 1 4 2 3 3 3 2 1 1 4 1 2 1 4 4 1 2 3 3 4 1 2 1 2 1 4 1 3 1 3 2 3 3 4 1 3 4 2 4 3 3 3 1 1 3 4 1 1 1 2 1 4 1 3 4 1 1 2 1 1 4 1 4 1 4 1 3 4 4 4 1 1 1 4 1 3
70 0.024326 3 2 3 3 4 3 1 3 3 3 3 3 4 1 3 2 2 3 3 3 1 4 2 3 1 3 2 1 1 4 1 2 1 4 4 1 2 3 3 4 1 2 1 2 1 4 3 3 1 3 2 3 3 4 1 3 4 2 4 3 3 3 1 1 3 4 1 1 1 2 1 4 1 3 4 1 1 2 1 1 4 1 4 1 4 1 3 4 4 4 1 1 1 4 1 3
70 0.086785 3 2 3 3 4 3 1 3 3 3 3 3 4 1 3 2 2 1 3 3 1 4 2 3 1 3 2 1 1 4 1 2 1 4 4 1 2 3 3 4 1 2 1 2 1 4 1 3 1 1 2 3 3 4 1 3 4 2 4 3 3 3 1 1 3 4 1 1 1 2 1 4 1 3 4 1 1 2 1 1 4 1 4 3 4 1 3 4 4 4 1 1 1 4 1 3
70 0.086785 3 2 3 3 4 3 1 3 3 3 3 3 4 1 3 2 2 1 3 3 1 4 2 3 1 3 2 3 1 4 1 2 1 4 4 1 2 3 3 4 1 2 1 2 1 4 1 3 1 3 2 3 3 4 1 3 4 2 4 3 3 3 1 1 3 4 1 1 1 2 1 4 1 3 4 1 1 2 1 1 4 1 4 1 4 1 1 4 4 4 1 1 1 4 1 1
70 0.024326 3 2 3 3 4 3 1 3 3 3 3 3 4 1 3 2 2 1 3 3 1 4 2 3 1 3 2 1 1 4 1 2 1 4 4 1 2 3 3 4 3 2 1 2 1 4 1 3 1 3 2 3 3 4 1 3 4 2 4 3 3 3 1 1 3 4 1 1 1 2 1 4 1 3 4 1 1 2 1 1 4 1 4 1 4 1 3 4 4 4 1 1 1 4 1 3
70 0.086785 3 2 3 3 4 3 1 3 3 3 3 3 4 1 3 2 2 3 3 3 1 4 2 3 1 3 2 1 1 4 1 2 1 4 4 1 2 3 1 4 1 2 1 2 1 4 1 3 1 3 2 3 3 4 1 3 4 2 4 3 3 3 1 1 3 4 1 1 1 2 1 4 1 3 4 1 1 2 1 1 4 1 4 1 4 1 3 4 4 4 1 1 1 4 1 3
70 0.097306 3 2 3 3 4 3 1 3 3 3 3 3 4 1 3 2 2 3 3 3 1 4 2 3 1 3 2 1 1 4 1 2 1 4 4 1 2 3 3 4 1 2 1 2 1 4 1 3 1 3 2 3 3 4 1 3 4 2 4 3 3 3 1 1 3 4 1 1 1 2 1 4 1 3 4 1 1 2 1 1 4 1 4 1 4 1 3 4 4 4 1 1 1 4 1 3
71 0.091320 3 2 3 3 4 3 1 3 1 3 3 3 4 1 3 2 1 3 3 3 1 4 2 3 1 3 2 1 1 4 1 2 1 4 4 1 2 3 3 4 1 2 1 2 1 4 1 3 1 3 2 3 3 4 1 1 4 2 4 3 3 3 1 1 3 4 1 1 1 2 1 4 1 3 4 1 1 2 1 1 4 1 4 1 4 1 3 4 4 4 1 1 1 4 1 3
71 0.091320 3 2 3 3 4 1 1 3 3 3 3 3 4 1 3 2 2 1 3 1 1 4 2 3 1 3 2 1 1 4 1 2 1 4 4 1 2 3 3 4 1 2 1 2 1 4 1 3 1 3 2 3 3 4 1 3 4 2 4 3 3 3 1 1 3 4 1 1 1 2 1 4 1 3 4 1 1 2 1 1 4 1 3 1 4 1 3 4 4 4 1 1 1 4 1 3
71 0.091320 3 2 3 3 4 3 1 3 3 3 3 3 4 1 3 2 2 1 3 3 1 4 2 3 1 3 2 1 1 4 1 2 1 4 4 1 2 3 3 4 1 2 1 2 1 4 1 3 1 3 2 3 3 4 1 3 4 2 4 3 3 3 1 1 3 4 1 1 1 2 1 4 1 3 4 1 1 2 1 1 4 1 4 1 4 1 3 4 4 4 1 1 1 4 1 3
71 0.019791 3 2 3 3 4 3 1 3 3 3 3 3 4 1 3 2 1 3 3 3 1 4 2 3 1 3 2 1 1 4 1 2 1 4 4 1 2 3 3 4 1 2 1 2 1 4 1 3 1 3 2 3 3 4 1 3 2 2 4 3 3 3 1 1 3 4 1 1 1 2 1 4 1 3 4 1 1 2 1 1 4 1 4 1 4 1 3 4 4 4 1 1 1 4 1 3
71 0.091320 3 2 3 3 4 3 1 3 3 3 3 3 4 1 3 2 2 1 3 3 1 4 2 3 1 3 2 1 1 4 1 2 1 4 4 1 2 3 3 4 1 2 1 2 1 4 1 3 1 1 2 3 3 4 1 3 4 2 4 3 3 3 1 1 3 4 1 1 1 2 1 4 1 3 4 1 1 2 1 1 4 1 4 1 4 1 3 4 4 4 1 1 1 4 1 3
71 0.019791 3 2 3 3 4 3 1 3 3 3 3 1 4 1 3 2 2 3 3 3 1 4 2 3 1 3 2 1 1 4 1 2 1 4 4 1 2 3 3 4 1 2 1 2 1 4 1 3 1 3 2 3 3 4 1 3 4 2 4 3 3 3 1 1 3 4 1 1 1 2 1 4 1 3 4 1 1 2 1 1 4 1 4 1 4 1 3 4 4 4 1 1 1 4 1 3
71 0.091320 3 2 3 3 4 3 1 3 3 3 3 3 4 1 3 2 1 3 3 3 1 4 2 3 1 3 2 1 1 4 1 2 1 4 4 1 2 3 3 4 1 2 1 2 3 4 1 3 1 3 2 3 3 4 1 3 4 2 4 3 3 3 1 1 3 4 1 1 1 2 1 4 1 3 4 1 1 2 1 1 4 1 4 1 2 1 3 3 4 4 1 1 1 4 1 3
71 0.019791 3 2 3 3 4 3 3 3 3 3 3 3 4 1 3 2 2 3 3 3 1 4 2 3 1 3 2 1 3 4 1 2 1 4 4 1 2 3 3 4 1 2 1 2 1 4 1 3 1 3 2 3 3 4 1 3 4 2 4 3 3 3 1 1 3 4 1 1 1 2 1 4 1 3 4 1 1 2 1 1 4 1 4 1 4 1 3 4 4 4 1 1 1 4 1 3
71 0.091320 3 2 3 3 4 3 1 3 3 3 3 3 4 1 3 2 2 1 3 3 1 4 2 3 3 3 2 1 1 4 1 2 1 4 4 1 2 3 3 4 1 2 1 2 1 4 1 3 1 3 2 3 3 4 1 3 4 2 4 3 3 3 1 1 3 4 1 1 1 2 1 4 1 3 4 1 1 2 1 1 4 1 4 1 4 1 3 4 4 4 1 1 1 4 1 3
71 0.019791 3 2 3 3 4 3 1 3 3 3 3 3 4 1 3 2 2 3 3 3 1 4 2 3 1 3 2 1 1 4 1 2 1 4 4 1 2 3 3 4 1 2 1 2 1 4 3 3 1 3 2 3 3 4 1 3 4 2 4 3 3 3 1 1 3 4 1 1 1 2 1 4 1 3 4 1 1 2 1 1 4 1 4 1 4 1 3 4 4 4 1 1 1 4 1 3
71 0.091320 3 2 3 3 4 3 1 3 3 3 3 3 4 1 3 2 2 1 3 3 1 4 2 3 1 3 2 1 1 4 1 2 1 4 4 1 2 3 3 4 1 2 1 2 1 4 1 3 1 1 2 3 3 4 1 3 4 2 4 3 3 3 1 1 3 4 1 1 1 2 1 4 1 3 4 1 1 2 1 1 4 1 4 3 4 1 3 4 4 4 1 1 1 4 1 3
71 0.091320 3 2 3 3 4 3 1 3 3 3 3 3 4 1 3 2 2 1 3 3 1 4 2 3 1 3 2 3 1 4 1 2 1 4 4 1 2 3 3 4 1 2 1 2 1 4 1 3 1 3 2 3 3 4 1 3 4 2 4 3 3 3 1 1 3 4 1 1 1 2 1 4 1 3 4 1 1 2 1 1 4 1 4 1 4 1 1 4 4 4 1 1 1 4 1 1
71 0.019791 3 2 3 3 4 3 1 3 3 3 3 3 4 1 3 2 2 1 3 3 1 4 2 3 1 3 2 1 1 4 1 2 1 4 4 1 2 3 3 4 3 2 1 2 1 4 1 3 1 3 2 3 3 4 1 3 4 2 4 3 3 3 1 1 3 4 1 1 1 2 1 4 1 3 4 1 1 2 1 1 4 1 4 1 4 1 3 4 4 4 1 1 1 4 1 3
71 0.091320 3 2 3 3 4 3 1 3 3 3 3 3 4 1 3 2 2 3 3 3 1 4 2 3 1 3 2 1 1 4 1 2 1 4 4 1 2 3 1 4 1 2 1 2 1 4 1 3 1 3 2 3 3 4 1 3 4 2 4 3 3 3 1 1 3 4 1 1 1 2 1 4 1 3 4 1 1 2 1 1 4 1 4 1 4 1 3 4 4 4 1 1 1 4 1 3
71 0.079163 3 2 3 3 4 3 1 3 3 3 3 3 4 1 3 2 2 3 3 3 1 4 2 3 1 3 2 1 1 4 1 2 1 4 4 1 2 3 3 4 1 2 1 2 1 4 1 3 1 3 2 3 3 4 1 3 4 2 4 3 3 3 1 1 3 4 1 1 1 2 1 4 1 3 4 1 1 2 1 1 4 1 4 1 4 1 3 4 4 4 1 1 1 4 1 3
72 0.095192 3 2 3 3 4 3 1 3 1 3 3 3 4 1 3 2 1 3 3 3 1 4 2 3 1 3 2 1 1 4 1 2 1 4 4 1 2 3 3 4 1 2 1 2 1 4 1 3 1 3 2 3 3 4 1 1 4 2 4 3 3 3 1 1 3 4 1 1 1 2 1 4 1 3 4 1 1 2 1 1 4 1 4 1 4 1 3 4 4 4 1 1 1 4 1 3
72 0.095192 3 2 3 3 4 1 1 3 3 3 3 3 4 1 3 2 2 1 3 1 1 4 2 3 1 3 2 1 1 4 1 2 1 4 4 1 2 3 3 4 1 2 1 2 1 4 1 3 1 3 2 3 3 4 1 3 4 2 4 3 3 3 1 1 3 4 1 1 1 2 1 4 1 3 4 1 1 2 1 1 4 1 3 1 4 1 3 4 4 4 1 1 1 4 1 3
72 0.095192 3 2 3 3 4 3 1 3 3 3 3 3 4 1 3 2 2 1 3 3 1 4 2 3 1 3 2 1 1 4 1 2 1 4 4 1 2 3 3 4 1 2 1 2 1 4 1 3 1 3 2 3 3 4 1 3 4 2 4 3 3 3 1 1 3 4 1 1 1 2 1 4 1 3 4 1 1 2 1 1 4 1 4 1 4 1 3 4 4 4 1 1 1 4 1 3
72 0.015919 3 2 3 3 4 3 1 3 3 3 3 3 4 1 3 2 1 3 3 3 1 4 2 3 1 3 2 1 1 4 1 2 1 4 4 1 2 3 3 4 1 2 1 2 1 4 1 3 1 3 2 3 3 4 1 3 2 2 4 3 3 3 1 1 3 4 1 1 1 2 1 4 1 3 4 1 1 2 1 1 4 1 4 1 4 1 3 4 4 4 1 1 1 4 1 3
72 0.095192 3 2 3 3 4 3 1 3 3 3 3 3 4 1 3 2 2 1 3 3 1 4 2 3 1 3 2 1 1 4 1 2 1 4 4 1 2 3 3 4 1 2 1 2 1 4 1 3 1 1 2 3 3 4 1 3 4 2 4 3 3 3 1 1 3 4 1 1 1 2 1 4 1 3 4 1 1 2 1 1 4 1 4 1 4 1 3 4 4 4 1 1 1 4 1 3
72 0.015919 3 2 3 3 4 3 1 3 3 3 3 1 4 1 3 2 2 3 3 3 1 4 2 3 1 3 2 1 1 4 1 2 1 4 4 1 2 3 3 4 1 2 1 2 1 4 1 3 1 3 2 3 3 4 1 3 4 2 4 3 3 3 1 1 3 4 1 1 1 2 1 4 1 3 4 1 1 2 1 1 4 1 4 1 4 1 3 4 4 4 1 1 1 4 1 3
72 0.095192 3 2 3 3 4 3 1 3 3 3 3 3 4 1 3 2 1 3 3 3 1 4 2 3 1 3 2 1 1 4 1 2 1 4 4 1 2 3 3 4 1 2 1 2 3 4 1 3 1 3 2 3 3 4 1 3 4 2 4 3 3 3 1 1 3 4 1 1 1 2 1 4 1 3 4 1 1 2 1 1 4 1 4 1 2 1 3 3 4 4 1 1 1 4 1 3
72 0.015919 3 2 3 3 4 3 3 3 3 3 3 3 4 1 3 2 2 3 3 3 1 4 2 3 1 3 2 1 3 4 1 2 1 4 4 1 2 3 3 4 1 2 1 2 1 4 1 3 1 3 2 3 3 4 1 3 4 2 4 3 3 3 1 1 3 4 1 1 1 2 1 4 1 3 4 1 1 2 1 1 4 1 4 1 4 1 3 4 4 4 1 1 1 4 1 3
72 0.095192 3 2 3 3 4 3 1 3 3 3 3 3 4 1 3 2 2 1 3 3 1 4 2 3 3 3 2 1 1 4 1 2 1 4 4 1 2 3 3 4 1 2 1 2 1 4 1 3 1 3 2 3 3 4 1 3 4 2 4 3 3 3 1 1 3 4 1 1 1 2 1 4 1 3 4 1 1 2 1 1 4 1 4 1 4 1 3 4 4 4 1 1 1 4 1 3
72 0.015919 3 2 3 3 4 3 1 3 3 3 3 3 4 1 3 2 2 3 3 3 1 4 2 3 1 3 2 1 1 4 1 2 1 4 4 1 2 3 3 4 1 2 1 2 1 4 3 3 1 3 2 3 3 4 1 3 4 2 4 3 3 3 1 1 3 4 1 1 1 2 1 4 1 3 4 1 1 2 1 1 4 1 4 1 4 1 3 4 4 4 1 1 1 4 1 3
72 0.095192 3 2 3 3 4 3 1 3 3 3 3 3 4 1 3 2 2 1 3 3 1 4 2 3 1 3 2 1 1 4 1 2 1 4 4 1 2 3 3 4 1 2 1 2 1 4 1 3 1 1 2 3 3 4 1 3 4 2 4 3 3 3 1 1 3 4 1 1 1 2 1 4 1 3 4 1 1 2 1 1 4 1 4 3 4 1 3 4 4 4 1 1 1 4 1 3
72 0.095192 3 2 3 3 4 3 1 3 3 3 3 3 4 1 3 2 2 1 3 3 1 4 2 3 1 3 2 3 1 4 1 2 1 4 4 1 2 3 3 4 1 2 1 2 1 4 1 3 1 3 2 3 3 4 1 3 4 2 4 3 3 3 1 1 3 4 1 1 1 2 1 4 1 3 4 1 1 2 1 1 4 1 4 1 4 1 1 4 4 4 1 1 1 4 1 1
72 0.015919 3 2 3 3 4 3 1 3 3 3 3 3 4 1 3 2 2 1 3 3 1 4 2 3 1 3 2 1 1 4 1 2 1 4 4 1 2 3 3 4 3 2 1 2 1 4 1 3 1 3 2 3 3 4 1 3 4 2 4 3 3 3 1 1 3 4 1 1 1 2 1 4 1 3 4 1 1 2 1 1 4 1 4 1 4 1 3 4 4 4 1 1 1 4 1 3
72 0.095192 3 2 3 3 4 3 1 3 3 3 3 3 4 1 3 2 2 3 3 3 1 4 2 3 1 3 2 1 1 4 1 2 1 4 4 1 2 3 1 4 1 2 1 2 1 4 1 3 1 3 2 3 3 4 1 3 4 2 4 3 3 3 1 1 3 4 1 1 1 2 1 4 1 3 4 1 1 2 1 1 4 1 4 1 4 1 3 4 4 4 1 1 1 4 1 3
72 0.063677 3 2 3 3 4 3 1 3 3 3 3 3 4 1 3 2 2 3 3 3 1 4 2 3 1 3 2 1 1 4 1 2 1 4 4 1 2 3 3 4 1 2 1 2 1 4 1 3 1 3 2 3 3 4 1 3 4 2 4 3 3 3 1 1 3 4 1 1 1 2 1 4 1 3 4 1 1 2 1 1 4 1 4 1 4 1 3 4 4 4 1 1 1 4 1 3
73 0.098440 3 2 3 3 4 3 1 3 1 3 3 3 4 1 3 2 1 3 3 3 1 4 2 3 1 3 2 1 1 4 1 2 1 4 4 1 2 3 3 4 1 2 1 2 1 4 1 3 1 3 2 3 3 4 1 1 4 2 4 3 3 3 1 1 3 4 1 1 1 2 1 4 1 3 4 1 1 2 1 1 4 1 4 1 4 1 3 4 4 4 1 1 1 4 1 3
73 0.098440 3 2 3 3 4 1 1 3 3 3 3 3 4 1 3 2 2 1 3 1 1 4 2 3 1 3 2 1 1 4 1 2 1 4 4 1 2 3 3 4 1 2 1 2 1 4 1 3 1 3 2 3 3 4 1 3 4 2 4 3 3 3 1 1 3 4 1 1 1 2 1 4 1 3 4 1 1 2 1 1 4 1 3 1 4 1 3 4 4 4 1 1 1 4 1 3
73 0.098440 3 2 3 3 4 3 1 3 3 3 3 3 4 1 3 2 2 1 3 3 1 4 2 3 1 3 2 1 1 4 1 2 1 4 4 1 2 3 3 4 1 2 1 2 1 4 1 3 1 3 2 3 3 4 1 3 4 2 4 3 3 3 1 1 3 4 1 1 1 2 1 4 1 3 4 1 1 2 1 1 4 1 4 1 4 1 3 4 4 4 1 1 1 4 1 3
73 0.012671 3 2 3 3 4 3 1 3 3 3 3 3 4 1 3 2 1 3 3 3 1 4 2 3 1 3 2 1 1 4 1 2 1 4 4 1 2 3 3 4 1 2 1 2 1 4 1 3 1 3 2 3 3 4 1 3 2 2 4 3 3 3 1 1 3 4 1 1 1 2 1 4 1 3 4 1 1 2 1 1 4 1 4 1 4 1 3 4 4 4 1 1 1 4 1 3
73 0.098440 3 2 3 3 4 3 1 3 3 3 3 3 4 1 3 2 2 1 3 3 1 4 2 3 1 3 2 1 1 4 1 2 1 4 4 1 2 3 3 4 1 2 1 2 1 4 1 3 1 1 2 3 3 4 1 3 4 2 4 3 3 3 1 1 3 4 1 1 1 2 1 4 1 3 4 1 1 2 1 1 4 1 4 1 4 1 3 4 4 4 1 1 1 4 1 3
73 0.012671 3 2 3 3 4 3 1 3 3 3 3 1 4 1 3 2 2 3 3 3 1 4 2 3 1 3 2 1 1 4 1 2 1 4 4 1 2 3 3 4 1 2 1 2 1 4 1 3 1 3 2 3 3 4 1 3 4 2 4 3 3 3 1 1 3 4 1 1 1 2 1 4 1 3 4 1 1 2 1 1 4 1 4 1 4 1 3 4 4 4 1 1 1 4 1 3
73 0.098440 3 2 3 3 4 3 1 3 3 3 3 3 4 1 3 2 1 3 3 3 1 4 2 3 1 3 2 1 1 4 1 2 1 4 4 1 2 3 3 4 1 2 1 2 3 4 1 3 1 3 2 3 3 4 1 3 4 2 4 3 3 3 1 1 3 4 1 1 1 2 1 4 1 3 4 1 1 2 1 1 4 1 4 1 2 1 3 3 4 4 1 1 1 4 1 3
73 0.012671 3 2 3 3 4 3 3 3 3 3 3 3 4 1 3 2 2 3 3 3 1 4 2 3 1 3 2 1 3 4 1 2 1 4 4 1 2 3 3 4 1 2 1 2 1 4 1 3 1 3 2 3 3 4 1 3 4 2 4 3 3 3 1 1 3 4 1 1 1 2 1 4 1 3 4 1 1 2 1 1 4 1 4 1 4 1 3 4 4 4 1 1 1 4 1 3
73 0.098440 3 2 3 3 4 3 1 3 3 3 3 3 4 1 3 2 2 1 3 3 1 4 2 3 3 3 2 1 1 4 1 2 1 4 4 1 2 3 3 4 1 2 1 2 1 4 1 3 1 3 2 3 3 4 1 3 4 2 4 3 3 3 1 1 3 4 1 1 1 2 1 4 1 3 4 1 1 2 1 1 4 1 4 1 4 1 3 4 4 4 1 1 1 4 1 3
73 0.012671 3 2 3 3 4 3 1 3 3 3 3 3 4 1 3 2 2 3 3 3 1 4 2 3 1 3 2 1 1 4 1 2 1 4 4 1 2 3 3 4 1 2 1 2 1 4 3 3 1 3 2 3 3 4 1 3 4 2 4 3 3 3 1 1 3 4 1 1 1 2 1 4 1 3 4 1 1 2 1 1 4 1 4 1 4 1 3 4 4 4 1 1 1 4 1 3
73 0.098440 3 2 3 3 4 3 1 3 3 3 3 3 4 1 3 2 2 1 3 3 1 4 2 3 1 3 2 1 1 4 1 2 1 4 4 1 2 3 3 4 1 2 1 2 1 4 1 3 1 1 2 3 3 4 1 3 4 2 4 3 3 3 1 1 3 4 1 1 1 2 1 4 1 3 4 1 1 2 1 1 4 1 4 3 4 1 3 4 4 4 1 1 1 4 1 3
73 0.098440 3 2 3 3 4 3 1 3 3 3 3 3 4 1 3 2 2 1 3 3 1 4 2 3 1 3 2 3 1 4 1 2 1 4 4 1 2 3 3 4 1 2 1 2 1 4 1 3 1 3 2 3 3 4 1 3 4 2 4 3 3 3 1 1 3 4 1 1 1 2 1 4 1 3 4 1 1 2 1 1 4 1 4 1 4 1 1 4 4 4 1 1 1 4 1 1
73 0.012671 3 2 3 3 4 3 1 3 3 3 3 3 4 1 3 2 2 1 3 3 1 4 2 3 1 3 2 1 1 4 1 2 1 4 4 1 2 3 3 4 3 2 1 2 1 4 1 3 1 3 2 3 3 4 1 3 4 2 4 3 3 3 1 1 3 4 1 1 1 2 1 4 1 3 4 1 1 2 1 1 4 1 4 1 4 1 3 4 4 4 1 1 1 4 1 3
73 0.098440 3 2 3 3 4 3 1 3 3 3 3 3 4 1 3 2 2 3 3 3 1 4 2 3 1 3 2 1 1 4 1 2 1 4 4 1 2 3 1 4 1 2 1 2 1 4 1 3 1 3 2 3 3 4 1 3 4 2 4 3 3 3 1 1 3 4 1 1 1 2 1 4 1 3 4 1 1 2 1 1 4 1 4 1 4 1 3 4 4 4 1 1 1 4 1 3
73 0.050683 3 2 3 3 4 3 1 3 3 3 3 3 4 1 3 2 2 3 3 3 1 4 2 3 1 3 2 1 1 4 1 2 1 4 4 1 2 3 3 4 1 2 1 2 1 4 1 3 1 3 2 3 3 4 1 3 4 2 4 3 3 3 1 1 3 4 1 1 1 2 1 4 1 3 4 1 1 2 1 1 4 1 4 1 4 1 3 4 4 4 1 1 1 4 1 3
74 0.101127 3 2 3 3 4 3 1 3 1 3 3 3 4 1 3 2 1 3 3 3 1 4 2 3 1 3 2 1 1 4 1 2 1 4 4 1 2 3 3 4 1 2 1 2 1 4 1 3 1 3 2 3 3 4 1 1 4 2 4 3 3 3 1 1 3 4 1 1 1 2 1 4 1 3 4 1 1 2 1 1 4 1 4 1 4 1 3 4 4 4 1 1 1 4 1 3
74 0.101127 3 2 3 3 4 1 1 3 3 3 3 3 4 1 3 2 2 1 3 1 1 4 2 3 1 3 2 1 1 4 1 2 1 4 4 1 2 3 3 4 1 2 1 2 1 4 1 3 1 3 2 3 3 4 1 3 4 2 4 3 3 3 1 1 3 4 1 1 1 2 1 4 1 3 4 1 1 2 1 1 4 1 3 1 4 1 3 4 4 4 1 1 1 4 1 3
74 0.101127 3 2 3 3 4 3 1 3 3 3 3 3 4 1 3 2 2 1 3 3 1 4 2 3 1 3 2 1 1 4 1 2 1 4 4 1 2 3 3 4 1 2 1 2 1 4 1 3 1 3 2 3 3 4 1 3 4 2 4 3 3 3 1 1 3 4 1 1 1 2 1 4 1 3 4 1 1 2 1 1 4 1 4 1 4 1 3 4 4 4 1 1 1 4 1 3
74 0.009984 3 2 3 3 4 3 1 3 3 3 3 3 4 1 3 2 1 3 3 3 1 4 2 3 1 3 2 1 1 4 1 2 1 4 4 1 2 3 3 4 1 2 1 2 1 4 1 3 1 3 2 3 3 4 1 3 2 2 4 3 3 3 1 1 3 4 1 1 1 2 1 4 1 3 4 1 1 2 1 1 4 1 4 1 4 1 3 4 4 4 1 1 1 4 1 3
74 0.101127 3 2 3 3 4 3 1 3 3 3 3 3 4 1 3 2 2 1 3 3 1 4 2 3 1 3 2 1 1 4 1 2 1 4 4 1 2 3 3 4 1 2 1 2 1 4 1 3 1 1 2 3 3 4 1 3 4 2 4 3 3 3 1 1 3 4 1 1 1 2 1 4 1 3 4 1 1 2 1 1 4 1 4 1 4 1 3 4 4 4 1 1 1 4 1 3
74 0.009984 3 2 3 3 4 3 1 3 3 3 3 1 4 1 3 2 2 3 3 3 1 4 2 3 1 3 2 1 1 4 1 2 1 4 4 1 2 3 3 4 1 2 1 2 1 4 1 3 1 3 2 3 3 4 1 3 4 2 4 3 3 3 1 1 3 4 1 1 1 2 1 4 1 3 4 1 1 2 1 1 4 1 4 1 4 1 3 4 4 4 1 1 1 4 1 3
74 0.101127 3 2 3 3 4 3 1 3 3 3 3 3 4 1 3 2 1 3 3 3 1 4 2 3 1 3 2 1 1 4 1 2 1 4 4 1 2 3 3 4 1 2 1 2 3 4 1 3 1 3 2 3 3 4 1 3 4 2 4 3 3 3 1 1 3 4 1 1 1 2 1 4 1 3 4 1 1 2 1 1 4 1 4 1 2 1 3 3 4 4 1 1 1 4 1 3
74 0.009984 3 2 3 3 4 3 3 3 3 3 3 3 4 1 3 2 2 3 3 3 1 4 2 3 1 3 2 1 3 4 1 2 1 4 4 1 2 3 3 4 1 2 1 2 1 4 1 3 1 3 2 3 3 4 1 3 4 2 4 3 3 3 1 1 3 4 1 1 1 2 1 4 1 3 4 1 1 2 1 1 4 1 4 1 4 1 3 4 4 4 1 1 1 4 1 3
74 0.101127 3 2 3 3 4 3 1 3 3 3 3 3 4 1 3 2 2 1 3 3 1 4 2 3 3 3 2 1 1 4 1 2 1 4 4 1 2 3 3 4 1 2 1 2 1 4 1 3 1 3 2 3 3 4 1 3 4 2 4 3 3 3 1 1 3 4 1 1 1 2 1 4 1 3 4 1 1 2 1 1 4 1 4 1 4 1 3 4 4 4 1 1 1 4 1 3
74 0.009984 3 2 3 3 4 3 1 3 3 3 3 3 4 1 3 2 2 3 3 3 1 4 2 3 1 3 2 1 1 4 1 2 1 4 4 1 2 3 3 4 1 2 1 2 1 4 3 3 1 3 2 3 3 4 1 3 4 2 4 3 3 3 1 1 3 4 1 1 1 2 1 4 1 3 4 1 1 2 1 1 4 1 4 1 4 1 3 4 4 4 1 1 1 4 1 3
74 0.101127 3 2 3 3 4 3 1 3 3 3 3 3 4 1 3 2 2 1 3 3 1 4 2 3 1 3 2 1 1 4 1 2 1 4 4 1 2 3 3 4 1 2 1 2 1 4 1 3 1 1 2 3 3 4 1 3 4 2 4 3 3 3 1 1 3 4 1 1 1 2 1 4 1 3 4 1 1 2 1 1 4 1 4 3 4 1 3 4 4 4 1 1 1 4 1 3
74 0.101127 3 2 3 3 4 3 1 3 3 3 3 3 4 1 3 2 2 1 3 3 1 4 2 3 1 3 2 3 1 4 1 2 1 4 4 1 2 3 3 4 1 2 1 2 1 4 1 3 1 3 2 3 3 4 1 3 4 2 4 3 3 3 1 1 3 4 1 1 1 2 1 4 1 3 4 1 1 2 1 1 4 1 4 1 4 1 1 4 4 4 1 1 1 4 1 1
74 0.009984 3 2 3 3 4 3 1 3 3 3 3 3 4 1 3 2 2 1 3 3 1 4 2 3 1 3 2 1 1 4 1 2 1 4 4 1 2 3 3 4 3 2 1 2 1 4 1 3 1 3 2 3 3 4 1 3 4 2 4 3 3 3 1 1 3 4 1 1 1 2 1 4 1 3 4 1 1 2 1 1 4 1 4 1 4 1 3 4 4 4 1 1 1 4 1 3
74 0.101127 3 2 3 3 4 3 1 3 3 3 3 3 4 1 3 2 2 3 3 3 1 4 2 3 1 3 2 1 1 4 1 2 1 4 4 1 2 3 1 4 1 2 1 2 1 4 1 3 1 3 2 3 3 4 1 3 4 2 4 3 3 3 1 1 3 4 1 1 1 2 1 4 1 3 4 1 1 2 1 1 4 1 4 1 4 1 3 4 4 4 1 1 1 4 1 3
74 0.039938 3 2 3 3 4 3 1 3 3 3 3 3 4 1 3 2 2 3 3 3 1 4 2 3 1 3 2 1 1 4 1 2 1 4 4 1 2 3 3 4 1 2 1 2 1 4 1 3 1 3 2 3 3 4 1 3 4 2 4 3 3 3 1 1 3 4 1 1 1 2 1 4 1 3 4 1 1 2 1 1 4 1 4 1 4 1 3 4 4 4 1 1 1 4 1 3
75 0.103322 3 2 3 3 4 3 1 3 1 3 3 3 4 1 3 2 1 3 3 3 1 4 2 3 1 3 2 1 1 4 1 2 1 4 4 1 2 3 3 4 1 2 1 2 1 4 1 3 1 3 2 3 3 4 1 1 4 2 4 3 3 3 1 1 3 4 1 1 1 2 1 4 1 3 4 1 1 2 1 1 4 1 4 1 4 1 3 4 4 4 1 1 1 4 1 3
75 0.103322 3 2 3 3 4 1 1 3 3 3 3 3 4 1 3 2 2 1 3 1 1 4 2 3 1 3 2 1 1 4 1 2 1 4 4 1 2 3 3 4 1 2 1 2 1 4 1 3 1 3 2 3 3 4 1 3 4 2 4 3 3 3 1 1 3 4 1 1 1 2 1 4 1 3 4 1 1 2 1 1 4 1 3 1 4 1 3 4 4 4 1 1 1 4 1 3
75 0.103322 3 2 3 3 4 3 1 3 3 3 3 3 4 1 3 2 2 1 3 3 1 4 2 3 1 3 2 1 1 4 1 2 1 4 4 1 2 3 3 4 1 2 1 2 1 4 1 3 1 3 2 3 3 4 1 3 4 2 4 3 3 3 1 1 3 4 1 1 1 2 1 4 1 3 4 1 1 2 1 1 4 1 4 1 4 1 3 4 4 4 1 1 1 4 1 3
75 0.007789 3 2 3 3 4 3 1 3 3 3 3 3 4 1 3 2 1 3 3 3 1 4 2 3 1 3 2 1 1 4 1 2 1 4 4 1 2 3 3 4 1 2 1 2 1 4 1 3 1 3 2 3 3 4 1 3 2 2 4 3 3 3 1 1 3 4 1 1 1 2 1 4 1 3 4 1 1 2 1 1 4 1 4 1 4 1 3 4 4 4 1 1 1 4 1 3
75 0.103322 3 2 3 3 4 3 1 3 3 3 3 3 4 1 3 2 2 1 3 3 1 4 2 3 1 3 2 1 1 4 1 2 1 4 4 1 2 3 3 4 1 2 1 2 1 4 1 3 1 1 2 3 3 4 1 3 4 2 4 3 3 3 1 1 3 4 1 1 1 2 1 4 1 3 4 1 1 2 1 1 4 1 4 1 4 1 3 4 4 4 1 1 1 4 1 3
75 0.007789 3 2 3 3 4 3 1 3 3 3 3 1 4 1 3 2 2 3 3 3 1 4 2 3 1 3 2 1 1 4 1 2 1 4 4 1 2 3 3 4 1 2 1 2 1 4 1 3 1 3 2 3 3 4 1 3 4 2 4 3 3 3 1 1 3 4 1 1 1 2 1 4 1 3 4 1 1 2 1 1 4 1 4 1 4 1 3 4 4 4 1 1 1 4 1 3
75 0.103322 3 2 3 3 4 3 1 3 3 3 3 3 4 1 3 2 1 3 3 3 1 4 2 3 1 3 2 1 1 4 1 2 1 4 4 1 2 3 3 4 1 2 1 2 3 4 1 3 1 3 2 3 3 4 1 3 4 2 4 3 3 3 1 1 3 4 1 1 1 2 1 4 1 3 4 1 1 2 1 1 4 1 4 1 2 1 3 3 4 4 1 1 1 4 1 3
75 0.007789 3 2 3 3 4 3 3 3 3 3 3 3 4 1 3 2 2 3 3 3 1 4 2 3 1 3 2 1 3 4 1 2 1 4 4 1 2 3 3 4 1 2 1 2 1 4 1 3 1 3 2 3 3 4 1 3 4 2 4 3 3 3 1 1 3 4 1 1 1 2 1 4 1 3 4 1 1 2 1 1 4 1 4 1 4 1 3 4 4 4 1 1 1 4 1 3
75 0.103322 3 2 3 3 4 3 1 3 3 3 3 3 4 1 3 2 2 1 3 3 1 4 2 3 3 3 2 1 1 4 1 2 1 4 4 1 2 3 3 4 1 2 1 2 1 4 1 3 1 3 2 3 3 4 1 3 4 2 4 3 3 3 1 1 3 4 1 1 1 2 1 4 1 3 4 1 1 2 1 1 4 1 4 1 4 1 3 4 4 4 1 1 1 4 1 3
75 0.007789 3 2 3 3 4 3 1 3 3 3 3 3 4 1 3 2 2 3 3 3 1 4 2 3 1 3 2 1 1 4 1 2 1 4 4 1 2 3 3 4 1 2 1 2 1 4 3 3 1 3 2 3 3 4 1 3 4 2 4 3 3 3 1 1 3 4 1 1 1 2 1 4 1 3 4 1 1 2 1 1 4 1 4 1 4 1 3 4 4 4 1 1 1 4 1 3
75 0.103322 3 2 3 3 4 3 1 3 3 3 3 3 4 1 3 2 2 1 3 3 1 4 2 3 1 3 2 1 1 4 1 2 1 4 4 1 2 3 3 4 1 2 1 2 1 4 1 3 1 1 2 3 3 4 1 3 4 2 4 3 3 3 1 1 3 4 1 1 1 2 1 4 1 3 4 1 1 2 1 1 4 1 4 3 4 1 3 4 4 4 1 1 1 4 1 3
75 0.103322 3 2 3 3 4 3 1 3 3 3 3 3 4 1 3 2 2 1 3 3 1 4 2 3 1 3 2 3 1 4 1 2 1 4 4 1 2 3 3 4 1 2 1 2 1 4 1 3 1 3 2 3 3 4 1 3 4 2 4 3 3 3 1 1 3 4 1 1 1 2 1 4 1 3 4 1 1 2 1 1 4 1 4 1 4 1 1 4 4 4 1 1 1 4 1 1
75 0.007789 3 2 3 3 4 3 1 3 3 3 3 3 4 1 3 2 2 1 3 3 1 4 2 3 1 3 2 1 1 4 1 2 1 4 4 1 2 3 3 4 3 2 1 2 1 4 1 3 1 3 2 3 3 4 1 3 4 2 4 3 3 3 1 1 3 4 1 1 1 2 1 4 1 3 4 1 1 2 1 1 4 1 4 1 4 1 3 4 4 4 1 1 1 4 1 3
75 0.103322 3 2 3 3 4 3 1 3 3 3 3 3 4 1 3 2 2 3 3 3 1 4 2 3 1 3 2 1 1 4 1 2 1 4 4 1 2 3 1 4 1 2 1 2 1 4 1 3 1 3 2 3 3 4 1 3 4 2 4 3 3 3 1 1 3 4 1 1 1 2 1 4 1 3 4 1 1 2 1 1 4 1 4 1 4 1 3 4 4 4 1 1 1 4 1 3
75 0.031157 3 2 3 3 4 3 1 3 3 3 3 3 4 1 3 2 2 3 3 3 1 4 2 3 1 3 2 1 1 4 1 2 1 4 4 1 2 3 3 4 1 2 1 2 1 4 1 3 1 3 2 3 3 4 1 3 4 2 4 3 3 3 1 1 3 4 1 1 1 2 1 4 1 3 4 1 1 2 1 1 4 1 4 1 4 1 3 4 4 4 1 1 1 4 1 3
76 0.105098 3 2 3 3 4 3 1 3 1 3 3 3 4 1 3 2 1 3 3 3 1 4 2 3 1 3 2 1 1 4 1 2 1 4 4 1 2 3 3 4 1 2 1 2 1 4 1 3 1 3 2 3 3 4 1 1 4 2 4 3 3 3 1 1 3 4 1 1 1 2 1 4 1 3 4 1 1 2 1 1 4 1 4 1 4 1 3 4 4 4 1 1 1 4 1 3
76 0.105098 3 2 3 3 4 1 1 3 3 3 3 3 4 1 3 2 2 1 3 1 1 4 2 3 1 3 2 1 1 4 1 2 1 4 4 1 2 3 3 4 1 2 1 2 1 4 1 3 1 3 2 3 3 4 1 3 4 2 4 3 3 3 1 1 3 4 1 1 1 2 1 4 1 3 4 1 1 2 1 1 4 1 3 1 4 1 3 4 4 4 1 1 1 4 1 3
76 0.105098 3 2 3 3 4 3 1 3 3 3 3 3 4 1 3 2 2 1 3 3 1 4 2 3 1 3 2 1 1 4 1 2 1 4 4 1 2 3 3 4 1 2 1 2 1 4 1 3 1 3 2 3 3 4 1 3 4 2 4 3 3 3 1 1 3 4 1 1 1 2 1 4 1 3 4 1 1 2 1 1 4 1 4 1 4 1 3 4 4 4 1 1 1 4 1 3
76 0.006013 3 2 3 3 4 3 1 3 3 3 3 3 4 1 3 2 1 3 3 3 1 4 2 3 1 3 2 1 1 4 1 2 1 4 4 1 2 3 3 4 1 2 1 2 1 4 1 3 1 3 2 3 3 4 1 3 2 2 4 3 3 3 1 1 3 4 1 1 1 2 1 4 1 3 4 1 1 2 1 1 4 1 4 1 4 1 3 4 4 4 1 1 1 4 1 3
76 0.105098 3 2 3 3 4 3 1 3 3 3 3 3 4 1 3 2 2 1 3 3 1 4 2 3 1 3 2 1 1 4 1 2 1 4 4 1 2 3 3 4 1 2 1 2 1 4 1 3 1 1 2 3 3 4 1 3 4 2 4 3 3 3 1 1 3 4 1 1 1 2 1 4 1 3 4 1 1 2 1 1 4 1 4 1 4 1 3 4 4 4 1 1 1 4 1 3
76 0.006013 3 2 3 3 4 3 1 3 3 3 3 1 4 1 3 2 2 3 3 3 1 4 2 3 1 3 2 1 1 4 1 2 1 4 4 1 2 3 3 4 1 2 1 2 1 4 1 3 1 3 2 3 3 4 1 3 4 2 4 3 3 3 1 1 3 4 1 1 1 2 1 4 1 3 4 1 1 2 1 1 4 1 4 1 4 1 3 4 4 4 1 1 1 4 1 3
76 0.105098 3 2 3 3 4 3 1 3 3 3 3 3 4 1 3 2 1 3 3 3 1 4 2 3 1 3 2 1 1 4 1 2 1 4 4 1 2 3 3 4 1 2 1 2 3 4 1 3 1 3 2 3 3 4 1 3 4 2 4 3 3 3 1 1 3 4 1 1 1 2 1 4 1 3 4 1 1 2 1 1 4 1 4 1 2 1 3 3 4 4 1 1 1 4 1 3
76 0.006013 3 2 3 3 4 3 3 3 3 3 3 3 4 1 3 2 2 3 3 3 1 4 2 3 1 3 2 1 3 4 1 2 1 4 4 1 2 3 3 4 1 2 1 2 1 4 1 3 1 3 2 3 3 4 1 3 4 2 4 3 3 3 1 1 3 4 1 1 1 2 1 4 1 3 4 1 1 2 1 1 4 1 4 1 4 1 3 4 4 4 1 1 1 4 1 3
76 0.105098 3 2 3 3 4 3 1 3 3 3 3 3 4 1 3 2 2 1 3 3 1 4 2 3 3 3 2 1 1 4 1 2 1 4 4 1 2 3 3 4 1 2 1 2 1 4 1 3 1 3 2 3 3 4 1 3 4 2 4 3 3 3 1 1 3 4 1 1 1 2 1 4 1 3 4 1 1 2 1 1 4 1 4 1 4 1 3 4 4 4 1 1 1 4 1 3
76 0.006013 3 2 3 3 4 3 1 3 3 3 3 3 4 1 3 2 2 3 3 3 1 4 2 3 1 3 2 1 1 4 1 2 1 4 4 1 2 3 3 4 1 2 1 2 1 4 3 3 1 3 2 3 3 4 1 3 4 2 4 3 3 3 1 1 3 4 1 1 1 2 1 4 1 3 4 1 1 2 1 1 4 1 4 1 4 1 3 4 4 4 1 1 1 4 1 3
76 0.105098 3 2 3 3 4 3 1 3 3 3 3 3 4 1 3 2 2 1 3 3 1 4 2 3 1 3 2 1 1 4 1 2 1 4 4 1 2 3 3 4 1 2 1 2 1 4 1 3 1 1 2 3 3 4 1 3 4 2 4 3 3 3 1 1 3 4 1 1 1 2 1 4 1 3 4 1 1 2 1 1 4 1 4 3 4 1 3 4 4 4 1 1 1 4 1 3
76 0.105098 3 2 3 3 4 3 1 3 3 3 3 3 4 1 3 2 2 1 3 3 1 4 2 3 1 3 2 3 1 4 1 2 1 4 4 1 2 3 3 4 1 2 1 2 1 4 1 3 1 3 2 3 3 4 1 3 4 2 4 3 3 3 1 1 3 4 1 1 1 2 1 4 1 3 4 1 1 2 1 1 4 1 4 1 4 1 1 4 4 4 1 1 1 4 1 1
76 0.006013 3 2 3 3 4 3 1 3 3 3 3 3 4 1 3 2 2 1 3 3 1 4 2 3 1 3 2 1 1 4 1 2 1 4 4 1 2 3 3 4 3 2 1 2 1 4 1 3 1 3 2 3 3 4 1 3 4 2 4 3 3 3 1 1 3 4 1 1 1 2 1 4 1 3 4 1 1 2 1 1 4 1 4 1 4 1 3 4 4 4 1 1 1 4 1 3
76 0.105098 3 2 3 3 4 3 1 3 3 3 3 3 4 1 3 2 2 3 3 3 1 4 2 3 1 3 2 1 1 4 1 2 1 4 4 1 2 3 1 4 1 2 1 2 1 4 1 3 1 3 2 3 3 4 1 3 4 2 4 3 3 3 1 1 3 4 1 1 1 2 1 4 1 3 4 1 1 2 1 1 4 1 4 1 4 1 3 4 4 4 1 1 1 4 1 3
76 0.024053 3 2 3 3 4 3 1 3 3 3 3 3 4 1 3 2 2 3 3 3 1 4 2 3 1 3 2 1 1 4 1 2 1 4 4 1 2 3 3 4 1 2 1 2 1 4 1 3 1 3 2 3 3 4 1 3 4 2 4 3 3 3 1 1 3 4 1 1 1 2 1 4 1 3 4 1 1 2 1 1 4 1 4 1 4 1 3 4 4 4 1 1 1 4 1 3
77 0.106524 3 2 3 3 4 3 1 3 1 3 3 3 4 1 3 2 1 3 3 3 1 4 2 3 1 3 2 1 1 4 1 2 1 4 4 1 2 3 3 4 1 2 1 2 1 4 1 3 1 3 2 3 3 4 1 1 4 2 4 3 3 3 1 1 3 4 1 1 1 2 1 4 1 3 4 1 1 2 1 1 4 1 4 1 4 1 3 4 4 4 1 1 1 4 1 3
77 0.106524 3 2 3 3 4 1 1 3 3 3 3 3 4 1 3 2 2 1 3 1 1 4 2 3 1 3 2 1 1 4 1 2 1 4 4 1 2 3 3 4 1 2 1 2 1 4 1 3 1 3 2 3 3 4 1 3 4 2 4 3 3 3 1 1 3 4 1 1 1 2 1 4 1 3 4 1 1 2 1 1 4 1 3 1 4 1 3 4 4 4 1 1 1 4 1 3
77 0.106524 3 2 3 3 4 3 1 3 3 3 3 3 4 1 3 2 2 1 3 3 1 4 2 3 1 3 2 1 1 4 1 2 1 4 4 1 2 3 3 4 1 2 1 2 1 4 1 3 1 3 2 3 3 4 1 3 4 2 4 3 3 3 1 1 3 4 1 1 1 2 1 4 1 3 4 1 1 2 1 1 4 1 4 1 4 1 3 4 4 4 1 1 1 4 1 3
77 0.004587 3 2 3 3 4 3 1 3 3 3 3 3 4 1 3 2 1 3 3 3 1 4 2 3 1 3 2 1 1 4 1 2 1 4 4 1 2 3 3 4 1 2 1 2 1 4 1 3 1 3 2 3 3 4 1 3 2 2 4 3 3 3 1 1 3 4 1 1 1 2 1 4 1 3 4 1 1 2 1 1 4 1 4 1 4 1 3 4 4 4 1 1 1 4 1 3
77 0.106524 3 2 3 3 4 3 1 3 3 3 3 3 4 1 3 2 2 1 3 3 1 4 2 3 1 3 2 1 1 4 1 2 1 4 4 1 2 3 3 4 1 2 1 2 1 4 1 3 1 1 2 3 3 4 1 3 4 2 4 3 3 3 1 1 3 4 1 1 1 2 1 4 1 3 4 1 1 2 1 1 4 1 4 1 4 1 3 4 4 4 1 1 1 4 1 3
77 0.004587 3 2 3 3 4 3 1 3 3 3 3 1 4 1 3 2 2 3 3 3 1 4 2 3 1 3 2 1 1 4 1 2 1 4 4 1 2 3 3 4 1 2 1 2 1 4 1 3 1 3 2 3 3 4 1 3 4 2 4 3 3 3 1 1 3 4 1 1 1 2 1 4 1 3 4 1 1 2 1 1 4 1 4 1 4 1 3 4 4 4 1 1 1 4 1 3
77 0.106524 3 2 3 3 4 3 1 3 3 3 3 3 4 1 3 2 1 3 3 3 1 4 2 3 1 3 2 1 1 4 1 2 1 4 4 1 2 3 3 4 1 2 1 2 3 4 1 3 1 3 2 3 3 4 1 3 4 2 4 3 3 3 1 1 3 4 1 1 1 2 1 4 1 3 4 1 1 2 1 1 4 1 4 1 2 1 3 3 4 4 1 1 1 4 1 3
77 0.004587 3 2 3 3 4 3 3 3 3 3 3 3 4 1 3 2 2 3 3 3 1 4 2 3 1 3 2 1 3 4 1 2 1 4 4 1 2 3 3 4 1 2 1 2 1 4 1 3 1 3 2 3 3 4 1 3 4 2 4 3 3 3 1 1 3 4 1 1 1 2 1 4 1 3 4 1 1 2 1 1 4 1 4 1 4 1 3 4 4 4 1 1 1 4 1 3
77 0.106524 3 2 3 3 4 3 1 3 3 3 3 3 4 1 3 2 2 1 3 3 1 4 2 3 3 3 2 1 1 4 1 2 1 4 4 1 2 3 3 4 1 2 1 2 1 4 1 3 1 3 2 3 3 4 1 3 4 2 4 3 3 3 1 1 3 4 1 1 1 2 1 4 1 3 4 1 1 2 1 1 4 1 4 1 4 1 3 4 4 4 1 1 1 4 1 3
77 0.004587 3 2 3 3 4 3 1 3 3 3 3 3 4 1 3 2 2 3 3 3 1 4 2 3 1 3 2 1 1 4 1 2 1 4 4 1 2 3 3 4 1 2 1 2 1 4 3 3 1 3 2 3 3 4 1 3 4 2 4 3 3 3 1 1 3 4 1 1 1 2 1 4 1 3 4 1 1 2 1 1 4 1 4 1 4 1 3 4 4 4 1 1 1 4 1 3
77 0.106524 3 2 3 3 4 3 1 3 3 3 3 3 4 1 3 2 2 1 3 3 1 4 2 3 1 3 2 1 1 4 1 2 1 4 4 1 2 3 3 4 1 2 1 2 1 4 1 3 1 1 2 3 3 4 1 3 4 2 4 3 3 3 1 1 3 4 1 1 1 2 1 4 1 3 4 1 1 2 1 1 4 1 4 3 4 1 3 4 4 4 1 1 1 4 1 3
77 0.106524 3 2 3 3 4 3 1 3 3 3 3 3 4 1 3 2 2 1 3 3 1 4 2 3 1 3 2 3 1 4 1 2 1 4 4 1 2 3 3 4 1 2 1 2 1 4 1 3 1 3 2 3 3 4 1 3 4 2 4 3 3 3 1 1 3 4 1 1 1 2 1 4 1 3 4 1 1 2 1 1 4 1 4 1 4 1 1 4 4 4 1 1 1 4 1 1
77 0.004587 3 2 3 3 4 3 1 3 3 3 3 3 4 1 3 2 2 1 3 3 1 4 2 3 1 3 2 1 1 4 1 2 1 4 4 1 2 3 3 4 3 2 1 2 1 4 1 3 1 3 2 3 3 4 1 3 4 2 4 3 3 3 1 1 3 4 1 1 1 2 1 4 1 3 4 1 1 2 1 1 4 1 4 1 4 1 3 4 4 4 1 1 1 4 1 3
77 0.106524 3 2 3 3 4 3 1 3 3 3 3 3 4 1 3 2 2 3 3 3 1 4 2 3 1 3 2 1 1 4 1 2 1 4 4 1 2 3 1 4 1 2 1 2 1 4 1 3 1 3 2 3 3 4 1 3 4 2 4 3 3 3 1 1 3 4 1 1 1 2 1 4 1 3 4 1 1 2 1 1 4 1 4 1 4 1 3 4 4 4 1 1 1 4 1 3
77 0.018349 3 2 3 3 4 3 1 3 3 3 3 3 4 1 3 2 2 3 3 3 1 4 2 3 1 3 2 1 1 4 1 2 1 4 4 1 2 3 3 4 1 2 1 2 1 4 1 3 1 3 2 3 3 4 1 3 4 2 4 3 3 3 1 1 3 4 1 1 1 2 1 4 1 3 4 1 1 2 1 1 4 1 4 1 4 1 3 4 4 4 1 1 1 4 1 3
78 0.107661 3 2 3 3 4 3 1 3 1 3 3 3 4 1 3 2 1 3 3 3 1 4 2 3 1 3 2 1 1 4 1 2 1 4 4 1 2 3 3 4 1 2 1 2 1 4 1 3 1 3 2 3 3 4 1 1 4 2 4 3 3 3 1 1 3 4 1 1 1 2 1 4 1 3 4 1 1 2 1 1 4 1 4 1 4 1 3 4 4 4 1 1 1 4 1 3
78 0.107661 3 2 3 3 4 1 1 3 3 3 3 3 4 1 3 2 2 1 3 1 1 4 2 3 1 3 2 1 1 4 1 2 1 4 4 1 2 3 3 4 1 2 1 2 1 4 1 3 1 3 2 3 3 4 1 3 4 2 4 3 3 3 1 1 3 4 1 1 1 2 1 4 1 3 4 1 1 2 1 1 4 1 3 1 4 1 3 4 4 4 1 1 1 4 1 3
78 0.107661 3 2 3 3 4 3 1 3 3 3 3 3 4 1 3 2 2 1 3 3 1 4 2 3 1 3 2 1 1 4 1 2 1 4 4 1 2 3 3 4 1 2 1 2 1 4 1 3 1 3 2 3 3 4 1 3 4 2 4 3 3 3 1 1 3 4 1 1 1 2 1 4 1 3 4 1 1 2 1 1 4 1 4 1 4 1 3 4 4 4 1 1 1 4 1 3
78 0.003450 3 2 3 3 4 3 1 3 3 3 3 3 4 1 3 2 1 3 3 3 1 4 2 3 1 3 2 1 1 4 1 2 1 4 4 1 2 3 3 4 1 2 1 2 1 4 1 3 1 3 2 3 3 4 1 3 2 2 4 3 3 3 1 1 3 4 1 1 1 2 1 4 1 3 4 1 1 2 1 1 4 1 4 1 4 1 3 4 4 4 1 1 1 4 1 3
78 0.107661 3 2 3 3 4 3 1 3 3 3 3 3 4 1 3 2 2 1 3 3 1 4 2 3 1 3 2 1 1 4 1 2 1 4 4 1 2 3 3 4 1 2 1 2 1 4 1 3 1 1 2 3 3 4 1 3 4 2 4 3 3 3 1 1 3 4 1 1 1 2 1 4 1 3 4 1 1 2 1 1 4 1 4 1 4 1 3 4 4 4 1 1 1 4 1 3
78 0.003450 3 2 3 3 4 3 1 3 3 3 3 1 4 1 3 2 2 3 3 3 1 4 2 3 1 3 2 1 1 4 1 2 1 4 4 1 2 3 3 4 1 2 1 2 1 4 1 3 1 3 2 3 3 4 1 3 4 2 4 3 3 3 1 1 3 4 1 1 1 2 1 4 1 3 4 1 1 2 1 1 4 1 4 1 4 1 3 4 4 4 1 1 1 4 1 3
78 0.107661 3 2 3 3 4 3 1 3 3 3 3 3 4 1 3 2 1 3 3 3 1 4 2 3 1 3 2 1 1 4 1 2 1 4 4 1 2 3 3 4 1 2 1 2 3 4 1 3 1 3 2 3 3 4 1 3 4 2 4 3 3 3 1 1 3 4 1 1 1 2 1 4 1 3 4 1 1 2 1 1 4 1 4 1 2 1 3 3 4 4 1 1 1 4 1 3
78 0.003450 3 2 3 3 4 3 3 3 3 3 3 3 4 1 3 2 2 3 3 3 1 4 2 3 1 3 2 1 3 4 1 2 1 4 4 1 2 3 3 4 1 2 1 2 1 4 1 3 1 3 2 3 3 4 1 3 4 2 4 3 3 3 1 1 3 4 1 1 1 2 1 4 1 3 4 1 1 2 1 1 4 1 4 1 4 1 3 4 4 4 1 1 1 4 1 3
78 0.107661 3 2 3 3 4 3 1 3 3 3 3 3 4 1 3 2 2 1 3 3 1 4 2 3 3 3 2 1 1 4 1 2 1 4 4 1 2 3 3 4 1 2 1 2 1 4 1 3 1 3 2 3 3 4 1 3 4 2 4 3 3 3 1 1 3 4 1 1 1 2 1 4 1 3 4 1 1 2 1 1 4 1 4 1 4 1 3 4 4 4 1 1 1 4 1 3
78 0.003450 3 2 3 3 4 3 1 3 3 3 3 3 4 1 3 2 2 3 3 3 1 4 2 3 1 3 2 1 1 4 1 2 1 4 4 1 2 3 3 4 1 2 1 2 1 4 3 3 1 3 2 3 3 4 1 3 4 2 4 3 3 3 1 1 3 4 1 1 1 2 1 4 1 3 4 1 1 2 1 1 4 1 4 1 4 1 3 4 4 4 1 1 1 4 1 3
78 0.107661 3 2 3 3 4 3 1 3 3 3 3 3 4 1 3 2 2 1 3 3 1 4 2 3 1 3 2 1 1 4 1 2 1 4 4 1 2 3 3 4 1 2 1 2 1 4 1 3 1 1 2 3 3 4 1 3 4 2 4 3 3 3 1 1 3 4 1 1 1 2 1 4 1 3 4 1 1 2 1 1 4 1 4 3 4 1 3 4 4 4 1 1 1 4 1 3
78 0.107661 3 2 3 3 4 3 1 3 3 3 3 3 4 1 3 2 2 1 3 3 1 4 2 3 1 3 2 3 1 4 1 2 1 4 4 1 2 3 3 4 1 2 1 2 1 4 1 3 1 3 2 3 3 4 1 3 4 2 4 3 3 3 1 1 3 4 1 1 1 2 1 4 1 3 4 1 1 2 1 1 4 1 4 1 4 1 1 4 4 4 1 1 1 4 1 1
78 0.003450 3 2 3 3 4 3 1 3 3 3 3 3 4 1 3 2 2 1 3 3 1 4 2 3 1 3 2 1 1 4 1 2 1 4 4 1 2 3 3 4 3 2 1 2 1 4 1 3 1 3 2 3 3 4 1 3 4 2 4 3 3 3 1 1 3 4 1 1 1 2 1 4 1 3 4 1 1 2 1 1 4 1 4 1 4 1 3 4 4 4 1 1 1 4 1 3
78 0.107661 3 2 3 3 4 3 1 3 3 3 3 3 4 1 3 2 2 3 3 3 1 4 2 3 1 3 2 1 1 4 1 2 1 4 4 1 2 3 1 4 1 2 1 2 1 4 1 3 1 3 2 3 3 4 1 3 4 2 4 3 3 3 1 1 3 4 1 1 1 2 1 4 1 3 4 1 1 2 1 1 4 1 4 1 4 1 3 4 4 4 1 1 1 4 1 3
78 0.013800 3 2 3 3 4 3 1 3 3 3 3 3 4 1 3 2 2 3 3 3 1 4 2 3 1 3 2 1 1 4 1 2 1 4 4 1 2 3 3 4 1 2 1 2 1 4 1 3 1 3 2 3 3 4 1 3 4 2 4 3 3 3 1 1 3 4 1 1 1 2 1 4 1 3 4 1 1 2 1 1 4 1 4 1 4 1 3 4 4 4 1 1 1 4 1 3
79 0.108564 3 2 3 3 4 3 1 3 1 3 3 3 4 1 3 2 1 3 3 3 1 4 2 3 1 3 2 1 1 4 1 2 1 4 4 1 2 3 3 4 1 2 1 2 1 4 1 3 1 3 2 3 3 4 1 1 4 2 4 3 3 3 1 1 3 4 1 1 1 2 1 4 1 3 4 1 1 2 1 1 4 1 4 1 4 1 3 4 4 4 1 1 1 4 1 3
79 0.108564 3 2 3 3 4 1 1 3 3 3 3 3 4 1 3 2 2 1 3 1 1 4 2 3 1 3 2 1 1 4 1 2 1 4 4 1 2 3 3 4 1 2 1 2 1 4 1 3 1 3 2 3 3 4 1 3 4 2 4 3 3 3 1 1 3 4 1 1 1 2 1 4 1 3 4 1 1 2 1 1 4 1 3 1 4 1 3 4 4 4 1 1 1 4 1 3
79 0.108564 3 2 3 3 4 3 1 3 3 3 3 3 4 1 3 2 2 1 3 3 1 4 2 3 1 3 2 1 1 4 1 2 1 4 4 1 2 3 3 4 1 2 1 2 1 4 1 3 1 3 2 3 3 4 1 3 4 2 4 3 3 3 1 1 3 4 1 1 1 2 1 4 1 3 4 1 1 2 1 1 4 1 4 1 4 1 3 4 4 4 1 1 1 4 1 3
79 0.002547 3 2 3 3 4 3 1 3 3 3 3 3 4 1 3 2 1 3 3 3 1 4 2 3 1 3 2 1 1 4 1 2 1 4 4 1 2 3 3 4 1 2 1 2 1 4 1 3 1 3 2 3 3 4 1 3 2 2 4 3 3 3 1 1 3 4 1 1 1 2 1 4 1 3 4 1 1 2 1 1 4 1 4 1 4 1 3 4 4 4 1 1 1 4 1 3
79 0.108564 3 2 3 3 4 3 1 3 3 3 3 3 4 1 3 2 2 1 3 3 1 4 2 3 1 3 2 1 1 4 1 2 1 4 4 1 2 3 3 4 1 2 1 2 1 4 1 3 1 1 2 3 3 4 1 3 4 2 4 3 3 3 1 1 3 4 1 1 1 2 1 4 1 3 4 1 1 2 1 1 4 1 4 1 4 1 3 4 4 4 1 1 1 4 1 3
79 0.002547 3 2 3 3 4 3 1 3 3 3 3 1 4 1 3 2 2 3 3 3 1 4 2 3 1 3 2 1 1 4 1 2 1 4 4 1 2 3 3 4 1 2 1 2 1 4 1 3 1 3 2 3 3 4 1 3 4 2 4 3 3 3 1 1 3 4 1 1 1 2 1 4 1 3 4 1 1 2 1 1 4 1 4 1 4 1 3 4 4 4 1 1 1 4 1 3
79 0.108564 3 2 3 3 4 3 1 3 3 3 3 3 4 1 3 2 1 3 3 3 1 4 2 3 1 3 2 1 1 4 1 2 1 4 4 1 2 3 3 4 1 2 1 2 3 4 1 3 1 3 2 3 3 4 1 3 4 2 4 3 3 3 1 1 3 4 1 1 1 2 1 4 1 3 4 1 1 2 1 1 4 1 4 1 2 1 3 3 4 4 1 1 1 4 1 3
79 0.002547 3 2 3 3 4 3 3 3 3 3 3 3 4 1 3 2 2 3 3 3 1 4 2 3 1 3 2 1 3 4 1 2 1 4 4 1 2 3 3 4 1 2 1 2 1 4 1 3 1 3 2 3 3 4 1 3 4 2 4 3 3 3 1 1 3 4 1 1 1 2 1 4 1 3 4 1 1 2 1 1 4 1 4 1 4 1 3 4 4 4 1 1 1 4 1 3
79 0.108564 3 2 3 3 4 3 1 3 3 3 3 3 4 1 3 2 2 1 3 3 1 4 2 3 3 3 2 1 1 4 1 2 1 4 4 1 2 3 3 4 1 2 1 2 1 4 1 3 1 3 2 3 3 4 1 3 4 2 4 3 3 3 1 1 3 4 1 1 1 2 1 4 1 3 4 1 1 2 1 1 4 1 4 1 4 1 3 4 4 4 1 1 1 4 1 3
79 0.002547 3 2 3 3 4 3 1 3 3 3 3 3 4 1 3 2 2 3 3 3 1 4 2 3 1 3 2 1 1 4 1 2 1 4 4 1 2 3 3 4 1 2 1 2 1 4 3 3 1 3 2 3 3 4 1 3 4 2 4 3 3 3 1 1 3 4 1 1 1 2 1 4 1 3 4 1 1 2 1 1 4 1 4 1 4 1 3 4 4 4 1 1 1 4 1 3
79 0.108564 3 2 3 3 4 3 1 3 3 3 3 3 4 1 3 2 2 1 3 3 1 4 2 3 1 3 2 1 1 4 1 2 1 4 4 1 2 3 3 4 1 2 1 2 1 4 1 3 1 1 2 3 3 4 1 3 4 2 4 3 3 3 1 1 3 4 1 1 1 2 1 4 1 3 4 1 1 2 1 1 4 1 4 3 4 1 3 4 4 4 1 1 1 4 1 3
79 0.108564 3 2 3 3 4 3 1 3 3 3 3 3 4 1 3 2 2 1 3 3 1 4 2 3 1 3 2 3 1 4 1 2 1 4 4 1 2 3 3 4 1 2 1 2 1 4 1 3 1 3 2 3 3 4 1 3 4 2 4 3 3 3 1 1 3 4 1 1 1 2 1 4 1 3 4 1 1 2 1 1 4 1 4 1 4 1 1 4 4 4 1 1 1 4 1 1
79 0.002547 3 2 3 3 4 3 1 3 3 3 3 3 4 1 3 2 2 1 3 3 1 4 2 3 1 3 2 1 1 4 1 2 1 4 4 1 2 3 3 4 3 2 1 2 1 4 1 3 1 3 2 3 3 4 1 3 4 2 4 3 3 3 1 1 3 4 1 1 1 2 1 4 1 3 4 1 1 2 1 1 4 1 4 1 4 1 3 4 4 4 1 1 1 4 1 3
79 0.108564 3 2 3 3 4 3 1 3 3 3 3 3 4 1 3 2 2 3 3 3 1 4 2 3 1 3 2 1 1 4 1 2 1 4 4 1 2 3 1 4 1 2 1 2 1 4 1 3 1 3 2 3 3 4 1 3 4 2 4 3 3 3 1 1 3 4 1 1 1 2 1 4 1 3 4 1 1 2 1 1 4 1 4 1 4 1 3 4 4 4 1 1 1 4 1 3
79 0.010189 3 2 3 3 4 3 1 3 3 3 3 3 4 1 3 2 2 3 3 3 1 4 2 3 1 3 2 1 1 4 1 2 1 4 4 1 2 3 3 4 1 2 1 2 1 4 1 3 1 3 2 3 3 4 1 3 4 2 4 3 3 3 1 1 3 4 1 1 1 2 1 4 1 3 4 1 1 2 1 1 4 1 4 1 4 1 3 4 4 4 1 1 1 4 1 3
80 0.109277 3 2 3 3 4 3 1 3 1 3 3 3 4 1 3 2 1 3 3 3 1 4 2 3 1 3 2 1 1 4 1 2 1 4 4 1 2 3 3 4 1 2 1 2 1 4 1 3 1 3 2 3 3 4 1 1 4 2 4 3 3 3 1 1 3 4 1 1 1 2 1 4 1 3 4 1 1 2 1 1 4 1 4 1 4 1 3 4 4 4 1 1 1 4 1 3
80 0.109277 3 2 3 3 4 1 1 3 3 3 3 3 4 1 3 2 2 1 3 1 1 4 2 3 1 3 2 1 1 4 1 2 1 4 4 1 2 3 3 4 1 2 1 2 1 4 1 3 1 3 2 3 3 4 1 3 4 2 4 3 3 3 1 1 3 4 1 1 1 2 1 4 1 3 4 1 1 2 1 1 4 1 3 1 4 1 3 4 4 4 1 1 1 4 1 3
80 0.109277 3 2 3 3 4 3 1 3 3 3 3 3 4 1 3 2 2 1 3 3 1 4 2 3 1 3 2 1 1 4 1 2 1 4 4 1 2 3 3 4 1 2 1 2 1 4 1 3 1 3 2 3 3 4 1 3 4 2 4 3 3 3 1 1 3 4 1 1 1 2 1 4 1 3 4 1 1 2 1 1 4 1 4 1 4 1 3 4 4 4 1 1 1 4 1 3
80 0.001834 3 2 3 3 4 3 1 3 3 3 3 3 4 1 3 2 1 3 3 3 1 4 2 3 1 3 2 1 1 4 1 2 1 4 4 1 2 3 3 4 1 2 1 2 1 4 1 3 1 3 2 3 3 4 1 3 2 2 4 3 3 3 1 1 3 4 1 1 1 2 1 4 1 3 4 1 1 2 1 1 4 1 4 1 4 1 3 4 4 4 1 1 1 4 1 3
80 0.109277 3 2 3 3 4 3 1 3 3 3 3 3 4 1 3 2 2 1 3 3 1 4 2 3 1 3 2 1 1 4 1 2 1 4 4 1 2 3 3 4 1 2 1 2 1 4 1 3 1 1 2 3 3 4 1 3 4 2 4 3 3 3 1 1 3 4 1 1 1 2 1 4 1 3 4 1 1 2 1 1 4 1 4 1 4 1 3 4 4 4 1 1 1 4 1 3
80 0.001834 3 2 3 3 4 3 1 3 3 3 3 1 4 1 3 2 2 3 3 3 1 4 2 3 1 3 2 1 1 4 1 2 1 4 4 1 2 3 3 4 1 2 1 2 1 4 1 3 1 3 2 3 3 4 1 3 4 2 4 3 3 3 1 1 3 4 1 1 1 2 1 4 1 3 4 1 1 2 1 1 4 1 4 1 4 1 3 4 4 4 1 1 1 4 1 3
80 0.109277 3 2 3 3 4 3 1 3 3 3 3 3 4 1 3 2 1 3 3 3 1 4 2 3 1 3 2 1 1 4 1 2 1 4 4 1 2 3 3 4 1 2 1 2 3 4 1 3 1 3 2 3 3 4 1 3 4 2 4 3 3 3 1 1 3 4 1 1 1 2 1 4 1 3 4 1 1 2 1 1 4 1 4 1 2 1 3 3 4 4 1 1 1 4 1 3
80 0.001834 3 2 3 3 4 3 3 3 3 3 3 3 4 1 3 2 2 3 3 3 1 4 2 3 1 3 2 1 3 4 1 2 1 4 4 1 2 3 3 4 1 2 1 2 1 4 1 3 1 3 2 3 3 4 1 3 4 2 4 3 3 3 1 1 3 4 1 1 1 2 1 4 1 3 4 1 1 2 1 1 4 1 4 1 4 1 3 4 4 4 1 1 1 4 1 3
80 0.109277 3 2 3 3 4 3 1 3 3 3 3 3 4 1 3 2 2 1 3 3 1 4 2 3 3 3 2 1 1 4 1 2 1 4 4 1 2 3 3 4 1 2 1 2 1 4 1 3 1 3 2 3 3 4 1 3 4 2 4 3 3 3 1 1 3 4 1 1 1 2 1 4 1 3 4 1 1 2 1 1 4 1 4 1 4 1 3 4 4 4 1 1 1 4 1 3
80 0.001834 3 2 3 3 4 3 1 3 3 3 3 3 4 1 3 2 2 3 3 3 1 4 2 3 1 3 2 1 1 4 1 2 1 4 4 1 2 3 3 4 1 2 1 2 1 4 3 3 1 3 2 3 3 4 1 3 4 2 4 3 3 3 1 1 3 4 1 1 1 2 1 4 1 3 4 1 1 2 1 1 4 1 4 1 4 1 3 4 4 4 1 1 1 4 1 3
80 0.109277 3 2 3 3 4 3 1 3 3 3 3 3 4 1 3 2 2 1 3 3 1 4 2 3 1 3 2 1 1 4 1 2 1 4 4 1 2 3 3 4 1 2 1 2 1 4 1 3 1 1 2 3 3 4 1 3 4 2 4 3 3 3 1 1 3 4 1 1 1 2 1 4 1 3 4 1 1 2 1 1 4 1 4 3 4 1 3 4 4 4 1 1 1 4 1 3
80 0.109277 3 2 3 3 4 3 1 3 3 3 3 3 4 1 3 2 2 1 3 3 1 4 2 3 1 3 2 3 1 4 1 2 1 4 4 1 2 3 3 4 1 2 1 2 1 4 1 3 1 3 2 3 3 4 1 3 4 2 4 3 3 3 1 1 3 4 1 1 1 2 1 4 1 3 4 1 1 2 1 1 4 1 4 1 4 1 1 4 4 4 1 1 1 4 1 1
80 0.001834 3 2 3 3 4 3 1 3 3 3 3 3 4 1 3 2 2 1 3 3 1 4 2 3 1 3 2 1 1 4 1 2 1 4 4 1 2 3 3 4 3 2 1 2 1 4 1 3 1 3 2 3 3 4 1 3 4 2 4 3 3 3 1 1 3 4 1 1 1 2 1 4 1 3 4 1 1 2 1 1 4 1 4 1 4 1 3 4 4 4 1 1 1 4 1 3
80 0.109277 3 2 3 3 4 3 1 3 3 3 3 3 4 1 3 2 2 3 3 3 1 4 2 3 1 3 2 1 1 4 1 2 1 4 4 1 2 3 1 4 1 2 1 2 1 4 1 3 1 3 2 3 3 4 1 3 4 2 4 3 3 3 1 1 3 4 1 1 1 2 1 4 1 3 4 1 1 2 1 1 4 1 4 1 4 1 3 4 4 4 1 1 1 4 1 3
80 0.007336 3 2 3 3 4 3 1 3 3 3 3 3 4 1 3 2 2 3 3 3 1 4 2 3 1 3 2 1 1 4 1 2 1 4 4 1 2 3 3 4 1 2 1 2 1 4 1 3 1 3 2 3 3 4 1 3 4 2 4 3 3 3 1 1 3 4 1 1 1 2 1 4 1 3 4 1 1 2 1 1 4 1 4 1 4 1 3 4 4 4 1 1 1 4 1 3
81 0.109839 3 2 3 3 4 3 1 3 1 3 3 3 4 1 3 2 1 3 3 3 1 4 2 3 1 3 2 1 1 4 1 2 1 4 4 1 2 3 3 4 1 2 1 2 1 4 1 3 1 3 2 3 3 4 1 1 4 2 4 3 3 3 1 1 3 4 1 1 1 2 1 4 1 3 4 1 1 2 1 1 4 1 4 1 4 1 3 4 4 4 1 1 1 4 1 3
81 0.109839 3 2 3 3 4 1 1 3 3 3 3 3 4 1 3 2 2 1 3 1 1 4 2 3 1 3 2 1 1 4 1 2 1 4 4 1 2 3 3 4 1 2 1 2 1 4 1 3 1 3 2 3 3 4 1 3 4 2 4 3 3 3 1 1 3 4 1 1 1 2 1 4 1 3 4 1 1 2 1 1 4 1 3 1 4 1 3 4 4 4 1 1 1 4 1 3
81 0.109839 3 2 3 3 4 3 1 3 3 3 3 3 4 1 3 2 2 1 3 3 1 4 2 3 1 3 2 1 1 4 1 2 1 4 4 1 2 3 3 4 1 2 1 2 1 4 1 3 1 3 2 3 3 4 1 3 4 2 4 3 3 3 1 1 3 4 1 1 1 2 1 4 1 3 4 1 1 2 1 1 4 1 4 1 4 1 3 4 4 4 1 1 1 4 1 3
81 0.001272 3 2 3 3 4 3 1 3 3 3 3 3 4 1 3 2 1 3 3 3 1 4 2 3 1 3 2 1 1 4 1 2 1 4 4 1 2 3 3 4 1 2 1 2 1 4 1 3 1 3 2 3 3 4 1 3 2 2 4 3 3 3 1 1 3 4 1 1 1 2 1 4 1 3 4 1 1 2 1 1 4 1 4 1 4 1 3 4 4 4 1 1 1 4 1 3
81 0.109839 3 2 3 3 4 3 1 3 3 3 3 3 4 1 3 2 2 1 3 3 1 4 2 3 1 3 2 1 1 4 1 2 1 4 4 1 2 3 3 4 1 2 1 2 1 4 1 3 1 1 2 3 3 4 1 3 4 2 4 3 3 3 1 1 3 4 1 1 1 2 1 4 1 3 4 1 1 2 1 1 4 1 4 1 4 1 3 4 4 4 1 1 1 4 1 3
81 0.001272 3 2 3 3 4 3 1 3 3 3 3 1 4 1 3 2 2 3 3 3 1 4 2 3 1 3 2 1 1 4 1 2 1 4 4 1 2 3 3 4 1 2 1 2 1 4 1 3 1 3 2 3 3 4 1 3 4 2 4 3 3 3 1 1 3 4 1 1 1 2 1 4 1 3 4 1 1 2 1 1 4 1 4 1 4 1 3 4 4 4 1 1 1 4 1 3
81 0.109839 3 2 3 3 4 3 1 3 3 3 3 3 4 1 3 2 1 3 3 3 1 4 2 3 1 3 2 1 1 4 1 2 1 4 4 1 2 3 3 4 1 2 1 2 3 4 1 3 1 3 2 3 3 4 1 3 4 2 4 3 3 3 1 1 3 4 1 1 1 2 1 4 1 3 4 1 1 2 1 1 4 1 4 1 2 1 3 3 4 4 1 1 1 4 1 3
81 0.001272 3 2 3 3 4 3 3 3 3 3 3 3 4 1 3 2 2 3 3 3 1 4 2 3 1 3 2 1 3 4 1 2 1 4 4 1 2 3 3 4 1 2 1 2 1 4 1 3 1 3 2 3 3 4 1 3 4 2 4 3 3 3 1 1 3 4 1 1 1 2 1 4 1 3 4 1 1 2 1 1 4 1 4 1 4 1 3 4 4 4 1 1 1 4 1 3
81 0.109839 3 2 3 3 4 3 1 3 3 3 3 3 4 1 3 2 2 1 3 3 1 4 2 3 3 3 2 1 1 4 1 2 1 4 4 1 2 3 3 4 1 2 1 2 1 4 1 3 1 3 2 3 3 4 1 3 4 2 4 3 3 3 1 1 3 4 1 1 1 2 1 4 1 3 4 1 1 2 1 1 4 1 4 1 4 1 3 4 4 4 1 1 1 4 1 3
81 0.001272 3 2 3 3 4 3 1 3 3 3 3 3 4 1 3 2 2 3 3 3 1 4 2 3 1 3 2 1 1 4 1 2 1 4 4 1 2 3 3 4 1 2 1 2 1 4 3 3 1 3 2 3 3 4 1 3 4 2 4 3 3 3 1 1 3 4 1 1 1 2 1 4 1 3 4 1 1 2 1 1 4 1 4 1 4 1 3 4 4 4 1 1 1 4 1 3
81 0.109839 3 2 3 3 4 3 1 3 3 3 3 3 4 1 3 2 2 1 3 3 1 4 2 3 1 3 2 1 1 4 1 2 1 4 4 1 2 3 3 4 1 2 1 2 1 4 1 3 1 1 2 3 3 4 1 3 4 2 4 3 3 3 1 1 3 4 1 1 1 2 1 4 1 3 4 1 1 2 1 1 4 1 4 3 4 1 3 4 4 4 1 1 1 4 1 3
81 0.109839 3 2 3 3 4 3 1 3 3 3 3 3 4 1 3 2 2 1 3 3 1 4 2 3 1 3 2 3 1 4 1 2 1 4 4 1 2 3 3 4 1 2 1 2 1 4 1 3 1 3 2 3 3 4 1 3 4 2 4 3 3 3 1 1 3 4 1 1 1 2 1 4 1 3 4 1 1 2 1 1 4 1 4 1 4 1 1 4 4 4 1 1 1 4 1 1
81 0.001272 3 2 3 3 4 3 1 3 3 3 3 3 4 1 3 2 2 1 3 3 1 4 2 3 1 3 2 1 1 4 1 2 1 4 4 1 2 3 3 4 3 2 1 2 1 4 1 3 1 3 2 3 3 4 1 3 4 2 4 3 3 3 1 1 3 4 1 1 1 2 1 4 1 3 4 1 1 2 1 1 4 1 4 1 4 1 3 4 4 4 1 1 1 4 1 3
81 0.109839 3 2 3 3 4 3 1 3 3 3 3 3 4 1 3 2 2 3 3 3 1 4 2 3 1 3 2 1 1 4 1 2 1 4 4 1 2 3 1 4 1 2 1 2 1 4 1 3 1 3 2 3 3 4 1 3 4 2 4 3 3 3 1 1 3 4 1 1 1 2 1 4 1 3 4 1 1 2 1 1 4 1 4 1 4 1 3 4 4 4 1 1 1 4 1 3
81 0.005087 3 2 3 3 4 3 1 3 3 3 3 3 4 1 3 2 2 3 3 3 1 4 2 3 1 3 2 1 1 4 1 2 1 4 4 1 2 3 3 4 1 2 1 2 1 4 1 3 1 3 2 3 3 4 1 3 4 2 4 3 3 3 1 1 3 4 1 1 1 2 1 4 1 3 4 1 1 2 1 1 4 1 4 1 4 1 3 4 4 4 1 1 1 4 1 3
82 0.110281 3 2 3 3 4 3 1 3 1 3 3 3 4 1 3 2 1 3 3 3 1 4 2 3 1 3 2 1 1 4 1 2 1 4 4 1 2 3 3 4 1 2 1 2 1 4 1 3 1 3 2 3 3 4 1 1 4 2 4 3 3 3 1 1 3 4 1 1 1 2 1 4 1 3 4 1 1 2 1 1 4 1 4 1 4 1 3 4 4 4 1 1 1 4 1 3
82 0.110281 3 2 3 3 4 1 1 3 3 3 3 3 4 1 3 2 2 1 3 1 1 4 2 3 1 3 2 1 1 4 1 2 1 4 4 1 2 3 3 4 1 2 1 2 1 4 1 3 1 3 2 3 3 4 1 3 4 2 4 3 3 3 1 1 3 4 1 1 1 2 1 4 1 3 4 1 1 2 1 1 4 1 3 1 4 1 3 4 4 4 1 1 1 4 1 3
82 0.110281 3 2 3 3 4 3 1 3 3 3 3 3 4 1 3 2 2 1 3 3 1 4 2 3 1 3 2 1 1 4 1 2 1 4 4 1 2 3 3 4 1 2 1 2 1 4 1 3 1 3 2 3 3 4 1 3 4 2 4 3 3 3 1 1 3 4 1 1 1 2 1 4 1 3 4 1 1 2 1 1 4 1 4 1 4 1 3 4 4 4 1 1 1 4 1 3
82 0.000830 3 2 3 3 4 3 1 3 3 3 3 3 4 1 3 2 1 3 3 3 1 4 2 3 1 3 2 1 1 4 1 2 1 4 4 1 2 3 3 4 1 2 1 2 1 4 1 3 1 3 2 3 3 4 1 3 2 2 4 3 3 3 1 1 3 4 1 1 1 2 1 4 1 3 4 1 1 2 1 1 4 1 4 1 4 1 3 4 4 4 1 1 1 4 1 3
82 0.110281 3 2 3 3 4 3 1 3 3 3 3 3 4 1 3 2 2 1 3 3 1 4 2 3 1 3 2 1 1 4 1 2 1 4 4 1 2 3 3 4 1 2 1 2 1 4 1 3 1 1 2 3 3 4 1 3 4 2 4 3 3 3 1 1 3 4 1 1 1 2 1 4 1 3 4 1 1 2 1 1 4 1 4 1 4 1 3 4 4 4 1 1 1 4 1 3
82 0.000830 3 2 3 3 4 3 1 3 3 3 3 1 4 1 3 2 2 3 3 3 1 4 2 3 1 3 2 1 1 4 1 2 1 4 4 1 2 3 3 4 1 2 1 2 1 4 1 3 1 3 2 3 3 4 1 3 4 2 4 3 3 3 1 1 3 4 1 1 1 2 1 4 1 3 4 1 1 2 1 1 4 1 4 1 4 1 3 4 4 4 1 1 1 4 1 3
82 0.110281 3 2 3 3 4 3 1 3 3 3 3 3 4 1 3 2 1 3 3 3 1 4 2 3 1 3 2 1 1 4 1 2 1 4 4 1 2 3 3 4 1 2 1 2 3 4 1 3 1 3 2 3 3 4 1 3 4 2 4 3 3 3 1 1 3 4 1 1 1 2 1 4 1 3 4 1 1 2 1 1 4 1 4 1 2 1 3 3 4 4 1 1 1 4 1 3
82 0.000830 3 2 3 3 4 3 3 3 3 3 3 3 4 1 3 2 2 3 3 3 1 4 2 3 1 3 2 1 3 4 1 2 1 4 4 1 2 3 3 4 1 2 1 2 1 4 1 3 1 3 2 3 3 4 1 3 4 2 4 3 3 3 1 1 3 4 1 1 1 2 1 4 1 3 4 1 1 2 1 1 4 1 4 1 4 1 3 4 4 4 1 1 1 4 1 3
82 0.110281 3 2 3 3 4 3 1 3 3 3 3 3 4 1 3 2 2 1 3 3 1 4 2 3 3 3 2 1 1 4 1 2 1 4 4 1 2 3 3 4 1 2 1 2 1 4 1 3 1 3 2 3 3 4 1 3 4 2 4 3 3 3 1 1 3 4 1 1 1 2 1 4 1 3 4 1 1 2 1 1 4 1 4 1 4 1 3 4 4 4 1 1 1 4 1 3
82 0.000830 3 2 3 3 4 3 1 3 3 3 3 3 4 1 3 2 2 3 3 3 1 4 2 3 1 3 2 1 1 4 1 2 1 4 4 1 2 3 3 4 1 2 1 2 1 4 3 3 1 3 2 3 3 4 1 3 4 2 4 3 3 3 1 1 3 4 1 1 1 2 1 4 1 3 4 1 1 2 1 1 4 1 4 1 4 1 3 4 4 4 1 1 1 4 1 3
82 0.110281 3 2 3 3 4 3 1 3 3 3 3 3 4 1 3 2 2 1 3 3 1 4 2 3 1 3 2 1 1 4 1 2 1 4 4 1 2 3 3 4 1 2 1 2 1 4 1 3 1 1 2 3 3 4 1 3 4 2 4 3 3 3 1 1 3 4 1 1 1 2 1 4 1 3 4 1 1 2 1 1 4 1 4 3 4 1 3 4 4 4 1 1 1 4 1 3
82 0.110281 3 2 3 3 4 3 1 3 3 3 3 3 4 1 3 2 2 1 3 3 1 4 2 3 1 3 2 3 1 4 1 2 1 4 4 1 2 3 3 4 1 2 1 2 1 4 1 3 1 3 2 3 3 4 1 3 4 2 4 3 3 3 1 1 3 4 1 1 1 2 1 4 1 3 4 1 1 2 1 1 4 1 4 1 4 1 1 4 4 4 1 1 1 4 1 1
82 0.000830 3 2 3 3 4 3 1 3 3 3 3 3 4 1 3 2 2 1 3 3 1 4 2 3 1 3 2 1 1 4 1 2 1 4 4 1 2 3 3 4 3 2 1 2 1 4 1 3 1 3 2 3 3 4 1 3 4 2 4 3 3 3 1 1 3 4 1 1 1 2 1 4 1 3 4 1 1 2 1 1 4 1 4 1 4 1 3 4 4 4 1 1 1 4 1 3
82 0.110281 3 2 3 3 4 3 1 3 3 3 3 3 4 1 3 2 2 3 3 3 1 4 2 3 1 3 2 1 1 4 1 2 1 4 4 1 2 3 1 4 1 2 1 2 1 4 1 3 1 3 2 3 3 4 1 3 4 2 4 3 3 3 1 1 3 4 1 1 1 2 1 4 1 3 4 1 1 2 1 1 4 1 4 1 4 1 3 4 4 4 1 1 1 4 1 3
82 0.003320 3 2 3 3 4 3 1 3 3 3 3 3 4 1 3 2 2 3 3 3 1 4 2 3 1 3 2 1 1 4 1 2 1 4 4 1 2 3 3 4 1 2 1 2 1 4 1 3 1 3 2 3 3 4 1 3 4 2 4 3 3 3 1 1 3 4 1 1 1 2 1 4 1 3 4 1 1 2 1 1 4 1 4 1 4 1 3 4 4 4 1 1 1 4 1 3
83 0.110628 3 2 3 3 4 3 1 3 1 3 3 3 4 1 3 2 1 3 3 3 1 4 2 3 1 3 2 1 1 4 1 2 1 4 4 1 2 3 3 4 1 2 1 2 1 4 1 3 1 3 2 3 3 4 1 1 4 2 4 3 3 3 1 1 3 4 1 1 1 2 1 4 1 3 4 1 1 2 1 1 4 1 4 1 4 1 3 4 4 4 1 1 1 4 1 3
83 0.110628 3 2 3 3 4 1 1 3 3 3 3 3 4 1 3 2 2 1 3 1 1 4 2 3 1 3 2 1 1 4 1 2 1 4 4 1 2 3 3 4 1 2 1 2 1 4 1 3 1 3 2 3 3 4 1 3 4 2 4 3 3 3 1 1 3 4 1 1 1 2 1 4 1 3 4 1 1 2 1 1 4 1 3 1 4 1 3 4 4 4 1 1 1 4 1 3
83 0.110628 3 2 3 3 4 3 1 3 3 3 3 3 4 1 3 2 2 1 3 3 1 4 2 3 1 3 2 1 1 4 1 2 1 4 4 1 2 3 3 4 1 2 1 2 1 4 1 3 1 3 2 3 3 4 1 3 4 2 4 3 3 3 1 1 3 4 1 1 1 2 1 4 1 3 4 1 1 2 1 1 4 1 4 1 4 1 3 4 4 4 1 1 1 4 1 3
83 0.000484 3 2 3 3 4 3 1 3 3 3 3 3 4 1 3 2 1 3 3 3 1 4 2 3 1 3 2 1 1 4 1 2 1 4 4 1 2 3 3 4 1 2 1 2 1 4 1 3 1 3 2 3 3 4 1 3 2 2 4 3 3 3 1 1 3 4 1 1 1 2 1 4 1 3 4 1 1 2 1 1 4 1 4 1 4 1 3 4 4 4 1 1 1 4 1 3
83 0.110628 3 2 3 3 4 3 1 3 3 3 3 3 4 1 3 2 2 1 3 3 1 4 2 3 1 3 2 1 1 4 1 2 1 4 4 1 2 3 3 4 1 2 1 2 1 4 1 3 1 1 2 3 3 4 1 3 4 2 4 3 3 3 1 1 3 4 1 1 1 2 1 4 1 3 4 1 1 2 1 1 4 1 4 1 4 1 3 4 4 4 1 1 1 4 1 3
83 0.000484 3 2 3 3 4 3 1 3 3 3 3 1 4 1 3 2 2 3 3 3 1 4 2 3 1 3 2 1 1 4 1 2 1 4 4 1 2 3 3 4 1 2 1 2 1 4 1 3 1 3 2 3 3 4 1 3 4 2 4 3 3 3 1 1 3 4 1 1 1 2 1 4 1 3 4 1 1 2 1 1 4 1 4 1 4 1 3 4 4 4 1 1 1 4 1 3
83 0.110628 3 2 3 3 4 3 1 3 3 3 3 3 4 1 3 2 1 3 3 3 1 4 2 3 1 3 2 1 1 4 1 2 1 4 4 1 2 3 3 4 1 2 1 2 3 4 1 3 1 3 2 3 3 4 1 3 4 2 4 3 3 3 1 1 3 4 1 1 1 2 1 4 1 3 4 1 1 2 1 1 4 1 4 1 2 1 3 3 4 4 1 1 1 4 1 3
83 0.000484 3 2 3 3 4 3 3 3 3 3 3 3 4 1 3 2 2 3 3 3 1 4 2 3 1 3 2 1 3 4 1 2 1 4 4 1 2 3 3 4 1 2 1 2 1 4 1 3 1 3 2 3 3 4 1 3 4 2 4 3 3 3 1 1 3 4 1 1 1 2 1 4 1 3 4 1 1 2 1 1 4 1 4 1 4 1 3 4 4 4 1 1 1 4 1 3
83 0.110628 3 2 3 3 4 3 1 3 3 3 3 3 4 1 3 2 2 1 3 3 1 4 2 3 3 3 2 1 1 4 1 2 1 4 4 1 2 3 3 4 1 2 1 2 1 4 1 3 1 3 2 3 3 4 1 3 4 2 4 3 3 3 1 1 3 4 1 1 1 2 1 4 1 3 4 1 1 2 1 1 4 1 4 1 4 1 3 4 4 4 1 1 1 4 1 3
83 0.000484 3 2 3 3 4 3 1 3 3 3 3 3 4 1 3 2 2 3 3 3 1 4 2 3 1 3 2 1 1 4 1 2 1 4 4 1 2 3 3 4 1 2 1 2 1 4 3 3 1 3 2 3 3 4 1 3 4 2 4 3 3 3 1 1 3 4 1 1 1 2 1 4 1 3 4 1 1 2 1 1 4 1 4 1 4 1 3 4 4 4 1 1 1 4 1 3
83 0.110628 3 2 3 3 4 3 1 3 3 3 3 3 4 1 3 2 2 1 3 3 1 4 2 3 1 3 2 1 1 4 1 2 1 4 4 1 2 3 3 4 1 2 1 2 1 4 1 3 1 1 2 3 3 4 1 3 4 2 4 3 3 3 1 1 3 4 1 1 1 2 1 4 1 3 4 1 1 2 1 1 4 1 4 3 4 1 3 4 4 4 1 1 1 4 1 3
83 0.110628 3 2 3 3 4 3 1 3 3 3 3 3 4 1 3 2 2 1 3 3 1 4 2 3 1 3 2 3 1 4 1 2 1 4 4 1 2 3 3 4 1 2 1 2 1 4 1 3 1 3 2 3 3 4 1 3 4 2 4 3 3 3 1 1 3 4 1 1 1 2 1 4 1 3 4 1 1 2 1 1 4 1 4 1 4 1 1 4 4 4 1 1 1 4 1 1
83 0.000484 3 2 3 3 4 3 1 3 3 3 3 3 4 1 3 2 2 1 3 3 1 4 2 3 1 3 2 1 1 4 1 2 1 4 4 1 2 3 3 4 3 2 1 2 1 4 1 3 1 3 2 3 3 4 1 3 4 2 4 3 3 3 1 1 3 4 1 1 1 2 1 4 1 3 4 1 1 2 1 1 4 1 4 1 4 1 3 4 4 4 1 1 1 4 1 3
83 0.110628 3 2 3 3 4 3 1 3 3 3 3 3 4 1 3 2 2 3 3 3 1 4 2 3 1 3 2 1 1 4 1 2 1 4 4 1 2 3 1 4 1 2 1 2 1 4 1 3 1 3 2 3 3 4 1 3 4 2 4 3 3 3 1 1 3 4 1 1 1 2 1 4 1 3 4 1 1 2 1 1 4 1 4 1 4 1 3 4 4 4 1 1 1 4 1 3
83 0.001934 3 2 3 3 4 3 1 3 3 3 3 3 4 1 3 2 2 3 3 3 1 4 2 3 1 3 2 1 1 4 1 2 1 4 4 1 2 3 3 4 1 2 1 2 1 4 1 3 1 3 2 3 3 4 1 3 4 2 4 3 3 3 1 1 3 4 1 1 1 2 1 4 1 3 4 1 1 2 1 1 4 1 4 1 4 1 3 4 4 4 1 1 1 4 1 3
84 0.110899 3 2 3 3 4 3 1 3 1 3 3 3 4 1 3 2 1 3 3 3 1 4 2 3 1 3 2 1 1 4 1 2 1 4 4 1 2 3 3 4 1 2 1 2 1 4 1 3 1 3 2 3 3 4 1 1 4 2 4 3 3 3 1 1 3 4 1 1 1 2 1 4 1 3 4 1 1 2 1 1 4 1 4 1 4 1 3 4 4 4 1 1 1 4 1 3
84 0.110899 3 2 3 3 4 1 1 3 3 3 3 3 4 1 3 2 2 1 3 1 1 4 2 3 1 3 2 1 1 4 1 2 1 4 4 1 2 3 3 4 1 2 1 2 1 4 1 3 1 3 2 3 3 4 1 3 4 2 4 3 3 3 1 1 3 4 1 1 1 2 1 4 1 3 4 1 1 2 1 1 4 1 3 1 4 1 3 4 4 4 1 1 1 4 1 3
84 0.110899 3 2 3 3 4 3 1 3 3 3 3 3 4 1 3 2 2 1 3 3 1 4 2 3 1 3 2 1 1 4 1 2 1 4 4 1 2 3 3 4 1 2 1 2 1 4 1 3 1 3 2 3 3 4 1 3 4 2 4 3 3 3 1 1 3 4 1 1 1 2 1 4 1 3 4 1 1 2 1 1 4 1 4 1 4 1 3 4 4 4 1 1 1 4 1 3
84 0.000212 3 2 3 3 4 3 1 3 3 3 3 3 4 1 3 2 1 3 3 3 1 4 2 3 1 3 2 1 1 4 1 2 1 4 4 1 2 3 3 4 1 2 1 2 1 4 1 3 1 3 2 3 3 4 1 3 2 2 4 3 3 3 1 1 3 4 1 1 1 2 1 4 1 3 4 1 1 2 1 1 4 1 4 1 4 1 3 4 4 4 1 1 1 4 1 3
84 0.110899 3 2 3 3 4 3 1 3 3 3 3 3 4 1 3 2 2 1 3 3 1 4 2 3 1 3 2 1 1 4 1 2 1 4 4 1 2 3 3 4 1 2 1 2 1 4 1 3 1 1 2 3 3 4 1 3 4 2 4 3 3 3 1 1 3 4 1 1 1 2 1 4 1 3 4 1 1 2 1 1 4 1 4 1 4 1 3 4 4 4 1 1 1 4 1 3
84 0.000212 3 2 3 3 4 3 1 3 3 3 3 1 4 1 3 2 2 3 3 3 1 4 2 3 1 3 2 1 1 4 1 2 1 4 4 1 2 3 3 4 1 2 1 2 1 4 1 3 1 3 2 3 3 4 1 3 4 2 4 3 3 3 1 1 3 4 1 1 1 2 1 4 1 3 4 1 1 2 1 1 4 1 4 1 4 1 3 4 4 4 1 1 1 4 1 3
84 0.110899 3 2 3 3 4 3 1 3 3 3 3 3 4 1 3 2 1 3 3 3 1 4 2 3 1 3 2 1 1 4 1 2 1 4 4 1 2 3 3 4 1 2 1 2 3 4 1 3 1 3 2 3 3 4 1 3 4 2 4 3 3 3 1 1 3 4 1 1 1 2 1 4 1 3 4 1 1 2 1 1 4 1 4 1 2 1 3 3 4 4 1 1 1 4 1 3
84 0.000212 3 2 3 3 4 3 3 3 3 3 3 3 4 1 3 2 2 3 3 3 1 4 2 3 1 3 2 1 3 4 1 2 1 4 4 1 2 3 3 4 1 2 1 2 1 4 1 3 1 3 2 3 3 4 1 3 4 2 4 3 3 3 1 1 3 4 1 1 1 2 1 4 1 3 4 1 1 2 1 1 4 1 4 1 4 1 3 4 4 4 1 1 1 4 1 3
84 0.110899 3 2 3 3 4 3 1 3 3 3 3 3 4 1 3 2 2 1 3 3 1 4 2 3 3 3 2 1 1 4 1 2 1 4 4 1 2 3 3 4 1 2 1 2 1 4 1 3 1 3 2 3 3 4 1 3 4 2 4 3 3 3 1 1 3 4 1 1 1 2 1 4 1 3 4 1 1 2 1 1 4 1 4 1 4 1 3 4 4 4 1 1 1 4 1 3
84 0.000212 3 2 3 3 4 3 1 3 3 3 3 3 4 1 3 2 2 3 3 3 1 4 2 3 1 3 2 1 1 4 1 2 1 4 4 1 2 3 3 4 1 2 1 2 1 4 3 3 1 3 2 3 3 4 1 3 4 2 4 3 3 3 1 1 3 4 1 1 1 2 1 4 1 3 4 1 1 2 1 1 4 1 4 1 4 1 3 4 4 4 1 1 1 4 1 3
84 0.110899 3 2 3 3 4 3 1 3 3 3 3 3 4 1 3 2 2 1 3 3 1 4 2 3 1 3 2 1 1 4 1 2 1 4 4 1 2 3 3 4 1 2 1 2 1 4 1 3 1 1 2 3 3 4 1 3 4 2 4 3 3 3 1 1 3 4 1 1 1 2 1 4 1 3 4 1 1 2 1 1 4 1 4 3 4 1 3 4 4 4 1 1 1 4 1 3
84 0.110899 3 2 3 3 4 3 1 3 3 3 3 3 4 1 3 2 2 1 3 3 1 4 2 3 1 3 2 3 1 4 1 2 1 4 4 1 2 3 3 4 1 2 1 2 1 4 1 3 1 3 2 3 3 4 1 3 4 2 4 3 3 3 1 1 3 4 1 1 1 2 1 4 1 3 4 1 1 2 1 1 4 1 4 1 4 1 1 4 4 4 1 1 1 4 1 1
84 0.000212 3 2 3 3 4 3 1 3 3 3 3 3 4 1 3 2 2 1 3 3 1 4 2 3 1 3 2 1 1 4 1 2 1 4 4 1 2 3 3 4 3 2 1 2 1 4 1 3 1 3 2 3 3 4 1 3 4 2 4 3 3 3 1 1 3 4 1 1 1 2 1 4 1 3 4 1 1 2 1 1 4 1 4 1 4 1 3 4 4 4 1 1 1 4 1 3
84 0.110899 3 2 3 3 4 3 1 3 3 3 3 3 4 1 3 2 2 3 3 3 1 4 2 3 1 3 2 1 1 4 1 2 1 4 4 1 2 3 1 4 1 2 1 2 1 4 1 3 1 3 2 3 3 4 1 3 4 2 4 3 3 3 1 1 3 4 1 1 1 2 1 4 1 3 4 1 1 2 1 1 4 1 4 1 4 1 3 4 4 4 1 1 1 4 1 3
84 0.000849 3 2 3 3 4 3 1 3 3 3 3 3 4 1 3 2 2 3 3 3 1 4 2 3 1 3 2 1 1 4 1 2 1 4 4 1 2 3 3 4 1 2 1 2 1 4 1 3 1 3 2 3 3 4 1 3 4 2 4 3 3 3 1 1 3 4 1 1 1 2 1 4 1 3 4 1 1 2 1 1 4 1 4 1 4 1 3 4 4 4 1 1 1 4 1 3
85 0.111111 3 2 3 3 4 3 1 3 1 3 3 3 4 1 3 2 1 3 3 3 1 4 2 3 1 3 2 1 1 4 1 2 1 4 4 1 2 3 3 4 1 2 1 2 1 4 1 3 1 3 2 3 3 4 1 1 4 2 4 3 3 3 1 1 3 4 1 1 1 2 1 4 1 3 4 1 1 2 1 1 4 1 4 1 4 1 3 4 4 4 1 1 1 4 1 3
85 0.111111 3 2 3 3 4 1 1 3 3 3 3 3 4 1 3 2 2 1 3 1 1 4 2 3 1 3 2 1 1 4 1 2 1 4 4 1 2 3 3 4 1 2 1 2 1 4 1 3 1 3 2 3 3 4 1 3 4 2 4 3 3 3 1 1 3 4 1 1 1 2 1 4 1 3 4 1 1 2 1 1 4 1 3 1 4 1 3 4 4 4 1 1 1 4 1 3
85 0.111111 3 2 3 3 4 3 1 3 3 3 3 3 4 1 3 2 2 1 3 3 1 4 2 3 1 3 2 1 1 4 1 2 1 4 4 1 2 3 3 4 1 2 1 2 1 4 1 3 1 3 2 3 3 4 1 3 4 2 4 3 3 3 1 1 3 4 1 1 1 2 1 4 1 3 4 1 1 2 1 1 4 1 4 1 4 1 3 4 4 4 1 1 1 4 1 3
85 0.111111 3 2 3 3 4 3 1 3 3 3 3 3 4 1 3 2 2 1 3 3 1 4 2 3 1 3 2 1 1 4 1 2 1 4 4 1 2 3 3 4 1 2 1 2 1 4 1 3 1 1 2 3 3 4 1 3 4 2 4 3 3 3 1 1 3 4 1 1 1 2 1 4 1 3 4 1 1 2 1 1 4 1 4 1 4 1 3 4 4 4 1 1 1 4 1 3
85 0.111111 3 2 3 3 4 3 1 3 3 3 3 3 4 1 3 2 1 3 3 3 1 4 2 3 1 3 2 1 1 4 1 2 1 4 4 1 2 3 3 4 1 2 1 2 3 4 1 3 1 3 2 3 3 4 1 3 4 2 4 3 3 3 1 1 3 4 1 1 1 2 1 4 1 3 4 1 1 2 1 1 4 1 4 1 2 1 3 3 4 4 1 1 1 4 1 3
85 0.111111 3 2 3 3 4 3 1 3 3 3 3 3 4 1 3 2 2 1 3 3 1 4 2 3 3 3 2 1 1 4 1 2 1 4 4 1 2 3 3 4 1 2 1 2 1 4 1 3 1 3 2 3 3 4 1 3 4 2 4 3 3 3 1 1 3 4 1 1 1 2 1 4 1 3 4 1 1 2 1 1 4 1 4 1 4 1 3 4 4 4 1 1 1 4 1 3
85 0.111111 3 2 3 3 4 3 1 3 3 3 3 3 4 1 3 2 2 1 3 3 1 4 2 3 1 3 2 1 1 4 1 2 1 4 4 1 2 3 3 4 1 2 1 2 1 4 1 3 1 1 2 3 3 4 1 3 4 2 4 3 3 3 1 1 3 4 1 1 1 2 1 4 1 3 4 1 1 2 1 1 4 1 4 3 4 1 3 4 4 4 1 1 1 4 1 3
85 0.111111 3 2 3 3 4 3 1 3 3 3 3 3 4 1 3 2 2 1 3 3 1 4 2 3 1 3 2 3 1 4 1 2 1 4 4 1 2 3 3 4 1 2 1 2 1 4 1 3 1 3 2 3 3 4 1 3 4 2 4 3 3 3 1 1 3 4 1 1 1 2 1 4 1 3 4 1 1 2 1 1 4 1 4 1 4 1 1 4 4 4 1 1 1 4 1 1
85 0.111111 3 2 3 3 4 3 1 3 3 3 3 3 4 1 3 2 2 3 3 3 1 4 2 3 1 3 2 1 1 4 1 2 1 4 4 1 2 3 1 4 1 2 1 2 1 4 1 3 1 3 2 3 3 4 1 3 4 2 4 3 3 3 1 1 3 4 1 1 1 2 1 4 1 3 4 1 1 2 1 1 4 1 4 1 4 1 3 4 4 4 1 1 1 4 1 3
86 0.110994 3 2 3 3 4 3 1 3 1 3 3 3 4 1 3 2 1 3 3 3 1 4 2 3 1 3 2 1 1 4 1 2 1 4 4 1 2 3 3 4 1 2 1 2 1 4 1 3 1 3 2 3 3 4 1 1 4 2 4 3 3 3 1 1 3 4 1 1 1 2 1 4 1 3 4 1 1 2 1 1 4 1 4 1 4 1 3 4 4 4 1 1 1 4 1 3
86 0.110994 3 2 3 3 4 1 1 3 3 3 3 3 4 1 3 2 2 1 3 1 1 4 2 3 1 3 2 1 1 4 1 2 1 4 4 1 2 3 3 4 1 2 1 2 1 4 1 3 1 3 2 3 3 4 1 3 4 2 4 3 3 3 1 1 3 4 1 1 1 2 1 4 1 3 4 1 1 2 1 1 4 1 3 1 4 1 3 4 4 4 1 1 1 4 1 3
86 0.110994 3 2 3 3 4 3 1 3 3 3 3 3 4 1 3 2 2 1 3 3 1 4 2 3 1 3 2 1 1 4 1 2 1 4 4 1 2 3 3 4 1 2 1 2 1 4 1 3 1 3 2 3 3 4 1 3 4 2 4 3 3 3 1 1 3 4 1 1 1 2 1 4 1 3 4 1 1 2 1 1 4 1 4 1 4 1 3 4 4 4 1 1 1 4 1 3
86 0.110994 3 2 3 3 4 3 1 3 3 3 3 3 4 1 3 2 2 1 3 3 1 4 2 3 1 3 2 1 1 4 1 2 1 4 4 1 2 3 3 4 1 2 1 2 1 4 1 3 1 1 2 3 3 4 1 3 4 2 4 3 3 3 1 1 3 4 1 1 1 2 1 4 1 3 4 1 1 2 1 1 4 1 4 1 4 1 3 4 4 4 1 1 1 4 1 3
86 0.000150 3 2 3 3 4 3 1 3 3 3 3 3 4 1 3 2 1 3 3 3 1 4 4 3 1 1 1 1 1 4 1 2 1 4 1 3 2 3 3 4 1 2 1 2 1 4 1 3 3 3 2 3 3 4 1 3 4 2 4 3 3 3 1 1 3 4 1 1 1 2 1 4 1 3 4 1 1 2 1 1 4 1 4 1 4 1 3 4 4 4 1 1 1 4 1 3
86 0.000150 3 2 3 3 4 3 1 3 3 3 3 3 4 1 3 2 1 3 3 3 1 4 4 3 1 3 2 1 1 4 1 2 1 4 1 1 2 3 3 4 1 2 1 2 1 4 1 3 1 3 2 3 3 4 1 3 4 2 4 3 3 3 1 1 3 4 1 1 1 2 1 4 1 3 4 1 1 2 1 1 4 1 4 1 4 1 3 4 4 4 1 1 1 4 1 3
86 0.110994 3 2 3 3 4 3 1 3 3 3 3 3 4 1 3 2 1 3 3 3 1 4 2 3 1 3 2 1 1 4 1 2 1 4 4 1 2 3 3 4 1 2 1 2 3 4 1 3 1 3 2 3 3 4 1 3 4 2 4 3 3 3 1 1 3 4 1 1 1 2 1 4 1 3 4 1 1 2 1 1 4 1 4 1 2 1 3 3 4 4 1 1 1 4 1 3
86 0.000150 3 2 3 1 4 3 1 3 3 3 3 3 4 1 3 2 2 1 3 3 1 4 2 3 1 3 2 1 1 4 1 2 1 4 4 1 2 3 3 4 1 2 1 2 1 4 1 3 1 3 2 3 3 4 1 3 4 2 4 3 3 3 1 1 3 4 1 1 1 2 1 4 1 3 4 1 1 2 1 1 4 1 4 1 4 1 3 4 4 4 1 1 1 4 1 3
86 0.110994 3 2 3 3 4 3 1 3 3 3 3 3 4 1 3 2 2 1 3 3 1 4 2 3 3 3 2 1 1 4 1 2 1 4 4 1 2 3 3 4 1 2 1 2 1 4 1 3 1 3 2 3 3 4 1 3 4 2 4 3 3 3 1 1 3 4 1 1 1 2 1 4 1 3 4 1 1 2 1 1 4 1 4 1 4 1 3 4 4 4 1 1 1 4 1 3
86 0.000150 3 2 3 1 4 3 1 3 3 3 3 3 4 1 3 2 2 1 3 3 1 4 2 3 1 3 2 1 1 4 1 2 1 4 4 1 2 3 3 4 1 2 1 2 1 4 1 3 1 3 2 3 3 4 1 3 4 2 4 3 3 3 1 1 3 4 1 1 1 2 1 4 1 3 4 1 1 2 1 1 4 1 4 1 4 1 3 4 4 4 1 3 1 4 1 3
86 0.110994 3 2 3 3 4 3 1 3 3 3 3 3 4 1 3 2 2 1 3 3 1 4 2 3 1 3 2 1 1 4 1 2 1 4 4 1 2 3 3 4 1 2 1 2 1 4 1 3 1 1 2 3 3 4 1 3 4 2 4 3 3 3 1 1 3 4 1 1 1 2 1 4 1 3 4 1 1 2 1 1 4 1 4 3 4 1 3 4 4 4 1 1 1 4 1 3
86 0.000150 3 2 3 1 4 3 1 3 3 3 3 3 4 1 3 2 2 1 3 3 1 4 2 3 1 3 2 1 1 4 1 2 1 4 4 1 2 0 3 4 1 2 1 2 1 4 1 3 1 3 2 3 1 4 1 3 4 2 4 3 3 3 1 1 3 4 1 1 1 2 1 4 1 3 4 1 1 2 1 1 4 1 4 1 4 1 3 4 4 4 1 1 1 4 1 3
86 0.110994 3 2 3 3 4 3 1 3 3 3 3 3 4 1 3 2 2 1 3 3 1 4 2 3 1 3 2 3 1 4 1 2 1 4 4 1 2 3 3 4 1 2 1 2 1 4 1 3 1 3 2 3 3 4 1 3 4 2 4 3 3 3 1 1 3 4 1 1 1 2 1 4 1 3 4 1 1 2 1 1 4 1 4 1 4 1 1 4 4 4 1 1 1 4 1 1
86 0.000150 3 2 3 1 4 3 1 3 3 3 3 3 4 1 3 2 2 1 3 3 1 4 2 3 1 3 2 1 1 4 1 2 1 4 4 1 2 3 3 4 1 2 1 2 1 4 1 3 1 3 2 3 3 4 1 3 4 2 4 3 3 3 1 1 3 4 1 1 1 2 1 4 1 3 4 1 1 2 1 1 4 1 4 1 4 1 3 4 4 4 1 1 1 2 3 3
86 0.110994 3 2 3 3 4 3 1 3 3 3 3 3 4 1 3 2 2 3 3 3 1 4 2 3 1 3 2 1 1 4 1 2 1 4 4 1 2 3 1 4 1 2 1 2 1 4 1 3 1 3 2 3 3 4 1 3 4 2 4 3 3 3 1 1 3 4 1 1 1 2 1 4 1 3 4 1 1 2 1 1 4 1 4 1 4 1 3 4 4 4 1 1 1 4 1 3
86 0.000150 3 2 3 3 4 1 1 3 3 3 3 3 4 1 3 2 2 1 3 3 1 4 2 3 1 3 2 1 1 4 1 2 1 4 4 1 2 3 3 4 1 2 1 2 1 4 1 3 1 3 2 3 3 4 1 3 4 2 4 3 3 3 1 1 3 4 1 1 1 2 1 4 1 3 4 1 1 2 1 1 4 1 4 1 4 1 3 4 4 4 1 1 1 4 1 3
87 0.110860 3 2 3 3 4 3 1 3 1 3 3 3 4 1 3 2 1 3 3 3 1 4 2 3 1 3 2 1 1 4 1 2 1 4 4 1 2 3 3 4 1 2 1 2 1 4 1 3 1 3 2 3 3 4 1 1 4 2 4 3 3 3 1 1 3 4 1 1 1 2 1 4 1 3 4 1 1 2 1 1 4 1 4 1 4 1 3 4 4 4 1 1 1 4 1 3
87 0.110860 3 2 3 3 4 1 1 3 3 3 3 3 4 1 3 2 2 1 3 1 1 4 2 3 1 3 2 1 1 4 1 2 1 4 4 1 2 3 3 4 1 2 1 2 1 4 1 3 1 3 2 3 3 4 1 3 4 2 4 3 3 3 1 1 3 4 1 1 1 2 1 4 1 3 4 1 1 2 1 1 4 1 3 1 4 1 3 4 4 4 1 1 1 4 1 3
87 0.110860 3 2 3 3 4 3 1 3 3 3 3 3 4 1 3 2 2 1 3 3 1 4 2 3 1 3 2 1 1 4 1 2 1 4 4 1 2 3 3 4 1 2 1 2 1 4 1 3 1 3 2 3 3 4 1 3 4 2 4 3 3 3 1 1 3 4 1 1 1 2 1 4 1 3 4 1 1 2 1 1 4 1 4 1 4 1 3 4 4 4 1 1 1 4 1 3
87 0.110860 3 2 3 3 4 3 1 3 3 3 3 3 4 1 3 2 2 1 3 3 1 4 2 3 1 3 2 1 1 4 1 2 1 4 4 1 2 3 3 4 1 2 1 2 1 4 1 3 1 1 2 3 3 4 1 3 4 2 4 3 3 3 1 1 3 4 1 1 1 2 1 4 1 3 4 1 1 2 1 1 4 1 4 1 4 1 3 4 4 4 1 1 1 4 1 3
87 0.000323 3 2 3 3 4 3 1 3 3 3 3 3 4 1 3 2 1 3 3 3 1 4 4 3 1 1 1 1 1 4 1 2 1 4 1 3 2 3 3 4 1 2 1 2 1 4 1 3 3 3 2 3 3 4 1 3 4 2 4 3 3 3 1 1 3 4 1 1 1 2 1 4 1 3 4 1 1 2 1 1 4 1 4 1 4 1 3 4 4 4 1 1 1 4 1 3
87 0.000323 3 2 3 3 4 3 1 3 3 3 3 3 4 1 3 2 1 3 3 3 1 4 4 3 1 3 2 1 1 4 1 2 1 4 1 1 2 3 3 4 1 2 1 2 1 4 1 3 1 3 2 3 3 4 1 3 4 2 4 3 3 3 1 1 3 4 1 1 1 2 1 4 1 3 4 1 1 2 1 1 4 1 4 1 4 1 3 4 4 4 1 1 1 4 1 3
87 0.110860 3 2 3 3 4 3 1 3 3 3 3 3 4 1 3 2 1 3 3 3 1 4 2 3 1 3 2 1 1 4 1 2 1 4 4 1 2 3 3 4 1 2 1 2 3 4 1 3 1 3 2 3 3 4 1 3 4 2 4 3 3 3 1 1 3 4 1 1 1 2 1 4 1 3 4 1 1 2 1 1 4 1 4 1 2 1 3 3 4 4 1 1 1 4 1 3
87 0.000323 3 2 3 1 4 3 1 3 3 3 3 3 4 1 3 2 2 1 3 3 1 4 2 3 1 3 2 1 1 4 1 2 1 4 4 1 2 3 3 4 1 2 1 2 1 4 1 3 1 3 2 3 3 4 1 3 4 2 4 3 3 3 1 1 3 4 1 1 1 2 1 4 1 3 4 1 1 2 1 1 4 1 4 1 4 1 3 4 4 4 1 1 1 4 1 3
87 0.110860 3 2 3 3 4 3 1 3 3 3 3 3 4 1 3 2 2 1 3 3 1 4 2 3 3 3 2 1 1 4 1 2 1 4 4 1 2 3 3 4 1 2 1 2 1 4 1 3 1 3 2 3 3 4 1 3 4 2 4 3 3 3 1 1 3 4 1 1 1 2 1 4 1 3 4 1 1 2 1 1 4 1 4 1 4 1 3 4 4 4 1 1 1 4 1 3
87 0.000323 3 2 3 1 4 3 1 3 3 3 3 3 4 1 3 2 2 1 3 3 1 4 2 3 1 3 2 1 1 4 1 2 1 4 4 1 2 3 3 4 1 2 1 2 1 4 1 3 1 3 2 3 3 4 1 3 4 2 4 3 3 3 1 1 3 4 1 1 1 2 1 4 1 3 4 1 1 2 1 1 4 1 4 1 4 1 3 4 4 4 1 3 1 4 1 3
87 0.110860 3 2 3 3 4 3 1 3 3 3 3 3 4 1 3 2 2 1 3 3 1 4 2 3 1 3 2 1 1 4 1 2 1 4 4 1 2 3 3 4 1 2 1 2 1 4 1 3 1 1 2 3 3 4 1 3 4 2 4 3 3 3 1 1 3 4 1 1 1 2 1 4 1 3 4 1 1 2 1 1 4 1 4 3 4 1 3 4 4 4 1 1 1 4 1 3
87 0.000323 3 2 3 1 4 3 1 3 3 3 3 3 4 1 3 2 2 1 3 3 1 4 2 3 1 3 2 1 1 4 1 2 1 4 4 1 2 0 3 4 1 2 1 2 1 4 1 3 1 3 2 3 1 4 1 3 4 2 4 3 3 3 1 1 3 4 1 1 1 2 1 4 1 3 4 1 1 2 1 1 4 1 4 1 4 1 3 4 4 4 1 1 1 4 1 3
87 0.110860 3 2 3 3 4 3 1 3 3 3 3 3 4 1 3 2 2 1 3 3 1 4 2 3 1 3 2 3 1 4 1 2 1 4 4 1 2 3 3 4 1 2 1 2 1 4 1 3 1 3 2 3 3 4 1 3 4 2 4 3 3 3 1 1 3 4 1 1 1 2 1 4 1 3 4 1 1 2 1 1 4 1 4 1 4 1 1 4 4 4 1 1 1 4 1 1
87 0.000323 3 2 3 1 4 3 1 3 3 3 3 3 4 1 3 2 2 1 3 3 1 4 2 3 1 3 2 1 1 4 1 2 1 4 4 1 2 3 3 4 1 2 1 2 1 4 1 3 1 3 2 3 3 4 1 3 4 2 4 3 3 3 1 1 3 4 1 1 1 2 1 4 1 3 4 1 1 2 1 1 4 1 4 1 4 1 3 4 4 4 1 1 1 2 3 3
87 0.110860 3 2 3 3 4 3 1 3 3 3 3 3 4 1 3 2 2 3 3 3 1 4 2 3 1 3 2 1 1 4 1 2 1 4 4 1 2 3 1 4 1 2 1 2 1 4 1 3 1 3 2 3 3 4 1 3 4 2 4 3 3 3 1 1 3 4 1 1 1 2 1 4 1 3 4 1 1 2 1 1 4 1 4 1 4 1 3 4 4 4 1 1 1 4 1 3
87 0.000323 3 2 3 3 4 1 1 3 3 3 3 3 4 1 3 2 2 1 3 3 1 4 2 3 1 3 2 1 1 4 1 2 1 4 4 1 2 3 3 4 1 2 1 2 1 4 1 3 1 3 2 3 3 4 1 3 4 2 4 3 3 3 1 1 3 4 1 1 1 2 1 4 1 3 4 1 1 2 1 1 4 1 4 1 4 1 3 4 4 4 1 1 1 4 1 3
88 0.110705 3 2 3 3 4 3 1 3 1 3 3 3 4 1 3 2 1 3 3 3 1 4 2 3 1 3 2 1 1 4 1 2 1 4 4 1 2 3 3 4 1 2 1 2 1 4 1 3 1 3 2 3 3 4 1 1 4 2 4 3 3 3 1 1 3 4 1 1 1 2 1 4 1 3 4 1 1 2 1 1 4 1 4 1 4 1 3 4 4 4 1 1 1 4 1 3
88 0.110705 3 2 3 3 4 1 1 3 3 3 3 3 4 1 3 2 2 1 3 1 1 4 2 3 1 3 2 1 1 4 1 2 1 4 4 1 2 3 3 4 1 2 1 2 1 4 1 3 1 3 2 3 3 4 1 3 4 2 4 3 3 3 1 1 3 4 1 1 1 2 1 4 1 3 4 1 1 2 1 1 4 1 3 1 4 1 3 4 4 4 1 1 1 4 1 3
88 0.110705 3 2 3 3 4 3 1 3 3 3 3 3 4 1 3 2 2 1 3 3 1 4 2 3 1 3 2 1 1 4 1 2 1 4 4 1 2 3 3 4 1 2 1 2 1 4 1 3 1 3 2 3 3 4 1 3 4 2 4 3 3 3 1 1 3 4 1 1 1 2 1 4 1 3 4 1 1 2 1 1 4 1 4 1 4 1 3 4 4 4 1 1 1 4 1 3
88 0.110705 3 2 3 3 4 3 1 3 3 3 3 3 4 1 3 2 2 1 3 3 1 4 2 3 1 3 2 1 1 4 1 2 1 4 4 1 2 3 3 4 1 2 1 2 1 4 1 3 1 1 2 3 3 4 1 3 4 2 4 3 3 3 1 1 3 4 1 1 1 2 1 4 1 3 4 1 1 2 1 1 4 1 4 1 4 1 3 4 4 4 1 1 1 4 1 3
88 0.000522 3 2 3 3 4 3 1 3 3 3 3 3 4 1 3 2 1 3 3 3 1 4 4 3 1 1 1 1 1 4 1 2 1 4 1 3 2 3 3 4 1 2 1 2 1 4 1 3 3 3 2 3 3 4 1 3 4 2 4 3 3 3 1 1 3 4 1 1 1 2 1 4 1 3 4 1 1 2 1 1 4 1 4 1 4 1 3 4 4 4 1 1 1 4 1 3
88 0.000522 3 2 3 3 4 3 1 3 3 3 3 3 4 1 3 2 1 3 3 3 1 4 4 3 1 3 2 1 1 4 1 2 1 4 1 1 2 3 3 4 1 2 1 2 1 4 1 3 1 3 2 3 3 4 1 3 4 2 4 3 3 3 1 1 3 4 1 1 1 2 1 4 1 3 4 1 1 2 1 1 4 1 4 1 4 1 3 4 4 4 1 1 1 4 1 3
88 0.110705 3 2 3 3 4 3 1 3 3 3 3 3 4 1 3 2 1 3 3 3 1 4 2 3 1 3 2 1 1 4 1 2 1 4 4 1 2 3 3 4 1 2 1 2 3 4 1 3 1 3 2 3 3 4 1 3 4 2 4 3 3 3 1 1 3 4 1 1 1 2 1 4 1 3 4 1 1 2 1 1 4 1 4 1 2 1 3 3 4 4 1 1 1 4 1 3
88 0.000522 3 2 3 1 4 3 1 3 3 3 3 3 4 1 3 2 2 1 3 3 1 4 2 3 1 3 2 1 1 4 1 2 1 4 4 1 2 3 3 4 1 2 1 2 1 4 1 3 1 3 2 3 3 4 1 3 4 2 4 3 3 3 1 1 3 4 1 1 1 2 1 4 1 3 4 1 1 2 1 1 4 1 4 1 4 1 3 4 4 4 1 1 1 4 1 3
88 0.110705 3 2 3 3 4 3 1 3 3 3 3 3 4 1 3 2 2 1 3 3 1 4 2 3 3 3 2 1 1 4 1 2 1 4 4 1 2 3 3 4 1 2 1 2 1 4 1 3 1 3 2 3 3 4 1 3 4 2 4 3 3 3 1 1 3 4 1 1 1 2 1 4 1 3 4 1 1 2 1 1 4 1 4 1 4 1 3 4 4 4 1 1 1 4 1 3
88 0.000522 3 2 3 1 4 3 1 3 3 3 3 3 4 1 3 2 2 1 3 3 1 4 2 3 1 3 2 1 1 4 1 2 1 4 4 1 2 3 3 4 1 2 1 2 1 4 1 3 1 3 2 3 3 4 1 3 4 2 4 3 3 3 1 1 3 4 1 1 1 2 1 4 1 3 4 1 1 2 1 1 4 1 4 1 4 1 3 4 4 4 1 3 1 4 1 3
88 0.110705 3 2 3 3 4 3 1 3 3 3 3 3 4 1 3 2 2 1 3 3 1 4 2 3 1 3 2 1 1 4 1 2 1 4 4 1 2 3 3 4 1 2 1 2 1 4 1 3 1 1 2 3 3 4 1 3 4 2 4 3 3 3 1 1 3 4 1 1 1 2 1 4 1 3 4 1 1 2 1 1 4 1 4 3 4 1 3 4 4 4 1 1 1 4 1 3
88 0.000522 3 2 3 1 4 3 1 3 3 3 3 3 4 1 3 2 2 1 3 3 1 4 2 3 1 3 2 1 1 4 1 2 1 4 4 1 2 0 3 4 1 2 1 2 1 4 1 3 1 3 2 3 1 4 1 3 4 2 4 3 3 3 1 1 3 4 1 1 1 2 1 4 1 3 4 1 1 2 1 1 4 1 4 1 4 1 3 4 4 4 1 1 1 4 1 3
88 0.110705 3 2 3 3 4 3 1 3 3 3 3 3 4 1 3 2 2 1 3 3 1 4 2 3 1 3 2 3 1 4 1 2 1 4 4 1 2 3 3 4 1 2 1 2 1 4 1 3 1 3 2 3 3 4 1 3 4 2 4 3 3 3 1 1 3 4 1 1 1 2 1 4 1 3 4 1 1 2 1 1 4 1 4 1 4 1 1 4 4 4 1 1 1 4 1 1
88 0.000522 3 2 3 1 4 3 1 3 3 3 3 3 4 1 3 2 2 1 3 3 1 4 2 3 1 3 2 1 1 4 1 2 1 4 4 1 2 3 3 4 1 2 1 2 1 4 1 3 1 3 2 3 3 4 1 3 4 2 4 3 3 3 1 1 3 4 1 1 1 2 1 4 1 3 4 1 1 2 1 1 4 1 4 1 4 1 3 4 4 4 1 1 1 2 3 3
88 0.110705 3 2 3 3 4 3 1 3 3 3 3 3 4 1 3 2 2 3 3 3 1 4 2 3 1 3 2 1 1 4 1 2 1 4 4 1 2 3 1 4 1 2 1 2 1 4 1 3 1 3 2 3 3 4 1 3 4 2 4 3 3 3 1 1 3 4 1 1 1 2 1 4 1 3 4 1 1 2 1 1 4 1 4 1 4 1 3 4 4 4 1 1 1 4 1 3
88 0.000522 3 2 3 3 4 1 1 3 3 3 3 3 4 1 3 2 2 1 3 3 1 4 2 3 1 3 2 1 1 4 1 2 1 4 4 1 2 3 3 4 1 2 1 2 1 4 1 3 1 3 2 3 3 4 1 3 4 2 4 3 3 3 1 1 3 4 1 1 1 2 1 4 1 3 4 1 1 2 1 1 4 1 4 1 4 1 3 4 4 4 1 1 1 4 1 3
89 0.110526 3 2 3 3 4 3 1 3 1 3 3 3 4 1 3 2 1 3 3 3 1 4 2 3 1 3 2 1 1 4 1 2 1 4 4 1 2 3 3 4 1 2 1 2 1 4 1 3 1 3 2 3 3 4 1 1 4 2 4 3 3 3 1 1 3 4 1 1 1 2 1 4 1 3 4 1 1 2 1 1 4 1 4 1 4 1 3 4 4 4 1 1 1 4 1 3
89 0.110526 3 2 3 3 4 1 1 3 3 3 3 3 4 1 3 2 2 1 3 1 1 4 2 3 1 3 2 1 1 4 1 2 1 4 4 1 2 3 3 4 1 2 1 2 1 4 1 3 1 3 2 3 3 4 1 3 4 2 4 3 3 3 1 1 3 4 1 1 1 2 1 4 1 3 4 1 1 2 1 1 4 1 3 1 4 1 3 4 4 4 1 1 1 4 1 3
89 0.110526 3 2 3 3 4 3 1 3 3 3 3 3 4 1 3 2 2 1 3 3 1 4 2 3 1 3 2 1 1 4 1 2 1 4 4 1 2 3 3 4 1 2 1 2 1 4 1 3 1 3 2 3 3 4 1 3 4 2 4 3 3 3 1 1 3 4 1 1 1 2 1 4 1 3 4 1 1 2 1 1 4 1 4 1 4 1 3 4 4 4 1 1 1 4 1 3
89 0.110526 3 2 3 3 4 3 1 3 3 3 3 3 4 1 3 2 2 1 3 3 1 4 2 3 1 3 2 1 1 4 1 2 1 4 4 1 2 3 3 4 1 2 1 2 1 4 1 3 1 1 2 3 3 4 1 3 4 2 4 3 3 3 1 1 3 4 1 1 1 2 1 4 1 3 4 1 1 2 1 1 4 1 4 1 4 1 3 4 4 4 1 1 1 4 1 3
89 0.000752 3 2 3 3 4 3 1 3 3 3 3 3 4 1 3 2 1 3 3 3 1 4 4 3 1 1 1 1 1 4 1 2 1 4 1 3 2 3 3 4 1 2 1 2 1 4 1 3 3 3 2 3 3 4 1 3 4 2 4 3 3 3 1 1 3 4 1 1 1 2 1 4 1 3 4 1 1 2 1 1 4 1 4 1 4 1 3 4 4 4 1 1 1 4 1 3
89 0.000752 3 2 3 3 4 3 1 3 3 3 3 3 4 1 3 2 1 3 3 3 1 4 4 3 1 3 2 1 1 4 1 2 1 4 1 1 2 3 3 4 1 2 1 2 1 4 1 3 1 3 2 3 3 4 1 3 4 2 4 3 3 3 1 1 3 4 1 1 1 2 1 4 1 3 4 1 1 2 1 1 4 1 4 1 4 1 3 4 4 4 1 1 1 4 1 3
89 0.110526 3 2 3 3 4 3 1 3 3 3 3 3 4 1 3 2 1 3 3 3 1 4 2 3 1 3 2 1 1 4 1 2 1 4 4 1 2 3 3 4 1 2 1 2 3 4 1 3 1 3 2 3 3 4 1 3 4 2 4 3 3 3 1 1 3 4 1 1 1 2 1 4 1 3 4 1 1 2 1 1 4 1 4 1 2 1 3 3 4 4 1 1 1 4 1 3
89 0.000752 3 2 3 1 4 3 1 3 3 3 3 3 4 1 3 2 2 1 3 3 1 4 2 3 1 3 2 1 1 4 1 2 1 4 4 1 2 3 3 4 1 2 1 2 1 4 1 3 1 3 2 3 3 4 1 3 4 2 4 3 3 3 1 1 3 4 1 1 1 2 1 4 1 3 4 1 1 2 1 1 4 1 4 1 4 1 3 4 4 4 1 1 1 4 1 3
89 0.110526 3 2 3 3 4 3 1 3 3 3 3 3 4 1 3 2 2 1 3 3 1 4 2 3 3 3 2 1 1 4 1 2 1 4 4 1 2 3 3 4 1 2 1 2 1 4 1 3 1 3 2 3 3 4 1 3 4 2 4 3 3 3 1 1 3 4 1 1 1 2 1 4 1 3 4 1 1 2 1 1 4 1 4 1 4 1 3 4 4 4 1 1 1 4 1 3
89 0.000752 3 2 3 1 4 3 1 3 3 3 3 3 4 1 3 2 2 1 3 3 1 4 2 3 1 3 2 1 1 4 1 2 1 4 4 1 2 3 3 4 1 2 1 2 1 4 1 3 1 3 2 3 3 4 1 3 4 2 4 3 3 3 1 1 3 4 1 1 1 2 1 4 1 3 4 1 1 2 1 1 4 1 4 1 4 1 3 4 4 4 1 3 1 4 1 3
89 0.110526 3 2 3 3 4 3 1 3 3 3 3 3 4 1 3 2 2 1 3 3 1 4 2 3 1 3 2 1 1 4 1 2 1 4 4 1 2 3 3 4 1 2 1 2 1 4 1 3 1 1 2 3 3 4 1 3 4 2 4 3 3 3 1 1 3 4 1 1 1 2 1 4 1 3 4 1 1 2 1 1 4 1 4 3 4 1 3 4 4 4 1 1 1 4 1 3
89 0.000752 3 2 3 1 4 3 1 3 3 3 3 3 4 1 3 2 2 1 3 3 1 4 2 3 1 3 2 1 1 4 1 2 1 4 4 1 2 0 3 4 1 2 1 2 1 4 1 3 1 3 2 3 1 4 1 3 4 2 4 3 3 3 1 1 3 4 1 1 1 2 1 4 1 3 4 1 1 2 1 1 4 1 4 1 4 1 3 4 4 4 1 1 1 4 1 3
89 0.110526 3 2 3 3 4 3 1 3 3 3 3 3 4 1 3 2 2 1 3 3 1 4 2 3 1 3 2 3 1 4 1 2 1 4 4 1 2 3 3 4 1 2 1 2 1 4 1 3 1 3 2 3 3 4 1 3 4 2 4 3 3 3 1 1 3 4 1 1 1 2 1 4 1 3 4 1 1 2 1 1 4 1 4 1 4 1 1 4 4 4 1 1 1 4 1 1
89 0.000752 3 2 3 1 4 3 1 3 3 3 3 3 4 1 3 2 2 1 3 3 1 4 2 3 1 3 2 1 1 4 1 2 1 4 4 1 2 3 3 4 1 2 1 2 1 4 1 3 1 3 2 3 3 4 1 3 4 2 4 3 3 3 1 1 3 4 1 1 1 2 1 4 1 3 4 1 1 2 1 1 4 1 4 1 4 1 3 4 4 4 1 1 1 2 3 3
89 0.110526 3 2 3 3 4 3 1 3 3 3 3 3 4 1 3 2 2 3 3 3 1 4 2 3 1 3 2 1 1 4 1 2 1 4 4 1 2 3 1 4 1 2 1 2 1 4 1 3 1 3 2 3 3 4 1 3 4 2 4 3 3 3 1 1 3 4 1 1 1 2 1 4 1 3 4 1 1 2 1 1 4 1 4 1 4 1 3 4 4 4 1 1 1 4 1 3
89 0.000752 3 2 3 3 4 1 1 3 3 3 3 3 4 1 3 2 2 1 3 3 1 4 2 3 1 3 2 1 1 4 1 2 1 4 4 1 2 3 3 4 1 2 1 2 1 4 1 3 1 3 2 3 3 4 1 3 4 2 4 3 3 3 1 1 3 4 1 1 1 2 1 4 1 3 4 1 1 2 1 1 4 1 4 1 4 1 3 4 4 4 1 1 1 4 1 3
90 0.110320 3 2 3 3 4 3 1 3 1 3 3 3 4 1 3 2 1 3 3 3 1 4 2 3 1 3 2 1 1 4 1 2 1 4 4 1 2 3 3 4 1 2 1 2 1 4 1 3 1 3 2 3 3 4 1 1 4 2 4 3 3 3 1 1 3 4 1 1 1 2 1 4 1 3 4 1 1 2 1 1 4 1 4 1 4 1 3 4 4 4 1 1 1 4 1 3
90 0.110320 3 2 3 3 4 1 1 3 3 3 3 3 4 1 3 2 2 1 3 1 1 4 2 3 1 3 2 1 1 4 1 2 1 4 4 1 2 3 3 4 1 2 1 2 1 4 1 3 1 3 2 3 3 4 1 3 4 2 4 3 3 3 1 1 3 4 1 1 1 2 1 4 1 3 4 1 1 2 1 1 4 1 3 1 4 1 3 4 4 4 1 1 1 4 1 3
90 0.110320 3 2 3 3 4 3 1 3 3 3 3 3 4 1 3 2 2 1 3 3 1 4 2 3 1 3 2 1 1 4 1 2 1 4 4 1 2 3 3 4 1 2 1 2 1 4 1 3 1 3 2 3 3 4 1 3 4 2 4 3 3 3 1 1 3 4 1 1 1 2 1 4 1 3 4 1 1 2 1 1 4 1 4 1 4 1 3 4 4 4 1 1 1 4 1 3
90 0.110320 3 2 3 3 4 3 1 3 3 3 3 3 4 1 3 2 2 1 3 3 1 4 2 3 1 3 2 1 1 4 1 2 1 4 4 1 2 3 3 4 1 2 1 2 1 4 1 3 1 1 2 3 3 4 1 3 4 2 4 3 3 3 1 1 3 4 1 1 1 2 1 4 1 3 4 1 1 2 1 1 4 1 4 1 4 1 3 4 4 4 1 1 1 4 1 3
90 0.001017 3 2 3 3 4 3 1 3 3 3 3 3 4 1 3 2 1 3 3 3 1 4 4 3 1 1 1 1 1 4 1 2 1 4 1 3 2 3 3 4 1 2 1 2 1 4 1 3 3 3 2 3 3 4 1 3 4 2 4 3 3 3 1 1 3 4 1 1 1 2 1 4 1 3 4 1 1 2 1 1 4 1 4 1 4 1 3 4 4 4 1 1 1 4 1 3
90 0.001017 3 2 3 3 4 3 1 3 3 3 3 3 4 1 3 2 1 3 3 3 1 4 4 3 1 3 2 1 1 4 1 2 1 4 1 1 2 3 3 4 1 2 1 2 1 4 1 3 1 3 2 3 3 4 1 3 4 2 4 3 3 3 1 1 3 4 1 1 1 2 1 4 1 3 4 1 1 2 1 1 4 1 4 1 4 1 3 4 4 4 1 1 1 4 1 3
90 0.110320 3 2 3 3 4 3 1 3 3 3 3 3 4 1 3 2 1 3 3 3 1 4 2 3 1 3 2 1 1 4 1 2 1 4 4 1 2 3 3 4 1 2 1 2 3 4 1 3 1 3 2 3 3 4 1 3 4 2 4 3 3 3 1 1 3 4 1 1 1 2 1 4 1 3 4 1 1 2 1 1 4 1 4 1 2 1 3 3 4 4 1 1 1 4 1 3
90 0.001017 3 2 3 1 4 3 1 3 3 3 3 3 4 1 3 2 2 1 3 3 1 4 2 3 1 3 2 1 1 4 1 2 1 4 4 1 2 3 3 4 1 2 1 2 1 4 1 3 1 3 2 3 3 4 1 3 4 2 4 3 3 3 1 1 3 4 1 1 1 2 1 4 1 3 4 1 1 2 1 1 4 1 4 1 4 1 3 4 4 4 1 1 1 4 1 3
90 0.110320 3 2 3 3 4 3 1 3 3 3 3 3 4 1 3 2 2 1 3 3 1 4 2 3 3 3 2 1 1 4 1 2 1 4 4 1 2 3 3 4 1 2 1 2 1 4 1 3 1 3 2 3 3 4 1 3 4 2 4 3 3 3 1 1 3 4 1 1 1 2 1 4 1 3 4 1 1 2 1 1 4 1 4 1 4 1 3 4 4 4 1 1 1 4 1 3
90 0.001017 3 2 3 1 4 3 1 3 3 3 3 3 4 1 3 2 2 1 3 3 1 4 2 3 1 3 2 1 1 4 1 2 1 4 4 1 2 3 3 4 1 2 1 2 1 4 1 3 1 3 2 3 3 4 1 3 4 2 4 3 3 3 1 1 3 4 1 1 1 2 1 4 1 3 4 1 1 2 1 1 4 1 4 1 4 1 3 4 4 4 1 3 1 4 1 3
90 0.110320 3 2 3 3 4 3 1 3 3 3 3 3 4 1 3 2 2 1 3 3 1 4 2 3 1 3 2 1 1 4 1 2 1 4 4 1 2 3 3 4 1 2 1 2 1 4 1 3 1 1 2 3 3 4 1 3 4 2 4 3 3 3 1 1 3 4 1 1 1 2 1 4 1 3 4 1 1 2 1 1 4 1 4 3 4 1 3 4 4 4 1 1 1 4 1 3
90 0.001017 3 2 3 1 4 3 1 3 3 3 3 3 4 1 3 2 2 1 3 3 1 4 2 3 1 3 2 1 1 4 1 2 1 4 4 1 2 0 3 4 1 2 1 2 1 4 1 3 1 3 2 3 1 4 1 3 4 2 4 3 3 3 1 1 3 4 1 1 1 2 1 4 1 3 4 1 1 2 1 1 4 1 4 1 4 1 3 4 4 4 1 1 1 4 1 3
90 0.110320 3 2 3 3 4 3 1 3 3 3 3 3 4 1 3 2 2 1 3 3 1 4 2 3 1 3 2 3 1 4 1 2 1 4 4 1 2 3 3 4 1 2 1 2 1 4 1 3 1 3 2 3 3 4 1 3 4 2 4 3 3 3 1 1 3 4 1 1 1 2 1 4 1 3 4 1 1 2 1 1 4 1 4 1 4 1 1 4 4 4 1 1 1 4 1 1
90 0.001017 3 2 3 1 4 3 1 3 3 3 3 3 4 1 3 2 2 1 3 3 1 4 2 3 1 3 2 1 1 4 1 2 1 4 4 1 2 3 3 4 1 2 1 2 1 4 1 3 1 3 2 3 3 4 1 3 4 2 4 3 3 3 1 1 3 4 1 1 1 2 1 4 1 3 4 1 1 2 1 1 4 1 4 1 4 1 3 4 4 4 1 1 1 2 3 3
90 0.110320 3 2 3 3 4 3 1 3 3 3 3 3 4 1 3 2 2 3 3 3 1 4 2 3 1 3 2 1 1 4 1 2 1 4 4 1 2 3 1 4 1 2 1 2 1 4 1 3 1 3 2 3 3 4 1 3 4 2 4 3 3 3 1 1 3 4 1 1 1 2 1 4 1 3 4 1 1 2 1 1 4 1 4 1 4 1 3 4 4 4 1 1 1 4 1 3
90 0.001017 3 2 3 3 4 1 1 3 3 3 3 3 4 1 3 2 2 1 3 3 1 4 2 3 1 3 2 1 1 4 1 2 1 4 4 1 2 3 3 4 1 2 1 2 1 4 1 3 1 3 2 3 3 4 1 3 4 2 4 3 3 3 1 1 3 4 1 1 1 2 1 4 1 3 4 1 1 2 1 1 4 1 4 1 4 1 3 4 4 4 1 1 1 4 1 3
91 0.110083 3 2 3 3 4 3 1 3 1 3 3 3 4 1 3 2 1 3 3 3 1 4 2 3 1 3 2 1 1 4 1 2 1 4 4 1 2 3 3 4 1 2 1 2 1 4 1 3 1 3 2 3 3 4 1 1 4 2 4 3 3 3 1 1 3 4 1 1 1 2 1 4 1 3 4 1 1 2 1 1 4 1 4 1 4 1 3 4 4 4 1 1 1 4 1 3
91 0.110083 3 2 3 3 4 1 1 3 3 3 3 3 4 1 3 2 2 1 3 1 1 4 2 3 1 3 2 1 1 4 1 2 1 4 4 1 2 3 3 4 1 2 1 2 1 4 1 3 1 3 2 3 3 4 1 3 4 2 4 3 3 3 1 1 3 4 1 1 1 2 1 4 1 3 4 1 1 2 1 1 4 1 3 1 4 1 3 4 4 4 1 1 1 4 1 3
91 0.110083 3 2 3 3 4 3 1 3 3 3 3 3 4 1 3 2 2 1 3 3 1 4 2 3 1 3 2 1 1 4 1 2 1 4 4 1 2 3 3 4 1 2 1 2 1 4 1 3 1 3 2 3 3 4 1 3 4 2 4 3 3 3 1 1 3 4 1 1 1 2 1 4 1 3 4 1 1 2 1 1 4 1 4 1 4 1 3 4 4 4 1 1 1 4 1 3
91 0.110083 3 2 3 3 4 3 1 3 3 3 3 3 4 1 3 2 2 1 3 3 1 4 2 3 1 3 2 1 1 4 1 2 1 4 4 1 2 3 3 4 1 2 1 2 1 4 1 3 1 1 2 3 3 4 1 3 4 2 4 3 3 3 1 1 3 4 1 1 1 2 1 4 1 3 4 1 1 2 1 1 4 1 4 1 4 1 3 4 4 4 1 1 1 4 1 3
91 0.001322 3 2 3 3 4 3 1 3 3 3 3 3 4 1 3 2 1 3 3 3 1 4 4 3 1 1 1 1 1 4 1 2 1 4 1 3 2 3 3 4 1 2 1 2 1 4 1 3 3 3 2 3 3 4 1 3 4 2 4 3 3 3 1 1 3 4 1 1 1 2 1 4 1 3 4 1 1 2 1 1 4 1 4 1 4 1 3 4 4 4 1 1 1 4 1 3
91 0.001322 3 2 3 3 4 3 1 3 3 3 3 3 4 1 3 2 1 3 3 3 1 4 4 3 1 3 2 1 1 4 1 2 1 4 1 1 2 3 3 4 1 2 1 2 1 4 1 3 1 3 2 3 3 4 1 3 4 2 4 3 3 3 1 1 3 4 1 1 1 2 1 4 1 3 4 1 1 2 1 1 4 1 4 1 4 1 3 4 4 4 1 1 1 4 1 3
91 0.110083 3 2 3 3 4 3 1 3 3 3 3 3 4 1 3 2 1 3 3 3 1 4 2 3 1 3 2 1 1 4 1 2 1 4 4 1 2 3 3 4 1 2 1 2 3 4 1 3 1 3 2 3 3 4 1 3 4 2 4 3 3 3 1 1 3 4 1 1 1 2 1 4 1 3 4 1 1 2 1 1 4 1 4 1 2 1 3 3 4 4 1 1 1 4 1 3
91 0.001322 3 2 3 1 4 3 1 3 3 3 3 3 4 1 3 2 2 1 3 3 1 4 2 3 1 3 2 1 1 4 1 2 1 4 4 1 2 3 3 4 1 2 1 2 1 4 1 3 1 3 2 3 3 4 1 3 4 2 4 3 3 3 1 1 3 4 1 1 1 2 1 4 1 3 4 1 1 2 1 1 4 1 4 1 4 1 3 4 4 4 1 1 1 4 1 3
91 0.110083 3 2 3 3 4 3 1 3 3 3 3 3 4 1 3 2 2 1 3 3 1 4 2 3 3 3 2 1 1 4 1 2 1 4 4 1 2 3 3 4 1 2 1 2 1 4 1 3 1 3 2 3 3 4 1 3 4 2 4 3 3 3 1 1 3 4 1 1 1 2 1 4 1 3 4 1 1 2 1 1 4 1 4 1 4 1 3 4 4 4 1 1 1 4 1 3
91 0.001322 3 2 3 1 4 3 1 3 3 3 3 3 4 1 3 2 2 1 3 3 1 4 2 3 1 3 2 1 1 4 1 2 1 4 4 1 2 3 3 4 1 2 1 2 1 4 1 3 1 3 2 3 3 4 1 3 4 2 4 3 3 3 1 1 3 4 1 1 1 2 1 4 1 3 4 1 1 2 1 1 4 1 4 1 4 1 3 4 4 4 1 3 1 4 1 3
91 0.110083 3 2 3 3 4 3 1 3 3 3 3 3 4 1 3 2 2 1 3 3 1 4 2 3 1 3 2 1 1 4 1 2 1 4 4 1 2 3 3 4 1 2 1 2 1 4 1 3 1 1 2 3 3 4 1 3 4 2 4 3 3 3 1 1 3 4 1 1 1 2 1 4 1 3 4 1 1 2 1 1 4 1 4 3 4 1 3 4 4 4 1 1 1 4 1 3
91 0.001322 3 2 3 1 4 3 1 3 3 3 3 3 4 1 3 2 2 1 3 3 1 4 2 3 1 3 2 1 1 4 1 2 1 4 4 1 2 0 3 4 1 2 1 2 1 4 1 3 1 3 2 3 1 4 1 3 4 2 4 3 3 3 1 1 3 4 1 1 1 2 1 4 1 3 4 1 1 2 1 1 4 1 4 1 4 1 3 4 4 4 1 1 1 4 1 3
91 0.110083 3 2 3 3 4 3 1 3 3 3 3 3 4 1 3 2 2 1 3 3 1 4 2 3 1 3 2 3 1 4 1 2 1 4 4 1 2 3 3 4 1 2 1 2 1 4 1 3 1 3 2 3 3 4 1 3 4 2 4 3 3 3 1 1 3 4 1 1 1 2 1 4 1 3 4 1 1 2 1 1 4 1 4 1 4 1 1 4 4 4 1 1 1 4 1 1
91 0.001322 3 2 3 1 4 3 1 3 3 3 3 3 4 1 3 2 2 1 3 3 1 4 2 3 1 3 2 1 1 4 1 2 1 4 4 1 2 3 3 4 1 2 1 2 1 4 1 3 1 3 2 3 3 4 1 3 4 2 4 3 3 3 1 1 3 4 1 1 1 2 1 4 1 3 4 1 1 2 1 1 4 1 4 1 4 1 3 4 4 4 1 1 1 2 3 3
91 0.110083 3 2 3 3 4 3 1 3 3 3 3 3 4 1 3 2 2 3 3 3 1 4 2 3 1 3 2 1 1 4 1 2 1 4 4 1 2 3 1 4 1 2 1 2 1 4 1 3 1 3 2 3 3 4 1 3 4 2 4 3 3 3 1 1 3 4 1 1 1 2 1 4 1 3 4 1 1 2 1 1 4 1 4 1 4 1 3 4 4 4 1 1 1 4 1 3
91 0.001322 3 2 3 3 4 1 1 3 3 3 3 3 4 1 3 2 2 1 3 3 1 4 2 3 1 3 2 1 1 4 1 2 1 4 4 1 2 3 3 4 1 2 1 2 1 4 1 3 1 3 2 3 3 4 1 3 4 2 4 3 3 3 1 1 3 4 1 1 1 2 1 4 1 3 4 1 1 2 1 1 4 1 4 1 4 1 3 4 4 4 1 1 1 4 1 3
92 0.109810 3 2 3 3 4 3 1 3 1 3 3 3 4 1 3 2 1 3 3 3 1 4 2 3 1 3 2 1 1 4 1 2 1 4 4 1 2 3 3 4 1 2 1 2 1 4 1 3 1 3 2 3 3 4 1 1 4 2 4 3 3 3 1 1 3 4 1 1 1 2 1 4 1 3 4 1 1 2 1 1 4 1 4 1 4 1 3 4 4 4 1 1 1 4 1 3
92 0.109810 3 2 3 3 4 1 1 3 3 3 3 3 4 1 3 2 2 1 3 1 1 4 2 3 1 3 2 1 1 4 1 2 1 4 4 1 2 3 3 4 1 2 1 2 1 4 1 3 1 3 2 3 3 4 1 3 4 2 4 3 3 3 1 1 3 4 1 1 1 2 1 4 1 3 4 1 1 2 1 1 4 1 3 1 4 1 3 4 4 4 1 1 1 4 1 3
92 0.109810 3 2 3 3 4 3 1 3 3 3 3 3 4 1 3 2 2 1 3 3 1 4 2 3 1 3 2 1 1 4 1 2 1 4 4 1 2 3 3 4 1 2 1 2 1 4 1 3 1 3 2 3 3 4 1 3 4 2 4 3 3 3 1 1 3 4 1 1 1 2 1 4 1 3 4 1 1 2 1 1 4 1 4 1 4 1 3 4 4 4 1 1 1 4 1 3
92 0.109810 3 2 3 3 4 3 1 3 3 3 3 3 4 1 3 2 2 1 3 3 1 4 2 3 1 3 2 1 1 4 1 2 1 4 4 1 2 3 3 4 1 2 1 2 1 4 1 3 1 1 2 3 3 4 1 3 4 2 4 3 3 3 1 1 3 4 1 1 1 2 1 4 1 3 4 1 1 2 1 1 4 1 4 1 4 1 3 4 4 4 1 1 1 4 1 3
92 0.001673 3 2 3 3 4 3 1 3 3 3 3 3 4 1 3 2 1 3 3 3 1 4 4 3 1 1 1 1 1 4 1 2 1 4 1 3 2 3 3 4 1 2 1 2 1 4 1 3 3 3 2 3 3 4 1 3 4 2 4 3 3 3 1 1 3 4 1 1 1 2 1 4 1 3 4 1 1 2 1 1 4 1 4 1 4 1 3 4 4 4 1 1 1 4 1 3
92 0.001673 3 2 3 3 4 3 1 3 3 3 3 3 4 1 3 2 1 3 3 3 1 4 4 3 1 3 2 1 1 4 1 2 1 4 1 1 2 3 3 4 1 2 1 2 1 4 1 3 1 3 2 3 3 4 1 3 4 2 4 3 3 3 1 1 3 4 1 1 1 2 1 4 1 3 4 1 1 2 1 1 4 1 4 1 4 1 3 4 4 4 1 1 1 4 1 3
92 0.109810 3 2 3 3 4 3 1 3 3 3 3 3 4 1 3 2 1 3 3 3 1 4 2 3 1 3 2 1 1 4 1 2 1 4 4 1 2 3 3 4 1 2 1 2 3 4 1 3 1 3 2 3 3 4 1 3 4 2 4 3 3 3 1 1 3 4 1 1 1 2 1 4 1 3 4 1 1 2 1 1 4 1 4 1 2 1 3 3 4 4 1 1 1 4 1 3
92 0.001673 3 2 3 1 4 3 1 3 3 3 3 3 4 1 3 2 2 1 3 3 1 4 2 3 1 3 2 1 1 4 1 2 1 4 4 1 2 3 3 4 1 2 1 2 1 4 1 3 1 3 2 3 3 4 1 3 4 2 4 3 3 3 1 1 3 4 1 1 1 2 1 4 1 3 4 1 1 2 1 1 4 1 4 1 4 1 3 4 4 4 1 1 1 4 1 3
92 0.109810 3 2 3 3 4 3 1 3 3 3 3 3 4 1 3 2 2 1 3 3 1 4 2 3 3 3 2 1 1 4 1 2 1 4 4 1 2 3 3 4 1 2 1 2 1 4 1 3 1 3 2 3 3 4 1 3 4 2 4 3 3 3 1 1 3 4 1 1 1 2 1 4 1 3 4 1 1 2 1 1 4 1 4 1 4 1 3 4 4 4 1 1 1 4 1 3
92 0.001673 3 2 3 1 4 3 1 3 3 3 3 3 4 1 3 2 2 1 3 3 1 4 2 3 1 3 2 1 1 4 1 2 1 4 4 1 2 3 3 4 1 2 1 2 1 4 1 3 1 3 2 3 3 4 1 3 4 2 4 3 3 3 1 1 3 4 1 1 1 2 1 4 1 3 4 1 1 2 1 1 4 1 4 1 4 1 3 4 4 4 1 3 1 4 1 3
92 0.109810 3 2 3 3 4 3 1 3 3 3 3 3 4 1 3 2 2 1 3 3 1 4 2 3 1 3 2 1 1 4 1 2 1 4 4 1 2 3 3 4 1 2 1 2 1 4 1 3 1 1 2 3 3 4 1 3 4 2 4 3 3 3 1 1 3 4 1 1 1 2 1 4 1 3 4 1 1 2 1 1 4 1 4 3 4 1 3 4 4 4 1 1 1 4 1 3
92 0.001673 3 2 3 1 4 3 1 3 3 3 3 3 4 1 3 2 2 1 3 3 1 4 2 3 1 3 2 1 1 4 1 2 1 4 4 1 2 0 3 4 1 2 1 2 1 4 1 3 1 3 2 3 1 4 1 3 4 2 4 3 3 3 1 1 3 4 1 1 1 2 1 4 1 3 4 1 1 2 1 1 4 1 4 1 4 1 3 4 4 4 1 1 1 4 1 3
92 0.109810 3 2 3 3 4 3 1 3 3 3 3 3 4 1 3 2 2 1 3 3 1 4 2 3 1 3 2 3 1 4 1 2 1 4 4 1 2 3 3 4 1 2 1 2 1 4 1 3 1 3 2 3 3 4 1 3 4 2 4 3 3 3 1 1 3 4 1 1 1 2 1 4 1 3 4 1 1 2 1 1 4 1 4 1 4 1 1 4 4 4 1 1 1 4 1 1
92 0.001673 3 2 3 1 4 3 1 3 3 3 3 3 4 1 3 2 2 1 3 3 1 4 2 3 1 3 2 1 1 4 1 2 1 4 4 1 2 3 3 4 1 2 1 2 1 4 1 3 1 3 2 3 3 4 1 3 4 2 4 3 3 3 1 1 3 4 1 1 1 2 1 4 1 3 4 1 1 2 1 1 4 1 4 1 4 1 3 4 4 4 1 1 1 2 3 3
92 0.109810 3 2 3 3 4 3 1 3 3 3 3 3 4 1 3 2 2 3 3 3 1 4 2 3 1 3 2 1 1 4 1 2 1 4 4 1 2 3 1 4 1 2 1 2 1 4 1 3 1 3 2 3 3 4 1 3 4 2 4 3 3 3 1 1 3 4 1 1 1 2 1 4 1 3 4 1 1 2 1 1 4 1 4 1 4 1 3 4 4 4 1 1 1 4 1 3
92 0.001673 3 2 3 3 4 1 1 3 3 3 3 3 4 1 3 2 2 1 3 3 1 4 2 3 1 3 2 1 1 4 1 2 1 4 4 1 2 3 3 4 1 2 1 2 1 4 1 3 1 3 2 3 3 4 1 3 4 2 4 3 3 3 1 1 3 4 1 1 1 2 1 4 1 3 4 1 1 2 1 1 4 1 4 1 4 1 3 4 4 4 1 1 1 4 1 3
93 0.109497 3 2 3 3 4 3 1 3 1 3 3 3 4 1 3 2 1 3 3 3 1 4 2 3 1 3 2 1 1 4 1 2 1 4 4 1 2 3 3 4 1 2 1 2 1 4 1 3 1 3 2 3 3 4 1 1 4 2 4 3 3 3 1 1 3 4 1 1 1 2 1 4 1 3 4 1 1 2 1 1 4 1 4 1 4 1 3 4 4 4 1 1 1 4 1 3
93 0.109497 3 2 3 3 4 1 1 3 3 3 3 3 4 1 3 2 2 1 3 1 1 4 2 3 1 3 2 1 1 4 1 2 1 4 4 1 2 3 3 4 1 2 1 2 1 4 1 3 1 3 2 3 3 4 1 3 4 2 4 3 3 3 1 1 3 4 1 1 1 2 1 4 1 3 4 1 1 2 1 1 4 1 3 1 4 1 3 4 4 4 1 1 1 4 1 3
93 0.109497 3 2 3 3 4 3 1 3 3 3 3 3 4 1 3 2 2 1 3 3 1 4 2 3 1 3 2 1 1 4 1 2 1 4 4 1 2 3 3 4 1 2 1 2 1 4 1 3 1 3 2 3 3 4 1 3 4 2 4 3 3 3 1 1 3 4 1 1 1 2 1 4 1 3 4 1 1 2 1 1 4 1 4 1 4 1 3 4 4 4 1 1 1 4 1 3
93 0.109497 3 2 3 3 4 3 1 3 3 3 3 3 4 1 3 2 2 1 3 3 1 4 2 3 1 3 2 1 1 4 1 2 1 4 4 1 2 3 3 4 1 2 1 2 1 4 1 3 1 1 2 3 3 4 1 3 4 2 4 3 3 3 1 1 3 4 1 1 1 2 1 4 1 3 4 1 1 2 1 1 4 1 4 1 4 1 3 4 4 4 1 1 1 4 1 3
93 0.002076 3 2 3 3 4 3 1 3 3 3 3 3 4 1 3 2 1 3 3 3 1 4 4 3 1 1 1 1 1 4 1 2 1 4 1 3 2 3 3 4 1 2 1 2 1 4 1 3 3 3 2 3 3 4 1 3 4 2 4 3 3 3 1 1 3 4 1 1 1 2 1 4 1 3 4 1 1 2 1 1 4 1 4 1 4 1 3 4 4 4 1 1 1 4 1 3
93 0.002076 3 2 3 3 4 3 1 3 3 3 3 3 4 1 3 2 1 3 3 3 1 4 4 3 1 3 2 1 1 4 1 2 1 4 1 1 2 3 3 4 1 2 1 2 1 4 1 3 1 3 2 3 3 4 1 3 4 2 4 3 3 3 1 1 3 4 1 1 1 2 1 4 1 3 4 1 1 2 1 1 4 1 4 1 4 1 3 4 4 4 1 1 1 4 1 3
93 0.109497 3 2 3 3 4 3 1 3 3 3 3 3 4 1 3 2 1 3 3 3 1 4 2 3 1 3 2 1 1 4 1 2 1 4 4 1 2 3 3 4 1 2 1 2 3 4 1 3 1 3 2 3 3 4 1 3 4 2 4 3 3 3 1 1 3 4 1 1 1 2 1 4 1 3 4 1 1 2 1 1 4 1 4 1 2 1 3 3 4 4 1 1 1 4 1 3
93 0.002076 3 2 3 1 4 3 1 3 3 3 3 3 4 1 3 2 2 1 3 3 1 4 2 3 1 3 2 1 1 4 1 2 1 4 4 1 2 3 3 4 1 2 1 2 1 4 1 3 1 3 2 3 3 4 1 3 4 2 4 3 3 3 1 1 3 4 1 1 1 2 1 4 1 3 4 1 1 2 1 1 4 1 4 1 4 1 3 4 4 4 1 1 1 4 1 3
93 0.109497 3 2 3 3 4 3 1 3 3 3 3 3 4 1 3 2 2 1 3 3 1 4 2 3 3 3 2 1 1 4 1 2 1 4 4 1 2 3 3 4 1 2 1 2 1 4 1 3 1 3 2 3 3 4 1 3 4 2 4 3 3 3 1 1 3 4 1 1 1 2 1 4 1 3 4 1 1 2 1 1 4 1 4 1 4 1 3 4 4 4 1 1 1 4 1 3
93 0.002076 3 2 3 1 4 3 1 3 3 3 3 3 4 1 3 2 2 1 3 3 1 4 2 3 1 3 2 1 1 4 1 2 1 4 4 1 2 3 3 4 1 2 1 2 1 4 1 3 1 3 2 3 3 4 1 3 4 2 4 3 3 3 1 1 3 4 1 1 1 2 1 4 1 3 4 1 1 2 1 1 4 1 4 1 4 1 3 4 4 4 1 3 1 4 1 3
93 0.109497 3 2 3 3 4 3 1 3 3 3 3 3 4 1 3 2 2 1 3 3 1 4 2 3 1 3 2 1 1 4 1 2 1 4 4 1 2 3 3 4 1 2 1 2 1 4 1 3 1 1 2 3 3 4 1 3 4 2 4 3 3 3 1 1 3 4 1 1 1 2 1 4 1 3 4 1 1 2 1 1 4 1 4 3 4 1 3 4 4 4 1 1 1 4 1 3
93 0.002076 3 2 3 1 4 3 1 3 3 3 3 3 4 1 3 2 2 1 3 3 1 4 2 3 1 3 2 1 1 4 1 2 1 4 4 1 2 0 3 4 1 2 1 2 1 4 1 3 1 3 2 3 1 4 1 3 4 2 4 3 3 3 1 1 3 4 1 1 1 2 1 4 1 3 4 1 1 2 1 1 4 1 4 1 4 1 3 4 4 4 1 1 1 4 1 3
93 0.109497 3 2 3 3 4 3 1 3 3 3 3 3 4 1 3 2 2 1 3 3 1 4 2 3 1 3 2 3 1 4 1 2 1 4 4 1 2 3 3 4 1 2 1 2 1 4 1 3 1 3 2 3 3 4 1 3 4 2 4 3 3 3 1 1 3 4 1 1 1 2 1 4 1 3 4 1 1 2 1 1 4 1 4 1 4 1 1 4 4 4 1 1 1 4 1 1
93 0.002076 3 2 3 1 4 3 1 3 3 3 3 3 4 1 3 2 2 1 3 3 1 4 2 3 1 3 2 1 1 4 1 2 1 4 4 1 2 3 3 4 1 2 1 2 1 4 1 3 1 3 2 3 3 4 1 3 4 2 4 3 3 3 1 1 3 4 1 1 1 2 1 4 1 3 4 1 1 2 1 1 4 1 4 1 4 1 3 4 4 4 1 1 1 2 3 3
93 0.109497 3 2 3 3 4 3 1 3 3 3 3 3 4 1 3 2 2 3 3 3 1 4 2 3 1 3 2 1 1 4 1 2 1 4 4 1 2 3 1 4 1 2 1 2 1 4 1 3 1 3 2 3 3 4 1 3 4 2 4 3 3 3 1 1 3 4 1 1 1 2 1 4 1 3 4 1 1 2 1 1 4 1 4 1 4 1 3 4 4 4 1 1 1 4 1 3
93 0.002076 3 2 3 3 4 1 1 3 3 3 3 3 4 1 3 2 2 1 3 3 1 4 2 3 1 3 2 1 1 4 1 2 1 4 4 1 2 3 3 4 1 2 1 2 1 4 1 3 1 3 2 3 3 4 1 3 4 2 4 3 3 3 1 1 3 4 1 1 1 2 1 4 1 3 4 1 1 2 1 1 4 1 4 1 4 1 3 4 4 4 1 1 1 4 1 3
94 0.109136 3 2 3 3 4 3 1 3 1 3 3 3 4 1 3 2 1 3 3 3 1 4 2 3 1 3 2 1 1 4 1 2 1 4 4 1 2 3 3 4 1 2 1 2 1 4 1 3 1 3 2 3 3 4 1 1 4 2 4 3 3 3 1 1 3 4 1 1 1 2 1 4 1 3 4 1 1 2 1 1 4 1 4 1 4 1 3 4 4 4 1 1 1 4 1 3
94 0.109136 3 2 3 3 4 1 1 3 3 3 3 3 4 1 3 2 2 1 3 1 1 4 2 3 1 3 2 1 1 4 1 2 1 4 4 1 2 3 3 4 1 2 1 2 1 4 1 3 1 3 2 3 3 4 1 3 4 2 4 3 3 3 1 1 3 4 1 1 1 2 1 4 1 3 4 1 1 2 1 1 4 1 3 1 4 1 3 4 4 4 1 1 1 4 1 3
94 0.109136 3 2 3 3 4 3 1 3 3 3 3 3 4 1 3 2 2 1 3 3 1 4 2 3 1 3 2 1 1 4 1 2 1 4 4 1 2 3 3 4 1 2 1 2 1 4 1 3 1 3 2 3 3 4 1 3 4 2 4 3 3 3 1 1 3 4 1 1 1 2 1 4 1 3 4 1 1 2 1 1 4 1 4 1 4 1 3 4 4 4 1 1 1 4 1 3
94 0.109136 3 2 3 3 4 3 1 3 3 3 3 3 4 1 3 2 2 1 3 3 1 4 2 3 1 3 2 1 1 4 1 2 1 4 4 1 2 3 3 4 1 2 1 2 1 4 1 3 1 1 2 3 3 4 1 3 4 2 4 3 3 3 1 1 3 4 1 1 1 2 1 4 1 3 4 1 1 2 1 1 4 1 4 1 4 1 3 4 4 4 1 1 1 4 1 3
94 0.002539 3 2 3 3 4 3 1 3 3 3 3 3 4 1 3 2 1 3 3 3 1 4 4 3 1 1 1 1 1 4 1 2 1 4 1 3 2 3 3 4 1 2 1 2 1 4 1 3 3 3 2 3 3 4 1 3 4 2 4 3 3 3 1 1 3 4 1 1 1 2 1 4 1 3 4 1 1 2 1 1 4 1 4 1 4 1 3 4 4 4 1 1 1 4 1 3
94 0.002539 3 2 3 3 4 3 1 3 3 3 3 3 4 1 3 2 1 3 3 3 1 4 4 3 1 3 2 1 1 4 1 2 1 4 1 1 2 3 3 4 1 2 1 2 1 4 1 3 1 3 2 3 3 4 1 3 4 2 4 3 3 3 1 1 3 4 1 1 1 2 1 4 1 3 4 1 1 2 1 1 4 1 4 1 4 1 3 4 4 4 1 1 1 4 1 3
94 0.109136 3 2 3 3 4 3 1 3 3 3 3 3 4 1 3 2 1 3 3 3 1 4 2 3 1 3 2 1 1 4 1 2 1 4 4 1 2 3 3 4 1 2 1 2 3 4 1 3 1 3 2 3 3 4 1 3 4 2 4 3 3 3 1 1 3 4 1 1 1 2 1 4 1 3 4 1 1 2 1 1 4 1 4 1 2 1 3 3 4 4 1 1 1 4 1 3
94 0.002539 3 2 3 1 4 3 1 3 3 3 3 3 4 1 3 2 2 1 3 3 1 4 2 3 1 3 2 1 1 4 1 2 1 4 4 1 2 3 3 4 1 2 1 2 1 4 1 3 1 3 2 3 3 4 1 3 4 2 4 3 3 3 1 1 3 4 1 1 1 2 1 4 1 3 4 1 1 2 1 1 4 1 4 1 4 1 3 4 4 4 1 1 1 4 1 3
94 0.109136 3 2 3 3 4 3 1 3 3 3 3 3 4 1 3 2 2 1 3 3 1 4 2 3 3 3 2 1 1 4 1 2 1 4 4 1 2 3 3 4 1 2 1 2 1 4 1 3 1 3 2 3 3 4 1 3 4 2 4 3 3 3 1 1 3 4 1 1 1 2 1 4 1 3 4 1 1 2 1 1 4 1 4 1 4 1 3 4 4 4 1 1 1 4 1 3
94 0.002539 3 2 3 1 4 3 1 3 3 3 3 3 4 1 3 2 2 1 3 3 1 4 2 3 1 3 2 1 1 4 1 2 1 4 4 1 2 3 3 4 1 2 1 2 1 4 1 3 1 3 2 3 3 4 1 3 4 2 4 3 3 3 1 1 3 4 1 1 1 2 1 4 1 3 4 1 1 2 1 1 4 1 4 1 4 1 3 4 4 4 1 3 1 4 1 3
94 0.109136 3 2 3 3 4 3 1 3 3 3 3 3 4 1 3 2 2 1 3 3 1 4 2 3 1 3 2 1 1 4 1 2 1 4 4 1 2 3 3 4 1 2 1 2 1 4 1 3 1 1 2 3 3 4 1 3 4 2 4 3 3 3 1 1 3 4 1 1 1 2 1 4 1 3 4 1 1 2 1 1 4 1 4 3 4 1 3 4 4 4 1 1 1 4 1 3
94 0.002539 3 2 3 1 4 3 1 3 3 3 3 3 4 1 3 2 2 1 3 3 1 4 2 3 1 3 2 1 1 4 1 2 1 4 4 1 2 0 3 4 1 2 1 2 1 4 1 3 1 3 2 3 1 4 1 3 4 2 4 3 3 3 1 1 3 4 1 1 1 2 1 4 1 3 4 1 1 2 1 1 4 1 4 1 4 1 3 4 4 4 1 1 1 4 1 3
94 0.109136 3 2 3 3 4 3 1 3 3 3 3 3 4 1 3 2 2 1 3 3 1 4 2 3 1 3 2 3 1 4 1 2 1 4 4 1 2 3 3 4 1 2 1 2 1 4 1 3 1 3 2 3 3 4 1 3 4 2 4 3 3 3 1 1 3 4 1 1 1 2 1 4 1 3 4 1 1 2 1 1 4 1 4 1 4 1 1 4 4 4 1 1 1 4 1 1
94 0.002539 3 2 3 1 4 3 1 3 3 3 3 3 4 1 3 2 2 1 3 3 1 4 2 3 1 3 2 1 1 4 1 2 1 4 4 1 2 3 3 4 1 2 1 2 1 4 1 3 1 3 2 3 3 4 1 3 4 2 4 3 3 3 1 1 3 4 1 1 1 2 1 4 1 3 4 1 1 2 1 1 4 1 4 1 4 1 3 4 4 4 1 1 1 2 3 3
94 0.109136 3 2 3 3 4 3 1 3 3 3 3 3 4 1 3 2 2 3 3 3 1 4 2 3 1 3 2 1 1 4 1 2 1 4 4 1 2 3 1 4 1 2 1 2 1 4 1 3 1 3 2 3 3 4 1 3 4 2 4 3 3 3 1 1 3 4 1 1 1 2 1 4 1 3 4 1 1 2 1 1 4 1 4 1 4 1 3 4 4 4 1 1 1 4 1 3
94 0.002539 3 2 3 3 4 1 1 3 3 3 3 3 4 1 3 2 2 1 3 3 1 4 2 3 1 3 2 1 1 4 1 2 1 4 4 1 2 3 3 4 1 2 1 2 1 4 1 3 1 3 2 3 3 4 1 3 4 2 4 3 3 3 1 1 3 4 1 1 1 2 1 4 1 3 4 1 1 2 1 1 4 1 4 1 4 1 3 4 4 4 1 1 1 4 1 3
95 0.108722 3 2 3 3 4 3 1 3 1 3 3 3 4 1 3 2 1 3 3 3 1 4 2 3 1 3 2 1 1 4 1 2 1 4 4 1 2 3 3 4 1 2 1 2 1 4 1 3 1 3 2 3 3 4 1 1 4 2 4 3 3 3 1 1 3 4 1 1 1 2 1 4 1 3 4 1 1 2 1 1 4 1 4 1 4 1 3 4 4 4 1 1 1 4 1 3
95 0.108722 3 2 3 3 4 1 1 3 3 3 3 3 4 1 3 2 2 1 3 1 1 4 2 3 1 3 2 1 1 4 1 2 1 4 4 1 2 3 3 4 1 2 1 2 1 4 1 3 1 3 2 3 3 4 1 3 4 2 4 3 3 3 1 1 3 4 1 1 1 2 1 4 1 3 4 1 1 2 1 1 4 1 3 1 4 1 3 4 4 4 1 1 1 4 1 3
95 0.108722 3 2 3 3 4 3 1 3 3 3 3 3 4 1 3 2 2 1 3 3 1 4 2 3 1 3 2 1 1 4 1 2 1 4 4 1 2 3 3 4 1 2 1 2 1 4 1 3 1 3 2 3 3 4 1 3 4 2 4 3 3 3 1 1 3 4 1 1 1 2 1 4 1 3 4 1 1 2 1 1 4 1 4 1 4 1 3 4 4 4 1 1 1 4 1 3
95 0.108722 3 2 3 3 4 3 1 3 3 3 3 3 4 1 3 2 2 1 3 3 1 4 2 3 1 3 2 1 1 4 1 2 1 4 4 1 2 3 3 4 1 2 1 2 1 4 1 3 1 1 2 3 3 4 1 3 4 2 4 3 3 3 1 1 3 4 1 1 1 2 1 4 1 3 4 1 1 2 1 1 4 1 4 1 4 1 3 4 4 4 1 1 1 4 1 3
95 0.003071 3 2 3 3 4 3 1 3 3 3 3 3 4 1 3 2 1 3 3 3 1 4 4 3 1 1 1 1 1 4 1 2 1 4 1 3 2 3 3 4 1 2 1 2 1 4 1 3 3 3 2 3 3 4 1 3 4 2 4 3 3 3 1 1 3 4 1 1 1 2 1 4 1 3 4 1 1 2 1 1 4 1 4 1 4 1 3 4 4 4 1 1 1 4 1 3
95 0.003071 3 2 3 3 4 3 1 3 3 3 3 3 4 1 3 2 1 3 3 3 1 4 4 3 1 3 2 1 1 4 1 2 1 4 1 1 2 3 3 4 1 2 1 2 1 4 1 3 1 3 2 3 3 4 1 3 4 2 4 3 3 3 1 1 3 4 1 1 1 2 1 4 1 3 4 1 1 2 1 1 4 1 4 1 4 1 3 4 4 4 1 1 1 4 1 3
95 0.108722 3 2 3 3 4 3 1 3 3 3 3 3 4 1 3 2 1 3 3 3 1 4 2 3 1 3 2 1 1 4 1 2 1 4 4 1 2 3 3 4 1 2 1 2 3 4 1 3 1 3 2 3 3 4 1 3 4 2 4 3 3 3 1 1 3 4 1 1 1 2 1 4 1 3 4 1 1 2 1 1 4 1 4 1 2 1 3 3 4 4 1 1 1 4 1 3
95 0.003071 3 2 3 1 4 3 1 3 3 3 3 3 4 1 3 2 2 1 3 3 1 4 2 3 1 3 2 1 1 4 1 2 1 4 4 1 2 3 3 4 1 2 1 2 1 4 1 3 1 3 2 3 3 4 1 3 4 2 4 3 3 3 1 1 3 4 1 1 1 2 1 4 1 3 4 1 1 2 1 1 4 1 4 1 4 1 3 4 4 4 1 1 1 4 1 3
95 0.108722 3 2 3 3 4 3 1 3 3 3 3 3 4 1 3 2 2 1 3 3 1 4 2 3 3 3 2 1 1 4 1 2 1 4 4 1 2 3 3 4 1 2 1 2 1 4 1 3 1 3 2 3 3 4 1 3 4 2 4 3 3 3 1 1 3 4 1 1 1 2 1 4 1 3 4 1 1 2 1 1 4 1 4 1 4 1 3 4 4 4 1 1 1 4 1 3
95 0.003071 3 2 3 1 4 3 1 3 3 3 3 3 4 1 3 2 2 1 3 3 1 4 2 3 1 3 2 1 1 4 1 2 1 4 4 1 2 3 3 4 1 2 1 2 1 4 1 3 1 3 2 3 3 4 1 3 4 2 4 3 3 3 1 1 3 4 1 1 1 2 1 4 1 3 4 1 1 2 1 1 4 1 4 1 4 1 3 4 4 4 1 3 1 4 1 3
95 0.108722 3 2 3 3 4 3 1 3 3 3 3 3 4 1 3 2 2 1 3 3 1 4 2 3 1 3 2 1 1 4 1 2 1 4 4 1 2 3 3 4 1 2 1 2 1 4 1 3 1 1 2 3 3 4 1 3 4 2 4 3 3 3 1 1 3 4 1 1 1 2 1 4 1 3 4 1 1 2 1 1 4 1 4 3 4 1 3 4 4 4 1 1 1 4 1 3
95 0.003071 3 2 3 1 4 3 1 3 3 3 3 3 4 1 3 2 2 1 3 3 1 4 2 3 1 3 2 1 1 4 1 2 1 4 4 1 2 0 3 4 1 2 1 2 1 4 1 3 1 3 2 3 1 4 1 3 4 2 4 3 3 3 1 1 3 4 1 1 1 2 1 4 1 3 4 1 1 2 1 1 4 1 4 1 4 1 3 4 4 4 1 1 1 4 1 3
95 0.108722 3 2 3 3 4 3 1 3 3 3 3 3 4 1 3 2 2 1 3 3 1 4 2 3 1 3 2 3 1 4 1 2 1 4 4 1 2 3 3 4 1 2 1 2 1 4 1 3 1 3 2 3 3 4 1 3 4 2 4 3 3 3 1 1 3 4 1 1 1 2 1 4 1 3 4 1 1 2 1 1 4 1 4 1 4 1 1 4 4 4 1 1 1 4 1 1
95 0.003071 3 2 3 1 4 3 1 3 3 3 3 3 4 1 3 2 2 1 3 3 1 4 2 3 1 3 2 1 1 4 1 2 1 4 4 1 2 3 3 4 1 2 1 2 1 4 1 3 1 3 2 3 3 4 1 3 4 2 4 3 3 3 1 1 3 4 1 1 1 2 1 4 1 3 4 1 1 2 1 1 4 1 4 1 4 1 3 4 4 4 1 1 1 2 3 3
95 0.108722 3 2 3 3 4 3 1 3 3 3 3 3 4 1 3 2 2 3 3 3 1 4 2 3 1 3 2 1 1 4 1 2 1 4 4 1 2 3 1 4 1 2 1 2 1 4 1 3 1 3 2 3 3 4 1 3 4 2 4 3 3 3 1 1 3 4 1 1 1 2 1 4 1 3 4 1 1 2 1 1 4 1 4 1 4 1 3 4 4 4 1 1 1 4 1 3
95 0.003071 3 2 3 3 4 1 1 3 3 3 3 3 4 1 3 2 2 1 3 3 1 4 2 3 1 3 2 1 1 4 1 2 1 4 4 1 2 3 3 4 1 2 1 2 1 4 1 3 1 3 2 3 3 4 1 3 4 2 4 3 3 3 1 1 3 4 1 1 1 2 1 4 1 3 4 1 1 2 1 1 4 1 4 1 4 1 3 4 4 4 1 1 1 4 1 3
96 0.108248 3 2 3 3 4 3 1 3 1 3 3 3 4 1 3 2 1 3 3 3 1 4 2 3 1 3 2 1 1 4 1 2 1 4 4 1 2 3 3 4 1 2 1 2 1 4 1 3 1 3 2 3 3 4 1 1 4 2 4 3 3 3 1 1 3 4 1 1 1 2 1 4 1 3 4 1 1 2 1 1 4 1 4 1 4 1 3 4 4 4 1 1 1 4 1 3
96 0.108248 3 2 3 3 4 1 1 3 3 3 3 3 4 1 3 2 2 1 3 1 1 4 2 3 1 3 2 1 1 4 1 2 1 4 4 1 2 3 3 4 1 2 1 2 1 4 1 3 1 3 2 3 3 4 1 3 4 2 4 3 3 3 1 1 3 4 1 1 1 2 1 4 1 3 4 1 1 2 1 1 4 1 3 1 4 1 3 4 4 4 1 1 1 4 1 3
96 0.108248 3 2 3 3 4 3 1 3 3 3 3 3 4 1 3 2 2 1 3 3 1 4 2 3 1 3 2 1 1 4 1 2 1 4 4 1 2 3 3 4 1 2 1 2 1 4 1 3 1 3 2 3 3 4 1 3 4 2 4 3 3 3 1 1 3 4 1 1 1 2 1 4 1 3 4 1 1 2 1 1 4 1 4 1 4 1 3 4 4 4 1 1 1 4 1 3
96 0.108248 3 2 3 3 4 3 1 3 3 3 3 3 4 1 3 2 2 1 3 3 1 4 2 3 1 3 2 1 1 4 1 2 1 4 4 1 2 3 3 4 1 2 1 2 1 4 1 3 1 1 2 3 3 4 1 3 4 2 4 3 3 3 1 1 3 4 1 1 1 2 1 4 1 3 4 1 1 2 1 1 4 1 4 1 4 1 3 4 4 4 1 1 1 4 1 3
96 0.003681 3 2 3 3 4 3 1 3 3 3 3 3 4 1 3 2 1 3 3 3 1 4 4 3 1 1 1 1 1 4 1 2 1 4 1 3 2 3 3 4 1 2 1 2 1 4 1 3 3 3 2 3 3 4 1 3 4 2 4 3 3 3 1 1 3 4 1 1 1 2 1 4 1 3 4 1 1 2 1 1 4 1 4 1 4 1 3 4 4 4 1 1 1 4 1 3
96 0.003681 3 2 3 3 4 3 1 3 3 3 3 3 4 1 3 2 1 3 3 3 1 4 4 3 1 3 2 1 1 4 1 2 1 4 1 1 2 3 3 4 1 2 1 2 1 4 1 3 1 3 2 3 3 4 1 3 4 2 4 3 3 3 1 1 3 4 1 1 1 2 1 4 1 3 4 1 1 2 1 1 4 1 4 1 4 1 3 4 4 4 1 1 1 4 1 3
96 0.108248 3 2 3 3 4 3 1 3 3 3 3 3 4 1 3 2 1 3 3 3 1 4 2 3 1 3 2 1 1 4 1 2 1 4 4 1 2 3 3 4 1 2 1 2 3 4 1 3 1 3 2 3 3 4 1 3 4 2 4 3 3 3 1 1 3 4 1 1 1 2 1 4 1 3 4 1 1 2 1 1 4 1 4 1 2 1 3 3 4 4 1 1 1 4 1 3
96 0.003681 3 2 3 1 4 3 1 3 3 3 3 3 4 1 3 2 2 1 3 3 1 4 2 3 1 3 2 1 1 4 1 2 1 4 4 1 2 3 3 4 1 2 1 2 1 4 1 3 1 3 2 3 3 4 1 3 4 2 4 3 3 3 1 1 3 4 1 1 1 2 1 4 1 3 4 1 1 2 1 1 4 1 4 1 4 1 3 4 4 4 1 1 1 4 1 3
96 0.108248 3 2 3 3 4 3 1 3 3 3 3 3 4 1 3 2 2 1 3 3 1 4 2 3 3 3 2 1 1 4 1 2 1 4 4 1 2 3 3 4 1 2 1 2 1 4 1 3 1 3 2 3 3 4 1 3 4 2 4 3 3 3 1 1 3 4 1 1 1 2 1 4 1 3 4 1 1 2 1 1 4 1 4 1 4 1 3 4 4 4 1 1 1 4 1 3
96 0.003681 3 2 3 1 4 3 1 3 3 3 3 3 4 1 3 2 2 1 3 3 1 4 2 3 1 3 2 1 1 4 1 2 1 4 4 1 2 3 3 4 1 2 1 2 1 4 1 3 1 3 2 3 3 4 1 3 4 2 4 3 3 3 1 1 3 4 1 1 1 2 1 4 1 3 4 1 1 2 1 1 4 1 4 1 4 1 3 4 4 4 1 3 1 4 1 3
96 0.108248 3 2 3 3 4 3 1 3 3 3 3 3 4 1 3 2 2 1 3 3 1 4 2 3 1 3 2 1 1 4 1 2 1 4 4 1 2 3 3 4 1 2 1 2 1 4 1 3 1 1 2 3 3 4 1 3 4 2 4 3 3 3 1 1 3 4 1 1 1 2 1 4 1 3 4 1 1 2 1 1 4 1 4 3 4 1 3 4 4 4 1 1 1 4 1 3
96 0.003681 3 2 3 1 4 3 1 3 3 3 3 3 4 1 3 2 2 1 3 3 1 4 2 3 1 3 2 1 1 4 1 2 1 4 4 1 2 0 3 4 1 2 1 2 1 4 1 3 1 3 2 3 1 4 1 3 4 2 4 3 3 3 1 1 3 4 1 1 1 2 1 4 1 3 4 1 1 2 1 1 4 1 4 1 4 1 3 4 4 4 1 1 1 4 1 3
96 0.108248 3 2 3 3 4 3 1 3 3 3 3 3 4 1 3 2 2 1 3 3 1 4 2 3 1 3 2 3 1 4 1 2 1 4 4 1 2 3 3 4 1 2 1 2 1 4 1 3 1 3 2 3 3 4 1 3 4 2 4 3 3 3 1 1 3 4 1 1 1 2 1 4 1 3 4 1 1 2 1 1 4 1 4 1 4 1 1 4 4 4 1 1 1 4 1 1
96 0.003681 3 2 3 1 4 3 1 3 3 3 3 3 4 1 3 2 2 1 3 3 1 4 2 3 1 3 2 1 1 4 1 2 1 4 4 1 2 3 3 4 1 2 1 2 1 4 1 3 1 3 2 3 3 4 1 3 4 2 4 3 3 3 1 1 3 4 1 1 1 2 1 4 1 3 4 1 1 2 1 1 4 1 4 1 4 1 3 4 4 4 1 1 1 2 3 3
96 0.108248 3 2 3 3 4 3 1 3 3 3 3 3 4 1 3 2 2 3 3 3 1 4 2 3 1 3 2 1 1 4 1 2 1 4 4 1 2 3 1 4 1 2 1 2 1 4 1 3 1 3 2 3 3 4 1 3 4 2 4 3 3 3 1 1 3 4 1 1 1 2 1 4 1 3 4 1 1 2 1 1 4 1 4 1 4 1 3 4 4 4 1 1 1 4 1 3
96 0.003681 3 2 3 3 4 1 1 3 3 3 3 3 4 1 3 2 2 1 3 3 1 4 2 3 1 3 2 1 1 4 1 2 1 4 4 1 2 3 3 4 1 2 1 2 1 4 1 3 1 3 2 3 3 4 1 3 4 2 4 3 3 3 1 1 3 4 1 1 1 2 1 4 1 3 4 1 1 2 1 1 4 1 4 1 4 1 3 4 4 4 1 1 1 4 1 3
97 0.107705 3 2 3 3 4 3 1 3 1 3 3 3 4 1 3 2 1 3 3 3 1 4 2 3 1 3 2 1 1 4 1 2 1 4 4 1 2 3 3 4 1 2 1 2 1 4 1 3 1 3 2 3 3 4 1 1 4 2 4 3 3 3 1 1 3 4 1 1 1 2 1 4 1 3 4 1 1 2 1 1 4 1 4 1 4 1 3 4 4 4 1 1 1 4 1 3
97 0.107705 3 2 3 3 4 1 1 3 3 3 3 3 4 1 3 2 2 1 3 1 1 4 2 3 1 3 2 1 1 4 1 2 1 4 4 1 2 3 3 4 1 2 1 2 1 4 1 3 1 3 2 3 3 4 1 3 4 2 4 3 3 3 1 1 3 4 1 1 1 2 1 4 1 3 4 1 1 2 1 1 4 1 3 1 4 1 3 4 4 4 1 1 1 4 1 3
97 0.107705 3 2 3 3 4 3 1 3 3 3 3 3 4 1 3 2 2 1 3 3 1 4 2 3 1 3 2 1 1 4 1 2 1 4 4 1 2 3 3 4 1 2 1 2 1 4 1 3 1 3 2 3 3 4 1 3 4 2 4 3 3 3 1 1 3 4 1 1 1 2 1 4 1 3 4 1 1 2 1 1 4 1 4 1 4 1 3 4 4 4 1 1 1 4 1 3
97 0.107705 3 2 3 3 4 3 1 3 3 3 3 3 4 1 3 2 2 1 3 3 1 4 2 3 1 3 2 1 1 4 1 2 1 4 4 1 2 3 3 4 1 2 1 2 1 4 1 3 1 1 2 3 3 4 1 3 4 2 4 3 3 3 1 1 3 4 1 1 1 2 1 4 1 3 4 1 1 2 1 1 4 1 4 1 4 1 3 4 4 4 1 1 1 4 1 3
97 0.004379 3 2 3 3 4 3 1 3 3 3 3 3 4 1 3 2 1 3 3 3 1 4 4 3 1 1 1 1 1 4 1 2 1 4 1 3 2 3 3 4 1 2 1 2 1 4 1 3 3 3 2 3 3 4 1 3 4 2 4 3 3 3 1 1 3 4 1 1 1 2 1 4 1 3 4 1 1 2 1 1 4 1 4 1 4 1 3 4 4 4 1 1 1 4 1 3
97 0.004379 3 2 3 3 4 3 1 3 3 3 3 3 4 1 3 2 1 3 3 3 1 4 4 3 1 3 2 1 1 4 1 2 1 4 1 1 2 3 3 4 1 2 1 2 1 4 1 3 1 3 2 3 3 4 1 3 4 2 4 3 3 3 1 1 3 4 1 1 1 2 1 4 1 3 4 1 1 2 1 1 4 1 4 1 4 1 3 4 4 4 1 1 1 4 1 3
97 0.107705 3 2 3 3 4 3 1 3 3 3 3 3 4 1 3 2 1 3 3 3 1 4 2 3 1 3 2 1 1 4 1 2 1 4 4 1 2 3 3 4 1 2 1 2 3 4 1 3 1 3 2 3 3 4 1 3 4 2 4 3 3 3 1 1 3 4 1 1 1 2 1 4 1 3 4 1 1 2 1 1 4 1 4 1 2 1 3 3 4 4 1 1 1 4 1 3
97 0.004379 3 2 3 1 4 3 1 3 3 3 3 3 4 1 3 2 2 1 3 3 1 4 2 3 1 3 2 1 1 4 1 2 1 4 4 1 2 3 3 4 1 2 1 2 1 4 1 3 1 3 2 3 3 4 1 3 4 2 4 3 3 3 1 1 3 4 1 1 1 2 1 4 1 3 4 1 1 2 1 1 4 1 4 1 4 1 3 4 4 4 1 1 1 4 1 3
97 0.107705 3 2 3 3 4 3 1 3 3 3 3 3 4 1 3 2 2 1 3 3 1 4 2 3 3 3 2 1 1 4 1 2 1 4 4 1 2 3 3 4 1 2 1 2 1 4 1 3 1 3 2 3 3 4 1 3 4 2 4 3 3 3 1 1 3 4 1 1 1 2 1 4 1 3 4 1 1 2 1 1 4 1 4 1 4 1 3 4 4 4 1 1 1 4 1 3
97 0.004379 3 2 3 1 4 3 1 3 3 3 3 3 4 1 3 2 2 1 3 3 1 4 2 3 1 3 2 1 1 4 1 2 1 4 4 1 2 3 3 4 1 2 1 2 1 4 1 3 1 3 2 3 3 4 1 3 4 2 4 3 3 3 1 1 3 4 1 1 1 2 1 4 1 3 4 1 1 2 1 1 4 1 4 1 4 1 3 4 4 4 1 3 1 4 1 3
97 0.107705 3 2 3 3 4 3 1 3 3 3 3 3 4 1 3 2 2 1 3 3 1 4 2 3 1 3 2 1 1 4 1 2 1 4 4 1 2 3 3 4 1 2 1 2 1 4 1 3 1 1 2 3 3 4 1 3 4 2 4 3 3 3 1 1 3 4 1 1 1 2 1 4 1 3 4 1 1 2 1 1 4 1 4 3 4 1 3 4 4 4 1 1 1 4 1 3
97 0.004379 3 2 3 1 4 3 1 3 3 3 3 3 4 1 3 2 2 1 3 3 1 4 2 3 1 3 2 1 1 4 1 2 1 4 4 1 2 0 3 4 1 2 1 2 1 4 1 3 1 3 2 3 1 4 1 3 4 2 4 3 3 3 1 1 3 4 1 1 1 2 1 4 1 3 4 1 1 2 1 1 4 1 4 1 4 1 3 4 4 4 1 1 1 4 1 3
97 0.107705 3 2 3 3 4 3 1 3 3 3 3 3 4 1 3 2 2 1 3 3 1 4 2 3 1 3 2 3 1 4 1 2 1 4 4 1 2 3 3 4 1 2 1 2 1 4 1 3 1 3 2 3 3 4 1 3 4 2 4 3 3 3 1 1 3 4 1 1 1 2 1 4 1 3 4 1 1 2 1 1 4 1 4 1 4 1 1 4 4 4 1 1 1 4 1 1
97 0.004379 3 2 3 1 4 3 1 3 3 3 3 3 4 1 3 2 2 1 3 3 1 4 2 3 1 3 2 1 1 4 1 2 1 4 4 1 2 3 3 4 1 2 1 2 1 4 1 3 1 3 2 3 3 4 1 3 4 2 4 3 3 3 1 1 3 4 1 1 1 2 1 4 1 3 4 1 1 2 1 1 4 1 4 1 4 1 3 4 4 4 1 1 1 2 3 3
97 0.107705 3 2 3 3 4 3 1 3 3 3 3 3 4 1 3 2 2 3 3 3 1 4 2 3 1 3 2 1 1 4 1 2 1 4 4 1 2 3 1 4 1 2 1 2 1 4 1 3 1 3 2 3 3 4 1 3 4 2 4 3 3 3 1 1 3 4 1 1 1 2 1 4 1 3 4 1 1 2 1 1 4 1 4 1 4 1 3 4 4 4 1 1 1 4 1 3
97 0.004379 3 2 3 3 4 1 1 3 3 3 3 3 4 1 3 2 2 1 3 3 1 4 2 3 1 3 2 1 1 4 1 2 1 4 4 1 2 3 3 4 1 2 1 2 1 4 1 3 1 3 2 3 3 4 1 3 4 2 4 3 3 3 1 1 3 4 1 1 1 2 1 4 1 3 4 1 1 2 1 1 4 1 4 1 4 1 3 4 4 4 1 1 1 4 1 3
98 0.107084 3 2 3 3 4 3 1 3 1 3 3 3 4 1 3 2 1 3 3 3 1 4 2 3 1 3 2 1 1 4 1 2 1 4 4 1 2 3 3 4 1 2 1 2 1 4 1 3 1 3 2 3 3 4 1 1 4 2 4 3 3 3 1 1 3 4 1 1 1 2 1 4 1 3 4 1 1 2 1 1 4 1 4 1 4 1 3 4 4 4 1 1 1 4 1 3
98 0.107084 3 2 3 3 4 1 1 3 3 3 3 3 4 1 3 2 2 1 3 1 1 4 2 3 1 3 2 1 1 4 1 2 1 4 4 1 2 3 3 4 1 2 1 2 1 4 1 3 1 3 2 3 3 4 1 3 4 2 4 3 3 3 1 1 3 4 1 1 1 2 1 4 1 3 4 1 1 2 1 1 4 1 3 1 4 1 3 4 4 4 1 1 1 4 1 3
98 0.107084 3 2 3 3 4 3 1 3 3 3 3 3 4 1 3 2 2 1 3 3 1 4 2 3 1 3 2 1 1 4 1 2 1 4 4 1 2 3 3 4 1 2 1 2 1 4 1 3 1 3 2 3 3 4 1 3 4 2 4 3 3 3 1 1 3 4 1 1 1 2 1 4 1 3 4 1 1 2 1 1 4 1 4 1 4 1 3 4 4 4 1 1 1 4 1 3
98 0.107084 3 2 3 3 4 3 1 3 3 3 3 3 4 1 3 2 2 1 3 3 1 4 2 3 1 3 2 1 1 4 1 2 1 4 4 1 2 3 3 4 1 2 1 2 1 4 1 3 1 1 2 3 3 4 1 3 4 2 4 3 3 3 1 1 3 4 1 1 1 2 1 4 1 3 4 1 1 2 1 1 4 1 4 1 4 1 3 4 4 4 1 1 1 4 1 3
98 0.005178 3 2 3 3 4 3 1 3 3 3 3 3 4 1 3 2 1 3 3 3 1 4 4 3 1 1 1 1 1 4 1 2 1 4 1 3 2 3 3 4 1 2 1 2 1 4 1 3 3 3 2 3 3 4 1 3 4 2 4 3 3 3 1 1 3 4 1 1 1 2 1 4 1 3 4 1 1 2 1 1 4 1 4 1 4 1 3 4 4 4 1 1 1 4 1 3
98 0.005178 3 2 3 3 4 3 1 3 3 3 3 3 4 1 3 2 1 3 3 3 1 4 4 3 1 3 2 1 1 4 1 2 1 4 1 1 2 3 3 4 1 2 1 2 1 4 1 3 1 3 2 3 3 4 1 3 4 2 4 3 3 3 1 1 3 4 1 1 1 2 1 4 1 3 4 1 1 2 1 1 4 1 4 1 4 1 3 4 4 4 1 1 1 4 1 3
98 0.107084 3 2 3 3 4 3 1 3 3 3 3 3 4 1 3 2 1 3 3 3 1 4 2 3 1 3 2 1 1 4 1 2 1 4 4 1 2 3 3 4 1 2 1 2 3 4 1 3 1 3 2 3 3 4 1 3 4 2 4 3 3 3 1 1 3 4 1 1 1 2 1 4 1 3 4 1 1 2 1 1 4 1 4 1 2 1 3 3 4 4 1 1 1 4 1 3
98 0.005178 3 2 3 1 4 3 1 3 3 3 3 3 4 1 3 2 2 1 3 3 1 4 2 3 1 3 2 1 1 4 1 2 1 4 4 1 2 3 3 4 1 2 1 2 1 4 1 3 1 3 2 3 3 4 1 3 4 2 4 3 3 3 1 1 3 4 1 1 1 2 1 4 1 3 4 1 1 2 1 1 4 1 4 1 4 1 3 4 4 4 1 1 1 4 1 3
98 0.107084 3 2 3 3 4 3 1 3 3 3 3 3 4 1 3 2 2 1 3 3 1 4 2 3 3 3 2 1 1 4 1 2 1 4 4 1 2 3 3 4 1 2 1 2 1 4 1 3 1 3 2 3 3 4 1 3 4 2 4 3 3 3 1 1 3 4 1 1 1 2 1 4 1 3 4 1 1 2 1 1 4 1 4 1 4 1 3 4 4 4 1 1 1 4 1 3
98 0.005178 3 2 3 1 4 3 1 3 3 3 3 3 4 1 3 2 2 1 3 3 1 4 2 3 1 3 2 1 1 4 1 2 1 4 4 1 2 3 3 4 1 2 1 2 1 4 1 3 1 3 2 3 3 4 1 3 4 2 4 3 3 3 1 1 3 4 1 1 1 2 1 4 1 3 4 1 1 2 1 1 4 1 4 1 4 1 3 4 4 4 1 3 1 4 1 3
98 0.107084 3 2 3 3 4 3 1 3 3 3 3 3 4 1 3 2 2 1 3 3 1 4 2 3 1 3 2 1 1 4 1 2 1 4 4 1 2 3 3 4 1 2 1 2 1 4 1 3 1 1 2 3 3 4 1 3 4 2 4 3 3 3 1 1 3 4 1 1 1 2 1 4 1 3 4 1 1 2 1 1 4 1 4 3 4 1 3 4 4 4 1 1 1 4 1 3
98 0.005178 3 2 3 1 4 3 1 3 3 3 3 3 4 1 3 2 2 1 3 3 1 4 2 3 1 3 2 1 1 4 1 2 1 4 4 1 2 0 3 4 1 2 1 2 1 4 1 3 1 3 2 3 1 4 1 3 4 2 4 3 3 3 1 1 3 4 1 1 1 2 1 4 1 3 4 1 1 2 1 1 4 1 4 1 4 1 3 4 4 4 1 1 1 4 1 3
98 0.107084 3 2 3 3 4 3 1 3 3 3 3 3 4 1 3 2 2 1 3 3 1 4 2 3 1 3 2 3 1 4 1 2 1 4 4 1 2 3 3 4 1 2 1 2 1 4 1 3 1 3 2 3 3 4 1 3 4 2 4 3 3 3 1 1 3 4 1 1 1 2 1 4 1 3 4 1 1 2 1 1 4 1 4 1 4 1 1 4 4 4 1 1 1 4 1 1
98 0.005178 3 2 3 1 4 3 1 3 3 3 3 3 4 1 3 2 2 1 3 3 1 4 2 3 1 3 2 1 1 4 1 2 1 4 4 1 2 3 3 4 1 2 1 2 1 4 1 3 1 3 2 3 3 4 1 3 4 2 4 3 3 3 1 1 3 4 1 1 1 2 1 4 1 3 4 1 1 2 1 1 4 1 4 1 4 1 3 4 4 4 1 1 1 2 3 3
98 0.107084 3 2 3 3 4 3 1 3 3 3 3 3 4 1 3 2 2 3 3 3 1 4 2 3 1 3 2 1 1 4 1 2 1 4 4 1 2 3 1 4 1 2 1 2 1 4 1 3 1 3 2 3 3 4 1 3 4 2 4 3 3 3 1 1 3 4 1 1 1 2 1 4 1 3 4 1 1 2 1 1 4 1 4 1 4 1 3 4 4 4 1 1 1 4 1 3
98 0.005178 3 2 3 3 4 1 1 3 3 3 3 3 4 1 3 2 2 1 3 3 1 4 2 3 1 3 2 1 1 4 1 2 1 4 4 1 2 3 3 4 1 2 1 2 1 4 1 3 1 3 2 3 3 4 1 3 4 2 4 3 3 3 1 1 3 4 1 1 1 2 1 4 1 3 4 1 1 2 1 1 4 1 4 1 4 1 3 4 4 4 1 1 1 4 1 3
99 0.106374 3 2 3 3 4 3 1 3 1 3 3 3 4 1 3 2 1 3 3 3 1 4 2 3 1 3 2 1 1 4 1 2 1 4 4 1 2 3 3 4 1 2 1 2 1 4 1 3 1 3 2 3 3 4 1 1 4 2 4 3 3 3 1 1 3 4 1 1 1 2 1 4 1 3 4 1 1 2 1 1 4 1 4 1 4 1 3 4 4 4 1 1 1 4 1 3
99 0.106374 3 2 3 3 4 1 1 3 3 3 3 3 4 1 3 2 2 1 3 1 1 4 2 3 1 3 2 1 1 4 1 2 1 4 4 1 2 3 3 4 1 2 1 2 1 4 1 3 1 3 2 3 3 4 1 3 4 2 4 3 3 3 1 1 3 4 1 1 1 2 1 4 1 3 4 1 1 2 1 1 4 1 3 1 4 1 3 4 4 4 1 1 1 4 1 3
99 0.106374 3 2 3 3 4 3 1 3 3 3 3 3 4 1 3 2 2 1 3 3 1 4 2 3 1 3 2 1 1 4 1 2 1 4 4 1 2 3 3 4 1 2 1 2 1 4 1 3 1 3 2 3 3 4 1 3 4 2 4 3 3 3 1 1 3 4 1 1 1 2 1 4 1 3 4 1 1 2 1 1 4 1 4 1 4 1 3 4 4 4 1 1 1 4 1 3
99 0.106374 3 2 3 3 4 3 1 3 3 3 3 3 4 1 3 2 2 1 3 3 1 4 2 3 1 3 2 1 1 4 1 2 1 4 4 1 2 3 3 4 1 2 1 2 1 4 1 3 1 1 2 3 3 4 1 3 4 2 4 3 3 3 1 1 3 4 1 1 1 2 1 4 1 3 4 1 1 2 1 1 4 1 4 1 4 1 3 4 4 4 1 1 1 4 1 3
99 0.006090 3 2 3 3 4 3 1 3 3 3 3 3 4 1 3 2 1 3 3 3 1 4 4 3 1 1 1 1 1 4 1 2 1 4 1 3 2 3 3 4 1 2 1 2 1 4 1 3 3 3 2 3 3 4 1 3 4 2 4 3 3 3 1 1 3 4 1 1 1 2 1 4 1 3 4 1 1 2 1 1 4 1 4 1 4 1 3 4 4 4 1 1 1 4 1 3
99 0.006090 3 2 3 3 4 3 1 3 3 3 3 3 4 1 3 2 1 3 3 3 1 4 4 3 1 3 2 1 1 4 1 2 1 4 1 1 2 3 3 4 1 2 1 2 1 4 1 3 1 3 2 3 3 4 1 3 4 2 4 3 3 3 1 1 3 4 1 1 1 2 1 4 1 3 4 1 1 2 1 1 4 1 4 1 4 1 3 4 4 4 1 1 1 4 1 3
99 0.106374 3 2 3 3 4 3 1 3 3 3 3 3 4 1 3 2 1 3 3 3 1 4 2 3 1 3 2 1 1 4 1 2 1 4 4 1 2 3 3 4 1 2 1 2 3 4 1 3 1 3 2 3 3 4 1 3 4 2 4 3 3 3 1 1 3 4 1 1 1 2 1 4 1 3 4 1 1 2 1 1 4 1 4 1 2 1 3 3 4 4 1 1 1 4 1 3
99 0.006090 3 2 3 1 4 3 1 3 3 3 3 3 4 1 3 2 2 1 3 3 1 4 2 3 1 3 2 1 1 4 1 2 1 4 4 1 2 3 3 4 1 2 1 2 1 4 1 3 1 3 2 3 3 4 1 3 4 2 4 3 3 3 1 1 3 4 1 1 1 2 1 4 1 3 4 1 1 2 1 1 4 1 4 1 4 1 3 4 4 4 1 1 1 4 1 3
99 0.106374 3 2 3 3 4 3 1 3 3 3 3 3 4 1 3 2 2 1 3 3 1 4 2 3 3 3 2 1 1 4 1 2 1 4 4 1 2 3 3 4 1 2 1 2 1 4 1 3 1 3 2 3 3 4 1 3 4 2 4 3 3 3 1 1 3 4 1 1 1 2 1 4 1 3 4 1 1 2 1 1 4 1 4 1 4 1 3 4 4 4 1 1 1 4 1 3
99 0.006090 3 2 3 1 4 3 1 3 3 3 3 3 4 1 3 2 2 1 3 3 1 4 2 3 1 3 2 1 1 4 1 2 1 4 4 1 2 3 3 4 1 2 1 2 1 4 1 3 1 3 2 3 3 4 1 3 4 2 4 3 3 3 1 1 3 4 1 1 1 2 1 4 1 3 4 1 1 2 1 1 4 1 4 1 4 1 3 4 4 4 1 3 1 4 1 3
99 0.106374 3 2 3 3 4 3 1 3 3 3 3 3 4 1 3 2 2 1 3 3 1 4 2 3 1 3 2 1 1 4 1 2 1 4 4 1 2 3 3 4 1 2 1 2 1 4 1 3 1 1 2 3 3 4 1 3 4 2 4 3 3 3 1 1 3 4 1 1 1 2 1 4 1 3 4 1 1 2 1 1 4 1 4 3 4 1 3 4 4 4 1 1 1 4 1 3
99 0.006090 3 2 3 1 4 3 1 3 3 3 3 3 4 1 3 2 2 1 3 3 1 4 2 3 1 3 2 1 1 4 1 2 1 4 4 1 2 0 3 4 1 2 1 2 1 4 1 3 1 3 2 3 1 4 1 3 4 2 4 3 3 3 1 1 3 4 1 1 1 2 1 4 1 3 4 1 1 2 1 1 4 1 4 1 4 1 3 4 4 4 1 1 1 4 1 3
99 0.106374 3 2 3 3 4 3 1 3 3 3 3 3 4 1 3 2 2 1 3 3 1 4 2 3 1 3 2 3 1 4 1 2 1 4 4 1 2 3 3 4 1 2 1 2 1 4 1 3 1 3 2 3 3 4 1 3 4 2 4 3 3 3 1 1 3 4 1 1 1 2 1 4 1 3 4 1 1 2 1 1 4 1 4 1 4 1 1 4 4 4 1 1 1 4 1 1
99 0.006090 3 2 3 1 4 3 1 3 3 3 3 3 4 1 3 2 2 1 3 3 1 4 2 3 1 3 2 1 1 4 1 2 1 4 4 1 2 3 3 4 1 2 1 2 1 4 1 3 1 3 2 3 3 4 1 3 4 2 4 3 3 3 1 1 3 4 1 1 1 2 1 4 1 3 4 1 1 2 1 1 4 1 4 1 4 1 3 4 4 4 1 1 1 2 3 3
99 0.106374 3 2 3 3 4 3 1 3 3 3 3 3 4 1 3 2 2 3 3 3 1 4 2 3 1 3 2 1 1 4 1 2 1 4 4 1 2 3 1 4 1 2 1 2 1 4 1 3 1 3 2 3 3 4 1 3 4 2 4 3 3 3 1 1 3 4 1 1 1 2 1 4 1 3 4 1 1 2 1 1 4 1 4 1 4 1 3 4 4 4 1 1 1 4 1 3
99 0.006090 3 2 3 3 4 1 1 3 3 3 3 3 4 1 3 2 2 1 3 3 1 4 2 3 1 3 2 1 1 4 1 2 1 4 4 1 2 3 3 4 1 2 1 2 1 4 1 3 1 3 2 3 3 4 1 3 4 2 4 3 3 3 1 1 3 4 1 1 1 2 1 4 1 3 4 1 1 2 1 1 4 1 4 1 4 1 3 4 4 4 1 1 1 4 1 3
100 0.105566 3 2 3 3 4 3 1 3 1 3 3 3 4 1 3 2 1 3 3 3 1 4 2 3 1 3 2 1 1 4 1 2 1 4 4 1 2 3 3 4 1 2 1 2 1 4 1 3 1 3 2 3 3 4 1 1 4 2 4 3 3 3 1 1 3 4 1 1 1 2 1 4 1 3 4 1 1 2 1 1 4 1 4 1 4 1 3 4 4 4 1 1 1 4 1 3
100 0.105566 3 2 3 3 4 1 1 3 3 3 3 3 4 1 3 2 2 1 3 1 1 4 2 3 1 3 2 1 1 4 1 2 1 4 4 1 2 3 3 4 1 2 1 2 1 4 1 3 1 3 2 3 3 4 1 3 4 2 4 3 3 3 1 1 3 4 1 1 1 2 1 4 1 3 4 1 1 2 1 1 4 1 3 1 4 1 3 4 4 4 1 1 1 4 1 3
100 0.105566 3 2 3 3 4 3 1 3 3 3 3 3 4 1 3 2 2 1 3 3 1 4 2 3 1 3 2 1 1 4 1 2 1 4 4 1 2 3 3 4 1 2 1 2 1 4 1 3 1 3 2 3 3 4 1 3 4 2 4 3 3 3 1 1 3 4 1 1 1 2 1 4 1 3 4 1 1 2 1 1 4 1 4 1 4 1 3 4 4 4 1 1 1 4 1 3
100 0.105566 3 2 3 3 4 3 1 3 3 3 3 3 4 1 3 2 2 1 3 3 1 4 2 3 1 3 2 1 1 4 1 2 1 4 4 1 2 3 3 4 1 2 1 2 1 4 1 3 1 1 2 3 3 4 1 3 4 2 4 3 3 3 1 1 3 4 1 1 1 2 1 4 1 3 4 1 1 2 1 1 4 1 4 1 4 1 3 4 4 4 1 1 1 4 1 3
100 0.007129 3 2 3 3 4 3 1 3 3 3 3 3 4 1 3 2 1 3 3 3 1 4 4 3 1 1 1 1 1 4 1 2 1 4 1 3 2 3 3 4 1 2 1 2 1 4 1 3 3 3 2 3 3 4 1 3 4 2 4 3 3 3 1 1 3 4 1 1 1 2 1 4 1 3 4 1 1 2 1 1 4 1 4 1 4 1 3 4 4 4 1 1 1 4 1 3
100 0.007129 3 2 3 3 4 3 1 3 3 3 3 3 4 1 3 2 1 3 3 3 1 4 4 3 1 3 2 1 1 4 1 2 1 4 1 1 2 3 3 4 1 2 1 2 1 4 1 3 1 3 2 3 3 4 1 3 4 2 4 3 3 3 1 1 3 4 1 1 1 2 1 4 1 3 4 1 1 2 1 1 4 1 4 1 4 1 3 4 4 4 1 1 1 4 1 3
100 0.105566 3 2 3 3 4 3 1 3 3 3 3 3 4 1 3 2 1 3 3 3 1 4 2 3 1 3 2 1 1 4 1 2 1 4 4 1 2 3 3 4 1 2 1 2 3 4 1 3 1 3 2 3 3 4 1 3 4 2 4 3 3 3 1 1 3 4 1 1 1 2 1 4 1 3 4 1 1 2 1 1 4 1 4 1 2 1 3 3 4 4 1 1 1 4 1 3
100 0.007129 3 2 3 1 4 3 1 3 3 3 3 3 4 1 3 2 2 1 3 3 1 4 2 3 1 3 2 1 1 4 1 2 1 4 4 1 2 3 3 4 1 2 1 2 1 4 1 3 1 3 2 3 3 4 1 3 4 2 4 3 3 3 1 1 3 4 1 1 1 2 1 4 1 3 4 1 1 2 1 1 4 1 4 1 4 1 3 4 4 4 1 1 1 4 1 3
100 0.105566 3 2 3 3 4 3 1 3 3 3 3 3 4 1 3 2 2 1 3 3 1 4 2 3 3 3 2 1 1 4 1 2 1 4 4 1 2 3 3 4 1 2 1 2 1 4 1 3 1 3 2 3 3 4 1 3 4 2 4 3 3 3 1 1 3 4 1 1 1 2 1 4 1 3 4 1 1 2 1 1 4 1 4 1 4 1 3 4 4 4 1 1 1 4 1 3
100 0.007129 3 2 3 1 4 3 1 3 3 3 3 3 4 1 3 2 2 1 3 3 1 4 2 3 1 3 2 1 1 4 1 2 1 4 4 1 2 3 3 4 1 2 1 2 1 4 1 3 1 3 2 3 3 4 1 3 4 2 4 3 3 3 1 1 3 4 1 1 1 2 1 4 1 3 4 1 1 2 1 1 4 1 4 1 4 1 3 4 4 4 1 3 1 4 1 3
100 0.105566 3 2 3 3 4 3 1 3 3 3 3 3 4 1 3 2 2 1 3 3 1 4 2 3 1 3 2 1 1 4 1 2 1 4 4 1 2 3 3 4 1 2 1 2 1 4 1 3 1 1 2 3 3 4 1 3 4 2 4 3 3 3 1 1 3 4 1 1 1 2 1 4 1 3 4 1 1 2 1 1 4 1 4 3 4 1 3 4 4 4 1 1 1 4 1 3
100 0.007129 3 2 3 1 4 3 1 3 3 3 3 3 4 1 3 2 2 1 3 3 1 4 2 3 1 3 2 1 1 4 1 2 1 4 4 1 2 0 3 4 1 2 1 2 1 4 1 3 1 3 2 3 1 4 1 3 4 2 4 3 3 3 1 1 3 4 1 1 1 2 1 4 1 3 4 1 1 2 1 1 4 1 4 1 4 1 3 4 4 4 1 1 1 4 1 3
100 0.105566 3 2 3 3 4 3 1 3 3 3 3 3 4 1 3 2 2 1 3 3 1 4 2 3 1 3 2 3 1 4 1 2 1 4 4 1 2 3 3 4 1 2 1 2 1 4 1 3 1 3 2 3 3 4 1 3 4 2 4 3 3 3 1 1 3 4 1 1 1 2 1 4 1 3 4 1 1 2 1 1 4 1 4 1 4 1 1 4 4 4 1 1 1 4 1 1
100 0.007129 3 2 3 1 4 3 1 3 3 3 3 3 4 1 3 2 2 1 3 3 1 4 2 3 1 3 2 1 1 4 1 2 1 4 4 1 2 3 3 4 1 2 1 2 1 4 1 3 1 3 2 3 3 4 1 3 4 2 4 3 3 3 1 1 3 4 1 1 1 2 1 4 1 3 4 1 1 2 1 1 4 1 4 1 4 1 3 4 4 4 1 1 1 2 3 3
100 0.105566 3 2 3 3 4 3 1 3 3 3 3 3 4 1 3 2 2 3 3 3 1 4 2 3 1 3 2 1 1 4 1 2 1 4 4 1 2 3 1 4 1 2 1 2 1 4 1 3 1 3 2 3 3 4 1 3 4 2 4 3 3 3 1 1 3 4 1 1 1 2 1 4 1 3 4 1 1 2 1 1 4 1 4 1 4 1 3 4 4 4 1 1 1 4 1 3
100 0.007129 3 2 3 3 4 1 1 3 3 3 3 3 4 1 3 2 2 1 3 3 1 4 2 3 1 3 2 1 1 4 1 2 1 4 4 1 2 3 3 4 1 2 1 2 1 4 1 3 1 3 2 3 3 4 1 3 4 2 4 3 3 3 1 1 3 4 1 1 1 2 1 4 1 3 4 1 1 2 1 1 4 1 4 1 4 1 3 4 4 4 1 1 1 4 1 3
101 0.104647 3 2 3 3 4 3 1 3 1 3 3 3 4 1 3 2 1 3 3 3 1 4 2 3 1 3 2 1 1 4 1 2 1 4 4 1 2 3 3 4 1 2 1 2 1 4 1 3 1 3 2 3 3 4 1 1 4 2 4 3 3 3 1 1 3 4 1 1 1 2 1 4 1 3 4 1 1 2 1 1 4 1 4 1 4 1 3 4 4 4 1 1 1 4 1 3
101 0.104647 3 2 3 3 4 1 1 3 3 3 3 3 4 1 3 2 2 1 3 1 1 4 2 3 1 3 2 1 1 4 1 2 1 4 4 1 2 3 3 4 1 2 1 2 1 4 1 3 1 3 2 3 3 4 1 3 4 2 4 3 3 3 1 1 3 4 1 1 1 2 1 4 1 3 4 1 1 2 1 1 4 1 3 1 4 1 3 4 4 4 1 1 1 4 1 3
101 0.104647 3 2 3 3 4 3 1 3 3 3 3 3 4 1 3 2 2 1 3 3 1 4 2 3 1 3 2 1 1 4 1 2 1 4 4 1 2 3 3 4 1 2 1 2 1 4 1 3 1 3 2 3 3 4 1 3 4 2 4 3 3 3 1 1 3 4 1 1 1 2 1 4 1 3 4 1 1 2 1 1 4 1 4 1 4 1 3 4 4 4 1 1 1 4 1 3
101 0.104647 3 2 3 3 4 3 1 3 3 3 3 3 4 1 3 2 2 1 3 3 1 4 2 3 1 3 2 1 1 4 1 2 1 4 4 1 2 3 3 4 1 2 1 2 1 4 1 3 1 1 2 3 3 4 1 3 4 2 4 3 3 3 1 1 3 4 1 1 1 2 1 4 1 3 4 1 1 2 1 1 4 1 4 1 4 1 3 4 4 4 1 1 1 4 1 3
101 0.008311 3 2 3 3 4 3 1 3 3 3 3 3 4 1 3 2 1 3 3 3 1 4 4 3 1 1 1 1 1 4 1 2 1 4 1 3 2 3 3 4 1 2 1 2 1 4 1 3 3 3 2 3 3 4 1 3 4 2 4 3 3 3 1 1 3 4 1 1 1 2 1 4 1 3 4 1 1 2 1 1 4 1 4 1 4 1 3 4 4 4 1 1 1 4 1 3
101 0.008311 3 2 3 3 4 3 1 3 3 3 3 3 4 1 3 2 1 3 3 3 1 4 4 3 1 3 2 1 1 4 1 2 1 4 1 1 2 3 3 4 1 2 1 2 1 4 1 3 1 3 2 3 3 4 1 3 4 2 4 3 3 3 1 1 3 4 1 1 1 2 1 4 1 3 4 1 1 2 1 1 4 1 4 1 4 1 3 4 4 4 1 1 1 4 1 3
101 0.104647 3 2 3 3 4 3 1 3 3 3 3 3 4 1 3 2 1 3 3 3 1 4 2 3 1 3 2 1 1 4 1 2 1 4 4 1 2 3 3 4 1 2 1 2 3 4 1 3 1 3 2 3 3 4 1 3 4 2 4 3 3 3 1 1 3 4 1 1 1 2 1 4 1 3 4 1 1 2 1 1 4 1 4 1 2 1 3 3 4 4 1 1 1 4 1 3
101 0.008311 3 2 3 1 4 3 1 3 3 3 3 3 4 1 3 2 2 1 3 3 1 4 2 3 1 3 2 1 1 4 1 2 1 4 4 1 2 3 3 4 1 2 1 2 1 4 1 3 1 3 2 3 3 4 1 3 4 2 4 3 3 3 1 1 3 4 1 1 1 2 1 4 1 3 4 1 1 2 1 1 4 1 4 1 4 1 3 4 4 4 1 1 1 4 1 3
101 0.104647 3 2 3 3 4 3 1 3 3 3 3 3 4 1 3 2 2 1 3 3 1 4 2 3 3 3 2 1 1 4 1 2 1 4 4 1 2 3 3 4 1 2 1 2 1 4 1 3 1 3 2 3 3 4 1 3 4 2 4 3 3 3 1 1 3 4 1 1 1 2 1 4 1 3 4 1 1 2 1 1 4 1 4 1 4 1 3 4 4 4 1 1 1 4 1 3
101 0.008311 3 2 3 1 4 3 1 3 3 3 3 3 4 1 3 2 2 1 3 3 1 4 2 3 1 3 2 1 1 4 1 2 1 4 4 1 2 3 3 4 1 2 1 2 1 4 1 3 1 3 2 3 3 4 1 3 4 2 4 3 3 3 1 1 3 4 1 1 1 2 1 4 1 3 4 1 1 2 1 1 4 1 4 1 4 1 3 4 4 4 1 3 1 4 1 3
101 0.104647 3 2 3 3 4 3 1 3 3 3 3 3 4 1 3 2 2 1 3 3 1 4 2 3 1 3 2 1 1 4 1 2 1 4 4 1 2 3 3 4 1 2 1 2 1 4 1 3 1 1 2 3 3 4 1 3 4 2 4 3 3 3 1 1 3 4 1 1 1 2 1 4 1 3 4 1 1 2 1 1 4 1 4 3 4 1 3 4 4 4 1 1 1 4 1 3
101 0.008311 3 2 3 1 4 3 1 3 3 3 3 3 4 1 3 2 2 1 3 3 1 4 2 3 1 3 2 1 1 4 1 2 1 4 4 1 2 0 3 4 1 2 1 2 1 4 1 3 1 3 2 3 1 4 1 3 4 2 4 3 3 3 1 1 3 4 1 1 1 2 1 4 1 3 4 1 1 2 1 1 4 1 4 1 4 1 3 4 4 4 1 1 1 4 1 3
101 0.104647 3 2 3 3 4 3 1 3 3 3 3 3 4 1 3 2 2 1 3 3 1 4 2 3 1 3 2 3 1 4 1 2 1 4 4 1 2 3 3 4 1 2 1 2 1 4 1 3 1 3 2 3 3 4 1 3 4 2 4 3 3 3 1 1 3 4 1 1 1 2 1 4 1 3 4 1 1 2 1 1 4 1 4 1 4 1 1 4 4 4 1 1 1 4 1 1
101 0.008311 3 2 3 1 4 3 1 3 3 3 3 3 4 1 3 2 2 1 3 3 1 4 2 3 1 3 2 1 1 4 1 2 1 4 4 1 2 3 3 4 1 2 1 2 1 4 1 3 1 3 2 3 3 4 1 3 4 2 4 3 3 3 1 1 3 4 1 1 1 2 1 4 1 3 4 1 1 2 1 1 4 1 4 1 4 1 3 4 4 4 1 1 1 2 3 3
101 0.104647 3 2 3 3 4 3 1 3 3 3 3 3 4 1 3 2 2 3 3 3 1 4 2 3 1 3 2 1 1 4 1 2 1 4 4 1 2 3 1 4 1 2 1 2 1 4 1 3 1 3 2 3 3 4 1 3 4 2 4 3 3 3 1 1 3 4 1 1 1 2 1 4 1 3 4 1 1 2 1 1 4 1 4 1 4 1 3 4 4 4 1 1 1 4 1 3
101 0.008311 3 2 3 3 4 1 1 3 3 3 3 3 4 1 3 2 2 1 3 3 1 4 2 3 1 3 2 1 1 4 1 2 1 4 4 1 2 3 3 4 1 2 1 2 1 4 1 3 1 3 2 3 3 4 1 3 4 2 4 3 3 3 1 1 3 4 1 1 1 2 1 4 1 3 4 1 1 2 1 1 4 1 4 1 4 1 3 4 4 4 1 1 1 4 1 3
102 0.103603 3 2 3 3 4 3 1 3 1 3 3 3 4 1 3 2 1 3 3 3 1 4 2 3 1 3 2 1 1 4 1 2 1 4 4 1 2 3 3 4 1 2 1 2 1 4 1 3 1 3 2 3 3 4 1 1 4 2 4 3 3 3 1 1 3 4 1 1 1 2 1 4 1 3 4 1 1 2 1 1 4 1 4 1 4 1 3 4 4 4 1 1 1 4 1 3
102 0.103603 3 2 3 3 4 1 1 3 3 3 3 3 4 1 3 2 2 1 3 1 1 4 2 3 1 3 2 1 1 4 1 2 1 4 4 1 2 3 3 4 1 2 1 2 1 4 1 3 1 3 2 3 3 4 1 3 4 2 4 3 3 3 1 1 3 4 1 1 1 2 1 4 1 3 4 1 1 2 1 1 4 1 3 1 4 1 3 4 4 4 1 1 1 4 1 3
102 0.103603 3 2 3 3 4 3 1 3 3 3 3 3 4 1 3 2 2 1 3 3 1 4 2 3 1 3 2 1 1 4 1 2 1 4 4 1 2 3 3 4 1 2 1 2 1 4 1 3 1 3 2 3 3 4 1 3 4 2 4 3 3 3 1 1 3 4 1 1 1 2 1 4 1 3 4 1 1 2 1 1 4 1 4 1 4 1 3 4 4 4 1 1 1 4 1 3
102 0.103603 3 2 3 3 4 3 1 3 3 3 3 3 4 1 3 2 2 1 3 3 1 4 2 3 1 3 2 1 1 4 1 2 1 4 4 1 2 3 3 4 1 2 1 2 1 4 1 3 1 1 2 3 3 4 1 3 4 2 4 3 3 3 1 1 3 4 1 1 1 2 1 4 1 3 4 1 1 2 1 1 4 1 4 1 4 1 3 4 4 4 1 1 1 4 1 3
102 0.009653 3 2 3 3 4 3 1 3 3 3 3 3 4 1 3 2 1 3 3 3 1 4 4 3 1 1 1 1 1 4 1 2 1 4 1 3 2 3 3 4 1 2 1 2 1 4 1 3 3 3 2 3 3 4 1 3 4 2 4 3 3 3 1 1 3 4 1 1 1 2 1 4 1 3 4 1 1 2 1 1 4 1 4 1 4 1 3 4 4 4 1 1 1 4 1 3
102 0.009653 3 2 3 3 4 3 1 3 3 3 3 3 4 1 3 2 1 3 3 3 1 4 4 3 1 3 2 1 1 4 1 2 1 4 1 1 2 3 3 4 1 2 1 2 1 4 1 3 1 3 2 3 3 4 1 3 4 2 4 3 3 3 1 1 3 4 1 1 1 2 1 4 1 3 4 1 1 2 1 1 4 1 4 1 4 1 3 4 4 4 1 1 1 4 1 3
102 0.103603 3 2 3 3 4 3 1 3 3 3 3 3 4 1 3 2 1 3 3 3 1 4 2 3 1 3 2 1 1 4 1 2 1 4 4 1 2 3 3 4 1 2 1 2 3 4 1 3 1 3 2 3 3 4 1 3 4 2 4 3 3 3 1 1 3 4 1 1 1 2 1 4 1 3 4 1 1 2 1 1 4 1 4 1 2 1 3 3 4 4 1 1 1 4 1 3
102 0.009653 3 2 3 1 4 3 1 3 3 3 3 3 4 1 3 2 2 1 3 3 1 4 2 3 1 3 2 1 1 4 1 2 1 4 4 1 2 3 3 4 1 2 1 2 1 4 1 3 1 3 2 3 3 4 1 3 4 2 4 3 3 3 1 1 3 4 1 1 1 2 1 4 1 3 4 1 1 2 1 1 4 1 4 1 4 1 3 4 4 4 1 1 1 4 1 3
102 0.103603 3 2 3 3 4 3 1 3 3 3 3 3 4 1 3 2 2 1 3 3 1 4 2 3 3 3 2 1 1 4 1 2 1 4 4 1 2 3 3 4 1 2 1 2 1 4 1 3 1 3 2 3 3 4 1 3 4 2 4 3 3 3 1 1 3 4 1 1 1 2 1 4 1 3 4 1 1 2 1 1 4 1 4 1 4 1 3 4 4 4 1 1 1 4 1 3
102 0.009653 3 2 3 1 4 3 1 3 3 3 3 3 4 1 3 2 2 1 3 3 1 4 2 3 1 3 2 1 1 4 1 2 1 4 4 1 2 3 3 4 1 2 1 2 1 4 1 3 1 3 2 3 3 4 1 3 4 2 4 3 3 3 1 1 3 4 1 1 1 2 1 4 1 3 4 1 1 2 1 1 4 1 4 1 4 1 3 4 4 4 1 3 1 4 1 3
102 0.103603 3 2 3 3 4 3 1 3 3 3 3 3 4 1 3 2 2 1 3 3 1 4 2 3 1 3 2 1 1 4 1 2 1 4 4 1 2 3 3 4 1 2 1 2 1 4 1 3 1 1 2 3 3 4 1 3 4 2 4 3 3 3 1 1 3 4 1 1 1 2 1 4 1 3 4 1 1 2 1 1 4 1 4 3 4 1 3 4 4 4 1 1 1 4 1 3
102 0.009653 3 2 3 1 4 3 1 3 3 3 3 3 4 1 3 2 2 1 3 3 1 4 2 3 1 3 2 1 1 4 1 2 1 4 4 1 2 0 3 4 1 2 1 2 1 4 1 3 1 3 2 3 1 4 1 3 4 2 4 3 3 3 1 1 3 4 1 1 1 2 1 4 1 3 4 1 1 2 1 1 4 1 4 1 4 1 3 4 4 4 1 1 1 4 1 3
102 0.103603 3 2 3 3 4 3 1 3 3 3 3 3 4 1 3 2 2 1 3 3 1 4 2 3 1 3 2 3 1 4 1 2 1 4 4 1 2 3 3 4 1 2 1 2 1 4 1 3 1 3 2 3 3 4 1 3 4 2 4 3 3 3 1 1 3 4 1 1 1 2 1 4 1 3 4 1 1 2 1 1 4 1 4 1 4 1 1 4 4 4 1 1 1 4 1 1
102 0.009653 3 2 3 1 4 3 1 3 3 3 3 3 4 1 3 2 2 1 3 3 1 4 2 3 1 3 2 1 1 4 1 2 1 4 4 1 2 3 3 4 1 2 1 2 1 4 1 3 1 3 2 3 3 4 1 3 4 2 4 3 3 3 1 1 3 4 1 1 1 2 1 4 1 3 4 1 1 2 1 1 4 1 4 1 4 1 3 4 4 4 1 1 1 2 3 3
102 0.103603 3 2 3 3 4 3 1 3 3 3 3 3 4 1 3 2 2 3 3 3 1 4 2 3 1 3 2 1 1 4 1 2 1 4 4 1 2 3 1 4 1 2 1 2 1 4 1 3 1 3 2 3 3 4 1 3 4 2 4 3 3 3 1 1 3 4 1 1 1 2 1 4 1 3 4 1 1 2 1 1 4 1 4 1 4 1 3 4 4 4 1 1 1 4 1 3
102 0.009653 3 2 3 3 4 1 1 3 3 3 3 3 4 1 3 2 2 1 3 3 1 4 2 3 1 3 2 1 1 4 1 2 1 4 4 1 2 3 3 4 1 2 1 2 1 4 1 3 1 3 2 3 3 4 1 3 4 2 4 3 3 3 1 1 3 4 1 1 1 2 1 4 1 3 4 1 1 2 1 1 4 1 4 1 4 1 3 4 4 4 1 1 1 4 1 3
103 0.102423 3 2 3 3 4 3 1 3 1 3 3 3 4 1 3 2 1 3 3 3 1 4 2 3 1 3 2 1 1 4 1 2 1 4 4 1 2 3 3 4 1 2 1 2 1 4 1 3 1 3 2 3 3 4 1 1 4 2 4 3 3 3 1 1 3 4 1 1 1 2 1 4 1 3 4 1 1 2 1 1 4 1 4 1 4 1 3 4 4 4 1 1 1 4 1 3
103 0.102423 3 2 3 3 4 1 1 3 3 3 3 3 4 1 3 2 2 1 3 1 1 4 2 3 1 3 2 1 1 4 1 2 1 4 4 1 2 3 3 4 1 2 1 2 1 4 1 3 1 3 2 3 3 4 1 3 4 2 4 3 3 3 1 1 3 4 1 1 1 2 1 4 1 3 4 1 1 2 1 1 4 1 3 1 4 1 3 4 4 4 1 1 1 4 1 3
103 0.102423 3 2 3 3 4 3 1 3 3 3 3 3 4 1 3 2 2 1 3 3 1 4 2 3 1 3 2 1 1 4 1 2 1 4 4 1 2 3 3 4 1 2 1 2 1 4 1 3 1 3 2 3 3 4 1 3 4 2 4 3 3 3 1 1 3 4 1 1 1 2 1 4 1 3 4 1 1 2 1 1 4 1 4 1 4 1 3 4 4 4 1 1 1 4 1 3
103 0.102423 3 2 3 3 4 3 1 3 3 3 3 3 4 1 3 2 2 1 3 3 1 4 2 3 1 3 2 1 1 4 1 2 1 4 4 1 2 3 3 4 1 2 1 2 1 4 1 3 1 1 2 3 3 4 1 3 4 2 4 3 3 3 1 1 3 4 1 1 1 2 1 4 1 3 4 1 1 2 1 1 4 1 4 1 4 1 3 4 4 4 1 1 1 4 1 3
103 0.011170 3 2 3 3 4 3 1 3 3 3 3 3 4 1 3 2 1 3 3 3 1 4 4 3 1 1 1 1 1 4 1 2 1 4 1 3 2 3 3 4 1 2 1 2 1 4 1 3 3 3 2 3 3 4 1 3 4 2 4 3 3 3 1 1 3 4 1 1 1 2 1 4 1 3 4 1 1 2 1 1 4 1 4 1 4 1 3 4 4 4 1 1 1 4 1 3
103 0.011170 3 2 3 3 4 3 1 3 3 3 3 3 4 1 3 2 1 3 3 3 1 4 4 3 1 3 2 1 1 4 1 2 1 4 1 1 2 3 3 4 1 2 1 2 1 4 1 3 1 3 2 3 3 4 1 3 4 2 4 3 3 3 1 1 3 4 1 1 1 2 1 4 1 3 4 1 1 2 1 1 4 1 4 1 4 1 3 4 4 4 1 1 1 4 1 3
103 0.102423 3 2 3 3 4 3 1 3 3 3 3 3 4 1 3 2 1 3 3 3 1 4 2 3 1 3 2 1 1 4 1 2 1 4 4 1 2 3 3 4 1 2 1 2 3 4 1 3 1 3 2 3 3 4 1 3 4 2 4 3 3 3 1 1 3 4 1 1 1 2 1 4 1 3 4 1 1 2 1 1 4 1 4 1 2 1 3 3 4 4 1 1 1 4 1 3
103 0.011170 3 2 3 1 4 3 1 3 3 3 3 3 4 1 3 2 2 1 3 3 1 4 2 3 1 3 2 1 1 4 1 2 1 4 4 1 2 3 3 4 1 2 1 2 1 4 1 3 1 3 2 3 3 4 1 3 4 2 4 3 3 3 1 1 3 4 1 1 1 2 1 4 1 3 4 1 1 2 1 1 4 1 4 1 4 1 3 4 4 4 1 1 1 4 1 3
103 0.102423 3 2 3 3 4 3 1 3 3 3 3 3 4 1 3 2 2 1 3 3 1 4 2 3 3 3 2 1 1 4 1 2 1 4 4 1 2 3 3 4 1 2 1 2 1 4 1 3 1 3 2 3 3 4 1 3 4 2 4 3 3 3 1 1 3 4 1 1 1 2 1 4 1 3 4 1 1 2 1 1 4 1 4 1 4 1 3 4 4 4 1 1 1 4 1 3
103 0.011170 3 2 3 1 4 3 1 3 3 3 3 3 4 1 3 2 2 1 3 3 1 4 2 3 1 3 2 1 1 4 1 2 1 4 4 1 2 3 3 4 1 2 1 2 1 4 1 3 1 3 2 3 3 4 1 3 4 2 4 3 3 3 1 1 3 4 1 1 1 2 1 4 1 3 4 1 1 2 1 1 4 1 4 1 4 1 3 4 4 4 1 3 1 4 1 3
103 0.102423 3 2 3 3 4 3 1 3 3 3 3 3 4 1 3 2 2 1 3 3 1 4 2 3 1 3 2 1 1 4 1 2 1 4 4 1 2 3 3 4 1 2 1 2 1 4 1 3 1 1 2 3 3 4 1 3 4 2 4 3 3 3 1 1 3 4 1 1 1 2 1 4 1 3 4 1 1 2 1 1 4 1 4 3 4 1 3 4 4 4 1 1 1 4 1 3
103 0.011170 3 2 3 1 4 3 1 3 3 3 3 3 4 1 3 2 2 1 3 3 1 4 2 3 1 3 2 1 1 4 1 2 1 4 4 1 2 0 3 4 1 2 1 2 1 4 1 3 1 3 2 3 1 4 1 3 4 2 4 3 3 3 1 1 3 4 1 1 1 2 1 4 1 3 4 1 1 2 1 1 4 1 4 1 4 1 3 4 4 4 1 1 1 4 1 3
103 0.102423 3 2 3 3 4 3 1 3 3 3 3 3 4 1 3 2 2 1 3 3 1 4 2 3 1 3 2 3 1 4 1 2 1 4 4 1 2 3 3 4 1 2 1 2 1 4 1 3 1 3 2 3 3 4 1 3 4 2 4 3 3 3 1 1 3 4 1 1 1 2 1 4 1 3 4 1 1 2 1 1 4 1 4 1 4 1 1 4 4 4 1 1 1 4 1 1
103 0.011170 3 2 3 1 4 3 1 3 3 3 3 3 4 1 3 2 2 1 3 3 1 4 2 3 1 3 2 1 1 4 1 2 1 4 4 1 2 3 3 4 1 2 1 2 1 4 1 3 1 3 2 3 3 4 1 3 4 2 4 3 3 3 1 1 3 4 1 1 1 2 1 4 1 3 4 1 1 2 1 1 4 1 4 1 4 1 3 4 4 4 1 1 1 2 3 3
103 0.102423 3 2 3 3 4 3 1 3 3 3 3 3 4 1 3 2 2 3 3 3 1 4 2 3 1 3 2 1 1 4 1 2 1 4 4 1 2 3 1 4 1 2 1 2 1 4 1 3 1 3 2 3 3 4 1 3 4 2 4 3 3 3 1 1 3 4 1 1 1 2 1 4 1 3 4 1 1 2 1 1 4 1 4 1 4 1 3 4 4 4 1 1 1 4 1 3
103 0.011170 3 2 3 3 4 1 1 3 3 3 3 3 4 1 3 2 2 1 3 3 1 4 2 3 1 3 2 1 1 4 1 2 1 4 4 1 2 3 3 4 1 2 1 2 1 4 1 3 1 3 2 3 3 4 1 3 4 2 4 3 3 3 1 1 3 4 1 1 1 2 1 4 1 3 4 1 1 2 1 1 4 1 4 1 4 1 3 4 4 4 1 1 1 4 1 3
104 0.101091 3 2 3 3 4 3 1 3 1 3 3 3 4 1 3 2 1 3 3 3 1 4 2 3 1 3 2 1 1 4 1 2 1 4 4 1 2 3 3 4 1 2 1 2 1 4 1 3 1 3 2 3 3 4 1 1 4 2 4 3 3 3 1 1 3 4 1 1 1 2 1 4 1 3 4 1 1 2 1 1 4 1 4 1 4 1 3 4 4 4 1 1 1 4 1 3
104 0.101091 3 2 3 3 4 1 1 3 3 3 3 3 4 1 3 2 2 1 3 1 1 4 2 3 1 3 2 1 1 4 1 2 1 4 4 1 2 3 3 4 1 2 1 2 1 4 1 3 1 3 2 3 3 4 1 3 4 2 4 3 3 3 1 1 3 4 1 1 1 2 1 4 1 3 4 1 1 2 1 1 4 1 3 1 4 1 3 4 4 4 1 1 1 4 1 3
104 0.101091 3 2 3 3 4 3 1 3 3 3 3 3 4 1 3 2 2 1 3 3 1 4 2 3 1 3 2 1 1 4 1 2 1 4 4 1 2 3 3 4 1 2 1 2 1 4 1 3 1 3 2 3 3 4 1 3 4 2 4 3 3 3 1 1 3 4 1 1 1 2 1 4 1 3 4 1 1 2 1 1 4 1 4 1 4 1 3 4 4 4 1 1 1 4 1 3
104 0.101091 3 2 3 3 4 3 1 3 3 3 3 3 4 1 3 2 2 1 3 3 1 4 2 3 1 3 2 1 1 4 1 2 1 4 4 1 2 3 3 4 1 2 1 2 1 4 1 3 1 1 2 3 3 4 1 3 4 2 4 3 3 3 1 1 3 4 1 1 1 2 1 4 1 3 4 1 1 2 1 1 4 1 4 1 4 1 3 4 4 4 1 1 1 4 1 3
104 0.012882 3 2 3 3 4 3 1 3 3 3 3 3 4 1 3 2 1 3 3 3 1 4 4 3 1 1 1 1 1 4 1 2 1 4 1 3 2 3 3 4 1 2 1 2 1 4 1 3 3 3 2 3 3 4 1 3 4 2 4 3 3 3 1 1 3 4 1 1 1 2 1 4 1 3 4 1 1 2 1 1 4 1 4 1 4 1 3 4 4 4 1 1 1 4 1 3
104 0.012882 3 2 3 3 4 3 1 3 3 3 3 3 4 1 3 2 1 3 3 3 1 4 4 3 1 3 2 1 1 4 1 2 1 4 1 1 2 3 3 4 1 2 1 2 1 4 1 3 1 3 2 3 3 4 1 3 4 2 4 3 3 3 1 1 3 4 1 1 1 2 1 4 1 3 4 1 1 2 1 1 4 1 4 1 4 1 3 4 4 4 1 1 1 4 1 3
104 0.101091 3 2 3 3 4 3 1 3 3 3 3 3 4 1 3 2 1 3 3 3 1 4 2 3 1 3 2 1 1 4 1 2 1 4 4 1 2 3 3 4 1 2 1 2 3 4 1 3 1 3 2 3 3 4 1 3 4 2 4 3 3 3 1 1 3 4 1 1 1 2 1 4 1 3 4 1 1 2 1 1 4 1 4 1 2 1 3 3 4 4 1 1 1 4 1 3
104 0.012882 3 2 3 1 4 3 1 3 3 3 3 3 4 1 3 2 2 1 3 3 1 4 2 3 1 3 2 1 1 4 1 2 1 4 4 1 2 3 3 4 1 2 1 2 1 4 1 3 1 3 2 3 3 4 1 3 4 2 4 3 3 3 1 1 3 4 1 1 1 2 1 4 1 3 4 1 1 2 1 1 4 1 4 1 4 1 3 4 4 4 1 1 1 4 1 3
104 0.101091 3 2 3 3 4 3 1 3 3 3 3 3 4 1 3 2 2 1 3 3 1 4 2 3 3 3 2 1 1 4 1 2 1 4 4 1 2 3 3 4 1 2 1 2 1 4 1 3 1 3 2 3 3 4 1 3 4 2 4 3 3 3 1 1 3 4 1 1 1 2 1 4 1 3 4 1 1 2 1 1 4 1 4 1 4 1 3 4 4 4 1 1 1 4 1 3
104 0.012882 3 2 3 1 4 3 1 3 3 3 3 3 4 1 3 2 2 1 3 3 1 4 2 3 1 3 2 1 1 4 1 2 1 4 4 1 2 3 3 4 1 2 1 2 1 4 1 3 1 3 2 3 3 4 1 3 4 2 4 3 3 3 1 1 3 4 1 1 1 2 1 4 1 3 4 1 1 2 1 1 4 1 4 1 4 1 3 4 4 4 1 3 1 4 1 3
104 0.101091 3 2 3 3 4 3 1 3 3 3 3 3 4 1 3 2 2 1 3 3 1 4 2 3 1 3 2 1 1 4 1 2 1 4 4 1 2 3 3 4 1 2 1 2 1 4 1 3 1 1 2 3 3 4 1 3 4 2 4 3 3 3 1 1 3 4 1 1 1 2 1 4 1 3 4 1 1 2 1 1 4 1 4 3 4 1 3 4 4 4 1 1 1 4 1 3
104 0.012882 3 2 3 1 4 3 1 3 3 3 3 3 4 1 3 2 2 1 3 3 1 4 2 3 1 3 2 1 1 4 1 2 1 4 4 1 2 0 3 4 1 2 1 2 1 4 1 3 1 3 2 3 1 4 1 3 4 2 4 3 3 3 1 1 3 4 1 1 1 2 1 4 1 3 4 1 1 2 1 1 4 1 4 1 4 1 3 4 4 4 1 1 1 4 1 3
104 0.101091 3 2 3 3 4 3 1 3 3 3 3 3 4 1 3 2 2 1 3 3 1 4 2 3 1 3 2 3 1 4 1 2 1 4 4 1 2 3 3 4 1 2 1 2 1 4 1 3 1 3 2 3 3 4 1 3 4 2 4 3 3 3 1 1 3 4 1 1 1 2 1 4 1 3 4 1 1 2 1 1 4 1 4 1 4 1 1 4 4 4 1 1 1 4 1 1
104 0.012882 3 2 3 1 4 3 1 3 3 3 3 3 4 1 3 2 2 1 3 3 1 4 2 3 1 3 2 1 1 4 1 2 1 4 4 1 2 3 3 4 1 2 1 2 1 4 1 3 1 3 2 3 3 4 1 3 4 2 4 3 3 3 1 1 3 4 1 1 1 2 1 4 1 3 4 1 1 2 1 1 4 1 4 1 4 1 3 4 4 4 1 1 1 2 3 3
104 0.101091 3 2 3 3 4 3 1 3 3 3 3 3 4 1 3 2 2 3 3 3 1 4 2 3 1 3 2 1 1 4 1 2 1 4 4 1 2 3 1 4 1 2 1 2 1 4 1 3 1 3 2 3 3 4 1 3 4 2 4 3 3 3 1 1 3 4 1 1 1 2 1 4 1 3 4 1 1 2 1 1 4 1 4 1 4 1 3 4 4 4 1 1 1 4 1 3
104 0.012882 3 2 3 3 4 1 1 3 3 3 3 3 4 1 3 2 2 1 3 3 1 4 2 3 1 3 2 1 1 4 1 2 1 4 4 1 2 3 3 4 1 2 1 2 1 4 1 3 1 3 2 3 3 4 1 3 4 2 4 3 3 3 1 1 3 4 1 1 1 2 1 4 1 3 4 1 1 2 1 1 4 1 4 1 4 1 3 4 4 4 1 1 1 4 1 3
105 0.099594 3 2 3 3 4 3 1 3 1 3 3 3 4 1 3 2 1 3 3 3 1 4 2 3 1 3 2 1 1 4 1 2 1 4 4 1 2 3 3 4 1 2 1 2 1 4 1 3 1 3 2 3 3 4 1 1 4 2 4 3 3 3 1 1 3 4 1 1 1 2 1 4 1 3 4 1 1 2 1 1 4 1 4 1 4 1 3 4 4 4 1 1 1 4 1 3
105 0.099594 3 2 3 3 4 1 1 3 3 3 3 3 4 1 3 2 2 1 3 1 1 4 2 3 1 3 2 1 1 4 1 2 1 4 4 1 2 3 3 4 1 2 1 2 1 4 1 3 1 3 2 3 3 4 1 3 4 2 4 3 3 3 1 1 3 4 1 1 1 2 1 4 1 3 4 1 1 2 1 1 4 1 3 1 4 1 3 4 4 4 1 1 1 4 1 3
105 0.099594 3 2 3 3 4 3 1 3 3 3 3 3 4 1 3 2 2 1 3 3 1 4 2 3 1 3 2 1 1 4 1 2 1 4 4 1 2 3 3 4 1 2 1 2 1 4 1 3 1 3 2 3 3 4 1 3 4 2 4 3 3 3 1 1 3 4 1 1 1 2 1 4 1 3 4 1 1 2 1 1 4 1 4 1 4 1 3 4 4 4 1 1 1 4 1 3
105 0.099594 3 2 3 3 4 3 1 3 3 3 3 3 4 1 3 2 2 1 3 3 1 4 2 3 1 3 2 1 1 4 1 2 1 4 4 1 2 3 3 4 1 2 1 2 1 4 1 3 1 1 2 3 3 4 1 3 4 2 4 3 3 3 1 1 3 4 1 1 1 2 1 4 1 3 4 1 1 2 1 1 4 1 4 1 4 1 3 4 4 4 1 1 1 4 1 3
105 0.014807 3 2 3 3 4 3 1 3 3 3 3 3 4 1 3 2 1 3 3 3 1 4 4 3 1 1 1 1 1 4 1 2 1 4 1 3 2 3 3 4 1 2 1 2 1 4 1 3 3 3 2 3 3 4 1 3 4 2 4 3 3 3 1 1 3 4 1 1 1 2 1 4 1 3 4 1 1 2 1 1 4 1 4 1 4 1 3 4 4 4 1 1 1 4 1 3
105 0.014807 3 2 3 3 4 3 1 3 3 3 3 3 4 1 3 2 1 3 3 3 1 4 4 3 1 3 2 1 1 4 1 2 1 4 1 1 2 3 3 4 1 2 1 2 1 4 1 3 1 3 2 3 3 4 1 3 4 2 4 3 3 3 1 1 3 4 1 1 1 2 1 4 1 3 4 1 1 2 1 1 4 1 4 1 4 1 3 4 4 4 1 1 1 4 1 3
105 0.099594 3 2 3 3 4 3 1 3 3 3 3 3 4 1 3 2 1 3 3 3 1 4 2 3 1 3 2 1 1 4 1 2 1 4 4 1 2 3 3 4 1 2 1 2 3 4 1 3 1 3 2 3 3 4 1 3 4 2 4 3 3 3 1 1 3 4 1 1 1 2 1 4 1 3 4 1 1 2 1 1 4 1 4 1 2 1 3 3 4 4 1 1 1 4 1 3
105 0.014807 3 2 3 1 4 3 1 3 3 3 3 3 4 1 3 2 2 1 3 3 1 4 2 3 1 3 2 1 1 4 1 2 1 4 4 1 2 3 3 4 1 2 1 2 1 4 1 3 1 3 2 3 3 4 1 3 4 2 4 3 3 3 1 1 3 4 1 1 1 2 1 4 1 3 4 1 1 2 1 1 4 1 4 1 4 1 3 4 4 4 1 1 1 4 1 3
105 0.099594 3 2 3 3 4 3 1 3 3 3 3 3 4 1 3 2 2 1 3 3 1 4 2 3 3 3 2 1 1 4 1 2 1 4 4 1 2 3 3 4 1 2 1 2 1 4 1 3 1 3 2 3 3 4 1 3 4 2 4 3 3 3 1 1 3 4 1 1 1 2 1 4 1 3 4 1 1 2 1 1 4 1 4 1 4 1 3 4 4 4 1 1 1 4 1 3
105 0.014807 3 2 3 1 4 3 1 3 3 3 3 3 4 1 3 2 2 1 3 3 1 4 2 3 1 3 2 1 1 4 1 2 1 4 4 1 2 3 3 4 1 2 1 2 1 4 1 3 1 3 2 3 3 4 1 3 4 2 4 3 3 3 1 1 3 4 1 1 1 2 1 4 1 3 4 1 1 2 1 1 4 1 4 1 4 1 3 4 4 4 1 3 1 4 1 3
105 0.099594 3 2 3 3 4 3 1 3 3 3 3 3 4 1 3 2 2 1 3 3 1 4 2 3 1 3 2 1 1 4 1 2 1 4 4 1 2 3 3 4 1 2 1 2 1 4 1 3 1 1 2 3 3 4 1 3 4 2 4 3 3 3 1 1 3 4 1 1 1 2 1 4 1 3 4 1 1 2 1 1 4 1 4 3 4 1 3 4 4 4 1 1 1 4 1 3
105 0.014807 3 2 3 1 4 3 1 3 3 3 3 3 4 1 3 2 2 1 3 3 1 4 2 3 1 3 2 1 1 4 1 2 1 4 4 1 2 0 3 4 1 2 1 2 1 4 1 3 1 3 2 3 1 4 1 3 4 2 4 3 3 3 1 1 3 4 1 1 1 2 1 4 1 3 4 1 1 2 1 1 4 1 4 1 4 1 3 4 4 4 1 1 1 4 1 3
105 0.099594 3 2 3 3 4 3 1 3 3 3 3 3 4 1 3 2 2 1 3 3 1 4 2 3 1 3 2 3 1 4 1 2 1 4 4 1 2 3 3 4 1 2 1 2 1 4 1 3 1 3 2 3 3 4 1 3 4 2 4 3 3 3 1 1 3 4 1 1 1 2 1 4 1 3 4 1 1 2 1 1 4 1 4 1 4 1 1 4 4 4 1 1 1 4 1 1
105 0.014807 3 2 3 1 4 3 1 3 3 3 3 3 4 1 3 2 2 1 3 3 1 4 2 3 1 3 2 1 1 4 1 2 1 4 4 1 2 3 3 4 1 2 1 2 1 4 1 3 1 3 2 3 3 4 1 3 4 2 4 3 3 3 1 1 3 4 1 1 1 2 1 4 1 3 4 1 1 2 1 1 4 1 4 1 4 1 3 4 4 4 1 1 1 2 3 3
105 0.099594 3 2 3 3 4 3 1 3 3 3 3 3 4 1 3 2 2 3 3 3 1 4 2 3 1 3 2 1 1 4 1 2 1 4 4 1 2 3 1 4 1 2 1 2 1 4 1 3 1 3 2 3 3 4 1 3 4 2 4 3 3 3 1 1 3 4 1 1 1 2 1 4 1 3 4 1 1 2 1 1 4 1 4 1 4 1 3 4 4 4 1 1 1 4 1 3
105 0.014807 3 2 3 3 4 1 1 3 3 3 3 3 4 1 3 2 2 1 3 3 1 4 2 3 1 3 2 1 1 4 1 2 1 4 4 1 2 3 3 4 1 2 1 2 1 4 1 3 1 3 2 3 3 4 1 3 4 2 4 3 3 3 1 1 3 4 1 1 1 2 1 4 1 3 4 1 1 2 1 1 4 1 4 1 4 1 3 4 4 4 1 1 1 4 1 3
106 0.097918 3 2 3 3 4 3 1 3 1 3 3 3 4 1 3 2 1 3 3 3 1 4 2 3 1 3 2 1 1 4 1 2 1 4 4 1 2 3 3 4 1 2 1 2 1 4 1 3 1 3 2 3 3 4 1 1 4 2 4 3 3 3 1 1 3 4 1 1 1 2 1 4 1 3 4 1 1 2 1 1 4 1 4 1 4 1 3 4 4 4 1 1 1 4 1 3
106 0.097918 3 2 3 3 4 1 1 3 3 3 3 3 4 1 3 2 2 1 3 1 1 4 2 3 1 3 2 1 1 4 1 2 1 4 4 1 2 3 3 4 1 2 1 2 1 4 1 3 1 3 2 3 3 4 1 3 4 2 4 3 3 3 1 1 3 4 1 1 1 2 1 4 1 3 4 1 1 2 1 1 4 1 3 1 4 1 3 4 4 4 1 1 1 4 1 3
106 0.097918 3 2 3 3 4 3 1 3 3 3 3 3 4 1 3 2 2 1 3 3 1 4 2 3 1 3 2 1 1 4 1 2 1 4 4 1 2 3 3 4 1 2 1 2 1 4 1 3 1 3 2 3 3 4 1 3 4 2 4 3 3 3 1 1 3 4 1 1 1 2 1 4 1 3 4 1 1 2 1 1 4 1 4 1 4 1 3 4 4 4 1 1 1 4 1 3
106 0.097918 3 2 3 3 4 3 1 3 3 3 3 3 4 1 3 2 2 1 3 3 1 4 2 3 1 3 2 1 1 4 1 2 1 4 4 1 2 3 3 4 1 2 1 2 1 4 1 3 1 1 2 3 3 4 1 3 4 2 4 3 3 3 1 1 3 4 1 1 1 2 1 4 1 3 4 1 1 2 1 1 4 1 4 1 4 1 3 4 4 4 1 1 1 4 1 3
106 0.016963 3 2 3 3 4 3 1 3 3 3 3 3 4 1 3 2 1 3 3 3 1 4 4 3 1 1 1 1 1 4 1 2 1 4 1 3 2 3 3 4 1 2 1 2 1 4 1 3 3 3 2 3 3 4 1 3 4 2 4 3 3 3 1 1 3 4 1 1 1 2 1 4 1 3 4 1 1 2 1 1 4 1 4 1 4 1 3 4 4 4 1 1 1 4 1 3
106 0.016963 3 2 3 3 4 3 1 3 3 3 3 3 4 1 3 2 1 3 3 3 1 4 4 3 1 3 2 1 1 4 1 2 1 4 1 1 2 3 3 4 1 2 1 2 1 4 1 3 1 3 2 3 3 4 1 3 4 2 4 3 3 3 1 1 3 4 1 1 1 2 1 4 1 3 4 1 1 2 1 1 4 1 4 1 4 1 3 4 4 4 1 1 1 4 1 3
106 0.097918 3 2 3 3 4 3 1 3 3 3 3 3 4 1 3 2 1 3 3 3 1 4 2 3 1 3 2 1 1 4 1 2 1 4 4 1 2 3 3 4 1 2 1 2 3 4 1 3 1 3 2 3 3 4 1 3 4 2 4 3 3 3 1 1 3 4 1 1 1 2 1 4 1 3 4 1 1 2 1 1 4 1 4 1 2 1 3 3 4 4 1 1 1 4 1 3
106 0.016963 3 2 3 1 4 3 1 3 3 3 3 3 4 1 3 2 2 1 3 3 1 4 2 3 1 3 2 1 1 4 1 2 1 4 4 1 2 3 3 4 1 2 1 2 1 4 1 3 1 3 2 3 3 4 1 3 4 2 4 3 3 3 1 1 3 4 1 1 1 2 1 4 1 3 4 1 1 2 1 1 4 1 4 1 4 1 3 4 4 4 1 1 1 4 1 3
106 0.097918 3 2 3 3 4 3 1 3 3 3 3 3 4 1 3 2 2 1 3 3 1 4 2 3 3 3 2 1 1 4 1 2 1 4 4 1 2 3 3 4 1 2 1 2 1 4 1 3 1 3 2 3 3 4 1 3 4 2 4 3 3 3 1 1 3 4 1 1 1 2 1 4 1 3 4 1 1 2 1 1 4 1 4 1 4 1 3 4 4 4 1 1 1 4 1 3
106 0.016963 3 2 3 1 4 3 1 3 3 3 3 3 4 1 3 2 2 1 3 3 1 4 2 3 1 3 2 1 1 4 1 2 1 4 4 1 2 3 3 4 1 2 1 2 1 4 1 3 1 3 2 3 3 4 1 3 4 2 4 3 3 3 1 1 3 4 1 1 1 2 1 4 1 3 4 1 1 2 1 1 4 1 4 1 4 1 3 4 4 4 1 3 1 4 1 3
106 0.097918 3 2 3 3 4 3 1 3 3 3 3 3 4 1 3 2 2 1 3 3 1 4 2 3 1 3 2 1 1 4 1 2 1 4 4 1 2 3 3 4 1 2 1 2 1 4 1 3 1 1 2 3 3 4 1 3 4 2 4 3 3 3 1 1 3 4 1 1 1 2 1 4 1 3 4 1 1 2 1 1 4 1 4 3 4 1 3 4 4 4 1 1 1 4 1 3
106 0.016963 3 2 3 1 4 3 1 3 3 3 3 3 4 1 3 2 2 1 3 3 1 4 2 3 1 3 2 1 1 4 1 2 1 4 4 1 2 0 3 4 1 2 1 2 1 4 1 3 1 3 2 3 1 4 1 3 4 2 4 3 3 3 1 1 3 4 1 1 1 2 1 4 1 3 4 1 1 2 1 1 4 1 4 1 4 1 3 4 4 4 1 1 1 4 1 3
106 0.097918 3 2 3 3 4 3 1 3 3 3 3 3 4 1 3 2 2 1 3 3 1 4 2 3 1 3 2 3 1 4 1 2 1 4 4 1 2 3 3 4 1 2 1 2 1 4 1 3 1 3 2 3 3 4 1 3 4 2 4 3 3 3 1 1 3 4 1 1 1 2 1 4 1 3 4 1 1 2 1 1 4 1 4 1 4 1 1 4 4 4 1 1 1 4 1 1
106 0.016963 3 2 3 1 4 3 1 3 3 3 3 3 4 1 3 2 2 1 3 3 1 4 2 3 1 3 2 1 1 4 1 2 1 4 4 1 2 3 3 4 1 2 1 2 1 4 1 3 1 3 2 3 3 4 1 3 4 2 4 3 3 3 1 1 3 4 1 1 1 2 1 4 1 3 4 1 1 2 1 1 4 1 4 1 4 1 3 4 4 4 1 1 1 2 3 3
106 0.097918 3 2 3 3 4 3 1 3 3 3 3 3 4 1 3 2 2 3 3 3 1 4 2 3 1 3 2 1 1 4 1 2 1 4 4 1 2 3 1 4 1 2 1 2 1 4 1 3 1 3 2 3 3 4 1 3 4 2 4 3 3 3 1 1 3 4 1 1 1 2 1 4 1 3 4 1 1 2 1 1 4 1 4 1 4 1 3 4 4 4 1 1 1 4 1 3
106 0.016963 3 2 3 3 4 1 1 3 3 3 3 3 4 1 3 2 2 1 3 3 1 4 2 3 1 3 2 1 1 4 1 2 1 4 4 1 2 3 3 4 1 2 1 2 1 4 1 3 1 3 2 3 3 4 1 3 4 2 4 3 3 3 1 1 3 4 1 1 1 2 1 4 1 3 4 1 1 2 1 1 4 1 4 1 4 1 3 4 4 4 1 1 1 4 1 3
107 0.096048 3 2 3 3 4 3 1 3 1 3 3 3 4 1 3 2 1 3 3 3 1 4 2 3 1 3 2 1 1 4 1 2 1 4 4 1 2 3 3 4 1 2 1 2 1 4 1 3 1 3 2 3 3 4 1 1 4 2 4 3 3 3 1 1 3 4 1 1 1 2 1 4 1 3 4 1 1 2 1 1 4 1 4 1 4 1 3 4 4 4 1 1 1 4 1 3
107 0.096048 3 2 3 3 4 1 1 3 3 3 3 3 4 1 3 2 2 1 3 1 1 4 2 3 1 3 2 1 1 4 1 2 1 4 4 1 2 3 3 4 1 2 1 2 1 4 1 3 1 3 2 3 3 4 1 3 4 2 4 3 3 3 1 1 3 4 1 1 1 2 1 4 1 3 4 1 1 2 1 1 4 1 3 1 4 1 3 4 4 4 1 1 1 4 1 3
107 0.096048 3 2 3 3 4 3 1 3 3 3 3 3 4 1 3 2 2 1 3 3 1 4 2 3 1 3 2 1 1 4 1 2 1 4 4 1 2 3 3 4 1 2 1 2 1 4 1 3 1 3 2 3 3 4 1 3 4 2 4 3 3 3 1 1 3 4 1 1 1 2 1 4 1 3 4 1 1 2 1 1 4 1 4 1 4 1 3 4 4 4 1 1 1 4 1 3
107 0.096048 3 2 3 3 4 3 1 3 3 3 3 3 4 1 3 2 2 1 3 3 1 4 2 3 1 3 2 1 1 4 1 2 1 4 4 1 2 3 3 4 1 2 1 2 1 4 1 3 1 1 2 3 3 4 1 3 4 2 4 3 3 3 1 1 3 4 1 1 1 2 1 4 1 3 4 1 1 2 1 1 4 1 4 1 4 1 3 4 4 4 1 1 1 4 1 3
107 0.019367 3 2 3 3 4 3 1 3 3 3 3 3 4 1 3 2 1 3 3 3 1 4 4 3 1 1 1 1 1 4 1 2 1 4 1 3 2 3 3 4 1 2 1 2 1 4 1 3 3 3 2 3 3 4 1 3 4 2 4 3 3 3 1 1 3 4 1 1 1 2 1 4 1 3 4 1 1 2 1 1 4 1 4 1 4 1 3 4 4 4 1 1 1 4 1 3
107 0.019367 3 2 3 3 4 3 1 3 3 3 3 3 4 1 3 2 1 3 3 3 1 4 4 3 1 3 2 1 1 4 1 2 1 4 1 1 2 3 3 4 1 2 1 2 1 4 1 3 1 3 2 3 3 4 1 3 4 2 4 3 3 3 1 1 3 4 1 1 1 2 1 4 1 3 4 1 1 2 1 1 4 1 4 1 4 1 3 4 4 4 1 1 1 4 1 3
107 0.096048 3 2 3 3 4 3 1 3 3 3 3 3 4 1 3 2 1 3 3 3 1 4 2 3 1 3 2 1 1 4 1 2 1 4 4 1 2 3 3 4 1 2 1 2 3 4 1 3 1 3 2 3 3 4 1 3 4 2 4 3 3 3 1 1 3 4 1 1 1 2 1 4 1 3 4 1 1 2 1 1 4 1 4 1 2 1 3 3 4 4 1 1 1 4 1 3
107 0.019367 3 2 3 1 4 3 1 3 3 3 3 3 4 1 3 2 2 1 3 3 1 4 2 3 1 3 2 1 1 4 1 2 1 4 4 1 2 3 3 4 1 2 1 2 1 4 1 3 1 3 2 3 3 4 1 3 4 2 4 3 3 3 1 1 3 4 1 1 1 2 1 4 1 3 4 1 1 2 1 1 4 1 4 1 4 1 3 4 4 4 1 1 1 4 1 3
107 0.096048 3 2 3 3 4 3 1 3 3 3 3 3 4 1 3 2 2 1 3 3 1 4 2 3 3 3 2 1 1 4 1 2 1 4 4 1 2 3 3 4 1 2 1 2 1 4 1 3 1 3 2 3 3 4 1 3 4 2 4 3 3 3 1 1 3 4 1 1 1 2 1 4 1 3 4 1 1 2 1 1 4 1 4 1 4 1 3 4 4 4 1 1 1 4 1 3
107 0.019367 3 2 3 1 4 3 1 3 3 3 3 3 4 1 3 2 2 1 3 3 1 4 2 3 1 3 2 1 1 4 1 2 1 4 4 1 2 3 3 4 1 2 1 2 1 4 1 3 1 3 2 3 3 4 1 3 4 2 4 3 3 3 1 1 3 4 1 1 1 2 1 4 1 3 4 1 1 2 1 1 4 1 4 1 4 1 3 4 4 4 1 3 1 4 1 3
107 0.096048 3 2 3 3 4 3 1 3 3 3 3 3 4 1 3 2 2 1 3 3 1 4 2 3 1 3 2 1 1 4 1 2 1 4 4 1 2 3 3 4 1 2 1 2 1 4 1 3 1 1 2 3 3 4 1 3 4 2 4 3 3 3 1 1 3 4 1 1 1 2 1 4 1 3 4 1 1 2 1 1 4 1 4 3 4 1 3 4 4 4 1 1 1 4 1 3
107 0.019367 3 2 3 1 4 3 1 3 3 3 3 3 4 1 3 2 2 1 3 3 1 4 2 3 1 3 2 1 1 4 1 2 1 4 4 1 2 0 3 4 1 2 1 2 1 4 1 3 1 3 2 3 1 4 1 3 4 2 4 3 3 3 1 1 3 4 1 1 1 2 1 4 1 3 4 1 1 2 1 1 4 1 4 1 4 1 3 4 4 4 1 1 1 4 1 3
107 0.096048 3 2 3 3 4 3 1 3 3 3 3 3 4 1 3 2 2 1 3 3 1 4 2 3 1 3 2 3 1 4 1 2 1 4 4 1 2 3 3 4 1 2 1 2 1 4 1 3 1 3 2 3 3 4 1 3 4 2 4 3 3 3 1 1 3 4 1 1 1 2 1 4 1 3 4 1 1 2 1 1 4 1 4 1 4 1 1 4 4 4 1 1 1 4 1 1
107 0.019367 3 2 3 1 4 3 1 3 3 3 3 3 4 1 3 2 2 1 3 3 1 4 2 3 1 3 2 1 1 4 1 2 1 4 4 1 2 3 3 4 1 2 1 2 1 4 1 3 1 3 2 3 3 4 1 3 4 2 4 3 3 3 1 1 3 4 1 1 1 2 1 4 1 3 4 1 1 2 1 1 4 1 4 1 4 1 3 4 4 4 1 1 1 2 3 3
107 0.096048 3 2 3 3 4 3 1 3 3 3 3 3 4 1 3 2 2 3 3 3 1 4 2 3 1 3 2 1 1 4 1 2 1 4 4 1 2 3 1 4 1 2 1 2 1 4 1 3 1 3 2 3 3 4 1 3 4 2 4 3 3 3 1 1 3 4 1 1 1 2 1 4 1 3 4 1 1 2 1 1 4 1 4 1 4 1 3 4 4 4 1 1 1 4 1 3
107 0.019367 3 2 3 3 4 1 1 3 3 3 3 3 4 1 3 2 2 1 3 3 1 4 2 3 1 3 2 1 1 4 1 2 1 4 4 1 2 3 3 4 1 2 1 2 1 4 1 3 1 3 2 3 3 4 1 3 4 2 4 3 3 3 1 1 3 4 1 1 1 2 1 4 1 3 4 1 1 2 1 1 4 1 4 1 4 1 3 4 4 4 1 1 1 4 1 3
108 0.093973 3 2 3 3 4 3 1 3 1 3 3 3 4 1 3 2 1 3 3 3 1 4 2 3 1 3 2 1 1 4 1 2 1 4 4 1 2 3 3 4 1 2 1 2 1 4 1 3 1 3 2 3 3 4 1 1 4 2 4 3 3 3 1 1 3 4 1 1 1 2 1 4 1 3 4 1 1 2 1 1 4 1 4 1 4 1 3 4 4 4 1 1 1 4 1 3
108 0.093973 3 2 3 3 4 1 1 3 3 3 3 3 4 1 3 2 2 1 3 1 1 4 2 3 1 3 2 1 1 4 1 2 1 4 4 1 2 3 3 4 1 2 1 2 1 4 1 3 1 3 2 3 3 4 1 3 4 2 4 3 3 3 1 1 3 4 1 1 1 2 1 4 1 3 4 1 1 2 1 1 4 1 3 1 4 1 3 4 4 4 1 1 1 4 1 3
108 0.093973 3 2 3 3 4 3 1 3 3 3 3 3 4 1 3 2 2 1 3 3 1 4 2 3 1 3 2 1 1 4 1 2 1 4 4 1 2 3 3 4 1 2 1 2 1 4 1 3 1 3 2 3 3 4 1 3 4 2 4 3 3 3 1 1 3 4 1 1 1 2 1 4 1 3 4 1 1 2 1 1 4 1 4 1 4 1 3 4 4 4 1 1 1 4 1 3
108 0.093973 3 2 3 3 4 3 1 3 3 3 3 3 4 1 3 2 2 1 3 3 1 4 2 3 1 3 2 1 1 4 1 2 1 4 4 1 2 3 3 4 1 2 1 2 1 4 1 3 1 1 2 3 3 4 1 3 4 2 4 3 3 3 1 1 3 4 1 1 1 2 1 4 1 3 4 1 1 2 1 1 4 1 4 1 4 1 3 4 4 4 1 1 1 4 1 3
108 0.022034 3 2 3 3 4 3 1 3 3 3 3 3 4 1 3 2 1 3 3 3 1 4 4 3 1 1 1 1 1 4 1 2 1 4 1 3 2 3 3 4 1 2 1 2 1 4 1 3 3 3 2 3 3 4 1 3 4 2 4 3 3 3 1 1 3 4 1 1 1 2 1 4 1 3 4 1 1 2 1 1 4 1 4 1 4 1 3 4 4 4 1 1 1 4 1 3
108 0.022034 3 2 3 3 4 3 1 3 3 3 3 3 4 1 3 2 1 3 3 3 1 4 4 3 1 3 2 1 1 4 1 2 1 4 1 1 2 3 3 4 1 2 1 2 1 4 1 3 1 3 2 3 3 4 1 3 4 2 4 3 3 3 1 1 3 4 1 1 1 2 1 4 1 3 4 1 1 2 1 1 4 1 4 1 4 1 3 4 4 4 1 1 1 4 1 3
108 0.093973 3 2 3 3 4 3 1 3 3 3 3 3 4 1 3 2 1 3 3 3 1 4 2 3 1 3 2 1 1 4 1 2 1 4 4 1 2 3 3 4 1 2 1 2 3 4 1 3 1 3 2 3 3 4 1 3 4 2 4 3 3 3 1 1 3 4 1 1 1 2 1 4 1 3 4 1 1 2 1 1 4 1 4 1 2 1 3 3 4 4 1 1 1 4 1 3
108 0.022034 3 2 3 1 4 3 1 3 3 3 3 3 4 1 3 2 2 1 3 3 1 4 2 3 1 3 2 1 1 4 1 2 1 4 4 1 2 3 3 4 1 2 1 2 1 4 1 3 1 3 2 3 3 4 1 3 4 2 4 3 3 3 1 1 3 4 1 1 1 2 1 4 1 3 4 1 1 2 1 1 4 1 4 1 4 1 3 4 4 4 1 1 1 4 1 3
108 0.093973 3 2 3 3 4 3 1 3 3 3 3 3 4 1 3 2 2 1 3 3 1 4 2 3 3 3 2 1 1 4 1 2 1 4 4 1 2 3 3 4 1 2 1 2 1 4 1 3 1 3 2 3 3 4 1 3 4 2 4 3 3 3 1 1 3 4 1 1 1 2 1 4 1 3 4 1 1 2 1 1 4 1 4 1 4 1 3 4 4 4 1 1 1 4 1 3
108 0.022034 3 2 3 1 4 3 1 3 3 3 3 3 4 1 3 2 2 1 3 3 1 4 2 3 1 3 2 1 1 4 1 2 1 4 4 1 2 3 3 4 1 2 1 2 1 4 1 3 1 3 2 3 3 4 1 3 4 2 4 3 3 3 1 1 3 4 1 1 1 2 1 4 1 3 4 1 1 2 1 1 4 1 4 1 4 1 3 4 4 4 1 3 1 4 1 3
108 0.093973 3 2 3 3 4 3 1 3 3 3 3 3 4 1 3 2 2 1 3 3 1 4 2 3 1 3 2 1 1 4 1 2 1 4 4 1 2 3 3 4 1 2 1 2 1 4 1 3 1 1 2 3 3 4 1 3 4 2 4 3 3 3 1 1 3 4 1 1 1 2 1 4 1 3 4 1 1 2 1 1 4 1 4 3 4 1 3 4 4 4 1 1 1 4 1 3
108 0.022034 3 2 3 1 4 3 1 3 3 3 3 3 4 1 3 2 2 1 3 3 1 4 2 3 1 3 2 1 1 4 1 2 1 4 4 1 2 0 3 4 1 2 1 2 1 4 1 3 1 3 2 3 1 4 1 3 4 2 4 3 3 3 1 1 3 4 1 1 1 2 1 4 1 3 4 1 1 2 1 1 4 1 4 1 4 1 3 4 4 4 1 1 1 4 1 3
108 0.093973 3 2 3 3 4 3 1 3 3 3 3 3 4 1 3 2 2 1 3 3 1 4 2 3 1 3 2 3 1 4 1 2 1 4 4 1 2 3 3 4 1 2 1 2 1 4 1 3 1 3 2 3 3 4 1 3 4 2 4 3 3 3 1 1 3 4 1 1 1 2 1 4 1 3 4 1 1 2 1 1 4 1 4 1 4 1 1 4 4 4 1 1 1 4 1 1
108 0.022034 3 2 3 1 4 3 1 3 3 3 3 3 4 1 3 2 2 1 3 3 1 4 2 3 1 3 2 1 1 4 1 2 1 4 4 1 2 3 3 4 1 2 1 2 1 4 1 3 1 3 2 3 3 4 1 3 4 2 4 3 3 3 1 1 3 4 1 1 1 2 1 4 1 3 4 1 1 2 1 1 4 1 4 1 4 1 3 4 4 4 1 1 1 2 3 3
108 0.093973 3 2 3 3 4 3 1 3 3 3 3 3 4 1 3 2 2 3 3 3 1 4 2 3 1 3 2 1 1 4 1 2 1 4 4 1 2 3 1 4 1 2 1 2 1 4 1 3 1 3 2 3 3 4 1 3 4 2 4 3 3 3 1 1 3 4 1 1 1 2 1 4 1 3 4 1 1 2 1 1 4 1 4 1 4 1 3 4 4 4 1 1 1 4 1 3
108 0.022034 3 2 3 3 4 1 1 3 3 3 3 3 4 1 3 2 2 1 3 3 1 4 2 3 1 3 2 1 1 4 1 2 1 4 4 1 2 3 3 4 1 2 1 2 1 4 1 3 1 3 2 3 3 4 1 3 4 2 4 3 3 3 1 1 3 4 1 1 1 2 1 4 1 3 4 1 1 2 1 1 4 1 4 1 4 1 3 4 4 4 1 1 1 4 1 3
109 0.091683 3 2 3 3 4 3 1 3 1 3 3 3 4 1 3 2 1 3 3 3 1 4 2 3 1 3 2 1 1 4 1 2 1 4 4 1 2 3 3 4 1 2 1 2 1 4 1 3 1 3 2 3 3 4 1 1 4 2 4 3 3 3 1 1 3 4 1 1 1 2 1 4 1 3 4 1 1 2 1 1 4 1 4 1 4 1 3 4 4 4 1 1 1 4 1 3
109 0.091683 3 2 3 3 4 1 1 3 3 3 3 3 4 1 3 2 2 1 3 1 1 4 2 3 1 3 2 1 1 4 1 2 1 4 4 1 2 3 3 4 1 2 1 2 1 4 1 3 1 3 2 3 3 4 1 3 4 2 4 3 3 3 1 1 3 4 1 1 1 2 1 4 1 3 4 1 1 2 1 1 4 1 3 1 4 1 3 4 4 4 1 1 1 4 1 3
109 0.091683 3 2 3 3 4 3 1 3 3 3 3 3 4 1 3 2 2 1 3 3 1 4 2 3 1 3 2 1 1 4 1 2 1 4 4 1 2 3 3 4 1 2 1 2 1 4 1 3 1 3 2 3 3 4 1 3 4 2 4 3 3 3 1 1 3 4 1 1 1 2 1 4 1 3 4 1 1 2 1 1 4 1 4 1 4 1 3 4 4 4 1 1 1 4 1 3
109 0.091683 3 2 3 3 4 3 1 3 3 3 3 3 4 1 3 2 2 1 3 3 1 4 2 3 1 3 2 1 1 4 1 2 1 4 4 1 2 3 3 4 1 2 1 2 1 4 1 3 1 1 2 3 3 4 1 3 4 2 4 3 3 3 1 1 3 4 1 1 1 2 1 4 1 3 4 1 1 2 1 1 4 1 4 1 4 1 3 4 4 4 1 1 1 4 1 3
109 0.024979 3 2 3 3 4 3 1 3 3 3 3 3 4 1 3 2 1 3 3 3 1 4 4 3 1 1 1 1 1 4 1 2 1 4 1 3 2 3 3 4 1 2 1 2 1 4 1 3 3 3 2 3 3 4 1 3 4 2 4 3 3 3 1 1 3 4 1 1 1 2 1 4 1 3 4 1 1 2 1 1 4 1 4 1 4 1 3 4 4 4 1 1 1 4 1 3
109 0.024979 3 2 3 3 4 3 1 3 3 3 3 3 4 1 3 2 1 3 3 3 1 4 4 3 1 3 2 1 1 4 1 2 1 4 1 1 2 3 3 4 1 2 1 2 1 4 1 3 1 3 2 3 3 4 1 3 4 2 4 3 3 3 1 1 3 4 1 1 1 2 1 4 1 3 4 1 1 2 1 1 4 1 4 1 4 1 3 4 4 4 1 1 1 4 1 3
109 0.091683 3 2 3 3 4 3 1 3 3 3 3 3 4 1 3 2 1 3 3 3 1 4 2 3 1 3 2 1 1 4 1 2 1 4 4 1 2 3 3 4 1 2 1 2 3 4 1 3 1 3 2 3 3 4 1 3 4 2 4 3 3 3 1 1 3 4 1 1 1 2 1 4 1 3 4 1 1 2 1 1 4 1 4 1 2 1 3 3 4 4 1 1 1 4 1 3
109 0.024979 3 2 3 1 4 3 1 3 3 3 3 3 4 1 3 2 2 1 3 3 1 4 2 3 1 3 2 1 1 4 1 2 1 4 4 1 2 3 3 4 1 2 1 2 1 4 1 3 1 3 2 3 3 4 1 3 4 2 4 3 3 3 1 1 3 4 1 1 1 2 1 4 1 3 4 1 1 2 1 1 4 1 4 1 4 1 3 4 4 4 1 1 1 4 1 3
109 0.091683 3 2 3 3 4 3 1 3 3 3 3 3 4 1 3 2 2 1 3 3 1 4 2 3 3 3 2 1 1 4 1 2 1 4 4 1 2 3 3 4 1 2 1 2 1 4 1 3 1 3 2 3 3 4 1 3 4 2 4 3 3 3 1 1 3 4 1 1 1 2 1 4 1 3 4 1 1 2 1 1 4 1 4 1 4 1 3 4 4 4 1 1 1 4 1 3
109 0.024979 3 2 3 1 4 3 1 3 3 3 3 3 4 1 3 2 2 1 3 3 1 4 2 3 1 3 2 1 1 4 1 2 1 4 4 1 2 3 3 4 1 2 1 2 1 4 1 3 1 3 2 3 3 4 1 3 4 2 4 3 3 3 1 1 3 4 1 1 1 2 1 4 1 3 4 1 1 2 1 1 4 1 4 1 4 1 3 4 4 4 1 3 1 4 1 3
109 0.091683 3 2 3 3 4 3 1 3 3 3 3 3 4 1 3 2 2 1 3 3 1 4 2 3 1 3 2 1 1 4 1 2 1 4 4 1 2 3 3 4 1 2 1 2 1 4 1 3 1 1 2 3 3 4 1 3 4 2 4 3 3 3 1 1 3 4 1 1 1 2 1 4 1 3 4 1 1 2 1 1 4 1 4 3 4 1 3 4 4 4 1 1 1 4 1 3
109 0.024979 3 2 3 1 4 3 1 3 3 3 3 3 4 1 3 2 2 1 3 3 1 4 2 3 1 3 2 1 1 4 1 2 1 4 4 1 2 0 3 4 1 2 1 2 1 4 1 3 1 3 2 3 1 4 1 3 4 2 4 3 3 3 1 1 3 4 1 1 1 2 1 4 1 3 4 1 1 2 1 1 4 1 4 1 4 1 3 4 4 4 1 1 1 4 1 3
109 0.091683 3 2 3 3 4 3 1 3 3 3 3 3 4 1 3 2 2 1 3 3 1 4 2 3 1 3 2 3 1 4 1 2 1 4 4 1 2 3 3 4 1 2 1 2 1 4 1 3 1 3 2 3 3 4 1 3 4 2 4 3 3 3 1 1 3 4 1 1 1 2 1 4 1 3 4 1 1 2 1 1 4 1 4 1 4 1 1 4 4 4 1 1 1 4 1 1
109 0.024979 3 2 3 1 4 3 1 3 3 3 3 3 4 1 3 2 2 1 3 3 1 4 2 3 1 3 2 1 1 4 1 2 1 4 4 1 2 3 3 4 1 2 1 2 1 4 1 3 1 3 2 3 3 4 1 3 4 2 4 3 3 3 1 1 3 4 1 1 1 2 1 4 1 3 4 1 1 2 1 1 4 1 4 1 4 1 3 4 4 4 1 1 1 2 3 3
109 0.091683 3 2 3 3 4 3 1 3 3 3 3 3 4 1 3 2 2 3 3 3 1 4 2 3 1 3 2 1 1 4 1 2 1 4 4 1 2 3 1 4 1 2 1 2 1 4 1 3 1 3 2 3 3 4 1 3 4 2 4 3 3 3 1 1 3 4 1 1 1 2 1 4 1 3 4 1 1 2 1 1 4 1 4 1 4 1 3 4 4 4 1 1 1 4 1 3
109 0.024979 3 2 3 3 4 1 1 3 3 3 3 3 4 1 3 2 2 1 3 3 1 4 2 3 1 3 2 1 1 4 1 2 1 4 4 1 2 3 3 4 1 2 1 2 1 4 1 3 1 3 2 3 3 4 1 3 4 2 4 3 3 3 1 1 3 4 1 1 1 2 1 4 1 3 4 1 1 2 1 1 4 1 4 1 4 1 3 4 4 4 1 1 1 4 1 3
110 0.089170 3 2 3 3 4 3 1 3 1 3 3 3 4 1 3 2 1 3 3 3 1 4 2 3 1 3 2 1 1 4 1 2 1 4 4 1 2 3 3 4 1 2 1 2 1 4 1 3 1 3 2 3 3 4 1 1 4 2 4 3 3 3 1 1 3 4 1 1 1 2 1 4 1 3 4 1 1 2 1 1 4 1 4 1 4 1 3 4 4 4 1 1 1 4 1 3
110 0.089170 3 2 3 3 4 1 1 3 3 3 3 3 4 1 3 2 2 1 3 1 1 4 2 3 1 3 2 1 1 4 1 2 1 4 4 1 2 3 3 4 1 2 1 2 1 4 1 3 1 3 2 3 3 4 1 3 4 2 4 3 3 3 1 1 3 4 1 1 1 2 1 4 1 3 4 1 1 2 1 1 4 1 3 1 4 1 3 4 4 4 1 1 1 4 1 3
110 0.089170 3 2 3 3 4 3 1 3 3 3 3 3 4 1 3 2 2 1 3 3 1 4 2 3 1 3 2 1 1 4 1 2 1 4 4 1 2 3 3 4 1 2 1 2 1 4 1 3 1 3 2 3 3 4 1 3 4 2 4 3 3 3 1 1 3 4 1 1 1 2 1 4 1 3 4 1 1 2 1 1 4 1 4 1 4 1 3 4 4 4 1 1 1 4 1 3
110 0.089170 3 2 3 3 4 3 1 3 3 3 3 3 4 1 3 2 2 1 3 3 1 4 2 3 1 3 2 1 1 4 1 2 1 4 4 1 2 3 3 4 1 2 1 2 1 4 1 3 1 1 2 3 3 4 1 3 4 2 4 3 3 3 1 1 3 4 1 1 1 2 1 4 1 3 4 1 1 2 1 1 4 1 4 1 4 1 3 4 4 4 1 1 1 4 1 3
110 0.028210 3 2 3 3 4 3 1 3 3 3 3 3 4 1 3 2 1 3 3 3 1 4 4 3 1 1 1 1 1 4 1 2 1 4 1 3 2 3 3 4 1 2 1 2 1 4 1 3 3 3 2 3 3 4 1 3 4 2 4 3 3 3 1 1 3 4 1 1 1 2 1 4 1 3 4 1 1 2 1 1 4 1 4 1 4 1 3 4 4 4 1 1 1 4 1 3
110 0.028210 3 2 3 3 4 3 1 3 3 3 3 3 4 1 3 2 1 3 3 3 1 4 4 3 1 3 2 1 1 4 1 2 1 4 1 1 2 3 3 4 1 2 1 2 1 4 1 3 1 3 2 3 3 4 1 3 4 2 4 3 3 3 1 1 3 4 1 1 1 2 1 4 1 3 4 1 1 2 1 1 4 1 4 1 4 1 3 4 4 4 1 1 1 4 1 3
110 0.089170 3 2 3 3 4 3 1 3 3 3 3 3 4 1 3 2 1 3 3 3 1 4 2 3 1 3 2 1 1 4 1 2 1 4 4 1 2 3 3 4 1 2 1 2 3 4 1 3 1 3 2 3 3 4 1 3 4 2 4 3 3 3 1 1 3 4 1 1 1 2 1 4 1 3 4 1 1 2 1 1 4 1 4 1 2 1 3 3 4 4 1 1 1 4 1 3
110 0.028210 3 2 3 1 4 3 1 3 3 3 3 3 4 1 3 2 2 1 3 3 1 4 2 3 1 3 2 1 1 4 1 2 1 4 4 1 2 3 3 4 1 2 1 2 1 4 1 3 1 3 2 3 3 4 1 3 4 2 4 3 3 3 1 1 3 4 1 1 1 2 1 4 1 3 4 1 1 2 1 1 4 1 4 1 4 1 3 4 4 4 1 1 1 4 1 3
110 0.089170 3 2 3 3 4 3 1 3 3 3 3 3 4 1 3 2 2 1 3 3 1 4 2 3 3 3 2 1 1 4 1 2 1 4 4 1 2 3 3 4 1 2 1 2 1 4 1 3 1 3 2 3 3 4 1 3 4 2 4 3 3 3 1 1 3 4 1 1 1 2 1 4 1 3 4 1 1 2 1 1 4 1 4 1 4 1 3 4 4 4 1 1 1 4 1 3
110 0.028210 3 2 3 1 4 3 1 3 3 3 3 3 4 1 3 2 2 1 3 3 1 4 2 3 1 3 2 1 1 4 1 2 1 4 4 1 2 3 3 4 1 2 1 2 1 4 1 3 1 3 2 3 3 4 1 3 4 2 4 3 3 3 1 1 3 4 1 1 1 2 1 4 1 3 4 1 1 2 1 1 4 1 4 1 4 1 3 4 4 4 1 3 1 4 1 3
110 0.089170 3 2 3 3 4 3 1 3 3 3 3 3 4 1 3 2 2 1 3 3 1 4 2 3 1 3 2 1 1 4 1 2 1 4 4 1 2 3 3 4 1 2 1 2 1 4 1 3 1 1 2 3 3 4 1 3 4 2 4 3 3 3 1 1 3 4 1 1 1 2 1 4 1 3 4 1 1 2 1 1 4 1 4 3 4 1 3 4 4 4 1 1 1 4 1 3
110 0.028210 3 2 3 1 4 3 1 3 3 3 3 3 4 1 3 2 2 1 3 3 1 4 2 3 1 3 2 1 1 4 1 2 1 4 4 1 2 0 3 4 1 2 1 2 1 4 1 3 1 3 2 3 1 4 1 3 4 2 4 3 3 3 1 1 3 4 1 1 1 2 1 4 1 3 4 1 1 2 1 1 4 1 4 1 4 1 3 4 4 4 1 1 1 4 1 3
110 0.089170 3 2 3 3 4 3 1 3 3 3 3 3 4 1 3 2 2 1 3 3 1 4 2 3 1 3 2 3 1 4 1 2 1 4 4 1 2 3 3 4 1 2 1 2 1 4 1 3 1 3 2 3 3 4 1 3 4 2 4 3 3 3 1 1 3 4 1 1 1 2 1 4 1 3 4 1 1 2 1 1 4 1 4 1 4 1 1 4 4 4 1 1 1 4 1 1
110 0.028210 3 2 3 1 4 3 1 3 3 3 3 3 4 1 3 2 2 1 3 3 1 4 2 3 1 3 2 1 1 4 1 2 1 4 4 1 2 3 3 4 1 2 1 2 1 4 1 3 1 3 2 3 3 4 1 3 4 2 4 3 3 3 1 1 3 4 1 1 1 2 1 4 1 3 4 1 1 2 1 1 4 1 4 1 4 1 3 4 4 4 1 1 1 2 3 3
110 0.089170 3 2 3 3 4 3 1 3 3 3 3 3 4 1 3 2 2 3 3 3 1 4 2 3 1 3 2 1 1 4 1 2 1 4 4 1 2 3 1 4 1 2 1 2 1 4 1 3 1 3 2 3 3 4 1 3 4 2 4 3 3 3 1 1 3 4 1 1 1 2 1 4 1 3 4 1 1 2 1 1 4 1 4 1 4 1 3 4 4 4 1 1 1 4 1 3
110 0.028210 3 2 3 3 4 1 1 3 3 3 3 3 4 1 3 2 2 1 3 3 1 4 2 3 1 3 2 1 1 4 1 2 1 4 4 1 2 3 3 4 1 2 1 2 1 4 1 3 1 3 2 3 3 4 1 3 4 2 4 3 3 3 1 1 3 4 1 1 1 2 1 4 1 3 4 1 1 2 1 1 4 1 4 1 4 1 3 4 4 4 1 1 1 4 1 3
111 0.086430 3 2 3 3 4 3 1 3 1 3 3 3 4 1 3 2 1 3 3 3 1 4 2 3 1 3 2 1 1 4 1 2 1 4 4 1 2 3 3 4 1 2 1 2 1 4 1 3 1 3 2 3 3 4 1 1 4 2 4 3 3 3 1 1 3 4 1 1 1 2 1 4 1 3 4 1 1 2 1 1 4 1 4 1 4 1 3 4 4 4 1 1 1 4 1 3
111 0.086430 3 2 3 3 4 1 1 3 3 3 3 3 4 1 3 2 2 1 3 1 1 4 2 3 1 3 2 1 1 4 1 2 1 4 4 1 2 3 3 4 1 2 1 2 1 4 1 3 1 3 2 3 3 4 1 3 4 2 4 3 3 3 1 1 3 4 1 1 1 2 1 4 1 3 4 1 1 2 1 1 4 1 3 1 4 1 3 4 4 4 1 1 1 4 1 3
111 0.086430 3 2 3 3 4 3 1 3 3 3 3 3 4 1 3 2 2 1 3 3 1 4 2 3 1 3 2 1 1 4 1 2 1 4 4 1 2 3 3 4 1 2 1 2 1 4 1 3 1 3 2 3 3 4 1 3 4 2 4 3 3 3 1 1 3 4 1 1 1 2 1 4 1 3 4 1 1 2 1 1 4 1 4 1 4 1 3 4 4 4 1 1 1 4 1 3
111 0.086430 3 2 3 3 4 3 1 3 3 3 3 3 4 1 3 2 2 1 3 3 1 4 2 3 1 3 2 1 1 4 1 2 1 4 4 1 2 3 3 4 1 2 1 2 1 4 1 3 1 1 2 3 3 4 1 3 4 2 4 3 3 3 1 1 3 4 1 1 1 2 1 4 1 3 4 1 1 2 1 1 4 1 4 1 4 1 3 4 4 4 1 1 1 4 1 3
111 0.031733 3 2 3 3 4 3 1 3 3 3 3 3 4 1 3 2 1 3 3 3 1 4 4 3 1 1 1 1 1 4 1 2 1 4 1 3 2 3 3 4 1 2 1 2 1 4 1 3 3 3 2 3 3 4 1 3 4 2 4 3 3 3 1 1 3 4 1 1 1 2 1 4 1 3 4 1 1 2 1 1 4 1 4 1 4 1 3 4 4 4 1 1 1 4 1 3
111 0.031733 3 2 3 3 4 3 1 3 3 3 3 3 4 1 3 2 1 3 3 3 1 4 4 3 1 3 2 1 1 4 1 2 1 4 1 1 2 3 3 4 1 2 1 2 1 4 1 3 1 3 2 3 3 4 1 3 4 2 4 3 3 3 1 1 3 4 1 1 1 2 1 4 1 3 4 1 1 2 1 1 4 1 4 1 4 1 3 4 4 4 1 1 1 4 1 3
111 0.086430 3 2 3 3 4 3 1 3 3 3 3 3 4 1 3 2 1 3 3 3 1 4 2 3 1 3 2 1 1 4 1 2 1 4 4 1 2 3 3 4 1 2 1 2 3 4 1 3 1 3 2 3 3 4 1 3 4 2 4 3 3 3 1 1 3 4 1 1 1 2 1 4 1 3 4 1 1 2 1 1 4 1 4 1 2 1 3 3 4 4 1 1 1 4 1 3
111 0.031733 3 2 3 1 4 3 1 3 3 3 3 3 4 1 3 2 2 1 3 3 1 4 2 3 1 3 2 1 1 4 1 2 1 4 4 1 2 3 3 4 1 2 1 2 1 4 1 3 1 3 2 3 3 4 1 3 4 2 4 3 3 3 1 1 3 4 1 1 1 2 1 4 1 3 4 1 1 2 1 1 4 1 4 1 4 1 3 4 4 4 1 1 1 4 1 3
111 0.086430 3 2 3 3 4 3 1 3 3 3 3 3 4 1 3 2 2 1 3 3 1 4 2 3 3 3 2 1 1 4 1 2 1 4 4 1 2 3 3 4 1 2 1 2 1 4 1 3 1 3 2 3 3 4 1 3 4 2 4 3 3 3 1 1 3 4 1 1 1 2 1 4 1 3 4 1 1 2 1 1 4 1 4 1 4 1 3 4 4 4 1 1 1 4 1 3
111 0.031733 3 2 3 1 4 3 1 3 3 3 3 3 4 1 3 2 2 1 3 3 1 4 2 3 1 3 2 1 1 4 1 2 1 4 4 1 2 3 3 4 1 2 1 2 1 4 1 3 1 3 2 3 3 4 1 3 4 2 4 3 3 3 1 1 3 4 1 1 1 2 1 4 1 3 4 1 1 2 1 1 4 1 4 1 4 1 3 4 4 4 1 3 1 4 1 3
111 0.086430 3 2 3 3 4 3 1 3 3 3 3 3 4 1 3 2 2 1 3 3 1 4 2 3 1 3 2 1 1 4 1 2 1 4 4 1 2 3 3 4 1 2 1 2 1 4 1 3 1 1 2 3 3 4 1 3 4 2 4 3 3 3 1 1 3 4 1 1 1 2 1 4 1 3 4 1 1 2 1 1 4 1 4 3 4 1 3 4 4 4 1 1 1 4 1 3
111 0.031733 3 2 3 1 4 3 1 3 3 3 3 3 4 1 3 2 2 1 3 3 1 4 2 3 1 3 2 1 1 4 1 2 1 4 4 1 2 0 3 4 1 2 1 2 1 4 1 3 1 3 2 3 1 4 1 3 4 2 4 3 3 3 1 1 3 4 1 1 1 2 1 4 1 3 4 1 1 2 1 1 4 1 4 1 4 1 3 4 4 4 1 1 1 4 1 3
111 0.086430 3 2 3 3 4 3 1 3 3 3 3 3 4 1 3 2 2 1 3 3 1 4 2 3 1 3 2 3 1 4 1 2 1 4 4 1 2 3 3 4 1 2 1 2 1 4 1 3 1 3 2 3 3 4 1 3 4 2 4 3 3 3 1 1 3 4 1 1 1 2 1 4 1 3 4 1 1 2 1 1 4 1 4 1 4 1 1 4 4 4 1 1 1 4 1 1
111 0.031733 3 2 3 1 4 3 1 3 3 3 3 3 4 1 3 2 2 1 3 3 1 4 2 3 1 3 2 1 1 4 1 2 1 4 4 1 2 3 3 4 1 2 1 2 1 4 1 3 1 3 2 3 3 4 1 3 4 2 4 3 3 3 1 1 3 4 1 1 1 2 1 4 1 3 4 1 1 2 1 1 4 1 4 1 4 1 3 4 4 4 1 1 1 2 3 3
111 0.086430 3 2 3 3 4 3 1 3 3 3 3 3 4 1 3 2 2 3 3 3 1 4 2 3 1 3 2 1 1 4 1 2 1 4 4 1 2 3 1 4 1 2 1 2 1 4 1 3 1 3 2 3 3 4 1 3 4 2 4 3 3 3 1 1 3 4 1 1 1 2 1 4 1 3 4 1 1 2 1 1 4 1 4 1 4 1 3 4 4 4 1 1 1 4 1 3
111 0.031733 3 2 3 3 4 1 1 3 3 3 3 3 4 1 3 2 2 1 3 3 1 4 2 3 1 3 2 1 1 4 1 2 1 4 4 1 2 3 3 4 1 2 1 2 1 4 1 3 1 3 2 3 3 4 1 3 4 2 4 3 3 3 1 1 3 4 1 1 1 2 1 4 1 3 4 1 1 2 1 1 4 1 4 1 4 1 3 4 4 4 1 1 1 4 1 3
112 0.083463 3 2 3 3 4 3 1 3 1 3 3 3 4 1 3 2 1 3 3 3 1 4 2 3 1 3 2 1 1 4 1 2 1 4 4 1 2 3 3 4 1 2 1 2 1 4 1 3 1 3 2 3 3 4 1 1 4 2 4 3 3 3 1 1 3 4 1 1 1 2 1 4 1 3 4 1 1 2 1 1 4 1 4 1 4 1 3 4 4 4 1 1 1 4 1 3
112 0.083463 3 2 3 3 4 1 1 3 3 3 3 3 4 1 3 2 2 1 3 1 1 4 2 3 1 3 2 1 1 4 1 2 1 4 4 1 2 3 3 4 1 2 1 2 1 4 1 3 1 3 2 3 3 4 1 3 4 2 4 3 3 3 1 1 3 4 1 1 1 2 1 4 1 3 4 1 1 2 1 1 4 1 3 1 4 1 3 4 4 4 1 1 1 4 1 3
112 0.083463 3 2 3 3 4 3 1 3 3 3 3 3 4 1 3 2 2 1 3 3 1 4 2 3 1 3 2 1 1 4 1 2 1 4 4 1 2 3 3 4 1 2 1 2 1 4 1 3 1 3 2 3 3 4 1 3 4 2 4 3 3 3 1 1 3 4 1 1 1 2 1 4 1 3 4 1 1 2 1 1 4 1 4 1 4 1 3 4 4 4 1 1 1 4 1 3
112 0.083463 3 2 3 3 4 3 1 3 3 3 3 3 4 1 3 2 2 1 3 3 1 4 2 3 1 3 2 1 1 4 1 2 1 4 4 1 2 3 3 4 1 2 1 2 1 4 1 3 1 1 2 3 3 4 1 3 4 2 4 3 3 3 1 1 3 4 1 1 1 2 1 4 1 3 4 1 1 2 1 1 4 1 4 1 4 1 3 4 4 4 1 1 1 4 1 3
112 0.035547 3 2 3 3 4 3 1 3 3 3 3 3 4 1 3 2 1 3 3 3 1 4 4 3 1 1 1 1 1 4 1 2 1 4 1 3 2 3 3 4 1 2 1 2 1 4 1 3 3 3 2 3 3 4 1 3 4 2 4 3 3 3 1 1 3 4 1 1 1 2 1 4 1 3 4 1 1 2 1 1 4 1 4 1 4 1 3 4 4 4 1 1 1 4 1 3
112 0.035547 3 2 3 3 4 3 1 3 3 3 3 3 4 1 3 2 1 3 3 3 1 4 4 3 1 3 2 1 1 4 1 2 1 4 1 1 2 3 3 4 1 2 1 2 1 4 1 3 1 3 2 3 3 4 1 3 4 2 4 3 3 3 1 1 3 4 1 1 1 2 1 4 1 3 4 1 1 2 1 1 4 1 4 1 4 1 3 4 4 4 1 1 1 4 1 3
112 0.083463 3 2 3 3 4 3 1 3 3 3 3 3 4 1 3 2 1 3 3 3 1 4 2 3 1 3 2 1 1 4 1 2 1 4 4 1 2 3 3 4 1 2 1 2 3 4 1 3 1 3 2 3 3 4 1 3 4 2 4 3 3 3 1 1 3 4 1 1 1 2 1 4 1 3 4 1 1 2 1 1 4 1 4 1 2 1 3 3 4 4 1 1 1 4 1 3
112 0.035547 3 2 3 1 4 3 1 3 3 3 3 3 4 1 3 2 2 1 3 3 1 4 2 3 1 3 2 1 1 4 1 2 1 4 4 1 2 3 3 4 1 2 1 2 1 4 1 3 1 3 2 3 3 4 1 3 4 2 4 3 3 3 1 1 3 4 1 1 1 2 1 4 1 3 4 1 1 2 1 1 4 1 4 1 4 1 3 4 4 4 1 1 1 4 1 3
112 0.083463 3 2 3 3 4 3 1 3 3 3 3 3 4 1 3 2 2 1 3 3 1 4 2 3 3 3 2 1 1 4 1 2 1 4 4 1 2 3 3 4 1 2 1 2 1 4 1 3 1 3 2 3 3 4 1 3 4 2 4 3 3 3 1 1 3 4 1 1 1 2 1 4 1 3 4 1 1 2 1 1 4 1 4 1 4 1 3 4 4 4 1 1 1 4 1 3
112 0.035547 3 2 3 1 4 3 1 3 3 3 3 3 4 1 3 2 2 1 3 3 1 4 2 3 1 3 2 1 1 4 1 2 1 4 4 1 2 3 3 4 1 2 1 2 1 4 1 3 1 3 2 3 3 4 1 3 4 2 4 3 3 3 1 1 3 4 1 1 1 2 1 4 1 3 4 1 1 2 1 1 4 1 4 1 4 1 3 4 4 4 1 3 1 4 1 3
112 0.083463 3 2 3 3 4 3 1 3 3 3 3 3 4 1 3 2 2 1 3 3 1 4 2 3 1 3 2 1 1 4 1 2 1 4 4 1 2 3 3 4 1 2 1 2 1 4 1 3 1 1 2 3 3 4 1 3 4 2 4 3 3 3 1 1 3 4 1 1 1 2 1 4 1 3 4 1 1 2 1 1 4 1 4 3 4 1 3 4 4 4 1 1 1 4 1 3
112 0.035547 3 2 3 1 4 3 1 3 3 3 3 3 4 1 3 2 2 1 3 3 1 4 2 3 1 3 2 1 1 4 1 2 1 4 4 1 2 0 3 4 1 2 1 2 1 4 1 3 1 3 2 3 1 4 1 3 4 2 4 3 3 3 1 1 3 4 1 1 1 2 1 4 1 3 4 1 1 2 1 1 4 1 4 1 4 1 3 4 4 4 1 1 1 4 1 3
112 0.083463 3 2 3 3 4 3 1 3 3 3 3 3 4 1 3 2 2 1 3 3 1 4 2 3 1 3 2 3 1 4 1 2 1 4 4 1 2 3 3 4 1 2 1 2 1 4 1 3 1 3 2 3 3 4 1 3 4 2 4 3 3 3 1 1 3 4 1 1 1 2 1 4 1 3 4 1 1 2 1 1 4 1 4 1 4 1 1 4 4 4 1 1 1 4 1 1
112 0.035547 3 2 3 1 4 3 1 3 3 3 3 3 4 1 3 2 2 1 3 3 1 4 2 3 1 3 2 1 1 4 1 2 1 4 4 1 2 3 3 4 1 2 1 2 1 4 1 3 1 3 2 3 3 4 1 3 4 2 4 3 3 3 1 1 3 4 1 1 1 2 1 4 1 3 4 1 1 2 1 1 4 1 4 1 4 1 3 4 4 4 1 1 1 2 3 3
112 0.083463 3 2 3 3 4 3 1 3 3 3 3 3 4 1 3 2 2 3 3 3 1 4 2 3 1 3 2 1 1 4 1 2 1 4 4 1 2 3 1 4 1 2 1 2 1 4 1 3 1 3 2 3 3 4 1 3 4 2 4 3 3 3 1 1 3 4 1 1 1 2 1 4 1 3 4 1 1 2 1 1 4 1 4 1 4 1 3 4 4 4 1 1 1 4 1 3
112 0.035547 3 2 3 3 4 1 1 3 3 3 3 3 4 1 3 2 2 1 3 3 1 4 2 3 1 3 2 1 1 4 1 2 1 4 4 1 2 3 3 4 1 2 1 2 1 4 1 3 1 3 2 3 3 4 1 3 4 2 4 3 3 3 1 1 3 4 1 1 1 2 1 4 1 3 4 1 1 2 1 1 4 1 4 1 4 1 3 4 4 4 1 1 1 4 1 3
113 0.080276 3 2 3 3 4 3 1 3 1 3 3 3 4 1 3 2 1 3 3 3 1 4 2 3 1 3 2 1 1 4 1 2 1 4 4 1 2 3 3 4 1 2 1 2 1 4 1 3 1 3 2 3 3 4 1 1 4 2 4 3 3 3 1 1 3 4 1 1 1 2 1 4 1 3 4 1 1 2 1 1 4 1 4 1 4 1 3 4 4 4 1 1 1 4 1 3
113 0.080276 3 2 3 3 4 1 1 3 3 3 3 3 4 1 3 2 2 1 3 1 1 4 2 3 1 3 2 1 1 4 1 2 1 4 4 1 2 3 3 4 1 2 1 2 1 4 1 3 1 3 2 3 3 4 1 3 4 2 4 3 3 3 1 1 3 4 1 1 1 2 1 4 1 3 4 1 1 2 1 1 4 1 3 1 4 1 3 4 4 4 1 1 1 4 1 3
113 0.080276 3 2 3 3 4 3 1 3 3 3 3 3 4 1 3 2 2 1 3 3 1 4 2 3 1 3 2 1 1 4 1 2 1 4 4 1 2 3 3 4 1 2 1 2 1 4 1 3 1 3 2 3 3 4 1 3 4 2 4 3 3 3 1 1 3 4 1 1 1 2 1 4 1 3 4 1 1 2 1 1 4 1 4 1 4 1 3 4 4 4 1 1 1 4 1 3
113 0.080276 3 2 3 3 4 3 1 3 3 3 3 3 4 1 3 2 2 1 3 3 1 4 2 3 1 3 2 1 1 4 1 2 1 4 4 1 2 3 3 4 1 2 1 2 1 4 1 3 1 1 2 3 3 4 1 3 4 2 4 3 3 3 1 1 3 4 1 1 1 2 1 4 1 3 4 1 1 2 1 1 4 1 4 1 4 1 3 4 4 4 1 1 1 4 1 3
113 0.039645 3 2 3 3 4 3 1 3 3 3 3 3 4 1 3 2 1 3 3 3 1 4 4 3 1 1 1 1 1 4 1 2 1 4 1 3 2 3 3 4 1 2 1 2 1 4 1 3 3 3 2 3 3 4 1 3 4 2 4 3 3 3 1 1 3 4 1 1 1 2 1 4 1 3 4 1 1 2 1 1 4 1 4 1 4 1 3 4 4 4 1 1 1 4 1 3
113 0.039645 3 2 3 3 4 3 1 3 3 3 3 3 4 1 3 2 1 3 3 3 1 4 4 3 1 3 2 1 1 4 1 2 1 4 1 1 2 3 3 4 1 2 1 2 1 4 1 3 1 3 2 3 3 4 1 3 4 2 4 3 3 3 1 1 3 4 1 1 1 2 1 4 1 3 4 1 1 2 1 1 4 1 4 1 4 1 3 4 4 4 1 1 1 4 1 3
113 0.080276 3 2 3 3 4 3 1 3 3 3 3 3 4 1 3 2 1 3 3 3 1 4 2 3 1 3 2 1 1 4 1 2 1 4 4 1 2 3 3 4 1 2 1 2 3 4 1 3 1 3 2 3 3 4 1 3 4 2 4 3 3 3 1 1 3 4 1 1 1 2 1 4 1 3 4 1 1 2 1 1 4 1 4 1 2 1 3 3 4 4 1 1 1 4 1 3
113 0.039645 3 2 3 1 4 3 1 3 3 3 3 3 4 1 3 2 2 1 3 3 1 4 2 3 1 3 2 1 1 4 1 2 1 4 4 1 2 3 3 4 1 2 1 2 1 4 1 3 1 3 2 3 3 4 1 3 4 2 4 3 3 3 1 1 3 4 1 1 1 2 1 4 1 3 4 1 1 2 1 1 4 1 4 1 4 1 3 4 4 4 1 1 1 4 1 3
113 0.080276 3 2 3 3 4 3 1 3 3 3 3 3 4 1 3 2 2 1 3 3 1 4 2 3 3 3 2 1 1 4 1 2 1 4 4 1 2 3 3 4 1 2 1 2 1 4 1 3 1 3 2 3 3 4 1 3 4 2 4 3 3 3 1 1 3 4 1 1 1 2 1 4 1 3 4 1 1 2 1 1 4 1 4 1 4 1 3 4 4 4 1 1 1 4 1 3
113 0.039645 3 2 3 1 4 3 1 3 3 3 3 3 4 1 3 2 2 1 3 3 1 4 2 3 1 3 2 1 1 4 1 2 1 4 4 1 2 3 3 4 1 2 1 2 1 4 1 3 1 3 2 3 3 4 1 3 4 2 4 3 3 3 1 1 3 4 1 1 1 2 1 4 1 3 4 1 1 2 1 1 4 1 4 1 4 1 3 4 4 4 1 3 1 4 1 3
113 0.080276 3 2 3 3 4 3 1 3 3 3 3 3 4 1 3 2 2 1 3 3 1 4 2 3 1 3 2 1 1 4 1 2 1 4 4 1 2 3 3 4 1 2 1 2 1 4 1 3 1 1 2 3 3 4 1 3 4 2 4 3 3 3 1 1 3 4 1 1 1 2 1 4 1 3 4 1 1 2 1 1 4 1 4 3 4 1 3 4 4 4 1 1 1 4 1 3
113 0.039645 3 2 3 1 4 3 1 3 3 3 3 3 4 1 3 2 2 1 3 3 1 4 2 3 1 3 2 1 1 4 1 2 1 4 4 1 2 0 3 4 1 2 1 2 1 4 1 3 1 3 2 3 1 4 1 3 4 2 4 3 3 3 1 1 3 4 1 1 1 2 1 4 1 3 4 1 1 2 1 1 4 1 4 1 4 1 3 4 4 4 1 1 1 4 1 3
113 0.080276 3 2 3 3 4 3 1 3 3 3 3 3 4 1 3 2 2 1 3 3 1 4 2 3 1 3 2 3 1 4 1 2 1 4 4 1 2 3 3 4 1 2 1 2 1 4 1 3 1 3 2 3 3 4 1 3 4 2 4 3 3 3 1 1 3 4 1 1 1 2 1 4 1 3 4 1 1 2 1 1 4 1 4 1 4 1 1 4 4 4 1 1 1 4 1 1
113 0.039645 3 2 3 1 4 3 1 3 3 3 3 3 4 1 3 2 2 1 3 3 1 4 2 3 1 3 2 1 1 4 1 2 1 4 4 1 2 3 3 4 1 2 1 2 1 4 1 3 1 3 2 3 3 4 1 3 4 2 4 3 3 3 1 1 3 4 1 1 1 2 1 4 1 3 4 1 1 2 1 1 4 1 4 1 4 1 3 4 4 4 1 1 1 2 3 3
113 0.080276 3 2 3 3 4 3 1 3 3 3 3 3 4 1 3 2 2 3 3 3 1 4 2 3 1 3 2 1 1 4 1 2 1 4 4 1 2 3 1 4 1 2 1 2 1 4 1 3 1 3 2 3 3 4 1 3 4 2 4 3 3 3 1 1 3 4 1 1 1 2 1 4 1 3 4 1 1 2 1 1 4 1 4 1 4 1 3 4 4 4 1 1 1 4 1 3
113 0.039645 3 2 3 3 4 1 1 3 3 3 3 3 4 1 3 2 2 1 3 3 1 4 2 3 1 3 2 1 1 4 1 2 1 4 4 1 2 3 3 4 1 2 1 2 1 4 1 3 1 3 2 3 3 4 1 3 4 2 4 3 3 3 1 1 3 4 1 1 1 2 1 4 1 3 4 1 1 2 1 1 4 1 4 1 4 1 3 4 4 4 1 1 1 4 1 3
114 0.076880 3 2 3 3 4 3 1 3 1 3 3 3 4 1 3 2 1 3 3 3 1 4 2 3 1 3 2 1 1 4 1 2 1 4 4 1 2 3 3 4 1 2 1 2 1 4 1 3 1 3 2 3 3 4 1 1 4 2 4 3 3 3 1 1 3 4 1 1 1 2 1 4 1 3 4 1 1 2 1 1 4 1 4 1 4 1 3 4 4 4 1 1 1 4 1 3
114 0.076880 3 2 3 3 4 1 1 3 3 3 3 3 4 1 3 2 2 1 3 1 1 4 2 3 1 3 2 1 1 4 1 2 1 4 4 1 2 3 3 4 1 2 1 2 1 4 1 3 1 3 2 3 3 4 1 3 4 2 4 3 3 3 1 1 3 4 1 1 1 2 1 4 1 3 4 1 1 2 1 1 4 1 3 1 4 1 3 4 4 4 1 1 1 4 1 3
114 0.076880 3 2 3 3 4 3 1 3 3 3 3 3 4 1 3 2 2 1 3 3 1 4 2 3 1 3 2 1 1 4 1 2 1 4 4 1 2 3 3 4 1 2 1 2 1 4 1 3 1 3 2 3 3 4 1 3 4 2 4 3 3 3 1 1 3 4 1 1 1 2 1 4 1 3 4 1 1 2 1 1 4 1 4 1 4 1 3 4 4 4 1 1 1 4 1 3
114 0.076880 3 2 3 3 4 3 1 3 3 3 3 3 4 1 3 2 2 1 3 3 1 4 2 3 1 3 2 1 1 4 1 2 1 4 4 1 2 3 3 4 1 2 1 2 1 4 1 3 1 1 2 3 3 4 1 3 4 2 4 3 3 3 1 1 3 4 1 1 1 2 1 4 1 3 4 1 1 2 1 1 4 1 4 1 4 1 3 4 4 4 1 1 1 4 1 3
114 0.044011 3 2 3 3 4 3 1 3 3 3 3 3 4 1 3 2 1 3 3 3 1 4 4 3 1 1 1 1 1 4 1 2 1 4 1 3 2 3 3 4 1 2 1 2 1 4 1 3 3 3 2 3 3 4 1 3 4 2 4 3 3 3 1 1 3 4 1 1 1 2 1 4 1 3 4 1 1 2 1 1 4 1 4 1 4 1 3 4 4 4 1 1 1 4 1 3
114 0.044011 3 2 3 3 4 3 1 3 3 3 3 3 4 1 3 2 1 3 3 3 1 4 4 3 1 3 2 1 1 4 1 2 1 4 1 1 2 3 3 4 1 2 1 2 1 4 1 3 1 3 2 3 3 4 1 3 4 2 4 3 3 3 1 1 3 4 1 1 1 2 1 4 1 3 4 1 1 2 1 1 4 1 4 1 4 1 3 4 4 4 1 1 1 4 1 3
114 0.076880 3 2 3 3 4 3 1 3 3 3 3 3 4 1 3 2 1 3 3 3 1 4 2 3 1 3 2 1 1 4 1 2 1 4 4 1 2 3 3 4 1 2 1 2 3 4 1 3 1 3 2 3 3 4 1 3 4 2 4 3 3 3 1 1 3 4 1 1 1 2 1 4 1 3 4 1 1 2 1 1 4 1 4 1 2 1 3 3 4 4 1 1 1 4 1 3
114 0.044011 3 2 3 1 4 3 1 3 3 3 3 3 4 1 3 2 2 1 3 3 1 4 2 3 1 3 2 1 1 4 1 2 1 4 4 1 2 3 3 4 1 2 1 2 1 4 1 3 1 3 2 3 3 4 1 3 4 2 4 3 3 3 1 1 3 4 1 1 1 2 1 4 1 3 4 1 1 2 1 1 4 1 4 1 4 1 3 4 4 4 1 1 1 4 1 3
114 0.076880 3 2 3 3 4 3 1 3 3 3 3 3 4 1 3 2 2 1 3 3 1 4 2 3 3 3 2 1 1 4 1 2 1 4 4 1 2 3 3 4 1 2 1 2 1 4 1 3 1 3 2 3 3 4 1 3 4 2 4 3 3 3 1 1 3 4 1 1 1 2 1 4 1 3 4 1 1 2 1 1 4 1 4 1 4 1 3 4 4 4 1 1 1 4 1 3
114 0.044011 3 2 3 1 4 3 1 3 3 3 3 3 4 1 3 2 2 1 3 3 1 4 2 3 1 3 2 1 1 4 1 2 1 4 4 1 2 3 3 4 1 2 1 2 1 4 1 3 1 3 2 3 3 4 1 3 4 2 4 3 3 3 1 1 3 4 1 1 1 2 1 4 1 3 4 1 1 2 1 1 4 1 4 1 4 1 3 4 4 4 1 3 1 4 1 3
114 0.076880 3 2 3 3 4 3 1 3 3 3 3 3 4 1 3 2 2 1 3 3 1 4 2 3 1 3 2 1 1 4 1 2 1 4 4 1 2 3 3 4 1 2 1 2 1 4 1 3 1 1 2 3 3 4 1 3 4 2 4 3 3 3 1 1 3 4 1 1 1 2 1 4 1 3 4 1 1 2 1 1 4 1 4 3 4 1 3 4 4 4 1 1 1 4 1 3
114 0.044011 3 2 3 1 4 3 1 3 3 3 3 3 4 1 3 2 2 1 3 3 1 4 2 3 1 3 2 1 1 4 1 2 1 4 4 1 2 0 3 4 1 2 1 2 1 4 1 3 1 3 2 3 1 4 1 3 4 2 4 3 3 3 1 1 3 4 1 1 1 2 1 4 1 3 4 1 1 2 1 1 4 1 4 1 4 1 3 4 4 4 1 1 1 4 1 3
114 0.076880 3 2 3 3 4 3 1 3 3 3 3 3 4 1 3 2 2 1 3 3 1 4 2 3 1 3 2 3 1 4 1 2 1 4 4 1 2 3 3 4 1 2 1 2 1 4 1 3 1 3 2 3 3 4 1 3 4 2 4 3 3 3 1 1 3 4 1 1 1 2 1 4 1 3 4 1 1 2 1 1 4 1 4 1 4 1 1 4 4 4 1 1 1 4 1 1
114 0.044011 3 2 3 1 4 3 1 3 3 3 3 3 4 1 3 2 2 1 3 3 1 4 2 3 1 3 2 1 1 4 1 2 1 4 4 1 2 3 3 4 1 2 1 2 1 4 1 3 1 3 2 3 3 4 1 3 4 2 4 3 3 3 1 1 3 4 1 1 1 2 1 4 1 3 4 1 1 2 1 1 4 1 4 1 4 1 3 4 4 4 1 1 1 2 3 3
114 0.076880 3 2 3 3 4 3 1 3 3 3 3 3 4 1 3 2 2 3 3 3 1 4 2 3 1 3 2 1 1 4 1 2 1 4 4 1 2 3 1 4 1 2 1 2 1 4 1 3 1 3 2 3 3 4 1 3 4 2 4 3 3 3 1 1 3 4 1 1 1 2 1 4 1 3 4 1 1 2 1 1 4 1 4 1 4 1 3 4 4 4 1 1 1 4 1 3
114 0.044011 3 2 3 3 4 1 1 3 3 3 3 3 4 1 3 2 2 1 3 3 1 4 2 3 1 3 2 1 1 4 1 2 1 4 4 1 2 3 3 4 1 2 1 2 1 4 1 3 1 3 2 3 3 4 1 3 4 2 4 3 3 3 1 1 3 4 1 1 1 2 1 4 1 3 4 1 1 2 1 1 4 1 4 1 4 1 3 4 4 4 1 1 1 4 1 3
115 0.073293 3 2 3 3 4 3 1 3 1 3 3 3 4 1 3 2 1 3 3 3 1 4 2 3 1 3 2 1 1 4 1 2 1 4 4 1 2 3 3 4 1 2 1 2 1 4 1 3 1 3 2 3 3 4 1 1 4 2 4 3 3 3 1 1 3 4 1 1 1 2 1 4 1 3 4 1 1 2 1 1 4 1 4 1 4 1 3 4 4 4 1 1 1 4 1 3
115 0.073293 3 2 3 3 4 1 1 3 3 3 3 3 4 1 3 2 2 1 3 1 1 4 2 3 1 3 2 1 1 4 1 2 1 4 4 1 2 3 3 4 1 2 1 2 1 4 1 3 1 3 2 3 3 4 1 3 4 2 4 3 3 3 1 1 3 4 1 1 1 2 1 4 1 3 4 1 1 2 1 1 4 1 3 1 4 1 3 4 4 4 1 1 1 4 1 3
115 0.073293 3 2 3 3 4 3 1 3 3 3 3 3 4 1 3 2 2 1 3 3 1 4 2 3 1 3 2 1 1 4 1 2 1 4 4 1 2 3 3 4 1 2 1 2 1 4 1 3 1 3 2 3 3 4 1 3 4 2 4 3 3 3 1 1 3 4 1 1 1 2 1 4 1 3 4 1 1 2 1 1 4 1 4 1 4 1 3 4 4 4 1 1 1 4 1 3
115 0.073293 3 2 3 3 4 3 1 3 3 3 3 3 4 1 3 2 2 1 3 3 1 4 2 3 1 3 2 1 1 4 1 2 1 4 4 1 2 3 3 4 1 2 1 2 1 4 1 3 1 1 2 3 3 4 1 3 4 2 4 3 3 3 1 1 3 4 1 1 1 2 1 4 1 3 4 1 1 2 1 1 4 1 4 1 4 1 3 4 4 4 1 1 1 4 1 3
115 0.048623 3 2 3 3 4 3 1 3 3 3 3 3 4 1 3 2 1 3 3 3 1 4 4 3 1 1 1 1 1 4 1 2 1 4 1 3 2 3 3 4 1 2 1 2 1 4 1 3 3 3 2 3 3 4 1 3 4 2 4 3 3 3 1 1 3 4 1 1 1 2 1 4 1 3 4 1 1 2 1 1 4 1 4 1 4 1 3 4 4 4 1 1 1 4 1 3
115 0.048623 3 2 3 3 4 3 1 3 3 3 3 3 4 1 3 2 1 3 3 3 1 4 4 3 1 3 2 1 1 4 1 2 1 4 1 1 2 3 3 4 1 2 1 2 1 4 1 3 1 3 2 3 3 4 1 3 4 2 4 3 3 3 1 1 3 4 1 1 1 2 1 4 1 3 4 1 1 2 1 1 4 1 4 1 4 1 3 4 4 4 1 1 1 4 1 3
115 0.073293 3 2 3 3 4 3 1 3 3 3 3 3 4 1 3 2 1 3 3 3 1 4 2 3 1 3 2 1 1 4 1 2 1 4 4 1 2 3 3 4 1 2 1 2 3 4 1 3 1 3 2 3 3 4 1 3 4 2 4 3 3 3 1 1 3 4 1 1 1 2 1 4 1 3 4 1 1 2 1 1 4 1 4 1 2 1 3 3 4 4 1 1 1 4 1 3
115 0.048623 3 2 3 1 4 3 1 3 3 3 3 3 4 1 3 2 2 1 3 3 1 4 2 3 1 3 2 1 1 4 1 2 1 4 4 1 2 3 3 4 1 2 1 2 1 4 1 3 1 3 2 3 3 4 1 3 4 2 4 3 3 3 1 1 3 4 1 1 1 2 1 4 1 3 4 1 1 2 1 1 4 1 4 1 4 1 3 4 4 4 1 1 1 4 1 3
115 0.073293 3 2 3 3 4 3 1 3 3 3 3 3 4 1 3 2 2 1 3 3 1 4 2 3 3 3 2 1 1 4 1 2 1 4 4 1 2 3 3 4 1 2 1 2 1 4 1 3 1 3 2 3 3 4 1 3 4 2 4 3 3 3 1 1 3 4 1 1 1 2 1 4 1 3 4 1 1 2 1 1 4 1 4 1 4 1 3 4 4 4 1 1 1 4 1 3
115 0.048623 3 2 3 1 4 3 1 3 3 3 3 3 4 1 3 2 2 1 3 3 1 4 2 3 1 3 2 1 1 4 1 2 1 4 4 1 2 3 3 4 1 2 1 2 1 4 1 3 1 3 2 3 3 4 1 3 4 2 4 3 3 3 1 1 3 4 1 1 1 2 1 4 1 3 4 1 1 2 1 1 4 1 4 1 4 1 3 4 4 4 1 3 1 4 1 3
115 0.073293 3 2 3 3 4 3 1 3 3 3 3 3 4 1 3 2 2 1 3 3 1 4 2 3 1 3 2 1 1 4 1 2 1 4 4 1 2 3 3 4 1 2 1 2 1 4 1 3 1 1 2 3 3 4 1 3 4 2 4 3 3 3 1 1 3 4 1 1 1 2 1 4 1 3 4 1 1 2 1 1 4 1 4 3 4 1 3 4 4 4 1 1 1 4 1 3
115 0.048623 3 2 3 1 4 3 1 3 3 3 3 3 4 1 3 2 2 1 3 3 1 4 2 3 1 3 2 1 1 4 1 2 1 4 4 1 2 0 3 4 1 2 1 2 1 4 1 3 1 3 2 3 1 4 1 3 4 2 4 3 3 3 1 1 3 4 1 1 1 2 1 4 1 3 4 1 1 2 1 1 4 1 4 1 4 1 3 4 4 4 1 1 1 4 1 3
115 0.073293 3 2 3 3 4 3 1 3 3 3 3 3 4 1 3 2 2 1 3 3 1 4 2 3 1 3 2 3 1 4 1 2 1 4 4 1 2 3 3 4 1 2 1 2 1 4 1 3 1 3 2 3 3 4 1 3 4 2 4 3 3 3 1 1 3 4 1 1 1 2 1 4 1 3 4 1 1 2 1 1 4 1 4 1 4 1 1 4 4 4 1 1 1 4 1 1
115 0.048623 3 2 3 1 4 3 1 3 3 3 3 3 4 1 3 2 2 1 3 3 1 4 2 3 1 3 2 1 1 4 1 2 1 4 4 1 2 3 3 4 1 2 1 2 1 4 1 3 1 3 2 3 3 4 1 3 4 2 4 3 3 3 1 1 3 4 1 1 1 2 1 4 1 3 4 1 1 2 1 1 4 1 4 1 4 1 3 4 4 4 1 1 1 2 3 3
115 0.073293 3 2 3 3 4 3 1 3 3 3 3 3 4 1 3 2 2 3 3 3 1 4 2 3 1 3 2 1 1 4 1 2 1 4 4 1 2 3 1 4 1 2 1 2 1 4 1 3 1 3 2 3 3 4 1 3 4 2 4 3 3 3 1 1 3 4 1 1 1 2 1 4 1 3 4 1 1 2 1 1 4 1 4 1 4 1 3 4 4 4 1 1 1 4 1 3
115 0.048623 3 2 3 3 4 1 1 3 3 3 3 3 4 1 3 2 2 1 3 3 1 4 2 3 1 3 2 1 1 4 1 2 1 4 4 1 2 3 3 4 1 2 1 2 1 4 1 3 1 3 2 3 3 4 1 3 4 2 4 3 3 3 1 1 3 4 1 1 1 2 1 4 1 3 4 1 1 2 1 1 4 1 4 1 4 1 3 4 4 4 1 1 1 4 1 3
116 0.069538 3 2 3 3 4 3 1 3 1 3 3 3 4 1 3 2 1 3 3 3 1 4 2 3 1 3 2 1 1 4 1 2 1 4 4 1 2 3 3 4 1 2 1 2 1 4 1 3 1 3 2 3 3 4 1 1 4 2 4 3 3 3 1 1 3 4 1 1 1 2 1 4 1 3 4 1 1 2 1 1 4 1 4 1 4 1 3 4 4 4 1 1 1 4 1 3
116 0.069538 3 2 3 3 4 1 1 3 3 3 3 3 4 1 3 2 2 1 3 1 1 4 2 3 1 3 2 1 1 4 1 2 1 4 4 1 2 3 3 4 1 2 1 2 1 4 1 3 1 3 2 3 3 4 1 3 4 2 4 3 3 3 1 1 3 4 1 1 1 2 1 4 1 3 4 1 1 2 1 1 4 1 3 1 4 1 3 4 4 4 1 1 1 4 1 3
116 0.069538 3 2 3 3 4 3 1 3 3 3 3 3 4 1 3 2 2 1 3 3 1 4 2 3 1 3 2 1 1 4 1 2 1 4 4 1 2 3 3 4 1 2 1 2 1 4 1 3 1 3 2 3 3 4 1 3 4 2 4 3 3 3 1 1 3 4 1 1 1 2 1 4 1 3 4 1 1 2 1 1 4 1 4 1 4 1 3 4 4 4 1 1 1 4 1 3
116 0.069538 3 2 3 3 4 3 1 3 3 3 3 3 4 1 3 2 2 1 3 3 1 4 2 3 1 3 2 1 1 4 1 2 1 4 4 1 2 3 3 4 1 2 1 2 1 4 1 3 1 1 2 3 3 4 1 3 4 2 4 3 3 3 1 1 3 4 1 1 1 2 1 4 1 3 4 1 1 2 1 1 4 1 4 1 4 1 3 4 4 4 1 1 1 4 1 3
116 0.053451 3 2 3 3 4 3 1 3 3 3 3 3 4 1 3 2 1 3 3 3 1 4 4 3 1 1 1 1 1 4 1 2 1 4 1 3 2 3 3 4 1 2 1 2 1 4 1 3 3 3 2 3 3 4 1 3 4 2 4 3 3 3 1 1 3 4 1 1 1 2 1 4 1 3 4 1 1 2 1 1 4 1 4 1 4 1 3 4 4 4 1 1 1 4 1 3
116 0.053451 3 2 3 3 4 3 1 3 3 3 3 3 4 1 3 2 1 3 3 3 1 4 4 3 1 3 2 1 1 4 1 2 1 4 1 1 2 3 3 4 1 2 1 2 1 4 1 3 1 3 2 3 3 4 1 3 4 2 4 3 3 3 1 1 3 4 1 1 1 2 1 4 1 3 4 1 1 2 1 1 4 1 4 1 4 1 3 4 4 4 1 1 1 4 1 3
116 0.069538 3 2 3 3 4 3 1 3 3 3 3 3 4 1 3 2 1 3 3 3 1 4 2 3 1 3 2 1 1 4 1 2 1 4 4 1 2 3 3 4 1 2 1 2 3 4 1 3 1 3 2 3 3 4 1 3 4 2 4 3 3 3 1 1 3 4 1 1 1 2 1 4 1 3 4 1 1 2 1 1 4 1 4 1 2 1 3 3 4 4 1 1 1 4 1 3
116 0.053451 3 2 3 1 4 3 1 3 3 3 3 3 4 1 3 2 2 1 3 3 1 4 2 3 1 3 2 1 1 4 1 2 1 4 4 1 2 3 3 4 1 2 1 2 1 4 1 3 1 3 2 3 3 4 1 3 4 2 4 3 3 3 1 1 3 4 1 1 1 2 1 4 1 3 4 1 1 2 1 1 4 1 4 1 4 1 3 4 4 4 1 1 1 4 1 3
116 0.069538 3 2 3 3 4 3 1 3 3 3 3 3 4 1 3 2 2 1 3 3 1 4 2 3 3 3 2 1 1 4 1 2 1 4 4 1 2 3 3 4 1 2 1 2 1 4 1 3 1 3 2 3 3 4 1 3 4 2 4 3 3 3 1 1 3 4 1 1 1 2 1 4 1 3 4 1 1 2 1 1 4 1 4 1 4 1 3 4 4 4 1 1 1 4 1 3
116 0.053451 3 2 3 1 4 3 1 3 3 3 3 3 4 1 3 2 2 1 3 3 1 4 2 3 1 3 2 1 1 4 1 2 1 4 4 1 2 3 3 4 1 2 1 2 1 4 1 3 1 3 2 3 3 4 1 3 4 2 4 3 3 3 1 1 3 4 1 1 1 2 1 4 1 3 4 1 1 2 1 1 4 1 4 1 4 1 3 4 4 4 1 3 1 4 1 3
116 0.069538 3 2 3 3 4 3 1 3 3 3 3 3 4 1 3 2 2 1 3 3 1 4 2 3 1 3 2 1 1 4 1 2 1 4 4 1 2 3 3 4 1 2 1 2 1 4 1 3 1 1 2 3 3 4 1 3 4 2 4 3 3 3 1 1 3 4 1 1 1 2 1 4 1 3 4 1 1 2 1 1 4 1 4 3 4 1 3 4 4 4 1 1 1 4 1 3
116 0.053451 3 2 3 1 4 3 1 3 3 3 3 3 4 1 3 2 2 1 3 3 1 4 2 3 1 3 2 1 1 4 1 2 1 4 4 1 2 0 3 4 1 2 1 2 1 4 1 3 1 3 2 3 1 4 1 3 4 2 4 3 3 3 1 1 3 4 1 1 1 2 1 4 1 3 4 1 1 2 1 1 4 1 4 1 4 1 3 4 4 4 1 1 1 4 1 3
116 0.069538 3 2 3 3 4 3 1 3 3 3 3 3 4 1 3 2 2 1 3 3 1 4 2 3 1 3 2 3 1 4 1 2 1 4 4 1 2 3 3 4 1 2 1 2 1 4 1 3 1 3 2 3 3 4 1 3 4 2 4 3 3 3 1 1 3 4 1 1 1 2 1 4 1 3 4 1 1 2 1 1 4 1 4 1 4 1 1 4 4 4 1 1 1 4 1 1
116 0.053451 3 2 3 1 4 3 1 3 3 3 3 3 4 1 3 2 2 1 3 3 1 4 2 3 1 3 2 1 1 4 1 2 1 4 4 1 2 3 3 4 1 2 1 2 1 4 1 3 1 3 2 3 3 4 1 3 4 2 4 3 3 3 1 1 3 4 1 1 1 2 1 4 1 3 4 1 1 2 1 1 4 1 4 1 4 1 3 4 4 4 1 1 1 2 3 3
116 0.069538 3 2 3 3 4 3 1 3 3 3 3 3 4 1 3 2 2 3 3 3 1 4 2 3 1 3 2 1 1 4 1 2 1 4 4 1 2 3 1 4 1 2 1 2 1 4 1 3 1 3 2 3 3 4 1 3 4 2 4 3 3 3 1 1 3 4 1 1 1 2 1 4 1 3 4 1 1 2 1 1 4 1 4 1 4 1 3 4 4 4 1 1 1 4 1 3
116 0.053451 3 2 3 3 4 1 1 3 3 3 3 3 4 1 3 2 2 1 3 3 1 4 2 3 1 3 2 1 1 4 1 2 1 4 4 1 2 3 3 4 1 2 1 2 1 4 1 3 1 3 2 3 3 4 1 3 4 2 4 3 3 3 1 1 3 4 1 1 1 2 1 4 1 3 4 1 1 2 1 1 4 1 4 1 4 1 3 4 4 4 1 1 1 4 1 3
117 0.065646 3 2 3 3 4 3 1 3 1 3 3 3 4 1 3 2 1 3 3 3 1 4 2 3 1 3 2 1 1 4 1 2 1 4 4 1 2 3 3 4 1 2 1 2 1 4 1 3 1 3 2 3 3 4 1 1 4 2 4 3 3 3 1 1 3 4 1 1 1 2 1 4 1 3 4 1 1 2 1 1 4 1 4 1 4 1 3 4 4 4 1 1 1 4 1 3
117 0.065646 3 2 3 3 4 1 1 3 3 3 3 3 4 1 3 2 2 1 3 1 1 4 2 3 1 3 2 1 1 4 1 2 1 4 4 1 2 3 3 4 1 2 1 2 1 4 1 3 1 3 2 3 3 4 1 3 4 2 4 3 3 3 1 1 3 4 1 1 1 2 1 4 1 3 4 1 1 2 1 1 4 1 3 1 4 1 3 4 4 4 1 1 1 4 1 3
117 0.065646 3 2 3 3 4 3 1 3 3 3 3 3 4 1 3 2 2 1 3 3 1 4 2 3 1 3 2 1 1 4 1 2 1 4 4 1 2 3 3 4 1 2 1 2 1 4 1 3 1 3 2 3 3 4 1 3 4 2 4 3 3 3 1 1 3 4 1 1 1 2 1 4 1 3 4 1 1 2 1 1 4 1 4 1 4 1 3 4 4 4 1 1 1 4 1 3
117 0.065646 3 2 3 3 4 3 1 3 3 3 3 3 4 1 3 2 2 1 3 3 1 4 2 3 1 3 2 1 1 4 1 2 1 4 4 1 2 3 3 4 1 2 1 2 1 4 1 3 1 1 2 3 3 4 1 3 4 2 4 3 3 3 1 1 3 4 1 1 1 2 1 4 1 3 4 1 1 2 1 1 4 1 4 1 4 1 3 4 4 4 1 1 1 4 1 3
117 0.058455 3 2 3 3 4 3 1 3 3 3 3 3 4 1 3 2 1 3 3 3 1 4 4 3 1 1 1 1 1 4 1 2 1 4 1 3 2 3 3 4 1 2 1 2 1 4 1 3 3 3 2 3 3 4 1 3 4 2 4 3 3 3 1 1 3 4 1 1 1 2 1 4 1 3 4 1 1 2 1 1 4 1 4 1 4 1 3 4 4 4 1 1 1 4 1 3
117 0.058455 3 2 3 3 4 3 1 3 3 3 3 3 4 1 3 2 1 3 3 3 1 4 4 3 1 3 2 1 1 4 1 2 1 4 1 1 2 3 3 4 1 2 1 2 1 4 1 3 1 3 2 3 3 4 1 3 4 2 4 3 3 3 1 1 3 4 1 1 1 2 1 4 1 3 4 1 1 2 1 1 4 1 4 1 4 1 3 4 4 4 1 1 1 4 1 3
117 0.065646 3 2 3 3 4 3 1 3 3 3 3 3 4 1 3 2 1 3 3 3 1 4 2 3 1 3 2 1 1 4 1 2 1 4 4 1 2 3 3 4 1 2 1 2 3 4 1 3 1 3 2 3 3 4 1 3 4 2 4 3 3 3 1 1 3 4 1 1 1 2 1 4 1 3 4 1 1 2 1 1 4 1 4 1 2 1 3 3 4 4 1 1 1 4 1 3
117 0.058455 3 2 3 1 4 3 1 3 3 3 3 3 4 1 3 2 2 1 3 3 1 4 2 3 1 3 2 1 1 4 1 2 1 4 4 1 2 3 3 4 1 2 1 2 1 4 1 3 1 3 2 3 3 4 1 3 4 2 4 3 3 3 1 1 3 4 1 1 1 2 1 4 1 3 4 1 1 2 1 1 4 1 4 1 4 1 3 4 4 4 1 1 1 4 1 3
117 0.065646 3 2 3 3 4 3 1 3 3 3 3 3 4 1 3 2 2 1 3 3 1 4 2 3 3 3 2 1 1 4 1 2 1 4 4 1 2 3 3 4 1 2 1 2 1 4 1 3 1 3 2 3 3 4 1 3 4 2 4 3 3 3 1 1 3 4 1 1 1 2 1 4 1 3 4 1 1 2 1 1 4 1 4 1 4 1 3 4 4 4 1 1 1 4 1 3
117 0.058455 3 2 3 1 4 3 1 3 3 3 3 3 4 1 3 2 2 1 3 3 1 4 2 3 1 3 2 1 1 4 1 2 1 4 4 1 2 3 3 4 1 2 1 2 1 4 1 3 1 3 2 3 3 4 1 3 4 2 4 3 3 3 1 1 3 4 1 1 1 2 1 4 1 3 4 1 1 2 1 1 4 1 4 1 4 1 3 4 4 4 1 3 1 4 1 3
117 0.065646 3 2 3 3 4 3 1 3 3 3 3 3 4 1 3 2 2 1 3 3 1 4 2 3 1 3 2 1 1 4 1 2 1 4 4 1 2 3 3 4 1 2 1 2 1 4 1 3 1 1 2 3 3 4 1 3 4 2 4 3 3 3 1 1 3 4 1 1 1 2 1 4 1 3 4 1 1 2 1 1 4 1 4 3 4 1 3 4 4 4 1 1 1 4 1 3
117 0.058455 3 2 3 1 4 3 1 3 3 3 3 3 4 1 3 2 2 1 3 3 1 4 2 3 1 3 2 1 1 4 1 2 1 4 4 1 2 0 3 4 1 2 1 2 1 4 1 3 1 3 2 3 1 4 1 3 4 2 4 3 3 3 1 1 3 4 1 1 1 2 1 4 1 3 4 1 1 2 1 1 4 1 4 1 4 1 3 4 4 4 1 1 1 4 1 3
117 0.065646 3 2 3 3 4 3 1 3 3 3 3 3 4 1 3 2 2 1 3 3 1 4 2 3 1 3 2 3 1 4 1 2 1 4 4 1 2 3 3 4 1 2 1 2 1 4 1 3 1 3 2 3 3 4 1 3 4 2 4 3 3 3 1 1 3 4 1 1 1 2 1 4 1 3 4 1 1 2 1 1 4 1 4 1 4 1 1 4 4 4 1 1 1 4 1 1
117 0.058455 3 2 3 1 4 3 1 3 3 3 3 3 4 1 3 2 2 1 3 3 1 4 2 3 1 3 2 1 1 4 1 2 1 4 4 1 2 3 3 4 1 2 1 2 1 4 1 3 1 3 2 3 3 4 1 3 4 2 4 3 3 3 1 1 3 4 1 1 1 2 1 4 1 3 4 1 1 2 1 1 4 1 4 1 4 1 3 4 4 4 1 1 1 2 3 3
117 0.065646 3 2 3 3 4 3 1 3 3 3 3 3 4 1 3 2 2 3 3 3 1 4 2 3 1 3 2 1 1 4 1 2 1 4 4 1 2 3 1 4 1 2 1 2 1 4 1 3 1 3 2 3 3 4 1 3 4 2 4 3 3 3 1 1 3 4 1 1 1 2 1 4 1 3 4 1 1 2 1 1 4 1 4 1 4 1 3 4 4 4 1 1 1 4 1 3
117 0.058455 3 2 3 3 4 1 1 3 3 3 3 3 4 1 3 2 2 1 3 3 1 4 2 3 1 3 2 1 1 4 1 2 1 4 4 1 2 3 3 4 1 2 1 2 1 4 1 3 1 3 2 3 3 4 1 3 4 2 4 3 3 3 1 1 3 4 1 1 1 2 1 4 1 3 4 1 1 2 1 1 4 1 4 1 4 1 3 4 4 4 1 1 1 4 1 3
118 0.061652 3 2 3 3 4 3 1 3 1 3 3 3 4 1 3 2 1 3 3 3 1 4 2 3 1 3 2 1 1 4 1 2 1 4 4 1 2 3 3 4 1 2 1 2 1 4 1 3 1 3 2 3 3 4 1 1 4 2 4 3 3 3 1 1 3 4 1 1 1 2 1 4 1 3 4 1 1 2 1 1 4 1 4 1 4 1 3 4 4 4 1 1 1 4 1 3
118 0.061652 3 2 3 3 4 1 1 3 3 3 3 3 4 1 3 2 2 1 3 1 1 4 2 3 1 3 2 1 1 4 1 2 1 4 4 1 2 3 3 4 1 2 1 2 1 4 1 3 1 3 2 3 3 4 1 3 4 2 4 3 3 3 1 1 3 4 1 1 1 2 1 4 1 3 4 1 1 2 1 1 4 1 3 1 4 1 3 4 4 4 1 1 1 4 1 3
118 0.061652 3 2 3 3 4 3 1 3 3 3 3 3 4 1 3 2 2 1 3 3 1 4 2 3 1 3 2 1 1 4 1 2 1 4 4 1 2 3 3 4 1 2 1 2 1 4 1 3 1 3 2 3 3 4 1 3 4 2 4 3 3 3 1 1 3 4 1 1 1 2 1 4 1 3 4 1 1 2 1 1 4 1 4 1 4 1 3 4 4 4 1 1 1 4 1 3
118 0.061652 3 2 3 3 4 3 1 3 3 3 3 3 4 1 3 2 2 1 3 3 1 4 2 3 1 3 2 1 1 4 1 2 1 4 4 1 2 3 3 4 1 2 1 2 1 4 1 3 1 1 2 3 3 4 1 3 4 2 4 3 3 3 1 1 3 4 1 1 1 2 1 4 1 3 4 1 1 2 1 1 4 1 4 1 4 1 3 4 4 4 1 1 1 4 1 3
118 0.063590 3 2 3 3 4 3 1 3 3 3 3 3 4 1 3 2 1 3 3 3 1 4 4 3 1 1 1 1 1 4 1 2 1 4 1 3 2 3 3 4 1 2 1 2 1 4 1 3 3 3 2 3 3 4 1 3 4 2 4 3 3 3 1 1 3 4 1 1 1 2 1 4 1 3 4 1 1 2 1 1 4 1 4 1 4 1 3 4 4 4 1 1 1 4 1 3
118 0.063590 3 2 3 3 4 3 1 3 3 3 3 3 4 1 3 2 1 3 3 3 1 4 4 3 1 3 2 1 1 4 1 2 1 4 1 1 2 3 3 4 1 2 1 2 1 4 1 3 1 3 2 3 3 4 1 3 4 2 4 3 3 3 1 1 3 4 1 1 1 2 1 4 1 3 4 1 1 2 1 1 4 1 4 1 4 1 3 4 4 4 1 1 1 4 1 3
118 0.061652 3 2 3 3 4 3 1 3 3 3 3 3 4 1 3 2 1 3 3 3 1 4 2 3 1 3 2 1 1 4 1 2 1 4 4 1 2 3 3 4 1 2 1 2 3 4 1 3 1 3 2 3 3 4 1 3 4 2 4 3 3 3 1 1 3 4 1 1 1 2 1 4 1 3 4 1 1 2 1 1 4 1 4 1 2 1 3 3 4 4 1 1 1 4 1 3
118 0.063590 3 2 3 1 4 3 1 3 3 3 3 3 4 1 3 2 2 1 3 3 1 4 2 3 1 3 2 1 1 4 1 2 1 4 4 1 2 3 3 4 1 2 1 2 1 4 1 3 1 3 2 3 3 4 1 3 4 2 4 3 3 3 1 1 3 4 1 1 1 2 1 4 1 3 4 1 1 2 1 1 4 1 4 1 4 1 3 4 4 4 1 1 1 4 1 3
118 0.061652 3 2 3 3 4 3 1 3 3 3 3 3 4 1 3 2 2 1 3 3 1 4 2 3 3 3 2 1 1 4 1 2 1 4 4 1 2 3 3 4 1 2 1 2 1 4 1 3 1 3 2 3 3 4 1 3 4 2 4 3 3 3 1 1 3 4 1 1 1 2 1 4 1 3 4 1 1 2 1 1 4 1 4 1 4 1 3 4 4 4 1 1 1 4 1 3
118 0.063590 3 2 3 1 4 3 1 3 3 3 3 3 4 1 3 2 2 1 3 3 1 4 2 3 1 3 2 1 1 4 1 2 1 4 4 1 2 3 3 4 1 2 1 2 1 4 1 3 1 3 2 3 3 4 1 3 4 2 4 3 3 3 1 1 3 4 1 1 1 2 1 4 1 3 4 1 1 2 1 1 4 1 4 1 4 1 3 4 4 4 1 3 1 4 1 3
118 0.061652 3 2 3 3 4 3 1 3 3 3 3 3 4 1 3 2 2 1 3 3 1 4 2 3 1 3 2 1 1 4 1 2 1 4 4 1 2 3 3 4 1 2 1 2 1 4 1 3 1 1 2 3 3 4 1 3 4 2 4 3 3 3 1 1 3 4 1 1 1 2 1 4 1 3 4 1 1 2 1 1 4 1 4 3 4 1 3 4 4 4 1 1 1 4 1 3
118 0.063590 3 2 3 1 4 3 1 3 3 3 3 3 4 1 3 2 2 1 3 3 1 4 2 3 1 3 2 1 1 4 1 2 1 4 4 1 2 0 3 4 1 2 1 2 1 4 1 3 1 3 2 3 1 4 1 3 4 2 4 3 3 3 1 1 3 4 1 1 1 2 1 4 1 3 4 1 1 2 1 1 4 1 4 1 4 1 3 4 4 4 1 1 1 4 1 3
118 0.061652 3 2 3 3 4 3 1 3 3 3 3 3 4 1 3 2 2 1 3 3 1 4 2 3 1 3 2 3 1 4 1 2 1 4 4 1 2 3 3 4 1 2 1 2 1 4 1 3 1 3 2 3 3 4 1 3 4 2 4 3 3 3 1 1 3 4 1 1 1 2 1 4 1 3 4 1 1 2 1 1 4 1 4 1 4 1 1 4 4 4 1 1 1 4 1 1
118 0.063590 3 2 3 1 4 3 1 3 3 3 3 3 4 1 3 2 2 1 3 3 1 4 2 3 1 3 2 1 1 4 1 2 1 4 4 1 2 3 3 4 1 2 1 2 1 4 1 3 1 3 2 3 3 4 1 3 4 2 4 3 3 3 1 1 3 4 1 1 1 2 1 4 1 3 4 1 1 2 1 1 4 1 4 1 4 1 3 4 4 4 1 1 1 2 3 3
118 0.061652 3 2 3 3 4 3 1 3 3 3 3 3 4 1 3 2 2 3 3 3 1 4 2 3 1 3 2 1 1 4 1 2 1 4 4 1 2 3 1 4 1 2 1 2 1 4 1 3 1 3 2 3 3 4 1 3 4 2 4 3 3 3 1 1 3 4 1 1 1 2 1 4 1 3 4 1 1 2 1 1 4 1 4 1 4 1 3 4 4 4 1 1 1 4 1 3
118 0.063590 3 2 3 3 4 1 1 3 3 3 3 3 4 1 3 2 2 1 3 3 1 4 2 3 1 3 2 1 1 4 1 2 1 4 4 1 2 3 3 4 1 2 1 2 1 4 1 3 1 3 2 3 3 4 1 3 4 2 4 3 3 3 1 1 3 4 1 1 1 2 1 4 1 3 4 1 1 2 1 1 4 1 4 1 4 1 3 4 4 4 1 1 1 4 1 3
119 0.057595 3 2 3 3 4 3 1 3 1 3 3 3 4 1 3 2 1 3 3 3 1 4 2 3 1 3 2 1 1 4 1 2 1 4 4 1 2 3 3 4 1 2 1 2 1 4 1 3 1 3 2 3 3 4 1 1 4 2 4 3 3 3 1 1 3 4 1 1 1 2 1 4 1 3 4 1 1 2 1 1 4 1 4 1 4 1 3 4 4 4 1 1 1 4 1 3
119 0.057595 3 2 3 3 4 1 1 3 3 3 3 3 4 1 3 2 2 1 3 1 1 4 2 3 1 3 2 1 1 4 1 2 1 4 4 1 2 3 3 4 1 2 1 2 1 4 1 3 1 3 2 3 3 4 1 3 4 2 4 3 3 3 1 1 3 4 1 1 1 2 1 4 1 3 4 1 1 2 1 1 4 1 3 1 4 1 3 4 4 4 1 1 1 4 1 3
119 0.057595 3 2 3 3 4 3 1 3 3 3 3 3 4 1 3 2 2 1 3 3 1 4 2 3 1 3 2 1 1 4 1 2 1 4 4 1 2 3 3 4 1 2 1 2 1 4 1 3 1 3 2 3 3 4 1 3 4 2 4 3 3 3 1 1 3 4 1 1 1 2 1 4 1 3 4 1 1 2 1 1 4 1 4 1 4 1 3 4 4 4 1 1 1 4 1 3
119 0.057595 3 2 3 3 4 3 1 3 3 3 3 3 4 1 3 2 2 1 3 3 1 4 2 3 1 3 2 1 1 4 1 2 1 4 4 1 2 3 3 4 1 2 1 2 1 4 1 3 1 1 2 3 3 4 1 3 4 2 4 3 3 3 1 1 3 4 1 1 1 2 1 4 1 3 4 1 1 2 1 1 4 1 4 1 4 1 3 4 4 4 1 1 1 4 1 3
119 0.068807 3 2 3 3 4 3 1 3 3 3 3 3 4 1 3 2 1 3 3 3 1 4 4 3 1 1 1 1 1 4 1 2 1 4 1 3 2 3 3 4 1 2 1 2 1 4 1 3 3 3 2 3 3 4 1 3 4 2 4 3 3 3 1 1 3 4 1 1 1 2 1 4 1 3 4 1 1 2 1 1 4 1 4 1 4 1 3 4 4 4 1 1 1 4 1 3
119 0.068807 3 2 3 3 4 3 1 3 3 3 3 3 4 1 3 2 1 3 3 3 1 4 4 3 1 3 2 1 1 4 1 2 1 4 1 1 2 3 3 4 1 2 1 2 1 4 1 3 1 3 2 3 3 4 1 3 4 2 4 3 3 3 1 1 3 4 1 1 1 2 1 4 1 3 4 1 1 2 1 1 4 1 4 1 4 1 3 4 4 4 1 1 1 4 1 3
119 0.057595 3 2 3 3 4 3 1 3 3 3 3 3 4 1 3 2 1 3 3 3 1 4 2 3 1 3 2 1 1 4 1 2 1 4 4 1 2 3 3 4 1 2 1 2 3 4 1 3 1 3 2 3 3 4 1 3 4 2 4 3 3 3 1 1 3 4 1 1 1 2 1 4 1 3 4 1 1 2 1 1 4 1 4 1 2 1 3 3 4 4 1 1 1 4 1 3
119 0.068807 3 2 3 1 4 3 1 3 3 3 3 3 4 1 3 2 2 1 3 3 1 4 2 3 1 3 2 1 1 4 1 2 1 4 4 1 2 3 3 4 1 2 1 2 1 4 1 3 1 3 2 3 3 4 1 3 4 2 4 3 3 3 1 1 3 4 1 1 1 2 1 4 1 3 4 1 1 2 1 1 4 1 4 1 4 1 3 4 4 4 1 1 1 4 1 3
119 0.057595 3 2 3 3 4 3 1 3 3 3 3 3 4 1 3 2 2 1 3 3 1 4 2 3 3 3 2 1 1 4 1 2 1 4 4 1 2 3 3 4 1 2 1 2 1 4 1 3 1 3 2 3 3 4 1 3 4 2 4 3 3 3 1 1 3 4 1 1 1 2 1 4 1 3 4 1 1 2 1 1 4 1 4 1 4 1 3 4 4 4 1 1 1 4 1 3
119 0.068807 3 2 3 1 4 3 1 3 3 3 3 3 4 1 3 2 2 1 3 3 1 4 2 3 1 3 2 1 1 4 1 2 1 4 4 1 2 3 3 4 1 2 1 2 1 4 1 3 1 3 2 3 3 4 1 3 4 2 4 3 3 3 1 1 3 4 1 1 1 2 1 4 1 3 4 1 1 2 1 1 4 1 4 1 4 1 3 4 4 4 1 3 1 4 1 3
119 0.057595 3 2 3 3 4 3 1 3 3 3 3 3 4 1 3 2 2 1 3 3 1 4 2 3 1 3 2 1 1 4 1 2 1 4 4 1 2 3 3 4 1 2 1 2 1 4 1 3 1 1 2 3 3 4 1 3 4 2 4 3 3 3 1 1 3 4 1 1 1 2 1 4 1 3 4 1 1 2 1 1 4 1 4 3 4 1 3 4 4 4 1 1 1 4 1 3
119 0.068807 3 2 3 1 4 3 1 3 3 3 3 3 4 1 3 2 2 1 3 3 1 4 2 3 1 3 2 1 1 4 1 2 1 4 4 1 2 0 3 4 1 2 1 2 1 4 1 3 1 3 2 3 1 4 1 3 4 2 4 3 3 3 1 1 3 4 1 1 1 2 1 4 1 3 4 1 1 2 1 1 4 1 4 1 4 1 3 4 4 4 1 1 1 4 1 3
119 0.057595 3 2 3 3 4 3 1 3 3 3 3 3 4 1 3 2 2 1 3 3 1 4 2 3 1 3 2 3 1 4 1 2 1 4 4 1 2 3 3 4 1 2 1 2 1 4 1 3 1 3 2 3 3 4 1 3 4 2 4 3 3 3 1 1 3 4 1 1 1 2 1 4 1 3 4 1 1 2 1 1 4 1 4 1 4 1 1 4 4 4 1 1 1 4 1 1
119 0.068807 3 2 3 1 4 3 1 3 3 3 3 3 4 1 3 2 2 1 3 3 1 4 2 3 1 3 2 1 1 4 1 2 1 4 4 1 2 3 3 4 1 2 1 2 1 4 1 3 1 3 2 3 3 4 1 3 4 2 4 3 3 3 1 1 3 4 1 1 1 2 1 4 1 3 4 1 1 2 1 1 4 1 4 1 4 1 3 4 4 4 1 1 1 2 3 3
119 0.057595 3 2 3 3 4 3 1 3 3 3 3 3 4 1 3 2 2 3 3 3 1 4 2 3 1 3 2 1 1 4 1 2 1 4 4 1 2 3 1 4 1 2 1 2 1 4 1 3 1 3 2 3 3 4 1 3 4 2 4 3 3 3 1 1 3 4 1 1 1 2 1 4 1 3 4 1 1 2 1 1 4 1 4 1 4 1 3 4 4 4 1 1 1 4 1 3
119 0.068807 3 2 3 3 4 1 1 3 3 3 3 3 4 1 3 2 2 1 3 3 1 4 2 3 1 3 2 1 1 4 1 2 1 4 4 1 2 3 3 4 1 2 1 2 1 4 1 3 1 3 2 3 3 4 1 3 4 2 4 3 3 3 1 1 3 4 1 1 1 2 1 4 1 3 4 1 1 2 1 1 4 1 4 1 4 1 3 4 4 4 1 1 1 4 1 3
120 0.053516 3 2 3 3 4 3 1 3 1 3 3 3 4 1 3 2 1 3 3 3 1 4 2 3 1 3 2 1 1 4 1 2 1 4 4 1 2 3 3 4 1 2 1 2 1 4 1 3 1 3 2 3 3 4 1 1 4 2 4 3 3 3 1 1 3 4 1 1 1 2 1 4 1 3 4 1 1 2 1 1 4 1 4 1 4 1 3 4 4 4 1 1 1 4 1 3
120 0.053516 3 2 3 3 4 1 1 3 3 3 3 3 4 1 3 2 2 1 3 1 1 4 2 3 1 3 2 1 1 4 1 2 1 4 4 1 2 3 3 4 1 2 1 2 1 4 1 3 1 3 2 3 3 4 1 3 4 2 4 3 3 3 1 1 3 4 1 1 1 2 1 4 1 3 4 1 1 2 1 1 4 1 3 1 4 1 3 4 4 4 1 1 1 4 1 3
120 0.053516 3 2 3 3 4 3 1 3 3 3 3 3 4 1 3 2 2 1 3 3 1 4 2 3 1 3 2 1 1 4 1 2 1 4 4 1 2 3 3 4 1 2 1 2 1 4 1 3 1 3 2 3 3 4 1 3 4 2 4 3 3 3 1 1 3 4 1 1 1 2 1 4 1 3 4 1 1 2 1 1 4 1 4 1 4 1 3 4 4 4 1 1 1 4 1 3
120 0.053516 3 2 3 3 4 3 1 3 3 3 3 3 4 1 3 2 2 1 3 3 1 4 2 3 1 3 2 1 1 4 1 2 1 4 4 1 2 3 3 4 1 2 1 2 1 4 1 3 1 1 2 3 3 4 1 3 4 2 4 3 3 3 1 1 3 4 1 1 1 2 1 4 1 3 4 1 1 2 1 1 4 1 4 1 4 1 3 4 4 4 1 1 1 4 1 3
120 0.074051 3 2 3 3 4 3 1 3 3 3 3 3 4 1 3 2 1 3 3 3 1 4 4 3 1 1 1 1 1 4 1 2 1 4 1 3 2 3 3 4 1 2 1 2 1 4 1 3 3 3 2 3 3 4 1 3 4 2 4 3 3 3 1 1 3 4 1 1 1 2 1 4 1 3 4 1 1 2 1 1 4 1 4 1 4 1 3 4 4 4 1 1 1 4 1 3
120 0.074051 3 2 3 3 4 3 1 3 3 3 3 3 4 1 3 2 1 3 3 3 1 4 4 3 1 3 2 1 1 4 1 2 1 4 1 1 2 3 3 4 1 2 1 2 1 4 1 3 1 3 2 3 3 4 1 3 4 2 4 3 3 3 1 1 3 4 1 1 1 2 1 4 1 3 4 1 1 2 1 1 4 1 4 1 4 1 3 4 4 4 1 1 1 4 1 3
120 0.053516 3 2 3 3 4 3 1 3 3 3 3 3 4 1 3 2 1 3 3 3 1 4 2 3 1 3 2 1 1 4 1 2 1 4 4 1 2 3 3 4 1 2 1 2 3 4 1 3 1 3 2 3 3 4 1 3 4 2 4 3 3 3 1 1 3 4 1 1 1 2 1 4 1 3 4 1 1 2 1 1 4 1 4 1 2 1 3 3 4 4 1 1 1 4 1 3
120 0.074051 3 2 3 1 4 3 1 3 3 3 3 3 4 1 3 2 2 1 3 3 1 4 2 3 1 3 2 1 1 4 1 2 1 4 4 1 2 3 3 4 1 2 1 2 1 4 1 3 1 3 2 3 3 4 1 3 4 2 4 3 3 3 1 1 3 4 1 1 1 2 1 4 1 3 4 1 1 2 1 1 4 1 4 1 4 1 3 4 4 4 1 1 1 4 1 3
120 0.053516 3 2 3 3 4 3 1 3 3 3 3 3 4 1 3 2 2 1 3 3 1 4 2 3 3 3 2 1 1 4 1 2 1 4 4 1 2 3 3 4 1 2 1 2 1 4 1 3 1 3 2 3 3 4 1 3 4 2 4 3 3 3 1 1 3 4 1 1 1 2 1 4 1 3 4 1 1 2 1 1 4 1 4 1 4 1 3 4 4 4 1 1 1 4 1 3
120 0.074051 3 2 3 1 4 3 1 3 3 3 3 3 4 1 3 2 2 1 3 3 1 4 2 3 1 3 2 1 1 4 1 2 1 4 4 1 2 3 3 4 1 2 1 2 1 4 1 3 1 3 2 3 3 4 1 3 4 2 4 3 3 3 1 1 3 4 1 1 1 2 1 4 1 3 4 1 1 2 1 1 4 1 4 1 4 1 3 4 4 4 1 3 1 4 1 3
120 0.053516 3 2 3 3 4 3 1 3 3 3 3 3 4 1 3 2 2 1 3 3 1 4 2 3 1 3 2 1 1 4 1 2 1 4 4 1 2 3 3 4 1 2 1 2 1 4 1 3 1 1 2 3 3 4 1 3 4 2 4 3 3 3 1 1 3 4 1 1 1 2 1 4 1 3 4 1 1 2 1 1 4 1 4 3 4 1 3 4 4 4 1 1 1 4 1 3
120 0.074051 3 2 3 1 4 3 1 3 3 3 3 3 4 1 3 2 2 1 3 3 1 4 2 3 1 3 2 1 1 4 1 2 1 4 4 1 2 0 3 4 1 2 1 2 1 4 1 3 1 3 2 3 1 4 1 3 4 2 4 3 3 3 1 1 3 4 1 1 1 2 1 4 1 3 4 1 1 2 1 1 4 1 4 1 4 1 3 4 4 4 1 1 1 4 1 3
120 0.053516 3 2 3 3 4 3 1 3 3 3 3 3 4 1 3 2 2 1 3 3 1 4 2 3 1 3 2 3 1 4 1 2 1 4 4 1 2 3 3 4 1 2 1 2 1 4 1 3 1 3 2 3 3 4 1 3 4 2 4 3 3 3 1 1 3 4 1 1 1 2 1 4 1 3 4 1 1 2 1 1 4 1 4 1 4 1 1 4 4 4 1 1 1 4 1 1
120 0.074051 3 2 3 1 4 3 1 3 3 3 3 3 4 1 3 2 2 1 3 3 1 4 2 3 1 3 2 1 1 4 1 2 1 4 4 1 2 3 3 4 1 2 1 2 1 4 1 3 1 3 2 3 3 4 1 3 4 2 4 3 3 3 1 1 3 4 1 1 1 2 1 4 1 3 4 1 1 2 1 1 4 1 4 1 4 1 3 4 4 4 1 1 1 2 3 3
120 0.053516 3 2 3 3 4 3 1 3 3 3 3 3 4 1 3 2 2 3 3 3 1 4 2 3 1 3 2 1 1 4 1 2 1 4 4 1 2 3 1 4 1 2 1 2 1 4 1 3 1 3 2 3 3 4 1 3 4 2 4 3 3 3 1 1 3 4 1 1 1 2 1 4 1 3 4 1 1 2 1 1 4 1 4 1 4 1 3 4 4 4 1 1 1 4 1 3
120 0.074051 3 2 3 3 4 1 1 3 3 3 3 3 4 1 3 2 2 1 3 3 1 4 2 3 1 3 2 1 1 4 1 2 1 4 4 1 2 3 3 4 1 2 1 2 1 4 1 3 1 3 2 3 3 4 1 3 4 2 4 3 3 3 1 1 3 4 1 1 1 2 1 4 1 3 4 1 1 2 1 1 4 1 4 1 4 1 3 4 4 4 1 1 1 4 1 3
121 0.049459 3 2 3 3 4 3 1 3 1 3 3 3 4 1 3 2 1 3 3 3 1 4 2 3 1 3 2 1 1 4 1 2 1 4 4 1 2 3 3 4 1 2 1 2 1 4 1 3 1 3 2 3 3 4 1 1 4 2 4 3 3 3 1 1 3 4 1 1 1 2 1 4 1 3 4 1 1 2 1 1 4 1 4 1 4 1 3 4 4 4 1 1 1 4 1 3
121 0.049459 3 2 3 3 4 1 1 3 3 3 3 3 4 1 3 2 2 1 3 1 1 4 2 3 1 3 2 1 1 4 1 2 1 4 4 1 2 3 3 4 1 2 1 2 1 4 1 3 1 3 2 3 3 4 1 3 4 2 4 3 3 3 1 1 3 4 1 1 1 2 1 4 1 3 4 1 1 2 1 1 4 1 3 1 4 1 3 4 4 4 1 1 1 4 1 3
121 0.049459 3 2 3 3 4 3 1 3 3 3 3 3 4 1 3 2 2 1 3 3 1 4 2 3 1 3 2 1 1 4 1 2 1 4 4 1 2 3 3 4 1 2 1 2 1 4 1 3 1 3 2 3 3 4 1 3 4 2 4 3 3 3 1 1 3 4 1 1 1 2 1 4 1 3 4 1 1 2 1 1 4 1 4 1 4 1 3 4 4 4 1 1 1 4 1 3
121 0.049459 3 2 3 3 4 3 1 3 3 3 3 3 4 1 3 2 2 1 3 3 1 4 2 3 1 3 2 1 1 4 1 2 1 4 4 1 2 3 3 4 1 2 1 2 1 4 1 3 1 1 2 3 3 4 1 3 4 2 4 3 3 3 1 1 3 4 1 1 1 2 1 4 1 3 4 1 1 2 1 1 4 1 4 1 4 1 3 4 4 4 1 1 1 4 1 3
121 0.079267 3 2 3 3 4 3 1 3 3 3 3 3 4 1 3 2 1 3 3 3 1 4 4 3 1 1 1 1 1 4 1 2 1 4 1 3 2 3 3 4 1 2 1 2 1 4 1 3 3 3 2 3 3 4 1 3 4 2 4 3 3 3 1 1 3 4 1 1 1 2 1 4 1 3 4 1 1 2 1 1 4 1 4 1 4 1 3 4 4 4 1 1 1 4 1 3
121 0.079267 3 2 3 3 4 3 1 3 3 3 3 3 4 1 3 2 1 3 3 3 1 4 4 3 1 3 2 1 1 4 1 2 1 4 1 1 2 3 3 4 1 2 1 2 1 4 1 3 1 3 2 3 3 4 1 3 4 2 4 3 3 3 1 1 3 4 1 1 1 2 1 4 1 3 4 1 1 2 1 1 4 1 4 1 4 1 3 4 4 4 1 1 1 4 1 3
121 0.049459 3 2 3 3 4 3 1 3 3 3 3 3 4 1 3 2 1 3 3 3 1 4 2 3 1 3 2 1 1 4 1 2 1 4 4 1 2 3 3 4 1 2 1 2 3 4 1 3 1 3 2 3 3 4 1 3 4 2 4 3 3 3 1 1 3 4 1 1 1 2 1 4 1 3 4 1 1 2 1 1 4 1 4 1 2 1 3 3 4 4 1 1 1 4 1 3
121 0.079267 3 2 3 1 4 3 1 3 3 3 3 3 4 1 3 2 2 1 3 3 1 4 2 3 1 3 2 1 1 4 1 2 1 4 4 1 2 3 3 4 1 2 1 2 1 4 1 3 1 3 2 3 3 4 1 3 4 2 4 3 3 3 1 1 3 4 1 1 1 2 1 4 1 3 4 1 1 2 1 1 4 1 4 1 4 1 3 4 4 4 1 1 1 4 1 3
121 0.049459 3 2 3 3 4 3 1 3 3 3 3 3 4 1 3 2 2 1 3 3 1 4 2 3 3 3 2 1 1 4 1 2 1 4 4 1 2 3 3 4 1 2 1 2 1 4 1 3 1 3 2 3 3 4 1 3 4 2 4 3 3 3 1 1 3 4 1 1 1 2 1 4 1 3 4 1 1 2 1 1 4 1 4 1 4 1 3 4 4 4 1 1 1 4 1 3
121 0.079267 3 2 3 1 4 3 1 3 3 3 3 3 4 1 3 2 2 1 3 3 1 4 2 3 1 3 2 1 1 4 1 2 1 4 4 1 2 3 3 4 1 2 1 2 1 4 1 3 1 3 2 3 3 4 1 3 4 2 4 3 3 3 1 1 3 4 1 1 1 2 1 4 1 3 4 1 1 2 1 1 4 1 4 1 4 1 3 4 4 4 1 3 1 4 1 3
121 0.049459 3 2 3 3 4 3 1 3 3 3 3 3 4 1 3 2 2 1 3 3 1 4 2 3 1 3 2 1 1 4 1 2 1 4 4 1 2 3 3 4 1 2 1 2 1 4 1 3 1 1 2 3 3 4 1 3 4 2 4 3 3 3 1 1 3 4 1 1 1 2 1 4 1 3 4 1 1 2 1 1 4 1 4 3 4 1 3 4 4 4 1 1 1 4 1 3
121 0.079267 3 2 3 1 4 3 1 3 3 3 3 3 4 1 3 2 2 1 3 3 1 4 2 3 1 3 2 1 1 4 1 2 1 4 4 1 2 0 3 4 1 2 1 2 1 4 1 3 1 3 2 3 1 4 1 3 4 2 4 3 3 3 1 1 3 4 1 1 1 2 1 4 1 3 4 1 1 2 1 1 4 1 4 1 4 1 3 4 4 4 1 1 1 4 1 3
121 0.049459 3 2 3 3 4 3 1 3 3 3 3 3 4 1 3 2 2 1 3 3 1 4 2 3 1 3 2 3 1 4 1 2 1 4 4 1 2 3 3 4 1 2 1 2 1 4 1 3 1 3 2 3 3 4 1 3 4 2 4 3 3 3 1 1 3 4 1 1 1 2 1 4 1 3 4 1 1 2 1 1 4 1 4 1 4 1 1 4 4 4 1 1 1 4 1 1
121 0.079267 3 2 3 1 4 3 1 3 3 3 3 3 4 1 3 2 2 1 3 3 1 4 2 3 1 3 2 1 1 4 1 2 1 4 4 1 2 3 3 4 1 2 1 2 1 4 1 3 1 3 2 3 3 4 1 3 4 2 4 3 3 3 1 1 3 4 1 1 1 2 1 4 1 3 4 1 1 2 1 1 4 1 4 1 4 1 3 4 4 4 1 1 1 2 3 3
121 0.049459 3 2 3 3 4 3 1 3 3 3 3 3 4 1 3 2 2 3 3 3 1 4 2 3 1 3 2 1 1 4 1 2 1 4 4 1 2 3 1 4 1 2 1 2 1 4 1 3 1 3 2 3 3 4 1 3 4 2 4 3 3 3 1 1 3 4 1 1 1 2 1 4 1 3 4 1 1 2 1 1 4 1 4 1 4 1 3 4 4 4 1 1 1 4 1 3
121 0.079267 3 2 3 3 4 1 1 3 3 3 3 3 4 1 3 2 2 1 3 3 1 4 2 3 1 3 2 1 1 4 1 2 1 4 4 1 2 3 3 4 1 2 1 2 1 4 1 3 1 3 2 3 3 4 1 3 4 2 4 3 3 3 1 1 3 4 1 1 1 2 1 4 1 3 4 1 1 2 1 1 4 1 4 1 4 1 3 4 4 4 1 1 1 4 1 3
122 0.045465 3 2 3 3 4 3 1 3 1 3 3 3 4 1 3 2 1 3 3 3 1 4 2 3 1 3 2 1 1 4 1 2 1 4 4 1 2 3 3 4 1 2 1 2 1 4 1 3 1 3 2 3 3 4 1 1 4 2 4 3 3 3 1 1 3 4 1 1 1 2 1 4 1 3 4 1 1 2 1 1 4 1 4 1 4 1 3 4 4 4 1 1 1 4 1 3
122 0.045465 3 2 3 3 4 1 1 3 3 3 3 3 4 1 3 2 2 1 3 1 1 4 2 3 1 3 2 1 1 4 1 2 1 4 4 1 2 3 3 4 1 2 1 2 1 4 1 3 1 3 2 3 3 4 1 3 4 2 4 3 3 3 1 1 3 4 1 1 1 2 1 4 1 3 4 1 1 2 1 1 4 1 3 1 4 1 3 4 4 4 1 1 1 4 1 3
122 0.045465 3 2 3 3 4 3 1 3 3 3 3 3 4 1 3 2 2 1 3 3 1 4 2 3 1 3 2 1 1 4 1 2 1 4 4 1 2 3 3 4 1 2 1 2 1 4 1 3 1 3 2 3 3 4 1 3 4 2 4 3 3 3 1 1 3 4 1 1 1 2 1 4 1 3 4 1 1 2 1 1 4 1 4 1 4 1 3 4 4 4 1 1 1 4 1 3
122 0.045465 3 2 3 3 4 3 1 3 3 3 3 3 4 1 3 2 2 1 3 3 1 4 2 3 1 3 2 1 1 4 1 2 1 4 4 1 2 3 3 4 1 2 1 2 1 4 1 3 1 1 2 3 3 4 1 3 4 2 4 3 3 3 1 1 3 4 1 1 1 2 1 4 1 3 4 1 1 2 1 1 4 1 4 1 4 1 3 4 4 4 1 1 1 4 1 3
122 0.084402 3 2 3 3 4 3 1 3 3 3 3 3 4 1 3 2 1 3 3 3 1 4 4 3 1 1 1 1 1 4 1 2 1 4 1 3 2 3 3 4 1 2 1 2 1 4 1 3 3 3 2 3 3 4 1 3 4 2 4 3 3 3 1 1 3 4 1 1 1 2 1 4 1 3 4 1 1 2 1 1 4 1 4 1 4 1 3 4 4 4 1 1 1 4 1 3
122 0.084402 3 2 3 3 4 3 1 3 3 3 3 3 4 1 3 2 1 3 3 3 1 4 4 3 1 3 2 1 1 4 1 2 1 4 1 1 2 3 3 4 1 2 1 2 1 4 1 3 1 3 2 3 3 4 1 3 4 2 4 3 3 3 1 1 3 4 1 1 1 2 1 4 1 3 4 1 1 2 1 1 4 1 4 1 4 1 3 4 4 4 1 1 1 4 1 3
122 0.045465 3 2 3 3 4 3 1 3 3 3 3 3 4 1 3 2 1 3 3 3 1 4 2 3 1 3 2 1 1 4 1 2 1 4 4 1 2 3 3 4 1 2 1 2 3 4 1 3 1 3 2 3 3 4 1 3 4 2 4 3 3 3 1 1 3 4 1 1 1 2 1 4 1 3 4 1 1 2 1 1 4 1 4 1 2 1 3 3 4 4 1 1 1 4 1 3
122 0.084402 3 2 3 1 4 3 1 3 3 3 3 3 4 1 3 2 2 1 3 3 1 4 2 3 1 3 2 1 1 4 1 2 1 4 4 1 2 3 3 4 1 2 1 2 1 4 1 3 1 3 2 3 3 4 1 3 4 2 4 3 3 3 1 1 3 4 1 1 1 2 1 4 1 3 4 1 1 2 1 1 4 1 4 1 4 1 3 4 4 4 1 1 1 4 1 3
122 0.045465 3 2 3 3 4 3 1 3 3 3 3 3 4 1 3 2 2 1 3 3 1 4 2 3 3 3 2 1 1 4 1 2 1 4 4 1 2 3 3 4 1 2 1 2 1 4 1 3 1 3 2 3 3 4 1 3 4 2 4 3 3 3 1 1 3 4 1 1 1 2 1 4 1 3 4 1 1 2 1 1 4 1 4 1 4 1 3 4 4 4 1 1 1 4 1 3
122 0.084402 3 2 3 1 4 3 1 3 3 3 3 3 4 1 3 2 2 1 3 3 1 4 2 3 1 3 2 1 1 4 1 2 1 4 4 1 2 3 3 4 1 2 1 2 1 4 1 3 1 3 2 3 3 4 1 3 4 2 4 3 3 3 1 1 3 4 1 1 1 2 1 4 1 3 4 1 1 2 1 1 4 1 4 1 4 1 3 4 4 4 1 3 1 4 1 3
122 0.045465 3 2 3 3 4 3 1 3 3 3 3 3 4 1 3 2 2 1 3 3 1 4 2 3 1 3 2 1 1 4 1 2 1 4 4 1 2 3 3 4 1 2 1 2 1 4 1 3 1 1 2 3 3 4 1 3 4 2 4 3 3 3 1 1 3 4 1 1 1 2 1 4 1 3 4 1 1 2 1 1 4 1 4 3 4 1 3 4 4 4 1 1 1 4 1 3
122 0.084402 3 2 3 1 4 3 1 3 3 3 3 3 4 1 3 2 2 1 3 3 1 4 2 3 1 3 2 1 1 4 1 2 1 4 4 1 2 0 3 4 1 2 1 2 1 4 1 3 1 3 2 3 1 4 1 3 4 2 4 3 3 3 1 1 3 4 1 1 1 2 1 4 1 3 4 1 1 2 1 1 4 1 4 1 4 1 3 4 4 4 1 1 1 4 1 3
122 0.045465 3 2 3 3 4 3 1 3 3 3 3 3 4 1 3 2 2 1 3 3 1 4 2 3 1 3 2 3 1 4 1 2 1 4 4 1 2 3 3 4 1 2 1 2 1 4 1 3 1 3 2 3 3 4 1 3 4 2 4 3 3 3 1 1 3 4 1 1 1 2 1 4 1 3 4 1 1 2 1 1 4 1 4 1 4 1 1 4 4 4 1 1 1 4 1 1
122 0.084402 3 2 3 1 4 3 1 3 3 3 3 3 4 1 3 2 2 1 3 3 1 4 2 3 1 3 2 1 1 4 1 2 1 4 4 1 2 3 3 4 1 2 1 2 1 4 1 3 1 3 2 3 3 4 1 3 4 2 4 3 3 3 1 1 3 4 1 1 1 2 1 4 1 3 4 1 1 2 1 1 4 1 4 1 4 1 3 4 4 4 1 1 1 2 3 3
122 0.045465 3 2 3 3 4 3 1 3 3 3 3 3 4 1 3 2 2 3 3 3 1 4 2 3 1 3 2 1 1 4 1 2 1 4 4 1 2 3 1 4 1 2 1 2 1 4 1 3 1 3 2 3 3 4 1 3 4 2 4 3 3 3 1 1 3 4 1 1 1 2 1 4 1 3 4 1 1 2 1 1 4 1 4 1 4 1 3 4 4 4 1 1 1 4 1 3
122 0.084402 3 2 3 3 4 1 1 3 3 3 3 3 4 1 3 2 2 1 3 3 1 4 2 3 1 3 2 1 1 4 1 2 1 4 4 1 2 3 3 4 1 2 1 2 1 4 1 3 1 3 2 3 3 4 1 3 4 2 4 3 3 3 1 1 3 4 1 1 1 2 1 4 1 3 4 1 1 2 1 1 4 1 4 1 4 1 3 4 4 4 1 1 1 4 1 3
123 0.041573 3 2 3 3 4 3 1 3 1 3 3 3 4 1 3 2 1 3 3 3 1 4 2 3 1 3 2 1 1 4 1 2 1 4 4 1 2 3 3 4 1 2 1 2 1 4 1 3 1 3 2 3 3 4 1 1 4 2 4 3 3 3 1 1 3 4 1 1 1 2 1 4 1 3 4 1 1 2 1 1 4 1 4 1 4 1 3 4 4 4 1 1 1 4 1 3
123 0.041573 3 2 3 3 4 1 1 3 3 3 3 3 4 1 3 2 2 1 3 1 1 4 2 3 1 3 2 1 1 4 1 2 1 4 4 1 2 3 3 4 1 2 1 2 1 4 1 3 1 3 2 3 3 4 1 3 4 2 4 3 3 3 1 1 3 4 1 1 1 2 1 4 1 3 4 1 1 2 1 1 4 1 3 1 4 1 3 4 4 4 1 1 1 4 1 3
123 0.041573 3 2 3 3 4 3 1 3 3 3 3 3 4 1 3 2 2 1 3 3 1 4 2 3 1 3 2 1 1 4 1 2 1 4 4 1 2 3 3 4 1 2 1 2 1 4 1 3 1 3 2 3 3 4 1 3 4 2 4 3 3 3 1 1 3 4 1 1 1 2 1 4 1 3 4 1 1 2 1 1 4 1 4 1 4 1 3 4 4 4 1 1 1 4 1 3
123 0.041573 3 2 3 3 4 3 1 3 3 3 3 3 4 1 3 2 2 1 3 3 1 4 2 3 1 3 2 1 1 4 1 2 1 4 4 1 2 3 3 4 1 2 1 2 1 4 1 3 1 1 2 3 3 4 1 3 4 2 4 3 3 3 1 1 3 4 1 1 1 2 1 4 1 3 4 1 1 2 1 1 4 1 4 1 4 1 3 4 4 4 1 1 1 4 1 3
123 0.089406 3 2 3 3 4 3 1 3 3 3 3 3 4 1 3 2 1 3 3 3 1 4 4 3 1 1 1 1 1 4 1 2 1 4 1 3 2 3 3 4 1 2 1 2 1 4 1 3 3 3 2 3 3 4 1 3 4 2 4 3 3 3 1 1 3 4 1 1 1 2 1 4 1 3 4 1 1 2 1 1 4 1 4 1 4 1 3 4 4 4 1 1 1 4 1 3
123 0.089406 3 2 3 3 4 3 1 3 3 3 3 3 4 1 3 2 1 3 3 3 1 4 4 3 1 3 2 1 1 4 1 2 1 4 1 1 2 3 3 4 1 2 1 2 1 4 1 3 1 3 2 3 3 4 1 3 4 2 4 3 3 3 1 1 3 4 1 1 1 2 1 4 1 3 4 1 1 2 1 1 4 1 4 1 4 1 3 4 4 4 1 1 1 4 1 3
123 0.041573 3 2 3 3 4 3 1 3 3 3 3 3 4 1 3 2 1 3 3 3 1 4 2 3 1 3 2 1 1 4 1 2 1 4 4 1 2 3 3 4 1 2 1 2 3 4 1 3 1 3 2 3 3 4 1 3 4 2 4 3 3 3 1 1 3 4 1 1 1 2 1 4 1 3 4 1 1 2 1 1 4 1 4 1 2 1 3 3 4 4 1 1 1 4 1 3
123 0.089406 3 2 3 1 4 3 1 3 3 3 3 3 4 1 3 2 2 1 3 3 1 4 2 3 1 3 2 1 1 4 1 2 1 4 4 1 2 3 3 4 1 2 1 2 1 4 1 3 1 3 2 3 3 4 1 3 4 2 4 3 3 3 1 1 3 4 1 1 1 2 1 4 1 3 4 1 1 2 1 1 4 1 4 1 4 1 3 4 4 4 1 1 1 4 1 3
123 0.041573 3 2 3 3 4 3 1 3 3 3 3 3 4 1 3 2 2 1 3 3 1 4 2 3 3 3 2 1 1 4 1 2 1 4 4 1 2 3 3 4 1 2 1 2 1 4 1 3 1 3 2 3 3 4 1 3 4 2 4 3 3 3 1 1 3 4 1 1 1 2 1 4 1 3 4 1 1 2 1 1 4 1 4 1 4 1 3 4 4 4 1 1 1 4 1 3
123 0.089406 3 2 3 1 4 3 1 3 3 3 3 3 4 1 3 2 2 1 3 3 1 4 2 3 1 3 2 1 1 4 1 2 1 4 4 1 2 3 3 4 1 2 1 2 1 4 1 3 1 3 2 3 3 4 1 3 4 2 4 3 3 3 1 1 3 4 1 1 1 2 1 4 1 3 4 1 1 2 1 1 4 1 4 1 4 1 3 4 4 4 1 3 1 4 1 3
123 0.041573 3 2 3 3 4 3 1 3 3 3 3 3 4 1 3 2 2 1 3 3 1 4 2 3 1 3 2 1 1 4 1 2 1 4 4 1 2 3 3 4 1 2 1 2 1 4 1 3 1 1 2 3 3 4 1 3 4 2 4 3 3 3 1 1 3 4 1 1 1 2 1 4 1 3 4 1 1 2 1 1 4 1 4 3 4 1 3 4 4 4 1 1 1 4 1 3
123 0.089406 3 2 3 1 4 3 1 3 3 3 3 3 4 1 3 2 2 1 3 3 1 4 2 3 1 3 2 1 1 4 1 2 1 4 4 1 2 0 3 4 1 2 1 2 1 4 1 3 1 3 2 3 1 4 1 3 4 2 4 3 3 3 1 1 3 4 1 1 1 2 1 4 1 3 4 1 1 2 1 1 4 1 4 1 4 1 3 4 4 4 1 1 1 4 1 3
123 0.041573 3 2 3 3 4 3 1 3 3 3 3 3 4 1 3 2 2 1 3 3 1 4 2 3 1 3 2 3 1 4 1 2 1 4 4 1 2 3 3 4 1 2 1 2 1 4 1 3 1 3 2 3 3 4 1 3 4 2 4 3 3 3 1 1 3 4 1 1 1 2 1 4 1 3 4 1 1 2 1 1 4 1 4 1 4 1 1 4 4 4 1 1 1 4 1 1
123 0.089406 3 2 3 1 4 3 1 3 3 3 3 3 4 1 3 2 2 1 3 3 1 4 2 3 1 3 2 1 1 4 1 2 1 4 4 1 2 3 3 4 1 2 1 2 1 4 1 3 1 3 2 3 3 4 1 3 4 2 4 3 3 3 1 1 3 4 1 1 1 2 1 4 1 3 4 1 1 2 1 1 4 1 4 1 4 1 3 4 4 4 1 1 1 2 3 3
123 0.041573 3 2 3 3 4 3 1 3 3 3 3 3 4 1 3 2 2 3 3 3 1 4 2 3 1 3 2 1 1 4 1 2 1 4 4 1 2 3 1 4 1 2 1 2 1 4 1 3 1 3 2 3 3 4 1 3 4 2 4 3 3 3 1 1 3 4 1 1 1 2 1 4 1 3 4 1 1 2 1 1 4 1 4 1 4 1 3 4 4 4 1 1 1 4 1 3
123 0.089406 3 2 3 3 4 1 1 3 3 3 3 3 4 1 3 2 2 1 3 3 1 4 2 3 1 3 2 1 1 4 1 2 1 4 4 1 2 3 3 4 1 2 1 2 1 4 1 3 1 3 2 3 3 4 1 3 4 2 4 3 3 3 1 1 3 4 1 1 1 2 1 4 1 3 4 1 1 2 1 1 4 1 4 1 4 1 3 4 4 4 1 1 1 4 1 3
124 0.037818 3 2 3 3 4 3 1 3 1 3 3 3 4 1 3 2 1 3 3 3 1 4 2 3 1 3 2 1 1 4 1 2 1 4 4 1 2 3 3 4 1 2 1 2 1 4 1 3 1 3 2 3 3 4 1 1 4 2 4 3 3 3 1 1 3 4 1 1 1 2 1 4 1 3 4 1 1 2 1 1 4 1 4 1 4 1 3 4 4 4 1 1 1 4 1 3
124 0.037818 3 2 3 3 4 1 1 3 3 3 3 3 4 1 3 2 2 1 3 1 1 4 2 3 1 3 2 1 1 4 1 2 1 4 4 1 2 3 3 4 1 2 1 2 1 4 1 3 1 3 2 3 3 4 1 3 4 2 4 3 3 3 1 1 3 4 1 1 1 2 1 4 1 3 4 1 1 2 1 1 4 1 3 1 4 1 3 4 4 4 1 1 1 4 1 3
124 0.037818 3 2 3 3 4 3 1 3 3 3 3 3 4 1 3 2 2 1 3 3 1 4 2 3 1 3 2 1 1 4 1 2 1 4 4 1 2 3 3 4 1 2 1 2 1 4 1 3 1 3 2 3 3 4 1 3 4 2 4 3 3 3 1 1 3 4 1 1 1 2 1 4 1 3 4 1 1 2 1 1 4 1 4 1 4 1 3 4 4 4 1 1 1 4 1 3
124 0.037818 3 2 3 3 4 3 1 3 3 3 3 3 4 1 3 2 2 1 3 3 1 4 2 3 1 3 2 1 1 4 1 2 1 4 4 1 2 3 3 4 1 2 1 2 1 4 1 3 1 1 2 3 3 4 1 3 4 2 4 3 3 3 1 1 3 4 1 1 1 2 1 4 1 3 4 1 1 2 1 1 4 1 4 1 4 1 3 4 4 4 1 1 1 4 1 3
124 0.094234 3 2 3 3 4 3 1 3 3 3 3 3 4 1 3 2 1 3 3 3 1 4 4 3 1 1 1 1 1 4 1 2 1 4 1 3 2 3 3 4 1 2 1 2 1 4 1 3 3 3 2 3 3 4 1 3 4 2 4 3 3 3 1 1 3 4 1 1 1 2 1 4 1 3 4 1 1 2 1 1 4 1 4 1 4 1 3 4 4 4 1 1 1 4 1 3
124 0.094234 3 2 3 3 4 3 1 3 3 3 3 3 4 1 3 2 1 3 3 3 1 4 4 3 1 3 2 1 1 4 1 2 1 4 1 1 2 3 3 4 1 2 1 2 1 4 1 3 1 3 2 3 3 4 1 3 4 2 4 3 3 3 1 1 3 4 1 1 1 2 1 4 1 3 4 1 1 2 1 1 4 1 4 1 4 1 3 4 4 4 1 1 1 4 1 3
124 0.037818 3 2 3 3 4 3 1 3 3 3 3 3 4 1 3 2 1 3 3 3 1 4 2 3 1 3 2 1 1 4 1 2 1 4 4 1 2 3 3 4 1 2 1 2 3 4 1 3 1 3 2 3 3 4 1 3 4 2 4 3 3 3 1 1 3 4 1 1 1 2 1 4 1 3 4 1 1 2 1 1 4 1 4 1 2 1 3 3 4 4 1 1 1 4 1 3
124 0.094234 3 2 3 1 4 3 1 3 3 3 3 3 4 1 3 2 2 1 3 3 1 4 2 3 1 3 2 1 1 4 1 2 1 4 4 1 2 3 3 4 1 2 1 2 1 4 1 3 1 3 2 3 3 4 1 3 4 2 4 3 3 3 1 1 3 4 1 1 1 2 1 4 1 3 4 1 1 2 1 1 4 1 4 1 4 1 3 4 4 4 1 1 1 4 1 3
124 0.037818 3 2 3 3 4 3 1 3 3 3 3 3 4 1 3 2 2 1 3 3 1 4 2 3 3 3 2 1 1 4 1 2 1 4 4 1 2 3 3 4 1 2 1 2 1 4 1 3 1 3 2 3 3 4 1 3 4 2 4 3 3 3 1 1 3 4 1 1 1 2 1 4 1 3 4 1 1 2 1 1 4 1 4 1 4 1 3 4 4 4 1 1 1 4 1 3
124 0.094234 3 2 3 1 4 3 1 3 3 3 3 3 4 1 3 2 2 1 3 3 1 4 2 3 1 3 2 1 1 4 1 2 1 4 4 1 2 3 3 4 1 2 1 2 1 4 1 3 1 3 2 3 3 4 1 3 4 2 4 3 3 3 1 1 3 4 1 1 1 2 1 4 1 3 4 1 1 2 1 1 4 1 4 1 4 1 3 4 4 4 1 3 1 4 1 3
124 0.037818 3 2 3 3 4 3 1 3 3 3 3 3 4 1 3 2 2 1 3 3 1 4 2 3 1 3 2 1 1 4 1 2 1 4 4 1 2 3 3 4 1 2 1 2 1 4 1 3 1 1 2 3 3 4 1 3 4 2 4 3 3 3 1 1 3 4 1 1 1 2 1 4 1 3 4 1 1 2 1 1 4 1 4 3 4 1 3 4 4 4 1 1 1 4 1 3
124 0.094234 3 2 3 1 4 3 1 3 3 3 3 3 4 1 3 2 2 1 3 3 1 4 2 3 1 3 2 1 1 4 1 2 1 4 4 1 2 0 3 4 1 2 1 2 1 4 1 3 1 3 2 3 1 4 1 3 4 2 4 3 3 3 1 1 3 4 1 1 1 2 1 4 1 3 4 1 1 2 1 1 4 1 4 1 4 1 3 4 4 4 1 1 1 4 1 3
124 0.037818 3 2 3 3 4 3 1 3 3 3 3 3 4 1 3 2 2 1 3 3 1 4 2 3 1 3 2 3 1 4 1 2 1 4 4 1 2 3 3 4 1 2 1 2 1 4 1 3 1 3 2 3 3 4 1 3 4 2 4 3 3 3 1 1 3 4 1 1 1 2 1 4 1 3 4 1 1 2 1 1 4 1 4 1 4 1 1 4 4 4 1 1 1 4 1 1
124 0.094234 3 2 3 1 4 3 1 3 3 3 3 3 4 1 3 2 2 1 3 3 1 4 2 3 1 3 2 1 1 4 1 2 1 4 4 1 2 3 3 4 1 2 1 2 1 4 1 3 1 3 2 3 3 4 1 3 4 2 4 3 3 3 1 1 3 4 1 1 1 2 1 4 1 3 4 1 1 2 1 1 4 1 4 1 4 1 3 4 4 4 1 1 1 2 3 3
124 0.037818 3 2 3 3 4 3 1 3 3 3 3 3 4 1 3 2 2 3 3 3 1 4 2 3 1 3 2 1 1 4 1 2 1 4 4 1 2 3 1 4 1 2 1 2 1 4 1 3 1 3 2 3 3 4 1 3 4 2 4 3 3 3 1 1 3 4 1 1 1 2 1 4 1 3 4 1 1 2 1 1 4 1 4 1 4 1 3 4 4 4 1 1 1 4 1 3
124 0.094234 3 2 3 3 4 1 1 3 3 3 3 3 4 1 3 2 2 1 3 3 1 4 2 3 1 3 2 1 1 4 1 2 1 4 4 1 2 3 3 4 1 2 1 2 1 4 1 3 1 3 2 3 3 4 1 3 4 2 4 3 3 3 1 1 3 4 1 1 1 2 1 4 1 3 4 1 1 2 1 1 4 1 4 1 4 1 3 4 4 4 1 1 1 4 1 3
125 0.034231 3 2 3 3 4 3 1 3 1 3 3 3 4 1 3 2 1 3 3 3 1 4 2 3 1 3 2 1 1 4 1 2 1 4 4 1 2 3 3 4 1 2 1 2 1 4 1 3 1 3 2 3 3 4 1 1 4 2 4 3 3 3 1 1 3 4 1 1 1 2 1 4 1 3 4 1 1 2 1 1 4 1 4 1 4 1 3 4 4 4 1 1 1 4 1 3
125 0.034231 3 2 3 3 4 1 1 3 3 3 3 3 4 1 3 2 2 1 3 1 1 4 2 3 1 3 2 1 1 4 1 2 1 4 4 1 2 3 3 4 1 2 1 2 1 4 1 3 1 3 2 3 3 4 1 3 4 2 4 3 3 3 1 1 3 4 1 1 1 2 1 4 1 3 4 1 1 2 1 1 4 1 3 1 4 1 3 4 4 4 1 1 1 4 1 3
125 0.034231 3 2 3 3 4 3 1 3 3 3 3 3 4 1 3 2 2 1 3 3 1 4 2 3 1 3 2 1 1 4 1 2 1 4 4 1 2 3 3 4 1 2 1 2 1 4 1 3 1 3 2 3 3 4 1 3 4 2 4 3 3 3 1 1 3 4 1 1 1 2 1 4 1 3 4 1 1 2 1 1 4 1 4 1 4 1 3 4 4 4 1 1 1 4 1 3
125 0.034231 3 2 3 3 4 3 1 3 3 3 3 3 4 1 3 2 2 1 3 3 1 4 2 3 1 3 2 1 1 4 1 2 1 4 4 1 2 3 3 4 1 2 1 2 1 4 1 3 1 1 2 3 3 4 1 3 4 2 4 3 3 3 1 1 3 4 1 1 1 2 1 4 1 3 4 1 1 2 1 1 4 1 4 1 4 1 3 4 4 4 1 1 1 4 1 3
125 0.098846 3 2 3 3 4 3 1 3 3 3 3 3 4 1 3 2 1 3 3 3 1 4 4 3 1 1 1 1 1 4 1 2 1 4 1 3 2 3 3 4 1 2 1 2 1 4 1 3 3 3 2 3 3 4 1 3 4 2 4 3 3 3 1 1 3 4 1 1 1 2 1 4 1 3 4 1 1 2 1 1 4 1 4 1 4 1 3 4 4 4 1 1 1 4 1 3
125 0.098846 3 2 3 3 4 3 1 3 3 3 3 3 4 1 3 2 1 3 3 3 1 4 4 3 1 3 2 1 1 4 1 2 1 4 1 1 2 3 3 4 1 2 1 2 1 4 1 3 1 3 2 3 3 4 1 3 4 2 4 3 3 3 1 1 3 4 1 1 1 2 1 4 1 3 4 1 1 2 1 1 4 1 4 1 4 1 3 4 4 4 1 1 1 4 1 3
125 0.034231 3 2 3 3 4 3 1 3 3 3 3 3 4 1 3 2 1 3 3 3 1 4 2 3 1 3 2 1 1 4 1 2 1 4 4 1 2 3 3 4 1 2 1 2 3 4 1 3 1 3 2 3 3 4 1 3 4 2 4 3 3 3 1 1 3 4 1 1 1 2 1 4 1 3 4 1 1 2 1 1 4 1 4 1 2 1 3 3 4 4 1 1 1 4 1 3
125 0.098846 3 2 3 1 4 3 1 3 3 3 3 3 4 1 3 2 2 1 3 3 1 4 2 3 1 3 2 1 1 4 1 2 1 4 4 1 2 3 3 4 1 2 1 2 1 4 1 3 1 3 2 3 3 4 1 3 4 2 4 3 3 3 1 1 3 4 1 1 1 2 1 4 1 3 4 1 1 2 1 1 4 1 4 1 4 1 3 4 4 4 1 1 1 4 1 3
125 0.034231 3 2 3 3 4 3 1 3 3 3 3 3 4 1 3 2 2 1 3 3 1 4 2 3 3 3 2 1 1 4 1 2 1 4 4 1 2 3 3 4 1 2 1 2 1 4 1 3 1 3 2 3 3 4 1 3 4 2 4 3 3 3 1 1 3 4 1 1 1 2 1 4 1 3 4 1 1 2 1 1 4 1 4 1 4 1 3 4 4 4 1 1 1 4 1 3
125 0.098846 3 2 3 1 4 3 1 3 3 3 3 3 4 1 3 2 2 1 3 3 1 4 2 3 1 3 2 1 1 4 1 2 1 4 4 1 2 3 3 4 1 2 1 2 1 4 1 3 1 3 2 3 3 4 1 3 4 2 4 3 3 3 1 1 3 4 1 1 1 2 1 4 1 3 4 1 1 2 1 1 4 1 4 1 4 1 3 4 4 4 1 3 1 4 1 3
125 0.034231 3 2 3 3 4 3 1 3 3 3 3 3 4 1 3 2 2 1 3 3 1 4 2 3 1 3 2 1 1 4 1 2 1 4 4 1 2 3 3 4 1 2 1 2 1 4 1 3 1 1 2 3 3 4 1 3 4 2 4 3 3 3 1 1 3 4 1 1 1 2 1 4 1 3 4 1 1 2 1 1 4 1 4 3 4 1 3 4 4 4 1 1 1 4 1 3
125 0.098846 3 2 3 1 4 3 1 3 3 3 3 3 4 1 3 2 2 1 3 3 1 4 2 3 1 3 2 1 1 4 1 2 1 4 4 1 2 0 3 4 1 2 1 2 1 4 1 3 1 3 2 3 1 4 1 3 4 2 4 3 3 3 1 1 3 4 1 1 1 2 1 4 1 3 4 1 1 2 1 1 4 1 4 1 4 1 3 4 4 4 1 1 1 4 1 3
125 0.034231 3 2 3 3 4 3 1 3 3 3 3 3 4 1 3 2 2 1 3 3 1 4 2 3 1 3 2 3 1 4 1 2 1 4 4 1 2 3 3 4 1 2 1 2 1 4 1 3 1 3 2 3 3 4 1 3 4 2 4 3 3 3 1 1 3 4 1 1 1 2 1 4 1 3 4 1 1 2 1 1 4 1 4 1 4 1 1 4 4 4 1 1 1 4 1 1
125 0.098846 3 2 3 1 4 3 1 3 3 3 3 3 4 1 3 2 2 1 3 3 1 4 2 3 1 3 2 1 1 4 1 2 1 4 4 1 2 3 3 4 1 2 1 2 1 4 1 3 1 3 2 3 3 4 1 3 4 2 4 3 3 3 1 1 3 4 1 1 1 2 1 4 1 3 4 1 1 2 1 1 4 1 4 1 4 1 3 4 4 4 1 1 1 2 3 3
125 0.034231 3 2 3 3 4 3 1 3 3 3 3 3 4 1 3 2 2 3 3 3 1 4 2 3 1 3 2 1 1 4 1 2 1 4 4 1 2 3 1 4 1 2 1 2 1 4 1 3 1 3 2 3 3 4 1 3 4 2 4 3 3 3 1 1 3 4 1 1 1 2 1 4 1 3 4 1 1 2 1 1 4 1 4 1 4 1 3 4 4 4 1 1 1 4 1 3
125 0.098846 3 2 3 3 4 1 1 3 3 3 3 3 4 1 3 2 2 1 3 3 1 4 2 3 1 3 2 1 1 4 1 2 1 4 4 1 2 3 3 4 1 2 1 2 1 4 1 3 1 3 2 3 3 4 1 3 4 2 4 3 3 3 1 1 3 4 1 1 1 2 1 4 1 3 4 1 1 2 1 1 4 1 4 1 4 1 3 4 4 4 1 1 1 4 1 3
126 0.030835 3 2 3 3 4 3 1 3 1 3 3 3 4 1 3 2 1 3 3 3 1 4 2 3 1 3 2 1 1 4 1 2 1 4 4 1 2 3 3 4 1 2 1 2 1 4 1 3 1 3 2 3 3 4 1 1 4 2 4 3 3 3 1 1 3 4 1 1 1 2 1 4 1 3 4 1 1 2 1 1 4 1 4 1 4 1 3 4 4 4 1 1 1 4 1 3
126 0.030835 3 2 3 3 4 1 1 3 3 3 3 3 4 1 3 2 2 1 3 1 1 4 2 3 1 3 2 1 1 4 1 2 1 4 4 1 2 3 3 4 1 2 1 2 1 4 1 3 1 3 2 3 3 4 1 3 4 2 4 3 3 3 1 1 3 4 1 1 1 2 1 4 1 3 4 1 1 2 1 1 4 1 3 1 4 1 3 4 4 4 1 1 1 4 1 3
126 0.030835 3 2 3 3 4 3 1 3 3 3 3 3 4 1 3 2 2 1 3 3 1 4 2 3 1 3 2 1 1 4 1 2 1 4 4 1 2 3 3 4 1 2 1 2 1 4 1 3 1 3 2 3 3 4 1 3 4 2 4 3 3 3 1 1 3 4 1 1 1 2 1 4 1 3 4 1 1 2 1 1 4 1 4 1 4 1 3 4 4 4 1 1 1 4 1 3
126 0.030835 3 2 3 3 4 3 1 3 3 3 3 3 4 1 3 2 2 1 3 3 1 4 2 3 1 3 2 1 1 4 1 2 1 4 4 1 2 3 3 4 1 2 1 2 1 4 1 3 1 1 2 3 3 4 1 3 4 2 4 3 3 3 1 1 3 4 1 1 1 2 1 4 1 3 4 1 1 2 1 1 4 1 4 1 4 1 3 4 4 4 1 1 1 4 1 3
126 0.103212 3 2 3 3 4 3 1 3 3 3 3 3 4 1 3 2 1 3 3 3 1 4 4 3 1 1 1 1 1 4 1 2 1 4 1 3 2 3 3 4 1 2 1 2 1 4 1 3 3 3 2 3 3 4 1 3 4 2 4 3 3 3 1 1 3 4 1 1 1 2 1 4 1 3 4 1 1 2 1 1 4 1 4 1 4 1 3 4 4 4 1 1 1 4 1 3
126 0.103212 3 2 3 3 4 3 1 3 3 3 3 3 4 1 3 2 1 3 3 3 1 4 4 3 1 3 2 1 1 4 1 2 1 4 1 1 2 3 3 4 1 2 1 2 1 4 1 3 1 3 2 3 3 4 1 3 4 2 4 3 3 3 1 1 3 4 1 1 1 2 1 4 1 3 4 1 1 2 1 1 4 1 4 1 4 1 3 4 4 4 1 1 1 4 1 3
126 0.030835 3 2 3 3 4 3 1 3 3 3 3 3 4 1 3 2 1 3 3 3 1 4 2 3 1 3 2 1 1 4 1 2 1 4 4 1 2 3 3 4 1 2 1 2 3 4 1 3 1 3 2 3 3 4 1 3 4 2 4 3 3 3 1 1 3 4 1 1 1 2 1 4 1 3 4 1 1 2 1 1 4 1 4 1 2 1 3 3 4 4 1 1 1 4 1 3
126 0.103212 3 2 3 1 4 3 1 3 3 3 3 3 4 1 3 2 2 1 3 3 1 4 2 3 1 3 2 1 1 4 1 2 1 4 4 1 2 3 3 4 1 2 1 2 1 4 1 3 1 3 2 3 3 4 1 3 4 2 4 3 3 3 1 1 3 4 1 1 1 2 1 4 1 3 4 1 1 2 1 1 4 1 4 1 4 1 3 4 4 4 1 1 1 4 1 3
126 0.030835 3 2 3 3 4 3 1 3 3 3 3 3 4 1 3 2 2 1 3 3 1 4 2 3 3 3 2 1 1 4 1 2 1 4 4 1 2 3 3 4 1 2 1 2 1 4 1 3 1 3 2 3 3 4 1 3 4 2 4 3 3 3 1 1 3 4 1 1 1 2 1 4 1 3 4 1 1 2 1 1 4 1 4 1 4 1 3 4 4 4 1 1 1 4 1 3
126 0.103212 3 2 3 1 4 3 1 3 3 3 3 3 4 1 3 2 2 1 3 3 1 4 2 3 1 3 2 1 1 4 1 2 1 4 4 1 2 3 3 4 1 2 1 2 1 4 1 3 1 3 2 3 3 4 1 3 4 2 4 3 3 3 1 1 3 4 1 1 1 2 1 4 1 3 4 1 1 2 1 1 4 1 4 1 4 1 3 4 4 4 1 3 1 4 1 3
126 0.030835 3 2 3 3 4 3 1 3 3 3 3 3 4 1 3 2 2 1 3 3 1 4 2 3 1 3 2 1 1 4 1 2 1 4 4 1 2 3 3 4 1 2 1 2 1 4 1 3 1 1 2 3 3 4 1 3 4 2 4 3 3 3 1 1 3 4 1 1 1 2 1 4 1 3 4 1 1 2 1 1 4 1 4 3 4 1 3 4 4 4 1 1 1 4 1 3
126 0.103212 3 2 3 1 4 3 1 3 3 3 3 3 4 1 3 2 2 1 3 3 1 4 2 3 1 3 2 1 1 4 1 2 1 4 4 1 2 0 3 4 1 2 1 2 1 4 1 3 1 3 2 3 1 4 1 3 4 2 4 3 3 3 1 1 3 4 1 1 1 2 1 4 1 3 4 1 1 2 1 1 4 1 4 1 4 1 3 4 4 4 1 1 1 4 1 3
126 0.030835 3 2 3 3 4 3 1 3 3 3 3 3 4 1 3 2 2 1 3 3 1 4 2 3 1 3 2 3 1 4 1 2 1 4 4 1 2 3 3 4 1 2 1 2 1 4 1 3 1 3 2 3 3 4 1 3 4 2 4 3 3 3 1 1 3 4 1 1 1 2 1 4 1 3 4 1 1 2 1 1 4 1 4 1 4 1 1 4 4 4 1 1 1 4 1 1
126 0.103212 3 2 3 1 4 3 1 3 3 3 3 3 4 1 3 2 2 1 3 3 1 4 2 3 1 3 2 1 1 4 1 2 1 4 4 1 2 3 3 4 1 2 1 2 1 4 1 3 1 3 2 3 3 4 1 3 4 2 4 3 3 3 1 1 3 4 1 1 1 2 1 4 1 3 4 1 1 2 1 1 4 1 4 1 4 1 3 4 4 4 1 1 1 2 3 3
126 0.030835 3 2 3 3 4 3 1 3 3 3 3 3 4 1 3 2 2 3 3 3 1 4 2 3 1 3 2 1 1 4 1 2 1 4 4 1 2 3 1 4 1 2 1 2 1 4 1 3 1 3 2 3 3 4 1 3 4 2 4 3 3 3 1 1 3 4 1 1 1 2 1 4 1 3 4 1 1 2 1 1 4 1 4 1 4 1 3 4 4 4 1 1 1 4 1 3
126 0.103212 3 2 3 3 4 1 1 3 3 3 3 3 4 1 3 2 2 1 3 3 1 4 2 3 1 3 2 1 1 4 1 2 1 4 4 1 2 3 3 4 1 2 1 2 1 4 1 3 1 3 2 3 3 4 1 3 4 2 4 3 3 3 1 1 3 4 1 1 1 2 1 4 1 3 4 1 1 2 1 1 4 1 4 1 4 1 3 4 4 4 1 1 1 4 1 3
127 0.027648 3 2 3 3 4 3 1 3 1 3 3 3 4 1 3 2 1 3 3 3 1 4 2 3 1 3 2 1 1 4 1 2 1 4 4 1 2 3 3 4 1 2 1 2 1 4 1 3 1 3 2 3 3 4 1 1 4 2 4 3 3 3 1 1 3 4 1 1 1 2 1 4 1 3 4 1 1 2 1 1 4 1 4 1 4 1 3 4 4 4 1 1 1 4 1 3
127 0.027648 3 2 3 3 4 1 1 3 3 3 3 3 4 1 3 2 2 1 3 1 1 4 2 3 1 3 2 1 1 4 1 2 1 4 4 1 2 3 3 4 1 2 1 2 1 4 1 3 1 3 2 3 3 4 1 3 4 2 4 3 3 3 1 1 3 4 1 1 1 2 1 4 1 3 4 1 1 2 1 1 4 1 3 1 4 1 3 4 4 4 1 1 1 4 1 3
127 0.027648 3 2 3 3 4 3 1 3 3 3 3 3 4 1 3 2 2 1 3 3 1 4 2 3 1 3 2 1 1 4 1 2 1 4 4 1 2 3 3 4 1 2 1 2 1 4 1 3 1 3 2 3 3 4 1 3 4 2 4 3 3 3 1 1 3 4 1 1 1 2 1 4 1 3 4 1 1 2 1 1 4 1 4 1 4 1 3 4 4 4 1 1 1 4 1 3
127 0.027648 3 2 3 3 4 3 1 3 3 3 3 3 4 1 3 2 2 1 3 3 1 4 2 3 1 3 2 1 1 4 1 2 1 4 4 1 2 3 3 4 1 2 1 2 1 4 1 3 1 1 2 3 3 4 1 3 4 2 4 3 3 3 1 1 3 4 1 1 1 2 1 4 1 3 4 1 1 2 1 1 4 1 4 1 4 1 3 4 4 4 1 1 1 4 1 3
127 0.107310 3 2 3 3 4 3 1 3 3 3 3 3 4 1 3 2 1 3 3 3 1 4 4 3 1 1 1 1 1 4 1 2 1 4 1 3 2 3 3 4 1 2 1 2 1 4 1 3 3 3 2 3 3 4 1 3 4 2 4 3 3 3 1 1 3 4 1 1 1 2 1 4 1 3 4 1 1 2 1 1 4 1 4 1 4 1 3 4 4 4 1 1 1 4 1 3
127 0.107310 3 2 3 3 4 3 1 3 3 3 3 3 4 1 3 2 1 3 3 3 1 4 4 3 1 3 2 1 1 4 1 2 1 4 1 1 2 3 3 4 1 2 1 2 1 4 1 3 1 3 2 3 3 4 1 3 4 2 4 3 3 3 1 1 3 4 1 1 1 2 1 4 1 3 4 1 1 2 1 1 4 1 4 1 4 1 3 4 4 4 1 1 1 4 1 3
127 0.027648 3 2 3 3 4 3 1 3 3 3 3 3 4 1 3 2 1 3 3 3 1 4 2 3 1 3 2 1 1 4 1 2 1 4 4 1 2 3 3 4 1 2 1 2 3 4 1 3 1 3 2 3 3 4 1 3 4 2 4 3 3 3 1 1 3 4 1 1 1 2 1 4 1 3 4 1 1 2 1 1 4 1 4 1 2 1 3 3 4 4 1 1 1 4 1 3
127 0.107310 3 2 3 1 4 3 1 3 3 3 3 3 4 1 3 2 2 1 3 3 1 4 2 3 1 3 2 1 1 4 1 2 1 4 4 1 2 3 3 4 1 2 1 2 1 4 1 3 1 3 2 3 3 4 1 3 4 2 4 3 3 3 1 1 3 4 1 1 1 2 1 4 1 3 4 1 1 2 1 1 4 1 4 1 4 1 3 4 4 4 1 1 1 4 1 3
127 0.027648 3 2 3 3 4 3 1 3 3 3 3 3 4 1 3 2 2 1 3 3 1 4 2 3 3 3 2 1 1 4 1 2 1 4 4 1 2 3 3 4 1 2 1 2 1 4 1 3 1 3 2 3 3 4 1 3 4 2 4 3 3 3 1 1 3 4 1 1 1 2 1 4 1 3 4 1 1 2 1 1 4 1 4 1 4 1 3 4 4 4 1 1 1 4 1 3
127 0.107310 3 2 3 1 4 3 1 3 3 3 3 3 4 1 3 2 2 1 3 3 1 4 2 3 1 3 2 1 1 4 1 2 1 4 4 1 2 3 3 4 1 2 1 2 1 4 1 3 1 3 2 3 3 4 1 3 4 2 4 3 3 3 1 1 3 4 1 1 1 2 1 4 1 3 4 1 1 2 1 1 4 1 4 1 4 1 3 4 4 4 1 3 1 4 1 3
127 0.027648 3 2 3 3 4 3 1 3 3 3 3 3 4 1 3 2 2 1 3 3 1 4 2 3 1 3 2 1 1 4 1 2 1 4 4 1 2 3 3 4 1 2 1 2 1 4 1 3 1 1 2 3 3 4 1 3 4 2 4 3 3 3 1 1 3 4 1 1 1 2 1 4 1 3 4 1 1 2 1 1 4 1 4 3 4 1 3 4 4 4 1 1 1 4 1 3
127 0.107310 3 2 3 1 4 3 1 3 3 3 3 3 4 1 3 2 2 1 3 3 1 4 2 3 1 3 2 1 1 4 1 2 1 4 4 1 2 0 3 4 1 2 1 2 1 4 1 3 1 3 2 3 1 4 1 3 4 2 4 3 3 3 1 1 3 4 1 1 1 2 1 4 1 3 4 1 1 2 1 1 4 1 4 1 4 1 3 4 4 4 1 1 1 4 1 3
127 0.027648 3 2 3 3 4 3 1 3 3 3 3 3 4 1 3 2 2 1 3 3 1 4 2 3 1 3 2 3 1 4 1 2 1 4 4 1 2 3 3 4 1 2 1 2 1 4 1 3 1 3 2 3 3 4 1 3 4 2 4 3 3 3 1 1 3 4 1 1 1 2 1 4 1 3 4 1 1 2 1 1 4 1 4 1 4 1 1 4 4 4 1 1 1 4 1 1
127 0.107310 3 2 3 1 4 3 1 3 3 3 3 3 4 1 3 2 2 1 3 3 1 4 2 3 1 3 2 1 1 4 1 2 1 4 4 1 2 3 3 4 1 2 1 2 1 4 1 3 1 3 2 3 3 4 1 3 4 2 4 3 3 3 1 1 3 4 1 1 1 2 1 4 1 3 4 1 1 2 1 1 4 1 4 1 4 1 3 4 4 4 1 1 1 2 3 3
127 0.027648 3 2 3 3 4 3 1 3 3 3 3 3 4 1 3 2 2 3 3 3 1 4 2 3 1 3 2 1 1 4 1 2 1 4 4 1 2 3 1 4 1 2 1 2 1 4 1 3 1 3 2 3 3 4 1 3 4 2 4 3 3 3 1 1 3 4 1 1 1 2 1 4 1 3 4 1 1 2 1 1 4 1 4 1 4 1 3 4 4 4 1 1 1 4 1 3
127 0.107310 3 2 3 3 4 1 1 3 3 3 3 3 4 1 3 2 2 1 3 3 1 4 2 3 1 3 2 1 1 4 1 2 1 4 4 1 2 3 3 4 1 2 1 2 1 4 1 3 1 3 2 3 3 4 1 3 4 2 4 3 3 3 1 1 3 4 1 1 1 2 1 4 1 3 4 1 1 2 1 1 4 1 4 1 4 1 3 4 4 4 1 1 1 4 1 3
128 0.024681 3 2 3 3 4 3 1 3 1 3 3 3 4 1 3 2 1 3 3 3 1 4 2 3 1 3 2 1 1 4 1 2 1 4 4 1 2 3 3 4 1 2 1 2 1 4 1 3 1 3 2 3 3 4 1 1 4 2 4 3 3 3 1 1 3 4 1 1 1 2 1 4 1 3 4 1 1 2 1 1 4 1 4 1 4 1 3 4 4 4 1 1 1 4 1 3
128 0.024681 3 2 3 3 4 1 1 3 3 3 3 3 4 1 3 2 2 1 3 1 1 4 2 3 1 3 2 1 1 4 1 2 1 4 4 1 2 3 3 4 1 2 1 2 1 4 1 3 1 3 2 3 3 4 1 3 4 2 4 3 3 3 1 1 3 4 1 1 1 2 1 4 1 3 4 1 1 2 1 1 4 1 3 1 4 1 3 4 4 4 1 1 1 4 1 3
128 0.024681 3 2 3 3 4 3 1 3 3 3 3 3 4 1 3 2 2 1 3 3 1 4 2 3 1 3 2 1 1 4 1 2 1 4 4 1 2 3 3 4 1 2 1 2 1 4 1 3 1 3 2 3 3 4 1 3 4 2 4 3 3 3 1 1 3 4 1 1 1 2 1 4 1 3 4 1 1 2 1 1 4 1 4 1 4 1 3 4 4 4 1 1 1 4 1 3
128 0.024681 3 2 3 3 4 3 1 3 3 3 3 3 4 1 3 2 2 1 3 3 1 4 2 3 1 3 2 1 1 4 1 2 1 4 4 1 2 3 3 4 1 2 1 2 1 4 1 3 1 1 2 3 3 4 1 3 4 2 4 3 3 3 1 1 3 4 1 1 1 2 1 4 1 3 4 1 1 2 1 1 4 1 4 1 4 1 3 4 4 4 1 1 1 4 1 3
128 0.111124 3 2 3 3 4 3 1 3 3 3 3 3 4 1 3 2 1 3 3 3 1 4 4 3 1 1 1 1 1 4 1 2 1 4 1 3 2 3 3 4 1 2 1 2 1 4 1 3 3 3 2 3 3 4 1 3 4 2 4 3 3 3 1 1 3 4 1 1 1 2 1 4 1 3 4 1 1 2 1 1 4 1 4 1 4 1 3 4 4 4 1 1 1 4 1 3
128 0.111124 3 2 3 3 4 3 1 3 3 3 3 3 4 1 3 2 1 3 3 3 1 4 4 3 1 3 2 1 1 4 1 2 1 4 1 1 2 3 3 4 1 2 1 2 1 4 1 3 1 3 2 3 3 4 1 3 4 2 4 3 3 3 1 1 3 4 1 1 1 2 1 4 1 3 4 1 1 2 1 1 4 1 4 1 4 1 3 4 4 4 1 1 1 4 1 3
128 0.024681 3 2 3 3 4 3 1 3 3 3 3 3 4 1 3 2 1 3 3 3 1 4 2 3 1 3 2 1 1 4 1 2 1 4 4 1 2 3 3 4 1 2 1 2 3 4 1 3 1 3 2 3 3 4 1 3 4 2 4 3 3 3 1 1 3 4 1 1 1 2 1 4 1 3 4 1 1 2 1 1 4 1 4 1 2 1 3 3 4 4 1 1 1 4 1 3
128 0.111124 3 2 3 1 4 3 1 3 3 3 3 3 4 1 3 2 2 1 3 3 1 4 2 3 1 3 2 1 1 4 1 2 1 4 4 1 2 3 3 4 1 2 1 2 1 4 1 3 1 3 2 3 3 4 1 3 4 2 4 3 3 3 1 1 3 4 1 1 1 2 1 4 1 3 4 1 1 2 1 1 4 1 4 1 4 1 3 4 4 4 1 1 1 4 1 3
128 0.024681 3 2 3 3 4 3 1 3 3 3 3 3 4 1 3 2 2 1 3 3 1 4 2 3 3 3 2 1 1 4 1 2 1 4 4 1 2 3 3 4 1 2 1 2 1 4 1 3 1 3 2 3 3 4 1 3 4 2 4 3 3 3 1 1 3 4 1 1 1 2 1 4 1 3 4 1 1 2 1 1 4 1 4 1 4 1 3 4 4 4 1 1 1 4 1 3
128 0.111124 3 2 3 1 4 3 1 3 3 3 3 3 4 1 3 2 2 1 3 3 1 4 2 3 1 3 2 1 1 4 1 2 1 4 4 1 2 3 3 4 1 2 1 2 1 4 1 3 1 3 2 3 3 4 1 3 4 2 4 3 3 3 1 1 3 4 1 1 1 2 1 4 1 3 4 1 1 2 1 1 4 1 4 1 4 1 3 4 4 4 1 3 1 4 1 3
128 0.024681 3 2 3 3 4 3 1 3 3 3 3 3 4 1 3 2 2 1 3 3 1 4 2 3 1 3 2 1 1 4 1 2 1 4 4 1 2 3 3 4 1 2 1 2 1 4 1 3 1 1 2 3 3 4 1 3 4 2 4 3 3 3 1 1 3 4 1 1 1 2 1 4 1 3 4 1 1 2 1 1 4 1 4 3 4 1 3 4 4 4 1 1 1 4 1 3
128 0.111124 3 2 3 1 4 3 1 3 3 3 3 3 4 1 3 2 2 1 3 3 1 4 2 3 1 3 2 1 1 4 1 2 1 4 4 1 2 0 3 4 1 2 1 2 1 4 1 3 1 3 2 3 1 4 1 3 4 2 4 3 3 3 1 1 3 4 1 1 1 2 1 4 1 3 4 1 1 2 1 1 4 1 4 1 4 1 3 4 4 4 1 1 1 4 1 3
128 0.024681 3 2 3 3 4 3 1 3 3 3 3 3 4 1 3 2 2 1 3 3 1 4 2 3 1 3 2 3 1 4 1 2 1 4 4 1 2 3 3 4 1 2 1 2 1 4 1 3 1 3 2 3 3 4 1 3 4 2 4 3 3 3 1 1 3 4 1 1 1 2 1 4 1 3 4 1 1 2 1 1 4 1 4 1 4 1 1 4 4 4 1 1 1 4 1 1
128 0.111124 3 2 3 1 4 3 1 3 3 3 3 3 4 1 3 2 2 1 3 3 1 4 2 3 1 3 2 1 1 4 1 2 1 4 4 1 2 3 3 4 1 2 1 2 1 4 1 3 1 3 2 3 3 4 1 3 4 2 4 3 3 3 1 1 3 4 1 1 1 2 1 4 1 3 4 1 1 2 1 1 4 1 4 1 4 1 3 4 4 4 1 1 1 2 3 3
128 0.024681 3 2 3 3 4 3 1 3 3 3 3 3 4 1 3 2 2 3 3 3 1 4 2 3 1 3 2 1 1 4 1 2 1 4 4 1 2 3 1 4 1 2 1 2 1 4 1 3 1 3 2 3 3 4 1 3 4 2 4 3 3 3 1 1 3 4 1 1 1 2 1 4 1 3 4 1 1 2 1 1 4 1 4 1 4 1 3 4 4 4 1 1 1 4 1 3
128 0.111124 3 2 3 3 4 1 1 3 3 3 3 3 4 1 3 2 2 1 3 3 1 4 2 3 1 3 2 1 1 4 1 2 1 4 4 1 2 3 3 4 1 2 1 2 1 4 1 3 1 3 2 3 3 4 1 3 4 2 4 3 3 3 1 1 3 4 1 1 1 2 1 4 1 3 4 1 1 2 1 1 4 1 4 1 4 1 3 4 4 4 1 1 1 4 1 3
129 0.021941 3 2 3 3 4 3 1 3 1 3 3 3 4 1 3 2 1 3 3 3 1 4 2 3 1 3 2 1 1 4 1 2 1 4 4 1 2 3 3 4 1 2 1 2 1 4 1 3 1 3 2 3 3 4 1 1 4 2 4 3 3 3 1 1 3 4 1 1 1 2 1 4 1 3 4 1 1 2 1 1 4 1 4 1 4 1 3 4 4 4 1 1 1 4 1 3
129 0.021941 3 2 3 3 4 1 1 3 3 3 3 3 4 1 3 2 2 1 3 1 1 4 2 3 1 3 2 1 1 4 1 2 1 4 4 1 2 3 3 4 1 2 1 2 1 4 1 3 1 3 2 3 3 4 1 3 4 2 4 3 3 3 1 1 3 4 1 1 1 2 1 4 1 3 4 1 1 2 1 1 4 1 3 1 4 1 3 4 4 4 1 1 1 4 1 3
129 0.021941 3 2 3 3 4 3 1 3 3 3 3 3 4 1 3 2 2 1 3 3 1 4 2 3 1 3 2 1 1 4 1 2 1 4 4 1 2 3 3 4 1 2 1 2 1 4 1 3 1 3 2 3 3 4 1 3 4 2 4 3 3 3 1 1 3 4 1 1 1 2 1 4 1 3 4 1 1 2 1 1 4 1 4 1 4 1 3 4 4 4 1 1 1 4 1 3
129 0.021941 3 2 3 3 4 3 1 3 3 3 3 3 4 1 3 2 2 1 3 3 1 4 2 3 1 3 2 1 1 4 1 2 1 4 4 1 2 3 3 4 1 2 1 2 1 4 1 3 1 1 2 3 3 4 1 3 4 2 4 3 3 3 1 1 3 4 1 1 1 2 1 4 1 3 4 1 1 2 1 1 4 1 4 1 4 1 3 4 4 4 1 1 1 4 1 3
129 0.114647 3 2 3 3 4 3 1 3 3 3 3 3 4 1 3 2 1 3 3 3 1 4 4 3 1 1 1 1 1 4 1 2 1 4 1 3 2 3 3 4 1 2 1 2 1 4 1 3 3 3 2 3 3 4 1 3 4 2 4 3 3 3 1 1 3 4 1 1 1 2 1 4 1 3 4 1 1 2 1 1 4 1 4 1 4 1 3 4 4 4 1 1 1 4 1 3
129 0.114647 3 2 3 3 4 3 1 3 3 3 3 3 4 1 3 2 1 3 3 3 1 4 4 3 1 3 2 1 1 4 1 2 1 4 1 1 2 3 3 4 1 2 1 2 1 4 1 3 1 3 2 3 3 4 1 3 4 2 4 3 3 3 1 1 3 4 1 1 1 2 1 4 1 3 4 1 1 2 1 1 4 1 4 1 4 1 3 4 4 4 1 1 1 4 1 3
129 0.021941 3 2 3 3 4 3 1 3 3 3 3 3 4 1 3 2 1 3 3 3 1 4 2 3 1 3 2 1 1 4 1 2 1 4 4 1 2 3 3 4 1 2 1 2 3 4 1 3 1 3 2 3 3 4 1 3 4 2 4 3 3 3 1 1 3 4 1 1 1 2 1 4 1 3 4 1 1 2 1 1 4 1 4 1 2 1 3 3 4 4 1 1 1 4 1 3
129 0.114647 3 2 3 1 4 3 1 3 3 3 3 3 4 1 3 2 2 1 3 3 1 4 2 3 1 3 2 1 1 4 1 2 1 4 4 1 2 3 3 4 1 2 1 2 1 4 1 3 1 3 2 3 3 4 1 3 4 2 4 3 3 3 1 1 3 4 1 1 1 2 1 4 1 3 4 1 1 2 1 1 4 1 4 1 4 1 3 4 4 4 1 1 1 4 1 3
129 0.021941 3 2 3 3 4 3 1 3 3 3 3 3 4 1 3 2 2 1 3 3 1 4 2 3 3 3 2 1 1 4 1 2 1 4 4 1 2 3 3 4 1 2 1 2 1 4 1 3 1 3 2 3 3 4 1 3 4 2 4 3 3 3 1 1 3 4 1 1 1 2 1 4 1 3 4 1 1 2 1 1 4 1 4 1 4 1 3 4 4 4 1 1 1 4 1 3
129 0.114647 3 2 3 1 4 3 1 3 3 3 3 3 4 1 3 2 2 1 3 3 1 4 2 3 1 3 2 1 1 4 1 2 1 4 4 1 2 3 3 4 1 2 1 2 1 4 1 3 1 3 2 3 3 4 1 3 4 2 4 3 3 3 1 1 3 4 1 1 1 2 1 4 1 3 4 1 1 2 1 1 4 1 4 1 4 1 3 4 4 4 1 3 1 4 1 3
129 0.021941 3 2 3 3 4 3 1 3 3 3 3 3 4 1 3 2 2 1 3 3 1 4 2 3 1 3 2 1 1 4 1 2 1 4 4 1 2 3 3 4 1 2 1 2 1 4 1 3 1 1 2 3 3 4 1 3 4 2 4 3 3 3 1 1 3 4 1 1 1 2 1 4 1 3 4 1 1 2 1 1 4 1 4 3 4 1 3 4 4 4 1 1 1 4 1 3
129 0.114647 3 2 3 1 4 3 1 3 3 3 3 3 4 1 3 2 2 1 3 3 1 4 2 3 1 3 2 1 1 4 1 2 1 4 4 1 2 0 3 4 1 2 1 2 1 4 1 3 1 3 2 3 1 4 1 3 4 2 4 3 3 3 1 1 3 4 1 1 1 2 1 4 1 3 4 1 1 2 1 1 4 1 4 1 4 1 3 4 4 4 1 1 1 4 1 3
129 0.021941 3 2 3 3 4 3 1 3 3 3 3 3 4 1 3 2 2 1 3 3 1 4 2 3 1 3 2 3 1 4 1 2 1 4 4 1 2 3 3 4 1 2 1 2 1 4 1 3 1 3 2 3 3 4 1 3 4 2 4 3 3 3 1 1 3 4 1 1 1 2 1 4 1 3 4 1 1 2 1 1 4 1 4 1 4 1 1 4 4 4 1 1 1 4 1 1
129 0.114647 3 2 3 1 4 3 1 3 3 3 3 3 4 1 3 2 2 1 3 3 1 4 2 3 1 3 2 1 1 4 1 2 1 4 4 1 2 3 3 4 1 2 1 2 1 4 1 3 1 3 2 3 3 4 1 3 4 2 4 3 3 3 1 1 3 4 1 1 1 2 1 4 1 3 4 1 1 2 1 1 4 1 4 1 4 1 3 4 4 4 1 1 1 2 3 3
129 0.021941 3 2 3 3 4 3 1 3 3 3 3 3 4 1 3 2 2 3 3 3 1 4 2 3 1 3 2 1 1 4 1 2 1 4 4 1 2 3 1 4 1 2 1 2 1 4 1 3 1 3 2 3 3 4 1 3 4 2 4 3 3 3 1 1 3 4 1 1 1 2 1 4 1 3 4 1 1 2 1 1 4 1 4 1 4 1 3 4 4 4 1 1 1 4 1 3
129 0.114647 3 2 3 3 4 1 1 3 3 3 3 3 4 1 3 2 2 1 3 3 1 4 2 3 1 3 2 1 1 4 1 2 1 4 4 1 2 3 3 4 1 2 1 2 1 4 1 3 1 3 2 3 3 4 1 3 4 2 4 3 3 3 1 1 3 4 1 1 1 2 1 4 1 3 4 1 1 2 1 1 4 1 4 1 4 1 3 4 4 4 1 1 1 4 1 3
130 0.019428 3 2 3 3 4 3 1 3 1 3 3 3 4 1 3 2 1 3 3 3 1 4 2 3 1 3 2 1 1 4 1 2 1 4 4 1 2 3 3 4 1 2 1 2 1 4 1 3 1 3 2 3 3 4 1 1 4 2 4 3 3 3 1 1 3 4 1 1 1 2 1 4 1 3 4 1 1 2 1 1 4 1 4 1 4 1 3 4 4 4 1 1 1 4 1 3
130 0.019428 3 2 3 3 4 1 1 3 3 3 3 3 4 1 3 2 2 1 3 1 1 4 2 3 1 3 2 1 1 4 1 2 1 4 4 1 2 3 3 4 1 2 1 2 1 4 1 3 1 3 2 3 3 4 1 3 4 2 4 3 3 3 1 1 3 4 1 1 1 2 1 4 1 3 4 1 1 2 1 1 4 1 3 1 4 1 3 4 4 4 1 1 1 4 1 3
130 0.019428 3 2 3 3 4 3 1 3 3 3 3 3 4 1 3 2 2 1 3 3 1 4 2 3 1 3 2 1 1 4 1 2 1 4 4 1 2 3 3 4 1 2 1 2 1 4 1 3 1 3 2 3 3 4 1 3 4 2 4 3 3 3 1 1 3 4 1 1 1 2 1 4 1 3 4 1 1 2 1 1 4 1 4 1 4 1 3 4 4 4 1 1 1 4 1 3
130 0.019428 3 2 3 3 4 3 1 3 3 3 3 3 4 1 3 2 2 1 3 3 1 4 2 3 1 3 2 1 1 4 1 2 1 4 4 1 2 3 3 4 1 2 1 2 1 4 1 3 1 1 2 3 3 4 1 3 4 2 4 3 3 3 1 1 3 4 1 1 1 2 1 4 1 3 4 1 1 2 1 1 4 1 4 1 4 1 3 4 4 4 1 1 1 4 1 3
130 0.117878 3 2 3 3 4 3 1 3 3 3 3 3 4 1 3 2 1 3 3 3 1 4 4 3 1 1 1 1 1 4 1 2 1 4 1 3 2 3 3 4 1 2 1 2 1 4 1 3 3 3 2 3 3 4 1 3 4 2 4 3 3 3 1 1 3 4 1 1 1 2 1 4 1 3 4 1 1 2 1 1 4 1 4 1 4 1 3 4 4 4 1 1 1 4 1 3
130 0.117878 3 2 3 3 4 3 1 3 3 3 3 3 4 1 3 2 1 3 3 3 1 4 4 3 1 3 2 1 1 4 1 2 1 4 1 1 2 3 3 4 1 2 1 2 1 4 1 3 1 3 2 3 3 4 1 3 4 2 4 3 3 3 1 1 3 4 1 1 1 2 1 4 1 3 4 1 1 2 1 1 4 1 4 1 4 1 3 4 4 4 1 1 1 4 1 3
130 0.019428 3 2 3 3 4 3 1 3 3 3 3 3 4 1 3 2 1 3 3 3 1 4 2 3 1 3 2 1 1 4 1 2 1 4 4 1 2 3 3 4 1 2 1 2 3 4 1 3 1 3 2 3 3 4 1 3 4 2 4 3 3 3 1 1 3 4 1 1 1 2 1 4 1 3 4 1 1 2 1 1 4 1 4 1 2 1 3 3 4 4 1 1 1 4 1 3
130 0.117878 3 2 3 1 4 3 1 3 3 3 3 3 4 1 3 2 2 1 3 3 1 4 2 3 1 3 2 1 1 4 1 2 1 4 4 1 2 3 3 4 1 2 1 2 1 4 1 3 1 3 2 3 3 4 1 3 4 2 4 3 3 3 1 1 3 4 1 1 1 2 1 4 1 3 4 1 1 2 1 1 4 1 4 1 4 1 3 4 4 4 1 1 1 4 1 3
130 0.019428 3 2 3 3 4 3 1 3 3 3 3 3 4 1 3 2 2 1 3 3 1 4 2 3 3 3 2 1 1 4 1 2 1 4 4 1 2 3 3 4 1 2 1 2 1 4 1 3 1 3 2 3 3 4 1 3 4 2 4 3 3 3 1 1 3 4 1 1 1 2 1 4 1 3 4 1 1 2 1 1 4 1 4 1 4 1 3 4 4 4 1 1 1 4 1 3
130 0.117878 3 2 3 1 4 3 1 3 3 3 3 3 4 1 3 2 2 1 3 3 1 4 2 3 1 3 2 1 1 4 1 2 1 4 4 1 2 3 3 4 1 2 1 2 1 4 1 3 1 3 2 3 3 4 1 3 4 2 4 3 3 3 1 1 3 4 1 1 1 2 1 4 1 3 4 1 1 2 1 1 4 1 4 1 4 1 3 4 4 4 1 3 1 4 1 3
130 0.019428 3 2 3 3 4 3 1 3 3 3 3 3 4 1 3 2 2 1 3 3 1 4 2 3 1 3 2 1 1 4 1 2 1 4 4 1 2 3 3 4 1 2 1 2 1 4 1 3 1 1 2 3 3 4 1 3 4 2 4 3 3 3 1 1 3 4 1 1 1 2 1 4 1 3 4 1 1 2 1 1 4 1 4 3 4 1 3 4 4 4 1 1 1 4 1 3
130 0.117878 3 2 3 1 4 3 1 3 3 3 3 3 4 1 3 2 2 1 3 3 1 4 2 3 1 3 2 1 1 4 1 2 1 4 4 1 2 0 3 4 1 2 1 2 1 4 1 3 1 3 2 3 1 4 1 3 4 2 4 3 3 3 1 1 3 4 1 1 1 2 1 4 1 3 4 1 1 2 1 1 4 1 4 1 4 1 3 4 4 4 1 1 1 4 1 3
130 0.019428 3 2 3 3 4 3 1 3 3 3 3 3 4 1 3 2 2 1 3 3 1 4 2 3 1 3 2 3 1 4 1 2 1 4 4 1 2 3 3 4 1 2 1 2 1 4 1 3 1 3 2 3 3 4 1 3 4 2 4 3 3 3 1 1 3 4 1 1 1 2 1 4 1 3 4 1 1 2 1 1 4 1 4 1 4 1 1 4 4 4 1 1 1 4 1 1
130 0.117878 3 2 3 1 4 3 1 3 3 3 3 3 4 1 3 2 2 1 3 3 1 4 2 3 1 3 2 1 1 4 1 2 1 4 4 1 2 3 3 4 1 2 1 2 1 4 1 3 1 3 2 3 3 4 1 3 4 2 4 3 3 3 1 1 3 4 1 1 1 2 1 4 1 3 4 1 1 2 1 1 4 1 4 1 4 1 3 4 4 4 1 1 1 2 3 3
130 0.019428 3 2 3 3 4 3 1 3 3 3 3 3 4 1 3 2 2 3 3 3 1 4 2 3 1 3 2 1 1 4 1 2 1 4 4 1 2 3 1 4 1 2 1 2 1 4 1 3 1 3 2 3 3 4 1 3 4 2 4 3 3 3 1 1 3 4 1 1 1 2 1 4 1 3 4 1 1 2 1 1 4 1 4 1 4 1 3 4 4 4 1 1 1 4 1 3
130 0.117878 3 2 3 3 4 1 1 3 3 3 3 3 4 1 3 2 2 1 3 3 1 4 2 3 1 3 2 1 1 4 1 2 1 4 4 1 2 3 3 4 1 2 1 2 1 4 1 3 1 3 2 3 3 4 1 3 4 2 4 3 3 3 1 1 3 4 1 1 1 2 1 4 1 3 4 1 1 2 1 1 4 1 4 1 4 1 3 4 4 4 1 1 1 4 1 3
131 0.017138 3 2 3 3 4 3 1 3 1 3 3 3 4 1 3 2 1 3 3 3 1 4 2 3 1 3 2 1 1 4 1 2 1 4 4 1 2 3 3 4 1 2 1 2 1 4 1 3 1 3 2 3 3 4 1 1 4 2 4 3 3 3 1 1 3 4 1 1 1 2 1 4 1 3 4 1 1 2 1 1 4 1 4 1 4 1 3 4 4 4 1 1 1 4 1 3
131 0.017138 3 2 3 3 4 1 1 3 3 3 3 3 4 1 3 2 2 1 3 1 1 4 2 3 1 3 2 1 1 4 1 2 1 4 4 1 2 3 3 4 1 2 1 2 1 4 1 3 1 3 2 3 3 4 1 3 4 2 4 3 3 3 1 1 3 4 1 1 1 2 1 4 1 3 4 1 1 2 1 1 4 1 3 1 4 1 3 4 4 4 1 1 1 4 1 3
131 0.017138 3 2 3 3 4 3 1 3 3 3 3 3 4 1 3 2 2 1 3 3 1 4 2 3 1 3 2 1 1 4 1 2 1 4 4 1 2 3 3 4 1 2 1 2 1 4 1 3 1 3 2 3 3 4 1 3 4 2 4 3 3 3 1 1 3 4 1 1 1 2 1 4 1 3 4 1 1 2 1 1 4 1 4 1 4 1 3 4 4 4 1 1 1 4 1 3
131 0.017138 3 2 3 3 4 3 1 3 3 3 3 3 4 1 3 2 2 1 3 3 1 4 2 3 1 3 2 1 1 4 1 2 1 4 4 1 2 3 3 4 1 2 1 2 1 4 1 3 1 1 2 3 3 4 1 3 4 2 4 3 3 3 1 1 3 4 1 1 1 2 1 4 1 3 4 1 1 2 1 1 4 1 4 1 4 1 3 4 4 4 1 1 1 4 1 3
131 0.120823 3 2 3 3 4 3 1 3 3 3 3 3 4 1 3 2 1 3 3 3 1 4 4 3 1 1 1 1 1 4 1 2 1 4 1 3 2 3 3 4 1 2 1 2 1 4 1 3 3 3 2 3 3 4 1 3 4 2 4 3 3 3 1 1 3 4 1 1 1 2 1 4 1 3 4 1 1 2 1 1 4 1 4 1 4 1 3 4 4 4 1 1 1 4 1 3
131 0.120823 3 2 3 3 4 3 1 3 3 3 3 3 4 1 3 2 1 3 3 3 1 4 4 3 1 3 2 1 1 4 1 2 1 4 1 1 2 3 3 4 1 2 1 2 1 4 1 3 1 3 2 3 3 4 1 3 4 2 4 3 3 3 1 1 3 4 1 1 1 2 1 4 1 3 4 1 1 2 1 1 4 1 4 1 4 1 3 4 4 4 1 1 1 4 1 3
131 0.017138 3 2 3 3 4 3 1 3 3 3 3 3 4 1 3 2 1 3 3 3 1 4 2 3 1 3 2 1 1 4 1 2 1 4 4 1 2 3 3 4 1 2 1 2 3 4 1 3 1 3 2 3 3 4 1 3 4 2 4 3 3 3 1 1 3 4 1 1 1 2 1 4 1 3 4 1 1 2 1 1 4 1 4 1 2 1 3 3 4 4 1 1 1 4 1 3
131 0.120823 3 2 3 1 4 3 1 3 3 3 3 3 4 1 3 2 2 1 3 3 1 4 2 3 1 3 2 1 1 4 1 2 1 4 4 1 2 3 3 4 1 2 1 2 1 4 1 3 1 3 2 3 3 4 1 3 4 2 4 3 3 3 1 1 3 4 1 1 1 2 1 4 1 3 4 1 1 2 1 1 4 1 4 1 4 1 3 4 4 4 1 1 1 4 1 3
131 0.017138 3 2 3 3 4 3 1 3 3 3 3 3 4 1 3 2 2 1 3 3 1 4 2 3 3 3 2 1 1 4 1 2 1 4 4 1 2 3 3 4 1 2 1 2 1 4 1 3 1 3 2 3 3 4 1 3 4 2 4 3 3 3 1 1 3 4 1 1 1 2 1 4 1 3 4 1 1 2 1 1 4 1 4 1 4 1 3 4 4 4 1 1 1 4 1 3
131 0.120823 3 2 3 1 4 3 1 3 3 3 3 3 4 1 3 2 2 1 3 3 1 4 2 3 1 3 2 1 1 4 1 2 1 4 4 1 2 3 3 4 1 2 1 2 1 4 1 3 1 3 2 3 3 4 1 3 4 2 4 3 3 3 1 1 3 4 1 1 1 2 1 4 1 3 4 1 1 2 1 1 4 1 4 1 4 1 3 4 4 4 1 3 1 4 1 3
131 0.017138 3 2 3 3 4 3 1 3 3 3 3 3 4 1 3 2 2 1 3 3 1 4 2 3 1 3 2 1 1 4 1 2 1 4 4 1 2 3 3 4 1 2 1 2 1 4 1 3 1 1 2 3 3 4 1 3 4 2 4 3 3 3 1 1 3 4 1 1 1 2 1 4 1 3 4 1 1 2 1 1 4 1 4 3 4 1 3 4 4 4 1 1 1 4 1 3
131 0.120823 3 2 3 1 4 3 1 3 3 3 3 3 4 1 3 2 2 1 3 3 1 4 2 3 1 3 2 1 1 4 1 2 1 4 4 1 2 0 3 4 1 2 1 2 1 4 1 3 1 3 2 3 1 4 1 3 4 2 4 3 3 3 1 1 3 4 1 1 1 2 1 4 1 3 4 1 1 2 1 1 4 1 4 1 4 1 3 4 4 4 1 1 1 4 1 3
131 0.017138 3 2 3 3 4 3 1 3 3 3 3 3 4 1 3 2 2 1 3 3 1 4 2 3 1 3 2 3 1 4 1 2 1 4 4 1 2 3 3 4 1 2 1 2 1 4 1 3 1 3 2 3 3 4 1 3 4 2 4 3 3 3 1 1 3 4 1 1 1 2 1 4 1 3 4 1 1 2 1 1 4 1 4 1 4 1 1 4 4 4 1 1 1 4 1 1
131 0.120823 3 2 3 1 4 3 1 3 3 3 3 3 4 1 3 2 2 1 3 3 1 4 2 3 1 3 2 1 1 4 1 2 1 4 4 1 2 3 3 4 1 2 1 2 1 4 1 3 1 3 2 3 3 4 1 3 4 2 4 3 3 3 1 1 3 4 1 1 1 2 1 4 1 3 4 1 1 2 1 1 4 1 4 1 4 1 3 4 4 4 1 1 1 2 3 3
131 0.017138 3 2 3 3 4 3 1 3 3 3 3 3 4 1 3 2 2 3 3 3 1 4 2 3 1 3 2 1 1 4 1 2 1 4 4 1 2 3 1 4 1 2 1 2 1 4 1 3 1 3 2 3 3 4 1 3 4 2 4 3 3 3 1 1 3 4 1 1 1 2 1 4 1 3 4 1 1 2 1 1 4 1 4 1 4 1 3 4 4 4 1 1 1 4 1 3
131 0.120823 3 2 3 3 4 1 1 3 3 3 3 3 4 1 3 2 2 1 3 3 1 4 2 3 1 3 2 1 1 4 1 2 1 4 4 1 2 3 3 4 1 2 1 2 1 4 1 3 1 3 2 3 3 4 1 3 4 2 4 3 3 3 1 1 3 4 1 1 1 2 1 4 1 3 4 1 1 2 1 1 4 1 4 1 4 1 3 4 4 4 1 1 1 4 1 3
132 0.015063 3 2 3 3 4 3 1 3 1 3 3 3 4 1 3 2 1 3 3 3 1 4 2 3 1 3 2 1 1 4 1 2 1 4 4 1 2 3 3 4 1 2 1 2 1 4 1 3 1 3 2 3 3 4 1 1 4 2 4 3 3 3 1 1 3 4 1 1 1 2 1 4 1 3 4 1 1 2 1 1 4 1 4 1 4 1 3 4 4 4 1 1 1 4 1 3
132 0.015063 3 2 3 3 4 1 1 3 3 3 3 3 4 1 3 2 2 1 3 1 1 4 2 3 1 3 2 1 1 4 1 2 1 4 4 1 2 3 3 4 1 2 1 2 1 4 1 3 1 3 2 3 3 4 1 3 4 2 4 3 3 3 1 1 3 4 1 1 1 2 1 4 1 3 4 1 1 2 1 1 4 1 3 1 4 1 3 4 4 4 1 1 1 4 1 3
132 0.015063 3 2 3 3 4 3 1 3 3 3 3 3 4 1 3 2 2 1 3 3 1 4 2 3 1 3 2 1 1 4 1 2 1 4 4 1 2 3 3 4 1 2 1 2 1 4 1 3 1 3 2 3 3 4 1 3 4 2 4 3 3 3 1 1 3 4 1 1 1 2 1 4 1 3 4 1 1 2 1 1 4 1 4 1 4 1 3 4 4 4 1 1 1 4 1 3
132 0.015063 3 2 3 3 4 3 1 3 3 3 3 3 4 1 3 2 2 1 3 3 1 4 2 3 1 3 2 1 1 4 1 2 1 4 4 1 2 3 3 4 1 2 1 2 1 4 1 3 1 1 2 3 3 4 1 3 4 2 4 3 3 3 1 1 3 4 1 1 1 2 1 4 1 3 4 1 1 2 1 1 4 1 4 1 4 1 3 4 4 4 1 1 1 4 1 3
132 0.123490 3 2 3 3 4 3 1 3 3 3 3 3 4 1 3 2 1 3 3 3 1 4 4 3 1 1 1 1 1 4 1 2 1 4 1 3 2 3 3 4 1 2 1 2 1 4 1 3 3 3 2 3 3 4 1 3 4 2 4 3 3 3 1 1 3 4 1 1 1 2 1 4 1 3 4 1 1 2 1 1 4 1 4 1 4 1 3 4 4 4 1 1 1 4 1 3
132 0.123490 3 2 3 3 4 3 1 3 3 3 3 3 4 1 3 2 1 3 3 3 1 4 4 3 1 3 2 1 1 4 1 2 1 4 1 1 2 3 3 4 1 2 1 2 1 4 1 3 1 3 2 3 3 4 1 3 4 2 4 3 3 3 1 1 3 4 1 1 1 2 1 4 1 3 4 1 1 2 1 1 4 1 4 1 4 1 3 4 4 4 1 1 1 4 1 3
132 0.015063 3 2 3 3 4 3 1 3 3 3 3 3 4 1 3 2 1 3 3 3 1 4 2 3 1 3 2 1 1 4 1 2 1 4 4 1 2 3 3 4 1 2 1 2 3 4 1 3 1 3 2 3 3 4 1 3 4 2 4 3 3 3 1 1 3 4 1 1 1 2 1 4 1 3 4 1 1 2 1 1 4 1 4 1 2 1 3 3 4 4 1 1 1 4 1 3
132 0.123490 3 2 3 1 4 3 1 3 3 3 3 3 4 1 3 2 2 1 3 3 1 4 2 3 1 3 2 1 1 4 1 2 1 4 4 1 2 3 3 4 1 2 1 2 1 4 1 3 1 3 2 3 3 4 1 3 4 2 4 3 3 3 1 1 3 4 1 1 1 2 1 4 1 3 4 1 1 2 1 1 4 1 4 1 4 1 3 4 4 4 1 1 1 4 1 3
132 0.015063 3 2 3 3 4 3 1 3 3 3 3 3 4 1 3 2 2 1 3 3 1 4 2 3 3 3 2 1 1 4 1 2 1 4 4 1 2 3 3 4 1 2 1 2 1 4 1 3 1 3 2 3 3 4 1 3 4 2 4 3 3 3 1 1 3 4 1 1 1 2 1 4 1 3 4 1 1 2 1 1 4 1 4 1 4 1 3 4 4 4 1 1 1 4 1 3
132 0.123490 3 2 3 1 4 3 1 3 3 3 3 3 4 1 3 2 2 1 3 3 1 4 2 3 1 3 2 1 1 4 1 2 1 4 4 1 2 3 3 4 1 2 1 2 1 4 1 3 1 3 2 3 3 4 1 3 4 2 4 3 3 3 1 1 3 4 1 1 1 2 1 4 1 3 4 1 1 2 1 1 4 1 4 1 4 1 3 4 4 4 1 3 1 4 1 3
132 0.015063 3 2 3 3 4 3 1 3 3 3 3 3 4 1 3 2 2 1 3 3 1 4 2 3 1 3 2 1 1 4 1 2 1 4 4 1 2 3 3 4 1 2 1 2 1 4 1 3 1 1 2 3 3 4 1 3 4 2 4 3 3 3 1 1 3 4 1 1 1 2 1 4 1 3 4 1 1 2 1 1 4 1 4 3 4 1 3 4 4 4 1 1 1 4 1 3
132 0.123490 3 2 3 1 4 3 1 3 3 3 3 3 4 1 3 2 2 1 3 3 1 4 2 3 1 3 2 1 1 4 1 2 1 4 4 1 2 0 3 4 1 2 1 2 1 4 1 3 1 3 2 3 1 4 1 3 4 2 4 3 3 3 1 1 3 4 1 1 1 2 1 4 1 3 4 1 1 2 1 1 4 1 4 1 4 1 3 4 4 4 1 1 1 4 1 3
132 0.015063 3 2 3 3 4 3 1 3 3 3 3 3 4 1 3 2 2 1 3 3 1 4 2 3 1 3 2 3 1 4 1 2 1 4 4 1 2 3 3 4 1 2 1 2 1 4 1 3 1 3 2 3 3 4 1 3 4 2 4 3 3 3 1 1 3 4 1 1 1 2 1 4 1 3 4 1 1 2 1 1 4 1 4 1 4 1 1 4 4 4 1 1 1 4 1 1
132 0.123490 3 2 3 1 4 3 1 3 3 3 3 3 4 1 3 2 2 1 3 3 1 4 2 3 1 3 2 1 1 4 1 2 1 4 4 1 2 3 3 4 1 2 1 2 1 4 1 3 1 3 2 3 3 4 1 3 4 2 4 3 3 3 1 1 3 4 1 1 1 2 1 4 1 3 4 1 1 2 1 1 4 1 4 1 4 1 3 4 4 4 1 1 1 2 3 3
132 0.015063 3 2 3 3 4 3 1 3 3 3 3 3 4 1 3 2 2 3 3 3 1 4 2 3 1 3 2 1 1 4 1 2 1 4 4 1 2 3 1 4 1 2 1 2 1 4 1 3 1 3 2 3 3 4 1 3 4 2 4 3 3 3 1 1 3 4 1 1 1 2 1 4 1 3 4 1 1 2 1 1 4 1 4 1 4 1 3 4 4 4 1 1 1 4 1 3
132 0.123490 3 2 3 3 4 1 1 3 3 3 3 3 4 1 3 2 2 1 3 3 1 4 2 3 1 3 2 1 1 4 1 2 1 4 4 1 2 3 3 4 1 2 1 2 1 4 1 3 1 3 2 3 3 4 1 3 4 2 4 3 3 3 1 1 3 4 1 1 1 2 1 4 1 3 4 1 1 2 1 1 4 1 4 1 4 1 3 4 4 4 1 1 1 4 1 3
133 0.013193 3 2 3 3 4 3 1 3 1 3 3 3 4 1 3 2 1 3 3 3 1 4 2 3 1 3 2 1 1 4 1 2 1 4 4 1 2 3 3 4 1 2 1 2 1 4 1 3 1 3 2 3 3 4 1 1 4 2 4 3 3 3 1 1 3 4 1 1 1 2 1 4 1 3 4 1 1 2 1 1 4 1 4 1 4 1 3 4 4 4 1 1 1 4 1 3
133 0.013193 3 2 3 3 4 1 1 3 3 3 3 3 4 1 3 2 2 1 3 1 1 4 2 3 1 3 2 1 1 4 1 2 1 4 4 1 2 3 3 4 1 2 1 2 1 4 1 3 1 3 2 3 3 4 1 3 4 2 4 3 3 3 1 1 3 4 1 1 1 2 1 4 1 3 4 1 1 2 1 1 4 1 3 1 4 1 3 4 4 4 1 1 1 4 1 3
133 0.013193 3 2 3 3 4 3 1 3 3 3 3 3 4 1 3 2 2 1 3 3 1 4 2 3 1 3 2 1 1 4 1 2 1 4 4 1 2 3 3 4 1 2 1 2 1 4 1 3 1 3 2 3 3 4 1 3 4 2 4 3 3 3 1 1 3 4 1 1 1 2 1 4 1 3 4 1 1 2 1 1 4 1 4 1 4 1 3 4 4 4 1 1 1 4 1 3
133 0.013193 3 2 3 3 4 3 1 3 3 3 3 3 4 1 3 2 2 1 3 3 1 4 2 3 1 3 2 1 1 4 1 2 1 4 4 1 2 3 3 4 1 2 1 2 1 4 1 3 1 1 2 3 3 4 1 3 4 2 4 3 3 3 1 1 3 4 1 1 1 2 1 4 1 3 4 1 1 2 1 1 4 1 4 1 4 1 3 4 4 4 1 1 1 4 1 3
133 0.125894 3 2 3 3 4 3 1 3 3 3 3 3 4 1 3 2 1 3 3 3 1 4 4 3 1 1 1 1 1 4 1 2 1 4 1 3 2 3 3 4 1 2 1 2 1 4 1 3 3 3 2 3 3 4 1 3 4 2 4 3 3 3 1 1 3 4 1 1 1 2 1 4 1 3 4 1 1 2 1 1 4 1 4 1 4 1 3 4 4 4 1 1 1 4 1 3
133 0.125894 3 2 3 3 4 3 1 3 3 3 3 3 4 1 3 2 1 3 3 3 1 4 4 3 1 3 2 1 1 4 1 2 1 4 1 1 2 3 3 4 1 2 1 2 1 4 1 3 1 3 2 3 3 4 1 3 4 2 4 3 3 3 1 1 3 4 1 1 1 2 1 4 1 3 4 1 1 2 1 1 4 1 4 1 4 1 3 4 4 4 1 1 1 4 1 3
133 0.013193 3 2 3 3 4 3 1 3 3 3 3 3 4 1 3 2 1 3 3 3 1 4 2 3 1 3 2 1 1 4 1 2 1 4 4 1 2 3 3 4 1 2 1 2 3 4 1 3 1 3 2 3 3 4 1 3 4 2 4 3 3 3 1 1 3 4 1 1 1 2 1 4 1 3 4 1 1 2 1 1 4 1 4 1 2 1 3 3 4 4 1 1 1 4 1 3
133 0.125894 3 2 3 1 4 3 1 3 3 3 3 3 4 1 3 2 2 1 3 3 1 4 2 3 1 3 2 1 1 4 1 2 1 4 4 1 2 3 3 4 1 2 1 2 1 4 1 3 1 3 2 3 3 4 1 3 4 2 4 3 3 3 1 1 3 4 1 1 1 2 1 4 1 3 4 1 1 2 1 1 4 1 4 1 4 1 3 4 4 4 1 1 1 4 1 3
133 0.013193 3 2 3 3 4 3 1 3 3 3 3 3 4 1 3 2 2 1 3 3 1 4 2 3 3 3 2 1 1 4 1 2 1 4 4 1 2 3 3 4 1 2 1 2 1 4 1 3 1 3 2 3 3 4 1 3 4 2 4 3 3 3 1 1 3 4 1 1 1 2 1 4 1 3 4 1 1 2 1 1 4 1 4 1 4 1 3 4 4 4 1 1 1 4 1 3
133 0.125894 3 2 3 1 4 3 1 3 3 3 3 3 4 1 3 2 2 1 3 3 1 4 2 3 1 3 2 1 1 4 1 2 1 4 4 1 2 3 3 4 1 2 1 2 1 4 1 3 1 3 2 3 3 4 1 3 4 2 4 3 3 3 1 1 3 4 1 1 1 2 1 4 1 3 4 1 1 2 1 1 4 1 4 1 4 1 3 4 4 4 1 3 1 4 1 3
133 0.013193 3 2 3 3 4 3 1 3 3 3 3 3 4 1 3 2 2 1 3 3 1 4 2 3 1 3 2 1 1 4 1 2 1 4 4 1 2 3 3 4 1 2 1 2 1 4 1 3 1 1 2 3 3 4 1 3 4 2 4 3 3 3 1 1 3 4 1 1 1 2 1 4 1 3 4 1 1 2 1 1 4 1 4 3 4 1 3 4 4 4 1 1 1 4 1 3
133 0.125894 3 2 3 1 4 3 1 3 3 3 3 3 4 1 3 2 2 1 3 3 1 4 2 3 1 3 2 1 1 4 1 2 1 4 4 1 2 0 3 4 1 2 1 2 1 4 1 3 1 3 2 3 1 4 1 3 4 2 4 3 3 3 1 1 3 4 1 1 1 2 1 4 1 3 4 1 1 2 1 1 4 1 4 1 4 1 3 4 4 4 1 1 1 4 1 3
133 0.013193 3 2 3 3 4 3 1 3 3 3 3 3 4 1 3 2 2 1 3 3 1 4 2 3 1 3 2 3 1 4 1 2 1 4 4 1 2 3 3 4 1 2 1 2 1 4 1 3 1 3 2 3 3 4 1 3 4 2 4 3 3 3 1 1 3 4 1 1 1 2 1 4 1 3 4 1 1 2 1 1 4 1 4 1 4 1 1 4 4 4 1 1 1 4 1 1
133 0.125894 3 2 3 1 4 3 1 3 3 3 3 3 4 1 3 2 2 1 3 3 1 4 2 3 1 3 2 1 1 4 1 2 1 4 4 1 2 3 3 4 1 2 1 2 1 4 1 3 1 3 2 3 3 4 1 3 4 2 4 3 3 3 1 1 3 4 1 1 1 2 1 4 1 3 4 1 1 2 1 1 4 1 4 1 4 1 3 4 4 4 1 1 1 2 3 3
133 0.013193 3 2 3 3 4 3 1 3 3 3 3 3 4 1 3 2 2 3 3 3 1 4 2 3 1 3 2 1 1 4 1 2 1 4 4 1 2 3 1 4 1 2 1 2 1 4 1 3 1 3 2 3 3 4 1 3 4 2 4 3 3 3 1 1 3 4 1 1 1 2 1 4 1 3 4 1 1 2 1 1 4 1 4 1 4 1 3 4 4 4 1 1 1 4 1 3
133 0.125894 3 2 3 3 4 1 1 3 3 3 3 3 4 1 3 2 2 1 3 3 1 4 2 3 1 3 2 1 1 4 1 2 1 4 4 1 2 3 3 4 1 2 1 2 1 4 1 3 1 3 2 3 3 4 1 3 4 2 4 3 3 3 1 1 3 4 1 1 1 2 1 4 1 3 4 1 1 2 1 1 4 1 4 1 4 1 3 4 4 4 1 1 1 4 1 3
134 0.011517 3 2 3 3 4 3 1 3 1 3 3 3 4 1 3 2 1 3 3 3 1 4 2 3 1 3 2 1 1 4 1 2 1 4 4 1 2 3 3 4 1 2 1 2 1 4 1 3 1 3 2 3 3 4 1 1 4 2 4 3 3 3 1 1 3 4 1 1 1 2 1 4 1 3 4 1 1 2 1 1 4 1 4 1 4 1 3 4 4 4 1 1 1 4 1 3
134 0.011517 3 2 3 3 4 1 1 3 3 3 3 3 4 1 3 2 2 1 3 1 1 4 2 3 1 3 2 1 1 4 1 2 1 4 4 1 2 3 3 4 1 2 1 2 1 4 1 3 1 3 2 3 3 4 1 3 4 2 4 3 3 3 1 1 3 4 1 1 1 2 1 4 1 3 4 1 1 2 1 1 4 1 3 1 4 1 3 4 4 4 1 1 1 4 1 3
134 0.011517 3 2 3 3 4 3 1 3 3 3 3 3 4 1 3 2 2 1 3 3 1 4 2 3 1 3 2 1 1 4 1 2 1 4 4 1 2 3 3 4 1 2 1 2 1 4 1 3 1 3 2 3 3 4 1 3 4 2 4 3 3 3 1 1 3 4 1 1 1 2 1 4 1 3 4 1 1 2 1 1 4 1 4 1 4 1 3 4 4 4 1 1 1 4 1 3
134 0.011517 3 2 3 3 4 3 1 3 3 3 3 3 4 1 3 2 2 1 3 3 1 4 2 3 1 3 2 1 1 4 1 2 1 4 4 1 2 3 3 4 1 2 1 2 1 4 1 3 1 1 2 3 3 4 1 3 4 2 4 3 3 3 1 1 3 4 1 1 1 2 1 4 1 3 4 1 1 2 1 1 4 1 4 1 4 1 3 4 4 4 1 1 1 4 1 3
134 0.128050 3 2 3 3 4 3 1 3 3 3 3 3 4 1 3 2 1 3 3 3 1 4 4 3 1 1 1 1 1 4 1 2 1 4 1 3 2 3 3 4 1 2 1 2 1 4 1 3 3 3 2 3 3 4 1 3 4 2 4 3 3 3 1 1 3 4 1 1 1 2 1 4 1 3 4 1 1 2 1 1 4 1 4 1 4 1 3 4 4 4 1 1 1 4 1 3
134 0.128050 3 2 3 3 4 3 1 3 3 3 3 3 4 1 3 2 1 3 3 3 1 4 4 3 1 3 2 1 1 4 1 2 1 4 1 1 2 3 3 4 1 2 1 2 1 4 1 3 1 3 2 3 3 4 1 3 4 2 4 3 3 3 1 1 3 4 1 1 1 2 1 4 1 3 4 1 1 2 1 1 4 1 4 1 4 1 3 4 4 4 1 1 1 4 1 3
134 0.011517 3 2 3 3 4 3 1 3 3 3 3 3 4 1 3 2 1 3 3 3 1 4 2 3 1 3 2 1 1 4 1 2 1 4 4 1 2 3 3 4 1 2 1 2 3 4 1 3 1 3 2 3 3 4 1 3 4 2 4 3 3 3 1 1 3 4 1 1 1 2 1 4 1 3 4 1 1 2 1 1 4 1 4 1 2 1 3 3 4 4 1 1 1 4 1 3
134 0.128050 3 2 3 1 4 3 1 3 3 3 3 3 4 1 3 2 2 1 3 3 1 4 2 3 1 3 2 1 1 4 1 2 1 4 4 1 2 3 3 4 1 2 1 2 1 4 1 3 1 3 2 3 3 4 1 3 4 2 4 3 3 3 1 1 3 4 1 1 1 2 1 4 1 3 4 1 1 2 1 1 4 1 4 1 4 1 3 4 4 4 1 1 1 4 1 3
134 0.011517 3 2 3 3 4 3 1 3 3 3 3 3 4 1 3 2 2 1 3 3 1 4 2 3 3 3 2 1 1 4 1 2 1 4 4 1 2 3 3 4 1 2 1 2 1 4 1 3 1 3 2 3 3 4 1 3 4 2 4 3 3 3 1 1 3 4 1 1 1 2 1 4 1 3 4 1 1 2 1 1 4 1 4 1 4 1 3 4 4 4 1 1 1 4 1 3
134 0.128050 3 2 3 1 4 3 1 3 3 3 3 3 4 1 3 2 2 1 3 3 1 4 2 3 1 3 2 1 1 4 1 2 1 4 4 1 2 3 3 4 1 2 1 2 1 4 1 3 1 3 2 3 3 4 1 3 4 2 4 3 3 3 1 1 3 4 1 1 1 2 1 4 1 3 4 1 1 2 1 1 4 1 4 1 4 1 3 4 4 4 1 3 1 4 1 3
134 0.011517 3 2 3 3 4 3 1 3 3 3 3 3 4 1 3 2 2 1 3 3 1 4 2 3 1 3 2 1 1 4 1 2 1 4 4 1 2 3 3 4 1 2 1 2 1 4 1 3 1 1 2 3 3 4 1 3 4 2 4 3 3 3 1 1 3 4 1 1 1 2 1 4 1 3 4 1 1 2 1 1 4 1 4 3 4 1 3 4 4 4 1 1 1 4 1 3
134 0.128050 3 2 3 1 4 3 1 3 3 3 3 3 4 1 3 2 2 1 3 3 1 4 2 3 1 3 2 1 1 4 1 2 1 4 4 1 2 0 3 4 1 2 1 2 1 4 1 3 1 3 2 3 1 4 1 3 4 2 4 3 3 3 1 1 3 4 1 1 1 2 1 4 1 3 4 1 1 2 1 1 4 1 4 1 4 1 3 4 4 4 1 1 1 4 1 3
134 0.011517 3 2 3 3 4 3 1 3 3 3 3 3 4 1 3 2 2 1 3 3 1 4 2 3 1 3 2 3 1 4 1 2 1 4 4 1 2 3 3 4 1 2 1 2 1 4 1 3 1 3 2 3 3 4 1 3 4 2 4 3 3 3 1 1 3 4 1 1 1 2 1 4 1 3 4 1 1 2 1 1 4 1 4 1 4 1 1 4 4 4 1 1 1 4 1 1
134 0.128050 3 2 3 1 4 3 1 3 3 3 3 3 4 1 3 2 2 1 3 3 1 4 2 3 1 3 2 1 1 4 1 2 1 4 4 1 2 3 3 4 1 2 1 2 1 4 1 3 1 3 2 3 3 4 1 3 4 2 4 3 3 3 1 1 3 4 1 1 1 2 1 4 1 3 4 1 1 2 1 1 4 1 4 1 4 1 3 4 4 4 1 1 1 2 3 3
134 0.011517 3 2 3 3 4 3 1 3 3 3 3 3 4 1 3 2 2 3 3 3 1 4 2 3 1 3 2 1 1 4 1 2 1 4 4 1 2 3 1 4 1 2 1 2 1 4 1 3 1 3 2 3 3 4 1 3 4 2 4 3 3 3 1 1 3 4 1 1 1 2 1 4 1 3 4 1 1 2 1 1 4 1 4 1 4 1 3 4 4 4 1 1 1 4 1 3
134 0.128050 3 2 3 3 4 1 1 3 3 3 3 3 4 1 3 2 2 1 3 3 1 4 2 3 1 3 2 1 1 4 1 2 1 4 4 1 2 3 3 4 1 2 1 2 1 4 1 3 1 3 2 3 3 4 1 3 4 2 4 3 3 3 1 1 3 4 1 1 1 2 1 4 1 3 4 1 1 2 1 1 4 1 4 1 4 1 3 4 4 4 1 1 1 4 1 3
135 0.010020 3 2 3 3 4 3 1 3 1 3 3 3 4 1 3 2 1 3 3 3 1 4 2 3 1 3 2 1 1 4 1 2 1 4 4 1 2 3 3 4 1 2 1 2 1 4 1 3 1 3 2 3 3 4 1 1 4 2 4 3 3 3 1 1 3 4 1 1 1 2 1 4 1 3 4 1 1 2 1 1 4 1 4 1 4 1 3 4 4 4 1 1 1 4 1 3
135 0.010020 3 2 3 3 4 1 1 3 3 3 3 3 4 1 3 2 2 1 3 1 1 4 2 3 1 3 2 1 1 4 1 2 1 4 4 1 2 3 3 4 1 2 1 2 1 4 1 3 1 3 2 3 3 4 1 3 4 2 4 3 3 3 1 1 3 4 1 1 1 2 1 4 1 3 4 1 1 2 1 1 4 1 3 1 4 1 3 4 4 4 1 1 1 4 1 3
135 0.010020 3 2 3 3 4 3 1 3 3 3 3 3 4 1 3 2 2 1 3 3 1 4 2 3 1 3 2 1 1 4 1 2 1 4 4 1 2 3 3 4 1 2 1 2 1 4 1 3 1 3 2 3 3 4 1 3 4 2 4 3 3 3 1 1 3 4 1 1 1 2 1 4 1 3 4 1 1 2 1 1 4 1 4 1 4 1 3 4 4 4 1 1 1 4 1 3
135 0.010020 3 2 3 3 4 3 1 3 3 3 3 3 4 1 3 2 2 1 3 3 1 4 2 3 1 3 2 1 1 4 1 2 1 4 4 1 2 3 3 4 1 2 1 2 1 4 1 3 1 1 2 3 3 4 1 3 4 2 4 3 3 3 1 1 3 4 1 1 1 2 1 4 1 3 4 1 1 2 1 1 4 1 4 1 4 1 3 4 4 4 1 1 1 4 1 3
135 0.129975 3 2 3 3 4 3 1 3 3 3 3 3 4 1 3 2 1 3 3 3 1 4 4 3 1 1 1 1 1 4 1 2 1 4 1 3 2 3 3 4 1 2 1 2 1 4 1 3 3 3 2 3 3 4 1 3 4 2 4 3 3 3 1 1 3 4 1 1 1 2 1 4 1 3 4 1 1 2 1 1 4 1 4 1 4 1 3 4 4 4 1 1 1 4 1 3
135 0.129975 3 2 3 3 4 3 1 3 3 3 3 3 4 1 3 2 1 3 3 3 1 4 4 3 1 3 2 1 1 4 1 2 1 4 1 1 2 3 3 4 1 2 1 2 1 4 1 3 1 3 2 3 3 4 1 3 4 2 4 3 3 3 1 1 3 4 1 1 1 2 1 4 1 3 4 1 1 2 1 1 4 1 4 1 4 1 3 4 4 4 1 1 1 4 1 3
135 0.010020 3 2 3 3 4 3 1 3 3 3 3 3 4 1 3 2 1 3 3 3 1 4 2 3 1 3 2 1 1 4 1 2 1 4 4 1 2 3 3 4 1 2 1 2 3 4 1 3 1 3 2 3 3 4 1 3 4 2 4 3 3 3 1 1 3 4 1 1 1 2 1 4 1 3 4 1 1 2 1 1 4 1 4 1 2 1 3 3 4 4 1 1 1 4 1 3
135 0.129975 3 2 3 1 4 3 1 3 3 3 3 3 4 1 3 2 2 1 3 3 1 4 2 3 1 3 2 1 1 4 1 2 1 4 4 1 2 3 3 4 1 2 1 2 1 4 1 3 1 3 2 3 3 4 1 3 4 2 4 3 3 3 1 1 3 4 1 1 1 2 1 4 1 3 4 1 1 2 1 1 4 1 4 1 4 1 3 4 4 4 1 1 1 4 1 3
135 0.010020 3 2 3 3 4 3 1 3 3 3 3 3 4 1 3 2 2 1 3 3 1 4 2 3 3 3 2 1 1 4 1 2 1 4 4 1 2 3 3 4 1 2 1 2 1 4 1 3 1 3 2 3 3 4 1 3 4 2 4 3 3 3 1 1 3 4 1 1 1 2 1 4 1 3 4 1 1 2 1 1 4 1 4 1 4 1 3 4 4 4 1 1 1 4 1 3
135 0.129975 3 2 3 1 4 3 1 3 3 3 3 3 4 1 3 2 2 1 3 3 1 4 2 3 1 3 2 1 1 4 1 2 1 4 4 1 2 3 3 4 1 2 1 2 1 4 1 3 1 3 2 3 3 4 1 3 4 2 4 3 3 3 1 1 3 4 1 1 1 2 1 4 1 3 4 1 1 2 1 1 4 1 4 1 4 1 3 4 4 4 1 3 1 4 1 3
135 0.010020 3 2 3 3 4 3 1 3 3 3 3 3 4 1 3 2 2 1 3 3 1 4 2 3 1 3 2 1 1 4 1 2 1 4 4 1 2 3 3 4 1 2 1 2 1 4 1 3 1 1 2 3 3 4 1 3 4 2 4 3 3 3 1 1 3 4 1 1 1 2 1 4 1 3 4 1 1 2 1 1 4 1 4 3 4 1 3 4 4 4 1 1 1 4 1 3
135 0.129975 3 2 3 1 4 3 1 3 3 3 3 3 4 1 3 2 2 1 3 3 1 4 2 3 1 3 2 1 1 4 1 2 1 4 4 1 2 0 3 4 1 2 1 2 1 4 1 3 1 3 2 3 1 4 1 3 4 2 4 3 3 3 1 1 3 4 1 1 1 2 1 4 1 3 4 1 1 2 1 1 4 1 4 1 4 1 3 4 4 4 1 1 1 4 1 3
135 0.010020 3 2 3 3 4 3 1 3 3 3 3 3 4 1 3 2 2 1 3 3 1 4 2 3 1 3 2 3 1 4 1 2 1 4 4 1 2 3 3 4 1 2 1 2 1 4 1 3 1 3 2 3 3 4 1 3 4 2 4 3 3 3 1 1 3 4 1 1 1 2 1 4 1 3 4 1 1 2 1 1 4 1 4 1 4 1 1 4 4 4 1 1 1 4 1 1
135 0.129975 3 2 3 1 4 3 1 3 3 3 3 3 4 1 3 2 2 1 3 3 1 4 2 3 1 3 2 1 1 4 1 2 1 4 4 1 2 3 3 4 1 2 1 2 1 4 1 3 1 3 2 3 3 4 1 3 4 2 4 3 3 3 1 1 3 4 1 1 1 2 1 4 1 3 4 1 1 2 1 1 4 1 4 1 4 1 3 4 4 4 1 1 1 2 3 3
135 0.010020 3 2 3 3 4 3 1 3 3 3 3 3 4 1 3 2 2 3 3 3 1 4 2 3 1 3 2 1 1 4 1 2 1 4 4 1 2 3 1 4 1 2 1 2 1 4 1 3 1 3 2 3 3 4 1 3 4 2 4 3 3 3 1 1 3 4 1 1 1 2 1 4 1 3 4 1 1 2 1 1 4 1 4 1 4 1 3 4 4 4 1 1 1 4 1 3
135 0.129975 3 2 3 3 4 1 1 3 3 3 3 3 4 1 3 2 2 1 3 3 1 4 2 3 1 3 2 1 1 4 1 2 1 4 4 1 2 3 3 4 1 2 1 2 1 4 1 3 1 3 2 3 3 4 1 3 4 2 4 3 3 3 1 1 3 4 1 1 1 2 1 4 1 3 4 1 1 2 1 1 4 1 4 1 4 1 3 4 4 4 1 1 1 4 1 3
136 0.008688 3 2 3 3 4 3 1 3 1 3 3 3 4 1 3 2 1 3 3 3 1 4 2 3 1 3 2 1 1 4 1 2 1 4 4 1 2 3 3 4 1 2 1 2 1 4 1 3 1 3 2 3 3 4 1 1 4 2 4 3 3 3 1 1 3 4 1 1 1 2 1 4 1 3 4 1 1 2 1 1 4 1 4 1 4 1 3 4 4 4 1 1 1 4 1 3
136 0.008688 3 2 3 3 4 1 1 3 3 3 3 3 4 1 3 2 2 1 3 1 1 4 2 3 1 3 2 1 1 4 1 2 1 4 4 1 2 3 3 4 1 2 1 2 1 4 1 3 1 3 2 3 3 4 1 3 4 2 4 3 3 3 1 1 3 4 1 1 1 2 1 4 1 3 4 1 1 2 1 1 4 1 3 1 4 1 3 4 4 4 1 1 1 4 1 3
136 0.008688 3 2 3 3 4 3 1 3 3 3 3 3 4 1 3 2 2 1 3 3 1 4 2 3 1 3 2 1 1 4 1 2 1 4 4 1 2 3 3 4 1 2 1 2 1 4 1 3 1 3 2 3 3 4 1 3 4 2 4 3 3 3 1 1 3 4 1 1 1 2 1 4 1 3 4 1 1 2 1 1 4 1 4 1 4 1 3 4 4 4 1 1 1 4 1 3
136 0.008688 3 2 3 3 4 3 1 3 3 3 3 3 4 1 3 2 2 1 3 3 1 4 2 3 1 3 2 1 1 4 1 2 1 4 4 1 2 3 3 4 1 2 1 2 1 4 1 3 1 1 2 3 3 4 1 3 4 2 4 3 3 3 1 1 3 4 1 1 1 2 1 4 1 3 4 1 1 2 1 1 4 1 4 1 4 1 3 4 4 4 1 1 1 4 1 3
136 0.131687 3 2 3 3 4 3 1 3 3 3 3 3 4 1 3 2 1 3 3 3 1 4 4 3 1 1 1 1 1 4 1 2 1 4 1 3 2 3 3 4 1 2 1 2 1 4 1 3 3 3 2 3 3 4 1 3 4 2 4 3 3 3 1 1 3 4 1 1 1 2 1 4 1 3 4 1 1 2 1 1 4 1 4 1 4 1 3 4 4 4 1 1 1 4 1 3
136 0.131687 3 2 3 3 4 3 1 3 3 3 3 3 4 1 3 2 1 3 3 3 1 4 4 3 1 3 2 1 1 4 1 2 1 4 1 1 2 3 3 4 1 2 1 2 1 4 1 3 1 3 2 3 3 4 1 3 4 2 4 3 3 3 1 1 3 4 1 1 1 2 1 4 1 3 4 1 1 2 1 1 4 1 4 1 4 1 3 4 4 4 1 1 1 4 1 3
136 0.008688 3 2 3 3 4 3 1 3 3 3 3 3 4 1 3 2 1 3 3 3 1 4 2 3 1 3 2 1 1 4 1 2 1 4 4 1 2 3 3 4 1 2 1 2 3 4 1 3 1 3 2 3 3 4 1 3 4 2 4 3 3 3 1 1 3 4 1 1 1 2 1 4 1 3 4 1 1 2 1 1 4 1 4 1 2 1 3 3 4 4 1 1 1 4 1 3
136 0.131687 3 2 3 1 4 3 1 3 3 3 3 3 4 1 3 2 2 1 3 3 1 4 2 3 1 3 2 1 1 4 1 2 1 4 4 1 2 3 3 4 1 2 1 2 1 4 1 3 1 3 2 3 3 4 1 3 4 2 4 3 3 3 1 1 3 4 1 1 1 2 1 4 1 3 4 1 1 2 1 1 4 1 4 1 4 1 3 4 4 4 1 1 1 4 1 3
136 0.008688 3 2 3 3 4 3 1 3 3 3 3 3 4 1 3 2 2 1 3 3 1 4 2 3 3 3 2 1 1 4 1 2 1 4 4 1 2 3 3 4 1 2 1 2 1 4 1 3 1 3 2 3 3 4 1 3 4 2 4 3 3 3 1 1 3 4 1 1 1 2 1 4 1 3 4 1 1 2 1 1 4 1 4 1 4 1 3 4 4 4 1 1 1 4 1 3
136 0.131687 3 2 3 1 4 3 1 3 3 3 3 3 4 1 3 2 2 1 3 3 1 4 2 3 1 3 2 1 1 4 1 2 1 4 4 1 2 3 3 4 1 2 1 2 1 4 1 3 1 3 2 3 3 4 1 3 4 2 4 3 3 3 1 1 3 4 1 1 1 2 1 4 1 3 4 1 1 2 1 1 4 1 4 1 4 1 3 4 4 4 1 3 1 4 1 3
136 0.008688 3 2 3 3 4 3 1 3 3 3 3 3 4 1 3 2 2 1 3 3 1 4 2 3 1 3 2 1 1 4 1 2 1 4 4 1 2 3 3 4 1 2 1 2 1 4 1 3 1 1 2 3 3 4 1 3 4 2 4 3 3 3 1 1 3 4 1 1 1 2 1 4 1 3 4 1 1 2 1 1 4 1 4 3 4 1 3 4 4 4 1 1 1 4 1 3
136 0.131687 3 2 3 1 4 3 1 3 3 3 3 3 4 1 3 2 2 1 3 3 1 4 2 3 1 3 2 1 1 4 1 2 1 4 4 1 2 0 3 4 1 2 1 2 1 4 1 3 1 3 2 3 1 4 1 3 4 2 4 3 3 3 1 1 3 4 1 1 1 2 1 4 1 3 4 1 1 2 1 1 4 1 4 1 4 1 3 4 4 4 1 1 1 4 1 3
136 0.008688 3 2 3 3 4 3 1 3 3 3 3 3 4 1 3 2 2 1 3 3 1 4 2 3 1 3 2 3 1 4 1 2 1 4 4 1 2 3 3 4 1 2 1 2 1 4 1 3 1 3 2 3 3 4 1 3 4 2 4 3 3 3 1 1 3 4 1 1 1 2 1 4 1 3 4 1 1 2 1 1 4 1 4 1 4 1 1 4 4 4 1 1 1 4 1 1
136 0.131687 3 2 3 1 4 3 1 3 3 3 3 3 4 1 3 2 2 1 3 3 1 4 2 3 1 3 2 1 1 4 1 2 1 4 4 1 2 3 3 4 1 2 1 2 1 4 1 3 1 3 2 3 3 4 1 3 4 2 4 3 3 3 1 1 3 4 1 1 1 2 1 4 1 3 4 1 1 2 1 1 4 1 4 1 4 1 3 4 4 4 1 1 1 2 3 3
136 0.008688 3 2 3 3 4 3 1 3 3 3 3 3 4 1 3 2 2 3 3 3 1 4 2 3 1 3 2 1 1 4 1 2 1 4 4 1 2 3 1 4 1 2 1 2 1 4 1 3 1 3 2 3 3 4 1 3 4 2 4 3 3 3 1 1 3 4 1 1 1 2 1 4 1 3 4 1 1 2 1 1 4 1 4 1 4 1 3 4 4 4 1 1 1 4 1 3
136 0.131687 3 2 3 3 4 1 1 3 3 3 3 3 4 1 3 2 2 1 3 3 1 4 2 3 1 3 2 1 1 4 1 2 1 4 4 1 2 3 3 4 1 2 1 2 1 4 1 3 1 3 2 3 3 4 1 3 4 2 4 3 3 3 1 1 3 4 1 1 1 2 1 4 1 3 4 1 1 2 1 1 4 1 4 1 4 1 3 4 4 4 1 1 1 4 1 3
137 0.007508 3 2 3 3 4 3 1 3 1 3 3 3 4 1 3 2 1 3 3 3 1 4 2 3 1 3 2 1 1 4 1 2 1 4 4 1 2 3 3 4 1 2 1 2 1 4 1 3 1 3 2 3 3 4 1 1 4 2 4 3 3 3 1 1 3 4 1 1 1 2 1 4 1 3 4 1 1 2 1 1 4 1 4 1 4 1 3 4 4 4 1 1 1 4 1 3
137 0.007508 3 2 3 3 4 1 1 3 3 3 3 3 4 1 3 2 2 1 3 1 1 4 2 3 1 3 2 1 1 4 1 2 1 4 4 1 2 3 3 4 1 2 1 2 1 4 1 3 1 3 2 3 3 4 1 3 4 2 4 3 3 3 1 1 3 4 1 1 1 2 1 4 1 3 4 1 1 2 1 1 4 1 3 1 4 1 3 4 4 4 1 1 1 4 1 3
137 0.007508 3 2 3 3 4 3 1 3 3 3 3 3 4 1 3 2 2 1 3 3 1 4 2 3 1 3 2 1 1 4 1 2 1 4 4 1 2 3 3 4 1 2 1 2 1 4 1 3 1 3 2 3 3 4 1 3 4 2 4 3 3 3 1 1 3 4 1 1 1 2 1 4 1 3 4 1 1 2 1 1 4 1 4 1 4 1 3 4 4 4 1 1 1 4 1 3
137 0.007508 3 2 3 3 4 3 1 3 3 3 3 3 4 1 3 2 2 1 3 3 1 4 2 3 1 3 2 1 1 4 1 2 1 4 4 1 2 3 3 4 1 2 1 2 1 4 1 3 1 1 2 3 3 4 1 3 4 2 4 3 3 3 1 1 3 4 1 1 1 2 1 4 1 3 4 1 1 2 1 1 4 1 4 1 4 1 3 4 4 4 1 1 1 4 1 3
137 0.133204 3 2 3 3 4 3 1 3 3 3 3 3 4 1 3 2 1 3 3 3 1 4 4 3 1 1 1 1 1 4 1 2 1 4 1 3 2 3 3 4 1 2 1 2 1 4 1 3 3 3 2 3 3 4 1 3 4 2 4 3 3 3 1 1 3 4 1 1 1 2 1 4 1 3 4 1 1 2 1 1 4 1 4 1 4 1 3 4 4 4 1 1 1 4 1 3
137 0.133204 3 2 3 3 4 3 1 3 3 3 3 3 4 1 3 2 1 3 3 3 1 4 4 3 1 3 2 1 1 4 1 2 1 4 1 1 2 3 3 4 1 2 1 2 1 4 1 3 1 3 2 3 3 4 1 3 4 2 4 3 3 3 1 1 3 4 1 1 1 2 1 4 1 3 4 1 1 2 1 1 4 1 4 1 4 1 3 4 4 4 1 1 1 4 1 3
137 0.007508 3 2 3 3 4 3 1 3 3 3 3 3 4 1 3 2 1 3 3 3 1 4 2 3 1 3 2 1 1 4 1 2 1 4 4 1 2 3 3 4 1 2 1 2 3 4 1 3 1 3 2 3 3 4 1 3 4 2 4 3 3 3 1 1 3 4 1 1 1 2 1 4 1 3 4 1 1 2 1 1 4 1 4 1 2 1 3 3 4 4 1 1 1 4 1 3
137 0.133204 3 2 3 1 4 3 1 3 3 3 3 3 4 1 3 2 2 1 3 3 1 4 2 3 1 3 2 1 1 4 1 2 1 4 4 1 2 3 3 4 1 2 1 2 1 4 1 3 1 3 2 3 3 4 1 3 4 2 4 3 3 3 1 1 3 4 1 1 1 2 1 4 1 3 4 1 1 2 1 1 4 1 4 1 4 1 3 4 4 4 1 1 1 4 1 3
137 0.007508 3 2 3 3 4 3 1 3 3 3 3 3 4 1 3 2 2 1 3 3 1 4 2 3 3 3 2 1 1 4 1 2 1 4 4 1 2 3 3 4 1 2 1 2 1 4 1 3 1 3 2 3 3 4 1 3 4 2 4 3 3 3 1 1 3 4 1 1 1 2 1 4 1 3 4 1 1 2 1 1 4 1 4 1 4 1 3 4 4 4 1 1 1 4 1 3
137 0.133204 3 2 3 1 4 3 1 3 3 3 3 3 4 1 3 2 2 1 3 3 1 4 2 3 1 3 2 1 1 4 1 2 1 4 4 1 2 3 3 4 1 2 1 2 1 4 1 3 1 3 2 3 3 4 1 3 4 2 4 3 3 3 1 1 3 4 1 1 1 2 1 4 1 3 4 1 1 2 1 1 4 1 4 1 4 1 3 4 4 4 1 3 1 4 1 3
137 0.007508 3 2 3 3 4 3 1 3 3 3 3 3 4 1 3 2 2 1 3 3 1 4 2 3 1 3 2 1 1 4 1 2 1 4 4 1 2 3 3 4 1 2 1 2 1 4 1 3 1 1 2 3 3 4 1 3 4 2 4 3 3 3 1 1 3 4 1 1 1 2 1 4 1 3 4 1 1 2 1 1 4 1 4 3 4 1 3 4 4 4 1 1 1 4 1 3
137 0.133204 3 2 3 1 4 3 1 3 3 3 3 3 4 1 3 2 2 1 3 3 1 4 2 3 1 3 2 1 1 4 1 2 1 4 4 1 2 0 3 4 1 2 1 2 1 4 1 3 1 3 2 3 1 4 1 3 4 2 4 3 3 3 1 1 3 4 1 1 1 2 1 4 1 3 4 1 1 2 1 1 4 1 4 1 4 1 3 4 4 4 1 1 1 4 1 3
137 0.007508 3 2 3 3 4 3 1 3 3 3 3 3 4 1 3 2 2 1 3 3 1 4 2 3 1 3 2 3 1 4 1 2 1 4 4 1 2 3 3 4 1 2 1 2 1 4 1 3 1 3 2 3 3 4 1 3 4 2 4 3 3 3 1 1 3 4 1 1 1 2 1 4 1 3 4 1 1 2 1 1 4 1 4 1 4 1 1 4 4 4 1 1 1 4 1 1
137 0.133204 3 2 3 1 4 3 1 3 3 3 3 3 4 1 3 2 2 1 3 3 1 4 2 3 1 3 2 1 1 4 1 2 1 4 4 1 2 3 3 4 1 2 1 2 1 4 1 3 1 3 2 3 3 4 1 3 4 2 4 3 3 3 1 1 3 4 1 1 1 2 1 4 1 3 4 1 1 2 1 1 4 1 4 1 4 1 3 4 4 4 1 1 1 2 3 3
137 0.007508 3 2 3 3 4 3 1 3 3 3 3 3 4 1 3 2 2 3 3 3 1 4 2 3 1 3 2 1 1 4 1 2 1 4 4 1 2 3 1 4 1 2 1 2 1 4 1 3 1 3 2 3 3 4 1 3 4 2 4 3 3 3 1 1 3 4 1 1 1 2 1 4 1 3 4 1 1 2 1 1 4 1 4 1 4 1 3 4 4 4 1 1 1 4 1 3
137 0.133204 3 2 3 3 4 1 1 3 3 3 3 3 4 1 3 2 2 1 3 3 1 4 2 3 1 3 2 1 1 4 1 2 1 4 4 1 2 3 3 4 1 2 1 2 1 4 1 3 1 3 2 3 3 4 1 3 4 2 4 3 3 3 1 1 3 4 1 1 1 2 1 4 1 3 4 1 1 2 1 1 4 1 4 1 4 1 3 4 4 4 1 1 1 4 1 3
138 0.006464 3 2 3 3 4 3 1 3 1 3 3 3 4 1 3 2 1 3 3 3 1 4 2 3 1 3 2 1 1 4 1 2 1 4 4 1 2 3 3 4 1 2 1 2 1 4 1 3 1 3 2 3 3 4 1 1 4 2 4 3 3 3 1 1 3 4 1 1 1 2 1 4 1 3 4 1 1 2 1 1 4 1 4 1 4 1 3 4 4 4 1 1 1 4 1 3
138 0.006464 3 2 3 3 4 1 1 3 3 3 3 3 4 1 3 2 2 1 3 1 1 4 2 3 1 3 2 1 1 4 1 2 1 4 4 1 2 3 3 4 1 2 1 2 1 4 1 3 1 3 2 3 3 4 1 3 4 2 4 3 3 3 1 1 3 4 1 1 1 2 1 4 1 3 4 1 1 2 1 1 4 1 3 1 4 1 3 4 4 4 1 1 1 4 1 3
138 0.006464 3 2 3 3 4 3 1 3 3 3 3 3 4 1 3 2 2 1 3 3 1 4 2 3 1 3 2 1 1 4 1 2 1 4 4 1 2 3 3 4 1 2 1 2 1 4 1 3 1 3 2 3 3 4 1 3 4 2 4 3 3 3 1 1 3 4 1 1 1 2 1 4 1 3 4 1 1 2 1 1 4 1 4 1 4 1 3 4 4 4 1 1 1 4 1 3
138 0.006464 3 2 3 3 4 3 1 3 3 3 3 3 4 1 3 2 2 1 3 3 1 4 2 3 1 3 2 1 1 4 1 2 1 4 4 1 2 3 3 4 1 2 1 2 1 4 1 3 1 1 2 3 3 4 1 3 4 2 4 3 3 3 1 1 3 4 1 1 1 2 1 4 1 3 4 1 1 2 1 1 4 1 4 1 4 1 3 4 4 4 1 1 1 4 1 3
138 0.134546 3 2 3 3 4 3 1 3 3 3 3 3 4 1 3 2 1 3 3 3 1 4 4 3 1 1 1 1 1 4 1 2 1 4 1 3 2 3 3 4 1 2 1 2 1 4 1 3 3 3 2 3 3 4 1 3 4 2 4 3 3 3 1 1 3 4 1 1 1 2 1 4 1 3 4 1 1 2 1 1 4 1 4 1 4 1 3 4 4 4 1 1 1 4 1 3
138 0.134546 3 2 3 3 4 3 1 3 3 3 3 3 4 1 3 2 1 3 3 3 1 4 4 3 1 3 2 1 1 4 1 2 1 4 1 1 2 3 3 4 1 2 1 2 1 4 1 3 1 3 2 3 3 4 1 3 4 2 4 3 3 3 1 1 3 4 1 1 1 2 1 4 1 3 4 1 1 2 1 1 4 1 4 1 4 1 3 4 4 4 1 1 1 4 1 3
138 0.006464 3 2 3 3 4 3 1 3 3 3 3 3 4 1 3 2 1 3 3 3 1 4 2 3 1 3 2 1 1 4 1 2 1 4 4 1 2 3 3 4 1 2 1 2 3 4 1 3 1 3 2 3 3 4 1 3 4 2 4 3 3 3 1 1 3 4 1 1 1 2 1 4 1 3 4 1 1 2 1 1 4 1 4 1 2 1 3 3 4 4 1 1 1 4 1 3
138 0.134546 3 2 3 1 4 3 1 3 3 3 3 3 4 1 3 2 2 1 3 3 1 4 2 3 1 3 2 1 1 4 1 2 1 4 4 1 2 3 3 4 1 2 1 2 1 4 1 3 1 3 2 3 3 4 1 3 4 2 4 3 3 3 1 1 3 4 1 1 1 2 1 4 1 3 4 1 1 2 1 1 4 1 4 1 4 1 3 4 4 4 1 1 1 4 1 3
138 0.006464 3 2 3 3 4 3 1 3 3 3 3 3 4 1 3 2 2 1 3 3 1 4 2 3 3 3 2 1 1 4 1 2 1 4 4 1 2 3 3 4 1 2 1 2 1 4 1 3 1 3 2 3 3 4 1 3 4 2 4 3 3 3 1 1 3 4 1 1 1 2 1 4 1 3 4 1 1 2 1 1 4 1 4 1 4 1 3 4 4 4 1 1 1 4 1 3
138 0.134546 3 2 3 1 4 3 1 3 3 3 3 3 4 1 3 2 2 1 3 3 1 4 2 3 1 3 2 1 1 4 1 2 1 4 4 1 2 3 3 4 1 2 1 2 1 4 1 3 1 3 2 3 3 4 1 3 4 2 4 3 3 3 1 1 3 4 1 1 1 2 1 4 1 3 4 1 1 2 1 1 4 1 4 1 4 1 3 4 4 4 1 3 1 4 1 3
138 0.006464 3 2 3 3 4 3 1 3 3 3 3 3 4 1 3 2 2 1 3 3 1 4 2 3 1 3 2 1 1 4 1 2 1 4 4 1 2 3 3 4 1 2 1 2 1 4 1 3 1 1 2 3 3 4 1 3 4 2 4 3 3 3 1 1 3 4 1 1 1 2 1 4 1 3 4 1 1 2 1 1 4 1 4 3 4 1 3 4 4 4 1 1 1 4 1 3
138 0.134546 3 2 3 1 4 3 1 3 3 3 3 3 4 1 3 2 2 1 3 3 1 4 2 3 1 3 2 1 1 4 1 2 1 4 4 1 2 0 3 4 1 2 1 2 1 4 1 3 1 3 2 3 1 4 1 3 4 2 4 3 3 3 1 1 3 4 1 1 1 2 1 4 1 3 4 1 1 2 1 1 4 1 4 1 4 1 3 4 4 4 1 1 1 4 1 3
138 0.006464 3 2 3 3 4 3 1 3 3 3 3 3 4 1 3 2 2 1 3 3 1 4 2 3 1 3 2 3 1 4 1 2 1 4 4 1 2 3 3 4 1 2 1 2 1 4 1 3 1 3 2 3 3 4 1 3 4 2 4 3 3 3 1 1 3 4 1 1 1 2 1 4 1 3 4 1 1 2 1 1 4 1 4 1 4 1 1 4 4 4 1 1 1 4 1 1
138 0.134546 3 2 3 1 4 3 1 3 3 3 3 3 4 1 3 2 2 1 3 3 1 4 2 3 1 3 2 1 1 4 1 2 1 4 4 1 2 3 3 4 1 2 1 2 1 4 1 3 1 3 2 3 3 4 1 3 4 2 4 3 3 3 1 1 3 4 1 1 1 2 1 4 1 3 4 1 1 2 1 1 4 1 4 1 4 1 3 4 4 4 1 1 1 2 3 3
138 0.006464 3 2 3 3 4 3 1 3 3 3 3 3 4 1 3 2 2 3 3 3 1 4 2 3 1 3 2 1 1 4 1 2 1 4 4 1 2 3 1 4 1 2 1 2 1 4 1 3 1 3 2 3 3 4 1 3 4 2 4 3 3 3 1 1 3 4 1 1 1 2 1 4 1 3 4 1 1 2 1 1 4 1 4 1 4 1 3 4 4 4 1 1 1 4 1 3
138 0.134546 3 2 3 3 4 1 1 3 3 3 3 3 4 1 3 2 2 1 3 3 1 4 2 3 1 3 2 1 1 4 1 2 1 4 4 1 2 3 3 4 1 2 1 2 1 4 1 3 1 3 2 3 3 4 1 3 4 2 4 3 3 3 1 1 3 4 1 1 1 2 1 4 1 3 4 1 1 2 1 1 4 1 4 1 4 1 3 4 4 4 1 1 1 4 1 3
139 0.005545 3 2 3 3 4 3 1 3 1 3 3 3 4 1 3 2 1 3 3 3 1 4 2 3 1 3 2 1 1 4 1 2 1 4 4 1 2 3 3 4 1 2 1 2 1 4 1 3 1 3 2 3 3 4 1 1 4 2 4 3 3 3 1 1 3 4 1 1 1 2 1 4 1 3 4 1 1 2 1 1 4 1 4 1 4 1 3 4 4 4 1 1 1 4 1 3
139 0.005545 3 2 3 3 4 1 1 3 3 3 3 3 4 1 3 2 2 1 3 1 1 4 2 3 1 3 2 1 1 4 1 2 1 4 4 1 2 3 3 4 1 2 1 2 1 4 1 3 1 3 2 3 3 4 1 3 4 2 4 3 3 3 1 1 3 4 1 1 1 2 1 4 1 3 4 1 1 2 1 1 4 1 3 1 4 1 3 4 4 4 1 1 1 4 1 3
139 0.005545 3 2 3 3 4 3 1 3 3 3 3 3 4 1 3 2 2 1 3 3 1 4 2 3 1 3 2 1 1 4 1 2 1 4 4 1 2 3 3 4 1 2 1 2 1 4 1 3 1 3 2 3 3 4 1 3 4 2 4 3 3 3 1 1 3 4 1 1 1 2 1 4 1 3 4 1 1 2 1 1 4 1 4 1 4 1 3 4 4 4 1 1 1 4 1 3
139 0.005545 3 2 3 3 4 3 1 3 3 3 3 3 4 1 3 2 2 1 3 3 1 4 2 3 1 3 2 1 1 4 1 2 1 4 4 1 2 3 3 4 1 2 1 2 1 4 1 3 1 1 2 3 3 4 1 3 4 2 4 3 3 3 1 1 3 4 1 1 1 2 1 4 1 3 4 1 1 2 1 1 4 1 4 1 4 1 3 4 4 4 1 1 1 4 1 3
139 0.135728 3 2 3 3 4 3 1 3 3 3 3 3 4 1 3 2 1 3 3 3 1 4 4 3 1 1 1 1 1 4 1 2 1 4 1 3 2 3 3 4 1 2 1 2 1 4 1 3 3 3 2 3 3 4 1 3 4 2 4 3 3 3 1 1 3 4 1 1 1 2 1 4 1 3 4 1 1 2 1 1 4 1 4 1 4 1 3 4 4 4 1 1 1 4 1 3
139 0.135728 3 2 3 3 4 3 1 3 3 3 3 3 4 1 3 2 1 3 3 3 1 4 4 3 1 3 2 1 1 4 1 2 1 4 1 1 2 3 3 4 1 2 1 2 1 4 1 3 1 3 2 3 3 4 1 3 4 2 4 3 3 3 1 1 3 4 1 1 1 2 1 4 1 3 4 1 1 2 1 1 4 1 4 1 4 1 3 4 4 4 1 1 1 4 1 3
139 0.005545 3 2 3 3 4 3 1 3 3 3 3 3 4 1 3 2 1 3 3 3 1 4 2 3 1 3 2 1 1 4 1 2 1 4 4 1 2 3 3 4 1 2 1 2 3 4 1 3 1 3 2 3 3 4 1 3 4 2 4 3 3 3 1 1 3 4 1 1 1 2 1 4 1 3 4 1 1 2 1 1 4 1 4 1 2 1 3 3 4 4 1 1 1 4 1 3
139 0.135728 3 2 3 1 4 3 1 3 3 3 3 3 4 1 3 2 2 1 3 3 1 4 2 3 1 3 2 1 1 4 1 2 1 4 4 1 2 3 3 4 1 2 1 2 1 4 1 3 1 3 2 3 3 4 1 3 4 2 4 3 3 3 1 1 3 4 1 1 1 2 1 4 1 3 4 1 1 2 1 1 4 1 4 1 4 1 3 4 4 4 1 1 1 4 1 3
139 0.005545 3 2 3 3 4 3 1 3 3 3 3 3 4 1 3 2 2 1 3 3 1 4 2 3 3 3 2 1 1 4 1 2 1 4 4 1 2 3 3 4 1 2 1 2 1 4 1 3 1 3 2 3 3 4 1 3 4 2 4 3 3 3 1 1 3 4 1 1 1 2 1 4 1 3 4 1 1 2 1 1 4 1 4 1 4 1 3 4 4 4 1 1 1 4 1 3
139 0.135728 3 2 3 1 4 3 1 3 3 3 3 3 4 1 3 2 2 1 3 3 1 4 2 3 1 3 2 1 1 4 1 2 1 4 4 1 2 3 3 4 1 2 1 2 1 4 1 3 1 3 2 3 3 4 1 3 4 2 4 3 3 3 1 1 3 4 1 1 1 2 1 4 1 3 4 1 1 2 1 1 4 1 4 1 4 1 3 4 4 4 1 3 1 4 1 3
139 0.005545 3 2 3 3 4 3 1 3 3 3 3 3 4 1 3 2 2 1 3 3 1 4 2 3 1 3 2 1 1 4 1 2 1 4 4 1 2 3 3 4 1 2 1 2 1 4 1 3 1 1 2 3 3 4 1 3 4 2 4 3 3 3 1 1 3 4 1 1 1 2 1 4 1 3 4 1 1 2 1 1 4 1 4 3 4 1 3 4 4 4 1 1 1 4 1 3
139 0.135728 3 2 3 1 4 3 1 3 3 3 3 3 4 1 3 2 2 1 3 3 1 4 2 3 1 3 2 1 1 4 1 2 1 4 4 1 2 0 3 4 1 2 1 2 1 4 1 3 1 3 2 3 1 4 1 3 4 2 4 3 3 3 1 1 3 4 1 1 1 2 1 4 1 3 4 1 1 2 1 1 4 1 4 1 4 1 3 4 4 4 1 1 1 4 1 3
139 0.005545 3 2 3 3 4 3 1 3 3 3 3 3 4 1 3 2 2 1 3 3 1 4 2 3 1 3 2 3 1 4 1 2 1 4 4 1 2 3 3 4 1 2 1 2 1 4 1 3 1 3 2 3 3 4 1 3 4 2 4 3 3 3 1 1 3 4 1 1 1 2 1 4 1 3 4 1 1 2 1 1 4 1 4 1 4 1 1 4 4 4 1 1 1 4 1 1
139 0.135728 3 2 3 1 4 3 1 3 3 3 3 3 4 1 3 2 2 1 3 3 1 4 2 3 1 3 2 1 1 4 1 2 1 4 4 1 2 3 3 4 1 2 1 2 1 4 1 3 1 3 2 3 3 4 1 3 4 2 4 3 3 3 1 1 3 4 1 1 1 2 1 4 1 3 4 1 1 2 1 1 4 1 4 1 4 1 3 4 4 4 1 1 1 2 3 3
139 0.005545 3 2 3 3 4 3 1 3 3 3 3 3 4 1 3 2 2 3 3 3 1 4 2 3 1 3 2 1 1 4 1 2 1 4 4 1 2 3 1 4 1 2 1 2 1 4 1 3 1 3 2 3 3 4 1 3 4 2 4 3 3 3 1 1 3 4 1 1 1 2 1 4 1 3 4 1 1 2 1 1 4 1 4 1 4 1 3 4 4 4 1 1 1 4 1 3
139 0.135728 3 2 3 3 4 1 1 3 3 3 3 3 4 1 3 2 2 1 3 3 1 4 2 3 1 3 2 1 1 4 1 2 1 4 4 1 2 3 3 4 1 2 1 2 1 4 1 3 1 3 2 3 3 4 1 3 4 2 4 3 3 3 1 1 3 4 1 1 1 2 1 4 1 3 4 1 1 2 1 1 4 1 4 1 4 1 3 4 4 4 1 1 1 4 1 3
140 0.004737 3 2 3 3 4 3 1 3 1 3 3 3 4 1 3 2 1 3 3 3 1 4 2 3 1 3 2 1 1 4 1 2 1 4 4 1 2 3 3 4 1 2 1 2 1 4 1 3 1 3 2 3 3 4 1 1 4 2 4 3 3 3 1 1 3 4 1 1 1 2 1 4 1 3 4 1 1 2 1 1 4 1 4 1 4 1 3 4 4 4 1 1 1 4 1 3
140 0.004737 3 2 3 3 4 1 1 3 3 3 3 3 4 1 3 2 2 1 3 1 1 4 2 3 1 3 2 1 1 4 1 2 1 4 4 1 2 3 3 4 1 2 1 2 1 4 1 3 1 3 2 3 3 4 1 3 4 2 4 3 3 3 1 1 3 4 1 1 1 2 1 4 1 3 4 1 1 2 1 1 4 1 3 1 4 1 3 4 4 4 1 1 1 4 1 3
140 0.004737 3 2 3 3 4 3 1 3 3 3 3 3 4 1 3 2 2 1 3 3 1 4 2 3 1 3 2 1 1 4 1 2 1 4 4 1 2 3 3 4 1 2 1 2 1 4 1 3 1 3 2 3 3 4 1 3 4 2 4 3 3 3 1 1 3 4 1 1 1 2 1 4 1 3 4 1 1 2 1 1 4 1 4 1 4 1 3 4 4 4 1 1 1 4 1 3
140 0.004737 3 2 3 3 4 3 1 3 3 3 3 3 4 1 3 2 2 1 3 3 1 4 2 3 1 3 2 1 1 4 1 2 1 4 4 1 2 3 3 4 1 2 1 2 1 4 1 3 1 1 2 3 3 4 1 3 4 2 4 3 3 3 1 1 3 4 1 1 1 2 1 4 1 3 4 1 1 2 1 1 4 1 4 1 4 1 3 4 4 4 1 1 1 4 1 3
140 0.136767 3 2 3 3 4 3 1 3 3 3 3 3 4 1 3 2 1 3 3 3 1 4 4 3 1 1 1 1 1 4 1 2 1 4 1 3 2 3 3 4 1 2 1 2 1 4 1 3 3 3 2 3 3 4 1 3 4 2 4 3 3 3 1 1 3 4 1 1 1 2 1 4 1 3 4 1 1 2 1 1 4 1 4 1 4 1 3 4 4 4 1 1 1 4 1 3
140 0.136767 3 2 3 3 4 3 1 3 3 3 3 3 4 1 3 2 1 3 3 3 1 4 4 3 1 3 2 1 1 4 1 2 1 4 1 1 2 3 3 4 1 2 1 2 1 4 1 3 1 3 2 3 3 4 1 3 4 2 4 3 3 3 1 1 3 4 1 1 1 2 1 4 1 3 4 1 1 2 1 1 4 1 4 1 4 1 3 4 4 4 1 1 1 4 1 3
140 0.004737 3 2 3 3 4 3 1 3 3 3 3 3 4 1 3 2 1 3 3 3 1 4 2 3 1 3 2 1 1 4 1 2 1 4 4 1 2 3 3 4 1 2 1 2 3 4 1 3 1 3 2 3 3 4 1 3 4 2 4 3 3 3 1 1 3 4 1 1 1 2 1 4 1 3 4 1 1 2 1 1 4 1 4 1 2 1 3 3 4 4 1 1 1 4 1 3
140 0.136767 3 2 3 1 4 3 1 3 3 3 3 3 4 1 3 2 2 1 3 3 1 4 2 3 1 3 2 1 1 4 1 2 1 4 4 1 2 3 3 4 1 2 1 2 1 4 1 3 1 3 2 3 3 4 1 3 4 2 4 3 3 3 1 1 3 4 1 1 1 2 1 4 1 3 4 1 1 2 1 1 4 1 4 1 4 1 3 4 4 4 1 1 1 4 1 3
140 0.004737 3 2 3 3 4 3 1 3 3 3 3 3 4 1 3 2 2 1 3 3 1 4 2 3 3 3 2 1 1 4 1 2 1 4 4 1 2 3 3 4 1 2 1 2 1 4 1 3 1 3 2 3 3 4 1 3 4 2 4 3 3 3 1 1 3 4 1 1 1 2 1 4 1 3 4 1 1 2 1 1 4 1 4 1 4 1 3 4 4 4 1 1 1 4 1 3
140 0.136767 3 2 3 1 4 3 1 3 3 3 3 3 4 1 3 2 2 1 3 3 1 4 2 3 1 3 2 1 1 4 1 2 1 4 4 1 2 3 3 4 1 2 1 2 1 4 1 3 1 3 2 3 3 4 1 3 4 2 4 3 3 3 1 1 3 4 1 1 1 2 1 4 1 3 4 1 1 2 1 1 4 1 4 1 4 1 3 4 4 4 1 3 1 4 1 3
140 0.004737 3 2 3 3 4 3 1 3 3 3 3 3 4 1 3 2 2 1 3 3 1 4 2 3 1 3 2 1 1 4 1 2 1 4 4 1 2 3 3 4 1 2 1 2 1 4 1 3 1 1 2 3 3 4 1 3 4 2 4 3 3 3 1 1 3 4 1 1 1 2 1 4 1 3 4 1 1 2 1 1 4 1 4 3 4 1 3 4 4 4 1 1 1 4 1 3
140 0.136767 3 2 3 1 4 3 1 3 3 3 3 3 4 1 3 2 2 1 3 3 1 4 2 3 1 3 2 1 1 4 1 2 1 4 4 1 2 0 3 4 1 2 1 2 1 4 1 3 1 3 2 3 1 4 1 3 4 2 4 3 3 3 1 1 3 4 1 1 1 2 1 4 1 3 4 1 1 2 1 1 4 1 4 1 4 1 3 4 4 4 1 1 1 4 1 3
140 0.004737 3 2 3 3 4 3 1 3 3 3 3 3 4 1 3 2 2 1 3 3 1 4 2 3 1 3 2 3 1 4 1 2 1 4 4 1 2 3 3 4 1 2 1 2 1 4 1 3 1 3 2 3 3 4 1 3 4 2 4 3 3 3 1 1 3 4 1 1 1 2 1 4 1 3 4 1 1 2 1 1 4 1 4 1 4 1 1 4 4 4 1 1 1 4 1 1
140 0.136767 3 2 3 1 4 3 1 3 3 3 3 3 4 1 3 2 2 1 3 3 1 4 2 3 1 3 2 1 1 4 1 2 1 4 4 1 2 3 3 4 1 2 1 2 1 4 1 3 1 3 2 3 3 4 1 3 4 2 4 3 3 3 1 1 3 4 1 1 1 2 1 4 1 3 4 1 1 2 1 1 4 1 4 1 4 1 3 4 4 4 1 1 1 2 3 3
140 0.004737 3 2 3 3 4 3 1 3 3 3 3 3 4 1 3 2 2 3 3 3 1 4 2 3 1 3 2 1 1 4 1 2 1 4 4 1 2 3 1 4 1 2 1 2 1 4 1 3 1 3 2 3 3 4 1 3 4 2 4 3 3 3 1 1 3 4 1 1 1 2 1 4 1 3 4 1 1 2 1 1 4 1 4 1 4 1 3 4 4 4 1 1 1 4 1 3
140 0.136767 3 2 3 3 4 1 1 3 3 3 3 3 4 1 3 2 2 1 3 3 1 4 2 3 1 3 2 1 1 4 1 2 1 4 4 1 2 3 3 4 1 2 1 2 1 4 1 3 1 3 2 3 3 4 1 3 4 2 4 3 3 3 1 1 3 4 1 1 1 2 1 4 1 3 4 1 1 2 1 1 4 1 4 1 4 1 3 4 4 4 1 1 1 4 1 3
141 0.004027 3 2 3 3 4 3 1 3 1 3 3 3 4 1 3 2 1 3 3 3 1 4 2 3 1 3 2 1 1 4 1 2 1 4 4 1 2 3 3 4 1 2 1 2 1 4 1 3 1 3 2 3 3 4 1 1 4 2 4 3 3 3 1 1 3 4 1 1 1 2 1 4 1 3 4 1 1 2 1 1 4 1 4 1 4 1 3 4 4 4 1 1 1 4 1 3
141 0.004027 3 2 3 3 4 1 1 3 3 3 3 3 4 1 3 2 2 1 3 1 1 4 2 3 1 3 2 1 1 4 1 2 1 4 4 1 2 3 3 4 1 2 1 2 1 4 1 3 1 3 2 3 3 4 1 3 4 2 4 3 3 3 1 1 3 4 1 1 1 2 1 4 1 3 4 1 1 2 1 1 4 1 3 1 4 1 3 4 4 4 1 1 1 4 1 3
141 0.004027 3 2 3 3 4 3 1 3 3 3 3 3 4 1 3 2 2 1 3 3 1 4 2 3 1 3 2 1 1 4 1 2 1 4 4 1 2 3 3 4 1 2 1 2 1 4 1 3 1 3 2 3 3 4 1 3 4 2 4 3 3 3 1 1 3 4 1 1 1 2 1 4 1 3 4 1 1 2 1 1 4 1 4 1 4 1 3 4 4 4 1 1 1 4 1 3
141 0.004027 3 2 3 3 4 3 1 3 3 3 3 3 4 1 3 2 2 1 3 3 1 4 2 3 1 3 2 1 1 4 1 2 1 4 4 1 2 3 3 4 1 2 1 2 1 4 1 3 1 1 2 3 3 4 1 3 4 2 4 3 3 3 1 1 3 4 1 1 1 2 1 4 1 3 4 1 1 2 1 1 4 1 4 1 4 1 3 4 4 4 1 1 1 4 1 3
141 0.137679 3 2 3 3 4 3 1 3 3 3 3 3 4 1 3 2 1 3 3 3 1 4 4 3 1 1 1 1 1 4 1 2 1 4 1 3 2 3 3 4 1 2 1 2 1 4 1 3 3 3 2 3 3 4 1 3 4 2 4 3 3 3 1 1 3 4 1 1 1 2 1 4 1 3 4 1 1 2 1 1 4 1 4 1 4 1 3 4 4 4 1 1 1 4 1 3
141 0.137679 3 2 3 3 4 3 1 3 3 3 3 3 4 1 3 2 1 3 3 3 1 4 4 3 1 3 2 1 1 4 1 2 1 4 1 1 2 3 3 4 1 2 1 2 1 4 1 3 1 3 2 3 3 4 1 3 4 2 4 3 3 3 1 1 3 4 1 1 1 2 1 4 1 3 4 1 1 2 1 1 4 1 4 1 4 1 3 4 4 4 1 1 1 4 1 3
141 0.004027 3 2 3 3 4 3 1 3 3 3 3 3 4 1 3 2 1 3 3 3 1 4 2 3 1 3 2 1 1 4 1 2 1 4 4 1 2 3 3 4 1 2 1 2 3 4 1 3 1 3 2 3 3 4 1 3 4 2 4 3 3 3 1 1 3 4 1 1 1 2 1 4 1 3 4 1 1 2 1 1 4 1 4 1 2 1 3 3 4 4 1 1 1 4 1 3
141 0.137679 3 2 3 1 4 3 1 3 3 3 3 3 4 1 3 2 2 1 3 3 1 4 2 3 1 3 2 1 1 4 1 2 1 4 4 1 2 3 3 4 1 2 1 2 1 4 1 3 1 3 2 3 3 4 1 3 4 2 4 3 3 3 1 1 3 4 1 1 1 2 1 4 1 3 4 1 1 2 1 1 4 1 4 1 4 1 3 4 4 4 1 1 1 4 1 3
141 0.004027 3 2 3 3 4 3 1 3 3 3 3 3 4 1 3 2 2 1 3 3 1 4 2 3 3 3 2 1 1 4 1 2 1 4 4 1 2 3 3 4 1 2 1 2 1 4 1 3 1 3 2 3 3 4 1 3 4 2 4 3 3 3 1 1 3 4 1 1 1 2 1 4 1 3 4 1 1 2 1 1 4 1 4 1 4 1 3 4 4 4 1 1 1 4 1 3
141 0.137679 3 2 3 1 4 3 1 3 3 3 3 3 4 1 3 2 2 1 3 3 1 4 2 3 1 3 2 1 1 4 1 2 1 4 4 1 2 3 3 4 1 2 1 2 1 4 1 3 1 3 2 3 3 4 1 3 4 2 4 3 3 3 1 1 3 4 1 1 1 2 1 4 1 3 4 1 1 2 1 1 4 1 4 1 4 1 3 4 4 4 1 3 1 4 1 3
141 0.004027 3 2 3 3 4 3 1 3 3 3 3 3 4 1 3 2 2 1 3 3 1 4 2 3 1 3 2 1 1 4 1 2 1 4 4 1 2 3 3 4 1 2 1 2 1 4 1 3 1 1 2 3 3 4 1 3 4 2 4 3 3 3 1 1 3 4 1 1 1 2 1 4 1 3 4 1 1 2 1 1 4 1 4 3 4 1 3 4 4 4 1 1 1 4 1 3
141 0.137679 3 2 3 1 4 3 1 3 3 3 3 3 4 1 3 2 2 1 3 3 1 4 2 3 1 3 2 1 1 4 1 2 1 4 4 1 2 0 3 4 1 2 1 2 1 4 1 3 1 3 2 3 1 4 1 3 4 2 4 3 3 3 1 1 3 4 1 1 1 2 1 4 1 3 4 1 1 2 1 1 4 1 4 1 4 1 3 4 4 4 1 1 1 4 1 3
141 0.004027 3 2 3 3 4 3 1 3 3 3 3 3 4 1 3 2 2 1 3 3 1 4 2 3 1 3 2 3 1 4 1 2 1 4 4 1 2 3 3 4 1 2 1 2 1 4 1 3 1 3 2 3 3 4 1 3 4 2 4 3 3 3 1 1 3 4 1 1 1 2 1 4 1 3 4 1 1 2 1 1 4 1 4 1 4 1 1 4 4 4 1 1 1 4 1 1
141 0.137679 3 2 3 1 4 3 1 3 3 3 3 3 4 1 3 2 2 1 3 3 1 4 2 3 1 3 2 1 1 4 1 2 1 4 4 1 2 3 3 4 1 2 1 2 1 4 1 3 1 3 2 3 3 4 1 3 4 2 4 3 3 3 1 1 3 4 1 1 1 2 1 4 1 3 4 1 1 2 1 1 4 1 4 1 4 1 3 4 4 4 1 1 1 2 3 3
141 0.004027 3 2 3 3 4 3 1 3 3 3 3 3 4 1 3 2 2 3 3 3 1 4 2 3 1 3 2 1 1 4 1 2 1 4 4 1 2 3 1 4 1 2 1 2 1 4 1 3 1 3 2 3 3 4 1 3 4 2 4 3 3 3 1 1 3 4 1 1 1 2 1 4 1 3 4 1 1 2 1 1 4 1 4 1 4 1 3 4 4 4 1 1 1 4 1 3
141 0.137679 3 2 3 3 4 1 1 3 3 3 3 3 4 1 3 2 2 1 3 3 1 4 2 3 1 3 2 1 1 4 1 2 1 4 4 1 2 3 3 4 1 2 1 2 1 4 1 3 1 3 2 3 3 4 1 3 4 2 4 3 3 3 1 1 3 4 1 1 1 2 1 4 1 3 4 1 1 2 1 1 4 1 4 1 4 1 3 4 4 4 1 1 1 4 1 3
142 0.003406 3 2 3 3 4 3 1 3 1 3 3 3 4 1 3 2 1 3 3 3 1 4 2 3 1 3 2 1 1 4 1 2 1 4 4 1 2 3 3 4 1 2 1 2 1 4 1 3 1 3 2 3 3 4 1 1 4 2 4 3 3 3 1 1 3 4 1 1 1 2 1 4 1 3 4 1 1 2 1 1 4 1 4 1 4 1 3 4 4 4 1 1 1 4 1 3
142 0.003406 3 2 3 3 4 1 1 3 3 3 3 3 4 1 3 2 2 1 3 1 1 4 2 3 1 3 2 1 1 4 1 2 1 4 4 1 2 3 3 4 1 2 1 2 1 4 1 3 1 3 2 3 3 4 1 3 4 2 4 3 3 3 1 1 3 4 1 1 1 2 1 4 1 3 4 1 1 2 1 1 4 1 3 1 4 1 3 4 4 4 1 1 1 4 1 3
142 0.003406 3 2 3 3 4 3 1 3 3 3 3 3 4 1 3 2 2 1 3 3 1 4 2 3 1 3 2 1 1 4 1 2 1 4 4 1 2 3 3 4 1 2 1 2 1 4 1 3 1 3 2 3 3 4 1 3 4 2 4 3 3 3 1 1 3 4 1 1 1 2 1 4 1 3 4 1 1 2 1 1 4 1 4 1 4 1 3 4 4 4 1 1 1 4 1 3
142 0.003406 3 2 3 3 4 3 1 3 3 3 3 3 4 1 3 2 2 1 3 3 1 4 2 3 1 3 2 1 1 4 1 2 1 4 4 1 2 3 3 4 1 2 1 2 1 4 1 3 1 1 2 3 3 4 1 3 4 2 4 3 3 3 1 1 3 4 1 1 1 2 1 4 1 3 4 1 1 2 1 1 4 1 4 1 4 1 3 4 4 4 1 1 1 4 1 3
142 0.138478 3 2 3 3 4 3 1 3 3 3 3 3 4 1 3 2 1 3 3 3 1 4 4 3 1 1 1 1 1 4 1 2 1 4 1 3 2 3 3 4 1 2 1 2 1 4 1 3 3 3 2 3 3 4 1 3 4 2 4 3 3 3 1 1 3 4 1 1 1 2 1 4 1 3 4 1 1 2 1 1 4 1 4 1 4 1 3 4 4 4 1 1 1 4 1 3
142 0.138478 3 2 3 3 4 3 1 3 3 3 3 3 4 1 3 2 1 3 3 3 1 4 4 3 1 3 2 1 1 4 1 2 1 4 1 1 2 3 3 4 1 2 1 2 1 4 1 3 1 3 2 3 3 4 1 3 4 2 4 3 3 3 1 1 3 4 1 1 1 2 1 4 1 3 4 1 1 2 1 1 4 1 4 1 4 1 3 4 4 4 1 1 1 4 1 3
142 0.003406 3 2 3 3 4 3 1 3 3 3 3 3 4 1 3 2 1 3 3 3 1 4 2 3 1 3 2 1 1 4 1 2 1 4 4 1 2 3 3 4 1 2 1 2 3 4 1 3 1 3 2 3 3 4 1 3 4 2 4 3 3 3 1 1 3 4 1 1 1 2 1 4 1 3 4 1 1 2 1 1 4 1 4 1 2 1 3 3 4 4 1 1 1 4 1 3
142 0.138478 3 2 3 1 4 3 1 3 3 3 3 3 4 1 3 2 2 1 3 3 1 4 2 3 1 3 2 1 1 4 1 2 1 4 4 1 2 3 3 4 1 2 1 2 1 4 1 3 1 3 2 3 3 4 1 3 4 2 4 3 3 3 1 1 3 4 1 1 1 2 1 4 1 3 4 1 1 2 1 1 4 1 4 1 4 1 3 4 4 4 1 1 1 4 1 3
142 0.003406 3 2 3 3 4 3 1 3 3 3 3 3 4 1 3 2 2 1 3 3 1 4 2 3 3 3 2 1 1 4 1 2 1 4 4 1 2 3 3 4 1 2 1 2 1 4 1 3 1 3 2 3 3 4 1 3 4 2 4 3 3 3 1 1 3 4 1 1 1 2 1 4 1 3 4 1 1 2 1 1 4 1 4 1 4 1 3 4 4 4 1 1 1 4 1 3
142 0.138478 3 2 3 1 4 3 1 3 3 3 3 3 4 1 3 2 2 1 3 3 1 4 2 3 1 3 2 1 1 4 1 2 1 4 4 1 2 3 3 4 1 2 1 2 1 4 1 3 1 3 2 3 3 4 1 3 4 2 4 3 3 3 1 1 3 4 1 1 1 2 1 4 1 3 4 1 1 2 1 1 4 1 4 1 4 1 3 4 4 4 1 3 1 4 1 3
142 0.003406 3 2 3 3 4 3 1 3 3 3 3 3 4 1 3 2 2 1 3 3 1 4 2 3 1 3 2 1 1 4 1 2 1 4 4 1 2 3 3 4 1 2 1 2 1 4 1 3 1 1 2 3 3 4 1 3 4 2 4 3 3 3 1 1 3 4 1 1 1 2 1 4 1 3 4 1 1 2 1 1 4 1 4 3 4 1 3 4 4 4 1 1 1 4 1 3
142 0.138478 3 2 3 1 4 3 1 3 3 3 3 3 4 1 3 2 2 1 3 3 1 4 2 3 1 3 2 1 1 4 1 2 1 4 4 1 2 0 3 4 1 2 1 2 1 4 1 3 1 3 2 3 1 4 1 3 4 2 4 3 3 3 1 1 3 4 1 1 1 2 1 4 1 3 4 1 1 2 1 1 4 1 4 1 4 1 3 4 4 4 1 1 1 4 1 3
142 0.003406 3 2 3 3 4 3 1 3 3 3 3 3 4 1 3 2 2 1 3 3 1 4 2 3 1 3 2 3 1 4 1 2 1 4 4 1 2 3 3 4 1 2 1 2 1 4 1 3 1 3 2 3 3 4 1 3 4 2 4 3 3 3 1 1 3 4 1 1 1 2 1 4 1 3 4 1 1 2 1 1 4 1 4 1 4 1 1 4 4 4 1 1 1 4 1 1
142 0.138478 3 2 3 1 4 3 1 3 3 3 3 3 4 1 3 2 2 1 3 3 1 4 2 3 1 3 2 1 1 4 1 2 1 4 4 1 2 3 3 4 1 2 1 2 1 4 1 3 1 3 2 3 3 4 1 3 4 2 4 3 3 3 1 1 3 4 1 1 1 2 1 4 1 3 4 1 1 2 1 1 4 1 4 1 4 1 3 4 4 4 1 1 1 2 3 3
142 0.003406 3 2 3 3 4 3 1 3 3 3 3 3 4 1 3 2 2 3 3 3 1 4 2 3 1 3 2 1 1 4 1 2 1 4 4 1 2 3 1 4 1 2 1 2 1 4 1 3 1 3 2 3 3 4 1 3 4 2 4 3 3 3 1 1 3 4 1 1 1 2 1 4 1 3 4 1 1 2 1 1 4 1 4 1 4 1 3 4 4 4 1 1 1 4 1 3
142 0.138478 3 2 3 3 4 1 1 3 3 3 3 3 4 1 3 2 2 1 3 3 1 4 2 3 1 3 2 1 1 4 1 2 1 4 4 1 2 3 3 4 1 2 1 2 1 4 1 3 1 3 2 3 3 4 1 3 4 2 4 3 3 3 1 1 3 4 1 1 1 2 1 4 1 3 4 1 1 2 1 1 4 1 4 1 4 1 3 4 4 4 1 1 1 4 1 3
143 0.002863 3 2 3 3 4 3 1 3 1 3 3 3 4 1 3 2 1 3 3 3 1 4 2 3 1 3 2 1 1 4 1 2 1 4 4 1 2 3 3 4 1 2 1 2 1 4 1 3 1 3 2 3 3 4 1 1 4 2 4 3 3 3 1 1 3 4 1 1 1 2 1 4 1 3 4 1 1 2 1 1 4 1 4 1 4 1 3 4 4 4 1 1 1 4 1 3
143 0.002863 3 2 3 3 4 1 1 3 3 3 3 3 4 1 3 2 2 1 3 1 1 4 2 3 1 3 2 1 1 4 1 2 1 4 4 1 2 3 3 4 1 2 1 2 1 4 1 3 1 3 2 3 3 4 1 3 4 2 4 3 3 3 1 1 3 4 1 1 1 2 1 4 1 3 4 1 1 2 1 1 4 1 3 1 4 1 3 4 4 4 1 1 1 4 1 3
143 0.002863 3 2 3 3 4 3 1 3 3 3 3 3 4 1 3 2 2 1 3 3 1 4 2 3 1 3 2 1 1 4 1 2 1 4 4 1 2 3 3 4 1 2 1 2 1 4 1 3 1 3 2 3 3 4 1 3 4 2 4 3 3 3 1 1 3 4 1 1 1 2 1 4 1 3 4 1 1 2 1 1 4 1 4 1 4 1 3 4 4 4 1 1 1 4 1 3
143 0.002863 3 2 3 3 4 3 1 3 3 3 3 3 4 1 3 2 2 1 3 3 1 4 2 3 1 3 2 1 1 4 1 2 1 4 4 1 2 3 3 4 1 2 1 2 1 4 1 3 1 1 2 3 3 4 1 3 4 2 4 3 3 3 1 1 3 4 1 1 1 2 1 4 1 3 4 1 1 2 1 1 4 1 4 1 4 1 3 4 4 4 1 1 1 4 1 3
143 0.139176 3 2 3 3 4 3 1 3 3 3 3 3 4 1 3 2 1 3 3 3 1 4 4 3 1 1 1 1 1 4 1 2 1 4 1 3 2 3 3 4 1 2 1 2 1 4 1 3 3 3 2 3 3 4 1 3 4 2 4 3 3 3 1 1 3 4 1 1 1 2 1 4 1 3 4 1 1 2 1 1 4 1 4 1 4 1 3 4 4 4 1 1 1 4 1 3
143 0.139176 3 2 3 3 4 3 1 3 3 3 3 3 4 1 3 2 1 3 3 3 1 4 4 3 1 3 2 1 1 4 1 2 1 4 1 1 2 3 3 4 1 2 1 2 1 4 1 3 1 3 2 3 3 4 1 3 4 2 4 3 3 3 1 1 3 4 1 1 1 2 1 4 1 3 4 1 1 2 1 1 4 1 4 1 4 1 3 4 4 4 1 1 1 4 1 3
143 0.002863 3 2 3 3 4 3 1 3 3 3 3 3 4 1 3 2 1 3 3 3 1 4 2 3 1 3 2 1 1 4 1 2 1 4 4 1 2 3 3 4 1 2 1 2 3 4 1 3 1 3 2 3 3 4 1 3 4 2 4 3 3 3 1 1 3 4 1 1 1 2 1 4 1 3 4 1 1 2 1 1 4 1 4 1 2 1 3 3 4 4 1 1 1 4 1 3
143 0.139176 3 2 3 1 4 3 1 3 3 3 3 3 4 1 3 2 2 1 3 3 1 4 2 3 1 3 2 1 1 4 1 2 1 4 4 1 2 3 3 4 1 2 1 2 1 4 1 3 1 3 2 3 3 4 1 3 4 2 4 3 3 3 1 1 3 4 1 1 1 2 1 4 1 3 4 1 1 2 1 1 4 1 4 1 4 1 3 4 4 4 1 1 1 4 1 3
143 0.002863 3 2 3 3 4 3 1 3 3 3 3 3 4 1 3 2 2 1 3 3 1 4 2 3 3 3 2 1 1 4 1 2 1 4 4 1 2 3 3 4 1 2 1 2 1 4 1 3 1 3 2 3 3 4 1 3 4 2 4 3 3 3 1 1 3 4 1 1 1 2 1 4 1 3 4 1 1 2 1 1 4 1 4 1 4 1 3 4 4 4 1 1 1 4 1 3
143 0.139176 3 2 3 1 4 3 1 3 3 3 3 3 4 1 3 2 2 1 3 3 1 4 2 3 1 3 2 1 1 4 1 2 1 4 4 1 2 3 3 4 1 2 1 2 1 4 1 3 1 3 2 3 3 4 1 3 4 2 4 3 3 3 1 1 3 4 1 1 1 2 1 4 1 3 4 1 1 2 1 1 4 1 4 1 4 1 3 4 4 4 1 3 1 4 1 3
143 0.002863 3 2 3 3 4 3 1 3 3 3 3 3 4 1 3 2 2 1 3 3 1 4 2 3 1 3 2 1 1 4 1 2 1 4 4 1 2 3 3 4 1 2 1 2 1 4 1 3 1 1 2 3 3 4 1 3 4 2 4 3 3 3 1 1 3 4 1 1 1 2 1 4 1 3 4 1 1 2 1 1 4 1 4 3 4 1 3 4 4 4 1 1 1 4 1 3
143 0.139176 3 2 3 1 4 3 1 3 3 3 3 3 4 1 3 2 2 1 3 3 1 4 2 3 1 3 2 1 1 4 1 2 1 4 4 1 2 0 3 4 1 2 1 2 1 4 1 3 1 3 2 3 1 4 1 3 4 2 4 3 3 3 1 1 3 4 1 1 1 2 1 4 1 3 4 1 1 2 1 1 4 1 4 1 4 1 3 4 4 4 1 1 1 4 1 3
143 0.002863 3 2 3 3 4 3 1 3 3 3 3 3 4 1 3 2 2 1 3 3 1 4 2 3 1 3 2 3 1 4 1 2 1 4 4 1 2 3 3 4 1 2 1 2 1 4 1 3 1 3 2 3 3 4 1 3 4 2 4 3 3 3 1 1 3 4 1 1 1 2 1 4 1 3 4 1 1 2 1 1 4 1 4 1 4 1 1 4 4 4 1 1 1 4 1 1
143 0.139176 3 2 3 1 4 3 1 3 3 3 3 3 4 1 3 2 2 1 3 3 1 4 2 3 1 3 2 1 1 4 1 2 1 4 4 1 2 3 3 4 1 2 1 2 1 4 1 3 1 3 2 3 3 4 1 3 4 2 4 3 3 3 1 1 3 4 1 1 1 2 1 4 1 3 4 1 1 2 1 1 4 1 4 1 4 1 3 4 4 4 1 1 1 2 3 3
143 0.002863 3 2 3 3 4 3 1 3 3 3 3 3 4 1 3 2 2 3 3 3 1 4 2 3 1 3 2 1 1 4 1 2 1 4 4 1 2 3 1 4 1 2 1 2 1 4 1 3 1 3 2 3 3 4 1 3 4 2 4 3 3 3 1 1 3 4 1 1 1 2 1 4 1 3 4 1 1 2 1 1 4 1 4 1 4 1 3 4 4 4 1 1 1 4 1 3
143 0.139176 3 2 3 3 4 1 1 3 3 3 3 3 4 1 3 2 2 1 3 3 1 4 2 3 1 3 2 1 1 4 1 2 1 4 4 1 2 3 3 4 1 2 1 2 1 4 1 3 1 3 2 3 3 4 1 3 4 2 4 3 3 3 1 1 3 4 1 1 1 2 1 4 1 3 4 1 1 2 1 1 4 1 4 1 4 1 3 4 4 4 1 1 1 4 1 3
144 0.002389 3 2 3 3 4 3 1 3 1 3 3 3 4 1 3 2 1 3 3 3 1 4 2 3 1 3 2 1 1 4 1 2 1 4 4 1 2 3 3 4 1 2 1 2 1 4 1 3 1 3 2 3 3 4 1 1 4 2 4 3 3 3 1 1 3 4 1 1 1 2 1 4 1 3 4 1 1 2 1 1 4 1 4 1 4 1 3 4 4 4 1 1 1 4 1 3
144 0.002389 3 2 3 3 4 1 1 3 3 3 3 3 4 1 3 2 2 1 3 1 1 4 2 3 1 3 2 1 1 4 1 2 1 4 4 1 2 3 3 4 1 2 1 2 1 4 1 3 1 3 2 3 3 4 1 3 4 2 4 3 3 3 1 1 3 4 1 1 1 2 1 4 1 3 4 1 1 2 1 1 4 1 3 1 4 1 3 4 4 4 1 1 1 4 1 3
144 0.002389 3 2 3 3 4 3 1 3 3 3 3 3 4 1 3 2 2 1 3 3 1 4 2 3 1 3 2 1 1 4 1 2 1 4 4 1 2 3 3 4 1 2 1 2 1 4 1 3 1 3 2 3 3 4 1 3 4 2 4 3 3 3 1 1 3 4 1 1 1 2 1 4 1 3 4 1 1 2 1 1 4 1 4 1 4 1 3 4 4 4 1 1 1 4 1 3
144 0.002389 3 2 3 3 4 3 1 3 3 3 3 3 4 1 3 2 2 1 3 3 1 4 2 3 1 3 2 1 1 4 1 2 1 4 4 1 2 3 3 4 1 2 1 2 1 4 1 3 1 1 2 3 3 4 1 3 4 2 4 3 3 3 1 1 3 4 1 1 1 2 1 4 1 3 4 1 1 2 1 1 4 1 4 1 4 1 3 4 4 4 1 1 1 4 1 3
144 0.139786 3 2 3 3 4 3 1 3 3 3 3 3 4 1 3 2 1 3 3 3 1 4 4 3 1 1 1 1 1 4 1 2 1 4 1 3 2 3 3 4 1 2 1 2 1 4 1 3 3 3 2 3 3 4 1 3 4 2 4 3 3 3 1 1 3 4 1 1 1 2 1 4 1 3 4 1 1 2 1 1 4 1 4 1 4 1 3 4 4 4 1 1 1 4 1 3
144 0.139786 3 2 3 3 4 3 1 3 3 3 3 3 4 1 3 2 1 3 3 3 1 4 4 3 1 3 2 1 1 4 1 2 1 4 1 1 2 3 3 4 1 2 1 2 1 4 1 3 1 3 2 3 3 4 1 3 4 2 4 3 3 3 1 1 3 4 1 1 1 2 1 4 1 3 4 1 1 2 1 1 4 1 4 1 4 1 3 4 4 4 1 1 1 4 1 3
144 0.002389 3 2 3 3 4 3 1 3 3 3 3 3 4 1 3 2 1 3 3 3 1 4 2 3 1 3 2 1 1 4 1 2 1 4 4 1 2 3 3 4 1 2 1 2 3 4 1 3 1 3 2 3 3 4 1 3 4 2 4 3 3 3 1 1 3 4 1 1 1 2 1 4 1 3 4 1 1 2 1 1 4 1 4 1 2 1 3 3 4 4 1 1 1 4 1 3
144 0.139786 3 2 3 1 4 3 1 3 3 3 3 3 4 1 3 2 2 1 3 3 1 4 2 3 1 3 2 1 1 4 1 2 1 4 4 1 2 3 3 4 1 2 1 2 1 4 1 3 1 3 2 3 3 4 1 3 4 2 4 3 3 3 1 1 3 4 1 1 1 2 1 4 1 3 4 1 1 2 1 1 4 1 4 1 4 1 3 4 4 4 1 1 1 4 1 3
144 0.002389 3 2 3 3 4 3 1 3 3 3 3 3 4 1 3 2 2 1 3 3 1 4 2 3 3 3 2 1 1 4 1 2 1 4 4 1 2 3 3 4 1 2 1 2 1 4 1 3 1 3 2 3 3 4 1 3 4 2 4 3 3 3 1 1 3 4 1 1 1 2 1 4 1 3 4 1 1 2 1 1 4 1 4 1 4 1 3 4 4 4 1 1 1 4 1 3
144 0.139786 3 2 3 1 4 3 1 3 3 3 3 3 4 1 3 2 2 1 3 3 1 4 2 3 1 3 2 1 1 4 1 2 1 4 4 1 2 3 3 4 1 2 1 2 1 4 1 3 1 3 2 3 3 4 1 3 4 2 4 3 3 3 1 1 3 4 1 1 1 2 1 4 1 3 4 1 1 2 1 1 4 1 4 1 4 1 3 4 4 4 1 3 1 4 1 3
144 0.002389 3 2 3 3 4 3 1 3 3 3 3 3 4 1 3 2 2 1 3 3 1 4 2 3 1 3 2 1 1 4 1 2 1 4 4 1 2 3 3 4 1 2 1 2 1 4 1 3 1 1 2 3 3 4 1 3 4 2 4 3 3 3 1 1 3 4 1 1 1 2 1 4 1 3 4 1 1 2 1 1 4 1 4 3 4 1 3 4 4 4 1 1 1 4 1 3
144 0.139786 3 2 3 1 4 3 1 3 3 3 3 3 4 1 3 2 2 1 3 3 1 4 2 3 1 3 2 1 1 4 1 2 1 4 4 1 2 0 3 4 1 2 1 2 1 4 1 3 1 3 2 3 1 4 1 3 4 2 4 3 3 3 1 1 3 4 1 1 1 2 1 4 1 3 4 1 1 2 1 1 4 1 4 1 4 1 3 4 4 4 1 1 1 4 1 3
144 0.002389 3 2 3 3 4 3 1 3 3 3 3 3 4 1 3 2 2 1 3 3 1 4 2 3 1 3 2 3 1 4 1 2 1 4 4 1 2 3 3 4 1 2 1 2 1 4 1 3 1 3 2 3 3 4 1 3 4 2 4 3 3 3 1 1 3 4 1 1 1 2 1 4 1 3 4 1 1 2 1 1 4 1 4 1 4 1 1 4 4 4 1 1 1 4 1 1
144 0.139786 3 2 3 1 4 3 1 3 3 3 3 3 4 1 3 2 2 1 3 3 1 4 2 3 1 3 2 1 1 4 1 2 1 4 4 1 2 3 3 4 1 2 1 2 1 4 1 3 1 3 2 3 3 4 1 3 4 2 4 3 3 3 1 1 3 4 1 1 1 2 1 4 1 3 4 1 1 2 1 1 4 1 4 1 4 1 3 4 4 4 1 1 1 2 3 3
144 0.002389 3 2 3 3 4 3 1 3 3 3 3 3 4 1 3 2 2 3 3 3 1 4 2 3 1 3 2 1 1 4 1 2 1 4 4 1 2 3 1 4 1 2 1 2 1 4 1 3 1 3 2 3 3 4 1 3 4 2 4 3 3 3 1 1 3 4 1 1 1 2 1 4 1 3 4 1 1 2 1 1 4 1 4 1 4 1 3 4 4 4 1 1 1 4 1 3
144 0.139786 3 2 3 3 4 1 1 3 3 3 3 3 4 1 3 2 2 1 3 3 1 4 2 3 1 3 2 1 1 4 1 2 1 4 4 1 2 3 3 4 1 2 1 2 1 4 1 3 1 3 2 3 3 4 1 3 4 2 4 3 3 3 1 1 3 4 1 1 1 2 1 4 1 3 4 1 1 2 1 1 4 1 4 1 4 1 3 4 4 4 1 1 1 4 1 3
145 0.001975 3 2 3 3 4 3 1 3 1 3 3 3 4 1 3 2 1 3 3 3 1 4 2 3 1 3 2 1 1 4 1 2 1 4 4 1 2 3 3 4 1 2 1 2 1 4 1 3 1 3 2 3 3 4 1 1 4 2 4 3 3 3 1 1 3 4 1 1 1 2 1 4 1 3 4 1 1 2 1 1 4 1 4 1 4 1 3 4 4 4 1 1 1 4 1 3
145 0.001975 3 2 3 3 4 1 1 3 3 3 3 3 4 1 3 2 2 1 3 1 1 4 2 3 1 3 2 1 1 4 1 2 1 4 4 1 2 3 3 4 1 2 1 2 1 4 1 3 1 3 2 3 3 4 1 3 4 2 4 3 3 3 1 1 3 4 1 1 1 2 1 4 1 3 4 1 1 2 1 1 4 1 3 1 4 1 3 4 4 4 1 1 1 4 1 3
145 0.001975 3 2 3 3 4 3 1 3 3 3 3 3 4 1 3 2 2 1 3 3 1 4 2 3 1 3 2 1 1 4 1 2 1 4 4 1 2 3 3 4 1 2 1 2 1 4 1 3 1 3 2 3 3 4 1 3 4 2 4 3 3 3 1 1 3 4 1 1 1 2 1 4 1 3 4 1 1 2 1 1 4 1 4 1 4 1 3 4 4 4 1 1 1 4 1 3
145 0.001975 3 2 3 3 4 3 1 3 3 3 3 3 4 1 3 2 2 1 3 3 1 4 2 3 1 3 2 1 1 4 1 2 1 4 4 1 2 3 3 4 1 2 1 2 1 4 1 3 1 1 2 3 3 4 1 3 4 2 4 3 3 3 1 1 3 4 1 1 1 2 1 4 1 3 4 1 1 2 1 1 4 1 4 1 4 1 3 4 4 4 1 1 1 4 1 3
145 0.140318 3 2 3 3 4 3 1 3 3 3 3 3 4 1 3 2 1 3 3 3 1 4 4 3 1 1 1 1 1 4 1 2 1 4 1 3 2 3 3 4 1 2 1 2 1 4 1 3 3 3 2 3 3 4 1 3 4 2 4 3 3 3 1 1 3 4 1 1 1 2 1 4 1 3 4 1 1 2 1 1 4 1 4 1 4 1 3 4 4 4 1 1 1 4 1 3
145 0.140318 3 2 3 3 4 3 1 3 3 3 3 3 4 1 3 2 1 3 3 3 1 4 4 3 1 3 2 1 1 4 1 2 1 4 1 1 2 3 3 4 1 2 1 2 1 4 1 3 1 3 2 3 3 4 1 3 4 2 4 3 3 3 1 1 3 4 1 1 1 2 1 4 1 3 4 1 1 2 1 1 4 1 4 1 4 1 3 4 4 4 1 1 1 4 1 3
145 0.001975 3 2 3 3 4 3 1 3 3 3 3 3 4 1 3 2 1 3 3 3 1 4 2 3 1 3 2 1 1 4 1 2 1 4 4 1 2 3 3 4 1 2 1 2 3 4 1 3 1 3 2 3 3 4 1 3 4 2 4 3 3 3 1 1 3 4 1 1 1 2 1 4 1 3 4 1 1 2 1 1 4 1 4 1 2 1 3 3 4 4 1 1 1 4 1 3
145 0.140318 3 2 3 1 4 3 1 3 3 3 3 3 4 1 3 2 2 1 3 3 1 4 2 3 1 3 2 1 1 4 1 2 1 4 4 1 2 3 3 4 1 2 1 2 1 4 1 3 1 3 2 3 3 4 1 3 4 2 4 3 3 3 1 1 3 4 1 1 1 2 1 4 1 3 4 1 1 2 1 1 4 1 4 1 4 1 3 4 4 4 1 1 1 4 1 3
145 0.001975 3 2 3 3 4 3 1 3 3 3 3 3 4 1 3 2 2 1 3 3 1 4 2 3 3 3 2 1 1 4 1 2 1 4 4 1 2 3 3 4 1 2 1 2 1 4 1 3 1 3 2 3 3 4 1 3 4 2 4 3 3 3 1 1 3 4 1 1 1 2 1 4 1 3 4 1 1 2 1 1 4 1 4 1 4 1 3 4 4 4 1 1 1 4 1 3
145 0.140318 3 2 3 1 4 3 1 3 3 3 3 3 4 1 3 2 2 1 3 3 1 4 2 3 1 3 2 1 1 4 1 2 1 4 4 1 2 3 3 4 1 2 1 2 1 4 1 3 1 3 2 3 3 4 1 3 4 2 4 3 3 3 1 1 3 4 1 1 1 2 1 4 1 3 4 1 1 2 1 1 4 1 4 1 4 1 3 4 4 4 1 3 1 4 1 3
145 0.001975 3 2 3 3 4 3 1 3 3 3 3 3 4 1 3 2 2 1 3 3 1 4 2 3 1 3 2 1 1 4 1 2 1 4 4 1 2 3 3 4 1 2 1 2 1 4 1 3 1 1 2 3 3 4 1 3 4 2 4 3 3 3 1 1 3 4 1 1 1 2 1 4 1 3 4 1 1 2 1 1 4 1 4 3 4 1 3 4 4 4 1 1 1 4 1 3
145 0.140318 3 2 3 1 4 3 1 3 3 3 3 3 4 1 3 2 2 1 3 3 1 4 2 3 1 3 2 1 1 4 1 2 1 4 4 1 2 0 3 4 1 2 1 2 1 4 1 3 1 3 2 3 1 4 1 3 4 2 4 3 3 3 1 1 3 4 1 1 1 2 1 4 1 3 4 1 1 2 1 1 4 1 4 1 4 1 3 4 4 4 1 1 1 4 1 3
145 0.001975 3 2 3 3 4 3 1 3 3 3 3 3 4 1 3 2 2 1 3 3 1 4 2 3 1 3 2 3 1 4 1 2 1 4 4 1 2 3 3 4 1 2 1 2 1 4 1 3 1 3 2 3 3 4 1 3 4 2 4 3 3 3 1 1 3 4 1 1 1 2 1 4 1 3 4 1 1 2 1 1 4 1 4 1 4 1 1 4 4 4 1 1 1 4 1 1
145 0.140318 3 2 3 1 4 3 1 3 3 3 3 3 4 1 3 2 2 1 3 3 1 4 2 3 1 3 2 1 1 4 1 2 1 4 4 1 2 3 3 4 1 2 1 2 1 4 1 3 1 3 2 3 3 4 1 3 4 2 4 3 3 3 1 1 3 4 1 1 1 2 1 4 1 3 4 1 1 2 1 1 4 1 4 1 4 1 3 4 4 4 1 1 1 2 3 3
145 0.001975 3 2 3 3 4 3 1 3 3 3 3 3 4 1 3 2 2 3 3 3 1 4 2 3 1 3 2 1 1 4 1 2 1 4 4 1 2 3 1 4 1 2 1 2 1 4 1 3 1 3 2 3 3 4 1 3 4 2 4 3 3 3 1 1 3 4 1 1 1 2 1 4 1 3 4 1 1 2 1 1 4 1 4 1 4 1 3 4 4 4 1 1 1 4 1 3
145 0.140318 3 2 3 3 4 1 1 3 3 3 3 3 4 1 3 2 2 1 3 3 1 4 2 3 1 3 2 1 1 4 1 2 1 4 4 1 2 3 3 4 1 2 1 2 1 4 1 3 1 3 2 3 3 4 1 3 4 2 4 3 3 3 1 1 3 4 1 1 1 2 1 4 1 3 4 1 1 2 1 1 4 1 4 1 4 1 3 4 4 4 1 1 1 4 1 3
146 0.001615 3 2 3 3 4 3 1 3 1 3 3 3 4 1 3 2 1 3 3 3 1 4 2 3 1 3 2 1 1 4 1 2 1 4 4 1 2 3 3 4 1 2 1 2 1 4 1 3 1 3 2 3 3 4 1 1 4 2 4 3 3 3 1 1 3 4 1 1 1 2 1 4 1 3 4 1 1 2 1 1 4 1 4 1 4 1 3 4 4 4 1 1 1 4 1 3
146 0.001615 3 2 3 3 4 1 1 3 3 3 3 3 4 1 3 2 2 1 3 1 1 4 2 3 1 3 2 1 1 4 1 2 1 4 4 1 2 3 3 4 1 2 1 2 1 4 1 3 1 3 2 3 3 4 1 3 4 2 4 3 3 3 1 1 3 4 1 1 1 2 1 4 1 3 4 1 1 2 1 1 4 1 3 1 4 1 3 4 4 4 1 1 1 4 1 3
146 0.001615 3 2 3 3 4 3 1 3 3 3 3 3 4 1 3 2 2 1 3 3 1 4 2 3 1 3 2 1 1 4 1 2 1 4 4 1 2 3 3 4 1 2 1 2 1 4 1 3 1 3 2 3 3 4 1 3 4 2 4 3 3 3 1 1 3 4 1 1 1 2 1 4 1 3 4 1 1 2 1 1 4 1 4 1 4 1 3 4 4 4 1 1 1 4 1 3
146 0.001615 3 2 3 3 4 3 1 3 3 3 3 3 4 1 3 2 2 1 3 3 1 4 2 3 1 3 2 1 1 4 1 2 1 4 4 1 2 3 3 4 1 2 1 2 1 4 1 3 1 1 2 3 3 4 1 3 4 2 4 3 3 3 1 1 3 4 1 1 1 2 1 4 1 3 4 1 1 2 1 1 4 1 4 1 4 1 3 4 4 4 1 1 1 4 1 3
146 0.140781 3 2 3 3 4 3 1 3 3 3 3 3 4 1 3 2 1 3 3 3 1 4 4 3 1 1 1 1 1 4 1 2 1 4 1 3 2 3 3 4 1 2 1 2 1 4 1 3 3 3 2 3 3 4 1 3 4 2 4 3 3 3 1 1 3 4 1 1 1 2 1 4 1 3 4 1 1 2 1 1 4 1 4 1 4 1 3 4 4 4 1 1 1 4 1 3
146 0.140781 3 2 3 3 4 3 1 3 3 3 3 3 4 1 3 2 1 3 3 3 1 4 4 3 1 3 2 1 1 4 1 2 1 4 1 1 2 3 3 4 1 2 1 2 1 4 1 3 1 3 2 3 3 4 1 3 4 2 4 3 3 3 1 1 3 4 1 1 1 2 1 4 1 3 4 1 1 2 1 1 4 1 4 1 4 1 3 4 4 4 1 1 1 4 1 3
146 0.001615 3 2 3 3 4 3 1 3 3 3 3 3 4 1 3 2 1 3 3 3 1 4 2 3 1 3 2 1 1 4 1 2 1 4 4 1 2 3 3 4 1 2 1 2 3 4 1 3 1 3 2 3 3 4 1 3 4 2 4 3 3 3 1 1 3 4 1 1 1 2 1 4 1 3 4 1 1 2 1 1 4 1 4 1 2 1 3 3 4 4 1 1 1 4 1 3
146 0.140781 3 2 3 1 4 3 1 3 3 3 3 3 4 1 3 2 2 1 3 3 1 4 2 3 1 3 2 1 1 4 1 2 1 4 4 1 2 3 3 4 1 2 1 2 1 4 1 3 1 3 2 3 3 4 1 3 4 2 4 3 3 3 1 1 3 4 1 1 1 2 1 4 1 3 4 1 1 2 1 1 4 1 4 1 4 1 3 4 4 4 1 1 1 4 1 3
146 0.001615 3 2 3 3 4 3 1 3 3 3 3 3 4 1 3 2 2 1 3 3 1 4 2 3 3 3 2 1 1 4 1 2 1 4 4 1 2 3 3 4 1 2 1 2 1 4 1 3 1 3 2 3 3 4 1 3 4 2 4 3 3 3 1 1 3 4 1 1 1 2 1 4 1 3 4 1 1 2 1 1 4 1 4 1 4 1 3 4 4 4 1 1 1 4 1 3
146 0.140781 3 2 3 1 4 3 1 3 3 3 3 3 4 1 3 2 2 1 3 3 1 4 2 3 1 3 2 1 1 4 1 2 1 4 4 1 2 3 3 4 1 2 1 2 1 4 1 3 1 3 2 3 3 4 1 3 4 2 4 3 3 3 1 1 3 4 1 1 1 2 1 4 1 3 4 1 1 2 1 1 4 1 4 1 4 1 3 4 4 4 1 3 1 4 1 3
146 0.001615 3 2 3 3 4 3 1 3 3 3 3 3 4 1 3 2 2 1 3 3 1 4 2 3 1 3 2 1 1 4 1 2 1 4 4 1 2 3 3 4 1 2 1 2 1 4 1 3 1 1 2 3 3 4 1 3 4 2 4 3 3 3 1 1 3 4 1 1 1 2 1 4 1 3 4 1 1 2 1 1 4 1 4 3 4 1 3 4 4 4 1 1 1 4 1 3
146 0.140781 3 2 3 1 4 3 1 3 3 3 3 3 4 1 3 2 2 1 3 3 1 4 2 3 1 3 2 1 1 4 1 2 1 4 4 1 2 0 3 4 1 2 1 2 1 4 1 3 1 3 2 3 1 4 1 3 4 2 4 3 3 3 1 1 3 4 1 1 1 2 1 4 1 3 4 1 1 2 1 1 4 1 4 1 4 1 3 4 4 4 1 1 1 4 1 3
146 0.001615 3 2 3 3 4 3 1 3 3 3 3 3 4 1 3 2 2 1 3 3 1 4 2 3 1 3 2 3 1 4 1 2 1 4 4 1 2 3 3 4 1 2 1 2 1 4 1 3 1 3 2 3 3 4 1 3 4 2 4 3 3 3 1 1 3 4 1 1 1 2 1 4 1 3 4 1 1 2 1 1 4 1 4 1 4 1 1 4 4 4 1 1 1 4 1 1
146 0.140781 3 2 3 1 4 3 1 3 3 3 3 3 4 1 3 2 2 1 3 3 1 4 2 3 1 3 2 1 1 4 1 2 1 4 4 1 2 3 3 4 1 2 1 2 1 4 1 3 1 3 2 3 3 4 1 3 4 2 4 3 3 3 1 1 3 4 1 1 1 2 1 4 1 3 4 1 1 2 1 1 4 1 4 1 4 1 3 4 4 4 1 1 1 2 3 3
146 0.001615 3 2 3 3 4 3 1 3 3 3 3 3 4 1 3 2 2 3 3 3 1 4 2 3 1 3 2 1 1 4 1 2 1 4 4 1 2 3 1 4 1 2 1 2 1 4 1 3 1 3 2 3 3 4 1 3 4 2 4 3 3 3 1 1 3 4 1 1 1 2 1 4 1 3 4 1 1 2 1 1 4 1 4 1 4 1 3 4 4 4 1 1 1 4 1 3
146 0.140781 3 2 3 3 4 1 1 3 3 3 3 3 4 1 3 2 2 1 3 3 1 4 2 3 1 3 2 1 1 4 1 2 1 4 4 1 2 3 3 4 1 2 1 2 1 4 1 3 1 3 2 3 3 4 1 3 4 2 4 3 3 3 1 1 3 4 1 1 1 2 1 4 1 3 4 1 1 2 1 1 4 1 4 1 4 1 3 4 4 4 1 1 1 4 1 3
147 0.001301 3 2 3 3 4 3 1 3 1 3 3 3 4 1 3 2 1 3 3 3 1 4 2 3 1 3 2 1 1 4 1 2 1 4 4 1 2 3 3 4 1 2 1 2 1 4 1 3 1 3 2 3 3 4 1 1 4 2 4 3 3 3 1 1 3 4 1 1 1 2 1 4 1 3 4 1 1 2 1 1 4 1 4 1 4 1 3 4 4 4 1 1 1 4 1 3
147 0.001301 3 2 3 3 4 1 1 3 3 3 3 3 4 1 3 2 2 1 3 1 1 4 2 3 1 3 2 1 1 4 1 2 1 4 4 1 2 3 3 4 1 2 1 2 1 4 1 3 1 3 2 3 3 4 1 3 4 2 4 3 3 3 1 1 3 4 1 1 1 2 1 4 1 3 4 1 1 2 1 1 4 1 3 1 4 1 3 4 4 4 1 1 1 4 1 3
147 0.001301 3 2 3 3 4 3 1 3 3 3 3 3 4 1 3 2 2 1 3 3 1 4 2 3 1 3 2 1 1 4 1 2 1 4 4 1 2 3 3 4 1 2 1 2 1 4 1 3 1 3 2 3 3 4 1 3 4 2 4 3 3 3 1 1 3 4 1 1 1 2 1 4 1 3 4 1 1 2 1 1 4 1 4 1 4 1 3 4 4 4 1 1 1 4 1 3
147 0.001301 3 2 3 3 4 3 1 3 3 3 3 3 4 1 3 2 2 1 3 3 1 4 2 3 1 3 2 1 1 4 1 2 1 4 4 1 2 3 3 4 1 2 1 2 1 4 1 3 1 1 2 3 3 4 1 3 4 2 4 3 3 3 1 1 3 4 1 1 1 2 1 4 1 3 4 1 1 2 1 1 4 1 4 1 4 1 3 4 4 4 1 1 1 4 1 3
147 0.141185 3 2 3 3 4 3 1 3 3 3 3 3 4 1 3 2 1 3 3 3 1 4 4 3 1 1 1 1 1 4 1 2 1 4 1 3 2 3 3 4 1 2 1 2 1 4 1 3 3 3 2 3 3 4 1 3 4 2 4 3 3 3 1 1 3 4 1 1 1 2 1 4 1 3 4 1 1 2 1 1 4 1 4 1 4 1 3 4 4 4 1 1 1 4 1 3
147 0.141185 3 2 3 3 4 3 1 3 3 3 3 3 4 1 3 2 1 3 3 3 1 4 4 3 1 3 2 1 1 4 1 2 1 4 1 1 2 3 3 4 1 2 1 2 1 4 1 3 1 3 2 3 3 4 1 3 4 2 4 3 3 3 1 1 3 4 1 1 1 2 1 4 1 3 4 1 1 2 1 1 4 1 4 1 4 1 3 4 4 4 1 1 1 4 1 3
147 0.001301 3 2 3 3 4 3 1 3 3 3 3 3 4 1 3 2 1 3 3 3 1 4 2 3 1 3 2 1 1 4 1 2 1 4 4 1 2 3 3 4 1 2 1 2 3 4 1 3 1 3 2 3 3 4 1 3 4 2 4 3 3 3 1 1 3 4 1 1 1 2 1 4 1 3 4 1 1 2 1 1 4 1 4 1 2 1 3 3 4 4 1 1 1 4 1 3
147 0.141185 3 2 3 1 4 3 1 3 3 3 3 3 4 1 3 2 2 1 3 3 1 4 2 3 1 3 2 1 1 4 1 2 1 4 4 1 2 3 3 4 1 2 1 2 1 4 1 3 1 3 2 3 3 4 1 3 4 2 4 3 3 3 1 1 3 4 1 1 1 2 1 4 1 3 4 1 1 2 1 1 4 1 4 1 4 1 3 4 4 4 1 1 1 4 1 3
147 0.001301 3 2 3 3 4 3 1 3 3 3 3 3 4 1 3 2 2 1 3 3 1 4 2 3 3 3 2 1 1 4 1 2 1 4 4 1 2 3 3 4 1 2 1 2 1 4 1 3 1 3 2 3 3 4 1 3 4 2 4 3 3 3 1 1 3 4 1 1 1 2 1 4 1 3 4 1 1 2 1 1 4 1 4 1 4 1 3 4 4 4 1 1 1 4 1 3
147 0.141185 3 2 3 1 4 3 1 3 3 3 3 3 4 1 3 2 2 1 3 3 1 4 2 3 1 3 2 1 1 4 1 2 1 4 4 1 2 3 3 4 1 2 1 2 1 4 1 3 1 3 2 3 3 4 1 3 4 2 4 3 3 3 1 1 3 4 1 1 1 2 1 4 1 3 4 1 1 2 1 1 4 1 4 1 4 1 3 4 4 4 1 3 1 4 1 3
147 0.001301 3 2 3 3 4 3 1 3 3 3 3 3 4 1 3 2 2 1 3 3 1 4 2 3 1 3 2 1 1 4 1 2 1 4 4 1 2 3 3 4 1 2 1 2 1 4 1 3 1 1 2 3 3 4 1 3 4 2 4 3 3 3 1 1 3 4 1 1 1 2 1 4 1 3 4 1 1 2 1 1 4 1 4 3 4 1 3 4 4 4 1 1 1 4 1 3
147 0.141185 3 2 3 1 4 3 1 3 3 3 3 3 4 1 3 2 2 1 3 3 1 4 2 3 1 3 2 1 1 4 1 2 1 4 4 1 2 0 3 4 1 2 1 2 1 4 1 3 1 3 2 3 1 4 1 3 4 2 4 3 3 3 1 1 3 4 1 1 1 2 1 4 1 3 4 1 1 2 1 1 4 1 4 1 4 1 3 4 4 4 1 1 1 4 1 3
147 0.001301 3 2 3 3 4 3 1 3 3 3 3 3 4 1 3 2 2 1 3 3 1 4 2 3 1 3 2 3 1 4 1 2 1 4 4 1 2 3 3 4 1 2 1 2 1 4 1 3 1 3 2 3 3 4 1 3 4 2 4 3 3 3 1 1 3 4 1 1 1 2 1 4 1 3 4 1 1 2 1 1 4 1 4 1 4 1 1 4 4 4 1 1 1 4 1 1
147 0.141185 3 2 3 1 4 3 1 3 3 3 3 3 4 1 3 2 2 1 3 3 1 4 2 3 1 3 2 1 1 4 1 2 1 4 4 1 2 3 3 4 1 2 1 2 1 4 1 3 1 3 2 3 3 4 1 3 4 2 4 3 3 3 1 1 3 4 1 1 1 2 1 4 1 3 4 1 1 2 1 1 4 1 4 1 4 1 3 4 4 4 1 1 1 2 3 3
147 0.001301 3 2 3 3 4 3 1 3 3 3 3 3 4 1 3 2 2 3 3 3 1 4 2 3 1 3 2 1 1 4 1 2 1 4 4 1 2 3 1 4 1 2 1 2 1 4 1 3 1 3 2 3 3 4 1 3 4 2 4 3 3 3 1 1 3 4 1 1 1 2 1 4 1 3 4 1 1 2 1 1 4 1 4 1 4 1 3 4 4 4 1 1 1 4 1 3
147 0.141185 3 2 3 3 4 1 1 3 3 3 3 3 4 1 3 2 2 1 3 3 1 4 2 3 1 3 2 1 1 4 1 2 1 4 4 1 2 3 3 4 1 2 1 2 1 4 1 3 1 3 2 3 3 4 1 3 4 2 4 3 3 3 1 1 3 4 1 1 1 2 1 4 1 3 4 1 1 2 1 1 4 1 4 1 4 1 3 4 4 4 1 1 1 4 1 3
148 0.001028 3 2 3 3 4 3 1 3 1 3 3 3 4 1 3 2 1 3 3 3 1 4 2 3 1 3 2 1 1 4 1 2 1 4 4 1 2 3 3 4 1 2 1 2 1 4 1 3 1 3 2 3 3 4 1 1 4 2 4 3 3 3 1 1 3 4 1 1 1 2 1 4 1 3 4 1 1 2 1 1 4 1 4 1 4 1 3 4 4 4 1 1 1 4 1 3
148 0.001028 3 2 3 3 4 1 1 3 3 3 3 3 4 1 3 2 2 1 3 1 1 4 2 3 1 3 2 1 1 4 1 2 1 4 4 1 2 3 3 4 1 2 1 2 1 4 1 3 1 3 2 3 3 4 1 3 4 2 4 3 3 3 1 1 3 4 1 1 1 2 1 4 1 3 4 1 1 2 1 1 4 1 3 1 4 1 3 4 4 4 1 1 1 4 1 3
148 0.001028 3 2 3 3 4 3 1 3 3 3 3 3 4 1 3 2 2 1 3 3 1 4 2 3 1 3 2 1 1 4 1 2 1 4 4 1 2 3 3 4 1 2 1 2 1 4 1 3 1 3 2 3 3 4 1 3 4 2 4 3 3 3 1 1 3 4 1 1 1 2 1 4 1 3 4 1 1 2 1 1 4 1 4 1 4 1 3 4 4 4 1 1 1 4 1 3
148 0.001028 3 2 3 3 4 3 1 3 3 3 3 3 4 1 3 2 2 1 3 3 1 4 2 3 1 3 2 1 1 4 1 2 1 4 4 1 2 3 3 4 1 2 1 2 1 4 1 3 1 1 2 3 3 4 1 3 4 2 4 3 3 3 1 1 3 4 1 1 1 2 1 4 1 3 4 1 1 2 1 1 4 1 4 1 4 1 3 4 4 4 1 1 1 4 1 3
148 0.141535 3 2 3 3 4 3 1 3 3 3 3 3 4 1 3 2 1 3 3 3 1 4 4 3 1 1 1 1 1 4 1 2 1 4 1 3 2 3 3 4 1 2 1 2 1 4 1 3 3 3 2 3 3 4 1 3 4 2 4 3 3 3 1 1 3 4 1 1 1 2 1 4 1 3 4 1 1 2 1 1 4 1 4 1 4 1 3 4 4 4 1 1 1 4 1 3
148 0.141535 3 2 3 3 4 3 1 3 3 3 3 3 4 1 3 2 1 3 3 3 1 4 4 3 1 3 2 1 1 4 1 2 1 4 1 1 2 3 3 4 1 2 1 2 1 4 1 3 1 3 2 3 3 4 1 3 4 2 4 3 3 3 1 1 3 4 1 1 1 2 1 4 1 3 4 1 1 2 1 1 4 1 4 1 4 1 3 4 4 4 1 1 1 4 1 3
148 0.001028 3 2 3 3 4 3 1 3 3 3 3 3 4 1 3 2 1 3 3 3 1 4 2 3 1 3 2 1 1 4 1 2 1 4 4 1 2 3 3 4 1 2 1 2 3 4 1 3 1 3 2 3 3 4 1 3 4 2 4 3 3 3 1 1 3 4 1 1 1 2 1 4 1 3 4 1 1 2 1 1 4 1 4 1 2 1 3 3 4 4 1 1 1 4 1 3
148 0.141535 3 2 3 1 4 3 1 3 3 3 3 3 4 1 3 2 2 1 3 3 1 4 2 3 1 3 2 1 1 4 1 2 1 4 4 1 2 3 3 4 1 2 1 2 1 4 1 3 1 3 2 3 3 4 1 3 4 2 4 3 3 3 1 1 3 4 1 1 1 2 1 4 1 3 4 1 1 2 1 1 4 1 4 1 4 1 3 4 4 4 1 1 1 4 1 3
148 0.001028 3 2 3 3 4 3 1 3 3 3 3 3 4 1 3 2 2 1 3 3 1 4 2 3 3 3 2 1 1 4 1 2 1 4 4 1 2 3 3 4 1 2 1 2 1 4 1 3 1 3 2 3 3 4 1 3 4 2 4 3 3 3 1 1 3 4 1 1 1 2 1 4 1 3 4 1 1 2 1 1 4 1 4 1 4 1 3 4 4 4 1 1 1 4 1 3
148 0.141535 3 2 3 1 4 3 1 3 3 3 3 3 4 1 3 2 2 1 3 3 1 4 2 3 1 3 2 1 1 4 1 2 1 4 4 1 2 3 3 4 1 2 1 2 1 4 1 3 1 3 2 3 3 4 1 3 4 2 4 3 3 3 1 1 3 4 1 1 1 2 1 4 1 3 4 1 1 2 1 1 4 1 4 1 4 1 3 4 4 4 1 3 1 4 1 3
148 0.001028 3 2 3 3 4 3 1 3 3 3 3 3 4 1 3 2 2 1 3 3 1 4 2 3 1 3 2 1 1 4 1 2 1 4 4 1 2 3 3 4 1 2 1 2 1 4 1 3 1 1 2 3 3 4 1 3 4 2 4 3 3 3 1 1 3 4 1 1 1 2 1 4 1 3 4 1 1 2 1 1 4 1 4 3 4 1 3 4 4 4 1 1 1 4 1 3
148 0.141535 3 2 3 1 4 3 1 3 3 3 3 3 4 1 3 2 2 1 3 3 1 4 2 3 1 3 2 1 1 4 1 2 1 4 4 1 2 0 3 4 1 2 1 2 1 4 1 3 1 3 2 3 1 4 1 3 4 2 4 3 3 3 1 1 3 4 1 1 1 2 1 4 1 3 4 1 1 2 1 1 4 1 4 1 4 1 3 4 4 4 1 1 1 4 1 3
148 0.001028 3 2 3 3 4 3 1 3 3 3 3 3 4 1 3 2 2 1 3 3 1 4 2 3 1 3 2 3 1 4 1 2 1 4 4 1 2 3 3 4 1 2 1 2 1 4 1 3 1 3 2 3 3 4 1 3 4 2 4 3 3 3 1 1 3 4 1 1 1 2 1 4 1 3 4 1 1 2 1 1 4 1 4 1 4 1 1 4 4 4 1 1 1 4 1 1
148 0.141535 3 2 3 1 4 3 1 3 3 3 3 3 4 1 3 2 2 1 3 3 1 4 2 3 1 3 2 1 1 4 1 2 1 4 4 1 2 3 3 4 1 2 1 2 1 4 1 3 1 3 2 3 3 4 1 3 4 2 4 3 3 3 1 1 3 4 1 1 1 2 1 4 1 3 4 1 1 2 1 1 4 1 4 1 4 1 3 4 4 4 1 1 1 2 3 3
148 0.001028 3 2 3 3 4 3 1 3 3 3 3 3 4 1 3 2 2 3 3 3 1 4 2 3 1 3 2 1 1 4 1 2 1 4 4 1 2 3 1 4 1 2 1 2 1 4 1 3 1 3 2 3 3 4 1 3 4 2 4 3 3 3 1 1 3 4 1 1 1 2 1 4 1 3 4 1 1 2 1 1 4 1 4 1 4 1 3 4 4 4 1 1 1 4 1 3
148 0.141535 3 2 3 3 4 1 1 3 3 3 3 3 4 1 3 2 2 1 3 3 1 4 2 3 1 3 2 1 1 4 1 2 1 4 4 1 2 3 3 4 1 2 1 2 1 4 1 3 1 3 2 3 3 4 1 3 4 2 4 3 3 3 1 1 3 4 1 1 1 2 1 4 1 3 4 1 1 2 1 1 4 1 4 1 4 1 3 4 4 4 1 1 1 4 1 3
149 0.000791 3 2 3 3 4 3 1 3 1 3 3 3 4 1 3 2 1 3 3 3 1 4 2 3 1 3 2 1 1 4 1 2 1 4 4 1 2 3 3 4 1 2 1 2 1 4 1 3 1 3 2 3 3 4 1 1 4 2 4 3 3 3 1 1 3 4 1 1 1 2 1 4 1 3 4 1 1 2 1 1 4 1 4 1 4 1 3 4 4 4 1 1 1 4 1 3
149 0.000791 3 2 3 3 4 1 1 3 3 3 3 3 4 1 3 2 2 1 3 1 1 4 2 3 1 3 2 1 1 4 1 2 1 4 4 1 2 3 3 4 1 2 1 2 1 4 1 3 1 3 2 3 3 4 1 3 4 2 4 3 3 3 1 1 3 4 1 1 1 2 1 4 1 3 4 1 1 2 1 1 4 1 3 1 4 1 3 4 4 4 1 1 1 4 1 3
149 0.000791 3 2 3 3 4 3 1 3 3 3 3 3 4 1 3 2 2 1 3 3 1 4 2 3 1 3 2 1 1 4 1 2 1 4 4 1 2 3 3 4 1 2 1 2 1 4 1 3 1 3 2 3 3 4 1 3 4 2 4 3 3 3 1 1 3 4 1 1 1 2 1 4 1 3 4 1 1 2 1 1 4 1 4 1 4 1 3 4 4 4 1 1 1 4 1 3
149 0.000791 3 2 3 3 4 3 1 3 3 3 3 3 4 1 3 2 2 1 3 3 1 4 2 3 1 3 2 1 1 4 1 2 1 4 4 1 2 3 3 4 1 2 1 2 1 4 1 3 1 1 2 3 3 4 1 3 4 2 4 3 3 3 1 1 3 4 1 1 1 2 1 4 1 3 4 1 1 2 1 1 4 1 4 1 4 1 3 4 4 4 1 1 1 4 1 3
149 0.141840 3 2 3 3 4 3 1 3 3 3 3 3 4 1 3 2 1 3 3 3 1 4 4 3 1 1 1 1 1 4 1 2 1 4 1 3 2 3 3 4 1 2 1 2 1 4 1 3 3 3 2 3 3 4 1 3 4 2 4 3 3 3 1 1 3 4 1 1 1 2 1 4 1 3 4 1 1 2 1 1 4 1 4 1 4 1 3 4 4 4 1 1 1 4 1 3
149 0.141840 3 2 3 3 4 3 1 3 3 3 3 3 4 1 3 2 1 3 3 3 1 4 4 3 1 3 2 1 1 4 1 2 1 4 1 1 2 3 3 4 1 2 1 2 1 4 1 3 1 3 2 3 3 4 1 3 4 2 4 3 3 3 1 1 3 4 1 1 1 2 1 4 1 3 4 1 1 2 1 1 4 1 4 1 4 1 3 4 4 4 1 1 1 4 1 3
149 0.000791 3 2 3 3 4 3 1 3 3 3 3 3 4 1 3 2 1 3 3 3 1 4 2 3 1 3 2 1 1 4 1 2 1 4 4 1 2 3 3 4 1 2 1 2 3 4 1 3 1 3 2 3 3 4 1 3 4 2 4 3 3 3 1 1 3 4 1 1 1 2 1 4 1 3 4 1 1 2 1 1 4 1 4 1 2 1 3 3 4 4 1 1 1 4 1 3
149 0.141840 3 2 3 1 4 3 1 3 3 3 3 3 4 1 3 2 2 1 3 3 1 4 2 3 1 3 2 1 1 4 1 2 1 4 4 1 2 3 3 4 1 2 1 2 1 4 1 3 1 3 2 3 3 4 1 3 4 2 4 3 3 3 1 1 3 4 1 1 1 2 1 4 1 3 4 1 1 2 1 1 4 1 4 1 4 1 3 4 4 4 1 1 1 4 1 3
149 0.000791 3 2 3 3 4 3 1 3 3 3 3 3 4 1 3 2 2 1 3 3 1 4 2 3 3 3 2 1 1 4 1 2 1 4 4 1 2 3 3 4 1 2 1 2 1 4 1 3 1 3 2 3 3 4 1 3 4 2 4 3 3 3 1 1 3 4 1 1 1 2 1 4 1 3 4 1 1 2 1 1 4 1 4 1 4 1 3 4 4 4 1 1 1 4 1 3
149 0.141840 3 2 3 1 4 3 1 3 3 3 3 3 4 1 3 2 2 1 3 3 1 4 2 3 1 3 2 1 1 4 1 2 1 4 4 1 2 3 3 4 1 2 1 2 1 4 1 3 1 3 2 3 3 4 1 3 4 2 4 3 3 3 1 1 3 4 1 1 1 2 1 4 1 3 4 1 1 2 1 1 4 1 4 1 4 1 3 4 4 4 1 3 1 4 1 3
149 0.000791 3 2 3 3 4 3 1 3 3 3 3 3 4 1 3 2 2 1 3 3 1 4 2 3 1 3 2 1 1 4 1 2 1 4 4 1 2 3 3 4 1 2 1 2 1 4 1 3 1 1 2 3 3 4 1 3 4 2 4 3 3 3 1 1 3 4 1 1 1 2 1 4 1 3 4 1 1 2 1 1 4 1 4 3 4 1 3 4 4 4 1 1 1 4 1 3
149 0.141840 3 2 3 1 4 3 1 3 3 3 3 3 4 1 3 2 2 1 3 3 1 4 2 3 1 3 2 1 1 4 1 2 1 4 4 1 2 0 3 4 1 2 1 2 1 4 1 3 1 3 2 3 1 4 1 3 4 2 4 3 3 3 1 1 3 4 1 1 1 2 1 4 1 3 4 1 1 2 1 1 4 1 4 1 4 1 3 4 4 4 1 1 1 4 1 3
149 0.000791 3 2 3 3 4 3 1 3 3 3 3 3 4 1 3 2 2 1 3 3 1 4 2 3 1 3 2 3 1 4 1 2 1 4 4 1 2 3 3 4 1 2 1 2 1 4 1 3 1 3 2 3 3 4 1 3 4 2 4 3 3 3 1 1 3 4 1 1 1 2 1 4 1 3 4 1 1 2 1 1 4 1 4 1 4 1 1 4 4 4 1 1 1 4 1 1
149 0.141840 3 2 3 1 4 3 1 3 3 3 3 3 4 1 3 2 2 1 3 3 1 4 2 3 1 3 2 1 1 4 1 2 1 4 4 1 2 3 3 4 1 2 1 2 1 4 1 3 1 3 2 3 3 4 1 3 4 2 4 3 3 3 1 1 3 4 1 1 1 2 1 4 1 3 4 1 1 2 1 1 4 1 4 1 4 1 3 4 4 4 1 1 1 2 3 3
149 0.000791 3 2 3 3 4 3 1 3 3 3 3 3 4 1 3 2 2 3 3 3 1 4 2 3 1 3 2 1 1 4 1 2 1 4 4 1 2 3 1 4 1 2 1 2 1 4 1 3 1 3 2 3 3 4 1 3 4 2 4 3 3 3 1 1 3 4 1 1 1 2 1 4 1 3 4 1 1 2 1 1 4 1 4 1 4 1 3 4 4 4 1 1 1 4 1 3
149 0.141840 3 2 3 3 4 1 1 3 3 3 3 3 4 1 3 2 2 1 3 3 1 4 2 3 1 3 2 1 1 4 1 2 1 4 4 1 2 3 3 4 1 2 1 2 1 4 1 3 1 3 2 3 3 4 1 3 4 2 4 3 3 3 1 1 3 4 1 1 1 2 1 4 1 3 4 1 1 2 1 1 4 1 4 1 4 1 3 4 4 4 1 1 1 4 1 3
150 0.000585 3 2 3 3 4 3 1 3 1 3 3 3 4 1 3 2 1 3 3 3 1 4 2 3 1 3 2 1 1 4 1 2 1 4 4 1 2 3 3 4 1 2 1 2 1 4 1 3 1 3 2 3 3 4 1 1 4 2 4 3 3 3 1 1 3 4 1 1 1 2 1 4 1 3 4 1 1 2 1 1 4 1 4 1 4 1 3 4 4 4 1 1 1 4 1 3
150 0.000585 3 2 3 3 4 1 1 3 3 3 3 3 4 1 3 2 2 1 3 1 1 4 2 3 1 3 2 1 1 4 1 2 1 4 4 1 2 3 3 4 1 2 1 2 1 4 1 3 1 3 2 3 3 4 1 3 4 2 4 3 3 3 1 1 3 4 1 1 1 2 1 4 1 3 4 1 1 2 1 1 4 1 3 1 4 1 3 4 4 4 1 1 1 4 1 3
150 0.000585 3 2 3 3 4 3 1 3 3 3 3 3 4 1 3 2 2 1 3 3 1 4 2 3 1 3 2 1 1 4 1 2 1 4 4 1 2 3 3 4 1 2 1 2 1 4 1 3 1 3 2 3 3 4 1 3 4 2 4 3 3 3 1 1 3 4 1 1 1 2 1 4 1 3 4 1 1 2 1 1 4 1 4 1 4 1 3 4 4 4 1 1 1 4 1 3
150 0.000585 3 2 3 3 4 3 1 3 3 3 3 3 4 1 3 2 2 1 3 3 1 4 2 3 1 3 2 1 1 4 1 2 1 4 4 1 2 3 3 4 1 2 1 2 1 4 1 3 1 1 2 3 3 4 1 3 4 2 4 3 3 3 1 1 3 4 1 1 1 2 1 4 1 3 4 1 1 2 1 1 4 1 4 1 4 1 3 4 4 4 1 1 1 4 1 3
150 0.142105 3 2 3 3 4 3 1 3 3 3 3 3 4 1 3 2 1 3 3 3 1 4 4 3 1 1 1 1 1 4 1 2 1 4 1 3 2 3 3 4 1 2 1 2 1 4 1 3 3 3 2 3 3 4 1 3 4 2 4 3 3 3 1 1 3 4 1 1 1 2 1 4 1 3 4 1 1 2 1 1 4 1 4 1 4 1 3 4 4 4 1 1 1 4 1 3
150 0.142105 3 2 3 3 4 3 1 3 3 3 3 3 4 1 3 2 1 3 3 3 1 4 4 3 1 3 2 1 1 4 1 2 1 4 1 1 2 3 3 4 1 2 1 2 1 4 1 3 1 3 2 3 3 4 1 3 4 2 4 3 3 3 1 1 3 4 1 1 1 2 1 4 1 3 4 1 1 2 1 1 4 1 4 1 4 1 3 4 4 4 1 1 1 4 1 3
150 0.000585 3 2 3 3 4 3 1 3 3 3 3 3 4 1 3 2 1 3 3 3 1 4 2 3 1 3 2 1 1 4 1 2 1 4 4 1 2 3 3 4 1 2 1 2 3 4 1 3 1 3 2 3 3 4 1 3 4 2 4 3 3 3 1 1 3 4 1 1 1 2 1 4 1 3 4 1 1 2 1 1 4 1 4 1 2 1 3 3 4 4 1 1 1 4 1 3
150 0.142105 3 2 3 1 4 3 1 3 3 3 3 3 4 1 3 2 2 1 3 3 1 4 2 3 1 3 2 1 1 4 1 2 1 4 4 1 2 3 3 4 1 2 1 2 1 4 1 3 1 3 2 3 3 4 1 3 4 2 4 3 3 3 1 1 3 4 1 1 1 2 1 4 1 3 4 1 1 2 1 1 4 1 4 1 4 1 3 4 4 4 1 1 1 4 1 3
150 0.000585 3 2 3 3 4 3 1 3 3 3 3 3 4 1 3 2 2 1 3 3 1 4 2 3 3 3 2 1 1 4 1 2 1 4 4 1 2 3 3 4 1 2 1 2 1 4 1 3 1 3 2 3 3 4 1 3 4 2 4 3 3 3 1 1 3 4 1 1 1 2 1 4 1 3 4 1 1 2 1 1 4 1 4 1 4 1 3 4 4 4 1 1 1 4 1 3
150 0.142105 3 2 3 1 4 3 1 3 3 3 3 3 4 1 3 2 2 1 3 3 1 4 2 3 1 3 2 1 1 4 1 2 1 4 4 1 2 3 3 4 1 2 1 2 1 4 1 3 1 3 2 3 3 4 1 3 4 2 4 3 3 3 1 1 3 4 1 1 1 2 1 4 1 3 4 1 1 2 1 1 4 1 4 1 4 1 3 4 4 4 1 3 1 4 1 3
150 0.000585 3 2 3 3 4 3 1 3 3 3 3 3 4 1 3 2 2 1 3 3 1 4 2 3 1 3 2 1 1 4 1 2 1 4 4 1 2 3 3 4 1 2 1 2 1 4 1 3 1 1 2 3 3 4 1 3 4 2 4 3 3 3 1 1 3 4 1 1 1 2 1 4 1 3 4 1 1 2 1 1 4 1 4 3 4 1 3 4 4 4 1 1 1 4 1 3
150 0.142105 3 2 3 1 4 3 1 3 3 3 3 3 4 1 3 2 2 1 3 3 1 4 2 3 1 3 2 1 1 4 1 2 1 4 4 1 2 0 3 4 1 2 1 2 1 4 1 3 1 3 2 3 1 4 1 3 4 2 4 3 3 3 1 1 3 4 1 1 1 2 1 4 1 3 4 1 1 2 1 1 4 1 4 1 4 1 3 4 4 4 1 1 1 4 1 3
150 0.000585 3 2 3 3 4 3 1 3 3 3 3 3 4 1 3 2 2 1 3 3 1 4 2 3 1 3 2 3 1 4 1 2 1 4 4 1 2 3 3 4 1 2 1 2 1 4 1 3 1 3 2 3 3 4 1 3 4 2 4 3 3 3 1 1 3 4 1 1 1 2 1 4 1 3 4 1 1 2 1 1 4 1 4 1 4 1 1 4 4 4 1 1 1 4 1 1
150 0.142105 3 2 3 1 4 3 1 3 3 3 3 3 4 1 3 2 2 1 3 3 1 4 2 3 1 3 2 1 1 4 1 2 1 4 4 1 2 3 3 4 1 2 1 2 1 4 1 3 1 3 2 3 3 4 1 3 4 2 4 3 3 3 1 1 3 4 1 1 1 2 1 4 1 3 4 1 1 2 1 1 4 1 4 1 4 1 3 4 4 4 1 1 1 2 3 3
150 0.000585 3 2 3 3 4 3 1 3 3 3 3 3 4 1 3 2 2 3 3 3 1 4 2 3 1 3 2 1 1 4 1 2 1 4 4 1 2 3 1 4 1 2 1 2 1 4 1 3 1 3 2 3 3 4 1 3 4 2 4 3 3 3 1 1 3 4 1 1 1 2 1 4 1 3 4 1 1 2 1 1 4 1 4 1 4 1 3 4 4 4 1 1 1 4 1 3
150 0.142105 3 2 3 3 4 1 1 3 3 3 3 3 4 1 3 2 2 1 3 3 1 4 2 3 1 3 2 1 1 4 1 2 1 4 4 1 2 3 3 4 1 2 1 2 1 4 1 3 1 3 2 3 3 4 1 3 4 2 4 3 3 3 1 1 3 4 1 1 1 2 1 4 1 3 4 1 1 2 1 1 4 1 4 1 4 1 3 4 4 4 1 1 1 4 1 3
151 0.000406 3 2 3 3 4 3 1 3 1 3 3 3 4 1 3 2 1 3 3 3 1 4 2 3 1 3 2 1 1 4 1 2 1 4 4 1 2 3 3 4 1 2 1 2 1 4 1 3 1 3 2 3 3 4 1 1 4 2 4 3 3 3 1 1 3 4 1 1 1 2 1 4 1 3 4 1 1 2 1 1 4 1 4 1 4 1 3 4 4 4 1 1 1 4 1 3
151 0.000406 3 2 3 3 4 1 1 3 3 3 3 3 4 1 3 2 2 1 3 1 1 4 2 3 1 3 2 1 1 4 1 2 1 4 4 1 2 3 3 4 1 2 1 2 1 4 1 3 1 3 2 3 3 4 1 3 4 2 4 3 3 3 1 1 3 4 1 1 1 2 1 4 1 3 4 1 1 2 1 1 4 1 3 1 4 1 3 4 4 4 1 1 1 4 1 3
151 0.000406 3 2 3 3 4 3 1 3 3 3 3 3 4 1 3 2 2 1 3 3 1 4 2 3 1 3 2 1 1 4 1 2 1 4 4 1 2 3 3 4 1 2 1 2 1 4 1 3 1 3 2 3 3 4 1 3 4 2 4 3 3 3 1 1 3 4 1 1 1 2 1 4 1 3 4 1 1 2 1 1 4 1 4 1 4 1 3 4 4 4 1 1 1 4 1 3
151 0.000406 3 2 3 3 4 3 1 3 3 3 3 3 4 1 3 2 2 1 3 3 1 4 2 3 1 3 2 1 1 4 1 2 1 4 4 1 2 3 3 4 1 2 1 2 1 4 1 3 1 1 2 3 3 4 1 3 4 2 4 3 3 3 1 1 3 4 1 1 1 2 1 4 1 3 4 1 1 2 1 1 4 1 4 1 4 1 3 4 4 4 1 1 1 4 1 3
151 0.142335 3 2 3 3 4 3 1 3 3 3 3 3 4 1 3 2 1 3 3 3 1 4 4 3 1 1 1 1 1 4 1 2 1 4 1 3 2 3 3 4 1 2 1 2 1 4 1 3 3 3 2 3 3 4 1 3 4 2 4 3 3 3 1 1 3 4 1 1 1 2 1 4 1 3 4 1 1 2 1 1 4 1 4 1 4 1 3 4 4 4 1 1 1 4 1 3
151 0.142335 3 2 3 3 4 3 1 3 3 3 3 3 4 1 3 2 1 3 3 3 1 4 4 3 1 3 2 1 1 4 1 2 1 4 1 1 2 3 3 4 1 2 1 2 1 4 1 3 1 3 2 3 3 4 1 3 4 2 4 3 3 3 1 1 3 4 1 1 1 2 1 4 1 3 4 1 1 2 1 1 4 1 4 1 4 1 3 4 4 4 1 1 1 4 1 3
151 0.000406 3 2 3 3 4 3 1 3 3 3 3 3 4 1 3 2 1 3 3 3 1 4 2 3 1 3 2 1 1 4 1 2 1 4 4 1 2 3 3 4 1 2 1 2 3 4 1 3 1 3 2 3 3 4 1 3 4 2 4 3 3 3 1 1 3 4 1 1 1 2 1 4 1 3 4 1 1 2 1 1 4 1 4 1 2 1 3 3 4 4 1 1 1 4 1 3
151 0.142335 3 2 3 1 4 3 1 3 3 3 3 3 4 1 3 2 2 1 3 3 1 4 2 3 1 3 2 1 1 4 1 2 1 4 4 1 2 3 3 4 1 2 1 2 1 4 1 3 1 3 2 3 3 4 1 3 4 2 4 3 3 3 1 1 3 4 1 1 1 2 1 4 1 3 4 1 1 2 1 1 4 1 4 1 4 1 3 4 4 4 1 1 1 4 1 3
151 0.000406 3 2 3 3 4 3 1 3 3 3 3 3 4 1 3 2 2 1 3 3 1 4 2 3 3 3 2 1 1 4 1 2 1 4 4 1 2 3 3 4 1 2 1 2 1 4 1 3 1 3 2 3 3 4 1 3 4 2 4 3 3 3 1 1 3 4 1 1 1 2 1 4 1 3 4 1 1 2 1 1 4 1 4 1 4 1 3 4 4 4 1 1 1 4 1 3
151 0.142335 3 2 3 1 4 3 1 3 3 3 3 3 4 1 3 2 2 1 3 3 1 4 2 3 1 3 2 1 1 4 1 2 1 4 4 1 2 3 3 4 1 2 1 2 1 4 1 3 1 3 2 3 3 4 1 3 4 2 4 3 3 3 1 1 3 4 1 1 1 2 1 4 1 3 4 1 1 2 1 1 4 1 4 1 4 1 3 4 4 4 1 3 1 4 1 3
151 0.000406 3 2 3 3 4 3 1 3 3 3 3 3 4 1 3 2 2 1 3 3 1 4 2 3 1 3 2 1 1 4 1 2 1 4 4 1 2 3 3 4 1 2 1 2 1 4 1 3 1 1 2 3 3 4 1 3 4 2 4 3 3 3 1 1 3 4 1 1 1 2 1 4 1 3 4 1 1 2 1 1 4 1 4 3 4 1 3 4 4 4 1 1 1 4 1 3
151 0.142335 3 2 3 1 4 3 1 3 3 3 3 3 4 1 3 2 2 1 3 3 1 4 2 3 1 3 2 1 1 4 1 2 1 4 4 1 2 0 3 4 1 2 1 2 1 4 1 3 1 3 2 3 1 4 1 3 4 2 4 3 3 3 1 1 3 4 1 1 1 2 1 4 1 3 4 1 1 2 1 1 4 1 4 1 4 1 3 4 4 4 1 1 1 4 1 3
151 0.000406 3 2 3 3 4 3 1 3 3 3 3 3 4 1 3 2 2 1 3 3 1 4 2 3 1 3 2 3 1 4 1 2 1 4 4 1 2 3 3 4 1 2 1 2 1 4 1 3 1 3 2 3 3 4 1 3 4 2 4 3 3 3 1 1 3 4 1 1 1 2 1 4 1 3 4 1 1 2 1 1 4 1 4 1 4 1 1 4 4 4 1 1 1 4 1 1
151 0.142335 3 2 3 1 4 3 1 3 3 3 3 3 4 1 3 2 2 1 3 3 1 4 2 3 1 3 2 1 1 4 1 2 1 4 4 1 2 3 3 4 1 2 1 2 1 4 1 3 1 3 2 3 3 4 1 3 4 2 4 3 3 3 1 1 3 4 1 1 1 2 1 4 1 3 4 1 1 2 1 1 4 1 4 1 4 1 3 4 4 4 1 1 1 2 3 3
151 0.000406 3 2 3 3 4 3 1 3 3 3 3 3 4 1 3 2 2 3 3 3 1 4 2 3 1 3 2 1 1 4 1 2 1 4 4 1 2 3 1 4 1 2 1 2 1 4 1 3 1 3 2 3 3 4 1 3 4 2 4 3 3 3 1 1 3 4 1 1 1 2 1 4 1 3 4 1 1 2 1 1 4 1 4 1 4 1 3 4 4 4 1 1 1 4 1 3
151 0.142335 3 2 3 3 4 1 1 3 3 3 3 3 4 1 3 2 2 1 3 3 1 4 2 3 1 3 2 1 1 4 1 2 1 4 4 1 2 3 3 4 1 2 1 2 1 4 1 3 1 3 2 3 3 4 1 3 4 2 4 3 3 3 1 1 3 4 1 1 1 2 1 4 1 3 4 1 1 2 1 1 4 1 4 1 4 1 3 4 4 4 1 1 1 4 1 3
152 0.000251 3 2 3 3 4 3 1 3 1 3 3 3 4 1 3 2 1 3 3 3 1 4 2 3 1 3 2 1 1 4 1 2 1 4 4 1 2 3 3 4 1 2 1 2 1 4 1 3 1 3 2 3 3 4 1 1 4 2 4 3 3 3 1 1 3 4 1 1 1 2 1 4 1 3 4 1 1 2 1 1 4 1 4 1 4 1 3 4 4 4 1 1 1 4 1 3
152 0.000251 3 2 3 3 4 1 1 3 3 3 3 3 4 1 3 2 2 1 3 1 1 4 2 3 1 3 2 1 1 4 1 2 1 4 4 1 2 3 3 4 1 2 1 2 1 4 1 3 1 3 2 3 3 4 1 3 4 2 4 3 3 3 1 1 3 4 1 1 1 2 1 4 1 3 4 1 1 2 1 1 4 1 3 1 4 1 3 4 4 4 1 1 1 4 1 3
152 0.000251 3 2 3 3 4 3 1 3 3 3 3 3 4 1 3 2 2 1 3 3 1 4 2 3 1 3 2 1 1 4 1 2 1 4 4 1 2 3 3 4 1 2 1 2 1 4 1 3 1 3 2 3 3 4 1 3 4 2 4 3 3 3 1 1 3 4 1 1 1 2 1 4 1 3 4 1 1 2 1 1 4 1 4 1 4 1 3 4 4 4 1 1 1 4 1 3
152 0.000251 3 2 3 3 4 3 1 3 3 3 3 3 4 1 3 2 2 1 3 3 1 4 2 3 1 3 2 1 1 4 1 2 1 4 4 1 2 3 3 4 1 2 1 2 1 4 1 3 1 1 2 3 3 4 1 3 4 2 4 3 3 3 1 1 3 4 1 1 1 2 1 4 1 3 4 1 1 2 1 1 4 1 4 1 4 1 3 4 4 4 1 1 1 4 1 3
152 0.142534 3 2 3 3 4 3 1 3 3 3 3 3 4 1 3 2 1 3 3 3 1 4 4 3 1 1 1 1 1 4 1 2 1 4 1 3 2 3 3 4 1 2 1 2 1 4 1 3 3 3 2 3 3 4 1 3 4 2 4 3 3 3 1 1 3 4 1 1 1 2 1 4 1 3 4 1 1 2 1 1 4 1 4 1 4 1 3 4 4 4 1 1 1 4 1 3
152 0.142534 3 2 3 3 4 3 1 3 3 3 3 3 4 1 3 2 1 3 3 3 1 4 4 3 1 3 2 1 1 4 1 2 1 4 1 1 2 3 3 4 1 2 1 2 1 4 1 3 1 3 2 3 3 4 1 3 4 2 4 3 3 3 1 1 3 4 1 1 1 2 1 4 1 3 4 1 1 2 1 1 4 1 4 1 4 1 3 4 4 4 1 1 1 4 1 3
152 0.000251 3 2 3 3 4 3 1 3 3 3 3 3 4 1 3 2 1 3 3 3 1 4 2 3 1 3 2 1 1 4 1 2 1 4 4 1 2 3 3 4 1 2 1 2 3 4 1 3 1 3 2 3 3 4 1 3 4 2 4 3 3 3 1 1 3 4 1 1 1 2 1 4 1 3 4 1 1 2 1 1 4 1 4 1 2 1 3 3 4 4 1 1 1 4 1 3
152 0.142534 3 2 3 1 4 3 1 3 3 3 3 3 4 1 3 2 2 1 3 3 1 4 2 3 1 3 2 1 1 4 1 2 1 4 4 1 2 3 3 4 1 2 1 2 1 4 1 3 1 3 2 3 3 4 1 3 4 2 4 3 3 3 1 1 3 4 1 1 1 2 1 4 1 3 4 1 1 2 1 1 4 1 4 1 4 1 3 4 4 4 1 1 1 4 1 3
152 0.000251 3 2 3 3 4 3 1 3 3 3 3 3 4 1 3 2 2 1 3 3 1 4 2 3 3 3 2 1 1 4 1 2 1 4 4 1 2 3 3 4 1 2 1 2 1 4 1 3 1 3 2 3 3 4 1 3 4 2 4 3 3 3 1 1 3 4 1 1 1 2 1 4 1 3 4 1 1 2 1 1 4 1 4 1 4 1 3 4 4 4 1 1 1 4 1 3
152 0.142534 3 2 3 1 4 3 1 3 3 3 3 3 4 1 3 2 2 1 3 3 1 4 2 3 1 3 2 1 1 4 1 2 1 4 4 1 2 3 3 4 1 2 1 2 1 4 1 3 1 3 2 3 3 4 1 3 4 2 4 3 3 3 1 1 3 4 1 1 1 2 1 4 1 3 4 1 1 2 1 1 4 1 4 1 4 1 3 4 4 4 1 3 1 4 1 3
152 0.000251 3 2 3 3 4 3 1 3 3 3 3 3 4 1 3 2 2 1 3 3 1 4 2 3 1 3 2 1 1 4 1 2 1 4 4 1 2 3 3 4 1 2 1 2 1 4 1 3 1 1 2 3 3 4 1 3 4 2 4 3 3 3 1 1 3 4 1 1 1 2 1 4 1 3 4 1 1 2 1 1 4 1 4 3 4 1 3 4 4 4 1 1 1 4 1 3
152 0.142534 3 2 3 1 4 3 1 3 3 3 3 3 4 1 3 2 2 1 3 3 1 4 2 3 1 3 2 1 1 4 1 2 1 4 4 1 2 0 3 4 1 2 1 2 1 4 1 3 1 3 2 3 1 4 1 3 4 2 4 3 3 3 1 1 3 4 1 1 1 2 1 4 1 3 4 1 1 2 1 1 4 1 4 1 4 1 3 4 4 4 1 1 1 4 1 3
152 0.000251 3 2 3 3 4 3 1 3 3 3 3 3 4 1 3 2 2 1 3 3 1 4 2 3 1 3 2 3 1 4 1 2 1 4 4 1 2 3 3 4 1 2 1 2 1 4 1 3 1 3 2 3 3 4 1 3 4 2 4 3 3 3 1 1 3 4 1 1 1 2 1 4 1 3 4 1 1 2 1 1 4 1 4 1 4 1 1 4 4 4 1 1 1 4 1 1
152 0.142534 3 2 3 1 4 3 1 3 3 3 3 3 4 1 3 2 2 1 3 3 1 4 2 3 1 3 2 1 1 4 1 2 1 4 4 1 2 3 3 4 1 2 1 2 1 4 1 3 1 3 2 3 3 4 1 3 4 2 4 3 3 3 1 1 3 4 1 1 1 2 1 4 1 3 4 1 1 2 1 1 4 1 4 1 4 1 3 4 4 4 1 1 1 2 3 3
152 0.000251 3 2 3 3 4 3 1 3 3 3 3 3 4 1 3 2 2 3 3 3 1 4 2 3 1 3 2 1 1 4 1 2 1 4 4 1 2 3 1 4 1 2 1 2 1 4 1 3 1 3 2 3 3 4 1 3 4 2 4 3 3 3 1 1 3 4 1 1 1 2 1 4 1 3 4 1 1 2 1 1 4 1 4 1 4 1 3 4 4 4 1 1 1 4 1 3
152 0.142534 3 2 3 3 4 1 1 3 3 3 3 3 4 1 3 2 2 1 3 3 1 4 2 3 1 3 2 1 1 4 1 2 1 4 4 1 2 3 3 4 1 2 1 2 1 4 1 3 1 3 2 3 3 4 1 3 4 2 4 3 3 3 1 1 3 4 1 1 1 2 1 4 1 3 4 1 1 2 1 1 4 1 4 1 4 1 3 4 4 4 1 1 1 4 1 3
153 0.000117 3 2 3 3 4 3 1 3 1 3 3 3 4 1 3 2 1 3 3 3 1 4 2 3 1 3 2 1 1 4 1 2 1 4 4 1 2 3 3 4 1 2 1 2 1 4 1 3 1 3 2 3 3 4 1 1 4 2 4 3 3 3 1 1 3 4 1 1 1 2 1 4 1 3 4 1 1 2 1 1 4 1 4 1 4 1 3 4 4 4 1 1 1 4 1 3
153 0.000117 3 2 3 3 4 1 1 3 3 3 3 3 4 1 3 2 2 1 3 1 1 4 2 3 1 3 2 1 1 4 1 2 1 4 4 1 2 3 3 4 1 2 1 2 1 4 1 3 1 3 2 3 3 4 1 3 4 2 4 3 3 3 1 1 3 4 1 1 1 2 1 4 1 3 4 1 1 2 1 1 4 1 3 1 4 1 3 4 4 4 1 1 1 4 1 3
153 0.000117 3 2 3 3 4 3 1 3 3 3 3 3 4 1 3 2 2 1 3 3 1 4 2 3 1 3 2 1 1 4 1 2 1 4 4 1 2 3 3 4 1 2 1 2 1 4 1 3 1 3 2 3 3 4 1 3 4 2 4 3 3 3 1 1 3 4 1 1 1 2 1 4 1 3 4 1 1 2 1 1 4 1 4 1 4 1 3 4 4 4 1 1 1 4 1 3
153 0.000117 3 2 3 3 4 3 1 3 3 3 3 3 4 1 3 2 2 1 3 3 1 4 2 3 1 3 2 1 1 4 1 2 1 4 4 1 2 3 3 4 1 2 1 2 1 4 1 3 1 1 2 3 3 4 1 3 4 2 4 3 3 3 1 1 3 4 1 1 1 2 1 4 1 3 4 1 1 2 1 1 4 1 4 1 4 1 3 4 4 4 1 1 1 4 1 3
153 0.142707 3 2 3 3 4 3 1 3 3 3 3 3 4 1 3 2 1 3 3 3 1 4 4 3 1 1 1 1 1 4 1 2 1 4 1 3 2 3 3 4 1 2 1 2 1 4 1 3 3 3 2 3 3 4 1 3 4 2 4 3 3 3 1 1 3 4 1 1 1 2 1 4 1 3 4 1 1 2 1 1 4 1 4 1 4 1 3 4 4 4 1 1 1 4 1 3
153 0.142707 3 2 3 3 4 3 1 3 3 3 3 3 4 1 3 2 1 3 3 3 1 4 4 3 1 3 2 1 1 4 1 2 1 4 1 1 2 3 3 4 1 2 1 2 1 4 1 3 1 3 2 3 3 4 1 3 4 2 4 3 3 3 1 1 3 4 1 1 1 2 1 4 1 3 4 1 1 2 1 1 4 1 4 1 4 1 3 4 4 4 1 1 1 4 1 3
153 0.000117 3 2 3 3 4 3 1 3 3 3 3 3 4 1 3 2 1 3 3 3 1 4 2 3 1 3 2 1 1 4 1 2 1 4 4 1 2 3 3 4 1 2 1 2 3 4 1 3 1 3 2 3 3 4 1 3 4 2 4 3 3 3 1 1 3 4 1 1 1 2 1 4 1 3 4 1 1 2 1 1 4 1 4 1 2 1 3 3 4 4 1 1 1 4 1 3
153 0.142707 3 2 3 1 4 3 1 3 3 3 3 3 4 1 3 2 2 1 3 3 1 4 2 3 1 3 2 1 1 4 1 2 1 4 4 1 2 3 3 4 1 2 1 2 1 4 1 3 1 3 2 3 3 4 1 3 4 2 4 3 3 3 1 1 3 4 1 1 1 2 1 4 1 3 4 1 1 2 1 1 4 1 4 1 4 1 3 4 4 4 1 1 1 4 1 3
153 0.000117 3 2 3 3 4 3 1 3 3 3 3 3 4 1 3 2 2 1 3 3 1 4 2 3 3 3 2 1 1 4 1 2 1 4 4 1 2 3 3 4 1 2 1 2 1 4 1 3 1 3 2 3 3 4 1 3 4 2 4 3 3 3 1 1 3 4 1 1 1 2 1 4 1 3 4 1 1 2 1 1 4 1 4 1 4 1 3 4 4 4 1 1 1 4 1 3
153 0.142707 3 2 3 1 4 3 1 3 3 3 3 3 4 1 3 2 2 1 3 3 1 4 2 3 1 3 2 1 1 4 1 2 1 4 4 1 2 3 3 4 1 2 1 2 1 4 1 3 1 3 2 3 3 4 1 3 4 2 4 3 3 3 1 1 3 4 1 1 1 2 1 4 1 3 4 1 1 2 1 1 4 1 4 1 4 1 3 4 4 4 1 3 1 4 1 3
153 0.000117 3 2 3 3 4 3 1 3 3 3 3 3 4 1 3 2 2 1 3 3 1 4 2 3 1 3 2 1 1 4 1 2 1 4 4 1 2 3 3 4 1 2 1 2 1 4 1 3 1 1 2 3 3 4 1 3 4 2 4 3 3 3 1 1 3 4 1 1 1 2 1 4 1 3 4 1 1 2 1 1 4 1 4 3 4 1 3 4 4 4 1 1 1 4 1 3
153 0.142707 3 2 3 1 4 3 1 3 3 3 3 3 4 1 3 2 2 1 3 3 1 4 2 3 1 3 2 1 1 4 1 2 1 4 4 1 2 0 3 4 1 2 1 2 1 4 1 3 1 3 2 3 1 4 1 3 4 2 4 3 3 3 1 1 3 4 1 1 1 2 1 4 1 3 4 1 1 2 1 1 4 1 4 1 4 1 3 4 4 4 1 1 1 4 1 3
153 0.000117 3 2 3 3 4 3 1 3 3 3 3 3 4 1 3 2 2 1 3 3 1 4 2 3 1 3 2 3 1 4 1 2 1 4 4 1 2 3 3 4 1 2 1 2 1 4 1 3 1 3 2 3 3 4 1 3 4 2 4 3 3 3 1 1 3 4 1 1 1 2 1 4 1 3 4 1 1 2 1 1 4 1 4 1 4 1 1 4 4 4 1 1 1 4 1 1
153 0.142707 3 2 3 1 4 3 1 3 3 3 3 3 4 1 3 2 2 1 3 3 1 4 2 3 1 3 2 1 1 4 1 2 1 4 4 1 2 3 3 4 1 2 1 2 1 4 1 3 1 3 2 3 3 4 1 3 4 2 4 3 3 3 1 1 3 4 1 1 1 2 1 4 1 3 4 1 1 2 1 1 4 1 4 1 4 1 3 4 4 4 1 1 1 2 3 3
153 0.000117 3 2 3 3 4 3 1 3 3 3 3 3 4 1 3 2 2 3 3 3 1 4 2 3 1 3 2 1 1 4 1 2 1 4 4 1 2 3 1 4 1 2 1 2 1 4 1 3 1 3 2 3 3 4 1 3 4 2 4 3 3 3 1 1 3 4 1 1 1 2 1 4 1 3 4 1 1 2 1 1 4 1 4 1 4 1 3 4 4 4 1 1 1 4 1 3
153 0.142707 3 2 3 3 4 1 1 3 3 3 3 3 4 1 3 2 2 1 3 3 1 4 2 3 1 3 2 1 1 4 1 2 1 4 4 1 2 3 3 4 1 2 1 2 1 4 1 3 1 3 2 3 3 4 1 3 4 2 4 3 3 3 1 1 3 4 1 1 1 2 1 4 1 3 4 1 1 2 1 1 4 1 4 1 4 1 3 4 4 4 1 1 1 4 1 3
154 0.142857 3 2 3 3 4 3 1 3 3 3 3 3 4 1 3 2 1 3 3 3 1 4 4 3 1 1 1 1 1 4 1 2 1 4 1 3 2 3 3 4 1 2 1 2 1 4 1 3 3 3 2 3 3 4 1 3 4 2 4 3 3 3 1 1 3 4 1 1 1 2 1 4 1 3 4 1 1 2 1 1 4 1 4 1 4 1 3 4 4 4 1 1 1 4 1 3
154 0.142857 3 2 3 1 4 3 1 3 3 3 3 3 4 1 3 2 2 1 3 3 1 4 2 3 1 3 2 1 1 4 1 2 1 4 4 1 2 3 3 4 1 2 1 2 1 4 1 3 1 3 2 3 3 4 1 3 4 2 4 3 3 3 1 1 3 4 1 1 1 2 1 4 1 3 4 1 1 2 1 1 4 1 4 1 4 1 3 4 4 4 1 1 1 4 1 3
154 0.142857 3 2 3 1 4 3 1 3 3 3 3 3 4 1 3 2 2 1 3 3 1 4 2 3 1 3 2 1 1 4 1 2 1 4 4 1 2 3 3 4 1 2 1 2 1 4 1 3 1 3 2 3 3 4 1 3 4 2 4 3 3 3 1 1 3 4 1 1 1 2 1 4 1 3 4 1 1 2 1 1 4 1 4 1 4 1 3 4 4 4 1 3 1 4 1 3
154 0.142857 3 2 3 1 4 3 1 3 3 3 3 3 4 1 3 2 2 1 3 3 1 4 2 3 1 3 2 1 1 4 1 2 1 4 4 1 2 0 3 4 1 2 1 2 1 4 1 3 1 3 2 3 1 4 1 3 4 2 4 3 3 3 1 1 3 4 1 1 1 2 1 4 1 3 4 1 1 2 1 1 4 1 4 1 4 1 3 4 4 4 1 1 1 4 1 3
154 0.142857 3 2 3 1 4 3 1 3 3 3 3 3 4 1 3 2 2 1 3 3 1 4 2 3 1 3 2 1 1 4 1 2 1 4 4 1 2 3 3 4 1 2 1 2 1 4 1 3 1 3 2 3 3 4 1 3 4 2 4 3 3 3 1 1 3 4 1 1 1 2 1 4 1 3 4 1 1 2 1 1 4 1 4 1 4 1 3 4 4 4 1 1 1 2 3 3
154 0.142857 3 2 3 3 4 3 1 3 3 3 3 3 4 1 3 2 1 3 3 3 1 4 4 3 1 3 2 1 1 4 1 2 1 4 1 1 2 3 3 4 1 2 1 2 1 4 1 3 1 3 2 3 3 4 1 3 4 2 4 3 3 3 1 1 3 4 1 1 1 2 1 4 1 3 4 1 1 2 1 1 4 1 4 1 4 1 3 4 4 4 1 1 1 4 1 3
154 0.142857 3 2 3 3 4 1 1 3 3 3 3 3 4 1 3 2 2 1 3 3 1 4 2 3 1 3 2 1 1 4 1 2 1 4 4 1 2 3 3 4 1 2 1 2 1 4 1 3 1 3 2 3 3 4 1 3 4 2 4 3 3 3 1 1 3 4 1 1 1 2 1 4 1 3 4 1 1 2 1 1 4 1 4 1 4 1 3 4 4 4 1 1 1 4 1 3
155 0.000105 1 2 1 3 4 3 1 3 3 3 3 3 4 1 3 2 1 3 3 3 1 4 2 3 1 3 2 1 1 4 1 2 1 4 4 1 2 3 3 1 1 2 1 2 1 2 1 1 1 3 2 1 3 3 1 3 4 2 2 3 1 3 1 1 3 4 1 1 1 2 1 4 1 3 4 1 1 2 1 3 4 1 4 1 4 1 3 4 4 4 1 1 1 4 1 3
155 0.142737 3 2 3 3 4 3 1 3 3 3 3 3 4 1 3 2 1 3 3 3 1 4 4 3 1 1 1 1 1 4 1 2 1 4 1 3 2 3 3 4 1 2 1 2 1 4 1 3 3 3 2 3 3 4 1 3 4 2 4 3 3 3 1 1 3 4 1 1 1 2 1 4 1 3 4 1 1 2 1 1 4 1 4 1 4 1 3 4 4 4 1 1 1 4 1 3
155 0.000105 3 2 3 3 4 3 1 3 3 3 3 3 4 1 3 2 1 3 3 3 1 4 2 3 1 3 2 1 1 4 1 2 1 4 1 1 2 3 3 4 1 2 1 2 1 4 1 3 1 3 2 3 3 4 1 3 4 2 4 3 3 3 1 1 3 4 1 1 1 2 1 4 1 3 4 1 1 2 1 1 4 1 4 1 4 1 3 4 4 4 1 1 1 4 1 3
155 0.142737 3 2 3 1 4 3 1 3 3 3 3 3 4 1 3 2 2 1 3 3 1 4 2 3 1 3 2 1 1 4 1 2 1 4 4 1 2 3 3 4 1 2 1 2 1 4 1 3 1 3 2 3 3 4 1 3 4 2 4 3 3 3 1 1 3 4 1 1 1 2 1 4 1 3 4 1 1 2 1 1 4 1 4 1 4 1 3 4 4 4 1 1 1 4 1 3
155 0.000105 3 2 3 3 4 3 1 3 3 3 3 3 4 1 3 2 1 3 3 3 1 4 2 3 1 3 2 1 1 4 1 2 3 4 4 1 2 3 3 4 3 2 1 2 1 4 1 3 1 3 2 3 3 4 1 3 4 4 4 3 3 3 1 1 3 4 1 1 1 2 1 4 1 3 4 1 1 2 1 1 4 3 4 1 4 1 3 4 4 4 1 1 1 4 1 3
155 0.142737 3 2 3 1 4 3 1 3 3 3 3 3 4 1 3 2 2 1 3 3 1 4 2 3 1 3 2 1 1 4 1 2 1 4 4 1 2 3 3 4 1 2 1 2 1 4 1 3 1 3 2 3 3 4 1 3 4 2 4 3 3 3 1 1 3 4 1 1 1 2 1 4 1 3 4 1 1 2 1 1 4 1 4 1 4 1 3 4 4 4 1 3 1 4 1 3
155 0.000105 3 2 3 3 4 3 1 3 3 3 3 3 4 1 3 2 1 3 3 3 1 4 2 3 1 3 2 1 1 4 1 2 1 4 4 1 2 3 3 4 3 2 1 2 1 4 1 3 1 3 2 3 3 4 1 3 4 2 4 3 3 3 1 1 3 4 1 1 1 2 1 4 1 3 4 1 1 2 1 1 4 1 4 1 4 1 3 4 4 4 1 1 1 4 1 3
155 0.000105 3 2 3 3 4 3 1 3 3 3 3 3 4 1 3 2 1 3 1 3 1 4 2 3 1 3 2 1 1 4 3 2 1 4 4 1 2 3 3 4 1 2 1 2 1 4 1 3 1 3 2 3 3 4 1 3 4 2 4 3 3 3 1 1 3 4 1 1 1 2 1 4 1 3 4 1 1 2 1 1 4 1 4 1 4 1 3 4 2 4 1 1 1 4 1 3
155 0.000105 3 2 3 1 4 3 1 3 3 3 3 3 4 1 3 2 1 3 3 3 1 4 4 3 1 3 2 1 1 4 1 2 1 3 1 1 2 3 3 4 1 2 3 2 1 4 1 3 1 3 2 3 3 4 1 3 4 2 4 3 3 3 1 1 3 4 1 1 1 2 1 4 1 3 4 1 1 2 1 1 4 1 4 1 4 3 3 4 4 4 1 1 3 4 1 3
155 0.142737 3 2 3 1 4 3 1 3 3 3 3 3 4 1 3 2 2 1 3 3 1 4 2 3 1 3 2 1 1 4 1 2 1 4 4 1 2 0 3 4 1 2 1 2 1 4 1 3 1 3 2 3 1 4 1 3 4 2 4 3 3 3 1 1 3 4 1 1 1 2 1 4 1 3 4 1 1 2 1 1 4 1 4 1 4 1 3 4 4 4 1 1 1 4 1 3
155 0.142737 3 2 3 1 4 3 1 3 3 3 3 3 4 1 3 2 2 1 3 3 1 4 2 3 1 3 2 1 1 4 1 2 1 4 4 1 2 3 3 4 1 2 1 2 1 4 1 3 1 3 2 3 3 4 1 3 4 2 4 3 3 3 1 1 3 4 1 1 1 2 1 4 1 3 4 1 1 2 1 1 4 1 4 1 4 1 3 4 4 4 1 1 1 2 3 3
155 0.142737 3 2 3 3 4 3 1 3 3 3 3 3 4 1 3 2 1 3 3 3 1 4 4 3 1 3 2 1 1 4 1 2 1 4 1 1 2 3 3 4 1 2 1 2 1 4 1 3 1 3 2 3 3 4 1 3 4 2 4 3 3 3 1 1 3 4 1 1 1 2 1 4 1 3 4 1 1 2 1 1 4 1 4 1 4 1 3 4 4 4 1 1 1 4 1 3
155 0.000105 3 2 3 1 4 3 1 3 3 3 3 3 4 1 3 2 1 3 3 3 1 4 4 3 1 3 2 1 1 4 1 2 1 3 1 1 2 3 3 4 1 2 3 2 1 4 1 3 1 3 2 3 3 4 1 3 4 2 4 3 3 3 1 1 3 4 1 1 1 2 1 4 1 3 4 1 1 2 1 1 4 1 4 1 4 3 3 4 4 4 1 1 1 4 1 3
155 0.000105 3 2 3 3 4 3 1 1 3 3 3 3 4 1 3 4 2 1 3 3 1 2 2 1 1 3 2 1 1 3 1 4 1 4 4 1 2 3 3 4 1 4 1 2 1 4 1 3 1 3 2 3 3 4 3 3 4 2 4 3 3 0 0 0 0 0 0 0 0 0 0 0 0 0 0 0 0 0 0 1 4 1 4 1 4 1 3 4 4 4 3 1 1 4 1 3
155 0.142737 3 2 3 3 4 1 1 3 3 3 3 3 4 1 3 2 2 1 3 3 1 4 2 3 1 3 2 1 1 4 1 2 1 4 4 1 2 3 3 4 1 2 1 2 1 4 1 3 1 3 2 3 3 4 1 3 4 2 4 3 3 3 1 1 3 4 1 1 1 2 1 4 1 3 4 1 1 2 1 1 4 1 4 1 4 1 3 4 4 4 1 1 1 4 1 3
156 0.000223 1 2 1 3 4 3 1 3 3 3 3 3 4 1 3 2 1 3 3 3 1 4 2 3 1 3 2 1 1 4 1 2 1 4 4 1 2 3 3 1 1 2 1 2 1 2 1 1 1 3 2 1 3 3 1 3 4 2 2 3 1 3 1 1 3 4 1 1 1 2 1 4 1 3 4 1 1 2 1 3 4 1 4 1 4 1 3 4 4 4 1 1 1 4 1 3
156 0.142602 3 2 3 3 4 3 1 3 3 3 3 3 4 1 3 2 1 3 3 3 1 4 4 3 1 1 1 1 1 4 1 2 1 4 1 3 2 3 3 4 1 2 1 2 1 4 1 3 3 3 2 3 3 4 1 3 4 2 4 3 3 3 1 1 3 4 1 1 1 2 1 4 1 3 4 1 1 2 1 1 4 1 4 1 4 1 3 4 4 4 1 1 1 4 1 3
156 0.000223 3 2 3 3 4 3 1 3 3 3 3 3 4 1 3 2 1 3 3 3 1 4 2 3 1 3 2 1 1 4 1 2 1 4 1 1 2 3 3 4 1 2 1 2 1 4 1 3 1 3 2 3 3 4 1 3 4 2 4 3 3 3 1 1 3 4 1 1 1 2 1 4 1 3 4 1 1 2 1 1 4 1 4 1 4 1 3 4 4 4 1 1 1 4 1 3
156 0.142602 3 2 3 1 4 3 1 3 3 3 3 3 4 1 3 2 2 1 3 3 1 4 2 3 1 3 2 1 1 4 1 2 1 4 4 1 2 3 3 4 1 2 1 2 1 4 1 3 1 3 2 3 3 4 1 3 4 2 4 3 3 3 1 1 3 4 1 1 1 2 1 4 1 3 4 1 1 2 1 1 4 1 4 1 4 1 3 4 4 4 1 1 1 4 1 3
156 0.000223 3 2 3 3 4 3 1 3 3 3 3 3 4 1 3 2 1 3 3 3 1 4 2 3 1 3 2 1 1 4 1 2 3 4 4 1 2 3 3 4 3 2 1 2 1 4 1 3 1 3 2 3 3 4 1 3 4 4 4 3 3 3 1 1 3 4 1 1 1 2 1 4 1 3 4 1 1 2 1 1 4 3 4 1 4 1 3 4 4 4 1 1 1 4 1 3
156 0.142602 3 2 3 1 4 3 1 3 3 3 3 3 4 1 3 2 2 1 3 3 1 4 2 3 1 3 2 1 1 4 1 2 1 4 4 1 2 3 3 4 1 2 1 2 1 4 1 3 1 3 2 3 3 4 1 3 4 2 4 3 3 3 1 1 3 4 1 1 1 2 1 4 1 3 4 1 1 2 1 1 4 1 4 1 4 1 3 4 4 4 1 3 1 4 1 3
156 0.000223 3 2 3 3 4 3 1 3 3 3 3 3 4 1 3 2 1 3 3 3 1 4 2 3 1 3 2 1 1 4 1 2 1 4 4 1 2 3 3 4 3 2 1 2 1 4 1 3 1 3 2 3 3 4 1 3 4 2 4 3 3 3 1 1 3 4 1 1 1 2 1 4 1 3 4 1 1 2 1 1 4 1 4 1 4 1 3 4 4 4 1 1 1 4 1 3
156 0.000223 3 2 3 3 4 3 1 3 3 3 3 3 4 1 3 2 1 3 1 3 1 4 2 3 1 3 2 1 1 4 3 2 1 4 4 1 2 3 3 4 1 2 1 2 1 4 1 3 1 3 2 3 3 4 1 3 4 2 4 3 3 3 1 1 3 4 1 1 1 2 1 4 1 3 4 1 1 2 1 1 4 1 4 1 4 1 3 4 2 4 1 1 1 4 1 3
156 0.000223 3 2 3 1 4 3 1 3 3 3 3 3 4 1 3 2 1 3 3 3 1 4 4 3 1 3 2 1 1 4 1 2 1 3 1 1 2 3 3 4 1 2 3 2 1 4 1 3 1 3 2 3 3 4 1 3 4 2 4 3 3 3 1 1 3 4 1 1 1 2 1 4 1 3 4 1 1 2 1 1 4 1 4 1 4 3 3 4 4 4 1 1 3 4 1 3
156 0.142602 3 2 3 1 4 3 1 3 3 3 3 3 4 1 3 2 2 1 3 3 1 4 2 3 1 3 2 1 1 4 1 2 1 4 4 1 2 0 3 4 1 2 1 2 1 4 1 3 1 3 2 3 1 4 1 3 4 2 4 3 3 3 1 1 3 4 1 1 1 2 1 4 1 3 4 1 1 2 1 1 4 1 4 1 4 1 3 4 4 4 1 1 1 4 1 3
156 0.142602 3 2 3 1 4 3 1 3 3 3 3 3 4 1 3 2 2 1 3 3 1 4 2 3 1 3 2 1 1 4 1 2 1 4 4 1 2 3 3 4 1 2 1 2 1 4 1 3 1 3 2 3 3 4 1 3 4 2 4 3 3 3 1 1 3 4 1 1 1 2 1 4 1 3 4 1 1 2 1 1 4 1 4 1 4 1 3 4 4 4 1 1 1 2 3 3
156 0.142602 3 2 3 3 4 3 1 3 3 3 3 3 4 1 3 2 1 3 3 3 1 4 4 3 1 3 2 1 1 4 1 2 1 4 1 1 2 3 3 4 1 2 1 2 1 4 1 3 1 3 2 3 3 4 1 3 4 2 4 3 3 3 1 1 3 4 1 1 1 2 1 4 1 3 4 1 1 2 1 1 4 1 4 1 4 1 3 4 4 4 1 1 1 4 1 3
156 0.000223 3 2 3 1 4 3 1 3 3 3 3 3 4 1 3 2 1 3 3 3 1 4 4 3 1 3 2 1 1 4 1 2 1 3 1 1 2 3 3 4 1 2 3 2 1 4 1 3 1 3 2 3 3 4 1 3 4 2 4 3 3 3 1 1 3 4 1 1 1 2 1 4 1 3 4 1 1 2 1 1 4 1 4 1 4 3 3 4 4 4 1 1 1 4 1 3
156 0.000223 3 2 3 3 4 3 1 1 3 3 3 3 4 1 3 4 2 1 3 3 1 2 2 1 1 3 2 1 1 3 1 4 1 4 4 1 2 3 3 4 1 4 1 2 1 4 1 3 1 3 2 3 3 4 3 3 4 2 4 3 3 0 0 0 0 0 0 0 0 0 0 0 0 0 0 0 0 0 0 1 4 1 4 1 4 1 3 4 4 4 3 1 1 4 1 3
156 0.142602 3 2 3 3 4 1 1 3 3 3 3 3 4 1 3 2 2 1 3 3 1 4 2 3 1 3 2 1 1 4 1 2 1 4 4 1 2 3 3 4 1 2 1 2 1 4 1 3 1 3 2 3 3 4 1 3 4 2 4 3 3 3 1 1 3 4 1 1 1 2 1 4 1 3 4 1 1 2 1 1 4 1 4 1 4 1 3 4 4 4 1 1 1 4 1 3
157 0.000355 1 2 1 3 4 3 1 3 3 3 3 3 4 1 3 2 1 3 3 3 1 4 2 3 1 3 2 1 1 4 1 2 1 4 4 1 2 3 3 1 1 2 1 2 1 2 1 1 1 3 2 1 3 3 1 3 4 2 2 3 1 3 1 1 3 4 1 1 1 2 1 4 1 3 4 1 1 2 1 3 4 1 4 1 4 1 3 4 4 4 1 1 1 4 1 3
157 0.142451 3 2 3 3 4 3 1 3 3 3 3 3 4 1 3 2 1 3 3 3 1 4 4 3 1 1 1 1 1 4 1 2 1 4 1 3 2 3 3 4 1 2 1 2 1 4 1 3 3 3 2 3 3 4 1 3 4 2 4 3 3 3 1 1 3 4 1 1 1 2 1 4 1 3 4 1 1 2 1 1 4 1 4 1 4 1 3 4 4 4 1 1 1 4 1 3
157 0.000355 3 2 3 3 4 3 1 3 3 3 3 3 4 1 3 2 1 3 3 3 1 4 2 3 1 3 2 1 1 4 1 2 1 4 1 1 2 3 3 4 1 2 1 2 1 4 1 3 1 3 2 3 3 4 1 3 4 2 4 3 3 3 1 1 3 4 1 1 1 2 1 4 1 3 4 1 1 2 1 1 4 1 4 1 4 1 3 4 4 4 1 1 1 4 1 3
157 0.142451 3 2 3 1 4 3 1 3 3 3 3 3 4 1 3 2 2 1 3 3 1 4 2 3 1 3 2 1 1 4 1 2 1 4 4 1 2 3 3 4 1 2 1 2 1 4 1 3 1 3 2 3 3 4 1 3 4 2 4 3 3 3 1 1 3 4 1 1 1 2 1 4 1 3 4 1 1 2 1 1 4 1 4 1 4 1 3 4 4 4 1 1 1 4 1 3
157 0.000355 3 2 3 3 4 3 1 3 3 3 3 3 4 1 3 2 1 3 3 3 1 4 2 3 1 3 2 1 1 4 1 2 3 4 4 1 2 3 3 4 3 2 1 2 1 4 1 3 1 3 2 3 3 4 1 3 4 4 4 3 3 3 1 1 3 4 1 1 1 2 1 4 1 3 4 1 1 2 1 1 4 3 4 1 4 1 3 4 4 4 1 1 1 4 1 3
157 0.142451 3 2 3 1 4 3 1 3 3 3 3 3 4 1 3 2 2 1 3 3 1 4 2 3 1 3 2 1 1 4 1 2 1 4 4 1 2 3 3 4 1 2 1 2 1 4 1 3 1 3 2 3 3 4 1 3 4 2 4 3 3 3 1 1 3 4 1 1 1 2 1 4 1 3 4 1 1 2 1 1 4 1 4 1 4 1 3 4 4 4 1 3 1 4 1 3
157 0.000355 3 2 3 3 4 3 1 3 3 3 3 3 4 1 3 2 1 3 3 3 1 4 2 3 1 3 2 1 1 4 1 2 1 4 4 1 2 3 3 4 3 2 1 2 1 4 1 3 1 3 2 3 3 4 1 3 4 2 4 3 3 3 1 1 3 4 1 1 1 2 1 4 1 3 4 1 1 2 1 1 4 1 4 1 4 1 3 4 4 4 1 1 1 4 1 3
157 0.000355 3 2 3 3 4 3 1 3 3 3 3 3 4 1 3 2 1 3 1 3 1 4 2 3 1 3 2 1 1 4 3 2 1 4 4 1 2 3 3 4 1 2 1 2 1 4 1 3 1 3 2 3 3 4 1 3 4 2 4 3 3 3 1 1 3 4 1 1 1 2 1 4 1 3 4 1 1 2 1 1 4 1 4 1 4 1 3 4 2 4 1 1 1 4 1 3
157 0.000355 3 2 3 1 4 3 1 3 3 3 3 3 4 1 3 2 1 3 3 3 1 4 4 3 1 3 2 1 1 4 1 2 1 3 1 1 2 3 3 4 1 2 3 2 1 4 1 3 1 3 2 3 3 4 1 3 4 2 4 3 3 3 1 1 3 4 1 1 1 2 1 4 1 3 4 1 1 2 1 1 4 1 4 1 4 3 3 4 4 4 1 1 3 4 1 3
157 0.142451 3 2 3 1 4 3 1 3 3 3 3 3 4 1 3 2 2 1 3 3 1 4 2 3 1 3 2 1 1 4 1 2 1 4 4 1 2 0 3 4 1 2 1 2 1 4 1 3 1 3 2 3 1 4 1 3 4 2 4 3 3 3 1 1 3 4 1 1 1 2 1 4 1 3 4 1 1 2 1 1 4 1 4 1 4 1 3 4 4 4 1 1 1 4 1 3
157 0.142451 3 2 3 1 4 3 1 3 3 3 3 3 4 1 3 2 2 1 3 3 1 4 2 3 1 3 2 1 1 4 1 2 1 4 4 1 2 3 3 4 1 2 1 2 1 4 1 3 1 3 2 3 3 4 1 3 4 2 4 3 3 3 1 1 3 4 1 1 1 2 1 4 1 3 4 1 1 2 1 1 4 1 4 1 4 1 3 4 4 4 1 1 1 2 3 3
157 0.142451 3 2 3 3 4 3 1 3 3 3 3 3 4 1 3 2 1 3 3 3 1 4 4 3 1 3 2 1 1 4 1 2 1 4 1 1 2 3 3 4 1 2 1 2 1 4 1 3 1 3 2 3 3 4 1 3 4 2 4 3 3 3 1 1 3 4 1 1 1 2 1 4 1 3 4 1 1 2 1 1 4 1 4 1 4 1 3 4 4 4 1 1 1 4 1 3
157 0.000355 3 2 3 1 4 3 1 3 3 3 3 3 4 1 3 2 1 3 3 3 1 4 4 3 1 3 2 1 1 4 1 2 1 3 1 1 2 3 3 4 1 2 3 2 1 4 1 3 1 3 2 3 3 4 1 3 4 2 4 3 3 3 1 1 3 4 1 1 1 2 1 4 1 3 4 1 1 2 1 1 4 1 4 1 4 3 3 4 4 4 1 1 1 4 1 3
157 0.000355 3 2 3 3 4 3 1 1 3 3 3 3 4 1 3 4 2 1 3 3 1 2 2 1 1 3 2 1 1 3 1 4 1 4 4 1 2 3 3 4 1 4 1 2 1 4 1 3 1 3 2 3 3 4 3 3 4 2 4 3 3 0 0 0 0 0 0 0 0 0 0 0 0 0 0 0 0 0 0 1 4 1 4 1 4 1 3 4 4 4 3 1 1 4 1 3
157 0.142451 3 2 3 3 4 1 1 3 3 3 3 3 4 1 3 2 2 1 3 3 1 4 2 3 1 3 2 1 1 4 1 2 1 4 4 1 2 3 3 4 1 2 1 2 1 4 1 3 1 3 2 3 3 4 1 3 4 2 4 3 3 3 1 1 3 4 1 1 1 2 1 4 1 3 4 1 1 2 1 1 4 1 4 1 4 1 3 4 4 4 1 1 1 4 1 3
158 0.000504 1 2 1 3 4 3 1 3 3 3 3 3 4 1 3 2 1 3 3 3 1 4 2 3 1 3 2 1 1 4 1 2 1 4 4 1 2 3 3 1 1 2 1 2 1 2 1 1 1 3 2 1 3 3 1 3 4 2 2 3 1 3 1 1 3 4 1 1 1 2 1 4 1 3 4 1 1 2 1 3 4 1 4 1 4 1 3 4 4 4 1 1 1 4 1 3
158 0.142281 3 2 3 3 4 3 1 3 3 3 3 3 4 1 3 2 1 3 3 3 1 4 4 3 1 1 1 1 1 4 1 2 1 4 1 3 2 3 3 4 1 2 1 2 1 4 1 3 3 3 2 3 3 4 1 3 4 2 4 3 3 3 1 1 3 4 1 1 1 2 1 4 1 3 4 1 1 2 1 1 4 1 4 1 4 1 3 4 4 4 1 1 1 4 1 3
158 0.000504 3 2 3 3 4 3 1 3 3 3 3 3 4 1 3 2 1 3 3 3 1 4 2 3 1 3 2 1 1 4 1 2 1 4 1 1 2 3 3 4 1 2 1 2 1 4 1 3 1 3 2 3 3 4 1 3 4 2 4 3 3 3 1 1 3 4 1 1 1 2 1 4 1 3 4 1 1 2 1 1 4 1 4 1 4 1 3 4 4 4 1 1 1 4 1 3
158 0.142281 3 2 3 1 4 3 1 3 3 3 3 3 4 1 3 2 2 1 3 3 1 4 2 3 1 3 2 1 1 4 1 2 1 4 4 1 2 3 3 4 1 2 1 2 1 4 1 3 1 3 2 3 3 4 1 3 4 2 4 3 3 3 1 1 3 4 1 1 1 2 1 4 1 3 4 1 1 2 1 1 4 1 4 1 4 1 3 4 4 4 1 1 1 4 1 3
158 0.000504 3 2 3 3 4 3 1 3 3 3 3 3 4 1 3 2 1 3 3 3 1 4 2 3 1 3 2 1 1 4 1 2 3 4 4 1 2 3 3 4 3 2 1 2 1 4 1 3 1 3 2 3 3 4 1 3 4 4 4 3 3 3 1 1 3 4 1 1 1 2 1 4 1 3 4 1 1 2 1 1 4 3 4 1 4 1 3 4 4 4 1 1 1 4 1 3
158 0.142281 3 2 3 1 4 3 1 3 3 3 3 3 4 1 3 2 2 1 3 3 1 4 2 3 1 3 2 1 1 4 1 2 1 4 4 1 2 3 3 4 1 2 1 2 1 4 1 3 1 3 2 3 3 4 1 3 4 2 4 3 3 3 1 1 3 4 1 1 1 2 1 4 1 3 4 1 1 2 1 1 4 1 4 1 4 1 3 4 4 4 1 3 1 4 1 3
158 0.000504 3 2 3 3 4 3 1 3 3 3 3 3 4 1 3 2 1 3 3 3 1 4 2 3 1 3 2 1 1 4 1 2 1 4 4 1 2 3 3 4 3 2 1 2 1 4 1 3 1 3 2 3 3 4 1 3 4 2 4 3 3 3 1 1 3 4 1 1 1 2 1 4 1 3 4 1 1 2 1 1 4 1 4 1 4 1 3 4 4 4 1 1 1 4 1 3
158 0.000504 3 2 3 3 4 3 1 3 3 3 3 3 4 1 3 2 1 3 1 3 1 4 2 3 1 3 2 1 1 4 3 2 1 4 4 1 2 3 3 4 1 2 1 2 1 4 1 3 1 3 2 3 3 4 1 3 4 2 4 3 3 3 1 1 3 4 1 1 1 2 1 4 1 3 4 1 1 2 1 1 4 1 4 1 4 1 3 4 2 4 1 1 1 4 1 3
158 0.000504 3 2 3 1 4 3 1 3 3 3 3 3 4 1 3 2 1 3 3 3 1 4 4 3 1 3 2 1 1 4 1 2 1 3 1 1 2 3 3 4 1 2 3 2 1 4 1 3 1 3 2 3 3 4 1 3 4 2 4 3 3 3 1 1 3 4 1 1 1 2 1 4 1 3 4 1 1 2 1 1 4 1 4 1 4 3 3 4 4 4 1 1 3 4 1 3
158 0.142281 3 2 3 1 4 3 1 3 3 3 3 3 4 1 3 2 2 1 3 3 1 4 2 3 1 3 2 1 1 4 1 2 1 4 4 1 2 0 3 4 1 2 1 2 1 4 1 3 1 3 2 3 1 4 1 3 4 2 4 3 3 3 1 1 3 4 1 1 1 2 1 4 1 3 4 1 1 2 1 1 4 1 4 1 4 1 3 4 4 4 1 1 1 4 1 3
158 0.142281 3 2 3 1 4 3 1 3 3 3 3 3 4 1 3 2 2 1 3 3 1 4 2 3 1 3 2 1 1 4 1 2 1 4 4 1 2 3 3 4 1 2 1 2 1 4 1 3 1 3 2 3 3 4 1 3 4 2 4 3 3 3 1 1 3 4 1 1 1 2 1 4 1 3 4 1 1 2 1 1 4 1 4 1 4 1 3 4 4 4 1 1 1 2 3 3
158 0.142281 3 2 3 3 4 3 1 3 3 3 3 3 4 1 3 2 1 3 3 3 1 4 4 3 1 3 2 1 1 4 1 2 1 4 1 1 2 3 3 4 1 2 1 2 1 4 1 3 1 3 2 3 3 4 1 3 4 2 4 3 3 3 1 1 3 4 1 1 1 2 1 4 1 3 4 1 1 2 1 1 4 1 4 1 4 1 3 4 4 4 1 1 1 4 1 3
158 0.000504 3 2 3 1 4 3 1 3 3 3 3 3 4 1 3 2 1 3 3 3 1 4 4 3 1 3 2 1 1 4 1 2 1 3 1 1 2 3 3 4 1 2 3 2 1 4 1 3 1 3 2 3 3 4 1 3 4 2 4 3 3 3 1 1 3 4 1 1 1 2 1 4 1 3 4 1 1 2 1 1 4 1 4 1 4 3 3 4 4 4 1 1 1 4 1 3
158 0.000504 3 2 3 3 4 3 1 1 3 3 3 3 4 1 3 4 2 1 3 3 1 2 2 1 1 3 2 1 1 3 1 4 1 4 4 1 2 3 3 4 1 4 1 2 1 4 1 3 1 3 2 3 3 4 3 3 4 2 4 3 3 0 0 0 0 0 0 0 0 0 0 0 0 0 0 0 0 0 0 1 4 1 4 1 4 1 3 4 4 4 3 1 1 4 1 3
158 0.142281 3 2 3 3 4 1 1 3 3 3 3 3 4 1 3 2 2 1 3 3 1 4 2 3 1 3 2 1 1 4 1 2 1 4 4 1 2 3 3 4 1 2 1 2 1 4 1 3 1 3 2 3 3 4 1 3 4 2 4 3 3 3 1 1 3 4 1 1 1 2 1 4 1 3 4 1 1 2 1 1 4 1 4 1 4 1 3 4 4 4 1 1 1 4 1 3
159 0.000671 1 2 1 3 4 3 1 3 3 3 3 3 4 1 3 2 1 3 3 3 1 4 2 3 1 3 2 1 1 4 1 2 1 4 4 1 2 3 3 1 1 2 1 2 1 2 1 1 1 3 2 1 3 3 1 3 4 2 2 3 1 3 1 1 3 4 1 1 1 2 1 4 1 3 4 1 1 2 1 3 4 1 4 1 4 1 3 4 4 4 1 1 1 4 1 3
159 0.142090 3 2 3 3 4 3 1 3 3 3 3 3 4 1 3 2 1 3 3 3 1 4 4 3 1 1 1 1 1 4 1 2 1 4 1 3 2 3 3 4 1 2 1 2 1 4 1 3 3 3 2 3 3 4 1 3 4 2 4 3 3 3 1 1 3 4 1 1 1 2 1 4 1 3 4 1 1 2 1 1 4 1 4 1 4 1 3 4 4 4 1 1 1 4 1 3
159 0.000671 3 2 3 3 4 3 1 3 3 3 3 3 4 1 3 2 1 3 3 3 1 4 2 3 1 3 2 1 1 4 1 2 1 4 1 1 2 3 3 4 1 2 1 2 1 4 1 3 1 3 2 3 3 4 1 3 4 2 4 3 3 3 1 1 3 4 1 1 1 2 1 4 1 3 4 1 1 2 1 1 4 1 4 1 4 1 3 4 4 4 1 1 1 4 1 3
159 0.142090 3 2 3 1 4 3 1 3 3 3 3 3 4 1 3 2 2 1 3 3 1 4 2 3 1 3 2 1 1 4 1 2 1 4 4 1 2 3 3 4 1 2 1 2 1 4 1 3 1 3 2 3 3 4 1 3 4 2 4 3 3 3 1 1 3 4 1 1 1 2 1 4 1 3 4 1 1 2 1 1 4 1 4 1 4 1 3 4 4 4 1 1 1 4 1 3
159 0.000671 3 2 3 3 4 3 1 3 3 3 3 3 4 1 3 2 1 3 3 3 1 4 2 3 1 3 2 1 1 4 1 2 3 4 4 1 2 3 3 4 3 2 1 2 1 4 1 3 1 3 2 3 3 4 1 3 4 4 4 3 3 3 1 1 3 4 1 1 1 2 1 4 1 3 4 1 1 2 1 1 4 3 4 1 4 1 3 4 4 4 1 1 1 4 1 3
159 0.142090 3 2 3 1 4 3 1 3 3 3 3 3 4 1 3 2 2 1 3 3 1 4 2 3 1 3 2 1 1 4 1 2 1 4 4 1 2 3 3 4 1 2 1 2 1 4 1 3 1 3 2 3 3 4 1 3 4 2 4 3 3 3 1 1 3 4 1 1 1 2 1 4 1 3 4 1 1 2 1 1 4 1 4 1 4 1 3 4 4 4 1 3 1 4 1 3
159 0.000671 3 2 3 3 4 3 1 3 3 3 3 3 4 1 3 2 1 3 3 3 1 4 2 3 1 3 2 1 1 4 1 2 1 4 4 1 2 3 3 4 3 2 1 2 1 4 1 3 1 3 2 3 3 4 1 3 4 2 4 3 3 3 1 1 3 4 1 1 1 2 1 4 1 3 4 1 1 2 1 1 4 1 4 1 4 1 3 4 4 4 1 1 1 4 1 3
159 0.000671 3 2 3 3 4 3 1 3 3 3 3 3 4 1 3 2 1 3 1 3 1 4 2 3 1 3 2 1 1 4 3 2 1 4 4 1 2 3 3 4 1 2 1 2 1 4 1 3 1 3 2 3 3 4 1 3 4 2 4 3 3 3 1 1 3 4 1 1 1 2 1 4 1 3 4 1 1 2 1 1 4 1 4 1 4 1 3 4 2 4 1 1 1 4 1 3
159 0.000671 3 2 3 1 4 3 1 3 3 3 3 3 4 1 3 2 1 3 3 3 1 4 4 3 1 3 2 1 1 4 1 2 1 3 1 1 2 3 3 4 1 2 3 2 1 4 1 3 1 3 2 3 3 4 1 3 4 2 4 3 3 3 1 1 3 4 1 1 1 2 1 4 1 3 4 1 1 2 1 1 4 1 4 1 4 3 3 4 4 4 1 1 3 4 1 3
159 0.142090 3 2 3 1 4 3 1 3 3 3 3 3 4 1 3 2 2 1 3 3 1 4 2 3 1 3 2 1 1 4 1 2 1 4 4 1 2 0 3 4 1 2 1 2 1 4 1 3 1 3 2 3 1 4 1 3 4 2 4 3 3 3 1 1 3 4 1 1 1 2 1 4 1 3 4 1 1 2 1 1 4 1 4 1 4 1 3 4 4 4 1 1 1 4 1 3
159 0.142090 3 2 3 1 4 3 1 3 3 3 3 3 4 1 3 2 2 1 3 3 1 4 2 3 1 3 2 1 1 4 1 2 1 4 4 1 2 3 3 4 1 2 1 2 1 4 1 3 1 3 2 3 3 4 1 3 4 2 4 3 3 3 1 1 3 4 1 1 1 2 1 4 1 3 4 1 1 2 1 1 4 1 4 1 4 1 3 4 4 4 1 1 1 2 3 3
159 0.142090 3 2 3 3 4 3 1 3 3 3 3 3 4 1 3 2 1 3 3 3 1 4 4 3 1 3 2 1 1 4 1 2 1 4 1 1 2 3 3 4 1 2 1 2 1 4 1 3 1 3 2 3 3 4 1 3 4 2 4 3 3 3 1 1 3 4 1 1 1 2 1 4 1 3 4 1 1 2 1 1 4 1 4 1 4 1 3 4 4 4 1 1 1 4 1 3
159 0.000671 3 2 3 1 4 3 1 3 3 3 3 3 4 1 3 2 1 3 3 3 1 4 4 3 1 3 2 1 1 4 1 2 1 3 1 1 2 3 3 4 1 2 3 2 1 4 1 3 1 3 2 3 3 4 1 3 4 2 4 3 3 3 1 1 3 4 1 1 1 2 1 4 1 3 4 1 1 2 1 1 4 1 4 1 4 3 3 4 4 4 1 1 1 4 1 3
159 0.000671 3 2 3 3 4 3 1 1 3 3 3 3 4 1 3 4 2 1 3 3 1 2 2 1 1 3 2 1 1 3 1 4 1 4 4 1 2 3 3 4 1 4 1 2 1 4 1 3 1 3 2 3 3 4 3 3 4 2 4 3 3 0 0 0 0 0 0 0 0 0 0 0 0 0 0 0 0 0 0 1 4 1 4 1 4 1 3 4 4 4 3 1 1 4 1 3
159 0.142090 3 2 3 3 4 1 1 3 3 3 3 3 4 1 3 2 2 1 3 3 1 4 2 3 1 3 2 1 1 4 1 2 1 4 4 1 2 3 3 4 1 2 1 2 1 4 1 3 1 3 2 3 3 4 1 3 4 2 4 3 3 3 1 1 3 4 1 1 1 2 1 4 1 3 4 1 1 2 1 1 4 1 4 1 4 1 3 4 4 4 1 1 1 4 1 3
160 0.000858 1 2 1 3 4 3 1 3 3 3 3 3 4 1 3 2 1 3 3 3 1 4 2 3 1 3 2 1 1 4 1 2 1 4 4 1 2 3 3 1 1 2 1 2 1 2 1 1 1 3 2 1 3 3 1 3 4 2 2 3 1 3 1 1 3 4 1 1 1 2 1 4 1 3 4 1 1 2 1 3 4 1 4 1 4 1 3 4 4 4 1 1 1 4 1 3
160 0.141877 3 2 3 3 4 3 1 3 3 3 3 3 4 1 3 2 1 3 3 3 1 4 4 3 1 1 1 1 1 4 1 2 1 4 1 3 2 3 3 4 1 2 1 2 1 4 1 3 3 3 2 3 3 4 1 3 4 2 4 3 3 3 1 1 3 4 1 1 1 2 1 4 1 3 4 1 1 2 1 1 4 1 4 1 4 1 3 4 4 4 1 1 1 4 1 3
160 0.000858 3 2 3 3 4 3 1 3 3 3 3 3 4 1 3 2 1 3 3 3 1 4 2 3 1 3 2 1 1 4 1 2 1 4 1 1 2 3 3 4 1 2 1 2 1 4 1 3 1 3 2 3 3 4 1 3 4 2 4 3 3 3 1 1 3 4 1 1 1 2 1 4 1 3 4 1 1 2 1 1 4 1 4 1 4 1 3 4 4 4 1 1 1 4 1 3
160 0.141877 3 2 3 1 4 3 1 3 3 3 3 3 4 1 3 2 2 1 3 3 1 4 2 3 1 3 2 1 1 4 1 2 1 4 4 1 2 3 3 4 1 2 1 2 1 4 1 3 1 3 2 3 3 4 1 3 4 2 4 3 3 3 1 1 3 4 1 1 1 2 1 4 1 3 4 1 1 2 1 1 4 1 4 1 4 1 3 4 4 4 1 1 1 4 1 3
160 0.000858 3 2 3 3 4 3 1 3 3 3 3 3 4 1 3 2 1 3 3 3 1 4 2 3 1 3 2 1 1 4 1 2 3 4 4 1 2 3 3 4 3 2 1 2 1 4 1 3 1 3 2 3 3 4 1 3 4 4 4 3 3 3 1 1 3 4 1 1 1 2 1 4 1 3 4 1 1 2 1 1 4 3 4 1 4 1 3 4 4 4 1 1 1 4 1 3
160 0.141877 3 2 3 1 4 3 1 3 3 3 3 3 4 1 3 2 2 1 3 3 1 4 2 3 1 3 2 1 1 4 1 2 1 4 4 1 2 3 3 4 1 2 1 2 1 4 1 3 1 3 2 3 3 4 1 3 4 2 4 3 3 3 1 1 3 4 1 1 1 2 1 4 1 3 4 1 1 2 1 1 4 1 4 1 4 1 3 4 4 4 1 3 1 4 1 3
160 0.000858 3 2 3 3 4 3 1 3 3 3 3 3 4 1 3 2 1 3 3 3 1 4 2 3 1 3 2 1 1 4 1 2 1 4 4 1 2 3 3 4 3 2 1 2 1 4 1 3 1 3 2 3 3 4 1 3 4 2 4 3 3 3 1 1 3 4 1 1 1 2 1 4 1 3 4 1 1 2 1 1 4 1 4 1 4 1 3 4 4 4 1 1 1 4 1 3
160 0.000858 3 2 3 3 4 3 1 3 3 3 3 3 4 1 3 2 1 3 1 3 1 4 2 3 1 3 2 1 1 4 3 2 1 4 4 1 2 3 3 4 1 2 1 2 1 4 1 3 1 3 2 3 3 4 1 3 4 2 4 3 3 3 1 1 3 4 1 1 1 2 1 4 1 3 4 1 1 2 1 1 4 1 4 1 4 1 3 4 2 4 1 1 1 4 1 3
160 0.000858 3 2 3 1 4 3 1 3 3 3 3 3 4 1 3 2 1 3 3 3 1 4 4 3 1 3 2 1 1 4 1 2 1 3 1 1 2 3 3 4 1 2 3 2 1 4 1 3 1 3 2 3 3 4 1 3 4 2 4 3 3 3 1 1 3 4 1 1 1 2 1 4 1 3 4 1 1 2 1 1 4 1 4 1 4 3 3 4 4 4 1 1 3 4 1 3
160 0.141877 3 2 3 1 4 3 1 3 3 3 3 3 4 1 3 2 2 1 3 3 1 4 2 3 1 3 2 1 1 4 1 2 1 4 4 1 2 0 3 4 1 2 1 2 1 4 1 3 1 3 2 3 1 4 1 3 4 2 4 3 3 3 1 1 3 4 1 1 1 2 1 4 1 3 4 1 1 2 1 1 4 1 4 1 4 1 3 4 4 4 1 1 1 4 1 3
160 0.141877 3 2 3 1 4 3 1 3 3 3 3 3 4 1 3 2 2 1 3 3 1 4 2 3 1 3 2 1 1 4 1 2 1 4 4 1 2 3 3 4 1 2 1 2 1 4 1 3 1 3 2 3 3 4 1 3 4 2 4 3 3 3 1 1 3 4 1 1 1 2 1 4 1 3 4 1 1 2 1 1 4 1 4 1 4 1 3 4 4 4 1 1 1 2 3 3
160 0.141877 3 2 3 3 4 3 1 3 3 3 3 3 4 1 3 2 1 3 3 3 1 4 4 3 1 3 2 1 1 4 1 2 1 4 1 1 2 3 3 4 1 2 1 2 1 4 1 3 1 3 2 3 3 4 1 3 4 2 4 3 3 3 1 1 3 4 1 1 1 2 1 4 1 3 4 1 1 2 1 1 4 1 4 1 4 1 3 4 4 4 1 1 1 4 1 3
160 0.000858 3 2 3 1 4 3 1 3 3 3 3 3 4 1 3 2 1 3 3 3 1 4 4 3 1 3 2 1 1 4 1 2 1 3 1 1 2 3 3 4 1 2 3 2 1 4 1 3 1 3 2 3 3 4 1 3 4 2 4 3 3 3 1 1 3 4 1 1 1 2 1 4 1 3 4 1 1 2 1 1 4 1 4 1 4 3 3 4 4 4 1 1 1 4 1 3
160 0.000858 3 2 3 3 4 3 1 1 3 3 3 3 4 1 3 4 2 1 3 3 1 2 2 1 1 3 2 1 1 3 1 4 1 4 4 1 2 3 3 4 1 4 1 2 1 4 1 3 1 3 2 3 3 4 3 3 4 2 4 3 3 0 0 0 0 0 0 0 0 0 0 0 0 0 0 0 0 0 0 1 4 1 4 1 4 1 3 4 4 4 3 1 1 4 1 3
160 0.141877 3 2 3 3 4 1 1 3 3 3 3 3 4 1 3 2 2 1 3 3 1 4 2 3 1 3 2 1 1 4 1 2 1 4 4 1 2 3 3 4 1 2 1 2 1 4 1 3 1 3 2 3 3 4 1 3 4 2 4 3 3 3 1 1 3 4 1 1 1 2 1 4 1 3 4 1 1 2 1 1 4 1 4 1 4 1 3 4 4 4 1 1 1 4 1 3
161 0.001068 1 2 1 3 4 3 1 3 3 3 3 3 4 1 3 2 1 3 3 3 1 4 2 3 1 3 2 1 1 4 1 2 1 4 4 1 2 3 3 1 1 2 1 2 1 2 1 1 1 3 2 1 3 3 1 3 4 2 2 3 1 3 1 1 3 4 1 1 1 2 1 4 1 3 4 1 1 2 1 3 4 1 4 1 4 1 3 4 4 4 1 1 1 4 1 3
161 0.141637 3 2 3 3 4 3 1 3 3 3 3 3 4 1 3 2 1 3 3 3 1 4 4 3 1 1 1 1 1 4 1 2 1 4 1 3 2 3 3 4 1 2 1 2 1 4 1 3 3 3 2 3 3 4 1 3 4 2 4 3 3 3 1 1 3 4 1 1 1 2 1 4 1 3 4 1 1 2 1 1 4 1 4 1 4 1 3 4 4 4 1 1 1 4 1 3
161 0.001068 3 2 3 3 4 3 1 3 3 3 3 3 4 1 3 2 1 3 3 3 1 4 2 3 1 3 2 1 1 4 1 2 1 4 1 1 2 3 3 4 1 2 1 2 1 4 1 3 1 3 2 3 3 4 1 3 4 2 4 3 3 3 1 1 3 4 1 1 1 2 1 4 1 3 4 1 1 2 1 1 4 1 4 1 4 1 3 4 4 4 1 1 1 4 1 3
161 0.141637 3 2 3 1 4 3 1 3 3 3 3 3 4 1 3 2 2 1 3 3 1 4 2 3 1 3 2 1 1 4 1 2 1 4 4 1 2 3 3 4 1 2 1 2 1 4 1 3 1 3 2 3 3 4 1 3 4 2 4 3 3 3 1 1 3 4 1 1 1 2 1 4 1 3 4 1 1 2 1 1 4 1 4 1 4 1 3 4 4 4 1 1 1 4 1 3
161 0.001068 3 2 3 3 4 3 1 3 3 3 3 3 4 1 3 2 1 3 3 3 1 4 2 3 1 3 2 1 1 4 1 2 3 4 4 1 2 3 3 4 3 2 1 2 1 4 1 3 1 3 2 3 3 4 1 3 4 4 4 3 3 3 1 1 3 4 1 1 1 2 1 4 1 3 4 1 1 2 1 1 4 3 4 1 4 1 3 4 4 4 1 1 1 4 1 3
161 0.141637 3 2 3 1 4 3 1 3 3 3 3 3 4 1 3 2 2 1 3 3 1 4 2 3 1 3 2 1 1 4 1 2 1 4 4 1 2 3 3 4 1 2 1 2 1 4 1 3 1 3 2 3 3 4 1 3 4 2 4 3 3 3 1 1 3 4 1 1 1 2 1 4 1 3 4 1 1 2 1 1 4 1 4 1 4 1 3 4 4 4 1 3 1 4 1 3
161 0.001068 3 2 3 3 4 3 1 3 3 3 3 3 4 1 3 2 1 3 3 3 1 4 2 3 1 3 2 1 1 4 1 2 1 4 4 1 2 3 3 4 3 2 1 2 1 4 1 3 1 3 2 3 3 4 1 3 4 2 4 3 3 3 1 1 3 4 1 1 1 2 1 4 1 3 4 1 1 2 1 1 4 1 4 1 4 1 3 4 4 4 1 1 1 4 1 3
161 0.001068 3 2 3 3 4 3 1 3 3 3 3 3 4 1 3 2 1 3 1 3 1 4 2 3 1 3 2 1 1 4 3 2 1 4 4 1 2 3 3 4 1 2 1 2 1 4 1 3 1 3 2 3 3 4 1 3 4 2 4 3 3 3 1 1 3 4 1 1 1 2 1 4 1 3 4 1 1 2 1 1 4 1 4 1 4 1 3 4 2 4 1 1 1 4 1 3
161 0.001068 3 2 3 1 4 3 1 3 3 3 3 3 4 1 3 2 1 3 3 3 1 4 4 3 1 3 2 1 1 4 1 2 1 3 1 1 2 3 3 4 1 2 3 2 1 4 1 3 1 3 2 3 3 4 1 3 4 2 4 3 3 3 1 1 3 4 1 1 1 2 1 4 1 3 4 1 1 2 1 1 4 1 4 1 4 3 3 4 4 4 1 1 3 4 1 3
161 0.141637 3 2 3 1 4 3 1 3 3 3 3 3 4 1 3 2 2 1 3 3 1 4 2 3 1 3 2 1 1 4 1 2 1 4 4 1 2 0 3 4 1 2 1 2 1 4 1 3 1 3 2 3 1 4 1 3 4 2 4 3 3 3 1 1 3 4 1 1 1 2 1 4 1 3 4 1 1 2 1 1 4 1 4 1 4 1 3 4 4 4 1 1 1 4 1 3
161 0.141637 3 2 3 1 4 3 1 3 3 3 3 3 4 1 3 2 2 1 3 3 1 4 2 3 1 3 2 1 1 4 1 2 1 4 4 1 2 3 3 4 1 2 1 2 1 4 1 3 1 3 2 3 3 4 1 3 4 2 4 3 3 3 1 1 3 4 1 1 1 2 1 4 1 3 4 1 1 2 1 1 4 1 4 1 4 1 3 4 4 4 1 1 1 2 3 3
161 0.141637 3 2 3 3 4 3 1 3 3 3 3 3 4 1 3 2 1 3 3 3 1 4 4 3 1 3 2 1 1 4 1 2 1 4 1 1 2 3 3 4 1 2 1 2 1 4 1 3 1 3 2 3 3 4 1 3 4 2 4 3 3 3 1 1 3 4 1 1 1 2 1 4 1 3 4 1 1 2 1 1 4 1 4 1 4 1 3 4 4 4 1 1 1 4 1 3
161 0.001068 3 2 3 1 4 3 1 3 3 3 3 3 4 1 3 2 1 3 3 3 1 4 4 3 1 3 2 1 1 4 1 2 1 3 1 1 2 3 3 4 1 2 3 2 1 4 1 3 1 3 2 3 3 4 1 3 4 2 4 3 3 3 1 1 3 4 1 1 1 2 1 4 1 3 4 1 1 2 1 1 4 1 4 1 4 3 3 4 4 4 1 1 1 4 1 3
161 0.001068 3 2 3 3 4 3 1 1 3 3 3 3 4 1 3 4 2 1 3 3 1 2 2 1 1 3 2 1 1 3 1 4 1 4 4 1 2 3 3 4 1 4 1 2 1 4 1 3 1 3 2 3 3 4 3 3 4 2 4 3 3 0 0 0 0 0 0 0 0 0 0 0 0 0 0 0 0 0 0 1 4 1 4 1 4 1 3 4 4 4 3 1 1 4 1 3
161 0.141637 3 2 3 3 4 1 1 3 3 3 3 3 4 1 3 2 2 1 3 3 1 4 2 3 1 3 2 1 1 4 1 2 1 4 4 1 2 3 3 4 1 2 1 2 1 4 1 3 1 3 2 3 3 4 1 3 4 2 4 3 3 3 1 1 3 4 1 1 1 2 1 4 1 3 4 1 1 2 1 1 4 1 4 1 4 1 3 4 4 4 1 1 1 4 1 3
162 0.001303 1 2 1 3 4 3 1 3 3 3 3 3 4 1 3 2 1 3 3 3 1 4 2 3 1 3 2 1 1 4 1 2 1 4 4 1 2 3 3 1 1 2 1 2 1 2 1 1 1 3 2 1 3 3 1 3 4 2 2 3 1 3 1 1 3 4 1 1 1 2 1 4 1 3 4 1 1 2 1 3 4 1 4 1 4 1 3 4 4 4 1 1 1 4 1 3
162 0.141368 3 2 3 3 4 3 1 3 3 3 3 3 4 1 3 2 1 3 3 3 1 4 4 3 1 1 1 1 1 4 1 2 1 4 1 3 2 3 3 4 1 2 1 2 1 4 1 3 3 3 2 3 3 4 1 3 4 2 4 3 3 3 1 1 3 4 1 1 1 2 1 4 1 3 4 1 1 2 1 1 4 1 4 1 4 1 3 4 4 4 1 1 1 4 1 3
162 0.001303 3 2 3 3 4 3 1 3 3 3 3 3 4 1 3 2 1 3 3 3 1 4 2 3 1 3 2 1 1 4 1 2 1 4 1 1 2 3 3 4 1 2 1 2 1 4 1 3 1 3 2 3 3 4 1 3 4 2 4 3 3 3 1 1 3 4 1 1 1 2 1 4 1 3 4 1 1 2 1 1 4 1 4 1 4 1 3 4 4 4 1 1 1 4 1 3
162 0.141368 3 2 3 1 4 3 1 3 3 3 3 3 4 1 3 2 2 1 3 3 1 4 2 3 1 3 2 1 1 4 1 2 1 4 4 1 2 3 3 4 1 2 1 2 1 4 1 3 1 3 2 3 3 4 1 3 4 2 4 3 3 3 1 1 3 4 1 1 1 2 1 4 1 3 4 1 1 2 1 1 4 1 4 1 4 1 3 4 4 4 1 1 1 4 1 3
162 0.001303 3 2 3 3 4 3 1 3 3 3 3 3 4 1 3 2 1 3 3 3 1 4 2 3 1 3 2 1 1 4 1 2 3 4 4 1 2 3 3 4 3 2 1 2 1 4 1 3 1 3 2 3 3 4 1 3 4 4 4 3 3 3 1 1 3 4 1 1 1 2 1 4 1 3 4 1 1 2 1 1 4 3 4 1 4 1 3 4 4 4 1 1 1 4 1 3
162 0.141368 3 2 3 1 4 3 1 3 3 3 3 3 4 1 3 2 2 1 3 3 1 4 2 3 1 3 2 1 1 4 1 2 1 4 4 1 2 3 3 4 1 2 1 2 1 4 1 3 1 3 2 3 3 4 1 3 4 2 4 3 3 3 1 1 3 4 1 1 1 2 1 4 1 3 4 1 1 2 1 1 4 1 4 1 4 1 3 4 4 4 1 3 1 4 1 3
162 0.001303 3 2 3 3 4 3 1 3 3 3 3 3 4 1 3 2 1 3 3 3 1 4 2 3 1 3 2 1 1 4 1 2 1 4 4 1 2 3 3 4 3 2 1 2 1 4 1 3 1 3 2 3 3 4 1 3 4 2 4 3 3 3 1 1 3 4 1 1 1 2 1 4 1 3 4 1 1 2 1 1 4 1 4 1 4 1 3 4 4 4 1 1 1 4 1 3
162 0.001303 3 2 3 3 4 3 1 3 3 3 3 3 4 1 3 2 1 3 1 3 1 4 2 3 1 3 2 1 1 4 3 2 1 4 4 1 2 3 3 4 1 2 1 2 1 4 1 3 1 3 2 3 3 4 1 3 4 2 4 3 3 3 1 1 3 4 1 1 1 2 1 4 1 3 4 1 1 2 1 1 4 1 4 1 4 1 3 4 2 4 1 1 1 4 1 3
162 0.001303 3 2 3 1 4 3 1 3 3 3 3 3 4 1 3 2 1 3 3 3 1 4 4 3 1 3 2 1 1 4 1 2 1 3 1 1 2 3 3 4 1 2 3 2 1 4 1 3 1 3 2 3 3 4 1 3 4 2 4 3 3 3 1 1 3 4 1 1 1 2 1 4 1 3 4 1 1 2 1 1 4 1 4 1 4 3 3 4 4 4 1 1 3 4 1 3
162 0.141368 3 2 3 1 4 3 1 3 3 3 3 3 4 1 3 2 2 1 3 3 1 4 2 3 1 3 2 1 1 4 1 2 1 4 4 1 2 0 3 4 1 2 1 2 1 4 1 3 1 3 2 3 1 4 1 3 4 2 4 3 3 3 1 1 3 4 1 1 1 2 1 4 1 3 4 1 1 2 1 1 4 1 4 1 4 1 3 4 4 4 1 1 1 4 1 3
162 0.141368 3 2 3 1 4 3 1 3 3 3 3 3 4 1 3 2 2 1 3 3 1 4 2 3 1 3 2 1 1 4 1 2 1 4 4 1 2 3 3 4 1 2 1 2 1 4 1 3 1 3 2 3 3 4 1 3 4 2 4 3 3 3 1 1 3 4 1 1 1 2 1 4 1 3 4 1 1 2 1 1 4 1 4 1 4 1 3 4 4 4 1 1 1 2 3 3
162 0.141368 3 2 3 3 4 3 1 3 3 3 3 3 4 1 3 2 1 3 3 3 1 4 4 3 1 3 2 1 1 4 1 2 1 4 1 1 2 3 3 4 1 2 1 2 1 4 1 3 1 3 2 3 3 4 1 3 4 2 4 3 3 3 1 1 3 4 1 1 1 2 1 4 1 3 4 1 1 2 1 1 4 1 4 1 4 1 3 4 4 4 1 1 1 4 1 3
162 0.001303 3 2 3 1 4 3 1 3 3 3 3 3 4 1 3 2 1 3 3 3 1 4 4 3 1 3 2 1 1 4 1 2 1 3 1 1 2 3 3 4 1 2 3 2 1 4 1 3 1 3 2 3 3 4 1 3 4 2 4 3 3 3 1 1 3 4 1 1 1 2 1 4 1 3 4 1 1 2 1 1 4 1 4 1 4 3 3 4 4 4 1 1 1 4 1 3
162 0.001303 3 2 3 3 4 3 1 1 3 3 3 3 4 1 3 4 2 1 3 3 1 2 2 1 1 3 2 1 1 3 1 4 1 4 4 1 2 3 3 4 1 4 1 2 1 4 1 3 1 3 2 3 3 4 3 3 4 2 4 3 3 0 0 0 0 0 0 0 0 0 0 0 0 0 0 0 0 0 0 1 4 1 4 1 4 1 3 4 4 4 3 1 1 4 1 3
162 0.141368 3 2 3 3 4 1 1 3 3 3 3 3 4 1 3 2 2 1 3 3 1 4 2 3 1 3 2 1 1 4 1 2 1 4 4 1 2 3 3 4 1 2 1 2 1 4 1 3 1 3 2 3 3 4 1 3 4 2 4 3 3 3 1 1 3 4 1 1 1 2 1 4 1 3 4 1 1 2 1 1 4 1 4 1 4 1 3 4 4 4 1 1 1 4 1 3
163 0.001566 1 2 1 3 4 3 1 3 3 3 3 3 4 1 3 2 1 3 3 3 1 4 2 3 1 3 2 1 1 4 1 2 1 4 4 1 2 3 3 1 1 2 1 2 1 2 1 1 1 3 2 1 3 3 1 3 4 2 2 3 1 3 1 1 3 4 1 1 1 2 1 4 1 3 4 1 1 2 1 3 4 1 4 1 4 1 3 4 4 4 1 1 1 4 1 3
163 0.141067 3 2 3 3 4 3 1 3 3 3 3 3 4 1 3 2 1 3 3 3 1 4 4 3 1 1 1 1 1 4 1 2 1 4 1 3 2 3 3 4 1 2 1 2 1 4 1 3 3 3 2 3 3 4 1 3 4 2 4 3 3 3 1 1 3 4 1 1 1 2 1 4 1 3 4 1 1 2 1 1 4 1 4 1 4 1 3 4 4 4 1 1 1 4 1 3
163 0.001566 3 2 3 3 4 3 1 3 3 3 3 3 4 1 3 2 1 3 3 3 1 4 2 3 1 3 2 1 1 4 1 2 1 4 1 1 2 3 3 4 1 2 1 2 1 4 1 3 1 3 2 3 3 4 1 3 4 2 4 3 3 3 1 1 3 4 1 1 1 2 1 4 1 3 4 1 1 2 1 1 4 1 4 1 4 1 3 4 4 4 1 1 1 4 1 3
163 0.141067 3 2 3 1 4 3 1 3 3 3 3 3 4 1 3 2 2 1 3 3 1 4 2 3 1 3 2 1 1 4 1 2 1 4 4 1 2 3 3 4 1 2 1 2 1 4 1 3 1 3 2 3 3 4 1 3 4 2 4 3 3 3 1 1 3 4 1 1 1 2 1 4 1 3 4 1 1 2 1 1 4 1 4 1 4 1 3 4 4 4 1 1 1 4 1 3
163 0.001566 3 2 3 3 4 3 1 3 3 3 3 3 4 1 3 2 1 3 3 3 1 4 2 3 1 3 2 1 1 4 1 2 3 4 4 1 2 3 3 4 3 2 1 2 1 4 1 3 1 3 2 3 3 4 1 3 4 4 4 3 3 3 1 1 3 4 1 1 1 2 1 4 1 3 4 1 1 2 1 1 4 3 4 1 4 1 3 4 4 4 1 1 1 4 1 3
163 0.141067 3 2 3 1 4 3 1 3 3 3 3 3 4 1 3 2 2 1 3 3 1 4 2 3 1 3 2 1 1 4 1 2 1 4 4 1 2 3 3 4 1 2 1 2 1 4 1 3 1 3 2 3 3 4 1 3 4 2 4 3 3 3 1 1 3 4 1 1 1 2 1 4 1 3 4 1 1 2 1 1 4 1 4 1 4 1 3 4 4 4 1 3 1 4 1 3
163 0.001566 3 2 3 3 4 3 1 3 3 3 3 3 4 1 3 2 1 3 3 3 1 4 2 3 1 3 2 1 1 4 1 2 1 4 4 1 2 3 3 4 3 2 1 2 1 4 1 3 1 3 2 3 3 4 1 3 4 2 4 3 3 3 1 1 3 4 1 1 1 2 1 4 1 3 4 1 1 2 1 1 4 1 4 1 4 1 3 4 4 4 1 1 1 4 1 3
163 0.001566 3 2 3 3 4 3 1 3 3 3 3 3 4 1 3 2 1 3 1 3 1 4 2 3 1 3 2 1 1 4 3 2 1 4 4 1 2 3 3 4 1 2 1 2 1 4 1 3 1 3 2 3 3 4 1 3 4 2 4 3 3 3 1 1 3 4 1 1 1 2 1 4 1 3 4 1 1 2 1 1 4 1 4 1 4 1 3 4 2 4 1 1 1 4 1 3
163 0.001566 3 2 3 1 4 3 1 3 3 3 3 3 4 1 3 2 1 3 3 3 1 4 4 3 1 3 2 1 1 4 1 2 1 3 1 1 2 3 3 4 1 2 3 2 1 4 1 3 1 3 2 3 3 4 1 3 4 2 4 3 3 3 1 1 3 4 1 1 1 2 1 4 1 3 4 1 1 2 1 1 4 1 4 1 4 3 3 4 4 4 1 1 3 4 1 3
163 0.141067 3 2 3 1 4 3 1 3 3 3 3 3 4 1 3 2 2 1 3 3 1 4 2 3 1 3 2 1 1 4 1 2 1 4 4 1 2 0 3 4 1 2 1 2 1 4 1 3 1 3 2 3 1 4 1 3 4 2 4 3 3 3 1 1 3 4 1 1 1 2 1 4 1 3 4 1 1 2 1 1 4 1 4 1 4 1 3 4 4 4 1 1 1 4 1 3
163 0.141067 3 2 3 1 4 3 1 3 3 3 3 3 4 1 3 2 2 1 3 3 1 4 2 3 1 3 2 1 1 4 1 2 1 4 4 1 2 3 3 4 1 2 1 2 1 4 1 3 1 3 2 3 3 4 1 3 4 2 4 3 3 3 1 1 3 4 1 1 1 2 1 4 1 3 4 1 1 2 1 1 4 1 4 1 4 1 3 4 4 4 1 1 1 2 3 3
163 0.141067 3 2 3 3 4 3 1 3 3 3 3 3 4 1 3 2 1 3 3 3 1 4 4 3 1 3 2 1 1 4 1 2 1 4 1 1 2 3 3 4 1 2 1 2 1 4 1 3 1 3 2 3 3 4 1 3 4 2 4 3 3 3 1 1 3 4 1 1 1 2 1 4 1 3 4 1 1 2 1 1 4 1 4 1 4 1 3 4 4 4 1 1 1 4 1 3
163 0.001566 3 2 3 1 4 3 1 3 3 3 3 3 4 1 3 2 1 3 3 3 1 4 4 3 1 3 2 1 1 4 1 2 1 3 1 1 2 3 3 4 1 2 3 2 1 4 1 3 1 3 2 3 3 4 1 3 4 2 4 3 3 3 1 1 3 4 1 1 1 2 1 4 1 3 4 1 1 2 1 1 4 1 4 1 4 3 3 4 4 4 1 1 1 4 1 3
163 0.001566 3 2 3 3 4 3 1 1 3 3 3 3 4 1 3 4 2 1 3 3 1 2 2 1 1 3 2 1 1 3 1 4 1 4 4 1 2 3 3 4 1 4 1 2 1 4 1 3 1 3 2 3 3 4 3 3 4 2 4 3 3 0 0 0 0 0 0 0 0 0 0 0 0 0 0 0 0 0 0 1 4 1 4 1 4 1 3 4 4 4 3 1 1 4 1 3
163 0.141067 3 2 3 3 4 1 1 3 3 3 3 3 4 1 3 2 2 1 3 3 1 4 2 3 1 3 2 1 1 4 1 2 1 4 4 1 2 3 3 4 1 2 1 2 1 4 1 3 1 3 2 3 3 4 1 3 4 2 4 3 3 3 1 1 3 4 1 1 1 2 1 4 1 3 4 1 1 2 1 1 4 1 4 1 4 1 3 4 4 4 1 1 1 4 1 3
164 0.001861 1 2 1 3 4 3 1 3 3 3 3 3 4 1 3 2 1 3 3 3 1 4 2 3 1 3 2 1 1 4 1 2 1 4 4 1 2 3 3 1 1 2 1 2 1 2 1 1 1 3 2 1 3 3 1 3 4 2 2 3 1 3 1 1 3 4 1 1 1 2 1 4 1 3 4 1 1 2 1 3 4 1 4 1 4 1 3 4 4 4 1 1 1 4 1 3
164 0.140730 3 2 3 3 4 3 1 3 3 3 3 3 4 1 3 2 1 3 3 3 1 4 4 3 1 1 1 1 1 4 1 2 1 4 1 3 2 3 3 4 1 2 1 2 1 4 1 3 3 3 2 3 3 4 1 3 4 2 4 3 3 3 1 1 3 4 1 1 1 2 1 4 1 3 4 1 1 2 1 1 4 1 4 1 4 1 3 4 4 4 1 1 1 4 1 3
164 0.001861 3 2 3 3 4 3 1 3 3 3 3 3 4 1 3 2 1 3 3 3 1 4 2 3 1 3 2 1 1 4 1 2 1 4 1 1 2 3 3 4 1 2 1 2 1 4 1 3 1 3 2 3 3 4 1 3 4 2 4 3 3 3 1 1 3 4 1 1 1 2 1 4 1 3 4 1 1 2 1 1 4 1 4 1 4 1 3 4 4 4 1 1 1 4 1 3
164 0.140730 3 2 3 1 4 3 1 3 3 3 3 3 4 1 3 2 2 1 3 3 1 4 2 3 1 3 2 1 1 4 1 2 1 4 4 1 2 3 3 4 1 2 1 2 1 4 1 3 1 3 2 3 3 4 1 3 4 2 4 3 3 3 1 1 3 4 1 1 1 2 1 4 1 3 4 1 1 2 1 1 4 1 4 1 4 1 3 4 4 4 1 1 1 4 1 3
164 0.001861 3 2 3 3 4 3 1 3 3 3 3 3 4 1 3 2 1 3 3 3 1 4 2 3 1 3 2 1 1 4 1 2 3 4 4 1 2 3 3 4 3 2 1 2 1 4 1 3 1 3 2 3 3 4 1 3 4 4 4 3 3 3 1 1 3 4 1 1 1 2 1 4 1 3 4 1 1 2 1 1 4 3 4 1 4 1 3 4 4 4 1 1 1 4 1 3
164 0.140730 3 2 3 1 4 3 1 3 3 3 3 3 4 1 3 2 2 1 3 3 1 4 2 3 1 3 2 1 1 4 1 2 1 4 4 1 2 3 3 4 1 2 1 2 1 4 1 3 1 3 2 3 3 4 1 3 4 2 4 3 3 3 1 1 3 4 1 1 1 2 1 4 1 3 4 1 1 2 1 1 4 1 4 1 4 1 3 4 4 4 1 3 1 4 1 3
164 0.001861 3 2 3 3 4 3 1 3 3 3 3 3 4 1 3 2 1 3 3 3 1 4 2 3 1 3 2 1 1 4 1 2 1 4 4 1 2 3 3 4 3 2 1 2 1 4 1 3 1 3 2 3 3 4 1 3 4 2 4 3 3 3 1 1 3 4 1 1 1 2 1 4 1 3 4 1 1 2 1 1 4 1 4 1 4 1 3 4 4 4 1 1 1 4 1 3
164 0.001861 3 2 3 3 4 3 1 3 3 3 3 3 4 1 3 2 1 3 1 3 1 4 2 3 1 3 2 1 1 4 3 2 1 4 4 1 2 3 3 4 1 2 1 2 1 4 1 3 1 3 2 3 3 4 1 3 4 2 4 3 3 3 1 1 3 4 1 1 1 2 1 4 1 3 4 1 1 2 1 1 4 1 4 1 4 1 3 4 2 4 1 1 1 4 1 3
164 0.001861 3 2 3 1 4 3 1 3 3 3 3 3 4 1 3 2 1 3 3 3 1 4 4 3 1 3 2 1 1 4 1 2 1 3 1 1 2 3 3 4 1 2 3 2 1 4 1 3 1 3 2 3 3 4 1 3 4 2 4 3 3 3 1 1 3 4 1 1 1 2 1 4 1 3 4 1 1 2 1 1 4 1 4 1 4 3 3 4 4 4 1 1 3 4 1 3
164 0.140730 3 2 3 1 4 3 1 3 3 3 3 3 4 1 3 2 2 1 3 3 1 4 2 3 1 3 2 1 1 4 1 2 1 4 4 1 2 0 3 4 1 2 1 2 1 4 1 3 1 3 2 3 1 4 1 3 4 2 4 3 3 3 1 1 3 4 1 1 1 2 1 4 1 3 4 1 1 2 1 1 4 1 4 1 4 1 3 4 4 4 1 1 1 4 1 3
164 0.140730 3 2 3 1 4 3 1 3 3 3 3 3 4 1 3 2 2 1 3 3 1 4 2 3 1 3 2 1 1 4 1 2 1 4 4 1 2 3 3 4 1 2 1 2 1 4 1 3 1 3 2 3 3 4 1 3 4 2 4 3 3 3 1 1 3 4 1 1 1 2 1 4 1 3 4 1 1 2 1 1 4 1 4 1 4 1 3 4 4 4 1 1 1 2 3 3
164 0.140730 3 2 3 3 4 3 1 3 3 3 3 3 4 1 3 2 1 3 3 3 1 4 4 3 1 3 2 1 1 4 1 2 1 4 1 1 2 3 3 4 1 2 1 2 1 4 1 3 1 3 2 3 3 4 1 3 4 2 4 3 3 3 1 1 3 4 1 1 1 2 1 4 1 3 4 1 1 2 1 1 4 1 4 1 4 1 3 4 4 4 1 1 1 4 1 3
164 0.001861 3 2 3 1 4 3 1 3 3 3 3 3 4 1 3 2 1 3 3 3 1 4 4 3 1 3 2 1 1 4 1 2 1 3 1 1 2 3 3 4 1 2 3 2 1 4 1 3 1 3 2 3 3 4 1 3 4 2 4 3 3 3 1 1 3 4 1 1 1 2 1 4 1 3 4 1 1 2 1 1 4 1 4 1 4 3 3 4 4 4 1 1 1 4 1 3
164 0.001861 3 2 3 3 4 3 1 1 3 3 3 3 4 1 3 4 2 1 3 3 1 2 2 1 1 3 2 1 1 3 1 4 1 4 4 1 2 3 3 4 1 4 1 2 1 4 1 3 1 3 2 3 3 4 3 3 4 2 4 3 3 0 0 0 0 0 0 0 0 0 0 0 0 0 0 0 0 0 0 1 4 1 4 1 4 1 3 4 4 4 3 1 1 4 1 3
164 0.140730 3 2 3 3 4 1 1 3 3 3 3 3 4 1 3 2 2 1 3 3 1 4 2 3 1 3 2 1 1 4 1 2 1 4 4 1 2 3 3 4 1 2 1 2 1 4 1 3 1 3 2 3 3 4 1 3 4 2 4 3 3 3 1 1 3 4 1 1 1 2 1 4 1 3 4 1 1 2 1 1 4 1 4 1 4 1 3 4 4 4 1 1 1 4 1 3
165 0.002191 1 2 1 3 4 3 1 3 3 3 3 3 4 1 3 2 1 3 3 3 1 4 2 3 1 3 2 1 1 4 1 2 1 4 4 1 2 3 3 1 1 2 1 2 1 2 1 1 1 3 2 1 3 3 1 3 4 2 2 3 1 3 1 1 3 4 1 1 1 2 1 4 1 3 4 1 1 2 1 3 4 1 4 1 4 1 3 4 4 4 1 1 1 4 1 3
165 0.140353 3 2 3 3 4 3 1 3 3 3 3 3 4 1 3 2 1 3 3 3 1 4 4 3 1 1 1 1 1 4 1 2 1 4 1 3 2 3 3 4 1 2 1 2 1 4 1 3 3 3 2 3 3 4 1 3 4 2 4 3 3 3 1 1 3 4 1 1 1 2 1 4 1 3 4 1 1 2 1 1 4 1 4 1 4 1 3 4 4 4 1 1 1 4 1 3
165 0.002191 3 2 3 3 4 3 1 3 3 3 3 3 4 1 3 2 1 3 3 3 1 4 2 3 1 3 2 1 1 4 1 2 1 4 1 1 2 3 3 4 1 2 1 2 1 4 1 3 1 3 2 3 3 4 1 3 4 2 4 3 3 3 1 1 3 4 1 1 1 2 1 4 1 3 4 1 1 2 1 1 4 1 4 1 4 1 3 4 4 4 1 1 1 4 1 3
165 0.140353 3 2 3 1 4 3 1 3 3 3 3 3 4 1 3 2 2 1 3 3 1 4 2 3 1 3 2 1 1 4 1 2 1 4 4 1 2 3 3 4 1 2 1 2 1 4 1 3 1 3 2 3 3 4 1 3 4 2 4 3 3 3 1 1 3 4 1 1 1 2 1 4 1 3 4 1 1 2 1 1 4 1 4 1 4 1 3 4 4 4 1 1 1 4 1 3
165 0.002191 3 2 3 3 4 3 1 3 3 3 3 3 4 1 3 2 1 3 3 3 1 4 2 3 1 3 2 1 1 4 1 2 3 4 4 1 2 3 3 4 3 2 1 2 1 4 1 3 1 3 2 3 3 4 1 3 4 4 4 3 3 3 1 1 3 4 1 1 1 2 1 4 1 3 4 1 1 2 1 1 4 3 4 1 4 1 3 4 4 4 1 1 1 4 1 3
165 0.140353 3 2 3 1 4 3 1 3 3 3 3 3 4 1 3 2 2 1 3 3 1 4 2 3 1 3 2 1 1 4 1 2 1 4 4 1 2 3 3 4 1 2 1 2 1 4 1 3 1 3 2 3 3 4 1 3 4 2 4 3 3 3 1 1 3 4 1 1 1 2 1 4 1 3 4 1 1 2 1 1 4 1 4 1 4 1 3 4 4 4 1 3 1 4 1 3
165 0.002191 3 2 3 3 4 3 1 3 3 3 3 3 4 1 3 2 1 3 3 3 1 4 2 3 1 3 2 1 1 4 1 2 1 4 4 1 2 3 3 4 3 2 1 2 1 4 1 3 1 3 2 3 3 4 1 3 4 2 4 3 3 3 1 1 3 4 1 1 1 2 1 4 1 3 4 1 1 2 1 1 4 1 4 1 4 1 3 4 4 4 1 1 1 4 1 3
165 0.002191 3 2 3 3 4 3 1 3 3 3 3 3 4 1 3 2 1 3 1 3 1 4 2 3 1 3 2 1 1 4 3 2 1 4 4 1 2 3 3 4 1 2 1 2 1 4 1 3 1 3 2 3 3 4 1 3 4 2 4 3 3 3 1 1 3 4 1 1 1 2 1 4 1 3 4 1 1 2 1 1 4 1 4 1 4 1 3 4 2 4 1 1 1 4 1 3
165 0.002191 3 2 3 1 4 3 1 3 3 3 3 3 4 1 3 2 1 3 3 3 1 4 4 3 1 3 2 1 1 4 1 2 1 3 1 1 2 3 3 4 1 2 3 2 1 4 1 3 1 3 2 3 3 4 1 3 4 2 4 3 3 3 1 1 3 4 1 1 1 2 1 4 1 3 4 1 1 2 1 1 4 1 4 1 4 3 3 4 4 4 1 1 3 4 1 3
165 0.140353 3 2 3 1 4 3 1 3 3 3 3 3 4 1 3 2 2 1 3 3 1 4 2 3 1 3 2 1 1 4 1 2 1 4 4 1 2 0 3 4 1 2 1 2 1 4 1 3 1 3 2 3 1 4 1 3 4 2 4 3 3 3 1 1 3 4 1 1 1 2 1 4 1 3 4 1 1 2 1 1 4 1 4 1 4 1 3 4 4 4 1 1 1 4 1 3
165 0.140353 3 2 3 1 4 3 1 3 3 3 3 3 4 1 3 2 2 1 3 3 1 4 2 3 1 3 2 1 1 4 1 2 1 4 4 1 2 3 3 4 1 2 1 2 1 4 1 3 1 3 2 3 3 4 1 3 4 2 4 3 3 3 1 1 3 4 1 1 1 2 1 4 1 3 4 1 1 2 1 1 4 1 4 1 4 1 3 4 4 4 1 1 1 2 3 3
165 0.140353 3 2 3 3 4 3 1 3 3 3 3 3 4 1 3 2 1 3 3 3 1 4 4 3 1 3 2 1 1 4 1 2 1 4 1 1 2 3 3 4 1 2 1 2 1 4 1 3 1 3 2 3 3 4 1 3 4 2 4 3 3 3 1 1 3 4 1 1 1 2 1 4 1 3 4 1 1 2 1 1 4 1 4 1 4 1 3 4 4 4 1 1 1 4 1 3
165 0.002191 3 2 3 1 4 3 1 3 3 3 3 3 4 1 3 2 1 3 3 3 1 4 4 3 1 3 2 1 1 4 1 2 1 3 1 1 2 3 3 4 1 2 3 2 1 4 1 3 1 3 2 3 3 4 1 3 4 2 4 3 3 3 1 1 3 4 1 1 1 2 1 4 1 3 4 1 1 2 1 1 4 1 4 1 4 3 3 4 4 4 1 1 1 4 1 3
165 0.002191 3 2 3 3 4 3 1 1 3 3 3 3 4 1 3 4 2 1 3 3 1 2 2 1 1 3 2 1 1 3 1 4 1 4 4 1 2 3 3 4 1 4 1 2 1 4 1 3 1 3 2 3 3 4 3 3 4 2 4 3 3 0 0 0 0 0 0 0 0 0 0 0 0 0 0 0 0 0 0 1 4 1 4 1 4 1 3 4 4 4 3 1 1 4 1 3
165 0.140353 3 2 3 3 4 1 1 3 3 3 3 3 4 1 3 2 2 1 3 3 1 4 2 3 1 3 2 1 1 4 1 2 1 4 4 1 2 3 3 4 1 2 1 2 1 4 1 3 1 3 2 3 3 4 1 3 4 2 4 3 3 3 1 1 3 4 1 1 1 2 1 4 1 3 4 1 1 2 1 1 4 1 4 1 4 1 3 4 4 4 1 1 1 4 1 3
166 0.002561 1 2 1 3 4 3 1 3 3 3 3 3 4 1 3 2 1 3 3 3 1 4 2 3 1 3 2 1 1 4 1 2 1 4 4 1 2 3 3 1 1 2 1 2 1 2 1 1 1 3 2 1 3 3 1 3 4 2 2 3 1 3 1 1 3 4 1 1 1 2 1 4 1 3 4 1 1 2 1 3 4 1 4 1 4 1 3 4 4 4 1 1 1 4 1 3
166 0.139931 3 2 3 3 4 3 1 3 3 3 3 3 4 1 3 2 1 3 3 3 1 4 4 3 1 1 1 1 1 4 1 2 1 4 1 3 2 3 3 4 1 2 1 2 1 4 1 3 3 3 2 3 3 4 1 3 4 2 4 3 3 3 1 1 3 4 1 1 1 2 1 4 1 3 4 1 1 2 1 1 4 1 4 1 4 1 3 4 4 4 1 1 1 4 1 3
166 0.002561 3 2 3 3 4 3 1 3 3 3 3 3 4 1 3 2 1 3 3 3 1 4 2 3 1 3 2 1 1 4 1 2 1 4 1 1 2 3 3 4 1 2 1 2 1 4 1 3 1 3 2 3 3 4 1 3 4 2 4 3 3 3 1 1 3 4 1 1 1 2 1 4 1 3 4 1 1 2 1 1 4 1 4 1 4 1 3 4 4 4 1 1 1 4 1 3
166 0.139931 3 2 3 1 4 3 1 3 3 3 3 3 4 1 3 2 2 1 3 3 1 4 2 3 1 3 2 1 1 4 1 2 1 4 4 1 2 3 3 4 1 2 1 2 1 4 1 3 1 3 2 3 3 4 1 3 4 2 4 3 3 3 1 1 3 4 1 1 1 2 1 4 1 3 4 1 1 2 1 1 4 1 4 1 4 1 3 4 4 4 1 1 1 4 1 3
166 0.002561 3 2 3 3 4 3 1 3 3 3 3 3 4 1 3 2 1 3 3 3 1 4 2 3 1 3 2 1 1 4 1 2 3 4 4 1 2 3 3 4 3 2 1 2 1 4 1 3 1 3 2 3 3 4 1 3 4 4 4 3 3 3 1 1 3 4 1 1 1 2 1 4 1 3 4 1 1 2 1 1 4 3 4 1 4 1 3 4 4 4 1 1 1 4 1 3
166 0.139931 3 2 3 1 4 3 1 3 3 3 3 3 4 1 3 2 2 1 3 3 1 4 2 3 1 3 2 1 1 4 1 2 1 4 4 1 2 3 3 4 1 2 1 2 1 4 1 3 1 3 2 3 3 4 1 3 4 2 4 3 3 3 1 1 3 4 1 1 1 2 1 4 1 3 4 1 1 2 1 1 4 1 4 1 4 1 3 4 4 4 1 3 1 4 1 3
166 0.002561 3 2 3 3 4 3 1 3 3 3 3 3 4 1 3 2 1 3 3 3 1 4 2 3 1 3 2 1 1 4 1 2 1 4 4 1 2 3 3 4 3 2 1 2 1 4 1 3 1 3 2 3 3 4 1 3 4 2 4 3 3 3 1 1 3 4 1 1 1 2 1 4 1 3 4 1 1 2 1 1 4 1 4 1 4 1 3 4 4 4 1 1 1 4 1 3
166 0.002561 3 2 3 3 4 3 1 3 3 3 3 3 4 1 3 2 1 3 1 3 1 4 2 3 1 3 2 1 1 4 3 2 1 4 4 1 2 3 3 4 1 2 1 2 1 4 1 3 1 3 2 3 3 4 1 3 4 2 4 3 3 3 1 1 3 4 1 1 1 2 1 4 1 3 4 1 1 2 1 1 4 1 4 1 4 1 3 4 2 4 1 1 1 4 1 3
166 0.002561 3 2 3 1 4 3 1 3 3 3 3 3 4 1 3 2 1 3 3 3 1 4 4 3 1 3 2 1 1 4 1 2 1 3 1 1 2 3 3 4 1 2 3 2 1 4 1 3 1 3 2 3 3 4 1 3 4 2 4 3 3 3 1 1 3 4 1 1 1 2 1 4 1 3 4 1 1 2 1 1 4 1 4 1 4 3 3 4 4 4 1 1 3 4 1 3
166 0.139931 3 2 3 1 4 3 1 3 3 3 3 3 4 1 3 2 2 1 3 3 1 4 2 3 1 3 2 1 1 4 1 2 1 4 4 1 2 0 3 4 1 2 1 2 1 4 1 3 1 3 2 3 1 4 1 3 4 2 4 3 3 3 1 1 3 4 1 1 1 2 1 4 1 3 4 1 1 2 1 1 4 1 4 1 4 1 3 4 4 4 1 1 1 4 1 3
166 0.139931 3 2 3 1 4 3 1 3 3 3 3 3 4 1 3 2 2 1 3 3 1 4 2 3 1 3 2 1 1 4 1 2 1 4 4 1 2 3 3 4 1 2 1 2 1 4 1 3 1 3 2 3 3 4 1 3 4 2 4 3 3 3 1 1 3 4 1 1 1 2 1 4 1 3 4 1 1 2 1 1 4 1 4 1 4 1 3 4 4 4 1 1 1 2 3 3
166 0.139931 3 2 3 3 4 3 1 3 3 3 3 3 4 1 3 2 1 3 3 3 1 4 4 3 1 3 2 1 1 4 1 2 1 4 1 1 2 3 3 4 1 2 1 2 1 4 1 3 1 3 2 3 3 4 1 3 4 2 4 3 3 3 1 1 3 4 1 1 1 2 1 4 1 3 4 1 1 2 1 1 4 1 4 1 4 1 3 4 4 4 1 1 1 4 1 3
166 0.002561 3 2 3 1 4 3 1 3 3 3 3 3 4 1 3 2 1 3 3 3 1 4 4 3 1 3 2 1 1 4 1 2 1 3 1 1 2 3 3 4 1 2 3 2 1 4 1 3 1 3 2 3 3 4 1 3 4 2 4 3 3 3 1 1 3 4 1 1 1 2 1 4 1 3 4 1 1 2 1 1 4 1 4 1 4 3 3 4 4 4 1 1 1 4 1 3
166 0.002561 3 2 3 3 4 3 1 1 3 3 3 3 4 1 3 4 2 1 3 3 1 2 2 1 1 3 2 1 1 3 1 4 1 4 4 1 2 3 3 4 1 4 1 2 1 4 1 3 1 3 2 3 3 4 3 3 4 2 4 3 3 0 0 0 0 0 0 0 0 0 0 0 0 0 0 0 0 0 0 1 4 1 4 1 4 1 3 4 4 4 3 1 1 4 1 3
166 0.139931 3 2 3 3 4 1 1 3 3 3 3 3 4 1 3 2 2 1 3 3 1 4 2 3 1 3 2 1 1 4 1 2 1 4 4 1 2 3 3 4 1 2 1 2 1 4 1 3 1 3 2 3 3 4 1 3 4 2 4 3 3 3 1 1 3 4 1 1 1 2 1 4 1 3 4 1 1 2 1 1 4 1 4 1 4 1 3 4 4 4 1 1 1 4 1 3
167 0.002973 1 2 1 3 4 3 1 3 3 3 3 3 4 1 3 2 1 3 3 3 1 4 2 3 1 3 2 1 1 4 1 2 1 4 4 1 2 3 3 1 1 2 1 2 1 2 1 1 1 3 2 1 3 3 1 3 4 2 2 3 1 3 1 1 3 4 1 1 1 2 1 4 1 3 4 1 1 2 1 3 4 1 4 1 4 1 3 4 4 4 1 1 1 4 1 3
167 0.139459 3 2 3 3 4 3 1 3 3 3 3 3 4 1 3 2 1 3 3 3 1 4 4 3 1 1 1 1 1 4 1 2 1 4 1 3 2 3 3 4 1 2 1 2 1 4 1 3 3 3 2 3 3 4 1 3 4 2 4 3 3 3 1 1 3 4 1 1 1 2 1 4 1 3 4 1 1 2 1 1 4 1 4 1 4 1 3 4 4 4 1 1 1 4 1 3
167 0.002973 3 2 3 3 4 3 1 3 3 3 3 3 4 1 3 2 1 3 3 3 1 4 2 3 1 3 2 1 1 4 1 2 1 4 1 1 2 3 3 4 1 2 1 2 1 4 1 3 1 3 2 3 3 4 1 3 4 2 4 3 3 3 1 1 3 4 1 1 1 2 1 4 1 3 4 1 1 2 1 1 4 1 4 1 4 1 3 4 4 4 1 1 1 4 1 3
167 0.139459 3 2 3 1 4 3 1 3 3 3 3 3 4 1 3 2 2 1 3 3 1 4 2 3 1 3 2 1 1 4 1 2 1 4 4 1 2 3 3 4 1 2 1 2 1 4 1 3 1 3 2 3 3 4 1 3 4 2 4 3 3 3 1 1 3 4 1 1 1 2 1 4 1 3 4 1 1 2 1 1 4 1 4 1 4 1 3 4 4 4 1 1 1 4 1 3
167 0.002973 3 2 3 3 4 3 1 3 3 3 3 3 4 1 3 2 1 3 3 3 1 4 2 3 1 3 2 1 1 4 1 2 3 4 4 1 2 3 3 4 3 2 1 2 1 4 1 3 1 3 2 3 3 4 1 3 4 4 4 3 3 3 1 1 3 4 1 1 1 2 1 4 1 3 4 1 1 2 1 1 4 3 4 1 4 1 3 4 4 4 1 1 1 4 1 3
167 0.139459 3 2 3 1 4 3 1 3 3 3 3 3 4 1 3 2 2 1 3 3 1 4 2 3 1 3 2 1 1 4 1 2 1 4 4 1 2 3 3 4 1 2 1 2 1 4 1 3 1 3 2 3 3 4 1 3 4 2 4 3 3 3 1 1 3 4 1 1 1 2 1 4 1 3 4 1 1 2 1 1 4 1 4 1 4 1 3 4 4 4 1 3 1 4 1 3
167 0.002973 3 2 3 3 4 3 1 3 3 3 3 3 4 1 3 2 1 3 3 3 1 4 2 3 1 3 2 1 1 4 1 2 1 4 4 1 2 3 3 4 3 2 1 2 1 4 1 3 1 3 2 3 3 4 1 3 4 2 4 3 3 3 1 1 3 4 1 1 1 2 1 4 1 3 4 1 1 2 1 1 4 1 4 1 4 1 3 4 4 4 1 1 1 4 1 3
167 0.002973 3 2 3 3 4 3 1 3 3 3 3 3 4 1 3 2 1 3 1 3 1 4 2 3 1 3 2 1 1 4 3 2 1 4 4 1 2 3 3 4 1 2 1 2 1 4 1 3 1 3 2 3 3 4 1 3 4 2 4 3 3 3 1 1 3 4 1 1 1 2 1 4 1 3 4 1 1 2 1 1 4 1 4 1 4 1 3 4 2 4 1 1 1 4 1 3
167 0.002973 3 2 3 1 4 3 1 3 3 3 3 3 4 1 3 2 1 3 3 3 1 4 4 3 1 3 2 1 1 4 1 2 1 3 1 1 2 3 3 4 1 2 3 2 1 4 1 3 1 3 2 3 3 4 1 3 4 2 4 3 3 3 1 1 3 4 1 1 1 2 1 4 1 3 4 1 1 2 1 1 4 1 4 1 4 3 3 4 4 4 1 1 3 4 1 3
167 0.139459 3 2 3 1 4 3 1 3 3 3 3 3 4 1 3 2 2 1 3 3 1 4 2 3 1 3 2 1 1 4 1 2 1 4 4 1 2 0 3 4 1 2 1 2 1 4 1 3 1 3 2 3 1 4 1 3 4 2 4 3 3 3 1 1 3 4 1 1 1 2 1 4 1 3 4 1 1 2 1 1 4 1 4 1 4 1 3 4 4 4 1 1 1 4 1 3
167 0.139459 3 2 3 1 4 3 1 3 3 3 3 3 4 1 3 2 2 1 3 3 1 4 2 3 1 3 2 1 1 4 1 2 1 4 4 1 2 3 3 4 1 2 1 2 1 4 1 3 1 3 2 3 3 4 1 3 4 2 4 3 3 3 1 1 3 4 1 1 1 2 1 4 1 3 4 1 1 2 1 1 4 1 4 1 4 1 3 4 4 4 1 1 1 2 3 3
167 0.139459 3 2 3 3 4 3 1 3 3 3 3 3 4 1 3 2 1 3 3 3 1 4 4 3 1 3 2 1 1 4 1 2 1 4 1 1 2 3 3 4 1 2 1 2 1 4 1 3 1 3 2 3 3 4 1 3 4 2 4 3 3 3 1 1 3 4 1 1 1 2 1 4 1 3 4 1 1 2 1 1 4 1 4 1 4 1 3 4 4 4 1 1 1 4 1 3
167 0.002973 3 2 3 1 4 3 1 3 3 3 3 3 4 1 3 2 1 3 3 3 1 4 4 3 1 3 2 1 1 4 1 2 1 3 1 1 2 3 3 4 1 2 3 2 1 4 1 3 1 3 2 3 3 4 1 3 4 2 4 3 3 3 1 1 3 4 1 1 1 2 1 4 1 3 4 1 1 2 1 1 4 1 4 1 4 3 3 4 4 4 1 1 1 4 1 3
167 0.002973 3 2 3 3 4 3 1 1 3 3 3 3 4 1 3 4 2 1 3 3 1 2 2 1 1 3 2 1 1 3 1 4 1 4 4 1 2 3 3 4 1 4 1 2 1 4 1 3 1 3 2 3 3 4 3 3 4 2 4 3 3 0 0 0 0 0 0 0 0 0 0 0 0 0 0 0 0 0 0 1 4 1 4 1 4 1 3 4 4 4 3 1 1 4 1 3
167 0.139459 3 2 3 3 4 1 1 3 3 3 3 3 4 1 3 2 2 1 3 3 1 4 2 3 1 3 2 1 1 4 1 2 1 4 4 1 2 3 3 4 1 2 1 2 1 4 1 3 1 3 2 3 3 4 1 3 4 2 4 3 3 3 1 1 3 4 1 1 1 2 1 4 1 3 4 1 1 2 1 1 4 1 4 1 4 1 3 4 4 4 1 1 1 4 1 3
168 0.003434 1 2 1 3 4 3 1 3 3 3 3 3 4 1 3 2 1 3 3 3 1 4 2 3 1 3 2 1 1 4 1 2 1 4 4 1 2 3 3 1 1 2 1 2 1 2 1 1 1 3 2 1 3 3 1 3 4 2 2 3 1 3 1 1 3 4 1 1 1 2 1 4 1 3 4 1 1 2 1 3 4 1 4 1 4 1 3 4 4 4 1 1 1 4 1 3
168 0.138932 3 2 3 3 4 3 1 3 3 3 3 3 4 1 3 2 1 3 3 3 1 4 4 3 1 1 1 1 1 4 1 2 1 4 1 3 2 3 3 4 1 2 1 2 1 4 1 3 3 3 2 3 3 4 1 3 4 2 4 3 3 3 1 1 3 4 1 1 1 2 1 4 1 3 4 1 1 2 1 1 4 1 4 1 4 1 3 4 4 4 1 1 1 4 1 3
168 0.003434 3 2 3 3 4 3 1 3 3 3 3 3 4 1 3 2 1 3 3 3 1 4 2 3 1 3 2 1 1 4 1 2 1 4 1 1 2 3 3 4 1 2 1 2 1 4 1 3 1 3 2 3 3 4 1 3 4 2 4 3 3 3 1 1 3 4 1 1 1 2 1 4 1 3 4 1 1 2 1 1 4 1 4 1 4 1 3 4 4 4 1 1 1 4 1 3
168 0.138932 3 2 3 1 4 3 1 3 3 3 3 3 4 1 3 2 2 1 3 3 1 4 2 3 1 3 2 1 1 4 1 2 1 4 4 1 2 3 3 4 1 2 1 2 1 4 1 3 1 3 2 3 3 4 1 3 4 2 4 3 3 3 1 1 3 4 1 1 1 2 1 4 1 3 4 1 1 2 1 1 4 1 4 1 4 1 3 4 4 4 1 1 1 4 1 3
168 0.003434 3 2 3 3 4 3 1 3 3 3 3 3 4 1 3 2 1 3 3 3 1 4 2 3 1 3 2 1 1 4 1 2 3 4 4 1 2 3 3 4 3 2 1 2 1 4 1 3 1 3 2 3 3 4 1 3 4 4 4 3 3 3 1 1 3 4 1 1 1 2 1 4 1 3 4 1 1 2 1 1 4 3 4 1 4 1 3 4 4 4 1 1 1 4 1 3
168 0.138932 3 2 3 1 4 3 1 3 3 3 3 3 4 1 3 2 2 1 3 3 1 4 2 3 1 3 2 1 1 4 1 2 1 4 4 1 2 3 3 4 1 2 1 2 1 4 1 3 1 3 2 3 3 4 1 3 4 2 4 3 3 3 1 1 3 4 1 1 1 2 1 4 1 3 4 1 1 2 1 1 4 1 4 1 4 1 3 4 4 4 1 3 1 4 1 3
168 0.003434 3 2 3 3 4 3 1 3 3 3 3 3 4 1 3 2 1 3 3 3 1 4 2 3 1 3 2 1 1 4 1 2 1 4 4 1 2 3 3 4 3 2 1 2 1 4 1 3 1 3 2 3 3 4 1 3 4 2 4 3 3 3 1 1 3 4 1 1 1 2 1 4 1 3 4 1 1 2 1 1 4 1 4 1 4 1 3 4 4 4 1 1 1 4 1 3
168 0.003434 3 2 3 3 4 3 1 3 3 3 3 3 4 1 3 2 1 3 1 3 1 4 2 3 1 3 2 1 1 4 3 2 1 4 4 1 2 3 3 4 1 2 1 2 1 4 1 3 1 3 2 3 3 4 1 3 4 2 4 3 3 3 1 1 3 4 1 1 1 2 1 4 1 3 4 1 1 2 1 1 4 1 4 1 4 1 3 4 2 4 1 1 1 4 1 3
168 0.003434 3 2 3 1 4 3 1 3 3 3 3 3 4 1 3 2 1 3 3 3 1 4 4 3 1 3 2 1 1 4 1 2 1 3 1 1 2 3 3 4 1 2 3 2 1 4 1 3 1 3 2 3 3 4 1 3 4 2 4 3 3 3 1 1 3 4 1 1 1 2 1 4 1 3 4 1 1 2 1 1 4 1 4 1 4 3 3 4 4 4 1 1 3 4 1 3
168 0.138932 3 2 3 1 4 3 1 3 3 3 3 3 4 1 3 2 2 1 3 3 1 4 2 3 1 3 2 1 1 4 1 2 1 4 4 1 2 0 3 4 1 2 1 2 1 4 1 3 1 3 2 3 1 4 1 3 4 2 4 3 3 3 1 1 3 4 1 1 1 2 1 4 1 3 4 1 1 2 1 1 4 1 4 1 4 1 3 4 4 4 1 1 1 4 1 3
168 0.138932 3 2 3 1 4 3 1 3 3 3 3 3 4 1 3 2 2 1 3 3 1 4 2 3 1 3 2 1 1 4 1 2 1 4 4 1 2 3 3 4 1 2 1 2 1 4 1 3 1 3 2 3 3 4 1 3 4 2 4 3 3 3 1 1 3 4 1 1 1 2 1 4 1 3 4 1 1 2 1 1 4 1 4 1 4 1 3 4 4 4 1 1 1 2 3 3
168 0.138932 3 2 3 3 4 3 1 3 3 3 3 3 4 1 3 2 1 3 3 3 1 4 4 3 1 3 2 1 1 4 1 2 1 4 1 1 2 3 3 4 1 2 1 2 1 4 1 3 1 3 2 3 3 4 1 3 4 2 4 3 3 3 1 1 3 4 1 1 1 2 1 4 1 3 4 1 1 2 1 1 4 1 4 1 4 1 3 4 4 4 1 1 1 4 1 3
168 0.003434 3 2 3 1 4 3 1 3 3 3 3 3 4 1 3 2 1 3 3 3 1 4 4 3 1 3 2 1 1 4 1 2 1 3 1 1 2 3 3 4 1 2 3 2 1 4 1 3 1 3 2 3 3 4 1 3 4 2 4 3 3 3 1 1 3 4 1 1 1 2 1 4 1 3 4 1 1 2 1 1 4 1 4 1 4 3 3 4 4 4 1 1 1 4 1 3
168 0.003434 3 2 3 3 4 3 1 1 3 3 3 3 4 1 3 4 2 1 3 3 1 2 2 1 1 3 2 1 1 3 1 4 1 4 4 1 2 3 3 4 1 4 1 2 1 4 1 3 1 3 2 3 3 4 3 3 4 2 4 3 3 0 0 0 0 0 0 0 0 0 0 0 0 0 0 0 0 0 0 1 4 1 4 1 4 1 3 4 4 4 3 1 1 4 1 3
168 0.138932 3 2 3 3 4 1 1 3 3 3 3 3 4 1 3 2 2 1 3 3 1 4 2 3 1 3 2 1 1 4 1 2 1 4 4 1 2 3 3 4 1 2 1 2 1 4 1 3 1 3 2 3 3 4 1 3 4 2 4 3 3 3 1 1 3 4 1 1 1 2 1 4 1 3 4 1 1 2 1 1 4 1 4 1 4 1 3 4 4 4 1 1 1 4 1 3
169 0.003949 1 2 1 3 4 3 1 3 3 3 3 3 4 1 3 2 1 3 3 3 1 4 2 3 1 3 2 1 1 4 1 2 1 4 4 1 2 3 3 1 1 2 1 2 1 2 1 1 1 3 2 1 3 3 1 3 4 2 2 3 1 3 1 1 3 4 1 1 1 2 1 4 1 3 4 1 1 2 1 3 4 1 4 1 4 1 3 4 4 4 1 1 1 4 1 3
169 0.138344 3 2 3 3 4 3 1 3 3 3 3 3 4 1 3 2 1 3 3 3 1 4 4 3 1 1 1 1 1 4 1 2 1 4 1 3 2 3 3 4 1 2 1 2 1 4 1 3 3 3 2 3 3 4 1 3 4 2 4 3 3 3 1 1 3 4 1 1 1 2 1 4 1 3 4 1 1 2 1 1 4 1 4 1 4 1 3 4 4 4 1 1 1 4 1 3
169 0.003949 3 2 3 3 4 3 1 3 3 3 3 3 4 1 3 2 1 3 3 3 1 4 2 3 1 3 2 1 1 4 1 2 1 4 1 1 2 3 3 4 1 2 1 2 1 4 1 3 1 3 2 3 3 4 1 3 4 2 4 3 3 3 1 1 3 4 1 1 1 2 1 4 1 3 4 1 1 2 1 1 4 1 4 1 4 1 3 4 4 4 1 1 1 4 1 3
169 0.138344 3 2 3 1 4 3 1 3 3 3 3 3 4 1 3 2 2 1 3 3 1 4 2 3 1 3 2 1 1 4 1 2 1 4 4 1 2 3 3 4 1 2 1 2 1 4 1 3 1 3 2 3 3 4 1 3 4 2 4 3 3 3 1 1 3 4 1 1 1 2 1 4 1 3 4 1 1 2 1 1 4 1 4 1 4 1 3 4 4 4 1 1 1 4 1 3
169 0.003949 3 2 3 3 4 3 1 3 3 3 3 3 4 1 3 2 1 3 3 3 1 4 2 3 1 3 2 1 1 4 1 2 3 4 4 1 2 3 3 4 3 2 1 2 1 4 1 3 1 3 2 3 3 4 1 3 4 4 4 3 3 3 1 1 3 4 1 1 1 2 1 4 1 3 4 1 1 2 1 1 4 3 4 1 4 1 3 4 4 4 1 1 1 4 1 3
169 0.138344 3 2 3 1 4 3 1 3 3 3 3 3 4 1 3 2 2 1 3 3 1 4 2 3 1 3 2 1 1 4 1 2 1 4 4 1 2 3 3 4 1 2 1 2 1 4 1 3 1 3 2 3 3 4 1 3 4 2 4 3 3 3 1 1 3 4 1 1 1 2 1 4 1 3 4 1 1 2 1 1 4 1 4 1 4 1 3 4 4 4 1 3 1 4 1 3
169 0.003949 3 2 3 3 4 3 1 3 3 3 3 3 4 1 3 2 1 3 3 3 1 4 2 3 1 3 2 1 1 4 1 2 1 4 4 1 2 3 3 4 3 2 1 2 1 4 1 3 1 3 2 3 3 4 1 3 4 2 4 3 3 3 1 1 3 4 1 1 1 2 1 4 1 3 4 1 1 2 1 1 4 1 4 1 4 1 3 4 4 4 1 1 1 4 1 3
169 0.003949 3 2 3 3 4 3 1 3 3 3 3 3 4 1 3 2 1 3 1 3 1 4 2 3 1 3 2 1 1 4 3 2 1 4 4 1 2 3 3 4 1 2 1 2 1 4 1 3 1 3 2 3 3 4 1 3 4 2 4 3 3 3 1 1 3 4 1 1 1 2 1 4 1 3 4 1 1 2 1 1 4 1 4 1 4 1 3 4 2 4 1 1 1 4 1 3
169 0.003949 3 2 3 1 4 3 1 3 3 3 3 3 4 1 3 2 1 3 3 3 1 4 4 3 1 3 2 1 1 4 1 2 1 3 1 1 2 3 3 4 1 2 3 2 1 4 1 3 1 3 2 3 3 4 1 3 4 2 4 3 3 3 1 1 3 4 1 1 1 2 1 4 1 3 4 1 1 2 1 1 4 1 4 1 4 3 3 4 4 4 1 1 3 4 1 3
169 0.138344 3 2 3 1 4 3 1 3 3 3 3 3 4 1 3 2 2 1 3 3 1 4 2 3 1 3 2 1 1 4 1 2 1 4 4 1 2 0 3 4 1 2 1 2 1 4 1 3 1 3 2 3 1 4 1 3 4 2 4 3 3 3 1 1 3 4 1 1 1 2 1 4 1 3 4 1 1 2 1 1 4 1 4 1 4 1 3 4 4 4 1 1 1 4 1 3
169 0.138344 3 2 3 1 4 3 1 3 3 3 3 3 4 1 3 2 2 1 3 3 1 4 2 3 1 3 2 1 1 4 1 2 1 4 4 1 2 3 3 4 1 2 1 2 1 4 1 3 1 3 2 3 3 4 1 3 4 2 4 3 3 3 1 1 3 4 1 1 1 2 1 4 1 3 4 1 1 2 1 1 4 1 4 1 4 1 3 4 4 4 1 1 1 2 3 3
169 0.138344 3 2 3 3 4 3 1 3 3 3 3 3 4 1 3 2 1 3 3 3 1 4 4 3 1 3 2 1 1 4 1 2 1 4 1 1 2 3 3 4 1 2 1 2 1 4 1 3 1 3 2 3 3 4 1 3 4 2 4 3 3 3 1 1 3 4 1 1 1 2 1 4 1 3 4 1 1 2 1 1 4 1 4 1 4 1 3 4 4 4 1 1 1 4 1 3
169 0.003949 3 2 3 1 4 3 1 3 3 3 3 3 4 1 3 2 1 3 3 3 1 4 4 3 1 3 2 1 1 4 1 2 1 3 1 1 2 3 3 4 1 2 3 2 1 4 1 3 1 3 2 3 3 4 1 3 4 2 4 3 3 3 1 1 3 4 1 1 1 2 1 4 1 3 4 1 1 2 1 1 4 1 4 1 4 3 3 4 4 4 1 1 1 4 1 3
169 0.003949 3 2 3 3 4 3 1 1 3 3 3 3 4 1 3 4 2 1 3 3 1 2 2 1 1 3 2 1 1 3 1 4 1 4 4 1 2 3 3 4 1 4 1 2 1 4 1 3 1 3 2 3 3 4 3 3 4 2 4 3 3 0 0 0 0 0 0 0 0 0 0 0 0 0 0 0 0 0 0 1 4 1 4 1 4 1 3 4 4 4 3 1 1 4 1 3
169 0.138344 3 2 3 3 4 1 1 3 3 3 3 3 4 1 3 2 2 1 3 3 1 4 2 3 1 3 2 1 1 4 1 2 1 4 4 1 2 3 3 4 1 2 1 2 1 4 1 3 1 3 2 3 3 4 1 3 4 2 4 3 3 3 1 1 3 4 1 1 1 2 1 4 1 3 4 1 1 2 1 1 4 1 4 1 4 1 3 4 4 4 1 1 1 4 1 3
170 0.004522 1 2 1 3 4 3 1 3 3 3 3 3 4 1 3 2 1 3 3 3 1 4 2 3 1 3 2 1 1 4 1 2 1 4 4 1 2 3 3 1 1 2 1 2 1 2 1 1 1 3 2 1 3 3 1 3 4 2 2 3 1 3 1 1 3 4 1 1 1 2 1 4 1 3 4 1 1 2 1 3 4 1 4 1 4 1 3 4 4 4 1 1 1 4 1 3
170 0.137689 3 2 3 3 4 3 1 3 3 3 3 3 4 1 3 2 1 3 3 3 1 4 4 3 1 1 1 1 1 4 1 2 1 4 1 3 2 3 3 4 1 2 1 2 1 4 1 3 3 3 2 3 3 4 1 3 4 2 4 3 3 3 1 1 3 4 1 1 1 2 1 4 1 3 4 1 1 2 1 1 4 1 4 1 4 1 3 4 4 4 1 1 1 4 1 3
170 0.004522 3 2 3 3 4 3 1 3 3 3 3 3 4 1 3 2 1 3 3 3 1 4 2 3 1 3 2 1 1 4 1 2 1 4 1 1 2 3 3 4 1 2 1 2 1 4 1 3 1 3 2 3 3 4 1 3 4 2 4 3 3 3 1 1 3 4 1 1 1 2 1 4 1 3 4 1 1 2 1 1 4 1 4 1 4 1 3 4 4 4 1 1 1 4 1 3
170 0.137689 3 2 3 1 4 3 1 3 3 3 3 3 4 1 3 2 2 1 3 3 1 4 2 3 1 3 2 1 1 4 1 2 1 4 4 1 2 3 3 4 1 2 1 2 1 4 1 3 1 3 2 3 3 4 1 3 4 2 4 3 3 3 1 1 3 4 1 1 1 2 1 4 1 3 4 1 1 2 1 1 4 1 4 1 4 1 3 4 4 4 1 1 1 4 1 3
170 0.004522 3 2 3 3 4 3 1 3 3 3 3 3 4 1 3 2 1 3 3 3 1 4 2 3 1 3 2 1 1 4 1 2 3 4 4 1 2 3 3 4 3 2 1 2 1 4 1 3 1 3 2 3 3 4 1 3 4 4 4 3 3 3 1 1 3 4 1 1 1 2 1 4 1 3 4 1 1 2 1 1 4 3 4 1 4 1 3 4 4 4 1 1 1 4 1 3
170 0.137689 3 2 3 1 4 3 1 3 3 3 3 3 4 1 3 2 2 1 3 3 1 4 2 3 1 3 2 1 1 4 1 2 1 4 4 1 2 3 3 4 1 2 1 2 1 4 1 3 1 3 2 3 3 4 1 3 4 2 4 3 3 3 1 1 3 4 1 1 1 2 1 4 1 3 4 1 1 2 1 1 4 1 4 1 4 1 3 4 4 4 1 3 1 4 1 3
170 0.004522 3 2 3 3 4 3 1 3 3 3 3 3 4 1 3 2 1 3 3 3 1 4 2 3 1 3 2 1 1 4 1 2 1 4 4 1 2 3 3 4 3 2 1 2 1 4 1 3 1 3 2 3 3 4 1 3 4 2 4 3 3 3 1 1 3 4 1 1 1 2 1 4 1 3 4 1 1 2 1 1 4 1 4 1 4 1 3 4 4 4 1 1 1 4 1 3
170 0.004522 3 2 3 3 4 3 1 3 3 3 3 3 4 1 3 2 1 3 1 3 1 4 2 3 1 3 2 1 1 4 3 2 1 4 4 1 2 3 3 4 1 2 1 2 1 4 1 3 1 3 2 3 3 4 1 3 4 2 4 3 3 3 1 1 3 4 1 1 1 2 1 4 1 3 4 1 1 2 1 1 4 1 4 1 4 1 3 4 2 4 1 1 1 4 1 3
170 0.004522 3 2 3 1 4 3 1 3 3 3 3 3 4 1 3 2 1 3 3 3 1 4 4 3 1 3 2 1 1 4 1 2 1 3 1 1 2 3 3 4 1 2 3 2 1 4 1 3 1 3 2 3 3 4 1 3 4 2 4 3 3 3 1 1 3 4 1 1 1 2 1 4 1 3 4 1 1 2 1 1 4 1 4 1 4 3 3 4 4 4 1 1 3 4 1 3
170 0.137689 3 2 3 1 4 3 1 3 3 3 3 3 4 1 3 2 2 1 3 3 1 4 2 3 1 3 2 1 1 4 1 2 1 4 4 1 2 0 3 4 1 2 1 2 1 4 1 3 1 3 2 3 1 4 1 3 4 2 4 3 3 3 1 1 3 4 1 1 1 2 1 4 1 3 4 1 1 2 1 1 4 1 4 1 4 1 3 4 4 4 1 1 1 4 1 3
170 0.137689 3 2 3 1 4 3 1 3 3 3 3 3 4 1 3 2 2 1 3 3 1 4 2 3 1 3 2 1 1 4 1 2 1 4 4 1 2 3 3 4 1 2 1 2 1 4 1 3 1 3 2 3 3 4 1 3 4 2 4 3 3 3 1 1 3 4 1 1 1 2 1 4 1 3 4 1 1 2 1 1 4 1 4 1 4 1 3 4 4 4 1 1 1 2 3 3
170 0.137689 3 2 3 3 4 3 1 3 3 3 3 3 4 1 3 2 1 3 3 3 1 4 4 3 1 3 2 1 1 4 1 2 1 4 1 1 2 3 3 4 1 2 1 2 1 4 1 3 1 3 2 3 3 4 1 3 4 2 4 3 3 3 1 1 3 4 1 1 1 2 1 4 1 3 4 1 1 2 1 1 4 1 4 1 4 1 3 4 4 4 1 1 1 4 1 3
170 0.004522 3 2 3 1 4 3 1 3 3 3 3 3 4 1 3 2 1 3 3 3 1 4 4 3 1 3 2 1 1 4 1 2 1 3 1 1 2 3 3 4 1 2 3 2 1 4 1 3 1 3 2 3 3 4 1 3 4 2 4 3 3 3 1 1 3 4 1 1 1 2 1 4 1 3 4 1 1 2 1 1 4 1 4 1 4 3 3 4 4 4 1 1 1 4 1 3
170 0.004522 3 2 3 3 4 3 1 1 3 3 3 3 4 1 3 4 2 1 3 3 1 2 2 1 1 3 2 1 1 3 1 4 1 4 4 1 2 3 3 4 1 4 1 2 1 4 1 3 1 3 2 3 3 4 3 3 4 2 4 3 3 0 0 0 0 0 0 0 0 0 0 0 0 0 0 0 0 0 0 1 4 1 4 1 4 1 3 4 4 4 3 1 1 4 1 3
170 0.137689 3 2 3 3 4 1 1 3 3 3 3 3 4 1 3 2 2 1 3 3 1 4 2 3 1 3 2 1 1 4 1 2 1 4 4 1 2 3 3 4 1 2 1 2 1 4 1 3 1 3 2 3 3 4 1 3 4 2 4 3 3 3 1 1 3 4 1 1 1 2 1 4 1 3 4 1 1 2 1 1 4 1 4 1 4 1 3 4 4 4 1 1 1 4 1 3
171 0.005161 1 2 1 3 4 3 1 3 3 3 3 3 4 1 3 2 1 3 3 3 1 4 2 3 1 3 2 1 1 4 1 2 1 4 4 1 2 3 3 1 1 2 1 2 1 2 1 1 1 3 2 1 3 3 1 3 4 2 2 3 1 3 1 1 3 4 1 1 1 2 1 4 1 3 4 1 1 2 1 3 4 1 4 1 4 1 3 4 4 4 1 1 1 4 1 3
171 0.136959 3 2 3 3 4 3 1 3 3 3 3 3 4 1 3 2 1 3 3 3 1 4 4 3 1 1 1 1 1 4 1 2 1 4 1 3 2 3 3 4 1 2 1 2 1 4 1 3 3 3 2 3 3 4 1 3 4 2 4 3 3 3 1 1 3 4 1 1 1 2 1 4 1 3 4 1 1 2 1 1 4 1 4 1 4 1 3 4 4 4 1 1 1 4 1 3
171 0.005161 3 2 3 3 4 3 1 3 3 3 3 3 4 1 3 2 1 3 3 3 1 4 2 3 1 3 2 1 1 4 1 2 1 4 1 1 2 3 3 4 1 2 1 2 1 4 1 3 1 3 2 3 3 4 1 3 4 2 4 3 3 3 1 1 3 4 1 1 1 2 1 4 1 3 4 1 1 2 1 1 4 1 4 1 4 1 3 4 4 4 1 1 1 4 1 3
171 0.136959 3 2 3 1 4 3 1 3 3 3 3 3 4 1 3 2 2 1 3 3 1 4 2 3 1 3 2 1 1 4 1 2 1 4 4 1 2 3 3 4 1 2 1 2 1 4 1 3 1 3 2 3 3 4 1 3 4 2 4 3 3 3 1 1 3 4 1 1 1 2 1 4 1 3 4 1 1 2 1 1 4 1 4 1 4 1 3 4 4 4 1 1 1 4 1 3
171 0.005161 3 2 3 3 4 3 1 3 3 3 3 3 4 1 3 2 1 3 3 3 1 4 2 3 1 3 2 1 1 4 1 2 3 4 4 1 2 3 3 4 3 2 1 2 1 4 1 3 1 3 2 3 3 4 1 3 4 4 4 3 3 3 1 1 3 4 1 1 1 2 1 4 1 3 4 1 1 2 1 1 4 3 4 1 4 1 3 4 4 4 1 1 1 4 1 3
171 0.136959 3 2 3 1 4 3 1 3 3 3 3 3 4 1 3 2 2 1 3 3 1 4 2 3 1 3 2 1 1 4 1 2 1 4 4 1 2 3 3 4 1 2 1 2 1 4 1 3 1 3 2 3 3 4 1 3 4 2 4 3 3 3 1 1 3 4 1 1 1 2 1 4 1 3 4 1 1 2 1 1 4 1 4 1 4 1 3 4 4 4 1 3 1 4 1 3
171 0.005161 3 2 3 3 4 3 1 3 3 3 3 3 4 1 3 2 1 3 3 3 1 4 2 3 1 3 2 1 1 4 1 2 1 4 4 1 2 3 3 4 3 2 1 2 1 4 1 3 1 3 2 3 3 4 1 3 4 2 4 3 3 3 1 1 3 4 1 1 1 2 1 4 1 3 4 1 1 2 1 1 4 1 4 1 4 1 3 4 4 4 1 1 1 4 1 3
171 0.005161 3 2 3 3 4 3 1 3 3 3 3 3 4 1 3 2 1 3 1 3 1 4 2 3 1 3 2 1 1 4 3 2 1 4 4 1 2 3 3 4 1 2 1 2 1 4 1 3 1 3 2 3 3 4 1 3 4 2 4 3 3 3 1 1 3 4 1 1 1 2 1 4 1 3 4 1 1 2 1 1 4 1 4 1 4 1 3 4 2 4 1 1 1 4 1 3
171 0.005161 3 2 3 1 4 3 1 3 3 3 3 3 4 1 3 2 1 3 3 3 1 4 4 3 1 3 2 1 1 4 1 2 1 3 1 1 2 3 3 4 1 2 3 2 1 4 1 3 1 3 2 3 3 4 1 3 4 2 4 3 3 3 1 1 3 4 1 1 1 2 1 4 1 3 4 1 1 2 1 1 4 1 4 1 4 3 3 4 4 4 1 1 3 4 1 3
171 0.136959 3 2 3 1 4 3 1 3 3 3 3 3 4 1 3 2 2 1 3 3 1 4 2 3 1 3 2 1 1 4 1 2 1 4 4 1 2 0 3 4 1 2 1 2 1 4 1 3 1 3 2 3 1 4 1 3 4 2 4 3 3 3 1 1 3 4 1 1 1 2 1 4 1 3 4 1 1 2 1 1 4 1 4 1 4 1 3 4 4 4 1 1 1 4 1 3
171 0.136959 3 2 3 1 4 3 1 3 3 3 3 3 4 1 3 2 2 1 3 3 1 4 2 3 1 3 2 1 1 4 1 2 1 4 4 1 2 3 3 4 1 2 1 2 1 4 1 3 1 3 2 3 3 4 1 3 4 2 4 3 3 3 1 1 3 4 1 1 1 2 1 4 1 3 4 1 1 2 1 1 4 1 4 1 4 1 3 4 4 4 1 1 1 2 3 3
171 0.136959 3 2 3 3 4 3 1 3 3 3 3 3 4 1 3 2 1 3 3 3 1 4 4 3 1 3 2 1 1 4 1 2 1 4 1 1 2 3 3 4 1 2 1 2 1 4 1 3 1 3 2 3 3 4 1 3 4 2 4 3 3 3 1 1 3 4 1 1 1 2 1 4 1 3 4 1 1 2 1 1 4 1 4 1 4 1 3 4 4 4 1 1 1 4 1 3
171 0.005161 3 2 3 1 4 3 1 3 3 3 3 3 4 1 3 2 1 3 3 3 1 4 4 3 1 3 2 1 1 4 1 2 1 3 1 1 2 3 3 4 1 2 3 2 1 4 1 3 1 3 2 3 3 4 1 3 4 2 4 3 3 3 1 1 3 4 1 1 1 2 1 4 1 3 4 1 1 2 1 1 4 1 4 1 4 3 3 4 4 4 1 1 1 4 1 3
171 0.005161 3 2 3 3 4 3 1 1 3 3 3 3 4 1 3 4 2 1 3 3 1 2 2 1 1 3 2 1 1 3 1 4 1 4 4 1 2 3 3 4 1 4 1 2 1 4 1 3 1 3 2 3 3 4 3 3 4 2 4 3 3 0 0 0 0 0 0 0 0 0 0 0 0 0 0 0 0 0 0 1 4 1 4 1 4 1 3 4 4 4 3 1 1 4 1 3
171 0.136959 3 2 3 3 4 1 1 3 3 3 3 3 4 1 3 2 2 1 3 3 1 4 2 3 1 3 2 1 1 4 1 2 1 4 4 1 2 3 3 4 1 2 1 2 1 4 1 3 1 3 2 3 3 4 1 3 4 2 4 3 3 3 1 1 3 4 1 1 1 2 1 4 1 3 4 1 1 2 1 1 4 1 4 1 4 1 3 4 4 4 1 1 1 4 1 3
172 0.005871 1 2 1 3 4 3 1 3 3 3 3 3 4 1 3 2 1 3 3 3 1 4 2 3 1 3 2 1 1 4 1 2 1 4 4 1 2 3 3 1 1 2 1 2 1 2 1 1 1 3 2 1 3 3 1 3 4 2 2 3 1 3 1 1 3 4 1 1 1 2 1 4 1 3 4 1 1 2 1 3 4 1 4 1 4 1 3 4 4 4 1 1 1 4 1 3
172 0.136147 3 2 3 3 4 3 1 3 3 3 3 3 4 1 3 2 1 3 3 3 1 4 4 3 1 1 1 1 1 4 1 2 1 4 1 3 2 3 3 4 1 2 1 2 1 4 1 3 3 3 2 3 3 4 1 3 4 2 4 3 3 3 1 1 3 4 1 1 1 2 1 4 1 3 4 1 1 2 1 1 4 1 4 1 4 1 3 4 4 4 1 1 1 4 1 3
172 0.005871 3 2 3 3 4 3 1 3 3 3 3 3 4 1 3 2 1 3 3 3 1 4 2 3 1 3 2 1 1 4 1 2 1 4 1 1 2 3 3 4 1 2 1 2 1 4 1 3 1 3 2 3 3 4 1 3 4 2 4 3 3 3 1 1 3 4 1 1 1 2 1 4 1 3 4 1 1 2 1 1 4 1 4 1 4 1 3 4 4 4 1 1 1 4 1 3
172 0.136147 3 2 3 1 4 3 1 3 3 3 3 3 4 1 3 2 2 1 3 3 1 4 2 3 1 3 2 1 1 4 1 2 1 4 4 1 2 3 3 4 1 2 1 2 1 4 1 3 1 3 2 3 3 4 1 3 4 2 4 3 3 3 1 1 3 4 1 1 1 2 1 4 1 3 4 1 1 2 1 1 4 1 4 1 4 1 3 4 4 4 1 1 1 4 1 3
172 0.005871 3 2 3 3 4 3 1 3 3 3 3 3 4 1 3 2 1 3 3 3 1 4 2 3 1 3 2 1 1 4 1 2 3 4 4 1 2 3 3 4 3 2 1 2 1 4 1 3 1 3 2 3 3 4 1 3 4 4 4 3 3 3 1 1 3 4 1 1 1 2 1 4 1 3 4 1 1 2 1 1 4 3 4 1 4 1 3 4 4 4 1 1 1 4 1 3
172 0.136147 3 2 3 1 4 3 1 3 3 3 3 3 4 1 3 2 2 1 3 3 1 4 2 3 1 3 2 1 1 4 1 2 1 4 4 1 2 3 3 4 1 2 1 2 1 4 1 3 1 3 2 3 3 4 1 3 4 2 4 3 3 3 1 1 3 4 1 1 1 2 1 4 1 3 4 1 1 2 1 1 4 1 4 1 4 1 3 4 4 4 1 3 1 4 1 3
172 0.005871 3 2 3 3 4 3 1 3 3 3 3 3 4 1 3 2 1 3 3 3 1 4 2 3 1 3 2 1 1 4 1 2 1 4 4 1 2 3 3 4 3 2 1 2 1 4 1 3 1 3 2 3 3 4 1 3 4 2 4 3 3 3 1 1 3 4 1 1 1 2 1 4 1 3 4 1 1 2 1 1 4 1 4 1 4 1 3 4 4 4 1 1 1 4 1 3
172 0.005871 3 2 3 3 4 3 1 3 3 3 3 3 4 1 3 2 1 3 1 3 1 4 2 3 1 3 2 1 1 4 3 2 1 4 4 1 2 3 3 4 1 2 1 2 1 4 1 3 1 3 2 3 3 4 1 3 4 2 4 3 3 3 1 1 3 4 1 1 1 2 1 4 1 3 4 1 1 2 1 1 4 1 4 1 4 1 3 4 2 4 1 1 1 4 1 3
172 0.005871 3 2 3 1 4 3 1 3 3 3 3 3 4 1 3 2 1 3 3 3 1 4 4 3 1 3 2 1 1 4 1 2 1 3 1 1 2 3 3 4 1 2 3 2 1 4 1 3 1 3 2 3 3 4 1 3 4 2 4 3 3 3 1 1 3 4 1 1 1 2 1 4 1 3 4 1 1 2 1 1 4 1 4 1 4 3 3 4 4 4 1 1 3 4 1 3
172 0.136147 3 2 3 1 4 3 1 3 3 3 3 3 4 1 3 2 2 1 3 3 1 4 2 3 1 3 2 1 1 4 1 2 1 4 4 1 2 0 3 4 1 2 1 2 1 4 1 3 1 3 2 3 1 4 1 3 4 2 4 3 3 3 1 1 3 4 1 1 1 2 1 4 1 3 4 1 1 2 1 1 4 1 4 1 4 1 3 4 4 4 1 1 1 4 1 3
172 0.136147 3 2 3 1 4 3 1 3 3 3 3 3 4 1 3 2 2 1 3 3 1 4 2 3 1 3 2 1 1 4 1 2 1 4 4 1 2 3 3 4 1 2 1 2 1 4 1 3 1 3 2 3 3 4 1 3 4 2 4 3 3 3 1 1 3 4 1 1 1 2 1 4 1 3 4 1 1 2 1 1 4 1 4 1 4 1 3 4 4 4 1 1 1 2 3 3
172 0.136147 3 2 3 3 4 3 1 3 3 3 3 3 4 1 3 2 1 3 3 3 1 4 4 3 1 3 2 1 1 4 1 2 1 4 1 1 2 3 3 4 1 2 1 2 1 4 1 3 1 3 2 3 3 4 1 3 4 2 4 3 3 3 1 1 3 4 1 1 1 2 1 4 1 3 4 1 1 2 1 1 4 1 4 1 4 1 3 4 4 4 1 1 1 4 1 3
172 0.005871 3 2 3 1 4 3 1 3 3 3 3 3 4 1 3 2 1 3 3 3 1 4 4 3 1 3 2 1 1 4 1 2 1 3 1 1 2 3 3 4 1 2 3 2 1 4 1 3 1 3 2 3 3 4 1 3 4 2 4 3 3 3 1 1 3 4 1 1 1 2 1 4 1 3 4 1 1 2 1 1 4 1 4 1 4 3 3 4 4 4 1 1 1 4 1 3
172 0.005871 3 2 3 3 4 3 1 1 3 3 3 3 4 1 3 4 2 1 3 3 1 2 2 1 1 3 2 1 1 3 1 4 1 4 4 1 2 3 3 4 1 4 1 2 1 4 1 3 1 3 2 3 3 4 3 3 4 2 4 3 3 0 0 0 0 0 0 0 0 0 0 0 0 0 0 0 0 0 0 1 4 1 4 1 4 1 3 4 4 4 3 1 1 4 1 3
172 0.136147 3 2 3 3 4 1 1 3 3 3 3 3 4 1 3 2 2 1 3 3 1 4 2 3 1 3 2 1 1 4 1 2 1 4 4 1 2 3 3 4 1 2 1 2 1 4 1 3 1 3 2 3 3 4 1 3 4 2 4 3 3 3 1 1 3 4 1 1 1 2 1 4 1 3 4 1 1 2 1 1 4 1 4 1 4 1 3 4 4 4 1 1 1 4 1 3
173 0.006660 1 2 1 3 4 3 1 3 3 3 3 3 4 1 3 2 1 3 3 3 1 4 2 3 1 3 2 1 1 4 1 2 1 4 4 1 2 3 3 1 1 2 1 2 1 2 1 1 1 3 2 1 3 3 1 3 4 2 2 3 1 3 1 1 3 4 1 1 1 2 1 4 1 3 4 1 1 2 1 3 4 1 4 1 4 1 3 4 4 4 1 1 1 4 1 3
173 0.135245 3 2 3 3 4 3 1 3 3 3 3 3 4 1 3 2 1 3 3 3 1 4 4 3 1 1 1 1 1 4 1 2 1 4 1 3 2 3 3 4 1 2 1 2 1 4 1 3 3 3 2 3 3 4 1 3 4 2 4 3 3 3 1 1 3 4 1 1 1 2 1 4 1 3 4 1 1 2 1 1 4 1 4 1 4 1 3 4 4 4 1 1 1 4 1 3
173 0.006660 3 2 3 3 4 3 1 3 3 3 3 3 4 1 3 2 1 3 3 3 1 4 2 3 1 3 2 1 1 4 1 2 1 4 1 1 2 3 3 4 1 2 1 2 1 4 1 3 1 3 2 3 3 4 1 3 4 2 4 3 3 3 1 1 3 4 1 1 1 2 1 4 1 3 4 1 1 2 1 1 4 1 4 1 4 1 3 4 4 4 1 1 1 4 1 3
173 0.135245 3 2 3 1 4 3 1 3 3 3 3 3 4 1 3 2 2 1 3 3 1 4 2 3 1 3 2 1 1 4 1 2 1 4 4 1 2 3 3 4 1 2 1 2 1 4 1 3 1 3 2 3 3 4 1 3 4 2 4 3 3 3 1 1 3 4 1 1 1 2 1 4 1 3 4 1 1 2 1 1 4 1 4 1 4 1 3 4 4 4 1 1 1 4 1 3
173 0.006660 3 2 3 3 4 3 1 3 3 3 3 3 4 1 3 2 1 3 3 3 1 4 2 3 1 3 2 1 1 4 1 2 3 4 4 1 2 3 3 4 3 2 1 2 1 4 1 3 1 3 2 3 3 4 1 3 4 4 4 3 3 3 1 1 3 4 1 1 1 2 1 4 1 3 4 1 1 2 1 1 4 3 4 1 4 1 3 4 4 4 1 1 1 4 1 3
173 0.135245 3 2 3 1 4 3 1 3 3 3 3 3 4 1 3 2 2 1 3 3 1 4 2 3 1 3 2 1 1 4 1 2 1 4 4 1 2 3 3 4 1 2 1 2 1 4 1 3 1 3 2 3 3 4 1 3 4 2 4 3 3 3 1 1 3 4 1 1 1 2 1 4 1 3 4 1 1 2 1 1 4 1 4 1 4 1 3 4 4 4 1 3 1 4 1 3
173 0.006660 3 2 3 3 4 3 1 3 3 3 3 3 4 1 3 2 1 3 3 3 1 4 2 3 1 3 2 1 1 4 1 2 1 4 4 1 2 3 3 4 3 2 1 2 1 4 1 3 1 3 2 3 3 4 1 3 4 2 4 3 3 3 1 1 3 4 1 1 1 2 1 4 1 3 4 1 1 2 1 1 4 1 4 1 4 1 3 4 4 4 1 1 1 4 1 3
173 0.006660 3 2 3 3 4 3 1 3 3 3 3 3 4 1 3 2 1 3 1 3 1 4 2 3 1 3 2 1 1 4 3 2 1 4 4 1 2 3 3 4 1 2 1 2 1 4 1 3 1 3 2 3 3 4 1 3 4 2 4 3 3 3 1 1 3 4 1 1 1 2 1 4 1 3 4 1 1 2 1 1 4 1 4 1 4 1 3 4 2 4 1 1 1 4 1 3
173 0.006660 3 2 3 1 4 3 1 3 3 3 3 3 4 1 3 2 1 3 3 3 1 4 4 3 1 3 2 1 1 4 1 2 1 3 1 1 2 3 3 4 1 2 3 2 1 4 1 3 1 3 2 3 3 4 1 3 4 2 4 3 3 3 1 1 3 4 1 1 1 2 1 4 1 3 4 1 1 2 1 1 4 1 4 1 4 3 3 4 4 4 1 1 3 4 1 3
173 0.135245 3 2 3 1 4 3 1 3 3 3 3 3 4 1 3 2 2 1 3 3 1 4 2 3 1 3 2 1 1 4 1 2 1 4 4 1 2 0 3 4 1 2 1 2 1 4 1 3 1 3 2 3 1 4 1 3 4 2 4 3 3 3 1 1 3 4 1 1 1 2 1 4 1 3 4 1 1 2 1 1 4 1 4 1 4 1 3 4 4 4 1 1 1 4 1 3
173 0.135245 3 2 3 1 4 3 1 3 3 3 3 3 4 1 3 2 2 1 3 3 1 4 2 3 1 3 2 1 1 4 1 2 1 4 4 1 2 3 3 4 1 2 1 2 1 4 1 3 1 3 2 3 3 4 1 3 4 2 4 3 3 3 1 1 3 4 1 1 1 2 1 4 1 3 4 1 1 2 1 1 4 1 4 1 4 1 3 4 4 4 1 1 1 2 3 3
173 0.135245 3 2 3 3 4 3 1 3 3 3 3 3 4 1 3 2 1 3 3 3 1 4 4 3 1 3 2 1 1 4 1 2 1 4 1 1 2 3 3 4 1 2 1 2 1 4 1 3 1 3 2 3 3 4 1 3 4 2 4 3 3 3 1 1 3 4 1 1 1 2 1 4 1 3 4 1 1 2 1 1 4 1 4 1 4 1 3 4 4 4 1 1 1 4 1 3
173 0.006660 3 2 3 1 4 3 1 3 3 3 3 3 4 1 3 2 1 3 3 3 1 4 4 3 1 3 2 1 1 4 1 2 1 3 1 1 2 3 3 4 1 2 3 2 1 4 1 3 1 3 2 3 3 4 1 3 4 2 4 3 3 3 1 1 3 4 1 1 1 2 1 4 1 3 4 1 1 2 1 1 4 1 4 1 4 3 3 4 4 4 1 1 1 4 1 3
173 0.006660 3 2 3 3 4 3 1 1 3 3 3 3 4 1 3 4 2 1 3 3 1 2 2 1 1 3 2 1 1 3 1 4 1 4 4 1 2 3 3 4 1 4 1 2 1 4 1 3 1 3 2 3 3 4 3 3 4 2 4 3 3 0 0 0 0 0 0 0 0 0 0 0 0 0 0 0 0 0 0 1 4 1 4 1 4 1 3 4 4 4 3 1 1 4 1 3
173 0.135245 3 2 3 3 4 1 1 3 3 3 3 3 4 1 3 2 2 1 3 3 1 4 2 3 1 3 2 1 1 4 1 2 1 4 4 1 2 3 3 4 1 2 1 2 1 4 1 3 1 3 2 3 3 4 1 3 4 2 4 3 3 3 1 1 3 4 1 1 1 2 1 4 1 3 4 1 1 2 1 1 4 1 4 1 4 1 3 4 4 4 1 1 1 4 1 3
174 0.007536 1 2 1 3 4 3 1 3 3 3 3 3 4 1 3 2 1 3 3 3 1 4 2 3 1 3 2 1 1 4 1 2 1 4 4 1 2 3 3 1 1 2 1 2 1 2 1 1 1 3 2 1 3 3 1 3 4 2 2 3 1 3 1 1 3 4 1 1 1 2 1 4 1 3 4 1 1 2 1 3 4 1 4 1 4 1 3 4 4 4 1 1 1 4 1 3
174 0.134245 3 2 3 3 4 3 1 3 3 3 3 3 4 1 3 2 1 3 3 3 1 4 4 3 1 1 1 1 1 4 1 2 1 4 1 3 2 3 3 4 1 2 1 2 1 4 1 3 3 3 2 3 3 4 1 3 4 2 4 3 3 3 1 1 3 4 1 1 1 2 1 4 1 3 4 1 1 2 1 1 4 1 4 1 4 1 3 4 4 4 1 1 1 4 1 3
174 0.007536 3 2 3 3 4 3 1 3 3 3 3 3 4 1 3 2 1 3 3 3 1 4 2 3 1 3 2 1 1 4 1 2 1 4 1 1 2 3 3 4 1 2 1 2 1 4 1 3 1 3 2 3 3 4 1 3 4 2 4 3 3 3 1 1 3 4 1 1 1 2 1 4 1 3 4 1 1 2 1 1 4 1 4 1 4 1 3 4 4 4 1 1 1 4 1 3
174 0.134245 3 2 3 1 4 3 1 3 3 3 3 3 4 1 3 2 2 1 3 3 1 4 2 3 1 3 2 1 1 4 1 2 1 4 4 1 2 3 3 4 1 2 1 2 1 4 1 3 1 3 2 3 3 4 1 3 4 2 4 3 3 3 1 1 3 4 1 1 1 2 1 4 1 3 4 1 1 2 1 1 4 1 4 1 4 1 3 4 4 4 1 1 1 4 1 3
174 0.007536 3 2 3 3 4 3 1 3 3 3 3 3 4 1 3 2 1 3 3 3 1 4 2 3 1 3 2 1 1 4 1 2 3 4 4 1 2 3 3 4 3 2 1 2 1 4 1 3 1 3 2 3 3 4 1 3 4 4 4 3 3 3 1 1 3 4 1 1 1 2 1 4 1 3 4 1 1 2 1 1 4 3 4 1 4 1 3 4 4 4 1 1 1 4 1 3
174 0.134245 3 2 3 1 4 3 1 3 3 3 3 3 4 1 3 2 2 1 3 3 1 4 2 3 1 3 2 1 1 4 1 2 1 4 4 1 2 3 3 4 1 2 1 2 1 4 1 3 1 3 2 3 3 4 1 3 4 2 4 3 3 3 1 1 3 4 1 1 1 2 1 4 1 3 4 1 1 2 1 1 4 1 4 1 4 1 3 4 4 4 1 3 1 4 1 3
174 0.007536 3 2 3 3 4 3 1 3 3 3 3 3 4 1 3 2 1 3 3 3 1 4 2 3 1 3 2 1 1 4 1 2 1 4 4 1 2 3 3 4 3 2 1 2 1 4 1 3 1 3 2 3 3 4 1 3 4 2 4 3 3 3 1 1 3 4 1 1 1 2 1 4 1 3 4 1 1 2 1 1 4 1 4 1 4 1 3 4 4 4 1 1 1 4 1 3
174 0.007536 3 2 3 3 4 3 1 3 3 3 3 3 4 1 3 2 1 3 1 3 1 4 2 3 1 3 2 1 1 4 3 2 1 4 4 1 2 3 3 4 1 2 1 2 1 4 1 3 1 3 2 3 3 4 1 3 4 2 4 3 3 3 1 1 3 4 1 1 1 2 1 4 1 3 4 1 1 2 1 1 4 1 4 1 4 1 3 4 2 4 1 1 1 4 1 3
174 0.007536 3 2 3 1 4 3 1 3 3 3 3 3 4 1 3 2 1 3 3 3 1 4 4 3 1 3 2 1 1 4 1 2 1 3 1 1 2 3 3 4 1 2 3 2 1 4 1 3 1 3 2 3 3 4 1 3 4 2 4 3 3 3 1 1 3 4 1 1 1 2 1 4 1 3 4 1 1 2 1 1 4 1 4 1 4 3 3 4 4 4 1 1 3 4 1 3
174 0.134245 3 2 3 1 4 3 1 3 3 3 3 3 4 1 3 2 2 1 3 3 1 4 2 3 1 3 2 1 1 4 1 2 1 4 4 1 2 0 3 4 1 2 1 2 1 4 1 3 1 3 2 3 1 4 1 3 4 2 4 3 3 3 1 1 3 4 1 1 1 2 1 4 1 3 4 1 1 2 1 1 4 1 4 1 4 1 3 4 4 4 1 1 1 4 1 3
174 0.134245 3 2 3 1 4 3 1 3 3 3 3 3 4 1 3 2 2 1 3 3 1 4 2 3 1 3 2 1 1 4 1 2 1 4 4 1 2 3 3 4 1 2 1 2 1 4 1 3 1 3 2 3 3 4 1 3 4 2 4 3 3 3 1 1 3 4 1 1 1 2 1 4 1 3 4 1 1 2 1 1 4 1 4 1 4 1 3 4 4 4 1 1 1 2 3 3
174 0.134245 3 2 3 3 4 3 1 3 3 3 3 3 4 1 3 2 1 3 3 3 1 4 4 3 1 3 2 1 1 4 1 2 1 4 1 1 2 3 3 4 1 2 1 2 1 4 1 3 1 3 2 3 3 4 1 3 4 2 4 3 3 3 1 1 3 4 1 1 1 2 1 4 1 3 4 1 1 2 1 1 4 1 4 1 4 1 3 4 4 4 1 1 1 4 1 3
174 0.007536 3 2 3 1 4 3 1 3 3 3 3 3 4 1 3 2 1 3 3 3 1 4 4 3 1 3 2 1 1 4 1 2 1 3 1 1 2 3 3 4 1 2 3 2 1 4 1 3 1 3 2 3 3 4 1 3 4 2 4 3 3 3 1 1 3 4 1 1 1 2 1 4 1 3 4 1 1 2 1 1 4 1 4 1 4 3 3 4 4 4 1 1 1 4 1 3
174 0.007536 3 2 3 3 4 3 1 1 3 3 3 3 4 1 3 4 2 1 3 3 1 2 2 1 1 3 2 1 1 3 1 4 1 4 4 1 2 3 3 4 1 4 1 2 1 4 1 3 1 3 2 3 3 4 3 3 4 2 4 3 3 0 0 0 0 0 0 0 0 0 0 0 0 0 0 0 0 0 0 1 4 1 4 1 4 1 3 4 4 4 3 1 1 4 1 3
174 0.134245 3 2 3 3 4 1 1 3 3 3 3 3 4 1 3 2 2 1 3 3 1 4 2 3 1 3 2 1 1 4 1 2 1 4 4 1 2 3 3 4 1 2 1 2 1 4 1 3 1 3 2 3 3 4 1 3 4 2 4 3 3 3 1 1 3 4 1 1 1 2 1 4 1 3 4 1 1 2 1 1 4 1 4 1 4 1 3 4 4 4 1 1 1 4 1 3
175 0.008505 1 2 1 3 4 3 1 3 3 3 3 3 4 1 3 2 1 3 3 3 1 4 2 3 1 3 2 1 1 4 1 2 1 4 4 1 2 3 3 1 1 2 1 2 1 2 1 1 1 3 2 1 3 3 1 3 4 2 2 3 1 3 1 1 3 4 1 1 1 2 1 4 1 3 4 1 1 2 1 3 4 1 4 1 4 1 3 4 4 4 1 1 1 4 1 3
175 0.133137 3 2 3 3 4 3 1 3 3 3 3 3 4 1 3 2 1 3 3 3 1 4 4 3 1 1 1 1 1 4 1 2 1 4 1 3 2 3 3 4 1 2 1 2 1 4 1 3 3 3 2 3 3 4 1 3 4 2 4 3 3 3 1 1 3 4 1 1 1 2 1 4 1 3 4 1 1 2 1 1 4 1 4 1 4 1 3 4 4 4 1 1 1 4 1 3
175 0.008505 3 2 3 3 4 3 1 3 3 3 3 3 4 1 3 2 1 3 3 3 1 4 2 3 1 3 2 1 1 4 1 2 1 4 1 1 2 3 3 4 1 2 1 2 1 4 1 3 1 3 2 3 3 4 1 3 4 2 4 3 3 3 1 1 3 4 1 1 1 2 1 4 1 3 4 1 1 2 1 1 4 1 4 1 4 1 3 4 4 4 1 1 1 4 1 3
175 0.133137 3 2 3 1 4 3 1 3 3 3 3 3 4 1 3 2 2 1 3 3 1 4 2 3 1 3 2 1 1 4 1 2 1 4 4 1 2 3 3 4 1 2 1 2 1 4 1 3 1 3 2 3 3 4 1 3 4 2 4 3 3 3 1 1 3 4 1 1 1 2 1 4 1 3 4 1 1 2 1 1 4 1 4 1 4 1 3 4 4 4 1 1 1 4 1 3
175 0.008505 3 2 3 3 4 3 1 3 3 3 3 3 4 1 3 2 1 3 3 3 1 4 2 3 1 3 2 1 1 4 1 2 3 4 4 1 2 3 3 4 3 2 1 2 1 4 1 3 1 3 2 3 3 4 1 3 4 4 4 3 3 3 1 1 3 4 1 1 1 2 1 4 1 3 4 1 1 2 1 1 4 3 4 1 4 1 3 4 4 4 1 1 1 4 1 3
175 0.133137 3 2 3 1 4 3 1 3 3 3 3 3 4 1 3 2 2 1 3 3 1 4 2 3 1 3 2 1 1 4 1 2 1 4 4 1 2 3 3 4 1 2 1 2 1 4 1 3 1 3 2 3 3 4 1 3 4 2 4 3 3 3 1 1 3 4 1 1 1 2 1 4 1 3 4 1 1 2 1 1 4 1 4 1 4 1 3 4 4 4 1 3 1 4 1 3
175 0.008505 3 2 3 3 4 3 1 3 3 3 3 3 4 1 3 2 1 3 3 3 1 4 2 3 1 3 2 1 1 4 1 2 1 4 4 1 2 3 3 4 3 2 1 2 1 4 1 3 1 3 2 3 3 4 1 3 4 2 4 3 3 3 1 1 3 4 1 1 1 2 1 4 1 3 4 1 1 2 1 1 4 1 4 1 4 1 3 4 4 4 1 1 1 4 1 3
175 0.008505 3 2 3 3 4 3 1 3 3 3 3 3 4 1 3 2 1 3 1 3 1 4 2 3 1 3 2 1 1 4 3 2 1 4 4 1 2 3 3 4 1 2 1 2 1 4 1 3 1 3 2 3 3 4 1 3 4 2 4 3 3 3 1 1 3 4 1 1 1 2 1 4 1 3 4 1 1 2 1 1 4 1 4 1 4 1 3 4 2 4 1 1 1 4 1 3
175 0.008505 3 2 3 1 4 3 1 3 3 3 3 3 4 1 3 2 1 3 3 3 1 4 4 3 1 3 2 1 1 4 1 2 1 3 1 1 2 3 3 4 1 2 3 2 1 4 1 3 1 3 2 3 3 4 1 3 4 2 4 3 3 3 1 1 3 4 1 1 1 2 1 4 1 3 4 1 1 2 1 1 4 1 4 1 4 3 3 4 4 4 1 1 3 4 1 3
175 0.133137 3 2 3 1 4 3 1 3 3 3 3 3 4 1 3 2 2 1 3 3 1 4 2 3 1 3 2 1 1 4 1 2 1 4 4 1 2 0 3 4 1 2 1 2 1 4 1 3 1 3 2 3 1 4 1 3 4 2 4 3 3 3 1 1 3 4 1 1 1 2 1 4 1 3 4 1 1 2 1 1 4 1 4 1 4 1 3 4 4 4 1 1 1 4 1 3
175 0.133137 3 2 3 1 4 3 1 3 3 3 3 3 4 1 3 2 2 1 3 3 1 4 2 3 1 3 2 1 1 4 1 2 1 4 4 1 2 3 3 4 1 2 1 2 1 4 1 3 1 3 2 3 3 4 1 3 4 2 4 3 3 3 1 1 3 4 1 1 1 2 1 4 1 3 4 1 1 2 1 1 4 1 4 1 4 1 3 4 4 4 1 1 1 2 3 3
175 0.133137 3 2 3 3 4 3 1 3 3 3 3 3 4 1 3 2 1 3 3 3 1 4 4 3 1 3 2 1 1 4 1 2 1 4 1 1 2 3 3 4 1 2 1 2 1 4 1 3 1 3 2 3 3 4 1 3 4 2 4 3 3 3 1 1 3 4 1 1 1 2 1 4 1 3 4 1 1 2 1 1 4 1 4 1 4 1 3 4 4 4 1 1 1 4 1 3
175 0.008505 3 2 3 1 4 3 1 3 3 3 3 3 4 1 3 2 1 3 3 3 1 4 4 3 1 3 2 1 1 4 1 2 1 3 1 1 2 3 3 4 1 2 3 2 1 4 1 3 1 3 2 3 3 4 1 3 4 2 4 3 3 3 1 1 3 4 1 1 1 2 1 4 1 3 4 1 1 2 1 1 4 1 4 1 4 3 3 4 4 4 1 1 1 4 1 3
175 0.008505 3 2 3 3 4 3 1 1 3 3 3 3 4 1 3 4 2 1 3 3 1 2 2 1 1 3 2 1 1 3 1 4 1 4 4 1 2 3 3 4 1 4 1 2 1 4 1 3 1 3 2 3 3 4 3 3 4 2 4 3 3 0 0 0 0 0 0 0 0 0 0 0 0 0 0 0 0 0 0 1 4 1 4 1 4 1 3 4 4 4 3 1 1 4 1 3
175 0.133137 3 2 3 3 4 1 1 3 3 3 3 3 4 1 3 2 2 1 3 3 1 4 2 3 1 3 2 1 1 4 1 2 1 4 4 1 2 3 3 4 1 2 1 2 1 4 1 3 1 3 2 3 3 4 1 3 4 2 4 3 3 3 1 1 3 4 1 1 1 2 1 4 1 3 4 1 1 2 1 1 4 1 4 1 4 1 3 4 4 4 1 1 1 4 1 3
176 0.009577 1 2 1 3 4 3 1 3 3 3 3 3 4 1 3 2 1 3 3 3 1 4 2 3 1 3 2 1 1 4 1 2 1 4 4 1 2 3 3 1 1 2 1 2 1 2 1 1 1 3 2 1 3 3 1 3 4 2 2 3 1 3 1 1 3 4 1 1 1 2 1 4 1 3 4 1 1 2 1 3 4 1 4 1 4 1 3 4 4 4 1 1 1 4 1 3
176 0.131912 3 2 3 3 4 3 1 3 3 3 3 3 4 1 3 2 1 3 3 3 1 4 4 3 1 1 1 1 1 4 1 2 1 4 1 3 2 3 3 4 1 2 1 2 1 4 1 3 3 3 2 3 3 4 1 3 4 2 4 3 3 3 1 1 3 4 1 1 1 2 1 4 1 3 4 1 1 2 1 1 4 1 4 1 4 1 3 4 4 4 1 1 1 4 1 3
176 0.009577 3 2 3 3 4 3 1 3 3 3 3 3 4 1 3 2 1 3 3 3 1 4 2 3 1 3 2 1 1 4 1 2 1 4 1 1 2 3 3 4 1 2 1 2 1 4 1 3 1 3 2 3 3 4 1 3 4 2 4 3 3 3 1 1 3 4 1 1 1 2 1 4 1 3 4 1 1 2 1 1 4 1 4 1 4 1 3 4 4 4 1 1 1 4 1 3
176 0.131912 3 2 3 1 4 3 1 3 3 3 3 3 4 1 3 2 2 1 3 3 1 4 2 3 1 3 2 1 1 4 1 2 1 4 4 1 2 3 3 4 1 2 1 2 1 4 1 3 1 3 2 3 3 4 1 3 4 2 4 3 3 3 1 1 3 4 1 1 1 2 1 4 1 3 4 1 1 2 1 1 4 1 4 1 4 1 3 4 4 4 1 1 1 4 1 3
176 0.009577 3 2 3 3 4 3 1 3 3 3 3 3 4 1 3 2 1 3 3 3 1 4 2 3 1 3 2 1 1 4 1 2 3 4 4 1 2 3 3 4 3 2 1 2 1 4 1 3 1 3 2 3 3 4 1 3 4 4 4 3 3 3 1 1 3 4 1 1 1 2 1 4 1 3 4 1 1 2 1 1 4 3 4 1 4 1 3 4 4 4 1 1 1 4 1 3
176 0.131912 3 2 3 1 4 3 1 3 3 3 3 3 4 1 3 2 2 1 3 3 1 4 2 3 1 3 2 1 1 4 1 2 1 4 4 1 2 3 3 4 1 2 1 2 1 4 1 3 1 3 2 3 3 4 1 3 4 2 4 3 3 3 1 1 3 4 1 1 1 2 1 4 1 3 4 1 1 2 1 1 4 1 4 1 4 1 3 4 4 4 1 3 1 4 1 3
176 0.009577 3 2 3 3 4 3 1 3 3 3 3 3 4 1 3 2 1 3 3 3 1 4 2 3 1 3 2 1 1 4 1 2 1 4 4 1 2 3 3 4 3 2 1 2 1 4 1 3 1 3 2 3 3 4 1 3 4 2 4 3 3 3 1 1 3 4 1 1 1 2 1 4 1 3 4 1 1 2 1 1 4 1 4 1 4 1 3 4 4 4 1 1 1 4 1 3
176 0.009577 3 2 3 3 4 3 1 3 3 3 3 3 4 1 3 2 1 3 1 3 1 4 2 3 1 3 2 1 1 4 3 2 1 4 4 1 2 3 3 4 1 2 1 2 1 4 1 3 1 3 2 3 3 4 1 3 4 2 4 3 3 3 1 1 3 4 1 1 1 2 1 4 1 3 4 1 1 2 1 1 4 1 4 1 4 1 3 4 2 4 1 1 1 4 1 3
176 0.009577 3 2 3 1 4 3 1 3 3 3 3 3 4 1 3 2 1 3 3 3 1 4 4 3 1 3 2 1 1 4 1 2 1 3 1 1 2 3 3 4 1 2 3 2 1 4 1 3 1 3 2 3 3 4 1 3 4 2 4 3 3 3 1 1 3 4 1 1 1 2 1 4 1 3 4 1 1 2 1 1 4 1 4 1 4 3 3 4 4 4 1 1 3 4 1 3
176 0.131912 3 2 3 1 4 3 1 3 3 3 3 3 4 1 3 2 2 1 3 3 1 4 2 3 1 3 2 1 1 4 1 2 1 4 4 1 2 0 3 4 1 2 1 2 1 4 1 3 1 3 2 3 1 4 1 3 4 2 4 3 3 3 1 1 3 4 1 1 1 2 1 4 1 3 4 1 1 2 1 1 4 1 4 1 4 1 3 4 4 4 1 1 1 4 1 3
176 0.131912 3 2 3 1 4 3 1 3 3 3 3 3 4 1 3 2 2 1 3 3 1 4 2 3 1 3 2 1 1 4 1 2 1 4 4 1 2 3 3 4 1 2 1 2 1 4 1 3 1 3 2 3 3 4 1 3 4 2 4 3 3 3 1 1 3 4 1 1 1 2 1 4 1 3 4 1 1 2 1 1 4 1 4 1 4 1 3 4 4 4 1 1 1 2 3 3
176 0.131912 3 2 3 3 4 3 1 3 3 3 3 3 4 1 3 2 1 3 3 3 1 4 4 3 1 3 2 1 1 4 1 2 1 4 1 1 2 3 3 4 1 2 1 2 1 4 1 3 1 3 2 3 3 4 1 3 4 2 4 3 3 3 1 1 3 4 1 1 1 2 1 4 1 3 4 1 1 2 1 1 4 1 4 1 4 1 3 4 4 4 1 1 1 4 1 3
176 0.009577 3 2 3 1 4 3 1 3 3 3 3 3 4 1 3 2 1 3 3 3 1 4 4 3 1 3 2 1 1 4 1 2 1 3 1 1 2 3 3 4 1 2 3 2 1 4 1 3 1 3 2 3 3 4 1 3 4 2 4 3 3 3 1 1 3 4 1 1 1 2 1 4 1 3 4 1 1 2 1 1 4 1 4 1 4 3 3 4 4 4 1 1 1 4 1 3
176 0.009577 3 2 3 3 4 3 1 1 3 3 3 3 4 1 3 4 2 1 3 3 1 2 2 1 1 3 2 1 1 3 1 4 1 4 4 1 2 3 3 4 1 4 1 2 1 4 1 3 1 3 2 3 3 4 3 3 4 2 4 3 3 0 0 0 0 0 0 0 0 0 0 0 0 0 0 0 0 0 0 1 4 1 4 1 4 1 3 4 4 4 3 1 1 4 1 3
176 0.131912 3 2 3 3 4 1 1 3 3 3 3 3 4 1 3 2 2 1 3 3 1 4 2 3 1 3 2 1 1 4 1 2 1 4 4 1 2 3 3 4 1 2 1 2 1 4 1 3 1 3 2 3 3 4 1 3 4 2 4 3 3 3 1 1 3 4 1 1 1 2 1 4 1 3 4 1 1 2 1 1 4 1 4 1 4 1 3 4 4 4 1 1 1 4 1 3
177 0.010759 1 2 1 3 4 3 1 3 3 3 3 3 4 1 3 2 1 3 3 3 1 4 2 3 1 3 2 1 1 4 1 2 1 4 4 1 2 3 3 1 1 2 1 2 1 2 1 1 1 3 2 1 3 3 1 3 4 2 2 3 1 3 1 1 3 4 1 1 1 2 1 4 1 3 4 1 1 2 1 3 4 1 4 1 4 1 3 4 4 4 1 1 1 4 1 3
177 0.130561 3 2 3 3 4 3 1 3 3 3 3 3 4 1 3 2 1 3 3 3 1 4 4 3 1 1 1 1 1 4 1 2 1 4 1 3 2 3 3 4 1 2 1 2 1 4 1 3 3 3 2 3 3 4 1 3 4 2 4 3 3 3 1 1 3 4 1 1 1 2 1 4 1 3 4 1 1 2 1 1 4 1 4 1 4 1 3 4 4 4 1 1 1 4 1 3
177 0.010759 3 2 3 3 4 3 1 3 3 3 3 3 4 1 3 2 1 3 3 3 1 4 2 3 1 3 2 1 1 4 1 2 1 4 1 1 2 3 3 4 1 2 1 2 1 4 1 3 1 3 2 3 3 4 1 3 4 2 4 3 3 3 1 1 3 4 1 1 1 2 1 4 1 3 4 1 1 2 1 1 4 1 4 1 4 1 3 4 4 4 1 1 1 4 1 3
177 0.130561 3 2 3 1 4 3 1 3 3 3 3 3 4 1 3 2 2 1 3 3 1 4 2 3 1 3 2 1 1 4 1 2 1 4 4 1 2 3 3 4 1 2 1 2 1 4 1 3 1 3 2 3 3 4 1 3 4 2 4 3 3 3 1 1 3 4 1 1 1 2 1 4 1 3 4 1 1 2 1 1 4 1 4 1 4 1 3 4 4 4 1 1 1 4 1 3
177 0.010759 3 2 3 3 4 3 1 3 3 3 3 3 4 1 3 2 1 3 3 3 1 4 2 3 1 3 2 1 1 4 1 2 3 4 4 1 2 3 3 4 3 2 1 2 1 4 1 3 1 3 2 3 3 4 1 3 4 4 4 3 3 3 1 1 3 4 1 1 1 2 1 4 1 3 4 1 1 2 1 1 4 3 4 1 4 1 3 4 4 4 1 1 1 4 1 3
177 0.130561 3 2 3 1 4 3 1 3 3 3 3 3 4 1 3 2 2 1 3 3 1 4 2 3 1 3 2 1 1 4 1 2 1 4 4 1 2 3 3 4 1 2 1 2 1 4 1 3 1 3 2 3 3 4 1 3 4 2 4 3 3 3 1 1 3 4 1 1 1 2 1 4 1 3 4 1 1 2 1 1 4 1 4 1 4 1 3 4 4 4 1 3 1 4 1 3
177 0.010759 3 2 3 3 4 3 1 3 3 3 3 3 4 1 3 2 1 3 3 3 1 4 2 3 1 3 2 1 1 4 1 2 1 4 4 1 2 3 3 4 3 2 1 2 1 4 1 3 1 3 2 3 3 4 1 3 4 2 4 3 3 3 1 1 3 4 1 1 1 2 1 4 1 3 4 1 1 2 1 1 4 1 4 1 4 1 3 4 4 4 1 1 1 4 1 3
177 0.010759 3 2 3 3 4 3 1 3 3 3 3 3 4 1 3 2 1 3 1 3 1 4 2 3 1 3 2 1 1 4 3 2 1 4 4 1 2 3 3 4 1 2 1 2 1 4 1 3 1 3 2 3 3 4 1 3 4 2 4 3 3 3 1 1 3 4 1 1 1 2 1 4 1 3 4 1 1 2 1 1 4 1 4 1 4 1 3 4 2 4 1 1 1 4 1 3
177 0.010759 3 2 3 1 4 3 1 3 3 3 3 3 4 1 3 2 1 3 3 3 1 4 4 3 1 3 2 1 1 4 1 2 1 3 1 1 2 3 3 4 1 2 3 2 1 4 1 3 1 3 2 3 3 4 1 3 4 2 4 3 3 3 1 1 3 4 1 1 1 2 1 4 1 3 4 1 1 2 1 1 4 1 4 1 4 3 3 4 4 4 1 1 3 4 1 3
177 0.130561 3 2 3 1 4 3 1 3 3 3 3 3 4 1 3 2 2 1 3 3 1 4 2 3 1 3 2 1 1 4 1 2 1 4 4 1 2 0 3 4 1 2 1 2 1 4 1 3 1 3 2 3 1 4 1 3 4 2 4 3 3 3 1 1 3 4 1 1 1 2 1 4 1 3 4 1 1 2 1 1 4 1 4 1 4 1 3 4 4 4 1 1 1 4 1 3
177 0.130561 3 2 3 1 4 3 1 3 3 3 3 3 4 1 3 2 2 1 3 3 1 4 2 3 1 3 2 1 1 4 1 2 1 4 4 1 2 3 3 4 1 2 1 2 1 4 1 3 1 3 2 3 3 4 1 3 4 2 4 3 3 3 1 1 3 4 1 1 1 2 1 4 1 3 4 1 1 2 1 1 4 1 4 1 4 1 3 4 4 4 1 1 1 2 3 3
177 0.130561 3 2 3 3 4 3 1 3 3 3 3 3 4 1 3 2 1 3 3 3 1 4 4 3 1 3 2 1 1 4 1 2 1 4 1 1 2 3 3 4 1 2 1 2 1 4 1 3 1 3 2 3 3 4 1 3 4 2 4 3 3 3 1 1 3 4 1 1 1 2 1 4 1 3 4 1 1 2 1 1 4 1 4 1 4 1 3 4 4 4 1 1 1 4 1 3
177 0.010759 3 2 3 1 4 3 1 3 3 3 3 3 4 1 3 2 1 3 3 3 1 4 4 3 1 3 2 1 1 4 1 2 1 3 1 1 2 3 3 4 1 2 3 2 1 4 1 3 1 3 2 3 3 4 1 3 4 2 4 3 3 3 1 1 3 4 1 1 1 2 1 4 1 3 4 1 1 2 1 1 4 1 4 1 4 3 3 4 4 4 1 1 1 4 1 3
177 0.010759 3 2 3 3 4 3 1 1 3 3 3 3 4 1 3 4 2 1 3 3 1 2 2 1 1 3 2 1 1 3 1 4 1 4 4 1 2 3 3 4 1 4 1 2 1 4 1 3 1 3 2 3 3 4 3 3 4 2 4 3 3 0 0 0 0 0 0 0 0 0 0 0 0 0 0 0 0 0 0 1 4 1 4 1 4 1 3 4 4 4 3 1 1 4 1 3
177 0.130561 3 2 3 3 4 1 1 3 3 3 3 3 4 1 3 2 2 1 3 3 1 4 2 3 1 3 2 1 1 4 1 2 1 4 4 1 2 3 3 4 1 2 1 2 1 4 1 3 1 3 2 3 3 4 1 3 4 2 4 3 3 3 1 1 3 4 1 1 1 2 1 4 1 3 4 1 1 2 1 1 4 1 4 1 4 1 3 4 4 4 1 1 1 4 1 3
178 0.012060 1 2 1 3 4 3 1 3 3 3 3 3 4 1 3 2 1 3 3 3 1 4 2 3 1 3 2 1 1 4 1 2 1 4 4 1 2 3 3 1 1 2 1 2 1 2 1 1 1 3 2 1 3 3 1 3 4 2 2 3 1 3 1 1 3 4 1 1 1 2 1 4 1 3 4 1 1 2 1 3 4 1 4 1 4 1 3 4 4 4 1 1 1 4 1 3
178 0.129074 3 2 3 3 4 3 1 3 3 3 3 3 4 1 3 2 1 3 3 3 1 4 4 3 1 1 1 1 1 4 1 2 1 4 1 3 2 3 3 4 1 2 1 2 1 4 1 3 3 3 2 3 3 4 1 3 4 2 4 3 3 3 1 1 3 4 1 1 1 2 1 4 1 3 4 1 1 2 1 1 4 1 4 1 4 1 3 4 4 4 1 1 1 4 1 3
178 0.012060 3 2 3 3 4 3 1 3 3 3 3 3 4 1 3 2 1 3 3 3 1 4 2 3 1 3 2 1 1 4 1 2 1 4 1 1 2 3 3 4 1 2 1 2 1 4 1 3 1 3 2 3 3 4 1 3 4 2 4 3 3 3 1 1 3 4 1 1 1 2 1 4 1 3 4 1 1 2 1 1 4 1 4 1 4 1 3 4 4 4 1 1 1 4 1 3
178 0.129074 3 2 3 1 4 3 1 3 3 3 3 3 4 1 3 2 2 1 3 3 1 4 2 3 1 3 2 1 1 4 1 2 1 4 4 1 2 3 3 4 1 2 1 2 1 4 1 3 1 3 2 3 3 4 1 3 4 2 4 3 3 3 1 1 3 4 1 1 1 2 1 4 1 3 4 1 1 2 1 1 4 1 4 1 4 1 3 4 4 4 1 1 1 4 1 3
178 0.012060 3 2 3 3 4 3 1 3 3 3 3 3 4 1 3 2 1 3 3 3 1 4 2 3 1 3 2 1 1 4 1 2 3 4 4 1 2 3 3 4 3 2 1 2 1 4 1 3 1 3 2 3 3 4 1 3 4 4 4 3 3 3 1 1 3 4 1 1 1 2 1 4 1 3 4 1 1 2 1 1 4 3 4 1 4 1 3 4 4 4 1 1 1 4 1 3
178 0.129074 3 2 3 1 4 3 1 3 3 3 3 3 4 1 3 2 2 1 3 3 1 4 2 3 1 3 2 1 1 4 1 2 1 4 4 1 2 3 3 4 1 2 1 2 1 4 1 3 1 3 2 3 3 4 1 3 4 2 4 3 3 3 1 1 3 4 1 1 1 2 1 4 1 3 4 1 1 2 1 1 4 1 4 1 4 1 3 4 4 4 1 3 1 4 1 3
178 0.012060 3 2 3 3 4 3 1 3 3 3 3 3 4 1 3 2 1 3 3 3 1 4 2 3 1 3 2 1 1 4 1 2 1 4 4 1 2 3 3 4 3 2 1 2 1 4 1 3 1 3 2 3 3 4 1 3 4 2 4 3 3 3 1 1 3 4 1 1 1 2 1 4 1 3 4 1 1 2 1 1 4 1 4 1 4 1 3 4 4 4 1 1 1 4 1 3
178 0.012060 3 2 3 3 4 3 1 3 3 3 3 3 4 1 3 2 1 3 1 3 1 4 2 3 1 3 2 1 1 4 3 2 1 4 4 1 2 3 3 4 1 2 1 2 1 4 1 3 1 3 2 3 3 4 1 3 4 2 4 3 3 3 1 1 3 4 1 1 1 2 1 4 1 3 4 1 1 2 1 1 4 1 4 1 4 1 3 4 2 4 1 1 1 4 1 3
178 0.012060 3 2 3 1 4 3 1 3 3 3 3 3 4 1 3 2 1 3 3 3 1 4 4 3 1 3 2 1 1 4 1 2 1 3 1 1 2 3 3 4 1 2 3 2 1 4 1 3 1 3 2 3 3 4 1 3 4 2 4 3 3 3 1 1 3 4 1 1 1 2 1 4 1 3 4 1 1 2 1 1 4 1 4 1 4 3 3 4 4 4 1 1 3 4 1 3
178 0.129074 3 2 3 1 4 3 1 3 3 3 3 3 4 1 3 2 2 1 3 3 1 4 2 3 1 3 2 1 1 4 1 2 1 4 4 1 2 0 3 4 1 2 1 2 1 4 1 3 1 3 2 3 1 4 1 3 4 2 4 3 3 3 1 1 3 4 1 1 1 2 1 4 1 3 4 1 1 2 1 1 4 1 4 1 4 1 3 4 4 4 1 1 1 4 1 3
178 0.129074 3 2 3 1 4 3 1 3 3 3 3 3 4 1 3 2 2 1 3 3 1 4 2 3 1 3 2 1 1 4 1 2 1 4 4 1 2 3 3 4 1 2 1 2 1 4 1 3 1 3 2 3 3 4 1 3 4 2 4 3 3 3 1 1 3 4 1 1 1 2 1 4 1 3 4 1 1 2 1 1 4 1 4 1 4 1 3 4 4 4 1 1 1 2 3 3
178 0.129074 3 2 3 3 4 3 1 3 3 3 3 3 4 1 3 2 1 3 3 3 1 4 4 3 1 3 2 1 1 4 1 2 1 4 1 1 2 3 3 4 1 2 1 2 1 4 1 3 1 3 2 3 3 4 1 3 4 2 4 3 3 3 1 1 3 4 1 1 1 2 1 4 1 3 4 1 1 2 1 1 4 1 4 1 4 1 3 4 4 4 1 1 1 4 1 3
178 0.012060 3 2 3 1 4 3 1 3 3 3 3 3 4 1 3 2 1 3 3 3 1 4 4 3 1 3 2 1 1 4 1 2 1 3 1 1 2 3 3 4 1 2 3 2 1 4 1 3 1 3 2 3 3 4 1 3 4 2 4 3 3 3 1 1 3 4 1 1 1 2 1 4 1 3 4 1 1 2 1 1 4 1 4 1 4 3 3 4 4 4 1 1 1 4 1 3
178 0.012060 3 2 3 3 4 3 1 1 3 3 3 3 4 1 3 4 2 1 3 3 1 2 2 1 1 3 2 1 1 3 1 4 1 4 4 1 2 3 3 4 1 4 1 2 1 4 1 3 1 3 2 3 3 4 3 3 4 2 4 3 3 0 0 0 0 0 0 0 0 0 0 0 0 0 0 0 0 0 0 1 4 1 4 1 4 1 3 4 4 4 3 1 1 4 1 3
178 0.129074 3 2 3 3 4 1 1 3 3 3 3 3 4 1 3 2 2 1 3 3 1 4 2 3 1 3 2 1 1 4 1 2 1 4 4 1 2 3 3 4 1 2 1 2 1 4 1 3 1 3 2 3 3 4 1 3 4 2 4 3 3 3 1 1 3 4 1 1 1 2 1 4 1 3 4 1 1 2 1 1 4 1 4 1 4 1 3 4 4 4 1 1 1 4 1 3
179 0.013489 1 2 1 3 4 3 1 3 3 3 3 3 4 1 3 2 1 3 3 3 1 4 2 3 1 3 2 1 1 4 1 2 1 4 4 1 2 3 3 1 1 2 1 2 1 2 1 1 1 3 2 1 3 3 1 3 4 2 2 3 1 3 1 1 3 4 1 1 1 2 1 4 1 3 4 1 1 2 1 3 4 1 4 1 4 1 3 4 4 4 1 1 1 4 1 3
179 0.127441 3 2 3 3 4 3 1 3 3 3 3 3 4 1 3 2 1 3 3 3 1 4 4 3 1 1 1 1 1 4 1 2 1 4 1 3 2 3 3 4 1 2 1 2 1 4 1 3 3 3 2 3 3 4 1 3 4 2 4 3 3 3 1 1 3 4 1 1 1 2 1 4 1 3 4 1 1 2 1 1 4 1 4 1 4 1 3 4 4 4 1 1 1 4 1 3
179 0.013489 3 2 3 3 4 3 1 3 3 3 3 3 4 1 3 2 1 3 3 3 1 4 2 3 1 3 2 1 1 4 1 2 1 4 1 1 2 3 3 4 1 2 1 2 1 4 1 3 1 3 2 3 3 4 1 3 4 2 4 3 3 3 1 1 3 4 1 1 1 2 1 4 1 3 4 1 1 2 1 1 4 1 4 1 4 1 3 4 4 4 1 1 1 4 1 3
179 0.127441 3 2 3 1 4 3 1 3 3 3 3 3 4 1 3 2 2 1 3 3 1 4 2 3 1 3 2 1 1 4 1 2 1 4 4 1 2 3 3 4 1 2 1 2 1 4 1 3 1 3 2 3 3 4 1 3 4 2 4 3 3 3 1 1 3 4 1 1 1 2 1 4 1 3 4 1 1 2 1 1 4 1 4 1 4 1 3 4 4 4 1 1 1 4 1 3
179 0.013489 3 2 3 3 4 3 1 3 3 3 3 3 4 1 3 2 1 3 3 3 1 4 2 3 1 3 2 1 1 4 1 2 3 4 4 1 2 3 3 4 3 2 1 2 1 4 1 3 1 3 2 3 3 4 1 3 4 4 4 3 3 3 1 1 3 4 1 1 1 2 1 4 1 3 4 1 1 2 1 1 4 3 4 1 4 1 3 4 4 4 1 1 1 4 1 3
179 0.127441 3 2 3 1 4 3 1 3 3 3 3 3 4 1 3 2 2 1 3 3 1 4 2 3 1 3 2 1 1 4 1 2 1 4 4 1 2 3 3 4 1 2 1 2 1 4 1 3 1 3 2 3 3 4 1 3 4 2 4 3 3 3 1 1 3 4 1 1 1 2 1 4 1 3 4 1 1 2 1 1 4 1 4 1 4 1 3 4 4 4 1 3 1 4 1 3
179 0.013489 3 2 3 3 4 3 1 3 3 3 3 3 4 1 3 2 1 3 3 3 1 4 2 3 1 3 2 1 1 4 1 2 1 4 4 1 2 3 3 4 3 2 1 2 1 4 1 3 1 3 2 3 3 4 1 3 4 2 4 3 3 3 1 1 3 4 1 1 1 2 1 4 1 3 4 1 1 2 1 1 4 1 4 1 4 1 3 4 4 4 1 1 1 4 1 3
179 0.013489 3 2 3 3 4 3 1 3 3 3 3 3 4 1 3 2 1 3 1 3 1 4 2 3 1 3 2 1 1 4 3 2 1 4 4 1 2 3 3 4 1 2 1 2 1 4 1 3 1 3 2 3 3 4 1 3 4 2 4 3 3 3 1 1 3 4 1 1 1 2 1 4 1 3 4 1 1 2 1 1 4 1 4 1 4 1 3 4 2 4 1 1 1 4 1 3
179 0.013489 3 2 3 1 4 3 1 3 3 3 3 3 4 1 3 2 1 3 3 3 1 4 4 3 1 3 2 1 1 4 1 2 1 3 1 1 2 3 3 4 1 2 3 2 1 4 1 3 1 3 2 3 3 4 1 3 4 2 4 3 3 3 1 1 3 4 1 1 1 2 1 4 1 3 4 1 1 2 1 1 4 1 4 1 4 3 3 4 4 4 1 1 3 4 1 3
179 0.127441 3 2 3 1 4 3 1 3 3 3 3 3 4 1 3 2 2 1 3 3 1 4 2 3 1 3 2 1 1 4 1 2 1 4 4 1 2 0 3 4 1 2 1 2 1 4 1 3 1 3 2 3 1 4 1 3 4 2 4 3 3 3 1 1 3 4 1 1 1 2 1 4 1 3 4 1 1 2 1 1 4 1 4 1 4 1 3 4 4 4 1 1 1 4 1 3
179 0.127441 3 2 3 1 4 3 1 3 3 3 3 3 4 1 3 2 2 1 3 3 1 4 2 3 1 3 2 1 1 4 1 2 1 4 4 1 2 3 3 4 1 2 1 2 1 4 1 3 1 3 2 3 3 4 1 3 4 2 4 3 3 3 1 1 3 4 1 1 1 2 1 4 1 3 4 1 1 2 1 1 4 1 4 1 4 1 3 4 4 4 1 1 1 2 3 3
179 0.127441 3 2 3 3 4 3 1 3 3 3 3 3 4 1 3 2 1 3 3 3 1 4 4 3 1 3 2 1 1 4 1 2 1 4 1 1 2 3 3 4 1 2 1 2 1 4 1 3 1 3 2 3 3 4 1 3 4 2 4 3 3 3 1 1 3 4 1 1 1 2 1 4 1 3 4 1 1 2 1 1 4 1 4 1 4 1 3 4 4 4 1 1 1 4 1 3
179 0.013489 3 2 3 1 4 3 1 3 3 3 3 3 4 1 3 2 1 3 3 3 1 4 4 3 1 3 2 1 1 4 1 2 1 3 1 1 2 3 3 4 1 2 3 2 1 4 1 3 1 3 2 3 3 4 1 3 4 2 4 3 3 3 1 1 3 4 1 1 1 2 1 4 1 3 4 1 1 2 1 1 4 1 4 1 4 3 3 4 4 4 1 1 1 4 1 3
179 0.013489 3 2 3 3 4 3 1 1 3 3 3 3 4 1 3 4 2 1 3 3 1 2 2 1 1 3 2 1 1 3 1 4 1 4 4 1 2 3 3 4 1 4 1 2 1 4 1 3 1 3 2 3 3 4 3 3 4 2 4 3 3 0 0 0 0 0 0 0 0 0 0 0 0 0 0 0 0 0 0 1 4 1 4 1 4 1 3 4 4 4 3 1 1 4 1 3
179 0.127441 3 2 3 3 4 1 1 3 3 3 3 3 4 1 3 2 2 1 3 3 1 4 2 3 1 3 2 1 1 4 1 2 1 4 4 1 2 3 3 4 1 2 1 2 1 4 1 3 1 3 2 3 3 4 1 3 4 2 4 3 3 3 1 1 3 4 1 1 1 2 1 4 1 3 4 1 1 2 1 1 4 1 4 1 4 1 3 4 4 4 1 1 1 4 1 3
180 0.015055 1 2 1 3 4 3 1 3 3 3 3 3 4 1 3 2 1 3 3 3 1 4 2 3 1 3 2 1 1 4 1 2 1 4 4 1 2 3 3 1 1 2 1 2 1 2 1 1 1 3 2 1 3 3 1 3 4 2 2 3 1 3 1 1 3 4 1 1 1 2 1 4 1 3 4 1 1 2 1 3 4 1 4 1 4 1 3 4 4 4 1 1 1 4 1 3
180 0.125652 3 2 3 3 4 3 1 3 3 3 3 3 4 1 3 2 1 3 3 3 1 4 4 3 1 1 1 1 1 4 1 2 1 4 1 3 2 3 3 4 1 2 1 2 1 4 1 3 3 3 2 3 3 4 1 3 4 2 4 3 3 3 1 1 3 4 1 1 1 2 1 4 1 3 4 1 1 2 1 1 4 1 4 1 4 1 3 4 4 4 1 1 1 4 1 3
180 0.015055 3 2 3 3 4 3 1 3 3 3 3 3 4 1 3 2 1 3 3 3 1 4 2 3 1 3 2 1 1 4 1 2 1 4 1 1 2 3 3 4 1 2 1 2 1 4 1 3 1 3 2 3 3 4 1 3 4 2 4 3 3 3 1 1 3 4 1 1 1 2 1 4 1 3 4 1 1 2 1 1 4 1 4 1 4 1 3 4 4 4 1 1 1 4 1 3
180 0.125652 3 2 3 1 4 3 1 3 3 3 3 3 4 1 3 2 2 1 3 3 1 4 2 3 1 3 2 1 1 4 1 2 1 4 4 1 2 3 3 4 1 2 1 2 1 4 1 3 1 3 2 3 3 4 1 3 4 2 4 3 3 3 1 1 3 4 1 1 1 2 1 4 1 3 4 1 1 2 1 1 4 1 4 1 4 1 3 4 4 4 1 1 1 4 1 3
180 0.015055 3 2 3 3 4 3 1 3 3 3 3 3 4 1 3 2 1 3 3 3 1 4 2 3 1 3 2 1 1 4 1 2 3 4 4 1 2 3 3 4 3 2 1 2 1 4 1 3 1 3 2 3 3 4 1 3 4 4 4 3 3 3 1 1 3 4 1 1 1 2 1 4 1 3 4 1 1 2 1 1 4 3 4 1 4 1 3 4 4 4 1 1 1 4 1 3
180 0.125652 3 2 3 1 4 3 1 3 3 3 3 3 4 1 3 2 2 1 3 3 1 4 2 3 1 3 2 1 1 4 1 2 1 4 4 1 2 3 3 4 1 2 1 2 1 4 1 3 1 3 2 3 3 4 1 3 4 2 4 3 3 3 1 1 3 4 1 1 1 2 1 4 1 3 4 1 1 2 1 1 4 1 4 1 4 1 3 4 4 4 1 3 1 4 1 3
180 0.015055 3 2 3 3 4 3 1 3 3 3 3 3 4 1 3 2 1 3 3 3 1 4 2 3 1 3 2 1 1 4 1 2 1 4 4 1 2 3 3 4 3 2 1 2 1 4 1 3 1 3 2 3 3 4 1 3 4 2 4 3 3 3 1 1 3 4 1 1 1 2 1 4 1 3 4 1 1 2 1 1 4 1 4 1 4 1 3 4 4 4 1 1 1 4 1 3
180 0.015055 3 2 3 3 4 3 1 3 3 3 3 3 4 1 3 2 1 3 1 3 1 4 2 3 1 3 2 1 1 4 3 2 1 4 4 1 2 3 3 4 1 2 1 2 1 4 1 3 1 3 2 3 3 4 1 3 4 2 4 3 3 3 1 1 3 4 1 1 1 2 1 4 1 3 4 1 1 2 1 1 4 1 4 1 4 1 3 4 2 4 1 1 1 4 1 3
180 0.015055 3 2 3 1 4 3 1 3 3 3 3 3 4 1 3 2 1 3 3 3 1 4 4 3 1 3 2 1 1 4 1 2 1 3 1 1 2 3 3 4 1 2 3 2 1 4 1 3 1 3 2 3 3 4 1 3 4 2 4 3 3 3 1 1 3 4 1 1 1 2 1 4 1 3 4 1 1 2 1 1 4 1 4 1 4 3 3 4 4 4 1 1 3 4 1 3
180 0.125652 3 2 3 1 4 3 1 3 3 3 3 3 4 1 3 2 2 1 3 3 1 4 2 3 1 3 2 1 1 4 1 2 1 4 4 1 2 0 3 4 1 2 1 2 1 4 1 3 1 3 2 3 1 4 1 3 4 2 4 3 3 3 1 1 3 4 1 1 1 2 1 4 1 3 4 1 1 2 1 1 4 1 4 1 4 1 3 4 4 4 1 1 1 4 1 3
180 0.125652 3 2 3 1 4 3 1 3 3 3 3 3 4 1 3 2 2 1 3 3 1 4 2 3 1 3 2 1 1 4 1 2 1 4 4 1 2 3 3 4 1 2 1 2 1 4 1 3 1 3 2 3 3 4 1 3 4 2 4 3 3 3 1 1 3 4 1 1 1 2 1 4 1 3 4 1 1 2 1 1 4 1 4 1 4 1 3 4 4 4 1 1 1 2 3 3
180 0.125652 3 2 3 3 4 3 1 3 3 3 3 3 4 1 3 2 1 3 3 3 1 4 4 3 1 3 2 1 1 4 1 2 1 4 1 1 2 3 3 4 1 2 1 2 1 4 1 3 1 3 2 3 3 4 1 3 4 2 4 3 3 3 1 1 3 4 1 1 1 2 1 4 1 3 4 1 1 2 1 1 4 1 4 1 4 1 3 4 4 4 1 1 1 4 1 3
180 0.015055 3 2 3 1 4 3 1 3 3 3 3 3 4 1 3 2 1 3 3 3 1 4 4 3 1 3 2 1 1 4 1 2 1 3 1 1 2 3 3 4 1 2 3 2 1 4 1 3 1 3 2 3 3 4 1 3 4 2 4 3 3 3 1 1 3 4 1 1 1 2 1 4 1 3 4 1 1 2 1 1 4 1 4 1 4 3 3 4 4 4 1 1 1 4 1 3
180 0.015055 3 2 3 3 4 3 1 1 3 3 3 3 4 1 3 4 2 1 3 3 1 2 2 1 1 3 2 1 1 3 1 4 1 4 4 1 2 3 3 4 1 4 1 2 1 4 1 3 1 3 2 3 3 4 3 3 4 2 4 3 3 0 0 0 0 0 0 0 0 0 0 0 0 0 0 0 0 0 0 1 4 1 4 1 4 1 3 4 4 4 3 1 1 4 1 3
180 0.125652 3 2 3 3 4 1 1 3 3 3 3 3 4 1 3 2 2 1 3 3 1 4 2 3 1 3 2 1 1 4 1 2 1 4 4 1 2 3 3 4 1 2 1 2 1 4 1 3 1 3 2 3 3 4 1 3 4 2 4 3 3 3 1 1 3 4 1 1 1 2 1 4 1 3 4 1 1 2 1 1 4 1 4 1 4 1 3 4 4 4 1 1 1 4 1 3
181 0.016764 1 2 1 3 4 3 1 3 3 3 3 3 4 1 3 2 1 3 3 3 1 4 2 3 1 3 2 1 1 4 1 2 1 4 4 1 2 3 3 1 1 2 1 2 1 2 1 1 1 3 2 1 3 3 1 3 4 2 2 3 1 3 1 1 3 4 1 1 1 2 1 4 1 3 4 1 1 2 1 3 4 1 4 1 4 1 3 4 4 4 1 1 1 4 1 3
181 0.123698 3 2 3 3 4 3 1 3 3 3 3 3 4 1 3 2 1 3 3 3 1 4 4 3 1 1 1 1 1 4 1 2 1 4 1 3 2 3 3 4 1 2 1 2 1 4 1 3 3 3 2 3 3 4 1 3 4 2 4 3 3 3 1 1 3 4 1 1 1 2 1 4 1 3 4 1 1 2 1 1 4 1 4 1 4 1 3 4 4 4 1 1 1 4 1 3
181 0.016764 3 2 3 3 4 3 1 3 3 3 3 3 4 1 3 2 1 3 3 3 1 4 2 3 1 3 2 1 1 4 1 2 1 4 1 1 2 3 3 4 1 2 1 2 1 4 1 3 1 3 2 3 3 4 1 3 4 2 4 3 3 3 1 1 3 4 1 1 1 2 1 4 1 3 4 1 1 2 1 1 4 1 4 1 4 1 3 4 4 4 1 1 1 4 1 3
181 0.123698 3 2 3 1 4 3 1 3 3 3 3 3 4 1 3 2 2 1 3 3 1 4 2 3 1 3 2 1 1 4 1 2 1 4 4 1 2 3 3 4 1 2 1 2 1 4 1 3 1 3 2 3 3 4 1 3 4 2 4 3 3 3 1 1 3 4 1 1 1 2 1 4 1 3 4 1 1 2 1 1 4 1 4 1 4 1 3 4 4 4 1 1 1 4 1 3
181 0.016764 3 2 3 3 4 3 1 3 3 3 3 3 4 1 3 2 1 3 3 3 1 4 2 3 1 3 2 1 1 4 1 2 3 4 4 1 2 3 3 4 3 2 1 2 1 4 1 3 1 3 2 3 3 4 1 3 4 4 4 3 3 3 1 1 3 4 1 1 1 2 1 4 1 3 4 1 1 2 1 1 4 3 4 1 4 1 3 4 4 4 1 1 1 4 1 3
181 0.123698 3 2 3 1 4 3 1 3 3 3 3 3 4 1 3 2 2 1 3 3 1 4 2 3 1 3 2 1 1 4 1 2 1 4 4 1 2 3 3 4 1 2 1 2 1 4 1 3 1 3 2 3 3 4 1 3 4 2 4 3 3 3 1 1 3 4 1 1 1 2 1 4 1 3 4 1 1 2 1 1 4 1 4 1 4 1 3 4 4 4 1 3 1 4 1 3
181 0.016764 3 2 3 3 4 3 1 3 3 3 3 3 4 1 3 2 1 3 3 3 1 4 2 3 1 3 2 1 1 4 1 2 1 4 4 1 2 3 3 4 3 2 1 2 1 4 1 3 1 3 2 3 3 4 1 3 4 2 4 3 3 3 1 1 3 4 1 1 1 2 1 4 1 3 4 1 1 2 1 1 4 1 4 1 4 1 3 4 4 4 1 1 1 4 1 3
181 0.016764 3 2 3 3 4 3 1 3 3 3 3 3 4 1 3 2 1 3 1 3 1 4 2 3 1 3 2 1 1 4 3 2 1 4 4 1 2 3 3 4 1 2 1 2 1 4 1 3 1 3 2 3 3 4 1 3 4 2 4 3 3 3 1 1 3 4 1 1 1 2 1 4 1 3 4 1 1 2 1 1 4 1 4 1 4 1 3 4 2 4 1 1 1 4 1 3
181 0.016764 3 2 3 1 4 3 1 3 3 3 3 3 4 1 3 2 1 3 3 3 1 4 4 3 1 3 2 1 1 4 1 2 1 3 1 1 2 3 3 4 1 2 3 2 1 4 1 3 1 3 2 3 3 4 1 3 4 2 4 3 3 3 1 1 3 4 1 1 1 2 1 4 1 3 4 1 1 2 1 1 4 1 4 1 4 3 3 4 4 4 1 1 3 4 1 3
181 0.123698 3 2 3 1 4 3 1 3 3 3 3 3 4 1 3 2 2 1 3 3 1 4 2 3 1 3 2 1 1 4 1 2 1 4 4 1 2 0 3 4 1 2 1 2 1 4 1 3 1 3 2 3 1 4 1 3 4 2 4 3 3 3 1 1 3 4 1 1 1 2 1 4 1 3 4 1 1 2 1 1 4 1 4 1 4 1 3 4 4 4 1 1 1 4 1 3
181 0.123698 3 2 3 1 4 3 1 3 3 3 3 3 4 1 3 2 2 1 3 3 1 4 2 3 1 3 2 1 1 4 1 2 1 4 4 1 2 3 3 4 1 2 1 2 1 4 1 3 1 3 2 3 3 4 1 3 4 2 4 3 3 3 1 1 3 4 1 1 1 2 1 4 1 3 4 1 1 2 1 1 4 1 4 1 4 1 3 4 4 4 1 1 1 2 3 3
181 0.123698 3 2 3 3 4 3 1 3 3 3 3 3 4 1 3 2 1 3 3 3 1 4 4 3 1 3 2 1 1 4 1 2 1 4 1 1 2 3 3 4 1 2 1 2 1 4 1 3 1 3 2 3 3 4 1 3 4 2 4 3 3 3 1 1 3 4 1 1 1 2 1 4 1 3 4 1 1 2 1 1 4 1 4 1 4 1 3 4 4 4 1 1 1 4 1 3
181 0.016764 3 2 3 1 4 3 1 3 3 3 3 3 4 1 3 2 1 3 3 3 1 4 4 3 1 3 2 1 1 4 1 2 1 3 1 1 2 3 3 4 1 2 3 2 1 4 1 3 1 3 2 3 3 4 1 3 4 2 4 3 3 3 1 1 3 4 1 1 1 2 1 4 1 3 4 1 1 2 1 1 4 1 4 1 4 3 3 4 4 4 1 1 1 4 1 3
181 0.016764 3 2 3 3 4 3 1 1 3 3 3 3 4 1 3 4 2 1 3 3 1 2 2 1 1 3 2 1 1 3 1 4 1 4 4 1 2 3 3 4 1 4 1 2 1 4 1 3 1 3 2 3 3 4 3 3 4 2 4 3 3 0 0 0 0 0 0 0 0 0 0 0 0 0 0 0 0 0 0 1 4 1 4 1 4 1 3 4 4 4 3 1 1 4 1 3
181 0.123698 3 2 3 3 4 1 1 3 3 3 3 3 4 1 3 2 2 1 3 3 1 4 2 3 1 3 2 1 1 4 1 2 1 4 4 1 2 3 3 4 1 2 1 2 1 4 1 3 1 3 2 3 3 4 1 3 4 2 4 3 3 3 1 1 3 4 1 1 1 2 1 4 1 3 4 1 1 2 1 1 4 1 4 1 4 1 3 4 4 4 1 1 1 4 1 3
182 0.018625 1 2 1 3 4 3 1 3 3 3 3 3 4 1 3 2 1 3 3 3 1 4 2 3 1 3 2 1 1 4 1 2 1 4 4 1 2 3 3 1 1 2 1 2 1 2 1 1 1 3 2 1 3 3 1 3 4 2 2 3 1 3 1 1 3 4 1 1 1 2 1 4 1 3 4 1 1 2 1 3 4 1 4 1 4 1 3 4 4 4 1 1 1 4 1 3
182 0.121571 3 2 3 3 4 3 1 3 3 3 3 3 4 1 3 2 1 3 3 3 1 4 4 3 1 1 1 1 1 4 1 2 1 4 1 3 2 3 3 4 1 2 1 2 1 4 1 3 3 3 2 3 3 4 1 3 4 2 4 3 3 3 1 1 3 4 1 1 1 2 1 4 1 3 4 1 1 2 1 1 4 1 4 1 4 1 3 4 4 4 1 1 1 4 1 3
182 0.018625 3 2 3 3 4 3 1 3 3 3 3 3 4 1 3 2 1 3 3 3 1 4 2 3 1 3 2 1 1 4 1 2 1 4 1 1 2 3 3 4 1 2 1 2 1 4 1 3 1 3 2 3 3 4 1 3 4 2 4 3 3 3 1 1 3 4 1 1 1 2 1 4 1 3 4 1 1 2 1 1 4 1 4 1 4 1 3 4 4 4 1 1 1 4 1 3
182 0.121571 3 2 3 1 4 3 1 3 3 3 3 3 4 1 3 2 2 1 3 3 1 4 2 3 1 3 2 1 1 4 1 2 1 4 4 1 2 3 3 4 1 2 1 2 1 4 1 3 1 3 2 3 3 4 1 3 4 2 4 3 3 3 1 1 3 4 1 1 1 2 1 4 1 3 4 1 1 2 1 1 4 1 4 1 4 1 3 4 4 4 1 1 1 4 1 3
182 0.018625 3 2 3 3 4 3 1 3 3 3 3 3 4 1 3 2 1 3 3 3 1 4 2 3 1 3 2 1 1 4 1 2 3 4 4 1 2 3 3 4 3 2 1 2 1 4 1 3 1 3 2 3 3 4 1 3 4 4 4 3 3 3 1 1 3 4 1 1 1 2 1 4 1 3 4 1 1 2 1 1 4 3 4 1 4 1 3 4 4 4 1 1 1 4 1 3
182 0.121571 3 2 3 1 4 3 1 3 3 3 3 3 4 1 3 2 2 1 3 3 1 4 2 3 1 3 2 1 1 4 1 2 1 4 4 1 2 3 3 4 1 2 1 2 1 4 1 3 1 3 2 3 3 4 1 3 4 2 4 3 3 3 1 1 3 4 1 1 1 2 1 4 1 3 4 1 1 2 1 1 4 1 4 1 4 1 3 4 4 4 1 3 1 4 1 3
182 0.018625 3 2 3 3 4 3 1 3 3 3 3 3 4 1 3 2 1 3 3 3 1 4 2 3 1 3 2 1 1 4 1 2 1 4 4 1 2 3 3 4 3 2 1 2 1 4 1 3 1 3 2 3 3 4 1 3 4 2 4 3 3 3 1 1 3 4 1 1 1 2 1 4 1 3 4 1 1 2 1 1 4 1 4 1 4 1 3 4 4 4 1 1 1 4 1 3
182 0.018625 3 2 3 3 4 3 1 3 3 3 3 3 4 1 3 2 1 3 1 3 1 4 2 3 1 3 2 1 1 4 3 2 1 4 4 1 2 3 3 4 1 2 1 2 1 4 1 3 1 3 2 3 3 4 1 3 4 2 4 3 3 3 1 1 3 4 1 1 1 2 1 4 1 3 4 1 1 2 1 1 4 1 4 1 4 1 3 4 2 4 1 1 1 4 1 3
182 0.018625 3 2 3 1 4 3 1 3 3 3 3 3 4 1 3 2 1 3 3 3 1 4 4 3 1 3 2 1 1 4 1 2 1 3 1 1 2 3 3 4 1 2 3 2 1 4 1 3 1 3 2 3 3 4 1 3 4 2 4 3 3 3 1 1 3 4 1 1 1 2 1 4 1 3 4 1 1 2 1 1 4 1 4 1 4 3 3 4 4 4 1 1 3 4 1 3
182 0.121571 3 2 3 1 4 3 1 3 3 3 3 3 4 1 3 2 2 1 3 3 1 4 2 3 1 3 2 1 1 4 1 2 1 4 4 1 2 0 3 4 1 2 1 2 1 4 1 3 1 3 2 3 1 4 1 3 4 2 4 3 3 3 1 1 3 4 1 1 1 2 1 4 1 3 4 1 1 2 1 1 4 1 4 1 4 1 3 4 4 4 1 1 1 4 1 3
182 0.121571 3 2 3 1 4 3 1 3 3 3 3 3 4 1 3 2 2 1 3 3 1 4 2 3 1 3 2 1 1 4 1 2 1 4 4 1 2 3 3 4 1 2 1 2 1 4 1 3 1 3 2 3 3 4 1 3 4 2 4 3 3 3 1 1 3 4 1 1 1 2 1 4 1 3 4 1 1 2 1 1 4 1 4 1 4 1 3 4 4 4 1 1 1 2 3 3
182 0.121571 3 2 3 3 4 3 1 3 3 3 3 3 4 1 3 2 1 3 3 3 1 4 4 3 1 3 2 1 1 4 1 2 1 4 1 1 2 3 3 4 1 2 1 2 1 4 1 3 1 3 2 3 3 4 1 3 4 2 4 3 3 3 1 1 3 4 1 1 1 2 1 4 1 3 4 1 1 2 1 1 4 1 4 1 4 1 3 4 4 4 1 1 1 4 1 3
182 0.018625 3 2 3 1 4 3 1 3 3 3 3 3 4 1 3 2 1 3 3 3 1 4 4 3 1 3 2 1 1 4 1 2 1 3 1 1 2 3 3 4 1 2 3 2 1 4 1 3 1 3 2 3 3 4 1 3 4 2 4 3 3 3 1 1 3 4 1 1 1 2 1 4 1 3 4 1 1 2 1 1 4 1 4 1 4 3 3 4 4 4 1 1 1 4 1 3
182 0.018625 3 2 3 3 4 3 1 1 3 3 3 3 4 1 3 4 2 1 3 3 1 2 2 1 1 3 2 1 1 3 1 4 1 4 4 1 2 3 3 4 1 4 1 2 1 4 1 3 1 3 2 3 3 4 3 3 4 2 4 3 3 0 0 0 0 0 0 0 0 0 0 0 0 0 0 0 0 0 0 1 4 1 4 1 4 1 3 4 4 4 3 1 1 4 1 3
182 0.121571 3 2 3 3 4 1 1 3 3 3 3 3 4 1 3 2 2 1 3 3 1 4 2 3 1 3 2 1 1 4 1 2 1 4 4 1 2 3 3 4 1 2 1 2 1 4 1 3 1 3 2 3 3 4 1 3 4 2 4 3 3 3 1 1 3 4 1 1 1 2 1 4 1 3 4 1 1 2 1 1 4 1 4 1 4 1 3 4 4 4 1 1 1 4 1 3
183 0.020644 1 2 1 3 4 3 1 3 3 3 3 3 4 1 3 2 1 3 3 3 1 4 2 3 1 3 2 1 1 4 1 2 1 4 4 1 2 3 3 1 1 2 1 2 1 2 1 1 1 3 2 1 3 3 1 3 4 2 2 3 1 3 1 1 3 4 1 1 1 2 1 4 1 3 4 1 1 2 1 3 4 1 4 1 4 1 3 4 4 4 1 1 1 4 1 3
183 0.119264 3 2 3 3 4 3 1 3 3 3 3 3 4 1 3 2 1 3 3 3 1 4 4 3 1 1 1 1 1 4 1 2 1 4 1 3 2 3 3 4 1 2 1 2 1 4 1 3 3 3 2 3 3 4 1 3 4 2 4 3 3 3 1 1 3 4 1 1 1 2 1 4 1 3 4 1 1 2 1 1 4 1 4 1 4 1 3 4 4 4 1 1 1 4 1 3
183 0.020644 3 2 3 3 4 3 1 3 3 3 3 3 4 1 3 2 1 3 3 3 1 4 2 3 1 3 2 1 1 4 1 2 1 4 1 1 2 3 3 4 1 2 1 2 1 4 1 3 1 3 2 3 3 4 1 3 4 2 4 3 3 3 1 1 3 4 1 1 1 2 1 4 1 3 4 1 1 2 1 1 4 1 4 1 4 1 3 4 4 4 1 1 1 4 1 3
183 0.119264 3 2 3 1 4 3 1 3 3 3 3 3 4 1 3 2 2 1 3 3 1 4 2 3 1 3 2 1 1 4 1 2 1 4 4 1 2 3 3 4 1 2 1 2 1 4 1 3 1 3 2 3 3 4 1 3 4 2 4 3 3 3 1 1 3 4 1 1 1 2 1 4 1 3 4 1 1 2 1 1 4 1 4 1 4 1 3 4 4 4 1 1 1 4 1 3
183 0.020644 3 2 3 3 4 3 1 3 3 3 3 3 4 1 3 2 1 3 3 3 1 4 2 3 1 3 2 1 1 4 1 2 3 4 4 1 2 3 3 4 3 2 1 2 1 4 1 3 1 3 2 3 3 4 1 3 4 4 4 3 3 3 1 1 3 4 1 1 1 2 1 4 1 3 4 1 1 2 1 1 4 3 4 1 4 1 3 4 4 4 1 1 1 4 1 3
183 0.119264 3 2 3 1 4 3 1 3 3 3 3 3 4 1 3 2 2 1 3 3 1 4 2 3 1 3 2 1 1 4 1 2 1 4 4 1 2 3 3 4 1 2 1 2 1 4 1 3 1 3 2 3 3 4 1 3 4 2 4 3 3 3 1 1 3 4 1 1 1 2 1 4 1 3 4 1 1 2 1 1 4 1 4 1 4 1 3 4 4 4 1 3 1 4 1 3
183 0.020644 3 2 3 3 4 3 1 3 3 3 3 3 4 1 3 2 1 3 3 3 1 4 2 3 1 3 2 1 1 4 1 2 1 4 4 1 2 3 3 4 3 2 1 2 1 4 1 3 1 3 2 3 3 4 1 3 4 2 4 3 3 3 1 1 3 4 1 1 1 2 1 4 1 3 4 1 1 2 1 1 4 1 4 1 4 1 3 4 4 4 1 1 1 4 1 3
183 0.020644 3 2 3 3 4 3 1 3 3 3 3 3 4 1 3 2 1 3 1 3 1 4 2 3 1 3 2 1 1 4 3 2 1 4 4 1 2 3 3 4 1 2 1 2 1 4 1 3 1 3 2 3 3 4 1 3 4 2 4 3 3 3 1 1 3 4 1 1 1 2 1 4 1 3 4 1 1 2 1 1 4 1 4 1 4 1 3 4 2 4 1 1 1 4 1 3
183 0.020644 3 2 3 1 4 3 1 3 3 3 3 3 4 1 3 2 1 3 3 3 1 4 4 3 1 3 2 1 1 4 1 2 1 3 1 1 2 3 3 4 1 2 3 2 1 4 1 3 1 3 2 3 3 4 1 3 4 2 4 3 3 3 1 1 3 4 1 1 1 2 1 4 1 3 4 1 1 2 1 1 4 1 4 1 4 3 3 4 4 4 1 1 3 4 1 3
183 0.119264 3 2 3 1 4 3 1 3 3 3 3 3 4 1 3 2 2 1 3 3 1 4 2 3 1 3 2 1 1 4 1 2 1 4 4 1 2 0 3 4 1 2 1 2 1 4 1 3 1 3 2 3 1 4 1 3 4 2 4 3 3 3 1 1 3 4 1 1 1 2 1 4 1 3 4 1 1 2 1 1 4 1 4 1 4 1 3 4 4 4 1 1 1 4 1 3
183 0.119264 3 2 3 1 4 3 1 3 3 3 3 3 4 1 3 2 2 1 3 3 1 4 2 3 1 3 2 1 1 4 1 2 1 4 4 1 2 3 3 4 1 2 1 2 1 4 1 3 1 3 2 3 3 4 1 3 4 2 4 3 3 3 1 1 3 4 1 1 1 2 1 4 1 3 4 1 1 2 1 1 4 1 4 1 4 1 3 4 4 4 1 1 1 2 3 3
183 0.119264 3 2 3 3 4 3 1 3 3 3 3 3 4 1 3 2 1 3 3 3 1 4 4 3 1 3 2 1 1 4 1 2 1 4 1 1 2 3 3 4 1 2 1 2 1 4 1 3 1 3 2 3 3 4 1 3 4 2 4 3 3 3 1 1 3 4 1 1 1 2 1 4 1 3 4 1 1 2 1 1 4 1 4 1 4 1 3 4 4 4 1 1 1 4 1 3
183 0.020644 3 2 3 1 4 3 1 3 3 3 3 3 4 1 3 2 1 3 3 3 1 4 4 3 1 3 2 1 1 4 1 2 1 3 1 1 2 3 3 4 1 2 3 2 1 4 1 3 1 3 2 3 3 4 1 3 4 2 4 3 3 3 1 1 3 4 1 1 1 2 1 4 1 3 4 1 1 2 1 1 4 1 4 1 4 3 3 4 4 4 1 1 1 4 1 3
183 0.020644 3 2 3 3 4 3 1 1 3 3 3 3 4 1 3 4 2 1 3 3 1 2 2 1 1 3 2 1 1 3 1 4 1 4 4 1 2 3 3 4 1 4 1 2 1 4 1 3 1 3 2 3 3 4 3 3 4 2 4 3 3 0 0 0 0 0 0 0 0 0 0 0 0 0 0 0 0 0 0 1 4 1 4 1 4 1 3 4 4 4 3 1 1 4 1 3
183 0.119264 3 2 3 3 4 1 1 3 3 3 3 3 4 1 3 2 2 1 3 3 1 4 2 3 1 3 2 1 1 4 1 2 1 4 4 1 2 3 3 4 1 2 1 2 1 4 1 3 1 3 2 3 3 4 1 3 4 2 4 3 3 3 1 1 3 4 1 1 1 2 1 4 1 3 4 1 1 2 1 1 4 1 4 1 4 1 3 4 4 4 1 1 1 4 1 3
184 0.022826 1 2 1 3 4 3 1 3 3 3 3 3 4 1 3 2 1 3 3 3 1 4 2 3 1 3 2 1 1 4 1 2 1 4 4 1 2 3 3 1 1 2 1 2 1 2 1 1 1 3 2 1 3 3 1 3 4 2 2 3 1 3 1 1 3 4 1 1 1 2 1 4 1 3 4 1 1 2 1 3 4 1 4 1 4 1 3 4 4 4 1 1 1 4 1 3
184 0.116771 3 2 3 3 4 3 1 3 3 3 3 3 4 1 3 2 1 3 3 3 1 4 4 3 1 1 1 1 1 4 1 2 1 4 1 3 2 3 3 4 1 2 1 2 1 4 1 3 3 3 2 3 3 4 1 3 4 2 4 3 3 3 1 1 3 4 1 1 1 2 1 4 1 3 4 1 1 2 1 1 4 1 4 1 4 1 3 4 4 4 1 1 1 4 1 3
184 0.022826 3 2 3 3 4 3 1 3 3 3 3 3 4 1 3 2 1 3 3 3 1 4 2 3 1 3 2 1 1 4 1 2 1 4 1 1 2 3 3 4 1 2 1 2 1 4 1 3 1 3 2 3 3 4 1 3 4 2 4 3 3 3 1 1 3 4 1 1 1 2 1 4 1 3 4 1 1 2 1 1 4 1 4 1 4 1 3 4 4 4 1 1 1 4 1 3
184 0.116771 3 2 3 1 4 3 1 3 3 3 3 3 4 1 3 2 2 1 3 3 1 4 2 3 1 3 2 1 1 4 1 2 1 4 4 1 2 3 3 4 1 2 1 2 1 4 1 3 1 3 2 3 3 4 1 3 4 2 4 3 3 3 1 1 3 4 1 1 1 2 1 4 1 3 4 1 1 2 1 1 4 1 4 1 4 1 3 4 4 4 1 1 1 4 1 3
184 0.022826 3 2 3 3 4 3 1 3 3 3 3 3 4 1 3 2 1 3 3 3 1 4 2 3 1 3 2 1 1 4 1 2 3 4 4 1 2 3 3 4 3 2 1 2 1 4 1 3 1 3 2 3 3 4 1 3 4 4 4 3 3 3 1 1 3 4 1 1 1 2 1 4 1 3 4 1 1 2 1 1 4 3 4 1 4 1 3 4 4 4 1 1 1 4 1 3
184 0.116771 3 2 3 1 4 3 1 3 3 3 3 3 4 1 3 2 2 1 3 3 1 4 2 3 1 3 2 1 1 4 1 2 1 4 4 1 2 3 3 4 1 2 1 2 1 4 1 3 1 3 2 3 3 4 1 3 4 2 4 3 3 3 1 1 3 4 1 1 1 2 1 4 1 3 4 1 1 2 1 1 4 1 4 1 4 1 3 4 4 4 1 3 1 4 1 3
184 0.022826 3 2 3 3 4 3 1 3 3 3 3 3 4 1 3 2 1 3 3 3 1 4 2 3 1 3 2 1 1 4 1 2 1 4 4 1 2 3 3 4 3 2 1 2 1 4 1 3 1 3 2 3 3 4 1 3 4 2 4 3 3 3 1 1 3 4 1 1 1 2 1 4 1 3 4 1 1 2 1 1 4 1 4 1 4 1 3 4 4 4 1 1 1 4 1 3
184 0.022826 3 2 3 3 4 3 1 3 3 3 3 3 4 1 3 2 1 3 1 3 1 4 2 3 1 3 2 1 1 4 3 2 1 4 4 1 2 3 3 4 1 2 1 2 1 4 1 3 1 3 2 3 3 4 1 3 4 2 4 3 3 3 1 1 3 4 1 1 1 2 1 4 1 3 4 1 1 2 1 1 4 1 4 1 4 1 3 4 2 4 1 1 1 4 1 3
184 0.022826 3 2 3 1 4 3 1 3 3 3 3 3 4 1 3 2 1 3 3 3 1 4 4 3 1 3 2 1 1 4 1 2 1 3 1 1 2 3 3 4 1 2 3 2 1 4 1 3 1 3 2 3 3 4 1 3 4 2 4 3 3 3 1 1 3 4 1 1 1 2 1 4 1 3 4 1 1 2 1 1 4 1 4 1 4 3 3 4 4 4 1 1 3 4 1 3
184 0.116771 3 2 3 1 4 3 1 3 3 3 3 3 4 1 3 2 2 1 3 3 1 4 2 3 1 3 2 1 1 4 1 2 1 4 4 1 2 0 3 4 1 2 1 2 1 4 1 3 1 3 2 3 1 4 1 3 4 2 4 3 3 3 1 1 3 4 1 1 1 2 1 4 1 3 4 1 1 2 1 1 4 1 4 1 4 1 3 4 4 4 1 1 1 4 1 3
184 0.116771 3 2 3 1 4 3 1 3 3 3 3 3 4 1 3 2 2 1 3 3 1 4 2 3 1 3 2 1 1 4 1 2 1 4 4 1 2 3 3 4 1 2 1 2 1 4 1 3 1 3 2 3 3 4 1 3 4 2 4 3 3 3 1 1 3 4 1 1 1 2 1 4 1 3 4 1 1 2 1 1 4 1 4 1 4 1 3 4 4 4 1 1 1 2 3 3
184 0.116771 3 2 3 3 4 3 1 3 3 3 3 3 4 1 3 2 1 3 3 3 1 4 4 3 1 3 2 1 1 4 1 2 1 4 1 1 2 3 3 4 1 2 1 2 1 4 1 3 1 3 2 3 3 4 1 3 4 2 4 3 3 3 1 1 3 4 1 1 1 2 1 4 1 3 4 1 1 2 1 1 4 1 4 1 4 1 3 4 4 4 1 1 1 4 1 3
184 0.022826 3 2 3 1 4 3 1 3 3 3 3 3 4 1 3 2 1 3 3 3 1 4 4 3 1 3 2 1 1 4 1 2 1 3 1 1 2 3 3 4 1 2 3 2 1 4 1 3 1 3 2 3 3 4 1 3 4 2 4 3 3 3 1 1 3 4 1 1 1 2 1 4 1 3 4 1 1 2 1 1 4 1 4 1 4 3 3 4 4 4 1 1 1 4 1 3
184 0.022826 3 2 3 3 4 3 1 1 3 3 3 3 4 1 3 4 2 1 3 3 1 2 2 1 1 3 2 1 1 3 1 4 1 4 4 1 2 3 3 4 1 4 1 2 1 4 1 3 1 3 2 3 3 4 3 3 4 2 4 3 3 0 0 0 0 0 0 0 0 0 0 0 0 0 0 0 0 0 0 1 4 1 4 1 4 1 3 4 4 4 3 1 1 4 1 3
184 0.116771 3 2 3 3 4 1 1 3 3 3 3 3 4 1 3 2 2 1 3 3 1 4 2 3 1 3 2 1 1 4 1 2 1 4 4 1 2 3 3 4 1 2 1 2 1 4 1 3 1 3 2 3 3 4 1 3 4 2 4 3 3 3 1 1 3 4 1 1 1 2 1 4 1 3 4 1 1 2 1 1 4 1 4 1 4 1 3 4 4 4 1 1 1 4 1 3
185 0.025174 1 2 1 3 4 3 1 3 3 3 3 3 4 1 3 2 1 3 3 3 1 4 2 3 1 3 2 1 1 4 1 2 1 4 4 1 2 3 3 1 1 2 1 2 1 2 1 1 1 3 2 1 3 3 1 3 4 2 2 3 1 3 1 1 3 4 1 1 1 2 1 4 1 3 4 1 1 2 1 3 4 1 4 1 4 1 3 4 4 4 1 1 1 4 1 3
185 0.114087 3 2 3 3 4 3 1 3 3 3 3 3 4 1 3 2 1 3 3 3 1 4 4 3 1 1 1 1 1 4 1 2 1 4 1 3 2 3 3 4 1 2 1 2 1 4 1 3 3 3 2 3 3 4 1 3 4 2 4 3 3 3 1 1 3 4 1 1 1 2 1 4 1 3 4 1 1 2 1 1 4 1 4 1 4 1 3 4 4 4 1 1 1 4 1 3
185 0.025174 3 2 3 3 4 3 1 3 3 3 3 3 4 1 3 2 1 3 3 3 1 4 2 3 1 3 2 1 1 4 1 2 1 4 1 1 2 3 3 4 1 2 1 2 1 4 1 3 1 3 2 3 3 4 1 3 4 2 4 3 3 3 1 1 3 4 1 1 1 2 1 4 1 3 4 1 1 2 1 1 4 1 4 1 4 1 3 4 4 4 1 1 1 4 1 3
185 0.114087 3 2 3 1 4 3 1 3 3 3 3 3 4 1 3 2 2 1 3 3 1 4 2 3 1 3 2 1 1 4 1 2 1 4 4 1 2 3 3 4 1 2 1 2 1 4 1 3 1 3 2 3 3 4 1 3 4 2 4 3 3 3 1 1 3 4 1 1 1 2 1 4 1 3 4 1 1 2 1 1 4 1 4 1 4 1 3 4 4 4 1 1 1 4 1 3
185 0.025174 3 2 3 3 4 3 1 3 3 3 3 3 4 1 3 2 1 3 3 3 1 4 2 3 1 3 2 1 1 4 1 2 3 4 4 1 2 3 3 4 3 2 1 2 1 4 1 3 1 3 2 3 3 4 1 3 4 4 4 3 3 3 1 1 3 4 1 1 1 2 1 4 1 3 4 1 1 2 1 1 4 3 4 1 4 1 3 4 4 4 1 1 1 4 1 3
185 0.114087 3 2 3 1 4 3 1 3 3 3 3 3 4 1 3 2 2 1 3 3 1 4 2 3 1 3 2 1 1 4 1 2 1 4 4 1 2 3 3 4 1 2 1 2 1 4 1 3 1 3 2 3 3 4 1 3 4 2 4 3 3 3 1 1 3 4 1 1 1 2 1 4 1 3 4 1 1 2 1 1 4 1 4 1 4 1 3 4 4 4 1 3 1 4 1 3
185 0.025174 3 2 3 3 4 3 1 3 3 3 3 3 4 1 3 2 1 3 3 3 1 4 2 3 1 3 2 1 1 4 1 2 1 4 4 1 2 3 3 4 3 2 1 2 1 4 1 3 1 3 2 3 3 4 1 3 4 2 4 3 3 3 1 1 3 4 1 1 1 2 1 4 1 3 4 1 1 2 1 1 4 1 4 1 4 1 3 4 4 4 1 1 1 4 1 3
185 0.025174 3 2 3 3 4 3 1 3 3 3 3 3 4 1 3 2 1 3 1 3 1 4 2 3 1 3 2 1 1 4 3 2 1 4 4 1 2 3 3 4 1 2 1 2 1 4 1 3 1 3 2 3 3 4 1 3 4 2 4 3 3 3 1 1 3 4 1 1 1 2 1 4 1 3 4 1 1 2 1 1 4 1 4 1 4 1 3 4 2 4 1 1 1 4 1 3
185 0.025174 3 2 3 1 4 3 1 3 3 3 3 3 4 1 3 2 1 3 3 3 1 4 4 3 1 3 2 1 1 4 1 2 1 3 1 1 2 3 3 4 1 2 3 2 1 4 1 3 1 3 2 3 3 4 1 3 4 2 4 3 3 3 1 1 3 4 1 1 1 2 1 4 1 3 4 1 1 2 1 1 4 1 4 1 4 3 3 4 4 4 1 1 3 4 1 3
185 0.114087 3 2 3 1 4 3 1 3 3 3 3 3 4 1 3 2 2 1 3 3 1 4 2 3 1 3 2 1 1 4 1 2 1 4 4 1 2 0 3 4 1 2 1 2 1 4 1 3 1 3 2 3 1 4 1 3 4 2 4 3 3 3 1 1 3 4 1 1 1 2 1 4 1 3 4 1 1 2 1 1 4 1 4 1 4 1 3 4 4 4 1 1 1 4 1 3
185 0.114087 3 2 3 1 4 3 1 3 3 3 3 3 4 1 3 2 2 1 3 3 1 4 2 3 1 3 2 1 1 4 1 2 1 4 4 1 2 3 3 4 1 2 1 2 1 4 1 3 1 3 2 3 3 4 1 3 4 2 4 3 3 3 1 1 3 4 1 1 1 2 1 4 1 3 4 1 1 2 1 1 4 1 4 1 4 1 3 4 4 4 1 1 1 2 3 3
185 0.114087 3 2 3 3 4 3 1 3 3 3 3 3 4 1 3 2 1 3 3 3 1 4 4 3 1 3 2 1 1 4 1 2 1 4 1 1 2 3 3 4 1 2 1 2 1 4 1 3 1 3 2 3 3 4 1 3 4 2 4 3 3 3 1 1 3 4 1 1 1 2 1 4 1 3 4 1 1 2 1 1 4 1 4 1 4 1 3 4 4 4 1 1 1 4 1 3
185 0.025174 3 2 3 1 4 3 1 3 3 3 3 3 4 1 3 2 1 3 3 3 1 4 4 3 1 3 2 1 1 4 1 2 1 3 1 1 2 3 3 4 1 2 3 2 1 4 1 3 1 3 2 3 3 4 1 3 4 2 4 3 3 3 1 1 3 4 1 1 1 2 1 4 1 3 4 1 1 2 1 1 4 1 4 1 4 3 3 4 4 4 1 1 1 4 1 3
185 0.025174 3 2 3 3 4 3 1 1 3 3 3 3 4 1 3 4 2 1 3 3 1 2 2 1 1 3 2 1 1 3 1 4 1 4 4 1 2 3 3 4 1 4 1 2 1 4 1 3 1 3 2 3 3 4 3 3 4 2 4 3 3 0 0 0 0 0 0 0 0 0 0 0 0 0 0 0 0 0 0 1 4 1 4 1 4 1 3 4 4 4 3 1 1 4 1 3
185 0.114087 3 2 3 3 4 1 1 3 3 3 3 3 4 1 3 2 2 1 3 3 1 4 2 3 1 3 2 1 1 4 1 2 1 4 4 1 2 3 3 4 1 2 1 2 1 4 1 3 1 3 2 3 3 4 1 3 4 2 4 3 3 3 1 1 3 4 1 1 1 2 1 4 1 3 4 1 1 2 1 1 4 1 4 1 4 1 3 4 4 4 1 1 1 4 1 3
186 0.027691 1 2 1 3 4 3 1 3 3 3 3 3 4 1 3 2 1 3 3 3 1 4 2 3 1 3 2 1 1 4 1 2 1 4 4 1 2 3 3 1 1 2 1 2 1 2 1 1 1 3 2 1 3 3 1 3 4 2 2 3 1 3 1 1 3 4 1 1 1 2 1 4 1 3 4 1 1 2 1 3 4 1 4 1 4 1 3 4 4 4 1 1 1 4 1 3
186 0.111210 3 2 3 3 4 3 1 3 3 3 3 3 4 1 3 2 1 3 3 3 1 4 4 3 1 1 1 1 1 4 1 2 1 4 1 3 2 3 3 4 1 2 1 2 1 4 1 3 3 3 2 3 3 4 1 3 4 2 4 3 3 3 1 1 3 4 1 1 1 2 1 4 1 3 4 1 1 2 1 1 4 1 4 1 4 1 3 4 4 4 1 1 1 4 1 3
186 0.027691 3 2 3 3 4 3 1 3 3 3 3 3 4 1 3 2 1 3 3 3 1 4 2 3 1 3 2 1 1 4 1 2 1 4 1 1 2 3 3 4 1 2 1 2 1 4 1 3 1 3 2 3 3 4 1 3 4 2 4 3 3 3 1 1 3 4 1 1 1 2 1 4 1 3 4 1 1 2 1 1 4 1 4 1 4 1 3 4 4 4 1 1 1 4 1 3
186 0.111210 3 2 3 1 4 3 1 3 3 3 3 3 4 1 3 2 2 1 3 3 1 4 2 3 1 3 2 1 1 4 1 2 1 4 4 1 2 3 3 4 1 2 1 2 1 4 1 3 1 3 2 3 3 4 1 3 4 2 4 3 3 3 1 1 3 4 1 1 1 2 1 4 1 3 4 1 1 2 1 1 4 1 4 1 4 1 3 4 4 4 1 1 1 4 1 3
186 0.027691 3 2 3 3 4 3 1 3 3 3 3 3 4 1 3 2 1 3 3 3 1 4 2 3 1 3 2 1 1 4 1 2 3 4 4 1 2 3 3 4 3 2 1 2 1 4 1 3 1 3 2 3 3 4 1 3 4 4 4 3 3 3 1 1 3 4 1 1 1 2 1 4 1 3 4 1 1 2 1 1 4 3 4 1 4 1 3 4 4 4 1 1 1 4 1 3
186 0.111210 3 2 3 1 4 3 1 3 3 3 3 3 4 1 3 2 2 1 3 3 1 4 2 3 1 3 2 1 1 4 1 2 1 4 4 1 2 3 3 4 1 2 1 2 1 4 1 3 1 3 2 3 3 4 1 3 4 2 4 3 3 3 1 1 3 4 1 1 1 2 1 4 1 3 4 1 1 2 1 1 4 1 4 1 4 1 3 4 4 4 1 3 1 4 1 3
186 0.027691 3 2 3 3 4 3 1 3 3 3 3 3 4 1 3 2 1 3 3 3 1 4 2 3 1 3 2 1 1 4 1 2 1 4 4 1 2 3 3 4 3 2 1 2 1 4 1 3 1 3 2 3 3 4 1 3 4 2 4 3 3 3 1 1 3 4 1 1 1 2 1 4 1 3 4 1 1 2 1 1 4 1 4 1 4 1 3 4 4 4 1 1 1 4 1 3
186 0.027691 3 2 3 3 4 3 1 3 3 3 3 3 4 1 3 2 1 3 1 3 1 4 2 3 1 3 2 1 1 4 3 2 1 4 4 1 2 3 3 4 1 2 1 2 1 4 1 3 1 3 2 3 3 4 1 3 4 2 4 3 3 3 1 1 3 4 1 1 1 2 1 4 1 3 4 1 1 2 1 1 4 1 4 1 4 1 3 4 2 4 1 1 1 4 1 3
186 0.027691 3 2 3 1 4 3 1 3 3 3 3 3 4 1 3 2 1 3 3 3 1 4 4 3 1 3 2 1 1 4 1 2 1 3 1 1 2 3 3 4 1 2 3 2 1 4 1 3 1 3 2 3 3 4 1 3 4 2 4 3 3 3 1 1 3 4 1 1 1 2 1 4 1 3 4 1 1 2 1 1 4 1 4 1 4 3 3 4 4 4 1 1 3 4 1 3
186 0.111210 3 2 3 1 4 3 1 3 3 3 3 3 4 1 3 2 2 1 3 3 1 4 2 3 1 3 2 1 1 4 1 2 1 4 4 1 2 0 3 4 1 2 1 2 1 4 1 3 1 3 2 3 1 4 1 3 4 2 4 3 3 3 1 1 3 4 1 1 1 2 1 4 1 3 4 1 1 2 1 1 4 1 4 1 4 1 3 4 4 4 1 1 1 4 1 3
186 0.111210 3 2 3 1 4 3 1 3 3 3 3 3 4 1 3 2 2 1 3 3 1 4 2 3 1 3 2 1 1 4 1 2 1 4 4 1 2 3 3 4 1 2 1 2 1 4 1 3 1 3 2 3 3 4 1 3 4 2 4 3 3 3 1 1 3 4 1 1 1 2 1 4 1 3 4 1 1 2 1 1 4 1 4 1 4 1 3 4 4 4 1 1 1 2 3 3
186 0.111210 3 2 3 3 4 3 1 3 3 3 3 3 4 1 3 2 1 3 3 3 1 4 4 3 1 3 2 1 1 4 1 2 1 4 1 1 2 3 3 4 1 2 1 2 1 4 1 3 1 3 2 3 3 4 1 3 4 2 4 3 3 3 1 1 3 4 1 1 1 2 1 4 1 3 4 1 1 2 1 1 4 1 4 1 4 1 3 4 4 4 1 1 1 4 1 3
186 0.027691 3 2 3 1 4 3 1 3 3 3 3 3 4 1 3 2 1 3 3 3 1 4 4 3 1 3 2 1 1 4 1 2 1 3 1 1 2 3 3 4 1 2 3 2 1 4 1 3 1 3 2 3 3 4 1 3 4 2 4 3 3 3 1 1 3 4 1 1 1 2 1 4 1 3 4 1 1 2 1 1 4 1 4 1 4 3 3 4 4 4 1 1 1 4 1 3
186 0.027691 3 2 3 3 4 3 1 1 3 3 3 3 4 1 3 4 2 1 3 3 1 2 2 1 1 3 2 1 1 3 1 4 1 4 4 1 2 3 3 4 1 4 1 2 1 4 1 3 1 3 2 3 3 4 3 3 4 2 4 3 3 0 0 0 0 0 0 0 0 0 0 0 0 0 0 0 0 0 0 1 4 1 4 1 4 1 3 4 4 4 3 1 1 4 1 3
186 0.111210 3 2 3 3 4 1 1 3 3 3 3 3 4 1 3 2 2 1 3 3 1 4 2 3 1 3 2 1 1 4 1 2 1 4 4 1 2 3 3 4 1 2 1 2 1 4 1 3 1 3 2 3 3 4 1 3 4 2 4 3 3 3 1 1 3 4 1 1 1 2 1 4 1 3 4 1 1 2 1 1 4 1 4 1 4 1 3 4 4 4 1 1 1 4 1 3
187 0.030376 1 2 1 3 4 3 1 3 3 3 3 3 4 1 3 2 1 3 3 3 1 4 2 3 1 3 2 1 1 4 1 2 1 4 4 1 2 3 3 1 1 2 1 2 1 2 1 1 1 3 2 1 3 3 1 3 4 2 2 3 1 3 1 1 3 4 1 1 1 2 1 4 1 3 4 1 1 2 1 3 4 1 4 1 4 1 3 4 4 4 1 1 1 4 1 3
187 0.108142 3 2 3 3 4 3 1 3 3 3 3 3 4 1 3 2 1 3 3 3 1 4 4 3 1 1 1 1 1 4 1 2 1 4 1 3 2 3 3 4 1 2 1 2 1 4 1 3 3 3 2 3 3 4 1 3 4 2 4 3 3 3 1 1 3 4 1 1 1 2 1 4 1 3 4 1 1 2 1 1 4 1 4 1 4 1 3 4 4 4 1 1 1 4 1 3
187 0.030376 3 2 3 3 4 3 1 3 3 3 3 3 4 1 3 2 1 3 3 3 1 4 2 3 1 3 2 1 1 4 1 2 1 4 1 1 2 3 3 4 1 2 1 2 1 4 1 3 1 3 2 3 3 4 1 3 4 2 4 3 3 3 1 1 3 4 1 1 1 2 1 4 1 3 4 1 1 2 1 1 4 1 4 1 4 1 3 4 4 4 1 1 1 4 1 3
187 0.108142 3 2 3 1 4 3 1 3 3 3 3 3 4 1 3 2 2 1 3 3 1 4 2 3 1 3 2 1 1 4 1 2 1 4 4 1 2 3 3 4 1 2 1 2 1 4 1 3 1 3 2 3 3 4 1 3 4 2 4 3 3 3 1 1 3 4 1 1 1 2 1 4 1 3 4 1 1 2 1 1 4 1 4 1 4 1 3 4 4 4 1 1 1 4 1 3
187 0.030376 3 2 3 3 4 3 1 3 3 3 3 3 4 1 3 2 1 3 3 3 1 4 2 3 1 3 2 1 1 4 1 2 3 4 4 1 2 3 3 4 3 2 1 2 1 4 1 3 1 3 2 3 3 4 1 3 4 4 4 3 3 3 1 1 3 4 1 1 1 2 1 4 1 3 4 1 1 2 1 1 4 3 4 1 4 1 3 4 4 4 1 1 1 4 1 3
187 0.108142 3 2 3 1 4 3 1 3 3 3 3 3 4 1 3 2 2 1 3 3 1 4 2 3 1 3 2 1 1 4 1 2 1 4 4 1 2 3 3 4 1 2 1 2 1 4 1 3 1 3 2 3 3 4 1 3 4 2 4 3 3 3 1 1 3 4 1 1 1 2 1 4 1 3 4 1 1 2 1 1 4 1 4 1 4 1 3 4 4 4 1 3 1 4 1 3
187 0.030376 3 2 3 3 4 3 1 3 3 3 3 3 4 1 3 2 1 3 3 3 1 4 2 3 1 3 2 1 1 4 1 2 1 4 4 1 2 3 3 4 3 2 1 2 1 4 1 3 1 3 2 3 3 4 1 3 4 2 4 3 3 3 1 1 3 4 1 1 1 2 1 4 1 3 4 1 1 2 1 1 4 1 4 1 4 1 3 4 4 4 1 1 1 4 1 3
187 0.030376 3 2 3 3 4 3 1 3 3 3 3 3 4 1 3 2 1 3 1 3 1 4 2 3 1 3 2 1 1 4 3 2 1 4 4 1 2 3 3 4 1 2 1 2 1 4 1 3 1 3 2 3 3 4 1 3 4 2 4 3 3 3 1 1 3 4 1 1 1 2 1 4 1 3 4 1 1 2 1 1 4 1 4 1 4 1 3 4 2 4 1 1 1 4 1 3
187 0.030376 3 2 3 1 4 3 1 3 3 3 3 3 4 1 3 2 1 3 3 3 1 4 4 3 1 3 2 1 1 4 1 2 1 3 1 1 2 3 3 4 1 2 3 2 1 4 1 3 1 3 2 3 3 4 1 3 4 2 4 3 3 3 1 1 3 4 1 1 1 2 1 4 1 3 4 1 1 2 1 1 4 1 4 1 4 3 3 4 4 4 1 1 3 4 1 3
187 0.108142 3 2 3 1 4 3 1 3 3 3 3 3 4 1 3 2 2 1 3 3 1 4 2 3 1 3 2 1 1 4 1 2 1 4 4 1 2 0 3 4 1 2 1 2 1 4 1 3 1 3 2 3 1 4 1 3 4 2 4 3 3 3 1 1 3 4 1 1 1 2 1 4 1 3 4 1 1 2 1 1 4 1 4 1 4 1 3 4 4 4 1 1 1 4 1 3
187 0.108142 3 2 3 1 4 3 1 3 3 3 3 3 4 1 3 2 2 1 3 3 1 4 2 3 1 3 2 1 1 4 1 2 1 4 4 1 2 3 3 4 1 2 1 2 1 4 1 3 1 3 2 3 3 4 1 3 4 2 4 3 3 3 1 1 3 4 1 1 1 2 1 4 1 3 4 1 1 2 1 1 4 1 4 1 4 1 3 4 4 4 1 1 1 2 3 3
187 0.108142 3 2 3 3 4 3 1 3 3 3 3 3 4 1 3 2 1 3 3 3 1 4 4 3 1 3 2 1 1 4 1 2 1 4 1 1 2 3 3 4 1 2 1 2 1 4 1 3 1 3 2 3 3 4 1 3 4 2 4 3 3 3 1 1 3 4 1 1 1 2 1 4 1 3 4 1 1 2 1 1 4 1 4 1 4 1 3 4 4 4 1 1 1 4 1 3
187 0.030376 3 2 3 1 4 3 1 3 3 3 3 3 4 1 3 2 1 3 3 3 1 4 4 3 1 3 2 1 1 4 1 2 1 3 1 1 2 3 3 4 1 2 3 2 1 4 1 3 1 3 2 3 3 4 1 3 4 2 4 3 3 3 1 1 3 4 1 1 1 2 1 4 1 3 4 1 1 2 1 1 4 1 4 1 4 3 3 4 4 4 1 1 1 4 1 3
187 0.030376 3 2 3 3 4 3 1 1 3 3 3 3 4 1 3 4 2 1 3 3 1 2 2 1 1 3 2 1 1 3 1 4 1 4 4 1 2 3 3 4 1 4 1 2 1 4 1 3 1 3 2 3 3 4 3 3 4 2 4 3 3 0 0 0 0 0 0 0 0 0 0 0 0 0 0 0 0 0 0 1 4 1 4 1 4 1 3 4 4 4 3 1 1 4 1 3
187 0.108142 3 2 3 3 4 1 1 3 3 3 3 3 4 1 3 2 2 1 3 3 1 4 2 3 1 3 2 1 1 4 1 2 1 4 4 1 2 3 3 4 1 2 1 2 1 4 1 3 1 3 2 3 3 4 1 3 4 2 4 3 3 3 1 1 3 4 1 1 1 2 1 4 1 3 4 1 1 2 1 1 4 1 4 1 4 1 3 4 4 4 1 1 1 4 1 3
188 0.033226 1 2 1 3 4 3 1 3 3 3 3 3 4 1 3 2 1 3 3 3 1 4 2 3 1 3 2 1 1 4 1 2 1 4 4 1 2 3 3 1 1 2 1 2 1 2 1 1 1 3 2 1 3 3 1 3 4 2 2 3 1 3 1 1 3 4 1 1 1 2 1 4 1 3 4 1 1 2 1 3 4 1 4 1 4 1 3 4 4 4 1 1 1 4 1 3
188 0.104885 3 2 3 3 4 3 1 3 3 3 3 3 4 1 3 2 1 3 3 3 1 4 4 3 1 1 1 1 1 4 1 2 1 4 1 3 2 3 3 4 1 2 1 2 1 4 1 3 3 3 2 3 3 4 1 3 4 2 4 3 3 3 1 1 3 4 1 1 1 2 1 4 1 3 4 1 1 2 1 1 4 1 4 1 4 1 3 4 4 4 1 1 1 4 1 3
188 0.033226 3 2 3 3 4 3 1 3 3 3 3 3 4 1 3 2 1 3 3 3 1 4 2 3 1 3 2 1 1 4 1 2 1 4 1 1 2 3 3 4 1 2 1 2 1 4 1 3 1 3 2 3 3 4 1 3 4 2 4 3 3 3 1 1 3 4 1 1 1 2 1 4 1 3 4 1 1 2 1 1 4 1 4 1 4 1 3 4 4 4 1 1 1 4 1 3
188 0.104885 3 2 3 1 4 3 1 3 3 3 3 3 4 1 3 2 2 1 3 3 1 4 2 3 1 3 2 1 1 4 1 2 1 4 4 1 2 3 3 4 1 2 1 2 1 4 1 3 1 3 2 3 3 4 1 3 4 2 4 3 3 3 1 1 3 4 1 1 1 2 1 4 1 3 4 1 1 2 1 1 4 1 4 1 4 1 3 4 4 4 1 1 1 4 1 3
188 0.033226 3 2 3 3 4 3 1 3 3 3 3 3 4 1 3 2 1 3 3 3 1 4 2 3 1 3 2 1 1 4 1 2 3 4 4 1 2 3 3 4 3 2 1 2 1 4 1 3 1 3 2 3 3 4 1 3 4 4 4 3 3 3 1 1 3 4 1 1 1 2 1 4 1 3 4 1 1 2 1 1 4 3 4 1 4 1 3 4 4 4 1 1 1 4 1 3
188 0.104885 3 2 3 1 4 3 1 3 3 3 3 3 4 1 3 2 2 1 3 3 1 4 2 3 1 3 2 1 1 4 1 2 1 4 4 1 2 3 3 4 1 2 1 2 1 4 1 3 1 3 2 3 3 4 1 3 4 2 4 3 3 3 1 1 3 4 1 1 1 2 1 4 1 3 4 1 1 2 1 1 4 1 4 1 4 1 3 4 4 4 1 3 1 4 1 3
188 0.033226 3 2 3 3 4 3 1 3 3 3 3 3 4 1 3 2 1 3 3 3 1 4 2 3 1 3 2 1 1 4 1 2 1 4 4 1 2 3 3 4 3 2 1 2 1 4 1 3 1 3 2 3 3 4 1 3 4 2 4 3 3 3 1 1 3 4 1 1 1 2 1 4 1 3 4 1 1 2 1 1 4 1 4 1 4 1 3 4 4 4 1 1 1 4 1 3
188 0.033226 3 2 3 3 4 3 1 3 3 3 3 3 4 1 3 2 1 3 1 3 1 4 2 3 1 3 2 1 1 4 3 2 1 4 4 1 2 3 3 4 1 2 1 2 1 4 1 3 1 3 2 3 3 4 1 3 4 2 4 3 3 3 1 1 3 4 1 1 1 2 1 4 1 3 4 1 1 2 1 1 4 1 4 1 4 1 3 4 2 4 1 1 1 4 1 3
188 0.033226 3 2 3 1 4 3 1 3 3 3 3 3 4 1 3 2 1 3 3 3 1 4 4 3 1 3 2 1 1 4 1 2 1 3 1 1 2 3 3 4 1 2 3 2 1 4 1 3 1 3 2 3 3 4 1 3 4 2 4 3 3 3 1 1 3 4 1 1 1 2 1 4 1 3 4 1 1 2 1 1 4 1 4 1 4 3 3 4 4 4 1 1 3 4 1 3
188 0.104885 3 2 3 1 4 3 1 3 3 3 3 3 4 1 3 2 2 1 3 3 1 4 2 3 1 3 2 1 1 4 1 2 1 4 4 1 2 0 3 4 1 2 1 2 1 4 1 3 1 3 2 3 1 4 1 3 4 2 4 3 3 3 1 1 3 4 1 1 1 2 1 4 1 3 4 1 1 2 1 1 4 1 4 1 4 1 3 4 4 4 1 1 1 4 1 3
188 0.104885 3 2 3 1 4 3 1 3 3 3 3 3 4 1 3 2 2 1 3 3 1 4 2 3 1 3 2 1 1 4 1 2 1 4 4 1 2 3 3 4 1 2 1 2 1 4 1 3 1 3 2 3 3 4 1 3 4 2 4 3 3 3 1 1 3 4 1 1 1 2 1 4 1 3 4 1 1 2 1 1 4 1 4 1 4 1 3 4 4 4 1 1 1 2 3 3
188 0.104885 3 2 3 3 4 3 1 3 3 3 3 3 4 1 3 2 1 3 3 3 1 4 4 3 1 3 2 1 1 4 1 2 1 4 1 1 2 3 3 4 1 2 1 2 1 4 1 3 1 3 2 3 3 4 1 3 4 2 4 3 3 3 1 1 3 4 1 1 1 2 1 4 1 3 4 1 1 2 1 1 4 1 4 1 4 1 3 4 4 4 1 1 1 4 1 3
188 0.033226 3 2 3 1 4 3 1 3 3 3 3 3 4 1 3 2 1 3 3 3 1 4 4 3 1 3 2 1 1 4 1 2 1 3 1 1 2 3 3 4 1 2 3 2 1 4 1 3 1 3 2 3 3 4 1 3 4 2 4 3 3 3 1 1 3 4 1 1 1 2 1 4 1 3 4 1 1 2 1 1 4 1 4 1 4 3 3 4 4 4 1 1 1 4 1 3
188 0.033226 3 2 3 3 4 3 1 1 3 3 3 3 4 1 3 4 2 1 3 3 1 2 2 1 1 3 2 1 1 3 1 4 1 4 4 1 2 3 3 4 1 4 1 2 1 4 1 3 1 3 2 3 3 4 3 3 4 2 4 3 3 0 0 0 0 0 0 0 0 0 0 0 0 0 0 0 0 0 0 1 4 1 4 1 4 1 3 4 4 4 3 1 1 4 1 3
188 0.104885 3 2 3 3 4 1 1 3 3 3 3 3 4 1 3 2 2 1 3 3 1 4 2 3 1 3 2 1 1 4 1 2 1 4 4 1 2 3 3 4 1 2 1 2 1 4 1 3 1 3 2 3 3 4 1 3 4 2 4 3 3 3 1 1 3 4 1 1 1 2 1 4 1 3 4 1 1 2 1 1 4 1 4 1 4 1 3 4 4 4 1 1 1 4 1 3
189 0.036235 1 2 1 3 4 3 1 3 3 3 3 3 4 1 3 2 1 3 3 3 1 4 2 3 1 3 2 1 1 4 1 2 1 4 4 1 2 3 3 1 1 2 1 2 1 2 1 1 1 3 2 1 3 3 1 3 4 2 2 3 1 3 1 1 3 4 1 1 1 2 1 4 1 3 4 1 1 2 1 3 4 1 4 1 4 1 3 4 4 4 1 1 1 4 1 3
189 0.101446 3 2 3 3 4 3 1 3 3 3 3 3 4 1 3 2 1 3 3 3 1 4 4 3 1 1 1 1 1 4 1 2 1 4 1 3 2 3 3 4 1 2 1 2 1 4 1 3 3 3 2 3 3 4 1 3 4 2 4 3 3 3 1 1 3 4 1 1 1 2 1 4 1 3 4 1 1 2 1 1 4 1 4 1 4 1 3 4 4 4 1 1 1 4 1 3
189 0.036235 3 2 3 3 4 3 1 3 3 3 3 3 4 1 3 2 1 3 3 3 1 4 2 3 1 3 2 1 1 4 1 2 1 4 1 1 2 3 3 4 1 2 1 2 1 4 1 3 1 3 2 3 3 4 1 3 4 2 4 3 3 3 1 1 3 4 1 1 1 2 1 4 1 3 4 1 1 2 1 1 4 1 4 1 4 1 3 4 4 4 1 1 1 4 1 3
189 0.101446 3 2 3 1 4 3 1 3 3 3 3 3 4 1 3 2 2 1 3 3 1 4 2 3 1 3 2 1 1 4 1 2 1 4 4 1 2 3 3 4 1 2 1 2 1 4 1 3 1 3 2 3 3 4 1 3 4 2 4 3 3 3 1 1 3 4 1 1 1 2 1 4 1 3 4 1 1 2 1 1 4 1 4 1 4 1 3 4 4 4 1 1 1 4 1 3
189 0.036235 3 2 3 3 4 3 1 3 3 3 3 3 4 1 3 2 1 3 3 3 1 4 2 3 1 3 2 1 1 4 1 2 3 4 4 1 2 3 3 4 3 2 1 2 1 4 1 3 1 3 2 3 3 4 1 3 4 4 4 3 3 3 1 1 3 4 1 1 1 2 1 4 1 3 4 1 1 2 1 1 4 3 4 1 4 1 3 4 4 4 1 1 1 4 1 3
189 0.101446 3 2 3 1 4 3 1 3 3 3 3 3 4 1 3 2 2 1 3 3 1 4 2 3 1 3 2 1 1 4 1 2 1 4 4 1 2 3 3 4 1 2 1 2 1 4 1 3 1 3 2 3 3 4 1 3 4 2 4 3 3 3 1 1 3 4 1 1 1 2 1 4 1 3 4 1 1 2 1 1 4 1 4 1 4 1 3 4 4 4 1 3 1 4 1 3
189 0.036235 3 2 3 3 4 3 1 3 3 3 3 3 4 1 3 2 1 3 3 3 1 4 2 3 1 3 2 1 1 4 1 2 1 4 4 1 2 3 3 4 3 2 1 2 1 4 1 3 1 3 2 3 3 4 1 3 4 2 4 3 3 3 1 1 3 4 1 1 1 2 1 4 1 3 4 1 1 2 1 1 4 1 4 1 4 1 3 4 4 4 1 1 1 4 1 3
189 0.036235 3 2 3 3 4 3 1 3 3 3 3 3 4 1 3 2 1 3 1 3 1 4 2 3 1 3 2 1 1 4 3 2 1 4 4 1 2 3 3 4 1 2 1 2 1 4 1 3 1 3 2 3 3 4 1 3 4 2 4 3 3 3 1 1 3 4 1 1 1 2 1 4 1 3 4 1 1 2 1 1 4 1 4 1 4 1 3 4 2 4 1 1 1 4 1 3
189 0.036235 3 2 3 1 4 3 1 3 3 3 3 3 4 1 3 2 1 3 3 3 1 4 4 3 1 3 2 1 1 4 1 2 1 3 1 1 2 3 3 4 1 2 3 2 1 4 1 3 1 3 2 3 3 4 1 3 4 2 4 3 3 3 1 1 3 4 1 1 1 2 1 4 1 3 4 1 1 2 1 1 4 1 4 1 4 3 3 4 4 4 1 1 3 4 1 3
189 0.101446 3 2 3 1 4 3 1 3 3 3 3 3 4 1 3 2 2 1 3 3 1 4 2 3 1 3 2 1 1 4 1 2 1 4 4 1 2 0 3 4 1 2 1 2 1 4 1 3 1 3 2 3 1 4 1 3 4 2 4 3 3 3 1 1 3 4 1 1 1 2 1 4 1 3 4 1 1 2 1 1 4 1 4 1 4 1 3 4 4 4 1 1 1 4 1 3
189 0.101446 3 2 3 1 4 3 1 3 3 3 3 3 4 1 3 2 2 1 3 3 1 4 2 3 1 3 2 1 1 4 1 2 1 4 4 1 2 3 3 4 1 2 1 2 1 4 1 3 1 3 2 3 3 4 1 3 4 2 4 3 3 3 1 1 3 4 1 1 1 2 1 4 1 3 4 1 1 2 1 1 4 1 4 1 4 1 3 4 4 4 1 1 1 2 3 3
189 0.101446 3 2 3 3 4 3 1 3 3 3 3 3 4 1 3 2 1 3 3 3 1 4 4 3 1 3 2 1 1 4 1 2 1 4 1 1 2 3 3 4 1 2 1 2 1 4 1 3 1 3 2 3 3 4 1 3 4 2 4 3 3 3 1 1 3 4 1 1 1 2 1 4 1 3 4 1 1 2 1 1 4 1 4 1 4 1 3 4 4 4 1 1 1 4 1 3
189 0.036235 3 2 3 1 4 3 1 3 3 3 3 3 4 1 3 2 1 3 3 3 1 4 4 3 1 3 2 1 1 4 1 2 1 3 1 1 2 3 3 4 1 2 3 2 1 4 1 3 1 3 2 3 3 4 1 3 4 2 4 3 3 3 1 1 3 4 1 1 1 2 1 4 1 3 4 1 1 2 1 1 4 1 4 1 4 3 3 4 4 4 1 1 1 4 1 3
189 0.036235 3 2 3 3 4 3 1 1 3 3 3 3 4 1 3 4 2 1 3 3 1 2 2 1 1 3 2 1 1 3 1 4 1 4 4 1 2 3 3 4 1 4 1 2 1 4 1 3 1 3 2 3 3 4 3 3 4 2 4 3 3 0 0 0 0 0 0 0 0 0 0 0 0 0 0 0 0 0 0 1 4 1 4 1 4 1 3 4 4 4 3 1 1 4 1 3
189 0.101446 3 2 3 3 4 1 1 3 3 3 3 3 4 1 3 2 2 1 3 3 1 4 2 3 1 3 2 1 1 4 1 2 1 4 4 1 2 3 3 4 1 2 1 2 1 4 1 3 1 3 2 3 3 4 1 3 4 2 4 3 3 3 1 1 3 4 1 1 1 2 1 4 1 3 4 1 1 2 1 1 4 1 4 1 4 1 3 4 4 4 1 1 1 4 1 3
190 0.039394 1 2 1 3 4 3 1 3 3 3 3 3 4 1 3 2 1 3 3 3 1 4 2 3 1 3 2 1 1 4 1 2 1 4 4 1 2 3 3 1 1 2 1 2 1 2 1 1 1 3 2 1 3 3 1 3 4 2 2 3 1 3 1 1 3 4 1 1 1 2 1 4 1 3 4 1 1 2 1 3 4 1 4 1 4 1 3 4 4 4 1 1 1 4 1 3
190 0.097836 3 2 3 3 4 3 1 3 3 3 3 3 4 1 3 2 1 3 3 3 1 4 4 3 1 1 1 1 1 4 1 2 1 4 1 3 2 3 3 4 1 2 1 2 1 4 1 3 3 3 2 3 3 4 1 3 4 2 4 3 3 3 1 1 3 4 1 1 1 2 1 4 1 3 4 1 1 2 1 1 4 1 4 1 4 1 3 4 4 4 1 1 1 4 1 3
190 0.039394 3 2 3 3 4 3 1 3 3 3 3 3 4 1 3 2 1 3 3 3 1 4 2 3 1 3 2 1 1 4 1 2 1 4 1 1 2 3 3 4 1 2 1 2 1 4 1 3 1 3 2 3 3 4 1 3 4 2 4 3 3 3 1 1 3 4 1 1 1 2 1 4 1 3 4 1 1 2 1 1 4 1 4 1 4 1 3 4 4 4 1 1 1 4 1 3
190 0.097836 3 2 3 1 4 3 1 3 3 3 3 3 4 1 3 2 2 1 3 3 1 4 2 3 1 3 2 1 1 4 1 2 1 4 4 1 2 3 3 4 1 2 1 2 1 4 1 3 1 3 2 3 3 4 1 3 4 2 4 3 3 3 1 1 3 4 1 1 1 2 1 4 1 3 4 1 1 2 1 1 4 1 4 1 4 1 3 4 4 4 1 1 1 4 1 3
190 0.039394 3 2 3 3 4 3 1 3 3 3 3 3 4 1 3 2 1 3 3 3 1 4 2 3 1 3 2 1 1 4 1 2 3 4 4 1 2 3 3 4 3 2 1 2 1 4 1 3 1 3 2 3 3 4 1 3 4 4 4 3 3 3 1 1 3 4 1 1 1 2 1 4 1 3 4 1 1 2 1 1 4 3 4 1 4 1 3 4 4 4 1 1 1 4 1 3
190 0.097836 3 2 3 1 4 3 1 3 3 3 3 3 4 1 3 2 2 1 3 3 1 4 2 3 1 3 2 1 1 4 1 2 1 4 4 1 2 3 3 4 1 2 1 2 1 4 1 3 1 3 2 3 3 4 1 3 4 2 4 3 3 3 1 1 3 4 1 1 1 2 1 4 1 3 4 1 1 2 1 1 4 1 4 1 4 1 3 4 4 4 1 3 1 4 1 3
190 0.039394 3 2 3 3 4 3 1 3 3 3 3 3 4 1 3 2 1 3 3 3 1 4 2 3 1 3 2 1 1 4 1 2 1 4 4 1 2 3 3 4 3 2 1 2 1 4 1 3 1 3 2 3 3 4 1 3 4 2 4 3 3 3 1 1 3 4 1 1 1 2 1 4 1 3 4 1 1 2 1 1 4 1 4 1 4 1 3 4 4 4 1 1 1 4 1 3
190 0.039394 3 2 3 3 4 3 1 3 3 3 3 3 4 1 3 2 1 3 1 3 1 4 2 3 1 3 2 1 1 4 3 2 1 4 4 1 2 3 3 4 1 2 1 2 1 4 1 3 1 3 2 3 3 4 1 3 4 2 4 3 3 3 1 1 3 4 1 1 1 2 1 4 1 3 4 1 1 2 1 1 4 1 4 1 4 1 3 4 2 4 1 1 1 4 1 3
190 0.039394 3 2 3 1 4 3 1 3 3 3 3 3 4 1 3 2 1 3 3 3 1 4 4 3 1 3 2 1 1 4 1 2 1 3 1 1 2 3 3 4 1 2 3 2 1 4 1 3 1 3 2 3 3 4 1 3 4 2 4 3 3 3 1 1 3 4 1 1 1 2 1 4 1 3 4 1 1 2 1 1 4 1 4 1 4 3 3 4 4 4 1 1 3 4 1 3
190 0.097836 3 2 3 1 4 3 1 3 3 3 3 3 4 1 3 2 2 1 3 3 1 4 2 3 1 3 2 1 1 4 1 2 1 4 4 1 2 0 3 4 1 2 1 2 1 4 1 3 1 3 2 3 1 4 1 3 4 2 4 3 3 3 1 1 3 4 1 1 1 2 1 4 1 3 4 1 1 2 1 1 4 1 4 1 4 1 3 4 4 4 1 1 1 4 1 3
190 0.097836 3 2 3 1 4 3 1 3 3 3 3 3 4 1 3 2 2 1 3 3 1 4 2 3 1 3 2 1 1 4 1 2 1 4 4 1 2 3 3 4 1 2 1 2 1 4 1 3 1 3 2 3 3 4 1 3 4 2 4 3 3 3 1 1 3 4 1 1 1 2 1 4 1 3 4 1 1 2 1 1 4 1 4 1 4 1 3 4 4 4 1 1 1 2 3 3
190 0.097836 3 2 3 3 4 3 1 3 3 3 3 3 4 1 3 2 1 3 3 3 1 4 4 3 1 3 2 1 1 4 1 2 1 4 1 1 2 3 3 4 1 2 1 2 1 4 1 3 1 3 2 3 3 4 1 3 4 2 4 3 3 3 1 1 3 4 1 1 1 2 1 4 1 3 4 1 1 2 1 1 4 1 4 1 4 1 3 4 4 4 1 1 1 4 1 3
190 0.039394 3 2 3 1 4 3 1 3 3 3 3 3 4 1 3 2 1 3 3 3 1 4 4 3 1 3 2 1 1 4 1 2 1 3 1 1 2 3 3 4 1 2 3 2 1 4 1 3 1 3 2 3 3 4 1 3 4 2 4 3 3 3 1 1 3 4 1 1 1 2 1 4 1 3 4 1 1 2 1 1 4 1 4 1 4 3 3 4 4 4 1 1 1 4 1 3
190 0.039394 3 2 3 3 4 3 1 1 3 3 3 3 4 1 3 4 2 1 3 3 1 2 2 1 1 3 2 1 1 3 1 4 1 4 4 1 2 3 3 4 1 4 1 2 1 4 1 3 1 3 2 3 3 4 3 3 4 2 4 3 3 0 0 0 0 0 0 0 0 0 0 0 0 0 0 0 0 0 0 1 4 1 4 1 4 1 3 4 4 4 3 1 1 4 1 3
190 0.097836 3 2 3 3 4 1 1 3 3 3 3 3 4 1 3 2 2 1 3 3 1 4 2 3 1 3 2 1 1 4 1 2 1 4 4 1 2 3 3 4 1 2 1 2 1 4 1 3 1 3 2 3 3 4 1 3 4 2 4 3 3 3 1 1 3 4 1 1 1 2 1 4 1 3 4 1 1 2 1 1 4 1 4 1 4 1 3 4 4 4 1 1 1 4 1 3
191 0.042691 1 2 1 3 4 3 1 3 3 3 3 3 4 1 3 2 1 3 3 3 1 4 2 3 1 3 2 1 1 4 1 2 1 4 4 1 2 3 3 1 1 2 1 2 1 2 1 1 1 3 2 1 3 3 1 3 4 2 2 3 1 3 1 1 3 4 1 1 1 2 1 4 1 3 4 1 1 2 1 3 4 1 4 1 4 1 3 4 4 4 1 1 1 4 1 3
191 0.094067 3 2 3 3 4 3 1 3 3 3 3 3 4 1 3 2 1 3 3 3 1 4 4 3 1 1 1 1 1 4 1 2 1 4 1 3 2 3 3 4 1 2 1 2 1 4 1 3 3 3 2 3 3 4 1 3 4 2 4 3 3 3 1 1 3 4 1 1 1 2 1 4 1 3 4 1 1 2 1 1 4 1 4 1 4 1 3 4 4 4 1 1 1 4 1 3
191 0.042691 3 2 3 3 4 3 1 3 3 3 3 3 4 1 3 2 1 3 3 3 1 4 2 3 1 3 2 1 1 4 1 2 1 4 1 1 2 3 3 4 1 2 1 2 1 4 1 3 1 3 2 3 3 4 1 3 4 2 4 3 3 3 1 1 3 4 1 1 1 2 1 4 1 3 4 1 1 2 1 1 4 1 4 1 4 1 3 4 4 4 1 1 1 4 1 3
191 0.094067 3 2 3 1 4 3 1 3 3 3 3 3 4 1 3 2 2 1 3 3 1 4 2 3 1 3 2 1 1 4 1 2 1 4 4 1 2 3 3 4 1 2 1 2 1 4 1 3 1 3 2 3 3 4 1 3 4 2 4 3 3 3 1 1 3 4 1 1 1 2 1 4 1 3 4 1 1 2 1 1 4 1 4 1 4 1 3 4 4 4 1 1 1 4 1 3
191 0.042691 3 2 3 3 4 3 1 3 3 3 3 3 4 1 3 2 1 3 3 3 1 4 2 3 1 3 2 1 1 4 1 2 3 4 4 1 2 3 3 4 3 2 1 2 1 4 1 3 1 3 2 3 3 4 1 3 4 4 4 3 3 3 1 1 3 4 1 1 1 2 1 4 1 3 4 1 1 2 1 1 4 3 4 1 4 1 3 4 4 4 1 1 1 4 1 3
191 0.094067 3 2 3 1 4 3 1 3 3 3 3 3 4 1 3 2 2 1 3 3 1 4 2 3 1 3 2 1 1 4 1 2 1 4 4 1 2 3 3 4 1 2 1 2 1 4 1 3 1 3 2 3 3 4 1 3 4 2 4 3 3 3 1 1 3 4 1 1 1 2 1 4 1 3 4 1 1 2 1 1 4 1 4 1 4 1 3 4 4 4 1 3 1 4 1 3
191 0.042691 3 2 3 3 4 3 1 3 3 3 3 3 4 1 3 2 1 3 3 3 1 4 2 3 1 3 2 1 1 4 1 2 1 4 4 1 2 3 3 4 3 2 1 2 1 4 1 3 1 3 2 3 3 4 1 3 4 2 4 3 3 3 1 1 3 4 1 1 1 2 1 4 1 3 4 1 1 2 1 1 4 1 4 1 4 1 3 4 4 4 1 1 1 4 1 3
191 0.042691 3 2 3 3 4 3 1 3 3 3 3 3 4 1 3 2 1 3 1 3 1 4 2 3 1 3 2 1 1 4 3 2 1 4 4 1 2 3 3 4 1 2 1 2 1 4 1 3 1 3 2 3 3 4 1 3 4 2 4 3 3 3 1 1 3 4 1 1 1 2 1 4 1 3 4 1 1 2 1 1 4 1 4 1 4 1 3 4 2 4 1 1 1 4 1 3
191 0.042691 3 2 3 1 4 3 1 3 3 3 3 3 4 1 3 2 1 3 3 3 1 4 4 3 1 3 2 1 1 4 1 2 1 3 1 1 2 3 3 4 1 2 3 2 1 4 1 3 1 3 2 3 3 4 1 3 4 2 4 3 3 3 1 1 3 4 1 1 1 2 1 4 1 3 4 1 1 2 1 1 4 1 4 1 4 3 3 4 4 4 1 1 3 4 1 3
191 0.094067 3 2 3 1 4 3 1 3 3 3 3 3 4 1 3 2 2 1 3 3 1 4 2 3 1 3 2 1 1 4 1 2 1 4 4 1 2 0 3 4 1 2 1 2 1 4 1 3 1 3 2 3 1 4 1 3 4 2 4 3 3 3 1 1 3 4 1 1 1 2 1 4 1 3 4 1 1 2 1 1 4 1 4 1 4 1 3 4 4 4 1 1 1 4 1 3
191 0.094067 3 2 3 1 4 3 1 3 3 3 3 3 4 1 3 2 2 1 3 3 1 4 2 3 1 3 2 1 1 4 1 2 1 4 4 1 2 3 3 4 1 2 1 2 1 4 1 3 1 3 2 3 3 4 1 3 4 2 4 3 3 3 1 1 3 4 1 1 1 2 1 4 1 3 4 1 1 2 1 1 4 1 4 1 4 1 3 4 4 4 1 1 1 2 3 3
191 0.094067 3 2 3 3 4 3 1 3 3 3 3 3 4 1 3 2 1 3 3 3 1 4 4 3 1 3 2 1 1 4 1 2 1 4 1 1 2 3 3 4 1 2 1 2 1 4 1 3 1 3 2 3 3 4 1 3 4 2 4 3 3 3 1 1 3 4 1 1 1 2 1 4 1 3 4 1 1 2 1 1 4 1 4 1 4 1 3 4 4 4 1 1 1 4 1 3
191 0.042691 3 2 3 1 4 3 1 3 3 3 3 3 4 1 3 2 1 3 3 3 1 4 4 3 1 3 2 1 1 4 1 2 1 3 1 1 2 3 3 4 1 2 3 2 1 4 1 3 1 3 2 3 3 4 1 3 4 2 4 3 3 3 1 1 3 4 1 1 1 2 1 4 1 3 4 1 1 2 1 1 4 1 4 1 4 3 3 4 4 4 1 1 1 4 1 3
191 0.042691 3 2 3 3 4 3 1 1 3 3 3 3 4 1 3 4 2 1 3 3 1 2 2 1 1 3 2 1 1 3 1 4 1 4 4 1 2 3 3 4 1 4 1 2 1 4 1 3 1 3 2 3 3 4 3 3 4 2 4 3 3 0 0 0 0 0 0 0 0 0 0 0 0 0 0 0 0 0 0 1 4 1 4 1 4 1 3 4 4 4 3 1 1 4 1 3
191 0.094067 3 2 3 3 4 1 1 3 3 3 3 3 4 1 3 2 2 1 3 3 1 4 2 3 1 3 2 1 1 4 1 2 1 4 4 1 2 3 3 4 1 2 1 2 1 4 1 3 1 3 2 3 3 4 1 3 4 2 4 3 3 3 1 1 3 4 1 1 1 2 1 4 1 3 4 1 1 2 1 1 4 1 4 1 4 1 3 4 4 4 1 1 1 4 1 3
192 0.046112 1 2 1 3 4 3 1 3 3 3 3 3 4 1 3 2 1 3 3 3 1 4 2 3 1 3 2 1 1 4 1 2 1 4 4 1 2 3 3 1 1 2 1 2 1 2 1 1 1 3 2 1 3 3 1 3 4 2 2 3 1 3 1 1 3 4 1 1 1 2 1 4 1 3 4 1 1 2 1 3 4 1 4 1 4 1 3 4 4 4 1 1 1 4 1 3
192 0.090157 3 2 3 3 4 3 1 3 3 3 3 3 4 1 3 2 1 3 3 3 1 4 4 3 1 1 1 1 1 4 1 2 1 4 1 3 2 3 3 4 1 2 1 2 1 4 1 3 3 3 2 3 3 4 1 3 4 2 4 3 3 3 1 1 3 4 1 1 1 2 1 4 1 3 4 1 1 2 1 1 4 1 4 1 4 1 3 4 4 4 1 1 1 4 1 3
192 0.046112 3 2 3 3 4 3 1 3 3 3 3 3 4 1 3 2 1 3 3 3 1 4 2 3 1 3 2 1 1 4 1 2 1 4 1 1 2 3 3 4 1 2 1 2 1 4 1 3 1 3 2 3 3 4 1 3 4 2 4 3 3 3 1 1 3 4 1 1 1 2 1 4 1 3 4 1 1 2 1 1 4 1 4 1 4 1 3 4 4 4 1 1 1 4 1 3
192 0.090157 3 2 3 1 4 3 1 3 3 3 3 3 4 1 3 2 2 1 3 3 1 4 2 3 1 3 2 1 1 4 1 2 1 4 4 1 2 3 3 4 1 2 1 2 1 4 1 3 1 3 2 3 3 4 1 3 4 2 4 3 3 3 1 1 3 4 1 1 1 2 1 4 1 3 4 1 1 2 1 1 4 1 4 1 4 1 3 4 4 4 1 1 1 4 1 3
192 0.046112 3 2 3 3 4 3 1 3 3 3 3 3 4 1 3 2 1 3 3 3 1 4 2 3 1 3 2 1 1 4 1 2 3 4 4 1 2 3 3 4 3 2 1 2 1 4 1 3 1 3 2 3 3 4 1 3 4 4 4 3 3 3 1 1 3 4 1 1 1 2 1 4 1 3 4 1 1 2 1 1 4 3 4 1 4 1 3 4 4 4 1 1 1 4 1 3
192 0.090157 3 2 3 1 4 3 1 3 3 3 3 3 4 1 3 2 2 1 3 3 1 4 2 3 1 3 2 1 1 4 1 2 1 4 4 1 2 3 3 4 1 2 1 2 1 4 1 3 1 3 2 3 3 4 1 3 4 2 4 3 3 3 1 1 3 4 1 1 1 2 1 4 1 3 4 1 1 2 1 1 4 1 4 1 4 1 3 4 4 4 1 3 1 4 1 3
192 0.046112 3 2 3 3 4 3 1 3 3 3 3 3 4 1 3 2 1 3 3 3 1 4 2 3 1 3 2 1 1 4 1 2 1 4 4 1 2 3 3 4 3 2 1 2 1 4 1 3 1 3 2 3 3 4 1 3 4 2 4 3 3 3 1 1 3 4 1 1 1 2 1 4 1 3 4 1 1 2 1 1 4 1 4 1 4 1 3 4 4 4 1 1 1 4 1 3
192 0.046112 3 2 3 3 4 3 1 3 3 3 3 3 4 1 3 2 1 3 1 3 1 4 2 3 1 3 2 1 1 4 3 2 1 4 4 1 2 3 3 4 1 2 1 2 1 4 1 3 1 3 2 3 3 4 1 3 4 2 4 3 3 3 1 1 3 4 1 1 1 2 1 4 1 3 4 1 1 2 1 1 4 1 4 1 4 1 3 4 2 4 1 1 1 4 1 3
192 0.046112 3 2 3 1 4 3 1 3 3 3 3 3 4 1 3 2 1 3 3 3 1 4 4 3 1 3 2 1 1 4 1 2 1 3 1 1 2 3 3 4 1 2 3 2 1 4 1 3 1 3 2 3 3 4 1 3 4 2 4 3 3 3 1 1 3 4 1 1 1 2 1 4 1 3 4 1 1 2 1 1 4 1 4 1 4 3 3 4 4 4 1 1 3 4 1 3
192 0.090157 3 2 3 1 4 3 1 3 3 3 3 3 4 1 3 2 2 1 3 3 1 4 2 3 1 3 2 1 1 4 1 2 1 4 4 1 2 0 3 4 1 2 1 2 1 4 1 3 1 3 2 3 1 4 1 3 4 2 4 3 3 3 1 1 3 4 1 1 1 2 1 4 1 3 4 1 1 2 1 1 4 1 4 1 4 1 3 4 4 4 1 1 1 4 1 3
192 0.090157 3 2 3 1 4 3 1 3 3 3 3 3 4 1 3 2 2 1 3 3 1 4 2 3 1 3 2 1 1 4 1 2 1 4 4 1 2 3 3 4 1 2 1 2 1 4 1 3 1 3 2 3 3 4 1 3 4 2 4 3 3 3 1 1 3 4 1 1 1 2 1 4 1 3 4 1 1 2 1 1 4 1 4 1 4 1 3 4 4 4 1 1 1 2 3 3
192 0.090157 3 2 3 3 4 3 1 3 3 3 3 3 4 1 3 2 1 3 3 3 1 4 4 3 1 3 2 1 1 4 1 2 1 4 1 1 2 3 3 4 1 2 1 2 1 4 1 3 1 3 2 3 3 4 1 3 4 2 4 3 3 3 1 1 3 4 1 1 1 2 1 4 1 3 4 1 1 2 1 1 4 1 4 1 4 1 3 4 4 4 1 1 1 4 1 3
192 0.046112 3 2 3 1 4 3 1 3 3 3 3 3 4 1 3 2 1 3 3 3 1 4 4 3 1 3 2 1 1 4 1 2 1 3 1 1 2 3 3 4 1 2 3 2 1 4 1 3 1 3 2 3 3 4 1 3 4 2 4 3 3 3 1 1 3 4 1 1 1 2 1 4 1 3 4 1 1 2 1 1 4 1 4 1 4 3 3 4 4 4 1 1 1 4 1 3
192 0.046112 3 2 3 3 4 3 1 1 3 3 3 3 4 1 3 4 2 1 3 3 1 2 2 1 1 3 2 1 1 3 1 4 1 4 4 1 2 3 3 4 1 4 1 2 1 4 1 3 1 3 2 3 3 4 3 3 4 2 4 3 3 0 0 0 0 0 0 0 0 0 0 0 0 0 0 0 0 0 0 1 4 1 4 1 4 1 3 4 4 4 3 1 1 4 1 3
192 0.090157 3 2 3 3 4 1 1 3 3 3 3 3 4 1 3 2 2 1 3 3 1 4 2 3 1 3 2 1 1 4 1 2 1 4 4 1 2 3 3 4 1 2 1 2 1 4 1 3 1 3 2 3 3 4 1 3 4 2 4 3 3 3 1 1 3 4 1 1 1 2 1 4 1 3 4 1 1 2 1 1 4 1 4 1 4 1 3 4 4 4 1 1 1 4 1 3
193 0.049639 1 2 1 3 4 3 1 3 3 3 3 3 4 1 3 2 1 3 3 3 1 4 2 3 1 3 2 1 1 4 1 2 1 4 4 1 2 3 3 1 1 2 1 2 1 2 1 1 1 3 2 1 3 3 1 3 4 2 2 3 1 3 1 1 3 4 1 1 1 2 1 4 1 3 4 1 1 2 1 3 4 1 4 1 4 1 3 4 4 4 1 1 1 4 1 3
193 0.086127 3 2 3 3 4 3 1 3 3 3 3 3 4 1 3 2 1 3 3 3 1 4 4 3 1 1 1 1 1 4 1 2 1 4 1 3 2 3 3 4 1 2 1 2 1 4 1 3 3 3 2 3 3 4 1 3 4 2 4 3 3 3 1 1 3 4 1 1 1 2 1 4 1 3 4 1 1 2 1 1 4 1 4 1 4 1 3 4 4 4 1 1 1 4 1 3
193 0.049639 3 2 3 3 4 3 1 3 3 3 3 3 4 1 3 2 1 3 3 3 1 4 2 3 1 3 2 1 1 4 1 2 1 4 1 1 2 3 3 4 1 2 1 2 1 4 1 3 1 3 2 3 3 4 1 3 4 2 4 3 3 3 1 1 3 4 1 1 1 2 1 4 1 3 4 1 1 2 1 1 4 1 4 1 4 1 3 4 4 4 1 1 1 4 1 3
193 0.086127 3 2 3 1 4 3 1 3 3 3 3 3 4 1 3 2 2 1 3 3 1 4 2 3 1 3 2 1 1 4 1 2 1 4 4 1 2 3 3 4 1 2 1 2 1 4 1 3 1 3 2 3 3 4 1 3 4 2 4 3 3 3 1 1 3 4 1 1 1 2 1 4 1 3 4 1 1 2 1 1 4 1 4 1 4 1 3 4 4 4 1 1 1 4 1 3
193 0.049639 3 2 3 3 4 3 1 3 3 3 3 3 4 1 3 2 1 3 3 3 1 4 2 3 1 3 2 1 1 4 1 2 3 4 4 1 2 3 3 4 3 2 1 2 1 4 1 3 1 3 2 3 3 4 1 3 4 4 4 3 3 3 1 1 3 4 1 1 1 2 1 4 1 3 4 1 1 2 1 1 4 3 4 1 4 1 3 4 4 4 1 1 1 4 1 3
193 0.086127 3 2 3 1 4 3 1 3 3 3 3 3 4 1 3 2 2 1 3 3 1 4 2 3 1 3 2 1 1 4 1 2 1 4 4 1 2 3 3 4 1 2 1 2 1 4 1 3 1 3 2 3 3 4 1 3 4 2 4 3 3 3 1 1 3 4 1 1 1 2 1 4 1 3 4 1 1 2 1 1 4 1 4 1 4 1 3 4 4 4 1 3 1 4 1 3
193 0.049639 3 2 3 3 4 3 1 3 3 3 3 3 4 1 3 2 1 3 3 3 1 4 2 3 1 3 2 1 1 4 1 2 1 4 4 1 2 3 3 4 3 2 1 2 1 4 1 3 1 3 2 3 3 4 1 3 4 2 4 3 3 3 1 1 3 4 1 1 1 2 1 4 1 3 4 1 1 2 1 1 4 1 4 1 4 1 3 4 4 4 1 1 1 4 1 3
193 0.049639 3 2 3 3 4 3 1 3 3 3 3 3 4 1 3 2 1 3 1 3 1 4 2 3 1 3 2 1 1 4 3 2 1 4 4 1 2 3 3 4 1 2 1 2 1 4 1 3 1 3 2 3 3 4 1 3 4 2 4 3 3 3 1 1 3 4 1 1 1 2 1 4 1 3 4 1 1 2 1 1 4 1 4 1 4 1 3 4 2 4 1 1 1 4 1 3
193 0.049639 3 2 3 1 4 3 1 3 3 3 3 3 4 1 3 2 1 3 3 3 1 4 4 3 1 3 2 1 1 4 1 2 1 3 1 1 2 3 3 4 1 2 3 2 1 4 1 3 1 3 2 3 3 4 1 3 4 2 4 3 3 3 1 1 3 4 1 1 1 2 1 4 1 3 4 1 1 2 1 1 4 1 4 1 4 3 3 4 4 4 1 1 3 4 1 3
193 0.086127 3 2 3 1 4 3 1 3 3 3 3 3 4 1 3 2 2 1 3 3 1 4 2 3 1 3 2 1 1 4 1 2 1 4 4 1 2 0 3 4 1 2 1 2 1 4 1 3 1 3 2 3 1 4 1 3 4 2 4 3 3 3 1 1 3 4 1 1 1 2 1 4 1 3 4 1 1 2 1 1 4 1 4 1 4 1 3 4 4 4 1 1 1 4 1 3
193 0.086127 3 2 3 1 4 3 1 3 3 3 3 3 4 1 3 2 2 1 3 3 1 4 2 3 1 3 2 1 1 4 1 2 1 4 4 1 2 3 3 4 1 2 1 2 1 4 1 3 1 3 2 3 3 4 1 3 4 2 4 3 3 3 1 1 3 4 1 1 1 2 1 4 1 3 4 1 1 2 1 1 4 1 4 1 4 1 3 4 4 4 1 1 1 2 3 3
193 0.086127 3 2 3 3 4 3 1 3 3 3 3 3 4 1 3 2 1 3 3 3 1 4 4 3 1 3 2 1 1 4 1 2 1 4 1 1 2 3 3 4 1 2 1 2 1 4 1 3 1 3 2 3 3 4 1 3 4 2 4 3 3 3 1 1 3 4 1 1 1 2 1 4 1 3 4 1 1 2 1 1 4 1 4 1 4 1 3 4 4 4 1 1 1 4 1 3
193 0.049639 3 2 3 1 4 3 1 3 3 3 3 3 4 1 3 2 1 3 3 3 1 4 4 3 1 3 2 1 1 4 1 2 1 3 1 1 2 3 3 4 1 2 3 2 1 4 1 3 1 3 2 3 3 4 1 3 4 2 4 3 3 3 1 1 3 4 1 1 1 2 1 4 1 3 4 1 1 2 1 1 4 1 4 1 4 3 3 4 4 4 1 1 1 4 1 3
193 0.049639 3 2 3 3 4 3 1 1 3 3 3 3 4 1 3 4 2 1 3 3 1 2 2 1 1 3 2 1 1 3 1 4 1 4 4 1 2 3 3 4 1 4 1 2 1 4 1 3 1 3 2 3 3 4 3 3 4 2 4 3 3 0 0 0 0 0 0 0 0 0 0 0 0 0 0 0 0 0 0 1 4 1 4 1 4 1 3 4 4 4 3 1 1 4 1 3
193 0.086127 3 2 3 3 4 1 1 3 3 3 3 3 4 1 3 2 2 1 3 3 1 4 2 3 1 3 2 1 1 4 1 2 1 4 4 1 2 3 3 4 1 2 1 2 1 4 1 3 1 3 2 3 3 4 1 3 4 2 4 3 3 3 1 1 3 4 1 1 1 2 1 4 1 3 4 1 1 2 1 1 4 1 4 1 4 1 3 4 4 4 1 1 1 4 1 3
194 0.053251 1 2 1 3 4 3 1 3 3 3 3 3 4 1 3 2 1 3 3 3 1 4 2 3 1 3 2 1 1 4 1 2 1 4 4 1 2 3 3 1 1 2 1 2 1 2 1 1 1 3 2 1 3 3 1 3 4 2 2 3 1 3 1 1 3 4 1 1 1 2 1 4 1 3 4 1 1 2 1 3 4 1 4 1 4 1 3 4 4 4 1 1 1 4 1 3
194 0.081999 3 2 3 3 4 3 1 3 3 3 3 3 4 1 3 2 1 3 3 3 1 4 4 3 1 1 1 1 1 4 1 2 1 4 1 3 2 3 3 4 1 2 1 2 1 4 1 3 3 3 2 3 3 4 1 3 4 2 4 3 3 3 1 1 3 4 1 1 1 2 1 4 1 3 4 1 1 2 1 1 4 1 4 1 4 1 3 4 4 4 1 1 1 4 1 3
194 0.053251 3 2 3 3 4 3 1 3 3 3 3 3 4 1 3 2 1 3 3 3 1 4 2 3 1 3 2 1 1 4 1 2 1 4 1 1 2 3 3 4 1 2 1 2 1 4 1 3 1 3 2 3 3 4 1 3 4 2 4 3 3 3 1 1 3 4 1 1 1 2 1 4 1 3 4 1 1 2 1 1 4 1 4 1 4 1 3 4 4 4 1 1 1 4 1 3
194 0.081999 3 2 3 1 4 3 1 3 3 3 3 3 4 1 3 2 2 1 3 3 1 4 2 3 1 3 2 1 1 4 1 2 1 4 4 1 2 3 3 4 1 2 1 2 1 4 1 3 1 3 2 3 3 4 1 3 4 2 4 3 3 3 1 1 3 4 1 1 1 2 1 4 1 3 4 1 1 2 1 1 4 1 4 1 4 1 3 4 4 4 1 1 1 4 1 3
194 0.053251 3 2 3 3 4 3 1 3 3 3 3 3 4 1 3 2 1 3 3 3 1 4 2 3 1 3 2 1 1 4 1 2 3 4 4 1 2 3 3 4 3 2 1 2 1 4 1 3 1 3 2 3 3 4 1 3 4 4 4 3 3 3 1 1 3 4 1 1 1 2 1 4 1 3 4 1 1 2 1 1 4 3 4 1 4 1 3 4 4 4 1 1 1 4 1 3
194 0.081999 3 2 3 1 4 3 1 3 3 3 3 3 4 1 3 2 2 1 3 3 1 4 2 3 1 3 2 1 1 4 1 2 1 4 4 1 2 3 3 4 1 2 1 2 1 4 1 3 1 3 2 3 3 4 1 3 4 2 4 3 3 3 1 1 3 4 1 1 1 2 1 4 1 3 4 1 1 2 1 1 4 1 4 1 4 1 3 4 4 4 1 3 1 4 1 3
194 0.053251 3 2 3 3 4 3 1 3 3 3 3 3 4 1 3 2 1 3 3 3 1 4 2 3 1 3 2 1 1 4 1 2 1 4 4 1 2 3 3 4 3 2 1 2 1 4 1 3 1 3 2 3 3 4 1 3 4 2 4 3 3 3 1 1 3 4 1 1 1 2 1 4 1 3 4 1 1 2 1 1 4 1 4 1 4 1 3 4 4 4 1 1 1 4 1 3
194 0.053251 3 2 3 3 4 3 1 3 3 3 3 3 4 1 3 2 1 3 1 3 1 4 2 3 1 3 2 1 1 4 3 2 1 4 4 1 2 3 3 4 1 2 1 2 1 4 1 3 1 3 2 3 3 4 1 3 4 2 4 3 3 3 1 1 3 4 1 1 1 2 1 4 1 3 4 1 1 2 1 1 4 1 4 1 4 1 3 4 2 4 1 1 1 4 1 3
194 0.053251 3 2 3 1 4 3 1 3 3 3 3 3 4 1 3 2 1 3 3 3 1 4 4 3 1 3 2 1 1 4 1 2 1 3 1 1 2 3 3 4 1 2 3 2 1 4 1 3 1 3 2 3 3 4 1 3 4 2 4 3 3 3 1 1 3 4 1 1 1 2 1 4 1 3 4 1 1 2 1 1 4 1 4 1 4 3 3 4 4 4 1 1 3 4 1 3
194 0.081999 3 2 3 1 4 3 1 3 3 3 3 3 4 1 3 2 2 1 3 3 1 4 2 3 1 3 2 1 1 4 1 2 1 4 4 1 2 0 3 4 1 2 1 2 1 4 1 3 1 3 2 3 1 4 1 3 4 2 4 3 3 3 1 1 3 4 1 1 1 2 1 4 1 3 4 1 1 2 1 1 4 1 4 1 4 1 3 4 4 4 1 1 1 4 1 3
194 0.081999 3 2 3 1 4 3 1 3 3 3 3 3 4 1 3 2 2 1 3 3 1 4 2 3 1 3 2 1 1 4 1 2 1 4 4 1 2 3 3 4 1 2 1 2 1 4 1 3 1 3 2 3 3 4 1 3 4 2 4 3 3 3 1 1 3 4 1 1 1 2 1 4 1 3 4 1 1 2 1 1 4 1 4 1 4 1 3 4 4 4 1 1 1 2 3 3
194 0.081999 3 2 3 3 4 3 1 3 3 3 3 3 4 1 3 2 1 3 3 3 1 4 4 3 1 3 2 1 1 4 1 2 1 4 1 1 2 3 3 4 1 2 1 2 1 4 1 3 1 3 2 3 3 4 1 3 4 2 4 3 3 3 1 1 3 4 1 1 1 2 1 4 1 3 4 1 1 2 1 1 4 1 4 1 4 1 3 4 4 4 1 1 1 4 1 3
194 0.053251 3 2 3 1 4 3 1 3 3 3 3 3 4 1 3 2 1 3 3 3 1 4 4 3 1 3 2 1 1 4 1 2 1 3 1 1 2 3 3 4 1 2 3 2 1 4 1 3 1 3 2 3 3 4 1 3 4 2 4 3 3 3 1 1 3 4 1 1 1 2 1 4 1 3 4 1 1 2 1 1 4 1 4 1 4 3 3 4 4 4 1 1 1 4 1 3
194 0.053251 3 2 3 3 4 3 1 1 3 3 3 3 4 1 3 4 2 1 3 3 1 2 2 1 1 3 2 1 1 3 1 4 1 4 4 1 2 3 3 4 1 4 1 2 1 4 1 3 1 3 2 3 3 4 3 3 4 2 4 3 3 0 0 0 0 0 0 0 0 0 0 0 0 0 0 0 0 0 0 1 4 1 4 1 4 1 3 4 4 4 3 1 1 4 1 3
194 0.081999 3 2 3 3 4 1 1 3 3 3 3 3 4 1 3 2 2 1 3 3 1 4 2 3 1 3 2 1 1 4 1 2 1 4 4 1 2 3 3 4 1 2 1 2 1 4 1 3 1 3 2 3 3 4 1 3 4 2 4 3 3 3 1 1 3 4 1 1 1 2 1 4 1 3 4 1 1 2 1 1 4 1 4 1 4 1 3 4 4 4 1 1 1 4 1 3
195 0.056925 1 2 1 3 4 3 1 3 3 3 3 3 4 1 3 2 1 3 3 3 1 4 2 3 1 3 2 1 1 4 1 2 1 4 4 1 2 3 3 1 1 2 1 2 1 2 1 1 1 3 2 1 3 3 1 3 4 2 2 3 1 3 1 1 3 4 1 1 1 2 1 4 1 3 4 1 1 2 1 3 4 1 4 1 4 1 3 4 4 4 1 1 1 4 1 3
195 0.077800 3 2 3 3 4 3 1 3 3 3 3 3 4 1 3 2 1 3 3 3 1 4 4 3 1 1 1 1 1 4 1 2 1 4 1 3 2 3 3 4 1 2 1 2 1 4 1 3 3 3 2 3 3 4 1 3 4 2 4 3 3 3 1 1 3 4 1 1 1 2 1 4 1 3 4 1 1 2 1 1 4 1 4 1 4 1 3 4 4 4 1 1 1 4 1 3
195 0.056925 3 2 3 3 4 3 1 3 3 3 3 3 4 1 3 2 1 3 3 3 1 4 2 3 1 3 2 1 1 4 1 2 1 4 1 1 2 3 3 4 1 2 1 2 1 4 1 3 1 3 2 3 3 4 1 3 4 2 4 3 3 3 1 1 3 4 1 1 1 2 1 4 1 3 4 1 1 2 1 1 4 1 4 1 4 1 3 4 4 4 1 1 1 4 1 3
195 0.077800 3 2 3 1 4 3 1 3 3 3 3 3 4 1 3 2 2 1 3 3 1 4 2 3 1 3 2 1 1 4 1 2 1 4 4 1 2 3 3 4 1 2 1 2 1 4 1 3 1 3 2 3 3 4 1 3 4 2 4 3 3 3 1 1 3 4 1 1 1 2 1 4 1 3 4 1 1 2 1 1 4 1 4 1 4 1 3 4 4 4 1 1 1 4 1 3
195 0.056925 3 2 3 3 4 3 1 3 3 3 3 3 4 1 3 2 1 3 3 3 1 4 2 3 1 3 2 1 1 4 1 2 3 4 4 1 2 3 3 4 3 2 1 2 1 4 1 3 1 3 2 3 3 4 1 3 4 4 4 3 3 3 1 1 3 4 1 1 1 2 1 4 1 3 4 1 1 2 1 1 4 3 4 1 4 1 3 4 4 4 1 1 1 4 1 3
195 0.077800 3 2 3 1 4 3 1 3 3 3 3 3 4 1 3 2 2 1 3 3 1 4 2 3 1 3 2 1 1 4 1 2 1 4 4 1 2 3 3 4 1 2 1 2 1 4 1 3 1 3 2 3 3 4 1 3 4 2 4 3 3 3 1 1 3 4 1 1 1 2 1 4 1 3 4 1 1 2 1 1 4 1 4 1 4 1 3 4 4 4 1 3 1 4 1 3
195 0.056925 3 2 3 3 4 3 1 3 3 3 3 3 4 1 3 2 1 3 3 3 1 4 2 3 1 3 2 1 1 4 1 2 1 4 4 1 2 3 3 4 3 2 1 2 1 4 1 3 1 3 2 3 3 4 1 3 4 2 4 3 3 3 1 1 3 4 1 1 1 2 1 4 1 3 4 1 1 2 1 1 4 1 4 1 4 1 3 4 4 4 1 1 1 4 1 3
195 0.056925 3 2 3 3 4 3 1 3 3 3 3 3 4 1 3 2 1 3 1 3 1 4 2 3 1 3 2 1 1 4 3 2 1 4 4 1 2 3 3 4 1 2 1 2 1 4 1 3 1 3 2 3 3 4 1 3 4 2 4 3 3 3 1 1 3 4 1 1 1 2 1 4 1 3 4 1 1 2 1 1 4 1 4 1 4 1 3 4 2 4 1 1 1 4 1 3
195 0.056925 3 2 3 1 4 3 1 3 3 3 3 3 4 1 3 2 1 3 3 3 1 4 4 3 1 3 2 1 1 4 1 2 1 3 1 1 2 3 3 4 1 2 3 2 1 4 1 3 1 3 2 3 3 4 1 3 4 2 4 3 3 3 1 1 3 4 1 1 1 2 1 4 1 3 4 1 1 2 1 1 4 1 4 1 4 3 3 4 4 4 1 1 3 4 1 3
195 0.077800 3 2 3 1 4 3 1 3 3 3 3 3 4 1 3 2 2 1 3 3 1 4 2 3 1 3 2 1 1 4 1 2 1 4 4 1 2 0 3 4 1 2 1 2 1 4 1 3 1 3 2 3 1 4 1 3 4 2 4 3 3 3 1 1 3 4 1 1 1 2 1 4 1 3 4 1 1 2 1 1 4 1 4 1 4 1 3 4 4 4 1 1 1 4 1 3
195 0.077800 3 2 3 1 4 3 1 3 3 3 3 3 4 1 3 2 2 1 3 3 1 4 2 3 1 3 2 1 1 4 1 2 1 4 4 1 2 3 3 4 1 2 1 2 1 4 1 3 1 3 2 3 3 4 1 3 4 2 4 3 3 3 1 1 3 4 1 1 1 2 1 4 1 3 4 1 1 2 1 1 4 1 4 1 4 1 3 4 4 4 1 1 1 2 3 3
195 0.077800 3 2 3 3 4 3 1 3 3 3 3 3 4 1 3 2 1 3 3 3 1 4 4 3 1 3 2 1 1 4 1 2 1 4 1 1 2 3 3 4 1 2 1 2 1 4 1 3 1 3 2 3 3 4 1 3 4 2 4 3 3 3 1 1 3 4 1 1 1 2 1 4 1 3 4 1 1 2 1 1 4 1 4 1 4 1 3 4 4 4 1 1 1 4 1 3
195 0.056925 3 2 3 1 4 3 1 3 3 3 3 3 4 1 3 2 1 3 3 3 1 4 4 3 1 3 2 1 1 4 1 2 1 3 1 1 2 3 3 4 1 2 3 2 1 4 1 3 1 3 2 3 3 4 1 3 4 2 4 3 3 3 1 1 3 4 1 1 1 2 1 4 1 3 4 1 1 2 1 1 4 1 4 1 4 3 3 4 4 4 1 1 1 4 1 3
195 0.056925 3 2 3 3 4 3 1 1 3 3 3 3 4 1 3 4 2 1 3 3 1 2 2 1 1 3 2 1 1 3 1 4 1 4 4 1 2 3 3 4 1 4 1 2 1 4 1 3 1 3 2 3 3 4 3 3 4 2 4 3 3 0 0 0 0 0 0 0 0 0 0 0 0 0 0 0 0 0 0 1 4 1 4 1 4 1 3 4 4 4 3 1 1 4 1 3
195 0.077800 3 2 3 3 4 1 1 3 3 3 3 3 4 1 3 2 2 1 3 3 1 4 2 3 1 3 2 1 1 4 1 2 1 4 4 1 2 3 3 4 1 2 1 2 1 4 1 3 1 3 2 3 3 4 1 3 4 2 4 3 3 3 1 1 3 4 1 1 1 2 1 4 1 3 4 1 1 2 1 1 4 1 4 1 4 1 3 4 4 4 1 1 1 4 1 3
196 0.060637 1 2 1 3 4 3 1 3 3 3 3 3 4 1 3 2 1 3 3 3 1 4 2 3 1 3 2 1 1 4 1 2 1 4 4 1 2 3 3 1 1 2 1 2 1 2 1 1 1 3 2 1 3 3 1 3 4 2 2 3 1 3 1 1 3 4 1 1 1 2 1 4 1 3 4 1 1 2 1 3 4 1 4 1 4 1 3 4 4 4 1 1 1 4 1 3
196 0.073557 3 2 3 3 4 3 1 3 3 3 3 3 4 1 3 2 1 3 3 3 1 4 4 3 1 1 1 1 1 4 1 2 1 4 1 3 2 3 3 4 1 2 1 2 1 4 1 3 3 3 2 3 3 4 1 3 4 2 4 3 3 3 1 1 3 4 1 1 1 2 1 4 1 3 4 1 1 2 1 1 4 1 4 1 4 1 3 4 4 4 1 1 1 4 1 3
196 0.060637 3 2 3 3 4 3 1 3 3 3 3 3 4 1 3 2 1 3 3 3 1 4 2 3 1 3 2 1 1 4 1 2 1 4 1 1 2 3 3 4 1 2 1 2 1 4 1 3 1 3 2 3 3 4 1 3 4 2 4 3 3 3 1 1 3 4 1 1 1 2 1 4 1 3 4 1 1 2 1 1 4 1 4 1 4 1 3 4 4 4 1 1 1 4 1 3
196 0.073557 3 2 3 1 4 3 1 3 3 3 3 3 4 1 3 2 2 1 3 3 1 4 2 3 1 3 2 1 1 4 1 2 1 4 4 1 2 3 3 4 1 2 1 2 1 4 1 3 1 3 2 3 3 4 1 3 4 2 4 3 3 3 1 1 3 4 1 1 1 2 1 4 1 3 4 1 1 2 1 1 4 1 4 1 4 1 3 4 4 4 1 1 1 4 1 3
196 0.060637 3 2 3 3 4 3 1 3 3 3 3 3 4 1 3 2 1 3 3 3 1 4 2 3 1 3 2 1 1 4 1 2 3 4 4 1 2 3 3 4 3 2 1 2 1 4 1 3 1 3 2 3 3 4 1 3 4 4 4 3 3 3 1 1 3 4 1 1 1 2 1 4 1 3 4 1 1 2 1 1 4 3 4 1 4 1 3 4 4 4 1 1 1 4 1 3
196 0.073557 3 2 3 1 4 3 1 3 3 3 3 3 4 1 3 2 2 1 3 3 1 4 2 3 1 3 2 1 1 4 1 2 1 4 4 1 2 3 3 4 1 2 1 2 1 4 1 3 1 3 2 3 3 4 1 3 4 2 4 3 3 3 1 1 3 4 1 1 1 2 1 4 1 3 4 1 1 2 1 1 4 1 4 1 4 1 3 4 4 4 1 3 1 4 1 3
196 0.060637 3 2 3 3 4 3 1 3 3 3 3 3 4 1 3 2 1 3 3 3 1 4 2 3 1 3 2 1 1 4 1 2 1 4 4 1 2 3 3 4 3 2 1 2 1 4 1 3 1 3 2 3 3 4 1 3 4 2 4 3 3 3 1 1 3 4 1 1 1 2 1 4 1 3 4 1 1 2 1 1 4 1 4 1 4 1 3 4 4 4 1 1 1 4 1 3
196 0.060637 3 2 3 3 4 3 1 3 3 3 3 3 4 1 3 2 1 3 1 3 1 4 2 3 1 3 2 1 1 4 3 2 1 4 4 1 2 3 3 4 1 2 1 2 1 4 1 3 1 3 2 3 3 4 1 3 4 2 4 3 3 3 1 1 3 4 1 1 1 2 1 4 1 3 4 1 1 2 1 1 4 1 4 1 4 1 3 4 2 4 1 1 1 4 1 3
196 0.060637 3 2 3 1 4 3 1 3 3 3 3 3 4 1 3 2 1 3 3 3 1 4 4 3 1 3 2 1 1 4 1 2 1 3 1 1 2 3 3 4 1 2 3 2 1 4 1 3 1 3 2 3 3 4 1 3 4 2 4 3 3 3 1 1 3 4 1 1 1 2 1 4 1 3 4 1 1 2 1 1 4 1 4 1 4 3 3 4 4 4 1 1 3 4 1 3
196 0.073557 3 2 3 1 4 3 1 3 3 3 3 3 4 1 3 2 2 1 3 3 1 4 2 3 1 3 2 1 1 4 1 2 1 4 4 1 2 0 3 4 1 2 1 2 1 4 1 3 1 3 2 3 1 4 1 3 4 2 4 3 3 3 1 1 3 4 1 1 1 2 1 4 1 3 4 1 1 2 1 1 4 1 4 1 4 1 3 4 4 4 1 1 1 4 1 3
196 0.073557 3 2 3 1 4 3 1 3 3 3 3 3 4 1 3 2 2 1 3 3 1 4 2 3 1 3 2 1 1 4 1 2 1 4 4 1 2 3 3 4 1 2 1 2 1 4 1 3 1 3 2 3 3 4 1 3 4 2 4 3 3 3 1 1 3 4 1 1 1 2 1 4 1 3 4 1 1 2 1 1 4 1 4 1 4 1 3 4 4 4 1 1 1 2 3 3
196 0.073557 3 2 3 3 4 3 1 3 3 3 3 3 4 1 3 2 1 3 3 3 1 4 4 3 1 3 2 1 1 4 1 2 1 4 1 1 2 3 3 4 1 2 1 2 1 4 1 3 1 3 2 3 3 4 1 3 4 2 4 3 3 3 1 1 3 4 1 1 1 2 1 4 1 3 4 1 1 2 1 1 4 1 4 1 4 1 3 4 4 4 1 1 1 4 1 3
196 0.060637 3 2 3 1 4 3 1 3 3 3 3 3 4 1 3 2 1 3 3 3 1 4 4 3 1 3 2 1 1 4 1 2 1 3 1 1 2 3 3 4 1 2 3 2 1 4 1 3 1 3 2 3 3 4 1 3 4 2 4 3 3 3 1 1 3 4 1 1 1 2 1 4 1 3 4 1 1 2 1 1 4 1 4 1 4 3 3 4 4 4 1 1 1 4 1 3
196 0.060637 3 2 3 3 4 3 1 1 3 3 3 3 4 1 3 4 2 1 3 3 1 2 2 1 1 3 2 1 1 3 1 4 1 4 4 1 2 3 3 4 1 4 1 2 1 4 1 3 1 3 2 3 3 4 3 3 4 2 4 3 3 0 0 0 0 0 0 0 0 0 0 0 0 0 0 0 0 0 0 1 4 1 4 1 4 1 3 4 4 4 3 1 1 4 1 3
196 0.073557 3 2 3 3 4 1 1 3 3 3 3 3 4 1 3 2 2 1 3 3 1 4 2 3 1 3 2 1 1 4 1 2 1 4 4 1 2 3 3 4 1 2 1 2 1 4 1 3 1 3 2 3 3 4 1 3 4 2 4 3 3 3 1 1 3 4 1 1 1 2 1 4 1 3 4 1 1 2 1 1 4 1 4 1 4 1 3 4 4 4 1 1 1 4 1 3
197 0.064363 1 2 1 3 4 3 1 3 3 3 3 3 4 1 3 2 1 3 3 3 1 4 2 3 1 3 2 1 1 4 1 2 1 4 4 1 2 3 3 1 1 2 1 2 1 2 1 1 1 3 2 1 3 3 1 3 4 2 2 3 1 3 1 1 3 4 1 1 1 2 1 4 1 3 4 1 1 2 1 3 4 1 4 1 4 1 3 4 4 4 1 1 1 4 1 3
197 0.069300 3 2 3 3 4 3 1 3 3 3 3 3 4 1 3 2 1 3 3 3 1 4 4 3 1 1 1 1 1 4 1 2 1 4 1 3 2 3 3 4 1 2 1 2 1 4 1 3 3 3 2 3 3 4 1 3 4 2 4 3 3 3 1 1 3 4 1 1 1 2 1 4 1 3 4 1 1 2 1 1 4 1 4 1 4 1 3 4 4 4 1 1 1 4 1 3
197 0.064363 3 2 3 3 4 3 1 3 3 3 3 3 4 1 3 2 1 3 3 3 1 4 2 3 1 3 2 1 1 4 1 2 1 4 1 1 2 3 3 4 1 2 1 2 1 4 1 3 1 3 2 3 3 4 1 3 4 2 4 3 3 3 1 1 3 4 1 1 1 2 1 4 1 3 4 1 1 2 1 1 4 1 4 1 4 1 3 4 4 4 1 1 1 4 1 3
197 0.069300 3 2 3 1 4 3 1 3 3 3 3 3 4 1 3 2 2 1 3 3 1 4 2 3 1 3 2 1 1 4 1 2 1 4 4 1 2 3 3 4 1 2 1 2 1 4 1 3 1 3 2 3 3 4 1 3 4 2 4 3 3 3 1 1 3 4 1 1 1 2 1 4 1 3 4 1 1 2 1 1 4 1 4 1 4 1 3 4 4 4 1 1 1 4 1 3
197 0.064363 3 2 3 3 4 3 1 3 3 3 3 3 4 1 3 2 1 3 3 3 1 4 2 3 1 3 2 1 1 4 1 2 3 4 4 1 2 3 3 4 3 2 1 2 1 4 1 3 1 3 2 3 3 4 1 3 4 4 4 3 3 3 1 1 3 4 1 1 1 2 1 4 1 3 4 1 1 2 1 1 4 3 4 1 4 1 3 4 4 4 1 1 1 4 1 3
197 0.069300 3 2 3 1 4 3 1 3 3 3 3 3 4 1 3 2 2 1 3 3 1 4 2 3 1 3 2 1 1 4 1 2 1 4 4 1 2 3 3 4 1 2 1 2 1 4 1 3 1 3 2 3 3 4 1 3 4 2 4 3 3 3 1 1 3 4 1 1 1 2 1 4 1 3 4 1 1 2 1 1 4 1 4 1 4 1 3 4 4 4 1 3 1 4 1 3
197 0.064363 3 2 3 3 4 3 1 3 3 3 3 3 4 1 3 2 1 3 3 3 1 4 2 3 1 3 2 1 1 4 1 2 1 4 4 1 2 3 3 4 3 2 1 2 1 4 1 3 1 3 2 3 3 4 1 3 4 2 4 3 3 3 1 1 3 4 1 1 1 2 1 4 1 3 4 1 1 2 1 1 4 1 4 1 4 1 3 4 4 4 1 1 1 4 1 3
197 0.064363 3 2 3 3 4 3 1 3 3 3 3 3 4 1 3 2 1 3 1 3 1 4 2 3 1 3 2 1 1 4 3 2 1 4 4 1 2 3 3 4 1 2 1 2 1 4 1 3 1 3 2 3 3 4 1 3 4 2 4 3 3 3 1 1 3 4 1 1 1 2 1 4 1 3 4 1 1 2 1 1 4 1 4 1 4 1 3 4 2 4 1 1 1 4 1 3
197 0.064363 3 2 3 1 4 3 1 3 3 3 3 3 4 1 3 2 1 3 3 3 1 4 4 3 1 3 2 1 1 4 1 2 1 3 1 1 2 3 3 4 1 2 3 2 1 4 1 3 1 3 2 3 3 4 1 3 4 2 4 3 3 3 1 1 3 4 1 1 1 2 1 4 1 3 4 1 1 2 1 1 4 1 4 1 4 3 3 4 4 4 1 1 3 4 1 3
197 0.069300 3 2 3 1 4 3 1 3 3 3 3 3 4 1 3 2 2 1 3 3 1 4 2 3 1 3 2 1 1 4 1 2 1 4 4 1 2 0 3 4 1 2 1 2 1 4 1 3 1 3 2 3 1 4 1 3 4 2 4 3 3 3 1 1 3 4 1 1 1 2 1 4 1 3 4 1 1 2 1 1 4 1 4 1 4 1 3 4 4 4 1 1 1 4 1 3
197 0.069300 3 2 3 1 4 3 1 3 3 3 3 3 4 1 3 2 2 1 3 3 1 4 2 3 1 3 2 1 1 4 1 2 1 4 4 1 2 3 3 4 1 2 1 2 1 4 1 3 1 3 2 3 3 4 1 3 4 2 4 3 3 3 1 1 3 4 1 1 1 2 1 4 1 3 4 1 1 2 1 1 4 1 4 1 4 1 3 4 4 4 1 1 1 2 3 3
197 0.069300 3 2 3 3 4 3 1 3 3 3 3 3 4 1 3 2 1 3 3 3 1 4 4 3 1 3 2 1 1 4 1 2 1 4 1 1 2 3 3 4 1 2 1 2 1 4 1 3 1 3 2 3 3 4 1 3 4 2 4 3 3 3 1 1 3 4 1 1 1 2 1 4 1 3 4 1 1 2 1 1 4 1 4 1 4 1 3 4 4 4 1 1 1 4 1 3
197 0.064363 3 2 3 1 4 3 1 3 3 3 3 3 4 1 3 2 1 3 3 3 1 4 4 3 1 3 2 1 1 4 1 2 1 3 1 1 2 3 3 4 1 2 3 2 1 4 1 3 1 3 2 3 3 4 1 3 4 2 4 3 3 3 1 1 3 4 1 1 1 2 1 4 1 3 4 1 1 2 1 1 4 1 4 1 4 3 3 4 4 4 1 1 1 4 1 3
197 0.064363 3 2 3 3 4 3 1 1 3 3 3 3 4 1 3 4 2 1 3 3 1 2 2 1 1 3 2 1 1 3 1 4 1 4 4 1 2 3 3 4 1 4 1 2 1 4 1 3 1 3 2 3 3 4 3 3 4 2 4 3 3 0 0 0 0 0 0 0 0 0 0 0 0 0 0 0 0 0 0 1 4 1 4 1 4 1 3 4 4 4 3 1 1 4 1 3
197 0.069300 3 2 3 3 4 1 1 3 3 3 3 3 4 1 3 2 2 1 3 3 1 4 2 3 1 3 2 1 1 4 1 2 1 4 4 1 2 3 3 4 1 2 1 2 1 4 1 3 1 3 2 3 3 4 1 3 4 2 4 3 3 3 1 1 3 4 1 1 1 2 1 4 1 3 4 1 1 2 1 1 4 1 4 1 4 1 3 4 4 4 1 1 1 4 1 3
198 0.068075 1 2 1 3 4 3 1 3 3 3 3 3 4 1 3 2 1 3 3 3 1 4 2 3 1 3 2 1 1 4 1 2 1 4 4 1 2 3 3 1 1 2 1 2 1 2 1 1 1 3 2 1 3 3 1 3 4 2 2 3 1 3 1 1 3 4 1 1 1 2 1 4 1 3 4 1 1 2 1 3 4 1 4 1 4 1 3 4 4 4 1 1 1 4 1 3
198 0.065057 3 2 3 3 4 3 1 3 3 3 3 3 4 1 3 2 1 3 3 3 1 4 4 3 1 1 1 1 1 4 1 2 1 4 1 3 2 3 3 4 1 2 1 2 1 4 1 3 3 3 2 3 3 4 1 3 4 2 4 3 3 3 1 1 3 4 1 1 1 2 1 4 1 3 4 1 1 2 1 1 4 1 4 1 4 1 3 4 4 4 1 1 1 4 1 3
198 0.068075 3 2 3 3 4 3 1 3 3 3 3 3 4 1 3 2 1 3 3 3 1 4 2 3 1 3 2 1 1 4 1 2 1 4 1 1 2 3 3 4 1 2 1 2 1 4 1 3 1 3 2 3 3 4 1 3 4 2 4 3 3 3 1 1 3 4 1 1 1 2 1 4 1 3 4 1 1 2 1 1 4 1 4 1 4 1 3 4 4 4 1 1 1 4 1 3
198 0.065057 3 2 3 1 4 3 1 3 3 3 3 3 4 1 3 2 2 1 3 3 1 4 2 3 1 3 2 1 1 4 1 2 1 4 4 1 2 3 3 4 1 2 1 2 1 4 1 3 1 3 2 3 3 4 1 3 4 2 4 3 3 3 1 1 3 4 1 1 1 2 1 4 1 3 4 1 1 2 1 1 4 1 4 1 4 1 3 4 4 4 1 1 1 4 1 3
198 0.068075 3 2 3 3 4 3 1 3 3 3 3 3 4 1 3 2 1 3 3 3 1 4 2 3 1 3 2 1 1 4 1 2 3 4 4 1 2 3 3 4 3 2 1 2 1 4 1 3 1 3 2 3 3 4 1 3 4 4 4 3 3 3 1 1 3 4 1 1 1 2 1 4 1 3 4 1 1 2 1 1 4 3 4 1 4 1 3 4 4 4 1 1 1 4 1 3
198 0.065057 3 2 3 1 4 3 1 3 3 3 3 3 4 1 3 2 2 1 3 3 1 4 2 3 1 3 2 1 1 4 1 2 1 4 4 1 2 3 3 4 1 2 1 2 1 4 1 3 1 3 2 3 3 4 1 3 4 2 4 3 3 3 1 1 3 4 1 1 1 2 1 4 1 3 4 1 1 2 1 1 4 1 4 1 4 1 3 4 4 4 1 3 1 4 1 3
198 0.068075 3 2 3 3 4 3 1 3 3 3 3 3 4 1 3 2 1 3 3 3 1 4 2 3 1 3 2 1 1 4 1 2 1 4 4 1 2 3 3 4 3 2 1 2 1 4 1 3 1 3 2 3 3 4 1 3 4 2 4 3 3 3 1 1 3 4 1 1 1 2 1 4 1 3 4 1 1 2 1 1 4 1 4 1 4 1 3 4 4 4 1 1 1 4 1 3
198 0.068075 3 2 3 3 4 3 1 3 3 3 3 3 4 1 3 2 1 3 1 3 1 4 2 3 1 3 2 1 1 4 3 2 1 4 4 1 2 3 3 4 1 2 1 2 1 4 1 3 1 3 2 3 3 4 1 3 4 2 4 3 3 3 1 1 3 4 1 1 1 2 1 4 1 3 4 1 1 2 1 1 4 1 4 1 4 1 3 4 2 4 1 1 1 4 1 3
198 0.068075 3 2 3 1 4 3 1 3 3 3 3 3 4 1 3 2 1 3 3 3 1 4 4 3 1 3 2 1 1 4 1 2 1 3 1 1 2 3 3 4 1 2 3 2 1 4 1 3 1 3 2 3 3 4 1 3 4 2 4 3 3 3 1 1 3 4 1 1 1 2 1 4 1 3 4 1 1 2 1 1 4 1 4 1 4 3 3 4 4 4 1 1 3 4 1 3
198 0.065057 3 2 3 1 4 3 1 3 3 3 3 3 4 1 3 2 2 1 3 3 1 4 2 3 1 3 2 1 1 4 1 2 1 4 4 1 2 0 3 4 1 2 1 2 1 4 1 3 1 3 2 3 1 4 1 3 4 2 4 3 3 3 1 1 3 4 1 1 1 2 1 4 1 3 4 1 1 2 1 1 4 1 4 1 4 1 3 4 4 4 1 1 1 4 1 3
198 0.065057 3 2 3 1 4 3 1 3 3 3 3 3 4 1 3 2 2 1 3 3 1 4 2 3 1 3 2 1 1 4 1 2 1 4 4 1 2 3 3 4 1 2 1 2 1 4 1 3 1 3 2 3 3 4 1 3 4 2 4 3 3 3 1 1 3 4 1 1 1 2 1 4 1 3 4 1 1 2 1 1 4 1 4 1 4 1 3 4 4 4 1 1 1 2 3 3
198 0.065057 3 2 3 3 4 3 1 3 3 3 3 3 4 1 3 2 1 3 3 3 1 4 4 3 1 3 2 1 1 4 1 2 1 4 1 1 2 3 3 4 1 2 1 2 1 4 1 3 1 3 2 3 3 4 1 3 4 2 4 3 3 3 1 1 3 4 1 1 1 2 1 4 1 3 4 1 1 2 1 1 4 1 4 1 4 1 3 4 4 4 1 1 1 4 1 3
198 0.068075 3 2 3 1 4 3 1 3 3 3 3 3 4 1 3 2 1 3 3 3 1 4 4 3 1 3 2 1 1 4 1 2 1 3 1 1 2 3 3 4 1 2 3 2 1 4 1 3 1 3 2 3 3 4 1 3 4 2 4 3 3 3 1 1 3 4 1 1 1 2 1 4 1 3 4 1 1 2 1 1 4 1 4 1 4 3 3 4 4 4 1 1 1 4 1 3
198 0.068075 3 2 3 3 4 3 1 1 3 3 3 3 4 1 3 4 2 1 3 3 1 2 2 1 1 3 2 1 1 3 1 4 1 4 4 1 2 3 3 4 1 4 1 2 1 4 1 3 1 3 2 3 3 4 3 3 4 2 4 3 3 0 0 0 0 0 0 0 0 0 0 0 0 0 0 0 0 0 0 1 4 1 4 1 4 1 3 4 4 4 3 1 1 4 1 3
198 0.065057 3 2 3 3 4 1 1 3 3 3 3 3 4 1 3 2 2 1 3 3 1 4 2 3 1 3 2 1 1 4 1 2 1 4 4 1 2 3 3 4 1 2 1 2 1 4 1 3 1 3 2 3 3 4 1 3 4 2 4 3 3 3 1 1 3 4 1 1 1 2 1 4 1 3 4 1 1 2 1 1 4 1 4 1 4 1 3 4 4 4 1 1 1 4 1 3
199 0.071749 1 2 1 3 4 3 1 3 3 3 3 3 4 1 3 2 1 3 3 3 1 4 2 3 1 3 2 1 1 4 1 2 1 4 4 1 2 3 3 1 1 2 1 2 1 2 1 1 1 3 2 1 3 3 1 3 4 2 2 3 1 3 1 1 3 4 1 1 1 2 1 4 1 3 4 1 1 2 1 3 4 1 4 1 4 1 3 4 4 4 1 1 1 4 1 3
199 0.060858 3 2 3 3 4 3 1 3 3 3 3 3 4 1 3 2 1 3 3 3 1 4 4 3 1 1 1 1 1 4 1 2 1 4 1 3 2 3 3 4 1 2 1 2 1 4 1 3 3 3 2 3 3 4 1 3 4 2 4 3 3 3 1 1 3 4 1 1 1 2 1 4 1 3 4 1 1 2 1 1 4 1 4 1 4 1 3 4 4 4 1 1 1 4 1 3
199 0.071749 3 2 3 3 4 3 1 3 3 3 3 3 4 1 3 2 1 3 3 3 1 4 2 3 1 3 2 1 1 4 1 2 1 4 1 1 2 3 3 4 1 2 1 2 1 4 1 3 1 3 2 3 3 4 1 3 4 2 4 3 3 3 1 1 3 4 1 1 1 2 1 4 1 3 4 1 1 2 1 1 4 1 4 1 4 1 3 4 4 4 1 1 1 4 1 3
199 0.060858 3 2 3 1 4 3 1 3 3 3 3 3 4 1 3 2 2 1 3 3 1 4 2 3 1 3 2 1 1 4 1 2 1 4 4 1 2 3 3 4 1 2 1 2 1 4 1 3 1 3 2 3 3 4 1 3 4 2 4 3 3 3 1 1 3 4 1 1 1 2 1 4 1 3 4 1 1 2 1 1 4 1 4 1 4 1 3 4 4 4 1 1 1 4 1 3
199 0.071749 3 2 3 3 4 3 1 3 3 3 3 3 4 1 3 2 1 3 3 3 1 4 2 3 1 3 2 1 1 4 1 2 3 4 4 1 2 3 3 4 3 2 1 2 1 4 1 3 1 3 2 3 3 4 1 3 4 4 4 3 3 3 1 1 3 4 1 1 1 2 1 4 1 3 4 1 1 2 1 1 4 3 4 1 4 1 3 4 4 4 1 1 1 4 1 3
199 0.060858 3 2 3 1 4 3 1 3 3 3 3 3 4 1 3 2 2 1 3 3 1 4 2 3 1 3 2 1 1 4 1 2 1 4 4 1 2 3 3 4 1 2 1 2 1 4 1 3 1 3 2 3 3 4 1 3 4 2 4 3 3 3 1 1 3 4 1 1 1 2 1 4 1 3 4 1 1 2 1 1 4 1 4 1 4 1 3 4 4 4 1 3 1 4 1 3
199 0.071749 3 2 3 3 4 3 1 3 3 3 3 3 4 1 3 2 1 3 3 3 1 4 2 3 1 3 2 1 1 4 1 2 1 4 4 1 2 3 3 4 3 2 1 2 1 4 1 3 1 3 2 3 3 4 1 3 4 2 4 3 3 3 1 1 3 4 1 1 1 2 1 4 1 3 4 1 1 2 1 1 4 1 4 1 4 1 3 4 4 4 1 1 1 4 1 3
199 0.071749 3 2 3 3 4 3 1 3 3 3 3 3 4 1 3 2 1 3 1 3 1 4 2 3 1 3 2 1 1 4 3 2 1 4 4 1 2 3 3 4 1 2 1 2 1 4 1 3 1 3 2 3 3 4 1 3 4 2 4 3 3 3 1 1 3 4 1 1 1 2 1 4 1 3 4 1 1 2 1 1 4 1 4 1 4 1 3 4 2 4 1 1 1 4 1 3
199 0.071749 3 2 3 1 4 3 1 3 3 3 3 3 4 1 3 2 1 3 3 3 1 4 4 3 1 3 2 1 1 4 1 2 1 3 1 1 2 3 3 4 1 2 3 2 1 4 1 3 1 3 2 3 3 4 1 3 4 2 4 3 3 3 1 1 3 4 1 1 1 2 1 4 1 3 4 1 1 2 1 1 4 1 4 1 4 3 3 4 4 4 1 1 3 4 1 3
199 0.060858 3 2 3 1 4 3 1 3 3 3 3 3 4 1 3 2 2 1 3 3 1 4 2 3 1 3 2 1 1 4 1 2 1 4 4 1 2 0 3 4 1 2 1 2 1 4 1 3 1 3 2 3 1 4 1 3 4 2 4 3 3 3 1 1 3 4 1 1 1 2 1 4 1 3 4 1 1 2 1 1 4 1 4 1 4 1 3 4 4 4 1 1 1 4 1 3
199 0.060858 3 2 3 1 4 3 1 3 3 3 3 3 4 1 3 2 2 1 3 3 1 4 2 3 1 3 2 1 1 4 1 2 1 4 4 1 2 3 3 4 1 2 1 2 1 4 1 3 1 3 2 3 3 4 1 3 4 2 4 3 3 3 1 1 3 4 1 1 1 2 1 4 1 3 4 1 1 2 1 1 4 1 4 1 4 1 3 4 4 4 1 1 1 2 3 3
199 0.060858 3 2 3 3 4 3 1 3 3 3 3 3 4 1 3 2 1 3 3 3 1 4 4 3 1 3 2 1 1 4 1 2 1 4 1 1 2 3 3 4 1 2 1 2 1 4 1 3 1 3 2 3 3 4 1 3 4 2 4 3 3 3 1 1 3 4 1 1 1 2 1 4 1 3 4 1 1 2 1 1 4 1 4 1 4 1 3 4 4 4 1 1 1 4 1 3
199 0.071749 3 2 3 1 4 3 1 3 3 3 3 3 4 1 3 2 1 3 3 3 1 4 4 3 1 3 2 1 1 4 1 2 1 3 1 1 2 3 3 4 1 2 3 2 1 4 1 3 1 3 2 3 3 4 1 3 4 2 4 3 3 3 1 1 3 4 1 1 1 2 1 4 1 3 4 1 1 2 1 1 4 1 4 1 4 3 3 4 4 4 1 1 1 4 1 3
199 0.071749 3 2 3 3 4 3 1 1 3 3 3 3 4 1 3 4 2 1 3 3 1 2 2 1 1 3 2 1 1 3 1 4 1 4 4 1 2 3 3 4 1 4 1 2 1 4 1 3 1 3 2 3 3 4 3 3 4 2 4 3 3 0 0 0 0 0 0 0 0 0 0 0 0 0 0 0 0 0 0 1 4 1 4 1 4 1 3 4 4 4 3 1 1 4 1 3
199 0.060858 3 2 3 3 4 1 1 3 3 3 3 3 4 1 3 2 2 1 3 3 1 4 2 3 1 3 2 1 1 4 1 2 1 4 4 1 2 3 3 4 1 2 1 2 1 4 1 3 1 3 2 3 3 4 1 3 4 2 4 3 3 3 1 1 3 4 1 1 1 2 1 4 1 3 4 1 1 2 1 1 4 1 4 1 4 1 3 4 4 4 1 1 1 4 1 3
200 0.075361 1 2 1 3 4 3 1 3 3 3 3 3 4 1 3 2 1 3 3 3 1 4 2 3 1 3 2 1 1 4 1 2 1 4 4 1 2 3 3 1 1 2 1 2 1 2 1 1 1 3 2 1 3 3 1 3 4 2 2 3 1 3 1 1 3 4 1 1 1 2 1 4 1 3 4 1 1 2 1 3 4 1 4 1 4 1 3 4 4 4 1 1 1 4 1 3
200 0.056730 3 2 3 3 4 3 1 3 3 3 3 3 4 1 3 2 1 3 3 3 1 4 4 3 1 1 1 1 1 4 1 2 1 4 1 3 2 3 3 4 1 2 1 2 1 4 1 3 3 3 2 3 3 4 1 3 4 2 4 3 3 3 1 1 3 4 1 1 1 2 1 4 1 3 4 1 1 2 1 1 4 1 4 1 4 1 3 4 4 4 1 1 1 4 1 3
200 0.075361 3 2 3 3 4 3 1 3 3 3 3 3 4 1 3 2 1 3 3 3 1 4 2 3 1 3 2 1 1 4 1 2 1 4 1 1 2 3 3 4 1 2 1 2 1 4 1 3 1 3 2 3 3 4 1 3 4 2 4 3 3 3 1 1 3 4 1 1 1 2 1 4 1 3 4 1 1 2 1 1 4 1 4 1 4 1 3 4 4 4 1 1 1 4 1 3
200 0.056730 3 2 3 1 4 3 1 3 3 3 3 3 4 1 3 2 2 1 3 3 1 4 2 3 1 3 2 1 1 4 1 2 1 4 4 1 2 3 3 4 1 2 1 2 1 4 1 3 1 3 2 3 3 4 1 3 4 2 4 3 3 3 1 1 3 4 1 1 1 2 1 4 1 3 4 1 1 2 1 1 4 1 4 1 4 1 3 4 4 4 1 1 1 4 1 3
200 0.075361 3 2 3 3 4 3 1 3 3 3 3 3 4 1 3 2 1 3 3 3 1 4 2 3 1 3 2 1 1 4 1 2 3 4 4 1 2 3 3 4 3 2 1 2 1 4 1 3 1 3 2 3 3 4 1 3 4 4 4 3 3 3 1 1 3 4 1 1 1 2 1 4 1 3 4 1 1 2 1 1 4 3 4 1 4 1 3 4 4 4 1 1 1 4 1 3
200 0.056730 3 2 3 1 4 3 1 3 3 3 3 3 4 1 3 2 2 1 3 3 1 4 2 3 1 3 2 1 1 4 1 2 1 4 4 1 2 3 3 4 1 2 1 2 1 4 1 3 1 3 2 3 3 4 1 3 4 2 4 3 3 3 1 1 3 4 1 1 1 2 1 4 1 3 4 1 1 2 1 1 4 1 4 1 4 1 3 4 4 4 1 3 1 4 1 3
200 0.075361 3 2 3 3 4 3 1 3 3 3 3 3 4 1 3 2 1 3 3 3 1 4 2 3 1 3 2 1 1 4 1 2 1 4 4 1 2 3 3 4 3 2 1 2 1 4 1 3 1 3 2 3 3 4 1 3 4 2 4 3 3 3 1 1 3 4 1 1 1 2 1 4 1 3 4 1 1 2 1 1 4 1 4 1 4 1 3 4 4 4 1 1 1 4 1 3
200 0.075361 3 2 3 3 4 3 1 3 3 3 3 3 4 1 3 2 1 3 1 3 1 4 2 3 1 3 2 1 1 4 3 2 1 4 4 1 2 3 3 4 1 2 1 2 1 4 1 3 1 3 2 3 3 4 1 3 4 2 4 3 3 3 1 1 3 4 1 1 1 2 1 4 1 3 4 1 1 2 1 1 4 1 4 1 4 1 3 4 2 4 1 1 1 4 1 3
200 0.075361 3 2 3 1 4 3 1 3 3 3 3 3 4 1 3 2 1 3 3 3 1 4 4 3 1 3 2 1 1 4 1 2 1 3 1 1 2 3 3 4 1 2 3 2 1 4 1 3 1 3 2 3 3 4 1 3 4 2 4 3 3 3 1 1 3 4 1 1 1 2 1 4 1 3 4 1 1 2 1 1 4 1 4 1 4 3 3 4 4 4 1 1 3 4 1 3
200 0.056730 3 2 3 1 4 3 1 3 3 3 3 3 4 1 3 2 2 1 3 3 1 4 2 3 1 3 2 1 1 4 1 2 1 4 4 1 2 0 3 4 1 2 1 2 1 4 1 3 1 3 2 3 1 4 1 3 4 2 4 3 3 3 1 1 3 4 1 1 1 2 1 4 1 3 4 1 1 2 1 1 4 1 4 1 4 1 3 4 4 4 1 1 1 4 1 3
200 0.056730 3 2 3 1 4 3 1 3 3 3 3 3 4 1 3 2 2 1 3 3 1 4 2 3 1 3 2 1 1 4 1 2 1 4 4 1 2 3 3 4 1 2 1 2 1 4 1 3 1 3 2 3 3 4 1 3 4 2 4 3 3 3 1 1 3 4 1 1 1 2 1 4 1 3 4 1 1 2 1 1 4 1 4 1 4 1 3 4 4 4 1 1 1 2 3 3
200 0.056730 3 2 3 3 4 3 1 3 3 3 3 3 4 1 3 2 1 3 3 3 1 4 4 3 1 3 2 1 1 4 1 2 1 4 1 1 2 3 3 4 1 2 1 2 1 4 1 3 1 3 2 3 3 4 1 3 4 2 4 3 3 3 1 1 3 4 1 1 1 2 1 4 1 3 4 1 1 2 1 1 4 1 4 1 4 1 3 4 4 4 1 1 1 4 1 3
200 0.075361 3 2 3 1 4 3 1 3 3 3 3 3 4 1 3 2 1 3 3 3 1 4 4 3 1 3 2 1 1 4 1 2 1 3 1 1 2 3 3 4 1 2 3 2 1 4 1 3 1 3 2 3 3 4 1 3 4 2 4 3 3 3 1 1 3 4 1 1 1 2 1 4 1 3 4 1 1 2 1 1 4 1 4 1 4 3 3 4 4 4 1 1 1 4 1 3
200 0.075361 3 2 3 3 4 3 1 1 3 3 3 3 4 1 3 4 2 1 3 3 1 2 2 1 1 3 2 1 1 3 1 4 1 4 4 1 2 3 3 4 1 4 1 2 1 4 1 3 1 3 2 3 3 4 3 3 4 2 4 3 3 0 0 0 0 0 0 0 0 0 0 0 0 0 0 0 0 0 0 1 4 1 4 1 4 1 3 4 4 4 3 1 1 4 1 3
200 0.056730 3 2 3 3 4 1 1 3 3 3 3 3 4 1 3 2 2 1 3 3 1 4 2 3 1 3 2 1 1 4 1 2 1 4 4 1 2 3 3 4 1 2 1 2 1 4 1 3 1 3 2 3 3 4 1 3 4 2 4 3 3 3 1 1 3 4 1 1 1 2 1 4 1 3 4 1 1 2 1 1 4 1 4 1 4 1 3 4 4 4 1 1 1 4 1 3
201 0.078888 1 2 1 3 4 3 1 3 3 3 3 3 4 1 3 2 1 3 3 3 1 4 2 3 1 3 2 1 1 4 1 2 1 4 4 1 2 3 3 1 1 2 1 2 1 2 1 1 1 3 2 1 3 3 1 3 4 2 2 3 1 3 1 1 3 4 1 1 1 2 1 4 1 3 4 1 1 2 1 3 4 1 4 1 4 1 3 4 4 4 1 1 1 4 1 3
201 0.052700 3 2 3 3 4 3 1 3 3 3 3 3 4 1 3 2 1 3 3 3 1 4 4 3 1 1 1 1 1 4 1 2 1 4 1 3 2 3 3 4 1 2 1 2 1 4 1 3 3 3 2 3 3 4 1 3 4 2 4 3 3 3 1 1 3 4 1 1 1 2 1 4 1 3 4 1 1 2 1 1 4 1 4 1 4 1 3 4 4 4 1 1 1 4 1 3
201 0.078888 3 2 3 3 4 3 1 3 3 3 3 3 4 1 3 2 1 3 3 3 1 4 2 3 1 3 2 1 1 4 1 2 1 4 1 1 2 3 3 4 1 2 1 2 1 4 1 3 1 3 2 3 3 4 1 3 4 2 4 3 3 3 1 1 3 4 1 1 1 2 1 4 1 3 4 1 1 2 1 1 4 1 4 1 4 1 3 4 4 4 1 1 1 4 1 3
201 0.052700 3 2 3 1 4 3 1 3 3 3 3 3 4 1 3 2 2 1 3 3 1 4 2 3 1 3 2 1 1 4 1 2 1 4 4 1 2 3 3 4 1 2 1 2 1 4 1 3 1 3 2 3 3 4 1 3 4 2 4 3 3 3 1 1 3 4 1 1 1 2 1 4 1 3 4 1 1 2 1 1 4 1 4 1 4 1 3 4 4 4 1 1 1 4 1 3
201 0.078888 3 2 3 3 4 3 1 3 3 3 3 3 4 1 3 2 1 3 3 3 1 4 2 3 1 3 2 1 1 4 1 2 3 4 4 1 2 3 3 4 3 2 1 2 1 4 1 3 1 3 2 3 3 4 1 3 4 4 4 3 3 3 1 1 3 4 1 1 1 2 1 4 1 3 4 1 1 2 1 1 4 3 4 1 4 1 3 4 4 4 1 1 1 4 1 3
201 0.052700 3 2 3 1 4 3 1 3 3 3 3 3 4 1 3 2 2 1 3 3 1 4 2 3 1 3 2 1 1 4 1 2 1 4 4 1 2 3 3 4 1 2 1 2 1 4 1 3 1 3 2 3 3 4 1 3 4 2 4 3 3 3 1 1 3 4 1 1 1 2 1 4 1 3 4 1 1 2 1 1 4 1 4 1 4 1 3 4 4 4 1 3 1 4 1 3
201 0.078888 3 2 3 3 4 3 1 3 3 3 3 3 4 1 3 2 1 3 3 3 1 4 2 3 1 3 2 1 1 4 1 2 1 4 4 1 2 3 3 4 3 2 1 2 1 4 1 3 1 3 2 3 3 4 1 3 4 2 4 3 3 3 1 1 3 4 1 1 1 2 1 4 1 3 4 1 1 2 1 1 4 1 4 1 4 1 3 4 4 4 1 1 1 4 1 3
201 0.078888 3 2 3 3 4 3 1 3 3 3 3 3 4 1 3 2 1 3 1 3 1 4 2 3 1 3 2 1 1 4 3 2 1 4 4 1 2 3 3 4 1 2 1 2 1 4 1 3 1 3 2 3 3 4 1 3 4 2 4 3 3 3 1 1 3 4 1 1 1 2 1 4 1 3 4 1 1 2 1 1 4 1 4 1 4 1 3 4 2 4 1 1 1 4 1 3
201 0.078888 3 2 3 1 4 3 1 3 3 3 3 3 4 1 3 2 1 3 3 3 1 4 4 3 1 3 2 1 1 4 1 2 1 3 1 1 2 3 3 4 1 2 3 2 1 4 1 3 1 3 2 3 3 4 1 3 4 2 4 3 3 3 1 1 3 4 1 1 1 2 1 4 1 3 4 1 1 2 1 1 4 1 4 1 4 3 3 4 4 4 1 1 3 4 1 3
201 0.052700 3 2 3 1 4 3 1 3 3 3 3 3 4 1 3 2 2 1 3 3 1 4 2 3 1 3 2 1 1 4 1 2 1 4 4 1 2 0 3 4 1 2 1 2 1 4 1 3 1 3 2 3 1 4 1 3 4 2 4 3 3 3 1 1 3 4 1 1 1 2 1 4 1 3 4 1 1 2 1 1 4 1 4 1 4 1 3 4 4 4 1 1 1 4 1 3
201 0.052700 3 2 3 1 4 3 1 3 3 3 3 3 4 1 3 2 2 1 3 3 1 4 2 3 1 3 2 1 1 4 1 2 1 4 4 1 2 3 3 4 1 2 1 2 1 4 1 3 1 3 2 3 3 4 1 3 4 2 4 3 3 3 1 1 3 4 1 1 1 2 1 4 1 3 4 1 1 2 1 1 4 1 4 1 4 1 3 4 4 4 1 1 1 2 3 3
201 0.052700 3 2 3 3 4 3 1 3 3 3 3 3 4 1 3 2 1 3 3 3 1 4 4 3 1 3 2 1 1 4 1 2 1 4 1 1 2 3 3 4 1 2 1 2 1 4 1 3 1 3 2 3 3 4 1 3 4 2 4 3 3 3 1 1 3 4 1 1 1 2 1 4 1 3 4 1 1 2 1 1 4 1 4 1 4 1 3 4 4 4 1 1 1 4 1 3
201 0.078888 3 2 3 1 4 3 1 3 3 3 3 3 4 1 3 2 1 3 3 3 1 4 4 3 1 3 2 1 1 4 1 2 1 3 1 1 2 3 3 4 1 2 3 2 1 4 1 3 1 3 2 3 3 4 1 3 4 2 4 3 3 3 1 1 3 4 1 1 1 2 1 4 1 3 4 1 1 2 1 1 4 1 4 1 4 3 3 4 4 4 1 1 1 4 1 3
201 0.078888 3 2 3 3 4 3 1 1 3 3 3 3 4 1 3 4 2 1 3 3 1 2 2 1 1 3 2 1 1 3 1 4 1 4 4 1 2 3 3 4 1 4 1 2 1 4 1 3 1 3 2 3 3 4 3 3 4 2 4 3 3 0 0 0 0 0 0 0 0 0 0 0 0 0 0 0 0 0 0 1 4 1 4 1 4 1 3 4 4 4 3 1 1 4 1 3
201 0.052700 3 2 3 3 4 1 1 3 3 3 3 3 4 1 3 2 2 1 3 3 1 4 2 3 1 3 2 1 1 4 1 2 1 4 4 1 2 3 3 4 1 2 1 2 1 4 1 3 1 3 2 3 3 4 1 3 4 2 4 3 3 3 1 1 3 4 1 1 1 2 1 4 1 3 4 1 1 2 1 1 4 1 4 1 4 1 3 4 4 4 1 1 1 4 1 3
202 0.082309 1 2 1 3 4 3 1 3 3 3 3 3 4 1 3 2 1 3 3 3 1 4 2 3 1 3 2 1 1 4 1 2 1 4 4 1 2 3 3 1 1 2 1 2 1 2 1 1 1 3 2 1 3 3 1 3 4 2 2 3 1 3 1 1 3 4 1 1 1 2 1 4 1 3 4 1 1 2 1 3 4 1 4 1 4 1 3 4 4 4 1 1 1 4 1 3
202 0.048790 3 2 3 3 4 3 1 3 3 3 3 3 4 1 3 2 1 3 3 3 1 4 4 3 1 1 1 1 1 4 1 2 1 4 1 3 2 3 3 4 1 2 1 2 1 4 1 3 3 3 2 3 3 4 1 3 4 2 4 3 3 3 1 1 3 4 1 1 1 2 1 4 1 3 4 1 1 2 1 1 4 1 4 1 4 1 3 4 4 4 1 1 1 4 1 3
202 0.082309 3 2 3 3 4 3 1 3 3 3 3 3 4 1 3 2 1 3 3 3 1 4 2 3 1 3 2 1 1 4 1 2 1 4 1 1 2 3 3 4 1 2 1 2 1 4 1 3 1 3 2 3 3 4 1 3 4 2 4 3 3 3 1 1 3 4 1 1 1 2 1 4 1 3 4 1 1 2 1 1 4 1 4 1 4 1 3 4 4 4 1 1 1 4 1 3
202 0.048790 3 2 3 1 4 3 1 3 3 3 3 3 4 1 3 2 2 1 3 3 1 4 2 3 1 3 2 1 1 4 1 2 1 4 4 1 2 3 3 4 1 2 1 2 1 4 1 3 1 3 2 3 3 4 1 3 4 2 4 3 3 3 1 1 3 4 1 1 1 2 1 4 1 3 4 1 1 2 1 1 4 1 4 1 4 1 3 4 4 4 1 1 1 4 1 3
202 0.082309 3 2 3 3 4 3 1 3 3 3 3 3 4 1 3 2 1 3 3 3 1 4 2 3 1 3 2 1 1 4 1 2 3 4 4 1 2 3 3 4 3 2 1 2 1 4 1 3 1 3 2 3 3 4 1 3 4 4 4 3 3 3 1 1 3 4 1 1 1 2 1 4 1 3 4 1 1 2 1 1 4 3 4 1 4 1 3 4 4 4 1 1 1 4 1 3
202 0.048790 3 2 3 1 4 3 1 3 3 3 3 3 4 1 3 2 2 1 3 3 1 4 2 3 1 3 2 1 1 4 1 2 1 4 4 1 2 3 3 4 1 2 1 2 1 4 1 3 1 3 2 3 3 4 1 3 4 2 4 3 3 3 1 1 3 4 1 1 1 2 1 4 1 3 4 1 1 2 1 1 4 1 4 1 4 1 3 4 4 4 1 3 1 4 1 3
202 0.082309 3 2 3 3 4 3 1 3 3 3 3 3 4 1 3 2 1 3 3 3 1 4 2 3 1 3 2 1 1 4 1 2 1 4 4 1 2 3 3 4 3 2 1 2 1 4 1 3 1 3 2 3 3 4 1 3 4 2 4 3 3 3 1 1 3 4 1 1 1 2 1 4 1 3 4 1 1 2 1 1 4 1 4 1 4 1 3 4 4 4 1 1 1 4 1 3
202 0.082309 3 2 3 3 4 3 1 3 3 3 3 3 4 1 3 2 1 3 1 3 1 4 2 3 1 3 2 1 1 4 3 2 1 4 4 1 2 3 3 4 1 2 1 2 1 4 1 3 1 3 2 3 3 4 1 3 4 2 4 3 3 3 1 1 3 4 1 1 1 2 1 4 1 3 4 1 1 2 1 1 4 1 4 1 4 1 3 4 2 4 1 1 1 4 1 3
202 0.082309 3 2 3 1 4 3 1 3 3 3 3 3 4 1 3 2 1 3 3 3 1 4 4 3 1 3 2 1 1 4 1 2 1 3 1 1 2 3 3 4 1 2 3 2 1 4 1 3 1 3 2 3 3 4 1 3 4 2 4 3 3 3 1 1 3 4 1 1 1 2 1 4 1 3 4 1 1 2 1 1 4 1 4 1 4 3 3 4 4 4 1 1 3 4 1 3
202 0.048790 3 2 3 1 4 3 1 3 3 3 3 3 4 1 3 2 2 1 3 3 1 4 2 3 1 3 2 1 1 4 1 2 1 4 4 1 2 0 3 4 1 2 1 2 1 4 1 3 1 3 2 3 1 4 1 3 4 2 4 3 3 3 1 1 3 4 1 1 1 2 1 4 1 3 4 1 1 2 1 1 4 1 4 1 4 1 3 4 4 4 1 1 1 4 1 3
202 0.048790 3 2 3 1 4 3 1 3 3 3 3 3 4 1 3 2 2 1 3 3 1 4 2 3 1 3 2 1 1 4 1 2 1 4 4 1 2 3 3 4 1 2 1 2 1 4 1 3 1 3 2 3 3 4 1 3 4 2 4 3 3 3 1 1 3 4 1 1 1 2 1 4 1 3 4 1 1 2 1 1 4 1 4 1 4 1 3 4 4 4 1 1 1 2 3 3
202 0.048790 3 2 3 3 4 3 1 3 3 3 3 3 4 1 3 2 1 3 3 3 1 4 4 3 1 3 2 1 1 4 1 2 1 4 1 1 2 3 3 4 1 2 1 2 1 4 1 3 1 3 2 3 3 4 1 3 4 2 4 3 3 3 1 1 3 4 1 1 1 2 1 4 1 3 4 1 1 2 1 1 4 1 4 1 4 1 3 4 4 4 1 1 1 4 1 3
202 0.082309 3 2 3 1 4 3 1 3 3 3 3 3 4 1 3 2 1 3 3 3 1 4 4 3 1 3 2 1 1 4 1 2 1 3 1 1 2 3 3 4 1 2 3 2 1 4 1 3 1 3 2 3 3 4 1 3 4 2 4 3 3 3 1 1 3 4 1 1 1 2 1 4 1 3 4 1 1 2 1 1 4 1 4 1 4 3 3 4 4 4 1 1 1 4 1 3
202 0.082309 3 2 3 3 4 3 1 1 3 3 3 3 4 1 3 4 2 1 3 3 1 2 2 1 1 3 2 1 1 3 1 4 1 4 4 1 2 3 3 4 1 4 1 2 1 4 1 3 1 3 2 3 3 4 3 3 4 2 4 3 3 0 0 0 0 0 0 0 0 0 0 0 0 0 0 0 0 0 0 1 4 1 4 1 4 1 3 4 4 4 3 1 1 4 1 3
202 0.048790 3 2 3 3 4 1 1 3 3 3 3 3 4 1 3 2 2 1 3 3 1 4 2 3 1 3 2 1 1 4 1 2 1 4 4 1 2 3 3 4 1 2 1 2 1 4 1 3 1 3 2 3 3 4 1 3 4 2 4 3 3 3 1 1 3 4 1 1 1 2 1 4 1 3 4 1 1 2 1 1 4 1 4 1 4 1 3 4 4 4 1 1 1 4 1 3
203 0.085606 1 2 1 3 4 3 1 3 3 3 3 3 4 1 3 2 1 3 3 3 1 4 2 3 1 3 2 1 1 4 1 2 1 4 4 1 2 3 3 1 1 2 1 2 1 2 1 1 1 3 2 1 3 3 1 3 4 2 2 3 1 3 1 1 3 4 1 1 1 2 1 4 1 3 4 1 1 2 1 3 4 1 4 1 4 1 3 4 4 4 1 1 1 4 1 3
203 0.045022 3 2 3 3 4 3 1 3 3 3 3 3 4 1 3 2 1 3 3 3 1 4 4 3 1 1 1 1 1 4 1 2 1 4 1 3 2 3 3 4 1 2 1 2 1 4 1 3 3 3 2 3 3 4 1 3 4 2 4 3 3 3 1 1 3 4 1 1 1 2 1 4 1 3 4 1 1 2 1 1 4 1 4 1 4 1 3 4 4 4 1 1 1 4 1 3
203 0.085606 3 2 3 3 4 3 1 3 3 3 3 3 4 1 3 2 1 3 3 3 1 4 2 3 1 3 2 1 1 4 1 2 1 4 1 1 2 3 3 4 1 2 1 2 1 4 1 3 1 3 2 3 3 4 1 3 4 2 4 3 3 3 1 1 3 4 1 1 1 2 1 4 1 3 4 1 1 2 1 1 4 1 4 1 4 1 3 4 4 4 1 1 1 4 1 3
203 0.045022 3 2 3 1 4 3 1 3 3 3 3 3 4 1 3 2 2 1 3 3 1 4 2 3 1 3 2 1 1 4 1 2 1 4 4 1 2 3 3 4 1 2 1 2 1 4 1 3 1 3 2 3 3 4 1 3 4 2 4 3 3 3 1 1 3 4 1 1 1 2 1 4 1 3 4 1 1 2 1 1 4 1 4 1 4 1 3 4 4 4 1 1 1 4 1 3
203 0.085606 3 2 3 3 4 3 1 3 3 3 3 3 4 1 3 2 1 3 3 3 1 4 2 3 1 3 2 1 1 4 1 2 3 4 4 1 2 3 3 4 3 2 1 2 1 4 1 3 1 3 2 3 3 4 1 3 4 4 4 3 3 3 1 1 3 4 1 1 1 2 1 4 1 3 4 1 1 2 1 1 4 3 4 1 4 1 3 4 4 4 1 1 1 4 1 3
203 0.045022 3 2 3 1 4 3 1 3 3 3 3 3 4 1 3 2 2 1 3 3 1 4 2 3 1 3 2 1 1 4 1 2 1 4 4 1 2 3 3 4 1 2 1 2 1 4 1 3 1 3 2 3 3 4 1 3 4 2 4 3 3 3 1 1 3 4 1 1 1 2 1 4 1 3 4 1 1 2 1 1 4 1 4 1 4 1 3 4 4 4 1 3 1 4 1 3
203 0.085606 3 2 3 3 4 3 1 3 3 3 3 3 4 1 3 2 1 3 3 3 1 4 2 3 1 3 2 1 1 4 1 2 1 4 4 1 2 3 3 4 3 2 1 2 1 4 1 3 1 3 2 3 3 4 1 3 4 2 4 3 3 3 1 1 3 4 1 1 1 2 1 4 1 3 4 1 1 2 1 1 4 1 4 1 4 1 3 4 4 4 1 1 1 4 1 3
203 0.085606 3 2 3 3 4 3 1 3 3 3 3 3 4 1 3 2 1 3 1 3 1 4 2 3 1 3 2 1 1 4 3 2 1 4 4 1 2 3 3 4 1 2 1 2 1 4 1 3 1 3 2 3 3 4 1 3 4 2 4 3 3 3 1 1 3 4 1 1 1 2 1 4 1 3 4 1 1 2 1 1 4 1 4 1 4 1 3 4 2 4 1 1 1 4 1 3
203 0.085606 3 2 3 1 4 3 1 3 3 3 3 3 4 1 3 2 1 3 3 3 1 4 4 3 1 3 2 1 1 4 1 2 1 3 1 1 2 3 3 4 1 2 3 2 1 4 1 3 1 3 2 3 3 4 1 3 4 2 4 3 3 3 1 1 3 4 1 1 1 2 1 4 1 3 4 1 1 2 1 1 4 1 4 1 4 3 3 4 4 4 1 1 3 4 1 3
203 0.045022 3 2 3 1 4 3 1 3 3 3 3 3 4 1 3 2 2 1 3 3 1 4 2 3 1 3 2 1 1 4 1 2 1 4 4 1 2 0 3 4 1 2 1 2 1 4 1 3 1 3 2 3 1 4 1 3 4 2 4 3 3 3 1 1 3 4 1 1 1 2 1 4 1 3 4 1 1 2 1 1 4 1 4 1 4 1 3 4 4 4 1 1 1 4 1 3
203 0.045022 3 2 3 1 4 3 1 3 3 3 3 3 4 1 3 2 2 1 3 3 1 4 2 3 1 3 2 1 1 4 1 2 1 4 4 1 2 3 3 4 1 2 1 2 1 4 1 3 1 3 2 3 3 4 1 3 4 2 4 3 3 3 1 1 3 4 1 1 1 2 1 4 1 3 4 1 1 2 1 1 4 1 4 1 4 1 3 4 4 4 1 1 1 2 3 3
203 0.045022 3 2 3 3 4 3 1 3 3 3 3 3 4 1 3 2 1 3 3 3 1 4 4 3 1 3 2 1 1 4 1 2 1 4 1 1 2 3 3 4 1 2 1 2 1 4 1 3 1 3 2 3 3 4 1 3 4 2 4 3 3 3 1 1 3 4 1 1 1 2 1 4 1 3 4 1 1 2 1 1 4 1 4 1 4 1 3 4 4 4 1 1 1 4 1 3
203 0.085606 3 2 3 1 4 3 1 3 3 3 3 3 4 1 3 2 1 3 3 3 1 4 4 3 1 3 2 1 1 4 1 2 1 3 1 1 2 3 3 4 1 2 3 2 1 4 1 3 1 3 2 3 3 4 1 3 4 2 4 3 3 3 1 1 3 4 1 1 1 2 1 4 1 3 4 1 1 2 1 1 4 1 4 1 4 3 3 4 4 4 1 1 1 4 1 3
203 0.085606 3 2 3 3 4 3 1 1 3 3 3 3 4 1 3 4 2 1 3 3 1 2 2 1 1 3 2 1 1 3 1 4 1 4 4 1 2 3 3 4 1 4 1 2 1 4 1 3 1 3 2 3 3 4 3 3 4 2 4 3 3 0 0 0 0 0 0 0 0 0 0 0 0 0 0 0 0 0 0 1 4 1 4 1 4 1 3 4 4 4 3 1 1 4 1 3
203 0.045022 3 2 3 3 4 1 1 3 3 3 3 3 4 1 3 2 2 1 3 3 1 4 2 3 1 3 2 1 1 4 1 2 1 4 4 1 2 3 3 4 1 2 1 2 1 4 1 3 1 3 2 3 3 4 1 3 4 2 4 3 3 3 1 1 3 4 1 1 1 2 1 4 1 3 4 1 1 2 1 1 4 1 4 1 4 1 3 4 4 4 1 1 1 4 1 3
204 0.088765 1 2 1 3 4 3 1 3 3 3 3 3 4 1 3 2 1 3 3 3 1 4 2 3 1 3 2 1 1 4 1 2 1 4 4 1 2 3 3 1 1 2 1 2 1 2 1 1 1 3 2 1 3 3 1 3 4 2 2 3 1 3 1 1 3 4 1 1 1 2 1 4 1 3 4 1 1 2 1 3 4 1 4 1 4 1 3 4 4 4 1 1 1 4 1 3
204 0.041411 3 2 3 3 4 3 1 3 3 3 3 3 4 1 3 2 1 3 3 3 1 4 4 3 1 1 1 1 1 4 1 2 1 4 1 3 2 3 3 4 1 2 1 2 1 4 1 3 3 3 2 3 3 4 1 3 4 2 4 3 3 3 1 1 3 4 1 1 1 2 1 4 1 3 4 1 1 2 1 1 4 1 4 1 4 1 3 4 4 4 1 1 1 4 1 3
204 0.088765 3 2 3 3 4 3 1 3 3 3 3 3 4 1 3 2 1 3 3 3 1 4 2 3 1 3 2 1 1 4 1 2 1 4 1 1 2 3 3 4 1 2 1 2 1 4 1 3 1 3 2 3 3 4 1 3 4 2 4 3 3 3 1 1 3 4 1 1 1 2 1 4 1 3 4 1 1 2 1 1 4 1 4 1 4 1 3 4 4 4 1 1 1 4 1 3
204 0.041411 3 2 3 1 4 3 1 3 3 3 3 3 4 1 3 2 2 1 3 3 1 4 2 3 1 3 2 1 1 4 1 2 1 4 4 1 2 3 3 4 1 2 1 2 1 4 1 3 1 3 2 3 3 4 1 3 4 2 4 3 3 3 1 1 3 4 1 1 1 2 1 4 1 3 4 1 1 2 1 1 4 1 4 1 4 1 3 4 4 4 1 1 1 4 1 3
204 0.088765 3 2 3 3 4 3 1 3 3 3 3 3 4 1 3 2 1 3 3 3 1 4 2 3 1 3 2 1 1 4 1 2 3 4 4 1 2 3 3 4 3 2 1 2 1 4 1 3 1 3 2 3 3 4 1 3 4 4 4 3 3 3 1 1 3 4 1 1 1 2 1 4 1 3 4 1 1 2 1 1 4 3 4 1 4 1 3 4 4 4 1 1 1 4 1 3
204 0.041411 3 2 3 1 4 3 1 3 3 3 3 3 4 1 3 2 2 1 3 3 1 4 2 3 1 3 2 1 1 4 1 2 1 4 4 1 2 3 3 4 1 2 1 2 1 4 1 3 1 3 2 3 3 4 1 3 4 2 4 3 3 3 1 1 3 4 1 1 1 2 1 4 1 3 4 1 1 2 1 1 4 1 4 1 4 1 3 4 4 4 1 3 1 4 1 3
204 0.088765 3 2 3 3 4 3 1 3 3 3 3 3 4 1 3 2 1 3 3 3 1 4 2 3 1 3 2 1 1 4 1 2 1 4 4 1 2 3 3 4 3 2 1 2 1 4 1 3 1 3 2 3 3 4 1 3 4 2 4 3 3 3 1 1 3 4 1 1 1 2 1 4 1 3 4 1 1 2 1 1 4 1 4 1 4 1 3 4 4 4 1 1 1 4 1 3
204 0.088765 3 2 3 3 4 3 1 3 3 3 3 3 4 1 3 2 1 3 1 3 1 4 2 3 1 3 2 1 1 4 3 2 1 4 4 1 2 3 3 4 1 2 1 2 1 4 1 3 1 3 2 3 3 4 1 3 4 2 4 3 3 3 1 1 3 4 1 1 1 2 1 4 1 3 4 1 1 2 1 1 4 1 4 1 4 1 3 4 2 4 1 1 1 4 1 3
204 0.088765 3 2 3 1 4 3 1 3 3 3 3 3 4 1 3 2 1 3 3 3 1 4 4 3 1 3 2 1 1 4 1 2 1 3 1 1 2 3 3 4 1 2 3 2 1 4 1 3 1 3 2 3 3 4 1 3 4 2 4 3 3 3 1 1 3 4 1 1 1 2 1 4 1 3 4 1 1 2 1 1 4 1 4 1 4 3 3 4 4 4 1 1 3 4 1 3
204 0.041411 3 2 3 1 4 3 1 3 3 3 3 3 4 1 3 2 2 1 3 3 1 4 2 3 1 3 2 1 1 4 1 2 1 4 4 1 2 0 3 4 1 2 1 2 1 4 1 3 1 3 2 3 1 4 1 3 4 2 4 3 3 3 1 1 3 4 1 1 1 2 1 4 1 3 4 1 1 2 1 1 4 1 4 1 4 1 3 4 4 4 1 1 1 4 1 3
204 0.041411 3 2 3 1 4 3 1 3 3 3 3 3 4 1 3 2 2 1 3 3 1 4 2 3 1 3 2 1 1 4 1 2 1 4 4 1 2 3 3 4 1 2 1 2 1 4 1 3 1 3 2 3 3 4 1 3 4 2 4 3 3 3 1 1 3 4 1 1 1 2 1 4 1 3 4 1 1 2 1 1 4 1 4 1 4 1 3 4 4 4 1 1 1 2 3 3
204 0.041411 3 2 3 3 4 3 1 3 3 3 3 3 4 1 3 2 1 3 3 3 1 4 4 3 1 3 2 1 1 4 1 2 1 4 1 1 2 3 3 4 1 2 1 2 1 4 1 3 1 3 2 3 3 4 1 3 4 2 4 3 3 3 1 1 3 4 1 1 1 2 1 4 1 3 4 1 1 2 1 1 4 1 4 1 4 1 3 4 4 4 1 1 1 4 1 3
204 0.088765 3 2 3 1 4 3 1 3 3 3 3 3 4 1 3 2 1 3 3 3 1 4 4 3 1 3 2 1 1 4 1 2 1 3 1 1 2 3 3 4 1 2 3 2 1 4 1 3 1 3 2 3 3 4 1 3 4 2 4 3 3 3 1 1 3 4 1 1 1 2 1 4 1 3 4 1 1 2 1 1 4 1 4 1 4 3 3 4 4 4 1 1 1 4 1 3
204 0.088765 3 2 3 3 4 3 1 1 3 3 3 3 4 1 3 4 2 1 3 3 1 2 2 1 1 3 2 1 1 3 1 4 1 4 4 1 2 3 3 4 1 4 1 2 1 4 1 3 1 3 2 3 3 4 3 3 4 2 4 3 3 0 0 0 0 0 0 0 0 0 0 0 0 0 0 0 0 0 0 1 4 1 4 1 4 1 3 4 4 4 3 1 1 4 1 3
204 0.041411 3 2 3 3 4 1 1 3 3 3 3 3 4 1 3 2 2 1 3 3 1 4 2 3 1 3 2 1 1 4 1 2 1 4 4 1 2 3 3 4 1 2 1 2 1 4 1 3 1 3 2 3 3 4 1 3 4 2 4 3 3 3 1 1 3 4 1 1 1 2 1 4 1 3 4 1 1 2 1 1 4 1 4 1 4 1 3 4 4 4 1 1 1 4 1 3
205 0.091774 1 2 1 3 4 3 1 3 3 3 3 3 4 1 3 2 1 3 3 3 1 4 2 3 1 3 2 1 1 4 1 2 1 4 4 1 2 3 3 1 1 2 1 2 1 2 1 1 1 3 2 1 3 3 1 3 4 2 2 3 1 3 1 1 3 4 1 1 1 2 1 4 1 3 4 1 1 2 1 3 4 1 4 1 4 1 3 4 4 4 1 1 1 4 1 3
205 0.037972 3 2 3 3 4 3 1 3 3 3 3 3 4 1 3 2 1 3 3 3 1 4 4 3 1 1 1 1 1 4 1 2 1 4 1 3 2 3 3 4 1 2 1 2 1 4 1 3 3 3 2 3 3 4 1 3 4 2 4 3 3 3 1 1 3 4 1 1 1 2 1 4 1 3 4 1 1 2 1 1 4 1 4 1 4 1 3 4 4 4 1 1 1 4 1 3
205 0.091774 3 2 3 3 4 3 1 3 3 3 3 3 4 1 3 2 1 3 3 3 1 4 2 3 1 3 2 1 1 4 1 2 1 4 1 1 2 3 3 4 1 2 1 2 1 4 1 3 1 3 2 3 3 4 1 3 4 2 4 3 3 3 1 1 3 4 1 1 1 2 1 4 1 3 4 1 1 2 1 1 4 1 4 1 4 1 3 4 4 4 1 1 1 4 1 3
205 0.037972 3 2 3 1 4 3 1 3 3 3 3 3 4 1 3 2 2 1 3 3 1 4 2 3 1 3 2 1 1 4 1 2 1 4 4 1 2 3 3 4 1 2 1 2 1 4 1 3 1 3 2 3 3 4 1 3 4 2 4 3 3 3 1 1 3 4 1 1 1 2 1 4 1 3 4 1 1 2 1 1 4 1 4 1 4 1 3 4 4 4 1 1 1 4 1 3
205 0.091774 3 2 3 3 4 3 1 3 3 3 3 3 4 1 3 2 1 3 3 3 1 4 2 3 1 3 2 1 1 4 1 2 3 4 4 1 2 3 3 4 3 2 1 2 1 4 1 3 1 3 2 3 3 4 1 3 4 4 4 3 3 3 1 1 3 4 1 1 1 2 1 4 1 3 4 1 1 2 1 1 4 3 4 1 4 1 3 4 4 4 1 1 1 4 1 3
205 0.037972 3 2 3 1 4 3 1 3 3 3 3 3 4 1 3 2 2 1 3 3 1 4 2 3 1 3 2 1 1 4 1 2 1 4 4 1 2 3 3 4 1 2 1 2 1 4 1 3 1 3 2 3 3 4 1 3 4 2 4 3 3 3 1 1 3 4 1 1 1 2 1 4 1 3 4 1 1 2 1 1 4 1 4 1 4 1 3 4 4 4 1 3 1 4 1 3
205 0.091774 3 2 3 3 4 3 1 3 3 3 3 3 4 1 3 2 1 3 3 3 1 4 2 3 1 3 2 1 1 4 1 2 1 4 4 1 2 3 3 4 3 2 1 2 1 4 1 3 1 3 2 3 3 4 1 3 4 2 4 3 3 3 1 1 3 4 1 1 1 2 1 4 1 3 4 1 1 2 1 1 4 1 4 1 4 1 3 4 4 4 1 1 1 4 1 3
205 0.091774 3 2 3 3 4 3 1 3 3 3 3 3 4 1 3 2 1 3 1 3 1 4 2 3 1 3 2 1 1 4 3 2 1 4 4 1 2 3 3 4 1 2 1 2 1 4 1 3 1 3 2 3 3 4 1 3 4 2 4 3 3 3 1 1 3 4 1 1 1 2 1 4 1 3 4 1 1 2 1 1 4 1 4 1 4 1 3 4 2 4 1 1 1 4 1 3
205 0.091774 3 2 3 1 4 3 1 3 3 3 3 3 4 1 3 2 1 3 3 3 1 4 4 3 1 3 2 1 1 4 1 2 1 3 1 1 2 3 3 4 1 2 3 2 1 4 1 3 1 3 2 3 3 4 1 3 4 2 4 3 3 3 1 1 3 4 1 1 1 2 1 4 1 3 4 1 1 2 1 1 4 1 4 1 4 3 3 4 4 4 1 1 3 4 1 3
205 0.037972 3 2 3 1 4 3 1 3 3 3 3 3 4 1 3 2 2 1 3 3 1 4 2 3 1 3 2 1 1 4 1 2 1 4 4 1 2 0 3 4 1 2 1 2 1 4 1 3 1 3 2 3 1 4 1 3 4 2 4 3 3 3 1 1 3 4 1 1 1 2 1 4 1 3 4 1 1 2 1 1 4 1 4 1 4 1 3 4 4 4 1 1 1 4 1 3
205 0.037972 3 2 3 1 4 3 1 3 3 3 3 3 4 1 3 2 2 1 3 3 1 4 2 3 1 3 2 1 1 4 1 2 1 4 4 1 2 3 3 4 1 2 1 2 1 4 1 3 1 3 2 3 3 4 1 3 4 2 4 3 3 3 1 1 3 4 1 1 1 2 1 4 1 3 4 1 1 2 1 1 4 1 4 1 4 1 3 4 4 4 1 1 1 2 3 3
205 0.037972 3 2 3 3 4 3 1 3 3 3 3 3 4 1 3 2 1 3 3 3 1 4 4 3 1 3 2 1 1 4 1 2 1 4 1 1 2 3 3 4 1 2 1 2 1 4 1 3 1 3 2 3 3 4 1 3 4 2 4 3 3 3 1 1 3 4 1 1 1 2 1 4 1 3 4 1 1 2 1 1 4 1 4 1 4 1 3 4 4 4 1 1 1 4 1 3
205 0.091774 3 2 3 1 4 3 1 3 3 3 3 3 4 1 3 2 1 3 3 3 1 4 4 3 1 3 2 1 1 4 1 2 1 3 1 1 2 3 3 4 1 2 3 2 1 4 1 3 1 3 2 3 3 4 1 3 4 2 4 3 3 3 1 1 3 4 1 1 1 2 1 4 1 3 4 1 1 2 1 1 4 1 4 1 4 3 3 4 4 4 1 1 1 4 1 3
205 0.091774 3 2 3 3 4 3 1 1 3 3 3 3 4 1 3 4 2 1 3 3 1 2 2 1 1 3 2 1 1 3 1 4 1 4 4 1 2 3 3 4 1 4 1 2 1 4 1 3 1 3 2 3 3 4 3 3 4 2 4 3 3 0 0 0 0 0 0 0 0 0 0 0 0 0 0 0 0 0 0 1 4 1 4 1 4 1 3 4 4 4 3 1 1 4 1 3
205 0.037972 3 2 3 3 4 1 1 3 3 3 3 3 4 1 3 2 2 1 3 3 1 4 2 3 1 3 2 1 1 4 1 2 1 4 4 1 2 3 3 4 1 2 1 2 1 4 1 3 1 3 2 3 3 4 1 3 4 2 4 3 3 3 1 1 3 4 1 1 1 2 1 4 1 3 4 1 1 2 1 1 4 1 4 1 4 1 3 4 4 4 1 1 1 4 1 3
206 0.094624 1 2 1 3 4 3 1 3 3 3 3 3 4 1 3 2 1 3 3 3 1 4 2 3 1 3 2 1 1 4 1 2 1 4 4 1 2 3 3 1 1 2 1 2 1 2 1 1 1 3 2 1 3 3 1 3 4 2 2 3 1 3 1 1 3 4 1 1 1 2 1 4 1 3 4 1 1 2 1 3 4 1 4 1 4 1 3 4 4 4 1 1 1 4 1 3
206 0.034715 3 2 3 3 4 3 1 3 3 3 3 3 4 1 3 2 1 3 3 3 1 4 4 3 1 1 1 1 1 4 1 2 1 4 1 3 2 3 3 4 1 2 1 2 1 4 1 3 3 3 2 3 3 4 1 3 4 2 4 3 3 3 1 1 3 4 1 1 1 2 1 4 1 3 4 1 1 2 1 1 4 1 4 1 4 1 3 4 4 4 1 1 1 4 1 3
206 0.094624 3 2 3 3 4 3 1 3 3 3 3 3 4 1 3 2 1 3 3 3 1 4 2 3 1 3 2 1 1 4 1 2 1 4 1 1 2 3 3 4 1 2 1 2 1 4 1 3 1 3 2 3 3 4 1 3 4 2 4 3 3 3 1 1 3 4 1 1 1 2 1 4 1 3 4 1 1 2 1 1 4 1 4 1 4 1 3 4 4 4 1 1 1 4 1 3
206 0.034715 3 2 3 1 4 3 1 3 3 3 3 3 4 1 3 2 2 1 3 3 1 4 2 3 1 3 2 1 1 4 1 2 1 4 4 1 2 3 3 4 1 2 1 2 1 4 1 3 1 3 2 3 3 4 1 3 4 2 4 3 3 3 1 1 3 4 1 1 1 2 1 4 1 3 4 1 1 2 1 1 4 1 4 1 4 1 3 4 4 4 1 1 1 4 1 3
206 0.094624 3 2 3 3 4 3 1 3 3 3 3 3 4 1 3 2 1 3 3 3 1 4 2 3 1 3 2 1 1 4 1 2 3 4 4 1 2 3 3 4 3 2 1 2 1 4 1 3 1 3 2 3 3 4 1 3 4 4 4 3 3 3 1 1 3 4 1 1 1 2 1 4 1 3 4 1 1 2 1 1 4 3 4 1 4 1 3 4 4 4 1 1 1 4 1 3
206 0.034715 3 2 3 1 4 3 1 3 3 3 3 3 4 1 3 2 2 1 3 3 1 4 2 3 1 3 2 1 1 4 1 2 1 4 4 1 2 3 3 4 1 2 1 2 1 4 1 3 1 3 2 3 3 4 1 3 4 2 4 3 3 3 1 1 3 4 1 1 1 2 1 4 1 3 4 1 1 2 1 1 4 1 4 1 4 1 3 4 4 4 1 3 1 4 1 3
206 0.094624 3 2 3 3 4 3 1 3 3 3 3 3 4 1 3 2 1 3 3 3 1 4 2 3 1 3 2 1 1 4 1 2 1 4 4 1 2 3 3 4 3 2 1 2 1 4 1 3 1 3 2 3 3 4 1 3 4 2 4 3 3 3 1 1 3 4 1 1 1 2 1 4 1 3 4 1 1 2 1 1 4 1 4 1 4 1 3 4 4 4 1 1 1 4 1 3
206 0.094624 3 2 3 3 4 3 1 3 3 3 3 3 4 1 3 2 1 3 1 3 1 4 2 3 1 3 2 1 1 4 3 2 1 4 4 1 2 3 3 4 1 2 1 2 1 4 1 3 1 3 2 3 3 4 1 3 4 2 4 3 3 3 1 1 3 4 1 1 1 2 1 4 1 3 4 1 1 2 1 1 4 1 4 1 4 1 3 4 2 4 1 1 1 4 1 3
206 0.094624 3 2 3 1 4 3 1 3 3 3 3 3 4 1 3 2 1 3 3 3 1 4 4 3 1 3 2 1 1 4 1 2 1 3 1 1 2 3 3 4 1 2 3 2 1 4 1 3 1 3 2 3 3 4 1 3 4 2 4 3 3 3 1 1 3 4 1 1 1 2 1 4 1 3 4 1 1 2 1 1 4 1 4 1 4 3 3 4 4 4 1 1 3 4 1 3
206 0.034715 3 2 3 1 4 3 1 3 3 3 3 3 4 1 3 2 2 1 3 3 1 4 2 3 1 3 2 1 1 4 1 2 1 4 4 1 2 0 3 4 1 2 1 2 1 4 1 3 1 3 2 3 1 4 1 3 4 2 4 3 3 3 1 1 3 4 1 1 1 2 1 4 1 3 4 1 1 2 1 1 4 1 4 1 4 1 3 4 4 4 1 1 1 4 1 3
206 0.034715 3 2 3 1 4 3 1 3 3 3 3 3 4 1 3 2 2 1 3 3 1 4 2 3 1 3 2 1 1 4 1 2 1 4 4 1 2 3 3 4 1 2 1 2 1 4 1 3 1 3 2 3 3 4 1 3 4 2 4 3 3 3 1 1 3 4 1 1 1 2 1 4 1 3 4 1 1 2 1 1 4 1 4 1 4 1 3 4 4 4 1 1 1 2 3 3
206 0.034715 3 2 3 3 4 3 1 3 3 3 3 3 4 1 3 2 1 3 3 3 1 4 4 3 1 3 2 1 1 4 1 2 1 4 1 1 2 3 3 4 1 2 1 2 1 4 1 3 1 3 2 3 3 4 1 3 4 2 4 3 3 3 1 1 3 4 1 1 1 2 1 4 1 3 4 1 1 2 1 1 4 1 4 1 4 1 3 4 4 4 1 1 1 4 1 3
206 0.094624 3 2 3 1 4 3 1 3 3 3 3 3 4 1 3 2 1 3 3 3 1 4 4 3 1 3 2 1 1 4 1 2 1 3 1 1 2 3 3 4 1 2 3 2 1 4 1 3 1 3 2 3 3 4 1 3 4 2 4 3 3 3 1 1 3 4 1 1 1 2 1 4 1 3 4 1 1 2 1 1 4 1 4 1 4 3 3 4 4 4 1 1 1 4 1 3
206 0.094624 3 2 3 3 4 3 1 1 3 3 3 3 4 1 3 4 2 1 3 3 1 2 2 1 1 3 2 1 1 3 1 4 1 4 4 1 2 3 3 4 1 4 1 2 1 4 1 3 1 3 2 3 3 4 3 3 4 2 4 3 3 0 0 0 0 0 0 0 0 0 0 0 0 0 0 0 0 0 0 1 4 1 4 1 4 1 3 4 4 4 3 1 1 4 1 3
206 0.034715 3 2 3 3 4 1 1 3 3 3 3 3 4 1 3 2 2 1 3 3 1 4 2 3 1 3 2 1 1 4 1 2 1 4 4 1 2 3 3 4 1 2 1 2 1 4 1 3 1 3 2 3 3 4 1 3 4 2 4 3 3 3 1 1 3 4 1 1 1 2 1 4 1 3 4 1 1 2 1 1 4 1 4 1 4 1 3 4 4 4 1 1 1 4 1 3
207 0.097309 1 2 1 3 4 3 1 3 3 3 3 3 4 1 3 2 1 3 3 3 1 4 2 3 1 3 2 1 1 4 1 2 1 4 4 1 2 3 3 1 1 2 1 2 1 2 1 1 1 3 2 1 3 3 1 3 4 2 2 3 1 3 1 1 3 4 1 1 1 2 1 4 1 3 4 1 1 2 1 3 4 1 4 1 4 1 3 4 4 4 1 1 1 4 1 3
207 0.031647 3 2 3 3 4 3 1 3 3 3 3 3 4 1 3 2 1 3 3 3 1 4 4 3 1 1 1 1 1 4 1 2 1 4 1 3 2 3 3 4 1 2 1 2 1 4 1 3 3 3 2 3 3 4 1 3 4 2 4 3 3 3 1 1 3 4 1 1 1 2 1 4 1 3 4 1 1 2 1 1 4 1 4 1 4 1 3 4 4 4 1 1 1 4 1 3
207 0.097309 3 2 3 3 4 3 1 3 3 3 3 3 4 1 3 2 1 3 3 3 1 4 2 3 1 3 2 1 1 4 1 2 1 4 1 1 2 3 3 4 1 2 1 2 1 4 1 3 1 3 2 3 3 4 1 3 4 2 4 3 3 3 1 1 3 4 1 1 1 2 1 4 1 3 4 1 1 2 1 1 4 1 4 1 4 1 3 4 4 4 1 1 1 4 1 3
207 0.031647 3 2 3 1 4 3 1 3 3 3 3 3 4 1 3 2 2 1 3 3 1 4 2 3 1 3 2 1 1 4 1 2 1 4 4 1 2 3 3 4 1 2 1 2 1 4 1 3 1 3 2 3 3 4 1 3 4 2 4 3 3 3 1 1 3 4 1 1 1 2 1 4 1 3 4 1 1 2 1 1 4 1 4 1 4 1 3 4 4 4 1 1 1 4 1 3
207 0.097309 3 2 3 3 4 3 1 3 3 3 3 3 4 1 3 2 1 3 3 3 1 4 2 3 1 3 2 1 1 4 1 2 3 4 4 1 2 3 3 4 3 2 1 2 1 4 1 3 1 3 2 3 3 4 1 3 4 4 4 3 3 3 1 1 3 4 1 1 1 2 1 4 1 3 4 1 1 2 1 1 4 3 4 1 4 1 3 4 4 4 1 1 1 4 1 3
207 0.031647 3 2 3 1 4 3 1 3 3 3 3 3 4 1 3 2 2 1 3 3 1 4 2 3 1 3 2 1 1 4 1 2 1 4 4 1 2 3 3 4 1 2 1 2 1 4 1 3 1 3 2 3 3 4 1 3 4 2 4 3 3 3 1 1 3 4 1 1 1 2 1 4 1 3 4 1 1 2 1 1 4 1 4 1 4 1 3 4 4 4 1 3 1 4 1 3
207 0.097309 3 2 3 3 4 3 1 3 3 3 3 3 4 1 3 2 1 3 3 3 1 4 2 3 1 3 2 1 1 4 1 2 1 4 4 1 2 3 3 4 3 2 1 2 1 4 1 3 1 3 2 3 3 4 1 3 4 2 4 3 3 3 1 1 3 4 1 1 1 2 1 4 1 3 4 1 1 2 1 1 4 1 4 1 4 1 3 4 4 4 1 1 1 4 1 3
207 0.097309 3 2 3 3 4 3 1 3 3 3 3 3 4 1 3 2 1 3 1 3 1 4 2 3 1 3 2 1 1 4 3 2 1 4 4 1 2 3 3 4 1 2 1 2 1 4 1 3 1 3 2 3 3 4 1 3 4 2 4 3 3 3 1 1 3 4 1 1 1 2 1 4 1 3 4 1 1 2 1 1 4 1 4 1 4 1 3 4 2 4 1 1 1 4 1 3
207 0.097309 3 2 3 1 4 3 1 3 3 3 3 3 4 1 3 2 1 3 3 3 1 4 4 3 1 3 2 1 1 4 1 2 1 3 1 1 2 3 3 4 1 2 3 2 1 4 1 3 1 3 2 3 3 4 1 3 4 2 4 3 3 3 1 1 3 4 1 1 1 2 1 4 1 3 4 1 1 2 1 1 4 1 4 1 4 3 3 4 4 4 1 1 3 4 1 3
207 0.031647 3 2 3 1 4 3 1 3 3 3 3 3 4 1 3 2 2 1 3 3 1 4 2 3 1 3 2 1 1 4 1 2 1 4 4 1 2 0 3 4 1 2 1 2 1 4 1 3 1 3 2 3 1 4 1 3 4 2 4 3 3 3 1 1 3 4 1 1 1 2 1 4 1 3 4 1 1 2 1 1 4 1 4 1 4 1 3 4 4 4 1 1 1 4 1 3
207 0.031647 3 2 3 1 4 3 1 3 3 3 3 3 4 1 3 2 2 1 3 3 1 4 2 3 1 3 2 1 1 4 1 2 1 4 4 1 2 3 3 4 1 2 1 2 1 4 1 3 1 3 2 3 3 4 1 3 4 2 4 3 3 3 1 1 3 4 1 1 1 2 1 4 1 3 4 1 1 2 1 1 4 1 4 1 4 1 3 4 4 4 1 1 1 2 3 3
207 0.031647 3 2 3 3 4 3 1 3 3 3 3 3 4 1 3 2 1 3 3 3 1 4 4 3 1 3 2 1 1 4 1 2 1 4 1 1 2 3 3 4 1 2 1 2 1 4 1 3 1 3 2 3 3 4 1 3 4 2 4 3 3 3 1 1 3 4 1 1 1 2 1 4 1 3 4 1 1 2 1 1 4 1 4 1 4 1 3 4 4 4 1 1 1 4 1 3
207 0.097309 3 2 3 1 4 3 1 3 3 3 3 3 4 1 3 2 1 3 3 3 1 4 4 3 1 3 2 1 1 4 1 2 1 3 1 1 2 3 3 4 1 2 3 2 1 4 1 3 1 3 2 3 3 4 1 3 4 2 4 3 3 3 1 1 3 4 1 1 1 2 1 4 1 3 4 1 1 2 1 1 4 1 4 1 4 3 3 4 4 4 1 1 1 4 1 3
207 0.097309 3 2 3 3 4 3 1 1 3 3 3 3 4 1 3 4 2 1 3 3 1 2 2 1 1 3 2 1 1 3 1 4 1 4 4 1 2 3 3 4 1 4 1 2 1 4 1 3 1 3 2 3 3 4 3 3 4 2 4 3 3 0 0 0 0 0 0 0 0 0 0 0 0 0 0 0 0 0 0 1 4 1 4 1 4 1 3 4 4 4 3 1 1 4 1 3
207 0.031647 3 2 3 3 4 1 1 3 3 3 3 3 4 1 3 2 2 1 3 3 1 4 2 3 1 3 2 1 1 4 1 2 1 4 4 1 2 3 3 4 1 2 1 2 1 4 1 3 1 3 2 3 3 4 1 3 4 2 4 3 3 3 1 1 3 4 1 1 1 2 1 4 1 3 4 1 1 2 1 1 4 1 4 1 4 1 3 4 4 4 1 1 1 4 1 3
208 0.099826 1 2 1 3 4 3 1 3 3 3 3 3 4 1 3 2 1 3 3 3 1 4 2 3 1 3 2 1 1 4 1 2 1 4 4 1 2 3 3 1 1 2 1 2 1 2 1 1 1 3 2 1 3 3 1 3 4 2 2 3 1 3 1 1 3 4 1 1 1 2 1 4 1 3 4 1 1 2 1 3 4 1 4 1 4 1 3 4 4 4 1 1 1 4 1 3
208 0.028770 3 2 3 3 4 3 1 3 3 3 3 3 4 1 3 2 1 3 3 3 1 4 4 3 1 1 1 1 1 4 1 2 1 4 1 3 2 3 3 4 1 2 1 2 1 4 1 3 3 3 2 3 3 4 1 3 4 2 4 3 3 3 1 1 3 4 1 1 1 2 1 4 1 3 4 1 1 2 1 1 4 1 4 1 4 1 3 4 4 4 1 1 1 4 1 3
208 0.099826 3 2 3 3 4 3 1 3 3 3 3 3 4 1 3 2 1 3 3 3 1 4 2 3 1 3 2 1 1 4 1 2 1 4 1 1 2 3 3 4 1 2 1 2 1 4 1 3 1 3 2 3 3 4 1 3 4 2 4 3 3 3 1 1 3 4 1 1 1 2 1 4 1 3 4 1 1 2 1 1 4 1 4 1 4 1 3 4 4 4 1 1 1 4 1 3
208 0.028770 3 2 3 1 4 3 1 3 3 3 3 3 4 1 3 2 2 1 3 3 1 4 2 3 1 3 2 1 1 4 1 2 1 4 4 1 2 3 3 4 1 2 1 2 1 4 1 3 1 3 2 3 3 4 1 3 4 2 4 3 3 3 1 1 3 4 1 1 1 2 1 4 1 3 4 1 1 2 1 1 4 1 4 1 4 1 3 4 4 4 1 1 1 4 1 3
208 0.099826 3 2 3 3 4 3 1 3 3 3 3 3 4 1 3 2 1 3 3 3 1 4 2 3 1 3 2 1 1 4 1 2 3 4 4 1 2 3 3 4 3 2 1 2 1 4 1 3 1 3 2 3 3 4 1 3 4 4 4 3 3 3 1 1 3 4 1 1 1 2 1 4 1 3 4 1 1 2 1 1 4 3 4 1 4 1 3 4 4 4 1 1 1 4 1 3
208 0.028770 3 2 3 1 4 3 1 3 3 3 3 3 4 1 3 2 2 1 3 3 1 4 2 3 1 3 2 1 1 4 1 2 1 4 4 1 2 3 3 4 1 2 1 2 1 4 1 3 1 3 2 3 3 4 1 3 4 2 4 3 3 3 1 1 3 4 1 1 1 2 1 4 1 3 4 1 1 2 1 1 4 1 4 1 4 1 3 4 4 4 1 3 1 4 1 3
208 0.099826 3 2 3 3 4 3 1 3 3 3 3 3 4 1 3 2 1 3 3 3 1 4 2 3 1 3 2 1 1 4 1 2 1 4 4 1 2 3 3 4 3 2 1 2 1 4 1 3 1 3 2 3 3 4 1 3 4 2 4 3 3 3 1 1 3 4 1 1 1 2 1 4 1 3 4 1 1 2 1 1 4 1 4 1 4 1 3 4 4 4 1 1 1 4 1 3
208 0.099826 3 2 3 3 4 3 1 3 3 3 3 3 4 1 3 2 1 3 1 3 1 4 2 3 1 3 2 1 1 4 3 2 1 4 4 1 2 3 3 4 1 2 1 2 1 4 1 3 1 3 2 3 3 4 1 3 4 2 4 3 3 3 1 1 3 4 1 1 1 2 1 4 1 3 4 1 1 2 1 1 4 1 4 1 4 1 3 4 2 4 1 1 1 4 1 3
208 0.099826 3 2 3 1 4 3 1 3 3 3 3 3 4 1 3 2 1 3 3 3 1 4 4 3 1 3 2 1 1 4 1 2 1 3 1 1 2 3 3 4 1 2 3 2 1 4 1 3 1 3 2 3 3 4 1 3 4 2 4 3 3 3 1 1 3 4 1 1 1 2 1 4 1 3 4 1 1 2 1 1 4 1 4 1 4 3 3 4 4 4 1 1 3 4 1 3
208 0.028770 3 2 3 1 4 3 1 3 3 3 3 3 4 1 3 2 2 1 3 3 1 4 2 3 1 3 2 1 1 4 1 2 1 4 4 1 2 0 3 4 1 2 1 2 1 4 1 3 1 3 2 3 1 4 1 3 4 2 4 3 3 3 1 1 3 4 1 1 1 2 1 4 1 3 4 1 1 2 1 1 4 1 4 1 4 1 3 4 4 4 1 1 1 4 1 3
208 0.028770 3 2 3 1 4 3 1 3 3 3 3 3 4 1 3 2 2 1 3 3 1 4 2 3 1 3 2 1 1 4 1 2 1 4 4 1 2 3 3 4 1 2 1 2 1 4 1 3 1 3 2 3 3 4 1 3 4 2 4 3 3 3 1 1 3 4 1 1 1 2 1 4 1 3 4 1 1 2 1 1 4 1 4 1 4 1 3 4 4 4 1 1 1 2 3 3
208 0.028770 3 2 3 3 4 3 1 3 3 3 3 3 4 1 3 2 1 3 3 3 1 4 4 3 1 3 2 1 1 4 1 2 1 4 1 1 2 3 3 4 1 2 1 2 1 4 1 3 1 3 2 3 3 4 1 3 4 2 4 3 3 3 1 1 3 4 1 1 1 2 1 4 1 3 4 1 1 2 1 1 4 1 4 1 4 1 3 4 4 4 1 1 1 4 1 3
208 0.099826 3 2 3 1 4 3 1 3 3 3 3 3 4 1 3 2 1 3 3 3 1 4 4 3 1 3 2 1 1 4 1 2 1 3 1 1 2 3 3 4 1 2 3 2 1 4 1 3 1 3 2 3 3 4 1 3 4 2 4 3 3 3 1 1 3 4 1 1 1 2 1 4 1 3 4 1 1 2 1 1 4 1 4 1 4 3 3 4 4 4 1 1 1 4 1 3
208 0.099826 3 2 3 3 4 3 1 1 3 3 3 3 4 1 3 4 2 1 3 3 1 2 2 1 1 3 2 1 1 3 1 4 1 4 4 1 2 3 3 4 1 4 1 2 1 4 1 3 1 3 2 3 3 4 3 3 4 2 4 3 3 0 0 0 0 0 0 0 0 0 0 0 0 0 0 0 0 0 0 1 4 1 4 1 4 1 3 4 4 4 3 1 1 4 1 3
208 0.028770 3 2 3 3 4 1 1 3 3 3 3 3 4 1 3 2 2 1 3 3 1 4 2 3 1 3 2 1 1 4 1 2 1 4 4 1 2 3 3 4 1 2 1 2 1 4 1 3 1 3 2 3 3 4 1 3 4 2 4 3 3 3 1 1 3 4 1 1 1 2 1 4 1 3 4 1 1 2 1 1 4 1 4 1 4 1 3 4 4 4 1 1 1 4 1 3
209 0.102174 1 2 1 3 4 3 1 3 3 3 3 3 4 1 3 2 1 3 3 3 1 4 2 3 1 3 2 1 1 4 1 2 1 4 4 1 2 3 3 1 1 2 1 2 1 2 1 1 1 3 2 1 3 3 1 3 4 2 2 3 1 3 1 1 3 4 1 1 1 2 1 4 1 3 4 1 1 2 1 3 4 1 4 1 4 1 3 4 4 4 1 1 1 4 1 3
209 0.026086 3 2 3 3 4 3 1 3 3 3 3 3 4 1 3 2 1 3 3 3 1 4 4 3 1 1 1 1 1 4 1 2 1 4 1 3 2 3 3 4 1 2 1 2 1 4 1 3 3 3 2 3 3 4 1 3 4 2 4 3 3 3 1 1 3 4 1 1 1 2 1 4 1 3 4 1 1 2 1 1 4 1 4 1 4 1 3 4 4 4 1 1 1 4 1 3
209 0.102174 3 2 3 3 4 3 1 3 3 3 3 3 4 1 3 2 1 3 3 3 1 4 2 3 1 3 2 1 1 4 1 2 1 4 1 1 2 3 3 4 1 2 1 2 1 4 1 3 1 3 2 3 3 4 1 3 4 2 4 3 3 3 1 1 3 4 1 1 1 2 1 4 1 3 4 1 1 2 1 1 4 1 4 1 4 1 3 4 4 4 1 1 1 4 1 3
209 0.026086 3 2 3 1 4 3 1 3 3 3 3 3 4 1 3 2 2 1 3 3 1 4 2 3 1 3 2 1 1 4 1 2 1 4 4 1 2 3 3 4 1 2 1 2 1 4 1 3 1 3 2 3 3 4 1 3 4 2 4 3 3 3 1 1 3 4 1 1 1 2 1 4 1 3 4 1 1 2 1 1 4 1 4 1 4 1 3 4 4 4 1 1 1 4 1 3
209 0.102174 3 2 3 3 4 3 1 3 3 3 3 3 4 1 3 2 1 3 3 3 1 4 2 3 1 3 2 1 1 4 1 2 3 4 4 1 2 3 3 4 3 2 1 2 1 4 1 3 1 3 2 3 3 4 1 3 4 4 4 3 3 3 1 1 3 4 1 1 1 2 1 4 1 3 4 1 1 2 1 1 4 3 4 1 4 1 3 4 4 4 1 1 1 4 1 3
209 0.026086 3 2 3 1 4 3 1 3 3 3 3 3 4 1 3 2 2 1 3 3 1 4 2 3 1 3 2 1 1 4 1 2 1 4 4 1 2 3 3 4 1 2 1 2 1 4 1 3 1 3 2 3 3 4 1 3 4 2 4 3 3 3 1 1 3 4 1 1 1 2 1 4 1 3 4 1 1 2 1 1 4 1 4 1 4 1 3 4 4 4 1 3 1 4 1 3
209 0.102174 3 2 3 3 4 3 1 3 3 3 3 3 4 1 3 2 1 3 3 3 1 4 2 3 1 3 2 1 1 4 1 2 1 4 4 1 2 3 3 4 3 2 1 2 1 4 1 3 1 3 2 3 3 4 1 3 4 2 4 3 3 3 1 1 3 4 1 1 1 2 1 4 1 3 4 1 1 2 1 1 4 1 4 1 4 1 3 4 4 4 1 1 1 4 1 3
209 0.102174 3 2 3 3 4 3 1 3 3 3 3 3 4 1 3 2 1 3 1 3 1 4 2 3 1 3 2 1 1 4 3 2 1 4 4 1 2 3 3 4 1 2 1 2 1 4 1 3 1 3 2 3 3 4 1 3 4 2 4 3 3 3 1 1 3 4 1 1 1 2 1 4 1 3 4 1 1 2 1 1 4 1 4 1 4 1 3 4 2 4 1 1 1 4 1 3
209 0.102174 3 2 3 1 4 3 1 3 3 3 3 3 4 1 3 2 1 3 3 3 1 4 4 3 1 3 2 1 1 4 1 2 1 3 1 1 2 3 3 4 1 2 3 2 1 4 1 3 1 3 2 3 3 4 1 3 4 2 4 3 3 3 1 1 3 4 1 1 1 2 1 4 1 3 4 1 1 2 1 1 4 1 4 1 4 3 3 4 4 4 1 1 3 4 1 3
209 0.026086 3 2 3 1 4 3 1 3 3 3 3 3 4 1 3 2 2 1 3 3 1 4 2 3 1 3 2 1 1 4 1 2 1 4 4 1 2 0 3 4 1 2 1 2 1 4 1 3 1 3 2 3 1 4 1 3 4 2 4 3 3 3 1 1 3 4 1 1 1 2 1 4 1 3 4 1 1 2 1 1 4 1 4 1 4 1 3 4 4 4 1 1 1 4 1 3
209 0.026086 3 2 3 1 4 3 1 3 3 3 3 3 4 1 3 2 2 1 3 3 1 4 2 3 1 3 2 1 1 4 1 2 1 4 4 1 2 3 3 4 1 2 1 2 1 4 1 3 1 3 2 3 3 4 1 3 4 2 4 3 3 3 1 1 3 4 1 1 1 2 1 4 1 3 4 1 1 2 1 1 4 1 4 1 4 1 3 4 4 4 1 1 1 2 3 3
209 0.026086 3 2 3 3 4 3 1 3 3 3 3 3 4 1 3 2 1 3 3 3 1 4 4 3 1 3 2 1 1 4 1 2 1 4 1 1 2 3 3 4 1 2 1 2 1 4 1 3 1 3 2 3 3 4 1 3 4 2 4 3 3 3 1 1 3 4 1 1 1 2 1 4 1 3 4 1 1 2 1 1 4 1 4 1 4 1 3 4 4 4 1 1 1 4 1 3
209 0.102174 3 2 3 1 4 3 1 3 3 3 3 3 4 1 3 2 1 3 3 3 1 4 4 3 1 3 2 1 1 4 1 2 1 3 1 1 2 3 3 4 1 2 3 2 1 4 1 3 1 3 2 3 3 4 1 3 4 2 4 3 3 3 1 1 3 4 1 1 1 2 1 4 1 3 4 1 1 2 1 1 4 1 4 1 4 3 3 4 4 4 1 1 1 4 1 3
209 0.102174 3 2 3 3 4 3 1 1 3 3 3 3 4 1 3 4 2 1 3 3 1 2 2 1 1 3 2 1 1 3 1 4 1 4 4 1 2 3 3 4 1 4 1 2 1 4 1 3 1 3 2 3 3 4 3 3 4 2 4 3 3 0 0 0 0 0 0 0 0 0 0 0 0 0 0 0 0 0 0 1 4 1 4 1 4 1 3 4 4 4 3 1 1 4 1 3
209 0.026086 3 2 3 3 4 1 1 3 3 3 3 3 4 1 3 2 2 1 3 3 1 4 2 3 1 3 2 1 1 4 1 2 1 4 4 1 2 3 3 4 1 2 1 2 1 4 1 3 1 3 2 3 3 4 1 3 4 2 4 3 3 3 1 1 3 4 1 1 1 2 1 4 1 3 4 1 1 2 1 1 4 1 4 1 4 1 3 4 4 4 1 1 1 4 1 3
210 0.104356 1 2 1 3 4 3 1 3 3 3 3 3 4 1 3 2 1 3 3 3 1 4 2 3 1 3 2 1 1 4 1 2 1 4 4 1 2 3 3 1 1 2 1 2 1 2 1 1 1 3 2 1 3 3 1 3 4 2 2 3 1 3 1 1 3 4 1 1 1 2 1 4 1 3 4 1 1 2 1 3 4 1 4 1 4 1 3 4 4 4 1 1 1 4 1 3
210 0.023593 3 2 3 3 4 3 1 3 3 3 3 3 4 1 3 2 1 3 3 3 1 4 4 3 1 1 1 1 1 4 1 2 1 4 1 3 2 3 3 4 1 2 1 2 1 4 1 3 3 3 2 3 3 4 1 3 4 2 4 3 3 3 1 1 3 4 1 1 1 2 1 4 1 3 4 1 1 2 1 1 4 1 4 1 4 1 3 4 4 4 1 1 1 4 1 3
210 0.104356 3 2 3 3 4 3 1 3 3 3 3 3 4 1 3 2 1 3 3 3 1 4 2 3 1 3 2 1 1 4 1 2 1 4 1 1 2 3 3 4 1 2 1 2 1 4 1 3 1 3 2 3 3 4 1 3 4 2 4 3 3 3 1 1 3 4 1 1 1 2 1 4 1 3 4 1 1 2 1 1 4 1 4 1 4 1 3 4 4 4 1 1 1 4 1 3
210 0.023593 3 2 3 1 4 3 1 3 3 3 3 3 4 1 3 2 2 1 3 3 1 4 2 3 1 3 2 1 1 4 1 2 1 4 4 1 2 3 3 4 1 2 1 2 1 4 1 3 1 3 2 3 3 4 1 3 4 2 4 3 3 3 1 1 3 4 1 1 1 2 1 4 1 3 4 1 1 2 1 1 4 1 4 1 4 1 3 4 4 4 1 1 1 4 1 3
210 0.104356 3 2 3 3 4 3 1 3 3 3 3 3 4 1 3 2 1 3 3 3 1 4 2 3 1 3 2 1 1 4 1 2 3 4 4 1 2 3 3 4 3 2 1 2 1 4 1 3 1 3 2 3 3 4 1 3 4 4 4 3 3 3 1 1 3 4 1 1 1 2 1 4 1 3 4 1 1 2 1 1 4 3 4 1 4 1 3 4 4 4 1 1 1 4 1 3
210 0.023593 3 2 3 1 4 3 1 3 3 3 3 3 4 1 3 2 2 1 3 3 1 4 2 3 1 3 2 1 1 4 1 2 1 4 4 1 2 3 3 4 1 2 1 2 1 4 1 3 1 3 2 3 3 4 1 3 4 2 4 3 3 3 1 1 3 4 1 1 1 2 1 4 1 3 4 1 1 2 1 1 4 1 4 1 4 1 3 4 4 4 1 3 1 4 1 3
210 0.104356 3 2 3 3 4 3 1 3 3 3 3 3 4 1 3 2 1 3 3 3 1 4 2 3 1 3 2 1 1 4 1 2 1 4 4 1 2 3 3 4 3 2 1 2 1 4 1 3 1 3 2 3 3 4 1 3 4 2 4 3 3 3 1 1 3 4 1 1 1 2 1 4 1 3 4 1 1 2 1 1 4 1 4 1 4 1 3 4 4 4 1 1 1 4 1 3
210 0.104356 3 2 3 3 4 3 1 3 3 3 3 3 4 1 3 2 1 3 1 3 1 4 2 3 1 3 2 1 1 4 3 2 1 4 4 1 2 3 3 4 1 2 1 2 1 4 1 3 1 3 2 3 3 4 1 3 4 2 4 3 3 3 1 1 3 4 1 1 1 2 1 4 1 3 4 1 1 2 1 1 4 1 4 1 4 1 3 4 2 4 1 1 1 4 1 3
210 0.104356 3 2 3 1 4 3 1 3 3 3 3 3 4 1 3 2 1 3 3 3 1 4 4 3 1 3 2 1 1 4 1 2 1 3 1 1 2 3 3 4 1 2 3 2 1 4 1 3 1 3 2 3 3 4 1 3 4 2 4 3 3 3 1 1 3 4 1 1 1 2 1 4 1 3 4 1 1 2 1 1 4 1 4 1 4 3 3 4 4 4 1 1 3 4 1 3
210 0.023593 3 2 3 1 4 3 1 3 3 3 3 3 4 1 3 2 2 1 3 3 1 4 2 3 1 3 2 1 1 4 1 2 1 4 4 1 2 0 3 4 1 2 1 2 1 4 1 3 1 3 2 3 1 4 1 3 4 2 4 3 3 3 1 1 3 4 1 1 1 2 1 4 1 3 4 1 1 2 1 1 4 1 4 1 4 1 3 4 4 4 1 1 1 4 1 3
210 0.023593 3 2 3 1 4 3 1 3 3 3 3 3 4 1 3 2 2 1 3 3 1 4 2 3 1 3 2 1 1 4 1 2 1 4 4 1 2 3 3 4 1 2 1 2 1 4 1 3 1 3 2 3 3 4 1 3 4 2 4 3 3 3 1 1 3 4 1 1 1 2 1 4 1 3 4 1 1 2 1 1 4 1 4 1 4 1 3 4 4 4 1 1 1 2 3 3
210 0.023593 3 2 3 3 4 3 1 3 3 3 3 3 4 1 3 2 1 3 3 3 1 4 4 3 1 3 2 1 1 4 1 2 1 4 1 1 2 3 3 4 1 2 1 2 1 4 1 3 1 3 2 3 3 4 1 3 4 2 4 3 3 3 1 1 3 4 1 1 1 2 1 4 1 3 4 1 1 2 1 1 4 1 4 1 4 1 3 4 4 4 1 1 1 4 1 3
210 0.104356 3 2 3 1 4 3 1 3 3 3 3 3 4 1 3 2 1 3 3 3 1 4 4 3 1 3 2 1 1 4 1 2 1 3 1 1 2 3 3 4 1 2 3 2 1 4 1 3 1 3 2 3 3 4 1 3 4 2 4 3 3 3 1 1 3 4 1 1 1 2 1 4 1 3 4 1 1 2 1 1 4 1 4 1 4 3 3 4 4 4 1 1 1 4 1 3
210 0.104356 3 2 3 3 4 3 1 1 3 3 3 3 4 1 3 4 2 1 3 3 1 2 2 1 1 3 2 1 1 3 1 4 1 4 4 1 2 3 3 4 1 4 1 2 1 4 1 3 1 3 2 3 3 4 3 3 4 2 4 3 3 0 0 0 0 0 0 0 0 0 0 0 0 0 0 0 0 0 0 1 4 1 4 1 4 1 3 4 4 4 3 1 1 4 1 3
210 0.023593 3 2 3 3 4 1 1 3 3 3 3 3 4 1 3 2 2 1 3 3 1 4 2 3 1 3 2 1 1 4 1 2 1 4 4 1 2 3 3 4 1 2 1 2 1 4 1 3 1 3 2 3 3 4 1 3 4 2 4 3 3 3 1 1 3 4 1 1 1 2 1 4 1 3 4 1 1 2 1 1 4 1 4 1 4 1 3 4 4 4 1 1 1 4 1 3
211 0.106375 1 2 1 3 4 3 1 3 3 3 3 3 4 1 3 2 1 3 3 3 1 4 2 3 1 3 2 1 1 4 1 2 1 4 4 1 2 3 3 1 1 2 1 2 1 2 1 1 1 3 2 1 3 3 1 3 4 2 2 3 1 3 1 1 3 4 1 1 1 2 1 4 1 3 4 1 1 2 1 3 4 1 4 1 4 1 3 4 4 4 1 1 1 4 1 3
211 0.021286 3 2 3 3 4 3 1 3 3 3 3 3 4 1 3 2 1 3 3 3 1 4 4 3 1 1 1 1 1 4 1 2 1 4 1 3 2 3 3 4 1 2 1 2 1 4 1 3 3 3 2 3 3 4 1 3 4 2 4 3 3 3 1 1 3 4 1 1 1 2 1 4 1 3 4 1 1 2 1 1 4 1 4 1 4 1 3 4 4 4 1 1 1 4 1 3
211 0.106375 3 2 3 3 4 3 1 3 3 3 3 3 4 1 3 2 1 3 3 3 1 4 2 3 1 3 2 1 1 4 1 2 1 4 1 1 2 3 3 4 1 2 1 2 1 4 1 3 1 3 2 3 3 4 1 3 4 2 4 3 3 3 1 1 3 4 1 1 1 2 1 4 1 3 4 1 1 2 1 1 4 1 4 1 4 1 3 4 4 4 1 1 1 4 1 3
211 0.021286 3 2 3 1 4 3 1 3 3 3 3 3 4 1 3 2 2 1 3 3 1 4 2 3 1 3 2 1 1 4 1 2 1 4 4 1 2 3 3 4 1 2 1 2 1 4 1 3 1 3 2 3 3 4 1 3 4 2 4 3 3 3 1 1 3 4 1 1 1 2 1 4 1 3 4 1 1 2 1 1 4 1 4 1 4 1 3 4 4 4 1 1 1 4 1 3
211 0.106375 3 2 3 3 4 3 1 3 3 3 3 3 4 1 3 2 1 3 3 3 1 4 2 3 1 3 2 1 1 4 1 2 3 4 4 1 2 3 3 4 3 2 1 2 1 4 1 3 1 3 2 3 3 4 1 3 4 4 4 3 3 3 1 1 3 4 1 1 1 2 1 4 1 3 4 1 1 2 1 1 4 3 4 1 4 1 3 4 4 4 1 1 1 4 1 3
211 0.021286 3 2 3 1 4 3 1 3 3 3 3 3 4 1 3 2 2 1 3 3 1 4 2 3 1 3 2 1 1 4 1 2 1 4 4 1 2 3 3 4 1 2 1 2 1 4 1 3 1 3 2 3 3 4 1 3 4 2 4 3 3 3 1 1 3 4 1 1 1 2 1 4 1 3 4 1 1 2 1 1 4 1 4 1 4 1 3 4 4 4 1 3 1 4 1 3
211 0.106375 3 2 3 3 4 3 1 3 3 3 3 3 4 1 3 2 1 3 3 3 1 4 2 3 1 3 2 1 1 4 1 2 1 4 4 1 2 3 3 4 3 2 1 2 1 4 1 3 1 3 2 3 3 4 1 3 4 2 4 3 3 3 1 1 3 4 1 1 1 2 1 4 1 3 4 1 1 2 1 1 4 1 4 1 4 1 3 4 4 4 1 1 1 4 1 3
211 0.106375 3 2 3 3 4 3 1 3 3 3 3 3 4 1 3 2 1 3 1 3 1 4 2 3 1 3 2 1 1 4 3 2 1 4 4 1 2 3 3 4 1 2 1 2 1 4 1 3 1 3 2 3 3 4 1 3 4 2 4 3 3 3 1 1 3 4 1 1 1 2 1 4 1 3 4 1 1 2 1 1 4 1 4 1 4 1 3 4 2 4 1 1 1 4 1 3
211 0.106375 3 2 3 1 4 3 1 3 3 3 3 3 4 1 3 2 1 3 3 3 1 4 4 3 1 3 2 1 1 4 1 2 1 3 1 1 2 3 3 4 1 2 3 2 1 4 1 3 1 3 2 3 3 4 1 3 4 2 4 3 3 3 1 1 3 4 1 1 1 2 1 4 1 3 4 1 1 2 1 1 4 1 4 1 4 3 3 4 4 4 1 1 3 4 1 3
211 0.021286 3 2 3 1 4 3 1 3 3 3 3 3 4 1 3 2 2 1 3 3 1 4 2 3 1 3 2 1 1 4 1 2 1 4 4 1 2 0 3 4 1 2 1 2 1 4 1 3 1 3 2 3 1 4 1 3 4 2 4 3 3 3 1 1 3 4 1 1 1 2 1 4 1 3 4 1 1 2 1 1 4 1 4 1 4 1 3 4 4 4 1 1 1 4 1 3
211 0.021286 3 2 3 1 4 3 1 3 3 3 3 3 4 1 3 2 2 1 3 3 1 4 2 3 1 3 2 1 1 4 1 2 1 4 4 1 2 3 3 4 1 2 1 2 1 4 1 3 1 3 2 3 3 4 1 3 4 2 4 3 3 3 1 1 3 4 1 1 1 2 1 4 1 3 4 1 1 2 1 1 4 1 4 1 4 1 3 4 4 4 1 1 1 2 3 3
211 0.021286 3 2 3 3 4 3 1 3 3 3 3 3 4 1 3 2 1 3 3 3 1 4 4 3 1 3 2 1 1 4 1 2 1 4 1 1 2 3 3 4 1 2 1 2 1 4 1 3 1 3 2 3 3 4 1 3 4 2 4 3 3 3 1 1 3 4 1 1 1 2 1 4 1 3 4 1 1 2 1 1 4 1 4 1 4 1 3 4 4 4 1 1 1 4 1 3
211 0.106375 3 2 3 1 4 3 1 3 3 3 3 3 4 1 3 2 1 3 3 3 1 4 4 3 1 3 2 1 1 4 1 2 1 3 1 1 2 3 3 4 1 2 3 2 1 4 1 3 1 3 2 3 3 4 1 3 4 2 4 3 3 3 1 1 3 4 1 1 1 2 1 4 1 3 4 1 1 2 1 1 4 1 4 1 4 3 3 4 4 4 1 1 1 4 1 3
211 0.106375 3 2 3 3 4 3 1 1 3 3 3 3 4 1 3 4 2 1 3 3 1 2 2 1 1 3 2 1 1 3 1 4 1 4 4 1 2 3 3 4 1 4 1 2 1 4 1 3 1 3 2 3 3 4 3 3 4 2 4 3 3 0 0 0 0 0 0 0 0 0 0 0 0 0 0 0 0 0 0 1 4 1 4 1 4 1 3 4 4 4 3 1 1 4 1 3
211 0.021286 3 2 3 3 4 1 1 3 3 3 3 3 4 1 3 2 2 1 3 3 1 4 2 3 1 3 2 1 1 4 1 2 1 4 4 1 2 3 3 4 1 2 1 2 1 4 1 3 1 3 2 3 3 4 1 3 4 2 4 3 3 3 1 1 3 4 1 1 1 2 1 4 1 3 4 1 1 2 1 1 4 1 4 1 4 1 3 4 4 4 1 1 1 4 1 3
212 0.108236 1 2 1 3 4 3 1 3 3 3 3 3 4 1 3 2 1 3 3 3 1 4 2 3 1 3 2 1 1 4 1 2 1 4 4 1 2 3 3 1 1 2 1 2 1 2 1 1 1 3 2 1 3 3 1 3 4 2 2 3 1 3 1 1 3 4 1 1 1 2 1 4 1 3 4 1 1 2 1 3 4 1 4 1 4 1 3 4 4 4 1 1 1 4 1 3
212 0.019159 3 2 3 3 4 3 1 3 3 3 3 3 4 1 3 2 1 3 3 3 1 4 4 3 1 1 1 1 1 4 1 2 1 4 1 3 2 3 3 4 1 2 1 2 1 4 1 3 3 3 2 3 3 4 1 3 4 2 4 3 3 3 1 1 3 4 1 1 1 2 1 4 1 3 4 1 1 2 1 1 4 1 4 1 4 1 3 4 4 4 1 1 1 4 1 3
212 0.108236 3 2 3 3 4 3 1 3 3 3 3 3 4 1 3 2 1 3 3 3 1 4 2 3 1 3 2 1 1 4 1 2 1 4 1 1 2 3 3 4 1 2 1 2 1 4 1 3 1 3 2 3 3 4 1 3 4 2 4 3 3 3 1 1 3 4 1 1 1 2 1 4 1 3 4 1 1 2 1 1 4 1 4 1 4 1 3 4 4 4 1 1 1 4 1 3
212 0.019159 3 2 3 1 4 3 1 3 3 3 3 3 4 1 3 2 2 1 3 3 1 4 2 3 1 3 2 1 1 4 1 2 1 4 4 1 2 3 3 4 1 2 1 2 1 4 1 3 1 3 2 3 3 4 1 3 4 2 4 3 3 3 1 1 3 4 1 1 1 2 1 4 1 3 4 1 1 2 1 1 4 1 4 1 4 1 3 4 4 4 1 1 1 4 1 3
212 0.108236 3 2 3 3 4 3 1 3 3 3 3 3 4 1 3 2 1 3 3 3 1 4 2 3 1 3 2 1 1 4 1 2 3 4 4 1 2 3 3 4 3 2 1 2 1 4 1 3 1 3 2 3 3 4 1 3 4 4 4 3 3 3 1 1 3 4 1 1 1 2 1 4 1 3 4 1 1 2 1 1 4 3 4 1 4 1 3 4 4 4 1 1 1 4 1 3
212 0.019159 3 2 3 1 4 3 1 3 3 3 3 3 4 1 3 2 2 1 3 3 1 4 2 3 1 3 2 1 1 4 1 2 1 4 4 1 2 3 3 4 1 2 1 2 1 4 1 3 1 3 2 3 3 4 1 3 4 2 4 3 3 3 1 1 3 4 1 1 1 2 1 4 1 3 4 1 1 2 1 1 4 1 4 1 4 1 3 4 4 4 1 3 1 4 1 3
212 0.108236 3 2 3 3 4 3 1 3 3 3 3 3 4 1 3 2 1 3 3 3 1 4 2 3 1 3 2 1 1 4 1 2 1 4 4 1 2 3 3 4 3 2 1 2 1 4 1 3 1 3 2 3 3 4 1 3 4 2 4 3 3 3 1 1 3 4 1 1 1 2 1 4 1 3 4 1 1 2 1 1 4 1 4 1 4 1 3 4 4 4 1 1 1 4 1 3
212 0.108236 3 2 3 3 4 3 1 3 3 3 3 3 4 1 3 2 1 3 1 3 1 4 2 3 1 3 2 1 1 4 3 2 1 4 4 1 2 3 3 4 1 2 1 2 1 4 1 3 1 3 2 3 3 4 1 3 4 2 4 3 3 3 1 1 3 4 1 1 1 2 1 4 1 3 4 1 1 2 1 1 4 1 4 1 4 1 3 4 2 4 1 1 1 4 1 3
212 0.108236 3 2 3 1 4 3 1 3 3 3 3 3 4 1 3 2 1 3 3 3 1 4 4 3 1 3 2 1 1 4 1 2 1 3 1 1 2 3 3 4 1 2 3 2 1 4 1 3 1 3 2 3 3 4 1 3 4 2 4 3 3 3 1 1 3 4 1 1 1 2 1 4 1 3 4 1 1 2 1 1 4 1 4 1 4 3 3 4 4 4 1 1 3 4 1 3
212 0.019159 3 2 3 1 4 3 1 3 3 3 3 3 4 1 3 2 2 1 3 3 1 4 2 3 1 3 2 1 1 4 1 2 1 4 4 1 2 0 3 4 1 2 1 2 1 4 1 3 1 3 2 3 1 4 1 3 4 2 4 3 3 3 1 1 3 4 1 1 1 2 1 4 1 3 4 1 1 2 1 1 4 1 4 1 4 1 3 4 4 4 1 1 1 4 1 3
212 0.019159 3 2 3 1 4 3 1 3 3 3 3 3 4 1 3 2 2 1 3 3 1 4 2 3 1 3 2 1 1 4 1 2 1 4 4 1 2 3 3 4 1 2 1 2 1 4 1 3 1 3 2 3 3 4 1 3 4 2 4 3 3 3 1 1 3 4 1 1 1 2 1 4 1 3 4 1 1 2 1 1 4 1 4 1 4 1 3 4 4 4 1 1 1 2 3 3
212 0.019159 3 2 3 3 4 3 1 3 3 3 3 3 4 1 3 2 1 3 3 3 1 4 4 3 1 3 2 1 1 4 1 2 1 4 1 1 2 3 3 4 1 2 1 2 1 4 1 3 1 3 2 3 3 4 1 3 4 2 4 3 3 3 1 1 3 4 1 1 1 2 1 4 1 3 4 1 1 2 1 1 4 1 4 1 4 1 3 4 4 4 1 1 1 4 1 3
212 0.108236 3 2 3 1 4 3 1 3 3 3 3 3 4 1 3 2 1 3 3 3 1 4 4 3 1 3 2 1 1 4 1 2 1 3 1 1 2 3 3 4 1 2 3 2 1 4 1 3 1 3 2 3 3 4 1 3 4 2 4 3 3 3 1 1 3 4 1 1 1 2 1 4 1 3 4 1 1 2 1 1 4 1 4 1 4 3 3 4 4 4 1 1 1 4 1 3
212 0.108236 3 2 3 3 4 3 1 1 3 3 3 3 4 1 3 4 2 1 3 3 1 2 2 1 1 3 2 1 1 3 1 4 1 4 4 1 2 3 3 4 1 4 1 2 1 4 1 3 1 3 2 3 3 4 3 3 4 2 4 3 3 0 0 0 0 0 0 0 0 0 0 0 0 0 0 0 0 0 0 1 4 1 4 1 4 1 3 4 4 4 3 1 1 4 1 3
212 0.019159 3 2 3 3 4 1 1 3 3 3 3 3 4 1 3 2 2 1 3 3 1 4 2 3 1 3 2 1 1 4 1 2 1 4 4 1 2 3 3 4 1 2 1 2 1 4 1 3 1 3 2 3 3 4 1 3 4 2 4 3 3 3 1 1 3 4 1 1 1 2 1 4 1 3 4 1 1 2 1 1 4 1 4 1 4 1 3 4 4 4 1 1 1 4 1 3
213 0.109945 1 2 1 3 4 3 1 3 3 3 3 3 4 1 3 2 1 3 3 3 1 4 2 3 1 3 2 1 1 4 1 2 1 4 4 1 2 3 3 1 1 2 1 2 1 2 1 1 1 3 2 1 3 3 1 3 4 2 2 3 1 3 1 1 3 4 1 1 1 2 1 4 1 3 4 1 1 2 1 3 4 1 4 1 4 1 3 4 4 4 1 1 1 4 1 3
213 0.017205 3 2 3 3 4 3 1 3 3 3 3 3 4 1 3 2 1 3 3 3 1 4 4 3 1 1 1 1 1 4 1 2 1 4 1 3 2 3 3 4 1 2 1 2 1 4 1 3 3 3 2 3 3 4 1 3 4 2 4 3 3 3 1 1 3 4 1 1 1 2 1 4 1 3 4 1 1 2 1 1 4 1 4 1 4 1 3 4 4 4 1 1 1 4 1 3
213 0.109945 3 2 3 3 4 3 1 3 3 3 3 3 4 1 3 2 1 3 3 3 1 4 2 3 1 3 2 1 1 4 1 2 1 4 1 1 2 3 3 4 1 2 1 2 1 4 1 3 1 3 2 3 3 4 1 3 4 2 4 3 3 3 1 1 3 4 1 1 1 2 1 4 1 3 4 1 1 2 1 1 4 1 4 1 4 1 3 4 4 4 1 1 1 4 1 3
213 0.017205 3 2 3 1 4 3 1 3 3 3 3 3 4 1 3 2 2 1 3 3 1 4 2 3 1 3 2 1 1 4 1 2 1 4 4 1 2 3 3 4 1 2 1 2 1 4 1 3 1 3 2 3 3 4 1 3 4 2 4 3 3 3 1 1 3 4 1 1 1 2 1 4 1 3 4 1 1 2 1 1 4 1 4 1 4 1 3 4 4 4 1 1 1 4 1 3
213 0.109945 3 2 3 3 4 3 1 3 3 3 3 3 4 1 3 2 1 3 3 3 1 4 2 3 1 3 2 1 1 4 1 2 3 4 4 1 2 3 3 4 3 2 1 2 1 4 1 3 1 3 2 3 3 4 1 3 4 4 4 3 3 3 1 1 3 4 1 1 1 2 1 4 1 3 4 1 1 2 1 1 4 3 4 1 4 1 3 4 4 4 1 1 1 4 1 3
213 0.017205 3 2 3 1 4 3 1 3 3 3 3 3 4 1 3 2 2 1 3 3 1 4 2 3 1 3 2 1 1 4 1 2 1 4 4 1 2 3 3 4 1 2 1 2 1 4 1 3 1 3 2 3 3 4 1 3 4 2 4 3 3 3 1 1 3 4 1 1 1 2 1 4 1 3 4 1 1 2 1 1 4 1 4 1 4 1 3 4 4 4 1 3 1 4 1 3
213 0.109945 3 2 3 3 4 3 1 3 3 3 3 3 4 1 3 2 1 3 3 3 1 4 2 3 1 3 2 1 1 4 1 2 1 4 4 1 2 3 3 4 3 2 1 2 1 4 1 3 1 3 2 3 3 4 1 3 4 2 4 3 3 3 1 1 3 4 1 1 1 2 1 4 1 3 4 1 1 2 1 1 4 1 4 1 4 1 3 4 4 4 1 1 1 4 1 3
213 0.109945 3 2 3 3 4 3 1 3 3 3 3 3 4 1 3 2 1 3 1 3 1 4 2 3 1 3 2 1 1 4 3 2 1 4 4 1 2 3 3 4 1 2 1 2 1 4 1 3 1 3 2 3 3 4 1 3 4 2 4 3 3 3 1 1 3 4 1 1 1 2 1 4 1 3 4 1 1 2 1 1 4 1 4 1 4 1 3 4 2 4 1 1 1 4 1 3
213 0.109945 3 2 3 1 4 3 1 3 3 3 3 3 4 1 3 2 1 3 3 3 1 4 4 3 1 3 2 1 1 4 1 2 1 3 1 1 2 3 3 4 1 2 3 2 1 4 1 3 1 3 2 3 3 4 1 3 4 2 4 3 3 3 1 1 3 4 1 1 1 2 1 4 1 3 4 1 1 2 1 1 4 1 4 1 4 3 3 4 4 4 1 1 3 4 1 3
213 0.017205 3 2 3 1 4 3 1 3 3 3 3 3 4 1 3 2 2 1 3 3 1 4 2 3 1 3 2 1 1 4 1 2 1 4 4 1 2 0 3 4 1 2 1 2 1 4 1 3 1 3 2 3 1 4 1 3 4 2 4 3 3 3 1 1 3 4 1 1 1 2 1 4 1 3 4 1 1 2 1 1 4 1 4 1 4 1 3 4 4 4 1 1 1 4 1 3
213 0.017205 3 2 3 1 4 3 1 3 3 3 3 3 4 1 3 2 2 1 3 3 1 4 2 3 1 3 2 1 1 4 1 2 1 4 4 1 2 3 3 4 1 2 1 2 1 4 1 3 1 3 2 3 3 4 1 3 4 2 4 3 3 3 1 1 3 4 1 1 1 2 1 4 1 3 4 1 1 2 1 1 4 1 4 1 4 1 3 4 4 4 1 1 1 2 3 3
213 0.017205 3 2 3 3 4 3 1 3 3 3 3 3 4 1 3 2 1 3 3 3 1 4 4 3 1 3 2 1 1 4 1 2 1 4 1 1 2 3 3 4 1 2 1 2 1 4 1 3 1 3 2 3 3 4 1 3 4 2 4 3 3 3 1 1 3 4 1 1 1 2 1 4 1 3 4 1 1 2 1 1 4 1 4 1 4 1 3 4 4 4 1 1 1 4 1 3
213 0.109945 3 2 3 1 4 3 1 3 3 3 3 3 4 1 3 2 1 3 3 3 1 4 4 3 1 3 2 1 1 4 1 2 1 3 1 1 2 3 3 4 1 2 3 2 1 4 1 3 1 3 2 3 3 4 1 3 4 2 4 3 3 3 1 1 3 4 1 1 1 2 1 4 1 3 4 1 1 2 1 1 4 1 4 1 4 3 3 4 4 4 1 1 1 4 1 3
213 0.109945 3 2 3 3 4 3 1 1 3 3 3 3 4 1 3 4 2 1 3 3 1 2 2 1 1 3 2 1 1 3 1 4 1 4 4 1 2 3 3 4 1 4 1 2 1 4 1 3 1 3 2 3 3 4 3 3 4 2 4 3 3 0 0 0 0 0 0 0 0 0 0 0 0 0 0 0 0 0 0 1 4 1 4 1 4 1 3 4 4 4 3 1 1 4 1 3
213 0.017205 3 2 3 3 4 1 1 3 3 3 3 3 4 1 3 2 2 1 3 3 1 4 2 3 1 3 2 1 1 4 1 2 1 4 4 1 2 3 3 4 1 2 1 2 1 4 1 3 1 3 2 3 3 4 1 3 4 2 4 3 3 3 1 1 3 4 1 1 1 2 1 4 1 3 4 1 1 2 1 1 4 1 4 1 4 1 3 4 4 4 1 1 1 4 1 3
214 0.111511 1 2 1 3 4 3 1 3 3 3 3 3 4 1 3 2 1 3 3 3 1 4 2 3 1 3 2 1 1 4 1 2 1 4 4 1 2 3 3 1 1 2 1 2 1 2 1 1 1 3 2 1 3 3 1 3 4 2 2 3 1 3 1 1 3 4 1 1 1 2 1 4 1 3 4 1 1 2 1 3 4 1 4 1 4 1 3 4 4 4 1 1 1 4 1 3
214 0.015417 3 2 3 3 4 3 1 3 3 3 3 3 4 1 3 2 1 3 3 3 1 4 4 3 1 1 1 1 1 4 1 2 1 4 1 3 2 3 3 4 1 2 1 2 1 4 1 3 3 3 2 3 3 4 1 3 4 2 4 3 3 3 1 1 3 4 1 1 1 2 1 4 1 3 4 1 1 2 1 1 4 1 4 1 4 1 3 4 4 4 1 1 1 4 1 3
214 0.111511 3 2 3 3 4 3 1 3 3 3 3 3 4 1 3 2 1 3 3 3 1 4 2 3 1 3 2 1 1 4 1 2 1 4 1 1 2 3 3 4 1 2 1 2 1 4 1 3 1 3 2 3 3 4 1 3 4 2 4 3 3 3 1 1 3 4 1 1 1 2 1 4 1 3 4 1 1 2 1 1 4 1 4 1 4 1 3 4 4 4 1 1 1 4 1 3
214 0.015417 3 2 3 1 4 3 1 3 3 3 3 3 4 1 3 2 2 1 3 3 1 4 2 3 1 3 2 1 1 4 1 2 1 4 4 1 2 3 3 4 1 2 1 2 1 4 1 3 1 3 2 3 3 4 1 3 4 2 4 3 3 3 1 1 3 4 1 1 1 2 1 4 1 3 4 1 1 2 1 1 4 1 4 1 4 1 3 4 4 4 1 1 1 4 1 3
214 0.111511 3 2 3 3 4 3 1 3 3 3 3 3 4 1 3 2 1 3 3 3 1 4 2 3 1 3 2 1 1 4 1 2 3 4 4 1 2 3 3 4 3 2 1 2 1 4 1 3 1 3 2 3 3 4 1 3 4 4 4 3 3 3 1 1 3 4 1 1 1 2 1 4 1 3 4 1 1 2 1 1 4 3 4 1 4 1 3 4 4 4 1 1 1 4 1 3
214 0.015417 3 2 3 1 4 3 1 3 3 3 3 3 4 1 3 2 2 1 3 3 1 4 2 3 1 3 2 1 1 4 1 2 1 4 4 1 2 3 3 4 1 2 1 2 1 4 1 3 1 3 2 3 3 4 1 3 4 2 4 3 3 3 1 1 3 4 1 1 1 2 1 4 1 3 4 1 1 2 1 1 4 1 4 1 4 1 3 4 4 4 1 3 1 4 1 3
214 0.111511 3 2 3 3 4 3 1 3 3 3 3 3 4 1 3 2 1 3 3 3 1 4 2 3 1 3 2 1 1 4 1 2 1 4 4 1 2 3 3 4 3 2 1 2 1 4 1 3 1 3 2 3 3 4 1 3 4 2 4 3 3 3 1 1 3 4 1 1 1 2 1 4 1 3 4 1 1 2 1 1 4 1 4 1 4 1 3 4 4 4 1 1 1 4 1 3
214 0.111511 3 2 3 3 4 3 1 3 3 3 3 3 4 1 3 2 1 3 1 3 1 4 2 3 1 3 2 1 1 4 3 2 1 4 4 1 2 3 3 4 1 2 1 2 1 4 1 3 1 3 2 3 3 4 1 3 4 2 4 3 3 3 1 1 3 4 1 1 1 2 1 4 1 3 4 1 1 2 1 1 4 1 4 1 4 1 3 4 2 4 1 1 1 4 1 3
214 0.111511 3 2 3 1 4 3 1 3 3 3 3 3 4 1 3 2 1 3 3 3 1 4 4 3 1 3 2 1 1 4 1 2 1 3 1 1 2 3 3 4 1 2 3 2 1 4 1 3 1 3 2 3 3 4 1 3 4 2 4 3 3 3 1 1 3 4 1 1 1 2 1 4 1 3 4 1 1 2 1 1 4 1 4 1 4 3 3 4 4 4 1 1 3 4 1 3
214 0.015417 3 2 3 1 4 3 1 3 3 3 3 3 4 1 3 2 2 1 3 3 1 4 2 3 1 3 2 1 1 4 1 2 1 4 4 1 2 0 3 4 1 2 1 2 1 4 1 3 1 3 2 3 1 4 1 3 4 2 4 3 3 3 1 1 3 4 1 1 1 2 1 4 1 3 4 1 1 2 1 1 4 1 4 1 4 1 3 4 4 4 1 1 1 4 1 3
214 0.015417 3 2 3 1 4 3 1 3 3 3 3 3 4 1 3 2 2 1 3 3 1 4 2 3 1 3 2 1 1 4 1 2 1 4 4 1 2 3 3 4 1 2 1 2 1 4 1 3 1 3 2 3 3 4 1 3 4 2 4 3 3 3 1 1 3 4 1 1 1 2 1 4 1 3 4 1 1 2 1 1 4 1 4 1 4 1 3 4 4 4 1 1 1 2 3 3
214 0.015417 3 2 3 3 4 3 1 3 3 3 3 3 4 1 3 2 1 3 3 3 1 4 4 3 1 3 2 1 1 4 1 2 1 4 1 1 2 3 3 4 1 2 1 2 1 4 1 3 1 3 2 3 3 4 1 3 4 2 4 3 3 3 1 1 3 4 1 1 1 2 1 4 1 3 4 1 1 2 1 1 4 1 4 1 4 1 3 4 4 4 1 1 1 4 1 3
214 0.111511 3 2 3 1 4 3 1 3 3 3 3 3 4 1 3 2 1 3 3 3 1 4 4 3 1 3 2 1 1 4 1 2 1 3 1 1 2 3 3 4 1 2 3 2 1 4 1 3 1 3 2 3 3 4 1 3 4 2 4 3 3 3 1 1 3 4 1 1 1 2 1 4 1 3 4 1 1 2 1 1 4 1 4 1 4 3 3 4 4 4 1 1 1 4 1 3
214 0.111511 3 2 3 3 4 3 1 1 3 3 3 3 4 1 3 4 2 1 3 3 1 2 2 1 1 3 2 1 1 3 1 4 1 4 4 1 2 3 3 4 1 4 1 2 1 4 1 3 1 3 2 3 3 4 3 3 4 2 4 3 3 0 0 0 0 0 0 0 0 0 0 0 0 0 0 0 0 0 0 1 4 1 4 1 4 1 3 4 4 4 3 1 1 4 1 3
214 0.015417 3 2 3 3 4 1 1 3 3 3 3 3 4 1 3 2 2 1 3 3 1 4 2 3 1 3 2 1 1 4 1 2 1 4 4 1 2 3 3 4 1 2 1 2 1 4 1 3 1 3 2 3 3 4 1 3 4 2 4 3 3 3 1 1 3 4 1 1 1 2 1 4 1 3 4 1 1 2 1 1 4 1 4 1 4 1 3 4 4 4 1 1 1 4 1 3
215 0.112940 1 2 1 3 4 3 1 3 3 3 3 3 4 1 3 2 1 3 3 3 1 4 2 3 1 3 2 1 1 4 1 2 1 4 4 1 2 3 3 1 1 2 1 2 1 2 1 1 1 3 2 1 3 3 1 3 4 2 2 3 1 3 1 1 3 4 1 1 1 2 1 4 1 3 4 1 1 2 1 3 4 1 4 1 4 1 3 4 4 4 1 1 1 4 1 3
215 0.013783 3 2 3 3 4 3 1 3 3 3 3 3 4 1 3 2 1 3 3 3 1 4 4 3 1 1 1 1 1 4 1 2 1 4 1 3 2 3 3 4 1 2 1 2 1 4 1 3 3 3 2 3 3 4 1 3 4 2 4 3 3 3 1 1 3 4 1 1 1 2 1 4 1 3 4 1 1 2 1 1 4 1 4 1 4 1 3 4 4 4 1 1 1 4 1 3
215 0.112940 3 2 3 3 4 3 1 3 3 3 3 3 4 1 3 2 1 3 3 3 1 4 2 3 1 3 2 1 1 4 1 2 1 4 1 1 2 3 3 4 1 2 1 2 1 4 1 3 1 3 2 3 3 4 1 3 4 2 4 3 3 3 1 1 3 4 1 1 1 2 1 4 1 3 4 1 1 2 1 1 4 1 4 1 4 1 3 4 4 4 1 1 1 4 1 3
215 0.013783 3 2 3 1 4 3 1 3 3 3 3 3 4 1 3 2 2 1 3 3 1 4 2 3 1 3 2 1 1 4 1 2 1 4 4 1 2 3 3 4 1 2 1 2 1 4 1 3 1 3 2 3 3 4 1 3 4 2 4 3 3 3 1 1 3 4 1 1 1 2 1 4 1 3 4 1 1 2 1 1 4 1 4 1 4 1 3 4 4 4 1 1 1 4 1 3
215 0.112940 3 2 3 3 4 3 1 3 3 3 3 3 4 1 3 2 1 3 3 3 1 4 2 3 1 3 2 1 1 4 1 2 3 4 4 1 2 3 3 4 3 2 1 2 1 4 1 3 1 3 2 3 3 4 1 3 4 4 4 3 3 3 1 1 3 4 1 1 1 2 1 4 1 3 4 1 1 2 1 1 4 3 4 1 4 1 3 4 4 4 1 1 1 4 1 3
215 0.013783 3 2 3 1 4 3 1 3 3 3 3 3 4 1 3 2 2 1 3 3 1 4 2 3 1 3 2 1 1 4 1 2 1 4 4 1 2 3 3 4 1 2 1 2 1 4 1 3 1 3 2 3 3 4 1 3 4 2 4 3 3 3 1 1 3 4 1 1 1 2 1 4 1 3 4 1 1 2 1 1 4 1 4 1 4 1 3 4 4 4 1 3 1 4 1 3
215 0.112940 3 2 3 3 4 3 1 3 3 3 3 3 4 1 3 2 1 3 3 3 1 4 2 3 1 3 2 1 1 4 1 2 1 4 4 1 2 3 3 4 3 2 1 2 1 4 1 3 1 3 2 3 3 4 1 3 4 2 4 3 3 3 1 1 3 4 1 1 1 2 1 4 1 3 4 1 1 2 1 1 4 1 4 1 4 1 3 4 4 4 1 1 1 4 1 3
215 0.112940 3 2 3 3 4 3 1 3 3 3 3 3 4 1 3 2 1 3 1 3 1 4 2 3 1 3 2 1 1 4 3 2 1 4 4 1 2 3 3 4 1 2 1 2 1 4 1 3 1 3 2 3 3 4 1 3 4 2 4 3 3 3 1 1 3 4 1 1 1 2 1 4 1 3 4 1 1 2 1 1 4 1 4 1 4 1 3 4 2 4 1 1 1 4 1 3
215 0.112940 3 2 3 1 4 3 1 3 3 3 3 3 4 1 3 2 1 3 3 3 1 4 4 3 1 3 2 1 1 4 1 2 1 3 1 1 2 3 3 4 1 2 3 2 1 4 1 3 1 3 2 3 3 4 1 3 4 2 4 3 3 3 1 1 3 4 1 1 1 2 1 4 1 3 4 1 1 2 1 1 4 1 4 1 4 3 3 4 4 4 1 1 3 4 1 3
215 0.013783 3 2 3 1 4 3 1 3 3 3 3 3 4 1 3 2 2 1 3 3 1 4 2 3 1 3 2 1 1 4 1 2 1 4 4 1 2 0 3 4 1 2 1 2 1 4 1 3 1 3 2 3 1 4 1 3 4 2 4 3 3 3 1 1 3 4 1 1 1 2 1 4 1 3 4 1 1 2 1 1 4 1 4 1 4 1 3 4 4 4 1 1 1 4 1 3
215 0.013783 3 2 3 1 4 3 1 3 3 3 3 3 4 1 3 2 2 1 3 3 1 4 2 3 1 3 2 1 1 4 1 2 1 4 4 1 2 3 3 4 1 2 1 2 1 4 1 3 1 3 2 3 3 4 1 3 4 2 4 3 3 3 1 1 3 4 1 1 1 2 1 4 1 3 4 1 1 2 1 1 4 1 4 1 4 1 3 4 4 4 1 1 1 2 3 3
215 0.013783 3 2 3 3 4 3 1 3 3 3 3 3 4 1 3 2 1 3 3 3 1 4 4 3 1 3 2 1 1 4 1 2 1 4 1 1 2 3 3 4 1 2 1 2 1 4 1 3 1 3 2 3 3 4 1 3 4 2 4 3 3 3 1 1 3 4 1 1 1 2 1 4 1 3 4 1 1 2 1 1 4 1 4 1 4 1 3 4 4 4 1 1 1 4 1 3
215 0.112940 3 2 3 1 4 3 1 3 3 3 3 3 4 1 3 2 1 3 3 3 1 4 4 3 1 3 2 1 1 4 1 2 1 3 1 1 2 3 3 4 1 2 3 2 1 4 1 3 1 3 2 3 3 4 1 3 4 2 4 3 3 3 1 1 3 4 1 1 1 2 1 4 1 3 4 1 1 2 1 1 4 1 4 1 4 3 3 4 4 4 1 1 1 4 1 3
215 0.112940 3 2 3 3 4 3 1 1 3 3 3 3 4 1 3 4 2 1 3 3 1 2 2 1 1 3 2 1 1 3 1 4 1 4 4 1 2 3 3 4 1 4 1 2 1 4 1 3 1 3 2 3 3 4 3 3 4 2 4 3 3 0 0 0 0 0 0 0 0 0 0 0 0 0 0 0 0 0 0 1 4 1 4 1 4 1 3 4 4 4 3 1 1 4 1 3
215 0.013783 3 2 3 3 4 1 1 3 3 3 3 3 4 1 3 2 2 1 3 3 1 4 2 3 1 3 2 1 1 4 1 2 1 4 4 1 2 3 3 4 1 2 1 2 1 4 1 3 1 3 2 3 3 4 1 3 4 2 4 3 3 3 1 1 3 4 1 1 1 2 1 4 1 3 4 1 1 2 1 1 4 1 4 1 4 1 3 4 4 4 1 1 1 4 1 3
216 0.114241 1 2 1 3 4 3 1 3 3 3 3 3 4 1 3 2 1 3 3 3 1 4 2 3 1 3 2 1 1 4 1 2 1 4 4 1 2 3 3 1 1 2 1 2 1 2 1 1 1 3 2 1 3 3 1 3 4 2 2 3 1 3 1 1 3 4 1 1 1 2 1 4 1 3 4 1 1 2 1 3 4 1 4 1 4 1 3 4 4 4 1 1 1 4 1 3
216 0.012296 3 2 3 3 4 3 1 3 3 3 3 3 4 1 3 2 1 3 3 3 1 4 4 3 1 1 1 1 1 4 1 2 1 4 1 3 2 3 3 4 1 2 1 2 1 4 1 3 3 3 2 3 3 4 1 3 4 2 4 3 3 3 1 1 3 4 1 1 1 2 1 4 1 3 4 1 1 2 1 1 4 1 4 1 4 1 3 4 4 4 1 1 1 4 1 3
216 0.114241 3 2 3 3 4 3 1 3 3 3 3 3 4 1 3 2 1 3 3 3 1 4 2 3 1 3 2 1 1 4 1 2 1 4 1 1 2 3 3 4 1 2 1 2 1 4 1 3 1 3 2 3 3 4 1 3 4 2 4 3 3 3 1 1 3 4 1 1 1 2 1 4 1 3 4 1 1 2 1 1 4 1 4 1 4 1 3 4 4 4 1 1 1 4 1 3
216 0.012296 3 2 3 1 4 3 1 3 3 3 3 3 4 1 3 2 2 1 3 3 1 4 2 3 1 3 2 1 1 4 1 2 1 4 4 1 2 3 3 4 1 2 1 2 1 4 1 3 1 3 2 3 3 4 1 3 4 2 4 3 3 3 1 1 3 4 1 1 1 2 1 4 1 3 4 1 1 2 1 1 4 1 4 1 4 1 3 4 4 4 1 1 1 4 1 3
216 0.114241 3 2 3 3 4 3 1 3 3 3 3 3 4 1 3 2 1 3 3 3 1 4 2 3 1 3 2 1 1 4 1 2 3 4 4 1 2 3 3 4 3 2 1 2 1 4 1 3 1 3 2 3 3 4 1 3 4 4 4 3 3 3 1 1 3 4 1 1 1 2 1 4 1 3 4 1 1 2 1 1 4 3 4 1 4 1 3 4 4 4 1 1 1 4 1 3
216 0.012296 3 2 3 1 4 3 1 3 3 3 3 3 4 1 3 2 2 1 3 3 1 4 2 3 1 3 2 1 1 4 1 2 1 4 4 1 2 3 3 4 1 2 1 2 1 4 1 3 1 3 2 3 3 4 1 3 4 2 4 3 3 3 1 1 3 4 1 1 1 2 1 4 1 3 4 1 1 2 1 1 4 1 4 1 4 1 3 4 4 4 1 3 1 4 1 3
216 0.114241 3 2 3 3 4 3 1 3 3 3 3 3 4 1 3 2 1 3 3 3 1 4 2 3 1 3 2 1 1 4 1 2 1 4 4 1 2 3 3 4 3 2 1 2 1 4 1 3 1 3 2 3 3 4 1 3 4 2 4 3 3 3 1 1 3 4 1 1 1 2 1 4 1 3 4 1 1 2 1 1 4 1 4 1 4 1 3 4 4 4 1 1 1 4 1 3
216 0.114241 3 2 3 3 4 3 1 3 3 3 3 3 4 1 3 2 1 3 1 3 1 4 2 3 1 3 2 1 1 4 3 2 1 4 4 1 2 3 3 4 1 2 1 2 1 4 1 3 1 3 2 3 3 4 1 3 4 2 4 3 3 3 1 1 3 4 1 1 1 2 1 4 1 3 4 1 1 2 1 1 4 1 4 1 4 1 3 4 2 4 1 1 1 4 1 3
216 0.114241 3 2 3 1 4 3 1 3 3 3 3 3 4 1 3 2 1 3 3 3 1 4 4 3 1 3 2 1 1 4 1 2 1 3 1 1 2 3 3 4 1 2 3 2 1 4 1 3 1 3 2 3 3 4 1 3 4 2 4 3 3 3 1 1 3 4 1 1 1 2 1 4 1 3 4 1 1 2 1 1 4 1 4 1 4 3 3 4 4 4 1 1 3 4 1 3
216 0.012296 3 2 3 1 4 3 1 3 3 3 3 3 4 1 3 2 2 1 3 3 1 4 2 3 1 3 2 1 1 4 1 2 1 4 4 1 2 0 3 4 1 2 1 2 1 4 1 3 1 3 2 3 1 4 1 3 4 2 4 3 3 3 1 1 3 4 1 1 1 2 1 4 1 3 4 1 1 2 1 1 4 1 4 1 4 1 3 4 4 4 1 1 1 4 1 3
216 0.012296 3 2 3 1 4 3 1 3 3 3 3 3 4 1 3 2 2 1 3 3 1 4 2 3 1 3 2 1 1 4 1 2 1 4 4 1 2 3 3 4 1 2 1 2 1 4 1 3 1 3 2 3 3 4 1 3 4 2 4 3 3 3 1 1 3 4 1 1 1 2 1 4 1 3 4 1 1 2 1 1 4 1 4 1 4 1 3 4 4 4 1 1 1 2 3 3
216 0.012296 3 2 3 3 4 3 1 3 3 3 3 3 4 1 3 2 1 3 3 3 1 4 4 3 1 3 2 1 1 4 1 2 1 4 1 1 2 3 3 4 1 2 1 2 1 4 1 3 1 3 2 3 3 4 1 3 4 2 4 3 3 3 1 1 3 4 1 1 1 2 1 4 1 3 4 1 1 2 1 1 4 1 4 1 4 1 3 4 4 4 1 1 1 4 1 3
216 0.114241 3 2 3 1 4 3 1 3 3 3 3 3 4 1 3 2 1 3 3 3 1 4 4 3 1 3 2 1 1 4 1 2 1 3 1 1 2 3 3 4 1 2 3 2 1 4 1 3 1 3 2 3 3 4 1 3 4 2 4 3 3 3 1 1 3 4 1 1 1 2 1 4 1 3 4 1 1 2 1 1 4 1 4 1 4 3 3 4 4 4 1 1 1 4 1 3
216 0.114241 3 2 3 3 4 3 1 1 3 3 3 3 4 1 3 4 2 1 3 3 1 2 2 1 1 3 2 1 1 3 1 4 1 4 4 1 2 3 3 4 1 4 1 2 1 4 1 3 1 3 2 3 3 4 3 3 4 2 4 3 3 0 0 0 0 0 0 0 0 0 0 0 0 0 0 0 0 0 0 1 4 1 4 1 4 1 3 4 4 4 3 1 1 4 1 3
216 0.012296 3 2 3 3 4 1 1 3 3 3 3 3 4 1 3 2 2 1 3 3 1 4 2 3 1 3 2 1 1 4 1 2 1 4 4 1 2 3 3 4 1 2 1 2 1 4 1 3 1 3 2 3 3 4 1 3 4 2 4 3 3 3 1 1 3 4 1 1 1 2 1 4 1 3 4 1 1 2 1 1 4 1 4 1 4 1 3 4 4 4 1 1 1 4 1 3
217 0.115423 1 2 1 3 4 3 1 3 3 3 3 3 4 1 3 2 1 3 3 3 1 4 2 3 1 3 2 1 1 4 1 2 1 4 4 1 2 3 3 1 1 2 1 2 1 2 1 1 1 3 2 1 3 3 1 3 4 2 2 3 1 3 1 1 3 4 1 1 1 2 1 4 1 3 4 1 1 2 1 3 4 1 4 1 4 1 3 4 4 4 1 1 1 4 1 3
217 0.010945 3 2 3 3 4 3 1 3 3 3 3 3 4 1 3 2 1 3 3 3 1 4 4 3 1 1 1 1 1 4 1 2 1 4 1 3 2 3 3 4 1 2 1 2 1 4 1 3 3 3 2 3 3 4 1 3 4 2 4 3 3 3 1 1 3 4 1 1 1 2 1 4 1 3 4 1 1 2 1 1 4 1 4 1 4 1 3 4 4 4 1 1 1 4 1 3
217 0.115423 3 2 3 3 4 3 1 3 3 3 3 3 4 1 3 2 1 3 3 3 1 4 2 3 1 3 2 1 1 4 1 2 1 4 1 1 2 3 3 4 1 2 1 2 1 4 1 3 1 3 2 3 3 4 1 3 4 2 4 3 3 3 1 1 3 4 1 1 1 2 1 4 1 3 4 1 1 2 1 1 4 1 4 1 4 1 3 4 4 4 1 1 1 4 1 3
217 0.010945 3 2 3 1 4 3 1 3 3 3 3 3 4 1 3 2 2 1 3 3 1 4 2 3 1 3 2 1 1 4 1 2 1 4 4 1 2 3 3 4 1 2 1 2 1 4 1 3 1 3 2 3 3 4 1 3 4 2 4 3 3 3 1 1 3 4 1 1 1 2 1 4 1 3 4 1 1 2 1 1 4 1 4 1 4 1 3 4 4 4 1 1 1 4 1 3
217 0.115423 3 2 3 3 4 3 1 3 3 3 3 3 4 1 3 2 1 3 3 3 1 4 2 3 1 3 2 1 1 4 1 2 3 4 4 1 2 3 3 4 3 2 1 2 1 4 1 3 1 3 2 3 3 4 1 3 4 4 4 3 3 3 1 1 3 4 1 1 1 2 1 4 1 3 4 1 1 2 1 1 4 3 4 1 4 1 3 4 4 4 1 1 1 4 1 3
217 0.010945 3 2 3 1 4 3 1 3 3 3 3 3 4 1 3 2 2 1 3 3 1 4 2 3 1 3 2 1 1 4 1 2 1 4 4 1 2 3 3 4 1 2 1 2 1 4 1 3 1 3 2 3 3 4 1 3 4 2 4 3 3 3 1 1 3 4 1 1 1 2 1 4 1 3 4 1 1 2 1 1 4 1 4 1 4 1 3 4 4 4 1 3 1 4 1 3
217 0.115423 3 2 3 3 4 3 1 3 3 3 3 3 4 1 3 2 1 3 3 3 1 4 2 3 1 3 2 1 1 4 1 2 1 4 4 1 2 3 3 4 3 2 1 2 1 4 1 3 1 3 2 3 3 4 1 3 4 2 4 3 3 3 1 1 3 4 1 1 1 2 1 4 1 3 4 1 1 2 1 1 4 1 4 1 4 1 3 4 4 4 1 1 1 4 1 3
217 0.115423 3 2 3 3 4 3 1 3 3 3 3 3 4 1 3 2 1 3 1 3 1 4 2 3 1 3 2 1 1 4 3 2 1 4 4 1 2 3 3 4 1 2 1 2 1 4 1 3 1 3 2 3 3 4 1 3 4 2 4 3 3 3 1 1 3 4 1 1 1 2 1 4 1 3 4 1 1 2 1 1 4 1 4 1 4 1 3 4 2 4 1 1 1 4 1 3
217 0.115423 3 2 3 1 4 3 1 3 3 3 3 3 4 1 3 2 1 3 3 3 1 4 4 3 1 3 2 1 1 4 1 2 1 3 1 1 2 3 3 4 1 2 3 2 1 4 1 3 1 3 2 3 3 4 1 3 4 2 4 3 3 3 1 1 3 4 1 1 1 2 1 4 1 3 4 1 1 2 1 1 4 1 4 1 4 3 3 4 4 4 1 1 3 4 1 3
217 0.010945 3 2 3 1 4 3 1 3 3 3 3 3 4 1 3 2 2 1 3 3 1 4 2 3 1 3 2 1 1 4 1 2 1 4 4 1 2 0 3 4 1 2 1 2 1 4 1 3 1 3 2 3 1 4 1 3 4 2 4 3 3 3 1 1 3 4 1 1 1 2 1 4 1 3 4 1 1 2 1 1 4 1 4 1 4 1 3 4 4 4 1 1 1 4 1 3
217 0.010945 3 2 3 1 4 3 1 3 3 3 3 3 4 1 3 2 2 1 3 3 1 4 2 3 1 3 2 1 1 4 1 2 1 4 4 1 2 3 3 4 1 2 1 2 1 4 1 3 1 3 2 3 3 4 1 3 4 2 4 3 3 3 1 1 3 4 1 1 1 2 1 4 1 3 4 1 1 2 1 1 4 1 4 1 4 1 3 4 4 4 1 1 1 2 3 3
217 0.010945 3 2 3 3 4 3 1 3 3 3 3 3 4 1 3 2 1 3 3 3 1 4 4 3 1 3 2 1 1 4 1 2 1 4 1 1 2 3 3 4 1 2 1 2 1 4 1 3 1 3 2 3 3 4 1 3 4 2 4 3 3 3 1 1 3 4 1 1 1 2 1 4 1 3 4 1 1 2 1 1 4 1 4 1 4 1 3 4 4 4 1 1 1 4 1 3
217 0.115423 3 2 3 1 4 3 1 3 3 3 3 3 4 1 3 2 1 3 3 3 1 4 4 3 1 3 2 1 1 4 1 2 1 3 1 1 2 3 3 4 1 2 3 2 1 4 1 3 1 3 2 3 3 4 1 3 4 2 4 3 3 3 1 1 3 4 1 1 1 2 1 4 1 3 4 1 1 2 1 1 4 1 4 1 4 3 3 4 4 4 1 1 1 4 1 3
217 0.115423 3 2 3 3 4 3 1 1 3 3 3 3 4 1 3 4 2 1 3 3 1 2 2 1 1 3 2 1 1 3 1 4 1 4 4 1 2 3 3 4 1 4 1 2 1 4 1 3 1 3 2 3 3 4 3 3 4 2 4 3 3 0 0 0 0 0 0 0 0 0 0 0 0 0 0 0 0 0 0 1 4 1 4 1 4 1 3 4 4 4 3 1 1 4 1 3
217 0.010945 3 2 3 3 4 1 1 3 3 3 3 3 4 1 3 2 2 1 3 3 1 4 2 3 1 3 2 1 1 4 1 2 1 4 4 1 2 3 3 4 1 2 1 2 1 4 1 3 1 3 2 3 3 4 1 3 4 2 4 3 3 3 1 1 3 4 1 1 1 2 1 4 1 3 4 1 1 2 1 1 4 1 4 1 4 1 3 4 4 4 1 1 1 4 1 3
218 0.116495 1 2 1 3 4 3 1 3 3 3 3 3 4 1 3 2 1 3 3 3 1 4 2 3 1 3 2 1 1 4 1 2 1 4 4 1 2 3 3 1 1 2 1 2 1 2 1 1 1 3 2 1 3 3 1 3 4 2 2 3 1 3 1 1 3 4 1 1 1 2 1 4 1 3 4 1 1 2 1 3 4 1 4 1 4 1 3 4 4 4 1 1 1 4 1 3
218 0.009720 3 2 3 3 4 3 1 3 3 3 3 3 4 1 3 2 1 3 3 3 1 4 4 3 1 1 1 1 1 4 1 2 1 4 1 3 2 3 3 4 1 2 1 2 1 4 1 3 3 3 2 3 3 4 1 3 4 2 4 3 3 3 1 1 3 4 1 1 1 2 1 4 1 3 4 1 1 2 1 1 4 1 4 1 4 1 3 4 4 4 1 1 1 4 1 3
218 0.116495 3 2 3 3 4 3 1 3 3 3 3 3 4 1 3 2 1 3 3 3 1 4 2 3 1 3 2 1 1 4 1 2 1 4 1 1 2 3 3 4 1 2 1 2 1 4 1 3 1 3 2 3 3 4 1 3 4 2 4 3 3 3 1 1 3 4 1 1 1 2 1 4 1 3 4 1 1 2 1 1 4 1 4 1 4 1 3 4 4 4 1 1 1 4 1 3
218 0.009720 3 2 3 1 4 3 1 3 3 3 3 3 4 1 3 2 2 1 3 3 1 4 2 3 1 3 2 1 1 4 1 2 1 4 4 1 2 3 3 4 1 2 1 2 1 4 1 3 1 3 2 3 3 4 1 3 4 2 4 3 3 3 1 1 3 4 1 1 1 2 1 4 1 3 4 1 1 2 1 1 4 1 4 1 4 1 3 4 4 4 1 1 1 4 1 3
218 0.116495 3 2 3 3 4 3 1 3 3 3 3 3 4 1 3 2 1 3 3 3 1 4 2 3 1 3 2 1 1 4 1 2 3 4 4 1 2 3 3 4 3 2 1 2 1 4 1 3 1 3 2 3 3 4 1 3 4 4 4 3 3 3 1 1 3 4 1 1 1 2 1 4 1 3 4 1 1 2 1 1 4 3 4 1 4 1 3 4 4 4 1 1 1 4 1 3
218 0.009720 3 2 3 1 4 3 1 3 3 3 3 3 4 1 3 2 2 1 3 3 1 4 2 3 1 3 2 1 1 4 1 2 1 4 4 1 2 3 3 4 1 2 1 2 1 4 1 3 1 3 2 3 3 4 1 3 4 2 4 3 3 3 1 1 3 4 1 1 1 2 1 4 1 3 4 1 1 2 1 1 4 1 4 1 4 1 3 4 4 4 1 3 1 4 1 3
218 0.116495 3 2 3 3 4 3 1 3 3 3 3 3 4 1 3 2 1 3 3 3 1 4 2 3 1 3 2 1 1 4 1 2 1 4 4 1 2 3 3 4 3 2 1 2 1 4 1 3 1 3 2 3 3 4 1 3 4 2 4 3 3 3 1 1 3 4 1 1 1 2 1 4 1 3 4 1 1 2 1 1 4 1 4 1 4 1 3 4 4 4 1 1 1 4 1 3
218 0.116495 3 2 3 3 4 3 1 3 3 3 3 3 4 1 3 2 1 3 1 3 1 4 2 3 1 3 2 1 1 4 3 2 1 4 4 1 2 3 3 4 1 2 1 2 1 4 1 3 1 3 2 3 3 4 1 3 4 2 4 3 3 3 1 1 3 4 1 1 1 2 1 4 1 3 4 1 1 2 1 1 4 1 4 1 4 1 3 4 2 4 1 1 1 4 1 3
218 0.116495 3 2 3 1 4 3 1 3 3 3 3 3 4 1 3 2 1 3 3 3 1 4 4 3 1 3 2 1 1 4 1 2 1 3 1 1 2 3 3 4 1 2 3 2 1 4 1 3 1 3 2 3 3 4 1 3 4 2 4 3 3 3 1 1 3 4 1 1 1 2 1 4 1 3 4 1 1 2 1 1 4 1 4 1 4 3 3 4 4 4 1 1 3 4 1 3
218 0.009720 3 2 3 1 4 3 1 3 3 3 3 3 4 1 3 2 2 1 3 3 1 4 2 3 1 3 2 1 1 4 1 2 1 4 4 1 2 0 3 4 1 2 1 2 1 4 1 3 1 3 2 3 1 4 1 3 4 2 4 3 3 3 1 1 3 4 1 1 1 2 1 4 1 3 4 1 1 2 1 1 4 1 4 1 4 1 3 4 4 4 1 1 1 4 1 3
218 0.009720 3 2 3 1 4 3 1 3 3 3 3 3 4 1 3 2 2 1 3 3 1 4 2 3 1 3 2 1 1 4 1 2 1 4 4 1 2 3 3 4 1 2 1 2 1 4 1 3 1 3 2 3 3 4 1 3 4 2 4 3 3 3 1 1 3 4 1 1 1 2 1 4 1 3 4 1 1 2 1 1 4 1 4 1 4 1 3 4 4 4 1 1 1 2 3 3
218 0.009720 3 2 3 3 4 3 1 3 3 3 3 3 4 1 3 2 1 3 3 3 1 4 4 3 1 3 2 1 1 4 1 2 1 4 1 1 2 3 3 4 1 2 1 2 1 4 1 3 1 3 2 3 3 4 1 3 4 2 4 3 3 3 1 1 3 4 1 1 1 2 1 4 1 3 4 1 1 2 1 1 4 1 4 1 4 1 3 4 4 4 1 1 1 4 1 3
218 0.116495 3 2 3 1 4 3 1 3 3 3 3 3 4 1 3 2 1 3 3 3 1 4 4 3 1 3 2 1 1 4 1 2 1 3 1 1 2 3 3 4 1 2 3 2 1 4 1 3 1 3 2 3 3 4 1 3 4 2 4 3 3 3 1 1 3 4 1 1 1 2 1 4 1 3 4 1 1 2 1 1 4 1 4 1 4 3 3 4 4 4 1 1 1 4 1 3
218 0.116495 3 2 3 3 4 3 1 1 3 3 3 3 4 1 3 4 2 1 3 3 1 2 2 1 1 3 2 1 1 3 1 4 1 4 4 1 2 3 3 4 1 4 1 2 1 4 1 3 1 3 2 3 3 4 3 3 4 2 4 3 3 0 0 0 0 0 0 0 0 0 0 0 0 0 0 0 0 0 0 1 4 1 4 1 4 1 3 4 4 4 3 1 1 4 1 3
218 0.009720 3 2 3 3 4 1 1 3 3 3 3 3 4 1 3 2 2 1 3 3 1 4 2 3 1 3 2 1 1 4 1 2 1 4 4 1 2 3 3 4 1 2 1 2 1 4 1 3 1 3 2 3 3 4 1 3 4 2 4 3 3 3 1 1 3 4 1 1 1 2 1 4 1 3 4 1 1 2 1 1 4 1 4 1 4 1 3 4 4 4 1 1 1 4 1 3
219 0.117464 1 2 1 3 4 3 1 3 3 3 3 3 4 1 3 2 1 3 3 3 1 4 2 3 1 3 2 1 1 4 1 2 1 4 4 1 2 3 3 1 1 2 1 2 1 2 1 1 1 3 2 1 3 3 1 3 4 2 2 3 1 3 1 1 3 4 1 1 1 2 1 4 1 3 4 1 1 2 1 3 4 1 4 1 4 1 3 4 4 4 1 1 1 4 1 3
219 0.008612 3 2 3 3 4 3 1 3 3 3 3 3 4 1 3 2 1 3 3 3 1 4 4 3 1 1 1 1 1 4 1 2 1 4 1 3 2 3 3 4 1 2 1 2 1 4 1 3 3 3 2 3 3 4 1 3 4 2 4 3 3 3 1 1 3 4 1 1 1 2 1 4 1 3 4 1 1 2 1 1 4 1 4 1 4 1 3 4 4 4 1 1 1 4 1 3
219 0.117464 3 2 3 3 4 3 1 3 3 3 3 3 4 1 3 2 1 3 3 3 1 4 2 3 1 3 2 1 1 4 1 2 1 4 1 1 2 3 3 4 1 2 1 2 1 4 1 3 1 3 2 3 3 4 1 3 4 2 4 3 3 3 1 1 3 4 1 1 1 2 1 4 1 3 4 1 1 2 1 1 4 1 4 1 4 1 3 4 4 4 1 1 1 4 1 3
219 0.008612 3 2 3 1 4 3 1 3 3 3 3 3 4 1 3 2 2 1 3 3 1 4 2 3 1 3 2 1 1 4 1 2 1 4 4 1 2 3 3 4 1 2 1 2 1 4 1 3 1 3 2 3 3 4 1 3 4 2 4 3 3 3 1 1 3 4 1 1 1 2 1 4 1 3 4 1 1 2 1 1 4 1 4 1 4 1 3 4 4 4 1 1 1 4 1 3
219 0.117464 3 2 3 3 4 3 1 3 3 3 3 3 4 1 3 2 1 3 3 3 1 4 2 3 1 3 2 1 1 4 1 2 3 4 4 1 2 3 3 4 3 2 1 2 1 4 1 3 1 3 2 3 3 4 1 3 4 4 4 3 3 3 1 1 3 4 1 1 1 2 1 4 1 3 4 1 1 2 1 1 4 3 4 1 4 1 3 4 4 4 1 1 1 4 1 3
219 0.008612 3 2 3 1 4 3 1 3 3 3 3 3 4 1 3 2 2 1 3 3 1 4 2 3 1 3 2 1 1 4 1 2 1 4 4 1 2 3 3 4 1 2 1 2 1 4 1 3 1 3 2 3 3 4 1 3 4 2 4 3 3 3 1 1 3 4 1 1 1 2 1 4 1 3 4 1 1 2 1 1 4 1 4 1 4 1 3 4 4 4 1 3 1 4 1 3
219 0.117464 3 2 3 3 4 3 1 3 3 3 3 3 4 1 3 2 1 3 3 3 1 4 2 3 1 3 2 1 1 4 1 2 1 4 4 1 2 3 3 4 3 2 1 2 1 4 1 3 1 3 2 3 3 4 1 3 4 2 4 3 3 3 1 1 3 4 1 1 1 2 1 4 1 3 4 1 1 2 1 1 4 1 4 1 4 1 3 4 4 4 1 1 1 4 1 3
219 0.117464 3 2 3 3 4 3 1 3 3 3 3 3 4 1 3 2 1 3 1 3 1 4 2 3 1 3 2 1 1 4 3 2 1 4 4 1 2 3 3 4 1 2 1 2 1 4 1 3 1 3 2 3 3 4 1 3 4 2 4 3 3 3 1 1 3 4 1 1 1 2 1 4 1 3 4 1 1 2 1 1 4 1 4 1 4 1 3 4 2 4 1 1 1 4 1 3
219 0.117464 3 2 3 1 4 3 1 3 3 3 3 3 4 1 3 2 1 3 3 3 1 4 4 3 1 3 2 1 1 4 1 2 1 3 1 1 2 3 3 4 1 2 3 2 1 4 1 3 1 3 2 3 3 4 1 3 4 2 4 3 3 3 1 1 3 4 1 1 1 2 1 4 1 3 4 1 1 2 1 1 4 1 4 1 4 3 3 4 4 4 1 1 3 4 1 3
219 0.008612 3 2 3 1 4 3 1 3 3 3 3 3 4 1 3 2 2 1 3 3 1 4 2 3 1 3 2 1 1 4 1 2 1 4 4 1 2 0 3 4 1 2 1 2 1 4 1 3 1 3 2 3 1 4 1 3 4 2 4 3 3 3 1 1 3 4 1 1 1 2 1 4 1 3 4 1 1 2 1 1 4 1 4 1 4 1 3 4 4 4 1 1 1 4 1 3
219 0.008612 3 2 3 1 4 3 1 3 3 3 3 3 4 1 3 2 2 1 3 3 1 4 2 3 1 3 2 1 1 4 1 2 1 4 4 1 2 3 3 4 1 2 1 2 1 4 1 3 1 3 2 3 3 4 1 3 4 2 4 3 3 3 1 1 3 4 1 1 1 2 1 4 1 3 4 1 1 2 1 1 4 1 4 1 4 1 3 4 4 4 1 1 1 2 3 3
219 0.008612 3 2 3 3 4 3 1 3 3 3 3 3 4 1 3 2 1 3 3 3 1 4 4 3 1 3 2 1 1 4 1 2 1 4 1 1 2 3 3 4 1 2 1 2 1 4 1 3 1 3 2 3 3 4 1 3 4 2 4 3 3 3 1 1 3 4 1 1 1 2 1 4 1 3 4 1 1 2 1 1 4 1 4 1 4 1 3 4 4 4 1 1 1 4 1 3
219 0.117464 3 2 3 1 4 3 1 3 3 3 3 3 4 1 3 2 1 3 3 3 1 4 4 3 1 3 2 1 1 4 1 2 1 3 1 1 2 3 3 4 1 2 3 2 1 4 1 3 1 3 2 3 3 4 1 3 4 2 4 3 3 3 1 1 3 4 1 1 1 2 1 4 1 3 4 1 1 2 1 1 4 1 4 1 4 3 3 4 4 4 1 1 1 4 1 3
219 0.117464 3 2 3 3 4 3 1 1 3 3 3 3 4 1 3 4 2 1 3 3 1 2 2 1 1 3 2 1 1 3 1 4 1 4 4 1 2 3 3 4 1 4 1 2 1 4 1 3 1 3 2 3 3 4 3 3 4 2 4 3 3 0 0 0 0 0 0 0 0 0 0 0 0 0 0 0 0 0 0 1 4 1 4 1 4 1 3 4 4 4 3 1 1 4 1 3
219 0.008612 3 2 3 3 4 1 1 3 3 3 3 3 4 1 3 2 2 1 3 3 1 4 2 3 1 3 2 1 1 4 1 2 1 4 4 1 2 3 3 4 1 2 1 2 1 4 1 3 1 3 2 3 3 4 1 3 4 2 4 3 3 3 1 1 3 4 1 1 1 2 1 4 1 3 4 1 1 2 1 1 4 1 4 1 4 1 3 4 4 4 1 1 1 4 1 3
220 0.118340 1 2 1 3 4 3 1 3 3 3 3 3 4 1 3 2 1 3 3 3 1 4 2 3 1 3 2 1 1 4 1 2 1 4 4 1 2 3 3 1 1 2 1 2 1 2 1 1 1 3 2 1 3 3 1 3 4 2 2 3 1 3 1 1 3 4 1 1 1 2 1 4 1 3 4 1 1 2 1 3 4 1 4 1 4 1 3 4 4 4 1 1 1 4 1 3
220 0.007612 3 2 3 3 4 3 1 3 3 3 3 3 4 1 3 2 1 3 3 3 1 4 4 3 1 1 1 1 1 4 1 2 1 4 1 3 2 3 3 4 1 2 1 2 1 4 1 3 3 3 2 3 3 4 1 3 4 2 4 3 3 3 1 1 3 4 1 1 1 2 1 4 1 3 4 1 1 2 1 1 4 1 4 1 4 1 3 4 4 4 1 1 1 4 1 3
220 0.118340 3 2 3 3 4 3 1 3 3 3 3 3 4 1 3 2 1 3 3 3 1 4 2 3 1 3 2 1 1 4 1 2 1 4 1 1 2 3 3 4 1 2 1 2 1 4 1 3 1 3 2 3 3 4 1 3 4 2 4 3 3 3 1 1 3 4 1 1 1 2 1 4 1 3 4 1 1 2 1 1 4 1 4 1 4 1 3 4 4 4 1 1 1 4 1 3
220 0.007612 3 2 3 1 4 3 1 3 3 3 3 3 4 1 3 2 2 1 3 3 1 4 2 3 1 3 2 1 1 4 1 2 1 4 4 1 2 3 3 4 1 2 1 2 1 4 1 3 1 3 2 3 3 4 1 3 4 2 4 3 3 3 1 1 3 4 1 1 1 2 1 4 1 3 4 1 1 2 1 1 4 1 4 1 4 1 3 4 4 4 1 1 1 4 1 3
220 0.118340 3 2 3 3 4 3 1 3 3 3 3 3 4 1 3 2 1 3 3 3 1 4 2 3 1 3 2 1 1 4 1 2 3 4 4 1 2 3 3 4 3 2 1 2 1 4 1 3 1 3 2 3 3 4 1 3 4 4 4 3 3 3 1 1 3 4 1 1 1 2 1 4 1 3 4 1 1 2 1 1 4 3 4 1 4 1 3 4 4 4 1 1 1 4 1 3
220 0.007612 3 2 3 1 4 3 1 3 3 3 3 3 4 1 3 2 2 1 3 3 1 4 2 3 1 3 2 1 1 4 1 2 1 4 4 1 2 3 3 4 1 2 1 2 1 4 1 3 1 3 2 3 3 4 1 3 4 2 4 3 3 3 1 1 3 4 1 1 1 2 1 4 1 3 4 1 1 2 1 1 4 1 4 1 4 1 3 4 4 4 1 3 1 4 1 3
220 0.118340 3 2 3 3 4 3 1 3 3 3 3 3 4 1 3 2 1 3 3 3 1 4 2 3 1 3 2 1 1 4 1 2 1 4 4 1 2 3 3 4 3 2 1 2 1 4 1 3 1 3 2 3 3 4 1 3 4 2 4 3 3 3 1 1 3 4 1 1 1 2 1 4 1 3 4 1 1 2 1 1 4 1 4 1 4 1 3 4 4 4 1 1 1 4 1 3
220 0.118340 3 2 3 3 4 3 1 3 3 3 3 3 4 1 3 2 1 3 1 3 1 4 2 3 1 3 2 1 1 4 3 2 1 4 4 1 2 3 3 4 1 2 1 2 1 4 1 3 1 3 2 3 3 4 1 3 4 2 4 3 3 3 1 1 3 4 1 1 1 2 1 4 1 3 4 1 1 2 1 1 4 1 4 1 4 1 3 4 2 4 1 1 1 4 1 3
220 0.118340 3 2 3 1 4 3 1 3 3 3 3 3 4 1 3 2 1 3 3 3 1 4 4 3 1 3 2 1 1 4 1 2 1 3 1 1 2 3 3 4 1 2 3 2 1 4 1 3 1 3 2 3 3 4 1 3 4 2 4 3 3 3 1 1 3 4 1 1 1 2 1 4 1 3 4 1 1 2 1 1 4 1 4 1 4 3 3 4 4 4 1 1 3 4 1 3
220 0.007612 3 2 3 1 4 3 1 3 3 3 3 3 4 1 3 2 2 1 3 3 1 4 2 3 1 3 2 1 1 4 1 2 1 4 4 1 2 0 3 4 1 2 1 2 1 4 1 3 1 3 2 3 1 4 1 3 4 2 4 3 3 3 1 1 3 4 1 1 1 2 1 4 1 3 4 1 1 2 1 1 4 1 4 1 4 1 3 4 4 4 1 1 1 4 1 3
220 0.007612 3 2 3 1 4 3 1 3 3 3 3 3 4 1 3 2 2 1 3 3 1 4 2 3 1 3 2 1 1 4 1 2 1 4 4 1 2 3 3 4 1 2 1 2 1 4 1 3 1 3 2 3 3 4 1 3 4 2 4 3 3 3 1 1 3 4 1 1 1 2 1 4 1 3 4 1 1 2 1 1 4 1 4 1 4 1 3 4 4 4 1 1 1 2 3 3
220 0.007612 3 2 3 3 4 3 1 3 3 3 3 3 4 1 3 2 1 3 3 3 1 4 4 3 1 3 2 1 1 4 1 2 1 4 1 1 2 3 3 4 1 2 1 2 1 4 1 3 1 3 2 3 3 4 1 3 4 2 4 3 3 3 1 1 3 4 1 1 1 2 1 4 1 3 4 1 1 2 1 1 4 1 4 1 4 1 3 4 4 4 1 1 1 4 1 3
220 0.118340 3 2 3 1 4 3 1 3 3 3 3 3 4 1 3 2 1 3 3 3 1 4 4 3 1 3 2 1 1 4 1 2 1 3 1 1 2 3 3 4 1 2 3 2 1 4 1 3 1 3 2 3 3 4 1 3 4 2 4 3 3 3 1 1 3 4 1 1 1 2 1 4 1 3 4 1 1 2 1 1 4 1 4 1 4 3 3 4 4 4 1 1 1 4 1 3
220 0.118340 3 2 3 3 4 3 1 1 3 3 3 3 4 1 3 4 2 1 3 3 1 2 2 1 1 3 2 1 1 3 1 4 1 4 4 1 2 3 3 4 1 4 1 2 1 4 1 3 1 3 2 3 3 4 3 3 4 2 4 3 3 0 0 0 0 0 0 0 0 0 0 0 0 0 0 0 0 0 0 1 4 1 4 1 4 1 3 4 4 4 3 1 1 4 1 3
220 0.007612 3 2 3 3 4 1 1 3 3 3 3 3 4 1 3 2 2 1 3 3 1 4 2 3 1 3 2 1 1 4 1 2 1 4 4 1 2 3 3 4 1 2 1 2 1 4 1 3 1 3 2 3 3 4 1 3 4 2 4 3 3 3 1 1 3 4 1 1 1 2 1 4 1 3 4 1 1 2 1 1 4 1 4 1 4 1 3 4 4 4 1 1 1 4 1 3
221 0.119129 1 2 1 3 4 3 1 3 3 3 3 3 4 1 3 2 1 3 3 3 1 4 2 3 1 3 2 1 1 4 1 2 1 4 4 1 2 3 3 1 1 2 1 2 1 2 1 1 1 3 2 1 3 3 1 3 4 2 2 3 1 3 1 1 3 4 1 1 1 2 1 4 1 3 4 1 1 2 1 3 4 1 4 1 4 1 3 4 4 4 1 1 1 4 1 3
221 0.006710 3 2 3 3 4 3 1 3 3 3 3 3 4 1 3 2 1 3 3 3 1 4 4 3 1 1 1 1 1 4 1 2 1 4 1 3 2 3 3 4 1 2 1 2 1 4 1 3 3 3 2 3 3 4 1 3 4 2 4 3 3 3 1 1 3 4 1 1 1 2 1 4 1 3 4 1 1 2 1 1 4 1 4 1 4 1 3 4 4 4 1 1 1 4 1 3
221 0.119129 3 2 3 3 4 3 1 3 3 3 3 3 4 1 3 2 1 3 3 3 1 4 2 3 1 3 2 1 1 4 1 2 1 4 1 1 2 3 3 4 1 2 1 2 1 4 1 3 1 3 2 3 3 4 1 3 4 2 4 3 3 3 1 1 3 4 1 1 1 2 1 4 1 3 4 1 1 2 1 1 4 1 4 1 4 1 3 4 4 4 1 1 1 4 1 3
221 0.006710 3 2 3 1 4 3 1 3 3 3 3 3 4 1 3 2 2 1 3 3 1 4 2 3 1 3 2 1 1 4 1 2 1 4 4 1 2 3 3 4 1 2 1 2 1 4 1 3 1 3 2 3 3 4 1 3 4 2 4 3 3 3 1 1 3 4 1 1 1 2 1 4 1 3 4 1 1 2 1 1 4 1 4 1 4 1 3 4 4 4 1 1 1 4 1 3
221 0.119129 3 2 3 3 4 3 1 3 3 3 3 3 4 1 3 2 1 3 3 3 1 4 2 3 1 3 2 1 1 4 1 2 3 4 4 1 2 3 3 4 3 2 1 2 1 4 1 3 1 3 2 3 3 4 1 3 4 4 4 3 3 3 1 1 3 4 1 1 1 2 1 4 1 3 4 1 1 2 1 1 4 3 4 1 4 1 3 4 4 4 1 1 1 4 1 3
221 0.006710 3 2 3 1 4 3 1 3 3 3 3 3 4 1 3 2 2 1 3 3 1 4 2 3 1 3 2 1 1 4 1 2 1 4 4 1 2 3 3 4 1 2 1 2 1 4 1 3 1 3 2 3 3 4 1 3 4 2 4 3 3 3 1 1 3 4 1 1 1 2 1 4 1 3 4 1 1 2 1 1 4 1 4 1 4 1 3 4 4 4 1 3 1 4 1 3
221 0.119129 3 2 3 3 4 3 1 3 3 3 3 3 4 1 3 2 1 3 3 3 1 4 2 3 1 3 2 1 1 4 1 2 1 4 4 1 2 3 3 4 3 2 1 2 1 4 1 3 1 3 2 3 3 4 1 3 4 2 4 3 3 3 1 1 3 4 1 1 1 2 1 4 1 3 4 1 1 2 1 1 4 1 4 1 4 1 3 4 4 4 1 1 1 4 1 3
221 0.119129 3 2 3 3 4 3 1 3 3 3 3 3 4 1 3 2 1 3 1 3 1 4 2 3 1 3 2 1 1 4 3 2 1 4 4 1 2 3 3 4 1 2 1 2 1 4 1 3 1 3 2 3 3 4 1 3 4 2 4 3 3 3 1 1 3 4 1 1 1 2 1 4 1 3 4 1 1 2 1 1 4 1 4 1 4 1 3 4 2 4 1 1 1 4 1 3
221 0.119129 3 2 3 1 4 3 1 3 3 3 3 3 4 1 3 2 1 3 3 3 1 4 4 3 1 3 2 1 1 4 1 2 1 3 1 1 2 3 3 4 1 2 3 2 1 4 1 3 1 3 2 3 3 4 1 3 4 2 4 3 3 3 1 1 3 4 1 1 1 2 1 4 1 3 4 1 1 2 1 1 4 1 4 1 4 3 3 4 4 4 1 1 3 4 1 3
221 0.006710 3 2 3 1 4 3 1 3 3 3 3 3 4 1 3 2 2 1 3 3 1 4 2 3 1 3 2 1 1 4 1 2 1 4 4 1 2 0 3 4 1 2 1 2 1 4 1 3 1 3 2 3 1 4 1 3 4 2 4 3 3 3 1 1 3 4 1 1 1 2 1 4 1 3 4 1 1 2 1 1 4 1 4 1 4 1 3 4 4 4 1 1 1 4 1 3
221 0.006710 3 2 3 1 4 3 1 3 3 3 3 3 4 1 3 2 2 1 3 3 1 4 2 3 1 3 2 1 1 4 1 2 1 4 4 1 2 3 3 4 1 2 1 2 1 4 1 3 1 3 2 3 3 4 1 3 4 2 4 3 3 3 1 1 3 4 1 1 1 2 1 4 1 3 4 1 1 2 1 1 4 1 4 1 4 1 3 4 4 4 1 1 1 2 3 3
221 0.006710 3 2 3 3 4 3 1 3 3 3 3 3 4 1 3 2 1 3 3 3 1 4 4 3 1 3 2 1 1 4 1 2 1 4 1 1 2 3 3 4 1 2 1 2 1 4 1 3 1 3 2 3 3 4 1 3 4 2 4 3 3 3 1 1 3 4 1 1 1 2 1 4 1 3 4 1 1 2 1 1 4 1 4 1 4 1 3 4 4 4 1 1 1 4 1 3
221 0.119129 3 2 3 1 4 3 1 3 3 3 3 3 4 1 3 2 1 3 3 3 1 4 4 3 1 3 2 1 1 4 1 2 1 3 1 1 2 3 3 4 1 2 3 2 1 4 1 3 1 3 2 3 3 4 1 3 4 2 4 3 3 3 1 1 3 4 1 1 1 2 1 4 1 3 4 1 1 2 1 1 4 1 4 1 4 3 3 4 4 4 1 1 1 4 1 3
221 0.119129 3 2 3 3 4 3 1 1 3 3 3 3 4 1 3 4 2 1 3 3 1 2 2 1 1 3 2 1 1 3 1 4 1 4 4 1 2 3 3 4 1 4 1 2 1 4 1 3 1 3 2 3 3 4 3 3 4 2 4 3 3 0 0 0 0 0 0 0 0 0 0 0 0 0 0 0 0 0 0 1 4 1 4 1 4 1 3 4 4 4 3 1 1 4 1 3
221 0.006710 3 2 3 3 4 1 1 3 3 3 3 3 4 1 3 2 2 1 3 3 1 4 2 3 1 3 2 1 1 4 1 2 1 4 4 1 2 3 3 4 1 2 1 2 1 4 1 3 1 3 2 3 3 4 1 3 4 2 4 3 3 3 1 1 3 4 1 1 1 2 1 4 1 3 4 1 1 2 1 1 4 1 4 1 4 1 3 4 4 4 1 1 1 4 1 3
222 0.119839 1 2 1 3 4 3 1 3 3 3 3 3 4 1 3 2 1 3 3 3 1 4 2 3 1 3 2 1 1 4 1 2 1 4 4 1 2 3 3 1 1 2 1 2 1 2 1 1 1 3 2 1 3 3 1 3 4 2 2 3 1 3 1 1 3 4 1 1 1 2 1 4 1 3 4 1 1 2 1 3 4 1 4 1 4 1 3 4 4 4 1 1 1 4 1 3
222 0.005898 3 2 3 3 4 3 1 3 3 3 3 3 4 1 3 2 1 3 3 3 1 4 4 3 1 1 1 1 1 4 1 2 1 4 1 3 2 3 3 4 1 2 1 2 1 4 1 3 3 3 2 3 3 4 1 3 4 2 4 3 3 3 1 1 3 4 1 1 1 2 1 4 1 3 4 1 1 2 1 1 4 1 4 1 4 1 3 4 4 4 1 1 1 4 1 3
222 0.119839 3 2 3 3 4 3 1 3 3 3 3 3 4 1 3 2 1 3 3 3 1 4 2 3 1 3 2 1 1 4 1 2 1 4 1 1 2 3 3 4 1 2 1 2 1 4 1 3 1 3 2 3 3 4 1 3 4 2 4 3 3 3 1 1 3 4 1 1 1 2 1 4 1 3 4 1 1 2 1 1 4 1 4 1 4 1 3 4 4 4 1 1 1 4 1 3
222 0.005898 3 2 3 1 4 3 1 3 3 3 3 3 4 1 3 2 2 1 3 3 1 4 2 3 1 3 2 1 1 4 1 2 1 4 4 1 2 3 3 4 1 2 1 2 1 4 1 3 1 3 2 3 3 4 1 3 4 2 4 3 3 3 1 1 3 4 1 1 1 2 1 4 1 3 4 1 1 2 1 1 4 1 4 1 4 1 3 4 4 4 1 1 1 4 1 3
222 0.119839 3 2 3 3 4 3 1 3 3 3 3 3 4 1 3 2 1 3 3 3 1 4 2 3 1 3 2 1 1 4 1 2 3 4 4 1 2 3 3 4 3 2 1 2 1 4 1 3 1 3 2 3 3 4 1 3 4 4 4 3 3 3 1 1 3 4 1 1 1 2 1 4 1 3 4 1 1 2 1 1 4 3 4 1 4 1 3 4 4 4 1 1 1 4 1 3
222 0.005898 3 2 3 1 4 3 1 3 3 3 3 3 4 1 3 2 2 1 3 3 1 4 2 3 1 3 2 1 1 4 1 2 1 4 4 1 2 3 3 4 1 2 1 2 1 4 1 3 1 3 2 3 3 4 1 3 4 2 4 3 3 3 1 1 3 4 1 1 1 2 1 4 1 3 4 1 1 2 1 1 4 1 4 1 4 1 3 4 4 4 1 3 1 4 1 3
222 0.119839 3 2 3 3 4 3 1 3 3 3 3 3 4 1 3 2 1 3 3 3 1 4 2 3 1 3 2 1 1 4 1 2 1 4 4 1 2 3 3 4 3 2 1 2 1 4 1 3 1 3 2 3 3 4 1 3 4 2 4 3 3 3 1 1 3 4 1 1 1 2 1 4 1 3 4 1 1 2 1 1 4 1 4 1 4 1 3 4 4 4 1 1 1 4 1 3
222 0.119839 3 2 3 3 4 3 1 3 3 3 3 3 4 1 3 2 1 3 1 3 1 4 2 3 1 3 2 1 1 4 3 2 1 4 4 1 2 3 3 4 1 2 1 2 1 4 1 3 1 3 2 3 3 4 1 3 4 2 4 3 3 3 1 1 3 4 1 1 1 2 1 4 1 3 4 1 1 2 1 1 4 1 4 1 4 1 3 4 2 4 1 1 1 4 1 3
222 0.119839 3 2 3 1 4 3 1 3 3 3 3 3 4 1 3 2 1 3 3 3 1 4 4 3 1 3 2 1 1 4 1 2 1 3 1 1 2 3 3 4 1 2 3 2 1 4 1 3 1 3 2 3 3 4 1 3 4 2 4 3 3 3 1 1 3 4 1 1 1 2 1 4 1 3 4 1 1 2 1 1 4 1 4 1 4 3 3 4 4 4 1 1 3 4 1 3
222 0.005898 3 2 3 1 4 3 1 3 3 3 3 3 4 1 3 2 2 1 3 3 1 4 2 3 1 3 2 1 1 4 1 2 1 4 4 1 2 0 3 4 1 2 1 2 1 4 1 3 1 3 2 3 1 4 1 3 4 2 4 3 3 3 1 1 3 4 1 1 1 2 1 4 1 3 4 1 1 2 1 1 4 1 4 1 4 1 3 4 4 4 1 1 1 4 1 3
222 0.005898 3 2 3 1 4 3 1 3 3 3 3 3 4 1 3 2 2 1 3 3 1 4 2 3 1 3 2 1 1 4 1 2 1 4 4 1 2 3 3 4 1 2 1 2 1 4 1 3 1 3 2 3 3 4 1 3 4 2 4 3 3 3 1 1 3 4 1 1 1 2 1 4 1 3 4 1 1 2 1 1 4 1 4 1 4 1 3 4 4 4 1 1 1 2 3 3
222 0.005898 3 2 3 3 4 3 1 3 3 3 3 3 4 1 3 2 1 3 3 3 1 4 4 3 1 3 2 1 1 4 1 2 1 4 1 1 2 3 3 4 1 2 1 2 1 4 1 3 1 3 2 3 3 4 1 3 4 2 4 3 3 3 1 1 3 4 1 1 1 2 1 4 1 3 4 1 1 2 1 1 4 1 4 1 4 1 3 4 4 4 1 1 1 4 1 3
222 0.119839 3 2 3 1 4 3 1 3 3 3 3 3 4 1 3 2 1 3 3 3 1 4 4 3 1 3 2 1 1 4 1 2 1 3 1 1 2 3 3 4 1 2 3 2 1 4 1 3 1 3 2 3 3 4 1 3 4 2 4 3 3 3 1 1 3 4 1 1 1 2 1 4 1 3 4 1 1 2 1 1 4 1 4 1 4 3 3 4 4 4 1 1 1 4 1 3
222 0.119839 3 2 3 3 4 3 1 1 3 3 3 3 4 1 3 4 2 1 3 3 1 2 2 1 1 3 2 1 1 3 1 4 1 4 4 1 2 3 3 4 1 4 1 2 1 4 1 3 1 3 2 3 3 4 3 3 4 2 4 3 3 0 0 0 0 0 0 0 0 0 0 0 0 0 0 0 0 0 0 1 4 1 4 1 4 1 3 4 4 4 3 1 1 4 1 3
222 0.005898 3 2 3 3 4 1 1 3 3 3 3 3 4 1 3 2 2 1 3 3 1 4 2 3 1 3 2 1 1 4 1 2 1 4 4 1 2 3 3 4 1 2 1 2 1 4 1 3 1 3 2 3 3 4 1 3 4 2 4 3 3 3 1 1 3 4 1 1 1 2 1 4 1 3 4 1 1 2 1 1 4 1 4 1 4 1 3 4 4 4 1 1 1 4 1 3
223 0.120478 1 2 1 3 4 3 1 3 3 3 3 3 4 1 3 2 1 3 3 3 1 4 2 3 1 3 2 1 1 4 1 2 1 4 4 1 2 3 3 1 1 2 1 2 1 2 1 1 1 3 2 1 3 3 1 3 4 2 2 3 1 3 1 1 3 4 1 1 1 2 1 4 1 3 4 1 1 2 1 3 4 1 4 1 4 1 3 4 4 4 1 1 1 4 1 3
223 0.005168 3 2 3 3 4 3 1 3 3 3 3 3 4 1 3 2 1 3 3 3 1 4 4 3 1 1 1 1 1 4 1 2 1 4 1 3 2 3 3 4 1 2 1 2 1 4 1 3 3 3 2 3 3 4 1 3 4 2 4 3 3 3 1 1 3 4 1 1 1 2 1 4 1 3 4 1 1 2 1 1 4 1 4 1 4 1 3 4 4 4 1 1 1 4 1 3
223 0.120478 3 2 3 3 4 3 1 3 3 3 3 3 4 1 3 2 1 3 3 3 1 4 2 3 1 3 2 1 1 4 1 2 1 4 1 1 2 3 3 4 1 2 1 2 1 4 1 3 1 3 2 3 3 4 1 3 4 2 4 3 3 3 1 1 3 4 1 1 1 2 1 4 1 3 4 1 1 2 1 1 4 1 4 1 4 1 3 4 4 4 1 1 1 4 1 3
223 0.005168 3 2 3 1 4 3 1 3 3 3 3 3 4 1 3 2 2 1 3 3 1 4 2 3 1 3 2 1 1 4 1 2 1 4 4 1 2 3 3 4 1 2 1 2 1 4 1 3 1 3 2 3 3 4 1 3 4 2 4 3 3 3 1 1 3 4 1 1 1 2 1 4 1 3 4 1 1 2 1 1 4 1 4 1 4 1 3 4 4 4 1 1 1 4 1 3
223 0.120478 3 2 3 3 4 3 1 3 3 3 3 3 4 1 3 2 1 3 3 3 1 4 2 3 1 3 2 1 1 4 1 2 3 4 4 1 2 3 3 4 3 2 1 2 1 4 1 3 1 3 2 3 3 4 1 3 4 4 4 3 3 3 1 1 3 4 1 1 1 2 1 4 1 3 4 1 1 2 1 1 4 3 4 1 4 1 3 4 4 4 1 1 1 4 1 3
223 0.005168 3 2 3 1 4 3 1 3 3 3 3 3 4 1 3 2 2 1 3 3 1 4 2 3 1 3 2 1 1 4 1 2 1 4 4 1 2 3 3 4 1 2 1 2 1 4 1 3 1 3 2 3 3 4 1 3 4 2 4 3 3 3 1 1 3 4 1 1 1 2 1 4 1 3 4 1 1 2 1 1 4 1 4 1 4 1 3 4 4 4 1 3 1 4 1 3
223 0.120478 3 2 3 3 4 3 1 3 3 3 3 3 4 1 3 2 1 3 3 3 1 4 2 3 1 3 2 1 1 4 1 2 1 4 4 1 2 3 3 4 3 2 1 2 1 4 1 3 1 3 2 3 3 4 1 3 4 2 4 3 3 3 1 1 3 4 1 1 1 2 1 4 1 3 4 1 1 2 1 1 4 1 4 1 4 1 3 4 4 4 1 1 1 4 1 3
223 0.120478 3 2 3 3 4 3 1 3 3 3 3 3 4 1 3 2 1 3 1 3 1 4 2 3 1 3 2 1 1 4 3 2 1 4 4 1 2 3 3 4 1 2 1 2 1 4 1 3 1 3 2 3 3 4 1 3 4 2 4 3 3 3 1 1 3 4 1 1 1 2 1 4 1 3 4 1 1 2 1 1 4 1 4 1 4 1 3 4 2 4 1 1 1 4 1 3
223 0.120478 3 2 3 1 4 3 1 3 3 3 3 3 4 1 3 2 1 3 3 3 1 4 4 3 1 3 2 1 1 4 1 2 1 3 1 1 2 3 3 4 1 2 3 2 1 4 1 3 1 3 2 3 3 4 1 3 4 2 4 3 3 3 1 1 3 4 1 1 1 2 1 4 1 3 4 1 1 2 1 1 4 1 4 1 4 3 3 4 4 4 1 1 3 4 1 3
223 0.005168 3 2 3 1 4 3 1 3 3 3 3 3 4 1 3 2 2 1 3 3 1 4 2 3 1 3 2 1 1 4 1 2 1 4 4 1 2 0 3 4 1 2 1 2 1 4 1 3 1 3 2 3 1 4 1 3 4 2 4 3 3 3 1 1 3 4 1 1 1 2 1 4 1 3 4 1 1 2 1 1 4 1 4 1 4 1 3 4 4 4 1 1 1 4 1 3
223 0.005168 3 2 3 1 4 3 1 3 3 3 3 3 4 1 3 2 2 1 3 3 1 4 2 3 1 3 2 1 1 4 1 2 1 4 4 1 2 3 3 4 1 2 1 2 1 4 1 3 1 3 2 3 3 4 1 3 4 2 4 3 3 3 1 1 3 4 1 1 1 2 1 4 1 3 4 1 1 2 1 1 4 1 4 1 4 1 3 4 4 4 1 1 1 2 3 3
223 0.005168 3 2 3 3 4 3 1 3 3 3 3 3 4 1 3 2 1 3 3 3 1 4 4 3 1 3 2 1 1 4 1 2 1 4 1 1 2 3 3 4 1 2 1 2 1 4 1 3 1 3 2 3 3 4 1 3 4 2 4 3 3 3 1 1 3 4 1 1 1 2 1 4 1 3 4 1 1 2 1 1 4 1 4 1 4 1 3 4 4 4 1 1 1 4 1 3
223 0.120478 3 2 3 1 4 3 1 3 3 3 3 3 4 1 3 2 1 3 3 3 1 4 4 3 1 3 2 1 1 4 1 2 1 3 1 1 2 3 3 4 1 2 3 2 1 4 1 3 1 3 2 3 3 4 1 3 4 2 4 3 3 3 1 1 3 4 1 1 1 2 1 4 1 3 4 1 1 2 1 1 4 1 4 1 4 3 3 4 4 4 1 1 1 4 1 3
223 0.120478 3 2 3 3 4 3 1 1 3 3 3 3 4 1 3 4 2 1 3 3 1 2 2 1 1 3 2 1 1 3 1 4 1 4 4 1 2 3 3 4 1 4 1 2 1 4 1 3 1 3 2 3 3 4 3 3 4 2 4 3 3 0 0 0 0 0 0 0 0 0 0 0 0 0 0 0 0 0 0 1 4 1 4 1 4 1 3 4 4 4 3 1 1 4 1 3
223 0.005168 3 2 3 3 4 1 1 3 3 3 3 3 4 1 3 2 2 1 3 3 1 4 2 3 1 3 2 1 1 4 1 2 1 4 4 1 2 3 3 4 1 2 1 2 1 4 1 3 1 3 2 3 3 4 1 3 4 2 4 3 3 3 1 1 3 4 1 1 1 2 1 4 1 3 4 1 1 2 1 1 4 1 4 1 4 1 3 4 4 4 1 1 1 4 1 3
224 0.121051 1 2 1 3 4 3 1 3 3 3 3 3 4 1 3 2 1 3 3 3 1 4 2 3 1 3 2 1 1 4 1 2 1 4 4 1 2 3 3 1 1 2 1 2 1 2 1 1 1 3 2 1 3 3 1 3 4 2 2 3 1 3 1 1 3 4 1 1 1 2 1 4 1 3 4 1 1 2 1 3 4 1 4 1 4 1 3 4 4 4 1 1 1 4 1 3
224 0.004513 3 2 3 3 4 3 1 3 3 3 3 3 4 1 3 2 1 3 3 3 1 4 4 3 1 1 1 1 1 4 1 2 1 4 1 3 2 3 3 4 1 2 1 2 1 4 1 3 3 3 2 3 3 4 1 3 4 2 4 3 3 3 1 1 3 4 1 1 1 2 1 4 1 3 4 1 1 2 1 1 4 1 4 1 4 1 3 4 4 4 1 1 1 4 1 3
224 0.121051 3 2 3 3 4 3 1 3 3 3 3 3 4 1 3 2 1 3 3 3 1 4 2 3 1 3 2 1 1 4 1 2 1 4 1 1 2 3 3 4 1 2 1 2 1 4 1 3 1 3 2 3 3 4 1 3 4 2 4 3 3 3 1 1 3 4 1 1 1 2 1 4 1 3 4 1 1 2 1 1 4 1 4 1 4 1 3 4 4 4 1 1 1 4 1 3
224 0.004513 3 2 3 1 4 3 1 3 3 3 3 3 4 1 3 2 2 1 3 3 1 4 2 3 1 3 2 1 1 4 1 2 1 4 4 1 2 3 3 4 1 2 1 2 1 4 1 3 1 3 2 3 3 4 1 3 4 2 4 3 3 3 1 1 3 4 1 1 1 2 1 4 1 3 4 1 1 2 1 1 4 1 4 1 4 1 3 4 4 4 1 1 1 4 1 3
224 0.121051 3 2 3 3 4 3 1 3 3 3 3 3 4 1 3 2 1 3 3 3 1 4 2 3 1 3 2 1 1 4 1 2 3 4 4 1 2 3 3 4 3 2 1 2 1 4 1 3 1 3 2 3 3 4 1 3 4 4 4 3 3 3 1 1 3 4 1 1 1 2 1 4 1 3 4 1 1 2 1 1 4 3 4 1 4 1 3 4 4 4 1 1 1 4 1 3
224 0.004513 3 2 3 1 4 3 1 3 3 3 3 3 4 1 3 2 2 1 3 3 1 4 2 3 1 3 2 1 1 4 1 2 1 4 4 1 2 3 3 4 1 2 1 2 1 4 1 3 1 3 2 3 3 4 1 3 4 2 4 3 3 3 1 1 3 4 1 1 1 2 1 4 1 3 4 1 1 2 1 1 4 1 4 1 4 1 3 4 4 4 1 3 1 4 1 3
224 0.121051 3 2 3 3 4 3 1 3 3 3 3 3 4 1 3 2 1 3 3 3 1 4 2 3 1 3 2 1 1 4 1 2 1 4 4 1 2 3 3 4 3 2 1 2 1 4 1 3 1 3 2 3 3 4 1 3 4 2 4 3 3 3 1 1 3 4 1 1 1 2 1 4 1 3 4 1 1 2 1 1 4 1 4 1 4 1 3 4 4 4 1 1 1 4 1 3
224 0.121051 3 2 3 3 4 3 1 3 3 3 3 3 4 1 3 2 1 3 1 3 1 4 2 3 1 3 2 1 1 4 3 2 1 4 4 1 2 3 3 4 1 2 1 2 1 4 1 3 1 3 2 3 3 4 1 3 4 2 4 3 3 3 1 1 3 4 1 1 1 2 1 4 1 3 4 1 1 2 1 1 4 1 4 1 4 1 3 4 2 4 1 1 1 4 1 3
224 0.121051 3 2 3 1 4 3 1 3 3 3 3 3 4 1 3 2 1 3 3 3 1 4 4 3 1 3 2 1 1 4 1 2 1 3 1 1 2 3 3 4 1 2 3 2 1 4 1 3 1 3 2 3 3 4 1 3 4 2 4 3 3 3 1 1 3 4 1 1 1 2 1 4 1 3 4 1 1 2 1 1 4 1 4 1 4 3 3 4 4 4 1 1 3 4 1 3
224 0.004513 3 2 3 1 4 3 1 3 3 3 3 3 4 1 3 2 2 1 3 3 1 4 2 3 1 3 2 1 1 4 1 2 1 4 4 1 2 0 3 4 1 2 1 2 1 4 1 3 1 3 2 3 1 4 1 3 4 2 4 3 3 3 1 1 3 4 1 1 1 2 1 4 1 3 4 1 1 2 1 1 4 1 4 1 4 1 3 4 4 4 1 1 1 4 1 3
224 0.004513 3 2 3 1 4 3 1 3 3 3 3 3 4 1 3 2 2 1 3 3 1 4 2 3 1 3 2 1 1 4 1 2 1 4 4 1 2 3 3 4 1 2 1 2 1 4 1 3 1 3 2 3 3 4 1 3 4 2 4 3 3 3 1 1 3 4 1 1 1 2 1 4 1 3 4 1 1 2 1 1 4 1 4 1 4 1 3 4 4 4 1 1 1 2 3 3
224 0.004513 3 2 3 3 4 3 1 3 3 3 3 3 4 1 3 2 1 3 3 3 1 4 4 3 1 3 2 1 1 4 1 2 1 4 1 1 2 3 3 4 1 2 1 2 1 4 1 3 1 3 2 3 3 4 1 3 4 2 4 3 3 3 1 1 3 4 1 1 1 2 1 4 1 3 4 1 1 2 1 1 4 1 4 1 4 1 3 4 4 4 1 1 1 4 1 3
224 0.121051 3 2 3 1 4 3 1 3 3 3 3 3 4 1 3 2 1 3 3 3 1 4 4 3 1 3 2 1 1 4 1 2 1 3 1 1 2 3 3 4 1 2 3 2 1 4 1 3 1 3 2 3 3 4 1 3 4 2 4 3 3 3 1 1 3 4 1 1 1 2 1 4 1 3 4 1 1 2 1 1 4 1 4 1 4 3 3 4 4 4 1 1 1 4 1 3
224 0.121051 3 2 3 3 4 3 1 1 3 3 3 3 4 1 3 4 2 1 3 3 1 2 2 1 1 3 2 1 1 3 1 4 1 4 4 1 2 3 3 4 1 4 1 2 1 4 1 3 1 3 2 3 3 4 3 3 4 2 4 3 3 0 0 0 0 0 0 0 0 0 0 0 0 0 0 0 0 0 0 1 4 1 4 1 4 1 3 4 4 4 3 1 1 4 1 3
224 0.004513 3 2 3 3 4 1 1 3 3 3 3 3 4 1 3 2 2 1 3 3 1 4 2 3 1 3 2 1 1 4 1 2 1 4 4 1 2 3 3 4 1 2 1 2 1 4 1 3 1 3 2 3 3 4 1 3 4 2 4 3 3 3 1 1 3 4 1 1 1 2 1 4 1 3 4 1 1 2 1 1 4 1 4 1 4 1 3 4 4 4 1 1 1 4 1 3
225 0.121566 1 2 1 3 4 3 1 3 3 3 3 3 4 1 3 2 1 3 3 3 1 4 2 3 1 3 2 1 1 4 1 2 1 4 4 1 2 3 3 1 1 2 1 2 1 2 1 1 1 3 2 1 3 3 1 3 4 2 2 3 1 3 1 1 3 4 1 1 1 2 1 4 1 3 4 1 1 2 1 3 4 1 4 1 4 1 3 4 4 4 1 1 1 4 1 3
225 0.003925 3 2 3 3 4 3 1 3 3 3 3 3 4 1 3 2 1 3 3 3 1 4 4 3 1 1 1 1 1 4 1 2 1 4 1 3 2 3 3 4 1 2 1 2 1 4 1 3 3 3 2 3 3 4 1 3 4 2 4 3 3 3 1 1 3 4 1 1 1 2 1 4 1 3 4 1 1 2 1 1 4 1 4 1 4 1 3 4 4 4 1 1 1 4 1 3
225 0.121566 3 2 3 3 4 3 1 3 3 3 3 3 4 1 3 2 1 3 3 3 1 4 2 3 1 3 2 1 1 4 1 2 1 4 1 1 2 3 3 4 1 2 1 2 1 4 1 3 1 3 2 3 3 4 1 3 4 2 4 3 3 3 1 1 3 4 1 1 1 2 1 4 1 3 4 1 1 2 1 1 4 1 4 1 4 1 3 4 4 4 1 1 1 4 1 3
225 0.003925 3 2 3 1 4 3 1 3 3 3 3 3 4 1 3 2 2 1 3 3 1 4 2 3 1 3 2 1 1 4 1 2 1 4 4 1 2 3 3 4 1 2 1 2 1 4 1 3 1 3 2 3 3 4 1 3 4 2 4 3 3 3 1 1 3 4 1 1 1 2 1 4 1 3 4 1 1 2 1 1 4 1 4 1 4 1 3 4 4 4 1 1 1 4 1 3
225 0.121566 3 2 3 3 4 3 1 3 3 3 3 3 4 1 3 2 1 3 3 3 1 4 2 3 1 3 2 1 1 4 1 2 3 4 4 1 2 3 3 4 3 2 1 2 1 4 1 3 1 3 2 3 3 4 1 3 4 4 4 3 3 3 1 1 3 4 1 1 1 2 1 4 1 3 4 1 1 2 1 1 4 3 4 1 4 1 3 4 4 4 1 1 1 4 1 3
225 0.003925 3 2 3 1 4 3 1 3 3 3 3 3 4 1 3 2 2 1 3 3 1 4 2 3 1 3 2 1 1 4 1 2 1 4 4 1 2 3 3 4 1 2 1 2 1 4 1 3 1 3 2 3 3 4 1 3 4 2 4 3 3 3 1 1 3 4 1 1 1 2 1 4 1 3 4 1 1 2 1 1 4 1 4 1 4 1 3 4 4 4 1 3 1 4 1 3
225 0.121566 3 2 3 3 4 3 1 3 3 3 3 3 4 1 3 2 1 3 3 3 1 4 2 3 1 3 2 1 1 4 1 2 1 4 4 1 2 3 3 4 3 2 1 2 1 4 1 3 1 3 2 3 3 4 1 3 4 2 4 3 3 3 1 1 3 4 1 1 1 2 1 4 1 3 4 1 1 2 1 1 4 1 4 1 4 1 3 4 4 4 1 1 1 4 1 3
225 0.121566 3 2 3 3 4 3 1 3 3 3 3 3 4 1 3 2 1 3 1 3 1 4 2 3 1 3 2 1 1 4 3 2 1 4 4 1 2 3 3 4 1 2 1 2 1 4 1 3 1 3 2 3 3 4 1 3 4 2 4 3 3 3 1 1 3 4 1 1 1 2 1 4 1 3 4 1 1 2 1 1 4 1 4 1 4 1 3 4 2 4 1 1 1 4 1 3
225 0.121566 3 2 3 1 4 3 1 3 3 3 3 3 4 1 3 2 1 3 3 3 1 4 4 3 1 3 2 1 1 4 1 2 1 3 1 1 2 3 3 4 1 2 3 2 1 4 1 3 1 3 2 3 3 4 1 3 4 2 4 3 3 3 1 1 3 4 1 1 1 2 1 4 1 3 4 1 1 2 1 1 4 1 4 1 4 3 3 4 4 4 1 1 3 4 1 3
225 0.003925 3 2 3 1 4 3 1 3 3 3 3 3 4 1 3 2 2 1 3 3 1 4 2 3 1 3 2 1 1 4 1 2 1 4 4 1 2 0 3 4 1 2 1 2 1 4 1 3 1 3 2 3 1 4 1 3 4 2 4 3 3 3 1 1 3 4 1 1 1 2 1 4 1 3 4 1 1 2 1 1 4 1 4 1 4 1 3 4 4 4 1 1 1 4 1 3
225 0.003925 3 2 3 1 4 3 1 3 3 3 3 3 4 1 3 2 2 1 3 3 1 4 2 3 1 3 2 1 1 4 1 2 1 4 4 1 2 3 3 4 1 2 1 2 1 4 1 3 1 3 2 3 3 4 1 3 4 2 4 3 3 3 1 1 3 4 1 1 1 2 1 4 1 3 4 1 1 2 1 1 4 1 4 1 4 1 3 4 4 4 1 1 1 2 3 3
225 0.003925 3 2 3 3 4 3 1 3 3 3 3 3 4 1 3 2 1 3 3 3 1 4 4 3 1 3 2 1 1 4 1 2 1 4 1 1 2 3 3 4 1 2 1 2 1 4 1 3 1 3 2 3 3 4 1 3 4 2 4 3 3 3 1 1 3 4 1 1 1 2 1 4 1 3 4 1 1 2 1 1 4 1 4 1 4 1 3 4 4 4 1 1 1 4 1 3
225 0.121566 3 2 3 1 4 3 1 3 3 3 3 3 4 1 3 2 1 3 3 3 1 4 4 3 1 3 2 1 1 4 1 2 1 3 1 1 2 3 3 4 1 2 3 2 1 4 1 3 1 3 2 3 3 4 1 3 4 2 4 3 3 3 1 1 3 4 1 1 1 2 1 4 1 3 4 1 1 2 1 1 4 1 4 1 4 3 3 4 4 4 1 1 1 4 1 3
225 0.121566 3 2 3 3 4 3 1 1 3 3 3 3 4 1 3 4 2 1 3 3 1 2 2 1 1 3 2 1 1 3 1 4 1 4 4 1 2 3 3 4 1 4 1 2 1 4 1 3 1 3 2 3 3 4 3 3 4 2 4 3 3 0 0 0 0 0 0 0 0 0 0 0 0 0 0 0 0 0 0 1 4 1 4 1 4 1 3 4 4 4 3 1 1 4 1 3
225 0.003925 3 2 3 3 4 1 1 3 3 3 3 3 4 1 3 2 2 1 3 3 1 4 2 3 1 3 2 1 1 4 1 2 1 4 4 1 2 3 3 4 1 2 1 2 1 4 1 3 1 3 2 3 3 4 1 3 4 2 4 3 3 3 1 1 3 4 1 1 1 2 1 4 1 3 4 1 1 2 1 1 4 1 4 1 4 1 3 4 4 4 1 1 1 4 1 3
226 0.122027 1 2 1 3 4 3 1 3 3 3 3 3 4 1 3 2 1 3 3 3 1 4 2 3 1 3 2 1 1 4 1 2 1 4 4 1 2 3 3 1 1 2 1 2 1 2 1 1 1 3 2 1 3 3 1 3 4 2 2 3 1 3 1 1 3 4 1 1 1 2 1 4 1 3 4 1 1 2 1 3 4 1 4 1 4 1 3 4 4 4 1 1 1 4 1 3
226 0.003398 3 2 3 3 4 3 1 3 3 3 3 3 4 1 3 2 1 3 3 3 1 4 4 3 1 1 1 1 1 4 1 2 1 4 1 3 2 3 3 4 1 2 1 2 1 4 1 3 3 3 2 3 3 4 1 3 4 2 4 3 3 3 1 1 3 4 1 1 1 2 1 4 1 3 4 1 1 2 1 1 4 1 4 1 4 1 3 4 4 4 1 1 1 4 1 3
226 0.122027 3 2 3 3 4 3 1 3 3 3 3 3 4 1 3 2 1 3 3 3 1 4 2 3 1 3 2 1 1 4 1 2 1 4 1 1 2 3 3 4 1 2 1 2 1 4 1 3 1 3 2 3 3 4 1 3 4 2 4 3 3 3 1 1 3 4 1 1 1 2 1 4 1 3 4 1 1 2 1 1 4 1 4 1 4 1 3 4 4 4 1 1 1 4 1 3
226 0.003398 3 2 3 1 4 3 1 3 3 3 3 3 4 1 3 2 2 1 3 3 1 4 2 3 1 3 2 1 1 4 1 2 1 4 4 1 2 3 3 4 1 2 1 2 1 4 1 3 1 3 2 3 3 4 1 3 4 2 4 3 3 3 1 1 3 4 1 1 1 2 1 4 1 3 4 1 1 2 1 1 4 1 4 1 4 1 3 4 4 4 1 1 1 4 1 3
226 0.122027 3 2 3 3 4 3 1 3 3 3 3 3 4 1 3 2 1 3 3 3 1 4 2 3 1 3 2 1 1 4 1 2 3 4 4 1 2 3 3 4 3 2 1 2 1 4 1 3 1 3 2 3 3 4 1 3 4 4 4 3 3 3 1 1 3 4 1 1 1 2 1 4 1 3 4 1 1 2 1 1 4 3 4 1 4 1 3 4 4 4 1 1 1 4 1 3
226 0.003398 3 2 3 1 4 3 1 3 3 3 3 3 4 1 3 2 2 1 3 3 1 4 2 3 1 3 2 1 1 4 1 2 1 4 4 1 2 3 3 4 1 2 1 2 1 4 1 3 1 3 2 3 3 4 1 3 4 2 4 3 3 3 1 1 3 4 1 1 1 2 1 4 1 3 4 1 1 2 1 1 4 1 4 1 4 1 3 4 4 4 1 3 1 4 1 3
226 0.122027 3 2 3 3 4 3 1 3 3 3 3 3 4 1 3 2 1 3 3 3 1 4 2 3 1 3 2 1 1 4 1 2 1 4 4 1 2 3 3 4 3 2 1 2 1 4 1 3 1 3 2 3 3 4 1 3 4 2 4 3 3 3 1 1 3 4 1 1 1 2 1 4 1 3 4 1 1 2 1 1 4 1 4 1 4 1 3 4 4 4 1 1 1 4 1 3
226 0.122027 3 2 3 3 4 3 1 3 3 3 3 3 4 1 3 2 1 3 1 3 1 4 2 3 1 3 2 1 1 4 3 2 1 4 4 1 2 3 3 4 1 2 1 2 1 4 1 3 1 3 2 3 3 4 1 3 4 2 4 3 3 3 1 1 3 4 1 1 1 2 1 4 1 3 4 1 1 2 1 1 4 1 4 1 4 1 3 4 2 4 1 1 1 4 1 3
226 0.122027 3 2 3 1 4 3 1 3 3 3 3 3 4 1 3 2 1 3 3 3 1 4 4 3 1 3 2 1 1 4 1 2 1 3 1 1 2 3 3 4 1 2 3 2 1 4 1 3 1 3 2 3 3 4 1 3 4 2 4 3 3 3 1 1 3 4 1 1 1 2 1 4 1 3 4 1 1 2 1 1 4 1 4 1 4 3 3 4 4 4 1 1 3 4 1 3
226 0.003398 3 2 3 1 4 3 1 3 3 3 3 3 4 1 3 2 2 1 3 3 1 4 2 3 1 3 2 1 1 4 1 2 1 4 4 1 2 0 3 4 1 2 1 2 1 4 1 3 1 3 2 3 1 4 1 3 4 2 4 3 3 3 1 1 3 4 1 1 1 2 1 4 1 3 4 1 1 2 1 1 4 1 4 1 4 1 3 4 4 4 1 1 1 4 1 3
226 0.003398 3 2 3 1 4 3 1 3 3 3 3 3 4 1 3 2 2 1 3 3 1 4 2 3 1 3 2 1 1 4 1 2 1 4 4 1 2 3 3 4 1 2 1 2 1 4 1 3 1 3 2 3 3 4 1 3 4 2 4 3 3 3 1 1 3 4 1 1 1 2 1 4 1 3 4 1 1 2 1 1 4 1 4 1 4 1 3 4 4 4 1 1 1 2 3 3
226 0.003398 3 2 3 3 4 3 1 3 3 3 3 3 4 1 3 2 1 3 3 3 1 4 4 3 1 3 2 1 1 4 1 2 1 4 1 1 2 3 3 4 1 2 1 2 1 4 1 3 1 3 2 3 3 4 1 3 4 2 4 3 3 3 1 1 3 4 1 1 1 2 1 4 1 3 4 1 1 2 1 1 4 1 4 1 4 1 3 4 4 4 1 1 1 4 1 3
226 0.122027 3 2 3 1 4 3 1 3 3 3 3 3 4 1 3 2 1 3 3 3 1 4 4 3 1 3 2 1 1 4 1 2 1 3 1 1 2 3 3 4 1 2 3 2 1 4 1 3 1 3 2 3 3 4 1 3 4 2 4 3 3 3 1 1 3 4 1 1 1 2 1 4 1 3 4 1 1 2 1 1 4 1 4 1 4 3 3 4 4 4 1 1 1 4 1 3
226 0.122027 3 2 3 3 4 3 1 1 3 3 3 3 4 1 3 4 2 1 3 3 1 2 2 1 1 3 2 1 1 3 1 4 1 4 4 1 2 3 3 4 1 4 1 2 1 4 1 3 1 3 2 3 3 4 3 3 4 2 4 3 3 0 0 0 0 0 0 0 0 0 0 0 0 0 0 0 0 0 0 1 4 1 4 1 4 1 3 4 4 4 3 1 1 4 1 3
226 0.003398 3 2 3 3 4 1 1 3 3 3 3 3 4 1 3 2 2 1 3 3 1 4 2 3 1 3 2 1 1 4 1 2 1 4 4 1 2 3 3 4 1 2 1 2 1 4 1 3 1 3 2 3 3 4 1 3 4 2 4 3 3 3 1 1 3 4 1 1 1 2 1 4 1 3 4 1 1 2 1 1 4 1 4 1 4 1 3 4 4 4 1 1 1 4 1 3
227 0.122439 1 2 1 3 4 3 1 3 3 3 3 3 4 1 3 2 1 3 3 3 1 4 2 3 1 3 2 1 1 4 1 2 1 4 4 1 2 3 3 1 1 2 1 2 1 2 1 1 1 3 2 1 3 3 1 3 4 2 2 3 1 3 1 1 3 4 1 1 1 2 1 4 1 3 4 1 1 2 1 3 4 1 4 1 4 1 3 4 4 4 1 1 1 4 1 3
227 0.002926 3 2 3 3 4 3 1 3 3 3 3 3 4 1 3 2 1 3 3 3 1 4 4 3 1 1 1 1 1 4 1 2 1 4 1 3 2 3 3 4 1 2 1 2 1 4 1 3 3 3 2 3 3 4 1 3 4 2 4 3 3 3 1 1 3 4 1 1 1 2 1 4 1 3 4 1 1 2 1 1 4 1 4 1 4 1 3 4 4 4 1 1 1 4 1 3
227 0.122439 3 2 3 3 4 3 1 3 3 3 3 3 4 1 3 2 1 3 3 3 1 4 2 3 1 3 2 1 1 4 1 2 1 4 1 1 2 3 3 4 1 2 1 2 1 4 1 3 1 3 2 3 3 4 1 3 4 2 4 3 3 3 1 1 3 4 1 1 1 2 1 4 1 3 4 1 1 2 1 1 4 1 4 1 4 1 3 4 4 4 1 1 1 4 1 3
227 0.002926 3 2 3 1 4 3 1 3 3 3 3 3 4 1 3 2 2 1 3 3 1 4 2 3 1 3 2 1 1 4 1 2 1 4 4 1 2 3 3 4 1 2 1 2 1 4 1 3 1 3 2 3 3 4 1 3 4 2 4 3 3 3 1 1 3 4 1 1 1 2 1 4 1 3 4 1 1 2 1 1 4 1 4 1 4 1 3 4 4 4 1 1 1 4 1 3
227 0.122439 3 2 3 3 4 3 1 3 3 3 3 3 4 1 3 2 1 3 3 3 1 4 2 3 1 3 2 1 1 4 1 2 3 4 4 1 2 3 3 4 3 2 1 2 1 4 1 3 1 3 2 3 3 4 1 3 4 4 4 3 3 3 1 1 3 4 1 1 1 2 1 4 1 3 4 1 1 2 1 1 4 3 4 1 4 1 3 4 4 4 1 1 1 4 1 3
227 0.002926 3 2 3 1 4 3 1 3 3 3 3 3 4 1 3 2 2 1 3 3 1 4 2 3 1 3 2 1 1 4 1 2 1 4 4 1 2 3 3 4 1 2 1 2 1 4 1 3 1 3 2 3 3 4 1 3 4 2 4 3 3 3 1 1 3 4 1 1 1 2 1 4 1 3 4 1 1 2 1 1 4 1 4 1 4 1 3 4 4 4 1 3 1 4 1 3
227 0.122439 3 2 3 3 4 3 1 3 3 3 3 3 4 1 3 2 1 3 3 3 1 4 2 3 1 3 2 1 1 4 1 2 1 4 4 1 2 3 3 4 3 2 1 2 1 4 1 3 1 3 2 3 3 4 1 3 4 2 4 3 3 3 1 1 3 4 1 1 1 2 1 4 1 3 4 1 1 2 1 1 4 1 4 1 4 1 3 4 4 4 1 1 1 4 1 3
227 0.122439 3 2 3 3 4 3 1 3 3 3 3 3 4 1 3 2 1 3 1 3 1 4 2 3 1 3 2 1 1 4 3 2 1 4 4 1 2 3 3 4 1 2 1 2 1 4 1 3 1 3 2 3 3 4 1 3 4 2 4 3 3 3 1 1 3 4 1 1 1 2 1 4 1 3 4 1 1 2 1 1 4 1 4 1 4 1 3 4 2 4 1 1 1 4 1 3
227 0.122439 3 2 3 1 4 3 1 3 3 3 3 3 4 1 3 2 1 3 3 3 1 4 4 3 1 3 2 1 1 4 1 2 1 3 1 1 2 3 3 4 1 2 3 2 1 4 1 3 1 3 2 3 3 4 1 3 4 2 4 3 3 3 1 1 3 4 1 1 1 2 1 4 1 3 4 1 1 2 1 1 4 1 4 1 4 3 3 4 4 4 1 1 3 4 1 3
227 0.002926 3 2 3 1 4 3 1 3 3 3 3 3 4 1 3 2 2 1 3 3 1 4 2 3 1 3 2 1 1 4 1 2 1 4 4 1 2 0 3 4 1 2 1 2 1 4 1 3 1 3 2 3 1 4 1 3 4 2 4 3 3 3 1 1 3 4 1 1 1 2 1 4 1 3 4 1 1 2 1 1 4 1 4 1 4 1 3 4 4 4 1 1 1 4 1 3
227 0.002926 3 2 3 1 4 3 1 3 3 3 3 3 4 1 3 2 2 1 3 3 1 4 2 3 1 3 2 1 1 4 1 2 1 4 4 1 2 3 3 4 1 2 1 2 1 4 1 3 1 3 2 3 3 4 1 3 4 2 4 3 3 3 1 1 3 4 1 1 1 2 1 4 1 3 4 1 1 2 1 1 4 1 4 1 4 1 3 4 4 4 1 1 1 2 3 3
227 0.002926 3 2 3 3 4 3 1 3 3 3 3 3 4 1 3 2 1 3 3 3 1 4 4 3 1 3 2 1 1 4 1 2 1 4 1 1 2 3 3 4 1 2 1 2 1 4 1 3 1 3 2 3 3 4 1 3 4 2 4 3 3 3 1 1 3 4 1 1 1 2 1 4 1 3 4 1 1 2 1 1 4 1 4 1 4 1 3 4 4 4 1 1 1 4 1 3
227 0.122439 3 2 3 1 4 3 1 3 3 3 3 3 4 1 3 2 1 3 3 3 1 4 4 3 1 3 2 1 1 4 1 2 1 3 1 1 2 3 3 4 1 2 3 2 1 4 1 3 1 3 2 3 3 4 1 3 4 2 4 3 3 3 1 1 3 4 1 1 1 2 1 4 1 3 4 1 1 2 1 1 4 1 4 1 4 3 3 4 4 4 1 1 1 4 1 3
227 0.122439 3 2 3 3 4 3 1 1 3 3 3 3 4 1 3 4 2 1 3 3 1 2 2 1 1 3 2 1 1 3 1 4 1 4 4 1 2 3 3 4 1 4 1 2 1 4 1 3 1 3 2 3 3 4 3 3 4 2 4 3 3 0 0 0 0 0 0 0 0 0 0 0 0 0 0 0 0 0 0 1 4 1 4 1 4 1 3 4 4 4 3 1 1 4 1 3
227 0.002926 3 2 3 3 4 1 1 3 3 3 3 3 4 1 3 2 2 1 3 3 1 4 2 3 1 3 2 1 1 4 1 2 1 4 4 1 2 3 3 4 1 2 1 2 1 4 1 3 1 3 2 3 3 4 1 3 4 2 4 3 3 3 1 1 3 4 1 1 1 2 1 4 1 3 4 1 1 2 1 1 4 1 4 1 4 1 3 4 4 4 1 1 1 4 1 3
228 0.122809 1 2 1 3 4 3 1 3 3 3 3 3 4 1 3 2 1 3 3 3 1 4 2 3 1 3 2 1 1 4 1 2 1 4 4 1 2 3 3 1 1 2 1 2 1 2 1 1 1 3 2 1 3 3 1 3 4 2 2 3 1 3 1 1 3 4 1 1 1 2 1 4 1 3 4 1 1 2 1 3 4 1 4 1 4 1 3 4 4 4 1 1 1 4 1 3
228 0.002504 3 2 3 3 4 3 1 3 3 3 3 3 4 1 3 2 1 3 3 3 1 4 4 3 1 1 1 1 1 4 1 2 1 4 1 3 2 3 3 4 1 2 1 2 1 4 1 3 3 3 2 3 3 4 1 3 4 2 4 3 3 3 1 1 3 4 1 1 1 2 1 4 1 3 4 1 1 2 1 1 4 1 4 1 4 1 3 4 4 4 1 1 1 4 1 3
228 0.122809 3 2 3 3 4 3 1 3 3 3 3 3 4 1 3 2 1 3 3 3 1 4 2 3 1 3 2 1 1 4 1 2 1 4 1 1 2 3 3 4 1 2 1 2 1 4 1 3 1 3 2 3 3 4 1 3 4 2 4 3 3 3 1 1 3 4 1 1 1 2 1 4 1 3 4 1 1 2 1 1 4 1 4 1 4 1 3 4 4 4 1 1 1 4 1 3
228 0.002504 3 2 3 1 4 3 1 3 3 3 3 3 4 1 3 2 2 1 3 3 1 4 2 3 1 3 2 1 1 4 1 2 1 4 4 1 2 3 3 4 1 2 1 2 1 4 1 3 1 3 2 3 3 4 1 3 4 2 4 3 3 3 1 1 3 4 1 1 1 2 1 4 1 3 4 1 1 2 1 1 4 1 4 1 4 1 3 4 4 4 1 1 1 4 1 3
228 0.122809 3 2 3 3 4 3 1 3 3 3 3 3 4 1 3 2 1 3 3 3 1 4 2 3 1 3 2 1 1 4 1 2 3 4 4 1 2 3 3 4 3 2 1 2 1 4 1 3 1 3 2 3 3 4 1 3 4 4 4 3 3 3 1 1 3 4 1 1 1 2 1 4 1 3 4 1 1 2 1 1 4 3 4 1 4 1 3 4 4 4 1 1 1 4 1 3
228 0.002504 3 2 3 1 4 3 1 3 3 3 3 3 4 1 3 2 2 1 3 3 1 4 2 3 1 3 2 1 1 4 1 2 1 4 4 1 2 3 3 4 1 2 1 2 1 4 1 3 1 3 2 3 3 4 1 3 4 2 4 3 3 3 1 1 3 4 1 1 1 2 1 4 1 3 4 1 1 2 1 1 4 1 4 1 4 1 3 4 4 4 1 3 1 4 1 3
228 0.122809 3 2 3 3 4 3 1 3 3 3 3 3 4 1 3 2 1 3 3 3 1 4 2 3 1 3 2 1 1 4 1 2 1 4 4 1 2 3 3 4 3 2 1 2 1 4 1 3 1 3 2 3 3 4 1 3 4 2 4 3 3 3 1 1 3 4 1 1 1 2 1 4 1 3 4 1 1 2 1 1 4 1 4 1 4 1 3 4 4 4 1 1 1 4 1 3
228 0.122809 3 2 3 3 4 3 1 3 3 3 3 3 4 1 3 2 1 3 1 3 1 4 2 3 1 3 2 1 1 4 3 2 1 4 4 1 2 3 3 4 1 2 1 2 1 4 1 3 1 3 2 3 3 4 1 3 4 2 4 3 3 3 1 1 3 4 1 1 1 2 1 4 1 3 4 1 1 2 1 1 4 1 4 1 4 1 3 4 2 4 1 1 1 4 1 3
228 0.122809 3 2 3 1 4 3 1 3 3 3 3 3 4 1 3 2 1 3 3 3 1 4 4 3 1 3 2 1 1 4 1 2 1 3 1 1 2 3 3 4 1 2 3 2 1 4 1 3 1 3 2 3 3 4 1 3 4 2 4 3 3 3 1 1 3 4 1 1 1 2 1 4 1 3 4 1 1 2 1 1 4 1 4 1 4 3 3 4 4 4 1 1 3 4 1 3
228 0.002504 3 2 3 1 4 3 1 3 3 3 3 3 4 1 3 2 2 1 3 3 1 4 2 3 1 3 2 1 1 4 1 2 1 4 4 1 2 0 3 4 1 2 1 2 1 4 1 3 1 3 2 3 1 4 1 3 4 2 4 3 3 3 1 1 3 4 1 1 1 2 1 4 1 3 4 1 1 2 1 1 4 1 4 1 4 1 3 4 4 4 1 1 1 4 1 3
228 0.002504 3 2 3 1 4 3 1 3 3 3 3 3 4 1 3 2 2 1 3 3 1 4 2 3 1 3 2 1 1 4 1 2 1 4 4 1 2 3 3 4 1 2 1 2 1 4 1 3 1 3 2 3 3 4 1 3 4 2 4 3 3 3 1 1 3 4 1 1 1 2 1 4 1 3 4 1 1 2 1 1 4 1 4 1 4 1 3 4 4 4 1 1 1 2 3 3
228 0.002504 3 2 3 3 4 3 1 3 3 3 3 3 4 1 3 2 1 3 3 3 1 4 4 3 1 3 2 1 1 4 1 2 1 4 1 1 2 3 3 4 1 2 1 2 1 4 1 3 1 3 2 3 3 4 1 3 4 2 4 3 3 3 1 1 3 4 1 1 1 2 1 4 1 3 4 1 1 2 1 1 4 1 4 1 4 1 3 4 4 4 1 1 1 4 1 3
228 0.122809 3 2 3 1 4 3 1 3 3 3 3 3 4 1 3 2 1 3 3 3 1 4 4 3 1 3 2 1 1 4 1 2 1 3 1 1 2 3 3 4 1 2 3 2 1 4 1 3 1 3 2 3 3 4 1 3 4 2 4 3 3 3 1 1 3 4 1 1 1 2 1 4 1 3 4 1 1 2 1 1 4 1 4 1 4 3 3 4 4 4 1 1 1 4 1 3
228 0.122809 3 2 3 3 4 3 1 1 3 3 3 3 4 1 3 4 2 1 3 3 1 2 2 1 1 3 2 1 1 3 1 4 1 4 4 1 2 3 3 4 1 4 1 2 1 4 1 3 1 3 2 3 3 4 3 3 4 2 4 3 3 0 0 0 0 0 0 0 0 0 0 0 0 0 0 0 0 0 0 1 4 1 4 1 4 1 3 4 4 4 3 1 1 4 1 3
228 0.002504 3 2 3 3 4 1 1 3 3 3 3 3 4 1 3 2 2 1 3 3 1 4 2 3 1 3 2 1 1 4 1 2 1 4 4 1 2 3 3 4 1 2 1 2 1 4 1 3 1 3 2 3 3 4 1 3 4 2 4 3 3 3 1 1 3 4 1 1 1 2 1 4 1 3 4 1 1 2 1 1 4 1 4 1 4 1 3 4 4 4 1 1 1 4 1 3
229 0.123139 1 2 1 3 4 3 1 3 3 3 3 3 4 1 3 2 1 3 3 3 1 4 2 3 1 3 2 1 1 4 1 2 1 4 4 1 2 3 3 1 1 2 1 2 1 2 1 1 1 3 2 1 3 3 1 3 4 2 2 3 1 3 1 1 3 4 1 1 1 2 1 4 1 3 4 1 1 2 1 3 4 1 4 1 4 1 3 4 4 4 1 1 1 4 1 3
229 0.002127 3 2 3 3 4 3 1 3 3 3 3 3 4 1 3 2 1 3 3 3 1 4 4 3 1 1 1 1 1 4 1 2 1 4 1 3 2 3 3 4 1 2 1 2 1 4 1 3 3 3 2 3 3 4 1 3 4 2 4 3 3 3 1 1 3 4 1 1 1 2 1 4 1 3 4 1 1 2 1 1 4 1 4 1 4 1 3 4 4 4 1 1 1 4 1 3
229 0.123139 3 2 3 3 4 3 1 3 3 3 3 3 4 1 3 2 1 3 3 3 1 4 2 3 1 3 2 1 1 4 1 2 1 4 1 1 2 3 3 4 1 2 1 2 1 4 1 3 1 3 2 3 3 4 1 3 4 2 4 3 3 3 1 1 3 4 1 1 1 2 1 4 1 3 4 1 1 2 1 1 4 1 4 1 4 1 3 4 4 4 1 1 1 4 1 3
229 0.002127 3 2 3 1 4 3 1 3 3 3 3 3 4 1 3 2 2 1 3 3 1 4 2 3 1 3 2 1 1 4 1 2 1 4 4 1 2 3 3 4 1 2 1 2 1 4 1 3 1 3 2 3 3 4 1 3 4 2 4 3 3 3 1 1 3 4 1 1 1 2 1 4 1 3 4 1 1 2 1 1 4 1 4 1 4 1 3 4 4 4 1 1 1 4 1 3
229 0.123139 3 2 3 3 4 3 1 3 3 3 3 3 4 1 3 2 1 3 3 3 1 4 2 3 1 3 2 1 1 4 1 2 3 4 4 1 2 3 3 4 3 2 1 2 1 4 1 3 1 3 2 3 3 4 1 3 4 4 4 3 3 3 1 1 3 4 1 1 1 2 1 4 1 3 4 1 1 2 1 1 4 3 4 1 4 1 3 4 4 4 1 1 1 4 1 3
229 0.002127 3 2 3 1 4 3 1 3 3 3 3 3 4 1 3 2 2 1 3 3 1 4 2 3 1 3 2 1 1 4 1 2 1 4 4 1 2 3 3 4 1 2 1 2 1 4 1 3 1 3 2 3 3 4 1 3 4 2 4 3 3 3 1 1 3 4 1 1 1 2 1 4 1 3 4 1 1 2 1 1 4 1 4 1 4 1 3 4 4 4 1 3 1 4 1 3
229 0.123139 3 2 3 3 4 3 1 3 3 3 3 3 4 1 3 2 1 3 3 3 1 4 2 3 1 3 2 1 1 4 1 2 1 4 4 1 2 3 3 4 3 2 1 2 1 4 1 3 1 3 2 3 3 4 1 3 4 2 4 3 3 3 1 1 3 4 1 1 1 2 1 4 1 3 4 1 1 2 1 1 4 1 4 1 4 1 3 4 4 4 1 1 1 4 1 3
229 0.123139 3 2 3 3 4 3 1 3 3 3 3 3 4 1 3 2 1 3 1 3 1 4 2 3 1 3 2 1 1 4 3 2 1 4 4 1 2 3 3 4 1 2 1 2 1 4 1 3 1 3 2 3 3 4 1 3 4 2 4 3 3 3 1 1 3 4 1 1 1 2 1 4 1 3 4 1 1 2 1 1 4 1 4 1 4 1 3 4 2 4 1 1 1 4 1 3
229 0.123139 3 2 3 1 4 3 1 3 3 3 3 3 4 1 3 2 1 3 3 3 1 4 4 3 1 3 2 1 1 4 1 2 1 3 1 1 2 3 3 4 1 2 3 2 1 4 1 3 1 3 2 3 3 4 1 3 4 2 4 3 3 3 1 1 3 4 1 1 1 2 1 4 1 3 4 1 1 2 1 1 4 1 4 1 4 3 3 4 4 4 1 1 3 4 1 3
229 0.002127 3 2 3 1 4 3 1 3 3 3 3 3 4 1 3 2 2 1 3 3 1 4 2 3 1 3 2 1 1 4 1 2 1 4 4 1 2 0 3 4 1 2 1 2 1 4 1 3 1 3 2 3 1 4 1 3 4 2 4 3 3 3 1 1 3 4 1 1 1 2 1 4 1 3 4 1 1 2 1 1 4 1 4 1 4 1 3 4 4 4 1 1 1 4 1 3
229 0.002127 3 2 3 1 4 3 1 3 3 3 3 3 4 1 3 2 2 1 3 3 1 4 2 3 1 3 2 1 1 4 1 2 1 4 4 1 2 3 3 4 1 2 1 2 1 4 1 3 1 3 2 3 3 4 1 3 4 2 4 3 3 3 1 1 3 4 1 1 1 2 1 4 1 3 4 1 1 2 1 1 4 1 4 1 4 1 3 4 4 4 1 1 1 2 3 3
229 0.002127 3 2 3 3 4 3 1 3 3 3 3 3 4 1 3 2 1 3 3 3 1 4 4 3 1 3 2 1 1 4 1 2 1 4 1 1 2 3 3 4 1 2 1 2 1 4 1 3 1 3 2 3 3 4 1 3 4 2 4 3 3 3 1 1 3 4 1 1 1 2 1 4 1 3 4 1 1 2 1 1 4 1 4 1 4 1 3 4 4 4 1 1 1 4 1 3
229 0.123139 3 2 3 1 4 3 1 3 3 3 3 3 4 1 3 2 1 3 3 3 1 4 4 3 1 3 2 1 1 4 1 2 1 3 1 1 2 3 3 4 1 2 3 2 1 4 1 3 1 3 2 3 3 4 1 3 4 2 4 3 3 3 1 1 3 4 1 1 1 2 1 4 1 3 4 1 1 2 1 1 4 1 4 1 4 3 3 4 4 4 1 1 1 4 1 3
229 0.123139 3 2 3 3 4 3 1 1 3 3 3 3 4 1 3 4 2 1 3 3 1 2 2 1 1 3 2 1 1 3 1 4 1 4 4 1 2 3 3 4 1 4 1 2 1 4 1 3 1 3 2 3 3 4 3 3 4 2 4 3 3 0 0 0 0 0 0 0 0 0 0 0 0 0 0 0 0 0 0 1 4 1 4 1 4 1 3 4 4 4 3 1 1 4 1 3
229 0.002127 3 2 3 3 4 1 1 3 3 3 3 3 4 1 3 2 2 1 3 3 1 4 2 3 1 3 2 1 1 4 1 2 1 4 4 1 2 3 3 4 1 2 1 2 1 4 1 3 1 3 2 3 3 4 1 3 4 2 4 3 3 3 1 1 3 4 1 1 1 2 1 4 1 3 4 1 1 2 1 1 4 1 4 1 4 1 3 4 4 4 1 1 1 4 1 3
230 0.123434 1 2 1 3 4 3 1 3 3 3 3 3 4 1 3 2 1 3 3 3 1 4 2 3 1 3 2 1 1 4 1 2 1 4 4 1 2 3 3 1 1 2 1 2 1 2 1 1 1 3 2 1 3 3 1 3 4 2 2 3 1 3 1 1 3 4 1 1 1 2 1 4 1 3 4 1 1 2 1 3 4 1 4 1 4 1 3 4 4 4 1 1 1 4 1 3
230 0.001790 3 2 3 3 4 3 1 3 3 3 3 3 4 1 3 2 1 3 3 3 1 4 4 3 1 1 1 1 1 4 1 2 1 4 1 3 2 3 3 4 1 2 1 2 1 4 1 3 3 3 2 3 3 4 1 3 4 2 4 3 3 3 1 1 3 4 1 1 1 2 1 4 1 3 4 1 1 2 1 1 4 1 4 1 4 1 3 4 4 4 1 1 1 4 1 3
230 0.123434 3 2 3 3 4 3 1 3 3 3 3 3 4 1 3 2 1 3 3 3 1 4 2 3 1 3 2 1 1 4 1 2 1 4 1 1 2 3 3 4 1 2 1 2 1 4 1 3 1 3 2 3 3 4 1 3 4 2 4 3 3 3 1 1 3 4 1 1 1 2 1 4 1 3 4 1 1 2 1 1 4 1 4 1 4 1 3 4 4 4 1 1 1 4 1 3
230 0.001790 3 2 3 1 4 3 1 3 3 3 3 3 4 1 3 2 2 1 3 3 1 4 2 3 1 3 2 1 1 4 1 2 1 4 4 1 2 3 3 4 1 2 1 2 1 4 1 3 1 3 2 3 3 4 1 3 4 2 4 3 3 3 1 1 3 4 1 1 1 2 1 4 1 3 4 1 1 2 1 1 4 1 4 1 4 1 3 4 4 4 1 1 1 4 1 3
230 0.123434 3 2 3 3 4 3 1 3 3 3 3 3 4 1 3 2 1 3 3 3 1 4 2 3 1 3 2 1 1 4 1 2 3 4 4 1 2 3 3 4 3 2 1 2 1 4 1 3 1 3 2 3 3 4 1 3 4 4 4 3 3 3 1 1 3 4 1 1 1 2 1 4 1 3 4 1 1 2 1 1 4 3 4 1 4 1 3 4 4 4 1 1 1 4 1 3
230 0.001790 3 2 3 1 4 3 1 3 3 3 3 3 4 1 3 2 2 1 3 3 1 4 2 3 1 3 2 1 1 4 1 2 1 4 4 1 2 3 3 4 1 2 1 2 1 4 1 3 1 3 2 3 3 4 1 3 4 2 4 3 3 3 1 1 3 4 1 1 1 2 1 4 1 3 4 1 1 2 1 1 4 1 4 1 4 1 3 4 4 4 1 3 1 4 1 3
230 0.123434 3 2 3 3 4 3 1 3 3 3 3 3 4 1 3 2 1 3 3 3 1 4 2 3 1 3 2 1 1 4 1 2 1 4 4 1 2 3 3 4 3 2 1 2 1 4 1 3 1 3 2 3 3 4 1 3 4 2 4 3 3 3 1 1 3 4 1 1 1 2 1 4 1 3 4 1 1 2 1 1 4 1 4 1 4 1 3 4 4 4 1 1 1 4 1 3
230 0.123434 3 2 3 3 4 3 1 3 3 3 3 3 4 1 3 2 1 3 1 3 1 4 2 3 1 3 2 1 1 4 3 2 1 4 4 1 2 3 3 4 1 2 1 2 1 4 1 3 1 3 2 3 3 4 1 3 4 2 4 3 3 3 1 1 3 4 1 1 1 2 1 4 1 3 4 1 1 2 1 1 4 1 4 1 4 1 3 4 2 4 1 1 1 4 1 3
230 0.123434 3 2 3 1 4 3 1 3 3 3 3 3 4 1 3 2 1 3 3 3 1 4 4 3 1 3 2 1 1 4 1 2 1 3 1 1 2 3 3 4 1 2 3 2 1 4 1 3 1 3 2 3 3 4 1 3 4 2 4 3 3 3 1 1 3 4 1 1 1 2 1 4 1 3 4 1 1 2 1 1 4 1 4 1 4 3 3 4 4 4 1 1 3 4 1 3
230 0.001790 3 2 3 1 4 3 1 3 3 3 3 3 4 1 3 2 2 1 3 3 1 4 2 3 1 3 2 1 1 4 1 2 1 4 4 1 2 0 3 4 1 2 1 2 1 4 1 3 1 3 2 3 1 4 1 3 4 2 4 3 3 3 1 1 3 4 1 1 1 2 1 4 1 3 4 1 1 2 1 1 4 1 4 1 4 1 3 4 4 4 1 1 1 4 1 3
230 0.001790 3 2 3 1 4 3 1 3 3 3 3 3 4 1 3 2 2 1 3 3 1 4 2 3 1 3 2 1 1 4 1 2 1 4 4 1 2 3 3 4 1 2 1 2 1 4 1 3 1 3 2 3 3 4 1 3 4 2 4 3 3 3 1 1 3 4 1 1 1 2 1 4 1 3 4 1 1 2 1 1 4 1 4 1 4 1 3 4 4 4 1 1 1 2 3 3
230 0.001790 3 2 3 3 4 3 1 3 3 3 3 3 4 1 3 2 1 3 3 3 1 4 4 3 1 3 2 1 1 4 1 2 1 4 1 1 2 3 3 4 1 2 1 2 1 4 1 3 1 3 2 3 3 4 1 3 4 2 4 3 3 3 1 1 3 4 1 1 1 2 1 4 1 3 4 1 1 2 1 1 4 1 4 1 4 1 3 4 4 4 1 1 1 4 1 3
230 0.123434 3 2 3 1 4 3 1 3 3 3 3 3 4 1 3 2 1 3 3 3 1 4 4 3 1 3 2 1 1 4 1 2 1 3 1 1 2 3 3 4 1 2 3 2 1 4 1 3 1 3 2 3 3 4 1 3 4 2 4 3 3 3 1 1 3 4 1 1 1 2 1 4 1 3 4 1 1 2 1 1 4 1 4 1 4 3 3 4 4 4 1 1 1 4 1 3
230 0.123434 3 2 3 3 4 3 1 1 3 3 3 3 4 1 3 4 2 1 3 3 1 2 2 1 1 3 2 1 1 3 1 4 1 4 4 1 2 3 3 4 1 4 1 2 1 4 1 3 1 3 2 3 3 4 3 3 4 2 4 3 3 0 0 0 0 0 0 0 0 0 0 0 0 0 0 0 0 0 0 1 4 1 4 1 4 1 3 4 4 4 3 1 1 4 1 3
230 0.001790 3 2 3 3 4 1 1 3 3 3 3 3 4 1 3 2 2 1 3 3 1 4 2 3 1 3 2 1 1 4 1 2 1 4 4 1 2 3 3 4 1 2 1 2 1 4 1 3 1 3 2 3 3 4 1 3 4 2 4 3 3 3 1 1 3 4 1 1 1 2 1 4 1 3 4 1 1 2 1 1 4 1 4 1 4 1 3 4 4 4 1 1 1 4 1 3
231 0.123697 1 2 1 3 4 3 1 3 3 3 3 3 4 1 3 2 1 3 3 3 1 4 2 3 1 3 2 1 1 4 1 2 1 4 4 1 2 3 3 1 1 2 1 2 1 2 1 1 1 3 2 1 3 3 1 3 4 2 2 3 1 3 1 1 3 4 1 1 1 2 1 4 1 3 4 1 1 2 1 3 4 1 4 1 4 1 3 4 4 4 1 1 1 4 1 3
231 0.001489 3 2 3 3 4 3 1 3 3 3 3 3 4 1 3 2 1 3 3 3 1 4 4 3 1 1 1 1 1 4 1 2 1 4 1 3 2 3 3 4 1 2 1 2 1 4 1 3 3 3 2 3 3 4 1 3 4 2 4 3 3 3 1 1 3 4 1 1 1 2 1 4 1 3 4 1 1 2 1 1 4 1 4 1 4 1 3 4 4 4 1 1 1 4 1 3
231 0.123697 3 2 3 3 4 3 1 3 3 3 3 3 4 1 3 2 1 3 3 3 1 4 2 3 1 3 2 1 1 4 1 2 1 4 1 1 2 3 3 4 1 2 1 2 1 4 1 3 1 3 2 3 3 4 1 3 4 2 4 3 3 3 1 1 3 4 1 1 1 2 1 4 1 3 4 1 1 2 1 1 4 1 4 1 4 1 3 4 4 4 1 1 1 4 1 3
231 0.001489 3 2 3 1 4 3 1 3 3 3 3 3 4 1 3 2 2 1 3 3 1 4 2 3 1 3 2 1 1 4 1 2 1 4 4 1 2 3 3 4 1 2 1 2 1 4 1 3 1 3 2 3 3 4 1 3 4 2 4 3 3 3 1 1 3 4 1 1 1 2 1 4 1 3 4 1 1 2 1 1 4 1 4 1 4 1 3 4 4 4 1 1 1 4 1 3
231 0.123697 3 2 3 3 4 3 1 3 3 3 3 3 4 1 3 2 1 3 3 3 1 4 2 3 1 3 2 1 1 4 1 2 3 4 4 1 2 3 3 4 3 2 1 2 1 4 1 3 1 3 2 3 3 4 1 3 4 4 4 3 3 3 1 1 3 4 1 1 1 2 1 4 1 3 4 1 1 2 1 1 4 3 4 1 4 1 3 4 4 4 1 1 1 4 1 3
231 0.001489 3 2 3 1 4 3 1 3 3 3 3 3 4 1 3 2 2 1 3 3 1 4 2 3 1 3 2 1 1 4 1 2 1 4 4 1 2 3 3 4 1 2 1 2 1 4 1 3 1 3 2 3 3 4 1 3 4 2 4 3 3 3 1 1 3 4 1 1 1 2 1 4 1 3 4 1 1 2 1 1 4 1 4 1 4 1 3 4 4 4 1 3 1 4 1 3
231 0.123697 3 2 3 3 4 3 1 3 3 3 3 3 4 1 3 2 1 3 3 3 1 4 2 3 1 3 2 1 1 4 1 2 1 4 4 1 2 3 3 4 3 2 1 2 1 4 1 3 1 3 2 3 3 4 1 3 4 2 4 3 3 3 1 1 3 4 1 1 1 2 1 4 1 3 4 1 1 2 1 1 4 1 4 1 4 1 3 4 4 4 1 1 1 4 1 3
231 0.123697 3 2 3 3 4 3 1 3 3 3 3 3 4 1 3 2 1 3 1 3 1 4 2 3 1 3 2 1 1 4 3 2 1 4 4 1 2 3 3 4 1 2 1 2 1 4 1 3 1 3 2 3 3 4 1 3 4 2 4 3 3 3 1 1 3 4 1 1 1 2 1 4 1 3 4 1 1 2 1 1 4 1 4 1 4 1 3 4 2 4 1 1 1 4 1 3
231 0.123697 3 2 3 1 4 3 1 3 3 3 3 3 4 1 3 2 1 3 3 3 1 4 4 3 1 3 2 1 1 4 1 2 1 3 1 1 2 3 3 4 1 2 3 2 1 4 1 3 1 3 2 3 3 4 1 3 4 2 4 3 3 3 1 1 3 4 1 1 1 2 1 4 1 3 4 1 1 2 1 1 4 1 4 1 4 3 3 4 4 4 1 1 3 4 1 3
231 0.001489 3 2 3 1 4 3 1 3 3 3 3 3 4 1 3 2 2 1 3 3 1 4 2 3 1 3 2 1 1 4 1 2 1 4 4 1 2 0 3 4 1 2 1 2 1 4 1 3 1 3 2 3 1 4 1 3 4 2 4 3 3 3 1 1 3 4 1 1 1 2 1 4 1 3 4 1 1 2 1 1 4 1 4 1 4 1 3 4 4 4 1 1 1 4 1 3
231 0.001489 3 2 3 1 4 3 1 3 3 3 3 3 4 1 3 2 2 1 3 3 1 4 2 3 1 3 2 1 1 4 1 2 1 4 4 1 2 3 3 4 1 2 1 2 1 4 1 3 1 3 2 3 3 4 1 3 4 2 4 3 3 3 1 1 3 4 1 1 1 2 1 4 1 3 4 1 1 2 1 1 4 1 4 1 4 1 3 4 4 4 1 1 1 2 3 3
231 0.001489 3 2 3 3 4 3 1 3 3 3 3 3 4 1 3 2 1 3 3 3 1 4 4 3 1 3 2 1 1 4 1 2 1 4 1 1 2 3 3 4 1 2 1 2 1 4 1 3 1 3 2 3 3 4 1 3 4 2 4 3 3 3 1 1 3 4 1 1 1 2 1 4 1 3 4 1 1 2 1 1 4 1 4 1 4 1 3 4 4 4 1 1 1 4 1 3
231 0.123697 3 2 3 1 4 3 1 3 3 3 3 3 4 1 3 2 1 3 3 3 1 4 4 3 1 3 2 1 1 4 1 2 1 3 1 1 2 3 3 4 1 2 3 2 1 4 1 3 1 3 2 3 3 4 1 3 4 2 4 3 3 3 1 1 3 4 1 1 1 2 1 4 1 3 4 1 1 2 1 1 4 1 4 1 4 3 3 4 4 4 1 1 1 4 1 3
231 0.123697 3 2 3 3 4 3 1 1 3 3 3 3 4 1 3 4 2 1 3 3 1 2 2 1 1 3 2 1 1 3 1 4 1 4 4 1 2 3 3 4 1 4 1 2 1 4 1 3 1 3 2 3 3 4 3 3 4 2 4 3 3 0 0 0 0 0 0 0 0 0 0 0 0 0 0 0 0 0 0 1 4 1 4 1 4 1 3 4 4 4 3 1 1 4 1 3
231 0.001489 3 2 3 3 4 1 1 3 3 3 3 3 4 1 3 2 2 1 3 3 1 4 2 3 1 3 2 1 1 4 1 2 1 4 4 1 2 3 3 4 1 2 1 2 1 4 1 3 1 3 2 3 3 4 1 3 4 2 4 3 3 3 1 1 3 4 1 1 1 2 1 4 1 3 4 1 1 2 1 1 4 1 4 1 4 1 3 4 4 4 1 1 1 4 1 3
232 0.123932 1 2 1 3 4 3 1 3 3 3 3 3 4 1 3 2 1 3 3 3 1 4 2 3 1 3 2 1 1 4 1 2 1 4 4 1 2 3 3 1 1 2 1 2 1 2 1 1 1 3 2 1 3 3 1 3 4 2 2 3 1 3 1 1 3 4 1 1 1 2 1 4 1 3 4 1 1 2 1 3 4 1 4 1 4 1 3 4 4 4 1 1 1 4 1 3
232 0.001220 3 2 3 3 4 3 1 3 3 3 3 3 4 1 3 2 1 3 3 3 1 4 4 3 1 1 1 1 1 4 1 2 1 4 1 3 2 3 3 4 1 2 1 2 1 4 1 3 3 3 2 3 3 4 1 3 4 2 4 3 3 3 1 1 3 4 1 1 1 2 1 4 1 3 4 1 1 2 1 1 4 1 4 1 4 1 3 4 4 4 1 1 1 4 1 3
232 0.123932 3 2 3 3 4 3 1 3 3 3 3 3 4 1 3 2 1 3 3 3 1 4 2 3 1 3 2 1 1 4 1 2 1 4 1 1 2 3 3 4 1 2 1 2 1 4 1 3 1 3 2 3 3 4 1 3 4 2 4 3 3 3 1 1 3 4 1 1 1 2 1 4 1 3 4 1 1 2 1 1 4 1 4 1 4 1 3 4 4 4 1 1 1 4 1 3
232 0.001220 3 2 3 1 4 3 1 3 3 3 3 3 4 1 3 2 2 1 3 3 1 4 2 3 1 3 2 1 1 4 1 2 1 4 4 1 2 3 3 4 1 2 1 2 1 4 1 3 1 3 2 3 3 4 1 3 4 2 4 3 3 3 1 1 3 4 1 1 1 2 1 4 1 3 4 1 1 2 1 1 4 1 4 1 4 1 3 4 4 4 1 1 1 4 1 3
232 0.123932 3 2 3 3 4 3 1 3 3 3 3 3 4 1 3 2 1 3 3 3 1 4 2 3 1 3 2 1 1 4 1 2 3 4 4 1 2 3 3 4 3 2 1 2 1 4 1 3 1 3 2 3 3 4 1 3 4 4 4 3 3 3 1 1 3 4 1 1 1 2 1 4 1 3 4 1 1 2 1 1 4 3 4 1 4 1 3 4 4 4 1 1 1 4 1 3
232 0.001220 3 2 3 1 4 3 1 3 3 3 3 3 4 1 3 2 2 1 3 3 1 4 2 3 1 3 2 1 1 4 1 2 1 4 4 1 2 3 3 4 1 2 1 2 1 4 1 3 1 3 2 3 3 4 1 3 4 2 4 3 3 3 1 1 3 4 1 1 1 2 1 4 1 3 4 1 1 2 1 1 4 1 4 1 4 1 3 4 4 4 1 3 1 4 1 3
232 0.123932 3 2 3 3 4 3 1 3 3 3 3 3 4 1 3 2 1 3 3 3 1 4 2 3 1 3 2 1 1 4 1 2 1 4 4 1 2 3 3 4 3 2 1 2 1 4 1 3 1 3 2 3 3 4 1 3 4 2 4 3 3 3 1 1 3 4 1 1 1 2 1 4 1 3 4 1 1 2 1 1 4 1 4 1 4 1 3 4 4 4 1 1 1 4 1 3
232 0.123932 3 2 3 3 4 3 1 3 3 3 3 3 4 1 3 2 1 3 1 3 1 4 2 3 1 3 2 1 1 4 3 2 1 4 4 1 2 3 3 4 1 2 1 2 1 4 1 3 1 3 2 3 3 4 1 3 4 2 4 3 3 3 1 1 3 4 1 1 1 2 1 4 1 3 4 1 1 2 1 1 4 1 4 1 4 1 3 4 2 4 1 1 1 4 1 3
232 0.123932 3 2 3 1 4 3 1 3 3 3 3 3 4 1 3 2 1 3 3 3 1 4 4 3 1 3 2 1 1 4 1 2 1 3 1 1 2 3 3 4 1 2 3 2 1 4 1 3 1 3 2 3 3 4 1 3 4 2 4 3 3 3 1 1 3 4 1 1 1 2 1 4 1 3 4 1 1 2 1 1 4 1 4 1 4 3 3 4 4 4 1 1 3 4 1 3
232 0.001220 3 2 3 1 4 3 1 3 3 3 3 3 4 1 3 2 2 1 3 3 1 4 2 3 1 3 2 1 1 4 1 2 1 4 4 1 2 0 3 4 1 2 1 2 1 4 1 3 1 3 2 3 1 4 1 3 4 2 4 3 3 3 1 1 3 4 1 1 1 2 1 4 1 3 4 1 1 2 1 1 4 1 4 1 4 1 3 4 4 4 1 1 1 4 1 3
232 0.001220 3 2 3 1 4 3 1 3 3 3 3 3 4 1 3 2 2 1 3 3 1 4 2 3 1 3 2 1 1 4 1 2 1 4 4 1 2 3 3 4 1 2 1 2 1 4 1 3 1 3 2 3 3 4 1 3 4 2 4 3 3 3 1 1 3 4 1 1 1 2 1 4 1 3 4 1 1 2 1 1 4 1 4 1 4 1 3 4 4 4 1 1 1 2 3 3
232 0.001220 3 2 3 3 4 3 1 3 3 3 3 3 4 1 3 2 1 3 3 3 1 4 4 3 1 3 2 1 1 4 1 2 1 4 1 1 2 3 3 4 1 2 1 2 1 4 1 3 1 3 2 3 3 4 1 3 4 2 4 3 3 3 1 1 3 4 1 1 1 2 1 4 1 3 4 1 1 2 1 1 4 1 4 1 4 1 3 4 4 4 1 1 1 4 1 3
232 0.123932 3 2 3 1 4 3 1 3 3 3 3 3 4 1 3 2 1 3 3 3 1 4 4 3 1 3 2 1 1 4 1 2 1 3 1 1 2 3 3 4 1 2 3 2 1 4 1 3 1 3 2 3 3 4 1 3 4 2 4 3 3 3 1 1 3 4 1 1 1 2 1 4 1 3 4 1 1 2 1 1 4 1 4 1 4 3 3 4 4 4 1 1 1 4 1 3
232 0.123932 3 2 3 3 4 3 1 1 3 3 3 3 4 1 3 4 2 1 3 3 1 2 2 1 1 3 2 1 1 3 1 4 1 4 4 1 2 3 3 4 1 4 1 2 1 4 1 3 1 3 2 3 3 4 3 3 4 2 4 3 3 0 0 0 0 0 0 0 0 0 0 0 0 0 0 0 0 0 0 1 4 1 4 1 4 1 3 4 4 4 3 1 1 4 1 3
232 0.001220 3 2 3 3 4 1 1 3 3 3 3 3 4 1 3 2 2 1 3 3 1 4 2 3 1 3 2 1 1 4 1 2 1 4 4 1 2 3 3 4 1 2 1 2 1 4 1 3 1 3 2 3 3 4 1 3 4 2 4 3 3 3 1 1 3 4 1 1 1 2 1 4 1 3 4 1 1 2 1 1 4 1 4 1 4 1 3 4 4 4 1 1 1 4 1 3
233 0.124142 1 2 1 3 4 3 1 3 3 3 3 3 4 1 3 2 1 3 3 3 1 4 2 3 1 3 2 1 1 4 1 2 1 4 4 1 2 3 3 1 1 2 1 2 1 2 1 1 1 3 2 1 3 3 1 3 4 2 2 3 1 3 1 1 3 4 1 1 1 2 1 4 1 3 4 1 1 2 1 3 4 1 4 1 4 1 3 4 4 4 1 1 1 4 1 3
233 0.000981 3 2 3 3 4 3 1 3 3 3 3 3 4 1 3 2 1 3 3 3 1 4 4 3 1 1 1 1 1 4 1 2 1 4 1 3 2 3 3 4 1 2 1 2 1 4 1 3 3 3 2 3 3 4 1 3 4 2 4 3 3 3 1 1 3 4 1 1 1 2 1 4 1 3 4 1 1 2 1 1 4 1 4 1 4 1 3 4 4 4 1 1 1 4 1 3
233 0.124142 3 2 3 3 4 3 1 3 3 3 3 3 4 1 3 2 1 3 3 3 1 4 2 3 1 3 2 1 1 4 1 2 1 4 1 1 2 3 3 4 1 2 1 2 1 4 1 3 1 3 2 3 3 4 1 3 4 2 4 3 3 3 1 1 3 4 1 1 1 2 1 4 1 3 4 1 1 2 1 1 4 1 4 1 4 1 3 4 4 4 1 1 1 4 1 3
233 0.000981 3 2 3 1 4 3 1 3 3 3 3 3 4 1 3 2 2 1 3 3 1 4 2 3 1 3 2 1 1 4 1 2 1 4 4 1 2 3 3 4 1 2 1 2 1 4 1 3 1 3 2 3 3 4 1 3 4 2 4 3 3 3 1 1 3 4 1 1 1 2 1 4 1 3 4 1 1 2 1 1 4 1 4 1 4 1 3 4 4 4 1 1 1 4 1 3
233 0.124142 3 2 3 3 4 3 1 3 3 3 3 3 4 1 3 2 1 3 3 3 1 4 2 3 1 3 2 1 1 4 1 2 3 4 4 1 2 3 3 4 3 2 1 2 1 4 1 3 1 3 2 3 3 4 1 3 4 4 4 3 3 3 1 1 3 4 1 1 1 2 1 4 1 3 4 1 1 2 1 1 4 3 4 1 4 1 3 4 4 4 1 1 1 4 1 3
233 0.000981 3 2 3 1 4 3 1 3 3 3 3 3 4 1 3 2 2 1 3 3 1 4 2 3 1 3 2 1 1 4 1 2 1 4 4 1 2 3 3 4 1 2 1 2 1 4 1 3 1 3 2 3 3 4 1 3 4 2 4 3 3 3 1 1 3 4 1 1 1 2 1 4 1 3 4 1 1 2 1 1 4 1 4 1 4 1 3 4 4 4 1 3 1 4 1 3
233 0.124142 3 2 3 3 4 3 1 3 3 3 3 3 4 1 3 2 1 3 3 3 1 4 2 3 1 3 2 1 1 4 1 2 1 4 4 1 2 3 3 4 3 2 1 2 1 4 1 3 1 3 2 3 3 4 1 3 4 2 4 3 3 3 1 1 3 4 1 1 1 2 1 4 1 3 4 1 1 2 1 1 4 1 4 1 4 1 3 4 4 4 1 1 1 4 1 3
233 0.124142 3 2 3 3 4 3 1 3 3 3 3 3 4 1 3 2 1 3 1 3 1 4 2 3 1 3 2 1 1 4 3 2 1 4 4 1 2 3 3 4 1 2 1 2 1 4 1 3 1 3 2 3 3 4 1 3 4 2 4 3 3 3 1 1 3 4 1 1 1 2 1 4 1 3 4 1 1 2 1 1 4 1 4 1 4 1 3 4 2 4 1 1 1 4 1 3
233 0.124142 3 2 3 1 4 3 1 3 3 3 3 3 4 1 3 2 1 3 3 3 1 4 4 3 1 3 2 1 1 4 1 2 1 3 1 1 2 3 3 4 1 2 3 2 1 4 1 3 1 3 2 3 3 4 1 3 4 2 4 3 3 3 1 1 3 4 1 1 1 2 1 4 1 3 4 1 1 2 1 1 4 1 4 1 4 3 3 4 4 4 1 1 3 4 1 3
233 0.000981 3 2 3 1 4 3 1 3 3 3 3 3 4 1 3 2 2 1 3 3 1 4 2 3 1 3 2 1 1 4 1 2 1 4 4 1 2 0 3 4 1 2 1 2 1 4 1 3 1 3 2 3 1 4 1 3 4 2 4 3 3 3 1 1 3 4 1 1 1 2 1 4 1 3 4 1 1 2 1 1 4 1 4 1 4 1 3 4 4 4 1 1 1 4 1 3
233 0.000981 3 2 3 1 4 3 1 3 3 3 3 3 4 1 3 2 2 1 3 3 1 4 2 3 1 3 2 1 1 4 1 2 1 4 4 1 2 3 3 4 1 2 1 2 1 4 1 3 1 3 2 3 3 4 1 3 4 2 4 3 3 3 1 1 3 4 1 1 1 2 1 4 1 3 4 1 1 2 1 1 4 1 4 1 4 1 3 4 4 4 1 1 1 2 3 3
233 0.000981 3 2 3 3 4 3 1 3 3 3 3 3 4 1 3 2 1 3 3 3 1 4 4 3 1 3 2 1 1 4 1 2 1 4 1 1 2 3 3 4 1 2 1 2 1 4 1 3 1 3 2 3 3 4 1 3 4 2 4 3 3 3 1 1 3 4 1 1 1 2 1 4 1 3 4 1 1 2 1 1 4 1 4 1 4 1 3 4 4 4 1 1 1 4 1 3
233 0.124142 3 2 3 1 4 3 1 3 3 3 3 3 4 1 3 2 1 3 3 3 1 4 4 3 1 3 2 1 1 4 1 2 1 3 1 1 2 3 3 4 1 2 3 2 1 4 1 3 1 3 2 3 3 4 1 3 4 2 4 3 3 3 1 1 3 4 1 1 1 2 1 4 1 3 4 1 1 2 1 1 4 1 4 1 4 3 3 4 4 4 1 1 1 4 1 3
233 0.124142 3 2 3 3 4 3 1 1 3 3 3 3 4 1 3 4 2 1 3 3 1 2 2 1 1 3 2 1 1 3 1 4 1 4 4 1 2 3 3 4 1 4 1 2 1 4 1 3 1 3 2 3 3 4 3 3 4 2 4 3 3 0 0 0 0 0 0 0 0 0 0 0 0 0 0 0 0 0 0 1 4 1 4 1 4 1 3 4 4 4 3 1 1 4 1 3
233 0.000981 3 2 3 3 4 1 1 3 3 3 3 3 4 1 3 2 2 1 3 3 1 4 2 3 1 3 2 1 1 4 1 2 1 4 4 1 2 3 3 4 1 2 1 2 1 4 1 3 1 3 2 3 3 4 1 3 4 2 4 3 3 3 1 1 3 4 1 1 1 2 1 4 1 3 4 1 1 2 1 1 4 1 4 1 4 1 3 4 4 4 1 1 1 4 1 3
234 0.124329 1 2 1 3 4 3 1 3 3 3 3 3 4 1 3 2 1 3 3 3 1 4 2 3 1 3 2 1 1 4 1 2 1 4 4 1 2 3 3 1 1 2 1 2 1 2 1 1 1 3 2 1 3 3 1 3 4 2 2 3 1 3 1 1 3 4 1 1 1 2 1 4 1 3 4 1 1 2 1 3 4 1 4 1 4 1 3 4 4 4 1 1 1 4 1 3
234 0.000767 3 2 3 3 4 3 1 3 3 3 3 3 4 1 3 2 1 3 3 3 1 4 4 3 1 1 1 1 1 4 1 2 1 4 1 3 2 3 3 4 1 2 1 2 1 4 1 3 3 3 2 3 3 4 1 3 4 2 4 3 3 3 1 1 3 4 1 1 1 2 1 4 1 3 4 1 1 2 1 1 4 1 4 1 4 1 3 4 4 4 1 1 1 4 1 3
234 0.124329 3 2 3 3 4 3 1 3 3 3 3 3 4 1 3 2 1 3 3 3 1 4 2 3 1 3 2 1 1 4 1 2 1 4 1 1 2 3 3 4 1 2 1 2 1 4 1 3 1 3 2 3 3 4 1 3 4 2 4 3 3 3 1 1 3 4 1 1 1 2 1 4 1 3 4 1 1 2 1 1 4 1 4 1 4 1 3 4 4 4 1 1 1 4 1 3
234 0.000767 3 2 3 1 4 3 1 3 3 3 3 3 4 1 3 2 2 1 3 3 1 4 2 3 1 3 2 1 1 4 1 2 1 4 4 1 2 3 3 4 1 2 1 2 1 4 1 3 1 3 2 3 3 4 1 3 4 2 4 3 3 3 1 1 3 4 1 1 1 2 1 4 1 3 4 1 1 2 1 1 4 1 4 1 4 1 3 4 4 4 1 1 1 4 1 3
234 0.124329 3 2 3 3 4 3 1 3 3 3 3 3 4 1 3 2 1 3 3 3 1 4 2 3 1 3 2 1 1 4 1 2 3 4 4 1 2 3 3 4 3 2 1 2 1 4 1 3 1 3 2 3 3 4 1 3 4 4 4 3 3 3 1 1 3 4 1 1 1 2 1 4 1 3 4 1 1 2 1 1 4 3 4 1 4 1 3 4 4 4 1 1 1 4 1 3
234 0.000767 3 2 3 1 4 3 1 3 3 3 3 3 4 1 3 2 2 1 3 3 1 4 2 3 1 3 2 1 1 4 1 2 1 4 4 1 2 3 3 4 1 2 1 2 1 4 1 3 1 3 2 3 3 4 1 3 4 2 4 3 3 3 1 1 3 4 1 1 1 2 1 4 1 3 4 1 1 2 1 1 4 1 4 1 4 1 3 4 4 4 1 3 1 4 1 3
234 0.124329 3 2 3 3 4 3 1 3 3 3 3 3 4 1 3 2 1 3 3 3 1 4 2 3 1 3 2 1 1 4 1 2 1 4 4 1 2 3 3 4 3 2 1 2 1 4 1 3 1 3 2 3 3 4 1 3 4 2 4 3 3 3 1 1 3 4 1 1 1 2 1 4 1 3 4 1 1 2 1 1 4 1 4 1 4 1 3 4 4 4 1 1 1 4 1 3
234 0.124329 3 2 3 3 4 3 1 3 3 3 3 3 4 1 3 2 1 3 1 3 1 4 2 3 1 3 2 1 1 4 3 2 1 4 4 1 2 3 3 4 1 2 1 2 1 4 1 3 1 3 2 3 3 4 1 3 4 2 4 3 3 3 1 1 3 4 1 1 1 2 1 4 1 3 4 1 1 2 1 1 4 1 4 1 4 1 3 4 2 4 1 1 1 4 1 3
234 0.124329 3 2 3 1 4 3 1 3 3 3 3 3 4 1 3 2 1 3 3 3 1 4 4 3 1 3 2 1 1 4 1 2 1 3 1 1 2 3 3 4 1 2 3 2 1 4 1 3 1 3 2 3 3 4 1 3 4 2 4 3 3 3 1 1 3 4 1 1 1 2 1 4 1 3 4 1 1 2 1 1 4 1 4 1 4 3 3 4 4 4 1 1 3 4 1 3
234 0.000767 3 2 3 1 4 3 1 3 3 3 3 3 4 1 3 2 2 1 3 3 1 4 2 3 1 3 2 1 1 4 1 2 1 4 4 1 2 0 3 4 1 2 1 2 1 4 1 3 1 3 2 3 1 4 1 3 4 2 4 3 3 3 1 1 3 4 1 1 1 2 1 4 1 3 4 1 1 2 1 1 4 1 4 1 4 1 3 4 4 4 1 1 1 4 1 3
234 0.000767 3 2 3 1 4 3 1 3 3 3 3 3 4 1 3 2 2 1 3 3 1 4 2 3 1 3 2 1 1 4 1 2 1 4 4 1 2 3 3 4 1 2 1 2 1 4 1 3 1 3 2 3 3 4 1 3 4 2 4 3 3 3 1 1 3 4 1 1 1 2 1 4 1 3 4 1 1 2 1 1 4 1 4 1 4 1 3 4 4 4 1 1 1 2 3 3
234 0.000767 3 2 3 3 4 3 1 3 3 3 3 3 4 1 3 2 1 3 3 3 1 4 4 3 1 3 2 1 1 4 1 2 1 4 1 1 2 3 3 4 1 2 1 2 1 4 1 3 1 3 2 3 3 4 1 3 4 2 4 3 3 3 1 1 3 4 1 1 1 2 1 4 1 3 4 1 1 2 1 1 4 1 4 1 4 1 3 4 4 4 1 1 1 4 1 3
234 0.124329 3 2 3 1 4 3 1 3 3 3 3 3 4 1 3 2 1 3 3 3 1 4 4 3 1 3 2 1 1 4 1 2 1 3 1 1 2 3 3 4 1 2 3 2 1 4 1 3 1 3 2 3 3 4 1 3 4 2 4 3 3 3 1 1 3 4 1 1 1 2 1 4 1 3 4 1 1 2 1 1 4 1 4 1 4 3 3 4 4 4 1 1 1 4 1 3
234 0.124329 3 2 3 3 4 3 1 1 3 3 3 3 4 1 3 4 2 1 3 3 1 2 2 1 1 3 2 1 1 3 1 4 1 4 4 1 2 3 3 4 1 4 1 2 1 4 1 3 1 3 2 3 3 4 3 3 4 2 4 3 3 0 0 0 0 0 0 0 0 0 0 0 0 0 0 0 0 0 0 1 4 1 4 1 4 1 3 4 4 4 3 1 1 4 1 3
234 0.000767 3 2 3 3 4 1 1 3 3 3 3 3 4 1 3 2 2 1 3 3 1 4 2 3 1 3 2 1 1 4 1 2 1 4 4 1 2 3 3 4 1 2 1 2 1 4 1 3 1 3 2 3 3 4 1 3 4 2 4 3 3 3 1 1 3 4 1 1 1 2 1 4 1 3 4 1 1 2 1 1 4 1 4 1 4 1 3 4 4 4 1 1 1 4 1 3
235 0.124496 1 2 1 3 4 3 1 3 3 3 3 3 4 1 3 2 1 3 3 3 1 4 2 3 1 3 2 1 1 4 1 2 1 4 4 1 2 3 3 1 1 2 1 2 1 2 1 1 1 3 2 1 3 3 1 3 4 2 2 3 1 3 1 1 3 4 1 1 1 2 1 4 1 3 4 1 1 2 1 3 4 1 4 1 4 1 3 4 4 4 1 1 1 4 1 3
235 0.000576 3 2 3 3 4 3 1 3 3 3 3 3 4 1 3 2 1 3 3 3 1 4 4 3 1 1 1 1 1 4 1 2 1 4 1 3 2 3 3 4 1 2 1 2 1 4 1 3 3 3 2 3 3 4 1 3 4 2 4 3 3 3 1 1 3 4 1 1 1 2 1 4 1 3 4 1 1 2 1 1 4 1 4 1 4 1 3 4 4 4 1 1 1 4 1 3
235 0.124496 3 2 3 3 4 3 1 3 3 3 3 3 4 1 3 2 1 3 3 3 1 4 2 3 1 3 2 1 1 4 1 2 1 4 1 1 2 3 3 4 1 2 1 2 1 4 1 3 1 3 2 3 3 4 1 3 4 2 4 3 3 3 1 1 3 4 1 1 1 2 1 4 1 3 4 1 1 2 1 1 4 1 4 1 4 1 3 4 4 4 1 1 1 4 1 3
235 0.000576 3 2 3 1 4 3 1 3 3 3 3 3 4 1 3 2 2 1 3 3 1 4 2 3 1 3 2 1 1 4 1 2 1 4 4 1 2 3 3 4 1 2 1 2 1 4 1 3 1 3 2 3 3 4 1 3 4 2 4 3 3 3 1 1 3 4 1 1 1 2 1 4 1 3 4 1 1 2 1 1 4 1 4 1 4 1 3 4 4 4 1 1 1 4 1 3
235 0.124496 3 2 3 3 4 3 1 3 3 3 3 3 4 1 3 2 1 3 3 3 1 4 2 3 1 3 2 1 1 4 1 2 3 4 4 1 2 3 3 4 3 2 1 2 1 4 1 3 1 3 2 3 3 4 1 3 4 4 4 3 3 3 1 1 3 4 1 1 1 2 1 4 1 3 4 1 1 2 1 1 4 3 4 1 4 1 3 4 4 4 1 1 1 4 1 3
235 0.000576 3 2 3 1 4 3 1 3 3 3 3 3 4 1 3 2 2 1 3 3 1 4 2 3 1 3 2 1 1 4 1 2 1 4 4 1 2 3 3 4 1 2 1 2 1 4 1 3 1 3 2 3 3 4 1 3 4 2 4 3 3 3 1 1 3 4 1 1 1 2 1 4 1 3 4 1 1 2 1 1 4 1 4 1 4 1 3 4 4 4 1 3 1 4 1 3
235 0.124496 3 2 3 3 4 3 1 3 3 3 3 3 4 1 3 2 1 3 3 3 1 4 2 3 1 3 2 1 1 4 1 2 1 4 4 1 2 3 3 4 3 2 1 2 1 4 1 3 1 3 2 3 3 4 1 3 4 2 4 3 3 3 1 1 3 4 1 1 1 2 1 4 1 3 4 1 1 2 1 1 4 1 4 1 4 1 3 4 4 4 1 1 1 4 1 3
235 0.124496 3 2 3 3 4 3 1 3 3 3 3 3 4 1 3 2 1 3 1 3 1 4 2 3 1 3 2 1 1 4 3 2 1 4 4 1 2 3 3 4 1 2 1 2 1 4 1 3 1 3 2 3 3 4 1 3 4 2 4 3 3 3 1 1 3 4 1 1 1 2 1 4 1 3 4 1 1 2 1 1 4 1 4 1 4 1 3 4 2 4 1 1 1 4 1 3
235 0.124496 3 2 3 1 4 3 1 3 3 3 3 3 4 1 3 2 1 3 3 3 1 4 4 3 1 3 2 1 1 4 1 2 1 3 1 1 2 3 3 4 1 2 3 2 1 4 1 3 1 3 2 3 3 4 1 3 4 2 4 3 3 3 1 1 3 4 1 1 1 2 1 4 1 3 4 1 1 2 1 1 4 1 4 1 4 3 3 4 4 4 1 1 3 4 1 3
235 0.000576 3 2 3 1 4 3 1 3 3 3 3 3 4 1 3 2 2 1 3 3 1 4 2 3 1 3 2 1 1 4 1 2 1 4 4 1 2 0 3 4 1 2 1 2 1 4 1 3 1 3 2 3 1 4 1 3 4 2 4 3 3 3 1 1 3 4 1 1 1 2 1 4 1 3 4 1 1 2 1 1 4 1 4 1 4 1 3 4 4 4 1 1 1 4 1 3
235 0.000576 3 2 3 1 4 3 1 3 3 3 3 3 4 1 3 2 2 1 3 3 1 4 2 3 1 3 2 1 1 4 1 2 1 4 4 1 2 3 3 4 1 2 1 2 1 4 1 3 1 3 2 3 3 4 1 3 4 2 4 3 3 3 1 1 3 4 1 1 1 2 1 4 1 3 4 1 1 2 1 1 4 1 4 1 4 1 3 4 4 4 1 1 1 2 3 3
235 0.000576 3 2 3 3 4 3 1 3 3 3 3 3 4 1 3 2 1 3 3 3 1 4 4 3 1 3 2 1 1 4 1 2 1 4 1 1 2 3 3 4 1 2 1 2 1 4 1 3 1 3 2 3 3 4 1 3 4 2 4 3 3 3 1 1 3 4 1 1 1 2 1 4 1 3 4 1 1 2 1 1 4 1 4 1 4 1 3 4 4 4 1 1 1 4 1 3
235 0.124496 3 2 3 1 4 3 1 3 3 3 3 3 4 1 3 2 1 3 3 3 1 4 4 3 1 3 2 1 1 4 1 2 1 3 1 1 2 3 3 4 1 2 3 2 1 4 1 3 1 3 2 3 3 4 1 3 4 2 4 3 3 3 1 1 3 4 1 1 1 2 1 4 1 3 4 1 1 2 1 1 4 1 4 1 4 3 3 4 4 4 1 1 1 4 1 3
235 0.124496 3 2 3 3 4 3 1 1 3 3 3 3 4 1 3 4 2 1 3 3 1 2 2 1 1 3 2 1 1 3 1 4 1 4 4 1 2 3 3 4 1 4 1 2 1 4 1 3 1 3 2 3 3 4 3 3 4 2 4 3 3 0 0 0 0 0 0 0 0 0 0 0 0 0 0 0 0 0 0 1 4 1 4 1 4 1 3 4 4 4 3 1 1 4 1 3
235 0.000576 3 2 3 3 4 1 1 3 3 3 3 3 4 1 3 2 2 1 3 3 1 4 2 3 1 3 2 1 1 4 1 2 1 4 4 1 2 3 3 4 1 2 1 2 1 4 1 3 1 3 2 3 3 4 1 3 4 2 4 3 3 3 1 1 3 4 1 1 1 2 1 4 1 3 4 1 1 2 1 1 4 1 4 1 4 1 3 4 4 4 1 1 1 4 1 3
236 0.124645 1 2 1 3 4 3 1 3 3 3 3 3 4 1 3 2 1 3 3 3 1 4 2 3 1 3 2 1 1 4 1 2 1 4 4 1 2 3 3 1 1 2 1 2 1 2 1 1 1 3 2 1 3 3 1 3 4 2 2 3 1 3 1 1 3 4 1 1 1 2 1 4 1 3 4 1 1 2 1 3 4 1 4 1 4 1 3 4 4 4 1 1 1 4 1 3
236 0.000406 3 2 3 3 4 3 1 3 3 3 3 3 4 1 3 2 1 3 3 3 1 4 4 3 1 1 1 1 1 4 1 2 1 4 1 3 2 3 3 4 1 2 1 2 1 4 1 3 3 3 2 3 3 4 1 3 4 2 4 3 3 3 1 1 3 4 1 1 1 2 1 4 1 3 4 1 1 2 1 1 4 1 4 1 4 1 3 4 4 4 1 1 1 4 1 3
236 0.124645 3 2 3 3 4 3 1 3 3 3 3 3 4 1 3 2 1 3 3 3 1 4 2 3 1 3 2 1 1 4 1 2 1 4 1 1 2 3 3 4 1 2 1 2 1 4 1 3 1 3 2 3 3 4 1 3 4 2 4 3 3 3 1 1 3 4 1 1 1 2 1 4 1 3 4 1 1 2 1 1 4 1 4 1 4 1 3 4 4 4 1 1 1 4 1 3
236 0.000406 3 2 3 1 4 3 1 3 3 3 3 3 4 1 3 2 2 1 3 3 1 4 2 3 1 3 2 1 1 4 1 2 1 4 4 1 2 3 3 4 1 2 1 2 1 4 1 3 1 3 2 3 3 4 1 3 4 2 4 3 3 3 1 1 3 4 1 1 1 2 1 4 1 3 4 1 1 2 1 1 4 1 4 1 4 1 3 4 4 4 1 1 1 4 1 3
236 0.124645 3 2 3 3 4 3 1 3 3 3 3 3 4 1 3 2 1 3 3 3 1 4 2 3 1 3 2 1 1 4 1 2 3 4 4 1 2 3 3 4 3 2 1 2 1 4 1 3 1 3 2 3 3 4 1 3 4 4 4 3 3 3 1 1 3 4 1 1 1 2 1 4 1 3 4 1 1 2 1 1 4 3 4 1 4 1 3 4 4 4 1 1 1 4 1 3
236 0.000406 3 2 3 1 4 3 1 3 3 3 3 3 4 1 3 2 2 1 3 3 1 4 2 3 1 3 2 1 1 4 1 2 1 4 4 1 2 3 3 4 1 2 1 2 1 4 1 3 1 3 2 3 3 4 1 3 4 2 4 3 3 3 1 1 3 4 1 1 1 2 1 4 1 3 4 1 1 2 1 1 4 1 4 1 4 1 3 4 4 4 1 3 1 4 1 3
236 0.124645 3 2 3 3 4 3 1 3 3 3 3 3 4 1 3 2 1 3 3 3 1 4 2 3 1 3 2 1 1 4 1 2 1 4 4 1 2 3 3 4 3 2 1 2 1 4 1 3 1 3 2 3 3 4 1 3 4 2 4 3 3 3 1 1 3 4 1 1 1 2 1 4 1 3 4 1 1 2 1 1 4 1 4 1 4 1 3 4 4 4 1 1 1 4 1 3
236 0.124645 3 2 3 3 4 3 1 3 3 3 3 3 4 1 3 2 1 3 1 3 1 4 2 3 1 3 2 1 1 4 3 2 1 4 4 1 2 3 3 4 1 2 1 2 1 4 1 3 1 3 2 3 3 4 1 3 4 2 4 3 3 3 1 1 3 4 1 1 1 2 1 4 1 3 4 1 1 2 1 1 4 1 4 1 4 1 3 4 2 4 1 1 1 4 1 3
236 0.124645 3 2 3 1 4 3 1 3 3 3 3 3 4 1 3 2 1 3 3 3 1 4 4 3 1 3 2 1 1 4 1 2 1 3 1 1 2 3 3 4 1 2 3 2 1 4 1 3 1 3 2 3 3 4 1 3 4 2 4 3 3 3 1 1 3 4 1 1 1 2 1 4 1 3 4 1 1 2 1 1 4 1 4 1 4 3 3 4 4 4 1 1 3 4 1 3
236 0.000406 3 2 3 1 4 3 1 3 3 3 3 3 4 1 3 2 2 1 3 3 1 4 2 3 1 3 2 1 1 4 1 2 1 4 4 1 2 0 3 4 1 2 1 2 1 4 1 3 1 3 2 3 1 4 1 3 4 2 4 3 3 3 1 1 3 4 1 1 1 2 1 4 1 3 4 1 1 2 1 1 4 1 4 1 4 1 3 4 4 4 1 1 1 4 1 3
236 0.000406 3 2 3 1 4 3 1 3 3 3 3 3 4 1 3 2 2 1 3 3 1 4 2 3 1 3 2 1 1 4 1 2 1 4 4 1 2 3 3 4 1 2 1 2 1 4 1 3 1 3 2 3 3 4 1 3 4 2 4 3 3 3 1 1 3 4 1 1 1 2 1 4 1 3 4 1 1 2 1 1 4 1 4 1 4 1 3 4 4 4 1 1 1 2 3 3
236 0.000406 3 2 3 3 4 3 1 3 3 3 3 3 4 1 3 2 1 3 3 3 1 4 4 3 1 3 2 1 1 4 1 2 1 4 1 1 2 3 3 4 1 2 1 2 1 4 1 3 1 3 2 3 3 4 1 3 4 2 4 3 3 3 1 1 3 4 1 1 1 2 1 4 1 3 4 1 1 2 1 1 4 1 4 1 4 1 3 4 4 4 1 1 1 4 1 3
236 0.124645 3 2 3 1 4 3 1 3 3 3 3 3 4 1 3 2 1 3 3 3 1 4 4 3 1 3 2 1 1 4 1 2 1 3 1 1 2 3 3 4 1 2 3 2 1 4 1 3 1 3 2 3 3 4 1 3 4 2 4 3 3 3 1 1 3 4 1 1 1 2 1 4 1 3 4 1 1 2 1 1 4 1 4 1 4 3 3 4 4 4 1 1 1 4 1 3
236 0.124645 3 2 3 3 4 3 1 1 3 3 3 3 4 1 3 4 2 1 3 3 1 2 2 1 1 3 2 1 1 3 1 4 1 4 4 1 2 3 3 4 1 4 1 2 1 4 1 3 1 3 2 3 3 4 3 3 4 2 4 3 3 0 0 0 0 0 0 0 0 0 0 0 0 0 0 0 0 0 0 1 4 1 4 1 4 1 3 4 4 4 3 1 1 4 1 3
236 0.000406 3 2 3 3 4 1 1 3 3 3 3 3 4 1 3 2 2 1 3 3 1 4 2 3 1 3 2 1 1 4 1 2 1 4 4 1 2 3 3 4 1 2 1 2 1 4 1 3 1 3 2 3 3 4 1 3 4 2 4 3 3 3 1 1 3 4 1 1 1 2 1 4 1 3 4 1 1 2 1 1 4 1 4 1 4 1 3 4 4 4 1 1 1 4 1 3
237 0.124777 1 2 1 3 4 3 1 3 3 3 3 3 4 1 3 2 1 3 3 3 1 4 2 3 1 3 2 1 1 4 1 2 1 4 4 1 2 3 3 1 1 2 1 2 1 2 1 1 1 3 2 1 3 3 1 3 4 2 2 3 1 3 1 1 3 4 1 1 1 2 1 4 1 3 4 1 1 2 1 3 4 1 4 1 4 1 3 4 4 4 1 1 1 4 1 3
237 0.000255 3 2 3 3 4 3 1 3 3 3 3 3 4 1 3 2 1 3 3 3 1 4 4 3 1 1 1 1 1 4 1 2 1 4 1 3 2 3 3 4 1 2 1 2 1 4 1 3 3 3 2 3 3 4 1 3 4 2 4 3 3 3 1 1 3 4 1 1 1 2 1 4 1 3 4 1 1 2 1 1 4 1 4 1 4 1 3 4 4 4 1 1 1 4 1 3
237 0.124777 3 2 3 3 4 3 1 3 3 3 3 3 4 1 3 2 1 3 3 3 1 4 2 3 1 3 2 1 1 4 1 2 1 4 1 1 2 3 3 4 1 2 1 2 1 4 1 3 1 3 2 3 3 4 1 3 4 2 4 3 3 3 1 1 3 4 1 1 1 2 1 4 1 3 4 1 1 2 1 1 4 1 4 1 4 1 3 4 4 4 1 1 1 4 1 3
237 0.000255 3 2 3 1 4 3 1 3 3 3 3 3 4 1 3 2 2 1 3 3 1 4 2 3 1 3 2 1 1 4 1 2 1 4 4 1 2 3 3 4 1 2 1 2 1 4 1 3 1 3 2 3 3 4 1 3 4 2 4 3 3 3 1 1 3 4 1 1 1 2 1 4 1 3 4 1 1 2 1 1 4 1 4 1 4 1 3 4 4 4 1 1 1 4 1 3
237 0.124777 3 2 3 3 4 3 1 3 3 3 3 3 4 1 3 2 1 3 3 3 1 4 2 3 1 3 2 1 1 4 1 2 3 4 4 1 2 3 3 4 3 2 1 2 1 4 1 3 1 3 2 3 3 4 1 3 4 4 4 3 3 3 1 1 3 4 1 1 1 2 1 4 1 3 4 1 1 2 1 1 4 3 4 1 4 1 3 4 4 4 1 1 1 4 1 3
237 0.000255 3 2 3 1 4 3 1 3 3 3 3 3 4 1 3 2 2 1 3 3 1 4 2 3 1 3 2 1 1 4 1 2 1 4 4 1 2 3 3 4 1 2 1 2 1 4 1 3 1 3 2 3 3 4 1 3 4 2 4 3 3 3 1 1 3 4 1 1 1 2 1 4 1 3 4 1 1 2 1 1 4 1 4 1 4 1 3 4 4 4 1 3 1 4 1 3
237 0.124777 3 2 3 3 4 3 1 3 3 3 3 3 4 1 3 2 1 3 3 3 1 4 2 3 1 3 2 1 1 4 1 2 1 4 4 1 2 3 3 4 3 2 1 2 1 4 1 3 1 3 2 3 3 4 1 3 4 2 4 3 3 3 1 1 3 4 1 1 1 2 1 4 1 3 4 1 1 2 1 1 4 1 4 1 4 1 3 4 4 4 1 1 1 4 1 3
237 0.124777 3 2 3 3 4 3 1 3 3 3 3 3 4 1 3 2 1 3 1 3 1 4 2 3 1 3 2 1 1 4 3 2 1 4 4 1 2 3 3 4 1 2 1 2 1 4 1 3 1 3 2 3 3 4 1 3 4 2 4 3 3 3 1 1 3 4 1 1 1 2 1 4 1 3 4 1 1 2 1 1 4 1 4 1 4 1 3 4 2 4 1 1 1 4 1 3
237 0.124777 3 2 3 1 4 3 1 3 3 3 3 3 4 1 3 2 1 3 3 3 1 4 4 3 1 3 2 1 1 4 1 2 1 3 1 1 2 3 3 4 1 2 3 2 1 4 1 3 1 3 2 3 3 4 1 3 4 2 4 3 3 3 1 1 3 4 1 1 1 2 1 4 1 3 4 1 1 2 1 1 4 1 4 1 4 3 3 4 4 4 1 1 3 4 1 3
237 0.000255 3 2 3 1 4 3 1 3 3 3 3 3 4 1 3 2 2 1 3 3 1 4 2 3 1 3 2 1 1 4 1 2 1 4 4 1 2 0 3 4 1 2 1 2 1 4 1 3 1 3 2 3 1 4 1 3 4 2 4 3 3 3 1 1 3 4 1 1 1 2 1 4 1 3 4 1 1 2 1 1 4 1 4 1 4 1 3 4 4 4 1 1 1 4 1 3
237 0.000255 3 2 3 1 4 3 1 3 3 3 3 3 4 1 3 2 2 1 3 3 1 4 2 3 1 3 2 1 1 4 1 2 1 4 4 1 2 3 3 4 1 2 1 2 1 4 1 3 1 3 2 3 3 4 1 3 4 2 4 3 3 3 1 1 3 4 1 1 1 2 1 4 1 3 4 1 1 2 1 1 4 1 4 1 4 1 3 4 4 4 1 1 1 2 3 3
237 0.000255 3 2 3 3 4 3 1 3 3 3 3 3 4 1 3 2 1 3 3 3 1 4 4 3 1 3 2 1 1 4 1 2 1 4 1 1 2 3 3 4 1 2 1 2 1 4 1 3 1 3 2 3 3 4 1 3 4 2 4 3 3 3 1 1 3 4 1 1 1 2 1 4 1 3 4 1 1 2 1 1 4 1 4 1 4 1 3 4 4 4 1 1 1 4 1 3
237 0.124777 3 2 3 1 4 3 1 3 3 3 3 3 4 1 3 2 1 3 3 3 1 4 4 3 1 3 2 1 1 4 1 2 1 3 1 1 2 3 3 4 1 2 3 2 1 4 1 3 1 3 2 3 3 4 1 3 4 2 4 3 3 3 1 1 3 4 1 1 1 2 1 4 1 3 4 1 1 2 1 1 4 1 4 1 4 3 3 4 4 4 1 1 1 4 1 3
237 0.124777 3 2 3 3 4 3 1 1 3 3 3 3 4 1 3 4 2 1 3 3 1 2 2 1 1 3 2 1 1 3 1 4 1 4 4 1 2 3 3 4 1 4 1 2 1 4 1 3 1 3 2 3 3 4 3 3 4 2 4 3 3 0 0 0 0 0 0 0 0 0 0 0 0 0 0 0 0 0 0 1 4 1 4 1 4 1 3 4 4 4 3 1 1 4 1 3
237 0.000255 3 2 3 3 4 1 1 3 3 3 3 3 4 1 3 2 2 1 3 3 1 4 2 3 1 3 2 1 1 4 1 2 1 4 4 1 2 3 3 4 1 2 1 2 1 4 1 3 1 3 2 3 3 4 1 3 4 2 4 3 3 3 1 1 3 4 1 1 1 2 1 4 1 3 4 1 1 2 1 1 4 1 4 1 4 1 3 4 4 4 1 1 1 4 1 3
238 0.124895 1 2 1 3 4 3 1 3 3 3 3 3 4 1 3 2 1 3 3 3 1 4 2 3 1 3 2 1 1 4 1 2 1 4 4 1 2 3 3 1 1 2 1 2 1 2 1 1 1 3 2 1 3 3 1 3 4 2 2 3 1 3 1 1 3 4 1 1 1 2 1 4 1 3 4 1 1 2 1 3 4 1 4 1 4 1 3 4 4 4 1 1 1 4 1 3
238 0.000120 3 2 3 3 4 3 1 3 3 3 3 3 4 1 3 2 1 3 3 3 1 4 4 3 1 1 1 1 1 4 1 2 1 4 1 3 2 3 3 4 1 2 1 2 1 4 1 3 3 3 2 3 3 4 1 3 4 2 4 3 3 3 1 1 3 4 1 1 1 2 1 4 1 3 4 1 1 2 1 1 4 1 4 1 4 1 3 4 4 4 1 1 1 4 1 3
238 0.124895 3 2 3 3 4 3 1 3 3 3 3 3 4 1 3 2 1 3 3 3 1 4 2 3 1 3 2 1 1 4 1 2 1 4 1 1 2 3 3 4 1 2 1 2 1 4 1 3 1 3 2 3 3 4 1 3 4 2 4 3 3 3 1 1 3 4 1 1 1 2 1 4 1 3 4 1 1 2 1 1 4 1 4 1 4 1 3 4 4 4 1 1 1 4 1 3
238 0.000120 3 2 3 1 4 3 1 3 3 3 3 3 4 1 3 2 2 1 3 3 1 4 2 3 1 3 2 1 1 4 1 2 1 4 4 1 2 3 3 4 1 2 1 2 1 4 1 3 1 3 2 3 3 4 1 3 4 2 4 3 3 3 1 1 3 4 1 1 1 2 1 4 1 3 4 1 1 2 1 1 4 1 4 1 4 1 3 4 4 4 1 1 1 4 1 3
238 0.124895 3 2 3 3 4 3 1 3 3 3 3 3 4 1 3 2 1 3 3 3 1 4 2 3 1 3 2 1 1 4 1 2 3 4 4 1 2 3 3 4 3 2 1 2 1 4 1 3 1 3 2 3 3 4 1 3 4 4 4 3 3 3 1 1 3 4 1 1 1 2 1 4 1 3 4 1 1 2 1 1 4 3 4 1 4 1 3 4 4 4 1 1 1 4 1 3
238 0.000120 3 2 3 1 4 3 1 3 3 3 3 3 4 1 3 2 2 1 3 3 1 4 2 3 1 3 2 1 1 4 1 2 1 4 4 1 2 3 3 4 1 2 1 2 1 4 1 3 1 3 2 3 3 4 1 3 4 2 4 3 3 3 1 1 3 4 1 1 1 2 1 4 1 3 4 1 1 2 1 1 4 1 4 1 4 1 3 4 4 4 1 3 1 4 1 3
238 0.124895 3 2 3 3 4 3 1 3 3 3 3 3 4 1 3 2 1 3 3 3 1 4 2 3 1 3 2 1 1 4 1 2 1 4 4 1 2 3 3 4 3 2 1 2 1 4 1 3 1 3 2 3 3 4 1 3 4 2 4 3 3 3 1 1 3 4 1 1 1 2 1 4 1 3 4 1 1 2 1 1 4 1 4 1 4 1 3 4 4 4 1 1 1 4 1 3
238 0.124895 3 2 3 3 4 3 1 3 3 3 3 3 4 1 3 2 1 3 1 3 1 4 2 3 1 3 2 1 1 4 3 2 1 4 4 1 2 3 3 4 1 2 1 2 1 4 1 3 1 3 2 3 3 4 1 3 4 2 4 3 3 3 1 1 3 4 1 1 1 2 1 4 1 3 4 1 1 2 1 1 4 1 4 1 4 1 3 4 2 4 1 1 1 4 1 3
238 0.124895 3 2 3 1 4 3 1 3 3 3 3 3 4 1 3 2 1 3 3 3 1 4 4 3 1 3 2 1 1 4 1 2 1 3 1 1 2 3 3 4 1 2 3 2 1 4 1 3 1 3 2 3 3 4 1 3 4 2 4 3 3 3 1 1 3 4 1 1 1 2 1 4 1 3 4 1 1 2 1 1 4 1 4 1 4 3 3 4 4 4 1 1 3 4 1 3
238 0.000120 3 2 3 1 4 3 1 3 3 3 3 3 4 1 3 2 2 1 3 3 1 4 2 3 1 3 2 1 1 4 1 2 1 4 4 1 2 0 3 4 1 2 1 2 1 4 1 3 1 3 2 3 1 4 1 3 4 2 4 3 3 3 1 1 3 4 1 1 1 2 1 4 1 3 4 1 1 2 1 1 4 1 4 1 4 1 3 4 4 4 1 1 1 4 1 3
238 0.000120 3 2 3 1 4 3 1 3 3 3 3 3 4 1 3 2 2 1 3 3 1 4 2 3 1 3 2 1 1 4 1 2 1 4 4 1 2 3 3 4 1 2 1 2 1 4 1 3 1 3 2 3 3 4 1 3 4 2 4 3 3 3 1 1 3 4 1 1 1 2 1 4 1 3 4 1 1 2 1 1 4 1 4 1 4 1 3 4 4 4 1 1 1 2 3 3
238 0.000120 3 2 3 3 4 3 1 3 3 3 3 3 4 1 3 2 1 3 3 3 1 4 4 3 1 3 2 1 1 4 1 2 1 4 1 1 2 3 3 4 1 2 1 2 1 4 1 3 1 3 2 3 3 4 1 3 4 2 4 3 3 3 1 1 3 4 1 1 1 2 1 4 1 3 4 1 1 2 1 1 4 1 4 1 4 1 3 4 4 4 1 1 1 4 1 3
238 0.124895 3 2 3 1 4 3 1 3 3 3 3 3 4 1 3 2 1 3 3 3 1 4 4 3 1 3 2 1 1 4 1 2 1 3 1 1 2 3 3 4 1 2 3 2 1 4 1 3 1 3 2 3 3 4 1 3 4 2 4 3 3 3 1 1 3 4 1 1 1 2 1 4 1 3 4 1 1 2 1 1 4 1 4 1 4 3 3 4 4 4 1 1 1 4 1 3
238 0.124895 3 2 3 3 4 3 1 1 3 3 3 3 4 1 3 4 2 1 3 3 1 2 2 1 1 3 2 1 1 3 1 4 1 4 4 1 2 3 3 4 1 4 1 2 1 4 1 3 1 3 2 3 3 4 3 3 4 2 4 3 3 0 0 0 0 0 0 0 0 0 0 0 0 0 0 0 0 0 0 1 4 1 4 1 4 1 3 4 4 4 3 1 1 4 1 3
238 0.000120 3 2 3 3 4 1 1 3 3 3 3 3 4 1 3 2 2 1 3 3 1 4 2 3 1 3 2 1 1 4 1 2 1 4 4 1 2 3 3 4 1 2 1 2 1 4 1 3 1 3 2 3 3 4 1 3 4 2 4 3 3 3 1 1 3 4 1 1 1 2 1 4 1 3 4 1 1 2 1 1 4 1 4 1 4 1 3 4 4 4 1 1 1 4 1 3
239 0.125000 1 2 1 3 4 3 1 3 3 3 3 3 4 1 3 2 1 3 3 3 1 4 2 3 1 3 2 1 1 4 1 2 1 4 4 1 2 3 3 1 1 2 1 2 1 2 1 1 1 3 2 1 3 3 1 3 4 2 2 3 1 3 1 1 3 4 1 1 1 2 1 4 1 3 4 1 1 2 1 3 4 1 4 1 4 1 3 4 4 4 1 1 1 4 1 3
239 0.125000 3 2 3 3 4 3 1 3 3 3 3 3 4 1 3 2 1 3 3 3 1 4 2 3 1 3 2 1 1 4 1 2 1 4 1 1 2 3 3 4 1 2 1 2 1 4 1 3 1 3 2 3 3 4 1 3 4 2 4 3 3 3 1 1 3 4 1 1 1 2 1 4 1 3 4 1 1 2 1 1 4 1 4 1 4 1 3 4 4 4 1 1 1 4 1 3
239 0.125000 3 2 3 3 4 3 1 3 3 3 3 3 4 1 3 2 1 3 3 3 1 4 2 3 1 3 2 1 1 4 1 2 3 4 4 1 2 3 3 4 3 2 1 2 1 4 1 3 1 3 2 3 3 4 1 3 4 4 4 3 3 3 1 1 3 4 1 1 1 2 1 4 1 3 4 1 1 2 1 1 4 3 4 1 4 1 3 4 4 4 1 1 1 4 1 3
239 0.125000 3 2 3 3 4 3 1 3 3 3 3 3 4 1 3 2 1 3 3 3 1 4 2 3 1 3 2 1 1 4 1 2 1 4 4 1 2 3 3 4 3 2 1 2 1 4 1 3 1 3 2 3 3 4 1 3 4 2 4 3 3 3 1 1 3 4 1 1 1 2 1 4 1 3 4 1 1 2 1 1 4 1 4 1 4 1 3 4 4 4 1 1 1 4 1 3
239 0.125000 3 2 3 3 4 3 1 3 3 3 3 3 4 1 3 2 1 3 1 3 1 4 2 3 1 3 2 1 1 4 3 2 1 4 4 1 2 3 3 4 1 2 1 2 1 4 1 3 1 3 2 3 3 4 1 3 4 2 4 3 3 3 1 1 3 4 1 1 1 2 1 4 1 3 4 1 1 2 1 1 4 1 4 1 4 1 3 4 2 4 1 1 1 4 1 3
239 0.125000 3 2 3 1 4 3 1 3 3 3 3 3 4 1 3 2 1 3 3 3 1 4 4 3 1 3 2 1 1 4 1 2 1 3 1 1 2 3 3 4 1 2 3 2 1 4 1 3 1 3 2 3 3 4 1 3 4 2 4 3 3 3 1 1 3 4 1 1 1 2 1 4 1 3 4 1 1 2 1 1 4 1 4 1 4 3 3 4 4 4 1 1 3 4 1 3
239 0.125000 3 2 3 1 4 3 1 3 3 3 3 3 4 1 3 2 1 3 3 3 1 4 4 3 1 3 2 1 1 4 1 2 1 3 1 1 2 3 3 4 1 2 3 2 1 4 1 3 1 3 2 3 3 4 1 3 4 2 4 3 3 3 1 1 3 4 1 1 1 2 1 4 1 3 4 1 1 2 1 1 4 1 4 1 4 3 3 4 4 4 1 1 1 4 1 3
239 0.125000 3 2 3 3 4 3 1 1 3 3 3 3 4 1 3 4 2 1 3 3 1 2 2 1 1 3 2 1 1 3 1 4 1 4 4 1 2 3 3 4 1 4 1 2 1 4 1 3 1 3 2 3 3 4 3 3 4 2 4 3 3 0 0 0 0 0 0 0 0 0 0 0 0 0 0 0 0 0 0 1 4 1 4 1 4 1 3 4 4 4 3 1 1 4 1 3
240 0.125000 1 2 1 3 4 3 1 3 3 3 3 3 4 1 3 2 1 3 3 3 1 4 2 3 1 3 2 1 1 4 1 2 1 4 4 1 2 3 3 1 1 2 1 2 1 2 1 1 1 3 2 1 3 3 1 3 4 2 2 3 1 3 1 1 3 4 1 1 1 2 1 4 1 3 4 1 1 2 1 3 4 1 4 1 4 1 3 4 4 4 1 1 1 4 1 3
240 0.125000 3 2 3 3 4 3 1 3 3 3 3 3 4 1 3 2 1 3 3 3 1 4 2 3 1 3 2 1 1 4 1 2 1 4 1 1 2 3 3 4 1 2 1 2 1 4 1 3 1 3 2 3 3 4 1 3 4 2 4 3 3 3 1 1 3 4 1 1 1 2 1 4 1 3 4 1 1 2 1 1 4 1 4 1 4 1 3 4 4 4 1 1 1 4 1 3
240 0.125000 3 2 3 3 4 3 1 3 3 3 3 3 4 1 3 2 1 3 3 3 1 4 2 3 1 3 2 1 1 4 1 2 3 4 4 1 2 3 3 4 3 2 1 2 1 4 1 3 1 3 2 3 3 4 1 3 4 4 4 3 3 3 1 1 3 4 1 1 1 2 1 4 1 3 4 1 1 2 1 1 4 3 4 1 4 1 3 4 4 4 1 1 1 4 1 3
240 0.125000 3 2 3 3 4 3 1 3 3 3 3 3 4 1 3 2 1 3 3 3 1 4 2 3 1 3 2 1 1 4 1 2 1 4 4 1 2 3 3 4 3 2 1 2 1 4 1 3 1 3 2 3 3 4 1 3 4 2 4 3 3 3 1 1 3 4 1 1 1 2 1 4 1 3 4 1 1 2 1 1 4 1 4 1 4 1 3 4 4 4 1 1 1 4 1 3
240 0.125000 3 2 3 3 4 3 1 3 3 3 3 3 4 1 3 2 1 3 1 3 1 4 2 3 1 3 2 1 1 4 3 2 1 4 4 1 2 3 3 4 1 2 1 2 1 4 1 3 1 3 2 3 3 4 1 3 4 2 4 3 3 3 1 1 3 4 1 1 1 2 1 4 1 3 4 1 1 2 1 1 4 1 4 1 4 1 3 4 2 4 1 1 1 4 1 3
240 0.125000 3 2 3 1 4 3 1 3 3 3 3 3 4 1 3 2 1 3 3 3 1 4 4 3 1 3 2 1 1 4 1 2 1 3 1 1 2 3 3 4 1 2 3 2 1 4 1 3 1 3 2 3 3 4 1 3 4 2 4 3 3 3 1 1 3 4 1 1 1 2 1 4 1 3 4 1 1 2 1 1 4 1 4 1 4 3 3 4 4 4 1 1 3 4 1 3
240 0.125000 3 2 3 1 4 3 1 3 3 3 3 3 4 1 3 2 1 3 3 3 1 4 4 3 1 3 2 1 1 4 1 2 1 3 1 1 2 3 3 4 1 2 3 2 1 4 1 3 1 3 2 3 3 4 1 3 4 2 4 3 3 3 1 1 3 4 1 1 1 2 1 4 1 3 4 1 1 2 1 1 4 1 4 1 4 3 3 4 4 4 1 1 1 4 1 3
240 0.125000 3 2 3 3 4 3 1 1 3 3 3 3 4 1 3 4 2 1 3 3 1 2 2 1 1 3 2 1 1 3 1 4 1 4 4 1 2 3 3 4 1 4 1 2 1 4 1 3 1 3 2 3 3 4 3 3 4 2 4 3 3 0 0 0 0 0 0 0 0 0 0 0 0 0 0 0 0 0 0 1 4 1 4 1 4 1 3 4 4 4 3 1 1 4 1 3
241 0.125000 1 2 1 3 4 3 1 3 3 3 3 3 4 1 3 2 1 3 3 3 1 4 2 3 1 3 2 1 1 4 1 2 1 4 4 1 2 3 3 1 1 2 1 2 1 2 1 1 1 3 2 1 3 3 1 3 4 2 2 3 1 3 1 1 3 4 1 1 1 2 1 4 1 3 4 1 1 2 1 3 4 1 4 1 4 1 3 4 4 4 1 1 1 4 1 3
241 0.125000 3 2 3 3 4 3 1 3 3 3 3 3 4 1 3 2 1 3 3 3 1 4 2 3 1 3 2 1 1 4 1 2 1 4 1 1 2 3 3 4 1 2 1 2 1 4 1 3 1 3 2 3 3 4 1 3 4 2 4 3 3 3 1 1 3 4 1 1 1 2 1 4 1 3 4 1 1 2 1 1 4 1 4 1 4 1 3 4 4 4 1 1 1 4 1 3
241 0.125000 3 2 3 3 4 3 1 3 3 3 3 3 4 1 3 2 1 3 3 3 1 4 2 3 1 3 2 1 1 4 1 2 3 4 4 1 2 3 3 4 3 2 1 2 1 4 1 3 1 3 2 3 3 4 1 3 4 4 4 3 3 3 1 1 3 4 1 1 1 2 1 4 1 3 4 1 1 2 1 1 4 3 4 1 4 1 3 4 4 4 1 1 1 4 1 3
241 0.125000 3 2 3 3 4 3 1 3 3 3 3 3 4 1 3 2 1 3 3 3 1 4 2 3 1 3 2 1 1 4 1 2 1 4 4 1 2 3 3 4 3 2 1 2 1 4 1 3 1 3 2 3 3 4 1 3 4 2 4 3 3 3 1 1 3 4 1 1 1 2 1 4 1 3 4 1 1 2 1 1 4 1 4 1 4 1 3 4 4 4 1 1 1 4 1 3
241 0.125000 3 2 3 3 4 3 1 3 3 3 3 3 4 1 3 2 1 3 1 3 1 4 2 3 1 3 2 1 1 4 3 2 1 4 4 1 2 3 3 4 1 2 1 2 1 4 1 3 1 3 2 3 3 4 1 3 4 2 4 3 3 3 1 1 3 4 1 1 1 2 1 4 1 3 4 1 1 2 1 1 4 1 4 1 4 1 3 4 2 4 1 1 1 4 1 3
241 0.125000 3 2 3 1 4 3 1 3 3 3 3 3 4 1 3 2 1 3 3 3 1 4 4 3 1 3 2 1 1 4 1 2 1 3 1 1 2 3 3 4 1 2 3 2 1 4 1 3 1 3 2 3 3 4 1 3 4 2 4 3 3 3 1 1 3 4 1 1 1 2 1 4 1 3 4 1 1 2 1 1 4 1 4 1 4 3 3 4 4 4 1 1 3 4 1 3
241 0.125000 3 2 3 1 4 3 1 3 3 3 3 3 4 1 3 2 1 3 3 3 1 4 4 3 1 3 2 1 1 4 1 2 1 3 1 1 2 3 3 4 1 2 3 2 1 4 1 3 1 3 2 3 3 4 1 3 4 2 4 3 3 3 1 1 3 4 1 1 1 2 1 4 1 3 4 1 1 2 1 1 4 1 4 1 4 3 3 4 4 4 1 1 1 4 1 3
241 0.125000 3 2 3 3 4 3 1 1 3 3 3 3 4 1 3 4 2 1 3 3 1 2 2 1 1 3 2 1 1 3 1 4 1 4 4 1 2 3 3 4 1 4 1 2 1 4 1 3 1 3 2 3 3 4 3 3 4 2 4 3 3 0 0 0 0 0 0 0 0 0 0 0 0 0 0 0 0 0 0 1 4 1 4 1 4 1 3 4 4 4 3 1 1 4 1 3
242 0.125000 1 2 1 3 4 3 1 3 3 3 3 3 4 1 3 2 1 3 3 3 1 4 2 3 1 3 2 1 1 4 1 2 1 4 4 1 2 3 3 1 1 2 1 2 1 2 1 1 1 3 2 1 3 3 1 3 4 2 2 3 1 3 1 1 3 4 1 1 1 2 1 4 1 3 4 1 1 2 1 3 4 1 4 1 4 1 3 4 4 4 1 1 1 4 1 3
242 0.125000 3 2 3 3 4 3 1 3 3 3 3 3 4 1 3 2 1 3 3 3 1 4 2 3 1 3 2 1 1 4 1 2 1 4 1 1 2 3 3 4 1 2 1 2 1 4 1 3 1 3 2 3 3 4 1 3 4 2 4 3 3 3 1 1 3 4 1 1 1 2 1 4 1 3 4 1 1 2 1 1 4 1 4 1 4 1 3 4 4 4 1 1 1 4 1 3
242 0.125000 3 2 3 3 4 3 1 3 3 3 3 3 4 1 3 2 1 3 3 3 1 4 2 3 1 3 2 1 1 4 1 2 3 4 4 1 2 3 3 4 3 2 1 2 1 4 1 3 1 3 2 3 3 4 1 3 4 4 4 3 3 3 1 1 3 4 1 1 1 2 1 4 1 3 4 1 1 2 1 1 4 3 4 1 4 1 3 4 4 4 1 1 1 4 1 3
242 0.125000 3 2 3 3 4 3 1 3 3 3 3 3 4 1 3 2 1 3 3 3 1 4 2 3 1 3 2 1 1 4 1 2 1 4 4 1 2 3 3 4 3 2 1 2 1 4 1 3 1 3 2 3 3 4 1 3 4 2 4 3 3 3 1 1 3 4 1 1 1 2 1 4 1 3 4 1 1 2 1 1 4 1 4 1 4 1 3 4 4 4 1 1 1 4 1 3
242 0.125000 3 2 3 3 4 3 1 3 3 3 3 3 4 1 3 2 1 3 1 3 1 4 2 3 1 3 2 1 1 4 3 2 1 4 4 1 2 3 3 4 1 2 1 2 1 4 1 3 1 3 2 3 3 4 1 3 4 2 4 3 3 3 1 1 3 4 1 1 1 2 1 4 1 3 4 1 1 2 1 1 4 1 4 1 4 1 3 4 2 4 1 1 1 4 1 3
242 0.125000 3 2 3 1 4 3 1 3 3 3 3 3 4 1 3 2 1 3 3 3 1 4 4 3 1 3 2 1 1 4 1 2 1 3 1 1 2 3 3 4 1 2 3 2 1 4 1 3 1 3 2 3 3 4 1 3 4 2 4 3 3 3 1 1 3 4 1 1 1 2 1 4 1 3 4 1 1 2 1 1 4 1 4 1 4 3 3 4 4 4 1 1 3 4 1 3
242 0.125000 3 2 3 1 4 3 1 3 3 3 3 3 4 1 3 2 1 3 3 3 1 4 4 3 1 3 2 1 1 4 1 2 1 3 1 1 2 3 3 4 1 2 3 2 1 4 1 3 1 3 2 3 3 4 1 3 4 2 4 3 3 3 1 1 3 4 1 1 1 2 1 4 1 3 4 1 1 2 1 1 4 1 4 1 4 3 3 4 4 4 1 1 1 4 1 3
242 0.125000 3 2 3 3 4 3 1 1 3 3 3 3 4 1 3 4 2 1 3 3 1 2 2 1 1 3 2 1 1 3 1 4 1 4 4 1 2 3 3 4 1 4 1 2 1 4 1 3 1 3 2 3 3 4 3 3 4 2 4 3 3 0 0 0 0 0 0 0 0 0 0 0 0 0 0 0 0 0 0 1 4 1 4 1 4 1 3 4 4 4 3 1 1 4 1 3
243 0.125000 1 2 1 3 4 3 1 3 3 3 3 3 4 1 3 2 1 3 3 3 1 4 2 3 1 3 2 1 1 4 1 2 1 4 4 1 2 3 3 1 1 2 1 2 1 2 1 1 1 3 2 1 3 3 1 3 4 2 2 3 1 3 1 1 3 4 1 1 1 2 1 4 1 3 4 1 1 2 1 3 4 1 4 1 4 1 3 4 4 4 1 1 1 4 1 3
243 0.125000 3 2 3 3 4 3 1 3 3 3 3 3 4 1 3 2 1 3 3 3 1 4 2 3 1 3 2 1 1 4 1 2 1 4 1 1 2 3 3 4 1 2 1 2 1 4 1 3 1 3 2 3 3 4 1 3 4 2 4 3 3 3 1 1 3 4 1 1 1 2 1 4 1 3 4 1 1 2 1 1 4 1 4 1 4 1 3 4 4 4 1 1 1 4 1 3
243 0.125000 3 2 3 3 4 3 1 3 3 3 3 3 4 1 3 2 1 3 3 3 1 4 2 3 1 3 2 1 1 4 1 2 3 4 4 1 2 3 3 4 3 2 1 2 1 4 1 3 1 3 2 3 3 4 1 3 4 4 4 3 3 3 1 1 3 4 1 1 1 2 1 4 1 3 4 1 1 2 1 1 4 3 4 1 4 1 3 4 4 4 1 1 1 4 1 3
243 0.125000 3 2 3 3 4 3 1 3 3 3 3 3 4 1 3 2 1 3 3 3 1 4 2 3 1 3 2 1 1 4 1 2 1 4 4 1 2 3 3 4 3 2 1 2 1 4 1 3 1 3 2 3 3 4 1 3 4 2 4 3 3 3 1 1 3 4 1 1 1 2 1 4 1 3 4 1 1 2 1 1 4 1 4 1 4 1 3 4 4 4 1 1 1 4 1 3
243 0.125000 3 2 3 3 4 3 1 3 3 3 3 3 4 1 3 2 1 3 1 3 1 4 2 3 1 3 2 1 1 4 3 2 1 4 4 1 2 3 3 4 1 2 1 2 1 4 1 3 1 3 2 3 3 4 1 3 4 2 4 3 3 3 1 1 3 4 1 1 1 2 1 4 1 3 4 1 1 2 1 1 4 1 4 1 4 1 3 4 2 4 1 1 1 4 1 3
243 0.125000 3 2 3 1 4 3 1 3 3 3 3 3 4 1 3 2 1 3 3 3 1 4 4 3 1 3 2 1 1 4 1 2 1 3 1 1 2 3 3 4 1 2 3 2 1 4 1 3 1 3 2 3 3 4 1 3 4 2 4 3 3 3 1 1 3 4 1 1 1 2 1 4 1 3 4 1 1 2 1 1 4 1 4 1 4 3 3 4 4 4 1 1 3 4 1 3
243 0.125000 3 2 3 1 4 3 1 3 3 3 3 3 4 1 3 2 1 3 3 3 1 4 4 3 1 3 2 1 1 4 1 2 1 3 1 1 2 3 3 4 1 2 3 2 1 4 1 3 1 3 2 3 3 4 1 3 4 2 4 3 3 3 1 1 3 4 1 1 1 2 1 4 1 3 4 1 1 2 1 1 4 1 4 1 4 3 3 4 4 4 1 1 1 4 1 3
243 0.125000 3 2 3 3 4 3 1 1 3 3 3 3 4 1 3 4 2 1 3 3 1 2 2 1 1 3 2 1 1 3 1 4 1 4 4 1 2 3 3 4 1 4 1 2 1 4 1 3 1 3 2 3 3 4 3 3 4 2 4 3 3 0 0 0 0 0 0 0 0 0 0 0 0 0 0 0 0 0 0 1 4 1 4 1 4 1 3 4 4 4 3 1 1 4 1 3
244 0.125000 1 2 1 3 4 3 1 3 3 3 3 3 4 1 3 2 1 3 3 3 1 4 2 3 1 3 2 1 1 4 1 2 1 4 4 1 2 3 3 1 1 2 1 2 1 2 1 1 1 3 2 1 3 3 1 3 4 2 2 3 1 3 1 1 3 4 1 1 1 2 1 4 1 3 4 1 1 2 1 3 4 1 4 1 4 1 3 4 4 4 1 1 1 4 1 3
244 0.125000 3 2 3 3 4 3 1 3 3 3 3 3 4 1 3 2 1 3 3 3 1 4 2 3 1 3 2 1 1 4 1 2 1 4 1 1 2 3 3 4 1 2 1 2 1 4 1 3 1 3 2 3 3 4 1 3 4 2 4 3 3 3 1 1 3 4 1 1 1 2 1 4 1 3 4 1 1 2 1 1 4 1 4 1 4 1 3 4 4 4 1 1 1 4 1 3
244 0.125000 3 2 3 3 4 3 1 3 3 3 3 3 4 1 3 2 1 3 3 3 1 4 2 3 1 3 2 1 1 4 1 2 3 4 4 1 2 3 3 4 3 2 1 2 1 4 1 3 1 3 2 3 3 4 1 3 4 4 4 3 3 3 1 1 3 4 1 1 1 2 1 4 1 3 4 1 1 2 1 1 4 3 4 1 4 1 3 4 4 4 1 1 1 4 1 3
244 0.125000 3 2 3 3 4 3 1 3 3 3 3 3 4 1 3 2 1 3 3 3 1 4 2 3 1 3 2 1 1 4 1 2 1 4 4 1 2 3 3 4 3 2 1 2 1 4 1 3 1 3 2 3 3 4 1 3 4 2 4 3 3 3 1 1 3 4 1 1 1 2 1 4 1 3 4 1 1 2 1 1 4 1 4 1 4 1 3 4 4 4 1 1 1 4 1 3
244 0.125000 3 2 3 3 4 3 1 3 3 3 3 3 4 1 3 2 1 3 1 3 1 4 2 3 1 3 2 1 1 4 3 2 1 4 4 1 2 3 3 4 1 2 1 2 1 4 1 3 1 3 2 3 3 4 1 3 4 2 4 3 3 3 1 1 3 4 1 1 1 2 1 4 1 3 4 1 1 2 1 1 4 1 4 1 4 1 3 4 2 4 1 1 1 4 1 3
244 0.125000 3 2 3 1 4 3 1 3 3 3 3 3 4 1 3 2 1 3 3 3 1 4 4 3 1 3 2 1 1 4 1 2 1 3 1 1 2 3 3 4 1 2 3 2 1 4 1 3 1 3 2 3 3 4 1 3 4 2 4 3 3 3 1 1 3 4 1 1 1 2 1 4 1 3 4 1 1 2 1 1 4 1 4 1 4 3 3 4 4 4 1 1 3 4 1 3
244 0.125000 3 2 3 1 4 3 1 3 3 3 3 3 4 1 3 2 1 3 3 3 1 4 4 3 1 3 2 1 1 4 1 2 1 3 1 1 2 3 3 4 1 2 3 2 1 4 1 3 1 3 2 3 3 4 1 3 4 2 4 3 3 3 1 1 3 4 1 1 1 2 1 4 1 3 4 1 1 2 1 1 4 1 4 1 4 3 3 4 4 4 1 1 1 4 1 3
244 0.125000 3 2 3 3 4 3 1 1 3 3 3 3 4 1 3 4 2 1 3 3 1 2 2 1 1 3 2 1 1 3 1 4 1 4 4 1 2 3 3 4 1 4 1 2 1 4 1 3 1 3 2 3 3 4 3 3 4 2 4 3 3 0 0 0 0 0 0 0 0 0 0 0 0 0 0 0 0 0 0 1 4 1 4 1 4 1 3 4 4 4 3 1 1 4 1 3
245 0.125000 1 2 1 3 4 3 1 3 3 3 3 3 4 1 3 2 1 3 3 3 1 4 2 3 1 3 2 1 1 4 1 2 1 4 4 1 2 3 3 1 1 2 1 2 1 2 1 1 1 3 2 1 3 3 1 3 4 2 2 3 1 3 1 1 3 4 1 1 1 2 1 4 1 3 4 1 1 2 1 3 4 1 4 1 4 1 3 4 4 4 1 1 1 4 1 3
245 0.125000 3 2 3 3 4 3 1 3 3 3 3 3 4 1 3 2 1 3 3 3 1 4 2 3 1 3 2 1 1 4 1 2 1 4 1 1 2 3 3 4 1 2 1 2 1 4 1 3 1 3 2 3 3 4 1 3 4 2 4 3 3 3 1 1 3 4 1 1 1 2 1 4 1 3 4 1 1 2 1 1 4 1 4 1 4 1 3 4 4 4 1 1 1 4 1 3
245 0.125000 3 2 3 3 4 3 1 3 3 3 3 3 4 1 3 2 1 3 3 3 1 4 2 3 1 3 2 1 1 4 1 2 3 4 4 1 2 3 3 4 3 2 1 2 1 4 1 3 1 3 2 3 3 4 1 3 4 4 4 3 3 3 1 1 3 4 1 1 1 2 1 4 1 3 4 1 1 2 1 1 4 3 4 1 4 1 3 4 4 4 1 1 1 4 1 3
245 0.125000 3 2 3 3 4 3 1 3 3 3 3 3 4 1 3 2 1 3 3 3 1 4 2 3 1 3 2 1 1 4 1 2 1 4 4 1 2 3 3 4 3 2 1 2 1 4 1 3 1 3 2 3 3 4 1 3 4 2 4 3 3 3 1 1 3 4 1 1 1 2 1 4 1 3 4 1 1 2 1 1 4 1 4 1 4 1 3 4 4 4 1 1 1 4 1 3
245 0.125000 3 2 3 3 4 3 1 3 3 3 3 3 4 1 3 2 1 3 1 3 1 4 2 3 1 3 2 1 1 4 3 2 1 4 4 1 2 3 3 4 1 2 1 2 1 4 1 3 1 3 2 3 3 4 1 3 4 2 4 3 3 3 1 1 3 4 1 1 1 2 1 4 1 3 4 1 1 2 1 1 4 1 4 1 4 1 3 4 2 4 1 1 1 4 1 3
245 0.125000 3 2 3 1 4 3 1 3 3 3 3 3 4 1 3 2 1 3 3 3 1 4 4 3 1 3 2 1 1 4 1 2 1 3 1 1 2 3 3 4 1 2 3 2 1 4 1 3 1 3 2 3 3 4 1 3 4 2 4 3 3 3 1 1 3 4 1 1 1 2 1 4 1 3 4 1 1 2 1 1 4 1 4 1 4 3 3 4 4 4 1 1 3 4 1 3
245 0.125000 3 2 3 1 4 3 1 3 3 3 3 3 4 1 3 2 1 3 3 3 1 4 4 3 1 3 2 1 1 4 1 2 1 3 1 1 2 3 3 4 1 2 3 2 1 4 1 3 1 3 2 3 3 4 1 3 4 2 4 3 3 3 1 1 3 4 1 1 1 2 1 4 1 3 4 1 1 2 1 1 4 1 4 1 4 3 3 4 4 4 1 1 1 4 1 3
245 0.125000 3 2 3 3 4 3 1 1 3 3 3 3 4 1 3 4 2 1 3 3 1 2 2 1 1 3 2 1 1 3 1 4 1 4 4 1 2 3 3 4 1 4 1 2 1 4 1 3 1 3 2 3 3 4 3 3 4 2 4 3 3 0 0 0 0 0 0 0 0 0 0 0 0 0 0 0 0 0 0 1 4 1 4 1 4 1 3 4 4 4 3 1 1 4 1 3
246 0.125000 1 2 1 3 4 3 1 3 3 3 3 3 4 1 3 2 1 3 3 3 1 4 2 3 1 3 2 1 1 4 1 2 1 4 4 1 2 3 3 1 1 2 1 2 1 2 1 1 1 3 2 1 3 3 1 3 4 2 2 3 1 3 1 1 3 4 1 1 1 2 1 4 1 3 4 1 1 2 1 3 4 1 4 1 4 1 3 4 4 4 1 1 1 4 1 3
246 0.125000 3 2 3 3 4 3 1 3 3 3 3 3 4 1 3 2 1 3 3 3 1 4 2 3 1 3 2 1 1 4 1 2 1 4 1 1 2 3 3 4 1 2 1 2 1 4 1 3 1 3 2 3 3 4 1 3 4 2 4 3 3 3 1 1 3 4 1 1 1 2 1 4 1 3 4 1 1 2 1 1 4 1 4 1 4 1 3 4 4 4 1 1 1 4 1 3
246 0.125000 3 2 3 3 4 3 1 3 3 3 3 3 4 1 3 2 1 3 3 3 1 4 2 3 1 3 2 1 1 4 1 2 3 4 4 1 2 3 3 4 3 2 1 2 1 4 1 3 1 3 2 3 3 4 1 3 4 4 4 3 3 3 1 1 3 4 1 1 1 2 1 4 1 3 4 1 1 2 1 1 4 3 4 1 4 1 3 4 4 4 1 1 1 4 1 3
246 0.125000 3 2 3 3 4 3 1 3 3 3 3 3 4 1 3 2 1 3 3 3 1 4 2 3 1 3 2 1 1 4 1 2 1 4 4 1 2 3 3 4 3 2 1 2 1 4 1 3 1 3 2 3 3 4 1 3 4 2 4 3 3 3 1 1 3 4 1 1 1 2 1 4 1 3 4 1 1 2 1 1 4 1 4 1 4 1 3 4 4 4 1 1 1 4 1 3
246 0.125000 3 2 3 3 4 3 1 3 3 3 3 3 4 1 3 2 1 3 1 3 1 4 2 3 1 3 2 1 1 4 3 2 1 4 4 1 2 3 3 4 1 2 1 2 1 4 1 3 1 3 2 3 3 4 1 3 4 2 4 3 3 3 1 1 3 4 1 1 1 2 1 4 1 3 4 1 1 2 1 1 4 1 4 1 4 1 3 4 2 4 1 1 1 4 1 3
246 0.125000 3 2 3 1 4 3 1 3 3 3 3 3 4 1 3 2 1 3 3 3 1 4 4 3 1 3 2 1 1 4 1 2 1 3 1 1 2 3 3 4 1 2 3 2 1 4 1 3 1 3 2 3 3 4 1 3 4 2 4 3 3 3 1 1 3 4 1 1 1 2 1 4 1 3 4 1 1 2 1 1 4 1 4 1 4 3 3 4 4 4 1 1 3 4 1 3
246 0.125000 3 2 3 1 4 3 1 3 3 3 3 3 4 1 3 2 1 3 3 3 1 4 4 3 1 3 2 1 1 4 1 2 1 3 1 1 2 3 3 4 1 2 3 2 1 4 1 3 1 3 2 3 3 4 1 3 4 2 4 3 3 3 1 1 3 4 1 1 1 2 1 4 1 3 4 1 1 2 1 1 4 1 4 1 4 3 3 4 4 4 1 1 1 4 1 3
246 0.125000 3 2 3 3 4 3 1 1 3 3 3 3 4 1 3 4 2 1 3 3 1 2 2 1 1 3 2 1 1 3 1 4 1 4 4 1 2 3 3 4 1 4 1 2 1 4 1 3 1 3 2 3 3 4 3 3 4 2 4 3 3 0 0 0 0 0 0 0 0 0 0 0 0 0 0 0 0 0 0 1 4 1 4 1 4 1 3 4 4 4 3 1 1 4 1 3
247 0.125000 1 2 1 3 4 3 1 3 3 3 3 3 4 1 3 2 1 3 3 3 1 4 2 3 1 3 2 1 1 4 1 2 1 4 4 1 2 3 3 1 1 2 1 2 1 2 1 1 1 3 2 1 3 3 1 3 4 2 2 3 1 3 1 1 3 4 1 1 1 2 1 4 1 3 4 1 1 2 1 3 4 1 4 1 4 1 3 4 4 4 1 1 1 4 1 3
247 0.125000 3 2 3 3 4 3 1 3 3 3 3 3 4 1 3 2 1 3 3 3 1 4 2 3 1 3 2 1 1 4 1 2 1 4 1 1 2 3 3 4 1 2 1 2 1 4 1 3 1 3 2 3 3 4 1 3 4 2 4 3 3 3 1 1 3 4 1 1 1 2 1 4 1 3 4 1 1 2 1 1 4 1 4 1 4 1 3 4 4 4 1 1 1 4 1 3
247 0.125000 3 2 3 3 4 3 1 3 3 3 3 3 4 1 3 2 1 3 3 3 1 4 2 3 1 3 2 1 1 4 1 2 3 4 4 1 2 3 3 4 3 2 1 2 1 4 1 3 1 3 2 3 3 4 1 3 4 4 4 3 3 3 1 1 3 4 1 1 1 2 1 4 1 3 4 1 1 2 1 1 4 3 4 1 4 1 3 4 4 4 1 1 1 4 1 3
247 0.125000 3 2 3 3 4 3 1 3 3 3 3 3 4 1 3 2 1 3 3 3 1 4 2 3 1 3 2 1 1 4 1 2 1 4 4 1 2 3 3 4 3 2 1 2 1 4 1 3 1 3 2 3 3 4 1 3 4 2 4 3 3 3 1 1 3 4 1 1 1 2 1 4 1 3 4 1 1 2 1 1 4 1 4 1 4 1 3 4 4 4 1 1 1 4 1 3
247 0.125000 3 2 3 3 4 3 1 3 3 3 3 3 4 1 3 2 1 3 1 3 1 4 2 3 1 3 2 1 1 4 3 2 1 4 4 1 2 3 3 4 1 2 1 2 1 4 1 3 1 3 2 3 3 4 1 3 4 2 4 3 3 3 1 1 3 4 1 1 1 2 1 4 1 3 4 1 1 2 1 1 4 1 4 1 4 1 3 4 2 4 1 1 1 4 1 3
247 0.125000 3 2 3 1 4 3 1 3 3 3 3 3 4 1 3 2 1 3 3 3 1 4 4 3 1 3 2 1 1 4 1 2 1 3 1 1 2 3 3 4 1 2 3 2 1 4 1 3 1 3 2 3 3 4 1 3 4 2 4 3 3 3 1 1 3 4 1 1 1 2 1 4 1 3 4 1 1 2 1 1 4 1 4 1 4 3 3 4 4 4 1 1 3 4 1 3
247 0.125000 3 2 3 1 4 3 1 3 3 3 3 3 4 1 3 2 1 3 3 3 1 4 4 3 1 3 2 1 1 4 1 2 1 3 1 1 2 3 3 4 1 2 3 2 1 4 1 3 1 3 2 3 3 4 1 3 4 2 4 3 3 3 1 1 3 4 1 1 1 2 1 4 1 3 4 1 1 2 1 1 4 1 4 1 4 3 3 4 4 4 1 1 1 4 1 3
247 0.125000 3 2 3 3 4 3 1 1 3 3 3 3 4 1 3 4 2 1 3 3 1 2 2 1 1 3 2 1 1 3 1 4 1 4 4 1 2 3 3 4 1 4 1 2 1 4 1 3 1 3 2 3 3 4 3 3 4 2 4 3 3 0 0 0 0 0 0 0 0 0 0 0 0 0 0 0 0 0 0 1 4 1 4 1 4 1 3 4 4 4 3 1 1 4 1 3
248 0.125000 1 2 1 3 4 3 1 3 3 3 3 3 4 1 3 2 1 3 3 3 1 4 2 3 1 3 2 1 1 4 1 2 1 4 4 1 2 3 3 1 1 2 1 2 1 2 1 1 1 3 2 1 3 3 1 3 4 2 2 3 1 3 1 1 3 4 1 1 1 2 1 4 1 3 4 1 1 2 1 3 4 1 4 1 4 1 3 4 4 4 1 1 1 4 1 3
248 0.125000 3 2 3 3 4 3 1 3 3 3 3 3 4 1 3 2 1 3 3 3 1 4 2 3 1 3 2 1 1 4 1 2 1 4 1 1 2 3 3 4 1 2 1 2 1 4 1 3 1 3 2 3 3 4 1 3 4 2 4 3 3 3 1 1 3 4 1 1 1 2 1 4 1 3 4 1 1 2 1 1 4 1 4 1 4 1 3 4 4 4 1 1 1 4 1 3
248 0.125000 3 2 3 3 4 3 1 3 3 3 3 3 4 1 3 2 1 3 3 3 1 4 2 3 1 3 2 1 1 4 1 2 3 4 4 1 2 3 3 4 3 2 1 2 1 4 1 3 1 3 2 3 3 4 1 3 4 4 4 3 3 3 1 1 3 4 1 1 1 2 1 4 1 3 4 1 1 2 1 1 4 3 4 1 4 1 3 4 4 4 1 1 1 4 1 3
248 0.125000 3 2 3 3 4 3 1 3 3 3 3 3 4 1 3 2 1 3 3 3 1 4 2 3 1 3 2 1 1 4 1 2 1 4 4 1 2 3 3 4 3 2 1 2 1 4 1 3 1 3 2 3 3 4 1 3 4 2 4 3 3 3 1 1 3 4 1 1 1 2 1 4 1 3 4 1 1 2 1 1 4 1 4 1 4 1 3 4 4 4 1 1 1 4 1 3
248 0.125000 3 2 3 3 4 3 1 3 3 3 3 3 4 1 3 2 1 3 1 3 1 4 2 3 1 3 2 1 1 4 3 2 1 4 4 1 2 3 3 4 1 2 1 2 1 4 1 3 1 3 2 3 3 4 1 3 4 2 4 3 3 3 1 1 3 4 1 1 1 2 1 4 1 3 4 1 1 2 1 1 4 1 4 1 4 1 3 4 2 4 1 1 1 4 1 3
248 0.125000 3 2 3 1 4 3 1 3 3 3 3 3 4 1 3 2 1 3 3 3 1 4 4 3 1 3 2 1 1 4 1 2 1 3 1 1 2 3 3 4 1 2 3 2 1 4 1 3 1 3 2 3 3 4 1 3 4 2 4 3 3 3 1 1 3 4 1 1 1 2 1 4 1 3 4 1 1 2 1 1 4 1 4 1 4 3 3 4 4 4 1 1 3 4 1 3
248 0.125000 3 2 3 1 4 3 1 3 3 3 3 3 4 1 3 2 1 3 3 3 1 4 4 3 1 3 2 1 1 4 1 2 1 3 1 1 2 3 3 4 1 2 3 2 1 4 1 3 1 3 2 3 3 4 1 3 4 2 4 3 3 3 1 1 3 4 1 1 1 2 1 4 1 3 4 1 1 2 1 1 4 1 4 1 4 3 3 4 4 4 1 1 1 4 1 3
248 0.125000 3 2 3 3 4 3 1 1 3 3 3 3 4 1 3 4 2 1 3 3 1 2 2 1 1 3 2 1 1 3 1 4 1 4 4 1 2 3 3 4 1 4 1 2 1 4 1 3 1 3 2 3 3 4 3 3 4 2 4 3 3 0 0 0 0 0 0 0 0 0 0 0 0 0 0 0 0 0 0 1 4 1 4 1 4 1 3 4 4 4 3 1 1 4 1 3
249 0.125000 1 2 1 3 4 3 1 3 3 3 3 3 4 1 3 2 1 3 3 3 1 4 2 3 1 3 2 1 1 4 1 2 1 4 4 1 2 3 3 1 1 2 1 2 1 2 1 1 1 3 2 1 3 3 1 3 4 2 2 3 1 3 1 1 3 4 1 1 1 2 1 4 1 3 4 1 1 2 1 3 4 1 4 1 4 1 3 4 4 4 1 1 1 4 1 3
249 0.125000 3 2 3 3 4 3 1 3 3 3 3 3 4 1 3 2 1 3 3 3 1 4 2 3 1 3 2 1 1 4 1 2 1 4 1 1 2 3 3 4 1 2 1 2 1 4 1 3 1 3 2 3 3 4 1 3 4 2 4 3 3 3 1 1 3 4 1 1 1 2 1 4 1 3 4 1 1 2 1 1 4 1 4 1 4 1 3 4 4 4 1 1 1 4 1 3
249 0.125000 3 2 3 3 4 3 1 3 3 3 3 3 4 1 3 2 1 3 3 3 1 4 2 3 1 3 2 1 1 4 1 2 3 4 4 1 2 3 3 4 3 2 1 2 1 4 1 3 1 3 2 3 3 4 1 3 4 4 4 3 3 3 1 1 3 4 1 1 1 2 1 4 1 3 4 1 1 2 1 1 4 3 4 1 4 1 3 4 4 4 1 1 1 4 1 3
249 0.125000 3 2 3 3 4 3 1 3 3 3 3 3 4 1 3 2 1 3 3 3 1 4 2 3 1 3 2 1 1 4 1 2 1 4 4 1 2 3 3 4 3 2 1 2 1 4 1 3 1 3 2 3 3 4 1 3 4 2 4 3 3 3 1 1 3 4 1 1 1 2 1 4 1 3 4 1 1 2 1 1 4 1 4 1 4 1 3 4 4 4 1 1 1 4 1 3
249 0.125000 3 2 3 3 4 3 1 3 3 3 3 3 4 1 3 2 1 3 1 3 1 4 2 3 1 3 2 1 1 4 3 2 1 4 4 1 2 3 3 4 1 2 1 2 1 4 1 3 1 3 2 3 3 4 1 3 4 2 4 3 3 3 1 1 3 4 1 1 1 2 1 4 1 3 4 1 1 2 1 1 4 1 4 1 4 1 3 4 2 4 1 1 1 4 1 3
249 0.125000 3 2 3 1 4 3 1 3 3 3 3 3 4 1 3 2 1 3 3 3 1 4 4 3 1 3 2 1 1 4 1 2 1 3 1 1 2 3 3 4 1 2 3 2 1 4 1 3 1 3 2 3 3 4 1 3 4 2 4 3 3 3 1 1 3 4 1 1 1 2 1 4 1 3 4 1 1 2 1 1 4 1 4 1 4 3 3 4 4 4 1 1 3 4 1 3
249 0.125000 3 2 3 1 4 3 1 3 3 3 3 3 4 1 3 2 1 3 3 3 1 4 4 3 1 3 2 1 1 4 1 2 1 3 1 1 2 3 3 4 1 2 3 2 1 4 1 3 1 3 2 3 3 4 1 3 4 2 4 3 3 3 1 1 3 4 1 1 1 2 1 4 1 3 4 1 1 2 1 1 4 1 4 1 4 3 3 4 4 4 1 1 1 4 1 3
249 0.125000 3 2 3 3 4 3 1 1 3 3 3 3 4 1 3 4 2 1 3 3 1 2 2 1 1 3 2 1 1 3 1 4 1 4 4 1 2 3 3 4 1 4 1 2 1 4 1 3 1 3 2 3 3 4 3 3 4 2 4 3 3 0 0 0 0 0 0 0 0 0 0 0 0 0 0 0 0 0 0 1 4 1 4 1 4 1 3 4 4 4 3 1 1 4 1 3
250 0.125000 1 2 1 3 4 3 1 3 3 3 3 3 4 1 3 2 1 3 3 3 1 4 2 3 1 3 2 1 1 4 1 2 1 4 4 1 2 3 3 1 1 2 1 2 1 2 1 1 1 3 2 1 3 3 1 3 4 2 2 3 1 3 1 1 3 4 1 1 1 2 1 4 1 3 4 1 1 2 1 3 4 1 4 1 4 1 3 4 4 4 1 1 1 4 1 3
250 0.125000 3 2 3 3 4 3 1 3 3 3 3 3 4 1 3 2 1 3 3 3 1 4 2 3 1 3 2 1 1 4 1 2 1 4 1 1 2 3 3 4 1 2 1 2 1 4 1 3 1 3 2 3 3 4 1 3 4 2 4 3 3 3 1 1 3 4 1 1 1 2 1 4 1 3 4 1 1 2 1 1 4 1 4 1 4 1 3 4 4 4 1 1 1 4 1 3
250 0.125000 3 2 3 3 4 3 1 3 3 3 3 3 4 1 3 2 1 3 3 3 1 4 2 3 1 3 2 1 1 4 1 2 3 4 4 1 2 3 3 4 3 2 1 2 1 4 1 3 1 3 2 3 3 4 1 3 4 4 4 3 3 3 1 1 3 4 1 1 1 2 1 4 1 3 4 1 1 2 1 1 4 3 4 1 4 1 3 4 4 4 1 1 1 4 1 3
250 0.125000 3 2 3 3 4 3 1 3 3 3 3 3 4 1 3 2 1 3 3 3 1 4 2 3 1 3 2 1 1 4 1 2 1 4 4 1 2 3 3 4 3 2 1 2 1 4 1 3 1 3 2 3 3 4 1 3 4 2 4 3 3 3 1 1 3 4 1 1 1 2 1 4 1 3 4 1 1 2 1 1 4 1 4 1 4 1 3 4 4 4 1 1 1 4 1 3
250 0.125000 3 2 3 3 4 3 1 3 3 3 3 3 4 1 3 2 1 3 1 3 1 4 2 3 1 3 2 1 1 4 3 2 1 4 4 1 2 3 3 4 1 2 1 2 1 4 1 3 1 3 2 3 3 4 1 3 4 2 4 3 3 3 1 1 3 4 1 1 1 2 1 4 1 3 4 1 1 2 1 1 4 1 4 1 4 1 3 4 2 4 1 1 1 4 1 3
250 0.125000 3 2 3 1 4 3 1 3 3 3 3 3 4 1 3 2 1 3 3 3 1 4 4 3 1 3 2 1 1 4 1 2 1 3 1 1 2 3 3 4 1 2 3 2 1 4 1 3 1 3 2 3 3 4 1 3 4 2 4 3 3 3 1 1 3 4 1 1 1 2 1 4 1 3 4 1 1 2 1 1 4 1 4 1 4 3 3 4 4 4 1 1 3 4 1 3
250 0.125000 3 2 3 1 4 3 1 3 3 3 3 3 4 1 3 2 1 3 3 3 1 4 4 3 1 3 2 1 1 4 1 2 1 3 1 1 2 3 3 4 1 2 3 2 1 4 1 3 1 3 2 3 3 4 1 3 4 2 4 3 3 3 1 1 3 4 1 1 1 2 1 4 1 3 4 1 1 2 1 1 4 1 4 1 4 3 3 4 4 4 1 1 1 4 1 3
250 0.125000 3 2 3 3 4 3 1 1 3 3 3 3 4 1 3 4 2 1 3 3 1 2 2 1 1 3 2 1 1 3 1 4 1 4 4 1 2 3 3 4 1 4 1 2 1 4 1 3 1 3 2 3 3 4 3 3 4 2 4 3 3 0 0 0 0 0 0 0 0 0 0 0 0 0 0 0 0 0 0 1 4 1 4 1 4 1 3 4 4 4 3 1 1 4 1 3
251 0.125000 1 2 1 3 4 3 1 3 3 3 3 3 4 1 3 2 1 3 3 3 1 4 2 3 1 3 2 1 1 4 1 2 1 4 4 1 2 3 3 1 1 2 1 2 1 2 1 1 1 3 2 1 3 3 1 3 4 2 2 3 1 3 1 1 3 4 1 1 1 2 1 4 1 3 4 1 1 2 1 3 4 1 4 1 4 1 3 4 4 4 1 1 1 4 1 3
251 0.125000 3 2 3 3 4 3 1 3 3 3 3 3 4 1 3 2 1 3 3 3 1 4 2 3 1 3 2 1 1 4 1 2 1 4 1 1 2 3 3 4 1 2 1 2 1 4 1 3 1 3 2 3 3 4 1 3 4 2 4 3 3 3 1 1 3 4 1 1 1 2 1 4 1 3 4 1 1 2 1 1 4 1 4 1 4 1 3 4 4 4 1 1 1 4 1 3
251 0.125000 3 2 3 3 4 3 1 3 3 3 3 3 4 1 3 2 1 3 3 3 1 4 2 3 1 3 2 1 1 4 1 2 3 4 4 1 2 3 3 4 3 2 1 2 1 4 1 3 1 3 2 3 3 4 1 3 4 4 4 3 3 3 1 1 3 4 1 1 1 2 1 4 1 3 4 1 1 2 1 1 4 3 4 1 4 1 3 4 4 4 1 1 1 4 1 3
251 0.125000 3 2 3 3 4 3 1 3 3 3 3 3 4 1 3 2 1 3 3 3 1 4 2 3 1 3 2 1 1 4 1 2 1 4 4 1 2 3 3 4 3 2 1 2 1 4 1 3 1 3 2 3 3 4 1 3 4 2 4 3 3 3 1 1 3 4 1 1 1 2 1 4 1 3 4 1 1 2 1 1 4 1 4 1 4 1 3 4 4 4 1 1 1 4 1 3
251 0.125000 3 2 3 3 4 3 1 3 3 3 3 3 4 1 3 2 1 3 1 3 1 4 2 3 1 3 2 1 1 4 3 2 1 4 4 1 2 3 3 4 1 2 1 2 1 4 1 3 1 3 2 3 3 4 1 3 4 2 4 3 3 3 1 1 3 4 1 1 1 2 1 4 1 3 4 1 1 2 1 1 4 1 4 1 4 1 3 4 2 4 1 1 1 4 1 3
251 0.125000 3 2 3 1 4 3 1 3 3 3 3 3 4 1 3 2 1 3 3 3 1 4 4 3 1 3 2 1 1 4 1 2 1 3 1 1 2 3 3 4 1 2 3 2 1 4 1 3 1 3 2 3 3 4 1 3 4 2 4 3 3 3 1 1 3 4 1 1 1 2 1 4 1 3 4 1 1 2 1 1 4 1 4 1 4 3 3 4 4 4 1 1 3 4 1 3
251 0.125000 3 2 3 1 4 3 1 3 3 3 3 3 4 1 3 2 1 3 3 3 1 4 4 3 1 3 2 1 1 4 1 2 1 3 1 1 2 3 3 4 1 2 3 2 1 4 1 3 1 3 2 3 3 4 1 3 4 2 4 3 3 3 1 1 3 4 1 1 1 2 1 4 1 3 4 1 1 2 1 1 4 1 4 1 4 3 3 4 4 4 1 1 1 4 1 3
251 0.125000 3 2 3 3 4 3 1 1 3 3 3 3 4 1 3 4 2 1 3 3 1 2 2 1 1 3 2 1 1 3 1 4 1 4 4 1 2 3 3 4 1 4 1 2 1 4 1 3 1 3 2 3 3 4 3 3 4 2 4 3 3 0 0 0 0 0 0 0 0 0 0 0 0 0 0 0 0 0 0 1 4 1 4 1 4 1 3 4 4 4 3 1 1 4 1 3
252 0.125000 1 2 1 3 4 3 1 3 3 3 3 3 4 1 3 2 1 3 3 3 1 4 2 3 1 3 2 1 1 4 1 2 1 4 4 1 2 3 3 1 1 2 1 2 1 2 1 1 1 3 2 1 3 3 1 3 4 2 2 3 1 3 1 1 3 4 1 1 1 2 1 4 1 3 4 1 1 2 1 3 4 1 4 1 4 1 3 4 4 4 1 1 1 4 1 3
252 0.125000 3 2 3 3 4 3 1 3 3 3 3 3 4 1 3 2 1 3 3 3 1 4 2 3 1 3 2 1 1 4 1 2 1 4 1 1 2 3 3 4 1 2 1 2 1 4 1 3 1 3 2 3 3 4 1 3 4 2 4 3 3 3 1 1 3 4 1 1 1 2 1 4 1 3 4 1 1 2 1 1 4 1 4 1 4 1 3 4 4 4 1 1 1 4 1 3
252 0.125000 3 2 3 3 4 3 1 3 3 3 3 3 4 1 3 2 1 3 3 3 1 4 2 3 1 3 2 1 1 4 1 2 3 4 4 1 2 3 3 4 3 2 1 2 1 4 1 3 1 3 2 3 3 4 1 3 4 4 4 3 3 3 1 1 3 4 1 1 1 2 1 4 1 3 4 1 1 2 1 1 4 3 4 1 4 1 3 4 4 4 1 1 1 4 1 3
252 0.125000 3 2 3 3 4 3 1 3 3 3 3 3 4 1 3 2 1 3 3 3 1 4 2 3 1 3 2 1 1 4 1 2 1 4 4 1 2 3 3 4 3 2 1 2 1 4 1 3 1 3 2 3 3 4 1 3 4 2 4 3 3 3 1 1 3 4 1 1 1 2 1 4 1 3 4 1 1 2 1 1 4 1 4 1 4 1 3 4 4 4 1 1 1 4 1 3
252 0.125000 3 2 3 3 4 3 1 3 3 3 3 3 4 1 3 2 1 3 1 3 1 4 2 3 1 3 2 1 1 4 3 2 1 4 4 1 2 3 3 4 1 2 1 2 1 4 1 3 1 3 2 3 3 4 1 3 4 2 4 3 3 3 1 1 3 4 1 1 1 2 1 4 1 3 4 1 1 2 1 1 4 1 4 1 4 1 3 4 2 4 1 1 1 4 1 3
252 0.125000 3 2 3 1 4 3 1 3 3 3 3 3 4 1 3 2 1 3 3 3 1 4 4 3 1 3 2 1 1 4 1 2 1 3 1 1 2 3 3 4 1 2 3 2 1 4 1 3 1 3 2 3 3 4 1 3 4 2 4 3 3 3 1 1 3 4 1 1 1 2 1 4 1 3 4 1 1 2 1 1 4 1 4 1 4 3 3 4 4 4 1 1 3 4 1 3
252 0.125000 3 2 3 1 4 3 1 3 3 3 3 3 4 1 3 2 1 3 3 3 1 4 4 3 1 3 2 1 1 4 1 2 1 3 1 1 2 3 3 4 1 2 3 2 1 4 1 3 1 3 2 3 3 4 1 3 4 2 4 3 3 3 1 1 3 4 1 1 1 2 1 4 1 3 4 1 1 2 1 1 4 1 4 1 4 3 3 4 4 4 1 1 1 4 1 3
252 0.125000 3 2 3 3 4 3 1 1 3 3 3 3 4 1 3 4 2 1 3 3 1 2 2 1 1 3 2 1 1 3 1 4 1 4 4 1 2 3 3 4 1 4 1 2 1 4 1 3 1 3 2 3 3 4 3 3 4 2 4 3 3 0 0 0 0 0 0 0 0 0 0 0 0 0 0 0 0 0 0 1 4 1 4 1 4 1 3 4 4 4 3 1 1 4 1 3
253 0.124910 1 2 1 3 4 3 1 3 3 3 3 3 4 1 3 2 1 3 3 3 1 4 2 3 1 3 2 1 1 4 1 2 1 4 4 1 2 3 3 1 1 2 1 2 1 2 1 1 1 3 2 1 3 3 1 3 4 2 2 3 1 3 1 1 3 4 1 1 1 2 1 4 1 3 4 1 1 2 1 3 4 1 4 1 4 1 3 4 4 4 1 1 1 4 1 3
253 0.000181 3 4 3 3 2 3 1 3 3 3 3 3 4 1 1 2 1 3 3 3 1 4 4 3 1 3 2 1 1 4 1 2 1 4 1 1 2 3 3 4 1 2 1 2 1 4 1 3 1 3 2 3 3 4 1 3 4 2 4 3 3 3 1 1 3 4 1 1 1 2 1 4 1 3 4 1 1 2 1 1 4 1 4 1 4 1 3 4 4 4 1 1 1 4 1 3
253 0.124910 3 2 3 3 4 3 1 3 3 3 3 3 4 1 3 2 1 3 3 3 1 4 2 3 1 3 2 1 1 4 1 2 1 4 1 1 2 3 3 4 1 2 1 2 1 4 1 3 1 3 2 3 3 4 1 3 4 2 4 3 3 3 1 1 3 4 1 1 1 2 1 4 1 3 4 1 1 2 1 1 4 1 4 1 4 1 3 4 4 4 1 1 1 4 1 3
253 0.124910 3 2 3 3 4 3 1 3 3 3 3 3 4 1 3 2 1 3 3 3 1 4 2 3 1 3 2 1 1 4 1 2 3 4 4 1 2 3 3 4 3 2 1 2 1 4 1 3 1 3 2 3 3 4 1 3 4 4 4 3 3 3 1 1 3 4 1 1 1 2 1 4 1 3 4 1 1 2 1 1 4 3 4 1 4 1 3 4 4 4 1 1 1 4 1 3
253 0.124910 3 2 3 3 4 3 1 3 3 3 3 3 4 1 3 2 1 3 3 3 1 4 2 3 1 3 2 1 1 4 1 2 1 4 4 1 2 3 3 4 3 2 1 2 1 4 1 3 1 3 2 3 3 4 1 3 4 2 4 3 3 3 1 1 3 4 1 1 1 2 1 4 1 3 4 1 1 2 1 1 4 1 4 1 4 1 3 4 4 4 1 1 1 4 1 3
253 0.000181 3 2 3 3 2 3 1 3 3 3 3 3 4 1 3 2 1 3 3 3 1 4 2 3 1 3 2 1 1 4 1 2 1 4 4 1 2 3 3 4 1 2 1 2 1 4 1 3 1 3 2 3 3 4 1 3 4 2 4 3 3 3 1 1 3 4 1 1 1 2 1 4 1 3 4 1 1 2 1 1 4 1 4 1 4 1 3 4 4 4 1 1 1 4 1 3
253 0.124910 3 2 3 3 4 3 1 3 3 3 3 3 4 1 3 2 1 3 1 3 1 4 2 3 1 3 2 1 1 4 3 2 1 4 4 1 2 3 3 4 1 2 1 2 1 4 1 3 1 3 2 3 3 4 1 3 4 2 4 3 3 3 1 1 3 4 1 1 1 2 1 4 1 3 4 1 1 2 1 1 4 1 4 1 4 1 3 4 2 4 1 1 1 4 1 3
253 0.124910 3 2 3 1 4 3 1 3 3 3 3 3 4 1 3 2 1 3 3 3 1 4 4 3 1 3 2 1 1 4 1 2 1 3 1 1 2 3 3 4 1 2 3 2 1 4 1 3 1 3 2 3 3 4 1 3 4 2 4 3 3 3 1 1 3 4 1 1 1 2 1 4 1 3 4 1 1 2 1 1 4 1 4 1 4 3 3 4 4 4 1 1 3 4 1 3
253 0.000181 3 4 3 3 2 3 1 3 3 3 3 3 3 1 1 2 1 3 3 3 1 4 4 3 1 3 2 1 1 4 1 2 1 4 1 1 2 3 3 4 1 2 1 2 1 4 1 3 1 3 2 3 3 4 1 3 4 2 4 3 3 3 1 1 3 4 1 1 1 2 1 4 1 3 4 1 1 2 1 1 4 1 4 1 4 1 3 4 4 4 1 1 1 4 1 3
253 0.000181 3 2 3 1 2 3 1 3 3 1 3 3 4 4 3 2 1 3 3 3 1 4 2 3 1 3 2 1 1 4 1 2 1 4 1 1 4 3 3 4 1 2 1 4 1 4 1 3 1 3 2 3 3 4 1 3 4 2 4 1 3 3 1 1 3 4 1 1 1 2 1 4 1 3 4 1 1 2 1 1 4 1 4 1 4 1 3 4 4 4 1 1 1 4 1 3
253 0.124910 3 2 3 1 4 3 1 3 3 3 3 3 4 1 3 2 1 3 3 3 1 4 4 3 1 3 2 1 1 4 1 2 1 3 1 1 2 3 3 4 1 2 3 2 1 4 1 3 1 3 2 3 3 4 1 3 4 2 4 3 3 3 1 1 3 4 1 1 1 2 1 4 1 3 4 1 1 2 1 1 4 1 4 1 4 3 3 4 4 4 1 1 1 4 1 3
253 0.124910 3 2 3 3 4 3 1 1 3 3 3 3 4 1 3 4 2 1 3 3 1 2 2 1 1 3 2 1 1 3 1 4 1 4 4 1 2 3 3 4 1 4 1 2 1 4 1 3 1 3 2 3 3 4 3 3 4 2 4 3 3 0 0 0 0 0 0 0 0 0 0 0 0 0 0 0 0 0 0 1 4 1 4 1 4 1 3 4 4 4 3 1 1 4 1 3
254 0.124810 1 2 1 3 4 3 1 3 3 3 3 3 4 1 3 2 1 3 3 3 1 4 2 3 1 3 2 1 1 4 1 2 1 4 4 1 2 3 3 1 1 2 1 2 1 2 1 1 1 3 2 1 3 3 1 3 4 2 2 3 1 3 1 1 3 4 1 1 1 2 1 4 1 3 4 1 1 2 1 3 4 1 4 1 4 1 3 4 4 4 1 1 1 4 1 3
254 0.000381 3 4 3 3 2 3 1 3 3 3 3 3 4 1 1 2 1 3 3 3 1 4 4 3 1 3 2 1 1 4 1 2 1 4 1 1 2 3 3 4 1 2 1 2 1 4 1 3 1 3 2 3 3 4 1 3 4 2 4 3 3 3 1 1 3 4 1 1 1 2 1 4 1 3 4 1 1 2 1 1 4 1 4 1 4 1 3 4 4 4 1 1 1 4 1 3
254 0.124810 3 2 3 3 4 3 1 3 3 3 3 3 4 1 3 2 1 3 3 3 1 4 2 3 1 3 2 1 1 4 1 2 1 4 1 1 2 3 3 4 1 2 1 2 1 4 1 3 1 3 2 3 3 4 1 3 4 2 4 3 3 3 1 1 3 4 1 1 1 2 1 4 1 3 4 1 1 2 1 1 4 1 4 1 4 1 3 4 4 4 1 1 1 4 1 3
254 0.124810 3 2 3 3 4 3 1 3 3 3 3 3 4 1 3 2 1 3 3 3 1 4 2 3 1 3 2 1 1 4 1 2 3 4 4 1 2 3 3 4 3 2 1 2 1 4 1 3 1 3 2 3 3 4 1 3 4 4 4 3 3 3 1 1 3 4 1 1 1 2 1 4 1 3 4 1 1 2 1 1 4 3 4 1 4 1 3 4 4 4 1 1 1 4 1 3
254 0.124810 3 2 3 3 4 3 1 3 3 3 3 3 4 1 3 2 1 3 3 3 1 4 2 3 1 3 2 1 1 4 1 2 1 4 4 1 2 3 3 4 3 2 1 2 1 4 1 3 1 3 2 3 3 4 1 3 4 2 4 3 3 3 1 1 3 4 1 1 1 2 1 4 1 3 4 1 1 2 1 1 4 1 4 1 4 1 3 4 4 4 1 1 1 4 1 3
254 0.000381 3 2 3 3 2 3 1 3 3 3 3 3 4 1 3 2 1 3 3 3 1 4 2 3 1 3 2 1 1 4 1 2 1 4 4 1 2 3 3 4 1 2 1 2 1 4 1 3 1 3 2 3 3 4 1 3 4 2 4 3 3 3 1 1 3 4 1 1 1 2 1 4 1 3 4 1 1 2 1 1 4 1 4 1 4 1 3 4 4 4 1 1 1 4 1 3
254 0.124810 3 2 3 3 4 3 1 3 3 3 3 3 4 1 3 2 1 3 1 3 1 4 2 3 1 3 2 1 1 4 3 2 1 4 4 1 2 3 3 4 1 2 1 2 1 4 1 3 1 3 2 3 3 4 1 3 4 2 4 3 3 3 1 1 3 4 1 1 1 2 1 4 1 3 4 1 1 2 1 1 4 1 4 1 4 1 3 4 2 4 1 1 1 4 1 3
254 0.124810 3 2 3 1 4 3 1 3 3 3 3 3 4 1 3 2 1 3 3 3 1 4 4 3 1 3 2 1 1 4 1 2 1 3 1 1 2 3 3 4 1 2 3 2 1 4 1 3 1 3 2 3 3 4 1 3 4 2 4 3 3 3 1 1 3 4 1 1 1 2 1 4 1 3 4 1 1 2 1 1 4 1 4 1 4 3 3 4 4 4 1 1 3 4 1 3
254 0.000381 3 4 3 3 2 3 1 3 3 3 3 3 3 1 1 2 1 3 3 3 1 4 4 3 1 3 2 1 1 4 1 2 1 4 1 1 2 3 3 4 1 2 1 2 1 4 1 3 1 3 2 3 3 4 1 3 4 2 4 3 3 3 1 1 3 4 1 1 1 2 1 4 1 3 4 1 1 2 1 1 4 1 4 1 4 1 3 4 4 4 1 1 1 4 1 3
254 0.000381 3 2 3 1 2 3 1 3 3 1 3 3 4 4 3 2 1 3 3 3 1 4 2 3 1 3 2 1 1 4 1 2 1 4 1 1 4 3 3 4 1 2 1 4 1 4 1 3 1 3 2 3 3 4 1 3 4 2 4 1 3 3 1 1 3 4 1 1 1 2 1 4 1 3 4 1 1 2 1 1 4 1 4 1 4 1 3 4 4 4 1 1 1 4 1 3
254 0.124810 3 2 3 1 4 3 1 3 3 3 3 3 4 1 3 2 1 3 3 3 1 4 4 3 1 3 2 1 1 4 1 2 1 3 1 1 2 3 3 4 1 2 3 2 1 4 1 3 1 3 2 3 3 4 1 3 4 2 4 3 3 3 1 1 3 4 1 1 1 2 1 4 1 3 4 1 1 2 1 1 4 1 4 1 4 3 3 4 4 4 1 1 1 4 1 3
254 0.124810 3 2 3 3 4 3 1 1 3 3 3 3 4 1 3 4 2 1 3 3 1 2 2 1 1 3 2 1 1 3 1 4 1 4 4 1 2 3 3 4 1 4 1 2 1 4 1 3 1 3 2 3 3 4 3 3 4 2 4 3 3 0 0 0 0 0 0 0 0 0 0 0 0 0 0 0 0 0 0 1 4 1 4 1 4 1 3 4 4 4 3 1 1 4 1 3
255 0.124699 1 2 1 3 4 3 1 3 3 3 3 3 4 1 3 2 1 3 3 3 1 4 2 3 1 3 2 1 1 4 1 2 1 4 4 1 2 3 3 1 1 2 1 2 1 2 1 1 1 3 2 1 3 3 1 3 4 2 2 3 1 3 1 1 3 4 1 1 1 2 1 4 1 3 4 1 1 2 1 3 4 1 4 1 4 1 3 4 4 4 1 1 1 4 1 3
255 0.000602 3 4 3 3 2 3 1 3 3 3 3 3 4 1 1 2 1 3 3 3 1 4 4 3 1 3 2 1 1 4 1 2 1 4 1 1 2 3 3 4 1 2 1 2 1 4 1 3 1 3 2 3 3 4 1 3 4 2 4 3 3 3 1 1 3 4 1 1 1 2 1 4 1 3 4 1 1 2 1 1 4 1 4 1 4 1 3 4 4 4 1 1 1 4 1 3
255 0.124699 3 2 3 3 4 3 1 3 3 3 3 3 4 1 3 2 1 3 3 3 1 4 2 3 1 3 2 1 1 4 1 2 1 4 1 1 2 3 3 4 1 2 1 2 1 4 1 3 1 3 2 3 3 4 1 3 4 2 4 3 3 3 1 1 3 4 1 1 1 2 1 4 1 3 4 1 1 2 1 1 4 1 4 1 4 1 3 4 4 4 1 1 1 4 1 3
255 0.124699 3 2 3 3 4 3 1 3 3 3 3 3 4 1 3 2 1 3 3 3 1 4 2 3 1 3 2 1 1 4 1 2 3 4 4 1 2 3 3 4 3 2 1 2 1 4 1 3 1 3 2 3 3 4 1 3 4 4 4 3 3 3 1 1 3 4 1 1 1 2 1 4 1 3 4 1 1 2 1 1 4 3 4 1 4 1 3 4 4 4 1 1 1 4 1 3
255 0.124699 3 2 3 3 4 3 1 3 3 3 3 3 4 1 3 2 1 3 3 3 1 4 2 3 1 3 2 1 1 4 1 2 1 4 4 1 2 3 3 4 3 2 1 2 1 4 1 3 1 3 2 3 3 4 1 3 4 2 4 3 3 3 1 1 3 4 1 1 1 2 1 4 1 3 4 1 1 2 1 1 4 1 4 1 4 1 3 4 4 4 1 1 1 4 1 3
255 0.000602 3 2 3 3 2 3 1 3 3 3 3 3 4 1 3 2 1 3 3 3 1 4 2 3 1 3 2 1 1 4 1 2 1 4 4 1 2 3 3 4 1 2 1 2 1 4 1 3 1 3 2 3 3 4 1 3 4 2 4 3 3 3 1 1 3 4 1 1 1 2 1 4 1 3 4 1 1 2 1 1 4 1 4 1 4 1 3 4 4 4 1 1 1 4 1 3
255 0.124699 3 2 3 3 4 3 1 3 3 3 3 3 4 1 3 2 1 3 1 3 1 4 2 3 1 3 2 1 1 4 3 2 1 4 4 1 2 3 3 4 1 2 1 2 1 4 1 3 1 3 2 3 3 4 1 3 4 2 4 3 3 3 1 1 3 4 1 1 1 2 1 4 1 3 4 1 1 2 1 1 4 1 4 1 4 1 3 4 2 4 1 1 1 4 1 3
255 0.124699 3 2 3 1 4 3 1 3 3 3 3 3 4 1 3 2 1 3 3 3 1 4 4 3 1 3 2 1 1 4 1 2 1 3 1 1 2 3 3 4 1 2 3 2 1 4 1 3 1 3 2 3 3 4 1 3 4 2 4 3 3 3 1 1 3 4 1 1 1 2 1 4 1 3 4 1 1 2 1 1 4 1 4 1 4 3 3 4 4 4 1 1 3 4 1 3
255 0.000602 3 4 3 3 2 3 1 3 3 3 3 3 3 1 1 2 1 3 3 3 1 4 4 3 1 3 2 1 1 4 1 2 1 4 1 1 2 3 3 4 1 2 1 2 1 4 1 3 1 3 2 3 3 4 1 3 4 2 4 3 3 3 1 1 3 4 1 1 1 2 1 4 1 3 4 1 1 2 1 1 4 1 4 1 4 1 3 4 4 4 1 1 1 4 1 3
255 0.000602 3 2 3 1 2 3 1 3 3 1 3 3 4 4 3 2 1 3 3 3 1 4 2 3 1 3 2 1 1 4 1 2 1 4 1 1 4 3 3 4 1 2 1 4 1 4 1 3 1 3 2 3 3 4 1 3 4 2 4 1 3 3 1 1 3 4 1 1 1 2 1 4 1 3 4 1 1 2 1 1 4 1 4 1 4 1 3 4 4 4 1 1 1 4 1 3
255 0.124699 3 2 3 1 4 3 1 3 3 3 3 3 4 1 3 2 1 3 3 3 1 4 4 3 1 3 2 1 1 4 1 2 1 3 1 1 2 3 3 4 1 2 3 2 1 4 1 3 1 3 2 3 3 4 1 3 4 2 4 3 3 3 1 1 3 4 1 1 1 2 1 4 1 3 4 1 1 2 1 1 4 1 4 1 4 3 3 4 4 4 1 1 1 4 1 3
255 0.124699 3 2 3 3 4 3 1 1 3 3 3 3 4 1 3 4 2 1 3 3 1 2 2 1 1 3 2 1 1 3 1 4 1 4 4 1 2 3 3 4 1 4 1 2 1 4 1 3 1 3 2 3 3 4 3 3 4 2 4 3 3 0 0 0 0 0 0 0 0 0 0 0 0 0 0 0 0 0 0 1 4 1 4 1 4 1 3 4 4 4 3 1 1 4 1 3
256 0.124577 1 2 1 3 4 3 1 3 3 3 3 3 4 1 3 2 1 3 3 3 1 4 2 3 1 3 2 1 1 4 1 2 1 4 4 1 2 3 3 1 1 2 1 2 1 2 1 1 1 3 2 1 3 3 1 3 4 2 2 3 1 3 1 1 3 4 1 1 1 2 1 4 1 3 4 1 1 2 1 3 4 1 4 1 4 1 3 4 4 4 1 1 1 4 1 3
256 0.000846 3 4 3 3 2 3 1 3 3 3 3 3 4 1 1 2 1 3 3 3 1 4 4 3 1 3 2 1 1 4 1 2 1 4 1 1 2 3 3 4 1 2 1 2 1 4 1 3 1 3 2 3 3 4 1 3 4 2 4 3 3 3 1 1 3 4 1 1 1 2 1 4 1 3 4 1 1 2 1 1 4 1 4 1 4 1 3 4 4 4 1 1 1 4 1 3
256 0.124577 3 2 3 3 4 3 1 3 3 3 3 3 4 1 3 2 1 3 3 3 1 4 2 3 1 3 2 1 1 4 1 2 1 4 1 1 2 3 3 4 1 2 1 2 1 4 1 3 1 3 2 3 3 4 1 3 4 2 4 3 3 3 1 1 3 4 1 1 1 2 1 4 1 3 4 1 1 2 1 1 4 1 4 1 4 1 3 4 4 4 1 1 1 4 1 3
256 0.124577 3 2 3 3 4 3 1 3 3 3 3 3 4 1 3 2 1 3 3 3 1 4 2 3 1 3 2 1 1 4 1 2 3 4 4 1 2 3 3 4 3 2 1 2 1 4 1 3 1 3 2 3 3 4 1 3 4 4 4 3 3 3 1 1 3 4 1 1 1 2 1 4 1 3 4 1 1 2 1 1 4 3 4 1 4 1 3 4 4 4 1 1 1 4 1 3
256 0.124577 3 2 3 3 4 3 1 3 3 3 3 3 4 1 3 2 1 3 3 3 1 4 2 3 1 3 2 1 1 4 1 2 1 4 4 1 2 3 3 4 3 2 1 2 1 4 1 3 1 3 2 3 3 4 1 3 4 2 4 3 3 3 1 1 3 4 1 1 1 2 1 4 1 3 4 1 1 2 1 1 4 1 4 1 4 1 3 4 4 4 1 1 1 4 1 3
256 0.000846 3 2 3 3 2 3 1 3 3 3 3 3 4 1 3 2 1 3 3 3 1 4 2 3 1 3 2 1 1 4 1 2 1 4 4 1 2 3 3 4 1 2 1 2 1 4 1 3 1 3 2 3 3 4 1 3 4 2 4 3 3 3 1 1 3 4 1 1 1 2 1 4 1 3 4 1 1 2 1 1 4 1 4 1 4 1 3 4 4 4 1 1 1 4 1 3
256 0.124577 3 2 3 3 4 3 1 3 3 3 3 3 4 1 3 2 1 3 1 3 1 4 2 3 1 3 2 1 1 4 3 2 1 4 4 1 2 3 3 4 1 2 1 2 1 4 1 3 1 3 2 3 3 4 1 3 4 2 4 3 3 3 1 1 3 4 1 1 1 2 1 4 1 3 4 1 1 2 1 1 4 1 4 1 4 1 3 4 2 4 1 1 1 4 1 3
256 0.124577 3 2 3 1 4 3 1 3 3 3 3 3 4 1 3 2 1 3 3 3 1 4 4 3 1 3 2 1 1 4 1 2 1 3 1 1 2 3 3 4 1 2 3 2 1 4 1 3 1 3 2 3 3 4 1 3 4 2 4 3 3 3 1 1 3 4 1 1 1 2 1 4 1 3 4 1 1 2 1 1 4 1 4 1 4 3 3 4 4 4 1 1 3 4 1 3
256 0.000846 3 4 3 3 2 3 1 3 3 3 3 3 3 1 1 2 1 3 3 3 1 4 4 3 1 3 2 1 1 4 1 2 1 4 1 1 2 3 3 4 1 2 1 2 1 4 1 3 1 3 2 3 3 4 1 3 4 2 4 3 3 3 1 1 3 4 1 1 1 2 1 4 1 3 4 1 1 2 1 1 4 1 4 1 4 1 3 4 4 4 1 1 1 4 1 3
256 0.000846 3 2 3 1 2 3 1 3 3 1 3 3 4 4 3 2 1 3 3 3 1 4 2 3 1 3 2 1 1 4 1 2 1 4 1 1 4 3 3 4 1 2 1 4 1 4 1 3 1 3 2 3 3 4 1 3 4 2 4 1 3 3 1 1 3 4 1 1 1 2 1 4 1 3 4 1 1 2 1 1 4 1 4 1 4 1 3 4 4 4 1 1 1 4 1 3
256 0.124577 3 2 3 1 4 3 1 3 3 3 3 3 4 1 3 2 1 3 3 3 1 4 4 3 1 3 2 1 1 4 1 2 1 3 1 1 2 3 3 4 1 2 3 2 1 4 1 3 1 3 2 3 3 4 1 3 4 2 4 3 3 3 1 1 3 4 1 1 1 2 1 4 1 3 4 1 1 2 1 1 4 1 4 1 4 3 3 4 4 4 1 1 1 4 1 3
256 0.124577 3 2 3 3 4 3 1 1 3 3 3 3 4 1 3 4 2 1 3 3 1 2 2 1 1 3 2 1 1 3 1 4 1 4 4 1 2 3 3 4 1 4 1 2 1 4 1 3 1 3 2 3 3 4 3 3 4 2 4 3 3 0 0 0 0 0 0 0 0 0 0 0 0 0 0 0 0 0 0 1 4 1 4 1 4 1 3 4 4 4 3 1 1 4 1 3
257 0.124442 1 2 1 3 4 3 1 3 3 3 3 3 4 1 3 2 1 3 3 3 1 4 2 3 1 3 2 1 1 4 1 2 1 4 4 1 2 3 3 1 1 2 1 2 1 2 1 1 1 3 2 1 3 3 1 3 4 2 2 3 1 3 1 1 3 4 1 1 1 2 1 4 1 3 4 1 1 2 1 3 4 1 4 1 4 1 3 4 4 4 1 1 1 4 1 3
257 0.001116 3 4 3 3 2 3 1 3 3 3 3 3 4 1 1 2 1 3 3 3 1 4 4 3 1 3 2 1 1 4 1 2 1 4 1 1 2 3 3 4 1 2 1 2 1 4 1 3 1 3 2 3 3 4 1 3 4 2 4 3 3 3 1 1 3 4 1 1 1 2 1 4 1 3 4 1 1 2 1 1 4 1 4 1 4 1 3 4 4 4 1 1 1 4 1 3
257 0.124442 3 2 3 3 4 3 1 3 3 3 3 3 4 1 3 2 1 3 3 3 1 4 2 3 1 3 2 1 1 4 1 2 1 4 1 1 2 3 3 4 1 2 1 2 1 4 1 3 1 3 2 3 3 4 1 3 4 2 4 3 3 3 1 1 3 4 1 1 1 2 1 4 1 3 4 1 1 2 1 1 4 1 4 1 4 1 3 4 4 4 1 1 1 4 1 3
257 0.124442 3 2 3 3 4 3 1 3 3 3 3 3 4 1 3 2 1 3 3 3 1 4 2 3 1 3 2 1 1 4 1 2 3 4 4 1 2 3 3 4 3 2 1 2 1 4 1 3 1 3 2 3 3 4 1 3 4 4 4 3 3 3 1 1 3 4 1 1 1 2 1 4 1 3 4 1 1 2 1 1 4 3 4 1 4 1 3 4 4 4 1 1 1 4 1 3
257 0.124442 3 2 3 3 4 3 1 3 3 3 3 3 4 1 3 2 1 3 3 3 1 4 2 3 1 3 2 1 1 4 1 2 1 4 4 1 2 3 3 4 3 2 1 2 1 4 1 3 1 3 2 3 3 4 1 3 4 2 4 3 3 3 1 1 3 4 1 1 1 2 1 4 1 3 4 1 1 2 1 1 4 1 4 1 4 1 3 4 4 4 1 1 1 4 1 3
257 0.001116 3 2 3 3 2 3 1 3 3 3 3 3 4 1 3 2 1 3 3 3 1 4 2 3 1 3 2 1 1 4 1 2 1 4 4 1 2 3 3 4 1 2 1 2 1 4 1 3 1 3 2 3 3 4 1 3 4 2 4 3 3 3 1 1 3 4 1 1 1 2 1 4 1 3 4 1 1 2 1 1 4 1 4 1 4 1 3 4 4 4 1 1 1 4 1 3
257 0.124442 3 2 3 3 4 3 1 3 3 3 3 3 4 1 3 2 1 3 1 3 1 4 2 3 1 3 2 1 1 4 3 2 1 4 4 1 2 3 3 4 1 2 1 2 1 4 1 3 1 3 2 3 3 4 1 3 4 2 4 3 3 3 1 1 3 4 1 1 1 2 1 4 1 3 4 1 1 2 1 1 4 1 4 1 4 1 3 4 2 4 1 1 1 4 1 3
257 0.124442 3 2 3 1 4 3 1 3 3 3 3 3 4 1 3 2 1 3 3 3 1 4 4 3 1 3 2 1 1 4 1 2 1 3 1 1 2 3 3 4 1 2 3 2 1 4 1 3 1 3 2 3 3 4 1 3 4 2 4 3 3 3 1 1 3 4 1 1 1 2 1 4 1 3 4 1 1 2 1 1 4 1 4 1 4 3 3 4 4 4 1 1 3 4 1 3
257 0.001116 3 4 3 3 2 3 1 3 3 3 3 3 3 1 1 2 1 3 3 3 1 4 4 3 1 3 2 1 1 4 1 2 1 4 1 1 2 3 3 4 1 2 1 2 1 4 1 3 1 3 2 3 3 4 1 3 4 2 4 3 3 3 1 1 3 4 1 1 1 2 1 4 1 3 4 1 1 2 1 1 4 1 4 1 4 1 3 4 4 4 1 1 1 4 1 3
257 0.001116 3 2 3 1 2 3 1 3 3 1 3 3 4 4 3 2 1 3 3 3 1 4 2 3 1 3 2 1 1 4 1 2 1 4 1 1 4 3 3 4 1 2 1 4 1 4 1 3 1 3 2 3 3 4 1 3 4 2 4 1 3 3 1 1 3 4 1 1 1 2 1 4 1 3 4 1 1 2 1 1 4 1 4 1 4 1 3 4 4 4 1 1 1 4 1 3
257 0.124442 3 2 3 1 4 3 1 3 3 3 3 3 4 1 3 2 1 3 3 3 1 4 4 3 1 3 2 1 1 4 1 2 1 3 1 1 2 3 3 4 1 2 3 2 1 4 1 3 1 3 2 3 3 4 1 3 4 2 4 3 3 3 1 1 3 4 1 1 1 2 1 4 1 3 4 1 1 2 1 1 4 1 4 1 4 3 3 4 4 4 1 1 1 4 1 3
257 0.124442 3 2 3 3 4 3 1 1 3 3 3 3 4 1 3 4 2 1 3 3 1 2 2 1 1 3 2 1 1 3 1 4 1 4 4 1 2 3 3 4 1 4 1 2 1 4 1 3 1 3 2 3 3 4 3 3 4 2 4 3 3 0 0 0 0 0 0 0 0 0 0 0 0 0 0 0 0 0 0 1 4 1 4 1 4 1 3 4 4 4 3 1 1 4 1 3
258 0.124293 1 2 1 3 4 3 1 3 3 3 3 3 4 1 3 2 1 3 3 3 1 4 2 3 1 3 2 1 1 4 1 2 1 4 4 1 2 3 3 1 1 2 1 2 1 2 1 1 1 3 2 1 3 3 1 3 4 2 2 3 1 3 1 1 3 4 1 1 1 2 1 4 1 3 4 1 1 2 1 3 4 1 4 1 4 1 3 4 4 4 1 1 1 4 1 3
258 0.001415 3 4 3 3 2 3 1 3 3 3 3 3 4 1 1 2 1 3 3 3 1 4 4 3 1 3 2 1 1 4 1 2 1 4 1 1 2 3 3 4 1 2 1 2 1 4 1 3 1 3 2 3 3 4 1 3 4 2 4 3 3 3 1 1 3 4 1 1 1 2 1 4 1 3 4 1 1 2 1 1 4 1 4 1 4 1 3 4 4 4 1 1 1 4 1 3
258 0.124293 3 2 3 3 4 3 1 3 3 3 3 3 4 1 3 2 1 3 3 3 1 4 2 3 1 3 2 1 1 4 1 2 1 4 1 1 2 3 3 4 1 2 1 2 1 4 1 3 1 3 2 3 3 4 1 3 4 2 4 3 3 3 1 1 3 4 1 1 1 2 1 4 1 3 4 1 1 2 1 1 4 1 4 1 4 1 3 4 4 4 1 1 1 4 1 3
258 0.124293 3 2 3 3 4 3 1 3 3 3 3 3 4 1 3 2 1 3 3 3 1 4 2 3 1 3 2 1 1 4 1 2 3 4 4 1 2 3 3 4 3 2 1 2 1 4 1 3 1 3 2 3 3 4 1 3 4 4 4 3 3 3 1 1 3 4 1 1 1 2 1 4 1 3 4 1 1 2 1 1 4 3 4 1 4 1 3 4 4 4 1 1 1 4 1 3
258 0.124293 3 2 3 3 4 3 1 3 3 3 3 3 4 1 3 2 1 3 3 3 1 4 2 3 1 3 2 1 1 4 1 2 1 4 4 1 2 3 3 4 3 2 1 2 1 4 1 3 1 3 2 3 3 4 1 3 4 2 4 3 3 3 1 1 3 4 1 1 1 2 1 4 1 3 4 1 1 2 1 1 4 1 4 1 4 1 3 4 4 4 1 1 1 4 1 3
258 0.001415 3 2 3 3 2 3 1 3 3 3 3 3 4 1 3 2 1 3 3 3 1 4 2 3 1 3 2 1 1 4 1 2 1 4 4 1 2 3 3 4 1 2 1 2 1 4 1 3 1 3 2 3 3 4 1 3 4 2 4 3 3 3 1 1 3 4 1 1 1 2 1 4 1 3 4 1 1 2 1 1 4 1 4 1 4 1 3 4 4 4 1 1 1 4 1 3
258 0.124293 3 2 3 3 4 3 1 3 3 3 3 3 4 1 3 2 1 3 1 3 1 4 2 3 1 3 2 1 1 4 3 2 1 4 4 1 2 3 3 4 1 2 1 2 1 4 1 3 1 3 2 3 3 4 1 3 4 2 4 3 3 3 1 1 3 4 1 1 1 2 1 4 1 3 4 1 1 2 1 1 4 1 4 1 4 1 3 4 2 4 1 1 1 4 1 3
258 0.124293 3 2 3 1 4 3 1 3 3 3 3 3 4 1 3 2 1 3 3 3 1 4 4 3 1 3 2 1 1 4 1 2 1 3 1 1 2 3 3 4 1 2 3 2 1 4 1 3 1 3 2 3 3 4 1 3 4 2 4 3 3 3 1 1 3 4 1 1 1 2 1 4 1 3 4 1 1 2 1 1 4 1 4 1 4 3 3 4 4 4 1 1 3 4 1 3
258 0.001415 3 4 3 3 2 3 1 3 3 3 3 3 3 1 1 2 1 3 3 3 1 4 4 3 1 3 2 1 1 4 1 2 1 4 1 1 2 3 3 4 1 2 1 2 1 4 1 3 1 3 2 3 3 4 1 3 4 2 4 3 3 3 1 1 3 4 1 1 1 2 1 4 1 3 4 1 1 2 1 1 4 1 4 1 4 1 3 4 4 4 1 1 1 4 1 3
258 0.001415 3 2 3 1 2 3 1 3 3 1 3 3 4 4 3 2 1 3 3 3 1 4 2 3 1 3 2 1 1 4 1 2 1 4 1 1 4 3 3 4 1 2 1 4 1 4 1 3 1 3 2 3 3 4 1 3 4 2 4 1 3 3 1 1 3 4 1 1 1 2 1 4 1 3 4 1 1 2 1 1 4 1 4 1 4 1 3 4 4 4 1 1 1 4 1 3
258 0.124293 3 2 3 1 4 3 1 3 3 3 3 3 4 1 3 2 1 3 3 3 1 4 4 3 1 3 2 1 1 4 1 2 1 3 1 1 2 3 3 4 1 2 3 2 1 4 1 3 1 3 2 3 3 4 1 3 4 2 4 3 3 3 1 1 3 4 1 1 1 2 1 4 1 3 4 1 1 2 1 1 4 1 4 1 4 3 3 4 4 4 1 1 1 4 1 3
258 0.124293 3 2 3 3 4 3 1 1 3 3 3 3 4 1 3 4 2 1 3 3 1 2 2 1 1 3 2 1 1 3 1 4 1 4 4 1 2 3 3 4 1 4 1 2 1 4 1 3 1 3 2 3 3 4 3 3 4 2 4 3 3 0 0 0 0 0 0 0 0 0 0 0 0 0 0 0 0 0 0 1 4 1 4 1 4 1 3 4 4 4 3 1 1 4 1 3
259 0.124128 1 2 1 3 4 3 1 3 3 3 3 3 4 1 3 2 1 3 3 3 1 4 2 3 1 3 2 1 1 4 1 2 1 4 4 1 2 3 3 1 1 2 1 2 1 2 1 1 1 3 2 1 3 3 1 3 4 2 2 3 1 3 1 1 3 4 1 1 1 2 1 4 1 3 4 1 1 2 1 3 4 1 4 1 4 1 3 4 4 4 1 1 1 4 1 3
259 0.001744 3 4 3 3 2 3 1 3 3 3 3 3 4 1 1 2 1 3 3 3 1 4 4 3 1 3 2 1 1 4 1 2 1 4 1 1 2 3 3 4 1 2 1 2 1 4 1 3 1 3 2 3 3 4 1 3 4 2 4 3 3 3 1 1 3 4 1 1 1 2 1 4 1 3 4 1 1 2 1 1 4 1 4 1 4 1 3 4 4 4 1 1 1 4 1 3
259 0.124128 3 2 3 3 4 3 1 3 3 3 3 3 4 1 3 2 1 3 3 3 1 4 2 3 1 3 2 1 1 4 1 2 1 4 1 1 2 3 3 4 1 2 1 2 1 4 1 3 1 3 2 3 3 4 1 3 4 2 4 3 3 3 1 1 3 4 1 1 1 2 1 4 1 3 4 1 1 2 1 1 4 1 4 1 4 1 3 4 4 4 1 1 1 4 1 3
259 0.124128 3 2 3 3 4 3 1 3 3 3 3 3 4 1 3 2 1 3 3 3 1 4 2 3 1 3 2 1 1 4 1 2 3 4 4 1 2 3 3 4 3 2 1 2 1 4 1 3 1 3 2 3 3 4 1 3 4 4 4 3 3 3 1 1 3 4 1 1 1 2 1 4 1 3 4 1 1 2 1 1 4 3 4 1 4 1 3 4 4 4 1 1 1 4 1 3
259 0.124128 3 2 3 3 4 3 1 3 3 3 3 3 4 1 3 2 1 3 3 3 1 4 2 3 1 3 2 1 1 4 1 2 1 4 4 1 2 3 3 4 3 2 1 2 1 4 1 3 1 3 2 3 3 4 1 3 4 2 4 3 3 3 1 1 3 4 1 1 1 2 1 4 1 3 4 1 1 2 1 1 4 1 4 1 4 1 3 4 4 4 1 1 1 4 1 3
259 0.001744 3 2 3 3 2 3 1 3 3 3 3 3 4 1 3 2 1 3 3 3 1 4 2 3 1 3 2 1 1 4 1 2 1 4 4 1 2 3 3 4 1 2 1 2 1 4 1 3 1 3 2 3 3 4 1 3 4 2 4 3 3 3 1 1 3 4 1 1 1 2 1 4 1 3 4 1 1 2 1 1 4 1 4 1 4 1 3 4 4 4 1 1 1 4 1 3
259 0.124128 3 2 3 3 4 3 1 3 3 3 3 3 4 1 3 2 1 3 1 3 1 4 2 3 1 3 2 1 1 4 3 2 1 4 4 1 2 3 3 4 1 2 1 2 1 4 1 3 1 3 2 3 3 4 1 3 4 2 4 3 3 3 1 1 3 4 1 1 1 2 1 4 1 3 4 1 1 2 1 1 4 1 4 1 4 1 3 4 2 4 1 1 1 4 1 3
259 0.124128 3 2 3 1 4 3 1 3 3 3 3 3 4 1 3 2 1 3 3 3 1 4 4 3 1 3 2 1 1 4 1 2 1 3 1 1 2 3 3 4 1 2 3 2 1 4 1 3 1 3 2 3 3 4 1 3 4 2 4 3 3 3 1 1 3 4 1 1 1 2 1 4 1 3 4 1 1 2 1 1 4 1 4 1 4 3 3 4 4 4 1 1 3 4 1 3
259 0.001744 3 4 3 3 2 3 1 3 3 3 3 3 3 1 1 2 1 3 3 3 1 4 4 3 1 3 2 1 1 4 1 2 1 4 1 1 2 3 3 4 1 2 1 2 1 4 1 3 1 3 2 3 3 4 1 3 4 2 4 3 3 3 1 1 3 4 1 1 1 2 1 4 1 3 4 1 1 2 1 1 4 1 4 1 4 1 3 4 4 4 1 1 1 4 1 3
259 0.001744 3 2 3 1 2 3 1 3 3 1 3 3 4 4 3 2 1 3 3 3 1 4 2 3 1 3 2 1 1 4 1 2 1 4 1 1 4 3 3 4 1 2 1 4 1 4 1 3 1 3 2 3 3 4 1 3 4 2 4 1 3 3 1 1 3 4 1 1 1 2 1 4 1 3 4 1 1 2 1 1 4 1 4 1 4 1 3 4 4 4 1 1 1 4 1 3
259 0.124128 3 2 3 1 4 3 1 3 3 3 3 3 4 1 3 2 1 3 3 3 1 4 4 3 1 3 2 1 1 4 1 2 1 3 1 1 2 3 3 4 1 2 3 2 1 4 1 3 1 3 2 3 3 4 1 3 4 2 4 3 3 3 1 1 3 4 1 1 1 2 1 4 1 3 4 1 1 2 1 1 4 1 4 1 4 3 3 4 4 4 1 1 1 4 1 3
259 0.124128 3 2 3 3 4 3 1 1 3 3 3 3 4 1 3 4 2 1 3 3 1 2 2 1 1 3 2 1 1 3 1 4 1 4 4 1 2 3 3 4 1 4 1 2 1 4 1 3 1 3 2 3 3 4 3 3 4 2 4 3 3 0 0 0 0 0 0 0 0 0 0 0 0 0 0 0 0 0 0 1 4 1 4 1 4 1 3 4 4 4 3 1 1 4 1 3
260 0.123946 1 2 1 3 4 3 1 3 3 3 3 3 4 1 3 2 1 3 3 3 1 4 2 3 1 3 2 1 1 4 1 2 1 4 4 1 2 3 3 1 1 2 1 2 1 2 1 1 1 3 2 1 3 3 1 3 4 2 2 3 1 3 1 1 3 4 1 1 1 2 1 4 1 3 4 1 1 2 1 3 4 1 4 1 4 1 3 4 4 4 1 1 1 4 1 3
260 0.002108 3 4 3 3 2 3 1 3 3 3 3 3 4 1 1 2 1 3 3 3 1 4 4 3 1 3 2 1 1 4 1 2 1 4 1 1 2 3 3 4 1 2 1 2 1 4 1 3 1 3 2 3 3 4 1 3 4 2 4 3 3 3 1 1 3 4 1 1 1 2 1 4 1 3 4 1 1 2 1 1 4 1 4 1 4 1 3 4 4 4 1 1 1 4 1 3
260 0.123946 3 2 3 3 4 3 1 3 3 3 3 3 4 1 3 2 1 3 3 3 1 4 2 3 1 3 2 1 1 4 1 2 1 4 1 1 2 3 3 4 1 2 1 2 1 4 1 3 1 3 2 3 3 4 1 3 4 2 4 3 3 3 1 1 3 4 1 1 1 2 1 4 1 3 4 1 1 2 1 1 4 1 4 1 4 1 3 4 4 4 1 1 1 4 1 3
260 0.123946 3 2 3 3 4 3 1 3 3 3 3 3 4 1 3 2 1 3 3 3 1 4 2 3 1 3 2 1 1 4 1 2 3 4 4 1 2 3 3 4 3 2 1 2 1 4 1 3 1 3 2 3 3 4 1 3 4 4 4 3 3 3 1 1 3 4 1 1 1 2 1 4 1 3 4 1 1 2 1 1 4 3 4 1 4 1 3 4 4 4 1 1 1 4 1 3
260 0.123946 3 2 3 3 4 3 1 3 3 3 3 3 4 1 3 2 1 3 3 3 1 4 2 3 1 3 2 1 1 4 1 2 1 4 4 1 2 3 3 4 3 2 1 2 1 4 1 3 1 3 2 3 3 4 1 3 4 2 4 3 3 3 1 1 3 4 1 1 1 2 1 4 1 3 4 1 1 2 1 1 4 1 4 1 4 1 3 4 4 4 1 1 1 4 1 3
260 0.002108 3 2 3 3 2 3 1 3 3 3 3 3 4 1 3 2 1 3 3 3 1 4 2 3 1 3 2 1 1 4 1 2 1 4 4 1 2 3 3 4 1 2 1 2 1 4 1 3 1 3 2 3 3 4 1 3 4 2 4 3 3 3 1 1 3 4 1 1 1 2 1 4 1 3 4 1 1 2 1 1 4 1 4 1 4 1 3 4 4 4 1 1 1 4 1 3
260 0.123946 3 2 3 3 4 3 1 3 3 3 3 3 4 1 3 2 1 3 1 3 1 4 2 3 1 3 2 1 1 4 3 2 1 4 4 1 2 3 3 4 1 2 1 2 1 4 1 3 1 3 2 3 3 4 1 3 4 2 4 3 3 3 1 1 3 4 1 1 1 2 1 4 1 3 4 1 1 2 1 1 4 1 4 1 4 1 3 4 2 4 1 1 1 4 1 3
260 0.123946 3 2 3 1 4 3 1 3 3 3 3 3 4 1 3 2 1 3 3 3 1 4 4 3 1 3 2 1 1 4 1 2 1 3 1 1 2 3 3 4 1 2 3 2 1 4 1 3 1 3 2 3 3 4 1 3 4 2 4 3 3 3 1 1 3 4 1 1 1 2 1 4 1 3 4 1 1 2 1 1 4 1 4 1 4 3 3 4 4 4 1 1 3 4 1 3
260 0.002108 3 4 3 3 2 3 1 3 3 3 3 3 3 1 1 2 1 3 3 3 1 4 4 3 1 3 2 1 1 4 1 2 1 4 1 1 2 3 3 4 1 2 1 2 1 4 1 3 1 3 2 3 3 4 1 3 4 2 4 3 3 3 1 1 3 4 1 1 1 2 1 4 1 3 4 1 1 2 1 1 4 1 4 1 4 1 3 4 4 4 1 1 1 4 1 3
260 0.002108 3 2 3 1 2 3 1 3 3 1 3 3 4 4 3 2 1 3 3 3 1 4 2 3 1 3 2 1 1 4 1 2 1 4 1 1 4 3 3 4 1 2 1 4 1 4 1 3 1 3 2 3 3 4 1 3 4 2 4 1 3 3 1 1 3 4 1 1 1 2 1 4 1 3 4 1 1 2 1 1 4 1 4 1 4 1 3 4 4 4 1 1 1 4 1 3
260 0.123946 3 2 3 1 4 3 1 3 3 3 3 3 4 1 3 2 1 3 3 3 1 4 4 3 1 3 2 1 1 4 1 2 1 3 1 1 2 3 3 4 1 2 3 2 1 4 1 3 1 3 2 3 3 4 1 3 4 2 4 3 3 3 1 1 3 4 1 1 1 2 1 4 1 3 4 1 1 2 1 1 4 1 4 1 4 3 3 4 4 4 1 1 1 4 1 3
260 0.123946 3 2 3 3 4 3 1 1 3 3 3 3 4 1 3 4 2 1 3 3 1 2 2 1 1 3 2 1 1 3 1 4 1 4 4 1 2 3 3 4 1 4 1 2 1 4 1 3 1 3 2 3 3 4 3 3 4 2 4 3 3 0 0 0 0 0 0 0 0 0 0 0 0 0 0 0 0 0 0 1 4 1 4 1 4 1 3 4 4 4 3 1 1 4 1 3
261 0.123745 1 2 1 3 4 3 1 3 3 3 3 3 4 1 3 2 1 3 3 3 1 4 2 3 1 3 2 1 1 4 1 2 1 4 4 1 2 3 3 1 1 2 1 2 1 2 1 1 1 3 2 1 3 3 1 3 4 2 2 3 1 3 1 1 3 4 1 1 1 2 1 4 1 3 4 1 1 2 1 3 4 1 4 1 4 1 3 4 4 4 1 1 1 4 1 3
261 0.002510 3 4 3 3 2 3 1 3 3 3 3 3 4 1 1 2 1 3 3 3 1 4 4 3 1 3 2 1 1 4 1 2 1 4 1 1 2 3 3 4 1 2 1 2 1 4 1 3 1 3 2 3 3 4 1 3 4 2 4 3 3 3 1 1 3 4 1 1 1 2 1 4 1 3 4 1 1 2 1 1 4 1 4 1 4 1 3 4 4 4 1 1 1 4 1 3
261 0.123745 3 2 3 3 4 3 1 3 3 3 3 3 4 1 3 2 1 3 3 3 1 4 2 3 1 3 2 1 1 4 1 2 1 4 1 1 2 3 3 4 1 2 1 2 1 4 1 3 1 3 2 3 3 4 1 3 4 2 4 3 3 3 1 1 3 4 1 1 1 2 1 4 1 3 4 1 1 2 1 1 4 1 4 1 4 1 3 4 4 4 1 1 1 4 1 3
261 0.123745 3 2 3 3 4 3 1 3 3 3 3 3 4 1 3 2 1 3 3 3 1 4 2 3 1 3 2 1 1 4 1 2 3 4 4 1 2 3 3 4 3 2 1 2 1 4 1 3 1 3 2 3 3 4 1 3 4 4 4 3 3 3 1 1 3 4 1 1 1 2 1 4 1 3 4 1 1 2 1 1 4 3 4 1 4 1 3 4 4 4 1 1 1 4 1 3
261 0.123745 3 2 3 3 4 3 1 3 3 3 3 3 4 1 3 2 1 3 3 3 1 4 2 3 1 3 2 1 1 4 1 2 1 4 4 1 2 3 3 4 3 2 1 2 1 4 1 3 1 3 2 3 3 4 1 3 4 2 4 3 3 3 1 1 3 4 1 1 1 2 1 4 1 3 4 1 1 2 1 1 4 1 4 1 4 1 3 4 4 4 1 1 1 4 1 3
261 0.002510 3 2 3 3 2 3 1 3 3 3 3 3 4 1 3 2 1 3 3 3 1 4 2 3 1 3 2 1 1 4 1 2 1 4 4 1 2 3 3 4 1 2 1 2 1 4 1 3 1 3 2 3 3 4 1 3 4 2 4 3 3 3 1 1 3 4 1 1 1 2 1 4 1 3 4 1 1 2 1 1 4 1 4 1 4 1 3 4 4 4 1 1 1 4 1 3
261 0.123745 3 2 3 3 4 3 1 3 3 3 3 3 4 1 3 2 1 3 1 3 1 4 2 3 1 3 2 1 1 4 3 2 1 4 4 1 2 3 3 4 1 2 1 2 1 4 1 3 1 3 2 3 3 4 1 3 4 2 4 3 3 3 1 1 3 4 1 1 1 2 1 4 1 3 4 1 1 2 1 1 4 1 4 1 4 1 3 4 2 4 1 1 1 4 1 3
261 0.123745 3 2 3 1 4 3 1 3 3 3 3 3 4 1 3 2 1 3 3 3 1 4 4 3 1 3 2 1 1 4 1 2 1 3 1 1 2 3 3 4 1 2 3 2 1 4 1 3 1 3 2 3 3 4 1 3 4 2 4 3 3 3 1 1 3 4 1 1 1 2 1 4 1 3 4 1 1 2 1 1 4 1 4 1 4 3 3 4 4 4 1 1 3 4 1 3
261 0.002510 3 4 3 3 2 3 1 3 3 3 3 3 3 1 1 2 1 3 3 3 1 4 4 3 1 3 2 1 1 4 1 2 1 4 1 1 2 3 3 4 1 2 1 2 1 4 1 3 1 3 2 3 3 4 1 3 4 2 4 3 3 3 1 1 3 4 1 1 1 2 1 4 1 3 4 1 1 2 1 1 4 1 4 1 4 1 3 4 4 4 1 1 1 4 1 3
261 0.002510 3 2 3 1 2 3 1 3 3 1 3 3 4 4 3 2 1 3 3 3 1 4 2 3 1 3 2 1 1 4 1 2 1 4 1 1 4 3 3 4 1 2 1 4 1 4 1 3 1 3 2 3 3 4 1 3 4 2 4 1 3 3 1 1 3 4 1 1 1 2 1 4 1 3 4 1 1 2 1 1 4 1 4 1 4 1 3 4 4 4 1 1 1 4 1 3
261 0.123745 3 2 3 1 4 3 1 3 3 3 3 3 4 1 3 2 1 3 3 3 1 4 4 3 1 3 2 1 1 4 1 2 1 3 1 1 2 3 3 4 1 2 3 2 1 4 1 3 1 3 2 3 3 4 1 3 4 2 4 3 3 3 1 1 3 4 1 1 1 2 1 4 1 3 4 1 1 2 1 1 4 1 4 1 4 3 3 4 4 4 1 1 1 4 1 3
261 0.123745 3 2 3 3 4 3 1 1 3 3 3 3 4 1 3 4 2 1 3 3 1 2 2 1 1 3 2 1 1 3 1 4 1 4 4 1 2 3 3 4 1 4 1 2 1 4 1 3 1 3 2 3 3 4 3 3 4 2 4 3 3 0 0 0 0 0 0 0 0 0 0 0 0 0 0 0 0 0 0 1 4 1 4 1 4 1 3 4 4 4 3 1 1 4 1 3
262 0.123523 1 2 1 3 4 3 1 3 3 3 3 3 4 1 3 2 1 3 3 3 1 4 2 3 1 3 2 1 1 4 1 2 1 4 4 1 2 3 3 1 1 2 1 2 1 2 1 1 1 3 2 1 3 3 1 3 4 2 2 3 1 3 1 1 3 4 1 1 1 2 1 4 1 3 4 1 1 2 1 3 4 1 4 1 4 1 3 4 4 4 1 1 1 4 1 3
262 0.002954 3 4 3 3 2 3 1 3 3 3 3 3 4 1 1 2 1 3 3 3 1 4 4 3 1 3 2 1 1 4 1 2 1 4 1 1 2 3 3 4 1 2 1 2 1 4 1 3 1 3 2 3 3 4 1 3 4 2 4 3 3 3 1 1 3 4 1 1 1 2 1 4 1 3 4 1 1 2 1 1 4 1 4 1 4 1 3 4 4 4 1 1 1 4 1 3
262 0.123523 3 2 3 3 4 3 1 3 3 3 3 3 4 1 3 2 1 3 3 3 1 4 2 3 1 3 2 1 1 4 1 2 1 4 1 1 2 3 3 4 1 2 1 2 1 4 1 3 1 3 2 3 3 4 1 3 4 2 4 3 3 3 1 1 3 4 1 1 1 2 1 4 1 3 4 1 1 2 1 1 4 1 4 1 4 1 3 4 4 4 1 1 1 4 1 3
262 0.123523 3 2 3 3 4 3 1 3 3 3 3 3 4 1 3 2 1 3 3 3 1 4 2 3 1 3 2 1 1 4 1 2 3 4 4 1 2 3 3 4 3 2 1 2 1 4 1 3 1 3 2 3 3 4 1 3 4 4 4 3 3 3 1 1 3 4 1 1 1 2 1 4 1 3 4 1 1 2 1 1 4 3 4 1 4 1 3 4 4 4 1 1 1 4 1 3
262 0.123523 3 2 3 3 4 3 1 3 3 3 3 3 4 1 3 2 1 3 3 3 1 4 2 3 1 3 2 1 1 4 1 2 1 4 4 1 2 3 3 4 3 2 1 2 1 4 1 3 1 3 2 3 3 4 1 3 4 2 4 3 3 3 1 1 3 4 1 1 1 2 1 4 1 3 4 1 1 2 1 1 4 1 4 1 4 1 3 4 4 4 1 1 1 4 1 3
262 0.002954 3 2 3 3 2 3 1 3 3 3 3 3 4 1 3 2 1 3 3 3 1 4 2 3 1 3 2 1 1 4 1 2 1 4 4 1 2 3 3 4 1 2 1 2 1 4 1 3 1 3 2 3 3 4 1 3 4 2 4 3 3 3 1 1 3 4 1 1 1 2 1 4 1 3 4 1 1 2 1 1 4 1 4 1 4 1 3 4 4 4 1 1 1 4 1 3
262 0.123523 3 2 3 3 4 3 1 3 3 3 3 3 4 1 3 2 1 3 1 3 1 4 2 3 1 3 2 1 1 4 3 2 1 4 4 1 2 3 3 4 1 2 1 2 1 4 1 3 1 3 2 3 3 4 1 3 4 2 4 3 3 3 1 1 3 4 1 1 1 2 1 4 1 3 4 1 1 2 1 1 4 1 4 1 4 1 3 4 2 4 1 1 1 4 1 3
262 0.123523 3 2 3 1 4 3 1 3 3 3 3 3 4 1 3 2 1 3 3 3 1 4 4 3 1 3 2 1 1 4 1 2 1 3 1 1 2 3 3 4 1 2 3 2 1 4 1 3 1 3 2 3 3 4 1 3 4 2 4 3 3 3 1 1 3 4 1 1 1 2 1 4 1 3 4 1 1 2 1 1 4 1 4 1 4 3 3 4 4 4 1 1 3 4 1 3
262 0.002954 3 4 3 3 2 3 1 3 3 3 3 3 3 1 1 2 1 3 3 3 1 4 4 3 1 3 2 1 1 4 1 2 1 4 1 1 2 3 3 4 1 2 1 2 1 4 1 3 1 3 2 3 3 4 1 3 4 2 4 3 3 3 1 1 3 4 1 1 1 2 1 4 1 3 4 1 1 2 1 1 4 1 4 1 4 1 3 4 4 4 1 1 1 4 1 3
262 0.002954 3 2 3 1 2 3 1 3 3 1 3 3 4 4 3 2 1 3 3 3 1 4 2 3 1 3 2 1 1 4 1 2 1 4 1 1 4 3 3 4 1 2 1 4 1 4 1 3 1 3 2 3 3 4 1 3 4 2 4 1 3 3 1 1 3 4 1 1 1 2 1 4 1 3 4 1 1 2 1 1 4 1 4 1 4 1 3 4 4 4 1 1 1 4 1 3
262 0.123523 3 2 3 1 4 3 1 3 3 3 3 3 4 1 3 2 1 3 3 3 1 4 4 3 1 3 2 1 1 4 1 2 1 3 1 1 2 3 3 4 1 2 3 2 1 4 1 3 1 3 2 3 3 4 1 3 4 2 4 3 3 3 1 1 3 4 1 1 1 2 1 4 1 3 4 1 1 2 1 1 4 1 4 1 4 3 3 4 4 4 1 1 1 4 1 3
262 0.123523 3 2 3 3 4 3 1 1 3 3 3 3 4 1 3 4 2 1 3 3 1 2 2 1 1 3 2 1 1 3 1 4 1 4 4 1 2 3 3 4 1 4 1 2 1 4 1 3 1 3 2 3 3 4 3 3 4 2 4 3 3 0 0 0 0 0 0 0 0 0 0 0 0 0 0 0 0 0 0 1 4 1 4 1 4 1 3 4 4 4 3 1 1 4 1 3
263 0.123278 1 2 1 3 4 3 1 3 3 3 3 3 4 1 3 2 1 3 3 3 1 4 2 3 1 3 2 1 1 4 1 2 1 4 4 1 2 3 3 1 1 2 1 2 1 2 1 1 1 3 2 1 3 3 1 3 4 2 2 3 1 3 1 1 3 4 1 1 1 2 1 4 1 3 4 1 1 2 1 3 4 1 4 1 4 1 3 4 4 4 1 1 1 4 1 3
263 0.003443 3 4 3 3 2 3 1 3 3 3 3 3 4 1 1 2 1 3 3 3 1 4 4 3 1 3 2 1 1 4 1 2 1 4 1 1 2 3 3 4 1 2 1 2 1 4 1 3 1 3 2 3 3 4 1 3 4 2 4 3 3 3 1 1 3 4 1 1 1 2 1 4 1 3 4 1 1 2 1 1 4 1 4 1 4 1 3 4 4 4 1 1 1 4 1 3
263 0.123278 3 2 3 3 4 3 1 3 3 3 3 3 4 1 3 2 1 3 3 3 1 4 2 3 1 3 2 1 1 4 1 2 1 4 1 1 2 3 3 4 1 2 1 2 1 4 1 3 1 3 2 3 3 4 1 3 4 2 4 3 3 3 1 1 3 4 1 1 1 2 1 4 1 3 4 1 1 2 1 1 4 1 4 1 4 1 3 4 4 4 1 1 1 4 1 3
263 0.123278 3 2 3 3 4 3 1 3 3 3 3 3 4 1 3 2 1 3 3 3 1 4 2 3 1 3 2 1 1 4 1 2 3 4 4 1 2 3 3 4 3 2 1 2 1 4 1 3 1 3 2 3 3 4 1 3 4 4 4 3 3 3 1 1 3 4 1 1 1 2 1 4 1 3 4 1 1 2 1 1 4 3 4 1 4 1 3 4 4 4 1 1 1 4 1 3
263 0.123278 3 2 3 3 4 3 1 3 3 3 3 3 4 1 3 2 1 3 3 3 1 4 2 3 1 3 2 1 1 4 1 2 1 4 4 1 2 3 3 4 3 2 1 2 1 4 1 3 1 3 2 3 3 4 1 3 4 2 4 3 3 3 1 1 3 4 1 1 1 2 1 4 1 3 4 1 1 2 1 1 4 1 4 1 4 1 3 4 4 4 1 1 1 4 1 3
263 0.003443 3 2 3 3 2 3 1 3 3 3 3 3 4 1 3 2 1 3 3 3 1 4 2 3 1 3 2 1 1 4 1 2 1 4 4 1 2 3 3 4 1 2 1 2 1 4 1 3 1 3 2 3 3 4 1 3 4 2 4 3 3 3 1 1 3 4 1 1 1 2 1 4 1 3 4 1 1 2 1 1 4 1 4 1 4 1 3 4 4 4 1 1 1 4 1 3
263 0.123278 3 2 3 3 4 3 1 3 3 3 3 3 4 1 3 2 1 3 1 3 1 4 2 3 1 3 2 1 1 4 3 2 1 4 4 1 2 3 3 4 1 2 1 2 1 4 1 3 1 3 2 3 3 4 1 3 4 2 4 3 3 3 1 1 3 4 1 1 1 2 1 4 1 3 4 1 1 2 1 1 4 1 4 1 4 1 3 4 2 4 1 1 1 4 1 3
263 0.123278 3 2 3 1 4 3 1 3 3 3 3 3 4 1 3 2 1 3 3 3 1 4 4 3 1 3 2 1 1 4 1 2 1 3 1 1 2 3 3 4 1 2 3 2 1 4 1 3 1 3 2 3 3 4 1 3 4 2 4 3 3 3 1 1 3 4 1 1 1 2 1 4 1 3 4 1 1 2 1 1 4 1 4 1 4 3 3 4 4 4 1 1 3 4 1 3
263 0.003443 3 4 3 3 2 3 1 3 3 3 3 3 3 1 1 2 1 3 3 3 1 4 4 3 1 3 2 1 1 4 1 2 1 4 1 1 2 3 3 4 1 2 1 2 1 4 1 3 1 3 2 3 3 4 1 3 4 2 4 3 3 3 1 1 3 4 1 1 1 2 1 4 1 3 4 1 1 2 1 1 4 1 4 1 4 1 3 4 4 4 1 1 1 4 1 3
263 0.003443 3 2 3 1 2 3 1 3 3 1 3 3 4 4 3 2 1 3 3 3 1 4 2 3 1 3 2 1 1 4 1 2 1 4 1 1 4 3 3 4 1 2 1 4 1 4 1 3 1 3 2 3 3 4 1 3 4 2 4 1 3 3 1 1 3 4 1 1 1 2 1 4 1 3 4 1 1 2 1 1 4 1 4 1 4 1 3 4 4 4 1 1 1 4 1 3
263 0.123278 3 2 3 1 4 3 1 3 3 3 3 3 4 1 3 2 1 3 3 3 1 4 4 3 1 3 2 1 1 4 1 2 1 3 1 1 2 3 3 4 1 2 3 2 1 4 1 3 1 3 2 3 3 4 1 3 4 2 4 3 3 3 1 1 3 4 1 1 1 2 1 4 1 3 4 1 1 2 1 1 4 1 4 1 4 3 3 4 4 4 1 1 1 4 1 3
263 0.123278 3 2 3 3 4 3 1 1 3 3 3 3 4 1 3 4 2 1 3 3 1 2 2 1 1 3 2 1 1 3 1 4 1 4 4 1 2 3 3 4 1 4 1 2 1 4 1 3 1 3 2 3 3 4 3 3 4 2 4 3 3 0 0 0 0 0 0 0 0 0 0 0 0 0 0 0 0 0 0 1 4 1 4 1 4 1 3 4 4 4 3 1 1 4 1 3
264 0.123008 1 2 1 3 4 3 1 3 3 3 3 3 4 1 3 2 1 3 3 3 1 4 2 3 1 3 2 1 1 4 1 2 1 4 4 1 2 3 3 1 1 2 1 2 1 2 1 1 1 3 2 1 3 3 1 3 4 2 2 3 1 3 1 1 3 4 1 1 1 2 1 4 1 3 4 1 1 2 1 3 4 1 4 1 4 1 3 4 4 4 1 1 1 4 1 3
264 0.003983 3 4 3 3 2 3 1 3 3 3 3 3 4 1 1 2 1 3 3 3 1 4 4 3 1 3 2 1 1 4 1 2 1 4 1 1 2 3 3 4 1 2 1 2 1 4 1 3 1 3 2 3 3 4 1 3 4 2 4 3 3 3 1 1 3 4 1 1 1 2 1 4 1 3 4 1 1 2 1 1 4 1 4 1 4 1 3 4 4 4 1 1 1 4 1 3
264 0.123008 3 2 3 3 4 3 1 3 3 3 3 3 4 1 3 2 1 3 3 3 1 4 2 3 1 3 2 1 1 4 1 2 1 4 1 1 2 3 3 4 1 2 1 2 1 4 1 3 1 3 2 3 3 4 1 3 4 2 4 3 3 3 1 1 3 4 1 1 1 2 1 4 1 3 4 1 1 2 1 1 4 1 4 1 4 1 3 4 4 4 1 1 1 4 1 3
264 0.123008 3 2 3 3 4 3 1 3 3 3 3 3 4 1 3 2 1 3 3 3 1 4 2 3 1 3 2 1 1 4 1 2 3 4 4 1 2 3 3 4 3 2 1 2 1 4 1 3 1 3 2 3 3 4 1 3 4 4 4 3 3 3 1 1 3 4 1 1 1 2 1 4 1 3 4 1 1 2 1 1 4 3 4 1 4 1 3 4 4 4 1 1 1 4 1 3
264 0.123008 3 2 3 3 4 3 1 3 3 3 3 3 4 1 3 2 1 3 3 3 1 4 2 3 1 3 2 1 1 4 1 2 1 4 4 1 2 3 3 4 3 2 1 2 1 4 1 3 1 3 2 3 3 4 1 3 4 2 4 3 3 3 1 1 3 4 1 1 1 2 1 4 1 3 4 1 1 2 1 1 4 1 4 1 4 1 3 4 4 4 1 1 1 4 1 3
264 0.003983 3 2 3 3 2 3 1 3 3 3 3 3 4 1 3 2 1 3 3 3 1 4 2 3 1 3 2 1 1 4 1 2 1 4 4 1 2 3 3 4 1 2 1 2 1 4 1 3 1 3 2 3 3 4 1 3 4 2 4 3 3 3 1 1 3 4 1 1 1 2 1 4 1 3 4 1 1 2 1 1 4 1 4 1 4 1 3 4 4 4 1 1 1 4 1 3
264 0.123008 3 2 3 3 4 3 1 3 3 3 3 3 4 1 3 2 1 3 1 3 1 4 2 3 1 3 2 1 1 4 3 2 1 4 4 1 2 3 3 4 1 2 1 2 1 4 1 3 1 3 2 3 3 4 1 3 4 2 4 3 3 3 1 1 3 4 1 1 1 2 1 4 1 3 4 1 1 2 1 1 4 1 4 1 4 1 3 4 2 4 1 1 1 4 1 3
264 0.123008 3 2 3 1 4 3 1 3 3 3 3 3 4 1 3 2 1 3 3 3 1 4 4 3 1 3 2 1 1 4 1 2 1 3 1 1 2 3 3 4 1 2 3 2 1 4 1 3 1 3 2 3 3 4 1 3 4 2 4 3 3 3 1 1 3 4 1 1 1 2 1 4 1 3 4 1 1 2 1 1 4 1 4 1 4 3 3 4 4 4 1 1 3 4 1 3
264 0.003983 3 4 3 3 2 3 1 3 3 3 3 3 3 1 1 2 1 3 3 3 1 4 4 3 1 3 2 1 1 4 1 2 1 4 1 1 2 3 3 4 1 2 1 2 1 4 1 3 1 3 2 3 3 4 1 3 4 2 4 3 3 3 1 1 3 4 1 1 1 2 1 4 1 3 4 1 1 2 1 1 4 1 4 1 4 1 3 4 4 4 1 1 1 4 1 3
264 0.003983 3 2 3 1 2 3 1 3 3 1 3 3 4 4 3 2 1 3 3 3 1 4 2 3 1 3 2 1 1 4 1 2 1 4 1 1 4 3 3 4 1 2 1 4 1 4 1 3 1 3 2 3 3 4 1 3 4 2 4 1 3 3 1 1 3 4 1 1 1 2 1 4 1 3 4 1 1 2 1 1 4 1 4 1 4 1 3 4 4 4 1 1 1 4 1 3
264 0.123008 3 2 3 1 4 3 1 3 3 3 3 3 4 1 3 2 1 3 3 3 1 4 4 3 1 3 2 1 1 4 1 2 1 3 1 1 2 3 3 4 1 2 3 2 1 4 1 3 1 3 2 3 3 4 1 3 4 2 4 3 3 3 1 1 3 4 1 1 1 2 1 4 1 3 4 1 1 2 1 1 4 1 4 1 4 3 3 4 4 4 1 1 1 4 1 3
264 0.123008 3 2 3 3 4 3 1 1 3 3 3 3 4 1 3 4 2 1 3 3 1 2 2 1 1 3 2 1 1 3 1 4 1 4 4 1 2 3 3 4 1 4 1 2 1 4 1 3 1 3 2 3 3 4 3 3 4 2 4 3 3 0 0 0 0 0 0 0 0 0 0 0 0 0 0 0 0 0 0 1 4 1 4 1 4 1 3 4 4 4 3 1 1 4 1 3
265 0.122711 1 2 1 3 4 3 1 3 3 3 3 3 4 1 3 2 1 3 3 3 1 4 2 3 1 3 2 1 1 4 1 2 1 4 4 1 2 3 3 1 1 2 1 2 1 2 1 1 1 3 2 1 3 3 1 3 4 2 2 3 1 3 1 1 3 4 1 1 1 2 1 4 1 3 4 1 1 2 1 3 4 1 4 1 4 1 3 4 4 4 1 1 1 4 1 3
265 0.004578 3 4 3 3 2 3 1 3 3 3 3 3 4 1 1 2 1 3 3 3 1 4 4 3 1 3 2 1 1 4 1 2 1 4 1 1 2 3 3 4 1 2 1 2 1 4 1 3 1 3 2 3 3 4 1 3 4 2 4 3 3 3 1 1 3 4 1 1 1 2 1 4 1 3 4 1 1 2 1 1 4 1 4 1 4 1 3 4 4 4 1 1 1 4 1 3
265 0.122711 3 2 3 3 4 3 1 3 3 3 3 3 4 1 3 2 1 3 3 3 1 4 2 3 1 3 2 1 1 4 1 2 1 4 1 1 2 3 3 4 1 2 1 2 1 4 1 3 1 3 2 3 3 4 1 3 4 2 4 3 3 3 1 1 3 4 1 1 1 2 1 4 1 3 4 1 1 2 1 1 4 1 4 1 4 1 3 4 4 4 1 1 1 4 1 3
265 0.122711 3 2 3 3 4 3 1 3 3 3 3 3 4 1 3 2 1 3 3 3 1 4 2 3 1 3 2 1 1 4 1 2 3 4 4 1 2 3 3 4 3 2 1 2 1 4 1 3 1 3 2 3 3 4 1 3 4 4 4 3 3 3 1 1 3 4 1 1 1 2 1 4 1 3 4 1 1 2 1 1 4 3 4 1 4 1 3 4 4 4 1 1 1 4 1 3
265 0.122711 3 2 3 3 4 3 1 3 3 3 3 3 4 1 3 2 1 3 3 3 1 4 2 3 1 3 2 1 1 4 1 2 1 4 4 1 2 3 3 4 3 2 1 2 1 4 1 3 1 3 2 3 3 4 1 3 4 2 4 3 3 3 1 1 3 4 1 1 1 2 1 4 1 3 4 1 1 2 1 1 4 1 4 1 4 1 3 4 4 4 1 1 1 4 1 3
265 0.004578 3 2 3 3 2 3 1 3 3 3 3 3 4 1 3 2 1 3 3 3 1 4 2 3 1 3 2 1 1 4 1 2 1 4 4 1 2 3 3 4 1 2 1 2 1 4 1 3 1 3 2 3 3 4 1 3 4 2 4 3 3 3 1 1 3 4 1 1 1 2 1 4 1 3 4 1 1 2 1 1 4 1 4 1 4 1 3 4 4 4 1 1 1 4 1 3
265 0.122711 3 2 3 3 4 3 1 3 3 3 3 3 4 1 3 2 1 3 1 3 1 4 2 3 1 3 2 1 1 4 3 2 1 4 4 1 2 3 3 4 1 2 1 2 1 4 1 3 1 3 2 3 3 4 1 3 4 2 4 3 3 3 1 1 3 4 1 1 1 2 1 4 1 3 4 1 1 2 1 1 4 1 4 1 4 1 3 4 2 4 1 1 1 4 1 3
265 0.122711 3 2 3 1 4 3 1 3 3 3 3 3 4 1 3 2 1 3 3 3 1 4 4 3 1 3 2 1 1 4 1 2 1 3 1 1 2 3 3 4 1 2 3 2 1 4 1 3 1 3 2 3 3 4 1 3 4 2 4 3 3 3 1 1 3 4 1 1 1 2 1 4 1 3 4 1 1 2 1 1 4 1 4 1 4 3 3 4 4 4 1 1 3 4 1 3
265 0.004578 3 4 3 3 2 3 1 3 3 3 3 3 3 1 1 2 1 3 3 3 1 4 4 3 1 3 2 1 1 4 1 2 1 4 1 1 2 3 3 4 1 2 1 2 1 4 1 3 1 3 2 3 3 4 1 3 4 2 4 3 3 3 1 1 3 4 1 1 1 2 1 4 1 3 4 1 1 2 1 1 4 1 4 1 4 1 3 4 4 4 1 1 1 4 1 3
265 0.004578 3 2 3 1 2 3 1 3 3 1 3 3 4 4 3 2 1 3 3 3 1 4 2 3 1 3 2 1 1 4 1 2 1 4 1 1 4 3 3 4 1 2 1 4 1 4 1 3 1 3 2 3 3 4 1 3 4 2 4 1 3 3 1 1 3 4 1 1 1 2 1 4 1 3 4 1 1 2 1 1 4 1 4 1 4 1 3 4 4 4 1 1 1 4 1 3
265 0.122711 3 2 3 1 4 3 1 3 3 3 3 3 4 1 3 2 1 3 3 3 1 4 4 3 1 3 2 1 1 4 1 2 1 3 1 1 2 3 3 4 1 2 3 2 1 4 1 3 1 3 2 3 3 4 1 3 4 2 4 3 3 3 1 1 3 4 1 1 1 2 1 4 1 3 4 1 1 2 1 1 4 1 4 1 4 3 3 4 4 4 1 1 1 4 1 3
265 0.122711 3 2 3 3 4 3 1 1 3 3 3 3 4 1 3 4 2 1 3 3 1 2 2 1 1 3 2 1 1 3 1 4 1 4 4 1 2 3 3 4 1 4 1 2 1 4 1 3 1 3 2 3 3 4 3 3 4 2 4 3 3 0 0 0 0 0 0 0 0 0 0 0 0 0 0 0 0 0 0 1 4 1 4 1 4 1 3 4 4 4 3 1 1 4 1 3
266 0.122383 1 2 1 3 4 3 1 3 3 3 3 3 4 1 3 2 1 3 3 3 1 4 2 3 1 3 2 1 1 4 1 2 1 4 4 1 2 3 3 1 1 2 1 2 1 2 1 1 1 3 2 1 3 3 1 3 4 2 2 3 1 3 1 1 3 4 1 1 1 2 1 4 1 3 4 1 1 2 1 3 4 1 4 1 4 1 3 4 4 4 1 1 1 4 1 3
266 0.005234 3 4 3 3 2 3 1 3 3 3 3 3 4 1 1 2 1 3 3 3 1 4 4 3 1 3 2 1 1 4 1 2 1 4 1 1 2 3 3 4 1 2 1 2 1 4 1 3 1 3 2 3 3 4 1 3 4 2 4 3 3 3 1 1 3 4 1 1 1 2 1 4 1 3 4 1 1 2 1 1 4 1 4 1 4 1 3 4 4 4 1 1 1 4 1 3
266 0.122383 3 2 3 3 4 3 1 3 3 3 3 3 4 1 3 2 1 3 3 3 1 4 2 3 1 3 2 1 1 4 1 2 1 4 1 1 2 3 3 4 1 2 1 2 1 4 1 3 1 3 2 3 3 4 1 3 4 2 4 3 3 3 1 1 3 4 1 1 1 2 1 4 1 3 4 1 1 2 1 1 4 1 4 1 4 1 3 4 4 4 1 1 1 4 1 3
266 0.122383 3 2 3 3 4 3 1 3 3 3 3 3 4 1 3 2 1 3 3 3 1 4 2 3 1 3 2 1 1 4 1 2 3 4 4 1 2 3 3 4 3 2 1 2 1 4 1 3 1 3 2 3 3 4 1 3 4 4 4 3 3 3 1 1 3 4 1 1 1 2 1 4 1 3 4 1 1 2 1 1 4 3 4 1 4 1 3 4 4 4 1 1 1 4 1 3
266 0.122383 3 2 3 3 4 3 1 3 3 3 3 3 4 1 3 2 1 3 3 3 1 4 2 3 1 3 2 1 1 4 1 2 1 4 4 1 2 3 3 4 3 2 1 2 1 4 1 3 1 3 2 3 3 4 1 3 4 2 4 3 3 3 1 1 3 4 1 1 1 2 1 4 1 3 4 1 1 2 1 1 4 1 4 1 4 1 3 4 4 4 1 1 1 4 1 3
266 0.005234 3 2 3 3 2 3 1 3 3 3 3 3 4 1 3 2 1 3 3 3 1 4 2 3 1 3 2 1 1 4 1 2 1 4 4 1 2 3 3 4 1 2 1 2 1 4 1 3 1 3 2 3 3 4 1 3 4 2 4 3 3 3 1 1 3 4 1 1 1 2 1 4 1 3 4 1 1 2 1 1 4 1 4 1 4 1 3 4 4 4 1 1 1 4 1 3
266 0.122383 3 2 3 3 4 3 1 3 3 3 3 3 4 1 3 2 1 3 1 3 1 4 2 3 1 3 2 1 1 4 3 2 1 4 4 1 2 3 3 4 1 2 1 2 1 4 1 3 1 3 2 3 3 4 1 3 4 2 4 3 3 3 1 1 3 4 1 1 1 2 1 4 1 3 4 1 1 2 1 1 4 1 4 1 4 1 3 4 2 4 1 1 1 4 1 3
266 0.122383 3 2 3 1 4 3 1 3 3 3 3 3 4 1 3 2 1 3 3 3 1 4 4 3 1 3 2 1 1 4 1 2 1 3 1 1 2 3 3 4 1 2 3 2 1 4 1 3 1 3 2 3 3 4 1 3 4 2 4 3 3 3 1 1 3 4 1 1 1 2 1 4 1 3 4 1 1 2 1 1 4 1 4 1 4 3 3 4 4 4 1 1 3 4 1 3
266 0.005234 3 4 3 3 2 3 1 3 3 3 3 3 3 1 1 2 1 3 3 3 1 4 4 3 1 3 2 1 1 4 1 2 1 4 1 1 2 3 3 4 1 2 1 2 1 4 1 3 1 3 2 3 3 4 1 3 4 2 4 3 3 3 1 1 3 4 1 1 1 2 1 4 1 3 4 1 1 2 1 1 4 1 4 1 4 1 3 4 4 4 1 1 1 4 1 3
266 0.005234 3 2 3 1 2 3 1 3 3 1 3 3 4 4 3 2 1 3 3 3 1 4 2 3 1 3 2 1 1 4 1 2 1 4 1 1 4 3 3 4 1 2 1 4 1 4 1 3 1 3 2 3 3 4 1 3 4 2 4 1 3 3 1 1 3 4 1 1 1 2 1 4 1 3 4 1 1 2 1 1 4 1 4 1 4 1 3 4 4 4 1 1 1 4 1 3
266 0.122383 3 2 3 1 4 3 1 3 3 3 3 3 4 1 3 2 1 3 3 3 1 4 4 3 1 3 2 1 1 4 1 2 1 3 1 1 2 3 3 4 1 2 3 2 1 4 1 3 1 3 2 3 3 4 1 3 4 2 4 3 3 3 1 1 3 4 1 1 1 2 1 4 1 3 4 1 1 2 1 1 4 1 4 1 4 3 3 4 4 4 1 1 1 4 1 3
266 0.122383 3 2 3 3 4 3 1 1 3 3 3 3 4 1 3 4 2 1 3 3 1 2 2 1 1 3 2 1 1 3 1 4 1 4 4 1 2 3 3 4 1 4 1 2 1 4 1 3 1 3 2 3 3 4 3 3 4 2 4 3 3 0 0 0 0 0 0 0 0 0 0 0 0 0 0 0 0 0 0 1 4 1 4 1 4 1 3 4 4 4 3 1 1 4 1 3
267 0.122022 1 2 1 3 4 3 1 3 3 3 3 3 4 1 3 2 1 3 3 3 1 4 2 3 1 3 2 1 1 4 1 2 1 4 4 1 2 3 3 1 1 2 1 2 1 2 1 1 1 3 2 1 3 3 1 3 4 2 2 3 1 3 1 1 3 4 1 1 1 2 1 4 1 3 4 1 1 2 1 3 4 1 4 1 4 1 3 4 4 4 1 1 1 4 1 3
267 0.005955 3 4 3 3 2 3 1 3 3 3 3 3 4 1 1 2 1 3 3 3 1 4 4 3 1 3 2 1 1 4 1 2 1 4 1 1 2 3 3 4 1 2 1 2 1 4 1 3 1 3 2 3 3 4 1 3 4 2 4 3 3 3 1 1 3 4 1 1 1 2 1 4 1 3 4 1 1 2 1 1 4 1 4 1 4 1 3 4 4 4 1 1 1 4 1 3
267 0.122022 3 2 3 3 4 3 1 3 3 3 3 3 4 1 3 2 1 3 3 3 1 4 2 3 1 3 2 1 1 4 1 2 1 4 1 1 2 3 3 4 1 2 1 2 1 4 1 3 1 3 2 3 3 4 1 3 4 2 4 3 3 3 1 1 3 4 1 1 1 2 1 4 1 3 4 1 1 2 1 1 4 1 4 1 4 1 3 4 4 4 1 1 1 4 1 3
267 0.122022 3 2 3 3 4 3 1 3 3 3 3 3 4 1 3 2 1 3 3 3 1 4 2 3 1 3 2 1 1 4 1 2 3 4 4 1 2 3 3 4 3 2 1 2 1 4 1 3 1 3 2 3 3 4 1 3 4 4 4 3 3 3 1 1 3 4 1 1 1 2 1 4 1 3 4 1 1 2 1 1 4 3 4 1 4 1 3 4 4 4 1 1 1 4 1 3
267 0.122022 3 2 3 3 4 3 1 3 3 3 3 3 4 1 3 2 1 3 3 3 1 4 2 3 1 3 2 1 1 4 1 2 1 4 4 1 2 3 3 4 3 2 1 2 1 4 1 3 1 3 2 3 3 4 1 3 4 2 4 3 3 3 1 1 3 4 1 1 1 2 1 4 1 3 4 1 1 2 1 1 4 1 4 1 4 1 3 4 4 4 1 1 1 4 1 3
267 0.005955 3 2 3 3 2 3 1 3 3 3 3 3 4 1 3 2 1 3 3 3 1 4 2 3 1 3 2 1 1 4 1 2 1 4 4 1 2 3 3 4 1 2 1 2 1 4 1 3 1 3 2 3 3 4 1 3 4 2 4 3 3 3 1 1 3 4 1 1 1 2 1 4 1 3 4 1 1 2 1 1 4 1 4 1 4 1 3 4 4 4 1 1 1 4 1 3
267 0.122022 3 2 3 3 4 3 1 3 3 3 3 3 4 1 3 2 1 3 1 3 1 4 2 3 1 3 2 1 1 4 3 2 1 4 4 1 2 3 3 4 1 2 1 2 1 4 1 3 1 3 2 3 3 4 1 3 4 2 4 3 3 3 1 1 3 4 1 1 1 2 1 4 1 3 4 1 1 2 1 1 4 1 4 1 4 1 3 4 2 4 1 1 1 4 1 3
267 0.122022 3 2 3 1 4 3 1 3 3 3 3 3 4 1 3 2 1 3 3 3 1 4 4 3 1 3 2 1 1 4 1 2 1 3 1 1 2 3 3 4 1 2 3 2 1 4 1 3 1 3 2 3 3 4 1 3 4 2 4 3 3 3 1 1 3 4 1 1 1 2 1 4 1 3 4 1 1 2 1 1 4 1 4 1 4 3 3 4 4 4 1 1 3 4 1 3
267 0.005955 3 4 3 3 2 3 1 3 3 3 3 3 3 1 1 2 1 3 3 3 1 4 4 3 1 3 2 1 1 4 1 2 1 4 1 1 2 3 3 4 1 2 1 2 1 4 1 3 1 3 2 3 3 4 1 3 4 2 4 3 3 3 1 1 3 4 1 1 1 2 1 4 1 3 4 1 1 2 1 1 4 1 4 1 4 1 3 4 4 4 1 1 1 4 1 3
267 0.005955 3 2 3 1 2 3 1 3 3 1 3 3 4 4 3 2 1 3 3 3 1 4 2 3 1 3 2 1 1 4 1 2 1 4 1 1 4 3 3 4 1 2 1 4 1 4 1 3 1 3 2 3 3 4 1 3 4 2 4 1 3 3 1 1 3 4 1 1 1 2 1 4 1 3 4 1 1 2 1 1 4 1 4 1 4 1 3 4 4 4 1 1 1 4 1 3
267 0.122022 3 2 3 1 4 3 1 3 3 3 3 3 4 1 3 2 1 3 3 3 1 4 4 3 1 3 2 1 1 4 1 2 1 3 1 1 2 3 3 4 1 2 3 2 1 4 1 3 1 3 2 3 3 4 1 3 4 2 4 3 3 3 1 1 3 4 1 1 1 2 1 4 1 3 4 1 1 2 1 1 4 1 4 1 4 3 3 4 4 4 1 1 1 4 1 3
267 0.122022 3 2 3 3 4 3 1 1 3 3 3 3 4 1 3 4 2 1 3 3 1 2 2 1 1 3 2 1 1 3 1 4 1 4 4 1 2 3 3 4 1 4 1 2 1 4 1 3 1 3 2 3 3 4 3 3 4 2 4 3 3 0 0 0 0 0 0 0 0 0 0 0 0 0 0 0 0 0 0 1 4 1 4 1 4 1 3 4 4 4 3 1 1 4 1 3
268 0.121625 1 2 1 3 4 3 1 3 3 3 3 3 4 1 3 2 1 3 3 3 1 4 2 3 1 3 2 1 1 4 1 2 1 4 4 1 2 3 3 1 1 2 1 2 1 2 1 1 1 3 2 1 3 3 1 3 4 2 2 3 1 3 1 1 3 4 1 1 1 2 1 4 1 3 4 1 1 2 1 3 4 1 4 1 4 1 3 4 4 4 1 1 1 4 1 3
268 0.006750 3 4 3 3 2 3 1 3 3 3 3 3 4 1 1 2 1 3 3 3 1 4 4 3 1 3 2 1 1 4 1 2 1 4 1 1 2 3 3 4 1 2 1 2 1 4 1 3 1 3 2 3 3 4 1 3 4 2 4 3 3 3 1 1 3 4 1 1 1 2 1 4 1 3 4 1 1 2 1 1 4 1 4 1 4 1 3 4 4 4 1 1 1 4 1 3
268 0.121625 3 2 3 3 4 3 1 3 3 3 3 3 4 1 3 2 1 3 3 3 1 4 2 3 1 3 2 1 1 4 1 2 1 4 1 1 2 3 3 4 1 2 1 2 1 4 1 3 1 3 2 3 3 4 1 3 4 2 4 3 3 3 1 1 3 4 1 1 1 2 1 4 1 3 4 1 1 2 1 1 4 1 4 1 4 1 3 4 4 4 1 1 1 4 1 3
268 0.121625 3 2 3 3 4 3 1 3 3 3 3 3 4 1 3 2 1 3 3 3 1 4 2 3 1 3 2 1 1 4 1 2 3 4 4 1 2 3 3 4 3 2 1 2 1 4 1 3 1 3 2 3 3 4 1 3 4 4 4 3 3 3 1 1 3 4 1 1 1 2 1 4 1 3 4 1 1 2 1 1 4 3 4 1 4 1 3 4 4 4 1 1 1 4 1 3
268 0.121625 3 2 3 3 4 3 1 3 3 3 3 3 4 1 3 2 1 3 3 3 1 4 2 3 1 3 2 1 1 4 1 2 1 4 4 1 2 3 3 4 3 2 1 2 1 4 1 3 1 3 2 3 3 4 1 3 4 2 4 3 3 3 1 1 3 4 1 1 1 2 1 4 1 3 4 1 1 2 1 1 4 1 4 1 4 1 3 4 4 4 1 1 1 4 1 3
268 0.006750 3 2 3 3 2 3 1 3 3 3 3 3 4 1 3 2 1 3 3 3 1 4 2 3 1 3 2 1 1 4 1 2 1 4 4 1 2 3 3 4 1 2 1 2 1 4 1 3 1 3 2 3 3 4 1 3 4 2 4 3 3 3 1 1 3 4 1 1 1 2 1 4 1 3 4 1 1 2 1 1 4 1 4 1 4 1 3 4 4 4 1 1 1 4 1 3
268 0.121625 3 2 3 3 4 3 1 3 3 3 3 3 4 1 3 2 1 3 1 3 1 4 2 3 1 3 2 1 1 4 3 2 1 4 4 1 2 3 3 4 1 2 1 2 1 4 1 3 1 3 2 3 3 4 1 3 4 2 4 3 3 3 1 1 3 4 1 1 1 2 1 4 1 3 4 1 1 2 1 1 4 1 4 1 4 1 3 4 2 4 1 1 1 4 1 3
268 0.121625 3 2 3 1 4 3 1 3 3 3 3 3 4 1 3 2 1 3 3 3 1 4 4 3 1 3 2 1 1 4 1 2 1 3 1 1 2 3 3 4 1 2 3 2 1 4 1 3 1 3 2 3 3 4 1 3 4 2 4 3 3 3 1 1 3 4 1 1 1 2 1 4 1 3 4 1 1 2 1 1 4 1 4 1 4 3 3 4 4 4 1 1 3 4 1 3
268 0.006750 3 4 3 3 2 3 1 3 3 3 3 3 3 1 1 2 1 3 3 3 1 4 4 3 1 3 2 1 1 4 1 2 1 4 1 1 2 3 3 4 1 2 1 2 1 4 1 3 1 3 2 3 3 4 1 3 4 2 4 3 3 3 1 1 3 4 1 1 1 2 1 4 1 3 4 1 1 2 1 1 4 1 4 1 4 1 3 4 4 4 1 1 1 4 1 3
268 0.006750 3 2 3 1 2 3 1 3 3 1 3 3 4 4 3 2 1 3 3 3 1 4 2 3 1 3 2 1 1 4 1 2 1 4 1 1 4 3 3 4 1 2 1 4 1 4 1 3 1 3 2 3 3 4 1 3 4 2 4 1 3 3 1 1 3 4 1 1 1 2 1 4 1 3 4 1 1 2 1 1 4 1 4 1 4 1 3 4 4 4 1 1 1 4 1 3
268 0.121625 3 2 3 1 4 3 1 3 3 3 3 3 4 1 3 2 1 3 3 3 1 4 4 3 1 3 2 1 1 4 1 2 1 3 1 1 2 3 3 4 1 2 3 2 1 4 1 3 1 3 2 3 3 4 1 3 4 2 4 3 3 3 1 1 3 4 1 1 1 2 1 4 1 3 4 1 1 2 1 1 4 1 4 1 4 3 3 4 4 4 1 1 1 4 1 3
268 0.121625 3 2 3 3 4 3 1 1 3 3 3 3 4 1 3 4 2 1 3 3 1 2 2 1 1 3 2 1 1 3 1 4 1 4 4 1 2 3 3 4 1 4 1 2 1 4 1 3 1 3 2 3 3 4 3 3 4 2 4 3 3 0 0 0 0 0 0 0 0 0 0 0 0 0 0 0 0 0 0 1 4 1 4 1 4 1 3 4 4 4 3 1 1 4 1 3
269 0.121188 1 2 1 3 4 3 1 3 3 3 3 3 4 1 3 2 1 3 3 3 1 4 2 3 1 3 2 1 1 4 1 2 1 4 4 1 2 3 3 1 1 2 1 2 1 2 1 1 1 3 2 1 3 3 1 3 4 2 2 3 1 3 1 1 3 4 1 1 1 2 1 4 1 3 4 1 1 2 1 3 4 1 4 1 4 1 3 4 4 4 1 1 1 4 1 3
269 0.007624 3 4 3 3 2 3 1 3 3 3 3 3 4 1 1 2 1 3 3 3 1 4 4 3 1 3 2 1 1 4 1 2 1 4 1 1 2 3 3 4 1 2 1 2 1 4 1 3 1 3 2 3 3 4 1 3 4 2 4 3 3 3 1 1 3 4 1 1 1 2 1 4 1 3 4 1 1 2 1 1 4 1 4 1 4 1 3 4 4 4 1 1 1 4 1 3
269 0.121188 3 2 3 3 4 3 1 3 3 3 3 3 4 1 3 2 1 3 3 3 1 4 2 3 1 3 2 1 1 4 1 2 1 4 1 1 2 3 3 4 1 2 1 2 1 4 1 3 1 3 2 3 3 4 1 3 4 2 4 3 3 3 1 1 3 4 1 1 1 2 1 4 1 3 4 1 1 2 1 1 4 1 4 1 4 1 3 4 4 4 1 1 1 4 1 3
269 0.121188 3 2 3 3 4 3 1 3 3 3 3 3 4 1 3 2 1 3 3 3 1 4 2 3 1 3 2 1 1 4 1 2 3 4 4 1 2 3 3 4 3 2 1 2 1 4 1 3 1 3 2 3 3 4 1 3 4 4 4 3 3 3 1 1 3 4 1 1 1 2 1 4 1 3 4 1 1 2 1 1 4 3 4 1 4 1 3 4 4 4 1 1 1 4 1 3
269 0.121188 3 2 3 3 4 3 1 3 3 3 3 3 4 1 3 2 1 3 3 3 1 4 2 3 1 3 2 1 1 4 1 2 1 4 4 1 2 3 3 4 3 2 1 2 1 4 1 3 1 3 2 3 3 4 1 3 4 2 4 3 3 3 1 1 3 4 1 1 1 2 1 4 1 3 4 1 1 2 1 1 4 1 4 1 4 1 3 4 4 4 1 1 1 4 1 3
269 0.007624 3 2 3 3 2 3 1 3 3 3 3 3 4 1 3 2 1 3 3 3 1 4 2 3 1 3 2 1 1 4 1 2 1 4 4 1 2 3 3 4 1 2 1 2 1 4 1 3 1 3 2 3 3 4 1 3 4 2 4 3 3 3 1 1 3 4 1 1 1 2 1 4 1 3 4 1 1 2 1 1 4 1 4 1 4 1 3 4 4 4 1 1 1 4 1 3
269 0.121188 3 2 3 3 4 3 1 3 3 3 3 3 4 1 3 2 1 3 1 3 1 4 2 3 1 3 2 1 1 4 3 2 1 4 4 1 2 3 3 4 1 2 1 2 1 4 1 3 1 3 2 3 3 4 1 3 4 2 4 3 3 3 1 1 3 4 1 1 1 2 1 4 1 3 4 1 1 2 1 1 4 1 4 1 4 1 3 4 2 4 1 1 1 4 1 3
269 0.121188 3 2 3 1 4 3 1 3 3 3 3 3 4 1 3 2 1 3 3 3 1 4 4 3 1 3 2 1 1 4 1 2 1 3 1 1 2 3 3 4 1 2 3 2 1 4 1 3 1 3 2 3 3 4 1 3 4 2 4 3 3 3 1 1 3 4 1 1 1 2 1 4 1 3 4 1 1 2 1 1 4 1 4 1 4 3 3 4 4 4 1 1 3 4 1 3
269 0.007624 3 4 3 3 2 3 1 3 3 3 3 3 3 1 1 2 1 3 3 3 1 4 4 3 1 3 2 1 1 4 1 2 1 4 1 1 2 3 3 4 1 2 1 2 1 4 1 3 1 3 2 3 3 4 1 3 4 2 4 3 3 3 1 1 3 4 1 1 1 2 1 4 1 3 4 1 1 2 1 1 4 1 4 1 4 1 3 4 4 4 1 1 1 4 1 3
269 0.007624 3 2 3 1 2 3 1 3 3 1 3 3 4 4 3 2 1 3 3 3 1 4 2 3 1 3 2 1 1 4 1 2 1 4 1 1 4 3 3 4 1 2 1 4 1 4 1 3 1 3 2 3 3 4 1 3 4 2 4 1 3 3 1 1 3 4 1 1 1 2 1 4 1 3 4 1 1 2 1 1 4 1 4 1 4 1 3 4 4 4 1 1 1 4 1 3
269 0.121188 3 2 3 1 4 3 1 3 3 3 3 3 4 1 3 2 1 3 3 3 1 4 4 3 1 3 2 1 1 4 1 2 1 3 1 1 2 3 3 4 1 2 3 2 1 4 1 3 1 3 2 3 3 4 1 3 4 2 4 3 3 3 1 1 3 4 1 1 1 2 1 4 1 3 4 1 1 2 1 1 4 1 4 1 4 3 3 4 4 4 1 1 1 4 1 3
269 0.121188 3 2 3 3 4 3 1 1 3 3 3 3 4 1 3 4 2 1 3 3 1 2 2 1 1 3 2 1 1 3 1 4 1 4 4 1 2 3 3 4 1 4 1 2 1 4 1 3 1 3 2 3 3 4 3 3 4 2 4 3 3 0 0 0 0 0 0 0 0 0 0 0 0 0 0 0 0 0 0 1 4 1 4 1 4 1 3 4 4 4 3 1 1 4 1 3
270 0.120708 1 2 1 3 4 3 1 3 3 3 3 3 4 1 3 2 1 3 3 3 1 4 2 3 1 3 2 1 1 4 1 2 1 4 4 1 2 3 3 1 1 2 1 2 1 2 1 1 1 3 2 1 3 3 1 3 4 2 2 3 1 3 1 1 3 4 1 1 1 2 1 4 1 3 4 1 1 2 1 3 4 1 4 1 4 1 3 4 4 4 1 1 1 4 1 3
270 0.008585 3 4 3 3 2 3 1 3 3 3 3 3 4 1 1 2 1 3 3 3 1 4 4 3 1 3 2 1 1 4 1 2 1 4 1 1 2 3 3 4 1 2 1 2 1 4 1 3 1 3 2 3 3 4 1 3 4 2 4 3 3 3 1 1 3 4 1 1 1 2 1 4 1 3 4 1 1 2 1 1 4 1 4 1 4 1 3 4 4 4 1 1 1 4 1 3
270 0.120708 3 2 3 3 4 3 1 3 3 3 3 3 4 1 3 2 1 3 3 3 1 4 2 3 1 3 2 1 1 4 1 2 1 4 1 1 2 3 3 4 1 2 1 2 1 4 1 3 1 3 2 3 3 4 1 3 4 2 4 3 3 3 1 1 3 4 1 1 1 2 1 4 1 3 4 1 1 2 1 1 4 1 4 1 4 1 3 4 4 4 1 1 1 4 1 3
270 0.120708 3 2 3 3 4 3 1 3 3 3 3 3 4 1 3 2 1 3 3 3 1 4 2 3 1 3 2 1 1 4 1 2 3 4 4 1 2 3 3 4 3 2 1 2 1 4 1 3 1 3 2 3 3 4 1 3 4 4 4 3 3 3 1 1 3 4 1 1 1 2 1 4 1 3 4 1 1 2 1 1 4 3 4 1 4 1 3 4 4 4 1 1 1 4 1 3
270 0.120708 3 2 3 3 4 3 1 3 3 3 3 3 4 1 3 2 1 3 3 3 1 4 2 3 1 3 2 1 1 4 1 2 1 4 4 1 2 3 3 4 3 2 1 2 1 4 1 3 1 3 2 3 3 4 1 3 4 2 4 3 3 3 1 1 3 4 1 1 1 2 1 4 1 3 4 1 1 2 1 1 4 1 4 1 4 1 3 4 4 4 1 1 1 4 1 3
270 0.008585 3 2 3 3 2 3 1 3 3 3 3 3 4 1 3 2 1 3 3 3 1 4 2 3 1 3 2 1 1 4 1 2 1 4 4 1 2 3 3 4 1 2 1 2 1 4 1 3 1 3 2 3 3 4 1 3 4 2 4 3 3 3 1 1 3 4 1 1 1 2 1 4 1 3 4 1 1 2 1 1 4 1 4 1 4 1 3 4 4 4 1 1 1 4 1 3
270 0.120708 3 2 3 3 4 3 1 3 3 3 3 3 4 1 3 2 1 3 1 3 1 4 2 3 1 3 2 1 1 4 3 2 1 4 4 1 2 3 3 4 1 2 1 2 1 4 1 3 1 3 2 3 3 4 1 3 4 2 4 3 3 3 1 1 3 4 1 1 1 2 1 4 1 3 4 1 1 2 1 1 4 1 4 1 4 1 3 4 2 4 1 1 1 4 1 3
270 0.120708 3 2 3 1 4 3 1 3 3 3 3 3 4 1 3 2 1 3 3 3 1 4 4 3 1 3 2 1 1 4 1 2 1 3 1 1 2 3 3 4 1 2 3 2 1 4 1 3 1 3 2 3 3 4 1 3 4 2 4 3 3 3 1 1 3 4 1 1 1 2 1 4 1 3 4 1 1 2 1 1 4 1 4 1 4 3 3 4 4 4 1 1 3 4 1 3
270 0.008585 3 4 3 3 2 3 1 3 3 3 3 3 3 1 1 2 1 3 3 3 1 4 4 3 1 3 2 1 1 4 1 2 1 4 1 1 2 3 3 4 1 2 1 2 1 4 1 3 1 3 2 3 3 4 1 3 4 2 4 3 3 3 1 1 3 4 1 1 1 2 1 4 1 3 4 1 1 2 1 1 4 1 4 1 4 1 3 4 4 4 1 1 1 4 1 3
270 0.008585 3 2 3 1 2 3 1 3 3 1 3 3 4 4 3 2 1 3 3 3 1 4 2 3 1 3 2 1 1 4 1 2 1 4 1 1 4 3 3 4 1 2 1 4 1 4 1 3 1 3 2 3 3 4 1 3 4 2 4 1 3 3 1 1 3 4 1 1 1 2 1 4 1 3 4 1 1 2 1 1 4 1 4 1 4 1 3 4 4 4 1 1 1 4 1 3
270 0.120708 3 2 3 1 4 3 1 3 3 3 3 3 4 1 3 2 1 3 3 3 1 4 4 3 1 3 2 1 1 4 1 2 1 3 1 1 2 3 3 4 1 2 3 2 1 4 1 3 1 3 2 3 3 4 1 3 4 2 4 3 3 3 1 1 3 4 1 1 1 2 1 4 1 3 4 1 1 2 1 1 4 1 4 1 4 3 3 4 4 4 1 1 1 4 1 3
270 0.120708 3 2 3 3 4 3 1 1 3 3 3 3 4 1 3 4 2 1 3 3 1 2 2 1 1 3 2 1 1 3 1 4 1 4 4 1 2 3 3 4 1 4 1 2 1 4 1 3 1 3 2 3 3 4 3 3 4 2 4 3 3 0 0 0 0 0 0 0 0 0 0 0 0 0 0 0 0 0 0 1 4 1 4 1 4 1 3 4 4 4 3 1 1 4 1 3
271 0.120180 1 2 1 3 4 3 1 3 3 3 3 3 4 1 3 2 1 3 3 3 1 4 2 3 1 3 2 1 1 4 1 2 1 4 4 1 2 3 3 1 1 2 1 2 1 2 1 1 1 3 2 1 3 3 1 3 4 2 2 3 1 3 1 1 3 4 1 1 1 2 1 4 1 3 4 1 1 2 1 3 4 1 4 1 4 1 3 4 4 4 1 1 1 4 1 3
271 0.009640 3 4 3 3 2 3 1 3 3 3 3 3 4 1 1 2 1 3 3 3 1 4 4 3 1 3 2 1 1 4 1 2 1 4 1 1 2 3 3 4 1 2 1 2 1 4 1 3 1 3 2 3 3 4 1 3 4 2 4 3 3 3 1 1 3 4 1 1 1 2 1 4 1 3 4 1 1 2 1 1 4 1 4 1 4 1 3 4 4 4 1 1 1 4 1 3
271 0.120180 3 2 3 3 4 3 1 3 3 3 3 3 4 1 3 2 1 3 3 3 1 4 2 3 1 3 2 1 1 4 1 2 1 4 1 1 2 3 3 4 1 2 1 2 1 4 1 3 1 3 2 3 3 4 1 3 4 2 4 3 3 3 1 1 3 4 1 1 1 2 1 4 1 3 4 1 1 2 1 1 4 1 4 1 4 1 3 4 4 4 1 1 1 4 1 3
271 0.120180 3 2 3 3 4 3 1 3 3 3 3 3 4 1 3 2 1 3 3 3 1 4 2 3 1 3 2 1 1 4 1 2 3 4 4 1 2 3 3 4 3 2 1 2 1 4 1 3 1 3 2 3 3 4 1 3 4 4 4 3 3 3 1 1 3 4 1 1 1 2 1 4 1 3 4 1 1 2 1 1 4 3 4 1 4 1 3 4 4 4 1 1 1 4 1 3
271 0.120180 3 2 3 3 4 3 1 3 3 3 3 3 4 1 3 2 1 3 3 3 1 4 2 3 1 3 2 1 1 4 1 2 1 4 4 1 2 3 3 4 3 2 1 2 1 4 1 3 1 3 2 3 3 4 1 3 4 2 4 3 3 3 1 1 3 4 1 1 1 2 1 4 1 3 4 1 1 2 1 1 4 1 4 1 4 1 3 4 4 4 1 1 1 4 1 3
271 0.009640 3 2 3 3 2 3 1 3 3 3 3 3 4 1 3 2 1 3 3 3 1 4 2 3 1 3 2 1 1 4 1 2 1 4 4 1 2 3 3 4 1 2 1 2 1 4 1 3 1 3 2 3 3 4 1 3 4 2 4 3 3 3 1 1 3 4 1 1 1 2 1 4 1 3 4 1 1 2 1 1 4 1 4 1 4 1 3 4 4 4 1 1 1 4 1 3
271 0.120180 3 2 3 3 4 3 1 3 3 3 3 3 4 1 3 2 1 3 1 3 1 4 2 3 1 3 2 1 1 4 3 2 1 4 4 1 2 3 3 4 1 2 1 2 1 4 1 3 1 3 2 3 3 4 1 3 4 2 4 3 3 3 1 1 3 4 1 1 1 2 1 4 1 3 4 1 1 2 1 1 4 1 4 1 4 1 3 4 2 4 1 1 1 4 1 3
271 0.120180 3 2 3 1 4 3 1 3 3 3 3 3 4 1 3 2 1 3 3 3 1 4 4 3 1 3 2 1 1 4 1 2 1 3 1 1 2 3 3 4 1 2 3 2 1 4 1 3 1 3 2 3 3 4 1 3 4 2 4 3 3 3 1 1 3 4 1 1 1 2 1 4 1 3 4 1 1 2 1 1 4 1 4 1 4 3 3 4 4 4 1 1 3 4 1 3
271 0.009640 3 4 3 3 2 3 1 3 3 3 3 3 3 1 1 2 1 3 3 3 1 4 4 3 1 3 2 1 1 4 1 2 1 4 1 1 2 3 3 4 1 2 1 2 1 4 1 3 1 3 2 3 3 4 1 3 4 2 4 3 3 3 1 1 3 4 1 1 1 2 1 4 1 3 4 1 1 2 1 1 4 1 4 1 4 1 3 4 4 4 1 1 1 4 1 3
271 0.009640 3 2 3 1 2 3 1 3 3 1 3 3 4 4 3 2 1 3 3 3 1 4 2 3 1 3 2 1 1 4 1 2 1 4 1 1 4 3 3 4 1 2 1 4 1 4 1 3 1 3 2 3 3 4 1 3 4 2 4 1 3 3 1 1 3 4 1 1 1 2 1 4 1 3 4 1 1 2 1 1 4 1 4 1 4 1 3 4 4 4 1 1 1 4 1 3
271 0.120180 3 2 3 1 4 3 1 3 3 3 3 3 4 1 3 2 1 3 3 3 1 4 4 3 1 3 2 1 1 4 1 2 1 3 1 1 2 3 3 4 1 2 3 2 1 4 1 3 1 3 2 3 3 4 1 3 4 2 4 3 3 3 1 1 3 4 1 1 1 2 1 4 1 3 4 1 1 2 1 1 4 1 4 1 4 3 3 4 4 4 1 1 1 4 1 3
271 0.120180 3 2 3 3 4 3 1 1 3 3 3 3 4 1 3 4 2 1 3 3 1 2 2 1 1 3 2 1 1 3 1 4 1 4 4 1 2 3 3 4 1 4 1 2 1 4 1 3 1 3 2 3 3 4 3 3 4 2 4 3 3 0 0 0 0 0 0 0 0 0 0 0 0 0 0 0 0 0 0 1 4 1 4 1 4 1 3 4 4 4 3 1 1 4 1 3
272 0.119601 1 2 1 3 4 3 1 3 3 3 3 3 4 1 3 2 1 3 3 3 1 4 2 3 1 3 2 1 1 4 1 2 1 4 4 1 2 3 3 1 1 2 1 2 1 2 1 1 1 3 2 1 3 3 1 3 4 2 2 3 1 3 1 1 3 4 1 1 1 2 1 4 1 3 4 1 1 2 1 3 4 1 4 1 4 1 3 4 4 4 1 1 1 4 1 3
272 0.010797 3 4 3 3 2 3 1 3 3 3 3 3 4 1 1 2 1 3 3 3 1 4 4 3 1 3 2 1 1 4 1 2 1 4 1 1 2 3 3 4 1 2 1 2 1 4 1 3 1 3 2 3 3 4 1 3 4 2 4 3 3 3 1 1 3 4 1 1 1 2 1 4 1 3 4 1 1 2 1 1 4 1 4 1 4 1 3 4 4 4 1 1 1 4 1 3
272 0.119601 3 2 3 3 4 3 1 3 3 3 3 3 4 1 3 2 1 3 3 3 1 4 2 3 1 3 2 1 1 4 1 2 1 4 1 1 2 3 3 4 1 2 1 2 1 4 1 3 1 3 2 3 3 4 1 3 4 2 4 3 3 3 1 1 3 4 1 1 1 2 1 4 1 3 4 1 1 2 1 1 4 1 4 1 4 1 3 4 4 4 1 1 1 4 1 3
272 0.119601 3 2 3 3 4 3 1 3 3 3 3 3 4 1 3 2 1 3 3 3 1 4 2 3 1 3 2 1 1 4 1 2 3 4 4 1 2 3 3 4 3 2 1 2 1 4 1 3 1 3 2 3 3 4 1 3 4 4 4 3 3 3 1 1 3 4 1 1 1 2 1 4 1 3 4 1 1 2 1 1 4 3 4 1 4 1 3 4 4 4 1 1 1 4 1 3
272 0.119601 3 2 3 3 4 3 1 3 3 3 3 3 4 1 3 2 1 3 3 3 1 4 2 3 1 3 2 1 1 4 1 2 1 4 4 1 2 3 3 4 3 2 1 2 1 4 1 3 1 3 2 3 3 4 1 3 4 2 4 3 3 3 1 1 3 4 1 1 1 2 1 4 1 3 4 1 1 2 1 1 4 1 4 1 4 1 3 4 4 4 1 1 1 4 1 3
272 0.010797 3 2 3 3 2 3 1 3 3 3 3 3 4 1 3 2 1 3 3 3 1 4 2 3 1 3 2 1 1 4 1 2 1 4 4 1 2 3 3 4 1 2 1 2 1 4 1 3 1 3 2 3 3 4 1 3 4 2 4 3 3 3 1 1 3 4 1 1 1 2 1 4 1 3 4 1 1 2 1 1 4 1 4 1 4 1 3 4 4 4 1 1 1 4 1 3
272 0.119601 3 2 3 3 4 3 1 3 3 3 3 3 4 1 3 2 1 3 1 3 1 4 2 3 1 3 2 1 1 4 3 2 1 4 4 1 2 3 3 4 1 2 1 2 1 4 1 3 1 3 2 3 3 4 1 3 4 2 4 3 3 3 1 1 3 4 1 1 1 2 1 4 1 3 4 1 1 2 1 1 4 1 4 1 4 1 3 4 2 4 1 1 1 4 1 3
272 0.119601 3 2 3 1 4 3 1 3 3 3 3 3 4 1 3 2 1 3 3 3 1 4 4 3 1 3 2 1 1 4 1 2 1 3 1 1 2 3 3 4 1 2 3 2 1 4 1 3 1 3 2 3 3 4 1 3 4 2 4 3 3 3 1 1 3 4 1 1 1 2 1 4 1 3 4 1 1 2 1 1 4 1 4 1 4 3 3 4 4 4 1 1 3 4 1 3
272 0.010797 3 4 3 3 2 3 1 3 3 3 3 3 3 1 1 2 1 3 3 3 1 4 4 3 1 3 2 1 1 4 1 2 1 4 1 1 2 3 3 4 1 2 1 2 1 4 1 3 1 3 2 3 3 4 1 3 4 2 4 3 3 3 1 1 3 4 1 1 1 2 1 4 1 3 4 1 1 2 1 1 4 1 4 1 4 1 3 4 4 4 1 1 1 4 1 3
272 0.010797 3 2 3 1 2 3 1 3 3 1 3 3 4 4 3 2 1 3 3 3 1 4 2 3 1 3 2 1 1 4 1 2 1 4 1 1 4 3 3 4 1 2 1 4 1 4 1 3 1 3 2 3 3 4 1 3 4 2 4 1 3 3 1 1 3 4 1 1 1 2 1 4 1 3 4 1 1 2 1 1 4 1 4 1 4 1 3 4 4 4 1 1 1 4 1 3
272 0.119601 3 2 3 1 4 3 1 3 3 3 3 3 4 1 3 2 1 3 3 3 1 4 4 3 1 3 2 1 1 4 1 2 1 3 1 1 2 3 3 4 1 2 3 2 1 4 1 3 1 3 2 3 3 4 1 3 4 2 4 3 3 3 1 1 3 4 1 1 1 2 1 4 1 3 4 1 1 2 1 1 4 1 4 1 4 3 3 4 4 4 1 1 1 4 1 3
272 0.119601 3 2 3 3 4 3 1 1 3 3 3 3 4 1 3 4 2 1 3 3 1 2 2 1 1 3 2 1 1 3 1 4 1 4 4 1 2 3 3 4 1 4 1 2 1 4 1 3 1 3 2 3 3 4 3 3 4 2 4 3 3 0 0 0 0 0 0 0 0 0 0 0 0 0 0 0 0 0 0 1 4 1 4 1 4 1 3 4 4 4 3 1 1 4 1 3
273 0.118967 1 2 1 3 4 3 1 3 3 3 3 3 4 1 3 2 1 3 3 3 1 4 2 3 1 3 2 1 1 4 1 2 1 4 4 1 2 3 3 1 1 2 1 2 1 2 1 1 1 3 2 1 3 3 1 3 4 2 2 3 1 3 1 1 3 4 1 1 1 2 1 4 1 3 4 1 1 2 1 3 4 1 4 1 4 1 3 4 4 4 1 1 1 4 1 3
273 0.012067 3 4 3 3 2 3 1 3 3 3 3 3 4 1 1 2 1 3 3 3 1 4 4 3 1 3 2 1 1 4 1 2 1 4 1 1 2 3 3 4 1 2 1 2 1 4 1 3 1 3 2 3 3 4 1 3 4 2 4 3 3 3 1 1 3 4 1 1 1 2 1 4 1 3 4 1 1 2 1 1 4 1 4 1 4 1 3 4 4 4 1 1 1 4 1 3
273 0.118967 3 2 3 3 4 3 1 3 3 3 3 3 4 1 3 2 1 3 3 3 1 4 2 3 1 3 2 1 1 4 1 2 1 4 1 1 2 3 3 4 1 2 1 2 1 4 1 3 1 3 2 3 3 4 1 3 4 2 4 3 3 3 1 1 3 4 1 1 1 2 1 4 1 3 4 1 1 2 1 1 4 1 4 1 4 1 3 4 4 4 1 1 1 4 1 3
273 0.118967 3 2 3 3 4 3 1 3 3 3 3 3 4 1 3 2 1 3 3 3 1 4 2 3 1 3 2 1 1 4 1 2 3 4 4 1 2 3 3 4 3 2 1 2 1 4 1 3 1 3 2 3 3 4 1 3 4 4 4 3 3 3 1 1 3 4 1 1 1 2 1 4 1 3 4 1 1 2 1 1 4 3 4 1 4 1 3 4 4 4 1 1 1 4 1 3
273 0.118967 3 2 3 3 4 3 1 3 3 3 3 3 4 1 3 2 1 3 3 3 1 4 2 3 1 3 2 1 1 4 1 2 1 4 4 1 2 3 3 4 3 2 1 2 1 4 1 3 1 3 2 3 3 4 1 3 4 2 4 3 3 3 1 1 3 4 1 1 1 2 1 4 1 3 4 1 1 2 1 1 4 1 4 1 4 1 3 4 4 4 1 1 1 4 1 3
273 0.012067 3 2 3 3 2 3 1 3 3 3 3 3 4 1 3 2 1 3 3 3 1 4 2 3 1 3 2 1 1 4 1 2 1 4 4 1 2 3 3 4 1 2 1 2 1 4 1 3 1 3 2 3 3 4 1 3 4 2 4 3 3 3 1 1 3 4 1 1 1 2 1 4 1 3 4 1 1 2 1 1 4 1 4 1 4 1 3 4 4 4 1 1 1 4 1 3
273 0.118967 3 2 3 3 4 3 1 3 3 3 3 3 4 1 3 2 1 3 1 3 1 4 2 3 1 3 2 1 1 4 3 2 1 4 4 1 2 3 3 4 1 2 1 2 1 4 1 3 1 3 2 3 3 4 1 3 4 2 4 3 3 3 1 1 3 4 1 1 1 2 1 4 1 3 4 1 1 2 1 1 4 1 4 1 4 1 3 4 2 4 1 1 1 4 1 3
273 0.118967 3 2 3 1 4 3 1 3 3 3 3 3 4 1 3 2 1 3 3 3 1 4 4 3 1 3 2 1 1 4 1 2 1 3 1 1 2 3 3 4 1 2 3 2 1 4 1 3 1 3 2 3 3 4 1 3 4 2 4 3 3 3 1 1 3 4 1 1 1 2 1 4 1 3 4 1 1 2 1 1 4 1 4 1 4 3 3 4 4 4 1 1 3 4 1 3
273 0.012067 3 4 3 3 2 3 1 3 3 3 3 3 3 1 1 2 1 3 3 3 1 4 4 3 1 3 2 1 1 4 1 2 1 4 1 1 2 3 3 4 1 2 1 2 1 4 1 3 1 3 2 3 3 4 1 3 4 2 4 3 3 3 1 1 3 4 1 1 1 2 1 4 1 3 4 1 1 2 1 1 4 1 4 1 4 1 3 4 4 4 1 1 1 4 1 3
273 0.012067 3 2 3 1 2 3 1 3 3 1 3 3 4 4 3 2 1 3 3 3 1 4 2 3 1 3 2 1 1 4 1 2 1 4 1 1 4 3 3 4 1 2 1 4 1 4 1 3 1 3 2 3 3 4 1 3 4 2 4 1 3 3 1 1 3 4 1 1 1 2 1 4 1 3 4 1 1 2 1 1 4 1 4 1 4 1 3 4 4 4 1 1 1 4 1 3
273 0.118967 3 2 3 1 4 3 1 3 3 3 3 3 4 1 3 2 1 3 3 3 1 4 4 3 1 3 2 1 1 4 1 2 1 3 1 1 2 3 3 4 1 2 3 2 1 4 1 3 1 3 2 3 3 4 1 3 4 2 4 3 3 3 1 1 3 4 1 1 1 2 1 4 1 3 4 1 1 2 1 1 4 1 4 1 4 3 3 4 4 4 1 1 1 4 1 3
273 0.118967 3 2 3 3 4 3 1 1 3 3 3 3 4 1 3 4 2 1 3 3 1 2 2 1 1 3 2 1 1 3 1 4 1 4 4 1 2 3 3 4 1 4 1 2 1 4 1 3 1 3 2 3 3 4 3 3 4 2 4 3 3 0 0 0 0 0 0 0 0 0 0 0 0 0 0 0 0 0 0 1 4 1 4 1 4 1 3 4 4 4 3 1 1 4 1 3
274 0.118272 1 2 1 3 4 3 1 3 3 3 3 3 4 1 3 2 1 3 3 3 1 4 2 3 1 3 2 1 1 4 1 2 1 4 4 1 2 3 3 1 1 2 1 2 1 2 1 1 1 3 2 1 3 3 1 3 4 2 2 3 1 3 1 1 3 4 1 1 1 2 1 4 1 3 4 1 1 2 1 3 4 1 4 1 4 1 3 4 4 4 1 1 1 4 1 3
274 0.013457 3 4 3 3 2 3 1 3 3 3 3 3 4 1 1 2 1 3 3 3 1 4 4 3 1 3 2 1 1 4 1 2 1 4 1 1 2 3 3 4 1 2 1 2 1 4 1 3 1 3 2 3 3 4 1 3 4 2 4 3 3 3 1 1 3 4 1 1 1 2 1 4 1 3 4 1 1 2 1 1 4 1 4 1 4 1 3 4 4 4 1 1 1 4 1 3
274 0.118272 3 2 3 3 4 3 1 3 3 3 3 3 4 1 3 2 1 3 3 3 1 4 2 3 1 3 2 1 1 4 1 2 1 4 1 1 2 3 3 4 1 2 1 2 1 4 1 3 1 3 2 3 3 4 1 3 4 2 4 3 3 3 1 1 3 4 1 1 1 2 1 4 1 3 4 1 1 2 1 1 4 1 4 1 4 1 3 4 4 4 1 1 1 4 1 3
274 0.118272 3 2 3 3 4 3 1 3 3 3 3 3 4 1 3 2 1 3 3 3 1 4 2 3 1 3 2 1 1 4 1 2 3 4 4 1 2 3 3 4 3 2 1 2 1 4 1 3 1 3 2 3 3 4 1 3 4 4 4 3 3 3 1 1 3 4 1 1 1 2 1 4 1 3 4 1 1 2 1 1 4 3 4 1 4 1 3 4 4 4 1 1 1 4 1 3
274 0.118272 3 2 3 3 4 3 1 3 3 3 3 3 4 1 3 2 1 3 3 3 1 4 2 3 1 3 2 1 1 4 1 2 1 4 4 1 2 3 3 4 3 2 1 2 1 4 1 3 1 3 2 3 3 4 1 3 4 2 4 3 3 3 1 1 3 4 1 1 1 2 1 4 1 3 4 1 1 2 1 1 4 1 4 1 4 1 3 4 4 4 1 1 1 4 1 3
274 0.013457 3 2 3 3 2 3 1 3 3 3 3 3 4 1 3 2 1 3 3 3 1 4 2 3 1 3 2 1 1 4 1 2 1 4 4 1 2 3 3 4 1 2 1 2 1 4 1 3 1 3 2 3 3 4 1 3 4 2 4 3 3 3 1 1 3 4 1 1 1 2 1 4 1 3 4 1 1 2 1 1 4 1 4 1 4 1 3 4 4 4 1 1 1 4 1 3
274 0.118272 3 2 3 3 4 3 1 3 3 3 3 3 4 1 3 2 1 3 1 3 1 4 2 3 1 3 2 1 1 4 3 2 1 4 4 1 2 3 3 4 1 2 1 2 1 4 1 3 1 3 2 3 3 4 1 3 4 2 4 3 3 3 1 1 3 4 1 1 1 2 1 4 1 3 4 1 1 2 1 1 4 1 4 1 4 1 3 4 2 4 1 1 1 4 1 3
274 0.118272 3 2 3 1 4 3 1 3 3 3 3 3 4 1 3 2 1 3 3 3 1 4 4 3 1 3 2 1 1 4 1 2 1 3 1 1 2 3 3 4 1 2 3 2 1 4 1 3 1 3 2 3 3 4 1 3 4 2 4 3 3 3 1 1 3 4 1 1 1 2 1 4 1 3 4 1 1 2 1 1 4 1 4 1 4 3 3 4 4 4 1 1 3 4 1 3
274 0.013457 3 4 3 3 2 3 1 3 3 3 3 3 3 1 1 2 1 3 3 3 1 4 4 3 1 3 2 1 1 4 1 2 1 4 1 1 2 3 3 4 1 2 1 2 1 4 1 3 1 3 2 3 3 4 1 3 4 2 4 3 3 3 1 1 3 4 1 1 1 2 1 4 1 3 4 1 1 2 1 1 4 1 4 1 4 1 3 4 4 4 1 1 1 4 1 3
274 0.013457 3 2 3 1 2 3 1 3 3 1 3 3 4 4 3 2 1 3 3 3 1 4 2 3 1 3 2 1 1 4 1 2 1 4 1 1 4 3 3 4 1 2 1 4 1 4 1 3 1 3 2 3 3 4 1 3 4 2 4 1 3 3 1 1 3 4 1 1 1 2 1 4 1 3 4 1 1 2 1 1 4 1 4 1 4 1 3 4 4 4 1 1 1 4 1 3
274 0.118272 3 2 3 1 4 3 1 3 3 3 3 3 4 1 3 2 1 3 3 3 1 4 4 3 1 3 2 1 1 4 1 2 1 3 1 1 2 3 3 4 1 2 3 2 1 4 1 3 1 3 2 3 3 4 1 3 4 2 4 3 3 3 1 1 3 4 1 1 1 2 1 4 1 3 4 1 1 2 1 1 4 1 4 1 4 3 3 4 4 4 1 1 1 4 1 3
274 0.118272 3 2 3 3 4 3 1 1 3 3 3 3 4 1 3 4 2 1 3 3 1 2 2 1 1 3 2 1 1 3 1 4 1 4 4 1 2 3 3 4 1 4 1 2 1 4 1 3 1 3 2 3 3 4 3 3 4 2 4 3 3 0 0 0 0 0 0 0 0 0 0 0 0 0 0 0 0 0 0 1 4 1 4 1 4 1 3 4 4 4 3 1 1 4 1 3
275 0.117511 1 2 1 3 4 3 1 3 3 3 3 3 4 1 3 2 1 3 3 3 1 4 2 3 1 3 2 1 1 4 1 2 1 4 4 1 2 3 3 1 1 2 1 2 1 2 1 1 1 3 2 1 3 3 1 3 4 2 2 3 1 3 1 1 3 4 1 1 1 2 1 4 1 3 4 1 1 2 1 3 4 1 4 1 4 1 3 4 4 4 1 1 1 4 1 3
275 0.014977 3 4 3 3 2 3 1 3 3 3 3 3 4 1 1 2 1 3 3 3 1 4 4 3 1 3 2 1 1 4 1 2 1 4 1 1 2 3 3 4 1 2 1 2 1 4 1 3 1 3 2 3 3 4 1 3 4 2 4 3 3 3 1 1 3 4 1 1 1 2 1 4 1 3 4 1 1 2 1 1 4 1 4 1 4 1 3 4 4 4 1 1 1 4 1 3
275 0.117511 3 2 3 3 4 3 1 3 3 3 3 3 4 1 3 2 1 3 3 3 1 4 2 3 1 3 2 1 1 4 1 2 1 4 1 1 2 3 3 4 1 2 1 2 1 4 1 3 1 3 2 3 3 4 1 3 4 2 4 3 3 3 1 1 3 4 1 1 1 2 1 4 1 3 4 1 1 2 1 1 4 1 4 1 4 1 3 4 4 4 1 1 1 4 1 3
275 0.117511 3 2 3 3 4 3 1 3 3 3 3 3 4 1 3 2 1 3 3 3 1 4 2 3 1 3 2 1 1 4 1 2 3 4 4 1 2 3 3 4 3 2 1 2 1 4 1 3 1 3 2 3 3 4 1 3 4 4 4 3 3 3 1 1 3 4 1 1 1 2 1 4 1 3 4 1 1 2 1 1 4 3 4 1 4 1 3 4 4 4 1 1 1 4 1 3
275 0.117511 3 2 3 3 4 3 1 3 3 3 3 3 4 1 3 2 1 3 3 3 1 4 2 3 1 3 2 1 1 4 1 2 1 4 4 1 2 3 3 4 3 2 1 2 1 4 1 3 1 3 2 3 3 4 1 3 4 2 4 3 3 3 1 1 3 4 1 1 1 2 1 4 1 3 4 1 1 2 1 1 4 1 4 1 4 1 3 4 4 4 1 1 1 4 1 3
275 0.014977 3 2 3 3 2 3 1 3 3 3 3 3 4 1 3 2 1 3 3 3 1 4 2 3 1 3 2 1 1 4 1 2 1 4 4 1 2 3 3 4 1 2 1 2 1 4 1 3 1 3 2 3 3 4 1 3 4 2 4 3 3 3 1 1 3 4 1 1 1 2 1 4 1 3 4 1 1 2 1 1 4 1 4 1 4 1 3 4 4 4 1 1 1 4 1 3
275 0.117511 3 2 3 3 4 3 1 3 3 3 3 3 4 1 3 2 1 3 1 3 1 4 2 3 1 3 2 1 1 4 3 2 1 4 4 1 2 3 3 4 1 2 1 2 1 4 1 3 1 3 2 3 3 4 1 3 4 2 4 3 3 3 1 1 3 4 1 1 1 2 1 4 1 3 4 1 1 2 1 1 4 1 4 1 4 1 3 4 2 4 1 1 1 4 1 3
275 0.117511 3 2 3 1 4 3 1 3 3 3 3 3 4 1 3 2 1 3 3 3 1 4 4 3 1 3 2 1 1 4 1 2 1 3 1 1 2 3 3 4 1 2 3 2 1 4 1 3 1 3 2 3 3 4 1 3 4 2 4 3 3 3 1 1 3 4 1 1 1 2 1 4 1 3 4 1 1 2 1 1 4 1 4 1 4 3 3 4 4 4 1 1 3 4 1 3
275 0.014977 3 4 3 3 2 3 1 3 3 3 3 3 3 1 1 2 1 3 3 3 1 4 4 3 1 3 2 1 1 4 1 2 1 4 1 1 2 3 3 4 1 2 1 2 1 4 1 3 1 3 2 3 3 4 1 3 4 2 4 3 3 3 1 1 3 4 1 1 1 2 1 4 1 3 4 1 1 2 1 1 4 1 4 1 4 1 3 4 4 4 1 1 1 4 1 3
275 0.014977 3 2 3 1 2 3 1 3 3 1 3 3 4 4 3 2 1 3 3 3 1 4 2 3 1 3 2 1 1 4 1 2 1 4 1 1 4 3 3 4 1 2 1 4 1 4 1 3 1 3 2 3 3 4 1 3 4 2 4 1 3 3 1 1 3 4 1 1 1 2 1 4 1 3 4 1 1 2 1 1 4 1 4 1 4 1 3 4 4 4 1 1 1 4 1 3
275 0.117511 3 2 3 1 4 3 1 3 3 3 3 3 4 1 3 2 1 3 3 3 1 4 4 3 1 3 2 1 1 4 1 2 1 3 1 1 2 3 3 4 1 2 3 2 1 4 1 3 1 3 2 3 3 4 1 3 4 2 4 3 3 3 1 1 3 4 1 1 1 2 1 4 1 3 4 1 1 2 1 1 4 1 4 1 4 3 3 4 4 4 1 1 1 4 1 3
275 0.117511 3 2 3 3 4 3 1 1 3 3 3 3 4 1 3 4 2 1 3 3 1 2 2 1 1 3 2 1 1 3 1 4 1 4 4 1 2 3 3 4 1 4 1 2 1 4 1 3 1 3 2 3 3 4 3 3 4 2 4 3 3 0 0 0 0 0 0 0 0 0 0 0 0 0 0 0 0 0 0 1 4 1 4 1 4 1 3 4 4 4 3 1 1 4 1 3
276 0.116680 1 2 1 3 4 3 1 3 3 3 3 3 4 1 3 2 1 3 3 3 1 4 2 3 1 3 2 1 1 4 1 2 1 4 4 1 2 3 3 1 1 2 1 2 1 2 1 1 1 3 2 1 3 3 1 3 4 2 2 3 1 3 1 1 3 4 1 1 1 2 1 4 1 3 4 1 1 2 1 3 4 1 4 1 4 1 3 4 4 4 1 1 1 4 1 3
276 0.016639 3 4 3 3 2 3 1 3 3 3 3 3 4 1 1 2 1 3 3 3 1 4 4 3 1 3 2 1 1 4 1 2 1 4 1 1 2 3 3 4 1 2 1 2 1 4 1 3 1 3 2 3 3 4 1 3 4 2 4 3 3 3 1 1 3 4 1 1 1 2 1 4 1 3 4 1 1 2 1 1 4 1 4 1 4 1 3 4 4 4 1 1 1 4 1 3
276 0.116680 3 2 3 3 4 3 1 3 3 3 3 3 4 1 3 2 1 3 3 3 1 4 2 3 1 3 2 1 1 4 1 2 1 4 1 1 2 3 3 4 1 2 1 2 1 4 1 3 1 3 2 3 3 4 1 3 4 2 4 3 3 3 1 1 3 4 1 1 1 2 1 4 1 3 4 1 1 2 1 1 4 1 4 1 4 1 3 4 4 4 1 1 1 4 1 3
276 0.116680 3 2 3 3 4 3 1 3 3 3 3 3 4 1 3 2 1 3 3 3 1 4 2 3 1 3 2 1 1 4 1 2 3 4 4 1 2 3 3 4 3 2 1 2 1 4 1 3 1 3 2 3 3 4 1 3 4 4 4 3 3 3 1 1 3 4 1 1 1 2 1 4 1 3 4 1 1 2 1 1 4 3 4 1 4 1 3 4 4 4 1 1 1 4 1 3
276 0.116680 3 2 3 3 4 3 1 3 3 3 3 3 4 1 3 2 1 3 3 3 1 4 2 3 1 3 2 1 1 4 1 2 1 4 4 1 2 3 3 4 3 2 1 2 1 4 1 3 1 3 2 3 3 4 1 3 4 2 4 3 3 3 1 1 3 4 1 1 1 2 1 4 1 3 4 1 1 2 1 1 4 1 4 1 4 1 3 4 4 4 1 1 1 4 1 3
276 0.016639 3 2 3 3 2 3 1 3 3 3 3 3 4 1 3 2 1 3 3 3 1 4 2 3 1 3 2 1 1 4 1 2 1 4 4 1 2 3 3 4 1 2 1 2 1 4 1 3 1 3 2 3 3 4 1 3 4 2 4 3 3 3 1 1 3 4 1 1 1 2 1 4 1 3 4 1 1 2 1 1 4 1 4 1 4 1 3 4 4 4 1 1 1 4 1 3
276 0.116680 3 2 3 3 4 3 1 3 3 3 3 3 4 1 3 2 1 3 1 3 1 4 2 3 1 3 2 1 1 4 3 2 1 4 4 1 2 3 3 4 1 2 1 2 1 4 1 3 1 3 2 3 3 4 1 3 4 2 4 3 3 3 1 1 3 4 1 1 1 2 1 4 1 3 4 1 1 2 1 1 4 1 4 1 4 1 3 4 2 4 1 1 1 4 1 3
276 0.116680 3 2 3 1 4 3 1 3 3 3 3 3 4 1 3 2 1 3 3 3 1 4 4 3 1 3 2 1 1 4 1 2 1 3 1 1 2 3 3 4 1 2 3 2 1 4 1 3 1 3 2 3 3 4 1 3 4 2 4 3 3 3 1 1 3 4 1 1 1 2 1 4 1 3 4 1 1 2 1 1 4 1 4 1 4 3 3 4 4 4 1 1 3 4 1 3
276 0.016639 3 4 3 3 2 3 1 3 3 3 3 3 3 1 1 2 1 3 3 3 1 4 4 3 1 3 2 1 1 4 1 2 1 4 1 1 2 3 3 4 1 2 1 2 1 4 1 3 1 3 2 3 3 4 1 3 4 2 4 3 3 3 1 1 3 4 1 1 1 2 1 4 1 3 4 1 1 2 1 1 4 1 4 1 4 1 3 4 4 4 1 1 1 4 1 3
276 0.016639 3 2 3 1 2 3 1 3 3 1 3 3 4 4 3 2 1 3 3 3 1 4 2 3 1 3 2 1 1 4 1 2 1 4 1 1 4 3 3 4 1 2 1 4 1 4 1 3 1 3 2 3 3 4 1 3 4 2 4 1 3 3 1 1 3 4 1 1 1 2 1 4 1 3 4 1 1 2 1 1 4 1 4 1 4 1 3 4 4 4 1 1 1 4 1 3
276 0.116680 3 2 3 1 4 3 1 3 3 3 3 3 4 1 3 2 1 3 3 3 1 4 4 3 1 3 2 1 1 4 1 2 1 3 1 1 2 3 3 4 1 2 3 2 1 4 1 3 1 3 2 3 3 4 1 3 4 2 4 3 3 3 1 1 3 4 1 1 1 2 1 4 1 3 4 1 1 2 1 1 4 1 4 1 4 3 3 4 4 4 1 1 1 4 1 3
276 0.116680 3 2 3 3 4 3 1 1 3 3 3 3 4 1 3 4 2 1 3 3 1 2 2 1 1 3 2 1 1 3 1 4 1 4 4 1 2 3 3 4 1 4 1 2 1 4 1 3 1 3 2 3 3 4 3 3 4 2 4 3 3 0 0 0 0 0 0 0 0 0 0 0 0 0 0 0 0 0 0 1 4 1 4 1 4 1 3 4 4 4 3 1 1 4 1 3
277 0.115774 1 2 1 3 4 3 1 3 3 3 3 3 4 1 3 2 1 3 3 3 1 4 2 3 1 3 2 1 1 4 1 2 1 4 4 1 2 3 3 1 1 2 1 2 1 2 1 1 1 3 2 1 3 3 1 3 4 2 2 3 1 3 1 1 3 4 1 1 1 2 1 4 1 3 4 1 1 2 1 3 4 1 4 1 4 1 3 4 4 4 1 1 1 4 1 3
277 0.018452 3 4 3 3 2 3 1 3 3 3 3 3 4 1 1 2 1 3 3 3 1 4 4 3 1 3 2 1 1 4 1 2 1 4 1 1 2 3 3 4 1 2 1 2 1 4 1 3 1 3 2 3 3 4 1 3 4 2 4 3 3 3 1 1 3 4 1 1 1 2 1 4 1 3 4 1 1 2 1 1 4 1 4 1 4 1 3 4 4 4 1 1 1 4 1 3
277 0.115774 3 2 3 3 4 3 1 3 3 3 3 3 4 1 3 2 1 3 3 3 1 4 2 3 1 3 2 1 1 4 1 2 1 4 1 1 2 3 3 4 1 2 1 2 1 4 1 3 1 3 2 3 3 4 1 3 4 2 4 3 3 3 1 1 3 4 1 1 1 2 1 4 1 3 4 1 1 2 1 1 4 1 4 1 4 1 3 4 4 4 1 1 1 4 1 3
277 0.115774 3 2 3 3 4 3 1 3 3 3 3 3 4 1 3 2 1 3 3 3 1 4 2 3 1 3 2 1 1 4 1 2 3 4 4 1 2 3 3 4 3 2 1 2 1 4 1 3 1 3 2 3 3 4 1 3 4 4 4 3 3 3 1 1 3 4 1 1 1 2 1 4 1 3 4 1 1 2 1 1 4 3 4 1 4 1 3 4 4 4 1 1 1 4 1 3
277 0.115774 3 2 3 3 4 3 1 3 3 3 3 3 4 1 3 2 1 3 3 3 1 4 2 3 1 3 2 1 1 4 1 2 1 4 4 1 2 3 3 4 3 2 1 2 1 4 1 3 1 3 2 3 3 4 1 3 4 2 4 3 3 3 1 1 3 4 1 1 1 2 1 4 1 3 4 1 1 2 1 1 4 1 4 1 4 1 3 4 4 4 1 1 1 4 1 3
277 0.018452 3 2 3 3 2 3 1 3 3 3 3 3 4 1 3 2 1 3 3 3 1 4 2 3 1 3 2 1 1 4 1 2 1 4 4 1 2 3 3 4 1 2 1 2 1 4 1 3 1 3 2 3 3 4 1 3 4 2 4 3 3 3 1 1 3 4 1 1 1 2 1 4 1 3 4 1 1 2 1 1 4 1 4 1 4 1 3 4 4 4 1 1 1 4 1 3
277 0.115774 3 2 3 3 4 3 1 3 3 3 3 3 4 1 3 2 1 3 1 3 1 4 2 3 1 3 2 1 1 4 3 2 1 4 4 1 2 3 3 4 1 2 1 2 1 4 1 3 1 3 2 3 3 4 1 3 4 2 4 3 3 3 1 1 3 4 1 1 1 2 1 4 1 3 4 1 1 2 1 1 4 1 4 1 4 1 3 4 2 4 1 1 1 4 1 3
277 0.115774 3 2 3 1 4 3 1 3 3 3 3 3 4 1 3 2 1 3 3 3 1 4 4 3 1 3 2 1 1 4 1 2 1 3 1 1 2 3 3 4 1 2 3 2 1 4 1 3 1 3 2 3 3 4 1 3 4 2 4 3 3 3 1 1 3 4 1 1 1 2 1 4 1 3 4 1 1 2 1 1 4 1 4 1 4 3 3 4 4 4 1 1 3 4 1 3
277 0.018452 3 4 3 3 2 3 1 3 3 3 3 3 3 1 1 2 1 3 3 3 1 4 4 3 1 3 2 1 1 4 1 2 1 4 1 1 2 3 3 4 1 2 1 2 1 4 1 3 1 3 2 3 3 4 1 3 4 2 4 3 3 3 1 1 3 4 1 1 1 2 1 4 1 3 4 1 1 2 1 1 4 1 4 1 4 1 3 4 4 4 1 1 1 4 1 3
277 0.018452 3 2 3 1 2 3 1 3 3 1 3 3 4 4 3 2 1 3 3 3 1 4 2 3 1 3 2 1 1 4 1 2 1 4 1 1 4 3 3 4 1 2 1 4 1 4 1 3 1 3 2 3 3 4 1 3 4 2 4 1 3 3 1 1 3 4 1 1 1 2 1 4 1 3 4 1 1 2 1 1 4 1 4 1 4 1 3 4 4 4 1 1 1 4 1 3
277 0.115774 3 2 3 1 4 3 1 3 3 3 3 3 4 1 3 2 1 3 3 3 1 4 4 3 1 3 2 1 1 4 1 2 1 3 1 1 2 3 3 4 1 2 3 2 1 4 1 3 1 3 2 3 3 4 1 3 4 2 4 3 3 3 1 1 3 4 1 1 1 2 1 4 1 3 4 1 1 2 1 1 4 1 4 1 4 3 3 4 4 4 1 1 1 4 1 3
277 0.115774 3 2 3 3 4 3 1 1 3 3 3 3 4 1 3 4 2 1 3 3 1 2 2 1 1 3 2 1 1 3 1 4 1 4 4 1 2 3 3 4 1 4 1 2 1 4 1 3 1 3 2 3 3 4 3 3 4 2 4 3 3 0 0 0 0 0 0 0 0 0 0 0 0 0 0 0 0 0 0 1 4 1 4 1 4 1 3 4 4 4 3 1 1 4 1 3
278 0.114786 1 2 1 3 4 3 1 3 3 3 3 3 4 1 3 2 1 3 3 3 1 4 2 3 1 3 2 1 1 4 1 2 1 4 4 1 2 3 3 1 1 2 1 2 1 2 1 1 1 3 2 1 3 3 1 3 4 2 2 3 1 3 1 1 3 4 1 1 1 2 1 4 1 3 4 1 1 2 1 3 4 1 4 1 4 1 3 4 4 4 1 1 1 4 1 3
278 0.020428 3 4 3 3 2 3 1 3 3 3 3 3 4 1 1 2 1 3 3 3 1 4 4 3 1 3 2 1 1 4 1 2 1 4 1 1 2 3 3 4 1 2 1 2 1 4 1 3 1 3 2 3 3 4 1 3 4 2 4 3 3 3 1 1 3 4 1 1 1 2 1 4 1 3 4 1 1 2 1 1 4 1 4 1 4 1 3 4 4 4 1 1 1 4 1 3
278 0.114786 3 2 3 3 4 3 1 3 3 3 3 3 4 1 3 2 1 3 3 3 1 4 2 3 1 3 2 1 1 4 1 2 1 4 1 1 2 3 3 4 1 2 1 2 1 4 1 3 1 3 2 3 3 4 1 3 4 2 4 3 3 3 1 1 3 4 1 1 1 2 1 4 1 3 4 1 1 2 1 1 4 1 4 1 4 1 3 4 4 4 1 1 1 4 1 3
278 0.114786 3 2 3 3 4 3 1 3 3 3 3 3 4 1 3 2 1 3 3 3 1 4 2 3 1 3 2 1 1 4 1 2 3 4 4 1 2 3 3 4 3 2 1 2 1 4 1 3 1 3 2 3 3 4 1 3 4 4 4 3 3 3 1 1 3 4 1 1 1 2 1 4 1 3 4 1 1 2 1 1 4 3 4 1 4 1 3 4 4 4 1 1 1 4 1 3
278 0.114786 3 2 3 3 4 3 1 3 3 3 3 3 4 1 3 2 1 3 3 3 1 4 2 3 1 3 2 1 1 4 1 2 1 4 4 1 2 3 3 4 3 2 1 2 1 4 1 3 1 3 2 3 3 4 1 3 4 2 4 3 3 3 1 1 3 4 1 1 1 2 1 4 1 3 4 1 1 2 1 1 4 1 4 1 4 1 3 4 4 4 1 1 1 4 1 3
278 0.020428 3 2 3 3 2 3 1 3 3 3 3 3 4 1 3 2 1 3 3 3 1 4 2 3 1 3 2 1 1 4 1 2 1 4 4 1 2 3 3 4 1 2 1 2 1 4 1 3 1 3 2 3 3 4 1 3 4 2 4 3 3 3 1 1 3 4 1 1 1 2 1 4 1 3 4 1 1 2 1 1 4 1 4 1 4 1 3 4 4 4 1 1 1 4 1 3
278 0.114786 3 2 3 3 4 3 1 3 3 3 3 3 4 1 3 2 1 3 1 3 1 4 2 3 1 3 2 1 1 4 3 2 1 4 4 1 2 3 3 4 1 2 1 2 1 4 1 3 1 3 2 3 3 4 1 3 4 2 4 3 3 3 1 1 3 4 1 1 1 2 1 4 1 3 4 1 1 2 1 1 4 1 4 1 4 1 3 4 2 4 1 1 1 4 1 3
278 0.114786 3 2 3 1 4 3 1 3 3 3 3 3 4 1 3 2 1 3 3 3 1 4 4 3 1 3 2 1 1 4 1 2 1 3 1 1 2 3 3 4 1 2 3 2 1 4 1 3 1 3 2 3 3 4 1 3 4 2 4 3 3 3 1 1 3 4 1 1 1 2 1 4 1 3 4 1 1 2 1 1 4 1 4 1 4 3 3 4 4 4 1 1 3 4 1 3
278 0.020428 3 4 3 3 2 3 1 3 3 3 3 3 3 1 1 2 1 3 3 3 1 4 4 3 1 3 2 1 1 4 1 2 1 4 1 1 2 3 3 4 1 2 1 2 1 4 1 3 1 3 2 3 3 4 1 3 4 2 4 3 3 3 1 1 3 4 1 1 1 2 1 4 1 3 4 1 1 2 1 1 4 1 4 1 4 1 3 4 4 4 1 1 1 4 1 3
278 0.020428 3 2 3 1 2 3 1 3 3 1 3 3 4 4 3 2 1 3 3 3 1 4 2 3 1 3 2 1 1 4 1 2 1 4 1 1 4 3 3 4 1 2 1 4 1 4 1 3 1 3 2 3 3 4 1 3 4 2 4 1 3 3 1 1 3 4 1 1 1 2 1 4 1 3 4 1 1 2 1 1 4 1 4 1 4 1 3 4 4 4 1 1 1 4 1 3
278 0.114786 3 2 3 1 4 3 1 3 3 3 3 3 4 1 3 2 1 3 3 3 1 4 4 3 1 3 2 1 1 4 1 2 1 3 1 1 2 3 3 4 1 2 3 2 1 4 1 3 1 3 2 3 3 4 1 3 4 2 4 3 3 3 1 1 3 4 1 1 1 2 1 4 1 3 4 1 1 2 1 1 4 1 4 1 4 3 3 4 4 4 1 1 1 4 1 3
278 0.114786 3 2 3 3 4 3 1 1 3 3 3 3 4 1 3 4 2 1 3 3 1 2 2 1 1 3 2 1 1 3 1 4 1 4 4 1 2 3 3 4 1 4 1 2 1 4 1 3 1 3 2 3 3 4 3 3 4 2 4 3 3 0 0 0 0 0 0 0 0 0 0 0 0 0 0 0 0 0 0 1 4 1 4 1 4 1 3 4 4 4 3 1 1 4 1 3
279 0.113712 1 2 1 3 4 3 1 3 3 3 3 3 4 1 3 2 1 3 3 3 1 4 2 3 1 3 2 1 1 4 1 2 1 4 4 1 2 3 3 1 1 2 1 2 1 2 1 1 1 3 2 1 3 3 1 3 4 2 2 3 1 3 1 1 3 4 1 1 1 2 1 4 1 3 4 1 1 2 1 3 4 1 4 1 4 1 3 4 4 4 1 1 1 4 1 3
279 0.022577 3 4 3 3 2 3 1 3 3 3 3 3 4 1 1 2 1 3 3 3 1 4 4 3 1 3 2 1 1 4 1 2 1 4 1 1 2 3 3 4 1 2 1 2 1 4 1 3 1 3 2 3 3 4 1 3 4 2 4 3 3 3 1 1 3 4 1 1 1 2 1 4 1 3 4 1 1 2 1 1 4 1 4 1 4 1 3 4 4 4 1 1 1 4 1 3
279 0.113712 3 2 3 3 4 3 1 3 3 3 3 3 4 1 3 2 1 3 3 3 1 4 2 3 1 3 2 1 1 4 1 2 1 4 1 1 2 3 3 4 1 2 1 2 1 4 1 3 1 3 2 3 3 4 1 3 4 2 4 3 3 3 1 1 3 4 1 1 1 2 1 4 1 3 4 1 1 2 1 1 4 1 4 1 4 1 3 4 4 4 1 1 1 4 1 3
279 0.113712 3 2 3 3 4 3 1 3 3 3 3 3 4 1 3 2 1 3 3 3 1 4 2 3 1 3 2 1 1 4 1 2 3 4 4 1 2 3 3 4 3 2 1 2 1 4 1 3 1 3 2 3 3 4 1 3 4 4 4 3 3 3 1 1 3 4 1 1 1 2 1 4 1 3 4 1 1 2 1 1 4 3 4 1 4 1 3 4 4 4 1 1 1 4 1 3
279 0.113712 3 2 3 3 4 3 1 3 3 3 3 3 4 1 3 2 1 3 3 3 1 4 2 3 1 3 2 1 1 4 1 2 1 4 4 1 2 3 3 4 3 2 1 2 1 4 1 3 1 3 2 3 3 4 1 3 4 2 4 3 3 3 1 1 3 4 1 1 1 2 1 4 1 3 4 1 1 2 1 1 4 1 4 1 4 1 3 4 4 4 1 1 1 4 1 3
279 0.022577 3 2 3 3 2 3 1 3 3 3 3 3 4 1 3 2 1 3 3 3 1 4 2 3 1 3 2 1 1 4 1 2 1 4 4 1 2 3 3 4 1 2 1 2 1 4 1 3 1 3 2 3 3 4 1 3 4 2 4 3 3 3 1 1 3 4 1 1 1 2 1 4 1 3 4 1 1 2 1 1 4 1 4 1 4 1 3 4 4 4 1 1 1 4 1 3
279 0.113712 3 2 3 3 4 3 1 3 3 3 3 3 4 1 3 2 1 3 1 3 1 4 2 3 1 3 2 1 1 4 3 2 1 4 4 1 2 3 3 4 1 2 1 2 1 4 1 3 1 3 2 3 3 4 1 3 4 2 4 3 3 3 1 1 3 4 1 1 1 2 1 4 1 3 4 1 1 2 1 1 4 1 4 1 4 1 3 4 2 4 1 1 1 4 1 3
279 0.113712 3 2 3 1 4 3 1 3 3 3 3 3 4 1 3 2 1 3 3 3 1 4 4 3 1 3 2 1 1 4 1 2 1 3 1 1 2 3 3 4 1 2 3 2 1 4 1 3 1 3 2 3 3 4 1 3 4 2 4 3 3 3 1 1 3 4 1 1 1 2 1 4 1 3 4 1 1 2 1 1 4 1 4 1 4 3 3 4 4 4 1 1 3 4 1 3
279 0.022577 3 4 3 3 2 3 1 3 3 3 3 3 3 1 1 2 1 3 3 3 1 4 4 3 1 3 2 1 1 4 1 2 1 4 1 1 2 3 3 4 1 2 1 2 1 4 1 3 1 3 2 3 3 4 1 3 4 2 4 3 3 3 1 1 3 4 1 1 1 2 1 4 1 3 4 1 1 2 1 1 4 1 4 1 4 1 3 4 4 4 1 1 1 4 1 3
279 0.022577 3 2 3 1 2 3 1 3 3 1 3 3 4 4 3 2 1 3 3 3 1 4 2 3 1 3 2 1 1 4 1 2 1 4 1 1 4 3 3 4 1 2 1 4 1 4 1 3 1 3 2 3 3 4 1 3 4 2 4 1 3 3 1 1 3 4 1 1 1 2 1 4 1 3 4 1 1 2 1 1 4 1 4 1 4 1 3 4 4 4 1 1 1 4 1 3
279 0.113712 3 2 3 1 4 3 1 3 3 3 3 3 4 1 3 2 1 3 3 3 1 4 4 3 1 3 2 1 1 4 1 2 1 3 1 1 2 3 3 4 1 2 3 2 1 4 1 3 1 3 2 3 3 4 1 3 4 2 4 3 3 3 1 1 3 4 1 1 1 2 1 4 1 3 4 1 1 2 1 1 4 1 4 1 4 3 3 4 4 4 1 1 1 4 1 3
279 0.113712 3 2 3 3 4 3 1 1 3 3 3 3 4 1 3 4 2 1 3 3 1 2 2 1 1 3 2 1 1 3 1 4 1 4 4 1 2 3 3 4 1 4 1 2 1 4 1 3 1 3 2 3 3 4 3 3 4 2 4 3 3 0 0 0 0 0 0 0 0 0 0 0 0 0 0 0 0 0 0 1 4 1 4 1 4 1 3 4 4 4 3 1 1 4 1 3
280 0.112545 1 2 1 3 4 3 1 3 3 3 3 3 4 1 3 2 1 3 3 3 1 4 2 3 1 3 2 1 1 4 1 2 1 4 4 1 2 3 3 1 1 2 1 2 1 2 1 1 1 3 2 1 3 3 1 3 4 2 2 3 1 3 1 1 3 4 1 1 1 2 1 4 1 3 4 1 1 2 1 3 4 1 4 1 4 1 3 4 4 4 1 1 1 4 1 3
280 0.024910 3 4 3 3 2 3 1 3 3 3 3 3 4 1 1 2 1 3 3 3 1 4 4 3 1 3 2 1 1 4 1 2 1 4 1 1 2 3 3 4 1 2 1 2 1 4 1 3 1 3 2 3 3 4 1 3 4 2 4 3 3 3 1 1 3 4 1 1 1 2 1 4 1 3 4 1 1 2 1 1 4 1 4 1 4 1 3 4 4 4 1 1 1 4 1 3
280 0.112545 3 2 3 3 4 3 1 3 3 3 3 3 4 1 3 2 1 3 3 3 1 4 2 3 1 3 2 1 1 4 1 2 1 4 1 1 2 3 3 4 1 2 1 2 1 4 1 3 1 3 2 3 3 4 1 3 4 2 4 3 3 3 1 1 3 4 1 1 1 2 1 4 1 3 4 1 1 2 1 1 4 1 4 1 4 1 3 4 4 4 1 1 1 4 1 3
280 0.112545 3 2 3 3 4 3 1 3 3 3 3 3 4 1 3 2 1 3 3 3 1 4 2 3 1 3 2 1 1 4 1 2 3 4 4 1 2 3 3 4 3 2 1 2 1 4 1 3 1 3 2 3 3 4 1 3 4 4 4 3 3 3 1 1 3 4 1 1 1 2 1 4 1 3 4 1 1 2 1 1 4 3 4 1 4 1 3 4 4 4 1 1 1 4 1 3
280 0.112545 3 2 3 3 4 3 1 3 3 3 3 3 4 1 3 2 1 3 3 3 1 4 2 3 1 3 2 1 1 4 1 2 1 4 4 1 2 3 3 4 3 2 1 2 1 4 1 3 1 3 2 3 3 4 1 3 4 2 4 3 3 3 1 1 3 4 1 1 1 2 1 4 1 3 4 1 1 2 1 1 4 1 4 1 4 1 3 4 4 4 1 1 1 4 1 3
280 0.024910 3 2 3 3 2 3 1 3 3 3 3 3 4 1 3 2 1 3 3 3 1 4 2 3 1 3 2 1 1 4 1 2 1 4 4 1 2 3 3 4 1 2 1 2 1 4 1 3 1 3 2 3 3 4 1 3 4 2 4 3 3 3 1 1 3 4 1 1 1 2 1 4 1 3 4 1 1 2 1 1 4 1 4 1 4 1 3 4 4 4 1 1 1 4 1 3
280 0.112545 3 2 3 3 4 3 1 3 3 3 3 3 4 1 3 2 1 3 1 3 1 4 2 3 1 3 2 1 1 4 3 2 1 4 4 1 2 3 3 4 1 2 1 2 1 4 1 3 1 3 2 3 3 4 1 3 4 2 4 3 3 3 1 1 3 4 1 1 1 2 1 4 1 3 4 1 1 2 1 1 4 1 4 1 4 1 3 4 2 4 1 1 1 4 1 3
280 0.112545 3 2 3 1 4 3 1 3 3 3 3 3 4 1 3 2 1 3 3 3 1 4 4 3 1 3 2 1 1 4 1 2 1 3 1 1 2 3 3 4 1 2 3 2 1 4 1 3 1 3 2 3 3 4 1 3 4 2 4 3 3 3 1 1 3 4 1 1 1 2 1 4 1 3 4 1 1 2 1 1 4 1 4 1 4 3 3 4 4 4 1 1 3 4 1 3
280 0.024910 3 4 3 3 2 3 1 3 3 3 3 3 3 1 1 2 1 3 3 3 1 4 4 3 1 3 2 1 1 4 1 2 1 4 1 1 2 3 3 4 1 2 1 2 1 4 1 3 1 3 2 3 3 4 1 3 4 2 4 3 3 3 1 1 3 4 1 1 1 2 1 4 1 3 4 1 1 2 1 1 4 1 4 1 4 1 3 4 4 4 1 1 1 4 1 3
280 0.024910 3 2 3 1 2 3 1 3 3 1 3 3 4 4 3 2 1 3 3 3 1 4 2 3 1 3 2 1 1 4 1 2 1 4 1 1 4 3 3 4 1 2 1 4 1 4 1 3 1 3 2 3 3 4 1 3 4 2 4 1 3 3 1 1 3 4 1 1 1 2 1 4 1 3 4 1 1 2 1 1 4 1 4 1 4 1 3 4 4 4 1 1 1 4 1 3
280 0.112545 3 2 3 1 4 3 1 3 3 3 3 3 4 1 3 2 1 3 3 3 1 4 4 3 1 3 2 1 1 4 1 2 1 3 1 1 2 3 3 4 1 2 3 2 1 4 1 3 1 3 2 3 3 4 1 3 4 2 4 3 3 3 1 1 3 4 1 1 1 2 1 4 1 3 4 1 1 2 1 1 4 1 4 1 4 3 3 4 4 4 1 1 1 4 1 3
280 0.112545 3 2 3 3 4 3 1 1 3 3 3 3 4 1 3 4 2 1 3 3 1 2 2 1 1 3 2 1 1 3 1 4 1 4 4 1 2 3 3 4 1 4 1 2 1 4 1 3 1 3 2 3 3 4 3 3 4 2 4 3 3 0 0 0 0 0 0 0 0 0 0 0 0 0 0 0 0 0 0 1 4 1 4 1 4 1 3 4 4 4 3 1 1 4 1 3
281 0.111280 1 2 1 3 4 3 1 3 3 3 3 3 4 1 3 2 1 3 3 3 1 4 2 3 1 3 2 1 1 4 1 2 1 4 4 1 2 3 3 1 1 2 1 2 1 2 1 1 1 3 2 1 3 3 1 3 4 2 2 3 1 3 1 1 3 4 1 1 1 2 1 4 1 3 4 1 1 2 1 3 4 1 4 1 4 1 3 4 4 4 1 1 1 4 1 3
281 0.027440 3 4 3 3 2 3 1 3 3 3 3 3 4 1 1 2 1 3 3 3 1 4 4 3 1 3 2 1 1 4 1 2 1 4 1 1 2 3 3 4 1 2 1 2 1 4 1 3 1 3 2 3 3 4 1 3 4 2 4 3 3 3 1 1 3 4 1 1 1 2 1 4 1 3 4 1 1 2 1 1 4 1 4 1 4 1 3 4 4 4 1 1 1 4 1 3
281 0.111280 3 2 3 3 4 3 1 3 3 3 3 3 4 1 3 2 1 3 3 3 1 4 2 3 1 3 2 1 1 4 1 2 1 4 1 1 2 3 3 4 1 2 1 2 1 4 1 3 1 3 2 3 3 4 1 3 4 2 4 3 3 3 1 1 3 4 1 1 1 2 1 4 1 3 4 1 1 2 1 1 4 1 4 1 4 1 3 4 4 4 1 1 1 4 1 3
281 0.111280 3 2 3 3 4 3 1 3 3 3 3 3 4 1 3 2 1 3 3 3 1 4 2 3 1 3 2 1 1 4 1 2 3 4 4 1 2 3 3 4 3 2 1 2 1 4 1 3 1 3 2 3 3 4 1 3 4 4 4 3 3 3 1 1 3 4 1 1 1 2 1 4 1 3 4 1 1 2 1 1 4 3 4 1 4 1 3 4 4 4 1 1 1 4 1 3
281 0.111280 3 2 3 3 4 3 1 3 3 3 3 3 4 1 3 2 1 3 3 3 1 4 2 3 1 3 2 1 1 4 1 2 1 4 4 1 2 3 3 4 3 2 1 2 1 4 1 3 1 3 2 3 3 4 1 3 4 2 4 3 3 3 1 1 3 4 1 1 1 2 1 4 1 3 4 1 1 2 1 1 4 1 4 1 4 1 3 4 4 4 1 1 1 4 1 3
281 0.027440 3 2 3 3 2 3 1 3 3 3 3 3 4 1 3 2 1 3 3 3 1 4 2 3 1 3 2 1 1 4 1 2 1 4 4 1 2 3 3 4 1 2 1 2 1 4 1 3 1 3 2 3 3 4 1 3 4 2 4 3 3 3 1 1 3 4 1 1 1 2 1 4 1 3 4 1 1 2 1 1 4 1 4 1 4 1 3 4 4 4 1 1 1 4 1 3
281 0.111280 3 2 3 3 4 3 1 3 3 3 3 3 4 1 3 2 1 3 1 3 1 4 2 3 1 3 2 1 1 4 3 2 1 4 4 1 2 3 3 4 1 2 1 2 1 4 1 3 1 3 2 3 3 4 1 3 4 2 4 3 3 3 1 1 3 4 1 1 1 2 1 4 1 3 4 1 1 2 1 1 4 1 4 1 4 1 3 4 2 4 1 1 1 4 1 3
281 0.111280 3 2 3 1 4 3 1 3 3 3 3 3 4 1 3 2 1 3 3 3 1 4 4 3 1 3 2 1 1 4 1 2 1 3 1 1 2 3 3 4 1 2 3 2 1 4 1 3 1 3 2 3 3 4 1 3 4 2 4 3 3 3 1 1 3 4 1 1 1 2 1 4 1 3 4 1 1 2 1 1 4 1 4 1 4 3 3 4 4 4 1 1 3 4 1 3
281 0.027440 3 4 3 3 2 3 1 3 3 3 3 3 3 1 1 2 1 3 3 3 1 4 4 3 1 3 2 1 1 4 1 2 1 4 1 1 2 3 3 4 1 2 1 2 1 4 1 3 1 3 2 3 3 4 1 3 4 2 4 3 3 3 1 1 3 4 1 1 1 2 1 4 1 3 4 1 1 2 1 1 4 1 4 1 4 1 3 4 4 4 1 1 1 4 1 3
281 0.027440 3 2 3 1 2 3 1 3 3 1 3 3 4 4 3 2 1 3 3 3 1 4 2 3 1 3 2 1 1 4 1 2 1 4 1 1 4 3 3 4 1 2 1 4 1 4 1 3 1 3 2 3 3 4 1 3 4 2 4 1 3 3 1 1 3 4 1 1 1 2 1 4 1 3 4 1 1 2 1 1 4 1 4 1 4 1 3 4 4 4 1 1 1 4 1 3
281 0.111280 3 2 3 1 4 3 1 3 3 3 3 3 4 1 3 2 1 3 3 3 1 4 4 3 1 3 2 1 1 4 1 2 1 3 1 1 2 3 3 4 1 2 3 2 1 4 1 3 1 3 2 3 3 4 1 3 4 2 4 3 3 3 1 1 3 4 1 1 1 2 1 4 1 3 4 1 1 2 1 1 4 1 4 1 4 3 3 4 4 4 1 1 1 4 1 3
281 0.111280 3 2 3 3 4 3 1 1 3 3 3 3 4 1 3 4 2 1 3 3 1 2 2 1 1 3 2 1 1 3 1 4 1 4 4 1 2 3 3 4 1 4 1 2 1 4 1 3 1 3 2 3 3 4 3 3 4 2 4 3 3 0 0 0 0 0 0 0 0 0 0 0 0 0 0 0 0 0 0 1 4 1 4 1 4 1 3 4 4 4 3 1 1 4 1 3
282 0.109912 1 2 1 3 4 3 1 3 3 3 3 3 4 1 3 2 1 3 3 3 1 4 2 3 1 3 2 1 1 4 1 2 1 4 4 1 2 3 3 1 1 2 1 2 1 2 1 1 1 3 2 1 3 3 1 3 4 2 2 3 1 3 1 1 3 4 1 1 1 2 1 4 1 3 4 1 1 2 1 3 4 1 4 1 4 1 3 4 4 4 1 1 1 4 1 3
282 0.030176 3 4 3 3 2 3 1 3 3 3 3 3 4 1 1 2 1 3 3 3 1 4 4 3 1 3 2 1 1 4 1 2 1 4 1 1 2 3 3 4 1 2 1 2 1 4 1 3 1 3 2 3 3 4 1 3 4 2 4 3 3 3 1 1 3 4 1 1 1 2 1 4 1 3 4 1 1 2 1 1 4 1 4 1 4 1 3 4 4 4 1 1 1 4 1 3
282 0.109912 3 2 3 3 4 3 1 3 3 3 3 3 4 1 3 2 1 3 3 3 1 4 2 3 1 3 2 1 1 4 1 2 1 4 1 1 2 3 3 4 1 2 1 2 1 4 1 3 1 3 2 3 3 4 1 3 4 2 4 3 3 3 1 1 3 4 1 1 1 2 1 4 1 3 4 1 1 2 1 1 4 1 4 1 4 1 3 4 4 4 1 1 1 4 1 3
282 0.109912 3 2 3 3 4 3 1 3 3 3 3 3 4 1 3 2 1 3 3 3 1 4 2 3 1 3 2 1 1 4 1 2 3 4 4 1 2 3 3 4 3 2 1 2 1 4 1 3 1 3 2 3 3 4 1 3 4 4 4 3 3 3 1 1 3 4 1 1 1 2 1 4 1 3 4 1 1 2 1 1 4 3 4 1 4 1 3 4 4 4 1 1 1 4 1 3
282 0.109912 3 2 3 3 4 3 1 3 3 3 3 3 4 1 3 2 1 3 3 3 1 4 2 3 1 3 2 1 1 4 1 2 1 4 4 1 2 3 3 4 3 2 1 2 1 4 1 3 1 3 2 3 3 4 1 3 4 2 4 3 3 3 1 1 3 4 1 1 1 2 1 4 1 3 4 1 1 2 1 1 4 1 4 1 4 1 3 4 4 4 1 1 1 4 1 3
282 0.030176 3 2 3 3 2 3 1 3 3 3 3 3 4 1 3 2 1 3 3 3 1 4 2 3 1 3 2 1 1 4 1 2 1 4 4 1 2 3 3 4 1 2 1 2 1 4 1 3 1 3 2 3 3 4 1 3 4 2 4 3 3 3 1 1 3 4 1 1 1 2 1 4 1 3 4 1 1 2 1 1 4 1 4 1 4 1 3 4 4 4 1 1 1 4 1 3
282 0.109912 3 2 3 3 4 3 1 3 3 3 3 3 4 1 3 2 1 3 1 3 1 4 2 3 1 3 2 1 1 4 3 2 1 4 4 1 2 3 3 4 1 2 1 2 1 4 1 3 1 3 2 3 3 4 1 3 4 2 4 3 3 3 1 1 3 4 1 1 1 2 1 4 1 3 4 1 1 2 1 1 4 1 4 1 4 1 3 4 2 4 1 1 1 4 1 3
282 0.109912 3 2 3 1 4 3 1 3 3 3 3 3 4 1 3 2 1 3 3 3 1 4 4 3 1 3 2 1 1 4 1 2 1 3 1 1 2 3 3 4 1 2 3 2 1 4 1 3 1 3 2 3 3 4 1 3 4 2 4 3 3 3 1 1 3 4 1 1 1 2 1 4 1 3 4 1 1 2 1 1 4 1 4 1 4 3 3 4 4 4 1 1 3 4 1 3
282 0.030176 3 4 3 3 2 3 1 3 3 3 3 3 3 1 1 2 1 3 3 3 1 4 4 3 1 3 2 1 1 4 1 2 1 4 1 1 2 3 3 4 1 2 1 2 1 4 1 3 1 3 2 3 3 4 1 3 4 2 4 3 3 3 1 1 3 4 1 1 1 2 1 4 1 3 4 1 1 2 1 1 4 1 4 1 4 1 3 4 4 4 1 1 1 4 1 3
282 0.030176 3 2 3 1 2 3 1 3 3 1 3 3 4 4 3 2 1 3 3 3 1 4 2 3 1 3 2 1 1 4 1 2 1 4 1 1 4 3 3 4 1 2 1 4 1 4 1 3 1 3 2 3 3 4 1 3 4 2 4 1 3 3 1 1 3 4 1 1 1 2 1 4 1 3 4 1 1 2 1 1 4 1 4 1 4 1 3 4 4 4 1 1 1 4 1 3
282 0.109912 3 2 3 1 4 3 1 3 3 3 3 3 4 1 3 2 1 3 3 3 1 4 4 3 1 3 2 1 1 4 1 2 1 3 1 1 2 3 3 4 1 2 3 2 1 4 1 3 1 3 2 3 3 4 1 3 4 2 4 3 3 3 1 1 3 4 1 1 1 2 1 4 1 3 4 1 1 2 1 1 4 1 4 1 4 3 3 4 4 4 1 1 1 4 1 3
282 0.109912 3 2 3 3 4 3 1 1 3 3 3 3 4 1 3 4 2 1 3 3 1 2 2 1 1 3 2 1 1 3 1 4 1 4 4 1 2 3 3 4 1 4 1 2 1 4 1 3 1 3 2 3 3 4 3 3 4 2 4 3 3 0 0 0 0 0 0 0 0 0 0 0 0 0 0 0 0 0 0 1 4 1 4 1 4 1 3 4 4 4 3 1 1 4 1 3
283 0.108435 1 2 1 3 4 3 1 3 3 3 3 3 4 1 3 2 1 3 3 3 1 4 2 3 1 3 2 1 1 4 1 2 1 4 4 1 2 3 3 1 1 2 1 2 1 2 1 1 1 3 2 1 3 3 1 3 4 2 2 3 1 3 1 1 3 4 1 1 1 2 1 4 1 3 4 1 1 2 1 3 4 1 4 1 4 1 3 4 4 4 1 1 1 4 1 3
283 0.033130 3 4 3 3 2 3 1 3 3 3 3 3 4 1 1 2 1 3 3 3 1 4 4 3 1 3 2 1 1 4 1 2 1 4 1 1 2 3 3 4 1 2 1 2 1 4 1 3 1 3 2 3 3 4 1 3 4 2 4 3 3 3 1 1 3 4 1 1 1 2 1 4 1 3 4 1 1 2 1 1 4 1 4 1 4 1 3 4 4 4 1 1 1 4 1 3
283 0.108435 3 2 3 3 4 3 1 3 3 3 3 3 4 1 3 2 1 3 3 3 1 4 2 3 1 3 2 1 1 4 1 2 1 4 1 1 2 3 3 4 1 2 1 2 1 4 1 3 1 3 2 3 3 4 1 3 4 2 4 3 3 3 1 1 3 4 1 1 1 2 1 4 1 3 4 1 1 2 1 1 4 1 4 1 4 1 3 4 4 4 1 1 1 4 1 3
283 0.108435 3 2 3 3 4 3 1 3 3 3 3 3 4 1 3 2 1 3 3 3 1 4 2 3 1 3 2 1 1 4 1 2 3 4 4 1 2 3 3 4 3 2 1 2 1 4 1 3 1 3 2 3 3 4 1 3 4 4 4 3 3 3 1 1 3 4 1 1 1 2 1 4 1 3 4 1 1 2 1 1 4 3 4 1 4 1 3 4 4 4 1 1 1 4 1 3
283 0.108435 3 2 3 3 4 3 1 3 3 3 3 3 4 1 3 2 1 3 3 3 1 4 2 3 1 3 2 1 1 4 1 2 1 4 4 1 2 3 3 4 3 2 1 2 1 4 1 3 1 3 2 3 3 4 1 3 4 2 4 3 3 3 1 1 3 4 1 1 1 2 1 4 1 3 4 1 1 2 1 1 4 1 4 1 4 1 3 4 4 4 1 1 1 4 1 3
283 0.033130 3 2 3 3 2 3 1 3 3 3 3 3 4 1 3 2 1 3 3 3 1 4 2 3 1 3 2 1 1 4 1 2 1 4 4 1 2 3 3 4 1 2 1 2 1 4 1 3 1 3 2 3 3 4 1 3 4 2 4 3 3 3 1 1 3 4 1 1 1 2 1 4 1 3 4 1 1 2 1 1 4 1 4 1 4 1 3 4 4 4 1 1 1 4 1 3
283 0.108435 3 2 3 3 4 3 1 3 3 3 3 3 4 1 3 2 1 3 1 3 1 4 2 3 1 3 2 1 1 4 3 2 1 4 4 1 2 3 3 4 1 2 1 2 1 4 1 3 1 3 2 3 3 4 1 3 4 2 4 3 3 3 1 1 3 4 1 1 1 2 1 4 1 3 4 1 1 2 1 1 4 1 4 1 4 1 3 4 2 4 1 1 1 4 1 3
283 0.108435 3 2 3 1 4 3 1 3 3 3 3 3 4 1 3 2 1 3 3 3 1 4 4 3 1 3 2 1 1 4 1 2 1 3 1 1 2 3 3 4 1 2 3 2 1 4 1 3 1 3 2 3 3 4 1 3 4 2 4 3 3 3 1 1 3 4 1 1 1 2 1 4 1 3 4 1 1 2 1 1 4 1 4 1 4 3 3 4 4 4 1 1 3 4 1 3
283 0.033130 3 4 3 3 2 3 1 3 3 3 3 3 3 1 1 2 1 3 3 3 1 4 4 3 1 3 2 1 1 4 1 2 1 4 1 1 2 3 3 4 1 2 1 2 1 4 1 3 1 3 2 3 3 4 1 3 4 2 4 3 3 3 1 1 3 4 1 1 1 2 1 4 1 3 4 1 1 2 1 1 4 1 4 1 4 1 3 4 4 4 1 1 1 4 1 3
283 0.033130 3 2 3 1 2 3 1 3 3 1 3 3 4 4 3 2 1 3 3 3 1 4 2 3 1 3 2 1 1 4 1 2 1 4 1 1 4 3 3 4 1 2 1 4 1 4 1 3 1 3 2 3 3 4 1 3 4 2 4 1 3 3 1 1 3 4 1 1 1 2 1 4 1 3 4 1 1 2 1 1 4 1 4 1 4 1 3 4 4 4 1 1 1 4 1 3
283 0.108435 3 2 3 1 4 3 1 3 3 3 3 3 4 1 3 2 1 3 3 3 1 4 4 3 1 3 2 1 1 4 1 2 1 3 1 1 2 3 3 4 1 2 3 2 1 4 1 3 1 3 2 3 3 4 1 3 4 2 4 3 3 3 1 1 3 4 1 1 1 2 1 4 1 3 4 1 1 2 1 1 4 1 4 1 4 3 3 4 4 4 1 1 1 4 1 3
283 0.108435 3 2 3 3 4 3 1 1 3 3 3 3 4 1 3 4 2 1 3 3 1 2 2 1 1 3 2 1 1 3 1 4 1 4 4 1 2 3 3 4 1 4 1 2 1 4 1 3 1 3 2 3 3 4 3 3 4 2 4 3 3 0 0 0 0 0 0 0 0 0 0 0 0 0 0 0 0 0 0 1 4 1 4 1 4 1 3 4 4 4 3 1 1 4 1 3
284 0.106845 1 2 1 3 4 3 1 3 3 3 3 3 4 1 3 2 1 3 3 3 1 4 2 3 1 3 2 1 1 4 1 2 1 4 4 1 2 3 3 1 1 2 1 2 1 2 1 1 1 3 2 1 3 3 1 3 4 2 2 3 1 3 1 1 3 4 1 1 1 2 1 4 1 3 4 1 1 2 1 3 4 1 4 1 4 1 3 4 4 4 1 1 1 4 1 3
284 0.036310 3 4 3 3 2 3 1 3 3 3 3 3 4 1 1 2 1 3 3 3 1 4 4 3 1 3 2 1 1 4 1 2 1 4 1 1 2 3 3 4 1 2 1 2 1 4 1 3 1 3 2 3 3 4 1 3 4 2 4 3 3 3 1 1 3 4 1 1 1 2 1 4 1 3 4 1 1 2 1 1 4 1 4 1 4 1 3 4 4 4 1 1 1 4 1 3
284 0.106845 3 2 3 3 4 3 1 3 3 3 3 3 4 1 3 2 1 3 3 3 1 4 2 3 1 3 2 1 1 4 1 2 1 4 1 1 2 3 3 4 1 2 1 2 1 4 1 3 1 3 2 3 3 4 1 3 4 2 4 3 3 3 1 1 3 4 1 1 1 2 1 4 1 3 4 1 1 2 1 1 4 1 4 1 4 1 3 4 4 4 1 1 1 4 1 3
284 0.106845 3 2 3 3 4 3 1 3 3 3 3 3 4 1 3 2 1 3 3 3 1 4 2 3 1 3 2 1 1 4 1 2 3 4 4 1 2 3 3 4 3 2 1 2 1 4 1 3 1 3 2 3 3 4 1 3 4 4 4 3 3 3 1 1 3 4 1 1 1 2 1 4 1 3 4 1 1 2 1 1 4 3 4 1 4 1 3 4 4 4 1 1 1 4 1 3
284 0.106845 3 2 3 3 4 3 1 3 3 3 3 3 4 1 3 2 1 3 3 3 1 4 2 3 1 3 2 1 1 4 1 2 1 4 4 1 2 3 3 4 3 2 1 2 1 4 1 3 1 3 2 3 3 4 1 3 4 2 4 3 3 3 1 1 3 4 1 1 1 2 1 4 1 3 4 1 1 2 1 1 4 1 4 1 4 1 3 4 4 4 1 1 1 4 1 3
284 0.036310 3 2 3 3 2 3 1 3 3 3 3 3 4 1 3 2 1 3 3 3 1 4 2 3 1 3 2 1 1 4 1 2 1 4 4 1 2 3 3 4 1 2 1 2 1 4 1 3 1 3 2 3 3 4 1 3 4 2 4 3 3 3 1 1 3 4 1 1 1 2 1 4 1 3 4 1 1 2 1 1 4 1 4 1 4 1 3 4 4 4 1 1 1 4 1 3
284 0.106845 3 2 3 3 4 3 1 3 3 3 3 3 4 1 3 2 1 3 1 3 1 4 2 3 1 3 2 1 1 4 3 2 1 4 4 1 2 3 3 4 1 2 1 2 1 4 1 3 1 3 2 3 3 4 1 3 4 2 4 3 3 3 1 1 3 4 1 1 1 2 1 4 1 3 4 1 1 2 1 1 4 1 4 1 4 1 3 4 2 4 1 1 1 4 1 3
284 0.106845 3 2 3 1 4 3 1 3 3 3 3 3 4 1 3 2 1 3 3 3 1 4 4 3 1 3 2 1 1 4 1 2 1 3 1 1 2 3 3 4 1 2 3 2 1 4 1 3 1 3 2 3 3 4 1 3 4 2 4 3 3 3 1 1 3 4 1 1 1 2 1 4 1 3 4 1 1 2 1 1 4 1 4 1 4 3 3 4 4 4 1 1 3 4 1 3
284 0.036310 3 4 3 3 2 3 1 3 3 3 3 3 3 1 1 2 1 3 3 3 1 4 4 3 1 3 2 1 1 4 1 2 1 4 1 1 2 3 3 4 1 2 1 2 1 4 1 3 1 3 2 3 3 4 1 3 4 2 4 3 3 3 1 1 3 4 1 1 1 2 1 4 1 3 4 1 1 2 1 1 4 1 4 1 4 1 3 4 4 4 1 1 1 4 1 3
284 0.036310 3 2 3 1 2 3 1 3 3 1 3 3 4 4 3 2 1 3 3 3 1 4 2 3 1 3 2 1 1 4 1 2 1 4 1 1 4 3 3 4 1 2 1 4 1 4 1 3 1 3 2 3 3 4 1 3 4 2 4 1 3 3 1 1 3 4 1 1 1 2 1 4 1 3 4 1 1 2 1 1 4 1 4 1 4 1 3 4 4 4 1 1 1 4 1 3
284 0.106845 3 2 3 1 4 3 1 3 3 3 3 3 4 1 3 2 1 3 3 3 1 4 4 3 1 3 2 1 1 4 1 2 1 3 1 1 2 3 3 4 1 2 3 2 1 4 1 3 1 3 2 3 3 4 1 3 4 2 4 3 3 3 1 1 3 4 1 1 1 2 1 4 1 3 4 1 1 2 1 1 4 1 4 1 4 3 3 4 4 4 1 1 1 4 1 3
284 0.106845 3 2 3 3 4 3 1 1 3 3 3 3 4 1 3 4 2 1 3 3 1 2 2 1 1 3 2 1 1 3 1 4 1 4 4 1 2 3 3 4 1 4 1 2 1 4 1 3 1 3 2 3 3 4 3 3 4 2 4 3 3 0 0 0 0 0 0 0 0 0 0 0 0 0 0 0 0 0 0 1 4 1 4 1 4 1 3 4 4 4 3 1 1 4 1 3
285 0.105137 1 2 1 3 4 3 1 3 3 3 3 3 4 1 3 2 1 3 3 3 1 4 2 3 1 3 2 1 1 4 1 2 1 4 4 1 2 3 3 1 1 2 1 2 1 2 1 1 1 3 2 1 3 3 1 3 4 2 2 3 1 3 1 1 3 4 1 1 1 2 1 4 1 3 4 1 1 2 1 3 4 1 4 1 4 1 3 4 4 4 1 1 1 4 1 3
285 0.039725 3 4 3 3 2 3 1 3 3 3 3 3 4 1 1 2 1 3 3 3 1 4 4 3 1 3 2 1 1 4 1 2 1 4 1 1 2 3 3 4 1 2 1 2 1 4 1 3 1 3 2 3 3 4 1 3 4 2 4 3 3 3 1 1 3 4 1 1 1 2 1 4 1 3 4 1 1 2 1 1 4 1 4 1 4 1 3 4 4 4 1 1 1 4 1 3
285 0.105137 3 2 3 3 4 3 1 3 3 3 3 3 4 1 3 2 1 3 3 3 1 4 2 3 1 3 2 1 1 4 1 2 1 4 1 1 2 3 3 4 1 2 1 2 1 4 1 3 1 3 2 3 3 4 1 3 4 2 4 3 3 3 1 1 3 4 1 1 1 2 1 4 1 3 4 1 1 2 1 1 4 1 4 1 4 1 3 4 4 4 1 1 1 4 1 3
285 0.105137 3 2 3 3 4 3 1 3 3 3 3 3 4 1 3 2 1 3 3 3 1 4 2 3 1 3 2 1 1 4 1 2 3 4 4 1 2 3 3 4 3 2 1 2 1 4 1 3 1 3 2 3 3 4 1 3 4 4 4 3 3 3 1 1 3 4 1 1 1 2 1 4 1 3 4 1 1 2 1 1 4 3 4 1 4 1 3 4 4 4 1 1 1 4 1 3
285 0.105137 3 2 3 3 4 3 1 3 3 3 3 3 4 1 3 2 1 3 3 3 1 4 2 3 1 3 2 1 1 4 1 2 1 4 4 1 2 3 3 4 3 2 1 2 1 4 1 3 1 3 2 3 3 4 1 3 4 2 4 3 3 3 1 1 3 4 1 1 1 2 1 4 1 3 4 1 1 2 1 1 4 1 4 1 4 1 3 4 4 4 1 1 1 4 1 3
285 0.039725 3 2 3 3 2 3 1 3 3 3 3 3 4 1 3 2 1 3 3 3 1 4 2 3 1 3 2 1 1 4 1 2 1 4 4 1 2 3 3 4 1 2 1 2 1 4 1 3 1 3 2 3 3 4 1 3 4 2 4 3 3 3 1 1 3 4 1 1 1 2 1 4 1 3 4 1 1 2 1 1 4 1 4 1 4 1 3 4 4 4 1 1 1 4 1 3
285 0.105137 3 2 3 3 4 3 1 3 3 3 3 3 4 1 3 2 1 3 1 3 1 4 2 3 1 3 2 1 1 4 3 2 1 4 4 1 2 3 3 4 1 2 1 2 1 4 1 3 1 3 2 3 3 4 1 3 4 2 4 3 3 3 1 1 3 4 1 1 1 2 1 4 1 3 4 1 1 2 1 1 4 1 4 1 4 1 3 4 2 4 1 1 1 4 1 3
285 0.105137 3 2 3 1 4 3 1 3 3 3 3 3 4 1 3 2 1 3 3 3 1 4 4 3 1 3 2 1 1 4 1 2 1 3 1 1 2 3 3 4 1 2 3 2 1 4 1 3 1 3 2 3 3 4 1 3 4 2 4 3 3 3 1 1 3 4 1 1 1 2 1 4 1 3 4 1 1 2 1 1 4 1 4 1 4 3 3 4 4 4 1 1 3 4 1 3
285 0.039725 3 4 3 3 2 3 1 3 3 3 3 3 3 1 1 2 1 3 3 3 1 4 4 3 1 3 2 1 1 4 1 2 1 4 1 1 2 3 3 4 1 2 1 2 1 4 1 3 1 3 2 3 3 4 1 3 4 2 4 3 3 3 1 1 3 4 1 1 1 2 1 4 1 3 4 1 1 2 1 1 4 1 4 1 4 1 3 4 4 4 1 1 1 4 1 3
285 0.039725 3 2 3 1 2 3 1 3 3 1 3 3 4 4 3 2 1 3 3 3 1 4 2 3 1 3 2 1 1 4 1 2 1 4 1 1 4 3 3 4 1 2 1 4 1 4 1 3 1 3 2 3 3 4 1 3 4 2 4 1 3 3 1 1 3 4 1 1 1 2 1 4 1 3 4 1 1 2 1 1 4 1 4 1 4 1 3 4 4 4 1 1 1 4 1 3
285 0.105137 3 2 3 1 4 3 1 3 3 3 3 3 4 1 3 2 1 3 3 3 1 4 4 3 1 3 2 1 1 4 1 2 1 3 1 1 2 3 3 4 1 2 3 2 1 4 1 3 1 3 2 3 3 4 1 3 4 2 4 3 3 3 1 1 3 4 1 1 1 2 1 4 1 3 4 1 1 2 1 1 4 1 4 1 4 3 3 4 4 4 1 1 1 4 1 3
285 0.105137 3 2 3 3 4 3 1 1 3 3 3 3 4 1 3 4 2 1 3 3 1 2 2 1 1 3 2 1 1 3 1 4 1 4 4 1 2 3 3 4 1 4 1 2 1 4 1 3 1 3 2 3 3 4 3 3 4 2 4 3 3 0 0 0 0 0 0 0 0 0 0 0 0 0 0 0 0 0 0 1 4 1 4 1 4 1 3 4 4 4 3 1 1 4 1 3
286 0.103308 1 2 1 3 4 3 1 3 3 3 3 3 4 1 3 2 1 3 3 3 1 4 2 3 1 3 2 1 1 4 1 2 1 4 4 1 2 3 3 1 1 2 1 2 1 2 1 1 1 3 2 1 3 3 1 3 4 2 2 3 1 3 1 1 3 4 1 1 1 2 1 4 1 3 4 1 1 2 1 3 4 1 4 1 4 1 3 4 4 4 1 1 1 4 1 3
286 0.043384 3 4 3 3 2 3 1 3 3 3 3 3 4 1 1 2 1 3 3 3 1 4 4 3 1 3 2 1 1 4 1 2 1 4 1 1 2 3 3 4 1 2 1 2 1 4 1 3 1 3 2 3 3 4 1 3 4 2 4 3 3 3 1 1 3 4 1 1 1 2 1 4 1 3 4 1 1 2 1 1 4 1 4 1 4 1 3 4 4 4 1 1 1 4 1 3
286 0.103308 3 2 3 3 4 3 1 3 3 3 3 3 4 1 3 2 1 3 3 3 1 4 2 3 1 3 2 1 1 4 1 2 1 4 1 1 2 3 3 4 1 2 1 2 1 4 1 3 1 3 2 3 3 4 1 3 4 2 4 3 3 3 1 1 3 4 1 1 1 2 1 4 1 3 4 1 1 2 1 1 4 1 4 1 4 1 3 4 4 4 1 1 1 4 1 3
286 0.103308 3 2 3 3 4 3 1 3 3 3 3 3 4 1 3 2 1 3 3 3 1 4 2 3 1 3 2 1 1 4 1 2 3 4 4 1 2 3 3 4 3 2 1 2 1 4 1 3 1 3 2 3 3 4 1 3 4 4 4 3 3 3 1 1 3 4 1 1 1 2 1 4 1 3 4 1 1 2 1 1 4 3 4 1 4 1 3 4 4 4 1 1 1 4 1 3
286 0.103308 3 2 3 3 4 3 1 3 3 3 3 3 4 1 3 2 1 3 3 3 1 4 2 3 1 3 2 1 1 4 1 2 1 4 4 1 2 3 3 4 3 2 1 2 1 4 1 3 1 3 2 3 3 4 1 3 4 2 4 3 3 3 1 1 3 4 1 1 1 2 1 4 1 3 4 1 1 2 1 1 4 1 4 1 4 1 3 4 4 4 1 1 1 4 1 3
286 0.043384 3 2 3 3 2 3 1 3 3 3 3 3 4 1 3 2 1 3 3 3 1 4 2 3 1 3 2 1 1 4 1 2 1 4 4 1 2 3 3 4 1 2 1 2 1 4 1 3 1 3 2 3 3 4 1 3 4 2 4 3 3 3 1 1 3 4 1 1 1 2 1 4 1 3 4 1 1 2 1 1 4 1 4 1 4 1 3 4 4 4 1 1 1 4 1 3
286 0.103308 3 2 3 3 4 3 1 3 3 3 3 3 4 1 3 2 1 3 1 3 1 4 2 3 1 3 2 1 1 4 3 2 1 4 4 1 2 3 3 4 1 2 1 2 1 4 1 3 1 3 2 3 3 4 1 3 4 2 4 3 3 3 1 1 3 4 1 1 1 2 1 4 1 3 4 1 1 2 1 1 4 1 4 1 4 1 3 4 2 4 1 1 1 4 1 3
286 0.103308 3 2 3 1 4 3 1 3 3 3 3 3 4 1 3 2 1 3 3 3 1 4 4 3 1 3 2 1 1 4 1 2 1 3 1 1 2 3 3 4 1 2 3 2 1 4 1 3 1 3 2 3 3 4 1 3 4 2 4 3 3 3 1 1 3 4 1 1 1 2 1 4 1 3 4 1 1 2 1 1 4 1 4 1 4 3 3 4 4 4 1 1 3 4 1 3
286 0.043384 3 4 3 3 2 3 1 3 3 3 3 3 3 1 1 2 1 3 3 3 1 4 4 3 1 3 2 1 1 4 1 2 1 4 1 1 2 3 3 4 1 2 1 2 1 4 1 3 1 3 2 3 3 4 1 3 4 2 4 3 3 3 1 1 3 4 1 1 1 2 1 4 1 3 4 1 1 2 1 1 4 1 4 1 4 1 3 4 4 4 1 1 1 4 1 3
286 0.043384 3 2 3 1 2 3 1 3 3 1 3 3 4 4 3 2 1 3 3 3 1 4 2 3 1 3 2 1 1 4 1 2 1 4 1 1 4 3 3 4 1 2 1 4 1 4 1 3 1 3 2 3 3 4 1 3 4 2 4 1 3 3 1 1 3 4 1 1 1 2 1 4 1 3 4 1 1 2 1 1 4 1 4 1 4 1 3 4 4 4 1 1 1 4 1 3
286 0.103308 3 2 3 1 4 3 1 3 3 3 3 3 4 1 3 2 1 3 3 3 1 4 4 3 1 3 2 1 1 4 1 2 1 3 1 1 2 3 3 4 1 2 3 2 1 4 1 3 1 3 2 3 3 4 1 3 4 2 4 3 3 3 1 1 3 4 1 1 1 2 1 4 1 3 4 1 1 2 1 1 4 1 4 1 4 3 3 4 4 4 1 1 1 4 1 3
286 0.103308 3 2 3 3 4 3 1 1 3 3 3 3 4 1 3 4 2 1 3 3 1 2 2 1 1 3 2 1 1 3 1 4 1 4 4 1 2 3 3 4 1 4 1 2 1 4 1 3 1 3 2 3 3 4 3 3 4 2 4 3 3 0 0 0 0 0 0 0 0 0 0 0 0 0 0 0 0 0 0 1 4 1 4 1 4 1 3 4 4 4 3 1 1 4 1 3
287 0.101355 1 2 1 3 4 3 1 3 3 3 3 3 4 1 3 2 1 3 3 3 1 4 2 3 1 3 2 1 1 4 1 2 1 4 4 1 2 3 3 1 1 2 1 2 1 2 1 1 1 3 2 1 3 3 1 3 4 2 2 3 1 3 1 1 3 4 1 1 1 2 1 4 1 3 4 1 1 2 1 3 4 1 4 1 4 1 3 4 4 4 1 1 1 4 1 3
287 0.047290 3 4 3 3 2 3 1 3 3 3 3 3 4 1 1 2 1 3 3 3 1 4 4 3 1 3 2 1 1 4 1 2 1 4 1 1 2 3 3 4 1 2 1 2 1 4 1 3 1 3 2 3 3 4 1 3 4 2 4 3 3 3 1 1 3 4 1 1 1 2 1 4 1 3 4 1 1 2 1 1 4 1 4 1 4 1 3 4 4 4 1 1 1 4 1 3
287 0.101355 3 2 3 3 4 3 1 3 3 3 3 3 4 1 3 2 1 3 3 3 1 4 2 3 1 3 2 1 1 4 1 2 1 4 1 1 2 3 3 4 1 2 1 2 1 4 1 3 1 3 2 3 3 4 1 3 4 2 4 3 3 3 1 1 3 4 1 1 1 2 1 4 1 3 4 1 1 2 1 1 4 1 4 1 4 1 3 4 4 4 1 1 1 4 1 3
287 0.101355 3 2 3 3 4 3 1 3 3 3 3 3 4 1 3 2 1 3 3 3 1 4 2 3 1 3 2 1 1 4 1 2 3 4 4 1 2 3 3 4 3 2 1 2 1 4 1 3 1 3 2 3 3 4 1 3 4 4 4 3 3 3 1 1 3 4 1 1 1 2 1 4 1 3 4 1 1 2 1 1 4 3 4 1 4 1 3 4 4 4 1 1 1 4 1 3
287 0.101355 3 2 3 3 4 3 1 3 3 3 3 3 4 1 3 2 1 3 3 3 1 4 2 3 1 3 2 1 1 4 1 2 1 4 4 1 2 3 3 4 3 2 1 2 1 4 1 3 1 3 2 3 3 4 1 3 4 2 4 3 3 3 1 1 3 4 1 1 1 2 1 4 1 3 4 1 1 2 1 1 4 1 4 1 4 1 3 4 4 4 1 1 1 4 1 3
287 0.047290 3 2 3 3 2 3 1 3 3 3 3 3 4 1 3 2 1 3 3 3 1 4 2 3 1 3 2 1 1 4 1 2 1 4 4 1 2 3 3 4 1 2 1 2 1 4 1 3 1 3 2 3 3 4 1 3 4 2 4 3 3 3 1 1 3 4 1 1 1 2 1 4 1 3 4 1 1 2 1 1 4 1 4 1 4 1 3 4 4 4 1 1 1 4 1 3
287 0.101355 3 2 3 3 4 3 1 3 3 3 3 3 4 1 3 2 1 3 1 3 1 4 2 3 1 3 2 1 1 4 3 2 1 4 4 1 2 3 3 4 1 2 1 2 1 4 1 3 1 3 2 3 3 4 1 3 4 2 4 3 3 3 1 1 3 4 1 1 1 2 1 4 1 3 4 1 1 2 1 1 4 1 4 1 4 1 3 4 2 4 1 1 1 4 1 3
287 0.101355 3 2 3 1 4 3 1 3 3 3 3 3 4 1 3 2 1 3 3 3 1 4 4 3 1 3 2 1 1 4 1 2 1 3 1 1 2 3 3 4 1 2 3 2 1 4 1 3 1 3 2 3 3 4 1 3 4 2 4 3 3 3 1 1 3 4 1 1 1 2 1 4 1 3 4 1 1 2 1 1 4 1 4 1 4 3 3 4 4 4 1 1 3 4 1 3
287 0.047290 3 4 3 3 2 3 1 3 3 3 3 3 3 1 1 2 1 3 3 3 1 4 4 3 1 3 2 1 1 4 1 2 1 4 1 1 2 3 3 4 1 2 1 2 1 4 1 3 1 3 2 3 3 4 1 3 4 2 4 3 3 3 1 1 3 4 1 1 1 2 1 4 1 3 4 1 1 2 1 1 4 1 4 1 4 1 3 4 4 4 1 1 1 4 1 3
287 0.047290 3 2 3 1 2 3 1 3 3 1 3 3 4 4 3 2 1 3 3 3 1 4 2 3 1 3 2 1 1 4 1 2 1 4 1 1 4 3 3 4 1 2 1 4 1 4 1 3 1 3 2 3 3 4 1 3 4 2 4 1 3 3 1 1 3 4 1 1 1 2 1 4 1 3 4 1 1 2 1 1 4 1 4 1 4 1 3 4 4 4 1 1 1 4 1 3
287 0.101355 3 2 3 1 4 3 1 3 3 3 3 3 4 1 3 2 1 3 3 3 1 4 4 3 1 3 2 1 1 4 1 2 1 3 1 1 2 3 3 4 1 2 3 2 1 4 1 3 1 3 2 3 3 4 1 3 4 2 4 3 3 3 1 1 3 4 1 1 1 2 1 4 1 3 4 1 1 2 1 1 4 1 4 1 4 3 3 4 4 4 1 1 1 4 1 3
287 0.101355 3 2 3 3 4 3 1 1 3 3 3 3 4 1 3 4 2 1 3 3 1 2 2 1 1 3 2 1 1 3 1 4 1 4 4 1 2 3 3 4 1 4 1 2 1 4 1 3 1 3 2 3 3 4 3 3 4 2 4 3 3 0 0 0 0 0 0 0 0 0 0 0 0 0 0 0 0 0 0 1 4 1 4 1 4 1 3 4 4 4 3 1 1 4 1 3
288 0.099276 1 2 1 3 4 3 1 3 3 3 3 3 4 1 3 2 1 3 3 3 1 4 2 3 1 3 2 1 1 4 1 2 1 4 4 1 2 3 3 1 1 2 1 2 1 2 1 1 1 3 2 1 3 3 1 3 4 2 2 3 1 3 1 1 3 4 1 1 1 2 1 4 1 3 4 1 1 2 1 3 4 1 4 1 4 1 3 4 4 4 1 1 1 4 1 3
288 0.051449 3 4 3 3 2 3 1 3 3 3 3 3 4 1 1 2 1 3 3 3 1 4 4 3 1 3 2 1 1 4 1 2 1 4 1 1 2 3 3 4 1 2 1 2 1 4 1 3 1 3 2 3 3 4 1 3 4 2 4 3 3 3 1 1 3 4 1 1 1 2 1 4 1 3 4 1 1 2 1 1 4 1 4 1 4 1 3 4 4 4 1 1 1 4 1 3
288 0.099276 3 2 3 3 4 3 1 3 3 3 3 3 4 1 3 2 1 3 3 3 1 4 2 3 1 3 2 1 1 4 1 2 1 4 1 1 2 3 3 4 1 2 1 2 1 4 1 3 1 3 2 3 3 4 1 3 4 2 4 3 3 3 1 1 3 4 1 1 1 2 1 4 1 3 4 1 1 2 1 1 4 1 4 1 4 1 3 4 4 4 1 1 1 4 1 3
288 0.099276 3 2 3 3 4 3 1 3 3 3 3 3 4 1 3 2 1 3 3 3 1 4 2 3 1 3 2 1 1 4 1 2 3 4 4 1 2 3 3 4 3 2 1 2 1 4 1 3 1 3 2 3 3 4 1 3 4 4 4 3 3 3 1 1 3 4 1 1 1 2 1 4 1 3 4 1 1 2 1 1 4 3 4 1 4 1 3 4 4 4 1 1 1 4 1 3
288 0.099276 3 2 3 3 4 3 1 3 3 3 3 3 4 1 3 2 1 3 3 3 1 4 2 3 1 3 2 1 1 4 1 2 1 4 4 1 2 3 3 4 3 2 1 2 1 4 1 3 1 3 2 3 3 4 1 3 4 2 4 3 3 3 1 1 3 4 1 1 1 2 1 4 1 3 4 1 1 2 1 1 4 1 4 1 4 1 3 4 4 4 1 1 1 4 1 3
288 0.051449 3 2 3 3 2 3 1 3 3 3 3 3 4 1 3 2 1 3 3 3 1 4 2 3 1 3 2 1 1 4 1 2 1 4 4 1 2 3 3 4 1 2 1 2 1 4 1 3 1 3 2 3 3 4 1 3 4 2 4 3 3 3 1 1 3 4 1 1 1 2 1 4 1 3 4 1 1 2 1 1 4 1 4 1 4 1 3 4 4 4 1 1 1 4 1 3
288 0.099276 3 2 3 3 4 3 1 3 3 3 3 3 4 1 3 2 1 3 1 3 1 4 2 3 1 3 2 1 1 4 3 2 1 4 4 1 2 3 3 4 1 2 1 2 1 4 1 3 1 3 2 3 3 4 1 3 4 2 4 3 3 3 1 1 3 4 1 1 1 2 1 4 1 3 4 1 1 2 1 1 4 1 4 1 4 1 3 4 2 4 1 1 1 4 1 3
288 0.099276 3 2 3 1 4 3 1 3 3 3 3 3 4 1 3 2 1 3 3 3 1 4 4 3 1 3 2 1 1 4 1 2 1 3 1 1 2 3 3 4 1 2 3 2 1 4 1 3 1 3 2 3 3 4 1 3 4 2 4 3 3 3 1 1 3 4 1 1 1 2 1 4 1 3 4 1 1 2 1 1 4 1 4 1 4 3 3 4 4 4 1 1 3 4 1 3
288 0.051449 3 4 3 3 2 3 1 3 3 3 3 3 3 1 1 2 1 3 3 3 1 4 4 3 1 3 2 1 1 4 1 2 1 4 1 1 2 3 3 4 1 2 1 2 1 4 1 3 1 3 2 3 3 4 1 3 4 2 4 3 3 3 1 1 3 4 1 1 1 2 1 4 1 3 4 1 1 2 1 1 4 1 4 1 4 1 3 4 4 4 1 1 1 4 1 3
288 0.051449 3 2 3 1 2 3 1 3 3 1 3 3 4 4 3 2 1 3 3 3 1 4 2 3 1 3 2 1 1 4 1 2 1 4 1 1 4 3 3 4 1 2 1 4 1 4 1 3 1 3 2 3 3 4 1 3 4 2 4 1 3 3 1 1 3 4 1 1 1 2 1 4 1 3 4 1 1 2 1 1 4 1 4 1 4 1 3 4 4 4 1 1 1 4 1 3
288 0.099276 3 2 3 1 4 3 1 3 3 3 3 3 4 1 3 2 1 3 3 3 1 4 4 3 1 3 2 1 1 4 1 2 1 3 1 1 2 3 3 4 1 2 3 2 1 4 1 3 1 3 2 3 3 4 1 3 4 2 4 3 3 3 1 1 3 4 1 1 1 2 1 4 1 3 4 1 1 2 1 1 4 1 4 1 4 3 3 4 4 4 1 1 1 4 1 3
288 0.099276 3 2 3 3 4 3 1 1 3 3 3 3 4 1 3 4 2 1 3 3 1 2 2 1 1 3 2 1 1 3 1 4 1 4 4 1 2 3 3 4 1 4 1 2 1 4 1 3 1 3 2 3 3 4 3 3 4 2 4 3 3 0 0 0 0 0 0 0 0 0 0 0 0 0 0 0 0 0 0 1 4 1 4 1 4 1 3 4 4 4 3 1 1 4 1 3
289 0.097069 1 2 1 3 4 3 1 3 3 3 3 3 4 1 3 2 1 3 3 3 1 4 2 3 1 3 2 1 1 4 1 2 1 4 4 1 2 3 3 1 1 2 1 2 1 2 1 1 1 3 2 1 3 3 1 3 4 2 2 3 1 3 1 1 3 4 1 1 1 2 1 4 1 3 4 1 1 2 1 3 4 1 4 1 4 1 3 4 4 4 1 1 1 4 1 3
289 0.055861 3 4 3 3 2 3 1 3 3 3 3 3 4 1 1 2 1 3 3 3 1 4 4 3 1 3 2 1 1 4 1 2 1 4 1 1 2 3 3 4 1 2 1 2 1 4 1 3 1 3 2 3 3 4 1 3 4 2 4 3 3 3 1 1 3 4 1 1 1 2 1 4 1 3 4 1 1 2 1 1 4 1 4 1 4 1 3 4 4 4 1 1 1 4 1 3
289 0.097069 3 2 3 3 4 3 1 3 3 3 3 3 4 1 3 2 1 3 3 3 1 4 2 3 1 3 2 1 1 4 1 2 1 4 1 1 2 3 3 4 1 2 1 2 1 4 1 3 1 3 2 3 3 4 1 3 4 2 4 3 3 3 1 1 3 4 1 1 1 2 1 4 1 3 4 1 1 2 1 1 4 1 4 1 4 1 3 4 4 4 1 1 1 4 1 3
289 0.097069 3 2 3 3 4 3 1 3 3 3 3 3 4 1 3 2 1 3 3 3 1 4 2 3 1 3 2 1 1 4 1 2 3 4 4 1 2 3 3 4 3 2 1 2 1 4 1 3 1 3 2 3 3 4 1 3 4 4 4 3 3 3 1 1 3 4 1 1 1 2 1 4 1 3 4 1 1 2 1 1 4 3 4 1 4 1 3 4 4 4 1 1 1 4 1 3
289 0.097069 3 2 3 3 4 3 1 3 3 3 3 3 4 1 3 2 1 3 3 3 1 4 2 3 1 3 2 1 1 4 1 2 1 4 4 1 2 3 3 4 3 2 1 2 1 4 1 3 1 3 2 3 3 4 1 3 4 2 4 3 3 3 1 1 3 4 1 1 1 2 1 4 1 3 4 1 1 2 1 1 4 1 4 1 4 1 3 4 4 4 1 1 1 4 1 3
289 0.055861 3 2 3 3 2 3 1 3 3 3 3 3 4 1 3 2 1 3 3 3 1 4 2 3 1 3 2 1 1 4 1 2 1 4 4 1 2 3 3 4 1 2 1 2 1 4 1 3 1 3 2 3 3 4 1 3 4 2 4 3 3 3 1 1 3 4 1 1 1 2 1 4 1 3 4 1 1 2 1 1 4 1 4 1 4 1 3 4 4 4 1 1 1 4 1 3
289 0.097069 3 2 3 3 4 3 1 3 3 3 3 3 4 1 3 2 1 3 1 3 1 4 2 3 1 3 2 1 1 4 3 2 1 4 4 1 2 3 3 4 1 2 1 2 1 4 1 3 1 3 2 3 3 4 1 3 4 2 4 3 3 3 1 1 3 4 1 1 1 2 1 4 1 3 4 1 1 2 1 1 4 1 4 1 4 1 3 4 2 4 1 1 1 4 1 3
289 0.097069 3 2 3 1 4 3 1 3 3 3 3 3 4 1 3 2 1 3 3 3 1 4 4 3 1 3 2 1 1 4 1 2 1 3 1 1 2 3 3 4 1 2 3 2 1 4 1 3 1 3 2 3 3 4 1 3 4 2 4 3 3 3 1 1 3 4 1 1 1 2 1 4 1 3 4 1 1 2 1 1 4 1 4 1 4 3 3 4 4 4 1 1 3 4 1 3
289 0.055861 3 4 3 3 2 3 1 3 3 3 3 3 3 1 1 2 1 3 3 3 1 4 4 3 1 3 2 1 1 4 1 2 1 4 1 1 2 3 3 4 1 2 1 2 1 4 1 3 1 3 2 3 3 4 1 3 4 2 4 3 3 3 1 1 3 4 1 1 1 2 1 4 1 3 4 1 1 2 1 1 4 1 4 1 4 1 3 4 4 4 1 1 1 4 1 3
289 0.055861 3 2 3 1 2 3 1 3 3 1 3 3 4 4 3 2 1 3 3 3 1 4 2 3 1 3 2 1 1 4 1 2 1 4 1 1 4 3 3 4 1 2 1 4 1 4 1 3 1 3 2 3 3 4 1 3 4 2 4 1 3 3 1 1 3 4 1 1 1 2 1 4 1 3 4 1 1 2 1 1 4 1 4 1 4 1 3 4 4 4 1 1 1 4 1 3
289 0.097069 3 2 3 1 4 3 1 3 3 3 3 3 4 1 3 2 1 3 3 3 1 4 4 3 1 3 2 1 1 4 1 2 1 3 1 1 2 3 3 4 1 2 3 2 1 4 1 3 1 3 2 3 3 4 1 3 4 2 4 3 3 3 1 1 3 4 1 1 1 2 1 4 1 3 4 1 1 2 1 1 4 1 4 1 4 3 3 4 4 4 1 1 1 4 1 3
289 0.097069 3 2 3 3 4 3 1 1 3 3 3 3 4 1 3 4 2 1 3 3 1 2 2 1 1 3 2 1 1 3 1 4 1 4 4 1 2 3 3 4 1 4 1 2 1 4 1 3 1 3 2 3 3 4 3 3 4 2 4 3 3 0 0 0 0 0 0 0 0 0 0 0 0 0 0 0 0 0 0 1 4 1 4 1 4 1 3 4 4 4 3 1 1 4 1 3
290 0.094737 1 2 1 3 4 3 1 3 3 3 3 3 4 1 3 2 1 3 3 3 1 4 2 3 1 3 2 1 1 4 1 2 1 4 4 1 2 3 3 1 1 2 1 2 1 2 1 1 1 3 2 1 3 3 1 3 4 2 2 3 1 3 1 1 3 4 1 1 1 2 1 4 1 3 4 1 1 2 1 3 4 1 4 1 4 1 3 4 4 4 1 1 1 4 1 3
290 0.060526 3 4 3 3 2 3 1 3 3 3 3 3 4 1 1 2 1 3 3 3 1 4 4 3 1 3 2 1 1 4 1 2 1 4 1 1 2 3 3 4 1 2 1 2 1 4 1 3 1 3 2 3 3 4 1 3 4 2 4 3 3 3 1 1 3 4 1 1 1 2 1 4 1 3 4 1 1 2 1 1 4 1 4 1 4 1 3 4 4 4 1 1 1 4 1 3
290 0.094737 3 2 3 3 4 3 1 3 3 3 3 3 4 1 3 2 1 3 3 3 1 4 2 3 1 3 2 1 1 4 1 2 1 4 1 1 2 3 3 4 1 2 1 2 1 4 1 3 1 3 2 3 3 4 1 3 4 2 4 3 3 3 1 1 3 4 1 1 1 2 1 4 1 3 4 1 1 2 1 1 4 1 4 1 4 1 3 4 4 4 1 1 1 4 1 3
290 0.094737 3 2 3 3 4 3 1 3 3 3 3 3 4 1 3 2 1 3 3 3 1 4 2 3 1 3 2 1 1 4 1 2 3 4 4 1 2 3 3 4 3 2 1 2 1 4 1 3 1 3 2 3 3 4 1 3 4 4 4 3 3 3 1 1 3 4 1 1 1 2 1 4 1 3 4 1 1 2 1 1 4 3 4 1 4 1 3 4 4 4 1 1 1 4 1 3
290 0.094737 3 2 3 3 4 3 1 3 3 3 3 3 4 1 3 2 1 3 3 3 1 4 2 3 1 3 2 1 1 4 1 2 1 4 4 1 2 3 3 4 3 2 1 2 1 4 1 3 1 3 2 3 3 4 1 3 4 2 4 3 3 3 1 1 3 4 1 1 1 2 1 4 1 3 4 1 1 2 1 1 4 1 4 1 4 1 3 4 4 4 1 1 1 4 1 3
290 0.060526 3 2 3 3 2 3 1 3 3 3 3 3 4 1 3 2 1 3 3 3 1 4 2 3 1 3 2 1 1 4 1 2 1 4 4 1 2 3 3 4 1 2 1 2 1 4 1 3 1 3 2 3 3 4 1 3 4 2 4 3 3 3 1 1 3 4 1 1 1 2 1 4 1 3 4 1 1 2 1 1 4 1 4 1 4 1 3 4 4 4 1 1 1 4 1 3
290 0.094737 3 2 3 3 4 3 1 3 3 3 3 3 4 1 3 2 1 3 1 3 1 4 2 3 1 3 2 1 1 4 3 2 1 4 4 1 2 3 3 4 1 2 1 2 1 4 1 3 1 3 2 3 3 4 1 3 4 2 4 3 3 3 1 1 3 4 1 1 1 2 1 4 1 3 4 1 1 2 1 1 4 1 4 1 4 1 3 4 2 4 1 1 1 4 1 3
290 0.094737 3 2 3 1 4 3 1 3 3 3 3 3 4 1 3 2 1 3 3 3 1 4 4 3 1 3 2 1 1 4 1 2 1 3 1 1 2 3 3 4 1 2 3 2 1 4 1 3 1 3 2 3 3 4 1 3 4 2 4 3 3 3 1 1 3 4 1 1 1 2 1 4 1 3 4 1 1 2 1 1 4 1 4 1 4 3 3 4 4 4 1 1 3 4 1 3
290 0.060526 3 4 3 3 2 3 1 3 3 3 3 3 3 1 1 2 1 3 3 3 1 4 4 3 1 3 2 1 1 4 1 2 1 4 1 1 2 3 3 4 1 2 1 2 1 4 1 3 1 3 2 3 3 4 1 3 4 2 4 3 3 3 1 1 3 4 1 1 1 2 1 4 1 3 4 1 1 2 1 1 4 1 4 1 4 1 3 4 4 4 1 1 1 4 1 3
290 0.060526 3 2 3 1 2 3 1 3 3 1 3 3 4 4 3 2 1 3 3 3 1 4 2 3 1 3 2 1 1 4 1 2 1 4 1 1 4 3 3 4 1 2 1 4 1 4 1 3 1 3 2 3 3 4 1 3 4 2 4 1 3 3 1 1 3 4 1 1 1 2 1 4 1 3 4 1 1 2 1 1 4 1 4 1 4 1 3 4 4 4 1 1 1 4 1 3
290 0.094737 3 2 3 1 4 3 1 3 3 3 3 3 4 1 3 2 1 3 3 3 1 4 4 3 1 3 2 1 1 4 1 2 1 3 1 1 2 3 3 4 1 2 3 2 1 4 1 3 1 3 2 3 3 4 1 3 4 2 4 3 3 3 1 1 3 4 1 1 1 2 1 4 1 3 4 1 1 2 1 1 4 1 4 1 4 3 3 4 4 4 1 1 1 4 1 3
290 0.094737 3 2 3 3 4 3 1 1 3 3 3 3 4 1 3 4 2 1 3 3 1 2 2 1 1 3 2 1 1 3 1 4 1 4 4 1 2 3 3 4 1 4 1 2 1 4 1 3 1 3 2 3 3 4 3 3 4 2 4 3 3 0 0 0 0 0 0 0 0 0 0 0 0 0 0 0 0 0 0 1 4 1 4 1 4 1 3 4 4 4 3 1 1 4 1 3
291 0.092280 1 2 1 3 4 3 1 3 3 3 3 3 4 1 3 2 1 3 3 3 1 4 2 3 1 3 2 1 1 4 1 2 1 4 4 1 2 3 3 1 1 2 1 2 1 2 1 1 1 3 2 1 3 3 1 3 4 2 2 3 1 3 1 1 3 4 1 1 1 2 1 4 1 3 4 1 1 2 1 3 4 1 4 1 4 1 3 4 4 4 1 1 1 4 1 3
291 0.065440 3 4 3 3 2 3 1 3 3 3 3 3 4 1 1 2 1 3 3 3 1 4 4 3 1 3 2 1 1 4 1 2 1 4 1 1 2 3 3 4 1 2 1 2 1 4 1 3 1 3 2 3 3 4 1 3 4 2 4 3 3 3 1 1 3 4 1 1 1 2 1 4 1 3 4 1 1 2 1 1 4 1 4 1 4 1 3 4 4 4 1 1 1 4 1 3
291 0.092280 3 2 3 3 4 3 1 3 3 3 3 3 4 1 3 2 1 3 3 3 1 4 2 3 1 3 2 1 1 4 1 2 1 4 1 1 2 3 3 4 1 2 1 2 1 4 1 3 1 3 2 3 3 4 1 3 4 2 4 3 3 3 1 1 3 4 1 1 1 2 1 4 1 3 4 1 1 2 1 1 4 1 4 1 4 1 3 4 4 4 1 1 1 4 1 3
291 0.092280 3 2 3 3 4 3 1 3 3 3 3 3 4 1 3 2 1 3 3 3 1 4 2 3 1 3 2 1 1 4 1 2 3 4 4 1 2 3 3 4 3 2 1 2 1 4 1 3 1 3 2 3 3 4 1 3 4 4 4 3 3 3 1 1 3 4 1 1 1 2 1 4 1 3 4 1 1 2 1 1 4 3 4 1 4 1 3 4 4 4 1 1 1 4 1 3
291 0.092280 3 2 3 3 4 3 1 3 3 3 3 3 4 1 3 2 1 3 3 3 1 4 2 3 1 3 2 1 1 4 1 2 1 4 4 1 2 3 3 4 3 2 1 2 1 4 1 3 1 3 2 3 3 4 1 3 4 2 4 3 3 3 1 1 3 4 1 1 1 2 1 4 1 3 4 1 1 2 1 1 4 1 4 1 4 1 3 4 4 4 1 1 1 4 1 3
291 0.065440 3 2 3 3 2 3 1 3 3 3 3 3 4 1 3 2 1 3 3 3 1 4 2 3 1 3 2 1 1 4 1 2 1 4 4 1 2 3 3 4 1 2 1 2 1 4 1 3 1 3 2 3 3 4 1 3 4 2 4 3 3 3 1 1 3 4 1 1 1 2 1 4 1 3 4 1 1 2 1 1 4 1 4 1 4 1 3 4 4 4 1 1 1 4 1 3
291 0.092280 3 2 3 3 4 3 1 3 3 3 3 3 4 1 3 2 1 3 1 3 1 4 2 3 1 3 2 1 1 4 3 2 1 4 4 1 2 3 3 4 1 2 1 2 1 4 1 3 1 3 2 3 3 4 1 3 4 2 4 3 3 3 1 1 3 4 1 1 1 2 1 4 1 3 4 1 1 2 1 1 4 1 4 1 4 1 3 4 2 4 1 1 1 4 1 3
291 0.092280 3 2 3 1 4 3 1 3 3 3 3 3 4 1 3 2 1 3 3 3 1 4 4 3 1 3 2 1 1 4 1 2 1 3 1 1 2 3 3 4 1 2 3 2 1 4 1 3 1 3 2 3 3 4 1 3 4 2 4 3 3 3 1 1 3 4 1 1 1 2 1 4 1 3 4 1 1 2 1 1 4 1 4 1 4 3 3 4 4 4 1 1 3 4 1 3
291 0.065440 3 4 3 3 2 3 1 3 3 3 3 3 3 1 1 2 1 3 3 3 1 4 4 3 1 3 2 1 1 4 1 2 1 4 1 1 2 3 3 4 1 2 1 2 1 4 1 3 1 3 2 3 3 4 1 3 4 2 4 3 3 3 1 1 3 4 1 1 1 2 1 4 1 3 4 1 1 2 1 1 4 1 4 1 4 1 3 4 4 4 1 1 1 4 1 3
291 0.065440 3 2 3 1 2 3 1 3 3 1 3 3 4 4 3 2 1 3 3 3 1 4 2 3 1 3 2 1 1 4 1 2 1 4 1 1 4 3 3 4 1 2 1 4 1 4 1 3 1 3 2 3 3 4 1 3 4 2 4 1 3 3 1 1 3 4 1 1 1 2 1 4 1 3 4 1 1 2 1 1 4 1 4 1 4 1 3 4 4 4 1 1 1 4 1 3
291 0.092280 3 2 3 1 4 3 1 3 3 3 3 3 4 1 3 2 1 3 3 3 1 4 4 3 1 3 2 1 1 4 1 2 1 3 1 1 2 3 3 4 1 2 3 2 1 4 1 3 1 3 2 3 3 4 1 3 4 2 4 3 3 3 1 1 3 4 1 1 1 2 1 4 1 3 4 1 1 2 1 1 4 1 4 1 4 3 3 4 4 4 1 1 1 4 1 3
291 0.092280 3 2 3 3 4 3 1 1 3 3 3 3 4 1 3 4 2 1 3 3 1 2 2 1 1 3 2 1 1 3 1 4 1 4 4 1 2 3 3 4 1 4 1 2 1 4 1 3 1 3 2 3 3 4 3 3 4 2 4 3 3 0 0 0 0 0 0 0 0 0 0 0 0 0 0 0 0 0 0 1 4 1 4 1 4 1 3 4 4 4 3 1 1 4 1 3
292 0.089703 1 2 1 3 4 3 1 3 3 3 3 3 4 1 3 2 1 3 3 3 1 4 2 3 1 3 2 1 1 4 1 2 1 4 4 1 2 3 3 1 1 2 1 2 1 2 1 1 1 3 2 1 3 3 1 3 4 2 2 3 1 3 1 1 3 4 1 1 1 2 1 4 1 3 4 1 1 2 1 3 4 1 4 1 4 1 3 4 4 4 1 1 1 4 1 3
292 0.070594 3 4 3 3 2 3 1 3 3 3 3 3 4 1 1 2 1 3 3 3 1 4 4 3 1 3 2 1 1 4 1 2 1 4 1 1 2 3 3 4 1 2 1 2 1 4 1 3 1 3 2 3 3 4 1 3 4 2 4 3 3 3 1 1 3 4 1 1 1 2 1 4 1 3 4 1 1 2 1 1 4 1 4 1 4 1 3 4 4 4 1 1 1 4 1 3
292 0.089703 3 2 3 3 4 3 1 3 3 3 3 3 4 1 3 2 1 3 3 3 1 4 2 3 1 3 2 1 1 4 1 2 1 4 1 1 2 3 3 4 1 2 1 2 1 4 1 3 1 3 2 3 3 4 1 3 4 2 4 3 3 3 1 1 3 4 1 1 1 2 1 4 1 3 4 1 1 2 1 1 4 1 4 1 4 1 3 4 4 4 1 1 1 4 1 3
292 0.089703 3 2 3 3 4 3 1 3 3 3 3 3 4 1 3 2 1 3 3 3 1 4 2 3 1 3 2 1 1 4 1 2 3 4 4 1 2 3 3 4 3 2 1 2 1 4 1 3 1 3 2 3 3 4 1 3 4 4 4 3 3 3 1 1 3 4 1 1 1 2 1 4 1 3 4 1 1 2 1 1 4 3 4 1 4 1 3 4 4 4 1 1 1 4 1 3
292 0.089703 3 2 3 3 4 3 1 3 3 3 3 3 4 1 3 2 1 3 3 3 1 4 2 3 1 3 2 1 1 4 1 2 1 4 4 1 2 3 3 4 3 2 1 2 1 4 1 3 1 3 2 3 3 4 1 3 4 2 4 3 3 3 1 1 3 4 1 1 1 2 1 4 1 3 4 1 1 2 1 1 4 1 4 1 4 1 3 4 4 4 1 1 1 4 1 3
292 0.070594 3 2 3 3 2 3 1 3 3 3 3 3 4 1 3 2 1 3 3 3 1 4 2 3 1 3 2 1 1 4 1 2 1 4 4 1 2 3 3 4 1 2 1 2 1 4 1 3 1 3 2 3 3 4 1 3 4 2 4 3 3 3 1 1 3 4 1 1 1 2 1 4 1 3 4 1 1 2 1 1 4 1 4 1 4 1 3 4 4 4 1 1 1 4 1 3
292 0.089703 3 2 3 3 4 3 1 3 3 3 3 3 4 1 3 2 1 3 1 3 1 4 2 3 1 3 2 1 1 4 3 2 1 4 4 1 2 3 3 4 1 2 1 2 1 4 1 3 1 3 2 3 3 4 1 3 4 2 4 3 3 3 1 1 3 4 1 1 1 2 1 4 1 3 4 1 1 2 1 1 4 1 4 1 4 1 3 4 2 4 1 1 1 4 1 3
292 0.089703 3 2 3 1 4 3 1 3 3 3 3 3 4 1 3 2 1 3 3 3 1 4 4 3 1 3 2 1 1 4 1 2 1 3 1 1 2 3 3 4 1 2 3 2 1 4 1 3 1 3 2 3 3 4 1 3 4 2 4 3 3 3 1 1 3 4 1 1 1 2 1 4 1 3 4 1 1 2 1 1 4 1 4 1 4 3 3 4 4 4 1 1 3 4 1 3
292 0.070594 3 4 3 3 2 3 1 3 3 3 3 3 3 1 1 2 1 3 3 3 1 4 4 3 1 3 2 1 1 4 1 2 1 4 1 1 2 3 3 4 1 2 1 2 1 4 1 3 1 3 2 3 3 4 1 3 4 2 4 3 3 3 1 1 3 4 1 1 1 2 1 4 1 3 4 1 1 2 1 1 4 1 4 1 4 1 3 4 4 4 1 1 1 4 1 3
292 0.070594 3 2 3 1 2 3 1 3 3 1 3 3 4 4 3 2 1 3 3 3 1 4 2 3 1 3 2 1 1 4 1 2 1 4 1 1 4 3 3 4 1 2 1 4 1 4 1 3 1 3 2 3 3 4 1 3 4 2 4 1 3 3 1 1 3 4 1 1 1 2 1 4 1 3 4 1 1 2 1 1 4 1 4 1 4 1 3 4 4 4 1 1 1 4 1 3
292 0.089703 3 2 3 1 4 3 1 3 3 3 3 3 4 1 3 2 1 3 3 3 1 4 4 3 1 3 2 1 1 4 1 2 1 3 1 1 2 3 3 4 1 2 3 2 1 4 1 3 1 3 2 3 3 4 1 3 4 2 4 3 3 3 1 1 3 4 1 1 1 2 1 4 1 3 4 1 1 2 1 1 4 1 4 1 4 3 3 4 4 4 1 1 1 4 1 3
292 0.089703 3 2 3 3 4 3 1 1 3 3 3 3 4 1 3 4 2 1 3 3 1 2 2 1 1 3 2 1 1 3 1 4 1 4 4 1 2 3 3 4 1 4 1 2 1 4 1 3 1 3 2 3 3 4 3 3 4 2 4 3 3 0 0 0 0 0 0 0 0 0 0 0 0 0 0 0 0 0 0 1 4 1 4 1 4 1 3 4 4 4 3 1 1 4 1 3
293 0.087010 1 2 1 3 4 3 1 3 3 3 3 3 4 1 3 2 1 3 3 3 1 4 2 3 1 3 2 1 1 4 1 2 1 4 4 1 2 3 3 1 1 2 1 2 1 2 1 1 1 3 2 1 3 3 1 3 4 2 2 3 1 3 1 1 3 4 1 1 1 2 1 4 1 3 4 1 1 2 1 3 4 1 4 1 4 1 3 4 4 4 1 1 1 4 1 3
293 0.075980 3 4 3 3 2 3 1 3 3 3 3 3 4 1 1 2 1 3 3 3 1 4 4 3 1 3 2 1 1 4 1 2 1 4 1 1 2 3 3 4 1 2 1 2 1 4 1 3 1 3 2 3 3 4 1 3 4 2 4 3 3 3 1 1 3 4 1 1 1 2 1 4 1 3 4 1 1 2 1 1 4 1 4 1 4 1 3 4 4 4 1 1 1 4 1 3
293 0.087010 3 2 3 3 4 3 1 3 3 3 3 3 4 1 3 2 1 3 3 3 1 4 2 3 1 3 2 1 1 4 1 2 1 4 1 1 2 3 3 4 1 2 1 2 1 4 1 3 1 3 2 3 3 4 1 3 4 2 4 3 3 3 1 1 3 4 1 1 1 2 1 4 1 3 4 1 1 2 1 1 4 1 4 1 4 1 3 4 4 4 1 1 1 4 1 3
293 0.087010 3 2 3 3 4 3 1 3 3 3 3 3 4 1 3 2 1 3 3 3 1 4 2 3 1 3 2 1 1 4 1 2 3 4 4 1 2 3 3 4 3 2 1 2 1 4 1 3 1 3 2 3 3 4 1 3 4 4 4 3 3 3 1 1 3 4 1 1 1 2 1 4 1 3 4 1 1 2 1 1 4 3 4 1 4 1 3 4 4 4 1 1 1 4 1 3
293 0.087010 3 2 3 3 4 3 1 3 3 3 3 3 4 1 3 2 1 3 3 3 1 4 2 3 1 3 2 1 1 4 1 2 1 4 4 1 2 3 3 4 3 2 1 2 1 4 1 3 1 3 2 3 3 4 1 3 4 2 4 3 3 3 1 1 3 4 1 1 1 2 1 4 1 3 4 1 1 2 1 1 4 1 4 1 4 1 3 4 4 4 1 1 1 4 1 3
293 0.075980 3 2 3 3 2 3 1 3 3 3 3 3 4 1 3 2 1 3 3 3 1 4 2 3 1 3 2 1 1 4 1 2 1 4 4 1 2 3 3 4 1 2 1 2 1 4 1 3 1 3 2 3 3 4 1 3 4 2 4 3 3 3 1 1 3 4 1 1 1 2 1 4 1 3 4 1 1 2 1 1 4 1 4 1 4 1 3 4 4 4 1 1 1 4 1 3
293 0.087010 3 2 3 3 4 3 1 3 3 3 3 3 4 1 3 2 1 3 1 3 1 4 2 3 1 3 2 1 1 4 3 2 1 4 4 1 2 3 3 4 1 2 1 2 1 4 1 3 1 3 2 3 3 4 1 3 4 2 4 3 3 3 1 1 3 4 1 1 1 2 1 4 1 3 4 1 1 2 1 1 4 1 4 1 4 1 3 4 2 4 1 1 1 4 1 3
293 0.087010 3 2 3 1 4 3 1 3 3 3 3 3 4 1 3 2 1 3 3 3 1 4 4 3 1 3 2 1 1 4 1 2 1 3 1 1 2 3 3 4 1 2 3 2 1 4 1 3 1 3 2 3 3 4 1 3 4 2 4 3 3 3 1 1 3 4 1 1 1 2 1 4 1 3 4 1 1 2 1 1 4 1 4 1 4 3 3 4 4 4 1 1 3 4 1 3
293 0.075980 3 4 3 3 2 3 1 3 3 3 3 3 3 1 1 2 1 3 3 3 1 4 4 3 1 3 2 1 1 4 1 2 1 4 1 1 2 3 3 4 1 2 1 2 1 4 1 3 1 3 2 3 3 4 1 3 4 2 4 3 3 3 1 1 3 4 1 1 1 2 1 4 1 3 4 1 1 2 1 1 4 1 4 1 4 1 3 4 4 4 1 1 1 4 1 3
293 0.075980 3 2 3 1 2 3 1 3 3 1 3 3 4 4 3 2 1 3 3 3 1 4 2 3 1 3 2 1 1 4 1 2 1 4 1 1 4 3 3 4 1 2 1 4 1 4 1 3 1 3 2 3 3 4 1 3 4 2 4 1 3 3 1 1 3 4 1 1 1 2 1 4 1 3 4 1 1 2 1 1 4 1 4 1 4 1 3 4 4 4 1 1 1 4 1 3
293 0.087010 3 2 3 1 4 3 1 3 3 3 3 3 4 1 3 2 1 3 3 3 1 4 4 3 1 3 2 1 1 4 1 2 1 3 1 1 2 3 3 4 1 2 3 2 1 4 1 3 1 3 2 3 3 4 1 3 4 2 4 3 3 3 1 1 3 4 1 1 1 2 1 4 1 3 4 1 1 2 1 1 4 1 4 1 4 3 3 4 4 4 1 1 1 4 1 3
293 0.087010 3 2 3 3 4 3 1 1 3 3 3 3 4 1 3 4 2 1 3 3 1 2 2 1 1 3 2 1 1 3 1 4 1 4 4 1 2 3 3 4 1 4 1 2 1 4 1 3 1 3 2 3 3 4 3 3 4 2 4 3 3 0 0 0 0 0 0 0 0 0 0 0 0 0 0 0 0 0 0 1 4 1 4 1 4 1 3 4 4 4 3 1 1 4 1 3
294 0.084209 1 2 1 3 4 3 1 3 3 3 3 3 4 1 3 2 1 3 3 3 1 4 2 3 1 3 2 1 1 4 1 2 1 4 4 1 2 3 3 1 1 2 1 2 1 2 1 1 1 3 2 1 3 3 1 3 4 2 2 3 1 3 1 1 3 4 1 1 1 2 1 4 1 3 4 1 1 2 1 3 4 1 4 1 4 1 3 4 4 4 1 1 1 4 1 3
294 0.081582 3 4 3 3 2 3 1 3 3 3 3 3 4 1 1 2 1 3 3 3 1 4 4 3 1 3 2 1 1 4 1 2 1 4 1 1 2 3 3 4 1 2 1 2 1 4 1 3 1 3 2 3 3 4 1 3 4 2 4 3 3 3 1 1 3 4 1 1 1 2 1 4 1 3 4 1 1 2 1 1 4 1 4 1 4 1 3 4 4 4 1 1 1 4 1 3
294 0.084209 3 2 3 3 4 3 1 3 3 3 3 3 4 1 3 2 1 3 3 3 1 4 2 3 1 3 2 1 1 4 1 2 1 4 1 1 2 3 3 4 1 2 1 2 1 4 1 3 1 3 2 3 3 4 1 3 4 2 4 3 3 3 1 1 3 4 1 1 1 2 1 4 1 3 4 1 1 2 1 1 4 1 4 1 4 1 3 4 4 4 1 1 1 4 1 3
294 0.084209 3 2 3 3 4 3 1 3 3 3 3 3 4 1 3 2 1 3 3 3 1 4 2 3 1 3 2 1 1 4 1 2 3 4 4 1 2 3 3 4 3 2 1 2 1 4 1 3 1 3 2 3 3 4 1 3 4 4 4 3 3 3 1 1 3 4 1 1 1 2 1 4 1 3 4 1 1 2 1 1 4 3 4 1 4 1 3 4 4 4 1 1 1 4 1 3
294 0.084209 3 2 3 3 4 3 1 3 3 3 3 3 4 1 3 2 1 3 3 3 1 4 2 3 1 3 2 1 1 4 1 2 1 4 4 1 2 3 3 4 3 2 1 2 1 4 1 3 1 3 2 3 3 4 1 3 4 2 4 3 3 3 1 1 3 4 1 1 1 2 1 4 1 3 4 1 1 2 1 1 4 1 4 1 4 1 3 4 4 4 1 1 1 4 1 3
294 0.081582 3 2 3 3 2 3 1 3 3 3 3 3 4 1 3 2 1 3 3 3 1 4 2 3 1 3 2 1 1 4 1 2 1 4 4 1 2 3 3 4 1 2 1 2 1 4 1 3 1 3 2 3 3 4 1 3 4 2 4 3 3 3 1 1 3 4 1 1 1 2 1 4 1 3 4 1 1 2 1 1 4 1 4 1 4 1 3 4 4 4 1 1 1 4 1 3
294 0.084209 3 2 3 3 4 3 1 3 3 3 3 3 4 1 3 2 1 3 1 3 1 4 2 3 1 3 2 1 1 4 3 2 1 4 4 1 2 3 3 4 1 2 1 2 1 4 1 3 1 3 2 3 3 4 1 3 4 2 4 3 3 3 1 1 3 4 1 1 1 2 1 4 1 3 4 1 1 2 1 1 4 1 4 1 4 1 3 4 2 4 1 1 1 4 1 3
294 0.084209 3 2 3 1 4 3 1 3 3 3 3 3 4 1 3 2 1 3 3 3 1 4 4 3 1 3 2 1 1 4 1 2 1 3 1 1 2 3 3 4 1 2 3 2 1 4 1 3 1 3 2 3 3 4 1 3 4 2 4 3 3 3 1 1 3 4 1 1 1 2 1 4 1 3 4 1 1 2 1 1 4 1 4 1 4 3 3 4 4 4 1 1 3 4 1 3
294 0.081582 3 4 3 3 2 3 1 3 3 3 3 3 3 1 1 2 1 3 3 3 1 4 4 3 1 3 2 1 1 4 1 2 1 4 1 1 2 3 3 4 1 2 1 2 1 4 1 3 1 3 2 3 3 4 1 3 4 2 4 3 3 3 1 1 3 4 1 1 1 2 1 4 1 3 4 1 1 2 1 1 4 1 4 1 4 1 3 4 4 4 1 1 1 4 1 3
294 0.081582 3 2 3 1 2 3 1 3 3 1 3 3 4 4 3 2 1 3 3 3 1 4 2 3 1 3 2 1 1 4 1 2 1 4 1 1 4 3 3 4 1 2 1 4 1 4 1 3 1 3 2 3 3 4 1 3 4 2 4 1 3 3 1 1 3 4 1 1 1 2 1 4 1 3 4 1 1 2 1 1 4 1 4 1 4 1 3 4 4 4 1 1 1 4 1 3
294 0.084209 3 2 3 1 4 3 1 3 3 3 3 3 4 1 3 2 1 3 3 3 1 4 4 3 1 3 2 1 1 4 1 2 1 3 1 1 2 3 3 4 1 2 3 2 1 4 1 3 1 3 2 3 3 4 1 3 4 2 4 3 3 3 1 1 3 4 1 1 1 2 1 4 1 3 4 1 1 2 1 1 4 1 4 1 4 3 3 4 4 4 1 1 1 4 1 3
294 0.084209 3 2 3 3 4 3 1 1 3 3 3 3 4 1 3 4 2 1 3 3 1 2 2 1 1 3 2 1 1 3 1 4 1 4 4 1 2 3 3 4 1 4 1 2 1 4 1 3 1 3 2 3 3 4 3 3 4 2 4 3 3 0 0 0 0 0 0 0 0 0 0 0 0 0 0 0 0 0 0 1 4 1 4 1 4 1 3 4 4 4 3 1 1 4 1 3
295 0.081308 1 2 1 3 4 3 1 3 3 3 3 3 4 1 3 2 1 3 3 3 1 4 2 3 1 3 2 1 1 4 1 2 1 4 4 1 2 3 3 1 1 2 1 2 1 2 1 1 1 3 2 1 3 3 1 3 4 2 2 3 1 3 1 1 3 4 1 1 1 2 1 4 1 3 4 1 1 2 1 3 4 1 4 1 4 1 3 4 4 4 1 1 1 4 1 3
295 0.087383 3 4 3 3 2 3 1 3 3 3 3 3 4 1 1 2 1 3 3 3 1 4 4 3 1 3 2 1 1 4 1 2 1 4 1 1 2 3 3 4 1 2 1 2 1 4 1 3 1 3 2 3 3 4 1 3 4 2 4 3 3 3 1 1 3 4 1 1 1 2 1 4 1 3 4 1 1 2 1 1 4 1 4 1 4 1 3 4 4 4 1 1 1 4 1 3
295 0.081308 3 2 3 3 4 3 1 3 3 3 3 3 4 1 3 2 1 3 3 3 1 4 2 3 1 3 2 1 1 4 1 2 1 4 1 1 2 3 3 4 1 2 1 2 1 4 1 3 1 3 2 3 3 4 1 3 4 2 4 3 3 3 1 1 3 4 1 1 1 2 1 4 1 3 4 1 1 2 1 1 4 1 4 1 4 1 3 4 4 4 1 1 1 4 1 3
295 0.081308 3 2 3 3 4 3 1 3 3 3 3 3 4 1 3 2 1 3 3 3 1 4 2 3 1 3 2 1 1 4 1 2 3 4 4 1 2 3 3 4 3 2 1 2 1 4 1 3 1 3 2 3 3 4 1 3 4 4 4 3 3 3 1 1 3 4 1 1 1 2 1 4 1 3 4 1 1 2 1 1 4 3 4 1 4 1 3 4 4 4 1 1 1 4 1 3
295 0.081308 3 2 3 3 4 3 1 3 3 3 3 3 4 1 3 2 1 3 3 3 1 4 2 3 1 3 2 1 1 4 1 2 1 4 4 1 2 3 3 4 3 2 1 2 1 4 1 3 1 3 2 3 3 4 1 3 4 2 4 3 3 3 1 1 3 4 1 1 1 2 1 4 1 3 4 1 1 2 1 1 4 1 4 1 4 1 3 4 4 4 1 1 1 4 1 3
295 0.087383 3 2 3 3 2 3 1 3 3 3 3 3 4 1 3 2 1 3 3 3 1 4 2 3 1 3 2 1 1 4 1 2 1 4 4 1 2 3 3 4 1 2 1 2 1 4 1 3 1 3 2 3 3 4 1 3 4 2 4 3 3 3 1 1 3 4 1 1 1 2 1 4 1 3 4 1 1 2 1 1 4 1 4 1 4 1 3 4 4 4 1 1 1 4 1 3
295 0.081308 3 2 3 3 4 3 1 3 3 3 3 3 4 1 3 2 1 3 1 3 1 4 2 3 1 3 2 1 1 4 3 2 1 4 4 1 2 3 3 4 1 2 1 2 1 4 1 3 1 3 2 3 3 4 1 3 4 2 4 3 3 3 1 1 3 4 1 1 1 2 1 4 1 3 4 1 1 2 1 1 4 1 4 1 4 1 3 4 2 4 1 1 1 4 1 3
295 0.081308 3 2 3 1 4 3 1 3 3 3 3 3 4 1 3 2 1 3 3 3 1 4 4 3 1 3 2 1 1 4 1 2 1 3 1 1 2 3 3 4 1 2 3 2 1 4 1 3 1 3 2 3 3 4 1 3 4 2 4 3 3 3 1 1 3 4 1 1 1 2 1 4 1 3 4 1 1 2 1 1 4 1 4 1 4 3 3 4 4 4 1 1 3 4 1 3
295 0.087383 3 4 3 3 2 3 1 3 3 3 3 3 3 1 1 2 1 3 3 3 1 4 4 3 1 3 2 1 1 4 1 2 1 4 1 1 2 3 3 4 1 2 1 2 1 4 1 3 1 3 2 3 3 4 1 3 4 2 4 3 3 3 1 1 3 4 1 1 1 2 1 4 1 3 4 1 1 2 1 1 4 1 4 1 4 1 3 4 4 4 1 1 1 4 1 3
295 0.087383 3 2 3 1 2 3 1 3 3 1 3 3 4 4 3 2 1 3 3 3 1 4 2 3 1 3 2 1 1 4 1 2 1 4 1 1 4 3 3 4 1 2 1 4 1 4 1 3 1 3 2 3 3 4 1 3 4 2 4 1 3 3 1 1 3 4 1 1 1 2 1 4 1 3 4 1 1 2 1 1 4 1 4 1 4 1 3 4 4 4 1 1 1 4 1 3
295 0.081308 3 2 3 1 4 3 1 3 3 3 3 3 4 1 3 2 1 3 3 3 1 4 4 3 1 3 2 1 1 4 1 2 1 3 1 1 2 3 3 4 1 2 3 2 1 4 1 3 1 3 2 3 3 4 1 3 4 2 4 3 3 3 1 1 3 4 1 1 1 2 1 4 1 3 4 1 1 2 1 1 4 1 4 1 4 3 3 4 4 4 1 1 1 4 1 3
295 0.081308 3 2 3 3 4 3 1 1 3 3 3 3 4 1 3 4 2 1 3 3 1 2 2 1 1 3 2 1 1 3 1 4 1 4 4 1 2 3 3 4 1 4 1 2 1 4 1 3 1 3 2 3 3 4 3 3 4 2 4 3 3 0 0 0 0 0 0 0 0 0 0 0 0 0 0 0 0 0 0 1 4 1 4 1 4 1 3 4 4 4 3 1 1 4 1 3
296 0.078319 1 2 1 3 4 3 1 3 3 3 3 3 4 1 3 2 1 3 3 3 1 4 2 3 1 3 2 1 1 4 1 2 1 4 4 1 2 3 3 1 1 2 1 2 1 2 1 1 1 3 2 1 3 3 1 3 4 2 2 3 1 3 1 1 3 4 1 1 1 2 1 4 1 3 4 1 1 2 1 3 4 1 4 1 4 1 3 4 4 4 1 1 1 4 1 3
296 0.093363 3 4 3 3 2 3 1 3 3 3 3 3 4 1 1 2 1 3 3 3 1 4 4 3 1 3 2 1 1 4 1 2 1 4 1 1 2 3 3 4 1 2 1 2 1 4 1 3 1 3 2 3 3 4 1 3 4 2 4 3 3 3 1 1 3 4 1 1 1 2 1 4 1 3 4 1 1 2 1 1 4 1 4 1 4 1 3 4 4 4 1 1 1 4 1 3
296 0.078319 3 2 3 3 4 3 1 3 3 3 3 3 4 1 3 2 1 3 3 3 1 4 2 3 1 3 2 1 1 4 1 2 1 4 1 1 2 3 3 4 1 2 1 2 1 4 1 3 1 3 2 3 3 4 1 3 4 2 4 3 3 3 1 1 3 4 1 1 1 2 1 4 1 3 4 1 1 2 1 1 4 1 4 1 4 1 3 4 4 4 1 1 1 4 1 3
296 0.078319 3 2 3 3 4 3 1 3 3 3 3 3 4 1 3 2 1 3 3 3 1 4 2 3 1 3 2 1 1 4 1 2 3 4 4 1 2 3 3 4 3 2 1 2 1 4 1 3 1 3 2 3 3 4 1 3 4 4 4 3 3 3 1 1 3 4 1 1 1 2 1 4 1 3 4 1 1 2 1 1 4 3 4 1 4 1 3 4 4 4 1 1 1 4 1 3
296 0.078319 3 2 3 3 4 3 1 3 3 3 3 3 4 1 3 2 1 3 3 3 1 4 2 3 1 3 2 1 1 4 1 2 1 4 4 1 2 3 3 4 3 2 1 2 1 4 1 3 1 3 2 3 3 4 1 3 4 2 4 3 3 3 1 1 3 4 1 1 1 2 1 4 1 3 4 1 1 2 1 1 4 1 4 1 4 1 3 4 4 4 1 1 1 4 1 3
296 0.093363 3 2 3 3 2 3 1 3 3 3 3 3 4 1 3 2 1 3 3 3 1 4 2 3 1 3 2 1 1 4 1 2 1 4 4 1 2 3 3 4 1 2 1 2 1 4 1 3 1 3 2 3 3 4 1 3 4 2 4 3 3 3 1 1 3 4 1 1 1 2 1 4 1 3 4 1 1 2 1 1 4 1 4 1 4 1 3 4 4 4 1 1 1 4 1 3
296 0.078319 3 2 3 3 4 3 1 3 3 3 3 3 4 1 3 2 1 3 1 3 1 4 2 3 1 3 2 1 1 4 3 2 1 4 4 1 2 3 3 4 1 2 1 2 1 4 1 3 1 3 2 3 3 4 1 3 4 2 4 3 3 3 1 1 3 4 1 1 1 2 1 4 1 3 4 1 1 2 1 1 4 1 4 1 4 1 3 4 2 4 1 1 1 4 1 3
296 0.078319 3 2 3 1 4 3 1 3 3 3 3 3 4 1 3 2 1 3 3 3 1 4 4 3 1 3 2 1 1 4 1 2 1 3 1 1 2 3 3 4 1 2 3 2 1 4 1 3 1 3 2 3 3 4 1 3 4 2 4 3 3 3 1 1 3 4 1 1 1 2 1 4 1 3 4 1 1 2 1 1 4 1 4 1 4 3 3 4 4 4 1 1 3 4 1 3
296 0.093363 3 4 3 3 2 3 1 3 3 3 3 3 3 1 1 2 1 3 3 3 1 4 4 3 1 3 2 1 1 4 1 2 1 4 1 1 2 3 3 4 1 2 1 2 1 4 1 3 1 3 2 3 3 4 1 3 4 2 4 3 3 3 1 1 3 4 1 1 1 2 1 4 1 3 4 1 1 2 1 1 4 1 4 1 4 1 3 4 4 4 1 1 1 4 1 3
296 0.093363 3 2 3 1 2 3 1 3 3 1 3 3 4 4 3 2 1 3 3 3 1 4 2 3 1 3 2 1 1 4 1 2 1 4 1 1 4 3 3 4 1 2 1 4 1 4 1 3 1 3 2 3 3 4 1 3 4 2 4 1 3 3 1 1 3 4 1 1 1 2 1 4 1 3 4 1 1 2 1 1 4 1 4 1 4 1 3 4 4 4 1 1 1 4 1 3
296 0.078319 3 2 3 1 4 3 1 3 3 3 3 3 4 1 3 2 1 3 3 3 1 4 4 3 1 3 2 1 1 4 1 2 1 3 1 1 2 3 3 4 1 2 3 2 1 4 1 3 1 3 2 3 3 4 1 3 4 2 4 3 3 3 1 1 3 4 1 1 1 2 1 4 1 3 4 1 1 2 1 1 4 1 4 1 4 3 3 4 4 4 1 1 1 4 1 3
296 0.078319 3 2 3 3 4 3 1 1 3 3 3 3 4 1 3 4 2 1 3 3 1 2 2 1 1 3 2 1 1 3 1 4 1 4 4 1 2 3 3 4 1 4 1 2 1 4 1 3 1 3 2 3 3 4 3 3 4 2 4 3 3 0 0 0 0 0 0 0 0 0 0 0 0 0 0 0 0 0 0 1 4 1 4 1 4 1 3 4 4 4 3 1 1 4 1 3
297 0.075252 1 2 1 3 4 3 1 3 3 3 3 3 4 1 3 2 1 3 3 3 1 4 2 3 1 3 2 1 1 4 1 2 1 4 4 1 2 3 3 1 1 2 1 2 1 2 1 1 1 3 2 1 3 3 1 3 4 2 2 3 1 3 1 1 3 4 1 1 1 2 1 4 1 3 4 1 1 2 1 3 4 1 4 1 4 1 3 4 4 4 1 1 1 4 1 3
297 0.099497 3 4 3 3 2 3 1 3 3 3 3 3 4 1 1 2 1 3 3 3 1 4 4 3 1 3 2 1 1 4 1 2 1 4 1 1 2 3 3 4 1 2 1 2 1 4 1 3 1 3 2 3 3 4 1 3 4 2 4 3 3 3 1 1 3 4 1 1 1 2 1 4 1 3 4 1 1 2 1 1 4 1 4 1 4 1 3 4 4 4 1 1 1 4 1 3
297 0.075252 3 2 3 3 4 3 1 3 3 3 3 3 4 1 3 2 1 3 3 3 1 4 2 3 1 3 2 1 1 4 1 2 1 4 1 1 2 3 3 4 1 2 1 2 1 4 1 3 1 3 2 3 3 4 1 3 4 2 4 3 3 3 1 1 3 4 1 1 1 2 1 4 1 3 4 1 1 2 1 1 4 1 4 1 4 1 3 4 4 4 1 1 1 4 1 3
297 0.075252 3 2 3 3 4 3 1 3 3 3 3 3 4 1 3 2 1 3 3 3 1 4 2 3 1 3 2 1 1 4 1 2 3 4 4 1 2 3 3 4 3 2 1 2 1 4 1 3 1 3 2 3 3 4 1 3 4 4 4 3 3 3 1 1 3 4 1 1 1 2 1 4 1 3 4 1 1 2 1 1 4 3 4 1 4 1 3 4 4 4 1 1 1 4 1 3
297 0.075252 3 2 3 3 4 3 1 3 3 3 3 3 4 1 3 2 1 3 3 3 1 4 2 3 1 3 2 1 1 4 1 2 1 4 4 1 2 3 3 4 3 2 1 2 1 4 1 3 1 3 2 3 3 4 1 3 4 2 4 3 3 3 1 1 3 4 1 1 1 2 1 4 1 3 4 1 1 2 1 1 4 1 4 1 4 1 3 4 4 4 1 1 1 4 1 3
297 0.099497 3 2 3 3 2 3 1 3 3 3 3 3 4 1 3 2 1 3 3 3 1 4 2 3 1 3 2 1 1 4 1 2 1 4 4 1 2 3 3 4 1 2 1 2 1 4 1 3 1 3 2 3 3 4 1 3 4 2 4 3 3 3 1 1 3 4 1 1 1 2 1 4 1 3 4 1 1 2 1 1 4 1 4 1 4 1 3 4 4 4 1 1 1 4 1 3
297 0.075252 3 2 3 3 4 3 1 3 3 3 3 3 4 1 3 2 1 3 1 3 1 4 2 3 1 3 2 1 1 4 3 2 1 4 4 1 2 3 3 4 1 2 1 2 1 4 1 3 1 3 2 3 3 4 1 3 4 2 4 3 3 3 1 1 3 4 1 1 1 2 1 4 1 3 4 1 1 2 1 1 4 1 4 1 4 1 3 4 2 4 1 1 1 4 1 3
297 0.075252 3 2 3 1 4 3 1 3 3 3 3 3 4 1 3 2 1 3 3 3 1 4 4 3 1 3 2 1 1 4 1 2 1 3 1 1 2 3 3 4 1 2 3 2 1 4 1 3 1 3 2 3 3 4 1 3 4 2 4 3 3 3 1 1 3 4 1 1 1 2 1 4 1 3 4 1 1 2 1 1 4 1 4 1 4 3 3 4 4 4 1 1 3 4 1 3
297 0.099497 3 4 3 3 2 3 1 3 3 3 3 3 3 1 1 2 1 3 3 3 1 4 4 3 1 3 2 1 1 4 1 2 1 4 1 1 2 3 3 4 1 2 1 2 1 4 1 3 1 3 2 3 3 4 1 3 4 2 4 3 3 3 1 1 3 4 1 1 1 2 1 4 1 3 4 1 1 2 1 1 4 1 4 1 4 1 3 4 4 4 1 1 1 4 1 3
297 0.099497 3 2 3 1 2 3 1 3 3 1 3 3 4 4 3 2 1 3 3 3 1 4 2 3 1 3 2 1 1 4 1 2 1 4 1 1 4 3 3 4 1 2 1 4 1 4 1 3 1 3 2 3 3 4 1 3 4 2 4 1 3 3 1 1 3 4 1 1 1 2 1 4 1 3 4 1 1 2 1 1 4 1 4 1 4 1 3 4 4 4 1 1 1 4 1 3
297 0.075252 3 2 3 1 4 3 1 3 3 3 3 3 4 1 3 2 1 3 3 3 1 4 4 3 1 3 2 1 1 4 1 2 1 3 1 1 2 3 3 4 1 2 3 2 1 4 1 3 1 3 2 3 3 4 1 3 4 2 4 3 3 3 1 1 3 4 1 1 1 2 1 4 1 3 4 1 1 2 1 1 4 1 4 1 4 3 3 4 4 4 1 1 1 4 1 3
297 0.075252 3 2 3 3 4 3 1 1 3 3 3 3 4 1 3 4 2 1 3 3 1 2 2 1 1 3 2 1 1 3 1 4 1 4 4 1 2 3 3 4 1 4 1 2 1 4 1 3 1 3 2 3 3 4 3 3 4 2 4 3 3 0 0 0 0 0 0 0 0 0 0 0 0 0 0 0 0 0 0 1 4 1 4 1 4 1 3 4 4 4 3 1 1 4 1 3
298 0.072121 1 2 1 3 4 3 1 3 3 3 3 3 4 1 3 2 1 3 3 3 1 4 2 3 1 3 2 1 1 4 1 2 1 4 4 1 2 3 3 1 1 2 1 2 1 2 1 1 1 3 2 1 3 3 1 3 4 2 2 3 1 3 1 1 3 4 1 1 1 2 1 4 1 3 4 1 1 2 1 3 4 1 4 1 4 1 3 4 4 4 1 1 1 4 1 3
298 0.105758 3 4 3 3 2 3 1 3 3 3 3 3 4 1 1 2 1 3 3 3 1 4 4 3 1 3 2 1 1 4 1 2 1 4 1 1 2 3 3 4 1 2 1 2 1 4 1 3 1 3 2 3 3 4 1 3 4 2 4 3 3 3 1 1 3 4 1 1 1 2 1 4 1 3 4 1 1 2 1 1 4 1 4 1 4 1 3 4 4 4 1 1 1 4 1 3
298 0.072121 3 2 3 3 4 3 1 3 3 3 3 3 4 1 3 2 1 3 3 3 1 4 2 3 1 3 2 1 1 4 1 2 1 4 1 1 2 3 3 4 1 2 1 2 1 4 1 3 1 3 2 3 3 4 1 3 4 2 4 3 3 3 1 1 3 4 1 1 1 2 1 4 1 3 4 1 1 2 1 1 4 1 4 1 4 1 3 4 4 4 1 1 1 4 1 3
298 0.072121 3 2 3 3 4 3 1 3 3 3 3 3 4 1 3 2 1 3 3 3 1 4 2 3 1 3 2 1 1 4 1 2 3 4 4 1 2 3 3 4 3 2 1 2 1 4 1 3 1 3 2 3 3 4 1 3 4 4 4 3 3 3 1 1 3 4 1 1 1 2 1 4 1 3 4 1 1 2 1 1 4 3 4 1 4 1 3 4 4 4 1 1 1 4 1 3
298 0.072121 3 2 3 3 4 3 1 3 3 3 3 3 4 1 3 2 1 3 3 3 1 4 2 3 1 3 2 1 1 4 1 2 1 4 4 1 2 3 3 4 3 2 1 2 1 4 1 3 1 3 2 3 3 4 1 3 4 2 4 3 3 3 1 1 3 4 1 1 1 2 1 4 1 3 4 1 1 2 1 1 4 1 4 1 4 1 3 4 4 4 1 1 1 4 1 3
298 0.105758 3 2 3 3 2 3 1 3 3 3 3 3 4 1 3 2 1 3 3 3 1 4 2 3 1 3 2 1 1 4 1 2 1 4 4 1 2 3 3 4 1 2 1 2 1 4 1 3 1 3 2 3 3 4 1 3 4 2 4 3 3 3 1 1 3 4 1 1 1 2 1 4 1 3 4 1 1 2 1 1 4 1 4 1 4 1 3 4 4 4 1 1 1 4 1 3
298 0.072121 3 2 3 3 4 3 1 3 3 3 3 3 4 1 3 2 1 3 1 3 1 4 2 3 1 3 2 1 1 4 3 2 1 4 4 1 2 3 3 4 1 2 1 2 1 4 1 3 1 3 2 3 3 4 1 3 4 2 4 3 3 3 1 1 3 4 1 1 1 2 1 4 1 3 4 1 1 2 1 1 4 1 4 1 4 1 3 4 2 4 1 1 1 4 1 3
298 0.072121 3 2 3 1 4 3 1 3 3 3 3 3 4 1 3 2 1 3 3 3 1 4 4 3 1 3 2 1 1 4 1 2 1 3 1 1 2 3 3 4 1 2 3 2 1 4 1 3 1 3 2 3 3 4 1 3 4 2 4 3 3 3 1 1 3 4 1 1 1 2 1 4 1 3 4 1 1 2 1 1 4 1 4 1 4 3 3 4 4 4 1 1 3 4 1 3
298 0.105758 3 4 3 3 2 3 1 3 3 3 3 3 3 1 1 2 1 3 3 3 1 4 4 3 1 3 2 1 1 4 1 2 1 4 1 1 2 3 3 4 1 2 1 2 1 4 1 3 1 3 2 3 3 4 1 3 4 2 4 3 3 3 1 1 3 4 1 1 1 2 1 4 1 3 4 1 1 2 1 1 4 1 4 1 4 1 3 4 4 4 1 1 1 4 1 3
298 0.105758 3 2 3 1 2 3 1 3 3 1 3 3 4 4 3 2 1 3 3 3 1 4 2 3 1 3 2 1 1 4 1 2 1 4 1 1 4 3 3 4 1 2 1 4 1 4 1 3 1 3 2 3 3 4 1 3 4 2 4 1 3 3 1 1 3 4 1 1 1 2 1 4 1 3 4 1 1 2 1 1 4 1 4 1 4 1 3 4 4 4 1 1 1 4 1 3
298 0.072121 3 2 3 1 4 3 1 3 3 3 3 3 4 1 3 2 1 3 3 3 1 4 4 3 1 3 2 1 1 4 1 2 1 3 1 1 2 3 3 4 1 2 3 2 1 4 1 3 1 3 2 3 3 4 1 3 4 2 4 3 3 3 1 1 3 4 1 1 1 2 1 4 1 3 4 1 1 2 1 1 4 1 4 1 4 3 3 4 4 4 1 1 1 4 1 3
298 0.072121 3 2 3 3 4 3 1 1 3 3 3 3 4 1 3 4 2 1 3 3 1 2 2 1 1 3 2 1 1 3 1 4 1 4 4 1 2 3 3 4 1 4 1 2 1 4 1 3 1 3 2 3 3 4 3 3 4 2 4 3 3 0 0 0 0 0 0 0 0 0 0 0 0 0 0 0 0 0 0 1 4 1 4 1 4 1 3 4 4 4 3 1 1 4 1 3
299 0.068942 1 2 1 3 4 3 1 3 3 3 3 3 4 1 3 2 1 3 3 3 1 4 2 3 1 3 2 1 1 4 1 2 1 4 4 1 2 3 3 1 1 2 1 2 1 2 1 1 1 3 2 1 3 3 1 3 4 2 2 3 1 3 1 1 3 4 1 1 1 2 1 4 1 3 4 1 1 2 1 3 4 1 4 1 4 1 3 4 4 4 1 1 1 4 1 3
299 0.112117 3 4 3 3 2 3 1 3 3 3 3 3 4 1 1 2 1 3 3 3 1 4 4 3 1 3 2 1 1 4 1 2 1 4 1 1 2 3 3 4 1 2 1 2 1 4 1 3 1 3 2 3 3 4 1 3 4 2 4 3 3 3 1 1 3 4 1 1 1 2 1 4 1 3 4 1 1 2 1 1 4 1 4 1 4 1 3 4 4 4 1 1 1 4 1 3
299 0.068942 3 2 3 3 4 3 1 3 3 3 3 3 4 1 3 2 1 3 3 3 1 4 2 3 1 3 2 1 1 4 1 2 1 4 1 1 2 3 3 4 1 2 1 2 1 4 1 3 1 3 2 3 3 4 1 3 4 2 4 3 3 3 1 1 3 4 1 1 1 2 1 4 1 3 4 1 1 2 1 1 4 1 4 1 4 1 3 4 4 4 1 1 1 4 1 3
299 0.068942 3 2 3 3 4 3 1 3 3 3 3 3 4 1 3 2 1 3 3 3 1 4 2 3 1 3 2 1 1 4 1 2 3 4 4 1 2 3 3 4 3 2 1 2 1 4 1 3 1 3 2 3 3 4 1 3 4 4 4 3 3 3 1 1 3 4 1 1 1 2 1 4 1 3 4 1 1 2 1 1 4 3 4 1 4 1 3 4 4 4 1 1 1 4 1 3
299 0.068942 3 2 3 3 4 3 1 3 3 3 3 3 4 1 3 2 1 3 3 3 1 4 2 3 1 3 2 1 1 4 1 2 1 4 4 1 2 3 3 4 3 2 1 2 1 4 1 3 1 3 2 3 3 4 1 3 4 2 4 3 3 3 1 1 3 4 1 1 1 2 1 4 1 3 4 1 1 2 1 1 4 1 4 1 4 1 3 4 4 4 1 1 1 4 1 3
299 0.112117 3 2 3 3 2 3 1 3 3 3 3 3 4 1 3 2 1 3 3 3 1 4 2 3 1 3 2 1 1 4 1 2 1 4 4 1 2 3 3 4 1 2 1 2 1 4 1 3 1 3 2 3 3 4 1 3 4 2 4 3 3 3 1 1 3 4 1 1 1 2 1 4 1 3 4 1 1 2 1 1 4 1 4 1 4 1 3 4 4 4 1 1 1 4 1 3
299 0.068942 3 2 3 3 4 3 1 3 3 3 3 3 4 1 3 2 1 3 1 3 1 4 2 3 1 3 2 1 1 4 3 2 1 4 4 1 2 3 3 4 1 2 1 2 1 4 1 3 1 3 2 3 3 4 1 3 4 2 4 3 3 3 1 1 3 4 1 1 1 2 1 4 1 3 4 1 1 2 1 1 4 1 4 1 4 1 3 4 2 4 1 1 1 4 1 3
299 0.068942 3 2 3 1 4 3 1 3 3 3 3 3 4 1 3 2 1 3 3 3 1 4 4 3 1 3 2 1 1 4 1 2 1 3 1 1 2 3 3 4 1 2 3 2 1 4 1 3 1 3 2 3 3 4 1 3 4 2 4 3 3 3 1 1 3 4 1 1 1 2 1 4 1 3 4 1 1 2 1 1 4 1 4 1 4 3 3 4 4 4 1 1 3 4 1 3
299 0.112117 3 4 3 3 2 3 1 3 3 3 3 3 3 1 1 2 1 3 3 3 1 4 4 3 1 3 2 1 1 4 1 2 1 4 1 1 2 3 3 4 1 2 1 2 1 4 1 3 1 3 2 3 3 4 1 3 4 2 4 3 3 3 1 1 3 4 1 1 1 2 1 4 1 3 4 1 1 2 1 1 4 1 4 1 4 1 3 4 4 4 1 1 1 4 1 3
299 0.112117 3 2 3 1 2 3 1 3 3 1 3 3 4 4 3 2 1 3 3 3 1 4 2 3 1 3 2 1 1 4 1 2 1 4 1 1 4 3 3 4 1 2 1 4 1 4 1 3 1 3 2 3 3 4 1 3 4 2 4 1 3 3 1 1 3 4 1 1 1 2 1 4 1 3 4 1 1 2 1 1 4 1 4 1 4 1 3 4 4 4 1 1 1 4 1 3
299 0.068942 3 2 3 1 4 3 1 3 3 3 3 3 4 1 3 2 1 3 3 3 1 4 4 3 1 3 2 1 1 4 1 2 1 3 1 1 2 3 3 4 1 2 3 2 1 4 1 3 1 3 2 3 3 4 1 3 4 2 4 3 3 3 1 1 3 4 1 1 1 2 1 4 1 3 4 1 1 2 1 1 4 1 4 1 4 3 3 4 4 4 1 1 1 4 1 3
299 0.068942 3 2 3 3 4 3 1 1 3 3 3 3 4 1 3 4 2 1 3 3 1 2 2 1 1 3 2 1 1 3 1 4 1 4 4 1 2 3 3 4 1 4 1 2 1 4 1 3 1 3 2 3 3 4 3 3 4 2 4 3 3 0 0 0 0 0 0 0 0 0 0 0 0 0 0 0 0 0 0 1 4 1 4 1 4 1 3 4 4 4 3 1 1 4 1 3
300 0.065729 1 2 1 3 4 3 1 3 3 3 3 3 4 1 3 2 1 3 3 3 1 4 2 3 1 3 2 1 1 4 1 2 1 4 4 1 2 3 3 1 1 2 1 2 1 2 1 1 1 3 2 1 3 3 1 3 4 2 2 3 1 3 1 1 3 4 1 1 1 2 1 4 1 3 4 1 1 2 1 3 4 1 4 1 4 1 3 4 4 4 1 1 1 4 1 3
300 0.118542 3 4 3 3 2 3 1 3 3 3 3 3 4 1 1 2 1 3 3 3 1 4 4 3 1 3 2 1 1 4 1 2 1 4 1 1 2 3 3 4 1 2 1 2 1 4 1 3 1 3 2 3 3 4 1 3 4 2 4 3 3 3 1 1 3 4 1 1 1 2 1 4 1 3 4 1 1 2 1 1 4 1 4 1 4 1 3 4 4 4 1 1 1 4 1 3
300 0.065729 3 2 3 3 4 3 1 3 3 3 3 3 4 1 3 2 1 3 3 3 1 4 2 3 1 3 2 1 1 4 1 2 1 4 1 1 2 3 3 4 1 2 1 2 1 4 1 3 1 3 2 3 3 4 1 3 4 2 4 3 3 3 1 1 3 4 1 1 1 2 1 4 1 3 4 1 1 2 1 1 4 1 4 1 4 1 3 4 4 4 1 1 1 4 1 3
300 0.065729 3 2 3 3 4 3 1 3 3 3 3 3 4 1 3 2 1 3 3 3 1 4 2 3 1 3 2 1 1 4 1 2 3 4 4 1 2 3 3 4 3 2 1 2 1 4 1 3 1 3 2 3 3 4 1 3 4 4 4 3 3 3 1 1 3 4 1 1 1 2 1 4 1 3 4 1 1 2 1 1 4 3 4 1 4 1 3 4 4 4 1 1 1 4 1 3
300 0.065729 3 2 3 3 4 3 1 3 3 3 3 3 4 1 3 2 1 3 3 3 1 4 2 3 1 3 2 1 1 4 1 2 1 4 4 1 2 3 3 4 3 2 1 2 1 4 1 3 1 3 2 3 3 4 1 3 4 2 4 3 3 3 1 1 3 4 1 1 1 2 1 4 1 3 4 1 1 2 1 1 4 1 4 1 4 1 3 4 4 4 1 1 1 4 1 3
300 0.118542 3 2 3 3 2 3 1 3 3 3 3 3 4 1 3 2 1 3 3 3 1 4 2 3 1 3 2 1 1 4 1 2 1 4 4 1 2 3 3 4 1 2 1 2 1 4 1 3 1 3 2 3 3 4 1 3 4 2 4 3 3 3 1 1 3 4 1 1 1 2 1 4 1 3 4 1 1 2 1 1 4 1 4 1 4 1 3 4 4 4 1 1 1 4 1 3
300 0.065729 3 2 3 3 4 3 1 3 3 3 3 3 4 1 3 2 1 3 1 3 1 4 2 3 1 3 2 1 1 4 3 2 1 4 4 1 2 3 3 4 1 2 1 2 1 4 1 3 1 3 2 3 3 4 1 3 4 2 4 3 3 3 1 1 3 4 1 1 1 2 1 4 1 3 4 1 1 2 1 1 4 1 4 1 4 1 3 4 2 4 1 1 1 4 1 3
300 0.065729 3 2 3 1 4 3 1 3 3 3 3 3 4 1 3 2 1 3 3 3 1 4 4 3 1 3 2 1 1 4 1 2 1 3 1 1 2 3 3 4 1 2 3 2 1 4 1 3 1 3 2 3 3 4 1 3 4 2 4 3 3 3 1 1 3 4 1 1 1 2 1 4 1 3 4 1 1 2 1 1 4 1 4 1 4 3 3 4 4 4 1 1 3 4 1 3
300 0.118542 3 4 3 3 2 3 1 3 3 3 3 3 3 1 1 2 1 3 3 3 1 4 4 3 1 3 2 1 1 4 1 2 1 4 1 1 2 3 3 4 1 2 1 2 1 4 1 3 1 3 2 3 3 4 1 3 4 2 4 3 3 3 1 1 3 4 1 1 1 2 1 4 1 3 4 1 1 2 1 1 4 1 4 1 4 1 3 4 4 4 1 1 1 4 1 3
300 0.118542 3 2 3 1 2 3 1 3 3 1 3 3 4 4 3 2 1 3 3 3 1 4 2 3 1 3 2 1 1 4 1 2 1 4 1 1 4 3 3 4 1 2 1 4 1 4 1 3 1 3 2 3 3 4 1 3 4 2 4 1 3 3 1 1 3 4 1 1 1 2 1 4 1 3 4 1 1 2 1 1 4 1 4 1 4 1 3 4 4 4 1 1 1 4 1 3
300 0.065729 3 2 3 1 4 3 1 3 3 3 3 3 4 1 3 2 1 3 3 3 1 4 4 3 1 3 2 1 1 4 1 2 1 3 1 1 2 3 3 4 1 2 3 2 1 4 1 3 1 3 2 3 3 4 1 3 4 2 4 3 3 3 1 1 3 4 1 1 1 2 1 4 1 3 4 1 1 2 1 1 4 1 4 1 4 3 3 4 4 4 1 1 1 4 1 3
300 0.065729 3 2 3 3 4 3 1 1 3 3 3 3 4 1 3 4 2 1 3 3 1 2 2 1 1 3 2 1 1 3 1 4 1 4 4 1 2 3 3 4 1 4 1 2 1 4 1 3 1 3 2 3 3 4 3 3 4 2 4 3 3 0 0 0 0 0 0 0 0 0 0 0 0 0 0 0 0 0 0 1 4 1 4 1 4 1 3 4 4 4 3 1 1 4 1 3
301 0.062500 1 2 1 3 4 3 1 3 3 3 3 3 4 1 3 2 1 3 3 3 1 4 2 3 1 3 2 1 1 4 1 2 1 4 4 1 2 3 3 1 1 2 1 2 1 2 1 1 1 3 2 1 3 3 1 3 4 2 2 3 1 3 1 1 3 4 1 1 1 2 1 4 1 3 4 1 1 2 1 3 4 1 4 1 4 1 3 4 4 4 1 1 1 4 1 3
301 0.125000 3 4 3 3 2 3 1 3 3 3 3 3 4 1 1 2 1 3 3 3 1 4 4 3 1 3 2 1 1 4 1 2 1 4 1 1 2 3 3 4 1 2 1 2 1 4 1 3 1 3 2 3 3 4 1 3 4 2 4 3 3 3 1 1 3 4 1 1 1 2 1 4 1 3 4 1 1 2 1 1 4 1 4 1 4 1 3 4 4 4 1 1 1 4 1 3
301 0.062500 3 2 3 3 4 3 1 3 3 3 3 3 4 1 3 2 1 3 3 3 1 4 2 3 1 3 2 1 1 4 1 2 1 4 1 1 2 3 3 4 1 2 1 2 1 4 1 3 1 3 2 3 3 4 1 3 4 2 4 3 3 3 1 1 3 4 1 1 1 2 1 4 1 3 4 1 1 2 1 1 4 1 4 1 4 1 3 4 4 4 1 1 1 4 1 3
301 0.062500 3 2 3 3 4 3 1 3 3 3 3 3 4 1 3 2 1 3 3 3 1 4 2 3 1 3 2 1 1 4 1 2 3 4 4 1 2 3 3 4 3 2 1 2 1 4 1 3 1 3 2 3 3 4 1 3 4 4 4 3 3 3 1 1 3 4 1 1 1 2 1 4 1 3 4 1 1 2 1 1 4 3 4 1 4 1 3 4 4 4 1 1 1 4 1 3
301 0.062500 3 2 3 3 4 3 1 3 3 3 3 3 4 1 3 2 1 3 3 3 1 4 2 3 1 3 2 1 1 4 1 2 1 4 4 1 2 3 3 4 3 2 1 2 1 4 1 3 1 3 2 3 3 4 1 3 4 2 4 3 3 3 1 1 3 4 1 1 1 2 1 4 1 3 4 1 1 2 1 1 4 1 4 1 4 1 3 4 4 4 1 1 1 4 1 3
301 0.125000 3 2 3 3 2 3 1 3 3 3 3 3 4 1 3 2 1 3 3 3 1 4 2 3 1 3 2 1 1 4 1 2 1 4 4 1 2 3 3 4 1 2 1 2 1 4 1 3 1 3 2 3 3 4 1 3 4 2 4 3 3 3 1 1 3 4 1 1 1 2 1 4 1 3 4 1 1 2 1 1 4 1 4 1 4 1 3 4 4 4 1 1 1 4 1 3
301 0.062500 3 2 3 3 4 3 1 3 3 3 3 3 4 1 3 2 1 3 1 3 1 4 2 3 1 3 2 1 1 4 3 2 1 4 4 1 2 3 3 4 1 2 1 2 1 4 1 3 1 3 2 3 3 4 1 3 4 2 4 3 3 3 1 1 3 4 1 1 1 2 1 4 1 3 4 1 1 2 1 1 4 1 4 1 4 1 3 4 2 4 1 1 1 4 1 3
301 0.062500 3 2 3 1 4 3 1 3 3 3 3 3 4 1 3 2 1 3 3 3 1 4 4 3 1 3 2 1 1 4 1 2 1 3 1 1 2 3 3 4 1 2 3 2 1 4 1 3 1 3 2 3 3 4 1 3 4 2 4 3 3 3 1 1 3 4 1 1 1 2 1 4 1 3 4 1 1 2 1 1 4 1 4 1 4 3 3 4 4 4 1 1 3 4 1 3
301 0.125000 3 4 3 3 2 3 1 3 3 3 3 3 3 1 1 2 1 3 3 3 1 4 4 3 1 3 2 1 1 4 1 2 1 4 1 1 2 3 3 4 1 2 1 2 1 4 1 3 1 3 2 3 3 4 1 3 4 2 4 3 3 3 1 1 3 4 1 1 1 2 1 4 1 3 4 1 1 2 1 1 4 1 4 1 4 1 3 4 4 4 1 1 1 4 1 3
301 0.125000 3 2 3 1 2 3 1 3 3 1 3 3 4 4 3 2 1 3 3 3 1 4 2 3 1 3 2 1 1 4 1 2 1 4 1 1 4 3 3 4 1 2 1 4 1 4 1 3 1 3 2 3 3 4 1 3 4 2 4 1 3 3 1 1 3 4 1 1 1 2 1 4 1 3 4 1 1 2 1 1 4 1 4 1 4 1 3 4 4 4 1 1 1 4 1 3
301 0.062500 3 2 3 1 4 3 1 3 3 3 3 3 4 1 3 2 1 3 3 3 1 4 4 3 1 3 2 1 1 4 1 2 1 3 1 1 2 3 3 4 1 2 3 2 1 4 1 3 1 3 2 3 3 4 1 3 4 2 4 3 3 3 1 1 3 4 1 1 1 2 1 4 1 3 4 1 1 2 1 1 4 1 4 1 4 3 3 4 4 4 1 1 1 4 1 3
301 0.062500 3 2 3 3 4 3 1 1 3 3 3 3 4 1 3 4 2 1 3 3 1 2 2 1 1 3 2 1 1 3 1 4 1 4 4 1 2 3 3 4 1 4 1 2 1 4 1 3 1 3 2 3 3 4 3 3 4 2 4 3 3 0 0 0 0 0 0 0 0 0 0 0 0 0 0 0 0 0 0 1 4 1 4 1 4 1 3 4 4 4 3 1 1 4 1 3
302 0.059271 1 2 1 3 4 3 1 3 3 3 3 3 4 1 3 2 1 3 3 3 1 4 2 3 1 3 2 1 1 4 1 2 1 4 4 1 2 3 3 1 1 2 1 2 1 2 1 1 1 3 2 1 3 3 1 3 4 2 2 3 1 3 1 1 3 4 1 1 1 2 1 4 1 3 4 1 1 2 1 3 4 1 4 1 4 1 3 4 4 4 1 1 1 4 1 3
302 0.131458 3 4 3 3 2 3 1 3 3 3 3 3 4 1 1 2 1 3 3 3 1 4 4 3 1 3 2 1 1 4 1 2 1 4 1 1 2 3 3 4 1 2 1 2 1 4 1 3 1 3 2 3 3 4 1 3 4 2 4 3 3 3 1 1 3 4 1 1 1 2 1 4 1 3 4 1 1 2 1 1 4 1 4 1 4 1 3 4 4 4 1 1 1 4 1 3
302 0.059271 3 2 3 3 4 3 1 3 3 3 3 3 4 1 3 2 1 3 3 3 1 4 2 3 1 3 2 1 1 4 1 2 1 4 1 1 2 3 3 4 1 2 1 2 1 4 1 3 1 3 2 3 3 4 1 3 4 2 4 3 3 3 1 1 3 4 1 1 1 2 1 4 1 3 4 1 1 2 1 1 4 1 4 1 4 1 3 4 4 4 1 1 1 4 1 3
302 0.059271 3 2 3 3 4 3 1 3 3 3 3 3 4 1 3 2 1 3 3 3 1 4 2 3 1 3 2 1 1 4 1 2 3 4 4 1 2 3 3 4 3 2 1 2 1 4 1 3 1 3 2 3 3 4 1 3 4 4 4 3 3 3 1 1 3 4 1 1 1 2 1 4 1 3 4 1 1 2 1 1 4 3 4 1 4 1 3 4 4 4 1 1 1 4 1 3
302 0.059271 3 2 3 3 4 3 1 3 3 3 3 3 4 1 3 2 1 3 3 3 1 4 2 3 1 3 2 1 1 4 1 2 1 4 4 1 2 3 3 4 3 2 1 2 1 4 1 3 1 3 2 3 3 4 1 3 4 2 4 3 3 3 1 1 3 4 1 1 1 2 1 4 1 3 4 1 1 2 1 1 4 1 4 1 4 1 3 4 4 4 1 1 1 4 1 3
302 0.131458 3 2 3 3 2 3 1 3 3 3 3 3 4 1 3 2 1 3 3 3 1 4 2 3 1 3 2 1 1 4 1 2 1 4 4 1 2 3 3 4 1 2 1 2 1 4 1 3 1 3 2 3 3 4 1 3 4 2 4 3 3 3 1 1 3 4 1 1 1 2 1 4 1 3 4 1 1 2 1 1 4 1 4 1 4 1 3 4 4 4 1 1 1 4 1 3
302 0.059271 3 2 3 3 4 3 1 3 3 3 3 3 4 1 3 2 1 3 1 3 1 4 2 3 1 3 2 1 1 4 3 2 1 4 4 1 2 3 3 4 1 2 1 2 1 4 1 3 1 3 2 3 3 4 1 3 4 2 4 3 3 3 1 1 3 4 1 1 1 2 1 4 1 3 4 1 1 2 1 1 4 1 4 1 4 1 3 4 2 4 1 1 1 4 1 3
302 0.059271 3 2 3 1 4 3 1 3 3 3 3 3 4 1 3 2 1 3 3 3 1 4 4 3 1 3 2 1 1 4 1 2 1 3 1 1 2 3 3 4 1 2 3 2 1 4 1 3 1 3 2 3 3 4 1 3 4 2 4 3 3 3 1 1 3 4 1 1 1 2 1 4 1 3 4 1 1 2 1 1 4 1 4 1 4 3 3 4 4 4 1 1 3 4 1 3
302 0.131458 3 4 3 3 2 3 1 3 3 3 3 3 3 1 1 2 1 3 3 3 1 4 4 3 1 3 2 1 1 4 1 2 1 4 1 1 2 3 3 4 1 2 1 2 1 4 1 3 1 3 2 3 3 4 1 3 4 2 4 3 3 3 1 1 3 4 1 1 1 2 1 4 1 3 4 1 1 2 1 1 4 1 4 1 4 1 3 4 4 4 1 1 1 4 1 3
302 0.131458 3 2 3 1 2 3 1 3 3 1 3 3 4 4 3 2 1 3 3 3 1 4 2 3 1 3 2 1 1 4 1 2 1 4 1 1 4 3 3 4 1 2 1 4 1 4 1 3 1 3 2 3 3 4 1 3 4 2 4 1 3 3 1 1 3 4 1 1 1 2 1 4 1 3 4 1 1 2 1 1 4 1 4 1 4 1 3 4 4 4 1 1 1 4 1 3
302 0.059271 3 2 3 1 4 3 1 3 3 3 3 3 4 1 3 2 1 3 3 3 1 4 4 3 1 3 2 1 1 4 1 2 1 3 1 1 2 3 3 4 1 2 3 2 1 4 1 3 1 3 2 3 3 4 1 3 4 2 4 3 3 3 1 1 3 4 1 1 1 2 1 4 1 3 4 1 1 2 1 1 4 1 4 1 4 3 3 4 4 4 1 1 1 4 1 3
302 0.059271 3 2 3 3 4 3 1 1 3 3 3 3 4 1 3 4 2 1 3 3 1 2 2 1 1 3 2 1 1 3 1 4 1 4 4 1 2 3 3 4 1 4 1 2 1 4 1 3 1 3 2 3 3 4 3 3 4 2 4 3 3 0 0 0 0 0 0 0 0 0 0 0 0 0 0 0 0 0 0 1 4 1 4 1 4 1 3 4 4 4 3 1 1 4 1 3
303 0.056058 1 2 1 3 4 3 1 3 3 3 3 3 4 1 3 2 1 3 3 3 1 4 2 3 1 3 2 1 1 4 1 2 1 4 4 1 2 3 3 1 1 2 1 2 1 2 1 1 1 3 2 1 3 3 1 3 4 2 2 3 1 3 1 1 3 4 1 1 1 2 1 4 1 3 4 1 1 2 1 3 4 1 4 1 4 1 3 4 4 4 1 1 1 4 1 3
303 0.137883 3 4 3 3 2 3 1 3 3 3 3 3 4 1 1 2 1 3 3 3 1 4 4 3 1 3 2 1 1 4 1 2 1 4 1 1 2 3 3 4 1 2 1 2 1 4 1 3 1 3 2 3 3 4 1 3 4 2 4 3 3 3 1 1 3 4 1 1 1 2 1 4 1 3 4 1 1 2 1 1 4 1 4 1 4 1 3 4 4 4 1 1 1 4 1 3
303 0.056058 3 2 3 3 4 3 1 3 3 3 3 3 4 1 3 2 1 3 3 3 1 4 2 3 1 3 2 1 1 4 1 2 1 4 1 1 2 3 3 4 1 2 1 2 1 4 1 3 1 3 2 3 3 4 1 3 4 2 4 3 3 3 1 1 3 4 1 1 1 2 1 4 1 3 4 1 1 2 1 1 4 1 4 1 4 1 3 4 4 4 1 1 1 4 1 3
303 0.056058 3 2 3 3 4 3 1 3 3 3 3 3 4 1 3 2 1 3 3 3 1 4 2 3 1 3 2 1 1 4 1 2 3 4 4 1 2 3 3 4 3 2 1 2 1 4 1 3 1 3 2 3 3 4 1 3 4 4 4 3 3 3 1 1 3 4 1 1 1 2 1 4 1 3 4 1 1 2 1 1 4 3 4 1 4 1 3 4 4 4 1 1 1 4 1 3
303 0.056058 3 2 3 3 4 3 1 3 3 3 3 3 4 1 3 2 1 3 3 3 1 4 2 3 1 3 2 1 1 4 1 2 1 4 4 1 2 3 3 4 3 2 1 2 1 4 1 3 1 3 2 3 3 4 1 3 4 2 4 3 3 3 1 1 3 4 1 1 1 2 1 4 1 3 4 1 1 2 1 1 4 1 4 1 4 1 3 4 4 4 1 1 1 4 1 3
303 0.137883 3 2 3 3 2 3 1 3 3 3 3 3 4 1 3 2 1 3 3 3 1 4 2 3 1 3 2 1 1 4 1 2 1 4 4 1 2 3 3 4 1 2 1 2 1 4 1 3 1 3 2 3 3 4 1 3 4 2 4 3 3 3 1 1 3 4 1 1 1 2 1 4 1 3 4 1 1 2 1 1 4 1 4 1 4 1 3 4 4 4 1 1 1 4 1 3
303 0.056058 3 2 3 3 4 3 1 3 3 3 3 3 4 1 3 2 1 3 1 3 1 4 2 3 1 3 2 1 1 4 3 2 1 4 4 1 2 3 3 4 1 2 1 2 1 4 1 3 1 3 2 3 3 4 1 3 4 2 4 3 3 3 1 1 3 4 1 1 1 2 1 4 1 3 4 1 1 2 1 1 4 1 4 1 4 1 3 4 2 4 1 1 1 4 1 3
303 0.056058 3 2 3 1 4 3 1 3 3 3 3 3 4 1 3 2 1 3 3 3 1 4 4 3 1 3 2 1 1 4 1 2 1 3 1 1 2 3 3 4 1 2 3 2 1 4 1 3 1 3 2 3 3 4 1 3 4 2 4 3 3 3 1 1 3 4 1 1 1 2 1 4 1 3 4 1 1 2 1 1 4 1 4 1 4 3 3 4 4 4 1 1 3 4 1 3
303 0.137883 3 4 3 3 2 3 1 3 3 3 3 3 3 1 1 2 1 3 3 3 1 4 4 3 1 3 2 1 1 4 1 2 1 4 1 1 2 3 3 4 1 2 1 2 1 4 1 3 1 3 2 3 3 4 1 3 4 2 4 3 3 3 1 1 3 4 1 1 1 2 1 4 1 3 4 1 1 2 1 1 4 1 4 1 4 1 3 4 4 4 1 1 1 4 1 3
303 0.137883 3 2 3 1 2 3 1 3 3 1 3 3 4 4 3 2 1 3 3 3 1 4 2 3 1 3 2 1 1 4 1 2 1 4 1 1 4 3 3 4 1 2 1 4 1 4 1 3 1 3 2 3 3 4 1 3 4 2 4 1 3 3 1 1 3 4 1 1 1 2 1 4 1 3 4 1 1 2 1 1 4 1 4 1 4 1 3 4 4 4 1 1 1 4 1 3
303 0.056058 3 2 3 1 4 3 1 3 3 3 3 3 4 1 3 2 1 3 3 3 1 4 4 3 1 3 2 1 1 4 1 2 1 3 1 1 2 3 3 4 1 2 3 2 1 4 1 3 1 3 2 3 3 4 1 3 4 2 4 3 3 3 1 1 3 4 1 1 1 2 1 4 1 3 4 1 1 2 1 1 4 1 4 1 4 3 3 4 4 4 1 1 1 4 1 3
303 0.056058 3 2 3 3 4 3 1 1 3 3 3 3 4 1 3 4 2 1 3 3 1 2 2 1 1 3 2 1 1 3 1 4 1 4 4 1 2 3 3 4 1 4 1 2 1 4 1 3 1 3 2 3 3 4 3 3 4 2 4 3 3 0 0 0 0 0 0 0 0 0 0 0 0 0 0 0 0 0 0 1 4 1 4 1 4 1 3 4 4 4 3 1 1 4 1 3
304 0.052879 1 2 1 3 4 3 1 3 3 3 3 3 4 1 3 2 1 3 3 3 1 4 2 3 1 3 2 1 1 4 1 2 1 4 4 1 2 3 3 1 1 2 1 2 1 2 1 1 1 3 2 1 3 3 1 3 4 2 2 3 1 3 1 1 3 4 1 1 1 2 1 4 1 3 4 1 1 2 1 3 4 1 4 1 4 1 3 4 4 4 1 1 1 4 1 3
304 0.144242 3 4 3 3 2 3 1 3 3 3 3 3 4 1 1 2 1 3 3 3 1 4 4 3 1 3 2 1 1 4 1 2 1 4 1 1 2 3 3 4 1 2 1 2 1 4 1 3 1 3 2 3 3 4 1 3 4 2 4 3 3 3 1 1 3 4 1 1 1 2 1 4 1 3 4 1 1 2 1 1 4 1 4 1 4 1 3 4 4 4 1 1 1 4 1 3
304 0.052879 3 2 3 3 4 3 1 3 3 3 3 3 4 1 3 2 1 3 3 3 1 4 2 3 1 3 2 1 1 4 1 2 1 4 1 1 2 3 3 4 1 2 1 2 1 4 1 3 1 3 2 3 3 4 1 3 4 2 4 3 3 3 1 1 3 4 1 1 1 2 1 4 1 3 4 1 1 2 1 1 4 1 4 1 4 1 3 4 4 4 1 1 1 4 1 3
304 0.052879 3 2 3 3 4 3 1 3 3 3 3 3 4 1 3 2 1 3 3 3 1 4 2 3 1 3 2 1 1 4 1 2 3 4 4 1 2 3 3 4 3 2 1 2 1 4 1 3 1 3 2 3 3 4 1 3 4 4 4 3 3 3 1 1 3 4 1 1 1 2 1 4 1 3 4 1 1 2 1 1 4 3 4 1 4 1 3 4 4 4 1 1 1 4 1 3
304 0.052879 3 2 3 3 4 3 1 3 3 3 3 3 4 1 3 2 1 3 3 3 1 4 2 3 1 3 2 1 1 4 1 2 1 4 4 1 2 3 3 4 3 2 1 2 1 4 1 3 1 3 2 3 3 4 1 3 4 2 4 3 3 3 1 1 3 4 1 1 1 2 1 4 1 3 4 1 1 2 1 1 4 1 4 1 4 1 3 4 4 4 1 1 1 4 1 3
304 0.144242 3 2 3 3 2 3 1 3 3 3 3 3 4 1 3 2 1 3 3 3 1 4 2 3 1 3 2 1 1 4 1 2 1 4 4 1 2 3 3 4 1 2 1 2 1 4 1 3 1 3 2 3 3 4 1 3 4 2 4 3 3 3 1 1 3 4 1 1 1 2 1 4 1 3 4 1 1 2 1 1 4 1 4 1 4 1 3 4 4 4 1 1 1 4 1 3
304 0.052879 3 2 3 3 4 3 1 3 3 3 3 3 4 1 3 2 1 3 1 3 1 4 2 3 1 3 2 1 1 4 3 2 1 4 4 1 2 3 3 4 1 2 1 2 1 4 1 3 1 3 2 3 3 4 1 3 4 2 4 3 3 3 1 1 3 4 1 1 1 2 1 4 1 3 4 1 1 2 1 1 4 1 4 1 4 1 3 4 2 4 1 1 1 4 1 3
304 0.052879 3 2 3 1 4 3 1 3 3 3 3 3 4 1 3 2 1 3 3 3 1 4 4 3 1 3 2 1 1 4 1 2 1 3 1 1 2 3 3 4 1 2 3 2 1 4 1 3 1 3 2 3 3 4 1 3 4 2 4 3 3 3 1 1 3 4 1 1 1 2 1 4 1 3 4 1 1 2 1 1 4 1 4 1 4 3 3 4 4 4 1 1 3 4 1 3
304 0.144242 3 4 3 3 2 3 1 3 3 3 3 3 3 1 1 2 1 3 3 3 1 4 4 3 1 3 2 1 1 4 1 2 1 4 1 1 2 3 3 4 1 2 1 2 1 4 1 3 1 3 2 3 3 4 1 3 4 2 4 3 3 3 1 1 3 4 1 1 1 2 1 4 1 3 4 1 1 2 1 1 4 1 4 1 4 1 3 4 4 4 1 1 1 4 1 3
304 0.144242 3 2 3 1 2 3 1 3 3 1 3 3 4 4 3 2 1 3 3 3 1 4 2 3 1 3 2 1 1 4 1 2 1 4 1 1 4 3 3 4 1 2 1 4 1 4 1 3 1 3 2 3 3 4 1 3 4 2 4 1 3 3 1 1 3 4 1 1 1 2 1 4 1 3 4 1 1 2 1 1 4 1 4 1 4 1 3 4 4 4 1 1 1 4 1 3
304 0.052879 3 2 3 1 4 3 1 3 3 3 3 3 4 1 3 2 1 3 3 3 1 4 4 3 1 3 2 1 1 4 1 2 1 3 1 1 2 3 3 4 1 2 3 2 1 4 1 3 1 3 2 3 3 4 1 3 4 2 4 3 3 3 1 1 3 4 1 1 1 2 1 4 1 3 4 1 1 2 1 1 4 1 4 1 4 3 3 4 4 4 1 1 1 4 1 3
304 0.052879 3 2 3 3 4 3 1 1 3 3 3 3 4 1 3 4 2 1 3 3 1 2 2 1 1 3 2 1 1 3 1 4 1 4 4 1 2 3 3 4 1 4 1 2 1 4 1 3 1 3 2 3 3 4 3 3 4 2 4 3 3 0 0 0 0 0 0 0 0 0 0 0 0 0 0 0 0 0 0 1 4 1 4 1 4 1 3 4 4 4 3 1 1 4 1 3
305 0.049748 1 2 1 3 4 3 1 3 3 3 3 3 4 1 3 2 1 3 3 3 1 4 2 3 1 3 2 1 1 4 1 2 1 4 4 1 2 3 3 1 1 2 1 2 1 2 1 1 1 3 2 1 3 3 1 3 4 2 2 3 1 3 1 1 3 4 1 1 1 2 1 4 1 3 4 1 1 2 1 3 4 1 4 1 4 1 3 4 4 4 1 1 1 4 1 3
305 0.150503 3 4 3 3 2 3 1 3 3 3 3 3 4 1 1 2 1 3 3 3 1 4 4 3 1 3 2 1 1 4 1 2 1 4 1 1 2 3 3 4 1 2 1 2 1 4 1 3 1 3 2 3 3 4 1 3 4 2 4 3 3 3 1 1 3 4 1 1 1 2 1 4 1 3 4 1 1 2 1 1 4 1 4 1 4 1 3 4 4 4 1 1 1 4 1 3
305 0.049748 3 2 3 3 4 3 1 3 3 3 3 3 4 1 3 2 1 3 3 3 1 4 2 3 1 3 2 1 1 4 1 2 1 4 1 1 2 3 3 4 1 2 1 2 1 4 1 3 1 3 2 3 3 4 1 3 4 2 4 3 3 3 1 1 3 4 1 1 1 2 1 4 1 3 4 1 1 2 1 1 4 1 4 1 4 1 3 4 4 4 1 1 1 4 1 3
305 0.049748 3 2 3 3 4 3 1 3 3 3 3 3 4 1 3 2 1 3 3 3 1 4 2 3 1 3 2 1 1 4 1 2 3 4 4 1 2 3 3 4 3 2 1 2 1 4 1 3 1 3 2 3 3 4 1 3 4 4 4 3 3 3 1 1 3 4 1 1 1 2 1 4 1 3 4 1 1 2 1 1 4 3 4 1 4 1 3 4 4 4 1 1 1 4 1 3
305 0.049748 3 2 3 3 4 3 1 3 3 3 3 3 4 1 3 2 1 3 3 3 1 4 2 3 1 3 2 1 1 4 1 2 1 4 4 1 2 3 3 4 3 2 1 2 1 4 1 3 1 3 2 3 3 4 1 3 4 2 4 3 3 3 1 1 3 4 1 1 1 2 1 4 1 3 4 1 1 2 1 1 4 1 4 1 4 1 3 4 4 4 1 1 1 4 1 3
305 0.150503 3 2 3 3 2 3 1 3 3 3 3 3 4 1 3 2 1 3 3 3 1 4 2 3 1 3 2 1 1 4 1 2 1 4 4 1 2 3 3 4 1 2 1 2 1 4 1 3 1 3 2 3 3 4 1 3 4 2 4 3 3 3 1 1 3 4 1 1 1 2 1 4 1 3 4 1 1 2 1 1 4 1 4 1 4 1 3 4 4 4 1 1 1 4 1 3
305 0.049748 3 2 3 3 4 3 1 3 3 3 3 3 4 1 3 2 1 3 1 3 1 4 2 3 1 3 2 1 1 4 3 2 1 4 4 1 2 3 3 4 1 2 1 2 1 4 1 3 1 3 2 3 3 4 1 3 4 2 4 3 3 3 1 1 3 4 1 1 1 2 1 4 1 3 4 1 1 2 1 1 4 1 4 1 4 1 3 4 2 4 1 1 1 4 1 3
305 0.049748 3 2 3 1 4 3 1 3 3 3 3 3 4 1 3 2 1 3 3 3 1 4 4 3 1 3 2 1 1 4 1 2 1 3 1 1 2 3 3 4 1 2 3 2 1 4 1 3 1 3 2 3 3 4 1 3 4 2 4 3 3 3 1 1 3 4 1 1 1 2 1 4 1 3 4 1 1 2 1 1 4 1 4 1 4 3 3 4 4 4 1 1 3 4 1 3
305 0.150503 3 4 3 3 2 3 1 3 3 3 3 3 3 1 1 2 1 3 3 3 1 4 4 3 1 3 2 1 1 4 1 2 1 4 1 1 2 3 3 4 1 2 1 2 1 4 1 3 1 3 2 3 3 4 1 3 4 2 4 3 3 3 1 1 3 4 1 1 1 2 1 4 1 3 4 1 1 2 1 1 4 1 4 1 4 1 3 4 4 4 1 1 1 4 1 3
305 0.150503 3 2 3 1 2 3 1 3 3 1 3 3 4 4 3 2 1 3 3 3 1 4 2 3 1 3 2 1 1 4 1 2 1 4 1 1 4 3 3 4 1 2 1 4 1 4 1 3 1 3 2 3 3 4 1 3 4 2 4 1 3 3 1 1 3 4 1 1 1 2 1 4 1 3 4 1 1 2 1 1 4 1 4 1 4 1 3 4 4 4 1 1 1 4 1 3
305 0.049748 3 2 3 1 4 3 1 3 3 3 3 3 4 1 3 2 1 3 3 3 1 4 4 3 1 3 2 1 1 4 1 2 1 3 1 1 2 3 3 4 1 2 3 2 1 4 1 3 1 3 2 3 3 4 1 3 4 2 4 3 3 3 1 1 3 4 1 1 1 2 1 4 1 3 4 1 1 2 1 1 4 1 4 1 4 3 3 4 4 4 1 1 1 4 1 3
305 0.049748 3 2 3 3 4 3 1 1 3 3 3 3 4 1 3 4 2 1 3 3 1 2 2 1 1 3 2 1 1 3 1 4 1 4 4 1 2 3 3 4 1 4 1 2 1 4 1 3 1 3 2 3 3 4 3 3 4 2 4 3 3 0 0 0 0 0 0 0 0 0 0 0 0 0 0 0 0 0 0 1 4 1 4 1 4 1 3 4 4 4 3 1 1 4 1 3
306 0.046681 1 2 1 3 4 3 1 3 3 3 3 3 4 1 3 2 1 3 3 3 1 4 2 3 1 3 2 1 1 4 1 2 1 4 4 1 2 3 3 1 1 2 1 2 1 2 1 1 1 3 2 1 3 3 1 3 4 2 2 3 1 3 1 1 3 4 1 1 1 2 1 4 1 3 4 1 1 2 1 3 4 1 4 1 4 1 3 4 4 4 1 1 1 4 1 3
306 0.156637 3 4 3 3 2 3 1 3 3 3 3 3 4 1 1 2 1 3 3 3 1 4 4 3 1 3 2 1 1 4 1 2 1 4 1 1 2 3 3 4 1 2 1 2 1 4 1 3 1 3 2 3 3 4 1 3 4 2 4 3 3 3 1 1 3 4 1 1 1 2 1 4 1 3 4 1 1 2 1 1 4 1 4 1 4 1 3 4 4 4 1 1 1 4 1 3
306 0.046681 3 2 3 3 4 3 1 3 3 3 3 3 4 1 3 2 1 3 3 3 1 4 2 3 1 3 2 1 1 4 1 2 1 4 1 1 2 3 3 4 1 2 1 2 1 4 1 3 1 3 2 3 3 4 1 3 4 2 4 3 3 3 1 1 3 4 1 1 1 2 1 4 1 3 4 1 1 2 1 1 4 1 4 1 4 1 3 4 4 4 1 1 1 4 1 3
306 0.046681 3 2 3 3 4 3 1 3 3 3 3 3 4 1 3 2 1 3 3 3 1 4 2 3 1 3 2 1 1 4 1 2 3 4 4 1 2 3 3 4 3 2 1 2 1 4 1 3 1 3 2 3 3 4 1 3 4 4 4 3 3 3 1 1 3 4 1 1 1 2 1 4 1 3 4 1 1 2 1 1 4 3 4 1 4 1 3 4 4 4 1 1 1 4 1 3
306 0.046681 3 2 3 3 4 3 1 3 3 3 3 3 4 1 3 2 1 3 3 3 1 4 2 3 1 3 2 1 1 4 1 2 1 4 4 1 2 3 3 4 3 2 1 2 1 4 1 3 1 3 2 3 3 4 1 3 4 2 4 3 3 3 1 1 3 4 1 1 1 2 1 4 1 3 4 1 1 2 1 1 4 1 4 1 4 1 3 4 4 4 1 1 1 4 1 3
306 0.156637 3 2 3 3 2 3 1 3 3 3 3 3 4 1 3 2 1 3 3 3 1 4 2 3 1 3 2 1 1 4 1 2 1 4 4 1 2 3 3 4 1 2 1 2 1 4 1 3 1 3 2 3 3 4 1 3 4 2 4 3 3 3 1 1 3 4 1 1 1 2 1 4 1 3 4 1 1 2 1 1 4 1 4 1 4 1 3 4 4 4 1 1 1 4 1 3
306 0.046681 3 2 3 3 4 3 1 3 3 3 3 3 4 1 3 2 1 3 1 3 1 4 2 3 1 3 2 1 1 4 3 2 1 4 4 1 2 3 3 4 1 2 1 2 1 4 1 3 1 3 2 3 3 4 1 3 4 2 4 3 3 3 1 1 3 4 1 1 1 2 1 4 1 3 4 1 1 2 1 1 4 1 4 1 4 1 3 4 2 4 1 1 1 4 1 3
306 0.046681 3 2 3 1 4 3 1 3 3 3 3 3 4 1 3 2 1 3 3 3 1 4 4 3 1 3 2 1 1 4 1 2 1 3 1 1 2 3 3 4 1 2 3 2 1 4 1 3 1 3 2 3 3 4 1 3 4 2 4 3 3 3 1 1 3 4 1 1 1 2 1 4 1 3 4 1 1 2 1 1 4 1 4 1 4 3 3 4 4 4 1 1 3 4 1 3
306 0.156637 3 4 3 3 2 3 1 3 3 3 3 3 3 1 1 2 1 3 3 3 1 4 4 3 1 3 2 1 1 4 1 2 1 4 1 1 2 3 3 4 1 2 1 2 1 4 1 3 1 3 2 3 3 4 1 3 4 2 4 3 3 3 1 1 3 4 1 1 1 2 1 4 1 3 4 1 1 2 1 1 4 1 4 1 4 1 3 4 4 4 1 1 1 4 1 3
306 0.156637 3 2 3 1 2 3 1 3 3 1 3 3 4 4 3 2 1 3 3 3 1 4 2 3 1 3 2 1 1 4 1 2 1 4 1 1 4 3 3 4 1 2 1 4 1 4 1 3 1 3 2 3 3 4 1 3 4 2 4 1 3 3 1 1 3 4 1 1 1 2 1 4 1 3 4 1 1 2 1 1 4 1 4 1 4 1 3 4 4 4 1 1 1 4 1 3
306 0.046681 3 2 3 1 4 3 1 3 3 3 3 3 4 1 3 2 1 3 3 3 1 4 4 3 1 3 2 1 1 4 1 2 1 3 1 1 2 3 3 4 1 2 3 2 1 4 1 3 1 3 2 3 3 4 1 3 4 2 4 3 3 3 1 1 3 4 1 1 1 2 1 4 1 3 4 1 1 2 1 1 4 1 4 1 4 3 3 4 4 4 1 1 1 4 1 3
306 0.046681 3 2 3 3 4 3 1 1 3 3 3 3 4 1 3 4 2 1 3 3 1 2 2 1 1 3 2 1 1 3 1 4 1 4 4 1 2 3 3 4 1 4 1 2 1 4 1 3 1 3 2 3 3 4 3 3 4 2 4 3 3 0 0 0 0 0 0 0 0 0 0 0 0 0 0 0 0 0 0 1 4 1 4 1 4 1 3 4 4 4 3 1 1 4 1 3
307 0.043692 1 2 1 3 4 3 1 3 3 3 3 3 4 1 3 2 1 3 3 3 1 4 2 3 1 3 2 1 1 4 1 2 1 4 4 1 2 3 3 1 1 2 1 2 1 2 1 1 1 3 2 1 3 3 1 3 4 2 2 3 1 3 1 1 3 4 1 1 1 2 1 4 1 3 4 1 1 2 1 3 4 1 4 1 4 1 3 4 4 4 1 1 1 4 1 3
307 0.162617 3 4 3 3 2 3 1 3 3 3 3 3 4 1 1 2 1 3 3 3 1 4 4 3 1 3 2 1 1 4 1 2 1 4 1 1 2 3 3 4 1 2 1 2 1 4 1 3 1 3 2 3 3 4 1 3 4 2 4 3 3 3 1 1 3 4 1 1 1 2 1 4 1 3 4 1 1 2 1 1 4 1 4 1 4 1 3 4 4 4 1 1 1 4 1 3
307 0.043692 3 2 3 3 4 3 1 3 3 3 3 3 4 1 3 2 1 3 3 3 1 4 2 3 1 3 2 1 1 4 1 2 1 4 1 1 2 3 3 4 1 2 1 2 1 4 1 3 1 3 2 3 3 4 1 3 4 2 4 3 3 3 1 1 3 4 1 1 1 2 1 4 1 3 4 1 1 2 1 1 4 1 4 1 4 1 3 4 4 4 1 1 1 4 1 3
307 0.043692 3 2 3 3 4 3 1 3 3 3 3 3 4 1 3 2 1 3 3 3 1 4 2 3 1 3 2 1 1 4 1 2 3 4 4 1 2 3 3 4 3 2 1 2 1 4 1 3 1 3 2 3 3 4 1 3 4 4 4 3 3 3 1 1 3 4 1 1 1 2 1 4 1 3 4 1 1 2 1 1 4 3 4 1 4 1 3 4 4 4 1 1 1 4 1 3
307 0.043692 3 2 3 3 4 3 1 3 3 3 3 3 4 1 3 2 1 3 3 3 1 4 2 3 1 3 2 1 1 4 1 2 1 4 4 1 2 3 3 4 3 2 1 2 1 4 1 3 1 3 2 3 3 4 1 3 4 2 4 3 3 3 1 1 3 4 1 1 1 2 1 4 1 3 4 1 1 2 1 1 4 1 4 1 4 1 3 4 4 4 1 1 1 4 1 3
307 0.162617 3 2 3 3 2 3 1 3 3 3 3 3 4 1 3 2 1 3 3 3 1 4 2 3 1 3 2 1 1 4 1 2 1 4 4 1 2 3 3 4 1 2 1 2 1 4 1 3 1 3 2 3 3 4 1 3 4 2 4 3 3 3 1 1 3 4 1 1 1 2 1 4 1 3 4 1 1 2 1 1 4 1 4 1 4 1 3 4 4 4 1 1 1 4 1 3
307 0.043692 3 2 3 3 4 3 1 3 3 3 3 3 4 1 3 2 1 3 1 3 1 4 2 3 1 3 2 1 1 4 3 2 1 4 4 1 2 3 3 4 1 2 1 2 1 4 1 3 1 3 2 3 3 4 1 3 4 2 4 3 3 3 1 1 3 4 1 1 1 2 1 4 1 3 4 1 1 2 1 1 4 1 4 1 4 1 3 4 2 4 1 1 1 4 1 3
307 0.043692 3 2 3 1 4 3 1 3 3 3 3 3 4 1 3 2 1 3 3 3 1 4 4 3 1 3 2 1 1 4 1 2 1 3 1 1 2 3 3 4 1 2 3 2 1 4 1 3 1 3 2 3 3 4 1 3 4 2 4 3 3 3 1 1 3 4 1 1 1 2 1 4 1 3 4 1 1 2 1 1 4 1 4 1 4 3 3 4 4 4 1 1 3 4 1 3
307 0.162617 3 4 3 3 2 3 1 3 3 3 3 3 3 1 1 2 1 3 3 3 1 4 4 3 1 3 2 1 1 4 1 2 1 4 1 1 2 3 3 4 1 2 1 2 1 4 1 3 1 3 2 3 3 4 1 3 4 2 4 3 3 3 1 1 3 4 1 1 1 2 1 4 1 3 4 1 1 2 1 1 4 1 4 1 4 1 3 4 4 4 1 1 1 4 1 3
307 0.162617 3 2 3 1 2 3 1 3 3 1 3 3 4 4 3 2 1 3 3 3 1 4 2 3 1 3 2 1 1 4 1 2 1 4 1 1 4 3 3 4 1 2 1 4 1 4 1 3 1 3 2 3 3 4 1 3 4 2 4 1 3 3 1 1 3 4 1 1 1 2 1 4 1 3 4 1 1 2 1 1 4 1 4 1 4 1 3 4 4 4 1 1 1 4 1 3
307 0.043692 3 2 3 1 4 3 1 3 3 3 3 3 4 1 3 2 1 3 3 3 1 4 4 3 1 3 2 1 1 4 1 2 1 3 1 1 2 3 3 4 1 2 3 2 1 4 1 3 1 3 2 3 3 4 1 3 4 2 4 3 3 3 1 1 3 4 1 1 1 2 1 4 1 3 4 1 1 2 1 1 4 1 4 1 4 3 3 4 4 4 1 1 1 4 1 3
307 0.043692 3 2 3 3 4 3 1 1 3 3 3 3 4 1 3 4 2 1 3 3 1 2 2 1 1 3 2 1 1 3 1 4 1 4 4 1 2 3 3 4 1 4 1 2 1 4 1 3 1 3 2 3 3 4 3 3 4 2 4 3 3 0 0 0 0 0 0 0 0 0 0 0 0 0 0 0 0 0 0 1 4 1 4 1 4 1 3 4 4 4 3 1 1 4 1 3
308 0.040791 1 2 1 3 4 3 1 3 3 3 3 3 4 1 3 2 1 3 3 3 1 4 2 3 1 3 2 1 1 4 1 2 1 4 4 1 2 3 3 1 1 2 1 2 1 2 1 1 1 3 2 1 3 3 1 3 4 2 2 3 1 3 1 1 3 4 1 1 1 2 1 4 1 3 4 1 1 2 1 3 4 1 4 1 4 1 3 4 4 4 1 1 1 4 1 3
308 0.168418 3 4 3 3 2 3 1 3 3 3 3 3 4 1 1 2 1 3 3 3 1 4 4 3 1 3 2 1 1 4 1 2 1 4 1 1 2 3 3 4 1 2 1 2 1 4 1 3 1 3 2 3 3 4 1 3 4 2 4 3 3 3 1 1 3 4 1 1 1 2 1 4 1 3 4 1 1 2 1 1 4 1 4 1 4 1 3 4 4 4 1 1 1 4 1 3
308 0.040791 3 2 3 3 4 3 1 3 3 3 3 3 4 1 3 2 1 3 3 3 1 4 2 3 1 3 2 1 1 4 1 2 1 4 1 1 2 3 3 4 1 2 1 2 1 4 1 3 1 3 2 3 3 4 1 3 4 2 4 3 3 3 1 1 3 4 1 1 1 2 1 4 1 3 4 1 1 2 1 1 4 1 4 1 4 1 3 4 4 4 1 1 1 4 1 3
308 0.040791 3 2 3 3 4 3 1 3 3 3 3 3 4 1 3 2 1 3 3 3 1 4 2 3 1 3 2 1 1 4 1 2 3 4 4 1 2 3 3 4 3 2 1 2 1 4 1 3 1 3 2 3 3 4 1 3 4 4 4 3 3 3 1 1 3 4 1 1 1 2 1 4 1 3 4 1 1 2 1 1 4 3 4 1 4 1 3 4 4 4 1 1 1 4 1 3
308 0.040791 3 2 3 3 4 3 1 3 3 3 3 3 4 1 3 2 1 3 3 3 1 4 2 3 1 3 2 1 1 4 1 2 1 4 4 1 2 3 3 4 3 2 1 2 1 4 1 3 1 3 2 3 3 4 1 3 4 2 4 3 3 3 1 1 3 4 1 1 1 2 1 4 1 3 4 1 1 2 1 1 4 1 4 1 4 1 3 4 4 4 1 1 1 4 1 3
308 0.168418 3 2 3 3 2 3 1 3 3 3 3 3 4 1 3 2 1 3 3 3 1 4 2 3 1 3 2 1 1 4 1 2 1 4 4 1 2 3 3 4 1 2 1 2 1 4 1 3 1 3 2 3 3 4 1 3 4 2 4 3 3 3 1 1 3 4 1 1 1 2 1 4 1 3 4 1 1 2 1 1 4 1 4 1 4 1 3 4 4 4 1 1 1 4 1 3
308 0.040791 3 2 3 3 4 3 1 3 3 3 3 3 4 1 3 2 1 3 1 3 1 4 2 3 1 3 2 1 1 4 3 2 1 4 4 1 2 3 3 4 1 2 1 2 1 4 1 3 1 3 2 3 3 4 1 3 4 2 4 3 3 3 1 1 3 4 1 1 1 2 1 4 1 3 4 1 1 2 1 1 4 1 4 1 4 1 3 4 2 4 1 1 1 4 1 3
308 0.040791 3 2 3 1 4 3 1 3 3 3 3 3 4 1 3 2 1 3 3 3 1 4 4 3 1 3 2 1 1 4 1 2 1 3 1 1 2 3 3 4 1 2 3 2 1 4 1 3 1 3 2 3 3 4 1 3 4 2 4 3 3 3 1 1 3 4 1 1 1 2 1 4 1 3 4 1 1 2 1 1 4 1 4 1 4 3 3 4 4 4 1 1 3 4 1 3
308 0.168418 3 4 3 3 2 3 1 3 3 3 3 3 3 1 1 2 1 3 3 3 1 4 4 3 1 3 2 1 1 4 1 2 1 4 1 1 2 3 3 4 1 2 1 2 1 4 1 3 1 3 2 3 3 4 1 3 4 2 4 3 3 3 1 1 3 4 1 1 1 2 1 4 1 3 4 1 1 2 1 1 4 1 4 1 4 1 3 4 4 4 1 1 1 4 1 3
308 0.168418 3 2 3 1 2 3 1 3 3 1 3 3 4 4 3 2 1 3 3 3 1 4 2 3 1 3 2 1 1 4 1 2 1 4 1 1 4 3 3 4 1 2 1 4 1 4 1 3 1 3 2 3 3 4 1 3 4 2 4 1 3 3 1 1 3 4 1 1 1 2 1 4 1 3 4 1 1 2 1 1 4 1 4 1 4 1 3 4 4 4 1 1 1 4 1 3
308 0.040791 3 2 3 1 4 3 1 3 3 3 3 3 4 1 3 2 1 3 3 3 1 4 4 3 1 3 2 1 1 4 1 2 1 3 1 1 2 3 3 4 1 2 3 2 1 4 1 3 1 3 2 3 3 4 1 3 4 2 4 3 3 3 1 1 3 4 1 1 1 2 1 4 1 3 4 1 1 2 1 1 4 1 4 1 4 3 3 4 4 4 1 1 1 4 1 3
308 0.040791 3 2 3 3 4 3 1 1 3 3 3 3 4 1 3 4 2 1 3 3 1 2 2 1 1 3 2 1 1 3 1 4 1 4 4 1 2 3 3 4 1 4 1 2 1 4 1 3 1 3 2 3 3 4 3 3 4 2 4 3 3 0 0 0 0 0 0 0 0 0 0 0 0 0 0 0 0 0 0 1 4 1 4 1 4 1 3 4 4 4 3 1 1 4 1 3
309 0.037990 1 2 1 3 4 3 1 3 3 3 3 3 4 1 3 2 1 3 3 3 1 4 2 3 1 3 2 1 1 4 1 2 1 4 4 1 2 3 3 1 1 2 1 2 1 2 1 1 1 3 2 1 3 3 1 3 4 2 2 3 1 3 1 1 3 4 1 1 1 2 1 4 1 3 4 1 1 2 1 3 4 1 4 1 4 1 3 4 4 4 1 1 1 4 1 3
309 0.174020 3 4 3 3 2 3 1 3 3 3 3 3 4 1 1 2 1 3 3 3 1 4 4 3 1 3 2 1 1 4 1 2 1 4 1 1 2 3 3 4 1 2 1 2 1 4 1 3 1 3 2 3 3 4 1 3 4 2 4 3 3 3 1 1 3 4 1 1 1 2 1 4 1 3 4 1 1 2 1 1 4 1 4 1 4 1 3 4 4 4 1 1 1 4 1 3
309 0.037990 3 2 3 3 4 3 1 3 3 3 3 3 4 1 3 2 1 3 3 3 1 4 2 3 1 3 2 1 1 4 1 2 1 4 1 1 2 3 3 4 1 2 1 2 1 4 1 3 1 3 2 3 3 4 1 3 4 2 4 3 3 3 1 1 3 4 1 1 1 2 1 4 1 3 4 1 1 2 1 1 4 1 4 1 4 1 3 4 4 4 1 1 1 4 1 3
309 0.037990 3 2 3 3 4 3 1 3 3 3 3 3 4 1 3 2 1 3 3 3 1 4 2 3 1 3 2 1 1 4 1 2 3 4 4 1 2 3 3 4 3 2 1 2 1 4 1 3 1 3 2 3 3 4 1 3 4 4 4 3 3 3 1 1 3 4 1 1 1 2 1 4 1 3 4 1 1 2 1 1 4 3 4 1 4 1 3 4 4 4 1 1 1 4 1 3
309 0.037990 3 2 3 3 4 3 1 3 3 3 3 3 4 1 3 2 1 3 3 3 1 4 2 3 1 3 2 1 1 4 1 2 1 4 4 1 2 3 3 4 3 2 1 2 1 4 1 3 1 3 2 3 3 4 1 3 4 2 4 3 3 3 1 1 3 4 1 1 1 2 1 4 1 3 4 1 1 2 1 1 4 1 4 1 4 1 3 4 4 4 1 1 1 4 1 3
309 0.174020 3 2 3 3 2 3 1 3 3 3 3 3 4 1 3 2 1 3 3 3 1 4 2 3 1 3 2 1 1 4 1 2 1 4 4 1 2 3 3 4 1 2 1 2 1 4 1 3 1 3 2 3 3 4 1 3 4 2 4 3 3 3 1 1 3 4 1 1 1 2 1 4 1 3 4 1 1 2 1 1 4 1 4 1 4 1 3 4 4 4 1 1 1 4 1 3
309 0.037990 3 2 3 3 4 3 1 3 3 3 3 3 4 1 3 2 1 3 1 3 1 4 2 3 1 3 2 1 1 4 3 2 1 4 4 1 2 3 3 4 1 2 1 2 1 4 1 3 1 3 2 3 3 4 1 3 4 2 4 3 3 3 1 1 3 4 1 1 1 2 1 4 1 3 4 1 1 2 1 1 4 1 4 1 4 1 3 4 2 4 1 1 1 4 1 3
309 0.037990 3 2 3 1 4 3 1 3 3 3 3 3 4 1 3 2 1 3 3 3 1 4 4 3 1 3 2 1 1 4 1 2 1 3 1 1 2 3 3 4 1 2 3 2 1 4 1 3 1 3 2 3 3 4 1 3 4 2 4 3 3 3 1 1 3 4 1 1 1 2 1 4 1 3 4 1 1 2 1 1 4 1 4 1 4 3 3 4 4 4 1 1 3 4 1 3
309 0.174020 3 4 3 3 2 3 1 3 3 3 3 3 3 1 1 2 1 3 3 3 1 4 4 3 1 3 2 1 1 4 1 2 1 4 1 1 2 3 3 4 1 2 1 2 1 4 1 3 1 3 2 3 3 4 1 3 4 2 4 3 3 3 1 1 3 4 1 1 1 2 1 4 1 3 4 1 1 2 1 1 4 1 4 1 4 1 3 4 4 4 1 1 1 4 1 3
309 0.174020 3 2 3 1 2 3 1 3 3 1 3 3 4 4 3 2 1 3 3 3 1 4 2 3 1 3 2 1 1 4 1 2 1 4 1 1 4 3 3 4 1 2 1 4 1 4 1 3 1 3 2 3 3 4 1 3 4 2 4 1 3 3 1 1 3 4 1 1 1 2 1 4 1 3 4 1 1 2 1 1 4 1 4 1 4 1 3 4 4 4 1 1 1 4 1 3
309 0.037990 3 2 3 1 4 3 1 3 3 3 3 3 4 1 3 2 1 3 3 3 1 4 4 3 1 3 2 1 1 4 1 2 1 3 1 1 2 3 3 4 1 2 3 2 1 4 1 3 1 3 2 3 3 4 1 3 4 2 4 3 3 3 1 1 3 4 1 1 1 2 1 4 1 3 4 1 1 2 1 1 4 1 4 1 4 3 3 4 4 4 1 1 1 4 1 3
309 0.037990 3 2 3 3 4 3 1 1 3 3 3 3 4 1 3 4 2 1 3 3 1 2 2 1 1 3 2 1 1 3 1 4 1 4 4 1 2 3 3 4 1 4 1 2 1 4 1 3 1 3 2 3 3 4 3 3 4 2 4 3 3 0 0 0 0 0 0 0 0 0 0 0 0 0 0 0 0 0 0 1 4 1 4 1 4 1 3 4 4 4 3 1 1 4 1 3
310 0.035297 1 2 1 3 4 3 1 3 3 3 3 3 4 1 3 2 1 3 3 3 1 4 2 3 1 3 2 1 1 4 1 2 1 4 4 1 2 3 3 1 1 2 1 2 1 2 1 1 1 3 2 1 3 3 1 3 4 2 2 3 1 3 1 1 3 4 1 1 1 2 1 4 1 3 4 1 1 2 1 3 4 1 4 1 4 1 3 4 4 4 1 1 1 4 1 3
310 0.179406 3 4 3 3 2 3 1 3 3 3 3 3 4 1 1 2 1 3 3 3 1 4 4 3 1 3 2 1 1 4 1 2 1 4 1 1 2 3 3 4 1 2 1 2 1 4 1 3 1 3 2 3 3 4 1 3 4 2 4 3 3 3 1 1 3 4 1 1 1 2 1 4 1 3 4 1 1 2 1 1 4 1 4 1 4 1 3 4 4 4 1 1 1 4 1 3
310 0.035297 3 2 3 3 4 3 1 3 3 3 3 3 4 1 3 2 1 3 3 3 1 4 2 3 1 3 2 1 1 4 1 2 1 4 1 1 2 3 3 4 1 2 1 2 1 4 1 3 1 3 2 3 3 4 1 3 4 2 4 3 3 3 1 1 3 4 1 1 1 2 1 4 1 3 4 1 1 2 1 1 4 1 4 1 4 1 3 4 4 4 1 1 1 4 1 3
310 0.035297 3 2 3 3 4 3 1 3 3 3 3 3 4 1 3 2 1 3 3 3 1 4 2 3 1 3 2 1 1 4 1 2 3 4 4 1 2 3 3 4 3 2 1 2 1 4 1 3 1 3 2 3 3 4 1 3 4 4 4 3 3 3 1 1 3 4 1 1 1 2 1 4 1 3 4 1 1 2 1 1 4 3 4 1 4 1 3 4 4 4 1 1 1 4 1 3
310 0.035297 3 2 3 3 4 3 1 3 3 3 3 3 4 1 3 2 1 3 3 3 1 4 2 3 1 3 2 1 1 4 1 2 1 4 4 1 2 3 3 4 3 2 1 2 1 4 1 3 1 3 2 3 3 4 1 3 4 2 4 3 3 3 1 1 3 4 1 1 1 2 1 4 1 3 4 1 1 2 1 1 4 1 4 1 4 1 3 4 4 4 1 1 1 4 1 3
310 0.179406 3 2 3 3 2 3 1 3 3 3 3 3 4 1 3 2 1 3 3 3 1 4 2 3 1 3 2 1 1 4 1 2 1 4 4 1 2 3 3 4 1 2 1 2 1 4 1 3 1 3 2 3 3 4 1 3 4 2 4 3 3 3 1 1 3 4 1 1 1 2 1 4 1 3 4 1 1 2 1 1 4 1 4 1 4 1 3 4 4 4 1 1 1 4 1 3
310 0.035297 3 2 3 3 4 3 1 3 3 3 3 3 4 1 3 2 1 3 1 3 1 4 2 3 1 3 2 1 1 4 3 2 1 4 4 1 2 3 3 4 1 2 1 2 1 4 1 3 1 3 2 3 3 4 1 3 4 2 4 3 3 3 1 1 3 4 1 1 1 2 1 4 1 3 4 1 1 2 1 1 4 1 4 1 4 1 3 4 2 4 1 1 1 4 1 3
310 0.035297 3 2 3 1 4 3 1 3 3 3 3 3 4 1 3 2 1 3 3 3 1 4 4 3 1 3 2 1 1 4 1 2 1 3 1 1 2 3 3 4 1 2 3 2 1 4 1 3 1 3 2 3 3 4 1 3 4 2 4 3 3 3 1 1 3 4 1 1 1 2 1 4 1 3 4 1 1 2 1 1 4 1 4 1 4 3 3 4 4 4 1 1 3 4 1 3
310 0.179406 3 4 3 3 2 3 1 3 3 3 3 3 3 1 1 2 1 3 3 3 1 4 4 3 1 3 2 1 1 4 1 2 1 4 1 1 2 3 3 4 1 2 1 2 1 4 1 3 1 3 2 3 3 4 1 3 4 2 4 3 3 3 1 1 3 4 1 1 1 2 1 4 1 3 4 1 1 2 1 1 4 1 4 1 4 1 3 4 4 4 1 1 1 4 1 3
310 0.179406 3 2 3 1 2 3 1 3 3 1 3 3 4 4 3 2 1 3 3 3 1 4 2 3 1 3 2 1 1 4 1 2 1 4 1 1 4 3 3 4 1 2 1 4 1 4 1 3 1 3 2 3 3 4 1 3 4 2 4 1 3 3 1 1 3 4 1 1 1 2 1 4 1 3 4 1 1 2 1 1 4 1 4 1 4 1 3 4 4 4 1 1 1 4 1 3
310 0.035297 3 2 3 1 4 3 1 3 3 3 3 3 4 1 3 2 1 3 3 3 1 4 4 3 1 3 2 1 1 4 1 2 1 3 1 1 2 3 3 4 1 2 3 2 1 4 1 3 1 3 2 3 3 4 1 3 4 2 4 3 3 3 1 1 3 4 1 1 1 2 1 4 1 3 4 1 1 2 1 1 4 1 4 1 4 3 3 4 4 4 1 1 1 4 1 3
310 0.035297 3 2 3 3 4 3 1 1 3 3 3 3 4 1 3 4 2 1 3 3 1 2 2 1 1 3 2 1 1 3 1 4 1 4 4 1 2 3 3 4 1 4 1 2 1 4 1 3 1 3 2 3 3 4 3 3 4 2 4 3 3 0 0 0 0 0 0 0 0 0 0 0 0 0 0 0 0 0 0 1 4 1 4 1 4 1 3 4 4 4 3 1 1 4 1 3
311 0.032720 1 2 1 3 4 3 1 3 3 3 3 3 4 1 3 2 1 3 3 3 1 4 2 3 1 3 2 1 1 4 1 2 1 4 4 1 2 3 3 1 1 2 1 2 1 2 1 1 1 3 2 1 3 3 1 3 4 2 2 3 1 3 1 1 3 4 1 1 1 2 1 4 1 3 4 1 1 2 1 3 4 1 4 1 4 1 3 4 4 4 1 1 1 4 1 3
311 0.184560 3 4 3 3 2 3 1 3 3 3 3 3 4 1 1 2 1 3 3 3 1 4 4 3 1 3 2 1 1 4 1 2 1 4 1 1 2 3 3 4 1 2 1 2 1 4 1 3 1 3 2 3 3 4 1 3 4 2 4 3 3 3 1 1 3 4 1 1 1 2 1 4 1 3 4 1 1 2 1 1 4 1 4 1 4 1 3 4 4 4 1 1 1 4 1 3
311 0.032720 3 2 3 3 4 3 1 3 3 3 3 3 4 1 3 2 1 3 3 3 1 4 2 3 1 3 2 1 1 4 1 2 1 4 1 1 2 3 3 4 1 2 1 2 1 4 1 3 1 3 2 3 3 4 1 3 4 2 4 3 3 3 1 1 3 4 1 1 1 2 1 4 1 3 4 1 1 2 1 1 4 1 4 1 4 1 3 4 4 4 1 1 1 4 1 3
311 0.032720 3 2 3 3 4 3 1 3 3 3 3 3 4 1 3 2 1 3 3 3 1 4 2 3 1 3 2 1 1 4 1 2 3 4 4 1 2 3 3 4 3 2 1 2 1 4 1 3 1 3 2 3 3 4 1 3 4 4 4 3 3 3 1 1 3 4 1 1 1 2 1 4 1 3 4 1 1 2 1 1 4 3 4 1 4 1 3 4 4 4 1 1 1 4 1 3
311 0.032720 3 2 3 3 4 3 1 3 3 3 3 3 4 1 3 2 1 3 3 3 1 4 2 3 1 3 2 1 1 4 1 2 1 4 4 1 2 3 3 4 3 2 1 2 1 4 1 3 1 3 2 3 3 4 1 3 4 2 4 3 3 3 1 1 3 4 1 1 1 2 1 4 1 3 4 1 1 2 1 1 4 1 4 1 4 1 3 4 4 4 1 1 1 4 1 3
311 0.184560 3 2 3 3 2 3 1 3 3 3 3 3 4 1 3 2 1 3 3 3 1 4 2 3 1 3 2 1 1 4 1 2 1 4 4 1 2 3 3 4 1 2 1 2 1 4 1 3 1 3 2 3 3 4 1 3 4 2 4 3 3 3 1 1 3 4 1 1 1 2 1 4 1 3 4 1 1 2 1 1 4 1 4 1 4 1 3 4 4 4 1 1 1 4 1 3
311 0.032720 3 2 3 3 4 3 1 3 3 3 3 3 4 1 3 2 1 3 1 3 1 4 2 3 1 3 2 1 1 4 3 2 1 4 4 1 2 3 3 4 1 2 1 2 1 4 1 3 1 3 2 3 3 4 1 3 4 2 4 3 3 3 1 1 3 4 1 1 1 2 1 4 1 3 4 1 1 2 1 1 4 1 4 1 4 1 3 4 2 4 1 1 1 4 1 3
311 0.032720 3 2 3 1 4 3 1 3 3 3 3 3 4 1 3 2 1 3 3 3 1 4 4 3 1 3 2 1 1 4 1 2 1 3 1 1 2 3 3 4 1 2 3 2 1 4 1 3 1 3 2 3 3 4 1 3 4 2 4 3 3 3 1 1 3 4 1 1 1 2 1 4 1 3 4 1 1 2 1 1 4 1 4 1 4 3 3 4 4 4 1 1 3 4 1 3
311 0.184560 3 4 3 3 2 3 1 3 3 3 3 3 3 1 1 2 1 3 3 3 1 4 4 3 1 3 2 1 1 4 1 2 1 4 1 1 2 3 3 4 1 2 1 2 1 4 1 3 1 3 2 3 3 4 1 3 4 2 4 3 3 3 1 1 3 4 1 1 1 2 1 4 1 3 4 1 1 2 1 1 4 1 4 1 4 1 3 4 4 4 1 1 1 4 1 3
311 0.184560 3 2 3 1 2 3 1 3 3 1 3 3 4 4 3 2 1 3 3 3 1 4 2 3 1 3 2 1 1 4 1 2 1 4 1 1 4 3 3 4 1 2 1 4 1 4 1 3 1 3 2 3 3 4 1 3 4 2 4 1 3 3 1 1 3 4 1 1 1 2 1 4 1 3 4 1 1 2 1 1 4 1 4 1 4 1 3 4 4 4 1 1 1 4 1 3
311 0.032720 3 2 3 1 4 3 1 3 3 3 3 3 4 1 3 2 1 3 3 3 1 4 4 3 1 3 2 1 1 4 1 2 1 3 1 1 2 3 3 4 1 2 3 2 1 4 1 3 1 3 2 3 3 4 1 3 4 2 4 3 3 3 1 1 3 4 1 1 1 2 1 4 1 3 4 1 1 2 1 1 4 1 4 1 4 3 3 4 4 4 1 1 1 4 1 3
311 0.032720 3 2 3 3 4 3 1 1 3 3 3 3 4 1 3 4 2 1 3 3 1 2 2 1 1 3 2 1 1 3 1 4 1 4 4 1 2 3 3 4 1 4 1 2 1 4 1 3 1 3 2 3 3 4 3 3 4 2 4 3 3 0 0 0 0 0 0 0 0 0 0 0 0 0 0 0 0 0 0 1 4 1 4 1 4 1 3 4 4 4 3 1 1 4 1 3
312 0.030263 1 2 1 3 4 3 1 3 3 3 3 3 4 1 3 2 1 3 3 3 1 4 2 3 1 3 2 1 1 4 1 2 1 4 4 1 2 3 3 1 1 2 1 2 1 2 1 1 1 3 2 1 3 3 1 3 4 2 2 3 1 3 1 1 3 4 1 1 1 2 1 4 1 3 4 1 1 2 1 3 4 1 4 1 4 1 3 4 4 4 1 1 1 4 1 3
312 0.189474 3 4 3 3 2 3 1 3 3 3 3 3 4 1 1 2 1 3 3 3 1 4 4 3 1 3 2 1 1 4 1 2 1 4 1 1 2 3 3 4 1 2 1 2 1 4 1 3 1 3 2 3 3 4 1 3 4 2 4 3 3 3 1 1 3 4 1 1 1 2 1 4 1 3 4 1 1 2 1 1 4 1 4 1 4 1 3 4 4 4 1 1 1 4 1 3
312 0.030263 3 2 3 3 4 3 1 3 3 3 3 3 4 1 3 2 1 3 3 3 1 4 2 3 1 3 2 1 1 4 1 2 1 4 1 1 2 3 3 4 1 2 1 2 1 4 1 3 1 3 2 3 3 4 1 3 4 2 4 3 3 3 1 1 3 4 1 1 1 2 1 4 1 3 4 1 1 2 1 1 4 1 4 1 4 1 3 4 4 4 1 1 1 4 1 3
312 0.030263 3 2 3 3 4 3 1 3 3 3 3 3 4 1 3 2 1 3 3 3 1 4 2 3 1 3 2 1 1 4 1 2 3 4 4 1 2 3 3 4 3 2 1 2 1 4 1 3 1 3 2 3 3 4 1 3 4 4 4 3 3 3 1 1 3 4 1 1 1 2 1 4 1 3 4 1 1 2 1 1 4 3 4 1 4 1 3 4 4 4 1 1 1 4 1 3
312 0.030263 3 2 3 3 4 3 1 3 3 3 3 3 4 1 3 2 1 3 3 3 1 4 2 3 1 3 2 1 1 4 1 2 1 4 4 1 2 3 3 4 3 2 1 2 1 4 1 3 1 3 2 3 3 4 1 3 4 2 4 3 3 3 1 1 3 4 1 1 1 2 1 4 1 3 4 1 1 2 1 1 4 1 4 1 4 1 3 4 4 4 1 1 1 4 1 3
312 0.189474 3 2 3 3 2 3 1 3 3 3 3 3 4 1 3 2 1 3 3 3 1 4 2 3 1 3 2 1 1 4 1 2 1 4 4 1 2 3 3 4 1 2 1 2 1 4 1 3 1 3 2 3 3 4 1 3 4 2 4 3 3 3 1 1 3 4 1 1 1 2 1 4 1 3 4 1 1 2 1 1 4 1 4 1 4 1 3 4 4 4 1 1 1 4 1 3
312 0.030263 3 2 3 3 4 3 1 3 3 3 3 3 4 1 3 2 1 3 1 3 1 4 2 3 1 3 2 1 1 4 3 2 1 4 4 1 2 3 3 4 1 2 1 2 1 4 1 3 1 3 2 3 3 4 1 3 4 2 4 3 3 3 1 1 3 4 1 1 1 2 1 4 1 3 4 1 1 2 1 1 4 1 4 1 4 1 3 4 2 4 1 1 1 4 1 3
312 0.030263 3 2 3 1 4 3 1 3 3 3 3 3 4 1 3 2 1 3 3 3 1 4 4 3 1 3 2 1 1 4 1 2 1 3 1 1 2 3 3 4 1 2 3 2 1 4 1 3 1 3 2 3 3 4 1 3 4 2 4 3 3 3 1 1 3 4 1 1 1 2 1 4 1 3 4 1 1 2 1 1 4 1 4 1 4 3 3 4 4 4 1 1 3 4 1 3
312 0.189474 3 4 3 3 2 3 1 3 3 3 3 3 3 1 1 2 1 3 3 3 1 4 4 3 1 3 2 1 1 4 1 2 1 4 1 1 2 3 3 4 1 2 1 2 1 4 1 3 1 3 2 3 3 4 1 3 4 2 4 3 3 3 1 1 3 4 1 1 1 2 1 4 1 3 4 1 1 2 1 1 4 1 4 1 4 1 3 4 4 4 1 1 1 4 1 3
312 0.189474 3 2 3 1 2 3 1 3 3 1 3 3 4 4 3 2 1 3 3 3 1 4 2 3 1 3 2 1 1 4 1 2 1 4 1 1 4 3 3 4 1 2 1 4 1 4 1 3 1 3 2 3 3 4 1 3 4 2 4 1 3 3 1 1 3 4 1 1 1 2 1 4 1 3 4 1 1 2 1 1 4 1 4 1 4 1 3 4 4 4 1 1 1 4 1 3
312 0.030263 3 2 3 1 4 3 1 3 3 3 3 3 4 1 3 2 1 3 3 3 1 4 4 3 1 3 2 1 1 4 1 2 1 3 1 1 2 3 3 4 1 2 3 2 1 4 1 3 1 3 2 3 3 4 1 3 4 2 4 3 3 3 1 1 3 4 1 1 1 2 1 4 1 3 4 1 1 2 1 1 4 1 4 1 4 3 3 4 4 4 1 1 1 4 1 3
312 0.030263 3 2 3 3 4 3 1 1 3 3 3 3 4 1 3 4 2 1 3 3 1 2 2 1 1 3 2 1 1 3 1 4 1 4 4 1 2 3 3 4 1 4 1 2 1 4 1 3 1 3 2 3 3 4 3 3 4 2 4 3 3 0 0 0 0 0 0 0 0 0 0 0 0 0 0 0 0 0 0 1 4 1 4 1 4 1 3 4 4 4 3 1 1 4 1 3
313 0.027931 1 2 1 3 4 3 1 3 3 3 3 3 4 1 3 2 1 3 3 3 1 4 2 3 1 3 2 1 1 4 1 2 1 4 4 1 2 3 3 1 1 2 1 2 1 2 1 1 1 3 2 1 3 3 1 3 4 2 2 3 1 3 1 1 3 4 1 1 1 2 1 4 1 3 4 1 1 2 1 3 4 1 4 1 4 1 3 4 4 4 1 1 1 4 1 3
313 0.194139 3 4 3 3 2 3 1 3 3 3 3 3 4 1 1 2 1 3 3 3 1 4 4 3 1 3 2 1 1 4 1 2 1 4 1 1 2 3 3 4 1 2 1 2 1 4 1 3 1 3 2 3 3 4 1 3 4 2 4 3 3 3 1 1 3 4 1 1 1 2 1 4 1 3 4 1 1 2 1 1 4 1 4 1 4 1 3 4 4 4 1 1 1 4 1 3
313 0.027931 3 2 3 3 4 3 1 3 3 3 3 3 4 1 3 2 1 3 3 3 1 4 2 3 1 3 2 1 1 4 1 2 1 4 1 1 2 3 3 4 1 2 1 2 1 4 1 3 1 3 2 3 3 4 1 3 4 2 4 3 3 3 1 1 3 4 1 1 1 2 1 4 1 3 4 1 1 2 1 1 4 1 4 1 4 1 3 4 4 4 1 1 1 4 1 3
313 0.027931 3 2 3 3 4 3 1 3 3 3 3 3 4 1 3 2 1 3 3 3 1 4 2 3 1 3 2 1 1 4 1 2 3 4 4 1 2 3 3 4 3 2 1 2 1 4 1 3 1 3 2 3 3 4 1 3 4 4 4 3 3 3 1 1 3 4 1 1 1 2 1 4 1 3 4 1 1 2 1 1 4 3 4 1 4 1 3 4 4 4 1 1 1 4 1 3
313 0.027931 3 2 3 3 4 3 1 3 3 3 3 3 4 1 3 2 1 3 3 3 1 4 2 3 1 3 2 1 1 4 1 2 1 4 4 1 2 3 3 4 3 2 1 2 1 4 1 3 1 3 2 3 3 4 1 3 4 2 4 3 3 3 1 1 3 4 1 1 1 2 1 4 1 3 4 1 1 2 1 1 4 1 4 1 4 1 3 4 4 4 1 1 1 4 1 3
313 0.194139 3 2 3 3 2 3 1 3 3 3 3 3 4 1 3 2 1 3 3 3 1 4 2 3 1 3 2 1 1 4 1 2 1 4 4 1 2 3 3 4 1 2 1 2 1 4 1 3 1 3 2 3 3 4 1 3 4 2 4 3 3 3 1 1 3 4 1 1 1 2 1 4 1 3 4 1 1 2 1 1 4 1 4 1 4 1 3 4 4 4 1 1 1 4 1 3
313 0.027931 3 2 3 3 4 3 1 3 3 3 3 3 4 1 3 2 1 3 1 3 1 4 2 3 1 3 2 1 1 4 3 2 1 4 4 1 2 3 3 4 1 2 1 2 1 4 1 3 1 3 2 3 3 4 1 3 4 2 4 3 3 3 1 1 3 4 1 1 1 2 1 4 1 3 4 1 1 2 1 1 4 1 4 1 4 1 3 4 2 4 1 1 1 4 1 3
313 0.027931 3 2 3 1 4 3 1 3 3 3 3 3 4 1 3 2 1 3 3 3 1 4 4 3 1 3 2 1 1 4 1 2 1 3 1 1 2 3 3 4 1 2 3 2 1 4 1 3 1 3 2 3 3 4 1 3 4 2 4 3 3 3 1 1 3 4 1 1 1 2 1 4 1 3 4 1 1 2 1 1 4 1 4 1 4 3 3 4 4 4 1 1 3 4 1 3
313 0.194139 3 4 3 3 2 3 1 3 3 3 3 3 3 1 1 2 1 3 3 3 1 4 4 3 1 3 2 1 1 4 1 2 1 4 1 1 2 3 3 4 1 2 1 2 1 4 1 3 1 3 2 3 3 4 1 3 4 2 4 3 3 3 1 1 3 4 1 1 1 2 1 4 1 3 4 1 1 2 1 1 4 1 4 1 4 1 3 4 4 4 1 1 1 4 1 3
313 0.194139 3 2 3 1 2 3 1 3 3 1 3 3 4 4 3 2 1 3 3 3 1 4 2 3 1 3 2 1 1 4 1 2 1 4 1 1 4 3 3 4 1 2 1 4 1 4 1 3 1 3 2 3 3 4 1 3 4 2 4 1 3 3 1 1 3 4 1 1 1 2 1 4 1 3 4 1 1 2 1 1 4 1 4 1 4 1 3 4 4 4 1 1 1 4 1 3
313 0.027931 3 2 3 1 4 3 1 3 3 3 3 3 4 1 3 2 1 3 3 3 1 4 4 3 1 3 2 1 1 4 1 2 1 3 1 1 2 3 3 4 1 2 3 2 1 4 1 3 1 3 2 3 3 4 1 3 4 2 4 3 3 3 1 1 3 4 1 1 1 2 1 4 1 3 4 1 1 2 1 1 4 1 4 1 4 3 3 4 4 4 1 1 1 4 1 3
313 0.027931 3 2 3 3 4 3 1 1 3 3 3 3 4 1 3 4 2 1 3 3 1 2 2 1 1 3 2 1 1 3 1 4 1 4 4 1 2 3 3 4 1 4 1 2 1 4 1 3 1 3 2 3 3 4 3 3 4 2 4 3 3 0 0 0 0 0 0 0 0 0 0 0 0 0 0 0 0 0 0 1 4 1 4 1 4 1 3 4 4 4 3 1 1 4 1 3
314 0.025724 1 2 1 3 4 3 1 3 3 3 3 3 4 1 3 2 1 3 3 3 1 4 2 3 1 3 2 1 1 4 1 2 1 4 4 1 2 3 3 1 1 2 1 2 1 2 1 1 1 3 2 1 3 3 1 3 4 2 2 3 1 3 1 1 3 4 1 1 1 2 1 4 1 3 4 1 1 2 1 3 4 1 4 1 4 1 3 4 4 4 1 1 1 4 1 3
314 0.198551 3 4 3 3 2 3 1 3 3 3 3 3 4 1 1 2 1 3 3 3 1 4 4 3 1 3 2 1 1 4 1 2 1 4 1 1 2 3 3 4 1 2 1 2 1 4 1 3 1 3 2 3 3 4 1 3 4 2 4 3 3 3 1 1 3 4 1 1 1 2 1 4 1 3 4 1 1 2 1 1 4 1 4 1 4 1 3 4 4 4 1 1 1 4 1 3
314 0.025724 3 2 3 3 4 3 1 3 3 3 3 3 4 1 3 2 1 3 3 3 1 4 2 3 1 3 2 1 1 4 1 2 1 4 1 1 2 3 3 4 1 2 1 2 1 4 1 3 1 3 2 3 3 4 1 3 4 2 4 3 3 3 1 1 3 4 1 1 1 2 1 4 1 3 4 1 1 2 1 1 4 1 4 1 4 1 3 4 4 4 1 1 1 4 1 3
314 0.025724 3 2 3 3 4 3 1 3 3 3 3 3 4 1 3 2 1 3 3 3 1 4 2 3 1 3 2 1 1 4 1 2 3 4 4 1 2 3 3 4 3 2 1 2 1 4 1 3 1 3 2 3 3 4 1 3 4 4 4 3 3 3 1 1 3 4 1 1 1 2 1 4 1 3 4 1 1 2 1 1 4 3 4 1 4 1 3 4 4 4 1 1 1 4 1 3
314 0.025724 3 2 3 3 4 3 1 3 3 3 3 3 4 1 3 2 1 3 3 3 1 4 2 3 1 3 2 1 1 4 1 2 1 4 4 1 2 3 3 4 3 2 1 2 1 4 1 3 1 3 2 3 3 4 1 3 4 2 4 3 3 3 1 1 3 4 1 1 1 2 1 4 1 3 4 1 1 2 1 1 4 1 4 1 4 1 3 4 4 4 1 1 1 4 1 3
314 0.198551 3 2 3 3 2 3 1 3 3 3 3 3 4 1 3 2 1 3 3 3 1 4 2 3 1 3 2 1 1 4 1 2 1 4 4 1 2 3 3 4 1 2 1 2 1 4 1 3 1 3 2 3 3 4 1 3 4 2 4 3 3 3 1 1 3 4 1 1 1 2 1 4 1 3 4 1 1 2 1 1 4 1 4 1 4 1 3 4 4 4 1 1 1 4 1 3
314 0.025724 3 2 3 3 4 3 1 3 3 3 3 3 4 1 3 2 1 3 1 3 1 4 2 3 1 3 2 1 1 4 3 2 1 4 4 1 2 3 3 4 1 2 1 2 1 4 1 3 1 3 2 3 3 4 1 3 4 2 4 3 3 3 1 1 3 4 1 1 1 2 1 4 1 3 4 1 1 2 1 1 4 1 4 1 4 1 3 4 2 4 1 1 1 4 1 3
314 0.025724 3 2 3 1 4 3 1 3 3 3 3 3 4 1 3 2 1 3 3 3 1 4 4 3 1 3 2 1 1 4 1 2 1 3 1 1 2 3 3 4 1 2 3 2 1 4 1 3 1 3 2 3 3 4 1 3 4 2 4 3 3 3 1 1 3 4 1 1 1 2 1 4 1 3 4 1 1 2 1 1 4 1 4 1 4 3 3 4 4 4 1 1 3 4 1 3
314 0.198551 3 4 3 3 2 3 1 3 3 3 3 3 3 1 1 2 1 3 3 3 1 4 4 3 1 3 2 1 1 4 1 2 1 4 1 1 2 3 3 4 1 2 1 2 1 4 1 3 1 3 2 3 3 4 1 3 4 2 4 3 3 3 1 1 3 4 1 1 1 2 1 4 1 3 4 1 1 2 1 1 4 1 4 1 4 1 3 4 4 4 1 1 1 4 1 3
314 0.198551 3 2 3 1 2 3 1 3 3 1 3 3 4 4 3 2 1 3 3 3 1 4 2 3 1 3 2 1 1 4 1 2 1 4 1 1 4 3 3 4 1 2 1 4 1 4 1 3 1 3 2 3 3 4 1 3 4 2 4 1 3 3 1 1 3 4 1 1 1 2 1 4 1 3 4 1 1 2 1 1 4 1 4 1 4 1 3 4 4 4 1 1 1 4 1 3
314 0.025724 3 2 3 1 4 3 1 3 3 3 3 3 4 1 3 2 1 3 3 3 1 4 4 3 1 3 2 1 1 4 1 2 1 3 1 1 2 3 3 4 1 2 3 2 1 4 1 3 1 3 2 3 3 4 1 3 4 2 4 3 3 3 1 1 3 4 1 1 1 2 1 4 1 3 4 1 1 2 1 1 4 1 4 1 4 3 3 4 4 4 1 1 1 4 1 3
314 0.025724 3 2 3 3 4 3 1 1 3 3 3 3 4 1 3 4 2 1 3 3 1 2 2 1 1 3 2 1 1 3 1 4 1 4 4 1 2 3 3 4 1 4 1 2 1 4 1 3 1 3 2 3 3 4 3 3 4 2 4 3 3 0 0 0 0 0 0 0 0 0 0 0 0 0 0 0 0 0 0 1 4 1 4 1 4 1 3 4 4 4 3 1 1 4 1 3
315 0.023645 1 2 1 3 4 3 1 3 3 3 3 3 4 1 3 2 1 3 3 3 1 4 2 3 1 3 2 1 1 4 1 2 1 4 4 1 2 3 3 1 1 2 1 2 1 2 1 1 1 3 2 1 3 3 1 3 4 2 2 3 1 3 1 1 3 4 1 1 1 2 1 4 1 3 4 1 1 2 1 3 4 1 4 1 4 1 3 4 4 4 1 1 1 4 1 3
315 0.202710 3 4 3 3 2 3 1 3 3 3 3 3 4 1 1 2 1 3 3 3 1 4 4 3 1 3 2 1 1 4 1 2 1 4 1 1 2 3 3 4 1 2 1 2 1 4 1 3 1 3 2 3 3 4 1 3 4 2 4 3 3 3 1 1 3 4 1 1 1 2 1 4 1 3 4 1 1 2 1 1 4 1 4 1 4 1 3 4 4 4 1 1 1 4 1 3
315 0.023645 3 2 3 3 4 3 1 3 3 3 3 3 4 1 3 2 1 3 3 3 1 4 2 3 1 3 2 1 1 4 1 2 1 4 1 1 2 3 3 4 1 2 1 2 1 4 1 3 1 3 2 3 3 4 1 3 4 2 4 3 3 3 1 1 3 4 1 1 1 2 1 4 1 3 4 1 1 2 1 1 4 1 4 1 4 1 3 4 4 4 1 1 1 4 1 3
315 0.023645 3 2 3 3 4 3 1 3 3 3 3 3 4 1 3 2 1 3 3 3 1 4 2 3 1 3 2 1 1 4 1 2 3 4 4 1 2 3 3 4 3 2 1 2 1 4 1 3 1 3 2 3 3 4 1 3 4 4 4 3 3 3 1 1 3 4 1 1 1 2 1 4 1 3 4 1 1 2 1 1 4 3 4 1 4 1 3 4 4 4 1 1 1 4 1 3
315 0.023645 3 2 3 3 4 3 1 3 3 3 3 3 4 1 3 2 1 3 3 3 1 4 2 3 1 3 2 1 1 4 1 2 1 4 4 1 2 3 3 4 3 2 1 2 1 4 1 3 1 3 2 3 3 4 1 3 4 2 4 3 3 3 1 1 3 4 1 1 1 2 1 4 1 3 4 1 1 2 1 1 4 1 4 1 4 1 3 4 4 4 1 1 1 4 1 3
315 0.202710 3 2 3 3 2 3 1 3 3 3 3 3 4 1 3 2 1 3 3 3 1 4 2 3 1 3 2 1 1 4 1 2 1 4 4 1 2 3 3 4 1 2 1 2 1 4 1 3 1 3 2 3 3 4 1 3 4 2 4 3 3 3 1 1 3 4 1 1 1 2 1 4 1 3 4 1 1 2 1 1 4 1 4 1 4 1 3 4 4 4 1 1 1 4 1 3
315 0.023645 3 2 3 3 4 3 1 3 3 3 3 3 4 1 3 2 1 3 1 3 1 4 2 3 1 3 2 1 1 4 3 2 1 4 4 1 2 3 3 4 1 2 1 2 1 4 1 3 1 3 2 3 3 4 1 3 4 2 4 3 3 3 1 1 3 4 1 1 1 2 1 4 1 3 4 1 1 2 1 1 4 1 4 1 4 1 3 4 2 4 1 1 1 4 1 3
315 0.023645 3 2 3 1 4 3 1 3 3 3 3 3 4 1 3 2 1 3 3 3 1 4 4 3 1 3 2 1 1 4 1 2 1 3 1 1 2 3 3 4 1 2 3 2 1 4 1 3 1 3 2 3 3 4 1 3 4 2 4 3 3 3 1 1 3 4 1 1 1 2 1 4 1 3 4 1 1 2 1 1 4 1 4 1 4 3 3 4 4 4 1 1 3 4 1 3
315 0.202710 3 4 3 3 2 3 1 3 3 3 3 3 3 1 1 2 1 3 3 3 1 4 4 3 1 3 2 1 1 4 1 2 1 4 1 1 2 3 3 4 1 2 1 2 1 4 1 3 1 3 2 3 3 4 1 3 4 2 4 3 3 3 1 1 3 4 1 1 1 2 1 4 1 3 4 1 1 2 1 1 4 1 4 1 4 1 3 4 4 4 1 1 1 4 1 3
315 0.202710 3 2 3 1 2 3 1 3 3 1 3 3 4 4 3 2 1 3 3 3 1 4 2 3 1 3 2 1 1 4 1 2 1 4 1 1 4 3 3 4 1 2 1 4 1 4 1 3 1 3 2 3 3 4 1 3 4 2 4 1 3 3 1 1 3 4 1 1 1 2 1 4 1 3 4 1 1 2 1 1 4 1 4 1 4 1 3 4 4 4 1 1 1 4 1 3
315 0.023645 3 2 3 1 4 3 1 3 3 3 3 3 4 1 3 2 1 3 3 3 1 4 4 3 1 3 2 1 1 4 1 2 1 3 1 1 2 3 3 4 1 2 3 2 1 4 1 3 1 3 2 3 3 4 1 3 4 2 4 3 3 3 1 1 3 4 1 1 1 2 1 4 1 3 4 1 1 2 1 1 4 1 4 1 4 3 3 4 4 4 1 1 1 4 1 3
315 0.023645 3 2 3 3 4 3 1 1 3 3 3 3 4 1 3 4 2 1 3 3 1 2 2 1 1 3 2 1 1 3 1 4 1 4 4 1 2 3 3 4 1 4 1 2 1 4 1 3 1 3 2 3 3 4 3 3 4 2 4 3 3 0 0 0 0 0 0 0 0 0 0 0 0 0 0 0 0 0 0 1 4 1 4 1 4 1 3 4 4 4 3 1 1 4 1 3
316 0.021692 1 2 1 3 4 3 1 3 3 3 3 3 4 1 3 2 1 3 3 3 1 4 2 3 1 3 2 1 1 4 1 2 1 4 4 1 2 3 3 1 1 2 1 2 1 2 1 1 1 3 2 1 3 3 1 3 4 2 2 3 1 3 1 1 3 4 1 1 1 2 1 4 1 3 4 1 1 2 1 3 4 1 4 1 4 1 3 4 4 4 1 1 1 4 1 3
316 0.206616 3 4 3 3 2 3 1 3 3 3 3 3 4 1 1 2 1 3 3 3 1 4 4 3 1 3 2 1 1 4 1 2 1 4 1 1 2 3 3 4 1 2 1 2 1 4 1 3 1 3 2 3 3 4 1 3 4 2 4 3 3 3 1 1 3 4 1 1 1 2 1 4 1 3 4 1 1 2 1 1 4 1 4 1 4 1 3 4 4 4 1 1 1 4 1 3
316 0.021692 3 2 3 3 4 3 1 3 3 3 3 3 4 1 3 2 1 3 3 3 1 4 2 3 1 3 2 1 1 4 1 2 1 4 1 1 2 3 3 4 1 2 1 2 1 4 1 3 1 3 2 3 3 4 1 3 4 2 4 3 3 3 1 1 3 4 1 1 1 2 1 4 1 3 4 1 1 2 1 1 4 1 4 1 4 1 3 4 4 4 1 1 1 4 1 3
316 0.021692 3 2 3 3 4 3 1 3 3 3 3 3 4 1 3 2 1 3 3 3 1 4 2 3 1 3 2 1 1 4 1 2 3 4 4 1 2 3 3 4 3 2 1 2 1 4 1 3 1 3 2 3 3 4 1 3 4 4 4 3 3 3 1 1 3 4 1 1 1 2 1 4 1 3 4 1 1 2 1 1 4 3 4 1 4 1 3 4 4 4 1 1 1 4 1 3
316 0.021692 3 2 3 3 4 3 1 3 3 3 3 3 4 1 3 2 1 3 3 3 1 4 2 3 1 3 2 1 1 4 1 2 1 4 4 1 2 3 3 4 3 2 1 2 1 4 1 3 1 3 2 3 3 4 1 3 4 2 4 3 3 3 1 1 3 4 1 1 1 2 1 4 1 3 4 1 1 2 1 1 4 1 4 1 4 1 3 4 4 4 1 1 1 4 1 3
316 0.206616 3 2 3 3 2 3 1 3 3 3 3 3 4 1 3 2 1 3 3 3 1 4 2 3 1 3 2 1 1 4 1 2 1 4 4 1 2 3 3 4 1 2 1 2 1 4 1 3 1 3 2 3 3 4 1 3 4 2 4 3 3 3 1 1 3 4 1 1 1 2 1 4 1 3 4 1 1 2 1 1 4 1 4 1 4 1 3 4 4 4 1 1 1 4 1 3
316 0.021692 3 2 3 3 4 3 1 3 3 3 3 3 4 1 3 2 1 3 1 3 1 4 2 3 1 3 2 1 1 4 3 2 1 4 4 1 2 3 3 4 1 2 1 2 1 4 1 3 1 3 2 3 3 4 1 3 4 2 4 3 3 3 1 1 3 4 1 1 1 2 1 4 1 3 4 1 1 2 1 1 4 1 4 1 4 1 3 4 2 4 1 1 1 4 1 3
316 0.021692 3 2 3 1 4 3 1 3 3 3 3 3 4 1 3 2 1 3 3 3 1 4 4 3 1 3 2 1 1 4 1 2 1 3 1 1 2 3 3 4 1 2 3 2 1 4 1 3 1 3 2 3 3 4 1 3 4 2 4 3 3 3 1 1 3 4 1 1 1 2 1 4 1 3 4 1 1 2 1 1 4 1 4 1 4 3 3 4 4 4 1 1 3 4 1 3
316 0.206616 3 4 3 3 2 3 1 3 3 3 3 3 3 1 1 2 1 3 3 3 1 4 4 3 1 3 2 1 1 4 1 2 1 4 1 1 2 3 3 4 1 2 1 2 1 4 1 3 1 3 2 3 3 4 1 3 4 2 4 3 3 3 1 1 3 4 1 1 1 2 1 4 1 3 4 1 1 2 1 1 4 1 4 1 4 1 3 4 4 4 1 1 1 4 1 3
316 0.206616 3 2 3 1 2 3 1 3 3 1 3 3 4 4 3 2 1 3 3 3 1 4 2 3 1 3 2 1 1 4 1 2 1 4 1 1 4 3 3 4 1 2 1 4 1 4 1 3 1 3 2 3 3 4 1 3 4 2 4 1 3 3 1 1 3 4 1 1 1 2 1 4 1 3 4 1 1 2 1 1 4 1 4 1 4 1 3 4 4 4 1 1 1 4 1 3
316 0.021692 3 2 3 1 4 3 1 3 3 3 3 3 4 1 3 2 1 3 3 3 1 4 4 3 1 3 2 1 1 4 1 2 1 3 1 1 2 3 3 4 1 2 3 2 1 4 1 3 1 3 2 3 3 4 1 3 4 2 4 3 3 3 1 1 3 4 1 1 1 2 1 4 1 3 4 1 1 2 1 1 4 1 4 1 4 3 3 4 4 4 1 1 1 4 1 3
316 0.021692 3 2 3 3 4 3 1 1 3 3 3 3 4 1 3 4 2 1 3 3 1 2 2 1 1 3 2 1 1 3 1 4 1 4 4 1 2 3 3 4 1 4 1 2 1 4 1 3 1 3 2 3 3 4 3 3 4 2 4 3 3 0 0 0 0 0 0 0 0 0 0 0 0 0 0 0 0 0 0 1 4 1 4 1 4 1 3 4 4 4 3 1 1 4 1 3
317 0.019863 1 2 1 3 4 3 1 3 3 3 3 3 4 1 3 2 1 3 3 3 1 4 2 3 1 3 2 1 1 4 1 2 1 4 4 1 2 3 3 1 1 2 1 2 1 2 1 1 1 3 2 1 3 3 1 3 4 2 2 3 1 3 1 1 3 4 1 1 1 2 1 4 1 3 4 1 1 2 1 3 4 1 4 1 4 1 3 4 4 4 1 1 1 4 1 3
317 0.210275 3 4 3 3 2 3 1 3 3 3 3 3 4 1 1 2 1 3 3 3 1 4 4 3 1 3 2 1 1 4 1 2 1 4 1 1 2 3 3 4 1 2 1 2 1 4 1 3 1 3 2 3 3 4 1 3 4 2 4 3 3 3 1 1 3 4 1 1 1 2 1 4 1 3 4 1 1 2 1 1 4 1 4 1 4 1 3 4 4 4 1 1 1 4 1 3
317 0.019863 3 2 3 3 4 3 1 3 3 3 3 3 4 1 3 2 1 3 3 3 1 4 2 3 1 3 2 1 1 4 1 2 1 4 1 1 2 3 3 4 1 2 1 2 1 4 1 3 1 3 2 3 3 4 1 3 4 2 4 3 3 3 1 1 3 4 1 1 1 2 1 4 1 3 4 1 1 2 1 1 4 1 4 1 4 1 3 4 4 4 1 1 1 4 1 3
317 0.019863 3 2 3 3 4 3 1 3 3 3 3 3 4 1 3 2 1 3 3 3 1 4 2 3 1 3 2 1 1 4 1 2 3 4 4 1 2 3 3 4 3 2 1 2 1 4 1 3 1 3 2 3 3 4 1 3 4 4 4 3 3 3 1 1 3 4 1 1 1 2 1 4 1 3 4 1 1 2 1 1 4 3 4 1 4 1 3 4 4 4 1 1 1 4 1 3
317 0.019863 3 2 3 3 4 3 1 3 3 3 3 3 4 1 3 2 1 3 3 3 1 4 2 3 1 3 2 1 1 4 1 2 1 4 4 1 2 3 3 4 3 2 1 2 1 4 1 3 1 3 2 3 3 4 1 3 4 2 4 3 3 3 1 1 3 4 1 1 1 2 1 4 1 3 4 1 1 2 1 1 4 1 4 1 4 1 3 4 4 4 1 1 1 4 1 3
317 0.210275 3 2 3 3 2 3 1 3 3 3 3 3 4 1 3 2 1 3 3 3 1 4 2 3 1 3 2 1 1 4 1 2 1 4 4 1 2 3 3 4 1 2 1 2 1 4 1 3 1 3 2 3 3 4 1 3 4 2 4 3 3 3 1 1 3 4 1 1 1 2 1 4 1 3 4 1 1 2 1 1 4 1 4 1 4 1 3 4 4 4 1 1 1 4 1 3
317 0.019863 3 2 3 3 4 3 1 3 3 3 3 3 4 1 3 2 1 3 1 3 1 4 2 3 1 3 2 1 1 4 3 2 1 4 4 1 2 3 3 4 1 2 1 2 1 4 1 3 1 3 2 3 3 4 1 3 4 2 4 3 3 3 1 1 3 4 1 1 1 2 1 4 1 3 4 1 1 2 1 1 4 1 4 1 4 1 3 4 2 4 1 1 1 4 1 3
317 0.019863 3 2 3 1 4 3 1 3 3 3 3 3 4 1 3 2 1 3 3 3 1 4 4 3 1 3 2 1 1 4 1 2 1 3 1 1 2 3 3 4 1 2 3 2 1 4 1 3 1 3 2 3 3 4 1 3 4 2 4 3 3 3 1 1 3 4 1 1 1 2 1 4 1 3 4 1 1 2 1 1 4 1 4 1 4 3 3 4 4 4 1 1 3 4 1 3
317 0.210275 3 4 3 3 2 3 1 3 3 3 3 3 3 1 1 2 1 3 3 3 1 4 4 3 1 3 2 1 1 4 1 2 1 4 1 1 2 3 3 4 1 2 1 2 1 4 1 3 1 3 2 3 3 4 1 3 4 2 4 3 3 3 1 1 3 4 1 1 1 2 1 4 1 3 4 1 1 2 1 1 4 1 4 1 4 1 3 4 4 4 1 1 1 4 1 3
317 0.210275 3 2 3 1 2 3 1 3 3 1 3 3 4 4 3 2 1 3 3 3 1 4 2 3 1 3 2 1 1 4 1 2 1 4 1 1 4 3 3 4 1 2 1 4 1 4 1 3 1 3 2 3 3 4 1 3 4 2 4 1 3 3 1 1 3 4 1 1 1 2 1 4 1 3 4 1 1 2 1 1 4 1 4 1 4 1 3 4 4 4 1 1 1 4 1 3
317 0.019863 3 2 3 1 4 3 1 3 3 3 3 3 4 1 3 2 1 3 3 3 1 4 4 3 1 3 2 1 1 4 1 2 1 3 1 1 2 3 3 4 1 2 3 2 1 4 1 3 1 3 2 3 3 4 1 3 4 2 4 3 3 3 1 1 3 4 1 1 1 2 1 4 1 3 4 1 1 2 1 1 4 1 4 1 4 3 3 4 4 4 1 1 1 4 1 3
317 0.019863 3 2 3 3 4 3 1 1 3 3 3 3 4 1 3 4 2 1 3 3 1 2 2 1 1 3 2 1 1 3 1 4 1 4 4 1 2 3 3 4 1 4 1 2 1 4 1 3 1 3 2 3 3 4 3 3 4 2 4 3 3 0 0 0 0 0 0 0 0 0 0 0 0 0 0 0 0 0 0 1 4 1 4 1 4 1 3 4 4 4 3 1 1 4 1 3
318 0.018155 1 2 1 3 4 3 1 3 3 3 3 3 4 1 3 2 1 3 3 3 1 4 2 3 1 3 2 1 1 4 1 2 1 4 4 1 2 3 3 1 1 2 1 2 1 2 1 1 1 3 2 1 3 3 1 3 4 2 2 3 1 3 1 1 3 4 1 1 1 2 1 4 1 3 4 1 1 2 1 3 4 1 4 1 4 1 3 4 4 4 1 1 1 4 1 3
318 0.213690 3 4 3 3 2 3 1 3 3 3 3 3 4 1 1 2 1 3 3 3 1 4 4 3 1 3 2 1 1 4 1 2 1 4 1 1 2 3 3 4 1 2 1 2 1 4 1 3 1 3 2 3 3 4 1 3 4 2 4 3 3 3 1 1 3 4 1 1 1 2 1 4 1 3 4 1 1 2 1 1 4 1 4 1 4 1 3 4 4 4 1 1 1 4 1 3
318 0.018155 3 2 3 3 4 3 1 3 3 3 3 3 4 1 3 2 1 3 3 3 1 4 2 3 1 3 2 1 1 4 1 2 1 4 1 1 2 3 3 4 1 2 1 2 1 4 1 3 1 3 2 3 3 4 1 3 4 2 4 3 3 3 1 1 3 4 1 1 1 2 1 4 1 3 4 1 1 2 1 1 4 1 4 1 4 1 3 4 4 4 1 1 1 4 1 3
318 0.018155 3 2 3 3 4 3 1 3 3 3 3 3 4 1 3 2 1 3 3 3 1 4 2 3 1 3 2 1 1 4 1 2 3 4 4 1 2 3 3 4 3 2 1 2 1 4 1 3 1 3 2 3 3 4 1 3 4 4 4 3 3 3 1 1 3 4 1 1 1 2 1 4 1 3 4 1 1 2 1 1 4 3 4 1 4 1 3 4 4 4 1 1 1 4 1 3
318 0.018155 3 2 3 3 4 3 1 3 3 3 3 3 4 1 3 2 1 3 3 3 1 4 2 3 1 3 2 1 1 4 1 2 1 4 4 1 2 3 3 4 3 2 1 2 1 4 1 3 1 3 2 3 3 4 1 3 4 2 4 3 3 3 1 1 3 4 1 1 1 2 1 4 1 3 4 1 1 2 1 1 4 1 4 1 4 1 3 4 4 4 1 1 1 4 1 3
318 0.213690 3 2 3 3 2 3 1 3 3 3 3 3 4 1 3 2 1 3 3 3 1 4 2 3 1 3 2 1 1 4 1 2 1 4 4 1 2 3 3 4 1 2 1 2 1 4 1 3 1 3 2 3 3 4 1 3 4 2 4 3 3 3 1 1 3 4 1 1 1 2 1 4 1 3 4 1 1 2 1 1 4 1 4 1 4 1 3 4 4 4 1 1 1 4 1 3
318 0.018155 3 2 3 3 4 3 1 3 3 3 3 3 4 1 3 2 1 3 1 3 1 4 2 3 1 3 2 1 1 4 3 2 1 4 4 1 2 3 3 4 1 2 1 2 1 4 1 3 1 3 2 3 3 4 1 3 4 2 4 3 3 3 1 1 3 4 1 1 1 2 1 4 1 3 4 1 1 2 1 1 4 1 4 1 4 1 3 4 2 4 1 1 1 4 1 3
318 0.018155 3 2 3 1 4 3 1 3 3 3 3 3 4 1 3 2 1 3 3 3 1 4 4 3 1 3 2 1 1 4 1 2 1 3 1 1 2 3 3 4 1 2 3 2 1 4 1 3 1 3 2 3 3 4 1 3 4 2 4 3 3 3 1 1 3 4 1 1 1 2 1 4 1 3 4 1 1 2 1 1 4 1 4 1 4 3 3 4 4 4 1 1 3 4 1 3
318 0.213690 3 4 3 3 2 3 1 3 3 3 3 3 3 1 1 2 1 3 3 3 1 4 4 3 1 3 2 1 1 4 1 2 1 4 1 1 2 3 3 4 1 2 1 2 1 4 1 3 1 3 2 3 3 4 1 3 4 2 4 3 3 3 1 1 3 4 1 1 1 2 1 4 1 3 4 1 1 2 1 1 4 1 4 1 4 1 3 4 4 4 1 1 1 4 1 3
318 0.213690 3 2 3 1 2 3 1 3 3 1 3 3 4 4 3 2 1 3 3 3 1 4 2 3 1 3 2 1 1 4 1 2 1 4 1 1 4 3 3 4 1 2 1 4 1 4 1 3 1 3 2 3 3 4 1 3 4 2 4 1 3 3 1 1 3 4 1 1 1 2 1 4 1 3 4 1 1 2 1 1 4 1 4 1 4 1 3 4 4 4 1 1 1 4 1 3
318 0.018155 3 2 3 1 4 3 1 3 3 3 3 3 4 1 3 2 1 3 3 3 1 4 4 3 1 3 2 1 1 4 1 2 1 3 1 1 2 3 3 4 1 2 3 2 1 4 1 3 1 3 2 3 3 4 1 3 4 2 4 3 3 3 1 1 3 4 1 1 1 2 1 4 1 3 4 1 1 2 1 1 4 1 4 1 4 3 3 4 4 4 1 1 1 4 1 3
318 0.018155 3 2 3 3 4 3 1 1 3 3 3 3 4 1 3 4 2 1 3 3 1 2 2 1 1 3 2 1 1 3 1 4 1 4 4 1 2 3 3 4 1 4 1 2 1 4 1 3 1 3 2 3 3 4 3 3 4 2 4 3 3 0 0 0 0 0 0 0 0 0 0 0 0 0 0 0 0 0 0 1 4 1 4 1 4 1 3 4 4 4 3 1 1 4 1 3
319 0.016565 1 2 1 3 4 3 1 3 3 3 3 3 4 1 3 2 1 3 3 3 1 4 2 3 1 3 2 1 1 4 1 2 1 4 4 1 2 3 3 1 1 2 1 2 1 2 1 1 1 3 2 1 3 3 1 3 4 2 2 3 1 3 1 1 3 4 1 1 1 2 1 4 1 3 4 1 1 2 1 3 4 1 4 1 4 1 3 4 4 4 1 1 1 4 1 3
319 0.216870 3 4 3 3 2 3 1 3 3 3 3 3 4 1 1 2 1 3 3 3 1 4 4 3 1 3 2 1 1 4 1 2 1 4 1 1 2 3 3 4 1 2 1 2 1 4 1 3 1 3 2 3 3 4 1 3 4 2 4 3 3 3 1 1 3 4 1 1 1 2 1 4 1 3 4 1 1 2 1 1 4 1 4 1 4 1 3 4 4 4 1 1 1 4 1 3
319 0.016565 3 2 3 3 4 3 1 3 3 3 3 3 4 1 3 2 1 3 3 3 1 4 2 3 1 3 2 1 1 4 1 2 1 4 1 1 2 3 3 4 1 2 1 2 1 4 1 3 1 3 2 3 3 4 1 3 4 2 4 3 3 3 1 1 3 4 1 1 1 2 1 4 1 3 4 1 1 2 1 1 4 1 4 1 4 1 3 4 4 4 1 1 1 4 1 3
319 0.016565 3 2 3 3 4 3 1 3 3 3 3 3 4 1 3 2 1 3 3 3 1 4 2 3 1 3 2 1 1 4 1 2 3 4 4 1 2 3 3 4 3 2 1 2 1 4 1 3 1 3 2 3 3 4 1 3 4 4 4 3 3 3 1 1 3 4 1 1 1 2 1 4 1 3 4 1 1 2 1 1 4 3 4 1 4 1 3 4 4 4 1 1 1 4 1 3
319 0.016565 3 2 3 3 4 3 1 3 3 3 3 3 4 1 3 2 1 3 3 3 1 4 2 3 1 3 2 1 1 4 1 2 1 4 4 1 2 3 3 4 3 2 1 2 1 4 1 3 1 3 2 3 3 4 1 3 4 2 4 3 3 3 1 1 3 4 1 1 1 2 1 4 1 3 4 1 1 2 1 1 4 1 4 1 4 1 3 4 4 4 1 1 1 4 1 3
319 0.216870 3 2 3 3 2 3 1 3 3 3 3 3 4 1 3 2 1 3 3 3 1 4 2 3 1 3 2 1 1 4 1 2 1 4 4 1 2 3 3 4 1 2 1 2 1 4 1 3 1 3 2 3 3 4 1 3 4 2 4 3 3 3 1 1 3 4 1 1 1 2 1 4 1 3 4 1 1 2 1 1 4 1 4 1 4 1 3 4 4 4 1 1 1 4 1 3
319 0.016565 3 2 3 3 4 3 1 3 3 3 3 3 4 1 3 2 1 3 1 3 1 4 2 3 1 3 2 1 1 4 3 2 1 4 4 1 2 3 3 4 1 2 1 2 1 4 1 3 1 3 2 3 3 4 1 3 4 2 4 3 3 3 1 1 3 4 1 1 1 2 1 4 1 3 4 1 1 2 1 1 4 1 4 1 4 1 3 4 2 4 1 1 1 4 1 3
319 0.016565 3 2 3 1 4 3 1 3 3 3 3 3 4 1 3 2 1 3 3 3 1 4 4 3 1 3 2 1 1 4 1 2 1 3 1 1 2 3 3 4 1 2 3 2 1 4 1 3 1 3 2 3 3 4 1 3 4 2 4 3 3 3 1 1 3 4 1 1 1 2 1 4 1 3 4 1 1 2 1 1 4 1 4 1 4 3 3 4 4 4 1 1 3 4 1 3
319 0.216870 3 4 3 3 2 3 1 3 3 3 3 3 3 1 1 2 1 3 3 3 1 4 4 3 1 3 2 1 1 4 1 2 1 4 1 1 2 3 3 4 1 2 1 2 1 4 1 3 1 3 2 3 3 4 1 3 4 2 4 3 3 3 1 1 3 4 1 1 1 2 1 4 1 3 4 1 1 2 1 1 4 1 4 1 4 1 3 4 4 4 1 1 1 4 1 3
319 0.216870 3 2 3 1 2 3 1 3 3 1 3 3 4 4 3 2 1 3 3 3 1 4 2 3 1 3 2 1 1 4 1 2 1 4 1 1 4 3 3 4 1 2 1 4 1 4 1 3 1 3 2 3 3 4 1 3 4 2 4 1 3 3 1 1 3 4 1 1 1 2 1 4 1 3 4 1 1 2 1 1 4 1 4 1 4 1 3 4 4 4 1 1 1 4 1 3
319 0.016565 3 2 3 1 4 3 1 3 3 3 3 3 4 1 3 2 1 3 3 3 1 4 4 3 1 3 2 1 1 4 1 2 1 3 1 1 2 3 3 4 1 2 3 2 1 4 1 3 1 3 2 3 3 4 1 3 4 2 4 3 3 3 1 1 3 4 1 1 1 2 1 4 1 3 4 1 1 2 1 1 4 1 4 1 4 3 3 4 4 4 1 1 1 4 1 3
319 0.016565 3 2 3 3 4 3 1 1 3 3 3 3 4 1 3 4 2 1 3 3 1 2 2 1 1 3 2 1 1 3 1 4 1 4 4 1 2 3 3 4 1 4 1 2 1 4 1 3 1 3 2 3 3 4 3 3 4 2 4 3 3 0 0 0 0 0 0 0 0 0 0 0 0 0 0 0 0 0 0 1 4 1 4 1 4 1 3 4 4 4 3 1 1 4 1 3
320 0.015088 1 2 1 3 4 3 1 3 3 3 3 3 4 1 3 2 1 3 3 3 1 4 2 3 1 3 2 1 1 4 1 2 1 4 4 1 2 3 3 1 1 2 1 2 1 2 1 1 1 3 2 1 3 3 1 3 4 2 2 3 1 3 1 1 3 4 1 1 1 2 1 4 1 3 4 1 1 2 1 3 4 1 4 1 4 1 3 4 4 4 1 1 1 4 1 3
320 0.219824 3 4 3 3 2 3 1 3 3 3 3 3 4 1 1 2 1 3 3 3 1 4 4 3 1 3 2 1 1 4 1 2 1 4 1 1 2 3 3 4 1 2 1 2 1 4 1 3 1 3 2 3 3 4 1 3 4 2 4 3 3 3 1 1 3 4 1 1 1 2 1 4 1 3 4 1 1 2 1 1 4 1 4 1 4 1 3 4 4 4 1 1 1 4 1 3
320 0.015088 3 2 3 3 4 3 1 3 3 3 3 3 4 1 3 2 1 3 3 3 1 4 2 3 1 3 2 1 1 4 1 2 1 4 1 1 2 3 3 4 1 2 1 2 1 4 1 3 1 3 2 3 3 4 1 3 4 2 4 3 3 3 1 1 3 4 1 1 1 2 1 4 1 3 4 1 1 2 1 1 4 1 4 1 4 1 3 4 4 4 1 1 1 4 1 3
320 0.015088 3 2 3 3 4 3 1 3 3 3 3 3 4 1 3 2 1 3 3 3 1 4 2 3 1 3 2 1 1 4 1 2 3 4 4 1 2 3 3 4 3 2 1 2 1 4 1 3 1 3 2 3 3 4 1 3 4 4 4 3 3 3 1 1 3 4 1 1 1 2 1 4 1 3 4 1 1 2 1 1 4 3 4 1 4 1 3 4 4 4 1 1 1 4 1 3
320 0.015088 3 2 3 3 4 3 1 3 3 3 3 3 4 1 3 2 1 3 3 3 1 4 2 3 1 3 2 1 1 4 1 2 1 4 4 1 2 3 3 4 3 2 1 2 1 4 1 3 1 3 2 3 3 4 1 3 4 2 4 3 3 3 1 1 3 4 1 1 1 2 1 4 1 3 4 1 1 2 1 1 4 1 4 1 4 1 3 4 4 4 1 1 1 4 1 3
320 0.219824 3 2 3 3 2 3 1 3 3 3 3 3 4 1 3 2 1 3 3 3 1 4 2 3 1 3 2 1 1 4 1 2 1 4 4 1 2 3 3 4 1 2 1 2 1 4 1 3 1 3 2 3 3 4 1 3 4 2 4 3 3 3 1 1 3 4 1 1 1 2 1 4 1 3 4 1 1 2 1 1 4 1 4 1 4 1 3 4 4 4 1 1 1 4 1 3
320 0.015088 3 2 3 3 4 3 1 3 3 3 3 3 4 1 3 2 1 3 1 3 1 4 2 3 1 3 2 1 1 4 3 2 1 4 4 1 2 3 3 4 1 2 1 2 1 4 1 3 1 3 2 3 3 4 1 3 4 2 4 3 3 3 1 1 3 4 1 1 1 2 1 4 1 3 4 1 1 2 1 1 4 1 4 1 4 1 3 4 2 4 1 1 1 4 1 3
320 0.015088 3 2 3 1 4 3 1 3 3 3 3 3 4 1 3 2 1 3 3 3 1 4 4 3 1 3 2 1 1 4 1 2 1 3 1 1 2 3 3 4 1 2 3 2 1 4 1 3 1 3 2 3 3 4 1 3 4 2 4 3 3 3 1 1 3 4 1 1 1 2 1 4 1 3 4 1 1 2 1 1 4 1 4 1 4 3 3 4 4 4 1 1 3 4 1 3
320 0.219824 3 4 3 3 2 3 1 3 3 3 3 3 3 1 1 2 1 3 3 3 1 4 4 3 1 3 2 1 1 4 1 2 1 4 1 1 2 3 3 4 1 2 1 2 1 4 1 3 1 3 2 3 3 4 1 3 4 2 4 3 3 3 1 1 3 4 1 1 1 2 1 4 1 3 4 1 1 2 1 1 4 1 4 1 4 1 3 4 4 4 1 1 1 4 1 3
320 0.219824 3 2 3 1 2 3 1 3 3 1 3 3 4 4 3 2 1 3 3 3 1 4 2 3 1 3 2 1 1 4 1 2 1 4 1 1 4 3 3 4 1 2 1 4 1 4 1 3 1 3 2 3 3 4 1 3 4 2 4 1 3 3 1 1 3 4 1 1 1 2 1 4 1 3 4 1 1 2 1 1 4 1 4 1 4 1 3 4 4 4 1 1 1 4 1 3
320 0.015088 3 2 3 1 4 3 1 3 3 3 3 3 4 1 3 2 1 3 3 3 1 4 4 3 1 3 2 1 1 4 1 2 1 3 1 1 2 3 3 4 1 2 3 2 1 4 1 3 1 3 2 3 3 4 1 3 4 2 4 3 3 3 1 1 3 4 1 1 1 2 1 4 1 3 4 1 1 2 1 1 4 1 4 1 4 3 3 4 4 4 1 1 1 4 1 3
320 0.015088 3 2 3 3 4 3 1 1 3 3 3 3 4 1 3 4 2 1 3 3 1 2 2 1 1 3 2 1 1 3 1 4 1 4 4 1 2 3 3 4 1 4 1 2 1 4 1 3 1 3 2 3 3 4 3 3 4 2 4 3 3 0 0 0 0 0 0 0 0 0 0 0 0 0 0 0 0 0 0 1 4 1 4 1 4 1 3 4 4 4 3 1 1 4 1 3
321 0.013720 1 2 1 3 4 3 1 3 3 3 3 3 4 1 3 2 1 3 3 3 1 4 2 3 1 3 2 1 1 4 1 2 1 4 4 1 2 3 3 1 1 2 1 2 1 2 1 1 1 3 2 1 3 3 1 3 4 2 2 3 1 3 1 1 3 4 1 1 1 2 1 4 1 3 4 1 1 2 1 3 4 1 4 1 4 1 3 4 4 4 1 1 1 4 1 3
321 0.222560 3 4 3 3 2 3 1 3 3 3 3 3 4 1 1 2 1 3 3 3 1 4 4 3 1 3 2 1 1 4 1 2 1 4 1 1 2 3 3 4 1 2 1 2 1 4 1 3 1 3 2 3 3 4 1 3 4 2 4 3 3 3 1 1 3 4 1 1 1 2 1 4 1 3 4 1 1 2 1 1 4 1 4 1 4 1 3 4 4 4 1 1 1 4 1 3
321 0.013720 3 2 3 3 4 3 1 3 3 3 3 3 4 1 3 2 1 3 3 3 1 4 2 3 1 3 2 1 1 4 1 2 1 4 1 1 2 3 3 4 1 2 1 2 1 4 1 3 1 3 2 3 3 4 1 3 4 2 4 3 3 3 1 1 3 4 1 1 1 2 1 4 1 3 4 1 1 2 1 1 4 1 4 1 4 1 3 4 4 4 1 1 1 4 1 3
321 0.013720 3 2 3 3 4 3 1 3 3 3 3 3 4 1 3 2 1 3 3 3 1 4 2 3 1 3 2 1 1 4 1 2 3 4 4 1 2 3 3 4 3 2 1 2 1 4 1 3 1 3 2 3 3 4 1 3 4 4 4 3 3 3 1 1 3 4 1 1 1 2 1 4 1 3 4 1 1 2 1 1 4 3 4 1 4 1 3 4 4 4 1 1 1 4 1 3
321 0.013720 3 2 3 3 4 3 1 3 3 3 3 3 4 1 3 2 1 3 3 3 1 4 2 3 1 3 2 1 1 4 1 2 1 4 4 1 2 3 3 4 3 2 1 2 1 4 1 3 1 3 2 3 3 4 1 3 4 2 4 3 3 3 1 1 3 4 1 1 1 2 1 4 1 3 4 1 1 2 1 1 4 1 4 1 4 1 3 4 4 4 1 1 1 4 1 3
321 0.222560 3 2 3 3 2 3 1 3 3 3 3 3 4 1 3 2 1 3 3 3 1 4 2 3 1 3 2 1 1 4 1 2 1 4 4 1 2 3 3 4 1 2 1 2 1 4 1 3 1 3 2 3 3 4 1 3 4 2 4 3 3 3 1 1 3 4 1 1 1 2 1 4 1 3 4 1 1 2 1 1 4 1 4 1 4 1 3 4 4 4 1 1 1 4 1 3
321 0.013720 3 2 3 3 4 3 1 3 3 3 3 3 4 1 3 2 1 3 1 3 1 4 2 3 1 3 2 1 1 4 3 2 1 4 4 1 2 3 3 4 1 2 1 2 1 4 1 3 1 3 2 3 3 4 1 3 4 2 4 3 3 3 1 1 3 4 1 1 1 2 1 4 1 3 4 1 1 2 1 1 4 1 4 1 4 1 3 4 2 4 1 1 1 4 1 3
321 0.013720 3 2 3 1 4 3 1 3 3 3 3 3 4 1 3 2 1 3 3 3 1 4 4 3 1 3 2 1 1 4 1 2 1 3 1 1 2 3 3 4 1 2 3 2 1 4 1 3 1 3 2 3 3 4 1 3 4 2 4 3 3 3 1 1 3 4 1 1 1 2 1 4 1 3 4 1 1 2 1 1 4 1 4 1 4 3 3 4 4 4 1 1 3 4 1 3
321 0.222560 3 4 3 3 2 3 1 3 3 3 3 3 3 1 1 2 1 3 3 3 1 4 4 3 1 3 2 1 1 4 1 2 1 4 1 1 2 3 3 4 1 2 1 2 1 4 1 3 1 3 2 3 3 4 1 3 4 2 4 3 3 3 1 1 3 4 1 1 1 2 1 4 1 3 4 1 1 2 1 1 4 1 4 1 4 1 3 4 4 4 1 1 1 4 1 3
321 0.222560 3 2 3 1 2 3 1 3 3 1 3 3 4 4 3 2 1 3 3 3 1 4 2 3 1 3 2 1 1 4 1 2 1 4 1 1 4 3 3 4 1 2 1 4 1 4 1 3 1 3 2 3 3 4 1 3 4 2 4 1 3 3 1 1 3 4 1 1 1 2 1 4 1 3 4 1 1 2 1 1 4 1 4 1 4 1 3 4 4 4 1 1 1 4 1 3
321 0.013720 3 2 3 1 4 3 1 3 3 3 3 3 4 1 3 2 1 3 3 3 1 4 4 3 1 3 2 1 1 4 1 2 1 3 1 1 2 3 3 4 1 2 3 2 1 4 1 3 1 3 2 3 3 4 1 3 4 2 4 3 3 3 1 1 3 4 1 1 1 2 1 4 1 3 4 1 1 2 1 1 4 1 4 1 4 3 3 4 4 4 1 1 1 4 1 3
321 0.013720 3 2 3 3 4 3 1 1 3 3 3 3 4 1 3 4 2 1 3 3 1 2 2 1 1 3 2 1 1 3 1 4 1 4 4 1 2 3 3 4 1 4 1 2 1 4 1 3 1 3 2 3 3 4 3 3 4 2 4 3 3 0 0 0 0 0 0 0 0 0 0 0 0 0 0 0 0 0 0 1 4 1 4 1 4 1 3 4 4 4 3 1 1 4 1 3
322 0.012455 1 2 1 3 4 3 1 3 3 3 3 3 4 1 3 2 1 3 3 3 1 4 2 3 1 3 2 1 1 4 1 2 1 4 4 1 2 3 3 1 1 2 1 2 1 2 1 1 1 3 2 1 3 3 1 3 4 2 2 3 1 3 1 1 3 4 1 1 1 2 1 4 1 3 4 1 1 2 1 3 4 1 4 1 4 1 3 4 4 4 1 1 1 4 1 3
322 0.225090 3 4 3 3 2 3 1 3 3 3 3 3 4 1 1 2 1 3 3 3 1 4 4 3 1 3 2 1 1 4 1 2 1 4 1 1 2 3 3 4 1 2 1 2 1 4 1 3 1 3 2 3 3 4 1 3 4 2 4 3 3 3 1 1 3 4 1 1 1 2 1 4 1 3 4 1 1 2 1 1 4 1 4 1 4 1 3 4 4 4 1 1 1 4 1 3
322 0.012455 3 2 3 3 4 3 1 3 3 3 3 3 4 1 3 2 1 3 3 3 1 4 2 3 1 3 2 1 1 4 1 2 1 4 1 1 2 3 3 4 1 2 1 2 1 4 1 3 1 3 2 3 3 4 1 3 4 2 4 3 3 3 1 1 3 4 1 1 1 2 1 4 1 3 4 1 1 2 1 1 4 1 4 1 4 1 3 4 4 4 1 1 1 4 1 3
322 0.012455 3 2 3 3 4 3 1 3 3 3 3 3 4 1 3 2 1 3 3 3 1 4 2 3 1 3 2 1 1 4 1 2 3 4 4 1 2 3 3 4 3 2 1 2 1 4 1 3 1 3 2 3 3 4 1 3 4 4 4 3 3 3 1 1 3 4 1 1 1 2 1 4 1 3 4 1 1 2 1 1 4 3 4 1 4 1 3 4 4 4 1 1 1 4 1 3
322 0.012455 3 2 3 3 4 3 1 3 3 3 3 3 4 1 3 2 1 3 3 3 1 4 2 3 1 3 2 1 1 4 1 2 1 4 4 1 2 3 3 4 3 2 1 2 1 4 1 3 1 3 2 3 3 4 1 3 4 2 4 3 3 3 1 1 3 4 1 1 1 2 1 4 1 3 4 1 1 2 1 1 4 1 4 1 4 1 3 4 4 4 1 1 1 4 1 3
322 0.225090 3 2 3 3 2 3 1 3 3 3 3 3 4 1 3 2 1 3 3 3 1 4 2 3 1 3 2 1 1 4 1 2 1 4 4 1 2 3 3 4 1 2 1 2 1 4 1 3 1 3 2 3 3 4 1 3 4 2 4 3 3 3 1 1 3 4 1 1 1 2 1 4 1 3 4 1 1 2 1 1 4 1 4 1 4 1 3 4 4 4 1 1 1 4 1 3
322 0.012455 3 2 3 3 4 3 1 3 3 3 3 3 4 1 3 2 1 3 1 3 1 4 2 3 1 3 2 1 1 4 3 2 1 4 4 1 2 3 3 4 1 2 1 2 1 4 1 3 1 3 2 3 3 4 1 3 4 2 4 3 3 3 1 1 3 4 1 1 1 2 1 4 1 3 4 1 1 2 1 1 4 1 4 1 4 1 3 4 2 4 1 1 1 4 1 3
322 0.012455 3 2 3 1 4 3 1 3 3 3 3 3 4 1 3 2 1 3 3 3 1 4 4 3 1 3 2 1 1 4 1 2 1 3 1 1 2 3 3 4 1 2 3 2 1 4 1 3 1 3 2 3 3 4 1 3 4 2 4 3 3 3 1 1 3 4 1 1 1 2 1 4 1 3 4 1 1 2 1 1 4 1 4 1 4 3 3 4 4 4 1 1 3 4 1 3
322 0.225090 3 4 3 3 2 3 1 3 3 3 3 3 3 1 1 2 1 3 3 3 1 4 4 3 1 3 2 1 1 4 1 2 1 4 1 1 2 3 3 4 1 2 1 2 1 4 1 3 1 3 2 3 3 4 1 3 4 2 4 3 3 3 1 1 3 4 1 1 1 2 1 4 1 3 4 1 1 2 1 1 4 1 4 1 4 1 3 4 4 4 1 1 1 4 1 3
322 0.225090 3 2 3 1 2 3 1 3 3 1 3 3 4 4 3 2 1 3 3 3 1 4 2 3 1 3 2 1 1 4 1 2 1 4 1 1 4 3 3 4 1 2 1 4 1 4 1 3 1 3 2 3 3 4 1 3 4 2 4 1 3 3 1 1 3 4 1 1 1 2 1 4 1 3 4 1 1 2 1 1 4 1 4 1 4 1 3 4 4 4 1 1 1 4 1 3
322 0.012455 3 2 3 1 4 3 1 3 3 3 3 3 4 1 3 2 1 3 3 3 1 4 4 3 1 3 2 1 1 4 1 2 1 3 1 1 2 3 3 4 1 2 3 2 1 4 1 3 1 3 2 3 3 4 1 3 4 2 4 3 3 3 1 1 3 4 1 1 1 2 1 4 1 3 4 1 1 2 1 1 4 1 4 1 4 3 3 4 4 4 1 1 1 4 1 3
322 0.012455 3 2 3 3 4 3 1 1 3 3 3 3 4 1 3 4 2 1 3 3 1 2 2 1 1 3 2 1 1 3 1 4 1 4 4 1 2 3 3 4 1 4 1 2 1 4 1 3 1 3 2 3 3 4 3 3 4 2 4 3 3 0 0 0 0 0 0 0 0 0 0 0 0 0 0 0 0 0 0 1 4 1 4 1 4 1 3 4 4 4 3 1 1 4 1 3
323 0.011288 1 2 1 3 4 3 1 3 3 3 3 3 4 1 3 2 1 3 3 3 1 4 2 3 1 3 2 1 1 4 1 2 1 4 4 1 2 3 3 1 1 2 1 2 1 2 1 1 1 3 2 1 3 3 1 3 4 2 2 3 1 3 1 1 3 4 1 1 1 2 1 4 1 3 4 1 1 2 1 3 4 1 4 1 4 1 3 4 4 4 1 1 1 4 1 3
323 0.227423 3 4 3 3 2 3 1 3 3 3 3 3 4 1 1 2 1 3 3 3 1 4 4 3 1 3 2 1 1 4 1 2 1 4 1 1 2 3 3 4 1 2 1 2 1 4 1 3 1 3 2 3 3 4 1 3 4 2 4 3 3 3 1 1 3 4 1 1 1 2 1 4 1 3 4 1 1 2 1 1 4 1 4 1 4 1 3 4 4 4 1 1 1 4 1 3
323 0.011288 3 2 3 3 4 3 1 3 3 3 3 3 4 1 3 2 1 3 3 3 1 4 2 3 1 3 2 1 1 4 1 2 1 4 1 1 2 3 3 4 1 2 1 2 1 4 1 3 1 3 2 3 3 4 1 3 4 2 4 3 3 3 1 1 3 4 1 1 1 2 1 4 1 3 4 1 1 2 1 1 4 1 4 1 4 1 3 4 4 4 1 1 1 4 1 3
323 0.011288 3 2 3 3 4 3 1 3 3 3 3 3 4 1 3 2 1 3 3 3 1 4 2 3 1 3 2 1 1 4 1 2 3 4 4 1 2 3 3 4 3 2 1 2 1 4 1 3 1 3 2 3 3 4 1 3 4 4 4 3 3 3 1 1 3 4 1 1 1 2 1 4 1 3 4 1 1 2 1 1 4 3 4 1 4 1 3 4 4 4 1 1 1 4 1 3
323 0.011288 3 2 3 3 4 3 1 3 3 3 3 3 4 1 3 2 1 3 3 3 1 4 2 3 1 3 2 1 1 4 1 2 1 4 4 1 2 3 3 4 3 2 1 2 1 4 1 3 1 3 2 3 3 4 1 3 4 2 4 3 3 3 1 1 3 4 1 1 1 2 1 4 1 3 4 1 1 2 1 1 4 1 4 1 4 1 3 4 4 4 1 1 1 4 1 3
323 0.227423 3 2 3 3 2 3 1 3 3 3 3 3 4 1 3 2 1 3 3 3 1 4 2 3 1 3 2 1 1 4 1 2 1 4 4 1 2 3 3 4 1 2 1 2 1 4 1 3 1 3 2 3 3 4 1 3 4 2 4 3 3 3 1 1 3 4 1 1 1 2 1 4 1 3 4 1 1 2 1 1 4 1 4 1 4 1 3 4 4 4 1 1 1 4 1 3
323 0.011288 3 2 3 3 4 3 1 3 3 3 3 3 4 1 3 2 1 3 1 3 1 4 2 3 1 3 2 1 1 4 3 2 1 4 4 1 2 3 3 4 1 2 1 2 1 4 1 3 1 3 2 3 3 4 1 3 4 2 4 3 3 3 1 1 3 4 1 1 1 2 1 4 1 3 4 1 1 2 1 1 4 1 4 1 4 1 3 4 2 4 1 1 1 4 1 3
323 0.011288 3 2 3 1 4 3 1 3 3 3 3 3 4 1 3 2 1 3 3 3 1 4 4 3 1 3 2 1 1 4 1 2 1 3 1 1 2 3 3 4 1 2 3 2 1 4 1 3 1 3 2 3 3 4 1 3 4 2 4 3 3 3 1 1 3 4 1 1 1 2 1 4 1 3 4 1 1 2 1 1 4 1 4 1 4 3 3 4 4 4 1 1 3 4 1 3
323 0.227423 3 4 3 3 2 3 1 3 3 3 3 3 3 1 1 2 1 3 3 3 1 4 4 3 1 3 2 1 1 4 1 2 1 4 1 1 2 3 3 4 1 2 1 2 1 4 1 3 1 3 2 3 3 4 1 3 4 2 4 3 3 3 1 1 3 4 1 1 1 2 1 4 1 3 4 1 1 2 1 1 4 1 4 1 4 1 3 4 4 4 1 1 1 4 1 3
323 0.227423 3 2 3 1 2 3 1 3 3 1 3 3 4 4 3 2 1 3 3 3 1 4 2 3 1 3 2 1 1 4 1 2 1 4 1 1 4 3 3 4 1 2 1 4 1 4 1 3 1 3 2 3 3 4 1 3 4 2 4 1 3 3 1 1 3 4 1 1 1 2 1 4 1 3 4 1 1 2 1 1 4 1 4 1 4 1 3 4 4 4 1 1 1 4 1 3
323 0.011288 3 2 3 1 4 3 1 3 3 3 3 3 4 1 3 2 1 3 3 3 1 4 4 3 1 3 2 1 1 4 1 2 1 3 1 1 2 3 3 4 1 2 3 2 1 4 1 3 1 3 2 3 3 4 1 3 4 2 4 3 3 3 1 1 3 4 1 1 1 2 1 4 1 3 4 1 1 2 1 1 4 1 4 1 4 3 3 4 4 4 1 1 1 4 1 3
323 0.011288 3 2 3 3 4 3 1 1 3 3 3 3 4 1 3 4 2 1 3 3 1 2 2 1 1 3 2 1 1 3 1 4 1 4 4 1 2 3 3 4 1 4 1 2 1 4 1 3 1 3 2 3 3 4 3 3 4 2 4 3 3 0 0 0 0 0 0 0 0 0 0 0 0 0 0 0 0 0 0 1 4 1 4 1 4 1 3 4 4 4 3 1 1 4 1 3
324 0.010214 1 2 1 3 4 3 1 3 3 3 3 3 4 1 3 2 1 3 3 3 1 4 2 3 1 3 2 1 1 4 1 2 1 4 4 1 2 3 3 1 1 2 1 2 1 2 1 1 1 3 2 1 3 3 1 3 4 2 2 3 1 3 1 1 3 4 1 1 1 2 1 4 1 3 4 1 1 2 1 3 4 1 4 1 4 1 3 4 4 4 1 1 1 4 1 3
324 0.229572 3 4 3 3 2 3 1 3 3 3 3 3 4 1 1 2 1 3 3 3 1 4 4 3 1 3 2 1 1 4 1 2 1 4 1 1 2 3 3 4 1 2 1 2 1 4 1 3 1 3 2 3 3 4 1 3 4 2 4 3 3 3 1 1 3 4 1 1 1 2 1 4 1 3 4 1 1 2 1 1 4 1 4 1 4 1 3 4 4 4 1 1 1 4 1 3
324 0.010214 3 2 3 3 4 3 1 3 3 3 3 3 4 1 3 2 1 3 3 3 1 4 2 3 1 3 2 1 1 4 1 2 1 4 1 1 2 3 3 4 1 2 1 2 1 4 1 3 1 3 2 3 3 4 1 3 4 2 4 3 3 3 1 1 3 4 1 1 1 2 1 4 1 3 4 1 1 2 1 1 4 1 4 1 4 1 3 4 4 4 1 1 1 4 1 3
324 0.010214 3 2 3 3 4 3 1 3 3 3 3 3 4 1 3 2 1 3 3 3 1 4 2 3 1 3 2 1 1 4 1 2 3 4 4 1 2 3 3 4 3 2 1 2 1 4 1 3 1 3 2 3 3 4 1 3 4 4 4 3 3 3 1 1 3 4 1 1 1 2 1 4 1 3 4 1 1 2 1 1 4 3 4 1 4 1 3 4 4 4 1 1 1 4 1 3
324 0.010214 3 2 3 3 4 3 1 3 3 3 3 3 4 1 3 2 1 3 3 3 1 4 2 3 1 3 2 1 1 4 1 2 1 4 4 1 2 3 3 4 3 2 1 2 1 4 1 3 1 3 2 3 3 4 1 3 4 2 4 3 3 3 1 1 3 4 1 1 1 2 1 4 1 3 4 1 1 2 1 1 4 1 4 1 4 1 3 4 4 4 1 1 1 4 1 3
324 0.229572 3 2 3 3 2 3 1 3 3 3 3 3 4 1 3 2 1 3 3 3 1 4 2 3 1 3 2 1 1 4 1 2 1 4 4 1 2 3 3 4 1 2 1 2 1 4 1 3 1 3 2 3 3 4 1 3 4 2 4 3 3 3 1 1 3 4 1 1 1 2 1 4 1 3 4 1 1 2 1 1 4 1 4 1 4 1 3 4 4 4 1 1 1 4 1 3
324 0.010214 3 2 3 3 4 3 1 3 3 3 3 3 4 1 3 2 1 3 1 3 1 4 2 3 1 3 2 1 1 4 3 2 1 4 4 1 2 3 3 4 1 2 1 2 1 4 1 3 1 3 2 3 3 4 1 3 4 2 4 3 3 3 1 1 3 4 1 1 1 2 1 4 1 3 4 1 1 2 1 1 4 1 4 1 4 1 3 4 2 4 1 1 1 4 1 3
324 0.010214 3 2 3 1 4 3 1 3 3 3 3 3 4 1 3 2 1 3 3 3 1 4 4 3 1 3 2 1 1 4 1 2 1 3 1 1 2 3 3 4 1 2 3 2 1 4 1 3 1 3 2 3 3 4 1 3 4 2 4 3 3 3 1 1 3 4 1 1 1 2 1 4 1 3 4 1 1 2 1 1 4 1 4 1 4 3 3 4 4 4 1 1 3 4 1 3
324 0.229572 3 4 3 3 2 3 1 3 3 3 3 3 3 1 1 2 1 3 3 3 1 4 4 3 1 3 2 1 1 4 1 2 1 4 1 1 2 3 3 4 1 2 1 2 1 4 1 3 1 3 2 3 3 4 1 3 4 2 4 3 3 3 1 1 3 4 1 1 1 2 1 4 1 3 4 1 1 2 1 1 4 1 4 1 4 1 3 4 4 4 1 1 1 4 1 3
324 0.229572 3 2 3 1 2 3 1 3 3 1 3 3 4 4 3 2 1 3 3 3 1 4 2 3 1 3 2 1 1 4 1 2 1 4 1 1 4 3 3 4 1 2 1 4 1 4 1 3 1 3 2 3 3 4 1 3 4 2 4 1 3 3 1 1 3 4 1 1 1 2 1 4 1 3 4 1 1 2 1 1 4 1 4 1 4 1 3 4 4 4 1 1 1 4 1 3
324 0.010214 3 2 3 1 4 3 1 3 3 3 3 3 4 1 3 2 1 3 3 3 1 4 4 3 1 3 2 1 1 4 1 2 1 3 1 1 2 3 3 4 1 2 3 2 1 4 1 3 1 3 2 3 3 4 1 3 4 2 4 3 3 3 1 1 3 4 1 1 1 2 1 4 1 3 4 1 1 2 1 1 4 1 4 1 4 3 3 4 4 4 1 1 1 4 1 3
324 0.010214 3 2 3 3 4 3 1 1 3 3 3 3 4 1 3 4 2 1 3 3 1 2 2 1 1 3 2 1 1 3 1 4 1 4 4 1 2 3 3 4 1 4 1 2 1 4 1 3 1 3 2 3 3 4 3 3 4 2 4 3 3 0 0 0 0 0 0 0 0 0 0 0 0 0 0 0 0 0 0 1 4 1 4 1 4 1 3 4 4 4 3 1 1 4 1 3
325 0.009226 1 2 1 3 4 3 1 3 3 3 3 3 4 1 3 2 1 3 3 3 1 4 2 3 1 3 2 1 1 4 1 2 1 4 4 1 2 3 3 1 1 2 1 2 1 2 1 1 1 3 2 1 3 3 1 3 4 2 2 3 1 3 1 1 3 4 1 1 1 2 1 4 1 3 4 1 1 2 1 3 4 1 4 1 4 1 3 4 4 4 1 1 1 4 1 3
325 0.231548 3 4 3 3 2 3 1 3 3 3 3 3 4 1 1 2 1 3 3 3 1 4 4 3 1 3 2 1 1 4 1 2 1 4 1 1 2 3 3 4 1 2 1 2 1 4 1 3 1 3 2 3 3 4 1 3 4 2 4 3 3 3 1 1 3 4 1 1 1 2 1 4 1 3 4 1 1 2 1 1 4 1 4 1 4 1 3 4 4 4 1 1 1 4 1 3
325 0.009226 3 2 3 3 4 3 1 3 3 3 3 3 4 1 3 2 1 3 3 3 1 4 2 3 1 3 2 1 1 4 1 2 1 4 1 1 2 3 3 4 1 2 1 2 1 4 1 3 1 3 2 3 3 4 1 3 4 2 4 3 3 3 1 1 3 4 1 1 1 2 1 4 1 3 4 1 1 2 1 1 4 1 4 1 4 1 3 4 4 4 1 1 1 4 1 3
325 0.009226 3 2 3 3 4 3 1 3 3 3 3 3 4 1 3 2 1 3 3 3 1 4 2 3 1 3 2 1 1 4 1 2 3 4 4 1 2 3 3 4 3 2 1 2 1 4 1 3 1 3 2 3 3 4 1 3 4 4 4 3 3 3 1 1 3 4 1 1 1 2 1 4 1 3 4 1 1 2 1 1 4 3 4 1 4 1 3 4 4 4 1 1 1 4 1 3
325 0.009226 3 2 3 3 4 3 1 3 3 3 3 3 4 1 3 2 1 3 3 3 1 4 2 3 1 3 2 1 1 4 1 2 1 4 4 1 2 3 3 4 3 2 1 2 1 4 1 3 1 3 2 3 3 4 1 3 4 2 4 3 3 3 1 1 3 4 1 1 1 2 1 4 1 3 4 1 1 2 1 1 4 1 4 1 4 1 3 4 4 4 1 1 1 4 1 3
325 0.231548 3 2 3 3 2 3 1 3 3 3 3 3 4 1 3 2 1 3 3 3 1 4 2 3 1 3 2 1 1 4 1 2 1 4 4 1 2 3 3 4 1 2 1 2 1 4 1 3 1 3 2 3 3 4 1 3 4 2 4 3 3 3 1 1 3 4 1 1 1 2 1 4 1 3 4 1 1 2 1 1 4 1 4 1 4 1 3 4 4 4 1 1 1 4 1 3
325 0.009226 3 2 3 3 4 3 1 3 3 3 3 3 4 1 3 2 1 3 1 3 1 4 2 3 1 3 2 1 1 4 3 2 1 4 4 1 2 3 3 4 1 2 1 2 1 4 1 3 1 3 2 3 3 4 1 3 4 2 4 3 3 3 1 1 3 4 1 1 1 2 1 4 1 3 4 1 1 2 1 1 4 1 4 1 4 1 3 4 2 4 1 1 1 4 1 3
325 0.009226 3 2 3 1 4 3 1 3 3 3 3 3 4 1 3 2 1 3 3 3 1 4 4 3 1 3 2 1 1 4 1 2 1 3 1 1 2 3 3 4 1 2 3 2 1 4 1 3 1 3 2 3 3 4 1 3 4 2 4 3 3 3 1 1 3 4 1 1 1 2 1 4 1 3 4 1 1 2 1 1 4 1 4 1 4 3 3 4 4 4 1 1 3 4 1 3
325 0.231548 3 4 3 3 2 3 1 3 3 3 3 3 3 1 1 2 1 3 3 3 1 4 4 3 1 3 2 1 1 4 1 2 1 4 1 1 2 3 3 4 1 2 1 2 1 4 1 3 1 3 2 3 3 4 1 3 4 2 4 3 3 3 1 1 3 4 1 1 1 2 1 4 1 3 4 1 1 2 1 1 4 1 4 1 4 1 3 4 4 4 1 1 1 4 1 3
325 0.231548 3 2 3 1 2 3 1 3 3 1 3 3 4 4 3 2 1 3 3 3 1 4 2 3 1 3 2 1 1 4 1 2 1 4 1 1 4 3 3 4 1 2 1 4 1 4 1 3 1 3 2 3 3 4 1 3 4 2 4 1 3 3 1 1 3 4 1 1 1 2 1 4 1 3 4 1 1 2 1 1 4 1 4 1 4 1 3 4 4 4 1 1 1 4 1 3
325 0.009226 3 2 3 1 4 3 1 3 3 3 3 3 4 1 3 2 1 3 3 3 1 4 4 3 1 3 2 1 1 4 1 2 1 3 1 1 2 3 3 4 1 2 3 2 1 4 1 3 1 3 2 3 3 4 1 3 4 2 4 3 3 3 1 1 3 4 1 1 1 2 1 4 1 3 4 1 1 2 1 1 4 1 4 1 4 3 3 4 4 4 1 1 1 4 1 3
325 0.009226 3 2 3 3 4 3 1 1 3 3 3 3 4 1 3 4 2 1 3 3 1 2 2 1 1 3 2 1 1 3 1 4 1 4 4 1 2 3 3 4 1 4 1 2 1 4 1 3 1 3 2 3 3 4 3 3 4 2 4 3 3 0 0 0 0 0 0 0 0 0 0 0 0 0 0 0 0 0 0 1 4 1 4 1 4 1 3 4 4 4 3 1 1 4 1 3
326 0.008320 1 2 1 3 4 3 1 3 3 3 3 3 4 1 3 2 1 3 3 3 1 4 2 3 1 3 2 1 1 4 1 2 1 4 4 1 2 3 3 1 1 2 1 2 1 2 1 1 1 3 2 1 3 3 1 3 4 2 2 3 1 3 1 1 3 4 1 1 1 2 1 4 1 3 4 1 1 2 1 3 4 1 4 1 4 1 3 4 4 4 1 1 1 4 1 3
326 0.233361 3 4 3 3 2 3 1 3 3 3 3 3 4 1 1 2 1 3 3 3 1 4 4 3 1 3 2 1 1 4 1 2 1 4 1 1 2 3 3 4 1 2 1 2 1 4 1 3 1 3 2 3 3 4 1 3 4 2 4 3 3 3 1 1 3 4 1 1 1 2 1 4 1 3 4 1 1 2 1 1 4 1 4 1 4 1 3 4 4 4 1 1 1 4 1 3
326 0.008320 3 2 3 3 4 3 1 3 3 3 3 3 4 1 3 2 1 3 3 3 1 4 2 3 1 3 2 1 1 4 1 2 1 4 1 1 2 3 3 4 1 2 1 2 1 4 1 3 1 3 2 3 3 4 1 3 4 2 4 3 3 3 1 1 3 4 1 1 1 2 1 4 1 3 4 1 1 2 1 1 4 1 4 1 4 1 3 4 4 4 1 1 1 4 1 3
326 0.008320 3 2 3 3 4 3 1 3 3 3 3 3 4 1 3 2 1 3 3 3 1 4 2 3 1 3 2 1 1 4 1 2 3 4 4 1 2 3 3 4 3 2 1 2 1 4 1 3 1 3 2 3 3 4 1 3 4 4 4 3 3 3 1 1 3 4 1 1 1 2 1 4 1 3 4 1 1 2 1 1 4 3 4 1 4 1 3 4 4 4 1 1 1 4 1 3
326 0.008320 3 2 3 3 4 3 1 3 3 3 3 3 4 1 3 2 1 3 3 3 1 4 2 3 1 3 2 1 1 4 1 2 1 4 4 1 2 3 3 4 3 2 1 2 1 4 1 3 1 3 2 3 3 4 1 3 4 2 4 3 3 3 1 1 3 4 1 1 1 2 1 4 1 3 4 1 1 2 1 1 4 1 4 1 4 1 3 4 4 4 1 1 1 4 1 3
326 0.233361 3 2 3 3 2 3 1 3 3 3 3 3 4 1 3 2 1 3 3 3 1 4 2 3 1 3 2 1 1 4 1 2 1 4 4 1 2 3 3 4 1 2 1 2 1 4 1 3 1 3 2 3 3 4 1 3 4 2 4 3 3 3 1 1 3 4 1 1 1 2 1 4 1 3 4 1 1 2 1 1 4 1 4 1 4 1 3 4 4 4 1 1 1 4 1 3
326 0.008320 3 2 3 3 4 3 1 3 3 3 3 3 4 1 3 2 1 3 1 3 1 4 2 3 1 3 2 1 1 4 3 2 1 4 4 1 2 3 3 4 1 2 1 2 1 4 1 3 1 3 2 3 3 4 1 3 4 2 4 3 3 3 1 1 3 4 1 1 1 2 1 4 1 3 4 1 1 2 1 1 4 1 4 1 4 1 3 4 2 4 1 1 1 4 1 3
326 0.008320 3 2 3 1 4 3 1 3 3 3 3 3 4 1 3 2 1 3 3 3 1 4 4 3 1 3 2 1 1 4 1 2 1 3 1 1 2 3 3 4 1 2 3 2 1 4 1 3 1 3 2 3 3 4 1 3 4 2 4 3 3 3 1 1 3 4 1 1 1 2 1 4 1 3 4 1 1 2 1 1 4 1 4 1 4 3 3 4 4 4 1 1 3 4 1 3
326 0.233361 3 4 3 3 2 3 1 3 3 3 3 3 3 1 1 2 1 3 3 3 1 4 4 3 1 3 2 1 1 4 1 2 1 4 1 1 2 3 3 4 1 2 1 2 1 4 1 3 1 3 2 3 3 4 1 3 4 2 4 3 3 3 1 1 3 4 1 1 1 2 1 4 1 3 4 1 1 2 1 1 4 1 4 1 4 1 3 4 4 4 1 1 1 4 1 3
326 0.233361 3 2 3 1 2 3 1 3 3 1 3 3 4 4 3 2 1 3 3 3 1 4 2 3 1 3 2 1 1 4 1 2 1 4 1 1 4 3 3 4 1 2 1 4 1 4 1 3 1 3 2 3 3 4 1 3 4 2 4 1 3 3 1 1 3 4 1 1 1 2 1 4 1 3 4 1 1 2 1 1 4 1 4 1 4 1 3 4 4 4 1 1 1 4 1 3
326 0.008320 3 2 3 1 4 3 1 3 3 3 3 3 4 1 3 2 1 3 3 3 1 4 4 3 1 3 2 1 1 4 1 2 1 3 1 1 2 3 3 4 1 2 3 2 1 4 1 3 1 3 2 3 3 4 1 3 4 2 4 3 3 3 1 1 3 4 1 1 1 2 1 4 1 3 4 1 1 2 1 1 4 1 4 1 4 3 3 4 4 4 1 1 1 4 1 3
326 0.008320 3 2 3 3 4 3 1 1 3 3 3 3 4 1 3 4 2 1 3 3 1 2 2 1 1 3 2 1 1 3 1 4 1 4 4 1 2 3 3 4 1 4 1 2 1 4 1 3 1 3 2 3 3 4 3 3 4 2 4 3 3 0 0 0 0 0 0 0 0 0 0 0 0 0 0 0 0 0 0 1 4 1 4 1 4 1 3 4 4 4 3 1 1 4 1 3
327 0.007489 1 2 1 3 4 3 1 3 3 3 3 3 4 1 3 2 1 3 3 3 1 4 2 3 1 3 2 1 1 4 1 2 1 4 4 1 2 3 3 1 1 2 1 2 1 2 1 1 1 3 2 1 3 3 1 3 4 2 2 3 1 3 1 1 3 4 1 1 1 2 1 4 1 3 4 1 1 2 1 3 4 1 4 1 4 1 3 4 4 4 1 1 1 4 1 3
327 0.235023 3 4 3 3 2 3 1 3 3 3 3 3 4 1 1 2 1 3 3 3 1 4 4 3 1 3 2 1 1 4 1 2 1 4 1 1 2 3 3 4 1 2 1 2 1 4 1 3 1 3 2 3 3 4 1 3 4 2 4 3 3 3 1 1 3 4 1 1 1 2 1 4 1 3 4 1 1 2 1 1 4 1 4 1 4 1 3 4 4 4 1 1 1 4 1 3
327 0.007489 3 2 3 3 4 3 1 3 3 3 3 3 4 1 3 2 1 3 3 3 1 4 2 3 1 3 2 1 1 4 1 2 1 4 1 1 2 3 3 4 1 2 1 2 1 4 1 3 1 3 2 3 3 4 1 3 4 2 4 3 3 3 1 1 3 4 1 1 1 2 1 4 1 3 4 1 1 2 1 1 4 1 4 1 4 1 3 4 4 4 1 1 1 4 1 3
327 0.007489 3 2 3 3 4 3 1 3 3 3 3 3 4 1 3 2 1 3 3 3 1 4 2 3 1 3 2 1 1 4 1 2 3 4 4 1 2 3 3 4 3 2 1 2 1 4 1 3 1 3 2 3 3 4 1 3 4 4 4 3 3 3 1 1 3 4 1 1 1 2 1 4 1 3 4 1 1 2 1 1 4 3 4 1 4 1 3 4 4 4 1 1 1 4 1 3
327 0.007489 3 2 3 3 4 3 1 3 3 3 3 3 4 1 3 2 1 3 3 3 1 4 2 3 1 3 2 1 1 4 1 2 1 4 4 1 2 3 3 4 3 2 1 2 1 4 1 3 1 3 2 3 3 4 1 3 4 2 4 3 3 3 1 1 3 4 1 1 1 2 1 4 1 3 4 1 1 2 1 1 4 1 4 1 4 1 3 4 4 4 1 1 1 4 1 3
327 0.235023 3 2 3 3 2 3 1 3 3 3 3 3 4 1 3 2 1 3 3 3 1 4 2 3 1 3 2 1 1 4 1 2 1 4 4 1 2 3 3 4 1 2 1 2 1 4 1 3 1 3 2 3 3 4 1 3 4 2 4 3 3 3 1 1 3 4 1 1 1 2 1 4 1 3 4 1 1 2 1 1 4 1 4 1 4 1 3 4 4 4 1 1 1 4 1 3
327 0.007489 3 2 3 3 4 3 1 3 3 3 3 3 4 1 3 2 1 3 1 3 1 4 2 3 1 3 2 1 1 4 3 2 1 4 4 1 2 3 3 4 1 2 1 2 1 4 1 3 1 3 2 3 3 4 1 3 4 2 4 3 3 3 1 1 3 4 1 1 1 2 1 4 1 3 4 1 1 2 1 1 4 1 4 1 4 1 3 4 2 4 1 1 1 4 1 3
327 0.007489 3 2 3 1 4 3 1 3 3 3 3 3 4 1 3 2 1 3 3 3 1 4 4 3 1 3 2 1 1 4 1 2 1 3 1 1 2 3 3 4 1 2 3 2 1 4 1 3 1 3 2 3 3 4 1 3 4 2 4 3 3 3 1 1 3 4 1 1 1 2 1 4 1 3 4 1 1 2 1 1 4 1 4 1 4 3 3 4 4 4 1 1 3 4 1 3
327 0.235023 3 4 3 3 2 3 1 3 3 3 3 3 3 1 1 2 1 3 3 3 1 4 4 3 1 3 2 1 1 4 1 2 1 4 1 1 2 3 3 4 1 2 1 2 1 4 1 3 1 3 2 3 3 4 1 3 4 2 4 3 3 3 1 1 3 4 1 1 1 2 1 4 1 3 4 1 1 2 1 1 4 1 4 1 4 1 3 4 4 4 1 1 1 4 1 3
327 0.235023 3 2 3 1 2 3 1 3 3 1 3 3 4 4 3 2 1 3 3 3 1 4 2 3 1 3 2 1 1 4 1 2 1 4 1 1 4 3 3 4 1 2 1 4 1 4 1 3 1 3 2 3 3 4 1 3 4 2 4 1 3 3 1 1 3 4 1 1 1 2 1 4 1 3 4 1 1 2 1 1 4 1 4 1 4 1 3 4 4 4 1 1 1 4 1 3
327 0.007489 3 2 3 1 4 3 1 3 3 3 3 3 4 1 3 2 1 3 3 3 1 4 4 3 1 3 2 1 1 4 1 2 1 3 1 1 2 3 3 4 1 2 3 2 1 4 1 3 1 3 2 3 3 4 1 3 4 2 4 3 3 3 1 1 3 4 1 1 1 2 1 4 1 3 4 1 1 2 1 1 4 1 4 1 4 3 3 4 4 4 1 1 1 4 1 3
327 0.007489 3 2 3 3 4 3 1 1 3 3 3 3 4 1 3 4 2 1 3 3 1 2 2 1 1 3 2 1 1 3 1 4 1 4 4 1 2 3 3 4 1 4 1 2 1 4 1 3 1 3 2 3 3 4 3 3 4 2 4 3 3 0 0 0 0 0 0 0 0 0 0 0 0 0 0 0 0 0 0 1 4 1 4 1 4 1 3 4 4 4 3 1 1 4 1 3
328 0.006728 1 2 1 3 4 3 1 3 3 3 3 3 4 1 3 2 1 3 3 3 1 4 2 3 1 3 2 1 1 4 1 2 1 4 4 1 2 3 3 1 1 2 1 2 1 2 1 1 1 3 2 1 3 3 1 3 4 2 2 3 1 3 1 1 3 4 1 1 1 2 1 4 1 3 4 1 1 2 1 3 4 1 4 1 4 1 3 4 4 4 1 1 1 4 1 3
328 0.236543 3 4 3 3 2 3 1 3 3 3 3 3 4 1 1 2 1 3 3 3 1 4 4 3 1 3 2 1 1 4 1 2 1 4 1 1 2 3 3 4 1 2 1 2 1 4 1 3 1 3 2 3 3 4 1 3 4 2 4 3 3 3 1 1 3 4 1 1 1 2 1 4 1 3 4 1 1 2 1 1 4 1 4 1 4 1 3 4 4 4 1 1 1 4 1 3
328 0.006728 3 2 3 3 4 3 1 3 3 3 3 3 4 1 3 2 1 3 3 3 1 4 2 3 1 3 2 1 1 4 1 2 1 4 1 1 2 3 3 4 1 2 1 2 1 4 1 3 1 3 2 3 3 4 1 3 4 2 4 3 3 3 1 1 3 4 1 1 1 2 1 4 1 3 4 1 1 2 1 1 4 1 4 1 4 1 3 4 4 4 1 1 1 4 1 3
328 0.006728 3 2 3 3 4 3 1 3 3 3 3 3 4 1 3 2 1 3 3 3 1 4 2 3 1 3 2 1 1 4 1 2 3 4 4 1 2 3 3 4 3 2 1 2 1 4 1 3 1 3 2 3 3 4 1 3 4 4 4 3 3 3 1 1 3 4 1 1 1 2 1 4 1 3 4 1 1 2 1 1 4 3 4 1 4 1 3 4 4 4 1 1 1 4 1 3
328 0.006728 3 2 3 3 4 3 1 3 3 3 3 3 4 1 3 2 1 3 3 3 1 4 2 3 1 3 2 1 1 4 1 2 1 4 4 1 2 3 3 4 3 2 1 2 1 4 1 3 1 3 2 3 3 4 1 3 4 2 4 3 3 3 1 1 3 4 1 1 1 2 1 4 1 3 4 1 1 2 1 1 4 1 4 1 4 1 3 4 4 4 1 1 1 4 1 3
328 0.236543 3 2 3 3 2 3 1 3 3 3 3 3 4 1 3 2 1 3 3 3 1 4 2 3 1 3 2 1 1 4 1 2 1 4 4 1 2 3 3 4 1 2 1 2 1 4 1 3 1 3 2 3 3 4 1 3 4 2 4 3 3 3 1 1 3 4 1 1 1 2 1 4 1 3 4 1 1 2 1 1 4 1 4 1 4 1 3 4 4 4 1 1 1 4 1 3
328 0.006728 3 2 3 3 4 3 1 3 3 3 3 3 4 1 3 2 1 3 1 3 1 4 2 3 1 3 2 1 1 4 3 2 1 4 4 1 2 3 3 4 1 2 1 2 1 4 1 3 1 3 2 3 3 4 1 3 4 2 4 3 3 3 1 1 3 4 1 1 1 2 1 4 1 3 4 1 1 2 1 1 4 1 4 1 4 1 3 4 2 4 1 1 1 4 1 3
328 0.006728 3 2 3 1 4 3 1 3 3 3 3 3 4 1 3 2 1 3 3 3 1 4 4 3 1 3 2 1 1 4 1 2 1 3 1 1 2 3 3 4 1 2 3 2 1 4 1 3 1 3 2 3 3 4 1 3 4 2 4 3 3 3 1 1 3 4 1 1 1 2 1 4 1 3 4 1 1 2 1 1 4 1 4 1 4 3 3 4 4 4 1 1 3 4 1 3
328 0.236543 3 4 3 3 2 3 1 3 3 3 3 3 3 1 1 2 1 3 3 3 1 4 4 3 1 3 2 1 1 4 1 2 1 4 1 1 2 3 3 4 1 2 1 2 1 4 1 3 1 3 2 3 3 4 1 3 4 2 4 3 3 3 1 1 3 4 1 1 1 2 1 4 1 3 4 1 1 2 1 1 4 1 4 1 4 1 3 4 4 4 1 1 1 4 1 3
328 0.236543 3 2 3 1 2 3 1 3 3 1 3 3 4 4 3 2 1 3 3 3 1 4 2 3 1 3 2 1 1 4 1 2 1 4 1 1 4 3 3 4 1 2 1 4 1 4 1 3 1 3 2 3 3 4 1 3 4 2 4 1 3 3 1 1 3 4 1 1 1 2 1 4 1 3 4 1 1 2 1 1 4 1 4 1 4 1 3 4 4 4 1 1 1 4 1 3
328 0.006728 3 2 3 1 4 3 1 3 3 3 3 3 4 1 3 2 1 3 3 3 1 4 4 3 1 3 2 1 1 4 1 2 1 3 1 1 2 3 3 4 1 2 3 2 1 4 1 3 1 3 2 3 3 4 1 3 4 2 4 3 3 3 1 1 3 4 1 1 1 2 1 4 1 3 4 1 1 2 1 1 4 1 4 1 4 3 3 4 4 4 1 1 1 4 1 3
328 0.006728 3 2 3 3 4 3 1 1 3 3 3 3 4 1 3 4 2 1 3 3 1 2 2 1 1 3 2 1 1 3 1 4 1 4 4 1 2 3 3 4 1 4 1 2 1 4 1 3 1 3 2 3 3 4 3 3 4 2 4 3 3 0 0 0 0 0 0 0 0 0 0 0 0 0 0 0 0 0 0 1 4 1 4 1 4 1 3 4 4 4 3 1 1 4 1 3
329 0.006033 1 2 1 3 4 3 1 3 3 3 3 3 4 1 3 2 1 3 3 3 1 4 2 3 1 3 2 1 1 4 1 2 1 4 4 1 2 3 3 1 1 2 1 2 1 2 1 1 1 3 2 1 3 3 1 3 4 2 2 3 1 3 1 1 3 4 1 1 1 2 1 4 1 3 4 1 1 2 1 3 4 1 4 1 4 1 3 4 4 4 1 1 1 4 1 3
329 0.237933 3 4 3 3 2 3 1 3 3 3 3 3 4 1 1 2 1 3 3 3 1 4 4 3 1 3 2 1 1 4 1 2 1 4 1 1 2 3 3 4 1 2 1 2 1 4 1 3 1 3 2 3 3 4 1 3 4 2 4 3 3 3 1 1 3 4 1 1 1 2 1 4 1 3 4 1 1 2 1 1 4 1 4 1 4 1 3 4 4 4 1 1 1 4 1 3
329 0.006033 3 2 3 3 4 3 1 3 3 3 3 3 4 1 3 2 1 3 3 3 1 4 2 3 1 3 2 1 1 4 1 2 1 4 1 1 2 3 3 4 1 2 1 2 1 4 1 3 1 3 2 3 3 4 1 3 4 2 4 3 3 3 1 1 3 4 1 1 1 2 1 4 1 3 4 1 1 2 1 1 4 1 4 1 4 1 3 4 4 4 1 1 1 4 1 3
329 0.006033 3 2 3 3 4 3 1 3 3 3 3 3 4 1 3 2 1 3 3 3 1 4 2 3 1 3 2 1 1 4 1 2 3 4 4 1 2 3 3 4 3 2 1 2 1 4 1 3 1 3 2 3 3 4 1 3 4 4 4 3 3 3 1 1 3 4 1 1 1 2 1 4 1 3 4 1 1 2 1 1 4 3 4 1 4 1 3 4 4 4 1 1 1 4 1 3
329 0.006033 3 2 3 3 4 3 1 3 3 3 3 3 4 1 3 2 1 3 3 3 1 4 2 3 1 3 2 1 1 4 1 2 1 4 4 1 2 3 3 4 3 2 1 2 1 4 1 3 1 3 2 3 3 4 1 3 4 2 4 3 3 3 1 1 3 4 1 1 1 2 1 4 1 3 4 1 1 2 1 1 4 1 4 1 4 1 3 4 4 4 1 1 1 4 1 3
329 0.237933 3 2 3 3 2 3 1 3 3 3 3 3 4 1 3 2 1 3 3 3 1 4 2 3 1 3 2 1 1 4 1 2 1 4 4 1 2 3 3 4 1 2 1 2 1 4 1 3 1 3 2 3 3 4 1 3 4 2 4 3 3 3 1 1 3 4 1 1 1 2 1 4 1 3 4 1 1 2 1 1 4 1 4 1 4 1 3 4 4 4 1 1 1 4 1 3
329 0.006033 3 2 3 3 4 3 1 3 3 3 3 3 4 1 3 2 1 3 1 3 1 4 2 3 1 3 2 1 1 4 3 2 1 4 4 1 2 3 3 4 1 2 1 2 1 4 1 3 1 3 2 3 3 4 1 3 4 2 4 3 3 3 1 1 3 4 1 1 1 2 1 4 1 3 4 1 1 2 1 1 4 1 4 1 4 1 3 4 2 4 1 1 1 4 1 3
329 0.006033 3 2 3 1 4 3 1 3 3 3 3 3 4 1 3 2 1 3 3 3 1 4 4 3 1 3 2 1 1 4 1 2 1 3 1 1 2 3 3 4 1 2 3 2 1 4 1 3 1 3 2 3 3 4 1 3 4 2 4 3 3 3 1 1 3 4 1 1 1 2 1 4 1 3 4 1 1 2 1 1 4 1 4 1 4 3 3 4 4 4 1 1 3 4 1 3
329 0.237933 3 4 3 3 2 3 1 3 3 3 3 3 3 1 1 2 1 3 3 3 1 4 4 3 1 3 2 1 1 4 1 2 1 4 1 1 2 3 3 4 1 2 1 2 1 4 1 3 1 3 2 3 3 4 1 3 4 2 4 3 3 3 1 1 3 4 1 1 1 2 1 4 1 3 4 1 1 2 1 1 4 1 4 1 4 1 3 4 4 4 1 1 1 4 1 3
329 0.237933 3 2 3 1 2 3 1 3 3 1 3 3 4 4 3 2 1 3 3 3 1 4 2 3 1 3 2 1 1 4 1 2 1 4 1 1 4 3 3 4 1 2 1 4 1 4 1 3 1 3 2 3 3 4 1 3 4 2 4 1 3 3 1 1 3 4 1 1 1 2 1 4 1 3 4 1 1 2 1 1 4 1 4 1 4 1 3 4 4 4 1 1 1 4 1 3
329 0.006033 3 2 3 1 4 3 1 3 3 3 3 3 4 1 3 2 1 3 3 3 1 4 4 3 1 3 2 1 1 4 1 2 1 3 1 1 2 3 3 4 1 2 3 2 1 4 1 3 1 3 2 3 3 4 1 3 4 2 4 3 3 3 1 1 3 4 1 1 1 2 1 4 1 3 4 1 1 2 1 1 4 1 4 1 4 3 3 4 4 4 1 1 1 4 1 3
329 0.006033 3 2 3 3 4 3 1 1 3 3 3 3 4 1 3 4 2 1 3 3 1 2 2 1 1 3 2 1 1 3 1 4 1 4 4 1 2 3 3 4 1 4 1 2 1 4 1 3 1 3 2 3 3 4 3 3 4 2 4 3 3 0 0 0 0 0 0 0 0 0 0 0 0 0 0 0 0 0 0 1 4 1 4 1 4 1 3 4 4 4 3 1 1 4 1 3
330 0.005399 1 2 1 3 4 3 1 3 3 3 3 3 4 1 3 2 1 3 3 3 1 4 2 3 1 3 2 1 1 4 1 2 1 4 4 1 2 3 3 1 1 2 1 2 1 2 1 1 1 3 2 1 3 3 1 3 4 2 2 3 1 3 1 1 3 4 1 1 1 2 1 4 1 3 4 1 1 2 1 3 4 1 4 1 4 1 3 4 4 4 1 1 1 4 1 3
330 0.239203 3 4 3 3 2 3 1 3 3 3 3 3 4 1 1 2 1 3 3 3 1 4 4 3 1 3 2 1 1 4 1 2 1 4 1 1 2 3 3 4 1 2 1 2 1 4 1 3 1 3 2 3 3 4 1 3 4 2 4 3 3 3 1 1 3 4 1 1 1 2 1 4 1 3 4 1 1 2 1 1 4 1 4 1 4 1 3 4 4 4 1 1 1 4 1 3
330 0.005399 3 2 3 3 4 3 1 3 3 3 3 3 4 1 3 2 1 3 3 3 1 4 2 3 1 3 2 1 1 4 1 2 1 4 1 1 2 3 3 4 1 2 1 2 1 4 1 3 1 3 2 3 3 4 1 3 4 2 4 3 3 3 1 1 3 4 1 1 1 2 1 4 1 3 4 1 1 2 1 1 4 1 4 1 4 1 3 4 4 4 1 1 1 4 1 3
330 0.005399 3 2 3 3 4 3 1 3 3 3 3 3 4 1 3 2 1 3 3 3 1 4 2 3 1 3 2 1 1 4 1 2 3 4 4 1 2 3 3 4 3 2 1 2 1 4 1 3 1 3 2 3 3 4 1 3 4 4 4 3 3 3 1 1 3 4 1 1 1 2 1 4 1 3 4 1 1 2 1 1 4 3 4 1 4 1 3 4 4 4 1 1 1 4 1 3
330 0.005399 3 2 3 3 4 3 1 3 3 3 3 3 4 1 3 2 1 3 3 3 1 4 2 3 1 3 2 1 1 4 1 2 1 4 4 1 2 3 3 4 3 2 1 2 1 4 1 3 1 3 2 3 3 4 1 3 4 2 4 3 3 3 1 1 3 4 1 1 1 2 1 4 1 3 4 1 1 2 1 1 4 1 4 1 4 1 3 4 4 4 1 1 1 4 1 3
330 0.239203 3 2 3 3 2 3 1 3 3 3 3 3 4 1 3 2 1 3 3 3 1 4 2 3 1 3 2 1 1 4 1 2 1 4 4 1 2 3 3 4 1 2 1 2 1 4 1 3 1 3 2 3 3 4 1 3 4 2 4 3 3 3 1 1 3 4 1 1 1 2 1 4 1 3 4 1 1 2 1 1 4 1 4 1 4 1 3 4 4 4 1 1 1 4 1 3
330 0.005399 3 2 3 3 4 3 1 3 3 3 3 3 4 1 3 2 1 3 1 3 1 4 2 3 1 3 2 1 1 4 3 2 1 4 4 1 2 3 3 4 1 2 1 2 1 4 1 3 1 3 2 3 3 4 1 3 4 2 4 3 3 3 1 1 3 4 1 1 1 2 1 4 1 3 4 1 1 2 1 1 4 1 4 1 4 1 3 4 2 4 1 1 1 4 1 3
330 0.005399 3 2 3 1 4 3 1 3 3 3 3 3 4 1 3 2 1 3 3 3 1 4 4 3 1 3 2 1 1 4 1 2 1 3 1 1 2 3 3 4 1 2 3 2 1 4 1 3 1 3 2 3 3 4 1 3 4 2 4 3 3 3 1 1 3 4 1 1 1 2 1 4 1 3 4 1 1 2 1 1 4 1 4 1 4 3 3 4 4 4 1 1 3 4 1 3
330 0.239203 3 4 3 3 2 3 1 3 3 3 3 3 3 1 1 2 1 3 3 3 1 4 4 3 1 3 2 1 1 4 1 2 1 4 1 1 2 3 3 4 1 2 1 2 1 4 1 3 1 3 2 3 3 4 1 3 4 2 4 3 3 3 1 1 3 4 1 1 1 2 1 4 1 3 4 1 1 2 1 1 4 1 4 1 4 1 3 4 4 4 1 1 1 4 1 3
330 0.239203 3 2 3 1 2 3 1 3 3 1 3 3 4 4 3 2 1 3 3 3 1 4 2 3 1 3 2 1 1 4 1 2 1 4 1 1 4 3 3 4 1 2 1 4 1 4 1 3 1 3 2 3 3 4 1 3 4 2 4 1 3 3 1 1 3 4 1 1 1 2 1 4 1 3 4 1 1 2 1 1 4 1 4 1 4 1 3 4 4 4 1 1 1 4 1 3
330 0.005399 3 2 3 1 4 3 1 3 3 3 3 3 4 1 3 2 1 3 3 3 1 4 4 3 1 3 2 1 1 4 1 2 1 3 1 1 2 3 3 4 1 2 3 2 1 4 1 3 1 3 2 3 3 4 1 3 4 2 4 3 3 3 1 1 3 4 1 1 1 2 1 4 1 3 4 1 1 2 1 1 4 1 4 1 4 3 3 4 4 4 1 1 1 4 1 3
330 0.005399 3 2 3 3 4 3 1 1 3 3 3 3 4 1 3 4 2 1 3 3 1 2 2 1 1 3 2 1 1 3 1 4 1 4 4 1 2 3 3 4 1 4 1 2 1 4 1 3 1 3 2 3 3 4 3 3 4 2 4 3 3 0 0 0 0 0 0 0 0 0 0 0 0 0 0 0 0 0 0 1 4 1 4 1 4 1 3 4 4 4 3 1 1 4 1 3
331 0.004820 1 2 1 3 4 3 1 3 3 3 3 3 4 1 3 2 1 3 3 3 1 4 2 3 1 3 2 1 1 4 1 2 1 4 4 1 2 3 3 1 1 2 1 2 1 2 1 1 1 3 2 1 3 3 1 3 4 2 2 3 1 3 1 1 3 4 1 1 1 2 1 4 1 3 4 1 1 2 1 3 4 1 4 1 4 1 3 4 4 4 1 1 1 4 1 3
331 0.240360 3 4 3 3 2 3 1 3 3 3 3 3 4 1 1 2 1 3 3 3 1 4 4 3 1 3 2 1 1 4 1 2 1 4 1 1 2 3 3 4 1 2 1 2 1 4 1 3 1 3 2 3 3 4 1 3 4 2 4 3 3 3 1 1 3 4 1 1 1 2 1 4 1 3 4 1 1 2 1 1 4 1 4 1 4 1 3 4 4 4 1 1 1 4 1 3
331 0.004820 3 2 3 3 4 3 1 3 3 3 3 3 4 1 3 2 1 3 3 3 1 4 2 3 1 3 2 1 1 4 1 2 1 4 1 1 2 3 3 4 1 2 1 2 1 4 1 3 1 3 2 3 3 4 1 3 4 2 4 3 3 3 1 1 3 4 1 1 1 2 1 4 1 3 4 1 1 2 1 1 4 1 4 1 4 1 3 4 4 4 1 1 1 4 1 3
331 0.004820 3 2 3 3 4 3 1 3 3 3 3 3 4 1 3 2 1 3 3 3 1 4 2 3 1 3 2 1 1 4 1 2 3 4 4 1 2 3 3 4 3 2 1 2 1 4 1 3 1 3 2 3 3 4 1 3 4 4 4 3 3 3 1 1 3 4 1 1 1 2 1 4 1 3 4 1 1 2 1 1 4 3 4 1 4 1 3 4 4 4 1 1 1 4 1 3
331 0.004820 3 2 3 3 4 3 1 3 3 3 3 3 4 1 3 2 1 3 3 3 1 4 2 3 1 3 2 1 1 4 1 2 1 4 4 1 2 3 3 4 3 2 1 2 1 4 1 3 1 3 2 3 3 4 1 3 4 2 4 3 3 3 1 1 3 4 1 1 1 2 1 4 1 3 4 1 1 2 1 1 4 1 4 1 4 1 3 4 4 4 1 1 1 4 1 3
331 0.240360 3 2 3 3 2 3 1 3 3 3 3 3 4 1 3 2 1 3 3 3 1 4 2 3 1 3 2 1 1 4 1 2 1 4 4 1 2 3 3 4 1 2 1 2 1 4 1 3 1 3 2 3 3 4 1 3 4 2 4 3 3 3 1 1 3 4 1 1 1 2 1 4 1 3 4 1 1 2 1 1 4 1 4 1 4 1 3 4 4 4 1 1 1 4 1 3
331 0.004820 3 2 3 3 4 3 1 3 3 3 3 3 4 1 3 2 1 3 1 3 1 4 2 3 1 3 2 1 1 4 3 2 1 4 4 1 2 3 3 4 1 2 1 2 1 4 1 3 1 3 2 3 3 4 1 3 4 2 4 3 3 3 1 1 3 4 1 1 1 2 1 4 1 3 4 1 1 2 1 1 4 1 4 1 4 1 3 4 2 4 1 1 1 4 1 3
331 0.004820 3 2 3 1 4 3 1 3 3 3 3 3 4 1 3 2 1 3 3 3 1 4 4 3 1 3 2 1 1 4 1 2 1 3 1 1 2 3 3 4 1 2 3 2 1 4 1 3 1 3 2 3 3 4 1 3 4 2 4 3 3 3 1 1 3 4 1 1 1 2 1 4 1 3 4 1 1 2 1 1 4 1 4 1 4 3 3 4 4 4 1 1 3 4 1 3
331 0.240360 3 4 3 3 2 3 1 3 3 3 3 3 3 1 1 2 1 3 3 3 1 4 4 3 1 3 2 1 1 4 1 2 1 4 1 1 2 3 3 4 1 2 1 2 1 4 1 3 1 3 2 3 3 4 1 3 4 2 4 3 3 3 1 1 3 4 1 1 1 2 1 4 1 3 4 1 1 2 1 1 4 1 4 1 4 1 3 4 4 4 1 1 1 4 1 3
331 0.240360 3 2 3 1 2 3 1 3 3 1 3 3 4 4 3 2 1 3 3 3 1 4 2 3 1 3 2 1 1 4 1 2 1 4 1 1 4 3 3 4 1 2 1 4 1 4 1 3 1 3 2 3 3 4 1 3 4 2 4 1 3 3 1 1 3 4 1 1 1 2 1 4 1 3 4 1 1 2 1 1 4 1 4 1 4 1 3 4 4 4 1 1 1 4 1 3
331 0.004820 3 2 3 1 4 3 1 3 3 3 3 3 4 1 3 2 1 3 3 3 1 4 4 3 1 3 2 1 1 4 1 2 1 3 1 1 2 3 3 4 1 2 3 2 1 4 1 3 1 3 2 3 3 4 1 3 4 2 4 3 3 3 1 1 3 4 1 1 1 2 1 4 1 3 4 1 1 2 1 1 4 1 4 1 4 3 3 4 4 4 1 1 1 4 1 3
331 0.004820 3 2 3 3 4 3 1 1 3 3 3 3 4 1 3 4 2 1 3 3 1 2 2 1 1 3 2 1 1 3 1 4 1 4 4 1 2 3 3 4 1 4 1 2 1 4 1 3 1 3 2 3 3 4 3 3 4 2 4 3 3 0 0 0 0 0 0 0 0 0 0 0 0 0 0 0 0 0 0 1 4 1 4 1 4 1 3 4 4 4 3 1 1 4 1 3
332 0.004292 1 2 1 3 4 3 1 3 3 3 3 3 4 1 3 2 1 3 3 3 1 4 2 3 1 3 2 1 1 4 1 2 1 4 4 1 2 3 3 1 1 2 1 2 1 2 1 1 1 3 2 1 3 3 1 3 4 2 2 3 1 3 1 1 3 4 1 1 1 2 1 4 1 3 4 1 1 2 1 3 4 1 4 1 4 1 3 4 4 4 1 1 1 4 1 3
332 0.241415 3 4 3 3 2 3 1 3 3 3 3 3 4 1 1 2 1 3 3 3 1 4 4 3 1 3 2 1 1 4 1 2 1 4 1 1 2 3 3 4 1 2 1 2 1 4 1 3 1 3 2 3 3 4 1 3 4 2 4 3 3 3 1 1 3 4 1 1 1 2 1 4 1 3 4 1 1 2 1 1 4 1 4 1 4 1 3 4 4 4 1 1 1 4 1 3
332 0.004292 3 2 3 3 4 3 1 3 3 3 3 3 4 1 3 2 1 3 3 3 1 4 2 3 1 3 2 1 1 4 1 2 1 4 1 1 2 3 3 4 1 2 1 2 1 4 1 3 1 3 2 3 3 4 1 3 4 2 4 3 3 3 1 1 3 4 1 1 1 2 1 4 1 3 4 1 1 2 1 1 4 1 4 1 4 1 3 4 4 4 1 1 1 4 1 3
332 0.004292 3 2 3 3 4 3 1 3 3 3 3 3 4 1 3 2 1 3 3 3 1 4 2 3 1 3 2 1 1 4 1 2 3 4 4 1 2 3 3 4 3 2 1 2 1 4 1 3 1 3 2 3 3 4 1 3 4 4 4 3 3 3 1 1 3 4 1 1 1 2 1 4 1 3 4 1 1 2 1 1 4 3 4 1 4 1 3 4 4 4 1 1 1 4 1 3
332 0.004292 3 2 3 3 4 3 1 3 3 3 3 3 4 1 3 2 1 3 3 3 1 4 2 3 1 3 2 1 1 4 1 2 1 4 4 1 2 3 3 4 3 2 1 2 1 4 1 3 1 3 2 3 3 4 1 3 4 2 4 3 3 3 1 1 3 4 1 1 1 2 1 4 1 3 4 1 1 2 1 1 4 1 4 1 4 1 3 4 4 4 1 1 1 4 1 3
332 0.241415 3 2 3 3 2 3 1 3 3 3 3 3 4 1 3 2 1 3 3 3 1 4 2 3 1 3 2 1 1 4 1 2 1 4 4 1 2 3 3 4 1 2 1 2 1 4 1 3 1 3 2 3 3 4 1 3 4 2 4 3 3 3 1 1 3 4 1 1 1 2 1 4 1 3 4 1 1 2 1 1 4 1 4 1 4 1 3 4 4 4 1 1 1 4 1 3
332 0.004292 3 2 3 3 4 3 1 3 3 3 3 3 4 1 3 2 1 3 1 3 1 4 2 3 1 3 2 1 1 4 3 2 1 4 4 1 2 3 3 4 1 2 1 2 1 4 1 3 1 3 2 3 3 4 1 3 4 2 4 3 3 3 1 1 3 4 1 1 1 2 1 4 1 3 4 1 1 2 1 1 4 1 4 1 4 1 3 4 2 4 1 1 1 4 1 3
332 0.004292 3 2 3 1 4 3 1 3 3 3 3 3 4 1 3 2 1 3 3 3 1 4 4 3 1 3 2 1 1 4 1 2 1 3 1 1 2 3 3 4 1 2 3 2 1 4 1 3 1 3 2 3 3 4 1 3 4 2 4 3 3 3 1 1 3 4 1 1 1 2 1 4 1 3 4 1 1 2 1 1 4 1 4 1 4 3 3 4 4 4 1 1 3 4 1 3
332 0.241415 3 4 3 3 2 3 1 3 3 3 3 3 3 1 1 2 1 3 3 3 1 4 4 3 1 3 2 1 1 4 1 2 1 4 1 1 2 3 3 4 1 2 1 2 1 4 1 3 1 3 2 3 3 4 1 3 4 2 4 3 3 3 1 1 3 4 1 1 1 2 1 4 1 3 4 1 1 2 1 1 4 1 4 1 4 1 3 4 4 4 1 1 1 4 1 3
332 0.241415 3 2 3 1 2 3 1 3 3 1 3 3 4 4 3 2 1 3 3 3 1 4 2 3 1 3 2 1 1 4 1 2 1 4 1 1 4 3 3 4 1 2 1 4 1 4 1 3 1 3 2 3 3 4 1 3 4 2 4 1 3 3 1 1 3 4 1 1 1 2 1 4 1 3 4 1 1 2 1 1 4 1 4 1 4 1 3 4 4 4 1 1 1 4 1 3
332 0.004292 3 2 3 1 4 3 1 3 3 3 3 3 4 1 3 2 1 3 3 3 1 4 4 3 1 3 2 1 1 4 1 2 1 3 1 1 2 3 3 4 1 2 3 2 1 4 1 3 1 3 2 3 3 4 1 3 4 2 4 3 3 3 1 1 3 4 1 1 1 2 1 4 1 3 4 1 1 2 1 1 4 1 4 1 4 3 3 4 4 4 1 1 1 4 1 3
332 0.004292 3 2 3 3 4 3 1 1 3 3 3 3 4 1 3 4 2 1 3 3 1 2 2 1 1 3 2 1 1 3 1 4 1 4 4 1 2 3 3 4 1 4 1 2 1 4 1 3 1 3 2 3 3 4 3 3 4 2 4 3 3 0 0 0 0 0 0 0 0 0 0 0 0 0 0 0 0 0 0 1 4 1 4 1 4 1 3 4 4 4 3 1 1 4 1 3
333 0.003812 1 2 1 3 4 3 1 3 3 3 3 3 4 1 3 2 1 3 3 3 1 4 2 3 1 3 2 1 1 4 1 2 1 4 4 1 2 3 3 1 1 2 1 2 1 2 1 1 1 3 2 1 3 3 1 3 4 2 2 3 1 3 1 1 3 4 1 1 1 2 1 4 1 3 4 1 1 2 1 3 4 1 4 1 4 1 3 4 4 4 1 1 1 4 1 3
333 0.242376 3 4 3 3 2 3 1 3 3 3 3 3 4 1 1 2 1 3 3 3 1 4 4 3 1 3 2 1 1 4 1 2 1 4 1 1 2 3 3 4 1 2 1 2 1 4 1 3 1 3 2 3 3 4 1 3 4 2 4 3 3 3 1 1 3 4 1 1 1 2 1 4 1 3 4 1 1 2 1 1 4 1 4 1 4 1 3 4 4 4 1 1 1 4 1 3
333 0.003812 3 2 3 3 4 3 1 3 3 3 3 3 4 1 3 2 1 3 3 3 1 4 2 3 1 3 2 1 1 4 1 2 1 4 1 1 2 3 3 4 1 2 1 2 1 4 1 3 1 3 2 3 3 4 1 3 4 2 4 3 3 3 1 1 3 4 1 1 1 2 1 4 1 3 4 1 1 2 1 1 4 1 4 1 4 1 3 4 4 4 1 1 1 4 1 3
333 0.003812 3 2 3 3 4 3 1 3 3 3 3 3 4 1 3 2 1 3 3 3 1 4 2 3 1 3 2 1 1 4 1 2 3 4 4 1 2 3 3 4 3 2 1 2 1 4 1 3 1 3 2 3 3 4 1 3 4 4 4 3 3 3 1 1 3 4 1 1 1 2 1 4 1 3 4 1 1 2 1 1 4 3 4 1 4 1 3 4 4 4 1 1 1 4 1 3
333 0.003812 3 2 3 3 4 3 1 3 3 3 3 3 4 1 3 2 1 3 3 3 1 4 2 3 1 3 2 1 1 4 1 2 1 4 4 1 2 3 3 4 3 2 1 2 1 4 1 3 1 3 2 3 3 4 1 3 4 2 4 3 3 3 1 1 3 4 1 1 1 2 1 4 1 3 4 1 1 2 1 1 4 1 4 1 4 1 3 4 4 4 1 1 1 4 1 3
333 0.242376 3 2 3 3 2 3 1 3 3 3 3 3 4 1 3 2 1 3 3 3 1 4 2 3 1 3 2 1 1 4 1 2 1 4 4 1 2 3 3 4 1 2 1 2 1 4 1 3 1 3 2 3 3 4 1 3 4 2 4 3 3 3 1 1 3 4 1 1 1 2 1 4 1 3 4 1 1 2 1 1 4 1 4 1 4 1 3 4 4 4 1 1 1 4 1 3
333 0.003812 3 2 3 3 4 3 1 3 3 3 3 3 4 1 3 2 1 3 1 3 1 4 2 3 1 3 2 1 1 4 3 2 1 4 4 1 2 3 3 4 1 2 1 2 1 4 1 3 1 3 2 3 3 4 1 3 4 2 4 3 3 3 1 1 3 4 1 1 1 2 1 4 1 3 4 1 1 2 1 1 4 1 4 1 4 1 3 4 2 4 1 1 1 4 1 3
333 0.003812 3 2 3 1 4 3 1 3 3 3 3 3 4 1 3 2 1 3 3 3 1 4 4 3 1 3 2 1 1 4 1 2 1 3 1 1 2 3 3 4 1 2 3 2 1 4 1 3 1 3 2 3 3 4 1 3 4 2 4 3 3 3 1 1 3 4 1 1 1 2 1 4 1 3 4 1 1 2 1 1 4 1 4 1 4 3 3 4 4 4 1 1 3 4 1 3
333 0.242376 3 4 3 3 2 3 1 3 3 3 3 3 3 1 1 2 1 3 3 3 1 4 4 3 1 3 2 1 1 4 1 2 1 4 1 1 2 3 3 4 1 2 1 2 1 4 1 3 1 3 2 3 3 4 1 3 4 2 4 3 3 3 1 1 3 4 1 1 1 2 1 4 1 3 4 1 1 2 1 1 4 1 4 1 4 1 3 4 4 4 1 1 1 4 1 3
333 0.242376 3 2 3 1 2 3 1 3 3 1 3 3 4 4 3 2 1 3 3 3 1 4 2 3 1 3 2 1 1 4 1 2 1 4 1 1 4 3 3 4 1 2 1 4 1 4 1 3 1 3 2 3 3 4 1 3 4 2 4 1 3 3 1 1 3 4 1 1 1 2 1 4 1 3 4 1 1 2 1 1 4 1 4 1 4 1 3 4 4 4 1 1 1 4 1 3
333 0.003812 3 2 3 1 4 3 1 3 3 3 3 3 4 1 3 2 1 3 3 3 1 4 4 3 1 3 2 1 1 4 1 2 1 3 1 1 2 3 3 4 1 2 3 2 1 4 1 3 1 3 2 3 3 4 1 3 4 2 4 3 3 3 1 1 3 4 1 1 1 2 1 4 1 3 4 1 1 2 1 1 4 1 4 1 4 3 3 4 4 4 1 1 1 4 1 3
333 0.003812 3 2 3 3 4 3 1 1 3 3 3 3 4 1 3 4 2 1 3 3 1 2 2 1 1 3 2 1 1 3 1 4 1 4 4 1 2 3 3 4 1 4 1 2 1 4 1 3 1 3 2 3 3 4 3 3 4 2 4 3 3 0 0 0 0 0 0 0 0 0 0 0 0 0 0 0 0 0 0 1 4 1 4 1 4 1 3 4 4 4 3 1 1 4 1 3
334 0.003375 1 2 1 3 4 3 1 3 3 3 3 3 4 1 3 2 1 3 3 3 1 4 2 3 1 3 2 1 1 4 1 2 1 4 4 1 2 3 3 1 1 2 1 2 1 2 1 1 1 3 2 1 3 3 1 3 4 2 2 3 1 3 1 1 3 4 1 1 1 2 1 4 1 3 4 1 1 2 1 3 4 1 4 1 4 1 3 4 4 4 1 1 1 4 1 3
334 0.243250 3 4 3 3 2 3 1 3 3 3 3 3 4 1 1 2 1 3 3 3 1 4 4 3 1 3 2 1 1 4 1 2 1 4 1 1 2 3 3 4 1 2 1 2 1 4 1 3 1 3 2 3 3 4 1 3 4 2 4 3 3 3 1 1 3 4 1 1 1 2 1 4 1 3 4 1 1 2 1 1 4 1 4 1 4 1 3 4 4 4 1 1 1 4 1 3
334 0.003375 3 2 3 3 4 3 1 3 3 3 3 3 4 1 3 2 1 3 3 3 1 4 2 3 1 3 2 1 1 4 1 2 1 4 1 1 2 3 3 4 1 2 1 2 1 4 1 3 1 3 2 3 3 4 1 3 4 2 4 3 3 3 1 1 3 4 1 1 1 2 1 4 1 3 4 1 1 2 1 1 4 1 4 1 4 1 3 4 4 4 1 1 1 4 1 3
334 0.003375 3 2 3 3 4 3 1 3 3 3 3 3 4 1 3 2 1 3 3 3 1 4 2 3 1 3 2 1 1 4 1 2 3 4 4 1 2 3 3 4 3 2 1 2 1 4 1 3 1 3 2 3 3 4 1 3 4 4 4 3 3 3 1 1 3 4 1 1 1 2 1 4 1 3 4 1 1 2 1 1 4 3 4 1 4 1 3 4 4 4 1 1 1 4 1 3
334 0.003375 3 2 3 3 4 3 1 3 3 3 3 3 4 1 3 2 1 3 3 3 1 4 2 3 1 3 2 1 1 4 1 2 1 4 4 1 2 3 3 4 3 2 1 2 1 4 1 3 1 3 2 3 3 4 1 3 4 2 4 3 3 3 1 1 3 4 1 1 1 2 1 4 1 3 4 1 1 2 1 1 4 1 4 1 4 1 3 4 4 4 1 1 1 4 1 3
334 0.243250 3 2 3 3 2 3 1 3 3 3 3 3 4 1 3 2 1 3 3 3 1 4 2 3 1 3 2 1 1 4 1 2 1 4 4 1 2 3 3 4 1 2 1 2 1 4 1 3 1 3 2 3 3 4 1 3 4 2 4 3 3 3 1 1 3 4 1 1 1 2 1 4 1 3 4 1 1 2 1 1 4 1 4 1 4 1 3 4 4 4 1 1 1 4 1 3
334 0.003375 3 2 3 3 4 3 1 3 3 3 3 3 4 1 3 2 1 3 1 3 1 4 2 3 1 3 2 1 1 4 3 2 1 4 4 1 2 3 3 4 1 2 1 2 1 4 1 3 1 3 2 3 3 4 1 3 4 2 4 3 3 3 1 1 3 4 1 1 1 2 1 4 1 3 4 1 1 2 1 1 4 1 4 1 4 1 3 4 2 4 1 1 1 4 1 3
334 0.003375 3 2 3 1 4 3 1 3 3 3 3 3 4 1 3 2 1 3 3 3 1 4 4 3 1 3 2 1 1 4 1 2 1 3 1 1 2 3 3 4 1 2 3 2 1 4 1 3 1 3 2 3 3 4 1 3 4 2 4 3 3 3 1 1 3 4 1 1 1 2 1 4 1 3 4 1 1 2 1 1 4 1 4 1 4 3 3 4 4 4 1 1 3 4 1 3
334 0.243250 3 4 3 3 2 3 1 3 3 3 3 3 3 1 1 2 1 3 3 3 1 4 4 3 1 3 2 1 1 4 1 2 1 4 1 1 2 3 3 4 1 2 1 2 1 4 1 3 1 3 2 3 3 4 1 3 4 2 4 3 3 3 1 1 3 4 1 1 1 2 1 4 1 3 4 1 1 2 1 1 4 1 4 1 4 1 3 4 4 4 1 1 1 4 1 3
334 0.243250 3 2 3 1 2 3 1 3 3 1 3 3 4 4 3 2 1 3 3 3 1 4 2 3 1 3 2 1 1 4 1 2 1 4 1 1 4 3 3 4 1 2 1 4 1 4 1 3 1 3 2 3 3 4 1 3 4 2 4 1 3 3 1 1 3 4 1 1 1 2 1 4 1 3 4 1 1 2 1 1 4 1 4 1 4 1 3 4 4 4 1 1 1 4 1 3
334 0.003375 3 2 3 1 4 3 1 3 3 3 3 3 4 1 3 2 1 3 3 3 1 4 4 3 1 3 2 1 1 4 1 2 1 3 1 1 2 3 3 4 1 2 3 2 1 4 1 3 1 3 2 3 3 4 1 3 4 2 4 3 3 3 1 1 3 4 1 1 1 2 1 4 1 3 4 1 1 2 1 1 4 1 4 1 4 3 3 4 4 4 1 1 1 4 1 3
334 0.003375 3 2 3 3 4 3 1 1 3 3 3 3 4 1 3 4 2 1 3 3 1 2 2 1 1 3 2 1 1 3 1 4 1 4 4 1 2 3 3 4 1 4 1 2 1 4 1 3 1 3 2 3 3 4 3 3 4 2 4 3 3 0 0 0 0 0 0 0 0 0 0 0 0 0 0 0 0 0 0 1 4 1 4 1 4 1 3 4 4 4 3 1 1 4 1 3
335 0.002978 1 2 1 3 4 3 1 3 3 3 3 3 4 1 3 2 1 3 3 3 1 4 2 3 1 3 2 1 1 4 1 2 1 4 4 1 2 3 3 1 1 2 1 2 1 2 1 1 1 3 2 1 3 3 1 3 4 2 2 3 1 3 1 1 3 4 1 1 1 2 1 4 1 3 4 1 1 2 1 3 4 1 4 1 4 1 3 4 4 4 1 1 1 4 1 3
335 0.244045 3 4 3 3 2 3 1 3 3 3 3 3 4 1 1 2 1 3 3 3 1 4 4 3 1 3 2 1 1 4 1 2 1 4 1 1 2 3 3 4 1 2 1 2 1 4 1 3 1 3 2 3 3 4 1 3 4 2 4 3 3 3 1 1 3 4 1 1 1 2 1 4 1 3 4 1 1 2 1 1 4 1 4 1 4 1 3 4 4 4 1 1 1 4 1 3
335 0.002978 3 2 3 3 4 3 1 3 3 3 3 3 4 1 3 2 1 3 3 3 1 4 2 3 1 3 2 1 1 4 1 2 1 4 1 1 2 3 3 4 1 2 1 2 1 4 1 3 1 3 2 3 3 4 1 3 4 2 4 3 3 3 1 1 3 4 1 1 1 2 1 4 1 3 4 1 1 2 1 1 4 1 4 1 4 1 3 4 4 4 1 1 1 4 1 3
335 0.002978 3 2 3 3 4 3 1 3 3 3 3 3 4 1 3 2 1 3 3 3 1 4 2 3 1 3 2 1 1 4 1 2 3 4 4 1 2 3 3 4 3 2 1 2 1 4 1 3 1 3 2 3 3 4 1 3 4 4 4 3 3 3 1 1 3 4 1 1 1 2 1 4 1 3 4 1 1 2 1 1 4 3 4 1 4 1 3 4 4 4 1 1 1 4 1 3
335 0.002978 3 2 3 3 4 3 1 3 3 3 3 3 4 1 3 2 1 3 3 3 1 4 2 3 1 3 2 1 1 4 1 2 1 4 4 1 2 3 3 4 3 2 1 2 1 4 1 3 1 3 2 3 3 4 1 3 4 2 4 3 3 3 1 1 3 4 1 1 1 2 1 4 1 3 4 1 1 2 1 1 4 1 4 1 4 1 3 4 4 4 1 1 1 4 1 3
335 0.244045 3 2 3 3 2 3 1 3 3 3 3 3 4 1 3 2 1 3 3 3 1 4 2 3 1 3 2 1 1 4 1 2 1 4 4 1 2 3 3 4 1 2 1 2 1 4 1 3 1 3 2 3 3 4 1 3 4 2 4 3 3 3 1 1 3 4 1 1 1 2 1 4 1 3 4 1 1 2 1 1 4 1 4 1 4 1 3 4 4 4 1 1 1 4 1 3
335 0.002978 3 2 3 3 4 3 1 3 3 3 3 3 4 1 3 2 1 3 1 3 1 4 2 3 1 3 2 1 1 4 3 2 1 4 4 1 2 3 3 4 1 2 1 2 1 4 1 3 1 3 2 3 3 4 1 3 4 2 4 3 3 3 1 1 3 4 1 1 1 2 1 4 1 3 4 1 1 2 1 1 4 1 4 1 4 1 3 4 2 4 1 1 1 4 1 3
335 0.002978 3 2 3 1 4 3 1 3 3 3 3 3 4 1 3 2 1 3 3 3 1 4 4 3 1 3 2 1 1 4 1 2 1 3 1 1 2 3 3 4 1 2 3 2 1 4 1 3 1 3 2 3 3 4 1 3 4 2 4 3 3 3 1 1 3 4 1 1 1 2 1 4 1 3 4 1 1 2 1 1 4 1 4 1 4 3 3 4 4 4 1 1 3 4 1 3
335 0.244045 3 4 3 3 2 3 1 3 3 3 3 3 3 1 1 2 1 3 3 3 1 4 4 3 1 3 2 1 1 4 1 2 1 4 1 1 2 3 3 4 1 2 1 2 1 4 1 3 1 3 2 3 3 4 1 3 4 2 4 3 3 3 1 1 3 4 1 1 1 2 1 4 1 3 4 1 1 2 1 1 4 1 4 1 4 1 3 4 4 4 1 1 1 4 1 3
335 0.244045 3 2 3 1 2 3 1 3 3 1 3 3 4 4 3 2 1 3 3 3 1 4 2 3 1 3 2 1 1 4 1 2 1 4 1 1 4 3 3 4 1 2 1 4 1 4 1 3 1 3 2 3 3 4 1 3 4 2 4 1 3 3 1 1 3 4 1 1 1 2 1 4 1 3 4 1 1 2 1 1 4 1 4 1 4 1 3 4 4 4 1 1 1 4 1 3
335 0.002978 3 2 3 1 4 3 1 3 3 3 3 3 4 1 3 2 1 3 3 3 1 4 4 3 1 3 2 1 1 4 1 2 1 3 1 1 2 3 3 4 1 2 3 2 1 4 1 3 1 3 2 3 3 4 1 3 4 2 4 3 3 3 1 1 3 4 1 1 1 2 1 4 1 3 4 1 1 2 1 1 4 1 4 1 4 3 3 4 4 4 1 1 1 4 1 3
335 0.002978 3 2 3 3 4 3 1 1 3 3 3 3 4 1 3 4 2 1 3 3 1 2 2 1 1 3 2 1 1 3 1 4 1 4 4 1 2 3 3 4 1 4 1 2 1 4 1 3 1 3 2 3 3 4 3 3 4 2 4 3 3 0 0 0 0 0 0 0 0 0 0 0 0 0 0 0 0 0 0 1 4 1 4 1 4 1 3 4 4 4 3 1 1 4 1 3
336 0.002617 1 2 1 3 4 3 1 3 3 3 3 3 4 1 3 2 1 3 3 3 1 4 2 3 1 3 2 1 1 4 1 2 1 4 4 1 2 3 3 1 1 2 1 2 1 2 1 1 1 3 2 1 3 3 1 3 4 2 2 3 1 3 1 1 3 4 1 1 1 2 1 4 1 3 4 1 1 2 1 3 4 1 4 1 4 1 3 4 4 4 1 1 1 4 1 3
336 0.244766 3 4 3 3 2 3 1 3 3 3 3 3 4 1 1 2 1 3 3 3 1 4 4 3 1 3 2 1 1 4 1 2 1 4 1 1 2 3 3 4 1 2 1 2 1 4 1 3 1 3 2 3 3 4 1 3 4 2 4 3 3 3 1 1 3 4 1 1 1 2 1 4 1 3 4 1 1 2 1 1 4 1 4 1 4 1 3 4 4 4 1 1 1 4 1 3
336 0.002617 3 2 3 3 4 3 1 3 3 3 3 3 4 1 3 2 1 3 3 3 1 4 2 3 1 3 2 1 1 4 1 2 1 4 1 1 2 3 3 4 1 2 1 2 1 4 1 3 1 3 2 3 3 4 1 3 4 2 4 3 3 3 1 1 3 4 1 1 1 2 1 4 1 3 4 1 1 2 1 1 4 1 4 1 4 1 3 4 4 4 1 1 1 4 1 3
336 0.002617 3 2 3 3 4 3 1 3 3 3 3 3 4 1 3 2 1 3 3 3 1 4 2 3 1 3 2 1 1 4 1 2 3 4 4 1 2 3 3 4 3 2 1 2 1 4 1 3 1 3 2 3 3 4 1 3 4 4 4 3 3 3 1 1 3 4 1 1 1 2 1 4 1 3 4 1 1 2 1 1 4 3 4 1 4 1 3 4 4 4 1 1 1 4 1 3
336 0.002617 3 2 3 3 4 3 1 3 3 3 3 3 4 1 3 2 1 3 3 3 1 4 2 3 1 3 2 1 1 4 1 2 1 4 4 1 2 3 3 4 3 2 1 2 1 4 1 3 1 3 2 3 3 4 1 3 4 2 4 3 3 3 1 1 3 4 1 1 1 2 1 4 1 3 4 1 1 2 1 1 4 1 4 1 4 1 3 4 4 4 1 1 1 4 1 3
336 0.244766 3 2 3 3 2 3 1 3 3 3 3 3 4 1 3 2 1 3 3 3 1 4 2 3 1 3 2 1 1 4 1 2 1 4 4 1 2 3 3 4 1 2 1 2 1 4 1 3 1 3 2 3 3 4 1 3 4 2 4 3 3 3 1 1 3 4 1 1 1 2 1 4 1 3 4 1 1 2 1 1 4 1 4 1 4 1 3 4 4 4 1 1 1 4 1 3
336 0.002617 3 2 3 3 4 3 1 3 3 3 3 3 4 1 3 2 1 3 1 3 1 4 2 3 1 3 2 1 1 4 3 2 1 4 4 1 2 3 3 4 1 2 1 2 1 4 1 3 1 3 2 3 3 4 1 3 4 2 4 3 3 3 1 1 3 4 1 1 1 2 1 4 1 3 4 1 1 2 1 1 4 1 4 1 4 1 3 4 2 4 1 1 1 4 1 3
336 0.002617 3 2 3 1 4 3 1 3 3 3 3 3 4 1 3 2 1 3 3 3 1 4 4 3 1 3 2 1 1 4 1 2 1 3 1 1 2 3 3 4 1 2 3 2 1 4 1 3 1 3 2 3 3 4 1 3 4 2 4 3 3 3 1 1 3 4 1 1 1 2 1 4 1 3 4 1 1 2 1 1 4 1 4 1 4 3 3 4 4 4 1 1 3 4 1 3
336 0.244766 3 4 3 3 2 3 1 3 3 3 3 3 3 1 1 2 1 3 3 3 1 4 4 3 1 3 2 1 1 4 1 2 1 4 1 1 2 3 3 4 1 2 1 2 1 4 1 3 1 3 2 3 3 4 1 3 4 2 4 3 3 3 1 1 3 4 1 1 1 2 1 4 1 3 4 1 1 2 1 1 4 1 4 1 4 1 3 4 4 4 1 1 1 4 1 3
336 0.244766 3 2 3 1 2 3 1 3 3 1 3 3 4 4 3 2 1 3 3 3 1 4 2 3 1 3 2 1 1 4 1 2 1 4 1 1 4 3 3 4 1 2 1 4 1 4 1 3 1 3 2 3 3 4 1 3 4 2 4 1 3 3 1 1 3 4 1 1 1 2 1 4 1 3 4 1 1 2 1 1 4 1 4 1 4 1 3 4 4 4 1 1 1 4 1 3
336 0.002617 3 2 3 1 4 3 1 3 3 3 3 3 4 1 3 2 1 3 3 3 1 4 4 3 1 3 2 1 1 4 1 2 1 3 1 1 2 3 3 4 1 2 3 2 1 4 1 3 1 3 2 3 3 4 1 3 4 2 4 3 3 3 1 1 3 4 1 1 1 2 1 4 1 3 4 1 1 2 1 1 4 1 4 1 4 3 3 4 4 4 1 1 1 4 1 3
336 0.002617 3 2 3 3 4 3 1 1 3 3 3 3 4 1 3 4 2 1 3 3 1 2 2 1 1 3 2 1 1 3 1 4 1 4 4 1 2 3 3 4 1 4 1 2 1 4 1 3 1 3 2 3 3 4 3 3 4 2 4 3 3 0 0 0 0 0 0 0 0 0 0 0 0 0 0 0 0 0 0 1 4 1 4 1 4 1 3 4 4 4 3 1 1 4 1 3
337 0.002289 1 2 1 3 4 3 1 3 3 3 3 3 4 1 3 2 1 3 3 3 1 4 2 3 1 3 2 1 1 4 1 2 1 4 4 1 2 3 3 1 1 2 1 2 1 2 1 1 1 3 2 1 3 3 1 3 4 2 2 3 1 3 1 1 3 4 1 1 1 2 1 4 1 3 4 1 1 2 1 3 4 1 4 1 4 1 3 4 4 4 1 1 1 4 1 3
337 0.245422 3 4 3 3 2 3 1 3 3 3 3 3 4 1 1 2 1 3 3 3 1 4 4 3 1 3 2 1 1 4 1 2 1 4 1 1 2 3 3 4 1 2 1 2 1 4 1 3 1 3 2 3 3 4 1 3 4 2 4 3 3 3 1 1 3 4 1 1 1 2 1 4 1 3 4 1 1 2 1 1 4 1 4 1 4 1 3 4 4 4 1 1 1 4 1 3
337 0.002289 3 2 3 3 4 3 1 3 3 3 3 3 4 1 3 2 1 3 3 3 1 4 2 3 1 3 2 1 1 4 1 2 1 4 1 1 2 3 3 4 1 2 1 2 1 4 1 3 1 3 2 3 3 4 1 3 4 2 4 3 3 3 1 1 3 4 1 1 1 2 1 4 1 3 4 1 1 2 1 1 4 1 4 1 4 1 3 4 4 4 1 1 1 4 1 3
337 0.002289 3 2 3 3 4 3 1 3 3 3 3 3 4 1 3 2 1 3 3 3 1 4 2 3 1 3 2 1 1 4 1 2 3 4 4 1 2 3 3 4 3 2 1 2 1 4 1 3 1 3 2 3 3 4 1 3 4 4 4 3 3 3 1 1 3 4 1 1 1 2 1 4 1 3 4 1 1 2 1 1 4 3 4 1 4 1 3 4 4 4 1 1 1 4 1 3
337 0.002289 3 2 3 3 4 3 1 3 3 3 3 3 4 1 3 2 1 3 3 3 1 4 2 3 1 3 2 1 1 4 1 2 1 4 4 1 2 3 3 4 3 2 1 2 1 4 1 3 1 3 2 3 3 4 1 3 4 2 4 3 3 3 1 1 3 4 1 1 1 2 1 4 1 3 4 1 1 2 1 1 4 1 4 1 4 1 3 4 4 4 1 1 1 4 1 3
337 0.245422 3 2 3 3 2 3 1 3 3 3 3 3 4 1 3 2 1 3 3 3 1 4 2 3 1 3 2 1 1 4 1 2 1 4 4 1 2 3 3 4 1 2 1 2 1 4 1 3 1 3 2 3 3 4 1 3 4 2 4 3 3 3 1 1 3 4 1 1 1 2 1 4 1 3 4 1 1 2 1 1 4 1 4 1 4 1 3 4 4 4 1 1 1 4 1 3
337 0.002289 3 2 3 3 4 3 1 3 3 3 3 3 4 1 3 2 1 3 1 3 1 4 2 3 1 3 2 1 1 4 3 2 1 4 4 1 2 3 3 4 1 2 1 2 1 4 1 3 1 3 2 3 3 4 1 3 4 2 4 3 3 3 1 1 3 4 1 1 1 2 1 4 1 3 4 1 1 2 1 1 4 1 4 1 4 1 3 4 2 4 1 1 1 4 1 3
337 0.002289 3 2 3 1 4 3 1 3 3 3 3 3 4 1 3 2 1 3 3 3 1 4 4 3 1 3 2 1 1 4 1 2 1 3 1 1 2 3 3 4 1 2 3 2 1 4 1 3 1 3 2 3 3 4 1 3 4 2 4 3 3 3 1 1 3 4 1 1 1 2 1 4 1 3 4 1 1 2 1 1 4 1 4 1 4 3 3 4 4 4 1 1 3 4 1 3
337 0.245422 3 4 3 3 2 3 1 3 3 3 3 3 3 1 1 2 1 3 3 3 1 4 4 3 1 3 2 1 1 4 1 2 1 4 1 1 2 3 3 4 1 2 1 2 1 4 1 3 1 3 2 3 3 4 1 3 4 2 4 3 3 3 1 1 3 4 1 1 1 2 1 4 1 3 4 1 1 2 1 1 4 1 4 1 4 1 3 4 4 4 1 1 1 4 1 3
337 0.245422 3 2 3 1 2 3 1 3 3 1 3 3 4 4 3 2 1 3 3 3 1 4 2 3 1 3 2 1 1 4 1 2 1 4 1 1 4 3 3 4 1 2 1 4 1 4 1 3 1 3 2 3 3 4 1 3 4 2 4 1 3 3 1 1 3 4 1 1 1 2 1 4 1 3 4 1 1 2 1 1 4 1 4 1 4 1 3 4 4 4 1 1 1 4 1 3
337 0.002289 3 2 3 1 4 3 1 3 3 3 3 3 4 1 3 2 1 3 3 3 1 4 4 3 1 3 2 1 1 4 1 2 1 3 1 1 2 3 3 4 1 2 3 2 1 4 1 3 1 3 2 3 3 4 1 3 4 2 4 3 3 3 1 1 3 4 1 1 1 2 1 4 1 3 4 1 1 2 1 1 4 1 4 1 4 3 3 4 4 4 1 1 1 4 1 3
337 0.002289 3 2 3 3 4 3 1 1 3 3 3 3 4 1 3 4 2 1 3 3 1 2 2 1 1 3 2 1 1 3 1 4 1 4 4 1 2 3 3 4 1 4 1 2 1 4 1 3 1 3 2 3 3 4 3 3 4 2 4 3 3 0 0 0 0 0 0 0 0 0 0 0 0 0 0 0 0 0 0 1 4 1 4 1 4 1 3 4 4 4 3 1 1 4 1 3
338 0.001992 1 2 1 3 4 3 1 3 3 3 3 3 4 1 3 2 1 3 3 3 1 4 2 3 1 3 2 1 1 4 1 2 1 4 4 1 2 3 3 1 1 2 1 2 1 2 1 1 1 3 2 1 3 3 1 3 4 2 2 3 1 3 1 1 3 4 1 1 1 2 1 4 1 3 4 1 1 2 1 3 4 1 4 1 4 1 3 4 4 4 1 1 1 4 1 3
338 0.246017 3 4 3 3 2 3 1 3 3 3 3 3 4 1 1 2 1 3 3 3 1 4 4 3 1 3 2 1 1 4 1 2 1 4 1 1 2 3 3 4 1 2 1 2 1 4 1 3 1 3 2 3 3 4 1 3 4 2 4 3 3 3 1 1 3 4 1 1 1 2 1 4 1 3 4 1 1 2 1 1 4 1 4 1 4 1 3 4 4 4 1 1 1 4 1 3
338 0.001992 3 2 3 3 4 3 1 3 3 3 3 3 4 1 3 2 1 3 3 3 1 4 2 3 1 3 2 1 1 4 1 2 1 4 1 1 2 3 3 4 1 2 1 2 1 4 1 3 1 3 2 3 3 4 1 3 4 2 4 3 3 3 1 1 3 4 1 1 1 2 1 4 1 3 4 1 1 2 1 1 4 1 4 1 4 1 3 4 4 4 1 1 1 4 1 3
338 0.001992 3 2 3 3 4 3 1 3 3 3 3 3 4 1 3 2 1 3 3 3 1 4 2 3 1 3 2 1 1 4 1 2 3 4 4 1 2 3 3 4 3 2 1 2 1 4 1 3 1 3 2 3 3 4 1 3 4 4 4 3 3 3 1 1 3 4 1 1 1 2 1 4 1 3 4 1 1 2 1 1 4 3 4 1 4 1 3 4 4 4 1 1 1 4 1 3
338 0.001992 3 2 3 3 4 3 1 3 3 3 3 3 4 1 3 2 1 3 3 3 1 4 2 3 1 3 2 1 1 4 1 2 1 4 4 1 2 3 3 4 3 2 1 2 1 4 1 3 1 3 2 3 3 4 1 3 4 2 4 3 3 3 1 1 3 4 1 1 1 2 1 4 1 3 4 1 1 2 1 1 4 1 4 1 4 1 3 4 4 4 1 1 1 4 1 3
338 0.246017 3 2 3 3 2 3 1 3 3 3 3 3 4 1 3 2 1 3 3 3 1 4 2 3 1 3 2 1 1 4 1 2 1 4 4 1 2 3 3 4 1 2 1 2 1 4 1 3 1 3 2 3 3 4 1 3 4 2 4 3 3 3 1 1 3 4 1 1 1 2 1 4 1 3 4 1 1 2 1 1 4 1 4 1 4 1 3 4 4 4 1 1 1 4 1 3
338 0.001992 3 2 3 3 4 3 1 3 3 3 3 3 4 1 3 2 1 3 1 3 1 4 2 3 1 3 2 1 1 4 3 2 1 4 4 1 2 3 3 4 1 2 1 2 1 4 1 3 1 3 2 3 3 4 1 3 4 2 4 3 3 3 1 1 3 4 1 1 1 2 1 4 1 3 4 1 1 2 1 1 4 1 4 1 4 1 3 4 2 4 1 1 1 4 1 3
338 0.001992 3 2 3 1 4 3 1 3 3 3 3 3 4 1 3 2 1 3 3 3 1 4 4 3 1 3 2 1 1 4 1 2 1 3 1 1 2 3 3 4 1 2 3 2 1 4 1 3 1 3 2 3 3 4 1 3 4 2 4 3 3 3 1 1 3 4 1 1 1 2 1 4 1 3 4 1 1 2 1 1 4 1 4 1 4 3 3 4 4 4 1 1 3 4 1 3
338 0.246017 3 4 3 3 2 3 1 3 3 3 3 3 3 1 1 2 1 3 3 3 1 4 4 3 1 3 2 1 1 4 1 2 1 4 1 1 2 3 3 4 1 2 1 2 1 4 1 3 1 3 2 3 3 4 1 3 4 2 4 3 3 3 1 1 3 4 1 1 1 2 1 4 1 3 4 1 1 2 1 1 4 1 4 1 4 1 3 4 4 4 1 1 1 4 1 3
338 0.246017 3 2 3 1 2 3 1 3 3 1 3 3 4 4 3 2 1 3 3 3 1 4 2 3 1 3 2 1 1 4 1 2 1 4 1 1 4 3 3 4 1 2 1 4 1 4 1 3 1 3 2 3 3 4 1 3 4 2 4 1 3 3 1 1 3 4 1 1 1 2 1 4 1 3 4 1 1 2 1 1 4 1 4 1 4 1 3 4 4 4 1 1 1 4 1 3
338 0.001992 3 2 3 1 4 3 1 3 3 3 3 3 4 1 3 2 1 3 3 3 1 4 4 3 1 3 2 1 1 4 1 2 1 3 1 1 2 3 3 4 1 2 3 2 1 4 1 3 1 3 2 3 3 4 1 3 4 2 4 3 3 3 1 1 3 4 1 1 1 2 1 4 1 3 4 1 1 2 1 1 4 1 4 1 4 3 3 4 4 4 1 1 1 4 1 3
338 0.001992 3 2 3 3 4 3 1 1 3 3 3 3 4 1 3 4 2 1 3 3 1 2 2 1 1 3 2 1 1 3 1 4 1 4 4 1 2 3 3 4 1 4 1 2 1 4 1 3 1 3 2 3 3 4 3 3 4 2 4 3 3 0 0 0 0 0 0 0 0 0 0 0 0 0 0 0 0 0 0 1 4 1 4 1 4 1 3 4 4 4 3 1 1 4 1 3
339 0.001722 1 2 1 3 4 3 1 3 3 3 3 3 4 1 3 2 1 3 3 3 1 4 2 3 1 3 2 1 1 4 1 2 1 4 4 1 2 3 3 1 1 2 1 2 1 2 1 1 1 3 2 1 3 3 1 3 4 2 2 3 1 3 1 1 3 4 1 1 1 2 1 4 1 3 4 1 1 2 1 3 4 1 4 1 4 1 3 4 4 4 1 1 1 4 1 3
339 0.246557 3 4 3 3 2 3 1 3 3 3 3 3 4 1 1 2 1 3 3 3 1 4 4 3 1 3 2 1 1 4 1 2 1 4 1 1 2 3 3 4 1 2 1 2 1 4 1 3 1 3 2 3 3 4 1 3 4 2 4 3 3 3 1 1 3 4 1 1 1 2 1 4 1 3 4 1 1 2 1 1 4 1 4 1 4 1 3 4 4 4 1 1 1 4 1 3
339 0.001722 3 2 3 3 4 3 1 3 3 3 3 3 4 1 3 2 1 3 3 3 1 4 2 3 1 3 2 1 1 4 1 2 1 4 1 1 2 3 3 4 1 2 1 2 1 4 1 3 1 3 2 3 3 4 1 3 4 2 4 3 3 3 1 1 3 4 1 1 1 2 1 4 1 3 4 1 1 2 1 1 4 1 4 1 4 1 3 4 4 4 1 1 1 4 1 3
339 0.001722 3 2 3 3 4 3 1 3 3 3 3 3 4 1 3 2 1 3 3 3 1 4 2 3 1 3 2 1 1 4 1 2 3 4 4 1 2 3 3 4 3 2 1 2 1 4 1 3 1 3 2 3 3 4 1 3 4 4 4 3 3 3 1 1 3 4 1 1 1 2 1 4 1 3 4 1 1 2 1 1 4 3 4 1 4 1 3 4 4 4 1 1 1 4 1 3
339 0.001722 3 2 3 3 4 3 1 3 3 3 3 3 4 1 3 2 1 3 3 3 1 4 2 3 1 3 2 1 1 4 1 2 1 4 4 1 2 3 3 4 3 2 1 2 1 4 1 3 1 3 2 3 3 4 1 3 4 2 4 3 3 3 1 1 3 4 1 1 1 2 1 4 1 3 4 1 1 2 1 1 4 1 4 1 4 1 3 4 4 4 1 1 1 4 1 3
339 0.246557 3 2 3 3 2 3 1 3 3 3 3 3 4 1 3 2 1 3 3 3 1 4 2 3 1 3 2 1 1 4 1 2 1 4 4 1 2 3 3 4 1 2 1 2 1 4 1 3 1 3 2 3 3 4 1 3 4 2 4 3 3 3 1 1 3 4 1 1 1 2 1 4 1 3 4 1 1 2 1 1 4 1 4 1 4 1 3 4 4 4 1 1 1 4 1 3
339 0.001722 3 2 3 3 4 3 1 3 3 3 3 3 4 1 3 2 1 3 1 3 1 4 2 3 1 3 2 1 1 4 3 2 1 4 4 1 2 3 3 4 1 2 1 2 1 4 1 3 1 3 2 3 3 4 1 3 4 2 4 3 3 3 1 1 3 4 1 1 1 2 1 4 1 3 4 1 1 2 1 1 4 1 4 1 4 1 3 4 2 4 1 1 1 4 1 3
339 0.001722 3 2 3 1 4 3 1 3 3 3 3 3 4 1 3 2 1 3 3 3 1 4 4 3 1 3 2 1 1 4 1 2 1 3 1 1 2 3 3 4 1 2 3 2 1 4 1 3 1 3 2 3 3 4 1 3 4 2 4 3 3 3 1 1 3 4 1 1 1 2 1 4 1 3 4 1 1 2 1 1 4 1 4 1 4 3 3 4 4 4 1 1 3 4 1 3
339 0.246557 3 4 3 3 2 3 1 3 3 3 3 3 3 1 1 2 1 3 3 3 1 4 4 3 1 3 2 1 1 4 1 2 1 4 1 1 2 3 3 4 1 2 1 2 1 4 1 3 1 3 2 3 3 4 1 3 4 2 4 3 3 3 1 1 3 4 1 1 1 2 1 4 1 3 4 1 1 2 1 1 4 1 4 1 4 1 3 4 4 4 1 1 1 4 1 3
339 0.246557 3 2 3 1 2 3 1 3 3 1 3 3 4 4 3 2 1 3 3 3 1 4 2 3 1 3 2 1 1 4 1 2 1 4 1 1 4 3 3 4 1 2 1 4 1 4 1 3 1 3 2 3 3 4 1 3 4 2 4 1 3 3 1 1 3 4 1 1 1 2 1 4 1 3 4 1 1 2 1 1 4 1 4 1 4 1 3 4 4 4 1 1 1 4 1 3
339 0.001722 3 2 3 1 4 3 1 3 3 3 3 3 4 1 3 2 1 3 3 3 1 4 4 3 1 3 2 1 1 4 1 2 1 3 1 1 2 3 3 4 1 2 3 2 1 4 1 3 1 3 2 3 3 4 1 3 4 2 4 3 3 3 1 1 3 4 1 1 1 2 1 4 1 3 4 1 1 2 1 1 4 1 4 1 4 3 3 4 4 4 1 1 1 4 1 3
339 0.001722 3 2 3 3 4 3 1 1 3 3 3 3 4 1 3 4 2 1 3 3 1 2 2 1 1 3 2 1 1 3 1 4 1 4 4 1 2 3 3 4 1 4 1 2 1 4 1 3 1 3 2 3 3 4 3 3 4 2 4 3 3 0 0 0 0 0 0 0 0 0 0 0 0 0 0 0 0 0 0 1 4 1 4 1 4 1 3 4 4 4 3 1 1 4 1 3
340 0.001477 1 2 1 3 4 3 1 3 3 3 3 3 4 1 3 2 1 3 3 3 1 4 2 3 1 3 2 1 1 4 1 2 1 4 4 1 2 3 3 1 1 2 1 2 1 2 1 1 1 3 2 1 3 3 1 3 4 2 2 3 1 3 1 1 3 4 1 1 1 2 1 4 1 3 4 1 1 2 1 3 4 1 4 1 4 1 3 4 4 4 1 1 1 4 1 3
340 0.247046 3 4 3 3 2 3 1 3 3 3 3 3 4 1 1 2 1 3 3 3 1 4 4 3 1 3 2 1 1 4 1 2 1 4 1 1 2 3 3 4 1 2 1 2 1 4 1 3 1 3 2 3 3 4 1 3 4 2 4 3 3 3 1 1 3 4 1 1 1 2 1 4 1 3 4 1 1 2 1 1 4 1 4 1 4 1 3 4 4 4 1 1 1 4 1 3
340 0.001477 3 2 3 3 4 3 1 3 3 3 3 3 4 1 3 2 1 3 3 3 1 4 2 3 1 3 2 1 1 4 1 2 1 4 1 1 2 3 3 4 1 2 1 2 1 4 1 3 1 3 2 3 3 4 1 3 4 2 4 3 3 3 1 1 3 4 1 1 1 2 1 4 1 3 4 1 1 2 1 1 4 1 4 1 4 1 3 4 4 4 1 1 1 4 1 3
340 0.001477 3 2 3 3 4 3 1 3 3 3 3 3 4 1 3 2 1 3 3 3 1 4 2 3 1 3 2 1 1 4 1 2 3 4 4 1 2 3 3 4 3 2 1 2 1 4 1 3 1 3 2 3 3 4 1 3 4 4 4 3 3 3 1 1 3 4 1 1 1 2 1 4 1 3 4 1 1 2 1 1 4 3 4 1 4 1 3 4 4 4 1 1 1 4 1 3
340 0.001477 3 2 3 3 4 3 1 3 3 3 3 3 4 1 3 2 1 3 3 3 1 4 2 3 1 3 2 1 1 4 1 2 1 4 4 1 2 3 3 4 3 2 1 2 1 4 1 3 1 3 2 3 3 4 1 3 4 2 4 3 3 3 1 1 3 4 1 1 1 2 1 4 1 3 4 1 1 2 1 1 4 1 4 1 4 1 3 4 4 4 1 1 1 4 1 3
340 0.247046 3 2 3 3 2 3 1 3 3 3 3 3 4 1 3 2 1 3 3 3 1 4 2 3 1 3 2 1 1 4 1 2 1 4 4 1 2 3 3 4 1 2 1 2 1 4 1 3 1 3 2 3 3 4 1 3 4 2 4 3 3 3 1 1 3 4 1 1 1 2 1 4 1 3 4 1 1 2 1 1 4 1 4 1 4 1 3 4 4 4 1 1 1 4 1 3
340 0.001477 3 2 3 3 4 3 1 3 3 3 3 3 4 1 3 2 1 3 1 3 1 4 2 3 1 3 2 1 1 4 3 2 1 4 4 1 2 3 3 4 1 2 1 2 1 4 1 3 1 3 2 3 3 4 1 3 4 2 4 3 3 3 1 1 3 4 1 1 1 2 1 4 1 3 4 1 1 2 1 1 4 1 4 1 4 1 3 4 2 4 1 1 1 4 1 3
340 0.001477 3 2 3 1 4 3 1 3 3 3 3 3 4 1 3 2 1 3 3 3 1 4 4 3 1 3 2 1 1 4 1 2 1 3 1 1 2 3 3 4 1 2 3 2 1 4 1 3 1 3 2 3 3 4 1 3 4 2 4 3 3 3 1 1 3 4 1 1 1 2 1 4 1 3 4 1 1 2 1 1 4 1 4 1 4 3 3 4 4 4 1 1 3 4 1 3
340 0.247046 3 4 3 3 2 3 1 3 3 3 3 3 3 1 1 2 1 3 3 3 1 4 4 3 1 3 2 1 1 4 1 2 1 4 1 1 2 3 3 4 1 2 1 2 1 4 1 3 1 3 2 3 3 4 1 3 4 2 4 3 3 3 1 1 3 4 1 1 1 2 1 4 1 3 4 1 1 2 1 1 4 1 4 1 4 1 3 4 4 4 1 1 1 4 1 3
340 0.247046 3 2 3 1 2 3 1 3 3 1 3 3 4 4 3 2 1 3 3 3 1 4 2 3 1 3 2 1 1 4 1 2 1 4 1 1 4 3 3 4 1 2 1 4 1 4 1 3 1 3 2 3 3 4 1 3 4 2 4 1 3 3 1 1 3 4 1 1 1 2 1 4 1 3 4 1 1 2 1 1 4 1 4 1 4 1 3 4 4 4 1 1 1 4 1 3
340 0.001477 3 2 3 1 4 3 1 3 3 3 3 3 4 1 3 2 1 3 3 3 1 4 4 3 1 3 2 1 1 4 1 2 1 3 1 1 2 3 3 4 1 2 3 2 1 4 1 3 1 3 2 3 3 4 1 3 4 2 4 3 3 3 1 1 3 4 1 1 1 2 1 4 1 3 4 1 1 2 1 1 4 1 4 1 4 3 3 4 4 4 1 1 1 4 1 3
340 0.001477 3 2 3 3 4 3 1 1 3 3 3 3 4 1 3 4 2 1 3 3 1 2 2 1 1 3 2 1 1 3 1 4 1 4 4 1 2 3 3 4 1 4 1 2 1 4 1 3 1 3 2 3 3 4 3 3 4 2 4 3 3 0 0 0 0 0 0 0 0 0 0 0 0 0 0 0 0 0 0 1 4 1 4 1 4 1 3 4 4 4 3 1 1 4 1 3
341 0.001255 1 2 1 3 4 3 1 3 3 3 3 3 4 1 3 2 1 3 3 3 1 4 2 3 1 3 2 1 1 4 1 2 1 4 4 1 2 3 3 1 1 2 1 2 1 2 1 1 1 3 2 1 3 3 1 3 4 2 2 3 1 3 1 1 3 4 1 1 1 2 1 4 1 3 4 1 1 2 1 3 4 1 4 1 4 1 3 4 4 4 1 1 1 4 1 3
341 0.247490 3 4 3 3 2 3 1 3 3 3 3 3 4 1 1 2 1 3 3 3 1 4 4 3 1 3 2 1 1 4 1 2 1 4 1 1 2 3 3 4 1 2 1 2 1 4 1 3 1 3 2 3 3 4 1 3 4 2 4 3 3 3 1 1 3 4 1 1 1 2 1 4 1 3 4 1 1 2 1 1 4 1 4 1 4 1 3 4 4 4 1 1 1 4 1 3
341 0.001255 3 2 3 3 4 3 1 3 3 3 3 3 4 1 3 2 1 3 3 3 1 4 2 3 1 3 2 1 1 4 1 2 1 4 1 1 2 3 3 4 1 2 1 2 1 4 1 3 1 3 2 3 3 4 1 3 4 2 4 3 3 3 1 1 3 4 1 1 1 2 1 4 1 3 4 1 1 2 1 1 4 1 4 1 4 1 3 4 4 4 1 1 1 4 1 3
341 0.001255 3 2 3 3 4 3 1 3 3 3 3 3 4 1 3 2 1 3 3 3 1 4 2 3 1 3 2 1 1 4 1 2 3 4 4 1 2 3 3 4 3 2 1 2 1 4 1 3 1 3 2 3 3 4 1 3 4 4 4 3 3 3 1 1 3 4 1 1 1 2 1 4 1 3 4 1 1 2 1 1 4 3 4 1 4 1 3 4 4 4 1 1 1 4 1 3
341 0.001255 3 2 3 3 4 3 1 3 3 3 3 3 4 1 3 2 1 3 3 3 1 4 2 3 1 3 2 1 1 4 1 2 1 4 4 1 2 3 3 4 3 2 1 2 1 4 1 3 1 3 2 3 3 4 1 3 4 2 4 3 3 3 1 1 3 4 1 1 1 2 1 4 1 3 4 1 1 2 1 1 4 1 4 1 4 1 3 4 4 4 1 1 1 4 1 3
341 0.247490 3 2 3 3 2 3 1 3 3 3 3 3 4 1 3 2 1 3 3 3 1 4 2 3 1 3 2 1 1 4 1 2 1 4 4 1 2 3 3 4 1 2 1 2 1 4 1 3 1 3 2 3 3 4 1 3 4 2 4 3 3 3 1 1 3 4 1 1 1 2 1 4 1 3 4 1 1 2 1 1 4 1 4 1 4 1 3 4 4 4 1 1 1 4 1 3
341 0.001255 3 2 3 3 4 3 1 3 3 3 3 3 4 1 3 2 1 3 1 3 1 4 2 3 1 3 2 1 1 4 3 2 1 4 4 1 2 3 3 4 1 2 1 2 1 4 1 3 1 3 2 3 3 4 1 3 4 2 4 3 3 3 1 1 3 4 1 1 1 2 1 4 1 3 4 1 1 2 1 1 4 1 4 1 4 1 3 4 2 4 1 1 1 4 1 3
341 0.001255 3 2 3 1 4 3 1 3 3 3 3 3 4 1 3 2 1 3 3 3 1 4 4 3 1 3 2 1 1 4 1 2 1 3 1 1 2 3 3 4 1 2 3 2 1 4 1 3 1 3 2 3 3 4 1 3 4 2 4 3 3 3 1 1 3 4 1 1 1 2 1 4 1 3 4 1 1 2 1 1 4 1 4 1 4 3 3 4 4 4 1 1 3 4 1 3
341 0.247490 3 4 3 3 2 3 1 3 3 3 3 3 3 1 1 2 1 3 3 3 1 4 4 3 1 3 2 1 1 4 1 2 1 4 1 1 2 3 3 4 1 2 1 2 1 4 1 3 1 3 2 3 3 4 1 3 4 2 4 3 3 3 1 1 3 4 1 1 1 2 1 4 1 3 4 1 1 2 1 1 4 1 4 1 4 1 3 4 4 4 1 1 1 4 1 3
341 0.247490 3 2 3 1 2 3 1 3 3 1 3 3 4 4 3 2 1 3 3 3 1 4 2 3 1 3 2 1 1 4 1 2 1 4 1 1 4 3 3 4 1 2 1 4 1 4 1 3 1 3 2 3 3 4 1 3 4 2 4 1 3 3 1 1 3 4 1 1 1 2 1 4 1 3 4 1 1 2 1 1 4 1 4 1 4 1 3 4 4 4 1 1 1 4 1 3
341 0.001255 3 2 3 1 4 3 1 3 3 3 3 3 4 1 3 2 1 3 3 3 1 4 4 3 1 3 2 1 1 4 1 2 1 3 1 1 2 3 3 4 1 2 3 2 1 4 1 3 1 3 2 3 3 4 1 3 4 2 4 3 3 3 1 1 3 4 1 1 1 2 1 4 1 3 4 1 1 2 1 1 4 1 4 1 4 3 3 4 4 4 1 1 1 4 1 3
341 0.001255 3 2 3 3 4 3 1 1 3 3 3 3 4 1 3 4 2 1 3 3 1 2 2 1 1 3 2 1 1 3 1 4 1 4 4 1 2 3 3 4 1 4 1 2 1 4 1 3 1 3 2 3 3 4 3 3 4 2 4 3 3 0 0 0 0 0 0 0 0 0 0 0 0 0 0 0 0 0 0 1 4 1 4 1 4 1 3 4 4 4 3 1 1 4 1 3
342 0.001054 1 2 1 3 4 3 1 3 3 3 3 3 4 1 3 2 1 3 3 3 1 4 2 3 1 3 2 1 1 4 1 2 1 4 4 1 2 3 3 1 1 2 1 2 1 2 1 1 1 3 2 1 3 3 1 3 4 2 2 3 1 3 1 1 3 4 1 1 1 2 1 4 1 3 4 1 1 2 1 3 4 1 4 1 4 1 3 4 4 4 1 1 1 4 1 3
342 0.247892 3 4 3 3 2 3 1 3 3 3 3 3 4 1 1 2 1 3 3 3 1 4 4 3 1 3 2 1 1 4 1 2 1 4 1 1 2 3 3 4 1 2 1 2 1 4 1 3 1 3 2 3 3 4 1 3 4 2 4 3 3 3 1 1 3 4 1 1 1 2 1 4 1 3 4 1 1 2 1 1 4 1 4 1 4 1 3 4 4 4 1 1 1 4 1 3
342 0.001054 3 2 3 3 4 3 1 3 3 3 3 3 4 1 3 2 1 3 3 3 1 4 2 3 1 3 2 1 1 4 1 2 1 4 1 1 2 3 3 4 1 2 1 2 1 4 1 3 1 3 2 3 3 4 1 3 4 2 4 3 3 3 1 1 3 4 1 1 1 2 1 4 1 3 4 1 1 2 1 1 4 1 4 1 4 1 3 4 4 4 1 1 1 4 1 3
342 0.001054 3 2 3 3 4 3 1 3 3 3 3 3 4 1 3 2 1 3 3 3 1 4 2 3 1 3 2 1 1 4 1 2 3 4 4 1 2 3 3 4 3 2 1 2 1 4 1 3 1 3 2 3 3 4 1 3 4 4 4 3 3 3 1 1 3 4 1 1 1 2 1 4 1 3 4 1 1 2 1 1 4 3 4 1 4 1 3 4 4 4 1 1 1 4 1 3
342 0.001054 3 2 3 3 4 3 1 3 3 3 3 3 4 1 3 2 1 3 3 3 1 4 2 3 1 3 2 1 1 4 1 2 1 4 4 1 2 3 3 4 3 2 1 2 1 4 1 3 1 3 2 3 3 4 1 3 4 2 4 3 3 3 1 1 3 4 1 1 1 2 1 4 1 3 4 1 1 2 1 1 4 1 4 1 4 1 3 4 4 4 1 1 1 4 1 3
342 0.247892 3 2 3 3 2 3 1 3 3 3 3 3 4 1 3 2 1 3 3 3 1 4 2 3 1 3 2 1 1 4 1 2 1 4 4 1 2 3 3 4 1 2 1 2 1 4 1 3 1 3 2 3 3 4 1 3 4 2 4 3 3 3 1 1 3 4 1 1 1 2 1 4 1 3 4 1 1 2 1 1 4 1 4 1 4 1 3 4 4 4 1 1 1 4 1 3
342 0.001054 3 2 3 3 4 3 1 3 3 3 3 3 4 1 3 2 1 3 1 3 1 4 2 3 1 3 2 1 1 4 3 2 1 4 4 1 2 3 3 4 1 2 1 2 1 4 1 3 1 3 2 3 3 4 1 3 4 2 4 3 3 3 1 1 3 4 1 1 1 2 1 4 1 3 4 1 1 2 1 1 4 1 4 1 4 1 3 4 2 4 1 1 1 4 1 3
342 0.001054 3 2 3 1 4 3 1 3 3 3 3 3 4 1 3 2 1 3 3 3 1 4 4 3 1 3 2 1 1 4 1 2 1 3 1 1 2 3 3 4 1 2 3 2 1 4 1 3 1 3 2 3 3 4 1 3 4 2 4 3 3 3 1 1 3 4 1 1 1 2 1 4 1 3 4 1 1 2 1 1 4 1 4 1 4 3 3 4 4 4 1 1 3 4 1 3
342 0.247892 3 4 3 3 2 3 1 3 3 3 3 3 3 1 1 2 1 3 3 3 1 4 4 3 1 3 2 1 1 4 1 2 1 4 1 1 2 3 3 4 1 2 1 2 1 4 1 3 1 3 2 3 3 4 1 3 4 2 4 3 3 3 1 1 3 4 1 1 1 2 1 4 1 3 4 1 1 2 1 1 4 1 4 1 4 1 3 4 4 4 1 1 1 4 1 3
342 0.247892 3 2 3 1 2 3 1 3 3 1 3 3 4 4 3 2 1 3 3 3 1 4 2 3 1 3 2 1 1 4 1 2 1 4 1 1 4 3 3 4 1 2 1 4 1 4 1 3 1 3 2 3 3 4 1 3 4 2 4 1 3 3 1 1 3 4 1 1 1 2 1 4 1 3 4 1 1 2 1 1 4 1 4 1 4 1 3 4 4 4 1 1 1 4 1 3
342 0.001054 3 2 3 1 4 3 1 3 3 3 3 3 4 1 3 2 1 3 3 3 1 4 4 3 1 3 2 1 1 4 1 2 1 3 1 1 2 3 3 4 1 2 3 2 1 4 1 3 1 3 2 3 3 4 1 3 4 2 4 3 3 3 1 1 3 4 1 1 1 2 1 4 1 3 4 1 1 2 1 1 4 1 4 1 4 3 3 4 4 4 1 1 1 4 1 3
342 0.001054 3 2 3 3 4 3 1 1 3 3 3 3 4 1 3 4 2 1 3 3 1 2 2 1 1 3 2 1 1 3 1 4 1 4 4 1 2 3 3 4 1 4 1 2 1 4 1 3 1 3 2 3 3 4 3 3 4 2 4 3 3 0 0 0 0 0 0 0 0 0 0 0 0 0 0 0 0 0 0 1 4 1 4 1 4 1 3 4 4 4 3 1 1 4 1 3
343 0.000872 1 2 1 3 4 3 1 3 3 3 3 3 4 1 3 2 1 3 3 3 1 4 2 3 1 3 2 1 1 4 1 2 1 4 4 1 2 3 3 1 1 2 1 2 1 2 1 1 1 3 2 1 3 3 1 3 4 2 2 3 1 3 1 1 3 4 1 1 1 2 1 4 1 3 4 1 1 2 1 3 4 1 4 1 4 1 3 4 4 4 1 1 1 4 1 3
343 0.248256 3 4 3 3 2 3 1 3 3 3 3 3 4 1 1 2 1 3 3 3 1 4 4 3 1 3 2 1 1 4 1 2 1 4 1 1 2 3 3 4 1 2 1 2 1 4 1 3 1 3 2 3 3 4 1 3 4 2 4 3 3 3 1 1 3 4 1 1 1 2 1 4 1 3 4 1 1 2 1 1 4 1 4 1 4 1 3 4 4 4 1 1 1 4 1 3
343 0.000872 3 2 3 3 4 3 1 3 3 3 3 3 4 1 3 2 1 3 3 3 1 4 2 3 1 3 2 1 1 4 1 2 1 4 1 1 2 3 3 4 1 2 1 2 1 4 1 3 1 3 2 3 3 4 1 3 4 2 4 3 3 3 1 1 3 4 1 1 1 2 1 4 1 3 4 1 1 2 1 1 4 1 4 1 4 1 3 4 4 4 1 1 1 4 1 3
343 0.000872 3 2 3 3 4 3 1 3 3 3 3 3 4 1 3 2 1 3 3 3 1 4 2 3 1 3 2 1 1 4 1 2 3 4 4 1 2 3 3 4 3 2 1 2 1 4 1 3 1 3 2 3 3 4 1 3 4 4 4 3 3 3 1 1 3 4 1 1 1 2 1 4 1 3 4 1 1 2 1 1 4 3 4 1 4 1 3 4 4 4 1 1 1 4 1 3
343 0.000872 3 2 3 3 4 3 1 3 3 3 3 3 4 1 3 2 1 3 3 3 1 4 2 3 1 3 2 1 1 4 1 2 1 4 4 1 2 3 3 4 3 2 1 2 1 4 1 3 1 3 2 3 3 4 1 3 4 2 4 3 3 3 1 1 3 4 1 1 1 2 1 4 1 3 4 1 1 2 1 1 4 1 4 1 4 1 3 4 4 4 1 1 1 4 1 3
343 0.248256 3 2 3 3 2 3 1 3 3 3 3 3 4 1 3 2 1 3 3 3 1 4 2 3 1 3 2 1 1 4 1 2 1 4 4 1 2 3 3 4 1 2 1 2 1 4 1 3 1 3 2 3 3 4 1 3 4 2 4 3 3 3 1 1 3 4 1 1 1 2 1 4 1 3 4 1 1 2 1 1 4 1 4 1 4 1 3 4 4 4 1 1 1 4 1 3
343 0.000872 3 2 3 3 4 3 1 3 3 3 3 3 4 1 3 2 1 3 1 3 1 4 2 3 1 3 2 1 1 4 3 2 1 4 4 1 2 3 3 4 1 2 1 2 1 4 1 3 1 3 2 3 3 4 1 3 4 2 4 3 3 3 1 1 3 4 1 1 1 2 1 4 1 3 4 1 1 2 1 1 4 1 4 1 4 1 3 4 2 4 1 1 1 4 1 3
343 0.000872 3 2 3 1 4 3 1 3 3 3 3 3 4 1 3 2 1 3 3 3 1 4 4 3 1 3 2 1 1 4 1 2 1 3 1 1 2 3 3 4 1 2 3 2 1 4 1 3 1 3 2 3 3 4 1 3 4 2 4 3 3 3 1 1 3 4 1 1 1 2 1 4 1 3 4 1 1 2 1 1 4 1 4 1 4 3 3 4 4 4 1 1 3 4 1 3
343 0.248256 3 4 3 3 2 3 1 3 3 3 3 3 3 1 1 2 1 3 3 3 1 4 4 3 1 3 2 1 1 4 1 2 1 4 1 1 2 3 3 4 1 2 1 2 1 4 1 3 1 3 2 3 3 4 1 3 4 2 4 3 3 3 1 1 3 4 1 1 1 2 1 4 1 3 4 1 1 2 1 1 4 1 4 1 4 1 3 4 4 4 1 1 1 4 1 3
343 0.248256 3 2 3 1 2 3 1 3 3 1 3 3 4 4 3 2 1 3 3 3 1 4 2 3 1 3 2 1 1 4 1 2 1 4 1 1 4 3 3 4 1 2 1 4 1 4 1 3 1 3 2 3 3 4 1 3 4 2 4 1 3 3 1 1 3 4 1 1 1 2 1 4 1 3 4 1 1 2 1 1 4 1 4 1 4 1 3 4 4 4 1 1 1 4 1 3
343 0.000872 3 2 3 1 4 3 1 3 3 3 3 3 4 1 3 2 1 3 3 3 1 4 4 3 1 3 2 1 1 4 1 2 1 3 1 1 2 3 3 4 1 2 3 2 1 4 1 3 1 3 2 3 3 4 1 3 4 2 4 3 3 3 1 1 3 4 1 1 1 2 1 4 1 3 4 1 1 2 1 1 4 1 4 1 4 3 3 4 4 4 1 1 1 4 1 3
343 0.000872 3 2 3 3 4 3 1 1 3 3 3 3 4 1 3 4 2 1 3 3 1 2 2 1 1 3 2 1 1 3 1 4 1 4 4 1 2 3 3 4 1 4 1 2 1 4 1 3 1 3 2 3 3 4 3 3 4 2 4 3 3 0 0 0 0 0 0 0 0 0 0 0 0 0 0 0 0 0 0 1 4 1 4 1 4 1 3 4 4 4 3 1 1 4 1 3
344 0.000707 1 2 1 3 4 3 1 3 3 3 3 3 4 1 3 2 1 3 3 3 1 4 2 3 1 3 2 1 1 4 1 2 1 4 4 1 2 3 3 1 1 2 1 2 1 2 1 1 1 3 2 1 3 3 1 3 4 2 2 3 1 3 1 1 3 4 1 1 1 2 1 4 1 3 4 1 1 2 1 3 4 1 4 1 4 1 3 4 4 4 1 1 1 4 1 3
344 0.248585 3 4 3 3 2 3 1 3 3 3 3 3 4 1 1 2 1 3 3 3 1 4 4 3 1 3 2 1 1 4 1 2 1 4 1 1 2 3 3 4 1 2 1 2 1 4 1 3 1 3 2 3 3 4 1 3 4 2 4 3 3 3 1 1 3 4 1 1 1 2 1 4 1 3 4 1 1 2 1 1 4 1 4 1 4 1 3 4 4 4 1 1 1 4 1 3
344 0.000707 3 2 3 3 4 3 1 3 3 3 3 3 4 1 3 2 1 3 3 3 1 4 2 3 1 3 2 1 1 4 1 2 1 4 1 1 2 3 3 4 1 2 1 2 1 4 1 3 1 3 2 3 3 4 1 3 4 2 4 3 3 3 1 1 3 4 1 1 1 2 1 4 1 3 4 1 1 2 1 1 4 1 4 1 4 1 3 4 4 4 1 1 1 4 1 3
344 0.000707 3 2 3 3 4 3 1 3 3 3 3 3 4 1 3 2 1 3 3 3 1 4 2 3 1 3 2 1 1 4 1 2 3 4 4 1 2 3 3 4 3 2 1 2 1 4 1 3 1 3 2 3 3 4 1 3 4 4 4 3 3 3 1 1 3 4 1 1 1 2 1 4 1 3 4 1 1 2 1 1 4 3 4 1 4 1 3 4 4 4 1 1 1 4 1 3
344 0.000707 3 2 3 3 4 3 1 3 3 3 3 3 4 1 3 2 1 3 3 3 1 4 2 3 1 3 2 1 1 4 1 2 1 4 4 1 2 3 3 4 3 2 1 2 1 4 1 3 1 3 2 3 3 4 1 3 4 2 4 3 3 3 1 1 3 4 1 1 1 2 1 4 1 3 4 1 1 2 1 1 4 1 4 1 4 1 3 4 4 4 1 1 1 4 1 3
344 0.248585 3 2 3 3 2 3 1 3 3 3 3 3 4 1 3 2 1 3 3 3 1 4 2 3 1 3 2 1 1 4 1 2 1 4 4 1 2 3 3 4 1 2 1 2 1 4 1 3 1 3 2 3 3 4 1 3 4 2 4 3 3 3 1 1 3 4 1 1 1 2 1 4 1 3 4 1 1 2 1 1 4 1 4 1 4 1 3 4 4 4 1 1 1 4 1 3
344 0.000707 3 2 3 3 4 3 1 3 3 3 3 3 4 1 3 2 1 3 1 3 1 4 2 3 1 3 2 1 1 4 3 2 1 4 4 1 2 3 3 4 1 2 1 2 1 4 1 3 1 3 2 3 3 4 1 3 4 2 4 3 3 3 1 1 3 4 1 1 1 2 1 4 1 3 4 1 1 2 1 1 4 1 4 1 4 1 3 4 2 4 1 1 1 4 1 3
344 0.000707 3 2 3 1 4 3 1 3 3 3 3 3 4 1 3 2 1 3 3 3 1 4 4 3 1 3 2 1 1 4 1 2 1 3 1 1 2 3 3 4 1 2 3 2 1 4 1 3 1 3 2 3 3 4 1 3 4 2 4 3 3 3 1 1 3 4 1 1 1 2 1 4 1 3 4 1 1 2 1 1 4 1 4 1 4 3 3 4 4 4 1 1 3 4 1 3
344 0.248585 3 4 3 3 2 3 1 3 3 3 3 3 3 1 1 2 1 3 3 3 1 4 4 3 1 3 2 1 1 4 1 2 1 4 1 1 2 3 3 4 1 2 1 2 1 4 1 3 1 3 2 3 3 4 1 3 4 2 4 3 3 3 1 1 3 4 1 1 1 2 1 4 1 3 4 1 1 2 1 1 4 1 4 1 4 1 3 4 4 4 1 1 1 4 1 3
344 0.248585 3 2 3 1 2 3 1 3 3 1 3 3 4 4 3 2 1 3 3 3 1 4 2 3 1 3 2 1 1 4 1 2 1 4 1 1 4 3 3 4 1 2 1 4 1 4 1 3 1 3 2 3 3 4 1 3 4 2 4 1 3 3 1 1 3 4 1 1 1 2 1 4 1 3 4 1 1 2 1 1 4 1 4 1 4 1 3 4 4 4 1 1 1 4 1 3
344 0.000707 3 2 3 1 4 3 1 3 3 3 3 3 4 1 3 2 1 3 3 3 1 4 4 3 1 3 2 1 1 4 1 2 1 3 1 1 2 3 3 4 1 2 3 2 1 4 1 3 1 3 2 3 3 4 1 3 4 2 4 3 3 3 1 1 3 4 1 1 1 2 1 4 1 3 4 1 1 2 1 1 4 1 4 1 4 3 3 4 4 4 1 1 1 4 1 3
344 0.000707 3 2 3 3 4 3 1 1 3 3 3 3 4 1 3 4 2 1 3 3 1 2 2 1 1 3 2 1 1 3 1 4 1 4 4 1 2 3 3 4 1 4 1 2 1 4 1 3 1 3 2 3 3 4 3 3 4 2 4 3 3 0 0 0 0 0 0 0 0 0 0 0 0 0 0 0 0 0 0 1 4 1 4 1 4 1 3 4 4 4 3 1 1 4 1 3
345 0.000558 1 2 1 3 4 3 1 3 3 3 3 3 4 1 3 2 1 3 3 3 1 4 2 3 1 3 2 1 1 4 1 2 1 4 4 1 2 3 3 1 1 2 1 2 1 2 1 1 1 3 2 1 3 3 1 3 4 2 2 3 1 3 1 1 3 4 1 1 1 2 1 4 1 3 4 1 1 2 1 3 4 1 4 1 4 1 3 4 4 4 1 1 1 4 1 3
345 0.248884 3 4 3 3 2 3 1 3 3 3 3 3 4 1 1 2 1 3 3 3 1 4 4 3 1 3 2 1 1 4 1 2 1 4 1 1 2 3 3 4 1 2 1 2 1 4 1 3 1 3 2 3 3 4 1 3 4 2 4 3 3 3 1 1 3 4 1 1 1 2 1 4 1 3 4 1 1 2 1 1 4 1 4 1 4 1 3 4 4 4 1 1 1 4 1 3
345 0.000558 3 2 3 3 4 3 1 3 3 3 3 3 4 1 3 2 1 3 3 3 1 4 2 3 1 3 2 1 1 4 1 2 1 4 1 1 2 3 3 4 1 2 1 2 1 4 1 3 1 3 2 3 3 4 1 3 4 2 4 3 3 3 1 1 3 4 1 1 1 2 1 4 1 3 4 1 1 2 1 1 4 1 4 1 4 1 3 4 4 4 1 1 1 4 1 3
345 0.000558 3 2 3 3 4 3 1 3 3 3 3 3 4 1 3 2 1 3 3 3 1 4 2 3 1 3 2 1 1 4 1 2 3 4 4 1 2 3 3 4 3 2 1 2 1 4 1 3 1 3 2 3 3 4 1 3 4 4 4 3 3 3 1 1 3 4 1 1 1 2 1 4 1 3 4 1 1 2 1 1 4 3 4 1 4 1 3 4 4 4 1 1 1 4 1 3
345 0.000558 3 2 3 3 4 3 1 3 3 3 3 3 4 1 3 2 1 3 3 3 1 4 2 3 1 3 2 1 1 4 1 2 1 4 4 1 2 3 3 4 3 2 1 2 1 4 1 3 1 3 2 3 3 4 1 3 4 2 4 3 3 3 1 1 3 4 1 1 1 2 1 4 1 3 4 1 1 2 1 1 4 1 4 1 4 1 3 4 4 4 1 1 1 4 1 3
345 0.248884 3 2 3 3 2 3 1 3 3 3 3 3 4 1 3 2 1 3 3 3 1 4 2 3 1 3 2 1 1 4 1 2 1 4 4 1 2 3 3 4 1 2 1 2 1 4 1 3 1 3 2 3 3 4 1 3 4 2 4 3 3 3 1 1 3 4 1 1 1 2 1 4 1 3 4 1 1 2 1 1 4 1 4 1 4 1 3 4 4 4 1 1 1 4 1 3
345 0.000558 3 2 3 3 4 3 1 3 3 3 3 3 4 1 3 2 1 3 1 3 1 4 2 3 1 3 2 1 1 4 3 2 1 4 4 1 2 3 3 4 1 2 1 2 1 4 1 3 1 3 2 3 3 4 1 3 4 2 4 3 3 3 1 1 3 4 1 1 1 2 1 4 1 3 4 1 1 2 1 1 4 1 4 1 4 1 3 4 2 4 1 1 1 4 1 3
345 0.000558 3 2 3 1 4 3 1 3 3 3 3 3 4 1 3 2 1 3 3 3 1 4 4 3 1 3 2 1 1 4 1 2 1 3 1 1 2 3 3 4 1 2 3 2 1 4 1 3 1 3 2 3 3 4 1 3 4 2 4 3 3 3 1 1 3 4 1 1 1 2 1 4 1 3 4 1 1 2 1 1 4 1 4 1 4 3 3 4 4 4 1 1 3 4 1 3
345 0.248884 3 4 3 3 2 3 1 3 3 3 3 3 3 1 1 2 1 3 3 3 1 4 4 3 1 3 2 1 1 4 1 2 1 4 1 1 2 3 3 4 1 2 1 2 1 4 1 3 1 3 2 3 3 4 1 3 4 2 4 3 3 3 1 1 3 4 1 1 1 2 1 4 1 3 4 1 1 2 1 1 4 1 4 1 4 1 3 4 4 4 1 1 1 4 1 3
345 0.248884 3 2 3 1 2 3 1 3 3 1 3 3 4 4 3 2 1 3 3 3 1 4 2 3 1 3 2 1 1 4 1 2 1 4 1 1 4 3 3 4 1 2 1 4 1 4 1 3 1 3 2 3 3 4 1 3 4 2 4 1 3 3 1 1 3 4 1 1 1 2 1 4 1 3 4 1 1 2 1 1 4 1 4 1 4 1 3 4 4 4 1 1 1 4 1 3
345 0.000558 3 2 3 1 4 3 1 3 3 3 3 3 4 1 3 2 1 3 3 3 1 4 4 3 1 3 2 1 1 4 1 2 1 3 1 1 2 3 3 4 1 2 3 2 1 4 1 3 1 3 2 3 3 4 1 3 4 2 4 3 3 3 1 1 3 4 1 1 1 2 1 4 1 3 4 1 1 2 1 1 4 1 4 1 4 3 3 4 4 4 1 1 1 4 1 3
345 0.000558 3 2 3 3 4 3 1 1 3 3 3 3 4 1 3 4 2 1 3 3 1 2 2 1 1 3 2 1 1 3 1 4 1 4 4 1 2 3 3 4 1 4 1 2 1 4 1 3 1 3 2 3 3 4 3 3 4 2 4 3 3 0 0 0 0 0 0 0 0 0 0 0 0 0 0 0 0 0 0 1 4 1 4 1 4 1 3 4 4 4 3 1 1 4 1 3
346 0.000423 1 2 1 3 4 3 1 3 3 3 3 3 4 1 3 2 1 3 3 3 1 4 2 3 1 3 2 1 1 4 1 2 1 4 4 1 2 3 3 1 1 2 1 2 1 2 1 1 1 3 2 1 3 3 1 3 4 2 2 3 1 3 1 1 3 4 1 1 1 2 1 4 1 3 4 1 1 2 1 3 4 1 4 1 4 1 3 4 4 4 1 1 1 4 1 3
346 0.249154 3 4 3 3 2 3 1 3 3 3 3 3 4 1 1 2 1 3 3 3 1 4 4 3 1 3 2 1 1 4 1 2 1 4 1 1 2 3 3 4 1 2 1 2 1 4 1 3 1 3 2 3 3 4 1 3 4 2 4 3 3 3 1 1 3 4 1 1 1 2 1 4 1 3 4 1 1 2 1 1 4 1 4 1 4 1 3 4 4 4 1 1 1 4 1 3
346 0.000423 3 2 3 3 4 3 1 3 3 3 3 3 4 1 3 2 1 3 3 3 1 4 2 3 1 3 2 1 1 4 1 2 1 4 1 1 2 3 3 4 1 2 1 2 1 4 1 3 1 3 2 3 3 4 1 3 4 2 4 3 3 3 1 1 3 4 1 1 1 2 1 4 1 3 4 1 1 2 1 1 4 1 4 1 4 1 3 4 4 4 1 1 1 4 1 3
346 0.000423 3 2 3 3 4 3 1 3 3 3 3 3 4 1 3 2 1 3 3 3 1 4 2 3 1 3 2 1 1 4 1 2 3 4 4 1 2 3 3 4 3 2 1 2 1 4 1 3 1 3 2 3 3 4 1 3 4 4 4 3 3 3 1 1 3 4 1 1 1 2 1 4 1 3 4 1 1 2 1 1 4 3 4 1 4 1 3 4 4 4 1 1 1 4 1 3
346 0.000423 3 2 3 3 4 3 1 3 3 3 3 3 4 1 3 2 1 3 3 3 1 4 2 3 1 3 2 1 1 4 1 2 1 4 4 1 2 3 3 4 3 2 1 2 1 4 1 3 1 3 2 3 3 4 1 3 4 2 4 3 3 3 1 1 3 4 1 1 1 2 1 4 1 3 4 1 1 2 1 1 4 1 4 1 4 1 3 4 4 4 1 1 1 4 1 3
346 0.249154 3 2 3 3 2 3 1 3 3 3 3 3 4 1 3 2 1 3 3 3 1 4 2 3 1 3 2 1 1 4 1 2 1 4 4 1 2 3 3 4 1 2 1 2 1 4 1 3 1 3 2 3 3 4 1 3 4 2 4 3 3 3 1 1 3 4 1 1 1 2 1 4 1 3 4 1 1 2 1 1 4 1 4 1 4 1 3 4 4 4 1 1 1 4 1 3
346 0.000423 3 2 3 3 4 3 1 3 3 3 3 3 4 1 3 2 1 3 1 3 1 4 2 3 1 3 2 1 1 4 3 2 1 4 4 1 2 3 3 4 1 2 1 2 1 4 1 3 1 3 2 3 3 4 1 3 4 2 4 3 3 3 1 1 3 4 1 1 1 2 1 4 1 3 4 1 1 2 1 1 4 1 4 1 4 1 3 4 2 4 1 1 1 4 1 3
346 0.000423 3 2 3 1 4 3 1 3 3 3 3 3 4 1 3 2 1 3 3 3 1 4 4 3 1 3 2 1 1 4 1 2 1 3 1 1 2 3 3 4 1 2 3 2 1 4 1 3 1 3 2 3 3 4 1 3 4 2 4 3 3 3 1 1 3 4 1 1 1 2 1 4 1 3 4 1 1 2 1 1 4 1 4 1 4 3 3 4 4 4 1 1 3 4 1 3
346 0.249154 3 4 3 3 2 3 1 3 3 3 3 3 3 1 1 2 1 3 3 3 1 4 4 3 1 3 2 1 1 4 1 2 1 4 1 1 2 3 3 4 1 2 1 2 1 4 1 3 1 3 2 3 3 4 1 3 4 2 4 3 3 3 1 1 3 4 1 1 1 2 1 4 1 3 4 1 1 2 1 1 4 1 4 1 4 1 3 4 4 4 1 1 1 4 1 3
346 0.249154 3 2 3 1 2 3 1 3 3 1 3 3 4 4 3 2 1 3 3 3 1 4 2 3 1 3 2 1 1 4 1 2 1 4 1 1 4 3 3 4 1 2 1 4 1 4 1 3 1 3 2 3 3 4 1 3 4 2 4 1 3 3 1 1 3 4 1 1 1 2 1 4 1 3 4 1 1 2 1 1 4 1 4 1 4 1 3 4 4 4 1 1 1 4 1 3
346 0.000423 3 2 3 1 4 3 1 3 3 3 3 3 4 1 3 2 1 3 3 3 1 4 4 3 1 3 2 1 1 4 1 2 1 3 1 1 2 3 3 4 1 2 3 2 1 4 1 3 1 3 2 3 3 4 1 3 4 2 4 3 3 3 1 1 3 4 1 1 1 2 1 4 1 3 4 1 1 2 1 1 4 1 4 1 4 3 3 4 4 4 1 1 1 4 1 3
346 0.000423 3 2 3 3 4 3 1 1 3 3 3 3 4 1 3 4 2 1 3 3 1 2 2 1 1 3 2 1 1 3 1 4 1 4 4 1 2 3 3 4 1 4 1 2 1 4 1 3 1 3 2 3 3 4 3 3 4 2 4 3 3 0 0 0 0 0 0 0 0 0 0 0 0 0 0 0 0 0 0 1 4 1 4 1 4 1 3 4 4 4 3 1 1 4 1 3
347 0.000301 1 2 1 3 4 3 1 3 3 3 3 3 4 1 3 2 1 3 3 3 1 4 2 3 1 3 2 1 1 4 1 2 1 4 4 1 2 3 3 1 1 2 1 2 1 2 1 1 1 3 2 1 3 3 1 3 4 2 2 3 1 3 1 1 3 4 1 1 1 2 1 4 1 3 4 1 1 2 1 3 4 1 4 1 4 1 3 4 4 4 1 1 1 4 1 3
347 0.249398 3 4 3 3 2 3 1 3 3 3 3 3 4 1 1 2 1 3 3 3 1 4 4 3 1 3 2 1 1 4 1 2 1 4 1 1 2 3 3 4 1 2 1 2 1 4 1 3 1 3 2 3 3 4 1 3 4 2 4 3 3 3 1 1 3 4 1 1 1 2 1 4 1 3 4 1 1 2 1 1 4 1 4 1 4 1 3 4 4 4 1 1 1 4 1 3
347 0.000301 3 2 3 3 4 3 1 3 3 3 3 3 4 1 3 2 1 3 3 3 1 4 2 3 1 3 2 1 1 4 1 2 1 4 1 1 2 3 3 4 1 2 1 2 1 4 1 3 1 3 2 3 3 4 1 3 4 2 4 3 3 3 1 1 3 4 1 1 1 2 1 4 1 3 4 1 1 2 1 1 4 1 4 1 4 1 3 4 4 4 1 1 1 4 1 3
347 0.000301 3 2 3 3 4 3 1 3 3 3 3 3 4 1 3 2 1 3 3 3 1 4 2 3 1 3 2 1 1 4 1 2 3 4 4 1 2 3 3 4 3 2 1 2 1 4 1 3 1 3 2 3 3 4 1 3 4 4 4 3 3 3 1 1 3 4 1 1 1 2 1 4 1 3 4 1 1 2 1 1 4 3 4 1 4 1 3 4 4 4 1 1 1 4 1 3
347 0.000301 3 2 3 3 4 3 1 3 3 3 3 3 4 1 3 2 1 3 3 3 1 4 2 3 1 3 2 1 1 4 1 2 1 4 4 1 2 3 3 4 3 2 1 2 1 4 1 3 1 3 2 3 3 4 1 3 4 2 4 3 3 3 1 1 3 4 1 1 1 2 1 4 1 3 4 1 1 2 1 1 4 1 4 1 4 1 3 4 4 4 1 1 1 4 1 3
347 0.249398 3 2 3 3 2 3 1 3 3 3 3 3 4 1 3 2 1 3 3 3 1 4 2 3 1 3 2 1 1 4 1 2 1 4 4 1 2 3 3 4 1 2 1 2 1 4 1 3 1 3 2 3 3 4 1 3 4 2 4 3 3 3 1 1 3 4 1 1 1 2 1 4 1 3 4 1 1 2 1 1 4 1 4 1 4 1 3 4 4 4 1 1 1 4 1 3
347 0.000301 3 2 3 3 4 3 1 3 3 3 3 3 4 1 3 2 1 3 1 3 1 4 2 3 1 3 2 1 1 4 3 2 1 4 4 1 2 3 3 4 1 2 1 2 1 4 1 3 1 3 2 3 3 4 1 3 4 2 4 3 3 3 1 1 3 4 1 1 1 2 1 4 1 3 4 1 1 2 1 1 4 1 4 1 4 1 3 4 2 4 1 1 1 4 1 3
347 0.000301 3 2 3 1 4 3 1 3 3 3 3 3 4 1 3 2 1 3 3 3 1 4 4 3 1 3 2 1 1 4 1 2 1 3 1 1 2 3 3 4 1 2 3 2 1 4 1 3 1 3 2 3 3 4 1 3 4 2 4 3 3 3 1 1 3 4 1 1 1 2 1 4 1 3 4 1 1 2 1 1 4 1 4 1 4 3 3 4 4 4 1 1 3 4 1 3
347 0.249398 3 4 3 3 2 3 1 3 3 3 3 3 3 1 1 2 1 3 3 3 1 4 4 3 1 3 2 1 1 4 1 2 1 4 1 1 2 3 3 4 1 2 1 2 1 4 1 3 1 3 2 3 3 4 1 3 4 2 4 3 3 3 1 1 3 4 1 1 1 2 1 4 1 3 4 1 1 2 1 1 4 1 4 1 4 1 3 4 4 4 1 1 1 4 1 3
347 0.249398 3 2 3 1 2 3 1 3 3 1 3 3 4 4 3 2 1 3 3 3 1 4 2 3 1 3 2 1 1 4 1 2 1 4 1 1 4 3 3 4 1 2 1 4 1 4 1 3 1 3 2 3 3 4 1 3 4 2 4 1 3 3 1 1 3 4 1 1 1 2 1 4 1 3 4 1 1 2 1 1 4 1 4 1 4 1 3 4 4 4 1 1 1 4 1 3
347 0.000301 3 2 3 1 4 3 1 3 3 3 3 3 4 1 3 2 1 3 3 3 1 4 4 3 1 3 2 1 1 4 1 2 1 3 1 1 2 3 3 4 1 2 3 2 1 4 1 3 1 3 2 3 3 4 1 3 4 2 4 3 3 3 1 1 3 4 1 1 1 2 1 4 1 3 4 1 1 2 1 1 4 1 4 1 4 3 3 4 4 4 1 1 1 4 1 3
347 0.000301 3 2 3 3 4 3 1 1 3 3 3 3 4 1 3 4 2 1 3 3 1 2 2 1 1 3 2 1 1 3 1 4 1 4 4 1 2 3 3 4 1 4 1 2 1 4 1 3 1 3 2 3 3 4 3 3 4 2 4 3 3 0 0 0 0 0 0 0 0 0 0 0 0 0 0 0 0 0 0 1 4 1 4 1 4 1 3 4 4 4 3 1 1 4 1 3
348 0.000190 1 2 1 3 4 3 1 3 3 3 3 3 4 1 3 2 1 3 3 3 1 4 2 3 1 3 2 1 1 4 1 2 1 4 4 1 2 3 3 1 1 2 1 2 1 2 1 1 1 3 2 1 3 3 1 3 4 2 2 3 1 3 1 1 3 4 1 1 1 2 1 4 1 3 4 1 1 2 1 3 4 1 4 1 4 1 3 4 4 4 1 1 1 4 1 3
348 0.249619 3 4 3 3 2 3 1 3 3 3 3 3 4 1 1 2 1 3 3 3 1 4 4 3 1 3 2 1 1 4 1 2 1 4 1 1 2 3 3 4 1 2 1 2 1 4 1 3 1 3 2 3 3 4 1 3 4 2 4 3 3 3 1 1 3 4 1 1 1 2 1 4 1 3 4 1 1 2 1 1 4 1 4 1 4 1 3 4 4 4 1 1 1 4 1 3
348 0.000190 3 2 3 3 4 3 1 3 3 3 3 3 4 1 3 2 1 3 3 3 1 4 2 3 1 3 2 1 1 4 1 2 1 4 1 1 2 3 3 4 1 2 1 2 1 4 1 3 1 3 2 3 3 4 1 3 4 2 4 3 3 3 1 1 3 4 1 1 1 2 1 4 1 3 4 1 1 2 1 1 4 1 4 1 4 1 3 4 4 4 1 1 1 4 1 3
348 0.000190 3 2 3 3 4 3 1 3 3 3 3 3 4 1 3 2 1 3 3 3 1 4 2 3 1 3 2 1 1 4 1 2 3 4 4 1 2 3 3 4 3 2 1 2 1 4 1 3 1 3 2 3 3 4 1 3 4 4 4 3 3 3 1 1 3 4 1 1 1 2 1 4 1 3 4 1 1 2 1 1 4 3 4 1 4 1 3 4 4 4 1 1 1 4 1 3
348 0.000190 3 2 3 3 4 3 1 3 3 3 3 3 4 1 3 2 1 3 3 3 1 4 2 3 1 3 2 1 1 4 1 2 1 4 4 1 2 3 3 4 3 2 1 2 1 4 1 3 1 3 2 3 3 4 1 3 4 2 4 3 3 3 1 1 3 4 1 1 1 2 1 4 1 3 4 1 1 2 1 1 4 1 4 1 4 1 3 4 4 4 1 1 1 4 1 3
348 0.249619 3 2 3 3 2 3 1 3 3 3 3 3 4 1 3 2 1 3 3 3 1 4 2 3 1 3 2 1 1 4 1 2 1 4 4 1 2 3 3 4 1 2 1 2 1 4 1 3 1 3 2 3 3 4 1 3 4 2 4 3 3 3 1 1 3 4 1 1 1 2 1 4 1 3 4 1 1 2 1 1 4 1 4 1 4 1 3 4 4 4 1 1 1 4 1 3
348 0.000190 3 2 3 3 4 3 1 3 3 3 3 3 4 1 3 2 1 3 1 3 1 4 2 3 1 3 2 1 1 4 3 2 1 4 4 1 2 3 3 4 1 2 1 2 1 4 1 3 1 3 2 3 3 4 1 3 4 2 4 3 3 3 1 1 3 4 1 1 1 2 1 4 1 3 4 1 1 2 1 1 4 1 4 1 4 1 3 4 2 4 1 1 1 4 1 3
348 0.000190 3 2 3 1 4 3 1 3 3 3 3 3 4 1 3 2 1 3 3 3 1 4 4 3 1 3 2 1 1 4 1 2 1 3 1 1 2 3 3 4 1 2 3 2 1 4 1 3 1 3 2 3 3 4 1 3 4 2 4 3 3 3 1 1 3 4 1 1 1 2 1 4 1 3 4 1 1 2 1 1 4 1 4 1 4 3 3 4 4 4 1 1 3 4 1 3
348 0.249619 3 4 3 3 2 3 1 3 3 3 3 3 3 1 1 2 1 3 3 3 1 4 4 3 1 3 2 1 1 4 1 2 1 4 1 1 2 3 3 4 1 2 1 2 1 4 1 3 1 3 2 3 3 4 1 3 4 2 4 3 3 3 1 1 3 4 1 1 1 2 1 4 1 3 4 1 1 2 1 1 4 1 4 1 4 1 3 4 4 4 1 1 1 4 1 3
348 0.249619 3 2 3 1 2 3 1 3 3 1 3 3 4 4 3 2 1 3 3 3 1 4 2 3 1 3 2 1 1 4 1 2 1 4 1 1 4 3 3 4 1 2 1 4 1 4 1 3 1 3 2 3 3 4 1 3 4 2 4 1 3 3 1 1 3 4 1 1 1 2 1 4 1 3 4 1 1 2 1 1 4 1 4 1 4 1 3 4 4 4 1 1 1 4 1 3
348 0.000190 3 2 3 1 4 3 1 3 3 3 3 3 4 1 3 2 1 3 3 3 1 4 4 3 1 3 2 1 1 4 1 2 1 3 1 1 2 3 3 4 1 2 3 2 1 4 1 3 1 3 2 3 3 4 1 3 4 2 4 3 3 3 1 1 3 4 1 1 1 2 1 4 1 3 4 1 1 2 1 1 4 1 4 1 4 3 3 4 4 4 1 1 1 4 1 3
348 0.000190 3 2 3 3 4 3 1 1 3 3 3 3 4 1 3 4 2 1 3 3 1 2 2 1 1 3 2 1 1 3 1 4 1 4 4 1 2 3 3 4 1 4 1 2 1 4 1 3 1 3 2 3 3 4 3 3 4 2 4 3 3 0 0 0 0 0 0 0 0 0 0 0 0 0 0 0 0 0 0 1 4 1 4 1 4 1 3 4 4 4 3 1 1 4 1 3
349 0.000090 1 2 1 3 4 3 1 3 3 3 3 3 4 1 3 2 1 3 3 3 1 4 2 3 1 3 2 1 1 4 1 2 1 4 4 1 2 3 3 1 1 2 1 2 1 2 1 1 1 3 2 1 3 3 1 3 4 2 2 3 1 3 1 1 3 4 1 1 1 2 1 4 1 3 4 1 1 2 1 3 4 1 4 1 4 1 3 4 4 4 1 1 1 4 1 3
349 0.249819 3 4 3 3 2 3 1 3 3 3 3 3 4 1 1 2 1 3 3 3 1 4 4 3 1 3 2 1 1 4 1 2 1 4 1 1 2 3 3 4 1 2 1 2 1 4 1 3 1 3 2 3 3 4 1 3 4 2 4 3 3 3 1 1 3 4 1 1 1 2 1 4 1 3 4 1 1 2 1 1 4 1 4 1 4 1 3 4 4 4 1 1 1 4 1 3
349 0.000090 3 2 3 3 4 3 1 3 3 3 3 3 4 1 3 2 1 3 3 3 1 4 2 3 1 3 2 1 1 4 1 2 1 4 1 1 2 3 3 4 1 2 1 2 1 4 1 3 1 3 2 3 3 4 1 3 4 2 4 3 3 3 1 1 3 4 1 1 1 2 1 4 1 3 4 1 1 2 1 1 4 1 4 1 4 1 3 4 4 4 1 1 1 4 1 3
349 0.000090 3 2 3 3 4 3 1 3 3 3 3 3 4 1 3 2 1 3 3 3 1 4 2 3 1 3 2 1 1 4 1 2 3 4 4 1 2 3 3 4 3 2 1 2 1 4 1 3 1 3 2 3 3 4 1 3 4 4 4 3 3 3 1 1 3 4 1 1 1 2 1 4 1 3 4 1 1 2 1 1 4 3 4 1 4 1 3 4 4 4 1 1 1 4 1 3
349 0.000090 3 2 3 3 4 3 1 3 3 3 3 3 4 1 3 2 1 3 3 3 1 4 2 3 1 3 2 1 1 4 1 2 1 4 4 1 2 3 3 4 3 2 1 2 1 4 1 3 1 3 2 3 3 4 1 3 4 2 4 3 3 3 1 1 3 4 1 1 1 2 1 4 1 3 4 1 1 2 1 1 4 1 4 1 4 1 3 4 4 4 1 1 1 4 1 3
349 0.249819 3 2 3 3 2 3 1 3 3 3 3 3 4 1 3 2 1 3 3 3 1 4 2 3 1 3 2 1 1 4 1 2 1 4 4 1 2 3 3 4 1 2 1 2 1 4 1 3 1 3 2 3 3 4 1 3 4 2 4 3 3 3 1 1 3 4 1 1 1 2 1 4 1 3 4 1 1 2 1 1 4 1 4 1 4 1 3 4 4 4 1 1 1 4 1 3
349 0.000090 3 2 3 3 4 3 1 3 3 3 3 3 4 1 3 2 1 3 1 3 1 4 2 3 1 3 2 1 1 4 3 2 1 4 4 1 2 3 3 4 1 2 1 2 1 4 1 3 1 3 2 3 3 4 1 3 4 2 4 3 3 3 1 1 3 4 1 1 1 2 1 4 1 3 4 1 1 2 1 1 4 1 4 1 4 1 3 4 2 4 1 1 1 4 1 3
349 0.000090 3 2 3 1 4 3 1 3 3 3 3 3 4 1 3 2 1 3 3 3 1 4 4 3 1 3 2 1 1 4 1 2 1 3 1 1 2 3 3 4 1 2 3 2 1 4 1 3 1 3 2 3 3 4 1 3 4 2 4 3 3 3 1 1 3 4 1 1 1 2 1 4 1 3 4 1 1 2 1 1 4 1 4 1 4 3 3 4 4 4 1 1 3 4 1 3
349 0.249819 3 4 3 3 2 3 1 3 3 3 3 3 3 1 1 2 1 3 3 3 1 4 4 3 1 3 2 1 1 4 1 2 1 4 1 1 2 3 3 4 1 2 1 2 1 4 1 3 1 3 2 3 3 4 1 3 4 2 4 3 3 3 1 1 3 4 1 1 1 2 1 4 1 3 4 1 1 2 1 1 4 1 4 1 4 1 3 4 4 4 1 1 1 4 1 3
349 0.249819 3 2 3 1 2 3 1 3 3 1 3 3 4 4 3 2 1 3 3 3 1 4 2 3 1 3 2 1 1 4 1 2 1 4 1 1 4 3 3 4 1 2 1 4 1 4 1 3 1 3 2 3 3 4 1 3 4 2 4 1 3 3 1 1 3 4 1 1 1 2 1 4 1 3 4 1 1 2 1 1 4 1 4 1 4 1 3 4 4 4 1 1 1 4 1 3
349 0.000090 3 2 3 1 4 3 1 3 3 3 3 3 4 1 3 2 1 3 3 3 1 4 4 3 1 3 2 1 1 4 1 2 1 3 1 1 2 3 3 4 1 2 3 2 1 4 1 3 1 3 2 3 3 4 1 3 4 2 4 3 3 3 1 1 3 4 1 1 1 2 1 4 1 3 4 1 1 2 1 1 4 1 4 1 4 3 3 4 4 4 1 1 1 4 1 3
349 0.000090 3 2 3 3 4 3 1 1 3 3 3 3 4 1 3 4 2 1 3 3 1 2 2 1 1 3 2 1 1 3 1 4 1 4 4 1 2 3 3 4 1 4 1 2 1 4 1 3 1 3 2 3 3 4 3 3 4 2 4 3 3 0 0 0 0 0 0 0 0 0 0 0 0 0 0 0 0 0 0 1 4 1 4 1 4 1 3 4 4 4 3 1 1 4 1 3
350 0.250000 3 4 3 3 2 3 1 3 3 3 3 3 3 1 1 2 1 3 3 3 1 4 4 3 1 3 2 1 1 4 1 2 1 4 1 1 2 3 3 4 1 2 1 2 1 4 1 3 1 3 2 3 3 4 1 3 4 2 4 3 3 3 1 1 3 4 1 1 1 2 1 4 1 3 4 1 1 2 1 1 4 1 4 1 4 1 3 4 4 4 1 1 1 4 1 3
350 0.250000 3 4 3 3 2 3 1 3 3 3 3 3 4 1 1 2 1 3 3 3 1 4 4 3 1 3 2 1 1 4 1 2 1 4 1 1 2 3 3 4 1 2 1 2 1 4 1 3 1 3 2 3 3 4 1 3 4 2 4 3 3 3 1 1 3 4 1 1 1 2 1 4 1 3 4 1 1 2 1 1 4 1 4 1 4 1 3 4 4 4 1 1 1 4 1 3
350 0.250000 3 2 3 1 2 3 1 3 3 1 3 3 4 4 3 2 1 3 3 3 1 4 2 3 1 3 2 1 1 4 1 2 1 4 1 1 4 3 3 4 1 2 1 4 1 4 1 3 1 3 2 3 3 4 1 3 4 2 4 1 3 3 1 1 3 4 1 1 1 2 1 4 1 3 4 1 1 2 1 1 4 1 4 1 4 1 3 4 4 4 1 1 1 4 1 3
350 0.250000 3 2 3 3 2 3 1 3 3 3 3 3 4 1 3 2 1 3 3 3 1 4 2 3 1 3 2 1 1 4 1 2 1 4 4 1 2 3 3 4 1 2 1 2 1 4 1 3 1 3 2 3 3 4 1 3 4 2 4 3 3 3 1 1 3 4 1 1 1 2 1 4 1 3 4 1 1 2 1 1 4 1 4 1 4 1 3 4 4 4 1 1 1 4 1 3
