0 0.090909 1 4 1 3 1 3 4 2 3 4 1 3 1 1 1 3 3 2 4 2 2 0 0 0 2 2 1 4 1 3 3 3 3 3 3 2 1 3 3 2 2 1 1 3 3 2 3 3 3 1 1 3 3 4 1 2 2 3 3 3 3 3 1 1 3 3 2 3 1 4 1 3 1 3 3 3 1 2 3 4 3 3 3 4 3
0 0.090909 1 4 1 3 1 3 4 2 3 4 1 3 1 1 1 3 3 2 4 2 2 0 0 0 2 2 1 2 1 3 3 3 3 3 3 2 1 3 3 2 2 1 1 3 3 2 3 3 3 1 1 3 3 4 1 2 2 3 3 3 3 3 1 1 3 3 2 3 1 4 1 3 1 3 3 3 1 2 3 4 3 3 3 4 1
0 0.090909 1 4 1 3 1 3 4 2 3 4 1 3 1 1 1 3 3 2 4 2 2 0 0 0 2 2 1 2 1 3 3 3 3 1 3 2 1 3 3 2 2 1 1 3 3 2 3 3 3 1 1 3 3 4 1 2 2 3 3 3 3 3 1 1 3 3 2 3 1 4 1 3 1 3 3 3 1 2 3 4 3 3 3 4 3
0 0.090909 1 4 1 3 1 3 4 2 3 4 1 3 1 1 1 3 3 2 4 2 2 0 0 0 2 2 1 2 1 3 3 3 3 3 3 2 1 3 3 2 2 1 1 3 3 2 3 3 3 3 1 3 3 4 1 2 2 3 3 3 3 3 1 1 3 3 2 3 1 4 1 3 1 3 3 3 1 2 3 4 3 3 3 4 3
0 0.636364 1 4 1 3 1 3 4 2 3 4 1 3 1 1 1 3 3 2 4 2 2 0 0 0 2 2 1 2 1 3 3 3 3 3 3 2 1 3 3 2 2 1 1 3 3 2 3 3 3 1 1 3 3 4 1 2 2 3 3 3 3 3 1 1 3 3 2 3 1 4 1 3 1 3 3 3 1 2 3 4 3 3 3 4 3
1 0.090609 1 4 1 3 1 3 4 2 3 4 1 3 1 1 1 3 3 2 4 2 2 0 0 0 2 2 1 4 1 3 3 3 3 3 3 2 1 3 3 2 2 1 1 3 3 2 3 3 3 1 1 3 3 4 1 2 2 3 3 3 3 3 1 1 3 3 2 3 1 4 1 3 1 3 3 3 1 2 3 4 3 3 3 4 3
1 0.090609 1 4 1 3 1 3 4 2 3 4 1 3 1 1 1 3 3 2 4 2 2 0 0 0 2 2 1 2 1 3 3 3 3 3 3 2 1 3 3 2 2 1 1 3 3 2 3 3 3 1 1 3 3 4 1 2 2 3 3 3 3 3 1 1 3 3 2 3 1 4 1 3 1 3 3 3 1 2 3 4 3 3 3 4 1
1 0.090609 1 4 1 3 1 3 4 2 3 4 1 3 1 1 1 3 3 2 4 2 2 0 0 0 2 2 1 2 1 3 3 3 3 1 3 2 1 3 3 2 2 1 1 3 3 2 3 3 3 1 1 3 3 4 1 2 2 3 3 3 3 3 1 1 3 3 2 3 1 4 1 3 1 3 3 3 1 2 3 4 3 3 3 4 3
1 0.090609 1 4 1 3 1 3 4 2 3 4 1 3 1 1 1 3 3 2 4 2 2 0 0 0 2 2 1 2 1 3 3 3 3 3 3 2 1 3 3 2 2 1 1 3 3 2 3 3 3 3 1 3 3 4 1 2 2 3 3 3 3 3 1 1 3 3 2 3 1 4 1 3 1 3 3 3 1 2 3 4 3 3 3 4 3
1 0.000206 1 4 1 3 1 3 4 2 3 4 1 3 1 1 1 3 3 2 4 2 2 0 0 0 2 2 1 2 1 3 3 1 3 3 3 2 4 3 0 0 0 3 2 3 3 4 3 3 3 1 1 3 3 4 1 2 2 3 1 3 3 3 1 1 3 3 2 3 1 4 1 3 1 3 3 3 1 2 3 4 3 3 3 4 3
1 0.000206 1 4 1 3 1 3 4 2 3 4 1 3 1 1 1 3 3 2 4 2 2 0 0 0 2 2 1 2 1 1 3 3 3 3 3 2 1 3 3 2 2 1 1 3 3 2 3 3 3 1 1 3 1 4 1 2 2 3 3 3 3 3 1 1 3 3 2 3 1 4 1 3 1 3 3 3 1 2 3 4 3 3 3 4 3
1 0.635913 1 4 1 3 1 3 4 2 3 4 1 3 1 1 1 3 3 2 4 2 2 0 0 0 2 2 1 2 1 3 3 3 3 3 3 2 1 3 3 2 2 1 1 3 3 2 3 3 3 1 1 3 3 4 1 2 2 3 3 3 3 3 1 1 3 3 2 3 1 4 1 3 1 3 3 3 1 2 3 4 3 3 3 4 3
1 0.000206 1 4 1 3 1 1 4 2 3 4 1 3 1 1 1 3 3 2 4 2 2 0 0 0 2 2 1 2 1 3 3 3 3 3 3 2 1 3 3 2 2 1 1 3 3 2 3 3 3 1 1 3 3 4 1 2 2 3 3 3 3 3 1 1 3 3 2 3 1 4 1 3 1 3 3 3 1 2 3 4 3 3 3 4 3
1 0.000206 1 4 1 3 1 3 4 2 3 4 1 3 1 1 1 3 3 2 4 2 2 0 0 0 2 2 1 2 1 3 3 3 3 3 3 2 1 3 3 2 2 1 1 1 3 2 3 3 3 1 1 3 3 4 1 2 2 3 3 3 3 3 1 1 3 3 2 3 1 4 1 3 1 3 3 3 1 2 3 4 3 3 3 4 3
1 0.000206 1 4 1 3 1 3 4 2 3 4 1 3 1 1 1 3 3 2 4 2 2 0 0 0 2 2 1 2 3 3 3 3 3 3 3 2 1 3 3 2 2 1 1 3 3 2 3 3 3 1 1 3 3 4 1 2 2 3 3 3 3 3 1 1 3 3 2 3 1 4 1 3 1 3 3 3 1 2 3 4 3 3 3 4 3
1 0.000206 1 4 1 3 1 3 4 2 0 0 0 0 0 0 2 4 0 0 0 2 2 0 0 0 2 2 1 2 1 3 3 3 3 3 3 2 1 3 3 2 2 1 1 3 3 2 3 3 3 1 1 3 3 4 1 2 2 3 3 3 3 3 1 1 3 3 2 3 1 2 1 3 1 3 3 3 1 2 3 4 3 3 3 4 3
1 0.000206 2 4 1 3 1 3 4 2 3 4 1 3 1 1 1 3 3 2 4 2 2 0 0 0 2 2 1 2 1 3 3 3 3 3 3 2 1 3 3 2 2 1 1 3 3 2 3 3 3 1 1 3 3 4 1 1 2 1 3 3 3 3 1 1 3 3 2 3 1 4 1 3 1 3 3 3 1 1 3 4 3 3 3 4 3
1 0.000206 1 4 1 3 1 3 4 2 3 4 1 3 1 1 1 3 3 2 4 2 2 0 0 0 2 2 1 2 1 3 3 3 3 3 3 2 1 3 3 2 2 1 1 3 3 2 3 3 3 1 0 3 3 4 1 2 2 3 3 1 3 3 3 1 3 3 2 3 1 4 1 3 1 3 3 3 1 2 3 4 3 3 3 4 3
2 0.090164 1 4 1 3 1 3 4 2 3 4 1 3 1 1 1 3 3 2 4 2 2 0 0 0 2 2 1 4 1 3 3 3 3 3 3 2 1 3 3 2 2 1 1 3 3 2 3 3 3 1 1 3 3 4 1 2 2 3 3 3 3 3 1 1 3 3 2 3 1 4 1 3 1 3 3 3 1 2 3 4 3 3 3 4 3
2 0.090164 1 4 1 3 1 3 4 2 3 4 1 3 1 1 1 3 3 2 4 2 2 0 0 0 2 2 1 2 1 3 3 3 3 3 3 2 1 3 3 2 2 1 1 3 3 2 3 3 3 1 1 3 3 4 1 2 2 3 3 3 3 3 1 1 3 3 2 3 1 4 1 3 1 3 3 3 1 2 3 4 3 3 3 4 1
2 0.090164 1 4 1 3 1 3 4 2 3 4 1 3 1 1 1 3 3 2 4 2 2 0 0 0 2 2 1 2 1 3 3 3 3 1 3 2 1 3 3 2 2 1 1 3 3 2 3 3 3 1 1 3 3 4 1 2 2 3 3 3 3 3 1 1 3 3 2 3 1 4 1 3 1 3 3 3 1 2 3 4 3 3 3 4 3
2 0.090164 1 4 1 3 1 3 4 2 3 4 1 3 1 1 1 3 3 2 4 2 2 0 0 0 2 2 1 2 1 3 3 3 3 3 3 2 1 3 3 2 2 1 1 3 3 2 3 3 3 3 1 3 3 4 1 2 2 3 3 3 3 3 1 1 3 3 2 3 1 4 1 3 1 3 3 3 1 2 3 4 3 3 3 4 3
2 0.000512 1 4 1 3 1 3 4 2 3 4 1 3 1 1 1 3 3 2 4 2 2 0 0 0 2 2 1 2 1 3 3 1 3 3 3 2 4 3 0 0 0 3 2 3 3 4 3 3 3 1 1 3 3 4 1 2 2 3 1 3 3 3 1 1 3 3 2 3 1 4 1 3 1 3 3 3 1 2 3 4 3 3 3 4 3
2 0.000512 1 4 1 3 1 3 4 2 3 4 1 3 1 1 1 3 3 2 4 2 2 0 0 0 2 2 1 2 1 1 3 3 3 3 3 2 1 3 3 2 2 1 1 3 3 2 3 3 3 1 1 3 1 4 1 2 2 3 3 3 3 3 1 1 3 3 2 3 1 4 1 3 1 3 3 3 1 2 3 4 3 3 3 4 3
2 0.635247 1 4 1 3 1 3 4 2 3 4 1 3 1 1 1 3 3 2 4 2 2 0 0 0 2 2 1 2 1 3 3 3 3 3 3 2 1 3 3 2 2 1 1 3 3 2 3 3 3 1 1 3 3 4 1 2 2 3 3 3 3 3 1 1 3 3 2 3 1 4 1 3 1 3 3 3 1 2 3 4 3 3 3 4 3
2 0.000512 1 4 1 3 1 1 4 2 3 4 1 3 1 1 1 3 3 2 4 2 2 0 0 0 2 2 1 2 1 3 3 3 3 3 3 2 1 3 3 2 2 1 1 3 3 2 3 3 3 1 1 3 3 4 1 2 2 3 3 3 3 3 1 1 3 3 2 3 1 4 1 3 1 3 3 3 1 2 3 4 3 3 3 4 3
2 0.000512 1 4 1 3 1 3 4 2 3 4 1 3 1 1 1 3 3 2 4 2 2 0 0 0 2 2 1 2 1 3 3 3 3 3 3 2 1 3 3 2 2 1 1 1 3 2 3 3 3 1 1 3 3 4 1 2 2 3 3 3 3 3 1 1 3 3 2 3 1 4 1 3 1 3 3 3 1 2 3 4 3 3 3 4 3
2 0.000512 1 4 1 3 1 3 4 2 3 4 1 3 1 1 1 3 3 2 4 2 2 0 0 0 2 2 1 2 3 3 3 3 3 3 3 2 1 3 3 2 2 1 1 3 3 2 3 3 3 1 1 3 3 4 1 2 2 3 3 3 3 3 1 1 3 3 2 3 1 4 1 3 1 3 3 3 1 2 3 4 3 3 3 4 3
2 0.000512 1 4 1 3 1 3 4 2 0 0 0 0 0 0 2 4 0 0 0 2 2 0 0 0 2 2 1 2 1 3 3 3 3 3 3 2 1 3 3 2 2 1 1 3 3 2 3 3 3 1 1 3 3 4 1 2 2 3 3 3 3 3 1 1 3 3 2 3 1 2 1 3 1 3 3 3 1 2 3 4 3 3 3 4 3
2 0.000512 2 4 1 3 1 3 4 2 3 4 1 3 1 1 1 3 3 2 4 2 2 0 0 0 2 2 1 2 1 3 3 3 3 3 3 2 1 3 3 2 2 1 1 3 3 2 3 3 3 1 1 3 3 4 1 1 2 1 3 3 3 3 1 1 3 3 2 3 1 4 1 3 1 3 3 3 1 1 3 4 3 3 3 4 3
2 0.000512 1 4 1 3 1 3 4 2 3 4 1 3 1 1 1 3 3 2 4 2 2 0 0 0 2 2 1 2 1 3 3 3 3 3 3 2 1 3 3 2 2 1 1 3 3 2 3 3 3 1 0 3 3 4 1 2 2 3 3 1 3 3 3 1 3 3 2 3 1 4 1 3 1 3 3 3 1 2 3 4 3 3 3 4 3
3 0.089510 1 4 1 3 1 3 4 2 3 4 1 3 1 1 1 3 3 2 4 2 2 0 0 0 2 2 1 4 1 3 3 3 3 3 3 2 1 3 3 2 2 1 1 3 3 2 3 3 3 1 1 3 3 4 1 2 2 3 3 3 3 3 1 1 3 3 2 3 1 4 1 3 1 3 3 3 1 2 3 4 3 3 3 4 3
3 0.089510 1 4 1 3 1 3 4 2 3 4 1 3 1 1 1 3 3 2 4 2 2 0 0 0 2 2 1 2 1 3 3 3 3 3 3 2 1 3 3 2 2 1 1 3 3 2 3 3 3 1 1 3 3 4 1 2 2 3 3 3 3 3 1 1 3 3 2 3 1 4 1 3 1 3 3 3 1 2 3 4 3 3 3 4 1
3 0.089510 1 4 1 3 1 3 4 2 3 4 1 3 1 1 1 3 3 2 4 2 2 0 0 0 2 2 1 2 1 3 3 3 3 1 3 2 1 3 3 2 2 1 1 3 3 2 3 3 3 1 1 3 3 4 1 2 2 3 3 3 3 3 1 1 3 3 2 3 1 4 1 3 1 3 3 3 1 2 3 4 3 3 3 4 3
3 0.089510 1 4 1 3 1 3 4 2 3 4 1 3 1 1 1 3 3 2 4 2 2 0 0 0 2 2 1 2 1 3 3 3 3 3 3 2 1 3 3 2 2 1 1 3 3 2 3 3 3 3 1 3 3 4 1 2 2 3 3 3 3 3 1 1 3 3 2 3 1 4 1 3 1 3 3 3 1 2 3 4 3 3 3 4 3
3 0.000962 1 4 1 3 1 3 4 2 3 4 1 3 1 1 1 3 3 2 4 2 2 0 0 0 2 2 1 2 1 3 3 1 3 3 3 2 4 3 0 0 0 3 2 3 3 4 3 3 3 1 1 3 3 4 1 2 2 3 1 3 3 3 1 1 3 3 2 3 1 4 1 3 1 3 3 3 1 2 3 4 3 3 3 4 3
3 0.000962 1 4 1 3 1 3 4 2 3 4 1 3 1 1 1 3 3 2 4 2 2 0 0 0 2 2 1 2 1 1 3 3 3 3 3 2 1 3 3 2 2 1 1 3 3 2 3 3 3 1 1 3 1 4 1 2 2 3 3 3 3 3 1 1 3 3 2 3 1 4 1 3 1 3 3 3 1 2 3 4 3 3 3 4 3
3 0.634264 1 4 1 3 1 3 4 2 3 4 1 3 1 1 1 3 3 2 4 2 2 0 0 0 2 2 1 2 1 3 3 3 3 3 3 2 1 3 3 2 2 1 1 3 3 2 3 3 3 1 1 3 3 4 1 2 2 3 3 3 3 3 1 1 3 3 2 3 1 4 1 3 1 3 3 3 1 2 3 4 3 3 3 4 3
3 0.000962 1 4 1 3 1 1 4 2 3 4 1 3 1 1 1 3 3 2 4 2 2 0 0 0 2 2 1 2 1 3 3 3 3 3 3 2 1 3 3 2 2 1 1 3 3 2 3 3 3 1 1 3 3 4 1 2 2 3 3 3 3 3 1 1 3 3 2 3 1 4 1 3 1 3 3 3 1 2 3 4 3 3 3 4 3
3 0.000962 1 4 1 3 1 3 4 2 3 4 1 3 1 1 1 3 3 2 4 2 2 0 0 0 2 2 1 2 1 3 3 3 3 3 3 2 1 3 3 2 2 1 1 1 3 2 3 3 3 1 1 3 3 4 1 2 2 3 3 3 3 3 1 1 3 3 2 3 1 4 1 3 1 3 3 3 1 2 3 4 3 3 3 4 3
3 0.000962 1 4 1 3 1 3 4 2 3 4 1 3 1 1 1 3 3 2 4 2 2 0 0 0 2 2 1 2 3 3 3 3 3 3 3 2 1 3 3 2 2 1 1 3 3 2 3 3 3 1 1 3 3 4 1 2 2 3 3 3 3 3 1 1 3 3 2 3 1 4 1 3 1 3 3 3 1 2 3 4 3 3 3 4 3
3 0.000962 1 4 1 3 1 3 4 2 0 0 0 0 0 0 2 4 0 0 0 2 2 0 0 0 2 2 1 2 1 3 3 3 3 3 3 2 1 3 3 2 2 1 1 3 3 2 3 3 3 1 1 3 3 4 1 2 2 3 3 3 3 3 1 1 3 3 2 3 1 2 1 3 1 3 3 3 1 2 3 4 3 3 3 4 3
3 0.000962 2 4 1 3 1 3 4 2 3 4 1 3 1 1 1 3 3 2 4 2 2 0 0 0 2 2 1 2 1 3 3 3 3 3 3 2 1 3 3 2 2 1 1 3 3 2 3 3 3 1 1 3 3 4 1 1 2 1 3 3 3 3 1 1 3 3 2 3 1 4 1 3 1 3 3 3 1 1 3 4 3 3 3 4 3
3 0.000962 1 4 1 3 1 3 4 2 3 4 1 3 1 1 1 3 3 2 4 2 2 0 0 0 2 2 1 2 1 3 3 3 3 3 3 2 1 3 3 2 2 1 1 3 3 2 3 3 3 1 0 3 3 4 1 2 2 3 3 1 3 3 3 1 3 3 2 3 1 4 1 3 1 3 3 3 1 2 3 4 3 3 3 4 3
4 0.088550 1 4 1 3 1 3 4 2 3 4 1 3 1 1 1 3 3 2 4 2 2 0 0 0 2 2 1 4 1 3 3 3 3 3 3 2 1 3 3 2 2 1 1 3 3 2 3 3 3 1 1 3 3 4 1 2 2 3 3 3 3 3 1 1 3 3 2 3 1 4 1 3 1 3 3 3 1 2 3 4 3 3 3 4 3
4 0.088550 1 4 1 3 1 3 4 2 3 4 1 3 1 1 1 3 3 2 4 2 2 0 0 0 2 2 1 2 1 3 3 3 3 3 3 2 1 3 3 2 2 1 1 3 3 2 3 3 3 1 1 3 3 4 1 2 2 3 3 3 3 3 1 1 3 3 2 3 1 4 1 3 1 3 3 3 1 2 3 4 3 3 3 4 1
4 0.088550 1 4 1 3 1 3 4 2 3 4 1 3 1 1 1 3 3 2 4 2 2 0 0 0 2 2 1 2 1 3 3 3 3 1 3 2 1 3 3 2 2 1 1 3 3 2 3 3 3 1 1 3 3 4 1 2 2 3 3 3 3 3 1 1 3 3 2 3 1 4 1 3 1 3 3 3 1 2 3 4 3 3 3 4 3
4 0.088550 1 4 1 3 1 3 4 2 3 4 1 3 1 1 1 3 3 2 4 2 2 0 0 0 2 2 1 2 1 3 3 3 3 3 3 2 1 3 3 2 2 1 1 3 3 2 3 3 3 3 1 3 3 4 1 2 2 3 3 3 3 3 1 1 3 3 2 3 1 4 1 3 1 3 3 3 1 2 3 4 3 3 3 4 3
4 0.001622 1 4 1 3 1 3 4 2 3 4 1 3 1 1 1 3 3 2 4 2 2 0 0 0 2 2 1 2 1 3 3 1 3 3 3 2 4 3 0 0 0 3 2 3 3 4 3 3 3 1 1 3 3 4 1 2 2 3 1 3 3 3 1 1 3 3 2 3 1 4 1 3 1 3 3 3 1 2 3 4 3 3 3 4 3
4 0.001622 1 4 1 3 1 3 4 2 3 4 1 3 1 1 1 3 3 2 4 2 2 0 0 0 2 2 1 2 1 1 3 3 3 3 3 2 1 3 3 2 2 1 1 3 3 2 3 3 3 1 1 3 1 4 1 2 2 3 3 3 3 3 1 1 3 3 2 3 1 4 1 3 1 3 3 3 1 2 3 4 3 3 3 4 3
4 0.632825 1 4 1 3 1 3 4 2 3 4 1 3 1 1 1 3 3 2 4 2 2 0 0 0 2 2 1 2 1 3 3 3 3 3 3 2 1 3 3 2 2 1 1 3 3 2 3 3 3 1 1 3 3 4 1 2 2 3 3 3 3 3 1 1 3 3 2 3 1 4 1 3 1 3 3 3 1 2 3 4 3 3 3 4 3
4 0.001622 1 4 1 3 1 1 4 2 3 4 1 3 1 1 1 3 3 2 4 2 2 0 0 0 2 2 1 2 1 3 3 3 3 3 3 2 1 3 3 2 2 1 1 3 3 2 3 3 3 1 1 3 3 4 1 2 2 3 3 3 3 3 1 1 3 3 2 3 1 4 1 3 1 3 3 3 1 2 3 4 3 3 3 4 3
4 0.001622 1 4 1 3 1 3 4 2 3 4 1 3 1 1 1 3 3 2 4 2 2 0 0 0 2 2 1 2 1 3 3 3 3 3 3 2 1 3 3 2 2 1 1 1 3 2 3 3 3 1 1 3 3 4 1 2 2 3 3 3 3 3 1 1 3 3 2 3 1 4 1 3 1 3 3 3 1 2 3 4 3 3 3 4 3
4 0.001622 1 4 1 3 1 3 4 2 3 4 1 3 1 1 1 3 3 2 4 2 2 0 0 0 2 2 1 2 3 3 3 3 3 3 3 2 1 3 3 2 2 1 1 3 3 2 3 3 3 1 1 3 3 4 1 2 2 3 3 3 3 3 1 1 3 3 2 3 1 4 1 3 1 3 3 3 1 2 3 4 3 3 3 4 3
4 0.001622 1 4 1 3 1 3 4 2 0 0 0 0 0 0 2 4 0 0 0 2 2 0 0 0 2 2 1 2 1 3 3 3 3 3 3 2 1 3 3 2 2 1 1 3 3 2 3 3 3 1 1 3 3 4 1 2 2 3 3 3 3 3 1 1 3 3 2 3 1 2 1 3 1 3 3 3 1 2 3 4 3 3 3 4 3
4 0.001622 2 4 1 3 1 3 4 2 3 4 1 3 1 1 1 3 3 2 4 2 2 0 0 0 2 2 1 2 1 3 3 3 3 3 3 2 1 3 3 2 2 1 1 3 3 2 3 3 3 1 1 3 3 4 1 1 2 1 3 3 3 3 1 1 3 3 2 3 1 4 1 3 1 3 3 3 1 1 3 4 3 3 3 4 3
4 0.001622 1 4 1 3 1 3 4 2 3 4 1 3 1 1 1 3 3 2 4 2 2 0 0 0 2 2 1 2 1 3 3 3 3 3 3 2 1 3 3 2 2 1 1 3 3 2 3 3 3 1 0 3 3 4 1 2 2 3 3 1 3 3 3 1 3 3 2 3 1 4 1 3 1 3 3 3 1 2 3 4 3 3 3 4 3
5 0.087156 1 4 1 3 1 3 4 2 3 4 1 3 1 1 1 3 3 2 4 2 2 0 0 0 2 2 1 4 1 3 3 3 3 3 3 2 1 3 3 2 2 1 1 3 3 2 3 3 3 1 1 3 3 4 1 2 2 3 3 3 3 3 1 1 3 3 2 3 1 4 1 3 1 3 3 3 1 2 3 4 3 3 3 4 3
5 0.087156 1 4 1 3 1 3 4 2 3 4 1 3 1 1 1 3 3 2 4 2 2 0 0 0 2 2 1 2 1 3 3 3 3 3 3 2 1 3 3 2 2 1 1 3 3 2 3 3 3 1 1 3 3 4 1 2 2 3 3 3 3 3 1 1 3 3 2 3 1 4 1 3 1 3 3 3 1 2 3 4 3 3 3 4 1
5 0.087156 1 4 1 3 1 3 4 2 3 4 1 3 1 1 1 3 3 2 4 2 2 0 0 0 2 2 1 2 1 3 3 3 3 1 3 2 1 3 3 2 2 1 1 3 3 2 3 3 3 1 1 3 3 4 1 2 2 3 3 3 3 3 1 1 3 3 2 3 1 4 1 3 1 3 3 3 1 2 3 4 3 3 3 4 3
5 0.087156 1 4 1 3 1 3 4 2 3 4 1 3 1 1 1 3 3 2 4 2 2 0 0 0 2 2 1 2 1 3 3 3 3 3 3 2 1 3 3 2 2 1 1 3 3 2 3 3 3 3 1 3 3 4 1 2 2 3 3 3 3 3 1 1 3 3 2 3 1 4 1 3 1 3 3 3 1 2 3 4 3 3 3 4 3
5 0.002580 1 4 1 3 1 3 4 2 3 4 1 3 1 1 1 3 3 2 4 2 2 0 0 0 2 2 1 2 1 3 3 1 3 3 3 2 4 3 0 0 0 3 2 3 3 4 3 3 3 1 1 3 3 4 1 2 2 3 1 3 3 3 1 1 3 3 2 3 1 4 1 3 1 3 3 3 1 2 3 4 3 3 3 4 3
5 0.002580 1 4 1 3 1 3 4 2 3 4 1 3 1 1 1 3 3 2 4 2 2 0 0 0 2 2 1 2 1 1 3 3 3 3 3 2 1 3 3 2 2 1 1 3 3 2 3 3 3 1 1 3 1 4 1 2 2 3 3 3 3 3 1 1 3 3 2 3 1 4 1 3 1 3 3 3 1 2 3 4 3 3 3 4 3
5 0.630734 1 4 1 3 1 3 4 2 3 4 1 3 1 1 1 3 3 2 4 2 2 0 0 0 2 2 1 2 1 3 3 3 3 3 3 2 1 3 3 2 2 1 1 3 3 2 3 3 3 1 1 3 3 4 1 2 2 3 3 3 3 3 1 1 3 3 2 3 1 4 1 3 1 3 3 3 1 2 3 4 3 3 3 4 3
5 0.002580 1 4 1 3 1 1 4 2 3 4 1 3 1 1 1 3 3 2 4 2 2 0 0 0 2 2 1 2 1 3 3 3 3 3 3 2 1 3 3 2 2 1 1 3 3 2 3 3 3 1 1 3 3 4 1 2 2 3 3 3 3 3 1 1 3 3 2 3 1 4 1 3 1 3 3 3 1 2 3 4 3 3 3 4 3
5 0.002580 1 4 1 3 1 3 4 2 3 4 1 3 1 1 1 3 3 2 4 2 2 0 0 0 2 2 1 2 1 3 3 3 3 3 3 2 1 3 3 2 2 1 1 1 3 2 3 3 3 1 1 3 3 4 1 2 2 3 3 3 3 3 1 1 3 3 2 3 1 4 1 3 1 3 3 3 1 2 3 4 3 3 3 4 3
5 0.002580 1 4 1 3 1 3 4 2 3 4 1 3 1 1 1 3 3 2 4 2 2 0 0 0 2 2 1 2 3 3 3 3 3 3 3 2 1 3 3 2 2 1 1 3 3 2 3 3 3 1 1 3 3 4 1 2 2 3 3 3 3 3 1 1 3 3 2 3 1 4 1 3 1 3 3 3 1 2 3 4 3 3 3 4 3
5 0.002580 1 4 1 3 1 3 4 2 0 0 0 0 0 0 2 4 0 0 0 2 2 0 0 0 2 2 1 2 1 3 3 3 3 3 3 2 1 3 3 2 2 1 1 3 3 2 3 3 3 1 1 3 3 4 1 2 2 3 3 3 3 3 1 1 3 3 2 3 1 2 1 3 1 3 3 3 1 2 3 4 3 3 3 4 3
5 0.002580 2 4 1 3 1 3 4 2 3 4 1 3 1 1 1 3 3 2 4 2 2 0 0 0 2 2 1 2 1 3 3 3 3 3 3 2 1 3 3 2 2 1 1 3 3 2 3 3 3 1 1 3 3 4 1 1 2 1 3 3 3 3 1 1 3 3 2 3 1 4 1 3 1 3 3 3 1 1 3 4 3 3 3 4 3
5 0.002580 1 4 1 3 1 3 4 2 3 4 1 3 1 1 1 3 3 2 4 2 2 0 0 0 2 2 1 2 1 3 3 3 3 3 3 2 1 3 3 2 2 1 1 3 3 2 3 3 3 1 0 3 3 4 1 2 2 3 3 1 3 3 3 1 3 3 2 3 1 4 1 3 1 3 3 3 1 2 3 4 3 3 3 4 3
6 0.085155 1 4 1 3 1 3 4 2 3 4 1 3 1 1 1 3 3 2 4 2 2 0 0 0 2 2 1 4 1 3 3 3 3 3 3 2 1 3 3 2 2 1 1 3 3 2 3 3 3 1 1 3 3 4 1 2 2 3 3 3 3 3 1 1 3 3 2 3 1 4 1 3 1 3 3 3 1 2 3 4 3 3 3 4 3
6 0.085155 1 4 1 3 1 3 4 2 3 4 1 3 1 1 1 3 3 2 4 2 2 0 0 0 2 2 1 2 1 3 3 3 3 3 3 2 1 3 3 2 2 1 1 3 3 2 3 3 3 1 1 3 3 4 1 2 2 3 3 3 3 3 1 1 3 3 2 3 1 4 1 3 1 3 3 3 1 2 3 4 3 3 3 4 1
6 0.085155 1 4 1 3 1 3 4 2 3 4 1 3 1 1 1 3 3 2 4 2 2 0 0 0 2 2 1 2 1 3 3 3 3 1 3 2 1 3 3 2 2 1 1 3 3 2 3 3 3 1 1 3 3 4 1 2 2 3 3 3 3 3 1 1 3 3 2 3 1 4 1 3 1 3 3 3 1 2 3 4 3 3 3 4 3
6 0.085155 1 4 1 3 1 3 4 2 3 4 1 3 1 1 1 3 3 2 4 2 2 0 0 0 2 2 1 2 1 3 3 3 3 3 3 2 1 3 3 2 2 1 1 3 3 2 3 3 3 3 1 3 3 4 1 2 2 3 3 3 3 3 1 1 3 3 2 3 1 4 1 3 1 3 3 3 1 2 3 4 3 3 3 4 3
6 0.003956 1 4 1 3 1 3 4 2 3 4 1 3 1 1 1 3 3 2 4 2 2 0 0 0 2 2 1 2 1 3 3 1 3 3 3 2 4 3 0 0 0 3 2 3 3 4 3 3 3 1 1 3 3 4 1 2 2 3 1 3 3 3 1 1 3 3 2 3 1 4 1 3 1 3 3 3 1 2 3 4 3 3 3 4 3
6 0.003956 1 4 1 3 1 3 4 2 3 4 1 3 1 1 1 3 3 2 4 2 2 0 0 0 2 2 1 2 1 1 3 3 3 3 3 2 1 3 3 2 2 1 1 3 3 2 3 3 3 1 1 3 1 4 1 2 2 3 3 3 3 3 1 1 3 3 2 3 1 4 1 3 1 3 3 3 1 2 3 4 3 3 3 4 3
6 0.627733 1 4 1 3 1 3 4 2 3 4 1 3 1 1 1 3 3 2 4 2 2 0 0 0 2 2 1 2 1 3 3 3 3 3 3 2 1 3 3 2 2 1 1 3 3 2 3 3 3 1 1 3 3 4 1 2 2 3 3 3 3 3 1 1 3 3 2 3 1 4 1 3 1 3 3 3 1 2 3 4 3 3 3 4 3
6 0.003956 1 4 1 3 1 1 4 2 3 4 1 3 1 1 1 3 3 2 4 2 2 0 0 0 2 2 1 2 1 3 3 3 3 3 3 2 1 3 3 2 2 1 1 3 3 2 3 3 3 1 1 3 3 4 1 2 2 3 3 3 3 3 1 1 3 3 2 3 1 4 1 3 1 3 3 3 1 2 3 4 3 3 3 4 3
6 0.003956 1 4 1 3 1 3 4 2 3 4 1 3 1 1 1 3 3 2 4 2 2 0 0 0 2 2 1 2 1 3 3 3 3 3 3 2 1 3 3 2 2 1 1 1 3 2 3 3 3 1 1 3 3 4 1 2 2 3 3 3 3 3 1 1 3 3 2 3 1 4 1 3 1 3 3 3 1 2 3 4 3 3 3 4 3
6 0.003956 1 4 1 3 1 3 4 2 3 4 1 3 1 1 1 3 3 2 4 2 2 0 0 0 2 2 1 2 3 3 3 3 3 3 3 2 1 3 3 2 2 1 1 3 3 2 3 3 3 1 1 3 3 4 1 2 2 3 3 3 3 3 1 1 3 3 2 3 1 4 1 3 1 3 3 3 1 2 3 4 3 3 3 4 3
6 0.003956 1 4 1 3 1 3 4 2 0 0 0 0 0 0 2 4 0 0 0 2 2 0 0 0 2 2 1 2 1 3 3 3 3 3 3 2 1 3 3 2 2 1 1 3 3 2 3 3 3 1 1 3 3 4 1 2 2 3 3 3 3 3 1 1 3 3 2 3 1 2 1 3 1 3 3 3 1 2 3 4 3 3 3 4 3
6 0.003956 2 4 1 3 1 3 4 2 3 4 1 3 1 1 1 3 3 2 4 2 2 0 0 0 2 2 1 2 1 3 3 3 3 3 3 2 1 3 3 2 2 1 1 3 3 2 3 3 3 1 1 3 3 4 1 1 2 1 3 3 3 3 1 1 3 3 2 3 1 4 1 3 1 3 3 3 1 1 3 4 3 3 3 4 3
6 0.003956 1 4 1 3 1 3 4 2 3 4 1 3 1 1 1 3 3 2 4 2 2 0 0 0 2 2 1 2 1 3 3 3 3 3 3 2 1 3 3 2 2 1 1 3 3 2 3 3 3 1 0 3 3 4 1 2 2 3 3 1 3 3 3 1 3 3 2 3 1 4 1 3 1 3 3 3 1 2 3 4 3 3 3 4 3
7 0.082335 1 4 1 3 1 3 4 2 3 4 1 3 1 1 1 3 3 2 4 2 2 0 0 0 2 2 1 4 1 3 3 3 3 3 3 2 1 3 3 2 2 1 1 3 3 2 3 3 3 1 1 3 3 4 1 2 2 3 3 3 3 3 1 1 3 3 2 3 1 4 1 3 1 3 3 3 1 2 3 4 3 3 3 4 3
7 0.082335 1 4 1 3 1 3 4 2 3 4 1 3 1 1 1 3 3 2 4 2 2 0 0 0 2 2 1 2 1 3 3 3 3 3 3 2 1 3 3 2 2 1 1 3 3 2 3 3 3 1 1 3 3 4 1 2 2 3 3 3 3 3 1 1 3 3 2 3 1 4 1 3 1 3 3 3 1 2 3 4 3 3 3 4 1
7 0.082335 1 4 1 3 1 3 4 2 3 4 1 3 1 1 1 3 3 2 4 2 2 0 0 0 2 2 1 2 1 3 3 3 3 1 3 2 1 3 3 2 2 1 1 3 3 2 3 3 3 1 1 3 3 4 1 2 2 3 3 3 3 3 1 1 3 3 2 3 1 4 1 3 1 3 3 3 1 2 3 4 3 3 3 4 3
7 0.082335 1 4 1 3 1 3 4 2 3 4 1 3 1 1 1 3 3 2 4 2 2 0 0 0 2 2 1 2 1 3 3 3 3 3 3 2 1 3 3 2 2 1 1 3 3 2 3 3 3 3 1 3 3 4 1 2 2 3 3 3 3 3 1 1 3 3 2 3 1 4 1 3 1 3 3 3 1 2 3 4 3 3 3 4 3
7 0.005895 1 4 1 3 1 3 4 2 3 4 1 3 1 1 1 3 3 2 4 2 2 0 0 0 2 2 1 2 1 3 3 1 3 3 3 2 4 3 0 0 0 3 2 3 3 4 3 3 3 1 1 3 3 4 1 2 2 3 1 3 3 3 1 1 3 3 2 3 1 4 1 3 1 3 3 3 1 2 3 4 3 3 3 4 3
7 0.005895 1 4 1 3 1 3 4 2 3 4 1 3 1 1 1 3 3 2 4 2 2 0 0 0 2 2 1 2 1 1 3 3 3 3 3 2 1 3 3 2 2 1 1 3 3 2 3 3 3 1 1 3 1 4 1 2 2 3 3 3 3 3 1 1 3 3 2 3 1 4 1 3 1 3 3 3 1 2 3 4 3 3 3 4 3
7 0.623502 1 4 1 3 1 3 4 2 3 4 1 3 1 1 1 3 3 2 4 2 2 0 0 0 2 2 1 2 1 3 3 3 3 3 3 2 1 3 3 2 2 1 1 3 3 2 3 3 3 1 1 3 3 4 1 2 2 3 3 3 3 3 1 1 3 3 2 3 1 4 1 3 1 3 3 3 1 2 3 4 3 3 3 4 3
7 0.005895 1 4 1 3 1 1 4 2 3 4 1 3 1 1 1 3 3 2 4 2 2 0 0 0 2 2 1 2 1 3 3 3 3 3 3 2 1 3 3 2 2 1 1 3 3 2 3 3 3 1 1 3 3 4 1 2 2 3 3 3 3 3 1 1 3 3 2 3 1 4 1 3 1 3 3 3 1 2 3 4 3 3 3 4 3
7 0.005895 1 4 1 3 1 3 4 2 3 4 1 3 1 1 1 3 3 2 4 2 2 0 0 0 2 2 1 2 1 3 3 3 3 3 3 2 1 3 3 2 2 1 1 1 3 2 3 3 3 1 1 3 3 4 1 2 2 3 3 3 3 3 1 1 3 3 2 3 1 4 1 3 1 3 3 3 1 2 3 4 3 3 3 4 3
7 0.005895 1 4 1 3 1 3 4 2 3 4 1 3 1 1 1 3 3 2 4 2 2 0 0 0 2 2 1 2 3 3 3 3 3 3 3 2 1 3 3 2 2 1 1 3 3 2 3 3 3 1 1 3 3 4 1 2 2 3 3 3 3 3 1 1 3 3 2 3 1 4 1 3 1 3 3 3 1 2 3 4 3 3 3 4 3
7 0.005895 1 4 1 3 1 3 4 2 0 0 0 0 0 0 2 4 0 0 0 2 2 0 0 0 2 2 1 2 1 3 3 3 3 3 3 2 1 3 3 2 2 1 1 3 3 2 3 3 3 1 1 3 3 4 1 2 2 3 3 3 3 3 1 1 3 3 2 3 1 2 1 3 1 3 3 3 1 2 3 4 3 3 3 4 3
7 0.005895 2 4 1 3 1 3 4 2 3 4 1 3 1 1 1 3 3 2 4 2 2 0 0 0 2 2 1 2 1 3 3 3 3 3 3 2 1 3 3 2 2 1 1 3 3 2 3 3 3 1 1 3 3 4 1 1 2 1 3 3 3 3 1 1 3 3 2 3 1 4 1 3 1 3 3 3 1 1 3 4 3 3 3 4 3
7 0.005895 1 4 1 3 1 3 4 2 3 4 1 3 1 1 1 3 3 2 4 2 2 0 0 0 2 2 1 2 1 3 3 3 3 3 3 2 1 3 3 2 2 1 1 3 3 2 3 3 3 1 0 3 3 4 1 2 2 3 3 1 3 3 3 1 3 3 2 3 1 4 1 3 1 3 3 3 1 2 3 4 3 3 3 4 3
8 0.078455 1 4 1 3 1 3 4 2 3 4 1 3 1 1 1 3 3 2 4 2 2 0 0 0 2 2 1 4 1 3 3 3 3 3 3 2 1 3 3 2 2 1 1 3 3 2 3 3 3 1 1 3 3 4 1 2 2 3 3 3 3 3 1 1 3 3 2 3 1 4 1 3 1 3 3 3 1 2 3 4 3 3 3 4 3
8 0.078455 1 4 1 3 1 3 4 2 3 4 1 3 1 1 1 3 3 2 4 2 2 0 0 0 2 2 1 2 1 3 3 3 3 3 3 2 1 3 3 2 2 1 1 3 3 2 3 3 3 1 1 3 3 4 1 2 2 3 3 3 3 3 1 1 3 3 2 3 1 4 1 3 1 3 3 3 1 2 3 4 3 3 3 4 1
8 0.078455 1 4 1 3 1 3 4 2 3 4 1 3 1 1 1 3 3 2 4 2 2 0 0 0 2 2 1 2 1 3 3 3 3 1 3 2 1 3 3 2 2 1 1 3 3 2 3 3 3 1 1 3 3 4 1 2 2 3 3 3 3 3 1 1 3 3 2 3 1 4 1 3 1 3 3 3 1 2 3 4 3 3 3 4 3
8 0.078455 1 4 1 3 1 3 4 2 3 4 1 3 1 1 1 3 3 2 4 2 2 0 0 0 2 2 1 2 1 3 3 3 3 3 3 2 1 3 3 2 2 1 1 3 3 2 3 3 3 3 1 3 3 4 1 2 2 3 3 3 3 3 1 1 3 3 2 3 1 4 1 3 1 3 3 3 1 2 3 4 3 3 3 4 3
8 0.008562 1 4 1 3 1 3 4 2 3 4 1 3 1 1 1 3 3 2 4 2 2 0 0 0 2 2 1 2 1 3 3 1 3 3 3 2 4 3 0 0 0 3 2 3 3 4 3 3 3 1 1 3 3 4 1 2 2 3 1 3 3 3 1 1 3 3 2 3 1 4 1 3 1 3 3 3 1 2 3 4 3 3 3 4 3
8 0.008562 1 4 1 3 1 3 4 2 3 4 1 3 1 1 1 3 3 2 4 2 2 0 0 0 2 2 1 2 1 1 3 3 3 3 3 2 1 3 3 2 2 1 1 3 3 2 3 3 3 1 1 3 1 4 1 2 2 3 3 3 3 3 1 1 3 3 2 3 1 4 1 3 1 3 3 3 1 2 3 4 3 3 3 4 3
8 0.617683 1 4 1 3 1 3 4 2 3 4 1 3 1 1 1 3 3 2 4 2 2 0 0 0 2 2 1 2 1 3 3 3 3 3 3 2 1 3 3 2 2 1 1 3 3 2 3 3 3 1 1 3 3 4 1 2 2 3 3 3 3 3 1 1 3 3 2 3 1 4 1 3 1 3 3 3 1 2 3 4 3 3 3 4 3
8 0.008562 1 4 1 3 1 1 4 2 3 4 1 3 1 1 1 3 3 2 4 2 2 0 0 0 2 2 1 2 1 3 3 3 3 3 3 2 1 3 3 2 2 1 1 3 3 2 3 3 3 1 1 3 3 4 1 2 2 3 3 3 3 3 1 1 3 3 2 3 1 4 1 3 1 3 3 3 1 2 3 4 3 3 3 4 3
8 0.008562 1 4 1 3 1 3 4 2 3 4 1 3 1 1 1 3 3 2 4 2 2 0 0 0 2 2 1 2 1 3 3 3 3 3 3 2 1 3 3 2 2 1 1 1 3 2 3 3 3 1 1 3 3 4 1 2 2 3 3 3 3 3 1 1 3 3 2 3 1 4 1 3 1 3 3 3 1 2 3 4 3 3 3 4 3
8 0.008562 1 4 1 3 1 3 4 2 3 4 1 3 1 1 1 3 3 2 4 2 2 0 0 0 2 2 1 2 3 3 3 3 3 3 3 2 1 3 3 2 2 1 1 3 3 2 3 3 3 1 1 3 3 4 1 2 2 3 3 3 3 3 1 1 3 3 2 3 1 4 1 3 1 3 3 3 1 2 3 4 3 3 3 4 3
8 0.008562 1 4 1 3 1 3 4 2 0 0 0 0 0 0 2 4 0 0 0 2 2 0 0 0 2 2 1 2 1 3 3 3 3 3 3 2 1 3 3 2 2 1 1 3 3 2 3 3 3 1 1 3 3 4 1 2 2 3 3 3 3 3 1 1 3 3 2 3 1 2 1 3 1 3 3 3 1 2 3 4 3 3 3 4 3
8 0.008562 2 4 1 3 1 3 4 2 3 4 1 3 1 1 1 3 3 2 4 2 2 0 0 0 2 2 1 2 1 3 3 3 3 3 3 2 1 3 3 2 2 1 1 3 3 2 3 3 3 1 1 3 3 4 1 1 2 1 3 3 3 3 1 1 3 3 2 3 1 4 1 3 1 3 3 3 1 1 3 4 3 3 3 4 3
8 0.008562 1 4 1 3 1 3 4 2 3 4 1 3 1 1 1 3 3 2 4 2 2 0 0 0 2 2 1 2 1 3 3 3 3 3 3 2 1 3 3 2 2 1 1 3 3 2 3 3 3 1 0 3 3 4 1 2 2 3 3 1 3 3 3 1 3 3 2 3 1 4 1 3 1 3 3 3 1 2 3 4 3 3 3 4 3
9 0.073299 1 4 1 3 1 3 4 2 3 4 1 3 1 1 1 3 3 2 4 2 2 0 0 0 2 2 1 4 1 3 3 3 3 3 3 2 1 3 3 2 2 1 1 3 3 2 3 3 3 1 1 3 3 4 1 2 2 3 3 3 3 3 1 1 3 3 2 3 1 4 1 3 1 3 3 3 1 2 3 4 3 3 3 4 3
9 0.073299 1 4 1 3 1 3 4 2 3 4 1 3 1 1 1 3 3 2 4 2 2 0 0 0 2 2 1 2 1 3 3 3 3 3 3 2 1 3 3 2 2 1 1 3 3 2 3 3 3 1 1 3 3 4 1 2 2 3 3 3 3 3 1 1 3 3 2 3 1 4 1 3 1 3 3 3 1 2 3 4 3 3 3 4 1
9 0.073299 1 4 1 3 1 3 4 2 3 4 1 3 1 1 1 3 3 2 4 2 2 0 0 0 2 2 1 2 1 3 3 3 3 1 3 2 1 3 3 2 2 1 1 3 3 2 3 3 3 1 1 3 3 4 1 2 2 3 3 3 3 3 1 1 3 3 2 3 1 4 1 3 1 3 3 3 1 2 3 4 3 3 3 4 3
9 0.073299 1 4 1 3 1 3 4 2 3 4 1 3 1 1 1 3 3 2 4 2 2 0 0 0 2 2 1 2 1 3 3 3 3 3 3 2 1 3 3 2 2 1 1 3 3 2 3 3 3 3 1 3 3 4 1 2 2 3 3 3 3 3 1 1 3 3 2 3 1 4 1 3 1 3 3 3 1 2 3 4 3 3 3 4 3
9 0.012107 1 4 1 3 1 3 4 2 3 4 1 3 1 1 1 3 3 2 4 2 2 0 0 0 2 2 1 2 1 3 3 1 3 3 3 2 4 3 0 0 0 3 2 3 3 4 3 3 3 1 1 3 3 4 1 2 2 3 1 3 3 3 1 1 3 3 2 3 1 4 1 3 1 3 3 3 1 2 3 4 3 3 3 4 3
9 0.012107 1 4 1 3 1 3 4 2 3 4 1 3 1 1 1 3 3 2 4 2 2 0 0 0 2 2 1 2 1 1 3 3 3 3 3 2 1 3 3 2 2 1 1 3 3 2 3 3 3 1 1 3 1 4 1 2 2 3 3 3 3 3 1 1 3 3 2 3 1 4 1 3 1 3 3 3 1 2 3 4 3 3 3 4 3
9 0.609948 1 4 1 3 1 3 4 2 3 4 1 3 1 1 1 3 3 2 4 2 2 0 0 0 2 2 1 2 1 3 3 3 3 3 3 2 1 3 3 2 2 1 1 3 3 2 3 3 3 1 1 3 3 4 1 2 2 3 3 3 3 3 1 1 3 3 2 3 1 4 1 3 1 3 3 3 1 2 3 4 3 3 3 4 3
9 0.012107 1 4 1 3 1 1 4 2 3 4 1 3 1 1 1 3 3 2 4 2 2 0 0 0 2 2 1 2 1 3 3 3 3 3 3 2 1 3 3 2 2 1 1 3 3 2 3 3 3 1 1 3 3 4 1 2 2 3 3 3 3 3 1 1 3 3 2 3 1 4 1 3 1 3 3 3 1 2 3 4 3 3 3 4 3
9 0.012107 1 4 1 3 1 3 4 2 3 4 1 3 1 1 1 3 3 2 4 2 2 0 0 0 2 2 1 2 1 3 3 3 3 3 3 2 1 3 3 2 2 1 1 1 3 2 3 3 3 1 1 3 3 4 1 2 2 3 3 3 3 3 1 1 3 3 2 3 1 4 1 3 1 3 3 3 1 2 3 4 3 3 3 4 3
9 0.012107 1 4 1 3 1 3 4 2 3 4 1 3 1 1 1 3 3 2 4 2 2 0 0 0 2 2 1 2 3 3 3 3 3 3 3 2 1 3 3 2 2 1 1 3 3 2 3 3 3 1 1 3 3 4 1 2 2 3 3 3 3 3 1 1 3 3 2 3 1 4 1 3 1 3 3 3 1 2 3 4 3 3 3 4 3
9 0.012107 1 4 1 3 1 3 4 2 0 0 0 0 0 0 2 4 0 0 0 2 2 0 0 0 2 2 1 2 1 3 3 3 3 3 3 2 1 3 3 2 2 1 1 3 3 2 3 3 3 1 1 3 3 4 1 2 2 3 3 3 3 3 1 1 3 3 2 3 1 2 1 3 1 3 3 3 1 2 3 4 3 3 3 4 3
9 0.012107 2 4 1 3 1 3 4 2 3 4 1 3 1 1 1 3 3 2 4 2 2 0 0 0 2 2 1 2 1 3 3 3 3 3 3 2 1 3 3 2 2 1 1 3 3 2 3 3 3 1 1 3 3 4 1 1 2 1 3 3 3 3 1 1 3 3 2 3 1 4 1 3 1 3 3 3 1 1 3 4 3 3 3 4 3
9 0.012107 1 4 1 3 1 3 4 2 3 4 1 3 1 1 1 3 3 2 4 2 2 0 0 0 2 2 1 2 1 3 3 3 3 3 3 2 1 3 3 2 2 1 1 3 3 2 3 3 3 1 0 3 3 4 1 2 2 3 3 1 3 3 3 1 3 3 2 3 1 4 1 3 1 3 3 3 1 2 3 4 3 3 3 4 3
10 0.066745 1 4 1 3 1 3 4 2 3 4 1 3 1 1 1 3 3 2 4 2 2 0 0 0 2 2 1 4 1 3 3 3 3 3 3 2 1 3 3 2 2 1 1 3 3 2 3 3 3 1 1 3 3 4 1 2 2 3 3 3 3 3 1 1 3 3 2 3 1 4 1 3 1 3 3 3 1 2 3 4 3 3 3 4 3
10 0.066745 1 4 1 3 1 3 4 2 3 4 1 3 1 1 1 3 3 2 4 2 2 0 0 0 2 2 1 2 1 3 3 3 3 3 3 2 1 3 3 2 2 1 1 3 3 2 3 3 3 1 1 3 3 4 1 2 2 3 3 3 3 3 1 1 3 3 2 3 1 4 1 3 1 3 3 3 1 2 3 4 3 3 3 4 1
10 0.066745 1 4 1 3 1 3 4 2 3 4 1 3 1 1 1 3 3 2 4 2 2 0 0 0 2 2 1 2 1 3 3 3 3 1 3 2 1 3 3 2 2 1 1 3 3 2 3 3 3 1 1 3 3 4 1 2 2 3 3 3 3 3 1 1 3 3 2 3 1 4 1 3 1 3 3 3 1 2 3 4 3 3 3 4 3
10 0.066745 1 4 1 3 1 3 4 2 3 4 1 3 1 1 1 3 3 2 4 2 2 0 0 0 2 2 1 2 1 3 3 3 3 3 3 2 1 3 3 2 2 1 1 3 3 2 3 3 3 3 1 3 3 4 1 2 2 3 3 3 3 3 1 1 3 3 2 3 1 4 1 3 1 3 3 3 1 2 3 4 3 3 3 4 3
10 0.016613 1 4 1 3 1 3 4 2 3 4 1 3 1 1 1 3 3 2 4 2 2 0 0 0 2 2 1 2 1 3 3 1 3 3 3 2 4 3 0 0 0 3 2 3 3 4 3 3 3 1 1 3 3 4 1 2 2 3 1 3 3 3 1 1 3 3 2 3 1 4 1 3 1 3 3 3 1 2 3 4 3 3 3 4 3
10 0.016613 1 4 1 3 1 3 4 2 3 4 1 3 1 1 1 3 3 2 4 2 2 0 0 0 2 2 1 2 1 1 3 3 3 3 3 2 1 3 3 2 2 1 1 3 3 2 3 3 3 1 1 3 1 4 1 2 2 3 3 3 3 3 1 1 3 3 2 3 1 4 1 3 1 3 3 3 1 2 3 4 3 3 3 4 3
10 0.600117 1 4 1 3 1 3 4 2 3 4 1 3 1 1 1 3 3 2 4 2 2 0 0 0 2 2 1 2 1 3 3 3 3 3 3 2 1 3 3 2 2 1 1 3 3 2 3 3 3 1 1 3 3 4 1 2 2 3 3 3 3 3 1 1 3 3 2 3 1 4 1 3 1 3 3 3 1 2 3 4 3 3 3 4 3
10 0.016613 1 4 1 3 1 1 4 2 3 4 1 3 1 1 1 3 3 2 4 2 2 0 0 0 2 2 1 2 1 3 3 3 3 3 3 2 1 3 3 2 2 1 1 3 3 2 3 3 3 1 1 3 3 4 1 2 2 3 3 3 3 3 1 1 3 3 2 3 1 4 1 3 1 3 3 3 1 2 3 4 3 3 3 4 3
10 0.016613 1 4 1 3 1 3 4 2 3 4 1 3 1 1 1 3 3 2 4 2 2 0 0 0 2 2 1 2 1 3 3 3 3 3 3 2 1 3 3 2 2 1 1 1 3 2 3 3 3 1 1 3 3 4 1 2 2 3 3 3 3 3 1 1 3 3 2 3 1 4 1 3 1 3 3 3 1 2 3 4 3 3 3 4 3
10 0.016613 1 4 1 3 1 3 4 2 3 4 1 3 1 1 1 3 3 2 4 2 2 0 0 0 2 2 1 2 3 3 3 3 3 3 3 2 1 3 3 2 2 1 1 3 3 2 3 3 3 1 1 3 3 4 1 2 2 3 3 3 3 3 1 1 3 3 2 3 1 4 1 3 1 3 3 3 1 2 3 4 3 3 3 4 3
10 0.016613 1 4 1 3 1 3 4 2 0 0 0 0 0 0 2 4 0 0 0 2 2 0 0 0 2 2 1 2 1 3 3 3 3 3 3 2 1 3 3 2 2 1 1 3 3 2 3 3 3 1 1 3 3 4 1 2 2 3 3 3 3 3 1 1 3 3 2 3 1 2 1 3 1 3 3 3 1 2 3 4 3 3 3 4 3
10 0.016613 2 4 1 3 1 3 4 2 3 4 1 3 1 1 1 3 3 2 4 2 2 0 0 0 2 2 1 2 1 3 3 3 3 3 3 2 1 3 3 2 2 1 1 3 3 2 3 3 3 1 1 3 3 4 1 1 2 1 3 3 3 3 1 1 3 3 2 3 1 4 1 3 1 3 3 3 1 1 3 4 3 3 3 4 3
10 0.016613 1 4 1 3 1 3 4 2 3 4 1 3 1 1 1 3 3 2 4 2 2 0 0 0 2 2 1 2 1 3 3 3 3 3 3 2 1 3 3 2 2 1 1 3 3 2 3 3 3 1 0 3 3 4 1 2 2 3 3 1 3 3 3 1 3 3 2 3 1 4 1 3 1 3 3 3 1 2 3 4 3 3 3 4 3
11 0.058876 1 4 1 3 1 3 4 2 3 4 1 3 1 1 1 3 3 2 4 2 2 0 0 0 2 2 1 4 1 3 3 3 3 3 3 2 1 3 3 2 2 1 1 3 3 2 3 3 3 1 1 3 3 4 1 2 2 3 3 3 3 3 1 1 3 3 2 3 1 4 1 3 1 3 3 3 1 2 3 4 3 3 3 4 3
11 0.058876 1 4 1 3 1 3 4 2 3 4 1 3 1 1 1 3 3 2 4 2 2 0 0 0 2 2 1 2 1 3 3 3 3 3 3 2 1 3 3 2 2 1 1 3 3 2 3 3 3 1 1 3 3 4 1 2 2 3 3 3 3 3 1 1 3 3 2 3 1 4 1 3 1 3 3 3 1 2 3 4 3 3 3 4 1
11 0.058876 1 4 1 3 1 3 4 2 3 4 1 3 1 1 1 3 3 2 4 2 2 0 0 0 2 2 1 2 1 3 3 3 3 1 3 2 1 3 3 2 2 1 1 3 3 2 3 3 3 1 1 3 3 4 1 2 2 3 3 3 3 3 1 1 3 3 2 3 1 4 1 3 1 3 3 3 1 2 3 4 3 3 3 4 3
11 0.058876 1 4 1 3 1 3 4 2 3 4 1 3 1 1 1 3 3 2 4 2 2 0 0 0 2 2 1 2 1 3 3 3 3 3 3 2 1 3 3 2 2 1 1 3 3 2 3 3 3 3 1 3 3 4 1 2 2 3 3 3 3 3 1 1 3 3 2 3 1 4 1 3 1 3 3 3 1 2 3 4 3 3 3 4 3
11 0.022023 1 4 1 3 1 3 4 2 3 4 1 3 1 1 1 3 3 2 4 2 2 0 0 0 2 2 1 2 1 3 3 1 3 3 3 2 4 3 0 0 0 3 2 3 3 4 3 3 3 1 1 3 3 4 1 2 2 3 1 3 3 3 1 1 3 3 2 3 1 4 1 3 1 3 3 3 1 2 3 4 3 3 3 4 3
11 0.022023 1 4 1 3 1 3 4 2 3 4 1 3 1 1 1 3 3 2 4 2 2 0 0 0 2 2 1 2 1 1 3 3 3 3 3 2 1 3 3 2 2 1 1 3 3 2 3 3 3 1 1 3 1 4 1 2 2 3 3 3 3 3 1 1 3 3 2 3 1 4 1 3 1 3 3 3 1 2 3 4 3 3 3 4 3
11 0.588314 1 4 1 3 1 3 4 2 3 4 1 3 1 1 1 3 3 2 4 2 2 0 0 0 2 2 1 2 1 3 3 3 3 3 3 2 1 3 3 2 2 1 1 3 3 2 3 3 3 1 1 3 3 4 1 2 2 3 3 3 3 3 1 1 3 3 2 3 1 4 1 3 1 3 3 3 1 2 3 4 3 3 3 4 3
11 0.022023 1 4 1 3 1 1 4 2 3 4 1 3 1 1 1 3 3 2 4 2 2 0 0 0 2 2 1 2 1 3 3 3 3 3 3 2 1 3 3 2 2 1 1 3 3 2 3 3 3 1 1 3 3 4 1 2 2 3 3 3 3 3 1 1 3 3 2 3 1 4 1 3 1 3 3 3 1 2 3 4 3 3 3 4 3
11 0.022023 1 4 1 3 1 3 4 2 3 4 1 3 1 1 1 3 3 2 4 2 2 0 0 0 2 2 1 2 1 3 3 3 3 3 3 2 1 3 3 2 2 1 1 1 3 2 3 3 3 1 1 3 3 4 1 2 2 3 3 3 3 3 1 1 3 3 2 3 1 4 1 3 1 3 3 3 1 2 3 4 3 3 3 4 3
11 0.022023 1 4 1 3 1 3 4 2 3 4 1 3 1 1 1 3 3 2 4 2 2 0 0 0 2 2 1 2 3 3 3 3 3 3 3 2 1 3 3 2 2 1 1 3 3 2 3 3 3 1 1 3 3 4 1 2 2 3 3 3 3 3 1 1 3 3 2 3 1 4 1 3 1 3 3 3 1 2 3 4 3 3 3 4 3
11 0.022023 1 4 1 3 1 3 4 2 0 0 0 0 0 0 2 4 0 0 0 2 2 0 0 0 2 2 1 2 1 3 3 3 3 3 3 2 1 3 3 2 2 1 1 3 3 2 3 3 3 1 1 3 3 4 1 2 2 3 3 3 3 3 1 1 3 3 2 3 1 2 1 3 1 3 3 3 1 2 3 4 3 3 3 4 3
11 0.022023 2 4 1 3 1 3 4 2 3 4 1 3 1 1 1 3 3 2 4 2 2 0 0 0 2 2 1 2 1 3 3 3 3 3 3 2 1 3 3 2 2 1 1 3 3 2 3 3 3 1 1 3 3 4 1 1 2 1 3 3 3 3 1 1 3 3 2 3 1 4 1 3 1 3 3 3 1 1 3 4 3 3 3 4 3
11 0.022023 1 4 1 3 1 3 4 2 3 4 1 3 1 1 1 3 3 2 4 2 2 0 0 0 2 2 1 2 1 3 3 3 3 3 3 2 1 3 3 2 2 1 1 3 3 2 3 3 3 1 0 3 3 4 1 2 2 3 3 1 3 3 3 1 3 3 2 3 1 4 1 3 1 3 3 3 1 2 3 4 3 3 3 4 3
12 0.050046 1 4 1 3 1 3 4 2 3 4 1 3 1 1 1 3 3 2 4 2 2 0 0 0 2 2 1 4 1 3 3 3 3 3 3 2 1 3 3 2 2 1 1 3 3 2 3 3 3 1 1 3 3 4 1 2 2 3 3 3 3 3 1 1 3 3 2 3 1 4 1 3 1 3 3 3 1 2 3 4 3 3 3 4 3
12 0.050046 1 4 1 3 1 3 4 2 3 4 1 3 1 1 1 3 3 2 4 2 2 0 0 0 2 2 1 2 1 3 3 3 3 3 3 2 1 3 3 2 2 1 1 3 3 2 3 3 3 1 1 3 3 4 1 2 2 3 3 3 3 3 1 1 3 3 2 3 1 4 1 3 1 3 3 3 1 2 3 4 3 3 3 4 1
12 0.050046 1 4 1 3 1 3 4 2 3 4 1 3 1 1 1 3 3 2 4 2 2 0 0 0 2 2 1 2 1 3 3 3 3 1 3 2 1 3 3 2 2 1 1 3 3 2 3 3 3 1 1 3 3 4 1 2 2 3 3 3 3 3 1 1 3 3 2 3 1 4 1 3 1 3 3 3 1 2 3 4 3 3 3 4 3
12 0.050046 1 4 1 3 1 3 4 2 3 4 1 3 1 1 1 3 3 2 4 2 2 0 0 0 2 2 1 2 1 3 3 3 3 3 3 2 1 3 3 2 2 1 1 3 3 2 3 3 3 3 1 3 3 4 1 2 2 3 3 3 3 3 1 1 3 3 2 3 1 4 1 3 1 3 3 3 1 2 3 4 3 3 3 4 3
12 0.028093 1 4 1 3 1 3 4 2 3 4 1 3 1 1 1 3 3 2 4 2 2 0 0 0 2 2 1 2 1 3 3 1 3 3 3 2 4 3 0 0 0 3 2 3 3 4 3 3 3 1 1 3 3 4 1 2 2 3 1 3 3 3 1 1 3 3 2 3 1 4 1 3 1 3 3 3 1 2 3 4 3 3 3 4 3
12 0.028093 1 4 1 3 1 3 4 2 3 4 1 3 1 1 1 3 3 2 4 2 2 0 0 0 2 2 1 2 1 1 3 3 3 3 3 2 1 3 3 2 2 1 1 3 3 2 3 3 3 1 1 3 1 4 1 2 2 3 3 3 3 3 1 1 3 3 2 3 1 4 1 3 1 3 3 3 1 2 3 4 3 3 3 4 3
12 0.575070 1 4 1 3 1 3 4 2 3 4 1 3 1 1 1 3 3 2 4 2 2 0 0 0 2 2 1 2 1 3 3 3 3 3 3 2 1 3 3 2 2 1 1 3 3 2 3 3 3 1 1 3 3 4 1 2 2 3 3 3 3 3 1 1 3 3 2 3 1 4 1 3 1 3 3 3 1 2 3 4 3 3 3 4 3
12 0.028093 1 4 1 3 1 1 4 2 3 4 1 3 1 1 1 3 3 2 4 2 2 0 0 0 2 2 1 2 1 3 3 3 3 3 3 2 1 3 3 2 2 1 1 3 3 2 3 3 3 1 1 3 3 4 1 2 2 3 3 3 3 3 1 1 3 3 2 3 1 4 1 3 1 3 3 3 1 2 3 4 3 3 3 4 3
12 0.028093 1 4 1 3 1 3 4 2 3 4 1 3 1 1 1 3 3 2 4 2 2 0 0 0 2 2 1 2 1 3 3 3 3 3 3 2 1 3 3 2 2 1 1 1 3 2 3 3 3 1 1 3 3 4 1 2 2 3 3 3 3 3 1 1 3 3 2 3 1 4 1 3 1 3 3 3 1 2 3 4 3 3 3 4 3
12 0.028093 1 4 1 3 1 3 4 2 3 4 1 3 1 1 1 3 3 2 4 2 2 0 0 0 2 2 1 2 3 3 3 3 3 3 3 2 1 3 3 2 2 1 1 3 3 2 3 3 3 1 1 3 3 4 1 2 2 3 3 3 3 3 1 1 3 3 2 3 1 4 1 3 1 3 3 3 1 2 3 4 3 3 3 4 3
12 0.028093 1 4 1 3 1 3 4 2 0 0 0 0 0 0 2 4 0 0 0 2 2 0 0 0 2 2 1 2 1 3 3 3 3 3 3 2 1 3 3 2 2 1 1 3 3 2 3 3 3 1 1 3 3 4 1 2 2 3 3 3 3 3 1 1 3 3 2 3 1 2 1 3 1 3 3 3 1 2 3 4 3 3 3 4 3
12 0.028093 2 4 1 3 1 3 4 2 3 4 1 3 1 1 1 3 3 2 4 2 2 0 0 0 2 2 1 2 1 3 3 3 3 3 3 2 1 3 3 2 2 1 1 3 3 2 3 3 3 1 1 3 3 4 1 1 2 1 3 3 3 3 1 1 3 3 2 3 1 4 1 3 1 3 3 3 1 1 3 4 3 3 3 4 3
12 0.028093 1 4 1 3 1 3 4 2 3 4 1 3 1 1 1 3 3 2 4 2 2 0 0 0 2 2 1 2 1 3 3 3 3 3 3 2 1 3 3 2 2 1 1 3 3 2 3 3 3 1 0 3 3 4 1 2 2 3 3 1 3 3 3 1 3 3 2 3 1 4 1 3 1 3 3 3 1 2 3 4 3 3 3 4 3
13 0.040863 1 4 1 3 1 3 4 2 3 4 1 3 1 1 1 3 3 2 4 2 2 0 0 0 2 2 1 4 1 3 3 3 3 3 3 2 1 3 3 2 2 1 1 3 3 2 3 3 3 1 1 3 3 4 1 2 2 3 3 3 3 3 1 1 3 3 2 3 1 4 1 3 1 3 3 3 1 2 3 4 3 3 3 4 3
13 0.040863 1 4 1 3 1 3 4 2 3 4 1 3 1 1 1 3 3 2 4 2 2 0 0 0 2 2 1 2 1 3 3 3 3 3 3 2 1 3 3 2 2 1 1 3 3 2 3 3 3 1 1 3 3 4 1 2 2 3 3 3 3 3 1 1 3 3 2 3 1 4 1 3 1 3 3 3 1 2 3 4 3 3 3 4 1
13 0.040863 1 4 1 3 1 3 4 2 3 4 1 3 1 1 1 3 3 2 4 2 2 0 0 0 2 2 1 2 1 3 3 3 3 1 3 2 1 3 3 2 2 1 1 3 3 2 3 3 3 1 1 3 3 4 1 2 2 3 3 3 3 3 1 1 3 3 2 3 1 4 1 3 1 3 3 3 1 2 3 4 3 3 3 4 3
13 0.040863 1 4 1 3 1 3 4 2 3 4 1 3 1 1 1 3 3 2 4 2 2 0 0 0 2 2 1 2 1 3 3 3 3 3 3 2 1 3 3 2 2 1 1 3 3 2 3 3 3 3 1 3 3 4 1 2 2 3 3 3 3 3 1 1 3 3 2 3 1 4 1 3 1 3 3 3 1 2 3 4 3 3 3 4 3
13 0.034407 1 4 1 3 1 3 4 2 3 4 1 3 1 1 1 3 3 2 4 2 2 0 0 0 2 2 1 2 1 3 3 1 3 3 3 2 4 3 0 0 0 3 2 3 3 4 3 3 3 1 1 3 3 4 1 2 2 3 1 3 3 3 1 1 3 3 2 3 1 4 1 3 1 3 3 3 1 2 3 4 3 3 3 4 3
13 0.034407 1 4 1 3 1 3 4 2 3 4 1 3 1 1 1 3 3 2 4 2 2 0 0 0 2 2 1 2 1 1 3 3 3 3 3 2 1 3 3 2 2 1 1 3 3 2 3 3 3 1 1 3 1 4 1 2 2 3 3 3 3 3 1 1 3 3 2 3 1 4 1 3 1 3 3 3 1 2 3 4 3 3 3 4 3
13 0.561294 1 4 1 3 1 3 4 2 3 4 1 3 1 1 1 3 3 2 4 2 2 0 0 0 2 2 1 2 1 3 3 3 3 3 3 2 1 3 3 2 2 1 1 3 3 2 3 3 3 1 1 3 3 4 1 2 2 3 3 3 3 3 1 1 3 3 2 3 1 4 1 3 1 3 3 3 1 2 3 4 3 3 3 4 3
13 0.034407 1 4 1 3 1 1 4 2 3 4 1 3 1 1 1 3 3 2 4 2 2 0 0 0 2 2 1 2 1 3 3 3 3 3 3 2 1 3 3 2 2 1 1 3 3 2 3 3 3 1 1 3 3 4 1 2 2 3 3 3 3 3 1 1 3 3 2 3 1 4 1 3 1 3 3 3 1 2 3 4 3 3 3 4 3
13 0.034407 1 4 1 3 1 3 4 2 3 4 1 3 1 1 1 3 3 2 4 2 2 0 0 0 2 2 1 2 1 3 3 3 3 3 3 2 1 3 3 2 2 1 1 1 3 2 3 3 3 1 1 3 3 4 1 2 2 3 3 3 3 3 1 1 3 3 2 3 1 4 1 3 1 3 3 3 1 2 3 4 3 3 3 4 3
13 0.034407 1 4 1 3 1 3 4 2 3 4 1 3 1 1 1 3 3 2 4 2 2 0 0 0 2 2 1 2 3 3 3 3 3 3 3 2 1 3 3 2 2 1 1 3 3 2 3 3 3 1 1 3 3 4 1 2 2 3 3 3 3 3 1 1 3 3 2 3 1 4 1 3 1 3 3 3 1 2 3 4 3 3 3 4 3
13 0.034407 1 4 1 3 1 3 4 2 0 0 0 0 0 0 2 4 0 0 0 2 2 0 0 0 2 2 1 2 1 3 3 3 3 3 3 2 1 3 3 2 2 1 1 3 3 2 3 3 3 1 1 3 3 4 1 2 2 3 3 3 3 3 1 1 3 3 2 3 1 2 1 3 1 3 3 3 1 2 3 4 3 3 3 4 3
13 0.034407 2 4 1 3 1 3 4 2 3 4 1 3 1 1 1 3 3 2 4 2 2 0 0 0 2 2 1 2 1 3 3 3 3 3 3 2 1 3 3 2 2 1 1 3 3 2 3 3 3 1 1 3 3 4 1 1 2 1 3 3 3 3 1 1 3 3 2 3 1 4 1 3 1 3 3 3 1 1 3 4 3 3 3 4 3
13 0.034407 1 4 1 3 1 3 4 2 3 4 1 3 1 1 1 3 3 2 4 2 2 0 0 0 2 2 1 2 1 3 3 3 3 3 3 2 1 3 3 2 2 1 1 3 3 2 3 3 3 1 0 3 3 4 1 2 2 3 3 1 3 3 3 1 3 3 2 3 1 4 1 3 1 3 3 3 1 2 3 4 3 3 3 4 3
14 0.032033 1 4 1 3 1 3 4 2 3 4 1 3 1 1 1 3 3 2 4 2 2 0 0 0 2 2 1 4 1 3 3 3 3 3 3 2 1 3 3 2 2 1 1 3 3 2 3 3 3 1 1 3 3 4 1 2 2 3 3 3 3 3 1 1 3 3 2 3 1 4 1 3 1 3 3 3 1 2 3 4 3 3 3 4 3
14 0.032033 1 4 1 3 1 3 4 2 3 4 1 3 1 1 1 3 3 2 4 2 2 0 0 0 2 2 1 2 1 3 3 3 3 3 3 2 1 3 3 2 2 1 1 3 3 2 3 3 3 1 1 3 3 4 1 2 2 3 3 3 3 3 1 1 3 3 2 3 1 4 1 3 1 3 3 3 1 2 3 4 3 3 3 4 1
14 0.032033 1 4 1 3 1 3 4 2 3 4 1 3 1 1 1 3 3 2 4 2 2 0 0 0 2 2 1 2 1 3 3 3 3 1 3 2 1 3 3 2 2 1 1 3 3 2 3 3 3 1 1 3 3 4 1 2 2 3 3 3 3 3 1 1 3 3 2 3 1 4 1 3 1 3 3 3 1 2 3 4 3 3 3 4 3
14 0.032033 1 4 1 3 1 3 4 2 3 4 1 3 1 1 1 3 3 2 4 2 2 0 0 0 2 2 1 2 1 3 3 3 3 3 3 2 1 3 3 2 2 1 1 3 3 2 3 3 3 3 1 3 3 4 1 2 2 3 3 3 3 3 1 1 3 3 2 3 1 4 1 3 1 3 3 3 1 2 3 4 3 3 3 4 3
14 0.040477 1 4 1 3 1 3 4 2 3 4 1 3 1 1 1 3 3 2 4 2 2 0 0 0 2 2 1 2 1 3 3 1 3 3 3 2 4 3 0 0 0 3 2 3 3 4 3 3 3 1 1 3 3 4 1 2 2 3 1 3 3 3 1 1 3 3 2 3 1 4 1 3 1 3 3 3 1 2 3 4 3 3 3 4 3
14 0.040477 1 4 1 3 1 3 4 2 3 4 1 3 1 1 1 3 3 2 4 2 2 0 0 0 2 2 1 2 1 1 3 3 3 3 3 2 1 3 3 2 2 1 1 3 3 2 3 3 3 1 1 3 1 4 1 2 2 3 3 3 3 3 1 1 3 3 2 3 1 4 1 3 1 3 3 3 1 2 3 4 3 3 3 4 3
14 0.548050 1 4 1 3 1 3 4 2 3 4 1 3 1 1 1 3 3 2 4 2 2 0 0 0 2 2 1 2 1 3 3 3 3 3 3 2 1 3 3 2 2 1 1 3 3 2 3 3 3 1 1 3 3 4 1 2 2 3 3 3 3 3 1 1 3 3 2 3 1 4 1 3 1 3 3 3 1 2 3 4 3 3 3 4 3
14 0.040477 1 4 1 3 1 1 4 2 3 4 1 3 1 1 1 3 3 2 4 2 2 0 0 0 2 2 1 2 1 3 3 3 3 3 3 2 1 3 3 2 2 1 1 3 3 2 3 3 3 1 1 3 3 4 1 2 2 3 3 3 3 3 1 1 3 3 2 3 1 4 1 3 1 3 3 3 1 2 3 4 3 3 3 4 3
14 0.040477 1 4 1 3 1 3 4 2 3 4 1 3 1 1 1 3 3 2 4 2 2 0 0 0 2 2 1 2 1 3 3 3 3 3 3 2 1 3 3 2 2 1 1 1 3 2 3 3 3 1 1 3 3 4 1 2 2 3 3 3 3 3 1 1 3 3 2 3 1 4 1 3 1 3 3 3 1 2 3 4 3 3 3 4 3
14 0.040477 1 4 1 3 1 3 4 2 3 4 1 3 1 1 1 3 3 2 4 2 2 0 0 0 2 2 1 2 3 3 3 3 3 3 3 2 1 3 3 2 2 1 1 3 3 2 3 3 3 1 1 3 3 4 1 2 2 3 3 3 3 3 1 1 3 3 2 3 1 4 1 3 1 3 3 3 1 2 3 4 3 3 3 4 3
14 0.040477 1 4 1 3 1 3 4 2 0 0 0 0 0 0 2 4 0 0 0 2 2 0 0 0 2 2 1 2 1 3 3 3 3 3 3 2 1 3 3 2 2 1 1 3 3 2 3 3 3 1 1 3 3 4 1 2 2 3 3 3 3 3 1 1 3 3 2 3 1 2 1 3 1 3 3 3 1 2 3 4 3 3 3 4 3
14 0.040477 2 4 1 3 1 3 4 2 3 4 1 3 1 1 1 3 3 2 4 2 2 0 0 0 2 2 1 2 1 3 3 3 3 3 3 2 1 3 3 2 2 1 1 3 3 2 3 3 3 1 1 3 3 4 1 1 2 1 3 3 3 3 1 1 3 3 2 3 1 4 1 3 1 3 3 3 1 1 3 4 3 3 3 4 3
14 0.040477 1 4 1 3 1 3 4 2 3 4 1 3 1 1 1 3 3 2 4 2 2 0 0 0 2 2 1 2 1 3 3 3 3 3 3 2 1 3 3 2 2 1 1 3 3 2 3 3 3 1 0 3 3 4 1 2 2 3 3 1 3 3 3 1 3 3 2 3 1 4 1 3 1 3 3 3 1 2 3 4 3 3 3 4 3
15 0.024164 1 4 1 3 1 3 4 2 3 4 1 3 1 1 1 3 3 2 4 2 2 0 0 0 2 2 1 4 1 3 3 3 3 3 3 2 1 3 3 2 2 1 1 3 3 2 3 3 3 1 1 3 3 4 1 2 2 3 3 3 3 3 1 1 3 3 2 3 1 4 1 3 1 3 3 3 1 2 3 4 3 3 3 4 3
15 0.024164 1 4 1 3 1 3 4 2 3 4 1 3 1 1 1 3 3 2 4 2 2 0 0 0 2 2 1 2 1 3 3 3 3 3 3 2 1 3 3 2 2 1 1 3 3 2 3 3 3 1 1 3 3 4 1 2 2 3 3 3 3 3 1 1 3 3 2 3 1 4 1 3 1 3 3 3 1 2 3 4 3 3 3 4 1
15 0.024164 1 4 1 3 1 3 4 2 3 4 1 3 1 1 1 3 3 2 4 2 2 0 0 0 2 2 1 2 1 3 3 3 3 1 3 2 1 3 3 2 2 1 1 3 3 2 3 3 3 1 1 3 3 4 1 2 2 3 3 3 3 3 1 1 3 3 2 3 1 4 1 3 1 3 3 3 1 2 3 4 3 3 3 4 3
15 0.024164 1 4 1 3 1 3 4 2 3 4 1 3 1 1 1 3 3 2 4 2 2 0 0 0 2 2 1 2 1 3 3 3 3 3 3 2 1 3 3 2 2 1 1 3 3 2 3 3 3 3 1 3 3 4 1 2 2 3 3 3 3 3 1 1 3 3 2 3 1 4 1 3 1 3 3 3 1 2 3 4 3 3 3 4 3
15 0.045887 1 4 1 3 1 3 4 2 3 4 1 3 1 1 1 3 3 2 4 2 2 0 0 0 2 2 1 2 1 3 3 1 3 3 3 2 4 3 0 0 0 3 2 3 3 4 3 3 3 1 1 3 3 4 1 2 2 3 1 3 3 3 1 1 3 3 2 3 1 4 1 3 1 3 3 3 1 2 3 4 3 3 3 4 3
15 0.045887 1 4 1 3 1 3 4 2 3 4 1 3 1 1 1 3 3 2 4 2 2 0 0 0 2 2 1 2 1 1 3 3 3 3 3 2 1 3 3 2 2 1 1 3 3 2 3 3 3 1 1 3 1 4 1 2 2 3 3 3 3 3 1 1 3 3 2 3 1 4 1 3 1 3 3 3 1 2 3 4 3 3 3 4 3
15 0.536246 1 4 1 3 1 3 4 2 3 4 1 3 1 1 1 3 3 2 4 2 2 0 0 0 2 2 1 2 1 3 3 3 3 3 3 2 1 3 3 2 2 1 1 3 3 2 3 3 3 1 1 3 3 4 1 2 2 3 3 3 3 3 1 1 3 3 2 3 1 4 1 3 1 3 3 3 1 2 3 4 3 3 3 4 3
15 0.045887 1 4 1 3 1 1 4 2 3 4 1 3 1 1 1 3 3 2 4 2 2 0 0 0 2 2 1 2 1 3 3 3 3 3 3 2 1 3 3 2 2 1 1 3 3 2 3 3 3 1 1 3 3 4 1 2 2 3 3 3 3 3 1 1 3 3 2 3 1 4 1 3 1 3 3 3 1 2 3 4 3 3 3 4 3
15 0.045887 1 4 1 3 1 3 4 2 3 4 1 3 1 1 1 3 3 2 4 2 2 0 0 0 2 2 1 2 1 3 3 3 3 3 3 2 1 3 3 2 2 1 1 1 3 2 3 3 3 1 1 3 3 4 1 2 2 3 3 3 3 3 1 1 3 3 2 3 1 4 1 3 1 3 3 3 1 2 3 4 3 3 3 4 3
15 0.045887 1 4 1 3 1 3 4 2 3 4 1 3 1 1 1 3 3 2 4 2 2 0 0 0 2 2 1 2 3 3 3 3 3 3 3 2 1 3 3 2 2 1 1 3 3 2 3 3 3 1 1 3 3 4 1 2 2 3 3 3 3 3 1 1 3 3 2 3 1 4 1 3 1 3 3 3 1 2 3 4 3 3 3 4 3
15 0.045887 1 4 1 3 1 3 4 2 0 0 0 0 0 0 2 4 0 0 0 2 2 0 0 0 2 2 1 2 1 3 3 3 3 3 3 2 1 3 3 2 2 1 1 3 3 2 3 3 3 1 1 3 3 4 1 2 2 3 3 3 3 3 1 1 3 3 2 3 1 2 1 3 1 3 3 3 1 2 3 4 3 3 3 4 3
15 0.045887 2 4 1 3 1 3 4 2 3 4 1 3 1 1 1 3 3 2 4 2 2 0 0 0 2 2 1 2 1 3 3 3 3 3 3 2 1 3 3 2 2 1 1 3 3 2 3 3 3 1 1 3 3 4 1 1 2 1 3 3 3 3 1 1 3 3 2 3 1 4 1 3 1 3 3 3 1 1 3 4 3 3 3 4 3
15 0.045887 1 4 1 3 1 3 4 2 3 4 1 3 1 1 1 3 3 2 4 2 2 0 0 0 2 2 1 2 1 3 3 3 3 3 3 2 1 3 3 2 2 1 1 3 3 2 3 3 3 1 0 3 3 4 1 2 2 3 3 1 3 3 3 1 3 3 2 3 1 4 1 3 1 3 3 3 1 2 3 4 3 3 3 4 3
16 0.017611 1 4 1 3 1 3 4 2 3 4 1 3 1 1 1 3 3 2 4 2 2 0 0 0 2 2 1 4 1 3 3 3 3 3 3 2 1 3 3 2 2 1 1 3 3 2 3 3 3 1 1 3 3 4 1 2 2 3 3 3 3 3 1 1 3 3 2 3 1 4 1 3 1 3 3 3 1 2 3 4 3 3 3 4 3
16 0.017611 1 4 1 3 1 3 4 2 3 4 1 3 1 1 1 3 3 2 4 2 2 0 0 0 2 2 1 2 1 3 3 3 3 3 3 2 1 3 3 2 2 1 1 3 3 2 3 3 3 1 1 3 3 4 1 2 2 3 3 3 3 3 1 1 3 3 2 3 1 4 1 3 1 3 3 3 1 2 3 4 3 3 3 4 1
16 0.017611 1 4 1 3 1 3 4 2 3 4 1 3 1 1 1 3 3 2 4 2 2 0 0 0 2 2 1 2 1 3 3 3 3 1 3 2 1 3 3 2 2 1 1 3 3 2 3 3 3 1 1 3 3 4 1 2 2 3 3 3 3 3 1 1 3 3 2 3 1 4 1 3 1 3 3 3 1 2 3 4 3 3 3 4 3
16 0.017611 1 4 1 3 1 3 4 2 3 4 1 3 1 1 1 3 3 2 4 2 2 0 0 0 2 2 1 2 1 3 3 3 3 3 3 2 1 3 3 2 2 1 1 3 3 2 3 3 3 3 1 3 3 4 1 2 2 3 3 3 3 3 1 1 3 3 2 3 1 4 1 3 1 3 3 3 1 2 3 4 3 3 3 4 3
16 0.050393 1 4 1 3 1 3 4 2 3 4 1 3 1 1 1 3 3 2 4 2 2 0 0 0 2 2 1 2 1 3 3 1 3 3 3 2 4 3 0 0 0 3 2 3 3 4 3 3 3 1 1 3 3 4 1 2 2 3 1 3 3 3 1 1 3 3 2 3 1 4 1 3 1 3 3 3 1 2 3 4 3 3 3 4 3
16 0.050393 1 4 1 3 1 3 4 2 3 4 1 3 1 1 1 3 3 2 4 2 2 0 0 0 2 2 1 2 1 1 3 3 3 3 3 2 1 3 3 2 2 1 1 3 3 2 3 3 3 1 1 3 1 4 1 2 2 3 3 3 3 3 1 1 3 3 2 3 1 4 1 3 1 3 3 3 1 2 3 4 3 3 3 4 3
16 0.526416 1 4 1 3 1 3 4 2 3 4 1 3 1 1 1 3 3 2 4 2 2 0 0 0 2 2 1 2 1 3 3 3 3 3 3 2 1 3 3 2 2 1 1 3 3 2 3 3 3 1 1 3 3 4 1 2 2 3 3 3 3 3 1 1 3 3 2 3 1 4 1 3 1 3 3 3 1 2 3 4 3 3 3 4 3
16 0.050393 1 4 1 3 1 1 4 2 3 4 1 3 1 1 1 3 3 2 4 2 2 0 0 0 2 2 1 2 1 3 3 3 3 3 3 2 1 3 3 2 2 1 1 3 3 2 3 3 3 1 1 3 3 4 1 2 2 3 3 3 3 3 1 1 3 3 2 3 1 4 1 3 1 3 3 3 1 2 3 4 3 3 3 4 3
16 0.050393 1 4 1 3 1 3 4 2 3 4 1 3 1 1 1 3 3 2 4 2 2 0 0 0 2 2 1 2 1 3 3 3 3 3 3 2 1 3 3 2 2 1 1 1 3 2 3 3 3 1 1 3 3 4 1 2 2 3 3 3 3 3 1 1 3 3 2 3 1 4 1 3 1 3 3 3 1 2 3 4 3 3 3 4 3
16 0.050393 1 4 1 3 1 3 4 2 3 4 1 3 1 1 1 3 3 2 4 2 2 0 0 0 2 2 1 2 3 3 3 3 3 3 3 2 1 3 3 2 2 1 1 3 3 2 3 3 3 1 1 3 3 4 1 2 2 3 3 3 3 3 1 1 3 3 2 3 1 4 1 3 1 3 3 3 1 2 3 4 3 3 3 4 3
16 0.050393 1 4 1 3 1 3 4 2 0 0 0 0 0 0 2 4 0 0 0 2 2 0 0 0 2 2 1 2 1 3 3 3 3 3 3 2 1 3 3 2 2 1 1 3 3 2 3 3 3 1 1 3 3 4 1 2 2 3 3 3 3 3 1 1 3 3 2 3 1 2 1 3 1 3 3 3 1 2 3 4 3 3 3 4 3
16 0.050393 2 4 1 3 1 3 4 2 3 4 1 3 1 1 1 3 3 2 4 2 2 0 0 0 2 2 1 2 1 3 3 3 3 3 3 2 1 3 3 2 2 1 1 3 3 2 3 3 3 1 1 3 3 4 1 1 2 1 3 3 3 3 1 1 3 3 2 3 1 4 1 3 1 3 3 3 1 1 3 4 3 3 3 4 3
16 0.050393 1 4 1 3 1 3 4 2 3 4 1 3 1 1 1 3 3 2 4 2 2 0 0 0 2 2 1 2 1 3 3 3 3 3 3 2 1 3 3 2 2 1 1 3 3 2 3 3 3 1 0 3 3 4 1 2 2 3 3 1 3 3 3 1 3 3 2 3 1 4 1 3 1 3 3 3 1 2 3 4 3 3 3 4 3
17 0.012454 1 4 1 3 1 3 4 2 3 4 1 3 1 1 1 3 3 2 4 2 2 0 0 0 2 2 1 4 1 3 3 3 3 3 3 2 1 3 3 2 2 1 1 3 3 2 3 3 3 1 1 3 3 4 1 2 2 3 3 3 3 3 1 1 3 3 2 3 1 4 1 3 1 3 3 3 1 2 3 4 3 3 3 4 3
17 0.012454 1 4 1 3 1 3 4 2 3 4 1 3 1 1 1 3 3 2 4 2 2 0 0 0 2 2 1 2 1 3 3 3 3 3 3 2 1 3 3 2 2 1 1 3 3 2 3 3 3 1 1 3 3 4 1 2 2 3 3 3 3 3 1 1 3 3 2 3 1 4 1 3 1 3 3 3 1 2 3 4 3 3 3 4 1
17 0.012454 1 4 1 3 1 3 4 2 3 4 1 3 1 1 1 3 3 2 4 2 2 0 0 0 2 2 1 2 1 3 3 3 3 1 3 2 1 3 3 2 2 1 1 3 3 2 3 3 3 1 1 3 3 4 1 2 2 3 3 3 3 3 1 1 3 3 2 3 1 4 1 3 1 3 3 3 1 2 3 4 3 3 3 4 3
17 0.012454 1 4 1 3 1 3 4 2 3 4 1 3 1 1 1 3 3 2 4 2 2 0 0 0 2 2 1 2 1 3 3 3 3 3 3 2 1 3 3 2 2 1 1 3 3 2 3 3 3 3 1 3 3 4 1 2 2 3 3 3 3 3 1 1 3 3 2 3 1 4 1 3 1 3 3 3 1 2 3 4 3 3 3 4 3
17 0.053938 1 4 1 3 1 3 4 2 3 4 1 3 1 1 1 3 3 2 4 2 2 0 0 0 2 2 1 2 1 3 3 1 3 3 3 2 4 3 0 0 0 3 2 3 3 4 3 3 3 1 1 3 3 4 1 2 2 3 1 3 3 3 1 1 3 3 2 3 1 4 1 3 1 3 3 3 1 2 3 4 3 3 3 4 3
17 0.053938 1 4 1 3 1 3 4 2 3 4 1 3 1 1 1 3 3 2 4 2 2 0 0 0 2 2 1 2 1 1 3 3 3 3 3 2 1 3 3 2 2 1 1 3 3 2 3 3 3 1 1 3 1 4 1 2 2 3 3 3 3 3 1 1 3 3 2 3 1 4 1 3 1 3 3 3 1 2 3 4 3 3 3 4 3
17 0.518681 1 4 1 3 1 3 4 2 3 4 1 3 1 1 1 3 3 2 4 2 2 0 0 0 2 2 1 2 1 3 3 3 3 3 3 2 1 3 3 2 2 1 1 3 3 2 3 3 3 1 1 3 3 4 1 2 2 3 3 3 3 3 1 1 3 3 2 3 1 4 1 3 1 3 3 3 1 2 3 4 3 3 3 4 3
17 0.053938 1 4 1 3 1 1 4 2 3 4 1 3 1 1 1 3 3 2 4 2 2 0 0 0 2 2 1 2 1 3 3 3 3 3 3 2 1 3 3 2 2 1 1 3 3 2 3 3 3 1 1 3 3 4 1 2 2 3 3 3 3 3 1 1 3 3 2 3 1 4 1 3 1 3 3 3 1 2 3 4 3 3 3 4 3
17 0.053938 1 4 1 3 1 3 4 2 3 4 1 3 1 1 1 3 3 2 4 2 2 0 0 0 2 2 1 2 1 3 3 3 3 3 3 2 1 3 3 2 2 1 1 1 3 2 3 3 3 1 1 3 3 4 1 2 2 3 3 3 3 3 1 1 3 3 2 3 1 4 1 3 1 3 3 3 1 2 3 4 3 3 3 4 3
17 0.053938 1 4 1 3 1 3 4 2 3 4 1 3 1 1 1 3 3 2 4 2 2 0 0 0 2 2 1 2 3 3 3 3 3 3 3 2 1 3 3 2 2 1 1 3 3 2 3 3 3 1 1 3 3 4 1 2 2 3 3 3 3 3 1 1 3 3 2 3 1 4 1 3 1 3 3 3 1 2 3 4 3 3 3 4 3
17 0.053938 1 4 1 3 1 3 4 2 0 0 0 0 0 0 2 4 0 0 0 2 2 0 0 0 2 2 1 2 1 3 3 3 3 3 3 2 1 3 3 2 2 1 1 3 3 2 3 3 3 1 1 3 3 4 1 2 2 3 3 3 3 3 1 1 3 3 2 3 1 2 1 3 1 3 3 3 1 2 3 4 3 3 3 4 3
17 0.053938 2 4 1 3 1 3 4 2 3 4 1 3 1 1 1 3 3 2 4 2 2 0 0 0 2 2 1 2 1 3 3 3 3 3 3 2 1 3 3 2 2 1 1 3 3 2 3 3 3 1 1 3 3 4 1 1 2 1 3 3 3 3 1 1 3 3 2 3 1 4 1 3 1 3 3 3 1 1 3 4 3 3 3 4 3
17 0.053938 1 4 1 3 1 3 4 2 3 4 1 3 1 1 1 3 3 2 4 2 2 0 0 0 2 2 1 2 1 3 3 3 3 3 3 2 1 3 3 2 2 1 1 3 3 2 3 3 3 1 0 3 3 4 1 2 2 3 3 1 3 3 3 1 3 3 2 3 1 4 1 3 1 3 3 3 1 2 3 4 3 3 3 4 3
18 0.008575 1 4 1 3 1 3 4 2 3 4 1 3 1 1 1 3 3 2 4 2 2 0 0 0 2 2 1 4 1 3 3 3 3 3 3 2 1 3 3 2 2 1 1 3 3 2 3 3 3 1 1 3 3 4 1 2 2 3 3 3 3 3 1 1 3 3 2 3 1 4 1 3 1 3 3 3 1 2 3 4 3 3 3 4 3
18 0.008575 1 4 1 3 1 3 4 2 3 4 1 3 1 1 1 3 3 2 4 2 2 0 0 0 2 2 1 2 1 3 3 3 3 3 3 2 1 3 3 2 2 1 1 3 3 2 3 3 3 1 1 3 3 4 1 2 2 3 3 3 3 3 1 1 3 3 2 3 1 4 1 3 1 3 3 3 1 2 3 4 3 3 3 4 1
18 0.008575 1 4 1 3 1 3 4 2 3 4 1 3 1 1 1 3 3 2 4 2 2 0 0 0 2 2 1 2 1 3 3 3 3 1 3 2 1 3 3 2 2 1 1 3 3 2 3 3 3 1 1 3 3 4 1 2 2 3 3 3 3 3 1 1 3 3 2 3 1 4 1 3 1 3 3 3 1 2 3 4 3 3 3 4 3
18 0.008575 1 4 1 3 1 3 4 2 3 4 1 3 1 1 1 3 3 2 4 2 2 0 0 0 2 2 1 2 1 3 3 3 3 3 3 2 1 3 3 2 2 1 1 3 3 2 3 3 3 3 1 3 3 4 1 2 2 3 3 3 3 3 1 1 3 3 2 3 1 4 1 3 1 3 3 3 1 2 3 4 3 3 3 4 3
18 0.056605 1 4 1 3 1 3 4 2 3 4 1 3 1 1 1 3 3 2 4 2 2 0 0 0 2 2 1 2 1 3 3 1 3 3 3 2 4 3 0 0 0 3 2 3 3 4 3 3 3 1 1 3 3 4 1 2 2 3 1 3 3 3 1 1 3 3 2 3 1 4 1 3 1 3 3 3 1 2 3 4 3 3 3 4 3
18 0.056605 1 4 1 3 1 3 4 2 3 4 1 3 1 1 1 3 3 2 4 2 2 0 0 0 2 2 1 2 1 1 3 3 3 3 3 2 1 3 3 2 2 1 1 3 3 2 3 3 3 1 1 3 1 4 1 2 2 3 3 3 3 3 1 1 3 3 2 3 1 4 1 3 1 3 3 3 1 2 3 4 3 3 3 4 3
18 0.512862 1 4 1 3 1 3 4 2 3 4 1 3 1 1 1 3 3 2 4 2 2 0 0 0 2 2 1 2 1 3 3 3 3 3 3 2 1 3 3 2 2 1 1 3 3 2 3 3 3 1 1 3 3 4 1 2 2 3 3 3 3 3 1 1 3 3 2 3 1 4 1 3 1 3 3 3 1 2 3 4 3 3 3 4 3
18 0.056605 1 4 1 3 1 1 4 2 3 4 1 3 1 1 1 3 3 2 4 2 2 0 0 0 2 2 1 2 1 3 3 3 3 3 3 2 1 3 3 2 2 1 1 3 3 2 3 3 3 1 1 3 3 4 1 2 2 3 3 3 3 3 1 1 3 3 2 3 1 4 1 3 1 3 3 3 1 2 3 4 3 3 3 4 3
18 0.056605 1 4 1 3 1 3 4 2 3 4 1 3 1 1 1 3 3 2 4 2 2 0 0 0 2 2 1 2 1 3 3 3 3 3 3 2 1 3 3 2 2 1 1 1 3 2 3 3 3 1 1 3 3 4 1 2 2 3 3 3 3 3 1 1 3 3 2 3 1 4 1 3 1 3 3 3 1 2 3 4 3 3 3 4 3
18 0.056605 1 4 1 3 1 3 4 2 3 4 1 3 1 1 1 3 3 2 4 2 2 0 0 0 2 2 1 2 3 3 3 3 3 3 3 2 1 3 3 2 2 1 1 3 3 2 3 3 3 1 1 3 3 4 1 2 2 3 3 3 3 3 1 1 3 3 2 3 1 4 1 3 1 3 3 3 1 2 3 4 3 3 3 4 3
18 0.056605 1 4 1 3 1 3 4 2 0 0 0 0 0 0 2 4 0 0 0 2 2 0 0 0 2 2 1 2 1 3 3 3 3 3 3 2 1 3 3 2 2 1 1 3 3 2 3 3 3 1 1 3 3 4 1 2 2 3 3 3 3 3 1 1 3 3 2 3 1 2 1 3 1 3 3 3 1 2 3 4 3 3 3 4 3
18 0.056605 2 4 1 3 1 3 4 2 3 4 1 3 1 1 1 3 3 2 4 2 2 0 0 0 2 2 1 2 1 3 3 3 3 3 3 2 1 3 3 2 2 1 1 3 3 2 3 3 3 1 1 3 3 4 1 1 2 1 3 3 3 3 1 1 3 3 2 3 1 4 1 3 1 3 3 3 1 1 3 4 3 3 3 4 3
18 0.056605 1 4 1 3 1 3 4 2 3 4 1 3 1 1 1 3 3 2 4 2 2 0 0 0 2 2 1 2 1 3 3 3 3 3 3 2 1 3 3 2 2 1 1 3 3 2 3 3 3 1 0 3 3 4 1 2 2 3 3 1 3 3 3 1 3 3 2 3 1 4 1 3 1 3 3 3 1 2 3 4 3 3 3 4 3
19 0.005754 1 4 1 3 1 3 4 2 3 4 1 3 1 1 1 3 3 2 4 2 2 0 0 0 2 2 1 4 1 3 3 3 3 3 3 2 1 3 3 2 2 1 1 3 3 2 3 3 3 1 1 3 3 4 1 2 2 3 3 3 3 3 1 1 3 3 2 3 1 4 1 3 1 3 3 3 1 2 3 4 3 3 3 4 3
19 0.005754 1 4 1 3 1 3 4 2 3 4 1 3 1 1 1 3 3 2 4 2 2 0 0 0 2 2 1 2 1 3 3 3 3 3 3 2 1 3 3 2 2 1 1 3 3 2 3 3 3 1 1 3 3 4 1 2 2 3 3 3 3 3 1 1 3 3 2 3 1 4 1 3 1 3 3 3 1 2 3 4 3 3 3 4 1
19 0.005754 1 4 1 3 1 3 4 2 3 4 1 3 1 1 1 3 3 2 4 2 2 0 0 0 2 2 1 2 1 3 3 3 3 1 3 2 1 3 3 2 2 1 1 3 3 2 3 3 3 1 1 3 3 4 1 2 2 3 3 3 3 3 1 1 3 3 2 3 1 4 1 3 1 3 3 3 1 2 3 4 3 3 3 4 3
19 0.005754 1 4 1 3 1 3 4 2 3 4 1 3 1 1 1 3 3 2 4 2 2 0 0 0 2 2 1 2 1 3 3 3 3 3 3 2 1 3 3 2 2 1 1 3 3 2 3 3 3 3 1 3 3 4 1 2 2 3 3 3 3 3 1 1 3 3 2 3 1 4 1 3 1 3 3 3 1 2 3 4 3 3 3 4 3
19 0.058544 1 4 1 3 1 3 4 2 3 4 1 3 1 1 1 3 3 2 4 2 2 0 0 0 2 2 1 2 1 3 3 1 3 3 3 2 4 3 0 0 0 3 2 3 3 4 3 3 3 1 1 3 3 4 1 2 2 3 1 3 3 3 1 1 3 3 2 3 1 4 1 3 1 3 3 3 1 2 3 4 3 3 3 4 3
19 0.058544 1 4 1 3 1 3 4 2 3 4 1 3 1 1 1 3 3 2 4 2 2 0 0 0 2 2 1 2 1 1 3 3 3 3 3 2 1 3 3 2 2 1 1 3 3 2 3 3 3 1 1 3 1 4 1 2 2 3 3 3 3 3 1 1 3 3 2 3 1 4 1 3 1 3 3 3 1 2 3 4 3 3 3 4 3
19 0.508631 1 4 1 3 1 3 4 2 3 4 1 3 1 1 1 3 3 2 4 2 2 0 0 0 2 2 1 2 1 3 3 3 3 3 3 2 1 3 3 2 2 1 1 3 3 2 3 3 3 1 1 3 3 4 1 2 2 3 3 3 3 3 1 1 3 3 2 3 1 4 1 3 1 3 3 3 1 2 3 4 3 3 3 4 3
19 0.058544 1 4 1 3 1 1 4 2 3 4 1 3 1 1 1 3 3 2 4 2 2 0 0 0 2 2 1 2 1 3 3 3 3 3 3 2 1 3 3 2 2 1 1 3 3 2 3 3 3 1 1 3 3 4 1 2 2 3 3 3 3 3 1 1 3 3 2 3 1 4 1 3 1 3 3 3 1 2 3 4 3 3 3 4 3
19 0.058544 1 4 1 3 1 3 4 2 3 4 1 3 1 1 1 3 3 2 4 2 2 0 0 0 2 2 1 2 1 3 3 3 3 3 3 2 1 3 3 2 2 1 1 1 3 2 3 3 3 1 1 3 3 4 1 2 2 3 3 3 3 3 1 1 3 3 2 3 1 4 1 3 1 3 3 3 1 2 3 4 3 3 3 4 3
19 0.058544 1 4 1 3 1 3 4 2 3 4 1 3 1 1 1 3 3 2 4 2 2 0 0 0 2 2 1 2 3 3 3 3 3 3 3 2 1 3 3 2 2 1 1 3 3 2 3 3 3 1 1 3 3 4 1 2 2 3 3 3 3 3 1 1 3 3 2 3 1 4 1 3 1 3 3 3 1 2 3 4 3 3 3 4 3
19 0.058544 1 4 1 3 1 3 4 2 0 0 0 0 0 0 2 4 0 0 0 2 2 0 0 0 2 2 1 2 1 3 3 3 3 3 3 2 1 3 3 2 2 1 1 3 3 2 3 3 3 1 1 3 3 4 1 2 2 3 3 3 3 3 1 1 3 3 2 3 1 2 1 3 1 3 3 3 1 2 3 4 3 3 3 4 3
19 0.058544 2 4 1 3 1 3 4 2 3 4 1 3 1 1 1 3 3 2 4 2 2 0 0 0 2 2 1 2 1 3 3 3 3 3 3 2 1 3 3 2 2 1 1 3 3 2 3 3 3 1 1 3 3 4 1 1 2 1 3 3 3 3 1 1 3 3 2 3 1 4 1 3 1 3 3 3 1 1 3 4 3 3 3 4 3
19 0.058544 1 4 1 3 1 3 4 2 3 4 1 3 1 1 1 3 3 2 4 2 2 0 0 0 2 2 1 2 1 3 3 3 3 3 3 2 1 3 3 2 2 1 1 3 3 2 3 3 3 1 0 3 3 4 1 2 2 3 3 1 3 3 3 1 3 3 2 3 1 4 1 3 1 3 3 3 1 2 3 4 3 3 3 4 3
20 0.003753 1 4 1 3 1 3 4 2 3 4 1 3 1 1 1 3 3 2 4 2 2 0 0 0 2 2 1 4 1 3 3 3 3 3 3 2 1 3 3 2 2 1 1 3 3 2 3 3 3 1 1 3 3 4 1 2 2 3 3 3 3 3 1 1 3 3 2 3 1 4 1 3 1 3 3 3 1 2 3 4 3 3 3 4 3
20 0.003753 1 4 1 3 1 3 4 2 3 4 1 3 1 1 1 3 3 2 4 2 2 0 0 0 2 2 1 2 1 3 3 3 3 3 3 2 1 3 3 2 2 1 1 3 3 2 3 3 3 1 1 3 3 4 1 2 2 3 3 3 3 3 1 1 3 3 2 3 1 4 1 3 1 3 3 3 1 2 3 4 3 3 3 4 1
20 0.003753 1 4 1 3 1 3 4 2 3 4 1 3 1 1 1 3 3 2 4 2 2 0 0 0 2 2 1 2 1 3 3 3 3 1 3 2 1 3 3 2 2 1 1 3 3 2 3 3 3 1 1 3 3 4 1 2 2 3 3 3 3 3 1 1 3 3 2 3 1 4 1 3 1 3 3 3 1 2 3 4 3 3 3 4 3
20 0.003753 1 4 1 3 1 3 4 2 3 4 1 3 1 1 1 3 3 2 4 2 2 0 0 0 2 2 1 2 1 3 3 3 3 3 3 2 1 3 3 2 2 1 1 3 3 2 3 3 3 3 1 3 3 4 1 2 2 3 3 3 3 3 1 1 3 3 2 3 1 4 1 3 1 3 3 3 1 2 3 4 3 3 3 4 3
20 0.059920 1 4 1 3 1 3 4 2 3 4 1 3 1 1 1 3 3 2 4 2 2 0 0 0 2 2 1 2 1 3 3 1 3 3 3 2 4 3 0 0 0 3 2 3 3 4 3 3 3 1 1 3 3 4 1 2 2 3 1 3 3 3 1 1 3 3 2 3 1 4 1 3 1 3 3 3 1 2 3 4 3 3 3 4 3
20 0.059920 1 4 1 3 1 3 4 2 3 4 1 3 1 1 1 3 3 2 4 2 2 0 0 0 2 2 1 2 1 1 3 3 3 3 3 2 1 3 3 2 2 1 1 3 3 2 3 3 3 1 1 3 1 4 1 2 2 3 3 3 3 3 1 1 3 3 2 3 1 4 1 3 1 3 3 3 1 2 3 4 3 3 3 4 3
20 0.505630 1 4 1 3 1 3 4 2 3 4 1 3 1 1 1 3 3 2 4 2 2 0 0 0 2 2 1 2 1 3 3 3 3 3 3 2 1 3 3 2 2 1 1 3 3 2 3 3 3 1 1 3 3 4 1 2 2 3 3 3 3 3 1 1 3 3 2 3 1 4 1 3 1 3 3 3 1 2 3 4 3 3 3 4 3
20 0.059920 1 4 1 3 1 1 4 2 3 4 1 3 1 1 1 3 3 2 4 2 2 0 0 0 2 2 1 2 1 3 3 3 3 3 3 2 1 3 3 2 2 1 1 3 3 2 3 3 3 1 1 3 3 4 1 2 2 3 3 3 3 3 1 1 3 3 2 3 1 4 1 3 1 3 3 3 1 2 3 4 3 3 3 4 3
20 0.059920 1 4 1 3 1 3 4 2 3 4 1 3 1 1 1 3 3 2 4 2 2 0 0 0 2 2 1 2 1 3 3 3 3 3 3 2 1 3 3 2 2 1 1 1 3 2 3 3 3 1 1 3 3 4 1 2 2 3 3 3 3 3 1 1 3 3 2 3 1 4 1 3 1 3 3 3 1 2 3 4 3 3 3 4 3
20 0.059920 1 4 1 3 1 3 4 2 3 4 1 3 1 1 1 3 3 2 4 2 2 0 0 0 2 2 1 2 3 3 3 3 3 3 3 2 1 3 3 2 2 1 1 3 3 2 3 3 3 1 1 3 3 4 1 2 2 3 3 3 3 3 1 1 3 3 2 3 1 4 1 3 1 3 3 3 1 2 3 4 3 3 3 4 3
20 0.059920 1 4 1 3 1 3 4 2 0 0 0 0 0 0 2 4 0 0 0 2 2 0 0 0 2 2 1 2 1 3 3 3 3 3 3 2 1 3 3 2 2 1 1 3 3 2 3 3 3 1 1 3 3 4 1 2 2 3 3 3 3 3 1 1 3 3 2 3 1 2 1 3 1 3 3 3 1 2 3 4 3 3 3 4 3
20 0.059920 2 4 1 3 1 3 4 2 3 4 1 3 1 1 1 3 3 2 4 2 2 0 0 0 2 2 1 2 1 3 3 3 3 3 3 2 1 3 3 2 2 1 1 3 3 2 3 3 3 1 1 3 3 4 1 1 2 1 3 3 3 3 1 1 3 3 2 3 1 4 1 3 1 3 3 3 1 1 3 4 3 3 3 4 3
20 0.059920 1 4 1 3 1 3 4 2 3 4 1 3 1 1 1 3 3 2 4 2 2 0 0 0 2 2 1 2 1 3 3 3 3 3 3 2 1 3 3 2 2 1 1 3 3 2 3 3 3 1 0 3 3 4 1 2 2 3 3 1 3 3 3 1 3 3 2 3 1 4 1 3 1 3 3 3 1 2 3 4 3 3 3 4 3
21 0.002359 1 4 1 3 1 3 4 2 3 4 1 3 1 1 1 3 3 2 4 2 2 0 0 0 2 2 1 4 1 3 3 3 3 3 3 2 1 3 3 2 2 1 1 3 3 2 3 3 3 1 1 3 3 4 1 2 2 3 3 3 3 3 1 1 3 3 2 3 1 4 1 3 1 3 3 3 1 2 3 4 3 3 3 4 3
21 0.002359 1 4 1 3 1 3 4 2 3 4 1 3 1 1 1 3 3 2 4 2 2 0 0 0 2 2 1 2 1 3 3 3 3 3 3 2 1 3 3 2 2 1 1 3 3 2 3 3 3 1 1 3 3 4 1 2 2 3 3 3 3 3 1 1 3 3 2 3 1 4 1 3 1 3 3 3 1 2 3 4 3 3 3 4 1
21 0.002359 1 4 1 3 1 3 4 2 3 4 1 3 1 1 1 3 3 2 4 2 2 0 0 0 2 2 1 2 1 3 3 3 3 1 3 2 1 3 3 2 2 1 1 3 3 2 3 3 3 1 1 3 3 4 1 2 2 3 3 3 3 3 1 1 3 3 2 3 1 4 1 3 1 3 3 3 1 2 3 4 3 3 3 4 3
21 0.002359 1 4 1 3 1 3 4 2 3 4 1 3 1 1 1 3 3 2 4 2 2 0 0 0 2 2 1 2 1 3 3 3 3 3 3 2 1 3 3 2 2 1 1 3 3 2 3 3 3 3 1 3 3 4 1 2 2 3 3 3 3 3 1 1 3 3 2 3 1 4 1 3 1 3 3 3 1 2 3 4 3 3 3 4 3
21 0.060878 1 4 1 3 1 3 4 2 3 4 1 3 1 1 1 3 3 2 4 2 2 0 0 0 2 2 1 2 1 3 3 1 3 3 3 2 4 3 0 0 0 3 2 3 3 4 3 3 3 1 1 3 3 4 1 2 2 3 1 3 3 3 1 1 3 3 2 3 1 4 1 3 1 3 3 3 1 2 3 4 3 3 3 4 3
21 0.060878 1 4 1 3 1 3 4 2 3 4 1 3 1 1 1 3 3 2 4 2 2 0 0 0 2 2 1 2 1 1 3 3 3 3 3 2 1 3 3 2 2 1 1 3 3 2 3 3 3 1 1 3 1 4 1 2 2 3 3 3 3 3 1 1 3 3 2 3 1 4 1 3 1 3 3 3 1 2 3 4 3 3 3 4 3
21 0.503539 1 4 1 3 1 3 4 2 3 4 1 3 1 1 1 3 3 2 4 2 2 0 0 0 2 2 1 2 1 3 3 3 3 3 3 2 1 3 3 2 2 1 1 3 3 2 3 3 3 1 1 3 3 4 1 2 2 3 3 3 3 3 1 1 3 3 2 3 1 4 1 3 1 3 3 3 1 2 3 4 3 3 3 4 3
21 0.060878 1 4 1 3 1 1 4 2 3 4 1 3 1 1 1 3 3 2 4 2 2 0 0 0 2 2 1 2 1 3 3 3 3 3 3 2 1 3 3 2 2 1 1 3 3 2 3 3 3 1 1 3 3 4 1 2 2 3 3 3 3 3 1 1 3 3 2 3 1 4 1 3 1 3 3 3 1 2 3 4 3 3 3 4 3
21 0.060878 1 4 1 3 1 3 4 2 3 4 1 3 1 1 1 3 3 2 4 2 2 0 0 0 2 2 1 2 1 3 3 3 3 3 3 2 1 3 3 2 2 1 1 1 3 2 3 3 3 1 1 3 3 4 1 2 2 3 3 3 3 3 1 1 3 3 2 3 1 4 1 3 1 3 3 3 1 2 3 4 3 3 3 4 3
21 0.060878 1 4 1 3 1 3 4 2 3 4 1 3 1 1 1 3 3 2 4 2 2 0 0 0 2 2 1 2 3 3 3 3 3 3 3 2 1 3 3 2 2 1 1 3 3 2 3 3 3 1 1 3 3 4 1 2 2 3 3 3 3 3 1 1 3 3 2 3 1 4 1 3 1 3 3 3 1 2 3 4 3 3 3 4 3
21 0.060878 1 4 1 3 1 3 4 2 0 0 0 0 0 0 2 4 0 0 0 2 2 0 0 0 2 2 1 2 1 3 3 3 3 3 3 2 1 3 3 2 2 1 1 3 3 2 3 3 3 1 1 3 3 4 1 2 2 3 3 3 3 3 1 1 3 3 2 3 1 2 1 3 1 3 3 3 1 2 3 4 3 3 3 4 3
21 0.060878 2 4 1 3 1 3 4 2 3 4 1 3 1 1 1 3 3 2 4 2 2 0 0 0 2 2 1 2 1 3 3 3 3 3 3 2 1 3 3 2 2 1 1 3 3 2 3 3 3 1 1 3 3 4 1 1 2 1 3 3 3 3 1 1 3 3 2 3 1 4 1 3 1 3 3 3 1 1 3 4 3 3 3 4 3
21 0.060878 1 4 1 3 1 3 4 2 3 4 1 3 1 1 1 3 3 2 4 2 2 0 0 0 2 2 1 2 1 3 3 3 3 3 3 2 1 3 3 2 2 1 1 3 3 2 3 3 3 1 0 3 3 4 1 2 2 3 3 1 3 3 3 1 3 3 2 3 1 4 1 3 1 3 3 3 1 2 3 4 3 3 3 4 3
22 0.001399 1 4 1 3 1 3 4 2 3 4 1 3 1 1 1 3 3 2 4 2 2 0 0 0 2 2 1 4 1 3 3 3 3 3 3 2 1 3 3 2 2 1 1 3 3 2 3 3 3 1 1 3 3 4 1 2 2 3 3 3 3 3 1 1 3 3 2 3 1 4 1 3 1 3 3 3 1 2 3 4 3 3 3 4 3
22 0.001399 1 4 1 3 1 3 4 2 3 4 1 3 1 1 1 3 3 2 4 2 2 0 0 0 2 2 1 2 1 3 3 3 3 3 3 2 1 3 3 2 2 1 1 3 3 2 3 3 3 1 1 3 3 4 1 2 2 3 3 3 3 3 1 1 3 3 2 3 1 4 1 3 1 3 3 3 1 2 3 4 3 3 3 4 1
22 0.001399 1 4 1 3 1 3 4 2 3 4 1 3 1 1 1 3 3 2 4 2 2 0 0 0 2 2 1 2 1 3 3 3 3 1 3 2 1 3 3 2 2 1 1 3 3 2 3 3 3 1 1 3 3 4 1 2 2 3 3 3 3 3 1 1 3 3 2 3 1 4 1 3 1 3 3 3 1 2 3 4 3 3 3 4 3
22 0.001399 1 4 1 3 1 3 4 2 3 4 1 3 1 1 1 3 3 2 4 2 2 0 0 0 2 2 1 2 1 3 3 3 3 3 3 2 1 3 3 2 2 1 1 3 3 2 3 3 3 3 1 3 3 4 1 2 2 3 3 3 3 3 1 1 3 3 2 3 1 4 1 3 1 3 3 3 1 2 3 4 3 3 3 4 3
22 0.061538 1 4 1 3 1 3 4 2 3 4 1 3 1 1 1 3 3 2 4 2 2 0 0 0 2 2 1 2 1 3 3 1 3 3 3 2 4 3 0 0 0 3 2 3 3 4 3 3 3 1 1 3 3 4 1 2 2 3 1 3 3 3 1 1 3 3 2 3 1 4 1 3 1 3 3 3 1 2 3 4 3 3 3 4 3
22 0.061538 1 4 1 3 1 3 4 2 3 4 1 3 1 1 1 3 3 2 4 2 2 0 0 0 2 2 1 2 1 1 3 3 3 3 3 2 1 3 3 2 2 1 1 3 3 2 3 3 3 1 1 3 1 4 1 2 2 3 3 3 3 3 1 1 3 3 2 3 1 4 1 3 1 3 3 3 1 2 3 4 3 3 3 4 3
22 0.502099 1 4 1 3 1 3 4 2 3 4 1 3 1 1 1 3 3 2 4 2 2 0 0 0 2 2 1 2 1 3 3 3 3 3 3 2 1 3 3 2 2 1 1 3 3 2 3 3 3 1 1 3 3 4 1 2 2 3 3 3 3 3 1 1 3 3 2 3 1 4 1 3 1 3 3 3 1 2 3 4 3 3 3 4 3
22 0.061538 1 4 1 3 1 1 4 2 3 4 1 3 1 1 1 3 3 2 4 2 2 0 0 0 2 2 1 2 1 3 3 3 3 3 3 2 1 3 3 2 2 1 1 3 3 2 3 3 3 1 1 3 3 4 1 2 2 3 3 3 3 3 1 1 3 3 2 3 1 4 1 3 1 3 3 3 1 2 3 4 3 3 3 4 3
22 0.061538 1 4 1 3 1 3 4 2 3 4 1 3 1 1 1 3 3 2 4 2 2 0 0 0 2 2 1 2 1 3 3 3 3 3 3 2 1 3 3 2 2 1 1 1 3 2 3 3 3 1 1 3 3 4 1 2 2 3 3 3 3 3 1 1 3 3 2 3 1 4 1 3 1 3 3 3 1 2 3 4 3 3 3 4 3
22 0.061538 1 4 1 3 1 3 4 2 3 4 1 3 1 1 1 3 3 2 4 2 2 0 0 0 2 2 1 2 3 3 3 3 3 3 3 2 1 3 3 2 2 1 1 3 3 2 3 3 3 1 1 3 3 4 1 2 2 3 3 3 3 3 1 1 3 3 2 3 1 4 1 3 1 3 3 3 1 2 3 4 3 3 3 4 3
22 0.061538 1 4 1 3 1 3 4 2 0 0 0 0 0 0 2 4 0 0 0 2 2 0 0 0 2 2 1 2 1 3 3 3 3 3 3 2 1 3 3 2 2 1 1 3 3 2 3 3 3 1 1 3 3 4 1 2 2 3 3 3 3 3 1 1 3 3 2 3 1 2 1 3 1 3 3 3 1 2 3 4 3 3 3 4 3
22 0.061538 2 4 1 3 1 3 4 2 3 4 1 3 1 1 1 3 3 2 4 2 2 0 0 0 2 2 1 2 1 3 3 3 3 3 3 2 1 3 3 2 2 1 1 3 3 2 3 3 3 1 1 3 3 4 1 1 2 1 3 3 3 3 1 1 3 3 2 3 1 4 1 3 1 3 3 3 1 1 3 4 3 3 3 4 3
22 0.061538 1 4 1 3 1 3 4 2 3 4 1 3 1 1 1 3 3 2 4 2 2 0 0 0 2 2 1 2 1 3 3 3 3 3 3 2 1 3 3 2 2 1 1 3 3 2 3 3 3 1 0 3 3 4 1 2 2 3 3 1 3 3 3 1 3 3 2 3 1 4 1 3 1 3 3 3 1 2 3 4 3 3 3 4 3
23 0.000745 1 4 1 3 1 3 4 2 3 4 1 3 1 1 1 3 3 2 4 2 2 0 0 0 2 2 1 4 1 3 3 3 3 3 3 2 1 3 3 2 2 1 1 3 3 2 3 3 3 1 1 3 3 4 1 2 2 3 3 3 3 3 1 1 3 3 2 3 1 4 1 3 1 3 3 3 1 2 3 4 3 3 3 4 3
23 0.000745 1 4 1 3 1 3 4 2 3 4 1 3 1 1 1 3 3 2 4 2 2 0 0 0 2 2 1 2 1 3 3 3 3 3 3 2 1 3 3 2 2 1 1 3 3 2 3 3 3 1 1 3 3 4 1 2 2 3 3 3 3 3 1 1 3 3 2 3 1 4 1 3 1 3 3 3 1 2 3 4 3 3 3 4 1
23 0.000745 1 4 1 3 1 3 4 2 3 4 1 3 1 1 1 3 3 2 4 2 2 0 0 0 2 2 1 2 1 3 3 3 3 1 3 2 1 3 3 2 2 1 1 3 3 2 3 3 3 1 1 3 3 4 1 2 2 3 3 3 3 3 1 1 3 3 2 3 1 4 1 3 1 3 3 3 1 2 3 4 3 3 3 4 3
23 0.000745 1 4 1 3 1 3 4 2 3 4 1 3 1 1 1 3 3 2 4 2 2 0 0 0 2 2 1 2 1 3 3 3 3 3 3 2 1 3 3 2 2 1 1 3 3 2 3 3 3 3 1 3 3 4 1 2 2 3 3 3 3 3 1 1 3 3 2 3 1 4 1 3 1 3 3 3 1 2 3 4 3 3 3 4 3
23 0.061988 1 4 1 3 1 3 4 2 3 4 1 3 1 1 1 3 3 2 4 2 2 0 0 0 2 2 1 2 1 3 3 1 3 3 3 2 4 3 0 0 0 3 2 3 3 4 3 3 3 1 1 3 3 4 1 2 2 3 1 3 3 3 1 1 3 3 2 3 1 4 1 3 1 3 3 3 1 2 3 4 3 3 3 4 3
23 0.061988 1 4 1 3 1 3 4 2 3 4 1 3 1 1 1 3 3 2 4 2 2 0 0 0 2 2 1 2 1 1 3 3 3 3 3 2 1 3 3 2 2 1 1 3 3 2 3 3 3 1 1 3 1 4 1 2 2 3 3 3 3 3 1 1 3 3 2 3 1 4 1 3 1 3 3 3 1 2 3 4 3 3 3 4 3
23 0.501117 1 4 1 3 1 3 4 2 3 4 1 3 1 1 1 3 3 2 4 2 2 0 0 0 2 2 1 2 1 3 3 3 3 3 3 2 1 3 3 2 2 1 1 3 3 2 3 3 3 1 1 3 3 4 1 2 2 3 3 3 3 3 1 1 3 3 2 3 1 4 1 3 1 3 3 3 1 2 3 4 3 3 3 4 3
23 0.061988 1 4 1 3 1 1 4 2 3 4 1 3 1 1 1 3 3 2 4 2 2 0 0 0 2 2 1 2 1 3 3 3 3 3 3 2 1 3 3 2 2 1 1 3 3 2 3 3 3 1 1 3 3 4 1 2 2 3 3 3 3 3 1 1 3 3 2 3 1 4 1 3 1 3 3 3 1 2 3 4 3 3 3 4 3
23 0.061988 1 4 1 3 1 3 4 2 3 4 1 3 1 1 1 3 3 2 4 2 2 0 0 0 2 2 1 2 1 3 3 3 3 3 3 2 1 3 3 2 2 1 1 1 3 2 3 3 3 1 1 3 3 4 1 2 2 3 3 3 3 3 1 1 3 3 2 3 1 4 1 3 1 3 3 3 1 2 3 4 3 3 3 4 3
23 0.061988 1 4 1 3 1 3 4 2 3 4 1 3 1 1 1 3 3 2 4 2 2 0 0 0 2 2 1 2 3 3 3 3 3 3 3 2 1 3 3 2 2 1 1 3 3 2 3 3 3 1 1 3 3 4 1 2 2 3 3 3 3 3 1 1 3 3 2 3 1 4 1 3 1 3 3 3 1 2 3 4 3 3 3 4 3
23 0.061988 1 4 1 3 1 3 4 2 0 0 0 0 0 0 2 4 0 0 0 2 2 0 0 0 2 2 1 2 1 3 3 3 3 3 3 2 1 3 3 2 2 1 1 3 3 2 3 3 3 1 1 3 3 4 1 2 2 3 3 3 3 3 1 1 3 3 2 3 1 2 1 3 1 3 3 3 1 2 3 4 3 3 3 4 3
23 0.061988 2 4 1 3 1 3 4 2 3 4 1 3 1 1 1 3 3 2 4 2 2 0 0 0 2 2 1 2 1 3 3 3 3 3 3 2 1 3 3 2 2 1 1 3 3 2 3 3 3 1 1 3 3 4 1 1 2 1 3 3 3 3 1 1 3 3 2 3 1 4 1 3 1 3 3 3 1 1 3 4 3 3 3 4 3
23 0.061988 1 4 1 3 1 3 4 2 3 4 1 3 1 1 1 3 3 2 4 2 2 0 0 0 2 2 1 2 1 3 3 3 3 3 3 2 1 3 3 2 2 1 1 3 3 2 3 3 3 1 0 3 3 4 1 2 2 3 3 1 3 3 3 1 3 3 2 3 1 4 1 3 1 3 3 3 1 2 3 4 3 3 3 4 3
24 0.000300 1 4 1 3 1 3 4 2 3 4 1 3 1 1 1 3 3 2 4 2 2 0 0 0 2 2 1 4 1 3 3 3 3 3 3 2 1 3 3 2 2 1 1 3 3 2 3 3 3 1 1 3 3 4 1 2 2 3 3 3 3 3 1 1 3 3 2 3 1 4 1 3 1 3 3 3 1 2 3 4 3 3 3 4 3
24 0.000300 1 4 1 3 1 3 4 2 3 4 1 3 1 1 1 3 3 2 4 2 2 0 0 0 2 2 1 2 1 3 3 3 3 3 3 2 1 3 3 2 2 1 1 3 3 2 3 3 3 1 1 3 3 4 1 2 2 3 3 3 3 3 1 1 3 3 2 3 1 4 1 3 1 3 3 3 1 2 3 4 3 3 3 4 1
24 0.000300 1 4 1 3 1 3 4 2 3 4 1 3 1 1 1 3 3 2 4 2 2 0 0 0 2 2 1 2 1 3 3 3 3 1 3 2 1 3 3 2 2 1 1 3 3 2 3 3 3 1 1 3 3 4 1 2 2 3 3 3 3 3 1 1 3 3 2 3 1 4 1 3 1 3 3 3 1 2 3 4 3 3 3 4 3
24 0.000300 1 4 1 3 1 3 4 2 3 4 1 3 1 1 1 3 3 2 4 2 2 0 0 0 2 2 1 2 1 3 3 3 3 3 3 2 1 3 3 2 2 1 1 3 3 2 3 3 3 3 1 3 3 4 1 2 2 3 3 3 3 3 1 1 3 3 2 3 1 4 1 3 1 3 3 3 1 2 3 4 3 3 3 4 3
24 0.062294 1 4 1 3 1 3 4 2 3 4 1 3 1 1 1 3 3 2 4 2 2 0 0 0 2 2 1 2 1 3 3 1 3 3 3 2 4 3 0 0 0 3 2 3 3 4 3 3 3 1 1 3 3 4 1 2 2 3 1 3 3 3 1 1 3 3 2 3 1 4 1 3 1 3 3 3 1 2 3 4 3 3 3 4 3
24 0.062294 1 4 1 3 1 3 4 2 3 4 1 3 1 1 1 3 3 2 4 2 2 0 0 0 2 2 1 2 1 1 3 3 3 3 3 2 1 3 3 2 2 1 1 3 3 2 3 3 3 1 1 3 1 4 1 2 2 3 3 3 3 3 1 1 3 3 2 3 1 4 1 3 1 3 3 3 1 2 3 4 3 3 3 4 3
24 0.500450 1 4 1 3 1 3 4 2 3 4 1 3 1 1 1 3 3 2 4 2 2 0 0 0 2 2 1 2 1 3 3 3 3 3 3 2 1 3 3 2 2 1 1 3 3 2 3 3 3 1 1 3 3 4 1 2 2 3 3 3 3 3 1 1 3 3 2 3 1 4 1 3 1 3 3 3 1 2 3 4 3 3 3 4 3
24 0.062294 1 4 1 3 1 1 4 2 3 4 1 3 1 1 1 3 3 2 4 2 2 0 0 0 2 2 1 2 1 3 3 3 3 3 3 2 1 3 3 2 2 1 1 3 3 2 3 3 3 1 1 3 3 4 1 2 2 3 3 3 3 3 1 1 3 3 2 3 1 4 1 3 1 3 3 3 1 2 3 4 3 3 3 4 3
24 0.062294 1 4 1 3 1 3 4 2 3 4 1 3 1 1 1 3 3 2 4 2 2 0 0 0 2 2 1 2 1 3 3 3 3 3 3 2 1 3 3 2 2 1 1 1 3 2 3 3 3 1 1 3 3 4 1 2 2 3 3 3 3 3 1 1 3 3 2 3 1 4 1 3 1 3 3 3 1 2 3 4 3 3 3 4 3
24 0.062294 1 4 1 3 1 3 4 2 3 4 1 3 1 1 1 3 3 2 4 2 2 0 0 0 2 2 1 2 3 3 3 3 3 3 3 2 1 3 3 2 2 1 1 3 3 2 3 3 3 1 1 3 3 4 1 2 2 3 3 3 3 3 1 1 3 3 2 3 1 4 1 3 1 3 3 3 1 2 3 4 3 3 3 4 3
24 0.062294 1 4 1 3 1 3 4 2 0 0 0 0 0 0 2 4 0 0 0 2 2 0 0 0 2 2 1 2 1 3 3 3 3 3 3 2 1 3 3 2 2 1 1 3 3 2 3 3 3 1 1 3 3 4 1 2 2 3 3 3 3 3 1 1 3 3 2 3 1 2 1 3 1 3 3 3 1 2 3 4 3 3 3 4 3
24 0.062294 2 4 1 3 1 3 4 2 3 4 1 3 1 1 1 3 3 2 4 2 2 0 0 0 2 2 1 2 1 3 3 3 3 3 3 2 1 3 3 2 2 1 1 3 3 2 3 3 3 1 1 3 3 4 1 1 2 1 3 3 3 3 1 1 3 3 2 3 1 4 1 3 1 3 3 3 1 1 3 4 3 3 3 4 3
24 0.062294 1 4 1 3 1 3 4 2 3 4 1 3 1 1 1 3 3 2 4 2 2 0 0 0 2 2 1 2 1 3 3 3 3 3 3 2 1 3 3 2 2 1 1 3 3 2 3 3 3 1 0 3 3 4 1 2 2 3 3 1 3 3 3 1 3 3 2 3 1 4 1 3 1 3 3 3 1 2 3 4 3 3 3 4 3
25 0.062500 1 4 1 3 1 3 4 2 3 4 1 3 1 1 1 3 3 2 4 2 2 0 0 0 2 2 1 2 1 3 3 1 3 3 3 2 4 3 0 0 0 3 2 3 3 4 3 3 3 1 1 3 3 4 1 2 2 3 1 3 3 3 1 1 3 3 2 3 1 4 1 3 1 3 3 3 1 2 3 4 3 3 3 4 3
25 0.062500 1 4 1 3 1 1 4 2 3 4 1 3 1 1 1 3 3 2 4 2 2 0 0 0 2 2 1 2 1 3 3 3 3 3 3 2 1 3 3 2 2 1 1 3 3 2 3 3 3 1 1 3 3 4 1 2 2 3 3 3 3 3 1 1 3 3 2 3 1 4 1 3 1 3 3 3 1 2 3 4 3 3 3 4 3
25 0.062500 2 4 1 3 1 3 4 2 3 4 1 3 1 1 1 3 3 2 4 2 2 0 0 0 2 2 1 2 1 3 3 3 3 3 3 2 1 3 3 2 2 1 1 3 3 2 3 3 3 1 1 3 3 4 1 1 2 1 3 3 3 3 1 1 3 3 2 3 1 4 1 3 1 3 3 3 1 1 3 4 3 3 3 4 3
25 0.062500 1 4 1 3 1 3 4 2 3 4 1 3 1 1 1 3 3 2 4 2 2 0 0 0 2 2 1 2 3 3 3 3 3 3 3 2 1 3 3 2 2 1 1 3 3 2 3 3 3 1 1 3 3 4 1 2 2 3 3 3 3 3 1 1 3 3 2 3 1 4 1 3 1 3 3 3 1 2 3 4 3 3 3 4 3
25 0.062500 1 4 1 3 1 3 4 2 3 4 1 3 1 1 1 3 3 2 4 2 2 0 0 0 2 2 1 2 1 1 3 3 3 3 3 2 1 3 3 2 2 1 1 3 3 2 3 3 3 1 1 3 1 4 1 2 2 3 3 3 3 3 1 1 3 3 2 3 1 4 1 3 1 3 3 3 1 2 3 4 3 3 3 4 3
25 0.500000 1 4 1 3 1 3 4 2 3 4 1 3 1 1 1 3 3 2 4 2 2 0 0 0 2 2 1 2 1 3 3 3 3 3 3 2 1 3 3 2 2 1 1 3 3 2 3 3 3 1 1 3 3 4 1 2 2 3 3 3 3 3 1 1 3 3 2 3 1 4 1 3 1 3 3 3 1 2 3 4 3 3 3 4 3
25 0.062500 1 4 1 3 1 3 4 2 3 4 1 3 1 1 1 3 3 2 4 2 2 0 0 0 2 2 1 2 1 3 3 3 3 3 3 2 1 3 3 2 2 1 1 1 3 2 3 3 3 1 1 3 3 4 1 2 2 3 3 3 3 3 1 1 3 3 2 3 1 4 1 3 1 3 3 3 1 2 3 4 3 3 3 4 3
25 0.062500 1 4 1 3 1 3 4 2 0 0 0 0 0 0 2 4 0 0 0 2 2 0 0 0 2 2 1 2 1 3 3 3 3 3 3 2 1 3 3 2 2 1 1 3 3 2 3 3 3 1 1 3 3 4 1 2 2 3 3 3 3 3 1 1 3 3 2 3 1 2 1 3 1 3 3 3 1 2 3 4 3 3 3 4 3
25 0.062500 1 4 1 3 1 3 4 2 3 4 1 3 1 1 1 3 3 2 4 2 2 0 0 0 2 2 1 2 1 3 3 3 3 3 3 2 1 3 3 2 2 1 1 3 3 2 3 3 3 1 0 3 3 4 1 2 2 3 3 1 3 3 3 1 3 3 2 3 1 4 1 3 1 3 3 3 1 2 3 4 3 3 3 4 3
26 0.000082 1 4 4 3 1 3 4 2 3 4 1 3 3 1 1 3 3 2 4 2 2 0 0 0 2 2 1 2 1 3 3 3 3 3 3 2 1 3 3 2 2 1 1 3 3 2 3 3 3 1 1 3 3 4 3 2 2 3 3 3 3 3 1 1 3 3 4 3 1 4 1 3 1 3 3 3 1 2 3 4 3 3 3 4 3
26 0.000658 1 4 1 3 1 3 2 2 3 4 1 3 1 1 1 3 3 2 4 2 4 3 2 2 2 2 1 2 1 3 3 3 3 3 3 2 1 3 3 2 2 1 1 3 3 2 3 3 3 1 1 3 3 4 1 2 2 3 3 3 3 3 1 1 3 3 2 3 1 4 1 3 1 3 3 3 1 2 3 4 3 3 3 4 3
26 0.000082 1 2 1 1 1 3 4 2 3 4 1 3 1 1 1 3 1 2 4 2 2 0 0 0 2 4 1 2 1 3 3 3 3 3 3 2 1 3 3 2 2 1 1 3 3 2 3 3 3 1 1 3 3 4 1 2 2 3 3 3 3 3 1 1 3 3 2 3 0 4 1 3 1 3 3 3 1 2 3 2 3 3 3 4 3
26 0.000082 1 4 1 3 1 3 2 2 3 4 1 3 1 1 1 3 3 2 4 2 4 3 2 2 2 2 1 2 1 3 3 3 3 3 3 2 1 3 3 2 2 1 1 3 3 2 3 3 3 1 1 3 3 4 1 2 2 3 3 3 3 3 1 4 3 3 2 3 1 4 1 3 1 3 3 3 1 2 3 4 3 3 3 4 3
26 0.062387 1 4 1 3 1 3 4 2 3 4 1 3 1 1 1 3 3 2 4 2 2 0 0 0 2 2 1 2 1 3 3 1 3 3 3 2 4 3 0 0 0 3 2 3 3 4 3 3 3 1 1 3 3 4 1 2 2 3 1 3 3 3 1 1 3 3 2 3 1 4 1 3 1 3 3 3 1 2 3 4 3 3 3 4 3
26 0.000082 1 4 1 3 1 3 2 4 3 4 1 3 1 1 1 3 3 2 4 2 4 3 2 2 2 2 1 2 1 3 3 3 3 3 3 2 1 3 3 2 2 1 1 3 3 2 3 3 3 1 1 3 3 4 1 2 2 3 3 3 3 3 1 1 3 3 2 3 1 4 1 3 1 3 3 3 1 2 3 4 3 3 3 4 3
26 0.062387 1 4 1 3 1 1 4 2 3 4 1 3 1 1 1 3 3 2 4 2 2 0 0 0 2 2 1 2 1 3 3 3 3 3 3 2 1 3 3 2 2 1 1 3 3 2 3 3 3 1 1 3 3 4 1 2 2 3 3 3 3 3 1 1 3 3 2 3 1 4 1 3 1 3 3 3 1 2 3 4 3 3 3 4 3
26 0.000082 1 2 1 3 1 3 2 2 3 4 1 3 3 1 1 3 3 2 4 2 2 0 0 0 2 2 3 2 1 3 3 3 3 3 1 2 1 1 3 2 2 1 1 3 3 2 3 3 3 1 1 3 3 4 1 2 2 3 3 3 3 3 1 1 3 3 2 3 1 4 1 3 1 3 3 3 1 2 3 4 3 3 3 4 3
26 0.000082 1 4 1 3 1 3 2 2 3 4 1 3 1 1 1 3 3 2 4 2 4 3 2 2 2 2 1 2 1 3 3 3 3 3 3 2 1 3 3 2 2 1 1 3 3 2 3 3 3 1 1 3 3 2 1 2 2 3 3 3 3 3 1 1 3 3 2 3 1 4 1 3 1 3 3 3 1 2 3 4 3 3 3 4 3
26 0.062387 2 4 1 3 1 3 4 2 3 4 1 3 1 1 1 3 3 2 4 2 2 0 0 0 2 2 1 2 1 3 3 3 3 3 3 2 1 3 3 2 2 1 1 3 3 2 3 3 3 1 1 3 3 4 1 1 2 1 3 3 3 3 1 1 3 3 2 3 1 4 1 3 1 3 3 3 1 1 3 4 3 3 3 4 3
26 0.000082 1 4 1 3 1 3 2 2 3 4 1 3 1 1 1 3 3 2 4 2 4 3 2 2 2 2 1 2 1 3 3 3 3 3 3 2 1 3 3 2 2 1 1 3 3 2 3 3 3 1 1 3 3 4 1 2 2 3 3 3 3 3 1 1 3 3 2 3 1 4 1 3 1 3 3 3 3 2 3 4 1 3 3 4 3
26 0.000082 1 4 1 3 1 3 2 2 3 4 1 3 1 1 1 3 3 2 4 2 4 3 2 2 2 2 1 2 1 3 3 3 3 3 3 4 1 3 3 2 2 1 1 3 3 2 3 3 3 1 1 3 3 4 1 2 2 3 3 3 3 3 1 1 3 3 2 3 1 4 1 3 1 3 3 3 1 2 3 4 3 3 3 4 3
26 0.000082 1 4 1 3 2 3 4 2 3 4 1 3 1 1 1 3 0 0 0 1 4 3 2 2 2 2 1 2 1 3 3 3 3 3 3 2 1 3 3 2 2 1 1 3 3 2 3 3 3 1 1 3 3 4 1 2 2 3 3 3 3 3 1 1 3 3 2 3 1 4 1 3 3 3 3 3 1 2 3 4 3 3 3 2 3
26 0.062387 1 4 1 3 1 3 4 2 3 4 1 3 1 1 1 3 3 2 4 2 2 0 0 0 2 2 1 2 3 3 3 3 3 3 3 2 1 3 3 2 2 1 1 3 3 2 3 3 3 1 1 3 3 4 1 2 2 3 3 3 3 3 1 1 3 3 2 3 1 4 1 3 1 3 3 3 1 2 3 4 3 3 3 4 3
26 0.000082 1 4 1 3 2 3 4 2 3 4 1 3 1 1 1 3 0 0 0 1 4 3 2 2 2 2 1 2 1 3 3 3 3 3 3 2 1 3 3 2 2 1 1 3 3 2 3 3 3 1 1 3 3 4 1 2 2 3 3 3 3 3 1 1 3 3 2 3 1 4 1 3 1 3 3 3 1 2 3 4 3 3 3 4 3
26 0.000082 1 4 1 3 1 3 2 2 3 1 1 3 1 1 1 3 3 2 4 2 2 0 0 0 4 2 1 2 1 3 3 3 1 3 3 2 1 3 3 2 2 1 1 3 1 2 1 1 1 1 1 1 3 4 1 2 2 3 3 3 1 1 1 1 1 1 2 1 1 4 1 1 1 1 1 1 1 2 1 4 3 1 3 4 3
26 0.000082 1 4 1 3 1 3 2 2 3 4 1 3 1 1 1 3 3 2 4 2 4 3 2 2 2 2 1 2 1 3 3 3 3 3 3 2 1 3 3 2 2 1 1 3 3 2 3 3 3 1 1 3 3 4 1 2 2 3 3 3 3 3 1 1 3 3 2 3 1 4 1 3 1 3 3 3 1 2 3 4 3 3 1 4 3
26 0.062387 1 4 1 3 1 3 4 2 3 4 1 3 1 1 1 3 3 2 4 2 2 0 0 0 2 2 1 2 1 1 3 3 3 3 3 2 1 3 3 2 2 1 1 3 3 2 3 3 3 1 1 3 1 4 1 2 2 3 3 3 3 3 1 1 3 3 2 3 1 4 1 3 1 3 3 3 1 2 3 4 3 3 3 4 3
26 0.000082 1 4 1 3 1 3 2 2 3 4 1 3 1 1 1 3 3 2 4 2 4 3 2 2 2 2 1 2 1 3 3 3 3 3 3 2 1 3 3 2 2 1 1 3 3 2 3 3 3 1 1 3 3 4 1 2 4 3 3 3 3 3 1 1 3 3 2 3 1 4 1 3 1 3 3 3 1 2 3 4 3 3 3 4 3
26 0.000082 1 2 1 1 1 3 4 2 3 1 1 3 1 1 1 3 3 2 4 2 2 0 0 0 2 2 1 2 1 3 1 3 3 3 3 2 1 4 3 2 2 1 1 3 3 2 3 3 3 1 1 3 3 4 1 2 2 3 3 3 3 3 1 1 3 3 2 3 1 4 3 3 1 3 3 3 1 2 3 4 3 3 3 4 3
26 0.499096 1 4 1 3 1 3 4 2 3 4 1 3 1 1 1 3 3 2 4 2 2 0 0 0 2 2 1 2 1 3 3 3 3 3 3 2 1 3 3 2 2 1 1 3 3 2 3 3 3 1 1 3 3 4 1 2 2 3 3 3 3 3 1 1 3 3 2 3 1 4 1 3 1 3 3 3 1 2 3 4 3 3 3 4 3
26 0.062387 1 4 1 3 1 3 4 2 3 4 1 3 1 1 1 3 3 2 4 2 2 0 0 0 2 2 1 2 1 3 3 3 3 3 3 2 1 3 3 2 2 1 1 1 3 2 3 3 3 1 1 3 3 4 1 2 2 3 3 3 3 3 1 1 3 3 2 3 1 4 1 3 1 3 3 3 1 2 3 4 3 3 3 4 3
26 0.062387 1 4 1 3 1 3 4 2 0 0 0 0 0 0 2 4 0 0 0 2 2 0 0 0 2 2 1 2 1 3 3 3 3 3 3 2 1 3 3 2 2 1 1 3 3 2 3 3 3 1 1 3 3 4 1 2 2 3 3 3 3 3 1 1 3 3 2 3 1 2 1 3 1 3 3 3 1 2 3 4 3 3 3 4 3
26 0.062387 1 4 1 3 1 3 4 2 3 4 1 3 1 1 1 3 3 2 4 2 2 0 0 0 2 2 1 2 1 3 3 3 3 3 3 2 1 3 3 2 2 1 1 3 3 2 3 3 3 1 0 3 3 4 1 2 2 3 3 1 3 3 3 1 3 3 2 3 1 4 1 3 1 3 3 3 1 2 3 4 3 3 3 4 3
27 0.000186 1 4 4 3 1 3 4 2 3 4 1 3 3 1 1 3 3 2 4 2 2 0 0 0 2 2 1 2 1 3 3 3 3 3 3 2 1 3 3 2 2 1 1 3 3 2 3 3 3 1 1 3 3 4 3 2 2 3 3 3 3 3 1 1 3 3 4 3 1 4 1 3 1 3 3 3 1 2 3 4 3 3 3 4 3
27 0.001488 1 4 1 3 1 3 2 2 3 4 1 3 1 1 1 3 3 2 4 2 4 3 2 2 2 2 1 2 1 3 3 3 3 3 3 2 1 3 3 2 2 1 1 3 3 2 3 3 3 1 1 3 3 4 1 2 2 3 3 3 3 3 1 1 3 3 2 3 1 4 1 3 1 3 3 3 1 2 3 4 3 3 3 4 3
27 0.000186 1 2 1 1 1 3 4 2 3 4 1 3 1 1 1 3 1 2 4 2 2 0 0 0 2 4 1 2 1 3 3 3 3 3 3 2 1 3 3 2 2 1 1 3 3 2 3 3 3 1 1 3 3 4 1 2 2 3 3 3 3 3 1 1 3 3 2 3 0 4 1 3 1 3 3 3 1 2 3 2 3 3 3 4 3
27 0.000186 1 4 1 3 1 3 2 2 3 4 1 3 1 1 1 3 3 2 4 2 4 3 2 2 2 2 1 2 1 3 3 3 3 3 3 2 1 3 3 2 2 1 1 3 3 2 3 3 3 1 1 3 3 4 1 2 2 3 3 3 3 3 1 4 3 3 2 3 1 4 1 3 1 3 3 3 1 2 3 4 3 3 3 4 3
27 0.062244 1 4 1 3 1 3 4 2 3 4 1 3 1 1 1 3 3 2 4 2 2 0 0 0 2 2 1 2 1 3 3 1 3 3 3 2 4 3 0 0 0 3 2 3 3 4 3 3 3 1 1 3 3 4 1 2 2 3 1 3 3 3 1 1 3 3 2 3 1 4 1 3 1 3 3 3 1 2 3 4 3 3 3 4 3
27 0.000186 1 4 1 3 1 3 2 4 3 4 1 3 1 1 1 3 3 2 4 2 4 3 2 2 2 2 1 2 1 3 3 3 3 3 3 2 1 3 3 2 2 1 1 3 3 2 3 3 3 1 1 3 3 4 1 2 2 3 3 3 3 3 1 1 3 3 2 3 1 4 1 3 1 3 3 3 1 2 3 4 3 3 3 4 3
27 0.062244 1 4 1 3 1 1 4 2 3 4 1 3 1 1 1 3 3 2 4 2 2 0 0 0 2 2 1 2 1 3 3 3 3 3 3 2 1 3 3 2 2 1 1 3 3 2 3 3 3 1 1 3 3 4 1 2 2 3 3 3 3 3 1 1 3 3 2 3 1 4 1 3 1 3 3 3 1 2 3 4 3 3 3 4 3
27 0.000186 1 2 1 3 1 3 2 2 3 4 1 3 3 1 1 3 3 2 4 2 2 0 0 0 2 2 3 2 1 3 3 3 3 3 1 2 1 1 3 2 2 1 1 3 3 2 3 3 3 1 1 3 3 4 1 2 2 3 3 3 3 3 1 1 3 3 2 3 1 4 1 3 1 3 3 3 1 2 3 4 3 3 3 4 3
27 0.000186 1 4 1 3 1 3 2 2 3 4 1 3 1 1 1 3 3 2 4 2 4 3 2 2 2 2 1 2 1 3 3 3 3 3 3 2 1 3 3 2 2 1 1 3 3 2 3 3 3 1 1 3 3 2 1 2 2 3 3 3 3 3 1 1 3 3 2 3 1 4 1 3 1 3 3 3 1 2 3 4 3 3 3 4 3
27 0.062244 2 4 1 3 1 3 4 2 3 4 1 3 1 1 1 3 3 2 4 2 2 0 0 0 2 2 1 2 1 3 3 3 3 3 3 2 1 3 3 2 2 1 1 3 3 2 3 3 3 1 1 3 3 4 1 1 2 1 3 3 3 3 1 1 3 3 2 3 1 4 1 3 1 3 3 3 1 1 3 4 3 3 3 4 3
27 0.000186 1 4 1 3 1 3 2 2 3 4 1 3 1 1 1 3 3 2 4 2 4 3 2 2 2 2 1 2 1 3 3 3 3 3 3 2 1 3 3 2 2 1 1 3 3 2 3 3 3 1 1 3 3 4 1 2 2 3 3 3 3 3 1 1 3 3 2 3 1 4 1 3 1 3 3 3 3 2 3 4 1 3 3 4 3
27 0.000186 1 4 1 3 1 3 2 2 3 4 1 3 1 1 1 3 3 2 4 2 4 3 2 2 2 2 1 2 1 3 3 3 3 3 3 4 1 3 3 2 2 1 1 3 3 2 3 3 3 1 1 3 3 4 1 2 2 3 3 3 3 3 1 1 3 3 2 3 1 4 1 3 1 3 3 3 1 2 3 4 3 3 3 4 3
27 0.000186 1 4 1 3 2 3 4 2 3 4 1 3 1 1 1 3 0 0 0 1 4 3 2 2 2 2 1 2 1 3 3 3 3 3 3 2 1 3 3 2 2 1 1 3 3 2 3 3 3 1 1 3 3 4 1 2 2 3 3 3 3 3 1 1 3 3 2 3 1 4 1 3 3 3 3 3 1 2 3 4 3 3 3 2 3
27 0.062244 1 4 1 3 1 3 4 2 3 4 1 3 1 1 1 3 3 2 4 2 2 0 0 0 2 2 1 2 3 3 3 3 3 3 3 2 1 3 3 2 2 1 1 3 3 2 3 3 3 1 1 3 3 4 1 2 2 3 3 3 3 3 1 1 3 3 2 3 1 4 1 3 1 3 3 3 1 2 3 4 3 3 3 4 3
27 0.000186 1 4 1 3 2 3 4 2 3 4 1 3 1 1 1 3 0 0 0 1 4 3 2 2 2 2 1 2 1 3 3 3 3 3 3 2 1 3 3 2 2 1 1 3 3 2 3 3 3 1 1 3 3 4 1 2 2 3 3 3 3 3 1 1 3 3 2 3 1 4 1 3 1 3 3 3 1 2 3 4 3 3 3 4 3
27 0.000186 1 4 1 3 1 3 2 2 3 1 1 3 1 1 1 3 3 2 4 2 2 0 0 0 4 2 1 2 1 3 3 3 1 3 3 2 1 3 3 2 2 1 1 3 1 2 1 1 1 1 1 1 3 4 1 2 2 3 3 3 1 1 1 1 1 1 2 1 1 4 1 1 1 1 1 1 1 2 1 4 3 1 3 4 3
27 0.000186 1 4 1 3 1 3 2 2 3 4 1 3 1 1 1 3 3 2 4 2 4 3 2 2 2 2 1 2 1 3 3 3 3 3 3 2 1 3 3 2 2 1 1 3 3 2 3 3 3 1 1 3 3 4 1 2 2 3 3 3 3 3 1 1 3 3 2 3 1 4 1 3 1 3 3 3 1 2 3 4 3 3 1 4 3
27 0.062244 1 4 1 3 1 3 4 2 3 4 1 3 1 1 1 3 3 2 4 2 2 0 0 0 2 2 1 2 1 1 3 3 3 3 3 2 1 3 3 2 2 1 1 3 3 2 3 3 3 1 1 3 1 4 1 2 2 3 3 3 3 3 1 1 3 3 2 3 1 4 1 3 1 3 3 3 1 2 3 4 3 3 3 4 3
27 0.000186 1 4 1 3 1 3 2 2 3 4 1 3 1 1 1 3 3 2 4 2 4 3 2 2 2 2 1 2 1 3 3 3 3 3 3 2 1 3 3 2 2 1 1 3 3 2 3 3 3 1 1 3 3 4 1 2 4 3 3 3 3 3 1 1 3 3 2 3 1 4 1 3 1 3 3 3 1 2 3 4 3 3 3 4 3
27 0.000186 1 2 1 1 1 3 4 2 3 1 1 3 1 1 1 3 3 2 4 2 2 0 0 0 2 2 1 2 1 3 1 3 3 3 3 2 1 4 3 2 2 1 1 3 3 2 3 3 3 1 1 3 3 4 1 2 2 3 3 3 3 3 1 1 3 3 2 3 1 4 3 3 1 3 3 3 1 2 3 4 3 3 3 4 3
27 0.497953 1 4 1 3 1 3 4 2 3 4 1 3 1 1 1 3 3 2 4 2 2 0 0 0 2 2 1 2 1 3 3 3 3 3 3 2 1 3 3 2 2 1 1 3 3 2 3 3 3 1 1 3 3 4 1 2 2 3 3 3 3 3 1 1 3 3 2 3 1 4 1 3 1 3 3 3 1 2 3 4 3 3 3 4 3
27 0.062244 1 4 1 3 1 3 4 2 3 4 1 3 1 1 1 3 3 2 4 2 2 0 0 0 2 2 1 2 1 3 3 3 3 3 3 2 1 3 3 2 2 1 1 1 3 2 3 3 3 1 1 3 3 4 1 2 2 3 3 3 3 3 1 1 3 3 2 3 1 4 1 3 1 3 3 3 1 2 3 4 3 3 3 4 3
27 0.062244 1 4 1 3 1 3 4 2 0 0 0 0 0 0 2 4 0 0 0 2 2 0 0 0 2 2 1 2 1 3 3 3 3 3 3 2 1 3 3 2 2 1 1 3 3 2 3 3 3 1 1 3 3 4 1 2 2 3 3 3 3 3 1 1 3 3 2 3 1 2 1 3 1 3 3 3 1 2 3 4 3 3 3 4 3
27 0.062244 1 4 1 3 1 3 4 2 3 4 1 3 1 1 1 3 3 2 4 2 2 0 0 0 2 2 1 2 1 3 3 3 3 3 3 2 1 3 3 2 2 1 1 3 3 2 3 3 3 1 0 3 3 4 1 2 2 3 3 1 3 3 3 1 3 3 2 3 1 4 1 3 1 3 3 3 1 2 3 4 3 3 3 4 3
28 0.000317 1 4 4 3 1 3 4 2 3 4 1 3 3 1 1 3 3 2 4 2 2 0 0 0 2 2 1 2 1 3 3 3 3 3 3 2 1 3 3 2 2 1 1 3 3 2 3 3 3 1 1 3 3 4 3 2 2 3 3 3 3 3 1 1 3 3 4 3 1 4 1 3 1 3 3 3 1 2 3 4 3 3 3 4 3
28 0.002537 1 4 1 3 1 3 2 2 3 4 1 3 1 1 1 3 3 2 4 2 4 3 2 2 2 2 1 2 1 3 3 3 3 3 3 2 1 3 3 2 2 1 1 3 3 2 3 3 3 1 1 3 3 4 1 2 2 3 3 3 3 3 1 1 3 3 2 3 1 4 1 3 1 3 3 3 1 2 3 4 3 3 3 4 3
28 0.000317 1 2 1 1 1 3 4 2 3 4 1 3 1 1 1 3 1 2 4 2 2 0 0 0 2 4 1 2 1 3 3 3 3 3 3 2 1 3 3 2 2 1 1 3 3 2 3 3 3 1 1 3 3 4 1 2 2 3 3 3 3 3 1 1 3 3 2 3 0 4 1 3 1 3 3 3 1 2 3 2 3 3 3 4 3
28 0.000317 1 4 1 3 1 3 2 2 3 4 1 3 1 1 1 3 3 2 4 2 4 3 2 2 2 2 1 2 1 3 3 3 3 3 3 2 1 3 3 2 2 1 1 3 3 2 3 3 3 1 1 3 3 4 1 2 2 3 3 3 3 3 1 4 3 3 2 3 1 4 1 3 1 3 3 3 1 2 3 4 3 3 3 4 3
28 0.062064 1 4 1 3 1 3 4 2 3 4 1 3 1 1 1 3 3 2 4 2 2 0 0 0 2 2 1 2 1 3 3 1 3 3 3 2 4 3 0 0 0 3 2 3 3 4 3 3 3 1 1 3 3 4 1 2 2 3 1 3 3 3 1 1 3 3 2 3 1 4 1 3 1 3 3 3 1 2 3 4 3 3 3 4 3
28 0.000317 1 4 1 3 1 3 2 4 3 4 1 3 1 1 1 3 3 2 4 2 4 3 2 2 2 2 1 2 1 3 3 3 3 3 3 2 1 3 3 2 2 1 1 3 3 2 3 3 3 1 1 3 3 4 1 2 2 3 3 3 3 3 1 1 3 3 2 3 1 4 1 3 1 3 3 3 1 2 3 4 3 3 3 4 3
28 0.062064 1 4 1 3 1 1 4 2 3 4 1 3 1 1 1 3 3 2 4 2 2 0 0 0 2 2 1 2 1 3 3 3 3 3 3 2 1 3 3 2 2 1 1 3 3 2 3 3 3 1 1 3 3 4 1 2 2 3 3 3 3 3 1 1 3 3 2 3 1 4 1 3 1 3 3 3 1 2 3 4 3 3 3 4 3
28 0.000317 1 2 1 3 1 3 2 2 3 4 1 3 3 1 1 3 3 2 4 2 2 0 0 0 2 2 3 2 1 3 3 3 3 3 1 2 1 1 3 2 2 1 1 3 3 2 3 3 3 1 1 3 3 4 1 2 2 3 3 3 3 3 1 1 3 3 2 3 1 4 1 3 1 3 3 3 1 2 3 4 3 3 3 4 3
28 0.000317 1 4 1 3 1 3 2 2 3 4 1 3 1 1 1 3 3 2 4 2 4 3 2 2 2 2 1 2 1 3 3 3 3 3 3 2 1 3 3 2 2 1 1 3 3 2 3 3 3 1 1 3 3 2 1 2 2 3 3 3 3 3 1 1 3 3 2 3 1 4 1 3 1 3 3 3 1 2 3 4 3 3 3 4 3
28 0.062064 2 4 1 3 1 3 4 2 3 4 1 3 1 1 1 3 3 2 4 2 2 0 0 0 2 2 1 2 1 3 3 3 3 3 3 2 1 3 3 2 2 1 1 3 3 2 3 3 3 1 1 3 3 4 1 1 2 1 3 3 3 3 1 1 3 3 2 3 1 4 1 3 1 3 3 3 1 1 3 4 3 3 3 4 3
28 0.000317 1 4 1 3 1 3 2 2 3 4 1 3 1 1 1 3 3 2 4 2 4 3 2 2 2 2 1 2 1 3 3 3 3 3 3 2 1 3 3 2 2 1 1 3 3 2 3 3 3 1 1 3 3 4 1 2 2 3 3 3 3 3 1 1 3 3 2 3 1 4 1 3 1 3 3 3 3 2 3 4 1 3 3 4 3
28 0.000317 1 4 1 3 1 3 2 2 3 4 1 3 1 1 1 3 3 2 4 2 4 3 2 2 2 2 1 2 1 3 3 3 3 3 3 4 1 3 3 2 2 1 1 3 3 2 3 3 3 1 1 3 3 4 1 2 2 3 3 3 3 3 1 1 3 3 2 3 1 4 1 3 1 3 3 3 1 2 3 4 3 3 3 4 3
28 0.000317 1 4 1 3 2 3 4 2 3 4 1 3 1 1 1 3 0 0 0 1 4 3 2 2 2 2 1 2 1 3 3 3 3 3 3 2 1 3 3 2 2 1 1 3 3 2 3 3 3 1 1 3 3 4 1 2 2 3 3 3 3 3 1 1 3 3 2 3 1 4 1 3 3 3 3 3 1 2 3 4 3 3 3 2 3
28 0.062064 1 4 1 3 1 3 4 2 3 4 1 3 1 1 1 3 3 2 4 2 2 0 0 0 2 2 1 2 3 3 3 3 3 3 3 2 1 3 3 2 2 1 1 3 3 2 3 3 3 1 1 3 3 4 1 2 2 3 3 3 3 3 1 1 3 3 2 3 1 4 1 3 1 3 3 3 1 2 3 4 3 3 3 4 3
28 0.000317 1 4 1 3 2 3 4 2 3 4 1 3 1 1 1 3 0 0 0 1 4 3 2 2 2 2 1 2 1 3 3 3 3 3 3 2 1 3 3 2 2 1 1 3 3 2 3 3 3 1 1 3 3 4 1 2 2 3 3 3 3 3 1 1 3 3 2 3 1 4 1 3 1 3 3 3 1 2 3 4 3 3 3 4 3
28 0.000317 1 4 1 3 1 3 2 2 3 1 1 3 1 1 1 3 3 2 4 2 2 0 0 0 4 2 1 2 1 3 3 3 1 3 3 2 1 3 3 2 2 1 1 3 1 2 1 1 1 1 1 1 3 4 1 2 2 3 3 3 1 1 1 1 1 1 2 1 1 4 1 1 1 1 1 1 1 2 1 4 3 1 3 4 3
28 0.000317 1 4 1 3 1 3 2 2 3 4 1 3 1 1 1 3 3 2 4 2 4 3 2 2 2 2 1 2 1 3 3 3 3 3 3 2 1 3 3 2 2 1 1 3 3 2 3 3 3 1 1 3 3 4 1 2 2 3 3 3 3 3 1 1 3 3 2 3 1 4 1 3 1 3 3 3 1 2 3 4 3 3 1 4 3
28 0.062064 1 4 1 3 1 3 4 2 3 4 1 3 1 1 1 3 3 2 4 2 2 0 0 0 2 2 1 2 1 1 3 3 3 3 3 2 1 3 3 2 2 1 1 3 3 2 3 3 3 1 1 3 1 4 1 2 2 3 3 3 3 3 1 1 3 3 2 3 1 4 1 3 1 3 3 3 1 2 3 4 3 3 3 4 3
28 0.000317 1 4 1 3 1 3 2 2 3 4 1 3 1 1 1 3 3 2 4 2 4 3 2 2 2 2 1 2 1 3 3 3 3 3 3 2 1 3 3 2 2 1 1 3 3 2 3 3 3 1 1 3 3 4 1 2 4 3 3 3 3 3 1 1 3 3 2 3 1 4 1 3 1 3 3 3 1 2 3 4 3 3 3 4 3
28 0.000317 1 2 1 1 1 3 4 2 3 1 1 3 1 1 1 3 3 2 4 2 2 0 0 0 2 2 1 2 1 3 1 3 3 3 3 2 1 4 3 2 2 1 1 3 3 2 3 3 3 1 1 3 3 4 1 2 2 3 3 3 3 3 1 1 3 3 2 3 1 4 3 3 1 3 3 3 1 2 3 4 3 3 3 4 3
28 0.496511 1 4 1 3 1 3 4 2 3 4 1 3 1 1 1 3 3 2 4 2 2 0 0 0 2 2 1 2 1 3 3 3 3 3 3 2 1 3 3 2 2 1 1 3 3 2 3 3 3 1 1 3 3 4 1 2 2 3 3 3 3 3 1 1 3 3 2 3 1 4 1 3 1 3 3 3 1 2 3 4 3 3 3 4 3
28 0.062064 1 4 1 3 1 3 4 2 3 4 1 3 1 1 1 3 3 2 4 2 2 0 0 0 2 2 1 2 1 3 3 3 3 3 3 2 1 3 3 2 2 1 1 1 3 2 3 3 3 1 1 3 3 4 1 2 2 3 3 3 3 3 1 1 3 3 2 3 1 4 1 3 1 3 3 3 1 2 3 4 3 3 3 4 3
28 0.062064 1 4 1 3 1 3 4 2 0 0 0 0 0 0 2 4 0 0 0 2 2 0 0 0 2 2 1 2 1 3 3 3 3 3 3 2 1 3 3 2 2 1 1 3 3 2 3 3 3 1 1 3 3 4 1 2 2 3 3 3 3 3 1 1 3 3 2 3 1 2 1 3 1 3 3 3 1 2 3 4 3 3 3 4 3
28 0.062064 1 4 1 3 1 3 4 2 3 4 1 3 1 1 1 3 3 2 4 2 2 0 0 0 2 2 1 2 1 3 3 3 3 3 3 2 1 3 3 2 2 1 1 3 3 2 3 3 3 1 0 3 3 4 1 2 2 3 3 1 3 3 3 1 3 3 2 3 1 4 1 3 1 3 3 3 1 2 3 4 3 3 3 4 3
29 0.000482 1 4 4 3 1 3 4 2 3 4 1 3 3 1 1 3 3 2 4 2 2 0 0 0 2 2 1 2 1 3 3 3 3 3 3 2 1 3 3 2 2 1 1 3 3 2 3 3 3 1 1 3 3 4 3 2 2 3 3 3 3 3 1 1 3 3 4 3 1 4 1 3 1 3 3 3 1 2 3 4 3 3 3 4 3
29 0.003859 1 4 1 3 1 3 2 2 3 4 1 3 1 1 1 3 3 2 4 2 4 3 2 2 2 2 1 2 1 3 3 3 3 3 3 2 1 3 3 2 2 1 1 3 3 2 3 3 3 1 1 3 3 4 1 2 2 3 3 3 3 3 1 1 3 3 2 3 1 4 1 3 1 3 3 3 1 2 3 4 3 3 3 4 3
29 0.000482 1 2 1 1 1 3 4 2 3 4 1 3 1 1 1 3 1 2 4 2 2 0 0 0 2 4 1 2 1 3 3 3 3 3 3 2 1 3 3 2 2 1 1 3 3 2 3 3 3 1 1 3 3 4 1 2 2 3 3 3 3 3 1 1 3 3 2 3 0 4 1 3 1 3 3 3 1 2 3 2 3 3 3 4 3
29 0.000482 1 4 1 3 1 3 2 2 3 4 1 3 1 1 1 3 3 2 4 2 4 3 2 2 2 2 1 2 1 3 3 3 3 3 3 2 1 3 3 2 2 1 1 3 3 2 3 3 3 1 1 3 3 4 1 2 2 3 3 3 3 3 1 4 3 3 2 3 1 4 1 3 1 3 3 3 1 2 3 4 3 3 3 4 3
29 0.061837 1 4 1 3 1 3 4 2 3 4 1 3 1 1 1 3 3 2 4 2 2 0 0 0 2 2 1 2 1 3 3 1 3 3 3 2 4 3 0 0 0 3 2 3 3 4 3 3 3 1 1 3 3 4 1 2 2 3 1 3 3 3 1 1 3 3 2 3 1 4 1 3 1 3 3 3 1 2 3 4 3 3 3 4 3
29 0.000482 1 4 1 3 1 3 2 4 3 4 1 3 1 1 1 3 3 2 4 2 4 3 2 2 2 2 1 2 1 3 3 3 3 3 3 2 1 3 3 2 2 1 1 3 3 2 3 3 3 1 1 3 3 4 1 2 2 3 3 3 3 3 1 1 3 3 2 3 1 4 1 3 1 3 3 3 1 2 3 4 3 3 3 4 3
29 0.061837 1 4 1 3 1 1 4 2 3 4 1 3 1 1 1 3 3 2 4 2 2 0 0 0 2 2 1 2 1 3 3 3 3 3 3 2 1 3 3 2 2 1 1 3 3 2 3 3 3 1 1 3 3 4 1 2 2 3 3 3 3 3 1 1 3 3 2 3 1 4 1 3 1 3 3 3 1 2 3 4 3 3 3 4 3
29 0.000482 1 2 1 3 1 3 2 2 3 4 1 3 3 1 1 3 3 2 4 2 2 0 0 0 2 2 3 2 1 3 3 3 3 3 1 2 1 1 3 2 2 1 1 3 3 2 3 3 3 1 1 3 3 4 1 2 2 3 3 3 3 3 1 1 3 3 2 3 1 4 1 3 1 3 3 3 1 2 3 4 3 3 3 4 3
29 0.000482 1 4 1 3 1 3 2 2 3 4 1 3 1 1 1 3 3 2 4 2 4 3 2 2 2 2 1 2 1 3 3 3 3 3 3 2 1 3 3 2 2 1 1 3 3 2 3 3 3 1 1 3 3 2 1 2 2 3 3 3 3 3 1 1 3 3 2 3 1 4 1 3 1 3 3 3 1 2 3 4 3 3 3 4 3
29 0.061837 2 4 1 3 1 3 4 2 3 4 1 3 1 1 1 3 3 2 4 2 2 0 0 0 2 2 1 2 1 3 3 3 3 3 3 2 1 3 3 2 2 1 1 3 3 2 3 3 3 1 1 3 3 4 1 1 2 1 3 3 3 3 1 1 3 3 2 3 1 4 1 3 1 3 3 3 1 1 3 4 3 3 3 4 3
29 0.000482 1 4 1 3 1 3 2 2 3 4 1 3 1 1 1 3 3 2 4 2 4 3 2 2 2 2 1 2 1 3 3 3 3 3 3 2 1 3 3 2 2 1 1 3 3 2 3 3 3 1 1 3 3 4 1 2 2 3 3 3 3 3 1 1 3 3 2 3 1 4 1 3 1 3 3 3 3 2 3 4 1 3 3 4 3
29 0.000482 1 4 1 3 1 3 2 2 3 4 1 3 1 1 1 3 3 2 4 2 4 3 2 2 2 2 1 2 1 3 3 3 3 3 3 4 1 3 3 2 2 1 1 3 3 2 3 3 3 1 1 3 3 4 1 2 2 3 3 3 3 3 1 1 3 3 2 3 1 4 1 3 1 3 3 3 1 2 3 4 3 3 3 4 3
29 0.000482 1 4 1 3 2 3 4 2 3 4 1 3 1 1 1 3 0 0 0 1 4 3 2 2 2 2 1 2 1 3 3 3 3 3 3 2 1 3 3 2 2 1 1 3 3 2 3 3 3 1 1 3 3 4 1 2 2 3 3 3 3 3 1 1 3 3 2 3 1 4 1 3 3 3 3 3 1 2 3 4 3 3 3 2 3
29 0.061837 1 4 1 3 1 3 4 2 3 4 1 3 1 1 1 3 3 2 4 2 2 0 0 0 2 2 1 2 3 3 3 3 3 3 3 2 1 3 3 2 2 1 1 3 3 2 3 3 3 1 1 3 3 4 1 2 2 3 3 3 3 3 1 1 3 3 2 3 1 4 1 3 1 3 3 3 1 2 3 4 3 3 3 4 3
29 0.000482 1 4 1 3 2 3 4 2 3 4 1 3 1 1 1 3 0 0 0 1 4 3 2 2 2 2 1 2 1 3 3 3 3 3 3 2 1 3 3 2 2 1 1 3 3 2 3 3 3 1 1 3 3 4 1 2 2 3 3 3 3 3 1 1 3 3 2 3 1 4 1 3 1 3 3 3 1 2 3 4 3 3 3 4 3
29 0.000482 1 4 1 3 1 3 2 2 3 1 1 3 1 1 1 3 3 2 4 2 2 0 0 0 4 2 1 2 1 3 3 3 1 3 3 2 1 3 3 2 2 1 1 3 1 2 1 1 1 1 1 1 3 4 1 2 2 3 3 3 1 1 1 1 1 1 2 1 1 4 1 1 1 1 1 1 1 2 1 4 3 1 3 4 3
29 0.000482 1 4 1 3 1 3 2 2 3 4 1 3 1 1 1 3 3 2 4 2 4 3 2 2 2 2 1 2 1 3 3 3 3 3 3 2 1 3 3 2 2 1 1 3 3 2 3 3 3 1 1 3 3 4 1 2 2 3 3 3 3 3 1 1 3 3 2 3 1 4 1 3 1 3 3 3 1 2 3 4 3 3 1 4 3
29 0.061837 1 4 1 3 1 3 4 2 3 4 1 3 1 1 1 3 3 2 4 2 2 0 0 0 2 2 1 2 1 1 3 3 3 3 3 2 1 3 3 2 2 1 1 3 3 2 3 3 3 1 1 3 1 4 1 2 2 3 3 3 3 3 1 1 3 3 2 3 1 4 1 3 1 3 3 3 1 2 3 4 3 3 3 4 3
29 0.000482 1 4 1 3 1 3 2 2 3 4 1 3 1 1 1 3 3 2 4 2 4 3 2 2 2 2 1 2 1 3 3 3 3 3 3 2 1 3 3 2 2 1 1 3 3 2 3 3 3 1 1 3 3 4 1 2 4 3 3 3 3 3 1 1 3 3 2 3 1 4 1 3 1 3 3 3 1 2 3 4 3 3 3 4 3
29 0.000482 1 2 1 1 1 3 4 2 3 1 1 3 1 1 1 3 3 2 4 2 2 0 0 0 2 2 1 2 1 3 1 3 3 3 3 2 1 4 3 2 2 1 1 3 3 2 3 3 3 1 1 3 3 4 1 2 2 3 3 3 3 3 1 1 3 3 2 3 1 4 3 3 1 3 3 3 1 2 3 4 3 3 3 4 3
29 0.494693 1 4 1 3 1 3 4 2 3 4 1 3 1 1 1 3 3 2 4 2 2 0 0 0 2 2 1 2 1 3 3 3 3 3 3 2 1 3 3 2 2 1 1 3 3 2 3 3 3 1 1 3 3 4 1 2 2 3 3 3 3 3 1 1 3 3 2 3 1 4 1 3 1 3 3 3 1 2 3 4 3 3 3 4 3
29 0.061837 1 4 1 3 1 3 4 2 3 4 1 3 1 1 1 3 3 2 4 2 2 0 0 0 2 2 1 2 1 3 3 3 3 3 3 2 1 3 3 2 2 1 1 1 3 2 3 3 3 1 1 3 3 4 1 2 2 3 3 3 3 3 1 1 3 3 2 3 1 4 1 3 1 3 3 3 1 2 3 4 3 3 3 4 3
29 0.061837 1 4 1 3 1 3 4 2 0 0 0 0 0 0 2 4 0 0 0 2 2 0 0 0 2 2 1 2 1 3 3 3 3 3 3 2 1 3 3 2 2 1 1 3 3 2 3 3 3 1 1 3 3 4 1 2 2 3 3 3 3 3 1 1 3 3 2 3 1 2 1 3 1 3 3 3 1 2 3 4 3 3 3 4 3
29 0.061837 1 4 1 3 1 3 4 2 3 4 1 3 1 1 1 3 3 2 4 2 2 0 0 0 2 2 1 2 1 3 3 3 3 3 3 2 1 3 3 2 2 1 1 3 3 2 3 3 3 1 0 3 3 4 1 2 2 3 3 1 3 3 3 1 3 3 2 3 1 4 1 3 1 3 3 3 1 2 3 4 3 3 3 4 3
30 0.000690 1 4 4 3 1 3 4 2 3 4 1 3 3 1 1 3 3 2 4 2 2 0 0 0 2 2 1 2 1 3 3 3 3 3 3 2 1 3 3 2 2 1 1 3 3 2 3 3 3 1 1 3 3 4 3 2 2 3 3 3 3 3 1 1 3 3 4 3 1 4 1 3 1 3 3 3 1 2 3 4 3 3 3 4 3
30 0.005523 1 4 1 3 1 3 2 2 3 4 1 3 1 1 1 3 3 2 4 2 4 3 2 2 2 2 1 2 1 3 3 3 3 3 3 2 1 3 3 2 2 1 1 3 3 2 3 3 3 1 1 3 3 4 1 2 2 3 3 3 3 3 1 1 3 3 2 3 1 4 1 3 1 3 3 3 1 2 3 4 3 3 3 4 3
30 0.000690 1 2 1 1 1 3 4 2 3 4 1 3 1 1 1 3 1 2 4 2 2 0 0 0 2 4 1 2 1 3 3 3 3 3 3 2 1 3 3 2 2 1 1 3 3 2 3 3 3 1 1 3 3 4 1 2 2 3 3 3 3 3 1 1 3 3 2 3 0 4 1 3 1 3 3 3 1 2 3 2 3 3 3 4 3
30 0.000690 1 4 1 3 1 3 2 2 3 4 1 3 1 1 1 3 3 2 4 2 4 3 2 2 2 2 1 2 1 3 3 3 3 3 3 2 1 3 3 2 2 1 1 3 3 2 3 3 3 1 1 3 3 4 1 2 2 3 3 3 3 3 1 4 3 3 2 3 1 4 1 3 1 3 3 3 1 2 3 4 3 3 3 4 3
30 0.061551 1 4 1 3 1 3 4 2 3 4 1 3 1 1 1 3 3 2 4 2 2 0 0 0 2 2 1 2 1 3 3 1 3 3 3 2 4 3 0 0 0 3 2 3 3 4 3 3 3 1 1 3 3 4 1 2 2 3 1 3 3 3 1 1 3 3 2 3 1 4 1 3 1 3 3 3 1 2 3 4 3 3 3 4 3
30 0.000690 1 4 1 3 1 3 2 4 3 4 1 3 1 1 1 3 3 2 4 2 4 3 2 2 2 2 1 2 1 3 3 3 3 3 3 2 1 3 3 2 2 1 1 3 3 2 3 3 3 1 1 3 3 4 1 2 2 3 3 3 3 3 1 1 3 3 2 3 1 4 1 3 1 3 3 3 1 2 3 4 3 3 3 4 3
30 0.061551 1 4 1 3 1 1 4 2 3 4 1 3 1 1 1 3 3 2 4 2 2 0 0 0 2 2 1 2 1 3 3 3 3 3 3 2 1 3 3 2 2 1 1 3 3 2 3 3 3 1 1 3 3 4 1 2 2 3 3 3 3 3 1 1 3 3 2 3 1 4 1 3 1 3 3 3 1 2 3 4 3 3 3 4 3
30 0.000690 1 2 1 3 1 3 2 2 3 4 1 3 3 1 1 3 3 2 4 2 2 0 0 0 2 2 3 2 1 3 3 3 3 3 1 2 1 1 3 2 2 1 1 3 3 2 3 3 3 1 1 3 3 4 1 2 2 3 3 3 3 3 1 1 3 3 2 3 1 4 1 3 1 3 3 3 1 2 3 4 3 3 3 4 3
30 0.000690 1 4 1 3 1 3 2 2 3 4 1 3 1 1 1 3 3 2 4 2 4 3 2 2 2 2 1 2 1 3 3 3 3 3 3 2 1 3 3 2 2 1 1 3 3 2 3 3 3 1 1 3 3 2 1 2 2 3 3 3 3 3 1 1 3 3 2 3 1 4 1 3 1 3 3 3 1 2 3 4 3 3 3 4 3
30 0.061551 2 4 1 3 1 3 4 2 3 4 1 3 1 1 1 3 3 2 4 2 2 0 0 0 2 2 1 2 1 3 3 3 3 3 3 2 1 3 3 2 2 1 1 3 3 2 3 3 3 1 1 3 3 4 1 1 2 1 3 3 3 3 1 1 3 3 2 3 1 4 1 3 1 3 3 3 1 1 3 4 3 3 3 4 3
30 0.000690 1 4 1 3 1 3 2 2 3 4 1 3 1 1 1 3 3 2 4 2 4 3 2 2 2 2 1 2 1 3 3 3 3 3 3 2 1 3 3 2 2 1 1 3 3 2 3 3 3 1 1 3 3 4 1 2 2 3 3 3 3 3 1 1 3 3 2 3 1 4 1 3 1 3 3 3 3 2 3 4 1 3 3 4 3
30 0.000690 1 4 1 3 1 3 2 2 3 4 1 3 1 1 1 3 3 2 4 2 4 3 2 2 2 2 1 2 1 3 3 3 3 3 3 4 1 3 3 2 2 1 1 3 3 2 3 3 3 1 1 3 3 4 1 2 2 3 3 3 3 3 1 1 3 3 2 3 1 4 1 3 1 3 3 3 1 2 3 4 3 3 3 4 3
30 0.000690 1 4 1 3 2 3 4 2 3 4 1 3 1 1 1 3 0 0 0 1 4 3 2 2 2 2 1 2 1 3 3 3 3 3 3 2 1 3 3 2 2 1 1 3 3 2 3 3 3 1 1 3 3 4 1 2 2 3 3 3 3 3 1 1 3 3 2 3 1 4 1 3 3 3 3 3 1 2 3 4 3 3 3 2 3
30 0.061551 1 4 1 3 1 3 4 2 3 4 1 3 1 1 1 3 3 2 4 2 2 0 0 0 2 2 1 2 3 3 3 3 3 3 3 2 1 3 3 2 2 1 1 3 3 2 3 3 3 1 1 3 3 4 1 2 2 3 3 3 3 3 1 1 3 3 2 3 1 4 1 3 1 3 3 3 1 2 3 4 3 3 3 4 3
30 0.000690 1 4 1 3 2 3 4 2 3 4 1 3 1 1 1 3 0 0 0 1 4 3 2 2 2 2 1 2 1 3 3 3 3 3 3 2 1 3 3 2 2 1 1 3 3 2 3 3 3 1 1 3 3 4 1 2 2 3 3 3 3 3 1 1 3 3 2 3 1 4 1 3 1 3 3 3 1 2 3 4 3 3 3 4 3
30 0.000690 1 4 1 3 1 3 2 2 3 1 1 3 1 1 1 3 3 2 4 2 2 0 0 0 4 2 1 2 1 3 3 3 1 3 3 2 1 3 3 2 2 1 1 3 1 2 1 1 1 1 1 1 3 4 1 2 2 3 3 3 1 1 1 1 1 1 2 1 1 4 1 1 1 1 1 1 1 2 1 4 3 1 3 4 3
30 0.000690 1 4 1 3 1 3 2 2 3 4 1 3 1 1 1 3 3 2 4 2 4 3 2 2 2 2 1 2 1 3 3 3 3 3 3 2 1 3 3 2 2 1 1 3 3 2 3 3 3 1 1 3 3 4 1 2 2 3 3 3 3 3 1 1 3 3 2 3 1 4 1 3 1 3 3 3 1 2 3 4 3 3 1 4 3
30 0.061551 1 4 1 3 1 3 4 2 3 4 1 3 1 1 1 3 3 2 4 2 2 0 0 0 2 2 1 2 1 1 3 3 3 3 3 2 1 3 3 2 2 1 1 3 3 2 3 3 3 1 1 3 1 4 1 2 2 3 3 3 3 3 1 1 3 3 2 3 1 4 1 3 1 3 3 3 1 2 3 4 3 3 3 4 3
30 0.000690 1 4 1 3 1 3 2 2 3 4 1 3 1 1 1 3 3 2 4 2 4 3 2 2 2 2 1 2 1 3 3 3 3 3 3 2 1 3 3 2 2 1 1 3 3 2 3 3 3 1 1 3 3 4 1 2 4 3 3 3 3 3 1 1 3 3 2 3 1 4 1 3 1 3 3 3 1 2 3 4 3 3 3 4 3
30 0.000690 1 2 1 1 1 3 4 2 3 1 1 3 1 1 1 3 3 2 4 2 2 0 0 0 2 2 1 2 1 3 1 3 3 3 3 2 1 4 3 2 2 1 1 3 3 2 3 3 3 1 1 3 3 4 1 2 2 3 3 3 3 3 1 1 3 3 2 3 1 4 3 3 1 3 3 3 1 2 3 4 3 3 3 4 3
30 0.492406 1 4 1 3 1 3 4 2 3 4 1 3 1 1 1 3 3 2 4 2 2 0 0 0 2 2 1 2 1 3 3 3 3 3 3 2 1 3 3 2 2 1 1 3 3 2 3 3 3 1 1 3 3 4 1 2 2 3 3 3 3 3 1 1 3 3 2 3 1 4 1 3 1 3 3 3 1 2 3 4 3 3 3 4 3
30 0.061551 1 4 1 3 1 3 4 2 3 4 1 3 1 1 1 3 3 2 4 2 2 0 0 0 2 2 1 2 1 3 3 3 3 3 3 2 1 3 3 2 2 1 1 1 3 2 3 3 3 1 1 3 3 4 1 2 2 3 3 3 3 3 1 1 3 3 2 3 1 4 1 3 1 3 3 3 1 2 3 4 3 3 3 4 3
30 0.061551 1 4 1 3 1 3 4 2 0 0 0 0 0 0 2 4 0 0 0 2 2 0 0 0 2 2 1 2 1 3 3 3 3 3 3 2 1 3 3 2 2 1 1 3 3 2 3 3 3 1 1 3 3 4 1 2 2 3 3 3 3 3 1 1 3 3 2 3 1 2 1 3 1 3 3 3 1 2 3 4 3 3 3 4 3
30 0.061551 1 4 1 3 1 3 4 2 3 4 1 3 1 1 1 3 3 2 4 2 2 0 0 0 2 2 1 2 1 3 3 3 3 3 3 2 1 3 3 2 2 1 1 3 3 2 3 3 3 1 0 3 3 4 1 2 2 3 3 1 3 3 3 1 3 3 2 3 1 4 1 3 1 3 3 3 1 2 3 4 3 3 3 4 3
31 0.000952 1 4 4 3 1 3 4 2 3 4 1 3 3 1 1 3 3 2 4 2 2 0 0 0 2 2 1 2 1 3 3 3 3 3 3 2 1 3 3 2 2 1 1 3 3 2 3 3 3 1 1 3 3 4 3 2 2 3 3 3 3 3 1 1 3 3 4 3 1 4 1 3 1 3 3 3 1 2 3 4 3 3 3 4 3
31 0.007612 1 4 1 3 1 3 2 2 3 4 1 3 1 1 1 3 3 2 4 2 4 3 2 2 2 2 1 2 1 3 3 3 3 3 3 2 1 3 3 2 2 1 1 3 3 2 3 3 3 1 1 3 3 4 1 2 2 3 3 3 3 3 1 1 3 3 2 3 1 4 1 3 1 3 3 3 1 2 3 4 3 3 3 4 3
31 0.000952 1 2 1 1 1 3 4 2 3 4 1 3 1 1 1 3 1 2 4 2 2 0 0 0 2 4 1 2 1 3 3 3 3 3 3 2 1 3 3 2 2 1 1 3 3 2 3 3 3 1 1 3 3 4 1 2 2 3 3 3 3 3 1 1 3 3 2 3 0 4 1 3 1 3 3 3 1 2 3 2 3 3 3 4 3
31 0.000952 1 4 1 3 1 3 2 2 3 4 1 3 1 1 1 3 3 2 4 2 4 3 2 2 2 2 1 2 1 3 3 3 3 3 3 2 1 3 3 2 2 1 1 3 3 2 3 3 3 1 1 3 3 4 1 2 2 3 3 3 3 3 1 4 3 3 2 3 1 4 1 3 1 3 3 3 1 2 3 4 3 3 3 4 3
31 0.061192 1 4 1 3 1 3 4 2 3 4 1 3 1 1 1 3 3 2 4 2 2 0 0 0 2 2 1 2 1 3 3 1 3 3 3 2 4 3 0 0 0 3 2 3 3 4 3 3 3 1 1 3 3 4 1 2 2 3 1 3 3 3 1 1 3 3 2 3 1 4 1 3 1 3 3 3 1 2 3 4 3 3 3 4 3
31 0.000952 1 4 1 3 1 3 2 4 3 4 1 3 1 1 1 3 3 2 4 2 4 3 2 2 2 2 1 2 1 3 3 3 3 3 3 2 1 3 3 2 2 1 1 3 3 2 3 3 3 1 1 3 3 4 1 2 2 3 3 3 3 3 1 1 3 3 2 3 1 4 1 3 1 3 3 3 1 2 3 4 3 3 3 4 3
31 0.061192 1 4 1 3 1 1 4 2 3 4 1 3 1 1 1 3 3 2 4 2 2 0 0 0 2 2 1 2 1 3 3 3 3 3 3 2 1 3 3 2 2 1 1 3 3 2 3 3 3 1 1 3 3 4 1 2 2 3 3 3 3 3 1 1 3 3 2 3 1 4 1 3 1 3 3 3 1 2 3 4 3 3 3 4 3
31 0.000952 1 2 1 3 1 3 2 2 3 4 1 3 3 1 1 3 3 2 4 2 2 0 0 0 2 2 3 2 1 3 3 3 3 3 1 2 1 1 3 2 2 1 1 3 3 2 3 3 3 1 1 3 3 4 1 2 2 3 3 3 3 3 1 1 3 3 2 3 1 4 1 3 1 3 3 3 1 2 3 4 3 3 3 4 3
31 0.000952 1 4 1 3 1 3 2 2 3 4 1 3 1 1 1 3 3 2 4 2 4 3 2 2 2 2 1 2 1 3 3 3 3 3 3 2 1 3 3 2 2 1 1 3 3 2 3 3 3 1 1 3 3 2 1 2 2 3 3 3 3 3 1 1 3 3 2 3 1 4 1 3 1 3 3 3 1 2 3 4 3 3 3 4 3
31 0.061192 2 4 1 3 1 3 4 2 3 4 1 3 1 1 1 3 3 2 4 2 2 0 0 0 2 2 1 2 1 3 3 3 3 3 3 2 1 3 3 2 2 1 1 3 3 2 3 3 3 1 1 3 3 4 1 1 2 1 3 3 3 3 1 1 3 3 2 3 1 4 1 3 1 3 3 3 1 1 3 4 3 3 3 4 3
31 0.000952 1 4 1 3 1 3 2 2 3 4 1 3 1 1 1 3 3 2 4 2 4 3 2 2 2 2 1 2 1 3 3 3 3 3 3 2 1 3 3 2 2 1 1 3 3 2 3 3 3 1 1 3 3 4 1 2 2 3 3 3 3 3 1 1 3 3 2 3 1 4 1 3 1 3 3 3 3 2 3 4 1 3 3 4 3
31 0.000952 1 4 1 3 1 3 2 2 3 4 1 3 1 1 1 3 3 2 4 2 4 3 2 2 2 2 1 2 1 3 3 3 3 3 3 4 1 3 3 2 2 1 1 3 3 2 3 3 3 1 1 3 3 4 1 2 2 3 3 3 3 3 1 1 3 3 2 3 1 4 1 3 1 3 3 3 1 2 3 4 3 3 3 4 3
31 0.000952 1 4 1 3 2 3 4 2 3 4 1 3 1 1 1 3 0 0 0 1 4 3 2 2 2 2 1 2 1 3 3 3 3 3 3 2 1 3 3 2 2 1 1 3 3 2 3 3 3 1 1 3 3 4 1 2 2 3 3 3 3 3 1 1 3 3 2 3 1 4 1 3 3 3 3 3 1 2 3 4 3 3 3 2 3
31 0.061192 1 4 1 3 1 3 4 2 3 4 1 3 1 1 1 3 3 2 4 2 2 0 0 0 2 2 1 2 3 3 3 3 3 3 3 2 1 3 3 2 2 1 1 3 3 2 3 3 3 1 1 3 3 4 1 2 2 3 3 3 3 3 1 1 3 3 2 3 1 4 1 3 1 3 3 3 1 2 3 4 3 3 3 4 3
31 0.000952 1 4 1 3 2 3 4 2 3 4 1 3 1 1 1 3 0 0 0 1 4 3 2 2 2 2 1 2 1 3 3 3 3 3 3 2 1 3 3 2 2 1 1 3 3 2 3 3 3 1 1 3 3 4 1 2 2 3 3 3 3 3 1 1 3 3 2 3 1 4 1 3 1 3 3 3 1 2 3 4 3 3 3 4 3
31 0.000952 1 4 1 3 1 3 2 2 3 1 1 3 1 1 1 3 3 2 4 2 2 0 0 0 4 2 1 2 1 3 3 3 1 3 3 2 1 3 3 2 2 1 1 3 1 2 1 1 1 1 1 1 3 4 1 2 2 3 3 3 1 1 1 1 1 1 2 1 1 4 1 1 1 1 1 1 1 2 1 4 3 1 3 4 3
31 0.000952 1 4 1 3 1 3 2 2 3 4 1 3 1 1 1 3 3 2 4 2 4 3 2 2 2 2 1 2 1 3 3 3 3 3 3 2 1 3 3 2 2 1 1 3 3 2 3 3 3 1 1 3 3 4 1 2 2 3 3 3 3 3 1 1 3 3 2 3 1 4 1 3 1 3 3 3 1 2 3 4 3 3 1 4 3
31 0.061192 1 4 1 3 1 3 4 2 3 4 1 3 1 1 1 3 3 2 4 2 2 0 0 0 2 2 1 2 1 1 3 3 3 3 3 2 1 3 3 2 2 1 1 3 3 2 3 3 3 1 1 3 1 4 1 2 2 3 3 3 3 3 1 1 3 3 2 3 1 4 1 3 1 3 3 3 1 2 3 4 3 3 3 4 3
31 0.000952 1 4 1 3 1 3 2 2 3 4 1 3 1 1 1 3 3 2 4 2 4 3 2 2 2 2 1 2 1 3 3 3 3 3 3 2 1 3 3 2 2 1 1 3 3 2 3 3 3 1 1 3 3 4 1 2 4 3 3 3 3 3 1 1 3 3 2 3 1 4 1 3 1 3 3 3 1 2 3 4 3 3 3 4 3
31 0.000952 1 2 1 1 1 3 4 2 3 1 1 3 1 1 1 3 3 2 4 2 2 0 0 0 2 2 1 2 1 3 1 3 3 3 3 2 1 4 3 2 2 1 1 3 3 2 3 3 3 1 1 3 3 4 1 2 2 3 3 3 3 3 1 1 3 3 2 3 1 4 3 3 1 3 3 3 1 2 3 4 3 3 3 4 3
31 0.489533 1 4 1 3 1 3 4 2 3 4 1 3 1 1 1 3 3 2 4 2 2 0 0 0 2 2 1 2 1 3 3 3 3 3 3 2 1 3 3 2 2 1 1 3 3 2 3 3 3 1 1 3 3 4 1 2 2 3 3 3 3 3 1 1 3 3 2 3 1 4 1 3 1 3 3 3 1 2 3 4 3 3 3 4 3
31 0.061192 1 4 1 3 1 3 4 2 3 4 1 3 1 1 1 3 3 2 4 2 2 0 0 0 2 2 1 2 1 3 3 3 3 3 3 2 1 3 3 2 2 1 1 1 3 2 3 3 3 1 1 3 3 4 1 2 2 3 3 3 3 3 1 1 3 3 2 3 1 4 1 3 1 3 3 3 1 2 3 4 3 3 3 4 3
31 0.061192 1 4 1 3 1 3 4 2 0 0 0 0 0 0 2 4 0 0 0 2 2 0 0 0 2 2 1 2 1 3 3 3 3 3 3 2 1 3 3 2 2 1 1 3 3 2 3 3 3 1 1 3 3 4 1 2 2 3 3 3 3 3 1 1 3 3 2 3 1 2 1 3 1 3 3 3 1 2 3 4 3 3 3 4 3
31 0.061192 1 4 1 3 1 3 4 2 3 4 1 3 1 1 1 3 3 2 4 2 2 0 0 0 2 2 1 2 1 3 3 3 3 3 3 2 1 3 3 2 2 1 1 3 3 2 3 3 3 1 0 3 3 4 1 2 2 3 3 1 3 3 3 1 3 3 2 3 1 4 1 3 1 3 3 3 1 2 3 4 3 3 3 4 3
32 0.001279 1 4 4 3 1 3 4 2 3 4 1 3 3 1 1 3 3 2 4 2 2 0 0 0 2 2 1 2 1 3 3 3 3 3 3 2 1 3 3 2 2 1 1 3 3 2 3 3 3 1 1 3 3 4 3 2 2 3 3 3 3 3 1 1 3 3 4 3 1 4 1 3 1 3 3 3 1 2 3 4 3 3 3 4 3
32 0.010229 1 4 1 3 1 3 2 2 3 4 1 3 1 1 1 3 3 2 4 2 4 3 2 2 2 2 1 2 1 3 3 3 3 3 3 2 1 3 3 2 2 1 1 3 3 2 3 3 3 1 1 3 3 4 1 2 2 3 3 3 3 3 1 1 3 3 2 3 1 4 1 3 1 3 3 3 1 2 3 4 3 3 3 4 3
32 0.001279 1 2 1 1 1 3 4 2 3 4 1 3 1 1 1 3 1 2 4 2 2 0 0 0 2 4 1 2 1 3 3 3 3 3 3 2 1 3 3 2 2 1 1 3 3 2 3 3 3 1 1 3 3 4 1 2 2 3 3 3 3 3 1 1 3 3 2 3 0 4 1 3 1 3 3 3 1 2 3 2 3 3 3 4 3
32 0.001279 1 4 1 3 1 3 2 2 3 4 1 3 1 1 1 3 3 2 4 2 4 3 2 2 2 2 1 2 1 3 3 3 3 3 3 2 1 3 3 2 2 1 1 3 3 2 3 3 3 1 1 3 3 4 1 2 2 3 3 3 3 3 1 4 3 3 2 3 1 4 1 3 1 3 3 3 1 2 3 4 3 3 3 4 3
32 0.060742 1 4 1 3 1 3 4 2 3 4 1 3 1 1 1 3 3 2 4 2 2 0 0 0 2 2 1 2 1 3 3 1 3 3 3 2 4 3 0 0 0 3 2 3 3 4 3 3 3 1 1 3 3 4 1 2 2 3 1 3 3 3 1 1 3 3 2 3 1 4 1 3 1 3 3 3 1 2 3 4 3 3 3 4 3
32 0.001279 1 4 1 3 1 3 2 4 3 4 1 3 1 1 1 3 3 2 4 2 4 3 2 2 2 2 1 2 1 3 3 3 3 3 3 2 1 3 3 2 2 1 1 3 3 2 3 3 3 1 1 3 3 4 1 2 2 3 3 3 3 3 1 1 3 3 2 3 1 4 1 3 1 3 3 3 1 2 3 4 3 3 3 4 3
32 0.060742 1 4 1 3 1 1 4 2 3 4 1 3 1 1 1 3 3 2 4 2 2 0 0 0 2 2 1 2 1 3 3 3 3 3 3 2 1 3 3 2 2 1 1 3 3 2 3 3 3 1 1 3 3 4 1 2 2 3 3 3 3 3 1 1 3 3 2 3 1 4 1 3 1 3 3 3 1 2 3 4 3 3 3 4 3
32 0.001279 1 2 1 3 1 3 2 2 3 4 1 3 3 1 1 3 3 2 4 2 2 0 0 0 2 2 3 2 1 3 3 3 3 3 1 2 1 1 3 2 2 1 1 3 3 2 3 3 3 1 1 3 3 4 1 2 2 3 3 3 3 3 1 1 3 3 2 3 1 4 1 3 1 3 3 3 1 2 3 4 3 3 3 4 3
32 0.001279 1 4 1 3 1 3 2 2 3 4 1 3 1 1 1 3 3 2 4 2 4 3 2 2 2 2 1 2 1 3 3 3 3 3 3 2 1 3 3 2 2 1 1 3 3 2 3 3 3 1 1 3 3 2 1 2 2 3 3 3 3 3 1 1 3 3 2 3 1 4 1 3 1 3 3 3 1 2 3 4 3 3 3 4 3
32 0.060742 2 4 1 3 1 3 4 2 3 4 1 3 1 1 1 3 3 2 4 2 2 0 0 0 2 2 1 2 1 3 3 3 3 3 3 2 1 3 3 2 2 1 1 3 3 2 3 3 3 1 1 3 3 4 1 1 2 1 3 3 3 3 1 1 3 3 2 3 1 4 1 3 1 3 3 3 1 1 3 4 3 3 3 4 3
32 0.001279 1 4 1 3 1 3 2 2 3 4 1 3 1 1 1 3 3 2 4 2 4 3 2 2 2 2 1 2 1 3 3 3 3 3 3 2 1 3 3 2 2 1 1 3 3 2 3 3 3 1 1 3 3 4 1 2 2 3 3 3 3 3 1 1 3 3 2 3 1 4 1 3 1 3 3 3 3 2 3 4 1 3 3 4 3
32 0.001279 1 4 1 3 1 3 2 2 3 4 1 3 1 1 1 3 3 2 4 2 4 3 2 2 2 2 1 2 1 3 3 3 3 3 3 4 1 3 3 2 2 1 1 3 3 2 3 3 3 1 1 3 3 4 1 2 2 3 3 3 3 3 1 1 3 3 2 3 1 4 1 3 1 3 3 3 1 2 3 4 3 3 3 4 3
32 0.001279 1 4 1 3 2 3 4 2 3 4 1 3 1 1 1 3 0 0 0 1 4 3 2 2 2 2 1 2 1 3 3 3 3 3 3 2 1 3 3 2 2 1 1 3 3 2 3 3 3 1 1 3 3 4 1 2 2 3 3 3 3 3 1 1 3 3 2 3 1 4 1 3 3 3 3 3 1 2 3 4 3 3 3 2 3
32 0.060742 1 4 1 3 1 3 4 2 3 4 1 3 1 1 1 3 3 2 4 2 2 0 0 0 2 2 1 2 3 3 3 3 3 3 3 2 1 3 3 2 2 1 1 3 3 2 3 3 3 1 1 3 3 4 1 2 2 3 3 3 3 3 1 1 3 3 2 3 1 4 1 3 1 3 3 3 1 2 3 4 3 3 3 4 3
32 0.001279 1 4 1 3 2 3 4 2 3 4 1 3 1 1 1 3 0 0 0 1 4 3 2 2 2 2 1 2 1 3 3 3 3 3 3 2 1 3 3 2 2 1 1 3 3 2 3 3 3 1 1 3 3 4 1 2 2 3 3 3 3 3 1 1 3 3 2 3 1 4 1 3 1 3 3 3 1 2 3 4 3 3 3 4 3
32 0.001279 1 4 1 3 1 3 2 2 3 1 1 3 1 1 1 3 3 2 4 2 2 0 0 0 4 2 1 2 1 3 3 3 1 3 3 2 1 3 3 2 2 1 1 3 1 2 1 1 1 1 1 1 3 4 1 2 2 3 3 3 1 1 1 1 1 1 2 1 1 4 1 1 1 1 1 1 1 2 1 4 3 1 3 4 3
32 0.001279 1 4 1 3 1 3 2 2 3 4 1 3 1 1 1 3 3 2 4 2 4 3 2 2 2 2 1 2 1 3 3 3 3 3 3 2 1 3 3 2 2 1 1 3 3 2 3 3 3 1 1 3 3 4 1 2 2 3 3 3 3 3 1 1 3 3 2 3 1 4 1 3 1 3 3 3 1 2 3 4 3 3 1 4 3
32 0.060742 1 4 1 3 1 3 4 2 3 4 1 3 1 1 1 3 3 2 4 2 2 0 0 0 2 2 1 2 1 1 3 3 3 3 3 2 1 3 3 2 2 1 1 3 3 2 3 3 3 1 1 3 1 4 1 2 2 3 3 3 3 3 1 1 3 3 2 3 1 4 1 3 1 3 3 3 1 2 3 4 3 3 3 4 3
32 0.001279 1 4 1 3 1 3 2 2 3 4 1 3 1 1 1 3 3 2 4 2 4 3 2 2 2 2 1 2 1 3 3 3 3 3 3 2 1 3 3 2 2 1 1 3 3 2 3 3 3 1 1 3 3 4 1 2 4 3 3 3 3 3 1 1 3 3 2 3 1 4 1 3 1 3 3 3 1 2 3 4 3 3 3 4 3
32 0.001279 1 2 1 1 1 3 4 2 3 1 1 3 1 1 1 3 3 2 4 2 2 0 0 0 2 2 1 2 1 3 1 3 3 3 3 2 1 4 3 2 2 1 1 3 3 2 3 3 3 1 1 3 3 4 1 2 2 3 3 3 3 3 1 1 3 3 2 3 1 4 3 3 1 3 3 3 1 2 3 4 3 3 3 4 3
32 0.485936 1 4 1 3 1 3 4 2 3 4 1 3 1 1 1 3 3 2 4 2 2 0 0 0 2 2 1 2 1 3 3 3 3 3 3 2 1 3 3 2 2 1 1 3 3 2 3 3 3 1 1 3 3 4 1 2 2 3 3 3 3 3 1 1 3 3 2 3 1 4 1 3 1 3 3 3 1 2 3 4 3 3 3 4 3
32 0.060742 1 4 1 3 1 3 4 2 3 4 1 3 1 1 1 3 3 2 4 2 2 0 0 0 2 2 1 2 1 3 3 3 3 3 3 2 1 3 3 2 2 1 1 1 3 2 3 3 3 1 1 3 3 4 1 2 2 3 3 3 3 3 1 1 3 3 2 3 1 4 1 3 1 3 3 3 1 2 3 4 3 3 3 4 3
32 0.060742 1 4 1 3 1 3 4 2 0 0 0 0 0 0 2 4 0 0 0 2 2 0 0 0 2 2 1 2 1 3 3 3 3 3 3 2 1 3 3 2 2 1 1 3 3 2 3 3 3 1 1 3 3 4 1 2 2 3 3 3 3 3 1 1 3 3 2 3 1 2 1 3 1 3 3 3 1 2 3 4 3 3 3 4 3
32 0.060742 1 4 1 3 1 3 4 2 3 4 1 3 1 1 1 3 3 2 4 2 2 0 0 0 2 2 1 2 1 3 3 3 3 3 3 2 1 3 3 2 2 1 1 3 3 2 3 3 3 1 0 3 3 4 1 2 2 3 3 1 3 3 3 1 3 3 2 3 1 4 1 3 1 3 3 3 1 2 3 4 3 3 3 4 3
33 0.001687 1 4 4 3 1 3 4 2 3 4 1 3 3 1 1 3 3 2 4 2 2 0 0 0 2 2 1 2 1 3 3 3 3 3 3 2 1 3 3 2 2 1 1 3 3 2 3 3 3 1 1 3 3 4 3 2 2 3 3 3 3 3 1 1 3 3 4 3 1 4 1 3 1 3 3 3 1 2 3 4 3 3 3 4 3
33 0.013494 1 4 1 3 1 3 2 2 3 4 1 3 1 1 1 3 3 2 4 2 4 3 2 2 2 2 1 2 1 3 3 3 3 3 3 2 1 3 3 2 2 1 1 3 3 2 3 3 3 1 1 3 3 4 1 2 2 3 3 3 3 3 1 1 3 3 2 3 1 4 1 3 1 3 3 3 1 2 3 4 3 3 3 4 3
33 0.001687 1 2 1 1 1 3 4 2 3 4 1 3 1 1 1 3 1 2 4 2 2 0 0 0 2 4 1 2 1 3 3 3 3 3 3 2 1 3 3 2 2 1 1 3 3 2 3 3 3 1 1 3 3 4 1 2 2 3 3 3 3 3 1 1 3 3 2 3 0 4 1 3 1 3 3 3 1 2 3 2 3 3 3 4 3
33 0.001687 1 4 1 3 1 3 2 2 3 4 1 3 1 1 1 3 3 2 4 2 4 3 2 2 2 2 1 2 1 3 3 3 3 3 3 2 1 3 3 2 2 1 1 3 3 2 3 3 3 1 1 3 3 4 1 2 2 3 3 3 3 3 1 4 3 3 2 3 1 4 1 3 1 3 3 3 1 2 3 4 3 3 3 4 3
33 0.060181 1 4 1 3 1 3 4 2 3 4 1 3 1 1 1 3 3 2 4 2 2 0 0 0 2 2 1 2 1 3 3 1 3 3 3 2 4 3 0 0 0 3 2 3 3 4 3 3 3 1 1 3 3 4 1 2 2 3 1 3 3 3 1 1 3 3 2 3 1 4 1 3 1 3 3 3 1 2 3 4 3 3 3 4 3
33 0.001687 1 4 1 3 1 3 2 4 3 4 1 3 1 1 1 3 3 2 4 2 4 3 2 2 2 2 1 2 1 3 3 3 3 3 3 2 1 3 3 2 2 1 1 3 3 2 3 3 3 1 1 3 3 4 1 2 2 3 3 3 3 3 1 1 3 3 2 3 1 4 1 3 1 3 3 3 1 2 3 4 3 3 3 4 3
33 0.060181 1 4 1 3 1 1 4 2 3 4 1 3 1 1 1 3 3 2 4 2 2 0 0 0 2 2 1 2 1 3 3 3 3 3 3 2 1 3 3 2 2 1 1 3 3 2 3 3 3 1 1 3 3 4 1 2 2 3 3 3 3 3 1 1 3 3 2 3 1 4 1 3 1 3 3 3 1 2 3 4 3 3 3 4 3
33 0.001687 1 2 1 3 1 3 2 2 3 4 1 3 3 1 1 3 3 2 4 2 2 0 0 0 2 2 3 2 1 3 3 3 3 3 1 2 1 1 3 2 2 1 1 3 3 2 3 3 3 1 1 3 3 4 1 2 2 3 3 3 3 3 1 1 3 3 2 3 1 4 1 3 1 3 3 3 1 2 3 4 3 3 3 4 3
33 0.001687 1 4 1 3 1 3 2 2 3 4 1 3 1 1 1 3 3 2 4 2 4 3 2 2 2 2 1 2 1 3 3 3 3 3 3 2 1 3 3 2 2 1 1 3 3 2 3 3 3 1 1 3 3 2 1 2 2 3 3 3 3 3 1 1 3 3 2 3 1 4 1 3 1 3 3 3 1 2 3 4 3 3 3 4 3
33 0.060181 2 4 1 3 1 3 4 2 3 4 1 3 1 1 1 3 3 2 4 2 2 0 0 0 2 2 1 2 1 3 3 3 3 3 3 2 1 3 3 2 2 1 1 3 3 2 3 3 3 1 1 3 3 4 1 1 2 1 3 3 3 3 1 1 3 3 2 3 1 4 1 3 1 3 3 3 1 1 3 4 3 3 3 4 3
33 0.001687 1 4 1 3 1 3 2 2 3 4 1 3 1 1 1 3 3 2 4 2 4 3 2 2 2 2 1 2 1 3 3 3 3 3 3 2 1 3 3 2 2 1 1 3 3 2 3 3 3 1 1 3 3 4 1 2 2 3 3 3 3 3 1 1 3 3 2 3 1 4 1 3 1 3 3 3 3 2 3 4 1 3 3 4 3
33 0.001687 1 4 1 3 1 3 2 2 3 4 1 3 1 1 1 3 3 2 4 2 4 3 2 2 2 2 1 2 1 3 3 3 3 3 3 4 1 3 3 2 2 1 1 3 3 2 3 3 3 1 1 3 3 4 1 2 2 3 3 3 3 3 1 1 3 3 2 3 1 4 1 3 1 3 3 3 1 2 3 4 3 3 3 4 3
33 0.001687 1 4 1 3 2 3 4 2 3 4 1 3 1 1 1 3 0 0 0 1 4 3 2 2 2 2 1 2 1 3 3 3 3 3 3 2 1 3 3 2 2 1 1 3 3 2 3 3 3 1 1 3 3 4 1 2 2 3 3 3 3 3 1 1 3 3 2 3 1 4 1 3 3 3 3 3 1 2 3 4 3 3 3 2 3
33 0.060181 1 4 1 3 1 3 4 2 3 4 1 3 1 1 1 3 3 2 4 2 2 0 0 0 2 2 1 2 3 3 3 3 3 3 3 2 1 3 3 2 2 1 1 3 3 2 3 3 3 1 1 3 3 4 1 2 2 3 3 3 3 3 1 1 3 3 2 3 1 4 1 3 1 3 3 3 1 2 3 4 3 3 3 4 3
33 0.001687 1 4 1 3 2 3 4 2 3 4 1 3 1 1 1 3 0 0 0 1 4 3 2 2 2 2 1 2 1 3 3 3 3 3 3 2 1 3 3 2 2 1 1 3 3 2 3 3 3 1 1 3 3 4 1 2 2 3 3 3 3 3 1 1 3 3 2 3 1 4 1 3 1 3 3 3 1 2 3 4 3 3 3 4 3
33 0.001687 1 4 1 3 1 3 2 2 3 1 1 3 1 1 1 3 3 2 4 2 2 0 0 0 4 2 1 2 1 3 3 3 1 3 3 2 1 3 3 2 2 1 1 3 1 2 1 1 1 1 1 1 3 4 1 2 2 3 3 3 1 1 1 1 1 1 2 1 1 4 1 1 1 1 1 1 1 2 1 4 3 1 3 4 3
33 0.001687 1 4 1 3 1 3 2 2 3 4 1 3 1 1 1 3 3 2 4 2 4 3 2 2 2 2 1 2 1 3 3 3 3 3 3 2 1 3 3 2 2 1 1 3 3 2 3 3 3 1 1 3 3 4 1 2 2 3 3 3 3 3 1 1 3 3 2 3 1 4 1 3 1 3 3 3 1 2 3 4 3 3 1 4 3
33 0.060181 1 4 1 3 1 3 4 2 3 4 1 3 1 1 1 3 3 2 4 2 2 0 0 0 2 2 1 2 1 1 3 3 3 3 3 2 1 3 3 2 2 1 1 3 3 2 3 3 3 1 1 3 1 4 1 2 2 3 3 3 3 3 1 1 3 3 2 3 1 4 1 3 1 3 3 3 1 2 3 4 3 3 3 4 3
33 0.001687 1 4 1 3 1 3 2 2 3 4 1 3 1 1 1 3 3 2 4 2 4 3 2 2 2 2 1 2 1 3 3 3 3 3 3 2 1 3 3 2 2 1 1 3 3 2 3 3 3 1 1 3 3 4 1 2 4 3 3 3 3 3 1 1 3 3 2 3 1 4 1 3 1 3 3 3 1 2 3 4 3 3 3 4 3
33 0.001687 1 2 1 1 1 3 4 2 3 1 1 3 1 1 1 3 3 2 4 2 2 0 0 0 2 2 1 2 1 3 1 3 3 3 3 2 1 4 3 2 2 1 1 3 3 2 3 3 3 1 1 3 3 4 1 2 2 3 3 3 3 3 1 1 3 3 2 3 1 4 3 3 1 3 3 3 1 2 3 4 3 3 3 4 3
33 0.481446 1 4 1 3 1 3 4 2 3 4 1 3 1 1 1 3 3 2 4 2 2 0 0 0 2 2 1 2 1 3 3 3 3 3 3 2 1 3 3 2 2 1 1 3 3 2 3 3 3 1 1 3 3 4 1 2 2 3 3 3 3 3 1 1 3 3 2 3 1 4 1 3 1 3 3 3 1 2 3 4 3 3 3 4 3
33 0.060181 1 4 1 3 1 3 4 2 3 4 1 3 1 1 1 3 3 2 4 2 2 0 0 0 2 2 1 2 1 3 3 3 3 3 3 2 1 3 3 2 2 1 1 1 3 2 3 3 3 1 1 3 3 4 1 2 2 3 3 3 3 3 1 1 3 3 2 3 1 4 1 3 1 3 3 3 1 2 3 4 3 3 3 4 3
33 0.060181 1 4 1 3 1 3 4 2 0 0 0 0 0 0 2 4 0 0 0 2 2 0 0 0 2 2 1 2 1 3 3 3 3 3 3 2 1 3 3 2 2 1 1 3 3 2 3 3 3 1 1 3 3 4 1 2 2 3 3 3 3 3 1 1 3 3 2 3 1 2 1 3 1 3 3 3 1 2 3 4 3 3 3 4 3
33 0.060181 1 4 1 3 1 3 4 2 3 4 1 3 1 1 1 3 3 2 4 2 2 0 0 0 2 2 1 2 1 3 3 3 3 3 3 2 1 3 3 2 2 1 1 3 3 2 3 3 3 1 0 3 3 4 1 2 2 3 3 1 3 3 3 1 3 3 2 3 1 4 1 3 1 3 3 3 1 2 3 4 3 3 3 4 3
34 0.002194 1 4 4 3 1 3 4 2 3 4 1 3 3 1 1 3 3 2 4 2 2 0 0 0 2 2 1 2 1 3 3 3 3 3 3 2 1 3 3 2 2 1 1 3 3 2 3 3 3 1 1 3 3 4 3 2 2 3 3 3 3 3 1 1 3 3 4 3 1 4 1 3 1 3 3 3 1 2 3 4 3 3 3 4 3
34 0.017551 1 4 1 3 1 3 2 2 3 4 1 3 1 1 1 3 3 2 4 2 4 3 2 2 2 2 1 2 1 3 3 3 3 3 3 2 1 3 3 2 2 1 1 3 3 2 3 3 3 1 1 3 3 4 1 2 2 3 3 3 3 3 1 1 3 3 2 3 1 4 1 3 1 3 3 3 1 2 3 4 3 3 3 4 3
34 0.002194 1 2 1 1 1 3 4 2 3 4 1 3 1 1 1 3 1 2 4 2 2 0 0 0 2 4 1 2 1 3 3 3 3 3 3 2 1 3 3 2 2 1 1 3 3 2 3 3 3 1 1 3 3 4 1 2 2 3 3 3 3 3 1 1 3 3 2 3 0 4 1 3 1 3 3 3 1 2 3 2 3 3 3 4 3
34 0.002194 1 4 1 3 1 3 2 2 3 4 1 3 1 1 1 3 3 2 4 2 4 3 2 2 2 2 1 2 1 3 3 3 3 3 3 2 1 3 3 2 2 1 1 3 3 2 3 3 3 1 1 3 3 4 1 2 2 3 3 3 3 3 1 4 3 3 2 3 1 4 1 3 1 3 3 3 1 2 3 4 3 3 3 4 3
34 0.059483 1 4 1 3 1 3 4 2 3 4 1 3 1 1 1 3 3 2 4 2 2 0 0 0 2 2 1 2 1 3 3 1 3 3 3 2 4 3 0 0 0 3 2 3 3 4 3 3 3 1 1 3 3 4 1 2 2 3 1 3 3 3 1 1 3 3 2 3 1 4 1 3 1 3 3 3 1 2 3 4 3 3 3 4 3
34 0.002194 1 4 1 3 1 3 2 4 3 4 1 3 1 1 1 3 3 2 4 2 4 3 2 2 2 2 1 2 1 3 3 3 3 3 3 2 1 3 3 2 2 1 1 3 3 2 3 3 3 1 1 3 3 4 1 2 2 3 3 3 3 3 1 1 3 3 2 3 1 4 1 3 1 3 3 3 1 2 3 4 3 3 3 4 3
34 0.059483 1 4 1 3 1 1 4 2 3 4 1 3 1 1 1 3 3 2 4 2 2 0 0 0 2 2 1 2 1 3 3 3 3 3 3 2 1 3 3 2 2 1 1 3 3 2 3 3 3 1 1 3 3 4 1 2 2 3 3 3 3 3 1 1 3 3 2 3 1 4 1 3 1 3 3 3 1 2 3 4 3 3 3 4 3
34 0.002194 1 2 1 3 1 3 2 2 3 4 1 3 3 1 1 3 3 2 4 2 2 0 0 0 2 2 3 2 1 3 3 3 3 3 1 2 1 1 3 2 2 1 1 3 3 2 3 3 3 1 1 3 3 4 1 2 2 3 3 3 3 3 1 1 3 3 2 3 1 4 1 3 1 3 3 3 1 2 3 4 3 3 3 4 3
34 0.002194 1 4 1 3 1 3 2 2 3 4 1 3 1 1 1 3 3 2 4 2 4 3 2 2 2 2 1 2 1 3 3 3 3 3 3 2 1 3 3 2 2 1 1 3 3 2 3 3 3 1 1 3 3 2 1 2 2 3 3 3 3 3 1 1 3 3 2 3 1 4 1 3 1 3 3 3 1 2 3 4 3 3 3 4 3
34 0.059483 2 4 1 3 1 3 4 2 3 4 1 3 1 1 1 3 3 2 4 2 2 0 0 0 2 2 1 2 1 3 3 3 3 3 3 2 1 3 3 2 2 1 1 3 3 2 3 3 3 1 1 3 3 4 1 1 2 1 3 3 3 3 1 1 3 3 2 3 1 4 1 3 1 3 3 3 1 1 3 4 3 3 3 4 3
34 0.002194 1 4 1 3 1 3 2 2 3 4 1 3 1 1 1 3 3 2 4 2 4 3 2 2 2 2 1 2 1 3 3 3 3 3 3 2 1 3 3 2 2 1 1 3 3 2 3 3 3 1 1 3 3 4 1 2 2 3 3 3 3 3 1 1 3 3 2 3 1 4 1 3 1 3 3 3 3 2 3 4 1 3 3 4 3
34 0.002194 1 4 1 3 1 3 2 2 3 4 1 3 1 1 1 3 3 2 4 2 4 3 2 2 2 2 1 2 1 3 3 3 3 3 3 4 1 3 3 2 2 1 1 3 3 2 3 3 3 1 1 3 3 4 1 2 2 3 3 3 3 3 1 1 3 3 2 3 1 4 1 3 1 3 3 3 1 2 3 4 3 3 3 4 3
34 0.002194 1 4 1 3 2 3 4 2 3 4 1 3 1 1 1 3 0 0 0 1 4 3 2 2 2 2 1 2 1 3 3 3 3 3 3 2 1 3 3 2 2 1 1 3 3 2 3 3 3 1 1 3 3 4 1 2 2 3 3 3 3 3 1 1 3 3 2 3 1 4 1 3 3 3 3 3 1 2 3 4 3 3 3 2 3
34 0.059483 1 4 1 3 1 3 4 2 3 4 1 3 1 1 1 3 3 2 4 2 2 0 0 0 2 2 1 2 3 3 3 3 3 3 3 2 1 3 3 2 2 1 1 3 3 2 3 3 3 1 1 3 3 4 1 2 2 3 3 3 3 3 1 1 3 3 2 3 1 4 1 3 1 3 3 3 1 2 3 4 3 3 3 4 3
34 0.002194 1 4 1 3 2 3 4 2 3 4 1 3 1 1 1 3 0 0 0 1 4 3 2 2 2 2 1 2 1 3 3 3 3 3 3 2 1 3 3 2 2 1 1 3 3 2 3 3 3 1 1 3 3 4 1 2 2 3 3 3 3 3 1 1 3 3 2 3 1 4 1 3 1 3 3 3 1 2 3 4 3 3 3 4 3
34 0.002194 1 4 1 3 1 3 2 2 3 1 1 3 1 1 1 3 3 2 4 2 2 0 0 0 4 2 1 2 1 3 3 3 1 3 3 2 1 3 3 2 2 1 1 3 1 2 1 1 1 1 1 1 3 4 1 2 2 3 3 3 1 1 1 1 1 1 2 1 1 4 1 1 1 1 1 1 1 2 1 4 3 1 3 4 3
34 0.002194 1 4 1 3 1 3 2 2 3 4 1 3 1 1 1 3 3 2 4 2 4 3 2 2 2 2 1 2 1 3 3 3 3 3 3 2 1 3 3 2 2 1 1 3 3 2 3 3 3 1 1 3 3 4 1 2 2 3 3 3 3 3 1 1 3 3 2 3 1 4 1 3 1 3 3 3 1 2 3 4 3 3 1 4 3
34 0.059483 1 4 1 3 1 3 4 2 3 4 1 3 1 1 1 3 3 2 4 2 2 0 0 0 2 2 1 2 1 1 3 3 3 3 3 2 1 3 3 2 2 1 1 3 3 2 3 3 3 1 1 3 1 4 1 2 2 3 3 3 3 3 1 1 3 3 2 3 1 4 1 3 1 3 3 3 1 2 3 4 3 3 3 4 3
34 0.002194 1 4 1 3 1 3 2 2 3 4 1 3 1 1 1 3 3 2 4 2 4 3 2 2 2 2 1 2 1 3 3 3 3 3 3 2 1 3 3 2 2 1 1 3 3 2 3 3 3 1 1 3 3 4 1 2 4 3 3 3 3 3 1 1 3 3 2 3 1 4 1 3 1 3 3 3 1 2 3 4 3 3 3 4 3
34 0.002194 1 2 1 1 1 3 4 2 3 1 1 3 1 1 1 3 3 2 4 2 2 0 0 0 2 2 1 2 1 3 1 3 3 3 3 2 1 4 3 2 2 1 1 3 3 2 3 3 3 1 1 3 3 4 1 2 2 3 3 3 3 3 1 1 3 3 2 3 1 4 3 3 1 3 3 3 1 2 3 4 3 3 3 4 3
34 0.475867 1 4 1 3 1 3 4 2 3 4 1 3 1 1 1 3 3 2 4 2 2 0 0 0 2 2 1 2 1 3 3 3 3 3 3 2 1 3 3 2 2 1 1 3 3 2 3 3 3 1 1 3 3 4 1 2 2 3 3 3 3 3 1 1 3 3 2 3 1 4 1 3 1 3 3 3 1 2 3 4 3 3 3 4 3
34 0.059483 1 4 1 3 1 3 4 2 3 4 1 3 1 1 1 3 3 2 4 2 2 0 0 0 2 2 1 2 1 3 3 3 3 3 3 2 1 3 3 2 2 1 1 1 3 2 3 3 3 1 1 3 3 4 1 2 2 3 3 3 3 3 1 1 3 3 2 3 1 4 1 3 1 3 3 3 1 2 3 4 3 3 3 4 3
34 0.059483 1 4 1 3 1 3 4 2 0 0 0 0 0 0 2 4 0 0 0 2 2 0 0 0 2 2 1 2 1 3 3 3 3 3 3 2 1 3 3 2 2 1 1 3 3 2 3 3 3 1 1 3 3 4 1 2 2 3 3 3 3 3 1 1 3 3 2 3 1 2 1 3 1 3 3 3 1 2 3 4 3 3 3 4 3
34 0.059483 1 4 1 3 1 3 4 2 3 4 1 3 1 1 1 3 3 2 4 2 2 0 0 0 2 2 1 2 1 3 3 3 3 3 3 2 1 3 3 2 2 1 1 3 3 2 3 3 3 1 0 3 3 4 1 2 2 3 3 1 3 3 3 1 3 3 2 3 1 4 1 3 1 3 3 3 1 2 3 4 3 3 3 4 3
35 0.002821 1 4 4 3 1 3 4 2 3 4 1 3 3 1 1 3 3 2 4 2 2 0 0 0 2 2 1 2 1 3 3 3 3 3 3 2 1 3 3 2 2 1 1 3 3 2 3 3 3 1 1 3 3 4 3 2 2 3 3 3 3 3 1 1 3 3 4 3 1 4 1 3 1 3 3 3 1 2 3 4 3 3 3 4 3
35 0.022567 1 4 1 3 1 3 2 2 3 4 1 3 1 1 1 3 3 2 4 2 4 3 2 2 2 2 1 2 1 3 3 3 3 3 3 2 1 3 3 2 2 1 1 3 3 2 3 3 3 1 1 3 3 4 1 2 2 3 3 3 3 3 1 1 3 3 2 3 1 4 1 3 1 3 3 3 1 2 3 4 3 3 3 4 3
35 0.002821 1 2 1 1 1 3 4 2 3 4 1 3 1 1 1 3 1 2 4 2 2 0 0 0 2 4 1 2 1 3 3 3 3 3 3 2 1 3 3 2 2 1 1 3 3 2 3 3 3 1 1 3 3 4 1 2 2 3 3 3 3 3 1 1 3 3 2 3 0 4 1 3 1 3 3 3 1 2 3 2 3 3 3 4 3
35 0.002821 1 4 1 3 1 3 2 2 3 4 1 3 1 1 1 3 3 2 4 2 4 3 2 2 2 2 1 2 1 3 3 3 3 3 3 2 1 3 3 2 2 1 1 3 3 2 3 3 3 1 1 3 3 4 1 2 2 3 3 3 3 3 1 4 3 3 2 3 1 4 1 3 1 3 3 3 1 2 3 4 3 3 3 4 3
35 0.058621 1 4 1 3 1 3 4 2 3 4 1 3 1 1 1 3 3 2 4 2 2 0 0 0 2 2 1 2 1 3 3 1 3 3 3 2 4 3 0 0 0 3 2 3 3 4 3 3 3 1 1 3 3 4 1 2 2 3 1 3 3 3 1 1 3 3 2 3 1 4 1 3 1 3 3 3 1 2 3 4 3 3 3 4 3
35 0.002821 1 4 1 3 1 3 2 4 3 4 1 3 1 1 1 3 3 2 4 2 4 3 2 2 2 2 1 2 1 3 3 3 3 3 3 2 1 3 3 2 2 1 1 3 3 2 3 3 3 1 1 3 3 4 1 2 2 3 3 3 3 3 1 1 3 3 2 3 1 4 1 3 1 3 3 3 1 2 3 4 3 3 3 4 3
35 0.058621 1 4 1 3 1 1 4 2 3 4 1 3 1 1 1 3 3 2 4 2 2 0 0 0 2 2 1 2 1 3 3 3 3 3 3 2 1 3 3 2 2 1 1 3 3 2 3 3 3 1 1 3 3 4 1 2 2 3 3 3 3 3 1 1 3 3 2 3 1 4 1 3 1 3 3 3 1 2 3 4 3 3 3 4 3
35 0.002821 1 2 1 3 1 3 2 2 3 4 1 3 3 1 1 3 3 2 4 2 2 0 0 0 2 2 3 2 1 3 3 3 3 3 1 2 1 1 3 2 2 1 1 3 3 2 3 3 3 1 1 3 3 4 1 2 2 3 3 3 3 3 1 1 3 3 2 3 1 4 1 3 1 3 3 3 1 2 3 4 3 3 3 4 3
35 0.002821 1 4 1 3 1 3 2 2 3 4 1 3 1 1 1 3 3 2 4 2 4 3 2 2 2 2 1 2 1 3 3 3 3 3 3 2 1 3 3 2 2 1 1 3 3 2 3 3 3 1 1 3 3 2 1 2 2 3 3 3 3 3 1 1 3 3 2 3 1 4 1 3 1 3 3 3 1 2 3 4 3 3 3 4 3
35 0.058621 2 4 1 3 1 3 4 2 3 4 1 3 1 1 1 3 3 2 4 2 2 0 0 0 2 2 1 2 1 3 3 3 3 3 3 2 1 3 3 2 2 1 1 3 3 2 3 3 3 1 1 3 3 4 1 1 2 1 3 3 3 3 1 1 3 3 2 3 1 4 1 3 1 3 3 3 1 1 3 4 3 3 3 4 3
35 0.002821 1 4 1 3 1 3 2 2 3 4 1 3 1 1 1 3 3 2 4 2 4 3 2 2 2 2 1 2 1 3 3 3 3 3 3 2 1 3 3 2 2 1 1 3 3 2 3 3 3 1 1 3 3 4 1 2 2 3 3 3 3 3 1 1 3 3 2 3 1 4 1 3 1 3 3 3 3 2 3 4 1 3 3 4 3
35 0.002821 1 4 1 3 1 3 2 2 3 4 1 3 1 1 1 3 3 2 4 2 4 3 2 2 2 2 1 2 1 3 3 3 3 3 3 4 1 3 3 2 2 1 1 3 3 2 3 3 3 1 1 3 3 4 1 2 2 3 3 3 3 3 1 1 3 3 2 3 1 4 1 3 1 3 3 3 1 2 3 4 3 3 3 4 3
35 0.002821 1 4 1 3 2 3 4 2 3 4 1 3 1 1 1 3 0 0 0 1 4 3 2 2 2 2 1 2 1 3 3 3 3 3 3 2 1 3 3 2 2 1 1 3 3 2 3 3 3 1 1 3 3 4 1 2 2 3 3 3 3 3 1 1 3 3 2 3 1 4 1 3 3 3 3 3 1 2 3 4 3 3 3 2 3
35 0.058621 1 4 1 3 1 3 4 2 3 4 1 3 1 1 1 3 3 2 4 2 2 0 0 0 2 2 1 2 3 3 3 3 3 3 3 2 1 3 3 2 2 1 1 3 3 2 3 3 3 1 1 3 3 4 1 2 2 3 3 3 3 3 1 1 3 3 2 3 1 4 1 3 1 3 3 3 1 2 3 4 3 3 3 4 3
35 0.002821 1 4 1 3 2 3 4 2 3 4 1 3 1 1 1 3 0 0 0 1 4 3 2 2 2 2 1 2 1 3 3 3 3 3 3 2 1 3 3 2 2 1 1 3 3 2 3 3 3 1 1 3 3 4 1 2 2 3 3 3 3 3 1 1 3 3 2 3 1 4 1 3 1 3 3 3 1 2 3 4 3 3 3 4 3
35 0.002821 1 4 1 3 1 3 2 2 3 1 1 3 1 1 1 3 3 2 4 2 2 0 0 0 4 2 1 2 1 3 3 3 1 3 3 2 1 3 3 2 2 1 1 3 1 2 1 1 1 1 1 1 3 4 1 2 2 3 3 3 1 1 1 1 1 1 2 1 1 4 1 1 1 1 1 1 1 2 1 4 3 1 3 4 3
35 0.002821 1 4 1 3 1 3 2 2 3 4 1 3 1 1 1 3 3 2 4 2 4 3 2 2 2 2 1 2 1 3 3 3 3 3 3 2 1 3 3 2 2 1 1 3 3 2 3 3 3 1 1 3 3 4 1 2 2 3 3 3 3 3 1 1 3 3 2 3 1 4 1 3 1 3 3 3 1 2 3 4 3 3 1 4 3
35 0.058621 1 4 1 3 1 3 4 2 3 4 1 3 1 1 1 3 3 2 4 2 2 0 0 0 2 2 1 2 1 1 3 3 3 3 3 2 1 3 3 2 2 1 1 3 3 2 3 3 3 1 1 3 1 4 1 2 2 3 3 3 3 3 1 1 3 3 2 3 1 4 1 3 1 3 3 3 1 2 3 4 3 3 3 4 3
35 0.002821 1 4 1 3 1 3 2 2 3 4 1 3 1 1 1 3 3 2 4 2 4 3 2 2 2 2 1 2 1 3 3 3 3 3 3 2 1 3 3 2 2 1 1 3 3 2 3 3 3 1 1 3 3 4 1 2 4 3 3 3 3 3 1 1 3 3 2 3 1 4 1 3 1 3 3 3 1 2 3 4 3 3 3 4 3
35 0.002821 1 2 1 1 1 3 4 2 3 1 1 3 1 1 1 3 3 2 4 2 2 0 0 0 2 2 1 2 1 3 1 3 3 3 3 2 1 4 3 2 2 1 1 3 3 2 3 3 3 1 1 3 3 4 1 2 2 3 3 3 3 3 1 1 3 3 2 3 1 4 3 3 1 3 3 3 1 2 3 4 3 3 3 4 3
35 0.468970 1 4 1 3 1 3 4 2 3 4 1 3 1 1 1 3 3 2 4 2 2 0 0 0 2 2 1 2 1 3 3 3 3 3 3 2 1 3 3 2 2 1 1 3 3 2 3 3 3 1 1 3 3 4 1 2 2 3 3 3 3 3 1 1 3 3 2 3 1 4 1 3 1 3 3 3 1 2 3 4 3 3 3 4 3
35 0.058621 1 4 1 3 1 3 4 2 3 4 1 3 1 1 1 3 3 2 4 2 2 0 0 0 2 2 1 2 1 3 3 3 3 3 3 2 1 3 3 2 2 1 1 1 3 2 3 3 3 1 1 3 3 4 1 2 2 3 3 3 3 3 1 1 3 3 2 3 1 4 1 3 1 3 3 3 1 2 3 4 3 3 3 4 3
35 0.058621 1 4 1 3 1 3 4 2 0 0 0 0 0 0 2 4 0 0 0 2 2 0 0 0 2 2 1 2 1 3 3 3 3 3 3 2 1 3 3 2 2 1 1 3 3 2 3 3 3 1 1 3 3 4 1 2 2 3 3 3 3 3 1 1 3 3 2 3 1 2 1 3 1 3 3 3 1 2 3 4 3 3 3 4 3
35 0.058621 1 4 1 3 1 3 4 2 3 4 1 3 1 1 1 3 3 2 4 2 2 0 0 0 2 2 1 2 1 3 3 3 3 3 3 2 1 3 3 2 2 1 1 3 3 2 3 3 3 1 0 3 3 4 1 2 2 3 3 1 3 3 3 1 3 3 2 3 1 4 1 3 1 3 3 3 1 2 3 4 3 3 3 4 3
36 0.003591 1 4 4 3 1 3 4 2 3 4 1 3 3 1 1 3 3 2 4 2 2 0 0 0 2 2 1 2 1 3 3 3 3 3 3 2 1 3 3 2 2 1 1 3 3 2 3 3 3 1 1 3 3 4 3 2 2 3 3 3 3 3 1 1 3 3 4 3 1 4 1 3 1 3 3 3 1 2 3 4 3 3 3 4 3
36 0.028728 1 4 1 3 1 3 2 2 3 4 1 3 1 1 1 3 3 2 4 2 4 3 2 2 2 2 1 2 1 3 3 3 3 3 3 2 1 3 3 2 2 1 1 3 3 2 3 3 3 1 1 3 3 4 1 2 2 3 3 3 3 3 1 1 3 3 2 3 1 4 1 3 1 3 3 3 1 2 3 4 3 3 3 4 3
36 0.003591 1 2 1 1 1 3 4 2 3 4 1 3 1 1 1 3 1 2 4 2 2 0 0 0 2 4 1 2 1 3 3 3 3 3 3 2 1 3 3 2 2 1 1 3 3 2 3 3 3 1 1 3 3 4 1 2 2 3 3 3 3 3 1 1 3 3 2 3 0 4 1 3 1 3 3 3 1 2 3 2 3 3 3 4 3
36 0.003591 1 4 1 3 1 3 2 2 3 4 1 3 1 1 1 3 3 2 4 2 4 3 2 2 2 2 1 2 1 3 3 3 3 3 3 2 1 3 3 2 2 1 1 3 3 2 3 3 3 1 1 3 3 4 1 2 2 3 3 3 3 3 1 4 3 3 2 3 1 4 1 3 1 3 3 3 1 2 3 4 3 3 3 4 3
36 0.057562 1 4 1 3 1 3 4 2 3 4 1 3 1 1 1 3 3 2 4 2 2 0 0 0 2 2 1 2 1 3 3 1 3 3 3 2 4 3 0 0 0 3 2 3 3 4 3 3 3 1 1 3 3 4 1 2 2 3 1 3 3 3 1 1 3 3 2 3 1 4 1 3 1 3 3 3 1 2 3 4 3 3 3 4 3
36 0.003591 1 4 1 3 1 3 2 4 3 4 1 3 1 1 1 3 3 2 4 2 4 3 2 2 2 2 1 2 1 3 3 3 3 3 3 2 1 3 3 2 2 1 1 3 3 2 3 3 3 1 1 3 3 4 1 2 2 3 3 3 3 3 1 1 3 3 2 3 1 4 1 3 1 3 3 3 1 2 3 4 3 3 3 4 3
36 0.057562 1 4 1 3 1 1 4 2 3 4 1 3 1 1 1 3 3 2 4 2 2 0 0 0 2 2 1 2 1 3 3 3 3 3 3 2 1 3 3 2 2 1 1 3 3 2 3 3 3 1 1 3 3 4 1 2 2 3 3 3 3 3 1 1 3 3 2 3 1 4 1 3 1 3 3 3 1 2 3 4 3 3 3 4 3
36 0.003591 1 2 1 3 1 3 2 2 3 4 1 3 3 1 1 3 3 2 4 2 2 0 0 0 2 2 3 2 1 3 3 3 3 3 1 2 1 1 3 2 2 1 1 3 3 2 3 3 3 1 1 3 3 4 1 2 2 3 3 3 3 3 1 1 3 3 2 3 1 4 1 3 1 3 3 3 1 2 3 4 3 3 3 4 3
36 0.003591 1 4 1 3 1 3 2 2 3 4 1 3 1 1 1 3 3 2 4 2 4 3 2 2 2 2 1 2 1 3 3 3 3 3 3 2 1 3 3 2 2 1 1 3 3 2 3 3 3 1 1 3 3 2 1 2 2 3 3 3 3 3 1 1 3 3 2 3 1 4 1 3 1 3 3 3 1 2 3 4 3 3 3 4 3
36 0.057562 2 4 1 3 1 3 4 2 3 4 1 3 1 1 1 3 3 2 4 2 2 0 0 0 2 2 1 2 1 3 3 3 3 3 3 2 1 3 3 2 2 1 1 3 3 2 3 3 3 1 1 3 3 4 1 1 2 1 3 3 3 3 1 1 3 3 2 3 1 4 1 3 1 3 3 3 1 1 3 4 3 3 3 4 3
36 0.003591 1 4 1 3 1 3 2 2 3 4 1 3 1 1 1 3 3 2 4 2 4 3 2 2 2 2 1 2 1 3 3 3 3 3 3 2 1 3 3 2 2 1 1 3 3 2 3 3 3 1 1 3 3 4 1 2 2 3 3 3 3 3 1 1 3 3 2 3 1 4 1 3 1 3 3 3 3 2 3 4 1 3 3 4 3
36 0.003591 1 4 1 3 1 3 2 2 3 4 1 3 1 1 1 3 3 2 4 2 4 3 2 2 2 2 1 2 1 3 3 3 3 3 3 4 1 3 3 2 2 1 1 3 3 2 3 3 3 1 1 3 3 4 1 2 2 3 3 3 3 3 1 1 3 3 2 3 1 4 1 3 1 3 3 3 1 2 3 4 3 3 3 4 3
36 0.003591 1 4 1 3 2 3 4 2 3 4 1 3 1 1 1 3 0 0 0 1 4 3 2 2 2 2 1 2 1 3 3 3 3 3 3 2 1 3 3 2 2 1 1 3 3 2 3 3 3 1 1 3 3 4 1 2 2 3 3 3 3 3 1 1 3 3 2 3 1 4 1 3 3 3 3 3 1 2 3 4 3 3 3 2 3
36 0.057562 1 4 1 3 1 3 4 2 3 4 1 3 1 1 1 3 3 2 4 2 2 0 0 0 2 2 1 2 3 3 3 3 3 3 3 2 1 3 3 2 2 1 1 3 3 2 3 3 3 1 1 3 3 4 1 2 2 3 3 3 3 3 1 1 3 3 2 3 1 4 1 3 1 3 3 3 1 2 3 4 3 3 3 4 3
36 0.003591 1 4 1 3 2 3 4 2 3 4 1 3 1 1 1 3 0 0 0 1 4 3 2 2 2 2 1 2 1 3 3 3 3 3 3 2 1 3 3 2 2 1 1 3 3 2 3 3 3 1 1 3 3 4 1 2 2 3 3 3 3 3 1 1 3 3 2 3 1 4 1 3 1 3 3 3 1 2 3 4 3 3 3 4 3
36 0.003591 1 4 1 3 1 3 2 2 3 1 1 3 1 1 1 3 3 2 4 2 2 0 0 0 4 2 1 2 1 3 3 3 1 3 3 2 1 3 3 2 2 1 1 3 1 2 1 1 1 1 1 1 3 4 1 2 2 3 3 3 1 1 1 1 1 1 2 1 1 4 1 1 1 1 1 1 1 2 1 4 3 1 3 4 3
36 0.003591 1 4 1 3 1 3 2 2 3 4 1 3 1 1 1 3 3 2 4 2 4 3 2 2 2 2 1 2 1 3 3 3 3 3 3 2 1 3 3 2 2 1 1 3 3 2 3 3 3 1 1 3 3 4 1 2 2 3 3 3 3 3 1 1 3 3 2 3 1 4 1 3 1 3 3 3 1 2 3 4 3 3 1 4 3
36 0.057562 1 4 1 3 1 3 4 2 3 4 1 3 1 1 1 3 3 2 4 2 2 0 0 0 2 2 1 2 1 1 3 3 3 3 3 2 1 3 3 2 2 1 1 3 3 2 3 3 3 1 1 3 1 4 1 2 2 3 3 3 3 3 1 1 3 3 2 3 1 4 1 3 1 3 3 3 1 2 3 4 3 3 3 4 3
36 0.003591 1 4 1 3 1 3 2 2 3 4 1 3 1 1 1 3 3 2 4 2 4 3 2 2 2 2 1 2 1 3 3 3 3 3 3 2 1 3 3 2 2 1 1 3 3 2 3 3 3 1 1 3 3 4 1 2 4 3 3 3 3 3 1 1 3 3 2 3 1 4 1 3 1 3 3 3 1 2 3 4 3 3 3 4 3
36 0.003591 1 2 1 1 1 3 4 2 3 1 1 3 1 1 1 3 3 2 4 2 2 0 0 0 2 2 1 2 1 3 1 3 3 3 3 2 1 4 3 2 2 1 1 3 3 2 3 3 3 1 1 3 3 4 1 2 2 3 3 3 3 3 1 1 3 3 2 3 1 4 3 3 1 3 3 3 1 2 3 4 3 3 3 4 3
36 0.460499 1 4 1 3 1 3 4 2 3 4 1 3 1 1 1 3 3 2 4 2 2 0 0 0 2 2 1 2 1 3 3 3 3 3 3 2 1 3 3 2 2 1 1 3 3 2 3 3 3 1 1 3 3 4 1 2 2 3 3 3 3 3 1 1 3 3 2 3 1 4 1 3 1 3 3 3 1 2 3 4 3 3 3 4 3
36 0.057562 1 4 1 3 1 3 4 2 3 4 1 3 1 1 1 3 3 2 4 2 2 0 0 0 2 2 1 2 1 3 3 3 3 3 3 2 1 3 3 2 2 1 1 1 3 2 3 3 3 1 1 3 3 4 1 2 2 3 3 3 3 3 1 1 3 3 2 3 1 4 1 3 1 3 3 3 1 2 3 4 3 3 3 4 3
36 0.057562 1 4 1 3 1 3 4 2 0 0 0 0 0 0 2 4 0 0 0 2 2 0 0 0 2 2 1 2 1 3 3 3 3 3 3 2 1 3 3 2 2 1 1 3 3 2 3 3 3 1 1 3 3 4 1 2 2 3 3 3 3 3 1 1 3 3 2 3 1 2 1 3 1 3 3 3 1 2 3 4 3 3 3 4 3
36 0.057562 1 4 1 3 1 3 4 2 3 4 1 3 1 1 1 3 3 2 4 2 2 0 0 0 2 2 1 2 1 3 3 3 3 3 3 2 1 3 3 2 2 1 1 3 3 2 3 3 3 1 0 3 3 4 1 2 2 3 3 1 3 3 3 1 3 3 2 3 1 4 1 3 1 3 3 3 1 2 3 4 3 3 3 4 3
37 0.004529 1 4 4 3 1 3 4 2 3 4 1 3 3 1 1 3 3 2 4 2 2 0 0 0 2 2 1 2 1 3 3 3 3 3 3 2 1 3 3 2 2 1 1 3 3 2 3 3 3 1 1 3 3 4 3 2 2 3 3 3 3 3 1 1 3 3 4 3 1 4 1 3 1 3 3 3 1 2 3 4 3 3 3 4 3
37 0.036233 1 4 1 3 1 3 2 2 3 4 1 3 1 1 1 3 3 2 4 2 4 3 2 2 2 2 1 2 1 3 3 3 3 3 3 2 1 3 3 2 2 1 1 3 3 2 3 3 3 1 1 3 3 4 1 2 2 3 3 3 3 3 1 1 3 3 2 3 1 4 1 3 1 3 3 3 1 2 3 4 3 3 3 4 3
37 0.004529 1 2 1 1 1 3 4 2 3 4 1 3 1 1 1 3 1 2 4 2 2 0 0 0 2 4 1 2 1 3 3 3 3 3 3 2 1 3 3 2 2 1 1 3 3 2 3 3 3 1 1 3 3 4 1 2 2 3 3 3 3 3 1 1 3 3 2 3 0 4 1 3 1 3 3 3 1 2 3 2 3 3 3 4 3
37 0.004529 1 4 1 3 1 3 2 2 3 4 1 3 1 1 1 3 3 2 4 2 4 3 2 2 2 2 1 2 1 3 3 3 3 3 3 2 1 3 3 2 2 1 1 3 3 2 3 3 3 1 1 3 3 4 1 2 2 3 3 3 3 3 1 4 3 3 2 3 1 4 1 3 1 3 3 3 1 2 3 4 3 3 3 4 3
37 0.056272 1 4 1 3 1 3 4 2 3 4 1 3 1 1 1 3 3 2 4 2 2 0 0 0 2 2 1 2 1 3 3 1 3 3 3 2 4 3 0 0 0 3 2 3 3 4 3 3 3 1 1 3 3 4 1 2 2 3 1 3 3 3 1 1 3 3 2 3 1 4 1 3 1 3 3 3 1 2 3 4 3 3 3 4 3
37 0.004529 1 4 1 3 1 3 2 4 3 4 1 3 1 1 1 3 3 2 4 2 4 3 2 2 2 2 1 2 1 3 3 3 3 3 3 2 1 3 3 2 2 1 1 3 3 2 3 3 3 1 1 3 3 4 1 2 2 3 3 3 3 3 1 1 3 3 2 3 1 4 1 3 1 3 3 3 1 2 3 4 3 3 3 4 3
37 0.056272 1 4 1 3 1 1 4 2 3 4 1 3 1 1 1 3 3 2 4 2 2 0 0 0 2 2 1 2 1 3 3 3 3 3 3 2 1 3 3 2 2 1 1 3 3 2 3 3 3 1 1 3 3 4 1 2 2 3 3 3 3 3 1 1 3 3 2 3 1 4 1 3 1 3 3 3 1 2 3 4 3 3 3 4 3
37 0.004529 1 2 1 3 1 3 2 2 3 4 1 3 3 1 1 3 3 2 4 2 2 0 0 0 2 2 3 2 1 3 3 3 3 3 1 2 1 1 3 2 2 1 1 3 3 2 3 3 3 1 1 3 3 4 1 2 2 3 3 3 3 3 1 1 3 3 2 3 1 4 1 3 1 3 3 3 1 2 3 4 3 3 3 4 3
37 0.004529 1 4 1 3 1 3 2 2 3 4 1 3 1 1 1 3 3 2 4 2 4 3 2 2 2 2 1 2 1 3 3 3 3 3 3 2 1 3 3 2 2 1 1 3 3 2 3 3 3 1 1 3 3 2 1 2 2 3 3 3 3 3 1 1 3 3 2 3 1 4 1 3 1 3 3 3 1 2 3 4 3 3 3 4 3
37 0.056272 2 4 1 3 1 3 4 2 3 4 1 3 1 1 1 3 3 2 4 2 2 0 0 0 2 2 1 2 1 3 3 3 3 3 3 2 1 3 3 2 2 1 1 3 3 2 3 3 3 1 1 3 3 4 1 1 2 1 3 3 3 3 1 1 3 3 2 3 1 4 1 3 1 3 3 3 1 1 3 4 3 3 3 4 3
37 0.004529 1 4 1 3 1 3 2 2 3 4 1 3 1 1 1 3 3 2 4 2 4 3 2 2 2 2 1 2 1 3 3 3 3 3 3 2 1 3 3 2 2 1 1 3 3 2 3 3 3 1 1 3 3 4 1 2 2 3 3 3 3 3 1 1 3 3 2 3 1 4 1 3 1 3 3 3 3 2 3 4 1 3 3 4 3
37 0.004529 1 4 1 3 1 3 2 2 3 4 1 3 1 1 1 3 3 2 4 2 4 3 2 2 2 2 1 2 1 3 3 3 3 3 3 4 1 3 3 2 2 1 1 3 3 2 3 3 3 1 1 3 3 4 1 2 2 3 3 3 3 3 1 1 3 3 2 3 1 4 1 3 1 3 3 3 1 2 3 4 3 3 3 4 3
37 0.004529 1 4 1 3 2 3 4 2 3 4 1 3 1 1 1 3 0 0 0 1 4 3 2 2 2 2 1 2 1 3 3 3 3 3 3 2 1 3 3 2 2 1 1 3 3 2 3 3 3 1 1 3 3 4 1 2 2 3 3 3 3 3 1 1 3 3 2 3 1 4 1 3 3 3 3 3 1 2 3 4 3 3 3 2 3
37 0.056272 1 4 1 3 1 3 4 2 3 4 1 3 1 1 1 3 3 2 4 2 2 0 0 0 2 2 1 2 3 3 3 3 3 3 3 2 1 3 3 2 2 1 1 3 3 2 3 3 3 1 1 3 3 4 1 2 2 3 3 3 3 3 1 1 3 3 2 3 1 4 1 3 1 3 3 3 1 2 3 4 3 3 3 4 3
37 0.004529 1 4 1 3 2 3 4 2 3 4 1 3 1 1 1 3 0 0 0 1 4 3 2 2 2 2 1 2 1 3 3 3 3 3 3 2 1 3 3 2 2 1 1 3 3 2 3 3 3 1 1 3 3 4 1 2 2 3 3 3 3 3 1 1 3 3 2 3 1 4 1 3 1 3 3 3 1 2 3 4 3 3 3 4 3
37 0.004529 1 4 1 3 1 3 2 2 3 1 1 3 1 1 1 3 3 2 4 2 2 0 0 0 4 2 1 2 1 3 3 3 1 3 3 2 1 3 3 2 2 1 1 3 1 2 1 1 1 1 1 1 3 4 1 2 2 3 3 3 1 1 1 1 1 1 2 1 1 4 1 1 1 1 1 1 1 2 1 4 3 1 3 4 3
37 0.004529 1 4 1 3 1 3 2 2 3 4 1 3 1 1 1 3 3 2 4 2 4 3 2 2 2 2 1 2 1 3 3 3 3 3 3 2 1 3 3 2 2 1 1 3 3 2 3 3 3 1 1 3 3 4 1 2 2 3 3 3 3 3 1 1 3 3 2 3 1 4 1 3 1 3 3 3 1 2 3 4 3 3 1 4 3
37 0.056272 1 4 1 3 1 3 4 2 3 4 1 3 1 1 1 3 3 2 4 2 2 0 0 0 2 2 1 2 1 1 3 3 3 3 3 2 1 3 3 2 2 1 1 3 3 2 3 3 3 1 1 3 1 4 1 2 2 3 3 3 3 3 1 1 3 3 2 3 1 4 1 3 1 3 3 3 1 2 3 4 3 3 3 4 3
37 0.004529 1 4 1 3 1 3 2 2 3 4 1 3 1 1 1 3 3 2 4 2 4 3 2 2 2 2 1 2 1 3 3 3 3 3 3 2 1 3 3 2 2 1 1 3 3 2 3 3 3 1 1 3 3 4 1 2 4 3 3 3 3 3 1 1 3 3 2 3 1 4 1 3 1 3 3 3 1 2 3 4 3 3 3 4 3
37 0.004529 1 2 1 1 1 3 4 2 3 1 1 3 1 1 1 3 3 2 4 2 2 0 0 0 2 2 1 2 1 3 1 3 3 3 3 2 1 4 3 2 2 1 1 3 3 2 3 3 3 1 1 3 3 4 1 2 2 3 3 3 3 3 1 1 3 3 2 3 1 4 3 3 1 3 3 3 1 2 3 4 3 3 3 4 3
37 0.450179 1 4 1 3 1 3 4 2 3 4 1 3 1 1 1 3 3 2 4 2 2 0 0 0 2 2 1 2 1 3 3 3 3 3 3 2 1 3 3 2 2 1 1 3 3 2 3 3 3 1 1 3 3 4 1 2 2 3 3 3 3 3 1 1 3 3 2 3 1 4 1 3 1 3 3 3 1 2 3 4 3 3 3 4 3
37 0.056272 1 4 1 3 1 3 4 2 3 4 1 3 1 1 1 3 3 2 4 2 2 0 0 0 2 2 1 2 1 3 3 3 3 3 3 2 1 3 3 2 2 1 1 1 3 2 3 3 3 1 1 3 3 4 1 2 2 3 3 3 3 3 1 1 3 3 2 3 1 4 1 3 1 3 3 3 1 2 3 4 3 3 3 4 3
37 0.056272 1 4 1 3 1 3 4 2 0 0 0 0 0 0 2 4 0 0 0 2 2 0 0 0 2 2 1 2 1 3 3 3 3 3 3 2 1 3 3 2 2 1 1 3 3 2 3 3 3 1 1 3 3 4 1 2 2 3 3 3 3 3 1 1 3 3 2 3 1 2 1 3 1 3 3 3 1 2 3 4 3 3 3 4 3
37 0.056272 1 4 1 3 1 3 4 2 3 4 1 3 1 1 1 3 3 2 4 2 2 0 0 0 2 2 1 2 1 3 3 3 3 3 3 2 1 3 3 2 2 1 1 3 3 2 3 3 3 1 0 3 3 4 1 2 2 3 3 1 3 3 3 1 3 3 2 3 1 4 1 3 1 3 3 3 1 2 3 4 3 3 3 4 3
38 0.005661 1 4 4 3 1 3 4 2 3 4 1 3 3 1 1 3 3 2 4 2 2 0 0 0 2 2 1 2 1 3 3 3 3 3 3 2 1 3 3 2 2 1 1 3 3 2 3 3 3 1 1 3 3 4 3 2 2 3 3 3 3 3 1 1 3 3 4 3 1 4 1 3 1 3 3 3 1 2 3 4 3 3 3 4 3
38 0.045289 1 4 1 3 1 3 2 2 3 4 1 3 1 1 1 3 3 2 4 2 4 3 2 2 2 2 1 2 1 3 3 3 3 3 3 2 1 3 3 2 2 1 1 3 3 2 3 3 3 1 1 3 3 4 1 2 2 3 3 3 3 3 1 1 3 3 2 3 1 4 1 3 1 3 3 3 1 2 3 4 3 3 3 4 3
38 0.005661 1 2 1 1 1 3 4 2 3 4 1 3 1 1 1 3 1 2 4 2 2 0 0 0 2 4 1 2 1 3 3 3 3 3 3 2 1 3 3 2 2 1 1 3 3 2 3 3 3 1 1 3 3 4 1 2 2 3 3 3 3 3 1 1 3 3 2 3 0 4 1 3 1 3 3 3 1 2 3 2 3 3 3 4 3
38 0.005661 1 4 1 3 1 3 2 2 3 4 1 3 1 1 1 3 3 2 4 2 4 3 2 2 2 2 1 2 1 3 3 3 3 3 3 2 1 3 3 2 2 1 1 3 3 2 3 3 3 1 1 3 3 4 1 2 2 3 3 3 3 3 1 4 3 3 2 3 1 4 1 3 1 3 3 3 1 2 3 4 3 3 3 4 3
38 0.054716 1 4 1 3 1 3 4 2 3 4 1 3 1 1 1 3 3 2 4 2 2 0 0 0 2 2 1 2 1 3 3 1 3 3 3 2 4 3 0 0 0 3 2 3 3 4 3 3 3 1 1 3 3 4 1 2 2 3 1 3 3 3 1 1 3 3 2 3 1 4 1 3 1 3 3 3 1 2 3 4 3 3 3 4 3
38 0.005661 1 4 1 3 1 3 2 4 3 4 1 3 1 1 1 3 3 2 4 2 4 3 2 2 2 2 1 2 1 3 3 3 3 3 3 2 1 3 3 2 2 1 1 3 3 2 3 3 3 1 1 3 3 4 1 2 2 3 3 3 3 3 1 1 3 3 2 3 1 4 1 3 1 3 3 3 1 2 3 4 3 3 3 4 3
38 0.054716 1 4 1 3 1 1 4 2 3 4 1 3 1 1 1 3 3 2 4 2 2 0 0 0 2 2 1 2 1 3 3 3 3 3 3 2 1 3 3 2 2 1 1 3 3 2 3 3 3 1 1 3 3 4 1 2 2 3 3 3 3 3 1 1 3 3 2 3 1 4 1 3 1 3 3 3 1 2 3 4 3 3 3 4 3
38 0.005661 1 2 1 3 1 3 2 2 3 4 1 3 3 1 1 3 3 2 4 2 2 0 0 0 2 2 3 2 1 3 3 3 3 3 1 2 1 1 3 2 2 1 1 3 3 2 3 3 3 1 1 3 3 4 1 2 2 3 3 3 3 3 1 1 3 3 2 3 1 4 1 3 1 3 3 3 1 2 3 4 3 3 3 4 3
38 0.005661 1 4 1 3 1 3 2 2 3 4 1 3 1 1 1 3 3 2 4 2 4 3 2 2 2 2 1 2 1 3 3 3 3 3 3 2 1 3 3 2 2 1 1 3 3 2 3 3 3 1 1 3 3 2 1 2 2 3 3 3 3 3 1 1 3 3 2 3 1 4 1 3 1 3 3 3 1 2 3 4 3 3 3 4 3
38 0.054716 2 4 1 3 1 3 4 2 3 4 1 3 1 1 1 3 3 2 4 2 2 0 0 0 2 2 1 2 1 3 3 3 3 3 3 2 1 3 3 2 2 1 1 3 3 2 3 3 3 1 1 3 3 4 1 1 2 1 3 3 3 3 1 1 3 3 2 3 1 4 1 3 1 3 3 3 1 1 3 4 3 3 3 4 3
38 0.005661 1 4 1 3 1 3 2 2 3 4 1 3 1 1 1 3 3 2 4 2 4 3 2 2 2 2 1 2 1 3 3 3 3 3 3 2 1 3 3 2 2 1 1 3 3 2 3 3 3 1 1 3 3 4 1 2 2 3 3 3 3 3 1 1 3 3 2 3 1 4 1 3 1 3 3 3 3 2 3 4 1 3 3 4 3
38 0.005661 1 4 1 3 1 3 2 2 3 4 1 3 1 1 1 3 3 2 4 2 4 3 2 2 2 2 1 2 1 3 3 3 3 3 3 4 1 3 3 2 2 1 1 3 3 2 3 3 3 1 1 3 3 4 1 2 2 3 3 3 3 3 1 1 3 3 2 3 1 4 1 3 1 3 3 3 1 2 3 4 3 3 3 4 3
38 0.005661 1 4 1 3 2 3 4 2 3 4 1 3 1 1 1 3 0 0 0 1 4 3 2 2 2 2 1 2 1 3 3 3 3 3 3 2 1 3 3 2 2 1 1 3 3 2 3 3 3 1 1 3 3 4 1 2 2 3 3 3 3 3 1 1 3 3 2 3 1 4 1 3 3 3 3 3 1 2 3 4 3 3 3 2 3
38 0.054716 1 4 1 3 1 3 4 2 3 4 1 3 1 1 1 3 3 2 4 2 2 0 0 0 2 2 1 2 3 3 3 3 3 3 3 2 1 3 3 2 2 1 1 3 3 2 3 3 3 1 1 3 3 4 1 2 2 3 3 3 3 3 1 1 3 3 2 3 1 4 1 3 1 3 3 3 1 2 3 4 3 3 3 4 3
38 0.005661 1 4 1 3 2 3 4 2 3 4 1 3 1 1 1 3 0 0 0 1 4 3 2 2 2 2 1 2 1 3 3 3 3 3 3 2 1 3 3 2 2 1 1 3 3 2 3 3 3 1 1 3 3 4 1 2 2 3 3 3 3 3 1 1 3 3 2 3 1 4 1 3 1 3 3 3 1 2 3 4 3 3 3 4 3
38 0.005661 1 4 1 3 1 3 2 2 3 1 1 3 1 1 1 3 3 2 4 2 2 0 0 0 4 2 1 2 1 3 3 3 1 3 3 2 1 3 3 2 2 1 1 3 1 2 1 1 1 1 1 1 3 4 1 2 2 3 3 3 1 1 1 1 1 1 2 1 1 4 1 1 1 1 1 1 1 2 1 4 3 1 3 4 3
38 0.005661 1 4 1 3 1 3 2 2 3 4 1 3 1 1 1 3 3 2 4 2 4 3 2 2 2 2 1 2 1 3 3 3 3 3 3 2 1 3 3 2 2 1 1 3 3 2 3 3 3 1 1 3 3 4 1 2 2 3 3 3 3 3 1 1 3 3 2 3 1 4 1 3 1 3 3 3 1 2 3 4 3 3 1 4 3
38 0.054716 1 4 1 3 1 3 4 2 3 4 1 3 1 1 1 3 3 2 4 2 2 0 0 0 2 2 1 2 1 1 3 3 3 3 3 2 1 3 3 2 2 1 1 3 3 2 3 3 3 1 1 3 1 4 1 2 2 3 3 3 3 3 1 1 3 3 2 3 1 4 1 3 1 3 3 3 1 2 3 4 3 3 3 4 3
38 0.005661 1 4 1 3 1 3 2 2 3 4 1 3 1 1 1 3 3 2 4 2 4 3 2 2 2 2 1 2 1 3 3 3 3 3 3 2 1 3 3 2 2 1 1 3 3 2 3 3 3 1 1 3 3 4 1 2 4 3 3 3 3 3 1 1 3 3 2 3 1 4 1 3 1 3 3 3 1 2 3 4 3 3 3 4 3
38 0.005661 1 2 1 1 1 3 4 2 3 1 1 3 1 1 1 3 3 2 4 2 2 0 0 0 2 2 1 2 1 3 1 3 3 3 3 2 1 4 3 2 2 1 1 3 3 2 3 3 3 1 1 3 3 4 1 2 2 3 3 3 3 3 1 1 3 3 2 3 1 4 3 3 1 3 3 3 1 2 3 4 3 3 3 4 3
38 0.437728 1 4 1 3 1 3 4 2 3 4 1 3 1 1 1 3 3 2 4 2 2 0 0 0 2 2 1 2 1 3 3 3 3 3 3 2 1 3 3 2 2 1 1 3 3 2 3 3 3 1 1 3 3 4 1 2 2 3 3 3 3 3 1 1 3 3 2 3 1 4 1 3 1 3 3 3 1 2 3 4 3 3 3 4 3
38 0.054716 1 4 1 3 1 3 4 2 3 4 1 3 1 1 1 3 3 2 4 2 2 0 0 0 2 2 1 2 1 3 3 3 3 3 3 2 1 3 3 2 2 1 1 1 3 2 3 3 3 1 1 3 3 4 1 2 2 3 3 3 3 3 1 1 3 3 2 3 1 4 1 3 1 3 3 3 1 2 3 4 3 3 3 4 3
38 0.054716 1 4 1 3 1 3 4 2 0 0 0 0 0 0 2 4 0 0 0 2 2 0 0 0 2 2 1 2 1 3 3 3 3 3 3 2 1 3 3 2 2 1 1 3 3 2 3 3 3 1 1 3 3 4 1 2 2 3 3 3 3 3 1 1 3 3 2 3 1 2 1 3 1 3 3 3 1 2 3 4 3 3 3 4 3
38 0.054716 1 4 1 3 1 3 4 2 3 4 1 3 1 1 1 3 3 2 4 2 2 0 0 0 2 2 1 2 1 3 3 3 3 3 3 2 1 3 3 2 2 1 1 3 3 2 3 3 3 1 0 3 3 4 1 2 2 3 3 1 3 3 3 1 3 3 2 3 1 4 1 3 1 3 3 3 1 2 3 4 3 3 3 4 3
39 0.007011 1 4 4 3 1 3 4 2 3 4 1 3 3 1 1 3 3 2 4 2 2 0 0 0 2 2 1 2 1 3 3 3 3 3 3 2 1 3 3 2 2 1 1 3 3 2 3 3 3 1 1 3 3 4 3 2 2 3 3 3 3 3 1 1 3 3 4 3 1 4 1 3 1 3 3 3 1 2 3 4 3 3 3 4 3
39 0.056088 1 4 1 3 1 3 2 2 3 4 1 3 1 1 1 3 3 2 4 2 4 3 2 2 2 2 1 2 1 3 3 3 3 3 3 2 1 3 3 2 2 1 1 3 3 2 3 3 3 1 1 3 3 4 1 2 2 3 3 3 3 3 1 1 3 3 2 3 1 4 1 3 1 3 3 3 1 2 3 4 3 3 3 4 3
39 0.007011 1 2 1 1 1 3 4 2 3 4 1 3 1 1 1 3 1 2 4 2 2 0 0 0 2 4 1 2 1 3 3 3 3 3 3 2 1 3 3 2 2 1 1 3 3 2 3 3 3 1 1 3 3 4 1 2 2 3 3 3 3 3 1 1 3 3 2 3 0 4 1 3 1 3 3 3 1 2 3 2 3 3 3 4 3
39 0.007011 1 4 1 3 1 3 2 2 3 4 1 3 1 1 1 3 3 2 4 2 4 3 2 2 2 2 1 2 1 3 3 3 3 3 3 2 1 3 3 2 2 1 1 3 3 2 3 3 3 1 1 3 3 4 1 2 2 3 3 3 3 3 1 4 3 3 2 3 1 4 1 3 1 3 3 3 1 2 3 4 3 3 3 4 3
39 0.052860 1 4 1 3 1 3 4 2 3 4 1 3 1 1 1 3 3 2 4 2 2 0 0 0 2 2 1 2 1 3 3 1 3 3 3 2 4 3 0 0 0 3 2 3 3 4 3 3 3 1 1 3 3 4 1 2 2 3 1 3 3 3 1 1 3 3 2 3 1 4 1 3 1 3 3 3 1 2 3 4 3 3 3 4 3
39 0.007011 1 4 1 3 1 3 2 4 3 4 1 3 1 1 1 3 3 2 4 2 4 3 2 2 2 2 1 2 1 3 3 3 3 3 3 2 1 3 3 2 2 1 1 3 3 2 3 3 3 1 1 3 3 4 1 2 2 3 3 3 3 3 1 1 3 3 2 3 1 4 1 3 1 3 3 3 1 2 3 4 3 3 3 4 3
39 0.052860 1 4 1 3 1 1 4 2 3 4 1 3 1 1 1 3 3 2 4 2 2 0 0 0 2 2 1 2 1 3 3 3 3 3 3 2 1 3 3 2 2 1 1 3 3 2 3 3 3 1 1 3 3 4 1 2 2 3 3 3 3 3 1 1 3 3 2 3 1 4 1 3 1 3 3 3 1 2 3 4 3 3 3 4 3
39 0.007011 1 2 1 3 1 3 2 2 3 4 1 3 3 1 1 3 3 2 4 2 2 0 0 0 2 2 3 2 1 3 3 3 3 3 1 2 1 1 3 2 2 1 1 3 3 2 3 3 3 1 1 3 3 4 1 2 2 3 3 3 3 3 1 1 3 3 2 3 1 4 1 3 1 3 3 3 1 2 3 4 3 3 3 4 3
39 0.007011 1 4 1 3 1 3 2 2 3 4 1 3 1 1 1 3 3 2 4 2 4 3 2 2 2 2 1 2 1 3 3 3 3 3 3 2 1 3 3 2 2 1 1 3 3 2 3 3 3 1 1 3 3 2 1 2 2 3 3 3 3 3 1 1 3 3 2 3 1 4 1 3 1 3 3 3 1 2 3 4 3 3 3 4 3
39 0.052860 2 4 1 3 1 3 4 2 3 4 1 3 1 1 1 3 3 2 4 2 2 0 0 0 2 2 1 2 1 3 3 3 3 3 3 2 1 3 3 2 2 1 1 3 3 2 3 3 3 1 1 3 3 4 1 1 2 1 3 3 3 3 1 1 3 3 2 3 1 4 1 3 1 3 3 3 1 1 3 4 3 3 3 4 3
39 0.007011 1 4 1 3 1 3 2 2 3 4 1 3 1 1 1 3 3 2 4 2 4 3 2 2 2 2 1 2 1 3 3 3 3 3 3 2 1 3 3 2 2 1 1 3 3 2 3 3 3 1 1 3 3 4 1 2 2 3 3 3 3 3 1 1 3 3 2 3 1 4 1 3 1 3 3 3 3 2 3 4 1 3 3 4 3
39 0.007011 1 4 1 3 1 3 2 2 3 4 1 3 1 1 1 3 3 2 4 2 4 3 2 2 2 2 1 2 1 3 3 3 3 3 3 4 1 3 3 2 2 1 1 3 3 2 3 3 3 1 1 3 3 4 1 2 2 3 3 3 3 3 1 1 3 3 2 3 1 4 1 3 1 3 3 3 1 2 3 4 3 3 3 4 3
39 0.007011 1 4 1 3 2 3 4 2 3 4 1 3 1 1 1 3 0 0 0 1 4 3 2 2 2 2 1 2 1 3 3 3 3 3 3 2 1 3 3 2 2 1 1 3 3 2 3 3 3 1 1 3 3 4 1 2 2 3 3 3 3 3 1 1 3 3 2 3 1 4 1 3 3 3 3 3 1 2 3 4 3 3 3 2 3
39 0.052860 1 4 1 3 1 3 4 2 3 4 1 3 1 1 1 3 3 2 4 2 2 0 0 0 2 2 1 2 3 3 3 3 3 3 3 2 1 3 3 2 2 1 1 3 3 2 3 3 3 1 1 3 3 4 1 2 2 3 3 3 3 3 1 1 3 3 2 3 1 4 1 3 1 3 3 3 1 2 3 4 3 3 3 4 3
39 0.007011 1 4 1 3 2 3 4 2 3 4 1 3 1 1 1 3 0 0 0 1 4 3 2 2 2 2 1 2 1 3 3 3 3 3 3 2 1 3 3 2 2 1 1 3 3 2 3 3 3 1 1 3 3 4 1 2 2 3 3 3 3 3 1 1 3 3 2 3 1 4 1 3 1 3 3 3 1 2 3 4 3 3 3 4 3
39 0.007011 1 4 1 3 1 3 2 2 3 1 1 3 1 1 1 3 3 2 4 2 2 0 0 0 4 2 1 2 1 3 3 3 1 3 3 2 1 3 3 2 2 1 1 3 1 2 1 1 1 1 1 1 3 4 1 2 2 3 3 3 1 1 1 1 1 1 2 1 1 4 1 1 1 1 1 1 1 2 1 4 3 1 3 4 3
39 0.007011 1 4 1 3 1 3 2 2 3 4 1 3 1 1 1 3 3 2 4 2 4 3 2 2 2 2 1 2 1 3 3 3 3 3 3 2 1 3 3 2 2 1 1 3 3 2 3 3 3 1 1 3 3 4 1 2 2 3 3 3 3 3 1 1 3 3 2 3 1 4 1 3 1 3 3 3 1 2 3 4 3 3 1 4 3
39 0.052860 1 4 1 3 1 3 4 2 3 4 1 3 1 1 1 3 3 2 4 2 2 0 0 0 2 2 1 2 1 1 3 3 3 3 3 2 1 3 3 2 2 1 1 3 3 2 3 3 3 1 1 3 1 4 1 2 2 3 3 3 3 3 1 1 3 3 2 3 1 4 1 3 1 3 3 3 1 2 3 4 3 3 3 4 3
39 0.007011 1 4 1 3 1 3 2 2 3 4 1 3 1 1 1 3 3 2 4 2 4 3 2 2 2 2 1 2 1 3 3 3 3 3 3 2 1 3 3 2 2 1 1 3 3 2 3 3 3 1 1 3 3 4 1 2 4 3 3 3 3 3 1 1 3 3 2 3 1 4 1 3 1 3 3 3 1 2 3 4 3 3 3 4 3
39 0.007011 1 2 1 1 1 3 4 2 3 1 1 3 1 1 1 3 3 2 4 2 2 0 0 0 2 2 1 2 1 3 1 3 3 3 3 2 1 4 3 2 2 1 1 3 3 2 3 3 3 1 1 3 3 4 1 2 2 3 3 3 3 3 1 1 3 3 2 3 1 4 3 3 1 3 3 3 1 2 3 4 3 3 3 4 3
39 0.422880 1 4 1 3 1 3 4 2 3 4 1 3 1 1 1 3 3 2 4 2 2 0 0 0 2 2 1 2 1 3 3 3 3 3 3 2 1 3 3 2 2 1 1 3 3 2 3 3 3 1 1 3 3 4 1 2 2 3 3 3 3 3 1 1 3 3 2 3 1 4 1 3 1 3 3 3 1 2 3 4 3 3 3 4 3
39 0.052860 1 4 1 3 1 3 4 2 3 4 1 3 1 1 1 3 3 2 4 2 2 0 0 0 2 2 1 2 1 3 3 3 3 3 3 2 1 3 3 2 2 1 1 1 3 2 3 3 3 1 1 3 3 4 1 2 2 3 3 3 3 3 1 1 3 3 2 3 1 4 1 3 1 3 3 3 1 2 3 4 3 3 3 4 3
39 0.052860 1 4 1 3 1 3 4 2 0 0 0 0 0 0 2 4 0 0 0 2 2 0 0 0 2 2 1 2 1 3 3 3 3 3 3 2 1 3 3 2 2 1 1 3 3 2 3 3 3 1 1 3 3 4 1 2 2 3 3 3 3 3 1 1 3 3 2 3 1 2 1 3 1 3 3 3 1 2 3 4 3 3 3 4 3
39 0.052860 1 4 1 3 1 3 4 2 3 4 1 3 1 1 1 3 3 2 4 2 2 0 0 0 2 2 1 2 1 3 3 3 3 3 3 2 1 3 3 2 2 1 1 3 3 2 3 3 3 1 0 3 3 4 1 2 2 3 3 1 3 3 3 1 3 3 2 3 1 4 1 3 1 3 3 3 1 2 3 4 3 3 3 4 3
40 0.008598 1 4 4 3 1 3 4 2 3 4 1 3 3 1 1 3 3 2 4 2 2 0 0 0 2 2 1 2 1 3 3 3 3 3 3 2 1 3 3 2 2 1 1 3 3 2 3 3 3 1 1 3 3 4 3 2 2 3 3 3 3 3 1 1 3 3 4 3 1 4 1 3 1 3 3 3 1 2 3 4 3 3 3 4 3
40 0.068786 1 4 1 3 1 3 2 2 3 4 1 3 1 1 1 3 3 2 4 2 4 3 2 2 2 2 1 2 1 3 3 3 3 3 3 2 1 3 3 2 2 1 1 3 3 2 3 3 3 1 1 3 3 4 1 2 2 3 3 3 3 3 1 1 3 3 2 3 1 4 1 3 1 3 3 3 1 2 3 4 3 3 3 4 3
40 0.008598 1 2 1 1 1 3 4 2 3 4 1 3 1 1 1 3 1 2 4 2 2 0 0 0 2 4 1 2 1 3 3 3 3 3 3 2 1 3 3 2 2 1 1 3 3 2 3 3 3 1 1 3 3 4 1 2 2 3 3 3 3 3 1 1 3 3 2 3 0 4 1 3 1 3 3 3 1 2 3 2 3 3 3 4 3
40 0.008598 1 4 1 3 1 3 2 2 3 4 1 3 1 1 1 3 3 2 4 2 4 3 2 2 2 2 1 2 1 3 3 3 3 3 3 2 1 3 3 2 2 1 1 3 3 2 3 3 3 1 1 3 3 4 1 2 2 3 3 3 3 3 1 4 3 3 2 3 1 4 1 3 1 3 3 3 1 2 3 4 3 3 3 4 3
40 0.050677 1 4 1 3 1 3 4 2 3 4 1 3 1 1 1 3 3 2 4 2 2 0 0 0 2 2 1 2 1 3 3 1 3 3 3 2 4 3 0 0 0 3 2 3 3 4 3 3 3 1 1 3 3 4 1 2 2 3 1 3 3 3 1 1 3 3 2 3 1 4 1 3 1 3 3 3 1 2 3 4 3 3 3 4 3
40 0.008598 1 4 1 3 1 3 2 4 3 4 1 3 1 1 1 3 3 2 4 2 4 3 2 2 2 2 1 2 1 3 3 3 3 3 3 2 1 3 3 2 2 1 1 3 3 2 3 3 3 1 1 3 3 4 1 2 2 3 3 3 3 3 1 1 3 3 2 3 1 4 1 3 1 3 3 3 1 2 3 4 3 3 3 4 3
40 0.050677 1 4 1 3 1 1 4 2 3 4 1 3 1 1 1 3 3 2 4 2 2 0 0 0 2 2 1 2 1 3 3 3 3 3 3 2 1 3 3 2 2 1 1 3 3 2 3 3 3 1 1 3 3 4 1 2 2 3 3 3 3 3 1 1 3 3 2 3 1 4 1 3 1 3 3 3 1 2 3 4 3 3 3 4 3
40 0.008598 1 2 1 3 1 3 2 2 3 4 1 3 3 1 1 3 3 2 4 2 2 0 0 0 2 2 3 2 1 3 3 3 3 3 1 2 1 1 3 2 2 1 1 3 3 2 3 3 3 1 1 3 3 4 1 2 2 3 3 3 3 3 1 1 3 3 2 3 1 4 1 3 1 3 3 3 1 2 3 4 3 3 3 4 3
40 0.008598 1 4 1 3 1 3 2 2 3 4 1 3 1 1 1 3 3 2 4 2 4 3 2 2 2 2 1 2 1 3 3 3 3 3 3 2 1 3 3 2 2 1 1 3 3 2 3 3 3 1 1 3 3 2 1 2 2 3 3 3 3 3 1 1 3 3 2 3 1 4 1 3 1 3 3 3 1 2 3 4 3 3 3 4 3
40 0.050677 2 4 1 3 1 3 4 2 3 4 1 3 1 1 1 3 3 2 4 2 2 0 0 0 2 2 1 2 1 3 3 3 3 3 3 2 1 3 3 2 2 1 1 3 3 2 3 3 3 1 1 3 3 4 1 1 2 1 3 3 3 3 1 1 3 3 2 3 1 4 1 3 1 3 3 3 1 1 3 4 3 3 3 4 3
40 0.008598 1 4 1 3 1 3 2 2 3 4 1 3 1 1 1 3 3 2 4 2 4 3 2 2 2 2 1 2 1 3 3 3 3 3 3 2 1 3 3 2 2 1 1 3 3 2 3 3 3 1 1 3 3 4 1 2 2 3 3 3 3 3 1 1 3 3 2 3 1 4 1 3 1 3 3 3 3 2 3 4 1 3 3 4 3
40 0.008598 1 4 1 3 1 3 2 2 3 4 1 3 1 1 1 3 3 2 4 2 4 3 2 2 2 2 1 2 1 3 3 3 3 3 3 4 1 3 3 2 2 1 1 3 3 2 3 3 3 1 1 3 3 4 1 2 2 3 3 3 3 3 1 1 3 3 2 3 1 4 1 3 1 3 3 3 1 2 3 4 3 3 3 4 3
40 0.008598 1 4 1 3 2 3 4 2 3 4 1 3 1 1 1 3 0 0 0 1 4 3 2 2 2 2 1 2 1 3 3 3 3 3 3 2 1 3 3 2 2 1 1 3 3 2 3 3 3 1 1 3 3 4 1 2 2 3 3 3 3 3 1 1 3 3 2 3 1 4 1 3 3 3 3 3 1 2 3 4 3 3 3 2 3
40 0.050677 1 4 1 3 1 3 4 2 3 4 1 3 1 1 1 3 3 2 4 2 2 0 0 0 2 2 1 2 3 3 3 3 3 3 3 2 1 3 3 2 2 1 1 3 3 2 3 3 3 1 1 3 3 4 1 2 2 3 3 3 3 3 1 1 3 3 2 3 1 4 1 3 1 3 3 3 1 2 3 4 3 3 3 4 3
40 0.008598 1 4 1 3 2 3 4 2 3 4 1 3 1 1 1 3 0 0 0 1 4 3 2 2 2 2 1 2 1 3 3 3 3 3 3 2 1 3 3 2 2 1 1 3 3 2 3 3 3 1 1 3 3 4 1 2 2 3 3 3 3 3 1 1 3 3 2 3 1 4 1 3 1 3 3 3 1 2 3 4 3 3 3 4 3
40 0.008598 1 4 1 3 1 3 2 2 3 1 1 3 1 1 1 3 3 2 4 2 2 0 0 0 4 2 1 2 1 3 3 3 1 3 3 2 1 3 3 2 2 1 1 3 1 2 1 1 1 1 1 1 3 4 1 2 2 3 3 3 1 1 1 1 1 1 2 1 1 4 1 1 1 1 1 1 1 2 1 4 3 1 3 4 3
40 0.008598 1 4 1 3 1 3 2 2 3 4 1 3 1 1 1 3 3 2 4 2 4 3 2 2 2 2 1 2 1 3 3 3 3 3 3 2 1 3 3 2 2 1 1 3 3 2 3 3 3 1 1 3 3 4 1 2 2 3 3 3 3 3 1 1 3 3 2 3 1 4 1 3 1 3 3 3 1 2 3 4 3 3 1 4 3
40 0.050677 1 4 1 3 1 3 4 2 3 4 1 3 1 1 1 3 3 2 4 2 2 0 0 0 2 2 1 2 1 1 3 3 3 3 3 2 1 3 3 2 2 1 1 3 3 2 3 3 3 1 1 3 1 4 1 2 2 3 3 3 3 3 1 1 3 3 2 3 1 4 1 3 1 3 3 3 1 2 3 4 3 3 3 4 3
40 0.008598 1 4 1 3 1 3 2 2 3 4 1 3 1 1 1 3 3 2 4 2 4 3 2 2 2 2 1 2 1 3 3 3 3 3 3 2 1 3 3 2 2 1 1 3 3 2 3 3 3 1 1 3 3 4 1 2 4 3 3 3 3 3 1 1 3 3 2 3 1 4 1 3 1 3 3 3 1 2 3 4 3 3 3 4 3
40 0.008598 1 2 1 1 1 3 4 2 3 1 1 3 1 1 1 3 3 2 4 2 2 0 0 0 2 2 1 2 1 3 1 3 3 3 3 2 1 4 3 2 2 1 1 3 3 2 3 3 3 1 1 3 3 4 1 2 2 3 3 3 3 3 1 1 3 3 2 3 1 4 3 3 1 3 3 3 1 2 3 4 3 3 3 4 3
40 0.405420 1 4 1 3 1 3 4 2 3 4 1 3 1 1 1 3 3 2 4 2 2 0 0 0 2 2 1 2 1 3 3 3 3 3 3 2 1 3 3 2 2 1 1 3 3 2 3 3 3 1 1 3 3 4 1 2 2 3 3 3 3 3 1 1 3 3 2 3 1 4 1 3 1 3 3 3 1 2 3 4 3 3 3 4 3
40 0.050677 1 4 1 3 1 3 4 2 3 4 1 3 1 1 1 3 3 2 4 2 2 0 0 0 2 2 1 2 1 3 3 3 3 3 3 2 1 3 3 2 2 1 1 1 3 2 3 3 3 1 1 3 3 4 1 2 2 3 3 3 3 3 1 1 3 3 2 3 1 4 1 3 1 3 3 3 1 2 3 4 3 3 3 4 3
40 0.050677 1 4 1 3 1 3 4 2 0 0 0 0 0 0 2 4 0 0 0 2 2 0 0 0 2 2 1 2 1 3 3 3 3 3 3 2 1 3 3 2 2 1 1 3 3 2 3 3 3 1 1 3 3 4 1 2 2 3 3 3 3 3 1 1 3 3 2 3 1 2 1 3 1 3 3 3 1 2 3 4 3 3 3 4 3
40 0.050677 1 4 1 3 1 3 4 2 3 4 1 3 1 1 1 3 3 2 4 2 2 0 0 0 2 2 1 2 1 3 3 3 3 3 3 2 1 3 3 2 2 1 1 3 3 2 3 3 3 1 0 3 3 4 1 2 2 3 3 1 3 3 3 1 3 3 2 3 1 4 1 3 1 3 3 3 1 2 3 4 3 3 3 4 3
41 0.010434 1 4 4 3 1 3 4 2 3 4 1 3 3 1 1 3 3 2 4 2 2 0 0 0 2 2 1 2 1 3 3 3 3 3 3 2 1 3 3 2 2 1 1 3 3 2 3 3 3 1 1 3 3 4 3 2 2 3 3 3 3 3 1 1 3 3 4 3 1 4 1 3 1 3 3 3 1 2 3 4 3 3 3 4 3
41 0.083474 1 4 1 3 1 3 2 2 3 4 1 3 1 1 1 3 3 2 4 2 4 3 2 2 2 2 1 2 1 3 3 3 3 3 3 2 1 3 3 2 2 1 1 3 3 2 3 3 3 1 1 3 3 4 1 2 2 3 3 3 3 3 1 1 3 3 2 3 1 4 1 3 1 3 3 3 1 2 3 4 3 3 3 4 3
41 0.010434 1 2 1 1 1 3 4 2 3 4 1 3 1 1 1 3 1 2 4 2 2 0 0 0 2 4 1 2 1 3 3 3 3 3 3 2 1 3 3 2 2 1 1 3 3 2 3 3 3 1 1 3 3 4 1 2 2 3 3 3 3 3 1 1 3 3 2 3 0 4 1 3 1 3 3 3 1 2 3 2 3 3 3 4 3
41 0.010434 1 4 1 3 1 3 2 2 3 4 1 3 1 1 1 3 3 2 4 2 4 3 2 2 2 2 1 2 1 3 3 3 3 3 3 2 1 3 3 2 2 1 1 3 3 2 3 3 3 1 1 3 3 4 1 2 2 3 3 3 3 3 1 4 3 3 2 3 1 4 1 3 1 3 3 3 1 2 3 4 3 3 3 4 3
41 0.048153 1 4 1 3 1 3 4 2 3 4 1 3 1 1 1 3 3 2 4 2 2 0 0 0 2 2 1 2 1 3 3 1 3 3 3 2 4 3 0 0 0 3 2 3 3 4 3 3 3 1 1 3 3 4 1 2 2 3 1 3 3 3 1 1 3 3 2 3 1 4 1 3 1 3 3 3 1 2 3 4 3 3 3 4 3
41 0.010434 1 4 1 3 1 3 2 4 3 4 1 3 1 1 1 3 3 2 4 2 4 3 2 2 2 2 1 2 1 3 3 3 3 3 3 2 1 3 3 2 2 1 1 3 3 2 3 3 3 1 1 3 3 4 1 2 2 3 3 3 3 3 1 1 3 3 2 3 1 4 1 3 1 3 3 3 1 2 3 4 3 3 3 4 3
41 0.048153 1 4 1 3 1 1 4 2 3 4 1 3 1 1 1 3 3 2 4 2 2 0 0 0 2 2 1 2 1 3 3 3 3 3 3 2 1 3 3 2 2 1 1 3 3 2 3 3 3 1 1 3 3 4 1 2 2 3 3 3 3 3 1 1 3 3 2 3 1 4 1 3 1 3 3 3 1 2 3 4 3 3 3 4 3
41 0.010434 1 2 1 3 1 3 2 2 3 4 1 3 3 1 1 3 3 2 4 2 2 0 0 0 2 2 3 2 1 3 3 3 3 3 1 2 1 1 3 2 2 1 1 3 3 2 3 3 3 1 1 3 3 4 1 2 2 3 3 3 3 3 1 1 3 3 2 3 1 4 1 3 1 3 3 3 1 2 3 4 3 3 3 4 3
41 0.010434 1 4 1 3 1 3 2 2 3 4 1 3 1 1 1 3 3 2 4 2 4 3 2 2 2 2 1 2 1 3 3 3 3 3 3 2 1 3 3 2 2 1 1 3 3 2 3 3 3 1 1 3 3 2 1 2 2 3 3 3 3 3 1 1 3 3 2 3 1 4 1 3 1 3 3 3 1 2 3 4 3 3 3 4 3
41 0.048153 2 4 1 3 1 3 4 2 3 4 1 3 1 1 1 3 3 2 4 2 2 0 0 0 2 2 1 2 1 3 3 3 3 3 3 2 1 3 3 2 2 1 1 3 3 2 3 3 3 1 1 3 3 4 1 1 2 1 3 3 3 3 1 1 3 3 2 3 1 4 1 3 1 3 3 3 1 1 3 4 3 3 3 4 3
41 0.010434 1 4 1 3 1 3 2 2 3 4 1 3 1 1 1 3 3 2 4 2 4 3 2 2 2 2 1 2 1 3 3 3 3 3 3 2 1 3 3 2 2 1 1 3 3 2 3 3 3 1 1 3 3 4 1 2 2 3 3 3 3 3 1 1 3 3 2 3 1 4 1 3 1 3 3 3 3 2 3 4 1 3 3 4 3
41 0.010434 1 4 1 3 1 3 2 2 3 4 1 3 1 1 1 3 3 2 4 2 4 3 2 2 2 2 1 2 1 3 3 3 3 3 3 4 1 3 3 2 2 1 1 3 3 2 3 3 3 1 1 3 3 4 1 2 2 3 3 3 3 3 1 1 3 3 2 3 1 4 1 3 1 3 3 3 1 2 3 4 3 3 3 4 3
41 0.010434 1 4 1 3 2 3 4 2 3 4 1 3 1 1 1 3 0 0 0 1 4 3 2 2 2 2 1 2 1 3 3 3 3 3 3 2 1 3 3 2 2 1 1 3 3 2 3 3 3 1 1 3 3 4 1 2 2 3 3 3 3 3 1 1 3 3 2 3 1 4 1 3 3 3 3 3 1 2 3 4 3 3 3 2 3
41 0.048153 1 4 1 3 1 3 4 2 3 4 1 3 1 1 1 3 3 2 4 2 2 0 0 0 2 2 1 2 3 3 3 3 3 3 3 2 1 3 3 2 2 1 1 3 3 2 3 3 3 1 1 3 3 4 1 2 2 3 3 3 3 3 1 1 3 3 2 3 1 4 1 3 1 3 3 3 1 2 3 4 3 3 3 4 3
41 0.010434 1 4 1 3 2 3 4 2 3 4 1 3 1 1 1 3 0 0 0 1 4 3 2 2 2 2 1 2 1 3 3 3 3 3 3 2 1 3 3 2 2 1 1 3 3 2 3 3 3 1 1 3 3 4 1 2 2 3 3 3 3 3 1 1 3 3 2 3 1 4 1 3 1 3 3 3 1 2 3 4 3 3 3 4 3
41 0.010434 1 4 1 3 1 3 2 2 3 1 1 3 1 1 1 3 3 2 4 2 2 0 0 0 4 2 1 2 1 3 3 3 1 3 3 2 1 3 3 2 2 1 1 3 1 2 1 1 1 1 1 1 3 4 1 2 2 3 3 3 1 1 1 1 1 1 2 1 1 4 1 1 1 1 1 1 1 2 1 4 3 1 3 4 3
41 0.010434 1 4 1 3 1 3 2 2 3 4 1 3 1 1 1 3 3 2 4 2 4 3 2 2 2 2 1 2 1 3 3 3 3 3 3 2 1 3 3 2 2 1 1 3 3 2 3 3 3 1 1 3 3 4 1 2 2 3 3 3 3 3 1 1 3 3 2 3 1 4 1 3 1 3 3 3 1 2 3 4 3 3 1 4 3
41 0.048153 1 4 1 3 1 3 4 2 3 4 1 3 1 1 1 3 3 2 4 2 2 0 0 0 2 2 1 2 1 1 3 3 3 3 3 2 1 3 3 2 2 1 1 3 3 2 3 3 3 1 1 3 1 4 1 2 2 3 3 3 3 3 1 1 3 3 2 3 1 4 1 3 1 3 3 3 1 2 3 4 3 3 3 4 3
41 0.010434 1 4 1 3 1 3 2 2 3 4 1 3 1 1 1 3 3 2 4 2 4 3 2 2 2 2 1 2 1 3 3 3 3 3 3 2 1 3 3 2 2 1 1 3 3 2 3 3 3 1 1 3 3 4 1 2 4 3 3 3 3 3 1 1 3 3 2 3 1 4 1 3 1 3 3 3 1 2 3 4 3 3 3 4 3
41 0.010434 1 2 1 1 1 3 4 2 3 1 1 3 1 1 1 3 3 2 4 2 2 0 0 0 2 2 1 2 1 3 1 3 3 3 3 2 1 4 3 2 2 1 1 3 3 2 3 3 3 1 1 3 3 4 1 2 2 3 3 3 3 3 1 1 3 3 2 3 1 4 3 3 1 3 3 3 1 2 3 4 3 3 3 4 3
41 0.385223 1 4 1 3 1 3 4 2 3 4 1 3 1 1 1 3 3 2 4 2 2 0 0 0 2 2 1 2 1 3 3 3 3 3 3 2 1 3 3 2 2 1 1 3 3 2 3 3 3 1 1 3 3 4 1 2 2 3 3 3 3 3 1 1 3 3 2 3 1 4 1 3 1 3 3 3 1 2 3 4 3 3 3 4 3
41 0.048153 1 4 1 3 1 3 4 2 3 4 1 3 1 1 1 3 3 2 4 2 2 0 0 0 2 2 1 2 1 3 3 3 3 3 3 2 1 3 3 2 2 1 1 1 3 2 3 3 3 1 1 3 3 4 1 2 2 3 3 3 3 3 1 1 3 3 2 3 1 4 1 3 1 3 3 3 1 2 3 4 3 3 3 4 3
41 0.048153 1 4 1 3 1 3 4 2 0 0 0 0 0 0 2 4 0 0 0 2 2 0 0 0 2 2 1 2 1 3 3 3 3 3 3 2 1 3 3 2 2 1 1 3 3 2 3 3 3 1 1 3 3 4 1 2 2 3 3 3 3 3 1 1 3 3 2 3 1 2 1 3 1 3 3 3 1 2 3 4 3 3 3 4 3
41 0.048153 1 4 1 3 1 3 4 2 3 4 1 3 1 1 1 3 3 2 4 2 2 0 0 0 2 2 1 2 1 3 3 3 3 3 3 2 1 3 3 2 2 1 1 3 3 2 3 3 3 1 0 3 3 4 1 2 2 3 3 1 3 3 3 1 3 3 2 3 1 4 1 3 1 3 3 3 1 2 3 4 3 3 3 4 3
42 0.012518 1 4 4 3 1 3 4 2 3 4 1 3 3 1 1 3 3 2 4 2 2 0 0 0 2 2 1 2 1 3 3 3 3 3 3 2 1 3 3 2 2 1 1 3 3 2 3 3 3 1 1 3 3 4 3 2 2 3 3 3 3 3 1 1 3 3 4 3 1 4 1 3 1 3 3 3 1 2 3 4 3 3 3 4 3
42 0.100145 1 4 1 3 1 3 2 2 3 4 1 3 1 1 1 3 3 2 4 2 4 3 2 2 2 2 1 2 1 3 3 3 3 3 3 2 1 3 3 2 2 1 1 3 3 2 3 3 3 1 1 3 3 4 1 2 2 3 3 3 3 3 1 1 3 3 2 3 1 4 1 3 1 3 3 3 1 2 3 4 3 3 3 4 3
42 0.012518 1 2 1 1 1 3 4 2 3 4 1 3 1 1 1 3 1 2 4 2 2 0 0 0 2 4 1 2 1 3 3 3 3 3 3 2 1 3 3 2 2 1 1 3 3 2 3 3 3 1 1 3 3 4 1 2 2 3 3 3 3 3 1 1 3 3 2 3 0 4 1 3 1 3 3 3 1 2 3 2 3 3 3 4 3
42 0.012518 1 4 1 3 1 3 2 2 3 4 1 3 1 1 1 3 3 2 4 2 4 3 2 2 2 2 1 2 1 3 3 3 3 3 3 2 1 3 3 2 2 1 1 3 3 2 3 3 3 1 1 3 3 4 1 2 2 3 3 3 3 3 1 4 3 3 2 3 1 4 1 3 1 3 3 3 1 2 3 4 3 3 3 4 3
42 0.045288 1 4 1 3 1 3 4 2 3 4 1 3 1 1 1 3 3 2 4 2 2 0 0 0 2 2 1 2 1 3 3 1 3 3 3 2 4 3 0 0 0 3 2 3 3 4 3 3 3 1 1 3 3 4 1 2 2 3 1 3 3 3 1 1 3 3 2 3 1 4 1 3 1 3 3 3 1 2 3 4 3 3 3 4 3
42 0.012518 1 4 1 3 1 3 2 4 3 4 1 3 1 1 1 3 3 2 4 2 4 3 2 2 2 2 1 2 1 3 3 3 3 3 3 2 1 3 3 2 2 1 1 3 3 2 3 3 3 1 1 3 3 4 1 2 2 3 3 3 3 3 1 1 3 3 2 3 1 4 1 3 1 3 3 3 1 2 3 4 3 3 3 4 3
42 0.045288 1 4 1 3 1 1 4 2 3 4 1 3 1 1 1 3 3 2 4 2 2 0 0 0 2 2 1 2 1 3 3 3 3 3 3 2 1 3 3 2 2 1 1 3 3 2 3 3 3 1 1 3 3 4 1 2 2 3 3 3 3 3 1 1 3 3 2 3 1 4 1 3 1 3 3 3 1 2 3 4 3 3 3 4 3
42 0.012518 1 2 1 3 1 3 2 2 3 4 1 3 3 1 1 3 3 2 4 2 2 0 0 0 2 2 3 2 1 3 3 3 3 3 1 2 1 1 3 2 2 1 1 3 3 2 3 3 3 1 1 3 3 4 1 2 2 3 3 3 3 3 1 1 3 3 2 3 1 4 1 3 1 3 3 3 1 2 3 4 3 3 3 4 3
42 0.012518 1 4 1 3 1 3 2 2 3 4 1 3 1 1 1 3 3 2 4 2 4 3 2 2 2 2 1 2 1 3 3 3 3 3 3 2 1 3 3 2 2 1 1 3 3 2 3 3 3 1 1 3 3 2 1 2 2 3 3 3 3 3 1 1 3 3 2 3 1 4 1 3 1 3 3 3 1 2 3 4 3 3 3 4 3
42 0.045288 2 4 1 3 1 3 4 2 3 4 1 3 1 1 1 3 3 2 4 2 2 0 0 0 2 2 1 2 1 3 3 3 3 3 3 2 1 3 3 2 2 1 1 3 3 2 3 3 3 1 1 3 3 4 1 1 2 1 3 3 3 3 1 1 3 3 2 3 1 4 1 3 1 3 3 3 1 1 3 4 3 3 3 4 3
42 0.012518 1 4 1 3 1 3 2 2 3 4 1 3 1 1 1 3 3 2 4 2 4 3 2 2 2 2 1 2 1 3 3 3 3 3 3 2 1 3 3 2 2 1 1 3 3 2 3 3 3 1 1 3 3 4 1 2 2 3 3 3 3 3 1 1 3 3 2 3 1 4 1 3 1 3 3 3 3 2 3 4 1 3 3 4 3
42 0.012518 1 4 1 3 1 3 2 2 3 4 1 3 1 1 1 3 3 2 4 2 4 3 2 2 2 2 1 2 1 3 3 3 3 3 3 4 1 3 3 2 2 1 1 3 3 2 3 3 3 1 1 3 3 4 1 2 2 3 3 3 3 3 1 1 3 3 2 3 1 4 1 3 1 3 3 3 1 2 3 4 3 3 3 4 3
42 0.012518 1 4 1 3 2 3 4 2 3 4 1 3 1 1 1 3 0 0 0 1 4 3 2 2 2 2 1 2 1 3 3 3 3 3 3 2 1 3 3 2 2 1 1 3 3 2 3 3 3 1 1 3 3 4 1 2 2 3 3 3 3 3 1 1 3 3 2 3 1 4 1 3 3 3 3 3 1 2 3 4 3 3 3 2 3
42 0.045288 1 4 1 3 1 3 4 2 3 4 1 3 1 1 1 3 3 2 4 2 2 0 0 0 2 2 1 2 3 3 3 3 3 3 3 2 1 3 3 2 2 1 1 3 3 2 3 3 3 1 1 3 3 4 1 2 2 3 3 3 3 3 1 1 3 3 2 3 1 4 1 3 1 3 3 3 1 2 3 4 3 3 3 4 3
42 0.012518 1 4 1 3 2 3 4 2 3 4 1 3 1 1 1 3 0 0 0 1 4 3 2 2 2 2 1 2 1 3 3 3 3 3 3 2 1 3 3 2 2 1 1 3 3 2 3 3 3 1 1 3 3 4 1 2 2 3 3 3 3 3 1 1 3 3 2 3 1 4 1 3 1 3 3 3 1 2 3 4 3 3 3 4 3
42 0.012518 1 4 1 3 1 3 2 2 3 1 1 3 1 1 1 3 3 2 4 2 2 0 0 0 4 2 1 2 1 3 3 3 1 3 3 2 1 3 3 2 2 1 1 3 1 2 1 1 1 1 1 1 3 4 1 2 2 3 3 3 1 1 1 1 1 1 2 1 1 4 1 1 1 1 1 1 1 2 1 4 3 1 3 4 3
42 0.012518 1 4 1 3 1 3 2 2 3 4 1 3 1 1 1 3 3 2 4 2 4 3 2 2 2 2 1 2 1 3 3 3 3 3 3 2 1 3 3 2 2 1 1 3 3 2 3 3 3 1 1 3 3 4 1 2 2 3 3 3 3 3 1 1 3 3 2 3 1 4 1 3 1 3 3 3 1 2 3 4 3 3 1 4 3
42 0.045288 1 4 1 3 1 3 4 2 3 4 1 3 1 1 1 3 3 2 4 2 2 0 0 0 2 2 1 2 1 1 3 3 3 3 3 2 1 3 3 2 2 1 1 3 3 2 3 3 3 1 1 3 1 4 1 2 2 3 3 3 3 3 1 1 3 3 2 3 1 4 1 3 1 3 3 3 1 2 3 4 3 3 3 4 3
42 0.012518 1 4 1 3 1 3 2 2 3 4 1 3 1 1 1 3 3 2 4 2 4 3 2 2 2 2 1 2 1 3 3 3 3 3 3 2 1 3 3 2 2 1 1 3 3 2 3 3 3 1 1 3 3 4 1 2 4 3 3 3 3 3 1 1 3 3 2 3 1 4 1 3 1 3 3 3 1 2 3 4 3 3 3 4 3
42 0.012518 1 2 1 1 1 3 4 2 3 1 1 3 1 1 1 3 3 2 4 2 2 0 0 0 2 2 1 2 1 3 1 3 3 3 3 2 1 4 3 2 2 1 1 3 3 2 3 3 3 1 1 3 3 4 1 2 2 3 3 3 3 3 1 1 3 3 2 3 1 4 3 3 1 3 3 3 1 2 3 4 3 3 3 4 3
42 0.362300 1 4 1 3 1 3 4 2 3 4 1 3 1 1 1 3 3 2 4 2 2 0 0 0 2 2 1 2 1 3 3 3 3 3 3 2 1 3 3 2 2 1 1 3 3 2 3 3 3 1 1 3 3 4 1 2 2 3 3 3 3 3 1 1 3 3 2 3 1 4 1 3 1 3 3 3 1 2 3 4 3 3 3 4 3
42 0.045288 1 4 1 3 1 3 4 2 3 4 1 3 1 1 1 3 3 2 4 2 2 0 0 0 2 2 1 2 1 3 3 3 3 3 3 2 1 3 3 2 2 1 1 1 3 2 3 3 3 1 1 3 3 4 1 2 2 3 3 3 3 3 1 1 3 3 2 3 1 4 1 3 1 3 3 3 1 2 3 4 3 3 3 4 3
42 0.045288 1 4 1 3 1 3 4 2 0 0 0 0 0 0 2 4 0 0 0 2 2 0 0 0 2 2 1 2 1 3 3 3 3 3 3 2 1 3 3 2 2 1 1 3 3 2 3 3 3 1 1 3 3 4 1 2 2 3 3 3 3 3 1 1 3 3 2 3 1 2 1 3 1 3 3 3 1 2 3 4 3 3 3 4 3
42 0.045288 1 4 1 3 1 3 4 2 3 4 1 3 1 1 1 3 3 2 4 2 2 0 0 0 2 2 1 2 1 3 3 3 3 3 3 2 1 3 3 2 2 1 1 3 3 2 3 3 3 1 0 3 3 4 1 2 2 3 3 1 3 3 3 1 3 3 2 3 1 4 1 3 1 3 3 3 1 2 3 4 3 3 3 4 3
43 0.014833 1 4 4 3 1 3 4 2 3 4 1 3 3 1 1 3 3 2 4 2 2 0 0 0 2 2 1 2 1 3 3 3 3 3 3 2 1 3 3 2 2 1 1 3 3 2 3 3 3 1 1 3 3 4 3 2 2 3 3 3 3 3 1 1 3 3 4 3 1 4 1 3 1 3 3 3 1 2 3 4 3 3 3 4 3
43 0.118665 1 4 1 3 1 3 2 2 3 4 1 3 1 1 1 3 3 2 4 2 4 3 2 2 2 2 1 2 1 3 3 3 3 3 3 2 1 3 3 2 2 1 1 3 3 2 3 3 3 1 1 3 3 4 1 2 2 3 3 3 3 3 1 1 3 3 2 3 1 4 1 3 1 3 3 3 1 2 3 4 3 3 3 4 3
43 0.014833 1 2 1 1 1 3 4 2 3 4 1 3 1 1 1 3 1 2 4 2 2 0 0 0 2 4 1 2 1 3 3 3 3 3 3 2 1 3 3 2 2 1 1 3 3 2 3 3 3 1 1 3 3 4 1 2 2 3 3 3 3 3 1 1 3 3 2 3 0 4 1 3 1 3 3 3 1 2 3 2 3 3 3 4 3
43 0.014833 1 4 1 3 1 3 2 2 3 4 1 3 1 1 1 3 3 2 4 2 4 3 2 2 2 2 1 2 1 3 3 3 3 3 3 2 1 3 3 2 2 1 1 3 3 2 3 3 3 1 1 3 3 4 1 2 2 3 3 3 3 3 1 4 3 3 2 3 1 4 1 3 1 3 3 3 1 2 3 4 3 3 3 4 3
43 0.042105 1 4 1 3 1 3 4 2 3 4 1 3 1 1 1 3 3 2 4 2 2 0 0 0 2 2 1 2 1 3 3 1 3 3 3 2 4 3 0 0 0 3 2 3 3 4 3 3 3 1 1 3 3 4 1 2 2 3 1 3 3 3 1 1 3 3 2 3 1 4 1 3 1 3 3 3 1 2 3 4 3 3 3 4 3
43 0.014833 1 4 1 3 1 3 2 4 3 4 1 3 1 1 1 3 3 2 4 2 4 3 2 2 2 2 1 2 1 3 3 3 3 3 3 2 1 3 3 2 2 1 1 3 3 2 3 3 3 1 1 3 3 4 1 2 2 3 3 3 3 3 1 1 3 3 2 3 1 4 1 3 1 3 3 3 1 2 3 4 3 3 3 4 3
43 0.042105 1 4 1 3 1 1 4 2 3 4 1 3 1 1 1 3 3 2 4 2 2 0 0 0 2 2 1 2 1 3 3 3 3 3 3 2 1 3 3 2 2 1 1 3 3 2 3 3 3 1 1 3 3 4 1 2 2 3 3 3 3 3 1 1 3 3 2 3 1 4 1 3 1 3 3 3 1 2 3 4 3 3 3 4 3
43 0.014833 1 2 1 3 1 3 2 2 3 4 1 3 3 1 1 3 3 2 4 2 2 0 0 0 2 2 3 2 1 3 3 3 3 3 1 2 1 1 3 2 2 1 1 3 3 2 3 3 3 1 1 3 3 4 1 2 2 3 3 3 3 3 1 1 3 3 2 3 1 4 1 3 1 3 3 3 1 2 3 4 3 3 3 4 3
43 0.014833 1 4 1 3 1 3 2 2 3 4 1 3 1 1 1 3 3 2 4 2 4 3 2 2 2 2 1 2 1 3 3 3 3 3 3 2 1 3 3 2 2 1 1 3 3 2 3 3 3 1 1 3 3 2 1 2 2 3 3 3 3 3 1 1 3 3 2 3 1 4 1 3 1 3 3 3 1 2 3 4 3 3 3 4 3
43 0.042105 2 4 1 3 1 3 4 2 3 4 1 3 1 1 1 3 3 2 4 2 2 0 0 0 2 2 1 2 1 3 3 3 3 3 3 2 1 3 3 2 2 1 1 3 3 2 3 3 3 1 1 3 3 4 1 1 2 1 3 3 3 3 1 1 3 3 2 3 1 4 1 3 1 3 3 3 1 1 3 4 3 3 3 4 3
43 0.014833 1 4 1 3 1 3 2 2 3 4 1 3 1 1 1 3 3 2 4 2 4 3 2 2 2 2 1 2 1 3 3 3 3 3 3 2 1 3 3 2 2 1 1 3 3 2 3 3 3 1 1 3 3 4 1 2 2 3 3 3 3 3 1 1 3 3 2 3 1 4 1 3 1 3 3 3 3 2 3 4 1 3 3 4 3
43 0.014833 1 4 1 3 1 3 2 2 3 4 1 3 1 1 1 3 3 2 4 2 4 3 2 2 2 2 1 2 1 3 3 3 3 3 3 4 1 3 3 2 2 1 1 3 3 2 3 3 3 1 1 3 3 4 1 2 2 3 3 3 3 3 1 1 3 3 2 3 1 4 1 3 1 3 3 3 1 2 3 4 3 3 3 4 3
43 0.014833 1 4 1 3 2 3 4 2 3 4 1 3 1 1 1 3 0 0 0 1 4 3 2 2 2 2 1 2 1 3 3 3 3 3 3 2 1 3 3 2 2 1 1 3 3 2 3 3 3 1 1 3 3 4 1 2 2 3 3 3 3 3 1 1 3 3 2 3 1 4 1 3 3 3 3 3 1 2 3 4 3 3 3 2 3
43 0.042105 1 4 1 3 1 3 4 2 3 4 1 3 1 1 1 3 3 2 4 2 2 0 0 0 2 2 1 2 3 3 3 3 3 3 3 2 1 3 3 2 2 1 1 3 3 2 3 3 3 1 1 3 3 4 1 2 2 3 3 3 3 3 1 1 3 3 2 3 1 4 1 3 1 3 3 3 1 2 3 4 3 3 3 4 3
43 0.014833 1 4 1 3 2 3 4 2 3 4 1 3 1 1 1 3 0 0 0 1 4 3 2 2 2 2 1 2 1 3 3 3 3 3 3 2 1 3 3 2 2 1 1 3 3 2 3 3 3 1 1 3 3 4 1 2 2 3 3 3 3 3 1 1 3 3 2 3 1 4 1 3 1 3 3 3 1 2 3 4 3 3 3 4 3
43 0.014833 1 4 1 3 1 3 2 2 3 1 1 3 1 1 1 3 3 2 4 2 2 0 0 0 4 2 1 2 1 3 3 3 1 3 3 2 1 3 3 2 2 1 1 3 1 2 1 1 1 1 1 1 3 4 1 2 2 3 3 3 1 1 1 1 1 1 2 1 1 4 1 1 1 1 1 1 1 2 1 4 3 1 3 4 3
43 0.014833 1 4 1 3 1 3 2 2 3 4 1 3 1 1 1 3 3 2 4 2 4 3 2 2 2 2 1 2 1 3 3 3 3 3 3 2 1 3 3 2 2 1 1 3 3 2 3 3 3 1 1 3 3 4 1 2 2 3 3 3 3 3 1 1 3 3 2 3 1 4 1 3 1 3 3 3 1 2 3 4 3 3 1 4 3
43 0.042105 1 4 1 3 1 3 4 2 3 4 1 3 1 1 1 3 3 2 4 2 2 0 0 0 2 2 1 2 1 1 3 3 3 3 3 2 1 3 3 2 2 1 1 3 3 2 3 3 3 1 1 3 1 4 1 2 2 3 3 3 3 3 1 1 3 3 2 3 1 4 1 3 1 3 3 3 1 2 3 4 3 3 3 4 3
43 0.014833 1 4 1 3 1 3 2 2 3 4 1 3 1 1 1 3 3 2 4 2 4 3 2 2 2 2 1 2 1 3 3 3 3 3 3 2 1 3 3 2 2 1 1 3 3 2 3 3 3 1 1 3 3 4 1 2 4 3 3 3 3 3 1 1 3 3 2 3 1 4 1 3 1 3 3 3 1 2 3 4 3 3 3 4 3
43 0.014833 1 2 1 1 1 3 4 2 3 1 1 3 1 1 1 3 3 2 4 2 2 0 0 0 2 2 1 2 1 3 1 3 3 3 3 2 1 4 3 2 2 1 1 3 3 2 3 3 3 1 1 3 3 4 1 2 2 3 3 3 3 3 1 1 3 3 2 3 1 4 3 3 1 3 3 3 1 2 3 4 3 3 3 4 3
43 0.336836 1 4 1 3 1 3 4 2 3 4 1 3 1 1 1 3 3 2 4 2 2 0 0 0 2 2 1 2 1 3 3 3 3 3 3 2 1 3 3 2 2 1 1 3 3 2 3 3 3 1 1 3 3 4 1 2 2 3 3 3 3 3 1 1 3 3 2 3 1 4 1 3 1 3 3 3 1 2 3 4 3 3 3 4 3
43 0.042105 1 4 1 3 1 3 4 2 3 4 1 3 1 1 1 3 3 2 4 2 2 0 0 0 2 2 1 2 1 3 3 3 3 3 3 2 1 3 3 2 2 1 1 1 3 2 3 3 3 1 1 3 3 4 1 2 2 3 3 3 3 3 1 1 3 3 2 3 1 4 1 3 1 3 3 3 1 2 3 4 3 3 3 4 3
43 0.042105 1 4 1 3 1 3 4 2 0 0 0 0 0 0 2 4 0 0 0 2 2 0 0 0 2 2 1 2 1 3 3 3 3 3 3 2 1 3 3 2 2 1 1 3 3 2 3 3 3 1 1 3 3 4 1 2 2 3 3 3 3 3 1 1 3 3 2 3 1 2 1 3 1 3 3 3 1 2 3 4 3 3 3 4 3
43 0.042105 1 4 1 3 1 3 4 2 3 4 1 3 1 1 1 3 3 2 4 2 2 0 0 0 2 2 1 2 1 3 3 3 3 3 3 2 1 3 3 2 2 1 1 3 3 2 3 3 3 1 0 3 3 4 1 2 2 3 3 1 3 3 3 1 3 3 2 3 1 4 1 3 1 3 3 3 1 2 3 4 3 3 3 4 3
44 0.017344 1 4 4 3 1 3 4 2 3 4 1 3 3 1 1 3 3 2 4 2 2 0 0 0 2 2 1 2 1 3 3 3 3 3 3 2 1 3 3 2 2 1 1 3 3 2 3 3 3 1 1 3 3 4 3 2 2 3 3 3 3 3 1 1 3 3 4 3 1 4 1 3 1 3 3 3 1 2 3 4 3 3 3 4 3
44 0.138752 1 4 1 3 1 3 2 2 3 4 1 3 1 1 1 3 3 2 4 2 4 3 2 2 2 2 1 2 1 3 3 3 3 3 3 2 1 3 3 2 2 1 1 3 3 2 3 3 3 1 1 3 3 4 1 2 2 3 3 3 3 3 1 1 3 3 2 3 1 4 1 3 1 3 3 3 1 2 3 4 3 3 3 4 3
44 0.017344 1 2 1 1 1 3 4 2 3 4 1 3 1 1 1 3 1 2 4 2 2 0 0 0 2 4 1 2 1 3 3 3 3 3 3 2 1 3 3 2 2 1 1 3 3 2 3 3 3 1 1 3 3 4 1 2 2 3 3 3 3 3 1 1 3 3 2 3 0 4 1 3 1 3 3 3 1 2 3 2 3 3 3 4 3
44 0.017344 1 4 1 3 1 3 2 2 3 4 1 3 1 1 1 3 3 2 4 2 4 3 2 2 2 2 1 2 1 3 3 3 3 3 3 2 1 3 3 2 2 1 1 3 3 2 3 3 3 1 1 3 3 4 1 2 2 3 3 3 3 3 1 4 3 3 2 3 1 4 1 3 1 3 3 3 1 2 3 4 3 3 3 4 3
44 0.038652 1 4 1 3 1 3 4 2 3 4 1 3 1 1 1 3 3 2 4 2 2 0 0 0 2 2 1 2 1 3 3 1 3 3 3 2 4 3 0 0 0 3 2 3 3 4 3 3 3 1 1 3 3 4 1 2 2 3 1 3 3 3 1 1 3 3 2 3 1 4 1 3 1 3 3 3 1 2 3 4 3 3 3 4 3
44 0.017344 1 4 1 3 1 3 2 4 3 4 1 3 1 1 1 3 3 2 4 2 4 3 2 2 2 2 1 2 1 3 3 3 3 3 3 2 1 3 3 2 2 1 1 3 3 2 3 3 3 1 1 3 3 4 1 2 2 3 3 3 3 3 1 1 3 3 2 3 1 4 1 3 1 3 3 3 1 2 3 4 3 3 3 4 3
44 0.038652 1 4 1 3 1 1 4 2 3 4 1 3 1 1 1 3 3 2 4 2 2 0 0 0 2 2 1 2 1 3 3 3 3 3 3 2 1 3 3 2 2 1 1 3 3 2 3 3 3 1 1 3 3 4 1 2 2 3 3 3 3 3 1 1 3 3 2 3 1 4 1 3 1 3 3 3 1 2 3 4 3 3 3 4 3
44 0.017344 1 2 1 3 1 3 2 2 3 4 1 3 3 1 1 3 3 2 4 2 2 0 0 0 2 2 3 2 1 3 3 3 3 3 1 2 1 1 3 2 2 1 1 3 3 2 3 3 3 1 1 3 3 4 1 2 2 3 3 3 3 3 1 1 3 3 2 3 1 4 1 3 1 3 3 3 1 2 3 4 3 3 3 4 3
44 0.017344 1 4 1 3 1 3 2 2 3 4 1 3 1 1 1 3 3 2 4 2 4 3 2 2 2 2 1 2 1 3 3 3 3 3 3 2 1 3 3 2 2 1 1 3 3 2 3 3 3 1 1 3 3 2 1 2 2 3 3 3 3 3 1 1 3 3 2 3 1 4 1 3 1 3 3 3 1 2 3 4 3 3 3 4 3
44 0.038652 2 4 1 3 1 3 4 2 3 4 1 3 1 1 1 3 3 2 4 2 2 0 0 0 2 2 1 2 1 3 3 3 3 3 3 2 1 3 3 2 2 1 1 3 3 2 3 3 3 1 1 3 3 4 1 1 2 1 3 3 3 3 1 1 3 3 2 3 1 4 1 3 1 3 3 3 1 1 3 4 3 3 3 4 3
44 0.017344 1 4 1 3 1 3 2 2 3 4 1 3 1 1 1 3 3 2 4 2 4 3 2 2 2 2 1 2 1 3 3 3 3 3 3 2 1 3 3 2 2 1 1 3 3 2 3 3 3 1 1 3 3 4 1 2 2 3 3 3 3 3 1 1 3 3 2 3 1 4 1 3 1 3 3 3 3 2 3 4 1 3 3 4 3
44 0.017344 1 4 1 3 1 3 2 2 3 4 1 3 1 1 1 3 3 2 4 2 4 3 2 2 2 2 1 2 1 3 3 3 3 3 3 4 1 3 3 2 2 1 1 3 3 2 3 3 3 1 1 3 3 4 1 2 2 3 3 3 3 3 1 1 3 3 2 3 1 4 1 3 1 3 3 3 1 2 3 4 3 3 3 4 3
44 0.017344 1 4 1 3 2 3 4 2 3 4 1 3 1 1 1 3 0 0 0 1 4 3 2 2 2 2 1 2 1 3 3 3 3 3 3 2 1 3 3 2 2 1 1 3 3 2 3 3 3 1 1 3 3 4 1 2 2 3 3 3 3 3 1 1 3 3 2 3 1 4 1 3 3 3 3 3 1 2 3 4 3 3 3 2 3
44 0.038652 1 4 1 3 1 3 4 2 3 4 1 3 1 1 1 3 3 2 4 2 2 0 0 0 2 2 1 2 3 3 3 3 3 3 3 2 1 3 3 2 2 1 1 3 3 2 3 3 3 1 1 3 3 4 1 2 2 3 3 3 3 3 1 1 3 3 2 3 1 4 1 3 1 3 3 3 1 2 3 4 3 3 3 4 3
44 0.017344 1 4 1 3 2 3 4 2 3 4 1 3 1 1 1 3 0 0 0 1 4 3 2 2 2 2 1 2 1 3 3 3 3 3 3 2 1 3 3 2 2 1 1 3 3 2 3 3 3 1 1 3 3 4 1 2 2 3 3 3 3 3 1 1 3 3 2 3 1 4 1 3 1 3 3 3 1 2 3 4 3 3 3 4 3
44 0.017344 1 4 1 3 1 3 2 2 3 1 1 3 1 1 1 3 3 2 4 2 2 0 0 0 4 2 1 2 1 3 3 3 1 3 3 2 1 3 3 2 2 1 1 3 1 2 1 1 1 1 1 1 3 4 1 2 2 3 3 3 1 1 1 1 1 1 2 1 1 4 1 1 1 1 1 1 1 2 1 4 3 1 3 4 3
44 0.017344 1 4 1 3 1 3 2 2 3 4 1 3 1 1 1 3 3 2 4 2 4 3 2 2 2 2 1 2 1 3 3 3 3 3 3 2 1 3 3 2 2 1 1 3 3 2 3 3 3 1 1 3 3 4 1 2 2 3 3 3 3 3 1 1 3 3 2 3 1 4 1 3 1 3 3 3 1 2 3 4 3 3 1 4 3
44 0.038652 1 4 1 3 1 3 4 2 3 4 1 3 1 1 1 3 3 2 4 2 2 0 0 0 2 2 1 2 1 1 3 3 3 3 3 2 1 3 3 2 2 1 1 3 3 2 3 3 3 1 1 3 1 4 1 2 2 3 3 3 3 3 1 1 3 3 2 3 1 4 1 3 1 3 3 3 1 2 3 4 3 3 3 4 3
44 0.017344 1 4 1 3 1 3 2 2 3 4 1 3 1 1 1 3 3 2 4 2 4 3 2 2 2 2 1 2 1 3 3 3 3 3 3 2 1 3 3 2 2 1 1 3 3 2 3 3 3 1 1 3 3 4 1 2 4 3 3 3 3 3 1 1 3 3 2 3 1 4 1 3 1 3 3 3 1 2 3 4 3 3 3 4 3
44 0.017344 1 2 1 1 1 3 4 2 3 1 1 3 1 1 1 3 3 2 4 2 2 0 0 0 2 2 1 2 1 3 1 3 3 3 3 2 1 4 3 2 2 1 1 3 3 2 3 3 3 1 1 3 3 4 1 2 2 3 3 3 3 3 1 1 3 3 2 3 1 4 3 3 1 3 3 3 1 2 3 4 3 3 3 4 3
44 0.309217 1 4 1 3 1 3 4 2 3 4 1 3 1 1 1 3 3 2 4 2 2 0 0 0 2 2 1 2 1 3 3 3 3 3 3 2 1 3 3 2 2 1 1 3 3 2 3 3 3 1 1 3 3 4 1 2 2 3 3 3 3 3 1 1 3 3 2 3 1 4 1 3 1 3 3 3 1 2 3 4 3 3 3 4 3
44 0.038652 1 4 1 3 1 3 4 2 3 4 1 3 1 1 1 3 3 2 4 2 2 0 0 0 2 2 1 2 1 3 3 3 3 3 3 2 1 3 3 2 2 1 1 1 3 2 3 3 3 1 1 3 3 4 1 2 2 3 3 3 3 3 1 1 3 3 2 3 1 4 1 3 1 3 3 3 1 2 3 4 3 3 3 4 3
44 0.038652 1 4 1 3 1 3 4 2 0 0 0 0 0 0 2 4 0 0 0 2 2 0 0 0 2 2 1 2 1 3 3 3 3 3 3 2 1 3 3 2 2 1 1 3 3 2 3 3 3 1 1 3 3 4 1 2 2 3 3 3 3 3 1 1 3 3 2 3 1 2 1 3 1 3 3 3 1 2 3 4 3 3 3 4 3
44 0.038652 1 4 1 3 1 3 4 2 3 4 1 3 1 1 1 3 3 2 4 2 2 0 0 0 2 2 1 2 1 3 3 3 3 3 3 2 1 3 3 2 2 1 1 3 3 2 3 3 3 1 0 3 3 4 1 2 2 3 3 1 3 3 3 1 3 3 2 3 1 4 1 3 1 3 3 3 1 2 3 4 3 3 3 4 3
45 0.019998 1 4 4 3 1 3 4 2 3 4 1 3 3 1 1 3 3 2 4 2 2 0 0 0 2 2 1 2 1 3 3 3 3 3 3 2 1 3 3 2 2 1 1 3 3 2 3 3 3 1 1 3 3 4 3 2 2 3 3 3 3 3 1 1 3 3 4 3 1 4 1 3 1 3 3 3 1 2 3 4 3 3 3 4 3
45 0.159983 1 4 1 3 1 3 2 2 3 4 1 3 1 1 1 3 3 2 4 2 4 3 2 2 2 2 1 2 1 3 3 3 3 3 3 2 1 3 3 2 2 1 1 3 3 2 3 3 3 1 1 3 3 4 1 2 2 3 3 3 3 3 1 1 3 3 2 3 1 4 1 3 1 3 3 3 1 2 3 4 3 3 3 4 3
45 0.019998 1 2 1 1 1 3 4 2 3 4 1 3 1 1 1 3 1 2 4 2 2 0 0 0 2 4 1 2 1 3 3 3 3 3 3 2 1 3 3 2 2 1 1 3 3 2 3 3 3 1 1 3 3 4 1 2 2 3 3 3 3 3 1 1 3 3 2 3 0 4 1 3 1 3 3 3 1 2 3 2 3 3 3 4 3
45 0.019998 1 4 1 3 1 3 2 2 3 4 1 3 1 1 1 3 3 2 4 2 4 3 2 2 2 2 1 2 1 3 3 3 3 3 3 2 1 3 3 2 2 1 1 3 3 2 3 3 3 1 1 3 3 4 1 2 2 3 3 3 3 3 1 4 3 3 2 3 1 4 1 3 1 3 3 3 1 2 3 4 3 3 3 4 3
45 0.035003 1 4 1 3 1 3 4 2 3 4 1 3 1 1 1 3 3 2 4 2 2 0 0 0 2 2 1 2 1 3 3 1 3 3 3 2 4 3 0 0 0 3 2 3 3 4 3 3 3 1 1 3 3 4 1 2 2 3 1 3 3 3 1 1 3 3 2 3 1 4 1 3 1 3 3 3 1 2 3 4 3 3 3 4 3
45 0.019998 1 4 1 3 1 3 2 4 3 4 1 3 1 1 1 3 3 2 4 2 4 3 2 2 2 2 1 2 1 3 3 3 3 3 3 2 1 3 3 2 2 1 1 3 3 2 3 3 3 1 1 3 3 4 1 2 2 3 3 3 3 3 1 1 3 3 2 3 1 4 1 3 1 3 3 3 1 2 3 4 3 3 3 4 3
45 0.035003 1 4 1 3 1 1 4 2 3 4 1 3 1 1 1 3 3 2 4 2 2 0 0 0 2 2 1 2 1 3 3 3 3 3 3 2 1 3 3 2 2 1 1 3 3 2 3 3 3 1 1 3 3 4 1 2 2 3 3 3 3 3 1 1 3 3 2 3 1 4 1 3 1 3 3 3 1 2 3 4 3 3 3 4 3
45 0.019998 1 2 1 3 1 3 2 2 3 4 1 3 3 1 1 3 3 2 4 2 2 0 0 0 2 2 3 2 1 3 3 3 3 3 1 2 1 1 3 2 2 1 1 3 3 2 3 3 3 1 1 3 3 4 1 2 2 3 3 3 3 3 1 1 3 3 2 3 1 4 1 3 1 3 3 3 1 2 3 4 3 3 3 4 3
45 0.019998 1 4 1 3 1 3 2 2 3 4 1 3 1 1 1 3 3 2 4 2 4 3 2 2 2 2 1 2 1 3 3 3 3 3 3 2 1 3 3 2 2 1 1 3 3 2 3 3 3 1 1 3 3 2 1 2 2 3 3 3 3 3 1 1 3 3 2 3 1 4 1 3 1 3 3 3 1 2 3 4 3 3 3 4 3
45 0.035003 2 4 1 3 1 3 4 2 3 4 1 3 1 1 1 3 3 2 4 2 2 0 0 0 2 2 1 2 1 3 3 3 3 3 3 2 1 3 3 2 2 1 1 3 3 2 3 3 3 1 1 3 3 4 1 1 2 1 3 3 3 3 1 1 3 3 2 3 1 4 1 3 1 3 3 3 1 1 3 4 3 3 3 4 3
45 0.019998 1 4 1 3 1 3 2 2 3 4 1 3 1 1 1 3 3 2 4 2 4 3 2 2 2 2 1 2 1 3 3 3 3 3 3 2 1 3 3 2 2 1 1 3 3 2 3 3 3 1 1 3 3 4 1 2 2 3 3 3 3 3 1 1 3 3 2 3 1 4 1 3 1 3 3 3 3 2 3 4 1 3 3 4 3
45 0.019998 1 4 1 3 1 3 2 2 3 4 1 3 1 1 1 3 3 2 4 2 4 3 2 2 2 2 1 2 1 3 3 3 3 3 3 4 1 3 3 2 2 1 1 3 3 2 3 3 3 1 1 3 3 4 1 2 2 3 3 3 3 3 1 1 3 3 2 3 1 4 1 3 1 3 3 3 1 2 3 4 3 3 3 4 3
45 0.019998 1 4 1 3 2 3 4 2 3 4 1 3 1 1 1 3 0 0 0 1 4 3 2 2 2 2 1 2 1 3 3 3 3 3 3 2 1 3 3 2 2 1 1 3 3 2 3 3 3 1 1 3 3 4 1 2 2 3 3 3 3 3 1 1 3 3 2 3 1 4 1 3 3 3 3 3 1 2 3 4 3 3 3 2 3
45 0.035003 1 4 1 3 1 3 4 2 3 4 1 3 1 1 1 3 3 2 4 2 2 0 0 0 2 2 1 2 3 3 3 3 3 3 3 2 1 3 3 2 2 1 1 3 3 2 3 3 3 1 1 3 3 4 1 2 2 3 3 3 3 3 1 1 3 3 2 3 1 4 1 3 1 3 3 3 1 2 3 4 3 3 3 4 3
45 0.019998 1 4 1 3 2 3 4 2 3 4 1 3 1 1 1 3 0 0 0 1 4 3 2 2 2 2 1 2 1 3 3 3 3 3 3 2 1 3 3 2 2 1 1 3 3 2 3 3 3 1 1 3 3 4 1 2 2 3 3 3 3 3 1 1 3 3 2 3 1 4 1 3 1 3 3 3 1 2 3 4 3 3 3 4 3
45 0.019998 1 4 1 3 1 3 2 2 3 1 1 3 1 1 1 3 3 2 4 2 2 0 0 0 4 2 1 2 1 3 3 3 1 3 3 2 1 3 3 2 2 1 1 3 1 2 1 1 1 1 1 1 3 4 1 2 2 3 3 3 1 1 1 1 1 1 2 1 1 4 1 1 1 1 1 1 1 2 1 4 3 1 3 4 3
45 0.019998 1 4 1 3 1 3 2 2 3 4 1 3 1 1 1 3 3 2 4 2 4 3 2 2 2 2 1 2 1 3 3 3 3 3 3 2 1 3 3 2 2 1 1 3 3 2 3 3 3 1 1 3 3 4 1 2 2 3 3 3 3 3 1 1 3 3 2 3 1 4 1 3 1 3 3 3 1 2 3 4 3 3 1 4 3
45 0.035003 1 4 1 3 1 3 4 2 3 4 1 3 1 1 1 3 3 2 4 2 2 0 0 0 2 2 1 2 1 1 3 3 3 3 3 2 1 3 3 2 2 1 1 3 3 2 3 3 3 1 1 3 1 4 1 2 2 3 3 3 3 3 1 1 3 3 2 3 1 4 1 3 1 3 3 3 1 2 3 4 3 3 3 4 3
45 0.019998 1 4 1 3 1 3 2 2 3 4 1 3 1 1 1 3 3 2 4 2 4 3 2 2 2 2 1 2 1 3 3 3 3 3 3 2 1 3 3 2 2 1 1 3 3 2 3 3 3 1 1 3 3 4 1 2 4 3 3 3 3 3 1 1 3 3 2 3 1 4 1 3 1 3 3 3 1 2 3 4 3 3 3 4 3
45 0.019998 1 2 1 1 1 3 4 2 3 1 1 3 1 1 1 3 3 2 4 2 2 0 0 0 2 2 1 2 1 3 1 3 3 3 3 2 1 4 3 2 2 1 1 3 3 2 3 3 3 1 1 3 3 4 1 2 2 3 3 3 3 3 1 1 3 3 2 3 1 4 3 3 1 3 3 3 1 2 3 4 3 3 3 4 3
45 0.280024 1 4 1 3 1 3 4 2 3 4 1 3 1 1 1 3 3 2 4 2 2 0 0 0 2 2 1 2 1 3 3 3 3 3 3 2 1 3 3 2 2 1 1 3 3 2 3 3 3 1 1 3 3 4 1 2 2 3 3 3 3 3 1 1 3 3 2 3 1 4 1 3 1 3 3 3 1 2 3 4 3 3 3 4 3
45 0.035003 1 4 1 3 1 3 4 2 3 4 1 3 1 1 1 3 3 2 4 2 2 0 0 0 2 2 1 2 1 3 3 3 3 3 3 2 1 3 3 2 2 1 1 1 3 2 3 3 3 1 1 3 3 4 1 2 2 3 3 3 3 3 1 1 3 3 2 3 1 4 1 3 1 3 3 3 1 2 3 4 3 3 3 4 3
45 0.035003 1 4 1 3 1 3 4 2 0 0 0 0 0 0 2 4 0 0 0 2 2 0 0 0 2 2 1 2 1 3 3 3 3 3 3 2 1 3 3 2 2 1 1 3 3 2 3 3 3 1 1 3 3 4 1 2 2 3 3 3 3 3 1 1 3 3 2 3 1 2 1 3 1 3 3 3 1 2 3 4 3 3 3 4 3
45 0.035003 1 4 1 3 1 3 4 2 3 4 1 3 1 1 1 3 3 2 4 2 2 0 0 0 2 2 1 2 1 3 3 3 3 3 3 2 1 3 3 2 2 1 1 3 3 2 3 3 3 1 0 3 3 4 1 2 2 3 3 1 3 3 3 1 3 3 2 3 1 4 1 3 1 3 3 3 1 2 3 4 3 3 3 4 3
46 0.022727 1 4 4 3 1 3 4 2 3 4 1 3 3 1 1 3 3 2 4 2 2 0 0 0 2 2 1 2 1 3 3 3 3 3 3 2 1 3 3 2 2 1 1 3 3 2 3 3 3 1 1 3 3 4 3 2 2 3 3 3 3 3 1 1 3 3 4 3 1 4 1 3 1 3 3 3 1 2 3 4 3 3 3 4 3
46 0.181818 1 4 1 3 1 3 2 2 3 4 1 3 1 1 1 3 3 2 4 2 4 3 2 2 2 2 1 2 1 3 3 3 3 3 3 2 1 3 3 2 2 1 1 3 3 2 3 3 3 1 1 3 3 4 1 2 2 3 3 3 3 3 1 1 3 3 2 3 1 4 1 3 1 3 3 3 1 2 3 4 3 3 3 4 3
46 0.022727 1 2 1 1 1 3 4 2 3 4 1 3 1 1 1 3 1 2 4 2 2 0 0 0 2 4 1 2 1 3 3 3 3 3 3 2 1 3 3 2 2 1 1 3 3 2 3 3 3 1 1 3 3 4 1 2 2 3 3 3 3 3 1 1 3 3 2 3 0 4 1 3 1 3 3 3 1 2 3 2 3 3 3 4 3
46 0.022727 1 4 1 3 1 3 2 2 3 4 1 3 1 1 1 3 3 2 4 2 4 3 2 2 2 2 1 2 1 3 3 3 3 3 3 2 1 3 3 2 2 1 1 3 3 2 3 3 3 1 1 3 3 4 1 2 2 3 3 3 3 3 1 4 3 3 2 3 1 4 1 3 1 3 3 3 1 2 3 4 3 3 3 4 3
46 0.031250 1 4 1 3 1 3 4 2 3 4 1 3 1 1 1 3 3 2 4 2 2 0 0 0 2 2 1 2 1 3 3 1 3 3 3 2 4 3 0 0 0 3 2 3 3 4 3 3 3 1 1 3 3 4 1 2 2 3 1 3 3 3 1 1 3 3 2 3 1 4 1 3 1 3 3 3 1 2 3 4 3 3 3 4 3
46 0.022727 1 4 1 3 1 3 2 4 3 4 1 3 1 1 1 3 3 2 4 2 4 3 2 2 2 2 1 2 1 3 3 3 3 3 3 2 1 3 3 2 2 1 1 3 3 2 3 3 3 1 1 3 3 4 1 2 2 3 3 3 3 3 1 1 3 3 2 3 1 4 1 3 1 3 3 3 1 2 3 4 3 3 3 4 3
46 0.031250 1 4 1 3 1 1 4 2 3 4 1 3 1 1 1 3 3 2 4 2 2 0 0 0 2 2 1 2 1 3 3 3 3 3 3 2 1 3 3 2 2 1 1 3 3 2 3 3 3 1 1 3 3 4 1 2 2 3 3 3 3 3 1 1 3 3 2 3 1 4 1 3 1 3 3 3 1 2 3 4 3 3 3 4 3
46 0.022727 1 2 1 3 1 3 2 2 3 4 1 3 3 1 1 3 3 2 4 2 2 0 0 0 2 2 3 2 1 3 3 3 3 3 1 2 1 1 3 2 2 1 1 3 3 2 3 3 3 1 1 3 3 4 1 2 2 3 3 3 3 3 1 1 3 3 2 3 1 4 1 3 1 3 3 3 1 2 3 4 3 3 3 4 3
46 0.022727 1 4 1 3 1 3 2 2 3 4 1 3 1 1 1 3 3 2 4 2 4 3 2 2 2 2 1 2 1 3 3 3 3 3 3 2 1 3 3 2 2 1 1 3 3 2 3 3 3 1 1 3 3 2 1 2 2 3 3 3 3 3 1 1 3 3 2 3 1 4 1 3 1 3 3 3 1 2 3 4 3 3 3 4 3
46 0.031250 2 4 1 3 1 3 4 2 3 4 1 3 1 1 1 3 3 2 4 2 2 0 0 0 2 2 1 2 1 3 3 3 3 3 3 2 1 3 3 2 2 1 1 3 3 2 3 3 3 1 1 3 3 4 1 1 2 1 3 3 3 3 1 1 3 3 2 3 1 4 1 3 1 3 3 3 1 1 3 4 3 3 3 4 3
46 0.022727 1 4 1 3 1 3 2 2 3 4 1 3 1 1 1 3 3 2 4 2 4 3 2 2 2 2 1 2 1 3 3 3 3 3 3 2 1 3 3 2 2 1 1 3 3 2 3 3 3 1 1 3 3 4 1 2 2 3 3 3 3 3 1 1 3 3 2 3 1 4 1 3 1 3 3 3 3 2 3 4 1 3 3 4 3
46 0.022727 1 4 1 3 1 3 2 2 3 4 1 3 1 1 1 3 3 2 4 2 4 3 2 2 2 2 1 2 1 3 3 3 3 3 3 4 1 3 3 2 2 1 1 3 3 2 3 3 3 1 1 3 3 4 1 2 2 3 3 3 3 3 1 1 3 3 2 3 1 4 1 3 1 3 3 3 1 2 3 4 3 3 3 4 3
46 0.022727 1 4 1 3 2 3 4 2 3 4 1 3 1 1 1 3 0 0 0 1 4 3 2 2 2 2 1 2 1 3 3 3 3 3 3 2 1 3 3 2 2 1 1 3 3 2 3 3 3 1 1 3 3 4 1 2 2 3 3 3 3 3 1 1 3 3 2 3 1 4 1 3 3 3 3 3 1 2 3 4 3 3 3 2 3
46 0.031250 1 4 1 3 1 3 4 2 3 4 1 3 1 1 1 3 3 2 4 2 2 0 0 0 2 2 1 2 3 3 3 3 3 3 3 2 1 3 3 2 2 1 1 3 3 2 3 3 3 1 1 3 3 4 1 2 2 3 3 3 3 3 1 1 3 3 2 3 1 4 1 3 1 3 3 3 1 2 3 4 3 3 3 4 3
46 0.022727 1 4 1 3 2 3 4 2 3 4 1 3 1 1 1 3 0 0 0 1 4 3 2 2 2 2 1 2 1 3 3 3 3 3 3 2 1 3 3 2 2 1 1 3 3 2 3 3 3 1 1 3 3 4 1 2 2 3 3 3 3 3 1 1 3 3 2 3 1 4 1 3 1 3 3 3 1 2 3 4 3 3 3 4 3
46 0.022727 1 4 1 3 1 3 2 2 3 1 1 3 1 1 1 3 3 2 4 2 2 0 0 0 4 2 1 2 1 3 3 3 1 3 3 2 1 3 3 2 2 1 1 3 1 2 1 1 1 1 1 1 3 4 1 2 2 3 3 3 1 1 1 1 1 1 2 1 1 4 1 1 1 1 1 1 1 2 1 4 3 1 3 4 3
46 0.022727 1 4 1 3 1 3 2 2 3 4 1 3 1 1 1 3 3 2 4 2 4 3 2 2 2 2 1 2 1 3 3 3 3 3 3 2 1 3 3 2 2 1 1 3 3 2 3 3 3 1 1 3 3 4 1 2 2 3 3 3 3 3 1 1 3 3 2 3 1 4 1 3 1 3 3 3 1 2 3 4 3 3 1 4 3
46 0.031250 1 4 1 3 1 3 4 2 3 4 1 3 1 1 1 3 3 2 4 2 2 0 0 0 2 2 1 2 1 1 3 3 3 3 3 2 1 3 3 2 2 1 1 3 3 2 3 3 3 1 1 3 1 4 1 2 2 3 3 3 3 3 1 1 3 3 2 3 1 4 1 3 1 3 3 3 1 2 3 4 3 3 3 4 3
46 0.022727 1 4 1 3 1 3 2 2 3 4 1 3 1 1 1 3 3 2 4 2 4 3 2 2 2 2 1 2 1 3 3 3 3 3 3 2 1 3 3 2 2 1 1 3 3 2 3 3 3 1 1 3 3 4 1 2 4 3 3 3 3 3 1 1 3 3 2 3 1 4 1 3 1 3 3 3 1 2 3 4 3 3 3 4 3
46 0.022727 1 2 1 1 1 3 4 2 3 1 1 3 1 1 1 3 3 2 4 2 2 0 0 0 2 2 1 2 1 3 1 3 3 3 3 2 1 4 3 2 2 1 1 3 3 2 3 3 3 1 1 3 3 4 1 2 2 3 3 3 3 3 1 1 3 3 2 3 1 4 3 3 1 3 3 3 1 2 3 4 3 3 3 4 3
46 0.250000 1 4 1 3 1 3 4 2 3 4 1 3 1 1 1 3 3 2 4 2 2 0 0 0 2 2 1 2 1 3 3 3 3 3 3 2 1 3 3 2 2 1 1 3 3 2 3 3 3 1 1 3 3 4 1 2 2 3 3 3 3 3 1 1 3 3 2 3 1 4 1 3 1 3 3 3 1 2 3 4 3 3 3 4 3
46 0.031250 1 4 1 3 1 3 4 2 3 4 1 3 1 1 1 3 3 2 4 2 2 0 0 0 2 2 1 2 1 3 3 3 3 3 3 2 1 3 3 2 2 1 1 1 3 2 3 3 3 1 1 3 3 4 1 2 2 3 3 3 3 3 1 1 3 3 2 3 1 4 1 3 1 3 3 3 1 2 3 4 3 3 3 4 3
46 0.031250 1 4 1 3 1 3 4 2 0 0 0 0 0 0 2 4 0 0 0 2 2 0 0 0 2 2 1 2 1 3 3 3 3 3 3 2 1 3 3 2 2 1 1 3 3 2 3 3 3 1 1 3 3 4 1 2 2 3 3 3 3 3 1 1 3 3 2 3 1 2 1 3 1 3 3 3 1 2 3 4 3 3 3 4 3
46 0.031250 1 4 1 3 1 3 4 2 3 4 1 3 1 1 1 3 3 2 4 2 2 0 0 0 2 2 1 2 1 3 3 3 3 3 3 2 1 3 3 2 2 1 1 3 3 2 3 3 3 1 0 3 3 4 1 2 2 3 3 1 3 3 3 1 3 3 2 3 1 4 1 3 1 3 3 3 1 2 3 4 3 3 3 4 3
47 0.025457 1 4 4 3 1 3 4 2 3 4 1 3 3 1 1 3 3 2 4 2 2 0 0 0 2 2 1 2 1 3 3 3 3 3 3 2 1 3 3 2 2 1 1 3 3 2 3 3 3 1 1 3 3 4 3 2 2 3 3 3 3 3 1 1 3 3 4 3 1 4 1 3 1 3 3 3 1 2 3 4 3 3 3 4 3
47 0.203654 1 4 1 3 1 3 2 2 3 4 1 3 1 1 1 3 3 2 4 2 4 3 2 2 2 2 1 2 1 3 3 3 3 3 3 2 1 3 3 2 2 1 1 3 3 2 3 3 3 1 1 3 3 4 1 2 2 3 3 3 3 3 1 1 3 3 2 3 1 4 1 3 1 3 3 3 1 2 3 4 3 3 3 4 3
47 0.025457 1 2 1 1 1 3 4 2 3 4 1 3 1 1 1 3 1 2 4 2 2 0 0 0 2 4 1 2 1 3 3 3 3 3 3 2 1 3 3 2 2 1 1 3 3 2 3 3 3 1 1 3 3 4 1 2 2 3 3 3 3 3 1 1 3 3 2 3 0 4 1 3 1 3 3 3 1 2 3 2 3 3 3 4 3
47 0.025457 1 4 1 3 1 3 2 2 3 4 1 3 1 1 1 3 3 2 4 2 4 3 2 2 2 2 1 2 1 3 3 3 3 3 3 2 1 3 3 2 2 1 1 3 3 2 3 3 3 1 1 3 3 4 1 2 2 3 3 3 3 3 1 4 3 3 2 3 1 4 1 3 1 3 3 3 1 2 3 4 3 3 3 4 3
47 0.027497 1 4 1 3 1 3 4 2 3 4 1 3 1 1 1 3 3 2 4 2 2 0 0 0 2 2 1 2 1 3 3 1 3 3 3 2 4 3 0 0 0 3 2 3 3 4 3 3 3 1 1 3 3 4 1 2 2 3 1 3 3 3 1 1 3 3 2 3 1 4 1 3 1 3 3 3 1 2 3 4 3 3 3 4 3
47 0.025457 1 4 1 3 1 3 2 4 3 4 1 3 1 1 1 3 3 2 4 2 4 3 2 2 2 2 1 2 1 3 3 3 3 3 3 2 1 3 3 2 2 1 1 3 3 2 3 3 3 1 1 3 3 4 1 2 2 3 3 3 3 3 1 1 3 3 2 3 1 4 1 3 1 3 3 3 1 2 3 4 3 3 3 4 3
47 0.027497 1 4 1 3 1 1 4 2 3 4 1 3 1 1 1 3 3 2 4 2 2 0 0 0 2 2 1 2 1 3 3 3 3 3 3 2 1 3 3 2 2 1 1 3 3 2 3 3 3 1 1 3 3 4 1 2 2 3 3 3 3 3 1 1 3 3 2 3 1 4 1 3 1 3 3 3 1 2 3 4 3 3 3 4 3
47 0.025457 1 2 1 3 1 3 2 2 3 4 1 3 3 1 1 3 3 2 4 2 2 0 0 0 2 2 3 2 1 3 3 3 3 3 1 2 1 1 3 2 2 1 1 3 3 2 3 3 3 1 1 3 3 4 1 2 2 3 3 3 3 3 1 1 3 3 2 3 1 4 1 3 1 3 3 3 1 2 3 4 3 3 3 4 3
47 0.025457 1 4 1 3 1 3 2 2 3 4 1 3 1 1 1 3 3 2 4 2 4 3 2 2 2 2 1 2 1 3 3 3 3 3 3 2 1 3 3 2 2 1 1 3 3 2 3 3 3 1 1 3 3 2 1 2 2 3 3 3 3 3 1 1 3 3 2 3 1 4 1 3 1 3 3 3 1 2 3 4 3 3 3 4 3
47 0.027497 2 4 1 3 1 3 4 2 3 4 1 3 1 1 1 3 3 2 4 2 2 0 0 0 2 2 1 2 1 3 3 3 3 3 3 2 1 3 3 2 2 1 1 3 3 2 3 3 3 1 1 3 3 4 1 1 2 1 3 3 3 3 1 1 3 3 2 3 1 4 1 3 1 3 3 3 1 1 3 4 3 3 3 4 3
47 0.025457 1 4 1 3 1 3 2 2 3 4 1 3 1 1 1 3 3 2 4 2 4 3 2 2 2 2 1 2 1 3 3 3 3 3 3 2 1 3 3 2 2 1 1 3 3 2 3 3 3 1 1 3 3 4 1 2 2 3 3 3 3 3 1 1 3 3 2 3 1 4 1 3 1 3 3 3 3 2 3 4 1 3 3 4 3
47 0.025457 1 4 1 3 1 3 2 2 3 4 1 3 1 1 1 3 3 2 4 2 4 3 2 2 2 2 1 2 1 3 3 3 3 3 3 4 1 3 3 2 2 1 1 3 3 2 3 3 3 1 1 3 3 4 1 2 2 3 3 3 3 3 1 1 3 3 2 3 1 4 1 3 1 3 3 3 1 2 3 4 3 3 3 4 3
47 0.025457 1 4 1 3 2 3 4 2 3 4 1 3 1 1 1 3 0 0 0 1 4 3 2 2 2 2 1 2 1 3 3 3 3 3 3 2 1 3 3 2 2 1 1 3 3 2 3 3 3 1 1 3 3 4 1 2 2 3 3 3 3 3 1 1 3 3 2 3 1 4 1 3 3 3 3 3 1 2 3 4 3 3 3 2 3
47 0.027497 1 4 1 3 1 3 4 2 3 4 1 3 1 1 1 3 3 2 4 2 2 0 0 0 2 2 1 2 3 3 3 3 3 3 3 2 1 3 3 2 2 1 1 3 3 2 3 3 3 1 1 3 3 4 1 2 2 3 3 3 3 3 1 1 3 3 2 3 1 4 1 3 1 3 3 3 1 2 3 4 3 3 3 4 3
47 0.025457 1 4 1 3 2 3 4 2 3 4 1 3 1 1 1 3 0 0 0 1 4 3 2 2 2 2 1 2 1 3 3 3 3 3 3 2 1 3 3 2 2 1 1 3 3 2 3 3 3 1 1 3 3 4 1 2 2 3 3 3 3 3 1 1 3 3 2 3 1 4 1 3 1 3 3 3 1 2 3 4 3 3 3 4 3
47 0.025457 1 4 1 3 1 3 2 2 3 1 1 3 1 1 1 3 3 2 4 2 2 0 0 0 4 2 1 2 1 3 3 3 1 3 3 2 1 3 3 2 2 1 1 3 1 2 1 1 1 1 1 1 3 4 1 2 2 3 3 3 1 1 1 1 1 1 2 1 1 4 1 1 1 1 1 1 1 2 1 4 3 1 3 4 3
47 0.025457 1 4 1 3 1 3 2 2 3 4 1 3 1 1 1 3 3 2 4 2 4 3 2 2 2 2 1 2 1 3 3 3 3 3 3 2 1 3 3 2 2 1 1 3 3 2 3 3 3 1 1 3 3 4 1 2 2 3 3 3 3 3 1 1 3 3 2 3 1 4 1 3 1 3 3 3 1 2 3 4 3 3 1 4 3
47 0.027497 1 4 1 3 1 3 4 2 3 4 1 3 1 1 1 3 3 2 4 2 2 0 0 0 2 2 1 2 1 1 3 3 3 3 3 2 1 3 3 2 2 1 1 3 3 2 3 3 3 1 1 3 1 4 1 2 2 3 3 3 3 3 1 1 3 3 2 3 1 4 1 3 1 3 3 3 1 2 3 4 3 3 3 4 3
47 0.025457 1 4 1 3 1 3 2 2 3 4 1 3 1 1 1 3 3 2 4 2 4 3 2 2 2 2 1 2 1 3 3 3 3 3 3 2 1 3 3 2 2 1 1 3 3 2 3 3 3 1 1 3 3 4 1 2 4 3 3 3 3 3 1 1 3 3 2 3 1 4 1 3 1 3 3 3 1 2 3 4 3 3 3 4 3
47 0.025457 1 2 1 1 1 3 4 2 3 1 1 3 1 1 1 3 3 2 4 2 2 0 0 0 2 2 1 2 1 3 1 3 3 3 3 2 1 4 3 2 2 1 1 3 3 2 3 3 3 1 1 3 3 4 1 2 2 3 3 3 3 3 1 1 3 3 2 3 1 4 3 3 1 3 3 3 1 2 3 4 3 3 3 4 3
47 0.219976 1 4 1 3 1 3 4 2 3 4 1 3 1 1 1 3 3 2 4 2 2 0 0 0 2 2 1 2 1 3 3 3 3 3 3 2 1 3 3 2 2 1 1 3 3 2 3 3 3 1 1 3 3 4 1 2 2 3 3 3 3 3 1 1 3 3 2 3 1 4 1 3 1 3 3 3 1 2 3 4 3 3 3 4 3
47 0.027497 1 4 1 3 1 3 4 2 3 4 1 3 1 1 1 3 3 2 4 2 2 0 0 0 2 2 1 2 1 3 3 3 3 3 3 2 1 3 3 2 2 1 1 1 3 2 3 3 3 1 1 3 3 4 1 2 2 3 3 3 3 3 1 1 3 3 2 3 1 4 1 3 1 3 3 3 1 2 3 4 3 3 3 4 3
47 0.027497 1 4 1 3 1 3 4 2 0 0 0 0 0 0 2 4 0 0 0 2 2 0 0 0 2 2 1 2 1 3 3 3 3 3 3 2 1 3 3 2 2 1 1 3 3 2 3 3 3 1 1 3 3 4 1 2 2 3 3 3 3 3 1 1 3 3 2 3 1 2 1 3 1 3 3 3 1 2 3 4 3 3 3 4 3
47 0.027497 1 4 1 3 1 3 4 2 3 4 1 3 1 1 1 3 3 2 4 2 2 0 0 0 2 2 1 2 1 3 3 3 3 3 3 2 1 3 3 2 2 1 1 3 3 2 3 3 3 1 0 3 3 4 1 2 2 3 3 1 3 3 3 1 3 3 2 3 1 4 1 3 1 3 3 3 1 2 3 4 3 3 3 4 3
48 0.028111 1 4 4 3 1 3 4 2 3 4 1 3 3 1 1 3 3 2 4 2 2 0 0 0 2 2 1 2 1 3 3 3 3 3 3 2 1 3 3 2 2 1 1 3 3 2 3 3 3 1 1 3 3 4 3 2 2 3 3 3 3 3 1 1 3 3 4 3 1 4 1 3 1 3 3 3 1 2 3 4 3 3 3 4 3
48 0.224885 1 4 1 3 1 3 2 2 3 4 1 3 1 1 1 3 3 2 4 2 4 3 2 2 2 2 1 2 1 3 3 3 3 3 3 2 1 3 3 2 2 1 1 3 3 2 3 3 3 1 1 3 3 4 1 2 2 3 3 3 3 3 1 1 3 3 2 3 1 4 1 3 1 3 3 3 1 2 3 4 3 3 3 4 3
48 0.028111 1 2 1 1 1 3 4 2 3 4 1 3 1 1 1 3 1 2 4 2 2 0 0 0 2 4 1 2 1 3 3 3 3 3 3 2 1 3 3 2 2 1 1 3 3 2 3 3 3 1 1 3 3 4 1 2 2 3 3 3 3 3 1 1 3 3 2 3 0 4 1 3 1 3 3 3 1 2 3 2 3 3 3 4 3
48 0.028111 1 4 1 3 1 3 2 2 3 4 1 3 1 1 1 3 3 2 4 2 4 3 2 2 2 2 1 2 1 3 3 3 3 3 3 2 1 3 3 2 2 1 1 3 3 2 3 3 3 1 1 3 3 4 1 2 2 3 3 3 3 3 1 4 3 3 2 3 1 4 1 3 1 3 3 3 1 2 3 4 3 3 3 4 3
48 0.023848 1 4 1 3 1 3 4 2 3 4 1 3 1 1 1 3 3 2 4 2 2 0 0 0 2 2 1 2 1 3 3 1 3 3 3 2 4 3 0 0 0 3 2 3 3 4 3 3 3 1 1 3 3 4 1 2 2 3 1 3 3 3 1 1 3 3 2 3 1 4 1 3 1 3 3 3 1 2 3 4 3 3 3 4 3
48 0.028111 1 4 1 3 1 3 2 4 3 4 1 3 1 1 1 3 3 2 4 2 4 3 2 2 2 2 1 2 1 3 3 3 3 3 3 2 1 3 3 2 2 1 1 3 3 2 3 3 3 1 1 3 3 4 1 2 2 3 3 3 3 3 1 1 3 3 2 3 1 4 1 3 1 3 3 3 1 2 3 4 3 3 3 4 3
48 0.023848 1 4 1 3 1 1 4 2 3 4 1 3 1 1 1 3 3 2 4 2 2 0 0 0 2 2 1 2 1 3 3 3 3 3 3 2 1 3 3 2 2 1 1 3 3 2 3 3 3 1 1 3 3 4 1 2 2 3 3 3 3 3 1 1 3 3 2 3 1 4 1 3 1 3 3 3 1 2 3 4 3 3 3 4 3
48 0.028111 1 2 1 3 1 3 2 2 3 4 1 3 3 1 1 3 3 2 4 2 2 0 0 0 2 2 3 2 1 3 3 3 3 3 1 2 1 1 3 2 2 1 1 3 3 2 3 3 3 1 1 3 3 4 1 2 2 3 3 3 3 3 1 1 3 3 2 3 1 4 1 3 1 3 3 3 1 2 3 4 3 3 3 4 3
48 0.028111 1 4 1 3 1 3 2 2 3 4 1 3 1 1 1 3 3 2 4 2 4 3 2 2 2 2 1 2 1 3 3 3 3 3 3 2 1 3 3 2 2 1 1 3 3 2 3 3 3 1 1 3 3 2 1 2 2 3 3 3 3 3 1 1 3 3 2 3 1 4 1 3 1 3 3 3 1 2 3 4 3 3 3 4 3
48 0.023848 2 4 1 3 1 3 4 2 3 4 1 3 1 1 1 3 3 2 4 2 2 0 0 0 2 2 1 2 1 3 3 3 3 3 3 2 1 3 3 2 2 1 1 3 3 2 3 3 3 1 1 3 3 4 1 1 2 1 3 3 3 3 1 1 3 3 2 3 1 4 1 3 1 3 3 3 1 1 3 4 3 3 3 4 3
48 0.028111 1 4 1 3 1 3 2 2 3 4 1 3 1 1 1 3 3 2 4 2 4 3 2 2 2 2 1 2 1 3 3 3 3 3 3 2 1 3 3 2 2 1 1 3 3 2 3 3 3 1 1 3 3 4 1 2 2 3 3 3 3 3 1 1 3 3 2 3 1 4 1 3 1 3 3 3 3 2 3 4 1 3 3 4 3
48 0.028111 1 4 1 3 1 3 2 2 3 4 1 3 1 1 1 3 3 2 4 2 4 3 2 2 2 2 1 2 1 3 3 3 3 3 3 4 1 3 3 2 2 1 1 3 3 2 3 3 3 1 1 3 3 4 1 2 2 3 3 3 3 3 1 1 3 3 2 3 1 4 1 3 1 3 3 3 1 2 3 4 3 3 3 4 3
48 0.028111 1 4 1 3 2 3 4 2 3 4 1 3 1 1 1 3 0 0 0 1 4 3 2 2 2 2 1 2 1 3 3 3 3 3 3 2 1 3 3 2 2 1 1 3 3 2 3 3 3 1 1 3 3 4 1 2 2 3 3 3 3 3 1 1 3 3 2 3 1 4 1 3 3 3 3 3 1 2 3 4 3 3 3 2 3
48 0.023848 1 4 1 3 1 3 4 2 3 4 1 3 1 1 1 3 3 2 4 2 2 0 0 0 2 2 1 2 3 3 3 3 3 3 3 2 1 3 3 2 2 1 1 3 3 2 3 3 3 1 1 3 3 4 1 2 2 3 3 3 3 3 1 1 3 3 2 3 1 4 1 3 1 3 3 3 1 2 3 4 3 3 3 4 3
48 0.028111 1 4 1 3 2 3 4 2 3 4 1 3 1 1 1 3 0 0 0 1 4 3 2 2 2 2 1 2 1 3 3 3 3 3 3 2 1 3 3 2 2 1 1 3 3 2 3 3 3 1 1 3 3 4 1 2 2 3 3 3 3 3 1 1 3 3 2 3 1 4 1 3 1 3 3 3 1 2 3 4 3 3 3 4 3
48 0.028111 1 4 1 3 1 3 2 2 3 1 1 3 1 1 1 3 3 2 4 2 2 0 0 0 4 2 1 2 1 3 3 3 1 3 3 2 1 3 3 2 2 1 1 3 1 2 1 1 1 1 1 1 3 4 1 2 2 3 3 3 1 1 1 1 1 1 2 1 1 4 1 1 1 1 1 1 1 2 1 4 3 1 3 4 3
48 0.028111 1 4 1 3 1 3 2 2 3 4 1 3 1 1 1 3 3 2 4 2 4 3 2 2 2 2 1 2 1 3 3 3 3 3 3 2 1 3 3 2 2 1 1 3 3 2 3 3 3 1 1 3 3 4 1 2 2 3 3 3 3 3 1 1 3 3 2 3 1 4 1 3 1 3 3 3 1 2 3 4 3 3 1 4 3
48 0.023848 1 4 1 3 1 3 4 2 3 4 1 3 1 1 1 3 3 2 4 2 2 0 0 0 2 2 1 2 1 1 3 3 3 3 3 2 1 3 3 2 2 1 1 3 3 2 3 3 3 1 1 3 1 4 1 2 2 3 3 3 3 3 1 1 3 3 2 3 1 4 1 3 1 3 3 3 1 2 3 4 3 3 3 4 3
48 0.028111 1 4 1 3 1 3 2 2 3 4 1 3 1 1 1 3 3 2 4 2 4 3 2 2 2 2 1 2 1 3 3 3 3 3 3 2 1 3 3 2 2 1 1 3 3 2 3 3 3 1 1 3 3 4 1 2 4 3 3 3 3 3 1 1 3 3 2 3 1 4 1 3 1 3 3 3 1 2 3 4 3 3 3 4 3
48 0.028111 1 2 1 1 1 3 4 2 3 1 1 3 1 1 1 3 3 2 4 2 2 0 0 0 2 2 1 2 1 3 1 3 3 3 3 2 1 4 3 2 2 1 1 3 3 2 3 3 3 1 1 3 3 4 1 2 2 3 3 3 3 3 1 1 3 3 2 3 1 4 3 3 1 3 3 3 1 2 3 4 3 3 3 4 3
48 0.190783 1 4 1 3 1 3 4 2 3 4 1 3 1 1 1 3 3 2 4 2 2 0 0 0 2 2 1 2 1 3 3 3 3 3 3 2 1 3 3 2 2 1 1 3 3 2 3 3 3 1 1 3 3 4 1 2 2 3 3 3 3 3 1 1 3 3 2 3 1 4 1 3 1 3 3 3 1 2 3 4 3 3 3 4 3
48 0.023848 1 4 1 3 1 3 4 2 3 4 1 3 1 1 1 3 3 2 4 2 2 0 0 0 2 2 1 2 1 3 3 3 3 3 3 2 1 3 3 2 2 1 1 1 3 2 3 3 3 1 1 3 3 4 1 2 2 3 3 3 3 3 1 1 3 3 2 3 1 4 1 3 1 3 3 3 1 2 3 4 3 3 3 4 3
48 0.023848 1 4 1 3 1 3 4 2 0 0 0 0 0 0 2 4 0 0 0 2 2 0 0 0 2 2 1 2 1 3 3 3 3 3 3 2 1 3 3 2 2 1 1 3 3 2 3 3 3 1 1 3 3 4 1 2 2 3 3 3 3 3 1 1 3 3 2 3 1 2 1 3 1 3 3 3 1 2 3 4 3 3 3 4 3
48 0.023848 1 4 1 3 1 3 4 2 3 4 1 3 1 1 1 3 3 2 4 2 2 0 0 0 2 2 1 2 1 3 3 3 3 3 3 2 1 3 3 2 2 1 1 3 3 2 3 3 3 1 0 3 3 4 1 2 2 3 3 1 3 3 3 1 3 3 2 3 1 4 1 3 1 3 3 3 1 2 3 4 3 3 3 4 3
49 0.030621 1 4 4 3 1 3 4 2 3 4 1 3 3 1 1 3 3 2 4 2 2 0 0 0 2 2 1 2 1 3 3 3 3 3 3 2 1 3 3 2 2 1 1 3 3 2 3 3 3 1 1 3 3 4 3 2 2 3 3 3 3 3 1 1 3 3 4 3 1 4 1 3 1 3 3 3 1 2 3 4 3 3 3 4 3
49 0.244972 1 4 1 3 1 3 2 2 3 4 1 3 1 1 1 3 3 2 4 2 4 3 2 2 2 2 1 2 1 3 3 3 3 3 3 2 1 3 3 2 2 1 1 3 3 2 3 3 3 1 1 3 3 4 1 2 2 3 3 3 3 3 1 1 3 3 2 3 1 4 1 3 1 3 3 3 1 2 3 4 3 3 3 4 3
49 0.030621 1 2 1 1 1 3 4 2 3 4 1 3 1 1 1 3 1 2 4 2 2 0 0 0 2 4 1 2 1 3 3 3 3 3 3 2 1 3 3 2 2 1 1 3 3 2 3 3 3 1 1 3 3 4 1 2 2 3 3 3 3 3 1 1 3 3 2 3 0 4 1 3 1 3 3 3 1 2 3 2 3 3 3 4 3
49 0.030621 1 4 1 3 1 3 2 2 3 4 1 3 1 1 1 3 3 2 4 2 4 3 2 2 2 2 1 2 1 3 3 3 3 3 3 2 1 3 3 2 2 1 1 3 3 2 3 3 3 1 1 3 3 4 1 2 2 3 3 3 3 3 1 4 3 3 2 3 1 4 1 3 1 3 3 3 1 2 3 4 3 3 3 4 3
49 0.020395 1 4 1 3 1 3 4 2 3 4 1 3 1 1 1 3 3 2 4 2 2 0 0 0 2 2 1 2 1 3 3 1 3 3 3 2 4 3 0 0 0 3 2 3 3 4 3 3 3 1 1 3 3 4 1 2 2 3 1 3 3 3 1 1 3 3 2 3 1 4 1 3 1 3 3 3 1 2 3 4 3 3 3 4 3
49 0.030621 1 4 1 3 1 3 2 4 3 4 1 3 1 1 1 3 3 2 4 2 4 3 2 2 2 2 1 2 1 3 3 3 3 3 3 2 1 3 3 2 2 1 1 3 3 2 3 3 3 1 1 3 3 4 1 2 2 3 3 3 3 3 1 1 3 3 2 3 1 4 1 3 1 3 3 3 1 2 3 4 3 3 3 4 3
49 0.020395 1 4 1 3 1 1 4 2 3 4 1 3 1 1 1 3 3 2 4 2 2 0 0 0 2 2 1 2 1 3 3 3 3 3 3 2 1 3 3 2 2 1 1 3 3 2 3 3 3 1 1 3 3 4 1 2 2 3 3 3 3 3 1 1 3 3 2 3 1 4 1 3 1 3 3 3 1 2 3 4 3 3 3 4 3
49 0.030621 1 2 1 3 1 3 2 2 3 4 1 3 3 1 1 3 3 2 4 2 2 0 0 0 2 2 3 2 1 3 3 3 3 3 1 2 1 1 3 2 2 1 1 3 3 2 3 3 3 1 1 3 3 4 1 2 2 3 3 3 3 3 1 1 3 3 2 3 1 4 1 3 1 3 3 3 1 2 3 4 3 3 3 4 3
49 0.030621 1 4 1 3 1 3 2 2 3 4 1 3 1 1 1 3 3 2 4 2 4 3 2 2 2 2 1 2 1 3 3 3 3 3 3 2 1 3 3 2 2 1 1 3 3 2 3 3 3 1 1 3 3 2 1 2 2 3 3 3 3 3 1 1 3 3 2 3 1 4 1 3 1 3 3 3 1 2 3 4 3 3 3 4 3
49 0.020395 2 4 1 3 1 3 4 2 3 4 1 3 1 1 1 3 3 2 4 2 2 0 0 0 2 2 1 2 1 3 3 3 3 3 3 2 1 3 3 2 2 1 1 3 3 2 3 3 3 1 1 3 3 4 1 1 2 1 3 3 3 3 1 1 3 3 2 3 1 4 1 3 1 3 3 3 1 1 3 4 3 3 3 4 3
49 0.030621 1 4 1 3 1 3 2 2 3 4 1 3 1 1 1 3 3 2 4 2 4 3 2 2 2 2 1 2 1 3 3 3 3 3 3 2 1 3 3 2 2 1 1 3 3 2 3 3 3 1 1 3 3 4 1 2 2 3 3 3 3 3 1 1 3 3 2 3 1 4 1 3 1 3 3 3 3 2 3 4 1 3 3 4 3
49 0.030621 1 4 1 3 1 3 2 2 3 4 1 3 1 1 1 3 3 2 4 2 4 3 2 2 2 2 1 2 1 3 3 3 3 3 3 4 1 3 3 2 2 1 1 3 3 2 3 3 3 1 1 3 3 4 1 2 2 3 3 3 3 3 1 1 3 3 2 3 1 4 1 3 1 3 3 3 1 2 3 4 3 3 3 4 3
49 0.030621 1 4 1 3 2 3 4 2 3 4 1 3 1 1 1 3 0 0 0 1 4 3 2 2 2 2 1 2 1 3 3 3 3 3 3 2 1 3 3 2 2 1 1 3 3 2 3 3 3 1 1 3 3 4 1 2 2 3 3 3 3 3 1 1 3 3 2 3 1 4 1 3 3 3 3 3 1 2 3 4 3 3 3 2 3
49 0.020395 1 4 1 3 1 3 4 2 3 4 1 3 1 1 1 3 3 2 4 2 2 0 0 0 2 2 1 2 3 3 3 3 3 3 3 2 1 3 3 2 2 1 1 3 3 2 3 3 3 1 1 3 3 4 1 2 2 3 3 3 3 3 1 1 3 3 2 3 1 4 1 3 1 3 3 3 1 2 3 4 3 3 3 4 3
49 0.030621 1 4 1 3 2 3 4 2 3 4 1 3 1 1 1 3 0 0 0 1 4 3 2 2 2 2 1 2 1 3 3 3 3 3 3 2 1 3 3 2 2 1 1 3 3 2 3 3 3 1 1 3 3 4 1 2 2 3 3 3 3 3 1 1 3 3 2 3 1 4 1 3 1 3 3 3 1 2 3 4 3 3 3 4 3
49 0.030621 1 4 1 3 1 3 2 2 3 1 1 3 1 1 1 3 3 2 4 2 2 0 0 0 4 2 1 2 1 3 3 3 1 3 3 2 1 3 3 2 2 1 1 3 1 2 1 1 1 1 1 1 3 4 1 2 2 3 3 3 1 1 1 1 1 1 2 1 1 4 1 1 1 1 1 1 1 2 1 4 3 1 3 4 3
49 0.030621 1 4 1 3 1 3 2 2 3 4 1 3 1 1 1 3 3 2 4 2 4 3 2 2 2 2 1 2 1 3 3 3 3 3 3 2 1 3 3 2 2 1 1 3 3 2 3 3 3 1 1 3 3 4 1 2 2 3 3 3 3 3 1 1 3 3 2 3 1 4 1 3 1 3 3 3 1 2 3 4 3 3 1 4 3
49 0.020395 1 4 1 3 1 3 4 2 3 4 1 3 1 1 1 3 3 2 4 2 2 0 0 0 2 2 1 2 1 1 3 3 3 3 3 2 1 3 3 2 2 1 1 3 3 2 3 3 3 1 1 3 1 4 1 2 2 3 3 3 3 3 1 1 3 3 2 3 1 4 1 3 1 3 3 3 1 2 3 4 3 3 3 4 3
49 0.030621 1 4 1 3 1 3 2 2 3 4 1 3 1 1 1 3 3 2 4 2 4 3 2 2 2 2 1 2 1 3 3 3 3 3 3 2 1 3 3 2 2 1 1 3 3 2 3 3 3 1 1 3 3 4 1 2 4 3 3 3 3 3 1 1 3 3 2 3 1 4 1 3 1 3 3 3 1 2 3 4 3 3 3 4 3
49 0.030621 1 2 1 1 1 3 4 2 3 1 1 3 1 1 1 3 3 2 4 2 2 0 0 0 2 2 1 2 1 3 1 3 3 3 3 2 1 4 3 2 2 1 1 3 3 2 3 3 3 1 1 3 3 4 1 2 2 3 3 3 3 3 1 1 3 3 2 3 1 4 3 3 1 3 3 3 1 2 3 4 3 3 3 4 3
49 0.163164 1 4 1 3 1 3 4 2 3 4 1 3 1 1 1 3 3 2 4 2 2 0 0 0 2 2 1 2 1 3 3 3 3 3 3 2 1 3 3 2 2 1 1 3 3 2 3 3 3 1 1 3 3 4 1 2 2 3 3 3 3 3 1 1 3 3 2 3 1 4 1 3 1 3 3 3 1 2 3 4 3 3 3 4 3
49 0.020395 1 4 1 3 1 3 4 2 3 4 1 3 1 1 1 3 3 2 4 2 2 0 0 0 2 2 1 2 1 3 3 3 3 3 3 2 1 3 3 2 2 1 1 1 3 2 3 3 3 1 1 3 3 4 1 2 2 3 3 3 3 3 1 1 3 3 2 3 1 4 1 3 1 3 3 3 1 2 3 4 3 3 3 4 3
49 0.020395 1 4 1 3 1 3 4 2 0 0 0 0 0 0 2 4 0 0 0 2 2 0 0 0 2 2 1 2 1 3 3 3 3 3 3 2 1 3 3 2 2 1 1 3 3 2 3 3 3 1 1 3 3 4 1 2 2 3 3 3 3 3 1 1 3 3 2 3 1 2 1 3 1 3 3 3 1 2 3 4 3 3 3 4 3
49 0.020395 1 4 1 3 1 3 4 2 3 4 1 3 1 1 1 3 3 2 4 2 2 0 0 0 2 2 1 2 1 3 3 3 3 3 3 2 1 3 3 2 2 1 1 3 3 2 3 3 3 1 0 3 3 4 1 2 2 3 3 1 3 3 3 1 3 3 2 3 1 4 1 3 1 3 3 3 1 2 3 4 3 3 3 4 3
50 0.032936 1 4 4 3 1 3 4 2 3 4 1 3 3 1 1 3 3 2 4 2 2 0 0 0 2 2 1 2 1 3 3 3 3 3 3 2 1 3 3 2 2 1 1 3 3 2 3 3 3 1 1 3 3 4 3 2 2 3 3 3 3 3 1 1 3 3 4 3 1 4 1 3 1 3 3 3 1 2 3 4 3 3 3 4 3
50 0.263491 1 4 1 3 1 3 2 2 3 4 1 3 1 1 1 3 3 2 4 2 4 3 2 2 2 2 1 2 1 3 3 3 3 3 3 2 1 3 3 2 2 1 1 3 3 2 3 3 3 1 1 3 3 4 1 2 2 3 3 3 3 3 1 1 3 3 2 3 1 4 1 3 1 3 3 3 1 2 3 4 3 3 3 4 3
50 0.032936 1 2 1 1 1 3 4 2 3 4 1 3 1 1 1 3 1 2 4 2 2 0 0 0 2 4 1 2 1 3 3 3 3 3 3 2 1 3 3 2 2 1 1 3 3 2 3 3 3 1 1 3 3 4 1 2 2 3 3 3 3 3 1 1 3 3 2 3 0 4 1 3 1 3 3 3 1 2 3 2 3 3 3 4 3
50 0.032936 1 4 1 3 1 3 2 2 3 4 1 3 1 1 1 3 3 2 4 2 4 3 2 2 2 2 1 2 1 3 3 3 3 3 3 2 1 3 3 2 2 1 1 3 3 2 3 3 3 1 1 3 3 4 1 2 2 3 3 3 3 3 1 4 3 3 2 3 1 4 1 3 1 3 3 3 1 2 3 4 3 3 3 4 3
50 0.017212 1 4 1 3 1 3 4 2 3 4 1 3 1 1 1 3 3 2 4 2 2 0 0 0 2 2 1 2 1 3 3 1 3 3 3 2 4 3 0 0 0 3 2 3 3 4 3 3 3 1 1 3 3 4 1 2 2 3 1 3 3 3 1 1 3 3 2 3 1 4 1 3 1 3 3 3 1 2 3 4 3 3 3 4 3
50 0.032936 1 4 1 3 1 3 2 4 3 4 1 3 1 1 1 3 3 2 4 2 4 3 2 2 2 2 1 2 1 3 3 3 3 3 3 2 1 3 3 2 2 1 1 3 3 2 3 3 3 1 1 3 3 4 1 2 2 3 3 3 3 3 1 1 3 3 2 3 1 4 1 3 1 3 3 3 1 2 3 4 3 3 3 4 3
50 0.017212 1 4 1 3 1 1 4 2 3 4 1 3 1 1 1 3 3 2 4 2 2 0 0 0 2 2 1 2 1 3 3 3 3 3 3 2 1 3 3 2 2 1 1 3 3 2 3 3 3 1 1 3 3 4 1 2 2 3 3 3 3 3 1 1 3 3 2 3 1 4 1 3 1 3 3 3 1 2 3 4 3 3 3 4 3
50 0.032936 1 2 1 3 1 3 2 2 3 4 1 3 3 1 1 3 3 2 4 2 2 0 0 0 2 2 3 2 1 3 3 3 3 3 1 2 1 1 3 2 2 1 1 3 3 2 3 3 3 1 1 3 3 4 1 2 2 3 3 3 3 3 1 1 3 3 2 3 1 4 1 3 1 3 3 3 1 2 3 4 3 3 3 4 3
50 0.032936 1 4 1 3 1 3 2 2 3 4 1 3 1 1 1 3 3 2 4 2 4 3 2 2 2 2 1 2 1 3 3 3 3 3 3 2 1 3 3 2 2 1 1 3 3 2 3 3 3 1 1 3 3 2 1 2 2 3 3 3 3 3 1 1 3 3 2 3 1 4 1 3 1 3 3 3 1 2 3 4 3 3 3 4 3
50 0.017212 2 4 1 3 1 3 4 2 3 4 1 3 1 1 1 3 3 2 4 2 2 0 0 0 2 2 1 2 1 3 3 3 3 3 3 2 1 3 3 2 2 1 1 3 3 2 3 3 3 1 1 3 3 4 1 1 2 1 3 3 3 3 1 1 3 3 2 3 1 4 1 3 1 3 3 3 1 1 3 4 3 3 3 4 3
50 0.032936 1 4 1 3 1 3 2 2 3 4 1 3 1 1 1 3 3 2 4 2 4 3 2 2 2 2 1 2 1 3 3 3 3 3 3 2 1 3 3 2 2 1 1 3 3 2 3 3 3 1 1 3 3 4 1 2 2 3 3 3 3 3 1 1 3 3 2 3 1 4 1 3 1 3 3 3 3 2 3 4 1 3 3 4 3
50 0.032936 1 4 1 3 1 3 2 2 3 4 1 3 1 1 1 3 3 2 4 2 4 3 2 2 2 2 1 2 1 3 3 3 3 3 3 4 1 3 3 2 2 1 1 3 3 2 3 3 3 1 1 3 3 4 1 2 2 3 3 3 3 3 1 1 3 3 2 3 1 4 1 3 1 3 3 3 1 2 3 4 3 3 3 4 3
50 0.032936 1 4 1 3 2 3 4 2 3 4 1 3 1 1 1 3 0 0 0 1 4 3 2 2 2 2 1 2 1 3 3 3 3 3 3 2 1 3 3 2 2 1 1 3 3 2 3 3 3 1 1 3 3 4 1 2 2 3 3 3 3 3 1 1 3 3 2 3 1 4 1 3 3 3 3 3 1 2 3 4 3 3 3 2 3
50 0.017212 1 4 1 3 1 3 4 2 3 4 1 3 1 1 1 3 3 2 4 2 2 0 0 0 2 2 1 2 3 3 3 3 3 3 3 2 1 3 3 2 2 1 1 3 3 2 3 3 3 1 1 3 3 4 1 2 2 3 3 3 3 3 1 1 3 3 2 3 1 4 1 3 1 3 3 3 1 2 3 4 3 3 3 4 3
50 0.032936 1 4 1 3 2 3 4 2 3 4 1 3 1 1 1 3 0 0 0 1 4 3 2 2 2 2 1 2 1 3 3 3 3 3 3 2 1 3 3 2 2 1 1 3 3 2 3 3 3 1 1 3 3 4 1 2 2 3 3 3 3 3 1 1 3 3 2 3 1 4 1 3 1 3 3 3 1 2 3 4 3 3 3 4 3
50 0.032936 1 4 1 3 1 3 2 2 3 1 1 3 1 1 1 3 3 2 4 2 2 0 0 0 4 2 1 2 1 3 3 3 1 3 3 2 1 3 3 2 2 1 1 3 1 2 1 1 1 1 1 1 3 4 1 2 2 3 3 3 1 1 1 1 1 1 2 1 1 4 1 1 1 1 1 1 1 2 1 4 3 1 3 4 3
50 0.032936 1 4 1 3 1 3 2 2 3 4 1 3 1 1 1 3 3 2 4 2 4 3 2 2 2 2 1 2 1 3 3 3 3 3 3 2 1 3 3 2 2 1 1 3 3 2 3 3 3 1 1 3 3 4 1 2 2 3 3 3 3 3 1 1 3 3 2 3 1 4 1 3 1 3 3 3 1 2 3 4 3 3 1 4 3
50 0.017212 1 4 1 3 1 3 4 2 3 4 1 3 1 1 1 3 3 2 4 2 2 0 0 0 2 2 1 2 1 1 3 3 3 3 3 2 1 3 3 2 2 1 1 3 3 2 3 3 3 1 1 3 1 4 1 2 2 3 3 3 3 3 1 1 3 3 2 3 1 4 1 3 1 3 3 3 1 2 3 4 3 3 3 4 3
50 0.032936 1 4 1 3 1 3 2 2 3 4 1 3 1 1 1 3 3 2 4 2 4 3 2 2 2 2 1 2 1 3 3 3 3 3 3 2 1 3 3 2 2 1 1 3 3 2 3 3 3 1 1 3 3 4 1 2 4 3 3 3 3 3 1 1 3 3 2 3 1 4 1 3 1 3 3 3 1 2 3 4 3 3 3 4 3
50 0.032936 1 2 1 1 1 3 4 2 3 1 1 3 1 1 1 3 3 2 4 2 2 0 0 0 2 2 1 2 1 3 1 3 3 3 3 2 1 4 3 2 2 1 1 3 3 2 3 3 3 1 1 3 3 4 1 2 2 3 3 3 3 3 1 1 3 3 2 3 1 4 3 3 1 3 3 3 1 2 3 4 3 3 3 4 3
50 0.137700 1 4 1 3 1 3 4 2 3 4 1 3 1 1 1 3 3 2 4 2 2 0 0 0 2 2 1 2 1 3 3 3 3 3 3 2 1 3 3 2 2 1 1 3 3 2 3 3 3 1 1 3 3 4 1 2 2 3 3 3 3 3 1 1 3 3 2 3 1 4 1 3 1 3 3 3 1 2 3 4 3 3 3 4 3
50 0.017212 1 4 1 3 1 3 4 2 3 4 1 3 1 1 1 3 3 2 4 2 2 0 0 0 2 2 1 2 1 3 3 3 3 3 3 2 1 3 3 2 2 1 1 1 3 2 3 3 3 1 1 3 3 4 1 2 2 3 3 3 3 3 1 1 3 3 2 3 1 4 1 3 1 3 3 3 1 2 3 4 3 3 3 4 3
50 0.017212 1 4 1 3 1 3 4 2 0 0 0 0 0 0 2 4 0 0 0 2 2 0 0 0 2 2 1 2 1 3 3 3 3 3 3 2 1 3 3 2 2 1 1 3 3 2 3 3 3 1 1 3 3 4 1 2 2 3 3 3 3 3 1 1 3 3 2 3 1 2 1 3 1 3 3 3 1 2 3 4 3 3 3 4 3
50 0.017212 1 4 1 3 1 3 4 2 3 4 1 3 1 1 1 3 3 2 4 2 2 0 0 0 2 2 1 2 1 3 3 3 3 3 3 2 1 3 3 2 2 1 1 3 3 2 3 3 3 1 0 3 3 4 1 2 2 3 3 1 3 3 3 1 3 3 2 3 1 4 1 3 1 3 3 3 1 2 3 4 3 3 3 4 3
51 0.035020 1 4 4 3 1 3 4 2 3 4 1 3 3 1 1 3 3 2 4 2 2 0 0 0 2 2 1 2 1 3 3 3 3 3 3 2 1 3 3 2 2 1 1 3 3 2 3 3 3 1 1 3 3 4 3 2 2 3 3 3 3 3 1 1 3 3 4 3 1 4 1 3 1 3 3 3 1 2 3 4 3 3 3 4 3
51 0.280162 1 4 1 3 1 3 2 2 3 4 1 3 1 1 1 3 3 2 4 2 4 3 2 2 2 2 1 2 1 3 3 3 3 3 3 2 1 3 3 2 2 1 1 3 3 2 3 3 3 1 1 3 3 4 1 2 2 3 3 3 3 3 1 1 3 3 2 3 1 4 1 3 1 3 3 3 1 2 3 4 3 3 3 4 3
51 0.035020 1 2 1 1 1 3 4 2 3 4 1 3 1 1 1 3 1 2 4 2 2 0 0 0 2 4 1 2 1 3 3 3 3 3 3 2 1 3 3 2 2 1 1 3 3 2 3 3 3 1 1 3 3 4 1 2 2 3 3 3 3 3 1 1 3 3 2 3 0 4 1 3 1 3 3 3 1 2 3 2 3 3 3 4 3
51 0.035020 1 4 1 3 1 3 2 2 3 4 1 3 1 1 1 3 3 2 4 2 4 3 2 2 2 2 1 2 1 3 3 3 3 3 3 2 1 3 3 2 2 1 1 3 3 2 3 3 3 1 1 3 3 4 1 2 2 3 3 3 3 3 1 4 3 3 2 3 1 4 1 3 1 3 3 3 1 2 3 4 3 3 3 4 3
51 0.014347 1 4 1 3 1 3 4 2 3 4 1 3 1 1 1 3 3 2 4 2 2 0 0 0 2 2 1 2 1 3 3 1 3 3 3 2 4 3 0 0 0 3 2 3 3 4 3 3 3 1 1 3 3 4 1 2 2 3 1 3 3 3 1 1 3 3 2 3 1 4 1 3 1 3 3 3 1 2 3 4 3 3 3 4 3
51 0.035020 1 4 1 3 1 3 2 4 3 4 1 3 1 1 1 3 3 2 4 2 4 3 2 2 2 2 1 2 1 3 3 3 3 3 3 2 1 3 3 2 2 1 1 3 3 2 3 3 3 1 1 3 3 4 1 2 2 3 3 3 3 3 1 1 3 3 2 3 1 4 1 3 1 3 3 3 1 2 3 4 3 3 3 4 3
51 0.014347 1 4 1 3 1 1 4 2 3 4 1 3 1 1 1 3 3 2 4 2 2 0 0 0 2 2 1 2 1 3 3 3 3 3 3 2 1 3 3 2 2 1 1 3 3 2 3 3 3 1 1 3 3 4 1 2 2 3 3 3 3 3 1 1 3 3 2 3 1 4 1 3 1 3 3 3 1 2 3 4 3 3 3 4 3
51 0.035020 1 2 1 3 1 3 2 2 3 4 1 3 3 1 1 3 3 2 4 2 2 0 0 0 2 2 3 2 1 3 3 3 3 3 1 2 1 1 3 2 2 1 1 3 3 2 3 3 3 1 1 3 3 4 1 2 2 3 3 3 3 3 1 1 3 3 2 3 1 4 1 3 1 3 3 3 1 2 3 4 3 3 3 4 3
51 0.035020 1 4 1 3 1 3 2 2 3 4 1 3 1 1 1 3 3 2 4 2 4 3 2 2 2 2 1 2 1 3 3 3 3 3 3 2 1 3 3 2 2 1 1 3 3 2 3 3 3 1 1 3 3 2 1 2 2 3 3 3 3 3 1 1 3 3 2 3 1 4 1 3 1 3 3 3 1 2 3 4 3 3 3 4 3
51 0.014347 2 4 1 3 1 3 4 2 3 4 1 3 1 1 1 3 3 2 4 2 2 0 0 0 2 2 1 2 1 3 3 3 3 3 3 2 1 3 3 2 2 1 1 3 3 2 3 3 3 1 1 3 3 4 1 1 2 1 3 3 3 3 1 1 3 3 2 3 1 4 1 3 1 3 3 3 1 1 3 4 3 3 3 4 3
51 0.035020 1 4 1 3 1 3 2 2 3 4 1 3 1 1 1 3 3 2 4 2 4 3 2 2 2 2 1 2 1 3 3 3 3 3 3 2 1 3 3 2 2 1 1 3 3 2 3 3 3 1 1 3 3 4 1 2 2 3 3 3 3 3 1 1 3 3 2 3 1 4 1 3 1 3 3 3 3 2 3 4 1 3 3 4 3
51 0.035020 1 4 1 3 1 3 2 2 3 4 1 3 1 1 1 3 3 2 4 2 4 3 2 2 2 2 1 2 1 3 3 3 3 3 3 4 1 3 3 2 2 1 1 3 3 2 3 3 3 1 1 3 3 4 1 2 2 3 3 3 3 3 1 1 3 3 2 3 1 4 1 3 1 3 3 3 1 2 3 4 3 3 3 4 3
51 0.035020 1 4 1 3 2 3 4 2 3 4 1 3 1 1 1 3 0 0 0 1 4 3 2 2 2 2 1 2 1 3 3 3 3 3 3 2 1 3 3 2 2 1 1 3 3 2 3 3 3 1 1 3 3 4 1 2 2 3 3 3 3 3 1 1 3 3 2 3 1 4 1 3 3 3 3 3 1 2 3 4 3 3 3 2 3
51 0.014347 1 4 1 3 1 3 4 2 3 4 1 3 1 1 1 3 3 2 4 2 2 0 0 0 2 2 1 2 3 3 3 3 3 3 3 2 1 3 3 2 2 1 1 3 3 2 3 3 3 1 1 3 3 4 1 2 2 3 3 3 3 3 1 1 3 3 2 3 1 4 1 3 1 3 3 3 1 2 3 4 3 3 3 4 3
51 0.035020 1 4 1 3 2 3 4 2 3 4 1 3 1 1 1 3 0 0 0 1 4 3 2 2 2 2 1 2 1 3 3 3 3 3 3 2 1 3 3 2 2 1 1 3 3 2 3 3 3 1 1 3 3 4 1 2 2 3 3 3 3 3 1 1 3 3 2 3 1 4 1 3 1 3 3 3 1 2 3 4 3 3 3 4 3
51 0.035020 1 4 1 3 1 3 2 2 3 1 1 3 1 1 1 3 3 2 4 2 2 0 0 0 4 2 1 2 1 3 3 3 1 3 3 2 1 3 3 2 2 1 1 3 1 2 1 1 1 1 1 1 3 4 1 2 2 3 3 3 1 1 1 1 1 1 2 1 1 4 1 1 1 1 1 1 1 2 1 4 3 1 3 4 3
51 0.035020 1 4 1 3 1 3 2 2 3 4 1 3 1 1 1 3 3 2 4 2 4 3 2 2 2 2 1 2 1 3 3 3 3 3 3 2 1 3 3 2 2 1 1 3 3 2 3 3 3 1 1 3 3 4 1 2 2 3 3 3 3 3 1 1 3 3 2 3 1 4 1 3 1 3 3 3 1 2 3 4 3 3 1 4 3
51 0.014347 1 4 1 3 1 3 4 2 3 4 1 3 1 1 1 3 3 2 4 2 2 0 0 0 2 2 1 2 1 1 3 3 3 3 3 2 1 3 3 2 2 1 1 3 3 2 3 3 3 1 1 3 1 4 1 2 2 3 3 3 3 3 1 1 3 3 2 3 1 4 1 3 1 3 3 3 1 2 3 4 3 3 3 4 3
51 0.035020 1 4 1 3 1 3 2 2 3 4 1 3 1 1 1 3 3 2 4 2 4 3 2 2 2 2 1 2 1 3 3 3 3 3 3 2 1 3 3 2 2 1 1 3 3 2 3 3 3 1 1 3 3 4 1 2 4 3 3 3 3 3 1 1 3 3 2 3 1 4 1 3 1 3 3 3 1 2 3 4 3 3 3 4 3
51 0.035020 1 2 1 1 1 3 4 2 3 1 1 3 1 1 1 3 3 2 4 2 2 0 0 0 2 2 1 2 1 3 1 3 3 3 3 2 1 4 3 2 2 1 1 3 3 2 3 3 3 1 1 3 3 4 1 2 2 3 3 3 3 3 1 1 3 3 2 3 1 4 3 3 1 3 3 3 1 2 3 4 3 3 3 4 3
51 0.114777 1 4 1 3 1 3 4 2 3 4 1 3 1 1 1 3 3 2 4 2 2 0 0 0 2 2 1 2 1 3 3 3 3 3 3 2 1 3 3 2 2 1 1 3 3 2 3 3 3 1 1 3 3 4 1 2 2 3 3 3 3 3 1 1 3 3 2 3 1 4 1 3 1 3 3 3 1 2 3 4 3 3 3 4 3
51 0.014347 1 4 1 3 1 3 4 2 3 4 1 3 1 1 1 3 3 2 4 2 2 0 0 0 2 2 1 2 1 3 3 3 3 3 3 2 1 3 3 2 2 1 1 1 3 2 3 3 3 1 1 3 3 4 1 2 2 3 3 3 3 3 1 1 3 3 2 3 1 4 1 3 1 3 3 3 1 2 3 4 3 3 3 4 3
51 0.014347 1 4 1 3 1 3 4 2 0 0 0 0 0 0 2 4 0 0 0 2 2 0 0 0 2 2 1 2 1 3 3 3 3 3 3 2 1 3 3 2 2 1 1 3 3 2 3 3 3 1 1 3 3 4 1 2 2 3 3 3 3 3 1 1 3 3 2 3 1 2 1 3 1 3 3 3 1 2 3 4 3 3 3 4 3
51 0.014347 1 4 1 3 1 3 4 2 3 4 1 3 1 1 1 3 3 2 4 2 2 0 0 0 2 2 1 2 1 3 3 3 3 3 3 2 1 3 3 2 2 1 1 3 3 2 3 3 3 1 0 3 3 4 1 2 2 3 3 1 3 3 3 1 3 3 2 3 1 4 1 3 1 3 3 3 1 2 3 4 3 3 3 4 3
52 0.036856 1 4 4 3 1 3 4 2 3 4 1 3 3 1 1 3 3 2 4 2 2 0 0 0 2 2 1 2 1 3 3 3 3 3 3 2 1 3 3 2 2 1 1 3 3 2 3 3 3 1 1 3 3 4 3 2 2 3 3 3 3 3 1 1 3 3 4 3 1 4 1 3 1 3 3 3 1 2 3 4 3 3 3 4 3
52 0.294851 1 4 1 3 1 3 2 2 3 4 1 3 1 1 1 3 3 2 4 2 4 3 2 2 2 2 1 2 1 3 3 3 3 3 3 2 1 3 3 2 2 1 1 3 3 2 3 3 3 1 1 3 3 4 1 2 2 3 3 3 3 3 1 1 3 3 2 3 1 4 1 3 1 3 3 3 1 2 3 4 3 3 3 4 3
52 0.036856 1 2 1 1 1 3 4 2 3 4 1 3 1 1 1 3 1 2 4 2 2 0 0 0 2 4 1 2 1 3 3 3 3 3 3 2 1 3 3 2 2 1 1 3 3 2 3 3 3 1 1 3 3 4 1 2 2 3 3 3 3 3 1 1 3 3 2 3 0 4 1 3 1 3 3 3 1 2 3 2 3 3 3 4 3
52 0.036856 1 4 1 3 1 3 2 2 3 4 1 3 1 1 1 3 3 2 4 2 4 3 2 2 2 2 1 2 1 3 3 3 3 3 3 2 1 3 3 2 2 1 1 3 3 2 3 3 3 1 1 3 3 4 1 2 2 3 3 3 3 3 1 4 3 3 2 3 1 4 1 3 1 3 3 3 1 2 3 4 3 3 3 4 3
52 0.011823 1 4 1 3 1 3 4 2 3 4 1 3 1 1 1 3 3 2 4 2 2 0 0 0 2 2 1 2 1 3 3 1 3 3 3 2 4 3 0 0 0 3 2 3 3 4 3 3 3 1 1 3 3 4 1 2 2 3 1 3 3 3 1 1 3 3 2 3 1 4 1 3 1 3 3 3 1 2 3 4 3 3 3 4 3
52 0.036856 1 4 1 3 1 3 2 4 3 4 1 3 1 1 1 3 3 2 4 2 4 3 2 2 2 2 1 2 1 3 3 3 3 3 3 2 1 3 3 2 2 1 1 3 3 2 3 3 3 1 1 3 3 4 1 2 2 3 3 3 3 3 1 1 3 3 2 3 1 4 1 3 1 3 3 3 1 2 3 4 3 3 3 4 3
52 0.011823 1 4 1 3 1 1 4 2 3 4 1 3 1 1 1 3 3 2 4 2 2 0 0 0 2 2 1 2 1 3 3 3 3 3 3 2 1 3 3 2 2 1 1 3 3 2 3 3 3 1 1 3 3 4 1 2 2 3 3 3 3 3 1 1 3 3 2 3 1 4 1 3 1 3 3 3 1 2 3 4 3 3 3 4 3
52 0.036856 1 2 1 3 1 3 2 2 3 4 1 3 3 1 1 3 3 2 4 2 2 0 0 0 2 2 3 2 1 3 3 3 3 3 1 2 1 1 3 2 2 1 1 3 3 2 3 3 3 1 1 3 3 4 1 2 2 3 3 3 3 3 1 1 3 3 2 3 1 4 1 3 1 3 3 3 1 2 3 4 3 3 3 4 3
52 0.036856 1 4 1 3 1 3 2 2 3 4 1 3 1 1 1 3 3 2 4 2 4 3 2 2 2 2 1 2 1 3 3 3 3 3 3 2 1 3 3 2 2 1 1 3 3 2 3 3 3 1 1 3 3 2 1 2 2 3 3 3 3 3 1 1 3 3 2 3 1 4 1 3 1 3 3 3 1 2 3 4 3 3 3 4 3
52 0.011823 2 4 1 3 1 3 4 2 3 4 1 3 1 1 1 3 3 2 4 2 2 0 0 0 2 2 1 2 1 3 3 3 3 3 3 2 1 3 3 2 2 1 1 3 3 2 3 3 3 1 1 3 3 4 1 1 2 1 3 3 3 3 1 1 3 3 2 3 1 4 1 3 1 3 3 3 1 1 3 4 3 3 3 4 3
52 0.036856 1 4 1 3 1 3 2 2 3 4 1 3 1 1 1 3 3 2 4 2 4 3 2 2 2 2 1 2 1 3 3 3 3 3 3 2 1 3 3 2 2 1 1 3 3 2 3 3 3 1 1 3 3 4 1 2 2 3 3 3 3 3 1 1 3 3 2 3 1 4 1 3 1 3 3 3 3 2 3 4 1 3 3 4 3
52 0.036856 1 4 1 3 1 3 2 2 3 4 1 3 1 1 1 3 3 2 4 2 4 3 2 2 2 2 1 2 1 3 3 3 3 3 3 4 1 3 3 2 2 1 1 3 3 2 3 3 3 1 1 3 3 4 1 2 2 3 3 3 3 3 1 1 3 3 2 3 1 4 1 3 1 3 3 3 1 2 3 4 3 3 3 4 3
52 0.036856 1 4 1 3 2 3 4 2 3 4 1 3 1 1 1 3 0 0 0 1 4 3 2 2 2 2 1 2 1 3 3 3 3 3 3 2 1 3 3 2 2 1 1 3 3 2 3 3 3 1 1 3 3 4 1 2 2 3 3 3 3 3 1 1 3 3 2 3 1 4 1 3 3 3 3 3 1 2 3 4 3 3 3 2 3
52 0.011823 1 4 1 3 1 3 4 2 3 4 1 3 1 1 1 3 3 2 4 2 2 0 0 0 2 2 1 2 3 3 3 3 3 3 3 2 1 3 3 2 2 1 1 3 3 2 3 3 3 1 1 3 3 4 1 2 2 3 3 3 3 3 1 1 3 3 2 3 1 4 1 3 1 3 3 3 1 2 3 4 3 3 3 4 3
52 0.036856 1 4 1 3 2 3 4 2 3 4 1 3 1 1 1 3 0 0 0 1 4 3 2 2 2 2 1 2 1 3 3 3 3 3 3 2 1 3 3 2 2 1 1 3 3 2 3 3 3 1 1 3 3 4 1 2 2 3 3 3 3 3 1 1 3 3 2 3 1 4 1 3 1 3 3 3 1 2 3 4 3 3 3 4 3
52 0.036856 1 4 1 3 1 3 2 2 3 1 1 3 1 1 1 3 3 2 4 2 2 0 0 0 4 2 1 2 1 3 3 3 1 3 3 2 1 3 3 2 2 1 1 3 1 2 1 1 1 1 1 1 3 4 1 2 2 3 3 3 1 1 1 1 1 1 2 1 1 4 1 1 1 1 1 1 1 2 1 4 3 1 3 4 3
52 0.036856 1 4 1 3 1 3 2 2 3 4 1 3 1 1 1 3 3 2 4 2 4 3 2 2 2 2 1 2 1 3 3 3 3 3 3 2 1 3 3 2 2 1 1 3 3 2 3 3 3 1 1 3 3 4 1 2 2 3 3 3 3 3 1 1 3 3 2 3 1 4 1 3 1 3 3 3 1 2 3 4 3 3 1 4 3
52 0.011823 1 4 1 3 1 3 4 2 3 4 1 3 1 1 1 3 3 2 4 2 2 0 0 0 2 2 1 2 1 1 3 3 3 3 3 2 1 3 3 2 2 1 1 3 3 2 3 3 3 1 1 3 1 4 1 2 2 3 3 3 3 3 1 1 3 3 2 3 1 4 1 3 1 3 3 3 1 2 3 4 3 3 3 4 3
52 0.036856 1 4 1 3 1 3 2 2 3 4 1 3 1 1 1 3 3 2 4 2 4 3 2 2 2 2 1 2 1 3 3 3 3 3 3 2 1 3 3 2 2 1 1 3 3 2 3 3 3 1 1 3 3 4 1 2 4 3 3 3 3 3 1 1 3 3 2 3 1 4 1 3 1 3 3 3 1 2 3 4 3 3 3 4 3
52 0.036856 1 2 1 1 1 3 4 2 3 1 1 3 1 1 1 3 3 2 4 2 2 0 0 0 2 2 1 2 1 3 1 3 3 3 3 2 1 4 3 2 2 1 1 3 3 2 3 3 3 1 1 3 3 4 1 2 2 3 3 3 3 3 1 1 3 3 2 3 1 4 3 3 1 3 3 3 1 2 3 4 3 3 3 4 3
52 0.094580 1 4 1 3 1 3 4 2 3 4 1 3 1 1 1 3 3 2 4 2 2 0 0 0 2 2 1 2 1 3 3 3 3 3 3 2 1 3 3 2 2 1 1 3 3 2 3 3 3 1 1 3 3 4 1 2 2 3 3 3 3 3 1 1 3 3 2 3 1 4 1 3 1 3 3 3 1 2 3 4 3 3 3 4 3
52 0.011823 1 4 1 3 1 3 4 2 3 4 1 3 1 1 1 3 3 2 4 2 2 0 0 0 2 2 1 2 1 3 3 3 3 3 3 2 1 3 3 2 2 1 1 1 3 2 3 3 3 1 1 3 3 4 1 2 2 3 3 3 3 3 1 1 3 3 2 3 1 4 1 3 1 3 3 3 1 2 3 4 3 3 3 4 3
52 0.011823 1 4 1 3 1 3 4 2 0 0 0 0 0 0 2 4 0 0 0 2 2 0 0 0 2 2 1 2 1 3 3 3 3 3 3 2 1 3 3 2 2 1 1 3 3 2 3 3 3 1 1 3 3 4 1 2 2 3 3 3 3 3 1 1 3 3 2 3 1 2 1 3 1 3 3 3 1 2 3 4 3 3 3 4 3
52 0.011823 1 4 1 3 1 3 4 2 3 4 1 3 1 1 1 3 3 2 4 2 2 0 0 0 2 2 1 2 1 3 3 3 3 3 3 2 1 3 3 2 2 1 1 3 3 2 3 3 3 1 0 3 3 4 1 2 2 3 3 1 3 3 3 1 3 3 2 3 1 4 1 3 1 3 3 3 1 2 3 4 3 3 3 4 3
53 0.038444 1 4 4 3 1 3 4 2 3 4 1 3 3 1 1 3 3 2 4 2 2 0 0 0 2 2 1 2 1 3 3 3 3 3 3 2 1 3 3 2 2 1 1 3 3 2 3 3 3 1 1 3 3 4 3 2 2 3 3 3 3 3 1 1 3 3 4 3 1 4 1 3 1 3 3 3 1 2 3 4 3 3 3 4 3
53 0.307549 1 4 1 3 1 3 2 2 3 4 1 3 1 1 1 3 3 2 4 2 4 3 2 2 2 2 1 2 1 3 3 3 3 3 3 2 1 3 3 2 2 1 1 3 3 2 3 3 3 1 1 3 3 4 1 2 2 3 3 3 3 3 1 1 3 3 2 3 1 4 1 3 1 3 3 3 1 2 3 4 3 3 3 4 3
53 0.038444 1 2 1 1 1 3 4 2 3 4 1 3 1 1 1 3 1 2 4 2 2 0 0 0 2 4 1 2 1 3 3 3 3 3 3 2 1 3 3 2 2 1 1 3 3 2 3 3 3 1 1 3 3 4 1 2 2 3 3 3 3 3 1 1 3 3 2 3 0 4 1 3 1 3 3 3 1 2 3 2 3 3 3 4 3
53 0.038444 1 4 1 3 1 3 2 2 3 4 1 3 1 1 1 3 3 2 4 2 4 3 2 2 2 2 1 2 1 3 3 3 3 3 3 2 1 3 3 2 2 1 1 3 3 2 3 3 3 1 1 3 3 4 1 2 2 3 3 3 3 3 1 4 3 3 2 3 1 4 1 3 1 3 3 3 1 2 3 4 3 3 3 4 3
53 0.009640 1 4 1 3 1 3 4 2 3 4 1 3 1 1 1 3 3 2 4 2 2 0 0 0 2 2 1 2 1 3 3 1 3 3 3 2 4 3 0 0 0 3 2 3 3 4 3 3 3 1 1 3 3 4 1 2 2 3 1 3 3 3 1 1 3 3 2 3 1 4 1 3 1 3 3 3 1 2 3 4 3 3 3 4 3
53 0.038444 1 4 1 3 1 3 2 4 3 4 1 3 1 1 1 3 3 2 4 2 4 3 2 2 2 2 1 2 1 3 3 3 3 3 3 2 1 3 3 2 2 1 1 3 3 2 3 3 3 1 1 3 3 4 1 2 2 3 3 3 3 3 1 1 3 3 2 3 1 4 1 3 1 3 3 3 1 2 3 4 3 3 3 4 3
53 0.009640 1 4 1 3 1 1 4 2 3 4 1 3 1 1 1 3 3 2 4 2 2 0 0 0 2 2 1 2 1 3 3 3 3 3 3 2 1 3 3 2 2 1 1 3 3 2 3 3 3 1 1 3 3 4 1 2 2 3 3 3 3 3 1 1 3 3 2 3 1 4 1 3 1 3 3 3 1 2 3 4 3 3 3 4 3
53 0.038444 1 2 1 3 1 3 2 2 3 4 1 3 3 1 1 3 3 2 4 2 2 0 0 0 2 2 3 2 1 3 3 3 3 3 1 2 1 1 3 2 2 1 1 3 3 2 3 3 3 1 1 3 3 4 1 2 2 3 3 3 3 3 1 1 3 3 2 3 1 4 1 3 1 3 3 3 1 2 3 4 3 3 3 4 3
53 0.038444 1 4 1 3 1 3 2 2 3 4 1 3 1 1 1 3 3 2 4 2 4 3 2 2 2 2 1 2 1 3 3 3 3 3 3 2 1 3 3 2 2 1 1 3 3 2 3 3 3 1 1 3 3 2 1 2 2 3 3 3 3 3 1 1 3 3 2 3 1 4 1 3 1 3 3 3 1 2 3 4 3 3 3 4 3
53 0.009640 2 4 1 3 1 3 4 2 3 4 1 3 1 1 1 3 3 2 4 2 2 0 0 0 2 2 1 2 1 3 3 3 3 3 3 2 1 3 3 2 2 1 1 3 3 2 3 3 3 1 1 3 3 4 1 1 2 1 3 3 3 3 1 1 3 3 2 3 1 4 1 3 1 3 3 3 1 1 3 4 3 3 3 4 3
53 0.038444 1 4 1 3 1 3 2 2 3 4 1 3 1 1 1 3 3 2 4 2 4 3 2 2 2 2 1 2 1 3 3 3 3 3 3 2 1 3 3 2 2 1 1 3 3 2 3 3 3 1 1 3 3 4 1 2 2 3 3 3 3 3 1 1 3 3 2 3 1 4 1 3 1 3 3 3 3 2 3 4 1 3 3 4 3
53 0.038444 1 4 1 3 1 3 2 2 3 4 1 3 1 1 1 3 3 2 4 2 4 3 2 2 2 2 1 2 1 3 3 3 3 3 3 4 1 3 3 2 2 1 1 3 3 2 3 3 3 1 1 3 3 4 1 2 2 3 3 3 3 3 1 1 3 3 2 3 1 4 1 3 1 3 3 3 1 2 3 4 3 3 3 4 3
53 0.038444 1 4 1 3 2 3 4 2 3 4 1 3 1 1 1 3 0 0 0 1 4 3 2 2 2 2 1 2 1 3 3 3 3 3 3 2 1 3 3 2 2 1 1 3 3 2 3 3 3 1 1 3 3 4 1 2 2 3 3 3 3 3 1 1 3 3 2 3 1 4 1 3 3 3 3 3 1 2 3 4 3 3 3 2 3
53 0.009640 1 4 1 3 1 3 4 2 3 4 1 3 1 1 1 3 3 2 4 2 2 0 0 0 2 2 1 2 3 3 3 3 3 3 3 2 1 3 3 2 2 1 1 3 3 2 3 3 3 1 1 3 3 4 1 2 2 3 3 3 3 3 1 1 3 3 2 3 1 4 1 3 1 3 3 3 1 2 3 4 3 3 3 4 3
53 0.038444 1 4 1 3 2 3 4 2 3 4 1 3 1 1 1 3 0 0 0 1 4 3 2 2 2 2 1 2 1 3 3 3 3 3 3 2 1 3 3 2 2 1 1 3 3 2 3 3 3 1 1 3 3 4 1 2 2 3 3 3 3 3 1 1 3 3 2 3 1 4 1 3 1 3 3 3 1 2 3 4 3 3 3 4 3
53 0.038444 1 4 1 3 1 3 2 2 3 1 1 3 1 1 1 3 3 2 4 2 2 0 0 0 4 2 1 2 1 3 3 3 1 3 3 2 1 3 3 2 2 1 1 3 1 2 1 1 1 1 1 1 3 4 1 2 2 3 3 3 1 1 1 1 1 1 2 1 1 4 1 1 1 1 1 1 1 2 1 4 3 1 3 4 3
53 0.038444 1 4 1 3 1 3 2 2 3 4 1 3 1 1 1 3 3 2 4 2 4 3 2 2 2 2 1 2 1 3 3 3 3 3 3 2 1 3 3 2 2 1 1 3 3 2 3 3 3 1 1 3 3 4 1 2 2 3 3 3 3 3 1 1 3 3 2 3 1 4 1 3 1 3 3 3 1 2 3 4 3 3 1 4 3
53 0.009640 1 4 1 3 1 3 4 2 3 4 1 3 1 1 1 3 3 2 4 2 2 0 0 0 2 2 1 2 1 1 3 3 3 3 3 2 1 3 3 2 2 1 1 3 3 2 3 3 3 1 1 3 1 4 1 2 2 3 3 3 3 3 1 1 3 3 2 3 1 4 1 3 1 3 3 3 1 2 3 4 3 3 3 4 3
53 0.038444 1 4 1 3 1 3 2 2 3 4 1 3 1 1 1 3 3 2 4 2 4 3 2 2 2 2 1 2 1 3 3 3 3 3 3 2 1 3 3 2 2 1 1 3 3 2 3 3 3 1 1 3 3 4 1 2 4 3 3 3 3 3 1 1 3 3 2 3 1 4 1 3 1 3 3 3 1 2 3 4 3 3 3 4 3
53 0.038444 1 2 1 1 1 3 4 2 3 1 1 3 1 1 1 3 3 2 4 2 2 0 0 0 2 2 1 2 1 3 1 3 3 3 3 2 1 4 3 2 2 1 1 3 3 2 3 3 3 1 1 3 3 4 1 2 2 3 3 3 3 3 1 1 3 3 2 3 1 4 3 3 1 3 3 3 1 2 3 4 3 3 3 4 3
53 0.077120 1 4 1 3 1 3 4 2 3 4 1 3 1 1 1 3 3 2 4 2 2 0 0 0 2 2 1 2 1 3 3 3 3 3 3 2 1 3 3 2 2 1 1 3 3 2 3 3 3 1 1 3 3 4 1 2 2 3 3 3 3 3 1 1 3 3 2 3 1 4 1 3 1 3 3 3 1 2 3 4 3 3 3 4 3
53 0.009640 1 4 1 3 1 3 4 2 3 4 1 3 1 1 1 3 3 2 4 2 2 0 0 0 2 2 1 2 1 3 3 3 3 3 3 2 1 3 3 2 2 1 1 1 3 2 3 3 3 1 1 3 3 4 1 2 2 3 3 3 3 3 1 1 3 3 2 3 1 4 1 3 1 3 3 3 1 2 3 4 3 3 3 4 3
53 0.009640 1 4 1 3 1 3 4 2 0 0 0 0 0 0 2 4 0 0 0 2 2 0 0 0 2 2 1 2 1 3 3 3 3 3 3 2 1 3 3 2 2 1 1 3 3 2 3 3 3 1 1 3 3 4 1 2 2 3 3 3 3 3 1 1 3 3 2 3 1 2 1 3 1 3 3 3 1 2 3 4 3 3 3 4 3
53 0.009640 1 4 1 3 1 3 4 2 3 4 1 3 1 1 1 3 3 2 4 2 2 0 0 0 2 2 1 2 1 3 3 3 3 3 3 2 1 3 3 2 2 1 1 3 3 2 3 3 3 1 0 3 3 4 1 2 2 3 3 1 3 3 3 1 3 3 2 3 1 4 1 3 1 3 3 3 1 2 3 4 3 3 3 4 3
54 0.039793 1 4 4 3 1 3 4 2 3 4 1 3 3 1 1 3 3 2 4 2 2 0 0 0 2 2 1 2 1 3 3 3 3 3 3 2 1 3 3 2 2 1 1 3 3 2 3 3 3 1 1 3 3 4 3 2 2 3 3 3 3 3 1 1 3 3 4 3 1 4 1 3 1 3 3 3 1 2 3 4 3 3 3 4 3
54 0.318347 1 4 1 3 1 3 2 2 3 4 1 3 1 1 1 3 3 2 4 2 4 3 2 2 2 2 1 2 1 3 3 3 3 3 3 2 1 3 3 2 2 1 1 3 3 2 3 3 3 1 1 3 3 4 1 2 2 3 3 3 3 3 1 1 3 3 2 3 1 4 1 3 1 3 3 3 1 2 3 4 3 3 3 4 3
54 0.039793 1 2 1 1 1 3 4 2 3 4 1 3 1 1 1 3 1 2 4 2 2 0 0 0 2 4 1 2 1 3 3 3 3 3 3 2 1 3 3 2 2 1 1 3 3 2 3 3 3 1 1 3 3 4 1 2 2 3 3 3 3 3 1 1 3 3 2 3 0 4 1 3 1 3 3 3 1 2 3 2 3 3 3 4 3
54 0.039793 1 4 1 3 1 3 2 2 3 4 1 3 1 1 1 3 3 2 4 2 4 3 2 2 2 2 1 2 1 3 3 3 3 3 3 2 1 3 3 2 2 1 1 3 3 2 3 3 3 1 1 3 3 4 1 2 2 3 3 3 3 3 1 4 3 3 2 3 1 4 1 3 1 3 3 3 1 2 3 4 3 3 3 4 3
54 0.007784 1 4 1 3 1 3 4 2 3 4 1 3 1 1 1 3 3 2 4 2 2 0 0 0 2 2 1 2 1 3 3 1 3 3 3 2 4 3 0 0 0 3 2 3 3 4 3 3 3 1 1 3 3 4 1 2 2 3 1 3 3 3 1 1 3 3 2 3 1 4 1 3 1 3 3 3 1 2 3 4 3 3 3 4 3
54 0.039793 1 4 1 3 1 3 2 4 3 4 1 3 1 1 1 3 3 2 4 2 4 3 2 2 2 2 1 2 1 3 3 3 3 3 3 2 1 3 3 2 2 1 1 3 3 2 3 3 3 1 1 3 3 4 1 2 2 3 3 3 3 3 1 1 3 3 2 3 1 4 1 3 1 3 3 3 1 2 3 4 3 3 3 4 3
54 0.007784 1 4 1 3 1 1 4 2 3 4 1 3 1 1 1 3 3 2 4 2 2 0 0 0 2 2 1 2 1 3 3 3 3 3 3 2 1 3 3 2 2 1 1 3 3 2 3 3 3 1 1 3 3 4 1 2 2 3 3 3 3 3 1 1 3 3 2 3 1 4 1 3 1 3 3 3 1 2 3 4 3 3 3 4 3
54 0.039793 1 2 1 3 1 3 2 2 3 4 1 3 3 1 1 3 3 2 4 2 2 0 0 0 2 2 3 2 1 3 3 3 3 3 1 2 1 1 3 2 2 1 1 3 3 2 3 3 3 1 1 3 3 4 1 2 2 3 3 3 3 3 1 1 3 3 2 3 1 4 1 3 1 3 3 3 1 2 3 4 3 3 3 4 3
54 0.039793 1 4 1 3 1 3 2 2 3 4 1 3 1 1 1 3 3 2 4 2 4 3 2 2 2 2 1 2 1 3 3 3 3 3 3 2 1 3 3 2 2 1 1 3 3 2 3 3 3 1 1 3 3 2 1 2 2 3 3 3 3 3 1 1 3 3 2 3 1 4 1 3 1 3 3 3 1 2 3 4 3 3 3 4 3
54 0.007784 2 4 1 3 1 3 4 2 3 4 1 3 1 1 1 3 3 2 4 2 2 0 0 0 2 2 1 2 1 3 3 3 3 3 3 2 1 3 3 2 2 1 1 3 3 2 3 3 3 1 1 3 3 4 1 1 2 1 3 3 3 3 1 1 3 3 2 3 1 4 1 3 1 3 3 3 1 1 3 4 3 3 3 4 3
54 0.039793 1 4 1 3 1 3 2 2 3 4 1 3 1 1 1 3 3 2 4 2 4 3 2 2 2 2 1 2 1 3 3 3 3 3 3 2 1 3 3 2 2 1 1 3 3 2 3 3 3 1 1 3 3 4 1 2 2 3 3 3 3 3 1 1 3 3 2 3 1 4 1 3 1 3 3 3 3 2 3 4 1 3 3 4 3
54 0.039793 1 4 1 3 1 3 2 2 3 4 1 3 1 1 1 3 3 2 4 2 4 3 2 2 2 2 1 2 1 3 3 3 3 3 3 4 1 3 3 2 2 1 1 3 3 2 3 3 3 1 1 3 3 4 1 2 2 3 3 3 3 3 1 1 3 3 2 3 1 4 1 3 1 3 3 3 1 2 3 4 3 3 3 4 3
54 0.039793 1 4 1 3 2 3 4 2 3 4 1 3 1 1 1 3 0 0 0 1 4 3 2 2 2 2 1 2 1 3 3 3 3 3 3 2 1 3 3 2 2 1 1 3 3 2 3 3 3 1 1 3 3 4 1 2 2 3 3 3 3 3 1 1 3 3 2 3 1 4 1 3 3 3 3 3 1 2 3 4 3 3 3 2 3
54 0.007784 1 4 1 3 1 3 4 2 3 4 1 3 1 1 1 3 3 2 4 2 2 0 0 0 2 2 1 2 3 3 3 3 3 3 3 2 1 3 3 2 2 1 1 3 3 2 3 3 3 1 1 3 3 4 1 2 2 3 3 3 3 3 1 1 3 3 2 3 1 4 1 3 1 3 3 3 1 2 3 4 3 3 3 4 3
54 0.039793 1 4 1 3 2 3 4 2 3 4 1 3 1 1 1 3 0 0 0 1 4 3 2 2 2 2 1 2 1 3 3 3 3 3 3 2 1 3 3 2 2 1 1 3 3 2 3 3 3 1 1 3 3 4 1 2 2 3 3 3 3 3 1 1 3 3 2 3 1 4 1 3 1 3 3 3 1 2 3 4 3 3 3 4 3
54 0.039793 1 4 1 3 1 3 2 2 3 1 1 3 1 1 1 3 3 2 4 2 2 0 0 0 4 2 1 2 1 3 3 3 1 3 3 2 1 3 3 2 2 1 1 3 1 2 1 1 1 1 1 1 3 4 1 2 2 3 3 3 1 1 1 1 1 1 2 1 1 4 1 1 1 1 1 1 1 2 1 4 3 1 3 4 3
54 0.039793 1 4 1 3 1 3 2 2 3 4 1 3 1 1 1 3 3 2 4 2 4 3 2 2 2 2 1 2 1 3 3 3 3 3 3 2 1 3 3 2 2 1 1 3 3 2 3 3 3 1 1 3 3 4 1 2 2 3 3 3 3 3 1 1 3 3 2 3 1 4 1 3 1 3 3 3 1 2 3 4 3 3 1 4 3
54 0.007784 1 4 1 3 1 3 4 2 3 4 1 3 1 1 1 3 3 2 4 2 2 0 0 0 2 2 1 2 1 1 3 3 3 3 3 2 1 3 3 2 2 1 1 3 3 2 3 3 3 1 1 3 1 4 1 2 2 3 3 3 3 3 1 1 3 3 2 3 1 4 1 3 1 3 3 3 1 2 3 4 3 3 3 4 3
54 0.039793 1 4 1 3 1 3 2 2 3 4 1 3 1 1 1 3 3 2 4 2 4 3 2 2 2 2 1 2 1 3 3 3 3 3 3 2 1 3 3 2 2 1 1 3 3 2 3 3 3 1 1 3 3 4 1 2 4 3 3 3 3 3 1 1 3 3 2 3 1 4 1 3 1 3 3 3 1 2 3 4 3 3 3 4 3
54 0.039793 1 2 1 1 1 3 4 2 3 1 1 3 1 1 1 3 3 2 4 2 2 0 0 0 2 2 1 2 1 3 1 3 3 3 3 2 1 4 3 2 2 1 1 3 3 2 3 3 3 1 1 3 3 4 1 2 2 3 3 3 3 3 1 1 3 3 2 3 1 4 3 3 1 3 3 3 1 2 3 4 3 3 3 4 3
54 0.062272 1 4 1 3 1 3 4 2 3 4 1 3 1 1 1 3 3 2 4 2 2 0 0 0 2 2 1 2 1 3 3 3 3 3 3 2 1 3 3 2 2 1 1 3 3 2 3 3 3 1 1 3 3 4 1 2 2 3 3 3 3 3 1 1 3 3 2 3 1 4 1 3 1 3 3 3 1 2 3 4 3 3 3 4 3
54 0.007784 1 4 1 3 1 3 4 2 3 4 1 3 1 1 1 3 3 2 4 2 2 0 0 0 2 2 1 2 1 3 3 3 3 3 3 2 1 3 3 2 2 1 1 1 3 2 3 3 3 1 1 3 3 4 1 2 2 3 3 3 3 3 1 1 3 3 2 3 1 4 1 3 1 3 3 3 1 2 3 4 3 3 3 4 3
54 0.007784 1 4 1 3 1 3 4 2 0 0 0 0 0 0 2 4 0 0 0 2 2 0 0 0 2 2 1 2 1 3 3 3 3 3 3 2 1 3 3 2 2 1 1 3 3 2 3 3 3 1 1 3 3 4 1 2 2 3 3 3 3 3 1 1 3 3 2 3 1 2 1 3 1 3 3 3 1 2 3 4 3 3 3 4 3
54 0.007784 1 4 1 3 1 3 4 2 3 4 1 3 1 1 1 3 3 2 4 2 2 0 0 0 2 2 1 2 1 3 3 3 3 3 3 2 1 3 3 2 2 1 1 3 3 2 3 3 3 1 0 3 3 4 1 2 2 3 3 1 3 3 3 1 3 3 2 3 1 4 1 3 1 3 3 3 1 2 3 4 3 3 3 4 3
55 0.040925 1 4 4 3 1 3 4 2 3 4 1 3 3 1 1 3 3 2 4 2 2 0 0 0 2 2 1 2 1 3 3 3 3 3 3 2 1 3 3 2 2 1 1 3 3 2 3 3 3 1 1 3 3 4 3 2 2 3 3 3 3 3 1 1 3 3 4 3 1 4 1 3 1 3 3 3 1 2 3 4 3 3 3 4 3
55 0.327403 1 4 1 3 1 3 2 2 3 4 1 3 1 1 1 3 3 2 4 2 4 3 2 2 2 2 1 2 1 3 3 3 3 3 3 2 1 3 3 2 2 1 1 3 3 2 3 3 3 1 1 3 3 4 1 2 2 3 3 3 3 3 1 1 3 3 2 3 1 4 1 3 1 3 3 3 1 2 3 4 3 3 3 4 3
55 0.040925 1 2 1 1 1 3 4 2 3 4 1 3 1 1 1 3 1 2 4 2 2 0 0 0 2 4 1 2 1 3 3 3 3 3 3 2 1 3 3 2 2 1 1 3 3 2 3 3 3 1 1 3 3 4 1 2 2 3 3 3 3 3 1 1 3 3 2 3 0 4 1 3 1 3 3 3 1 2 3 2 3 3 3 4 3
55 0.040925 1 4 1 3 1 3 2 2 3 4 1 3 1 1 1 3 3 2 4 2 4 3 2 2 2 2 1 2 1 3 3 3 3 3 3 2 1 3 3 2 2 1 1 3 3 2 3 3 3 1 1 3 3 4 1 2 2 3 3 3 3 3 1 4 3 3 2 3 1 4 1 3 1 3 3 3 1 2 3 4 3 3 3 4 3
55 0.006228 1 4 1 3 1 3 4 2 3 4 1 3 1 1 1 3 3 2 4 2 2 0 0 0 2 2 1 2 1 3 3 1 3 3 3 2 4 3 0 0 0 3 2 3 3 4 3 3 3 1 1 3 3 4 1 2 2 3 1 3 3 3 1 1 3 3 2 3 1 4 1 3 1 3 3 3 1 2 3 4 3 3 3 4 3
55 0.040925 1 4 1 3 1 3 2 4 3 4 1 3 1 1 1 3 3 2 4 2 4 3 2 2 2 2 1 2 1 3 3 3 3 3 3 2 1 3 3 2 2 1 1 3 3 2 3 3 3 1 1 3 3 4 1 2 2 3 3 3 3 3 1 1 3 3 2 3 1 4 1 3 1 3 3 3 1 2 3 4 3 3 3 4 3
55 0.006228 1 4 1 3 1 1 4 2 3 4 1 3 1 1 1 3 3 2 4 2 2 0 0 0 2 2 1 2 1 3 3 3 3 3 3 2 1 3 3 2 2 1 1 3 3 2 3 3 3 1 1 3 3 4 1 2 2 3 3 3 3 3 1 1 3 3 2 3 1 4 1 3 1 3 3 3 1 2 3 4 3 3 3 4 3
55 0.040925 1 2 1 3 1 3 2 2 3 4 1 3 3 1 1 3 3 2 4 2 2 0 0 0 2 2 3 2 1 3 3 3 3 3 1 2 1 1 3 2 2 1 1 3 3 2 3 3 3 1 1 3 3 4 1 2 2 3 3 3 3 3 1 1 3 3 2 3 1 4 1 3 1 3 3 3 1 2 3 4 3 3 3 4 3
55 0.040925 1 4 1 3 1 3 2 2 3 4 1 3 1 1 1 3 3 2 4 2 4 3 2 2 2 2 1 2 1 3 3 3 3 3 3 2 1 3 3 2 2 1 1 3 3 2 3 3 3 1 1 3 3 2 1 2 2 3 3 3 3 3 1 1 3 3 2 3 1 4 1 3 1 3 3 3 1 2 3 4 3 3 3 4 3
55 0.006228 2 4 1 3 1 3 4 2 3 4 1 3 1 1 1 3 3 2 4 2 2 0 0 0 2 2 1 2 1 3 3 3 3 3 3 2 1 3 3 2 2 1 1 3 3 2 3 3 3 1 1 3 3 4 1 1 2 1 3 3 3 3 1 1 3 3 2 3 1 4 1 3 1 3 3 3 1 1 3 4 3 3 3 4 3
55 0.040925 1 4 1 3 1 3 2 2 3 4 1 3 1 1 1 3 3 2 4 2 4 3 2 2 2 2 1 2 1 3 3 3 3 3 3 2 1 3 3 2 2 1 1 3 3 2 3 3 3 1 1 3 3 4 1 2 2 3 3 3 3 3 1 1 3 3 2 3 1 4 1 3 1 3 3 3 3 2 3 4 1 3 3 4 3
55 0.040925 1 4 1 3 1 3 2 2 3 4 1 3 1 1 1 3 3 2 4 2 4 3 2 2 2 2 1 2 1 3 3 3 3 3 3 4 1 3 3 2 2 1 1 3 3 2 3 3 3 1 1 3 3 4 1 2 2 3 3 3 3 3 1 1 3 3 2 3 1 4 1 3 1 3 3 3 1 2 3 4 3 3 3 4 3
55 0.040925 1 4 1 3 2 3 4 2 3 4 1 3 1 1 1 3 0 0 0 1 4 3 2 2 2 2 1 2 1 3 3 3 3 3 3 2 1 3 3 2 2 1 1 3 3 2 3 3 3 1 1 3 3 4 1 2 2 3 3 3 3 3 1 1 3 3 2 3 1 4 1 3 3 3 3 3 1 2 3 4 3 3 3 2 3
55 0.006228 1 4 1 3 1 3 4 2 3 4 1 3 1 1 1 3 3 2 4 2 2 0 0 0 2 2 1 2 3 3 3 3 3 3 3 2 1 3 3 2 2 1 1 3 3 2 3 3 3 1 1 3 3 4 1 2 2 3 3 3 3 3 1 1 3 3 2 3 1 4 1 3 1 3 3 3 1 2 3 4 3 3 3 4 3
55 0.040925 1 4 1 3 2 3 4 2 3 4 1 3 1 1 1 3 0 0 0 1 4 3 2 2 2 2 1 2 1 3 3 3 3 3 3 2 1 3 3 2 2 1 1 3 3 2 3 3 3 1 1 3 3 4 1 2 2 3 3 3 3 3 1 1 3 3 2 3 1 4 1 3 1 3 3 3 1 2 3 4 3 3 3 4 3
55 0.040925 1 4 1 3 1 3 2 2 3 1 1 3 1 1 1 3 3 2 4 2 2 0 0 0 4 2 1 2 1 3 3 3 1 3 3 2 1 3 3 2 2 1 1 3 1 2 1 1 1 1 1 1 3 4 1 2 2 3 3 3 1 1 1 1 1 1 2 1 1 4 1 1 1 1 1 1 1 2 1 4 3 1 3 4 3
55 0.040925 1 4 1 3 1 3 2 2 3 4 1 3 1 1 1 3 3 2 4 2 4 3 2 2 2 2 1 2 1 3 3 3 3 3 3 2 1 3 3 2 2 1 1 3 3 2 3 3 3 1 1 3 3 4 1 2 2 3 3 3 3 3 1 1 3 3 2 3 1 4 1 3 1 3 3 3 1 2 3 4 3 3 1 4 3
55 0.006228 1 4 1 3 1 3 4 2 3 4 1 3 1 1 1 3 3 2 4 2 2 0 0 0 2 2 1 2 1 1 3 3 3 3 3 2 1 3 3 2 2 1 1 3 3 2 3 3 3 1 1 3 1 4 1 2 2 3 3 3 3 3 1 1 3 3 2 3 1 4 1 3 1 3 3 3 1 2 3 4 3 3 3 4 3
55 0.040925 1 4 1 3 1 3 2 2 3 4 1 3 1 1 1 3 3 2 4 2 4 3 2 2 2 2 1 2 1 3 3 3 3 3 3 2 1 3 3 2 2 1 1 3 3 2 3 3 3 1 1 3 3 4 1 2 4 3 3 3 3 3 1 1 3 3 2 3 1 4 1 3 1 3 3 3 1 2 3 4 3 3 3 4 3
55 0.040925 1 2 1 1 1 3 4 2 3 1 1 3 1 1 1 3 3 2 4 2 2 0 0 0 2 2 1 2 1 3 1 3 3 3 3 2 1 4 3 2 2 1 1 3 3 2 3 3 3 1 1 3 3 4 1 2 2 3 3 3 3 3 1 1 3 3 2 3 1 4 3 3 1 3 3 3 1 2 3 4 3 3 3 4 3
55 0.049821 1 4 1 3 1 3 4 2 3 4 1 3 1 1 1 3 3 2 4 2 2 0 0 0 2 2 1 2 1 3 3 3 3 3 3 2 1 3 3 2 2 1 1 3 3 2 3 3 3 1 1 3 3 4 1 2 2 3 3 3 3 3 1 1 3 3 2 3 1 4 1 3 1 3 3 3 1 2 3 4 3 3 3 4 3
55 0.006228 1 4 1 3 1 3 4 2 3 4 1 3 1 1 1 3 3 2 4 2 2 0 0 0 2 2 1 2 1 3 3 3 3 3 3 2 1 3 3 2 2 1 1 1 3 2 3 3 3 1 1 3 3 4 1 2 2 3 3 3 3 3 1 1 3 3 2 3 1 4 1 3 1 3 3 3 1 2 3 4 3 3 3 4 3
55 0.006228 1 4 1 3 1 3 4 2 0 0 0 0 0 0 2 4 0 0 0 2 2 0 0 0 2 2 1 2 1 3 3 3 3 3 3 2 1 3 3 2 2 1 1 3 3 2 3 3 3 1 1 3 3 4 1 2 2 3 3 3 3 3 1 1 3 3 2 3 1 2 1 3 1 3 3 3 1 2 3 4 3 3 3 4 3
55 0.006228 1 4 1 3 1 3 4 2 3 4 1 3 1 1 1 3 3 2 4 2 2 0 0 0 2 2 1 2 1 3 3 3 3 3 3 2 1 3 3 2 2 1 1 3 3 2 3 3 3 1 0 3 3 4 1 2 2 3 3 1 3 3 3 1 3 3 2 3 1 4 1 3 1 3 3 3 1 2 3 4 3 3 3 4 3
56 0.041864 1 4 4 3 1 3 4 2 3 4 1 3 3 1 1 3 3 2 4 2 2 0 0 0 2 2 1 2 1 3 3 3 3 3 3 2 1 3 3 2 2 1 1 3 3 2 3 3 3 1 1 3 3 4 3 2 2 3 3 3 3 3 1 1 3 3 4 3 1 4 1 3 1 3 3 3 1 2 3 4 3 3 3 4 3
56 0.334909 1 4 1 3 1 3 2 2 3 4 1 3 1 1 1 3 3 2 4 2 4 3 2 2 2 2 1 2 1 3 3 3 3 3 3 2 1 3 3 2 2 1 1 3 3 2 3 3 3 1 1 3 3 4 1 2 2 3 3 3 3 3 1 1 3 3 2 3 1 4 1 3 1 3 3 3 1 2 3 4 3 3 3 4 3
56 0.041864 1 2 1 1 1 3 4 2 3 4 1 3 1 1 1 3 1 2 4 2 2 0 0 0 2 4 1 2 1 3 3 3 3 3 3 2 1 3 3 2 2 1 1 3 3 2 3 3 3 1 1 3 3 4 1 2 2 3 3 3 3 3 1 1 3 3 2 3 0 4 1 3 1 3 3 3 1 2 3 2 3 3 3 4 3
56 0.041864 1 4 1 3 1 3 2 2 3 4 1 3 1 1 1 3 3 2 4 2 4 3 2 2 2 2 1 2 1 3 3 3 3 3 3 2 1 3 3 2 2 1 1 3 3 2 3 3 3 1 1 3 3 4 1 2 2 3 3 3 3 3 1 4 3 3 2 3 1 4 1 3 1 3 3 3 1 2 3 4 3 3 3 4 3
56 0.004938 1 4 1 3 1 3 4 2 3 4 1 3 1 1 1 3 3 2 4 2 2 0 0 0 2 2 1 2 1 3 3 1 3 3 3 2 4 3 0 0 0 3 2 3 3 4 3 3 3 1 1 3 3 4 1 2 2 3 1 3 3 3 1 1 3 3 2 3 1 4 1 3 1 3 3 3 1 2 3 4 3 3 3 4 3
56 0.041864 1 4 1 3 1 3 2 4 3 4 1 3 1 1 1 3 3 2 4 2 4 3 2 2 2 2 1 2 1 3 3 3 3 3 3 2 1 3 3 2 2 1 1 3 3 2 3 3 3 1 1 3 3 4 1 2 2 3 3 3 3 3 1 1 3 3 2 3 1 4 1 3 1 3 3 3 1 2 3 4 3 3 3 4 3
56 0.004938 1 4 1 3 1 1 4 2 3 4 1 3 1 1 1 3 3 2 4 2 2 0 0 0 2 2 1 2 1 3 3 3 3 3 3 2 1 3 3 2 2 1 1 3 3 2 3 3 3 1 1 3 3 4 1 2 2 3 3 3 3 3 1 1 3 3 2 3 1 4 1 3 1 3 3 3 1 2 3 4 3 3 3 4 3
56 0.041864 1 2 1 3 1 3 2 2 3 4 1 3 3 1 1 3 3 2 4 2 2 0 0 0 2 2 3 2 1 3 3 3 3 3 1 2 1 1 3 2 2 1 1 3 3 2 3 3 3 1 1 3 3 4 1 2 2 3 3 3 3 3 1 1 3 3 2 3 1 4 1 3 1 3 3 3 1 2 3 4 3 3 3 4 3
56 0.041864 1 4 1 3 1 3 2 2 3 4 1 3 1 1 1 3 3 2 4 2 4 3 2 2 2 2 1 2 1 3 3 3 3 3 3 2 1 3 3 2 2 1 1 3 3 2 3 3 3 1 1 3 3 2 1 2 2 3 3 3 3 3 1 1 3 3 2 3 1 4 1 3 1 3 3 3 1 2 3 4 3 3 3 4 3
56 0.004938 2 4 1 3 1 3 4 2 3 4 1 3 1 1 1 3 3 2 4 2 2 0 0 0 2 2 1 2 1 3 3 3 3 3 3 2 1 3 3 2 2 1 1 3 3 2 3 3 3 1 1 3 3 4 1 1 2 1 3 3 3 3 1 1 3 3 2 3 1 4 1 3 1 3 3 3 1 1 3 4 3 3 3 4 3
56 0.041864 1 4 1 3 1 3 2 2 3 4 1 3 1 1 1 3 3 2 4 2 4 3 2 2 2 2 1 2 1 3 3 3 3 3 3 2 1 3 3 2 2 1 1 3 3 2 3 3 3 1 1 3 3 4 1 2 2 3 3 3 3 3 1 1 3 3 2 3 1 4 1 3 1 3 3 3 3 2 3 4 1 3 3 4 3
56 0.041864 1 4 1 3 1 3 2 2 3 4 1 3 1 1 1 3 3 2 4 2 4 3 2 2 2 2 1 2 1 3 3 3 3 3 3 4 1 3 3 2 2 1 1 3 3 2 3 3 3 1 1 3 3 4 1 2 2 3 3 3 3 3 1 1 3 3 2 3 1 4 1 3 1 3 3 3 1 2 3 4 3 3 3 4 3
56 0.041864 1 4 1 3 2 3 4 2 3 4 1 3 1 1 1 3 0 0 0 1 4 3 2 2 2 2 1 2 1 3 3 3 3 3 3 2 1 3 3 2 2 1 1 3 3 2 3 3 3 1 1 3 3 4 1 2 2 3 3 3 3 3 1 1 3 3 2 3 1 4 1 3 3 3 3 3 1 2 3 4 3 3 3 2 3
56 0.004938 1 4 1 3 1 3 4 2 3 4 1 3 1 1 1 3 3 2 4 2 2 0 0 0 2 2 1 2 3 3 3 3 3 3 3 2 1 3 3 2 2 1 1 3 3 2 3 3 3 1 1 3 3 4 1 2 2 3 3 3 3 3 1 1 3 3 2 3 1 4 1 3 1 3 3 3 1 2 3 4 3 3 3 4 3
56 0.041864 1 4 1 3 2 3 4 2 3 4 1 3 1 1 1 3 0 0 0 1 4 3 2 2 2 2 1 2 1 3 3 3 3 3 3 2 1 3 3 2 2 1 1 3 3 2 3 3 3 1 1 3 3 4 1 2 2 3 3 3 3 3 1 1 3 3 2 3 1 4 1 3 1 3 3 3 1 2 3 4 3 3 3 4 3
56 0.041864 1 4 1 3 1 3 2 2 3 1 1 3 1 1 1 3 3 2 4 2 2 0 0 0 4 2 1 2 1 3 3 3 1 3 3 2 1 3 3 2 2 1 1 3 1 2 1 1 1 1 1 1 3 4 1 2 2 3 3 3 1 1 1 1 1 1 2 1 1 4 1 1 1 1 1 1 1 2 1 4 3 1 3 4 3
56 0.041864 1 4 1 3 1 3 2 2 3 4 1 3 1 1 1 3 3 2 4 2 4 3 2 2 2 2 1 2 1 3 3 3 3 3 3 2 1 3 3 2 2 1 1 3 3 2 3 3 3 1 1 3 3 4 1 2 2 3 3 3 3 3 1 1 3 3 2 3 1 4 1 3 1 3 3 3 1 2 3 4 3 3 1 4 3
56 0.004938 1 4 1 3 1 3 4 2 3 4 1 3 1 1 1 3 3 2 4 2 2 0 0 0 2 2 1 2 1 1 3 3 3 3 3 2 1 3 3 2 2 1 1 3 3 2 3 3 3 1 1 3 1 4 1 2 2 3 3 3 3 3 1 1 3 3 2 3 1 4 1 3 1 3 3 3 1 2 3 4 3 3 3 4 3
56 0.041864 1 4 1 3 1 3 2 2 3 4 1 3 1 1 1 3 3 2 4 2 4 3 2 2 2 2 1 2 1 3 3 3 3 3 3 2 1 3 3 2 2 1 1 3 3 2 3 3 3 1 1 3 3 4 1 2 4 3 3 3 3 3 1 1 3 3 2 3 1 4 1 3 1 3 3 3 1 2 3 4 3 3 3 4 3
56 0.041864 1 2 1 1 1 3 4 2 3 1 1 3 1 1 1 3 3 2 4 2 2 0 0 0 2 2 1 2 1 3 1 3 3 3 3 2 1 4 3 2 2 1 1 3 3 2 3 3 3 1 1 3 3 4 1 2 2 3 3 3 3 3 1 1 3 3 2 3 1 4 3 3 1 3 3 3 1 2 3 4 3 3 3 4 3
56 0.039501 1 4 1 3 1 3 4 2 3 4 1 3 1 1 1 3 3 2 4 2 2 0 0 0 2 2 1 2 1 3 3 3 3 3 3 2 1 3 3 2 2 1 1 3 3 2 3 3 3 1 1 3 3 4 1 2 2 3 3 3 3 3 1 1 3 3 2 3 1 4 1 3 1 3 3 3 1 2 3 4 3 3 3 4 3
56 0.004938 1 4 1 3 1 3 4 2 3 4 1 3 1 1 1 3 3 2 4 2 2 0 0 0 2 2 1 2 1 3 3 3 3 3 3 2 1 3 3 2 2 1 1 1 3 2 3 3 3 1 1 3 3 4 1 2 2 3 3 3 3 3 1 1 3 3 2 3 1 4 1 3 1 3 3 3 1 2 3 4 3 3 3 4 3
56 0.004938 1 4 1 3 1 3 4 2 0 0 0 0 0 0 2 4 0 0 0 2 2 0 0 0 2 2 1 2 1 3 3 3 3 3 3 2 1 3 3 2 2 1 1 3 3 2 3 3 3 1 1 3 3 4 1 2 2 3 3 3 3 3 1 1 3 3 2 3 1 2 1 3 1 3 3 3 1 2 3 4 3 3 3 4 3
56 0.004938 1 4 1 3 1 3 4 2 3 4 1 3 1 1 1 3 3 2 4 2 2 0 0 0 2 2 1 2 1 3 3 3 3 3 3 2 1 3 3 2 2 1 1 3 3 2 3 3 3 1 0 3 3 4 1 2 2 3 3 1 3 3 3 1 3 3 2 3 1 4 1 3 1 3 3 3 1 2 3 4 3 3 3 4 3
57 0.042634 1 4 4 3 1 3 4 2 3 4 1 3 3 1 1 3 3 2 4 2 2 0 0 0 2 2 1 2 1 3 3 3 3 3 3 2 1 3 3 2 2 1 1 3 3 2 3 3 3 1 1 3 3 4 3 2 2 3 3 3 3 3 1 1 3 3 4 3 1 4 1 3 1 3 3 3 1 2 3 4 3 3 3 4 3
57 0.341069 1 4 1 3 1 3 2 2 3 4 1 3 1 1 1 3 3 2 4 2 4 3 2 2 2 2 1 2 1 3 3 3 3 3 3 2 1 3 3 2 2 1 1 3 3 2 3 3 3 1 1 3 3 4 1 2 2 3 3 3 3 3 1 1 3 3 2 3 1 4 1 3 1 3 3 3 1 2 3 4 3 3 3 4 3
57 0.042634 1 2 1 1 1 3 4 2 3 4 1 3 1 1 1 3 1 2 4 2 2 0 0 0 2 4 1 2 1 3 3 3 3 3 3 2 1 3 3 2 2 1 1 3 3 2 3 3 3 1 1 3 3 4 1 2 2 3 3 3 3 3 1 1 3 3 2 3 0 4 1 3 1 3 3 3 1 2 3 2 3 3 3 4 3
57 0.042634 1 4 1 3 1 3 2 2 3 4 1 3 1 1 1 3 3 2 4 2 4 3 2 2 2 2 1 2 1 3 3 3 3 3 3 2 1 3 3 2 2 1 1 3 3 2 3 3 3 1 1 3 3 4 1 2 2 3 3 3 3 3 1 4 3 3 2 3 1 4 1 3 1 3 3 3 1 2 3 4 3 3 3 4 3
57 0.003879 1 4 1 3 1 3 4 2 3 4 1 3 1 1 1 3 3 2 4 2 2 0 0 0 2 2 1 2 1 3 3 1 3 3 3 2 4 3 0 0 0 3 2 3 3 4 3 3 3 1 1 3 3 4 1 2 2 3 1 3 3 3 1 1 3 3 2 3 1 4 1 3 1 3 3 3 1 2 3 4 3 3 3 4 3
57 0.042634 1 4 1 3 1 3 2 4 3 4 1 3 1 1 1 3 3 2 4 2 4 3 2 2 2 2 1 2 1 3 3 3 3 3 3 2 1 3 3 2 2 1 1 3 3 2 3 3 3 1 1 3 3 4 1 2 2 3 3 3 3 3 1 1 3 3 2 3 1 4 1 3 1 3 3 3 1 2 3 4 3 3 3 4 3
57 0.003879 1 4 1 3 1 1 4 2 3 4 1 3 1 1 1 3 3 2 4 2 2 0 0 0 2 2 1 2 1 3 3 3 3 3 3 2 1 3 3 2 2 1 1 3 3 2 3 3 3 1 1 3 3 4 1 2 2 3 3 3 3 3 1 1 3 3 2 3 1 4 1 3 1 3 3 3 1 2 3 4 3 3 3 4 3
57 0.042634 1 2 1 3 1 3 2 2 3 4 1 3 3 1 1 3 3 2 4 2 2 0 0 0 2 2 3 2 1 3 3 3 3 3 1 2 1 1 3 2 2 1 1 3 3 2 3 3 3 1 1 3 3 4 1 2 2 3 3 3 3 3 1 1 3 3 2 3 1 4 1 3 1 3 3 3 1 2 3 4 3 3 3 4 3
57 0.042634 1 4 1 3 1 3 2 2 3 4 1 3 1 1 1 3 3 2 4 2 4 3 2 2 2 2 1 2 1 3 3 3 3 3 3 2 1 3 3 2 2 1 1 3 3 2 3 3 3 1 1 3 3 2 1 2 2 3 3 3 3 3 1 1 3 3 2 3 1 4 1 3 1 3 3 3 1 2 3 4 3 3 3 4 3
57 0.003879 2 4 1 3 1 3 4 2 3 4 1 3 1 1 1 3 3 2 4 2 2 0 0 0 2 2 1 2 1 3 3 3 3 3 3 2 1 3 3 2 2 1 1 3 3 2 3 3 3 1 1 3 3 4 1 1 2 1 3 3 3 3 1 1 3 3 2 3 1 4 1 3 1 3 3 3 1 1 3 4 3 3 3 4 3
57 0.042634 1 4 1 3 1 3 2 2 3 4 1 3 1 1 1 3 3 2 4 2 4 3 2 2 2 2 1 2 1 3 3 3 3 3 3 2 1 3 3 2 2 1 1 3 3 2 3 3 3 1 1 3 3 4 1 2 2 3 3 3 3 3 1 1 3 3 2 3 1 4 1 3 1 3 3 3 3 2 3 4 1 3 3 4 3
57 0.042634 1 4 1 3 1 3 2 2 3 4 1 3 1 1 1 3 3 2 4 2 4 3 2 2 2 2 1 2 1 3 3 3 3 3 3 4 1 3 3 2 2 1 1 3 3 2 3 3 3 1 1 3 3 4 1 2 2 3 3 3 3 3 1 1 3 3 2 3 1 4 1 3 1 3 3 3 1 2 3 4 3 3 3 4 3
57 0.042634 1 4 1 3 2 3 4 2 3 4 1 3 1 1 1 3 0 0 0 1 4 3 2 2 2 2 1 2 1 3 3 3 3 3 3 2 1 3 3 2 2 1 1 3 3 2 3 3 3 1 1 3 3 4 1 2 2 3 3 3 3 3 1 1 3 3 2 3 1 4 1 3 3 3 3 3 1 2 3 4 3 3 3 2 3
57 0.003879 1 4 1 3 1 3 4 2 3 4 1 3 1 1 1 3 3 2 4 2 2 0 0 0 2 2 1 2 3 3 3 3 3 3 3 2 1 3 3 2 2 1 1 3 3 2 3 3 3 1 1 3 3 4 1 2 2 3 3 3 3 3 1 1 3 3 2 3 1 4 1 3 1 3 3 3 1 2 3 4 3 3 3 4 3
57 0.042634 1 4 1 3 2 3 4 2 3 4 1 3 1 1 1 3 0 0 0 1 4 3 2 2 2 2 1 2 1 3 3 3 3 3 3 2 1 3 3 2 2 1 1 3 3 2 3 3 3 1 1 3 3 4 1 2 2 3 3 3 3 3 1 1 3 3 2 3 1 4 1 3 1 3 3 3 1 2 3 4 3 3 3 4 3
57 0.042634 1 4 1 3 1 3 2 2 3 1 1 3 1 1 1 3 3 2 4 2 2 0 0 0 4 2 1 2 1 3 3 3 1 3 3 2 1 3 3 2 2 1 1 3 1 2 1 1 1 1 1 1 3 4 1 2 2 3 3 3 1 1 1 1 1 1 2 1 1 4 1 1 1 1 1 1 1 2 1 4 3 1 3 4 3
57 0.042634 1 4 1 3 1 3 2 2 3 4 1 3 1 1 1 3 3 2 4 2 4 3 2 2 2 2 1 2 1 3 3 3 3 3 3 2 1 3 3 2 2 1 1 3 3 2 3 3 3 1 1 3 3 4 1 2 2 3 3 3 3 3 1 1 3 3 2 3 1 4 1 3 1 3 3 3 1 2 3 4 3 3 1 4 3
57 0.003879 1 4 1 3 1 3 4 2 3 4 1 3 1 1 1 3 3 2 4 2 2 0 0 0 2 2 1 2 1 1 3 3 3 3 3 2 1 3 3 2 2 1 1 3 3 2 3 3 3 1 1 3 1 4 1 2 2 3 3 3 3 3 1 1 3 3 2 3 1 4 1 3 1 3 3 3 1 2 3 4 3 3 3 4 3
57 0.042634 1 4 1 3 1 3 2 2 3 4 1 3 1 1 1 3 3 2 4 2 4 3 2 2 2 2 1 2 1 3 3 3 3 3 3 2 1 3 3 2 2 1 1 3 3 2 3 3 3 1 1 3 3 4 1 2 4 3 3 3 3 3 1 1 3 3 2 3 1 4 1 3 1 3 3 3 1 2 3 4 3 3 3 4 3
57 0.042634 1 2 1 1 1 3 4 2 3 1 1 3 1 1 1 3 3 2 4 2 2 0 0 0 2 2 1 2 1 3 1 3 3 3 3 2 1 4 3 2 2 1 1 3 3 2 3 3 3 1 1 3 3 4 1 2 2 3 3 3 3 3 1 1 3 3 2 3 1 4 3 3 1 3 3 3 1 2 3 4 3 3 3 4 3
57 0.031030 1 4 1 3 1 3 4 2 3 4 1 3 1 1 1 3 3 2 4 2 2 0 0 0 2 2 1 2 1 3 3 3 3 3 3 2 1 3 3 2 2 1 1 3 3 2 3 3 3 1 1 3 3 4 1 2 2 3 3 3 3 3 1 1 3 3 2 3 1 4 1 3 1 3 3 3 1 2 3 4 3 3 3 4 3
57 0.003879 1 4 1 3 1 3 4 2 3 4 1 3 1 1 1 3 3 2 4 2 2 0 0 0 2 2 1 2 1 3 3 3 3 3 3 2 1 3 3 2 2 1 1 1 3 2 3 3 3 1 1 3 3 4 1 2 2 3 3 3 3 3 1 1 3 3 2 3 1 4 1 3 1 3 3 3 1 2 3 4 3 3 3 4 3
57 0.003879 1 4 1 3 1 3 4 2 0 0 0 0 0 0 2 4 0 0 0 2 2 0 0 0 2 2 1 2 1 3 3 3 3 3 3 2 1 3 3 2 2 1 1 3 3 2 3 3 3 1 1 3 3 4 1 2 2 3 3 3 3 3 1 1 3 3 2 3 1 2 1 3 1 3 3 3 1 2 3 4 3 3 3 4 3
57 0.003879 1 4 1 3 1 3 4 2 3 4 1 3 1 1 1 3 3 2 4 2 2 0 0 0 2 2 1 2 1 3 3 3 3 3 3 2 1 3 3 2 2 1 1 3 3 2 3 3 3 1 0 3 3 4 1 2 2 3 3 1 3 3 3 1 3 3 2 3 1 4 1 3 1 3 3 3 1 2 3 4 3 3 3 4 3
58 0.043261 1 4 4 3 1 3 4 2 3 4 1 3 3 1 1 3 3 2 4 2 2 0 0 0 2 2 1 2 1 3 3 3 3 3 3 2 1 3 3 2 2 1 1 3 3 2 3 3 3 1 1 3 3 4 3 2 2 3 3 3 3 3 1 1 3 3 4 3 1 4 1 3 1 3 3 3 1 2 3 4 3 3 3 4 3
58 0.346085 1 4 1 3 1 3 2 2 3 4 1 3 1 1 1 3 3 2 4 2 4 3 2 2 2 2 1 2 1 3 3 3 3 3 3 2 1 3 3 2 2 1 1 3 3 2 3 3 3 1 1 3 3 4 1 2 2 3 3 3 3 3 1 1 3 3 2 3 1 4 1 3 1 3 3 3 1 2 3 4 3 3 3 4 3
58 0.043261 1 2 1 1 1 3 4 2 3 4 1 3 1 1 1 3 1 2 4 2 2 0 0 0 2 4 1 2 1 3 3 3 3 3 3 2 1 3 3 2 2 1 1 3 3 2 3 3 3 1 1 3 3 4 1 2 2 3 3 3 3 3 1 1 3 3 2 3 0 4 1 3 1 3 3 3 1 2 3 2 3 3 3 4 3
58 0.043261 1 4 1 3 1 3 2 2 3 4 1 3 1 1 1 3 3 2 4 2 4 3 2 2 2 2 1 2 1 3 3 3 3 3 3 2 1 3 3 2 2 1 1 3 3 2 3 3 3 1 1 3 3 4 1 2 2 3 3 3 3 3 1 4 3 3 2 3 1 4 1 3 1 3 3 3 1 2 3 4 3 3 3 4 3
58 0.003017 1 4 1 3 1 3 4 2 3 4 1 3 1 1 1 3 3 2 4 2 2 0 0 0 2 2 1 2 1 3 3 1 3 3 3 2 4 3 0 0 0 3 2 3 3 4 3 3 3 1 1 3 3 4 1 2 2 3 1 3 3 3 1 1 3 3 2 3 1 4 1 3 1 3 3 3 1 2 3 4 3 3 3 4 3
58 0.043261 1 4 1 3 1 3 2 4 3 4 1 3 1 1 1 3 3 2 4 2 4 3 2 2 2 2 1 2 1 3 3 3 3 3 3 2 1 3 3 2 2 1 1 3 3 2 3 3 3 1 1 3 3 4 1 2 2 3 3 3 3 3 1 1 3 3 2 3 1 4 1 3 1 3 3 3 1 2 3 4 3 3 3 4 3
58 0.003017 1 4 1 3 1 1 4 2 3 4 1 3 1 1 1 3 3 2 4 2 2 0 0 0 2 2 1 2 1 3 3 3 3 3 3 2 1 3 3 2 2 1 1 3 3 2 3 3 3 1 1 3 3 4 1 2 2 3 3 3 3 3 1 1 3 3 2 3 1 4 1 3 1 3 3 3 1 2 3 4 3 3 3 4 3
58 0.043261 1 2 1 3 1 3 2 2 3 4 1 3 3 1 1 3 3 2 4 2 2 0 0 0 2 2 3 2 1 3 3 3 3 3 1 2 1 1 3 2 2 1 1 3 3 2 3 3 3 1 1 3 3 4 1 2 2 3 3 3 3 3 1 1 3 3 2 3 1 4 1 3 1 3 3 3 1 2 3 4 3 3 3 4 3
58 0.043261 1 4 1 3 1 3 2 2 3 4 1 3 1 1 1 3 3 2 4 2 4 3 2 2 2 2 1 2 1 3 3 3 3 3 3 2 1 3 3 2 2 1 1 3 3 2 3 3 3 1 1 3 3 2 1 2 2 3 3 3 3 3 1 1 3 3 2 3 1 4 1 3 1 3 3 3 1 2 3 4 3 3 3 4 3
58 0.003017 2 4 1 3 1 3 4 2 3 4 1 3 1 1 1 3 3 2 4 2 2 0 0 0 2 2 1 2 1 3 3 3 3 3 3 2 1 3 3 2 2 1 1 3 3 2 3 3 3 1 1 3 3 4 1 1 2 1 3 3 3 3 1 1 3 3 2 3 1 4 1 3 1 3 3 3 1 1 3 4 3 3 3 4 3
58 0.043261 1 4 1 3 1 3 2 2 3 4 1 3 1 1 1 3 3 2 4 2 4 3 2 2 2 2 1 2 1 3 3 3 3 3 3 2 1 3 3 2 2 1 1 3 3 2 3 3 3 1 1 3 3 4 1 2 2 3 3 3 3 3 1 1 3 3 2 3 1 4 1 3 1 3 3 3 3 2 3 4 1 3 3 4 3
58 0.043261 1 4 1 3 1 3 2 2 3 4 1 3 1 1 1 3 3 2 4 2 4 3 2 2 2 2 1 2 1 3 3 3 3 3 3 4 1 3 3 2 2 1 1 3 3 2 3 3 3 1 1 3 3 4 1 2 2 3 3 3 3 3 1 1 3 3 2 3 1 4 1 3 1 3 3 3 1 2 3 4 3 3 3 4 3
58 0.043261 1 4 1 3 2 3 4 2 3 4 1 3 1 1 1 3 0 0 0 1 4 3 2 2 2 2 1 2 1 3 3 3 3 3 3 2 1 3 3 2 2 1 1 3 3 2 3 3 3 1 1 3 3 4 1 2 2 3 3 3 3 3 1 1 3 3 2 3 1 4 1 3 3 3 3 3 1 2 3 4 3 3 3 2 3
58 0.003017 1 4 1 3 1 3 4 2 3 4 1 3 1 1 1 3 3 2 4 2 2 0 0 0 2 2 1 2 3 3 3 3 3 3 3 2 1 3 3 2 2 1 1 3 3 2 3 3 3 1 1 3 3 4 1 2 2 3 3 3 3 3 1 1 3 3 2 3 1 4 1 3 1 3 3 3 1 2 3 4 3 3 3 4 3
58 0.043261 1 4 1 3 2 3 4 2 3 4 1 3 1 1 1 3 0 0 0 1 4 3 2 2 2 2 1 2 1 3 3 3 3 3 3 2 1 3 3 2 2 1 1 3 3 2 3 3 3 1 1 3 3 4 1 2 2 3 3 3 3 3 1 1 3 3 2 3 1 4 1 3 1 3 3 3 1 2 3 4 3 3 3 4 3
58 0.043261 1 4 1 3 1 3 2 2 3 1 1 3 1 1 1 3 3 2 4 2 2 0 0 0 4 2 1 2 1 3 3 3 1 3 3 2 1 3 3 2 2 1 1 3 1 2 1 1 1 1 1 1 3 4 1 2 2 3 3 3 1 1 1 1 1 1 2 1 1 4 1 1 1 1 1 1 1 2 1 4 3 1 3 4 3
58 0.043261 1 4 1 3 1 3 2 2 3 4 1 3 1 1 1 3 3 2 4 2 4 3 2 2 2 2 1 2 1 3 3 3 3 3 3 2 1 3 3 2 2 1 1 3 3 2 3 3 3 1 1 3 3 4 1 2 2 3 3 3 3 3 1 1 3 3 2 3 1 4 1 3 1 3 3 3 1 2 3 4 3 3 1 4 3
58 0.003017 1 4 1 3 1 3 4 2 3 4 1 3 1 1 1 3 3 2 4 2 2 0 0 0 2 2 1 2 1 1 3 3 3 3 3 2 1 3 3 2 2 1 1 3 3 2 3 3 3 1 1 3 1 4 1 2 2 3 3 3 3 3 1 1 3 3 2 3 1 4 1 3 1 3 3 3 1 2 3 4 3 3 3 4 3
58 0.043261 1 4 1 3 1 3 2 2 3 4 1 3 1 1 1 3 3 2 4 2 4 3 2 2 2 2 1 2 1 3 3 3 3 3 3 2 1 3 3 2 2 1 1 3 3 2 3 3 3 1 1 3 3 4 1 2 4 3 3 3 3 3 1 1 3 3 2 3 1 4 1 3 1 3 3 3 1 2 3 4 3 3 3 4 3
58 0.043261 1 2 1 1 1 3 4 2 3 1 1 3 1 1 1 3 3 2 4 2 2 0 0 0 2 2 1 2 1 3 1 3 3 3 3 2 1 4 3 2 2 1 1 3 3 2 3 3 3 1 1 3 3 4 1 2 2 3 3 3 3 3 1 1 3 3 2 3 1 4 3 3 1 3 3 3 1 2 3 4 3 3 3 4 3
58 0.024133 1 4 1 3 1 3 4 2 3 4 1 3 1 1 1 3 3 2 4 2 2 0 0 0 2 2 1 2 1 3 3 3 3 3 3 2 1 3 3 2 2 1 1 3 3 2 3 3 3 1 1 3 3 4 1 2 2 3 3 3 3 3 1 1 3 3 2 3 1 4 1 3 1 3 3 3 1 2 3 4 3 3 3 4 3
58 0.003017 1 4 1 3 1 3 4 2 3 4 1 3 1 1 1 3 3 2 4 2 2 0 0 0 2 2 1 2 1 3 3 3 3 3 3 2 1 3 3 2 2 1 1 1 3 2 3 3 3 1 1 3 3 4 1 2 2 3 3 3 3 3 1 1 3 3 2 3 1 4 1 3 1 3 3 3 1 2 3 4 3 3 3 4 3
58 0.003017 1 4 1 3 1 3 4 2 0 0 0 0 0 0 2 4 0 0 0 2 2 0 0 0 2 2 1 2 1 3 3 3 3 3 3 2 1 3 3 2 2 1 1 3 3 2 3 3 3 1 1 3 3 4 1 2 2 3 3 3 3 3 1 1 3 3 2 3 1 2 1 3 1 3 3 3 1 2 3 4 3 3 3 4 3
58 0.003017 1 4 1 3 1 3 4 2 3 4 1 3 1 1 1 3 3 2 4 2 2 0 0 0 2 2 1 2 1 3 3 3 3 3 3 2 1 3 3 2 2 1 1 3 3 2 3 3 3 1 0 3 3 4 1 2 2 3 3 1 3 3 3 1 3 3 2 3 1 4 1 3 1 3 3 3 1 2 3 4 3 3 3 4 3
59 0.043768 1 4 4 3 1 3 4 2 3 4 1 3 3 1 1 3 3 2 4 2 2 0 0 0 2 2 1 2 1 3 3 3 3 3 3 2 1 3 3 2 2 1 1 3 3 2 3 3 3 1 1 3 3 4 3 2 2 3 3 3 3 3 1 1 3 3 4 3 1 4 1 3 1 3 3 3 1 2 3 4 3 3 3 4 3
59 0.350143 1 4 1 3 1 3 2 2 3 4 1 3 1 1 1 3 3 2 4 2 4 3 2 2 2 2 1 2 1 3 3 3 3 3 3 2 1 3 3 2 2 1 1 3 3 2 3 3 3 1 1 3 3 4 1 2 2 3 3 3 3 3 1 1 3 3 2 3 1 4 1 3 1 3 3 3 1 2 3 4 3 3 3 4 3
59 0.043768 1 2 1 1 1 3 4 2 3 4 1 3 1 1 1 3 1 2 4 2 2 0 0 0 2 4 1 2 1 3 3 3 3 3 3 2 1 3 3 2 2 1 1 3 3 2 3 3 3 1 1 3 3 4 1 2 2 3 3 3 3 3 1 1 3 3 2 3 0 4 1 3 1 3 3 3 1 2 3 2 3 3 3 4 3
59 0.043768 1 4 1 3 1 3 2 2 3 4 1 3 1 1 1 3 3 2 4 2 4 3 2 2 2 2 1 2 1 3 3 3 3 3 3 2 1 3 3 2 2 1 1 3 3 2 3 3 3 1 1 3 3 4 1 2 2 3 3 3 3 3 1 4 3 3 2 3 1 4 1 3 1 3 3 3 1 2 3 4 3 3 3 4 3
59 0.002319 1 4 1 3 1 3 4 2 3 4 1 3 1 1 1 3 3 2 4 2 2 0 0 0 2 2 1 2 1 3 3 1 3 3 3 2 4 3 0 0 0 3 2 3 3 4 3 3 3 1 1 3 3 4 1 2 2 3 1 3 3 3 1 1 3 3 2 3 1 4 1 3 1 3 3 3 1 2 3 4 3 3 3 4 3
59 0.043768 1 4 1 3 1 3 2 4 3 4 1 3 1 1 1 3 3 2 4 2 4 3 2 2 2 2 1 2 1 3 3 3 3 3 3 2 1 3 3 2 2 1 1 3 3 2 3 3 3 1 1 3 3 4 1 2 2 3 3 3 3 3 1 1 3 3 2 3 1 4 1 3 1 3 3 3 1 2 3 4 3 3 3 4 3
59 0.002319 1 4 1 3 1 1 4 2 3 4 1 3 1 1 1 3 3 2 4 2 2 0 0 0 2 2 1 2 1 3 3 3 3 3 3 2 1 3 3 2 2 1 1 3 3 2 3 3 3 1 1 3 3 4 1 2 2 3 3 3 3 3 1 1 3 3 2 3 1 4 1 3 1 3 3 3 1 2 3 4 3 3 3 4 3
59 0.043768 1 2 1 3 1 3 2 2 3 4 1 3 3 1 1 3 3 2 4 2 2 0 0 0 2 2 3 2 1 3 3 3 3 3 1 2 1 1 3 2 2 1 1 3 3 2 3 3 3 1 1 3 3 4 1 2 2 3 3 3 3 3 1 1 3 3 2 3 1 4 1 3 1 3 3 3 1 2 3 4 3 3 3 4 3
59 0.043768 1 4 1 3 1 3 2 2 3 4 1 3 1 1 1 3 3 2 4 2 4 3 2 2 2 2 1 2 1 3 3 3 3 3 3 2 1 3 3 2 2 1 1 3 3 2 3 3 3 1 1 3 3 2 1 2 2 3 3 3 3 3 1 1 3 3 2 3 1 4 1 3 1 3 3 3 1 2 3 4 3 3 3 4 3
59 0.002319 2 4 1 3 1 3 4 2 3 4 1 3 1 1 1 3 3 2 4 2 2 0 0 0 2 2 1 2 1 3 3 3 3 3 3 2 1 3 3 2 2 1 1 3 3 2 3 3 3 1 1 3 3 4 1 1 2 1 3 3 3 3 1 1 3 3 2 3 1 4 1 3 1 3 3 3 1 1 3 4 3 3 3 4 3
59 0.043768 1 4 1 3 1 3 2 2 3 4 1 3 1 1 1 3 3 2 4 2 4 3 2 2 2 2 1 2 1 3 3 3 3 3 3 2 1 3 3 2 2 1 1 3 3 2 3 3 3 1 1 3 3 4 1 2 2 3 3 3 3 3 1 1 3 3 2 3 1 4 1 3 1 3 3 3 3 2 3 4 1 3 3 4 3
59 0.043768 1 4 1 3 1 3 2 2 3 4 1 3 1 1 1 3 3 2 4 2 4 3 2 2 2 2 1 2 1 3 3 3 3 3 3 4 1 3 3 2 2 1 1 3 3 2 3 3 3 1 1 3 3 4 1 2 2 3 3 3 3 3 1 1 3 3 2 3 1 4 1 3 1 3 3 3 1 2 3 4 3 3 3 4 3
59 0.043768 1 4 1 3 2 3 4 2 3 4 1 3 1 1 1 3 0 0 0 1 4 3 2 2 2 2 1 2 1 3 3 3 3 3 3 2 1 3 3 2 2 1 1 3 3 2 3 3 3 1 1 3 3 4 1 2 2 3 3 3 3 3 1 1 3 3 2 3 1 4 1 3 3 3 3 3 1 2 3 4 3 3 3 2 3
59 0.002319 1 4 1 3 1 3 4 2 3 4 1 3 1 1 1 3 3 2 4 2 2 0 0 0 2 2 1 2 3 3 3 3 3 3 3 2 1 3 3 2 2 1 1 3 3 2 3 3 3 1 1 3 3 4 1 2 2 3 3 3 3 3 1 1 3 3 2 3 1 4 1 3 1 3 3 3 1 2 3 4 3 3 3 4 3
59 0.043768 1 4 1 3 2 3 4 2 3 4 1 3 1 1 1 3 0 0 0 1 4 3 2 2 2 2 1 2 1 3 3 3 3 3 3 2 1 3 3 2 2 1 1 3 3 2 3 3 3 1 1 3 3 4 1 2 2 3 3 3 3 3 1 1 3 3 2 3 1 4 1 3 1 3 3 3 1 2 3 4 3 3 3 4 3
59 0.043768 1 4 1 3 1 3 2 2 3 1 1 3 1 1 1 3 3 2 4 2 2 0 0 0 4 2 1 2 1 3 3 3 1 3 3 2 1 3 3 2 2 1 1 3 1 2 1 1 1 1 1 1 3 4 1 2 2 3 3 3 1 1 1 1 1 1 2 1 1 4 1 1 1 1 1 1 1 2 1 4 3 1 3 4 3
59 0.043768 1 4 1 3 1 3 2 2 3 4 1 3 1 1 1 3 3 2 4 2 4 3 2 2 2 2 1 2 1 3 3 3 3 3 3 2 1 3 3 2 2 1 1 3 3 2 3 3 3 1 1 3 3 4 1 2 2 3 3 3 3 3 1 1 3 3 2 3 1 4 1 3 1 3 3 3 1 2 3 4 3 3 1 4 3
59 0.002319 1 4 1 3 1 3 4 2 3 4 1 3 1 1 1 3 3 2 4 2 2 0 0 0 2 2 1 2 1 1 3 3 3 3 3 2 1 3 3 2 2 1 1 3 3 2 3 3 3 1 1 3 1 4 1 2 2 3 3 3 3 3 1 1 3 3 2 3 1 4 1 3 1 3 3 3 1 2 3 4 3 3 3 4 3
59 0.043768 1 4 1 3 1 3 2 2 3 4 1 3 1 1 1 3 3 2 4 2 4 3 2 2 2 2 1 2 1 3 3 3 3 3 3 2 1 3 3 2 2 1 1 3 3 2 3 3 3 1 1 3 3 4 1 2 4 3 3 3 3 3 1 1 3 3 2 3 1 4 1 3 1 3 3 3 1 2 3 4 3 3 3 4 3
59 0.043768 1 2 1 1 1 3 4 2 3 1 1 3 1 1 1 3 3 2 4 2 2 0 0 0 2 2 1 2 1 3 1 3 3 3 3 2 1 4 3 2 2 1 1 3 3 2 3 3 3 1 1 3 3 4 1 2 2 3 3 3 3 3 1 1 3 3 2 3 1 4 3 3 1 3 3 3 1 2 3 4 3 3 3 4 3
59 0.018554 1 4 1 3 1 3 4 2 3 4 1 3 1 1 1 3 3 2 4 2 2 0 0 0 2 2 1 2 1 3 3 3 3 3 3 2 1 3 3 2 2 1 1 3 3 2 3 3 3 1 1 3 3 4 1 2 2 3 3 3 3 3 1 1 3 3 2 3 1 4 1 3 1 3 3 3 1 2 3 4 3 3 3 4 3
59 0.002319 1 4 1 3 1 3 4 2 3 4 1 3 1 1 1 3 3 2 4 2 2 0 0 0 2 2 1 2 1 3 3 3 3 3 3 2 1 3 3 2 2 1 1 1 3 2 3 3 3 1 1 3 3 4 1 2 2 3 3 3 3 3 1 1 3 3 2 3 1 4 1 3 1 3 3 3 1 2 3 4 3 3 3 4 3
59 0.002319 1 4 1 3 1 3 4 2 0 0 0 0 0 0 2 4 0 0 0 2 2 0 0 0 2 2 1 2 1 3 3 3 3 3 3 2 1 3 3 2 2 1 1 3 3 2 3 3 3 1 1 3 3 4 1 2 2 3 3 3 3 3 1 1 3 3 2 3 1 2 1 3 1 3 3 3 1 2 3 4 3 3 3 4 3
59 0.002319 1 4 1 3 1 3 4 2 3 4 1 3 1 1 1 3 3 2 4 2 2 0 0 0 2 2 1 2 1 3 3 3 3 3 3 2 1 3 3 2 2 1 1 3 3 2 3 3 3 1 0 3 3 4 1 2 2 3 3 1 3 3 3 1 3 3 2 3 1 4 1 3 1 3 3 3 1 2 3 4 3 3 3 4 3
60 0.044176 1 4 4 3 1 3 4 2 3 4 1 3 3 1 1 3 3 2 4 2 2 0 0 0 2 2 1 2 1 3 3 3 3 3 3 2 1 3 3 2 2 1 1 3 3 2 3 3 3 1 1 3 3 4 3 2 2 3 3 3 3 3 1 1 3 3 4 3 1 4 1 3 1 3 3 3 1 2 3 4 3 3 3 4 3
60 0.353408 1 4 1 3 1 3 2 2 3 4 1 3 1 1 1 3 3 2 4 2 4 3 2 2 2 2 1 2 1 3 3 3 3 3 3 2 1 3 3 2 2 1 1 3 3 2 3 3 3 1 1 3 3 4 1 2 2 3 3 3 3 3 1 1 3 3 2 3 1 4 1 3 1 3 3 3 1 2 3 4 3 3 3 4 3
60 0.044176 1 2 1 1 1 3 4 2 3 4 1 3 1 1 1 3 1 2 4 2 2 0 0 0 2 4 1 2 1 3 3 3 3 3 3 2 1 3 3 2 2 1 1 3 3 2 3 3 3 1 1 3 3 4 1 2 2 3 3 3 3 3 1 1 3 3 2 3 0 4 1 3 1 3 3 3 1 2 3 2 3 3 3 4 3
60 0.044176 1 4 1 3 1 3 2 2 3 4 1 3 1 1 1 3 3 2 4 2 4 3 2 2 2 2 1 2 1 3 3 3 3 3 3 2 1 3 3 2 2 1 1 3 3 2 3 3 3 1 1 3 3 4 1 2 2 3 3 3 3 3 1 4 3 3 2 3 1 4 1 3 1 3 3 3 1 2 3 4 3 3 3 4 3
60 0.001758 1 4 1 3 1 3 4 2 3 4 1 3 1 1 1 3 3 2 4 2 2 0 0 0 2 2 1 2 1 3 3 1 3 3 3 2 4 3 0 0 0 3 2 3 3 4 3 3 3 1 1 3 3 4 1 2 2 3 1 3 3 3 1 1 3 3 2 3 1 4 1 3 1 3 3 3 1 2 3 4 3 3 3 4 3
60 0.044176 1 4 1 3 1 3 2 4 3 4 1 3 1 1 1 3 3 2 4 2 4 3 2 2 2 2 1 2 1 3 3 3 3 3 3 2 1 3 3 2 2 1 1 3 3 2 3 3 3 1 1 3 3 4 1 2 2 3 3 3 3 3 1 1 3 3 2 3 1 4 1 3 1 3 3 3 1 2 3 4 3 3 3 4 3
60 0.001758 1 4 1 3 1 1 4 2 3 4 1 3 1 1 1 3 3 2 4 2 2 0 0 0 2 2 1 2 1 3 3 3 3 3 3 2 1 3 3 2 2 1 1 3 3 2 3 3 3 1 1 3 3 4 1 2 2 3 3 3 3 3 1 1 3 3 2 3 1 4 1 3 1 3 3 3 1 2 3 4 3 3 3 4 3
60 0.044176 1 2 1 3 1 3 2 2 3 4 1 3 3 1 1 3 3 2 4 2 2 0 0 0 2 2 3 2 1 3 3 3 3 3 1 2 1 1 3 2 2 1 1 3 3 2 3 3 3 1 1 3 3 4 1 2 2 3 3 3 3 3 1 1 3 3 2 3 1 4 1 3 1 3 3 3 1 2 3 4 3 3 3 4 3
60 0.044176 1 4 1 3 1 3 2 2 3 4 1 3 1 1 1 3 3 2 4 2 4 3 2 2 2 2 1 2 1 3 3 3 3 3 3 2 1 3 3 2 2 1 1 3 3 2 3 3 3 1 1 3 3 2 1 2 2 3 3 3 3 3 1 1 3 3 2 3 1 4 1 3 1 3 3 3 1 2 3 4 3 3 3 4 3
60 0.001758 2 4 1 3 1 3 4 2 3 4 1 3 1 1 1 3 3 2 4 2 2 0 0 0 2 2 1 2 1 3 3 3 3 3 3 2 1 3 3 2 2 1 1 3 3 2 3 3 3 1 1 3 3 4 1 1 2 1 3 3 3 3 1 1 3 3 2 3 1 4 1 3 1 3 3 3 1 1 3 4 3 3 3 4 3
60 0.044176 1 4 1 3 1 3 2 2 3 4 1 3 1 1 1 3 3 2 4 2 4 3 2 2 2 2 1 2 1 3 3 3 3 3 3 2 1 3 3 2 2 1 1 3 3 2 3 3 3 1 1 3 3 4 1 2 2 3 3 3 3 3 1 1 3 3 2 3 1 4 1 3 1 3 3 3 3 2 3 4 1 3 3 4 3
60 0.044176 1 4 1 3 1 3 2 2 3 4 1 3 1 1 1 3 3 2 4 2 4 3 2 2 2 2 1 2 1 3 3 3 3 3 3 4 1 3 3 2 2 1 1 3 3 2 3 3 3 1 1 3 3 4 1 2 2 3 3 3 3 3 1 1 3 3 2 3 1 4 1 3 1 3 3 3 1 2 3 4 3 3 3 4 3
60 0.044176 1 4 1 3 2 3 4 2 3 4 1 3 1 1 1 3 0 0 0 1 4 3 2 2 2 2 1 2 1 3 3 3 3 3 3 2 1 3 3 2 2 1 1 3 3 2 3 3 3 1 1 3 3 4 1 2 2 3 3 3 3 3 1 1 3 3 2 3 1 4 1 3 3 3 3 3 1 2 3 4 3 3 3 2 3
60 0.001758 1 4 1 3 1 3 4 2 3 4 1 3 1 1 1 3 3 2 4 2 2 0 0 0 2 2 1 2 3 3 3 3 3 3 3 2 1 3 3 2 2 1 1 3 3 2 3 3 3 1 1 3 3 4 1 2 2 3 3 3 3 3 1 1 3 3 2 3 1 4 1 3 1 3 3 3 1 2 3 4 3 3 3 4 3
60 0.044176 1 4 1 3 2 3 4 2 3 4 1 3 1 1 1 3 0 0 0 1 4 3 2 2 2 2 1 2 1 3 3 3 3 3 3 2 1 3 3 2 2 1 1 3 3 2 3 3 3 1 1 3 3 4 1 2 2 3 3 3 3 3 1 1 3 3 2 3 1 4 1 3 1 3 3 3 1 2 3 4 3 3 3 4 3
60 0.044176 1 4 1 3 1 3 2 2 3 1 1 3 1 1 1 3 3 2 4 2 2 0 0 0 4 2 1 2 1 3 3 3 1 3 3 2 1 3 3 2 2 1 1 3 1 2 1 1 1 1 1 1 3 4 1 2 2 3 3 3 1 1 1 1 1 1 2 1 1 4 1 1 1 1 1 1 1 2 1 4 3 1 3 4 3
60 0.044176 1 4 1 3 1 3 2 2 3 4 1 3 1 1 1 3 3 2 4 2 4 3 2 2 2 2 1 2 1 3 3 3 3 3 3 2 1 3 3 2 2 1 1 3 3 2 3 3 3 1 1 3 3 4 1 2 2 3 3 3 3 3 1 1 3 3 2 3 1 4 1 3 1 3 3 3 1 2 3 4 3 3 1 4 3
60 0.001758 1 4 1 3 1 3 4 2 3 4 1 3 1 1 1 3 3 2 4 2 2 0 0 0 2 2 1 2 1 1 3 3 3 3 3 2 1 3 3 2 2 1 1 3 3 2 3 3 3 1 1 3 1 4 1 2 2 3 3 3 3 3 1 1 3 3 2 3 1 4 1 3 1 3 3 3 1 2 3 4 3 3 3 4 3
60 0.044176 1 4 1 3 1 3 2 2 3 4 1 3 1 1 1 3 3 2 4 2 4 3 2 2 2 2 1 2 1 3 3 3 3 3 3 2 1 3 3 2 2 1 1 3 3 2 3 3 3 1 1 3 3 4 1 2 4 3 3 3 3 3 1 1 3 3 2 3 1 4 1 3 1 3 3 3 1 2 3 4 3 3 3 4 3
60 0.044176 1 2 1 1 1 3 4 2 3 1 1 3 1 1 1 3 3 2 4 2 2 0 0 0 2 2 1 2 1 3 1 3 3 3 3 2 1 4 3 2 2 1 1 3 3 2 3 3 3 1 1 3 3 4 1 2 2 3 3 3 3 3 1 1 3 3 2 3 1 4 3 3 1 3 3 3 1 2 3 4 3 3 3 4 3
60 0.014064 1 4 1 3 1 3 4 2 3 4 1 3 1 1 1 3 3 2 4 2 2 0 0 0 2 2 1 2 1 3 3 3 3 3 3 2 1 3 3 2 2 1 1 3 3 2 3 3 3 1 1 3 3 4 1 2 2 3 3 3 3 3 1 1 3 3 2 3 1 4 1 3 1 3 3 3 1 2 3 4 3 3 3 4 3
60 0.001758 1 4 1 3 1 3 4 2 3 4 1 3 1 1 1 3 3 2 4 2 2 0 0 0 2 2 1 2 1 3 3 3 3 3 3 2 1 3 3 2 2 1 1 1 3 2 3 3 3 1 1 3 3 4 1 2 2 3 3 3 3 3 1 1 3 3 2 3 1 4 1 3 1 3 3 3 1 2 3 4 3 3 3 4 3
60 0.001758 1 4 1 3 1 3 4 2 0 0 0 0 0 0 2 4 0 0 0 2 2 0 0 0 2 2 1 2 1 3 3 3 3 3 3 2 1 3 3 2 2 1 1 3 3 2 3 3 3 1 1 3 3 4 1 2 2 3 3 3 3 3 1 1 3 3 2 3 1 2 1 3 1 3 3 3 1 2 3 4 3 3 3 4 3
60 0.001758 1 4 1 3 1 3 4 2 3 4 1 3 1 1 1 3 3 2 4 2 2 0 0 0 2 2 1 2 1 3 3 3 3 3 3 2 1 3 3 2 2 1 1 3 3 2 3 3 3 1 0 3 3 4 1 2 2 3 3 1 3 3 3 1 3 3 2 3 1 4 1 3 1 3 3 3 1 2 3 4 3 3 3 4 3
61 0.044503 1 4 4 3 1 3 4 2 3 4 1 3 3 1 1 3 3 2 4 2 2 0 0 0 2 2 1 2 1 3 3 3 3 3 3 2 1 3 3 2 2 1 1 3 3 2 3 3 3 1 1 3 3 4 3 2 2 3 3 3 3 3 1 1 3 3 4 3 1 4 1 3 1 3 3 3 1 2 3 4 3 3 3 4 3
61 0.356024 1 4 1 3 1 3 2 2 3 4 1 3 1 1 1 3 3 2 4 2 4 3 2 2 2 2 1 2 1 3 3 3 3 3 3 2 1 3 3 2 2 1 1 3 3 2 3 3 3 1 1 3 3 4 1 2 2 3 3 3 3 3 1 1 3 3 2 3 1 4 1 3 1 3 3 3 1 2 3 4 3 3 3 4 3
61 0.044503 1 2 1 1 1 3 4 2 3 4 1 3 1 1 1 3 1 2 4 2 2 0 0 0 2 4 1 2 1 3 3 3 3 3 3 2 1 3 3 2 2 1 1 3 3 2 3 3 3 1 1 3 3 4 1 2 2 3 3 3 3 3 1 1 3 3 2 3 0 4 1 3 1 3 3 3 1 2 3 2 3 3 3 4 3
61 0.044503 1 4 1 3 1 3 2 2 3 4 1 3 1 1 1 3 3 2 4 2 4 3 2 2 2 2 1 2 1 3 3 3 3 3 3 2 1 3 3 2 2 1 1 3 3 2 3 3 3 1 1 3 3 4 1 2 2 3 3 3 3 3 1 4 3 3 2 3 1 4 1 3 1 3 3 3 1 2 3 4 3 3 3 4 3
61 0.001308 1 4 1 3 1 3 4 2 3 4 1 3 1 1 1 3 3 2 4 2 2 0 0 0 2 2 1 2 1 3 3 1 3 3 3 2 4 3 0 0 0 3 2 3 3 4 3 3 3 1 1 3 3 4 1 2 2 3 1 3 3 3 1 1 3 3 2 3 1 4 1 3 1 3 3 3 1 2 3 4 3 3 3 4 3
61 0.044503 1 4 1 3 1 3 2 4 3 4 1 3 1 1 1 3 3 2 4 2 4 3 2 2 2 2 1 2 1 3 3 3 3 3 3 2 1 3 3 2 2 1 1 3 3 2 3 3 3 1 1 3 3 4 1 2 2 3 3 3 3 3 1 1 3 3 2 3 1 4 1 3 1 3 3 3 1 2 3 4 3 3 3 4 3
61 0.001308 1 4 1 3 1 1 4 2 3 4 1 3 1 1 1 3 3 2 4 2 2 0 0 0 2 2 1 2 1 3 3 3 3 3 3 2 1 3 3 2 2 1 1 3 3 2 3 3 3 1 1 3 3 4 1 2 2 3 3 3 3 3 1 1 3 3 2 3 1 4 1 3 1 3 3 3 1 2 3 4 3 3 3 4 3
61 0.044503 1 2 1 3 1 3 2 2 3 4 1 3 3 1 1 3 3 2 4 2 2 0 0 0 2 2 3 2 1 3 3 3 3 3 1 2 1 1 3 2 2 1 1 3 3 2 3 3 3 1 1 3 3 4 1 2 2 3 3 3 3 3 1 1 3 3 2 3 1 4 1 3 1 3 3 3 1 2 3 4 3 3 3 4 3
61 0.044503 1 4 1 3 1 3 2 2 3 4 1 3 1 1 1 3 3 2 4 2 4 3 2 2 2 2 1 2 1 3 3 3 3 3 3 2 1 3 3 2 2 1 1 3 3 2 3 3 3 1 1 3 3 2 1 2 2 3 3 3 3 3 1 1 3 3 2 3 1 4 1 3 1 3 3 3 1 2 3 4 3 3 3 4 3
61 0.001308 2 4 1 3 1 3 4 2 3 4 1 3 1 1 1 3 3 2 4 2 2 0 0 0 2 2 1 2 1 3 3 3 3 3 3 2 1 3 3 2 2 1 1 3 3 2 3 3 3 1 1 3 3 4 1 1 2 1 3 3 3 3 1 1 3 3 2 3 1 4 1 3 1 3 3 3 1 1 3 4 3 3 3 4 3
61 0.044503 1 4 1 3 1 3 2 2 3 4 1 3 1 1 1 3 3 2 4 2 4 3 2 2 2 2 1 2 1 3 3 3 3 3 3 2 1 3 3 2 2 1 1 3 3 2 3 3 3 1 1 3 3 4 1 2 2 3 3 3 3 3 1 1 3 3 2 3 1 4 1 3 1 3 3 3 3 2 3 4 1 3 3 4 3
61 0.044503 1 4 1 3 1 3 2 2 3 4 1 3 1 1 1 3 3 2 4 2 4 3 2 2 2 2 1 2 1 3 3 3 3 3 3 4 1 3 3 2 2 1 1 3 3 2 3 3 3 1 1 3 3 4 1 2 2 3 3 3 3 3 1 1 3 3 2 3 1 4 1 3 1 3 3 3 1 2 3 4 3 3 3 4 3
61 0.044503 1 4 1 3 2 3 4 2 3 4 1 3 1 1 1 3 0 0 0 1 4 3 2 2 2 2 1 2 1 3 3 3 3 3 3 2 1 3 3 2 2 1 1 3 3 2 3 3 3 1 1 3 3 4 1 2 2 3 3 3 3 3 1 1 3 3 2 3 1 4 1 3 3 3 3 3 1 2 3 4 3 3 3 2 3
61 0.001308 1 4 1 3 1 3 4 2 3 4 1 3 1 1 1 3 3 2 4 2 2 0 0 0 2 2 1 2 3 3 3 3 3 3 3 2 1 3 3 2 2 1 1 3 3 2 3 3 3 1 1 3 3 4 1 2 2 3 3 3 3 3 1 1 3 3 2 3 1 4 1 3 1 3 3 3 1 2 3 4 3 3 3 4 3
61 0.044503 1 4 1 3 2 3 4 2 3 4 1 3 1 1 1 3 0 0 0 1 4 3 2 2 2 2 1 2 1 3 3 3 3 3 3 2 1 3 3 2 2 1 1 3 3 2 3 3 3 1 1 3 3 4 1 2 2 3 3 3 3 3 1 1 3 3 2 3 1 4 1 3 1 3 3 3 1 2 3 4 3 3 3 4 3
61 0.044503 1 4 1 3 1 3 2 2 3 1 1 3 1 1 1 3 3 2 4 2 2 0 0 0 4 2 1 2 1 3 3 3 1 3 3 2 1 3 3 2 2 1 1 3 1 2 1 1 1 1 1 1 3 4 1 2 2 3 3 3 1 1 1 1 1 1 2 1 1 4 1 1 1 1 1 1 1 2 1 4 3 1 3 4 3
61 0.044503 1 4 1 3 1 3 2 2 3 4 1 3 1 1 1 3 3 2 4 2 4 3 2 2 2 2 1 2 1 3 3 3 3 3 3 2 1 3 3 2 2 1 1 3 3 2 3 3 3 1 1 3 3 4 1 2 2 3 3 3 3 3 1 1 3 3 2 3 1 4 1 3 1 3 3 3 1 2 3 4 3 3 1 4 3
61 0.001308 1 4 1 3 1 3 4 2 3 4 1 3 1 1 1 3 3 2 4 2 2 0 0 0 2 2 1 2 1 1 3 3 3 3 3 2 1 3 3 2 2 1 1 3 3 2 3 3 3 1 1 3 1 4 1 2 2 3 3 3 3 3 1 1 3 3 2 3 1 4 1 3 1 3 3 3 1 2 3 4 3 3 3 4 3
61 0.044503 1 4 1 3 1 3 2 2 3 4 1 3 1 1 1 3 3 2 4 2 4 3 2 2 2 2 1 2 1 3 3 3 3 3 3 2 1 3 3 2 2 1 1 3 3 2 3 3 3 1 1 3 3 4 1 2 4 3 3 3 3 3 1 1 3 3 2 3 1 4 1 3 1 3 3 3 1 2 3 4 3 3 3 4 3
61 0.044503 1 2 1 1 1 3 4 2 3 1 1 3 1 1 1 3 3 2 4 2 2 0 0 0 2 2 1 2 1 3 1 3 3 3 3 2 1 4 3 2 2 1 1 3 3 2 3 3 3 1 1 3 3 4 1 2 2 3 3 3 3 3 1 1 3 3 2 3 1 4 3 3 1 3 3 3 1 2 3 4 3 3 3 4 3
61 0.010467 1 4 1 3 1 3 4 2 3 4 1 3 1 1 1 3 3 2 4 2 2 0 0 0 2 2 1 2 1 3 3 3 3 3 3 2 1 3 3 2 2 1 1 3 3 2 3 3 3 1 1 3 3 4 1 2 2 3 3 3 3 3 1 1 3 3 2 3 1 4 1 3 1 3 3 3 1 2 3 4 3 3 3 4 3
61 0.001308 1 4 1 3 1 3 4 2 3 4 1 3 1 1 1 3 3 2 4 2 2 0 0 0 2 2 1 2 1 3 3 3 3 3 3 2 1 3 3 2 2 1 1 1 3 2 3 3 3 1 1 3 3 4 1 2 2 3 3 3 3 3 1 1 3 3 2 3 1 4 1 3 1 3 3 3 1 2 3 4 3 3 3 4 3
61 0.001308 1 4 1 3 1 3 4 2 0 0 0 0 0 0 2 4 0 0 0 2 2 0 0 0 2 2 1 2 1 3 3 3 3 3 3 2 1 3 3 2 2 1 1 3 3 2 3 3 3 1 1 3 3 4 1 2 2 3 3 3 3 3 1 1 3 3 2 3 1 2 1 3 1 3 3 3 1 2 3 4 3 3 3 4 3
61 0.001308 1 4 1 3 1 3 4 2 3 4 1 3 1 1 1 3 3 2 4 2 2 0 0 0 2 2 1 2 1 3 3 3 3 3 3 2 1 3 3 2 2 1 1 3 3 2 3 3 3 1 0 3 3 4 1 2 2 3 3 1 3 3 3 1 3 3 2 3 1 4 1 3 1 3 3 3 1 2 3 4 3 3 3 4 3
62 0.044764 1 4 4 3 1 3 4 2 3 4 1 3 3 1 1 3 3 2 4 2 2 0 0 0 2 2 1 2 1 3 3 3 3 3 3 2 1 3 3 2 2 1 1 3 3 2 3 3 3 1 1 3 3 4 3 2 2 3 3 3 3 3 1 1 3 3 4 3 1 4 1 3 1 3 3 3 1 2 3 4 3 3 3 4 3
62 0.358113 1 4 1 3 1 3 2 2 3 4 1 3 1 1 1 3 3 2 4 2 4 3 2 2 2 2 1 2 1 3 3 3 3 3 3 2 1 3 3 2 2 1 1 3 3 2 3 3 3 1 1 3 3 4 1 2 2 3 3 3 3 3 1 1 3 3 2 3 1 4 1 3 1 3 3 3 1 2 3 4 3 3 3 4 3
62 0.044764 1 2 1 1 1 3 4 2 3 4 1 3 1 1 1 3 1 2 4 2 2 0 0 0 2 4 1 2 1 3 3 3 3 3 3 2 1 3 3 2 2 1 1 3 3 2 3 3 3 1 1 3 3 4 1 2 2 3 3 3 3 3 1 1 3 3 2 3 0 4 1 3 1 3 3 3 1 2 3 2 3 3 3 4 3
62 0.044764 1 4 1 3 1 3 2 2 3 4 1 3 1 1 1 3 3 2 4 2 4 3 2 2 2 2 1 2 1 3 3 3 3 3 3 2 1 3 3 2 2 1 1 3 3 2 3 3 3 1 1 3 3 4 1 2 2 3 3 3 3 3 1 4 3 3 2 3 1 4 1 3 1 3 3 3 1 2 3 4 3 3 3 4 3
62 0.000949 1 4 1 3 1 3 4 2 3 4 1 3 1 1 1 3 3 2 4 2 2 0 0 0 2 2 1 2 1 3 3 1 3 3 3 2 4 3 0 0 0 3 2 3 3 4 3 3 3 1 1 3 3 4 1 2 2 3 1 3 3 3 1 1 3 3 2 3 1 4 1 3 1 3 3 3 1 2 3 4 3 3 3 4 3
62 0.044764 1 4 1 3 1 3 2 4 3 4 1 3 1 1 1 3 3 2 4 2 4 3 2 2 2 2 1 2 1 3 3 3 3 3 3 2 1 3 3 2 2 1 1 3 3 2 3 3 3 1 1 3 3 4 1 2 2 3 3 3 3 3 1 1 3 3 2 3 1 4 1 3 1 3 3 3 1 2 3 4 3 3 3 4 3
62 0.000949 1 4 1 3 1 1 4 2 3 4 1 3 1 1 1 3 3 2 4 2 2 0 0 0 2 2 1 2 1 3 3 3 3 3 3 2 1 3 3 2 2 1 1 3 3 2 3 3 3 1 1 3 3 4 1 2 2 3 3 3 3 3 1 1 3 3 2 3 1 4 1 3 1 3 3 3 1 2 3 4 3 3 3 4 3
62 0.044764 1 2 1 3 1 3 2 2 3 4 1 3 3 1 1 3 3 2 4 2 2 0 0 0 2 2 3 2 1 3 3 3 3 3 1 2 1 1 3 2 2 1 1 3 3 2 3 3 3 1 1 3 3 4 1 2 2 3 3 3 3 3 1 1 3 3 2 3 1 4 1 3 1 3 3 3 1 2 3 4 3 3 3 4 3
62 0.044764 1 4 1 3 1 3 2 2 3 4 1 3 1 1 1 3 3 2 4 2 4 3 2 2 2 2 1 2 1 3 3 3 3 3 3 2 1 3 3 2 2 1 1 3 3 2 3 3 3 1 1 3 3 2 1 2 2 3 3 3 3 3 1 1 3 3 2 3 1 4 1 3 1 3 3 3 1 2 3 4 3 3 3 4 3
62 0.000949 2 4 1 3 1 3 4 2 3 4 1 3 1 1 1 3 3 2 4 2 2 0 0 0 2 2 1 2 1 3 3 3 3 3 3 2 1 3 3 2 2 1 1 3 3 2 3 3 3 1 1 3 3 4 1 1 2 1 3 3 3 3 1 1 3 3 2 3 1 4 1 3 1 3 3 3 1 1 3 4 3 3 3 4 3
62 0.044764 1 4 1 3 1 3 2 2 3 4 1 3 1 1 1 3 3 2 4 2 4 3 2 2 2 2 1 2 1 3 3 3 3 3 3 2 1 3 3 2 2 1 1 3 3 2 3 3 3 1 1 3 3 4 1 2 2 3 3 3 3 3 1 1 3 3 2 3 1 4 1 3 1 3 3 3 3 2 3 4 1 3 3 4 3
62 0.044764 1 4 1 3 1 3 2 2 3 4 1 3 1 1 1 3 3 2 4 2 4 3 2 2 2 2 1 2 1 3 3 3 3 3 3 4 1 3 3 2 2 1 1 3 3 2 3 3 3 1 1 3 3 4 1 2 2 3 3 3 3 3 1 1 3 3 2 3 1 4 1 3 1 3 3 3 1 2 3 4 3 3 3 4 3
62 0.044764 1 4 1 3 2 3 4 2 3 4 1 3 1 1 1 3 0 0 0 1 4 3 2 2 2 2 1 2 1 3 3 3 3 3 3 2 1 3 3 2 2 1 1 3 3 2 3 3 3 1 1 3 3 4 1 2 2 3 3 3 3 3 1 1 3 3 2 3 1 4 1 3 3 3 3 3 1 2 3 4 3 3 3 2 3
62 0.000949 1 4 1 3 1 3 4 2 3 4 1 3 1 1 1 3 3 2 4 2 2 0 0 0 2 2 1 2 3 3 3 3 3 3 3 2 1 3 3 2 2 1 1 3 3 2 3 3 3 1 1 3 3 4 1 2 2 3 3 3 3 3 1 1 3 3 2 3 1 4 1 3 1 3 3 3 1 2 3 4 3 3 3 4 3
62 0.044764 1 4 1 3 2 3 4 2 3 4 1 3 1 1 1 3 0 0 0 1 4 3 2 2 2 2 1 2 1 3 3 3 3 3 3 2 1 3 3 2 2 1 1 3 3 2 3 3 3 1 1 3 3 4 1 2 2 3 3 3 3 3 1 1 3 3 2 3 1 4 1 3 1 3 3 3 1 2 3 4 3 3 3 4 3
62 0.044764 1 4 1 3 1 3 2 2 3 1 1 3 1 1 1 3 3 2 4 2 2 0 0 0 4 2 1 2 1 3 3 3 1 3 3 2 1 3 3 2 2 1 1 3 1 2 1 1 1 1 1 1 3 4 1 2 2 3 3 3 1 1 1 1 1 1 2 1 1 4 1 1 1 1 1 1 1 2 1 4 3 1 3 4 3
62 0.044764 1 4 1 3 1 3 2 2 3 4 1 3 1 1 1 3 3 2 4 2 4 3 2 2 2 2 1 2 1 3 3 3 3 3 3 2 1 3 3 2 2 1 1 3 3 2 3 3 3 1 1 3 3 4 1 2 2 3 3 3 3 3 1 1 3 3 2 3 1 4 1 3 1 3 3 3 1 2 3 4 3 3 1 4 3
62 0.000949 1 4 1 3 1 3 4 2 3 4 1 3 1 1 1 3 3 2 4 2 2 0 0 0 2 2 1 2 1 1 3 3 3 3 3 2 1 3 3 2 2 1 1 3 3 2 3 3 3 1 1 3 1 4 1 2 2 3 3 3 3 3 1 1 3 3 2 3 1 4 1 3 1 3 3 3 1 2 3 4 3 3 3 4 3
62 0.044764 1 4 1 3 1 3 2 2 3 4 1 3 1 1 1 3 3 2 4 2 4 3 2 2 2 2 1 2 1 3 3 3 3 3 3 2 1 3 3 2 2 1 1 3 3 2 3 3 3 1 1 3 3 4 1 2 4 3 3 3 3 3 1 1 3 3 2 3 1 4 1 3 1 3 3 3 1 2 3 4 3 3 3 4 3
62 0.044764 1 2 1 1 1 3 4 2 3 1 1 3 1 1 1 3 3 2 4 2 2 0 0 0 2 2 1 2 1 3 1 3 3 3 3 2 1 4 3 2 2 1 1 3 3 2 3 3 3 1 1 3 3 4 1 2 2 3 3 3 3 3 1 1 3 3 2 3 1 4 3 3 1 3 3 3 1 2 3 4 3 3 3 4 3
62 0.007594 1 4 1 3 1 3 4 2 3 4 1 3 1 1 1 3 3 2 4 2 2 0 0 0 2 2 1 2 1 3 3 3 3 3 3 2 1 3 3 2 2 1 1 3 3 2 3 3 3 1 1 3 3 4 1 2 2 3 3 3 3 3 1 1 3 3 2 3 1 4 1 3 1 3 3 3 1 2 3 4 3 3 3 4 3
62 0.000949 1 4 1 3 1 3 4 2 3 4 1 3 1 1 1 3 3 2 4 2 2 0 0 0 2 2 1 2 1 3 3 3 3 3 3 2 1 3 3 2 2 1 1 1 3 2 3 3 3 1 1 3 3 4 1 2 2 3 3 3 3 3 1 1 3 3 2 3 1 4 1 3 1 3 3 3 1 2 3 4 3 3 3 4 3
62 0.000949 1 4 1 3 1 3 4 2 0 0 0 0 0 0 2 4 0 0 0 2 2 0 0 0 2 2 1 2 1 3 3 3 3 3 3 2 1 3 3 2 2 1 1 3 3 2 3 3 3 1 1 3 3 4 1 2 2 3 3 3 3 3 1 1 3 3 2 3 1 2 1 3 1 3 3 3 1 2 3 4 3 3 3 4 3
62 0.000949 1 4 1 3 1 3 4 2 3 4 1 3 1 1 1 3 3 2 4 2 2 0 0 0 2 2 1 2 1 3 3 3 3 3 3 2 1 3 3 2 2 1 1 3 3 2 3 3 3 1 0 3 3 4 1 2 2 3 3 1 3 3 3 1 3 3 2 3 1 4 1 3 1 3 3 3 1 2 3 4 3 3 3 4 3
63 0.044972 1 4 4 3 1 3 4 2 3 4 1 3 3 1 1 3 3 2 4 2 2 0 0 0 2 2 1 2 1 3 3 3 3 3 3 2 1 3 3 2 2 1 1 3 3 2 3 3 3 1 1 3 3 4 3 2 2 3 3 3 3 3 1 1 3 3 4 3 1 4 1 3 1 3 3 3 1 2 3 4 3 3 3 4 3
63 0.359777 1 4 1 3 1 3 2 2 3 4 1 3 1 1 1 3 3 2 4 2 4 3 2 2 2 2 1 2 1 3 3 3 3 3 3 2 1 3 3 2 2 1 1 3 3 2 3 3 3 1 1 3 3 4 1 2 2 3 3 3 3 3 1 1 3 3 2 3 1 4 1 3 1 3 3 3 1 2 3 4 3 3 3 4 3
63 0.044972 1 2 1 1 1 3 4 2 3 4 1 3 1 1 1 3 1 2 4 2 2 0 0 0 2 4 1 2 1 3 3 3 3 3 3 2 1 3 3 2 2 1 1 3 3 2 3 3 3 1 1 3 3 4 1 2 2 3 3 3 3 3 1 1 3 3 2 3 0 4 1 3 1 3 3 3 1 2 3 2 3 3 3 4 3
63 0.044972 1 4 1 3 1 3 2 2 3 4 1 3 1 1 1 3 3 2 4 2 4 3 2 2 2 2 1 2 1 3 3 3 3 3 3 2 1 3 3 2 2 1 1 3 3 2 3 3 3 1 1 3 3 4 1 2 2 3 3 3 3 3 1 4 3 3 2 3 1 4 1 3 1 3 3 3 1 2 3 4 3 3 3 4 3
63 0.000663 1 4 1 3 1 3 4 2 3 4 1 3 1 1 1 3 3 2 4 2 2 0 0 0 2 2 1 2 1 3 3 1 3 3 3 2 4 3 0 0 0 3 2 3 3 4 3 3 3 1 1 3 3 4 1 2 2 3 1 3 3 3 1 1 3 3 2 3 1 4 1 3 1 3 3 3 1 2 3 4 3 3 3 4 3
63 0.044972 1 4 1 3 1 3 2 4 3 4 1 3 1 1 1 3 3 2 4 2 4 3 2 2 2 2 1 2 1 3 3 3 3 3 3 2 1 3 3 2 2 1 1 3 3 2 3 3 3 1 1 3 3 4 1 2 2 3 3 3 3 3 1 1 3 3 2 3 1 4 1 3 1 3 3 3 1 2 3 4 3 3 3 4 3
63 0.000663 1 4 1 3 1 1 4 2 3 4 1 3 1 1 1 3 3 2 4 2 2 0 0 0 2 2 1 2 1 3 3 3 3 3 3 2 1 3 3 2 2 1 1 3 3 2 3 3 3 1 1 3 3 4 1 2 2 3 3 3 3 3 1 1 3 3 2 3 1 4 1 3 1 3 3 3 1 2 3 4 3 3 3 4 3
63 0.044972 1 2 1 3 1 3 2 2 3 4 1 3 3 1 1 3 3 2 4 2 2 0 0 0 2 2 3 2 1 3 3 3 3 3 1 2 1 1 3 2 2 1 1 3 3 2 3 3 3 1 1 3 3 4 1 2 2 3 3 3 3 3 1 1 3 3 2 3 1 4 1 3 1 3 3 3 1 2 3 4 3 3 3 4 3
63 0.044972 1 4 1 3 1 3 2 2 3 4 1 3 1 1 1 3 3 2 4 2 4 3 2 2 2 2 1 2 1 3 3 3 3 3 3 2 1 3 3 2 2 1 1 3 3 2 3 3 3 1 1 3 3 2 1 2 2 3 3 3 3 3 1 1 3 3 2 3 1 4 1 3 1 3 3 3 1 2 3 4 3 3 3 4 3
63 0.000663 2 4 1 3 1 3 4 2 3 4 1 3 1 1 1 3 3 2 4 2 2 0 0 0 2 2 1 2 1 3 3 3 3 3 3 2 1 3 3 2 2 1 1 3 3 2 3 3 3 1 1 3 3 4 1 1 2 1 3 3 3 3 1 1 3 3 2 3 1 4 1 3 1 3 3 3 1 1 3 4 3 3 3 4 3
63 0.044972 1 4 1 3 1 3 2 2 3 4 1 3 1 1 1 3 3 2 4 2 4 3 2 2 2 2 1 2 1 3 3 3 3 3 3 2 1 3 3 2 2 1 1 3 3 2 3 3 3 1 1 3 3 4 1 2 2 3 3 3 3 3 1 1 3 3 2 3 1 4 1 3 1 3 3 3 3 2 3 4 1 3 3 4 3
63 0.044972 1 4 1 3 1 3 2 2 3 4 1 3 1 1 1 3 3 2 4 2 4 3 2 2 2 2 1 2 1 3 3 3 3 3 3 4 1 3 3 2 2 1 1 3 3 2 3 3 3 1 1 3 3 4 1 2 2 3 3 3 3 3 1 1 3 3 2 3 1 4 1 3 1 3 3 3 1 2 3 4 3 3 3 4 3
63 0.044972 1 4 1 3 2 3 4 2 3 4 1 3 1 1 1 3 0 0 0 1 4 3 2 2 2 2 1 2 1 3 3 3 3 3 3 2 1 3 3 2 2 1 1 3 3 2 3 3 3 1 1 3 3 4 1 2 2 3 3 3 3 3 1 1 3 3 2 3 1 4 1 3 3 3 3 3 1 2 3 4 3 3 3 2 3
63 0.000663 1 4 1 3 1 3 4 2 3 4 1 3 1 1 1 3 3 2 4 2 2 0 0 0 2 2 1 2 3 3 3 3 3 3 3 2 1 3 3 2 2 1 1 3 3 2 3 3 3 1 1 3 3 4 1 2 2 3 3 3 3 3 1 1 3 3 2 3 1 4 1 3 1 3 3 3 1 2 3 4 3 3 3 4 3
63 0.044972 1 4 1 3 2 3 4 2 3 4 1 3 1 1 1 3 0 0 0 1 4 3 2 2 2 2 1 2 1 3 3 3 3 3 3 2 1 3 3 2 2 1 1 3 3 2 3 3 3 1 1 3 3 4 1 2 2 3 3 3 3 3 1 1 3 3 2 3 1 4 1 3 1 3 3 3 1 2 3 4 3 3 3 4 3
63 0.044972 1 4 1 3 1 3 2 2 3 1 1 3 1 1 1 3 3 2 4 2 2 0 0 0 4 2 1 2 1 3 3 3 1 3 3 2 1 3 3 2 2 1 1 3 1 2 1 1 1 1 1 1 3 4 1 2 2 3 3 3 1 1 1 1 1 1 2 1 1 4 1 1 1 1 1 1 1 2 1 4 3 1 3 4 3
63 0.044972 1 4 1 3 1 3 2 2 3 4 1 3 1 1 1 3 3 2 4 2 4 3 2 2 2 2 1 2 1 3 3 3 3 3 3 2 1 3 3 2 2 1 1 3 3 2 3 3 3 1 1 3 3 4 1 2 2 3 3 3 3 3 1 1 3 3 2 3 1 4 1 3 1 3 3 3 1 2 3 4 3 3 1 4 3
63 0.000663 1 4 1 3 1 3 4 2 3 4 1 3 1 1 1 3 3 2 4 2 2 0 0 0 2 2 1 2 1 1 3 3 3 3 3 2 1 3 3 2 2 1 1 3 3 2 3 3 3 1 1 3 1 4 1 2 2 3 3 3 3 3 1 1 3 3 2 3 1 4 1 3 1 3 3 3 1 2 3 4 3 3 3 4 3
63 0.044972 1 4 1 3 1 3 2 2 3 4 1 3 1 1 1 3 3 2 4 2 4 3 2 2 2 2 1 2 1 3 3 3 3 3 3 2 1 3 3 2 2 1 1 3 3 2 3 3 3 1 1 3 3 4 1 2 4 3 3 3 3 3 1 1 3 3 2 3 1 4 1 3 1 3 3 3 1 2 3 4 3 3 3 4 3
63 0.044972 1 2 1 1 1 3 4 2 3 1 1 3 1 1 1 3 3 2 4 2 2 0 0 0 2 2 1 2 1 3 1 3 3 3 3 2 1 4 3 2 2 1 1 3 3 2 3 3 3 1 1 3 3 4 1 2 2 3 3 3 3 3 1 1 3 3 2 3 1 4 3 3 1 3 3 3 1 2 3 4 3 3 3 4 3
63 0.005307 1 4 1 3 1 3 4 2 3 4 1 3 1 1 1 3 3 2 4 2 2 0 0 0 2 2 1 2 1 3 3 3 3 3 3 2 1 3 3 2 2 1 1 3 3 2 3 3 3 1 1 3 3 4 1 2 2 3 3 3 3 3 1 1 3 3 2 3 1 4 1 3 1 3 3 3 1 2 3 4 3 3 3 4 3
63 0.000663 1 4 1 3 1 3 4 2 3 4 1 3 1 1 1 3 3 2 4 2 2 0 0 0 2 2 1 2 1 3 3 3 3 3 3 2 1 3 3 2 2 1 1 1 3 2 3 3 3 1 1 3 3 4 1 2 2 3 3 3 3 3 1 1 3 3 2 3 1 4 1 3 1 3 3 3 1 2 3 4 3 3 3 4 3
63 0.000663 1 4 1 3 1 3 4 2 0 0 0 0 0 0 2 4 0 0 0 2 2 0 0 0 2 2 1 2 1 3 3 3 3 3 3 2 1 3 3 2 2 1 1 3 3 2 3 3 3 1 1 3 3 4 1 2 2 3 3 3 3 3 1 1 3 3 2 3 1 2 1 3 1 3 3 3 1 2 3 4 3 3 3 4 3
63 0.000663 1 4 1 3 1 3 4 2 3 4 1 3 1 1 1 3 3 2 4 2 2 0 0 0 2 2 1 2 1 3 3 3 3 3 3 2 1 3 3 2 2 1 1 3 3 2 3 3 3 1 0 3 3 4 1 2 2 3 3 1 3 3 3 1 3 3 2 3 1 4 1 3 1 3 3 3 1 2 3 4 3 3 3 4 3
64 0.045137 1 4 4 3 1 3 4 2 3 4 1 3 3 1 1 3 3 2 4 2 2 0 0 0 2 2 1 2 1 3 3 3 3 3 3 2 1 3 3 2 2 1 1 3 3 2 3 3 3 1 1 3 3 4 3 2 2 3 3 3 3 3 1 1 3 3 4 3 1 4 1 3 1 3 3 3 1 2 3 4 3 3 3 4 3
64 0.361099 1 4 1 3 1 3 2 2 3 4 1 3 1 1 1 3 3 2 4 2 4 3 2 2 2 2 1 2 1 3 3 3 3 3 3 2 1 3 3 2 2 1 1 3 3 2 3 3 3 1 1 3 3 4 1 2 2 3 3 3 3 3 1 1 3 3 2 3 1 4 1 3 1 3 3 3 1 2 3 4 3 3 3 4 3
64 0.045137 1 2 1 1 1 3 4 2 3 4 1 3 1 1 1 3 1 2 4 2 2 0 0 0 2 4 1 2 1 3 3 3 3 3 3 2 1 3 3 2 2 1 1 3 3 2 3 3 3 1 1 3 3 4 1 2 2 3 3 3 3 3 1 1 3 3 2 3 0 4 1 3 1 3 3 3 1 2 3 2 3 3 3 4 3
64 0.045137 1 4 1 3 1 3 2 2 3 4 1 3 1 1 1 3 3 2 4 2 4 3 2 2 2 2 1 2 1 3 3 3 3 3 3 2 1 3 3 2 2 1 1 3 3 2 3 3 3 1 1 3 3 4 1 2 2 3 3 3 3 3 1 4 3 3 2 3 1 4 1 3 1 3 3 3 1 2 3 4 3 3 3 4 3
64 0.000436 1 4 1 3 1 3 4 2 3 4 1 3 1 1 1 3 3 2 4 2 2 0 0 0 2 2 1 2 1 3 3 1 3 3 3 2 4 3 0 0 0 3 2 3 3 4 3 3 3 1 1 3 3 4 1 2 2 3 1 3 3 3 1 1 3 3 2 3 1 4 1 3 1 3 3 3 1 2 3 4 3 3 3 4 3
64 0.045137 1 4 1 3 1 3 2 4 3 4 1 3 1 1 1 3 3 2 4 2 4 3 2 2 2 2 1 2 1 3 3 3 3 3 3 2 1 3 3 2 2 1 1 3 3 2 3 3 3 1 1 3 3 4 1 2 2 3 3 3 3 3 1 1 3 3 2 3 1 4 1 3 1 3 3 3 1 2 3 4 3 3 3 4 3
64 0.000436 1 4 1 3 1 1 4 2 3 4 1 3 1 1 1 3 3 2 4 2 2 0 0 0 2 2 1 2 1 3 3 3 3 3 3 2 1 3 3 2 2 1 1 3 3 2 3 3 3 1 1 3 3 4 1 2 2 3 3 3 3 3 1 1 3 3 2 3 1 4 1 3 1 3 3 3 1 2 3 4 3 3 3 4 3
64 0.045137 1 2 1 3 1 3 2 2 3 4 1 3 3 1 1 3 3 2 4 2 2 0 0 0 2 2 3 2 1 3 3 3 3 3 1 2 1 1 3 2 2 1 1 3 3 2 3 3 3 1 1 3 3 4 1 2 2 3 3 3 3 3 1 1 3 3 2 3 1 4 1 3 1 3 3 3 1 2 3 4 3 3 3 4 3
64 0.045137 1 4 1 3 1 3 2 2 3 4 1 3 1 1 1 3 3 2 4 2 4 3 2 2 2 2 1 2 1 3 3 3 3 3 3 2 1 3 3 2 2 1 1 3 3 2 3 3 3 1 1 3 3 2 1 2 2 3 3 3 3 3 1 1 3 3 2 3 1 4 1 3 1 3 3 3 1 2 3 4 3 3 3 4 3
64 0.000436 2 4 1 3 1 3 4 2 3 4 1 3 1 1 1 3 3 2 4 2 2 0 0 0 2 2 1 2 1 3 3 3 3 3 3 2 1 3 3 2 2 1 1 3 3 2 3 3 3 1 1 3 3 4 1 1 2 1 3 3 3 3 1 1 3 3 2 3 1 4 1 3 1 3 3 3 1 1 3 4 3 3 3 4 3
64 0.045137 1 4 1 3 1 3 2 2 3 4 1 3 1 1 1 3 3 2 4 2 4 3 2 2 2 2 1 2 1 3 3 3 3 3 3 2 1 3 3 2 2 1 1 3 3 2 3 3 3 1 1 3 3 4 1 2 2 3 3 3 3 3 1 1 3 3 2 3 1 4 1 3 1 3 3 3 3 2 3 4 1 3 3 4 3
64 0.045137 1 4 1 3 1 3 2 2 3 4 1 3 1 1 1 3 3 2 4 2 4 3 2 2 2 2 1 2 1 3 3 3 3 3 3 4 1 3 3 2 2 1 1 3 3 2 3 3 3 1 1 3 3 4 1 2 2 3 3 3 3 3 1 1 3 3 2 3 1 4 1 3 1 3 3 3 1 2 3 4 3 3 3 4 3
64 0.045137 1 4 1 3 2 3 4 2 3 4 1 3 1 1 1 3 0 0 0 1 4 3 2 2 2 2 1 2 1 3 3 3 3 3 3 2 1 3 3 2 2 1 1 3 3 2 3 3 3 1 1 3 3 4 1 2 2 3 3 3 3 3 1 1 3 3 2 3 1 4 1 3 3 3 3 3 1 2 3 4 3 3 3 2 3
64 0.000436 1 4 1 3 1 3 4 2 3 4 1 3 1 1 1 3 3 2 4 2 2 0 0 0 2 2 1 2 3 3 3 3 3 3 3 2 1 3 3 2 2 1 1 3 3 2 3 3 3 1 1 3 3 4 1 2 2 3 3 3 3 3 1 1 3 3 2 3 1 4 1 3 1 3 3 3 1 2 3 4 3 3 3 4 3
64 0.045137 1 4 1 3 2 3 4 2 3 4 1 3 1 1 1 3 0 0 0 1 4 3 2 2 2 2 1 2 1 3 3 3 3 3 3 2 1 3 3 2 2 1 1 3 3 2 3 3 3 1 1 3 3 4 1 2 2 3 3 3 3 3 1 1 3 3 2 3 1 4 1 3 1 3 3 3 1 2 3 4 3 3 3 4 3
64 0.045137 1 4 1 3 1 3 2 2 3 1 1 3 1 1 1 3 3 2 4 2 2 0 0 0 4 2 1 2 1 3 3 3 1 3 3 2 1 3 3 2 2 1 1 3 1 2 1 1 1 1 1 1 3 4 1 2 2 3 3 3 1 1 1 1 1 1 2 1 1 4 1 1 1 1 1 1 1 2 1 4 3 1 3 4 3
64 0.045137 1 4 1 3 1 3 2 2 3 4 1 3 1 1 1 3 3 2 4 2 4 3 2 2 2 2 1 2 1 3 3 3 3 3 3 2 1 3 3 2 2 1 1 3 3 2 3 3 3 1 1 3 3 4 1 2 2 3 3 3 3 3 1 1 3 3 2 3 1 4 1 3 1 3 3 3 1 2 3 4 3 3 1 4 3
64 0.000436 1 4 1 3 1 3 4 2 3 4 1 3 1 1 1 3 3 2 4 2 2 0 0 0 2 2 1 2 1 1 3 3 3 3 3 2 1 3 3 2 2 1 1 3 3 2 3 3 3 1 1 3 1 4 1 2 2 3 3 3 3 3 1 1 3 3 2 3 1 4 1 3 1 3 3 3 1 2 3 4 3 3 3 4 3
64 0.045137 1 4 1 3 1 3 2 2 3 4 1 3 1 1 1 3 3 2 4 2 4 3 2 2 2 2 1 2 1 3 3 3 3 3 3 2 1 3 3 2 2 1 1 3 3 2 3 3 3 1 1 3 3 4 1 2 4 3 3 3 3 3 1 1 3 3 2 3 1 4 1 3 1 3 3 3 1 2 3 4 3 3 3 4 3
64 0.045137 1 2 1 1 1 3 4 2 3 1 1 3 1 1 1 3 3 2 4 2 2 0 0 0 2 2 1 2 1 3 1 3 3 3 3 2 1 4 3 2 2 1 1 3 3 2 3 3 3 1 1 3 3 4 1 2 2 3 3 3 3 3 1 1 3 3 2 3 1 4 3 3 1 3 3 3 1 2 3 4 3 3 3 4 3
64 0.003489 1 4 1 3 1 3 4 2 3 4 1 3 1 1 1 3 3 2 4 2 2 0 0 0 2 2 1 2 1 3 3 3 3 3 3 2 1 3 3 2 2 1 1 3 3 2 3 3 3 1 1 3 3 4 1 2 2 3 3 3 3 3 1 1 3 3 2 3 1 4 1 3 1 3 3 3 1 2 3 4 3 3 3 4 3
64 0.000436 1 4 1 3 1 3 4 2 3 4 1 3 1 1 1 3 3 2 4 2 2 0 0 0 2 2 1 2 1 3 3 3 3 3 3 2 1 3 3 2 2 1 1 1 3 2 3 3 3 1 1 3 3 4 1 2 2 3 3 3 3 3 1 1 3 3 2 3 1 4 1 3 1 3 3 3 1 2 3 4 3 3 3 4 3
64 0.000436 1 4 1 3 1 3 4 2 0 0 0 0 0 0 2 4 0 0 0 2 2 0 0 0 2 2 1 2 1 3 3 3 3 3 3 2 1 3 3 2 2 1 1 3 3 2 3 3 3 1 1 3 3 4 1 2 2 3 3 3 3 3 1 1 3 3 2 3 1 2 1 3 1 3 3 3 1 2 3 4 3 3 3 4 3
64 0.000436 1 4 1 3 1 3 4 2 3 4 1 3 1 1 1 3 3 2 4 2 2 0 0 0 2 2 1 2 1 3 3 3 3 3 3 2 1 3 3 2 2 1 1 3 3 2 3 3 3 1 0 3 3 4 1 2 2 3 3 1 3 3 3 1 3 3 2 3 1 4 1 3 1 3 3 3 1 2 3 4 3 3 3 4 3
65 0.045268 1 4 4 3 1 3 4 2 3 4 1 3 3 1 1 3 3 2 4 2 2 0 0 0 2 2 1 2 1 3 3 3 3 3 3 2 1 3 3 2 2 1 1 3 3 2 3 3 3 1 1 3 3 4 3 2 2 3 3 3 3 3 1 1 3 3 4 3 1 4 1 3 1 3 3 3 1 2 3 4 3 3 3 4 3
65 0.362148 1 4 1 3 1 3 2 2 3 4 1 3 1 1 1 3 3 2 4 2 4 3 2 2 2 2 1 2 1 3 3 3 3 3 3 2 1 3 3 2 2 1 1 3 3 2 3 3 3 1 1 3 3 4 1 2 2 3 3 3 3 3 1 1 3 3 2 3 1 4 1 3 1 3 3 3 1 2 3 4 3 3 3 4 3
65 0.045268 1 2 1 1 1 3 4 2 3 4 1 3 1 1 1 3 1 2 4 2 2 0 0 0 2 4 1 2 1 3 3 3 3 3 3 2 1 3 3 2 2 1 1 3 3 2 3 3 3 1 1 3 3 4 1 2 2 3 3 3 3 3 1 1 3 3 2 3 0 4 1 3 1 3 3 3 1 2 3 2 3 3 3 4 3
65 0.045268 1 4 1 3 1 3 2 2 3 4 1 3 1 1 1 3 3 2 4 2 4 3 2 2 2 2 1 2 1 3 3 3 3 3 3 2 1 3 3 2 2 1 1 3 3 2 3 3 3 1 1 3 3 4 1 2 2 3 3 3 3 3 1 4 3 3 2 3 1 4 1 3 1 3 3 3 1 2 3 4 3 3 3 4 3
65 0.000256 1 4 1 3 1 3 4 2 3 4 1 3 1 1 1 3 3 2 4 2 2 0 0 0 2 2 1 2 1 3 3 1 3 3 3 2 4 3 0 0 0 3 2 3 3 4 3 3 3 1 1 3 3 4 1 2 2 3 1 3 3 3 1 1 3 3 2 3 1 4 1 3 1 3 3 3 1 2 3 4 3 3 3 4 3
65 0.045268 1 4 1 3 1 3 2 4 3 4 1 3 1 1 1 3 3 2 4 2 4 3 2 2 2 2 1 2 1 3 3 3 3 3 3 2 1 3 3 2 2 1 1 3 3 2 3 3 3 1 1 3 3 4 1 2 2 3 3 3 3 3 1 1 3 3 2 3 1 4 1 3 1 3 3 3 1 2 3 4 3 3 3 4 3
65 0.000256 1 4 1 3 1 1 4 2 3 4 1 3 1 1 1 3 3 2 4 2 2 0 0 0 2 2 1 2 1 3 3 3 3 3 3 2 1 3 3 2 2 1 1 3 3 2 3 3 3 1 1 3 3 4 1 2 2 3 3 3 3 3 1 1 3 3 2 3 1 4 1 3 1 3 3 3 1 2 3 4 3 3 3 4 3
65 0.045268 1 2 1 3 1 3 2 2 3 4 1 3 3 1 1 3 3 2 4 2 2 0 0 0 2 2 3 2 1 3 3 3 3 3 1 2 1 1 3 2 2 1 1 3 3 2 3 3 3 1 1 3 3 4 1 2 2 3 3 3 3 3 1 1 3 3 2 3 1 4 1 3 1 3 3 3 1 2 3 4 3 3 3 4 3
65 0.045268 1 4 1 3 1 3 2 2 3 4 1 3 1 1 1 3 3 2 4 2 4 3 2 2 2 2 1 2 1 3 3 3 3 3 3 2 1 3 3 2 2 1 1 3 3 2 3 3 3 1 1 3 3 2 1 2 2 3 3 3 3 3 1 1 3 3 2 3 1 4 1 3 1 3 3 3 1 2 3 4 3 3 3 4 3
65 0.000256 2 4 1 3 1 3 4 2 3 4 1 3 1 1 1 3 3 2 4 2 2 0 0 0 2 2 1 2 1 3 3 3 3 3 3 2 1 3 3 2 2 1 1 3 3 2 3 3 3 1 1 3 3 4 1 1 2 1 3 3 3 3 1 1 3 3 2 3 1 4 1 3 1 3 3 3 1 1 3 4 3 3 3 4 3
65 0.045268 1 4 1 3 1 3 2 2 3 4 1 3 1 1 1 3 3 2 4 2 4 3 2 2 2 2 1 2 1 3 3 3 3 3 3 2 1 3 3 2 2 1 1 3 3 2 3 3 3 1 1 3 3 4 1 2 2 3 3 3 3 3 1 1 3 3 2 3 1 4 1 3 1 3 3 3 3 2 3 4 1 3 3 4 3
65 0.045268 1 4 1 3 1 3 2 2 3 4 1 3 1 1 1 3 3 2 4 2 4 3 2 2 2 2 1 2 1 3 3 3 3 3 3 4 1 3 3 2 2 1 1 3 3 2 3 3 3 1 1 3 3 4 1 2 2 3 3 3 3 3 1 1 3 3 2 3 1 4 1 3 1 3 3 3 1 2 3 4 3 3 3 4 3
65 0.045268 1 4 1 3 2 3 4 2 3 4 1 3 1 1 1 3 0 0 0 1 4 3 2 2 2 2 1 2 1 3 3 3 3 3 3 2 1 3 3 2 2 1 1 3 3 2 3 3 3 1 1 3 3 4 1 2 2 3 3 3 3 3 1 1 3 3 2 3 1 4 1 3 3 3 3 3 1 2 3 4 3 3 3 2 3
65 0.000256 1 4 1 3 1 3 4 2 3 4 1 3 1 1 1 3 3 2 4 2 2 0 0 0 2 2 1 2 3 3 3 3 3 3 3 2 1 3 3 2 2 1 1 3 3 2 3 3 3 1 1 3 3 4 1 2 2 3 3 3 3 3 1 1 3 3 2 3 1 4 1 3 1 3 3 3 1 2 3 4 3 3 3 4 3
65 0.045268 1 4 1 3 2 3 4 2 3 4 1 3 1 1 1 3 0 0 0 1 4 3 2 2 2 2 1 2 1 3 3 3 3 3 3 2 1 3 3 2 2 1 1 3 3 2 3 3 3 1 1 3 3 4 1 2 2 3 3 3 3 3 1 1 3 3 2 3 1 4 1 3 1 3 3 3 1 2 3 4 3 3 3 4 3
65 0.045268 1 4 1 3 1 3 2 2 3 1 1 3 1 1 1 3 3 2 4 2 2 0 0 0 4 2 1 2 1 3 3 3 1 3 3 2 1 3 3 2 2 1 1 3 1 2 1 1 1 1 1 1 3 4 1 2 2 3 3 3 1 1 1 1 1 1 2 1 1 4 1 1 1 1 1 1 1 2 1 4 3 1 3 4 3
65 0.045268 1 4 1 3 1 3 2 2 3 4 1 3 1 1 1 3 3 2 4 2 4 3 2 2 2 2 1 2 1 3 3 3 3 3 3 2 1 3 3 2 2 1 1 3 3 2 3 3 3 1 1 3 3 4 1 2 2 3 3 3 3 3 1 1 3 3 2 3 1 4 1 3 1 3 3 3 1 2 3 4 3 3 1 4 3
65 0.000256 1 4 1 3 1 3 4 2 3 4 1 3 1 1 1 3 3 2 4 2 2 0 0 0 2 2 1 2 1 1 3 3 3 3 3 2 1 3 3 2 2 1 1 3 3 2 3 3 3 1 1 3 1 4 1 2 2 3 3 3 3 3 1 1 3 3 2 3 1 4 1 3 1 3 3 3 1 2 3 4 3 3 3 4 3
65 0.045268 1 4 1 3 1 3 2 2 3 4 1 3 1 1 1 3 3 2 4 2 4 3 2 2 2 2 1 2 1 3 3 3 3 3 3 2 1 3 3 2 2 1 1 3 3 2 3 3 3 1 1 3 3 4 1 2 4 3 3 3 3 3 1 1 3 3 2 3 1 4 1 3 1 3 3 3 1 2 3 4 3 3 3 4 3
65 0.045268 1 2 1 1 1 3 4 2 3 1 1 3 1 1 1 3 3 2 4 2 2 0 0 0 2 2 1 2 1 3 1 3 3 3 3 2 1 4 3 2 2 1 1 3 3 2 3 3 3 1 1 3 3 4 1 2 2 3 3 3 3 3 1 1 3 3 2 3 1 4 3 3 1 3 3 3 1 2 3 4 3 3 3 4 3
65 0.002047 1 4 1 3 1 3 4 2 3 4 1 3 1 1 1 3 3 2 4 2 2 0 0 0 2 2 1 2 1 3 3 3 3 3 3 2 1 3 3 2 2 1 1 3 3 2 3 3 3 1 1 3 3 4 1 2 2 3 3 3 3 3 1 1 3 3 2 3 1 4 1 3 1 3 3 3 1 2 3 4 3 3 3 4 3
65 0.000256 1 4 1 3 1 3 4 2 3 4 1 3 1 1 1 3 3 2 4 2 2 0 0 0 2 2 1 2 1 3 3 3 3 3 3 2 1 3 3 2 2 1 1 1 3 2 3 3 3 1 1 3 3 4 1 2 2 3 3 3 3 3 1 1 3 3 2 3 1 4 1 3 1 3 3 3 1 2 3 4 3 3 3 4 3
65 0.000256 1 4 1 3 1 3 4 2 0 0 0 0 0 0 2 4 0 0 0 2 2 0 0 0 2 2 1 2 1 3 3 3 3 3 3 2 1 3 3 2 2 1 1 3 3 2 3 3 3 1 1 3 3 4 1 2 2 3 3 3 3 3 1 1 3 3 2 3 1 2 1 3 1 3 3 3 1 2 3 4 3 3 3 4 3
65 0.000256 1 4 1 3 1 3 4 2 3 4 1 3 1 1 1 3 3 2 4 2 2 0 0 0 2 2 1 2 1 3 3 3 3 3 3 2 1 3 3 2 2 1 1 3 3 2 3 3 3 1 0 3 3 4 1 2 2 3 3 1 3 3 3 1 3 3 2 3 1 4 1 3 1 3 3 3 1 2 3 4 3 3 3 4 3
66 0.045372 1 4 4 3 1 3 4 2 3 4 1 3 3 1 1 3 3 2 4 2 2 0 0 0 2 2 1 2 1 3 3 3 3 3 3 2 1 3 3 2 2 1 1 3 3 2 3 3 3 1 1 3 3 4 3 2 2 3 3 3 3 3 1 1 3 3 4 3 1 4 1 3 1 3 3 3 1 2 3 4 3 3 3 4 3
66 0.362979 1 4 1 3 1 3 2 2 3 4 1 3 1 1 1 3 3 2 4 2 4 3 2 2 2 2 1 2 1 3 3 3 3 3 3 2 1 3 3 2 2 1 1 3 3 2 3 3 3 1 1 3 3 4 1 2 2 3 3 3 3 3 1 1 3 3 2 3 1 4 1 3 1 3 3 3 1 2 3 4 3 3 3 4 3
66 0.045372 1 2 1 1 1 3 4 2 3 4 1 3 1 1 1 3 1 2 4 2 2 0 0 0 2 4 1 2 1 3 3 3 3 3 3 2 1 3 3 2 2 1 1 3 3 2 3 3 3 1 1 3 3 4 1 2 2 3 3 3 3 3 1 1 3 3 2 3 0 4 1 3 1 3 3 3 1 2 3 2 3 3 3 4 3
66 0.045372 1 4 1 3 1 3 2 2 3 4 1 3 1 1 1 3 3 2 4 2 4 3 2 2 2 2 1 2 1 3 3 3 3 3 3 2 1 3 3 2 2 1 1 3 3 2 3 3 3 1 1 3 3 4 1 2 2 3 3 3 3 3 1 4 3 3 2 3 1 4 1 3 1 3 3 3 1 2 3 4 3 3 3 4 3
66 0.000113 1 4 1 3 1 3 4 2 3 4 1 3 1 1 1 3 3 2 4 2 2 0 0 0 2 2 1 2 1 3 3 1 3 3 3 2 4 3 0 0 0 3 2 3 3 4 3 3 3 1 1 3 3 4 1 2 2 3 1 3 3 3 1 1 3 3 2 3 1 4 1 3 1 3 3 3 1 2 3 4 3 3 3 4 3
66 0.045372 1 4 1 3 1 3 2 4 3 4 1 3 1 1 1 3 3 2 4 2 4 3 2 2 2 2 1 2 1 3 3 3 3 3 3 2 1 3 3 2 2 1 1 3 3 2 3 3 3 1 1 3 3 4 1 2 2 3 3 3 3 3 1 1 3 3 2 3 1 4 1 3 1 3 3 3 1 2 3 4 3 3 3 4 3
66 0.000113 1 4 1 3 1 1 4 2 3 4 1 3 1 1 1 3 3 2 4 2 2 0 0 0 2 2 1 2 1 3 3 3 3 3 3 2 1 3 3 2 2 1 1 3 3 2 3 3 3 1 1 3 3 4 1 2 2 3 3 3 3 3 1 1 3 3 2 3 1 4 1 3 1 3 3 3 1 2 3 4 3 3 3 4 3
66 0.045372 1 2 1 3 1 3 2 2 3 4 1 3 3 1 1 3 3 2 4 2 2 0 0 0 2 2 3 2 1 3 3 3 3 3 1 2 1 1 3 2 2 1 1 3 3 2 3 3 3 1 1 3 3 4 1 2 2 3 3 3 3 3 1 1 3 3 2 3 1 4 1 3 1 3 3 3 1 2 3 4 3 3 3 4 3
66 0.045372 1 4 1 3 1 3 2 2 3 4 1 3 1 1 1 3 3 2 4 2 4 3 2 2 2 2 1 2 1 3 3 3 3 3 3 2 1 3 3 2 2 1 1 3 3 2 3 3 3 1 1 3 3 2 1 2 2 3 3 3 3 3 1 1 3 3 2 3 1 4 1 3 1 3 3 3 1 2 3 4 3 3 3 4 3
66 0.000113 2 4 1 3 1 3 4 2 3 4 1 3 1 1 1 3 3 2 4 2 2 0 0 0 2 2 1 2 1 3 3 3 3 3 3 2 1 3 3 2 2 1 1 3 3 2 3 3 3 1 1 3 3 4 1 1 2 1 3 3 3 3 1 1 3 3 2 3 1 4 1 3 1 3 3 3 1 1 3 4 3 3 3 4 3
66 0.045372 1 4 1 3 1 3 2 2 3 4 1 3 1 1 1 3 3 2 4 2 4 3 2 2 2 2 1 2 1 3 3 3 3 3 3 2 1 3 3 2 2 1 1 3 3 2 3 3 3 1 1 3 3 4 1 2 2 3 3 3 3 3 1 1 3 3 2 3 1 4 1 3 1 3 3 3 3 2 3 4 1 3 3 4 3
66 0.045372 1 4 1 3 1 3 2 2 3 4 1 3 1 1 1 3 3 2 4 2 4 3 2 2 2 2 1 2 1 3 3 3 3 3 3 4 1 3 3 2 2 1 1 3 3 2 3 3 3 1 1 3 3 4 1 2 2 3 3 3 3 3 1 1 3 3 2 3 1 4 1 3 1 3 3 3 1 2 3 4 3 3 3 4 3
66 0.045372 1 4 1 3 2 3 4 2 3 4 1 3 1 1 1 3 0 0 0 1 4 3 2 2 2 2 1 2 1 3 3 3 3 3 3 2 1 3 3 2 2 1 1 3 3 2 3 3 3 1 1 3 3 4 1 2 2 3 3 3 3 3 1 1 3 3 2 3 1 4 1 3 3 3 3 3 1 2 3 4 3 3 3 2 3
66 0.000113 1 4 1 3 1 3 4 2 3 4 1 3 1 1 1 3 3 2 4 2 2 0 0 0 2 2 1 2 3 3 3 3 3 3 3 2 1 3 3 2 2 1 1 3 3 2 3 3 3 1 1 3 3 4 1 2 2 3 3 3 3 3 1 1 3 3 2 3 1 4 1 3 1 3 3 3 1 2 3 4 3 3 3 4 3
66 0.045372 1 4 1 3 2 3 4 2 3 4 1 3 1 1 1 3 0 0 0 1 4 3 2 2 2 2 1 2 1 3 3 3 3 3 3 2 1 3 3 2 2 1 1 3 3 2 3 3 3 1 1 3 3 4 1 2 2 3 3 3 3 3 1 1 3 3 2 3 1 4 1 3 1 3 3 3 1 2 3 4 3 3 3 4 3
66 0.045372 1 4 1 3 1 3 2 2 3 1 1 3 1 1 1 3 3 2 4 2 2 0 0 0 4 2 1 2 1 3 3 3 1 3 3 2 1 3 3 2 2 1 1 3 1 2 1 1 1 1 1 1 3 4 1 2 2 3 3 3 1 1 1 1 1 1 2 1 1 4 1 1 1 1 1 1 1 2 1 4 3 1 3 4 3
66 0.045372 1 4 1 3 1 3 2 2 3 4 1 3 1 1 1 3 3 2 4 2 4 3 2 2 2 2 1 2 1 3 3 3 3 3 3 2 1 3 3 2 2 1 1 3 3 2 3 3 3 1 1 3 3 4 1 2 2 3 3 3 3 3 1 1 3 3 2 3 1 4 1 3 1 3 3 3 1 2 3 4 3 3 1 4 3
66 0.000113 1 4 1 3 1 3 4 2 3 4 1 3 1 1 1 3 3 2 4 2 2 0 0 0 2 2 1 2 1 1 3 3 3 3 3 2 1 3 3 2 2 1 1 3 3 2 3 3 3 1 1 3 1 4 1 2 2 3 3 3 3 3 1 1 3 3 2 3 1 4 1 3 1 3 3 3 1 2 3 4 3 3 3 4 3
66 0.045372 1 4 1 3 1 3 2 2 3 4 1 3 1 1 1 3 3 2 4 2 4 3 2 2 2 2 1 2 1 3 3 3 3 3 3 2 1 3 3 2 2 1 1 3 3 2 3 3 3 1 1 3 3 4 1 2 4 3 3 3 3 3 1 1 3 3 2 3 1 4 1 3 1 3 3 3 1 2 3 4 3 3 3 4 3
66 0.045372 1 2 1 1 1 3 4 2 3 1 1 3 1 1 1 3 3 2 4 2 2 0 0 0 2 2 1 2 1 3 1 3 3 3 3 2 1 4 3 2 2 1 1 3 3 2 3 3 3 1 1 3 3 4 1 2 2 3 3 3 3 3 1 1 3 3 2 3 1 4 3 3 1 3 3 3 1 2 3 4 3 3 3 4 3
66 0.000904 1 4 1 3 1 3 4 2 3 4 1 3 1 1 1 3 3 2 4 2 2 0 0 0 2 2 1 2 1 3 3 3 3 3 3 2 1 3 3 2 2 1 1 3 3 2 3 3 3 1 1 3 3 4 1 2 2 3 3 3 3 3 1 1 3 3 2 3 1 4 1 3 1 3 3 3 1 2 3 4 3 3 3 4 3
66 0.000113 1 4 1 3 1 3 4 2 3 4 1 3 1 1 1 3 3 2 4 2 2 0 0 0 2 2 1 2 1 3 3 3 3 3 3 2 1 3 3 2 2 1 1 1 3 2 3 3 3 1 1 3 3 4 1 2 2 3 3 3 3 3 1 1 3 3 2 3 1 4 1 3 1 3 3 3 1 2 3 4 3 3 3 4 3
66 0.000113 1 4 1 3 1 3 4 2 0 0 0 0 0 0 2 4 0 0 0 2 2 0 0 0 2 2 1 2 1 3 3 3 3 3 3 2 1 3 3 2 2 1 1 3 3 2 3 3 3 1 1 3 3 4 1 2 2 3 3 3 3 3 1 1 3 3 2 3 1 2 1 3 1 3 3 3 1 2 3 4 3 3 3 4 3
66 0.000113 1 4 1 3 1 3 4 2 3 4 1 3 1 1 1 3 3 2 4 2 2 0 0 0 2 2 1 2 1 3 3 3 3 3 3 2 1 3 3 2 2 1 1 3 3 2 3 3 3 1 0 3 3 4 1 2 2 3 3 1 3 3 3 1 3 3 2 3 1 4 1 3 1 3 3 3 1 2 3 4 3 3 3 4 3
67 0.363636 1 4 1 3 1 3 2 2 3 4 1 3 1 1 1 3 3 2 4 2 4 3 2 2 2 2 1 2 1 3 3 3 3 3 3 2 1 3 3 2 2 1 1 3 3 2 3 3 3 1 1 3 3 4 1 2 2 3 3 3 3 3 1 1 3 3 2 3 1 4 1 3 1 3 3 3 1 2 3 4 3 3 3 4 3
67 0.045455 1 4 1 3 2 3 4 2 3 4 1 3 1 1 1 3 0 0 0 1 4 3 2 2 2 2 1 2 1 3 3 3 3 3 3 2 1 3 3 2 2 1 1 3 3 2 3 3 3 1 1 3 3 4 1 2 2 3 3 3 3 3 1 1 3 3 2 3 1 4 1 3 3 3 3 3 1 2 3 4 3 3 3 2 3
67 0.045455 1 4 4 3 1 3 4 2 3 4 1 3 3 1 1 3 3 2 4 2 2 0 0 0 2 2 1 2 1 3 3 3 3 3 3 2 1 3 3 2 2 1 1 3 3 2 3 3 3 1 1 3 3 4 3 2 2 3 3 3 3 3 1 1 3 3 4 3 1 4 1 3 1 3 3 3 1 2 3 4 3 3 3 4 3
67 0.045455 1 4 1 3 1 3 2 2 3 4 1 3 1 1 1 3 3 2 4 2 4 3 2 2 2 2 1 2 1 3 3 3 3 3 3 2 1 3 3 2 2 1 1 3 3 2 3 3 3 1 1 3 3 4 1 2 2 3 3 3 3 3 1 1 3 3 2 3 1 4 1 3 1 3 3 3 1 2 3 4 3 3 1 4 3
67 0.045455 1 4 1 3 2 3 4 2 3 4 1 3 1 1 1 3 0 0 0 1 4 3 2 2 2 2 1 2 1 3 3 3 3 3 3 2 1 3 3 2 2 1 1 3 3 2 3 3 3 1 1 3 3 4 1 2 2 3 3 3 3 3 1 1 3 3 2 3 1 4 1 3 1 3 3 3 1 2 3 4 3 3 3 4 3
67 0.045455 1 4 1 3 1 3 2 4 3 4 1 3 1 1 1 3 3 2 4 2 4 3 2 2 2 2 1 2 1 3 3 3 3 3 3 2 1 3 3 2 2 1 1 3 3 2 3 3 3 1 1 3 3 4 1 2 2 3 3 3 3 3 1 1 3 3 2 3 1 4 1 3 1 3 3 3 1 2 3 4 3 3 3 4 3
67 0.045455 1 4 1 3 1 3 2 2 3 4 1 3 1 1 1 3 3 2 4 2 4 3 2 2 2 2 1 2 1 3 3 3 3 3 3 2 1 3 3 2 2 1 1 3 3 2 3 3 3 1 1 3 3 4 1 2 2 3 3 3 3 3 1 1 3 3 2 3 1 4 1 3 1 3 3 3 3 2 3 4 1 3 3 4 3
67 0.045455 1 2 1 1 1 3 4 2 3 1 1 3 1 1 1 3 3 2 4 2 2 0 0 0 2 2 1 2 1 3 1 3 3 3 3 2 1 4 3 2 2 1 1 3 3 2 3 3 3 1 1 3 3 4 1 2 2 3 3 3 3 3 1 1 3 3 2 3 1 4 3 3 1 3 3 3 1 2 3 4 3 3 3 4 3
67 0.045455 1 4 1 3 1 3 2 2 3 1 1 3 1 1 1 3 3 2 4 2 2 0 0 0 4 2 1 2 1 3 3 3 1 3 3 2 1 3 3 2 2 1 1 3 1 2 1 1 1 1 1 1 3 4 1 2 2 3 3 3 1 1 1 1 1 1 2 1 1 4 1 1 1 1 1 1 1 2 1 4 3 1 3 4 3
67 0.045455 1 4 1 3 1 3 2 2 3 4 1 3 1 1 1 3 3 2 4 2 4 3 2 2 2 2 1 2 1 3 3 3 3 3 3 2 1 3 3 2 2 1 1 3 3 2 3 3 3 1 1 3 3 4 1 2 4 3 3 3 3 3 1 1 3 3 2 3 1 4 1 3 1 3 3 3 1 2 3 4 3 3 3 4 3
67 0.045455 1 4 1 3 1 3 2 2 3 4 1 3 1 1 1 3 3 2 4 2 4 3 2 2 2 2 1 2 1 3 3 3 3 3 3 2 1 3 3 2 2 1 1 3 3 2 3 3 3 1 1 3 3 4 1 2 2 3 3 3 3 3 1 4 3 3 2 3 1 4 1 3 1 3 3 3 1 2 3 4 3 3 3 4 3
67 0.045455 1 4 1 3 1 3 2 2 3 4 1 3 1 1 1 3 3 2 4 2 4 3 2 2 2 2 1 2 1 3 3 3 3 3 3 2 1 3 3 2 2 1 1 3 3 2 3 3 3 1 1 3 3 2 1 2 2 3 3 3 3 3 1 1 3 3 2 3 1 4 1 3 1 3 3 3 1 2 3 4 3 3 3 4 3
67 0.045455 1 2 1 3 1 3 2 2 3 4 1 3 3 1 1 3 3 2 4 2 2 0 0 0 2 2 3 2 1 3 3 3 3 3 1 2 1 1 3 2 2 1 1 3 3 2 3 3 3 1 1 3 3 4 1 2 2 3 3 3 3 3 1 1 3 3 2 3 1 4 1 3 1 3 3 3 1 2 3 4 3 3 3 4 3
67 0.045455 1 2 1 1 1 3 4 2 3 4 1 3 1 1 1 3 1 2 4 2 2 0 0 0 2 4 1 2 1 3 3 3 3 3 3 2 1 3 3 2 2 1 1 3 3 2 3 3 3 1 1 3 3 4 1 2 2 3 3 3 3 3 1 1 3 3 2 3 0 4 1 3 1 3 3 3 1 2 3 2 3 3 3 4 3
67 0.045455 1 4 1 3 1 3 2 2 3 4 1 3 1 1 1 3 3 2 4 2 4 3 2 2 2 2 1 2 1 3 3 3 3 3 3 4 1 3 3 2 2 1 1 3 3 2 3 3 3 1 1 3 3 4 1 2 2 3 3 3 3 3 1 1 3 3 2 3 1 4 1 3 1 3 3 3 1 2 3 4 3 3 3 4 3
