trajectory,ns,dt,sc_0,sc_1,sc_2,sc_3,sc_4,sc_5,sc_6,sc_7,sc_8,sc_9,sc_10,sc_11,sc_12,sc_13,sc_14,sc_15
0,1000,1,0.025354285783461685,0.029234676685180917,0.025193150357025212,0.021031188071388422,0.003775082214737014,0.00016734086458657907,-0.006926078344974431,0.016682604077101013,0.0009929779351601946,-0.003185431060076017,-0.003938862618676613,-0.00041027003737143745,-0.00534825750940819,-0.019223607126187082,-0.03289228651162915,-0.011333422577821427
0,1000,10,0.024974799484276704,0.02960815422401662,0.021350066770280667,0.017975112687086896,0.004872495459332149,0.001926566179273546,-0.004922493336677377,0.0056064655458016015,-0.004178541103868342,0.00014374746046873145,-0.0005741496673229761,0.00017227944744078143,-0.00839351426998621,-0.019249114019696187,-0.029764564451942508,-0.011430215323535865
0,1000,20,0.023919159030921008,0.026383813211774566,0.020993257343723787,0.017535617105506066,0.004628771053254405,0.0024611159366133115,-0.0037237362677239533,0.005378985354087965,-0.0034363332310243786,-0.00022479488619983178,-0.0008064336342388185,0.0006509619144390358,-0.007602103856622441,-0.016569824880074274,-0.028052937458464867,-0.011027616039643818
0,1000,random,0.01905341980281627,0.01829210989709789,0.01953098932992556,0.012453753196899661,0.0018944268567251212,0.004717001885128043,-0.0067892232130768735,0.016178780382425106,-0.002787291453462592,0.004288580845300839,0.004524713289939502,0.005231725583760251,-0.013011908244667717,-0.007944069265791108,-0.026395322022431316,-0.01074712251790599
0,100,1,0.022429414693767996,0.026633454193062095,0.01878381077556259,0.021494622950323374,0.009206038177732375,0.0025969555360546227,-0.0013915641258739145,0.004022188630217716,-0.012088580546252841,-0.0025248528763612446,-0.0013261291262849245,0.003396471172772733,-0.008203209954925123,-0.01374259929814844,-0.03597087496928232,-0.008366761836257584
0,100,10,0.02404788816653211,0.028081736423157155,0.021575366072998082,0.02208880410270194,0.004652109847692117,0.0018713613893299886,-0.006219425351491286,0.006331229336296038,-0.004909629522210874,6.272820033451474e-05,-0.0017051888025258223,-0.0002467820395974572,-0.00949266833080454,-0.017345941892742328,-0.03451803281680037,-0.009461430586700228
0,100,20,0.021755589336238956,0.023728928568285197,0.022227562003244734,0.022014540395171766,0.004070511118508419,0.0027785590299496486,-0.005242129034721518,0.004352678858189833,-0.004710935791051626,-0.0007629373575387745,-0.0029728488705445563,1.4548813870390942e-05,-0.011298922065541242,-0.014287156375035737,-0.031547727580883915,-0.007913408032727876
0,100,random,0.01764499776364598,0.015401441866583963,0.020179605111189304,0.014923960431279484,0.005340858564673695,0.0077477187556024936,-0.005715468511672204,0.01242035786700391,-0.003261222604409719,0.003952992894992687,0.004939391435664082,0.003857314397827743,-0.014654889429627468,-0.009982118919993467,-0.03313268008211299,-0.018235872237058436
0,50,1,0.021847616784821725,0.02456839014475316,0.01736427050576302,0.016783338953210263,-0.0032381805637381536,0.011095220991723673,-0.004017834178393488,-0.009977282439628072,-0.004457073134203787,0.002627800378228193,-0.0075857265651453655,-0.001697927737876101,-0.010727665408020382,-0.017793695614562847,-0.02534829859485333,-0.011665247340231248
0,50,10,0.026267160017331946,0.03136251805935827,0.020073028434366775,0.018241074023448916,0.0014621145140446359,0.0013651240856398983,-0.005825191226288884,0.009017762484693421,0.0022574301305172207,0.001588005378138371,-0.003229597563812813,-0.0014254164959814728,-0.007619958899830618,-0.021274701033638765,-0.03221274466465057,-0.012685123696297915
0,50,20,0.027014544939567717,0.026536598562334073,0.02051579026472021,0.018300765004824873,-0.0008999006514737874,0.003676569238976289,-0.0031871290151667116,-0.0003446440504983616,0.003117689079718385,0.00030724723407241696,-0.0048344786102857236,0.0018686321888519047,-0.009763736689311324,-0.01836416780750186,-0.028083237130786053,-0.009363954206286678
0,50,random,0.014930313798242017,0.009243842631486832,0.019758990661147804,0.015668832091031277,-0.00037187973003472205,0.007351544955833067,-0.012978788404443836,0.012367798836313356,0.007005647333005565,-0.003705749682289976,0.0036540345610550965,0.0020849083258870837,-0.013715112178975197,-0.009612754650298157,-0.02840442895470883,-0.012788600421782372
1,1000,1,0.012146534078123253,0.014867590118394025,0.005330637428298531,0.014985903497260016,-0.0032835101730202946,0.0006690575513834444,-0.0029500696142907945,0.003081769884042275,0.002283157265227894,-0.00011414799581899694,0.008067819693792102,-0.007518291216646972,-0.019294427080849823,-0.037601308222327275,-0.01257609243176241,-0.008674431670144174
1,1000,10,0.008021862585873948,0.015848174853398008,0.0024858442335112447,0.014532676259500598,-0.00033752842811835335,-0.0028796812542373294,0.001286565687824663,-0.0011400679902285073,0.0023423614707448683,0.000902980170933938,0.006192026221113653,-0.006421147803298486,-0.02384195686418325,-0.03246272165488738,-0.022604608135232337,-0.014506980553100795
1,1000,20,0.008178128248887454,0.01414103741076938,0.003377700908337467,0.013160670288270306,-0.0013227736016325107,-0.003986326143230479,0.001180184742319314,-0.0006762313346766292,0.0025780720598360227,7.165037816498028e-05,0.007290581660346763,-0.007333720136089805,-0.024559339820381606,-0.03359925439619501,-0.02241385827023772,-0.014032898529474756
1,1000,random,0.005743606024951919,0.00687016114043373,0.0014584917103845113,0.011378588248637297,-0.0014624226071854748,-0.008547627112602188,-0.002885034444266246,0.005584213322545498,0.003339401137128944,-0.001401683347063984,0.005832800254074532,-0.00645093446024115,-0.030411359036225268,-0.02064098862681805,-0.021177113885424526,-0.021948338739215496
1,100,1,0.008481250530414843,0.013973251669770953,-0.00260006072587952,0.01896061618549485,-0.0006055932720341996,-0.004160323407314875,0.00045678466796460475,-0.00036803566352037423,0.0011671802356824103,-0.008918463877123205,0.006187032436240561,-0.002338379089749722,-0.031896892690096976,-0.019060977354591703,-0.02375880109842919,-0.014967786290806384
1,100,10,0.008863843463586315,0.015278727272189726,0.0013744621430281188,0.0164118304171282,9.969396193377993e-05,-0.0028369050408002484,0.0010388203060066295,-0.0011845621741820357,0.0034486049000530096,-0.0010083340032106562,0.007824714212353315,-0.0056929102566641195,-0.024969345020059486,-0.02924297215105423,-0.023372238955207805,-0.015297292793650481
1,100,20,0.008448421418432092,0.015210625685207521,0.002475478643550179,0.013829318804082396,-0.0017075971700261292,-0.003092977456862659,0.0021765346437843448,-0.0008191601991141892,0.00442298036478672,-0.001485243854975797,0.008884642708778272,-0.007514790838051398,-0.025666586212464215,-0.03474597585609212,-0.023861038720137222,-0.014090114210252217
1,100,random,0.0010635818348773093,0.014150067577623375,-0.007023314279325461,0.009680912784115552,0.001619543183310437,-0.011360377682976566,-0.0004042661037953947,0.0058940975315376,0.004505163406913554,-0.0015942598610560969,0.008318613277242473,0.0031915377848796785,-0.03533379871613988,-0.031142881788377662,-0.02353858016915309,-0.019687974706554902
1,50,1,0.010850305005674545,0.021139301520969475,0.004340387153641578,0.025732438104857806,0.006328583685139557,-0.006111587077058914,0.006860060133723591,-0.0026304715975454074,0.0008970274020945924,-0.004900399531040532,0.011718062938168463,-0.008320983079684905,-0.021650953765789308,-0.04548585577645361,-0.022122754680652768,-0.007528992021678447
1,50,10,0.00721152270931886,0.019185093351722204,0.0028176337285236996,0.020500142760352415,0.002187634658368865,-0.005354707462267722,0.004583596136098262,-0.0041796168537561905,-0.0011351509328252473,1.7194214182921505e-05,0.010198561307145838,-0.009706768818808479,-0.02760919964979675,-0.040301387045340094,-0.025197523361909523,-0.013675201048741257
1,50,20,0.007793539441603754,0.014191559160954286,0.006702586252410789,0.020133191385252724,6.903646712592225e-06,-0.004265015362747195,0.0051056399425591275,-0.002946485784559314,-0.0023869486634284544,-0.0025578128225171937,0.011335398526337966,-0.012001950504705282,-0.026078291076275868,-0.035796384527711306,-0.025000924792689387,-0.01226422323509292
1,50,random,0.008644087390961645,0.00798723763874533,0.009831441725126478,0.024562890422590782,-0.0026547879753222466,-0.010328054662752098,0.0007882341170881496,0.00210234177271713,0.00014249324641995944,-0.008922200785624211,0.014148844542092955,-0.019270225266357185,-0.03068724082549371,-0.028822615225676838,-0.030525173518544564,-0.010688820162882433
2,1000,1,0.016801844042147573,0.024182274238682498,0.02028419080381089,0.015890842164838062,0.004785062243277214,0.0022527833364376936,0.0026634430783460143,0.0025840167179798676,-0.005284171124129634,0.0071717569157686584,-0.005254868974059155,0.00017042178946380322,-0.02407279197229126,-0.019679480758661674,-0.03448303034710263,-0.012634717415764921
2,1000,10,0.016221414226008278,0.023249753829231782,0.02044525908372059,0.01292981832319554,0.0063779036558517825,0.0036103463688149443,0.007097963822754184,-0.0021888024881077063,-0.005553503304304311,0.00923807740127892,-0.006012426573313877,0.002636363854585815,-0.018955987988360394,-0.026409511060728873,-0.02099755690296959,-0.013470524104760732
2,1000,20,0.014067512263600783,0.0222407668246015,0.020742080507128884,0.012957121180840693,0.005467982756942439,0.003165619967282267,0.00502168839097153,-0.0010750601314005355,-0.005831507545996651,0.00839218713668735,-0.0069069625176492065,0.003322621448098089,-0.01933559098466174,-0.02550835113947232,-0.019532777487142237,-0.01260662449845428
2,1000,random,0.004859690436967655,0.02194664164505662,0.01438614206384163,0.013117848129750033,0.004600359096351423,-0.0021976254437661674,0.00870719456852807,0.0028184291161197075,-0.004548231226603252,0.007433273577688612,-0.007267532124491808,0.006785583098842474,-0.013041142332833735,-0.02371323160508786,-0.016911535739373533,-0.01765807505218383
2,100,1,0.011791987776045646,0.02474884540962088,0.019341388150399073,0.013014027507021401,-0.0005065525348872777,0.0028518051293299853,0.011741574580923671,0.00013872324619486334,-0.009918264812418346,0.008334712840744747,-0.0021954272346148174,0.002028569197472227,-0.02522772531927721,-0.026548727908985686,-0.02304362708788275,-0.014278894975856504
2,100,10,0.013649894854704182,0.02536714758086999,0.020633754864418253,0.009252837567882517,0.006620406133569839,0.004456449056099969,0.009155051422730293,-0.004818186595740976,-0.008726383405414935,0.009122710799339299,-0.006314553836162584,0.006122817050250881,-0.019647038856781887,-0.024401906843991676,-0.02139738617406141,-0.011942433487240825
2,100,20,0.012955306635356928,0.0268413258759069,0.021299558516519383,0.009686439761349409,0.005668359971445752,0.0026419782670030483,0.007709887958582842,-0.004009044859703909,-0.0087300199763666,0.008852865238289572,-0.007423647698252219,0.006761241738756862,-0.0208047292960278,-0.021057413431797303,-0.020147451895311936,-0.010094066040440858
2,100,random,0.00012622920939116212,0.02172408742129379,0.01145382048375588,0.010348876990291692,-1.3073503525511824e-06,2.2260567500051702e-05,0.015536912944811224,-0.0001435561735449206,-0.006127350569318666,0.007017967190273673,-0.00704775224154103,0.008751724061154523,-0.016893864103085816,-0.01873139734872923,-0.010736964336718004,-0.013202167903216001
2,50,1,0.01976678147312247,0.026959431870796864,0.018954948005653727,0.009199856752499994,0.010108370190676438,0.006552675621601873,0.008198583292050098,-0.004956393808801668,-0.007758666928551835,0.0144307516405548,-0.001840836794370948,0.009443730535115158,-0.016471727183629544,-0.02923676110090205,-0.019005783607967383,-0.01685516583615529
2,50,10,0.02177516697990585,0.02172997800744991,0.022986473993455388,0.014924763140297396,0.007017582224240472,0.006395086129310983,0.006313997563245316,0.005355147036460748,-0.0047358655695174555,0.009787946202419136,-0.0049844023527944575,0.001736007030255461,-0.019712833769209605,-0.02708349712518324,-0.02387606591285408,-0.014002843114481073
2,50,20,0.018481254994036564,0.015216251833439992,0.021335722750516418,0.012446946221684399,0.005204735961652223,0.004387684343815191,0.002336357515496288,0.004569459264923295,-0.004877811453431294,0.006678320517539053,-0.006777699801323542,0.0020425953510788226,-0.018835791873948696,-0.03075682678535226,-0.02192205789466684,-0.012990313499142961
2,50,random,0.00989635985104647,0.01600001267554357,0.02332273585576957,0.010486014004552228,0.01318789422329955,0.003919465069968979,0.010955687346955234,0.012052108728040177,0.002057425312242816,0.005399224781398758,-0.006626199722770961,0.007801317135760603,-0.01765060926886174,-0.022682194132015106,-0.021868323653517555,-0.030259950790879855
3,1000,1,0.01424971075346638,0.009342050612001811,0.01314269223038628,0.034595726193203565,-0.0046248569798641795,-0.0018995742426492054,0.001663001581593633,9.252336749400621e-05,-0.0050257562966397554,-0.006580966811622041,0.00502190619882919,-0.002500756107973988,-0.02112190676846542,-0.01325527232103309,-0.014687140567987873,-0.01288724202350485
3,1000,10,0.018893774581119665,0.010409481388912541,0.011345141426029886,0.026994520192098352,-0.005183263556907168,-0.0002626284575652176,0.004815700563268022,0.0018836875303076888,-0.00671055536671735,-0.008254114166044811,0.0046178641231136575,-0.00474473814447478,-0.014501856153736654,-0.017857759068248255,-0.017630805885283977,-0.014159313228482549
3,1000,20,0.018471348697181207,0.01021897116734217,0.009998189315759938,0.023798282474249387,-0.0052608431670825555,-0.0007402592665085143,0.004637299296951379,0.0010471221859927138,-0.0078593696517933,-0.00876799517370523,0.005304328331392014,-0.005086928036026901,-0.012595691223273761,-0.020153901770251188,-0.01812596284509271,-0.012381135049114292
3,1000,random,0.009331224394939542,0.010871803479254467,0.008303780716873385,0.022380263242608545,-0.007342633349256973,-0.005769340008789153,0.004241081108717802,0.0028882251709968104,-0.009835508936674031,-0.012830880644240069,0.006054662818223803,-0.004128865896640128,-0.004930071088892628,-0.013862047955764631,-0.01996555891544735,-0.01478006447282594
3,100,1,0.022788764138706615,0.01471083086531176,0.01154399611963976,0.029962048703858515,-0.0044276095560155625,0.006043237787962293,0.0017782103979437284,0.002689065122038566,-0.013569028808879202,-0.012134432677151896,0.0014484768315911015,-0.003226076355531,-0.032194018747002055,-0.011321713405186664,-0.021865865009528647,-0.01653563697418749
3,100,10,0.017001806203778592,0.01215070528404083,0.00943581369691639,0.024097324756111066,-0.004529561650601151,0.000647494970748716,0.004763258358896448,0.0019911158252104095,-0.008542854732685876,-0.009419891400545456,0.004836819207306881,-0.0032233201181455433,-0.016894816476532293,-0.021116598712213334,-0.01863405989145059,-0.014732618315035147
3,100,20,0.017345308497231333,0.01247837573697502,0.007775536286247689,0.02203869052161742,-0.005588504678616371,6.486379742695038e-05,0.004440236789790779,0.00032919925912415737,-0.012634462617465168,-0.009141399674197854,0.0013432206095924089,-0.003366104675210431,-0.01573260083308794,-0.02367933864184987,-0.020838238299181463,-0.013172783374410881
3,100,random,0.013336195131270294,0.017904430628326563,0.0019602635441180473,0.028426008384706245,-0.0048414350568390715,-0.0108311526007522,-0.0037256605178694236,-0.000981154900518404,-0.0023478853629707863,-0.014965354927655366,-0.003733645899115336,-0.009639812416320425,3.2305937612097e-05,-0.00961102040809776,-0.018987271381867,-0.02103075370822638
3,50,1,0.019328071271464724,0.011417558177670543,0.017753097322547946,0.026390695345270616,-0.0007590510476147275,0.0011447128506587505,0.00602616877361944,0.004110101767104279,-0.0096420795594656,-0.010846661131672354,-0.002264840882327765,-0.0037146205007848447,-0.010196532904081602,-0.02254578580566894,-0.015861874762154546,-0.020908539518996974
3,50,10,0.018573092466737735,0.010713626323234053,0.00978368643395683,0.024555858191114444,-0.0057291859291691595,-0.0028937339095364864,0.0038711853536575608,-0.0017121570232539948,-0.010447268558672434,-0.010077566910957623,0.006571230619761298,-0.007922411826189593,-0.013736834239223073,-0.0182626175532526,-0.018179448277366297,-0.013417873857839786
3,50,20,0.01893889845382278,0.0103535679768411,0.008895025608629021,0.02251806383220368,-0.005235399984695986,-0.004228787914145026,0.005560145310422408,-0.001926727265403292,-0.007835689814835163,-0.009222729851017757,0.0077492596277928556,-0.004315484552981814,-0.011630491178217605,-0.017456175454164412,-0.017613402480194704,-0.014176154858735267
3,50,random,0.01243662547709804,0.016331675610642634,0.003402511292068195,0.03409694627647717,-0.005530496004893816,-0.006560596185019222,0.005567028423980919,0.00678360606345983,-0.011387514141174905,-0.013149912539316107,0.007794237016079656,-0.011654749255123656,-0.007963909655955217,-0.019204549582415277,-0.02530508969798454,-0.012008202750912913
4,1000,1,0.016752725847214763,0.026091220307541935,0.006580672749904649,0.026216232935953702,0.004655463111569698,0.0030207950119075957,0.009348027457295103,-0.015151998433656281,0.0037665731758165554,0.007215966787656908,-0.007073379264242846,-0.003945384517359085,-0.011014211251451115,-0.021685964878371815,-0.016671312632288025,-0.019882545816012943
4,1000,10,0.017289670895608088,0.02220145783018864,0.011264999970999761,0.025125663119624386,0.005051633742566457,0.00485971814517303,0.0047347728904733495,-0.008238784584424638,0.0046550176195143626,0.007703472885641789,0.00035408604838469256,-0.0037558657370986236,-0.021843505575996902,-0.021393803256359617,-0.013941411929862035,-0.020328767687320753
4,1000,20,0.01621015932971373,0.02354983184987633,0.011015787265540488,0.025881122500169263,0.0045974061619048715,0.004735205062987318,0.0037678505236794146,-0.007441805168293702,0.004620938481437038,0.007748436114509551,5.442035842544733e-05,-0.0037658305304183654,-0.020651689178584183,-0.019753873403484782,-0.014351645579464726,-0.019687466346892623
4,1000,random,0.01693948128807537,0.020613550977811604,0.004235524349317919,0.02551666608056098,0.0037899449056800344,0.0032287043955561787,0.002411808750756189,-0.010393616955297207,0.006089999715483487,0.006256246200271241,-0.010000853576435823,-0.0011900157468444465,-0.014821933690587224,-0.027917944584100192,-0.006305611772171711,-0.015236146745278158
4,100,1,0.013157588984026213,0.020261849433866563,0.011781705670029929,0.026005992214501502,0.005934838746834197,0.0030510788652019197,0.009085215876489548,-0.006731909400012585,-0.0013578585467135871,0.002080141293067474,0.0028808540113901037,-0.007882102107651395,-0.015625492960535142,-0.023111006434765043,-0.00890749946985512,-0.026191933807456123
4,100,10,0.015350468393031967,0.02342697259676368,0.009353056024468523,0.026564769165402367,0.005172647596522861,0.003511644315685982,0.006804314216017447,-0.008858721707946604,0.0002839418077801728,0.004019588973829863,0.003993473917971527,-0.005627870010507269,-0.017510440646690092,-0.024866403454489802,-0.012214319921175552,-0.019534709173760507
4,100,20,0.014701942585093646,0.024910911611109997,0.008676713367409924,0.025952387412027978,0.0032583911400960943,0.0026692273865401754,0.0066651294093101904,-0.00799474388705868,0.0003582166550697397,0.00437754649929614,0.002312374235183348,-0.0042247316439759505,-0.01698965675046269,-0.027856275727741634,-0.015158882066338551,-0.016758318350689805
4,100,random,0.008708172114686248,0.024550362111982103,0.00015780423372923597,0.02649151101607555,0.0028544161682311706,-0.0018917198456886468,0.005312872291073194,-0.016568494523331756,-0.002627328250829498,0.0025072357385949305,-0.004977784529997339,-0.006398929749267714,-0.015634207231615835,-0.04066545854853995,0.002358753717869523,-0.015644584436831557
4,50,1,0.012732288236856756,0.019603829776922273,0.00038668829144985605,0.03333427924715622,-0.0015999981007360057,0.0065103011277450025,0.011043935595988465,-0.009157010658731632,-0.00016740956843420008,0.006007059117266475,0.00853981725786018,-0.002733496818342293,-0.02017810553067792,-0.0111863836417363,-0.004572748348393789,-0.027231052357420616
4,50,10,0.015534885513062298,0.02391075913717122,0.007705092536010935,0.031697585474829516,0.0027675750248093516,0.005339990262172576,0.002831915369226209,-0.0032715507684859275,0.0005178336094593752,0.005952846681742309,0.003191149253735865,-0.007116914870448632,-0.018701810871060973,-0.0238932335864308,-0.014100808479123612,-0.02231721554837929
4,50,20,0.014782147298702718,0.023471952171858112,0.006358974969957899,0.03255034549293789,0.00415854702108935,0.005798587896491516,0.002264678625514495,-0.0035118621085791376,0.0017159700173864545,0.0058676423738006755,-0.00018726239447757097,-0.00414599121057826,-0.01703346095535412,-0.024244815108916885,-0.015863583877475135,-0.022459706853890316
4,50,random,0.015476802741260636,0.01600299567105192,0.009675485664884156,0.03516150394904264,0.000965733330722785,0.011445557335912564,0.0010868832245598235,-0.006028773927062913,0.00896590372469245,0.0023124140203688026,-0.007628721975570992,-0.0020671045716664106,-0.01640486257970908,-0.029816684185986618,-0.003005343375594115,-0.020011054395478824
5,1000,1,0.020605261926968557,0.025454756160752382,0.011205014032565087,0.020776868861475995,-0.0001241170989803124,0.005735672421188558,0.0032487530222038933,-0.008611004222480356,-0.005200960998553953,-0.0030922824329049164,0.006761204452364053,-0.0015547760398181114,-0.012896649126649397,-0.012705557257733468,-0.009229576685939269,-0.015869426278282105
5,1000,10,0.018023143719175978,0.02181797087633897,0.010402821902600194,0.01969505446422943,0.0010797004486885556,0.004083091294977504,-0.006750968792679151,-0.009681008735809295,-0.015727338991411773,-0.0015230687537340784,0.006400927830517656,-0.003987118351369649,-0.015489783200386362,-0.016679435368500597,-0.018518175074659457,-0.013794255074475976
5,1000,20,0.018684267904616435,0.02047778137392601,0.00958966291580972,0.019797878883479426,0.0013304118389618664,0.004174683380189239,-0.004936704120094942,-0.009373534584426593,-0.013542895314681079,-0.0021054122985164226,0.005753919813281294,-0.00388264790038197,-0.015247318003709605,-0.01725720880800572,-0.01723636478303272,-0.014509057821695277
5,1000,random,0.01663369953802166,0.012745299952930363,0.009452184293281677,0.015025018585702774,0.0006773047986645401,0.008842149842317048,-0.014865649429809393,-0.006931424353527059,-0.019479147865512005,-0.00437239744533329,0.003764560281996744,-0.0034117446430753113,-0.014119459501546713,-0.007934854054166308,-0.021976195927578372,-0.009143155882524257
5,100,1,0.015124378138173581,0.023907324161058455,0.009902318544771449,0.020651962106084477,-0.004793431091676623,0.005932952208038528,-0.007933367194836588,-0.0055004002708369856,-0.016935090089490987,-0.0051538977246575295,0.0031707019249869496,-0.0046147058052424346,-0.012352209165712464,-0.01898113765951685,-0.01985209663395793,-0.0107423817580671
5,100,10,0.018376113773554616,0.02263679493519217,0.012116556461986354,0.021292054141637814,-0.0016644293239694871,0.005356938752459422,-0.004478632246835636,-0.007233523188086436,-0.014428305660865292,-0.0020010731963044062,0.006532747051627683,-0.005522858612278085,-0.012280721955262015,-0.016566935873441792,-0.016684497098275342,-0.012214263146936325
5,100,20,0.018593406073617393,0.022131096951025917,0.009223612795988675,0.021935338454034812,-0.004153982709968245,0.00525286869239268,-0.0029937391119741357,-0.008719087767032327,-0.012451916595690534,-0.003354437171925028,0.00642750981174584,-0.006023148590272347,-0.013566569470492937,-0.017627092998792723,-0.01545611664126321,-0.01295047449853399
5,100,random,0.015851810059094938,0.013796855301805784,0.012143430680055118,0.020653470765640534,0.0028957786211285122,0.010304890711317608,-0.01995025853818145,-0.007829883416603185,-0.026267780700101672,-0.007392393215110261,0.012622760898757385,-0.006356926648989207,-0.009757371089711586,-0.01686368709029972,-0.03723435925975218,-0.004926593617113338
5,50,1,0.015212463206595238,0.023549348979595253,0.012553438398587712,0.01832729256637611,-0.005518889356293567,0.008329577009134328,-0.010008368240266277,-0.0033472622004279877,-0.018967218303568865,-0.0076846408367734894,0.002663084212683171,0.001613731264130231,-0.009818699188110383,-0.015762703761396483,-0.01710202450417314,-0.021188259377680593
5,50,10,0.014634838831885709,0.022904800644129055,0.008461710867505943,0.01815243307204653,0.00019708342167150248,0.006600718126996481,-0.006551048474366417,-0.010800391032580972,-0.01825673106590442,-0.0007020444099225752,0.009377700212851638,-0.004286700513332804,-0.01031742040126696,-0.017804464084731835,-0.01700089102240927,-0.013801353152368146
5,50,20,0.015286521600312934,0.02092160759693905,0.009994607651510041,0.016920592877801607,0.0014236310077376919,0.00590295152963387,-0.004844076902240727,-0.008801843419095701,-0.015146428643254349,-8.324978364235563e-05,0.00870490391451645,-0.003033530164843993,-0.011403277109491934,-0.015268994153430391,-0.016715198863736035,-0.01461244626536477
5,50,random,0.01475507119923969,0.018520066956886842,0.018604904784287505,0.01163862865019298,-0.007334811484444766,0.012349636392203281,-0.022113974599280214,-0.016413180366596797,-0.030371902219862666,-0.007963078157132805,0.004870258876270587,0.0005520620560476394,-0.015513644091386987,-0.013678239933148732,-0.03232110836123978,-0.02073794035978081
6,1000,1,0.00932668904101547,0.026327199086360373,0.013321573051234267,0.02002967393045525,0.002808718151984266,0.0022092354802118806,-0.003164686632514333,0.0020814169810791545,0.006579393804379858,-0.004832410802972332,-0.0061635125510526596,-0.010589092195037416,-0.026982263544921378,-0.014390836848819297,-0.017403290426789116,-0.03252874823998908
6,1000,10,0.007735988163013863,0.022487624995894,0.012796035425318422,0.02269722103726498,0.003469826207163071,-0.0011193303017064222,-0.002025619226420703,0.002154605784334978,0.004158301182544337,-0.005068852118561705,-0.009534486770236356,-0.007740041949502446,-0.015094665719085135,-0.012878832494155211,-0.015374604033119528,-0.02836987433380988
6,1000,20,0.007903444940458674,0.021752428718218007,0.01312739531713961,0.02176031597160626,0.004458895753477745,-0.0015934082968858,-0.00192926989146019,0.0014031924318418643,0.004393912918149496,-0.006039154436767284,-0.009087785304435483,-0.0050086431337676715,-0.01605924571633279,-0.012325119330747177,-0.015269905891009464,-0.028503883414757594
6,1000,random,0.0052651333282239645,0.02160079831179337,0.012508312668950389,0.018726352777515318,0.004277576707562828,-0.006323738251785209,-0.00033218442832663286,-0.003211502467666444,-0.0005126541696053359,-0.006352838171718688,-0.014509857531312474,-0.0012553618526557422,-0.013967304941778988,-0.009354404469070914,-0.019046940906253106,-0.022030833110983018
6,100,1,0.006496719318784356,0.02262221177381482,0.013274158875385968,0.025960462029676643,-0.0011244156745301185,0.000814808133207809,-0.003736336563033223,-0.000936402347144031,-0.0033886815877315186,-0.007482902319078368,-0.017877361536332355,-0.011610149199250455,-0.0136956608795737,-0.014051185108393269,-0.017218979370900875,-0.024624860278547257
6,100,10,0.010081815561854978,0.021531166209804366,0.013742948658946402,0.023263819788554036,0.0034778308034357328,-0.00028854217683297906,-0.0010850673813960268,0.0008077480850766528,0.0042676396825959565,-0.006005283234260971,-0.0144275290948057,-0.012006938047923644,-0.015993267681123816,-0.014548400155408247,-0.015169413707409379,-0.02797235071282821
6,100,20,0.010830065925481755,0.02097544628800382,0.013930732569498627,0.02370704504588504,0.004088123899530809,-0.001568100080422706,-0.0015319683468094638,-0.00024375091504341486,0.005110798751667097,-0.006695343346881131,-0.011588462461900923,-0.011471602624948373,-0.01882738523803665,-0.012574405299120996,-0.014161041549628047,-0.026536734511417318
6,100,random,0.015314528378699144,0.021822425478458002,0.006796593662677783,0.019177866163472047,0.004070924324564586,-0.006743849205157834,-0.001969946815256215,0.0005051240190216005,-0.0023018699380527538,-0.007810849870963496,-0.01677321044619966,-0.008968238689300556,-0.007384950793226643,-0.006935821893731886,-0.017955566494184002,-0.028053776172783606
6,50,1,-0.000656956943843311,0.029142488429790638,0.010052253135326825,0.0191903276885977,0.0027501101423393114,-0.0032309604408264697,0.006332634682803737,0.0034382831920251287,0.0063643479751911885,-0.006979993743489022,-0.016388812901935855,-0.003990654627207539,-0.00899866366328184,-0.010308542958062099,-0.015679759024196025,-0.033559638951393925
6,50,10,0.0073566567639616895,0.022082885382604972,0.011865948864836278,0.019459863447929625,0.0020753730399128375,-0.00021715798774217323,-0.002566632541130952,0.0003588672068721739,0.006454152792049564,-0.004423745905482697,-0.01060033007359869,-0.009654933985460362,-0.017225879146747267,-0.01278214444501893,-0.016203689102919666,-0.030201100317923495
6,50,20,0.0075122067347086615,0.022169732394816264,0.01212636884274636,0.018273355392570866,0.0038133039932527627,0.0007929784577905824,-0.00014447958748772124,0.00041569207610088607,0.00520302366038235,-0.005248276416314141,-0.010680650357989133,-0.006667517309891013,-0.01586418905714031,-0.013048988813769964,-0.016471864401072383,-0.026758833459542348
6,50,random,0.0008034160495086896,0.02756437536299676,0.010948180555308832,0.013122941337645164,0.004288132527604116,-0.005457460998138934,0.01230816351055936,-0.0032343129419320766,0.00133968886853602,-0.012100884051514103,-0.023209418556214802,-0.010759362750328435,-0.009136858945734502,-0.012208191045142239,-0.012326760664700936,-0.02555230295275107
7,1000,1,0.020954185381346923,0.015222496101704956,0.014031112186366062,0.023404103744240578,0.0011857263061333578,0.0008263566743746039,0.0020827658642517586,0.001206449299831054,0.012511165739111029,0.005294451095319634,0.0007659989419905642,-0.00027135422397010415,-0.01344113952120868,-0.025034326344985907,-0.013945115748741015,-0.006782441275899703
7,1000,10,0.01883294342847673,0.0192753703630351,0.016862667685536854,0.01816634954638273,0.0017159853865304979,-0.0018753197095266736,0.00016865057004265455,0.002734727033366367,0.004473219491577652,0.0015696911227360384,0.00041445033580937127,-0.00017969019094975463,-0.014877908155078983,-0.021958981616152274,-0.018557662851082554,-0.013129368066326105
7,1000,20,0.018199914802631924,0.0201618860252462,0.01579789373591421,0.017677339491060814,0.0008717306481640795,-0.0014049018663246334,0.0005412091323305321,0.0021742963953773737,0.005030267850682982,0.002172319325933332,0.0013458751206739282,-1.4875227167915203e-05,-0.015336905963229166,-0.021733103633691776,-0.017521493389424943,-0.012216610568023955
7,1000,random,0.015325320910174288,0.013720209944975865,0.012959898023001563,0.016361527713769225,-0.0038780891089432576,-0.007879726390969935,0.005823171129645106,-0.00014200886708030821,0.004295327398390263,0.001313874290343171,0.005551259564893616,0.0006377151199542225,-0.012651690528341851,-0.01626038082853052,-0.01804844544971723,-0.009045880007788864
7,100,1,0.01689661010093153,0.01865944389646143,0.01219661351203247,0.024928566165600158,0.0019274173690272131,-0.005145242559493662,-0.003315644270359157,-0.0021921755370979457,-0.0006158027364679372,-0.0019050995143279387,-0.004673728953913308,-0.0035252982662525175,-0.009834748410936766,-0.023998025265434132,-0.018710859150685037,-0.011170852147865168
7,100,10,0.016772033171651723,0.0201445562598399,0.014171708322620567,0.01897182860291235,0.002468577453935229,-0.0016569692267851717,-0.00029655505196911775,0.0017224464239168854,0.004529600678657303,0.0005760049916683868,3.416191049225412e-05,-0.0005371295576143021,-0.013335199622108355,-0.02333528661887009,-0.02005224887460281,-0.01156148851902961
7,100,20,0.015376946707794778,0.02113784985146156,0.014453341177767604,0.01626046597848638,0.0011960808794062691,-0.0007132056226110775,-0.0014395449434060912,0.0003515433524347911,0.005764423213131702,0.0014179235392744766,0.0013809002879595314,0.0005678856606045998,-0.012965985743881558,-0.023951781390622484,-0.01937804738879433,-0.01035185061284624
7,100,random,0.02066801012944432,0.01277066323845024,0.013955839323962983,0.026176264752339338,-0.0017888742919172401,-0.013568705655482863,0.0028127039675882592,0.0033221170400953145,0.0017777314658957977,0.0004803548950814632,0.006157606360230416,0.0012335063930160636,-0.013426334393022092,-0.020320812146115676,-0.022088177239773445,-0.0036722711428173013
7,50,1,0.016884244152981127,0.022112922465225542,0.013336237686509891,0.012690685448760645,0.008265872968178904,-0.000889418264812585,0.004291111849547551,0.0013729827212362186,0.0006105398149315764,-0.003577531794830787,0.00616055337397998,-0.0069612143512566985,-0.02405777752962434,-0.025766554369469688,-0.01916323984742531,-0.011849187883369574
7,50,10,0.018875153045068538,0.022023493051190387,0.013043475098551683,0.01731868665498635,0.0016025575695579799,-0.0004933999474211098,0.0037304669333668864,0.001966617969780899,0.005845608417602508,-0.0013557387087623873,-0.00013418192945113756,0.001134107652208811,-0.019095961102797085,-0.020062385830270094,-0.01560186343066835,-0.01591451864055719
7,50,20,0.01989959090588372,0.022580616232581414,0.011561975029912984,0.014964482267970598,-0.0002074065663317606,-0.003909826468394653,0.005917144459307489,0.00164626173880989,0.0080676844733107,0.0005511715739166538,0.0011603422486225336,0.00026906542756116114,-0.018239189670320954,-0.019018190678242532,-0.017182974750840102,-0.013767379079182717
7,50,random,0.015339631240290755,0.012687274682616543,0.026843199362899126,-0.004862623643072872,0.00025717021462425856,-0.008410560105233863,0.004638504046260559,0.003769304875170924,0.0029816464967500943,0.002199615133476098,0.0011337068272047816,-0.0060977328885509115,-0.020082382618930823,-0.015219297149983694,-0.00765322587068398,-0.014334135491215155
8,1000,1,0.01552200422543264,0.007146433830660707,0.017698126820061656,0.010025471234918792,0.012311354611104714,0.006303920421174257,-0.02212657258704231,0.015283024285064947,-0.00506894994164343,0.0020781316688526065,0.009247301305250748,-0.01540750983934902,-0.018207929406259083,-0.015388146027979136,-0.032203642279444104,-0.009000283453243548
8,1000,10,0.016179865330932686,0.01298920970149256,0.019006446566469475,0.012241256504511381,0.007782702636602021,0.0015811342888037015,-0.011270040264647053,0.010475197874776304,-0.003122951116770797,-0.0013558871534641046,0.00876594380946162,-0.011863663659432465,-0.019117647248902643,-0.015449502155449293,-0.021977273135472052,-0.010040356458465037
8,1000,20,0.016131932158524733,0.004332844664739945,0.01864043874608466,0.012969558466853671,0.007118640834186326,0.0005365786496175757,-0.012934594274353265,0.010635455859771256,-0.002849780074479207,-0.00247255102727019,0.00912514205008002,-0.012556219257287707,-0.019697441495577058,-0.014838951820970664,-0.023089965677873435,-0.009777708694142765
8,1000,random,0.011438087473305134,-0.0003051874618212733,0.020389505828080527,0.015752912252573144,0.0008824924410935466,0.0065788072465593735,-0.012710424291109232,0.007580523828746229,-0.0027419028660192056,-0.001015924615922544,0.009284952870233152,-0.006891807986383969,-0.016547189820822306,-0.01056157046054226,-0.02678980948219187,-0.012862939525343222
8,100,1,0.015784022445130413,0.004072508668355132,0.010275538258904659,0.009398345315684772,0.009346618524111179,0.00017747123489997275,-0.0079035430198712,-0.002490887201371926,0.00138680973000483,-0.004104784685394338,0.010793614664350432,-0.001373210280385069,-0.01606220868385615,-0.022549272374313388,-0.020019267971856068,-0.00899371791537928
8,100,10,0.015930709087661116,0.011872118154618935,0.017609175658126197,0.011130379066895993,0.00939565088251012,-0.00013877678714341904,-0.009176538097128257,0.005554645500108103,-0.0006983651633918527,-0.004285461118713209,0.009777490095887997,-0.003584850038969725,-0.018993932742964507,-0.01483795676269883,-0.0204711365623952,-0.010592797419563472
8,100,20,0.016424813668599447,0.005492823874471403,0.015491820187443424,0.011576712220942306,0.0077470509524277045,-0.0011792601871481372,-0.011797562115010537,0.0070488176392072156,-0.00010140015696655153,-0.003842528317828251,0.009855461903642164,-0.00612624645325627,-0.019587134490864622,-0.014281951548574187,-0.020665214704740306,-0.012026019185146444
8,100,random,0.017785595149775006,-0.001611789994634284,0.02370170389625013,0.017027975905868558,0.005519031215268738,0.005895712957362257,-0.010979459688757742,0.002427143674292011,0.0038858362017370586,-0.00446087952733101,0.007602080010470763,0.014026839626870494,-0.019458207986990522,-0.012128291340340765,-0.03206934366267811,-0.01571467381231205
8,50,1,0.010217117507099497,0.011096141541481943,0.014550319352602875,0.014418521439800111,0.00599224295152096,-0.006955622463094959,-0.019978399018472093,0.00436244544997216,-0.0003762214345550425,-0.0035926952170402646,-0.0008552661644252509,-0.012742455841908732,-0.013037773183671074,-0.02652091115326897,-0.03174798640267486,-0.003978693876791853
8,50,10,0.015375119151804763,0.03743611641614466,0.02139761288750438,0.011807278198333463,0.010425104834805512,0.0031973318060918112,-0.014931650647130206,0.005258276755971805,-0.0011175709060581873,-0.002968316108760353,0.007387501319994194,-0.014474544655576673,-0.02040207966234848,-0.015077326498331574,-0.022728752316985117,-0.004971894357923178
8,50,20,0.013343436252680623,0.011179267569834055,0.01907085519967442,0.012731302047284567,0.011628764265538261,0.0006387077407775674,-0.015529553512609281,0.005361137844846752,-0.0023169761674421366,-0.007097970938346123,0.009942876982998703,-0.013411471704134464,-0.02025426267209105,-0.014505596715271027,-0.020040281546640854,-0.00716509932942396
8,50,random,0.005279834570086633,0.007655350341498906,0.01470132086847832,0.011034881613711465,0.0048580365317014255,0.008468166243329326,-0.02155712393723634,0.009019475445761233,0.0038920153895616724,-0.008219232581334371,0.0019773451614284896,-0.002154297186060985,-0.013937495055832161,-0.010112912101061907,-0.013016063218934719,-0.01164531718640583
9,1000,1,0.028946956167812385,0.02845145124387408,0.01835126687180239,0.02829127276494809,0.0026501974284849584,-0.014069544397661112,0.006033698197348059,-0.006779369097449633,-0.00341608808747739,0.002259684300140319,-0.004687181189412508,0.005023746157713537,-0.011989033599660333,-0.018141822098857865,-0.030701353161968634,-0.01038712156168288
9,1000,10,0.024969874888561,0.030803173630196575,0.02022738671172384,0.030405062330709637,0.0008769409199772231,-0.016440104943892773,0.004249875216344685,-0.005105856157410631,-0.002636049763496963,0.0006566371005207904,-0.002992669568415604,0.003045042619013622,-0.015671908623560247,-0.016240392398432283,-0.034963107663971905,-0.011618433076550732
9,1000,20,0.025759645488332435,0.029647476844584346,0.019099609168367043,0.029743646314825747,0.0001482160773071721,-0.0166787848388657,0.004466438341432604,-0.00537307559157331,-0.0014375195834698635,-0.00013896258265653827,-0.0041600400687321895,0.003658863863924071,-0.017209956594068505,-0.016781725191380877,-0.03502623833593004,-0.01014865712694465
9,1000,random,0.01477552849300804,0.022478592076957078,0.01139834829144436,0.018778643662500514,0.0010108117894235956,-0.015459808515853322,0.0038004429227424057,-0.0029405300082184995,-0.00035038891185391717,-0.0037789647095574507,-0.012910245951066802,0.00627805738310791,-0.019397873429648233,-0.015921531929673067,-0.03232488550574076,-0.0157521502195106
9,100,1,0.022457698687989105,0.02786383873266188,0.028458764396441166,0.028203721712436427,0.0007861590003730299,-0.013478735774526341,0.0028159177990790393,-0.009059909265067731,0.0011199600363840957,-0.005571762783445999,-0.0030944375166079585,0.003975854243613877,-0.016260623261237794,-0.014848750860691009,-0.03757183172638794,-0.014006094245432489
9,100,10,0.023160367129669974,0.02911503202203619,0.028142332509719963,0.029223715172922257,0.0013941015093876718,-0.012824545518392138,0.0023498957117328552,-0.010067554412887874,0.0003273421476286601,-0.0027728827763647055,-0.006246122940105476,0.0035748194587693597,-0.0184230353784495,-0.019556530284123266,-0.039242826158193175,-0.009933468400704592
9,100,20,0.02448196748241232,0.0279195396013305,0.0284850884109384,0.02833139859177452,-0.0005680056015354407,-0.012843437217786281,0.004290920665891841,-0.010094046919743832,0.001417483992229043,-0.002255206584649157,-0.006344321094424553,0.0035726758334207317,-0.02233073057273867,-0.02222333586540246,-0.039903526322982975,-0.008517295836312009
9,100,random,0.014053638765041565,0.016449363672844886,0.018488912699865807,0.01702592829054315,0.005555546470768076,-0.016981953496142344,0.00791450206329397,-0.010524664688521607,0.0035376239649547165,-0.006728186028022156,-0.016701502972185638,0.0025110774538710462,-0.025823248976483793,-0.01643856025947824,-0.043298655004828226,-0.016881794043853423
9,50,1,0.029529898767348583,0.02884116772828985,0.020765928929831343,0.029118949422712558,0.003468432479320985,-0.016680489960620975,0.004696862188640734,-0.011970342917869569,-0.00705930387821618,-0.002260178433407654,-0.006422938827115259,0.0033148120941747673,-0.01852845100033297,-0.01399346407060181,-0.04534196696291285,-0.005816104842609206
9,50,10,0.0268343061592044,0.0302714468034398,0.020773539646583187,0.02847956981548434,0.003756952789111715,-0.017053518191785216,0.005534090987600617,-0.0054212224869801704,-0.0065156107810951155,0.00027237579910142706,-0.004155652441594544,0.003759739775682504,-0.01833520617102418,-0.0166905180727696,-0.03644152642066106,-0.013036956639807033
9,50,20,0.026910864250830092,0.02829477435161169,0.02574587202110889,0.03010965551790165,0.00020323027950286938,-0.0183727140501182,0.005648347692696932,-0.005294497636551441,-0.005011941607318373,-0.0008875883236851634,-0.003524765850863764,0.003536419899154525,-0.020355497788405976,-0.01812804736935754,-0.03571470042591687,-0.009331962535570051
9,50,random,0.02173793292982546,0.0409569348217167,-0.001447194016222056,0.019164141979891455,-0.004347073774045187,-0.008982541003255498,0.005798207088644988,0.00906443400531506,-0.006577238428245561,-0.0030198948865215467,-0.024933051349747333,0.006836998955895631,-0.01595632562200095,-0.023037109195936982,-0.022616018580887607,-0.019109292262365064
10,1000,1,0.020040664522953083,0.01580444814928617,0.026207389630224506,0.01323817775600413,0.0027027554625840243,-9.293231514747607e-05,0.0037967931899249587,-0.0036723686667663484,0.017483991482060014,0.00023003679089553055,0.008683962332769335,-0.00616133760711248,-0.013447321005310183,-0.01770182050008567,-0.015392392809240806,-0.026833642765937294
10,1000,10,0.019787001587004572,0.01632412096980668,0.023036149220213062,0.012979740815215177,0.004424171274771106,0.0015852928090716704,0.0014328081031874974,-0.0032721132625280432,0.012529171535852772,0.0032739258200637222,0.005062568470826621,-0.0009513421413473048,-0.013254712872429651,-0.01993471371348341,-0.010442980371687826,-0.025564626098136884
10,1000,20,0.018790876233863812,0.01651256534318981,0.02308649059000616,0.013127295805645102,0.004504125051806124,0.0010379862308379836,0.00012608811911519934,-0.002901739539660092,0.01284909029313237,0.0031510408937085767,0.005704326863812166,-0.0010360674080516984,-0.013877593172231034,-0.01925914143413438,-0.010849787279118152,-0.026453374280938375
10,1000,random,0.0191676438948481,0.018522845532511645,0.02236618740187932,0.013551316156538817,0.0009972411284029897,0.002053547287391782,-0.008589425501728776,-0.004970042215513921,0.018978851613388678,-0.0029057506235064634,0.003152573011601907,-0.0031839414793478358,-0.01409522321499882,-0.01987263251832916,-0.010220489570570044,-0.023208619828062625
10,100,1,0.021416535106992575,0.015058248208226923,0.025598230449651017,0.01633834540046945,0.001997493904133533,0.003783896195381109,0.005048235656552247,-0.0029271267858377785,0.008034920949691961,0.010138415713177414,-0.0024205738255831514,0.004699893501635944,-0.015503696202471967,-0.028593090633215273,0.00413709944037691,-0.02261346935514963
10,100,10,0.02145419337910332,0.01594540493504006,0.020269075255460043,0.01473295934448867,0.001789125895640478,0.001282762389333799,0.0037269912318552865,-0.005039659935175936,0.008140989566127745,0.0035554345132147954,0.0020701668482728977,-0.0015417137611164018,-0.014683454337650259,-0.026237666377284707,-0.009505917905100622,-0.027616804736290915
10,100,20,0.021312395269524102,0.016112036561178596,0.021435159372107323,0.014662576709005209,0.0034040400559227062,0.0015951623853132258,-8.858937977315165e-08,-0.0034846783643517295,0.009172141795963727,0.002068031455183969,0.0035586208337261976,-0.0007464394157473585,-0.01632057958618402,-0.02474978197308306,-0.010291534015219886,-0.02977139970355623
10,100,random,0.01595982461469887,0.008857106793134442,0.019902729863535334,0.02082550263086838,-0.005697100534660027,0.015561381629112895,-0.005329257523026214,-0.009523990301871938,0.018797669728583242,-0.003366674688183032,-0.00018522011086687934,-0.005052967236810425,-0.0064426156832248435,-0.018976586720777303,-0.007493804634631818,-0.016168951805882632
10,50,1,0.017874020451582772,0.011308232974956174,0.01810303283556545,0.006906321286113102,0.003658889125285936,0.003398268190274079,0.006751651293435848,-0.0024298561809202772,0.012692882413759847,0.004875384780364448,-0.002107670884054726,-0.004638892123110968,-0.0086680129705339,-0.02362389144950364,-0.008751143846900365,-0.037038159645035415
10,50,10,0.02119673649686375,0.014045851237728123,0.022539844890210173,0.013511523507573021,0.0023066431138670106,0.0029343801380702704,0.0018062699037964631,-0.00093123036034249,0.01350160880630974,0.0037586587884555368,0.0037675282901694553,-0.003048742635858965,-0.012337579393358835,-0.022152335621777416,-0.002989575037131404,-0.03006004390201889
10,50,20,0.01822755914650485,0.013704757742940117,0.02257423826071213,0.014713046846999355,0.0009466588788694198,0.0035053885392985398,0.000977803229803275,-0.0009152276890600785,0.01043402615085099,0.0049438846179502595,0.0054672954170187195,-0.0010708593189867322,-0.015113791235630456,-0.024100892288744295,-0.005198653347357906,-0.026613656143307712
10,50,random,0.02609360097265764,0.020649399814089826,0.03603153760131411,0.022385473867520475,-0.0003314435817575204,-0.004100236558352304,0.0013752184755534262,-0.00015768404638410064,0.025824337828362794,0.0022276414223701083,0.00891391584475915,-0.008215923715070286,-0.023452269975784354,-0.03333375391955329,-0.000640554321731204,-0.013800432288642939
11,1000,1,0.01839166735773313,0.015066335688866443,0.016059564413408754,0.014400250227860583,-0.0006168002585593947,0.000508837270947802,0.003931079446801658,-0.0020984196917119098,0.0006226888762394594,0.002411014065860562,-0.0008698651042943155,0.004767256054938669,-0.027817305644946378,-0.017682207127805678,-0.011554969531973755,-0.017953867941810607
11,1000,10,0.018828485580822618,0.013285813301290434,0.019774110661059083,0.009902634611865867,0.002860022268737474,0.0006707055648225999,0.0021986258206588816,-0.000726828516651203,2.9547410935675355e-06,0.005040404306575267,-0.0022399020728549684,0.0035728633533401635,-0.02907090149462537,-0.024308618286048397,-0.015761889549108104,-0.019969407243283267
11,1000,20,0.01843870592933127,0.013320315604035907,0.01656409341681213,0.007967721756104001,0.001850523371692137,0.0005370473181722468,0.0006686431058906381,-0.0007605392840705663,-0.0006607677196756999,0.005417038038666503,-0.002041928203344304,0.0031378872052032153,-0.02821735876115953,-0.02240424306198642,-0.017791170593273207,-0.02062321272018516
11,1000,random,0.01617785597915626,0.008126149514249004,0.01876385848773147,0.0010312368149802036,0.00555067860969193,0.0033602177011118756,-0.0004792469799418226,-0.004162296161500303,-0.0009334319225201725,0.007577638241077646,-0.00033802223292648354,0.002988741621817367,-0.027223766136395926,-0.035875917918609376,-0.014786174158956946,-0.018593319756640254
11,100,1,0.014391991072993202,0.015491487468012545,0.02221157266250352,0.017784663022839316,0.006393658128313206,-0.0006090925030649968,0.001783108126035796,0.00702686282034715,-0.004990781744379023,0.0018587010871755837,-0.007072098361189538,0.0014414246459388512,-0.02247312722581902,-0.015505967568775264,-0.013452183593826777,-0.02833137568933831
11,100,10,0.020870720499981798,0.015587404974075363,0.018746969146811607,0.015020529750436402,0.003607473271324053,-0.0008008928740298084,0.00461015310550061,0.002314399027351044,0.0014631129937805586,0.004297575994646259,-0.001290072421277436,0.0032095316173743763,-0.028723242453646772,-0.01888183173853791,-0.01262308695855255,-0.018729989580615027
11,100,20,0.01987252927802362,0.013862807384189109,0.01595818385964415,0.011259139757716266,0.0033159840472989353,0.0002634687413321153,0.0030700554838356295,0.002121769832135836,0.0019601966706535904,0.004623677598566576,-0.002490882780167995,0.0026198100906819916,-0.028492699757083344,-0.01672964133104438,-0.01657647387513348,-0.02150454701698524
11,100,random,0.01489827577768574,0.003740933079570047,0.01966174934205427,0.006713607540466878,0.0022112126494843202,0.0002624085536190281,-0.0012228507885262022,-0.0011038731150817666,-0.007458123891504239,0.006144244475150032,0.0021478977486138313,0.002932464024041895,-0.025792173620701398,-0.029226783105611474,-0.017472996370964753,-0.01678233542685255
11,50,1,0.019406335842271607,0.014172623079069356,0.028030457028170464,0.013526327814405718,0.005609967276937096,-0.004445876115008921,0.005347941284727387,0.007981807577273395,-0.009996015621254876,0.005784543088311925,0.0017035056458728174,0.0013015776988674515,-0.02655057271161225,-0.021788931614985747,-0.02074204186454614,-0.022945206535761264
11,50,10,0.01710877678745432,0.015950800348397413,0.017247205628511925,0.012218672936341568,-0.0001699213670917068,-0.00015481755848817174,-0.000319875009159465,0.003123227575797667,-0.0024361447729110306,0.005469549381226878,0.0005600918119390742,0.0030329351462390934,-0.029677708716586794,-0.022406363468748965,-0.016981037738645295,-0.02402094507738106
11,50,20,0.018019490256120492,0.01839006516968409,0.013015084270852934,0.01110312968909967,-0.002439646283978193,-0.0022464898680760975,-0.0006631422255415265,0.002638017442591679,-0.0024567529851073563,0.004869846157075439,0.0007412197598858402,0.002558271269145983,-0.025502786757509714,-0.02220629128352944,-0.016276368743429172,-0.026188195233029364
11,50,random,0.018824833755680073,0.0013630152402439916,0.018828739576568394,0.014910407830499853,-0.005457181777616241,-0.0037161742513127922,-0.007706907503659373,-0.0002798514821793186,-0.011803140225371858,0.012763962356654703,0.012490954661860133,0.0014723025496198943,-0.023136078854444728,-0.035810289482923106,-0.012096269679975076,-0.02876529355065035
12,1000,1,0.009170875386833435,0.01253692529318082,0.00852949583573094,0.0170876856490671,0.00812073158695085,0.0020554677008512547,0.00819321268979832,-0.00425124216147509,-0.006447730641658882,-0.0026730401439500682,0.005216053078000238,-0.010213521210331648,-0.020108616875072503,-0.015234577710504507,-0.022410537336585146,-0.014967928460917164
12,1000,10,0.011791036548868298,0.016677239255259792,0.013236234772653059,0.017299693551476543,0.007633356970387409,-0.0027965619094941843,0.002341233056716297,-0.0023133629451921466,-0.0007173276280475383,-0.00015407495994220412,0.002326619528565058,-0.008613314333201656,-0.015529353804976186,-0.01553549495430825,-0.021258906305537614,-0.014526474276933394
12,1000,20,0.01143519253905945,0.01717497166579737,0.013848345836007843,0.016458371752162106,0.007465909876789665,-0.0031662583744309298,0.0021320031201391082,-0.0015015444076982465,-0.0010247585357244342,-0.0008418364162795416,0.0011240572439989425,-0.00826207420028107,-0.01686449392049307,-0.015128076057308253,-0.021999359215408305,-0.014583953060693875
12,1000,random,0.010152133979449598,0.02141428221703712,0.016349779121852464,0.014833630655401164,0.012139701905055065,-0.00809096336012952,0.0019007044336083305,-0.005755884565731038,-0.005917456030924483,0.0020025574435783297,-0.002463405665014008,-0.0162193697537815,-0.0191463624650719,-0.01708626339630581,-0.028321585337394182,-0.013099733677930159
12,100,1,0.009931996114585548,0.01972974378617478,0.017632388123659554,0.018918222929674343,0.008011370218622749,-0.007049114269664278,0.009067989396173985,0.007361325341695097,-0.006932822401063849,0.0037112742869490757,0.0005781322965398811,-0.008078113379728054,-0.01116379181831556,-0.014151299789692666,-0.02570920882142154,-0.01879980107489414
12,100,10,0.01118847834429382,0.019661925593054387,0.015017704219766904,0.02010281286238569,0.006237614473878026,-0.0038752070042451458,0.004944471569585667,-0.003310118194769837,-0.003087523093821666,0.00012775984147676047,0.0028987814795412158,-0.008089484860350618,-0.015023492756976564,-0.01737009179679872,-0.022726467049270154,-0.01617393648074928
12,100,20,0.010840785054215051,0.020284722546948256,0.01772732163869919,0.021790916130973347,0.0063439435913607055,-0.001993039570766865,0.004654277440570471,-0.0009403603100515918,-0.0037703319006323842,-0.0020532215394222166,-0.0006460185652450639,-0.006966548476972435,-0.018038213677787285,-0.01539463139655187,-0.025607485541381543,-0.015941066195463333
12,100,random,0.009691909632418153,0.027384439198443997,0.02340236853677291,0.020709950942520317,0.016211436723264087,-0.005472421419697617,0.00778876884979748,-0.006474811751688606,-0.007157171065398321,-0.0011962808148888353,-0.0018096413463973644,-0.01527073876562675,-0.02278442586732735,-0.010037351532682686,-0.011387522141614355,-0.01147383165741209
12,50,1,0.00681490242779212,0.026125371283866827,0.014625611499430488,0.02032275349603286,0.005061348835877822,-0.008005238022108119,-0.00046027201830338714,-0.009963590475178126,0.0003690494441872534,-0.0032924041444524627,0.009475270198999899,-0.012948983158154778,-0.015667972772482316,-0.01527930879619729,-0.022955778989067553,-0.013845442920176866
12,50,10,0.008325891636111499,0.017036815583191253,0.020190674933032896,0.018855699619298897,0.004842225406709077,-0.0038984579297201847,0.0022350497551240234,-0.006289329303263431,-0.0025287878982361038,-0.0044696022457179985,0.0037011701274900573,-0.011235534852806612,-0.012444924861529108,-0.013520056887449172,-0.02295030432436936,-0.016887490237302245
12,50,20,0.011271164529286266,0.01763278054297093,0.022432120459096754,0.019274849406199716,0.0066157008632033104,-0.0031377658951935025,0.003529693790752057,-0.00179244338877136,5.624505299690217e-07,-0.003954605020411702,0.0019680171600551057,-0.01133370440506945,-0.015093016880811138,-0.013104233728563243,-0.024181690750755547,-0.015297171942045995
12,50,random,-0.005018021155393807,0.018066878753317882,0.03256644619025797,0.012104834499570918,0.004916085181815239,-0.01042503024010318,0.0031026401824529107,-5.865691473366438e-05,-0.015862613265489697,0.00400626222451472,-0.005075515111252082,-0.024128829342794218,-0.02457838484362006,-0.012996646615173434,-0.060520208308331463,-0.01721282070479449
13,1000,1,0.017585250446773174,0.00753110035504912,0.015717675272769824,0.028117205446897362,0.001767344302080238,-0.0063416840397036356,0.011780259502538484,0.00023450059445487333,-0.00027806849002068226,-0.00996240296430341,-0.004143153234618978,0.009460784362963597,-0.017228884689033126,-0.02523785515185806,-0.013784120056838736,-0.021143412827763372
13,1000,10,0.019282228295827278,0.009413452366566842,0.013816511212523298,0.024006105402611663,0.005148957479052802,-0.009189347416473603,0.013324756513778641,-0.00028033708684617085,0.00030317349845935214,-0.013984900386036158,-0.008040715243935558,0.008914739732068001,-0.02066584263876287,-0.01956630067961462,-0.01622104100579437,-0.020129636693822544
13,1000,20,0.019106640249592008,0.009858263463098435,0.013459841150554878,0.019281096326232615,0.004691414025908018,-0.01075163987470808,0.012342638689236752,0.0004125210912108992,0.0009897109038044547,-0.014452059352829736,-0.008784033792902511,0.009232279387106943,-0.020414721040434028,-0.020891127262360455,-0.01572866405684898,-0.02004659332835422
13,1000,random,0.014777473129452098,0.009427529320643144,0.008736955698022702,0.014547378957902597,0.008101287502784679,-0.015490893733977947,0.008407442498345907,-0.00048780512070272457,0.006785940721124888,-0.01210780432035725,-0.01316236122560263,0.0072657943733566936,-0.019516993927600264,-0.022785065782709214,-0.014733956935884267,-0.018030327553927958
13,100,1,0.025889140038249606,0.006866710771310067,0.01773525744383512,0.019438593169978573,0.0015480838347147934,-0.007285732833318859,0.011539410658900073,-0.001038038766901333,-0.001275289061916797,-0.016751822278395986,-0.00740830799826472,0.009239866533764747,-0.024301898829474738,-0.013754846340676545,-0.020013532668004253,-0.02794585396443337
13,100,10,0.022193266229359042,0.008517791149349752,0.013325411133509227,0.014143058716532922,0.0033842340179313676,-0.009685201182883395,0.014404859744142825,0.0004642820427577141,0.001203097141092816,-0.015221800755794311,-0.01104255435125841,0.010930251405090968,-0.0225760275500595,-0.01708767206270315,-0.014864149291557674,-0.021281510251395977
13,100,20,0.021134358643281982,0.009702695056657247,0.014100420001930717,0.008562870215887662,0.004402327342730483,-0.013125992425000767,0.013507368953306972,0.00020163684113266877,0.0005254673792154149,-0.01673731462704787,-0.011844364159135628,0.012684188294499596,-0.024318141512704578,-0.02226038191728977,-0.015513357368361222,-0.02104141739755467
13,100,random,0.022500554833689578,0.018849946423339595,0.011599049902431886,0.011972225089436912,0.00646855555448597,-0.017125969470965733,0.006965718600792194,-0.00010772223288932083,0.008382339477888554,-0.013809617121806169,-0.011184711504626108,0.01245095001656866,-0.025470464527700652,-0.028147016037905148,-0.009274632170734421,-0.01590779185025956
13,50,1,0.02031046017241201,0.009353863849731418,0.014566910519160238,0.025810808586931175,0.007510769150440416,-0.009422601647512812,0.0041558634528889955,0.00026284601195736534,0.0014689006721954009,-0.01287592002141775,-0.009317320851195873,0.010963559585938545,-0.022663365678914763,-0.014606849812915294,-0.022969215870694955,-0.029678401117240363
13,50,10,0.022649446051417013,0.011625608524817395,0.01664135208726839,0.026093956917663624,0.0032234952539290465,-0.009204177981810833,0.013177376228210497,-0.002029803596234226,-0.0022732973416417653,-0.015412429021944033,-0.006821150360662953,0.010419544787948412,-0.022030556704635593,-0.020417064189423215,-0.01526981698984837,-0.023080591803973854
13,50,20,0.022987524536160132,0.010616465689535504,0.0163005117064587,0.019343159587628063,0.0013991439986616486,-0.010303370371203345,0.011005584810142594,-0.0005549496140602302,0.001174675295213947,-0.016928798267919355,-0.008882827639845272,0.011681073484444932,-0.02487813202469322,-0.01906347601996886,-0.013162401398698545,-0.02135051460152711
13,50,random,0.01777089093198114,0.007465396879626716,0.018582669994205627,0.01720661926284287,0.009566453260272804,-0.009789130066621535,0.0043672812281505295,0.005839350513047759,0.005011668844123107,-0.009238963956610198,-0.013069947232569849,0.00998402328571869,-0.02203324012837265,-0.022647474981481137,-0.01677296134913283,-0.020508900972595775
14,1000,1,0.019312867169514063,0.007816778519613508,0.021847436833876948,0.014975351620805646,-0.009148254632889485,-0.007348400042789663,0.0076966790582942545,-0.0032670141692587354,-0.010100722880563448,0.009324126451044698,-0.007415013727687316,-0.00012509974662202082,-0.01397836776521127,-0.006209629807725547,-0.011637300024837325,-0.012964599947390921
14,1000,10,0.018998981429989386,0.006546178278154419,0.023613505784392197,0.01950484372829335,-0.020322960829310257,-0.006653304943527133,-0.0009100428190649432,-0.0017774790981200492,-0.012243658261068916,0.007023016557913487,-0.008460400589008809,0.021066106018924866,-0.019101831490177246,-0.0060471178270190854,-0.013276257527637012,-0.02700538803511773
14,1000,20,0.01834827246752098,0.006477225758427392,0.022745615544685835,0.01983180162535732,-0.020294737280312038,-0.0073573246959082825,-0.0017042284334273029,-0.0015092098256345363,-0.013176915926619709,0.006911483675523847,-0.007244040087638558,0.01456498930793558,-0.021148931745816103,-0.006182600912258826,-0.012586318522817866,-0.026569490975333232
14,1000,random,0.00813147212133562,0.007205223855351907,0.005805471244199066,0.00821758456821952,-0.011952963585315408,-0.002689525092212103,-0.0012804024283443174,0.0026949856205160695,-0.0076949774624841425,0.0036975351710606184,-0.002595346668401653,0.01604190546856241,-0.012092888605511191,-0.004554817528621766,-0.005049439129758659,-0.009133934566357433
14,100,1,0.0250827415574897,0.012937709575562359,0.01765286960720164,0.017369924012365243,-0.025917139997634883,-0.0019727607376673517,-0.002538647550202416,-0.0019738936815414964,-0.012668313637108946,0.007911002830220174,-0.006502666776062312,-0.0048697808795808,-0.014583278007600124,-0.010488573563630137,-0.015294643031384052,-0.02672850003369256
14,100,10,0.019489809723609027,0.007079874897614348,0.023826863312214185,0.021889212258424794,-0.023385608975989507,-0.0036821947335746313,-0.0024068990589994825,-0.0006517194006228388,-0.01294966129336156,0.007742803437846416,-0.005780847827087029,0.022557686094915836,-0.01756773407376525,-0.007901430566975873,-0.01250512839385835,-0.026565125886297697
14,100,20,0.018779241833326528,0.008285113872560016,0.02220074411038874,0.019273860290204763,-0.020875617087476598,-0.005555983456269714,-0.0028881734081435315,-0.0024145211197847557,-0.014716108007135768,0.0077513657573479895,-0.004914660663140119,0.011946174385664095,-0.021803890213483255,-0.0067080324865010435,-0.01338538698638641,-0.024666026275818837
14,100,random,0.020658378232048743,0.015325197660022294,0.013732512223626214,0.025587956841506637,-0.034794822641575136,0.005300721160158676,0.004320382646154434,0.009049677182742,-0.020691718930078592,0.008828880635151531,-0.0018041175169820859,0.01335775961937728,-0.03027519414971871,-0.01204756657094946,-0.0144960721901241,-0.011863932451732562
14,50,1,0.02409475244741215,0.009341690583167413,0.0265891963332561,0.026375076660711334,-0.017782410362961274,-0.0010024994202104218,-0.003895541315601534,-0.010141663901825049,-0.016586148741198195,0.00883982846896169,-0.011406792663049961,-0.0011940767762159297,-0.015767295483041288,-0.012955417432743263,-0.008803982408094378,-0.03081724156912534
14,50,10,0.020557848761340022,0.0059747920573188975,0.027600096063231168,0.020770589990513143,-0.028035018827769126,-0.009836580168318206,-0.005992892022836827,-0.005676624983945335,-0.015133979139837321,0.008330890200537485,-0.00917032381844319,0.02357044493396084,-0.016028641527273044,-0.007073036860238023,-0.013611164100532503,-0.022782323249456914
14,50,20,0.021560040599851275,0.006193992633306942,0.025137061714269292,0.021236725946248994,-0.02382294901997282,-0.01005814805687232,-0.009821753486400166,-0.006498120351863876,-0.016513911922369152,0.006832142893472257,-0.008534644463497807,0.005361817904986208,-0.01845029935975419,-0.006407111993516077,-0.01315735407200751,-0.02150235423400703
14,50,random,0.005605874978650596,0.004705009727183011,0.0022629772104083585,0.006304127679184251,-0.009334948832254634,0.0005712628404924507,-0.0015026267176637585,0.0012791334678624359,-0.0043877292546884656,0.0020962682605481977,0.0005113718956576002,0.026130815233102612,-0.005009011403495219,-0.002518287089463733,-0.0031415947498821106,-0.008167905996837612
15,1000,1,0.012105588845980626,0.011704782719696315,0.02432549989188849,0.02447056211064357,0.0039639690700192685,0.004443545642439877,-0.020007647089786924,0.0014313443822774753,-0.00023461352691156584,0.0032258518444799543,-0.002769171351683513,-0.003042465760162211,-0.016525829234885447,-0.02203684515210738,-0.027489490330996517,-0.03384072970669822
15,1000,10,0.013083255104476246,0.01592281565004623,0.024001256731053775,0.020062417428114057,0.0009591241008371524,0.003771914093756377,-0.01643458160865456,0.000473101197536653,-0.002498389894717672,0.006235802361715071,-0.009660367269546036,-0.00438627098049569,-0.023717884684462582,-0.021133605682787788,-0.03499376860818905,-0.031483332137783794
15,1000,20,0.013149029356116747,0.014408279276815705,0.023691039807814295,0.019139815701429974,0.0008210984096897349,0.004048745333979756,-0.014900809975156361,-0.00011904129965946457,-0.0016677665292577062,0.006458821919970438,-0.00912125736623569,-0.004668671628755386,-0.023758780594294107,-0.0211051881967082,-0.035991226241082606,-0.03358041859269101
15,1000,random,0.01205013742879562,0.006100280376949684,0.019940277485384846,0.01630148804139629,0.0156452638420408,0.006163092471544366,-0.015658515068195607,-0.003368514884626318,-0.0041789914768667735,0.0046656953257357215,-0.0020548361953654283,-0.01018282999179858,-0.030939521157746657,-0.015547222480177326,-0.019929584145211093,-0.03343596048823521
15,100,1,0.01415598678940324,0.010450638386307729,0.022978846498532685,0.023660684049715466,0.009394407838403528,0.0053786997015691515,-0.015534945201575936,0.0017450751859965855,-0.0036112760850861812,0.009345839054655794,-0.023067320341034234,-0.00915015539433623,-0.02687372102338176,-0.014863779553290898,-0.03332054696189031,-0.0308433310632166
15,100,10,0.014390561224100965,0.016084314421457756,0.0228343519380708,0.021406306074777767,0.00747411127369811,0.002682906737467749,-0.018314048830522515,0.0007405430485283209,-0.00408560645067435,0.000682582721325857,-0.017961012248398377,-0.010679555975713857,-0.026311726186488877,-0.020380836028089398,-0.027697979737168296,-0.03560803586742321
15,100,20,0.0156251404233311,0.013622608214464803,0.02414996341433997,0.021247561671860298,0.008211734020783791,0.002074870871770686,-0.014901173269432345,0.0010346746162419277,-0.00363493307441154,0.0029671898411013295,-0.012328936653530942,-0.010024466037612895,-0.02477321515953449,-0.018187801766556957,-0.0315669913576978,-0.04024111477261477
15,100,random,0.016196873545473042,0.0014753764971554182,0.021482667437796938,0.022600140191499102,0.03137260412895652,0.0074574649735915,-0.024885843039232528,-0.006039289540436093,-0.003507545196254605,-0.004782039147184027,-0.012915385339966652,-0.022285367438961333,-0.034849008687251666,-0.015752218754661144,-0.01852195686524041,-0.023494815387362603
15,50,1,0.015578648631835315,0.02146789013996133,0.03529452858071747,0.02826316419626988,-0.008546670021608742,0.010217693455150438,-0.012079406629131892,0.002443797020857521,-0.0030613740255390548,-0.007403923462087706,-0.008759007075582144,0.00014271005154919245,-0.030640004860147726,-0.03367797082597002,-0.05772662478018913,-0.03130428686750226
15,50,10,0.014172157870931129,0.0139861525493212,0.0292398797356611,0.022205569240271977,-0.010176533007640404,0.007155733489632623,-0.012542665058562098,0.0002072255552158816,-0.0005734828288550979,0.0010217660164176723,-0.002839383175517052,-0.002625169876993439,-0.02496536828447168,-0.024843888507255975,-0.048411842706889294,-0.018729023495064483
15,50,20,0.0162657433193125,0.012766192941084895,0.030313761609641044,0.021613817700572628,-0.01406771175890957,0.006907265390077501,-0.012645221333182487,0.0020253369937849944,-0.0012943114062241995,0.004625691500966207,-0.005184087385279201,-0.004120050792344874,-0.026419020508699854,-0.02339543394148423,-0.05251997490717505,-0.022690783963201056
15,50,random,0.024923448969481496,0.008597246378136676,0.019301174884880146,0.018667981997860267,0.011199421485364952,-0.0010056316637577975,-0.03269009566116263,-0.0025925141507220375,-0.008496184640704275,0.0004070338806645811,0.0017424779199299153,-0.014674303148372377,-0.03435680024521943,-0.02403203426600816,-0.02898993625836759,-0.027386296588964985
16,1000,1,0.031196196561472413,0.02839541881312059,0.029233532148584443,0.024145328183418708,0.011636359090057129,-0.0025736145958671903,0.004129819448707899,-0.002416546780608072,0.017757731343672704,0.0016578557502862296,-0.001929999002267969,0.004820928248754097,-0.019043505838289468,-0.026020394772423305,-0.014673604356434996,-0.030397838518898233
16,1000,10,0.024235565618249928,0.025948327088018464,0.024452017318364706,0.022605991681734605,0.009101098473612828,-0.0031419694786770573,0.0036380013628129035,-0.000135750949038917,0.008498597234792012,0.0032142420927119657,-0.0058247131467824564,0.001116491012596925,-0.018856476629030814,-0.01793330253614107,-0.012626695520038625,-0.028200142552323674
16,1000,20,0.023491820007359915,0.025551047716230846,0.021522009649740062,0.021980411369578134,0.009359533788362141,-0.003561210512628353,0.004313280051100421,-0.0005270942904994859,0.01141121813428652,0.002969573097325025,-0.005195431108821318,0.0024892850495224126,-0.01917131227712589,-0.019734224120202315,-0.012099939445793673,-0.027459210822489515
16,1000,random,0.015206398307910951,0.026053714403121278,0.016234262314140914,0.021117730198174825,0.00852182238853442,-0.006294525339949303,0.0009285891164344359,-0.0008431777689663041,0.021570840095477238,0.006548760057659322,0.0007680313944375127,-0.0032362134774203246,-0.011280402859216514,-0.023505854027135342,-0.008479279436766027,-0.026665054389975986
16,100,1,0.019033997553296583,0.027851473302937423,0.025907614443695454,0.02220629744560147,0.005095414295674657,0.0019939216365547205,0.005828673859633654,0.00047303139493636487,0.00737022483625203,-0.002172797117768203,-0.005213230883407515,0.0027269648223712355,-0.014171011067134694,-0.016955002352050483,-0.014916364897336519,-0.03105809669845838
16,100,10,0.022865973467630727,0.024812639301344357,0.02765825592576146,0.020544056594839946,0.009745180590226336,-0.0024802477354014837,0.0007265385042447835,0.00038354408595825574,0.006604046833988551,0.005912819410538538,-0.0014396284814459338,0.0035386284982570943,-0.017143655048453943,-0.021312472943364885,-0.012083987208987628,-0.029110033341663673
16,100,20,0.021165921156140573,0.02462298153476264,0.021871521330015534,0.019793705736047513,0.010720945350171679,-0.0033498676337894028,0.0020582188599029203,-0.00020631967467022534,0.011281816165738794,0.004572646795459702,0.0006380034241572818,0.003930735398834481,-0.01752531879198526,-0.023570821241380827,-0.010544774181067898,-0.023895424296770953
16,100,random,0.015232982952920313,0.021528719542251953,0.019326694913035077,0.018931328525018873,0.00611732452352403,-0.002936128713560054,-0.0019084467466373139,-4.340766080163972e-05,0.02429670397173098,0.004901169174464359,-0.0021457348482815043,-0.003354098359885689,-0.00815703542641916,-0.018748028564843124,-0.00975517610953795,-0.024929769644363657
16,50,1,0.02013993583818263,0.028001132099395625,0.021865078200370754,0.01691184111808685,-0.0032809852639366483,0.0022973761113173575,-0.00273045858323388,0.0011799688253575909,0.005495323438455847,-0.002195026118797052,-0.006763229701549778,0.0029456347887201087,-0.020500689902411256,-0.011866585974672226,-0.00957471211230253,-0.025992879434326564
16,50,10,0.023261013338140662,0.026816667321583706,0.02370772820175236,0.019507136321082114,0.005902966768329399,-0.002661980642583266,0.0001298800034433218,-0.0009345576301815036,0.005987552580989761,0.0026041292822322074,-0.002308021045525479,0.0010687500880242034,-0.017190359718542617,-0.017054931169211772,-0.014644296015396373,-0.025762296085877556
16,50,20,0.02235998663883062,0.02467511039194036,0.023218953303565923,0.019870492818279042,0.010913617414831055,-0.004226365189052221,-0.000382764503850659,-0.0009550253767722902,0.011487829938752565,0.0015783733396145662,-0.0018915069542769693,0.0009977546416332851,-0.015920458167111316,-0.019675346848360586,-0.012245207666127153,-0.026410064564424556
16,50,random,0.022797727813365892,0.031226911485373994,0.005994792968540594,0.015014561577539078,-0.004238588514929923,0.007095089658750847,-0.013263389055922446,0.0009748687001379498,0.011752729288741203,0.00969863031034965,0.006375017444837393,-0.010483245905232952,-0.005632085675241119,-0.02917858883701772,-0.007713934770149236,-0.03454424695016693
17,1000,1,0.018720416954890386,0.017714876565199683,0.014715617882587911,0.016456637994665103,0.006437528846788742,0.00615966899094045,0.016644951314350155,-0.007815094436480732,0.006466570239005324,-0.007214166649221974,-0.0045396624646555665,-0.005940921498393378,-0.023960741541301935,-0.015720933571123568,-0.020301271734078842,-0.02936153851328083
17,1000,10,0.014062989167002143,0.019536958010978905,0.016197200301005858,0.013216747488478687,8.056064221713975e-05,0.004300666017780574,0.012996719079218708,-0.0005626931508214864,0.003978736332983508,-0.008348526297960167,-0.00032724642436538686,-0.007595128213250584,-0.017900949360790668,-0.017452044987495266,-0.02216395954801474,-0.02636838524066736
17,1000,20,0.014117837175497062,0.019005382036026103,0.015125865432255267,0.012690309617397925,-0.000675923311677448,0.005196043212697764,0.020306930343334834,0.0006080764323309796,0.00437092858436255,-0.007935574807581157,-0.0005659655293066463,-0.005957231916192887,-0.01982731390468382,-0.015990297586502448,-0.019509552020515138,-0.023495446637858318
17,1000,random,0.00841368338176975,0.019907708931592345,0.017045717487670912,0.006723649409112165,-0.003894374113703684,0.003305288212945335,0.027249904164366137,0.006694172639698158,0.007451328941975004,-0.005490395564775447,-0.002059890567747404,-0.011786433384006267,-0.017712787269661998,-0.008120132268169938,-0.020876490483168673,-0.02306305169832596
17,100,1,0.01175817983136344,0.016028694945778448,0.015818799804622672,0.015600881853830052,0.003643419678644376,-0.0008573315390359729,-5.496124253433848e-05,-0.00021156937923070865,-0.0003514544669720877,-0.005354857738479314,-0.001043050441596201,-0.006165379340084355,-0.015478433417475958,-0.02504947004252435,-0.026725300999837078,-0.02270372035425235
17,100,10,0.01535760625658202,0.020034341509209748,0.01656944529091139,0.01654893330675032,0.001349072161890699,0.004187839455368351,0.005962091071460559,0.002366546109087125,0.002305427043486969,-0.008877199957256643,-0.0008862330522758018,-0.007099697207736684,-0.019040529345863425,-0.024494141535345453,-0.019444301011273406,-0.025864596609420854
17,100,20,0.01500623185906703,0.021263876453214856,0.017677693313611353,0.015294621665095287,-0.0005260818000631695,0.006180018642195949,0.012252305385625191,0.005290606991240984,0.0028194051879967207,-0.007267884985579677,-0.0028153338101756993,-0.005841944405761874,-0.022095209571439595,-0.026334132394165048,-0.016426067494384727,-0.022827199349885786
17,100,random,0.014030477398141648,0.020325825033580703,0.021802966191084336,0.013416424696928926,-0.004386707354671067,0.008838749038285848,0.007202132221916026,0.013799990135740176,0.0045512112668570776,-0.003787648464488608,-0.007855410241118178,-0.009951403968741394,-0.024450991482771713,-0.01645548628600148,-0.011189066563019781,-0.03351604046622152
17,50,1,0.014561710847061945,0.024570558560544145,0.023771456042807806,0.016169251633089483,0.0005010387220607215,0.0048441714003917575,0.020670582573359804,-0.00031070206743006494,0.012793754311124828,-0.009350380002424705,0.0003804628423386828,-0.005792442132523832,-0.023334383259321585,-0.004764559726132469,-0.02324413931689049,-0.024659424306253955
17,50,10,0.015651446955882314,0.022761870262065578,0.019529606487845394,0.014231429970134513,-0.0005683750960999423,0.0035501478975489484,0.014102172270404206,-0.004005531347339504,0.005247055076088582,-0.008481642289351082,-0.0022455269867133324,-0.010102841493292285,-0.01731187825037639,-0.00884557492222664,-0.0245139053443197,-0.027034107993542392
17,50,20,0.016337006311965288,0.02051849044956596,0.017310597345079958,0.013175043935688103,0.0016670058969945876,0.005010117293446813,0.01093298575882167,-0.0056657736229524065,0.004698486013628161,-0.007341912012820192,-0.0031312865115253,-0.007779679383531542,-0.019089909834650427,-0.011468798732631524,-0.021475213208374876,-0.024816298107710272
17,50,random,-0.007940462986856814,0.029935871050811243,0.02357249161666751,0.012541320257906396,-0.00468845372851553,0.01128867601719285,0.022464924886377136,0.00011244773602199378,0.00997513114042302,-0.006922433163924146,-0.006107667948292818,-0.011663759165935256,-0.01635740278443672,0.00751230521900876,-0.009420026803805048,-0.01938801030466968
18,1000,1,0.022897699693689,0.022266893531295955,0.016082317042128445,0.016596231939694204,0.0045013541862651595,-0.008492079988438308,-0.0007918175512016889,-0.003796449227640281,-0.004214115776372243,-0.00916699898468561,0.002043561813006496,-0.0014320802713978697,-0.014646156484469477,-0.016397955585369065,-0.023931565507273152,-0.014805408706368784
18,1000,10,0.015176565703427932,0.023783210607983187,0.013506719185391999,0.017215879713127984,0.002060321463082651,-0.005576856752941159,-0.0009531556930706023,-0.0001021737851909043,-0.0062137437181339255,-0.009024865447559658,-0.003201531078705368,0.0011188360834934166,-0.0129510034910722,-0.028904635286234694,-0.02792417155543503,-0.01154923814880002
18,1000,20,0.01182581567295082,0.02311387586913421,0.013750095482483937,0.016818385824494752,0.0007398841127454056,-0.005525168818670428,-0.0014763453409103566,-0.00017884091312813337,-0.005350685764984009,-0.008245335921470372,-0.0032307807544934408,0.0003300687492053055,-0.011769285675339662,-0.03106194426575282,-0.027364741635851772,-0.01157689606230088
18,1000,random,0.0033943912984179545,0.018944687502625387,0.014357110211579583,0.010519879810176564,-0.010425009502014268,-0.006821796055968328,0.000640423784402019,-0.0007119734480580999,-0.007776313442338569,-0.005166016869029779,-0.005752543514282042,-0.0033881253802512646,-0.014953261357645893,-0.02125422961399808,-0.02086157505773041,-0.011609691676517125
18,100,1,0.01573616046340058,0.02888405816439674,0.013017252843570942,0.01738652890726773,0.0023900316418968867,-0.010415366909411361,0.00304053554102319,-0.0011019580537170947,-0.006405126200953656,-0.015718794487391028,-0.0015520006007428136,0.0030797661229927495,-0.01061766429522976,-0.03015762848350386,-0.027680854542156092,-0.01571096299768352
18,100,10,0.013913574750384346,0.02549569003932778,0.012279760494389336,0.019014403912969546,0.00021539376142530858,-0.006418773597800901,0.0006307301847398219,-0.0020520769451759595,-0.005904187185189122,-0.010300339233208947,-0.002715476770127002,0.001392543467203383,-0.013027819147407124,-0.028182234167699643,-0.03085124386803031,-0.009807467278301191
18,100,20,0.004617114153550752,0.025304205937512092,0.012452195332190706,0.017499904119212893,0.0006491888519277338,-0.006950901700646163,0.00031521044839055853,-0.0019322848165097117,-0.004472265773706654,-0.008531300223241037,-0.0026175755838465467,0.0012582683161540694,-0.013283085551505388,-0.03212483904235789,-0.029368337497228225,-0.010003501359259566
18,100,random,-0.0014877600639293964,0.023535109520985437,0.016363848797381557,0.004923258265197491,-0.004362547472954643,-0.01644688785684163,0.008344361835260975,-0.0035255183894195375,-0.012042706856369047,-0.0031967028253493453,-0.006156267297194632,-0.0062083972233435035,-0.016946775763635374,-0.014016556881015012,-0.028026301170244544,-0.01585020989896411
18,50,1,0.025956415201109004,0.019888860316399092,0.014628578267486474,0.00664554449116054,0.012765119943088484,-0.008100338976773367,-0.0048182725843657565,-0.003527155654663684,-0.005541837323426275,0.0017272573318283114,0.0029435584038943917,-0.005500701520938222,-0.019432660625398532,-0.021718189249313225,-0.036449258058347894,-0.0015514553502958294
18,50,10,0.016259766077442093,0.02221978789083293,0.016442047811941925,0.015612956700770871,0.002593264410441557,-0.010073401122595244,-9.154979239876284e-05,-0.0073170572891551044,-0.007592478456328041,-0.011404522505139457,-0.0010874374524666218,-0.0015687337204253872,-0.016821315458573884,-0.03267920638040984,-0.028047167794267795,-0.006501569097158382
18,50,20,0.01709122930853944,0.021598495676040764,0.01323718315301313,0.011965338667423941,0.0036599352475818023,-0.009225398902427453,-0.0014531935901631952,-0.0050998015023695125,-0.008430934008726321,-0.008227751593677802,-0.0021807597804105413,-0.004072831866229397,-0.015395412484352548,-0.02833355710894627,-0.027296474201978376,-0.007834478449777166
18,50,random,-0.020954344520576377,0.014307930030489115,0.014182026547362237,0.0035865324564790563,-0.0038366122599104604,-0.0026992069641521154,-0.00328099894175373,-0.012953584645164117,-0.00802161312459935,-0.004911290858628659,0.00956682135293789,-0.012854344078770967,-0.01657206799460456,-0.04185580636906855,0.003517917143562753,-0.01273080915926323
19,1000,1,0.024431424180035174,0.022617251368322423,0.005651962689346402,0.01935809341740272,0.005020014074547634,0.0023999841635319046,-0.005253252785781397,-0.0006679846196128412,-0.004216499455852005,-0.005938352636307804,0.012377575118711836,-0.0010300146027828025,-0.021701225111819558,-0.019532098422291786,-0.03348651653961527,-0.02099981985886638
19,1000,10,0.02646604308750539,0.021872319126679602,0.01576626654541435,0.022203974748483516,0.0026006931148982422,0.0012941064667695633,-0.0005061408330115468,0.004349191988586931,-0.002390504764289143,-0.00441490238404873,0.0039045520879846217,-0.007958502393951482,-0.03344522666139476,-0.01900940223336479,-0.03161472935408604,-0.023386916512388795
19,1000,20,0.025277974567319905,0.02116250650081187,0.015192699906070294,0.021889011133594656,0.0029354461676071443,0.0016692008112968151,-0.001976632077495123,0.004547486370150297,-0.003451194271031385,-0.0035622389484155957,0.003521916672863851,-0.008812243024254533,-0.02853869622745111,-0.019994689247844498,-0.03006965634385067,-0.023601046779774836
19,1000,random,0.019472620186195944,0.021186862694865374,0.005653212152775348,0.021576309090612363,0.0039321066885003204,0.003277292333515409,-0.007827336547925697,0.00791005769325325,-0.0034924308640487682,-0.0049728749304194676,0.004066909052914896,-0.005612400665014647,-0.01631807201572367,-0.02674627834396687,-0.027020521771212287,-0.015689989093887524
19,100,1,0.026522478427216865,0.019995708427909088,0.015078642089426015,0.017063997049934235,0.009095566613152972,0.003400351702778179,-0.001358015421107122,-0.0018036458003721687,-0.0053204136301477755,-0.003833574677960379,0.004914653860188638,-0.02418601692063067,-0.02340646768590656,-0.02058581622820224,-0.031087254372619562,-0.03097775483450553
19,100,10,0.02904624211714066,0.0208435986625127,0.01629049538581681,0.01960807100737368,0.006886192373818867,-0.001989074917675945,-0.002781619609958214,0.00033763152652036325,-0.004483365750617274,-0.0034106265495142517,0.005751825224321091,-0.011617577161832706,-0.0229836371286827,-0.022025535570170184,-0.032490296214593616,-0.02483796109533932
19,100,20,0.02798564957375232,0.020236055619939915,0.016151369893898284,0.019284264396700192,0.006155326434252349,0.001724148646662181,-0.003990615375970982,3.6352766992253414e-05,-0.006091900193621566,-0.004138212203875916,0.005585506519584592,-0.012399080948696755,-0.020774662433998496,-0.024683742000849267,-0.029860323813777498,-0.02507790136027675
19,100,random,0.01784903425973414,0.02477868618559144,0.014933785672007491,0.018327049535137717,0.003415989848395302,-0.0026671616176851716,-0.011009809360279427,0.007157398003340269,-0.004100368091121013,-0.008080845952082492,-0.00018219899657709662,-0.0009721922783142434,-0.009911458379761234,-0.042831017371211776,-0.02374372277384301,-0.00023266970074236845
19,50,1,0.01789912579887958,0.025436239342266104,0.014363363438792957,0.02944708537734741,0.0018989332394584954,0.005785457789798126,-0.0075311804309460975,-0.0063417595156937635,-0.004521511058808508,-0.008709962253220599,0.004851657914241679,-0.014418233198501799,-0.020646044916519554,-0.019335391387393184,-0.03166706661385898,-0.03553372682916133
19,50,10,0.02820921687380677,0.023591016117221156,0.01352060482674781,0.022604853415616213,0.004611898158035239,-0.006757013841840283,-0.0024165318817299646,-0.0009395579860121374,-0.003691721803475194,-0.004999149039119879,0.005507493327707471,-0.011337500121611568,-0.03431546759627779,-0.02349154254422308,-0.03435670478910089,-0.025034274249182566
19,50,20,0.024554690891508805,0.023397862451412146,0.011438582845437303,0.02499985304560432,0.0024662005464677573,-2.6491147349323133e-05,-0.004963475752213862,-0.000747449613862174,-0.005544301927433522,-0.0036655362603586423,0.00666520268937509,-0.013372518337410533,-0.026637929142110592,-0.026705433433501215,-0.033695484040402644,-0.02715813875223947
19,50,random,0.02465257340992156,0.02929565892907442,0.005099193723701031,0.03577377117565254,-0.0006507385062100287,0.003655261320084783,-0.009377425658281046,0.00975189834080149,-0.013396911129209975,-0.002824855804909895,0.011121823173907157,0.0028896585582787425,0.003627375065529426,-0.03709630634277233,-0.037689284395390724,-0.008514268073598409
20,1000,1,0.01961742941021745,0.015673451690402865,0.023954709186617153,0.010465209865407468,-0.0014824548113118276,0.0010676846774838392,-0.002160596998310513,-0.012880994736361387,0.0032993047494417364,-0.008884201469497935,0.004484814937159691,-0.002841151425684975,-0.01916824478956321,-0.0135590636806975,-0.020650439437292955,-0.01714911359743501
20,1000,10,0.017603457856361974,0.014351748481643745,0.02090720572364735,0.016724685927612556,-0.004377520129027322,-0.007333309594719096,-0.00304429220021529,-0.01008357474489813,0.002087517409537971,-0.012753934066791569,-0.003836808801360551,0.001239020209956472,-0.02078371488830902,-0.014200733589348685,-0.026021981344593808,-0.012845930177043394
20,1000,20,0.018753909460180452,0.01292390610635726,0.02067864326032589,0.01582642050286622,-0.00493134971517935,-0.006692343919760718,-0.003420949844179494,-0.010484603231081972,0.0013920755246567286,-0.014866482229563358,-0.004610532937180251,-7.682173414939145e-05,-0.021319512338169436,-0.014159437887946772,-0.02596318303274592,-0.014452502714848745
20,1000,random,0.014410810806045699,0.012469251557486193,0.017021470226184922,0.009361000586741238,-0.004886345083861323,-0.005935489123266258,-0.002754533849217524,-0.012482386569148022,0.0011982581911636077,-0.021301020904194563,0.001996880546119078,-0.00027969378186539065,-0.01900051985938863,-0.00919569017912531,-0.03694681676488098,-0.012544858651869464
20,100,1,0.017806288522110914,0.02284974632932776,0.02260683435377875,0.022596371039378258,-0.006638828118845676,-0.001050340117131578,-0.003919348821328745,-0.008723518239279988,-0.0016318078812778923,-0.018394190097834863,-0.005158816602659084,0.0005599749545032251,-0.018442191041419757,-0.007872689440058608,-0.019771214495987875,-0.019983201430978616
20,100,10,0.01695578788842611,0.015946579349646394,0.021331289076668786,0.016428745869756976,-0.004649019705291251,-0.0020897125423228607,-0.0027768376801328787,-0.010032154608893788,0.002405183173363376,-0.012025251360845847,-0.003966450404131796,0.000441143319595117,-0.020206670622086604,-0.010903891280557425,-0.02799442702409943,-0.013787661023168973
20,100,20,0.01704751203613245,0.015424916126133054,0.020010552690385194,0.014053208486753618,-0.004657275779300705,-0.0031211691067324146,-0.004225660886045848,-0.009477636698585534,0.0032025331950293855,-0.013737134403603867,-0.005419897019648543,-0.0001987422470307631,-0.019783086884526443,-0.01079268492642833,-0.02926979210031048,-0.012456651551910095
20,100,random,0.018953688903737713,0.01320047391688727,0.014269837929701514,0.011310674173921443,-0.015112057384375727,0.004095436744753546,-0.000717154378988273,-0.009582958412566562,-0.0008700149713116961,-0.01947010804313527,0.004672822132124313,-0.0009816874389823465,-0.01544376458548643,0.003376731754741881,-0.03046237078770378,-0.013698479773204347
20,50,1,0.017086694362409716,0.015885025292717937,0.01610590447669095,0.018258755966390726,-0.008025268644475812,-0.014469595644280174,0.0013216212644357344,-0.005527803408632927,-3.288027786045159e-05,-0.019407648949311445,-0.009981234260833508,0.004809355426234867,-0.02195160613760372,-0.01637805981049565,-0.03847165160635415,-0.009298519206975681
20,50,10,0.018180402965447446,0.015448832301197972,0.021802897117291227,0.013222619901812699,-0.00610843802877808,-0.011270688919663688,0.002609632665958778,-0.010653337801811191,0.0024431583010388635,-0.016017358922394847,-0.00238037261467769,0.0049547633570195555,-0.023251483106557433,-0.012059257345059306,-0.02821241992841361,-0.014188840072331288
20,50,20,0.018247345880098076,0.01338246615321365,0.02302355578357668,0.01550419467862128,-0.0061664660504690055,-0.009974219882627164,0.004363356928972578,-0.01053473428010379,0.0005552697358251505,-0.021184451939525246,-0.0020990290044665552,0.0035081102054652525,-0.022339723461345457,-0.010026539931814332,-0.025765630725839487,-0.016325718146396998
20,50,random,0.01460482350221755,0.015810390522281607,0.015237163532879381,0.007925451135737156,-0.005124583004160163,-0.009459899468802869,-0.008645345062340081,-0.01584840641753767,0.002786763806506658,-0.03840964006322254,-0.006171926216722519,0.008838782572858602,-0.016241927373674032,-0.012988552651879062,-0.046783684736384015,-0.028207168759963885
21,1000,1,0.024989788578749377,0.02098021781635303,0.01815679424443078,0.007445383491071789,-0.007501809535866035,-0.0012882543812915705,-0.015039298227993145,0.001962698581823813,0.005548337951443576,0.0022648331747270978,-0.0006515541351075429,-0.0054047835354313865,-0.020725194513461956,-0.014710614472001076,-0.009702670614001334,-0.0014021266868441394
21,1000,10,0.02534045805793865,0.017485771115050442,0.019087617012281517,0.01950444449929359,-0.00042856851489544946,-0.0031840784255816818,-0.015423891286354855,0.0029333673307836514,0.002230560442492943,0.0003503223972181246,-0.002217795912930406,-0.0059601323489684435,-0.020396855400583638,-0.01618753785346551,-0.009961908699222935,-0.006381479226378329
21,1000,20,0.02490222204073414,0.017891537719327933,0.018322858034406597,0.017014286502860878,-0.0008731417281231656,-0.0030785039878377957,-0.015375385153647395,0.0019386730268742,0.0008766521462736287,-0.00041752530460476803,-0.003024656490738267,-0.006048051011919974,-0.0214002630563756,-0.015917928444889345,-0.010092888818061304,-0.006862544823365402
21,1000,random,0.020482284985254073,0.006996796534037389,0.024271968655553262,0.012372169548629915,0.005163062358720337,-0.00926579976118158,-0.019684047827919115,0.0024030373765344844,0.007129576041248967,0.0037168881622384746,-0.004316435294045681,-0.007111271657937784,-0.0352136873106606,-0.014437973552401758,-0.011483258339703338,-0.010360387838814374
21,100,1,0.020448457884585124,0.016212010288924886,0.015970198483058338,0.03125441888744257,-0.0023812075894572553,-0.005190519550746688,-0.006293275369027327,0.0020410769732324315,0.006231150396063768,0.008943453359188357,0.00012941572307886406,-0.008803853330190362,-0.02151565913685667,-0.011985514643231901,-0.012125591351276195,-0.00831879882956433
21,100,10,0.02465972600090672,0.019622598882635865,0.016750551280115007,0.01963330384996569,-0.0015695656546569029,-0.003925075766153006,-0.01146060119379147,0.001107189499030759,0.003953379602149085,0.00440585597981148,1.749375636416291e-05,-0.006365512810352301,-0.02096719067525309,-0.017084707303551692,-0.007026160800233588,-0.008559411738998482
21,100,20,0.022570356090039448,0.019555832468160464,0.018478920063384273,0.015365529605118902,-0.0013658088901052153,-0.0026742840054166874,-0.013347685626346655,-0.00035037415896805517,0.0022682602634518365,0.002685358719756028,-0.0018339432383883871,-0.0056232173609971434,-0.022702243467679885,-0.01434035164795229,-0.00693090715250096,-0.007225685544978627
21,100,random,0.02348607621476748,0.010864688056325173,0.026178316925913967,0.010013873368006278,0.007694240186231795,-0.01626329457039751,-0.011312138352986277,0.0051236390879027495,0.010916540175721176,0.008198997048309654,-0.002786026593380307,-0.006617029839218976,-0.04279136269092718,-0.017591168206498812,-0.012332686027331565,-0.020453514324954132
21,50,1,0.01842913963848259,0.008423081704546836,0.016902942021777653,0.025592019920020605,0.0040219487587377705,0.004635444300498276,-0.01670188765776751,0.0011422197082737162,0.0031067677168846197,-0.0013797201487522233,-0.006263045876577452,-0.010087341689560714,-0.03750407155616289,-0.010049386063940562,-0.016399746035708835,-0.009139357848413283
21,50,10,0.020606021927084116,0.0050568942901054745,0.01875937101426808,0.02246525323966246,-0.0004794176529857278,-0.0025885023691690936,-0.008419370564392507,0.0037994335221086433,-0.0004419406341053125,-0.006604927541216282,-0.002667881164606778,-0.0038755927141597172,-0.02304417360262592,-0.012800031745871155,-0.014081318949433867,-0.004319932700028919
21,50,20,0.02087750837693514,0.005214583029375291,0.018938676654134068,0.019672755454573743,-0.0038171638233948663,-0.0002731361961403491,-0.007573342280420969,0.004771130755450596,-0.0007748562972082604,-0.008950477704833471,-0.005164372467994706,-0.007507713518439137,-0.022836285852661998,-0.015517519803312613,-0.018346803326260475,-0.006178256399840533
21,50,random,0.013235254607710037,0.0023155915456491696,0.01352261475719546,0.01705324006401284,0.012696532866511219,-0.00955658948022422,-0.014490564006138313,-0.0035114534610463867,-0.00026328111089190983,-0.007431307100870661,0.0004255587850250403,-0.0033108320651786633,-0.05413217178296168,-0.01583451007302596,-0.012114921653050784,-0.009245985665917602
22,1000,1,0.020891694714091538,0.03439747290854748,0.015485605911641618,-0.002894958729866069,-0.00011551685032303847,0.009178138261205105,-0.002794360896631177,-0.0022133276625127605,-0.002904072447968839,-0.007055217009916558,-0.0050208137283103945,0.010862675335021246,-0.019972205039425425,-0.03840077665991116,-0.02787633002164601,-0.03128999327656264
22,1000,10,0.02675363339883417,0.040601404030580844,0.011426337325907624,0.006885652753360943,0.001712128523371944,0.006644296908076439,0.0019486521023369624,-0.001205286638509695,-0.0015376555347498884,-0.0008272674847721496,0.0004942121524152543,0.006955286743371147,-0.02285808137398037,-0.028379476220355776,-0.030968298834365266,-0.021622451387289163
22,1000,20,0.024998961301604165,0.038802769491743196,0.011746148386911941,0.006283195121356487,-1.8765236933232336e-05,0.00778447995073137,0.0019769007075948284,-0.0010263255152480534,-0.0029480621406526328,-0.00023249615662311235,-3.511567709159593e-05,0.006468136293140769,-0.02356561123744192,-0.028103545886618893,-0.028071148775514254,-0.021967075692240153
22,1000,random,0.02161211453296715,0.028926770566713157,0.009335071495802105,0.0110773999928246,0.0028458423769763155,0.0060119659502709845,-0.0043873336756432785,-0.003217946516087487,-0.006127072874058447,0.002302147754991777,0.0025187725294135875,0.004529192868339814,-0.02199986034641197,-0.023613360897829623,-0.020574549845204942,-0.022144780518559122
22,100,1,0.022700762257140978,0.041265271783284194,0.01227003517194155,0.00058502830236158,0.0019541118015922497,0.002913416542451201,-0.0024128441588061908,-0.0006426696046103475,-0.008347626983420864,-0.003904182060540231,0.0012273422125308547,0.0070526575233524355,-0.01324908609863945,-0.02588875344668339,-0.03517829295758888,-0.03257577185452594
22,100,10,0.027267649220566424,0.04404272484229104,0.01470268309624919,0.005036570160723445,-0.0003902754775486475,0.0034009207767860057,-0.0018125367485541442,-0.0016280964987026923,-0.0004379635609492187,-0.00029765903384796407,2.249903030770285e-05,0.004650089409893413,-0.026282947310434745,-0.027365639834961923,-0.037145786439224227,-0.023582094907080978
22,100,20,0.024531138933752614,0.03942413599394834,0.014909704839636226,0.004543192754862121,-0.0019677684292185808,0.0047407371932589515,-0.0018629375261835109,-0.0020185176621251052,-0.0022198243897489705,0.0009764859946267329,-0.0009291112047482045,0.006453526344779539,-0.029628439606478447,-0.02807494798681547,-0.030969934249919322,-0.0212538617354135
22,100,random,0.022203687139098933,0.03244308891003108,0.013511627864345718,0.010526340948287326,-0.008897787322141786,0.0005479073691012866,-0.008063703685911547,-0.0019140437476328639,-0.004930569968666348,0.011063058911862397,0.00577482358146652,0.0024308169013110463,-0.016709460448979634,-0.024224598083992906,-0.033333141759599914,-0.02405915965355788
22,50,1,0.0234883015712987,0.04200218492745754,0.01539106602689493,0.006371484857616417,0.0027635184054541507,0.004696111339556465,0.006314762104809184,-0.0035558902018113197,-0.0053414394911925605,0.0030354283250336217,-0.0020507046574000164,0.0013674806102259025,-0.016587011919718137,-0.013202199242017553,-0.037767589289952525,0.001934873326999656
22,50,10,0.027587167585518393,0.04408932171694697,0.012305909436601842,0.0017042260207771863,0.0014293045328642852,0.005898802901503894,0.0044604908131478495,-0.005294160266725436,-0.003063986393508986,0.0005698056888410807,0.0022506841280333957,0.003690341065828748,-0.023918803363412046,-0.024612171872232563,-0.032098897447720785,-0.017668033250282128
22,50,20,0.027489021837448776,0.04489859913560606,0.013359157672635204,0.0034224066019840826,0.00048074733083710875,0.004474947438962651,0.001975981098561975,-0.0019349947979312731,-0.004932810984053276,-0.00018890624043528035,-0.00013343048490168014,0.005400903979142114,-0.028185971012305206,-0.02553974073153154,-0.028978576440692665,-0.020812606906998602
22,50,random,0.019182273982228264,0.03404754432018687,0.016575402196456028,0.01446105374029426,-0.011471248428480811,0.0060379366633852675,-0.010237554792893613,0.006265496949405056,-0.007733551146556352,0.0104120360510222,0.003090380582670936,0.011825459510750447,-0.024758222545316108,-0.021671725439232035,-0.008665560725601337,-0.013505127586840186
23,1000,1,0.014525925390527288,0.018565386663703665,0.017359070675199383,0.019217161428172737,0.0023673709589044174,-0.006291044595590887,-0.007139883080424112,0.004975781700324842,-0.0064446783406608725,0.003071853695267031,0.00343376085634545,0.009026757526860989,-0.021465659855403704,-0.023818009851614058,-0.026692517608434902,-0.012145767704376201
23,1000,10,0.01915162310675678,0.012693139601329426,0.014151146635490072,0.02098060053872707,-0.004727609711711652,-0.017210205610128267,-0.00419248457638881,0.0015204035595493713,-0.004194194754755488,0.002064299932304026,0.006023290999297738,0.009689493842527434,-0.028437820379234903,-0.023254071260682244,-0.022569924441408828,-0.01165795926382611
23,1000,20,0.018040140522119014,0.012974944881930243,0.014320331584347794,0.021310880076544057,-0.004597229358118866,-0.018318547222362227,-0.0038390473609054014,0.0013936180230177124,-0.004351496645486487,0.0018037363712160932,0.006598686791872063,0.009863283958618586,-0.0305851990898282,-0.024566011907777144,-0.023856713903371355,-0.01189522086912329
23,1000,random,0.01542908424511059,0.012724489009386273,0.013642580331141614,0.018508674429454607,-0.00676917196163364,-0.03385621131923043,-0.008471694920435187,0.010805333222929394,-0.002267957840585339,0.0021713504427533083,0.012398210229371612,0.00529261769360971,-0.040388562611460316,-0.034081174177962456,-0.022167138922681358,-0.010670505901230738
23,100,1,0.022968820632753083,0.006766160339299338,0.01580006710713114,0.02075145364084805,-0.008620830378746067,-0.03758480670945081,-0.010301860131716911,0.0005412722649696969,-0.0058822612582422485,0.0027660286169256644,0.009174759608328953,0.008245211189252106,-0.03445742006552799,-0.03225527944120462,-0.01599069225840059,-0.014174708345709115
23,100,10,0.02104544003270164,0.010579488349726043,0.01205647170181654,0.020271276253641064,-0.00722461489371359,-0.020774343973442622,-0.005053793773914574,0.002320034085433143,-0.004929607818822399,0.0016721487560125222,0.004208474448890279,0.007795704659069024,-0.02910931095155182,-0.028113167199939913,-0.019129574981580154,-0.012352052885785392
23,100,20,0.02177498600654262,0.011306139093700504,0.012243391507659549,0.02292517611885378,-0.006655308312690958,-0.02738837211941007,-0.0069383464392729416,0.0037407924297279487,-0.0051550402193932835,0.002182233676277581,0.005671289012541941,0.008907341457376055,-0.031061113835286914,-0.028949748357005665,-0.020623840588389904,-0.01195013637603772
23,100,random,0.01498655678219428,0.005149974499654226,0.01279843493750303,0.019071341099003575,-0.004497986793353194,-0.017133877131943035,-0.010691242438094693,0.019281048519494793,-0.00022287781310096098,-0.0017824561913676706,0.009870672554930642,0.005041702898254924,-0.03153914066914572,-0.037635703483684536,-0.027047457958156516,-0.010796156779272339
23,50,1,0.022086305576047162,0.006242894705745863,0.020259482852338348,0.02664026220813055,-0.0028405921087816598,-0.050684800865890535,-0.012276891717208728,-0.01301581399277682,-0.005654240441990206,-0.006814931634673943,-0.0007079288043862273,0.017249117189302644,-0.03353997020354383,-0.025802228055454755,-0.023116810085379837,-0.006727455745720139
23,50,10,0.01964513614483516,0.009358228564221877,0.015537194256476712,0.021325598771452157,-0.001961416343621114,-0.031066254865126083,-0.007735910914980091,0.002230999344899797,-0.004622012740398691,0.00302972871610703,0.002180309005606386,0.013937677948028795,-0.03147030183399809,-0.029896111258682537,-0.020506698083726717,-0.004906718187859317
23,50,20,0.018264962109762504,0.00868442620207558,0.013719602325676533,0.02548768392903471,-0.0025797131112080983,-0.03584218806297609,-0.010083848696933195,0.0021840465187072467,-0.001876690568642853,0.0023206217588842707,0.0012442306309560283,0.013063134462464451,-0.03267773853340195,-0.03266276146683218,-0.021493653487096497,-0.006412263814957319
23,50,random,0.02749840529046929,0.008908794069660081,0.01372340711140527,0.019069836568917163,-0.010276701806912465,-0.05174274964687623,-0.02350172258103717,0.0003794177830184471,-0.0038567953596485597,0.005137676474031909,0.011203351917996221,0.010244160701548048,-0.03671490115850809,-0.02578456066725094,-0.016015400992130172,0.006841703789874616
24,1000,1,0.01649362627474774,0.015366368093705512,0.016302003140545654,0.01944751212440638,-0.0025852069879718155,-0.004550329954443224,0.011389879023523621,-0.0030870258291023126,0.0032601035544481518,0.0014195537140743151,-0.0007558295696638617,0.0041195417074977305,-0.012055878305583334,-0.019628589292209394,-0.02305517844322937,-0.010307960452349932
24,1000,10,0.016789061983456786,0.01347152796067838,0.019596975364684095,0.01567906222145089,0.0036274021389956154,-0.0007135173343458528,0.004967499509996398,-0.0012273542268791675,0.0048453188240269885,-0.0023203770839052467,0.00036568133880196264,0.003593951205486454,-0.010642059703013351,-0.018241134517183042,-0.020867796793019384,-0.015716548613962846
24,1000,20,0.01526333780752773,0.012629417602752,0.01994285822451062,0.0158768303520902,0.003059075778162441,-3.6971769327710313e-06,0.004059590975179704,-0.0011507905755551444,0.005081781853036054,-0.003434356099788409,0.0004411518761195712,0.003324300427596441,-0.010557864839545046,-0.017393732684157438,-0.020242346899718294,-0.015199666658463088
24,1000,random,0.0106739351251288,0.011565365146455649,0.015648795037080093,0.01638009317977913,0.0035332136867296583,-0.005352043963780852,0.002326525903941032,-0.002483264265685055,0.0004039465716271462,-0.008048818665522747,0.004001421369915502,0.003505482117392895,-0.006443497142657292,-0.017537527429548228,-0.01774713392186017,-0.011147730302538572
24,100,1,0.014848322032364431,0.009451304313101556,0.02317706247130515,0.018362535731544175,0.0047495765617895465,0.007217440407656348,0.0004508869589636544,-0.0005365658260294434,0.0032335743995379187,-0.00039845688104618826,0.0020400134757376184,0.00036603292014830176,-0.013760879464492004,-0.022423309604249556,-0.023687664432489437,-0.02033610406265561
24,100,10,0.017884821829135686,0.010769797822029343,0.018249912753557942,0.01562848798643102,0.004603372013480823,0.0002342863922855872,0.0019718511967275884,-0.0004070312838501527,0.002399592218385723,-0.0030940832934409947,0.00026548430243199906,0.004189868052362962,-0.00781232668871118,-0.02030645828217928,-0.020761639138318935,-0.017066789674832262
24,100,20,0.01592604473193155,0.007741061404577196,0.019592293577631953,0.014974845733157077,0.0036469789501557314,0.0015852333330670842,0.002230885369518474,-0.0008213890269172245,0.003084977943995379,-0.0033772270174604276,0.0017188557970643805,0.0013098091499304568,-0.007380679719753266,-0.01969346572319409,-0.01964412067768465,-0.016016807516364202
24,100,random,0.017835076527193582,0.00816252555235006,0.01487749906183317,0.019648120624752144,0.004735427866547276,-0.0068370380951641675,-6.435121651066315e-05,0.0012875119009369458,-0.0016331203863065085,-0.013569343791348675,0.005294790417886361,0.0014984220457430488,-0.008820281227185634,-0.019004385856205674,-0.024842764783157504,-0.01103902398080538
24,50,1,0.02204385346157942,0.01313125100589271,0.017906564726103972,0.01686981149043102,0.005027617514104261,0.0015542050821631618,0.005200573998946755,-0.005970209629522192,0.004924654872546264,-0.010188290333197975,0.0023309606377507775,-0.000952169109452865,-0.018459468493380704,-0.0106800666545658,-0.026637279651183614,-0.010405348787520082
24,50,10,0.019170257384041905,0.0150102907624638,0.022068482064035555,0.01301049846776423,0.003061076702362662,-0.0006986287879994984,0.007615153866304023,-0.0003806666077388007,0.00270183606344096,-0.0038985843624151943,0.0012430849461418248,0.0016809039575148698,-0.013451616398678909,-0.017255607788214507,-0.022933285101684714,-0.015555583740724717
24,50,20,0.019126317460483756,0.012032694643569854,0.025286145435051748,0.010817832231518124,0.004307086541170967,0.0014941221243568287,0.0020426755247270473,-0.00029698512474215637,0.003961875671288675,-0.0071834680582510526,0.0019347299714744092,0.002042964504436394,-0.013012364212919725,-0.013349683351507624,-0.02016139206204211,-0.014364561130326657
24,50,random,0.013901517763322543,0.026488989593676238,0.018575004673884263,0.02432462323934055,-0.0036360282481784595,-0.008254929267821285,0.0059842692123701175,0.001899171147821972,-0.005546154951742784,-0.012137853610227574,0.013999902398939178,0.00045234394126928123,-0.0024091031934465666,-0.020292495239717184,-0.016882426553679504,-0.0008625385417390917
25,1000,1,0.03193183820511318,0.018140613677937484,0.01827739745623523,0.0236560559651987,-0.011113954556252722,0.005618414107854598,0.006234037611224145,0.0014264073336810704,0.005643309240099457,-0.00203090664140712,0.0034077299297304822,0.013265416892889481,-0.01838993415940479,-0.014094265095168099,-0.03738160299666952,-0.00909679046493607
25,1000,10,0.026014391195509662,0.019719020565931392,0.022734484995280614,0.021570062970123385,-0.004801468787805608,0.00868952027838488,0.005227031539515308,0.0016040533024792903,0.005956263434086462,-0.006230983086194634,0.0003484250068594503,0.005694488160334749,-0.012049011002497795,-0.01707771099534037,-0.02861490805839156,-0.01991563344325513
25,1000,20,0.02353955971144343,0.019800143291074105,0.0228949572835863,0.020830863936347723,-0.003898486939158232,0.0070215170280484305,0.005772627574416319,0.0012776506381156198,0.0053351962677563435,-0.005818469357183166,0.0010589682785700858,0.005339562067476315,-0.010777026566949998,-0.016626289369569412,-0.029451024247064188,-0.01988870218484961
25,1000,random,0.022104164291727933,0.02081665946273539,0.015558601474979254,0.01045897393853041,-0.0034340121875929613,0.0056062618442989,0.004394716742295336,0.0006628540131749767,0.0015781199888630047,-0.011746135881857878,-0.002347617203213549,0.00601104337368773,-0.007655841317271739,-0.010450182083122197,-0.021089790281797468,-0.021257779619084757
25,100,1,0.027178234640161506,0.023563463314921967,0.020622797790871204,0.01911520409559706,-0.004124619894651321,0.008844875823723721,0.005744647489456773,0.0031969703685513604,0.004128698166390353,-0.009119524082415396,0.0007041443995535635,0.004558524929479262,-0.012231002859721184,-0.02037467378554162,-0.02422315013381402,-0.014319643869656586
25,100,10,0.028684717852068824,0.021035699821690883,0.023746217546621665,0.020610269808488586,-0.005536744674368288,0.008717821651894357,0.006057096664002732,0.0038685011063845447,0.005980493292470551,-0.007498843977002723,-0.0012464526826243161,0.004671100279788511,-0.014378578215243767,-0.01700402683470026,-0.026363797302278356,-0.019892929058790063
25,100,20,0.025561373998086633,0.021449616758173404,0.020450291400163606,0.01904408734213159,-0.004936615419899058,0.0063631601482348225,0.008313351527393516,0.0011451591867653892,0.006345866442749268,-0.007717774505075216,0.001287163708526234,0.006145401184189717,-0.011982088208447105,-0.018000750350435038,-0.026403684694840227,-0.017533652357898645
25,100,random,0.020555141596481724,0.02730010981822957,0.01141169173759404,0.005795301160654608,-0.008303879710551914,0.009812444252354894,0.0032667542096750713,0.0017743246508349993,-0.0010685577127931896,-0.012999431574008364,-0.0077129138378361686,0.009703095311946235,-0.012875353695230128,0.0020363298382076343,-0.028992331399525523,-0.02129655393146096
25,50,1,0.029986901660531994,0.014537336824376364,0.012217046963506863,0.016910818862062842,0.0023084041247366533,0.014301841336606327,-0.0013603375642238548,-0.0062965004730985916,0.005491200773520187,-0.009039271105258713,0.0008079765450040654,0.010416856058664024,-0.021604840128514338,-0.011425428750864606,-0.041847532823804746,-0.018811064963790643
25,50,10,0.024307180709768613,0.015414249274518,0.024902071019717337,0.01934084629894783,-0.0014938133920245186,0.010166925248680394,0.006982682559747325,-0.00025072440497346586,0.0036295838560080817,-0.00898013900085079,0.003934769729511714,0.0054517275324572146,-0.02137222863129913,-0.01274021628526036,-0.028785985851058078,-0.015022425919179242
25,50,20,0.019922790051694467,0.01465052146897195,0.021977954016836006,0.017575707859833856,0.0007260251682636963,0.009871621466232246,0.006684215173914101,-0.00019672717255106713,0.005783116548923474,-0.007018159479983083,0.0013046318579289825,0.006214998279414269,-0.020896879271847663,-0.013169026429890988,-0.03744961134618914,-0.01680902005493182
25,50,random,0.017711832998330408,0.009734412299302149,0.026407392136869334,0.018546948484839742,0.005170528085418463,0.02014145496295934,0.0014652811527112817,-0.0061239002191710076,-0.0022500752430231054,-0.019956819274812077,-0.009258933197927838,-6.328324480437874e-05,-0.01732331979807668,0.003418984202780146,-0.034107505017883205,-0.023097276041548525
26,1000,1,0.018409406032313357,0.0305551098754787,0.018579791424301394,0.016787300471313896,0.0027959782244062303,-0.0021694659044919915,-0.0065518480633191475,0.0017095819582715966,-0.01750307509143589,-0.0007050570441429509,-0.004885082395449015,-0.007476362127863585,-0.014643314655297356,-0.014284460438408671,-0.013952950933487557,-0.024221179797400502
26,1000,10,0.01750448534024767,0.030880470692104874,0.016587804829658055,0.020523926912293256,0.0016407617590570183,-0.004013186231932515,-0.002271033484515269,0.000720902478701503,-0.01046741769487832,-0.00042391632632934786,-0.008299282805740492,-0.00463658574512418,-0.016450823603241283,-0.012410361940221298,-0.011850697067611788,-0.028445965458481368
26,1000,20,0.018597138065922284,0.03225473814223324,0.016131671610598707,0.019666244094477116,0.0020633612553552323,-0.0038683887692960617,-0.0013117298246905702,8.258413414482491e-05,-0.009685013423554278,-0.0015322530292095713,-0.009692863145966638,-0.003979603296778606,-0.01727214521823331,-0.01103076414275968,-0.012647890261127889,-0.025221774504003577
26,1000,random,0.016211358233362637,0.033358168473160824,0.017942163278013953,0.018248693077269777,6.819693199018881e-05,-0.0073937112750976815,-0.002299834752042216,0.0020239172883731935,-0.01032079057321247,0.004448245195118801,-0.012763039462543334,-0.007738106053890792,-0.015732724997891093,-0.013208999987183848,-0.017219430143378876,-0.041395366065903376
26,100,1,0.014078432992872132,0.032958351329432076,0.01905446548545787,0.023496646809778164,-6.834709827892009e-05,-0.0043913354418164356,-0.002858922788775957,-0.0071981359199474165,-0.013353738080668648,0.006177330216069242,-0.014301674371241392,-0.0005235588564589823,-0.013959735451769865,-0.012274248439182862,-0.01849109158738239,-0.02300123741141503
26,100,10,0.021685369997449733,0.033568615863838996,0.017410923894513233,0.022203560211515386,0.004233559661753463,-0.006278727335000178,-0.001599329194591161,-0.0017239877029234718,-0.010398640201279714,-0.0024344401756911517,-0.00927841166519034,-0.00271699588801785,-0.01857492482595339,-0.009893314516432064,-0.012758465051942733,-0.025913056485612568
26,100,20,0.020450409529680875,0.036337237003623464,0.016151748035228054,0.021297129596241464,0.0051193531210362185,-0.0063274158410784815,-0.0008627040067903214,-0.0022803874122984853,-0.007760362538805879,-0.0035796858464768717,-0.010313910404621696,-0.0016261435614905967,-0.02033307965092216,-0.007719576264218899,-0.011621613324154066,-0.022188553236461333
26,100,random,0.014173578566929785,0.05154891619523905,0.01635700540731987,0.019336546894921956,0.0032877984315870796,-0.00498148391022987,0.004450161651483925,-0.004769014181524413,-0.01569563618804078,0.0032404362766067065,-0.014763056724921857,0.006598356695518192,-0.02466291720621842,-0.009316232787127435,-0.017523440097887626,-0.04768853272747259
26,50,1,0.01934619776377484,0.03220789314011796,0.01451094630678655,0.0187023815662925,0.0022873275891025103,-0.005152487868285553,-0.002294333136323942,-0.006243655194678294,-0.011132624009034016,0.00597128024958497,-0.015206064852531207,0.002319906584563742,-0.009433275870990458,-0.019270176244532988,-0.02234231643615522,-0.0302686315810199
26,50,10,0.016487268614708804,0.030560414819766336,0.01783768518906611,0.021283825085948973,0.0031222388549902104,-0.002514296578735233,-0.0025417209923145967,0.002829174209282814,-0.014319823246588167,0.00223335175479519,-0.007932748510385,-0.003241679135905042,-0.006031063620869206,-0.015208632177179156,-0.01115317337902421,-0.031433681201592525
26,50,20,0.01807225579352123,0.03262998000786334,0.017721444006602232,0.0185986373731772,0.0037828659305518555,-0.0029660528869541,-0.0005946359415094044,-0.0004102285789477694,-0.014130389264545467,-0.0011615773475664299,-0.0073501880981101135,0.00025669282363225397,-0.008231121408735926,-0.014473784613122364,-0.014358278925988403,-0.02834853195714344
26,50,random,0.017345466111016377,0.0320146383907025,0.016953693282022717,0.014299191090816222,0.0020697681089418773,-0.0031810256745738483,0.011574625551512077,-0.004881428805024542,-0.008975950335061673,0.006266759929118655,0.0029990460132309606,-0.011650803394505953,-0.01679888171144727,-0.029967452737755664,-0.014472814313206435,-0.05961790012728424
27,1000,1,0.025998073682884277,0.018116005571010896,0.04196098905771769,0.013816710473058985,-0.007293545011143634,0.007297022501559754,-0.008269820729521097,-0.0045552833300410165,-0.008136128453242148,-0.015657555517938983,0.012121779104291476,-0.0044585809008586726,-0.01614208398247295,-0.03434609108967812,-0.010336940234470222,-0.022012634191441196
27,1000,10,0.020831119878891382,0.02154599320761194,0.0290795838876318,0.01391854255261254,-0.007434614051583755,0.004505660998050319,-0.005990239173634313,-0.0003206905813802218,-0.005344749387750132,-0.00685637443292191,0.006181295240642269,-0.005674171923282905,-0.011251528204803915,-0.03450653066631415,-0.016345072651019244,-0.016394103450807232
27,1000,20,0.020542033336158217,0.02070476247310333,0.02881867496746986,0.013991279259975826,-0.00810022066383495,0.0048661405846339885,-0.005622072893168043,-0.00020822480285022547,-0.005182260054127465,-0.006716026505099033,0.007296015253786244,-0.007205716449694329,-0.0119817116562565,-0.03407013027057849,-0.015500816269680473,-0.016326349415981264
27,1000,random,0.010865943419432584,0.016159924672597546,0.02637505101249579,0.006556633035183304,-0.005941398582415735,0.002744282864606396,-0.00261360927000776,0.0035201871753228206,-0.005475520990168271,-0.004031677329802185,0.004531324186957747,-0.010910793516305188,-0.00790545700315897,-0.04326414556945454,-0.02652044626912389,-0.010823376356894968
27,100,1,0.0170060872919273,0.029268475400330316,0.033719465323045344,0.01464120824036529,-0.012281395049396132,0.00512746819138712,-0.0037632258199263064,0.005694553829364062,0.004348271132493361,-0.0011650134288601723,0.00427935805542711,0.0029934991279100998,-0.014635210549106293,-0.0337008542848225,-0.020605461153832445,-0.005696243144119495
27,100,10,0.022107373957316927,0.023692427812061746,0.031197741200326114,0.013865881337078409,-0.008266133957389057,0.004554832916681657,-0.005917598284735735,0.0018395646864980135,-0.0033471136299396665,-0.007500097162400592,0.004839938301935827,-0.0021418834249820455,-0.009137284745054793,-0.0364216901308651,-0.014277704714351334,-0.015172971748362117
27,100,20,0.021257984991295092,0.02539336001466112,0.029264871602182742,0.014547423158171402,-0.010009382500100476,0.004506961914955747,-0.005134079930707227,0.0017715413407025872,-0.0021226658545705516,-0.008045125931749827,0.00559636670068622,-0.004514562014565835,-0.010443023998962856,-0.04129287908627944,-0.012223881125564023,-0.015049279680185578
27,100,random,0.015289288838820142,0.016195122246804076,0.017913216658281658,0.008224345956605282,-0.006973232860438007,0.004534913053536094,-0.0022514840105826005,0.0004683356506811925,0.0035634439574552183,-0.0011045021026940716,0.0024814997211251026,0.0046641835581471315,-0.0073414408672282895,-0.030838823114296084,-0.045985271794054594,-0.011961502940094682
27,50,1,0.014564353579989702,0.03373238860078581,0.01959924862039833,0.018884749049616026,-0.007053048550960146,0.009402232946765924,-0.007895650154258478,-0.003727324126980885,0.0008068259743900175,-0.003703062589076036,0.00021430616828197371,0.007598271432928814,-0.021572848873148216,-0.029801168342850643,-0.026601033365761893,-0.017796640246288204
27,50,10,0.022460667163488494,0.02369302282304237,0.02985650807252077,0.01567001804303318,-0.00602892443125064,0.0055803005131224,-0.009181504015215813,0.00016362193478219417,-0.004586681744546988,-0.004496161333742164,0.003911826850652301,-0.0020543042746938873,-0.011533501346368241,-0.036692255266696956,-0.02639402110115209,-0.016739259309838744
27,50,20,0.022612941398005404,0.021799720912385297,0.02895367354410948,0.015634622233826855,-0.006186910638100392,0.004371866475712921,-0.008345832054684999,0.0009310762083415503,-0.0056655115451846,-0.005818760839522196,0.004511958095452739,-0.0026677863299817218,-0.012108693112413324,-0.042338621555474895,-0.026412141303539624,-0.01802711395723719
27,50,random,0.012628924714284619,0.021219616361881355,0.030247467690416988,0.005631154093959838,-0.011281726580400187,0.006363510640227865,-0.009423225104596603,-0.003251010131766284,-0.007837623508051521,-0.000653518412977318,0.018237254711387638,0.005280339616919915,-0.018040708812392184,-0.11443781232073805,-0.039608507140794,-0.02214156754888147
28,1000,1,0.013365389855676006,0.024911876310673906,0.026209018085737293,0.012351236275530555,-0.00015383414562183175,-0.0030123908795287547,0.002292946348029523,0.009820387792847446,-0.008580326050017573,0.003676114081886299,0.004163497444490175,0.013095735236987056,-0.01306890021594358,-0.019574171846048198,-0.006941808688325729,-0.03345584545546305
28,1000,10,0.017014435792692986,0.02304938397087441,0.02379545996531832,0.013833958089254106,9.022927338819187e-05,-0.01097359973913696,0.004990265829964351,0.005121589111928451,-0.00757807630189592,0.005969271378674579,-0.0007461721343329268,0.008167993078173773,-0.012407654156943997,-0.018361972916449934,-0.007067543580126458,-0.025476514207786165
28,1000,20,0.016900688376931337,0.022838647659709315,0.02204085689062656,0.014033256752368856,9.820142291635469e-05,-0.010717630407694424,0.00543930374562578,0.004116940110101414,-0.006833241220162783,0.006196996334517855,-0.0019843756289270897,0.008372536970767007,-0.011644312852221015,-0.016480541031142045,-0.005326980251198639,-0.02235784225721838
28,1000,random,0.017855010555565452,0.020080170297090062,0.015233134736001819,0.012579469130455437,-0.0025343971110786973,-0.016706829080075376,0.0054253626381181195,0.0052177066781136355,-0.011390725773870713,0.008149796084055357,-0.0058611852472332275,0.006528788724336973,-0.005578329565169315,-0.018534434162735425,-0.006310098559399549,-0.017667654927053588
28,100,1,0.02050647845364449,0.01878954599171322,0.02288961759248473,0.0134034935333892,0.000747695665680874,-0.007509234852643095,0.009018193538634435,0.0035535362256619045,-0.014444177358419871,0.008758959438742523,0.002038766321534791,0.013340810450227227,-0.010001408311937559,-0.02174897186781025,-0.0038168947919147984,-0.03130096124657977
28,100,10,0.016069959166162228,0.021224090965592232,0.02582621491523819,0.009065102536375942,-0.0023354630280874237,-0.010732364844474181,0.006326845458384618,0.002999060596849488,-0.008602879290426975,0.006815656750413773,0.001347519289981428,0.009394716418058995,-0.009309040257450534,-0.018744813665027275,-0.005759928673591944,-0.027988547725999464
28,100,20,0.016399511549906872,0.020656677162321984,0.02509065674492542,0.009887058059348766,-0.0013241366230001283,-0.009968373185064845,0.005440360912406555,0.001982860750204234,-0.00646154526128226,0.00577266438466693,0.00102556618936732,0.009949916637815968,-0.010170118927199325,-0.016391431123391063,-0.0046860622178576455,-0.024068392052572104
28,100,random,0.024635875064742345,0.018791252498375523,0.01643056715084758,0.006929451806666697,-0.005589001824837276,-0.011523872313852738,0.002241633608968111,0.003960714991665892,-0.01900132229158798,0.012797545495854138,-0.009218950151234752,0.005376518909365599,-0.004188589851159191,-0.02242008258065473,-0.006173107532980858,-0.02134166099955004
28,50,1,0.01548631372986551,0.017991159944680007,0.02462221070752957,0.011299405525843931,0.0004448256841306695,-0.011085905261170991,0.0029068953143390275,0.00839971058055077,-0.019005829416372605,0.008414654020732435,-0.0011207972245813088,0.008371674067504912,-0.008020242032113654,-0.016382206227610198,-0.00898257416307543,-0.025533897746655224
28,50,10,0.01482168307824925,0.0221406854859118,0.024537024937608416,0.015787725624648176,-0.0012803759677291711,-0.011939130114287573,0.011274227013889603,0.00927751045093609,-0.012883643326506388,0.007792136280504415,0.001004975048825231,0.012124166819204259,-0.014643991252853962,-0.021337018721412502,-0.00028013266224845144,-0.029631362629712502
28,50,20,0.015080619010540709,0.022017415849830198,0.02269102975368909,0.017463303253900123,-8.729494635812533e-06,-0.01259017771927879,0.011340786042616041,0.0059143375622056115,-0.0135156145946142,0.0067526161514797674,-0.00030687033104005105,0.012170041734282861,-0.01122914715743975,-0.021966704377133134,0.0009651059310005266,-0.025108851216538226
28,50,random,0.022984210845567142,0.01566900385920013,0.01405104061078595,0.016064078077256017,-0.00012893651463735464,-0.014119183624906695,0.012772234505283508,0.009739756136530416,-0.03426598165749971,0.020949281167630965,-0.005724780140421508,0.009405841688541725,-0.008851493195633785,-0.017204874679904166,-0.006230616841104092,-0.01974843038921408
29,1000,1,0.01038648670519267,0.01765116908206642,0.01915783941403809,0.019978864196648367,0.007670774282447584,0.0020560331807012665,-0.002325663792198662,0.011552658875450764,0.002656832590455397,0.011288893797738725,0.006504181641300108,-0.001570130006988781,-0.03364441363488282,-0.012508720805347194,-0.011564762808118663,-0.011846493727532303
29,1000,10,0.016110624123981447,0.013246278312860573,0.016854996091058172,0.01626249412695312,0.004761194316731146,-0.0021391686454011426,-0.0009539718422200255,0.007449435221258058,0.004661408636505228,0.008162169219854182,0.00966943110102681,0.003900115640809137,-0.026037702449289147,-0.01954484138459823,-0.01212452686274526,-0.013964568104358897
29,1000,20,0.016608508749165328,0.01294708904204296,0.016649333558708176,0.016244209165590644,0.005563405006340913,-0.0027380785476023997,-0.0009766222105944465,0.007612798528806691,0.004546248569901678,0.008295515483580368,0.009600928618071656,0.0037272227593529586,-0.024368659653252432,-0.018837953493131585,-0.011439198820474828,-0.014578414681792428
29,1000,random,0.011546769100671749,0.01565777260236416,0.019213472766083595,0.010479456836402286,0.014163310606680529,-0.0017600128519441977,-0.0022249656578190355,0.006192868520110329,0.0008457174101330847,0.0018585536922187632,0.007796288812572094,-0.004886492917285392,-0.03347575058189119,-0.015098103259212457,-0.011282418528170779,-0.009808709258399792
29,100,1,0.016316759851486617,0.012833380850282034,0.01563037539553983,0.01623042026968631,0.0030466069082021184,-0.009360981539098121,0.004747688611969067,0.005986224749547,0.0017152088750779827,0.005300173501227369,0.017142911641553595,0.0068311440356311655,-0.04080871999213417,-0.01677859966644876,-0.016653778825603358,-0.015329848099794473
29,100,10,0.015726007810532665,0.013818719675966522,0.017351011092022157,0.01756141340117855,0.0017042912798687433,-0.004679438211528623,0.0014826814810338276,0.006764466171385115,0.001338783597506171,0.004502988010140625,0.010008773074723726,0.004709211468255945,-0.028764161547622735,-0.01801903176386779,-0.013321587979048082,-0.015285148349210412
29,100,20,0.015852696718938002,0.012391923438274558,0.0162996757874253,0.016584001872280905,0.003145350411617419,-0.0042145545005267465,0.000758028208806842,0.006731367463456263,0.0035783365354231174,0.005088105928245659,0.007877412656378247,0.003079125764049367,-0.025756524551218046,-0.016983294361657623,-0.013121427415078464,-0.01598943861493711
29,100,random,-0.0004613928042577962,0.014357536203341147,0.02105126644973815,0.017643088221346494,0.017490071895480675,-0.0030961174443516907,0.00317810942254636,0.006622732681986534,-0.003029430194505114,0.007636655590085263,0.009550444291871036,-0.00922019188196268,-0.041541337138373116,-0.012420577709738638,-0.013273976334107115,-0.011277464886820177
29,50,1,0.02210347051662942,0.01033345732719176,0.013746463607885008,0.01939406583374811,0.0030035601416445548,-0.014477391607786348,-0.0007715769576794868,0.003185509277935568,0.00030270222762216587,0.011929659391519848,0.015338526754708202,0.009565001117917409,-0.03462008008698355,-0.030243677029628456,-0.0046469807662275625,-0.02331223933873735
29,50,10,0.01886333165606304,0.014831871355702256,0.016883538760553138,0.019465744735896465,0.00819106924786977,-0.0038017581950746154,-0.0001428441856842968,0.010849629284057706,0.00585842155475925,0.01773610229874441,0.013503815571626316,0.00537966295910473,-0.0325067713206076,-0.020720686176274275,-0.016553711404288934,-0.010594373870399855
29,50,20,0.018085015768634426,0.015260117898691852,0.020857498369393747,0.02039286550683866,0.006503550800735083,-0.004290289247884932,-0.0029498963777338408,0.013193267001612781,0.006279668378846198,0.01859814238328683,0.012677690191470465,0.004330183492250381,-0.03053133158053409,-0.018623847968794592,-0.014906970638816451,-0.010438021493970571
29,50,random,0.004723993631351206,0.017885977855730286,0.010961365492187297,0.017763516423872215,0.00961866156975435,-0.002278261415704401,-0.0034079317368843815,0.009489597616046962,0.003357323779446712,0.008146023170715633,0.011263552258634096,0.005869765645011892,-0.0349471123639603,-0.01835317758008609,-0.009639017883758235,-0.004609741074462208
30,1000,1,0.009393329595715594,0.02270883041456519,0.018728676308619838,0.025001619048727518,0.005166724244625505,-0.012032677808483386,0.009211063408731188,0.0016662619119072939,-0.0066788622946421464,-0.0012854149622413698,-0.003752390446739422,-0.008361400240248314,-0.01108522276469003,-0.017238565421765717,-0.021608615100089882,-0.019579667508318663
30,1000,10,0.01271865991165252,0.021718676036076363,0.019495869443666505,0.023188529973500367,0.0020558887150790082,-0.007278666189954392,0.0062127305389795395,0.006023392980787433,-0.008918063801231987,0.0029446404217267938,-0.005382951304208461,-0.00740538997734474,-0.007661422401270819,-0.012876420378628005,-0.021414903152423972,-0.023662563914150957
30,1000,20,0.011668425495353157,0.022104761895786744,0.01986132695378653,0.023766137917423064,0.0018985671973877905,-0.007394718428053064,0.006183436590595327,0.005583205364604945,-0.00941499153492779,0.002583185622220235,-0.005625864992785654,-0.0070833393178681816,-0.007622485808434918,-0.011294561695811535,-0.02147804051493239,-0.026207035119481317
30,1000,random,0.011421182405087996,0.02116325957461749,0.017537202352936102,0.01702797659240381,0.0027054845173688185,-0.010481581754496936,0.0030715762494922852,0.005904359787328615,-0.010657474744407515,-0.0019825247740173856,-0.006096897653907985,-0.005683920859931586,-0.007729073149833705,-0.0031130037352833295,-0.031285895570211456,-0.015240990539142652
30,100,1,0.015985784373224645,0.024620514184356786,0.022082903545685047,0.025278262963072277,0.0023338947727876754,0.0019341384554003992,0.013819208007118326,0.014079960424585838,-0.004179975154609484,-0.002155543264082034,-0.007169294613631715,-0.004497449069033319,-0.0135481909885894,-0.00495494266929519,-0.023052901927998578,-0.01678617384426953
30,100,10,0.013600119856844249,0.023657947500828846,0.019139045948555415,0.022240121718299633,0.003680594627782676,-0.004428343364459463,0.00977964264236326,0.010736514511887006,-0.008189547775363834,-0.0018614906689343688,-0.005441469199954224,-0.009056030097429878,-0.008527647361201802,-0.010615909121771577,-0.023419669518888214,-0.024094612236478335
30,100,20,0.01368808084032652,0.023081387613277517,0.018587811272598828,0.02277781948112457,0.004772940946543652,-0.0004047365241592389,0.012790972038173936,0.011346350408755066,-0.00985254951168983,-0.0006815784674229377,-0.005982224338734237,-0.008161702651041356,-0.00683727062639552,-0.005636938015606232,-0.026013773141706515,-0.029119787027965888
30,100,random,0.007225214553624502,0.023932470192882596,0.01723358985685418,0.020054699978488428,0.0032601074866019488,-0.010185200088552294,0.002803697481497868,0.011860226506834127,-0.007352317778793782,-0.006012659696865795,-0.00521911214518604,-0.015718653376163377,-0.0033700502541346507,-0.00406153091258779,-0.037275014318180914,-0.017026732851941947
30,50,1,0.012991005535126247,0.01830775342758842,0.016853961420670596,0.024210038995136973,-0.0002670083598775211,-0.01520738750877846,-0.0036015565138344027,0.0034949428912270986,-0.009078464025324338,-0.0011184634182683658,-0.008082740856385101,-0.006840579799290088,-0.006086078459489042,-0.014958549815511264,0.004497284544524242,-0.018587326181081377
30,50,10,0.010612695316247648,0.02278323519204624,0.02130777101031869,0.026719395794414073,0.0014876280891931819,-0.007166956793640716,0.005812209981674264,0.007511607961160802,-0.010907501494329185,0.005349973869356131,-0.005222231615248976,-0.011858902116361524,-0.003533047159572445,-0.01189836913971071,-0.013324613263618388,-0.02658636048425662
30,50,20,0.01045496854027606,0.021841066448964098,0.02268842818423525,0.02570739814143841,-0.00022559905542054103,-0.01188842867609845,0.010574453141206752,0.01015714608897492,-0.014965925822742997,0.002112940694013259,-0.004881517233177693,-0.01422979651619323,-0.006524192311648596,-0.007366861523712552,-0.013897919961734987,-0.02620668063812242
30,50,random,0.004925571936852198,0.025486865532438015,0.022733597163214225,0.01793125686849572,-9.965428051231991e-05,-0.012690182607990014,-0.00823083007375782,0.001838688267405371,-0.014649837469108203,-0.0031830434709112687,-0.010355603396795768,-0.013102377878786398,-0.010501982251631499,-0.008064620319252966,-0.009221087282069594,-0.014641348948180382
31,1000,1,0.035753892120445815,0.016919855292117963,0.008682993189324584,0.016932639233681074,-0.005238363753060401,0.00526580994526002,0.0032907575526898622,-0.011031926050343683,-0.0031171183014063095,0.010471593448388527,-0.007718440818613621,0.005613143390956466,-0.025607980996011158,-0.020714422679914402,-0.02350392266344161,-0.015486300185715634
31,1000,10,0.030332364795443833,0.014407165786240314,0.016331040550553726,0.014325547874777063,-0.0008913971514531089,0.0017834247538548414,0.0017762034411473054,-0.00785973992538389,-0.0003836740475968379,0.004415348437063573,-0.005032393766068158,0.0019927907901761467,-0.026956806521585018,-0.015222980915934114,-0.014001864717113423,-0.022894090477830947
31,1000,20,0.02778601353589004,0.014547330157403258,0.017524018155896586,0.014525475370442086,-5.754571631576208e-05,0.0027134370802319395,0.0011252823627007902,-0.008769232732794239,0.0004059227533665925,0.0033546049031179053,-0.005408779530810439,0.002493497260680027,-0.023787537415627127,-0.014984151569231673,-0.015366480345908295,-0.024284169366758142
31,1000,random,0.020258579943592266,0.007163857933461224,0.01135894907289879,0.013758727232867028,-0.004228110281539092,0.004364589032381557,-0.005630857290240308,-0.006497789684695475,0.006802835450271223,0.004846692639841477,-0.00247741545789056,0.0022496846967829465,-0.028614232459150506,-0.01987277512578314,-0.008262989670852292,-0.03656832317075936
31,100,1,0.032294725954450744,0.017694141198950183,0.019098337295181674,0.011731691232716415,-0.0007574216012422142,0.0005674809717707084,0.0037507385363531663,-0.012735401083985966,0.008613173910425105,0.0019412082577844809,-0.004391974397827536,0.0007232881578068288,-0.026626356631213308,-0.019888587814199513,-0.01508143276580719,-0.0274229845210529
31,100,10,0.03004439289452504,0.016127346376531196,0.01830021025806923,0.014434293149444194,-0.002588241278615562,0.00278577982293331,0.001959278425791569,-0.008213980062788154,0.0034363675128485493,0.0028745061830364456,-0.0056223490041687856,0.0020581296275842824,-0.027831998074478254,-0.014893272196504076,-0.013586535748597903,-0.025273976182752685
31,100,20,0.030597801522281094,0.017185065803984642,0.016198890352701438,0.014926733750669252,-0.002617429224661262,0.0019088647545016713,0.003762579293247258,-0.010938734286176317,0.00673566232959699,0.00013876434538970063,-0.005019401679114715,0.002852129593256655,-0.02290178593136147,-0.014738851886999837,-0.011595596437153494,-0.02451564983188965
31,100,random,0.01838298716470546,0.006470501797192444,0.013385826656378911,0.015301219723144553,-0.008568453156771795,0.009245083496891305,0.0005453594909494971,-0.006881757673490938,0.01747146109502023,0.008533974836767868,0.0004110077145740967,0.0005248242222512086,-0.020460064756738748,-0.020078829493176062,0.0022815656534941582,-0.03882794890363824
31,50,1,0.034761848908245935,0.011457389837240409,0.014306645348257723,0.009805861628677297,-0.0003852557266098627,0.005556060224577551,0.004756234680696507,0.006498477847986661,0.009772290707014002,-0.007536942910213995,-0.004023887946030032,0.002470534457668044,-0.024087700931032425,-0.01578914049448546,0.006557171359457921,-0.014839805719691028
31,50,10,0.030285671306027412,0.013060677697886314,0.019719372707546833,0.01573414312542933,-0.0058080845347037256,0.00021593397037980675,0.003296391443235781,-0.004754829382233734,0.00612449724961361,-4.219687133050222e-05,-0.0029334847464548125,0.0027173494573518486,-0.034743661925564225,-0.017376506616172557,-0.016055447152012833,-0.023792681307756053
31,50,20,0.03019958252769718,0.012106715002107738,0.021180276541637177,0.014514385679945193,-0.004345857074502401,0.0005719251629158952,0.002008636843131312,-0.004544982680983516,0.0009335219677571363,-0.0015056040963832926,-0.005236997906228848,0.004500594731245623,-0.030350764631505097,-0.018094735468965117,-0.018890635999626766,-0.02352533790207939
31,50,random,0.02197867318689157,0.0027339661053216026,0.016379653870725458,0.01225476605634307,-0.004771209549102423,0.0015220362761548603,-0.0012478716277692932,-0.0009162125476354604,0.008800564951056574,-0.0021686300223872383,1.708376670384347e-05,0.0030227454004870527,-0.023088226924968442,-0.023852568489960115,-0.0036795403110321304,-0.0443359203112341
32,1000,1,0.020790184956443507,0.00961587745868089,0.024861854807866835,0.011924862869130493,0.0025591659227816757,-0.006724177291052863,-0.015483542504161174,0.0005920082137052323,0.007988291494253343,0.0029828354520146164,-0.0023501679737306332,-0.0015011495141976376,-0.013215596991227416,-0.008369404187283755,-0.007601913883449472,-0.01524875557087636
32,1000,10,0.020927198147086733,0.013169797399229905,0.02048572909482759,0.014424673944918994,-0.002638867576549476,-0.008455477225799849,-0.010465864231421956,-0.002006570293148168,0.0005238660363934061,0.004292499050436667,0.00047121522842429384,-0.007579894357614782,-0.015223189795250785,-0.01766020618974338,-0.0049174705743721845,-0.0147687644134069
32,1000,20,0.019837984332999225,0.01208978095687927,0.01917411074367299,0.009723538442348877,-0.0019366014077531394,-0.008183183600098828,-0.009684192120338421,-0.0020316083117592233,0.0007902434947904435,0.004784119473615125,0.0007740304015003876,-0.00867480411887446,-0.016092539858387447,-0.019573491201445966,-0.003659721800070557,-0.014361122549951675
32,1000,random,0.0210676381199858,0.012344720236847063,0.022388898668777493,0.018498747941895124,-0.0008219314265120228,-0.01135534860922988,-0.012353492204886253,-0.0035151656742839956,0.004413951149183908,0.008772457213651103,-0.0011103045866382862,-0.003090745329077768,-0.031299532353118546,-0.024828588309236406,-0.003241803781460005,-0.014687140147632081
32,100,1,0.017922855176055737,0.007964116129477927,0.023632340548425917,0.03405864545585198,-0.0013362512563550618,-0.008467517206396586,-0.008047415360043862,0.0019045847533393937,0.0036401480517952033,0.008139875993154206,0.0025896244226272405,-0.0050964933294031555,-0.01380438388341986,-0.02027863192749339,3.850821551350104e-05,-0.009004378086304984
32,100,10,0.018768747981032563,0.011220067690347037,0.020376701134702198,0.004846577975617623,-0.0009874768474821983,-0.003700480675794501,-0.010225161718976826,0.0003728042580454313,0.0014655801053938369,0.002078326903164057,0.00028415887197835775,-0.00832424340328308,-0.015098257718529086,-0.01831183295927752,-0.00733844782931564,-0.0190538157119505
32,100,20,0.0179449810511914,0.010782742872543657,0.019726088623787472,0.0010832871216386987,0.0003107900734643635,-0.004724825702015356,-0.011167215749037455,-0.001600934576604027,-6.72962919225359e-05,0.00411153013086288,0.0010786219254463353,-0.01096600020306196,-0.014897920572136885,-0.021648615428343038,-0.004195134099740869,-0.018164026067892542
32,100,random,0.013178751900942368,0.005258831387996166,0.01135342338752466,0.019430151732184993,-0.004125058727303533,-0.006601647503738079,-0.006625576834060857,0.0010438725746698407,0.0023356399558013066,0.004232327891203429,-0.0032133178964143853,-0.004016892752379986,-0.01762035216581045,-0.016401607833617826,-0.005935331356601756,-0.0035455703011439224
32,50,1,0.025996054940645927,0.014048808536256221,0.018856099799671476,0.04071621163204466,-0.0016193003325731781,-0.0040298108391605,-0.015240131285735986,-0.0013759296482413602,-0.0034819481738034563,0.008443513587333392,0.0005137534934580746,0.00348473569089877,-0.017621831839987688,-0.018223145664497717,-0.006455706523785484,-0.001635997952729852
32,50,10,0.02599258620779532,0.016234385164824002,0.021538538446638385,0.032293147558754794,-0.0020883453821880778,-0.008298809998458109,-0.009086014856810567,-0.0021278017144632927,-0.0025152243100544443,0.006151277138505415,-0.0021374501022440578,-0.0012976597876411967,-0.01672267039133933,-0.01823516930378599,-0.00223958479358323,-0.007948087565531493
32,50,20,0.025792691215466693,0.015568701308120918,0.02119218237217538,0.013943021674602384,-0.0028216217817535684,-0.007494230306349189,-0.00984641728691689,-0.0021860426413896285,-0.0025537245543780286,0.005355906008175694,-0.001960836073496526,-0.00328095806438328,-0.02124973063945252,-0.02917402096592357,-0.0014259661301914493,-0.011254558970638736
32,50,random,0.034915607028692085,0.009125217137859134,0.012849336518985217,0.009854403195278782,-0.0020491599678641582,-0.006650173798169795,-0.010127669704535009,-0.009953704965884776,-0.0038516722832317263,0.00947866132318155,-0.001739240848598984,0.015867369806348352,-0.022152766256914487,-0.03379714382322851,-0.004569219668071157,-0.02787216026567483
33,1000,1,0.018768892597080238,0.011442696379934513,0.016887955589808216,0.007498402261791686,-0.008579805366703426,-0.0039158264025390245,-0.00786835360081785,-0.0022159040668577813,-0.009929327329339356,-0.005119744496834583,-0.0005833616778347858,-0.0004313374254156569,-0.0073421622611519926,-0.0209803678142513,-0.02456793657391275,-0.019757532863471244
33,1000,10,0.01994303308614917,0.023711124121166664,0.015761248663368557,0.005963921113072138,-0.008802478639619703,0.00019680658209618787,-0.008188655140815735,9.184169562323083e-05,-0.009263371066134838,-0.009443282943624424,-7.638990113167226e-05,-0.009675089465995124,-0.009786987799256835,-0.01677284612731984,-0.022781851433329028,-0.02200641979354637
33,1000,20,0.01908112100417762,0.023168296333896107,0.0159235462052078,0.006622628695311797,-0.00906439663373514,0.0006507414530531036,-0.007849090159024413,0.00017796311687052512,-0.009352716804354566,-0.010299538370905269,0.00015158412653877627,-0.009652919116474536,-0.009364620582842246,-0.01707616916649436,-0.022249289011256557,-0.022011345838786018
33,1000,random,0.023705924806898458,0.016798248706879352,0.014711124726525223,0.00829447033283901,-0.005607833158663974,-0.006169935756582379,-0.009958120049732424,-0.003773068411118278,-0.009858358577550472,-0.004903719529870809,-0.004052154005859463,-0.015150807174645549,-0.007999951962567904,-0.016780595607337998,-0.020659774036973694,-0.03407515531961171
33,100,1,0.02068005687141795,0.0011638704615426028,0.017321899523142913,0.005963507151620646,-0.0050983125035637825,-0.005055355576538686,-0.005048970944409278,-0.0017074039011412184,-0.021533651318385128,-0.008569800212290877,9.82523920329166e-05,-0.008362991837781773,-0.011399817210731928,-0.013695328350171253,-0.01761641850006123,-0.02019309263574115
33,100,10,0.01953924106703777,0.020402149235297522,0.0168407499395777,0.0066491938801887885,-0.007804770739570576,-0.0001643317518989834,-0.0071308388899080505,-0.00028414719325675825,-0.010458761226242867,-0.009702702550357456,0.0014513794067457745,-0.012344503260552918,-0.010250093510060022,-0.015478147090128336,-0.018655578452841774,-0.01602496457105084
33,100,20,0.019809338256801607,0.020659666831808966,0.01674110440545452,0.00802823487651209,-0.008318352177302889,-0.0001891095331547877,-0.007731200642490445,-4.6029510464257184e-05,-0.011574608211243707,-0.007924205497480206,0.0022429939059423094,-0.009584655116252429,-0.009438173177254799,-0.016655638935218913,-0.01930818001147514,-0.01802512517620408
33,100,random,0.01827253872807193,-0.013355460898646873,0.016329475753761626,0.010883326728956099,-0.006900240249002669,-0.008659423982883946,-0.007969529934676924,-0.008030024453928076,-0.021058415454348636,-0.010597046452533688,-0.007050528406573053,-0.019632864383351354,-0.0039334425102434695,-0.018327887047358757,-0.022722888180033457,-0.042476337447700796
33,50,1,0.02135945980367471,0.025552723694114616,0.019020011691200923,0.007533674966409655,0.006298208222938728,-0.003531010080839814,-0.010967772052527892,0.000797791099679682,-0.008864994861484558,-0.010425653831871511,0.0015194087196102918,-0.004035391855440704,-0.01026632774697148,-0.015488963008705557,-0.030514341989460615,-0.010538274193861191
33,50,10,0.019272950948357518,0.04529991774609945,0.01398112360665114,0.007082259837925248,-0.003140475956856089,-0.002647451097746293,-0.008116133137244684,0.0034342243691174667,-0.0064430619505689846,-0.0068485387369120665,-0.002557233619520806,-0.01595813438477192,-0.007952082584658616,-0.01657146724684809,-0.026879877734368788,-0.018453034883945535
33,50,20,0.02041917564893514,0.04118691748910151,0.013458837486011063,0.007015141099489051,-0.0038162529984138317,-0.004815365947643937,-0.008543419655756406,0.0028434890965436605,-0.009094253557205258,-0.007564899423815085,-0.0006382514313288687,-0.01123612196515477,-0.0071358959959993175,-0.016238528644904552,-0.02578266682375212,-0.024899293280814788
33,50,random,0.010934938547630255,0.016396262862279947,0.0037826730147354206,0.004789174172877119,-0.004001459143280147,0.0004702730754883846,-0.008206961097123763,0.002463289685538921,-0.009851493921517112,-0.0015895147906527351,0.0003592768083057954,-0.008133191246574578,-0.010022241828018781,-0.002709987164150718,-0.00416917627327649,-0.01599667292591761
34,1000,1,0.01674886332123078,0.019313602710885582,0.013622086193044712,0.021419188117675205,-0.0030032719641309024,-0.001483415115935771,-0.006317695789736189,0.0018518938791936659,-0.0012263806702154298,-0.002192143561903313,0.0025405719853928382,-0.0006681563886643313,-0.035406161110459834,-0.028117450946084456,-0.006349697681731206,-0.02786917101068473
34,1000,10,0.017230954075905892,0.017199938427916624,0.023303832520885987,0.02152738366436169,0.001013401987422631,-0.0014783531056998395,-0.01125028088761867,0.0004921244814870289,-0.00019638790370442042,-0.002221098249255524,0.0005902565695555036,0.0013747336456397957,-0.02380528439231669,-0.027675898119684773,-0.010693802927649928,-0.02830317486645036
34,1000,20,0.017260025687432505,0.01777492857958009,0.023664121274688633,0.021769775705420456,0.0011299560020377603,-0.0015174870344920781,-0.011036663541297809,0.0005060740574863166,-0.00010726759984746043,-0.0024572076475325357,0.0005607214103908133,0.0029792364917181234,-0.026206018147078028,-0.029941907571360143,-0.010811759171579642,-0.03096847469739542
34,1000,random,0.01599189567983639,0.008997944717120496,0.03165006841778655,0.015202238576025335,-0.005375658937959865,-0.002131722057787466,-0.02070066305359937,0.0020847582520458294,-0.002605349678908051,-0.008188619749096933,0.002251484059110812,0.008304187489531836,-0.016012831792453934,-0.02488936951872135,-0.006298642635767623,-0.023870201245828886
34,100,1,0.014058324843607688,0.01817531175483168,0.025921994356354196,0.023327337416705413,0.005877541072854895,-0.00702730542240608,-0.01506969173177601,-0.0020964775128367668,0.0028956509010320715,-0.0017479136231271883,0.006176648105957757,-0.004253372881074429,-0.027078473994961605,-0.027520350813766026,-0.013810202820828135,-0.030791238773246937
34,100,10,0.017872322971421144,0.01633373255252002,0.026113393243407,0.021909295051584992,0.0017197528127659983,-0.0011632931503872401,-0.014951440482109037,-0.001017306388417483,0.00026307744629653127,-0.0019423817036179675,-0.0026961740609006677,0.00035392431391059547,-0.032815376380594015,-0.027083962954559018,-0.011940784664865877,-0.03051091813810177
34,100,20,0.018765758886518207,0.016208052944410557,0.02502210845426381,0.021803425320602105,0.0012564367005729084,-0.00019999348148953537,-0.014395183744683937,-0.0008093057044390806,0.0012134834217221746,-0.0025508552166816014,0.0006894158652220038,0.0019423317585093361,-0.041364251121491766,-0.032688633612240364,-0.012429573338108079,-0.032200861829862655
34,100,random,0.018496859802972932,0.008226534164345973,0.04526261635639468,0.009640321086138756,-0.0068832896364181394,0.0008967530514342592,-0.036549349597224924,0.0005870207962580611,-0.005081695633252021,-0.010730328431239437,0.006368150506035293,0.0032284569403474095,-0.03869585365906271,-0.028659341225187852,-0.003741555158340026,-0.029985757335174647
34,50,1,0.02095378473861071,0.028124770988554492,0.03104985460346437,0.01906868761212688,0.0015059795305630785,0.002508891226757436,-0.011433651883970303,-0.004258733441528825,-0.00042813237875002555,-0.0037138734535160224,-0.009003868537684865,-0.0031762926364318294,-0.02920335324628281,-0.024526459833213266,-0.007688047742684911,-0.02782865262637677
34,50,10,0.0183257601687241,0.02199007384516348,0.034243256991472536,0.02295990940604784,0.001417494110833682,-0.0004665365029678074,-0.0034608019368603357,-0.0016333544543002435,-0.0030896961883593098,0.0033708431289190786,-0.0009895322043008041,0.002805594353106153,-0.034044605164191784,-0.029356996599961976,-0.013072069800698983,-0.024083788570623918
34,50,20,0.01950531221590371,0.021723038195516745,0.032799488939507314,0.024693874561137974,-6.86702555504892e-05,-0.0005334557575258875,-0.002950791535194394,-0.0006395742389713924,-0.001420174574631849,0.002342889021408562,-0.0025742937031960223,0.0042135300928491815,-0.04148572417897647,-0.02713873562133606,-0.012462246888446363,-0.03125117114214921
34,50,random,0.030367616171393857,0.013664544205662857,0.0409470817465982,0.024779312757134422,-0.008212183382985353,0.005079942073425756,-0.013718415802790606,0.008667272383603052,-0.010716812581352075,-0.006015251092350219,-0.0026207389351088077,0.01855197927272177,-0.009371075928934092,-0.024070224540177015,-0.011782035401681618,-0.05413173105649725
35,1000,1,0.02310290646003368,0.02132606639183568,0.023599598325165762,0.018696439064366504,-0.006306613994494221,-0.004009936560980717,0.001557177242575819,0.0025600331448151128,-0.005971695992405932,-0.0006314574003704805,-0.011082089989544042,0.004941347230505685,-0.014693401986536682,-0.0055338238021527125,-0.017622187077481862,-0.013772140674530515
35,1000,10,0.025908883444116935,0.019964492400228333,0.025539328365498038,0.01739599716682695,-0.003436738611610795,-0.0015549476151098288,-0.000574908770477383,0.001408788097467716,-0.003571673435476793,-0.0004930650953854023,-0.006928919965349569,0.0016699067767027126,-0.015651673934939485,-0.00893932484006188,-0.021886531531106857,-0.0194968873673811
35,1000,20,0.02517259807204963,0.018021127000773785,0.025415235563400307,0.015960179644220706,-0.004008394143595124,0.00044181627370209196,-0.003525551803515416,0.0017297067220160473,-0.003424118167952352,-0.00046034172431957124,-0.0074157167028122755,0.0014443167200950474,-0.014036795537701903,-0.009065165641816163,-0.022027185687079384,-0.021508292775161385
35,1000,random,0.022160725114850517,0.019407192158951272,0.020407369973367666,0.01275916920072722,-0.005059713066212319,0.0022630790775386295,-0.0024496197222307245,7.667086969429436e-05,-0.004916723016783597,-0.0003024713388459628,-0.0037635510005517587,0.006966180244471603,0.00027607612958319865,-0.007984315701276057,-0.02118140268244355,-0.023546896965432013
35,100,1,0.024986831691863772,0.023998462285132242,0.02506539967991641,0.022051467548464043,0.0008342111704904554,-0.010618616356929608,0.01758286492008703,0.0007346099852877164,-0.0002410119403108361,-0.0005739772411762322,-0.0076957241035296815,0.002796768088139656,-0.0207763114425346,-0.00497414430308576,-0.020849047890871428,-0.009929811234101138
35,100,10,0.026359709371405526,0.01908729596515047,0.0260276241616032,0.020003433126276535,-0.006069778057230361,0.0016751340265834314,-0.00022467274123856915,0.0026218518246682978,-0.004263988471742516,-2.143841548060469e-05,-0.006935111305241762,0.004381784218486529,-0.019986174160386713,-0.007805737871708416,-0.02324696799737241,-0.019996975358068134
35,100,20,0.024005008012227064,0.01646944066555337,0.025370990369277983,0.01769070095416509,-0.0063303217863787216,0.0038168816375404573,-0.009275584115966466,0.0028535256398060163,-0.0046046587187322146,-0.00030364128976766586,-0.008312704797017904,0.00428574008239412,-0.021215015706768998,-0.010576485800242305,-0.02279265620900722,-0.0206987691568751
35,100,random,0.020477861992464392,0.020028651635409685,0.01867643327393454,0.012626780817136269,-0.005320756186645425,0.004511614653212413,-0.01011901642157822,-0.004813659609477713,-0.007282656038488126,0.012346781116538955,-0.012077198391061432,0.008010018944260781,0.006918722536804588,-0.009540359099467658,-0.02328203974497993,-0.037997274947490084
35,50,1,0.026616952146305134,0.0197335538779633,0.020437749097114398,0.021189328509917626,-0.006188657887045897,-0.00727941395649942,0.01274168126753492,0.004470962761843432,0.0008501382497259803,0.0026485412606799034,-0.01118793613469917,-0.005115482334561621,-0.017655234506880425,-0.005120367958113027,-0.020727252748022614,-0.022502480257883265
35,50,10,0.02605448252686994,0.01999716132592343,0.0248945374466321,0.01774190654951623,-0.0011464930287326722,-0.01027540009478671,-0.008558448292718495,-0.00029923590911916506,-0.0007178123622156151,0.0021296971776591884,-0.013251343476426803,0.0006492273214946098,-0.017896919915745633,-0.011417487312632056,-0.02232357952532773,-0.029383385132156985
35,50,20,0.028401271428331383,0.018809285187100084,0.024397350060775865,0.015136309365372974,-0.005511520847038239,-0.009052621041209302,-0.005864408562894559,-0.0011326423324745,9.92030149473296e-06,0.002495341280510933,-0.014772698785594939,-0.0007822845400985545,-0.01975980862816767,-0.012365555993522247,-0.021274875840956272,-0.02848443716680527
35,50,random,0.024093804126073003,0.015444597950915519,0.025319680570919278,0.00957511851040455,-0.008718421140674032,0.0032099253526763653,-0.006146480847604726,-0.00036044985457514523,0.002195610704942667,0.010469345591694776,-0.02054062716073284,0.004663458748645234,-0.006630207480245111,-0.008163001367921573,-0.026434641971157004,-0.02387276683120572
36,1000,1,0.021960911193131885,0.027333101566847415,0.018004404818749493,0.028321790817058805,-0.0030989138675003823,0.004787362494653108,-0.0006785850638247665,0.004815247343529822,0.008716612345116337,-0.012416401583697913,0.013098139857640521,-0.009444412323837807,-0.019013935250737937,-0.01709970416107119,-0.021552680151035668,-0.021104113079650096
36,1000,10,0.016346192358785108,0.023275169311451627,0.014131323260394976,0.02516613061089144,0.002077494773688102,0.002684618109945166,0.000234297374717146,0.0037110072362977076,0.005990167508440391,-0.00623135507700126,0.00996160882610229,-0.004970465607000632,-0.017316606239519826,-0.017776801161618963,-0.01824479513313752,-0.023029089209620903
36,1000,20,0.017458345945008308,0.022790905078273627,0.014290930771879186,0.02148916224830833,0.0014693904764782428,0.0042146568292290845,0.0001471087261815884,0.0038204527546548826,0.007251534429287406,-0.007353909026117919,0.009879784819773776,-0.005130823393139778,-0.017256109683361706,-0.018805315892191636,-0.018770370823997358,-0.02193950200885209
36,1000,random,0.016459802576509072,0.01742643985422219,0.009844272846375488,0.016814889829292596,-0.00045284718974144915,0.0018413496900027341,0.002342144135069068,-0.00018142049129827133,0.002736326146314148,-0.005418332536343421,0.007425693481669686,-0.00212855959621022,-0.019538149654792402,-0.01656784038012755,-0.02244872324334589,-0.028722309471165178
36,100,1,0.01715655672214033,0.026204568768775197,0.014721786042774541,0.02557187871588752,0.003310145058213251,0.001743261301087015,-0.0026067073973149294,0.005588064164200329,0.012097752954942692,-0.010840903120486817,0.011196213092604351,-0.0033073331656899257,-0.017007988337365776,-0.022734411012482074,-0.021889535561881526,-0.017166776718734806
36,100,10,0.0168337971463112,0.023270244221388972,0.016467556631679262,0.021584373745961408,0.0021915097937313024,0.003717602529342222,-0.0010984648338905896,0.0036771740871577555,0.0067387063259193285,-0.006747244054483155,0.010245583162554956,-0.0043379119197976095,-0.01755142368584215,-0.02074799238403694,-0.01945928092018019,-0.017330410052044064
36,100,20,0.018193170317504413,0.02564358326232638,0.015793165740987467,0.018003660361127688,0.0018703074448080685,0.002249261200608306,-7.878280849236341e-05,0.0035474565698654192,0.009041048862146904,-0.009038276550674754,0.008815232013824698,-0.00447402743690321,-0.015205418785484058,-0.019749097480663964,-0.01918922664003018,-0.016118529248164058
36,100,random,0.021905487500903157,0.0209110355520877,0.014471131249941566,0.012877271445059119,0.0004885058483806088,0.007174898027384709,-0.004898582455052928,0.0028033393862309814,0.0026512740240580046,-0.004313177957343356,0.0054845109737359,0.000680765166648034,-0.01569090171105922,-0.019710994446086896,-0.028251419653262805,-0.025997472164662232
36,50,1,0.01623568503180091,0.03180804432892277,0.008025716842255047,0.033872663712368745,-0.007313933556594536,0.002250816066237406,-0.0006470127512265824,0.004762761302165478,0.008712915213005205,-0.009099713705441584,0.007554080481019273,-0.007115826657816967,-0.027169362037450368,-0.015940254514498736,-0.03186713534003855,-0.03013321864883586
36,50,10,0.020153463250169642,0.023381136558706207,0.015145900202989386,0.025144582086395112,0.00037040534385713285,0.0016028988529760775,-0.0022227196889589023,0.002732076333313636,0.00884098124230847,-0.006885289176550396,0.010885865997912803,-0.0016831969534617693,-0.01963336251763322,-0.01680011185595857,-0.021802424395415323,-0.028121679880408347
36,50,20,0.020733373263565745,0.02583657816159621,0.015304245240310953,0.027840057600212055,-0.0014558815534648764,0.0021113945880655207,-0.004556735071780839,0.002458003265773561,0.008084555091006002,-0.009381925631670146,0.010881439037106044,-0.0026694961049481456,-0.01984809031619531,-0.01718548347904277,-0.020374502625277513,-0.023932947461540507
36,50,random,0.021595279626762547,0.020910801530518348,0.005802945365402434,0.026898635218023714,-0.005553173371754113,-0.0028294849832037026,-0.00837928285851811,-0.009866664904175433,-0.0010634272767556876,-0.002895887049376742,0.007403291423346887,0.0017772731472552503,-0.01876192671267884,-0.01291044989089844,-0.029230965134942517,-0.045718875966814516
37,1000,1,0.015302768765923904,0.014337125284345584,0.013218115957976322,0.036887670410852856,0.000999098770040199,0.001852089421161275,-0.009565973281984913,0.005790421122818593,-0.005891698899639731,0.006689424681215757,0.009329096353828897,-0.0006534418534739716,-0.022196344517119895,-0.01731664615901785,-0.014957860018927823,-0.02700589912505663
37,1000,10,0.01872906932991612,0.012939381774714754,0.016635107060348406,0.027436680051935364,0.002522879648497659,-0.0045188806656864715,-0.009366348702816734,0.011269678858382717,-0.004678436224252625,0.0038305980420890793,0.010419108237994237,-0.0038862332926543086,-0.018141113008600888,-0.02173923716896724,-0.024305428415283926,-0.02092760585453678
37,1000,20,0.018532950076910686,0.012410191110776066,0.01730314440439147,0.027451480033639755,0.0011474749728239116,-0.004542650550843319,-0.008278923806603607,0.01096743172188545,-0.005546809344659046,0.0032113381390445565,0.010484785605939576,-0.003892921388805176,-0.015370763857170622,-0.021634125034647095,-0.02312835923710066,-0.01990830007501014
37,1000,random,0.016503476972172856,0.010259317431904337,0.016571993806077108,0.018024782748313265,-0.003966030078950954,-0.010966715071578753,-0.007132071464989945,0.007551669721283173,-0.0045010123839327315,0.002586578509685897,0.008680898278363129,-0.0005137973868509643,-0.018900939993538708,-0.015503226730376126,-0.026623779269520108,-0.012404065451832317
37,100,1,0.016435081747962568,0.016243475106074316,0.022121127217338638,0.025664910302599386,0.004149349628891186,-0.011640375929100957,-0.013845330498508876,0.013472628660008363,-0.008769471102375444,0.0014253107873666733,0.012725193881530664,-0.006409826370328261,-0.014326037677217298,-0.01949784949944459,-0.022612250560748073,-0.018085614147055847
37,100,10,0.01975750692068547,0.012710718691908617,0.017922731937916925,0.02792789287899997,0.003407824769013169,-0.00891574632995096,-0.01409856162080184,0.012628714998448604,-0.005484567465902929,0.003378424361536364,0.010301881335356856,-0.006509739762778717,-0.018975280320580674,-0.021018791635462684,-0.025710493257263337,-0.019744358396827796
37,100,20,0.020973322523398837,0.011108754499077661,0.01859737274510071,0.029803431865290844,0.0028434011914640995,-0.008596965013290148,-0.012121254617749724,0.013457315635868277,-0.006101792658615151,0.0026873766318993375,0.01156972397370919,-0.006547393217472246,-0.01708204777448139,-0.020681429818935518,-0.022627183524879982,-0.017911717663829027
37,100,random,0.022828412956828203,0.012836035958615821,0.020441648115988666,0.02128171070236986,-0.001178862213615575,-0.025579700373120476,0.0006741858566422681,0.00484847360762562,-0.011631795966881202,0.00381065777641906,0.006913272931698697,0.004050485440856302,-0.027059851811210803,-0.015614217046191446,-0.03892366889360811,-0.014337487502109704
37,50,1,0.01897897702601872,0.00996607668357343,0.012411422908482123,0.02456962338031884,0.003016262469825702,-0.002699386775822249,-0.00669234225124485,0.012463814799261884,-0.003771150727042793,0.002237436608007792,0.01210685604273797,-0.004336910154497435,-0.01350259948358438,-0.023981182438200688,-0.03295644234528857,-0.02209855615958284
37,50,10,0.017906941812029797,0.011798467785792823,0.0160725087547972,0.027928877103352453,0.007060626319770082,0.0026226387578351996,-0.007537680442788484,0.010499305725566682,-0.003268084742618672,0.0024413841114061647,0.008528133157829925,-0.00637644799982776,-0.018825998544647244,-0.02446015646061562,-0.026597447774625766,-0.020623481469924584
37,50,20,0.01782815307237424,0.01142410648805882,0.01931050950098365,0.027643358760007824,0.004866892744967077,0.0036728877286700268,-0.0038720766574160035,0.008365017871978377,-0.0036707602857729096,0.002656454872025121,0.010671649474788172,-0.0059933991745494365,-0.019751658393856994,-0.026804215414163796,-0.028694638328701734,-0.019393383323553816
37,50,random,0.014471923961810048,0.012131337580481854,0.008664270437199242,0.014552507288302608,-0.0007611386668524556,0.00129498702174026,-0.005753211736105344,0.0021513924084081947,0.005563063404829307,-0.0003500390074141204,0.0047500890700026875,-0.0032097595532046726,-0.029629112042001735,-0.014036350303732214,-0.007604271427468167,-0.01139524227824136
38,1000,1,0.02352972333060191,0.01904900356240991,0.02314019762385244,0.02313389043228028,0.00383251127293127,-0.008951499115998286,0.0033666704267749166,-0.0044363796298299,0.0018407192166611836,-0.0023308767723333543,-0.008547826967707355,0.004742836138353456,-0.004547418210434396,-0.015666049433150545,-0.01534876306761677,-0.020276916391659128
38,1000,10,0.023809198696138612,0.018054758628612468,0.018135162748090187,0.019958099980448785,0.004478943179872039,-0.0055487021732507,0.00384939409886339,-0.003940402625348618,0.004787826487810674,-0.002966919309996321,-0.007433580982532802,0.003272263871897802,-0.015260997372797309,-0.0175770514810453,-0.02188738982766236,-0.023414125696609233
38,1000,20,0.02263168190414806,0.016594202938763097,0.01656351627062796,0.018984086029093836,0.0045379432773184165,-0.005719257134270489,0.0027326944756845134,-0.005056290333501933,0.004865966167089199,-0.0037076648031990136,-0.008274635946987779,0.0039052264185037164,-0.01642903167046746,-0.015618398039011877,-0.023195715814182574,-0.02092436113896852
38,1000,random,0.01585385152809744,0.011452351531536174,0.02135286445209135,0.018169133505125962,0.008220413295122344,-0.01613509701032982,0.0042139216912650415,-0.00460895540638184,0.007710646110801474,0.0001913173920492837,-0.011737624574423792,-7.489603734788064e-05,-0.026457446398208725,-0.007128924579612792,-0.025996366289036257,-0.023268009580989454
38,100,1,0.024313668284061046,0.024866519244704708,0.017853301790821032,0.023168004198066507,0.004926600410157496,-0.007499585763577023,0.004076102757065904,-0.007586120300680171,0.009397323009502115,-0.005341278356626061,-0.00479130130589795,0.003436851445626163,-0.013925230695140636,-0.014981396166626602,-0.016887591540788914,-0.019788322569187774
38,100,10,0.02145324471705997,0.018549710006825808,0.01756979298355378,0.01862948704235155,0.004643767529481221,-0.007560938187242459,0.003695879782965808,-0.005104024964662122,0.005900634829973183,-0.0031424268335727384,-0.007318694786352714,0.004656295244821644,-0.02010072687459521,-0.014172106331047462,-0.02543416078396651,-0.021414573274958708
38,100,20,0.020697311826664767,0.0188739439313738,0.013277011250255138,0.018549959001568587,0.00600977894186769,-0.007184684913530739,0.004136173834980203,-0.005521710774294516,0.006649434142101084,-0.0033635765254732336,-0.007593876412086299,0.005835272195934908,-0.01857975710297182,-0.012118786736060965,-0.02953654564628783,-0.01828063747013265
38,100,random,0.012858953279425765,0.012736181352162708,0.02312273330116835,0.01967588642795966,0.008095694480318147,-0.018057718316704396,0.003778286135523447,-0.0014515844505661596,0.014302725486393194,-0.006603051124766484,-0.017731376820641513,0.004199248780233818,-0.040036738043553156,-0.004627068494674337,-0.025504164393025382,-0.0050034106684468515
38,50,1,0.03217489335132468,0.024767896635404737,0.017954643810198557,0.017499435344325694,0.001650281120818372,-0.01108810358001792,-0.0066682120260191605,-0.011248210729515956,0.007211767596320576,0.0034631115748656903,-0.004677300877564738,0.01073521472951968,-0.028274501321462135,-0.020128422838731407,-0.033302258554834145,-0.035912316124095484
38,50,10,0.024171714834947892,0.021183534498806687,0.018979935533158264,0.01999646235083965,0.004378374501242086,-0.0021448359069705567,0.002607275523892075,-0.00021092244793649895,0.00613837114770127,-0.003308772654896259,-0.005147524915511244,0.005130339654828371,-0.01932146906897034,-0.01608702678935151,-0.0266324532683132,-0.038181964420527945
38,50,20,0.023886205546017347,0.02262941832714181,0.014508228917096813,0.019475304090322606,0.002125708727597464,0.001958197150122355,-0.00018672795399128173,-0.0029239821510588723,0.004062448772620399,-0.0044782543930208625,-0.006626102380284221,0.004345170692108283,-0.024460848283398062,-0.012137053349940866,-0.02872284910926646,-0.03443538335491376
38,50,random,0.02045601705755117,0.021566258440605536,0.014607361814370478,0.015886593792117272,0.00304214784242611,-0.011126135955567464,0.018804408797759766,-0.013928717247171353,0.0034121266756452916,-0.0017692779534743137,-0.0125604486920185,-0.0036354793879840707,-0.04086333927252704,-0.0012247944249956638,-0.01931594524858736,-0.03309451227610238
39,1000,1,0.021551439894904097,0.013753788637393217,0.02209799736070019,0.012543581607263456,-0.009879444638511281,0.0045670360275943045,0.006037419296632409,0.003498747116392839,-0.004743398864502944,0.0009468577084736582,-0.005353306131958586,0.0024442222399993965,-0.008134455670133463,-0.019652400209228513,-0.020482304648385033,-0.03358761518393019
39,1000,10,0.0200477282695582,0.012257169047543892,0.020522184013747613,0.017641119778072013,-0.0034090669737608056,0.007483921867877098,0.0017541069634946064,0.0022608068134845932,0.0003882463619560845,0.0032793506398844327,-0.006859996302039549,0.008206753075620054,-0.02126408917574857,-0.01984950165995306,-0.01867448657649745,-0.027958464473984538
39,1000,20,0.020296887968222176,0.01202668798490296,0.020207452564103588,0.018167823923862767,-0.0029084245963093775,0.0071360188093113,0.0029586828691063544,0.0023360058054184966,-0.0014837207937930914,0.004327022794880449,-0.005673973720190688,0.0073820581272662335,-0.021431567663856885,-0.01980429883063334,-0.01816759807017953,-0.027676330849115627
39,1000,random,0.016145110363581468,0.014409678111210961,0.020888623606554906,0.012332729652035681,-0.002230613670541546,0.00848188083131967,0.005570564513527811,0.0022068234628481224,-0.009001672973543842,-9.34322165549955e-05,0.003002164016549221,0.008030467336944775,-0.027143120560607012,-0.01829071291156625,-0.014036247057717983,-0.02616091961219705
39,100,1,0.02257547110822683,0.007970940299908044,0.02138481457175603,0.015952744719451,0.0030733892521124877,0.004946103692029277,-0.00225986621284298,-0.0022751699014481722,-0.004786965288310327,0.009421398256491785,-0.005059352099182181,0.0073166105313127025,-0.028340229661021895,-0.03301557448077535,-0.018396953753831272,-0.03224131454124033
39,100,10,0.02007130839028705,0.013285625775193419,0.021810429349069106,0.01877469115944217,-0.003470428195409862,0.00836384909639848,0.0017626796584883893,0.0022071472165013793,-0.005408019897077539,0.003759731473564914,-0.007471286132008554,0.009366816027497128,-0.024086935691837143,-0.02268572096312572,-0.01845414821761663,-0.02686635852594713
39,100,20,0.021306037502108136,0.011592632290693818,0.021055440454892927,0.020224671746850255,0.0004249049902498373,0.006958657552068429,0.0037562296519046043,0.0021232114515073383,-0.0019689776122459347,0.0033043829957311913,-0.005487778258148849,0.00796451778002331,-0.025031144513910836,-0.022766588162403675,-0.01682387422711109,-0.024486578534896393
39,100,random,0.011836695156173646,0.014110676959326813,0.0222066209193808,0.017748241793064293,-0.0038593096803957207,0.01339287271371944,0.00585734379633526,0.00022761880491580907,-0.014914295295819457,0.006307389589364131,0.007135739497743128,0.015226351352106265,-0.008082755325341627,-0.020887303434311447,-0.019680296053977454,-0.027141492009320846
39,50,1,0.011902440694570575,0.010177019860776904,0.01144044516973945,0.029092829708859305,-0.0098989884263589,0.0076320029758593306,0.0018532457331343912,-0.002401863954444295,-0.001441355817070966,0.010532417528547047,-0.015043617878377253,0.017483325280668264,-0.024382468344253592,-0.012338610589297961,-0.020485917240274185,-0.028793750932269924
39,50,10,0.01579299136077789,0.01272615527462027,0.016844929680296647,0.022196489585538298,-0.007066530308560477,0.006590190672582214,0.002532596988048578,0.0018687652663085515,0.004321320288097139,0.0010733405905166702,-0.009177120641243904,0.007301542875768814,-0.021697399889744493,-0.02036165866879808,-0.019812537035775138,-0.024668344049089033
39,50,20,0.01694484886762639,0.014599999506356489,0.016989619085838643,0.022866759959767665,-0.006937705622238805,0.003792950069435349,0.005336854760263034,0.0036593386436714055,-0.0010620367357602669,0.0020417193627537433,-0.005701362665008217,0.0036246951469166484,-0.02274505857284392,-0.019294371026073565,-0.018901119827730208,-0.025388218333921464
39,50,random,0.012402157964622216,0.02439625421295763,0.010083199523088997,0.020955632431174917,-0.012011109452984699,0.004258608632537565,0.00019783711858564382,0.00238798159996715,-0.011345886032923956,0.001844433948426061,-0.0033682355934151905,0.006042014952462179,-0.025518624970047723,-0.009700172237403019,-0.007892335802645275,-0.01735530915853357
40,1000,1,0.025446653586250662,0.009635613566471312,0.0172985868972217,0.016854207167842417,-0.003951009552988349,0.004739639611377653,0.00010388905587450604,0.0016433734592790933,-0.025181210118756858,-0.019992753761190647,0.0038120787527530665,0.0032890141761216353,-0.01210230701213115,-0.012264449644561486,-0.02902510704683862,-0.008775848841685165
40,1000,10,0.024845260379741555,0.013868231524951188,0.015020321102666807,0.01675359775198358,-0.001069483087826494,0.002028911587674182,-0.0026224550795819735,0.0018245290080792624,-0.020411904254890978,-0.014718317077820479,0.0006747589642555588,-0.0006843448622543633,-0.011136602807973907,-0.012936056512961187,-0.027277928458683338,-0.01093963323304353
40,1000,20,0.024323215424608833,0.013291916448137174,0.01479607596028359,0.017158859711486944,-0.0012686511728350535,0.0025933563768290777,-0.002689493522262312,0.002861071635388267,-0.01944882547860817,-0.01438837418886059,0.002036018492140317,-0.0007673166774214412,-0.011841099681298907,-0.012852187747796073,-0.02389862897629665,-0.011658161726379707
40,1000,random,0.021327718861507555,0.012042743422249143,0.013949613202479125,0.018670824131782757,-0.00627955550633943,-0.0006976249643853665,-0.0064002789638426,0.0008701117277817017,-0.018204003161941876,-0.021863767829844873,-0.0003898103940168456,-0.0015914588290259562,-0.012919349698233416,-0.015299099644729655,-0.025253123973961338,-0.0034302402931257396
40,100,1,0.021376300047624683,0.00852710081724816,0.012477840371920962,0.01714549439689376,-0.0007522408254794792,-0.0017801330432381135,0.00046344357494271346,0.0016848506829255166,-0.019891486246409025,-0.013426894255392749,-0.0023752234062607664,0.002328294129918893,-0.005380268966153103,-0.010777490549536596,-0.029875986361974832,-0.011777623981438452
40,100,10,0.025655492951836625,0.011297699543658639,0.012378131823584423,0.018014945512483223,-0.0019510033767632276,-0.002013184994733755,-0.003479472193655653,-0.0018142333801727318,-0.017694693244620786,-0.01477689636668724,0.00039781209931243056,0.0003774285445301842,-0.010233066992900906,-0.00974779769752944,-0.02754788954061398,-0.009715791017734749
40,100,20,0.02696755714973135,0.010765887548936247,0.012001468016316677,0.01745794539708679,-0.00045137665561323565,-0.00020377498442961204,-0.0023398112419603543,0.001823614721888537,-0.01681222134325255,-0.013261414798049929,0.0003350075513440202,0.00028782178431977537,-0.009858517889617443,-0.010440486171292673,-0.022782425016051336,-0.010852117778045577
40,100,random,0.018551940652336188,0.006790331553730361,0.0040110868129783275,0.024336990974700413,-0.0034819649049065674,-0.011296793704365687,-0.009124069215958895,-0.00447652177849837,-0.008525010005493175,-0.021070021567381914,-0.0011341182378970536,0.0027196787767923784,-0.01814785349849189,-0.014442324741506328,-0.0331100019411414,0.0020421776817438914
40,50,1,0.026888190471863322,0.014149994208170875,0.009706284562143938,0.016717930812588842,-0.0008227682575969057,0.0009876478564445506,-0.001518649295182985,0.011209652408924981,-0.019109878195477777,-0.017413525818384346,-0.0004742559266433062,-0.0015458143846681612,-0.00816480363624874,-0.026249978717574344,-0.03166331465855886,-0.014883562519119327
40,50,10,0.027011426377538828,0.018691293199518604,0.018396067907288094,0.017449902605978895,-0.002744425827211336,-0.0004208856534091156,-0.005026561578938016,0.004186036988787995,-0.017343891284649818,-0.017290131539269123,-0.001324699484372395,-0.0027187173546576395,-0.011681988787775231,-0.016824440045995852,-0.03458109265881441,-0.013919073481959825
40,50,20,0.029599980114661573,0.014779685020035953,0.018017372418371765,0.017790502226182805,-0.005599221053280638,-0.00022990894795311007,-0.004730808334943603,0.006561016728468662,-0.012708066991719533,-0.014681390782794236,0.0006201922774134163,-0.0018500548964472795,-0.011975128488950028,-0.01787001313491011,-0.029564283190452515,-0.012664966326057946
40,50,random,0.0169428209072906,0.014379109787721054,0.013863891681864804,0.026921775983801986,-0.009316654302661192,0.005911525692635927,-0.010125146728952898,-0.0031739101001496497,-0.037595096434877115,-0.018863235310269538,-0.003594263369690656,-0.004060880484431664,-0.009338401877280206,-0.017456875362850104,-0.0335955277942581,0.000938573004988141
41,1000,1,0.02168117872561532,0.022048328035970434,0.025157907945240903,0.025950137519312962,0.006627015806829885,-0.003904776741343565,0.006585883137536656,0.003258403212618102,0.008824176959004618,0.0027052114226154664,0.00080053662685252,-0.0010691027371891293,-0.01899039229489904,-0.02117933842450439,-0.01804479518150542,-0.031243256585384505
41,1000,10,0.018719393788808575,0.01695058542896064,0.024480579249601824,0.027534075231415777,0.002691142671543156,-0.0030544133135043928,0.0027652343395006035,0.0013061043234570409,0.007770083365383609,-0.0020182590492085215,0.0009037748056501529,-0.002789718831098047,-0.01424991458006078,-0.015163562722536791,-0.011629769787821218,-0.022215414077678446
41,1000,20,0.020890110659836814,0.01677174609541483,0.023068480872876336,0.026623698618828594,0.0031758257641709264,-0.0019467206117063456,0.0016097652044240328,0.0015058982935579656,0.008893890678794696,-0.0021723942185867358,-0.0004019844550268505,-0.0037229028216246495,-0.015510450951141548,-0.012749668289997395,-0.010183300956770846,-0.02059319548419406
41,1000,random,0.02759593028750369,0.0205712336743448,0.018540765118283706,0.017928267972520208,0.001923045561631882,0.0042825842021010484,0.004567796827114652,0.0016832325823112,0.005002267224664186,-0.0028024731180556805,0.002029020290594586,-0.002129855464254091,-0.010239587150596325,-0.00593746921840603,-0.006823024530194463,-0.02284786358224651
41,100,1,0.022799066123318154,0.020102750811057307,0.031190065208642904,0.036543919013346776,-0.000313318164355409,-0.002644130865896993,-0.00214033255477671,-0.007435758900612295,0.006607067273822031,-0.0027482580561453145,0.003814970991593438,-0.001161887269994537,-0.009366553650097366,-0.02429636735438786,-0.013846312509342724,-0.024580873117446063
41,100,10,0.024259650029598033,0.015224366685022302,0.028339317633070245,0.029870200154925353,0.0017415572998239115,-0.0062436704375294595,-0.000796576850088504,0.0008023073638390556,0.009120170280568718,-0.0010051030940462027,0.0011634374710542607,-0.002158409416124964,-0.014354142326891629,-0.016035970918769783,-0.013998390047097988,-0.022246917745140447
41,100,20,0.026390401600003877,0.016622232485039513,0.025435795183729994,0.03008293224620846,0.0013045448417986817,-0.0022484289858838652,-0.001029099938834107,-0.0008645811859492704,0.011707489104056678,-0.0014948722889473168,-0.0004971309875246771,-0.0037054552333189964,-0.01564456093654849,-0.013254000210386425,-0.012247511285880046,-0.021147038785803814
41,100,random,0.026056435575329336,0.014498681259082128,0.020444787831986215,0.020050168451947775,0.002118811015646351,-0.0012929101519931242,0.0004469172032404812,-0.0018661167649032414,0.007687127250094902,-0.0007545795398402672,-0.0006798120097449721,-0.0007160152273370979,-0.012122288497148765,-0.01381261643079508,-0.009162318831299287,-0.018665546542083588
41,50,1,0.031232378585918603,0.019140163965038422,0.025112204265287152,0.02225678089605418,-0.0013304026667564268,-0.004715408223963106,0.0038085768357125492,-0.002390196119281005,0.0022099935932463452,-0.00411866239462426,0.002925015436907026,-0.0018855335123866247,-0.013445295972524397,-0.01508582793514809,-0.01784210063698285,-0.019907714932780454
41,50,10,0.017606227733716097,0.023002101799180125,0.0230544070279144,0.02945054251206774,0.0022173350480541596,-0.0034822895947987376,0.004033828827768907,-0.0029845780632565396,0.007017934024349032,-0.0016562510014890785,0.0005884718571193516,-0.0027297860074263656,-0.013455789020064392,-0.016398005321192496,-0.01523596318488951,-0.02425558396742607
41,50,20,0.018100185015076764,0.022686301045099107,0.023690393401422385,0.030591053109925614,0.002821313373520727,0.00030414798538767787,0.0006911876259448849,-0.0029489308308183896,0.00936691216347258,-0.002555481499296854,-0.0003666577368748469,-0.0019903538080937025,-0.01605271207664331,-0.018878324332635327,-0.016332427492663133,-0.022672973696059348
41,50,random,0.01685385808998714,0.015667411324489844,0.008003181905349915,0.005187574274499804,-0.0018791881561335687,0.0027737702606847906,0.0014904915674384342,-0.0029890372327705792,0.0056678970554861,0.0033760734444049072,0.004872006235892276,-0.002404358519529317,-0.00043511013914969426,-0.008604374373334913,-0.011779299493932872,-0.018435556929163308
42,1000,1,0.02486643820957023,0.014656398743975119,0.030032626311267973,0.018952377589021574,-0.0023347886154854555,0.0041576839491386216,0.006434683752868512,-0.0003174861294802706,0.005919483410956584,-0.018699479256706,-0.004885554597405921,0.0023286651059170483,-0.01809477579980367,-0.015097823481627788,-0.010828395505342025,-0.02420624021052017
42,1000,10,0.025872232629557138,0.01171717376170388,0.026155089207363764,0.017514861419958186,-0.004309972313410294,0.001662948047366065,0.002471693640005108,0.0013915821607824474,0.005350156984902298,-0.012366567105366435,-0.005404154266788877,0.004309807213679795,-0.016073524421977816,-0.013521047715411077,-0.012614729477481015,-0.024397258850255555
42,1000,20,0.02513754004752513,0.011603773845849581,0.02725254199787034,0.017113065438529012,-0.0052498331886701695,0.0018541621816203916,0.003477366064847448,0.0022165987429589116,0.0044892249682305435,-0.012756540590400945,-0.006039292335304317,0.00506552003253733,-0.0164251118254833,-0.012075980005721913,-0.011279662423333378,-0.025196616116207375
42,1000,random,0.021102790035686214,0.009270439587814561,0.028300674737808614,0.018152167062906028,-0.007016784147023667,0.0019229320306334433,-0.009616709004448457,0.0023273696165539825,0.008588905862800924,-0.016004853116109514,-0.007181252453684323,0.00035170619293214245,-0.015465462723059308,-0.020054760543856555,-0.015063144718642618,-0.025332200674477397
42,100,1,0.03006307162027708,0.011615110077826687,0.02512267982702541,0.015999033661700714,-0.006428493515268283,0.005298570760645668,0.01356435350371918,0.001311787759753742,0.0038295477996718166,-0.007756634604612992,-0.0013410660636358918,0.008664293869798445,-0.016790858329867674,-0.005671019571760802,-0.010844195516454163,-0.018167742921019654
42,100,10,0.02780452982075091,0.013629218612260864,0.0252956759521551,0.018757752928690145,-0.004837329988133101,0.0024480185220273807,0.010063520063226474,0.00038047265435183246,0.006904326032490027,-0.011334412525772112,-0.005192120417032874,0.007981262098141406,-0.013923734338297538,-0.011573001817496762,-0.013767245138777131,-0.022440447705963998
42,100,20,0.028598086800589565,0.014228962959863214,0.025593523789282493,0.018594197858292083,-0.00484006422419222,0.002776004425705587,0.007390671375330734,-0.0011697464005528447,0.0064217788627502605,-0.010610143470501654,-0.004666227904141578,0.009086288031199766,-0.01723483598793244,-0.010988094640551224,-0.01214960178584396,-0.022237421023539265
42,100,random,0.020060489411124892,0.012497148195353035,0.02731701576306216,0.017560583889904897,-0.011234532496004696,0.003042964568584428,0.0034706680105536973,0.005068113350181559,0.01354564745274018,-0.02104669214860715,-0.012316282544945096,0.00936086751470123,-0.017353690565179953,-0.01330685506252664,-0.009228065574594345,-0.02612112486696442
42,50,1,0.027011791484597737,0.008166206779037583,0.02342319359801694,0.01659556595542263,-0.00473695530280629,0.0007185021566377054,-0.0005388850398349858,0.004405661858576485,0.0026661766766816635,-0.018325627544238093,0.001239777681330895,0.005262492461081603,-0.02106324285297703,-0.01823636582597945,-0.011084898229421374,-0.019431689669302154
42,50,10,0.025539233710835434,0.00866064527687892,0.02890436325511309,0.016821426553933518,-0.006399404929746543,0.004317689025344053,-0.0012759751328415504,0.002710093423400558,0.0050625894316013225,-0.010853730343491378,-0.0006832146128316227,0.002853048278098424,-0.018689596701765253,-0.013826656556742983,-0.011874698802253794,-0.023299110505460754
42,50,20,0.022888831779163576,0.009010513159843548,0.0304834730179388,0.018391259227333763,-0.007981631971622027,0.002508335886806924,0.002216877592674915,0.0027289573286885228,0.00397630650119276,-0.014454902996235515,-0.0033136720449527274,0.005862434668180753,-0.018369715131168734,-0.011502064097414257,-0.011057803729165672,-0.02735071530770205
42,50,random,0.009826501636606332,0.006017879501621972,0.03199027223625118,0.01548460318441879,-0.011472704393912264,0.008372249144586643,-0.020592722995160437,0.013253914150087321,0.00921478518997647,-0.02581450433762133,0.007716127064511149,-0.007705536011695142,-0.023431222483769058,-0.025651729241433614,-0.00972798358820896,-0.03831891118550122
43,1000,1,0.010534779942826844,0.023164193527587838,0.018172027643127503,0.022073103152501463,0.005044984588681946,-0.00036318919150512164,0.0017436213180528602,0.005900862609864861,-0.009771989706993799,-0.016392694718221735,-0.003992772634326424,0.006175280341289637,-0.011771440909792158,-0.014930183982276548,-0.03741688756014649,-0.02412411400124977
43,1000,10,0.012947156340445519,0.024434329168598678,0.022668631372721834,0.02844392124449583,0.0020171912870278683,-0.001956214819322568,0.0031111977843760246,0.00767360252202423,-0.011985499437478975,-0.009192869580644353,-0.0064813790381535955,0.006047751609937319,-0.012423001827416128,-0.01745519122182998,-0.022281067593741044,-0.018269158662109035
43,1000,20,0.014171905514299457,0.024684425556390117,0.022649151571895638,0.026966542436019852,0.002312772599576967,-0.0032995357636920303,0.0033539165651945966,0.008602664921763157,-0.012249705170346818,-0.010499555652192027,-0.006329077707095789,0.006644928160294039,-0.013229377622456932,-0.01769650475545757,-0.024248342988740033,-0.018374052433418022
43,1000,random,0.016493336068921997,0.018724921361358036,0.017166902455293228,0.022098696539949808,-0.005780676557572738,-0.0038262020602083005,-0.004717625451240453,0.007978461377384305,-0.008631609438427938,-0.01330365659008407,-0.008020595543708774,0.0057521024072984235,-0.018184982259165722,-0.016906368107546192,-0.023568192879004163,-0.020132222252581843
43,100,1,0.01095230805209928,0.02400346880180638,0.025893873780160864,0.024199051981348113,0.005294813531960412,0.003063458640807524,3.5388319645073316e-05,0.007863967157413759,-0.016595576087840628,0.010242211392324353,-0.001544439892982899,0.004602180607170312,-0.013767421465742606,-0.01967084633579108,-0.012301967345499557,-0.017832012142822075
43,100,10,0.01517060229951323,0.02570519079317658,0.024245298792766122,0.021287910691108622,-0.0005261660330136786,0.0005256896486111858,0.006005789289020619,0.009785649754753828,-0.013425242986555607,0.0020508727764002237,-0.007195656709070636,0.00663327667282241,-0.013569316179686248,-0.01839727829919146,-0.021300125278540603,-0.021027649482793558
43,100,20,0.015391852779612863,0.02573047033207646,0.02533728179882169,0.022932009307338984,0.0005261422934771978,-0.001293415836547052,0.0050962151071193935,0.01209115785902951,-0.015994443306327166,-0.00933981140723691,-0.006641781484196261,0.007314023011499395,-0.012182313672012147,-0.018557597648204995,-0.02855159668202078,-0.021104528940540063
43,100,random,0.020525841568474472,0.02068497352645535,0.021029393794808362,0.027366675423124855,-0.010374280567392369,-0.00608103502533149,-0.002995080043471197,0.006578752025091495,-0.014606747828598355,-0.013011962182249912,-0.007394621878698938,0.0017548421840213454,-0.016342974460953265,-0.015153027186541428,-0.01958452235783405,-0.017395054490930352
43,50,1,0.008749178606341628,0.030894633198260073,0.031749104931088935,0.03925712442583742,0.012633604079380365,1.545095674306004e-05,-0.0019184316487750872,0.0017609874464110348,-0.02385063198524085,0.006079311171930172,-0.0068998110281128545,0.007336883009529242,-0.012093293870996138,-0.019468682448399163,-0.01591713863871505,-0.009036188786571586
43,50,10,0.008175411357552294,0.02608467946239711,0.024628193100848864,0.03362908737189476,0.0007442541481172808,-0.0012066729628419307,0.0034539938568870013,0.006190136346831715,-0.015956018979082692,-0.0031821775073287623,-0.009139681142116256,0.007405850285133749,-0.010847169806843361,-0.01627519117414753,-0.02439311946579208,-0.020126792835372373
43,50,20,0.00959153796408331,0.026590084582127915,0.023217027257013148,0.03590289381238215,0.001589471499826244,-0.0011512646682715465,0.0031299092379565084,0.009472269040414968,-0.015821648932504085,-0.01891988622310822,-0.006560833246633613,0.006619760292910988,-0.009026435776343131,-0.019254207354599196,-0.031747176905008556,-0.0207287587824483
43,50,random,0.016375290189885962,0.012642447670526958,0.0125582096318168,0.03320303175369998,-0.00868252977750552,-0.0007792129177570355,-0.005957838289273974,0.004671839332686234,-0.018914887973321998,-0.015337979880862922,-0.0031754357666002853,0.0052035159546182635,-0.014592121246542671,-0.020922293476499435,-0.026088015146162644,-0.01612544321417389
44,1000,1,0.02164130581992099,0.024604480228200654,0.030711272655198775,0.01978665765960048,-0.00147572997006101,-0.00012305228638442584,-0.010575639978568082,0.009228248060969158,-0.0030949091437307173,0.0018102650370413972,0.001650413914476407,0.008716407339856921,-0.02270340889508222,-0.013063622846019987,-0.022526656951463612,-0.022235702649256783
44,1000,10,0.018627117407924398,0.023335413776624493,0.025280395929601525,0.016304071846111608,-0.002014603382051328,-0.00011229944323478346,-0.006070640701645784,0.00851085725598862,-0.004430337621897168,0.005190901556827464,0.0007970173171458162,0.010543920616944749,-0.02065685340796846,-0.010053128191416835,-0.01592536039971534,-0.02656449172685416
44,1000,20,0.018521027853363563,0.022747524835623582,0.023885726072162407,0.01638045696226908,-0.001960249703995284,-0.0008570401293450515,-0.007195391566152259,0.00849534398104703,-0.0050973771140416825,0.004601493515508606,0.0012733457620291225,0.00949826039134559,-0.021641787220356142,-0.00924344470814103,-0.014171178260515411,-0.027574320215176234
44,1000,random,0.015259622288189813,0.018794540145660257,0.01306635014984617,0.014327351769838913,-0.00656232082135107,-0.0014703930764515183,-0.009343445231010898,0.010006875571676762,-0.007877258274495888,0.0034532129979650992,-0.0014059966958926144,0.005791988948284828,-0.0186785666288275,-0.007373855188489902,-0.018940373491734185,-0.02780293731851802
44,100,1,0.0161628449372526,0.02843201245924042,0.024519270775127524,0.019193318320173302,-0.0005941251133144396,0.008145392097012058,-0.0067867361458987035,0.007905087744069698,-0.006271512925316645,0.006972096351001335,-0.0020982268188630263,0.010598389435109044,-0.02304058175166451,-0.003794207249756143,-0.023526429874730585,-0.02345276323154655
44,100,10,0.01781015336776381,0.024004707241926295,0.025850584503002597,0.019850951782390856,-0.0038053524748637778,9.310943022851286e-05,-0.002323588781700849,0.00476817607364567,-0.0035042860967384563,0.007610943012432491,-0.005023682110681286,0.011714254976577668,-0.020332039129901357,-0.010812177186531751,-0.020346232075398984,-0.024408987104364465
44,100,20,0.017302633047545257,0.024029103624772275,0.024904866599105787,0.01929067421441796,-0.0028119789623669697,-0.001482066359690409,-0.0034331632792951716,0.0061188894885289774,-0.005420676098908018,0.004318885859368892,-0.0037649966308016,0.00968669571203653,-0.02352187561826976,-0.009971402242493859,-0.018444935847324578,-0.02605906114993457
44,100,random,0.021905284227042906,0.025050677283021135,0.009529298591477853,0.018660000776069538,-0.0018904211243204157,-0.008955549613725005,-0.005374790058773327,0.012002200804713484,-0.0032669746355370468,0.011166844682992737,0.002856814372581836,0.0025693086152569333,-0.022325662552772685,-0.004937345743285421,-0.025340539630315875,-0.027446214356451774
44,50,1,0.01520664738359399,0.016313677831933382,0.02567144354160537,0.017769423538913056,0.0026609982971474364,0.013906358876626355,-0.006419267544492828,0.006542997069419405,-0.0021980589823760496,0.004645796021890158,0.0030803421192077706,0.007040137120020914,-0.01948949805621752,-0.003035128109004331,-0.023372241330369685,-0.01981860654910799
44,50,10,0.016629020679363806,0.021589262066464575,0.028675649319895767,0.01968317675320426,-0.002363860506252217,-0.002455081863721031,-0.00931917730576716,0.008252852013914626,-0.004574570393880383,0.0013400335313080744,0.0030065779152226406,0.012414801370504451,-0.022631780925117438,-0.009624285186704443,-0.02496597561482114,-0.027370302549718527
44,50,20,0.01782381005957874,0.022595516806036463,0.027211384367825553,0.018022425505737738,0.0014445660527400283,7.9315177793005e-05,-0.008399392662240287,0.010709356289213825,-0.0026440248060982338,0.0017923666963480687,0.008634365472841573,0.010029596501444348,-0.022347276669931422,-0.010014465365470765,-0.021506268167723837,-0.02960968490928481
44,50,random,0.00824168453559729,0.017176098574721545,0.01814132045753391,0.01762190914605246,0.0003406851805759739,-9.189122739499212e-05,-0.015462283755908914,0.012166998606550603,-0.0022527894118049524,-0.003292810594388387,0.006020127437132841,0.005928876645144903,-0.02157480802220227,-0.0040071543601052076,-0.017322298498727202,-0.021790429561356524
45,1000,1,0.01452169035275834,0.012956040566076545,0.015931273413434578,0.03204586645120353,-0.0002566773576143962,-0.0039101245136575835,-0.002627006862617744,0.008100679772991684,-0.0012304876751807867,0.0090078158252182,0.010773492689686451,-4.74853703537047e-05,-0.0014835799688249212,-0.018219079203736888,-0.019806769180135242,-0.02702306400753275
45,1000,10,0.014020479904030669,0.01074448078706948,0.013994168757364341,0.029668172422121945,-0.002446335760179763,-0.005481366023737353,0.00025341941990704545,0.004525035905838471,-0.002855995565829654,0.010575745081687744,0.0066022591462343355,-0.002260332574715025,-0.007119173216122362,-0.01546669466451136,-0.022279358023335825,-0.02477772258579596
45,1000,20,0.01335347877429461,0.009970385834566503,0.014074359193771023,0.02695242423724772,-0.0018686187627108015,-0.006405063301855677,-0.0011070400132942495,0.004734046119901149,-0.0022181589527057303,0.010463432103793012,0.007366205164419077,-0.0024034754464788053,-0.006359627694632,-0.014052775044472412,-0.021931069668628914,-0.024654869461119278
45,1000,random,0.013577938219817736,0.008042669411972759,0.01119841129534737,0.022341285057803615,-0.0036233233426006114,-0.0028434594234019754,0.005027871583642795,0.007039717351779356,-0.00508594916334169,0.01151765136539724,0.014783577170856927,-4.290925607371801e-05,-0.008178181737768393,-0.013256224343188548,-0.018336018389591542,-0.03207361589912998
45,100,1,0.007732811313220435,0.011273639375834938,0.0132917181407449,0.03248313748703808,-0.0031378772965811896,-0.00876995762804388,0.0034510082901265914,0.010147417218660849,-0.009732982676503119,0.010718386036011019,-0.005706453351365244,-0.0008019023578775373,-0.008908059896032465,-0.011775370053686774,-0.02718500815431476,-0.02250628508437577
45,100,10,0.014396752839042348,0.01206393838373812,0.016172817816773034,0.02980222115875826,0.0008112933636723604,-0.005593670682877253,0.002216198641660379,0.00707498234285107,-0.0041786668372653145,0.012965041404751094,-7.508559519834405e-05,-0.0008655027302587101,-0.007441009011139368,-0.015900857354571998,-0.023314927288108453,-0.024337238285325438
45,100,20,0.014284873286138863,0.011199930196126952,0.01582776021650095,0.02904716988777915,0.0006377020934338445,-0.006416333613139747,0.0029178585514396606,0.008400926791429671,-0.0039059000962057954,0.013063284950187068,0.00567576502409372,-0.0005661374834563616,-0.007975807171948134,-0.014531668630417702,-0.022398332957230125,-0.026240408653117702
45,100,random,0.017536274055496664,0.01022569435937806,0.020940052641566394,0.0267035919129226,0.0006934945839873711,0.0010306653170963707,0.007853979835811872,0.004840055903245663,-0.018386071476121885,0.01346772372340847,0.015082352480784541,0.0007568331624171847,-0.008353251304778049,-0.014939870101952852,-0.01838805615336933,-0.035495986158853424
45,50,1,0.018843969945765766,0.014191831209524646,0.018519972967382236,0.03612929698655131,-0.007360559991384692,0.003146177813764514,-0.005452270368597984,0.0013958302165109082,0.003023021123822301,0.010032700675433128,-0.0036529234391705304,-0.0007506810558275497,-0.0005580871681446416,-0.01277878127180573,-0.02986881982708503,-0.03885547201153602
45,50,10,0.016073861367322275,0.011912327518874813,0.01675701285287279,0.0269918862972526,-0.004179109847818865,-0.007103759876292207,-0.002452532687377606,0.004906776678835841,-0.002769021390124263,0.0075911198718945005,0.005585709288267924,-0.007173733308380635,-0.002862305026452383,-0.012900070585913609,-0.02608438142698101,-0.025788440423938432
45,50,20,0.01668987398966846,0.012397044626478088,0.016913158689815716,0.028603500169498332,-0.0029399122938202444,-0.005955799658985014,-0.002217345353358449,0.0036810492496768027,0.00062164089092643,0.006683830156155923,0.009547362051210375,-0.003927405174616013,-0.004315374485293172,-0.009744055393615152,-0.025805303068322114,-0.02889877129237284
45,50,random,0.01999067909417984,0.012487020683277145,0.017113800783198796,0.03216239509365866,-0.01136389913169244,-0.005825957693977407,0.001151013226423391,-0.0034063139615579264,-0.00939972010446214,0.0070384997988993565,0.009394798655103839,-0.001338458946484571,0.006012394473391437,-0.014825460743906574,-0.02221637182299044,-0.030333760877790543
46,1000,1,0.016825210557536812,0.018010587992272533,0.009401890857339243,0.02762976558439423,-4.037841970636979e-05,-0.0023235468041240474,-0.0011805835373557374,-0.010872778213909329,0.008905082632476878,-0.0040747773742557435,0.010577455816314656,0.00424291500686688,-0.0014227543589683147,-0.02211415409393238,-0.006353521244288899,-0.015119105294272855
46,1000,10,0.01582784645835919,0.016751978194933372,0.011752776121092092,0.025361460253869747,-0.00010254211193318003,-0.0016408344097745401,0.005613501814358738,-0.007470465005001782,0.008839426889511278,-0.003477972667217654,0.0017928280292093188,0.0025809232830328196,-0.00447198040814089,-0.02033482065480945,-0.006731364970910276,-0.01500959079119132
46,1000,20,0.018141058938051517,0.01726837339539099,0.011389148034297462,0.024222235457181454,0.0007342430330142846,-0.003013547232230809,0.004814007253795273,-0.0077194128794087664,0.008234551685839739,-0.004721718596955772,0.0017095346767993886,0.002553412693283374,-0.004784030537828158,-0.019470672277892218,-0.00631224780928628,-0.014146333703796596
46,1000,random,0.02062544281033985,0.012148899805666738,0.0028095124460688218,0.02054956650976036,0.0007902415031938996,-0.009334827081930046,0.0005354063342175488,-0.016989871874293693,0.008001007692344882,-0.0026541697498757536,0.007960538229145239,0.00047343545833187573,-0.00290785295424808,-0.03353811218851264,-0.008283550804017473,-0.018801487667966042
46,100,1,0.013555054188739988,0.013774722194160037,0.008526440247206477,0.032153016085149456,0.0006018975295348788,0.0065445837792883,0.010567685092368755,-3.1869322916057686e-06,0.011577033892107373,-0.0024612150211331158,-0.0031538276223528295,-0.00017825621919747542,-0.004606945455744922,-0.01953941394903061,-0.007225475052130832,-0.017426889504534665
46,100,10,0.015872913233954896,0.016442704463996174,0.01178971716975187,0.027016309225651427,0.0003271031186202513,-0.00030570538782190846,0.0059644916400005505,-0.007221771429884337,0.008704233994903894,-0.0023867830520905467,0.00047039962436845096,0.0039272381639562865,-0.0024370818270618762,-0.018713135821053602,-0.00476547093295433,-0.019363416119081604
46,100,20,0.01697838427867168,0.017268663235434578,0.012127339486985083,0.02595181972428702,0.0015600193816644686,-0.0013497665534552023,0.005892472552628447,-0.005538222171784347,0.00897245524292409,-0.004696544221126166,0.0011870458162979247,0.0043414350677539165,-0.0015002304485024457,-0.015672592075402638,-0.0024364460652073782,-0.018378726492786338
46,100,random,0.02122524024120774,0.020881908070162394,0.00247967549085278,0.015252879682832338,0.0009809916411244275,-0.007028066700711945,0.004186121522423515,-0.013754147889671183,0.007004108890149287,-0.0009398618579779018,0.009429031935799827,0.0022278719681156044,0.004564741675782987,-0.04446136924097449,0.007069727396926093,-0.018551354065492454
46,50,1,0.01356050108742124,0.013026785880576583,0.01588539268369809,0.0317979285556575,-0.001664661802341585,-0.012662102058483308,0.002566685461966181,-0.007146799026691915,-0.004163957673042911,-0.002136871422781506,0.010279179502542254,-0.00025669645774742053,-0.006752846669673749,-0.017304030578651326,-0.005974541399353852,-0.01934797716887947
46,50,10,0.014772152874789802,0.017414006393502324,0.01389026645285931,0.024826497290174096,-0.0004040796788533696,-0.007653834116749151,0.0030908312958216086,-0.007448293322453927,0.006715232367965993,-0.004484565740694406,0.003940616786789172,0.0021648465883369952,-0.006893534633448422,-0.01616942794656986,-0.007837313948956502,-0.012468890006464346
46,50,20,0.01884180031012732,0.015091369425321285,0.014388973772357374,0.023155118454685875,-0.00016523205588909575,-0.007919304133603311,0.0029184692957731715,-0.011812722085707276,0.004128030578543784,-0.00632802897656495,0.007686476959739858,0.001396828243003292,-0.004849758660060427,-0.012410562634513027,-0.0037447534934838475,-0.01435517465290612
46,50,random,0.012126939618835895,-0.003500510463443253,0.019632577317247223,0.018314554960424976,-5.166160699363955e-05,-0.019286059026938234,-0.003022939577434783,-0.024498659308887036,-0.003773484303733731,-0.007348687947121529,0.015917228258433707,0.0006139527562619205,-0.009964173330506114,-0.045059695561262075,-0.018652428061240674,-0.017975824703471928
47,1000,1,0.03001286226811491,0.017966106762653106,0.017405891292602588,0.021757750416696392,0.006176494781058479,0.007508661345256403,-0.0035431145064089473,-0.001608221834087852,0.010633680214386614,-0.008910190129047178,0.0029088441163428683,-0.009651797930317244,-0.010242182572109765,-0.021841183274266648,-0.020595402954170682,-0.027376892163549025
47,1000,10,0.029182670038874824,0.020555571459734346,0.020666853478434808,0.013909527095739577,0.0005803662740135086,0.00467336522252672,-0.0010695374968507866,-0.0018034194365616437,0.004149564358982925,-0.005463990283422917,-0.001055093952084957,-0.0013507976522053717,-0.010025271700186364,-0.01847245290909245,-0.01245421832888832,-0.023771379352842428
47,1000,20,0.02697971401460843,0.020143487175841513,0.02080911053876275,0.015143018771476146,0.0006867324079262794,0.0034397736385547114,-0.0010686201896010865,-0.0009037831006089945,0.004066529755494203,-0.006086190084003485,-0.0009123915990738305,-0.0004796208753381452,-0.010540995622308749,-0.019308424022272706,-0.011624831752547927,-0.023089031963825637
47,1000,random,0.02472955314775249,0.017580777168937904,0.02261665247654952,0.009399807385232595,-0.0008295006140996508,0.0056641157315307136,-0.0036005109063774144,0.007613915356041772,0.002793225620289218,-0.0037222906651627947,-0.010013268168523897,2.8414233457810944e-05,-0.012198817446482327,-0.0238419094040635,-0.008442542245219833,-0.01771832675074224
47,100,1,0.032999553739269875,0.02147854335782534,0.01924968546848894,0.005826255420994408,0.004955820192971338,0.007788921953515893,-0.008040402302760829,-0.0025594835804531348,-0.008168901686100566,-0.0032306427989934505,-0.003675185201723271,0.0001198510552429865,-0.005634009114509206,-0.007234771672287812,-0.002517930465715521,-0.028168208326940544
47,100,10,0.02668582690963282,0.019657927961225997,0.018154132211163777,0.013542375808779351,0.00041650702222248296,0.003874070001204434,-0.0018323913352208982,-0.0018274614552157406,0.0010441080685292766,-0.006800346393980358,-0.002784177538784196,0.0009081979035386925,-0.0014746830676522296,-0.015024835771674563,-0.006921702610576626,-0.022431476960884135
47,100,20,0.023133660995352186,0.019703423393230408,0.019993964303270075,0.015030719472803936,0.001812973132463321,0.0027568939823107816,-0.0016344542453876887,-0.0033310863227678732,0.002366369131310723,-0.00882189296837426,-0.004820424124673667,-0.0008419342444643639,-0.005771396255104229,-0.017429649189830504,-0.0073433776911921225,-0.021853310448900723
47,100,random,0.02000911430249491,0.012931258590450882,0.021977265515563386,0.011289109086772605,-0.00826038050476202,-0.002996945531970906,-0.0005696878355012688,0.011306784721303276,-0.0036754954493036897,-0.006888345972733061,-0.011638252644909718,-0.0015606336341135354,-0.006236938427344796,-0.02636277427170163,-0.010324962259104061,-0.02480162779500759
47,50,1,0.03842542754085482,0.016699139541452586,0.018770912830121094,0.028165372477399527,0.0019088371297377898,0.01150171143567855,0.0017495203101663601,-0.004629989181271091,-0.0008025701419561125,0.0015891143833150125,0.003277995981629257,-0.0016855615767038326,-0.008192194271784635,-0.012909901902876924,-0.010031145976091125,-0.020764270139737456
47,50,10,0.0363908642825202,0.021963319217415234,0.019291875593191083,0.013986155807251249,-0.00035597062263487226,0.006184173237900746,-0.000664694019796301,-0.005417200533506406,0.0037561542025534218,-0.00866069275444015,0.0015340110873808014,-0.005426999844235043,-0.009640172213103688,-0.020081636067646864,-0.010858571944521576,-0.024818574219074706
47,50,20,0.035221516528762355,0.021447515699140045,0.019489894140379643,0.01753210644278431,-0.0007093259032623672,0.006029130613367452,-9.044441527722674e-05,-0.004297903213924969,0.001877340265778217,-0.008885436568579498,0.0007452991927506278,-0.004198646988609135,-0.011654013925826693,-0.022008794545405407,-0.008832312530131625,-0.023892242791267188
47,50,random,0.022418696659222255,0.02508108312403902,0.009134303923063369,0.021832890508889015,0.006743312988939468,-0.00034286354702913797,0.00046458567843766574,0.0022905284173221547,0.013103165160289454,-0.009073315120387272,-0.0010427931530067323,-0.00014697801898830412,-0.011791229988594684,-0.017334317080420863,-0.0019523514723649624,-0.021523172137122144
48,1000,1,0.018189411945304147,0.02772441533276099,0.02626076131445615,0.014507003562718357,0.004883686325095382,-0.0040347508578274125,-0.013354662227509376,-0.003867689963200264,-0.012336700482421468,0.0017693436380841056,0.0016025976755294723,-0.005746812214193263,-0.011293486618499115,-0.020282229640080224,-0.014274069707625573,-0.020869239332545662
48,1000,10,0.021256285670750334,0.024814015638872457,0.023868945874409315,0.017251759797714854,-0.0007334574203611247,-0.005152402353053552,-0.008879213742660111,-0.0048824973421591825,-0.007247727408351825,-0.00043811189863781464,0.0020049957276043365,-0.003380957347825267,-0.022680848105481394,-0.023681236510316055,-0.017595322575091638,-0.017341693351870715
48,1000,20,0.020983986423410917,0.022232102529081015,0.023606095213105898,0.017569224812705155,-0.00066964850023768,-0.00454503830958691,-0.007244987487054897,-0.004854072653423843,-0.0050040029906864335,-0.0009728268832531484,0.002367346598765612,-0.0025519152131373624,-0.019542355248053585,-0.025526757981984304,-0.019090426955945653,-0.017170812869392302
48,1000,random,0.02227377470889547,0.013304477477819203,0.020431661058544222,0.017753914859952778,-0.002129321712630424,-0.007151719223140634,-0.0008448469423752688,-0.0025250848911850623,0.000768915515378291,-0.00654862593890075,0.0025829979271480563,-0.0035051927790174355,-0.014023834549008159,-0.025717317432904466,-0.016993070370498936,-0.014871062319170528
48,100,1,0.019941470758766382,0.03338273310347912,0.02336076698416506,0.017668415476068636,-0.004022378697565675,-0.002994154779458982,-0.0028505410681882422,-0.008183416463095117,-0.009266340455456596,-0.0009374454804962088,0.0032293634976923793,-0.004529274765759731,-0.01879094056870712,-0.029711431925220688,-0.01515077229611486,-0.022611844812230816
48,100,10,0.02394684459884122,0.02794026078621085,0.02489371805318005,0.017763325675089387,-0.0015589379855959428,-0.0054628013331004055,-0.008001103043068917,-0.005980010426347046,-0.002981045310242538,0.00012678105451475061,0.0008990372732270417,-0.004772116240850156,-0.019970230644133773,-0.027076837026476445,-0.018138228169048087,-0.01776217001624016
48,100,20,0.024534854331294237,0.027591984356592335,0.023430789501896716,0.018642358885900122,-0.002020157555752527,-0.002356914809274329,-0.0031673028917883097,-0.0063027044740674885,-0.0010213024051699455,0.000894231895056414,0.0028668796008296162,-0.0055300218455184005,-0.016867003993906463,-0.025754240146962048,-0.021178523667761295,-0.01634753285952423
48,100,random,0.015302634649636802,0.027836235007151752,0.020843086472654173,0.02141659553375669,-0.008307956477327407,0.0038175530088197913,-0.001723358495516609,-0.0007335062383562459,-0.004505612783673684,0.0002569313224206409,-0.005300411738656768,-0.009059497509993623,-0.013767820223582765,-0.01875884198786573,-0.02102041322553933,-0.009640907919486647
48,50,1,0.013537128684980816,0.023724918875050013,0.021411207066081777,0.024981351046656185,-0.0033501954582942184,-0.0017396088435825614,-0.0005729604496148061,-0.009557850316182963,-0.010170901138681337,-0.003325842072041194,0.008622800841050465,-0.0072867365643345325,-0.028310429768285066,-0.023843118837633823,-0.01451322124264051,-0.029258038900403
48,50,10,0.02313088745636185,0.021751665434379577,0.022849592386501028,0.015926643477977884,-0.0023186582893575695,-0.0008046040557778971,-0.002513728804600945,-0.006142287437278588,-0.009100036784577306,0.0005274111005975616,0.006086602131357172,-0.0055198068192515645,-0.024152679326577733,-0.02190396972809625,-0.0161440739639371,-0.016846578331083616
48,50,20,0.020017881905397116,0.016312517834431082,0.023177739786678028,0.017581207594759934,-0.0019132069729735771,-0.00393052400430833,-0.004800931131277606,-0.0067942307374736985,-0.005651105908787104,-0.0008559264191136419,0.005940087389827516,-0.005258286889609458,-0.022602176157604383,-0.018683387783024478,-0.014428963291346844,-0.01764598182838169
48,50,random,0.03452945255329646,-0.00010846820625146517,0.008991533700540549,0.03476177728247376,0.0024629757639079933,-0.01177605912424427,-0.005942826021167421,-0.011422662020007518,-0.015734206053011717,-0.008264385472185916,0.010613453837076996,0.016592372658261852,-0.019313648968091797,-0.04242536515059509,-0.008981099169252977,-0.010216167295524775
49,1000,1,0.012033525953679111,0.024497409769509433,0.02557763504566307,0.027900480813085708,-0.007482178004903296,0.000382242242055907,-0.0029573987912316067,0.008125583511429548,-0.0008235935019790894,-0.003810519749846294,0.0026256570938558133,-0.0002990991037476381,-0.019258758690700283,-0.006032675737369738,-0.023934296435078318,-0.015561789374799934
49,1000,10,0.01650167102167867,0.02211148986920165,0.019010442057701266,0.022198346331076254,0.0013732337649962258,0.001125473706237165,-0.005326673871272681,0.009392686370771883,-0.0003548723205332725,-0.004427027737675592,0.0012490604881240214,-0.002745387993180702,-0.0118408459647642,-0.013591278099949974,-0.02035932559974561,-0.01271445423681242
49,1000,20,0.018676993543307135,0.022330777986748398,0.017805062671479698,0.02171828279196659,0.0018658949996994397,-0.000532984448766392,-0.0056291539190151925,0.009303641460502613,-0.0009380557754787433,-0.0038765631130843643,-4.4924299746494755e-05,-0.003925425403996513,-0.0109821024768677,-0.012816664610054561,-0.021855193985236433,-0.012960202906489738
49,1000,random,0.0018951784474802527,0.020633105822316346,0.013607205414057338,0.016590552153453498,-0.0014208254208650443,-0.0002686161356666688,-0.0026638355450686628,0.007749992868483078,0.00029047581545185665,0.004094081695607696,-0.0023915993952227954,-0.010226267158414215,-0.012201680890165054,-0.021060202524273146,-0.016424537503600754,-0.011812184993559453
49,100,1,0.024067236653550008,0.022734062631524,0.015430591719627327,0.022502719444853627,0.002962680689342032,-0.00306404833449019,-8.803858583497559e-06,0.008714466980561754,-0.001976778295121956,-0.009417611497039293,0.0020562960156006336,-0.005623598468277706,-0.01653740173142591,-0.014980576609853517,-0.011712174962995928,-0.016821233449839608
49,100,10,0.017141171402771768,0.021782150998290038,0.017225624578764854,0.020544615079017732,0.001732194259622404,0.0005178424592099351,-0.004239680136213068,0.009627155852038338,-0.003645203003813548,-0.008094657975129389,0.003079555974911516,-0.0032195142922258036,-0.012836647272419814,-0.015596416119701624,-0.016830515892743987,-0.013354445459805814
49,100,20,0.020282462906488337,0.023489660815234584,0.016311577088859726,0.02092022027101803,0.0024528548283258515,-0.0016539088458914566,-0.003956477099248242,0.010044888964340068,-0.0041059168709052475,-0.008508822465724989,0.0015459691991286184,-0.004706620304193627,-0.011840330821384134,-0.01444771396339025,-0.018342654042968046,-0.015929032278415377
49,100,random,0.006327094947756895,0.02938978520855228,0.009795381504076495,0.010719290204826433,-0.0044003297585195845,-0.0018736120419228328,-0.0018820375865479582,0.0019663363254317735,-0.005883932333913569,0.000940599049065523,-0.00025115328834886556,-0.0075849176297512755,-0.017789655721144635,-0.017186566971162,-0.016004601099493615,-0.011259931547983573
49,50,1,0.025117519819842584,0.02034272749070003,0.021839600335197277,0.021355136122801315,0.010003113914882825,-0.0034211905481336103,-0.006531563390353854,0.01675472283057178,0.003761126366878258,-0.0018143689651818364,-0.004130753764716313,-0.0016823278301668033,-0.00801239940008303,-0.01529558442028287,-0.011383645884412047,-0.006677248385151805
49,50,10,0.02149288908396707,0.02318416146072836,0.022067301179513533,0.025519321930295054,0.0021547658228827154,0.0004839771710203045,-0.006134739523894921,0.012607642524551373,-0.0005797197543001676,-0.0076654309578618315,-0.0005143146781677068,0.0011738177862912066,-0.01223683469712723,-0.014108908584453808,-0.01800662044991942,-0.012878237048802657
49,50,20,0.022300462117256784,0.024686191924533904,0.022256693711638593,0.025007382106533544,0.000725611356746649,-0.0010912349285243429,-0.008566976596765197,0.01223211289445708,-0.0021330530671406535,-0.007394609031837902,-0.002607658417323211,-0.0026439675711903213,-0.012581081669962886,-0.014224042085328474,-0.02291121499902544,-0.011969308119863934
49,50,random,0.0066390600669814035,0.02283498732306784,0.01044240725584847,0.01669280476012031,0.0028578611225031332,-0.005688047296162263,-0.0010238156133022447,0.008910777010540882,-0.006453437813347294,-0.0037183810762168286,-0.0006552482094344434,-0.01386187637901302,-0.020427208578643004,-0.022392371125082383,-0.020633082992113624,-0.010831027906550064
50,1000,1,0.022550598508550845,0.018864025307096795,0.021531593422674543,0.01622473264815063,0.0006363181270211395,-0.0009020432155442608,-0.0008778856130416326,0.0006585417620868287,0.003434586592272646,0.006358811635240086,0.0027507124240643555,-0.006562318184721604,-0.02702369472097474,-0.016511489716209922,-0.01890155621607251,-0.021515855527711698
50,1000,10,0.021521320104556003,0.019626684646580957,0.02239006604259734,0.015248882577716375,0.003100692441148819,0.0006260707781012546,-0.007015104791322123,0.006084703330513395,0.003990256654747217,0.002078640634004368,0.004173835329656471,-0.006791515114386768,-0.024431341288417074,-0.014897279900867033,-0.018532304999198404,-0.018091750667349634
50,1000,20,0.021345334866223104,0.018362277987028358,0.021321573570359634,0.015115966793655069,0.0043996404801127185,0.00019431205373554084,-0.004928631093400592,0.006249762174458595,0.003037155968216805,0.002586468077650003,0.003774742396536395,-0.006269217403161741,-0.023904539977885688,-0.013167893084707782,-0.017086365318132183,-0.016676710496845965
50,1000,random,0.0174895687714899,0.015981465461141993,0.013915621820404674,0.01174454961910544,0.003733879265144943,0.0008177361611864813,-0.00373970660331139,0.011720617415106814,-0.0052679171033211914,-0.0005755076360592406,0.0025973065314933617,-0.0017954004774012535,-0.02025666628427115,-0.013660847023792977,-0.01903943595977913,-0.008953686745740163
50,100,1,0.02586825074643119,0.024207564865488463,0.020087343012991546,0.01196100054230058,0.0008105394667294269,-6.306018749334309e-05,-0.009290934161065495,0.008823003966324315,0.002668492415031335,0.0030660181773536437,0.002304170708368141,-0.0035451262125390202,-0.024944031079662293,-0.013187499671472848,-0.016896186004575157,-0.01165405927771678
50,100,10,0.021901781747158667,0.021293495280440486,0.021804149525172564,0.014117851163513792,0.0032078986430114993,0.0003687083884944689,-0.011269349715293772,0.005945727710078428,0.0017273946972171414,5.818393246120357e-05,0.005551825138851047,-0.004870972017602372,-0.02211831043500509,-0.01446487690906379,-0.018766791519396052,-0.022529464748179833
50,100,20,0.02309362832901904,0.01986839577210263,0.020687312286535253,0.013522356273425648,0.006174162479915915,-0.001286748917929319,-0.0055676888174536025,0.005294366878080871,0.0010389570174628312,0.001780837210382048,0.004313219493054221,-0.0038988484487083213,-0.019661758563036105,-0.010630399989219963,-0.01768342734872736,-0.019116551910448577
50,100,random,0.023470435101422667,0.012137764555289159,0.007690135285272203,0.005693192056303581,0.006874231326435005,-0.004840803831425453,-0.007179102524213724,0.0056586618550305895,-0.010688931441245348,0.003282098015225306,0.004137768699132092,0.0017143433209602546,-0.02394658294600097,-0.018414635965136518,-0.02910324389388586,-0.015117943103338709
50,50,1,0.024265456290340263,0.01752904297999228,0.02560082829849534,0.01300842785841892,0.005766748186643538,0.0018744643293360957,-0.008611562025745466,0.007812583168407335,0.0022634467772465186,0.006637173390160476,0.005549433431383061,-0.00849048780461925,-0.02301368904153738,-0.007195717344023099,-0.013558678989583288,-0.01847836327899125
50,50,10,0.023339717205446336,0.02367001538319671,0.023084368618997122,0.01553556774082349,0.004153980934441219,0.0029534990446522702,-0.008393264595565143,0.011369684380211232,0.0008918890212294913,0.002564591438522212,0.005118481597690411,-0.0053299877728830375,-0.02203125505048995,-0.018010754620362758,-0.016933941880715314,-0.015851180840888133
50,50,20,0.02386302954371206,0.021736641676078,0.025106756085463647,0.01623622735137882,0.004216502508897307,0.003333440728373655,-0.007598143227138043,0.011765507986415825,0.0002949636921418388,0.0023014249379747147,0.0033250850239735282,-0.00428648739871163,-0.023753233177779894,-0.015828014326090992,-0.017482924752664865,-0.017973319480922914
50,50,random,0.014070714318009932,0.016903750924231974,0.02083085998770618,0.015567051120134028,-0.0015046210778716556,-0.008933963209083509,-0.003490254697943786,0.017387887454247977,-0.013277935309849505,0.004762001001925817,0.00873523870678173,0.005388180963121688,-0.01307086211250563,-0.019731902688706553,-0.018969310309369682,-0.004911918649753334
51,1000,1,0.015181205626063458,0.008084064948148761,0.017650208835287395,0.019453390475893083,0.0027820841986021666,0.007985793955349619,0.004317646358069193,0.00039636116223699854,-0.025231281581916468,-0.005612780524413912,0.0011801759895626472,-0.007248194840420294,-0.00708275080928441,-0.027458512847418095,-0.024782108335605218,-0.016542324848333283
51,1000,10,0.014699450410895893,0.01260101434155456,0.013612945489717762,0.021534343480289472,0.0015961556806478212,0.003636335720960035,0.0069745368423629,-0.004152343234980586,-0.018999111014926653,-0.004314819910151358,-0.0010453858950932949,-0.006134930227614684,-0.01618234118734128,-0.02380094435412954,-0.027833219679221703,-0.014920402239539837
51,1000,20,0.014511227087254632,0.012377851917030282,0.01378384437427618,0.02140929103604135,0.0019849647469654804,0.0038631837116925127,0.006062726651454618,-0.004871818456210686,-0.018454935769194315,-0.005479656855947562,-0.0015361140997410725,-0.004679400848936129,-0.015326725016774994,-0.025032424372745048,-0.028390590189949355,-0.016204194775596342
51,1000,random,0.010119243330621688,0.011935380128799335,0.010242931953533221,0.01785695260934745,0.007496934618347037,0.00772652251951272,0.007796805684852274,-0.004577176982713386,-0.02438712266959172,-0.007864870390298437,-0.002763230447043693,-0.006913068382355897,-0.014242635681791037,-0.0239722101191173,-0.0439081465021538,-0.014891832651857142
51,100,1,0.012538110613662268,0.015826068087250213,0.016714101139278962,0.016367944455582407,-0.003684715452111025,-0.0010217340158738095,0.00517399314775818,-0.010002572424837295,-0.01985410512119129,-0.002654900446942909,-0.005270680730995691,-0.021213662373878187,-0.01898142225775396,-0.029100316995543784,-0.029030370592175565,-0.00555511602181801
51,100,10,0.013895672677648425,0.011787973991246294,0.014390580899464262,0.020530955567278714,0.0009709791841123065,0.0013049986292084466,0.008528390801959444,-0.006038803217242173,-0.02304717462038418,-0.004584595065352974,-0.0006994676664091689,-0.012359740225153189,-0.013789987471108404,-0.028000002429582383,-0.023792130269510908,-0.009584684530625978
51,100,20,0.012216443765537814,0.011814543598170286,0.014995797925084242,0.01941745359681903,0.001626648060208934,0.002030634920347854,0.00712260208744124,-0.005638594950239972,-0.021643274620958275,-0.00512737095754166,-0.0011523247166823592,-0.008231656954041844,-0.011913966188384539,-0.02998922248623145,-0.022174573989142472,-0.00918831530434246
51,100,random,0.00906646647408498,0.02050452563680251,0.00856260795066802,0.021641398928853323,0.004044017137877244,0.0053513864852732865,0.011217411059240418,-0.005364875087224757,-0.03578943261002382,-0.00587267446082698,-0.0004260138574867219,-0.005165914056530442,-0.01567056712802686,-0.01878970137293727,-0.041828918188927595,-0.00891773732123784
51,50,1,0.020893388621344173,0.017800426024722902,0.011665939823244082,0.022759464738199137,0.0013087899554331656,0.003522948737088241,0.0015492731134725917,-0.005749701559263065,-0.007270265069622224,0.0011576940349708477,0.0015469519381692963,-0.009814047711264925,-0.019518502605125995,-0.01822678882525353,-0.035466237220868856,-0.018259172761086236
51,50,10,0.018008274468723214,0.015237903876496444,0.014464641220648227,0.024821889806232574,0.0007177797961081098,0.003593180942559914,0.008171334095153486,-0.0026049768228079127,-0.022822411785382815,-0.004184028919637889,0.0015014089073167132,-0.009927660071985433,-0.02183542539896486,-0.022578306238455494,-0.027382357741074153,-0.0172328360391523
51,50,20,0.016557590567069104,0.014174514501251045,0.014405955461956442,0.024109894129174275,0.001471776382084658,0.005022070836860973,0.007377327071868927,-0.003574963773291321,-0.02238491431693127,-0.006098750598959119,0.0021150031161003375,-0.006072407405043475,-0.017222973730591517,-0.021201606840622885,-0.021288423633090386,-0.01895669465667057
51,50,random,0.0068376049205968546,0.01135211781535446,0.01773323615593914,0.03585577359144664,-0.0024110146782563525,0.03846785723908872,0.012682912970745398,-0.02457510084649157,-0.03488100511047918,-0.006203902193394031,0.00853389786663235,-0.02525132947544903,-0.017921389258228226,-0.020011260081336007,-0.06076871012933511,0.0026664096042118375
52,1000,1,0.033128209451096784,0.013253618923807067,0.016254186027837077,0.01774774429796299,0.001070527578320164,-0.007453000679865738,-0.009098075881208154,-0.003766807379053635,-0.0009786025652387495,-0.00485804815847055,-0.006433632588501425,-0.001608501993050285,-0.01994567322467939,-0.005513240376965577,-0.010411786606753785,-0.0126812794343514
52,1000,10,0.023500528336517675,0.014003282953761135,0.015743165622208604,0.013443363244117356,-0.0010820761013532944,-0.002089673727847767,0.0010325067185798966,-0.006900829095812293,0.002628435161010131,-0.007867718690419091,-0.004719259024795609,-0.0034226815394602034,-0.018789975903912536,-0.010383240777805683,-0.012308831930940347,-0.014707800693927521
52,1000,20,0.022086866332190754,0.013920534061483561,0.01596925189724706,0.012579215719192719,-0.001502769364985964,-0.0020508212241297018,0.0006985442110468378,-0.007813956330244686,0.00031312425072352275,-0.007800620523219538,-0.0046569793232077335,-0.0029900910586762976,-0.018685362817166904,-0.011309555314435307,-0.01319448098222303,-0.015084757630754507
52,1000,random,0.01804531772380599,0.009567460795409922,0.01760286687006183,0.006401344926696197,-0.004357418148670851,-0.004761058971273589,0.004424125266130364,-0.007987035017936248,-0.007203688160092128,-0.009609629483827533,-0.005444801323865576,-0.010591080514236842,-0.009734948626503448,-0.008012291843363733,-0.01981567251154214,-0.016876370021366726
52,100,1,0.028162632594428597,0.014985843635755239,0.014156459455497173,0.014398056108143036,-0.004375578850333912,-0.0034746452743671403,0.004510599116586488,-0.0036359088639419555,0.009756304531591821,-0.012437793970967703,-0.00692117615125769,0.00022090492650207505,-0.032184789437471974,-0.007749776246759204,-0.011903312512480665,-0.01726241867402624
52,100,10,0.021910277342531863,0.01332988984513997,0.013226142753820542,0.01663952445246832,-0.0028070664287940758,-0.004092331791318277,0.0013963588062755987,-0.008186201743058502,0.00468141574974478,-0.009454848987744704,-0.00612013498385485,-0.0026519911182084424,-0.02393687059861668,-0.009617076779335038,-0.012501025424476337,-0.015479344979508683
52,100,20,0.019556709036885677,0.013204500929439223,0.013176232104747082,0.016707536330908594,-0.004311834092363676,-0.0031476938103773325,0.0005621462120710705,-0.009880487839826084,0.002032833916609574,-0.008658285263873293,-0.006163941653229531,-0.0030189104197054306,-0.02363146761852996,-0.009045682455557208,-0.015652191524073086,-0.014197089711940695
52,100,random,0.02098497725040871,0.012316473193235247,0.022365838030230813,0.008541200280821323,-0.004705649496844862,-0.012475192891702692,0.008711079232033046,-0.024115909751717218,-0.007366655469366392,-0.013788284909161065,-0.014146603407953142,-0.005217984158936536,-0.010591189302672341,0.004370871136078344,-0.02600637751042007,-0.02004541880548254
52,50,1,0.026453436313370052,-0.0001113405935373106,0.01255510652153425,0.017498081684510978,-0.0015759416764872488,-0.009740645786833835,0.0010040843657292257,-0.007931577615657987,0.0120308267412233,-0.004492009046649813,-0.0009233357191595893,0.0036453436472497157,-0.012265067336585079,-0.010583956419317416,-0.012236793305266015,-0.020619747211801903
52,50,10,0.02554334760872501,0.014093477829256048,0.013561696877282545,0.01522345144317793,-0.0019457163327170795,-0.0036803971298750766,0.0009763184006602852,-0.004051756489009883,0.009754664108488884,-0.00916130660456284,-0.007115763276865144,-0.007384934464993055,-0.01389886680358587,-0.009920297857542176,-0.011310945590172263,-0.014028418094651988
52,50,20,0.021317232180133535,0.014270623844108266,0.014198942720187608,0.013568617160028985,-0.004109706490909779,-0.003632096373748204,-0.0011174569711218775,-0.006451937481762252,0.008092134356985966,-0.0076065913189978275,-0.007594766726185622,-0.004777474581560389,-0.014074647211351049,-0.01108590278093069,-0.012250491269812635,-0.012795406111895457
52,50,random,0.008390309526244802,0.00811848324038498,0.009418207660870172,0.0011617233898734316,-0.004344587875873436,-0.004087638009482055,0.004561743334346488,-0.001359214186347014,0.015628063865345546,-0.003691164331369534,-7.369296081882481e-05,-0.009557738526577852,-0.0038624364422116617,-0.004273322112744277,-0.007685991336826443,-0.003394293009258873
53,1000,1,0.019641301947123116,0.012223817985828753,0.02395411818561301,0.019136667175852086,0.00757116469792941,0.011088248656724625,-0.0074707300944255525,-0.01351073153923068,-0.003989982656309151,0.002416716397872044,-0.0023284083521804043,-0.005038099209005692,-0.0301770439940208,-0.02109560338692182,-0.01809596535489203,-0.025306704221807492
53,1000,10,0.01832820062048952,0.011955986640028301,0.018161956641352502,0.016987468653002373,0.007370755140574794,0.0070509886388742385,-0.0023568583311258206,-0.009866764066506158,-0.0019138186380553105,0.0034784010650586753,0.0016541189903996976,-0.005757715882788216,-0.025346563323822017,-0.021278589944770412,-0.015919880384497757,-0.026058790532217695
53,1000,20,0.018793688486938274,0.010829262435223742,0.019541025611831225,0.017014496614656822,0.007908627355087154,0.007652690165575062,-0.0026735028902935055,-0.011244614293002301,-0.0025955164568982852,0.0035959267328140726,0.0021825767542792986,-0.005598781172534254,-0.02512515623640469,-0.023940400677601736,-0.013798116535012452,-0.025108683647920037
53,1000,random,0.008878869735160715,0.009205018148630726,0.015305636971143604,0.009318667908780167,0.008208405080553467,0.014605216558167225,-0.007746754479793611,-0.009222320374500588,-0.004157109486515471,-0.001123290416691021,0.002271126473141628,-0.0062751231286419275,-0.030237216805607283,-0.01627233637742498,-0.014162558218418341,-0.021010159764381985
53,100,1,0.017250145168062427,0.015896143297181052,0.01794180448119382,0.01959527690750837,0.006209445793839284,0.0013868227276496608,-0.0018230135945887232,-0.011720886591809207,0.0009277880317233753,0.006014116944896517,0.0006372656103045216,-0.0011286557015407015,-0.03161403393428449,-0.024266187005695942,-0.011233543195653018,-0.03416373464110966
53,100,10,0.018703274670762226,0.00993455030306778,0.01909485740634321,0.018363444510075523,0.009761999162047631,0.005768142570600823,-0.001680014914575257,-0.017919854156730423,0.0002728835154592877,0.003779059224183438,-1.520389849005873e-05,-0.003195750927067762,-0.027690325466049083,-0.025119025005745636,-0.01213846509866739,-0.028448524673027133
53,100,20,0.018177840672374657,0.01031094659294122,0.0212025676890142,0.01715202792588216,0.00963170608766084,0.006706806157895079,-0.0026864250866236446,-0.016057053928508275,-0.0020462706121962236,0.00412841307844734,0.0023052075055760854,-0.0033479055444472815,-0.025510754162347347,-0.02909044631490018,-0.00881304207436434,-0.028328850141422727
53,100,random,0.011962966846982117,0.0016062214393635726,0.021399675601486996,0.007959966237936713,0.015402113800869595,0.012700746040661138,-0.008365625305100264,-0.019818709715217844,-0.005555683678773114,-0.0009078818052744379,0.0013613968952893676,-0.002464962266409863,-0.03531901885262747,-0.02064219069103738,-0.01011659930451201,-0.033320224740132104
53,50,1,0.02160798346410688,0.008443512205334012,0.018389453961435466,0.01898671308075208,0.00042162444555937954,0.005492718640651794,-0.0056677854721940675,-0.008604494856088397,0.00015912762301706712,-0.0035838928559164805,0.0009862947907217084,-0.006520488121453804,-0.01683142414704627,-0.03209019622070894,-0.002415947280771851,-0.040510980655870964
53,50,10,0.01883783537125772,0.012810832977212914,0.016905883367348263,0.018671329981402456,0.005832646675230626,0.006343878089270442,-0.0003645750614293539,-0.014451030705469714,0.003014215212755593,0.0015063679311808043,-0.00046466368186271904,-0.006483566800641715,-0.025365290757105804,-0.023614032141155872,-0.005717781431560618,-0.027886012294657186
53,50,20,0.019041696665840747,0.018315111366161468,0.01853641144068351,0.021559982292893888,0.007571120297787691,0.006458336186109751,-0.0016598881417335628,-0.017088128796911062,0.0024877550566434273,0.003078993422713314,-0.0016769047090840947,-0.004014265461350679,-0.02800733424913505,-0.027263185920236015,-0.0032028848387418724,-0.024461955846007407
53,50,random,0.010410985914017873,0.008325791189491658,0.023076188776655526,0.007653037236748887,0.003478370685816684,0.007393629021039871,-0.006993248007442413,-0.022273642515630007,0.004480082268521177,-0.00352840974921752,0.013589656001715779,-0.0009740657772198324,-0.03321694912362524,-0.027110123580811298,-0.005415017480829529,-0.036231487763625225
54,1000,1,0.048101212806756895,0.02989652762483943,0.013447165464752024,0.01123680287313607,-0.03114533459953425,0.0008791792434456019,-0.00048550370702358825,-0.001178432142233589,-0.005321575657233859,-0.009191214880080062,0.005708528037409091,0.0039223621073072425,-0.013882415399551271,-0.019779787034770468,-0.03198919626965028,-0.03085028632823269
54,1000,10,0.042694788246613255,0.024093319700901693,0.014084927536178462,0.01097429186027014,-0.03127036921973809,-0.0014823772146387213,0.0009369632407382603,-0.0033312701567497953,-0.005747211778866307,-0.015673861003290466,0.010539392650471525,0.0027006774211710666,-0.01203534780440213,-0.02219246219218739,-0.033583979409266385,-0.022528000930439888
54,1000,20,0.04141977392068353,0.023242589308318108,0.014007084590479372,0.010457964665704242,-0.02831965725843737,-0.0022099494172993263,0.000870384797572873,-0.003160518821099797,-0.006600860996981099,-0.016363127019051193,0.010542831375653898,0.0034240364300057186,-0.01436469270867267,-0.022129453514181198,-0.03337592026854879,-0.021402222383696275
54,1000,random,0.04197277319969825,0.018509045192570264,0.009300035537649508,0.007599925727703542,-0.036646415889010665,-0.006427159586211932,0.0002484742628254199,0.0035639637715292154,-0.004326160647719335,-0.010031175575320735,0.01063843781972579,0.00298710803454939,-0.004234691252767111,-0.0182591358191116,-0.057378736530123084,-0.0217163452795741
54,100,1,0.04006326812363666,0.025429967032711918,0.01132284354591008,0.013485784487324147,-0.03756930065882885,-0.003784534130787517,-0.00013463592590006647,-0.00612214606584203,-0.004767105260386243,-0.014143526581835379,0.011314851450333833,0.005218427756031004,0.0008329716876699295,-0.0220352706129081,-0.03975054493608399,-0.010917844075654316
54,100,10,0.04837395959519356,0.023795684045253736,0.013218338028813826,0.013003513695472788,-0.029130772582534888,-0.002660084227101367,-0.0037069372112163647,-0.001436137094651671,-0.0053802241176865535,-0.014936892616348979,0.010276234158270652,0.004114784663084606,-0.012194585906014379,-0.020777137397174884,-0.0330071570403548,-0.02383733248520774
54,100,20,0.04660645120896472,0.022700587389348745,0.010935924765320276,0.012441290631198258,-0.024216280426340477,-0.004222272260255621,-0.0026652132483205443,-0.002514324756984979,-0.007692350512622272,-0.018589090106445355,0.01012557128412919,0.003864831511196039,-0.013097671274210942,-0.02000815611342912,-0.03677140259221761,-0.022386129723964355
54,100,random,0.02888986172428724,0.0218096507906994,0.007253201325267915,0.009957727885521532,-0.03514058159238247,-0.008689574769093935,-0.0075824441431822385,0.00015187732156288962,-0.0012981253569267826,2.4095671324414464e-05,0.00978488566393662,-0.0007945435091905048,-0.0028499919457664223,-0.015969883112450872,-0.05324503556040041,-0.017166034946665625
54,50,1,0.02272604168135164,0.020985324898365527,0.021005111888443673,0.009550436887777788,-0.02118257244090489,-0.0035074524885984103,-0.005492056059508914,0.0014534456110405062,-0.007156943561678621,-0.006680167944589792,0.0097495214547021,-0.0017071287910578217,-0.013837055820480278,-0.028772944439253458,-0.05448425264103589,-0.02071566132582125
54,50,10,0.030196477712072456,0.02919714012386153,0.01227033485908805,0.015327590092070634,-0.023683903910540142,-0.0006742414588762705,0.0027212219122361553,-0.0016125761380103765,-0.003315136713307855,-0.015456013840261273,0.012046933188391071,0.0031412934395555216,-0.015240547610853002,-0.022182849534870427,-0.03704105305535209,-0.02539385210642425
54,50,20,0.02247582028184089,0.028821007584324067,0.010584854607511684,0.013238011276811665,-0.021431564061617243,-0.001926642632898539,0.0012545255819976253,-0.0034026715738185026,-0.005582922725936972,-0.01613030217502461,0.011305226514420287,0.0023477193158241874,-0.02318330594225579,-0.021138663515884604,-0.036524157603445635,-0.026735076084002166
54,50,random,0.03679777140990081,0.026180118269356047,0.0054329057736544955,0.018163509141054333,-0.032733202077535536,-0.0017822092619566808,-0.004687257702212923,0.001781330591834673,-0.004281861274720457,0.0006812140100775361,0.009007469419854263,-0.0015190550395384006,0.0022287888757635023,-0.017730408802403987,-0.11043039826613409,-0.027221135069641803
55,1000,1,0.007057129758658396,0.023795347276373346,0.015731185036591645,0.021486369807527328,-0.002464013155729015,-0.008780676329001782,0.0018166250400409316,0.0005646035942459016,-0.016989214877445178,0.005584270443825545,-0.0012835842030352528,0.00020334196851402669,-0.01221570675707794,-0.018947155894246042,-0.015179100366115021,-0.023230789527723044
55,1000,10,0.018603901641419243,0.018985069595538043,0.016373420146512885,0.020092349913026396,0.0003780723898155477,-0.005426115304095665,0.002090499457412329,-0.002580943613434975,-0.015797578191333775,0.006856722095827775,-0.0011585831994164206,0.0035862898735686917,-0.013721235473173287,-0.021821959380812488,-0.01626310213042227,-0.025267853919820244
55,1000,20,0.018093458483819456,0.01786261972572715,0.01534186670519572,0.020581066761237474,0.0026251495903971294,-0.004608056778384663,0.0023962099272149882,-0.0035077627532240415,-0.013773624700812974,0.004989591517009568,-0.0008926690517133321,0.0025239795043022796,-0.014161970609637769,-0.02049729088305507,-0.015769110774988476,-0.02382472535731588
55,1000,random,0.010990585287267962,0.012977485672621277,0.016478340787353565,0.012478429489900697,0.0032534357447172404,-0.0017564051002714226,-0.0013497524130599192,-0.008170776662476795,-0.010846254984803507,0.003438393762520111,-0.0005206748748443948,0.002204590758367738,-0.008462351581622956,-0.01285061171769262,-0.01761328874579316,-0.01953412162192033
55,100,1,0.012466941297096917,0.013506601132784415,0.01610415012335773,0.022763296395289585,0.0022741717463063875,-0.005659516677368287,0.0022938482664918423,-0.009214690210315353,-0.013949933349090046,0.009004480218879998,-0.0020652497449272925,0.0142237271101324,-0.016324992589940475,-0.02479298524356914,-0.015306485978001199,-0.020953892673695525
55,100,10,0.013985511859430004,0.01740872362688443,0.014679796535990653,0.018868298829428545,0.0010772931967828294,-0.010018580941601312,0.001730576507659558,-0.006474021548034633,-0.01806972263052676,0.0064692904830547,9.454444430346108e-06,0.002475797643378712,-0.012926493698616908,-0.02158509023205792,-0.015902787445402387,-0.028498852693272816
55,100,20,0.01297412156420543,0.017049357702718575,0.015383480459681027,0.019605160701338407,0.0022626319280399077,-0.0029462160761078615,0.0010184070799107948,-0.00776586875871301,-0.014025884982051364,0.0034716483996394157,0.0005285861378241854,0.0022153609891404336,-0.012225057511827732,-0.01958726680391464,-0.01650104107072057,-0.024779217364361682
55,100,random,0.010887999353427297,0.009300608185748873,0.019002111764978086,0.013045542748142697,0.016244020263343272,0.00529701516585313,-0.006729540657011818,-0.01709644898556042,-0.00811175041986446,0.001576027513067744,0.00015570140000217698,0.005539056171896457,-0.008982195634602518,-0.012481146770197514,-0.01745860828417678,-0.025253526963195203
55,50,1,0.032876313310549694,0.013172157467957706,0.021765901208902656,0.026093888669703327,0.013745669244479355,-0.0014179509205114271,-0.010530655922001399,-0.010373392359434396,-0.0037586090115586074,0.009478616041018134,-0.0016043606826611138,0.005045761654891276,-0.027704931073437074,-0.03595856654279954,-0.017198753546432598,-0.020770169246279717
55,50,10,0.018567348989229633,0.01969253325170511,0.019390328312096763,0.02109673181275083,0.0026567308668556905,-0.004589752301613057,-0.00042777787595826497,0.0011190904027588093,-0.012623193555028037,0.00778591652388174,-0.002008056580234205,0.0016626912393113268,-0.020924063000176234,-0.02898427700351901,-0.01563727611020635,-0.025666484164838552
55,50,20,0.015045230880982273,0.0193716837892917,0.017320943595287436,0.022656748406306115,0.003595235926260278,7.847668097923383e-05,-0.0017278011813769642,-0.0008016323720402824,-0.005993136734274635,0.006233348655068042,-0.0036459668249306638,0.00020665689060157664,-0.029588831765378642,-0.027556687700114383,-0.014757821006035074,-0.02361113189201759
55,50,random,0.01812328118378343,0.007570127277535757,0.01108631589116829,0.0074334806548182015,0.003845979558020431,-0.0037505010721809824,-0.005500214007302229,-0.006527944719207175,-0.0007088242253236733,0.008510598920134926,-0.0032063824351619727,0.0005568704045642763,-0.007955531325863817,-0.007296181482809835,-0.010055511202084661,-0.010322635887893223
56,1000,1,0.026013536160206643,0.01836234655013892,0.016558714541709322,0.0182432980903828,0.0029044588082321747,-0.007838992575596193,-0.0013270859271435325,0.005338853695648692,-0.00498644130567716,0.001298048839188967,-0.004239042735089091,0.012248242264563496,-0.022863042507431305,-0.018109281279000147,-0.0065313506308027364,-0.016074513584687134
56,1000,10,0.021714682257203344,0.020417872372026538,0.014963079659388529,0.017210402784265406,0.0032454374304789497,-0.008014439073025976,0.0006595587480135926,0.00034111981775438187,0.0009699207937570015,-0.0013741494408654558,-0.0037848612203322638,0.01169232445774187,-0.02011894682176318,-0.020332310877198823,-0.012154220533369495,-0.014874942267643985
56,1000,20,0.021237998901117647,0.020806803320953252,0.012764075667967723,0.017259291093931116,0.003987500802431863,-0.007820503596053746,0.0007308207354081458,0.0003511342175636802,0.0018251866379685793,-0.0005063761483563016,-0.0032807452231373396,0.009395997624577379,-0.01826726571355437,-0.02182616039769032,-0.01320262445866804,-0.015922795400795844
56,1000,random,0.02255444571639818,0.014581038241532182,0.00834594577814714,0.01506393719744034,0.006609150563637232,-0.012039331579254737,0.0014110641719765795,-0.0024050290470270597,0.003985852991427912,-0.0015117892430995096,-0.011155778437729953,0.015072222551727986,-0.023184931819920363,-0.015413039867310416,-0.010159115893537383,-0.0077403644875024226
56,100,1,0.023511247230094935,0.01568469692850017,0.01310305892832525,0.01894992978454,-0.003867781351357302,-0.010147832781396799,0.00227534624464486,0.003950974403507044,-0.005327036162193195,0.0028180372513730923,-0.004751185883684418,0.007121278299196468,-0.026014328490726796,-0.02233127796420743,-0.01947661164770704,-0.007570440575335833
56,100,10,0.021686033282107133,0.015192226512280414,0.01584074060916621,0.020241766307650264,3.000001744226128e-05,-0.011364020496879722,-0.00031861240207491955,0.0028648119143294074,-0.0010327591710335227,0.002245911489936417,-0.005901111540136697,0.010278240523938876,-0.024267239849580576,-0.028385772569350855,-0.01079225190667412,-0.014187146823322132
56,100,20,0.021979594349384377,0.016826895234446113,0.014822954914731191,0.02021275736463784,0.0008422398154562526,-0.009331028926869748,0.0019804116007837796,0.0010963554158802875,0.0035474416042837196,0.004100952860962508,-0.004357432714147564,0.007006383448883409,-0.022155896667696802,-0.02912313974186606,-0.01054279746984247,-0.014054618937936633
56,100,random,0.027561377789654312,0.014478855296227975,0.016657737802397245,0.019536697065545155,-0.0006417421964197382,-0.016979878796973796,0.004894779114433907,-0.005379051446530375,0.004350154517066486,0.003221384442404016,-0.020701225657078125,0.0165643510798792,-0.03535231101250036,-0.028158983364466872,-0.0122524094075647,-0.002813800725694631
56,50,1,0.021282808563224575,0.009223489011531584,0.029954140339202268,0.01617220552418124,0.00922147172269039,-0.006190921330405914,-0.001564291444665442,-0.003897463515050231,0.016768452301050556,-0.002702981165603983,0.004774455718526615,0.012043686746724338,-0.010020000298449709,-0.014377771241583358,-0.012620683548361463,-0.021730407439889195
56,50,10,0.021241466128697286,0.01362042490626701,0.02135913309400172,0.014223916205938282,0.007027033291434831,-0.0056594704436863244,-0.0014126590767167232,-0.0006173230341240619,0.004414733494616689,0.0015162441465731394,-0.0030524763706231066,0.012105561488177445,-0.02237957729909588,-0.026774545535263105,-0.011167980412396274,-0.020559470809776614
56,50,20,0.019207625137765742,0.015196194862799115,0.012467565674572799,0.014648726536454184,0.007174215601518869,-0.006481697779062509,-0.001449014256607713,-0.002158050322352576,-0.0007238698751612233,0.0014060898244428281,-0.0034191950039656844,0.010427671426001706,-0.016541504507744546,-0.029309903333753103,-0.009538055658888265,-0.021201252138769763
56,50,random,0.024311825513975586,0.003148061898647124,0.024203073409476476,0.018526506117042072,0.015108259011636779,-0.005559397633767903,-0.004161153202817631,0.0019150505326722227,-0.0018225412672616904,0.0037578100716630486,-0.014651516647111019,0.007771220869510723,-0.004287192398618827,-0.029769169762271272,-0.016782740991522143,-0.028298853536323325
57,1000,1,0.018508163286017808,0.02176552181844969,0.015431882640115854,0.01019557632392068,-0.010215557048602887,0.0002684568650105011,1.2877797026589336e-05,0.004086714690549487,-0.00029282152112289193,0.004142600288294888,0.0054465119441627985,0.0002225943250029758,-0.04165504317197744,-0.015729897147582758,-0.015882132018577026,-0.009274445069936656
57,1000,10,0.020702394711102835,0.024900189022407215,0.016832301303861655,0.025035457079339508,-0.008418279554142385,-0.004967333262582832,0.0027151869252391558,0.00207168616151401,-0.0018627285729565866,0.0049741134159805005,0.005105785689689869,0.00033321222414403254,-0.037494401826445305,-0.015391026679771908,-0.022256499029344644,-0.021882780918565565
57,1000,20,0.019590762002258726,0.024197196591652655,0.016516743165289838,0.03156076348708379,-0.007903057865675881,-0.0056215208060609746,0.0015726218898646383,0.0010315352116718219,-0.0010217488992583358,0.004126406193216167,0.004609210505306621,-0.0011244564686156428,-0.038980086348008536,-0.016207436530360556,-0.021344051968901375,-0.024818827197182758
57,1000,random,0.014461181177440741,0.01827499049167722,0.014079290865026649,0.03449217725721988,-0.0032431121508289576,-0.013309097188494748,0.006552453545720982,0.006535347219710582,-0.0038213325388422948,0.007596248677674158,0.007704939593029563,-0.0019273890554473943,-0.04373547410761024,-0.015352720755299379,-0.01988896163724494,-0.02088246546889961
57,100,1,0.01941387422772698,0.028157248546085277,0.01681385701553491,0.02214598123563262,-0.016495475379636363,0.0034426821985416283,-0.0016259973719063045,0.002131242855523419,0.0023053560140831254,0.004734311766500416,0.005048203545250572,-0.0034548471587954217,-0.031573537239401366,-0.016785372092763345,-0.03070215151743322,-0.02654552382663432
57,100,10,0.021914811207134444,0.03121987961734735,0.017069433879526526,0.028656213709577126,-0.012926523953868205,-0.002298022787134668,0.0016096915004099404,0.0032576351124704267,-0.001604189197752782,0.005753610296979191,0.006751014444348464,-0.0002490093326190035,-0.03524156673957185,-0.014892025961083088,-0.025516243366621054,-0.024308295794489745
57,100,20,0.023221571482129676,0.03172174688943305,0.01604036657256187,0.026540426515852727,-0.011224194756633107,-0.004929219794784897,-0.0008231862230455736,0.002815692086685583,-0.0010730429567449172,0.004950576087462277,0.008797620933057006,-0.001323395543550172,-0.036651009575241214,-0.017513505260137383,-0.01979695911877342,-0.024498724902998915
57,100,random,0.01726667787491709,0.018906919258577282,0.01058362040031574,0.04580229419408175,-0.005450180127654768,-0.009821684537657466,0.00557879378368462,0.0028525879923599648,-0.004383931529374781,0.006033599989548947,0.010484751601174014,0.0014466521768605792,-0.02426972989452339,-0.017755404597155394,-0.022914781385614768,-0.013782456868601857
57,50,1,0.023968553796772405,0.020006646568812913,0.016121493126184046,0.009163277364564728,-0.006059869720671025,0.0023612715755234443,0.0024149752398965694,-0.0026335389387429626,-0.0011502309686607167,0.004733301018814344,0.009658936626506706,-0.002570784814289761,-0.03655170696834035,-0.016745985973390286,-0.030331850537845487,-0.026114077170153464
57,50,10,0.02136207451265582,0.016988195146665476,0.018003984378607504,0.03604448680741696,-0.0030633017873640664,-0.004764868872078949,0.0049775576433464365,-0.0031851160858096163,-0.00355508304501236,0.002473394466140245,0.009632166919058785,0.00514494036227737,-0.03166730545697862,-0.016692549533500592,-0.01917657671470446,-0.02415872628520264
57,50,20,0.0203977922653187,0.014832859587237469,0.01687569457287977,0.04921892774271207,-0.0057011314715584354,-0.005347312426400445,0.003815149267915402,-0.003751968071399393,-0.001696365991781482,0.0010750120001768873,0.009177643689941546,0.00702194115410962,-0.03671248954271121,-0.01794997981908449,-0.017243601062412326,-0.02896041867275726
57,50,random,0.007817595431506319,0.007941384488967834,0.007706947416562376,0.02603747939874938,-0.0036444518119300253,-0.0035797684157510526,0.004506866188718608,0.0031951373368363685,-0.004837509266049269,0.0017303698199526679,0.0065337062212052505,2.4068210663338513e-05,-0.022833515712802163,-0.008535434107439966,-0.008067080753349833,-0.003552995184367072
58,1000,1,0.024560349320664754,0.01222052189012026,0.019920174610254894,0.011008270942317848,0.02306177768114901,-0.013443702148135023,-0.017556231956617947,0.0037885672242546535,-0.007518414160789561,-0.0038185738627906514,0.0031804332395150886,0.010858605292677037,-0.007383660345343566,-0.014739161764537394,-0.024443659153542404,-0.013416803169012833
58,1000,10,0.0182447754846373,0.01446095023978858,0.017948688961989572,0.017415666283466955,0.02805418778777216,-0.01070286122377799,-0.016382252801498392,0.003981898801685339,-0.001806192338182035,-0.004676382626953674,0.0016659770081546687,0.006390156282364034,-0.011523420506845128,-0.013501014551251618,-0.02029196716569934,-0.012327001451024493
58,1000,20,0.018512569513917266,0.013725896663051266,0.017804576347235795,0.016617376940380013,0.029372593262303008,-0.010957221777154545,-0.014808349831950481,0.004024887798253127,-0.0024023762105938604,-0.006070619440357287,0.002190139849815827,0.007199299364603964,-0.013235176626444646,-0.014718674942081721,-0.01958077972405383,-0.01237833019213621
58,1000,random,0.015139382812921777,0.0159074047755285,0.009532827695714265,0.01234964399388796,0.036981059070039644,-0.0072535952595600426,-0.017054175843672463,0.006208107137848771,-0.0028326925692608485,-0.009394665243686944,-4.69113958047431e-05,0.005304847501462112,-0.02095583538928564,-0.010545940615594511,-0.01962295188563943,-0.015526412112685331
58,100,1,0.017431610289057067,0.006543435065694749,0.021179107624667088,0.020275489231365695,0.005883085724183935,-0.006144266358935627,-0.026115890465270485,0.005795296206656719,-0.004511489505695172,-0.005986337161439548,-0.008990452200432587,0.005067205382932708,-0.021703768799266398,-0.01152907409891287,-0.021034336082966447,-0.016826981623103622
58,100,10,0.017965902212757193,0.014226797533160269,0.019922989049910998,0.01705874048734134,0.02588117415468964,-0.011075128570616067,-0.021169366061415087,0.006418511671729867,-0.003133689390028197,-0.006804329366536537,-0.000539755551080457,0.0057415388601282195,-0.013935517247764243,-0.014400499369478601,-0.018579532229666147,-0.01128617321274605
58,100,20,0.019192771218801946,0.013549591575879759,0.020199282358699725,0.017469922919512878,0.020596357956272203,-0.011602261274900145,-0.01588653864138184,0.005432284357916226,-0.003947517894074396,-0.008455534980294626,-0.0008648241908904535,0.004893076771440082,-0.018986802955688335,-0.016355261348849612,-0.016287695581532702,-0.011807229366682173
58,100,random,0.007076230999745726,0.012761031321606137,0.004369278531138874,0.005888974849823703,0.022597003368297244,-0.005404714449997642,-0.011750015575118363,0.0033200926621128734,-0.0008259140400561613,-0.005363148638580899,-0.003523105178274451,0.0017506775243470453,-0.00881362744716784,-0.009032046494128466,-0.009642858527979494,-0.007768211062746431
58,50,1,0.016769317786887266,0.017810639313559938,0.01994030881455766,0.017362082287656795,0.01912073788213721,-0.009828571490181036,-0.0044444932526547685,0.0017058466462074,-0.006459907944786153,-0.004900455933824295,0.0028158517576181443,0.007339226490435393,-0.011198562614435801,-0.008134519760528792,-0.016884059395444625,-0.005970661024551628
58,50,10,0.014657463601019096,0.014780527673609519,0.018065812778727455,0.017805716164327027,0.03292995660671027,-0.0070050038313343565,-0.016702971666416926,0.004995957787953207,-0.0011482975098154825,0.0003267679227868585,0.005268322098027463,0.006483769704187513,-0.014156484859285896,-0.014416248573237546,-0.018048652983381874,-0.008393470475495317
58,50,20,0.0077993539637944715,0.006429173154372615,0.009408229350583353,0.008734548020394847,0.02230231673628307,-0.004743219502736405,-0.007348345676977324,0.002974258699877375,-0.00035096521473914705,-0.0006295466950754366,0.0011401820632510188,0.002982795521694265,-0.007723849029588456,-0.009032953650997908,-0.007214744252498561,-0.004438196797446514
58,50,random,0.017529287627889863,0.009703941749948953,0.00713576842768961,0.023386428378830273,0.023729984232598415,-0.01627287501541503,-0.011448687222783319,0.01137052915734778,-0.0014072830883346795,0.0012578109164142906,-0.0031553396439350195,0.006601508163511319,-0.012434601318279547,-0.02606714395593921,-0.022082827918904004,-0.008398477223823786
59,1000,1,0.021431058665701486,0.02168331745510345,0.012819373322732244,0.032733381831917534,-0.006017662617610282,-0.002070021582235163,-0.004789302766627387,-0.021436228902678416,-0.009339429959197051,0.005287464449858776,-0.0013355334258656991,0.00042866800384008867,-0.016874610971039164,-0.03880427091746591,-0.017974155267326423,-0.018766270618654945
59,1000,10,0.01926568149811989,0.019086226734520005,0.012146779250644281,0.03604316018845214,-0.006307318562055152,-0.002493619429260403,-0.002425351866015061,-0.012226759084314325,-0.006267401497950167,0.004784419331083684,0.0017479081068963054,-0.0005948958306726547,-0.014253264804380283,-0.038430085009095005,-0.01672420150515864,-0.01549459258282328
59,1000,20,0.019168443424865088,0.017872542100650753,0.012017025072770644,0.03500789624255623,-0.007309760163731001,-0.0023408972816998776,-0.0022202646739087014,-0.011649755483296735,-0.0063060656429314264,0.0030658425358587953,0.0017716644714723345,-9.301734028691392e-05,-0.013733719320904777,-0.03426812930077846,-0.016490459269029794,-0.014717184878389975
59,1000,random,0.01559605762647187,0.010180193917666029,0.01360306495771991,0.02967582630561225,-0.0035560239563918344,-0.006970816763050763,-0.007181022857325178,-0.024151222294610076,-0.00353994625650444,0.005378062746719339,0.0016221787899053624,-0.005272110390162601,-0.018269973998604017,-0.03234026392652906,-0.014811730084671518,-0.015993457975816746
59,100,1,0.015177148355866789,0.012925995484405326,0.009913686802952326,0.03524021539158468,-0.004507009621209554,-0.006988067183819849,0.001251934692707026,-0.006956855395881939,-0.008322435285488212,0.004294415074477599,0.0038257306846453685,0.004998896961364613,-0.006611237377706411,-0.036440317594687154,-0.01316457170129634,-0.009568159898764396
59,100,10,0.018779051313198302,0.01599320357631911,0.013042057873933213,0.03313081105792945,-0.0056321214058160625,-0.005308460480673677,-0.0036804176812438682,-0.011459187563326704,-0.008254313683470876,0.004882219037078567,0.0030071570001680473,0.002064558714826424,-0.00977030379919416,-0.03172614106558117,-0.016567408226223098,-0.014382780159331513
59,100,20,0.019763769249107034,0.013712200151835337,0.011765596778420656,0.029566845930702447,-0.0076732916811899895,-0.003661770759506012,-0.0032416581118692818,-0.011712978935803727,-0.00844134810339234,0.003212470418811411,0.003135569449292004,0.004114660805164819,-0.00983137798345211,-0.02836618404016432,-0.01623479035778218,-0.014451853077443975
59,100,random,0.008863240965092686,0.004917804155733533,0.019913787714208212,0.036981719982772436,-0.001418068607861194,-0.005619118886446059,-0.01359060275857381,-0.022034062899581076,-0.0008160124466013412,0.006099759220314078,0.00029019259794442253,-0.004558233007422794,-0.01846714143976908,-0.02271159549785207,-0.015000193711082231,-0.02152199473920069
59,50,1,0.017681262322628427,0.01940159711707427,0.008274521720571526,0.030469273589649095,-0.00992619793423912,-0.0036165048403500122,0.0018777950814662715,-0.018392586537988725,-0.01262329185600213,0.012370214414272263,-0.007147312995012187,0.002862820444555942,-0.008656803060017919,-0.03799232900747789,-0.0192844266760216,-0.026034882429316366
59,50,10,0.023007865633710944,0.022427760957366795,0.010927213753261927,0.039098836437278656,-0.005695131178380461,-0.0030303361686719508,-0.0010810871619613665,-0.016877456346861986,-0.0077554289393585146,0.008655554585245603,0.000232060018299007,-0.000616433174613412,-0.015324165786046286,-0.03543875740980871,-0.018325488765071226,-0.0180477905035711
59,50,20,0.023088169090416465,0.019858325394295294,0.010225719024519565,0.03912024703700276,-0.007685298095200931,-0.0021323382083534978,-0.0016900446980338702,-0.018400008340537302,-0.003835449990723045,0.0068917953576257815,0.0001819622375281073,0.0013309861759759824,-0.013531829095522896,-0.03182740478368176,-0.01710028493582185,-0.01928745409169872
59,50,random,0.015284351231374428,0.014400181310550897,0.009182342844165515,0.043812288659363215,-0.003676287824970018,-0.006996991651220449,-0.007304898696093883,-0.024311962458261716,-0.0007299946547607878,0.003876999344848281,-0.0025804122857012975,-0.009907471430808602,-0.01530542849135188,-0.03208708800963837,-0.015384124182060513,-0.0164190606336396
60,1000,1,0.018308873358811924,0.014475991420028261,0.013177891392960429,0.020913736320752305,0.0014229024548080183,0.0017807369647870515,0.004075649382969808,-0.00914061741162931,0.009100927803751099,-0.013060059669286214,-0.0012684687636123169,-0.00678256750600774,-0.012481058236497033,-0.012582262667104572,-0.016316549950901246,-0.009478275070045157
60,1000,10,0.020635362908146056,0.018692296511550473,0.012192184843896402,0.025217484849302984,0.0008098215373247113,0.0005849652478590802,0.00026879073801342314,-0.010751653455113032,0.000932047124627524,-0.01680723636067749,-0.0005163259210289813,-0.007329729587098583,-0.015634158994999526,-0.010278199687968703,-0.018106740344691317,-0.010734162876824712
60,1000,20,0.020167117230219613,0.01788907808192418,0.01116923977092716,0.025670154201574334,0.0006224161431696324,0.0005907386286293198,-0.00019305200251125957,-0.013511668906670507,0.0014097644501564418,-0.017969844688303788,-0.00058205681705473,-0.009217274079448211,-0.015047439781193973,-0.009011711819756076,-0.01781876759394948,-0.010695070757006613
60,1000,random,0.01858800151402681,0.01318873502010308,0.01181714327862861,0.022844937181808495,0.0032800372597650124,0.001940520646997292,0.006099866455197059,-0.005937004410144769,0.0058313776212947435,-0.01438725225770958,-0.0011255296401119581,-0.0038066726217849856,-0.012737045744632516,-0.012387210953007243,-0.013885671628981132,-0.01727066564381078
60,100,1,0.021590669255030875,0.021694415055604616,0.015418874561933972,0.025075733307797166,0.002623446534613756,-0.001958344419670081,-0.0022232851477465986,-0.005207867244135943,-0.008594606430171313,-0.016971944663847056,0.00020460849784345757,-0.004086707342464388,-0.02130323991837065,-0.007722845276820003,-0.016571408694555916,-0.010559626250904824
60,100,10,0.02130211584616379,0.02040074992860028,0.014241770238350588,0.027984967499053666,0.0030084538790474524,-0.0013909034138883478,-0.000629061099360073,-0.010241530353467533,-0.003860977830372646,-0.015185969322889991,0.0012564172849198708,-0.006863580668641253,-0.01430653138237878,-0.007591674421833287,-0.01682135001327713,-0.0110427201745018
60,100,20,0.020886146098433606,0.020626419546332576,0.011630251757132557,0.027756871633678546,0.0023875059071501734,-5.057327187441011e-05,-0.0006573398060915663,-0.01318740856195701,-0.004052125436016647,-0.014757867998744258,0.000247140648581788,-0.009047151342193284,-0.017570966378649883,-0.007581616060543668,-0.015784287418945615,-0.012531941746011039
60,100,random,0.02032482109203919,0.009670992313667895,0.011488323560622985,0.02667083418364268,0.0022935479776771467,0.0018227684215161258,0.005901460416340869,-0.0063330188735357925,-0.005467488544836122,-0.018876425004056015,0.003931838622037235,-0.013263891278256557,-0.013925144557769097,-0.009195015712745147,-0.011731685029805346,-0.02057361893199903
60,50,1,0.021574596881982527,0.020614908951461963,0.007946143824684103,0.026656862479342534,0.007519280997633697,0.004344441284301526,-0.007834663592553628,-0.0068512925646092146,-0.005202132531496585,-0.017894984132061618,-0.001912365038573557,-0.006828141919919399,-0.013448980599605921,-0.013483100517247147,-0.020877677307866056,-0.006555421438246274
60,50,10,0.02280002456179298,0.019569374628009645,0.009483668861224105,0.028778427847257666,0.003391242044792863,0.0021857804016463525,-0.0030770586364687715,-0.007855460132896135,0.0010982702155043706,-0.018096725672341097,0.0017905128217137513,-0.0048784415775856085,-0.020809220831525928,-0.012532367444360914,-0.020721725969287192,-0.010221551718778907
60,50,20,0.021347229215227057,0.020313663687694012,0.00889955840111388,0.027215832265078448,0.0027210498311369593,-0.0003407426068690495,-0.0035159207013840564,-0.01091291098772881,0.0037433338927709376,-0.017456576849704114,0.0030711253287714693,-0.004157421154150912,-0.024447978288302818,-0.011525927636714575,-0.020498757021043174,-0.014539375703268721
60,50,random,0.016699701693748438,0.02097631745664077,0.009219257851088312,0.027825734803063804,0.009865779033485811,0.0024972331481992985,0.006768658531896095,0.0009590506617655391,0.017036623515622285,-0.004919892115719996,-0.00035240991051319986,0.00547036591503867,-0.014777348502590569,-0.016620322013779436,-0.009409010157791905,-0.01882708857279382
61,1000,1,0.02192026938808221,0.01706073558037424,0.018042436436410885,0.013378824941772645,0.0016092905204077475,0.010703612985481961,-0.0049098696177013994,-0.012597793002870334,0.006062287930331429,-0.0031162518796049024,-0.00838945797359961,0.00455348320180159,-0.0351760948273259,-0.01486784604994232,-0.02816265386990053,-0.025391537227146935
61,1000,10,0.020484464348842695,0.0157927055517525,0.01769525426097371,0.012942777614404613,0.0017593969120426641,0.012396745656452325,-0.003537970239818503,-0.016892075364805147,0.002394153953745205,0.0005319152704238183,-0.008676919207582604,0.0025801711907977357,-0.02246313208657452,-0.01743950833068732,-0.023958701772295213,-0.021834303922637008
61,1000,20,0.019878408275540507,0.014806159725636859,0.017592881814091344,0.013620729407335636,0.0019143114331437992,0.00734996294356709,-0.0036305921106181875,-0.015415158791428964,0.0022955343863709484,0.0008511123643286999,-0.00999879817090886,0.0030800620730576387,-0.02186676521053745,-0.017955617907076254,-0.023729755786735193,-0.023572076957145978
61,1000,random,0.013802763966337395,0.013151687080980492,0.018048742340054637,0.015062851445451709,0.0009041931378850459,0.007706857051441982,-0.013930075239468107,-0.01101496020352982,0.00517539994919627,-0.0009777264601155244,-0.013174172045413227,-0.0028799531033396266,-0.038368826906278096,-0.017689834584803065,-0.02433505285500335,-0.02406351514736363
61,100,1,0.0179363958653627,0.01998939928145589,0.017302264309030122,0.014352997317894944,-0.0005026530667095964,0.001155929735960937,-0.0002501388462588772,-0.022468329316069655,-0.003984278763950512,-0.004851259103029437,-0.0049648085968552105,0.007569797988376853,-0.022332928404694474,-0.009908258602779357,-0.016303534094584994,-0.02236826592850224
61,100,10,0.019930422204085158,0.017455075503997244,0.016946837292230444,0.01461933722832104,0.0004681820092544267,0.0039500119106050825,-0.003304093926036775,-0.016129915647271807,-0.0023020892583408364,0.0019200734257007808,-0.00827587355046607,0.005703463816367838,-0.01964973352809907,-0.012928156546224688,-0.021149562903675614,-0.02310524712344549
61,100,20,0.018987131086640543,0.016994458612284078,0.015984742612325843,0.016156672766213544,0.001049370953645431,-0.002305801730547541,-0.0028339504361138035,-0.014911483040357961,-0.0019764697320575823,0.002525277728855624,-0.008477614009791839,0.006538535993605252,-0.01740669087098216,-0.013704410396079973,-0.022222671338148446,-0.023423270613551442
61,100,random,0.013890215575847699,0.012901999906390559,0.011776832217994014,0.012232581113296717,0.00014097856290735117,0.012812561229138843,-0.011039023893634536,-0.017454724083317028,0.007681294070354404,-0.004372515763208757,-0.008397804260976298,-0.001747878167317529,-0.04070888551827867,-0.012147443737085718,-0.02522381437478364,-0.01566027569488072
61,50,1,0.02646778270293657,0.009621334606821842,0.015209164104773092,0.009026214215653366,0.00212410968201391,0.014961097389433653,-0.01046743875310756,-0.012195165731784417,0.00032727647335793547,-0.00329775875699223,-0.00497060655310225,0.008921078774324064,-0.016077976114529532,0.00047723031888946587,-0.02026943367456606,-0.01991234875927761
61,50,10,0.022253174232146997,0.017908088634200032,0.01830585173237728,0.01127682711527831,0.0026745711394670878,0.003164997290358959,-0.00450505926378767,-0.010019503996300309,0.004271577076013899,0.00102238474248765,-0.006663511972359657,0.0067849752791292834,-0.020917598992723777,-0.014044836106003194,-0.022787882771716582,-0.026485656198139893
61,50,20,0.019668302539510234,0.01716386509744382,0.0176464033988872,0.014712214997937697,0.003778850411891122,-0.006267467206910526,-0.0053167905387661255,-0.008268893312544982,0.0026057253985003327,0.0009359455625433553,-0.008121147735422907,0.00625229118126353,-0.020355604733712312,-0.018023142780462277,-0.022826720655307903,-0.03234249465767139
61,50,random,0.027979098573947876,0.01367716102123127,0.03256402547944456,0.01809994342574389,0.007824226698468958,0.014774821731856177,-0.01825598762377185,-0.020441027463573947,0.019958996366636193,-0.0026376807346736213,-0.015517052620186924,0.002639889560046491,-0.01949819606536045,-0.014542805928015075,-0.01067965798334155,-0.040157470671073815
62,1000,1,0.009638534040990666,0.013529720620049866,0.009189617831508793,0.0241242562861922,-0.004185317407061268,-0.004418368104028307,-0.00211063447373665,0.004348262012317399,0.005581015470076658,0.001086270488035468,-0.0007477012210354494,-0.005950312652985352,-0.00695155298660382,-0.01754327452842111,-0.02124666464702258,-0.022581082678876912
62,1000,10,0.011231983025431354,0.018116019342693815,0.011313146752816958,0.02238188627317329,-0.001586386386157024,-0.006413263196827454,-0.0024020478002910396,0.005670278794453487,0.0029312744031539106,0.0005034946675588001,0.0020912498411724788,-0.0045979091181741535,-0.011468665353689922,-0.018366679456960855,-0.023339075896412754,-0.019250771348547698
62,1000,20,0.010343195804680076,0.016950490648419442,0.009311569773089053,0.022879248276952854,-0.0011150631042196404,-0.006436351638987835,-0.002461052334730589,0.00686613002046881,0.0025404570548093583,0.001460714868045384,0.0019118700068893166,-0.003559507351099991,-0.0076913204274213975,-0.015041300100159293,-0.023181250647564204,-0.020858776465706632
62,1000,random,-0.0012103888750425913,0.01751236787807087,0.010384896717862331,0.019655008604421945,-0.0034174975417427,-0.003164365424683504,0.0018794057584128802,0.00875377731509182,-0.000778292325057347,-0.0034771992204534895,0.003697497923093769,-0.005732211623302803,-0.0044734661091591485,-0.018113418998264626,-0.024654405045811602,-0.02314426828467092
62,100,1,0.018750433696511467,0.021653284056892392,0.007094914961544745,0.022799407086442323,-0.0013623709403660892,-0.01176964610936972,-0.007793013263989644,0.005500612842043652,0.0015970114488656141,0.005030963709694969,0.00911527351081388,-0.006184915982853395,-0.01957374529450987,-0.030107281623348622,-0.026049413144561363,-0.015774492478742644
62,100,10,0.013585660513111972,0.01970696014728563,0.0076448113419698835,0.023863231379505634,-0.0028952493202228,-0.00599943952226288,-0.0026756638131742536,0.006384859842475861,0.00257519905064557,0.003244037970638434,0.005510347390013999,-0.005985841720508239,-0.013037010652942682,-0.02611370672972472,-0.027552385106668967,-0.021496248567426497
62,100,20,0.012580462607223527,0.017216613409157703,0.007352550737362476,0.027191971371532654,-0.0023347450833358973,-0.005262863379384094,-0.0018488842300336003,0.00885729150468163,0.0009650550052276001,0.005138135518265563,0.007028685845267788,-0.003876355870313618,-0.010199924757395349,-0.018449325330958673,-0.02796022107413641,-0.021659465501344403
62,100,random,0.005251479519614124,0.022740720771808037,0.0072937130802262565,0.014541801479166118,0.0010012741970259382,-0.0018689160774124894,0.0011256702455611687,0.008963278397283628,-0.009185217451091972,0.000727587319041835,0.011622503345108975,-0.006190507820211382,-0.015935833407966157,-0.019211237498969642,-0.028111657742412414,-0.023558021112603567
62,50,1,0.01639905776766575,0.02745240529465821,0.0148909247695013,0.019173791428579362,0.004703315039141196,-0.007742333108491318,-0.0045359031946117885,0.007740268706837794,0.004421138460650143,0.001234357712747263,0.002204727423600203,-0.01098881790649563,-0.018866166424207808,-0.016104684169411607,-0.017220082707100876,-0.013819122900961132
62,50,10,0.00849778280785595,0.01725176778529009,0.013320378536399878,0.021073482776291536,0.0006982526415383433,-0.011022320666629292,-0.002847047909258473,0.003489425075053566,0.001956697666978213,0.0002745973576778839,0.0038007130623759124,-0.010291352096460751,-0.015038243200628746,-0.024075600742651405,-0.0226782948315738,-0.020372687561170333
62,50,20,0.009286468006297096,0.014646368258329623,0.007793514562549455,0.019623599890470345,0.00287972450057057,-0.010535662390014546,-0.0022427216815291955,0.0024911345073793003,0.0025432913812120793,-0.0006591061846397734,0.004827813084199896,-0.00881347792640574,-0.012108721378315422,-0.01751804645589721,-0.02370699381534112,-0.02281467745277143
62,50,random,0.00816178511625697,0.012615924623716386,0.013008746647983403,0.020639616178323786,0.00303068104698496,-0.01009782706887775,0.000895160805880887,0.008433617727699584,-0.00047445284650002355,-0.00209698530192148,0.01942451439625383,-0.00772725138406101,-0.027616702924362618,-0.02612825094536783,-0.02149904311703622,-0.018814199090087285
63,1000,1,0.014567424429917606,0.01415780931573383,0.015439984418362565,0.02398342632257199,-0.019772157835062296,-0.004987503615375908,0.002537310973692838,-0.00014103050501127688,0.002499575524776218,0.010394646781582528,-0.002077874525084435,0.0026820086216393702,-0.014967197687212079,-0.021477786743155425,-0.012688057243502058,-0.01120042962833013
63,1000,10,0.010934699028774102,0.01150710356790385,0.01663911411286564,0.022037360126562468,-0.010162647383841934,-0.0034588499593870402,-0.006767299419317457,-0.0030887047832956717,-0.000980158278589143,0.008926264003134076,0.0005059030059535476,0.002197458938280506,-0.017242111456970712,-0.02787489051085536,-0.012722242453816826,-0.014980121624504822
63,1000,20,0.011486983844100346,0.006718365607246958,0.016738728773643876,0.021143515075594876,-0.008632660709381373,-0.003788845185408382,-0.007013309330692326,-0.002045347498055931,-0.0011021458047442308,0.00703452892397217,-0.000241247572570891,0.002729924267015393,-0.017849371301628426,-0.0260170434165307,-0.012320119015767489,-0.015655326863756133
63,1000,random,0.008491783797059595,-0.0010794440604057166,0.017321451251264074,0.021042105276107698,0.008722941058138693,-0.004777297472861615,-0.009655920101239427,-0.0011411237007544208,-0.0010697282124351273,0.009266475440416531,-0.00223184820323409,0.00678517979156964,-0.015685755800067105,-0.027054538999903396,-0.013351540553649163,-0.018670476964470842
63,100,1,0.011849213319769385,0.019733100033763405,0.015675753756666917,0.02184773179060038,0.006394865359820553,-0.0034811401175952237,-0.01409083873069255,-0.005717111501753061,0.0008686064591153342,0.006623453458010121,-0.001360654681158071,0.0006683078573950226,-0.009008986296024628,-0.022255982541424347,-0.01037416164276479,-0.01883302595847145
63,100,10,0.010285901722326332,0.01348337163496302,0.018146994503039898,0.022948890970032075,-0.0024755584386385644,-0.003478094648880553,-0.007213662333436108,-0.003525920422503431,-0.0022978629406521546,0.011424155206660605,0.0029810553584662244,0.002242668259921958,-0.014496977656696844,-0.027899847518606292,-0.014457425101996053,-0.015335220231518787
63,100,20,0.01133692834285368,0.010587775738732728,0.017473318755299633,0.021888929287407145,-0.003085923792934027,-0.004460678083915363,-0.00741088937407106,-0.004401880639650141,-0.0016147272531638458,0.008678062430587151,0.0031124824753416946,0.0010996473880278256,-0.013667819005311348,-0.026125568463249912,-0.01531294593043499,-0.015022946307039058
63,100,random,0.012934898277628464,-0.010145896057803751,0.02038432124150831,0.021783363544738633,0.016372284257294936,-0.0065402738511094105,-0.002687812173172114,0.0007145537198242065,-0.009661485558933551,0.014136490706565632,2.2964357506669812e-05,0.009473023321195899,-0.027023988206284547,-0.024262424824802398,-0.014894122063687705,-0.020692657840583956
63,50,1,0.012740555891980426,0.016075338891403772,0.018253164057802022,0.022433167614036627,-0.017732862723096078,-0.0030999425817732195,-0.0031723845276855575,0.0012295699660868017,-0.003939796791934074,0.010857507428205083,-0.0028493130153971415,0.007755833393789187,-0.01192798942775631,-0.029163387596212866,-0.018751696225887553,-0.019299970081363374
63,50,10,0.01070357529220737,0.026560329872594633,0.016640607165706197,0.021433451646795564,-0.010578583103341744,0.0014699747465748035,-0.0035081812192396295,-0.003837194041967997,-0.0008152606182124525,0.010196654371495889,0.0014156265790778522,0.002376942446713138,-0.016372580458513593,-0.020559771786578366,-0.015179619659311363,-0.013535772734330275
63,50,20,0.013095810066359796,0.019620079356860217,0.019006019602316345,0.021602207165129318,-0.009543578409010644,0.0019367918593806914,-0.004763744836154643,-0.0033189405347038136,-0.0007001414910898033,0.008209483680757712,0.0012815867825131909,0.00040215313211239913,-0.018057632350664998,-0.023441476180236738,-0.015024848600849874,-0.01423770273610037
63,50,random,0.005858506973679738,0.022474183236222516,0.020623655387801438,0.020250439606490665,0.012525336134585055,-0.0016912472857189432,0.003077508117231364,-0.0016631843440873982,-0.00409264578425214,0.011589662670186055,-0.0066073386851763635,0.014174595290683654,-0.005896065382182573,-0.02131137884850536,-0.025810688031609227,-0.014381593982371522
64,1000,1,0.023965077811240285,0.016584498426660994,0.019403916273145423,0.017930028732424032,-0.0014223818795410456,0.005829826442371899,0.006832065022978256,0.004294275027369414,-0.0011069700442244766,-0.0044933433564701445,0.002804824353158734,0.0053971034262558035,-0.01800652968649807,-0.03369458872876197,-0.008075304125506878,-0.023601429896271252
64,1000,10,0.024618202249454303,0.010402458703214046,0.017277382536091658,0.015005214528752205,-0.00010347645120785534,0.005742360288741035,0.0021284861043497833,0.004988212902710042,0.00259181690940024,-0.007529695826075775,0.000854076289482716,0.004692057990325554,-0.013742336468596926,-0.024564492139883952,-0.009709478443182139,-0.026083968343598406
64,1000,20,0.024654638032593438,0.008928134467537485,0.016752118626196664,0.014399855783105252,-0.0005074599192597182,0.004783696686157488,0.0015393479308587637,0.004890543322951663,0.0032728387307746206,-0.006688653493155132,-0.0002815586516408362,0.00447539824861339,-0.014342218996095812,-0.023588718134670672,-0.008937020915040426,-0.024192405303806643
64,1000,random,0.02081364041645106,0.005824729647051027,0.012667419443045842,0.01021786128738497,-0.0068684644072150285,0.005060839187549596,0.0061719933830557015,0.003945131990232585,0.0032733913981994258,-0.006952198740052984,0.0021238271875102886,0.004980363376938647,-0.009122288232235388,-0.034502226418481136,-0.0032546098377410526,-0.026515239177724123
64,100,1,0.026132616671243454,0.013676203633462607,0.015323146649677726,0.016162099211912823,0.001737629335411525,0.005069333249892253,0.00047269438125884807,0.0030396122061284577,-0.0036348660191657454,-0.006025532895714983,0.0048901571252022175,0.008046636790010948,-0.018462197431581232,-0.027157746041764,-0.010768093697603226,-0.027443293025012794
64,100,10,0.022615190900097382,0.014867542016593462,0.01579966133621919,0.015961828895319264,-0.003197751215144871,0.0041727120897518625,-0.0007045064933483093,0.003065845957715666,-0.0029290248517896992,-0.007321258929355877,0.001991746515918593,0.0067588490620789895,-0.01541723505485763,-0.025898465808907804,-0.009908103038329272,-0.026851996149213055
64,100,20,0.020262923679188704,0.01292401597012128,0.015494869842540783,0.01739043957891249,-0.0015733349140931456,0.003764234830485044,-0.00028107926578101004,0.004915812809321627,-0.00037524788913125733,-0.004998434833450381,-0.00028559787208306853,0.005996941749786086,-0.01591986075021911,-0.02745199794901765,-0.006691214923675289,-0.026282667696586083
64,100,random,0.028277345572684947,0.005216506469066701,0.008434154924304488,0.005591859278773773,-0.008221147145763063,-0.006088515166821223,-0.00035150639306113715,-0.00038968217338386507,0.0011660038204035954,-0.011300923888402214,0.004335856589519041,0.005040472173104349,-0.011506134613845495,-0.04128543329237723,0.0015186695020315431,-0.023534931875956108
64,50,1,0.024219010019260717,0.011844793809810844,0.01122245424149936,0.01696478547464415,-0.005867972179123503,0.011528174520467342,0.006684676883556829,0.00491460537589182,2.4768456655224994e-05,-0.011740570097349065,0.0010289666480883526,0.011125456729442582,-0.02347920250129515,-0.035853302742018395,-0.001522180350254769,-0.031165018902267114
64,50,10,0.02702006433408136,0.011033387313335221,0.013977698091664742,0.015022443049469243,0.0007585447011630568,0.010803214661488614,0.006438869079016241,0.006752040282916618,-0.0008276657891106366,-0.012003433461030619,-0.0005592954222552766,0.006502312047470507,-0.017739395922893888,-0.025101359667591173,-0.009137508717445923,-0.02774721268520248
64,50,20,0.02582166138330114,0.00918826780748079,0.013703866539591644,0.013973988087024313,3.174031297159925e-06,0.008885619290570286,0.004300068426037563,0.0072055689187548585,-0.002546923638176326,-0.010085877208136506,-0.0028204836913919597,0.004319593598009488,-0.019293388226958672,-0.020911962671015874,-0.007228361216225667,-0.026138188557792784
64,50,random,0.02575246838796702,0.007332818072847952,0.008777668464726855,0.01700524313145292,-0.006427266226535369,0.013700556575708225,0.010358331428820792,0.006094710986350255,0.0052767229421020545,-0.01453373531860627,-0.0023347376063880742,0.007231151749194694,-0.017065374723282435,-0.05370175775476751,-0.0021677255533482727,-0.034213154985315034
65,1000,1,0.01738422068815735,0.01017731641163889,0.016706619136932045,0.025619333047685596,0.002845154190995451,-0.0006509813925122314,0.009486453968174774,-0.008980209037664074,0.006719730747593458,0.0009635792928997412,-0.005341945174667155,0.005432172735779195,-0.020405124297223538,-0.02388906364785789,-0.022887866638332113,-0.01091632338264475
65,1000,10,0.0150242861262936,0.01350722866450391,0.014474542935966329,0.02387106871800536,0.004287084746859612,-0.0014281943471620253,0.00983846109843766,-0.004716894829885578,0.0072132316892043755,0.0038221834492697267,-0.0016116085535170064,0.009002380158853662,-0.021464170188021808,-0.02652140149769396,-0.020346712414065094,-0.017832712562434936
65,1000,20,0.013759332402001657,0.012676330406851712,0.01392370607167557,0.02268688528200638,0.00276478433475957,-0.0025129802478899513,0.00984888204043159,-0.004526445384939431,0.00840274949861178,0.004003775068522701,-0.001182544144222143,0.008843508343576703,-0.022131142134924908,-0.027223087432613934,-0.019823056263415195,-0.019551640996410147
65,1000,random,0.013665683012022943,0.01619867410918755,0.012525992420424936,0.01956494966718663,0.004131571215903598,0.002924622453835061,0.013451932068815408,-0.0015917828410421597,0.018851653893687256,0.0031415530534033577,-0.0015703055749971804,0.00664409951254975,-0.024292799200604946,-0.02321081010642764,-0.022052397129888032,-0.012273668862169802
65,100,1,0.011904498610131278,0.012091431791878491,0.015865605793466426,0.026227535446067953,-0.004632269120587633,-0.010162132237306831,0.012656161850894526,-0.005802106493536138,0.004730537341833373,0.00798587044055919,-0.0005003988116372153,0.007844745083833583,-0.029329452849080437,-0.022321866147822497,-0.028789241150775507,-0.016500392856905657
65,100,10,0.01489941467261129,0.014808145732718055,0.016079443857086886,0.024742528781203678,0.002086563994097409,-0.0062035644824421235,0.011610842319453946,-0.007200369510577216,0.005454757944626214,0.006422659871828509,-0.0028644685286992287,0.006718752887410826,-0.024798190714859766,-0.023058622571227132,-0.021670816233491017,-0.0196983879830294
65,100,20,0.01254575636972037,0.013616380855470175,0.015530591576262964,0.025124341198821756,0.0024166852002286566,-0.008650152678648318,0.00951158863570296,-0.0067153048251186,0.00752819749068636,0.005499825972701422,-0.003060574551836989,0.006283893623197273,-0.020989361175843723,-0.023712413760494273,-0.02063984122458989,-0.020451941460543067
65,100,random,0.01596131383392756,0.018919622173367553,0.009262469951815998,0.02326884343435863,0.007436655779582576,-0.008346772713223026,0.011795835301445349,-0.0014637349579114925,0.01601892793636322,0.005857625759772035,-0.005227003405893277,0.004917307541751515,-0.025867662993925553,-0.029495932496309753,-0.03991361489788004,-0.021991665827525028
65,50,1,0.01794224289727626,0.008506538955324551,0.007715801119068679,0.02285918647650345,-0.00014696562252367867,0.007820692716110286,0.01106296613244347,0.0002709008917552025,0.008588857036844803,-0.006916709319031504,-0.0014056706916261402,0.011887429155536177,-0.023126715747995467,-0.023088941387819577,-0.014305469037679035,-0.011870086278050801
65,50,10,0.012369221448506383,0.011674467725208904,0.012055715485167574,0.020503648293947983,0.0002956308254694259,-0.0003937793689668117,0.007934778574679105,-0.0021190764537367605,0.01002512141998839,4.074587906906547e-05,-0.0024000536566557637,0.008900137845581293,-0.023989168976709684,-0.02157756080388448,-0.014289352916702264,-0.013789893582143112
65,50,20,0.011527908309104464,0.01211211271281465,0.012929693390091547,0.019624280104930912,0.0029174166519413108,0.0010623627872684283,0.009208141728379167,-0.005129603417897489,0.010483451772027313,0.002348301988654738,-0.0027797621481792617,0.007739357145626295,-0.024768367917241508,-0.024324965168299392,-0.013136858651132132,-0.020944000090432874
65,50,random,0.021747941987696813,0.01603998430608044,0.016573183390541,0.018839833686926044,-0.009097787797794594,0.003575347798241208,0.007700900394165319,0.009989971362370235,0.017363716899759147,-0.009171109661667972,0.008614996100917219,0.021501318843446506,-0.026607897533190043,-0.006258618119673585,-0.014610787274995273,-0.008923351100580498
66,1000,1,0.023861075588141982,0.017158098258309527,0.020781710905698986,0.028448783422009252,0.008187131518010475,0.00805186922909911,0.003880679765338901,-0.007482134331059387,-0.00043896997937828837,-0.02584510264729217,0.006035778650837729,0.013674141705371606,-0.0015233188209702578,-0.013116271536504433,-0.016213243756278875,-0.025722972955428407
66,1000,10,0.024814976358817794,0.015351711335293401,0.016056960542824936,0.0245839582908634,0.004666096747151401,0.007410032760643355,0.00371077965711673,-0.009886737317396957,0.0014304521342109284,-0.014232419245263214,0.0020241012601847803,0.009116692452834411,-0.006882446039417011,-0.013146266551951944,-0.016218215287452382,-0.027010242888817208
66,1000,20,0.02376917216325897,0.014749608936719573,0.01543134623922913,0.024459238660525084,0.004977803963226327,0.005738526056230332,0.0037775846591265555,-0.010252248590322931,0.0011267820685667634,-0.013817139403984623,0.0026229923109424213,0.009763599232491841,-0.006494012147962943,-0.012593520784712023,-0.0163023927943895,-0.0259021635725631
66,1000,random,0.019310764172452838,0.015605221225163727,0.01927813269575714,0.02011205453655773,-0.002492576186472914,0.0031116686571675952,0.004291473890925354,-0.008812630488529288,0.0014008928644511514,-0.020106553497483724,-0.00694268990492959,0.0017120970768571314,-0.0033040836614237276,-0.010324790520587344,-0.02645315213332678,-0.02067932443514211
66,100,1,0.026408944636694714,0.01567861375516611,0.01660881465711532,0.023876631117671347,0.0006352356715641124,0.006420025720821863,0.0022006859577384874,-0.008876597308264511,0.005240056418561295,-0.0059088060981564985,-0.004409748160295856,-0.003031130996146871,-0.004135143876606513,-0.012489226700398034,-0.017647841878607844,-0.025316534484841544
66,100,10,0.025846643360238834,0.014268072423142123,0.016093549715156523,0.025956824508086312,0.002513030022912044,0.010874488657687762,0.00451928668031017,-0.006026185423419785,0.003656460742676273,-0.01026612592736524,0.003345944335653804,0.008829318751840783,-0.004904086772548653,-0.013533046009528673,-0.017920457288611514,-0.027228743921274827
66,100,20,0.025070917268990786,0.013202599665236396,0.01478017164657568,0.02622515744939155,0.004743879066853547,0.008286868382039915,0.00472167104653175,-0.007794813273738938,0.0032329959042820267,-0.010143459953670326,0.005045472590857445,0.011269882083619847,-0.0037322718625375163,-0.012083253748331989,-0.018781341055179753,-0.02695939274975399
66,100,random,0.022725867120327127,0.01721989454598988,0.013959668583610346,0.02310511316401726,-0.008580941483295908,-0.0043558306781420015,0.0074807034974136025,-0.004495269715219843,0.0010666382377160313,-0.00262189191322562,-0.0063232955404710816,0.002394393142144979,-0.0046849980208228245,-0.009791986023207081,-0.045782415120994915,-0.01639930108829771
66,50,1,0.02285909944912966,0.02112318340455742,0.023907378573856213,0.03306481461143229,0.0094820634627414,0.004099024107988186,-0.001894089156353497,-0.011196187932728963,0.011116454723659104,-0.004077844947326112,0.001085177704998961,0.01360827321574134,-0.018937228594663322,-0.012351321295234526,-0.007513651635542236,-0.02873056256143076
66,50,10,0.02016272941797021,0.015657287541776626,0.0168957054286012,0.021378390526112952,0.005256743848846586,0.005191817442216958,0.0018533825235039836,-0.013036519188893652,0.0017868079851600768,-0.01681019476144574,0.00023472935811916882,0.011065442827990985,-0.008272366155008997,-0.011659666851875772,-0.007125283575398891,-0.027070168249877576
66,50,20,0.01991209368088127,0.015628597727193334,0.018934480101277615,0.02357215233513359,0.007223310548123342,0.004155143562646005,0.003637246114344126,-0.015124928958398976,0.002064208056990599,-0.015434261050079206,0.004843204864890103,0.013323050068795913,-0.011608606550460504,-0.009986776307606844,-0.011554531465939868,-0.02815888443241288
66,50,random,0.0162311573724151,0.011830210065379376,0.03204921290334908,0.020759545919319774,0.0004549552549031888,-0.0015694514924924341,0.001048099831299182,-0.002883259369019612,9.712243936318457e-05,-0.022238961950603965,-0.01528544319334149,0.021643997344975338,-0.004533530688123135,-0.007667582249130183,-0.03740667330522694,-0.022186369892491505
67,1000,1,0.02028830375336397,0.024887113555358085,0.024399797392436855,0.012411403867911472,0.0009381564652766463,-0.01893154586063268,0.007004424587219302,0.002001355478899283,-0.008032924595607146,0.008600780157728097,-0.010298538583403528,0.0014860851642886385,-0.005793349676798538,-0.01976121266484313,-0.015671102209133363,-0.03550847050205326
67,1000,10,0.019488951646098488,0.024859250581739756,0.02236856209176991,0.012448487352609701,-0.005745114080438587,-0.01676210584477435,0.0062135770941423455,0.00035458319906712385,-0.004072449661778877,0.005340559543326172,-0.0075954619268158085,0.001235869904624842,-0.009737010807179635,-0.01616374903606978,-0.015271386955082183,-0.03275886426253692
67,1000,20,0.020676616249574915,0.024234777831324154,0.020660212549828305,0.010859417194158569,-0.006705259567434967,-0.016271688686143336,0.005495588485826357,0.0008890801512763277,-0.0030781796395589517,0.0032305736334439046,-0.006099210545087033,-0.0005485918555369779,-0.009921603854342344,-0.015078543265848123,-0.015807393906681743,-0.031025356778040886
67,1000,random,0.006975255262885827,0.015436578136250396,0.01684957395479049,0.006015351091236988,-0.007274690614279528,-0.020171321067633165,0.005452008062573831,0.011193338417440047,-0.002676434426700515,0.003591841944370038,-0.005732577992364314,-0.004759055498102148,-0.010634337456506137,-0.008280171672078942,-0.017930539495974927,-0.024574242581537793
67,100,1,0.02044158622683581,0.026882818341479753,0.019111541375663253,0.015175915588842336,-0.006842797451868491,-0.010796193186809225,0.013425621543001602,0.0014175194820371239,-0.0023779736734243387,0.00655325741599213,-0.008092951045877973,0.0020228902379016375,-0.013610209622589676,-0.020206167816684304,-0.01471429278689102,-0.0263158905918496
67,100,10,0.015148912616624755,0.025559750438552013,0.021253056379269095,0.01302586674016505,-0.005270332089297277,-0.013746532721365055,0.008512202336319143,0.0038562806295204476,-0.003632741390637714,0.007089605077198214,-0.0092709731292556,0.0025442742371663924,-0.003769703306352525,-0.01824853075790366,-0.017581128048018813,-0.03304201244225613
67,100,20,0.01593510194534737,0.026174775653952098,0.01802563164324329,0.01127577958270538,-0.006901222901660199,-0.011512574555117287,0.005844266839403777,0.004380958507358138,-0.0034685581730890765,0.006393681633682587,-0.00821421326447351,0.0020792211723106744,-0.0032332434073610787,-0.018267480007348902,-0.019571934146008118,-0.030478306013114857
67,100,random,0.0016494244499257685,0.01933138387119228,0.010290114445025414,0.004975450115514079,-0.005166973559636007,-0.025504423280184638,0.004769861673841286,0.016232629904680544,-0.0024211562273957015,0.004902553986520018,-0.0121542786364946,0.0027067668237719398,-0.0031088859403891555,-0.018597166368344815,-0.023908087598944652,-0.031798769429435866
67,50,1,0.02211623423921302,0.021841087564366084,0.015494666484646065,0.015716515157603295,0.00044769192120707916,-0.011100205183080067,0.011206074326705154,-0.00015692222073016026,-0.0040856685575660955,0.016392582395442504,-0.014360242708854281,0.005810010996301969,-0.013381141654659399,-0.009094340449179781,-0.013553298937776145,-0.03163575599928912
67,50,10,0.023919088242282494,0.026101771612542454,0.018889080216958558,0.010900749884023094,-0.003596689628115426,-0.02032855328869642,0.010430912327418402,-0.0005710493365011579,-0.006403634922253962,0.007446481543562113,-0.009995608201033793,0.0026223567960960543,-0.011439930184367217,-0.011131870029788804,-0.011221553664014844,-0.033674417186909805
67,50,20,0.026327544926032547,0.027618633210591142,0.01656639064006747,0.0089705418102253,-0.005130103930033072,-0.013906360434202604,0.008169998447748973,0.00020238461601936538,-0.0022837295249445886,0.004423261365464186,-0.010842869531692903,0.001121489948615571,-0.012387976469117632,-0.012148751566100777,-0.009321307484272045,-0.03294356254227167
67,50,random,0.014668013013639104,0.014363314931204397,0.0075575169678090606,0.005539140804292736,-0.0035634560711416373,-0.027504729837777117,0.014544791479516213,0.013713301850931083,0.004851942162343109,-0.0006634692946454882,-0.005856782078789745,-0.0003836223568068072,-0.014026943370175793,0.011224422116719547,-0.011750996552784993,-0.023720056381445417
68,1000,1,0.013388006837954089,0.017737789474483893,0.015095759570767454,0.010080434830575887,0.0010497439095864558,0.009227183564727612,-0.009021750589706706,-0.015694949869072213,-0.0014985724080024108,0.00405317281196905,0.0048257215817170745,0.0012872428081890184,-0.02047290765199831,-0.01989059192206234,-0.042117970771751806,-0.004770336834341165
68,1000,10,0.01677690730316911,0.019461680517502983,0.012092588313915693,0.011859286446791772,0.0054587503909774545,0.005834016662296515,-0.0038756701801418436,-0.007205452632323348,-0.003599830494199099,0.003937717912096477,0.002518968969788676,8.781725198748435e-05,-0.0293668548390352,-0.02645663185887238,-0.048988853499517364,-0.009258569899773928
68,1000,20,0.016987048945749275,0.01838216813511567,0.010869271015478715,0.01156333736286605,0.004358958208636698,0.005301085334654508,-0.0024918399128237285,-0.007230950574535831,-0.0036213804457076626,0.003756367635949622,0.0017052769432634209,0.00028855503308630785,-0.02640305500120974,-0.02553475862347685,-0.05187926338197299,-0.009791700116041574
68,1000,random,0.01575904773310437,0.011408497794992202,0.010029398551388168,0.0062774831702320935,-0.0007140089652484234,0.002383368772262881,0.0007454160857794128,-0.00713965056109599,-0.004087999351907445,0.005488470664855877,0.0002501496173257243,-0.0012862927439290135,-0.036049609018552566,-0.025162271116735455,-0.04836953252752132,-0.012810011973325573
68,100,1,0.014945129600881854,0.018483609155951052,0.01621472169758289,0.010059542965989342,0.011383292284173622,0.006539553520296384,0.004195708278419356,-0.012192336012846456,-0.008795079286484722,0.004354279814598954,0.0004487674089797561,-0.0004855537262520294,-0.03058315829608504,-0.019697296814647023,-0.048269140541313066,-0.0117372203263406
68,100,10,0.016341229765699593,0.018648744917875614,0.013125378105854093,0.00911116342403822,0.002778021316177859,0.006508575076138756,0.0014358451301230988,-0.011883552690151854,-0.003854447670791786,0.003345621710732463,0.0033885046890541164,-0.001902519473417365,-0.027317484629007533,-0.023567704654163833,-0.053518355592175056,-0.006354240137898461
68,100,20,0.01641896735005255,0.017450616844488225,0.00996514881878804,0.00918749614063728,0.0026521515206562422,0.0059864634359621605,0.00360844853237996,-0.009108455565490229,-0.004643926003009981,0.0028993858863949206,0.003234817235272093,-0.00017479084263769372,-0.025236000328743378,-0.024591884675346825,-0.05303044116361772,-0.005555853891950346
68,100,random,0.013746889533459018,0.016111638356721834,0.017977260526479046,0.008373889465000109,-0.00010135148845499277,-0.000560472012977813,0.003541138445115557,-0.012054581735005404,-0.006316055263224331,0.006800458194827469,0.005146357941657724,-0.0021784231931928524,-0.03296398158481319,-0.022433953972410343,-0.05672907027265425,-0.009206350766969228
68,50,1,0.01342697351117815,0.026004343048974383,0.01446533675273053,0.011798126564236322,0.004353819557249764,0.005935545148150938,-0.004190087529385793,-0.008233326089522045,-0.00041132475566879557,-0.0007042496522575246,0.0008130211661494854,-0.009687443454070258,-0.0365154966247913,-0.03492085532154156,-0.04411114905991948,-0.010715555125215197
68,50,10,0.014243538087025819,0.020137377494274248,0.01198071648826017,0.009806102284347728,0.005464541947058876,0.005904653729231761,-0.0007450504745472147,-0.012822997106917026,-0.007692468247130586,0.0021674306337061797,0.006804140245385074,-0.003448547373917131,-0.031222989429941294,-0.03206901022285585,-0.050360647994673484,-0.009003674992464203
68,50,20,0.017253608480296022,0.01952180933950316,0.012899423982537295,0.008603695971102582,0.005014855791604235,0.0065635108941472535,-0.0010047679500139386,-0.01087143185989345,-0.009468666924649215,0.00642155671452075,0.004516314914266391,-0.0005792510798360879,-0.026500403897642577,-0.029388533839593462,-0.04992686259056816,-0.0063625056305623255
68,50,random,0.014916277762251493,0.016177886180910414,0.010425594624194874,0.00858915317449726,-0.001213546388585069,0.0025235234796096326,0.009944453146955318,-0.009712070448019007,-0.006953775815718861,0.005902216430024738,-0.0026060824494686576,0.00721681330383716,-0.05033577622991513,-0.020396170350850534,-0.07358438068561704,-0.012768870594340698
69,1000,1,0.017930266229788334,0.015363434364308462,0.02909424083401788,0.025787189627184678,-0.00352392473496049,0.0007734693401957989,-0.005312150595878512,-0.00854654570554486,-0.007010546302479702,-0.013517522449176008,0.004515015492102296,-0.0025788167667432672,-0.03136079947375468,-0.022011477229814166,-0.025862754008412918,-0.02856130569571174
69,1000,10,0.017499592356823124,0.01862827642184335,0.024541504928951612,0.020864076076956384,-0.00030430028610852253,0.001486993280691056,-0.00575856442704137,-0.006539797124279988,-0.006003677665626685,-0.011641297356933155,0.0023888187508171567,-0.001001907661893883,-0.02318428155878446,-0.023512415615606717,-0.025872127755427205,-0.023362577228400037
69,1000,20,0.016283484286010966,0.01858572858805344,0.02309792347368974,0.0204597969432118,0.0015488549423476993,0.0008007788536357956,-0.005649582140402046,-0.008630158603809272,-0.00561641019817677,-0.014370304874397402,0.0022791602226420087,-0.000862469300334865,-0.0225984035378157,-0.024213235921216957,-0.02663906839763426,-0.02466763431302219
69,1000,random,0.016440531217647165,0.020933571469297075,0.025054405467608048,0.015647323508394644,0.009968494759385885,-0.0032757062056790716,-0.004258352159243612,0.0009479187615802729,-0.002691248682220652,-0.008100181193952966,-0.0005536343338428607,-0.0017043093410593557,-0.005178335204839025,-0.01721920340749556,-0.016508504086776676,-0.01703153525719008
69,100,1,0.02007208486319844,0.01868888755532766,0.02874806792924888,0.02448238379217529,-0.009761908929763386,0.0026762208162787295,-0.004716864917499306,-0.004025098344335068,-0.003563044875982253,-0.008982305432092014,0.0014815271711737005,0.0015271078701695308,-0.03035011709766859,-0.025216559387374875,-0.02589243378067199,-0.01971051303022189
69,100,10,0.016742623417470657,0.018424910823929073,0.025784494475209408,0.022847172471079414,-0.005094794953275273,0.003909599154115284,-0.0063895399765431515,-0.003920125534672398,-0.005219680944075996,-0.011313205954473085,0.004151093517828748,0.0015975970042023957,-0.02532077600752832,-0.02528019245355685,-0.025582412287820086,-0.01893200297976198
69,100,20,0.016371829859085987,0.01642766475024081,0.022781948666666493,0.02226877858507872,-0.0019427731317878737,0.0025847875521562286,-0.00784921857969359,-0.00818157766117451,-0.004201947048336963,-0.01699543293028998,0.002301755333345089,-0.0010964079358943045,-0.024438275597621534,-0.029254259297600463,-0.02458353771918751,-0.022203532220307187
69,100,random,0.017981189607685154,0.01771805683013786,0.04345628724744699,0.027316616971027767,0.0022274415714514874,0.001474765248428458,0.0006988256258283083,0.007098605205163384,-0.0041380174134283965,-0.003827815399417193,0.003792654838949061,0.00216111900893379,-0.013054127444867314,-0.017215325795975372,-0.01974363689324526,-0.01590541767776644
69,50,1,0.018658743387952006,0.02273105301310994,0.03145497532393399,0.021136976610034858,0.0014899497974457407,0.005974404163070983,-0.011522726496029818,-0.001515114436113449,-0.008050551087359654,-0.015538448729329243,0.003860952174618514,0.0026454559201473014,-0.023371666044964635,-0.019256420852949655,-0.025382007012813287,-0.020714205460657633
69,50,10,0.017346616214926384,0.022871057738430255,0.024959611434795085,0.017632349651192807,-0.00039424247227196144,0.0015367411921780444,-0.0078070045100891335,-0.00590430952407107,-0.009726562371471605,-0.013857867178086163,0.002017650131546169,-0.002674836845088296,-0.022045447493140937,-0.016318913788931813,-0.026021690844798502,-0.02557756970453494
69,50,20,0.01803811444763075,0.022318640965661708,0.021620858643284238,0.01600693907720124,0.0007881404375672416,-0.0018909503134966097,-0.00850435159176596,-0.005046665743423597,-0.007429707275724665,-0.01583904986827264,0.002932759695788038,-0.001188238846957941,-0.018960200173463122,-0.016154774780665886,-0.028954517684743004,-0.03270062577367617
69,50,random,0.0127024035504958,0.03340394260817124,0.03094731543455767,0.02262445036833874,0.0089534656650833,-0.008501228257925807,-0.005286603150155804,0.0030404246530320953,-0.0062347514427232775,-0.021535043930602713,-0.004287069366140115,-0.0009034820863055029,-0.0017349674717105337,-0.014005932638716795,-0.01496715345875989,-0.03685680466691784
70,1000,1,0.020774003906321514,0.013567124231512287,0.014403235068670188,0.019454107081577104,-0.010012847537271299,-0.005824487111972246,-0.0030331574766749416,-0.002503121396981074,0.003880315958163362,0.004327585146360193,0.00603891713450429,0.0024001297519361834,-0.023743569076588006,-0.012637294453495658,-0.014074657320316989,-0.022371846425590952
70,1000,10,0.017895736589978565,0.014502206197892536,0.01712411932579247,0.016366406873343863,-0.008490688876785103,-0.0046517479263062985,-0.0026159467085320027,-0.00374340167481162,-0.001038825465667467,0.003669567120971173,0.0010897274743712694,0.005002479753798576,-0.03099173079190083,-0.009286827240087982,-0.01629500879773443,-0.022200505934770364
70,1000,20,0.01803180777388653,0.014370790954899326,0.01735112713632824,0.016206872004805008,-0.00731475641881578,-0.0043649462300112815,-0.0024339038190512095,-0.005894182294900007,-0.0013268315113264266,0.003585767468122712,0.0014333168146695686,0.006457182901572696,-0.030334067296231913,-0.010322801663602632,-0.01718170190278579,-0.020753522980325696
70,1000,random,0.014655660476308709,0.011888507237668001,0.01324322528978639,0.014965521135069711,-0.010380502354850574,-0.0008828391945312272,-0.0008838383347636878,-0.005645918979690759,-0.00498829669313067,0.008010070323676762,-0.00037503318623375757,0.0033582701234573086,-0.039883302210264863,-0.00975131027748512,-0.007155674093130558,-0.02559891679391178
70,100,1,0.01945762951366854,0.013089534077642677,0.015837435743673075,0.015806029136047013,-0.00627442665647382,-0.00030045584051993613,-0.0012508259846416008,-0.006283165959915552,-0.002417593485889855,0.004411014944511564,0.0015423839702628174,0.00013315169794522817,-0.031681011865223575,-0.012438691849318714,-0.01372657247750543,-0.024939963451747017
70,100,10,0.017271056924125897,0.01587064874106075,0.017229502241887445,0.018027207864281577,-0.009047884880662563,-0.0028141350871094405,-0.0010382402415458909,-0.0033757836758103177,-0.0010026271420462117,0.0021688115558981115,0.002218163528543756,0.00512484074612357,-0.034423969291046595,-0.009734494524226785,-0.01619422867715825,-0.02327747327783442
70,100,20,0.018341664954511692,0.015234294137021155,0.017397353251439644,0.017421970417475965,-0.006592743278111596,-0.0010958008966548058,-0.0015513194336853632,-0.00873103174469556,0.00039874331075003596,0.0015215585251455888,0.0020714310229103905,0.006079514085196991,-0.028146769905650373,-0.006892660433759776,-0.013385628302403026,-0.01971700243947168
70,100,random,0.018337343408754564,0.015934146060816896,0.010687634755072324,0.020502945964846062,-0.004760516916303147,-0.004388506249272184,0.0076705731760454785,-0.0008633992877854036,-0.011362783955972499,0.004370418319642469,-0.0017783447956026914,0.0011484836125092088,-0.04928201474323519,-0.021255853182528373,-0.016027444665479448,-0.029159632778884444
70,50,1,0.01825747772435114,0.017915981366624367,0.014301504123568218,0.020238197985093225,-0.0003782595242613195,-0.0001372202313670595,0.0016960992445778167,0.0006570052818323337,0.006611894323289179,0.009034749915304927,0.013082765887377806,0.012147858509449532,-0.03473323776968004,-0.011250281818890042,-0.013910693321254965,-0.025018051484043353
70,50,10,0.0206875013999345,0.015058960899560275,0.016819866167924975,0.017548806463644748,-0.008963978433846508,-0.004716590661202074,0.00012755363045320297,-0.004121729069131634,-4.923934874120933e-05,0.005625348281225346,0.00428616330724744,0.007485580882849579,-0.04199052121939945,-0.011173297904758737,-0.01769644484579917,-0.024315954524718443
70,50,20,0.02070477413900224,0.013699967030084503,0.01849190697825438,0.017937802264677477,-0.007804989071467046,-0.002903187012814722,0.0005834802257324639,-0.0099193699035464,0.0011534552513335627,0.004903382197706072,0.007176614926313167,0.008781850750189958,-0.04227947365845448,-0.01193999149523151,-0.01996237741776138,-0.025704834704594247
70,50,random,0.01075552751507479,0.01090228482155113,0.012728463261515503,0.024239930114370388,-0.0210419147501886,-0.007301208584020605,-0.0043771674097295024,0.00799042703751527,0.0005945669414127151,0.013161364402017177,-0.00044202328188918793,0.0133577819696185,-0.03382920925813948,0.004233687500895037,-0.003179938109311856,-0.021002017811831874
71,1000,1,0.015530719214243415,0.017448081131486187,0.016208331324425725,0.018273272441882146,0.0014277365148148405,0.004896248244141617,-0.013141482771414189,-0.01881421391189937,-0.009055044303580402,-0.0031478256197251457,0.006046450761619956,-0.004461054511594259,-0.018973435315232382,-0.01325395490085452,-0.01030803270658065,-0.02143014385664375
71,1000,10,0.01812574159465797,0.01864350340077123,0.02584068446242304,0.02024659567246181,-0.0006007613788482893,0.0011351718681538291,-0.00935064739332004,-0.015113440482352728,-0.01319255667867568,-0.003458163644875716,0.0036196497838856903,-0.008389406282033295,-0.015946188489427093,-0.016647778732433463,-0.01239274875933214,-0.020720269408837644
71,1000,20,0.017266605081056242,0.018422232933485223,0.026695591665663373,0.02001735730029418,-0.001146630590722087,0.0013847470178878457,-0.009997545327714796,-0.02021696800830683,-0.012140772966886303,-0.003198185818291639,0.003707440132596828,-0.009510499100756872,-0.016642223502885408,-0.01762699093655977,-0.012445509897162211,-0.0206059562765146
71,1000,random,0.013076624247503804,0.00877697254430769,0.010975956739397642,0.017043620500089948,-0.005551274440228357,-0.003943433337540839,-0.009110380571801207,-0.024906036712862546,-0.008090604238102362,-0.009065999983385656,-0.0008476076299334181,-0.012582482119468079,-0.021701892974874598,-0.023037184560861557,-0.012859237312489233,-0.022591832790939674
71,100,1,0.017626246475752033,0.023202066049271882,0.022191194365868274,0.02171199033128128,-0.0035134332072537405,-0.003609224841487739,-0.00945007065843797,-0.012966109698194539,-0.013908466697909024,-0.00534044288972265,0.0008398850954126173,-0.012761638543178298,-0.020139280151630464,-0.022503956364440726,-0.015215837302041386,-0.022436487128790608
71,100,10,0.019504863380313698,0.018456661457913384,0.014914129716161672,0.021019854005743504,-0.001002129501507026,2.3665309244179978e-05,-0.011145709040361615,-0.014206681007084776,-0.011924894361464176,-0.004530051316461104,0.002568099651286761,-0.01095847838700139,-0.015285073802767904,-0.017754113782583198,-0.01377841713572681,-0.0179444990933358
71,100,20,0.019308157068927058,0.020713987078572187,0.01812681238492064,0.021405962216979494,-0.0024895588047683594,0.0009165253764673175,-0.011374986035737389,-0.018803665633798653,-0.009264926592605216,-0.00367896133891354,0.0017671016556109521,-0.014305052338680084,-0.015585847598232859,-0.0190555172637256,-0.012979004884655759,-0.01728715293001055
71,100,random,0.0174615833949968,0.017503965820133936,-0.0041049221562694735,0.02223723980677366,-0.006086399414223257,-0.00732378030378547,0.0032299951958757282,-0.0310949862863444,0.004371322638729233,-0.010607639023568458,-0.008617324262531437,-0.017766399130945368,-0.021806489113260684,-0.02003501784758158,-0.014275746867446343,-0.003738945422843229
71,50,1,0.012419716566244703,0.024023255211932572,0.020363345225716516,0.022655537407122606,-0.0016955885675047934,0.00011127974551702802,-0.0011197260908485127,-0.014526332147431719,-0.019377951881589698,0.0002550529041349067,0.005747080996000316,-0.0059762924468988185,-0.013509205500953067,-0.019419248349492678,-0.010440108744627048,-0.024010267029576364
71,50,10,0.017472830589495225,0.019432656190076655,0.019655225643931257,0.018470676948236734,0.003369698023619967,-0.00015427400981907031,-0.007120444861574031,-0.020042741478114957,-0.007045054904143047,-0.0022805457820045116,-0.00023668960630565114,-0.004784159818055265,-0.012345858512993139,-0.014035221349888027,-0.014918130297626453,-0.02392332477050335
71,50,20,0.0167626491438262,0.018948519809433306,0.026665149745844607,0.01757157182283032,0.0027393007845668872,0.0003347752209538837,-0.006206957202901502,-0.018846530088319706,-0.009518778100571435,-0.0018225241506770783,-0.0007084984854960956,-0.006449877355416784,-0.013460183818472148,-0.014873931533381112,-0.012442285297757143,-0.02581569461343691
71,50,random,0.007573461864273179,0.014377663053236414,0.012711859059332763,0.021257671322622407,-0.0041101706210383785,-0.005367294046040288,-0.0038257910452819967,-0.04167791792815055,-0.0037275136185460547,0.0005874377346324112,-0.004965219950630704,-0.0027848286113362304,-0.010848603036460187,-0.01736596496641177,-0.011569172980696754,-0.011509826737244419
72,1000,1,0.018109064833312972,0.021415911807119655,0.01510260093141967,0.0284393215518022,-0.007944720578966592,-0.000753119157844633,0.0061145752575229055,3.9346786338786984e-05,0.0023565341795101532,-0.0022896498592765656,0.012630426353395483,0.009317581912287886,-0.02047834258670932,-0.015366509161570882,-0.02080952940661266,-0.01627531228696962
72,1000,10,0.018003552535567964,0.017177473890648283,0.017223135391607136,0.03231111555501468,-0.007928159776644166,0.0034740592953479365,0.003459373795844867,-0.002823466481158033,0.003190377405704102,-0.0036384642103232195,0.010080734736105958,0.008004312370722655,-0.017518089034859696,-0.01559765776146265,-0.023245592190485522,-0.014971349048673057
72,1000,20,0.01704362720978016,0.016964147728122568,0.01634728157544599,0.030405625665475704,-0.007858849907712611,0.0038509530534621425,0.002771469747290771,-0.0028415368137122,0.002487965403075494,-0.0027396252619085724,0.010227490538553633,0.008522446459709383,-0.017447949534636242,-0.015678982537002832,-0.02245451956448955,-0.016206123565671856
72,1000,random,0.015003619897774264,0.017652373960945544,0.013881392702257253,0.0237668436638615,-0.009587801929075332,0.003593548491101364,0.004550153521886596,-0.003900828652528346,0.004182983244258596,0.001505485274287182,0.010297163182908294,0.0054916223879837465,-0.01593102562209853,-0.01583704108064248,-0.026140204033725627,-0.011825767292092684
72,100,1,0.01958196823099742,0.013397917749732785,0.021000552498205597,0.038410844228635777,-0.00821855538775754,0.011112705145229898,0.00021429641045021377,-0.001892248341525448,0.004592076212511477,-0.00409777592125579,0.004923437157282621,0.006780086523752512,-0.01369730357345568,-0.015491436463348114,-0.016854161503587577,-0.02003831621842424
72,100,10,0.01862892958295772,0.016521404032820524,0.017835150904621712,0.036787520476686805,-0.007142434862649671,0.004413584755570216,0.001847448473402129,-0.0019375439087751098,0.0006517807629029062,-0.0018923806421224057,0.008715186713670798,0.007155274060694132,-0.020780398102522055,-0.016574811568750528,-0.026638557999406464,-0.015297340996985808
72,100,20,0.019321772701584253,0.017694483913036047,0.014366712225511296,0.03947111566415625,-0.010239853230931266,0.005144655510682324,0.002300292445950308,-0.0033301055199898596,0.0010252334349776418,-0.0010615626270073144,0.00922471213235683,0.009588664399570321,-0.020911514096131123,-0.015112512928103181,-0.028729040814998972,-0.0182743191006664
72,100,random,0.01704568878390081,0.020651500761647745,0.014621770848336374,0.025249255291978297,-0.0038755628688526755,0.008042527718482888,0.001366846946513003,0.0007507812854271136,0.006379622899215128,0.002387289161952344,-0.001540087672202359,0.004861450998486578,-0.02105764101797097,-0.018719325251504333,-0.02660720109205084,-0.012727448837990233
72,50,1,0.014255466843558391,0.00354687438926366,0.00878075575593315,0.03515144229882249,-0.003160139440395096,0.004539215947168749,0.002553265720082031,0.00038201654422000803,0.004242688612161133,0.007475179792315454,0.00913669117484561,0.00841203890319128,-0.014782091715072766,-0.014106457953149286,-0.02635625056963857,-0.014835479990649771
72,50,10,0.018400321747017438,0.019867545782033386,0.01741093599172912,0.028552509614054505,-0.009600389001447485,0.0030770431677833963,-8.941307479705752e-05,-0.00329095271687452,0.002899758964184237,-0.0017739630314690595,0.010341772336151767,0.006510524161091553,-0.015775966640581663,-0.016016313320833475,-0.02558370107094962,-0.013855167013699323
72,50,20,0.016407817000183855,0.020002985922773556,0.01514388290435544,0.024540090596164774,-0.007761264525024082,0.003059706019926501,0.0007867842340841694,-0.0031573229962425556,0.001727180161191232,-0.0007373963748592559,0.010731094059171144,0.00796042417528462,-0.017708034282679492,-0.016052889802265262,-0.023373227746163103,-0.015154900051573328
72,50,random,0.02647026729678072,0.026218152295965243,0.01938551344907511,0.006336486853346999,-4.318503740306131e-05,-0.0005813794141481376,0.0027317438511628243,-0.0019478074977836493,0.0010097281208804824,0.01016644948463407,-0.012412862553433136,0.00400889731617435,-0.017369016990823244,-0.023717651729802246,-0.021890054360824984,-0.016570062418619344
73,1000,1,0.01768895247545847,0.011070798154369033,0.01661513443045417,0.014336600616028173,0.009021406295817174,0.005026321482148332,-0.0034520020499234443,0.002228251245571343,0.0028329279501685084,-0.0013144942513383872,-0.002851275757165547,-0.004720260495899429,-0.009059966104305022,-0.010227383853371474,-0.021576658902865024,-0.012426087707014118
73,1000,10,0.016420952296480943,0.010545915618241275,0.015577084560339053,0.016135387511362013,0.012227637062896958,0.0005957577789836955,0.0025317996897206417,0.000793726454899334,-0.00027032271058538706,0.0027497201975773813,-0.002410407473582467,-0.003430601008968446,-0.01175595913391757,-0.012661719895254503,-0.02423220062846701,-0.013340669673290236
73,1000,20,0.01568472328801768,0.010975807235217109,0.015089237711688876,0.01615379874071499,0.011875835685599431,0.0008239513520874282,0.0016199965962256815,0.00035223323250080434,2.5866828011108598e-05,0.0026509433533928118,-0.002507904109730579,-0.003414976280349938,-0.011899994143460317,-0.011906254588954215,-0.02217796057150317,-0.013046464679145317
73,1000,random,0.014262507952237432,0.017777572042167265,0.015874524273637346,0.015450605977727797,0.009988337595976797,-0.004671918422790086,0.0030064363664052242,0.00041335176996261044,-0.004468126175776955,-0.0019315413782446968,0.0005941900045431269,0.002278955822553227,-0.01304025069663676,-0.013717906175774607,-0.027778126386916947,-0.01600141322176491
73,100,1,0.020905957203462562,0.01188469652585479,0.01238170858426193,0.017554101606618307,0.01636225584893551,-0.002757654773451389,0.002245094535852072,0.0006375278054304346,-0.00093403141657754,0.000971885085607956,0.005041271726930109,0.0020170250563282693,-0.017313366254016898,-0.01305709074939707,-0.024833068622867938,-0.014922540795098641
73,100,10,0.017636201167195335,0.011428173798611599,0.014395686034785282,0.01621858841229085,0.010299550441097345,0.0011478729317976886,0.002955341619097837,0.0007379382268117818,-0.0014715109239613804,0.004442039088205789,1.4595130554672142e-05,-0.0016034070120795742,-0.0163473435291148,-0.01300451523199717,-0.024157791743284758,-0.014206858587038847
73,100,20,0.01669883349090841,0.012300356815932471,0.015430853089969417,0.016980835718783248,0.01293569331949454,0.0012750427705389743,0.0017004651070309112,0.0004422325629560791,-0.001463993374877662,0.004525492495855266,-0.00031562313974002165,-0.0010269375296227728,-0.018486053730975102,-0.011574507107342705,-0.024125079025799752,-0.013324635183403752
73,100,random,0.018980817806147368,0.023252070435308057,0.006413020299649268,0.01754923880671668,0.016853455908244993,-0.007220511061555832,0.0008366109701657858,6.218823691256261e-05,-0.0037788446456367315,0.0002404106405554018,0.0049538184850060115,-0.005191720040282395,-0.0168443873648162,-0.010988186544089977,-0.028594194190872765,-0.01916320379856329
73,50,1,0.009348731723577757,0.01884104955972344,0.011643160927309071,0.020572441007387535,-0.00012947386800930418,0.008934064813095739,-0.002501378511445636,0.0071025740306098,-0.0005236563264493045,0.001494482921904727,0.0031460718901234505,-0.001058801968335873,-0.014986910486865932,-0.016085727355545636,-0.01925003165387501,-0.01213148342019913
73,50,10,0.016989405140582586,0.012871691418982431,0.016170033718060875,0.019658082978593717,0.005926460035385985,0.00299973507684262,0.000567663100789699,0.0013274127759654716,-0.0007874558312717465,0.0015347083907600904,-0.00371511732350289,-0.000977314472465626,-0.016609530862547035,-0.016626627394927117,-0.021701474059308227,-0.014687057223262658
73,50,20,0.018369504147686382,0.012864490923736531,0.015897812222025232,0.02098492124434178,0.0051080370245261495,0.0036107322457851333,0.0016460554093895654,0.0016868495111470123,-0.0004564616990110009,0.00236857139311957,-0.003015166509021077,0.0018031988038461684,-0.01629421289705899,-0.016627696913630516,-0.0201491899374107,-0.01612004784726535
73,50,random,0.00637510731515997,0.009740199320196277,0.008052582013794813,0.018806021428854132,0.013352973217496972,0.009735829417512925,-0.0010335100370983145,0.0015111184660355152,-0.0051944171404689115,-6.061476555076454e-05,0.0029446040876352155,0.015332330712683315,-0.020884802333299753,-0.022964023457119773,-0.04094947400255268,-0.027858517244039267
74,1000,1,0.030639787413380956,0.018784719555589663,0.01834325704077828,0.014445944687410634,0.003473364559257606,-0.0008936041046886508,-0.010729325929474922,-0.006057300761150563,-0.0063238232511074275,0.0030891808727446174,0.004643712391992672,-0.005122004256010042,-0.01648547972556388,-0.019102758107104184,-0.020719814524019973,-0.009077840105520582
74,1000,10,0.022242289124371085,0.02215577374095859,0.016315496953546654,0.017484873522964104,0.0027172659432219653,-0.001116190937883884,-0.00865611509558555,-0.003473268713439179,-0.00067728813301703,0.003934111003051193,0.0032003998639727233,-0.0019080903060247777,-0.020298246103658234,-0.014004248853202861,-0.018224878552533304,-0.014786624990034069
74,1000,20,0.022985222288973907,0.02121256375442155,0.016210788242099324,0.016192205529651893,0.0022962706730896274,-0.0014323499851791061,-0.008595195897950216,-0.004297225523355377,-0.0016922478293856806,0.004105383525934301,0.0024040411958678363,-0.0029791188607402297,-0.020168617424459488,-0.013919740840812427,-0.016973331966846777,-0.01407367511725747
74,1000,random,0.015677586069909096,0.018129012374902415,0.01466268532927281,0.016317070664965065,0.008428876108994484,-0.0033741866357153193,-0.006167494823470253,-0.004568154735842517,-0.0038840080798215526,0.011764449815730884,-0.003674560513639034,-0.007875625779161255,-0.02156971189117259,-0.008820421035971375,-0.010947409055414048,-0.01667386108644067
74,100,1,0.025603961792493683,0.02181844000912693,0.013341925029376889,0.017428255878609245,0.0037746650361502993,0.007444201773959529,0.0017202759297091147,0.00010533582108299048,-0.0021734647239328793,0.0025158689792308224,0.0016251706813191378,-0.0029378635782527267,-0.02667575737032933,-0.005685998743447413,-0.025174335490659575,-0.011803301812613418
74,100,10,0.023874411037531934,0.021140940319014975,0.013977631644071866,0.016003148535501114,0.0012093777974851827,-0.0004987706231336525,-0.005370741027691251,-0.0036686310162420237,-0.0016734805495103081,0.002736008700581441,0.0033597822299513674,-0.0001045320408948944,-0.02438324954345661,-0.012265371244345336,-0.023242935378298354,-0.017074965761590694
74,100,20,0.02315974912287792,0.020130615248680817,0.012370907100599352,0.015177877517169586,0.0009337176119800719,-0.0009061375303620681,-0.005695320669071557,-0.005202079677303193,-0.0024803265750910353,0.002538846529054318,0.0018090710009588788,-0.0016196383189652037,-0.02195271427607014,-0.012574386893130745,-0.02116149388830744,-0.01680261597090582
74,100,random,0.018940040381052847,0.014996387450477874,0.017893287392251232,0.012657412565050236,0.005512977563852252,-0.0011296012026961468,-0.005879293228262701,-0.002275922109900354,0.0017585785792257847,0.012063016062281998,-0.00629054246135471,-0.010056267321940027,-0.02505037367868933,-0.008707683959956972,-0.007442702828342469,-0.015921677271718754
74,50,1,0.029540944546404498,0.022497687503753944,0.016412301324086095,0.011940308974878657,0.0011951830826260564,-0.010118535479092795,-0.0014204862609148226,-0.0022367124784902787,0.0014864033794516984,0.006670720658647979,0.005301625903678745,-0.0006010026719967168,-0.012397521502321932,-0.008917055960540583,-0.02113744113302022,-0.011136939947858325
74,50,10,0.025157413408521144,0.020145886249657192,0.015782863352981173,0.013574901768039728,0.0005114353057026515,-0.0034542003083106692,-0.008343625582862259,-0.0015807705381864381,-0.0015331898527677426,0.005492447385465726,0.006212610481593201,-0.0006987783852197896,-0.011969804898196702,-0.018763407303043614,-0.018139493974463433,-0.013797038233592698
74,50,20,0.027738773313976905,0.019117368854770018,0.015051429668223332,0.010195850594504306,0.00036289651352409855,-0.003856880436506639,-0.007113774122062784,-0.0017840636389728662,0.0002442984599750353,0.005419326904222532,0.004609899999054903,-0.002124662674244834,-0.015143591843452235,-0.020601444993031178,-0.0169094297346907,-0.011625561813489848
74,50,random,0.010664036376932884,0.021981853429597256,0.0062147781421652715,0.016223308910027767,0.010998871495659248,-0.00538151484680123,-0.0007117461638640741,-0.004830783879096054,0.005900171171951459,0.013144047666802758,0.005275971616364133,-0.010835236000446362,-0.012151500222324956,-0.01295182416814968,-0.004850837594016193,-0.008016517380059929
75,1000,1,0.030468937444514645,0.016876548312574218,0.01132257414866662,0.019446702959967106,-3.210728874672895e-05,-0.009324122181278921,-0.0018534843538113874,-0.0017544405943061333,0.0006469535682544172,-0.00574022775766512,0.009533970470833618,-0.002816870365189536,-0.03985083742784558,-0.02342764500184405,-0.02682750102762871,-0.012179855258084077
75,1000,10,0.017698192796359993,0.014121334476428627,0.01649179153666905,0.015059118019788582,-0.0012238629803238519,-0.004168321600094777,0.004491450515836769,0.0008300604113582572,-0.001465152746831834,-0.003689915302061334,0.008302962425548567,0.0011328543686986322,-0.03555808305128513,-0.016142151907150407,-0.019728747010911398,-0.015318826223651293
75,1000,20,0.017463433372106273,0.011479840346909598,0.015050952202723867,0.01576935362401967,-0.0013192107133540767,-0.0040143422698039775,0.004443388880487707,0.0022181836267785244,-0.00201713352524706,-0.004329943436635707,0.008323915282938039,0.0012035381184954768,-0.03178545264640809,-0.016780148904453587,-0.018948368806694073,-0.014242347193800417
75,1000,random,0.015575385131237594,0.006091377619168738,0.01593147467005973,0.012590803134172086,0.0021920943989370348,-0.0037496911929131268,0.008122490418706886,0.002510745060255599,-0.007986875364378174,-0.005991482185730756,0.0070821895048578075,0.0030733970659555846,-0.029064016315646753,-0.015403652715919992,-0.017429773733716965,-0.01028809652212003
75,100,1,0.017980343615510822,0.014633698092875758,0.01082484488895396,0.0157510039955771,-0.0012367752354686154,-0.0029227627234913733,0.006200748042209465,-0.0017029995330895976,0.003917580706630328,-0.004033053534958341,0.010427352438479472,0.0023804249594203985,-0.03742748116840796,-0.01604175154387232,-0.01022574344610579,-0.01887180216316793
75,100,10,0.016594593765667638,0.016115907517560035,0.014689177121557479,0.014790748194080454,-0.0006073772113325621,-0.0037655474670832178,0.0038967337756220526,-0.00047546242096385043,0.0001777890469066086,-0.004992402784306684,0.007405907870444152,0.003698925266786658,-0.04058878923228222,-0.01760519335500839,-0.019702651802161127,-0.016148502978424472
75,100,20,0.015753292913221084,0.011724961243830769,0.013038387849940075,0.015151195061174664,-0.0018311404113713885,-0.00488524324102083,0.005504493433596149,0.0015599650845495847,-0.001743016845997924,-0.0047406014095787525,0.00809396545885243,0.0047963141377961194,-0.03473070116120166,-0.01645062773827417,-0.01893788959914052,-0.01406452921820231
75,100,random,0.011492891715504421,0.0108075766797349,0.011545439639987453,0.02153359100890998,0.0017534678130232463,-0.003913882250106709,0.010622708830350436,0.0016590683859191665,-0.003717558629260533,-0.013166799379517936,2.3538031474705035e-05,0.0015885342686540163,-0.03170516820681876,-0.02447314700798565,-0.01798351694431377,-0.007471901086053129
75,50,1,0.009040922177090058,0.013577313895814309,0.017974049501597006,0.01917253943597016,-0.0024562041138904223,0.0018134501149015079,-0.0035331758146455385,-0.0058554849780228044,0.0015885521548949508,-0.003845188494964098,-0.0037289718268205007,-0.006335513926106969,-0.03325203423837809,-0.011728556826206646,-0.015650102390887873,-0.01939212024771619
75,50,10,0.009124660319287051,0.019439896309740953,0.017884872135966186,0.015299887112185504,-0.000821679020588037,-0.006023912949688507,0.004022193883462774,-0.0014606895246012158,-0.002822036168918237,-0.003699263691434785,0.0020833555689954066,-0.0008282468268221201,-0.03672259387047064,-0.017984252592765874,-0.01657459817720555,-0.015055983244183746
75,50,20,0.007119899500593917,0.012586972827799707,0.01833349005852529,0.017406831192745026,-0.0005737258851634921,-0.005491574385984351,0.004307437010075876,-0.0005235664526519459,-0.000978728763873513,-0.005190049083492857,0.002539170463456939,-0.000942068715341927,-0.029067346051280803,-0.018489815529739256,-0.01943593641450354,-0.014168370392400305
75,50,random,0.02101001525821554,0.01740681989295382,0.02175984168382497,0.01105209027400702,0.0025809553996102245,-0.014015952675420908,0.01321414648422343,-0.005870762124749436,-0.01484036680855939,-0.006938673566467709,-0.0023325083740534233,-0.002500360711252547,-0.01804343046285804,-0.030974237605925894,-0.014560749741650949,-0.009261539273244879
76,1000,1,0.021710448920800915,0.011787530432190864,0.01758537391744231,0.014649620662165908,-0.020629841985259894,0.010093596599277846,0.0034317400771940367,-0.0006821729813100635,-0.012884122778336,0.0021742473401857943,0.0008590248954674274,0.00947351898532159,-0.018371774353235393,-0.014212268955386582,-0.038801420506721036,-0.01953871771820079
76,1000,10,0.019213117939802817,0.013536411398680852,0.015268083436887356,0.016712512092593553,-0.01539259784560703,0.005285463915457412,0.0036367662733261742,-0.0025396576215997173,-0.004689968289858702,-0.001824893434975907,0.002882947128748976,0.008076528208610356,-0.020606616905525007,-0.011225057005119485,-0.03153373207326187,-0.016156390587817284
76,1000,20,0.018227789983804962,0.012780340804557151,0.01328332289634612,0.017771657745759808,-0.01384936201604049,0.005232544660717048,0.003258218357452995,-0.00342841930971715,-0.004506354346934545,-0.002276891843700807,0.0027345010198629137,0.007973401142908301,-0.02040479924001349,-0.01050041038295593,-0.030716466817495357,-0.017783905875000727
76,1000,random,0.014693749268985182,0.009882601609873892,0.007486147595040408,0.01692349921381603,-0.013712309693163944,0.0027338144962124086,-0.0027222055989719563,0.004645451974847795,-0.001407256935701523,-1.6171638966656324e-05,0.005476409253414202,0.008336211538379441,-0.016228298982304525,-0.013312311456565775,-0.03479335501717736,-0.00966750058762473
76,100,1,0.01531745935121977,0.01852296474822723,0.01296109558269807,0.013293586217717517,-0.015719751391271783,0.00897371513866718,0.002067270750896569,0.0021775942533864005,-0.0036349177794089828,0.0027534054542612523,0.006372332650870487,0.000679475843437326,-0.013098211112822177,-0.007488640493953405,-0.03220412646566283,-0.014778470109462743
76,100,10,0.018593196246365896,0.017641520636435294,0.016614677248903087,0.01666687760924726,-0.01130179699541541,0.006605511334063036,0.0018199036459563029,0.002718604071544823,-0.007786376337599215,0.002062467180595909,0.0033398356650955374,0.005299574570612785,-0.018759278779255966,-0.011657405017834388,-0.03191765863647439,-0.017250235580807828
76,100,20,0.017851120867863283,0.015328859825101486,0.012427479839276404,0.014538801009427518,-0.009883670061789515,0.006109934872486088,0.0019874221677952954,-1.835085608273494e-05,-0.00851692690885673,-0.0008203768493676495,0.003567466005204603,0.004280060587858829,-0.01821487500872662,-0.010356560494512036,-0.031021726959799226,-0.02082598178759277
76,100,random,0.01086904543659846,0.022215140920137585,0.0126490337681428,0.012904256540203728,-0.008097772753312646,0.003257825476865806,-0.0008041448114079063,0.004175826862490376,-0.005205420378848407,0.008175333496742956,0.008416526827447918,0.010578058396882329,-0.01177852656719859,-0.014776267860770576,-0.03542964256124631,-0.008187502650893685
76,50,1,0.017123662082255603,0.019052133923387966,0.013051629226508016,0.02764226294648901,-0.01116130144275371,-0.0007435576011446974,0.007090719224276334,-0.00598568840414643,-0.003953944047975801,-0.004759920056426982,0.004762013632852108,0.0037929916534863027,-0.01861852076849061,-0.024461119617669756,-0.027839077894713217,-0.009394778999928709
76,50,10,0.021731802266369907,0.014916003332414425,0.015789939525106326,0.01727919384125326,-0.008386625660537985,0.0030682610355983768,0.0034942874757178076,-0.0003587406346256971,-0.006385270665576486,-0.001587552388275468,0.0006342429888682407,0.004528723008391213,-0.02368320709130168,-0.01619182704391321,-0.02842998065671725,-0.01864136506657075
76,50,20,0.022783394421138036,0.01362830633781844,0.01479770608442956,0.024857003962593792,-0.008259713442977452,0.0026466297285680615,0.0030603816448952913,-0.004456586798757358,-0.00584573168308204,-0.005578918871431642,0.0008527087296999604,0.004544517282761805,-0.026559966274091955,-0.01438214899998518,-0.02568526219430698,-0.01754425590101508
76,50,random,0.024352908319728292,0.00764299001243501,0.002888108463426836,0.031003403129745005,-0.00454236505010167,-0.004538061140929434,0.0030787655216405266,0.007899194296396109,-0.001882434965326456,0.001494631118163286,0.004400402407060833,-0.0009617875138049852,-0.030193415903679018,-0.016360428352257463,-0.03689634263263343,-0.021067939666969217
77,1000,1,0.024521990639909723,0.016427701889942168,0.024241589616938314,0.021810625071331097,0.006950180862352174,-0.010916785486600439,-0.006976014884241287,0.006221647460830002,0.007012784496403528,0.0026019691599620926,-0.0030183072378917055,0.0017735442133095223,-0.012803817584182673,-0.016100126652860168,-0.011903598775584138,-0.02609515928896645
77,1000,10,0.02035199118369872,0.013968756040262901,0.024619495898295495,0.026192961653900435,0.006186537702342669,-0.00506891493652442,-0.0019480202102192098,0.006149763298714703,0.004998520203568547,0.0032236159062886704,-0.0020561256838346883,0.0014446157018380631,-0.014914984645109862,-0.01408622742571102,-0.016473827772602825,-0.011340308584361558
77,1000,20,0.0201412392061054,0.013912297241733896,0.024252602015815854,0.027190733401322064,0.005952828273164041,-0.005027804076334503,-0.001444509162112711,0.006812114199458219,0.004784146853150386,0.0033383776241804656,-0.0009953302222563214,0.0016648933349042952,-0.013280195837078838,-0.013022264259982097,-0.01472859363067857,-0.012090120374033488
77,1000,random,0.015407365139367928,0.008473048310408283,0.02035076809548763,0.014503771625534033,0.013160467771188546,-0.007769151256517775,-0.00758497874544584,0.006609511439515053,0.0063979222607517304,-0.0009283837123558266,-0.0017382386172643473,0.0031652657038848285,-0.01404974220702573,-0.005226407605802831,-0.012830080807881483,-0.012236275636106785
77,100,1,0.017473289750277617,0.013115332713984896,0.022925041896215196,0.021616428623965865,0.002246775798871212,-0.005877912970401718,-2.4148063466682193e-05,0.0006555818312665194,0.004744801264352159,0.010950382831162044,5.435937394656223e-05,-0.004668240843255929,-0.01488615258425892,-0.016543635051012813,-0.0180910588125793,-0.007998452830137413
77,100,10,0.02046468699014464,0.015192400293217207,0.024239999770536508,0.02723888418328037,0.00523309787148013,-0.0061069115916146605,-0.0007314595364384478,0.005716813702169252,0.0069928729604049784,0.005195567217220714,0.0018692109682378907,0.00332866769113689,-0.01566545760031538,-0.016340639656719957,-0.014758866794090284,-0.013505898447704523
77,100,20,0.019940200432646382,0.014446727093874711,0.024946515508126977,0.030118973311315397,0.006643213511770985,-0.004786823190673145,0.0009166842166281827,0.0084332381098816,0.004592220979728032,0.005033880273392597,0.002296608574796601,0.0029754873190527046,-0.013261782432478185,-0.013761841790841129,-0.013597518911924298,-0.011625400478573838
77,100,random,0.01448965211841541,0.007228356423879035,0.013919941399510485,0.013194043637577254,0.014560375839427089,-0.007847093401293715,-0.011266037541140956,0.0048857207095042866,0.01077526607006167,0.0051829296541221976,-0.0012027184079260575,-0.00939248680632261,-0.011628302169574603,-0.009177204817260986,-0.014162756532038315,-0.015016214825707419
77,50,1,0.023607149693312478,0.007192536518041834,0.029640827413913936,0.022697492755098428,0.010081964620787863,-0.010335197298751249,-0.0004312817469308689,-0.0038449014986660242,0.006147847189425385,-0.00860527155816422,0.008783137230484484,-0.003543476707931597,-0.009225830355506042,-0.010154114782977218,-0.012543212054591699,-0.016489534261236182
77,50,10,0.021946294707496473,0.015291731783110787,0.026411390520552316,0.029592262292378546,0.006812213750702571,-0.005537690236619672,-0.0042252720783835665,0.0001345150942776545,0.009203397768577568,-0.00043234419424964115,-0.00010598046246450938,0.0005200714182597039,-0.011066567429426468,-0.01316874001790684,-0.014255303413985513,-0.01580021065875842
77,50,20,0.021743129735417265,0.014923412405644425,0.0271802678800944,0.028003522970910025,0.007429505205045558,-0.006253086742363202,-0.0036223861120086307,0.005272947848222166,0.007314630040083959,7.105472582540853e-05,0.001691987716837294,-0.00029966673723449353,-0.011365540219992584,-0.01326057638689962,-0.013988842942670322,-0.013662330769141277
77,50,random,0.02048021756279544,0.008768279597765567,0.013684800417999174,0.02210313849213778,0.011653228801677818,-0.0013740413194064203,-0.017879656940460585,-0.0034271795904098137,0.008102853870964705,0.005355402834553687,-0.007311096307937213,0.0019256456260543615,-0.015555360700523137,-0.00420172315870244,-0.011707994199544033,-0.017216774915437695
78,1000,1,0.01926573816638378,0.02621212558252772,0.029631755272933866,0.022971307944206053,0.003911428422534829,2.1018810506534173e-05,0.005403607748943781,-0.00706616690533919,0.005101421990520746,-0.00048623762112732274,-0.004648155018010875,-0.012326987354631317,-0.023097745347636905,-0.020559420805442187,-0.02801520262654937,-0.01620608277551894
78,1000,10,0.01610364196275259,0.022338892911410176,0.02679239365507571,0.018314167378221096,-8.479164727894615e-05,-0.00021105139636930074,0.0037159872304513234,-0.006840582306518872,0.003102296871010433,-0.0038805302710843473,-0.005333622047137245,-0.00631424047210138,-0.021330750079300555,-0.01558396895805279,-0.024912255263899646,-0.014750295916269899
78,1000,20,0.015365544736301369,0.02005343599463267,0.025646409833172033,0.018772289025989077,-3.219972877286574e-05,-0.00031809796340081316,0.00326616673837794,-0.007861716164071643,0.002619198015303701,-0.0034944156100399225,-0.005173813238766394,-0.005568038769211353,-0.01900857308312698,-0.015416531004973479,-0.02410299516768947,-0.014430068532536233
78,1000,random,0.015207589913518048,0.019619425026919175,0.021222096270814388,0.018124982110344176,0.002201586227361247,-0.005060687717027881,-5.705460094933316e-05,-0.007609043508833486,0.004656845426988953,-0.005854527940361019,-0.00860420274627419,-0.008341085223781094,-0.018164794495372574,-0.013853513062937334,-0.03374717335028,-0.009262770122275018
78,100,1,0.02121660373006754,0.021327910648650663,0.021851470543014152,0.017533457427536717,-0.0018388212489902386,0.0023970746755555524,-0.0007213807283326436,-0.006578726405565855,0.008594421981722111,-0.0029091290961538053,-0.006768489114839341,-0.004999526566540382,-0.023111283915523043,-0.023937773553194482,-0.022555470092875184,-0.01517307273114484
78,100,10,0.01794812703091102,0.022571267002571584,0.027375474637256057,0.017876576006204844,0.0011655272519643042,-0.0007248733760416601,0.002404422224765477,-0.006541643652907962,0.0023245177172780385,-0.0006518967485117944,-0.0054692662655255525,-0.006322670810572669,-0.01849720419028999,-0.018290736798306048,-0.02476093928351966,-0.012850630818431893
78,100,20,0.016801723107937115,0.019736244183656666,0.02729651229465341,0.02073914109357695,0.00016598775443487274,5.947589165016177e-05,0.001729260970884936,-0.008718066337991456,0.0006965504213143037,-0.0025389898884792526,-0.006531846356397348,-0.006347065575668436,-0.018930307107322204,-0.019212490887883314,-0.02309133703346408,-0.01023693463451227
78,100,random,0.0225630218630132,0.019075997078639627,0.02557810920887751,0.021072152166378963,0.006983260635058825,-0.0075402963006279385,-0.0001655852963617516,-0.00637420201112374,0.0017861280079911484,-0.0012551445976316635,-0.01175452513114938,-0.016193047791759667,-0.019107144331414798,-0.014125903613913525,-0.034503654316684874,-0.007213286730311821
78,50,1,0.01727239921350561,0.029870615906825437,0.025951660054629795,0.01431977875358515,-0.004885214423478235,0.0018894492789258842,0.002239087047810685,-0.005364321510689001,7.292485881367835e-06,-0.00873329383446485,-0.006661942047694357,-0.0013013588028589352,-0.03027529977394079,-0.01440567087962844,-0.01479034864047704,-0.017559647090516495
78,50,10,0.016568879196990866,0.026014022758110867,0.03095389062822416,0.01599367932817746,-0.0010193332871536462,0.002949451836660881,-0.0006097918712948084,-0.006331181239540905,0.0026491537785577855,-0.00586517711898909,-0.0030585875677609673,-0.0064839456295514705,-0.023357554103735242,-0.01754200056420034,-0.021978165041180095,-0.015254077109656488
78,50,20,0.015470018480053385,0.021653094879314223,0.0320643538900789,0.017505608563869412,-4.2406178284235316e-05,0.004018525792047409,-0.0012756778133634931,-0.007580602593105873,0.0009458053054916711,-0.0031252539537484072,-0.0014473756096543963,-0.006605507908711506,-0.022747690656162955,-0.018953232744147508,-0.03167693428208254,-0.01822784136607938
78,50,random,0.012820989247364512,0.019106402570138768,0.022937767740812135,0.009551708736800916,-0.004130447609109591,-0.0007818173928432209,-0.0025854640119758994,-0.004387187943971687,-0.003946849717444956,-0.012873476920645176,-0.006795120342329997,-0.012742210659678017,-0.034598793979048054,-0.017882176742658292,-0.01792637139915971,-0.011576197323150015
79,1000,1,0.020612584894914607,0.016306302617824384,0.03467969921610781,0.017464376996132652,-0.0006217679374841585,-0.005310931065059432,-0.003149227559842216,-0.0009056225245574564,-0.005097430881833385,0.0014093703349917343,-0.003601792310915214,0.0002983143939990535,-0.022537927052422368,-0.018312604850704205,-0.020080122025427333,-0.029998478099862686
79,1000,10,0.015184847432192375,0.020121967762111562,0.023033872648649405,0.018510733211967906,0.00340513005601905,-0.004288871501810038,-0.0033439159237003383,0.0029130110358954616,-0.0012298365497334597,-0.00047748886911131865,0.00012625403993801255,0.004323907163149745,-0.022320124592111006,-0.01674605539491481,-0.02433750898076602,-0.022932070740001816
79,1000,20,0.015200866150500958,0.01882988045226312,0.02217887599356828,0.018474863569627555,0.004279213915883298,-0.00455012808287168,-0.0030920267304272234,0.0018011657771415926,-0.0014769774369568377,-0.0006538303295753888,-0.00040650124118945407,0.002388624352130279,-0.02183693753877253,-0.015747227934401437,-0.021298451080817286,-0.02134394209285938
79,1000,random,0.01537259918164526,0.014780422426853719,0.014880274898141277,0.01617784253775363,0.0015311510753882572,-0.001541593005863868,-0.003522566568081726,0.007233395772103472,-0.004692822320282845,-0.001595652988938721,0.000768112334706296,0.00748089456275486,-0.02785676174071498,-0.005103687646033421,-0.015947174598640788,-0.01093721308920607
79,100,1,0.016414188154878866,0.018894319220873916,0.020519976697732763,0.0270987400094843,0.0058446922254224674,-0.0034574340892361997,-0.008848615212564729,-0.0005429587098070977,0.005975057853259091,-0.006734442083759017,-0.004945649650422967,0.005984275330062643,-0.021917648127461605,-0.020541908055887244,-0.026855869362712125,-0.0194506154844119
79,100,10,0.015920996849480243,0.01953742300670901,0.020940386879641917,0.019178698364903563,0.004113364177694084,-0.0037403077421201865,-0.003717207159498344,0.004020991268862448,-0.0007370977350695568,-0.0008067199703179973,-0.00036593884825858653,0.005692961596850818,-0.026141464064695853,-0.016284566013636995,-0.025057755793211258,-0.018896795031218574
79,100,20,0.017207930280383456,0.018959027913274074,0.01971028800215691,0.018536273520166742,0.005719105916226994,-0.004669450772946853,-0.0025864553597473453,0.0023387335100456493,-0.0008256033697703892,-0.0014738563609818988,-0.0008719280193530276,0.0026505513312646833,-0.027735993002858263,-0.01836707157580249,-0.022048564392200345,-0.01754326925866304
79,100,random,0.008319921701950568,0.01366319787915535,0.0074205551259440726,0.022341496970737777,0.006214842764101687,-0.006865789534713944,-0.006317157125522147,0.014859793251798712,-0.0026124856251575645,-0.0022384499334099765,0.004867705902715697,0.008114052506383128,-0.03602622444806218,-0.009929705652658723,-0.015323809499076833,-0.009823982983749929
79,50,1,0.02033941569948289,0.017457498644930597,0.01917634216081342,0.019682026652403577,-0.005453118159965972,-0.008966036464207378,-0.006007657459781524,0.004166137435184685,-0.009138630571451978,-0.004660298408829195,0.003993461823452812,0.006685279480335363,-0.022735803723384615,-0.016723065414931317,-0.024337614784327465,-0.019853710125836033
79,50,10,0.01410099835662465,0.023173663792718555,0.023338082657304023,0.02094391216061469,0.001472741123708985,-0.00927570638442459,-0.004615401633228426,0.005051829480071901,-0.0070728751252033106,0.0039875021498067586,-0.0029408338464415014,0.002834410411332745,-0.02485424039000132,-0.015549318137410647,-0.026064906761343487,-0.01682432083558577
79,50,20,0.014771141347791897,0.020973120809264514,0.02459698388726592,0.019241389096869094,0.003317933978093354,-0.010658527495898521,-0.002675258234378545,0.0034867780976841245,-0.008493060954936611,0.0015976536779941798,-0.0024937995790968986,0.003150549321539707,-0.022592256951443106,-0.01811746898110273,-0.025136182026469382,-0.01972559493894807
79,50,random,0.012680809555358425,0.020986976445406428,0.0041586471662269624,0.012091537917718468,-0.0011212189850625224,0.000587651587120919,0.0009311755910905052,0.00553209103832842,-0.011332724649809993,-0.011833381850111293,0.002382026450315319,0.007957189740982853,-0.04403881198497028,0.00040393903301490393,-0.01833758850629788,-0.020917202094801808
80,1000,1,0.021819679981393166,0.03160893931797296,0.01407154840323755,0.01961533973762023,-0.0022435725452594722,-0.002431265152262299,-0.010438371683663449,-0.0002985760379460228,-0.006477019276709642,-0.005361568502503695,0.002851175295135692,-0.0002210111208176878,-0.018232421252567917,-0.019271118901359907,-0.020395372240745363,-0.007539616873026905
80,1000,10,0.02351004467522579,0.021371351363666136,0.01567859961649616,0.019623813504604414,-0.00489355802214507,-0.005551543810832553,-0.011004035267491918,0.002125803510605161,-0.0006380082657174962,-0.005268487127927463,-0.0003104582096761779,0.0008563354693334278,-0.010996447693574739,-0.020154764067580523,-0.017198030195440507,-0.010150256595202469
80,1000,20,0.024110972488832053,0.021010790122512377,0.016072040821483145,0.02024739784042158,-0.006161478490803802,-0.00652682437991774,-0.011316322943196573,0.00230915360633962,0.00040710800813579265,-0.004509604662326369,-0.0001806362851926027,0.00048482446709742613,-0.010430072898889765,-0.018782335236263922,-0.016925444615442087,-0.009815692959209773
80,1000,random,0.025324610632100803,0.016236013980838338,0.021482031693791415,0.018347214200301616,-0.0028407401761310095,-0.01855226949090308,-0.003944315783374975,0.011553673337374467,0.007736926100149099,-0.0036069413036290583,-0.0031423783524101483,-0.0025907837765216947,-0.00987397841357082,-0.022362884017631784,-0.010690697500814784,-0.004407712945693883
80,100,1,0.032390977888704896,0.01867776835372951,0.018207625863234805,0.020032623310758575,-0.0033463252038731443,-0.007833693660500957,-0.01289059218351832,0.0046088676444182705,0.006345305906086982,-0.0036265885816430463,-0.0011800074052386415,0.0008878744627299186,-0.010883636338649225,-0.023062968976576732,-0.02131120670997726,-0.015440187441501807
80,100,10,0.027332751942751088,0.022410488489678318,0.018103951952038056,0.01921326910616404,-0.00355932619748849,-0.005721942751203547,-0.012881878277855422,0.002903606136197022,0.0036703512150602223,-0.004773159305676614,-0.0005814681748015606,0.001066127799171928,-0.008515054848513864,-0.017304237538998145,-0.017948478076718948,-0.011560764032543141
80,100,20,0.02976591571900024,0.02143416316484538,0.018493725499905852,0.020923425438873523,-0.003915451813137481,-0.006962709852506043,-0.01308932638741611,0.003586086045474655,0.004356027087517688,-0.003709273833196173,-0.0011063513335074846,5.180193707708076e-05,-0.00867386551279814,-0.01675038778585815,-0.01824407467450709,-0.011100723781956345
80,100,random,0.031166413968768222,0.020331431673339808,0.030968244419043205,0.026369966538157007,-0.004586286959337562,-0.021872144000299267,-0.003246247522537946,0.021285042892599953,0.016638558558254937,-0.0008793743793287359,-0.0018611829019404415,-0.009908770035553275,-0.002128730464420592,-0.030965603893668908,-0.008952035497823575,-0.006034081225473316
80,50,1,0.014629909531939392,0.024172104943909145,0.018967692269045926,0.024256350691193702,-0.005495940035652888,-0.004044268078753142,-0.01235761170215354,0.005053297248296205,-0.0015199928040088794,-0.008173233584224907,-0.0031069815730722155,0.008476081189427033,-0.008061421017388406,-0.014868290424196315,-0.020532987407484694,-0.020074642245849015
80,50,10,0.02226073438029945,0.022554744367010934,0.0187136004356835,0.02066798575297731,-0.006476566545992459,-0.008069732310600717,-0.01239863706025214,0.003715144209560004,-0.0015535419217766345,-0.00464040371176419,-0.0006608652080091933,0.0024475464000851183,-0.013106018718008983,-0.016472587167841262,-0.018661392432513052,-0.011244712925052554
80,50,20,0.020963779040357844,0.02025579564351581,0.018188185920352196,0.01948769840146654,-0.006096317337845907,-0.0093757031809855,-0.011277522771862697,0.002744487760790448,-8.644808354544756e-05,-0.002899260984168962,0.00024277204758622322,9.988875871394175e-05,-0.014780205878694072,-0.016593442976210435,-0.0195739872233699,-0.009915113112317362
80,50,random,0.022401101026643368,0.01696023086991933,0.025252900393353362,0.021790429210763598,-0.007960307753115719,-0.028737909811424114,-0.007072821062041195,0.010887708235081122,-0.0013404007688754393,-0.012984426120709474,-0.007511511375624053,0.005951224814533768,-0.021092342587653384,-0.030645395141099076,-0.020790909807188254,0.0016140884127823906
81,1000,1,0.0215191056925933,0.020293518466088335,0.016010477123189103,0.022293421487183312,0.007802268970281804,-0.008150324177412073,0.00966491111563706,-0.0037941212389420594,-0.008638141956075608,0.0021566002434057633,-0.00631351447675523,0.005686712732346784,-0.01992314571350249,-0.007497365528389745,-0.007646272952415467,-0.01847187100368421
81,1000,10,0.021244542655520626,0.024036683764267024,0.021116094347831883,0.019773645876507127,0.010763782800634003,-0.004976803706789113,0.009625423287582405,-0.00020973419043265835,-0.004925579121753092,0.0001951285892103919,-0.004271664178444234,0.0043970828274796855,-0.015641446501841214,-0.007003320899406341,-0.007160237602139872,-0.020810313245165135
81,1000,20,0.020768152975247787,0.023577843894810522,0.020373849958803508,0.019658116130123145,0.010686899164068293,-0.005965688329531616,0.009561185035512012,-0.0008537217426949025,-0.00671042441248178,0.0004075947583888989,-0.004072240242433943,0.004763818854943852,-0.015389950589025033,-0.008001435672866354,-0.006774911719915892,-0.019647853079073813
81,1000,random,0.017788858500536017,0.017584988530857396,0.015459950473458928,0.011826439194641596,0.009052107077983106,-0.008805531641546365,0.012719245148877787,0.004015076089000599,-0.0053072382458813905,0.0002839933383939013,-0.0025138045150184312,0.007008105400934071,-0.01947041956716773,-0.011281614834556503,-0.0053242160418604184,-0.014590149172536478
81,100,1,0.02044104294421124,0.023843024433138033,0.01691795451881282,0.017009330828459512,0.009245753769612617,0.0003301572545254083,0.013631089088122314,0.0010035273356150572,-0.008943606055646905,0.0026321290461970956,-0.0030389599450703626,0.005680933030823052,-0.012300843232849117,-0.008143559221987905,-0.009285991904964031,-0.019400994374945624
81,100,10,0.020933380163189685,0.025584326127188813,0.015963319124214354,0.020006269984646354,0.011155953153212196,-0.0029348526516628747,0.01004704508935934,-0.0007302379723560345,-0.006251911522760131,0.0010785853625603407,-0.00619706361518507,0.006604332509149656,-0.017090849618873947,-0.006169817309812839,-0.007661940472277533,-0.021751473038026634
81,100,20,0.021217170279041405,0.027626039464770828,0.017264444940752646,0.019401830947538494,0.009519628189980018,-0.004358861566292347,0.008227903051444982,-0.001277398713422204,-0.004088259490546519,0.0017066860399550527,-0.003280080478705075,0.00598751319626115,-0.01621145928291566,-0.006299056940147243,-0.005836603485085505,-0.022006563203406472
81,100,random,0.020924112222182333,0.009390285837364705,0.013069753106647479,0.018240886221037356,0.006903864888865661,-0.006316549704652573,0.01189016243931534,0.002068294965976886,-0.001575639470361316,0.002953761761803615,-0.0054123306806896695,0.007613329967872713,-0.018231297388143514,-0.00404236452355514,-0.005494488547791808,-0.012781013550395992
81,50,1,0.014642837042611117,0.025043388629539413,0.0209968490324692,0.020423602689559048,0.007053152943856531,-0.005359860991321578,0.0017448084964759574,-0.011053705435526457,-0.015025433391223985,0.00210422466615581,-0.009155983562278702,0.0015144599870551892,-0.021356221149820474,-0.010592445647371183,-0.012381070469434853,-0.010518437208244798
81,50,10,0.019536905703020174,0.028468887078015582,0.02102238456944008,0.02026309975708679,0.01542378934487588,-0.006530943645323339,0.010874563472488547,-0.00069483938064629,-0.008189204434074646,0.0003052951241795122,-0.0033337724867812434,0.0035837791613743827,-0.020501533636438432,-0.006661830863091179,-0.010636724556784934,-0.019503149136406862
81,50,20,0.01825360497806153,0.033700763459177684,0.02032537023655883,0.0195566853187367,0.01640231804130704,-0.006850304224601918,0.01348248462349377,-0.000850822767363373,-0.008887863652941518,0.001370637988630929,-0.0036280238992687707,0.006756087595597817,-0.019775032706342385,-0.005828857402358587,-0.009669950387979012,-0.021183815744188202
81,50,random,0.023689057515634195,0.02036107971453793,0.016410563648891974,0.01669227367719925,0.01115456094127375,-0.01364346856250263,0.00771585723046464,0.0007008538801691962,-0.0011186823818004747,0.005035476301321856,-3.661722041237647e-05,0.00843824944112667,-0.024114320183397424,-0.0035929220655296712,-0.010848878551870838,-0.017973965905414595
82,1000,1,0.018324119788151697,0.014634494101785866,0.013007568982832219,0.01509977456335537,0.006978194013531046,0.002582632736892216,0.0017419346405155663,0.008402167113785344,-0.002537638649608569,-0.008165791801946497,0.0095674832519068,-0.005425584951319231,-0.010291329239829802,-0.013856783387024504,-0.011304223634424137,-0.011570053876856211
82,1000,10,0.018085936892121995,0.017702029629554916,0.014535070633252298,0.015779902767241692,0.006726723872709283,0.00249978547712997,0.005056861527020574,0.007391277368333685,-0.005434489004480842,-0.007450558413580521,0.007192032402161591,-0.0026376954762700605,-0.01198273739274552,-0.01561267291961002,-0.017260075529534402,-0.014773475879562799
82,1000,20,0.01807468779319991,0.0179485189531385,0.012452071578834108,0.016023381987943557,0.006688210296928006,0.00214255845604086,0.0049814207661551336,0.007463660884281379,-0.0058138039337780854,-0.007207944280468855,0.007180003317617401,-0.002724775483384004,-0.012239139957897825,-0.016946531198409394,-0.015748981023756613,-0.01544496240142138
82,1000,random,0.013955926089486557,0.014568746607065215,0.009920521120087815,0.01574155519749962,0.0033205877400406736,0.002198278079420611,0.001628993083483835,0.002632753942179464,-0.004577907515818017,-0.004812808479678276,0.005518985670009153,-0.008240996677562897,-0.014456952483237235,-0.008967018150070807,-0.012756539551492554,-0.01213624277619755
82,100,1,0.024818394569223808,0.014428953482555405,0.023708556457184303,0.014487632699343778,0.008228047579224481,0.004314734777083626,0.009578508129265324,0.012842919142670325,-0.004656696211400827,-0.0035156879156218812,0.006727093286068474,0.0025357653429394023,-0.004597087720702992,-0.01719590460857534,-0.01736303762080885,-0.017417628813027584
82,100,10,0.021704599785825587,0.016276977138516294,0.01579078430397684,0.016762054160985362,0.006275229558183503,0.0026542050371891365,0.006573241933962613,0.008226602732140298,-0.00210699559057893,-0.006237551832061906,0.004899177080036728,-0.003746090216771101,-0.008998361135694088,-0.016874022626635253,-0.01843067647373327,-0.01609725934059853
82,100,20,0.021398719168994877,0.018801003607811118,0.015359016009791074,0.0166392527551595,0.007735338353857348,0.001744758855080063,0.006112377135666028,0.008351471335637729,-0.003826850064694814,-0.006520379264539672,0.004456614287068556,-0.0025462472385086865,-0.009539897537769886,-0.017492212324676598,-0.017123919306475683,-0.016796612946053675
82,100,random,0.017567538506974338,0.012142784768821526,0.01636774599090477,0.010882825047356973,-0.0014138683774889969,-0.0028253953656190885,0.000660819863754347,0.0027061561229439037,-0.0027371001531405472,-0.00044060072616226024,0.005612935063510924,0.002769702328530246,-0.008110883073145113,-0.018155454276832527,-0.021090048197423016,-0.008281161944453377
82,50,1,0.022247052924524776,0.01535475702534747,0.004164558053375539,0.010672462203505031,-0.0029967529027210517,-0.00275862316046236,0.0012145593850528915,0.01156602461940189,-0.005019635559068335,-0.011859961055427573,0.007251383748974001,-0.002360253886567017,-0.006394934504728792,-0.008984969841283047,-0.013780387678441612,-0.019996761231049136
82,50,10,0.020751314261026915,0.015242736755248934,0.012327266658311846,0.011801001573628215,0.007049807676120836,0.002200542563701533,0.0030570437209455122,0.008320970147352403,-0.010449331902563736,-0.008509250806277614,0.007496837371164116,-0.005610836553166225,-0.009575617715098253,-0.017042036576435923,-0.01603065385020424,-0.01607529472567606
82,50,20,0.0194190996845225,0.01608450397880884,0.011830492477521354,0.009410773374753127,0.0077882730575824025,0.0029262513813480455,0.004248865461977306,0.00812010513938616,-0.010885325992974471,-0.012462794420731163,0.008789383679947211,-0.005354988158142775,-0.010815558213056001,-0.01619329693946903,-0.015785595875307413,-0.016225010448110172
82,50,random,0.019789930423433112,0.010234237767437523,0.010224073616539339,0.00818581486124111,0.0042530060896470425,0.0049617499258477115,-0.004003970693040126,-0.0006325847473842178,-0.013175789989052335,-0.0037582997666881393,0.005516650092636911,-0.01820846127140378,-0.010475316185524811,-0.0063490170779282335,-0.0034697941277892852,-0.01412044647914271
83,1000,1,0.0334442075431401,0.012846007497989602,0.013647702288799359,0.013492111064775445,0.004257878461585969,0.001282013564115908,0.002182978363349455,0.0019480561556367937,-0.008343289451023571,-0.00018753749213413142,-0.009074480687092166,-0.0026165623401600445,-0.021735187444176383,-0.019900282559470628,-0.016094186238089777,-0.01148674309325066
83,1000,10,0.03765973477705319,0.01679177970266422,0.016664803593129003,0.016197729643029235,0.00627392958896832,0.003655177802746946,0.003651466108340794,0.0009047570208799576,-0.0067430423738277226,-0.0002906887853922409,-0.0024258141345816454,-0.0018340685768785286,-0.020350557792936902,-0.020851335644938143,-0.016601319631170428,-0.012314665998609047
83,1000,20,0.03884996899993149,0.016125986600591044,0.016116484749080458,0.016367085661697863,0.00488324378337508,0.003983393951694503,0.0023997242230894846,0.0011182017835330688,-0.007918277824963146,-0.0012057188225445652,-0.0027481863563924716,-0.0017825924852427817,-0.020405156763201295,-0.02161704844482383,-0.017850184927804092,-0.011397838639551301
83,1000,random,0.033228808326022374,0.013182953738132608,0.016784014946294345,0.014808446429926039,0.0006803395267171797,0.003151065196441145,0.002369501567422221,0.000958594761390221,-0.013475408741651648,-0.0044172173175846844,-0.010159896570633417,-0.004885114473019079,-0.018696225981684286,-0.021964238435376336,-0.02021036971528323,-0.01039011825186831
83,100,1,0.030821320111949962,0.019570887864641496,0.021287568804835302,0.019318761286779205,0.007031418271420581,0.0027691198084566007,0.005613615091109336,-0.005325837093374093,-0.0023625267238771503,0.0034031385119867004,0.004194689430392215,-0.012665375357002092,-0.023975305586151907,-0.016488645950248383,-0.01198969104263656,-0.010526975163235084
83,100,10,0.03319371247334636,0.017181466696974044,0.019447334698708373,0.016586707392260994,0.010606524393484688,0.003559422501300734,0.00681961145364878,-0.0010421749854094507,-0.00768965072415937,0.00042481753755096703,-0.00046977562011039063,-0.007238429603803907,-0.02219881071068264,-0.016673871898324127,-0.01500890538761829,-0.013282959242919947
83,100,20,0.033230150717428616,0.014762938086892873,0.01993512511960348,0.017173288305717283,0.009310194829069718,0.003004029496507353,0.006566980036840462,-0.00026383145754271884,-0.008993822563419546,0.0004646202892575668,-0.0002753503287334155,-0.008924942850036538,-0.021991597670034908,-0.017804216381575304,-0.01586930057077575,-0.012692344199100798
83,100,random,0.035399304459103394,0.015353564735030328,0.0222408601913364,0.01674546537936254,0.013171119691849417,0.0030847871291234084,0.0068380676758093666,0.004366188682924761,-0.019933920871826653,-0.0005719501289950706,-0.005357313133717725,-0.017734215980176864,-0.014916762038763132,-0.01612959472167293,-0.012107121395373123,-0.010305642536751378
83,50,1,0.0214798351863424,0.0027163894961108664,0.016522811829849625,0.018906357932887106,0.005565586851232743,0.002614446905931783,0.006195762633428123,0.004005319805356269,-0.015461674646841887,0.0007284564522580532,-0.006492341067135015,-0.0030097481430044885,-0.02489741053689815,-0.016307660597473878,-0.016227789615854367,-0.010219408168494983
83,50,10,0.02748589371228111,0.010208275500241865,0.01611099545283013,0.019008925948710356,0.0034936656060478443,0.005830479124955588,0.002223940198661107,0.0034887659153291207,-0.010265203994429144,0.002881255694659875,0.00286236642109029,-0.012730762553117982,-0.022035805304038574,-0.024830373625188997,-0.0152421995517625,-0.008848525989931891
83,50,20,0.02889766416396957,0.010059833587661313,0.016504888235583125,0.018913422309492285,0.0008551651419092948,0.00518168185840695,0.0022539181200027895,0.0005984959685671709,-0.009426671137578013,0.0005570654266249591,-0.002706563862156243,-0.007254792236771234,-0.022393688838643754,-0.0346662350237444,-0.01981495783415731,-0.00783134126563901
83,50,random,0.010486265002005475,0.015017299583269453,0.026482644496357677,0.01562289319270283,-0.0022252463145742995,-0.0012884924413933923,0.004544970617062268,0.001182845681966529,-0.01707292422514134,-0.0008970437515005178,-0.009639540444100538,-0.02209972376389471,-0.030142612551232618,-0.017140575020936293,-0.02920989449623675,-0.021848581507567424
84,1000,1,0.012354028184212044,0.02458042490341663,0.013487339186614808,0.01741192389836576,0.006489708010010724,-0.0037115639449049197,-0.00241589361739998,-0.00041141534238976833,-0.009185164338288072,-0.0040163586777597045,-0.0007529666973674098,0.006467825904952838,-0.019279457651751028,-0.015580033072856566,-0.008930980802989137,-0.02617409888543531
84,1000,10,0.018692804104533244,0.020688667921156572,0.00929293019590299,0.01142250135647654,0.0016649491335218667,-0.005555632716604907,-0.003084830701458243,0.0008966324738905492,-0.00950608196969091,-0.002872287063542878,0.003856099345476043,0.003712291613534418,-0.017060821402787616,-0.02556183821321474,-0.014559534844459553,-0.02431852640929837
84,1000,20,0.01794027001554211,0.021070874840725312,0.0100060127999425,0.011478064812631797,0.0016691201285024175,-0.005703120304190859,-0.003615177054327585,0.0007553038168215528,-0.008352341320146513,-0.0030764035558740245,0.0037029096501982332,0.002813616871449734,-0.016885846276036398,-0.026169027113747034,-0.01514865776779824,-0.022843393773800652
84,1000,random,0.015645215033987716,0.019831057862544594,0.008417379661503643,0.012733294586892643,0.0013343064908411064,-0.008291489612170072,0.0019843372938468866,0.00033057869698379446,-0.004803839938716917,-0.00012820617122474455,0.01106330760412246,-0.0008630817275183571,-0.010167607067113461,-0.028683488496434126,-0.014729579168877387,-0.024859816055502932
84,100,1,0.021865646253945645,0.023484006652997613,0.0066790681036286185,0.010846821420693948,0.00442846698815298,-0.0017537889561119752,-0.008737929233167118,0.005159597272668519,-0.011344359643529948,-0.009226629903098138,0.0019491026363423194,0.007573795393871862,-0.010484935641983962,-0.017958264453410557,-0.015208846993967781,-0.025276831272888614
84,100,10,0.01740493971985103,0.021727997462504266,0.01009906807361374,0.01417953713244378,0.0035373340730430643,-0.0037262110921874535,-0.0034185299012753664,0.0024371480641476764,-0.009771589796959983,-0.00442851237031694,0.001719759354357785,0.004791096973636193,-0.015248436689804303,-0.024095360112680642,-0.014501234817529825,-0.02092379259915874
84,100,20,0.01750548879527236,0.02158515187660357,0.009790721700507966,0.013631475344362742,0.0027782104076500306,-0.005023882603853898,-0.0025535315078401666,0.0032401310276974206,-0.01010364220410458,-0.0021161468191080307,0.0034693217235347283,0.0032419408240122616,-0.015912393874519187,-0.0214011657520947,-0.015703960230630008,-0.02156040251981441
84,100,random,0.01588140806193611,0.015935071023734867,0.01392803582738588,0.01582805566907892,0.001839073157470584,-0.0004255185498393154,0.002439797912202066,0.0033416307580933897,-0.012457286202050017,-0.0008337571904405818,0.008913422247283267,0.005589966116669229,-0.007061363644638755,-0.025060243456037527,-0.011978532503699369,-0.016007553865072747
84,50,1,0.02413630082242521,0.01602614720032195,0.008011120802415589,0.002912887369928878,0.005185197590226995,-0.006519425845002281,5.4073040432477735e-05,0.0003545622978033687,-0.00890259904307704,0.003355970119876592,-0.005806067642869085,0.00352424131147077,-0.01090396596585383,-0.036798694943254426,-0.00637852478466927,-0.02508015084263494
84,50,10,0.015178934320907117,0.020532574484476013,0.009681316694196477,0.009683845220319797,-0.0024145983298801835,-0.002538499843525882,-0.005238094642159671,-0.0005786895838903167,-0.011630275847183414,-0.00578718166672638,0.0025933242319876658,0.0021658201554795465,-0.018958626735897006,-0.029380963513792338,-0.013412238390019936,-0.02761816603456109
84,50,20,0.012922650040116756,0.020483199594230356,0.01132395887434307,0.011567646962277882,-0.00034766084566416653,-0.004857943361029473,-0.005118737785133462,-0.0007305383902339734,-0.010976005992797353,-0.00339435078639388,0.003863971350743655,0.0032124733630163912,-0.02084246206977058,-0.027625846286597627,-0.013769263931292484,-0.025198911497357437
84,50,random,0.007499622219463542,0.017432111860132056,0.006572369422823166,0.01378607816169351,0.010979422642549603,0.0029355458264360176,-0.00040551452305383396,-0.0094490960578986,-0.010242779030025184,0.007937350005770009,-0.015717532919467415,-0.0006907585030408799,-0.01138324410836003,-0.049856784688451616,-0.010929186243027043,-0.025977281572886382
85,1000,1,0.02534374638161139,0.011576182569626418,0.02572732377144621,0.015602752410155562,-0.008387570684215195,-0.0020802330065146516,-0.02259929871621756,0.0023354233418700424,0.0012220940214266404,-0.007956592004627266,-0.006352029407631926,0.002540764587166066,-0.011523628749459313,-0.019099943058182453,0.001820849171751738,-0.022361483926967744
85,1000,10,0.019644964026320724,0.017049213456709438,0.02159548530528266,0.015194286839588728,-0.007415034646297863,-0.0012200414956236136,-0.021895969714324837,0.00109683643666127,0.00026929722186048077,-0.00629828701418434,-0.007176253587998494,-0.0015610177718174427,-0.011324220416606589,-0.02662087081364071,-0.011387259203599466,-0.023503506138751133
85,1000,20,0.01854753553837954,0.017655520617057045,0.021635316159627688,0.01609168161714145,-0.007728258088058986,-0.0012715260114638525,-0.023411380232985866,0.00123676431557178,0.0001209706401345899,-0.0057042818971140925,-0.008531729743746426,-0.001492477590191156,-0.010289996232724367,-0.0240666340446923,-0.006464494351850709,-0.026178571738844875
85,1000,random,0.013351703785569498,0.017041625166207303,0.01889148673770921,0.00799013671747629,-0.010086070857436066,0.00037142687430839327,-0.019296564452945933,-0.0023519907562066017,-0.0014699186016889519,-0.006778602848143722,-0.01051348129628727,0.0009356127788289425,-0.010901878566833638,-0.024385198949645435,-0.004345168548765784,-0.023296395479280245
85,100,1,0.01692368730790763,0.017441648353258524,0.019604050299420667,0.017768562749354833,-0.004525463053298111,-0.0013777346183248855,-0.015712050968384246,-0.001714320103890721,0.0033292186548123824,-0.0013361227662729862,-0.005088142200810288,0.003608194562939269,-0.018393005582951493,-0.035928336595063816,-0.023375845096692216,-0.016786460595087458
85,100,10,0.019866974945647452,0.017475515790380335,0.020109670468729253,0.013653618001050293,-0.009233508315777609,-0.0005559658677129037,-0.022078198318847247,0.00252595225988272,0.0003483154993585774,-0.005524212490994216,-0.005096588616732109,-0.002258132203916716,-0.018334538792126424,-0.031095264871665737,-0.021944570376420034,-0.02227428959560505
85,100,20,0.021054039380458987,0.018268757094730192,0.021559006822285735,0.015990995413049793,-0.009988011380439385,-0.0003478661231064507,-0.024621099135800354,0.0010714157424193834,-0.0006602296226077609,-0.0060042636943441205,-0.005215380285945079,-0.00199359621624988,-0.017226587938089268,-0.03388130377648075,-0.01873583946290042,-0.022754439238063463
85,100,random,0.012001269414284787,0.022608060001033888,0.019963446050938933,0.003997786043550064,-0.015390901853563484,-0.002226098122225015,-0.014849189761968024,0.0020905322794568426,0.003313060965708349,-0.007175664418845009,-0.011489175677506484,-3.422658849683544e-05,-0.016330615387133932,-0.02674641619360859,0.008856924451964112,-0.024344182091817376
85,50,1,0.01583045919147284,0.020079553809527802,0.025004351839273534,0.013355389025298182,0.004972173421388753,-0.0010752510725110208,-0.02610318031371176,0.00457331761826045,-0.0011374042310932798,-0.009556302689520561,-0.004359852039304631,-0.002089385951066071,-0.012866873306090104,-0.04337851564674604,-0.020885666490047097,-0.01928731916986851
85,50,10,0.020712465714732096,0.014866240183450041,0.022874580809129384,0.01546947103721208,-0.006110647369186541,-0.0017406189466807472,-0.026699320336542542,-0.0019038084175543293,0.0006466175509757661,-0.0075380200915813106,-0.0054145583801190455,3.802647775443477e-05,-0.012476388716853826,-0.030846532851746614,-0.006719292697833618,-0.023569009150295906
85,50,20,0.020350594893835665,0.01379442110706266,0.023276628766915587,0.014973836358474945,-0.006909943650995663,-0.0029621897106630905,-0.025712055436183937,-0.002787362473754422,0.0010739577880267193,-0.008883864001414042,-0.00799938828886503,0.00048213156212019106,-0.02176579813521323,-0.04216402502329583,-0.016490179216293744,-0.024906905570618434
85,50,random,0.01853789135070199,0.013330589349617037,0.02451353846266451,0.0035454524497903583,0.0029602081161279065,-0.009657913587855517,-0.024286804933164423,-0.00829644876729278,-0.010072254783677553,-0.005223446512730869,-0.0038863228136595497,0.00032893819016774524,-0.011930394008962635,-0.033774359511541445,-0.00012672391719534945,-0.011330082742198891
86,1000,1,0.025417306358315787,0.011829004070072228,0.011141017680546638,0.020646414059817878,-0.0006836410350758359,-0.0005105592851928637,0.003727446477558598,-0.0017847421928766107,0.0030958765186560075,0.0037849729844888673,0.0020620209285483583,-0.0044074906964747034,-0.03529217605567057,-0.01219168655285606,-0.014130886749504338,-0.01553448699671362
86,1000,10,0.022914257753764693,0.016833739216420486,0.0158820024260432,0.016449592176694075,0.0028567392778557524,0.0017373843836618332,0.004000733655984455,-0.0020579667261152066,0.004611354710485282,0.008241964032295997,0.0018774962769285408,-0.0035956396121025022,-0.02420811266043871,-0.013500559768799962,-0.01167063343325579,-0.018195340887119386
86,1000,20,0.022799048933063604,0.0163837019332461,0.015372798553836631,0.014016054872966635,0.0029215433708472526,0.0018541458751805272,0.004040948389364288,-0.0011769786083261052,0.0042510749477976525,0.007602732222426434,0.0015824801220593065,-0.003130853649329362,-0.02492255910344209,-0.015279713871908263,-0.012764580663493329,-0.017279742062396356
86,1000,random,0.014159078045777833,0.006620992169664157,0.006672194675252709,0.0006369695430017851,0.0003655238078685281,0.0004614889414251519,0.006665095602541197,-0.0014304172888957084,0.008771953603347397,0.009929776721585107,-0.0020553146635548924,-0.0014437393284038582,-0.02118355151058917,-0.01929512456816839,-0.013973392528125218,-0.016793593586144403
86,100,1,0.02380234054049088,0.01740644168430877,0.00882335481390593,0.028641564561579364,0.001271612722250575,-0.0003759718877627784,0.004991583146928774,-0.0020835828185639116,0.001505978570064886,0.006999329660916875,-0.004909422657350651,-0.0028372092647380217,-0.02979148999713803,-0.009468993100589233,-0.012443372510753625,-0.00899602875799666
86,100,10,0.022484121614848668,0.016804833160153,0.015217734188712409,0.01563443113706807,0.004221749617935797,0.0008633858605434148,0.0030109302449415525,-0.0011109835297971938,0.005275355249730195,0.010256635468599081,0.0008870878345193031,-0.003059597842401322,-0.021322116935719237,-0.013910231353016977,-0.008334657220316337,-0.021099796877386823
86,100,20,0.022676883779802332,0.0175566367171727,0.016043973540865265,0.02219132734687307,0.0035912049207943706,0.0017174439777042163,0.0019932059176670756,-0.0010208271343954166,0.004237559016038175,0.007885912205496606,0.0010704509505108954,-0.003824068762961894,-0.024383004480513032,-0.017375196522596673,-0.011091744017864847,-0.018027346667482184
86,100,random,0.011015236862439534,0.008489811490438415,0.003240400290727454,-0.004945163885386083,0.000993484036855788,-0.004174738532176645,0.006194955785188358,-0.0008916245535714695,0.01354650886179779,0.013264668538743928,-0.0011628974216846375,0.0011372048295763236,-0.022736130390087456,-0.022340492957590385,-0.013460580511965203,-0.022710392648191226
86,50,1,0.02492883877356463,0.019007708283991023,0.014333855342716657,0.02087970756803052,0.004845766903417959,0.009833814214492408,0.001291498055328325,-0.007956157447743636,0.001404861046723029,0.016945611891614896,-0.00363383820972764,-0.008556460352973373,-0.016450313032411772,-0.022950145989547636,-0.015303170522101606,-0.014081436838860865
86,50,10,0.02688374737325714,0.015709487344444998,0.012775932483540356,0.013440616821097066,0.00587146693723474,0.0016003142178260773,0.002614119371921381,-0.0008885857448598549,-0.0009981692570840452,0.007362643734307998,-0.0017858685484477045,-0.005132943450876295,-0.019881928273383486,-0.013101959478268695,-0.01112271316000004,-0.02175435296717192
86,50,20,0.026848024875987406,0.014811990471673189,0.012140045714513133,0.009380282377510749,0.00684700112102019,0.0011715687749612896,0.0024235160181489035,-0.0016158203037929897,-0.002546561334716094,0.0069788014098650115,-0.0028001217942455548,-0.004651223523439371,-0.019434984892925715,-0.021014899735934123,-0.013761663602500019,-0.02049680955888148
86,50,random,0.01151791970327041,-0.0022626562194898187,0.001672550473610357,-0.03141411249054755,0.0050152786234969,0.009861216882445742,0.020978580588439762,-0.004449081675878036,0.012535339677421512,0.011926316309244877,-0.013138257887185676,0.0016155539340205105,-0.023715171656548274,-0.019643405222617677,-0.01595378113966488,-0.030999951377431164
87,1000,1,0.018796702429337505,0.03166176592978286,0.014128043383014675,0.026295699716215024,-0.005170649136242829,0.0034576139830752935,0.00605131119873529,0.0006721687989008299,-0.0027236714467891434,0.0008773330540251177,0.0042788370823915334,-0.0026453828945435386,-0.018966337308786014,-0.013828867102601946,-0.019101604487291493,-0.016057680198348644
87,1000,10,0.0208979494584324,0.02037781305178809,0.015297579508526074,0.023791399521510593,-0.004037567746109572,0.0031668945351558523,0.0037544867674397515,0.0013475241093238695,-0.00278598273649788,-0.003237433436612831,-0.00010177286730443979,0.0006973618035974403,-0.01725240037287574,-0.01628498719895946,-0.016763802255640427,-0.019506053984319947
87,1000,20,0.020802676342231815,0.019800122193122403,0.015455746305718691,0.023140247988240603,-0.003218814076427878,0.0012430701490567676,0.0030309639337465825,0.00010638255675223707,-0.0019831048697619216,-0.003765642477220794,-0.0005473962143168369,-0.00014144803008203522,-0.016136925118848212,-0.015939806857008333,-0.0158174199353763,-0.020500241412062775
87,1000,random,0.011968129284041418,0.02564341642936518,0.012800604671067911,0.021391366276047083,-0.005881566972024578,0.0050163772293382635,0.00213881775048933,-0.00040203213492712316,-0.005298389828118572,-0.004479406506313682,-0.006402962587458433,-0.004246780979995717,-0.016006318220632507,-0.014531991834099091,-0.01979944493322668,-0.013383546318747264
87,100,1,0.02146910182361441,0.02658051356546546,0.022240751569970275,0.029714866521835442,-0.0020534135797786648,0.001476648136980342,-0.0031005163343851977,0.002049656978182791,-0.0036842460810905526,-0.007243753450951437,0.006186853980773546,-0.001879302077144844,-0.016995749400083693,-0.024008554105696783,-0.019762096909094907,-0.022345392411735533
87,100,10,0.019982454165432185,0.025178512417262447,0.017226229645553683,0.02650392633713012,-0.002835288642759549,0.0031171377092056884,0.0017718737840751707,0.004210411384834844,-0.004152888627239903,-0.0026527728141091016,0.0009543390865013409,-0.0016735773952284664,-0.012932138207883592,-0.02093498458012963,-0.01877678913556737,-0.0243265113942471
87,100,20,0.018874706599400926,0.022644065913131162,0.017892692587865508,0.02744169091437024,-0.0015023711841122805,0.0006795414321506081,0.00216094128872957,0.0026522958021794395,-0.0044902704356989094,-0.004700308280107797,-0.00046235896863024037,-0.0017711762806074153,-0.011322464202510353,-0.021240030541425127,-0.017062205297976567,-0.022869666741892496
87,100,random,0.008257586879538651,0.029164168095808615,0.017682111990539914,0.02408262464072194,-0.006857717276680075,0.007731052365338918,-0.003369032608214496,0.009275485080884304,-0.004391115004069698,-0.0012769145741213244,-0.011330546824141459,-0.01015523851998791,-0.0082813272000943,-0.021066465275338103,-0.02841351973878272,-0.009799470507479317
87,50,1,0.026203545321053727,0.04024328411055034,0.01673212120112498,0.02525116915415077,0.002431237446207248,0.0024875507039864055,0.005075044786278021,-0.0066962703563249884,-0.0008717306844753342,-0.005600022595009459,-0.011537917437464672,-0.005619283463149229,-0.028557703545734864,-0.019006784215387533,-0.016001432133691824,-0.0202786509066856
87,50,10,0.02336447055130718,0.026087300973710696,0.017783662090675372,0.02827420940943521,-0.0027010315109068407,0.0005157760050384338,0.0009444682273689007,0.0014677052616543765,-0.0038571973133690878,-0.006635598259921098,-0.00908407388889335,-0.0006424036302066612,-0.018570213039108073,-0.01580621953136499,-0.01769353825264062,-0.02254369021901369
87,50,20,0.02661239920766628,0.027924262947074813,0.018799261598974604,0.02469343251918021,-0.003064314114941755,0.0012474411596018102,0.0028646309184647946,-0.0011023585276558165,-0.0013940251195220374,-0.003851729389380033,-0.0077372720796571315,-0.002986828997839751,-0.01637300274970721,-0.01565889382941205,-0.017609352212405078,-0.02169798344577539
87,50,random,0.020779933806635127,0.04555181051059818,0.01713950033523198,0.02013912426166998,0.005312745803907171,0.013598620684144695,0.000282128077135086,-0.004488325562947308,-0.00835675387608354,-0.0068724987605886115,0.0025363684327080658,0.002579325408163866,-0.005981742989455068,-0.028769290579111952,-0.01753238768958768,-0.016213777100291038
88,1000,1,0.023279008552422077,0.016265874986857883,0.029908352382679075,0.01990451715516435,0.010248756902640932,0.003169834634623086,0.006360000654105652,0.0007590072878124778,0.0012627760074584156,3.728639710883255e-05,-0.0007587465510477532,0.005753960065127602,-0.01908630498089591,-0.024726536876071965,-0.021256850895892552,-0.013953490320941208
88,1000,10,0.02483021558536534,0.019215033085518265,0.02471625477989311,0.018557281449704227,0.017259867354757544,0.0023269892354164006,0.004222886143083504,0.003573004121600415,-0.0007087374761664654,-4.437362304337673e-05,0.0006694778298312486,0.005664887945433211,-0.015367847102907959,-0.022313663902539842,-0.028422224520980147,-0.01775721769753243
88,1000,20,0.024925731677861336,0.01877720725499062,0.023012598365262572,0.01745060774260549,0.011233170229011309,0.0016177004454356058,0.0036378632525834163,0.0037643562234220634,-0.001481284845622122,0.00027430810941465167,0.00032154810949747815,0.007226075193213974,-0.01573038769006418,-0.02110390680842663,-0.03078387135747667,-0.01644682161307063
88,1000,random,0.020068918165347754,0.016328057221680126,0.01901671880639333,0.013572434460124232,0.01280812583591226,-0.000765748007589541,0.004373551293239088,0.0020274924456864236,-0.004143560421564201,-0.00308425584904876,-0.005261077261740104,0.005988807126500239,-0.017722993920969373,-0.015409995487037852,-0.0231220955019838,-0.019145859884995068
88,100,1,0.02645013453885556,0.01695514483174174,0.027120252242488454,0.02253891389677596,0.01734552806379073,0.0027343896447472506,-0.00013907816642684474,0.0026137021677565086,-0.004265548978446104,0.006821217795375049,0.0007425523744819873,0.004844740951590018,-0.013232264753432518,-0.025575089305085716,-0.01905221013726817,-0.015285700645981877
88,100,10,0.023699802965013714,0.018943804193644744,0.026478769945289127,0.017143361544851566,0.026648976878304313,-0.0005575701573940134,0.007844492142463735,0.0033655164353175097,0.0002968145125088588,0.0030988692970253255,0.0013232493033557306,0.005781337536256866,-0.015547078432963575,-0.01682890167709669,-0.030826147753704115,-0.018613125543400486
88,100,20,0.024447176566068974,0.02007677925021473,0.02880005532362986,0.015619881476398248,0.020451585311578903,-0.0026763460414100256,0.008824913183266756,0.003243732779088216,-0.001042059599949173,0.002674736265173242,0.0024642955858201797,0.006383723527515944,-0.012874366075785681,-0.019216579376241404,-0.03123592924969321,-0.01830367925721931
88,100,random,0.021022959140932364,0.016030780657490556,0.02869282508790132,0.011756788942633165,0.014434816328079057,-0.0017863559078701925,0.011712057100717979,0.005703840695093718,-0.0011501226596885015,-0.0008112217748206967,-0.004633552593400448,0.004549065350508994,-0.021705477234914155,-0.012305794031499888,-0.021798905388292388,-0.017777509768211075
88,50,1,0.02937354382471082,0.02199580542407917,0.028602479214562576,0.014244027917619664,0.026966375070778436,0.0003395378928559217,0.0005770871380382509,-0.0014240306977526583,0.003099387590073633,0.007474699500140807,0.0076886264760532615,0.0032399194042955683,-0.015679618309761306,-0.013329759711027789,-0.02773359521944744,-0.018740759415392508
88,50,10,0.02674367947313484,0.018199163645452186,0.029134855597928024,0.015873830561166914,0.022901389438038496,-0.0001802978575783205,0.000801307365412858,0.004596791483933759,-0.001794026065753247,0.001702404747454797,0.0032515997285451903,0.004719513610048426,-0.01725234401105563,-0.02288070692372104,-0.025381518764993633,-0.01716022154776611
88,50,20,0.0273690950027002,0.01915353965364625,0.027929454804067437,0.016449966601330395,0.026656243669037235,-0.00033040306533435533,0.004617609982729023,0.0025243750987201025,-8.354488563681078e-06,0.0008892094726265512,0.0030690606157517722,0.006586270572442087,-0.01322761329050392,-0.019031030637243516,-0.03072637796415045,-0.019636237628482614
88,50,random,0.009079643695560602,0.01458586959719618,0.011630307195005686,-0.0008299925478413393,0.012233665934914078,-4.5964379122659606e-05,0.0014360316051824438,0.0018214105757103644,-0.0014513903719176734,-0.00016531160047358193,0.00036312254890987796,0.002634291595878254,-0.015621930333214521,-0.0098695215301518,-0.011017887006530726,-0.00530536483956889
89,1000,1,0.013332402830063643,0.00954525022088502,0.014704197189454267,0.009902411748489447,0.010494990646587975,-0.015364808694802978,-0.00300893953084997,-0.002305198825709145,0.004480520632713806,0.0001979771100125252,-0.008151796291799372,0.0033279022032353376,-0.023375355201357577,-0.02448149466852073,-0.009913078050114875,-0.02762077565459374
89,1000,10,0.014168007836156132,0.016063079320967198,0.01808501393189083,0.008728254808157487,0.004520340993087584,-0.013106089450414245,-0.0032673906398657756,-0.0020141107920128316,0.00523658659746313,0.004934165964424163,-0.01058681304961975,-0.0032937288569071586,-0.023526774643334778,-0.017921213082019955,-0.010002941138695954,-0.031714025377793886
89,1000,20,0.013326543521847202,0.016723355160433183,0.018110975086078573,0.008044354927226985,0.003787208650536835,-0.013660878116185514,-0.0027786171362606522,-0.003416769060920724,0.0030929339184321697,0.004877006144715625,-0.010743626392499987,-0.004983875022148189,-0.023274035043350468,-0.01596421567994174,-0.009774538972841059,-0.031206621480256668
89,1000,random,0.014012273669082732,0.02190489183526999,0.02187605203467416,0.009585637799638764,0.00385359971447825,-0.013839650984400305,-0.0016743267319223952,-0.005361306736910053,0.002951171650190703,0.012698439254989457,-0.013941435396373825,-0.0051854853098998975,-0.02449853389935501,-0.013877254252851115,-0.01719637240705302,-0.026236503197480398
89,100,1,0.016884721599289585,0.01252329060213247,0.02176151033300963,0.008820196623496963,0.0019740500041829706,-0.011045372216792903,-0.0032982614117118125,0.000738854437372596,0.0018638820712437282,0.0031491869825241926,-0.015591300493830116,-0.0017911182087646594,-0.02265994881634727,-0.01718823135934935,-0.006632228120799368,-0.025214775639530812
89,100,10,0.013154411315608286,0.016429475941283148,0.016702039131019773,0.007659600465769211,0.002151921212095451,-0.009270711811394614,-0.004142589819482693,0.0005466160758797569,0.005699638526610696,0.003708791204126974,-0.012014912800310175,-0.003791658375108965,-0.022819464030816753,-0.016846876430566364,-0.010453271852548551,-0.031738192027603654
89,100,20,0.012181834410591775,0.01811757403735833,0.016936186828803847,0.009037358726578812,0.0016675137214888789,-0.009060669723620282,-0.003369561368548787,-0.001312985673651161,0.0032734757025607536,0.0018000600706657155,-0.010536865127072186,-0.004560454496198175,-0.023548208883794247,-0.015019102818512695,-0.011817558214943636,-0.030779744369380573
89,100,random,0.01164662329136253,0.021533502639789086,0.015059116066349076,0.000453591776113838,0.002633939329100125,-0.00806908885928957,0.005393435039404608,-0.0007405757018009082,-0.00037767735897359595,0.01641517344760119,-0.02035947406393412,-0.004073334611995208,-0.028466524339648674,-0.0032926035306089473,-0.018017085679074868,-0.021309057558498344
89,50,1,0.00987613335280695,0.018494858653053656,0.01566428684515902,0.00602344955778995,0.01014002225944313,-0.009266738976813712,-0.0001887053875825915,-0.008286235326616697,0.004764556668408532,0.014322719143671758,-0.006721294377411468,-0.00323311593117373,-0.028476304210489058,-0.030391254495163212,-0.013100090415407129,-0.03675366516208994
89,50,10,0.010509366504048838,0.018286997030186596,0.016405878511663665,0.00806795327330161,0.0065650603971796635,-0.011317266789251117,-0.0006452387475568816,-0.004587105088970666,0.0028832893756697057,0.0026809689248488283,-0.00812743146453896,-0.0028082664036643695,-0.028443048353159563,-0.013201621088863079,-0.007974692052532414,-0.03940864981882708
89,50,20,0.009956626389455632,0.018884358546479657,0.015496047806317149,0.007557190997122933,0.005872259867019764,-0.016340288882806316,-0.0006884855878001025,-0.007443304084044483,0.0004222565092826179,0.008436107746261115,-0.008543283733628197,-0.0026160599046518057,-0.03160016967564382,-0.010053640148259489,-0.009900670414348464,-0.03810231813527124
89,50,random,0.010238704691585068,0.02383041851852802,0.0295727729171409,0.014954649587091813,0.002472062221749725,-0.0229256634346466,0.0030624309539472668,-0.005895703355501226,0.0037770233749860843,0.017607039302962986,-0.008240505841404717,0.0020125736485833044,-0.02518413170233392,-0.01278627869592032,-0.015106612711787088,-0.01938299120356123
90,1000,1,0.031272213600955695,0.020671036174350354,0.016940958182858214,0.011567801666082497,0.009293257794350711,-0.010117223178228931,0.0069151905066326055,-0.007199729106219711,0.0055686511759064266,-0.005138370186745102,0.007594092284279688,-0.005136270924671267,-0.022202390055892373,-0.004996178788692094,-0.014536402090459965,-0.01020061392194937
90,1000,10,0.025292957469807774,0.019191121853028202,0.015864120283475232,0.015035527408532487,0.00557495230961179,-0.014458917037918507,0.004704595586876476,-0.003230006404114994,0.0035786249445272523,-0.003415396878602584,0.0017631441837150095,-0.004583543021339006,-0.016266737721666362,-0.013879355070673038,-0.014283191198148708,-0.010091271640587464
90,1000,20,0.0235703081558359,0.01867151812093684,0.01644931730405974,0.015122253828890231,0.00557038521127298,-0.013174924809836943,0.004347157905678821,-0.0020196812494472517,0.001543644377629473,-0.0041534919156752045,0.001751363599830634,-0.00471362265155488,-0.017253875141891622,-0.013204995687453576,-0.013683826374782009,-0.009730816416888362
90,1000,random,0.028185284021725963,0.021011562710825337,0.014340381634785368,0.00937733084868351,-0.00043755097329271214,-0.0008253995632752862,0.003974913881297124,-0.00161103340820393,-0.007622877436737967,-0.0037990245460512674,0.005198969800956125,-0.004736022049181479,-0.022668382487550882,-0.00690765265256907,-0.013007234499145471,-0.009885160817472104
90,100,1,0.023772016334241194,0.015893772816485584,0.010234499422687249,0.012549247120741966,0.004410566351456156,-0.016492139720635044,0.0010691022745919524,-0.010026307186060882,0.004247069541608986,-0.003828695332650422,0.0021713514246509582,-0.0042379288625929825,-0.009565550581901965,-0.023117356287626737,-0.019180364019697138,-0.008830268004285524
90,100,10,0.025435944005649674,0.019176518836032982,0.014242854189346234,0.01162091122203026,0.005289481612718772,-0.016248319285491915,0.00025083517529007963,-0.0038847750137399532,0.005004048976370239,-0.002278771176778701,-0.00027238244915165125,-0.00316354416927652,-0.018609906204009426,-0.020651961080390125,-0.022066230666702335,-0.0108936658649013
90,100,20,0.023369240546876738,0.019231586541027017,0.015481676858297256,0.015350883518018603,0.004594123615445062,-0.013500184745459644,0.000877498670316634,0.0012115981290118918,0.0030730418216543295,-0.003590874844680325,0.0001546422096539105,-0.0036012944347806673,-0.017885881330825592,-0.02228353565431545,-0.018583309336448528,-0.010759834132492832
90,100,random,0.0242137891570737,0.018329049505505263,0.006998901885307892,0.015392545944289975,-0.0009547736020634184,0.003939775905424982,0.005204730971347296,-0.010109424256597731,-0.006051577878471767,-0.0029574731364984184,-0.003845364854800626,-0.0027825900859931273,-0.017121181499485945,-0.006940518921297531,-0.015182663453889333,-0.010262567915094733
90,50,1,0.034969492803939496,0.02472348972176461,0.019630499444382048,0.011820397528589767,0.0046602644908386075,-0.024577719239209383,0.008247129450859236,-0.006380867775486443,0.0004172114119385811,0.0029530565169154075,0.0004807647428403597,-0.012193243327348897,-0.013868080749055977,-0.013250168446114562,0.0025812011983682623,-0.015275825238808601
90,50,10,0.02192459495333873,0.01837991019469297,0.01725789255550938,0.015587720703117775,0.005923000811589616,-0.020620090026150555,0.007572715734303131,-0.004076962294344982,0.0031885033996682534,-0.0030144138063874976,-0.0011479674734784383,-0.006496997877428636,-0.01704628906908756,-0.01603642098702089,-0.009077963414470695,-0.010235398466516358
90,50,20,0.020168762815963238,0.015711591329987964,0.01808630327389662,0.01754476774483118,0.00546163213231303,-0.016696581486292314,0.009055876345162863,-0.002867519664870426,0.003976791424708017,-0.004630311601025009,-0.0016824658745946564,-0.006739259892302855,-0.016866815443678823,-0.01051515779193699,-0.00689212347022151,-0.009083533014061257
90,50,random,0.021940553913202678,0.02912747834587177,0.015573184826764013,0.013631508352858878,-0.011290584296182968,-0.010998861765876784,0.009885827082402121,-0.0011690628111340868,-0.012644404321423634,-0.0017461651913560487,0.0033399285543849752,-0.0033454994988734894,-0.029575175710777824,0.0030052622950974685,-0.008734719475498143,-0.0075608911528611475
91,1000,1,0.019486742670477362,0.01732090818142903,0.015816955721900713,0.017148979319983132,0.00813615758052381,-0.002236930487078947,0.0034655064275101706,-0.009427502595713755,0.0030031497926686244,-0.004229372286217355,0.01683316889684355,0.007932298885436567,-0.022712142725717848,-0.015456965458981207,-0.008575838697285672,-0.004152397452118931
91,1000,10,0.019882653977491924,0.017095951012876715,0.01406723348647662,0.015576619743641622,0.004563225469898871,-0.0006116419502776018,0.0038890938672789975,-0.006383452814832201,0.0013276790509662167,-1.3696952193770228e-05,0.009673158575535327,0.008153550545569061,-0.025610549787210255,-0.015058407860361745,-0.007396283207446121,-0.0078033462205553
91,1000,20,0.01905970810881578,0.016464504458690746,0.014010235183962218,0.01599003676350547,0.004067338467459432,-0.0010303527919222275,0.0038169985569918006,-0.007081141034257151,0.0010971314956913075,-0.0013492366817989157,0.01093225786593596,0.008512210034624625,-0.027068212956221218,-0.014704736019169834,-0.00672405520407447,-0.00763972004331177
91,1000,random,0.006851049754139785,0.017049323645488283,0.013187611797524569,0.016649547066645815,0.005776760661183033,-0.005455847932482513,0.007183843405196892,-0.009285160501351732,-0.0026380080465004305,-9.388835209931804e-05,0.010019210400755828,0.004258482793712451,-0.01921437209066744,-0.011190714701303128,-0.007120997805539939,-0.00469320085794606
91,100,1,0.014809670819822332,0.01466374886907827,0.015101539591535844,0.015606317340814685,0.0015220896814104464,-0.001960248843901756,0.007100827925969572,-0.0030813918534277887,0.0013652881738211169,0.002321844890550618,0.009488059699560378,0.006846290521816875,-0.03152464238463346,-0.0144060064252548,-0.007795494979959504,-0.011656268857725131
91,100,10,0.01986832141031542,0.013669047663887341,0.01459335081853337,0.01580491379945718,0.005766697696974453,-0.0024889007161144044,0.007515040731216218,-0.007338884089140538,0.002477935761051633,-0.0009374753761164779,0.013198252314664738,0.007115852775584828,-0.02523181226584452,-0.014271883975849026,-0.006459176231727877,-0.013196915285449331
91,100,20,0.02028791328529862,0.012079741481397047,0.015253436430797173,0.016808036993354616,0.005418153109879197,-0.0025729203107663244,0.004907663279115689,-0.008351405427906858,0.00218299087912334,-0.002258417420908,0.013014983142303198,0.007483836115505457,-0.023091611143516894,-0.01784218397410261,-0.006307417585175858,-0.010700828986843285
91,100,random,0.007949392944817347,0.01665071828175409,0.019938892810581005,0.020699222762996516,0.007125483884753852,-0.011434526384976577,0.018975466289473646,-0.020417458191428244,-0.0012910087374779949,-0.004149057406146346,0.019787815332827936,0.012540570735789045,-0.017239652160018135,-0.005205084490550793,-0.0012060099864331874,-0.00912090226592436
91,50,1,0.022904793002496992,0.013890481980713075,0.007294210047147537,0.013477257331196136,0.004191772453009833,0.0031729097365893566,0.009308692540480461,0.0017164270202326833,-0.004404030113753839,0.002464708020918863,0.007355797149448512,0.000885369151929148,-0.020687219198757694,-0.014006857071738352,-0.0036280231417666594,-0.01151892762796868
91,50,10,0.02275402386384843,0.021259756202283608,0.013327780223352806,0.014086350320459348,0.0043064348959920605,0.0019339504499665946,-0.0002135553615910308,-0.003135312204995304,0.00024982737280498544,-0.0016262875048161341,0.01090880749694904,0.005897285436561331,-0.02409684981204984,-0.013140789740172337,-0.006318165652343728,-0.005047840407408358
91,50,20,0.026684479365020265,0.01769328381012383,0.011946954962281502,0.014691709623777806,0.005479271615347458,0.0029403147238000306,0.00033436045635520223,-0.006510844794951809,-0.0005504246046474549,-0.0037155761909783884,0.012052135899671,0.007733152323147274,-0.030906108813065897,-0.012705570461268526,-0.007896504620725723,-0.00868330214421856
91,50,random,-0.007045337612932418,0.02772205066600467,0.012660788551693643,0.019592189035269488,0.006022885730037508,0.004850392041563312,0.0020310585948489436,-0.01846290833313973,-0.002787560221248746,-0.010806230194376517,0.011067722014993208,0.007095521909471295,-0.03282935364385002,-0.02184393222958148,-0.016238751666204674,0.016598983467919562
92,1000,1,0.017954477872224737,0.01780126965271268,0.030972518106859734,0.024075640537519122,0.008042226926984157,0.0024692056732967178,-0.006413460707713918,0.0023142939222755873,-0.0042138885966947195,0.0073510770864180786,0.007498719738990907,0.001789984155041229,-0.017566696727225568,-0.028363230539137658,-0.013660298439400836,-0.009133948897224412
92,1000,10,0.023125301722957937,0.017630203918521898,0.02590249221515939,0.021337515958547822,-0.001343035606251693,0.0030294346492603552,-0.006729101745348056,0.00031264751841093933,-0.0017714918326948914,-0.0005642831427479292,0.006178275860458888,-0.002195646202795934,-0.019608078890613116,-0.024121230684113117,-0.013960346663271528,-0.012559486649419437
92,1000,20,0.02227244934791214,0.017373853297369134,0.027221928665165037,0.022021416362354728,-0.002830428747797517,0.0015601743112125116,-0.006726634243717954,0.0008766785546191309,-0.0025963938449474868,0.0006870305609168103,0.006129895598404102,-0.0013121320035025291,-0.019758370192466887,-0.02305770073746742,-0.014502597652384156,-0.013429443821125386
92,1000,random,0.016173251101368368,0.01608596279216014,0.022344317216024576,0.018730317125678776,-0.006965485104088175,-0.0009207707588848792,-0.006238402308868016,0.002205243494718205,-0.0019980461371235255,-0.006876372039097876,0.009094600798540829,-0.0010358313251521386,-0.021690537716962104,-0.018042684490028434,-0.01171813260935722,-0.013534147828129025
92,100,1,0.025170667230827257,0.01958429365749827,0.028926959192716685,0.02300743191029114,-0.004185054020819193,0.003930024944099959,-0.006299505345183057,0.0029486746339836348,-0.004489829442668917,-0.0028927762261059756,0.00721050237372661,-0.007242435302993559,-0.02242335707999837,-0.01779970625672495,-0.013155922567322252,-0.01504847215141849
92,100,10,0.024193633214636783,0.018815838118262707,0.02645593218679106,0.022143398586834256,-0.005187180972574146,0.004122147835006979,-0.008379005092061912,0.0008284242587836199,-0.004160737575942769,-0.0006988522575998863,0.00716228742729203,-0.003251047942040565,-0.017787562526142574,-0.02738172973845087,-0.011453986779432502,-0.01711083758310745
92,100,20,0.025026655163444798,0.016628945239962424,0.02728702208881591,0.021976135528750693,-0.007465268245665932,0.003609868216565211,-0.006111874338115682,0.0012390663575929475,-0.004111902993837518,-0.0009392877581574947,0.010429209168177076,-0.00265073698266598,-0.017528264494657324,-0.026844745715032294,-0.014963941304306323,-0.017394244091152748
92,100,random,0.015534388136702307,0.007593484597146288,0.020266137440251276,0.021515141548794896,-0.015720234128187034,0.006097903100067113,-0.0034698545810149667,-0.0030759913523062117,-0.000328460245496572,-0.020557027900776563,0.01429194791754789,-0.000556781994472094,-0.02404185431120706,-0.012135962865342007,-0.010303026652564638,-0.018434680516023844
92,50,1,0.034356222233116004,0.017430069644128646,0.025193478215864082,0.02347906107607824,-0.006396989498161777,0.0040184971823673445,-0.007948475311548981,-0.0022396817077955235,0.0002569664940077089,0.008440624431513853,0.007038312312501033,-0.009266901602161422,-0.01966335023796715,-0.03548304118020504,-0.008735309035743747,-0.015153676567199749
92,50,10,0.025102730413322845,0.01930041898787579,0.03098185252171018,0.024216619432986707,-0.00621918203521938,0.0024623312135853667,-0.007308908321098654,0.0003583505600101194,-0.002020467199106503,0.00024519083194123227,0.010188814249378826,-0.0011853656954868724,-0.0216318608001765,-0.02403116391919148,-0.013346063053746679,-0.015488878746319327
92,50,20,0.02424523230933143,0.018081913944929636,0.031809148352496985,0.024750448494712748,-0.00554690854116589,-9.710601116462316e-05,-0.010102624194769778,-0.003028219824768537,-0.003129583382408683,0.002226980905153248,0.009356613391939383,0.0030196592009436446,-0.020239224510817947,-0.023329003198482818,-0.015490562631726016,-0.01646995225522192
92,50,random,0.004286952531579805,0.014511615631014257,0.016561474454814283,0.014812063420579788,-0.01095725373664034,-0.002715570666057911,-0.004254934854214577,0.0009173069419525337,-0.00290264622191869,-0.005710346509187232,0.008346375142640266,-0.004087357646876554,-0.015585881554869578,-0.007610275580936093,-0.004589225663973334,-0.006195485926299193
93,1000,1,0.013626675088919436,0.023782303244143755,0.02063039213784294,0.010033454270567198,-0.013603784752021494,0.004513645219885173,0.006230458044996566,0.00189003661702562,0.004560860101247802,0.003300368179068597,-0.008077653634659756,-5.00033672616019e-05,-0.004103871582062652,-0.017889731562246117,-0.011356405266804454,-0.009248672274165579
93,1000,10,0.007393052842956311,0.022548291405328626,0.021826293736715643,0.01639198749905595,-0.014685881162115843,0.0039045001211997143,-0.005698303058024835,0.0040680554062970655,0.0034652469865326255,-0.006468715907912811,-0.006414175059909795,-0.00321384059285398,-0.010928260859447913,-0.012487751682463724,-0.01086937606229795,-0.014231926520387975
93,1000,20,0.00734204633041126,0.021835483555540408,0.021308935364403897,0.01642777575116849,-0.016278720966053834,0.004230169950056951,-0.0061562561558605915,0.0038581547939888494,0.003525899974662008,-0.00644735307813186,-0.0066760052638715865,-0.0018631859732028443,-0.012179499101322737,-0.012128801375209778,-0.010640507314443645,-0.014288702984918326
93,1000,random,0.002199247596802656,0.014609942715256855,0.01672607818096454,0.012414875102002102,-0.01307747943170705,-0.001868183940507749,-0.005879962252836105,0.006364431699838096,-0.0004919889713420273,-0.00724742922291061,-0.0068493991641974785,0.00017343609993346277,-0.010683046620537791,-0.009992128357175464,-0.009764086583702826,-0.016265084443243007
93,100,1,0.00926498236130207,0.0266693884704179,0.02527973124199055,0.01775824867178859,-0.01250197927910336,0.007192266589346079,-0.009259986599997399,0.0037517026126167737,0.007802961889149106,-0.012206756803794308,-0.014392575355982701,-0.0030991826876787068,-0.01582170258919684,-0.004598694542922045,-0.009187299187561138,-0.0173433659928186
93,100,10,0.007987757565575425,0.02459409644784342,0.021747654773622935,0.015694338677501172,-0.01053161032286913,0.004098026508855688,-0.00715587848925661,0.001457803946627562,0.0064255594019675105,-0.00863993504367971,-0.010206991847945834,-0.004251475901798513,-0.011927289079142932,-0.010538081897720914,-0.011363434380167667,-0.014760983961671326
93,100,20,0.007633631099997455,0.022711481929049468,0.021960119006850562,0.016807202475670153,-0.011500184109906,0.005786093317463271,-0.006588019046135745,0.0031181802990617714,0.005983284850680628,-0.007568225691039123,-0.008282110517604102,-0.004311176243782437,-0.011641798194601352,-0.009588203764797834,-0.012016120012290729,-0.015641903167553074
93,100,random,0.006596717628748401,0.015333253281996475,0.017160384714263635,0.012176376675995873,0.0003979626859753955,-0.004504870623190569,-0.005667574101506476,-0.0006035944220846124,0.0009950055673253013,-0.010690240710041597,-0.017115092339548676,-0.0028051152254906656,-0.0068924243706153104,-0.01651467300197126,-0.015107450129727073,-0.021046405697969818
93,50,1,0.0051425336383452295,0.0197806608616399,0.01898032779596284,0.0179722262515343,-0.007197321436226587,-0.0015373824795492663,-0.004245938021203018,0.0004553920513516388,-0.00041772918468370825,-0.015611909956249637,-0.009035474734317114,-0.00021207492093406664,-0.013159993101920371,-0.011858616262872832,-0.011479628212023894,-0.023270115399909558
93,50,10,0.00693713882661613,0.02339300884466289,0.02061152611733642,0.017424358209011948,-0.01732508607651534,0.0008979511825800046,-0.005303494922168219,0.004453119351056809,0.00012001168518777447,-0.010829544625769906,-0.0061914985729322755,-0.0018564029334307145,-0.01361681747360705,-0.015020090669625365,-0.008439445040475795,-0.014465998636379318
93,50,20,0.00675716339443733,0.02189069740020897,0.021077276779690235,0.017941842474480475,-0.016504672750509666,0.0011423019956056614,-0.00909341638696834,0.006325721888751734,0.0019951576265005637,-0.011822909627072857,-0.006532547189666398,9.542127395610858e-06,-0.01551613843615801,-0.0158113684031858,-0.009203262374402594,-0.01580937773280412
93,50,random,0.0003565450343239172,0.012620736619351959,0.02784165351814942,0.008545438589645498,-0.009757421113341514,-0.0034905710396443378,-0.018518422493955584,0.005937791305030008,-0.008265154653728068,-0.014777125266006108,-0.005414736072251347,0.008938038870173217,-0.008812826893418757,-0.009284637253532749,-0.01438896449445755,-0.016170999684090435
94,1000,1,0.022453628611361968,0.01640570422423361,0.01877301685678603,0.010967240398925084,0.010167393470021494,0.006536531481616432,-0.0011543030775068614,-0.0006757048043409473,-0.009201585468290141,0.023979803190266887,-0.0038871895640313235,-0.006068914208739652,-0.02013529291702882,-0.024622747896591534,-0.009647396498460373,-0.01960919030832741
94,1000,10,0.019560226880268566,0.012662271214573004,0.021431519549229665,0.0169813244958969,0.0037618856650664147,0.006825233316325876,-0.00046710711603428296,0.0014598954872817344,-0.010417006379755055,0.022709327897244436,-0.0053059431004575846,-0.0037249758254923894,-0.019722920973954852,-0.015521137531290596,-0.010372915355745303,-0.02734265655629859
94,1000,20,0.019936905990930134,0.012216233726422955,0.023110943505199717,0.017350585094205163,0.0030941431575902474,0.006047196556566999,-0.0013822782993366098,0.0013223020252644364,-0.011064009870120354,0.020045477564039817,-0.004975628880237294,-0.0016924608508572913,-0.017344991000948645,-0.015580250746631323,-0.010599632374576147,-0.028845435265627564
94,1000,random,0.017364712292003353,0.010124416847552716,0.01906326272648824,0.014765334824389964,0.006163772533871162,0.00588727044360768,0.000708802104836769,0.003588822199724755,-0.018593584941416295,0.026825640325418187,-0.01058185530090588,-0.0009669275995648696,-0.00792624398941988,-0.016442517165459726,-0.003940962966748928,-0.030405040356756827
94,100,1,0.014838091516397351,0.015295200540450029,0.012476349856664471,0.01733708625447285,0.000621084311799821,0.007974020513781458,-0.004061314948421351,0.003675612847498541,-0.004295698477967475,0.020426608128479868,-0.002798545488564255,-0.001351217976599784,-0.01744574494199471,-0.023620601725875823,-0.01690405935920287,-0.025474682687464844
94,100,10,0.016744842865723468,0.015508088383836686,0.017399675885067984,0.017873329899619903,0.0027809936442669742,0.00936841313973171,-0.0011949930025465046,0.000958931187363066,-0.006243626226903341,0.018575586589857376,-0.00033629630716950444,-0.001872281717218311,-0.017150929960403752,-0.01680730615583349,-0.013705144472909258,-0.028242500920956964
94,100,20,0.017955351986817206,0.013705614165700727,0.01965458080564428,0.01768688606695519,0.004106761789930204,0.008194102216032673,-0.0023784689938361986,0.00029129722968738206,-0.0070365885635754015,0.01990267929817934,-0.000771919927111459,9.783598033450754e-05,-0.015925611621555116,-0.01772134461187179,-0.01290377738399865,-0.029901371918249115
94,100,random,0.014316563482396795,0.014245605237871448,0.014468183074410865,0.017357763470307503,0.010867314101150284,0.009558020941881705,0.000680823616505627,0.005330940171930562,-0.011359723629744668,0.0424471393957066,-0.006652665204415227,0.001412328744627293,-0.009545018335089124,-0.012701927696421877,0.00524229742163712,-0.05666171684235203
94,50,1,0.025532561471481627,0.010190382773589045,0.03520444032168983,0.013400494149730633,-0.0030851285660122426,-0.0017281601747604748,-0.004130846735791184,0.003596435412984185,-0.008029274997226651,0.017147061479071857,-0.014021660347861599,-0.003024059401495,-0.01727246884249497,-0.01676599588294187,-0.009610822886543628,-0.023659460737907406
94,50,10,0.02045615039516021,0.01595797326690597,0.020435124530681074,0.018255475038331317,0.001937834388954332,0.0027768483030174286,0.003037734595742026,-0.0025832453007601348,-0.012109568789822249,0.021959245558764853,-0.006757001021587713,0.0009756730487697748,-0.025381346914564364,-0.012289357595826578,-0.014034263270991885,-0.03567961673298317
94,50,20,0.021142321117451044,0.01363811685435864,0.02548413034164157,0.019721306155237588,0.00037154497455055453,0.0022688695539209826,1.8166051324702252e-05,-0.001591421022108995,-0.012382467723042693,0.02020412298512361,-0.0058397190298328065,0.0019291113378167675,-0.02322569129805573,-0.015094868234088395,-0.0128475955580757,-0.031410171767737895
94,50,random,0.01778187025264953,0.013017015795541237,0.031208482560372473,0.013680892569876367,0.00713526728656706,0.0010236496395220837,0.006689798978497588,-0.0013808784520657007,-0.01518667212509252,0.028254872308723943,-0.014710729706574173,0.00015724451637201363,-0.0043634076953817,-0.025092252221299717,0.0009476766170757164,-0.01957927663898343
95,1000,1,0.014859430086818724,0.028143747510950348,0.015964651467084968,0.02088123131247618,0.004591232753816169,-0.01340112256423585,-0.001379882929180516,0.00417200937321409,0.010940698785249892,-0.00790920233180434,0.016355249420021787,0.0017472568246221,-0.012405683799343061,-0.020484187793511542,-0.017460470606278908,-0.01392899498646305
95,1000,10,0.01379067323088724,0.02347635258762641,0.018112089086444898,0.02191339963201427,0.00368190829743231,-0.006953031130608726,7.506219207523313e-05,-0.0014882312596759815,0.007409363570799397,-0.005574348748298699,0.011757343136850402,-0.00016227035190479762,-0.009382901138208628,-0.01576851649500895,-0.01636961066599194,-0.014143305904930075
95,1000,20,0.012657219276560428,0.02265425612723521,0.018121400225809173,0.02061503225163656,0.0038475610613204494,-0.007429255770987879,0.0006718573039621043,-0.0023233241560798507,0.0076244531311113585,-0.0051455250943776695,0.013027489895476793,-0.001262421511618106,-0.008344465926867774,-0.0148332863455112,-0.017547996434310386,-0.013146251391083184
95,1000,random,0.008725515306654455,0.013464402402543822,0.012430765800720674,0.016079377830399748,0.002449288686849476,-0.009761081301022247,0.008466154196691038,0.0010853502173338752,0.004230141365977191,-0.007477765052055934,0.004266149625339878,0.00015662870619370737,-0.012739689863493378,-0.01017579506726159,-0.02677593454135351,-0.004663434681097212
95,100,1,0.013185306087289293,0.02375004510706056,0.02518205396640775,0.02387424675450642,0.002906858039957311,-0.013568835719990024,-0.003996720909213576,0.00047259649078244917,0.00944333072094571,-0.008083108847223975,0.00916893632643252,0.002793852576746176,-0.008518093998176816,-0.005949618786092866,-0.017356451407143297,-0.01729685931612466
95,100,10,0.01468213517430624,0.02307388418879321,0.01882898403760488,0.024817261956144095,0.0026601195634939506,-0.009680130695243084,-0.0014005458082331384,0.0010060556606019857,0.008390624192528926,-0.006309226978367455,0.014070675056993425,0.0014407601313732078,-0.0064159074388570525,-0.018042602476358104,-0.016659830990117704,-0.01486863593305868
95,100,20,0.01300475527677108,0.021180346013573367,0.01842913674897076,0.02114837106472391,0.0037409578882814957,-0.009698413335645778,-0.002234769641904981,0.00013511587765551635,0.007347986405632125,-0.006956691626494482,0.01220774110282878,-0.002081347986008063,-0.0035519069943794825,-0.0194935925773795,-0.023918963810583182,-0.01804855659248274
95,100,random,0.010135519589610559,0.016549144248662755,0.012855672665269394,0.015608868561439684,-0.0010264779040126098,-0.022879684036824714,0.006862647858396271,0.011657117032455143,0.006566542048287801,-0.0012117702141138534,0.014388572444326527,0.0005404081192883171,-0.007739886403026151,-0.0051447325437028275,-0.027528005621360527,2.061232607958611e-05
95,50,1,0.01164544752526929,0.03195094505127401,0.014107689147697933,0.019661866166683806,0.006983124143074288,-0.0046115271023924416,0.0010751614666647089,-0.0018400638136688748,0.0063011110555565835,-0.005265669807860478,0.00813385346053535,0.0027641438859097576,-0.017229894793743945,-0.01099494686547591,-0.027612417633844248,-0.010754809791268754
95,50,10,0.014128352945164725,0.026276129691564093,0.014892334439679064,0.021348103210720008,0.003229335047611982,-0.01435809988703728,-0.0007694422765022764,0.0027328380849647098,0.006899522680295611,-0.010510810138332223,0.009227335440842315,-0.0017008822731560897,-0.00983617561910473,-0.01482655070565341,-0.01881358959799191,-0.012637044336605325
95,50,20,0.012299550540920296,0.020793897062335864,0.01631897332531519,0.01707097001941944,0.005117070878432498,-0.013194121485974535,0.0027474140561682303,-0.0005135761353399107,0.008131164778127531,-0.01052413768820406,0.014603615636453798,-0.0007540911393847258,-0.006920927669707328,-0.012070185519997919,-0.015544610644803768,-0.011253710122546187
95,50,random,0.0013192009259062993,0.018071061519562354,0.016192995381360813,0.010220663107355228,0.0003132018506665818,-0.025403280805457524,0.01229290531654142,0.0037385163509364794,0.002200241952874466,-0.01553104680102606,-0.0010285840419784632,0.003073727719089062,-0.021146137859135102,-0.006012162670597393,-0.03240534766737251,-0.0055854376275724935
96,1000,1,0.017936117431761094,0.01819914495825409,0.026661399582534065,0.021656076529032748,0.006389270653966235,-0.008202777641083105,-0.0016796550990118397,0.003168186250867911,0.009328122533650653,0.008747132388859682,-0.02004278905651407,-0.003445427205926098,-0.024242679807448524,-0.022301671664820753,-0.018928883583666217,-0.020088535871815933
96,1000,10,0.017318548702324084,0.017654423233856187,0.022200930778936687,0.021621648213834464,0.004429594390657731,-0.004182759472288127,-0.006663463311176687,0.0031069673121269983,0.0066782352766289,0.0016217739183720312,-0.010382223369876258,-0.0033559138493073513,-0.02443084612384812,-0.025620029812288603,-0.016063888920237683,-0.01739564499769951
96,1000,20,0.01688421695260281,0.018562660467758677,0.021286016672415257,0.022670763122277678,0.003760954445053896,-0.00312241651482492,-0.006841276336359774,0.0027950730985777683,0.006446174439358244,0.0016740624356418468,-0.01089923820644659,-0.004167834540362257,-0.025418144568971807,-0.023941805758546143,-0.01612593926463971,-0.015762063756009092
96,1000,random,0.015620613014741906,0.016431782753537783,0.024197324952495054,0.017705938716288883,-0.0007866625151250123,0.00556158120381106,-0.006683863759459281,0.006637720913854206,0.006785392331451961,0.0025037504418463806,-0.01732152453212082,-0.008553417418511384,-0.029983488012181692,-0.015815165759927606,-0.008911540445455697,-0.01971313627785312
96,100,1,0.015691801638250576,0.020591162736234285,0.017573234655240702,0.021756078365970453,0.0053406093942179236,-0.006076658513576434,-0.0034721058034598903,0.002156114782373432,0.005988313759326532,0.002484545573912872,-0.000758843810901669,0.004447563758328907,-0.028469371582099324,-0.02168077639140774,-0.015038385060464647,-0.015741033062935193
96,100,10,0.017778979299794898,0.019012237962501746,0.022532326573831564,0.021694177443721742,0.004687049021166612,-0.007104481340523911,-0.003257087354850027,0.0028510426237619156,0.00727796576632942,0.004132393418769203,-0.01081479952213259,-0.0014143750106569712,-0.025927098000311212,-0.024823753058491976,-0.017875997983093302,-0.016723326299640698
96,100,20,0.016311912337317564,0.023048722417800135,0.020399891995799137,0.02236941464612423,0.002393517977473544,-0.0035012595475714388,-0.0036131220288637914,0.003027348647726182,0.006087796847858615,0.002558024112157198,-0.00983559459936187,-0.00393903918218005,-0.02672806297830164,-0.021627727271915403,-0.016497821975615397,-0.01313845623524855
96,100,random,0.017001843124715976,0.016826945731537278,0.02491334868546623,0.015415259326280063,0.003523523019532999,-0.002307266062074854,-0.008209813921745215,0.007511492388423038,0.0018821800630318263,0.007756564506292719,-0.01720744701560286,-0.0009855385643811388,-0.0403526468749455,-0.010546483349953905,-0.01589498489302809,-0.012009510999729677
96,50,1,0.012878246750049761,0.020747494297187544,0.002246971777177444,0.026221795729241475,-0.0038622168898086416,-0.001270692235172036,-0.007074162738099834,-0.002692476297392454,0.0035707218010252667,7.767258061161074e-05,-0.013705666181654995,-0.008506563142323915,-0.022249216411640776,-0.02502006281428051,-0.021577194737929933,-0.01919898489028645
96,50,10,0.016396574205310207,0.016989808753658023,0.01600854364099018,0.02392545863255437,0.006920937607411961,-0.0012088167033952012,-0.0028039686654717957,0.0004624172375878553,0.006263683126163743,0.00024446520608949635,-0.01304493405214836,-0.007410871435645364,-0.024551224639895012,-0.024303532597241564,-0.01927003238448796,-0.02194940720051644
96,50,20,0.017555069564602087,0.01844424372816844,0.011469892029265821,0.02049910089875065,0.00729943443336428,-0.004091191970743853,-0.005893623638819547,-0.0020181609462788944,0.0051575235658289365,-0.0006001394751388319,-0.01375045235666505,-0.005660218000055949,-0.0220754114938023,-0.02204898044175988,-0.017129568266970634,-0.02059951111268961
96,50,random,0.022162145806895416,0.013264179819574723,0.015156130847614123,0.03209995029510367,0.005633713520621044,0.011352688391863113,-0.0005164169094864423,-0.002630787402943088,0.01163952239572521,-0.0015834171351438377,-0.02457479877450455,-0.023025694472679603,-0.03313638985355297,-0.01897792081857238,-0.01153399605118206,-0.01730076517270943
97,1000,1,0.01595187749779558,0.023147035754511856,0.011881041441696074,0.020644502611462872,0.0012976027413487256,-0.008749284394293493,-0.0012969398947809178,0.002103788887723089,-0.0007464808029776323,0.0013453824594677564,-0.0004696558418278261,0.00886838441690351,-0.028687842268755072,-0.005583029235060583,-0.020507342092544244,-0.046824661208328136
97,1000,10,0.016682646369188092,0.018660564726987645,0.013882894118423214,0.017071678784870783,0.0008124185992257677,-0.008482162591025768,-0.0021946969474306156,0.004756946648474317,0.0013962020937685919,0.0015904489491034833,-0.0027664928900302367,0.0039723271717502315,-0.0273540106591867,-0.011375528828875176,-0.019877498335694226,-0.04189899489152585
97,1000,20,0.017499763532998865,0.017773664404523343,0.013884974743776153,0.01769086947513157,0.0007396590988417153,-0.009845644823049607,-0.002386021495192096,0.0049512432125467815,0.001261349067266077,0.0010215206114428173,-0.003796952168500394,0.004208166768189579,-0.02701009755032111,-0.012014027818299668,-0.020176163428498303,-0.047170472804026656
97,1000,random,0.016934179273479576,0.01148930631283294,0.008378134525830827,0.017295776950252098,0.0044836778716149965,-0.008256215353796795,-0.004664745911410495,0.008547992483378683,0.001382575984199855,-0.0019347181078124135,-0.0019975257885955313,0.0031099725300028328,-0.03676634223360784,-0.011707499126263754,-0.01242807875026401,-0.054236442219957624
97,100,1,0.014292401899484395,0.027124609707188153,0.014248769423433557,0.01494203604033007,0.002193396798426453,-0.012287039298575123,0.0026390255632530195,0.00961066373775862,-0.00047878104369668967,0.004456142212266467,-0.0045780220456011,0.004414614591067378,-0.037864638454243656,-0.008988363793482073,-0.012454793293791922,-0.05133720359535125
97,100,10,0.018026870290155178,0.023413972696426026,0.01413246206159292,0.019639114710151718,0.0029712581879327887,-0.008426741819432433,-0.0005632513960265759,0.004662421928371196,0.0010133445428850167,0.002779901976847043,-0.0018626731767919468,0.005401489636082887,-0.03136821959673695,-0.009297262635316208,-0.017053107098495942,-0.046669158799148534
97,100,20,0.019537015338058062,0.022145946415170134,0.014699539670833893,0.02073266484316971,0.0034982975687418765,-0.013724391241322869,-0.0003423434590542153,0.005824445411973598,0.0018708514658703239,0.0020179219548330483,-0.0038363118338429537,0.0060431228983831055,-0.03449957303573975,-0.011212731397372774,-0.01863994394170725,-0.05126950193368994
97,100,random,0.015933072720602334,0.01120418990081076,0.011534830269939084,0.023671300291753954,0.0012675015188870662,-0.013615981453874748,0.00384059635157422,0.0071371542906506925,-0.0006893275986509781,-5.923833670163558e-05,-0.0021154134640868844,0.007583878568936747,-0.04115494761346616,-0.008571916669523604,-0.010789322577915782,-0.08318586356482989
97,50,1,0.018972750808671803,0.013992477163282988,0.02128595881320594,0.012500194643295862,0.002071568927469525,-0.004651537771999863,-0.010247041733302908,0.006702881817527236,0.002408242325297038,0.00944675289802231,-0.0022433965436144355,0.002552034281230638,-0.03639212764308058,-0.019073802135081572,-0.008930547550798603,-0.03346074915828546
97,50,10,0.015531096420647168,0.01919683610676029,0.014283606687791581,0.017748856652056905,0.003224433060211933,-0.007672980412421936,-0.008429028528230784,0.005722437736528599,0.0004152260968191175,0.003204072144231057,-0.0036426281875448947,0.0030399598603569346,-0.023575711409705213,-0.014620000150715426,-0.01719440787611216,-0.03103791844982419
97,50,20,0.017214221175109734,0.020234105758146364,0.016477785085095415,0.01940450302081175,0.0058148447929599655,-0.007343761305990766,-0.005675629759471691,0.0055332763300780345,0.00040848258332494526,0.0019578766680933245,-0.004956515429169134,0.0029810054410187984,-0.018435613223928643,-0.015310655713660127,-0.0205854503217349,-0.029178347031360158
97,50,random,0.017686381434907195,0.01749710281421443,0.010237480292563514,0.01651753803495778,0.0105507193009733,-0.013654939280940977,-0.010676695661753248,0.010723981908959204,-0.006214335420586606,0.008317719667997778,6.227711565364591e-05,4.405673792106353e-06,-0.05098134486206615,-0.019735700861315215,-0.020130285002276333,-0.026782694440032798
98,1000,1,0.010999799279058383,0.009074766325931804,0.03408150027191397,0.024971103302176504,-0.007373304648438659,-0.0014687893361355767,-0.00422519504144068,-0.000927737143028888,-0.011802638926017357,0.004007611181273568,-0.016778508680492854,-0.0046825092039452,-0.021046101038393647,-0.024501225661299857,-0.012215131579986972,-0.035957869349258334
98,1000,10,0.01459135640367695,0.01333091711579108,0.03060566718597636,0.02412602121471303,-0.0025474600535872966,0.0015977793306276144,-0.0033855541306903494,-0.00299636257847237,-0.01358121006159622,0.0017082606763752848,-0.015025827872532042,-0.00029939316291239127,-0.01881424916628655,-0.021477249755701037,-0.014568470078301391,-0.029604670112259
98,1000,20,0.013922261114019563,0.012975535831968801,0.03320116331585004,0.024062770794745357,-0.0018635314408996617,0.0005356743210553359,-0.004435686736875936,-0.0019998544135724386,-0.013199640393139974,0.0014197965096223867,-0.013463379046507042,-0.0006533924966718837,-0.02018405913462443,-0.022219123331733398,-0.014150838316738211,-0.03102065680870218
98,1000,random,0.010034887285120846,0.010392598138872833,0.029179925888964054,0.0268127322066295,0.004461545656878377,-0.00382565154368532,-0.010565414244932462,-0.007611972548834001,-0.012247405655955316,0.0009508750557548167,-0.02138553842005372,-0.009237861771211199,-0.014391924734451363,-0.018404302789570844,-0.014258401600190967,-0.021378734393773507
98,100,1,0.012015027008297832,0.01124458602271285,0.030492151466053014,0.020193472300372432,-0.0003607008307964721,0.0009172249121380624,-0.007806589808035995,-0.004364573519647517,-0.014864079739396453,-0.004852615227881632,-0.013513480081848014,0.005204596326139122,-0.01906598703843638,-0.0206191608678271,-0.01119016287110395,-0.030279680376435962
98,100,10,0.017098138287040786,0.013801900041743469,0.029053486277625412,0.022368376769878292,-0.0015603020548735122,-0.00030245726628088613,-0.0052879741675687965,-0.0012320735567429904,-0.01358867445919192,0.0009914451882906306,-0.016840975415062142,0.0017963915997070586,-0.019216868801573226,-0.021725313539384228,-0.015002769160100734,-0.032261139909880464
98,100,20,0.016684309813301844,0.011932534289814386,0.03193175110794754,0.02306160126751157,0.00025316517871127946,-0.000998243974513511,-0.006201008333814106,0.0004963693912125914,-0.014218862514518918,0.00040811843649339016,-0.015212803182657626,0.0001353102504334182,-0.01958840699280405,-0.02393371621056315,-0.01606118923776596,-0.03172031509180666
98,100,random,0.00897415437017726,0.007028466105836119,0.02533928211275345,0.029714811550321123,0.004457155447416012,-0.009388198468251613,-0.012054079049820783,-0.002816681986709636,-0.013810653533754422,0.0017889961161014255,-0.019436911662313327,-0.01097002455841949,-0.013990052451971869,-0.01830758539456234,-0.005062908584924293,-0.029051430638136956
98,50,1,0.015637493040993013,0.013338377716019272,0.01572414782931714,0.028919333362757857,0.009346121469635926,0.0031716497779982586,0.007009965785554055,-0.0016559428816044681,-0.027807248654471813,0.011100909473070682,-0.015416441829122766,-0.0068357878210455894,-0.023031343070874337,-0.01654539184022111,-0.014609697969164044,-0.0300043539138762
98,50,10,0.014960111598831585,0.01107651350906455,0.033619462930476234,0.02420489080406559,-0.0009727707211755453,0.0024144744308733338,-0.00012616799626801855,-0.0031485040004904665,-0.014539347307707793,0.0034416652217380936,-0.017667009432401765,-0.0009808585050080265,-0.019609200245321774,-0.021608538618718393,-0.015628371088851508,-0.039250807426164366
98,50,20,0.01664995862826382,0.010261220131902869,0.03231550279989644,0.02381448993601037,0.0053942865556083925,0.0008850681777504875,-0.0011207585034562239,-0.0034289802261941458,-0.019542806011472305,0.003086032725747744,-0.016024985294975175,-0.00300690378342265,-0.01987465892710192,-0.022829515412805215,-0.01759122962280569,-0.04266207098655775
98,50,random,0.013442955598672937,0.004383815622941613,0.03305870509119781,0.04345227956056727,0.01691733182321475,-0.004053805037920119,-0.006324891651487899,-0.007082537504827058,-0.007031641706089796,0.004331998039861276,-0.022681504316445198,-0.008437419470336103,-0.019889028738644753,-0.018049410438369558,-0.01279365035089206,-0.021080149349117356
99,1000,1,0.010167773936304872,0.008460317316833891,0.02475386399432706,0.025854449852614054,0.008238555218728941,-0.007802148786816909,-0.013380981128238888,0.006296243732772297,-0.0013344781493132007,-0.006259420587310238,0.007770982007665768,0.001128797280671287,-0.019038774812496488,-0.01574465683534852,-0.023714935817504355,-0.011566766614300677
99,1000,10,0.010140648585963684,0.014636042884885228,0.02072848812206559,0.01988876892478506,0.004345099745976113,-0.009104392033508251,-0.010322880953527748,0.005003327845098253,-0.003189749131470472,-0.00787921800038968,0.003270976696624614,-0.002878448445209273,-0.018292533177865885,-0.013728036915433485,-0.02380718925847709,-0.01468941233172136
99,1000,20,0.010905067585288116,0.014456669467524079,0.019502920336739282,0.018622172905467013,0.004521941557948741,-0.009041737133101099,-0.010933772652864392,0.0046501898045116395,-0.00432887520545487,-0.0068722363985129695,0.003935476522439805,-0.0034115406442654017,-0.017530468521435506,-0.013034580622790178,-0.023989319719386046,-0.014187352177566828
99,1000,random,0.012300612323825913,0.01302746783527954,0.017187237329630452,0.029076498630267216,0.0018684207044953175,-0.0117451340201355,-0.011775016316355955,0.003487416033992617,-0.0101139057511667,-0.01120107607631658,0.004008366393788847,-0.0009550092485920375,-0.01413001979367243,-0.013425932191715883,-0.025309019838663606,-0.01647521191507233
99,100,1,0.011821022869189962,0.014939650355254484,0.020104435770914607,0.026803743792892593,0.004954492062335802,-0.004415646332477117,-0.011208256720115193,0.005489762943520592,-0.004443591126386026,-0.0058588127241004945,0.006867121220508183,-0.0030919263784757963,-0.014359512438224606,-0.007954435638739972,-0.02607570752523557,-0.012798744589719618
99,100,10,0.011387896708141231,0.013456584177421516,0.02118334711827126,0.0178152029114865,0.0045969142953909215,-0.009202129792756891,-0.010220595328085592,0.003775166200790952,-0.005689922116877526,-0.008149920514488007,0.003052198752154733,-0.0011751765063070295,-0.017905561567471917,-0.012756045911833182,-0.026416927162121472,-0.015933616625838063
99,100,20,0.012915131740022477,0.017987860673940786,0.021832069001555997,0.016896803310137983,0.006219196907328868,-0.012109087570807878,-0.009992019812608118,0.003574922846752728,-0.007292286568944855,-0.007453746647280697,0.003747896313344201,-0.001880780807175143,-0.01841067918822555,-0.0111979360199291,-0.02774437855463858,-0.016089521844627554
99,100,random,0.010482412661303538,0.006060005457721502,0.016843362673910543,0.02355864879403587,-0.0017070184979744753,-0.015188140612649531,-0.006456112375873834,0.0024743543450045404,-0.011286534687132374,-0.012638762943527934,0.006129281002221271,-0.007067882138378852,-0.024007666505057035,-0.011690924544271064,-0.039993381269317896,-0.01838748628635391
99,50,1,0.008571558028309225,0.005667311141814233,0.01778260417322349,0.019405154009015227,0.0038851633415911335,-0.000965208586477165,-0.0018512494012600889,-0.0014600732121813856,-0.008241498299602155,-0.00476414512477609,0.009910831781452788,0.0025538606584580813,-0.019113422052672045,-0.01902674431724838,-0.029061377826369618,-0.011594505651307726
99,50,10,0.01114401645574831,0.010337290377603477,0.021035429185925585,0.0220589927494416,0.0033761295088111406,-0.01291867378991468,-0.007677421075710822,0.003437262074383436,-0.002052240757039407,-0.009354975205032506,0.004279874905111013,-0.0012124892080530134,-0.015438210179976394,-0.012270253661460022,-0.032005272007801885,-0.01208269247808907
99,50,20,0.0119171777174346,0.011483791456616349,0.020233172180013605,0.022224619777342424,0.0010346144507650632,-0.013208425394018862,-0.00758265187329724,0.0013627945960771163,-0.006254205916683401,-0.005912633628544418,0.005017807897117269,-0.002160054545196255,-0.016283591770859616,-0.013222197769974554,-0.029179448924507845,-0.012548830446268812
99,50,random,0.010073738040387926,0.00570815883081378,0.012787086251013128,0.03952231676838718,0.0006729306922741756,-0.013505255958863762,-0.007032170385813918,0.006655265479563261,-0.00933786361333946,-0.008989110278809881,0.011144811738519604,0.002723080508454284,-0.021467598430418386,-0.008928989642400595,-0.03658175321456135,-0.01860172983118658
