,trajectory,ns,dt,sc_0,sc_1,sc_2,sc_3,sc_4,sc_5,sc_6,sc_7,sc_8,sc_9,sc_10,sc_11,sc_12,sc_13,sc_14,sc_15,d_sc0,d_sc1,d_sc2,d_sc3,d_sc4,d_sc5,d_sc6,d_sc7,d_sc8,d_sc9,d_sc10,d_sc11,d_sc12,d_sc13,d_sc14,d_sc15,AUROC_ben,AUROC_del
0,0,1000,1,0.0253542857834616,0.0292346766851809,0.0251931503570252,0.0210311880713884,0.003775082214737,0.0001673408645865,-0.0069260783449744,0.016682604077101,0.0009929779351601,-0.003185431060076,-0.0039388626186766,-0.0004102700373714,-0.0053482575094081,-0.019223607126187,-0.0328922865116291,-0.0113334225778214,0.005354285783461598,0.009234676685180899,0.005193150357025198,0.001031188071388401,0.003775082214737,0.0001673408645865,-0.0069260783449744,0.016682604077101,0.0009929779351601,-0.003185431060076,-0.0039388626186766,-0.0004102700373714,0.0146517424905919,0.0007763928738130019,-0.0128922865116291,0.008666577422178601,1.0,0.9791666666666666
1,0,1000,10,0.0249747994842767,0.0296081542240166,0.0213500667702806,0.0179751126870868,0.0048724954593321,0.0019265661792735,-0.0049224933366773,0.0056064655458016,-0.0041785411038683,0.0001437474604687,-0.0005741496673229,0.0001722794474407,-0.0083935142699862,-0.0192491140196961,-0.0297645644519425,-0.0114302153235358,0.004974799484276701,0.009608154224016601,0.0013500667702806002,-0.002024887312913202,0.0048724954593321,0.0019265661792735,-0.0049224933366773,0.0056064655458016,-0.0041785411038683,0.0001437474604687,-0.0005741496673229,0.0001722794474407,0.0116064857300138,0.0007508859803039003,-0.0097645644519425,0.008569784676464201,1.0,1.0
2,0,1000,20,0.023919159030921,0.0263838132117745,0.0209932573437237,0.017535617105506,0.0046287710532544,0.0024611159366133,-0.0037237362677239,0.0053789853540879,-0.0034363332310243,-0.0002247948861998,-0.0008064336342388,0.000650961914439,-0.0076021038566224,-0.0165698248800742,-0.0280529374584648,-0.0110276160396438,0.003919159030921,0.006383813211774499,0.0009932573437236997,-0.0024643828944940008,0.0046287710532544,0.0024611159366133,-0.0037237362677239,0.0053789853540879,-0.0034363332310243,-0.0002247948861998,-0.0008064336342388,0.000650961914439,0.0123978961433776,0.003430175119925799,-0.0080529374584648,0.008972383960356201,1.0,1.0
3,0,1000,random,0.0190534198028162,0.0182921098970978,0.0195309893299255,0.0124537531968996,0.0018944268567251,0.004717001885128,-0.0067892232130768,0.0161787803824251,-0.0027872914534625,0.0042885808453008,0.0045247132899395,0.0052317255837602,-0.0130119082446677,-0.0079440692657911,-0.0263953220224313,-0.0107471225179059,-0.0009465801971837995,-0.0017078901029022008,-0.0004690106700745017,-0.0075462468031004,0.0018944268567251,0.004717001885128,-0.0067892232130768,0.0161787803824251,-0.0027872914534625,0.0042885808453008,0.0045247132899395,0.0052317255837602,0.0069880917553323,0.0120559307342089,-0.006395322022431298,0.0092528774820941,0.9791666666666666,1.0
4,0,100,1,0.0224294146937679,0.026633454193062,0.0187838107755625,0.0214946229503233,0.0092060381777323,0.0025969555360546,-0.0013915641258739,0.0040221886302177,-0.0120885805462528,-0.0025248528763612,-0.0013261291262849,0.0033964711727727,-0.0082032099549251,-0.0137425992981484,-0.0359708749692823,-0.0083667618362575,0.0024294146937678986,0.006633454193062001,-0.0012161892244374993,0.0014946229503233002,0.0092060381777323,0.0025969555360546,-0.0013915641258739,0.0040221886302177,-0.0120885805462528,-0.0025248528763612,-0.0013261291262849,0.0033964711727727,0.0117967900450749,0.006257400701851601,-0.0159708749692823,0.011633238163742501,1.0,0.9583333333333333
5,0,100,10,0.0240478881665321,0.0280817364231571,0.021575366072998,0.0220888041027019,0.0046521098476921,0.0018713613893299,-0.0062194253514912,0.006331229336296,-0.0049096295222108,6.272820033451474e-05,-0.0017051888025258,-0.0002467820395974,-0.0094926683308045,-0.0173459418927423,-0.0345180328168003,-0.0094614305867002,0.0040478881665321,0.008081736423157099,0.0015753660729979982,0.0020888041027018987,0.0046521098476921,0.0018713613893299,-0.0062194253514912,0.006331229336296,-0.0049096295222108,6.272820033451474e-05,-0.0017051888025258,-0.0002467820395974,0.010507331669195501,0.0026540581072577,-0.014518032816800298,0.0105385694132998,1.0,1.0
6,0,100,20,0.0217555893362389,0.0237289285682851,0.0222275620032447,0.0220145403951717,0.0040705111185084,0.0027785590299496,-0.0052421290347215,0.0043526788581898,-0.0047109357910516,-0.0007629373575387,-0.0029728488705445,1.4548813870390942e-05,-0.0112989220655412,-0.0142871563750357,-0.0315477275808839,-0.0079134080327278,0.0017555893362388997,0.003728928568285099,0.0022275620032446986,0.0020145403951716996,0.0040705111185084,0.0027785590299496,-0.0052421290347215,0.0043526788581898,-0.0047109357910516,-0.0007629373575387,-0.0029728488705445,1.4548813870390942e-05,0.0087010779344588,0.005712843624964301,-0.0115477275808839,0.0120865919672722,1.0,1.0
7,0,100,random,0.0176449977636459,0.0154014418665839,0.0201796051111893,0.0149239604312794,0.0053408585646736,0.0077477187556024,-0.0057154685116722,0.0124203578670039,-0.0032612226044097,0.0039529928949926,0.004939391435664,0.0038573143978277,-0.0146548894296274,-0.0099821189199934,-0.0331326800821129,-0.0182358722370584,-0.0023550022363541014,-0.0045985581334161,0.00017960511118930017,-0.005076039568720601,0.0053408585646736,0.0077477187556024,-0.0057154685116722,0.0124203578670039,-0.0032612226044097,0.0039529928949926,0.004939391435664,0.0038573143978277,0.0053451105703726,0.0100178810800066,-0.013132680082112897,0.0017641277629415995,1.0,1.0
8,0,50,1,0.0218476167848217,0.0245683901447531,0.017364270505763,0.0167833389532102,-0.0032381805637381,0.0110952209917236,-0.0040178341783934,-0.009977282439628,-0.0044570731342037,0.0026278003782281,-0.0075857265651453,-0.0016979277378761,-0.0107276654080203,-0.0177936956145628,-0.0253482985948533,-0.0116652473402312,0.0018476167848217005,0.0045683901447531,-0.002635729494237002,-0.0032166610467898003,-0.0032381805637381,0.0110952209917236,-0.0040178341783934,-0.009977282439628,-0.0044570731342037,0.0026278003782281,-0.0075857265651453,-0.0016979277378761,0.0092723345919797,0.0022063043854371987,-0.0053482985948533,0.008334752659768801,1.0,1.0
9,0,50,10,0.0262671600173319,0.0313625180593582,0.0200730284343667,0.0182410740234489,0.0014621145140446,0.0013651240856398,-0.0058251912262888,0.0090177624846934,0.0022574301305172,0.0015880053781383,-0.0032295975638128,-0.0014254164959814,-0.0076199588998306,-0.0212747010336387,-0.0322127446646505,-0.0126851236962979,0.006267160017331901,0.011362518059358197,7.302843436669815e-05,-0.0017589259765511019,0.0014621145140446,0.0013651240856398,-0.0058251912262888,0.0090177624846934,0.0022574301305172,0.0015880053781383,-0.0032295975638128,-0.0014254164959814,0.0123800411001694,-0.001274701033638699,-0.012212744664650502,0.0073148763037021,1.0,1.0
10,0,50,20,0.0270145449395677,0.026536598562334,0.0205157902647202,0.0183007650048248,-0.0008999006514737,0.0036765692389762,-0.0031871290151667,-0.0003446440504983,0.0031176890797183,0.0003072472340724,-0.0048344786102857,0.0018686321888519,-0.0097637366893113,-0.0183641678075018,-0.028083237130786,-0.0093639542062866,0.007014544939567699,0.006536598562334,0.0005157902647201992,-0.0016992349951752,-0.0008999006514737,0.0036765692389762,-0.0031871290151667,-0.0003446440504983,0.0031176890797183,0.0003072472340724,-0.0048344786102857,0.0018686321888519,0.010236263310688701,0.0016358321924982017,-0.008083237130786,0.0106360457937134,1.0,1.0
11,0,50,random,0.014930313798242,0.0092438426314868,0.0197589906611478,0.0156688320910312,-0.0003718797300347,0.007351544955833,-0.0129787884044438,0.0123677988363133,0.0070056473330055,-0.0037057496822899,0.003654034561055,0.002084908325887,-0.0137151121789751,-0.0096127546502981,-0.0284044289547088,-0.0127886004217823,-0.005069686201758001,-0.0107561573685132,-0.00024100933885220013,-0.0043311679089688,-0.0003718797300347,0.007351544955833,-0.0129787884044438,0.0123677988363133,0.0070056473330055,-0.0037057496822899,0.003654034561055,0.002084908325887,0.0062848878210249,0.010387245349701901,-0.0084044289547088,0.0072113995782177,0.9791666666666666,0.9583333333333333
12,1,1000,1,0.0121465340781232,0.014867590118394,0.0053306374282985,0.01498590349726,-0.0032835101730202,0.0006690575513834,-0.0029500696142907,0.0030817698840422,0.0022831572652278,-0.0001141479958189,0.0080678196937921,-0.0075182912166469,-0.0192944270808498,-0.0376013082223272,-0.0125760924317624,-0.0086744316701441,-0.007853465921876801,-0.005132409881606001,-0.0146693625717015,-0.00501409650274,-0.0032835101730202,0.0006690575513834,-0.0029500696142907,0.0030817698840422,0.0022831572652278,-0.0001141479958189,0.0080678196937921,-0.0075182912166469,0.0007055729191502019,-0.017601308222327198,0.0074239075682376,0.0113255683298559,0.9791666666666666,1.0
13,1,1000,10,0.0080218625858739,0.015848174853398,0.0024858442335112,0.0145326762595005,-0.0003375284281183,-0.0028796812542373,0.0012865656878246,-0.0011400679902285,0.0023423614707448,0.0009029801709339,0.0061920262211136,-0.0064211478032984,-0.0238419568641832,-0.0324627216548873,-0.0226046081352323,-0.0145069805531007,-0.011978137414126101,-0.004151825146601999,-0.0175141557664888,-0.0054673237404995,-0.0003375284281183,-0.0028796812542373,0.0012865656878246,-0.0011400679902285,0.0023423614707448,0.0009029801709339,0.0061920262211136,-0.0064211478032984,-0.0038419568641832012,-0.012462721654887297,-0.002604608135232299,0.005493019446899301,0.9791666666666666,1.0
14,1,1000,20,0.0081781282488874,0.0141410374107693,0.0033777009083374,0.0131606702882703,-0.0013227736016325,-0.0039863261432304,0.0011801847423193,-0.0006762313346766,0.002578072059836,7.165037816498028e-05,0.0072905816603467,-0.0073337201360898,-0.0245593398203816,-0.033599254396195,-0.0224138582702377,-0.0140328985294747,-0.0118218717511126,-0.005858962589230701,-0.0166222990916626,-0.006839329711729701,-0.0013227736016325,-0.0039863261432304,0.0011801847423193,-0.0006762313346766,0.002578072059836,7.165037816498028e-05,0.0072905816603467,-0.0073337201360898,-0.0045593398203815985,-0.013599254396195002,-0.002413858270237698,0.0059671014705253,0.9791666666666666,1.0
15,1,1000,random,0.0057436060249519,0.0068701611404337,0.0014584917103845,0.0113785882486372,-0.0014624226071854,-0.0085476271126021,-0.0028850344442662,0.0055842133225454,0.0033394011371289,-0.0014016833470639,0.0058328002540745,-0.0064509344602411,-0.0304113590362252,-0.020640988626818,-0.0211771138854245,-0.0219483387392154,-0.0142563939750481,-0.013129838859566301,-0.0185415082896155,-0.0086214117513628,-0.0014624226071854,-0.0085476271126021,-0.0028850344442662,0.0055842133225454,0.0033394011371289,-0.0014016833470639,0.0058328002540745,-0.0064509344602411,-0.010411359036225198,-0.0006409886268179989,-0.001177113885424498,-0.001948338739215398,0.9166666666666666,1.0
16,1,100,1,0.0084812505304148,0.0139732516697709,-0.0026000607258795,0.0189606161854948,-0.0006055932720341,-0.0041603234073148,0.0004567846679646,-0.0003680356635203,0.0011671802356824,-0.0089184638771232,0.0061870324362405,-0.0023383790897497,-0.0318968926900969,-0.0190609773545917,-0.0237588010984291,-0.0149677862908063,-0.0115187494695852,-0.006026748330229101,-0.0226000607258795,-0.0010393838145052008,-0.0006055932720341,-0.0041603234073148,0.0004567846679646,-0.0003680356635203,0.0011671802356824,-0.0089184638771232,0.0061870324362405,-0.0023383790897497,-0.011896892690096899,0.0009390226454083009,-0.003758801098429101,0.005032213709193701,0.875,1.0
17,1,100,10,0.0088638434635863,0.0152787272721897,0.0013744621430281,0.0164118304171282,9.969396193377991e-05,-0.0028369050408002,0.0010388203060066,-0.001184562174182,0.003448604900053,-0.0010083340032106,0.0078247142123533,-0.0056929102566641,-0.0249693450200594,-0.0292429721510542,-0.0233722389552078,-0.0152972927936504,-0.011136156536413701,-0.0047212727278103,-0.0186255378569719,-0.0035881695828718016,9.969396193377991e-05,-0.0028369050408002,0.0010388203060066,-0.001184562174182,0.003448604900053,-0.0010083340032106,0.0078247142123533,-0.0056929102566641,-0.004969345020059399,-0.009242972151054199,-0.003372238955207798,0.004702707206349601,0.9583333333333334,1.0
18,1,100,20,0.008448421418432,0.0152106256852075,0.0024754786435501,0.0138293188040823,-0.0017075971700261,-0.0030929774568626,0.0021765346437843,-0.0008191601991141,0.0044229803647867,-0.0014852438549757,0.0088846427087782,-0.0075147908380513,-0.0256665862124642,-0.0347459758560921,-0.0238610387201372,-0.0140901142102522,-0.011551578581568,-0.0047893743147925,-0.0175245213564499,-0.006170681195917701,-0.0017075971700261,-0.0030929774568626,0.0021765346437843,-0.0008191601991141,0.0044229803647867,-0.0014852438549757,0.0088846427087782,-0.0075147908380513,-0.0056665862124642,-0.014745975856092098,-0.0038610387201372005,0.0059098857897478,0.9375,1.0
19,1,100,random,0.0010635818348773,0.0141500675776233,-0.0070233142793254,0.0096809127841155,0.0016195431833104,-0.0113603776829765,-0.0004042661037953,0.0058940975315376,0.0045051634069135,-0.001594259861056,0.0083186132772424,0.0031915377848796,-0.0353337987161398,-0.0311428817883776,-0.023538580169153,-0.0196879747065549,-0.0189364181651227,-0.0058499324223767,-0.0270233142793254,-0.0103190872158845,0.0016195431833104,-0.0113603776829765,-0.0004042661037953,0.0058940975315376,0.0045051634069135,-0.001594259861056,0.0083186132772424,0.0031915377848796,-0.0153337987161398,-0.0111428817883776,-0.003538580169153,0.00031202529344510205,0.75,1.0
20,1,50,1,0.0108503050056745,0.0211393015209694,0.0043403871536415,0.0257324381048578,0.0063285836851395,-0.0061115870770589,0.0068600601337235,-0.0026304715975454,0.0008970274020945,-0.0049003995310405,0.0117180629381684,-0.0083209830796849,-0.0216509537657893,-0.0454858557764536,-0.0221227546806527,-0.0075289920216784,-0.0091496949943255,0.0011393015209693984,-0.0156596128463585,0.005732438104857799,0.0063285836851395,-0.0061115870770589,0.0068600601337235,-0.0026304715975454,0.0008970274020945,-0.0049003995310405,0.0117180629381684,-0.0083209830796849,-0.0016509537657893002,-0.0254858557764536,-0.0021227546806526984,0.0124710079783216,0.9166666666666666,0.9791666666666666
21,1,50,10,0.0072115227093188,0.0191850933517222,0.0028176337285236,0.0205001427603524,0.0021876346583688,-0.0053547074622677,0.0045835961360982,-0.0041796168537561,-0.0011351509328252,1.7194214182921505e-05,0.0101985613071458,-0.0097067688188084,-0.0276091996497967,-0.04030138704534,-0.0251975233619095,-0.0136752010487412,-0.0127884772906812,-0.0008149066482778002,-0.0171823662714764,0.0005001427603524011,0.0021876346583688,-0.0053547074622677,0.0045835961360982,-0.0041796168537561,-0.0011351509328252,1.7194214182921505e-05,0.0101985613071458,-0.0097067688188084,-0.0076091996497967,-0.020301387045339996,-0.005197523361909498,0.0063247989512588,0.9375,1.0
22,1,50,20,0.0077935394416037,0.0141915591609542,0.0067025862524107,0.0201331913852527,6.903646712592225e-06,-0.0042650153627471,0.0051056399425591,-0.0029464857845593,-0.0023869486634284,-0.0025578128225171,0.0113353985263379,-0.0120019505047052,-0.0260782910762758,-0.0357963845277113,-0.0250009247926893,-0.0122642232350929,-0.0122064605583963,-0.0058084408390458,-0.0132974137475893,0.00013319138525269905,6.903646712592225e-06,-0.0042650153627471,0.0051056399425591,-0.0029464857845593,-0.0023869486634284,-0.0025578128225171,0.0113353985263379,-0.0120019505047052,-0.006078291076275801,-0.0157963845277113,-0.0050009247926893,0.007735776764907101,0.9583333333333333,1.0
23,1,50,random,0.0086440873909616,0.0079872376387453,0.0098314417251264,0.0245628904225907,-0.0026547879753222,-0.010328054662752,0.0007882341170881,0.0021023417727171,0.0001424932464199,-0.0089222007856242,0.0141488445420929,-0.0192702252663571,-0.0306872408254937,-0.0288226152256768,-0.0305251735185445,-0.0106888201628824,-0.0113559126090384,-0.012012762361254701,-0.0101685582748736,0.0045628904225906985,-0.0026547879753222,-0.010328054662752,0.0007882341170881,0.0021023417727171,0.0001424932464199,-0.0089222007856242,0.0141488445420929,-0.0192702252663571,-0.010687240825493698,-0.008822615225676799,-0.010525173518544501,0.0093111798371176,0.9375,0.9791666666666666
24,2,1000,1,0.0168018440421475,0.0241822742386824,0.0202841908038108,0.015890842164838,0.0047850622432772,0.0022527833364376,0.002663443078346,0.0025840167179798,-0.0052841711241296,0.0071717569157686,-0.0052548689740591,0.0001704217894638,-0.0240727919722912,-0.0196794807586616,-0.0344830303471026,-0.0126347174157649,-0.0031981559578525,0.0041822742386824,0.0002841908038107993,-0.004109157835162001,0.0047850622432772,0.0022527833364376,0.002663443078346,0.0025840167179798,-0.0052841711241296,0.0071717569157686,-0.0052548689740591,0.0001704217894638,-0.004072791972291198,0.00032051924133839893,-0.014483030347102601,0.0073652825842351,1.0,1.0
25,2,1000,10,0.0162214142260082,0.0232497538292317,0.0204452590837205,0.0129298183231955,0.0063779036558517,0.0036103463688149,0.0070979638227541,-0.0021888024881077,-0.0055535033043043,0.0092380774012789,-0.0060124265733138,0.0026363638545858,-0.0189559879883603,-0.0264095110607288,-0.0209975569029695,-0.0134705241047607,-0.0037785857739917987,0.0032497538292316983,0.0004452590837204992,-0.0070701816768045,0.0063779036558517,0.0036103463688149,0.0070979638227541,-0.0021888024881077,-0.0055535033043043,0.0092380774012789,-0.0060124265733138,0.0026363638545858,0.0010440120116397,-0.0064095110607288,-0.000997556902969498,0.006529475895239301,1.0,1.0
26,2,1000,20,0.0140675122636007,0.0222407668246015,0.0207420805071288,0.0129571211808406,0.0054679827569424,0.0031656199672822,0.0050216883909715,-0.0010750601314005,-0.0058315075459966,0.0083921871366873,-0.0069069625176492,0.003322621448098,-0.0193355909846617,-0.0255083511394723,-0.0195327774871422,-0.0126066244984542,-0.005932487736399301,0.0022407668246015,0.0007420805071287999,-0.007042878819159401,0.0054679827569424,0.0031656199672822,0.0050216883909715,-0.0010750601314005,-0.0058315075459966,0.0083921871366873,-0.0069069625176492,0.003322621448098,0.0006644090153383013,-0.0055083511394723,0.00046722251285780114,0.0073933755015458,1.0,1.0
27,2,1000,random,0.0048596904369676,0.0219466416450566,0.0143861420638416,0.01311784812975,0.0046003590963514,-0.0021976254437661,0.008707194568528,0.0028184291161197,-0.0045482312266032,0.0074332735776886,-0.0072675321244918,0.0067855830988424,-0.0130411423328337,-0.0237132316050878,-0.0169115357393735,-0.0176580750521838,-0.0151403095630324,0.0019466416450566008,-0.005613857936158401,-0.00688215187025,0.0046003590963514,-0.0021976254437661,0.008707194568528,0.0028184291161197,-0.0045482312266032,0.0074332735776886,-0.0072675321244918,0.0067855830988424,0.0069588576671663,-0.0037132316050878,0.003088464260626502,0.0023419249478161992,0.9375,1.0
28,2,100,1,0.0117919877760456,0.0247488454096208,0.019341388150399,0.0130140275070214,-0.0005065525348872,0.0028518051293299,0.0117415745809236,0.0001387232461948,-0.0099182648124183,0.0083347128407447,-0.0021954272346148,0.0020285691974722,-0.0252277253192772,-0.0265487279089856,-0.0230436270878827,-0.0142788949758565,-0.0082080122239544,0.004748845409620801,-0.0006586118496010006,-0.006985972492978601,-0.0005065525348872,0.0028518051293299,0.0117415745809236,0.0001387232461948,-0.0099182648124183,0.0083347128407447,-0.0021954272346148,0.0020285691974722,-0.005227725319277201,-0.006548727908985599,-0.0030436270878827013,0.0057211050241435,1.0,1.0
29,2,100,10,0.0136498948547041,0.0253671475808699,0.0206337548644182,0.0092528375678825,0.0066204061335698,0.0044564490560999,0.0091550514227302,-0.0048181865957409,-0.0087263834054149,0.0091227107993392,-0.0063145538361625,0.0061228170502508,-0.0196470388567818,-0.0244019068439916,-0.0213973861740614,-0.0119424334872408,-0.0063501051452959,0.0053671475808699,0.0006337548644182005,-0.0107471624321175,0.0066204061335698,0.0044564490560999,0.0091550514227302,-0.0048181865957409,-0.0087263834054149,0.0091227107993392,-0.0063145538361625,0.0061228170502508,0.00035296114321820005,-0.004401906843991599,-0.0013973861740614012,0.0080575665127592,1.0,1.0
30,2,100,20,0.0129553066353569,0.0268413258759069,0.0212995585165193,0.0096864397613494,0.0056683599714457,0.002641978267003,0.0077098879585828,-0.0040090448597039,-0.0087300199763666,0.0088528652382895,-0.0074236476982522,0.0067612417387568,-0.0208047292960278,-0.0210574134317973,-0.0201474518953119,-0.0100940660404408,-0.0070446933646431,0.006841325875906898,0.0012995585165192988,-0.0103135602386506,0.0056683599714457,0.002641978267003,0.0077098879585828,-0.0040090448597039,-0.0087300199763666,0.0088528652382895,-0.0074236476982522,0.0067612417387568,-0.0008047292960278,-0.0010574134317972994,-0.00014745189531190084,0.0099059339595592,1.0,1.0
31,2,100,random,0.0001262292093911,0.0217240874212937,0.0114538204837558,0.0103488769902916,-1.3073503525511824e-06,2.2260567500051706e-05,0.0155369129448112,-0.0001435561735449,-0.0061273505693186,0.0070179671902736,-0.007047752241541,0.0087517240611545,-0.0168938641030858,-0.0187313973487292,-0.010736964336718,-0.013202167903216,-0.0198737707906089,0.0017240874212937005,-0.008546179516244201,-0.0096511230097084,-1.3073503525511824e-06,2.2260567500051706e-05,0.0155369129448112,-0.0001435561735449,-0.0061273505693186,0.0070179671902736,-0.007047752241541,0.0087517240611545,0.003106135896914202,0.0012686026512708018,0.009263035663282,0.006797832096784001,0.8958333333333334,1.0
32,2,50,1,0.0197667814731224,0.0269594318707968,0.0189549480056537,0.0091998567524999,0.0101083701906764,0.0065526756216018,0.00819858329205,-0.0049563938088016,-0.0077586669285518,0.0144307516405548,-0.0018408367943709,0.0094437305351151,-0.0164717271836295,-0.029236761100902,-0.0190057836079673,-0.0168551658361552,-0.0002332185268776009,0.006959431870796801,-0.0010450519943463014,-0.0108001432475001,0.0101083701906764,0.0065526756216018,0.00819858329205,-0.0049563938088016,-0.0077586669285518,0.0144307516405548,-0.0018408367943709,0.0094437305351151,0.0035282728163705014,-0.009236761100901998,0.0009942163920327006,0.0031448341638448014,0.9375,1.0
33,2,50,10,0.0217751669799058,0.0217299780074499,0.0229864739934553,0.0149247631402973,0.0070175822242404,0.0063950861293109,0.0063139975632453,0.0053551470364607,-0.0047358655695174,0.0097879462024191,-0.0049844023527944,0.0017360070302554,-0.0197128337692096,-0.0270834971251832,-0.023876065912854,-0.014002843114481,0.0017751669799058005,0.0017299780074498984,0.0029864739934553006,-0.0050752368597027,0.0070175822242404,0.0063950861293109,0.0063139975632453,0.0053551470364607,-0.0047358655695174,0.0097879462024191,-0.0049844023527944,0.0017360070302554,0.0002871662307903991,-0.007083497125183198,-0.0038760659128539987,0.005997156885519,1.0,1.0
34,2,50,20,0.0184812549940365,0.0152162518334399,0.0213357227505164,0.0124469462216843,0.0052047359616522,0.0043876843438151,0.0023363575154962,0.0045694592649232,-0.0048778114534312,0.006678320517539,-0.0067776998013235,0.0020425953510788,-0.0188357918739486,-0.0307568267853522,-0.0219220578946668,-0.0129903134991429,-0.001518745005963499,-0.0047837481665601,0.0013357227505164,-0.007553053778315701,0.0052047359616522,0.0043876843438151,0.0023363575154962,0.0045694592649232,-0.0048778114534312,0.006678320517539,-0.0067776998013235,0.0020425953510788,0.0011642081260514019,-0.0107568267853522,-0.0019220578946668003,0.0070096865008571,1.0,1.0
35,2,50,random,0.0098963598510464,0.0160000126755435,0.0233227358557695,0.0104860140045522,0.0131878942232995,0.0039194650699689,0.0109556873469552,0.0120521087280401,0.0020574253122428,0.0053992247813987,-0.0066261997227709,0.0078013171357606,-0.0176506092688617,-0.0226821941320151,-0.0218683236535175,-0.0302599507908798,-0.0101036401489536,-0.0039999873244565,0.0033227358557695007,-0.0095139859954478,0.0131878942232995,0.0039194650699689,0.0109556873469552,0.0120521087280401,0.0020574253122428,0.0053992247813987,-0.0066261997227709,0.0078013171357606,0.002349390731138299,-0.002682194132015099,-0.0018683236535174987,-0.0102599507908798,0.875,1.0
36,3,1000,1,0.0142497107534663,0.0093420506120018,0.0131426922303862,0.0345957261932035,-0.0046248569798641,-0.0018995742426492,0.0016630015815936,9.25233674940062e-05,-0.0050257562966397,-0.006580966811622,0.0050219061988291,-0.0025007561079739,-0.0211219067684654,-0.013255272321033,-0.0146871405679878,-0.0128872420235048,-0.0057502892465337,-0.010657949387998201,-0.0068573077696138,0.014595726193203502,-0.0046248569798641,-0.0018995742426492,0.0016630015815936,9.25233674940062e-05,-0.0050257562966397,-0.006580966811622,0.0050219061988291,-0.0025007561079739,-0.0011219067684653979,0.006744727678967,0.0053128594320122,0.0071127579764952,1.0,1.0
37,3,1000,10,0.0188937745811196,0.0104094813889125,0.0113451414260298,0.0269945201920983,-0.0051832635569071,-0.0002626284575652,0.004815700563268,0.0018836875303076,-0.0067105553667173,-0.0082541141660448,0.0046178641231136,-0.0047447381444747,-0.0145018561537366,-0.0178577590682482,-0.0176308058852839,-0.0141593132284825,-0.0011062254188804015,-0.009590518611087501,-0.008654858573970201,0.0069945201920983,-0.0051832635569071,-0.0002626284575652,0.004815700563268,0.0018836875303076,-0.0067105553667173,-0.0082541141660448,0.0046178641231136,-0.0047447381444747,0.0054981438462634,0.002142240931751801,0.0023691941147160993,0.0058406867715175,1.0,1.0
38,3,1000,20,0.0184713486971812,0.0102189711673421,0.0099981893157599,0.0237982824742493,-0.0052608431670825,-0.0007402592665085,0.0046372992969513,0.0010471221859927,-0.0078593696517933,-0.0087679951737052,0.005304328331392,-0.0050869280360269,-0.0125956912232737,-0.0201539017702511,-0.0181259628450927,-0.0123811350491142,-0.0015286513028188002,-0.0097810288326579,-0.0100018106842401,0.0037982824742492996,-0.0052608431670825,-0.0007402592665085,0.0046372992969513,0.0010471221859927,-0.0078593696517933,-0.0087679951737052,0.005304328331392,-0.0050869280360269,0.0074043087767263,-0.00015390177025110044,0.0018740371549073008,0.0076188649508858,1.0,1.0
39,3,1000,random,0.0093312243949395,0.0108718034792544,0.0083037807168733,0.0223802632426085,-0.0073426333492569,-0.0057693400087891,0.0042410811087178,0.0028882251709968,-0.009835508936674,-0.01283088064424,0.0060546628182238,-0.0041288658966401,-0.0049300710888926,-0.0138620479557646,-0.0199655589154473,-0.0147800644728259,-0.0106687756050605,-0.009128196520745601,-0.0116962192831267,0.0023802632426084998,-0.0073426333492569,-0.0057693400087891,0.0042410811087178,0.0028882251709968,-0.009835508936674,-0.01283088064424,0.0060546628182238,-0.0041288658966401,0.015069928911107401,0.0061379520442354,3.4441084552701284e-05,0.0052199355271741,1.0,0.9166666666666667
40,3,100,1,0.0227887641387066,0.0147108308653117,0.0115439961196397,0.0299620487038585,-0.0044276095560155,0.0060432377879622,0.0017782103979437,0.0026890651220385,-0.0135690288088792,-0.0121344326771518,0.0014484768315911,-0.003226076355531,-0.032194018747002,-0.0113217134051866,-0.0218658650095286,-0.0165356369741874,0.002788764138706601,-0.0052891691346883,-0.0084560038803603,0.0099620487038585,-0.0044276095560155,0.0060432377879622,0.0017782103979437,0.0026890651220385,-0.0135690288088792,-0.0121344326771518,0.0014484768315911,-0.003226076355531,-0.012194018747002,0.0086782865948134,-0.001865865009528598,0.0034643630258126,1.0,0.9583333333333334
41,3,100,10,0.0170018062037785,0.0121507052840408,0.0094358136969163,0.024097324756111,-0.0045295616506011,0.0006474949707487,0.0047632583588964,0.0019911158252104,-0.0085428547326858,-0.0094198914005454,0.0048368192073068,-0.0032233201181455,-0.0168948164765322,-0.0211165987122133,-0.0186340598914505,-0.0147326183150351,-0.0029981937962215016,-0.0078492947159592,-0.0105641863030837,0.004097324756111,-0.0045295616506011,0.0006474949707487,0.0047632583588964,0.0019911158252104,-0.0085428547326858,-0.0094198914005454,0.0048368192073068,-0.0032233201181455,0.0031051835234678013,-0.0011165987122132986,0.0013659401085494988,0.005267381684964901,1.0,1.0
42,3,100,20,0.0173453084972313,0.012478375736975,0.0077755362862476,0.0220386905216174,-0.0055885046786163,6.486379742695038e-05,0.0044402367897907,0.0003291992591241,-0.0126344626174651,-0.0091413996741978,0.0013432206095924,-0.0033661046752104,-0.0157326008330879,-0.0236793386418498,-0.0208382382991814,-0.0131727833744108,-0.002654691502768699,-0.007521624263025,-0.0122244637137524,0.0020386905216174013,-0.0055885046786163,6.486379742695038e-05,0.0044402367897907,0.0003291992591241,-0.0126344626174651,-0.0091413996741978,0.0013432206095924,-0.0033661046752104,0.0042673991669121,-0.0036793386418497998,-0.0008382382991814,0.006827216625589201,1.0,1.0
43,3,100,random,0.0133361951312702,0.0179044306283265,0.001960263544118,0.0284260083847062,-0.004841435056839,-0.0108311526007522,-0.0037256605178694,-0.0009811549005184,-0.0023478853629707,-0.0149653549276553,-0.0037336458991153,-0.0096398124163204,3.2305937612097e-05,-0.0096110204080977,-0.018987271381867,-0.0210307537082263,-0.0066638048687298005,-0.0020955693716734995,-0.018039736455882,0.0084260083847062,-0.004841435056839,-0.0108311526007522,-0.0037256605178694,-0.0009811549005184,-0.0023478853629707,-0.0149653549276553,-0.0037336458991153,-0.0096398124163204,0.020032305937612096,0.010388979591902301,0.0010127286181330006,-0.0010307537082262994,1.0,0.7708333333333334
44,3,50,1,0.0193280712714647,0.0114175581776705,0.0177530973225479,0.0263906953452706,-0.0007590510476147,0.0011447128506587,0.0060261687736194,0.0041101017671042,-0.0096420795594656,-0.0108466611316723,-0.0022648408823277,-0.0037146205007848,-0.0101965329040816,-0.0225457858056689,-0.0158618747621545,-0.0209085395189969,-0.0006719287285353003,-0.008582441822329501,-0.0022469026774521,0.006390695345270599,-0.0007590510476147,0.0011447128506587,0.0060261687736194,0.0041101017671042,-0.0096420795594656,-0.0108466611316723,-0.0022648408823277,-0.0037146205007848,0.0098034670959184,-0.002545785805668898,0.0041381252378455,-0.0009085395189969009,1.0,0.9791666666666666
45,3,50,10,0.0185730924667377,0.010713626323234,0.0097836864339568,0.0245558581911144,-0.0057291859291691,-0.0028937339095364,0.0038711853536575,-0.0017121570232539,-0.0104472685586724,-0.0100775669109576,0.0065712306197612,-0.0079224118261895,-0.013736834239223,-0.0182626175532526,-0.0181794482773662,-0.0134178738578397,-0.0014269075332623005,-0.009286373676766,-0.0102163135660432,0.004555858191114398,-0.0057291859291691,-0.0028937339095364,0.0038711853536575,-0.0017121570232539,-0.0104472685586724,-0.0100775669109576,0.0065712306197612,-0.0079224118261895,0.006263165760777,0.001737382446747402,0.0018205517226338001,0.0065821261421603,1.0,1.0
46,3,50,20,0.0189388984538227,0.0103535679768411,0.008895025608629,0.0225180638322036,-0.0052353999846959,-0.004228787914145,0.0055601453104224,-0.0019267272654032,-0.0078356898148351,-0.0092227298510177,0.0077492596277928,-0.0043154845529818,-0.0116304911782176,-0.0174561754541644,-0.0176134024801947,-0.0141761548587352,-0.0010611015461772996,-0.0096464320231589,-0.011104974391371,0.0025180638322035986,-0.0052353999846959,-0.004228787914145,0.0055601453104224,-0.0019267272654032,-0.0078356898148351,-0.0092227298510177,0.0077492596277928,-0.0043154845529818,0.0083695088217824,0.002543824545835599,0.0023865975198053,0.0058238451412648,1.0,1.0
47,3,50,random,0.012436625477098,0.0163316756106426,0.0034025112920681,0.0340969462764771,-0.0055304960048938,-0.0065605961850192,0.0055670284239809,0.0067836060634598,-0.0113875141411749,-0.0131499125393161,0.0077942370160796,-0.0116547492551236,-0.0079639096559552,-0.0192045495824152,-0.0253050896979845,-0.0120082027509129,-0.007563374522902001,-0.003668324389357401,-0.0165974887079319,0.0140969462764771,-0.0055304960048938,-0.0065605961850192,0.0055670284239809,0.0067836060634598,-0.0113875141411749,-0.0131499125393161,0.0077942370160796,-0.0116547492551236,0.0120360903440448,0.0007954504175847997,-0.005305089697984499,0.0079917972490871,0.9375,0.9166666666666666
48,4,1000,1,0.0167527258472147,0.0260912203075419,0.0065806727499046,0.0262162329359537,0.0046554631115696,0.0030207950119075,0.0093480274572951,-0.0151519984336562,0.0037665731758165,0.0072159667876569,-0.0070733792642428,-0.003945384517359,-0.0110142112514511,-0.0216859648783718,-0.016671312632288,-0.0198825458160129,-0.0032472741527852997,0.0060912203075418996,-0.013419327250095401,0.006216232935953699,0.0046554631115696,0.0030207950119075,0.0093480274572951,-0.0151519984336562,0.0037665731758165,0.0072159667876569,-0.0070733792642428,-0.003945384517359,0.0089857887485489,-0.0016859648783718005,0.003328687367712,0.00011745418398709934,0.9583333333333334,0.9791666666666666
49,4,1000,10,0.017289670895608,0.0222014578301886,0.0112649999709997,0.0251256631196243,0.0050516337425664,0.004859718145173,0.0047347728904733,-0.0082387845844246,0.0046550176195143,0.0077034728856417,0.0003540860483846,-0.0037558657370986,-0.0218435055759969,-0.0213938032563596,-0.013941411929862,-0.0203287676873207,-0.0027103291043919994,0.002201457830188599,-0.0087350000290003,0.005125663119624299,0.0050516337425664,0.004859718145173,0.0047347728904733,-0.0082387845844246,0.0046550176195143,0.0077034728856417,0.0003540860483846,-0.0037558657370986,-0.0018435055759968982,-0.0013938032563595992,0.006058588070138,-0.000328767687320701,1.0,1.0
50,4,1000,20,0.0162101593297137,0.0235498318498763,0.0110157872655404,0.0258811225001692,0.0045974061619048,0.0047352050629873,0.0037678505236794,-0.0074418051682937,0.004620938481437,0.0077484361145095,5.442035842544733e-05,-0.0037658305304183,-0.0206516891785841,-0.0197538734034847,-0.0143516455794647,-0.0196874663468926,-0.0037898406702863013,0.003549831849876301,-0.008984212734459601,0.0058811225001692,0.0045974061619048,0.0047352050629873,0.0037678505236794,-0.0074418051682937,0.004620938481437,0.0077484361145095,5.442035842544733e-05,-0.0037658305304183,-0.0006516891785840993,0.0002461265965153017,0.0056483544205353006,0.00031253365310740175,1.0,1.0
51,4,1000,random,0.0169394812880753,0.0206135509778116,0.0042355243493179,0.0255166660805609,0.00378994490568,0.0032287043955561,0.0024118087507561,-0.0103936169552972,0.0060899997154834,0.0062562462002712,-0.0100008535764358,-0.0011900157468444,-0.0148219336905872,-0.0279179445841001,-0.0063056117721717,-0.0152361467452781,-0.0030605187119247014,0.0006135509778116,-0.0157644756506821,0.005516666080560898,0.00378994490568,0.0032287043955561,0.0024118087507561,-0.0103936169552972,0.0060899997154834,0.0062562462002712,-0.0100008535764358,-0.0011900157468444,0.005178066309412801,-0.007917944584100101,0.0136943882278283,0.0047638532547219,0.9583333333333334,0.9583333333333334
52,4,100,1,0.0131575889840262,0.0202618494338665,0.0117817056700299,0.0260059922145015,0.0059348387468341,0.0030510788652019,0.0090852158764895,-0.0067319094000125,-0.0013578585467135,0.0020801412930674,0.0028808540113901,-0.0078821021076513,-0.0156254929605351,-0.023111006434765,-0.0089074994698551,-0.0261919338074561,-0.0068424110159738,0.0002618494338664998,-0.0082182943299701,0.006005992214501498,0.0059348387468341,0.0030510788652019,0.0090852158764895,-0.0067319094000125,-0.0013578585467135,0.0020801412930674,0.0028808540113901,-0.0078821021076513,0.0043745070394649,-0.0031110064347650013,0.0110925005301449,-0.006191933807456099,1.0,1.0
53,4,100,10,0.0153504683930319,0.0234269725967636,0.0093530560244685,0.0265647691654023,0.0051726475965228,0.0035116443156859,0.0068043142160174,-0.0088587217079466,0.0002839418077801,0.0040195889738298,0.0039934739179715,-0.0056278700105072,-0.01751044064669,-0.0248664034544898,-0.0122143199211755,-0.0195347091737605,-0.004649531606968101,0.0034269725967636007,-0.0106469439755315,0.006564769165402301,0.0051726475965228,0.0035116443156859,0.0068043142160174,-0.0088587217079466,0.0002839418077801,0.0040195889738298,0.0039934739179715,-0.0056278700105072,0.0024895593533100016,-0.004866403454489798,0.0077856800788245,0.0004652908262395006,1.0,1.0
54,4,100,20,0.0147019425850936,0.0249109116111099,0.0086767133674099,0.0259523874120279,0.003258391140096,0.0026692273865401,0.0066651294093101,-0.0079947438870586,0.0003582166550697,0.0043775464992961,0.0023123742351833,-0.0042247316439759,-0.0169896567504626,-0.0278562757277416,-0.0151588820663385,-0.0167583183506898,-0.005298057414906401,0.004910911611109899,-0.0113232866325901,0.005952387412027898,0.003258391140096,0.0026692273865401,0.0066651294093101,-0.0079947438870586,0.0003582166550697,0.0043775464992961,0.0023123742351833,-0.0042247316439759,0.0030103432495374,-0.007856275727741599,0.004841117933661501,0.003241681649310199,1.0,1.0
55,4,100,random,0.0087081721146862,0.0245503621119821,0.0001578042337292,0.0264915110160755,0.0028544161682311,-0.0018917198456886,0.0053128722910731,-0.0165684945233317,-0.0026273282508294,0.0025072357385949,-0.0049777845299973,-0.0063989297492677,-0.0156342072316158,-0.0406654585485399,0.0023587537178695,-0.0156445844368315,-0.0112918278853138,0.0045503621119820994,-0.0198421957662708,0.0064915110160755005,0.0028544161682311,-0.0018917198456886,0.0053128722910731,-0.0165684945233317,-0.0026273282508294,0.0025072357385949,-0.0049777845299973,-0.0063989297492677,0.0043657927683842,-0.020665458548539902,0.022358753717869502,0.004355415563168499,0.9166666666666667,0.8333333333333333
56,4,50,1,0.0127322882368567,0.0196038297769222,0.0003866882914498,0.0333342792471562,-0.001599998100736,0.006510301127745,0.0110439355959884,-0.0091570106587316,-0.0001674095684342,0.0060070591172664,0.0085398172578601,-0.0027334968183422,-0.0201781055306779,-0.0111863836417363,-0.0045727483483937,-0.0272310523574206,-0.0072677117631433,-0.00039617022307780053,-0.0196133117085502,0.0133342792471562,-0.001599998100736,0.006510301127745,0.0110439355959884,-0.0091570106587316,-0.0001674095684342,0.0060070591172664,0.0085398172578601,-0.0027334968183422,-0.00017810553067789878,0.0088136163582637,0.0154272516516063,-0.007231052357420598,0.9166666666666667,0.9791666666666666
57,4,50,10,0.0155348855130622,0.0239107591371712,0.0077050925360109,0.0316975854748295,0.0027675750248093,0.0053399902621725,0.0028319153692262,-0.0032715507684859,0.0005178336094593,0.0059528466817423,0.0031911492537358,-0.0071169148704486,-0.0187018108710609,-0.0238932335864308,-0.0141008084791236,-0.0223172155483792,-0.0044651144869378,0.003910759137171201,-0.012294907463989101,0.011697585474829502,0.0027675750248093,0.0053399902621725,0.0028319153692262,-0.0032715507684859,0.0005178336094593,0.0059528466817423,0.0031911492537358,-0.0071169148704486,0.0012981891289391007,-0.003893233586430799,0.005899191520876401,-0.0023172155483792006,1.0,1.0
58,4,50,20,0.0147821472987027,0.0234719521718581,0.0063589749699578,0.0325503454929378,0.0041585470210893,0.0057985878964915,0.0022646786255144,-0.0035118621085791,0.0017159700173864,0.0058676423738006,-0.0001872623944775,-0.0041459912105782,-0.0170334609553541,-0.0242448151089168,-0.0158635838774751,-0.0224597068538903,-0.0052178527012973,0.003471952171858101,-0.0136410250300422,0.012550345492937803,0.0041585470210893,0.0057985878964915,0.0022646786255144,-0.0035118621085791,0.0017159700173864,0.0058676423738006,-0.0001872623944775,-0.0041459912105782,0.0029665390446458988,-0.004244815108916798,0.0041364161225249,-0.0024597068538903012,1.0,1.0
59,4,50,random,0.0154768027412606,0.0160029956710519,0.0096754856648841,0.0351615039490426,0.0009657333307227,0.0114455573359125,0.0010868832245598,-0.0060287739270629,0.0089659037246924,0.0023124140203688,-0.0076287219755709,-0.0020671045716664,-0.016404862579709,-0.0298166841859866,-0.0030053433755941,-0.0200110543954788,-0.004523197258739401,-0.0039970043289481,-0.0103245143351159,0.015161503949042598,0.0009657333307227,0.0114455573359125,0.0010868832245598,-0.0060287739270629,0.0089659037246924,0.0023124140203688,-0.0076287219755709,-0.0020671045716664,0.0035951374202910016,-0.0098166841859866,0.0169946566244059,-1.105439547879894e-05,0.9791666666666666,0.9583333333333334
60,5,1000,1,0.0206052619269685,0.0254547561607523,0.011205014032565,0.0207768688614759,-0.0001241170989803,0.0057356724211885,0.0032487530222038,-0.0086110042224803,-0.0052009609985539,-0.0030922824329049,0.006761204452364,-0.0015547760398181,-0.0128966491266493,-0.0127055572577334,-0.0092295766859392,-0.0158694262782821,0.0006052619269685013,0.0054547561607522985,-0.008794985967435,0.000776868861475901,-0.0001241170989803,0.0057356724211885,0.0032487530222038,-0.0086110042224803,-0.0052009609985539,-0.0030922824329049,0.006761204452364,-0.0015547760398181,0.0071033508733507,0.0072944427422666006,0.010770423314060801,0.004130573721717899,1.0,1.0
61,5,1000,10,0.0180231437191759,0.0218179708763389,0.0104028219026001,0.0196950544642294,0.0010797004486885,0.0040830912949775,-0.0067509687926791,-0.0096810087358092,-0.0157273389914117,-0.001523068753734,0.0064009278305176,-0.0039871183513696,-0.0154897832003863,-0.0166794353685005,-0.0185181750746594,-0.0137942550744759,-0.001976856280824099,0.0018179708763388994,-0.0095971780973999,-0.00030494553577059894,0.0010797004486885,0.0040830912949775,-0.0067509687926791,-0.0096810087358092,-0.0157273389914117,-0.001523068753734,0.0064009278305176,-0.0039871183513696,0.004510216799613701,0.0033205646314995,0.001481824925340599,0.006205744925524101,1.0,0.9583333333333333
62,5,1000,20,0.0186842679046164,0.020477781373926,0.0095896629158097,0.0197978788834794,0.0013304118389618,0.0041746833801892,-0.0049367041200949,-0.0093735345844265,-0.013542895314681,-0.0021054122985164,0.0057539198132812,-0.0038826479003819,-0.0152473180037096,-0.0172572088080057,-0.0172363647830327,-0.0145090578216952,-0.0013157320953836003,0.0004777813739260013,-0.010410337084190301,-0.00020212111652060175,0.0013304118389618,0.0041746833801892,-0.0049367041200949,-0.0093735345844265,-0.013542895314681,-0.0021054122985164,0.0057539198132812,-0.0038826479003819,0.004752681996290401,0.0027427911919943003,0.0027636352169672987,0.0054909421783048,1.0,1.0
63,5,1000,random,0.0166336995380216,0.0127452999529303,0.0094521842932816,0.0150250185857027,0.0006773047986645,0.008842149842317,-0.0148656494298093,-0.006931424353527,-0.019479147865512,-0.0043723974453332,0.0037645602819967,-0.0034117446430753,-0.0141194595015467,-0.0079348540541663,-0.0219761959275783,-0.0091431558825242,-0.003366300461978399,-0.0072547000470697,-0.010547815706718401,-0.004974981414297301,0.0006773047986645,0.008842149842317,-0.0148656494298093,-0.006931424353527,-0.019479147865512,-0.0043723974453332,0.0037645602819967,-0.0034117446430753,0.005880540498453301,0.0120651459458337,-0.001976195927578299,0.0108568441174758,1.0,0.875
64,5,100,1,0.0151243781381735,0.0239073241610584,0.0099023185447714,0.0206519621060844,-0.0047934310916766,0.0059329522080385,-0.0079333671948365,-0.0055004002708369,-0.0169350900894909,-0.0051538977246575,0.0031707019249869,-0.0046147058052424,-0.0123522091657124,-0.0189811376595168,-0.0198520966339579,-0.0107423817580671,-0.004875621861826501,0.0039073241610583995,-0.0100976814552286,0.0006519621060844007,-0.0047934310916766,0.0059329522080385,-0.0079333671948365,-0.0055004002708369,-0.0169350900894909,-0.0051538977246575,0.0031707019249869,-0.0046147058052424,0.007647790834287601,0.0010188623404831995,0.00014790336604210072,0.009257618241932901,1.0,0.9583333333333333
65,5,100,10,0.0183761137735546,0.0226367949351921,0.0121165564619863,0.0212920541416378,-0.0016644293239694,0.0053569387524594,-0.0044786322468356,-0.0072335231880864,-0.0144283056608652,-0.0020010731963044,0.0065327470516276,-0.005522858612278,-0.012280721955262,-0.0165669358734417,-0.0166844970982753,-0.0122142631469363,-0.001623886226445402,0.0026367949351920987,-0.0078834435380137,0.0012920541416377995,-0.0016644293239694,0.0053569387524594,-0.0044786322468356,-0.0072335231880864,-0.0144283056608652,-0.0020010731963044,0.0065327470516276,-0.005522858612278,0.007719278044738001,0.0034330641265583016,0.0033155029017247,0.007785736853063701,1.0,0.9583333333333333
66,5,100,20,0.0185934060736173,0.0221310969510259,0.0092236127959886,0.0219353384540348,-0.0041539827099682,0.0052528686923926,-0.0029937391119741,-0.0087190877670323,-0.0124519165956905,-0.003354437171925,0.0064275098117458,-0.0060231485902723,-0.0135665694704929,-0.0176270929987927,-0.0154561166412632,-0.0129504744985339,-0.0014065939263827008,0.0021310969510258994,-0.0107763872040114,0.001935338454034801,-0.0041539827099682,0.0052528686923926,-0.0029937391119741,-0.0087190877670323,-0.0124519165956905,-0.003354437171925,0.0064275098117458,-0.0060231485902723,0.0064334305295071,0.002372907001207302,0.004543883358736801,0.0070495255014661005,1.0,1.0
67,5,100,random,0.0158518100590949,0.0137968553018057,0.0121434306800551,0.0206534707656405,0.0028957786211285,0.0103048907113176,-0.0199502585381814,-0.0078298834166031,-0.0262677807001016,-0.0073923932151102,0.0126227608987573,-0.0063569266489892,-0.0097573710897115,-0.0168636870902997,-0.0372343592597521,-0.0049265936171133,-0.0041481899409051,-0.0062031446981943,-0.007856569319944901,0.0006534707656404987,0.0028957786211285,0.0103048907113176,-0.0199502585381814,-0.0078298834166031,-0.0262677807001016,-0.0073923932151102,0.0126227608987573,-0.0063569266489892,0.010242628910288501,0.0031363129097003,-0.017234359259752103,0.0150734063828867,0.9791666666666666,0.8124999999999999
68,5,50,1,0.0152124632065952,0.0235493489795952,0.0125534383985877,0.0183272925663761,-0.0055188893562935,0.0083295770091343,-0.0100083682402662,-0.0033472622004279,-0.0189672183035688,-0.0076846408367734,0.0026630842126831,0.0016137312641302,-0.0098186991881103,-0.0157627037613964,-0.0171020245041731,-0.0211882593776805,-0.0047875367934048,0.003549348979595201,-0.007446561601412301,-0.0016727074336238996,-0.0055188893562935,0.0083295770091343,-0.0100083682402662,-0.0033472622004279,-0.0189672183035688,-0.0076846408367734,0.0026630842126831,0.0016137312641302,0.0101813008118897,0.0042372962386036,0.002897975495826901,-0.0011882593776804985,1.0,0.9166666666666667
69,5,50,10,0.0146348388318857,0.022904800644129,0.0084617108675059,0.0181524330720465,0.0001970834216715,0.0066007181269964,-0.0065510484743664,-0.0108003910325809,-0.0182567310659044,-0.0007020444099225,0.0093777002128516,-0.0042867005133328,-0.0103174204012669,-0.0178044640847318,-0.0170008910224092,-0.0138013531523681,-0.0053651611681143005,0.002904800644128999,-0.011538289132494101,-0.0018475669279535006,0.0001970834216715,0.0066007181269964,-0.0065510484743664,-0.0108003910325809,-0.0182567310659044,-0.0007020444099225,0.0093777002128516,-0.0042867005133328,0.0096825795987331,0.0021955359152682,0.0029991089775908003,0.006198646847631901,0.9791666666666666,0.8958333333333334
70,5,50,20,0.0152865216003129,0.020921607596939,0.00999460765151,0.0169205928778016,0.0014236310077376,0.0059029515296338,-0.0048440769022407,-0.0088018434190957,-0.0151464286432543,-8.324978364235563e-05,0.0087049039145164,-0.0030335301648439,-0.0114032771094919,-0.0152689941534303,-0.016715198863736,-0.0146124462653647,-0.004713478399687101,0.0009216075969389996,-0.01000539234849,-0.0030794071221984,0.0014236310077376,0.0059029515296338,-0.0048440769022407,-0.0088018434190957,-0.0151464286432543,-8.324978364235563e-05,0.0087049039145164,-0.0030335301648439,0.0085967228905081,0.0047310058465697,0.0032848011362640005,0.0053875537346353,1.0,0.9583333333333333
71,5,50,random,0.0147550711992396,0.0185200669568868,0.0186049047842875,0.0116386286501929,-0.0073348114844447,0.0123496363922032,-0.0221139745992802,-0.0164131803665967,-0.0303719022198626,-0.0079630781571328,0.0048702588762705,0.0005520620560476,-0.0155136440913869,-0.0136782399331487,-0.0323211083612397,-0.0207379403597808,-0.0052449288007604,-0.0014799330431131998,-0.001395095215712499,-0.008361371349807101,-0.0073348114844447,0.0123496363922032,-0.0221139745992802,-0.0164131803665967,-0.0303719022198626,-0.0079630781571328,0.0048702588762705,0.0005520620560476,0.004486355908613101,0.0063217600668513,-0.012321108361239699,-0.0007379403597807983,0.9791666666666666,0.8333333333333334
72,6,1000,1,0.0093266890410154,0.0263271990863603,0.0133215730512342,0.0200296739304552,0.0028087181519842,0.0022092354802118,-0.0031646866325143,0.0020814169810791,0.0065793938043798,-0.0048324108029723,-0.0061635125510526,-0.0105890921950374,-0.0269822635449213,-0.0143908368488192,-0.0174032904267891,-0.032528748239989,-0.0106733109589846,0.0063271990863602995,-0.0066784269487658,2.9673930455199893e-05,0.0028087181519842,0.0022092354802118,-0.0031646866325143,0.0020814169810791,0.0065793938043798,-0.0048324108029723,-0.0061635125510526,-0.0105890921950374,-0.006982263544921298,0.005609163151180801,0.0025967095732109015,-0.012528748239988997,1.0,1.0
73,6,1000,10,0.0077359881630138,0.022487624995894,0.0127960354253184,0.0226972210372649,0.003469826207163,-0.0011193303017064,-0.0020256192264207,0.0021546057843349,0.0041583011825443,-0.0050688521185617,-0.0095344867702363,-0.0077400419495024,-0.0150946657190851,-0.0128788324941552,-0.0153746040331195,-0.0283698743338098,-0.0122640118369862,0.002487624995894,-0.007203964574681601,0.002697221037264899,0.003469826207163,-0.0011193303017064,-0.0020256192264207,0.0021546057843349,0.0041583011825443,-0.0050688521185617,-0.0095344867702363,-0.0077400419495024,0.0049053342809149,0.007121167505844801,0.0046253959668805,-0.008369874333809799,1.0,1.0
74,6,1000,20,0.0079034449404586,0.021752428718218,0.0131273953171396,0.0217603159716062,0.0044588957534777,-0.0015934082968858,-0.0019292698914601,0.0014031924318418,0.0043939129181494,-0.0060391544367672,-0.0090877853044354,-0.0050086431337676,-0.0160592457163327,-0.0123251193307471,-0.0152699058910094,-0.0285038834147575,-0.0120965550595414,0.0017524287182179993,-0.006872604682860401,0.0017603159716062002,0.0044588957534777,-0.0015934082968858,-0.0019292698914601,0.0014031924318418,0.0043939129181494,-0.0060391544367672,-0.0090877853044354,-0.0050086431337676,0.003940754283667299,0.0076748806692529,0.0047300941089906,-0.0085038834147575,1.0,1.0
75,6,1000,random,0.0052651333282239,0.0216007983117933,0.0125083126689503,0.0187263527775153,0.0042775767075628,-0.0063237382517852,-0.0003321844283266,-0.0032115024676664,-0.0005126541696053,-0.0063528381717186,-0.0145098575313124,-0.0012553618526557,-0.0139673049417789,-0.0093544044690709,-0.0190469409062531,-0.022030833110983,-0.0147348666717761,0.0016007983117933,-0.0074916873310497,-0.0012736472224847,0.0042775767075628,-0.0063237382517852,-0.0003321844283266,-0.0032115024676664,-0.0005126541696053,-0.0063528381717186,-0.0145098575313124,-0.0012553618526557,0.006032695058221101,0.0106455955309291,0.0009530590937469018,-0.002030833110983,1.0,0.9583333333333333
76,6,100,1,0.0064967193187843,0.0226222117738148,0.0132741588753859,0.0259604620296766,-0.0011244156745301,0.0008148081332078,-0.0037363365630332,-0.000936402347144,-0.0033886815877315,-0.0074829023190783,-0.0178773615363323,-0.0116101491992504,-0.0136956608795737,-0.0140511851083932,-0.0172189793709008,-0.0246248602785472,-0.013503280681215701,0.0026222117738147997,-0.0067258411246141,0.005960462029676601,-0.0011244156745301,0.0008148081332078,-0.0037363365630332,-0.000936402347144,-0.0033886815877315,-0.0074829023190783,-0.0178773615363323,-0.0116101491992504,0.0063043391204263,0.005948814891606801,0.002781020629099202,-0.004624860278547201,1.0,0.9375
77,6,100,10,0.0100818155618549,0.0215311662098043,0.0137429486589464,0.023263819788554,0.0034778308034357,-0.0002885421768329,-0.001085067381396,0.0008077480850766,0.0042676396825959,-0.0060052832342609,-0.0144275290948057,-0.0120069380479236,-0.0159932676811238,-0.0145484001554082,-0.0151694137074093,-0.0279723507128282,-0.0099181844381451,0.0015311662098042994,-0.0062570513410536,0.003263819788554001,0.0034778308034357,-0.0002885421768329,-0.001085067381396,0.0008077480850766,0.0042676396825959,-0.0060052832342609,-0.0144275290948057,-0.0120069380479236,0.004006732318876199,0.005451599844591801,0.004830586292590701,-0.007972350712828199,1.0,1.0
78,6,100,20,0.0108300659254817,0.0209754462880038,0.0139307325694986,0.023707045045885,0.0040881238995308,-0.0015681000804227,-0.0015319683468094,-0.0002437509150434,0.005110798751667,-0.0066953433468811,-0.0115884624619009,-0.0114716026249483,-0.0188273852380366,-0.0125744052991209,-0.014161041549628,-0.0265367345114173,-0.0091699340745183,0.0009754462880037992,-0.0060692674305014,0.0037070450458849998,0.0040881238995308,-0.0015681000804227,-0.0015319683468094,-0.0002437509150434,0.005110798751667,-0.0066953433468811,-0.0115884624619009,-0.0114716026249483,0.001172614761963401,0.0074255947008791,0.005838958450372,-0.0065367345114173,1.0,1.0
79,6,100,random,0.0153145283786991,0.021822425478458,0.0067965936626777,0.019177866163472,0.0040709243245645,-0.0067438492051578,-0.0019699468152562,0.0005051240190216,-0.0023018699380527,-0.0078108498709634,-0.0167732104461996,-0.0089682386893005,-0.0073849507932266,-0.0069358218937318,-0.017955566494184,-0.0280537761727836,-0.0046854716213009,0.001822425478457998,-0.0132034063373223,-0.0008221338365279988,0.0040709243245645,-0.0067438492051578,-0.0019699468152562,0.0005051240190216,-0.0023018699380527,-0.0078108498709634,-0.0167732104461996,-0.0089682386893005,0.0126150492067734,0.0130641781062682,0.002044433505816002,-0.008053776172783599,1.0,0.875
80,6,50,1,-0.0006569569438433,0.0291424884297906,0.0100522531353268,0.0191903276885977,0.0027501101423393,-0.0032309604408264,0.0063326346828037,0.0034382831920251,0.0063643479751911,-0.006979993743489,-0.0163888129019358,-0.0039906546272075,-0.0089986636632818,-0.010308542958062,-0.015679759024196,-0.0335596389513939,-0.0206569569438433,0.0091424884297906,-0.0099477468646732,-0.0008096723114023006,0.0027501101423393,-0.0032309604408264,0.0063326346828037,0.0034382831920251,0.0063643479751911,-0.006979993743489,-0.0163888129019358,-0.0039906546272075,0.0110013363367182,0.009691457041938,0.004320240975804,-0.013559638951393897,0.9166666666666667,0.9375
81,6,50,10,0.0073566567639616,0.0220828853826049,0.0118659488648362,0.0194598634479296,0.0020753730399128,-0.0002171579877421,-0.0025666325411309,0.0003588672068721,0.0064541527920495,-0.0044237459054826,-0.0106003300735986,-0.0096549339854603,-0.0172258791467472,-0.0127821444450189,-0.0162036891029196,-0.0302011003179234,-0.0126433432360384,0.0020828853826048987,-0.0081340511351638,-0.0005401365520703999,0.0020753730399128,-0.0002171579877421,-0.0025666325411309,0.0003588672068721,0.0064541527920495,-0.0044237459054826,-0.0106003300735986,-0.0096549339854603,0.0027741208532527997,0.0072178555549811,0.0037963108970804,-0.0102011003179234,1.0,1.0
82,6,50,20,0.0075122067347086,0.0221697323948162,0.0121263688427463,0.0182733553925708,0.0038133039932527,0.0007929784577905,-0.0001444795874877,0.0004156920761008,0.0052030236603823,-0.0052482764163141,-0.0106806503579891,-0.006667517309891,-0.0158641890571403,-0.0130489888137699,-0.0164718644010723,-0.0267588334595423,-0.0124877932652914,0.002169732394816201,-0.0078736311572537,-0.0017266446074292,0.0038133039932527,0.0007929784577905,-0.0001444795874877,0.0004156920761008,0.0052030236603823,-0.0052482764163141,-0.0106806503579891,-0.006667517309891,0.0041358109428597,0.006951011186230101,0.003528135598927701,-0.006758833459542299,1.0,1.0
83,6,50,random,0.0008034160495086,0.0275643753629967,0.0109481805553088,0.0131229413376451,0.0042881325276041,-0.0054574609981389,0.0123081635105593,-0.003234312941932,0.001339688868536,-0.0121008840515141,-0.0232094185562148,-0.0107593627503284,-0.0091368589457345,-0.0122081910451422,-0.0123267606647009,-0.025552302952751,-0.0191965839504914,0.0075643753629967,-0.0090518194446912,-0.0068770586623549,0.0042881325276041,-0.0054574609981389,0.0123081635105593,-0.003234312941932,0.001339688868536,-0.0121008840515141,-0.0232094185562148,-0.0107593627503284,0.0108631410542655,0.007791808954857801,0.007673239335299101,-0.005552302952750998,0.9166666666666666,0.8958333333333334
84,7,1000,1,0.0209541853813469,0.0152224961017049,0.014031112186366,0.0234041037442405,0.0011857263061333,0.0008263566743746,0.0020827658642517,0.001206449299831,0.012511165739111,0.0052944510953196,0.0007659989419905,-0.0002713542239701,-0.0134411395212086,-0.0250343263449859,-0.013945115748741,-0.0067824412758997,0.0009541853813468983,-0.0047775038982951,-0.0059688878136339996,0.003404103744240501,0.0011857263061333,0.0008263566743746,0.0020827658642517,0.001206449299831,0.012511165739111,0.0052944510953196,0.0007659989419905,-0.0002713542239701,0.0065588604787914,-0.0050343263449859,0.006054884251259,0.013217558724100301,1.0,1.0
85,7,1000,10,0.0188329434284767,0.0192753703630351,0.0168626676855368,0.0181663495463827,0.0017159853865304,-0.0018753197095266,0.0001686505700426,0.0027347270333663,0.0044732194915776,0.001569691122736,0.0004144503358093,-0.0001796901909497,-0.0148779081550789,-0.0219589816161522,-0.0185576628510825,-0.0131293680663261,-0.0011670565715233006,-0.0007246296369649019,-0.0031373323144632016,-0.0018336504536172991,0.0017159853865304,-0.0018753197095266,0.0001686505700426,0.0027347270333663,0.0044732194915776,0.001569691122736,0.0004144503358093,-0.0001796901909497,0.005122091844921101,-0.0019589816161522007,0.0014423371489175017,0.006870631933673901,1.0,1.0
86,7,1000,20,0.0181999148026319,0.0201618860252462,0.0157978937359142,0.0176773394910608,0.000871730648164,-0.0014049018663246,0.0005412091323305,0.0021742963953773,0.0050302678506829,0.0021723193259333,0.0013458751206739,-1.4875227167915203e-05,-0.0153369059632291,-0.0217331036336917,-0.0175214933894249,-0.0122166105680239,-0.001800085197368101,0.00016188602524620094,-0.004202106264085799,-0.0023226605089392005,0.000871730648164,-0.0014049018663246,0.0005412091323305,0.0021742963953773,0.0050302678506829,0.0021723193259333,0.0013458751206739,-1.4875227167915203e-05,0.0046630940367709,-0.0017331036336916995,0.0024785066105750993,0.007783389431976101,1.0,1.0
87,7,1000,random,0.0153253209101742,0.0137202099449758,0.0129598980230015,0.0163615277137692,-0.0038780891089432,-0.0078797263909699,0.0058231711296451,-0.0001420088670803,0.0042953273983902,0.0013138742903431,0.0055512595648936,0.0006377151199542,-0.0126516905283418,-0.0162603808285305,-0.0180484454497172,-0.0090458800077888,-0.004674679089825801,-0.006279790055024201,-0.007040101976998501,-0.0036384722862307997,-0.0038780891089432,-0.0078797263909699,0.0058231711296451,-0.0001420088670803,0.0042953273983902,0.0013138742903431,0.0055512595648936,0.0006377151199542,0.007348309471658201,0.0037396191714695014,0.0019515545502827997,0.0109541199922112,1.0,1.0
88,7,100,1,0.0168966101009315,0.0186594438964614,0.0121966135120324,0.0249285661656001,0.0019274173690272,-0.0051452425594936,-0.0033156442703591,-0.0021921755370979,-0.0006158027364679,-0.0019050995143279,-0.0046737289539133,-0.0035252982662525,-0.0098347484109367,-0.0239980252654341,-0.018710859150685,-0.0111708521478651,-0.0031033898990685017,-0.001340556103538601,-0.007803386487967601,0.004928566165600098,0.0019274173690272,-0.0051452425594936,-0.0033156442703591,-0.0021921755370979,-0.0006158027364679,-0.0019050995143279,-0.0046737289539133,-0.0035252982662525,0.0101652515890633,-0.003998025265434101,0.0012891408493150014,0.0088291478521349,1.0,1.0
89,7,100,10,0.0167720331716517,0.0201445562598399,0.0141717083226205,0.0189718286029123,0.0024685774539352,-0.0016569692267851,-0.0002965550519691,0.0017224464239168,0.0045296006786573,0.0005760049916683,3.416191049225412e-05,-0.0005371295576143,-0.0133351996221083,-0.02333528661887,-0.0200522488746028,-0.0115614885190296,-0.003227966828348302,0.00014455625983990014,-0.005828291677379501,-0.0010281713970877009,0.0024685774539352,-0.0016569692267851,-0.0002965550519691,0.0017224464239168,0.0045296006786573,0.0005760049916683,3.416191049225412e-05,-0.0005371295576143,0.006664800377891701,-0.00333528661887,-5.224887460280117e-05,0.0084385114809704,1.0,1.0
90,7,100,20,0.0153769467077947,0.0211378498514615,0.0144533411777676,0.0162604659784863,0.0011960808794062,-0.000713205622611,-0.001439544943406,0.0003515433524347,0.0057644232131317,0.0014179235392744,0.0013809002879595,0.0005678856606045,-0.0129659857438815,-0.0239517813906224,-0.0193780473887943,-0.0103518506128462,-0.0046230532922053,0.0011378498514614983,-0.0055466588222324,-0.0037395340215136998,0.0011960808794062,-0.000713205622611,-0.001439544943406,0.0003515433524347,0.0057644232131317,0.0014179235392744,0.0013809002879595,0.0005678856606045,0.0070340142561184996,-0.0039517813906224004,0.0006219526112056992,0.0096481493871538,1.0,1.0
91,7,100,random,0.0206680101294443,0.0127706632384502,0.0139558393239629,0.0261762647523393,-0.0017888742919172,-0.0135687056554828,0.0028127039675882,0.0033221170400953,0.0017777314658957,0.0004803548950814,0.0061576063602304,0.001233506393016,-0.013426334393022,-0.0203208121461156,-0.0220881772397734,-0.0036722711428173,0.0006680101294442992,-0.0072293367615498,-0.006044160676037101,0.006176264752339299,-0.0017888742919172,-0.0135687056554828,0.0028127039675882,0.0033221170400953,0.0017777314658957,0.0004803548950814,0.0061576063602304,0.001233506393016,0.006573665606978,-0.00032081214611559897,-0.002088177239773399,0.0163277288571827,1.0,0.9583333333333333
92,7,50,1,0.0168842441529811,0.0221129224652255,0.0133362376865098,0.0126906854487606,0.0082658729681789,-0.0008894182648125,0.0042911118495475,0.0013729827212362,0.0006105398149315,-0.0035775317948307,0.0061605533739799,-0.0069612143512566,-0.0240577775296243,-0.0257665543694696,-0.0191632398474253,-0.0118491878833695,-0.0031157558470189008,0.0021129224652255,-0.006663762313490201,-0.0073093145512394,0.0082658729681789,-0.0008894182648125,0.0042911118495475,0.0013729827212362,0.0006105398149315,-0.0035775317948307,0.0061605533739799,-0.0069612143512566,-0.004057777529624301,-0.005766554369469601,0.0008367601525747018,0.0081508121166305,1.0,1.0
93,7,50,10,0.0188751530450685,0.0220234930511903,0.0130434750985516,0.0173186866549863,0.0016025575695579,-0.0004933999474211,0.0037304669333668,0.0019666179697808,0.0058456084176025,-0.0013557387087623,-0.0001341819294511,0.0011341076522088,-0.019095961102797,-0.02006238583027,-0.0156018634306683,-0.0159145186405571,-0.0011248469549315007,0.0020234930511902997,-0.006956524901448401,-0.0026813133450136993,0.0016025575695579,-0.0004933999474211,0.0037304669333668,0.0019666179697808,0.0058456084176025,-0.0013557387087623,-0.0001341819294511,0.0011341076522088,0.0009040388972029988,-6.238583027000019e-05,0.0043981365693317,0.004085481359442901,1.0,1.0
94,7,50,20,0.0198995909058837,0.0225806162325814,0.0115619750299129,0.0149644822679705,-0.0002074065663317,-0.0039098264683946,0.0059171444593074,0.0016462617388098,0.0080676844733107,0.0005511715739166,0.0011603422486225,0.0002690654275611,-0.0182391896703209,-0.0190181906782425,-0.0171829747508401,-0.0137673790791827,-0.00010040909411630078,0.0025806162325813994,-0.0084380249700871,-0.005035517732029501,-0.0002074065663317,-0.0039098264683946,0.0059171444593074,0.0016462617388098,0.0080676844733107,0.0005511715739166,0.0011603422486225,0.0002690654275611,0.0017608103296791015,0.0009818093217574993,0.002817025249159902,0.0062326209208173,1.0,1.0
95,7,50,random,0.0153396312402907,0.0126872746826165,0.0268431993628991,-0.0048626236430728,0.0002571702146242,-0.0084105601052338,0.0046385040462605,0.0037693048751709,0.00298164649675,0.002199615133476,0.0011337068272047,-0.0060977328885509,-0.0200823826189308,-0.0152192971499836,-0.0076532258706839,-0.0143341354912151,-0.0046603687597093005,-0.0073127253173835005,0.006843199362899101,-0.0248626236430728,0.0002571702146242,-0.0084105601052338,0.0046385040462605,0.0037693048751709,0.00298164649675,0.002199615133476,0.0011337068272047,-0.0060977328885509,-8.238261893079787e-05,0.0047807028500164005,0.0123467741293161,0.005665864508784901,0.875,0.9791666666666666
96,8,1000,1,0.0155220042254326,0.0071464338306607,0.0176981268200616,0.0100254712349187,0.0123113546111047,0.0063039204211742,-0.0221265725870423,0.0152830242850649,-0.0050689499416434,0.0020781316688526,0.0092473013052507,-0.015407509839349,-0.018207929406259,-0.0153881460279791,-0.0322036422794441,-0.0090002834532435,-0.0044779957745674,-0.0128535661693393,-0.0023018731799384004,-0.0099745287650813,0.0123113546111047,0.0063039204211742,-0.0221265725870423,0.0152830242850649,-0.0050689499416434,0.0020781316688526,0.0092473013052507,-0.015407509839349,0.0017920705937410006,0.0046118539720209,-0.012203642279444097,0.0109997165467565,0.8958333333333333,0.8958333333333334
97,8,1000,10,0.0161798653309326,0.0129892097014925,0.0190064465664694,0.0122412565045113,0.007782702636602,0.0015811342888037,-0.011270040264647,0.0104751978747763,-0.0031229511167707,-0.0013558871534641,0.0087659438094616,-0.0118636636594324,-0.0191176472489026,-0.0154495021554492,-0.021977273135472,-0.010040356458465,-0.0038201346690674015,-0.007010790298507501,-0.0009935534335306015,-0.007758743495488701,0.007782702636602,0.0015811342888037,-0.011270040264647,0.0104751978747763,-0.0031229511167707,-0.0013558871534641,0.0087659438094616,-0.0118636636594324,0.000882352751097399,0.0045504978445508,-0.001977273135472,0.009959643541535,1.0,0.9583333333333334
98,8,1000,20,0.0161319321585247,0.0043328446647399,0.0186404387460846,0.0129695584668536,0.0071186408341863,0.0005365786496175,-0.0129345942743532,0.0106354558597712,-0.0028497800744792,-0.0024725510272701,0.00912514205008,-0.0125562192572877,-0.019697441495577,-0.0148389518209706,-0.0230899656778734,-0.0097777086941427,-0.003868067841475302,-0.0156671553352601,-0.0013595612539154013,-0.0070304415331464,0.0071186408341863,0.0005365786496175,-0.0129345942743532,0.0106354558597712,-0.0028497800744792,-0.0024725510272701,0.00912514205008,-0.0125562192572877,0.0003025585044230013,0.0051610481790294,-0.0030899656778734,0.010222291305857301,0.9375,0.9583333333333334
99,8,1000,random,0.0114380874733051,-0.0003051874618212,0.0203895058280805,0.0157529122525731,0.0008824924410935,0.0065788072465593,-0.0127104242911092,0.0075805238287462,-0.0027419028660192,-0.0010159246159225,0.0092849528702331,-0.0068918079863839,-0.0165471898208223,-0.0105615704605422,-0.0267898094821918,-0.0128629395253432,-0.008561912526694901,-0.0203051874618212,0.00038950582808049833,-0.004247087747426902,0.0008824924410935,0.0065788072465593,-0.0127104242911092,0.0075805238287462,-0.0027419028660192,-0.0010159246159225,0.0092849528702331,-0.0068918079863839,0.003452810179177701,0.009438429539457801,-0.006789809482191801,0.007137060474656801,0.9166666666666667,0.9791666666666666
100,8,100,1,0.0157840224451304,0.0040725086683551,0.0102755382589046,0.0093983453156847,0.0093466185241111,0.0001774712348999,-0.0079035430198712,-0.0024908872013719,0.0013868097300048,-0.0041047846853943,0.0107936146643504,-0.001373210280385,-0.0160622086838561,-0.0225492723743133,-0.020019267971856,-0.0089937179153792,-0.004215977554869601,-0.0159274913316449,-0.0097244617410954,-0.010601654684315301,0.0093466185241111,0.0001774712348999,-0.0079035430198712,-0.0024908872013719,0.0013868097300048,-0.0041047846853943,0.0107936146643504,-0.001373210280385,0.003937791316143899,-0.002549272374313301,-1.926797185599835e-05,0.0110062820846208,0.9166666666666667,1.0
101,8,100,10,0.0159307090876611,0.0118721181546189,0.0176091756581261,0.0111303790668959,0.0093956508825101,-0.0001387767871434,-0.0091765380971282,0.0055546455001081,-0.0006983651633918,-0.0042854611187132,0.0097774900958879,-0.0035848500389697,-0.0189939327429645,-0.0148379567626988,-0.0204711365623952,-0.0105927974195634,-0.004069290912338902,-0.0081278818453811,-0.0023908243418739004,-0.0088696209331041,0.0093956508825101,-0.0001387767871434,-0.0091765380971282,0.0055546455001081,-0.0006983651633918,-0.0042854611187132,0.0097774900958879,-0.0035848500389697,0.0010060672570355,0.005162043237301201,-0.0004711365623952003,0.0094072025804366,1.0,1.0
102,8,100,20,0.0164248136685994,0.0054928238744714,0.0154918201874434,0.0115767122209423,0.0077470509524277,-0.0011792601871481,-0.0117975621150105,0.0070488176392072,-0.0001014001569665,-0.0038425283178282,0.0098554619036421,-0.0061262464532562,-0.0195871344908646,-0.0142819515485741,-0.0206652147047403,-0.0120260191851464,-0.003575186331400599,-0.014507176125528602,-0.004508179812556601,-0.0084232877790577,0.0077470509524277,-0.0011792601871481,-0.0117975621150105,0.0070488176392072,-0.0001014001569665,-0.0038425283178282,0.0098554619036421,-0.0061262464532562,0.0004128655091353989,0.0057180484514259,-0.0006652147047402981,0.0079739808148536,0.9375,1.0
103,8,100,random,0.017785595149775,-0.0016117899946342,0.0237017038962501,0.0170279759058685,0.0055190312152687,0.0058957129573622,-0.0109794596887577,0.002427143674292,0.003885836201737,-0.004460879527331,0.0076020800104707,0.0140268396268704,-0.0194582079869905,-0.0121282913403407,-0.0320693436626781,-0.015714673812312,-0.002214404850225001,-0.0216117899946342,0.003701703896250099,-0.0029720240941315014,0.0055190312152687,0.0058957129573622,-0.0109794596887577,0.002427143674292,0.003885836201737,-0.004460879527331,0.0076020800104707,0.0140268396268704,0.000541792013009499,0.007871708659659301,-0.0120693436626781,0.004285326187688,0.875,1.0
104,8,50,1,0.0102171175070994,0.0110961415414819,0.0145503193526028,0.0144185214398001,0.0059922429515209,-0.0069556224630949,-0.019978399018472,0.0043624454499721,-0.000376221434555,-0.0035926952170402,-0.0008552661644252,-0.0127424558419087,-0.013037773183671,-0.0265209111532689,-0.0317479864026748,-0.0039786938767918,-0.0097828824929006,-0.0089038584585181,-0.0054496806473972,-0.005581478560199901,0.0059922429515209,-0.0069556224630949,-0.019978399018472,0.0043624454499721,-0.000376221434555,-0.0035926952170402,-0.0008552661644252,-0.0127424558419087,0.006962226816329001,-0.006520911153268898,-0.011747986402674802,0.0160213061232082,1.0,0.9166666666666666
105,8,50,10,0.0153751191518047,0.0374361164161446,0.0213976128875043,0.0118072781983334,0.0104251048348055,0.0031973318060918,-0.0149316506471302,0.0052582767559718,-0.0011175709060581,-0.0029683161087603,0.0073875013199941,-0.0144745446555766,-0.0204020796623484,-0.0150773264983315,-0.0227287523169851,-0.0049718943579231,-0.0046248808481953,0.017436116416144603,0.0013976128875042987,-0.008192721801666601,0.0104251048348055,0.0031973318060918,-0.0149316506471302,0.0052582767559718,-0.0011175709060581,-0.0029683161087603,0.0073875013199941,-0.0144745446555766,-0.000402079662348398,0.004922673501668501,-0.002728752316985099,0.0150281056420769,1.0,0.9583333333333334
106,8,50,20,0.0133434362526806,0.011179267569834,0.0190708551996744,0.0127313020472845,0.0116287642655382,0.0006387077407775,-0.0155295535126092,0.0053611378448467,-0.0023169761674421,-0.0070979709383461,0.0099428769829987,-0.0134114717041344,-0.020254262672091,-0.014505596715271,-0.0200402815466408,-0.0071650993294239,-0.0066565637473194,-0.008820732430166,-0.0009291448003256007,-0.0072686979527154996,0.0116287642655382,0.0006387077407775,-0.0155295535126092,0.0053611378448467,-0.0023169761674421,-0.0070979709383461,0.0099428769829987,-0.0134114717041344,-0.00025426267209099906,0.005494403284729001,-4.028154664079825e-05,0.012834900670576101,0.9791666666666666,0.9375
107,8,50,random,0.0052798345700866,0.0076553503414989,0.0147013208684783,0.0110348816137114,0.0048580365317014,0.0084681662433293,-0.0215571239372363,0.0090194754457612,0.0038920153895616,-0.0082192325813343,0.0019773451614284,-0.0021542971860609,-0.0139374950558321,-0.0101129121010619,-0.0130160632189347,-0.0116453171864058,-0.0147201654299134,-0.0123446496585011,-0.0052986791315217,-0.008965118386288601,0.0048580365317014,0.0084681662433293,-0.0215571239372363,0.0090194754457612,0.0038920153895616,-0.0082192325813343,0.0019773451614284,-0.0021542971860609,0.0060625049441679,0.0098870878989381,0.006983936781065301,0.008354682813594201,0.9166666666666667,0.9166666666666666
108,9,1000,1,0.0289469561678123,0.028451451243874,0.0183512668718023,0.028291272764948,0.0026501974284849,-0.0140695443976611,0.006033698197348,-0.0067793690974496,-0.0034160880874773,0.0022596843001403,-0.0046871811894125,0.0050237461577135,-0.0119890335996603,-0.0181418220988578,-0.0307013531619686,-0.0103871215616828,0.008946956167812301,0.008451451243874,-0.001648733128197702,0.008291272764948,0.0026501974284849,-0.0140695443976611,0.006033698197348,-0.0067793690974496,-0.0034160880874773,0.0022596843001403,-0.0046871811894125,0.0050237461577135,0.0080109664003397,0.0018581779011422016,-0.010701353161968599,0.0096128784383172,1.0,0.9583333333333333
109,9,1000,10,0.024969874888561,0.0308031736301965,0.0202273867117238,0.0304050623307096,0.0008769409199772,-0.0164401049438927,0.0042498752163446,-0.0051058561574106,-0.0026360497634969,0.0006566371005207,-0.0029926695684156,0.0030450426190136,-0.0156719086235602,-0.0162403923984322,-0.0349631076639719,-0.0116184330765507,0.004969874888560998,0.010803173630196498,0.00022738671172380098,0.010405062330709598,0.0008769409199772,-0.0164401049438927,0.0042498752163446,-0.0051058561574106,-0.0026360497634969,0.0006566371005207,-0.0029926695684156,0.0030450426190136,0.004328091376439802,0.0037596076015678007,-0.014963107663971898,0.0083815669234493,1.0,0.9375
110,9,1000,20,0.0257596454883324,0.0296474768445843,0.019099609168367,0.0297436463148257,0.0001482160773071,-0.0166787848388657,0.0044664383414326,-0.0053730755915733,-0.0014375195834698,-0.0001389625826565,-0.0041600400687321,0.003658863863924,-0.0172099565940685,-0.0167817251913808,-0.03502623833593,-0.0101486571269446,0.0057596454883323996,0.0096474768445843,-0.0009003908316329995,0.009743646314825698,0.0001482160773071,-0.0166787848388657,0.0044664383414326,-0.0053730755915733,-0.0014375195834698,-0.0001389625826565,-0.0041600400687321,0.003658863863924,0.002790043405931499,0.0032182748086191995,-0.01502623833593,0.0098513428730554,1.0,0.9791666666666666
111,9,1000,random,0.014775528493008,0.022478592076957,0.0113983482914443,0.0187786436625005,0.0010108117894235,-0.0154598085158533,0.0038004429227424,-0.0029405300082184,-0.0003503889118539,-0.0037789647095574,-0.0129102459510668,0.0062780573831079,-0.0193978734296482,-0.015921531929673,-0.0323248855057407,-0.0157521502195106,-0.005224471506992,0.002478592076956998,-0.0086016517085557,-0.0012213563374995004,0.0010108117894235,-0.0154598085158533,0.0038004429227424,-0.0029405300082184,-0.0003503889118539,-0.0037789647095574,-0.0129102459510668,0.0062780573831079,0.000602126570351802,0.0040784680703269995,-0.012324885505740697,0.0042478497804894,1.0,1.0
112,9,100,1,0.0224576986879891,0.0278638387326618,0.0284587643964411,0.0282037217124364,0.000786159000373,-0.0134787357745263,0.002815917799079,-0.0090599092650677,0.001119960036384,-0.0055717627834459,-0.0030944375166079,0.0039758542436138,-0.0162606232612377,-0.014848750860691,-0.0375718317263879,-0.0140060942454324,0.002457698687989101,0.0078638387326618,0.0084587643964411,0.008203721712436399,0.000786159000373,-0.0134787357745263,0.002815917799079,-0.0090599092650677,0.001119960036384,-0.0055717627834459,-0.0030944375166079,0.0039758542436138,0.0037393767387623005,0.005151249139309,-0.0175718317263879,0.0059939057545676,1.0,1.0
113,9,100,10,0.0231603671296699,0.0291150320220361,0.0281423325097199,0.0292237151729222,0.0013941015093876,-0.0128245455183921,0.0023498957117328,-0.0100675544128878,0.0003273421476286,-0.0027728827763647,-0.0062461229401054,0.0035748194587693,-0.0184230353784495,-0.0195565302841232,-0.0392428261581931,-0.0099334684007045,0.0031603671296699005,0.0091150320220361,0.0081423325097199,0.009223715172922201,0.0013941015093876,-0.0128245455183921,0.0023498957117328,-0.0100675544128878,0.0003273421476286,-0.0027728827763647,-0.0062461229401054,0.0035748194587693,0.0015769646215504987,0.0004434697158768007,-0.0192428261581931,0.0100665315992955,1.0,0.9583333333333334
114,9,100,20,0.0244819674824123,0.0279195396013305,0.0284850884109384,0.0283313985917745,-0.0005680056015354,-0.0128434372177862,0.0042909206658918,-0.0100940469197438,0.001417483992229,-0.0022552065846491,-0.0063443210944245,0.0035726758334207,-0.0223307305727386,-0.0222233358654024,-0.0399035263229829,-0.008517295836312,0.004481967482412301,0.007919539601330499,0.0084850884109384,0.008331398591774501,-0.0005680056015354,-0.0128434372177862,0.0042909206658918,-0.0100940469197438,0.001417483992229,-0.0022552065846491,-0.0063443210944245,0.0035726758334207,-0.002330730572738599,-0.002223335865402399,-0.0199035263229829,0.011482704163688,1.0,0.9583333333333334
115,9,100,random,0.0140536387650415,0.0164493636728448,0.0184889126998658,0.0170259282905431,0.005555546470768,-0.0169819534961423,0.0079145020632939,-0.0105246646885216,0.0035376239649547,-0.0067281860280221,-0.0167015029721856,0.002511077453871,-0.0258232489764837,-0.0164385602594782,-0.0432986550048282,-0.0168817940438534,-0.005946361234958501,-0.0035506363271552016,-0.0015110873001342,-0.0029740717094569012,0.005555546470768,-0.0169819534961423,0.0079145020632939,-0.0105246646885216,0.0035376239649547,-0.0067281860280221,-0.0167015029721856,0.002511077453871,-0.005823248976483699,0.0035614397405217997,-0.0232986550048282,0.0031182059561466018,1.0,0.9375
116,9,50,1,0.0295298987673485,0.0288411677282898,0.0207659289298313,0.0291189494227125,0.0034684324793209,-0.0166804899606209,0.0046968621886407,-0.0119703429178695,-0.0070593038782161,-0.0022601784334076,-0.0064229388271152,0.0033148120941747,-0.0185284510003329,-0.0139934640706018,-0.0453419669629128,-0.0058161048426092,0.0095298987673485,0.0088411677282898,0.0007659289298313013,0.009118949422712498,0.0034684324793209,-0.0166804899606209,0.0046968621886407,-0.0119703429178695,-0.0070593038782161,-0.0022601784334076,-0.0064229388271152,0.0033148120941747,0.0014715489996670987,0.006006535929398201,-0.025341966962912802,0.0141838951573908,1.0,0.8958333333333334
117,9,50,10,0.0268343061592044,0.0302714468034398,0.0207735396465831,0.0284795698154843,0.0037569527891117,-0.0170535181917852,0.0055340909876006,-0.0054212224869801,-0.0065156107810951,0.0002723757991014,-0.0041556524415945,0.0037597397756825,-0.0183352061710241,-0.0166905180727696,-0.036441526420661,-0.013036956639807,0.006834306159204398,0.0102714468034398,0.0007735396465830997,0.008479569815484301,0.0037569527891117,-0.0170535181917852,0.0055340909876006,-0.0054212224869801,-0.0065156107810951,0.0002723757991014,-0.0041556524415945,0.0037597397756825,0.0016647938289758996,0.0033094819272303996,-0.016441526420661,0.006963043360193001,1.0,0.9583333333333333
118,9,50,20,0.02691086425083,0.0282947743516116,0.0257458720211088,0.0301096555179016,0.0002032302795028,-0.0183727140501182,0.0056483476926969,-0.0052944976365514,-0.0050119416073183,-0.0008875883236851,-0.0035247658508637,0.0035364198991545,-0.0203554977884059,-0.0181280473693575,-0.0357147004259168,-0.00933196253557,0.006910864250829998,0.008294774351611599,0.005745872021108801,0.010109655517901599,0.0002032302795028,-0.0183727140501182,0.0056483476926969,-0.0052944976365514,-0.0050119416073183,-0.0008875883236851,-0.0035247658508637,0.0035364198991545,-0.00035549778840589935,0.0018719526306424997,-0.015714700425916796,0.01066803746443,1.0,0.9583333333333333
119,9,50,random,0.0217379329298254,0.0409569348217167,-0.001447194016222,0.0191641419798914,-0.0043470737740451,-0.0089825410032554,0.0057982070886449,0.009064434005315,-0.0065772384282455,-0.0030198948865215,-0.0249330513497473,0.0068369989558956,-0.0159563256220009,-0.0230371091959369,-0.0226160185808876,-0.019109292262365,0.0017379329298253983,0.0209569348217167,-0.021447194016222,-0.0008358580201086006,-0.0043470737740451,-0.0089825410032554,0.0057982070886449,0.009064434005315,-0.0065772384282455,-0.0030198948865215,-0.0249330513497473,0.0068369989558956,0.004043674377999101,-0.0030371091959368983,-0.0026160185808875996,0.0008907077376349992,0.9375,0.9166666666666666
120,10,1000,1,0.020040664522953,0.0158044481492861,0.0262073896302245,0.0132381777560041,0.002702755462584,-9.293231514747608e-05,0.0037967931899249,-0.0036723686667663,0.01748399148206,0.0002300367908955,0.0086839623327693,-0.0061613376071124,-0.0134473210053101,-0.0177018205000856,-0.0153923928092408,-0.0268336427659372,4.066452295299963e-05,-0.004195551850713901,0.006207389630224498,-0.0067618222439959005,0.002702755462584,-9.293231514747608e-05,0.0037967931899249,-0.0036723686667663,0.01748399148206,0.0002300367908955,0.0086839623327693,-0.0061613376071124,0.006552678994689901,0.002298179499914399,0.0046076071907592,-0.0068336427659372,0.9583333333333333,1.0
121,10,1000,10,0.0197870015870045,0.0163241209698066,0.023036149220213,0.0129797408152151,0.0044241712747711,0.0015852928090716,0.0014328081031874,-0.003272113262528,0.0125291715358527,0.0032739258200637,0.0050625684708266,-0.0009513421413473,-0.0132547128724296,-0.0199347137134834,-0.0104429803716878,-0.0255646260981368,-0.00021299841299550135,-0.0036758790301934,0.003036149220212999,-0.0070202591847849,0.0044241712747711,0.0015852928090716,0.0014328081031874,-0.003272113262528,0.0125291715358527,0.0032739258200637,0.0050625684708266,-0.0009513421413473,0.006745287127570401,6.528628651659985e-05,0.0095570196283122,-0.0055646260981368,1.0,1.0
122,10,1000,20,0.0187908762338638,0.0165125653431898,0.0230864905900061,0.0131272958056451,0.0045041250518061,0.0010379862308379,0.0001260881191151,-0.00290173953966,0.0128490902931323,0.0031510408937085,0.0057043268638121,-0.0010360674080516,-0.013877593172231,-0.0192591414341343,-0.0108497872791181,-0.0264533742809383,-0.001209123766136199,-0.003487434656810201,0.0030864905900061003,-0.0068727041943549005,0.0045041250518061,0.0010379862308379,0.0001260881191151,-0.00290173953966,0.0128490902931323,0.0031510408937085,0.0057043268638121,-0.0010360674080516,0.0061224068277689996,0.000740858565865702,0.0091502127208819,-0.006453374280938298,1.0,1.0
123,10,1000,random,0.0191676438948481,0.0185228455325116,0.0223661874018793,0.0135513161565388,0.0009972411284029,0.0020535472873917,-0.0085894255017287,-0.0049700422155139,0.0189788516133886,-0.0029057506235064,0.0031525730116019,-0.0031839414793478,-0.0140952232149988,-0.0198726325183291,-0.01022048957057,-0.0232086198280626,-0.0008323561051519004,-0.0014771544674884,0.0023661874018792994,-0.0064486838434612,0.0009972411284029,0.0020535472873917,-0.0085894255017287,-0.0049700422155139,0.0189788516133886,-0.0029057506235064,0.0031525730116019,-0.0031839414793478,0.0059047767850012,0.00012736748167090084,0.00977951042943,-0.0032086198280626005,0.9583333333333333,1.0
124,10,100,1,0.0214165351069925,0.0150582482082269,0.025598230449651,0.0163383454004694,0.0019974939041335,0.0037838961953811,0.0050482356565522,-0.0029271267858377,0.0080349209496919,0.0101384157131774,-0.0024205738255831,0.0046998935016359,-0.0155036962024719,-0.0285930906332152,0.0041370994403769,-0.0226134693551496,0.0014165351069924982,-0.0049417517917731,0.005598230449651,-0.003661654599530599,0.0019974939041335,0.0037838961953811,0.0050482356565522,-0.0029271267858377,0.0080349209496919,0.0101384157131774,-0.0024205738255831,0.0046998935016359,0.004496303797528101,-0.0085930906332152,0.0241370994403769,-0.002613469355149601,1.0,0.9166666666666667
125,10,100,10,0.0214541933791033,0.01594540493504,0.02026907525546,0.0147329593444886,0.0017891258956404,0.0012827623893337,0.0037269912318552,-0.0050396599351759,0.0081409895661277,0.0035554345132147,0.0020701668482728,-0.0015417137611164,-0.0146834543376502,-0.0262376663772847,-0.0095059179051006,-0.0276168047362909,0.0014541933791033003,-0.00405459506496,0.00026907525546000094,-0.005267040655511401,0.0017891258956404,0.0012827623893337,0.0037269912318552,-0.0050396599351759,0.0081409895661277,0.0035554345132147,0.0020701668482728,-0.0015417137611164,0.005316545662349801,-0.006237666377284699,0.010494082094899401,-0.007616804736290901,1.0,1.0
126,10,100,20,0.0213123952695241,0.0161120365611785,0.0214351593721073,0.0146625767090052,0.0034040400559227,0.0015951623853132,-8.858937977315166e-08,-0.0034846783643517,0.0091721417959637,0.0020680314551839,0.0035586208337261,-0.0007464394157473,-0.016320579586184,-0.024749781973083,-0.0102915340152198,-0.0297713997035562,0.0013123952695240984,-0.003887963438821501,0.0014351593721072982,-0.0053374232909948,0.0034040400559227,0.0015951623853132,-8.858937977315166e-08,-0.0034846783643517,0.0091721417959637,0.0020680314551839,0.0035586208337261,-0.0007464394157473,0.0036794204138160015,-0.004749781973083001,0.0097084659847802,-0.0097713997035562,1.0,1.0
127,10,100,random,0.0159598246146988,0.0088571067931344,0.0199027298635353,0.0208255026308683,-0.00569710053466,0.0155613816291128,-0.0053292575230262,-0.0095239903018719,0.0187976697285832,-0.003366674688183,-0.0001852201108668,-0.0050529672368104,-0.0064426156832248,-0.0189765867207773,-0.0074938046346318,-0.0161689518058826,-0.004040175385301201,-0.0111428932068656,-9.727013646470065e-05,0.0008255026308683008,-0.00569710053466,0.0155613816291128,-0.0053292575230262,-0.0095239903018719,0.0187976697285832,-0.003366674688183,-0.0001852201108668,-0.0050529672368104,0.0135573843167752,0.0010234132792227013,0.0125061953653682,0.0038310481941173993,0.9375,0.9583333333333333
128,10,50,1,0.0178740204515827,0.0113082329749561,0.0181030328355654,0.0069063212861131,0.0036588891252859,0.003398268190274,0.0067516512934358,-0.0024298561809202,0.0126928824137598,0.0048753847803644,-0.0021076708840547,-0.0046388921231109,-0.0086680129705339,-0.0236238914495036,-0.0087511438469003,-0.0370381596450354,-0.0021259795484173012,-0.0086917670250439,-0.0018969671644346008,-0.0130936787138869,0.0036588891252859,0.003398268190274,0.0067516512934358,-0.0024298561809202,0.0126928824137598,0.0048753847803644,-0.0021076708840547,-0.0046388921231109,0.0113319870294661,-0.003623891449503598,0.011248856153099701,-0.0170381596450354,0.9583333333333333,1.0
129,10,50,10,0.0211967364968637,0.0140458512377281,0.0225398448902101,0.013511523507573,0.002306643113867,0.0029343801380702,0.0018062699037964,-0.0009312303603424,0.0135016088063097,0.0037586587884555,0.0037675282901694,-0.0030487426358589,-0.0123375793933588,-0.0221523356217774,-0.0029895750371314,-0.0300600439020188,0.0011967364968636998,-0.005954148762271901,0.0025398448902100995,-0.006488476492427,0.002306643113867,0.0029343801380702,0.0018062699037964,-0.0009312303603424,0.0135016088063097,0.0037586587884555,0.0037675282901694,-0.0030487426358589,0.0076624206066412005,-0.0021523356217773987,0.0170104249628686,-0.010060043902018801,1.0,0.9791666666666666
130,10,50,20,0.0182275591465048,0.0137047577429401,0.0225742382607121,0.0147130468469993,0.0009466588788694,0.0035053885392985,0.0009778032298032,-0.00091522768906,0.0104340261508509,0.0049438846179502,0.0054672954170187,-0.0010708593189867,-0.0151137912356304,-0.0241008922887442,-0.0051986533473579,-0.0266136561433077,-0.0017724408534952017,-0.006295242257059901,0.0025742382607121007,-0.005286953153000701,0.0009466588788694,0.0035053885392985,0.0009778032298032,-0.00091522768906,0.0104340261508509,0.0049438846179502,0.0054672954170187,-0.0010708593189867,0.0048862087643696,-0.0041008922887442005,0.0148013466526421,-0.006613656143307698,1.0,1.0
131,10,50,random,0.0260936009726576,0.0206493998140898,0.0360315376013141,0.0223854738675204,-0.0003314435817575,-0.0041002365583523,0.0013752184755534,-0.0001576840463841,0.0258243378283627,0.0022276414223701,0.0089139158447591,-0.0082159237150702,-0.0234522699757843,-0.0333337539195532,-0.0006405543217312,-0.0138004322886429,0.006093600972657598,0.0006493998140898009,0.016031537601314098,0.0023854738675203983,-0.0003314435817575,-0.0041002365583523,0.0013752184755534,-0.0001576840463841,0.0258243378283627,0.0022276414223701,0.0089139158447591,-0.0082159237150702,-0.003452269975784298,-0.013333753919553198,0.0193594456782688,0.006199567711357101,0.9583333333333333,0.9583333333333334
132,11,1000,1,0.0183916673577331,0.0150663356888664,0.0160595644134087,0.0144002502278605,-0.0006168002585593,0.0005088372709478,0.0039310794468016,-0.0020984196917119,0.0006226888762394,0.0024110140658605,-0.0008698651042943,0.0047672560549386,-0.0278173056449463,-0.0176822071278056,-0.0115549695319737,-0.0179538679418106,-0.0016083326422669,-0.004933664311133601,-0.003940435586591299,-0.005599749772139501,-0.0006168002585593,0.0005088372709478,0.0039310794468016,-0.0020984196917119,0.0006226888762394,0.0024110140658605,-0.0008698651042943,0.0047672560549386,-0.007817305644946301,0.002317792872194399,0.008445030468026301,0.0020461320581894003,1.0,1.0
133,11,1000,10,0.0188284855808226,0.0132858133012904,0.019774110661059,0.0099026346118658,0.0028600222687374,0.0006707055648225,0.0021986258206588,-0.0007268285166512,2.9547410935675355e-06,0.0050404043065752,-0.0022399020728549,0.0035728633533401,-0.0290709014946253,-0.0243086182860483,-0.0157618895491081,-0.0199694072432832,-0.0011715144191773996,-0.006714186698709601,-0.00022588933894100022,-0.0100973653881342,0.0028600222687374,0.0006707055648225,0.0021986258206588,-0.0007268285166512,2.9547410935675355e-06,0.0050404043065752,-0.0022399020728549,0.0035728633533401,-0.009070901494625298,-0.0043086182860483,0.0042381104508919,3.059275671679976e-05,1.0,1.0
134,11,1000,20,0.0184387059293312,0.0133203156040359,0.0165640934168121,0.007967721756104,0.0018505233716921,0.0005370473181722,0.0006686431058906,-0.0007605392840705,-0.0006607677196756,0.0054170380386665,-0.0020419282033443,0.0031378872052032,-0.0282173587611595,-0.0224042430619864,-0.0177911705932732,-0.0206232127201851,-0.001561294070668802,-0.0066796843959641,-0.0034359065831878997,-0.012032278243896001,0.0018505233716921,0.0005370473181722,0.0006686431058906,-0.0007605392840705,-0.0006607677196756,0.0054170380386665,-0.0020419282033443,0.0031378872052032,-0.008217358761159501,-0.002404243061986399,0.0022088294067268005,-0.0006232127201851005,1.0,1.0
135,11,1000,random,0.0161778559791562,0.008126149514249,0.0187638584877314,0.0010312368149802,0.0055506786096919,0.0033602177011118,-0.0004792469799418,-0.0041622961615003,-0.0009334319225201,0.0075776382410776,-0.0003380222329264,0.0029887416218173,-0.0272237661363959,-0.0358759179186093,-0.0147861741589569,-0.0185933197566402,-0.003822144020843802,-0.011873850485751,-0.0012361415122685987,-0.0189687631850198,0.0055506786096919,0.0033602177011118,-0.0004792469799418,-0.0041622961615003,-0.0009334319225201,0.0075776382410776,-0.0003380222329264,0.0029887416218173,-0.007223766136395901,-0.0158759179186093,0.0052138258410431,0.0014066802433598015,0.9166666666666667,1.0
136,11,100,1,0.0143919910729932,0.0154914874680125,0.0222115726625035,0.0177846630228393,0.0063936581283132,-0.0006090925030649,0.0017831081260357,0.0070268628203471,-0.004990781744379,0.0018587010871755,-0.0070720983611895,0.0014414246459388,-0.022473127225819,-0.0155059675687752,-0.0134521835938267,-0.0283313756893383,-0.005608008927006801,-0.0045085125319875,0.0022115726625034984,-0.0022153369771607014,0.0063936581283132,-0.0006090925030649,0.0017831081260357,0.0070268628203471,-0.004990781744379,0.0018587010871755,-0.0070720983611895,0.0014414246459388,-0.002473127225819001,0.004494032431224801,0.0065478164061732996,-0.0083313756893383,1.0,1.0
137,11,100,10,0.0208707204999817,0.0155874049740753,0.0187469691468116,0.0150205297504364,0.003607473271324,-0.0008008928740298,0.0046101531055006,0.002314399027351,0.0014631129937805,0.0042975759946462,-0.0012900724212774,0.0032095316173743,-0.0287232424536467,-0.0188818317385379,-0.0126230869585525,-0.018729989580615,0.0008707204999817003,-0.0044125950259247,-0.0012530308531884006,-0.0049794702495636,0.003607473271324,-0.0008008928740298,0.0046101531055006,0.002314399027351,0.0014631129937805,0.0042975759946462,-0.0012900724212774,0.0032095316173743,-0.0087232424536467,0.0011181682614621012,0.0073769130414475005,0.001270010419385001,1.0,1.0
138,11,100,20,0.0198725292780236,0.0138628073841891,0.0159581838596441,0.0112591397577162,0.0033159840472989,0.0002634687413321,0.0030700554838356,0.0021217698321358,0.0019601966706535,0.0046236775985665,-0.0024908827801679,0.0026198100906819,-0.0284926997570833,-0.0167296413310443,-0.0165764738751334,-0.0215045470169852,-0.00012747072197639986,-0.0061371926158109,-0.004041816140355901,-0.0087408602422838,0.0033159840472989,0.0002634687413321,0.0030700554838356,0.0021217698321358,0.0019601966706535,0.0046236775985665,-0.0024908827801679,0.0026198100906819,-0.008492699757083298,0.003270358668955701,0.0034235261248665994,-0.0015045470169851999,1.0,1.0
139,11,100,random,0.0148982757776857,0.00374093307957,0.0196617493420542,0.0067136075404668,0.0022112126494843,0.000262408553619,-0.0012228507885262,-0.0011038731150817,-0.0074581238915042,0.00614424447515,0.0021478977486138,0.0029324640240418,-0.0257921736207013,-0.0292267831056114,-0.0174729963709647,-0.0167823354268525,-0.005101724222314301,-0.01625906692043,-0.0003382506579458003,-0.0132863924595332,0.0022112126494843,0.000262408553619,-0.0012228507885262,-0.0011038731150817,-0.0074581238915042,0.00614424447515,0.0021478977486138,0.0029324640240418,-0.0057921736207013005,-0.0092267831056114,0.0025270036290352994,0.0032176645731475002,0.9791666666666666,1.0
140,11,50,1,0.0194063358422716,0.0141726230790693,0.0280304570281704,0.0135263278144057,0.005609967276937,-0.0044458761150089,0.0053479412847273,0.0079818075772733,-0.0099960156212548,0.0057845430883119,0.0017035056458728,0.0013015776988674,-0.0265505727116122,-0.0217889316149857,-0.0207420418645461,-0.0229452065357612,-0.0005936641577284005,-0.0058273769209307,0.008030457028170401,-0.0064736721855943,0.005609967276937,-0.0044458761150089,0.0053479412847273,0.0079818075772733,-0.0099960156212548,0.0057845430883119,0.0017035056458728,0.0013015776988674,-0.006550572711612201,-0.0017889316149856983,-0.0007420418645461002,-0.002945206535761198,1.0,1.0
141,11,50,10,0.0171087767874543,0.0159508003483974,0.0172472056285119,0.0122186729363415,-0.0001699213670917,-0.0001548175584881,-0.0003198750091594,0.0031232275757976,-0.002436144772911,0.0054695493812268,0.000560091811939,0.003032935146239,-0.0296777087165867,-0.0224063634687489,-0.0169810377386452,-0.024020945077381,-0.0028912232125457016,-0.004049199651602602,-0.0027527943714881,-0.0077813270636585,-0.0001699213670917,-0.0001548175584881,-0.0003198750091594,0.0031232275757976,-0.002436144772911,0.0054695493812268,0.000560091811939,0.003032935146239,-0.0096777087165867,-0.002406363468748899,0.003018962261354799,-0.004020945077380999,1.0,1.0
142,11,50,20,0.0180194902561204,0.018390065169684,0.0130150842708529,0.0111031296890996,-0.0024396462839781,-0.002246489868076,-0.0006631422255415,0.0026380174425916,-0.0024567529851073,0.0048698461570754,0.0007412197598858,0.0025582712691459,-0.0255027867575097,-0.0222062912835294,-0.0162763687434291,-0.0261881952330293,-0.001980509743879602,-0.0016099348303160003,-0.0069849157291471,-0.0088968703109004,-0.0024396462839781,-0.002246489868076,-0.0006631422255415,0.0026380174425916,-0.0024567529851073,0.0048698461570754,0.0007412197598858,0.0025582712691459,-0.0055027867575097,-0.0022062912835294005,0.0037236312565709015,-0.006188195233029301,1.0,1.0
143,11,50,random,0.01882483375568,0.0013630152402439,0.0188287395765683,0.0149104078304998,-0.0054571817776162,-0.0037161742513127,-0.0077069075036593,-0.0002798514821793,-0.0118031402253718,0.0127639623566547,0.0124909546618601,0.0014723025496198,-0.0231360788544447,-0.0358102894829231,-0.012096269679975,-0.0287652935506503,-0.00117516624432,-0.0186369847597561,-0.0011712604234316998,-0.005089592169500201,-0.0054571817776162,-0.0037161742513127,-0.0077069075036593,-0.0002798514821793,-0.0118031402253718,0.0127639623566547,0.0124909546618601,0.0014723025496198,-0.0031360788544446995,-0.0158102894829231,0.007903730320025,-0.0087652935506503,0.9375,1.0
144,12,1000,1,0.0091708753868334,0.0125369252931808,0.0085294958357309,0.0170876856490671,0.0081207315869508,0.0020554677008512,0.0081932126897983,-0.004251242161475,-0.0064477306416588,-0.00267304014395,0.0052160530780002,-0.0102135212103316,-0.0201086168750725,-0.0152345777105045,-0.0224105373365851,-0.0149679284609171,-0.0108291246131666,-0.0074630747068192005,-0.011470504164269101,-0.0029123143509329,0.0081207315869508,0.0020554677008512,0.0081932126897983,-0.004251242161475,-0.0064477306416588,-0.00267304014395,0.0052160530780002,-0.0102135212103316,-0.00010861687507249945,0.0047654222894955005,-0.002410537336585101,0.005032071539082901,1.0,1.0
145,12,1000,10,0.0117910365488682,0.0166772392552597,0.013236234772653,0.0172996935514765,0.0076333569703874,-0.0027965619094941,0.0023412330567162,-0.0023133629451921,-0.0007173276280475,-0.0001540749599422,0.002326619528565,-0.0086133143332016,-0.0155293538049761,-0.0155354949543082,-0.0212589063055376,-0.0145264742769333,-0.0082089634511318,-0.0033227607447403017,-0.006763765227347,-0.002700306448523499,0.0076333569703874,-0.0027965619094941,0.0023412330567162,-0.0023133629451921,-0.0007173276280475,-0.0001540749599422,0.002326619528565,-0.0086133143332016,0.0044706461950239,0.0044645050456918,-0.0012589063055375993,0.0054735257230667,1.0,1.0
146,12,1000,20,0.0114351925390594,0.0171749716657973,0.0138483458360078,0.0164583717521621,0.0074659098767896,-0.0031662583744309,0.0021320031201391,-0.0015015444076982,-0.0010247585357244,-0.0008418364162795,0.0011240572439989,-0.008262074200281,-0.016864493920493,-0.0151280760573082,-0.0219993592154083,-0.0145839530606938,-0.0085648074609406,-0.0028250283342027005,-0.006151654163992201,-0.003541628247837901,0.0074659098767896,-0.0031662583744309,0.0021320031201391,-0.0015015444076982,-0.0010247585357244,-0.0008418364162795,0.0011240572439989,-0.008262074200281,0.0031355060795070014,0.0048719239426918,-0.001999359215408298,0.005416046939306201,1.0,1.0
147,12,1000,random,0.0101521339794495,0.0214142822170371,0.0163497791218524,0.0148336306554011,0.012139701905055,-0.0080909633601295,0.0019007044336083,-0.005755884565731,-0.0059174560309244,0.0020025574435783,-0.002463405665014,-0.0162193697537815,-0.0191463624650719,-0.0170862633963058,-0.0283215853373941,-0.0130997336779301,-0.0098478660205505,0.0014142822170370994,-0.003650220878147599,-0.0051663693445989,0.012139701905055,-0.0080909633601295,0.0019007044336083,-0.005755884565731,-0.0059174560309244,0.0020025574435783,-0.002463405665014,-0.0162193697537815,0.0008536375349280992,0.002913736603694199,-0.008321585337394098,0.006900266322069901,0.9791666666666666,0.9791666666666666
148,12,100,1,0.0099319961145855,0.0197297437861747,0.0176323881236595,0.0189182229296743,0.0080113702186227,-0.0070491142696642,0.0090679893961739,0.007361325341695,-0.0069328224010638,0.003711274286949,0.0005781322965398,-0.008078113379728,-0.0111637918183155,-0.0141512997896926,-0.0257092088214215,-0.0187998010748941,-0.010068003885414501,-0.0002702562138253012,-0.002367611876340499,-0.0010817770703256992,0.0080113702186227,-0.0070491142696642,0.0090679893961739,0.007361325341695,-0.0069328224010638,0.003711274286949,0.0005781322965398,-0.008078113379728,0.0088362081816845,0.0058487002103074,-0.005709208821421501,0.0012001989251059011,1.0,1.0
149,12,100,10,0.0111884783442938,0.0196619255930543,0.0150177042197669,0.0201028128623856,0.006237614473878,-0.0038752070042451,0.0049444715695856,-0.0033101181947698,-0.0030875230938216,0.0001277598414767,0.0028987814795412,-0.0080894848603506,-0.0150234927569765,-0.0173700917967987,-0.0227264670492701,-0.0161739364807492,-0.0088115216557062,-0.00033807440694570007,-0.0049822957802331,0.00010281286238560117,0.006237614473878,-0.0038752070042451,0.0049444715695856,-0.0033101181947698,-0.0030875230938216,0.0001277598414767,0.0028987814795412,-0.0080894848603506,0.0049765072430235004,0.0026299082032012998,-0.002726467049270098,0.0038260635192507997,1.0,1.0
150,12,100,20,0.010840785054215,0.0202847225469482,0.0177273216386991,0.0217909161309733,0.0063439435913607,-0.0019930395707668,0.0046542774405704,-0.0009403603100515,-0.0037703319006323,-0.0020532215394222,-0.000646018565245,-0.0069665484769724,-0.0180382136777872,-0.0153946313965518,-0.0256074855413815,-0.0159410661954633,-0.009159214945785001,0.0002847225469481997,-0.002272678361300899,0.0017909161309732982,0.0063439435913607,-0.0019930395707668,0.0046542774405704,-0.0009403603100515,-0.0037703319006323,-0.0020532215394222,-0.000646018565245,-0.0069665484769724,0.0019617863222128017,0.0046053686034482,-0.005607485541381501,0.004058933804536702,1.0,1.0
151,12,100,random,0.0096919096324181,0.0273844391984439,0.0234023685367729,0.0207099509425203,0.016211436723264,-0.0054724214196976,0.0077887688497974,-0.0064748117516886,-0.0071571710653983,-0.0011962808148888,-0.0018096413463973,-0.0152707387656267,-0.0227844258673273,-0.0100373515326826,-0.0113875221416143,-0.011473831657412,-0.0103080903675819,0.0073844391984439,0.0034023685367729,0.0007099509425202988,0.016211436723264,-0.0054724214196976,0.0077887688497974,-0.0064748117516886,-0.0071571710653983,-0.0011962808148888,-0.0018096413463973,-0.0152707387656267,-0.0027844258673273004,0.009962648467317401,0.0086124778583857,0.008526168342588,0.9791666666666666,0.9375
152,12,50,1,0.0068149024277921,0.0261253712838668,0.0146256114994304,0.0203227534960328,0.0050613488358778,-0.0080052380221081,-0.0004602720183033,-0.0099635904751781,0.0003690494441872,-0.0032924041444524,0.0094752701989998,-0.0129489831581547,-0.0156679727724823,-0.0152793087961972,-0.0229557789890675,-0.0138454429201768,-0.0131850975722079,0.006125371283866799,-0.0053743885005696004,0.0003227534960328002,0.0050613488358778,-0.0080052380221081,-0.0004602720183033,-0.0099635904751781,0.0003690494441872,-0.0032924041444524,0.0094752701989998,-0.0129489831581547,0.004332027227517701,0.0047206912038028,-0.0029557789890675007,0.0061545570798232,0.9791666666666666,1.0
153,12,50,10,0.0083258916361114,0.0170368155831912,0.0201906749330328,0.0188556996192988,0.004842225406709,-0.0038984579297201,0.002235049755124,-0.0062893293032634,-0.0025287878982361,-0.0044696022457179,0.00370117012749,-0.0112355348528066,-0.0124449248615291,-0.0135200568874491,-0.0229503043243693,-0.0168874902373022,-0.0116741083638886,-0.0029631844168088,0.00019067493303279864,-0.0011443003807012006,0.004842225406709,-0.0038984579297201,0.002235049755124,-0.0062893293032634,-0.0025287878982361,-0.0044696022457179,0.00370117012749,-0.0112355348528066,0.007555075138470901,0.006479943112550901,-0.0029503043243692996,0.0031125097626978,1.0,1.0
154,12,50,20,0.0112711645292862,0.0176327805429709,0.0224321204590967,0.0192748494061997,0.0066157008632033,-0.0031377658951935,0.003529693790752,-0.0017924433887713,5.624505299690217e-07,-0.0039546050204117,0.0019680171600551,-0.0113337044050694,-0.0150930168808111,-0.0131042337285632,-0.0241816907507555,-0.0152971719420459,-0.0087288354707138,-0.002367219457029099,0.002432120459096701,-0.0007251505938003014,0.0066157008632033,-0.0031377658951935,0.003529693790752,-0.0017924433887713,5.624505299690217e-07,-0.0039546050204117,0.0019680171600551,-0.0113337044050694,0.0049069831191889,0.006895766271436801,-0.004181690750755501,0.004702828057954101,1.0,1.0
155,12,50,random,-0.0050180211553938,0.0180668787533178,0.0325664461902579,0.0121048344995709,0.0049160851818152,-0.0104250302401031,0.0031026401824529,-5.865691473366438e-05,-0.0158626132654896,0.0040062622245147,-0.005075515111252,-0.0241288293427942,-0.02457838484362,-0.0129966466151734,-0.0605202083083314,-0.0172128207047944,-0.0250180211553938,-0.001933121246682202,0.012566446190257898,-0.0078951655004291,0.0049160851818152,-0.0104250302401031,0.0031026401824529,-5.865691473366438e-05,-0.0158626132654896,0.0040062622245147,-0.005075515111252,-0.0241288293427942,-0.004578384843619998,0.0070033533848266,-0.040520208308331404,0.0027871792952056003,0.9166666666666667,0.9375
156,13,1000,1,0.0175852504467731,0.0075311003550491,0.0157176752727698,0.0281172054468973,0.0017673443020802,-0.0063416840397036,0.0117802595025384,0.0002345005944548,-0.0002780684900206,-0.0099624029643034,-0.0041431532346189,0.0094607843629635,-0.0172288846890331,-0.025237855151858,-0.0137841200568387,-0.0211434128277633,-0.002414749553226899,-0.0124688996449509,-0.0042823247272302,0.0081172054468973,0.0017673443020802,-0.0063416840397036,0.0117802595025384,0.0002345005944548,-0.0002780684900206,-0.0099624029643034,-0.0041431532346189,0.0094607843629635,0.002771115310966899,-0.005237855151857998,0.0062158799431613,-0.0011434128277632988,0.9583333333333334,1.0
157,13,1000,10,0.0192822282958272,0.0094134523665668,0.0138165112125232,0.0240061054026116,0.0051489574790528,-0.0091893474164736,0.0133247565137786,-0.0002803370868461,0.0003031734984593,-0.0139849003860361,-0.0080407152439355,0.008914739732068,-0.0206658426387628,-0.0195663006796146,-0.0162210410057943,-0.0201296366938225,-0.0007177717041727989,-0.0105865476334332,-0.0061834887874768,0.0040061054026116,0.0051489574790528,-0.0091893474164736,0.0133247565137786,-0.0002803370868461,0.0003031734984593,-0.0139849003860361,-0.0080407152439355,0.008914739732068,-0.0006658426387627994,0.00043369932038540143,0.0037789589942056993,-0.0001296366938224984,0.9791666666666666,1.0
158,13,1000,20,0.019106640249592,0.0098582634630984,0.0134598411505548,0.0192810963262326,0.004691414025908,-0.010751639874708,0.0123426386892367,0.0004125210912108,0.0009897109038044,-0.0144520593528297,-0.0087840337929025,0.0092322793871069,-0.020414721040434,-0.0208911272623604,-0.0157286640568489,-0.0200465933283542,-0.0008933597504079994,-0.0101417365369016,-0.006540158849445201,-0.0007189036737673994,0.004691414025908,-0.010751639874708,0.0123426386892367,0.0004125210912108,0.0009897109038044,-0.0144520593528297,-0.0087840337929025,0.0092322793871069,-0.00041472104043399974,-0.0008911272623603993,0.0042713359431511,-4.659332835419902e-05,0.9791666666666666,1.0
159,13,1000,random,0.014777473129452,0.0094275293206431,0.0087369556980227,0.0145473789579025,0.0081012875027846,-0.0154908937339779,0.0084074424983459,-0.0004878051207027,0.0067859407211248,-0.0121078043203572,-0.0131623612256026,0.0072657943733566,-0.0195169939276002,-0.0227850657827092,-0.0147339569358842,-0.0180303275539279,-0.005222526870548,-0.010572470679356901,-0.0112630443019773,-0.0054526210420975,0.0081012875027846,-0.0154908937339779,0.0084074424983459,-0.0004878051207027,0.0067859407211248,-0.0121078043203572,-0.0131623612256026,0.0072657943733566,0.00048300607239979906,-0.0027850657827091993,0.005266043064115801,0.0019696724460721016,1.0,0.9791666666666666
160,13,100,1,0.0258891400382496,0.00686671077131,0.0177352574438351,0.0194385931699785,0.0015480838347147,-0.0072857328333188,0.0115394106589,-0.0010380387669013,-0.0012752890619167,-0.0167518222783959,-0.0074083079982647,0.0092398665337647,-0.0243018988294747,-0.0137548463406765,-0.0200135326680042,-0.0279458539644333,0.005889140038249599,-0.01313328922869,-0.002264742556164899,-0.0005614068300214999,0.0015480838347147,-0.0072857328333188,0.0115394106589,-0.0010380387669013,-0.0012752890619167,-0.0167518222783959,-0.0074083079982647,0.0092398665337647,-0.004301898829474699,0.0062451536593235,-1.3532668004200693e-05,-0.0079458539644333,0.9583333333333334,0.9791666666666666
161,13,100,10,0.022193266229359,0.0085177911493497,0.0133254111335092,0.0141430587165329,0.0033842340179313,-0.0096852011828833,0.0144048597441428,0.0004642820427577,0.0012030971410928,-0.0152218007557943,-0.0110425543512584,0.0109302514050909,-0.0225760275500595,-0.0170876720627031,-0.0148641492915576,-0.0212815102513959,0.002193266229359,-0.011482208850650301,-0.0066745888664908,-0.0058569412834671,0.0033842340179313,-0.0096852011828833,0.0144048597441428,0.0004642820427577,0.0012030971410928,-0.0152218007557943,-0.0110425543512584,0.0109302514050909,-0.0025760275500594995,0.002912327937296899,0.005135850708442401,-0.0012815102513959002,0.9166666666666667,0.9791666666666666
162,13,100,20,0.0211343586432819,0.0097026950566572,0.0141004200019307,0.0085628702158876,0.0044023273427304,-0.0131259924250007,0.0135073689533069,0.0002016368411326,0.0005254673792154,-0.0167373146270478,-0.0118443641591356,0.0126841882944995,-0.0243181415127045,-0.0222603819172897,-0.0155133573683612,-0.0210414173975546,0.0011343586432818985,-0.0102973049433428,-0.005899579998069301,-0.0114371297841124,0.0044023273427304,-0.0131259924250007,0.0135073689533069,0.0002016368411326,0.0005254673792154,-0.0167373146270478,-0.0118443641591356,0.0126841882944995,-0.004318141512704498,-0.002260381917289698,0.004486642631638801,-0.0010414173975545997,0.9166666666666667,0.9791666666666666
163,13,100,random,0.0225005548336895,0.0188499464233395,0.0115990499024318,0.0119722250894369,0.0064685555544859,-0.0171259694709657,0.0069657186007921,-0.0001077222328893,0.0083823394778885,-0.0138096171218061,-0.0111847115046261,0.0124509500165686,-0.0254704645277006,-0.0281470160379051,-0.0092746321707344,-0.0159077918502595,0.002500554833689498,-0.0011500535766604987,-0.0084009500975682,-0.0080277749105631,0.0064685555544859,-0.0171259694709657,0.0069657186007921,-0.0001077222328893,0.0083823394778885,-0.0138096171218061,-0.0111847115046261,0.0124509500165686,-0.0054704645277006,-0.0081470160379051,0.0107253678292656,0.004092208149740501,0.9583333333333333,0.9166666666666666
164,13,50,1,0.020310460172412,0.0093538638497314,0.0145669105191602,0.0258108085869311,0.0075107691504404,-0.0094226016475128,0.0041558634528889,0.0002628460119573,0.0014689006721954,-0.0128759200214177,-0.0093173208511958,0.0109635595859385,-0.0226633656789147,-0.0146068498129152,-0.0229692158706949,-0.0296784011172403,0.00031046017241199986,-0.0106461361502686,-0.005433089480839801,0.005810808586931098,0.0075107691504404,-0.0094226016475128,0.0041558634528889,0.0002628460119573,0.0014689006721954,-0.0128759200214177,-0.0093173208511958,0.0109635595859385,-0.0026633656789146996,0.0053931501870848,-0.002969215870694899,-0.0096784011172403,0.9791666666666666,1.0
165,13,50,10,0.022649446051417,0.0116256085248173,0.0166413520872683,0.0260939569176636,0.003223495253929,-0.0092041779818108,0.0131773762282104,-0.0020298035962342,-0.0022732973416417,-0.015412429021944,-0.0068211503606629,0.0104195447879484,-0.0220305567046355,-0.0204170641894232,-0.0152698169898483,-0.0230805918039738,0.002649446051416999,-0.0083743914751827,-0.003358647912731702,0.006093956917663599,0.003223495253929,-0.0092041779818108,0.0131773762282104,-0.0020298035962342,-0.0022732973416417,-0.015412429021944,-0.0068211503606629,0.0104195447879484,-0.0020305567046354986,-0.00041706418942320106,0.0047301830101517,-0.0030805918039738013,0.9791666666666666,0.9791666666666666
166,13,50,20,0.0229875245361601,0.0106164656895355,0.0163005117064587,0.019343159587628,0.0013991439986616,-0.0103033703712033,0.0110055848101425,-0.0005549496140602,0.0011746752952139,-0.0169287982679193,-0.0088828276398452,0.0116810734844449,-0.0248781320246932,-0.0190634760199688,-0.0131624013986985,-0.0213505146015271,0.0029875245361601008,-0.0093835343104645,-0.0036994882935412997,-0.0006568404123719999,0.0013991439986616,-0.0103033703712033,0.0110055848101425,-0.0005549496140602,0.0011746752952139,-0.0169287982679193,-0.0088828276398452,0.0116810734844449,-0.004878132024693199,0.0009365239800312002,0.0068375986013015,-0.0013505146015270995,0.9583333333333334,0.9791666666666666
167,13,50,random,0.0177708909319811,0.0074653968796267,0.0185826699942056,0.0172066192628428,0.0095664532602728,-0.0097891300666215,0.0043672812281505,0.0058393505130477,0.0050116688441231,-0.0092389639566101,-0.0130699472325698,0.0099840232857186,-0.0220332401283726,-0.0226474749814811,-0.0167729613491328,-0.0205089009725957,-0.0022291090680188995,-0.0125346031203733,-0.001417330005794401,-0.0027933807371572014,0.0095664532602728,-0.0097891300666215,0.0043672812281505,0.0058393505130477,0.0050116688441231,-0.0092389639566101,-0.0130699472325698,0.0099840232857186,-0.0020332401283725994,-0.002647474981481098,0.003227038650867202,-0.000508900972595698,0.9583333333333334,1.0
168,14,1000,1,0.019312867169514,0.0078167785196135,0.0218474368338769,0.0149753516208056,-0.0091482546328894,-0.0073484000427896,0.0076966790582942,-0.0032670141692587,-0.0101007228805634,0.0093241264510446,-0.0074150137276873,-0.000125099746622,-0.0139783677652112,-0.0062096298077255,-0.0116373000248373,-0.0129645999473909,-0.0006871328304859994,-0.0121832214803865,0.001847436833876899,-0.005024648379194401,-0.0091482546328894,-0.0073484000427896,0.0076966790582942,-0.0032670141692587,-0.0101007228805634,0.0093241264510446,-0.0074150137276873,-0.000125099746622,0.0060216322347888,0.013790370192274502,0.0083626999751627,0.0070354000526091,0.9791666666666666,0.9166666666666667
169,14,1000,10,0.0189989814299893,0.0065461782781544,0.0236135057843921,0.0195048437282933,-0.0203229608293102,-0.0066533049435271,-0.0009100428190649,-0.00177747909812,-0.0122436582610689,0.0070230165579134,-0.0084604005890088,0.0210661060189248,-0.0191018314901772,-0.006047117827019,-0.013276257527637,-0.0270053880351177,-0.0010010185700107012,-0.0134538217218456,0.0036135057843920994,-0.0004951562717066989,-0.0203229608293102,-0.0066533049435271,-0.0009100428190649,-0.00177747909812,-0.0122436582610689,0.0070230165579134,-0.0084604005890088,0.0210661060189248,0.0008981685098227998,0.013952882172981,0.006723742472363001,-0.007005388035117698,0.9166666666666667,0.8750000000000001
170,14,1000,20,0.0183482724675209,0.0064772257584273,0.0227456155446858,0.0198318016253573,-0.020294737280312,-0.0073573246959082,-0.0017042284334273,-0.0015092098256345,-0.0131769159266197,0.0069114836755238,-0.0072440400876385,0.0145649893079355,-0.0211489317458161,-0.0061826009122588,-0.0125863185228178,-0.0265694909753332,-0.0016517275324791011,-0.0135227742415727,0.0027456155446858,-0.00016819837464270015,-0.020294737280312,-0.0073573246959082,-0.0017042284334273,-0.0015092098256345,-0.0131769159266197,0.0069114836755238,-0.0072440400876385,0.0145649893079355,-0.0011489317458160987,0.0138173990877412,0.0074136814771822,-0.0065694909753332,0.9583333333333334,0.875
171,14,1000,random,0.0081314721213356,0.0072052238553519,0.005805471244199,0.0082175845682195,-0.0119529635853154,-0.0026895250922121,-0.0012804024283443,0.002694985620516,-0.0076949774624841,0.0036975351710606,-0.0025953466684016,0.0160419054685624,-0.0120928886055111,-0.0045548175286217,-0.0050494391297586,-0.0091339345663574,-0.0118685278786644,-0.0127947761446481,-0.014194528755801,-0.011782415431780501,-0.0119529635853154,-0.0026895250922121,-0.0012804024283443,0.002694985620516,-0.0076949774624841,0.0036975351710606,-0.0025953466684016,0.0160419054685624,0.007907111394488901,0.0154451824713783,0.014950560870241401,0.0108660654336426,0.9166666666666666,0.8958333333333334
172,14,100,1,0.0250827415574897,0.0129377095755623,0.0176528696072016,0.0173699240123652,-0.0259171399976348,-0.0019727607376673,-0.0025386475502024,-0.0019738936815414,-0.0126683136371089,0.0079110028302201,-0.0065026667760623,-0.0048697808795808,-0.0145832780076001,-0.0104885735636301,-0.015294643031384,-0.0267285000336925,0.0050827415574896985,-0.007062290424437701,-0.002347130392798401,-0.0026300759876347994,-0.0259171399976348,-0.0019727607376673,-0.0025386475502024,-0.0019738936815414,-0.0126683136371089,0.0079110028302201,-0.0065026667760623,-0.0048697808795808,0.005416721992399901,0.0095114264363699,0.004705356968616001,-0.0067285000336924985,1.0,0.9166666666666667
173,14,100,10,0.019489809723609,0.0070798748976143,0.0238268633122141,0.0218892122584247,-0.0233856089759895,-0.0036821947335746,-0.0024068990589994,-0.0006517194006228,-0.0129496612933615,0.0077428034378464,-0.005780847827087,0.0225576860949158,-0.0175677340737652,-0.0079014305669758,-0.0125051283938583,-0.0265651258862976,-0.000510190276391001,-0.012920125102385702,0.003826863312214098,0.0018892122584246995,-0.0233856089759895,-0.0036821947335746,-0.0024068990589994,-0.0006517194006228,-0.0129496612933615,0.0077428034378464,-0.005780847827087,0.0225576860949158,0.0024322659262348,0.0120985694330242,0.007494871606141701,-0.006565125886297599,0.9166666666666667,0.8958333333333334
174,14,100,20,0.0187792418333265,0.00828511387256,0.0222007441103887,0.0192738602902047,-0.0208756170874765,-0.0055559834562697,-0.0028881734081435,-0.0024145211197847,-0.0147161080071357,0.0077513657573479,-0.0049146606631401,0.011946174385664,-0.0218038902134832,-0.006708032486501,-0.0133853869863864,-0.0246660262758188,-0.0012207581666735003,-0.01171488612744,0.002200744110388699,-0.0007261397097952996,-0.0208756170874765,-0.0055559834562697,-0.0028881734081435,-0.0024145211197847,-0.0147161080071357,0.0077513657573479,-0.0049146606631401,0.011946174385664,-0.0018038902134831988,0.013291967513499,0.0066146130136136,-0.0046660262758187986,0.9791666666666666,0.9166666666666667
175,14,100,random,0.0206583782320487,0.0153251976600222,0.0137325122236262,0.0255879568415066,-0.0347948226415751,0.0053007211601586,0.0043203826461544,0.009049677182742,-0.0206917189300785,0.0088288806351515,-0.001804117516982,0.0133577596193772,-0.0302751941497187,-0.0120475665709494,-0.0144960721901241,-0.0118639324517325,0.0006583782320487008,-0.0046748023399778,-0.006267487776373801,0.005587956841506599,-0.0347948226415751,0.0053007211601586,0.0043203826461544,0.009049677182742,-0.0206917189300785,0.0088288806351515,-0.001804117516982,0.0133577596193772,-0.0102751941497187,0.0079524334290506,0.005503927809875901,0.008136067548267501,1.0,0.8541666666666667
176,14,50,1,0.0240947524474121,0.0093416905831674,0.0265891963332561,0.0263750766607113,-0.0177824103629612,-0.0010024994202104,-0.0038955413156015,-0.010141663901825,-0.0165861487411981,0.0088398284689616,-0.0114067926630499,-0.0011940767762159,-0.0157672954830412,-0.0129554174327432,-0.0088039824080943,-0.0308172415691253,0.0040947524474121005,-0.010658309416832601,0.006589196333256098,0.0063750766607112985,-0.0177824103629612,-0.0010024994202104,-0.0038955413156015,-0.010141663901825,-0.0165861487411981,0.0088398284689616,-0.0114067926630499,-0.0011940767762159,0.004232704516958799,0.007044582567256801,0.0111960175919057,-0.0108172415691253,1.0,0.8333333333333334
177,14,50,10,0.02055784876134,0.0059747920573188,0.0276000960632311,0.0207705899905131,-0.0280350188277691,-0.0098365801683182,-0.0059928920228368,-0.0056766249839453,-0.0151339791398373,0.0083308902005374,-0.0091703238184431,0.0235704449339608,-0.016028641527273,-0.007073036860238,-0.0136111641005325,-0.0227823232494569,0.0005578487613400011,-0.0140252079426812,0.007600096063231098,0.0007705899905131007,-0.0280350188277691,-0.0098365801683182,-0.0059928920228368,-0.0056766249839453,-0.0151339791398373,0.0083308902005374,-0.0091703238184431,0.0235704449339608,0.003971358472727001,0.012926963139762,0.006388835899467501,-0.0027823232494568993,0.9166666666666667,0.8333333333333334
178,14,50,20,0.0215600405998512,0.0061939926333069,0.0251370617142692,0.0212367259462489,-0.0238229490199728,-0.0100581480568723,-0.0098217534864001,-0.0064981203518638,-0.0165139119223691,0.0068321428934722,-0.0085346444634978,0.0053618179049862,-0.0184502993597541,-0.006407111993516,-0.0131573540720075,-0.021502354234007,0.0015600405998511986,-0.013806007366693102,0.005137061714269201,0.0012367259462488997,-0.0238229490199728,-0.0100581480568723,-0.0098217534864001,-0.0064981203518638,-0.0165139119223691,0.0068321428934722,-0.0085346444634978,0.0053618179049862,0.001549700640245899,0.013592888006484,0.0068426459279925,-0.0015023542340069987,0.9791666666666666,0.7916666666666667
179,14,50,random,0.0056058749786505,0.004705009727183,0.0022629772104083,0.0063041276791842,-0.0093349488322546,0.0005712628404924,-0.0015026267176637,0.0012791334678624,-0.0043877292546884,0.0020962682605481,0.0005113718956576,0.0261308152331026,-0.0050090114034952,-0.0025182870894637,-0.0031415947498821,-0.0081679059968376,-0.0143941250213495,-0.015294990272817,-0.0177370227895917,-0.0136958723208158,-0.0093349488322546,0.0005712628404924,-0.0015026267176637,0.0012791334678624,-0.0043877292546884,0.0020962682605481,0.0005113718956576,0.0261308152331026,0.0149909885965048,0.0174817129105363,0.0168584052501179,0.0118320940031624,0.9166666666666666,0.875
180,15,1000,1,0.0121055888459806,0.0117047827196963,0.0243254998918884,0.0244705621106435,0.0039639690700192,0.0044435456424398,-0.0200076470897869,0.0014313443822774,-0.0002346135269115,0.0032258518444799,-0.0027691713516835,-0.0030424657601622,-0.0165258292348854,-0.0220368451521073,-0.0274894903309965,-0.0338407297066982,-0.0078944111540194,-0.008295217280303701,0.0043254998918884,0.004470562110643499,0.0039639690700192,0.0044435456424398,-0.0200076470897869,0.0014313443822774,-0.0002346135269115,0.0032258518444799,-0.0027691713516835,-0.0030424657601622,0.003474170765114599,-0.002036845152107298,-0.007489490330996499,-0.0138407297066982,1.0,0.9791666666666666
181,15,1000,10,0.0130832551044762,0.0159228156500462,0.0240012567310537,0.020062417428114,0.0009591241008371,0.0037719140937563,-0.0164345816086545,0.0004731011975366,-0.0024983898947176,0.006235802361715,-0.009660367269546,-0.0043862709804956,-0.0237178846844625,-0.0211336056827877,-0.034993768608189,-0.0314833321377837,-0.0069167448955238,-0.0040771843499538,0.004001256731053698,6.241742811400122e-05,0.0009591241008371,0.0037719140937563,-0.0164345816086545,0.0004731011975366,-0.0024983898947176,0.006235802361715,-0.009660367269546,-0.0043862709804956,-0.0037178846844624983,-0.0011336056827877007,-0.014993768608189,-0.011483332137783697,1.0,1.0
182,15,1000,20,0.0131490293561167,0.0144082792768157,0.0236910398078142,0.0191398157014299,0.0008210984096897,0.0040487453339797,-0.0149008099751563,-0.0001190412996594,-0.0016677665292577,0.0064588219199704,-0.0091212573662356,-0.0046686716287553,-0.0237587805942941,-0.0211051881967082,-0.0359912262410826,-0.033580418592691,-0.0068509706438833005,-0.0055917207231843,0.003691039807814201,-0.0008601842985700991,0.0008210984096897,0.0040487453339797,-0.0149008099751563,-0.0001190412996594,-0.0016677665292577,0.0064588219199704,-0.0091212573662356,-0.0046686716287553,-0.0037587805942941,-0.0011051881967081983,-0.0159912262410826,-0.013580418592691,1.0,1.0
183,15,1000,random,0.0120501374287956,0.0061002803769496,0.0199402774853848,0.0163014880413962,0.0156452638420408,0.0061630924715443,-0.0156585150681956,-0.0033685148846263,-0.0041789914768667,0.0046656953257357,-0.0020548361953654,-0.0101828299917985,-0.0309395211577466,-0.0155472224801773,-0.019929584145211,-0.0334359604882352,-0.0079498625712044,-0.0138997196230504,-5.972251461519931e-05,-0.003698511958603802,0.0156452638420408,0.0061630924715443,-0.0156585150681956,-0.0033685148846263,-0.0041789914768667,0.0046656953257357,-0.0020548361953654,-0.0101828299917985,-0.010939521157746601,0.0044527775198227,7.041585478900075e-05,-0.013435960488235203,0.9375,0.9791666666666666
184,15,100,1,0.0141559867894032,0.0104506383863077,0.0229788464985326,0.0236606840497154,0.0093944078384035,0.0053786997015691,-0.0155349452015759,0.0017450751859965,-0.0036112760850861,0.0093458390546557,-0.0230673203410342,-0.0091501553943362,-0.0268737210233817,-0.0148637795532908,-0.0333205469618903,-0.0308433310632166,-0.005844013210596801,-0.009549361613692301,0.002978846498532601,0.0036606840497153993,0.0093944078384035,0.0053786997015691,-0.0155349452015759,0.0017450751859965,-0.0036112760850861,0.0093458390546557,-0.0230673203410342,-0.0091501553943362,-0.006873721023381699,0.005136220446709201,-0.013320546961890303,-0.0108433310632166,1.0,0.9583333333333334
185,15,100,10,0.0143905612241009,0.0160843144214577,0.0228343519380708,0.0214063060747777,0.0074741112736981,0.0026829067374677,-0.0183140488305225,0.0007405430485283,-0.0040856064506743,0.0006825827213258,-0.0179610122483983,-0.0106795559757138,-0.0263117261864888,-0.0203808360280893,-0.0276979797371682,-0.0356080358674232,-0.0056094387758991,-0.0039156855785422995,0.0028343519380708004,0.001406306074777701,0.0074741112736981,0.0026829067374677,-0.0183140488305225,0.0007405430485283,-0.0040856064506743,0.0006825827213258,-0.0179610122483983,-0.0106795559757138,-0.0063117261864888,-0.0003808360280893007,-0.007697979737168199,-0.015608035867423199,1.0,1.0
186,15,100,20,0.0156251404233311,0.0136226082144648,0.0241499634143399,0.0212475616718602,0.0082117340207837,0.0020748708717706,-0.0149011732694323,0.0010346746162419,-0.0036349330744115,0.0029671898411013,-0.0123289366535309,-0.0100244660376128,-0.0247732151595344,-0.0181878017665569,-0.0315669913576978,-0.0402411147726147,-0.004374859576668902,-0.006377391785535201,0.004149963414339899,0.0012475616718602006,0.0082117340207837,0.0020748708717706,-0.0149011732694323,0.0010346746162419,-0.0036349330744115,0.0029671898411013,-0.0123289366535309,-0.0100244660376128,-0.0047732151595344,0.0018121982334430992,-0.011566991357697797,-0.020241114772614702,1.0,1.0
187,15,100,random,0.016196873545473,0.0014753764971554,0.0214826674377969,0.0226001401914991,0.0313726041289565,0.0074574649735915,-0.0248858430392325,-0.006039289540436,-0.0035075451962546,-0.004782039147184,-0.0129153853399666,-0.0222853674389613,-0.0348490086872516,-0.0157522187546611,-0.0185219568652404,-0.0234948153873626,-0.003803126454527,-0.0185246235028446,0.0014826674377968994,0.0026001401914990986,0.0313726041289565,0.0074574649735915,-0.0248858430392325,-0.006039289540436,-0.0035075451962546,-0.004782039147184,-0.0129153853399666,-0.0222853674389613,-0.014849008687251596,0.004247781245338901,0.0014780431347596011,-0.0034948153873625987,0.8958333333333334,0.8958333333333334
188,15,50,1,0.0155786486318353,0.0214678901399613,0.0352945285807174,0.0282631641962698,-0.0085466700216087,0.0102176934551504,-0.0120794066291318,0.0024437970208575,-0.003061374025539,-0.0074039234620877,-0.0087590070755821,0.0001427100515491,-0.0306400048601477,-0.03367797082597,-0.0577266247801891,-0.0313042868675022,-0.0044213513681647006,0.001467890139961299,0.015294528580717403,0.008263164196269799,-0.0085466700216087,0.0102176934551504,-0.0120794066291318,0.0024437970208575,-0.003061374025539,-0.0074039234620877,-0.0087590070755821,0.0001427100515491,-0.010640004860147701,-0.013677970825970002,-0.037726624780189094,-0.011304286867502202,1.0,1.0
189,15,50,10,0.0141721578709311,0.0139861525493212,0.0292398797356611,0.0222055692402719,-0.0101765330076404,0.0071557334896326,-0.012542665058562,0.0002072255552158,-0.000573482828855,0.0010217660164176,-0.002839383175517,-0.0026251698769934,-0.0249653682844716,-0.0248438885072559,-0.0484118427068892,-0.0187290234950644,-0.005827842129068901,-0.006013847450678801,0.009239879735661101,0.0022055692402719006,-0.0101765330076404,0.0071557334896326,-0.012542665058562,0.0002072255552158,-0.000573482828855,0.0010217660164176,-0.002839383175517,-0.0026251698769934,-0.0049653682844716,-0.004843888507255898,-0.028411842706889196,0.0012709765049356003,1.0,1.0
190,15,50,20,0.0162657433193125,0.0127661929410848,0.030313761609641,0.0216138177005726,-0.0140677117589095,0.0069072653900775,-0.0126452213331824,0.0020253369937849,-0.0012943114062241,0.0046256915009662,-0.0051840873852792,-0.0041200507923448,-0.0264190205086998,-0.0233954339414842,-0.052519974907175,-0.022690783963201,-0.003734256680687501,-0.007233807058915201,0.010313761609640999,0.0016138177005726,-0.0140677117589095,0.0069072653900775,-0.0126452213331824,0.0020253369937849,-0.0012943114062241,0.0046256915009662,-0.0051840873852792,-0.0041200507923448,-0.0064190205086997985,-0.0033954339414841994,-0.032519974907174995,-0.0026907839632010003,1.0,1.0
191,15,50,random,0.0249234489694814,0.0085972463781366,0.0193011748848801,0.0186679819978602,0.0111994214853649,-0.0010056316637577,-0.0326900956611626,-0.002592514150722,-0.0084961846407042,0.0004070338806645,0.0017424779199299,-0.0146743031483723,-0.0343568002452194,-0.0240320342660081,-0.0289899362583675,-0.0273862965889649,0.004923448969481398,-0.011402753621863401,-0.0006988251151198999,-0.0013320180021397995,0.0111994214853649,-0.0010056316637577,-0.0326900956611626,-0.002592514150722,-0.0084961846407042,0.0004070338806645,0.0017424779199299,-0.0146743031483723,-0.0143568002452194,-0.004032034266008101,-0.008989936258367498,-0.007386296588964898,0.9791666666666666,0.9375
192,16,1000,1,0.0311961965614724,0.0283954188131205,0.0292335321485844,0.0241453281834187,0.0116363590900571,-0.0025736145958671,0.0041298194487078,-0.002416546780608,0.0177577313436727,0.0016578557502862,-0.0019299990022679,0.004820928248754,-0.0190435058382894,-0.0260203947724233,-0.0146736043564349,-0.0303978385188982,0.011196196561472398,0.0083954188131205,0.009233532148584401,0.004145328183418701,0.0116363590900571,-0.0025736145958671,0.0041298194487078,-0.002416546780608,0.0177577313436727,0.0016578557502862,-0.0019299990022679,0.004820928248754,0.000956494161710602,-0.006020394772423301,0.0053263956435651,-0.010397838518898198,1.0,1.0
193,16,1000,10,0.0242355656182499,0.0259483270880184,0.0244520173183647,0.0226059916817346,0.0091010984736128,-0.003141969478677,0.0036380013628129,-0.0001357509490389,0.008498597234792,0.0032142420927119,-0.0058247131467824,0.0011164910125969,-0.0188564766290308,-0.017933302536141,-0.0126266955200386,-0.0282001425523236,0.004235565618249899,0.005948327088018398,0.004452017318364698,0.0026059916817346013,0.0091010984736128,-0.003141969478677,0.0036380013628129,-0.0001357509490389,0.008498597234792,0.0032142420927119,-0.0058247131467824,0.0011164910125969,0.0011435233709692003,0.002066697463858999,0.007373304479961401,-0.0082001425523236,1.0,1.0
194,16,1000,20,0.0234918200073599,0.0255510477162308,0.02152200964974,0.0219804113695781,0.0093595337883621,-0.0035612105126283,0.0043132800511004,-0.0005270942904994,0.0114112181342865,0.002969573097325,-0.0051954311088213,0.0024892850495224,-0.0191713122771258,-0.0197342241202023,-0.0120999394457936,-0.0274592108224895,0.0034918200073599005,0.0055510477162308,0.0015220096497399992,0.0019804113695780987,0.0093595337883621,-0.0035612105126283,0.0043132800511004,-0.0005270942904994,0.0114112181342865,0.002969573097325,-0.0051954311088213,0.0024892850495224,0.0008286877228741996,0.0002657758797976993,0.0079000605542064,-0.007459210822489501,1.0,1.0
195,16,1000,random,0.0152063983079109,0.0260537144031212,0.0162342623141409,0.0211177301981748,0.0085218223885344,-0.0062945253399493,0.0009285891164344,-0.0008431777689663,0.0215708400954772,0.0065487600576593,0.0007680313944375,-0.0032362134774203,-0.0112804028592165,-0.0235058540271353,-0.008479279436766,-0.0266650543899759,-0.004793601692089101,0.006053714403121198,-0.0037657376858591003,0.0011177301981748003,0.0085218223885344,-0.0062945253399493,0.0009285891164344,-0.0008431777689663,0.0215708400954772,0.0065487600576593,0.0007680313944375,-0.0032362134774203,0.0087195971407835,-0.0035058540271353,0.011520720563234001,-0.006665054389975899,0.9375,1.0
196,16,100,1,0.0190339975532965,0.0278514733029374,0.0259076144436954,0.0222062974456014,0.0050954142956746,0.0019939216365547,0.0058286738596336,0.0004730313949363,0.007370224836252,-0.0021727971177682,-0.0052132308834075,0.0027269648223712,-0.0141710110671346,-0.0169550023520504,-0.0149163648973365,-0.0310580966984583,-0.0009660024467035011,0.007851473302937399,0.005907614443695398,0.002206297445601399,0.0050954142956746,0.0019939216365547,0.0058286738596336,0.0004730313949363,0.007370224836252,-0.0021727971177682,-0.0052132308834075,0.0027269648223712,0.0058289889328654,0.003044997647949601,0.0050836351026635005,-0.011058096698458298,1.0,1.0
197,16,100,10,0.0228659734676307,0.0248126393013443,0.0276582559257614,0.0205440565948399,0.0097451805902263,-0.0024802477354014,0.0007265385042447,0.0003835440859582,0.0066040468339885,0.0059128194105385,-0.0014396284814459,0.003538628498257,-0.0171436550484539,-0.0213124729433648,-0.0120839872089876,-0.0291100333416636,0.002865973467630699,0.004812639301344301,0.007658255925761401,0.0005440565948399007,0.0097451805902263,-0.0024802477354014,0.0007265385042447,0.0003835440859582,0.0066040468339885,0.0059128194105385,-0.0014396284814459,0.003538628498257,0.002856344951546099,-0.001312472943364798,0.0079160127910124,-0.0091100333416636,1.0,1.0
198,16,100,20,0.0211659211561405,0.0246229815347626,0.0218715213300155,0.0197937057360475,0.0107209453501716,-0.0033498676337894,0.0020582188599029,-0.0002063196746702,0.0112818161657387,0.0045726467954597,0.0006380034241572,0.0039307353988344,-0.0175253187919852,-0.0235708212413808,-0.0105447741810678,-0.0238954242967709,0.0011659211561405002,0.0046229815347626005,0.0018715213300154986,-0.00020629426395250144,0.0107209453501716,-0.0033498676337894,0.0020582188599029,-0.0002063196746702,0.0112818161657387,0.0045726467954597,0.0006380034241572,0.0039307353988344,0.0024746812080147992,-0.003570821241380799,0.009455225818932201,-0.003895424296770901,1.0,1.0
199,16,100,random,0.0152329829529203,0.0215287195422519,0.019326694913035,0.0189313285250188,0.006117324523524,-0.00293612871356,-0.0019084467466373,-4.340766080163972e-05,0.0242967039717309,0.0049011691744643,-0.0021457348482815,-0.0033540983598856,-0.0081570354264191,-0.0187480285648431,-0.0097551761095379,-0.0249297696443636,-0.0047670170470797,0.001528719542251901,-0.0006733050869650002,-0.0010686714749812004,0.006117324523524,-0.00293612871356,-0.0019084467466373,-4.340766080163972e-05,0.0242967039717309,0.0049011691744643,-0.0021457348482815,-0.0033540983598856,0.0118429645735809,0.0012519714351569011,0.0102448238904621,-0.004929769644363601,0.9166666666666666,1.0
200,16,50,1,0.0201399358381826,0.0280011320993956,0.0218650782003707,0.0169118411180868,-0.0032809852639366,0.0022973761113173,-0.0027304585832338,0.0011799688253575,0.0054953234384558,-0.002195026118797,-0.0067632297015497,0.0029456347887201,-0.0205006899024112,-0.0118665859746722,-0.0095747121123025,-0.0259928794343265,0.00013993583818260047,0.0080011320993956,0.0018650782003706984,-0.0030881588819131993,-0.0032809852639366,0.0022973761113173,-0.0027304585832338,0.0011799688253575,0.0054953234384558,-0.002195026118797,-0.0067632297015497,0.0029456347887201,-0.0005006899024111999,0.008133414025327801,0.0104252878876975,-0.005992879434326498,1.0,1.0
201,16,50,10,0.0232610133381406,0.0268166673215837,0.0237077282017523,0.0195071363210821,0.0059029667683293,-0.0026619806425832,0.0001298800034433,-0.0009345576301815,0.0059875525809897,0.0026041292822322,-0.0023080210455254,0.0010687500880242,-0.0171903597185426,-0.0170549311692117,-0.0146442960153963,-0.0257622960858775,0.003261013338140599,0.006816667321583699,0.0037077282017522993,-0.0004928636789179007,0.0059029667683293,-0.0026619806425832,0.0001298800034433,-0.0009345576301815,0.0059875525809897,0.0026041292822322,-0.0023080210455254,0.0010687500880242,0.002809640281457401,0.0029450688307883013,0.0053557039846037005,-0.0057622960858775,1.0,1.0
202,16,50,20,0.0223599866388306,0.0246751103919403,0.0232189533035659,0.019870492818279,0.010913617414831,-0.0042263651890522,-0.0003827645038506,-0.0009550253767722,0.0114878299387525,0.0015783733396145,-0.0018915069542769,0.0009977546416332,-0.0159204581671113,-0.0196753468483605,-0.0122452076661271,-0.0264100645644245,0.002359986638830601,0.004675110391940299,0.003218953303565898,-0.00012950718172100029,0.010913617414831,-0.0042263651890522,-0.0003827645038506,-0.0009550253767722,0.0114878299387525,0.0015783733396145,-0.0018915069542769,0.0009977546416332,0.0040795418328887015,0.0003246531516395007,0.0077547923338729,-0.0064100645644245,1.0,1.0
203,16,50,random,0.0227977278133658,0.0312269114853739,0.0059947929685405,0.015014561577539,-0.0042385885149299,0.0070950896587508,-0.0132633890559224,0.0009748687001379,0.0117527292887412,0.0096986303103496,0.0063750174448373,-0.0104832459052329,-0.0056320856752411,-0.0291785888370177,-0.0077139347701492,-0.0345442469501669,0.002797727813365798,0.0112269114853739,-0.0140052070314595,-0.004985438422461,-0.0042385885149299,0.0070950896587508,-0.0132633890559224,0.0009748687001379,0.0117527292887412,0.0096986303103496,0.0063750174448373,-0.0104832459052329,0.0143679143247589,-0.0091785888370177,0.0122860652298508,-0.014544246950166897,0.9166666666666667,0.9166666666666667
204,17,1000,1,0.0187204169548903,0.0177148765651996,0.0147156178825879,0.0164566379946651,0.0064375288467887,0.0061596689909404,0.0166449513143501,-0.0078150944364807,0.0064665702390053,-0.0072141666492219,-0.0045396624646555,-0.0059409214983933,-0.0239607415413019,-0.0157209335711235,-0.0203012717340788,-0.0293615385132808,-0.0012795830451097015,-0.0022851234348004006,-0.0052843821174121,-0.0035433620053349005,0.0064375288467887,0.0061596689909404,0.0166449513143501,-0.0078150944364807,0.0064665702390053,-0.0072141666492219,-0.0045396624646555,-0.0059409214983933,-0.003960741541301899,0.004279066428876502,-0.0003012717340788,-0.009361538513280799,0.9583333333333333,1.0
205,17,1000,10,0.0140629891670021,0.0195369580109789,0.0161972003010058,0.0132167474884786,8.056064221713975e-05,0.0043006660177805,0.0129967190792187,-0.0005626931508214,0.0039787363329835,-0.0083485262979601,-0.0003272464243653,-0.0075951282132505,-0.0179009493607906,-0.0174520449874952,-0.0221639595480147,-0.0263683852406673,-0.005937010832997901,-0.00046304198902110197,-0.003802799698994202,-0.0067832525115214,8.056064221713975e-05,0.0043006660177805,0.0129967190792187,-0.0005626931508214,0.0039787363329835,-0.0083485262979601,-0.0003272464243653,-0.0075951282132505,0.002099050639209399,0.0025479550125048003,-0.0021639595480146996,-0.006368385240667299,1.0,1.0
206,17,1000,20,0.014117837175497,0.0190053820360261,0.0151258654322552,0.0126903096173979,-0.0006759233116774,0.0051960432126977,0.0203069303433348,0.0006080764323309,0.0043709285843625,-0.0079355748075811,-0.0005659655293066,-0.0059572319161928,-0.0198273139046838,-0.0159902975865024,-0.0195095520205151,-0.0234954466378583,-0.005882162824503,-0.0009946179639739004,-0.004874134567744801,-0.0073096903826021,-0.0006759233116774,0.0051960432126977,0.0203069303433348,0.0006080764323309,0.0043709285843625,-0.0079355748075811,-0.0005659655293066,-0.0059572319161928,0.00017268609531620113,0.004009702413497601,0.0004904479794849009,-0.0034954466378583,0.9166666666666666,1.0
207,17,1000,random,0.0084136833817697,0.0199077089315923,0.0170457174876709,0.0067236494091121,-0.0038943741137036,0.0033052882129453,0.0272499041643661,0.0066941726396981,0.007451328941975,-0.0054903955647754,-0.0020598905677474,-0.0117864333840062,-0.0177127872696619,-0.0081201322681699,-0.0208764904831686,-0.0230630516983259,-0.0115863166182303,-9.229106840770093e-05,-0.002954282512329102,-0.0132763505908879,-0.0038943741137036,0.0033052882129453,0.0272499041643661,0.0066941726396981,0.007451328941975,-0.0054903955647754,-0.0020598905677474,-0.0117864333840062,0.0022872127303380993,0.0118798677318301,-0.0008764904831685995,-0.0030630516983259012,0.8958333333333334,0.9791666666666666
208,17,100,1,0.0117581798313634,0.0160286949457784,0.0158187998046226,0.01560088185383,0.0036434196786443,-0.0008573315390359,-5.496124253433848e-05,-0.0002115693792307,-0.000351454466972,-0.0053548577384793,-0.0010430504415962,-0.0061653793400843,-0.0154784334174759,-0.0250494700425243,-0.026725300999837,-0.0227037203542523,-0.0082418201686366,-0.003971305054221601,-0.004181200195377401,-0.00439911814617,0.0036434196786443,-0.0008573315390359,-5.496124253433848e-05,-0.0002115693792307,-0.000351454466972,-0.0053548577384793,-0.0010430504415962,-0.0061653793400843,0.0045215665825241,-0.0050494700425243,-0.006725300999836998,-0.002703720354252301,1.0,1.0
209,17,100,10,0.015357606256582,0.0200343415092097,0.0165694452909113,0.0165489333067503,0.0013490721618906,0.0041878394553683,0.0059620910714605,0.0023665461090871,0.0023054270434869,-0.0088771999572566,-0.0008862330522758,-0.0070996972077366,-0.0190405293458634,-0.0244941415353454,-0.0194443010112734,-0.0258645966094208,-0.004642393743418001,3.4341509209698945e-05,-0.0034305547090887,-0.0034510666932497,0.0013490721618906,0.0041878394553683,0.0059620910714605,0.0023665461090871,0.0023054270434869,-0.0088771999572566,-0.0008862330522758,-0.0070996972077366,0.0009594706541365995,-0.0044941415353454,0.0005556989887266009,-0.005864596609420798,1.0,1.0
210,17,100,20,0.015006231859067,0.0212638764532148,0.0176776933136113,0.0152946216650952,-0.0005260818000631,0.0061800186421959,0.0122523053856251,0.0052906069912409,0.0028194051879967,-0.0072678849855796,-0.0028153338101756,-0.0058419444057618,-0.0220952095714395,-0.026334132394165,-0.0164260674943847,-0.0228271993498857,-0.0049937681409330005,0.0012638764532147996,-0.002322306686388699,-0.0047053783349048,-0.0005260818000631,0.0061800186421959,0.0122523053856251,0.0052906069912409,0.0028194051879967,-0.0072678849855796,-0.0028153338101756,-0.0058419444057618,-0.0020952095714395005,-0.0063341323941649985,0.0035739325056153015,-0.0028271993498856993,1.0,1.0
211,17,100,random,0.0140304773981416,0.0203258250335807,0.0218029661910843,0.0134164246969289,-0.004386707354671,0.0088387490382858,0.007202132221916,0.0137999901357401,0.004551211266857,-0.0037876484644886,-0.0078554102411181,-0.0099514039687413,-0.0244509914827717,-0.0164554862860014,-0.0111890665630197,-0.0335160404662215,-0.0059695226018584,0.00032582503358069906,0.0018029661910843008,-0.006583575303071101,-0.004386707354671,0.0088387490382858,0.007202132221916,0.0137999901357401,0.004551211266857,-0.0037876484644886,-0.0078554102411181,-0.0099514039687413,-0.004450991482771699,0.003544513713998599,0.0088109334369803,-0.013516040466221502,0.9791666666666666,1.0
212,17,50,1,0.0145617108470619,0.0245705585605441,0.0237714560428078,0.0161692516330894,0.0005010387220607,0.0048441714003917,0.0206705825733598,-0.00031070206743,0.0127937543111248,-0.0093503800024247,0.0003804628423386,-0.0057924421325238,-0.0233343832593215,-0.0047645597261324,-0.0232441393168904,-0.0246594243062539,-0.0054382891529381,0.0045705585605441,0.0037714560428077984,-0.003830748366910601,0.0005010387220607,0.0048441714003917,0.0206705825733598,-0.00031070206743,0.0127937543111248,-0.0093503800024247,0.0003804628423386,-0.0057924421325238,-0.003334383259321498,0.015235440273867602,-0.0032441393168903994,-0.0046594243062538995,0.9583333333333333,0.9583333333333334
213,17,50,10,0.0156514469558823,0.0227618702620655,0.0195296064878453,0.0142314299701345,-0.0005683750960999,0.0035501478975489,0.0141021722704042,-0.0040055313473395,0.0052470550760885,-0.008481642289351,-0.0022455269867133,-0.0101028414932922,-0.0173118782503763,-0.0088455749222266,-0.0245139053443197,-0.0270341079935423,-0.004348553044117701,0.002761870262065501,-0.0004703935121547001,-0.0057685700298655,-0.0005683750960999,0.0035501478975489,0.0141021722704042,-0.0040055313473395,0.0052470550760885,-0.008481642289351,-0.0022455269867133,-0.0101028414932922,0.0026881217496237016,0.0111544250777734,-0.0045139053443197,-0.007034107993542298,1.0,0.9791666666666666
214,17,50,20,0.0163370063119652,0.0205184904495659,0.0173105973450799,0.0131750439356881,0.0016670058969945,0.0050101172934468,0.0109329857588216,-0.0056657736229524,0.0046984860136281,-0.0073419120128201,-0.0031312865115253,-0.0077796793835315,-0.0190899098346504,-0.0114687987326315,-0.0214752132083748,-0.0248162981077102,-0.003662993688034799,0.0005184904495658983,-0.0026894026549201012,-0.0068249560643119,0.0016670058969945,0.0050101172934468,0.0109329857588216,-0.0056657736229524,0.0046984860136281,-0.0073419120128201,-0.0031312865115253,-0.0077796793835315,0.0009100901653496009,0.008531201267368501,-0.0014752132083747996,-0.0048162981077101985,1.0,1.0
215,17,50,random,-0.0079404629868568,0.0299358710508112,0.0235724916166675,0.0125413202579063,-0.0046884537285155,0.0112886760171928,0.0224649248863771,0.0001124477360219,0.009975131140423,-0.0069224331639241,-0.0061076679482928,-0.0116637591659352,-0.0163574027844367,0.0075123052190087,-0.009420026803805,-0.0193880103046696,-0.0279404629868568,0.009935871050811198,0.003572491616667499,-0.0074586797420937,-0.0046884537285155,0.0112886760171928,0.0224649248863771,0.0001124477360219,0.009975131140423,-0.0069224331639241,-0.0061076679482928,-0.0116637591659352,0.0036425972155633007,0.0275123052190087,0.010579973196195,0.0006119896953304012,0.8125,0.8541666666666667
216,18,1000,1,0.022897699693689,0.0222668935312959,0.0160823170421284,0.0165962319396942,0.0045013541862651,-0.0084920799884383,-0.0007918175512016,-0.0037964492276402,-0.0042141157763722,-0.0091669989846856,0.0020435618130064,-0.0014320802713978,-0.0146461564844694,-0.016397955585369,-0.0239315655072731,-0.0148054087063687,0.0028976996936889987,0.0022668935312958986,-0.0039176829578716,-0.0034037680603058,0.0045013541862651,-0.0084920799884383,-0.0007918175512016,-0.0037964492276402,-0.0042141157763722,-0.0091669989846856,0.0020435618130064,-0.0014320802713978,0.0053538435155306,0.003602044414631002,-0.0039315655072731,0.0051945912936313,1.0,1.0
217,18,1000,10,0.0151765657034279,0.0237832106079831,0.0135067191853919,0.0172158797131279,0.0020603214630826,-0.0055768567529411,-0.0009531556930706,-0.0001021737851909,-0.0062137437181339,-0.0090248654475596,-0.0032015310787053,0.0011188360834934,-0.0129510034910722,-0.0289046352862346,-0.027924171555435,-0.0115492381488,-0.0048234342965721,0.0037832106079831,-0.0064932808146081,-0.0027841202868721,0.0020603214630826,-0.0055768567529411,-0.0009531556930706,-0.0001021737851909,-0.0062137437181339,-0.0090248654475596,-0.0032015310787053,0.0011188360834934,0.007048996508927801,-0.0089046352862346,-0.007924171555435,0.0084507618512,1.0,1.0
218,18,1000,20,0.0118258156729508,0.0231138758691342,0.0137500954824839,0.0168183858244947,0.0007398841127454,-0.0055251688186704,-0.0014763453409103,-0.0001788409131281,-0.005350685764984,-0.0082453359214703,-0.0032307807544934,0.0003300687492053,-0.0117692856753396,-0.0310619442657528,-0.0273647416358517,-0.0115768960623008,-0.008174184327049201,0.0031138758691342007,-0.0062499045175161,-0.0031816141755053005,0.0007398841127454,-0.0055251688186704,-0.0014763453409103,-0.0001788409131281,-0.005350685764984,-0.0082453359214703,-0.0032307807544934,0.0003300687492053,0.008230714324660401,-0.011061944265752799,-0.007364741635851699,0.0084231039376992,1.0,1.0
219,18,1000,random,0.0033943912984179,0.0189446875026253,0.0143571102115795,0.0105198798101765,-0.0104250095020142,-0.0068217960559683,0.000640423784402,-0.000711973448058,-0.0077763134423385,-0.0051660168690297,-0.005752543514282,-0.0033881253802512,-0.0149532613576458,-0.021254229613998,-0.0208615750577304,-0.0116096916765171,-0.0166056087015821,-0.0010553124973746997,-0.005642889788420501,-0.0094801201898235,-0.0104250095020142,-0.0068217960559683,0.000640423784402,-0.000711973448058,-0.0077763134423385,-0.0051660168690297,-0.005752543514282,-0.0033881253802512,0.0050467386423542,-0.0012542296139980008,-0.0008615750577304002,0.008390308323482901,1.0,1.0
220,18,100,1,0.0157361604634005,0.0288840581643967,0.0130172528435709,0.0173865289072677,0.0023900316418968,-0.0104153669094113,0.0030405355410231,-0.001101958053717,-0.0064051262009536,-0.015718794487391,-0.0015520006007428,0.0030797661229927,-0.0106176642952297,-0.0301576284835038,-0.027680854542156,-0.0157109629976835,-0.004263839536599499,0.008884058164396698,-0.0069827471564291,-0.0026134710927323,0.0023900316418968,-0.0104153669094113,0.0030405355410231,-0.001101958053717,-0.0064051262009536,-0.015718794487391,-0.0015520006007428,0.0030797661229927,0.0093823357047703,-0.010157628483503798,-0.007680854542155998,0.0042890370023165,1.0,0.9583333333333333
221,18,100,10,0.0139135747503843,0.0254956900393277,0.0122797604943893,0.0190144039129695,0.0002153937614253,-0.0064187735978009,0.0006307301847398,-0.0020520769451759,-0.0059041871851891,-0.0103003392332089,-0.002715476770127,0.0013925434672033,-0.0130278191474071,-0.0281822341676996,-0.0308512438680303,-0.0098074672783011,-0.006086425249615701,0.005495690039327698,-0.007720239505610701,-0.0009855960870304992,0.0002153937614253,-0.0064187735978009,0.0006307301847398,-0.0020520769451759,-0.0059041871851891,-0.0103003392332089,-0.002715476770127,0.0013925434672033,0.0069721808525929005,-0.0081822341676996,-0.0108512438680303,0.010192532721698901,1.0,0.9791666666666666
222,18,100,20,0.0046171141535507,0.025304205937512,0.0124521953321907,0.0174999041192128,0.0006491888519277,-0.0069509017006461,0.0003152104483905,-0.0019322848165097,-0.0044722657737066,-0.008531300223241,-0.0026175755838465,0.001258268316154,-0.0132830855515053,-0.0321248390423578,-0.0293683374972282,-0.0100035013592595,-0.0153828858464493,0.005304205937511998,-0.007547804667809301,-0.002500095880787201,0.0006491888519277,-0.0069509017006461,0.0003152104483905,-0.0019322848165097,-0.0044722657737066,-0.008531300223241,-0.0026175755838465,0.001258268316154,0.006716914448494701,-0.0121248390423578,-0.0093683374972282,0.0099964986407405,1.0,1.0
223,18,100,random,-0.0014877600639293,0.0235351095209854,0.0163638487973815,0.0049232582651974,-0.0043625474729546,-0.0164468878568416,0.0083443618352609,-0.0035255183894195,-0.012042706856369,-0.0031967028253493,-0.0061562672971946,-0.0062083972233435,-0.0169467757636353,-0.014016556881015,-0.0280263011702445,-0.0158502098989641,-0.0214877600639293,0.0035351095209853987,-0.003636151202618499,-0.0150767417348026,-0.0043625474729546,-0.0164468878568416,0.0083443618352609,-0.0035255183894195,-0.012042706856369,-0.0031967028253493,-0.0061562672971946,-0.0062083972233435,0.003053224236364699,0.005983443118985,-0.008026301170244499,0.004149790101035899,0.9583333333333333,0.9583333333333333
224,18,50,1,0.025956415201109,0.019888860316399,0.0146285782674864,0.0066455444911605,0.0127651199430884,-0.0081003389767733,-0.0048182725843657,-0.0035271556546636,-0.0055418373234262,0.0017272573318283,0.0029435584038943,-0.0055007015209382,-0.0194326606253985,-0.0217181892493132,-0.0364492580583478,-0.0015514553502958,0.005956415201109001,-0.00011113968360100188,-0.0053714217325136,-0.0133544555088395,0.0127651199430884,-0.0081003389767733,-0.0048182725843657,-0.0035271556546636,-0.0055418373234262,0.0017272573318283,0.0029435584038943,-0.0055007015209382,0.0005673393746014992,-0.0017181892493132005,-0.016449258058347797,0.0184485446497042,0.9791666666666666,0.8958333333333333
225,18,50,10,0.016259766077442,0.0222197878908329,0.0164420478119419,0.0156129567007708,0.0025932644104415,-0.0100734011225952,-9.154979239876284e-05,-0.0073170572891551,-0.007592478456328,-0.0114045225051394,-0.0010874374524666,-0.0015687337204253,-0.0168213154585738,-0.0326792063804098,-0.0280471677942677,-0.0065015690971583,-0.0037402339225580013,0.002219787890832898,-0.0035579521880581,-0.004387043299229201,0.0025932644104415,-0.0100734011225952,-9.154979239876284e-05,-0.0073170572891551,-0.007592478456328,-0.0114045225051394,-0.0010874374524666,-0.0015687337204253,0.0031786845414262,-0.012679206380409803,-0.008047167794267701,0.0134984309028417,1.0,0.9166666666666667
226,18,50,20,0.0170912293085394,0.0215984956760407,0.0132371831530131,0.0119653386674239,0.0036599352475818,-0.0092253989024274,-0.0014531935901631,-0.0050998015023695,-0.0084309340087263,-0.0082277515936778,-0.0021807597804105,-0.0040728318662293,-0.0153954124843525,-0.0283335571089462,-0.0272964742019783,-0.0078344784497771,-0.002908770691460602,0.001598495676040701,-0.0067628168469869,-0.0080346613325761,0.0036599352475818,-0.0092253989024274,-0.0014531935901631,-0.0050998015023695,-0.0084309340087263,-0.0082277515936778,-0.0021807597804105,-0.0040728318662293,0.004604587515647501,-0.008333557108946201,-0.007296474201978299,0.0121655215502229,1.0,0.9375
227,18,50,random,-0.0209543445205763,0.0143079300304891,0.0141820265473622,0.003586532456479,-0.0038366122599104,-0.0026992069641521,-0.0032809989417537,-0.0129535846451641,-0.0080216131245993,-0.0049112908586286,0.0095668213529378,-0.0128543440787709,-0.0165720679946045,-0.0418558063690685,0.0035179171435627,-0.0127308091592632,-0.0409543445205763,-0.0056920699695109,-0.005817973452637801,-0.016413467543521,-0.0038366122599104,-0.0026992069641521,-0.0032809989417537,-0.0129535846451641,-0.0080216131245993,-0.0049112908586286,0.0095668213529378,-0.0128543440787709,0.0034279320053955016,-0.0218558063690685,0.0235179171435627,0.0072691908407368,0.75,0.75
228,19,1000,1,0.0244314241800351,0.0226172513683224,0.0056519626893464,0.0193580934174027,0.0050200140745476,0.0023999841635319,-0.0052532527857813,-0.0006679846196128,-0.004216499455852,-0.0059383526363078,0.0123775751187118,-0.0010300146027828,-0.0217012251118195,-0.0195320984222917,-0.0334865165396152,-0.0209998198588663,0.004431424180035101,0.002617251368322398,-0.014348037310653601,-0.0006419065825973014,0.0050200140745476,0.0023999841635319,-0.0052532527857813,-0.0006679846196128,-0.004216499455852,-0.0059383526363078,0.0123775751187118,-0.0010300146027828,-0.0017012251118194988,0.00046790157770830107,-0.0134865165396152,-0.0009998198588663,0.9791666666666666,1.0
229,19,1000,10,0.0264660430875053,0.0218723191266796,0.0157662665454143,0.0222039747484835,0.0026006931148982,0.0012941064667695,-0.0005061408330115,0.0043491919885869,-0.0023905047642891,-0.0044149023840487,0.0039045520879846,-0.0079585023939514,-0.0334452266613947,-0.0190094022333647,-0.031614729354086,-0.0233869165123887,0.006466043087505299,0.0018723191266795981,-0.004233733454585699,0.0022039747484834983,0.0026006931148982,0.0012941064667695,-0.0005061408330115,0.0043491919885869,-0.0023905047642891,-0.0044149023840487,0.0039045520879846,-0.0079585023939514,-0.013445226661394697,0.0009905977666352997,-0.011614729354085997,-0.003386916512388701,1.0,1.0
230,19,1000,20,0.0252779745673199,0.0211625065008118,0.0151926999060702,0.0218890111335946,0.0029354461676071,0.0016692008112968,-0.0019766320774951,0.0045474863701502,-0.0034511942710313,-0.0035622389484155,0.0035219166728638,-0.0088122430242545,-0.0285386962274511,-0.0199946892478444,-0.0300696563438506,-0.0236010467797748,0.005277974567319901,0.001162506500811799,-0.0048073000939298,0.0018890111335946001,0.0029354461676071,0.0016692008112968,-0.0019766320774951,0.0045474863701502,-0.0034511942710313,-0.0035622389484155,0.0035219166728638,-0.0088122430242545,-0.008538696227451098,5.310752155599646e-06,-0.0100696563438506,-0.0036010467797748004,1.0,1.0
231,19,1000,random,0.0194726201861959,0.0211868626948653,0.0056532121527753,0.0215763090906123,0.0039321066885003,0.0032772923335154,-0.0078273365479256,0.0079100576932532,-0.0034924308640487,-0.0049728749304194,0.0040669090529148,-0.0056124006650146,-0.0163180720157236,-0.0267462783439668,-0.0270205217712122,-0.0156899890938875,-0.0005273798138041019,0.001186862694865301,-0.0143467878472247,0.0015763090906123003,0.0039321066885003,0.0032772923335154,-0.0078273365479256,0.0079100576932532,-0.0034924308640487,-0.0049728749304194,0.0040669090529148,-0.0056124006650146,0.0036819279842764015,-0.006746278343966801,-0.0070205217712122,0.0043100109061125005,0.9791666666666666,1.0
232,19,100,1,0.0265224784272168,0.019995708427909,0.015078642089426,0.0170639970499342,0.0090955666131529,0.0034003517027781,-0.0013580154211071,-0.0018036458003721,-0.0053204136301477,-0.0038335746779603,0.0049146538601886,-0.0241860169206306,-0.0234064676859065,-0.0205858162282022,-0.0310872543726195,-0.0309777548345055,0.006522478427216798,-4.29157209099959e-06,-0.004921357910574001,-0.0029360029500658004,0.0090955666131529,0.0034003517027781,-0.0013580154211071,-0.0018036458003721,-0.0053204136301477,-0.0038335746779603,0.0049146538601886,-0.0241860169206306,-0.003406467685906498,-0.0005858162282021996,-0.011087254372619499,-0.010977754834505499,1.0,0.9583333333333333
233,19,100,10,0.0290462421171406,0.0208435986625127,0.0162904953858168,0.0196080710073736,0.0068861923738188,-0.0019890749176759,-0.0027816196099582,0.0003376315265203,-0.0044833657506172,-0.0034106265495142,0.005751825224321,-0.0116175771618327,-0.0229836371286827,-0.0220255355701701,-0.0324902962145936,-0.0248379610953393,0.009046242117140599,0.0008435986625126984,-0.0037095046141831997,-0.00039192899262640093,0.0068861923738188,-0.0019890749176759,-0.0027816196099582,0.0003376315265203,-0.0044833657506172,-0.0034106265495142,0.005751825224321,-0.0116175771618327,-0.0029836371286827007,-0.0020255355701701006,-0.012490296214593601,-0.004837961095339301,1.0,1.0
234,19,100,20,0.0279856495737523,0.0202360556199399,0.0161513698938982,0.0192842643967001,0.0061553264342523,0.0017241486466621,-0.0039906153759709,3.6352766992253414e-05,-0.0060919001936215,-0.0041382122038759,0.0055855065195845,-0.0123990809486967,-0.0207746624339984,-0.0246837420008492,-0.0298603238137774,-0.0250779013602767,0.0079856495737523,0.0002360556199399004,-0.0038486301061017997,-0.0007157356032999017,0.0061553264342523,0.0017241486466621,-0.0039906153759709,3.6352766992253414e-05,-0.0060919001936215,-0.0041382122038759,0.0055855065195845,-0.0123990809486967,-0.0007746624339983986,-0.0046837420008492,-0.0098603238137774,-0.0050779013602767,1.0,1.0
235,19,100,random,0.0178490342597341,0.0247786861855914,0.0149337856720074,0.0183270495351377,0.0034159898483953,-0.0026671616176851,-0.0110098093602794,0.0071573980033402,-0.004100368091121,-0.0080808459520824,-0.000182198996577,-0.0009721922783142,-0.0099114583797612,-0.0428310173712117,-0.023743722773843,-0.0002326697007423,-0.002150965740265902,0.004778686185591401,-0.005066214327992601,-0.0016729504648623009,0.0034159898483953,-0.0026671616176851,-0.0110098093602794,0.0071573980033402,-0.004100368091121,-0.0080808459520824,-0.000182198996577,-0.0009721922783142,0.0100885416202388,-0.0228310173712117,-0.003743722773842998,0.0197673302992577,1.0,0.875
236,19,50,1,0.0178991257988795,0.0254362393422661,0.0143633634387929,0.0294470853773474,0.0018989332394584,0.0057854577897981,-0.007531180430946,-0.0063417595156937,-0.0045215110588085,-0.0087099622532205,0.0048516579142416,-0.0144182331985017,-0.0206460449165195,-0.0193353913873931,-0.0316670666138589,-0.0355337268291613,-0.0021008742011205013,0.0054362393422661,-0.0056366365612071,0.0094470853773474,0.0018989332394584,0.0057854577897981,-0.007531180430946,-0.0063417595156937,-0.0045215110588085,-0.0087099622532205,0.0048516579142416,-0.0144182331985017,-0.000646044916519501,0.0006646086126068998,-0.011667066613858901,-0.015533726829161296,1.0,1.0
237,19,50,10,0.0282092168738067,0.0235910161172211,0.0135206048267478,0.0226048534156162,0.0046118981580352,-0.0067570138418402,-0.0024165318817299,-0.0009395579860121,-0.0036917218034751,-0.0049991490391198,0.0055074933277074,-0.0113375001216115,-0.0343154675962777,-0.023491542544223,-0.0343567047891008,-0.0250342742491825,0.008209216873806699,0.0035910161172211,-0.0064793951732522,0.0026048534156161984,0.0046118981580352,-0.0067570138418402,-0.0024165318817299,-0.0009395579860121,-0.0036917218034751,-0.0049991490391198,0.0055074933277074,-0.0113375001216115,-0.014315467596277703,-0.0034915425442230003,-0.0143567047891008,-0.005034274249182499,1.0,1.0
238,19,50,20,0.0245546908915088,0.0233978624514121,0.0114385828454373,0.0249998530456043,0.0024662005464677,-2.6491147349323133e-05,-0.0049634757522138,-0.0007474496138621,-0.0055443019274335,-0.0036655362603586,0.006665202689375,-0.0133725183374105,-0.0266379291421105,-0.0267054334335012,-0.0336954840404026,-0.0271581387522394,0.004554690891508801,0.0033978624514121,-0.008561417154562701,0.0049998530456043,0.0024662005464677,-2.6491147349323133e-05,-0.0049634757522138,-0.0007474496138621,-0.0055443019274335,-0.0036655362603586,0.006665202689375,-0.0133725183374105,-0.006637929142110501,-0.0067054334335012004,-0.013695484040402602,-0.007158138752239401,1.0,1.0
239,19,50,random,0.0246525734099215,0.0292956589290744,0.005099193723701,0.0357737711756525,-0.00065073850621,0.0036552613200847,-0.009377425658281,0.0097518983408014,-0.0133969111292099,-0.0028248558049098,0.0111218231739071,0.0028896585582787,0.0036273750655294,-0.0370963063427723,-0.0376892843953907,-0.0085142680735984,0.0046525734099215,0.009295658929074399,-0.014900806276299,0.015773771175652502,-0.00065073850621,0.0036552613200847,-0.009377425658281,0.0097518983408014,-0.0133969111292099,-0.0028248558049098,0.0111218231739071,0.0028896585582787,0.0236273750655294,-0.0170963063427723,-0.017689284395390702,0.0114857319264016,0.9583333333333334,0.8541666666666665
240,20,1000,1,0.0196174294102174,0.0156734516904028,0.0239547091866171,0.0104652098654074,-0.0014824548113118,0.0010676846774838,-0.0021605969983105,-0.0128809947363613,0.0032993047494417,-0.0088842014694979,0.0044848149371596,-0.0028411514256849,-0.0191682447895632,-0.0135590636806975,-0.0206504394372929,-0.017149113597435,-0.0003825705897826,-0.0043265483095972015,0.003954709186617101,-0.0095347901345926,-0.0014824548113118,0.0010676846774838,-0.0021605969983105,-0.0128809947363613,0.0032993047494417,-0.0088842014694979,0.0044848149371596,-0.0028411514256849,0.0008317552104367999,0.006440936319302501,-0.000650439437292899,0.002850886402564999,1.0,1.0
241,20,1000,10,0.0176034578563619,0.0143517484816437,0.0209072057236473,0.0167246859276125,-0.0043775201290273,-0.007333309594719,-0.0030442922002152,-0.0100835747448981,0.0020875174095379,-0.0127539340667915,-0.0038368088013605,0.0012390202099564,-0.020783714888309,-0.0142007335893486,-0.0260219813445938,-0.0128459301770433,-0.0023965421436380994,-0.0056482515183563006,0.0009072057236472995,-0.0032753140723875,-0.0043775201290273,-0.007333309594719,-0.0030442922002152,-0.0100835747448981,0.0020875174095379,-0.0127539340667915,-0.0038368088013605,0.0012390202099564,-0.0007837148883090006,0.005799266410651401,-0.006021981344593801,0.0071540698229567,1.0,1.0
242,20,1000,20,0.0187539094601804,0.0129239061063572,0.0206786432603258,0.0158264205028662,-0.0049313497151793,-0.0066923439197607,-0.0034209498441794,-0.0104846032310819,0.0013920755246567,-0.0148664822295633,-0.0046105329371802,-7.682173414939145e-05,-0.0213195123381694,-0.0141594378879467,-0.0259631830327459,-0.0144525027148487,-0.0012460905398196005,-0.007076093893642801,0.0006786432603257987,-0.0041735794971338,-0.0049313497151793,-0.0066923439197607,-0.0034209498441794,-0.0104846032310819,0.0013920755246567,-0.0148664822295633,-0.0046105329371802,-7.682173414939145e-05,-0.0013195123381694006,0.005840562112053301,-0.0059631830327459,0.0055474972851513,1.0,0.9583333333333333
243,20,1000,random,0.0144108108060456,0.0124692515574861,0.0170214702261849,0.0093610005867412,-0.0048863450838613,-0.0059354891232662,-0.0027545338492175,-0.012482386569148,0.0011982581911636,-0.0213010209041945,0.001996880546119,-0.0002796937818653,-0.0190005198593886,-0.0091956901791253,-0.0369468167648809,-0.0125448586518694,-0.005589189193954401,-0.007530748442513901,-0.0029785297738150994,-0.0106389994132588,-0.0048863450838613,-0.0059354891232662,-0.0027545338492175,-0.012482386569148,0.0011982581911636,-0.0213010209041945,0.001996880546119,-0.0002796937818653,0.0009994801406114015,0.0108043098208747,-0.0169468167648809,0.007455141348130601,1.0,0.9166666666666667
244,20,100,1,0.0178062885221109,0.0228497463293277,0.0226068343537787,0.0225963710393782,-0.0066388281188456,-0.0010503401171315,-0.0039193488213287,-0.0087235182392799,-0.0016318078812778,-0.0183941900978348,-0.005158816602659,0.0005599749545032,-0.0184421910414197,-0.0078726894400586,-0.0197712144959878,-0.0199832014309786,-0.002193711477889101,0.0028497463293277008,0.0026068343537786996,0.0025963710393781987,-0.0066388281188456,-0.0010503401171315,-0.0039193488213287,-0.0087235182392799,-0.0016318078812778,-0.0183941900978348,-0.005158816602659,0.0005599749545032,0.0015578089585802993,0.012127310559941401,0.00022878550401219874,1.679856902140134e-05,1.0,0.9583333333333334
245,20,100,10,0.0169557878884261,0.0159465793496463,0.0213312890766687,0.0164287458697569,-0.0046490197052912,-0.0020897125423228,-0.0027768376801328,-0.0100321546088937,0.0024051831733633,-0.0120252513608458,-0.0039664504041317,0.0004411433195951,-0.0202066706220866,-0.0109038912805574,-0.0279944270240994,-0.0137876610231689,-0.0030442121115739004,-0.0040534206503537,0.0013312890766686986,-0.0035712541302431004,-0.0046490197052912,-0.0020897125423228,-0.0027768376801328,-0.0100321546088937,0.0024051831733633,-0.0120252513608458,-0.0039664504041317,0.0004411433195951,-0.00020667062208660006,0.0090961087194426,-0.007994427024099398,0.0062123389768311,1.0,0.9791666666666666
246,20,100,20,0.0170475120361324,0.015424916126133,0.0200105526903851,0.0140532084867536,-0.0046572757793007,-0.0031211691067324,-0.0042256608860458,-0.0094776366985855,0.0032025331950293,-0.0137371344036038,-0.0054198970196485,-0.0001987422470307,-0.0197830868845264,-0.0107926849264283,-0.0292697921003104,-0.01245665155191,-0.0029524879638676005,-0.004575083873867,1.055269038510026e-05,-0.0059467915132464,-0.0046572757793007,-0.0031211691067324,-0.0042256608860458,-0.0094776366985855,0.0032025331950293,-0.0137371344036038,-0.0054198970196485,-0.0001987422470307,0.00021691311547360204,0.0092073150735717,-0.009269792100310401,0.007543348448090001,1.0,0.9583333333333333
247,20,100,random,0.0189536889037377,0.0132004739168872,0.0142698379297015,0.0113106741739214,-0.0151120573843757,0.0040954367447535,-0.0007171543789882,-0.0095829584125665,-0.0008700149713116,-0.0194701080431352,0.0046728221321243,-0.0009816874389823,-0.0154437645854864,0.0033767317547418,-0.0304623707877037,-0.0136984797732043,-0.0010463110962623014,-0.0067995260831128,-0.0057301620702985,-0.0086893258260786,-0.0151120573843757,0.0040954367447535,-0.0007171543789882,-0.0095829584125665,-0.0008700149713116,-0.0194701080431352,0.0046728221321243,-0.0009816874389823,0.004556235414513601,0.0233767317547418,-0.0104623707877037,0.0063015202267957,1.0,0.8125
248,20,50,1,0.0170866943624097,0.0158850252927179,0.0161059044766909,0.0182587559663907,-0.0080252686444758,-0.0144695956442801,0.0013216212644357,-0.0055278034086329,-3.288027786045159e-05,-0.0194076489493114,-0.0099812342608335,0.0048093554262348,-0.0219516061376037,-0.0163780598104956,-0.0384716516063541,-0.0092985192069756,-0.0029133056375903015,-0.004114974707282101,-0.003894095523309101,-0.0017412440336092988,-0.0080252686444758,-0.0144695956442801,0.0013216212644357,-0.0055278034086329,-3.288027786045159e-05,-0.0194076489493114,-0.0099812342608335,0.0048093554262348,-0.0019516061376037008,0.003621940189504399,-0.0184716516063541,0.0107014807930244,1.0,0.9166666666666666
249,20,50,10,0.0181804029654474,0.0154488323011979,0.0218028971172912,0.0132226199018126,-0.006108438028778,-0.0112706889196636,0.0026096326659587,-0.0106533378018111,0.0024431583010388,-0.0160173589223948,-0.0023803726146776,0.0049547633570195,-0.0232514831065574,-0.0120592573450593,-0.0282124199284136,-0.0141888400723312,-0.0018195970345525996,-0.0045511676988021,0.0018028971172911988,-0.0067773800981874004,-0.006108438028778,-0.0112706889196636,0.0026096326659587,-0.0106533378018111,0.0024431583010388,-0.0160173589223948,-0.0023803726146776,0.0049547633570195,-0.0032514831065574012,0.007940742654940701,-0.008212419928413598,0.005811159927668801,1.0,0.9583333333333333
250,20,50,20,0.018247345880098,0.0133824661532136,0.0230235557835766,0.0155041946786212,-0.006166466050469,-0.0099742198826271,0.0043633569289725,-0.0105347342801037,0.0005552697358251,-0.0211844519395252,-0.0020990290044665,0.0035081102054652,-0.0223397234613454,-0.0100265399318143,-0.0257656307258394,-0.0163257181463969,-0.0017526541199020008,-0.0066175338467864,0.0030235557835766,-0.004495805321378801,-0.006166466050469,-0.0099742198826271,0.0043633569289725,-0.0105347342801037,0.0005552697358251,-0.0211844519395252,-0.0020990290044665,0.0035081102054652,-0.0023397234613454013,0.0099734600681857,-0.0057656307258394,0.0036742818536030994,1.0,0.9375
251,20,50,random,0.0146048235022175,0.0158103905222816,0.0152371635328793,0.0079254511357371,-0.0051245830041601,-0.0094598994688028,-0.00864534506234,-0.0158484064175376,0.0027867638065066,-0.0384096400632225,-0.0061719262167225,0.0088387825728586,-0.016241927373674,-0.012988552651879,-0.046783684736384,-0.0282071687599638,-0.005395176497782501,-0.0041896094777184,-0.004762836467120701,-0.0120745488642629,-0.0051245830041601,-0.0094598994688028,-0.00864534506234,-0.0158484064175376,0.0027867638065066,-0.0384096400632225,-0.0061719262167225,0.0088387825728586,0.003758072626325999,0.0070114473481209996,-0.026783684736384,-0.008207168759963801,0.9791666666666666,0.9166666666666667
252,21,1000,1,0.0249897885787493,0.020980217816353,0.0181567942444307,0.0074453834910717,-0.007501809535866,-0.0012882543812915,-0.0150392982279931,0.0019626985818238,0.0055483379514435,0.002264833174727,-0.0006515541351075,-0.0054047835354313,-0.0207251945134619,-0.014710614472001,-0.0097026706140013,-0.0014021266868441,0.0049897885787493,0.000980217816353001,-0.001843205755569302,-0.0125546165089283,-0.007501809535866,-0.0012882543812915,-0.0150392982279931,0.0019626985818238,0.0055483379514435,0.002264833174727,-0.0006515541351075,-0.0054047835354313,-0.0007251945134618999,0.005289385527999001,0.010297329385998701,0.0185978733131559,1.0,0.8958333333333334
253,21,1000,10,0.0253404580579386,0.0174857711150504,0.0190876170122815,0.0195044444992935,-0.0004285685148954,-0.0031840784255816,-0.0154238912863548,0.0029333673307836,0.0022305604424929,0.0003503223972181,-0.0022177959129304,-0.0059601323489684,-0.0203968554005836,-0.0161875378534655,-0.0099619086992229,-0.0063814792263783,0.005340458057938601,-0.0025142288849496,-0.0009123829877185005,-0.0004955555007064988,-0.0004285685148954,-0.0031840784255816,-0.0154238912863548,0.0029333673307836,0.0022305604424929,0.0003503223972181,-0.0022177959129304,-0.0059601323489684,-0.00039685540058359906,0.003812462146534499,0.0100380913007771,0.0136185207736217,1.0,0.9583333333333333
254,21,1000,20,0.0249022220407341,0.0178915377193279,0.0183228580344065,0.0170142865028608,-0.0008731417281231,-0.0030785039878377,-0.0153753851536473,0.0019386730268742,0.0008766521462736,-0.0004175253046047,-0.0030246564907382,-0.0060480510119199,-0.0214002630563756,-0.0159179284448893,-0.0100928888180613,-0.0068625448233654,0.004902222040734098,-0.002108462280672102,-0.001677141965593501,-0.002985713497139199,-0.0008731417281231,-0.0030785039878377,-0.0153753851536473,0.0019386730268742,0.0008766521462736,-0.0004175253046047,-0.0030246564907382,-0.0060480510119199,-0.001400263056375601,0.0040820715551107,0.0099071111819387,0.0131374551766346,1.0,0.9583333333333333
255,21,1000,random,0.020482284985254,0.0069967965340373,0.0242719686555532,0.0123721695486299,0.0051630623587203,-0.0092657997611815,-0.0196840478279191,0.0024030373765344,0.0071295760412489,0.0037168881622384,-0.0043164352940456,-0.0071112716579377,-0.0352136873106606,-0.0144379735524017,-0.0114832583397033,-0.0103603878388143,0.0004822849852539994,-0.0130032034659627,0.0042719686555531995,-0.0076278304513701,0.0051630623587203,-0.0092657997611815,-0.0196840478279191,0.0024030373765344,0.0071295760412489,0.0037168881622384,-0.0043164352940456,-0.0071112716579377,-0.015213687310660601,0.0055620264475983,0.0085167416602967,0.0096396121611857,0.9791666666666666,0.9375
256,21,100,1,0.0204484578845851,0.0162120102889248,0.0159701984830583,0.0312544188874425,-0.0023812075894572,-0.0051905195507466,-0.0062932753690273,0.0020410769732324,0.0062311503960637,0.0089434533591883,0.0001294157230788,-0.0088038533301903,-0.0215156591368566,-0.0119855146432319,-0.0121255913512761,-0.0083187988295643,0.00044845788458509894,-0.0037879897110752007,-0.004029801516941701,0.0112544188874425,-0.0023812075894572,-0.0051905195507466,-0.0062932753690273,0.0020410769732324,0.0062311503960637,0.0089434533591883,0.0001294157230788,-0.0088038533301903,-0.001515659136856598,0.008014485356768101,0.0078744086487239,0.0116812011704357,1.0,0.9791666666666666
257,21,100,10,0.0246597260009067,0.0196225988826358,0.016750551280115,0.0196333038499656,-0.0015695656546569,-0.003925075766153,-0.0114606011937914,0.0011071894990307,0.003953379602149,0.0044058559798114,1.749375636416291e-05,-0.0063655128103523,-0.020967190675253,-0.0170847073035516,-0.0070261608002335,-0.0085594117389984,0.004659726000906701,-0.0003774011173642011,-0.003249448719885001,-0.00036669615003440126,-0.0015695656546569,-0.003925075766153,-0.0114606011937914,0.0011071894990307,0.003953379602149,0.0044058559798114,1.749375636416291e-05,-0.0063655128103523,-0.0009671906752529991,0.002915292696448399,0.0129738391997665,0.0114405882610016,1.0,0.9583333333333333
258,21,100,20,0.0225703560900394,0.0195558324681604,0.0184789200633842,0.0153655296051189,-0.0013658088901052,-0.0026742840054166,-0.0133476856263466,-0.000350374158968,0.0022682602634518,0.002685358719756,-0.0018339432383883,-0.0056232173609971,-0.0227022434676798,-0.0143403516479522,-0.0069309071525009,-0.0072256855449786,0.002570356090039399,-0.0004441675318395989,-0.0015210799366158004,-0.0046344703948811,-0.0013658088901052,-0.0026742840054166,-0.0133476856263466,-0.000350374158968,0.0022682602634518,0.002685358719756,-0.0018339432383883,-0.0056232173609971,-0.002702243467679801,0.0056596483520478,0.0130690928474991,0.012774314455021401,1.0,0.9583333333333333
259,21,100,random,0.0234860762147674,0.0108646880563251,0.0261783169259139,0.0100138733680062,0.0076942401862317,-0.0162632945703975,-0.0113121383529862,0.0051236390879027,0.0109165401757211,0.0081989970483096,-0.0027860265933803,-0.0066170298392189,-0.0427913626909271,-0.0175911682064988,-0.0123326860273315,-0.0204535143249541,0.0034860762147673995,-0.0091353119436749,0.006178316925913901,-0.0099861266319938,0.0076942401862317,-0.0162632945703975,-0.0113121383529862,0.0051236390879027,0.0109165401757211,0.0081989970483096,-0.0027860265933803,-0.0066170298392189,-0.0227913626909271,0.002408831793501199,0.0076673139726685,-0.00045351432495410043,0.9583333333333333,0.9791666666666666
260,21,50,1,0.0184291396384825,0.0084230817045468,0.0169029420217776,0.0255920199200206,0.0040219487587377,0.0046354443004982,-0.0167018876577675,0.0011422197082737,0.0031067677168846,-0.0013797201487522,-0.0062630458765774,-0.0100873416895607,-0.0375040715561628,-0.0100493860639405,-0.0163997460357088,-0.0091393578484132,-0.0015708603615175003,-0.0115769182954532,-0.003097057978222399,0.005592019920020598,0.0040219487587377,0.0046354443004982,-0.0167018876577675,0.0011422197082737,0.0031067677168846,-0.0013797201487522,-0.0062630458765774,-0.0100873416895607,-0.017504071556162803,0.009950613936059501,0.0036002539642912,0.0108606421515868,1.0,0.8958333333333334
261,21,50,10,0.0206060219270841,0.0050568942901054,0.018759371014268,0.0224652532396624,-0.0004794176529857,-0.002588502369169,-0.0084193705643925,0.0037994335221086,-0.0004419406341053,-0.0066049275412162,-0.0026678811646067,-0.0038755927141597,-0.0230441736026259,-0.0128000317458711,-0.0140813189494338,-0.0043199327000289,0.0006060219270840987,-0.0149431057098946,-0.001240628985732,0.002465253239662398,-0.0004794176529857,-0.002588502369169,-0.0084193705643925,0.0037994335221086,-0.0004419406341053,-0.0066049275412162,-0.0026678811646067,-0.0038755927141597,-0.0030441736026259013,0.007199968254128901,0.005918681050566201,0.015680067299971102,1.0,0.9583333333333334
262,21,50,20,0.0208775083769351,0.0052145830293752,0.018938676654134,0.0196727554545737,-0.0038171638233948,-0.0002731361961403,-0.0075733422804209,0.0047711307554505,-0.0007748562972082,-0.0089504777048334,-0.0051643724679947,-0.0075077135184391,-0.0228362858526619,-0.0155175198033126,-0.0183468033262604,-0.0061782563998405,0.0008775083769351003,-0.0147854169706248,-0.001061323345866002,-0.0003272445454262987,-0.0038171638233948,-0.0002731361961403,-0.0075733422804209,0.0047711307554505,-0.0007748562972082,-0.0089504777048334,-0.0051643724679947,-0.0075077135184391,-0.0028362858526619003,0.004482480196687401,0.0016531966737396014,0.0138217436001595,1.0,0.9375
263,21,50,random,0.01323525460771,0.0023155915456491,0.0135226147571954,0.0170532400640128,0.0126965328665112,-0.0095565894802242,-0.0144905640061383,-0.0035114534610463,-0.0002632811108919,-0.0074313071008706,0.000425558785025,-0.0033108320651786,-0.0541321717829616,-0.0158345100730259,-0.0121149216530507,-0.0092459856659176,-0.00676474539229,-0.0176844084543509,-0.0064773852428046,-0.002946759935987201,0.0126965328665112,-0.0095565894802242,-0.0144905640061383,-0.0035114534610463,-0.0002632811108919,-0.0074313071008706,0.000425558785025,-0.0033108320651786,-0.0341321717829616,0.0041654899269740996,0.007885078346949301,0.0107540143340824,0.9791666666666666,0.9375
264,22,1000,1,0.0208916947140915,0.0343974729085474,0.0154856059116416,-0.002894958729866,-0.000115516850323,0.0091781382612051,-0.0027943608966311,-0.0022133276625127,-0.0029040724479688,-0.0070552170099165,-0.0050208137283103,0.0108626753350212,-0.0199722050394254,-0.0384007766599111,-0.027876330021646,-0.0312899932765626,0.0008916947140914996,0.014397472908547402,-0.0045143940883584,-0.022894958729866,-0.000115516850323,0.0091781382612051,-0.0027943608966311,-0.0022133276625127,-0.0029040724479688,-0.0070552170099165,-0.0050208137283103,0.0108626753350212,2.7794960574600153e-05,-0.018400776659911102,-0.007876330021645998,-0.0112899932765626,0.8958333333333333,1.0
265,22,1000,10,0.0267536333988341,0.0406014040305808,0.0114263373259076,0.0068856527533609,0.0017121285233719,0.0066442969080764,0.0019486521023369,-0.0012052866385096,-0.0015376555347498,-0.0008272674847721,0.0004942121524152,0.0069552867433711,-0.0228580813739803,-0.0283794762203557,-0.0309682988343652,-0.0216224513872891,0.0067536333988341,0.020601404030580802,-0.008573662674092401,-0.0131143472466391,0.0017121285233719,0.0066442969080764,0.0019486521023369,-0.0012052866385096,-0.0015376555347498,-0.0008272674847721,0.0004942121524152,0.0069552867433711,-0.0028580813739803,-0.0083794762203557,-0.0109682988343652,-0.0016224513872891005,0.9791666666666666,1.0
266,22,1000,20,0.0249989613016041,0.0388027694917431,0.0117461483869119,0.0062831951213564,-1.8765236933232336e-05,0.0077844799507313,0.0019769007075948,-0.001026325515248,-0.0029480621406526,-0.0002324961566231,-3.511567709159593e-05,0.0064681362931407,-0.0235656112374419,-0.0281035458866188,-0.0280711487755142,-0.0219670756922401,0.004998961301604099,0.018802769491743098,-0.0082538516130881,-0.013716804878643601,-1.8765236933232336e-05,0.0077844799507313,0.0019769007075948,-0.001026325515248,-0.0029480621406526,-0.0002324961566231,-3.511567709159593e-05,0.0064681362931407,-0.0035656112374418993,-0.0081035458866188,-0.008071148775514198,-0.0019670756922401007,0.9583333333333334,1.0
267,22,1000,random,0.0216121145329671,0.0289267705667131,0.0093350714958021,0.0110773999928246,0.0028458423769763,0.0060119659502709,-0.0043873336756432,-0.0032179465160874,-0.0061270728740584,0.0023021477549917,0.0025187725294135,0.0045291928683398,-0.0219998603464119,-0.0236133608978296,-0.0205745498452049,-0.0221447805185591,0.0016121145329670988,0.0089267705667131,-0.010664928504197901,-0.0089226000071754,0.0028458423769763,0.0060119659502709,-0.0043873336756432,-0.0032179465160874,-0.0061270728740584,0.0023021477549917,0.0025187725294135,0.0045291928683398,-0.0019998603464118983,-0.0036133608978295984,-0.0005745498452048997,-0.002144780518559101,1.0,1.0
268,22,100,1,0.0227007622571409,0.0412652717832841,0.0122700351719415,0.0005850283023615,0.0019541118015922,0.0029134165424512,-0.0024128441588061,-0.0006426696046103,-0.0083476269834208,-0.0039041820605402,0.0012273422125308,0.0070526575233524,-0.0132490860986394,-0.0258887534466833,-0.0351782929575888,-0.0325757718545259,0.0027007622571409012,0.021265271783284103,-0.007729964828058501,-0.0194149716976385,0.0019541118015922,0.0029134165424512,-0.0024128441588061,-0.0006426696046103,-0.0083476269834208,-0.0039041820605402,0.0012273422125308,0.0070526575233524,0.0067509139013606,-0.005888753446683298,-0.0151782929575888,-0.012575771854525897,0.9166666666666667,1.0
269,22,100,10,0.0272676492205664,0.044042724842291,0.0147026830962491,0.0050365701607234,-0.0003902754775486,0.003400920776786,-0.0018125367485541,-0.0016280964987026,-0.0004379635609492,-0.0002976590338479,2.249903030770285e-05,0.0046500894098934,-0.0262829473104347,-0.0273656398349619,-0.0371457864392242,-0.0235820949070809,0.0072676492205663995,0.024042724842291,-0.0052973169037509,-0.0149634298392766,-0.0003902754775486,0.003400920776786,-0.0018125367485541,-0.0016280964987026,-0.0004379635609492,-0.0002976590338479,2.249903030770285e-05,0.0046500894098934,-0.006282947310434699,-0.0073656398349618984,-0.0171457864392242,-0.003582094907080901,1.0,1.0
270,22,100,20,0.0245311389337526,0.0394241359939483,0.0149097048396362,0.0045431927548621,-0.0019677684292185,0.0047407371932589,-0.0018629375261835,-0.0020185176621251,-0.0022198243897489,0.0009764859946267,-0.0009291112047482,0.0064535263447795,-0.0296284396064784,-0.0280749479868154,-0.0309699342499193,-0.0212538617354135,0.0045311389337526,0.019424135993948297,-0.0050902951603638,-0.0154568072451379,-0.0019677684292185,0.0047407371932589,-0.0018629375261835,-0.0020185176621251,-0.0022198243897489,0.0009764859946267,-0.0009291112047482,0.0064535263447795,-0.009628439606478401,-0.0080749479868154,-0.010969934249919301,-0.0012538617354134994,0.9583333333333334,1.0
271,22,100,random,0.0222036871390989,0.032443088910031,0.0135116278643457,0.0105263409482873,-0.0088977873221417,0.0005479073691012,-0.0080637036859115,-0.0019140437476328,-0.0049305699686663,0.0110630589118623,0.0057748235814665,0.002430816901311,-0.0167094604489796,-0.0242245980839929,-0.0333331417595999,-0.0240591596535578,0.0022036871390988984,0.012443088910030996,-0.006488372135654301,-0.0094736590517127,-0.0088977873221417,0.0005479073691012,-0.0080637036859115,-0.0019140437476328,-0.0049305699686663,0.0110630589118623,0.0057748235814665,0.002430816901311,0.0032905395510204015,-0.004224598083992899,-0.0133331417595999,-0.004059159653557801,0.9791666666666666,1.0
272,22,50,1,0.0234883015712987,0.0420021849274575,0.0153910660268949,0.0063714848576164,0.0027635184054541,0.0046961113395564,0.0063147621048091,-0.0035558902018113,-0.0053414394911925,0.0030354283250336,-0.0020507046574,0.0013674806102259,-0.0165870119197181,-0.0132021992420175,-0.0377675892899525,0.0019348733269996,0.0034883015712986985,0.022002184927457497,-0.004608933973105101,-0.0136285151423836,0.0027635184054541,0.0046961113395564,0.0063147621048091,-0.0035558902018113,-0.0053414394911925,0.0030354283250336,-0.0020507046574,0.0013674806102259,0.0034129880802819014,0.006797800757982501,-0.017767589289952496,0.0219348733269996,1.0,0.9166666666666667
273,22,50,10,0.0275871675855183,0.0440893217169469,0.0123059094366018,0.0017042260207771,0.0014293045328642,0.0058988029015038,0.0044604908131478,-0.0052941602667254,-0.0030639863935089,0.000569805688841,0.0022506841280333,0.0036903410658287,-0.023918803363412,-0.0246121718722325,-0.0320988974477207,-0.0176680332502821,0.007587167585518299,0.024089321716946898,-0.0076940905633982,-0.018295773979222902,0.0014293045328642,0.0058988029015038,0.0044604908131478,-0.0052941602667254,-0.0030639863935089,0.000569805688841,0.0022506841280333,0.0036903410658287,-0.003918803363412,-0.0046121718722325,-0.012098897447720702,0.0023319667497179,0.9166666666666667,1.0
274,22,50,20,0.0274890218374487,0.044898599135606,0.0133591576726352,0.003422406601984,0.0004807473308371,0.0044749474389626,0.0019759810985619,-0.0019349947979312,-0.0049328109840532,-0.0001889062404352,-0.0001334304849016,0.0054009039791421,-0.0281859710123052,-0.0255397407315315,-0.0289785764406926,-0.0208126069069986,0.007489021837448699,0.024898599135606003,-0.006640842327364801,-0.016577593398016,0.0004807473308371,0.0044749474389626,0.0019759810985619,-0.0019349947979312,-0.0049328109840532,-0.0001889062404352,-0.0001334304849016,0.0054009039791421,-0.008185971012305199,-0.0055397407315315,-0.008978576440692599,-0.0008126069069985982,0.9583333333333334,1.0
275,22,50,random,0.0191822739822282,0.0340475443201868,0.016575402196456,0.0144610537402942,-0.0114712484284808,0.0060379366633852,-0.0102375547928936,0.006265496949405,-0.0077335511465563,0.0104120360510222,0.0030903805826709,0.0118254595107504,-0.0247582225453161,-0.021671725439232,-0.0086655607256013,-0.0135051275868401,-0.0008177260177717992,0.0140475443201868,-0.003424597803544,-0.0055389462597058,-0.0114712484284808,0.0060379366633852,-0.0102375547928936,0.006265496949405,-0.0077335511465563,0.0104120360510222,0.0030903805826709,0.0118254595107504,-0.004758222545316101,-0.0016717254392320004,0.0113344392743987,0.006494872413159901,1.0,0.9583333333333334
276,23,1000,1,0.0145259253905272,0.0185653866637036,0.0173590706751993,0.0192171614281727,0.0023673709589044,-0.0062910445955908,-0.0071398830804241,0.0049757817003248,-0.0064446783406608,0.003071853695267,0.0034337608563454,0.0090267575268609,-0.0214656598554037,-0.023818009851614,-0.0266925176084349,-0.0121457677043762,-0.005474074609472801,-0.0014346133362964017,-0.0026409293248007004,-0.0007828385718273018,0.0023673709589044,-0.0062910445955908,-0.0071398830804241,0.0049757817003248,-0.0064446783406608,0.003071853695267,0.0034337608563454,0.0090267575268609,-0.0014656598554037004,-0.0038180098516139988,-0.006692517608434898,0.0078542322956238,1.0,1.0
277,23,1000,10,0.0191516231067567,0.0126931396013294,0.01415114663549,0.020980600538727,-0.0047276097117116,-0.0172102056101282,-0.0041924845763888,0.0015204035595493,-0.0041941947547554,0.002064299932304,0.0060232909992977,0.0096894938425274,-0.0284378203792349,-0.0232540712606822,-0.0225699244414088,-0.0116579592638261,-0.0008483768932433002,-0.0073068603986706,-0.00584885336451,0.0009806005387269986,-0.0047276097117116,-0.0172102056101282,-0.0041924845763888,0.0015204035595493,-0.0041941947547554,0.002064299932304,0.0060232909992977,0.0096894938425274,-0.008437820379234899,-0.003254071260682199,-0.0025699244414087996,0.0083420407361739,1.0,0.9791666666666666
278,23,1000,20,0.018040140522119,0.0129749448819302,0.0143203315843477,0.021310880076544,-0.0045972293581188,-0.0183185472223622,-0.0038390473609054,0.0013936180230177,-0.0043514966454864,0.001803736371216,0.006598686791872,0.0098632839586185,-0.0305851990898282,-0.0245660119077771,-0.0238567139033713,-0.0118952208691232,-0.001959859477881,-0.007025055118069801,-0.0056796684156523,0.0013108800765440007,-0.0045972293581188,-0.0183185472223622,-0.0038390473609054,0.0013936180230177,-0.0043514966454864,0.001803736371216,0.006598686791872,0.0098632839586185,-0.0105851990898282,-0.004566011907777098,-0.003856713903371299,0.0081047791308768,1.0,0.9791666666666666
279,23,1000,random,0.0154290842451105,0.0127244890093862,0.0136425803311416,0.0185086744294546,-0.0067691719616336,-0.0338562113192304,-0.0084716949204351,0.0108053332229293,-0.0022679578405853,0.0021713504427533,0.0123982102293716,0.0052926176936097,-0.0403885626114603,-0.0340811741779624,-0.0221671389226813,-0.0106705059012307,-0.0045709157548895,-0.0072755109906138,-0.0063574196688584005,-0.0014913255705454008,-0.0067691719616336,-0.0338562113192304,-0.0084716949204351,0.0108053332229293,-0.0022679578405853,0.0021713504427533,0.0123982102293716,0.0052926176936097,-0.0203885626114603,-0.0140811741779624,-0.0021671389226812984,0.0093294940987693,1.0,0.9583333333333333
280,23,100,1,0.022968820632753,0.0067661603392993,0.0158000671071311,0.020751453640848,-0.008620830378746,-0.0375848067094508,-0.0103018601317169,0.0005412722649696,-0.0058822612582422,0.0027660286169256,0.0091747596083289,0.0082452111892521,-0.0344574200655279,-0.0322552794412046,-0.0159906922584005,-0.0141747083457091,0.002968820632753,-0.0132338396607007,-0.0041999328928689,0.0007514536408479988,-0.008620830378746,-0.0375848067094508,-0.0103018601317169,0.0005412722649696,-0.0058822612582422,0.0027660286169256,0.0091747596083289,0.0082452111892521,-0.014457420065527898,-0.012255279441204598,0.004009307741599501,0.005825291654290901,0.9583333333333334,0.9166666666666666
281,23,100,10,0.0210454400327016,0.010579488349726,0.0120564717018165,0.020271276253641,-0.0072246148937135,-0.0207743439734426,-0.0050537937739145,0.0023200340854331,-0.0049296078188223,0.0016721487560125,0.0042084744488902,0.007795704659069,-0.0291093109515518,-0.0281131671999399,-0.0191295749815801,-0.0123520528857853,0.0010454400327016,-0.009420511650274,-0.0079435282981835,0.00027127625364099794,-0.0072246148937135,-0.0207743439734426,-0.0050537937739145,0.0023200340854331,-0.0049296078188223,0.0016721487560125,0.0042084744488902,0.007795704659069,-0.009109310951551798,-0.008113167199939899,0.0008704250184199021,0.007647947114214701,1.0,0.9583333333333333
282,23,100,20,0.0217749860065426,0.0113061390937005,0.0122433915076595,0.0229251761188537,-0.0066553083126909,-0.02738837211941,-0.0069383464392729,0.0037407924297279,-0.0051550402193932,0.0021822336762775,0.0056712890125419,0.008907341457376,-0.0310611138352869,-0.0289497483570056,-0.0206238405883899,-0.0119501363760377,0.001774986006542599,-0.0086938609062995,-0.0077566084923405,0.0029251761188536993,-0.0066553083126909,-0.02738837211941,-0.0069383464392729,0.0037407924297279,-0.0051550402193932,0.0021822336762775,0.0056712890125419,0.008907341457376,-0.0110611138352869,-0.008949748357005599,-0.0006238405883898998,0.008049863623962301,1.0,0.9583333333333333
283,23,100,random,0.0149865567821942,0.0051499744996542,0.012798434937503,0.0190713410990035,-0.0044979867933531,-0.017133877131943,-0.0106912424380946,0.0192810485194947,-0.0002228778131009,-0.0017824561913676,0.0098706725549306,0.0050417028982549,-0.0315391406691457,-0.0376357034836845,-0.0270474579581565,-0.0107961567792723,-0.0050134432178058005,-0.0148500255003458,-0.007201565062497001,-0.000928658900996502,-0.0044979867933531,-0.017133877131943,-0.0106912424380946,0.0192810485194947,-0.0002228778131009,-0.0017824561913676,0.0098706725549306,0.0050417028982549,-0.011539140669145697,-0.0176357034836845,-0.007047457958156499,0.0092038432207277,0.8958333333333334,0.9791666666666666
284,23,50,1,0.0220863055760471,0.0062428947057458,0.0202594828523383,0.0266402622081305,-0.0028405921087816,-0.0506848008658905,-0.0122768917172087,-0.0130158139927768,-0.0056542404419902,-0.0068149316346739,-0.0007079288043862,0.0172491171893026,-0.0335399702035438,-0.0258022280554547,-0.0231168100853798,-0.0067274557457201,0.002086305576047099,-0.0137571052942542,0.000259482852338299,0.0066402622081305,-0.0028405921087816,-0.0506848008658905,-0.0122768917172087,-0.0130158139927768,-0.0056542404419902,-0.0068149316346739,-0.0007079288043862,0.0172491171893026,-0.013539970203543802,-0.005802228055454699,-0.003116810085379798,0.0132725442542799,0.9791666666666666,0.8541666666666667
285,23,50,10,0.0196451361448351,0.0093582285642218,0.0155371942564767,0.0213255987714521,-0.0019614163436211,-0.031066254865126,-0.00773591091498,0.0022309993448997,-0.0046220127403986,0.003029728716107,0.0021803090056063,0.0139376779480287,-0.031470301833998,-0.0298961112586825,-0.0205066980837267,-0.0049067181878593,-0.0003548638551649011,-0.010641771435778201,-0.0044628057435233005,0.0013255987714521009,-0.0019614163436211,-0.031066254865126,-0.00773591091498,0.0022309993448997,-0.0046220127403986,0.003029728716107,0.0021803090056063,0.0139376779480287,-0.011470301833998001,-0.009896111258682498,-0.0005066980837266991,0.0150932818121407,0.9791666666666666,0.9166666666666667
286,23,50,20,0.0182649621097625,0.0086844262020755,0.0137196023256765,0.0254876839290347,-0.002579713111208,-0.035842188062976,-0.0100838486969331,0.0021840465187072,-0.0018766905686428,0.0023206217588842,0.001244230630956,0.0130631344624644,-0.0326777385334019,-0.0326627614668321,-0.0214936534870964,-0.0064122638149573,-0.0017350378902375,-0.0113155737979245,-0.0062803976743235,0.0054876839290347,-0.002579713111208,-0.035842188062976,-0.0100838486969331,0.0021840465187072,-0.0018766905686428,0.0023206217588842,0.001244230630956,0.0130631344624644,-0.012677738533401896,-0.012662761466832099,-0.001493653487096399,0.0135877361850427,0.9791666666666666,0.8958333333333334
287,23,50,random,0.0274984052904692,0.00890879406966,0.0137234071114052,0.0190698365689171,-0.0102767018069124,-0.0517427496468762,-0.0235017225810371,0.0003794177830184,-0.0038567953596485,0.0051376764740319,0.0112033519179962,0.010244160701548,-0.036714901158508,-0.0257845606672509,-0.0160154009921301,0.0068417037898746,0.0074984052904692,-0.011091205930340001,-0.006276592888594801,-0.0009301634310828998,-0.0102767018069124,-0.0517427496468762,-0.0235017225810371,0.0003794177830184,-0.0038567953596485,0.0051376764740319,0.0112033519179962,0.010244160701548,-0.016714901158508,-0.005784560667250898,0.003984599007869901,0.0268417037898746,0.9583333333333334,0.7916666666666667
288,24,1000,1,0.0164936262747477,0.0153663680937055,0.0163020031405456,0.0194475121244063,-0.0025852069879718,-0.0045503299544432,0.0113898790235236,-0.0030870258291023,0.0032601035544481,0.0014195537140743,-0.0007558295696638,0.0041195417074977,-0.0120558783055833,-0.0196285892922093,-0.0230551784432293,-0.0103079604523499,-0.0035063737252522993,-0.0046336319062945,-0.003697996859454402,-0.000552487875593699,-0.0025852069879718,-0.0045503299544432,0.0113898790235236,-0.0030870258291023,0.0032601035544481,0.0014195537140743,-0.0007558295696638,0.0041195417074977,0.0079441216944167,0.00037141070779070015,-0.003055178443229299,0.0096920395476501,1.0,1.0
289,24,1000,10,0.0167890619834567,0.0134715279606783,0.019596975364684,0.0156790622214508,0.0036274021389956,-0.0007135173343458,0.0049674995099963,-0.0012273542268791,0.0048453188240269,-0.0023203770839052,0.0003656813388019,0.0035939512054864,-0.0106420597030133,-0.018241134517183,-0.0208677967930193,-0.0157165486139628,-0.0032109380165433014,-0.006528472039321701,-0.00040302463531599955,-0.004320937778549201,0.0036274021389956,-0.0007135173343458,0.0049674995099963,-0.0012273542268791,0.0048453188240269,-0.0023203770839052,0.0003656813388019,0.0035939512054864,0.009357940296986701,0.001758865482817,-0.0008677967930193001,0.004283451386037199,1.0,1.0
290,24,1000,20,0.0152633378075277,0.012629417602752,0.0199428582245106,0.0158768303520902,0.0030590757781624,-3.6971769327710313e-06,0.0040595909751797,-0.0011507905755551,0.005081781853036,-0.0034343560997884,0.0004411518761195,0.0033243004275964,-0.010557864839545,-0.0173937326841574,-0.0202423468997182,-0.015199666658463,-0.004736662192472301,-0.007370582397248001,-5.7141775489402e-05,-0.004123169647909802,0.0030590757781624,-3.6971769327710313e-06,0.0040595909751797,-0.0011507905755551,0.005081781853036,-0.0034343560997884,0.0004411518761195,0.0033243004275964,0.009442135160455,0.002606267315842601,-0.00024234689971820017,0.0048003333415370004,1.0,1.0
291,24,1000,random,0.0106739351251288,0.0115653651464556,0.01564879503708,0.0163800931797791,0.0035332136867296,-0.0053520439637808,0.002326525903941,-0.002483264265685,0.0004039465716271,-0.0080488186655227,0.0040014213699155,0.0035054821173928,-0.0064434971426572,-0.0175375274295482,-0.0177471339218601,-0.0111477303025385,-0.0093260648748712,-0.0084346348535444,-0.0043512049629200016,-0.0036199068202209007,0.0035332136867296,-0.0053520439637808,0.002326525903941,-0.002483264265685,0.0004039465716271,-0.0080488186655227,0.0040014213699155,0.0035054821173928,0.0135565028573428,0.0024624725704518007,0.0022528660781399,0.008852269697461501,1.0,0.9791666666666666
292,24,100,1,0.0148483220323644,0.0094513043131015,0.0231770624713051,0.0183625357315441,0.0047495765617895,0.0072174404076563,0.0004508869589636,-0.0005365658260294,0.0032335743995379,-0.0003984568810461,0.0020400134757376,0.0003660329201483,-0.013760879464492,-0.0224233096042495,-0.0236876644324894,-0.0203361040626556,-0.0051516779676356005,-0.0105486956868985,0.0031770624713051004,-0.0016374642684559015,0.0047495765617895,0.0072174404076563,0.0004508869589636,-0.0005365658260294,0.0032335743995379,-0.0003984568810461,0.0020400134757376,0.0003660329201483,0.006239120535508,-0.0024233096042494996,-0.0036876644324893987,-0.0003361040626555997,1.0,1.0
293,24,100,10,0.0178848218291356,0.0107697978220293,0.0182499127535579,0.015628487986431,0.0046033720134808,0.0002342863922855,0.0019718511967275,-0.0004070312838501,0.0023995922183857,-0.0030940832934409,0.0002654843024319,0.0041898680523629,-0.0078123266887111,-0.0203064582821792,-0.0207616391383189,-0.0170667896748322,-0.0021151781708644013,-0.0092302021779707,-0.0017500872464421002,-0.004371512013569001,0.0046033720134808,0.0002342863922855,0.0019718511967275,-0.0004070312838501,0.0023995922183857,-0.0030940832934409,0.0002654843024319,0.0041898680523629,0.0121876733112889,-0.0003064582821791992,-0.0007616391383188995,0.002933210325167801,1.0,1.0
294,24,100,20,0.0159260447319315,0.0077410614045771,0.0195922935776319,0.014974845733157,0.0036469789501557,0.001585233333067,0.0022308853695184,-0.0008213890269172,0.0030849779439953,-0.0033772270174604,0.0017188557970643,0.0013098091499304,-0.0073806797197532,-0.019693465723194,-0.0196441206776846,-0.0160168075163642,-0.004073955268068502,-0.0122589385954229,-0.00040770642236809956,-0.005025154266843001,0.0036469789501557,0.001585233333067,0.0022308853695184,-0.0008213890269172,0.0030849779439953,-0.0033772270174604,0.0017188557970643,0.0013098091499304,0.012619320280246801,0.00030653427680599893,0.0003558793223154,0.0039831924836358015,1.0,1.0
295,24,100,random,0.0178350765271935,0.00816252555235,0.0148774990618331,0.0196481206247521,0.0047354278665472,-0.0068370380951641,-6.435121651066315e-05,0.0012875119009369,-0.0016331203863065,-0.0135693437913486,0.0052947904178863,0.001498422045743,-0.0088202812271856,-0.0190043858562056,-0.0248427647831575,-0.0110390239808053,-0.0021649234728065014,-0.011837474447650001,-0.0051225009381669,-0.0003518793752479016,0.0047354278665472,-0.0068370380951641,-6.435121651066315e-05,0.0012875119009369,-0.0016331203863065,-0.0135693437913486,0.0052947904178863,0.001498422045743,0.011179718772814401,0.0009956141437943988,-0.0048427647831575,0.0089609760191947,1.0,0.9583333333333333
296,24,50,1,0.0220438534615794,0.0131312510058927,0.0179065647261039,0.016869811490431,0.0050276175141042,0.0015542050821631,0.0052005739989467,-0.0059702096295221,0.0049246548725462,-0.0101882903331979,0.0023309606377507,-0.0009521691094528,-0.0184594684933807,-0.0106800666545658,-0.0266372796511836,-0.01040534878752,0.002043853461579398,-0.006868748994107301,-0.0020934352738961014,-0.0031301885095690006,0.0050276175141042,0.0015542050821631,0.0052005739989467,-0.0059702096295221,0.0049246548725462,-0.0101882903331979,0.0023309606377507,-0.0009521691094528,0.0015405315066192998,0.009319933345434201,-0.0066372796511835995,0.00959465121248,1.0,1.0
297,24,50,10,0.0191702573840419,0.0150102907624638,0.0220684820640355,0.0130104984677642,0.0030610767023626,-0.0006986287879994,0.007615153866304,-0.0003806666077388,0.0027018360634409,-0.0038985843624151,0.0012430849461418,0.0016809039575148,-0.0134516163986789,-0.0172556077882145,-0.0229332851016847,-0.0155555837407247,-0.0008297426159581019,-0.004989709237536201,0.002068482064035499,-0.006989501532235801,0.0030610767023626,-0.0006986287879994,0.007615153866304,-0.0003806666077388,0.0027018360634409,-0.0038985843624151,0.0012430849461418,0.0016809039575148,0.0065483836013211,0.0027443922117855006,-0.0029332851016846996,0.0044444162592753005,1.0,1.0
298,24,50,20,0.0191263174604837,0.0120326946435698,0.0252861454350517,0.0108178322315181,0.0043070865411709,0.0014941221243568,0.002042675524727,-0.0002969851247421,0.0039618756712886,-0.007183468058251,0.0019347299714744,0.0020429645044363,-0.0130123642129197,-0.0133496833515076,-0.0201613920620421,-0.0143645611303266,-0.0008736825395163003,-0.0079673053564302,0.0052861454350516986,-0.009182167768481901,0.0043070865411709,0.0014941221243568,0.002042675524727,-0.0002969851247421,0.0039618756712886,-0.007183468058251,0.0019347299714744,0.0020429645044363,0.006987635787080301,0.0066503166484924,-0.0001613920620421004,0.0056354388696734006,1.0,1.0
299,24,50,random,0.0139015177633225,0.0264889895936762,0.0185750046738842,0.0243246232393405,-0.0036360282481784,-0.0082549292678212,0.0059842692123701,0.0018991711478219,-0.0055461549517427,-0.0121378536102275,0.0139999023989391,0.0004523439412692,-0.0024091031934465,-0.0202924952397171,-0.0168824265536795,-0.000862538541739,-0.006098482236677501,0.006488989593676199,-0.0014249953261157994,0.0043246232393404985,-0.0036360282481784,-0.0082549292678212,0.0059842692123701,0.0018991711478219,-0.0055461549517427,-0.0121378536102275,0.0139999023989391,0.0004523439412692,0.0175908968065535,-0.0002924952397171006,0.0031175734463205,0.019137461458261,0.9791666666666666,0.8333333333333334
300,25,1000,1,0.0319318382051131,0.0181406136779374,0.0182773974562352,0.0236560559651987,-0.0111139545562527,0.0056184141078545,0.0062340376112241,0.001426407333681,0.0056433092400994,-0.0020309066414071,0.0034077299297304,0.0132654168928894,-0.0183899341594047,-0.014094265095168,-0.0373816029966695,-0.009096790464936,0.011931838205113097,-0.0018593863220625999,-0.0017226025437648007,0.0036560559651987005,-0.0111139545562527,0.0056184141078545,0.0062340376112241,0.001426407333681,0.0056433092400994,-0.0020309066414071,0.0034077299297304,0.0132654168928894,0.001610065840595299,0.005905734904832,-0.017381602996669496,0.010903209535064,1.0,0.9791666666666666
301,25,1000,10,0.0260143911955096,0.0197190205659313,0.0227344849952806,0.0215700629701233,-0.0048014687878056,0.0086895202783848,0.0052270315395153,0.0016040533024792,0.0059562634340864,-0.0062309830861946,0.0003484250068594,0.0056944881603347,-0.0120490110024977,-0.0170777109953403,-0.0286149080583915,-0.0199156334432551,0.006014391195509599,-0.00028097943406870177,0.0027344849952806,0.0015700629701232982,-0.0048014687878056,0.0086895202783848,0.0052270315395153,0.0016040533024792,0.0059562634340864,-0.0062309830861946,0.0003484250068594,0.0056944881603347,0.0079509889975023,0.0029222890046597012,-0.008614908058391501,8.43665567448991e-05,1.0,1.0
302,25,1000,20,0.0235395597114434,0.0198001432910741,0.0228949572835863,0.0208308639363477,-0.0038984869391582,0.0070215170280484,0.0057726275744163,0.0012776506381156,0.0053351962677563,-0.0058184693571831,0.00105896827857,0.0053395620674763,-0.0107770265669499,-0.0166262893695694,-0.0294510242470641,-0.0198887021848496,0.0035395597114433984,-0.00019985670892589888,0.0028949572835863004,0.0008308639363476984,-0.0038984869391582,0.0070215170280484,0.0057726275744163,0.0012776506381156,0.0053351962677563,-0.0058184693571831,0.00105896827857,0.0053395620674763,0.0092229734330501,0.003373710630430602,-0.0094510242470641,0.00011129781515040182,1.0,1.0
303,25,1000,random,0.0221041642917279,0.0208166594627353,0.0155586014749792,0.0104589739385304,-0.0034340121875929,0.0056062618442989,0.0043947167422953,0.0006628540131749,0.001578119988863,-0.0117461358818578,-0.0023476172032135,0.0060110433736877,-0.0076558413172717,-0.0104501820831221,-0.0210897902817974,-0.0212577796190847,0.002104164291727901,0.0008166594627352988,-0.0044413985250208,-0.0095410260614696,-0.0034340121875929,0.0056062618442989,0.0043947167422953,0.0006628540131749,0.001578119988863,-0.0117461358818578,-0.0023476172032135,0.0060110433736877,0.0123441586827283,0.0095498179168779,-0.0010897902817973981,-0.0012577796190847007,1.0,0.9583333333333333
304,25,100,1,0.0271782346401615,0.0235634633149219,0.0206227977908712,0.019115204095597,-0.0041246198946513,0.0088448758237237,0.0057446474894567,0.0031969703685513,0.0041286981663903,-0.0091195240824153,0.0007041443995535,0.0045585249294792,-0.0122310028597211,-0.0203746737855416,-0.024223150133814,-0.0143196438696565,0.007178234640161499,0.0035634633149219004,0.0006227977908711997,-0.0008847959044030011,-0.0041246198946513,0.0088448758237237,0.0057446474894567,0.0031969703685513,0.0041286981663903,-0.0091195240824153,0.0007041443995535,0.0045585249294792,0.007768997140278901,-0.0003746737855415995,-0.004223150133814,0.005680356130343501,1.0,1.0
305,25,100,10,0.0286847178520688,0.0210356998216908,0.0237462175466216,0.0206102698084885,-0.0055367446743682,0.0087178216518943,0.0060570966640027,0.0038685011063845,0.0059804932924705,-0.0074988439770027,-0.0012464526826243,0.0046711002797885,-0.0143785782152437,-0.0170040268347002,-0.0263637973022783,-0.01989292905879,0.008684717852068799,0.0010356998216907998,0.0037462175466215983,0.0006102698084884985,-0.0055367446743682,0.0087178216518943,0.0060570966640027,0.0038685011063845,0.0059804932924705,-0.0074988439770027,-0.0012464526826243,0.0046711002797885,0.0056214217847563,0.0029959731652998006,-0.0063637973022783005,0.0001070709412099996,1.0,1.0
306,25,100,20,0.0255613739980866,0.0214496167581734,0.0204502914001636,0.0190440873421315,-0.004936615419899,0.0063631601482348,0.0083133515273935,0.0011451591867653,0.0063458664427492,-0.0077177745050752,0.0012871637085262,0.0061454011841897,-0.0119820882084471,-0.018000750350435,-0.0264036846948402,-0.0175336523578986,0.005561373998086601,0.0014496167581733999,0.00045029140016359867,-0.000955912657868499,-0.004936615419899,0.0063631601482348,0.0083133515273935,0.0011451591867653,0.0063458664427492,-0.0077177745050752,0.0012871637085262,0.0061454011841897,0.0080179117915529,0.0019992496495650006,-0.006403684694840199,0.0024663476421014005,1.0,1.0
307,25,100,random,0.0205551415964817,0.0273001098182295,0.011411691737594,0.0057953011606546,-0.0083038797105519,0.0098124442523548,0.003266754209675,0.0017743246508349,-0.0010685577127931,-0.0129994315740083,-0.0077129138378361,0.0097030953119462,-0.0128753536952301,0.0020363298382076,-0.0289923313995255,-0.0212965539314609,0.0005551415964816994,0.007300109818229501,-0.008588308262406,-0.0142046988393454,-0.0083038797105519,0.0098124442523548,0.003266754209675,0.0017743246508349,-0.0010685577127931,-0.0129994315740083,-0.0077129138378361,0.0097030953119462,0.0071246463047699,0.0220363298382076,-0.008992331399525499,-0.0012965539314609004,0.9583333333333334,0.875
308,25,50,1,0.0299869016605319,0.0145373368243763,0.0122170469635068,0.0169108188620628,0.0023084041247366,0.0143018413366063,-0.0013603375642238,-0.0062965004730985,0.0054912007735201,-0.0090392711052587,0.000807976545004,0.010416856058664,-0.0216048401285143,-0.0114254287508646,-0.0418475328238047,-0.0188110649637906,0.0099869016605319,-0.005462663175623701,-0.007782953036493201,-0.0030891811379371997,0.0023084041247366,0.0143018413366063,-0.0013603375642238,-0.0062965004730985,0.0054912007735201,-0.0090392711052587,0.000807976545004,0.010416856058664,-0.0016048401285142996,0.008574571249135401,-0.021847532823804697,0.0011889350362094021,0.9791666666666666,1.0
309,25,50,10,0.0243071807097686,0.015414249274518,0.0249020710197173,0.0193408462989478,-0.0014938133920245,0.0101669252486803,0.0069826825597473,-0.0002507244049734,0.003629583856008,-0.0089801390008507,0.0039347697295117,0.0054517275324572,-0.0213722286312991,-0.0127402162852603,-0.028785985851058,-0.0150224259191792,0.004307180709768599,-0.004585750725482,0.004902071019717298,-0.0006591537010522015,-0.0014938133920245,0.0101669252486803,0.0069826825597473,-0.0002507244049734,0.003629583856008,-0.0089801390008507,0.0039347697295117,0.0054517275324572,-0.0013722286312990994,0.0072597837147397,-0.008785985851057998,0.0049775740808208,1.0,1.0
310,25,50,20,0.0199227900516944,0.0146505214689719,0.021977954016836,0.0175757078598338,0.0007260251682636,0.0098716214662322,0.0066842151739141,-0.000196727172551,0.0057831165489234,-0.007018159479983,0.0013046318579289,0.0062149982794142,-0.0208968792718476,-0.0131690264298909,-0.0374496113461891,-0.0168090200549318,-7.720994830559894e-05,-0.005349478531028101,0.0019779540168359984,-0.0024242921401661996,0.0007260251682636,0.0098716214662322,0.0066842151739141,-0.000196727172551,0.0057831165489234,-0.007018159479983,0.0013046318579289,0.0062149982794142,-0.0008968792718475997,0.006830973570109101,-0.0174496113461891,0.003190979945068201,1.0,1.0
311,25,50,random,0.0177118329983304,0.0097344122993021,0.0264073921368693,0.0185469484848397,0.0051705280854184,0.0201414549629593,0.0014652811527112,-0.006123900219171,-0.0022500752430231,-0.019956819274812,-0.0092589331979278,-6.328324480437874e-05,-0.0173233197980766,0.0034189842027801,-0.0341075050178832,-0.0230972760415485,-0.002288167001669599,-0.0102655877006979,0.0064073921368692985,-0.0014530515151603002,0.0051705280854184,0.0201414549629593,0.0014652811527112,-0.006123900219171,-0.0022500752430231,-0.019956819274812,-0.0092589331979278,-6.328324480437874e-05,0.002676680201923399,0.023418984202780102,-0.014107505017883198,-0.0030972760415485003,0.9375,0.8541666666666667
312,26,1000,1,0.0184094060323133,0.0305551098754787,0.0185797914243013,0.0167873004713138,0.0027959782244062,-0.0021694659044919,-0.0065518480633191,0.0017095819582715,-0.0175030750914358,-0.0007050570441429,-0.004885082395449,-0.0074763621278635,-0.0146433146552973,-0.0142844604384086,-0.0139529509334875,-0.0242211797974005,-0.0015905939676866994,0.0105551098754787,-0.0014202085756986997,-0.003212699528686202,0.0027959782244062,-0.0021694659044919,-0.0065518480633191,0.0017095819582715,-0.0175030750914358,-0.0007050570441429,-0.004885082395449,-0.0074763621278635,0.0053566853447027,0.0057155395615914005,0.006047049066512501,-0.004221179797400498,1.0,0.9375
313,26,1000,10,0.0175044853402476,0.0308804706921048,0.016587804829658,0.0205239269122932,0.001640761759057,-0.0040131862319325,-0.0022710334845152,0.0007209024787015,-0.0104674176948783,-0.0004239163263293,-0.0082992828057404,-0.0046365857451241,-0.0164508236032412,-0.0124103619402212,-0.0118506970676117,-0.0284459654584813,-0.0024955146597523993,0.0108804706921048,-0.0034121951703420007,0.0005239269122932003,0.001640761759057,-0.0040131862319325,-0.0022710334845152,0.0007209024787015,-0.0104674176948783,-0.0004239163263293,-0.0082992828057404,-0.0046365857451241,0.0035491763967588005,0.007589638059778801,0.008149302932388301,-0.008445965458481301,1.0,1.0
314,26,1000,20,0.0185971380659222,0.0322547381422332,0.0161316716105987,0.0196662440944771,0.0020633612553552,-0.003868388769296,-0.0013117298246905,8.258413414482491e-05,-0.0096850134235542,-0.0015322530292095,-0.0096928631459666,-0.0039796032967786,-0.0172721452182333,-0.0110307641427596,-0.0126478902611278,-0.0252217745040035,-0.0014028619340777995,0.012254738142233202,-0.0038683283894013,-0.00033375590552290127,0.0020633612553552,-0.003868388769296,-0.0013117298246905,8.258413414482491e-05,-0.0096850134235542,-0.0015322530292095,-0.0096928631459666,-0.0039796032967786,0.0027278547817667018,0.008969235857240401,0.0073521097388722,-0.005221774504003501,1.0,1.0
315,26,1000,random,0.0162113582333626,0.0333581684731608,0.0179421632780139,0.0182486930772697,6.819693199018881e-05,-0.0073937112750976,-0.0022998347520422,0.0020239172883731,-0.0103207905732124,0.0044482451951188,-0.0127630394625433,-0.0077381060538907,-0.015732724997891,-0.0132089999871838,-0.0172194301433788,-0.0413953660659033,-0.0037886417666374017,0.013358168473160802,-0.0020578367219860998,-0.0017513069227302995,6.819693199018881e-05,-0.0073937112750976,-0.0022998347520422,0.0020239172883731,-0.0103207905732124,0.0044482451951188,-0.0127630394625433,-0.0077381060538907,0.004267275002109001,0.0067910000128162,0.002780569856621201,-0.0213953660659033,1.0,1.0
316,26,100,1,0.0140784329928721,0.032958351329432,0.0190544654854578,0.0234966468097781,-6.834709827892009e-05,-0.0043913354418164,-0.0028589227887759,-0.0071981359199474,-0.0133537380806686,0.0061773302160692,-0.0143016743712413,-0.0005235588564589,-0.0139597354517698,-0.0122742484391828,-0.0184910915873823,-0.023001237411415,-0.0059215670071279,0.012958351329431999,-0.0009455345145422019,0.0034966468097781013,-6.834709827892009e-05,-0.0043913354418164,-0.0028589227887759,-0.0071981359199474,-0.0133537380806686,0.0061773302160692,-0.0143016743712413,-0.0005235588564589,0.006040264548230201,0.007725751560817201,0.0015089084126177002,-0.0030012374114149996,1.0,0.9375
317,26,100,10,0.0216853699974497,0.0335686158638389,0.0174109238945132,0.0222035602115153,0.0042335596617534,-0.0062787273350001,-0.0015993291945911,-0.0017239877029234,-0.0103986402012797,-0.0024344401756911,-0.0092784116651903,-0.0027169958880178,-0.0185749248259533,-0.009893314516432,-0.0127584650519427,-0.0259130564856125,0.0016853699974496983,0.013568615863838899,-0.002589076105486799,0.0022035602115152986,0.0042335596617534,-0.0062787273350001,-0.0015993291945911,-0.0017239877029234,-0.0103986402012797,-0.0024344401756911,-0.0092784116651903,-0.0027169958880178,0.001425075174046702,0.010106685483568,0.0072415349480573,-0.005913056485612498,1.0,0.9791666666666666
318,26,100,20,0.0204504095296808,0.0363372370036234,0.016151748035228,0.0212971295962414,0.0051193531210362,-0.0063274158410784,-0.0008627040067903,-0.0022803874122984,-0.0077603625388058,-0.0035796858464768,-0.0103139104046216,-0.0016261435614905,-0.0203330796509221,-0.0077195762642188,-0.011621613324154,-0.0221885532364613,0.00045040952968079806,0.0163372370036234,-0.003848251964771999,0.001297129596241401,0.0051193531210362,-0.0063274158410784,-0.0008627040067903,-0.0022803874122984,-0.0077603625388058,-0.0035796858464768,-0.0103139104046216,-0.0016261435614905,-0.00033307965092210096,0.0122804237357812,0.008378386675846,-0.0021885532364613013,1.0,0.9583333333333334
319,26,100,random,0.0141735785669297,0.051548916195239,0.0163570054073198,0.0193365468949219,0.003287798431587,-0.0049814839102298,0.0044501616514839,-0.0047690141815244,-0.0156956361880407,0.0032404362766067,-0.0147630567249218,0.0065983566955181,-0.0246629172062184,-0.0093162327871274,-0.0175234400978876,-0.0476885327274725,-0.0058264214330703,0.031548916195239,-0.0036429945926802,-0.0006634531050781003,0.003287798431587,-0.0049814839102298,0.0044501616514839,-0.0047690141815244,-0.0156956361880407,0.0032404362766067,-0.0147630567249218,0.0065983566955181,-0.004662917206218399,0.0106837672128726,0.002476559902112402,-0.027688532727472497,1.0,0.9583333333333334
320,26,50,1,0.0193461977637748,0.0322078931401179,0.0145109463067865,0.0187023815662925,0.0022873275891025,-0.0051524878682855,-0.0022943331363239,-0.0062436551946782,-0.011132624009034,0.0059712802495849,-0.0152060648525312,0.0023199065845637,-0.0094332758709904,-0.0192701762445329,-0.0223423164361552,-0.0302686315810199,-0.0006538022362252011,0.012207893140117897,-0.005489053693213501,-0.0012976184337075009,0.0022873275891025,-0.0051524878682855,-0.0022943331363239,-0.0062436551946782,-0.011132624009034,0.0059712802495849,-0.0152060648525312,0.0023199065845637,0.010566724129009601,0.0007298237554670996,-0.0023423164361551993,-0.0102686315810199,1.0,0.9583333333333334
321,26,50,10,0.0164872686147088,0.0305604148197663,0.0178376851890661,0.0212838250859489,0.0031222388549902,-0.0025142965787352,-0.0025417209923145,0.0028291742092828,-0.0143198232465881,0.0022333517547951,-0.007932748510385,-0.003241679135905,-0.0060310636208692,-0.0152086321771791,-0.0111531733790242,-0.0314336812015925,-0.0035127313852912,0.0105604148197663,-0.002162314810933902,0.0012838250859488996,0.0031222388549902,-0.0025142965787352,-0.0025417209923145,0.0028291742092828,-0.0143198232465881,0.0022333517547951,-0.007932748510385,-0.003241679135905,0.013968936379130801,0.004791367822820901,0.0088468266209758,-0.011433681201592497,1.0,0.9375
322,26,50,20,0.0180722557935212,0.0326299800078633,0.0177214440066022,0.0185986373731772,0.0037828659305518,-0.0029660528869541,-0.0005946359415094,-0.0004102285789477,-0.0141303892645454,-0.0011615773475664,-0.0073501880981101,0.0002566928236322,-0.0082311214087359,-0.0144737846131223,-0.0143582789259884,-0.0283485319571434,-0.0019277442064788014,0.012629980007863303,-0.0022785559933977996,-0.0014013626268228017,0.0037828659305518,-0.0029660528869541,-0.0005946359415094,-0.0004102285789477,-0.0141303892645454,-0.0011615773475664,-0.0073501880981101,0.0002566928236322,0.0117688785912641,0.005526215386877701,0.005641721074011601,-0.008348531957143399,1.0,0.9791666666666666
323,26,50,random,0.0173454661110163,0.0320146383907025,0.0169536932820227,0.0142991910908162,0.0020697681089418,-0.0031810256745738,0.011574625551512,-0.0048814288050245,-0.0089759503350616,0.0062667599291186,0.0029990460132309,-0.0116508033945059,-0.0167988817114472,-0.0299674527377556,-0.0144728143132064,-0.0596179001272842,-0.0026545338889836997,0.012014638390702503,-0.0030463067179773012,-0.005700808909183801,0.0020697681089418,-0.0031810256745738,0.011574625551512,-0.0048814288050245,-0.0089759503350616,0.0062667599291186,0.0029990460132309,-0.0116508033945059,0.003201118288552799,-0.009967452737755601,0.0055271856867936,-0.039617900127284195,1.0,1.0
324,27,1000,1,0.0259980736828842,0.0181160055710108,0.0419609890577176,0.0138167104730589,-0.0072935450111436,0.0072970225015597,-0.008269820729521,-0.004555283330041,-0.0081361284532421,-0.0156575555179389,0.0121217791042914,-0.0044585809008586,-0.0161420839824729,-0.0343460910896781,-0.0103369402344702,-0.0220126341914411,0.0059980736828842,-0.0018839944289892017,0.0219609890577176,-0.0061832895269411,-0.0072935450111436,0.0072970225015597,-0.008269820729521,-0.004555283330041,-0.0081361284532421,-0.0156575555179389,0.0121217791042914,-0.0044585809008586,0.0038579160175271007,-0.0143460910896781,0.009663059765529801,-0.0020126341914410983,1.0,0.9791666666666666
325,27,1000,10,0.0208311198788913,0.0215459932076119,0.0290795838876318,0.0139185425526125,-0.0074346140515837,0.0045056609980503,-0.0059902391736343,-0.0003206905813802,-0.0053447493877501,-0.0068563744329219,0.0061812952406422,-0.0056741719232829,-0.0112515282048039,-0.0345065306663141,-0.0163450726510192,-0.0163941034508072,0.0008311198788912982,0.0015459932076118989,0.0090795838876318,-0.0060814574473875005,-0.0074346140515837,0.0045056609980503,-0.0059902391736343,-0.0003206905813802,-0.0053447493877501,-0.0068563744329219,0.0061812952406422,-0.0056741719232829,0.0087484717951961,-0.014506530666314101,0.0036549273489808014,0.0036058965491927997,1.0,1.0
326,27,1000,20,0.0205420333361582,0.0207047624731033,0.0288186749674698,0.0139912792599758,-0.0081002206638349,0.0048661405846339,-0.005622072893168,-0.0002082248028502,-0.0051822600541274,-0.006716026505099,0.0072960152537862,-0.0072057164496943,-0.0119817116562565,-0.0340701302705784,-0.0155008162696804,-0.0163263494159812,0.0005420333361581993,0.0007047624731033007,0.0088186749674698,-0.0060087207400242,-0.0081002206638349,0.0048661405846339,-0.005622072893168,-0.0002082248028502,-0.0051822600541274,-0.006716026505099,0.0072960152537862,-0.0072057164496943,0.0080182883437435,-0.014070130270578397,0.0044991837303196,0.003673650584018799,1.0,1.0
327,27,1000,random,0.0108659434194325,0.0161599246725975,0.0263750510124957,0.0065566330351833,-0.0059413985824157,0.0027442828646063,-0.0026136092700077,0.0035201871753228,-0.0054755209901682,-0.0040316773298021,0.0045313241869577,-0.0109107935163051,-0.0079054570031589,-0.0432641455694545,-0.0265204462691238,-0.0108233763568949,-0.0091340565805675,-0.0038400753274024993,0.0063750510124956986,-0.0134433669648167,-0.0059413985824157,0.0027442828646063,-0.0026136092700077,0.0035201871753228,-0.0054755209901682,-0.0040316773298021,0.0045313241869577,-0.0109107935163051,0.0120945429968411,-0.0232641455694545,-0.006520446269123799,0.0091766236431051,1.0,0.9583333333333333
328,27,100,1,0.0170060872919273,0.0292684754003303,0.0337194653230453,0.0146412082403652,-0.0122813950493961,0.0051274681913871,-0.0037632258199263,0.005694553829364,0.0043482711324933,-0.0011650134288601,0.0042793580554271,0.00299349912791,-0.0146352105491062,-0.0337008542848225,-0.0206054611538324,-0.0056962431441194,-0.002993912708072699,0.009268475400330298,0.013719465323045302,-0.005358791759634801,-0.0122813950493961,0.0051274681913871,-0.0037632258199263,0.005694553829364,0.0043482711324933,-0.0011650134288601,0.0042793580554271,0.00299349912791,0.0053647894508938,-0.0137008542848225,-0.0006054611538323998,0.0143037568558806,1.0,0.9791666666666666
329,27,100,10,0.0221073739573169,0.0236924278120617,0.0311977412003261,0.0138658813370784,-0.008266133957389,0.0045548329166816,-0.0059175982847357,0.001839564686498,-0.0033471136299396,-0.0075000971624005,0.0048399383019358,-0.002141883424982,-0.0091372847450547,-0.0364216901308651,-0.0142777047143513,-0.0151729717483621,0.0021073739573168986,0.0036924278120617007,0.0111977412003261,-0.0061341186629216005,-0.008266133957389,0.0045548329166816,-0.0059175982847357,0.001839564686498,-0.0033471136299396,-0.0075000971624005,0.0048399383019358,-0.002141883424982,0.010862715254945301,-0.016421690130865103,0.0057222952856487,0.0048270282516379,1.0,1.0
330,27,100,20,0.021257984991295,0.0253933600146611,0.0292648716021827,0.0145474231581714,-0.0100093825001004,0.0045069619149557,-0.0051340799307072,0.0017715413407025,-0.0021226658545705,-0.0080451259317498,0.0055963667006862,-0.0045145620145658,-0.0104430239989628,-0.0412928790862794,-0.012223881125564,-0.0150492796801855,0.0012579849912950011,0.0053933600146610985,0.0092648716021827,-0.0054525768418286005,-0.0100093825001004,0.0045069619149557,-0.0051340799307072,0.0017715413407025,-0.0021226658545705,-0.0080451259317498,0.0055963667006862,-0.0045145620145658,0.0095569760010372,-0.021292879086279397,0.007776118874436,0.0049507203198145,1.0,1.0
331,27,100,random,0.0152892888388201,0.016195122246804,0.0179132166582816,0.0082243459566052,-0.006973232860438,0.004534913053536,-0.0022514840105826,0.0004683356506811,0.0035634439574552,-0.001104502102694,0.0024814997211251,0.0046641835581471,-0.0073414408672282,-0.030838823114296,-0.0459852717940545,-0.0119615029400946,-0.0047107111611799,-0.0038048777531960003,-0.002086783341718402,-0.0117756540433948,-0.006973232860438,0.004534913053536,-0.0022514840105826,0.0004683356506811,0.0035634439574552,-0.001104502102694,0.0024814997211251,0.0046641835581471,0.0126585591327718,-0.010838823114296,-0.025985271794054497,0.0080384970599054,1.0,1.0
332,27,50,1,0.0145643535799897,0.0337323886007858,0.0195992486203983,0.018884749049616,-0.0070530485509601,0.0094022329467659,-0.0078956501542584,-0.0037273241269808,0.00080682597439,-0.003703062589076,0.0002143061682819,0.0075982714329288,-0.0215728488731482,-0.0298011683428506,-0.0266010333657618,-0.0177966402462882,-0.0054356464200103,0.013732388600785798,-0.00040075137960170204,-0.0011152509503839989,-0.0070530485509601,0.0094022329467659,-0.0078956501542584,-0.0037273241269808,0.00080682597439,-0.003703062589076,0.0002143061682819,0.0075982714329288,-0.0015728488731482013,-0.009801168342850601,-0.0066010333657617985,0.0022033597537118,1.0,1.0
333,27,50,10,0.0224606671634884,0.0236930228230423,0.0298565080725207,0.0156700180430331,-0.0060289244312506,0.0055803005131224,-0.0091815040152158,0.0001636219347821,-0.0045866817445469,-0.0044961613337421,0.0039118268506523,-0.0020543042746938,-0.0115335013463682,-0.0366922552666969,-0.026394021101152,-0.0167392593098387,0.0024606671634883996,0.003693022823042298,0.009856508072520701,-0.004329981956966902,-0.0060289244312506,0.0055803005131224,-0.0091815040152158,0.0001636219347821,-0.0045866817445469,-0.0044961613337421,0.0039118268506523,-0.0020543042746938,0.0084664986536318,-0.0166922552666969,-0.006394021101152,0.003260740690161301,1.0,1.0
334,27,50,20,0.0226129413980054,0.0217997209123852,0.0289536735441094,0.0156346222338268,-0.0061869106381003,0.0043718664757129,-0.0083458320546849,0.0009310762083415,-0.0056655115451846,-0.0058187608395221,0.0045119580954527,-0.0026677863299817,-0.0121086931124133,-0.0423386215554748,-0.0264121413035396,-0.0180271139572371,0.0026129413980054,0.0017997209123851998,0.008953673544109399,-0.004365377766173201,-0.0061869106381003,0.0043718664757129,-0.0083458320546849,0.0009310762083415,-0.0056655115451846,-0.0058187608395221,0.0045119580954527,-0.0026677863299817,0.007891306887586701,-0.022338621555474798,-0.006412141303539599,0.001972886042762901,1.0,1.0
335,27,50,random,0.0126289247142846,0.0212196163618813,0.0302474676904169,0.0056311540939598,-0.0112817265804001,0.0063635106402278,-0.0094232251045966,-0.0032510101317662,-0.0078376235080515,-0.0006535184129773,0.0182372547113876,0.0052803396169199,-0.0180407088123921,-0.114437812320738,-0.039608507140794,-0.0221415675488814,-0.0073710752857154005,0.001219616361881299,0.0102474676904169,-0.0143688459060402,-0.0112817265804001,0.0063635106402278,-0.0094232251045966,-0.0032510101317662,-0.0078376235080515,-0.0006535184129773,0.0182372547113876,0.0052803396169199,0.0019592911876079,-0.094437812320738,-0.019608507140794002,-0.002141567548881399,0.9375,1.0
336,28,1000,1,0.013365389855676,0.0249118763106739,0.0262090180857372,0.0123512362755305,-0.0001538341456218,-0.0030123908795287,0.0022929463480295,0.0098203877928474,-0.0085803260500175,0.0036761140818862,0.0041634974444901,0.013095735236987,-0.0130689002159435,-0.0195741718460481,-0.0069418086883257,-0.033455845455463,-0.006634610144324,0.004911876310673899,0.006209018085737199,-0.007648763724469501,-0.0001538341456218,-0.0030123908795287,0.0022929463480295,0.0098203877928474,-0.0085803260500175,0.0036761140818862,0.0041634974444901,0.013095735236987,0.0069310997840565,0.00042582815395189946,0.013058191311674301,-0.013455845455462998,0.9791666666666666,0.9791666666666666
337,28,1000,10,0.0170144357926929,0.0230493839708744,0.0237954599653183,0.0138339580892541,9.022927338819188e-05,-0.0109735997391369,0.0049902658299643,0.0051215891119284,-0.0075780763018959,0.0059692713786745,-0.0007461721343329,0.0081679930781737,-0.0124076541569439,-0.0183619729164499,-0.0070675435801264,-0.0254765142077861,-0.0029855642073071016,0.003049383970874401,0.0037954599653182985,-0.006166041910745901,9.022927338819188e-05,-0.0109735997391369,0.0049902658299643,0.0051215891119284,-0.0075780763018959,0.0059692713786745,-0.0007461721343329,0.0081679930781737,0.007592345843056101,0.001638027083550101,0.0129324564198736,-0.005476514207786099,1.0,0.9583333333333334
338,28,1000,20,0.0169006883769313,0.0228386476597093,0.0220408568906265,0.0140332567523688,9.820142291635468e-05,-0.0107176304076944,0.0054393037456257,0.0041169401101014,-0.0068332412201627,0.0061969963345178,-0.001984375628927,0.008372536970767,-0.011644312852221,-0.016480541031142,-0.0053269802511986,-0.0223578422572183,-0.0030993116230687012,0.0028386476597093008,0.0020408568906265002,-0.0059667432476312,9.820142291635468e-05,-0.0107176304076944,0.0054393037456257,0.0041169401101014,-0.0068332412201627,0.0061969963345178,-0.001984375628927,0.008372536970767,0.008355687147779,0.0035194589688580004,0.0146730197488014,-0.002357842257218301,1.0,0.9583333333333334
339,28,1000,random,0.0178550105555654,0.02008017029709,0.0152331347360018,0.0125794691304554,-0.0025343971110786,-0.0167068290800753,0.0054253626381181,0.0052177066781136,-0.0113907257738707,0.0081497960840553,-0.0058611852472332,0.0065287887243369,-0.0055783295651693,-0.0185344341627354,-0.0063100985593995,-0.0176676549270535,-0.0021449894444346,8.017029708999937e-05,-0.0047668652639982,-0.007420530869544601,-0.0025343971110786,-0.0167068290800753,0.0054253626381181,0.0052177066781136,-0.0113907257738707,0.0081497960840553,-0.0058611852472332,0.0065287887243369,0.0144216704348307,0.0014655658372646,0.013689901440600501,0.002332345072946499,1.0,0.8958333333333333
340,28,100,1,0.0205064784536444,0.0187895459917132,0.0228896175924847,0.0134034935333892,0.0007476956656808,-0.007509234852643,0.0090181935386344,0.0035535362256619,-0.0144441773584198,0.0087589594387425,0.0020387663215347,0.0133408104502272,-0.0100014083119375,-0.0217489718678102,-0.0038168947919147,-0.0313009612465797,0.000506478453644401,-0.0012104540082868015,0.0028896175924847008,-0.006596506466610801,0.0007476956656808,-0.007509234852643,0.0090181935386344,0.0035535362256619,-0.0144441773584198,0.0087589594387425,0.0020387663215347,0.0133408104502272,0.0099985916880625,-0.0017489718678102006,0.016183105208085302,-0.011300961246579703,1.0,0.9375
341,28,100,10,0.0160699591661622,0.0212240909655922,0.0258262149152381,0.0090651025363759,-0.0023354630280874,-0.0107323648444741,0.0063268454583846,0.0029990605968494,-0.0086028792904269,0.0068156567504137,0.0013475192899814,0.0093947164180589,-0.0093090402574505,-0.0187448136650272,-0.0057599286735919,-0.0279885477259994,-0.0039300408338378,0.0012240909655922005,0.0058262149152381,-0.0109348974636241,-0.0023354630280874,-0.0107323648444741,0.0063268454583846,0.0029990605968494,-0.0086028792904269,0.0068156567504137,0.0013475192899814,0.0093947164180589,0.010690959742549501,0.0012551863349728014,0.0142400713264081,-0.007988547725999398,0.9791666666666666,0.9375
342,28,100,20,0.0163995115499068,0.0206566771623219,0.0250906567449254,0.0098870580593487,-0.0013241366230001,-0.0099683731850648,0.0054403609124065,0.0019828607502042,-0.0064615452612822,0.0057726643846669,0.0010255661893673,0.0099499166378159,-0.0101701189271993,-0.016391431123391,-0.0046860622178576,-0.0240683920525721,-0.003600488450093201,0.0006566771623219003,0.005090656744925398,-0.0101129419406513,-0.0013241366230001,-0.0099683731850648,0.0054403609124065,0.0019828607502042,-0.0064615452612822,0.0057726643846669,0.0010255661893673,0.0099499166378159,0.0098298810728007,0.003608568876609,0.0153139377821424,-0.0040683920525721,0.9791666666666666,0.9583333333333334
343,28,100,random,0.0246358750647423,0.0187912524983755,0.0164305671508475,0.0069294518066666,-0.0055890018248372,-0.0115238723138527,0.0022416336089681,0.0039607149916658,-0.0190013222915879,0.0127975454958541,-0.0092189501512347,0.0053765189093655,-0.0041885898511591,-0.0224200825806547,-0.0061731075329808,-0.02134166099955,0.0046358750647422994,-0.001208747501624502,-0.003569432849152499,-0.0130705481933334,-0.0055890018248372,-0.0115238723138527,0.0022416336089681,0.0039607149916658,-0.0190013222915879,0.0127975454958541,-0.0092189501512347,0.0053765189093655,0.0158114101488409,-0.0024200825806546984,0.013826892467019201,-0.0013416609995499998,0.9791666666666666,0.8541666666666667
344,28,50,1,0.0154863137298655,0.01799115994468,0.0246222107075295,0.0112994055258439,0.0004448256841306,-0.0110859052611709,0.002906895314339,0.0083997105805507,-0.0190058294163726,0.0084146540207324,-0.0011207972245813,0.0083716740675049,-0.0080202420321136,-0.0163822062276101,-0.0089825741630754,-0.0255338977466552,-0.004513686270134501,-0.00200884005532,0.004622210707529498,-0.0087005944741561,0.0004448256841306,-0.0110859052611709,0.002906895314339,0.0083997105805507,-0.0190058294163726,0.0084146540207324,-0.0011207972245813,0.0083716740675049,0.0119797579678864,0.0036177937723898997,0.0110174258369246,-0.005533897746655199,1.0,0.8958333333333334
345,28,50,10,0.0148216830782492,0.0221406854859118,0.0245370249376084,0.0157877256246481,-0.0012803759677291,-0.0119391301142875,0.0112742270138896,0.009277510450936,-0.0128836433265063,0.0077921362805044,0.0010049750488252,0.0121241668192042,-0.0146439912528539,-0.0213370187214125,-0.0002801326622484,-0.0296313626297125,-0.005178316921750801,0.0021406854859118,0.004537024937608401,-0.004212274375351901,-0.0012803759677291,-0.0119391301142875,0.0112742270138896,0.009277510450936,-0.0128836433265063,0.0077921362805044,0.0010049750488252,0.0121241668192042,0.005356008747146101,-0.001337018721412498,0.0197198673377516,-0.009631362629712498,1.0,0.9375
346,28,50,20,0.0150806190105407,0.0220174158498301,0.022691029753689,0.0174633032539001,-8.729494635812533e-06,-0.0125901777192787,0.011340786042616,0.0059143375622056,-0.0135156145946142,0.0067526161514797,-0.00030687033104,0.0121700417342828,-0.0112291471574397,-0.0219667043771331,0.0009651059310005,-0.0251088512165382,-0.0049193809894593,0.0020174158498301002,0.002691029753689001,-0.002536696746099902,-8.729494635812533e-06,-0.0125901777192787,0.011340786042616,0.0059143375622056,-0.0135156145946142,0.0067526161514797,-0.00030687033104,0.0121700417342828,0.0087708528425603,-0.0019667043771330987,0.0209651059310005,-0.005108851216538198,1.0,0.875
347,28,50,random,0.0229842108455671,0.0156690038592001,0.0140510406107859,0.016064078077256,-0.0001289365146373,-0.0141191836249066,0.0127722345052835,0.0097397561365304,-0.0342659816574997,0.0209492811676309,-0.0057247801404215,0.0094058416885417,-0.0088514931956337,-0.0172048746799041,-0.006230616841104,-0.019748430389214,0.0029842108455671,-0.0043309961407999,-0.0059489593892141,-0.003935921922744001,-0.0001289365146373,-0.0141191836249066,0.0127722345052835,0.0097397561365304,-0.0342659816574997,0.0209492811676309,-0.0057247801404215,0.0094058416885417,0.0111485068043663,0.0027951253200959,0.013769383158896,0.00025156961078600173,0.9375,0.875
348,29,1000,1,0.0103864867051926,0.0176511690820664,0.019157839414038,0.0199788641966483,0.0076707742824475,0.0020560331807012,-0.0023256637921986,0.0115526588754507,0.0026568325904553,0.0112888937977387,0.0065041816413001,-0.0015701300069887,-0.0336444136348828,-0.0125087208053471,-0.0115647628081186,-0.0118464937275323,-0.0096135132948074,-0.0023488309179336003,-0.0008421605859619992,-2.113580335169965e-05,0.0076707742824475,0.0020560331807012,-0.0023256637921986,0.0115526588754507,0.0026568325904553,0.0112888937977387,0.0065041816413001,-0.0015701300069887,-0.013644413634882797,0.0074912791946529,0.0084352371918814,0.0081535062724677,0.9583333333333334,1.0
349,29,1000,10,0.0161106241239814,0.0132462783128605,0.0168549960910581,0.0162624941269531,0.0047611943167311,-0.0021391686454011,-0.00095397184222,0.007449435221258,0.0046614086365052,0.0081621692198541,0.0096694311010268,0.0039001156408091,-0.0260377024492891,-0.0195448413845982,-0.0121245268627452,-0.0139645681043588,-0.003889375876018602,-0.0067537216871395005,-0.0031450039089419013,-0.0037375058730469007,0.0047611943167311,-0.0021391686454011,-0.00095397184222,0.007449435221258,0.0046614086365052,0.0081621692198541,0.0096694311010268,0.0039001156408091,-0.006037702449289098,0.0004551586154017996,0.0078754731372548,0.006035431895641201,1.0,1.0
350,29,1000,20,0.0166085087491653,0.0129470890420429,0.0166493335587081,0.0162442091655906,0.0055634050063409,-0.0027380785476023,-0.0009766222105944,0.0076127985288066,0.0045462485699016,0.0082955154835803,0.0096009286180716,0.0037272227593529,-0.0243686596532524,-0.0188379534931315,-0.0114391988204748,-0.0145784146817924,-0.0033914912508347,-0.0070529109579571,-0.003350666441291901,-0.003755790834409401,0.0055634050063409,-0.0027380785476023,-0.0009766222105944,0.0076127985288066,0.0045462485699016,0.0082955154835803,0.0096009286180716,0.0037272227593529,-0.0043686596532524005,0.001162046506868502,0.0085608011795252,0.0054215853182076005,1.0,1.0
351,29,1000,random,0.0115467691006717,0.0156577726023641,0.0192134727660835,0.0104794568364022,0.0141633106066805,-0.0017600128519441,-0.002224965657819,0.0061928685201103,0.000845717410133,0.0018585536922187,0.007796288812572,-0.0048864929172853,-0.0334757505818911,-0.0150981032592124,-0.0112824185281707,-0.0098087092583997,-0.0084532308993283,-0.0043422273976359005,-0.0007865272339164994,-0.0095205431635978,0.0141633106066805,-0.0017600128519441,-0.002224965657819,0.0061928685201103,0.000845717410133,0.0018585536922187,0.007796288812572,-0.0048864929172853,-0.013475750581891103,0.004901896740787601,0.0087175814718293,0.0101912907416003,0.9583333333333333,1.0
352,29,100,1,0.0163167598514866,0.012833380850282,0.0156303753955398,0.0162304202696863,0.0030466069082021,-0.0093609815390981,0.004747688611969,0.005986224749547,0.0017152088750779,0.0053001735012273,0.0171429116415535,0.0068311440356311,-0.0408087199921341,-0.0167785996664487,-0.0166537788256033,-0.0153298480997944,-0.0036832401485134003,-0.007166619149718001,-0.0043696246044602,-0.0037695797303137005,0.0030466069082021,-0.0093609815390981,0.004747688611969,0.005986224749547,0.0017152088750779,0.0053001735012273,0.0171429116415535,0.0068311440356311,-0.020808719992134097,0.0032214003335513004,0.003346221174396702,0.0046701519002056,0.9166666666666666,1.0
353,29,100,10,0.0157260078105326,0.0138187196759665,0.0173510110920221,0.0175614134011785,0.0017042912798687,-0.0046794382115286,0.0014826814810338,0.0067644661713851,0.0013387835975061,0.0045029880101406,0.0100087730747237,0.0047092114682559,-0.0287641615476227,-0.0180190317638677,-0.013321587979048,-0.0152851483492104,-0.004273992189467401,-0.0061812803240335005,-0.002648988907977899,-0.002438586598821499,0.0017042912798687,-0.0046794382115286,0.0014826814810338,0.0067644661713851,0.0013387835975061,0.0045029880101406,0.0100087730747237,0.0047092114682559,-0.0087641615476227,0.001980968236132301,0.0066784120209520004,0.0047148516507896,1.0,1.0
354,29,100,20,0.015852696718938,0.0123919234382745,0.0162996757874253,0.0165840018722809,0.0031453504116174,-0.0042145545005267,0.0007580282088068,0.0067313674634562,0.0035783365354231,0.0050881059282456,0.0078774126563782,0.0030791257640493,-0.025756524551218,-0.0169832943616576,-0.0131214274150784,-0.0159894386149371,-0.0041473032810620016,-0.007608076561725501,-0.003700324212574699,-0.003415998127719099,0.0031453504116174,-0.0042145545005267,0.0007580282088068,0.0067313674634562,0.0035783365354231,0.0050881059282456,0.0078774126563782,0.0030791257640493,-0.005756524551218001,0.0030167056383424012,0.0068785725849216,0.004010561385062901,1.0,1.0
355,29,100,random,-0.0004613928042577,0.0143575362033411,0.0210512664497381,0.0176430882213464,0.0174900718954806,-0.0030961174443516,0.0031781094225463,0.0066227326819865,-0.0030294301945051,0.0076366555900852,0.009550444291871,-0.0092201918819626,-0.0415413371383731,-0.0124205777097386,-0.0132739763341071,-0.0112774648868201,-0.0204613928042577,-0.005642463796658901,0.0010512664497380995,-0.0023569117786535997,0.0174900718954806,-0.0030961174443516,0.0031781094225463,0.0066227326819865,-0.0030294301945051,0.0076366555900852,0.009550444291871,-0.0092201918819626,-0.021541337138373102,0.007579422290261401,0.006726023665892901,0.008722535113179901,0.875,1.0
356,29,50,1,0.0221034705166294,0.0103334573271917,0.013746463607885,0.0193940658337481,0.0030035601416445,-0.0144773916077863,-0.0007715769576794,0.0031855092779355,0.0003027022276221,0.0119296593915198,0.0153385267547082,0.0095650011179174,-0.0346200800869835,-0.0302436770296284,-0.0046469807662275,-0.0233122393387373,0.0021034705166293986,-0.0096665426728083,-0.006253536392115001,-0.0006059341662519001,0.0030035601416445,-0.0144773916077863,-0.0007715769576794,0.0031855092779355,0.0003027022276221,0.0119296593915198,0.0153385267547082,0.0095650011179174,-0.0146200800869835,-0.0102436770296284,0.0153530192337725,-0.0033122393387373,0.9375,0.9791666666666666
357,29,50,10,0.018863331656063,0.0148318713557022,0.0168835387605531,0.0194657447358964,0.0081910692478697,-0.0038017581950746,-0.0001428441856842,0.0108496292840577,0.0058584215547592,0.0177361022987444,0.0135038155716263,0.0053796629591047,-0.0325067713206076,-0.0207206861762742,-0.0165537114042889,-0.0105943738703998,-0.0011366683439370008,-0.0051681286442978,-0.0031164612394469007,-0.0005342552641036009,0.0081910692478697,-0.0038017581950746,-0.0001428441856842,0.0108496292840577,0.0058584215547592,0.0177361022987444,0.0135038155716263,0.0053796629591047,-0.0125067713206076,-0.0007206861762741983,0.0034462885957111007,0.0094056261296002,0.9583333333333333,1.0
358,29,50,20,0.0180850157686344,0.0152601178986918,0.0208574983693937,0.0203928655068386,0.006503550800735,-0.0042902892478849,-0.0029498963777338,0.0131932670016127,0.0062796683788461,0.0185981423832868,0.0126776901914704,0.0043301834922503,-0.030531331580534,-0.0186238479687945,-0.0149069706388164,-0.0104380214939705,-0.0019149842313656018,-0.0047398821013082005,0.0008574983693936979,0.00039286550683859806,0.006503550800735,-0.0042902892478849,-0.0029498963777338,0.0131932670016127,0.0062796683788461,0.0185981423832868,0.0126776901914704,0.0043301834922503,-0.010531331580534,0.001376152031205502,0.005093029361183601,0.0095619785060295,0.9583333333333333,1.0
359,29,50,random,0.0047239936313512,0.0178859778557302,0.0109613654921872,0.0177635164238722,0.0096186615697543,-0.0022782614157044,-0.0034079317368843,0.0094895976160469,0.0033573237794467,0.0081460231707156,0.011263552258634,0.0058697656450118,-0.0349471123639603,-0.018353177580086,-0.0096390178837582,-0.0046097410744622,-0.0152760063686488,-0.002114022144269801,-0.0090386345078128,-0.002236483576127799,0.0096186615697543,-0.0022782614157044,-0.0034079317368843,0.0094895976160469,0.0033573237794467,0.0081460231707156,0.011263552258634,0.0058697656450118,-0.014947112363960301,0.001646822419914002,0.0103609821162418,0.0153902589255378,0.875,1.0
360,30,1000,1,0.0093933295957155,0.0227088304145651,0.0187286763086198,0.0250016190487275,0.0051667242446255,-0.0120326778084833,0.0092110634087311,0.0016662619119072,-0.0066788622946421,-0.0012854149622413,-0.0037523904467394,-0.0083614002402483,-0.01108522276469,-0.0172385654217657,-0.0216086151000898,-0.0195796675083186,-0.0106066704042845,0.0027088304145651,-0.001271323691380201,0.0050016190487275,0.0051667242446255,-0.0120326778084833,0.0092110634087311,0.0016662619119072,-0.0066788622946421,-0.0012854149622413,-0.0037523904467394,-0.0083614002402483,0.008914777235310001,0.002761434578234301,-0.0016086151000897983,0.0004203324916813994,1.0,0.9791666666666666
361,30,1000,10,0.0127186599116525,0.0217186760360763,0.0194958694436665,0.0231885299735003,0.002055888715079,-0.0072786661899543,0.0062127305389795,0.0060233929807874,-0.0089180638012319,0.0029446404217267,-0.0053829513042084,-0.0074053899773447,-0.0076614224012708,-0.012876420378628,-0.0214149031524239,-0.0236625639141509,-0.0072813400883475,0.0017186760360763005,-0.000504130556333502,0.0031885299735003,0.002055888715079,-0.0072786661899543,0.0062127305389795,0.0060233929807874,-0.0089180638012319,0.0029446404217267,-0.0053829513042084,-0.0074053899773447,0.012338577598729202,0.007123579621372,-0.0014149031524238985,-0.003662563914150898,1.0,0.9791666666666666
362,30,1000,20,0.0116684254953531,0.0221047618957867,0.0198613269537865,0.023766137917423,0.0018985671973877,-0.007394718428053,0.0061834365905953,0.0055832053646049,-0.0094149915349277,0.0025831856222202,-0.0056258649927856,-0.0070833393178681,-0.0076224858084349,-0.0112945616958115,-0.0214780405149323,-0.0262070351194813,-0.0083315745046469,0.0021047618957866984,-0.00013867304621350066,0.003766137917422998,0.0018985671973877,-0.007394718428053,0.0061834365905953,0.0055832053646049,-0.0094149915349277,0.0025831856222202,-0.0056258649927856,-0.0070833393178681,0.0123775141915651,0.0087054383041885,-0.001478040514932298,-0.0062070351194812995,1.0,0.9791666666666666
363,30,1000,random,0.0114211824050879,0.0211632595746174,0.0175372023529361,0.0170279765924038,0.0027054845173688,-0.0104815817544969,0.0030715762494922,0.0059043597873286,-0.0106574747444075,-0.0019825247740173,-0.0060968976539079,-0.0056839208599315,-0.0077290731498337,-0.0031130037352833,-0.0312858955702114,-0.0152409905391426,-0.008578817594912101,0.0011632595746173986,-0.0024627976470639017,-0.0029720234075962006,0.0027054845173688,-0.0104815817544969,0.0030715762494922,0.0059043597873286,-0.0106574747444075,-0.0019825247740173,-0.0060968976539079,-0.0056839208599315,0.0122709268501663,0.0168869962647167,-0.0112858955702114,0.004759009460857401,1.0,0.875
364,30,100,1,0.0159857843732246,0.0246205141843567,0.022082903545685,0.0252782629630722,0.0023338947727876,0.0019341384554003,0.0138192080071183,0.0140799604245858,-0.0041799751546094,-0.002155543264082,-0.0071692946136317,-0.0044974490690333,-0.0135481909885894,-0.0049549426692951,-0.0230529019279985,-0.0167861738442695,-0.0040142156267754005,0.004620514184356699,0.002082903545685001,0.005278262963072201,0.0023338947727876,0.0019341384554003,0.0138192080071183,0.0140799604245858,-0.0041799751546094,-0.002155543264082,-0.0071692946136317,-0.0044974490690333,0.006451809011410601,0.015045057330704902,-0.003052901927998501,0.003213826155730501,1.0,0.9791666666666666
365,30,100,10,0.0136001198568442,0.0236579475008288,0.0191390459485554,0.0222401217182996,0.0036805946277826,-0.0044283433644594,0.0097796426423632,0.010736514511887,-0.0081895477753638,-0.0018614906689343,-0.0054414691999542,-0.0090560300974298,-0.0085276473612018,-0.0106159091217715,-0.0234196695188882,-0.0240946122364783,-0.0063998801431558,0.0036579475008288002,-0.0008609540514445992,0.002240121718299598,0.0036805946277826,-0.0044283433644594,0.0097796426423632,0.010736514511887,-0.0081895477753638,-0.0018614906689343,-0.0054414691999542,-0.0090560300974298,0.0114723526387982,0.0093840908782285,-0.0034196695188882,-0.0040946122364783,1.0,0.9791666666666666
366,30,100,20,0.0136880808403265,0.0230813876132775,0.0185878112725988,0.0227778194811245,0.0047729409465436,-0.0004047365241592,0.0127909720381739,0.011346350408755,-0.0098525495116898,-0.0006815784674229,-0.0059822243387342,-0.0081617026510413,-0.0068372706263955,-0.0056369380156062,-0.0260137731417065,-0.0291197870279658,-0.006311919159673501,0.0030813876132774996,-0.0014121887274012,0.0027778194811244987,0.0047729409465436,-0.0004047365241592,0.0127909720381739,0.011346350408755,-0.0098525495116898,-0.0006815784674229,-0.0059822243387342,-0.0081617026510413,0.0131627293736045,0.0143630619843938,-0.006013773141706501,-0.0091197870279658,1.0,0.8958333333333333
367,30,100,random,0.0072252145536245,0.0239324701928825,0.0172335898568541,0.0200546999784884,0.0032601074866019,-0.0101852000885522,0.0028036974814978,0.0118602265068341,-0.0073523177787937,-0.0060126596968657,-0.005219112145186,-0.0157186533761633,-0.0033700502541346,-0.0040615309125877,-0.0372750143181809,-0.0170267328519419,-0.0127747854463755,0.003932470192882499,-0.0027664101431459018,5.469997848839975e-05,0.0032601074866019,-0.0101852000885522,0.0028036974814978,0.0118602265068341,-0.0073523177787937,-0.0060126596968657,-0.005219112145186,-0.0157186533761633,0.016629949745865402,0.0159384690874123,-0.0172750143181809,0.0029732671480580987,0.9791666666666666,0.7916666666666666
368,30,50,1,0.0129910055351262,0.0183077534275884,0.0168539614206705,0.0242100389951369,-0.0002670083598775,-0.0152073875087784,-0.0036015565138344,0.003494942891227,-0.0090784640253243,-0.0011184634182683,-0.0080827408563851,-0.00684057979929,-0.006086078459489,-0.0149585498155112,0.0044972845445242,-0.0185873261810813,-0.0070089944648738,-0.0016922465724115987,-0.0031460385793295013,0.004210038995136899,-0.0002670083598775,-0.0152073875087784,-0.0036015565138344,0.003494942891227,-0.0090784640253243,-0.0011184634182683,-0.0080827408563851,-0.00684057979929,0.013913921540511,0.0050414501844888,0.0244972845445242,0.0014126738189187,1.0,0.7291666666666667
369,30,50,10,0.0106126953162476,0.0227832351920462,0.0213077710103186,0.026719395794414,0.0014876280891931,-0.0071669567936407,0.0058122099816742,0.0075116079611608,-0.0109075014943291,0.0053499738693561,-0.0052222316152489,-0.0118589021163615,-0.0035330471595724,-0.0118983691397107,-0.0133246132636183,-0.0265863604842566,-0.009387304683752401,0.0027832351920462003,0.0013077710103185994,0.006719395794413999,0.0014876280891931,-0.0071669567936407,0.0058122099816742,0.0075116079611608,-0.0109075014943291,0.0053499738693561,-0.0052222316152489,-0.0118589021163615,0.0164669528404276,0.0081016308602893,0.006675386736381701,-0.0065863604842565995,1.0,0.9166666666666667
370,30,50,20,0.010454968540276,0.021841066448964,0.0226884281842352,0.0257073981414384,-0.0002255990554205,-0.0118884286760984,0.0105744531412067,0.0101571460889749,-0.0149659258227429,0.0021129406940132,-0.0048815172331776,-0.0142297965161932,-0.0065241923116485,-0.0073668615237125,-0.0138979199617349,-0.0262066806381224,-0.009545031459724001,0.0018410664489640002,0.0026884281842351997,0.005707398141438398,-0.0002255990554205,-0.0118884286760984,0.0105744531412067,0.0101571460889749,-0.0149659258227429,0.0021129406940132,-0.0048815172331776,-0.0142297965161932,0.0134758076883515,0.012633138476287501,0.0061020800382651005,-0.006206680638122401,0.9791666666666666,0.8333333333333334
371,30,50,random,0.0049255719368521,0.025486865532438,0.0227335971632142,0.0179312568684957,-9.965428051231992e-05,-0.01269018260799,-0.0082308300737578,0.0018386882674053,-0.0146498374691082,-0.0031830434709112,-0.0103556033967957,-0.0131023778787863,-0.0105019822516314,-0.0080646203192529,-0.0092210872820695,-0.0146413489481803,-0.015074428063147901,0.005486865532438,0.0027335971632142,-0.002068743131504302,-9.965428051231992e-05,-0.01269018260799,-0.0082308300737578,0.0018386882674053,-0.0146498374691082,-0.0031830434709112,-0.0103556033967957,-0.0131023778787863,0.0094980177483686,0.0119353796807471,0.0107789127179305,0.0053586510518197,1.0,0.7291666666666666
372,31,1000,1,0.0357538921204458,0.0169198552921179,0.0086829931893245,0.016932639233681,-0.0052383637530604,0.00526580994526,0.0032907575526898,-0.0110319260503436,-0.0031171183014063,0.0104715934483885,-0.0077184408186136,0.0056131433909564,-0.0256079809960111,-0.0207144226799144,-0.0235039226634416,-0.0154863001857156,0.0157538921204458,-0.0030801447078821,-0.0113170068106755,-0.0030673607663189995,-0.0052383637530604,0.00526580994526,0.0032907575526898,-0.0110319260503436,-0.0031171183014063,0.0104715934483885,-0.0077184408186136,0.0056131433909564,-0.0056079809960110985,-0.0007144226799143984,-0.0035039226634416,0.0045136998142844,0.9791666666666666,1.0
373,31,1000,10,0.0303323647954438,0.0144071657862403,0.0163310405505537,0.014325547874777,-0.0008913971514531,0.0017834247538548,0.0017762034411473,-0.0078597399253838,-0.0003836740475968,0.0044153484370635,-0.0050323937660681,0.0019927907901761,-0.026956806521585,-0.0152229809159341,-0.0140018647171134,-0.0228940904778309,0.010332364795443801,-0.0055928342137597006,-0.003668959449446299,-0.005674452125223,-0.0008913971514531,0.0017834247538548,0.0017762034411473,-0.0078597399253838,-0.0003836740475968,0.0044153484370635,-0.0050323937660681,0.0019927907901761,-0.006956806521585,0.0047770190840659005,0.005998135282886601,-0.0028940904778308983,1.0,1.0
374,31,1000,20,0.02778601353589,0.0145473301574032,0.0175240181558965,0.014525475370442,-5.754571631576208e-05,0.0027134370802319,0.0011252823627007,-0.0087692327327942,0.0004059227533665,0.0033546049031179,-0.0054087795308104,0.00249349726068,-0.0237875374156271,-0.0149841515692316,-0.0153664803459082,-0.0242841693667581,0.00778601353589,-0.0054526698425968,-0.002475981844103501,-0.005474524629558001,-5.754571631576208e-05,0.0027134370802319,0.0011252823627007,-0.0087692327327942,0.0004059227533665,0.0033546049031179,-0.0054087795308104,0.00249349726068,-0.0037875374156270993,0.0050158484307684,0.004633519654091801,-0.0042841693667581005,1.0,1.0
375,31,1000,random,0.0202585799435922,0.0071638579334612,0.0113589490728987,0.013758727232867,-0.004228110281539,0.0043645890323815,-0.0056308572902403,-0.0064977896846954,0.0068028354502712,0.0048466926398414,-0.0024774154578905,0.0022496846967829,-0.0286142324591505,-0.0198727751257831,-0.0082629896708522,-0.0365683231707593,0.00025857994359219927,-0.0128361420665388,-0.008641050927101301,-0.006241272767133,-0.004228110281539,0.0043645890323815,-0.0056308572902403,-0.0064977896846954,0.0068028354502712,0.0048466926398414,-0.0024774154578905,0.0022496846967829,-0.008614232459150498,0.00012722487421689896,0.0117370103291478,-0.016568323170759302,1.0,1.0
376,31,100,1,0.0322947259544507,0.0176941411989501,0.0190983372951816,0.0117316912327164,-0.0007574216012422,0.0005674809717707,0.0037507385363531,-0.0127354010839859,0.0086131739104251,0.0019412082577844,-0.0043919743978275,0.0007232881578068,-0.0266263566312133,-0.0198885878141995,-0.0150814327658071,-0.0274229845210529,0.012294725954450702,-0.002305858801049901,-0.0009016627048183991,-0.0082683087672836,-0.0007574216012422,0.0005674809717707,0.0037507385363531,-0.0127354010839859,0.0086131739104251,0.0019412082577844,-0.0043919743978275,0.0007232881578068,-0.0066263566312133,0.00011141218580050169,0.0049185672341929,-0.007422984521052899,1.0,1.0
377,31,100,10,0.030044392894525,0.0161273463765311,0.0183002102580692,0.0144342931494441,-0.0025882412786155,0.0027857798229333,0.0019592784257915,-0.0082139800627881,0.0034363675128485,0.0028745061830364,-0.0056223490041687,0.0020581296275842,-0.0278319980744782,-0.014893272196504,-0.0135865357485979,-0.0252739761827526,0.010044392894524998,-0.0038726536234689017,-0.0016997897419308017,-0.0055657068505559,-0.0025882412786155,0.0027857798229333,0.0019592784257915,-0.0082139800627881,0.0034363675128485,0.0028745061830364,-0.0056223490041687,0.0020581296275842,-0.007831998074478201,0.005106727803496001,0.006413464251402101,-0.005273976182752601,1.0,1.0
378,31,100,20,0.030597801522281,0.0171850658039846,0.0161988903527014,0.0149267337506692,-0.0026174292246612,0.0019088647545016,0.0037625792932472,-0.0109387342861763,0.0067356623295969,0.0001387643453897,-0.0050194016791147,0.0028521295932566,-0.0229017859313614,-0.0147388518869998,-0.0115955964371534,-0.0245156498318896,0.010597801522281,-0.0028149341960154,-0.0038011096472986006,-0.005073266249330801,-0.0026174292246612,0.0019088647545016,0.0037625792932472,-0.0109387342861763,0.0067356623295969,0.0001387643453897,-0.0050194016791147,0.0028521295932566,-0.002901785931361398,0.0052611481130002,0.0084044035628466,-0.004515649831889599,1.0,1.0
379,31,100,random,0.0183829871647054,0.0064705017971924,0.0133858266563789,0.0153012197231445,-0.0085684531567717,0.0092450834968913,0.0005453594909494,-0.0068817576734909,0.0174714610950202,0.0085339748367678,0.000411007714574,0.0005248242222512,-0.0204600647567387,-0.020078829493176,0.0022815656534941,-0.0388279489036382,-0.0016170128352946019,-0.013529498202807601,-0.0066141733436210996,-0.0046987802768555,-0.0085684531567717,0.0092450834968913,0.0005453594909494,-0.0068817576734909,0.0174714610950202,0.0085339748367678,0.000411007714574,0.0005248242222512,-0.0004600647567386991,-7.882949317599905e-05,0.022281565653494102,-0.0188279489036382,0.8958333333333334,0.8958333333333333
380,31,50,1,0.0347618489082459,0.0114573898372404,0.0143066453482577,0.0098058616286772,-0.0003852557266098,0.0055560602245775,0.0047562346806965,0.0064984778479866,0.009772290707014,-0.0075369429102139,-0.00402388794603,0.002470534457668,-0.0240877009310324,-0.0157891404944854,0.0065571713594579,-0.014839805719691,0.0147618489082459,-0.0085426101627596,-0.0056933546517423,-0.0101941383713228,-0.0003852557266098,0.0055560602245775,0.0047562346806965,0.0064984778479866,0.009772290707014,-0.0075369429102139,-0.00402388794603,0.002470534457668,-0.0040877009310324,0.0042108595055146,0.0265571713594579,0.005160194280309,1.0,0.8541666666666666
381,31,50,10,0.0302856713060274,0.0130606776978863,0.0197193727075468,0.0157341431254293,-0.0058080845347037,0.0002159339703798,0.0032963914432357,-0.0047548293822337,0.0061244972496136,-4.219687133050222e-05,-0.0029334847464548,0.0027173494573518,-0.0347436619255642,-0.0173765066161725,-0.0160554471520128,-0.023792681307756,0.010285671306027401,-0.0069393223021137,-0.0002806272924531991,-0.004265856874570699,-0.0058080845347037,0.0002159339703798,0.0032963914432357,-0.0047548293822337,0.0061244972496136,-4.219687133050222e-05,-0.0029334847464548,0.0027173494573518,-0.014743661925564196,0.002623493383827502,0.003944552847987202,-0.0037926813077560004,1.0,1.0
382,31,50,20,0.0301995825276971,0.0121067150021077,0.0211802765416371,0.0145143856799451,-0.0043458570745024,0.0005719251629158,0.0020086368431313,-0.0045449826809835,0.0009335219677571,-0.0015056040963832,-0.0052369979062288,0.0045005947312456,-0.030350764631505,-0.0180947354689651,-0.0188906359996267,-0.0235253379020793,0.0101995825276971,-0.0078932849978923,0.0011802765416371007,-0.005485614320054901,-0.0043458570745024,0.0005719251629158,0.0020086368431313,-0.0045449826809835,0.0009335219677571,-0.0015056040963832,-0.0052369979062288,0.0045005947312456,-0.010350764631505,0.0019052645310349003,0.0011093640003733002,-0.0035253379020793,1.0,1.0
383,31,50,random,0.0219786731868915,0.0027339661053216,0.0163796538707254,0.012254766056343,-0.0047712095491024,0.0015220362761548,-0.0012478716277692,-0.0009162125476354,0.0088005649510565,-0.0021686300223872,1.708376670384347e-05,0.003022745400487,-0.0230882269249684,-0.0238525684899601,-0.0036795403110321,-0.0443359203112341,0.001978673186891499,-0.0172660338946784,-0.0036203461292746014,-0.0077452339436570004,-0.0047712095491024,0.0015220362761548,-0.0012478716277692,-0.0009162125476354,0.0088005649510565,-0.0021686300223872,1.708376670384347e-05,0.003022745400487,-0.0030882269249684,-0.003852568489960101,0.0163204596889679,-0.0243359203112341,0.9583333333333334,0.9791666666666666
384,32,1000,1,0.0207901849564435,0.0096158774586808,0.0248618548078668,0.0119248628691304,0.0025591659227816,-0.0067241772910528,-0.0154835425041611,0.0005920082137052,0.0079882914942533,0.0029828354520146,-0.0023501679737306,-0.0015011495141976,-0.0132155969912274,-0.0083694041872837,-0.0076019138834494,-0.0152487555708763,0.0007901849564435001,-0.0103841225413192,0.0048618548078668,-0.008075137130869601,0.0025591659227816,-0.0067241772910528,-0.0154835425041611,0.0005920082137052,0.0079882914942533,0.0029828354520146,-0.0023501679737306,-0.0015011495141976,0.0067844030087726,0.011630595812716301,0.012398086116550602,0.0047512444291237,1.0,0.9166666666666666
385,32,1000,10,0.0209271981470867,0.0131697973992299,0.0204857290948275,0.0144246739449189,-0.0026388675765494,-0.0084554772257998,-0.0104658642314219,-0.0020065702931481,0.0005238660363934,0.0042924990504366,0.0004712152284242,-0.0075798943576147,-0.0152231897952507,-0.0176602061897433,-0.0049174705743721,-0.0147687644134069,0.0009271981470867011,-0.006830202600770101,0.00048572909482750073,-0.0055753260550811,-0.0026388675765494,-0.0084554772257998,-0.0104658642314219,-0.0020065702931481,0.0005238660363934,0.0042924990504366,0.0004712152284242,-0.0075798943576147,0.0047768102047493,0.0023397938102567017,0.0150825294256279,0.005231235586593101,1.0,0.9375
386,32,1000,20,0.0198379843329992,0.0120897809568792,0.0191741107436729,0.0097235384423488,-0.0019366014077531,-0.0081831836000988,-0.0096841921203384,-0.0020316083117592,0.0007902434947904,0.0047841194736151,0.0007740304015003,-0.0086748041188744,-0.0160925398583874,-0.0195734912014459,-0.0036597218000705,-0.0143611225499516,-0.0001620156670007998,-0.0079102190431208,-0.0008258892563271017,-0.0102764615576512,-0.0019366014077531,-0.0081831836000988,-0.0096841921203384,-0.0020316083117592,0.0007902434947904,0.0047841194736151,0.0007740304015003,-0.0086748041188744,0.003907460141612602,0.00042650879855410037,0.0163402781999295,0.0056388774500484,1.0,0.9375
387,32,1000,random,0.0210676381199858,0.012344720236847,0.0223888986687774,0.0184987479418951,-0.000821931426512,-0.0113553486092298,-0.0123534922048862,-0.0035151656742839,0.0044139511491839,0.0087724572136511,-0.0011103045866382,-0.0030907453290777,-0.0312995323531185,-0.0248285883092364,-0.00324180378146,-0.014687140147632,0.0010676381199857983,-0.007655279763153,0.0023888986687773985,-0.001501252058104901,-0.000821931426512,-0.0113553486092298,-0.0123534922048862,-0.0035151656742839,0.0044139511491839,0.0087724572136511,-0.0011103045866382,-0.0030907453290777,-0.011299532353118497,-0.004828588309236399,0.01675819621854,0.0053128598523680005,1.0,0.9375
388,32,100,1,0.0179228551760557,0.0079641161294779,0.0236323405484259,0.0340586454558519,-0.001336251256355,-0.0084675172063965,-0.0080474153600438,0.0019045847533393,0.0036401480517952,0.0081398759931542,0.0025896244226272,-0.0050964933294031,-0.0138043838834198,-0.0202786319274933,3.850821551350104e-05,-0.0090043780863049,-0.002077144823944301,-0.012035883870522101,0.0036323405484258997,0.014058645455851903,-0.001336251256355,-0.0084675172063965,-0.0080474153600438,0.0019045847533393,0.0036401480517952,0.0081398759931542,0.0025896244226272,-0.0050964933294031,0.0061956161165802,-0.00027863192749329885,0.020038508215513503,0.010995621913695101,0.9791666666666666,0.9166666666666667
389,32,100,10,0.0187687479810325,0.011220067690347,0.0203767011347021,0.0048465779756176,-0.0009874768474821,-0.0037004806757945,-0.0102251617189768,0.0003728042580454,0.0014655801053938,0.002078326903164,0.0002841588719783,-0.008324243403283,-0.015098257718529,-0.0183118329592775,-0.0073384478293156,-0.0190538157119505,-0.0012312520189674998,-0.008779932309653,0.0003767011347021003,-0.0151534220243824,-0.0009874768474821,-0.0037004806757945,-0.0102251617189768,0.0003728042580454,0.0014655801053938,0.002078326903164,0.0002841588719783,-0.008324243403283,0.004901742281471,0.0016881670407224991,0.0126615521706844,0.0009461842880495001,1.0,0.9583333333333334
390,32,100,20,0.0179449810511914,0.0107827428725436,0.0197260886237874,0.0010832871216386,0.0003107900734643,-0.0047248257020153,-0.0111672157490374,-0.001600934576604,-6.72962919225359e-05,0.0041115301308628,0.0010786219254463,-0.0109660002030619,-0.0148979205721368,-0.021648615428343,-0.0041951340997408,-0.0181640260678925,-0.0020550189488086,-0.009217257127456401,-0.00027391137621260095,-0.0189167128783614,0.0003107900734643,-0.0047248257020153,-0.0111672157490374,-0.001600934576604,-6.72962919225359e-05,0.0041115301308628,0.0010786219254463,-0.0109660002030619,0.0051020794278632,-0.001648615428342999,0.015804865900259202,0.0018359739321075,0.9791666666666666,0.9375
391,32,100,random,0.0131787519009423,0.0052588313879961,0.0113534233875246,0.0194301517321849,-0.0041250587273035,-0.006601647503738,-0.0066255768340608,0.0010438725746698,0.0023356399558013,0.0042323278912034,-0.0032133178964143,-0.0040168927523799,-0.0176203521658104,-0.0164016078336178,-0.0059353313566017,-0.0035455703011439,-0.0068212480990577,-0.014741168612003901,-0.0086465766124754,-0.0005698482678151012,-0.0041250587273035,-0.006601647503738,-0.0066255768340608,0.0010438725746698,0.0023356399558013,0.0042323278912034,-0.0032133178964143,-0.0040168927523799,0.0023796478341896014,0.003598392166382202,0.0140646686433983,0.0164544296988561,1.0,0.875
392,32,50,1,0.0259960549406459,0.0140488085362562,0.0188560997996714,0.0407162116320446,-0.0016193003325731,-0.0040298108391605,-0.0152401312857359,-0.0013759296482413,-0.0034819481738034,0.0084435135873333,0.000513753493458,0.0034847356908987,-0.0176218318399876,-0.0182231456644977,-0.0064557065237854,-0.0016359979527298,0.005996054940645899,-0.0059511914637438,-0.0011439002003286007,0.0207162116320446,-0.0016193003325731,-0.0040298108391605,-0.0152401312857359,-0.0013759296482413,-0.0034819481738034,0.0084435135873333,0.000513753493458,0.0034847356908987,0.002378168160012399,0.0017768543355023009,0.013544293476214601,0.0183640020472702,1.0,0.9166666666666666
393,32,50,10,0.0259925862077953,0.016234385164824,0.0215385384466383,0.0322931475587547,-0.002088345382188,-0.0082988099984581,-0.0090860148568105,-0.0021278017144632,-0.0025152243100544,0.0061512771385054,-0.002137450102244,-0.0012976597876411,-0.0167226703913393,-0.0182351693037859,-0.0022395847935832,-0.0079480875655314,0.0059925862077952995,-0.0037656148351760017,0.0015385384466382983,0.012293147558754703,-0.002088345382188,-0.0082988099984581,-0.0090860148568105,-0.0021278017144632,-0.0025152243100544,0.0061512771385054,-0.002137450102244,-0.0012976597876411,0.0032773296086607007,0.0017648306962140987,0.017760415206416802,0.0120519124344686,1.0,0.8958333333333333
394,32,50,20,0.0257926912154666,0.0155687013081209,0.0211921823721753,0.0139430216746023,-0.0028216217817535,-0.0074942303063491,-0.0098464172869168,-0.0021860426413896,-0.002553724554378,0.0053559060081756,-0.0019608360734965,-0.0032809580643832,-0.0212497306394525,-0.0291740209659235,-0.0014259661301914,-0.0112545589706387,0.0057926912154665985,-0.004431298691879101,0.001192182372175301,-0.006056978325397701,-0.0028216217817535,-0.0074942303063491,-0.0098464172869168,-0.0021860426413896,-0.002553724554378,0.0053559060081756,-0.0019608360734965,-0.0032809580643832,-0.0012497306394524989,-0.009174020965923499,0.0185740338698086,0.008745441029361301,1.0,0.8541666666666666
395,32,50,random,0.034915607028692,0.0091252171378591,0.0128493365189852,0.0098544031952787,-0.0020491599678641,-0.0066501737981697,-0.010127669704535,-0.0099537049658847,-0.0038516722832317,0.0094786613231815,-0.0017392408485989,0.0158673698063483,-0.0221527662569144,-0.0337971438232285,-0.0045692196680711,-0.0278721602656748,0.014915607028692001,-0.0108747828621409,-0.007150663481014801,-0.0101455968047213,-0.0020491599678641,-0.0066501737981697,-0.010127669704535,-0.0099537049658847,-0.0038516722832317,0.0094786613231815,-0.0017392408485989,0.0158673698063483,-0.0021527662569144,-0.0137971438232285,0.0154307803319289,-0.007872160265674801,0.9166666666666667,0.9375
396,33,1000,1,0.0187688925970802,0.0114426963799345,0.0168879555898082,0.0074984022617916,-0.0085798053667034,-0.003915826402539,-0.0078683536008178,-0.0022159040668577,-0.0099293273293393,-0.0051197444968345,-0.0005833616778347,-0.0004313374254156,-0.0073421622611519,-0.0209803678142513,-0.0245679365739127,-0.0197575328634712,-0.0012311074029198003,-0.008557303620065501,-0.003112044410191802,-0.0125015977382084,-0.0085798053667034,-0.003915826402539,-0.0078683536008178,-0.0022159040668577,-0.0099293273293393,-0.0051197444968345,-0.0005833616778347,-0.0004313374254156,0.0126578377388481,-0.0009803678142513012,-0.0045679365739127,0.00024246713652880184,1.0,0.9375
397,33,1000,10,0.0199430330861491,0.0237111241211666,0.0157612486633685,0.0059639211130721,-0.0088024786396197,0.0001968065820961,-0.0081886551408157,9.184169562323084e-05,-0.0092633710661348,-0.0094432829436244,-7.638990113167226e-05,-0.0096750894659951,-0.0097869877992568,-0.0167728461273198,-0.022781851433329,-0.0220064197935463,-5.6966913850899775e-05,0.0037111241211666007,-0.004238751336631499,-0.0140360788869279,-0.0088024786396197,0.0001968065820961,-0.0081886551408157,9.184169562323084e-05,-0.0092633710661348,-0.0094432829436244,-7.638990113167226e-05,-0.0096750894659951,0.0102130122007432,0.003227153872680199,-0.0027818514333289995,-0.0020064197935463005,1.0,1.0
398,33,1000,20,0.0190811210041776,0.0231682963338961,0.0159235462052078,0.0066226286953117,-0.0090643966337351,0.0006507414530531,-0.0078490901590244,0.0001779631168705,-0.0093527168043545,-0.0102995383709052,0.0001515841265387,-0.0096529191164745,-0.0093646205828422,-0.0170761691664943,-0.0222492890112565,-0.022011345838786,-0.0009188789958224017,0.0031682963338960993,-0.0040764537947922015,-0.013377371304688301,-0.0090643966337351,0.0006507414530531,-0.0078490901590244,0.0001779631168705,-0.0093527168043545,-0.0102995383709052,0.0001515841265387,-0.0096529191164745,0.0106353794171578,0.0029238308335057007,-0.0022492890112565007,-0.002011345838786,1.0,0.9583333333333334
399,33,1000,random,0.0237059248068984,0.0167982487068793,0.0147111247265252,0.008294470332839,-0.0056078331586639,-0.0061699357565823,-0.0099581200497324,-0.0037730684111182,-0.0098583585775504,-0.0049037195298708,-0.0040521540058594,-0.0151508071746455,-0.0079999519625679,-0.0167805956073379,-0.0206597740369736,-0.0340751553196117,0.003705924806898398,-0.0032017512931207005,-0.0052888752734748,-0.011705529667161001,-0.0056078331586639,-0.0061699357565823,-0.0099581200497324,-0.0037730684111182,-0.0098583585775504,-0.0049037195298708,-0.0040521540058594,-0.0151508071746455,0.0120000480374321,0.0032194043926620994,-0.0006597740369735997,-0.0140751553196117,1.0,0.9375
400,33,100,1,0.0206800568714179,0.0011638704615426,0.0173218995231429,0.0059635071516206,-0.0050983125035637,-0.0050553555765386,-0.0050489709444092,-0.0017074039011412,-0.0215336513183851,-0.0085698002122908,9.82523920329166e-05,-0.0083629918377817,-0.0113998172107319,-0.0136953283501712,-0.0176164185000612,-0.0201930926357411,0.000680056871417898,-0.0188361295384574,-0.0026781004768571016,-0.0140364928483794,-0.0050983125035637,-0.0050553555765386,-0.0050489709444092,-0.0017074039011412,-0.0215336513183851,-0.0085698002122908,9.82523920329166e-05,-0.0083629918377817,0.0086001827892681,0.0063046716498288,0.0023835814999388014,-0.000193092635741101,1.0,0.9166666666666666
401,33,100,10,0.0195392410670377,0.0204021492352975,0.0168407499395777,0.0066491938801887,-0.0078047707395705,-0.0001643317518989,-0.007130838889908,-0.0002841471932567,-0.0104587612262428,-0.0097027025503574,0.0014513794067457,-0.0123445032605529,-0.01025009351006,-0.0154781470901283,-0.0186555784528417,-0.0160249645710508,-0.0004607589329622998,0.0004021492352975012,-0.0031592500604223014,-0.0133508061198113,-0.0078047707395705,-0.0001643317518989,-0.007130838889908,-0.0002841471932567,-0.0104587612262428,-0.0097027025503574,0.0014513794067457,-0.0123445032605529,0.009749906489940001,0.0045218529098717,0.0013444215471582997,0.003975035428949201,1.0,0.9583333333333334
402,33,100,20,0.0198093382568016,0.0206596668318089,0.0167411044054545,0.008028234876512,-0.0083183521773028,-0.0001891095331547,-0.0077312006424904,-4.6029510464257184e-05,-0.0115746082112437,-0.0079242054974802,0.0022429939059423,-0.0095846551162524,-0.0094381731772547,-0.0166556389352189,-0.0193081800114751,-0.018025125176204,-0.00019066174319840035,0.0006596668318088993,-0.003258895594545501,-0.011971765123488,-0.0083183521773028,-0.0001891095331547,-0.0077312006424904,-4.6029510464257184e-05,-0.0115746082112437,-0.0079242054974802,0.0022429939059423,-0.0095846551162524,0.0105618268227453,0.003344361064781101,0.0006918199885249006,0.0019748748237960016,1.0,0.9583333333333334
403,33,100,random,0.0182725387280719,-0.0133554608986468,0.0163294757537616,0.010883326728956,-0.0069002402490026,-0.0086594239828839,-0.0079695299346769,-0.008030024453928,-0.0210584154543486,-0.0105970464525336,-0.007050528406573,-0.0196328643833513,-0.0039334425102434,-0.0183278870473587,-0.0227228881800334,-0.0424763374477007,-0.0017274612719281011,-0.0333554608986468,-0.003670524246238399,-0.009116673271044,-0.0069002402490026,-0.0086594239828839,-0.0079695299346769,-0.008030024453928,-0.0210584154543486,-0.0105970464525336,-0.007050528406573,-0.0196328643833513,0.0160665574897566,0.001672112952641299,-0.002722888180033401,-0.0224763374477007,0.8541666666666666,0.7708333333333334
404,33,50,1,0.0213594598036747,0.0255527236941146,0.0190200116912009,0.0075336749664096,0.0062982082229387,-0.0035310100808398,-0.0109677720525278,0.0007977910996796,-0.0088649948614845,-0.0104256538318715,0.0015194087196102,-0.0040353918554407,-0.0102663277469714,-0.0154889630087055,-0.0305143419894606,-0.0105382741938611,0.0013594598036747,0.005552723694114598,-0.000979988308799102,-0.012466325033590402,0.0062982082229387,-0.0035310100808398,-0.0109677720525278,0.0007977910996796,-0.0088649948614845,-0.0104256538318715,0.0015194087196102,-0.0040353918554407,0.0097336722530286,0.004511036991294501,-0.0105143419894606,0.009461725806138901,1.0,0.9375
405,33,50,10,0.0192729509483575,0.0452999177460994,0.0139811236066511,0.0070822598379252,-0.003140475956856,-0.0026474510977462,-0.0081161331372446,0.0034342243691174,-0.0064430619505689,-0.006848538736912,-0.0025572336195208,-0.0159581343847719,-0.0079520825846586,-0.016571467246848,-0.0268798777343687,-0.0184530348839455,-0.0007270490516424997,0.0252999177460994,-0.0060188763933489,-0.0129177401620748,-0.003140475956856,-0.0026474510977462,-0.0081161331372446,0.0034342243691174,-0.0064430619505689,-0.006848538736912,-0.0025572336195208,-0.0159581343847719,0.0120479174153414,0.0034285327531520006,-0.006879877734368701,0.0015469651160545002,1.0,0.9583333333333334
406,33,50,20,0.0204191756489351,0.0411869174891015,0.013458837486011,0.007015141099489,-0.0038162529984138,-0.0048153659476439,-0.0085434196557564,0.0028434890965436,-0.0090942535572052,-0.007564899423815,-0.0006382514313288,-0.0112361219651547,-0.0071358959959993,-0.0162385286449045,-0.0257826668237521,-0.0248992932808147,0.0004191756489351009,0.0211869174891015,-0.006541162513989,-0.012984858900511001,-0.0038162529984138,-0.0048153659476439,-0.0085434196557564,0.0028434890965436,-0.0090942535572052,-0.007564899423815,-0.0006382514313288,-0.0112361219651547,0.0128641040040007,0.0037614713550955005,-0.0057826668237521,-0.0048992932808147,1.0,0.9166666666666667
407,33,50,random,0.0109349385476302,0.0163962628622799,0.0037826730147354,0.0047891741728771,-0.0040014591432801,0.0004702730754883,-0.0082069610971237,0.0024632896855389,-0.0098514939215171,-0.0015895147906527,0.0003592768083057,-0.0081331912465745,-0.0100222418280187,-0.0027099871641507,-0.0041691762732764,-0.0159966729259176,-0.0090650614523698,-0.003603737137720102,-0.0162173269852646,-0.0152108258271229,-0.0040014591432801,0.0004702730754883,-0.0082069610971237,0.0024632896855389,-0.0098514939215171,-0.0015895147906527,0.0003592768083057,-0.0081331912465745,0.0099777581719813,0.0172900128358493,0.0158308237267236,0.004003327074082401,1.0,0.8541666666666667
408,34,1000,1,0.0167488633212307,0.0193136027108855,0.0136220861930447,0.0214191881176752,-0.0030032719641309,-0.0014834151159357,-0.0063176957897361,0.0018518938791936,-0.0012263806702154,-0.0021921435619033,0.0025405719853928,-0.0006681563886643,-0.0354061611104598,-0.0281174509460844,-0.0063496976817312,-0.0278691710106847,-0.0032511366787692994,-0.0006863972891145015,-0.0063779138069553,0.0014191881176752012,-0.0030032719641309,-0.0014834151159357,-0.0063176957897361,0.0018518938791936,-0.0012263806702154,-0.0021921435619033,0.0025405719853928,-0.0006681563886643,-0.015406161110459799,-0.0081174509460844,0.0136503023182688,-0.0078691710106847,1.0,1.0
409,34,1000,10,0.0172309540759058,0.0171999384279166,0.0233038325208859,0.0215273836643616,0.0010134019874226,-0.0014783531056998,-0.0112502808876186,0.000492124481487,-0.0001963879037044,-0.0022210982492555,0.0005902565695555,0.0013747336456397,-0.0238052843923166,-0.0276758981196847,-0.0106938029276499,-0.0283031748664503,-0.0027690459240942017,-0.002800061572083401,0.0033038325208859,0.0015273836643616007,0.0010134019874226,-0.0014783531056998,-0.0112502808876186,0.000492124481487,-0.0001963879037044,-0.0022210982492555,0.0005902565695555,0.0013747336456397,-0.0038052843923165984,-0.0076758981196847,0.0093061970723501,-0.0083031748664503,1.0,0.9791666666666666
410,34,1000,20,0.0172600256874325,0.01777492857958,0.0236641212746886,0.0217697757054204,0.0011299560020377,-0.001517487034492,-0.0110366635412978,0.0005060740574863,-0.0001072675998474,-0.0024572076475325,0.0005607214103908,0.0029792364917181,-0.026206018147078,-0.0299419075713601,-0.0108117591715796,-0.0309684746973954,-0.002739974312567499,-0.0022250714204199995,0.003664121274688601,0.0017697757054204004,0.0011299560020377,-0.001517487034492,-0.0110366635412978,0.0005060740574863,-0.0001072675998474,-0.0024572076475325,0.0005607214103908,0.0029792364917181,-0.006206018147078,-0.009941907571360098,0.0091882408284204,-0.0109684746973954,1.0,0.9791666666666666
411,34,1000,random,0.0159918956798363,0.0089979447171204,0.0316500684177865,0.0152022385760253,-0.0053756589379598,-0.0021317220577874,-0.0207006630535993,0.0020847582520458,-0.002605349678908,-0.0081886197490969,0.0022514840591108,0.0083041874895318,-0.0160128317924539,-0.0248893695187213,-0.0062986426357676,-0.0238702012458288,-0.0040081043201636996,-0.0110020552828796,0.011650068417786503,-0.0047977614239747,-0.0053756589379598,-0.0021317220577874,-0.0207006630535993,0.0020847582520458,-0.002605349678908,-0.0081886197490969,0.0022514840591108,0.0083041874895318,0.003987168207546101,-0.0048893695187213,0.0137013573642324,-0.0038702012458287985,1.0,0.9375
412,34,100,1,0.0140583248436076,0.0181753117548316,0.0259219943563541,0.0233273374167054,0.0058775410728548,-0.007027305422406,-0.015069691731776,-0.0020964775128367,0.002895650901032,-0.0017479136231271,0.0061766481059577,-0.0042533728810744,-0.0270784739949616,-0.027520350813766,-0.0138102028208281,-0.0307912387732469,-0.005941675156392401,-0.0018246882451684009,0.005921994356354099,0.003327337416705399,0.0058775410728548,-0.007027305422406,-0.015069691731776,-0.0020964775128367,0.002895650901032,-0.0017479136231271,0.0061766481059577,-0.0042533728810744,-0.007078473994961601,-0.007520350813766001,0.0061897971791719,-0.010791238773246899,1.0,0.9791666666666666
413,34,100,10,0.0178723229714211,0.01633373255252,0.026113393243407,0.0219092950515849,0.0017197528127659,-0.0011632931503872,-0.014951440482109,-0.0010173063884174,0.0002630774462965,-0.0019423817036179,-0.0026961740609006,0.0003539243139105,-0.032815376380594,-0.027083962954559,-0.0119407846648658,-0.0305109181381017,-0.002127677028578901,-0.003666267447480002,0.006113393243407001,0.001909295051584898,0.0017197528127659,-0.0011632931503872,-0.014951440482109,-0.0010173063884174,0.0002630774462965,-0.0019423817036179,-0.0026961740609006,0.0003539243139105,-0.012815376380594,-0.0070839629545590005,0.0080592153351342,-0.010510918138101701,1.0,0.9791666666666666
414,34,100,20,0.0187657588865182,0.0162080529444105,0.0250221084542638,0.0218034253206021,0.0012564367005729,-0.0001999934814895,-0.0143951837446839,-0.000809305704439,0.0012134834217221,-0.0025508552166816,0.000689415865222,0.0019423317585093,-0.0413642511214917,-0.0326886336122403,-0.012429573338108,-0.0322008618298626,-0.0012342411134818009,-0.003791947055589502,0.005022108454263801,0.0018034253206021013,0.0012564367005729,-0.0001999934814895,-0.0143951837446839,-0.000809305704439,0.0012134834217221,-0.0025508552166816,0.000689415865222,0.0019423317585093,-0.021364251121491703,-0.012688633612240301,0.007570426661892001,-0.012200861829862599,1.0,0.9791666666666666
415,34,100,random,0.0184968598029729,0.0082265341643459,0.0452626163563946,0.0096403210861387,-0.0068832896364181,0.0008967530514342,-0.0365493495972249,0.000587020796258,-0.005081695633252,-0.0107303284312394,0.0063681505060352,0.0032284569403474,-0.0386958536590627,-0.0286593412251878,-0.00374155515834,-0.0299857573351746,-0.0015031401970270995,-0.0117734658356541,0.0252626163563946,-0.0103596789138613,-0.0068832896364181,0.0008967530514342,-0.0365493495972249,0.000587020796258,-0.005081695633252,-0.0107303284312394,0.0063681505060352,0.0032284569403474,-0.018695853659062702,-0.0086593412251878,0.01625844484166,-0.009985757335174601,1.0,0.8750000000000001
416,34,50,1,0.0209537847386107,0.0281247709885544,0.0310498546034643,0.0190686876121268,0.001505979530563,0.0025088912267574,-0.0114336518839703,-0.0042587334415288,-0.00042813237875,-0.003713873453516,-0.0090038685376848,-0.0031762926364318,-0.0292033532462828,-0.0245264598332132,-0.0076880477426849,-0.0278286526263767,0.0009537847386106996,0.008124770988554398,0.0110498546034643,-0.000931312387873199,0.001505979530563,0.0025088912267574,-0.0114336518839703,-0.0042587334415288,-0.00042813237875,-0.003713873453516,-0.0090038685376848,-0.0031762926364318,-0.0092033532462828,-0.0045264598332132,0.0123119522573151,-0.007828652626376699,1.0,0.9583333333333334
417,34,50,10,0.0183257601687241,0.0219900738451634,0.0342432569914725,0.0229599094060478,0.0014174941108336,-0.0004665365029678,-0.0034608019368603,-0.0016333544543002,-0.0030896961883593,0.003370843128919,-0.0009895322043008,0.0028055943531061,-0.0340446051641917,-0.0293569965999619,-0.0130720698006989,-0.0240837885706239,-0.0016742398312758998,0.0019900738451633995,0.0142432569914725,0.0029599094060477997,0.0014174941108336,-0.0004665365029678,-0.0034608019368603,-0.0016333544543002,-0.0030896961883593,0.003370843128919,-0.0009895322043008,0.0028055943531061,-0.0140446051641917,-0.009356996599961899,0.0069279301993011005,-0.0040837885706239,1.0,1.0
418,34,50,20,0.0195053122159037,0.0217230381955167,0.0327994889395073,0.0246938745611379,-6.86702555504892e-05,-0.0005334557575258,-0.0029507915351943,-0.0006395742389713,-0.0014201745746318,0.0023428890214085,-0.002574293703196,0.0042135300928491,-0.0414857241789764,-0.027138735621336,-0.0124622468884463,-0.0312511711421492,-0.0004946877840962989,0.0017230381955166997,0.0127994889395073,0.004693874561137901,-6.86702555504892e-05,-0.0005334557575258,-0.0029507915351943,-0.0006395742389713,-0.0014201745746318,0.0023428890214085,-0.002574293703196,0.0042135300928491,-0.021485724178976397,-0.007138735621336,0.0075377531115537,-0.011251171142149203,1.0,1.0
419,34,50,random,0.0303676161713938,0.0136645442056628,0.0409470817465982,0.0247793127571344,-0.0082121833829853,0.0050799420734257,-0.0137184158027906,0.008667272383603,-0.010716812581352,-0.0060152510923502,-0.0026207389351088,0.0185519792727217,-0.009371075928934,-0.024070224540177,-0.0117820354016816,-0.0541317310564972,0.010367616171393798,-0.0063354557943372004,0.020947081746598203,0.004779312757134401,-0.0082121833829853,0.0050799420734257,-0.0137184158027906,0.008667272383603,-0.010716812581352,-0.0060152510923502,-0.0026207389351088,0.0185519792727217,0.010628924071066,-0.004070224540177001,0.008217964598318401,-0.034131731056497194,0.9791666666666666,0.9375
420,35,1000,1,0.0231029064600336,0.0213260663918356,0.0235995983251657,0.0186964390643665,-0.0063066139944942,-0.0040099365609807,0.0015571772425758,0.0025600331448151,-0.0059716959924059,-0.0006314574003704,-0.011082089989544,0.0049413472305056,-0.0146934019865366,-0.0055338238021527,-0.0176221870774818,-0.0137721406745305,0.0031029064600336005,0.0013260663918355994,0.003599598325165699,-0.0013035609356335,-0.0063066139944942,-0.0040099365609807,0.0015571772425758,0.0025600331448151,-0.0059716959924059,-0.0006314574003704,-0.011082089989544,0.0049413472305056,0.0053065980134634,0.0144661761978473,0.0023778129225182007,0.006227859325469501,1.0,0.9375
421,35,1000,10,0.0259088834441169,0.0199644924002283,0.025539328365498,0.0173959971668269,-0.0034367386116107,-0.0015549476151098,-0.0005749087704773,0.0014087880974677,-0.0035716734354767,-0.0004930650953854,-0.0069289199653495,0.0016699067767027,-0.0156516739349394,-0.0089393248400618,-0.0218865315311068,-0.0194968873673811,0.0059088834441169,-3.550759977170165e-05,0.0055393283654979995,-0.002604002833173101,-0.0034367386116107,-0.0015549476151098,-0.0005749087704773,0.0014087880974677,-0.0035716734354767,-0.0004930650953854,-0.0069289199653495,0.0016699067767027,0.004348326065060599,0.0110606751599382,-0.0018865315311068012,0.0005031126326189017,1.0,1.0
422,35,1000,20,0.0251725980720496,0.0180211270007737,0.0254152355634003,0.0159601796442207,-0.0040083941435951,0.000441816273702,-0.0035255518035154,0.001729706722016,-0.0034241181679523,-0.0004603417243195,-0.0074157167028122,0.001444316720095,-0.0140367955377019,-0.0090651656418161,-0.0220271856870793,-0.0215082927751613,0.005172598072049599,-0.001978872999226302,0.0054152355634002995,-0.004039820355779301,-0.0040083941435951,0.000441816273702,-0.0035255518035154,0.001729706722016,-0.0034241181679523,-0.0004603417243195,-0.0074157167028122,0.001444316720095,0.005963204462298101,0.0109348343581839,-0.0020271856870793005,-0.001508292775161301,1.0,1.0
423,35,1000,random,0.0221607251148505,0.0194071921589512,0.0204073699733676,0.0127591692007272,-0.0050597130662123,0.0022630790775386,-0.0024496197222307,7.667086969429436e-05,-0.0049167230167835,-0.0003024713388459,-0.0037635510005517,0.0069661802444716,0.0002760761295831,-0.007984315701276,-0.0211814026824435,-0.023546896965432,0.0021607251148504994,-0.0005928078410488008,0.0004073699733675995,-0.007240830799272801,-0.0050597130662123,0.0022630790775386,-0.0024496197222307,7.667086969429436e-05,-0.0049167230167835,-0.0003024713388459,-0.0037635510005517,0.0069661802444716,0.0202760761295831,0.012015684298724,-0.001181402682443499,-0.003546896965431999,1.0,0.875
424,35,100,1,0.0249868316918637,0.0239984622851322,0.0250653996799164,0.022051467548464,0.0008342111704904,-0.0106186163569296,0.017582864920087,0.0007346099852877,-0.0002410119403108,-0.0005739772411762,-0.0076957241035296,0.0027967680881396,-0.0207763114425346,-0.0049741443030857,-0.0208490478908714,-0.0099298112341011,0.004986831691863699,0.0039984622851322,0.005065399679916399,0.002051467548464001,0.0008342111704904,-0.0106186163569296,0.017582864920087,0.0007346099852877,-0.0002410119403108,-0.0005739772411762,-0.0076957241035296,0.0027967680881396,-0.000776311442534601,0.0150258556969143,-0.0008490478908713996,0.0100701887658989,1.0,0.9375
425,35,100,10,0.0263597093714055,0.0190872959651504,0.0260276241616032,0.0200034331262765,-0.0060697780572303,0.0016751340265834,-0.0002246727412385,0.0026218518246682,-0.0042639884717425,-2.143841548060469e-05,-0.0069351113052417,0.0043817842184865,-0.0199861741603867,-0.0078057378717084,-0.0232469679973724,-0.0199969753580681,0.006359709371405498,-0.0009127040348495992,0.006027624161603198,3.4331262765002757e-06,-0.0060697780572303,0.0016751340265834,-0.0002246727412385,0.0026218518246682,-0.0042639884717425,-2.143841548060469e-05,-0.0069351113052417,0.0043817842184865,1.3825839613301055e-05,0.0121942621282916,-0.0032469679973724,3.0246419319007734e-06,1.0,1.0
426,35,100,20,0.024005008012227,0.0164694406655533,0.0253709903692779,0.017690700954165,-0.0063303217863787,0.0038168816375404,-0.0092755841159664,0.002853525639806,-0.0046046587187322,-0.0003036412897676,-0.0083127047970179,0.0042857400823941,-0.0212150157067689,-0.0105764858002423,-0.0227926562090072,-0.0206987691568751,0.004005008012226998,-0.003530559334446702,0.005370990369277899,-0.0023092990458349998,-0.0063303217863787,0.0038168816375404,-0.0092755841159664,0.002853525639806,-0.0046046587187322,-0.0003036412897676,-0.0083127047970179,0.0042857400823941,-0.0012150157067689002,0.0094235141997577,-0.002792656209007198,-0.0006987691568750981,1.0,1.0
427,35,100,random,0.0204778619924643,0.0200286516354096,0.0186764332739345,0.0126267808171362,-0.0053207561866454,0.0045116146532124,-0.0101190164215782,-0.0048136596094777,-0.0072826560384881,0.0123467811165389,-0.0120771983910614,0.0080100189442607,0.0069187225368045,-0.0095403590994676,-0.0232820397449799,-0.03799727494749,0.0004778619924643013,2.8651635409601e-05,-0.001323566726065501,-0.007373219182863801,-0.0053207561866454,0.0045116146532124,-0.0101190164215782,-0.0048136596094777,-0.0072826560384881,0.0123467811165389,-0.0120771983910614,0.0080100189442607,0.0269187225368045,0.0104596409005324,-0.003282039744979901,-0.01799727494749,1.0,0.8333333333333333
428,35,50,1,0.0266169521463051,0.0197335538779633,0.0204377490971143,0.0211893285099176,-0.0061886578870458,-0.0072794139564994,0.0127416812675349,0.0044709627618434,0.0008501382497259,0.0026485412606799,-0.0111879361346991,-0.0051154823345616,-0.0176552345068804,-0.005120367958113,-0.0207272527480226,-0.0225024802578832,0.006616952146305099,-0.00026644612203670023,0.0004377490971143004,0.0011893285099176011,-0.0061886578870458,-0.0072794139564994,0.0127416812675349,0.0044709627618434,0.0008501382497259,0.0026485412606799,-0.0111879361346991,-0.0051154823345616,0.0023447654931195994,0.014879632041887001,-0.0007272527480225999,-0.002502480257883199,1.0,0.9375
429,35,50,10,0.0260544825268699,0.0199971613259234,0.0248945374466321,0.0177419065495162,-0.0011464930287326,-0.0102754000947867,-0.0085584482927184,-0.0002992359091191,-0.0007178123622156,0.0021296971776591,-0.0132513434764268,0.0006492273214946,-0.0178969199157456,-0.011417487312632,-0.0223235795253277,-0.0293833851321569,0.006054482526869898,-2.838674076601627e-06,0.0048945374466321,-0.0022580934504837988,-0.0011464930287326,-0.0102754000947867,-0.0085584482927184,-0.0002992359091191,-0.0007178123622156,0.0021296971776591,-0.0132513434764268,0.0006492273214946,0.002103080084254399,0.008582512687368,-0.0023235795253277007,-0.009383385132156901,1.0,0.9791666666666666
430,35,50,20,0.0284012714283313,0.0188092851871,0.0243973500607758,0.0151363093653729,-0.0055115208470382,-0.0090526210412093,-0.0058644085628945,-0.0011326423324745,9.92030149473296e-06,0.0024953412805109,-0.0147726987855949,-0.0007822845400985,-0.0197598086281676,-0.0123655559935222,-0.0212748758409562,-0.0284844371668052,0.0084012714283313,-0.0011907148128999998,0.004397350060775799,-0.004863690634627101,-0.0055115208470382,-0.0090526210412093,-0.0058644085628945,-0.0011326423324745,9.92030149473296e-06,0.0024953412805109,-0.0147726987855949,-0.0007822845400985,0.00024019137183239891,0.0076344440064778,-0.0012748758409561987,-0.008484437166805199,1.0,0.9791666666666666
431,35,50,random,0.024093804126073,0.0154445979509155,0.0253196805709192,0.0095751185104045,-0.008718421140674,0.0032099253526763,-0.0061464808476047,-0.0003604498545751,0.0021956107049426,0.0104693455916947,-0.0205406271607328,0.0046634587486452,-0.0066302074802451,-0.0081630013679215,-0.026434641971157,-0.0238727668312057,0.004093804126072999,-0.0045554020490845,0.005319680570919201,-0.0104248814895955,-0.008718421140674,0.0032099253526763,-0.0061464808476047,-0.0003604498545751,0.0021956107049426,0.0104693455916947,-0.0205406271607328,0.0046634587486452,0.0133697925197549,0.0118369986320785,-0.006434641971157,-0.003872766831205701,0.9791666666666666,0.9166666666666667
432,36,1000,1,0.0219609111931318,0.0273331015668474,0.0180044048187494,0.0283217908170588,-0.0030989138675003,0.0047873624946531,-0.0006785850638247,0.0048152473435298,0.0087166123451163,-0.0124164015836979,0.0130981398576405,-0.0094444123238378,-0.0190139352507379,-0.0170997041610711,-0.0215526801510356,-0.02110411307965,0.001960911193131798,0.0073331015668474005,-0.0019955951812506006,0.008321790817058798,-0.0030989138675003,0.0047873624946531,-0.0006785850638247,0.0048152473435298,0.0087166123451163,-0.0124164015836979,0.0130981398576405,-0.0094444123238378,0.000986064749262102,0.0029002958389288992,-0.001552680151035598,-0.0011041130796499987,1.0,1.0
433,36,1000,10,0.0163461923587851,0.0232751693114516,0.0141313232603949,0.0251661306108914,0.0020774947736881,0.0026846181099451,0.0002342973747171,0.0037110072362977,0.0059901675084403,-0.0062313550770012,0.0099616088261022,-0.0049704656070006,-0.0173166062395198,-0.0177768011616189,-0.0182447951331375,-0.0230290892096209,-0.003653807641214899,0.0032751693114515985,-0.005868676739605101,0.005166130610891398,0.0020774947736881,0.0026846181099451,0.0002342973747171,0.0037110072362977,0.0059901675084403,-0.0062313550770012,0.0099616088261022,-0.0049704656070006,0.002683393760480199,0.0022231988383811,0.0017552048668625017,-0.003029089209620899,1.0,1.0
434,36,1000,20,0.0174583459450083,0.0227909050782736,0.0142909307718791,0.0214891622483083,0.0014693904764782,0.004214656829229,0.0001471087261815,0.0038204527546548,0.0072515344292874,-0.0073539090261179,0.0098797848197737,-0.0051308233931397,-0.0172561096833617,-0.0188053158921916,-0.0187703708239973,-0.021939502008852,-0.0025416540549916995,0.002790905078273599,-0.0057090692281208996,0.0014891622483082997,0.0014693904764782,0.004214656829229,0.0001471087261815,0.0038204527546548,0.0072515344292874,-0.0073539090261179,0.0098797848197737,-0.0051308233931397,0.002743890316638301,0.001194684107808399,0.0012296291760027014,-0.0019395020088519982,1.0,1.0
435,36,1000,random,0.016459802576509,0.0174264398542221,0.0098442728463754,0.0168148898292925,-0.0004528471897414,0.0018413496900027,0.002342144135069,-0.0001814204912982,0.0027363261463141,-0.0054183325363434,0.0074256934816696,-0.0021285595962102,-0.0195381496547924,-0.0165678403801275,-0.0224487232433458,-0.0287223094711651,-0.003540197423491001,-0.002573560145777899,-0.0101557271536246,-0.0031851101707075016,-0.0004528471897414,0.0018413496900027,0.002342144135069,-0.0001814204912982,0.0027363261463141,-0.0054183325363434,0.0074256934816696,-0.0021285595962102,0.00046185034520760185,0.003432159619872501,-0.0024487232433457982,-0.008722309471165101,1.0,1.0
436,36,100,1,0.0171565567221403,0.0262045687687751,0.0147217860427745,0.0255718787158875,0.0033101450582132,0.001743261301087,-0.0026067073973149,0.0055880641642003,0.0120977529549426,-0.0108409031204868,0.0111962130926043,-0.0033073331656899,-0.0170079883373657,-0.022734411012482,-0.0218895355618815,-0.0171667767187348,-0.0028434432778597016,0.0062045687687751,-0.005278213957225501,0.005571878715887501,0.0033101450582132,0.001743261301087,-0.0026067073973149,0.0055880641642003,0.0120977529549426,-0.0108409031204868,0.0111962130926043,-0.0033073331656899,0.002992011662634301,-0.0027344110124820006,-0.0018895355618815009,0.0028332232812652014,1.0,1.0
437,36,100,10,0.0168337971463112,0.0232702442213889,0.0164675566316792,0.0215843737459614,0.0021915097937313,0.0037176025293422,-0.0010984648338905,0.0036771740871577,0.0067387063259193,-0.0067472440544831,0.0102455831625549,-0.0043379119197976,-0.0175514236858421,-0.0207479923840369,-0.0194592809201801,-0.017330410052044,-0.0031662028536888,0.003270244221388899,-0.0035324433683208006,0.0015843737459614003,0.0021915097937313,0.0037176025293422,-0.0010984648338905,0.0036771740871577,0.0067387063259193,-0.0067472440544831,0.0102455831625549,-0.0043379119197976,0.002448576314157902,-0.0007479923840368989,0.0005407190798198992,0.002669589947956002,1.0,1.0
438,36,100,20,0.0181931703175044,0.0256435832623263,0.0157931657409874,0.0180036603611276,0.001870307444808,0.0022492612006083,-7.878280849236341e-05,0.0035474565698654,0.0090410488621469,-0.0090382765506747,0.0088152320138246,-0.0044740274369032,-0.015205418785484,-0.0197490974806639,-0.0191892266400301,-0.016118529248164,-0.001806829682495601,0.0056435832623263,-0.004206834259012599,-0.001996339638872399,0.001870307444808,0.0022492612006083,-7.878280849236341e-05,0.0035474565698654,0.0090410488621469,-0.0090382765506747,0.0088152320138246,-0.0044740274369032,0.004794581214516,0.0002509025193360992,0.0008107733599699019,0.003881470751836001,1.0,1.0
439,36,100,random,0.0219054875009031,0.0209110355520877,0.0144711312499415,0.0128772714450591,0.0004885058483806,0.0071748980273847,-0.0048985824550529,0.0028033393862309,0.002651274024058,-0.0043131779573433,0.0054845109737359,0.000680765166648,-0.0156909017110592,-0.0197109944460868,-0.0282514196532628,-0.0259974721646622,0.001905487500903101,0.0009110355520876995,-0.005528868750058501,-0.007122728554940901,0.0004885058483806,0.0071748980273847,-0.0048985824550529,0.0028033393862309,0.002651274024058,-0.0043131779573433,0.0054845109737359,0.000680765166648,0.004309098288940799,0.00028900555391320193,-0.008251419653262801,-0.005997472164662201,1.0,1.0
440,36,50,1,0.0162356850318009,0.0318080443289227,0.008025716842255,0.0338726637123687,-0.0073139335565945,0.0022508160662374,-0.0006470127512265,0.0047627613021654,0.0087129152130052,-0.0090997137054415,0.0075540804810192,-0.0071158266578169,-0.0271693620374503,-0.0159402545144987,-0.0318671353400385,-0.0301332186488358,-0.003764314968199102,0.011808044328922702,-0.011974283157745,0.013872663712368703,-0.0073139335565945,0.0022508160662374,-0.0006470127512265,0.0047627613021654,0.0087129152130052,-0.0090997137054415,0.0075540804810192,-0.0071158266578169,-0.007169362037450298,0.004059745485501299,-0.011867135340038502,-0.0101332186488358,0.9791666666666666,1.0
441,36,50,10,0.0201534632501696,0.0233811365587062,0.0151459002029893,0.0251445820863951,0.0003704053438571,0.001602898852976,-0.0022227196889589,0.0027320763333136,0.0088409812423084,-0.0068852891765503,0.0108858659979128,-0.0016831969534617,-0.0196333625176332,-0.0168001118559585,-0.0218024243954153,-0.0281216798804083,0.00015346325016959983,0.0033811365587061992,-0.004854099797010701,0.005144582086395101,0.0003704053438571,0.001602898852976,-0.0022227196889589,0.0027320763333136,0.0088409812423084,-0.0068852891765503,0.0108858659979128,-0.0016831969534617,0.0003666374823667988,0.003199888144041499,-0.0018024243954152981,-0.008121679880408298,1.0,1.0
442,36,50,20,0.0207333732635657,0.0258365781615962,0.0153042452403109,0.027840057600212,-0.0014558815534648,0.0021113945880655,-0.0045567350717808,0.0024580032657735,0.008084555091006,-0.0093819256316701,0.010881439037106,-0.0026694961049481,-0.0198480903161953,-0.0171854834790427,-0.0203745026252775,-0.0239329474615405,0.0007333732635656995,0.0058365781615962,-0.0046957547596891,0.007840057600211999,-0.0014558815534648,0.0021113945880655,-0.0045567350717808,0.0024580032657735,0.008084555091006,-0.0093819256316701,0.010881439037106,-0.0026694961049481,0.00015190968380469905,0.002814516520957301,-0.0003745026252774987,-0.003932947461540499,1.0,1.0
443,36,50,random,0.0215952796267625,0.0209108015305183,0.0058029453654024,0.0268986352180237,-0.0055531733717541,-0.0028294849832037,-0.0083792828585181,-0.0098666649041754,-0.0010634272767556,-0.0028958870493767,0.0074032914233468,0.0017772731472552,-0.0187619267126788,-0.0129104498908984,-0.0292309651349425,-0.0457188759668145,0.001595279626762501,0.0009108015305182987,-0.0141970546345976,0.0068986352180237,-0.0055531733717541,-0.0028294849832037,-0.0083792828585181,-0.0098666649041754,-0.0010634272767556,-0.0028958870493767,0.0074032914233468,0.0017772731472552,0.0012380732873212008,0.007089550109101601,-0.009230965134942499,-0.025718875966814502,0.9791666666666666,1.0
444,37,1000,1,0.0153027687659239,0.0143371252843455,0.0132181159579763,0.0368876704108528,0.0009990987700401,0.0018520894211612,-0.0095659732819849,0.0057904211228185,-0.0058916988996397,0.0066894246812157,0.0093290963538288,-0.0006534418534739,-0.0221963445171198,-0.0173166461590178,-0.0149578600189278,-0.0270058991250566,-0.0046972312340761,-0.005662874715654501,-0.006781884042023701,0.0168876704108528,0.0009990987700401,0.0018520894211612,-0.0095659732819849,0.0057904211228185,-0.0058916988996397,0.0066894246812157,0.0093290963538288,-0.0006534418534739,-0.0021963445171198012,0.0026833538409822,0.0050421399810722,-0.0070058991250566,1.0,1.0
445,37,1000,10,0.0187290693299161,0.0129393817747147,0.0166351070603484,0.0274366800519353,0.0025228796484976,-0.0045188806656864,-0.0093663487028167,0.0112696788583827,-0.0046784362242526,0.003830598042089,0.0104191082379942,-0.0038862332926543,-0.0181411130086008,-0.0217392371689672,-0.0243054284152839,-0.0209276058545367,-0.0012709306700839015,-0.0070606182252853,-0.003364892939651601,0.007436680051935301,0.0025228796484976,-0.0045188806656864,-0.0093663487028167,0.0112696788583827,-0.0046784362242526,0.003830598042089,0.0104191082379942,-0.0038862332926543,0.0018588869913991994,-0.001739237168967199,-0.004305428415283901,-0.0009276058545366998,1.0,1.0
446,37,1000,20,0.0185329500769106,0.012410191110776,0.0173031444043914,0.0274514800336397,0.0011474749728239,-0.0045426505508433,-0.0082789238066036,0.0109674317218854,-0.005546809344659,0.0032113381390445,0.0104847856059395,-0.0038929213888051,-0.0153707638571706,-0.021634125034647,-0.0231283592371006,-0.0199083000750101,-0.0014670499230894016,-0.007589808889224,-0.002696855595608602,0.007451480033639699,0.0011474749728239,-0.0045426505508433,-0.0082789238066036,0.0109674317218854,-0.005546809344659,0.0032113381390445,0.0104847856059395,-0.0038929213888051,0.004629236142829401,-0.0016341250346470007,-0.0031283592371006003,9.169992498990129e-05,1.0,1.0
447,37,1000,random,0.0165034769721728,0.0102593174319043,0.0165719938060771,0.0180247827483132,-0.0039660300789509,-0.0109667150715787,-0.0071320714649899,0.0075516697212831,-0.0045010123839327,0.0025865785096858,0.0086808982783631,-0.0005137973868509,-0.0189009399935387,-0.0155032267303761,-0.0266237792695201,-0.0124040654518323,-0.0034965230278272003,-0.009740682568095701,-0.0034280061939228994,-0.001975217251686801,-0.0039660300789509,-0.0109667150715787,-0.0071320714649899,0.0075516697212831,-0.0045010123839327,0.0025865785096858,0.0086808982783631,-0.0005137973868509,0.0010990600064612992,0.0044967732696239,-0.0066237792695201005,0.007595934548167701,1.0,1.0
448,37,100,1,0.0164350817479625,0.0162434751060743,0.0221211272173386,0.0256649103025993,0.0041493496288911,-0.0116403759291009,-0.0138453304985088,0.0134726286600083,-0.0087694711023754,0.0014253107873666,0.0127251938815306,-0.0064098263703282,-0.0143260376772172,-0.0194978494994445,-0.022612250560748,-0.0180856141470558,-0.0035649182520374988,-0.0037565248939257015,0.002121127217338599,0.0056649103025992985,0.0041493496288911,-0.0116403759291009,-0.0138453304985088,0.0134726286600083,-0.0087694711023754,0.0014253107873666,0.0127251938815306,-0.0064098263703282,0.0056739623227828,0.0005021505005554996,-0.002612250560748,0.001914385852944199,1.0,1.0
449,37,100,10,0.0197575069206854,0.0127107186919086,0.0179227319379169,0.0279278928789999,0.0034078247690131,-0.0089157463299509,-0.0140985616208018,0.0126287149984486,-0.0054845674659029,0.0033784243615363,0.0103018813353568,-0.0065097397627787,-0.0189752803205806,-0.0210187916354626,-0.0257104932572633,-0.0197443583968277,-0.0002424930793145999,-0.007289281308091401,-0.0020772680620830992,0.0079278928789999,0.0034078247690131,-0.0089157463299509,-0.0140985616208018,0.0126287149984486,-0.0054845674659029,0.0033784243615363,0.0103018813353568,-0.0065097397627787,0.0010247196794193995,-0.0010187916354626007,-0.005710493257263298,0.0002556416031723012,1.0,1.0
450,37,100,20,0.0209733225233988,0.0111087544990776,0.0185973727451007,0.0298034318652908,0.002843401191464,-0.0085969650132901,-0.0121212546177497,0.0134573156358682,-0.0061017926586151,0.0026873766318993,0.0115697239737091,-0.0065473932174722,-0.0170820477744813,-0.0206814298189355,-0.0226271835248799,-0.017911717663829,0.0009733225233987987,-0.0088912455009224,-0.0014026272548992996,0.009803431865290799,0.002843401191464,-0.0085969650132901,-0.0121212546177497,0.0134573156358682,-0.0061017926586151,0.0026873766318993,0.0115697239737091,-0.0065473932174722,0.002917952225518699,-0.0006814298189355,-0.002627183524879898,0.002088282336171001,0.9583333333333334,1.0
451,37,100,random,0.0228284129568282,0.0128360359586158,0.0204416481159886,0.0212817107023698,-0.0011788622136155,-0.0255797003731204,0.0006741858566422,0.0048484736076256,-0.0116317959668812,0.003810657776419,0.0069132729316986,0.0040504854408563,-0.0270598518112108,-0.0156142170461914,-0.0389236688936081,-0.0143374875021097,0.002828412956828199,-0.0071639640413842,0.0004416481159886,0.0012817107023697996,-0.0011788622136155,-0.0255797003731204,0.0006741858566422,0.0048484736076256,-0.0116317959668812,0.003810657776419,0.0069132729316986,0.0040504854408563,-0.007059851811210799,0.004385782953808601,-0.0189236688936081,0.0056625124978903,1.0,0.9583333333333333
452,37,50,1,0.0189789770260187,0.0099660766835734,0.0124114229084821,0.0245696233803188,0.0030162624698257,-0.0026993867758222,-0.0066923422512448,0.0124638147992618,-0.0037711507270427,0.0022374366080077,0.0121068560427379,-0.0043369101544974,-0.0135025994835843,-0.0239811824382006,-0.0329564423452885,-0.0220985561595828,-0.0010210229739813018,-0.0100339233164266,-0.0075885770915179,0.004569623380318799,0.0030162624698257,-0.0026993867758222,-0.0066923422512448,0.0124638147992618,-0.0037711507270427,0.0022374366080077,0.0121068560427379,-0.0043369101544974,0.0064974005164157005,-0.003981182438200601,-0.012956442345288501,-0.0020985561595828,0.9375,1.0
453,37,50,10,0.0179069418120297,0.0117984677857928,0.0160725087547972,0.0279288771033524,0.00706062631977,0.0026226387578351,-0.0075376804427884,0.0104993057255666,-0.0032680847426186,0.0024413841114061,0.0085281331578299,-0.0063764479998277,-0.0188259985446472,-0.0244601564606156,-0.0265974477746257,-0.0206234814699245,-0.002093058187970301,-0.0082015322142072,-0.003927491245202801,0.0079288771033524,0.00706062631977,0.0026226387578351,-0.0075376804427884,0.0104993057255666,-0.0032680847426186,0.0024413841114061,0.0085281331578299,-0.0063764479998277,0.0011740014553528015,-0.004460156460615601,-0.0065974477746257,-0.0006234814699245007,1.0,1.0
454,37,50,20,0.0178281530723742,0.0114241064880588,0.0193105095009836,0.0276433587600078,0.004866892744967,0.00367288772867,-0.003872076657416,0.0083650178719783,-0.0036707602857729,0.0026564548720251,0.0106716494747881,-0.0059933991745494,-0.0197516583938569,-0.0268042154141637,-0.0286946383287017,-0.0193933833235538,-0.0021718469276258007,-0.0085758935119412,-0.000689490499016402,0.007643358760007799,0.004866892744967,0.00367288772867,-0.003872076657416,0.0083650178719783,-0.0036707602857729,0.0026564548720251,0.0106716494747881,-0.0059933991745494,0.00024834160614310014,-0.006804215414163699,-0.008694638328701699,0.0006066166764462019,1.0,1.0
455,37,50,random,0.01447192396181,0.0121313375804818,0.0086642704371992,0.0145525072883026,-0.0007611386668524,0.0012949870217402,-0.0057532117361053,0.0021513924084081,0.0055630634048293,-0.0003500390074141,0.0047500890700026,-0.0032097595532046,-0.0296291120420017,-0.0140363503037322,-0.0076042714274681,-0.0113952422782413,-0.00552807603819,-0.0078686624195182,-0.0113357295628008,-0.005447492711697401,-0.0007611386668524,0.0012949870217402,-0.0057532117361053,0.0021513924084081,0.0055630634048293,-0.0003500390074141,0.0047500890700026,-0.0032097595532046,-0.0096291120420017,0.0059636496962678,0.0123957285725319,0.0086047577217587,1.0,1.0
456,38,1000,1,0.0235297233306019,0.0190490035624099,0.0231401976238524,0.0231338904322802,0.0038325112729312,-0.0089514991159982,0.0033666704267749,-0.0044363796298299,0.0018407192166611,-0.0023308767723333,-0.0085478269677073,0.0047428361383534,-0.0045474182104343,-0.0156660494331505,-0.0153487630676167,-0.0202769163916591,0.0035297233306018985,-0.0009509964375901021,0.003140197623852401,0.003133890432280198,0.0038325112729312,-0.0089514991159982,0.0033666704267749,-0.0044363796298299,0.0018407192166611,-0.0023308767723333,-0.0085478269677073,0.0047428361383534,0.015452581789565701,0.004333950566849501,0.0046512369323833,-0.00027691639165909956,1.0,0.9583333333333334
457,38,1000,10,0.0238091986961386,0.0180547586286124,0.0181351627480901,0.0199580999804487,0.004478943179872,-0.0055487021732507,0.0038493940988633,-0.0039404026253486,0.0047878264878106,-0.0029669193099963,-0.0074335809825328,0.0032722638718978,-0.0152609973727973,-0.0175770514810453,-0.0218873898276623,-0.0234141256966092,0.003809198696138598,-0.0019452413713876016,-0.0018648372519099003,-4.1900019551299045e-05,0.004478943179872,-0.0055487021732507,0.0038493940988633,-0.0039404026253486,0.0047878264878106,-0.0029669193099963,-0.0074335809825328,0.0032722638718978,0.0047390026272027,0.0024229485189547,-0.0018873898276622995,-0.003414125696609198,1.0,1.0
458,38,1000,20,0.022631681904148,0.016594202938763,0.0165635162706279,0.0189840860290938,0.0045379432773184,-0.0057192571342704,0.0027326944756845,-0.0050562903335019,0.0048659661670891,-0.003707664803199,-0.0082746359469877,0.0039052264185037,-0.0164290316704674,-0.0156183980390118,-0.0231957158141825,-0.0209243611389685,0.002631681904148,-0.003405797061237,-0.0034364837293721015,-0.0010159139709061994,0.0045379432773184,-0.0057192571342704,0.0027326944756845,-0.0050562903335019,0.0048659661670891,-0.003707664803199,-0.0082746359469877,0.0039052264185037,0.0035709683295326,0.004381601960988201,-0.003195715814182501,-0.0009243611389684984,1.0,1.0
459,38,1000,random,0.0158538515280974,0.0114523515315361,0.0213528644520913,0.0181691335051259,0.0082204132951223,-0.0161350970103298,0.004213921691265,-0.0046089554063818,0.0077106461108014,0.0001913173920492,-0.0117376245744237,-7.489603734788064e-05,-0.0264574463982087,-0.0071289245796127,-0.0259963662890362,-0.0232680095809894,-0.004146148471902599,-0.008547648468463901,0.0013528644520913007,-0.0018308664948741005,0.0082204132951223,-0.0161350970103298,0.004213921691265,-0.0046089554063818,0.0077106461108014,0.0001913173920492,-0.0117376245744237,-7.489603734788064e-05,-0.006457446398208701,0.0128710754203873,-0.005996366289036201,-0.0032680095809894012,1.0,0.9583333333333334
460,38,100,1,0.024313668284061,0.0248665192447047,0.017853301790821,0.0231680041980665,0.0049266004101574,-0.007499585763577,0.0040761027570659,-0.0075861203006801,0.0093973230095021,-0.005341278356626,-0.0047913013058979,0.0034368514456261,-0.0139252306951406,-0.0149813961666266,-0.0168875915407889,-0.0197883225691877,0.004313668284061,0.004866519244704701,-0.0021466982091789995,0.0031680041980664993,0.0049266004101574,-0.007499585763577,0.0040761027570659,-0.0075861203006801,0.0093973230095021,-0.005341278356626,-0.0047913013058979,0.0034368514456261,0.006074769304859401,0.0050186038333734,0.0031124084592111002,0.00021167743081229942,1.0,1.0
461,38,100,10,0.0214532447170599,0.0185497100068258,0.0175697929835537,0.0186294870423515,0.0046437675294812,-0.0075609381872424,0.0036958797829658,-0.0051040249646621,0.0059006348299731,-0.0031424268335727,-0.0073186947863527,0.0046562952448216,-0.0201007268745952,-0.0141721063310474,-0.0254341607839665,-0.0214145732749587,0.0014532447170599004,-0.0014502899931741996,-0.0024302070164462994,-0.0013705129576484995,0.0046437675294812,-0.0075609381872424,0.0036958797829658,-0.0051040249646621,0.0059006348299731,-0.0031424268335727,-0.0073186947863527,0.0046562952448216,-0.00010072687459520072,0.005827893668952601,-0.0054341607839665,-0.0014145732749587005,1.0,1.0
462,38,100,20,0.0206973118266647,0.0188739439313738,0.0132770112502551,0.0185499590015685,0.0060097789418676,-0.0071846849135307,0.0041361738349802,-0.0055217107742945,0.006649434142101,-0.0033635765254732,-0.0075938764120862,0.0058352721959349,-0.0185797571029718,-0.0121187867360609,-0.0295365456462878,-0.0182806374701326,0.000697311826664701,-0.0011260560686261988,-0.006722988749744901,-0.0014500409984315003,0.0060097789418676,-0.0071846849135307,0.0041361738349802,-0.0055217107742945,0.006649434142101,-0.0033635765254732,-0.0075938764120862,0.0058352721959349,0.0014202428970282004,0.007881213263939101,-0.009536545646287798,0.001719362529867402,1.0,1.0
463,38,100,random,0.0128589532794257,0.0127361813521627,0.0231227333011683,0.0196758864279596,0.0080956944803181,-0.0180577183167043,0.0037782861355234,-0.0014515844505661,0.0143027254863931,-0.0066030511247664,-0.0177313768206415,0.0041992487802338,-0.0400367380435531,-0.0046270684946743,-0.0255041643930253,-0.0050034106684468,-0.0071410467205743,-0.007263818647837301,0.003122733301168301,-0.00032411357204040203,0.0080956944803181,-0.0180577183167043,0.0037782861355234,-0.0014515844505661,0.0143027254863931,-0.0066030511247664,-0.0177313768206415,0.0041992487802338,-0.0200367380435531,0.0153729315053257,-0.005504164393025299,0.0149965893315532,0.9583333333333333,0.875
464,38,50,1,0.0321748933513246,0.0247678966354047,0.0179546438101985,0.0174994353443256,0.0016502811208183,-0.0110881035800179,-0.0066682120260191,-0.0112482107295159,0.0072117675963205,0.0034631115748656,-0.0046773008775647,0.0107352147295196,-0.0282745013214621,-0.0201284228387314,-0.0333022585548341,-0.0359123161240954,0.012174893351324597,0.004767896635404698,-0.002045356189801499,-0.0025005646556744004,0.0016502811208183,-0.0110881035800179,-0.0066682120260191,-0.0112482107295159,0.0072117675963205,0.0034631115748656,-0.0046773008775647,0.0107352147295196,-0.0082745013214621,-0.00012842283873139987,-0.013302258554834096,-0.0159123161240954,1.0,1.0
465,38,50,10,0.0241717148349478,0.0211835344988066,0.0189799355331582,0.0199964623508396,0.004378374501242,-0.0021448359069705,0.002607275523892,-0.0002109224479364,0.0061383711477012,-0.0033087726548962,-0.0051475249155112,0.0051303396548283,-0.0193214690689703,-0.0160870267893515,-0.0266324532683132,-0.0381819644205279,0.004171714834947798,0.0011835344988066002,-0.001020064466841799,-3.537649160400419e-06,0.004378374501242,-0.0021448359069705,0.002607275523892,-0.0002109224479364,0.0061383711477012,-0.0033087726548962,-0.0051475249155112,0.0051303396548283,0.0006785309310297014,0.003912973210648499,-0.006632453268313198,-0.018181964420527903,1.0,1.0
466,38,50,20,0.0238862055460173,0.0226294183271418,0.0145082289170968,0.0194753040903226,0.0021257087275974,0.0019581971501223,-0.0001867279539912,-0.0029239821510588,0.0040624487726203,-0.0044782543930208,-0.0066261023802842,0.0043451706921082,-0.024460848283398,-0.0121370533499408,-0.0287228491092664,-0.0344353833549137,0.003886205546017301,0.002629418327141801,-0.005491771082903201,-0.0005246959096774015,0.0021257087275974,0.0019581971501223,-0.0001867279539912,-0.0029239821510588,0.0040624487726203,-0.0044782543930208,-0.0066261023802842,0.0043451706921082,-0.004460848283397999,0.0078629466500592,-0.0087228491092664,-0.014435383354913702,1.0,1.0
467,38,50,random,0.0204560170575511,0.0215662584406055,0.0146073618143704,0.0158865937921172,0.0030421478424261,-0.0111261359555674,0.0188044087977597,-0.0139287172471713,0.0034121266756452,-0.0017692779534743,-0.0125604486920185,-0.003635479387984,-0.040863339272527,-0.0012247944249956,-0.0193159452485873,-0.0330945122761023,0.00045601705755109884,0.001566258440605501,-0.0053926381856296,-0.004113406207882801,0.0030421478424261,-0.0111261359555674,0.0188044087977597,-0.0139287172471713,0.0034121266756452,-0.0017692779534743,-0.0125604486920185,-0.003635479387984,-0.020863339272527,0.0187752055750044,0.0006840547514126993,-0.0130945122761023,0.9583333333333333,0.8958333333333333
468,39,1000,1,0.021551439894904,0.0137537886373932,0.0220979973607001,0.0125435816072634,-0.0098794446385112,0.0045670360275943,0.0060374192966324,0.0034987471163928,-0.0047433988645029,0.0009468577084736,-0.0053533061319585,0.0024442222399993,-0.0081344556701334,-0.0196524002092285,-0.020482304648385,-0.0335876151839301,0.0015514398949039998,-0.0062462113626068,0.002097997360700099,-0.0074564183927365996,-0.0098794446385112,0.0045670360275943,0.0060374192966324,0.0034987471163928,-0.0047433988645029,0.0009468577084736,-0.0053533061319585,0.0024442222399993,0.0118655443298666,0.0003475997907715009,-0.0004823046483850013,-0.013587615183930101,1.0,0.9791666666666666
469,39,1000,10,0.0200477282695582,0.0122571690475438,0.0205221840137476,0.017641119778072,-0.0034090669737608,0.007483921867877,0.0017541069634946,0.0022608068134845,0.000388246361956,0.0032793506398844,-0.0068599963020395,0.00820675307562,-0.0212640891757485,-0.019849501659953,-0.0186744865764974,-0.0279584644739845,4.772826955819903e-05,-0.0077428309524562,0.0005221840137475987,-0.002358880221928001,-0.0034090669737608,0.007483921867877,0.0017541069634946,0.0022608068134845,0.000388246361956,0.0032793506398844,-0.0068599963020395,0.00820675307562,-0.0012640891757484986,0.00015049834004699988,0.0013255134235026014,-0.0079584644739845,1.0,1.0
470,39,1000,20,0.0202968879682221,0.0120266879849029,0.0202074525641035,0.0181678239238627,-0.0029084245963093,0.0071360188093113,0.0029586828691063,0.0023360058054184,-0.001483720793793,0.0043270227948804,-0.0056739737201906,0.0073820581272662,-0.0214315676638568,-0.0198042988306333,-0.0181675980701795,-0.0276763308491156,0.00029688796822209887,-0.0079733120150971,0.00020745256410350035,-0.0018321760761372992,-0.0029084245963093,0.0071360188093113,0.0029586828691063,0.0023360058054184,-0.001483720793793,0.0043270227948804,-0.0056739737201906,0.0073820581272662,-0.001431567663856801,0.00019570116936670073,0.0018324019298204992,-0.007676330849115599,1.0,1.0
471,39,1000,random,0.0161451103635814,0.0144096781112109,0.0208886236065549,0.0123327296520356,-0.0022306136705415,0.0084818808313196,0.0055705645135278,0.0022068234628481,-0.0090016729735438,-9.34322165549955e-05,0.0030021640165492,0.0080304673369447,-0.027143120560607,-0.0182907129115662,-0.0140362470577179,-0.026160919612197,-0.003854889636418602,-0.0055903218887891,0.0008886236065548982,-0.007667270347964401,-0.0022306136705415,0.0084818808313196,0.0055705645135278,0.0022068234628481,-0.0090016729735438,-9.34322165549955e-05,0.0030021640165492,0.0080304673369447,-0.007143120560607001,0.0017092870884337988,0.0059637529422821006,-0.006160919612196999,1.0,1.0
472,39,100,1,0.0225754711082268,0.007970940299908,0.021384814571756,0.015952744719451,0.0030733892521124,0.0049461036920292,-0.0022598662128429,-0.0022751699014481,-0.0047869652883103,0.0094213982564917,-0.0050593520991821,0.0073166105313127,-0.0283402296610218,-0.0330155744807753,-0.0183969537538312,-0.0322413145412403,0.0025754711082267984,-0.012029059700092,0.0013848145717559983,-0.004047255280549,0.0030733892521124,0.0049461036920292,-0.0022598662128429,-0.0022751699014481,-0.0047869652883103,0.0094213982564917,-0.0050593520991821,0.0073166105313127,-0.008340229661021801,-0.0130155744807753,0.001603046246168801,-0.012241314541240302,0.9791666666666666,1.0
473,39,100,10,0.020071308390287,0.0132856257751934,0.0218104293490691,0.0187746911594421,-0.0034704281954098,0.0083638490963984,0.0017626796584883,0.0022071472165013,-0.0054080198970775,0.0037597314735649,-0.0074712861320085,0.0093668160274971,-0.0240869356918371,-0.0226857209631257,-0.0184541482176166,-0.0268663585259471,7.130839028699973e-05,-0.006714374224806601,0.0018104293490690988,-0.001225308840557899,-0.0034704281954098,0.0083638490963984,0.0017626796584883,0.0022071472165013,-0.0054080198970775,0.0037597314735649,-0.0074712861320085,0.0093668160274971,-0.004086935691837098,-0.0026857209631257,0.001545851782383402,-0.006866358525947098,1.0,1.0
474,39,100,20,0.0213060375021081,0.0115926322906938,0.0210554404548929,0.0202246717468502,0.0004249049902498,0.0069586575520684,0.0037562296519046,0.0021232114515073,-0.0019689776122459,0.0033043829957311,-0.0054877782581488,0.0079645177800233,-0.0250311445139108,-0.0227665881624036,-0.016823874227111,-0.0244865785348963,0.001306037502108101,-0.008407367709306201,0.001055440454892899,0.00022467174685019894,0.0004249049902498,0.0069586575520684,0.0037562296519046,0.0021232114515073,-0.0019689776122459,0.0033043829957311,-0.0054877782581488,0.0079645177800233,-0.005031144513910801,-0.002766588162403598,0.003176125772889001,-0.004486578534896299,1.0,1.0
475,39,100,random,0.0118366951561736,0.0141106769593268,0.0222066209193808,0.0177482417930642,-0.0038593096803957,0.0133928727137194,0.0058573437963352,0.0002276188049158,-0.0149142952958194,0.0063073895893641,0.0071357394977431,0.0152263513521062,-0.0080827553253416,-0.0208873034343114,-0.0196802960539774,-0.0271414920093208,-0.0081633048438264,-0.005889323040673201,0.0022066209193808,-0.0022517582069358014,-0.0038593096803957,0.0133928727137194,0.0058573437963352,0.0002276188049158,-0.0149142952958194,0.0063073895893641,0.0071357394977431,0.0152263513521062,0.0119172446746584,-0.0008873034343113984,0.0003197039460226016,-0.0071414920093208,0.9375,0.9791666666666666
476,39,50,1,0.0119024406945705,0.0101770198607769,0.0114404451697394,0.0290928297088593,-0.0098989884263589,0.0076320029758593,0.0018532457331343,-0.0024018639544442,-0.0014413558170709,0.010532417528547,-0.0150436178783772,0.0174833252806682,-0.0243824683442535,-0.0123386105892979,-0.0204859172402741,-0.0287937509322699,-0.0080975593054295,-0.0098229801392231,-0.0085595548302606,0.009092829708859301,-0.0098989884263589,0.0076320029758593,0.0018532457331343,-0.0024018639544442,-0.0014413558170709,0.010532417528547,-0.0150436178783772,0.0174833252806682,-0.004382468344253501,0.0076613894107021,-0.00048591724027409813,-0.0087937509322699,0.9166666666666667,0.9791666666666666
477,39,50,10,0.0157929913607778,0.0127261552746202,0.0168449296802966,0.0221964895855382,-0.0070665303085604,0.0065901906725822,0.0025325969880485,0.0018687652663085,0.0043213202880971,0.0010733405905166,-0.0091771206412439,0.0073015428757688,-0.0216973998897444,-0.020361658668798,-0.0198125370357751,-0.024668344049089,-0.004207008639222201,-0.007273844725379801,-0.003155070319703402,0.0021964895855382006,-0.0070665303085604,0.0065901906725822,0.0025325969880485,0.0018687652663085,0.0043213202880971,0.0010733405905166,-0.0091771206412439,0.0073015428757688,-0.0016973998897443984,-0.00036165866879800043,0.00018746296422490066,-0.004668344049088998,1.0,1.0
478,39,50,20,0.0169448488676263,0.0145999995063564,0.0169896190858386,0.0228667599597676,-0.0069377056222388,0.0037929500694353,0.005336854760263,0.0036593386436714,-0.0010620367357602,0.0020417193627537,-0.0057013626650082,0.0036246951469166,-0.0227450585728439,-0.0192943710260735,-0.0189011198277302,-0.0253882183339214,-0.0030551511323737013,-0.0054000004936436,-0.0030103809141613994,0.0028667599597675987,-0.0069377056222388,0.0037929500694353,0.005336854760263,0.0036593386436714,-0.0010620367357602,0.0020417193627537,-0.0057013626650082,0.0036246951469166,-0.002745058572843899,0.0007056289739265018,0.0010988801722697991,-0.005388218333921401,1.0,1.0
479,39,50,random,0.0124021579646222,0.0243962542129576,0.0100831995230889,0.0209556324311749,-0.0120111094529846,0.0042586086325375,0.0001978371185856,0.0023879815999671,-0.0113458860329239,0.001844433948426,-0.0033682355934151,0.0060420149524621,-0.0255186249700477,-0.009700172237403,-0.0078923358026452,-0.0173553091585335,-0.0075978420353778,0.004396254212957598,-0.0099168004769111,0.0009556324311748993,-0.0120111094529846,0.0042586086325375,0.0001978371185856,0.0023879815999671,-0.0113458860329239,0.001844433948426,-0.0033682355934151,0.0060420149524621,-0.005518624970047698,0.010299827762597,0.0121076641973548,0.002644690841466499,1.0,0.9166666666666667
480,40,1000,1,0.0254466535862506,0.0096356135664713,0.0172985868972217,0.0168542071678424,-0.0039510095529883,0.0047396396113776,0.0001038890558745,0.001643373459279,-0.0251812101187568,-0.0199927537611906,0.003812078752753,0.0032890141761216,-0.0121023070121311,-0.0122644496445614,-0.0290251070468386,-0.0087758488416851,0.005446653586250599,-0.0103643864335287,-0.0027014131027782995,-0.003145792832157601,-0.0039510095529883,0.0047396396113776,0.0001038890558745,0.001643373459279,-0.0251812101187568,-0.0199927537611906,0.003812078752753,0.0032890141761216,0.0078976929878689,0.007735550355438601,-0.0090251070468386,0.011224151158314901,1.0,0.875
481,40,1000,10,0.0248452603797415,0.0138682315249511,0.0150203211026668,0.0167535977519835,-0.0010694830878264,0.0020289115876741,-0.0026224550795819,0.0018245290080792,-0.0204119042548909,-0.0147183170778204,0.0006747589642555,-0.0006843448622543,-0.0111366028079739,-0.0129360565129611,-0.0272779284586833,-0.0109396332330435,0.004845260379741499,-0.0061317684750489005,-0.0049796788973332,-0.003246402248016502,-0.0010694830878264,0.0020289115876741,-0.0026224550795819,0.0018245290080792,-0.0204119042548909,-0.0147183170778204,0.0006747589642555,-0.0006843448622543,0.0088633971920261,0.0070639434870389,-0.007277928458683299,0.0090603667669565,1.0,0.875
482,40,1000,20,0.0243232154246088,0.0132919164481371,0.0147960759602835,0.0171588597114869,-0.001268651172835,0.002593356376829,-0.0026894935222623,0.0028610716353882,-0.0194488254786081,-0.0143883741888605,0.0020360184921403,-0.0007673166774214,-0.0118410996812989,-0.012852187747796,-0.0238986289762966,-0.0116581617263797,0.004323215424608801,-0.006708083551862901,-0.0052039240397165,-0.0028411402885131012,-0.001268651172835,0.002593356376829,-0.0026894935222623,0.0028610716353882,-0.0194488254786081,-0.0143883741888605,0.0020360184921403,-0.0007673166774214,0.0081589003187011,0.007147812252204001,-0.0038986289762966003,0.0083418382736203,1.0,0.875
483,40,1000,random,0.0213277188615075,0.0120427434222491,0.0139496132024791,0.0186708241317827,-0.0062795555063394,-0.0006976249643853,-0.0064002789638426,0.0008701117277817,-0.0182040031619418,-0.0218637678298448,-0.0003898103940168,-0.0015914588290259,-0.0129193496982334,-0.0152990996447296,-0.0252531239739613,-0.0034302402931257,0.0013277188615074993,-0.0079572565777509,-0.0060503867975209,-0.001329175868217302,-0.0062795555063394,-0.0006976249643853,-0.0064002789638426,0.0008701117277817,-0.0182040031619418,-0.0218637678298448,-0.0003898103940168,-0.0015914588290259,0.0070806503017666,0.004700900355270401,-0.005253123973961299,0.0165697597068743,1.0,0.8333333333333334
484,40,100,1,0.0213763000476246,0.0085271008172481,0.0124778403719209,0.0171454943968937,-0.0007522408254794,-0.0017801330432381,0.0004634435749427,0.0016848506829255,-0.019891486246409,-0.0134268942553927,-0.0023752234062607,0.0023282941299188,-0.0053802689661531,-0.0107774905495365,-0.0298759863619748,-0.0117776239814384,0.0013763000476245991,-0.0114728991827519,-0.0075221596280791,-0.0028545056031063012,-0.0007522408254794,-0.0017801330432381,0.0004634435749427,0.0016848506829255,-0.019891486246409,-0.0134268942553927,-0.0023752234062607,0.0023282941299188,0.014619731033846901,0.0092225094504635,-0.0098759863619748,0.0082223760185616,1.0,0.875
485,40,100,10,0.0256554929518366,0.0112976995436586,0.0123781318235844,0.0180149455124832,-0.0019510033767632,-0.0020131849947337,-0.0034794721936556,-0.0018142333801727,-0.0176946932446207,-0.0147768963666872,0.0003978120993124,0.0003774285445301,-0.0102330669929009,-0.0097477976975294,-0.0275478895406139,-0.0097157910177347,0.005655492951836601,-0.0087023004563414,-0.007621868176415601,-0.0019850544875168012,-0.0019510033767632,-0.0020131849947337,-0.0034794721936556,-0.0018142333801727,-0.0176946932446207,-0.0147768963666872,0.0003978120993124,0.0003774285445301,0.009766933007099101,0.0102522023024706,-0.0075478895406138995,0.0102842089822653,1.0,0.875
486,40,100,20,0.0269675571497313,0.0107658875489362,0.0120014680163166,0.0174579453970867,-0.0004513766556132,-0.0002037749844296,-0.0023398112419603,0.0018236147218885,-0.0168122213432525,-0.0132614147980499,0.000335007551344,0.0002878217843197,-0.0098585178896174,-0.0104404861712926,-0.0227824250160513,-0.0108521177780455,0.0069675571497312995,-0.0092341124510638,-0.0079985319836834,-0.002542054602913301,-0.0004513766556132,-0.0002037749844296,-0.0023398112419603,0.0018236147218885,-0.0168122213432525,-0.0132614147980499,0.000335007551344,0.0002878217843197,0.010141482110382601,0.0095595138287074,-0.0027824250160513007,0.009147882221954501,1.0,0.875
487,40,100,random,0.0185519406523361,0.0067903315537303,0.0040110868129783,0.0243369909747004,-0.0034819649049065,-0.0112967937043656,-0.0091240692159588,-0.0044765217784983,-0.0085250100054931,-0.0210700215673819,-0.001134118237897,0.0027196787767923,-0.0181478534984918,-0.0144423247415063,-0.0331100019411414,0.0020421776817438,-0.0014480593476638992,-0.0132096684462697,-0.0159889131870217,0.004336990974700399,-0.0034819649049065,-0.0112967937043656,-0.0091240692159588,-0.0044765217784983,-0.0085250100054931,-0.0210700215673819,-0.001134118237897,0.0027196787767923,0.001852146501508202,0.0055576752584937,-0.0131100019411414,0.0220421776817438,1.0,0.8125
488,40,50,1,0.0268881904718633,0.0141499942081708,0.0097062845621439,0.0167179308125888,-0.0008227682575969,0.0009876478564445,-0.0015186492951829,0.0112096524089249,-0.0191098781954777,-0.0174135258183843,-0.0004742559266433,-0.0015458143846681,-0.0081648036362487,-0.0262499787175743,-0.0316633146585588,-0.0148835625191193,0.006888190471863301,-0.0058500057918292,-0.0102937154378561,-0.0032820691874111997,-0.0008227682575969,0.0009876478564445,-0.0015186492951829,0.0112096524089249,-0.0191098781954777,-0.0174135258183843,-0.0004742559266433,-0.0015458143846681,0.0118351963637513,-0.006249978717574298,-0.011663314658558802,0.0051164374808806996,0.9791666666666666,0.9166666666666667
489,40,50,10,0.0270114263775388,0.0186912931995186,0.018396067907288,0.0174499026059788,-0.0027444258272113,-0.0004208856534091,-0.005026561578938,0.0041860369887879,-0.0173438912846498,-0.0172901315392691,-0.0013246994843723,-0.0027187173546576,-0.0116819887877752,-0.0168244400459958,-0.0345810926588144,-0.0139190734819598,0.0070114263775388,-0.0013087068004813997,-0.0016039320927120002,-0.0025500973940211988,-0.0027444258272113,-0.0004208856534091,-0.005026561578938,0.0041860369887879,-0.0173438912846498,-0.0172901315392691,-0.0013246994843723,-0.0027187173546576,0.0083180112122248,0.0031755599540042,-0.0145810926588144,0.0060809265180402,1.0,0.875
490,40,50,20,0.0295999801146615,0.0147796850200359,0.0180173724183717,0.0177905022261828,-0.0055992210532806,-0.0002299089479531,-0.0047308083349436,0.0065610167284686,-0.0127080669917195,-0.0146813907827942,0.0006201922774134,-0.0018500548964472,-0.01197512848895,-0.0178700131349101,-0.0295642831904525,-0.0126649663260579,0.0095999801146615,-0.0052203149799641,-0.0019826275816283018,-0.002209497773817199,-0.0055992210532806,-0.0002299089479531,-0.0047308083349436,0.0065610167284686,-0.0127080669917195,-0.0146813907827942,0.0006201922774134,-0.0018500548964472,0.00802487151105,0.0021299868650898994,-0.0095642831904525,0.007335033673942101,1.0,0.9166666666666667
491,40,50,random,0.0169428209072906,0.014379109787721,0.0138638916818648,0.0269217759838019,-0.0093166543026611,0.0059115256926359,-0.0101251467289528,-0.0031739101001496,-0.0375950964348771,-0.0188632353102695,-0.0035942633696906,-0.0040608804844316,-0.0093384018772802,-0.0174568753628501,-0.0335955277942581,0.0009385730049881,-0.0030571790927093993,-0.005620890212279,-0.0061361083181352,0.006921775983801899,-0.0093166543026611,0.0059115256926359,-0.0101251467289528,-0.0031739101001496,-0.0375950964348771,-0.0188632353102695,-0.0035942633696906,-0.0040608804844316,0.010661598122719801,0.0025431246371498996,-0.013595527794258096,0.020938573004988102,1.0,0.7291666666666666
492,41,1000,1,0.0216811787256153,0.0220483280359704,0.0251579079452409,0.0259501375193129,0.0066270158068298,-0.0039047767413435,0.0065858831375366,0.0032584032126181,0.0088241769590046,0.0027052114226154,0.0008005366268525,-0.0010691027371891,-0.018990392294899,-0.0211793384245043,-0.0180447951815054,-0.0312432565853845,0.001681178725615299,0.002048328035970399,0.005157907945240899,0.005950137519312899,0.0066270158068298,-0.0039047767413435,0.0065858831375366,0.0032584032126181,0.0088241769590046,0.0027052114226154,0.0008005366268525,-0.0010691027371891,0.001009607705101001,-0.0011793384245042983,0.0019552048184946005,-0.011243256585384498,1.0,1.0
493,41,1000,10,0.0187193937888085,0.0169505854289606,0.0244805792496018,0.0275340752314157,0.0026911426715431,-0.0030544133135043,0.0027652343395006,0.001306104323457,0.0077700833653836,-0.0020182590492085,0.0009037748056501,-0.002789718831098,-0.0142499145800607,-0.0151635627225367,-0.0116297697878212,-0.0222154140776784,-0.001280606211191502,-0.0030494145710394,0.0044805792496017995,0.0075340752314157,0.0026911426715431,-0.0030544133135043,0.0027652343395006,0.001306104323457,0.0077700833653836,-0.0020182590492085,0.0009037748056501,-0.002789718831098,0.005750085419939301,0.0048364372774633,0.0083702302121788,-0.002215414077678401,1.0,1.0
494,41,1000,20,0.0208901106598368,0.0167717460954148,0.0230684808728763,0.0266236986188285,0.0031758257641709,-0.0019467206117063,0.001609765204424,0.0015058982935579,0.0088938906787946,-0.0021723942185867,-0.0004019844550268,-0.0037229028216246,-0.0155104509511415,-0.0127496682899973,-0.0101833009567708,-0.020593195484194,0.0008901106598367993,-0.003228253904585199,0.003068480872876301,0.0066236986188285,0.0031758257641709,-0.0019467206117063,0.001609765204424,0.0015058982935579,0.0088938906787946,-0.0021723942185867,-0.0004019844550268,-0.0037229028216246,0.004489549048858501,0.007250331710002701,0.0098166990432292,-0.0005931954841939986,1.0,1.0
495,41,1000,random,0.0275959302875036,0.0205712336743448,0.0185407651182837,0.0179282679725202,0.0019230455616318,0.004282584202101,0.0045677968271146,0.0016832325823112,0.0050022672246641,-0.0028024731180556,0.0020290202905945,-0.002129855464254,-0.0102395871505963,-0.005937469218406,-0.0068230245301944,-0.0228478635822465,0.007595930287503598,0.0005712336743447996,-0.0014592348817163009,-0.0020717320274797994,0.0019230455616318,0.004282584202101,0.0045677968271146,0.0016832325823112,0.0050022672246641,-0.0028024731180556,0.0020290202905945,-0.002129855464254,0.0097604128494037,0.014062530781594001,0.013176975469805601,-0.0028478635822465,1.0,1.0
496,41,100,1,0.0227990661233181,0.0201027508110573,0.0311900652086429,0.0365439190133467,-0.0003133181643554,-0.0026441308658969,-0.0021403325547767,-0.0074357589006122,0.006607067273822,-0.0027482580561453,0.0038149709915934,-0.0011618872699945,-0.0093665536500973,-0.0242963673543878,-0.0138463125093427,-0.024580873117446,0.002799066123318098,0.00010275081105729986,0.0111900652086429,0.0165439190133467,-0.0003133181643554,-0.0026441308658969,-0.0021403325547767,-0.0074357589006122,0.006607067273822,-0.0027482580561453,0.0038149709915934,-0.0011618872699945,0.0106334463499027,-0.004296367354387799,0.006153687490657301,-0.004580873117446,1.0,1.0
497,41,100,10,0.024259650029598,0.0152243666850223,0.0283393176330702,0.0298702001549253,0.0017415572998239,-0.0062436704375294,-0.0007965768500885,0.000802307363839,0.0091201702805687,-0.0010051030940462,0.0011634374710542,-0.0021584094161249,-0.0143541423268916,-0.0160359709187697,-0.0139983900470979,-0.0222469177451404,0.004259650029597998,-0.0047756333149777,0.0083393176330702,0.0098702001549253,0.0017415572998239,-0.0062436704375294,-0.0007965768500885,0.000802307363839,0.0091201702805687,-0.0010051030940462,0.0011634374710542,-0.0021584094161249,0.005645857673108401,0.003964029081230301,0.006001609952902101,-0.0022469177451403984,1.0,1.0
498,41,100,20,0.0263904016000038,0.0166222324850395,0.0254357951837299,0.0300829322462084,0.0013045448417986,-0.0022484289858838,-0.0010290999388341,-0.0008645811859492,0.0117074891040566,-0.0014948722889473,-0.0004971309875246,-0.0037054552333189,-0.0156445609365484,-0.0132540002103864,-0.01224751128588,-0.0211470387858038,0.0063904016000038005,-0.0033777675149605016,0.0054357951837298996,0.0100829322462084,0.0013045448417986,-0.0022484289858838,-0.0010290999388341,-0.0008645811859492,0.0117074891040566,-0.0014948722889473,-0.0004971309875246,-0.0037054552333189,0.004355439063451601,0.006745999789613601,0.007752488714120001,-0.0011470387858038,1.0,1.0
499,41,100,random,0.0260564355753293,0.0144986812590821,0.0204447878319862,0.0200501684519477,0.0021188110156463,-0.0012929101519931,0.0004469172032404,-0.0018661167649032,0.0076871272500949,-0.0007545795398402,-0.0006798120097449,-0.000716015227337,-0.0121222884971487,-0.013812616430795,-0.0091623188312992,-0.0186655465420835,0.0060564355753293005,-0.0055013187409179,0.0004447878319862007,5.0168451947701226e-05,0.0021188110156463,-0.0012929101519931,0.0004469172032404,-0.0018661167649032,0.0076871272500949,-0.0007545795398402,-0.0006798120097449,-0.000716015227337,0.0078777115028513,0.006187383569205,0.0108376811687008,0.0013344534579164992,1.0,1.0
500,41,50,1,0.0312323785859186,0.0191401639650384,0.0251122042652871,0.0222567808960541,-0.0013304026667564,-0.0047154082239631,0.0038085768357125,-0.002390196119281,0.0022099935932463,-0.0041186623946242,0.002925015436907,-0.0018855335123866,-0.0134452959725243,-0.015085827935148,-0.0178421006369828,-0.0199077149327804,0.0112323785859186,-0.0008598360349615988,0.0051122042652871,0.002256780896054099,-0.0013304026667564,-0.0047154082239631,0.0038085768357125,-0.002390196119281,0.0022099935932463,-0.0041186623946242,0.002925015436907,-0.0018855335123866,0.0065547040274757,0.004914172064852,0.002157899363017201,9.228506721959892e-05,1.0,1.0
501,41,50,10,0.017606227733716,0.0230021017991801,0.0230544070279144,0.0294505425120677,0.0022173350480541,-0.0034822895947987,0.0040338288277689,-0.0029845780632565,0.007017934024349,-0.001656251001489,0.0005884718571193,-0.0027297860074263,-0.0134557890200643,-0.0163980053211924,-0.0152359631848895,-0.024255583967426,-0.0023937722662840007,0.0030021017991801006,0.0030544070279143985,0.0094505425120677,0.0022173350480541,-0.0034822895947987,0.0040338288277689,-0.0029845780632565,0.007017934024349,-0.001656251001489,0.0005884718571193,-0.0027297860074263,0.0065442109799357,0.003601994678807601,0.004764036815110501,-0.004255583967426001,1.0,1.0
502,41,50,20,0.0181001850150767,0.0226863010450991,0.0236903934014223,0.0305910531099256,0.0028213133735207,0.0003041479853876,0.0006911876259448,-0.0029489308308183,0.0093669121634725,-0.0025554814992968,-0.0003666577368748,-0.0019903538080937,-0.0160527120766433,-0.0188783243326353,-0.0163324274926631,-0.0226729736960593,-0.0018998149849232988,0.0026863010450991,0.0036903934014222983,0.0105910531099256,0.0028213133735207,0.0003041479853876,0.0006911876259448,-0.0029489308308183,0.0093669121634725,-0.0025554814992968,-0.0003666577368748,-0.0019903538080937,0.003947287923356701,0.0011216756673647008,0.003667572507336899,-0.002672973696059299,1.0,1.0
503,41,50,random,0.0168538580899871,0.0156674113244898,0.0080031819053499,0.0051875742744998,-0.0018791881561335,0.0027737702606847,0.0014904915674384,-0.0029890372327705,0.0056678970554861,0.0033760734444049,0.0048720062358922,-0.0024043585195293,-0.0004351101391496,-0.0086043743733349,-0.0117792994939328,-0.0184355569291633,-0.0031461419100129,-0.004332588675510202,-0.0119968180946501,-0.0148124257255002,-0.0018791881561335,0.0027737702606847,0.0014904915674384,-0.0029890372327705,0.0056678970554861,0.0033760734444049,0.0048720062358922,-0.0024043585195293,0.0195648898608504,0.011395625626665101,0.008220700506067201,0.0015644430708366998,0.9791666666666666,0.9375
504,42,1000,1,0.0248664382095702,0.0146563987439751,0.0300326263112679,0.0189523775890215,-0.0023347886154854,0.0041576839491386,0.0064346837528685,-0.0003174861294802,0.0059194834109565,-0.018699479256706,-0.0048855545974059,0.002328665105917,-0.0180947757998036,-0.0150978234816277,-0.010828395505342,-0.0242062402105201,0.004866438209570199,-0.005343601256024901,0.0100326263112679,-0.0010476224109784993,-0.0023347886154854,0.0041576839491386,0.0064346837528685,-0.0003174861294802,0.0059194834109565,-0.018699479256706,-0.0048855545974059,0.002328665105917,0.0019052242001964016,0.004902176518372301,0.009171604494658,-0.004206240210520098,1.0,0.9375
505,42,1000,10,0.0258722326295571,0.0117171737617038,0.0261550892073637,0.0175148614199581,-0.0043099723134102,0.001662948047366,0.0024716936400051,0.0013915821607824,0.0053501569849022,-0.0123665671053664,-0.0054041542667888,0.0043098072136797,-0.0160735244219778,-0.013521047715411,-0.012614729477481,-0.0243972588502555,0.005872232629557099,-0.0082828262382962,0.006155089207363698,-0.0024851385800419012,-0.0043099723134102,0.001662948047366,0.0024716936400051,0.0013915821607824,0.0053501569849022,-0.0123665671053664,-0.0054041542667888,0.0043098072136797,0.003926475578022202,0.0064789522845889996,0.007385270522519,-0.004397258850255499,1.0,1.0
506,42,1000,20,0.0251375400475251,0.0116037738458495,0.0272525419978703,0.017113065438529,-0.0052498331886701,0.0018541621816203,0.0034773660648474,0.0022165987429589,0.0044892249682305,-0.0127565405904009,-0.0060392923353043,0.0050655200325373,-0.0164251118254833,-0.0120759800057219,-0.0112796624233333,-0.0251966161162073,0.005137540047525098,-0.008396226154150501,0.007252541997870298,-0.002886934561470999,-0.0052498331886701,0.0018541621816203,0.0034773660648474,0.0022165987429589,0.0044892249682305,-0.0127565405904009,-0.0060392923353043,0.0050655200325373,0.0035748881745167015,0.0079240199942781,0.0087203375766667,-0.005196616116207298,1.0,0.9583333333333333
507,42,1000,random,0.0211027900356862,0.0092704395878145,0.0283006747378086,0.018152167062906,-0.0070167841470236,0.0019229320306334,-0.0096167090044484,0.0023273696165539,0.0085889058628009,-0.0160048531161095,-0.0071812524536843,0.0003517061929321,-0.0154654627230593,-0.0200547605438565,-0.0150631447186426,-0.0253322006744773,0.0011027900356861998,-0.0107295604121855,0.0083006747378086,-0.0018478329370940003,-0.0070167841470236,0.0019229320306334,-0.0096167090044484,0.0023273696165539,0.0085889058628009,-0.0160048531161095,-0.0071812524536843,0.0003517061929321,0.004534537276940701,-5.476054385649895e-05,0.0049368552813574,-0.005332200674477299,1.0,0.9583333333333333
508,42,100,1,0.030063071620277,0.0116151100778266,0.0251226798270254,0.0159990336617007,-0.0064284935152682,0.0052985707606456,0.0135643535037191,0.0013117877597537,0.0038295477996718,-0.0077566346046129,-0.0013410660636358,0.0086642938697984,-0.0167908583298676,-0.0056710195717608,-0.0108441955164541,-0.0181677429210196,0.010063071620277,-0.0083848899221734,0.005122679827025401,-0.0040009663382993,-0.0064284935152682,0.0052985707606456,0.0135643535037191,0.0013117877597537,0.0038295477996718,-0.0077566346046129,-0.0013410660636358,0.0086642938697984,0.0032091416701323996,0.0143289804282392,0.009155804483545901,0.001832257078980399,0.9791666666666666,0.9583333333333334
509,42,100,10,0.0278045298207509,0.0136292186122608,0.0252956759521551,0.0187577529286901,-0.0048373299881331,0.0024480185220273,0.0100635200632264,0.0003804726543518,0.00690432603249,-0.0113344125257721,-0.0051921204170328,0.0079812620981414,-0.0139237343382975,-0.0115730018174967,-0.0137672451387771,-0.0224404477059639,0.007804529820750899,-0.006370781387739201,0.005295675952155101,-0.0012422470713099008,-0.0048373299881331,0.0024480185220273,0.0100635200632264,0.0003804726543518,0.00690432603249,-0.0113344125257721,-0.0051921204170328,0.0079812620981414,0.006076265661702501,0.0084269981825033,0.0062327548612229,-0.0024404477059639003,1.0,1.0
510,42,100,20,0.0285980868005895,0.0142289629598632,0.0255935237892824,0.018594197858292,-0.0048400642241922,0.0027760044257055,0.0073906713753307,-0.0011697464005528,0.0064217788627502,-0.0106101434705016,-0.0046662279041415,0.0090862880311997,-0.0172348359879324,-0.0109880946405512,-0.0121496017858439,-0.0222374210235392,0.008598086800589499,-0.0057710370401368,0.005593523789282399,-0.0014058021417080006,-0.0048400642241922,0.0027760044257055,0.0073906713753307,-0.0011697464005528,0.0064217788627502,-0.0106101434705016,-0.0046662279041415,0.0090862880311997,0.002765164012067601,0.009011905359448801,0.0078503982141561,-0.0022374210235391982,1.0,1.0
511,42,100,random,0.0200604894111248,0.012497148195353,0.0273170157630621,0.0175605838899048,-0.0112345324960046,0.0030429645685844,0.0034706680105536,0.0050681133501815,0.0135456474527401,-0.0210466921486071,-0.012316282544945,0.0093608675147012,-0.0173536905651799,-0.0133068550625266,-0.0092280655745943,-0.0261211248669644,6.0489411124801246e-05,-0.007502851804647,0.007317015763062099,-0.0024394161100952,-0.0112345324960046,0.0030429645685844,0.0034706680105536,0.0050681133501815,0.0135456474527401,-0.0210466921486071,-0.012316282544945,0.0093608675147012,0.0026463094348200995,0.006693144937473401,0.0107719344254057,-0.006121124866964398,0.9791666666666666,0.8958333333333334
512,42,50,1,0.0270117914845977,0.0081662067790375,0.0234231935980169,0.0165955659554226,-0.0047369553028062,0.0007185021566377,-0.0005388850398349,0.0044056618585764,0.0026661766766816,-0.018325627544238,0.0012397776813308,0.0052624924610816,-0.021063242852977,-0.0182363658259794,-0.0110848982294213,-0.0194316896693021,0.007011791484597699,-0.0118337932209625,0.003423193598016898,-0.003404434044577402,-0.0047369553028062,0.0007185021566377,-0.0005388850398349,0.0044056618585764,0.0026661766766816,-0.018325627544238,0.0012397776813308,0.0052624924610816,-0.0010632428529770005,0.0017636341740206,0.0089151017705787,0.000568310330697902,1.0,0.9583333333333333
513,42,50,10,0.0255392337108354,0.0086606452768789,0.028904363255113,0.0168214265539335,-0.0063994049297465,0.004317689025344,-0.0012759751328415,0.0027100934234005,0.0050625894316013,-0.0108537303434913,-0.0006832146128316,0.0028530482780984,-0.0186895967017652,-0.0138266565567429,-0.0118746988022537,-0.0232991105054607,0.0055392337108353985,-0.0113393547231211,0.008904363255112999,-0.0031785734460665002,-0.0063994049297465,0.004317689025344,-0.0012759751328415,0.0027100934234005,0.0050625894316013,-0.0108537303434913,-0.0006832146128316,0.0028530482780984,0.0013104032982347996,0.006173343443257101,0.0081253011977463,-0.0032991105054606985,1.0,1.0
514,42,50,20,0.0228888317791635,0.0090105131598435,0.0304834730179388,0.0183912592273337,-0.007981631971622,0.0025083358868069,0.0022168775926749,0.0027289573286885,0.0039763065011927,-0.0144549029962355,-0.0033136720449527,0.0058624346681807,-0.0183697151311687,-0.0115020640974142,-0.0110578037291656,-0.027350715307702,0.002888831779163499,-0.0109894868401565,0.0104834730179388,-0.0016087407726662999,-0.007981631971622,0.0025083358868069,0.0022168775926749,0.0027289573286885,0.0039763065011927,-0.0144549029962355,-0.0033136720449527,0.0058624346681807,0.0016302848688313012,0.008497935902585801,0.008942196270834401,-0.007350715307702,1.0,0.9583333333333333
515,42,50,random,0.0098265016366063,0.0060178795016219,0.0319902722362511,0.0154846031844187,-0.0114727043939122,0.0083722491445866,-0.0205927229951604,0.0132539141500873,0.0092147851899764,-0.0258145043376213,0.0077161270645111,-0.0077055360116951,-0.023431222483769,-0.0256517292414336,-0.0097279835882089,-0.0383189111855012,-0.0101734983633937,-0.0139821204983781,0.011990272236251102,-0.0045153968155813,-0.0114727043939122,0.0083722491445866,-0.0205927229951604,0.0132539141500873,0.0092147851899764,-0.0258145043376213,0.0077161270645111,-0.0077055360116951,-0.003431222483768998,-0.0056517292414336,0.0102720164117911,-0.0183189111855012,0.8958333333333334,0.8958333333333334
516,43,1000,1,0.0105347799428268,0.0231641935275878,0.0181720276431275,0.0220731031525014,0.0050449845886819,-0.0003631891915051,0.0017436213180528,0.0059008626098648,-0.0097719897069937,-0.0163926947182217,-0.0039927726343264,0.0061752803412896,-0.0117714409097921,-0.0149301839822765,-0.0374168875601464,-0.0241241140012497,-0.0094652200571732,0.003164193527587799,-0.001827972356872501,0.0020731031525014,0.0050449845886819,-0.0003631891915051,0.0017436213180528,0.0059008626098648,-0.0097719897069937,-0.0163926947182217,-0.0039927726343264,0.0061752803412896,0.0082285590902079,0.005069816017723501,-0.017416887560146397,-0.0041241140012497,1.0,0.9583333333333333
517,43,1000,10,0.0129471563404455,0.0244343291685986,0.0226686313727218,0.0284439212444958,0.0020171912870278,-0.0019562148193225,0.003111197784376,0.0076736025220242,-0.0119854994374789,-0.0091928695806443,-0.0064813790381535,0.0060477516099373,-0.0124230018274161,-0.0174551912218299,-0.022281067593741,-0.018269158662109,-0.007052843659554501,0.004434329168598601,0.002668631372721799,0.008443921244495799,0.0020171912870278,-0.0019562148193225,0.003111197784376,0.0076736025220242,-0.0119854994374789,-0.0091928695806443,-0.0064813790381535,0.0060477516099373,0.0075769981725839,0.0025448087781701004,-0.0022810675937409985,0.0017308413378910002,1.0,1.0
518,43,1000,20,0.0141719055142994,0.0246844255563901,0.0226491515718956,0.0269665424360198,0.0023127725995769,-0.003299535763692,0.0033539165651945,0.0086026649217631,-0.0122497051703468,-0.010499555652192,-0.0063290777070957,0.006644928160294,-0.0132293776224569,-0.0176965047554575,-0.02424834298874,-0.018374052433418,-0.0058280944857006,0.0046844255563901,0.002649151571895599,0.006966542436019799,0.0023127725995769,-0.003299535763692,0.0033539165651945,0.0086026649217631,-0.0122497051703468,-0.010499555652192,-0.0063290777070957,0.006644928160294,0.0067706223775431,0.0023034952445425,-0.004248342988739998,0.0016259475665819992,1.0,1.0
519,43,1000,random,0.0164933360689219,0.018724921361358,0.0171669024552932,0.0220986965399498,-0.0057806765575727,-0.0038262020602083,-0.0047176254512404,0.0079784613773843,-0.0086316094384279,-0.013303656590084,-0.0080205955437087,0.0057521024072984,-0.0181849822591657,-0.0169063681075461,-0.0235681928790041,-0.0201322222525818,-0.0035066639310781,-0.0012750786386419993,-0.0028330975447068,0.0020986965399498007,-0.0057806765575727,-0.0038262020602083,-0.0047176254512404,0.0079784613773843,-0.0086316094384279,-0.013303656590084,-0.0080205955437087,0.0057521024072984,0.0018150177408342988,0.003093631892453902,-0.0035681928790041,-0.0001322222525818005,1.0,1.0
520,43,100,1,0.0109523080520992,0.0240034688018063,0.0258938737801608,0.0241990519813481,0.0052948135319604,0.0030634586408075,3.5388319645073316e-05,0.0078639671574137,-0.0165955760878406,0.0102422113923243,-0.0015444398929828,0.0046021806071703,-0.0137674214657426,-0.019670846335791,-0.0123019673454995,-0.017832012142822,-0.0090476919479008,0.004003468801806298,0.005893873780160798,0.004199051981348099,0.0052948135319604,0.0030634586408075,3.5388319645073316e-05,0.0078639671574137,-0.0165955760878406,0.0102422113923243,-0.0015444398929828,0.0046021806071703,0.006232578534257401,0.000329153664208999,0.007698032654500501,0.002167987857178002,1.0,0.9583333333333333
521,43,100,10,0.0151706022995132,0.0257051907931765,0.0242452987927661,0.0212879106911086,-0.0005261660330136,0.0005256896486111,0.0060057892890206,0.0097856497547538,-0.0134252429865556,0.0020508727764002,-0.0071956567090706,0.0066332766728224,-0.0135693161796862,-0.0183972782991914,-0.0213001252785406,-0.0210276494827935,-0.0048293977004868,0.005705190793176499,0.004245298792766101,0.0012879106911086007,-0.0005261660330136,0.0005256896486111,0.0060057892890206,0.0097856497547538,-0.0134252429865556,0.0020508727764002,-0.0071956567090706,0.0066332766728224,0.006430683820313801,0.0016027217008086,-0.0013001252785405995,-0.0010276494827934982,1.0,1.0
522,43,100,20,0.0153918527796128,0.0257304703320764,0.0253372817988216,0.0229320093073389,0.0005261422934771,-0.001293415836547,0.0050962151071193,0.0120911578590295,-0.0159944433063271,-0.0093398114072369,-0.0066417814841962,0.0073140230114993,-0.0121823136720121,-0.0185575976482049,-0.0285515966820207,-0.02110452894054,-0.0046081472203872,0.005730470332076399,0.005337281798821598,0.0029320093073389,0.0005261422934771,-0.001293415836547,0.0050962151071193,0.0120911578590295,-0.0159944433063271,-0.0093398114072369,-0.0066417814841962,0.0073140230114993,0.0078176863279879,0.0014424023517950989,-0.008551596682020698,-0.0011045289405400005,1.0,0.9791666666666666
523,43,100,random,0.0205258415684744,0.0206849735264553,0.0210293937948083,0.0273666754231248,-0.0103742805673923,-0.0060810350253314,-0.0029950800434711,0.0065787520250914,-0.0146067478285983,-0.0130119621822499,-0.0073946218786989,0.0017548421840213,-0.0163429744609532,-0.0151530271865414,-0.019584522357834,-0.0173950544909303,0.0005258415684743986,0.0006849735264552979,0.001029393794808299,0.007366675423124799,-0.0103742805673923,-0.0060810350253314,-0.0029950800434711,0.0065787520250914,-0.0146067478285983,-0.0130119621822499,-0.0073946218786989,0.0017548421840213,0.0036570255390468015,0.0048469728134586006,0.00041547764216600183,0.0026049455090697005,1.0,1.0
524,43,50,1,0.0087491786063416,0.03089463319826,0.0317491049310889,0.0392571244258374,0.0126336040793803,1.545095674306004e-05,-0.001918431648775,0.001760987446411,-0.0238506319852408,0.0060793111719301,-0.0068998110281128,0.0073368830095292,-0.0120932938709961,-0.0194686824483991,-0.015917138638715,-0.0090361887865715,-0.0112508213936584,0.01089463319826,0.0117491049310889,0.019257124425837397,0.0126336040793803,1.545095674306004e-05,-0.001918431648775,0.001760987446411,-0.0238506319852408,0.0060793111719301,-0.0068998110281128,0.0073368830095292,0.0079067061290039,0.0005313175516009003,0.004082861361285002,0.010963811213428501,0.9791666666666666,0.9166666666666666
525,43,50,10,0.0081754113575522,0.0260846794623971,0.0246281931008488,0.0336290873718947,0.0007442541481172,-0.0012066729628419,0.003453993856887,0.0061901363468317,-0.0159560189790826,-0.0031821775073287,-0.0091396811421162,0.0074058502851337,-0.0108471698068433,-0.0162751911741475,-0.024393119465792,-0.0201267928353723,-0.0118245886424478,0.006084679462397099,0.004628193100848801,0.013629087371894697,0.0007442541481172,-0.0012066729628419,0.003453993856887,0.0061901363468317,-0.0159560189790826,-0.0031821775073287,-0.0091396811421162,0.0074058502851337,0.0091528301931567,0.0037248088258525006,-0.004393119465792,-0.00012679283537229968,1.0,0.9791666666666666
526,43,50,20,0.0095915379640833,0.0265900845821279,0.0232170272570131,0.0359028938123821,0.0015894714998262,-0.0011512646682715,0.0031299092379565,0.0094722690404149,-0.015821648932504,-0.0189198862231082,-0.0065608332466336,0.0066197602929109,-0.0090264357763431,-0.0192542073545991,-0.0317471769050085,-0.0207287587824483,-0.0104084620359167,0.006590084582127901,0.003217027257013099,0.015902893812382097,0.0015894714998262,-0.0011512646682715,0.0031299092379565,0.0094722690404149,-0.015821648932504,-0.0189198862231082,-0.0065608332466336,0.0066197602929109,0.0109735642236569,0.0007457926454009015,-0.0117471769050085,-0.0007287587824483001,1.0,0.9583333333333334
527,43,50,random,0.0163752901898859,0.0126424476705269,0.0125582096318168,0.0332030317536999,-0.0086825297775055,-0.000779212917757,-0.0059578382892739,0.0046718393326862,-0.0189148879733219,-0.0153379798808629,-0.0031754357666002,0.0052035159546182,-0.0145921212465426,-0.0209222934764994,-0.0260880151461626,-0.0161254432141738,-0.003624709810114101,-0.0073575523294731,-0.007441790368183201,0.013203031753699902,-0.0086825297775055,-0.000779212917757,-0.0059578382892739,0.0046718393326862,-0.0189148879733219,-0.0153379798808629,-0.0031754357666002,0.0052035159546182,0.0054078787534574,-0.0009222934764994001,-0.006088015146162598,0.0038745567858262005,1.0,0.9375
528,44,1000,1,0.0216413058199209,0.0246044802282006,0.0307112726551987,0.0197866576596004,-0.001475729970061,-0.0001230522863844,-0.010575639978568,0.0092282480609691,-0.0030949091437307,0.0018102650370413,0.0016504139144764,0.0087164073398569,-0.0227034088950822,-0.0130636228460199,-0.0225266569514636,-0.0222357026492567,0.0016413058199209012,0.004604480228200598,0.010711272655198698,-0.00021334234039959918,-0.001475729970061,-0.0001230522863844,-0.010575639978568,0.0092282480609691,-0.0030949091437307,0.0018102650370413,0.0016504139144764,0.0087164073398569,-0.0027034088950822002,0.0069363771539801,-0.002526656951463601,-0.0022357026492566996,1.0,1.0
529,44,1000,10,0.0186271174079243,0.0233354137766244,0.0252803959296015,0.0163040718461116,-0.0020146033820513,-0.0001122994432347,-0.0060706407016457,0.0085108572559886,-0.0044303376218971,0.0051909015568274,0.0007970173171458,0.0105439206169447,-0.0206568534079684,-0.0100531281914168,-0.0159253603997153,-0.0265644917268541,-0.0013728825920756998,0.003335413776624399,0.0052803959296015,-0.0036959281538883997,-0.0020146033820513,-0.0001122994432347,-0.0060706407016457,0.0085108572559886,-0.0044303376218971,0.0051909015568274,0.0007970173171458,0.0105439206169447,-0.000656853407968401,0.0099468718085832,0.004074639600284702,-0.0065644917268541,1.0,1.0
530,44,1000,20,0.0185210278533635,0.0227475248356235,0.0238857260721624,0.016380456962269,-0.0019602497039952,-0.000857040129345,-0.0071953915661522,0.008495343981047,-0.0050973771140416,0.0046014935155086,0.0012733457620291,0.0094982603913455,-0.0216417872203561,-0.009243444708141,-0.0141711782605154,-0.0275743202151762,-0.0014789721466365,0.0027475248356234987,0.0038857260721624,-0.0036195430377310017,-0.0019602497039952,-0.000857040129345,-0.0071953915661522,0.008495343981047,-0.0050973771140416,0.0046014935155086,0.0012733457620291,0.0094982603913455,-0.0016417872203561001,0.010756555291859,0.0058288217394846,-0.007574320215176199,1.0,1.0
531,44,1000,random,0.0152596222881898,0.0187945401456602,0.0130663501498461,0.0143273517698389,-0.006562320821351,-0.0014703930764515,-0.0093434452310108,0.0100068755716767,-0.0078772582744958,0.003453212997965,-0.0014059966958926,0.0057919889482848,-0.0186785666288275,-0.0073738551884899,-0.0189403734917341,-0.027802937318518,-0.0047403777118102,-0.0012054598543397993,-0.0069336498501539005,-0.005672648230161101,-0.006562320821351,-0.0014703930764515,-0.0093434452310108,0.0100068755716767,-0.0078772582744958,0.003453212997965,-0.0014059966958926,0.0057919889482848,0.0013214333711724993,0.012626144811510101,0.0010596265082658991,-0.0078029373185179995,1.0,0.9583333333333334
532,44,100,1,0.0161628449372526,0.0284320124592404,0.0245192707751275,0.0191933183201733,-0.0005941251133144,0.008145392097012,-0.0067867361458987,0.0079050877440696,-0.0062715129253166,0.0069720963510013,-0.002098226818863,0.010598389435109,-0.0230405817516645,-0.0037942072497561,-0.0235264298747305,-0.0234527632315465,-0.0038371550627473994,0.008432012459240398,0.004519270775127499,-0.0008066816798267019,-0.0005941251133144,0.008145392097012,-0.0067867361458987,0.0079050877440696,-0.0062715129253166,0.0069720963510013,-0.002098226818863,0.010598389435109,-0.0030405817516644985,0.016205792750243902,-0.003526429874730501,-0.0034527632315464983,1.0,0.9583333333333334
533,44,100,10,0.0178101533677638,0.0240047072419262,0.0258505845030025,0.0198509517823908,-0.0038053524748637,9.310943022851286e-05,-0.0023235887817008,0.0047681760736456,-0.0035042860967384,0.0076109430124324,-0.0050236821106812,0.0117142549765776,-0.0203320391299013,-0.0108121771865317,-0.0203462320753989,-0.0244089871043644,-0.0021898466322361997,0.004004707241926201,0.0058505845030025,-0.00014904821760920034,-0.0038053524748637,9.310943022851286e-05,-0.0023235887817008,0.0047681760736456,-0.0035042860967384,0.0076109430124324,-0.0050236821106812,0.0117142549765776,-0.00033203912990130077,0.0091878228134683,-0.0003462320753989008,-0.004408987104364399,1.0,1.0
534,44,100,20,0.0173026330475452,0.0240291036247722,0.0249048665991057,0.0192906742144179,-0.0028119789623669,-0.0014820663596904,-0.0034331632792951,0.0061188894885289,-0.005420676098908,0.0043188858593688,-0.0037649966308016,0.0096866957120365,-0.0235218756182697,-0.0099714022424938,-0.0184449358473245,-0.0260590611499345,-0.0026973669524547987,0.004029103624772198,0.0049048665991057,-0.0007093257855820996,-0.0028119789623669,-0.0014820663596904,-0.0034331632792951,0.0061188894885289,-0.005420676098908,0.0043188858593688,-0.0037649966308016,0.0096866957120365,-0.0035218756182697,0.0100285977575062,0.001555064152675499,-0.0060590611499345,1.0,1.0
535,44,100,random,0.0219052842270429,0.0250506772830211,0.0095292985914778,0.0186600007760695,-0.0018904211243204,-0.008955549613725,-0.0053747900587733,0.0120022008047134,-0.003266974635537,0.0111668446829927,0.0028568143725818,0.0025693086152569,-0.0223256625527726,-0.0049373457432854,-0.0253405396303158,-0.0274462143564517,0.0019052842270428985,0.0050506772830210996,-0.010470701408522201,-0.0013399992239305006,-0.0018904211243204,-0.008955549613725,-0.0053747900587733,0.0120022008047134,-0.003266974635537,0.0111668446829927,0.0028568143725818,0.0025693086152569,-0.002325662552772601,0.0150626542567146,-0.005340539630315798,-0.007446214356451701,0.9583333333333334,0.9583333333333334
536,44,50,1,0.0152066473835939,0.0163136778319333,0.0256714435416053,0.017769423538913,0.0026609982971474,0.0139063588766263,-0.0064192675444928,0.0065429970694194,-0.002198058982376,0.0046457960218901,0.0030803421192077,0.0070401371200209,-0.0194894980562175,-0.0030351281090043,-0.0233722413303696,-0.0198186065491079,-0.0047933526164061005,-0.0036863221680667017,0.0056714435416053005,-0.002230576461087,0.0026609982971474,0.0139063588766263,-0.0064192675444928,0.0065429970694194,-0.002198058982376,0.0046457960218901,0.0030803421192077,0.0070401371200209,0.0005105019437825001,0.0169648718909957,-0.0033722413303696012,0.00018139345089209988,1.0,0.9791666666666666
537,44,50,10,0.0166290206793638,0.0215892620664645,0.0286756493198957,0.0196831767532042,-0.0023638605062522,-0.002455081863721,-0.0093191773057671,0.0082528520139146,-0.0045745703938803,0.001340033531308,0.0030065779152226,0.0124148013705044,-0.0226317809251174,-0.0096242851867044,-0.0249659756148211,-0.0273703025497185,-0.0033709793206362013,0.001589262066464498,0.0086756493198957,-0.0003168232467957999,-0.0023638605062522,-0.002455081863721,-0.0093191773057671,0.0082528520139146,-0.0045745703938803,0.001340033531308,0.0030065779152226,0.0124148013705044,-0.0026317809251173996,0.0103757148132956,-0.004965975614821101,-0.007370302549718499,1.0,1.0
538,44,50,20,0.0178238100595787,0.0225955168060364,0.0272113843678255,0.0180224255057377,0.00144456605274,7.9315177793005e-05,-0.0083993926622402,0.0107093562892138,-0.0026440248060982,0.001792366696348,0.0086343654728415,0.0100295965014443,-0.0223472766699314,-0.0100144653654707,-0.0215062681677238,-0.0296096849092848,-0.002176189940421302,0.0025955168060364,0.0072113843678255005,-0.0019775744942623005,0.00144456605274,7.9315177793005e-05,-0.0083993926622402,0.0107093562892138,-0.0026440248060982,0.001792366696348,0.0086343654728415,0.0100295965014443,-0.002347276669931401,0.0099855346345293,-0.0015062681677237982,-0.0096096849092848,1.0,1.0
539,44,50,random,0.0082416845355972,0.0171760985747215,0.0181413204575339,0.0176219091460524,0.0003406851805759,-9.189122739499212e-05,-0.0154622837559089,0.0121669986065506,-0.0022527894118049,-0.0032928105943883,0.0060201274371328,0.0059288766451449,-0.0215748080222022,-0.0040071543601052,-0.0173222984987272,-0.0217904295613565,-0.011758315464402801,-0.0028239014252785,-0.0018586795424661018,-0.0023780908539475995,0.0003406851805759,-9.189122739499212e-05,-0.0154622837559089,0.0121669986065506,-0.0022527894118049,-0.0032928105943883,0.0060201274371328,0.0059288766451449,-0.0015748080222021989,0.015992845639894802,0.002677701501272802,-0.0017904295613564991,0.9791666666666666,0.9791666666666666
540,45,1000,1,0.0145216903527583,0.0129560405660765,0.0159312734134345,0.0320458664512035,-0.0002566773576143,-0.0039101245136575,-0.0026270068626177,0.0081006797729916,-0.0012304876751807,0.0090078158252182,0.0107734926896864,-4.74853703537047e-05,-0.0014835799688249,-0.0182190792037368,-0.0198067691801352,-0.0270230640075327,-0.0054783096472417,-0.0070439594339235,-0.004068726586565499,0.012045866451203497,-0.0002566773576143,-0.0039101245136575,-0.0026270068626177,0.0081006797729916,-0.0012304876751807,0.0090078158252182,0.0107734926896864,-4.74853703537047e-05,0.0185164200311751,0.0017809207962631995,0.00019323081986480015,-0.007023064007532699,1.0,0.9583333333333334
541,45,1000,10,0.0140204799040306,0.0107444807870694,0.0139941687573643,0.0296681724221219,-0.0024463357601797,-0.0054813660237373,0.000253419419907,0.0045250359058384,-0.0028559955658296,0.0105757450816877,0.0066022591462343,-0.002260332574715,-0.0071191732161223,-0.0154666946645113,-0.0222793580233358,-0.0247777225857959,-0.005979520095969401,-0.0092555192129306,-0.006005831242635701,0.009668172422121899,-0.0024463357601797,-0.0054813660237373,0.000253419419907,0.0045250359058384,-0.0028559955658296,0.0105757450816877,0.0066022591462343,-0.002260332574715,0.0128808267838777,0.004533305335488701,-0.0022793580233358007,-0.0047777225857958995,1.0,1.0
542,45,1000,20,0.0133534787742946,0.0099703858345665,0.014074359193771,0.0269524242372477,-0.0018686187627108,-0.0064050633018556,-0.0011070400132942,0.0047340461199011,-0.0022181589527057,0.010463432103793,0.007366205164419,-0.0024034754464788,-0.006359627694632,-0.0140527750444724,-0.0219310696686289,-0.0246548694611192,-0.006646521225705401,-0.010029614165433501,-0.005925640806229,0.006952424237247699,-0.0018686187627108,-0.0064050633018556,-0.0011070400132942,0.0047340461199011,-0.0022181589527057,0.010463432103793,0.007366205164419,-0.0024034754464788,0.013640372305368,0.005947224955527601,-0.0019310696686288993,-0.004654869461119201,0.9791666666666666,0.9791666666666666
543,45,1000,random,0.0135779382198177,0.0080426694119727,0.0111984112953473,0.0223412850578036,-0.0036233233426006,-0.0028434594234019,0.0050278715836427,0.0070397173517793,-0.0050859491633416,0.0115176513653972,0.0147835771708569,-4.290925607371801e-05,-0.0081781817377683,-0.0132562243431885,-0.0183360183895915,-0.0320736158991299,-0.0064220617801823005,-0.0119573305880273,-0.0088015887046527,0.0023412850578036007,-0.0036233233426006,-0.0028434594234019,0.0050278715836427,0.0070397173517793,-0.0050859491633416,0.0115176513653972,0.0147835771708569,-4.290925607371801e-05,0.011821818262231701,0.0067437756568115,0.0016639816104085,-0.012073615899129902,0.8958333333333334,1.0
544,45,100,1,0.0077328113132204,0.0112736393758349,0.0132917181407449,0.032483137487038,-0.0031378772965811,-0.0087699576280438,0.0034510082901265,0.0101474172186608,-0.0097329826765031,0.010718386036011,-0.0057064533513652,-0.0008019023578775,-0.0089080598960324,-0.0117753700536867,-0.0271850081543147,-0.0225062850843757,-0.0122671886867796,-0.0087263606241651,-0.006708281859255101,0.012483137487038002,-0.0031378772965811,-0.0087699576280438,0.0034510082901265,0.0101474172186608,-0.0097329826765031,0.010718386036011,-0.0057064533513652,-0.0008019023578775,0.0110919401039676,0.008224629946313301,-0.0071850081543147,-0.002506285084375698,0.9583333333333334,0.9791666666666666
545,45,100,10,0.0143967528390423,0.0120639383837381,0.016172817816773,0.0298022211587582,0.0008112933636723,-0.0055936706828772,0.0022161986416603,0.007074982342851,-0.0041786668372653,0.012965041404751,-7.508559519834405e-05,-0.0008655027302587,-0.0074410090111393,-0.0159008573545719,-0.0233149272881084,-0.0243372382853254,-0.005603247160957701,-0.0079360616162619,-0.0038271821832270014,0.009802221158758201,0.0008112933636723,-0.0055936706828772,0.0022161986416603,0.007074982342851,-0.0041786668372653,0.012965041404751,-7.508559519834405e-05,-0.0008655027302587,0.0125589909888607,0.0040991426454281,-0.0033149272881084005,-0.004337238285325399,0.9791666666666666,1.0
546,45,100,20,0.0142848732861388,0.0111999301961269,0.0158277602165009,0.0290471698877791,0.0006377020934338,-0.0064163336131397,0.0029178585514396,0.0084009267914296,-0.0039059000962057,0.013063284950187,0.0056757650240937,-0.0005661374834563,-0.0079758071719481,-0.0145316686304177,-0.0223983329572301,-0.0262404086531177,-0.0057151267138612,-0.0088000698038731,-0.0041722397834991,0.009047169887779101,0.0006377020934338,-0.0064163336131397,0.0029178585514396,0.0084009267914296,-0.0039059000962057,0.013063284950187,0.0056757650240937,-0.0005661374834563,0.012024192828051901,0.0054683313695823,-0.0023983329572301003,-0.006240408653117698,0.9791666666666666,1.0
547,45,100,random,0.0175362740554966,0.010225694359378,0.0209400526415663,0.0267035919129226,0.0006934945839873,0.0010306653170963,0.0078539798358118,0.0048400559032456,-0.0183860714761218,0.0134677237234084,0.0150823524807845,0.0007568331624171,-0.008353251304778,-0.0149398701019528,-0.0183880561533693,-0.0354959861588534,-0.002463725944503399,-0.009774305640622,0.0009400526415663003,0.0067035919129226,0.0006934945839873,0.0010306653170963,0.0078539798358118,0.0048400559032456,-0.0183860714761218,0.0134677237234084,0.0150823524807845,0.0007568331624171,0.011646748695222,0.005060129898047201,0.0016119438466307007,-0.015495986158853402,0.9583333333333334,0.9583333333333333
548,45,50,1,0.0188439699457657,0.0141918312095246,0.0185199729673822,0.0361292969865513,-0.0073605599913846,0.0031461778137645,-0.0054522703685979,0.0013958302165109,0.0030230211238223,0.0100327006754331,-0.0036529234391705,-0.0007506810558275,-0.0005580871681446,-0.0127787812718057,-0.029868819827085,-0.038855472011536,-0.0011560300542343,-0.005808168790475401,-0.0014800270326177992,0.016129296986551297,-0.0073605599913846,0.0031461778137645,-0.0054522703685979,0.0013958302165109,0.0030230211238223,0.0100327006754331,-0.0036529234391705,-0.0007506810558275,0.0194419128318554,0.0072212187281943,-0.009868819827084999,-0.018855472011536003,1.0,0.9166666666666667
549,45,50,10,0.0160738613673222,0.0119123275188748,0.0167570128528727,0.0269918862972526,-0.0041791098478188,-0.0071037598762922,-0.0024525326873776,0.0049067766788358,-0.0027690213901242,0.0075911198718945,0.0055857092882679,-0.0071737333083806,-0.0028623050264523,-0.0129000705859136,-0.026084381426981,-0.0257884404239384,-0.003926138632677802,-0.008087672481125201,-0.003242987147127299,0.0069918862972526,-0.0041791098478188,-0.0071037598762922,-0.0024525326873776,0.0049067766788358,-0.0027690213901242,0.0075911198718945,0.0055857092882679,-0.0071737333083806,0.0171376949735477,0.0070999294140864,-0.006084381426980999,-0.005788440423938401,1.0,0.9375
550,45,50,20,0.0166898739896684,0.012397044626478,0.0169131586898157,0.0286035001694983,-0.0029399122938202,-0.005955799658985,-0.0022173453533584,0.0036810492496768,0.0006216408909264,0.0066838301561559,0.0095473620512103,-0.003927405174616,-0.0043153744852931,-0.0097440553936151,-0.0258053030683221,-0.0288987712923728,-0.0033101260103316,-0.007602955373522,-0.0030868413101843017,0.0086035001694983,-0.0029399122938202,-0.005955799658985,-0.0022173453533584,0.0036810492496768,0.0006216408909264,0.0066838301561559,0.0095473620512103,-0.003927405174616,0.0156846255147069,0.0102559446063849,-0.005805303068322099,-0.0088987712923728,1.0,0.9791666666666666
551,45,50,random,0.0199906790941798,0.0124870206832771,0.0171138007831987,0.0321623950936586,-0.0113638991316924,-0.0058259576939774,0.0011510132264233,-0.0034063139615579,-0.0093997201044621,0.0070384997988993,0.0093947986551038,-0.0013384589464845,0.0060123944733914,-0.0148254607439065,-0.0222163718229904,-0.0303337608777905,-9.32090582020026e-06,-0.007512979316722901,-0.0028861992168013016,0.012162395093658598,-0.0113638991316924,-0.0058259576939774,0.0011510132264233,-0.0034063139615579,-0.0093997201044621,0.0070384997988993,0.0093947986551038,-0.0013384589464845,0.0260123944733914,0.005174539256093501,-0.0022163718229903998,-0.010333760877790501,1.0,0.875
552,46,1000,1,0.0168252105575368,0.0180105879922725,0.0094018908573392,0.0276297655843942,-4.037841970636979e-05,-0.002323546804124,-0.0011805835373557,-0.0108727782139093,0.0089050826324768,-0.0040747773742557,0.0105774558163146,0.0042429150068668,-0.0014227543589683,-0.0221141540939323,-0.0063535212442888,-0.0151191052942728,-0.003174789442463199,-0.001989412007727502,-0.010598109142660801,0.0076297655843942,-4.037841970636979e-05,-0.002323546804124,-0.0011805835373557,-0.0108727782139093,0.0089050826324768,-0.0040747773742557,0.0105774558163146,0.0042429150068668,0.0185772456410317,-0.0021141540939322995,0.0136464787557112,0.004880894705727201,0.9791666666666666,0.9166666666666666
553,46,1000,10,0.0158278464583591,0.0167519781949333,0.011752776121092,0.0253614602538697,-0.0001025421119331,-0.0016408344097745,0.0056135018143587,-0.0074704650050017,0.0088394268895112,-0.0034779726672176,0.0017928280292093,0.0025809232830328,-0.0044719804081408,-0.0203348206548094,-0.0067313649709102,-0.0150095907911913,-0.0041721535416409,-0.003248021805066701,-0.008247223878908,0.005361460253869698,-0.0001025421119331,-0.0016408344097745,0.0056135018143587,-0.0074704650050017,0.0088394268895112,-0.0034779726672176,0.0017928280292093,0.0025809232830328,0.015528019591859201,-0.0003348206548094007,0.0132686350290898,0.004990409208808701,1.0,0.9583333333333333
554,46,1000,20,0.0181410589380515,0.0172683733953909,0.0113891480342974,0.0242222354571814,0.0007342430330142,-0.0030135472322308,0.0048140072537952,-0.0077194128794087,0.0082345516858397,-0.0047217185969557,0.0017095346767993,0.0025534126932833,-0.0047840305378281,-0.0194706722778922,-0.0063122478092862,-0.0141463337037965,-0.0018589410619485013,-0.0027316266046091,-0.0086108519657026,0.004222235457181398,0.0007342430330142,-0.0030135472322308,0.0048140072537952,-0.0077194128794087,0.0082345516858397,-0.0047217185969557,0.0017095346767993,0.0025534126932833,0.0152159694621719,0.0005293277221078002,0.0136877521907138,0.0058536662962035,1.0,0.9583333333333333
555,46,1000,random,0.0206254428103398,0.0121488998056667,0.0028095124460688,0.0205495665097603,0.0007902415031938,-0.00933482708193,0.0005354063342175,-0.0169898718742936,0.0080010076923448,-0.0026541697498757,0.0079605382291452,0.0004734354583318,-0.002907852954248,-0.0335381121885126,-0.0082835508040174,-0.018801487667966,0.0006254428103397991,-0.007851100194333301,-0.0171904875539312,0.0005495665097603013,0.0007902415031938,-0.00933482708193,0.0005354063342175,-0.0169898718742936,0.0080010076923448,-0.0026541697498757,0.0079605382291452,0.0004734354583318,0.017092147045752,-0.013538112188512603,0.0117164491959826,0.0011985123320339998,0.9583333333333334,0.9166666666666667
556,46,100,1,0.0135550541887399,0.01377472219416,0.0085264402472064,0.0321530160851494,0.0006018975295348,0.0065445837792883,0.0105676850923687,-3.1869322916057686e-06,0.0115770338921073,-0.0024612150211331,-0.0031538276223528,-0.0001782562191974,-0.0046069454557449,-0.0195394139490306,-0.0072254750521308,-0.0174268895045346,-0.0064449458112600996,-0.00622527780584,-0.011473559752793601,0.0121530160851494,0.0006018975295348,0.0065445837792883,0.0105676850923687,-3.1869322916057686e-06,0.0115770338921073,-0.0024612150211331,-0.0031538276223528,-0.0001782562191974,0.0153930545442551,0.00046058605096940125,0.0127745249478692,0.0025731104954654013,0.9583333333333334,1.0
557,46,100,10,0.0158729132339548,0.0164427044639961,0.0117897171697518,0.0270163092256514,0.0003271031186202,-0.0003057053878219,0.0059644916400005,-0.0072217714298843,0.0087042339949038,-0.0023867830520905,0.0004703996243684,0.0039272381639562,-0.0024370818270618,-0.0187131358210536,-0.0047654709329543,-0.0193634161190816,-0.0041270867660452015,-0.0035572955360038995,-0.008210282830248201,0.007016309225651399,0.0003271031186202,-0.0003057053878219,0.0059644916400005,-0.0072217714298843,0.0087042339949038,-0.0023867830520905,0.0004703996243684,0.0039272381639562,0.017562918172938202,0.0012868641789464015,0.0152345290670457,0.0006365838809184003,1.0,0.9583333333333333
558,46,100,20,0.0169783842786716,0.0172686632354345,0.012127339486985,0.025951819724287,0.0015600193816644,-0.0013497665534552,0.0058924725526284,-0.0055382221717843,0.008972455242924,-0.0046965442211261,0.0011870458162979,0.0043414350677539,-0.0015002304485024,-0.0156725920754026,-0.0024364460652073,-0.0183787264927863,-0.0030216157213284016,-0.002731336764565502,-0.007872660513015,0.005951819724286999,0.0015600193816644,-0.0013497665534552,0.0058924725526284,-0.0055382221717843,0.008972455242924,-0.0046965442211261,0.0011870458162979,0.0043414350677539,0.0184997695514976,0.0043274079245974005,0.0175635539347927,0.001621273507213701,1.0,0.9166666666666667
559,46,100,random,0.0212252402412077,0.0208819080701623,0.0024796754908527,0.0152528796828323,0.0009809916411244,-0.0070280667007119,0.0041861215224235,-0.0137541478896711,0.0070041088901492,-0.0009398618579779,0.0094290319357998,0.0022278719681156,0.0045647416757829,-0.0444613692409744,0.007069727396926,-0.0185513540654924,0.0012252402412076986,0.0008819080701623003,-0.0175203245091473,-0.004747120317167701,0.0009809916411244,-0.0070280667007119,0.0041861215224235,-0.0137541478896711,0.0070041088901492,-0.0009398618579779,0.0094290319357998,0.0022278719681156,0.0245647416757829,-0.0244613692409744,0.027069727396926,0.0014486459345076017,0.8958333333333333,0.6875
560,46,50,1,0.0135605010874212,0.0130267858805765,0.015885392683698,0.0317979285556575,-0.0016646618023415,-0.0126621020584833,0.0025666854619661,-0.0071467990266919,-0.0041639576730429,-0.0021368714227815,0.0102791795025422,-0.0002566964577474,-0.0067528466696737,-0.0173040305786513,-0.0059745413993538,-0.0193479771688794,-0.006439498912578801,-0.006973214119423501,-0.004114607316302001,0.011797928555657502,-0.0016646618023415,-0.0126621020584833,0.0025666854619661,-0.0071467990266919,-0.0041639576730429,-0.0021368714227815,0.0102791795025422,-0.0002566964577474,0.0132471533303263,0.002695969421348702,0.0140254586006462,0.0006520228311206015,1.0,0.9166666666666667
561,46,50,10,0.0147721528747898,0.0174140063935023,0.0138902664528593,0.024826497290174,-0.0004040796788533,-0.0076538341167491,0.0030908312958216,-0.0074482933224539,0.0067152323679659,-0.0044845657406944,0.0039406167867891,0.0021648465883369,-0.0068935346334484,-0.0161694279465698,-0.0078373139489565,-0.0124688900064643,-0.005227847125210201,-0.002585993606497701,-0.0061097335471407,0.0048264972901739985,-0.0004040796788533,-0.0076538341167491,0.0030908312958216,-0.0074482933224539,0.0067152323679659,-0.0044845657406944,0.0039406167867891,0.0021648465883369,0.0131064653665516,0.003830572053430202,0.0121626860510435,0.007531109993535701,1.0,0.9583333333333334
562,46,50,20,0.0188418003101273,0.0150913694253212,0.0143889737723573,0.0231551184546858,-0.000165232055889,-0.0079193041336033,0.0029184692957731,-0.0118127220857072,0.0041280305785437,-0.0063280289765649,0.0076864769597398,0.0013968282430032,-0.0048497586600604,-0.012410562634513,-0.0037447534934838,-0.0143551746529061,-0.0011581996898726993,-0.0049086305746788,-0.0056110262276427,0.003155118454685798,-0.000165232055889,-0.0079193041336033,0.0029184692957731,-0.0118127220857072,0.0041280305785437,-0.0063280289765649,0.0076864769597398,0.0013968282430032,0.0151502413399396,0.007589437365487001,0.0162552465065162,0.0056448253470939,1.0,0.875
563,46,50,random,0.0121269396188358,-0.0035005104634432,0.0196325773172472,0.0183145549604249,-5.166160699363955e-05,-0.0192860590269382,-0.0030229395774347,-0.024498659308887,-0.0037734843037337,-0.0073486879471215,0.0159172282584337,0.0006139527562619,-0.0099641733305061,-0.045059695561262,-0.0186524280612406,-0.0179758247034719,-0.0078730603811642,-0.0235005104634432,-0.0003674226827528014,-0.0016854450395751008,-5.166160699363955e-05,-0.0192860590269382,-0.0030229395774347,-0.024498659308887,-0.0037734843037337,-0.0073486879471215,0.0159172282584337,0.0006139527562619,0.0100358266694939,-0.025059695561262,0.0013475719387593989,0.0020241752965281003,0.8958333333333334,0.875
564,47,1000,1,0.0300128622681149,0.0179661067626531,0.0174058912926025,0.0217577504166963,0.0061764947810584,0.0075086613452564,-0.0035431145064089,-0.0016082218340878,0.0106336802143866,-0.0089101901290471,0.0029088441163428,-0.0096517979303172,-0.0102421825721097,-0.0218411832742666,-0.0205954029541706,-0.027376892163549,0.0100128622681149,-0.002033893237346901,-0.0025941087073974994,0.0017577504166962979,0.0061764947810584,0.0075086613452564,-0.0035431145064089,-0.0016082218340878,0.0106336802143866,-0.0089101901290471,0.0029088441163428,-0.0096517979303172,0.0097578174278903,-0.0018411832742665987,-0.0005954029541705985,-0.007376892163549,1.0,1.0
565,47,1000,10,0.0291826700388748,0.0205555714597343,0.0206668534784348,0.0139095270957395,0.0005803662740135,0.0046733652225267,-0.0010695374968507,-0.0018034194365616,0.0041495643589829,-0.0054639902834229,-0.0010550939520849,-0.0013507976522053,-0.0100252717001863,-0.0184724529090924,-0.0124542183288883,-0.0237713793528424,0.0091826700388748,0.0005555714597343005,0.0006668534784348007,-0.006090472904260501,0.0005803662740135,0.0046733652225267,-0.0010695374968507,-0.0018034194365616,0.0041495643589829,-0.0054639902834229,-0.0010550939520849,-0.0013507976522053,0.0099747282998137,0.0015275470909076015,0.007545781671111701,-0.0037713793528423994,1.0,1.0
566,47,1000,20,0.0269797140146084,0.0201434871758415,0.0208091105387627,0.0151430187714761,0.0006867324079262,0.0034397736385547,-0.001068620189601,-0.0009037831006089,0.0040665297554942,-0.0060861900840034,-0.0009123915990738,-0.0004796208753381,-0.0105409956223087,-0.0193084240222727,-0.0116248317525479,-0.0230890319638256,0.006979714014608399,0.00014348717584149878,0.0008091105387626994,-0.004856981228523901,0.0006867324079262,0.0034397736385547,-0.001068620189601,-0.0009037831006089,0.0040665297554942,-0.0060861900840034,-0.0009123915990738,-0.0004796208753381,0.0094590043776913,0.0006915759777273017,0.008375168247452101,-0.0030890319638255982,1.0,1.0
567,47,1000,random,0.0247295531477524,0.0175807771689379,0.0226166524765495,0.0093998073852325,-0.0008295006140996,0.0056641157315307,-0.0036005109063774,0.0076139153560417,0.0027932256202892,-0.0037222906651627,-0.0100132681685238,2.8414233457810944e-05,-0.0121988174464823,-0.0238419094040635,-0.0084425422452198,-0.0177183267507422,0.004729553147752398,-0.0024192228310620997,0.0026166524765494983,-0.0106001926147675,-0.0008295006140996,0.0056641157315307,-0.0036005109063774,0.0076139153560417,0.0027932256202892,-0.0037222906651627,-0.0100132681685238,2.8414233457810944e-05,0.007801182553517701,-0.003841909404063499,0.0115574577547802,0.0022816732492578,1.0,0.9791666666666666
568,47,100,1,0.0329995537392698,0.0214785433578253,0.0192496854684889,0.0058262554209944,0.0049558201929713,0.0077889219535158,-0.0080404023027608,-0.0025594835804531,-0.0081689016861005,-0.0032306427989934,-0.0036751852017232,0.0001198510552429,-0.0056340091145092,-0.0072347716722878,-0.0025179304657155,-0.0281682083269405,0.012999553739269799,0.0014785433578252995,-0.000750314531511101,-0.0141737445790056,0.0049558201929713,0.0077889219535158,-0.0080404023027608,-0.0025594835804531,-0.0081689016861005,-0.0032306427989934,-0.0036751852017232,0.0001198510552429,0.0143659908854908,0.012765228327712201,0.0174820695342845,-0.008168208326940499,0.9791666666666666,0.8124999999999999
569,47,100,10,0.0266858269096328,0.0196579279612259,0.0181541322111637,0.0135423758087793,0.0004165070222224,0.0038740700012044,-0.0018323913352208,-0.0018274614552157,0.0010441080685292,-0.0068003463939803,-0.0027841775387841,0.0009081979035386,-0.0014746830676522,-0.0150248357716745,-0.0069217026105766,-0.0224314769608841,0.0066858269096327985,-0.0003420720387741008,-0.0018458677888362994,-0.006457624191220701,0.0004165070222224,0.0038740700012044,-0.0018323913352208,-0.0018274614552157,0.0010441080685292,-0.0068003463939803,-0.0027841775387841,0.0009081979035386,0.0185253169323478,0.0049751642283255,0.0130782973894234,-0.0024314769608841,1.0,0.9166666666666667
570,47,100,20,0.0231336609953521,0.0197034233932304,0.01999396430327,0.0150307194728039,0.0018129731324633,0.0027568939823107,-0.0016344542453876,-0.0033310863227678,0.0023663691313107,-0.0088218929683742,-0.0048204241246736,-0.0008419342444643,-0.0057713962551042,-0.0174296491898305,-0.0073433776911921,-0.0218533104489007,0.0031336609953520993,-0.0002965766067695996,-6.0356967300015385e-06,-0.0049692805271961005,0.0018129731324633,0.0027568939823107,-0.0016344542453876,-0.0033310863227678,0.0023663691313107,-0.0088218929683742,-0.0048204241246736,-0.0008419342444643,0.0142286037448958,0.0025703508101695,0.0126566223088079,-0.0018533104489006982,1.0,0.9583333333333333
571,47,100,random,0.0200091143024949,0.0129312585904508,0.0219772655155633,0.0112891090867726,-0.008260380504762,-0.0029969455319709,-0.0005696878355012,0.0113067847213032,-0.0036754954493036,-0.006888345972733,-0.0116382526449097,-0.0015606336341135,-0.0062369384273447,-0.0263627742717016,-0.010324962259104,-0.0248016277950075,9.114302494898224e-06,-0.0070687414095492,0.0019772655155632993,-0.0087108909132274,-0.008260380504762,-0.0029969455319709,-0.0005696878355012,0.0113067847213032,-0.0036754954493036,-0.006888345972733,-0.0116382526449097,-0.0015606336341135,0.013763061572655302,-0.0063627742717016,0.009675037740896,-0.0048016277950075,0.9791666666666666,0.9166666666666666
572,47,50,1,0.0384254275408548,0.0166991395414525,0.018770912830121,0.0281653724773995,0.0019088371297377,0.0115017114356785,0.0017495203101663,-0.004629989181271,-0.0008025701419561,0.001589114383315,0.0032779959816292,-0.0016855615767038,-0.0081921942717846,-0.0129099019028769,-0.0100311459760911,-0.0207642701397374,0.018425427540854796,-0.0033008604585475013,-0.001229087169879,0.008165372477399499,0.0019088371297377,0.0115017114356785,0.0017495203101663,-0.004629989181271,-0.0008025701419561,0.001589114383315,0.0032779959816292,-0.0016855615767038,0.0118078057282154,0.007090098097123101,0.0099688540239089,-0.0007642701397373997,1.0,1.0
573,47,50,10,0.0363908642825202,0.0219633192174152,0.019291875593191,0.0139861558072512,-0.0003559706226348,0.0061841732379007,-0.0006646940197963,-0.0054172005335064,0.0037561542025534,-0.0086606927544401,0.0015340110873808,-0.005426999844235,-0.0096401722131036,-0.0200816360676468,-0.0108585719445215,-0.0248185742190747,0.016390864282520196,0.0019633192174151985,-0.0007081244068090006,-0.0060138441927488,-0.0003559706226348,0.0061841732379007,-0.0006646940197963,-0.0054172005335064,0.0037561542025534,-0.0086606927544401,0.0015340110873808,-0.005426999844235,0.0103598277868964,-8.163606764680087e-05,0.0091414280554785,-0.0048185742190746984,1.0,1.0
574,47,50,20,0.0352215165287623,0.02144751569914,0.0194898941403796,0.0175321064427843,-0.0007093259032623,0.0060291306133674,-9.044441527722674e-05,-0.0042979032139249,0.0018773402657782,-0.0088854365685794,0.0007452991927506,-0.0041986469886091,-0.0116540139258266,-0.0220087945454054,-0.0088323125301316,-0.0238922427912671,0.015221516528762299,0.0014475156991399993,-0.0005101058596203994,-0.0024678935572156994,-0.0007093259032623,0.0060291306133674,-9.044441527722674e-05,-0.0042979032139249,0.0018773402657782,-0.0088854365685794,0.0007452991927506,-0.0041986469886091,0.0083459860741734,-0.002008794545405399,0.0111676874698684,-0.003892242791267101,1.0,0.9791666666666666
575,47,50,random,0.0224186966592222,0.025081083124039,0.0091343039230633,0.021832890508889,0.0067433129889394,-0.0003428635470291,0.0004645856784376,0.0022905284173221,0.0131031651602894,-0.0090733151203872,-0.0010427931530067,-0.0001469780189883,-0.0117912299885946,-0.0173343170804208,-0.0019523514723649,-0.0215231721371221,0.002418696659222199,0.005081083124038998,-0.010865696076936701,0.0018328905088890006,0.0067433129889394,-0.0003428635470291,0.0004645856784376,0.0022905284173221,0.0131031651602894,-0.0090733151203872,-0.0010427931530067,-0.0001469780189883,0.0082087700114054,0.0026656829195792,0.018047648527635102,-0.0015231721371220981,0.9791666666666666,0.9791666666666666
576,48,1000,1,0.0181894119453041,0.0277244153327609,0.0262607613144561,0.0145070035627183,0.0048836863250953,-0.0040347508578274,-0.0133546622275093,-0.0038676899632002,-0.0123367004824214,0.0017693436380841,0.0016025976755294,-0.0057468122141932,-0.0112934866184991,-0.0202822296400802,-0.0142740697076255,-0.0208692393325456,-0.001810588054695899,0.0077244153327609005,0.0062607613144561,-0.0054929964372817,0.0048836863250953,-0.0040347508578274,-0.0133546622275093,-0.0038676899632002,-0.0123367004824214,0.0017693436380841,0.0016025976755294,-0.0057468122141932,0.008706513381500901,-0.0002822296400801991,0.0057259302923745,-0.0008692393325455995,1.0,0.9583333333333334
577,48,1000,10,0.0212562856707503,0.0248140156388724,0.0238689458744093,0.0172517597977148,-0.0007334574203611,-0.0051524023530535,-0.0088792137426601,-0.0048824973421591,-0.0072477274083518,-0.0004381118986378,0.0020049957276043,-0.0033809573478252,-0.0226808481054813,-0.023681236510316,-0.0175953225750916,-0.0173416933518707,0.0012562856707502984,0.004814015638872401,0.0038689458744093005,-0.0027482402022852015,-0.0007334574203611,-0.0051524023530535,-0.0088792137426601,-0.0048824973421591,-0.0072477274083518,-0.0004381118986378,0.0020049957276043,-0.0033809573478252,-0.0026808481054813003,-0.0036812365103159987,0.002404677424908401,0.0026583066481292994,1.0,1.0
578,48,1000,20,0.0209839864234109,0.022232102529081,0.0236060952131058,0.0175692248127051,-0.0006696485002376,-0.0045450383095869,-0.0072449874870548,-0.0048540726534238,-0.0050040029906864,-0.0009728268832531,0.0023673465987656,-0.0025519152131373,-0.0195423552480535,-0.0255267579819843,-0.0190904269559456,-0.0171708128693923,0.0009839864234108993,0.002232102529081001,0.0036060952131058005,-0.0024307751872949014,-0.0006696485002376,-0.0045450383095869,-0.0072449874870548,-0.0048540726534238,-0.0050040029906864,-0.0009728268832531,0.0023673465987656,-0.0025519152131373,0.0004576447519465017,-0.0055267579819843,0.0009095730440543993,0.002829187130607702,1.0,1.0
579,48,1000,random,0.0222737747088954,0.0133044774778192,0.0204316610585442,0.0177539148599527,-0.0021293217126304,-0.0071517192231406,-0.0008448469423752,-0.002525084891185,0.0007689155153782,-0.0065486259389007,0.002582997927148,-0.0035051927790174,-0.0140238345490081,-0.0257173174329044,-0.0169930703704989,-0.0148710623191705,0.0022737747088954,-0.006695522522180801,0.0004316610585442006,-0.002246085140047302,-0.0021293217126304,-0.0071517192231406,-0.0008448469423752,-0.002525084891185,0.0007689155153782,-0.0065486259389007,0.002582997927148,-0.0035051927790174,0.0059761654509919,-0.005717317432904399,0.003006929629501099,0.0051289376808295005,1.0,1.0
580,48,100,1,0.0199414707587663,0.0333827331034791,0.023360766984165,0.0176684154760686,-0.0040223786975656,-0.0029941547794589,-0.0028505410681882,-0.0081834164630951,-0.0092663404554565,-0.0009374454804962,0.0032293634976923,-0.0045292747657597,-0.0187909405687071,-0.0297114319252206,-0.0151507722961148,-0.0226118448122308,-5.852924123370129e-05,0.013382733103479098,0.0033607669841650006,-0.0023315845239313994,-0.0040223786975656,-0.0029941547794589,-0.0028505410681882,-0.0081834164630951,-0.0092663404554565,-0.0009374454804962,0.0032293634976923,-0.0045292747657597,0.0012090594312928991,-0.009711431925220601,0.004849227703885201,-0.0026118448122307986,1.0,1.0
581,48,100,10,0.0239468445988412,0.0279402607862108,0.02489371805318,0.0177633256750893,-0.0015589379855959,-0.0054628013331004,-0.0080011030430689,-0.005980010426347,-0.0029810453102425,0.0001267810545147,0.000899037273227,-0.0047721162408501,-0.0199702306441337,-0.0270768370264764,-0.018138228169048,-0.0177621700162401,0.0039468445988412,0.007940260786210799,0.00489371805318,-0.0022366743249107,-0.0015589379855959,-0.0054628013331004,-0.0080011030430689,-0.005980010426347,-0.0029810453102425,0.0001267810545147,0.000899037273227,-0.0047721162408501,2.976935586630064e-05,-0.0070768370264764,0.0018617718309519998,0.0022378299837599,1.0,1.0
582,48,100,20,0.0245348543312942,0.0275919843565923,0.0234307895018967,0.0186423588859001,-0.0020201575557525,-0.0023569148092743,-0.0031673028917883,-0.0063027044740674,-0.0010213024051699,0.0008942318950564,0.0028668796008296,-0.0055300218455184,-0.0168670039939064,-0.025754240146962,-0.0211785236677612,-0.0163475328595242,0.004534854331294198,0.0075919843565923,0.003430789501896698,-0.0013576411140998994,-0.0020201575557525,-0.0023569148092743,-0.0031673028917883,-0.0063027044740674,-0.0010213024051699,0.0008942318950564,0.0028668796008296,-0.0055300218455184,0.0031329960060936003,-0.005754240146961999,-0.0011785236677612013,0.0036524671404758006,1.0,1.0
583,48,100,random,0.0153026346496368,0.0278362350071517,0.0208430864726541,0.0214165955337566,-0.0083079564773274,0.0038175530088197,-0.0017233584955166,-0.0007335062383562,-0.0045056127836736,0.0002569313224206,-0.0053004117386567,-0.0090594975099936,-0.0137678202235827,-0.0187588419878657,-0.0210204132255393,-0.0096409079194866,-0.0046973653503632005,0.0078362350071517,0.0008430864726540997,0.001416595533756601,-0.0083079564773274,0.0038175530088197,-0.0017233584955166,-0.0007335062383562,-0.0045056127836736,0.0002569313224206,-0.0053004117386567,-0.0090594975099936,0.006232179776417301,0.0012411580121342997,-0.0010204132255393003,0.0103590920805134,1.0,1.0
584,48,50,1,0.0135371286849808,0.02372491887505,0.0214112070660817,0.0249813510466561,-0.0033501954582942,-0.0017396088435825,-0.0005729604496148,-0.0095578503161829,-0.0101709011386813,-0.0033258420720411,0.0086228008410504,-0.0072867365643345,-0.028310429768285,-0.0238431188376338,-0.0145132212426405,-0.029258038900403,-0.0064628713150192,0.0037249188750499984,0.0014112070660817003,0.004981351046656101,-0.0033501954582942,-0.0017396088435825,-0.0005729604496148,-0.0095578503161829,-0.0101709011386813,-0.0033258420720411,0.0086228008410504,-0.0072867365643345,-0.008310429768285,-0.0038431188376337987,0.005486778757359501,-0.009258038900402998,1.0,1.0
585,48,50,10,0.0231308874563618,0.0217516654343795,0.022849592386501,0.0159266434779778,-0.0023186582893575,-0.0008046040557778,-0.0025137288046009,-0.0061422874372785,-0.0091000367845773,0.0005274111005975,0.0060866021313571,-0.0055198068192515,-0.0241526793265777,-0.0219039697280962,-0.0161440739639371,-0.0168465783310836,0.003130887456361798,0.0017516654343795006,0.0028495923865009994,-0.0040733565220222,-0.0023186582893575,-0.0008046040557778,-0.0025137288046009,-0.0061422874372785,-0.0091000367845773,0.0005274111005975,0.0060866021313571,-0.0055198068192515,-0.004152679326577698,-0.0019039697280961998,0.0038559260360629018,0.0031534216689164014,1.0,1.0
586,48,50,20,0.0200178819053971,0.016312517834431,0.023177739786678,0.0175812075947599,-0.0019132069729735,-0.0039305240043083,-0.0048009311312776,-0.0067942307374736,-0.0056511059087871,-0.0008559264191136,0.0059400873898275,-0.0052582868896094,-0.0226021761576043,-0.0186833877830244,-0.0144289632913468,-0.0176459818283816,1.7881905397098413e-05,-0.003687482165569002,0.0031777397866779994,-0.0024187924052401014,-0.0019132069729735,-0.0039305240043083,-0.0048009311312776,-0.0067942307374736,-0.0056511059087871,-0.0008559264191136,0.0059400873898275,-0.0052582868896094,-0.002602176157604299,0.001316612216975599,0.0055710367086532,0.0023540181716183994,1.0,1.0
587,48,50,random,0.0345294525532964,-0.0001084682062514,0.0089915337005405,0.0347617772824737,0.0024629757639079,-0.0117760591242442,-0.0059428260211674,-0.0114226620200075,-0.0157342060530117,-0.0082643854721859,0.0106134538370769,0.0165923726582618,-0.0193136489680917,-0.042425365150595,-0.0089810991692529,-0.0102161672955247,0.014529452553296397,-0.0201084682062514,-0.0110084662994595,0.014761777282473697,0.0024629757639079,-0.0117760591242442,-0.0059428260211674,-0.0114226620200075,-0.0157342060530117,-0.0082643854721859,0.0106134538370769,0.0165923726582618,0.0006863510319083006,-0.022425365150595,0.011018900830747101,0.0097838327044753,0.8958333333333333,0.875
588,49,1000,1,0.0120335259536791,0.0244974097695094,0.025577635045663,0.0279004808130857,-0.0074821780049032,0.0003822422420559,-0.0029573987912316,0.0081255835114295,-0.000823593501979,-0.0038105197498462,0.0026256570938558,-0.0002990991037476,-0.0192587586907002,-0.0060326757373697,-0.0239342964350783,-0.0155617893747999,-0.0079664740463209,0.004497409769509398,0.005577635045662999,0.0079004808130857,-0.0074821780049032,0.0003822422420559,-0.0029573987912316,0.0081255835114295,-0.000823593501979,-0.0038105197498462,0.0026256570938558,-0.0002990991037476,0.0007412413092998012,0.0139673242626303,-0.0039342964350783,0.0044382106252001,1.0,0.9791666666666666
589,49,1000,10,0.0165016710216786,0.0221114898692016,0.0190104420577012,0.0221983463310762,0.0013732337649962,0.0011254737062371,-0.0053266738712726,0.0093926863707718,-0.0003548723205332,-0.0044270277376755,0.001249060488124,-0.0027453879931807,-0.0118408459647642,-0.0135912780999499,-0.0203593255997456,-0.0127144542368124,-0.0034983289783214015,0.0021114898692016007,-0.0009895579422988,0.002198346331076198,0.0013732337649962,0.0011254737062371,-0.0053266738712726,0.0093926863707718,-0.0003548723205332,-0.0044270277376755,0.001249060488124,-0.0027453879931807,0.0081591540352358,0.0064087219000501,-0.000359325599745601,0.007285545763187601,1.0,1.0
590,49,1000,20,0.0186769935433071,0.0223307779867483,0.0178050626714796,0.0217182827919665,0.0018658949996994,-0.0005329844487663,-0.0056291539190151,0.0093036414605026,-0.0009380557754787,-0.0038765631130843,-4.4924299746494755e-05,-0.0039254254039965,-0.0109821024768677,-0.0128166646100545,-0.0218551939852364,-0.0129602029064897,-0.0013230064566929003,0.0023307779867483003,-0.0021949373285203994,0.0017182827919665009,0.0018658949996994,-0.0005329844487663,-0.0056291539190151,0.0093036414605026,-0.0009380557754787,-0.0038765631130843,-4.4924299746494755e-05,-0.0039254254039965,0.0090178975231323,0.0071833353899455,-0.001855193985236401,0.007039797093510301,1.0,1.0
591,49,1000,random,0.0018951784474802,0.0206331058223163,0.0136072054140573,0.0165905521534534,-0.001420825420865,-0.0002686161356666,-0.0026638355450686,0.007749992868483,0.0002904758154518,0.0040940816956076,-0.0023915993952227,-0.0102262671584142,-0.012201680890165,-0.0210602025242731,-0.0164245375036007,-0.0118121849935594,-0.0181048215525198,0.0006331058223163002,-0.006392794585942701,-0.0034094478465465997,-0.001420825420865,-0.0002686161356666,-0.0026638355450686,0.007749992868483,0.0002904758154518,0.0040940816956076,-0.0023915993952227,-0.0102262671584142,0.007798319109835,-0.0010602025242731003,0.0035754624963993016,0.0081878150064406,0.9583333333333334,1.0
592,49,100,1,0.02406723665355,0.022734062631524,0.0154305917196273,0.0225027194448536,0.002962680689342,-0.0030640483344901,-8.803858583497559e-06,0.0087144669805617,-0.0019767782951219,-0.0094176114970392,0.0020562960156006,-0.0056235984682777,-0.0165374017314259,-0.0149805766098535,-0.0117121749629959,-0.0168212334498396,0.004067236653550001,0.0027340626315239987,-0.004569408280372701,0.002502719444853599,0.002962680689342,-0.0030640483344901,-8.803858583497559e-06,0.0087144669805617,-0.0019767782951219,-0.0094176114970392,0.0020562960156006,-0.0056235984682777,0.0034625982685741012,0.0050194233901465005,0.0082878250370041,0.0031787665501603994,1.0,1.0
593,49,100,10,0.0171411714027717,0.02178215099829,0.0172256245787648,0.0205446150790177,0.0017321942596224,0.0005178424592099,-0.004239680136213,0.0096271558520383,-0.0036452030038135,-0.0080946579751293,0.0030795559749115,-0.0032195142922258,-0.0128366472724198,-0.0155964161197016,-0.0168305158927439,-0.0133544454598058,-0.002858828597228299,0.001782150998289999,-0.002774375421235202,0.0005446150790177004,0.0017321942596224,0.0005178424592099,-0.004239680136213,0.0096271558520383,-0.0036452030038135,-0.0080946579751293,0.0030795559749115,-0.0032195142922258,0.0071633527275802005,0.004403583880298401,0.0031694841072561,0.0066455545401942,1.0,1.0
594,49,100,20,0.0202824629064883,0.0234896608152345,0.0163115770888597,0.020920220271018,0.0024528548283258,-0.0016539088458914,-0.0039564770992482,0.01004488896434,-0.0041059168709052,-0.0085088224657249,0.0015459691991286,-0.0047066203041936,-0.0118403308213841,-0.0144477139633902,-0.018342654042968,-0.0159290322784153,0.0002824629064882983,0.0034896608152345,-0.003688422911140299,0.0009202202710179991,0.0024528548283258,-0.0016539088458914,-0.0039564770992482,0.01004488896434,-0.0041059168709052,-0.0085088224657249,0.0015459691991286,-0.0047066203041936,0.008159669178615901,0.0055522860366098,0.0016573459570319998,0.0040709677215847,1.0,1.0
595,49,100,random,0.0063270949477568,0.0293897852085522,0.0097953815040764,0.0107192902048264,-0.0044003297585195,-0.0018736120419228,-0.0018820375865479,0.0019663363254317,-0.0058839323339135,0.0009405990490655,-0.0002511532883488,-0.0075849176297512,-0.0177896557211446,-0.017186566971162,-0.0160046010994936,-0.0112599315479835,-0.0136729050522432,0.009389785208552201,-0.010204618495923601,-0.0092807097951736,-0.0044003297585195,-0.0018736120419228,-0.0018820375865479,0.0019663363254317,-0.0058839323339135,0.0009405990490655,-0.0002511532883488,-0.0075849176297512,0.0022103442788554,0.002813433028838002,0.003995398900506399,0.0087400684520165,1.0,1.0
596,49,50,1,0.0251175198198425,0.0203427274907,0.0218396003351972,0.0213551361228013,0.0100031139148828,-0.0034211905481336,-0.0065315633903538,0.0167547228305717,0.0037611263668782,-0.0018143689651818,-0.0041307537647163,-0.0016823278301668,-0.008012399400083,-0.0152955844202828,-0.011383645884412,-0.0066772483851518,0.0051175198198425,0.000342727490699999,0.0018396003351972001,0.0013551361228013002,0.0100031139148828,-0.0034211905481336,-0.0065315633903538,0.0167547228305717,0.0037611263668782,-0.0018143689651818,-0.0041307537647163,-0.0016823278301668,0.011987600599917,0.0047044155797172,0.008616354115588,0.0133227516148482,1.0,1.0
597,49,50,10,0.021492889083967,0.0231841614607283,0.0220673011795135,0.025519321930295,0.0021547658228827,0.0004839771710203,-0.0061347395238949,0.0126076425245513,-0.0005797197543001,-0.0076654309578618,-0.0005143146781677,0.0011738177862912,-0.0122368346971272,-0.0141089085844538,-0.0180066204499194,-0.0128782370488026,0.0014928890839670007,0.0031841614607283006,0.0020673011795134984,0.005519321930294998,0.0021547658228827,0.0004839771710203,-0.0061347395238949,0.0126076425245513,-0.0005797197543001,-0.0076654309578618,-0.0005143146781677,0.0011738177862912,0.0077631653028728004,0.005891091415546201,0.001993379550080599,0.007121762951197401,1.0,1.0
598,49,50,20,0.0223004621172567,0.0246861919245339,0.0222566937116385,0.0250073821065335,0.0007256113567466,-0.0010912349285243,-0.0085669765967651,0.012232112894457,-0.0021330530671406,-0.0073946090318379,-0.0026076584173232,-0.0026439675711903,-0.0125810816699628,-0.0142240420853284,-0.0229112149990254,-0.0119693081198639,0.0023004621172567005,0.0046861919245339,0.0022566937116384987,0.0050073821065334985,0.0007256113567466,-0.0010912349285243,-0.0085669765967651,0.012232112894457,-0.0021330530671406,-0.0073946090318379,-0.0026076584173232,-0.0026439675711903,0.007418918330037201,0.005775957914671601,-0.0029112149990253994,0.0080306918801361,1.0,1.0
599,49,50,random,0.0066390600669814,0.0228349873230678,0.0104424072558484,0.0166928047601203,0.0028578611225031,-0.0056880472961622,-0.0010238156133022,0.0089107770105408,-0.0064534378133472,-0.0037183810762168,-0.0006552482094344,-0.013861876379013,-0.020427208578643,-0.0223923711250823,-0.0206330829921136,-0.01083102790655,-0.0133609399330186,0.002834987323067799,-0.0095575927441516,-0.003307195239879702,0.0028578611225031,-0.0056880472961622,-0.0010238156133022,0.0089107770105408,-0.0064534378133472,-0.0037183810762168,-0.0006552482094344,-0.013861876379013,-0.00042720857864299994,-0.0023923711250822995,-0.0006330829921135997,0.00916897209345,0.9791666666666666,0.9791666666666666
600,50,1000,1,0.0225505985085508,0.0188640253070967,0.0215315934226745,0.0162247326481506,0.0006363181270211,-0.0009020432155442,-0.0008778856130416,0.0006585417620868,0.0034345865922726,0.00635881163524,0.0027507124240643,-0.0065623181847216,-0.0270236947209747,-0.0165114897162099,-0.0189015562160725,-0.0215158555277116,0.0025505985085508,-0.001135974692903302,0.0015315934226745008,-0.003775267351849399,0.0006363181270211,-0.0009020432155442,-0.0008778856130416,0.0006585417620868,0.0034345865922726,0.00635881163524,0.0027507124240643,-0.0065623181847216,-0.0070236947209747005,0.0034885102837900993,0.0010984437839275003,-0.0015158555277116,1.0,1.0
601,50,1000,10,0.021521320104556,0.0196266846465809,0.0223900660425973,0.0152488825777163,0.0031006924411488,0.0006260707781012,-0.0070151047913221,0.0060847033305133,0.0039902566547472,0.0020786406340043,0.0041738353296564,-0.0067915151143867,-0.024431341288417,-0.014897279900867,-0.0185323049991984,-0.0180917506673496,0.001521320104555999,-0.0003733153534191021,0.0023900660425973004,-0.0047511174222837,0.0031006924411488,0.0006260707781012,-0.0070151047913221,0.0060847033305133,0.0039902566547472,0.0020786406340043,0.0041738353296564,-0.0067915151143867,-0.0044313412884170005,0.005102720099133,0.0014676950008015999,0.001908249332650401,1.0,1.0
602,50,1000,20,0.0213453348662231,0.0183622779870283,0.0213215735703596,0.015115966793655,0.0043996404801127,0.0001943120537355,-0.0049286310934005,0.0062497621744585,0.0030371559682168,0.00258646807765,0.0037747423965363,-0.0062692174031617,-0.0239045399778856,-0.0131678930847077,-0.0170863653181321,-0.0166767104968459,0.0013453348662231003,-0.0016377220129717013,0.0013215735703595993,-0.004884033206345001,0.0043996404801127,0.0001943120537355,-0.0049286310934005,0.0062497621744585,0.0030371559682168,0.00258646807765,0.0037747423965363,-0.0062692174031617,-0.003904539977885601,0.006832106915292301,0.0029136346818679007,0.003323289503154102,1.0,1.0
603,50,1000,random,0.0174895687714899,0.0159814654611419,0.0139156218204046,0.0117445496191054,0.0037338792651449,0.0008177361611864,-0.0037397066033113,0.0117206174151068,-0.0052679171033211,-0.0005755076360592,0.0025973065314933,-0.0017954004774012,-0.0202566662842711,-0.0136608470237929,-0.0190394359597791,-0.0089536867457401,-0.0025104312285101,-0.004018534538858101,-0.006084378179595401,-0.0082554503808946,0.0037338792651449,0.0008177361611864,-0.0037397066033113,0.0117206174151068,-0.0052679171033211,-0.0005755076360592,0.0025973065314933,-0.0017954004774012,-0.00025666628427109886,0.0063391529762071,0.0009605640402209001,0.0110463132542599,1.0,1.0
604,50,100,1,0.0258682507464311,0.0242075648654884,0.0200873430129915,0.0119610005423005,0.0008105394667294,-6.306018749334309e-05,-0.0092909341610654,0.0088230039663243,0.0026684924150313,0.0030660181773536,0.0023041707083681,-0.003545126212539,-0.0249440310796622,-0.0131874996714728,-0.0168961860045751,-0.0116540592777167,0.005868250746431099,0.0042075648654884,8.734301299150038e-05,-0.0080389994576995,0.0008105394667294,-6.306018749334309e-05,-0.0092909341610654,0.0088230039663243,0.0026684924150313,0.0030660181773536,0.0023041707083681,-0.003545126212539,-0.0049440310796621985,0.006812500328527201,0.003103813995424899,0.0083459407222833,1.0,1.0
605,50,100,10,0.0219017817471586,0.0212934952804404,0.0218041495251725,0.0141178511635137,0.0032078986430114,0.0003687083884944,-0.0112693497152937,0.0059457277100784,0.0017273946972171,5.818393246120357e-05,0.005551825138851,-0.0048709720176023,-0.022118310435005,-0.0144648769090637,-0.018766791519396,-0.0225294647481798,0.0019017817471586006,0.0012934952804403987,0.0018041495251725007,-0.005882148836486301,0.0032078986430114,0.0003687083884944,-0.0112693497152937,0.0059457277100784,0.0017273946972171,5.818393246120357e-05,0.005551825138851,-0.0048709720176023,-0.002118310435004999,0.0055351230909363,0.0012332084806040006,-0.002529464748179798,1.0,1.0
606,50,100,20,0.023093628329019,0.0198683957721026,0.0206873122865352,0.0135223562734256,0.0061741624799159,-0.0012867489179293,-0.0055676888174536,0.0052943668780808,0.0010389570174628,0.001780837210382,0.0043132194930542,-0.0038988484487083,-0.0196617585630361,-0.0106303999892199,-0.0176834273487273,-0.0191165519104485,0.0030936283290190006,-0.0001316042278973993,0.0006873122865352008,-0.006477643726574401,0.0061741624799159,-0.0012867489179293,-0.0055676888174536,0.0052943668780808,0.0010389570174628,0.001780837210382,0.0043132194930542,-0.0038988484487083,0.0003382414369639021,0.009369600010780101,0.002316572651272702,0.0008834480895515001,1.0,1.0
607,50,100,random,0.0234704351014226,0.0121377645552891,0.0076901352852722,0.0056931920563035,0.006874231326435,-0.0048408038314254,-0.0071791025242137,0.0056586618550305,-0.0106889314412453,0.0032820980152253,0.004137768699132,0.0017143433209602,-0.0239465829460009,-0.0184146359651365,-0.0291032438938858,-0.0151179431033387,0.0034704351014226004,-0.0078622354447109,-0.012309864714727801,-0.0143068079436965,0.006874231326435,-0.0048408038314254,-0.0071791025242137,0.0056586618550305,-0.0106889314412453,0.0032820980152253,0.004137768699132,0.0017143433209602,-0.0039465829460009,0.0015853640348634998,-0.0091032438938858,0.0048820568966613,0.9791666666666666,1.0
608,50,50,1,0.0242654562903402,0.0175290429799922,0.0256008282984953,0.0130084278584189,0.0057667481866435,0.001874464329336,-0.0086115620257454,0.0078125831684073,0.0022634467772465,0.0066371733901604,0.005549433431383,-0.0084904878046192,-0.0230136890415373,-0.007195717344023,-0.0135586789895832,-0.0184783632789912,0.004265456290340201,-0.0024709570200078003,0.0056008282984953,-0.006991572141581101,0.0057667481866435,0.001874464329336,-0.0086115620257454,0.0078125831684073,0.0022634467772465,0.0066371733901604,0.005549433431383,-0.0084904878046192,-0.003013689041537298,0.012804282655977,0.006441321010416801,0.001521636721008801,1.0,0.9583333333333334
609,50,50,10,0.0233397172054463,0.0236700153831967,0.0230843686189971,0.0155355677408234,0.0041539809344412,0.0029534990446522,-0.0083932645955651,0.0113696843802112,0.0008918890212294,0.0025645914385222,0.0051184815976904,-0.005329987772883,-0.0220312550504899,-0.0180107546203627,-0.0169339418807153,-0.0158511808408881,0.003339717205446298,0.0036700153831966988,0.0030843686189971006,-0.004464432259176601,0.0041539809344412,0.0029534990446522,-0.0083932645955651,0.0113696843802112,0.0008918890212294,0.0025645914385222,0.0051184815976904,-0.005329987772883,-0.0020312550504898996,0.0019892453796373014,0.0030660581192847,0.004148819159111899,1.0,1.0
610,50,50,20,0.023863029543712,0.021736641676078,0.0251067560854636,0.0162362273513788,0.0042165025088973,0.0033334407283736,-0.007598143227138,0.0117655079864158,0.0002949636921418,0.0023014249379747,0.0033250850239735,-0.0042864873987116,-0.0237532331777798,-0.0158280143260909,-0.0174829247526648,-0.0179733194809229,0.0038630295437119995,0.0017366416760779997,0.0051067560854635985,-0.0037637726486212005,0.0042165025088973,0.0033334407283736,-0.007598143227138,0.0117655079864158,0.0002949636921418,0.0023014249379747,0.0033250850239735,-0.0042864873987116,-0.0037532331777797995,0.004171985673909102,0.0025170752473352015,0.0020266805190771,1.0,1.0
611,50,50,random,0.0140707143180099,0.0169037509242319,0.0208308599877061,0.015567051120134,-0.0015046210778716,-0.0089339632090835,-0.0034902546979437,0.0173878874542479,-0.0132779353098495,0.0047620010019258,0.0087352387067817,0.0053881809631216,-0.0130708621125056,-0.0197319026887065,-0.0189693103093696,-0.0049119186497533,-0.005929285681990101,-0.003096249075768099,0.0008308599877061007,-0.004432948879866,-0.0015046210778716,-0.0089339632090835,-0.0034902546979437,0.0173878874542479,-0.0132779353098495,0.0047620010019258,0.0087352387067817,0.0053881809631216,0.006929137887494401,0.0002680973112934998,0.0010306896906304014,0.0150880813502467,0.9375,0.9375
612,51,1000,1,0.0151812056260634,0.0080840649481487,0.0176502088352873,0.019453390475893,0.0027820841986021,0.0079857939553496,0.0043176463580691,0.0003963611622369,-0.0252312815819164,-0.0056127805244139,0.0011801759895626,-0.0072481948404202,-0.0070827508092844,-0.027458512847418,-0.0247821083356052,-0.0165423248483332,-0.0048187943739366,-0.0119159350518513,-0.0023497911647126987,-0.0005466095241070008,0.0027820841986021,0.0079857939553496,0.0043176463580691,0.0003963611622369,-0.0252312815819164,-0.0056127805244139,0.0011801759895626,-0.0072481948404202,0.0129172491907156,-0.007458512847418001,-0.0047821083356052,0.003457675151666801,1.0,0.9166666666666667
613,51,1000,10,0.0146994504108958,0.0126010143415545,0.0136129454897177,0.0215343434802894,0.0015961556806478,0.00363633572096,0.0069745368423629,-0.0041523432349805,-0.0189991110149266,-0.0043148199101513,-0.0010453858950932,-0.0061349302276146,-0.0161823411873412,-0.0238009443541295,-0.0278332196792217,-0.0149204022395398,-0.005300549589104201,-0.0073989856584455,-0.0063870545102823004,0.001534343480289399,0.0015961556806478,0.00363633572096,0.0069745368423629,-0.0041523432349805,-0.0189991110149266,-0.0043148199101513,-0.0010453858950932,-0.0061349302276146,0.0038176588126587994,-0.0038009443541295006,-0.007833219679221699,0.0050795977604602,1.0,0.9583333333333333
614,51,1000,20,0.0145112270872546,0.0123778519170302,0.0137838443742761,0.0214092910360413,0.0019849647469654,0.0038631837116925,0.0060627266514546,-0.0048718184562106,-0.0184549357691943,-0.0054796568559475,-0.001536114099741,-0.0046794008489361,-0.0153267250167749,-0.025032424372745,-0.0283905901899493,-0.0162041947755963,-0.005488772912745401,-0.0076221480829698,-0.006216155625723901,0.0014092910360412984,0.0019849647469654,0.0038631837116925,0.0060627266514546,-0.0048718184562106,-0.0184549357691943,-0.0054796568559475,-0.001536114099741,-0.0046794008489361,0.0046732749832251,-0.005032424372744999,-0.0083905901899493,0.0037958052244037,1.0,0.9583333333333333
615,51,1000,random,0.0101192433306216,0.0119353801287993,0.0102429319535332,0.0178569526093474,0.007496934618347,0.0077265225195127,0.0077968056848522,-0.0045771769827133,-0.0243871226695917,-0.0078648703902984,-0.0027632304470436,-0.0069130683823558,-0.014242635681791,-0.0239722101191173,-0.0439081465021538,-0.0148918326518571,-0.009880756669378401,-0.0080646198712007,-0.0097570680464668,-0.002143047390652599,0.007496934618347,0.0077265225195127,0.0077968056848522,-0.0045771769827133,-0.0243871226695917,-0.0078648703902984,-0.0027632304470436,-0.0069130683823558,0.005757364318209,-0.0039722101191173,-0.0239081465021538,0.0051081673481429,1.0,0.9375
616,51,100,1,0.0125381106136622,0.0158260680872502,0.0167141011392789,0.0163679444555824,-0.003684715452111,-0.0010217340158738,0.0051739931477581,-0.0100025724248372,-0.0198541051211912,-0.0026549004469429,-0.0052706807309956,-0.0212136623738781,-0.0189814222577539,-0.0291003169955437,-0.0290303705921755,-0.005555116021818,-0.0074618893863378,-0.004173931912749802,-0.003285898860721101,-0.0036320555444176,-0.003684715452111,-0.0010217340158738,0.0051739931477581,-0.0100025724248372,-0.0198541051211912,-0.0026549004469429,-0.0052706807309956,-0.0212136623738781,0.001018577742246101,-0.0091003169955437,-0.009030370592175499,0.014444883978182,1.0,0.8958333333333333
617,51,100,10,0.0138956726776484,0.0117879739912462,0.0143905808994642,0.0205309555672787,0.0009709791841123,0.0013049986292084,0.0085283908019594,-0.0060388032172421,-0.0230471746203841,-0.0045845950653529,-0.0006994676664091,-0.0123597402251531,-0.0137899874711084,-0.0280000024295823,-0.0237921302695109,-0.0095846845306259,-0.0061043273223516,-0.0082120260087538,-0.005609419100535801,0.0005309555672786993,0.0009709791841123,0.0013049986292084,0.0085283908019594,-0.0060388032172421,-0.0230471746203841,-0.0045845950653529,-0.0006994676664091,-0.0123597402251531,0.0062100125288916,-0.0080000024295823,-0.003792130269510901,0.0104153154693741,1.0,0.9375
618,51,100,20,0.0122164437655378,0.0118145435981702,0.0149957979250842,0.019417453596819,0.0016266480602089,0.0020306349203478,0.0071226020874412,-0.0056385949502399,-0.0216432746209582,-0.0051273709575416,-0.0011523247166823,-0.0082316569540418,-0.0119139661883845,-0.0299892224862314,-0.0221745739891424,-0.0091883153043424,-0.0077835562344622,-0.008185456401829801,-0.0050042020749158,-0.0005825464031809988,0.0016266480602089,0.0020306349203478,0.0071226020874412,-0.0056385949502399,-0.0216432746209582,-0.0051273709575416,-0.0011523247166823,-0.0082316569540418,0.0080860338116155,-0.009989222486231398,-0.002174573989142399,0.010811684695657601,1.0,0.9583333333333333
619,51,100,random,0.0090664664740849,0.0205045256368025,0.008562607950668,0.0216413989288533,0.0040440171378772,0.0053513864852732,0.0112174110592404,-0.0053648750872247,-0.0357894326100238,-0.0058726744608269,-0.0004260138574867,-0.0051659140565304,-0.0156705671280268,-0.0187897013729372,-0.0418289181889275,-0.0089177373212378,-0.0109335335259151,0.0005045256368024983,-0.011437392049332,0.0016413989288532986,0.0040440171378772,0.0053513864852732,0.0112174110592404,-0.0053648750872247,-0.0357894326100238,-0.0058726744608269,-0.0004260138574867,-0.0051659140565304,0.0043294328719732,0.0012102986270627995,-0.021828918188927498,0.0110822626787622,0.9583333333333333,0.9375
620,51,50,1,0.0208933886213441,0.0178004260247229,0.011665939823244,0.0227594647381991,0.0013087899554331,0.0035229487370882,0.0015492731134725,-0.005749701559263,-0.0072702650696222,0.0011576940349708,0.0015469519381692,-0.0098140477112649,-0.0195185026051259,-0.0182267888252535,-0.0354662372208688,-0.0182591727610862,0.0008933886213440996,-0.002199573975277102,-0.008334060176756001,0.0027594647381990987,0.0013087899554331,0.0035229487370882,0.0015492731134725,-0.005749701559263,-0.0072702650696222,0.0011576940349708,0.0015469519381692,-0.0098140477112649,0.00048149739487409957,0.0017732111747464988,-0.0154662372208688,0.0017408272389137988,1.0,1.0
621,51,50,10,0.0180082744687232,0.0152379038764964,0.0144646412206482,0.0248218898062325,0.0007177797961081,0.0035931809425599,0.0081713340951534,-0.0026049768228079,-0.0228224117853828,-0.0041840289196378,0.0015014089073167,-0.0099276600719854,-0.0218354253989648,-0.0225783062384554,-0.0273823577410741,-0.0172328360391523,-0.0019917255312768,-0.0047620961235036,-0.005535358779351801,0.0048218898062325,0.0007177797961081,0.0035931809425599,0.0081713340951534,-0.0026049768228079,-0.0228224117853828,-0.0041840289196378,0.0015014089073167,-0.0099276600719854,-0.0018354253989648003,-0.0025783062384554002,-0.0073823577410741005,0.0027671639608476996,1.0,0.9375
622,51,50,20,0.0165575905670691,0.014174514501251,0.0144059554619564,0.0241098941291742,0.0014717763820846,0.0050220708368609,0.0073773270718689,-0.0035749637732913,-0.0223849143169312,-0.0060987505989591,0.0021150031161003,-0.0060724074050434,-0.0172229737305915,-0.0212016068406228,-0.0212884236330903,-0.0189566946566705,-0.0034424094329309,-0.0058254854987490005,-0.0055940445380436,0.0041098941291741985,0.0014717763820846,0.0050220708368609,0.0073773270718689,-0.0035749637732913,-0.0223849143169312,-0.0060987505989591,0.0021150031161003,-0.0060724074050434,0.002777026269408501,-0.001201606840622798,-0.0012884236330902993,0.0010433053433295016,1.0,0.9166666666666666
623,51,50,random,0.0068376049205968,0.0113521178153544,0.0177332361559391,0.0358557735914466,-0.0024110146782563,0.0384678572390887,0.0126829129707453,-0.0245751008464915,-0.0348810051104791,-0.006203902193394,0.0085338978666323,-0.025251329475449,-0.0179213892582282,-0.020011260081336,-0.0607687101293351,0.0026664096042118,-0.0131623950794032,-0.0086478821846456,-0.002266763844060899,0.0158557735914466,-0.0024110146782563,0.0384678572390887,0.0126829129707453,-0.0245751008464915,-0.0348810051104791,-0.006203902193394,0.0085338978666323,-0.025251329475449,0.002078610741771802,-1.1260081335999483e-05,-0.0407687101293351,0.0226664096042118,0.8541666666666666,0.7708333333333333
624,52,1000,1,0.0331282094510967,0.013253618923807,0.016254186027837,0.0177477442979629,0.0010705275783201,-0.0074530006798657,-0.0090980758812081,-0.0037668073790536,-0.0009786025652387,-0.0048580481584705,-0.0064336325885014,-0.0016085019930502,-0.0199456732246793,-0.0055132403769655,-0.0104117866067537,-0.0126812794343514,0.0131282094510967,-0.006746381076193001,-0.003745813972163,-0.0022522557020371,0.0010705275783201,-0.0074530006798657,-0.0090980758812081,-0.0037668073790536,-0.0009786025652387,-0.0048580481584705,-0.0064336325885014,-0.0016085019930502,5.432677532070038e-05,0.0144867596230345,0.0095882133932463,0.0073187205656486,1.0,0.9375
625,52,1000,10,0.0235005283365176,0.0140032829537611,0.0157431656222086,0.0134433632441173,-0.0010820761013532,-0.0020896737278477,0.0010325067185798,-0.0069008290958122,0.0026284351610101,-0.007867718690419,-0.0047192590247956,-0.0034226815394602,-0.0187899759039125,-0.0103832407778056,-0.0123088319309403,-0.0147078006939275,0.0035005283365176013,-0.0059967170462389,-0.0042568343777914,-0.0065566367558826995,-0.0010820761013532,-0.0020896737278477,0.0010325067185798,-0.0069008290958122,0.0026284351610101,-0.007867718690419,-0.0047192590247956,-0.0034226815394602,0.0012100240960874996,0.0096167592221944,0.007691168069059701,0.0052921993060725,1.0,1.0
626,52,1000,20,0.0220868663321907,0.0139205340614835,0.015969251897247,0.0125792157191927,-0.0015027693649859,-0.0020508212241297,0.0006985442110468,-0.0078139563302446,0.0003131242507235,-0.0078006205232195,-0.0046569793232077,-0.0029900910586762,-0.0186853628171669,-0.0113095553144353,-0.013194480982223,-0.0150847576307545,0.0020868663321906983,-0.0060794659385165,-0.004030748102753001,-0.007420784280807301,-0.0015027693649859,-0.0020508212241297,0.0006985442110468,-0.0078139563302446,0.0003131242507235,-0.0078006205232195,-0.0046569793232077,-0.0029900910586762,0.0013146371828330998,0.0086904446855647,0.006805519017777,0.004915242369245501,1.0,1.0
627,52,1000,random,0.0180453177238059,0.0095674607954099,0.0176028668700618,0.0064013449266961,-0.0043574181486708,-0.0047610589712735,0.0044241252661303,-0.0079870350179362,-0.0072036881600921,-0.0096096294838275,-0.0054448013238655,-0.0105910805142368,-0.0097349486265034,-0.0080122918433637,-0.0198156725115421,-0.0168763700213667,-0.0019546822761941016,-0.010432539204590101,-0.0023971331299382018,-0.0135986550733039,-0.0043574181486708,-0.0047610589712735,0.0044241252661303,-0.0079870350179362,-0.0072036881600921,-0.0096096294838275,-0.0054448013238655,-0.0105910805142368,0.0102650513734966,0.0119877081566363,0.00018432748845790062,0.0031236299786332987,1.0,0.9375
628,52,100,1,0.0281626325944285,0.0149858436357552,0.0141564594554971,0.014398056108143,-0.0043755788503339,-0.0034746452743671,0.0045105991165864,-0.0036359088639419,0.0097563045315918,-0.0124377939709677,-0.0069211761512576,0.000220904926502,-0.0321847894374719,-0.0077497762467592,-0.0119033125124806,-0.0172624186740262,0.008162632594428499,-0.0050141563642448,-0.005843540544502901,-0.0056019438918569996,-0.0043755788503339,-0.0034746452743671,0.0045105991165864,-0.0036359088639419,0.0097563045315918,-0.0124377939709677,-0.0069211761512576,0.000220904926502,-0.012184789437471897,0.0122502237532408,0.0080966874875194,0.0027375813259737994,1.0,0.9583333333333333
629,52,100,10,0.0219102773425318,0.0133298898451399,0.0132261427538205,0.0166395244524683,-0.002807066428794,-0.0040923317913182,0.0013963588062755,-0.0081862017430585,0.0046814157497447,-0.0094548489877447,-0.0061201349838548,-0.0026519911182084,-0.0239368705986166,-0.009617076779335,-0.0125010254244763,-0.0154793449795086,0.0019102773425318,-0.0066701101548601,-0.0067738572461795,-0.0033604755475316987,-0.002807066428794,-0.0040923317913182,0.0013963588062755,-0.0081862017430585,0.0046814157497447,-0.0094548489877447,-0.0061201349838548,-0.0026519911182084,-0.003936870598616599,0.010382923220665,0.0074989745755237,0.0045206550204914,1.0,1.0
630,52,100,20,0.0195567090368856,0.0132045009294392,0.013176232104747,0.0167075363309085,-0.0043118340923636,-0.0031476938103773,0.000562146212071,-0.009880487839826,0.0020328339166095,-0.0086582852638732,-0.0061639416532295,-0.0030189104197054,-0.0236314676185299,-0.0090456824555572,-0.015652191524073,-0.0141970897119406,-0.0004432909631143997,-0.0067954990705608,-0.006823767895253,-0.0032924636690915,-0.0043118340923636,-0.0031476938103773,0.000562146212071,-0.009880487839826,0.0020328339166095,-0.0086582852638732,-0.0061639416532295,-0.0030189104197054,-0.0036314676185299002,0.0109543175444428,0.004347808475927001,0.005802910288059401,1.0,0.9791666666666666
631,52,100,random,0.0209849772504087,0.0123164731932352,0.0223658380302308,0.0085412002808213,-0.0047056494968448,-0.0124751928917026,0.008711079232033,-0.0241159097517172,-0.0073666554693663,-0.013788284909161,-0.0141466034079531,-0.0052179841589365,-0.0105911893026723,0.0043708711360783,-0.02600637751042,-0.0200454188054825,0.0009849772504086987,-0.0076835268067648,0.002365838030230799,-0.0114587997191787,-0.0047056494968448,-0.0124751928917026,0.008711079232033,-0.0241159097517172,-0.0073666554693663,-0.013788284909161,-0.0141466034079531,-0.0052179841589365,0.009408810697327701,0.0243708711360783,-0.006006377510419998,-4.54188054824986e-05,0.9791666666666666,0.7500000000000001
632,52,50,1,0.02645343631337,-0.0001113405935373,0.0125551065215342,0.0174980816845109,-0.0015759416764872,-0.0097406457868338,0.0010040843657292,-0.0079315776156579,0.0120308267412233,-0.0044920090466498,-0.0009233357191595,0.0036453436472497,-0.012265067336585,-0.0105839564193174,-0.012236793305266,-0.0206197472118019,0.00645343631337,-0.0201113405935373,-0.007444893478465801,-0.002501918315489099,-0.0015759416764872,-0.0097406457868338,0.0010040843657292,-0.0079315776156579,0.0120308267412233,-0.0044920090466498,-0.0009233357191595,0.0036453436472497,0.007734932663415,0.0094160435806826,0.007763206694734001,-0.0006197472118018993,0.9375,1.0
633,52,50,10,0.025543347608725,0.014093477829256,0.0135616968772825,0.0152234514431779,-0.001945716332717,-0.003680397129875,0.0009763184006602,-0.0040517564890098,0.0097546641084888,-0.0091613066045628,-0.0071157632768651,-0.007384934464993,-0.0138988668035858,-0.0099202978575421,-0.0113109455901722,-0.0140284180946519,0.005543347608724998,-0.005906522170744,-0.0064383031227175005,-0.004776548556822101,-0.001945716332717,-0.003680397129875,0.0009763184006602,-0.0040517564890098,0.0097546641084888,-0.0091613066045628,-0.0071157632768651,-0.007384934464993,0.006101133196414201,0.0100797021424579,0.0086890544098278,0.0059715819053481,1.0,1.0
634,52,50,20,0.0213172321801335,0.0142706238441082,0.0141989427201876,0.0135686171600289,-0.0041097064909097,-0.0036320963737482,-0.0011174569711218,-0.0064519374817622,0.0080921343569859,-0.0076065913189978,-0.0075947667261856,-0.0047774745815603,-0.014074647211351,-0.0110859027809306,-0.0122504912698126,-0.0127954061118954,0.0013172321801335,-0.005729376155891801,-0.005801057279812401,-0.006431382839971101,-0.0041097064909097,-0.0036320963737482,-0.0011174569711218,-0.0064519374817622,0.0080921343569859,-0.0076065913189978,-0.0075947667261856,-0.0047774745815603,0.005925352788649,0.0089140972190694,0.0077495087301874006,0.007204593888104601,1.0,1.0
635,52,50,random,0.0083903095262448,0.0081184832403849,0.0094182076608701,0.0011617233898734,-0.0043445878758734,-0.004087638009482,0.0045617433343464,-0.001359214186347,0.0156280638653455,-0.0036911643313695,-7.369296081882481e-05,-0.0095577385265778,-0.0038624364422116,-0.0042733221127442,-0.0076859913368264,-0.0033942930092588,-0.0116096904737552,-0.0118815167596151,-0.0105817923391299,-0.0188382766101266,-0.0043445878758734,-0.004087638009482,0.0045617433343464,-0.001359214186347,0.0156280638653455,-0.0036911643313695,-7.369296081882481e-05,-0.0095577385265778,0.0161375635577884,0.0157266778872558,0.0123140086631736,0.016605706990741202,0.8958333333333334,0.7916666666666667
636,53,1000,1,0.0196413019471231,0.0122238179858287,0.023954118185613,0.019136667175852,0.0075711646979294,0.0110882486567246,-0.0074707300944255,-0.0135107315392306,-0.0039899826563091,0.002416716397872,-0.0023284083521804,-0.0050380992090056,-0.0301770439940208,-0.0210956033869218,-0.018095965354892,-0.0253067042218074,-0.0003586980528769018,-0.007776182014171301,0.003954118185613,-0.0008633328241480012,0.0075711646979294,0.0110882486567246,-0.0074707300944255,-0.0135107315392306,-0.0039899826563091,0.002416716397872,-0.0023284083521804,-0.0050380992090056,-0.0101770439940208,-0.0010956033869218007,0.0019040346451080006,-0.005306704221807401,1.0,1.0
637,53,1000,10,0.0183282006204895,0.0119559866400283,0.0181619566413525,0.0169874686530023,0.0073707551405747,0.0070509886388742,-0.0023568583311258,-0.0098667640665061,-0.0019138186380553,0.0034784010650586,0.0016541189903996,-0.0057577158827882,-0.025346563323822,-0.0212785899447704,-0.0159198803844977,-0.0260587905322176,-0.001671799379510501,-0.008044013359971701,-0.0018380433586475016,-0.0030125313469977003,0.0073707551405747,0.0070509886388742,-0.0023568583311258,-0.0098667640665061,-0.0019138186380553,0.0034784010650586,0.0016541189903996,-0.0057577158827882,-0.005346563323821999,-0.001278589944770401,0.004080119615502302,-0.006058790532217601,1.0,1.0
638,53,1000,20,0.0187936884869382,0.0108292624352237,0.0195410256118312,0.0170144966146568,0.0079086273550871,0.007652690165575,-0.0026735028902935,-0.0112446142930023,-0.0025955164568982,0.003595926732814,0.0021825767542792,-0.0055987811725342,-0.0251251562364046,-0.0239404006776017,-0.0137981165350124,-0.02510868364792,-0.0012063115130617995,-0.0091707375647763,-0.00045897438816880007,-0.002985503385343199,0.0079086273550871,0.007652690165575,-0.0026735028902935,-0.0112446142930023,-0.0025955164568982,0.003595926732814,0.0021825767542792,-0.0055987811725342,-0.0051251562364045995,-0.003940400677601701,0.0062018834649876006,-0.005108683647919998,1.0,1.0
639,53,1000,random,0.0088788697351607,0.0092050181486307,0.0153056369711436,0.0093186679087801,0.0082084050805534,0.0146052165581672,-0.0077467544797936,-0.0092223203745005,-0.0041571094865154,-0.001123290416691,0.0022711264731416,-0.0062751231286419,-0.0302372168056072,-0.0162723363774249,-0.0141625582184183,-0.0210101597643819,-0.0111211302648393,-0.0107949818513693,-0.0046943630288564,-0.0106813320912199,0.0082084050805534,0.0146052165581672,-0.0077467544797936,-0.0092223203745005,-0.0041571094865154,-0.001123290416691,0.0022711264731416,-0.0062751231286419,-0.0102372168056072,0.0037276636225751017,0.005837441781581701,-0.0010101597643818981,0.9375,1.0
640,53,100,1,0.0172501451680624,0.015896143297181,0.0179418044811938,0.0195952769075083,0.0062094457938392,0.0013868227276496,-0.0018230135945887,-0.0117208865918092,0.0009277880317233,0.0060141169448965,0.0006372656103045,-0.0011286557015407,-0.0316140339342844,-0.0242661870056959,-0.011233543195653,-0.0341637346411096,-0.0027498548319376016,-0.004103856702819,-0.0020581955188062016,-0.000404723092491701,0.0062094457938392,0.0013868227276496,-0.0018230135945887,-0.0117208865918092,0.0009277880317233,0.0060141169448965,0.0006372656103045,-0.0011286557015407,-0.0116140339342844,-0.0042661870056959,0.008766456804347001,-0.014163734641109597,1.0,0.9791666666666666
641,53,100,10,0.0187032746707622,0.0099345503030677,0.0190948574063432,0.0183634445100755,0.0097619991620476,0.0057681425706008,-0.0016800149145752,-0.0179198541567304,0.0002728835154592,0.0037790592241834,-1.520389849005873e-05,-0.0031957509270677,-0.027690325466049,-0.0251190250057456,-0.0121384650986673,-0.0284485246730271,-0.0012967253292377988,-0.0100654496969323,-0.0009051425936568019,-0.0016365554899245016,0.0097619991620476,0.0057681425706008,-0.0016800149145752,-0.0179198541567304,0.0002728835154592,0.0037790592241834,-1.520389849005873e-05,-0.0031957509270677,-0.007690325466048999,-0.005119025005745601,0.007861534901332701,-0.008448524673027098,1.0,0.9791666666666666
642,53,100,20,0.0181778406723746,0.0103109465929412,0.0212025676890142,0.0171520279258821,0.0096317060876608,0.006706806157895,-0.0026864250866236,-0.0160570539285082,-0.0020462706121962,0.0041284130784473,0.002305207505576,-0.0033479055444472,-0.0255107541623473,-0.0290904463149001,-0.0088130420743643,-0.0283288501414227,-0.0018221593276253993,-0.009689053407058801,0.001202567689014198,-0.0028479720741179,0.0096317060876608,0.006706806157895,-0.0026864250866236,-0.0160570539285082,-0.0020462706121962,0.0041284130784473,0.002305207505576,-0.0033479055444472,-0.0055107541623472985,-0.009090446314900101,0.011186957925635701,-0.008328850141422699,1.0,0.9791666666666666
643,53,100,random,0.0119629668469821,0.0016062214393635,0.0213996756014869,0.0079599662379367,0.0154021138008695,0.0127007460406611,-0.0083656253051002,-0.0198187097152178,-0.0055556836787731,-0.0009078818052744,0.0013613968952893,-0.0024649622664098,-0.0353190188526274,-0.0206421906910373,-0.010116599304512,-0.0333202247401321,-0.008037033153017901,-0.018393778560636502,0.001399675601486898,-0.0120400337620633,0.0154021138008695,0.0127007460406611,-0.0083656253051002,-0.0198187097152178,-0.0055556836787731,-0.0009078818052744,0.0013613968952893,-0.0024649622664098,-0.0153190188526274,-0.0006421906910373011,0.009883400695488001,-0.013320224740132097,0.875,0.9791666666666666
644,53,50,1,0.0216079834641068,0.008443512205334,0.0183894539614354,0.018986713080752,0.0004216244455593,0.0054927186406517,-0.005667785472194,-0.0086044948560883,0.000159127623017,-0.0035838928559164,0.0009862947907217,-0.0065204881214538,-0.0168314241470462,-0.0320901962207089,-0.0024159472807718,-0.0405109806558709,0.0016079834641067985,-0.011556487794666,-0.0016105460385646003,-0.0010132869192479993,0.0004216244455593,0.0054927186406517,-0.005667785472194,-0.0086044948560883,0.000159127623017,-0.0035838928559164,0.0009862947907217,-0.0065204881214538,0.003168575852953801,-0.012090196220708897,0.0175840527192282,-0.0205109806558709,1.0,0.9166666666666667
645,53,50,10,0.0188378353712577,0.0128108329772129,0.0169058833673482,0.0186713299814024,0.0058326466752306,0.0063438780892704,-0.0003645750614293,-0.0144510307054697,0.0030142152127555,0.0015063679311808,-0.0004646636818627,-0.0064835668006417,-0.0253652907571058,-0.0236140321411558,-0.0057177814315606,-0.0278860122946571,-0.0011621646287423015,-0.0071891670227871,-0.0030941166326518,-0.0013286700185975997,0.0058326466752306,0.0063438780892704,-0.0003645750614293,-0.0144510307054697,0.0030142152127555,0.0015063679311808,-0.0004646636818627,-0.0064835668006417,-0.0053652907571058,-0.0036140321411557985,0.0142822185684394,-0.007886012294657099,1.0,0.9583333333333334
646,53,50,20,0.0190416966658407,0.0183151113661614,0.0185364114406835,0.0215599822928938,0.0075711202977876,0.0064583361861097,-0.0016598881417335,-0.017088128796911,0.0024877550566434,0.0030789934227133,-0.001676904709084,-0.0040142654613506,-0.028007334249135,-0.027263185920236,-0.0032028848387418,-0.0244619558460074,-0.0009583033341593016,-0.001684888633838602,-0.0014635885593165011,0.001559982292893801,0.0075711202977876,0.0064583361861097,-0.0016598881417335,-0.017088128796911,0.0024877550566434,0.0030789934227133,-0.001676904709084,-0.0040142654613506,-0.008007334249134999,-0.007263185920236,0.0167971151612582,-0.0044619558460074,1.0,0.9583333333333334
647,53,50,random,0.0104109859140178,0.0083257911894916,0.0230761887766555,0.0076530372367488,0.0034783706858166,0.0073936290210398,-0.0069932480074424,-0.02227364251563,0.0044800822685211,-0.0035284097492175,0.0135896560017157,-0.0009740657772198,-0.0332169491236252,-0.0271101235808112,-0.0054150174808295,-0.0362314877636252,-0.0095890140859822,-0.0116742088105084,0.003076188776655501,-0.012346962763251201,0.0034783706858166,0.0073936290210398,-0.0069932480074424,-0.02227364251563,0.0044800822685211,-0.0035284097492175,0.0135896560017157,-0.0009740657772198,-0.013216949123625202,-0.007110123580811201,0.014584982519170502,-0.016231487763625197,0.9375,0.9583333333333334
648,54,1000,1,0.0481012128067568,0.0298965276248394,0.013447165464752,0.011236802873136,-0.0311453345995342,0.0008791792434456,-0.0004855037070235,-0.0011784321422335,-0.0053215756572338,-0.00919121488008,0.005708528037409,0.0039223621073072,-0.0138824153995512,-0.0197797870347704,-0.0319891962696502,-0.0308502863282326,0.028101212806756797,0.009896527624839401,-0.006552834535248001,-0.008763197126864,-0.0311453345995342,0.0008791792434456,-0.0004855037070235,-0.0011784321422335,-0.0053215756572338,-0.00919121488008,0.005708528037409,0.0039223621073072,0.006117584600448801,0.000220212965229602,-0.011989196269650202,-0.010850286328232598,1.0,0.9375
649,54,1000,10,0.0426947882466132,0.0240933197009016,0.0140849275361784,0.0109742918602701,-0.031270369219738,-0.0014823772146387,0.0009369632407382,-0.0033312701567497,-0.0057472117788663,-0.0156738610032904,0.0105393926504715,0.002700677421171,-0.0120353478044021,-0.0221924621921873,-0.0335839794092663,-0.0225280009304398,0.0226947882466132,0.004093319700901599,-0.0059150724638216,-0.0090257081397299,-0.031270369219738,-0.0014823772146387,0.0009369632407382,-0.0033312701567497,-0.0057472117788663,-0.0156738610032904,0.0105393926504715,0.002700677421171,0.0079646521955979,-0.0021924621921873,-0.013583979409266301,-0.0025280009304398006,1.0,0.9166666666666667
650,54,1000,20,0.0414197739206835,0.0232425893083181,0.0140070845904793,0.0104579646657042,-0.0283196572584373,-0.0022099494172993,0.0008703847975728,-0.0031605188210997,-0.006600860996981,-0.0163631270190511,0.0105428313756538,0.0034240364300057,-0.0143646927086726,-0.0221294535141811,-0.0333759202685487,-0.0214022223836962,0.0214197739206835,0.003242589308318101,-0.0059929154095207,-0.0095420353342958,-0.0283196572584373,-0.0022099494172993,0.0008703847975728,-0.0031605188210997,-0.006600860996981,-0.0163631270190511,0.0105428313756538,0.0034240364300057,0.0056353072913274006,-0.0021294535141811004,-0.0133759202685487,-0.001402222383696198,0.9791666666666666,0.9166666666666667
651,54,1000,random,0.0419727731996982,0.0185090451925702,0.0093000355376495,0.0075999257277035,-0.0366464158890106,-0.0064271595862119,0.0002484742628254,0.0035639637715292,-0.0043261606477193,-0.0100311755753207,0.0106384378197257,0.0029871080345493,-0.0042346912527671,-0.0182591358191116,-0.057378736530123,-0.0217163452795741,0.0219727731996982,-0.0014909548074297993,-0.010699964462350501,-0.0124000742722965,-0.0366464158890106,-0.0064271595862119,0.0002484742628254,0.0035639637715292,-0.0043261606477193,-0.0100311755753207,0.0106384378197257,0.0029871080345493,0.0157653087472329,0.0017408641808883997,-0.037378736530123,-0.001716345279574101,0.9583333333333333,0.8750000000000001
652,54,100,1,0.0400632681236366,0.0254299670327119,0.01132284354591,0.0134857844873241,-0.0375693006588288,-0.0037845341307875,-0.0001346359259,-0.006122146065842,-0.0047671052603862,-0.0141435265818353,0.0113148514503338,0.005218427756031,0.0008329716876699,-0.0220352706129081,-0.0397505449360839,-0.0109178440756543,0.0200632681236366,0.0054299670327119,-0.00867715645409,-0.0065142155126759,-0.0375693006588288,-0.0037845341307875,-0.0001346359259,-0.006122146065842,-0.0047671052603862,-0.0141435265818353,0.0113148514503338,0.005218427756031,0.0208329716876699,-0.002035270612908098,-0.019750544936083896,0.0090821559243457,1.0,0.8125
653,54,100,10,0.0483739595951935,0.0237956840452537,0.0132183380288138,0.0130035136954727,-0.0291307725825348,-0.0026600842271013,-0.0037069372112163,-0.0014361370946516,-0.0053802241176865,-0.0149368926163489,0.0102762341582706,0.0041147846630846,-0.0121945859060143,-0.0207771373971748,-0.0330071570403548,-0.0238373324852077,0.0283739595951935,0.0037956840452537007,-0.0067816619711862005,-0.006996486304527301,-0.0291307725825348,-0.0026600842271013,-0.0037069372112163,-0.0014361370946516,-0.0053802241176865,-0.0149368926163489,0.0102762341582706,0.0041147846630846,0.007805414093985701,-0.0007771373971748007,-0.013007157040354798,-0.0038373324852076993,1.0,0.9166666666666667
654,54,100,20,0.0466064512089647,0.0227005873893487,0.0109359247653202,0.0124412906311982,-0.0242162804263404,-0.0042222722602556,-0.0026652132483205,-0.0025143247569849,-0.0076923505126222,-0.0185890901064453,0.0101255712841291,0.003864831511196,-0.0130976712742109,-0.0200081561134291,-0.0367714025922176,-0.0223861297239643,0.0266064512089647,0.0027005873893487,-0.009064075234679801,-0.0075587093688018,-0.0242162804263404,-0.0042222722602556,-0.0026652132483205,-0.0025143247569849,-0.0076923505126222,-0.0185890901064453,0.0101255712841291,0.003864831511196,0.0069023287257891,-8.156113429098194e-06,-0.016771402592217603,-0.002386129723964299,1.0,0.9166666666666667
655,54,100,random,0.0288898617242872,0.0218096507906994,0.0072532013252679,0.0099577278855215,-0.0351405815923824,-0.0086895747690939,-0.0075824441431822,0.0001518773215628,-0.0012981253569267,2.4095671324414464e-05,0.0097848856639366,-0.0007945435091905,-0.0028499919457664,-0.0159698831124508,-0.0532450355604004,-0.0171660349466656,0.008889861724287199,0.0018096507906994012,-0.0127467986747321,-0.010042272114478501,-0.0351405815923824,-0.0086895747690939,-0.0075824441431822,0.0001518773215628,-0.0012981253569267,2.4095671324414464e-05,0.0097848856639366,-0.0007945435091905,0.0171500080542336,0.004030116887549201,-0.0332450355604004,0.0028339650533344,0.9791666666666666,0.8958333333333334
656,54,50,1,0.0227260416813516,0.0209853248983655,0.0210051118884436,0.0095504368877777,-0.0211825724409048,-0.0035074524885984,-0.0054920560595089,0.0014534456110405,-0.0071569435616786,-0.0066801679445897,0.0097495214547021,-0.0017071287910578,-0.0138370558204802,-0.0287729444392534,-0.0544842526410358,-0.0207156613258212,0.0027260416813515986,0.0009853248983654993,0.0010051118884435994,-0.010449563112222301,-0.0211825724409048,-0.0035074524885984,-0.0054920560595089,0.0014534456110405,-0.0071569435616786,-0.0066801679445897,0.0097495214547021,-0.0017071287910578,0.0061629441795198,-0.008772944439253399,-0.0344842526410358,-0.0007156613258211993,0.9791666666666666,0.9583333333333333
657,54,50,10,0.0301964777120724,0.0291971401238615,0.012270334859088,0.0153275900920706,-0.0236839039105401,-0.0006742414588762,0.0027212219122361,-0.0016125761380103,-0.0033151367133078,-0.0154560138402612,0.012046933188391,0.0031412934395555,-0.015240547610853,-0.0221828495348704,-0.037041053055352,-0.0253938521064242,0.0101964777120724,0.0091971401238615,-0.007729665140912001,-0.004672409907929401,-0.0236839039105401,-0.0006742414588762,0.0027212219122361,-0.0016125761380103,-0.0033151367133078,-0.0154560138402612,0.012046933188391,0.0031412934395555,0.004759452389147,-0.0021828495348703986,-0.017041053055351998,-0.0053938521064242,1.0,0.9375
658,54,50,20,0.0224758202818408,0.028821007584324,0.0105848546075116,0.0132380112768116,-0.0214315640616172,-0.0019266426328985,0.0012545255819976,-0.0034026715738185,-0.0055829227259369,-0.0161303021750246,0.0113052265144202,0.0023477193158241,-0.0231833059422557,-0.0211386635158846,-0.0365241576034456,-0.0267350760840021,0.002475820281840801,0.008821007584324001,-0.009415145392488401,-0.0067619887231884,-0.0214315640616172,-0.0019266426328985,0.0012545255819976,-0.0034026715738185,-0.0055829227259369,-0.0161303021750246,0.0113052265144202,0.0023477193158241,-0.003183305942255698,-0.0011386635158846005,-0.0165241576034456,-0.0067350760840021,0.9791666666666666,0.9791666666666666
659,54,50,random,0.0367977714099008,0.026180118269356,0.0054329057736544,0.0181635091410543,-0.0327332020775355,-0.0017822092619566,-0.0046872577022129,0.0017813305918346,-0.0042818612747204,0.0006812140100775,0.0090074694198542,-0.0015190550395384,0.0022287888757635,-0.0177304088024039,-0.110430398266134,-0.0272211350696418,0.0167977714099008,0.006180118269356001,-0.014567094226345601,-0.001836490858945699,-0.0327332020775355,-0.0017822092619566,-0.0046872577022129,0.0017813305918346,-0.0042818612747204,0.0006812140100775,0.0090074694198542,-0.0015190550395384,0.0222287888757635,0.0022695911975961006,-0.090430398266134,-0.007221135069641799,0.9791666666666666,0.8125
660,55,1000,1,0.0070571297586583,0.0237953472763733,0.0157311850365916,0.0214863698075273,-0.002464013155729,-0.0087806763290017,0.0018166250400409,0.0005646035942459,-0.0169892148774451,0.0055842704438255,-0.0012835842030352,0.000203341968514,-0.0122157067570779,-0.018947155894246,-0.015179100366115,-0.023230789527723,-0.0129428702413417,0.0037953472763733002,-0.004268814963408401,0.0014863698075272998,-0.002464013155729,-0.0087806763290017,0.0018166250400409,0.0005646035942459,-0.0169892148774451,0.0055842704438255,-0.0012835842030352,0.000203341968514,0.0077842932429221,0.001052844105754,0.004820899633885,-0.0032307895277229985,1.0,0.9583333333333333
661,55,1000,10,0.0186039016414192,0.018985069595538,0.0163734201465128,0.0200923499130263,0.0003780723898155,-0.0054261153040956,0.0020904994574123,-0.0025809436134349,-0.0157975781913337,0.0068567220958277,-0.0011585831994164,0.0035862898735686,-0.0137212354731732,-0.0218219593808124,-0.0162631021304222,-0.0252678539198202,-0.0013960983585807989,-0.0010149304044619993,-0.003626579853487199,9.234991302629891e-05,0.0003780723898155,-0.0054261153040956,0.0020904994574123,-0.0025809436134349,-0.0157975781913337,0.0068567220958277,-0.0011585831994164,0.0035862898735686,0.0062787645268268,-0.0018219593808124004,0.0037368978695778016,-0.005267853919820199,1.0,0.9791666666666666
662,55,1000,20,0.0180934584838194,0.0178626197257271,0.0153418667051957,0.0205810667612374,0.0026251495903971,-0.0046080567783846,0.0023962099272149,-0.003507762753224,-0.0137736247008129,0.0049895915170095,-0.0008926690517133,0.0025239795043022,-0.0141619706096377,-0.020497290883055,-0.0157691107749884,-0.0238247253573158,-0.0019065415161805994,-0.0021373802742729008,-0.004658133294804301,0.0005810667612374011,0.0026251495903971,-0.0046080567783846,0.0023962099272149,-0.003507762753224,-0.0137736247008129,0.0049895915170095,-0.0008926690517133,0.0025239795043022,0.0058380293903622996,-0.0004972908830549981,0.004230889225011601,-0.0038247253573157995,1.0,1.0
663,55,1000,random,0.0109905852872679,0.0129774856726212,0.0164783407873535,0.0124784294899006,0.0032534357447172,-0.0017564051002714,-0.0013497524130599,-0.0081707766624767,-0.0108462549848035,0.0034383937625201,-0.0005206748748443,0.0022045907583677,-0.0084623515816229,-0.0128506117176926,-0.0176132887457931,-0.0195341216219203,-0.009009414712732101,-0.0070225143273788,-0.003521659212646501,-0.0075215705100994,0.0032534357447172,-0.0017564051002714,-0.0013497524130599,-0.0081707766624767,-0.0108462549848035,0.0034383937625201,-0.0005206748748443,0.0022045907583677,0.0115376484183771,0.007149388282307401,0.0023867112542069018,0.0004658783780796989,1.0,0.9791666666666666
664,55,100,1,0.0124669412970969,0.0135066011327844,0.0161041501233577,0.0227632963952895,0.0022741717463063,-0.0056595166773682,0.0022938482664918,-0.0092146902103153,-0.01394993334909,0.0090044802188799,-0.0020652497449272,0.0142237271101324,-0.0163249925899404,-0.0247929852435691,-0.0153064859780011,-0.0209538926736955,-0.007533058702903101,-0.006493398867215601,-0.0038958498766423003,0.002763296395289501,0.0022741717463063,-0.0056595166773682,0.0022938482664918,-0.0092146902103153,-0.01394993334909,0.0090044802188799,-0.0020652497449272,0.0142237271101324,0.003675007410059602,-0.0047929852435690985,0.0046935140219989,-0.0009538926736955,0.9583333333333333,1.0
665,55,100,10,0.01398551185943,0.0174087236268844,0.0146797965359906,0.0188682988294285,0.0010772931967828,-0.0100185809416013,0.0017305765076595,-0.0064740215480346,-0.0180697226305267,0.0064692904830547,9.454444430346108e-06,0.0024757976433787,-0.0129264936986169,-0.0215850902320579,-0.0159027874454023,-0.0284988526932728,-0.00601448814057,-0.002591276373115601,-0.005320203464009401,-0.0011317011705715002,0.0010772931967828,-0.0100185809416013,0.0017305765076595,-0.0064740215480346,-0.0180697226305267,0.0064692904830547,9.454444430346108e-06,0.0024757976433787,0.007073506301383101,-0.001585090232057898,0.0040972125545977005,-0.008498852693272798,1.0,0.9583333333333333
666,55,100,20,0.0129741215642054,0.0170493577027185,0.015383480459681,0.0196051607013384,0.0022626319280399,-0.0029462160761078,0.0010184070799107,-0.007765868758713,-0.0140258849820513,0.0034716483996394,0.0005285861378241,0.0022153609891404,-0.0122250575118277,-0.0195872668039146,-0.0165010410707205,-0.0247792173643616,-0.007025878435794601,-0.0029506422972815013,-0.004616519540319001,-0.0003948392986615999,0.0022626319280399,-0.0029462160761078,0.0010184070799107,-0.007765868758713,-0.0140258849820513,0.0034716483996394,0.0005285861378241,0.0022153609891404,0.007774942488172301,0.00041273319608539985,0.0034989589292795005,-0.004779217364361599,1.0,0.9791666666666666
667,55,100,random,0.0108879993534272,0.0093006081857488,0.019002111764978,0.0130455427481426,0.0162440202633432,0.0052970151658531,-0.0067295406570118,-0.0170964489855604,-0.0081117504198644,0.0015760275130677,0.0001557014000021,0.0055390561718964,-0.0089821956346025,-0.0124811467701975,-0.0174586082841767,-0.0252535269631952,-0.0091120006465728,-0.0106993918142512,-0.0009978882350220007,-0.0069544572518574,0.0162440202633432,0.0052970151658531,-0.0067295406570118,-0.0170964489855604,-0.0081117504198644,0.0015760275130677,0.0001557014000021,0.0055390561718964,0.0110178043653975,0.007518853229802501,0.0025413917158233004,-0.005253526963195199,0.9375,0.9583333333333333
668,55,50,1,0.0328763133105496,0.0131721574679577,0.0217659012089026,0.0260938886697033,0.0137456692444793,-0.0014179509205114,-0.0105306559220013,-0.0103733923594343,-0.0037586090115586,0.0094786160410181,-0.0016043606826611,0.0050457616548912,-0.027704931073437,-0.0359585665427995,-0.0171987535464325,-0.0207701692462797,0.012876313310549597,-0.0068278425320423,0.0017659012089026004,0.0060938886697032985,0.0137456692444793,-0.0014179509205114,-0.0105306559220013,-0.0103733923594343,-0.0037586090115586,0.0094786160410181,-0.0016043606826611,0.0050457616548912,-0.007704931073437001,-0.015958566542799497,0.0028012464535675,-0.0007701692462796991,0.9791666666666666,1.0
669,55,50,10,0.0185673489892296,0.0196925332517051,0.0193903283120967,0.0210967318127508,0.0026567308668556,-0.004589752301613,-0.0004277778759582,0.0011190904027588,-0.012623193555028,0.0077859165238817,-0.0020080565802342,0.0016626912393113,-0.0209240630001762,-0.028984277003519,-0.0156372761102063,-0.0256664841648385,-0.001432651010770402,-0.00030746674829490103,-0.0006096716879032994,0.0010967318127508008,0.0026567308668556,-0.004589752301613,-0.0004277778759582,0.0011190904027588,-0.012623193555028,0.0077859165238817,-0.0020080565802342,0.0016626912393113,-0.0009240630001761986,-0.008984277003519,0.004362723889793699,-0.0056664841648385,1.0,1.0
670,55,50,20,0.0150452308809822,0.0193716837892917,0.0173209435952874,0.0226567484063061,0.0035952359262602,7.847668097923383e-05,-0.0017278011813769,-0.0008016323720402,-0.0059931367342746,0.006233348655068,-0.0036459668249306,0.0002066568906015,-0.0295888317653786,-0.0275566877001143,-0.014757821006035,-0.0236111318920175,-0.0049547691190178,-0.0006283162107083018,-0.0026790564047125993,0.0026567484063061003,0.0035952359262602,7.847668097923383e-05,-0.0017278011813769,-0.0008016323720402,-0.0059931367342746,0.006233348655068,-0.0036459668249306,0.0002066568906015,-0.0095888317653786,-0.007556687700114299,0.005242178993965001,-0.003611131892017498,1.0,1.0
671,55,50,random,0.0181232811837834,0.0075701272775357,0.0110863158911682,0.0074334806548182,0.0038459795580204,-0.0037505010721809,-0.0055002140073022,-0.0065279447192071,-0.0007088242253236,0.0085105989201349,-0.0032063824351619,0.0005568704045642,-0.0079555313258638,-0.0072961814828098,-0.0100555112020846,-0.0103226358878932,-0.0018767188162166007,-0.0124298727224643,-0.008913684108831801,-0.012566519345181801,0.0038459795580204,-0.0037505010721809,-0.0055002140073022,-0.0065279447192071,-0.0007088242253236,0.0085105989201349,-0.0032063824351619,0.0005568704045642,0.012044468674136201,0.0127038185171902,0.0099444887979154,0.0096773641121068,0.9583333333333333,1.0
672,56,1000,1,0.0260135361602066,0.0183623465501389,0.0165587145417093,0.0182432980903828,0.0029044588082321,-0.0078389925755961,-0.0013270859271435,0.0053388536956486,-0.0049864413056771,0.0012980488391889,-0.004239042735089,0.0122482422645634,-0.0228630425074313,-0.0181092812790001,-0.0065313506308027,-0.0160745135846871,0.006013536160206598,-0.001637653449861099,-0.0034412854582906993,-0.0017567019096172004,0.0029044588082321,-0.0078389925755961,-0.0013270859271435,0.0053388536956486,-0.0049864413056771,0.0012980488391889,-0.004239042735089,0.0122482422645634,-0.002863042507431298,0.0018907187209999017,0.0134686493691973,0.003925486415312901,1.0,0.9791666666666666
673,56,1000,10,0.0217146822572033,0.0204178723720265,0.0149630796593885,0.0172104027842654,0.0032454374304789,-0.0080144390730259,0.0006595587480135,0.0003411198177543,0.000969920793757,-0.0013741494408654,-0.0037848612203322,0.0116923244577418,-0.0201189468217631,-0.0203323108771988,-0.0121542205333694,-0.0148749422676439,0.001714682257203299,0.00041787237202649957,-0.005036920340611501,-0.0027895972157346016,0.0032454374304789,-0.0080144390730259,0.0006595587480135,0.0003411198177543,0.000969920793757,-0.0013741494408654,-0.0037848612203322,0.0116923244577418,-0.00011894682176310026,-0.00033231087719879857,0.007845779466630601,0.0051250577323561,1.0,1.0
674,56,1000,20,0.0212379989011176,0.0208068033209532,0.0127640756679677,0.0172592910939311,0.0039875008024318,-0.0078205035960537,0.0007308207354081,0.0003511342175636,0.0018251866379685,-0.0005063761483563,-0.0032807452231373,0.0093959976245773,-0.0182672657135543,-0.0218261603976903,-0.013202624458668,-0.0159227954007958,0.0012379989011176012,0.0008068033209531998,-0.0072359243320323004,-0.002740708906068902,0.0039875008024318,-0.0078205035960537,0.0007308207354081,0.0003511342175636,0.0018251866379685,-0.0005063761483563,-0.0032807452231373,0.0093959976245773,0.0017327342864457002,-0.0018261603976903011,0.006797375541332,0.004077204599204201,1.0,1.0
675,56,1000,random,0.0225544457163981,0.0145810382415321,0.0083459457781471,0.0150639371974403,0.0066091505636372,-0.0120393315792547,0.0014110641719765,-0.002405029047027,0.0039858529914279,-0.0015117892430995,-0.0111557784377299,0.0150722225517279,-0.0231849318199203,-0.0154130398673104,-0.0101591158935373,-0.0077403644875024,0.0025544457163980995,-0.005418961758467901,-0.011654054221852901,-0.004936062802559701,0.0066091505636372,-0.0120393315792547,0.0014110641719765,-0.002405029047027,0.0039858529914279,-0.0015117892430995,-0.0111557784377299,0.0150722225517279,-0.0031849318199203003,0.0045869601326896,0.009840884106462701,0.012259635512497601,0.9375,0.9166666666666667
676,56,100,1,0.0235112472300949,0.0156846969285001,0.0131030589283252,0.01894992978454,-0.0038677813513573,-0.0101478327813967,0.0022753462446448,0.003950974403507,-0.0053270361621931,0.002818037251373,-0.0047511858836844,0.0071212782991964,-0.0260143284907267,-0.0223312779642074,-0.019476611647707,-0.0075704405753358,0.0035112472300949,-0.004315303071499899,-0.0068969410716748,-0.0010500702154600007,-0.0038677813513573,-0.0101478327813967,0.0022753462446448,0.003950974403507,-0.0053270361621931,0.002818037251373,-0.0047511858836844,0.0071212782991964,-0.006014328490726698,-0.002331277964207401,0.000523388352293,0.0124295594246642,1.0,0.9791666666666666
677,56,100,10,0.0216860332821071,0.0151922265122804,0.0158407406091662,0.0202417663076502,3.000001744226128e-05,-0.0113640204968797,-0.0003186124020749,0.0028648119143294,-0.0010327591710335,0.0022459114899364,-0.0059011115401366,0.0102782405239388,-0.0242672398495805,-0.0283857725693508,-0.0107922519066741,-0.0141871468233221,0.001686033282107098,-0.0048077734877196,-0.004159259390833801,0.00024176630765019788,3.000001744226128e-05,-0.0113640204968797,-0.0003186124020749,0.0028648119143294,-0.0010327591710335,0.0022459114899364,-0.0059011115401366,0.0102782405239388,-0.004267239849580499,-0.008385772569350799,0.0092077480933259,0.005812853176677901,1.0,0.9791666666666666
678,56,100,20,0.0219795943493843,0.0168268952344461,0.0148229549147311,0.0202127573646378,0.0008422398154562,-0.0093310289268697,0.0019804116007837,0.0010963554158802,0.0035474416042837,0.0041009528609625,-0.0043574327141475,0.0070063834488834,-0.0221558966676968,-0.029123139741866,-0.0105427974698424,-0.0140546189379366,0.0019795943493843005,-0.003173104765553901,-0.005177045085268901,0.00021275736463780004,0.0008422398154562,-0.0093310289268697,0.0019804116007837,0.0010963554158802,0.0035474416042837,0.0041009528609625,-0.0043574327141475,0.0070063834488834,-0.002155896667696798,-0.009123139741865998,0.0094572025301576,0.005945381062063401,1.0,1.0
679,56,100,random,0.0275613777896543,0.0144788552962279,0.0166577378023972,0.0195366970655451,-0.0006417421964197,-0.0169798787969737,0.0048947791144339,-0.0053790514465303,0.0043501545170664,0.003221384442404,-0.0207012256570781,0.0165643510798792,-0.0353523110125003,-0.0281589833644668,-0.0122524094075647,-0.0028138007256946,0.007561377789654298,-0.0055211447037721,-0.003342262197602801,-0.0004633029344549011,-0.0006417421964197,-0.0169798787969737,0.0048947791144339,-0.0053790514465303,0.0043501545170664,0.003221384442404,-0.0207012256570781,0.0165643510798792,-0.015352311012500296,-0.008158983364466799,0.007747590592435301,0.0171861992743054,0.9791666666666666,0.8958333333333333
680,56,50,1,0.0212828085632245,0.0092234890115315,0.0299541403392022,0.0161722055241812,0.0092214717226903,-0.0061909213304059,-0.0015642914446654,-0.0038974635150502,0.0167684523010505,-0.0027029811656039,0.0047744557185266,0.0120436867467243,-0.0100200002984497,-0.0143777712415833,-0.0126206835483614,-0.0217304074398891,0.0012828085632244982,-0.010776510988468501,0.009954140339202201,-0.0038277944758188,0.0092214717226903,-0.0061909213304059,-0.0015642914446654,-0.0038974635150502,0.0167684523010505,-0.0027029811656039,0.0047744557185266,0.0120436867467243,0.0099799997015503,0.005622228758416701,0.0073793164516386,-0.0017304074398891006,0.9375,1.0
681,56,50,10,0.0212414661286972,0.013620424906267,0.0213591330940017,0.0142239162059382,0.0070270332914348,-0.0056594704436863,-0.0014126590767167,-0.000617323034124,0.0044147334946166,0.0015162441465731,-0.0030524763706231,0.0121055614881774,-0.0223795772990958,-0.0267745455352631,-0.0111679804123962,-0.0205594708097766,0.0012414661286971988,-0.006379575093733001,0.0013591330940017007,-0.0057760837940618,0.0070270332914348,-0.0056594704436863,-0.0014126590767167,-0.000617323034124,0.0044147334946166,0.0015162441465731,-0.0030524763706231,0.0121055614881774,-0.002379577299095801,-0.006774545535263101,0.0088320195876038,-0.0005594708097765994,1.0,1.0
682,56,50,20,0.0192076251377657,0.0151961948627991,0.0124675656745727,0.0146487265364541,0.0071742156015188,-0.0064816977790625,-0.0014490142566077,-0.0021580503223525,-0.0007238698751612,0.0014060898244428,-0.0034191950039656,0.0104276714260017,-0.0165415045077445,-0.0293099033337531,-0.0095380556588882,-0.0212012521387697,-0.0007923748622342998,-0.004803805137200901,-0.007532434325427301,-0.0053512734635459,0.0071742156015188,-0.0064816977790625,-0.0014490142566077,-0.0021580503223525,-0.0007238698751612,0.0014060898244428,-0.0034191950039656,0.0104276714260017,0.003458495492255499,-0.0093099033337531,0.010461944341111801,-0.0012012521387697005,1.0,1.0
683,56,50,random,0.0243118255139755,0.0031480618986471,0.0242030734094764,0.018526506117042,0.0151082590116367,-0.0055593976337679,-0.0041611532028176,0.0019150505326722,-0.0018225412672616,0.003757810071663,-0.014651516647111,0.0077712208695107,-0.0042871923986188,-0.0297691697622712,-0.0167827409915221,-0.0282988535363233,0.004311825513975499,-0.016851938101352902,0.004203073409476399,-0.0014734938829580012,0.0151082590116367,-0.0055593976337679,-0.0041611532028176,0.0019150505326722,-0.0018225412672616,0.003757810071663,-0.014651516647111,0.0077712208695107,0.0157128076013812,-0.009769169762271199,0.003217259008477899,-0.0082988535363233,0.9375,0.9583333333333334
684,57,1000,1,0.0185081632860178,0.0217655218184496,0.0154318826401158,0.0101955763239206,-0.0102155570486028,0.0002684568650105,1.2877797026589336e-05,0.0040867146905494,-0.0002928215211228,0.0041426002882948,0.0054465119441627,0.0002225943250029,-0.0416550431719774,-0.0157298971475827,-0.015882132018577,-0.0092744450699366,-0.0014918367139821996,0.0017655218184495988,-0.004568117359884201,-0.0098044236760794,-0.0102155570486028,0.0002684568650105,1.2877797026589336e-05,0.0040867146905494,-0.0002928215211228,0.0041426002882948,0.0054465119441627,0.0002225943250029,-0.0216550431719774,0.004270102852417301,0.004117867981422999,0.0107255549300634,1.0,0.9791666666666666
685,57,1000,10,0.0207023947111028,0.0249001890224072,0.0168323013038616,0.0250354570793395,-0.0084182795541423,-0.0049673332625828,0.0027151869252391,0.002071686161514,-0.0018627285729565,0.0049741134159805,0.0051057856896898,0.000333212224144,-0.0374944018264453,-0.0153910266797719,-0.0222564990293446,-0.0218827809185655,0.0007023947111028002,0.0049001890224072,-0.0031676986961384004,0.0050354570793395,-0.0084182795541423,-0.0049673332625828,0.0027151869252391,0.002071686161514,-0.0018627285729565,0.0049741134159805,0.0051057856896898,0.000333212224144,-0.017494401826445297,0.0046089733202281,-0.0022564990293445983,-0.0018827809185654985,1.0,1.0
686,57,1000,20,0.0195907620022587,0.0241971965916526,0.0165167431652898,0.0315607634870837,-0.0079030578656758,-0.0056215208060609,0.0015726218898646,0.0010315352116718,-0.0010217488992583,0.0041264061932161,0.0046092105053066,-0.0011244564686156,-0.0389800863480085,-0.0162074365303605,-0.0213440519689013,-0.0248188271971827,-0.0004092379977412991,0.004197196591652599,-0.003483256834710201,0.011560763487083698,-0.0079030578656758,-0.0056215208060609,0.0015726218898646,0.0010315352116718,-0.0010217488992583,0.0041264061932161,0.0046092105053066,-0.0011244564686156,-0.0189800863480085,0.0037925634696394997,-0.0013440519689012984,-0.0048188271971826985,1.0,1.0
687,57,1000,random,0.0144611811774407,0.0182749904916772,0.0140792908650266,0.0344921772572198,-0.0032431121508289,-0.0133090971884947,0.0065524535457209,0.0065353472197105,-0.0038213325388422,0.0075962486776741,0.0077049395930295,-0.0019273890554473,-0.0437354741076102,-0.0153527207552993,-0.0198889616372449,-0.0208824654688996,-0.005538818822559301,-0.0017250095083228,-0.0059207091349734,0.0144921772572198,-0.0032431121508289,-0.0133090971884947,0.0065524535457209,0.0065353472197105,-0.0038213325388422,0.0075962486776741,0.0077049395930295,-0.0019273890554473,-0.0237354741076102,0.0046472792447007,0.00011103836275510107,-0.0008824654688995986,1.0,1.0
688,57,100,1,0.0194138742277269,0.0281572485460852,0.0168138570155349,0.0221459812356326,-0.0164954753796363,0.0034426821985416,-0.0016259973719063,0.0021312428555234,0.0023053560140831,0.0047343117665004,0.0050482035452505,-0.0034548471587954,-0.0315735372394013,-0.0167853720927633,-0.0307021515174332,-0.0265455238266343,-0.0005861257722730995,0.0081572485460852,-0.003186142984465099,0.0021459812356325984,-0.0164954753796363,0.0034426821985416,-0.0016259973719063,0.0021312428555234,0.0023053560140831,0.0047343117665004,0.0050482035452505,-0.0034548471587954,-0.011573537239401303,0.0032146279072367,-0.0107021515174332,-0.0065455238266343,1.0,1.0
689,57,100,10,0.0219148112071344,0.0312198796173473,0.0170694338795265,0.0286562137095771,-0.0129265239538682,-0.0022980227871346,0.0016096915004099,0.0032576351124704,-0.0016041891977527,0.0057536102969791,0.0067510144443484,-0.000249009332619,-0.0352415667395718,-0.014892025961083,-0.025516243366621,-0.0243082957944897,0.0019148112071343988,0.0112198796173473,-0.0029305661204735017,0.008656213709577098,-0.0129265239538682,-0.0022980227871346,0.0016096915004099,0.0032576351124704,-0.0016041891977527,0.0057536102969791,0.0067510144443484,-0.000249009332619,-0.015241566739571801,0.005107974038917001,-0.005516243366620998,-0.0043082957944897,1.0,1.0
690,57,100,20,0.0232215714821296,0.031721746889433,0.0160403665725618,0.0265404265158527,-0.0112241947566331,-0.0049292197947848,-0.0008231862230455,0.0028156920866855,-0.0010730429567449,0.0049505760874622,0.008797620933057,-0.0013233955435501,-0.0366510095752412,-0.0175135052601373,-0.0197969591187734,-0.0244987249029989,0.0032215714821295996,0.011721746889433001,-0.0039596334274382,0.006540426515852699,-0.0112241947566331,-0.0049292197947848,-0.0008231862230455,0.0028156920866855,-0.0010730429567449,0.0049505760874622,0.008797620933057,-0.0013233955435501,-0.0166510095752412,0.002486494739862701,0.0002030408812266002,-0.0044987249029989,1.0,1.0
691,57,100,random,0.017266677874917,0.0189069192585772,0.0105836204003157,0.0458022941940817,-0.0054501801276547,-0.0098216845376574,0.0055787937836846,0.0028525879923599,-0.0043839315293747,0.0060335999895489,0.010484751601174,0.0014466521768605,-0.0242697298945233,-0.0177554045971553,-0.0229147813856147,-0.0137824568686018,-0.0027333221250829993,-0.0010930807414228014,-0.009416379599684301,0.025802294194081702,-0.0054501801276547,-0.0098216845376574,0.0055787937836846,0.0028525879923599,-0.0043839315293747,0.0060335999895489,0.010484751601174,0.0014466521768605,-0.004269729894523299,0.0022445954028447006,-0.002914781385614698,0.0062175431313982,1.0,1.0
692,57,50,1,0.0239685537967724,0.0200066465688129,0.016121493126184,0.0091632773645647,-0.006059869720671,0.0023612715755234,0.0024149752398965,-0.0026335389387429,-0.0011502309686607,0.0047333010188143,0.0096589366265067,-0.0025707848142897,-0.0365517069683403,-0.0167459859733902,-0.0303318505378454,-0.0261140771701534,0.003968553796772401,6.646568812898601e-06,-0.003878506873815999,-0.0108367226354353,-0.006059869720671,0.0023612715755234,0.0024149752398965,-0.0026335389387429,-0.0011502309686607,0.0047333010188143,0.0096589366265067,-0.0025707848142897,-0.0165517069683403,0.0032540140266098007,-0.0103318505378454,-0.006114077170153401,0.9791666666666666,1.0
693,57,50,10,0.0213620745126558,0.0169881951466654,0.0180039843786075,0.0360444868074169,-0.003063301787364,-0.0047648688720789,0.0049775576433464,-0.0031851160858096,-0.0035550830450123,0.0024733944661402,0.0096321669190587,0.0051449403622773,-0.0316673054569786,-0.0166925495335005,-0.0191765767147044,-0.0241587262852026,0.001362074512655801,-0.0030118048533346008,-0.0019960156213925002,0.016044486807416897,-0.003063301787364,-0.0047648688720789,0.0049775576433464,-0.0031851160858096,-0.0035550830450123,0.0024733944661402,0.0096321669190587,0.0051449403622773,-0.0116673054569786,0.0033074504664994987,0.0008234232852955999,-0.004158726285202599,1.0,1.0
694,57,50,20,0.0203977922653187,0.0148328595872374,0.0168756945728797,0.049218927742712,-0.0057011314715584,-0.0053473124264004,0.0038151492679154,-0.0037519680713993,-0.0016963659917814,0.0010750120001768,0.0091776436899415,0.0070219411541096,-0.0367124895427112,-0.0179499798190844,-0.0172436010624123,-0.0289604186727572,0.00039779226531869855,-0.005167140412762601,-0.0031243054271203018,0.029218927742711998,-0.0057011314715584,-0.0053473124264004,0.0038151492679154,-0.0037519680713993,-0.0016963659917814,0.0010750120001768,0.0091776436899415,0.0070219411541096,-0.016712489542711203,0.0020500201809156016,0.002756398937587702,-0.008960418672757198,1.0,1.0
695,57,50,random,0.0078175954315063,0.0079413844889678,0.0077069474165623,0.0260374793987493,-0.00364445181193,-0.003579768415751,0.0045068661887186,0.0031951373368363,-0.0048375092660492,0.0017303698199526,0.0065337062212052,2.4068210663338513e-05,-0.0228335157128021,-0.0085354341074399,-0.0080670807533498,-0.003552995184367,-0.012182404568493701,-0.012058615511032201,-0.0122930525834377,0.006037479398749299,-0.00364445181193,-0.003579768415751,0.0045068661887186,0.0031951373368363,-0.0048375092660492,0.0017303698199526,0.0065337062212052,2.4068210663338513e-05,-0.0028335157128021003,0.0114645658925601,0.0119329192466502,0.016447004815633,1.0,0.9375
696,58,1000,1,0.0245603493206647,0.0122205218901202,0.0199201746102548,0.0110082709423178,0.023061777681149,-0.013443702148135,-0.0175562319566179,0.0037885672242546,-0.0075184141607895,-0.0038185738627906,0.003180433239515,0.010858605292677,-0.0073836603453435,-0.0147391617645373,-0.0244436591535424,-0.0134168031690128,0.004560349320664698,-0.007779478109879801,-7.982538974520004e-05,-0.0089917290576822,0.023061777681149,-0.013443702148135,-0.0175562319566179,0.0037885672242546,-0.0075184141607895,-0.0038185738627906,0.003180433239515,0.010858605292677,0.0126163396546565,0.0052608382354627,-0.0044436591535424,0.0065831968309872,0.9375,0.875
697,58,1000,10,0.0182447754846373,0.0144609502397885,0.0179486889619895,0.0174156662834669,0.0280541877877721,-0.0107028612237779,-0.0163822528014983,0.0039818988016853,-0.001806192338182,-0.0046763826269536,0.0016659770081546,0.006390156282364,-0.0115234205068451,-0.0135010145512516,-0.0202919671656993,-0.0123270014510244,-0.0017552245153627,-0.0055390497602115,-0.002051311038010501,-0.0025843337165331014,0.0280541877877721,-0.0107028612237779,-0.0163822528014983,0.0039818988016853,-0.001806192338182,-0.0046763826269536,0.0016659770081546,0.006390156282364,0.0084765794931549,0.0064989854487484,-0.00029196716569929865,0.0076729985489756,0.9166666666666666,0.9375
698,58,1000,20,0.0185125695139172,0.0137258966630512,0.0178045763472357,0.01661737694038,0.029372593262303,-0.0109572217771545,-0.0148083498319504,0.0040248877982531,-0.0024023762105938,-0.0060706194403572,0.0021901398498158,0.0071992993646039,-0.0132351766264446,-0.0147186749420817,-0.0195807797240538,-0.0123783301921362,-0.0014874304860828004,-0.0062741033369488,-0.0021954236527642994,-0.003382623059620001,0.029372593262303,-0.0109572217771545,-0.0148083498319504,0.0040248877982531,-0.0024023762105938,-0.0060706194403572,0.0021901398498158,0.0071992993646039,0.0067648233735554,0.0052813250579183,0.0004192202759462013,0.007621669807863801,0.9166666666666666,0.9375
699,58,1000,random,0.0151393828129217,0.0159074047755285,0.0095328276957142,0.0123496439938879,0.0369810590700396,-0.00725359525956,-0.0170541758436724,0.0062081071378487,-0.0028326925692608,-0.0093946652436869,-4.69113958047431e-05,0.0053048475014621,-0.0209558353892856,-0.0105459406155945,-0.0196229518856394,-0.0155264121126853,-0.0048606171870783,-0.004092595224471501,-0.0104671723042858,-0.007650356006112101,0.0369810590700396,-0.00725359525956,-0.0170541758436724,0.0062081071378487,-0.0028326925692608,-0.0093946652436869,-4.69113958047431e-05,0.0053048475014621,-0.0009558353892855989,0.009454059384405501,0.00037704811436059874,0.0044735878873147,0.9166666666666666,0.9583333333333333
700,58,100,1,0.017431610289057,0.0065434350656947,0.021179107624667,0.0202754892313656,0.0058830857241839,-0.0061442663589356,-0.0261158904652704,0.0057952962066567,-0.0045114895056951,-0.0059863371614395,-0.0089904522004325,0.0050672053829327,-0.0217037687992663,-0.0115290740989128,-0.0210343360829664,-0.0168269816231036,-0.0025683897109429997,-0.0134565649343053,0.0011791076246670008,0.0002754892313656006,0.0058830857241839,-0.0061442663589356,-0.0261158904652704,0.0057952962066567,-0.0045114895056951,-0.0059863371614395,-0.0089904522004325,0.0050672053829327,-0.0017037687992663003,0.0084709259010872,-0.001034336082966398,0.003173018376896399,1.0,0.9166666666666666
701,58,100,10,0.0179659022127571,0.0142267975331602,0.0199229890499109,0.0170587404873413,0.0258811741546896,-0.011075128570616,-0.021169366061415,0.0064185116717298,-0.0031336893900281,-0.0068043293665365,-0.0005397555510804,0.0057415388601282,-0.0139355172477642,-0.0144004993694786,-0.0185795322296661,-0.011286173212746,-0.0020340977872429014,-0.005773202466839801,-7.701095008910003e-05,-0.002941259512658702,0.0258811741546896,-0.011075128570616,-0.021169366061415,0.0064185116717298,-0.0031336893900281,-0.0068043293665365,-0.0005397555510804,0.0057415388601282,0.006064482752235801,0.005599500630521401,0.001420467770333899,0.008713826787254,0.9166666666666666,0.9166666666666666
702,58,100,20,0.0191927712188019,0.0135495915758797,0.0201992823586997,0.0174699229195128,0.0205963579562722,-0.0116022612749001,-0.0158865386413818,0.0054322843579162,-0.0039475178940743,-0.0084555349802946,-0.0008648241908904,0.00489307677144,-0.0189868029556883,-0.0163552613488496,-0.0162876955815327,-0.0118072293666821,-0.0008072287811980994,-0.006450408424120301,0.00019928235869970043,-0.002530077080487199,0.0205963579562722,-0.0116022612749001,-0.0158865386413818,0.0054322843579162,-0.0039475178940743,-0.0084555349802946,-0.0008648241908904,0.00489307677144,0.0010131970443117005,0.003644738651150399,0.003712304418467302,0.0081927706333179,0.9166666666666666,0.9791666666666666
703,58,100,random,0.0070762309997457,0.0127610313216061,0.0043692785311388,0.0058889748498237,0.0225970033682972,-0.0054047144499976,-0.0117500155751183,0.0033200926621128,-0.0008259140400561,-0.0053631486385808,-0.0035231051782744,0.001750677524347,-0.0088136274471678,-0.0090320464941284,-0.0096428585279794,-0.0077682110627464,-0.012923769000254302,-0.0072389686783939,-0.0156307214688612,-0.014111025150176301,0.0225970033682972,-0.0054047144499976,-0.0117500155751183,0.0033200926621128,-0.0008259140400561,-0.0053631486385808,-0.0035231051782744,0.001750677524347,0.0111863725528322,0.0109679535058716,0.0103571414720206,0.012231788937253602,0.9166666666666666,0.9166666666666666
704,58,50,1,0.0167693177868872,0.0178106393135599,0.0199403088145576,0.0173620822876567,0.0191207378821372,-0.009828571490181,-0.0044444932526547,0.0017058466462074,-0.0064599079447861,-0.0049004559338242,0.0028158517576181,0.0073392264904353,-0.0111985626144358,-0.0081345197605287,-0.0168840593954446,-0.0059706610245516,-0.0032306822131128003,-0.0021893606864401005,-5.969118544240162e-05,-0.002637917712343299,0.0191207378821372,-0.009828571490181,-0.0044444932526547,0.0017058466462074,-0.0064599079447861,-0.0049004559338242,0.0028158517576181,0.0073392264904353,0.0088014373855642,0.0118654802394713,0.0031159406045554,0.014029338975448401,0.9375,0.9375
705,58,50,10,0.014657463601019,0.0147805276736095,0.0180658127787274,0.017805716164327,0.0329299566067102,-0.0070050038313343,-0.0167029716664169,0.0049959577879532,-0.0011482975098154,0.0003267679227868,0.0052683220980274,0.0064837697041875,-0.0141564848592858,-0.0144162485732375,-0.0180486529833818,-0.0083934704754953,-0.005342536398981001,-0.005219472326390501,-0.0019341872212726013,-0.0021942838356730013,0.0329299566067102,-0.0070050038313343,-0.0167029716664169,0.0049959577879532,-0.0011482975098154,0.0003267679227868,0.0052683220980274,0.0064837697041875,0.005843515140714201,0.0055837514267625,0.001951347016618199,0.011606529524504701,0.9166666666666666,0.9375
706,58,50,20,0.0077993539637944,0.0064291731543726,0.0094082293505833,0.0087345480203948,0.022302316736283,-0.0047432195027364,-0.0073483456769773,0.0029742586998773,-0.0003509652147391,-0.0006295466950754,0.001140182063251,0.0029827955216942,-0.0077238490295884,-0.0090329536509979,-0.0072147442524985,-0.0044381967974465,-0.0122006460362056,-0.0135708268456274,-0.0105917706494167,-0.0112654519796052,0.022302316736283,-0.0047432195027364,-0.0073483456769773,0.0029742586998773,-0.0003509652147391,-0.0006295466950754,0.001140182063251,0.0029827955216942,0.012276150970411601,0.010967046349002101,0.0127852557475015,0.0155618032025535,0.9166666666666666,0.9375
707,58,50,random,0.0175292876278898,0.0097039417499489,0.0071357684276896,0.0233864283788302,0.0237299842325984,-0.016272875015415,-0.0114486872227833,0.0113705291573477,-0.0014072830883346,0.0012578109164142,-0.003155339643935,0.0066015081635113,-0.0124346013182795,-0.0260671439559392,-0.022082827918904,-0.0083984772238237,-0.0024707123721102,-0.0102960582500511,-0.0128642315723104,0.0033864283788302,0.0237299842325984,-0.016272875015415,-0.0114486872227833,0.0113705291573477,-0.0014072830883346,0.0012578109164142,-0.003155339643935,0.0066015081635113,0.0075653986817205005,-0.0060671439559392,-0.0020828279189040004,0.0116015227761763,0.875,0.9375
708,59,1000,1,0.0214310586657014,0.0216833174551034,0.0128193733227322,0.0327333818319175,-0.0060176626176102,-0.0020700215822351,-0.0047893027666273,-0.0214362289026784,-0.009339429959197,0.0052874644498587,-0.0013355334258656,0.00042866800384,-0.0168746109710391,-0.0388042709174659,-0.0179741552673264,-0.0187662706186549,0.0014310586657013992,0.0016833174551033996,-0.0071806266772678,0.012733381831917499,-0.0060176626176102,-0.0020700215822351,-0.0047893027666273,-0.0214362289026784,-0.009339429959197,0.0052874644498587,-0.0013355334258656,0.00042866800384,0.003125389028960899,-0.018804270917465896,0.002025844732673601,0.0012337293813451007,1.0,0.9375
709,59,1000,10,0.0192656814981198,0.01908622673452,0.0121467792506442,0.0360431601884521,-0.0063073185620551,-0.0024936194292604,-0.002425351866015,-0.0122267590843143,-0.0062674014979501,0.0047844193310836,0.0017479081068963,-0.0005948958306726,-0.0142532648043802,-0.038430085009095,-0.0167242015051586,-0.0154945925828232,-0.0007343185018802018,-0.0009137732654799988,-0.0078532207493558,0.0160431601884521,-0.0063073185620551,-0.0024936194292604,-0.002425351866015,-0.0122267590843143,-0.0062674014979501,0.0047844193310836,0.0017479081068963,-0.0005948958306726,0.005746735195619801,-0.018430085009094998,0.0032757984948414004,0.004505407417176801,1.0,1.0
710,59,1000,20,0.019168443424865,0.0178725421006507,0.0120170250727706,0.0350078962425562,-0.007309760163731,-0.0023408972816998,-0.0022202646739087,-0.0116497554832967,-0.0063060656429314,0.0030658425358587,0.0017716644714723,-9.301734028691392e-05,-0.0137337193209047,-0.0342681293007784,-0.0164904592690297,-0.0147171848783899,-0.0008315565751349993,-0.002127457899349299,-0.007982974927229401,0.0150078962425562,-0.007309760163731,-0.0023408972816998,-0.0022202646739087,-0.0116497554832967,-0.0063060656429314,0.0030658425358587,0.0017716644714723,-9.301734028691392e-05,0.0062662806790953,-0.014268129300778396,0.0035095407309703,0.0052828151216101,1.0,1.0
711,59,1000,random,0.0155960576264718,0.010180193917666,0.0136030649577199,0.0296758263056122,-0.0035560239563918,-0.0069708167630507,-0.0071810228573251,-0.02415122229461,-0.0035399462565044,0.0053780627467193,0.0016221787899053,-0.0052721103901626,-0.018269973998604,-0.032340263926529,-0.0148117300846715,-0.0159934579758167,-0.004403942373528201,-0.009819806082334001,-0.006396935042280101,0.0096758263056122,-0.0035560239563918,-0.0069708167630507,-0.0071810228573251,-0.02415122229461,-0.0035399462565044,0.0053780627467193,0.0016221787899053,-0.0052721103901626,0.0017300260013960005,-0.012340263926529,0.005188269915328501,0.0040065420241832995,1.0,0.9375
712,59,100,1,0.0151771483558667,0.0129259954844053,0.0099136868029523,0.0352402153915846,-0.0045070096212095,-0.0069880671838198,0.001251934692707,-0.0069568553958819,-0.0083224352854882,0.0042944150744775,0.0038257306846453,0.0049988969613646,-0.0066112373777064,-0.0364403175946871,-0.0131645717012963,-0.0095681598987643,-0.0048228516441333,-0.007074004515594701,-0.0100863131970477,0.015240215391584603,-0.0045070096212095,-0.0069880671838198,0.001251934692707,-0.0069568553958819,-0.0083224352854882,0.0042944150744775,0.0038257306846453,0.0049988969613646,0.0133887626222936,-0.016440317594687098,0.0068354282987037,0.0104318401012357,1.0,0.9375
713,59,100,10,0.0187790513131983,0.0159932035763191,0.0130420578739332,0.0331308110579294,-0.005632121405816,-0.0053084604806736,-0.0036804176812438,-0.0114591875633267,-0.0082543136834708,0.0048822190370785,0.003007157000168,0.0020645587148264,-0.0097703037991941,-0.0317261410655811,-0.016567408226223,-0.0143827801593315,-0.0012209486868017018,-0.004006796423680899,-0.006957942126066801,0.0131308110579294,-0.005632121405816,-0.0053084604806736,-0.0036804176812438,-0.0114591875633267,-0.0082543136834708,0.0048822190370785,0.003007157000168,0.0020645587148264,0.0102296962008059,-0.011726141065581102,0.0034325917737769995,0.0056172198406685,1.0,0.9791666666666666
714,59,100,20,0.019763769249107,0.0137122001518353,0.0117655967784206,0.0295668459307024,-0.0076732916811899,-0.003661770759506,-0.0032416581118692,-0.0117129789358037,-0.0084413481033923,0.0032124704188114,0.003135569449292,0.0041146608051648,-0.0098313779834521,-0.0283661840401643,-0.0162347903577821,-0.0144518530774439,-0.00023623075089300102,-0.0062877998481647,-0.0082344032215794,0.009566845930702398,-0.0076732916811899,-0.003661770759506,-0.0032416581118692,-0.0117129789358037,-0.0084413481033923,0.0032124704188114,0.003135569449292,0.0041146608051648,0.0101686220165479,-0.008366184040164301,0.003765209642217899,0.0055481469225560996,1.0,0.9791666666666666
715,59,100,random,0.0088632409650926,0.0049178041557335,0.0199137877142082,0.0369817199827724,-0.0014180686078611,-0.005619118886446,-0.0135906027585738,-0.022034062899581,-0.0008160124466013,0.006099759220314,0.0002901925979444,-0.0045582330074227,-0.018467141439769,-0.022711595497852,-0.0150001937110822,-0.0215219947392006,-0.011136759034907401,-0.0150821958442665,-8.621228579180212e-05,0.0169817199827724,-0.0014180686078611,-0.005619118886446,-0.0135906027585738,-0.022034062899581,-0.0008160124466013,0.006099759220314,0.0002901925979444,-0.0045582330074227,0.001532858560231002,-0.002711595497852,0.0049998062889178,-0.0015219947392005988,0.9791666666666666,0.9375
716,59,50,1,0.0176812623226284,0.0194015971170742,0.0082745217205715,0.030469273589649,-0.0099261979342391,-0.00361650484035,0.0018777950814662,-0.0183925865379887,-0.0126232918560021,0.0123702144142722,-0.0071473129950121,0.0028628204445559,-0.0086568030600179,-0.0379923290074778,-0.0192844266760216,-0.0260348824293163,-0.002318737677371601,-0.0005984028829257998,-0.0117254782794285,0.010469273589649001,-0.0099261979342391,-0.00361650484035,0.0018777950814662,-0.0183925865379887,-0.0126232918560021,0.0123702144142722,-0.0071473129950121,0.0028628204445559,0.0113431969399821,-0.0179923290074778,0.0007155733239784003,-0.0060348824293163,0.9791666666666666,0.9375
717,59,50,10,0.0230078656337109,0.0224277609573667,0.0109272137532619,0.0390988364372786,-0.0056951311783804,-0.0030303361686719,-0.0010810871619613,-0.0168774563468619,-0.0077554289393585,0.0086555545852456,0.000232060018299,-0.0006164331746134,-0.0153241657860462,-0.0354387574098087,-0.0183254887650712,-0.0180477905035711,0.003007865633710898,0.002427760957366701,-0.0090727862467381,0.0190988364372786,-0.0056951311783804,-0.0030303361686719,-0.0010810871619613,-0.0168774563468619,-0.0077554289393585,0.0086555545852456,0.000232060018299,-0.0006164331746134,0.004675834213953801,-0.015438757409808702,0.0016745112349287987,0.0019522094964289013,1.0,0.9791666666666666
718,59,50,20,0.0230881690904164,0.0198583253942952,0.0102257190245195,0.0391202470370027,-0.0076852980952009,-0.0021323382083534,-0.0016900446980338,-0.0184000083405373,-0.003835449990723,0.0068917953576257,0.0001819622375281,0.0013309861759759,-0.0135318290955228,-0.0318274047836817,-0.0171002849358218,-0.0192874540916987,0.0030881690904163983,-0.00014167460570480017,-0.0097742809754805,0.019120247037002703,-0.0076852980952009,-0.0021323382083534,-0.0016900446980338,-0.0184000083405373,-0.003835449990723,0.0068917953576257,0.0001819622375281,0.0013309861759759,0.0064681709044772,-0.011827404783681699,0.0028997150641782016,0.0007125459083013007,1.0,0.9583333333333333
719,59,50,random,0.0152843512313744,0.0144001813105508,0.0091823428441655,0.0438122886593632,-0.00367628782497,-0.0069969916512204,-0.0073048986960938,-0.0243119624582617,-0.0007299946547607,0.0038769993448482,-0.0025804122857012,-0.0099074714308086,-0.0153054284913518,-0.0320870880096383,-0.0153841241820605,-0.0164190606336396,-0.0047156487686256,-0.0055998186894492,-0.010817657155834501,0.0238122886593632,-0.00367628782497,-0.0069969916512204,-0.0073048986960938,-0.0243119624582617,-0.0007299946547607,0.0038769993448482,-0.0025804122857012,-0.0099074714308086,0.0046945715086482,-0.012087088009638296,0.004615875817939501,0.003580939366360402,1.0,0.9375
720,60,1000,1,0.0183088733588119,0.0144759914200282,0.0131778913929604,0.0209137363207523,0.001422902454808,0.001780736964787,0.0040756493829698,-0.0091406174116293,0.009100927803751,-0.0130600596692862,-0.0012684687636123,-0.0067825675060077,-0.012481058236497,-0.0125822626671045,-0.0163165499509012,-0.0094782750700451,-0.0016911266411881003,-0.0055240085799718,-0.006822108607039601,0.000913736320752298,0.001422902454808,0.001780736964787,0.0040756493829698,-0.0091406174116293,0.009100927803751,-0.0130600596692862,-0.0012684687636123,-0.0067825675060077,0.007518941763503,0.0074177373328955,0.0036834500490987993,0.010521724929954901,1.0,0.9375
721,60,1000,10,0.020635362908146,0.0186922965115504,0.0121921848438964,0.0252174848493029,0.0008098215373247,0.000584965247859,0.0002687907380134,-0.010751653455113,0.0009320471246275,-0.0168072363606774,-0.0005163259210289,-0.0073297295870985,-0.0156341589949995,-0.0102781996879687,-0.0181067403446913,-0.0107341628768247,0.0006353629081459998,-0.0013077034884496005,-0.0078078151561036,0.0052174848493029,0.0008098215373247,0.000584965247859,0.0002687907380134,-0.010751653455113,0.0009320471246275,-0.0168072363606774,-0.0005163259210289,-0.0073297295870985,0.004365841005000499,0.009721800312031301,0.001893259655308701,0.0092658371231753,1.0,0.8958333333333334
722,60,1000,20,0.0201671172302196,0.0178890780819241,0.0111692397709271,0.0256701542015743,0.0006224161431696,0.0005907386286293,-0.0001930520025112,-0.0135116689066705,0.0014097644501564,-0.0179698446883037,-0.0005820568170547,-0.0092172740794482,-0.0150474397811939,-0.009011711819756,-0.0178187675939494,-0.0106950707570066,0.0001671172302195982,-0.0021109219180759017,-0.008830760229072901,0.005670154201574299,0.0006224161431696,0.0005907386286293,-0.0001930520025112,-0.0135116689066705,0.0014097644501564,-0.0179698446883037,-0.0005820568170547,-0.0092172740794482,0.0049525602188061,0.010988288180244,0.002181232406050601,0.0093049292429934,1.0,0.8541666666666666
723,60,1000,random,0.0185880015140268,0.013188735020103,0.0118171432786286,0.0228449371818084,0.003280037259765,0.0019405206469972,0.006099866455197,-0.0059370044101447,0.0058313776212947,-0.0143872522577095,-0.0011255296401119,-0.0038066726217849,-0.0127370457446325,-0.0123872109530072,-0.0138856716289811,-0.0172706656438107,-0.0014119984859732003,-0.006811264979897001,-0.0081828567213714,0.0028449371818084004,0.003280037259765,0.0019405206469972,0.006099866455197,-0.0059370044101447,0.0058313776212947,-0.0143872522577095,-0.0011255296401119,-0.0038066726217849,0.0072629542553675,0.0076127890469928,0.0061143283710189,0.0027293343561893,1.0,0.9375
724,60,100,1,0.0215906692550308,0.0216944150556046,0.0154188745619339,0.0250757333077971,0.0026234465346137,-0.00195834441967,-0.0022232851477465,-0.0052078672441359,-0.0085946064301713,-0.016971944663847,0.0002046084978434,-0.0040867073424643,-0.0213032399183706,-0.00772284527682,-0.0165714086945559,-0.0105596262509048,0.001590669255030798,0.0016944150556045985,-0.004581125438066101,0.005075733307797099,0.0026234465346137,-0.00195834441967,-0.0022232851477465,-0.0052078672441359,-0.0085946064301713,-0.016971944663847,0.0002046084978434,-0.0040867073424643,-0.0013032399183705995,0.01227715472318,0.0034285913054440988,0.009440373749095201,1.0,0.9166666666666667
725,60,100,10,0.0213021158461637,0.0204007499286002,0.0142417702383505,0.0279849674990536,0.0030084538790474,-0.0013909034138883,-0.00062906109936,-0.0102415303534675,-0.0038609778303726,-0.0151859693228899,0.0012564172849198,-0.0068635806686412,-0.0143065313823787,-0.0075916744218332,-0.0168213500132771,-0.0110427201745018,0.0013021158461637011,0.00040074992860019906,-0.0057582297616495005,0.0079849674990536,0.0030084538790474,-0.0013909034138883,-0.00062906109936,-0.0102415303534675,-0.0038609778303726,-0.0151859693228899,0.0012564172849198,-0.0068635806686412,0.0056934686176213,0.0124083255781668,0.0031786499867229,0.0089572798254982,1.0,0.9166666666666667
726,60,100,20,0.0208861460984336,0.0206264195463325,0.0116302517571325,0.0277568716336785,0.0023875059071501,-5.057327187441011e-05,-0.0006573398060915,-0.013187408561957,-0.0040521254360166,-0.0147578679987442,0.0002471406485817,-0.0090471513421932,-0.0175709663786498,-0.0075816160605436,-0.0157842874189456,-0.012531941746011,0.0008861460984335989,0.0006264195463324997,-0.0083697482428675,0.0077568716336785005,0.0023875059071501,-5.057327187441011e-05,-0.0006573398060915,-0.013187408561957,-0.0040521254360166,-0.0147578679987442,0.0002471406485817,-0.0090471513421932,0.002429033621350201,0.0124183839394564,0.004215712581054399,0.007468058253989,1.0,0.8958333333333333
727,60,100,random,0.0203248210920391,0.0096709923136678,0.0114883235606229,0.0266708341836426,0.0022935479776771,0.0018227684215161,0.0059014604163408,-0.0063330188735357,-0.0054674885448361,-0.018876425004056,0.0039318386220372,-0.0132638912782565,-0.013925144557769,-0.0091950157127451,-0.0117316850298053,-0.020573618931999,0.000324821092039098,-0.0103290076863322,-0.0085116764393771,0.006670834183642598,0.0022935479776771,0.0018227684215161,0.0059014604163408,-0.0063330188735357,-0.0054674885448361,-0.018876425004056,0.0039318386220372,-0.0132638912782565,0.006074855442231001,0.0108049842872549,0.008268314970194701,-0.0005736189319990002,1.0,0.8958333333333334
728,60,50,1,0.0215745968819825,0.0206149089514619,0.0079461438246841,0.0266568624793425,0.0075192809976336,0.0043444412843015,-0.0078346635925536,-0.0068512925646092,-0.0052021325314965,-0.0178949841320616,-0.0019123650385735,-0.0068281419199193,-0.0134489805996059,-0.0134831005172471,-0.020877677307866,-0.0065554214382462,0.0015745968819824985,0.0006149089514618997,-0.0120538561753159,0.006656862479342499,0.0075192809976336,0.0043444412843015,-0.0078346635925536,-0.0068512925646092,-0.0052021325314965,-0.0178949841320616,-0.0019123650385735,-0.0068281419199193,0.0065510194003941,0.0065168994827529,-0.0008776773078660004,0.0134445785617538,1.0,0.8750000000000001
729,60,50,10,0.0228000245617929,0.0195693746280096,0.0094836688612241,0.0287784278472576,0.0033912420447928,0.0021857804016463,-0.0030770586364687,-0.0078554601328961,0.0010982702155043,-0.018096725672341,0.0017905128217137,-0.0048784415775856,-0.0208092208315259,-0.0125323674443609,-0.0207217259692871,-0.0102215517187789,0.0028000245617928986,-0.00043062537199040074,-0.0105163311387759,0.0087784278472576,0.0033912420447928,0.0021857804016463,-0.0030770586364687,-0.0078554601328961,0.0010982702155043,-0.018096725672341,0.0017905128217137,-0.0048784415775856,-0.0008092208315258996,0.007467632555639101,-0.000721725969287098,0.0097784482812211,1.0,0.9583333333333333
730,60,50,20,0.021347229215227,0.020313663687694,0.0088995584011138,0.0272158322650784,0.0027210498311369,-0.000340742606869,-0.003515920701384,-0.0109129109877288,0.0037433338927709,-0.0174565768497041,0.0030711253287714,-0.0041574211541509,-0.0244479782883028,-0.0115259276367145,-0.0204987570210431,-0.0145393757032687,0.0013472292152270013,0.0003136636876940012,-0.0111004415988862,0.007215832265078399,0.0027210498311369,-0.000340742606869,-0.003515920701384,-0.0109129109877288,0.0037433338927709,-0.0174565768497041,0.0030711253287714,-0.0041574211541509,-0.0044479782883028,0.0084740723632855,-0.0004987570210431003,0.0054606242967313,1.0,0.9583333333333333
731,60,50,random,0.0166997016937484,0.0209763174566407,0.0092192578510883,0.0278257348030638,0.0098657790334858,0.0024972331481992,0.006768658531896,0.0009590506617655,0.0170366235156222,-0.0049198921157199,-0.0003524099105131,0.0054703659150386,-0.0147773485025905,-0.0166203220137794,-0.0094090101577919,-0.0188270885727938,-0.0033002983062516006,0.0009763174566406983,-0.0107807421489117,0.0078257348030638,0.0098657790334858,0.0024972331481992,0.006768658531896,0.0009590506617655,0.0170366235156222,-0.0049198921157199,-0.0003524099105131,0.0054703659150386,0.005222651497409501,0.0033796779862205993,0.0105909898422081,0.0011729114272061997,0.9375,1.0
732,61,1000,1,0.0219202693880822,0.0170607355803742,0.0180424364364108,0.0133788249417726,0.0016092905204077,0.0107036129854819,-0.0049098696177013,-0.0125977930028703,0.0060622879303314,-0.0031162518796049,-0.0083894579735996,0.0045534832018015,-0.0351760948273259,-0.0148678460499423,-0.0281626538699005,-0.0253915372271469,0.0019202693880822005,-0.0029392644196258,-0.001957563563589202,-0.0066211750582274,0.0016092905204077,0.0107036129854819,-0.0049098696177013,-0.0125977930028703,0.0060622879303314,-0.0031162518796049,-0.0083894579735996,0.0045534832018015,-0.0151760948273259,0.0051321539500577,-0.008162653869900501,-0.0053915372271469,1.0,1.0
733,61,1000,10,0.0204844643488426,0.0157927055517525,0.0176952542609737,0.0129427776144046,0.0017593969120426,0.0123967456564523,-0.0035379702398185,-0.0168920753648051,0.0023941539537452,0.0005319152704238,-0.0086769192075826,0.0025801711907977,-0.0224631320865745,-0.0174395083306873,-0.0239587017722952,-0.021834303922637,0.00048446434884260106,-0.004207294448247502,-0.002304745739026299,-0.007057222385595401,0.0017593969120426,0.0123967456564523,-0.0035379702398185,-0.0168920753648051,0.0023941539537452,0.0005319152704238,-0.0086769192075826,0.0025801711907977,-0.002463132086574501,0.0025604916693127006,-0.0039587017722951985,-0.0018343039226370005,1.0,1.0
734,61,1000,20,0.0198784082755405,0.0148061597256368,0.0175928818140913,0.0136207294073356,0.0019143114331437,0.007349962943567,-0.0036305921106181,-0.0154151587914289,0.0022955343863709,0.0008511123643286,-0.0099987981709088,0.0030800620730576,-0.0218667652105374,-0.0179556179070762,-0.0237297557867351,-0.0235720769571459,-0.00012159172445950009,-0.0051938402743632005,-0.0024071181859087014,-0.0063792705926644,0.0019143114331437,0.007349962943567,-0.0036305921106181,-0.0154151587914289,0.0022955343863709,0.0008511123643286,-0.0099987981709088,0.0030800620730576,-0.0018667652105373994,0.0020443820929238014,-0.0037297557867350985,-0.003572076957145901,1.0,1.0
735,61,1000,random,0.0138027639663373,0.0131516870809804,0.0180487423400546,0.0150628514454517,0.000904193137885,0.0077068570514419,-0.0139300752394681,-0.0110149602035298,0.0051753999491962,-0.0009777264601155,-0.0131741720454132,-0.0028799531033396,-0.038368826906278,-0.017689834584803,-0.0243350528550033,-0.0240635151473636,-0.006197236033662701,-0.0068483129190196005,-0.0019512576599454018,-0.0049371485545483,0.000904193137885,0.0077068570514419,-0.0139300752394681,-0.0110149602035298,0.0051753999491962,-0.0009777264601155,-0.0131741720454132,-0.0028799531033396,-0.018368826906278,0.0023101654151970012,-0.0043350528550033,-0.004063515147363601,1.0,1.0
736,61,100,1,0.0179363958653627,0.0199893992814558,0.0173022643090301,0.0143529973178949,-0.0005026530667095,0.0011559297359609,-0.0002501388462588,-0.0224683293160696,-0.0039842787639505,-0.0048512591030294,-0.0049648085968552,0.0075697979883768,-0.0223329284046944,-0.0099082586027793,-0.0163035340945849,-0.0223682659285022,-0.0020636041346373014,-1.0600718544199333e-05,-0.002697735690969899,-0.0056470026821051,-0.0005026530667095,0.0011559297359609,-0.0002501388462588,-0.0224683293160696,-0.0039842787639505,-0.0048512591030294,-0.0049648085968552,0.0075697979883768,-0.002332928404694401,0.0100917413972207,0.0036964659054151,-0.0023682659285022,1.0,0.9166666666666666
737,61,100,10,0.0199304222040851,0.0174550755039972,0.0169468372922304,0.014619337228321,0.0004681820092544,0.003950011910605,-0.0033040939260367,-0.0161299156472718,-0.0023020892583408,0.0019200734257007,-0.008275873550466,0.0057034638163678,-0.019649733528099,-0.0129281565462246,-0.0211495629036756,-0.0231052471234454,-6.957779591490118e-05,-0.002544924496002802,-0.0030531627077696015,-0.005380662771679,0.0004681820092544,0.003950011910605,-0.0033040939260367,-0.0161299156472718,-0.0023020892583408,0.0019200734257007,-0.008275873550466,0.0057034638163678,0.0003502664719009993,0.0070718434537754005,-0.0011495629036755994,-0.003105247123445398,1.0,0.9791666666666666
738,61,100,20,0.0189871310866405,0.016994458612284,0.0159847426123258,0.0161566727662135,0.0010493709536454,-0.0023058017305475,-0.0028339504361138,-0.0149114830403579,-0.0019764697320575,0.0025252777288556,-0.0084776140097918,0.0065385359936052,-0.0174066908709821,-0.0137044103960799,-0.0222226713381484,-0.0234232706135514,-0.0010128689133594992,-0.003005541387716002,-0.0040152573876741995,-0.003843327233786501,0.0010493709536454,-0.0023058017305475,-0.0028339504361138,-0.0149114830403579,-0.0019764697320575,0.0025252777288556,-0.0084776140097918,0.0065385359936052,0.002593309129017899,0.0062955896039201,-0.0022226713381484006,-0.0034232706135513997,1.0,0.9791666666666666
739,61,100,random,0.0138902155758476,0.0129019999063905,0.011776832217994,0.0122325811132967,0.0001409785629073,0.0128125612291388,-0.0110390238936345,-0.017454724083317,0.0076812940703544,-0.0043725157632087,-0.0083978042609762,-0.0017478781673175,-0.0407088855182786,-0.0121474437370857,-0.0252238143747836,-0.0156602756948807,-0.006109784424152401,-0.0070980000936095005,-0.008223167782006,-0.007767418886703301,0.0001409785629073,0.0128125612291388,-0.0110390238936345,-0.017454724083317,0.0076812940703544,-0.0043725157632087,-0.0083978042609762,-0.0017478781673175,-0.0207088855182786,0.0078525562629143,-0.0052238143747836,0.004339724305119301,0.9583333333333333,0.9583333333333333
740,61,50,1,0.0264677827029365,0.0096213346068218,0.015209164104773,0.0090262142156533,0.0021241096820139,0.0149610973894336,-0.0104674387531075,-0.0121951657317844,0.0003272764733579,-0.0032977587569922,-0.0049706065531022,0.008921078774324,-0.0160779761145295,0.0004772303188894,-0.020269433674566,-0.0199123487592776,0.006467782702936499,-0.0103786653931782,-0.004790835895227,-0.0109737857843467,0.0021241096820139,0.0149610973894336,-0.0104674387531075,-0.0121951657317844,0.0003272764733579,-0.0032977587569922,-0.0049706065531022,0.008921078774324,0.003922023885470499,0.0204772303188894,-0.00026943367456599976,8.765124072240144e-05,0.9583333333333333,0.8958333333333333
741,61,50,10,0.0222531742321469,0.0179080886342,0.0183058517323772,0.0112768271152783,0.002674571139467,0.0031649972903589,-0.0045050592637876,-0.0100195039963003,0.0042715770760138,0.0010223847424876,-0.0066635119723596,0.0067849752791292,-0.0209175989927237,-0.0140448361060031,-0.0227878827717165,-0.0264856561981398,0.002253174232146899,-0.0020919113658,-0.0016941482676228019,-0.0087231728847217,0.002674571139467,0.0031649972903589,-0.0045050592637876,-0.0100195039963003,0.0042715770760138,0.0010223847424876,-0.0066635119723596,0.0067849752791292,-0.0009175989927237005,0.0059551638939969,-0.002787882771716498,-0.006485656198139799,1.0,1.0
742,61,50,20,0.0196683025395102,0.0171638650974438,0.0176464033988872,0.0147122149979376,0.0037788504118911,-0.0062674672069105,-0.0053167905387661,-0.0082688933125449,0.0026057253985003,0.0009359455625433,-0.0081211477354229,0.0062522911812635,-0.0203556047337123,-0.0180231427804622,-0.0228267206553079,-0.0323424946576713,-0.0003316974604898014,-0.0028361349025562005,-0.0023535966011128014,-0.0052877850020624,0.0037788504118911,-0.0062674672069105,-0.0053167905387661,-0.0082688933125449,0.0026057253985003,0.0009359455625433,-0.0081211477354229,0.0062522911812635,-0.0003556047337122982,0.0019768572195377997,-0.0028267206553078995,-0.012342494657671298,1.0,1.0
743,61,50,random,0.0279790985739478,0.0136771610212312,0.0325640254794445,0.0180999434257438,0.0078242266984689,0.0147748217318561,-0.0182559876237718,-0.0204410274635739,0.0199589963666361,-0.0026376807346736,-0.0155170526201869,0.0026398895600464,-0.0194981960653604,-0.014542805928015,-0.0106796579833415,-0.0401574706710738,0.0079790985739478,-0.006322838978768801,0.012564025479444501,-0.0019000565742561988,0.0078242266984689,0.0147748217318561,-0.0182559876237718,-0.0204410274635739,0.0199589963666361,-0.0026376807346736,-0.0155170526201869,0.0026398895600464,0.0005018039346396004,0.005457194071985,0.0093203420166585,-0.0201574706710738,0.9375,0.8541666666666666
744,62,1000,1,0.0096385340409906,0.0135297206200498,0.0091896178315087,0.0241242562861922,-0.0041853174070612,-0.0044183681040283,-0.0021106344737366,0.0043482620123173,0.0055810154700766,0.0010862704880354,-0.0007477012210354,-0.0059503126529853,-0.0069515529866038,-0.0175432745284211,-0.0212466646470225,-0.0225810826788769,-0.0103614659590094,-0.0064702793799502,-0.010810382168491301,0.004124256286192198,-0.0041853174070612,-0.0044183681040283,-0.0021106344737366,0.0043482620123173,0.0055810154700766,0.0010862704880354,-0.0007477012210354,-0.0059503126529853,0.0130484470133962,0.002456725471578901,-0.0012466646470224996,-0.002581082678876901,1.0,1.0
745,62,1000,10,0.0112319830254313,0.0181160193426938,0.0113131467528169,0.0223818862731732,-0.001586386386157,-0.0064132631968274,-0.002402047800291,0.0056702787944534,0.0029312744031539,0.0005034946675588,0.0020912498411724,-0.0045979091181741,-0.0114686653536899,-0.0183666794569608,-0.0233390758964127,-0.0192507713485476,-0.0087680169745687,-0.0018839806573061994,-0.0086868532471831,0.002381886273173199,-0.001586386386157,-0.0064132631968274,-0.002402047800291,0.0056702787944534,0.0029312744031539,0.0005034946675588,0.0020912498411724,-0.0045979091181741,0.0085313346463101,0.001633320543039201,-0.003339075896412698,0.0007492286514524001,1.0,1.0
746,62,1000,20,0.01034319580468,0.0169504906484194,0.009311569773089,0.0228792482769528,-0.0011150631042196,-0.0064363516389878,-0.0024610523347305,0.0068661300204688,0.0025404570548093,0.0014607148680453,0.0019118700068893,-0.0035595073510999,-0.0076913204274213,-0.0150413001001592,-0.0231812506475642,-0.0208587764657066,-0.009656804195320001,-0.0030495093515806003,-0.010688430226911001,0.0028792482769527984,-0.0011150631042196,-0.0064363516389878,-0.0024610523347305,0.0068661300204688,0.0025404570548093,0.0014607148680453,0.0019118700068893,-0.0035595073510999,0.0123086795725787,0.004958699899840801,-0.0031812506475642002,-0.0008587764657066004,1.0,1.0
747,62,1000,random,-0.0012103888750425,0.0175123678780708,0.0103848967178623,0.0196550086044219,-0.0034174975417427,-0.0031643654246835,0.0018794057584128,0.0087537773150918,-0.0007782923250573,-0.0034771992204534,0.0036974979230937,-0.0057322116233028,-0.0044734661091591,-0.0181134189982646,-0.0246544050458116,-0.0231442682846709,-0.0212103888750425,-0.0024876321219291994,-0.0096151032821377,-0.0003449913955781009,-0.0034174975417427,-0.0031643654246835,0.0018794057584128,0.0087537773150918,-0.0007782923250573,-0.0034771992204534,0.0036974979230937,-0.0057322116233028,0.0155265338908409,0.0018865810017354018,-0.004654405045811598,-0.0031442682846709,0.9166666666666667,0.9791666666666666
748,62,100,1,0.0187504336965114,0.0216532840568923,0.0070949149615447,0.0227994070864423,-0.001362370940366,-0.0117696461093697,-0.0077930132639896,0.0055006128420436,0.0015970114488656,0.0050309637096949,0.0091152735108138,-0.0061849159828533,-0.0195737452945098,-0.0301072816233486,-0.0260494131445613,-0.0157744924787426,-0.0012495663034885994,0.0016532840568923013,-0.012905085038455302,0.002799407086442298,-0.001362370940366,-0.0117696461093697,-0.0077930132639896,0.0055006128420436,0.0015970114488656,0.0050309637096949,0.0091152735108138,-0.0061849159828533,0.0004262547054902019,-0.010107281623348601,-0.0060494131445613004,0.004225507521257402,0.9791666666666666,1.0
749,62,100,10,0.0135856605131119,0.0197069601472856,0.0076448113419698,0.0238632313795056,-0.0028952493202228,-0.0059994395222628,-0.0026756638131742,0.0063848598424758,0.0025751990506455,0.0032440379706384,0.0055103473900139,-0.0059858417205082,-0.0130370106529426,-0.0261137067297247,-0.0275523851066689,-0.0214962485674264,-0.006414339486888101,-0.00029303985271440097,-0.0123551886580302,0.0038632313795055988,-0.0028952493202228,-0.0059994395222628,-0.0026756638131742,0.0063848598424758,0.0025751990506455,0.0032440379706384,0.0055103473900139,-0.0059858417205082,0.006962989347057401,-0.006113706729724701,-0.007552385106668901,-0.0014962485674263996,1.0,1.0
750,62,100,20,0.0125804626072235,0.0172166134091577,0.0073525507373624,0.0271919713715326,-0.0023347450833358,-0.005262863379384,-0.0018488842300336,0.0088572915046816,0.0009650550052276,0.0051381355182655,0.0070286858452677,-0.0038763558703136,-0.0101999247573953,-0.0184493253309586,-0.0279602210741364,-0.0216594655013444,-0.007419537392776501,-0.002783386590842301,-0.0126474492626376,0.007191971371532598,-0.0023347450833358,-0.005262863379384,-0.0018488842300336,0.0088572915046816,0.0009650550052276,0.0051381355182655,0.0070286858452677,-0.0038763558703136,0.0098000752426047,0.0015506746690414006,-0.007960221074136398,-0.0016594655013443989,0.9791666666666666,1.0
751,62,100,random,0.0052514795196141,0.022740720771808,0.0072937130802262,0.0145418014791661,0.0010012741970259,-0.0018689160774124,0.0011256702455611,0.0089632783972836,-0.0091852174510919,0.0007275873190418,0.0116225033451089,-0.0061905078202113,-0.0159358334079661,-0.0192112374989696,-0.0281116577424124,-0.0235580211126035,-0.0147485204803859,0.002740720771807998,-0.0127062869197738,-0.005458198520833901,0.0010012741970259,-0.0018689160774124,0.0011256702455611,0.0089632783972836,-0.0091852174510919,0.0007275873190418,0.0116225033451089,-0.0061905078202113,0.004064166592033902,0.0007887625010303996,-0.0081116577424124,-0.003558021112603501,0.9166666666666667,1.0
752,62,50,1,0.0163990577676657,0.0274524052946582,0.0148909247695013,0.0191737914285793,0.0047033150391411,-0.0077423331084913,-0.0045359031946117,0.0077402687068377,0.0044211384606501,0.0012343577127472,0.0022047274236002,-0.0109888179064956,-0.0188661664242078,-0.0161046841694116,-0.0172200827071008,-0.0138191229009611,-0.0036009422323343004,0.007452405294658199,-0.005109075230498701,-0.0008262085714207008,0.0047033150391411,-0.0077423331084913,-0.0045359031946117,0.0077402687068377,0.0044211384606501,0.0012343577127472,0.0022047274236002,-0.0109888179064956,0.0011338335757921994,0.0038953158305884,0.0027799172928992012,0.0061808770990389,1.0,1.0
753,62,50,10,0.0084977828078559,0.01725176778529,0.0133203785363998,0.0210734827762915,0.0006982526415383,-0.0110223206666292,-0.0028470479092584,0.0034894250750535,0.0019566976669782,0.0002745973576778,0.0038007130623759,-0.0102913520964607,-0.0150382432006287,-0.0240756007426514,-0.0226782948315738,-0.0203726875611703,-0.0115022171921441,-0.0027482322147099995,-0.0066796214636002,0.0010734827762915004,0.0006982526415383,-0.0110223206666292,-0.0028470479092584,0.0034894250750535,0.0019566976669782,0.0002745973576778,0.0038007130623759,-0.0102913520964607,0.004961756799371301,-0.004075600742651401,-0.0026782948315738006,-0.0003726875611703012,1.0,1.0
754,62,50,20,0.009286468006297,0.0146463682583296,0.0077935145625494,0.0196235998904703,0.0028797245005705,-0.0105356623900145,-0.0022427216815291,0.0024911345073793,0.002543291381212,-0.0006591061846397,0.0048278130841998,-0.0088134779264057,-0.0121087213783154,-0.0175180464558972,-0.0237069938153411,-0.0228146774527714,-0.010713531993703,-0.0053536317416704,-0.0122064854374506,-0.00037640010952970024,0.0028797245005705,-0.0105356623900145,-0.0022427216815291,0.0024911345073793,0.002543291381212,-0.0006591061846397,0.0048278130841998,-0.0088134779264057,0.007891278621684601,0.0024819535441027996,-0.003706993815341099,-0.0028146774527713983,1.0,1.0
755,62,50,random,0.0081617851162569,0.0126159246237163,0.0130087466479834,0.0206396161783237,0.0030306810469849,-0.0100978270688777,0.0008951608058808,0.0084336177276995,-0.0004744528465,-0.0020969853019214,0.0194245143962538,-0.007727251384061,-0.0276167029243626,-0.0261282509453678,-0.0214990431170362,-0.0188141990900872,-0.011838214883743101,-0.007384075376283701,-0.006991253352016601,0.0006396161783236987,0.0030306810469849,-0.0100978270688777,0.0008951608058808,0.0084336177276995,-0.0004744528465,-0.0020969853019214,0.0194245143962538,-0.007727251384061,-0.0076167029243626,-0.0061282509453678,-0.0014990431170361987,0.001185800909912802,0.9166666666666667,1.0
756,63,1000,1,0.0145674244299176,0.0141578093157338,0.0154399844183625,0.0239834263225719,-0.0197721578350622,-0.0049875036153759,0.0025373109736928,-0.0001410305050112,0.0024995755247762,0.0103946467815825,-0.0020778745250844,0.0026820086216393,-0.014967197687212,-0.0214777867431554,-0.012688057243502,-0.0112004296283301,-0.0054325755700824,-0.0058421906842662,-0.004560015581637501,0.003983426322571898,-0.0197721578350622,-0.0049875036153759,0.0025373109736928,-0.0001410305050112,0.0024995755247762,0.0103946467815825,-0.0020778745250844,0.0026820086216393,0.005032802312788,-0.0014777867431554,0.007311942756498,0.008799570371669901,1.0,0.9375
757,63,1000,10,0.0109346990287741,0.0115071035679038,0.0166391141128656,0.0220373601265624,-0.0101626473838419,-0.003458849959387,-0.0067672994193174,-0.0030887047832956,-0.0009801582785891,0.008926264003134,0.0005059030059535,0.0021974589382805,-0.0172421114569707,-0.0278748905108553,-0.0127222424538168,-0.0149801216245048,-0.0090653009712259,-0.0084928964320962,-0.0033608858871344016,0.002037360126562398,-0.0101626473838419,-0.003458849959387,-0.0067672994193174,-0.0030887047832956,-0.0009801582785891,0.008926264003134,0.0005059030059535,0.0021974589382805,0.002757888543029302,-0.007874890510855298,0.0072777575461832,0.005019878375495201,1.0,1.0
758,63,1000,20,0.0114869838441003,0.0067183656072469,0.0167387287736438,0.0211435150755948,-0.0086326607093813,-0.0037888451854083,-0.0070133093306923,-0.0020453474980559,-0.0011021458047442,0.0070345289239721,-0.0002412475725708,0.0027299242670153,-0.0178493713016284,-0.0260170434165307,-0.0123201190157674,-0.0156553268637561,-0.008513016155899701,-0.013281634392753101,-0.0032612712263562008,0.001143515075594799,-0.0086326607093813,-0.0037888451854083,-0.0070133093306923,-0.0020453474980559,-0.0011021458047442,0.0070345289239721,-0.0002412475725708,0.0027299242670153,0.0021506286983716018,-0.0060170434165306985,0.0076798809842326,0.004344673136243902,0.9791666666666666,1.0
759,63,1000,random,0.0084917837970595,-0.0010794440604057,0.017321451251264,0.0210421052761076,0.0087229410581386,-0.0047772974728616,-0.0096559201012394,-0.0011411237007544,-0.0010697282124351,0.0092664754404165,-0.002231848203234,0.0067851797915696,-0.0156857558000671,-0.0270545389999033,-0.0133515405536491,-0.0186704769644708,-0.011508216202940501,-0.0210794440604057,-0.0026785487487359996,0.0010421052761076,0.0087229410581386,-0.0047772974728616,-0.0096559201012394,-0.0011411237007544,-0.0010697282124351,0.0092664754404165,-0.002231848203234,0.0067851797915696,0.004314244199932902,-0.007054538999903298,0.0066484594463509,0.0013295230355292002,0.875,1.0
760,63,100,1,0.0118492133197693,0.0197331000337634,0.0156757537566669,0.0218477317906003,0.0063948653598205,-0.0034811401175952,-0.0140908387306925,-0.005717111501753,0.0008686064591153,0.0066234534580101,-0.001360654681158,0.000668307857395,-0.0090089862960246,-0.0222559825414243,-0.0103741616427647,-0.0188330259584714,-0.0081507866802307,-0.00026689996623660214,-0.0043242462433331005,0.0018477317906002988,0.0063948653598205,-0.0034811401175952,-0.0140908387306925,-0.005717111501753,0.0008686064591153,0.0066234534580101,-0.001360654681158,0.000668307857395,0.0109910137039754,-0.002255982541424298,0.0096258383572353,0.0011669740415286012,1.0,0.9583333333333333
761,63,100,10,0.0102859017223263,0.013483371634963,0.0181469945030398,0.022948890970032,-0.0024755584386385,-0.0034780946488805,-0.0072136623334361,-0.0035259204225034,-0.0022978629406521,0.0114241552066606,0.0029810553584662,0.0022426682599219,-0.0144969776566968,-0.0278998475186062,-0.014457425101996,-0.0153352202315187,-0.009714098277673701,-0.006516628365037001,-0.0018530054969602,0.0029488909700319983,-0.0024755584386385,-0.0034780946488805,-0.0072136623334361,-0.0035259204225034,-0.0022978629406521,0.0114241552066606,0.0029810553584662,0.0022426682599219,0.0055030223433032,-0.007899847518606201,0.005542574898004001,0.0046647797684813,0.9791666666666666,1.0
762,63,100,20,0.0113369283428536,0.0105877757387327,0.0174733187552996,0.0218889292874071,-0.003085923792934,-0.0044606780839153,-0.007410889374071,-0.0044018806396501,-0.0016147272531638,0.0086780624305871,0.0031124824753416,0.0010996473880278,-0.0136678190053113,-0.0261255684632499,-0.0153129459304349,-0.015022946307039,-0.008663071657146401,-0.0094122242612673,-0.0025266812447004017,0.0018889292874070991,-0.003085923792934,-0.0044606780839153,-0.007410889374071,-0.0044018806396501,-0.0016147272531638,0.0086780624305871,0.0031124824753416,0.0010996473880278,0.006332180994688701,-0.006125568463249898,0.0046870540695651,0.004977053692961,1.0,1.0
763,63,100,random,0.0129348982776284,-0.0101458960578037,0.0203843212415083,0.0217833635447386,0.0163722842572949,-0.0065402738511094,-0.0026878121731721,0.0007145537198242,-0.0096614855589335,0.0141364907065656,2.2964357506669812e-05,0.0094730233211958,-0.0270239882062845,-0.0242624248248023,-0.0148941220636877,-0.0206926578405839,-0.007065101722371601,-0.0301458960578037,0.00038432124150829944,0.001783363544738601,0.0163722842572949,-0.0065402738511094,-0.0026878121731721,0.0007145537198242,-0.0096614855589335,0.0141364907065656,2.2964357506669812e-05,0.0094730233211958,-0.007023988206284498,-0.0042624248248023,0.0051058779363123,-0.0006926578405839004,0.7916666666666667,1.0
764,63,50,1,0.0127405558919804,0.0160753388914037,0.018253164057802,0.0224331676140366,-0.017732862723096,-0.0030999425817732,-0.0031723845276855,0.0012295699660868,-0.003939796791934,0.010857507428205,-0.0028493130153971,0.0077558333937891,-0.0119279894277563,-0.0291633875962128,-0.0187516962258875,-0.0192999700813633,-0.0072594441080196005,-0.0039246611085963015,-0.0017468359421979988,0.0024331676140365993,-0.017732862723096,-0.0030999425817732,-0.0031723845276855,0.0012295699660868,-0.003939796791934,0.010857507428205,-0.0028493130153971,0.0077558333937891,0.0080720105722437,-0.0091633875962128,0.001248303774112499,0.0007000299186366993,1.0,0.9791666666666666
765,63,50,10,0.0107035752922073,0.0265603298725946,0.0166406071657061,0.0214334516467955,-0.0105785831033417,0.0014699747465748,-0.0035081812192396,-0.0038371940419679,-0.0008152606182124,0.0101966543714958,0.0014156265790778,0.0023769424467131,-0.0163725804585135,-0.0205597717865783,-0.0151796196593113,-0.0135357727343302,-0.0092964247077927,0.006560329872594601,-0.0033593928342939006,0.0014334516467954979,-0.0105785831033417,0.0014699747465748,-0.0035081812192396,-0.0038371940419679,-0.0008152606182124,0.0101966543714958,0.0014156265790778,0.0023769424467131,0.0036274195414865013,-0.0005597717865782996,0.0048203803406887,0.0064642272656698,1.0,1.0
766,63,50,20,0.0130958100663597,0.0196200793568602,0.0190060196023163,0.0216022071651293,-0.0095435784090106,0.0019367918593806,-0.0047637448361546,-0.0033189405347038,-0.0007001414910898,0.0082094836807577,0.0012815867825131,0.0004021531321123,-0.0180576323506649,-0.0234414761802367,-0.0150248486008498,-0.0142377027361003,-0.0069041899336403,-0.0003799206431398007,-0.0009939803976837004,0.0016022071651293004,-0.0095435784090106,0.0019367918593806,-0.0047637448361546,-0.0033189405347038,-0.0007001414910898,0.0082094836807577,0.0012815867825131,0.0004021531321123,0.0019423676493351,-0.0034414761802366994,0.0049751513991502,0.0057622972638997,1.0,1.0
767,63,50,random,0.0058585069736797,0.0224741832362225,0.0206236553878014,0.0202504396064906,0.012525336134585,-0.0016912472857189,0.0030775081172313,-0.0016631843440873,-0.0040926457842521,0.011589662670186,-0.0066073386851763,0.0141745952906836,-0.0058960653821825,-0.0213113788485053,-0.0258106880316092,-0.0143815939823715,-0.014141493026320302,0.0024741832362225012,0.0006236553878013994,0.00025043960649059893,0.012525336134585,-0.0016912472857189,0.0030775081172313,-0.0016631843440873,-0.0040926457842521,0.011589662670186,-0.0066073386851763,0.0141745952906836,0.0141039346178175,-0.0013113788485052992,-0.005810688031609199,0.0056184060176285005,0.9375,0.9791666666666666
768,64,1000,1,0.0239650778112402,0.0165844984266609,0.0194039162731454,0.017930028732424,-0.001422381879541,0.0058298264423718,0.0068320650229782,0.0042942750273694,-0.0011069700442244,-0.0044933433564701,0.0028048243531587,0.0053971034262558,-0.018006529686498,-0.0336945887287619,-0.0080753041255068,-0.0236014298962712,0.003965077811240201,-0.0034155015733390998,-0.0005960837268546015,-0.002069971267576,-0.001422381879541,0.0058298264423718,0.0068320650229782,0.0042942750273694,-0.0011069700442244,-0.0044933433564701,0.0028048243531587,0.0053971034262558,0.0019934703135019993,-0.013694588728761902,0.0119246958744932,-0.0036014298962711994,1.0,1.0
769,64,1000,10,0.0246182022494543,0.010402458703214,0.0172773825360916,0.0150052145287522,-0.0001034764512078,0.005742360288741,0.0021284861043497,0.00498821290271,0.0025918169094002,-0.0075296958260757,0.0008540762894827,0.0046920579903255,-0.0137423364685969,-0.0245644921398839,-0.0097094784431821,-0.0260839683435984,0.004618202249454299,-0.009597541296786,-0.0027226174639084014,-0.004994785471247801,-0.0001034764512078,0.005742360288741,0.0021284861043497,0.00498821290271,0.0025918169094002,-0.0075296958260757,0.0008540762894827,0.0046920579903255,0.0062576635314031005,-0.0045644921398838995,0.010290521556817901,-0.006083968343598398,1.0,1.0
770,64,1000,20,0.0246546380325934,0.0089281344675374,0.0167521186261966,0.0143998557831052,-0.0005074599192597,0.0047836966861574,0.0015393479308587,0.0048905433229516,0.0032728387307746,-0.0066886534931551,-0.0002815586516408,0.0044753982486133,-0.0143422189960958,-0.0235887181346706,-0.0089370209150404,-0.0241924053038066,0.004654638032593399,-0.0110718655324626,-0.003247881373803399,-0.0056001442168948,-0.0005074599192597,0.0047836966861574,0.0015393479308587,0.0048905433229516,0.0032728387307746,-0.0066886534931551,-0.0002815586516408,0.0044753982486133,0.0056577810039042005,-0.0035887181346705987,0.0110629790849596,-0.004192405303806601,1.0,1.0
771,64,1000,random,0.020813640416451,0.005824729647051,0.0126674194430458,0.0102178612873849,-0.006868464407215,0.0050608391875495,0.0061719933830557,0.0039451319902325,0.0032733913981994,-0.0069521987400529,0.0021238271875102,0.0049803633769386,-0.0091222882322353,-0.0345022264184811,-0.003254609837741,-0.0265152391777241,0.0008136404164509996,-0.014175270352949,-0.0073325805569542,-0.0097821387126151,-0.006868464407215,0.0050608391875495,0.0061719933830557,0.0039451319902325,0.0032733913981994,-0.0069521987400529,0.0021238271875102,0.0049803633769386,0.0108777117677647,-0.0145022264184811,0.016745390162259,-0.006515239177724098,0.9791666666666666,0.9583333333333334
772,64,100,1,0.0261326166712434,0.0136762036334626,0.0153231466496777,0.0161620992119128,0.0017376293354115,0.0050693332498922,0.0004726943812588,0.0030396122061284,-0.0036348660191657,-0.0060255328957149,0.0048901571252022,0.0080466367900109,-0.0184621974315812,-0.027157746041764,-0.0107680936976032,-0.0274432930250127,0.006132616671243398,-0.006323796366537401,-0.004676853350322301,-0.0038379007880872014,0.0017376293354115,0.0050693332498922,0.0004726943812588,0.0030396122061284,-0.0036348660191657,-0.0060255328957149,0.0048901571252022,0.0080466367900109,0.0015378025684187994,-0.007157746041763998,0.0092319063023968,-0.0074432930250127,1.0,1.0
773,64,100,10,0.0226151909000973,0.0148675420165934,0.0157996613362191,0.0159618288953192,-0.0031977512151448,0.0041727120897518,-0.0007045064933483,0.0030658459577156,-0.0029290248517896,-0.0073212589293558,0.0019917465159185,0.0067588490620789,-0.0154172350548576,-0.0258984658089078,-0.0099081030383292,-0.026851996149213,0.0026151909000972987,-0.005132457983406601,-0.0042003386637809,-0.004038171104680799,-0.0031977512151448,0.0041727120897518,-0.0007045064933483,0.0030658459577156,-0.0029290248517896,-0.0073212589293558,0.0019917465159185,0.0067588490620789,0.0045827649451424,-0.0058984658089078,0.0100918969616708,-0.006851996149212999,1.0,1.0
774,64,100,20,0.0202629236791887,0.0129240159701212,0.0154948698425407,0.0173904395789124,-0.0015733349140931,0.003764234830485,-0.000281079265781,0.0049158128093216,-0.0003752478891312,-0.0049984348334503,-0.000285597872083,0.005996941749786,-0.0159198607502191,-0.0274519979490176,-0.0066912149236752,-0.026282667696586,0.00026292367918870005,-0.007075984029878801,-0.0045051301574593,-0.002609560421087599,-0.0015733349140931,0.003764234830485,-0.000281079265781,0.0049158128093216,-0.0003752478891312,-0.0049984348334503,-0.000285597872083,0.005996941749786,0.004080139249780901,-0.007451997949017599,0.0133087850763248,-0.006282667696585999,1.0,1.0
775,64,100,random,0.0282773455726849,0.0052165064690667,0.0084341549243044,0.0055918592787737,-0.008221147145763,-0.0060885151668212,-0.0003515063930611,-0.0003896821733838,0.0011660038204035,-0.0113009238884022,0.004335856589519,0.0050404721731043,-0.0115061346138454,-0.0412854332923772,0.0015186695020315,-0.0235349318759561,0.008277345572684898,-0.0147834935309333,-0.0115658450756956,-0.0144081407212263,-0.008221147145763,-0.0060885151668212,-0.0003515063930611,-0.0003896821733838,0.0011660038204035,-0.0113009238884022,0.004335856589519,0.0050404721731043,0.008493865386154601,-0.021285433292377202,0.0215186695020315,-0.003534931875956101,1.0,0.875
776,64,50,1,0.0242190100192607,0.0118447938098108,0.0112224542414993,0.0169647854746441,-0.0058679721791235,0.0115281745204673,0.0066846768835568,0.0049146053758918,2.476845665522499e-05,-0.011740570097349,0.0010289666480883,0.0111254567294425,-0.0234792025012951,-0.0358533027420183,-0.0015221803502547,-0.0311650189022671,0.004219010019260699,-0.008155206190189201,-0.008777545758500701,-0.003035214525355899,-0.0058679721791235,0.0115281745204673,0.0066846768835568,0.0049146053758918,2.476845665522499e-05,-0.011740570097349,0.0010289666480883,0.0111254567294425,-0.0034792025012951,-0.015853302742018297,0.0184778196497453,-0.0111650189022671,0.9791666666666666,0.9583333333333334
777,64,50,10,0.0270200643340813,0.0110333873133352,0.0139776980916647,0.0150224430494692,0.000758544701163,0.0108032146614886,0.0064388690790162,0.0067520402829166,-0.0008276657891106,-0.0120034334610306,-0.0005592954222552,0.0065023120474705,-0.0177393959228938,-0.0251013596675911,-0.0091375087174459,-0.0277472126852024,0.0070200643340813,-0.0089666126866648,-0.0060223019083353,-0.004977556950530801,0.000758544701163,0.0108032146614886,0.0064388690790162,0.0067520402829166,-0.0008276657891106,-0.0120034334610306,-0.0005592954222552,0.0065023120474705,0.0022606040771061993,-0.0051013596675911,0.0108624912825541,-0.007747212685202398,1.0,0.9791666666666666
778,64,50,20,0.0258216613833011,0.0091882678074807,0.0137038665395916,0.0139739880870243,3.174031297159925e-06,0.0088856192905702,0.0043000684260375,0.0072055689187548,-0.0025469236381763,-0.0100858772081365,-0.0028204836913919,0.0043195935980094,-0.0192933882269586,-0.0209119626710158,-0.0072283612162256,-0.0261381885577927,0.005821661383301098,-0.0108117321925193,-0.006296133460408401,-0.0060260119129757,3.174031297159925e-06,0.0088856192905702,0.0043000684260375,0.0072055689187548,-0.0025469236381763,-0.0100858772081365,-0.0028204836913919,0.0043195935980094,0.0007066117730414011,-0.0009119626710158008,0.012771638783774401,-0.0061381885577927,1.0,0.9791666666666666
779,64,50,random,0.025752468387967,0.0073328180728479,0.0087776684647268,0.0170052431314529,-0.0064272662265353,0.0137005565757082,0.0103583314288207,0.0060947109863502,0.005276722942102,-0.0145337353186062,-0.002334737606388,0.0072311517491946,-0.0170653747232824,-0.0537017577547675,-0.0021677255533482,-0.034213154985315,0.005752468387966999,-0.012667181927152101,-0.011222331535273201,-0.0029947568685471,-0.0064272662265353,0.0137005565757082,0.0103583314288207,0.0060947109863502,0.005276722942102,-0.0145337353186062,-0.002334737606388,0.0072311517491946,0.0029346252767176,-0.0337017577547675,0.0178322744466518,-0.014213154985314998,0.9166666666666667,0.9375
780,65,1000,1,0.0173842206881573,0.0101773164116388,0.016706619136932,0.0256193330476855,0.0028451541909954,-0.0006509813925122,0.0094864539681747,-0.008980209037664,0.0067197307475934,0.0009635792928997,-0.0053419451746671,0.0054321727357791,-0.0204051242972235,-0.0238890636478578,-0.0228878666383321,-0.0109163233826447,-0.0026157793118426996,-0.0098226835883612,-0.003293380863068001,0.005619333047685499,0.0028451541909954,-0.0006509813925122,0.0094864539681747,-0.008980209037664,0.0067197307475934,0.0009635792928997,-0.0053419451746671,0.0054321727357791,-0.00040512429722349905,-0.0038890636478578003,-0.0028878666383320983,0.009083676617355301,1.0,1.0
781,65,1000,10,0.0150242861262936,0.0135072286645039,0.0144745429359663,0.0238710687180053,0.0042870847468596,-0.001428194347162,0.0098384610984376,-0.0047168948298855,0.0072132316892043,0.0038221834492697,-0.001611608553517,0.0090023801588536,-0.0214641701880218,-0.0265214014976939,-0.020346712414065,-0.0178327125624349,-0.0049757138737064,-0.006492771335496101,-0.005525457064033701,0.0038710687180052994,0.0042870847468596,-0.001428194347162,0.0098384610984376,-0.0047168948298855,0.0072132316892043,0.0038221834492697,-0.001611608553517,0.0090023801588536,-0.0014641701880218003,-0.0065214014976939,-0.00034671241406500006,0.002167287437565099,1.0,1.0
782,65,1000,20,0.0137593324020016,0.0126763304068517,0.0139237060716755,0.0226868852820063,0.0027647843347595,-0.0025129802478899,0.0098488820404315,-0.0045264453849394,0.0084027494986117,0.0040037750685227,-0.0011825441442221,0.0088435083435767,-0.0221311421349249,-0.0272230874326139,-0.0198230562634151,-0.0195516409964101,-0.006240667597998401,-0.007323669593148301,-0.006076293928324501,0.0026868852820063002,0.0027647843347595,-0.0025129802478899,0.0098488820404315,-0.0045264453849394,0.0084027494986117,0.0040037750685227,-0.0011825441442221,0.0088435083435767,-0.0021311421349249,-0.007223087432613899,0.00017694373658489956,0.00044835900358990155,1.0,1.0
783,65,1000,random,0.0136656830120229,0.0161986741091875,0.0125259924204249,0.0195649496671866,0.0041315712159035,0.002924622453835,0.0134519320688154,-0.0015917828410421,0.0188516538936872,0.0031415530534033,-0.0015703055749971,0.0066440995125497,-0.0242927992006049,-0.0232108101064276,-0.022052397129888,-0.0122736688621698,-0.006334316987977101,-0.0038013258908125014,-0.007474007579575101,-0.00043505033281340116,0.0041315712159035,0.002924622453835,0.0134519320688154,-0.0015917828410421,0.0188516538936872,0.0031415530534033,-0.0015703055749971,0.0066440995125497,-0.004292799200604901,-0.003210810106427601,-0.0020523971298880006,0.0077263311378302,0.9166666666666667,1.0
784,65,100,1,0.0119044986101312,0.0120914317918784,0.0158656057934664,0.0262275354460679,-0.0046322691205876,-0.0101621322373068,0.0126561618508945,-0.0058021064935361,0.0047305373418333,0.0079858704405591,-0.0005003988116372,0.0078447450838335,-0.0293294528490804,-0.0223218661478224,-0.0287892411507755,-0.0165003928569056,-0.0080955013898688,-0.007908568208121601,-0.004134394206533599,0.006227535446067901,-0.0046322691205876,-0.0101621322373068,0.0126561618508945,-0.0058021064935361,0.0047305373418333,0.0079858704405591,-0.0005003988116372,0.0078447450838335,-0.009329452849080398,-0.002321866147822399,-0.0087892411507755,0.0034996071430943992,0.9583333333333333,1.0
785,65,100,10,0.0148994146726112,0.014808145732718,0.0160794438570868,0.0247425287812036,0.0020865639940974,-0.0062035644824421,0.0116108423194539,-0.0072003695105772,0.0054547579446262,0.0064226598718285,-0.0028644685286992,0.0067187528874108,-0.0247981907148597,-0.0230586225712271,-0.021670816233491,-0.0196983879830294,-0.0051005853273888,-0.005191854267282,-0.003920556142913201,0.004742528781203601,0.0020865639940974,-0.0062035644824421,0.0116108423194539,-0.0072003695105772,0.0054547579446262,0.0064226598718285,-0.0028644685286992,0.0067187528874108,-0.0047981907148597,-0.0030586225712271008,-0.0016708162334909994,0.0003016120169706017,1.0,1.0
786,65,100,20,0.0125457563697203,0.0136163808554701,0.0155305915762629,0.0251243411988217,0.0024166852002286,-0.0086501526786483,0.0095115886357029,-0.0067153048251186,0.0075281974906863,0.0054998259727014,-0.0030605745518369,0.0062838936231972,-0.0209893611758437,-0.0237124137604942,-0.0206398412245898,-0.020451941460543,-0.007454243630279701,-0.0063836191445299,-0.0044694084237371,0.0051243411988217,0.0024166852002286,-0.0086501526786483,0.0095115886357029,-0.0067153048251186,0.0075281974906863,0.0054998259727014,-0.0030605745518369,0.0062838936231972,-0.0009893611758436983,-0.0037124137604942,-0.0006398412245898003,-0.0004519414605430004,1.0,1.0
787,65,100,random,0.0159613138339275,0.0189196221733675,0.0092624699518159,0.0232688434343586,0.0074366557795825,-0.008346772713223,0.0117958353014453,-0.0014637349579114,0.0160189279363632,0.005857625759772,-0.0052270034058932,0.0049173075417515,-0.0258676629939255,-0.0294959324963097,-0.03991361489788,-0.021991665827525,-0.004038686166072499,-0.001080377826632499,-0.010737530048184101,0.003268843434358598,0.0074366557795825,-0.008346772713223,0.0117958353014453,-0.0014637349579114,0.0160189279363632,0.005857625759772,-0.0052270034058932,0.0049173075417515,-0.0058676629939255,-0.0094959324963097,-0.01991361489788,-0.001991665827525,0.9375,1.0
788,65,50,1,0.0179422428972762,0.0085065389553245,0.0077158011190686,0.0228591864765034,-0.0001469656225236,0.0078206927161102,0.0110629661324434,0.0002709008917552,0.0085888570368448,-0.0069167093190315,-0.0014056706916261,0.0118874291555361,-0.0231267157479954,-0.0230889413878195,-0.014305469037679,-0.0118700862780508,-0.002057757102723802,-0.011493461044675501,-0.0122841988809314,0.002859186476503399,-0.0001469656225236,0.0078206927161102,0.0110629661324434,0.0002709008917552,0.0085888570368448,-0.0069167093190315,-0.0014056706916261,0.0118874291555361,-0.0031267157479954004,-0.0030889413878195,0.005694530962321,0.0081299137219492,0.8541666666666667,1.0
789,65,50,10,0.0123692214485063,0.0116744677252089,0.0120557154851675,0.0205036482939479,0.0002956308254694,-0.0003937793689668,0.0079347785746791,-0.0021190764537367,0.0100251214199883,4.074587906906547e-05,-0.0024000536566557,0.0089001378455812,-0.0239891689767096,-0.0215775608038844,-0.0142893529167022,-0.0137898935821431,-0.007630778551493701,-0.0083255322747911,-0.0079442845148325,0.0005036482939478996,0.0002956308254694,-0.0003937793689668,0.0079347785746791,-0.0021190764537367,0.0100251214199883,4.074587906906547e-05,-0.0024000536566557,0.0089001378455812,-0.0039891689767096,-0.0015775608038843987,0.0057106470832978,0.0062101064178569,1.0,1.0
790,65,50,20,0.0115279083091044,0.0121121127128146,0.0129296933900915,0.0196242801049309,0.0029174166519413,0.0010623627872684,0.0092081417283791,-0.0051296034178974,0.0104834517720273,0.0023483019886547,-0.0027797621481792,0.0077393571456262,-0.0247683679172415,-0.0243249651682993,-0.0131368586511321,-0.0209440000904328,-0.0084720916908956,-0.0078878872871854,-0.007070306609908501,-0.00037571989506909875,0.0029174166519413,0.0010623627872684,0.0092081417283791,-0.0051296034178974,0.0104834517720273,0.0023483019886547,-0.0027797621481792,0.0077393571456262,-0.0047683679172415006,-0.004324965168299298,0.006863141348867901,-0.0009440000904328005,1.0,1.0
791,65,50,random,0.0217479419876968,0.0160399843060804,0.016573183390541,0.018839833686926,-0.0090977877977945,0.0035753477982412,0.0077009003941653,0.0099899713623702,0.0173637168997591,-0.0091711096616679,0.0086149961009172,0.0215013188434465,-0.02660789753319,-0.0062586181196735,-0.0146107872749952,-0.0089233511005804,0.0017479419876967987,-0.0039600156939196,-0.003426816609459,-0.0011601663130740014,-0.0090977877977945,0.0035753477982412,0.0077009003941653,0.0099899713623702,0.0173637168997591,-0.0091711096616679,0.0086149961009172,0.0215013188434465,-0.0066078975331900006,0.0137413818803265,0.0053892127250048,0.011076648899419601,0.8958333333333334,0.9166666666666667
792,66,1000,1,0.0238610755881419,0.0171580982583095,0.0207817109056989,0.0284487834220092,0.0081871315180104,0.0080518692290991,0.0038806797653389,-0.0074821343310593,-0.0004389699793782,-0.0258451026472921,0.0060357786508377,0.0136741417053716,-0.0015233188209702,-0.0131162715365044,-0.0162132437562788,-0.0257229729554284,0.0038610755881418983,-0.0028419017416905015,0.0007817109056988993,0.0084487834220092,0.0081871315180104,0.0080518692290991,0.0038806797653389,-0.0074821343310593,-0.0004389699793782,-0.0258451026472921,0.0060357786508377,0.0136741417053716,0.0184766811790298,0.0068837284634956,0.0037867562437212017,-0.005722972955428399,1.0,0.8958333333333334
793,66,1000,10,0.0248149763588177,0.0153517113352934,0.0160569605428249,0.0245839582908634,0.0046660967471514,0.0074100327606433,0.0037107796571167,-0.0098867373173969,0.0014304521342109,-0.0142324192452632,0.0020241012601847,0.0091166924528344,-0.006882446039417,-0.0131462665519519,-0.0162182152874523,-0.0270102428888172,0.0048149763588177,-0.004648288664706601,-0.003943039457175099,0.004583958290863398,0.0046660967471514,0.0074100327606433,0.0037107796571167,-0.0098867373173969,0.0014304521342109,-0.0142324192452632,0.0020241012601847,0.0091166924528344,0.013117553960583,0.006853733448048101,0.0037817847125477012,-0.0070102428888172,1.0,0.9375
794,66,1000,20,0.0237691721632589,0.0147496089367195,0.0154313462392291,0.024459238660525,0.0049778039632263,0.0057385260562303,0.0037775846591265,-0.0102522485903229,0.0011267820685667,-0.0138171394039846,0.0026229923109424,0.0097635992324918,-0.0064940121479629,-0.012593520784712,-0.0163023927943895,-0.0259021635725631,0.0037691721632589006,-0.005250391063280501,-0.0045686537607709,0.004459238660525,0.0049778039632263,0.0057385260562303,0.0037775846591265,-0.0102522485903229,0.0011267820685667,-0.0138171394039846,0.0026229923109424,0.0097635992324918,0.013505987852037101,0.007406479215288,0.0036976072056104994,-0.0059021635725630996,1.0,0.9375
795,66,1000,random,0.0193107641724528,0.0156052212251637,0.0192781326957571,0.0201120545365577,-0.0024925761864729,0.0031116686571675,0.0042914738909253,-0.0088126304885292,0.0014008928644511,-0.0201065534974837,-0.0069426899049295,0.0017120970768571,-0.0033040836614237,-0.0103247905205873,-0.0264531521333267,-0.0206793244351421,-0.0006892358275472008,-0.004394778774836301,-0.0007218673042428993,0.0001120545365576979,-0.0024925761864729,0.0031116686571675,0.0042914738909253,-0.0088126304885292,0.0014008928644511,-0.0201065534974837,-0.0069426899049295,0.0017120970768571,0.0166959163385763,0.009675209479412701,-0.006453152133326701,-0.000679324435142098,1.0,0.9166666666666666
796,66,100,1,0.0264089446366947,0.0156786137551661,0.0166088146571153,0.0238766311176713,0.0006352356715641,0.0064200257208218,0.0022006859577384,-0.0088765973082645,0.0052400564185612,-0.0059088060981564,-0.0044097481602958,-0.0030311309961468,-0.0041351438766065,-0.012489226700398,-0.0176478418786078,-0.0253165344848415,0.0064089446366947,-0.0043213862448339,-0.0033911853428847012,0.0038766311176712982,0.0006352356715641,0.0064200257208218,0.0022006859577384,-0.0088765973082645,0.0052400564185612,-0.0059088060981564,-0.0044097481602958,-0.0030311309961468,0.0158648561233935,0.0075107732996019996,0.002352158121392202,-0.005316534484841498,1.0,0.9375
797,66,100,10,0.0258466433602388,0.0142680724231421,0.0160935497151565,0.0259568245080863,0.002513030022912,0.0108744886576877,0.0045192866803101,-0.0060261854234197,0.0036564607426762,-0.0102661259273652,0.0033459443356538,0.0088293187518407,-0.0049040867725486,-0.0135330460095286,-0.0179204572886115,-0.0272287439212748,0.005846643360238799,-0.005731927576857901,-0.003906450284843502,0.005956824508086298,0.002513030022912,0.0108744886576877,0.0045192866803101,-0.0060261854234197,0.0036564607426762,-0.0102661259273652,0.0033459443356538,0.0088293187518407,0.0150959132274514,0.0064669539904714,0.0020795427113885004,-0.007228743921274799,1.0,0.9583333333333334
798,66,100,20,0.0250709172689907,0.0132025996652363,0.0147801716465756,0.0262251574493915,0.0047438790668535,0.0082868683820399,0.0047216710465317,-0.0077948132737389,0.003232995904282,-0.0101434599536703,0.0050454725908574,0.0112698820836198,-0.0037322718625375,-0.0120832537483319,-0.0187813410551797,-0.0269593927497539,0.005070917268990699,-0.0067974003347637,-0.0052198283534244,0.006225157449391498,0.0047438790668535,0.0082868683820399,0.0047216710465317,-0.0077948132737389,0.003232995904282,-0.0101434599536703,0.0050454725908574,0.0112698820836198,0.016267728137462502,0.0079167462516681,0.0012186589448202993,-0.0069593927497539,1.0,0.9583333333333334
799,66,100,random,0.0227258671203271,0.0172198945459898,0.0139596685836103,0.0231051131640172,-0.0085809414832959,-0.004355830678142,0.0074807034974136,-0.0044952697152198,0.001066638237716,-0.0026218919132256,-0.006323295540471,0.0023943931421449,-0.0046849980208228,-0.009791986023207,-0.0457824151209949,-0.0163993010882977,0.002725867120327099,-0.002780105454010199,-0.0060403314163897,0.0031051131640171988,-0.0085809414832959,-0.004355830678142,0.0074807034974136,-0.0044952697152198,0.001066638237716,-0.0026218919132256,-0.006323295540471,0.0023943931421449,0.0153150019791772,0.010208013976793,-0.0257824151209949,0.0036006989117023,1.0,0.9583333333333334
800,66,50,1,0.0228590994491296,0.0211231834045574,0.0239073785738562,0.0330648146114322,0.0094820634627414,0.0040990241079881,-0.0018940891563534,-0.0111961879327289,0.0111164547236591,-0.0040778449473261,0.0010851777049989,0.0136082732157413,-0.0189372285946633,-0.0123513212952345,-0.0075136516355422,-0.0287305625614307,0.0028590994491295985,0.0011231834045574013,0.003907378573856198,0.013064814611432201,0.0094820634627414,0.0040990241079881,-0.0018940891563534,-0.0111961879327289,0.0111164547236591,-0.0040778449473261,0.0010851777049989,0.0136082732157413,0.0010627714053366988,0.0076486787047655,0.0124863483644578,-0.008730562561430701,1.0,0.9791666666666666
801,66,50,10,0.0201627294179702,0.0156572875417766,0.0168957054286012,0.0213783905261129,0.0052567438488465,0.0051918174422169,0.0018533825235039,-0.0130365191888936,0.00178680798516,-0.0168101947614457,0.0002347293581191,0.0110654428279909,-0.0082723661550089,-0.0116596668518757,-0.0071252835753988,-0.0270701682498775,0.00016272941797020046,-0.004342712458223399,-0.0031042945713988003,0.0013783905261129,0.0052567438488465,0.0051918174422169,0.0018533825235039,-0.0130365191888936,0.00178680798516,-0.0168101947614457,0.0002347293581191,0.0110654428279909,0.0117276338449911,0.008340333148124301,0.0128747164246012,-0.007070168249877499,1.0,0.875
802,66,50,20,0.0199120936808812,0.0156285977271933,0.0189344801012776,0.0235721523351335,0.0072233105481233,0.004155143562646,0.0036372461143441,-0.0151249289583989,0.0020642080569905,-0.0154342610500792,0.0048432048648901,0.0133230500687959,-0.0116086065504605,-0.0099867763076068,-0.0115545314659398,-0.0281588844324128,-8.790631911879954e-05,-0.004371402272806701,-0.0010655198987223995,0.0035721523351334994,0.0072233105481233,0.004155143562646,0.0036372461143441,-0.0151249289583989,0.0020642080569905,-0.0154342610500792,0.0048432048648901,0.0133230500687959,0.0083913934495395,0.0100132236923932,0.0084454685340602,-0.008158884432412798,1.0,0.875
803,66,50,random,0.0162311573724151,0.0118302100653793,0.032049212903349,0.0207595459193197,0.0004549552549031,-0.0015694514924924,0.0010480998312991,-0.0028832593690196,9.712243936318456e-05,-0.0222389619506039,-0.0152854431933414,0.0216439973449753,-0.0045335306881231,-0.0076675822491301,-0.0374066733052269,-0.0221863698924915,-0.003768842627584902,-0.0081697899346207,0.012049212903349,0.0007595459193197006,0.0004549552549031,-0.0015694514924924,0.0010480998312991,-0.0028832593690196,9.712243936318456e-05,-0.0222389619506039,-0.0152854431933414,0.0216439973449753,0.0154664693118769,0.0123324177508699,-0.0174066733052269,-0.002186369892491498,0.9375,0.8958333333333334
804,67,1000,1,0.0202883037533639,0.024887113555358,0.0243997973924368,0.0124114038679114,0.0009381564652766,-0.0189315458606326,0.0070044245872193,0.0020013554788992,-0.0080329245956071,0.008600780157728,-0.0102985385834035,0.0014860851642886,-0.0057933496767985,-0.0197612126648431,-0.0156711022091333,-0.0355084705020532,0.0002883037533638992,0.004887113555358001,0.004399797392436799,-0.0075885961320886,0.0009381564652766,-0.0189315458606326,0.0070044245872193,0.0020013554788992,-0.0080329245956071,0.008600780157728,-0.0102985385834035,0.0014860851642886,0.014206650323201502,0.00023878733515689948,0.0043288977908667,-0.015508470502053198,1.0,0.9166666666666666
805,67,1000,10,0.0194889516460984,0.0248592505817397,0.0223685620917699,0.0124484873526097,-0.0057451140804385,-0.0167621058447743,0.0062135770941423,0.0003545831990671,-0.0040724496617788,0.0053405595433261,-0.0075954619268158,0.0012358699046248,-0.0097370108071796,-0.0161637490360697,-0.0152713869550821,-0.0327588642625369,-0.0005110483539015991,0.0048592505817397005,0.0023685620917698984,-0.007551512647390301,-0.0057451140804385,-0.0167621058447743,0.0062135770941423,0.0003545831990671,-0.0040724496617788,0.0053405595433261,-0.0075954619268158,0.0012358699046248,0.0102629891928204,0.0038362509639302995,0.0047286130449179006,-0.0127588642625369,1.0,0.9375
806,67,1000,20,0.0206766162495749,0.0242347778313241,0.0206602125498283,0.0108594171941585,-0.0067052595674349,-0.0162716886861433,0.0054955884858263,0.0008890801512763,-0.0030781796395589,0.0032305736334439,-0.006099210545087,-0.0005485918555369,-0.0099216038543423,-0.0150785432658481,-0.0158073939066817,-0.0310253567780408,0.0006766162495749004,0.0042347778313240984,0.0006602125498283012,-0.0091405828058415,-0.0067052595674349,-0.0162716886861433,0.0054955884858263,0.0008890801512763,-0.0030781796395589,0.0032305736334439,-0.006099210545087,-0.0005485918555369,0.010078396145657701,0.0049214567341519,0.004192606093318299,-0.011025356778040798,1.0,0.9375
807,67,1000,random,0.0069752552628858,0.0154365781362503,0.0168495739547904,0.0060153510912369,-0.0072746906142795,-0.0201713210676331,0.0054520080625738,0.01119333841744,-0.0026764344267005,0.00359184194437,-0.0057325779923643,-0.0047590554981021,-0.0106343374565061,-0.0082801716720789,-0.0179305394959749,-0.0245742425815377,-0.0130247447371142,-0.0045634218637497,-0.0031504260452096013,-0.0139846489087631,-0.0072746906142795,-0.0201713210676331,0.0054520080625738,0.01119333841744,-0.0026764344267005,0.00359184194437,-0.0057325779923643,-0.0047590554981021,0.009365662543493901,0.0117198283279211,0.0020694605040251016,-0.004574242581537699,0.9583333333333333,0.9375
808,67,100,1,0.0204415862268358,0.0268828183414797,0.0191115413756632,0.0151759155888423,-0.0068427974518684,-0.0107961931868092,0.0134256215430016,0.0014175194820371,-0.0023779736734243,0.0065532574159921,-0.0080929510458779,0.0020228902379016,-0.0136102096225896,-0.0202061678166843,-0.014714292786891,-0.0263158905918496,0.0004415862268358009,0.006882818341479701,-0.0008884586243367992,-0.004824084411157701,-0.0068427974518684,-0.0107961931868092,0.0134256215430016,0.0014175194820371,-0.0023779736734243,0.0065532574159921,-0.0080929510458779,0.0020228902379016,0.006389790377410401,-0.0002061678166843002,0.005285707213109,-0.006315890591849598,1.0,1.0
809,67,100,10,0.0151489126166247,0.025559750438552,0.021253056379269,0.013025866740165,-0.0052703320892972,-0.013746532721365,0.0085122023363191,0.0038562806295204,-0.0036327413906377,0.0070896050771982,-0.0092709731292556,0.0025442742371663,-0.0037697033063525,-0.0182485307579036,-0.0175811280480188,-0.0330420124422561,-0.004851087383375301,0.005559750438551999,0.0012530563792690005,-0.006974133259835001,-0.0052703320892972,-0.013746532721365,0.0085122023363191,0.0038562806295204,-0.0036327413906377,0.0070896050771982,-0.0092709731292556,0.0025442742371663,0.0162302966936475,0.0017514692420964005,0.0024188719519812017,-0.013042012442256102,1.0,0.9375
810,67,100,20,0.0159351019453473,0.026174775653952,0.0180256316432432,0.0112757795827053,-0.0069012229016601,-0.0115125745551172,0.0058442668394037,0.0043809585073581,-0.003468558173089,0.0063936816336825,-0.0082142132644735,0.0020792211723106,-0.003233243407361,-0.0182674800073489,-0.0195719341460081,-0.0304783060131148,-0.0040648980546527,0.006174775653952001,-0.001974368356756802,-0.0087242204172947,-0.0069012229016601,-0.0115125745551172,0.0058442668394037,0.0043809585073581,-0.003468558173089,0.0063936816336825,-0.0082142132644735,0.0020792211723106,0.016766756592639,0.001732519992651102,0.0004280658539918998,-0.0104783060131148,1.0,0.9166666666666667
811,67,100,random,0.0016494244499257,0.0193313838711922,0.0102901144450254,0.004975450115514,-0.005166973559636,-0.0255044232801846,0.0047698616738412,0.0162326299046805,-0.0024211562273957,0.00490255398652,-0.0121542786364946,0.0027067668237719,-0.0031088859403891,-0.0185971663683448,-0.0239080875989446,-0.0317987694294358,-0.0183505755500743,-0.0006686161288078016,-0.0097098855549746,-0.015024549884486,-0.005166973559636,-0.0255044232801846,0.0047698616738412,0.0162326299046805,-0.0024211562273957,0.00490255398652,-0.0121542786364946,0.0027067668237719,0.016891114059610902,0.0014028336316551995,-0.0039080875989446,-0.011798769429435797,0.8750000000000001,0.8958333333333334
812,67,50,1,0.022116234239213,0.021841087564366,0.015494666484646,0.0157165151576032,0.000447691921207,-0.01110020518308,0.0112060743267051,-0.0001569222207301,-0.004085668557566,0.0163925823954425,-0.0143602427088542,0.0058100109963019,-0.0133811416546593,-0.0090943404491797,-0.0135532989377761,-0.0316357559992891,0.002116234239212998,0.001841087564366,-0.004505333515354001,-0.004283484842396799,0.000447691921207,-0.01110020518308,0.0112060743267051,-0.0001569222207301,-0.004085668557566,0.0163925823954425,-0.0143602427088542,0.0058100109963019,0.0066188583453407005,0.0109056595508203,0.0064467010622239005,-0.011635755999289097,0.9583333333333333,0.9166666666666667
813,67,50,10,0.0239190882422824,0.0261017716125424,0.0188890802169585,0.010900749884023,-0.0035966896281154,-0.0203285532886964,0.0104309123274184,-0.0005710493365011,-0.0064036349222539,0.0074464815435621,-0.0099956082010337,0.002622356796096,-0.0114399301843672,-0.0111318700297888,-0.0112215536640148,-0.0336744171869098,0.0039190882422824,0.006101771612542401,-0.0011109197830415016,-0.009099250115977,-0.0035966896281154,-0.0203285532886964,0.0104309123274184,-0.0005710493365011,-0.0064036349222539,0.0074464815435621,-0.0099956082010337,0.002622356796096,0.008560069815632801,0.0088681299702112,0.0087784463359852,-0.013674417186909798,1.0,0.9375
814,67,50,20,0.0263275449260325,0.0276186332105911,0.0165663906400674,0.0089705418102253,-0.005130103930033,-0.0139063604342026,0.0081699984477489,0.0002023846160193,-0.0022837295249445,0.0044232613654641,-0.0108428695316929,0.0011214899486155,-0.0123879764691176,-0.0121487515661007,-0.009321307484272,-0.0329435625422716,0.006327544926032498,0.0076186332105911,-0.0034336093599326017,-0.0110294581897747,-0.005130103930033,-0.0139063604342026,0.0081699984477489,0.0002023846160193,-0.0022837295249445,0.0044232613654641,-0.0108428695316929,0.0011214899486155,0.0076120235308823996,0.0078512484338993,0.010678692515728,-0.012943562542271598,1.0,0.9166666666666667
815,67,50,random,0.0146680130136391,0.0143633149312043,0.007557516967809,0.0055391408042927,-0.0035634560711416,-0.0275047298377771,0.0145447914795162,0.013713301850931,0.0048519421623431,-0.0006634692946454,-0.0058567820787897,-0.0003836223568068,-0.0140269433701757,0.0112244221167195,-0.0117509965527849,-0.0237200563814454,-0.0053319869863609,-0.005636685068795701,-0.012442483032191,-0.0144608591957073,-0.0035634560711416,-0.0275047298377771,0.0145447914795162,0.013713301850931,0.0048519421623431,-0.0006634692946454,-0.0058567820787897,-0.0003836223568068,0.005973056629824301,0.0312244221167195,0.0082490034472151,-0.003720056381445399,0.8541666666666666,0.7708333333333333
816,68,1000,1,0.013388006837954,0.0177377894744838,0.0150957595707674,0.0100804348305758,0.0010497439095864,0.0092271835647276,-0.0090217505897067,-0.0156949498690722,-0.0014985724080024,0.004053172811969,0.004825721581717,0.001287242808189,-0.0204729076519983,-0.0198905919220623,-0.0421179707717518,-0.0047703368343411,-0.006611993162046,-0.0022622105255162006,-0.0049042404292326,-0.0099195651694242,0.0010497439095864,0.0092271835647276,-0.0090217505897067,-0.0156949498690722,-0.0014985724080024,0.004053172811969,0.004825721581717,0.001287242808189,-0.0004729076519983007,0.00010940807793769977,-0.0221179707717518,0.0152296631656589,1.0,0.9583333333333334
817,68,1000,10,0.0167769073031691,0.0194616805175029,0.0120925883139156,0.0118592864467917,0.0054587503909774,0.0058340166622965,-0.0038756701801418,-0.0072054526323233,-0.003599830494199,0.0039377179120964,0.0025189689697886,8.781725198748435e-05,-0.0293668548390352,-0.0264566318588723,-0.0489888534995173,-0.0092585698997739,-0.003223092696830899,-0.0005383194824971002,-0.0079074116860844,-0.008140713553208301,0.0054587503909774,0.0058340166622965,-0.0038756701801418,-0.0072054526323233,-0.003599830494199,0.0039377179120964,0.0025189689697886,8.781725198748435e-05,-0.0093668548390352,-0.0064566318588723005,-0.0289888534995173,0.0107414301002261,1.0,1.0
818,68,1000,20,0.0169870489457492,0.0183821681351156,0.0108692710154787,0.011563337362866,0.0043589582086366,0.0053010853346545,-0.0024918399128237,-0.0072309505745358,-0.0036213804457076,0.0037563676359496,0.0017052769432634,0.0002885550330863,-0.0264030550012097,-0.0255347586234768,-0.0518792633819729,-0.0097917001160415,-0.0030129510542508016,-0.0016178318648844003,-0.0091307289845213,-0.008436662637134001,0.0043589582086366,0.0053010853346545,-0.0024918399128237,-0.0072309505745358,-0.0036213804457076,0.0037563676359496,0.0017052769432634,0.0002885550330863,-0.0064030550012097,-0.005534758623476799,-0.0318792633819729,0.0102082998839585,1.0,1.0
819,68,1000,random,0.0157590477331043,0.0114084977949922,0.0100293985513881,0.006277483170232,-0.0007140089652484,0.0023833687722628,0.0007454160857794,-0.0071396505610959,-0.0040879993519074,0.0054884706648558,0.0002501496173257,-0.001286292743929,-0.0360496090185525,-0.0251622711167354,-0.0483695325275213,-0.0128100119733255,-0.004240952266895699,-0.0085915022050078,-0.0099706014486119,-0.013722516829768001,-0.0007140089652484,0.0023833687722628,0.0007454160857794,-0.0071396505610959,-0.0040879993519074,0.0054884706648558,0.0002501496173257,-0.001286292743929,-0.016049609018552503,-0.005162271116735399,-0.028369532527521297,0.007189988026674501,1.0,1.0
820,68,100,1,0.0149451296008818,0.018483609155951,0.0162147216975828,0.0100595429659893,0.0113832922841736,0.0065395535202963,0.0041957082784193,-0.0121923360128464,-0.0087950792864847,0.0043542798145989,0.0004487674089797,-0.000485553726252,-0.030583158296085,-0.019697296814647,-0.048269140541313,-0.0117372203263406,-0.0050548703991182,-0.0015163908440490002,-0.003785278302417202,-0.0099404570340107,0.0113832922841736,0.0065395535202963,0.0041957082784193,-0.0121923360128464,-0.0087950792864847,0.0043542798145989,0.0004487674089797,-0.000485553726252,-0.010583158296084999,0.0003027031853530017,-0.028269140541313003,0.0082627796736594,0.9791666666666666,0.9791666666666666
821,68,100,10,0.0163412297656995,0.0186487449178756,0.013125378105854,0.0091111634240382,0.0027780213161778,0.0065085750761387,0.001435845130123,-0.0118835526901518,-0.0038544476707917,0.0033456217107324,0.0033885046890541,-0.0019025194734173,-0.0273174846290075,-0.0235677046541638,-0.053518355592175,-0.0063542401378984,-0.0036587702343005013,-0.0013512550821244002,-0.006874621894146001,-0.0108888365759618,0.0027780213161778,0.0065085750761387,0.001435845130123,-0.0118835526901518,-0.0038544476707917,0.0033456217107324,0.0033885046890541,-0.0019025194734173,-0.007317484629007498,-0.003567704654163801,-0.033518355592175,0.0136457598621016,1.0,0.9791666666666666
822,68,100,20,0.0164189673500525,0.0174506168444882,0.009965148818788,0.0091874961406372,0.0026521515206562,0.0059864634359621,0.0036084485323799,-0.0091084555654902,-0.0046439260030099,0.0028993858863949,0.003234817235272,-0.0001747908426376,-0.0252360003287433,-0.0245918846753468,-0.0530304411636177,-0.0055558538919503,-0.0035810326499475,-0.0025493831555118,-0.010034851181212001,-0.0108125038593628,0.0026521515206562,0.0059864634359621,0.0036084485323799,-0.0091084555654902,-0.0046439260030099,0.0028993858863949,0.003234817235272,-0.0001747908426376,-0.005236000328743301,-0.0045918846753468,-0.033030441163617696,0.014444146108049699,1.0,0.9791666666666666
823,68,100,random,0.013746889533459,0.0161116383567218,0.017977260526479,0.0083738894650001,-0.0001013514884549,-0.0005604720129778,0.0035411384451155,-0.0120545817350054,-0.0063160552632243,0.0068004581948274,0.0051463579416577,-0.0021784231931928,-0.0329639815848131,-0.0224339539724103,-0.0567290702726542,-0.0092063507669692,-0.006253110466541001,-0.0038883616432782014,-0.0020227394735209993,-0.0116261105349999,-0.0001013514884549,-0.0005604720129778,0.0035411384451155,-0.0120545817350054,-0.0063160552632243,0.0068004581948274,0.0051463579416577,-0.0021784231931928,-0.012963981584813097,-0.0024339539724103007,-0.03672907027265419,0.0107936492330308,1.0,0.9791666666666666
824,68,50,1,0.0134269735111781,0.0260043430489743,0.0144653367527305,0.0117981265642363,0.0043538195572497,0.0059355451481509,-0.0041900875293857,-0.008233326089522,-0.0004113247556687,-0.0007042496522575,0.0008130211661494,-0.0096874434540702,-0.0365154966247913,-0.0349208553215415,-0.0441111490599194,-0.0107155551252151,-0.0065730264888219005,0.006004343048974299,-0.0055346632472695004,-0.0082018734357637,0.0043538195572497,0.0059355451481509,-0.0041900875293857,-0.008233326089522,-0.0004113247556687,-0.0007042496522575,0.0008130211661494,-0.0096874434540702,-0.016515496624791296,-0.014920855321541502,-0.024111149059919398,0.0092844448747849,1.0,1.0
825,68,50,10,0.0142435380870258,0.0201373774942742,0.0119807164882601,0.0098061022843477,0.0054645419470588,0.0059046537292317,-0.0007450504745472,-0.012822997106917,-0.0076924682471305,0.0021674306337061,0.006804140245385,-0.0034485473739171,-0.0312229894299412,-0.0320690102228558,-0.0503606479946734,-0.0090036749924642,-0.005756461912974201,0.00013737749427419899,-0.0080192835117399,-0.0101938977156523,0.0054645419470588,0.0059046537292317,-0.0007450504745472,-0.012822997106917,-0.0076924682471305,0.0021674306337061,0.006804140245385,-0.0034485473739171,-0.0112229894299412,-0.012069010222855798,-0.0303606479946734,0.0109963250075358,1.0,0.9791666666666666
826,68,50,20,0.017253608480296,0.0195218093395031,0.0128994239825372,0.0086036959711025,0.0050148557916042,0.0065635108941472,-0.0010047679500139,-0.0108714318598934,-0.0094686669246492,0.0064215567145207,0.0045163149142663,-0.000579251079836,-0.0265004038976425,-0.0293885338395934,-0.0499268625905681,-0.0063625056305623,-0.0027463915197039994,-0.0004781906604969001,-0.007100576017462801,-0.0113963040288975,0.0050148557916042,0.0065635108941472,-0.0010047679500139,-0.0108714318598934,-0.0094686669246492,0.0064215567145207,0.0045163149142663,-0.000579251079836,-0.0065004038976425,-0.0093885338395934,-0.029926862590568096,0.0136374943694377,1.0,0.9583333333333334
827,68,50,random,0.0149162777622514,0.0161778861809104,0.0104255946241948,0.0085891531744972,-0.001213546388585,0.0025235234796096,0.0099444531469553,-0.009712070448019,-0.0069537758157188,0.0059022164300247,-0.0026060824494686,0.0072168133038371,-0.0503357762299151,-0.0203961703508505,-0.073584380685617,-0.0127688705943406,-0.005083722237748601,-0.0038221138190896,-0.0095744053758052,-0.0114108468255028,-0.001213546388585,0.0025235234796096,0.0099444531469553,-0.009712070448019,-0.0069537758157188,0.0059022164300247,-0.0026060824494686,0.0072168133038371,-0.0303357762299151,-0.0003961703508504992,-0.053584380685616995,0.007231129405659401,0.9791666666666666,1.0
828,69,1000,1,0.0179302662297883,0.0153634343643084,0.0290942408340178,0.0257871896271846,-0.0035239247349604,0.0007734693401957,-0.0053121505958785,-0.0085465457055448,-0.0070105463024797,-0.013517522449176,0.0045150154921022,-0.0025788167667432,-0.0313607994737546,-0.0220114772298141,-0.0258627540084129,-0.0285613056957117,-0.0020697337702117007,-0.0046365656356916005,0.0090942408340178,0.005787189627184601,-0.0035239247349604,0.0007734693401957,-0.0053121505958785,-0.0085465457055448,-0.0070105463024797,-0.013517522449176,0.0045150154921022,-0.0025788167667432,-0.0113607994737546,-0.0020114772298140994,-0.0058627540084129,-0.008561305695711698,1.0,1.0
829,69,1000,10,0.0174995923568231,0.0186282764218433,0.0245415049289516,0.0208640760769563,-0.0003043002861085,0.001486993280691,-0.0057585644270413,-0.0065397971242799,-0.0060036776656266,-0.0116412973569331,0.0023888187508171,-0.0010019076618938,-0.0231842815587844,-0.0235124156156067,-0.0258721277554272,-0.0233625772284,-0.0025004076431769003,-0.0013717235781567014,0.004541504928951598,0.0008640760769563008,-0.0003043002861085,0.001486993280691,-0.0057585644270413,-0.0065397971242799,-0.0060036776656266,-0.0116412973569331,0.0023888187508171,-0.0010019076618938,-0.0031842815587844013,-0.003512415615606699,-0.005872127755427201,-0.003362577228399999,1.0,1.0
830,69,1000,20,0.0162834842860109,0.0185857285880534,0.0230979234736897,0.0204597969432118,0.0015488549423476,0.0008007788536357,-0.005649582140402,-0.0086301586038092,-0.0056164101981767,-0.0143703048743974,0.002279160222642,-0.0008624693003348,-0.0225984035378157,-0.0242132359212169,-0.0266390683976342,-0.0246676343130221,-0.0037165157139891006,-0.0014142714119466,0.003097923473689701,0.00045979694321179876,0.0015488549423476,0.0008007788536357,-0.005649582140402,-0.0086301586038092,-0.0056164101981767,-0.0143703048743974,0.002279160222642,-0.0008624693003348,-0.002598403537815701,-0.004213235921216901,-0.006639068397634201,-0.004667634313022098,1.0,1.0
831,69,1000,random,0.0164405312176471,0.020933571469297,0.025054405467608,0.0156473235083946,0.0099684947593858,-0.003275706205679,-0.0042583521592436,0.0009479187615802,-0.0026912486822206,-0.0081001811939529,-0.0005536343338428,-0.0017043093410593,-0.005178335204839,-0.0172192034074955,-0.0165085040867766,-0.01703153525719,-0.003559468782352901,0.0009335714692969982,0.005054405467607999,-0.004352676491605402,0.0099684947593858,-0.003275706205679,-0.0042583521592436,0.0009479187615802,-0.0026912486822206,-0.0081001811939529,-0.0005536343338428,-0.0017043093410593,0.014821664795161001,0.002780796592504499,0.0034914959132234004,0.0029684647428100015,1.0,0.9791666666666666
832,69,100,1,0.0200720848631984,0.0186888875553276,0.0287480679292488,0.0244823837921752,-0.0097619089297633,0.0026762208162787,-0.0047168649174993,-0.004025098344335,-0.0035630448759822,-0.008982305432092,0.0014815271711737,0.0015271078701695,-0.0303501170976685,-0.0252165593873748,-0.0258924337806719,-0.0197105130302218,7.208486319839821e-05,-0.0013111124446723993,0.008748067929248801,0.0044823837921752,-0.0097619089297633,0.0026762208162787,-0.0047168649174993,-0.004025098344335,-0.0035630448759822,-0.008982305432092,0.0014815271711737,0.0015271078701695,-0.0103501170976685,-0.005216559387374798,-0.005892433780671901,0.0002894869697782007,1.0,1.0
833,69,100,10,0.0167426234174706,0.018424910823929,0.0257844944752094,0.0228471724710794,-0.0050947949532752,0.0039095991541152,-0.0063895399765431,-0.0039201255346723,-0.0052196809440759,-0.011313205954473,0.0041510935178287,0.0015975970042023,-0.0253207760075283,-0.0252801924535568,-0.02558241228782,-0.0189320029797619,-0.003257376582529399,-0.0015750891760709998,0.005784494475209401,0.0028471724710793997,-0.0050947949532752,0.0039095991541152,-0.0063895399765431,-0.0039201255346723,-0.0052196809440759,-0.011313205954473,0.0041510935178287,0.0015975970042023,-0.0053207760075283,-0.005280192453556799,-0.005582412287819999,0.0010679970202381005,1.0,1.0
834,69,100,20,0.0163718298590859,0.0164276647502408,0.0227819486666664,0.0222687785850787,-0.0019427731317878,0.0025847875521562,-0.0078492185796935,-0.0081815776611745,-0.0042019470483369,-0.0169954329302899,0.002301755333345,-0.0010964079358943,-0.0244382755976215,-0.0292542592976004,-0.0245835377191875,-0.0222035322203071,-0.0036281701409141,-0.003572335249759199,0.0027819486666663985,0.0022687785850787,-0.0019427731317878,0.0025847875521562,-0.0078492185796935,-0.0081815776611745,-0.0042019470483369,-0.0169954329302899,0.002301755333345,-0.0010964079358943,-0.004438275597621499,-0.0092542592976004,-0.0045835377191875,-0.0022035322203071,1.0,1.0
835,69,100,random,0.0179811896076851,0.0177180568301378,0.0434562872474469,0.0273166169710277,0.0022274415714514,0.0014747652484284,0.0006988256258283,0.0070986052051633,-0.0041380174134283,-0.0038278153994171,0.003792654838949,0.0021611190089337,-0.0130541274448673,-0.0172153257959753,-0.0197436368932452,-0.0159054176777664,-0.002018810392314902,-0.0022819431698621988,0.0234562872474469,0.007316616971027701,0.0022274415714514,0.0014747652484284,0.0006988256258283,0.0070986052051633,-0.0041380174134283,-0.0038278153994171,0.003792654838949,0.0021611190089337,0.006945872555132701,0.002784674204024701,0.00025636310675480195,0.0040945823222336,1.0,1.0
836,69,50,1,0.018658743387952,0.0227310530131099,0.0314549753239339,0.0211369766100348,0.0014899497974457,0.0059744041630709,-0.0115227264960298,-0.0015151144361134,-0.0080505510873596,-0.0155384487293292,0.0038609521746185,0.0026454559201473,-0.0233716660449646,-0.0192564208529496,-0.0253820070128132,-0.0207142054606576,-0.0013412566120480016,0.0027310530131098992,0.011454975323933896,0.0011369766100347983,0.0014899497974457,0.0059744041630709,-0.0115227264960298,-0.0015151144361134,-0.0080505510873596,-0.0155384487293292,0.0038609521746185,0.0026454559201473,-0.0033716660449646003,0.0007435791470504008,-0.0053820070128132,-0.0007142054606575979,1.0,1.0
837,69,50,10,0.0173466162149263,0.0228710577384302,0.024959611434795,0.0176323496511928,-0.0003942424722719,0.001536741192178,-0.0078070045100891,-0.005904309524071,-0.0097265623714716,-0.0138578671780861,0.0020176501315461,-0.0026748368450882,-0.0220454474931409,-0.0163189137889318,-0.0260216908447985,-0.0255775697045349,-0.0026533837850736992,0.0028710577384301987,0.004959611434795001,-0.002367650348807201,-0.0003942424722719,0.001536741192178,-0.0078070045100891,-0.005904309524071,-0.0097265623714716,-0.0138578671780861,0.0020176501315461,-0.0026748368450882,-0.0020454474931408985,0.003681086211068201,-0.006021690844798498,-0.0055775697045349,1.0,1.0
838,69,50,20,0.0180381144476307,0.0223186409656617,0.0216208586432842,0.0160069390772012,0.0007881404375672,-0.0018909503134966,-0.0085043515917659,-0.0050466657434235,-0.0074297072757246,-0.0158390498682726,0.002932759695788,-0.0011882388469579,-0.0189602001734631,-0.0161547747806658,-0.028954517684743,-0.0327006257736761,-0.0019618855523692996,0.0023186409656617,0.0016208586432841995,-0.003993060922798799,0.0007881404375672,-0.0018909503134966,-0.0085043515917659,-0.0050466657434235,-0.0074297072757246,-0.0158390498682726,0.002932759695788,-0.0011882388469579,0.001039799826536899,0.003845225219334201,-0.008954517684743,-0.012700625773676099,1.0,1.0
839,69,50,random,0.0127024035504958,0.0334039426081712,0.0309473154345576,0.0226244503683387,0.0089534656650833,-0.0085012282579258,-0.0052866031501558,0.003040424653032,-0.0062347514427232,-0.0215350439306027,-0.0042870693661401,-0.0009034820863055,-0.0017349674717105,-0.0140059326387167,-0.0149671534587598,-0.0368568046669178,-0.007297596449504201,0.0134039426081712,0.0109473154345576,0.0026244503683387,0.0089534656650833,-0.0085012282579258,-0.0052866031501558,0.003040424653032,-0.0062347514427232,-0.0215350439306027,-0.0042870693661401,-0.0009034820863055,0.0182650325282895,0.005994067361283301,0.005032846541240201,-0.0168568046669178,1.0,0.8541666666666665
840,70,1000,1,0.0207740039063215,0.0135671242315122,0.0144032350686701,0.0194541070815771,-0.0100128475372712,-0.0058244871119722,-0.0030331574766749,-0.002503121396981,0.0038803159581633,0.0043275851463601,0.0060389171345042,0.0024001297519361,-0.023743569076588,-0.0126372944534956,-0.0140746573203169,-0.0223718464255909,0.0007740039063214993,-0.0064328757684878005,-0.005596764931329901,-0.0005458929184228994,-0.0100128475372712,-0.0058244871119722,-0.0030331574766749,-0.002503121396981,0.0038803159581633,0.0043275851463601,0.0060389171345042,0.0024001297519361,-0.0037435690765879985,0.0073627055465044,0.0059253426796831,-0.0023718464255908997,1.0,1.0
841,70,1000,10,0.0178957365899785,0.0145022061978925,0.0171241193257924,0.0163664068733438,-0.0084906888767851,-0.0046517479263062,-0.002615946708532,-0.0037434016748116,-0.0010388254656674,0.0036695671209711,0.0010897274743712,0.0050024797537985,-0.0309917307919008,-0.0092868272400879,-0.0162950087977344,-0.0222005059347703,-0.0021042634100215014,-0.005497793802107501,-0.0028758806742076003,-0.0036335931266562004,-0.0084906888767851,-0.0046517479263062,-0.002615946708532,-0.0037434016748116,-0.0010388254656674,0.0036695671209711,0.0010897274743712,0.0050024797537985,-0.0109917307919008,0.0107131727599121,0.0037049912022656013,-0.0022005059347703013,1.0,1.0
842,70,1000,20,0.0180318077738865,0.0143707909548993,0.0173511271363282,0.016206872004805,-0.0073147564188157,-0.0043649462300112,-0.0024339038190512,-0.0058941822949,-0.0013268315113264,0.0035857674681227,0.0014333168146695,0.0064571829015726,-0.0303340672962319,-0.0103228016636026,-0.0171817019027857,-0.0207535229803256,-0.0019681922261135,-0.0056292090451007006,-0.0026488728636718008,-0.0037931279951949996,-0.0073147564188157,-0.0043649462300112,-0.0024339038190512,-0.0058941822949,-0.0013268315113264,0.0035857674681227,0.0014333168146695,0.0064571829015726,-0.010334067296231899,0.009677198336397401,0.0028182980972142994,-0.000753522980325598,1.0,1.0
843,70,1000,random,0.0146556604763087,0.011888507237668,0.0132432252897863,0.0149655211350697,-0.0103805023548505,-0.0008828391945312,-0.0008838383347636,-0.0056459189796907,-0.0049882966931306,0.0080100703236767,-0.0003750331862337,0.0033582701234573,-0.0398833022102648,-0.0097513102774851,-0.0071556740931305,-0.0255989167939117,-0.0053443395236913,-0.008111492762332001,-0.0067567747102137005,-0.005034478864930301,-0.0103805023548505,-0.0008828391945312,-0.0008838383347636,-0.0056459189796907,-0.0049882966931306,0.0080100703236767,-0.0003750331862337,0.0033582701234573,-0.0198833022102648,0.0102486897225149,0.0128443259068695,-0.005598916793911699,1.0,0.9583333333333333
844,70,100,1,0.0194576295136685,0.0130895340776426,0.015837435743673,0.015806029136047,-0.0062744266564738,-0.0003004558405199,-0.0012508259846416,-0.0062831659599155,-0.0024175934858898,0.0044110149445115,0.0015423839702628,0.0001331516979452,-0.0316810118652235,-0.0124386918493187,-0.0137265724775054,-0.024939963451747,-0.0005423704863314997,-0.0069104659223574,-0.004162564256327002,-0.004193970863953001,-0.0062744266564738,-0.0003004558405199,-0.0012508259846416,-0.0062831659599155,-0.0024175934858898,0.0044110149445115,0.0015423839702628,0.0001331516979452,-0.011681011865223499,0.0075613081506813,0.006273427522494601,-0.0049399634517469995,1.0,1.0
845,70,100,10,0.0172710569241258,0.0158706487410607,0.0172295022418874,0.0180272078642815,-0.0090478848806625,-0.0028141350871094,-0.0010382402415458,-0.0033757836758103,-0.0010026271420462,0.0021688115558981,0.0022181635285437,0.0051248407461235,-0.0344239692910465,-0.0097344945242267,-0.0161942286771582,-0.0232774732778344,-0.0027289430758742003,-0.0041293512589393,-0.0027704977581126007,-0.0019727921357185,-0.0090478848806625,-0.0028141350871094,-0.0010382402415458,-0.0033757836758103,-0.0010026271420462,0.0021688115558981,0.0022181635285437,0.0051248407461235,-0.014423969291046498,0.0102655054757733,0.0038057713228418014,-0.003277473277834401,1.0,1.0
846,70,100,20,0.0183416649545116,0.0152342941370211,0.0173973532514396,0.0174219704174759,-0.0065927432781115,-0.0010958008966548,-0.0015513194336853,-0.0087310317446955,0.00039874331075,0.0015215585251455,0.0020714310229103,0.0060795140851969,-0.0281467699056503,-0.0068926604337597,-0.013385628302403,-0.0197170024394716,-0.0016583350454884016,-0.0047657058629789004,-0.0026026467485604013,-0.002578029582524101,-0.0065927432781115,-0.0010958008966548,-0.0015513194336853,-0.0087310317446955,0.00039874331075,0.0015215585251455,0.0020714310229103,0.0060795140851969,-0.0081467699056503,0.0131073395662403,0.006614371697597,0.0002829975605284016,1.0,0.9791666666666666
847,70,100,random,0.0183373434087545,0.0159341460608168,0.0106876347550723,0.020502945964846,-0.0047605169163031,-0.0043885062492721,0.0076705731760454,-0.0008633992877854,-0.0113627839559724,0.0043704183196424,-0.0017783447956026,0.0011484836125092,-0.0492820147432351,-0.0212558531825283,-0.0160274446654794,-0.0291596327788844,-0.001662656591245499,-0.004065853939183201,-0.009312365244927701,0.0005029459648459994,-0.0047605169163031,-0.0043885062492721,0.0076705731760454,-0.0008633992877854,-0.0113627839559724,0.0043704183196424,-0.0017783447956026,0.0011484836125092,-0.029282014743235097,-0.0012558531825282993,0.003972555334520601,-0.009159632778884399,1.0,1.0
848,70,50,1,0.0182574777243511,0.0179159813666243,0.0143015041235682,0.0202381979850932,-0.0003782595242613,-0.000137220231367,0.0016960992445778,0.0006570052818323,0.0066118943232891,0.0090347499153049,0.0130827658873778,0.0121478585094495,-0.03473323776968,-0.01125028181889,-0.0139106933212549,-0.0250180514840433,-0.0017425222756488994,-0.002084018633375699,-0.0056984958764318,0.00023819798509320048,-0.0003782595242613,-0.000137220231367,0.0016960992445778,0.0006570052818323,0.0066118943232891,0.0090347499153049,0.0130827658873778,0.0121478585094495,-0.01473323776968,0.00874971818111,0.006089306678745101,-0.005018051484043301,1.0,1.0
849,70,50,10,0.0206875013999345,0.0150589608995602,0.0168198661679249,0.0175488064636447,-0.0089639784338465,-0.004716590661202,0.0001275536304532,-0.0041217290691316,-4.923934874120933e-05,0.0056253482812253,0.0042861633072474,0.0074855808828495,-0.0419905212193994,-0.0111732979047587,-0.0176964448457991,-0.0243159545247184,0.0006875013999344988,-0.0049410391004398,-0.0031801338320751014,-0.0024511935363553013,-0.0089639784338465,-0.004716590661202,0.0001275536304532,-0.0041217290691316,-4.923934874120933e-05,0.0056253482812253,0.0042861633072474,0.0074855808828495,-0.021990521219399397,0.0088267020952413,0.002303555154200901,-0.004315954524718401,1.0,1.0
850,70,50,20,0.0207047741390022,0.0136999670300845,0.0184919069782543,0.0179378022646774,-0.007804989071467,-0.0029031870128147,0.0005834802257324,-0.0099193699035464,0.0011534552513335,0.004903382197706,0.0071766149263131,0.0087818507501899,-0.0422794736584544,-0.0119399914952315,-0.0199623774177613,-0.0257048347045942,0.0007047741390022004,-0.006300032969915501,-0.001508093021745701,-0.0020621977353225997,-0.007804989071467,-0.0029031870128147,0.0005834802257324,-0.0099193699035464,0.0011534552513335,0.004903382197706,0.0071766149263131,0.0087818507501899,-0.0222794736584544,0.0080600085047685,3.762258223869927e-05,-0.005704834704594198,1.0,1.0
851,70,50,random,0.0107555275150747,0.0109022848215511,0.0127284632615155,0.0242399301143703,-0.0210419147501886,-0.0073012085840206,-0.0043771674097295,0.0079904270375152,0.0005945669414127,0.0131613644020171,-0.0004420232818891,0.0133577819696185,-0.0338292092581394,0.004233687500895,-0.0031799381093118,-0.0210020178118318,-0.0092444724849253,-0.0090977151784489,-0.0072715367384844996,0.004239930114370301,-0.0210419147501886,-0.0073012085840206,-0.0043771674097295,0.0079904270375152,0.0005945669414127,0.0131613644020171,-0.0004420232818891,0.0133577819696185,-0.013829209258139397,0.024233687500895,0.0168200618906882,-0.0010020178118318006,0.875,0.8124999999999999
852,71,1000,1,0.0155307192142434,0.0174480811314861,0.0162083313244257,0.0182732724418821,0.0014277365148148,0.0048962482441416,-0.0131414827714141,-0.0188142139118993,-0.0090550443035804,-0.0031478256197251,0.0060464507616199,-0.0044610545115942,-0.0189734353152323,-0.0132539549008545,-0.0103080327065806,-0.0214301438566437,-0.004469280785756601,-0.0025519188685139,-0.0037916686755742994,-0.0017267275581179,0.0014277365148148,0.0048962482441416,-0.0131414827714141,-0.0188142139118993,-0.0090550443035804,-0.0031478256197251,0.0060464507616199,-0.0044610545115942,0.0010265646847677015,0.0067460450991455,0.009691967293419401,-0.0014301438566436987,1.0,0.9375
853,71,1000,10,0.0181257415946579,0.0186435034007712,0.025840684462423,0.0202465956724618,-0.0006007613788482,0.0011351718681538,-0.00935064739332,-0.0151134404823527,-0.0131925566786756,-0.0034581636448757,0.0036196497838856,-0.0083894062820332,-0.015946188489427,-0.0166477787324334,-0.0123927487593321,-0.0207202694088376,-0.0018742584053421003,-0.0013564965992288007,0.005840684462422998,0.0002465956724618003,-0.0006007613788482,0.0011351718681538,-0.00935064739332,-0.0151134404823527,-0.0131925566786756,-0.0034581636448757,0.0036196497838856,-0.0083894062820332,0.0040538115105730015,0.0033522212675666,0.007607251240667901,-0.0007202694088375983,1.0,0.9583333333333334
854,71,1000,20,0.0172666050810562,0.0184222329334852,0.0266955916656633,0.0200173573002941,-0.001146630590722,0.0013847470178878,-0.0099975453277147,-0.0202169680083068,-0.0121407729668863,-0.0031981858182916,0.0037074401325968,-0.0095104991007568,-0.0166422235028854,-0.0176269909365597,-0.0124455098971622,-0.0206059562765146,-0.0027333949189437996,-0.0015777670665148014,0.0066955916656632995,1.735730029410118e-05,-0.001146630590722,0.0013847470178878,-0.0099975453277147,-0.0202169680083068,-0.0121407729668863,-0.0031981858182916,0.0037074401325968,-0.0095104991007568,0.0033577764971145993,0.0023730090634403005,0.0075544901028377996,-0.0006059562765146007,1.0,0.9375
855,71,1000,random,0.0130766242475038,0.0087769725443076,0.0109759567393976,0.0170436205000899,-0.0055512744402283,-0.0039434333375408,-0.0091103805718012,-0.0249060367128625,-0.0080906042381023,-0.0090659999833856,-0.0008476076299334,-0.012582482119468,-0.0217018929748745,-0.0230371845608615,-0.0128592373124892,-0.0225918327909396,-0.0069233757524962,-0.0112230274556924,-0.0090240432606024,-0.0029563794999101015,-0.0055512744402283,-0.0039434333375408,-0.0091103805718012,-0.0249060367128625,-0.0080906042381023,-0.0090659999833856,-0.0008476076299334,-0.012582482119468,-0.0017018929748745006,-0.003037184560861498,0.0071407626875108,-0.002591832790939601,1.0,0.9166666666666666
856,71,100,1,0.017626246475752,0.0232020660492718,0.0221911943658682,0.0217119903312812,-0.0035134332072537,-0.0036092248414877,-0.0094500706584379,-0.0129661096981945,-0.013908466697909,-0.0053404428897226,0.0008398850954126,-0.0127616385431782,-0.0201392801516304,-0.0225039563644407,-0.0152158373020413,-0.0224364871287906,-0.002373753524248002,0.0032020660492717984,0.002191194365868201,0.0017119903312812004,-0.0035134332072537,-0.0036092248414877,-0.0094500706584379,-0.0129661096981945,-0.013908466697909,-0.0053404428897226,0.0008398850954126,-0.0127616385431782,-0.00013928015163040125,-0.002503956364440698,0.004784162697958701,-0.0024364871287906008,1.0,1.0
857,71,100,10,0.0195048633803136,0.0184566614579133,0.0149141297161616,0.0210198540057435,-0.001002129501507,2.3665309244179974e-05,-0.0111457090403616,-0.0142066810070847,-0.0119248943614641,-0.0045300513164611,0.0025680996512867,-0.0109584783870013,-0.0152850738027679,-0.0177541137825831,-0.0137784171357268,-0.0179444990933358,-0.0004951366196863996,-0.0015433385420867002,-0.0050858702838384,0.0010198540057435,-0.001002129501507,2.3665309244179974e-05,-0.0111457090403616,-0.0142066810070847,-0.0119248943614641,-0.0045300513164611,0.0025680996512867,-0.0109584783870013,0.0047149261972321,0.0022458862174168995,0.0062215828642732,0.0020555009066642004,1.0,0.9791666666666666
858,71,100,20,0.019308157068927,0.0207139870785721,0.0181268123849206,0.0214059622169794,-0.0024895588047683,0.0009165253764673,-0.0113749860357373,-0.0188036656337986,-0.0092649265926052,-0.0036789613389135,0.0017671016556109,-0.01430505233868,-0.0155858475982328,-0.0190555172637256,-0.0129790048846557,-0.0172871529300105,-0.0006918429310730015,0.0007139870785720995,-0.001873187615079399,0.0014059622169794,-0.0024895588047683,0.0009165253764673,-0.0113749860357373,-0.0188036656337986,-0.0092649265926052,-0.0036789613389135,0.0017671016556109,-0.01430505233868,0.0044141524017672,0.000944482736274399,0.0070209951153443004,0.002712847069989501,1.0,0.9166666666666667
859,71,100,random,0.0174615833949968,0.0175039658201339,-0.0041049221562694,0.0222372398067736,-0.0060863994142232,-0.0073237803037854,0.0032299951958757,-0.0310949862863444,0.0043713226387292,-0.0106076390235684,-0.0086173242625314,-0.0177663991309453,-0.0218064891132606,-0.0200350178475815,-0.0142757468674463,-0.0037389454228432,-0.002538416605003202,-0.002496034179866099,-0.0241049221562694,0.0022372398067736013,-0.0060863994142232,-0.0073237803037854,0.0032299951958757,-0.0310949862863444,0.0043713226387292,-0.0106076390235684,-0.0086173242625314,-0.0177663991309453,-0.0018064891132606002,-3.501784758149981e-05,0.005724253132553701,0.0162610545771568,0.9375,0.7708333333333334
860,71,50,1,0.0124197165662447,0.0240232552119325,0.0203633452257165,0.0226555374071226,-0.0016955885675047,0.000111279745517,-0.0011197260908485,-0.0145263321474317,-0.0193779518815896,0.0002550529041349,0.0057470809960003,-0.0059762924468988,-0.013509205500953,-0.0194192483494926,-0.010440108744627,-0.0240102670295763,-0.007580283433755301,0.004023255211932499,0.0003633452257164986,0.002655537407122599,-0.0016955885675047,0.000111279745517,-0.0011197260908485,-0.0145263321474317,-0.0193779518815896,0.0002550529041349,0.0057470809960003,-0.0059762924468988,0.006490794499047001,0.0005807516505073988,0.009559891255373,-0.004010267029576301,1.0,0.9166666666666667
861,71,50,10,0.0174728305894952,0.0194326561900766,0.0196552256439312,0.0184706769482367,0.0033696980236199,-0.000154274009819,-0.007120444861574,-0.0200427414781149,-0.007045054904143,-0.0022805457820045,-0.0002366896063056,-0.0047841598180552,-0.0123458585129931,-0.014035221349888,-0.0149181302976264,-0.0239233247705033,-0.0025271694105047995,-0.0005673438099234006,-0.000344774356068802,-0.001529323051763301,0.0033696980236199,-0.000154274009819,-0.007120444861574,-0.0200427414781149,-0.007045054904143,-0.0022805457820045,-0.0002366896063056,-0.0047841598180552,0.0076541414870069,0.005964778650112001,0.005081869702373601,-0.003923324770503299,1.0,0.9375
862,71,50,20,0.0167626491438262,0.0189485198094333,0.0266651497458446,0.0175715718228303,0.0027393007845668,0.0003347752209538,-0.0062069572029015,-0.0188465300883197,-0.0095187781005714,-0.001822524150677,-0.000708498485496,-0.0064498773554167,-0.0134601838184721,-0.0148739315333811,-0.0124422852977571,-0.0258156946134369,-0.003237350856173802,-0.0010514801905667018,0.0066651497458446,-0.002428428177169699,0.0027393007845668,0.0003347752209538,-0.0062069572029015,-0.0188465300883197,-0.0095187781005714,-0.001822524150677,-0.000708498485496,-0.0064498773554167,0.006539816181527901,0.005126068466618901,0.007557714702242901,-0.005815694613436898,1.0,0.9375
863,71,50,random,0.0075734618642731,0.0143776630532364,0.0127118590593327,0.0212576713226224,-0.0041101706210383,-0.0053672940460402,-0.0038257910452819,-0.0416779179281505,-0.003727513618546,0.0005874377346324,-0.0049652199506307,-0.0027848286113362,-0.0108486030364601,-0.0173659649664117,-0.0115691729806967,-0.0115098267372444,-0.0124265381357269,-0.0056223369467636,-0.007288140940667301,0.0012576713226223994,-0.0041101706210383,-0.0053672940460402,-0.0038257910452819,-0.0416779179281505,-0.003727513618546,0.0005874377346324,-0.0049652199506307,-0.0027848286113362,0.0091513969635399,0.002634035033588302,0.0084308270193033,0.0084901732627556,1.0,0.9166666666666666
864,72,1000,1,0.0181090648333129,0.0214159118071196,0.0151026009314196,0.0284393215518022,-0.0079447205789665,-0.0007531191578446,0.0061145752575229,3.9346786338786984e-05,0.0023565341795101,-0.0022896498592765,0.0126304263533954,0.0093175819122878,-0.0204783425867093,-0.0153665091615708,-0.0208095294066126,-0.0162753122869696,-0.0018909351666871015,0.0014159118071195992,-0.0048973990685804,0.0084393215518022,-0.0079447205789665,-0.0007531191578446,0.0061145752575229,3.9346786338786984e-05,0.0023565341795101,-0.0022896498592765,0.0126304263533954,0.0093175819122878,-0.00047834258670929886,0.0046334908384292,-0.000809529406612601,0.0037246877130303994,1.0,1.0
865,72,1000,10,0.0180035525355679,0.0171774738906482,0.0172231353916071,0.0323111155550146,-0.0079281597766441,0.0034740592953479,0.0034593737958448,-0.002823466481158,0.0031903774057041,-0.0036384642103232,0.0100807347361059,0.0080043123707226,-0.0175180890348596,-0.0155976577614626,-0.0232455921904855,-0.014971349048673,-0.001996447464432099,-0.0028225261093518007,-0.002776864608392899,0.012311115555014598,-0.0079281597766441,0.0034740592953479,0.0034593737958448,-0.002823466481158,0.0031903774057041,-0.0036384642103232,0.0100807347361059,0.0080043123707226,0.002481910965140402,0.0044023422385374,-0.003245592190485501,0.005028650951327001,1.0,1.0
866,72,1000,20,0.0170436272097801,0.0169641477281225,0.0163472815754459,0.0304056256654757,-0.0078588499077126,0.0038509530534621,0.0027714697472907,-0.0028415368137122,0.0024879654030754,-0.0027396252619085,0.0102274905385536,0.0085224464597093,-0.0174479495346362,-0.0156789825370028,-0.0224545195644895,-0.0162061235656718,-0.0029563727902198987,-0.0030358522718775018,-0.0036527184245540995,0.0104056256654757,-0.0078588499077126,0.0038509530534621,0.0027714697472907,-0.0028415368137122,0.0024879654030754,-0.0027396252619085,0.0102274905385536,0.0085224464597093,0.0025520504653637997,0.0043210174629971995,-0.002454519564489499,0.0037938764343282,1.0,1.0
867,72,1000,random,0.0150036198977742,0.0176523739609455,0.0138813927022572,0.0237668436638615,-0.0095878019290753,0.0035935484911013,0.0045501535218865,-0.0039008286525283,0.0041829832442585,0.0015054852742871,0.0102971631829082,0.0054916223879837,-0.0159310256220985,-0.0158370410806424,-0.0261402040337256,-0.0118257672920926,-0.004996380102225801,-0.002347626039054501,-0.006118607297742801,0.0037668436638614994,-0.0095878019290753,0.0035935484911013,0.0045501535218865,-0.0039008286525283,0.0041829832442585,0.0015054852742871,0.0102971631829082,0.0054916223879837,0.004068974377901501,0.004162958919357602,-0.0061402040337255985,0.008174232707907401,1.0,1.0
868,72,100,1,0.0195819682309974,0.0133979177497327,0.0210005524982055,0.0384108442286357,-0.0082185553877575,0.0111127051452298,0.0002142964104502,-0.0018922483415254,0.0045920762125114,-0.0040977759212557,0.0049234371572826,0.0067800865237525,-0.0136973035734556,-0.0154914364633481,-0.0168541615035875,-0.0200383162184242,-0.00041803176900260045,-0.0066020822502673,0.0010005524982054995,0.0184108442286357,-0.0082185553877575,0.0111127051452298,0.0002142964104502,-0.0018922483415254,0.0045920762125114,-0.0040977759212557,0.0049234371572826,0.0067800865237525,0.0063026964265444005,0.0045085635366519,0.0031458384964124994,-3.831621842419891e-05,1.0,1.0
869,72,100,10,0.0186289295829577,0.0165214040328205,0.0178351509046217,0.0367875204766868,-0.0071424348626496,0.0044135847555702,0.0018474484734021,-0.0019375439087751,0.0006517807629029,-0.0018923806421224,0.0087151867136707,0.0071552740606941,-0.020780398102522,-0.0165748115687505,-0.0266385579994064,-0.0152973409969858,-0.001371070417042302,-0.0034785959671795007,-0.002164849095378299,0.016787520476686798,-0.0071424348626496,0.0044135847555702,0.0018474484734021,-0.0019375439087751,0.0006517807629029,-0.0018923806421224,0.0087151867136707,0.0071552740606941,-0.0007803981025219994,0.0034251884312495005,-0.006638557999406401,0.0047026590030142,1.0,1.0
870,72,100,20,0.0193217727015842,0.017694483913036,0.0143667122255112,0.0394711156641562,-0.0102398532309312,0.0051446555106823,0.0023002924459503,-0.0033301055199898,0.0010252334349776,-0.0010615626270073,0.0092247121323568,0.0095886643995703,-0.0209115140961311,-0.0151125129281031,-0.0287290408149989,-0.0182743191006664,-0.000678227298415799,-0.002305516086963999,-0.0056332877744888,0.019471115664156203,-0.0102398532309312,0.0051446555106823,0.0023002924459503,-0.0033301055199898,0.0010252334349776,-0.0010615626270073,0.0092247121323568,0.0095886643995703,-0.0009115140961310983,0.004887487071896901,-0.008729040814998899,0.001725680899333601,1.0,1.0
871,72,100,random,0.0170456887839008,0.0206515007616477,0.0146217708483363,0.0252492552919782,-0.0038755628688526,0.0080425277184828,0.001366846946513,0.0007507812854271,0.0063796228992151,0.0023872891619523,-0.0015400876722023,0.0048614509984865,-0.0210576410179709,-0.0187193252515043,-0.0266072010920508,-0.0127274488379902,-0.0029543112160991987,0.0006515007616476991,-0.005378229151663701,0.0052492552919782,-0.0038755628688526,0.0080425277184828,0.001366846946513,0.0007507812854271,0.0063796228992151,0.0023872891619523,-0.0015400876722023,0.0048614509984865,-0.0010576410179709006,0.001280674748495702,-0.006607201092050801,0.0072725511620098,1.0,1.0
872,72,50,1,0.0142554668435583,0.0035468743892636,0.0087807557559331,0.0351514422988224,-0.003160139440395,0.0045392159471687,0.002553265720082,0.00038201654422,0.0042426886121611,0.0074751797923154,0.0091366911748456,0.0084120389031912,-0.0147820917150727,-0.0141064579531492,-0.0263562505696385,-0.0148354799906497,-0.005744533156441701,-0.0164531256107364,-0.0112192442440669,0.015151442298822402,-0.003160139440395,0.0045392159471687,0.002553265720082,0.00038201654422,0.0042426886121611,0.0074751797923154,0.0091366911748456,0.0084120389031912,0.005217908284927301,0.005893542046850801,-0.0063562505696385,0.005164520009350301,0.875,1.0
873,72,50,10,0.0184003217470174,0.0198675457820333,0.0174109359917291,0.0285525096140545,-0.0096003890014474,0.0030770431677833,-8.941307479705752e-05,-0.0032909527168745,0.0028997589641842,-0.001773963031469,0.0103417723361517,0.0065105241610915,-0.0157759666405816,-0.0160163133208334,-0.0255837010709496,-0.0138551670136993,-0.0015996782529826004,-0.00013245421796670084,-0.0025890640082709,0.008552509614054498,-0.0096003890014474,0.0030770431677833,-8.941307479705752e-05,-0.0032909527168745,0.0028997589641842,-0.001773963031469,0.0103417723361517,0.0065105241610915,0.0042240333594184,0.003983686679166602,-0.0055837010709496,0.0061448329863007,1.0,1.0
874,72,50,20,0.0164078170001838,0.0200029859227735,0.0151438829043554,0.0245400905961647,-0.007761264525024,0.0030597060199265,0.0007867842340841,-0.0031573229962425,0.0017271801611912,-0.0007373963748592,0.0107310940591711,0.0079604241752846,-0.0177080342826794,-0.0160528898022652,-0.0233732277461631,-0.0151549000515733,-0.0035921829998162014,2.98592277350046e-06,-0.0048561170956446,0.004540090596164701,-0.007761264525024,0.0030597060199265,0.0007867842340841,-0.0031573229962425,0.0017271801611912,-0.0007373963748592,0.0107310940591711,0.0079604241752846,0.0022919657173205987,0.003947110197734801,-0.0033732277461630995,0.0048450999484267,1.0,1.0
875,72,50,random,0.0264702672967807,0.0262181522959652,0.0193855134490751,0.0063364868533469,-4.318503740306131e-05,-0.0005813794141481,0.0027317438511628,-0.0019478074977836,0.0010097281208804,0.010166449484634,-0.0124128625534331,0.0040088973161743,-0.0173690169908232,-0.0237176517298022,-0.0218900543608249,-0.0165700624186193,0.006470267296780699,0.006218152295965198,-0.0006144865509249003,-0.013663513146653102,-4.318503740306131e-05,-0.0005813794141481,0.0027317438511628,-0.0019478074977836,0.0010097281208804,0.010166449484634,-0.0124128625534331,0.0040088973161743,0.0026309830091768016,-0.0037176517298022,-0.0018900543608248999,0.0034299375813807015,0.9791666666666666,1.0
876,73,1000,1,0.0176889524754584,0.011070798154369,0.0166151344304541,0.0143366006160281,0.0090214062958171,0.0050263214821483,-0.0034520020499234,0.0022282512455713,0.0028329279501685,-0.0013144942513383,-0.0028512757571655,-0.0047202604958994,-0.009059966104305,-0.0102273838533714,-0.021576658902865,-0.0124260877070141,-0.0023110475245416012,-0.008929201845631,-0.003384865569545901,-0.005663399383971901,0.0090214062958171,0.0050263214821483,-0.0034520020499234,0.0022282512455713,0.0028329279501685,-0.0013144942513383,-0.0028512757571655,-0.0047202604958994,0.010940033895695,0.009772616146628601,-0.0015766589028649997,0.0075739122929859,1.0,1.0
877,73,1000,10,0.0164209522964809,0.0105459156182412,0.015577084560339,0.016135387511362,0.0122276370628969,0.0005957577789836,0.0025317996897206,0.0007937264548993,-0.0002703227105853,0.0027497201975773,-0.0024104074735824,-0.0034306010089684,-0.0117559591339175,-0.0126617198952545,-0.024232200628467,-0.0133406696732902,-0.003579047703519099,-0.0094540843817588,-0.004422915439661,-0.0038646124886380015,0.0122276370628969,0.0005957577789836,0.0025317996897206,0.0007937264548993,-0.0002703227105853,0.0027497201975773,-0.0024104074735824,-0.0034306010089684,0.0082440408660825,0.0073382801047455,-0.004232200628466999,0.0066593303267098,0.9791666666666666,1.0
878,73,1000,20,0.0156847232880176,0.0109758072352171,0.0150892377116888,0.0161537987407149,0.0118758356855994,0.0008239513520874,0.0016199965962256,0.0003522332325008,2.58668280111086e-05,0.0026509433533928,-0.0025079041097305,-0.0034149762803499,-0.0118999941434603,-0.0119062545889542,-0.0221779605715031,-0.0130464646791453,-0.0043152767119824,-0.0090241927647829,-0.0049107622883112,-0.003846201259285101,0.0118758356855994,0.0008239513520874,0.0016199965962256,0.0003522332325008,2.58668280111086e-05,0.0026509433533928,-0.0025079041097305,-0.0034149762803499,0.0081000058565397,0.008093745411045801,-0.002177960571503098,0.006953535320854701,0.9791666666666666,1.0
879,73,1000,random,0.0142625079522374,0.0177775720421672,0.0158745242736373,0.0154506059777277,0.0099883375959767,-0.00467191842279,0.0030064363664052,0.0004133517699626,-0.0044681261757769,-0.0019315413782446,0.0005941900045431,0.0022789558225532,-0.0130402506966367,-0.0137179061757746,-0.0277781263869169,-0.0160014132217649,-0.0057374920477626,-0.0022224279578328017,-0.004125475726362699,-0.0045493940222723,0.0099883375959767,-0.00467191842279,0.0030064363664052,0.0004133517699626,-0.0044681261757769,-0.0019315413782446,0.0005941900045431,0.0022789558225532,0.006959749303363301,0.0062820938242254005,-0.007778126386916901,0.0039985867782351,1.0,1.0
880,73,100,1,0.0209059572034625,0.0118846965258547,0.0123817085842619,0.0175541016066183,0.0163622558489355,-0.0027576547734513,0.002245094535852,0.0006375278054304,-0.0009340314165775,0.0009718850856079,0.0050412717269301,0.0020170250563282,-0.0173133662540168,-0.013057090749397,-0.0248330686228679,-0.0149225407950986,0.0009059572034624992,-0.0081153034741453,-0.007618291415738101,-0.0024458983933817006,0.0163622558489355,-0.0027576547734513,0.002245094535852,0.0006375278054304,-0.0009340314165775,0.0009718850856079,0.0050412717269301,0.0020170250563282,0.0026866337459831996,0.006942909250603001,-0.004833068622867899,0.005077459204901401,0.9583333333333333,1.0
881,73,100,10,0.0176362011671953,0.0114281737986115,0.0143956860347852,0.0162185884122908,0.0102995504410973,0.0011478729317976,0.0029553416190978,0.0007379382268117,-0.0014715109239613,0.0044420390882057,1.4595130554672142e-05,-0.0016034070120795,-0.0163473435291148,-0.0130045152319971,-0.0241577917432847,-0.0142068585870388,-0.0023637988328047005,-0.0085718262013885,-0.0056043139652148,-0.003781411587709199,0.0102995504410973,0.0011478729317976,0.0029553416190978,0.0007379382268117,-0.0014715109239613,0.0044420390882057,1.4595130554672142e-05,-0.0016034070120795,0.0036526564708851995,0.006995484768002901,-0.004157791743284699,0.0057931414129612,1.0,1.0
882,73,100,20,0.0166988334909084,0.0123003568159324,0.0154308530899694,0.0169808357187832,0.0129356933194945,0.0012750427705389,0.0017004651070309,0.000442232562956,-0.0014639933748776,0.0045254924958552,-0.00031562313974,-0.0010269375296227,-0.0184860537309751,-0.0115745071073427,-0.0241250790257997,-0.0133246351834037,-0.0033011665090916,-0.0076996431840676005,-0.004569146910030601,-0.003019164281216801,0.0129356933194945,0.0012750427705389,0.0017004651070309,0.000442232562956,-0.0014639933748776,0.0045254924958552,-0.00031562313974,-0.0010269375296227,0.0015139462690249017,0.0084254928926573,-0.004125079025799699,0.006675364816596301,0.9791666666666666,1.0
883,73,100,random,0.0189808178061473,0.023252070435308,0.0064130202996492,0.0175492388067166,0.0168534559082449,-0.0072205110615558,0.0008366109701657,6.218823691256261e-05,-0.0037788446456367,0.0002404106405554,0.004953818485006,-0.0051917200402823,-0.0168443873648162,-0.0109881865440899,-0.0285941941908727,-0.0191632037985632,-0.0010191821938527017,0.0032520704353080007,-0.0135869797003508,-0.002450761193283399,0.0168534559082449,-0.0072205110615558,0.0008366109701657,6.218823691256261e-05,-0.0037788446456367,0.0002404106405554,0.004953818485006,-0.0051917200402823,0.0031556126351838,0.0090118134559101,-0.008594194190872699,0.000836796201436802,0.9791666666666666,1.0
884,73,50,1,0.0093487317235777,0.0188410495597234,0.011643160927309,0.0205724410073875,-0.0001294738680093,0.0089340648130957,-0.0025013785114456,0.0071025740306098,-0.0005236563264493,0.0014944829219047,0.0031460718901234,-0.0010588019683358,-0.0149869104868659,-0.0160857273555456,-0.019250031653875,-0.0121314834201991,-0.0106512682764223,-0.0011589504402765988,-0.008356839072691,0.0005724410073875003,-0.0001294738680093,0.0089340648130957,-0.0025013785114456,0.0071025740306098,-0.0005236563264493,0.0014944829219047,0.0031460718901234,-0.0010588019683358,0.005013089513134101,0.0039142726444543995,0.0007499683461250004,0.0078685165798009,1.0,1.0
885,73,50,10,0.0169894051405825,0.0128716914189824,0.0161700337180608,0.0196580829785937,0.0059264600353859,0.0029997350768426,0.0005676631007896,0.0013274127759654,-0.0007874558312717,0.00153470839076,-0.0037151173235028,-0.0009773144724656,-0.016609530862547,-0.0166266273949271,-0.0217014740593082,-0.0146870572232626,-0.003010594859417501,-0.0071283085810176,-0.0038299662819392018,-0.00034191702140630095,0.0059264600353859,0.0029997350768426,0.0005676631007896,0.0013274127759654,-0.0007874558312717,0.00153470839076,-0.0037151173235028,-0.0009773144724656,0.0033904691374530005,0.003373372605072901,-0.0017014740593081987,0.005312942776737401,1.0,1.0
886,73,50,20,0.0183695041476863,0.0128644909237365,0.0158978122220252,0.0209849212443417,0.0051080370245261,0.0036107322457851,0.0016460554093895,0.001686849511147,-0.000456461699011,0.0023685713931195,-0.003015166509021,0.0018031988038461,-0.0162942128970589,-0.0166276969136305,-0.0201491899374107,-0.0161200478472653,-0.0016304958523137014,-0.007135509076263501,-0.004102187777974799,0.0009849212443416994,0.0051080370245261,0.0036107322457851,0.0016460554093895,0.001686849511147,-0.000456461699011,0.0023685713931195,-0.003015166509021,0.0018031988038461,0.003705787102941102,0.003372303086369502,-0.00014918993741069864,0.003879952152734699,1.0,1.0
887,73,50,random,0.0063751073151599,0.0097401993201962,0.0080525820137948,0.0188060214288541,0.0133529732174969,0.0097358294175129,-0.0010335100370983,0.0015111184660355,-0.0051944171404689,-6.061476555076454e-05,0.0029446040876352,0.0153323307126833,-0.0208848023332997,-0.0229640234571197,-0.0409494740025526,-0.0278585172440392,-0.0136248926848401,-0.010259800679803801,-0.011947417986205201,-0.0011939785711458997,0.0133529732174969,0.0097358294175129,-0.0010335100370983,0.0015111184660355,-0.0051944171404689,-6.061476555076454e-05,0.0029446040876352,0.0153323307126833,-0.0008848023332997008,-0.0029640234571196994,-0.020949474002552596,-0.007858517244039201,0.8333333333333334,1.0
888,74,1000,1,0.0306397874133809,0.0187847195555896,0.0183432570407782,0.0144459446874106,0.0034733645592576,-0.0008936041046886,-0.0107293259294749,-0.0060573007611505,-0.0063238232511074,0.0030891808727446,0.0046437123919926,-0.00512200425601,-0.0164854797255638,-0.0191027581071041,-0.0207198145240199,-0.0090778401055205,0.0106397874133809,-0.0012152804444104,-0.001656742959221802,-0.005554055312589401,0.0034733645592576,-0.0008936041046886,-0.0107293259294749,-0.0060573007611505,-0.0063238232511074,0.0030891808727446,0.0046437123919926,-0.00512200425601,0.0035145202744361996,0.0008972418928958996,-0.0007198145240198996,0.0109221598944795,1.0,0.9791666666666666
889,74,1000,10,0.022242289124371,0.0221557737409585,0.0163154969535466,0.0174848735229641,0.0027172659432219,-0.0011161909378838,-0.0086561150955855,-0.0034732687134391,-0.000677288133017,0.0039341110030511,0.0032003998639727,-0.0019080903060247,-0.0202982461036582,-0.0140042488532028,-0.0182248785525333,-0.014786624990034,0.002242289124371001,0.002155773740958499,-0.003684503046453399,-0.0025151264770359,0.0027172659432219,-0.0011161909378838,-0.0086561150955855,-0.0034732687134391,-0.000677288133017,0.0039341110030511,0.0032003998639727,-0.0019080903060247,-0.0002982461036581986,0.0059957511467972,0.0017751214474667001,0.005213375009966001,1.0,1.0
890,74,1000,20,0.0229852222889739,0.0212125637544215,0.0162107882420993,0.0161922055296518,0.0022962706730896,-0.0014323499851791,-0.0085951958979502,-0.0042972255233553,-0.0016922478293856,0.0041053835259343,0.0024040411958678,-0.0029791188607402,-0.0201686174244594,-0.0139197408408124,-0.0169733319668467,-0.0140736751172574,0.0029852222889738995,0.0012125637544215008,-0.003789211757900701,-0.003807794470348201,0.0022962706730896,-0.0014323499851791,-0.0085951958979502,-0.0042972255233553,-0.0016922478293856,0.0041053835259343,0.0024040411958678,-0.0029791188607402,-0.00016861742445940103,0.0060802591591876,0.0030266680331532993,0.0059263248827426,1.0,1.0
891,74,1000,random,0.015677586069909,0.0181290123749024,0.0146626853292728,0.016317070664965,0.0084288761089944,-0.0033741866357153,-0.0061674948234702,-0.0045681547358425,-0.0038840080798215,0.0117644498157308,-0.003674560513639,-0.0078756257791612,-0.0215697118911725,-0.0088204210359713,-0.010947409055414,-0.0166738610864406,-0.004322413930091001,-0.0018709876250975997,-0.0053373146707272005,-0.003682929335035001,0.0084288761089944,-0.0033741866357153,-0.0061674948234702,-0.0045681547358425,-0.0038840080798215,0.0117644498157308,-0.003674560513639,-0.0078756257791612,-0.0015697118911724983,0.0111795789640287,0.009052590944586,0.003326138913559401,1.0,1.0
892,74,100,1,0.0256039617924936,0.0218184400091269,0.0133419250293768,0.0174282558786092,0.0037746650361502,0.0074442017739595,0.0017202759297091,0.0001053358210829,-0.0021734647239328,0.0025158689792308,0.0016251706813191,-0.0029378635782527,-0.0266757573703293,-0.0056859987434474,-0.0251743354906595,-0.0118033018126134,0.0056039617924936,0.0018184400091268982,-0.0066580749706232,-0.002571744121390801,0.0037746650361502,0.0074442017739595,0.0017202759297091,0.0001053358210829,-0.0021734647239328,0.0025158689792308,0.0016251706813191,-0.0029378635782527,-0.006675757370329299,0.0143140012565526,-0.005174335490659501,0.0081966981873866,1.0,1.0
893,74,100,10,0.0238744110375319,0.0211409403190149,0.0139776316440718,0.0160031485355011,0.0012093777974851,-0.0004987706231336,-0.0053707410276912,-0.003668631016242,-0.0016734805495103,0.0027360087005814,0.0033597822299513,-0.0001045320408948,-0.0243832495434566,-0.0122653712443453,-0.0232429353782983,-0.0170749657615906,0.003874411037531899,0.0011409403190149013,-0.0060223683559282,-0.0039968514644989,0.0012093777974851,-0.0004987706231336,-0.0053707410276912,-0.003668631016242,-0.0016734805495103,0.0027360087005814,0.0033597822299513,-0.0001045320408948,-0.004383249543456598,0.007734628755654701,-0.0032429353782983013,0.0029250342384094,1.0,1.0
894,74,100,20,0.0231597491228779,0.0201306152486808,0.0123709071005993,0.0151778775171695,0.00093371761198,-0.000906137530362,-0.0056953206690715,-0.0052020796773031,-0.002480326575091,0.0025388465290543,0.0018090710009588,-0.0016196383189652,-0.0219527142760701,-0.0125743868931307,-0.0211614938883074,-0.0168026159709058,0.0031597491228778987,0.00013061524868079877,-0.0076290928994007,-0.004822122482830501,0.00093371761198,-0.000906137530362,-0.0056953206690715,-0.0052020796773031,-0.002480326575091,0.0025388465290543,0.0018090710009588,-0.0016196383189652,-0.0019527142760700986,0.007425613106869301,-0.0011614938883073994,0.0031973840290942003,1.0,1.0
895,74,100,random,0.0189400403810528,0.0149963874504778,0.0178932873922512,0.0126574125650502,0.0055129775638522,-0.0011296012026961,-0.0058792932282627,-0.0022759221099003,0.0017585785792257,0.0120630160622819,-0.0062905424613547,-0.01005626732194,-0.0250503736786893,-0.0087076839599569,-0.0074427028283424,-0.0159216772717187,-0.0010599596189472017,-0.0050036125495222,-0.0021067126077487994,-0.007342587434949801,0.0055129775638522,-0.0011296012026961,-0.0058792932282627,-0.0022759221099003,0.0017585785792257,0.0120630160622819,-0.0062905424613547,-0.01005626732194,-0.0050503736786893,0.011292316040043101,0.0125572971716576,0.004078322728281302,1.0,0.9583333333333333
896,74,50,1,0.0295409445464044,0.0224976875037539,0.016412301324086,0.0119403089748786,0.001195183082626,-0.0101185354790927,-0.0014204862609148,-0.0022367124784902,0.0014864033794516,0.0066707206586479,0.0053016259036787,-0.0006010026719967,-0.0123975215023219,-0.0089170559605405,-0.0211374411330202,-0.0111369399478583,0.0095409445464044,0.002497687503753898,-0.003587698675914002,-0.0080596910251214,0.001195183082626,-0.0101185354790927,-0.0014204862609148,-0.0022367124784902,0.0014864033794516,0.0066707206586479,0.0053016259036787,-0.0006010026719967,0.007602478497678101,0.0110829440394595,-0.0011374411330201985,0.0088630600521417,1.0,0.9791666666666666
897,74,50,10,0.0251574134085211,0.0201458862496571,0.0157828633529811,0.0135749017680397,0.0005114353057026,-0.0034542003083106,-0.0083436255828622,-0.0015807705381864,-0.0015331898527677,0.0054924473854657,0.0062126104815932,-0.0006987783852197,-0.0119698048981967,-0.0187634073030436,-0.0181394939744634,-0.0137970382335926,0.0051574134085210985,0.0001458862496570984,-0.0042171366470189,-0.0064250982319603005,0.0005114353057026,-0.0034542003083106,-0.0083436255828622,-0.0015807705381864,-0.0015331898527677,0.0054924473854657,0.0062126104815932,-0.0006987783852197,0.0080301951018033,0.0012365926969564005,0.001860506025536602,0.006202961766407401,1.0,1.0
898,74,50,20,0.0277387733139769,0.01911736885477,0.0150514296682233,0.0101958505945043,0.000362896513524,-0.0038568804365066,-0.0071137741220627,-0.0017840636389728,0.000244298459975,0.0054193269042225,0.0046098999990549,-0.0021246626742448,-0.0151435918434522,-0.0206014449930311,-0.0169094297346907,-0.0116255618134898,0.007738773313976901,-0.0008826311452299999,-0.004948570331776701,-0.009804149405495701,0.000362896513524,-0.0038568804365066,-0.0071137741220627,-0.0017840636389728,0.000244298459975,0.0054193269042225,0.0046098999990549,-0.0021246626742448,0.0048564081565478,-0.0006014449930310979,0.0030905702653092997,0.008374438186510201,1.0,1.0
899,74,50,random,0.0106640363769328,0.0219818534295972,0.0062147781421652,0.0162233089100277,0.0109988714956592,-0.0053815148468012,-0.000711746163864,-0.004830783879096,0.0059001711719514,0.0131440476668027,0.0052759716163641,-0.0108352360004463,-0.0121515002223249,-0.0129518241681496,-0.0048508375940161,-0.0080165173800599,-0.009335963623067201,0.0019818534295972003,-0.0137852218578348,-0.003776691089972299,0.0109988714956592,-0.0053815148468012,-0.000711746163864,-0.004830783879096,0.0059001711719514,0.0131440476668027,0.0052759716163641,-0.0108352360004463,0.0078484997776751,0.0070481758318504,0.0151491624059839,0.011983482619940101,0.9166666666666667,0.9375
900,75,1000,1,0.0304689374445146,0.0168765483125742,0.0113225741486666,0.0194467029599671,-3.210728874672895e-05,-0.0093241221812789,-0.0018534843538113,-0.0017544405943061,0.0006469535682544,-0.0057402277576651,0.0095339704708336,-0.0028168703651895,-0.0398508374278455,-0.023427645001844,-0.0268275010276287,-0.012179855258084,0.0104689374445146,-0.0031234516874257996,-0.0086774258513334,-0.0005532970400329018,-3.210728874672895e-05,-0.0093241221812789,-0.0018534843538113,-0.0017544405943061,0.0006469535682544,-0.0057402277576651,0.0095339704708336,-0.0028168703651895,-0.0198508374278455,-0.0034276450018440006,-0.006827501027628701,0.007820144741916,1.0,1.0
901,75,1000,10,0.0176981927963599,0.0141213344764286,0.016491791536669,0.0150591180197885,-0.0012238629803238,-0.0041683216000947,0.0044914505158367,0.0008300604113582,-0.0014651527468318,-0.0036899153020613,0.0083029624255485,0.0011328543686986,-0.0355580830512851,-0.0161421519071504,-0.0197287470109113,-0.0153188262236512,-0.0023018072036401008,-0.0058786655235714,-0.003508208463331001,-0.0049408819802115,-0.0012238629803238,-0.0041683216000947,0.0044914505158367,0.0008300604113582,-0.0014651527468318,-0.0036899153020613,0.0083029624255485,0.0011328543686986,-0.015558083051285098,0.0038578480928496,0.00027125298908869944,0.0046811737763488,1.0,1.0
902,75,1000,20,0.0174634333721062,0.0114798403469095,0.0150509522027238,0.0157693536240196,-0.001319210713354,-0.0040143422698039,0.0044433888804877,0.0022181836267785,-0.002017133525247,-0.0043299434366357,0.008323915282938,0.0012035381184954,-0.031785452646408,-0.0167801489044535,-0.018948368806694,-0.0142423471938004,-0.0025365666278938,-0.008520159653090501,-0.0049490477972762,-0.004230646375980401,-0.001319210713354,-0.0040143422698039,0.0044433888804877,0.0022181836267785,-0.002017133525247,-0.0043299434366357,0.008323915282938,0.0012035381184954,-0.011785452646408002,0.0032198510955465005,0.0010516311933060005,0.0057576528061996,1.0,1.0
903,75,1000,random,0.0155753851312375,0.0060913776191687,0.0159314746700597,0.012590803134172,0.002192094398937,-0.0037496911929131,0.0081224904187068,0.0025107450602555,-0.0079868753643781,-0.0059914821857307,0.0070821895048578,0.0030733970659555,-0.0290640163156467,-0.0154036527159199,-0.0174297737337169,-0.01028809652212,-0.0044246148687625,-0.0139086223808313,-0.004068525329940301,-0.007409196865828001,0.002192094398937,-0.0037496911929131,0.0081224904187068,0.0025107450602555,-0.0079868753643781,-0.0059914821857307,0.0070821895048578,0.0030733970659555,-0.009064016315646701,0.0045963472840801,0.0025702262662831016,0.00971190347788,0.9583333333333334,1.0
904,75,100,1,0.0179803436155108,0.0146336980928757,0.0108248448889539,0.0157510039955771,-0.0012367752354686,-0.0029227627234913,0.0062007480422094,-0.0017029995330895,0.0039175807066303,-0.0040330535349583,0.0104273524384794,0.0023804249594203,-0.0374274811684079,-0.0160417515438723,-0.0102257434461057,-0.0188718021631679,-0.002019656384489199,-0.0053663019071243,-0.0091751551110461,-0.004248996004422901,-0.0012367752354686,-0.0029227627234913,0.0062007480422094,-0.0017029995330895,0.0039175807066303,-0.0040330535349583,0.0104273524384794,0.0023804249594203,-0.017427481168407897,0.003958248456127699,0.0097742565538943,0.001128197836832101,1.0,1.0
905,75,100,10,0.0165945937656676,0.01611590751756,0.0146891771215574,0.0147907481940804,-0.0006073772113325,-0.0037655474670832,0.003896733775622,-0.0004754624209638,0.0001777890469066,-0.0049924027843066,0.0074059078704441,0.0036989252667866,-0.0405887892322822,-0.0176051933550083,-0.0197026518021611,-0.0161485029784244,-0.0034054062343324004,-0.00388409248244,-0.0053108228784426,-0.0052092518059196,-0.0006073772113325,-0.0037655474670832,0.003896733775622,-0.0004754624209638,0.0001777890469066,-0.0049924027843066,0.0074059078704441,0.0036989252667866,-0.0205887892322822,0.0023948066449917017,0.0002973481978389009,0.0038514970215756013,1.0,1.0
906,75,100,20,0.015753292913221,0.0117249612438307,0.01303838784994,0.0151511950611746,-0.0018311404113713,-0.0048852432410208,0.0055044934335961,0.0015599650845495,-0.0017430168459979,-0.0047406014095787,0.0080939654588524,0.0047963141377961,-0.0347307011612016,-0.0164506277382741,-0.0189378895991405,-0.0140645292182023,-0.0042467070867789995,-0.008275038756169301,-0.00696161215006,-0.004848804938825401,-0.0018311404113713,-0.0048852432410208,0.0055044934335961,0.0015599650845495,-0.0017430168459979,-0.0047406014095787,0.0080939654588524,0.0047963141377961,-0.014730701161201603,0.0035493722617259,0.0010621104008595,0.005935470781797701,1.0,1.0
907,75,100,random,0.0114928917155044,0.0108075766797349,0.0115454396399874,0.0215335910089099,0.0017534678130232,-0.0039138822501067,0.0106227088303504,0.0016590683859191,-0.0037175586292605,-0.0131667993795179,2.3538031474705035e-05,0.001588534268654,-0.0317051682068187,-0.0244731470079856,-0.0179835169443137,-0.0074719010860531,-0.0085071082844956,-0.0091924233202651,-0.008454560360012601,0.001533591008909898,0.0017534678130232,-0.0039138822501067,0.0106227088303504,0.0016590683859191,-0.0037175586292605,-0.0131667993795179,2.3538031474705035e-05,0.001588534268654,-0.0117051682068187,-0.0044731470079855985,0.002016483055686299,0.0125280989139469,1.0,0.9791666666666666
908,75,50,1,0.00904092217709,0.0135773138958143,0.017974049501597,0.0191725394359701,-0.0024562041138904,0.0018134501149015,-0.0035331758146455,-0.0058554849780228,0.0015885521548949,-0.003845188494964,-0.0037289718268205,-0.0063355139261069,-0.033252034238378,-0.0117285568262066,-0.0156501023908878,-0.0193921202477161,-0.01095907782291,-0.0064226861041857,-0.0020259504984030015,-0.0008274605640299013,-0.0024562041138904,0.0018134501149015,-0.0035331758146455,-0.0058554849780228,0.0015885521548949,-0.003845188494964,-0.0037289718268205,-0.0063355139261069,-0.013252034238377997,0.0082714431737934,0.0043498976091122,0.0006078797522839005,1.0,1.0
909,75,50,10,0.009124660319287,0.0194398963097409,0.0178848721359661,0.0152998871121855,-0.000821679020588,-0.0060239129496885,0.0040221938834627,-0.0014606895246012,-0.0028220361689182,-0.0036992636914347,0.0020833555689954,-0.0008282468268221,-0.0367225938704706,-0.0179842525927658,-0.0165745981772055,-0.0150559832441837,-0.010875339680713001,-0.0005601036902590992,-0.0021151278640339014,-0.0047001128878145,-0.000821679020588,-0.0060239129496885,0.0040221938834627,-0.0014606895246012,-0.0028220361689182,-0.0036992636914347,0.0020833555689954,-0.0008282468268221,-0.016722593870470603,0.0020157474072341995,0.0034254018227945007,0.004944016755816301,1.0,1.0
910,75,50,20,0.0071198995005939,0.0125869728277997,0.0183334900585252,0.017406831192745,-0.0005737258851634,-0.0054915743859843,0.0043074370100758,-0.0005235664526519,-0.0009787287638735,-0.0051900490834928,0.0025391704634569,-0.0009420687153419,-0.0290673460512808,-0.0184898155297392,-0.0194359364145035,-0.0141683703924003,-0.0128801004994061,-0.0074130271722003,-0.001666509941474801,-0.002593168807254999,-0.0005737258851634,-0.0054915743859843,0.0043074370100758,-0.0005235664526519,-0.0009787287638735,-0.0051900490834928,0.0025391704634569,-0.0009420687153419,-0.0090673460512808,0.0015101844702608003,0.000564063585496502,0.005831629607599701,1.0,1.0
911,75,50,random,0.0210100152582155,0.0174068198929538,0.0217598416838249,0.011052090274007,0.0025809553996102,-0.0140159526754209,0.0132141464842234,-0.0058707621247494,-0.0148403668085593,-0.0069386735664677,-0.0023325083740534,-0.0025003607112525,-0.018043430462858,-0.0309742376059258,-0.0145607497416509,-0.0092615392732448,0.0010100152582155006,-0.0025931801070461988,0.001759841683824901,-0.008947909725993,0.0025809553996102,-0.0140159526754209,0.0132141464842234,-0.0058707621247494,-0.0148403668085593,-0.0069386735664677,-0.0023325083740534,-0.0025003607112525,0.0019565695371419993,-0.0109742376059258,0.0054392502583491,0.010738460726755201,0.9791666666666666,0.9375
912,76,1000,1,0.0217104489208009,0.0117875304321908,0.0175853739174423,0.0146496206621659,-0.0206298419852598,0.0100935965992778,0.003431740077194,-0.00068217298131,-0.012884122778336,0.0021742473401857,0.0008590248954674,0.0094735189853215,-0.0183717743532353,-0.0142122689553865,-0.038801420506721,-0.0195387177182007,0.0017104489208009006,-0.0082124695678092,-0.0024146260825577,-0.0053503793378341,-0.0206298419852598,0.0100935965992778,0.003431740077194,-0.00068217298131,-0.012884122778336,0.0021742473401857,0.0008590248954674,0.0094735189853215,0.0016282256467647013,0.005787731044613501,-0.018801420506721,0.00046128228179929953,1.0,0.9375
913,76,1000,10,0.0192131179398028,0.0135364113986808,0.0152680834368873,0.0167125120925935,-0.015392597845607,0.0052854639154574,0.0036367662733261,-0.0025396576215997,-0.0046899682898587,-0.0018248934349759,0.0028829471287489,0.0080765282086103,-0.020606616905525,-0.0112250570051194,-0.0315337320732618,-0.0161563905878172,-0.0007868820601972006,-0.0064635886013192,-0.0047319165631127,-0.0032874879074064993,-0.015392597845607,0.0052854639154574,0.0036367662733261,-0.0025396576215997,-0.0046899682898587,-0.0018248934349759,0.0028829471287489,0.0080765282086103,-0.0006066169055249995,0.0087749429948806,-0.0115337320732618,0.0038436094121827996,1.0,0.9791666666666666
914,76,1000,20,0.0182277899838049,0.0127803408045571,0.0132833228963461,0.0177716577457598,-0.0138493620160404,0.005232544660717,0.0032582183574529,-0.0034284193097171,-0.0045063543469345,-0.0022768918437008,0.0027345010198629,0.0079734011429083,-0.0204047992400134,-0.0105004103829559,-0.0307164668174953,-0.0177839058750007,-0.0017722100161951006,-0.007219659195442901,-0.0067166771036539005,-0.0022283422542401995,-0.0138493620160404,0.005232544660717,0.0032582183574529,-0.0034284193097171,-0.0045063543469345,-0.0022768918437008,0.0027345010198629,0.0079734011429083,-0.00040479924001339887,0.0094995896170441,-0.010716466817495298,0.002216094124999301,1.0,0.9791666666666666
915,76,1000,random,0.0146937492689851,0.0098826016098738,0.0074861475950404,0.016923499213816,-0.0137123096931639,0.0027338144962124,-0.0027222055989719,0.0046454519748477,-0.0014072569357015,-1.6171638966656324e-05,0.0054764092534142,0.0083362115383794,-0.0162282989823045,-0.0133123114565657,-0.0347933550171773,-0.0096675005876247,-0.0053062507310149,-0.0101173983901262,-0.0125138524049596,-0.0030765007861839992,-0.0137123096931639,0.0027338144962124,-0.0027222055989719,0.0046454519748477,-0.0014072569357015,-1.6171638966656324e-05,0.0054764092534142,0.0083362115383794,0.0037717010176955,0.0066876885434343,-0.014793355017177299,0.0103324994123753,0.9791666666666666,0.9583333333333333
916,76,100,1,0.0153174593512197,0.0185229647482272,0.012961095582698,0.0132935862177175,-0.0157197513912717,0.0089737151386671,0.0020672707508965,0.0021775942533864,-0.0036349177794089,0.0027534054542612,0.0063723326508704,0.0006794758434373,-0.0130982111128221,-0.0074886404939534,-0.0322041264656628,-0.0147784701094627,-0.004682540648780301,-0.001477035251772802,-0.007038904417302001,-0.0067064137822825005,-0.0157197513912717,0.0089737151386671,0.0020672707508965,0.0021775942533864,-0.0036349177794089,0.0027534054542612,0.0063723326508704,0.0006794758434373,0.0069017888871779,0.0125113595060466,-0.0122041264656628,0.005221529890537301,1.0,0.9375
917,76,100,10,0.0185931962463658,0.0176415206364352,0.016614677248903,0.0166668776092472,-0.0113017969954154,0.006605511334063,0.0018199036459563,0.0027186040715448,-0.0077863763375992,0.0020624671805959,0.0033398356650955,0.0052995745706127,-0.0187592787792559,-0.0116574050178343,-0.0319176586364743,-0.0172502355808078,-0.0014068037536342018,-0.0023584793635648,-0.003385322751097,-0.003333122390752799,-0.0113017969954154,0.006605511334063,0.0018199036459563,0.0027186040715448,-0.0077863763375992,0.0020624671805959,0.0033398356650955,0.0052995745706127,0.0012407212207441003,0.008342594982165701,-0.011917658636474298,0.0027497644191922,1.0,1.0
918,76,100,20,0.0178511208678632,0.0153288598251014,0.0124274798392764,0.0145388010094275,-0.0098836700617895,0.006109934872486,0.0019874221677952,-1.835085608273494e-05,-0.0085169269088567,-0.0008203768493676,0.0035674660052046,0.0042800605878588,-0.0182148750087266,-0.010356560494512,-0.0310217269597992,-0.0208259817875927,-0.002148879132136801,-0.0046711401748986,-0.0075725201607236,-0.005461198990572501,-0.0098836700617895,0.006109934872486,0.0019874221677952,-1.835085608273494e-05,-0.0085169269088567,-0.0008203768493676,0.0035674660052046,0.0042800605878588,0.0017851249912733992,0.009643439505488,-0.011021726959799201,-0.0008259817875926993,1.0,1.0
919,76,100,random,0.0108690454365984,0.0222151409201375,0.0126490337681428,0.0129042565402037,-0.0080977727533126,0.0032578254768658,-0.0008041448114079,0.0041758268624903,-0.0052054203788484,0.0081753334967429,0.0084165268274479,0.0105780583968823,-0.0117785265671985,-0.0147762678607705,-0.0354296425612463,-0.0081875026508936,-0.0091309545634016,0.0022151409201374983,-0.0073509662318572006,-0.0070957434597963,-0.0080977727533126,0.0032578254768658,-0.0008041448114079,0.0041758268624903,-0.0052054203788484,0.0081753334967429,0.0084165268274479,0.0105780583968823,0.008221473432801501,0.005223732139229501,-0.015429642561246296,0.0118124973491064,1.0,1.0
920,76,50,1,0.0171236620822556,0.0190521339233879,0.013051629226508,0.027642262946489,-0.0111613014427537,-0.0007435576011446,0.0070907192242763,-0.0059856884041464,-0.0039539440479758,-0.0047599200564269,0.0047620136328521,0.0037929916534863,-0.0186185207684906,-0.0244611196176697,-0.0278390778947132,-0.0093947789999287,-0.002876337917744401,-0.0009478660766121007,-0.006948370773492,0.007642262946488999,-0.0111613014427537,-0.0007435576011446,0.0070907192242763,-0.0059856884041464,-0.0039539440479758,-0.0047599200564269,0.0047620136328521,0.0037929916534863,0.0013814792315093999,-0.0044611196176697,-0.0078390778947132,0.0106052210000713,1.0,0.9791666666666666
921,76,50,10,0.0217318022663699,0.0149160033324144,0.0157899395251063,0.0172791938412532,-0.0083866256605379,0.0030682610355983,0.0034942874757178,-0.0003587406346256,-0.0063852706655764,-0.0015875523882754,0.0006342429888682,0.0045287230083912,-0.0236832070913016,-0.0161918270439132,-0.0284299806567172,-0.0186413650665707,0.0017318022663698994,-0.0050839966675856,-0.004210060474893699,-0.0027208061587467997,-0.0083866256605379,0.0030682610355983,0.0034942874757178,-0.0003587406346256,-0.0063852706655764,-0.0015875523882754,0.0006342429888682,0.0045287230083912,-0.003683207091301599,0.003808172956086802,-0.008429980656717198,0.0013586349334293,1.0,1.0
922,76,50,20,0.022783394421138,0.0136283063378184,0.0147977060844295,0.0248570039625937,-0.0082597134429774,0.002646629728568,0.0030603816448952,-0.0044565867987573,-0.005845731683082,-0.0055789188714316,0.0008527087296999,0.0045445172827618,-0.0265599662740919,-0.0143821489999851,-0.0256852621943069,-0.017544255901015,0.002783394421138001,-0.006371693662181601,-0.0052022939155705,0.004857003962593701,-0.0082597134429774,0.002646629728568,0.0030603816448952,-0.0044565867987573,-0.005845731683082,-0.0055789188714316,0.0008527087296999,0.0045445172827618,-0.006559966274091899,0.0056178510000149,-0.0056852621943069,0.002455744098985,1.0,1.0
923,76,50,random,0.0243529083197282,0.007642990012435,0.0028881084634268,0.031003403129745,-0.0045423650501016,-0.0045380611409294,0.0030787655216405,0.0078991942963961,-0.0018824349653264,0.0014946311181632,0.0044004024070608,-0.0009617875138049,-0.030193415903679,-0.0163604283522574,-0.0368963426326334,-0.0210679396669692,0.004352908319728198,-0.012357009987565,-0.0171118915365732,0.011003403129744998,-0.0045423650501016,-0.0045380611409294,0.0030787655216405,0.0078991942963961,-0.0018824349653264,0.0014946311181632,0.0044004024070608,-0.0009617875138049,-0.010193415903679,0.0036395716477426003,-0.016896342632633402,-0.001067939666969199,0.9166666666666666,1.0
924,77,1000,1,0.0245219906399097,0.0164277018899421,0.0242415896169383,0.021810625071331,0.0069501808623521,-0.0109167854866004,-0.0069760148842412,0.00622164746083,0.0070127844964035,0.002601969159962,-0.0030183072378917,0.0017735442133095,-0.0128038175841826,-0.0161001266528601,-0.0119035987755841,-0.0260951592889664,0.004521990639909698,-0.003572298110057902,0.0042415896169382995,0.0018106250713309999,0.0069501808623521,-0.0109167854866004,-0.0069760148842412,0.00622164746083,0.0070127844964035,0.002601969159962,-0.0030183072378917,0.0017735442133095,0.0071961824158174,0.0038998733471399018,0.0080964012244159,-0.006095159288966399,1.0,1.0
925,77,1000,10,0.0203519911836987,0.0139687560402629,0.0246194958982954,0.0261929616539004,0.0061865377023426,-0.0050689149365244,-0.0019480202102192,0.0061497632987147,0.0049985202035685,0.0032236159062886,-0.0020561256838346,0.001444615701838,-0.0149149846451098,-0.014086227425711,-0.0164738277726028,-0.0113403085843615,0.00035199118369869803,-0.006031243959737101,0.004619495898295401,0.006192961653900399,0.0061865377023426,-0.0050689149365244,-0.0019480202102192,0.0061497632987147,0.0049985202035685,0.0032236159062886,-0.0020561256838346,0.001444615701838,0.005085015354890201,0.005913772574289001,0.0035261722273971993,0.0086596914156385,1.0,1.0
926,77,1000,20,0.0201412392061054,0.0139122972417338,0.0242526020158158,0.027190733401322,0.005952828273164,-0.0050278040763345,-0.0014445091621127,0.0068121141994582,0.0047841468531503,0.0033383776241804,-0.0009953302222563,0.0016648933349042,-0.0132801958370788,-0.013022264259982,-0.0147285936306785,-0.0120901203740334,0.00014123920610539797,-0.0060877027582662,0.004252602015815801,0.007190733401322001,0.005952828273164,-0.0050278040763345,-0.0014445091621127,0.0068121141994582,0.0047841468531503,0.0033383776241804,-0.0009953302222563,0.0016648933349042,0.0067198041629212,0.0069777357400180005,0.0052714063693215,0.0079098796259666,1.0,1.0
927,77,1000,random,0.0154073651393679,0.0084730483104082,0.0203507680954876,0.014503771625534,0.0131604677711885,-0.0077691512565177,-0.0075849787454458,0.006609511439515,0.0063979222607517,-0.0009283837123558,-0.0017382386172643,0.0031652657038848,-0.0140497422070257,-0.0052264076058028,-0.0128300808078814,-0.0122362756361067,-0.0045926348606321,-0.011526951689591801,0.0003507680954875983,-0.0054962283744660004,0.0131604677711885,-0.0077691512565177,-0.0075849787454458,0.006609511439515,0.0063979222607517,-0.0009283837123558,-0.0017382386172643,0.0031652657038848,0.005950257792974301,0.014773592394197201,0.007169919192118601,0.0077637243638933005,0.9791666666666666,0.9583333333333334
928,77,100,1,0.0174732897502776,0.0131153327139848,0.0229250418962151,0.0216164286239658,0.0022467757988712,-0.0058779129704017,-2.4148063466682193e-05,0.0006555818312665,0.0047448012643521,0.010950382831162,5.435937394656223e-05,-0.0046682408432559,-0.0148861525842589,-0.0165436350510128,-0.0180910588125793,-0.0079984528301374,-0.0025267102497224005,-0.0068846672860152,0.0029250418962150984,0.0016164286239657988,0.0022467757988712,-0.0058779129704017,-2.4148063466682193e-05,0.0006555818312665,0.0047448012643521,0.010950382831162,5.435937394656223e-05,-0.0046682408432559,0.005113847415741101,0.0034563649489872013,0.0019089411874207013,0.012001547169862601,1.0,1.0
929,77,100,10,0.0204646869901446,0.0151924002932172,0.0242399997705365,0.0272388841832803,0.0052330978714801,-0.0061069115916146,-0.0007314595364384,0.0057168137021692,0.0069928729604049,0.0051955672172207,0.0018692109682378,0.0033286676911368,-0.0156654576003153,-0.0163406396567199,-0.0147588667940902,-0.0135058984477045,0.0004646869901446006,-0.0048075997067828,0.0042399997705365,0.007238884183280298,0.0052330978714801,-0.0061069115916146,-0.0007314595364384,0.0057168137021692,0.0069928729604049,0.0051955672172207,0.0018692109682378,0.0033286676911368,0.004334542399684699,0.003659360343280099,0.0052411332059098,0.0064941015522955,1.0,1.0
930,77,100,20,0.0199402004326463,0.0144467270938747,0.0249465155081269,0.0301189733113153,0.0066432135117709,-0.0047868231906731,0.0009166842166281,0.0084332381098816,0.004592220979728,0.0050338802733925,0.0022966085747966,0.0029754873190527,-0.0132617824324781,-0.0137618417908411,-0.0135975189119242,-0.0116254004785738,-5.979956735370148e-05,-0.005553272906125301,0.0049465155081269,0.0101189733113153,0.0066432135117709,-0.0047868231906731,0.0009166842166281,0.0084332381098816,0.004592220979728,0.0050338802733925,0.0022966085747966,0.0029754873190527,0.0067382175675219005,0.006238158209158901,0.0064024810880758,0.0083745995214262,1.0,1.0
931,77,100,random,0.0144896521184154,0.007228356423879,0.0139199413995104,0.0131940436375772,0.014560375839427,-0.0078470934012937,-0.0112660375411409,0.0048857207095042,0.0107752660700616,0.0051829296541221,-0.001202718407926,-0.0093924868063226,-0.0116283021695746,-0.0091772048172609,-0.0141627565320383,-0.0150162148257074,-0.005510347881584601,-0.012771643576121,-0.0060800586004896,-0.0068059563624228,0.014560375839427,-0.0078470934012937,-0.0112660375411409,0.0048857207095042,0.0107752660700616,0.0051829296541221,-0.001202718407926,-0.0093924868063226,0.008371697830425401,0.010822795182739101,0.005837243467961701,0.0049837851742926004,0.8958333333333334,0.9583333333333334
932,77,50,1,0.0236071496933124,0.0071925365180418,0.0296408274139139,0.0226974927550984,0.0100819646207878,-0.0103351972987512,-0.0004312817469308,-0.003844901498666,0.0061478471894253,-0.0086052715581642,0.0087831372304844,-0.0035434767079315,-0.009225830355506,-0.0101541147829772,-0.0125432120545916,-0.0164895342612361,0.003607149693312401,-0.0128074634819582,0.0096408274139139,0.0026974927550983997,0.0100819646207878,-0.0103351972987512,-0.0004312817469308,-0.003844901498666,0.0061478471894253,-0.0086052715581642,0.0087831372304844,-0.0035434767079315,0.010774169644494,0.009845885217022801,0.0074567879454084,0.0035104657387639016,0.9583333333333334,0.9583333333333333
933,77,50,10,0.0219462947074964,0.0152917317831107,0.0264113905205523,0.0295922622923785,0.0068122137507025,-0.0055376902366196,-0.0042252720783835,0.0001345150942776,0.0092033977685775,-0.0004323441942496,-0.0001059804624645,0.0005200714182597,-0.0110665674294264,-0.0131687400179068,-0.0142553034139855,-0.0158002106587584,0.0019462947074963995,-0.0047082682168893,0.006411390520552299,0.0095922622923785,0.0068122137507025,-0.0055376902366196,-0.0042252720783835,0.0001345150942776,0.0092033977685775,-0.0004323441942496,-0.0001059804624645,0.0005200714182597,0.0089334325705736,0.006831259982093201,0.0057446965860145,0.0041997893412416,1.0,1.0
934,77,50,20,0.0217431297354172,0.0149234124056444,0.0271802678800944,0.02800352297091,0.0074295052050455,-0.0062530867423632,-0.0036223861120086,0.0052729478482221,0.0073146300400839,7.105472582540853e-05,0.0016919877168372,-0.0002996667372344,-0.0113655402199925,-0.0132605763868996,-0.0139888429426703,-0.0136623307691412,0.0017431297354171989,-0.0050765875943556,0.007180267880094401,0.00800352297091,0.0074295052050455,-0.0062530867423632,-0.0036223861120086,0.0052729478482221,0.0073146300400839,7.105472582540853e-05,0.0016919877168372,-0.0002996667372344,0.0086344597800075,0.0067394236131004,0.0060111570573297,0.0063376692308588,1.0,1.0
935,77,50,random,0.0204802175627954,0.0087682795977655,0.0136848004179991,0.0221031384921377,0.0116532288016778,-0.0013740413194064,-0.0178796569404605,-0.0034271795904098,0.0081028538709647,0.0053554028345536,-0.0073110963079372,0.0019256456260543,-0.0155553607005231,-0.0042017231587024,-0.011707994199544,-0.0172167749154376,0.0004802175627953986,-0.0112317204022345,-0.006315199582000901,0.0021031384921376996,0.0116532288016778,-0.0013740413194064,-0.0178796569404605,-0.0034271795904098,0.0081028538709647,0.0053554028345536,-0.0073110963079372,0.0019256456260543,0.0044446392994769,0.0157982768412976,0.008292005800456,0.002783225084562399,0.9791666666666666,0.8958333333333334
936,78,1000,1,0.0192657381663837,0.0262121255825277,0.0296317552729338,0.022971307944206,0.0039114284225348,2.1018810506534173e-05,0.0054036077489437,-0.0070661669053391,0.0051014219905207,-0.0004862376211273,-0.0046481550180108,-0.0123269873546313,-0.0230977453476369,-0.0205594208054421,-0.0280152026265493,-0.0162060827755189,-0.0007342618336163009,0.006212125582527699,0.0096317552729338,0.002971307944206001,0.0039114284225348,2.1018810506534173e-05,0.0054036077489437,-0.0070661669053391,0.0051014219905207,-0.0004862376211273,-0.0046481550180108,-0.0123269873546313,-0.003097745347636901,-0.0005594208054420999,-0.008015202626549301,0.003793917224481101,1.0,1.0
937,78,1000,10,0.0161036419627525,0.0223388929114101,0.0267923936550757,0.018314167378221,-8.479164727894615e-05,-0.0002110513963693,0.0037159872304513,-0.0068405823065188,0.0031022968710104,-0.0038805302710843,-0.0053336220471372,-0.0063142404721013,-0.0213307500793005,-0.0155839689580527,-0.0249122552638996,-0.0147502959162698,-0.0038963580372474993,0.002338892911410099,0.006792393655075699,-0.0016858326217790015,-8.479164727894615e-05,-0.0002110513963693,0.0037159872304513,-0.0068405823065188,0.0031022968710104,-0.0038805302710843,-0.0053336220471372,-0.0063142404721013,-0.0013307500793004988,0.004416031041947301,-0.004912255263899601,0.005249704083730201,1.0,1.0
938,78,1000,20,0.0153655447363013,0.0200534359946326,0.025646409833172,0.018772289025989,-3.219972877286574e-05,-0.0003180979634008,0.0032661667383779,-0.0078617161640716,0.0026191980153037,-0.0034944156100399,-0.0051738132387663,-0.0055680387692113,-0.0190085730831269,-0.0154165310049734,-0.0241029951676894,-0.0144300685325362,-0.004634455263698701,5.343599463259949e-05,0.005646409833171998,-0.0012277109740110002,-3.219972877286574e-05,-0.0003180979634008,0.0032661667383779,-0.0078617161640716,0.0026191980153037,-0.0034944156100399,-0.0051738132387663,-0.0055680387692113,0.0009914269168731019,0.0045834689950266,-0.004102995167689399,0.0055699314674638005,1.0,1.0
939,78,1000,random,0.015207589913518,0.0196194250269191,0.0212220962708143,0.0181249821103441,0.0022015862273612,-0.0050606877170278,-5.705460094933316e-05,-0.0076090435088334,0.0046568454269889,-0.005854527940361,-0.0086042027462741,-0.008341085223781,-0.0181647944953725,-0.0138535130629373,-0.03374717335028,-0.009262770122275,-0.004792410086482001,-0.0003805749730808987,0.0012220962708143004,-0.0018750178896559007,0.0022015862273612,-0.0050606877170278,-5.705460094933316e-05,-0.0076090435088334,0.0046568454269889,-0.005854527940361,-0.0086042027462741,-0.008341085223781,0.001835205504627499,0.0061464869370627,-0.013747173350279997,0.010737229877725001,1.0,1.0
940,78,100,1,0.0212166037300675,0.0213279106486506,0.0218514705430141,0.0175334574275367,-0.0018388212489902,0.0023970746755555,-0.0007213807283326,-0.0065787264055658,0.0085944219817221,-0.0029091290961538,-0.0067684891148393,-0.0049995265665403,-0.023111283915523,-0.0239377735531944,-0.0225554700928751,-0.0151730727311448,0.0012166037300674996,0.0013279106486506,0.0018514705430140999,-0.002466542572463301,-0.0018388212489902,0.0023970746755555,-0.0007213807283326,-0.0065787264055658,0.0085944219817221,-0.0029091290961538,-0.0067684891148393,-0.0049995265665403,-0.0031112839155230006,-0.003937773553194399,-0.0025554700928751006,0.0048269272688552,1.0,1.0
941,78,100,10,0.017948127030911,0.0225712670025715,0.027375474637256,0.0178765760062048,0.0011655272519643,-0.0007248733760416,0.0024044222247654,-0.0065416436529079,0.002324517717278,-0.0006518967485117,-0.0054692662655255,-0.0063226708105726,-0.0184972041902899,-0.018290736798306,-0.0247609392835196,-0.0128506308184318,-0.0020518729690889997,0.0025712670025715006,0.007375474637255998,-0.0021234239937952017,0.0011655272519643,-0.0007248733760416,0.0024044222247654,-0.0065416436529079,0.002324517717278,-0.0006518967485117,-0.0054692662655255,-0.0063226708105726,0.0015027958097100988,0.0017092632016940008,-0.004760939283519599,0.007149369181568201,1.0,1.0
942,78,100,20,0.0168017231079371,0.0197362441836566,0.0272965122946534,0.0207391410935769,0.0001659877544348,5.947589165016177e-05,0.0017292609708849,-0.0087180663379914,0.0006965504213143,-0.0025389898884792,-0.0065318463563973,-0.0063470655756684,-0.0189303071073222,-0.0192124908878833,-0.023091337033464,-0.0102369346345122,-0.003198276892062899,-0.00026375581634340006,0.0072965122946534,0.0007391410935768984,0.0001659877544348,5.947589165016177e-05,0.0017292609708849,-0.0087180663379914,0.0006965504213143,-0.0025389898884792,-0.0065318463563973,-0.0063470655756684,0.0010696928926778003,0.0007875091121167001,-0.0030913370334639985,0.009763065365487801,1.0,1.0
943,78,100,random,0.0225630218630132,0.0190759970786396,0.0255781092088775,0.0210721521663789,0.0069832606350588,-0.0075402963006279,-0.0001655852963617,-0.0063742020111237,0.0017861280079911,-0.0012551445976316,-0.0117545251311493,-0.0161930477917596,-0.0191071443314147,-0.0141259036139135,-0.0345036543166848,-0.0072132867303118,0.0025630218630132012,-0.0009240029213604013,0.0055781092088775,0.0010721521663789,0.0069832606350588,-0.0075402963006279,-0.0001655852963617,-0.0063742020111237,0.0017861280079911,-0.0012551445976316,-0.0117545251311493,-0.0161930477917596,0.0008928556685852997,0.0058740963860865,-0.014503654316684798,0.0127867132696882,1.0,0.9166666666666666
944,78,50,1,0.0172723992135056,0.0298706159068254,0.0259516600546297,0.0143197787535851,-0.0048852144234782,0.0018894492789258,0.0022390870478106,-0.005364321510689,7.292485881367835e-06,-0.0087332938344648,-0.0066619420476943,-0.0013013588028589,-0.0302752997739407,-0.0144056708796284,-0.014790348640477,-0.0175596470905164,-0.002727600786494401,0.009870615906825399,0.005951660054629701,-0.0056802212464149,-0.0048852144234782,0.0018894492789258,0.0022390870478106,-0.005364321510689,7.292485881367835e-06,-0.0087332938344648,-0.0066619420476943,-0.0013013588028589,-0.010275299773940698,0.0055943291203716,0.005209651359523001,0.0024403529094835993,1.0,1.0
945,78,50,10,0.0165688791969908,0.0260140227581108,0.0309538906282241,0.0159936793281774,-0.0010193332871536,0.0029494518366608,-0.0006097918712948,-0.0063311812395409,0.0026491537785577,-0.005865177118989,-0.0030585875677609,-0.0064839456295514,-0.0233575541037352,-0.0175420005642003,-0.02197816504118,-0.0152540771096564,-0.0034311208030092,0.006014022758110801,0.010953890628224099,-0.004006320671822602,-0.0010193332871536,0.0029494518366608,-0.0006097918712948,-0.0063311812395409,0.0026491537785577,-0.005865177118989,-0.0030585875677609,-0.0064839456295514,-0.0033575541037351997,0.002457999435799701,-0.001978165041180001,0.004745922890343601,1.0,1.0
946,78,50,20,0.0154700184800533,0.0216530948793142,0.0320643538900789,0.0175056085638694,-4.240617828423531e-05,0.0040185257920474,-0.0012756778133634,-0.0075806025931058,0.0009458053054916,-0.0031252539537484,-0.0014473756096543,-0.0066055079087115,-0.0227476906561629,-0.0189532327441475,-0.0316769342820825,-0.0182278413660793,-0.004529981519946701,0.0016530948793141986,0.012064353890078903,-0.002494391436130599,-4.240617828423531e-05,0.0040185257920474,-0.0012756778133634,-0.0075806025931058,0.0009458053054916,-0.0031252539537484,-0.0014473756096543,-0.0066055079087115,-0.002747690656162899,0.0010467672558524994,-0.0116769342820825,0.0017721586339207,1.0,1.0
947,78,50,random,0.0128209892473645,0.0191064025701387,0.0229377677408121,0.0095517087368009,-0.0041304476091095,-0.0007818173928432,-0.0025854640119758,-0.0043871879439716,-0.0039468497174449,-0.0128734769206451,-0.0067951203423299,-0.012742210659678,-0.034598793979048,-0.0178821767426582,-0.0179263713991597,-0.01157619732315,-0.0071790107526355,-0.0008935974298612988,0.0029377677408121,-0.0104482912631991,-0.0041304476091095,-0.0007818173928432,-0.0025854640119758,-0.0043871879439716,-0.0039468497174449,-0.0128734769206451,-0.0067951203423299,-0.012742210659678,-0.014598793979047998,0.002117823257341802,0.002073628600840302,0.00842380267685,1.0,0.9583333333333334
948,79,1000,1,0.0206125848949146,0.0163063026178243,0.0346796992161078,0.0174643769961326,-0.0006217679374841,-0.0053109310650594,-0.0031492275598422,-0.0009056225245574,-0.0050974308818333,0.0014093703349917,-0.0036017923109152,0.000298314393999,-0.0225379270524223,-0.0183126048507042,-0.0200801220254273,-0.0299984780998626,0.0006125848949146001,-0.0036936973821757,0.0146796992161078,-0.0025356230038674,-0.0006217679374841,-0.0053109310650594,-0.0031492275598422,-0.0009056225245574,-0.0050974308818333,0.0014093703349917,-0.0036017923109152,0.000298314393999,-0.002537927052422298,0.0016873951492957992,-8.012202542730107e-05,-0.009998478099862599,1.0,1.0
949,79,1000,10,0.0151848474321923,0.0201219677621115,0.0230338726486494,0.0185107332119679,0.003405130056019,-0.00428887150181,-0.0033439159237003,0.0029130110358954,-0.0012298365497334,-0.0004774888691113,0.000126254039938,0.0043239071631497,-0.022320124592111,-0.0167460553949148,-0.024337508980766,-0.0229320707400018,-0.0048151525678077,0.00012196776211149951,0.003033872648649398,-0.0014892667880321009,0.003405130056019,-0.00428887150181,-0.0033439159237003,0.0029130110358954,-0.0012298365497334,-0.0004774888691113,0.000126254039938,0.0043239071631497,-0.002320124592110999,0.003253944605085199,-0.004337508980766,-0.0029320707400018013,1.0,1.0
950,79,1000,20,0.0152008661505009,0.0188298804522631,0.0221788759935682,0.0184748635696275,0.0042792139158832,-0.0045501280828716,-0.0030920267304272,0.0018011657771415,-0.0014769774369568,-0.0006538303295753,-0.0004065012411894,0.0023886243521302,-0.0218369375387725,-0.0157472279344014,-0.0212984510808172,-0.0213439420928593,-0.0047991338494991,-0.0011701195477369017,0.0021788759935682,-0.0015251364303725014,0.0042792139158832,-0.0045501280828716,-0.0030920267304272,0.0018011657771415,-0.0014769774369568,-0.0006538303295753,-0.0004065012411894,0.0023886243521302,-0.0018369375387724991,0.004252772065598601,-0.0012984510808171992,-0.0013439420928593009,1.0,1.0
951,79,1000,random,0.0153725991816452,0.0147804224268537,0.0148802748981412,0.0161778425377536,0.0015311510753882,-0.0015415930058638,-0.0035225665680817,0.0072333957721034,-0.0046928223202828,-0.0015956529889387,0.0007681123347062,0.0074808945627548,-0.0278567617407149,-0.0051036876460334,-0.0159471745986407,-0.010937213089206,-0.004627400818354801,-0.005219577573146301,-0.005119725101858801,-0.0038221574622464005,0.0015311510753882,-0.0015415930058638,-0.0035225665680817,0.0072333957721034,-0.0046928223202828,-0.0015956529889387,0.0007681123347062,0.0074808945627548,-0.0078567617407149,0.014896312353966601,0.0040528254013592994,0.009062786910794,1.0,1.0
952,79,100,1,0.0164141881548788,0.0188943192208739,0.0205199766977327,0.0270987400094843,0.0058446922254224,-0.0034574340892361,-0.0088486152125647,-0.000542958709807,0.005975057853259,-0.006734442083759,-0.0049456496504229,0.0059842753300626,-0.0219176481274616,-0.0205419080558872,-0.0268558693627121,-0.0194506154844119,-0.0035858118451212,-0.0011056807791261017,0.0005199766977326999,0.007098740009484298,0.0058446922254224,-0.0034574340892361,-0.0088486152125647,-0.000542958709807,0.005975057853259,-0.006734442083759,-0.0049456496504229,0.0059842753300626,-0.0019176481274616013,-0.0005419080558871983,-0.0068558693627121005,0.0005493845155881,1.0,1.0
953,79,100,10,0.0159209968494802,0.019537423006709,0.0209403868796419,0.0191786983649035,0.004113364177694,-0.0037403077421201,-0.0037172071594983,0.0040209912688624,-0.0007370977350695,-0.0008067199703179,-0.0003659388482585,0.0056929615968508,-0.0261414640646958,-0.0162845660136369,-0.0250577557932112,-0.0188967950312185,-0.004079003150519799,-0.0004625769932910008,0.0009403868796418989,-0.0008213016350964997,0.004113364177694,-0.0037403077421201,-0.0037172071594983,0.0040209912688624,-0.0007370977350695,-0.0008067199703179,-0.0003659388482585,0.0056929615968508,-0.0061414640646958,0.0037154339863630995,-0.005057755793211199,0.0011032049687814995,1.0,1.0
954,79,100,20,0.0172079302803834,0.018959027913274,0.0197102880021569,0.0185362735201667,0.0057191059162269,-0.0046694507729468,-0.0025864553597473,0.0023387335100456,-0.0008256033697703,-0.0014738563609818,-0.000871928019353,0.0026505513312646,-0.0277359930028582,-0.0183670715758024,-0.0220485643922003,-0.017543269258663,-0.0027920697196166,-0.001040972086725999,-0.00028971199784310134,-0.0014637264798333,0.0057191059162269,-0.0046694507729468,-0.0025864553597473,0.0023387335100456,-0.0008256033697703,-0.0014738563609818,-0.000871928019353,0.0026505513312646,-0.0077359930028582,0.0016329284241975994,-0.0020485643922002993,0.0024567307413369995,1.0,1.0
955,79,100,random,0.0083199217019505,0.0136631978791553,0.007420555125944,0.0223414969707377,0.0062148427641016,-0.0068657895347139,-0.0063171571255221,0.0148597932517987,-0.0026124856251575,-0.0022384499334099,0.0048677059027156,0.0081140525063831,-0.0360262244480621,-0.0099297056526587,-0.0153238094990768,-0.0098239829837499,-0.0116800782980495,-0.0063368021208447,-0.012579444874056,0.0023414969707377005,0.0062148427641016,-0.0068657895347139,-0.0063171571255221,0.0148597932517987,-0.0026124856251575,-0.0022384499334099,0.0048677059027156,0.0081140525063831,-0.016026224448062096,0.0100702943473413,0.004676190500923201,0.010176017016250101,0.9166666666666667,1.0
956,79,50,1,0.0203394156994828,0.0174574986449305,0.0191763421608134,0.0196820266524035,-0.0054531181599659,-0.0089660364642073,-0.0060076574597815,0.0041661374351846,-0.0091386305714519,-0.0046602984088291,0.0039934618234528,0.0066852794803353,-0.0227358037233846,-0.0167230654149313,-0.0243376147843274,-0.019853710125836,0.0003394156994828007,-0.0025425013550695007,-0.0008236578391866006,-0.00031797334759649937,-0.0054531181599659,-0.0089660364642073,-0.0060076574597815,0.0041661374351846,-0.0091386305714519,-0.0046602984088291,0.0039934618234528,0.0066852794803353,-0.0027358037233846007,0.0032769345850687005,-0.004337614784327398,0.00014628987416399897,1.0,1.0
957,79,50,10,0.0141009983566246,0.0231736637927185,0.023338082657304,0.0209439121606146,0.0014727411237089,-0.0092757063844245,-0.0046154016332284,0.0050518294800719,-0.0070728751252033,0.0039875021498067,-0.0029408338464415,0.0028344104113327,-0.0248542403900013,-0.0155493181374106,-0.0260649067613434,-0.0168243208355857,-0.005899001643375401,0.0031736637927184987,0.0033380826573039986,0.0009439121606145996,0.0014727411237089,-0.0092757063844245,-0.0046154016332284,0.0050518294800719,-0.0070728751252033,0.0039875021498067,-0.0029408338464415,0.0028344104113327,-0.004854240390001298,0.004450681862589401,-0.0060649067613434,0.003175679164414299,1.0,1.0
958,79,50,20,0.0147711413477918,0.0209731208092645,0.0245969838872659,0.019241389096869,0.0033179339780933,-0.0106585274958985,-0.0026752582343785,0.0034867780976841,-0.0084930609549366,0.0015976536779941,-0.0024937995790968,0.0031505493215397,-0.0225922569514431,-0.0181174689811027,-0.0251361820264693,-0.019725594938948,-0.0052288586522082,0.0009731208092645001,0.004596983887265899,-0.0007586109031310004,0.0033179339780933,-0.0106585274958985,-0.0026752582343785,0.0034867780976841,-0.0084930609549366,0.0015976536779941,-0.0024937995790968,0.0031505493215397,-0.002592256951443099,0.0018825310188973002,-0.0051361820264692985,0.00027440506105200213,1.0,1.0
959,79,50,random,0.0126808095553584,0.0209869764454064,0.0041586471662269,0.0120915379177184,-0.0011212189850625,0.0005876515871209,0.0009311755910905,0.0055320910383284,-0.0113327246498099,-0.0118333818501112,0.0023820264503153,0.0079571897409828,-0.0440388119849702,0.0004039390330149,-0.0183375885062978,-0.0209172020948018,-0.007319190444641601,0.0009869764454063998,-0.015841352833773102,-0.0079084620822816,-0.0011212189850625,0.0005876515871209,0.0009311755910905,0.0055320910383284,-0.0113327246498099,-0.0118333818501112,0.0023820264503153,0.0079571897409828,-0.0240388119849702,0.0204039390330149,0.0016624114937021997,-0.0009172020948018007,0.9583333333333334,0.9375
960,80,1000,1,0.0218196799813931,0.0316089393179729,0.0140715484032375,0.0196153397376202,-0.0022435725452594,-0.0024312651522622,-0.0104383716836634,-0.000298576037946,-0.0064770192767096,-0.0053615685025036,0.0028511752951356,-0.0002210111208176,-0.0182324212525679,-0.0192711189013599,-0.0203953722407453,-0.0075396168730269,0.0018196799813930999,0.0116089393179729,-0.0059284515967625,-0.0003846602623798004,-0.0022435725452594,-0.0024312651522622,-0.0104383716836634,-0.000298576037946,-0.0064770192767096,-0.0053615685025036,0.0028511752951356,-0.0002210111208176,0.0017675787474321011,0.0007288810986401002,-0.00039537224074530017,0.0124603831269731,1.0,0.9791666666666666
961,80,1000,10,0.0235100446752257,0.0213713513636661,0.0156785996164961,0.0196238135046044,-0.004893558022145,-0.0055515438108325,-0.0110040352674919,0.0021258035106051,-0.0006380082657174,-0.0052684871279274,-0.0003104582096761,0.0008563354693334,-0.0109964476935747,-0.0201547640675805,-0.0171980301954405,-0.0101502565952024,0.0035100446752256986,0.0013713513636661005,-0.004321400383503902,-0.0003761864953956001,-0.004893558022145,-0.0055515438108325,-0.0110040352674919,0.0021258035106051,-0.0006380082657174,-0.0052684871279274,-0.0003104582096761,0.0008563354693334,0.0090035523064253,-0.00015476406758049843,0.0028019698045595003,0.009849743404797601,1.0,0.9583333333333333
962,80,1000,20,0.024110972488832,0.0210107901225123,0.0160720408214831,0.0202473978404215,-0.0061614784908038,-0.0065268243799177,-0.0113163229431965,0.0023091536063396,0.0004071080081357,-0.0045096046623263,-0.0001806362851926,0.0004848244670974,-0.0104300728988897,-0.0187823352362639,-0.016925444615442,-0.0098156929592097,0.004110972488832,0.0010107901225123,-0.003927959178516901,0.00024739784042149965,-0.0061614784908038,-0.0065268243799177,-0.0113163229431965,0.0023091536063396,0.0004071080081357,-0.0045096046623263,-0.0001806362851926,0.0004848244670974,0.0095699271011103,0.001217664763736099,0.0030745553845579997,0.0101843070407903,1.0,0.9583333333333333
963,80,1000,random,0.0253246106321008,0.0162360139808383,0.0214820316937914,0.0183472142003016,-0.002840740176131,-0.018552269490903,-0.0039443157833749,0.0115536733373744,0.007736926100149,-0.003606941303629,-0.0031423783524101,-0.0025907837765216,-0.0098739784135708,-0.0223628840176317,-0.0106906975008147,-0.0044077129456938,0.005324610632100799,-0.0037639860191617004,0.001482031693791401,-0.0016527857996984016,-0.002840740176131,-0.018552269490903,-0.0039443157833749,0.0115536733373744,0.007736926100149,-0.003606941303629,-0.0031423783524101,-0.0025907837765216,0.010126021586429201,-0.0023628840176317008,0.009309302499185301,0.015592287054306202,1.0,0.9375
964,80,100,1,0.0323909778887048,0.0186777683537295,0.0182076258632348,0.0200326233107585,-0.0033463252038731,-0.0078336936605009,-0.0128905921835183,0.0046088676444182,0.0063453059060869,-0.003626588581643,-0.0011800074052386,0.0008878744627299,-0.0108836363386492,-0.0230629689765767,-0.0213112067099772,-0.0154401874415018,0.012390977888704798,-0.001322231646270499,-0.0017923741367651992,3.262331075850125e-05,-0.0033463252038731,-0.0078336936605009,-0.0128905921835183,0.0046088676444182,0.0063453059060869,-0.003626588581643,-0.0011800074052386,0.0008878744627299,0.009116363661350801,-0.0030629689765767007,-0.0013112067099772008,0.004559812558498201,1.0,0.9791666666666666
965,80,100,10,0.027332751942751,0.0224104884896783,0.018103951952038,0.019213269106164,-0.0035593261974884,-0.0057219427512035,-0.0128818782778554,0.002903606136197,0.0036703512150602,-0.0047731593056766,-0.0005814681748015,0.0010661277991719,-0.0085150548485138,-0.0173042375389981,-0.0179484780767189,-0.0115607640325431,0.007332751942751001,0.0024104884896783,-0.0018960480479619998,-0.0007867308938360011,-0.0035593261974884,-0.0057219427512035,-0.0128818782778554,0.002903606136197,0.0036703512150602,-0.0047731593056766,-0.0005814681748015,0.0010661277991719,0.0114849451514862,0.0026957624610019007,0.0020515219232811015,0.0084392359674569,1.0,0.9583333333333333
966,80,100,20,0.0297659157190002,0.0214341631648453,0.0184937254999058,0.0209234254388735,-0.0039154518131374,-0.006962709852506,-0.0130893263874161,0.0035860860454746,0.0043560270875176,-0.0037092738331961,-0.0011063513335074,5.180193707708076e-05,-0.0086738655127981,-0.0167503877858581,-0.018244074674507,-0.0111007237819563,0.0097659157190002,0.0014341631648452993,-0.0015062745000942006,0.0009234254388734986,-0.0039154518131374,-0.006962709852506,-0.0130893263874161,0.0035860860454746,0.0043560270875176,-0.0037092738331961,-0.0011063513335074,5.180193707708076e-05,0.0113261344872019,0.003249612214141901,0.001755925325492999,0.0088992762180437,1.0,0.9583333333333333
967,80,100,random,0.0311664139687682,0.0203314316733398,0.0309682444190432,0.026369966538157,-0.0045862869593375,-0.0218721440002992,-0.0032462475225379,0.0212850428925999,0.0166385585582549,-0.0008793743793287,-0.0018611829019404,-0.0099087700355532,-0.0021287304644205,-0.0309656038936689,-0.0089520354978235,-0.0060340812254733,0.011166413968768201,0.00033143167333980067,0.010968244419043198,0.006369966538156999,-0.0045862869593375,-0.0218721440002992,-0.0032462475225379,0.0212850428925999,0.0166385585582549,-0.0008793743793287,-0.0018611829019404,-0.0099087700355532,0.0178712695355795,-0.0109656038936689,0.0110479645021765,0.0139659187745267,0.9791666666666666,0.8333333333333334
968,80,50,1,0.0146299095319393,0.0241721049439091,0.0189676922690459,0.0242563506911937,-0.0054959400356528,-0.0040442680787531,-0.0123576117021535,0.0050532972482962,-0.0015199928040088,-0.0081732335842249,-0.0031069815730722,0.008476081189427,-0.0080614210173884,-0.0148682904241963,-0.0205329874074846,-0.020074642245849,-0.0053700904680607005,0.0041721049439091,-0.001032307730954099,0.0042563506911936985,-0.0054959400356528,-0.0040442680787531,-0.0123576117021535,0.0050532972482962,-0.0015199928040088,-0.0081732335842249,-0.0031069815730722,0.008476081189427,0.0119385789826116,0.0051317095758037,-0.0005329874074846003,-7.464224584900064e-05,1.0,0.9583333333333334
969,80,50,10,0.0222607343802994,0.0225547443670109,0.0187136004356835,0.0206679857529773,-0.0064765665459924,-0.0080697323106007,-0.0123986370602521,0.00371514420956,-0.0015535419217766,-0.0046404037117641,-0.0006608652080091,0.0024475464000851,-0.0131060187180089,-0.0164725871678412,-0.018661392432513,-0.0112447129250525,0.0022607343802994,0.0025547443670108985,-0.0012863995643165003,0.000667985752977298,-0.0064765665459924,-0.0080697323106007,-0.0123986370602521,0.00371514420956,-0.0015535419217766,-0.0046404037117641,-0.0006608652080091,0.0024475464000851,0.006893981281991101,0.003527412832158801,0.0013386075674870004,0.0087552870749475,1.0,0.9791666666666666
970,80,50,20,0.0209637790403578,0.0202557956435158,0.0181881859203521,0.0194876984014665,-0.0060963173378459,-0.0093757031809855,-0.0112775227718626,0.0027444877607904,-8.644808354544756e-05,-0.0028992609841689,0.0002427720475862,9.988875871394176e-05,-0.014780205878694,-0.0165934429762104,-0.0195739872233699,-0.0099151131123173,0.0009637790403577984,0.0002557956435157993,-0.0018118140796479013,-0.0005123015985335003,-0.0060963173378459,-0.0093757031809855,-0.0112775227718626,0.0027444877607904,-8.644808354544756e-05,-0.0028992609841689,0.0002427720475862,9.988875871394176e-05,0.005219794121306,0.0034065570237896,0.0004260127766301004,0.010084886887682701,1.0,0.9791666666666666
971,80,50,random,0.0224011010266433,0.0169602308699193,0.0252529003933533,0.0217904292107635,-0.0079603077531157,-0.0287379098114241,-0.0070728210620411,0.0108877082350811,-0.0013404007688754,-0.0129844261207094,-0.007511511375624,0.0059512248145337,-0.0210923425876533,-0.030645395141099,-0.0207909098071882,0.0016140884127823,0.002401101026643298,-0.003039769130080701,0.005252900393353299,0.0017904292107635,-0.0079603077531157,-0.0287379098114241,-0.0070728210620411,0.0108877082350811,-0.0013404007688754,-0.0129844261207094,-0.007511511375624,0.0059512248145337,-0.0010923425876533006,-0.010645395141098999,-0.0007909098071882011,0.0216140884127823,1.0,0.8333333333333333
972,81,1000,1,0.0215191056925933,0.0202935184660883,0.0160104771231891,0.0222934214871833,0.0078022689702818,-0.008150324177412,0.009664911115637,-0.003794121238942,-0.0086381419560756,0.0021566002434057,-0.0063135144767552,0.0056867127323467,-0.0199231457135024,-0.0074973655283897,-0.0076462729524154,-0.0184718710036842,0.0015191056925932984,0.00029351846608829946,-0.0039895228768109005,0.002293421487183301,0.0078022689702818,-0.008150324177412,0.009664911115637,-0.003794121238942,-0.0086381419560756,0.0021566002434057,-0.0063135144767552,0.0056867127323467,7.685428649760115e-05,0.012502634471610301,0.012353727047584601,0.0015281289963158008,1.0,0.9166666666666667
973,81,1000,10,0.0212445426555206,0.024036683764267,0.0211160943478318,0.0197736458765071,0.010763782800634,-0.0049768037067891,0.0096254232875824,-0.0002097341904326,-0.004925579121753,0.0001951285892103,-0.0042716641784442,0.0043970828274796,-0.0156414465018412,-0.0070033208994063,-0.0071602376021398,-0.0208103132451651,0.0012445426555206009,0.004036683764267,0.0011160943478317996,-0.00022635412349290146,0.010763782800634,-0.0049768037067891,0.0096254232875824,-0.0002097341904326,-0.004925579121753,0.0001951285892103,-0.0042716641784442,0.0043970828274796,0.0043585534981588,0.0129966791005937,0.0128397623978602,-0.0008103132451651,1.0,1.0
974,81,1000,20,0.0207681529752477,0.0235778438948105,0.0203738499588035,0.0196581161301231,0.0106868991640682,-0.0059656883295316,0.009561185035512,-0.0008537217426949,-0.0067104244124817,0.0004075947583888,-0.0040722402424339,0.0047638188549438,-0.015389950589025,-0.0080014356728663,-0.0067749117199158,-0.0196478530790738,0.0007681529752476997,0.0035778438948105007,0.0003738499588035009,-0.00034188386987690084,0.0106868991640682,-0.0059656883295316,0.009561185035512,-0.0008537217426949,-0.0067104244124817,0.0004075947583888,-0.0040722402424339,0.0047638188549438,0.004610049410975,0.0119985643271337,0.0132250882800842,0.000352146920926201,1.0,1.0
975,81,1000,random,0.017788858500536,0.0175849885308573,0.0154599504734589,0.0118264391946415,0.0090521070779831,-0.0088055316415463,0.0127192451488777,0.0040150760890005,-0.0053072382458813,0.0002839933383939,-0.0025138045150184,0.007008105400934,-0.0194704195671677,-0.0112816148345565,-0.0053242160418604,-0.0145901491725364,-0.002211141499464001,-0.002415011469142702,-0.0045400495265411,-0.0081735608053585,0.0090521070779831,-0.0088055316415463,0.0127192451488777,0.0040150760890005,-0.0053072382458813,0.0002839933383939,-0.0025138045150184,0.007008105400934,0.0005295804328322995,0.008718385165443501,0.0146757839581396,0.0054098508274636,0.9791666666666666,0.9791666666666666
976,81,100,1,0.0204410429442112,0.023843024433138,0.0169179545188128,0.0170093308284595,0.0092457537696126,0.0003301572545254,0.0136310890881223,0.001003527335615,-0.0089436060556469,0.002632129046197,-0.0030389599450703,0.005680933030823,-0.0123008432328491,-0.0081435592219879,-0.009285991904964,-0.0194009943749456,0.00044104294421119794,0.003843024433137998,-0.0030820454811871997,-0.002990669171540502,0.0092457537696126,0.0003301572545254,0.0136310890881223,0.001003527335615,-0.0089436060556469,0.002632129046197,-0.0030389599450703,0.005680933030823,0.0076991567671509005,0.0118564407780121,0.010714008095036,0.0005990056250544003,1.0,0.9791666666666666
977,81,100,10,0.0209333801631896,0.0255843261271888,0.0159633191242143,0.0200062699846463,0.0111559531532121,-0.0029348526516628,0.0100470450893593,-0.000730237972356,-0.0062519115227601,0.0010785853625603,-0.006197063615185,0.0066043325091496,-0.0170908496188739,-0.0061698173098128,-0.0076619404722775,-0.0217514730380266,0.0009333801631895983,0.005584326127188798,-0.004036680875785702,6.269984646298243e-06,0.0111559531532121,-0.0029348526516628,0.0100470450893593,-0.000730237972356,-0.0062519115227601,0.0010785853625603,-0.006197063615185,0.0066043325091496,0.002909150381126102,0.0138301826901872,0.0123380595277225,-0.0017514730380265991,1.0,0.9583333333333334
978,81,100,20,0.0212171702790414,0.0276260394647708,0.0172644449407526,0.0194018309475384,0.00951962818998,-0.0043588615662923,0.0082279030514449,-0.0012773987134222,-0.0040882594905465,0.001706686039955,-0.003280080478705,0.0059875131962611,-0.0162114592829156,-0.0062990569401472,-0.0058366034850855,-0.0220065632034064,0.0012171702790414012,0.007626039464770799,-0.0027355550592473993,-0.0005981690524616001,0.00951962818998,-0.0043588615662923,0.0082279030514449,-0.0012773987134222,-0.0040882594905465,0.001706686039955,-0.003280080478705,0.0059875131962611,0.0037885407170843988,0.0137009430598528,0.014163396514914502,-0.0020065632034063988,1.0,1.0
979,81,100,random,0.0209241122221823,0.0093902858373647,0.0130697531066474,0.0182408862210373,0.0069038648888656,-0.0063165497046525,0.0118901624393153,0.0020682949659768,-0.0015756394703613,0.0029537617618036,-0.0054123306806896,0.0076133299678727,-0.0182312973881435,-0.0040423645235551,-0.0054944885477918,-0.0127810135503959,0.0009241122221822981,-0.0106097141626353,-0.006930246893352601,-0.0017591137789626995,0.0069038648888656,-0.0063165497046525,0.0118901624393153,0.0020682949659768,-0.0015756394703613,0.0029537617618036,-0.0054123306806896,0.0076133299678727,0.0017687026118565,0.015957635476444902,0.0145055114522082,0.007218986449604101,0.9791666666666666,0.9375
980,81,50,1,0.0146428370426111,0.0250433886295394,0.0209968490324692,0.020423602689559,0.0070531529438565,-0.0053598609913215,0.0017448084964759,-0.0110537054355264,-0.0150254333912239,0.0021042246661558,-0.0091559835622787,0.0015144599870551,-0.0213562211498204,-0.0105924456473711,-0.0123810704694348,-0.0105184372082447,-0.005357162957388901,0.005043388629539399,0.0009968490324691985,0.0004236026895589988,0.0070531529438565,-0.0053598609913215,0.0017448084964759,-0.0110537054355264,-0.0150254333912239,0.0021042246661558,-0.0091559835622787,0.0015144599870551,-0.0013562211498204003,0.0094075543526289,0.007618929530565201,0.009481562791755301,1.0,0.8958333333333334
981,81,50,10,0.0195369057030201,0.0284688870780155,0.02102238456944,0.0202630997570867,0.0154237893448758,-0.0065309436453233,0.0108745634724885,-0.0006948393806462,-0.0081892044340746,0.0003052951241795,-0.0033337724867812,0.0035837791613743,-0.0205015336364384,-0.0066618308630911,-0.0106367245567849,-0.0195031491364068,-0.0004630942969798997,0.008468887078015498,0.0010223845694399998,0.00026309975708669817,0.0154237893448758,-0.0065309436453233,0.0108745634724885,-0.0006948393806462,-0.0081892044340746,0.0003052951241795,-0.0033337724867812,0.0035837791613743,-0.0005015336364384004,0.013338169136908901,0.0093632754432151,0.0004968508635932005,1.0,0.9791666666666666
982,81,50,20,0.0182536049780615,0.0337007634591776,0.0203253702365588,0.0195566853187367,0.016402318041307,-0.0068503042246019,0.0134824846234937,-0.0008508227673633,-0.0088878636529415,0.0013706379886309,-0.0036280238992687,0.0067560875955978,-0.0197750327063423,-0.0058288574023585,-0.009669950387979,-0.0211838157441882,-0.001746395021938501,0.0137007634591776,0.00032537023655879876,-0.00044331468126329945,0.016402318041307,-0.0068503042246019,0.0134824846234937,-0.0008508227673633,-0.0088878636529415,0.0013706379886309,-0.0036280238992687,0.0067560875955978,0.00022496729365770185,0.0141711425976415,0.010330049612021,-0.0011838157441881984,1.0,0.9583333333333334
983,81,50,random,0.0236890575156341,0.0203610797145379,0.0164105636488919,0.0166922736771992,0.0111545609412737,-0.0136434685625026,0.0077158572304646,0.0007008538801691,-0.0011186823818004,0.0050354763013218,-3.661722041237647e-05,0.0084382494411266,-0.0241143201833974,-0.0035929220655296,-0.0108488785518708,-0.0179739659054145,0.0036890575156341004,0.00036107971453789786,-0.003589436351108099,-0.0033077263228008004,0.0111545609412737,-0.0136434685625026,0.0077158572304646,0.0007008538801691,-0.0011186823818004,0.0050354763013218,-3.661722041237647e-05,0.0084382494411266,-0.004114320183397399,0.0164070779344704,0.0091511214481292,0.002026034094585502,1.0,0.9583333333333333
984,82,1000,1,0.0183241197881516,0.0146344941017858,0.0130075689828322,0.0150997745633553,0.006978194013531,0.0025826327368922,0.0017419346405155,0.0084021671137853,-0.0025376386496085,-0.0081657918019464,0.0095674832519068,-0.0054255849513192,-0.0102913292398298,-0.0138567833870245,-0.0113042236344241,-0.0115700538768562,-0.001675880211848401,-0.0053655058982142005,-0.0069924310171678005,-0.004900225436644701,0.006978194013531,0.0025826327368922,0.0017419346405155,0.0084021671137853,-0.0025376386496085,-0.0081657918019464,0.0095674832519068,-0.0054255849513192,0.0097086707601702,0.0061432166129755,0.0086957763655759,0.0084299461231438,1.0,1.0
985,82,1000,10,0.0180859368921219,0.0177020296295549,0.0145350706332522,0.0157799027672416,0.0067267238727092,0.0024997854771299,0.0050568615270205,0.0073912773683336,-0.0054344890044808,-0.0074505584135805,0.0071920324021615,-0.00263769547627,-0.0119827373927455,-0.01561267291961,-0.0172600755295344,-0.0147734758795627,-0.0019140631078780994,-0.0022979703704451016,-0.005464929366747801,-0.004220097232758402,0.0067267238727092,0.0024997854771299,0.0050568615270205,0.0073912773683336,-0.0054344890044808,-0.0074505584135805,0.0071920324021615,-0.00263769547627,0.0080172626072545,0.00438732708039,0.0027399244704656017,0.0052265241204373005,1.0,1.0
986,82,1000,20,0.0180746877931999,0.0179485189531385,0.0124520715788341,0.0160233819879435,0.006688210296928,0.0021425584560408,0.0049814207661551,0.0074636608842813,-0.005813803933778,-0.0072079442804688,0.0071800033176174,-0.002724775483384,-0.0122391399578978,-0.0169465311984093,-0.0157489810237566,-0.0154449624014213,-0.0019253122068000998,-0.0020514810468615016,-0.0075479284211659,-0.003976618012056499,0.006688210296928,0.0021425584560408,0.0049814207661551,0.0074636608842813,-0.005813803933778,-0.0072079442804688,0.0071800033176174,-0.002724775483384,0.0077608600421022,0.0030534688015907002,0.004251018976243401,0.0045550375985787,1.0,1.0
987,82,1000,random,0.0139559260894865,0.0145687466070652,0.0099205211200878,0.0157415551974996,0.0033205877400406,0.0021982780794206,0.0016289930834838,0.0026327539421794,-0.004577907515818,-0.0048128084796782,0.0055189856700091,-0.0082409966775628,-0.0144569524832372,-0.0089670181500708,-0.0127565395514925,-0.0121362427761975,-0.0060440739105135,-0.0054312533929348,-0.0100794788799122,-0.0042584448025004,0.0033205877400406,0.0021982780794206,0.0016289930834838,0.0026327539421794,-0.004577907515818,-0.0048128084796782,0.0055189856700091,-0.0082409966775628,0.0055430475167628,0.0110329818499292,0.0072434604485075,0.0078637572238025,1.0,1.0
988,82,100,1,0.0248183945692238,0.0144289534825554,0.0237085564571843,0.0144876326993437,0.0082280475792244,0.0043147347770836,0.0095785081292653,0.0128429191426703,-0.0046566962114008,-0.0035156879156218,0.0067270932860684,0.0025357653429394,-0.0045970877207029,-0.0171959046085753,-0.0173630376208088,-0.0174176288130275,0.0048183945692238,-0.005571046517444601,0.003708556457184299,-0.005512367300656301,0.0082280475792244,0.0043147347770836,0.0095785081292653,0.0128429191426703,-0.0046566962114008,-0.0035156879156218,0.0067270932860684,0.0025357653429394,0.0154029122792971,0.002804095391424701,0.002636962379191199,0.0025823711869725,1.0,0.9791666666666666
989,82,100,10,0.0217045997858255,0.0162769771385162,0.0157907843039768,0.0167620541609853,0.0062752295581835,0.0026542050371891,0.0065732419339626,0.0082266027321402,-0.0021069955905789,-0.0062375518320619,0.0048991770800367,-0.0037460902167711,-0.008998361135694,-0.0168740226266352,-0.0184306764737332,-0.0160972593405985,0.0017045997858254995,-0.0037230228614838004,-0.0042092156960232,-0.0032379458390147005,0.0062752295581835,0.0026542050371891,0.0065732419339626,0.0082266027321402,-0.0021069955905789,-0.0062375518320619,0.0048991770800367,-0.0037460902167711,0.011001638864306001,0.0031259773733647994,0.001569323526266802,0.0039027406594015004,1.0,1.0
990,82,100,20,0.0213987191689948,0.0188010036078111,0.015359016009791,0.0166392527551595,0.0077353383538573,0.00174475885508,0.006112377135666,0.0083514713356377,-0.0038268500646948,-0.0065203792645396,0.0044566142870685,-0.0025462472385086,-0.0095398975377698,-0.0174922123246765,-0.0171239193064756,-0.0167966129460536,0.0013987191689948004,-0.0011989963921889002,-0.004640983990209001,-0.0033607472448404993,0.0077353383538573,0.00174475885508,0.006112377135666,0.0083514713356377,-0.0038268500646948,-0.0065203792645396,0.0044566142870685,-0.0025462472385086,0.010460102462230201,0.0025077876753234994,0.0028760806935244007,0.0032033870539464014,1.0,1.0
991,82,100,random,0.0175675385069743,0.0121427847688215,0.0163677459909047,0.0108828250473569,-0.0014138683774889,-0.002825395365619,0.0006608198637543,0.0027061561229439,-0.0027371001531405,-0.0004406007261622,0.0056129350635109,0.0027697023285302,-0.0081108830731451,-0.0181554542768325,-0.021090048197423,-0.0082811619444533,-0.0024324614930257005,-0.0078572152311785,-0.003632254009095299,-0.0091171749526431,-0.0014138683774889,-0.002825395365619,0.0006608198637543,0.0027061561229439,-0.0027371001531405,-0.0004406007261622,0.0056129350635109,0.0027697023285302,0.0118891169268549,0.001844545723167501,-0.0010900481974230013,0.0117188380555467,1.0,1.0
992,82,50,1,0.0222470529245247,0.0153547570253474,0.0041645580533755,0.010672462203505,-0.002996752902721,-0.0027586231604623,0.0012145593850528,0.0115660246194018,-0.0050196355590683,-0.0118599610554275,0.007251383748974,-0.002360253886567,-0.0063949345047287,-0.008984969841283,-0.0137803876784416,-0.0199967612310491,0.0022470529245246992,-0.004645242974652601,-0.0158354419466245,-0.009327537796495,-0.002996752902721,-0.0027586231604623,0.0012145593850528,0.0115660246194018,-0.0050196355590683,-0.0118599610554275,0.007251383748974,-0.002360253886567,0.0136050654952713,0.011015030158717,0.006219612321558401,3.23876895090211e-06,0.9375,0.9583333333333333
993,82,50,10,0.0207513142610269,0.0152427367552489,0.0123272666583118,0.0118010015736282,0.0070498076761208,0.0022005425637015,0.0030570437209455,0.0083209701473524,-0.0104493319025637,-0.0085092508062776,0.0074968373711641,-0.0056108365531662,-0.0095756177150982,-0.0170420365764359,-0.0160306538502042,-0.016075294725676,0.0007513142610269009,-0.004757263244751101,-0.0076727333416882,-0.0081989984263718,0.0070498076761208,0.0022005425637015,0.0030570437209455,0.0083209701473524,-0.0104493319025637,-0.0085092508062776,0.0074968373711641,-0.0056108365531662,0.010424382284901801,0.0029579634235641014,0.003969346149795799,0.003924705274324002,1.0,0.9791666666666666
994,82,50,20,0.0194190996845225,0.0160845039788088,0.0118304924775213,0.0094107733747531,0.0077882730575824,0.002926251381348,0.0042488654619773,0.0081201051393861,-0.0108853259929744,-0.0124627944207311,0.0087893836799472,-0.0053549881581427,-0.010815558213056,-0.016193296939469,-0.0157855958753074,-0.0162250104481101,-0.0005809003154775005,-0.003915496021191199,-0.0081695075224787,-0.0105892266252469,0.0077882730575824,0.002926251381348,0.0042488654619773,0.0081201051393861,-0.0108853259929744,-0.0124627944207311,0.0087893836799472,-0.0053549881581427,0.009184441786944001,0.003806703060531002,0.0042144041246926014,0.0037749895518899013,1.0,0.9583333333333334
995,82,50,random,0.0197899304234331,0.0102342377674375,0.0102240736165393,0.0081858148612411,0.004253006089647,0.0049617499258477,-0.0040039706930401,-0.0006325847473842,-0.0131757899890523,-0.0037582997666881,0.0055166500926369,-0.0182084612714037,-0.0104753161855248,-0.0063490170779282,-0.0034697941277892,-0.0141204464791427,-0.0002100695765669021,-0.009765762232562501,-0.0097759263834607,-0.0118141851387589,0.004253006089647,0.0049617499258477,-0.0040039706930401,-0.0006325847473842,-0.0131757899890523,-0.0037582997666881,0.0055166500926369,-0.0182084612714037,0.0095246838144752,0.0136509829220718,0.0165302058722108,0.005879553520857301,1.0,0.8125000000000001
996,83,1000,1,0.0334442075431401,0.0128460074979896,0.0136477022887993,0.0134921110647754,0.0042578784615859,0.0012820135641159,0.0021829783633494,0.0019480561556367,-0.0083432894510235,-0.0001875374921341,-0.0090744806870921,-0.00261656234016,-0.0217351874441763,-0.0199002825594706,-0.0160941862380897,-0.0114867430932506,0.013444207543140099,-0.0071539925020104,-0.006352297711200701,-0.006507888935224601,0.0042578784615859,0.0012820135641159,0.0021829783633494,0.0019480561556367,-0.0083432894510235,-0.0001875374921341,-0.0090744806870921,-0.00261656234016,-0.001735187444176299,9.971744052940032e-05,0.0039058137619102998,0.0085132569067494,1.0,1.0
997,83,1000,10,0.0376597347770531,0.0167917797026642,0.016664803593129,0.0161977296430292,0.0062739295889683,0.0036551778027469,0.0036514661083407,0.0009047570208799,-0.0067430423738277,-0.0002906887853922,-0.0024258141345816,-0.0018340685768785,-0.0203505577929369,-0.0208513356449381,-0.0166013196311704,-0.012314665998609,0.017659734777053102,-0.0032082202973357996,-0.0033351964068710008,-0.0038022703569708,0.0062739295889683,0.0036551778027469,0.0036514661083407,0.0009047570208799,-0.0067430423738277,-0.0002906887853922,-0.0024258141345816,-0.0018340685768785,-0.00035055779293689804,-0.0008513356449381011,0.0033986803688296,0.007685334001391,1.0,1.0
998,83,1000,20,0.0388499689999314,0.016125986600591,0.0161164847490804,0.0163670856616978,0.004883243783375,0.0039833939516945,0.0023997242230894,0.001118201783533,-0.0079182778249631,-0.0012057188225445,-0.0027481863563924,-0.0017825924852427,-0.0204051567632012,-0.0216170484448238,-0.017850184927804,-0.0113978386395513,0.0188499689999314,-0.0038740133994090015,-0.0038835152509196016,-0.0036329143383021997,0.004883243783375,0.0039833939516945,0.0023997242230894,0.001118201783533,-0.0079182778249631,-0.0012057188225445,-0.0027481863563924,-0.0017825924852427,-0.0004051567632012004,-0.0016170484448237987,0.002149815072196002,0.008602161360448701,1.0,1.0
999,83,1000,random,0.0332288083260223,0.0131829537381326,0.0167840149462943,0.014808446429926,0.0006803395267171,0.0031510651964411,0.0023695015674222,0.0009585947613902,-0.0134754087416516,-0.0044172173175846,-0.0101598965706334,-0.004885114473019,-0.0186962259816842,-0.0219642384353763,-0.0202103697152832,-0.0103901182518683,0.013228808326022298,-0.006817046261867401,-0.0032159850537057007,-0.005191553570074,0.0006803395267171,0.0031510651964411,0.0023695015674222,0.0009585947613902,-0.0134754087416516,-0.0044172173175846,-0.0101598965706334,-0.004885114473019,0.0013037740183158009,-0.001964238435376301,-0.00021036971528319917,0.0096098817481317,1.0,0.9791666666666666
1000,83,100,1,0.0308213201119499,0.0195708878646414,0.0212875688048353,0.0193187612867792,0.0070314182714205,0.0027691198084566,0.0056136150911093,-0.005325837093374,-0.0023625267238771,0.0034031385119867,0.0041946894303922,-0.012665375357002,-0.0239753055861519,-0.0164886459502483,-0.0119896910426365,-0.010526975163235,0.0108213201119499,-0.00042911213535860165,0.0012875688048352985,-0.0006812387132207991,0.0070314182714205,0.0027691198084566,0.0056136150911093,-0.005325837093374,-0.0023625267238771,0.0034031385119867,0.0041946894303922,-0.012665375357002,-0.0039753055861519,0.0035113540497517005,0.0080103089573635,0.009473024836765001,1.0,0.9583333333333333
1001,83,100,10,0.0331937124733463,0.017181466696974,0.0194473346987083,0.0165867073922609,0.0106065243934846,0.0035594225013007,0.0068196114536487,-0.0010421749854094,-0.0076896507241593,0.0004248175375509,-0.0004697756201103,-0.0072384296038039,-0.0221988107106826,-0.0166738718983241,-0.0150089053876182,-0.0132829592429199,0.0131937124733463,-0.0028185333030260017,-0.0005526653012917007,-0.0034132926077391004,0.0106065243934846,0.0035594225013007,0.0068196114536487,-0.0010421749854094,-0.0076896507241593,0.0004248175375509,-0.0004697756201103,-0.0072384296038039,-0.0021988107106825985,0.0033261281016759014,0.004991094612381801,0.0067170407570801005,1.0,1.0
1002,83,100,20,0.0332301507174286,0.0147629380868928,0.0199351251196034,0.0171732883057172,0.0093101948290697,0.0030040294965073,0.0065669800368404,-0.0002638314575427,-0.0089938225634195,0.0004646202892575,-0.0002753503287334,-0.0089249428500365,-0.0219915976700349,-0.0178042163815753,-0.0158693005707757,-0.0126923441991007,0.013230150717428602,-0.0052370619131072,-6.487488039659886e-05,-0.0028267116942828005,0.0093101948290697,0.0030040294965073,0.0065669800368404,-0.0002638314575427,-0.0089938225634195,0.0004646202892575,-0.0002753503287334,-0.0089249428500365,-0.0019915976700349003,0.0021957836184247,0.0041306994292243,0.0073076558008993,1.0,1.0
1003,83,100,random,0.0353993044591033,0.0153535647350303,0.0222408601913364,0.0167454653793625,0.0131711196918494,0.0030847871291234,0.0068380676758093,0.0043661886829247,-0.0199339208718266,-0.000571950128995,-0.0053573131337177,-0.0177342159801768,-0.0149167620387631,-0.0161295947216729,-0.0121071213953731,-0.0103056425367513,0.015399304459103296,-0.0046464352649697,0.002240860191336399,-0.0032545346206374996,0.0131711196918494,0.0030847871291234,0.0068380676758093,0.0043661886829247,-0.0199339208718266,-0.000571950128995,-0.0053573131337177,-0.0177342159801768,0.0050832379612369,0.0038704052783271013,0.0078928786046269,0.0096943574632487,1.0,0.8333333333333334
1004,83,50,1,0.0214798351863424,0.0027163894961108,0.0165228118298496,0.0189063579328871,0.0055655868512327,0.0026144469059317,0.0061957626334281,0.0040053198053562,-0.0154616746468418,0.000728456452258,-0.006492341067135,-0.0030097481430044,-0.0248974105368981,-0.0163076605974738,-0.0162277896158543,-0.0102194081684949,0.0014798351863423986,-0.0172836105038892,-0.0034771881701504,-0.0010936420671129009,0.0055655868512327,0.0026144469059317,0.0061957626334281,0.0040053198053562,-0.0154616746468418,0.000728456452258,-0.006492341067135,-0.0030097481430044,-0.0048974105368981,0.003692339402526199,0.0037722103841456994,0.0097805918315051,0.9375,0.9791666666666666
1005,83,50,10,0.0274858937122811,0.0102082755002418,0.0161109954528301,0.0190089259487103,0.0034936656060478,0.0058304791249555,0.0022239401986611,0.0034887659153291,-0.0102652039944291,0.0028812556946598,0.0028623664210902,-0.0127307625531179,-0.0220358053040385,-0.0248303736251889,-0.0152421995517625,-0.0088485259899318,0.007485893712281099,-0.0097917244997582,-0.003889004547169901,-0.0009910740512896997,0.0034936656060478,0.0058304791249555,0.0022239401986611,0.0034887659153291,-0.0102652039944291,0.0028812556946598,0.0028623664210902,-0.0127307625531179,-0.002035805304038501,-0.0048303736251889,0.0047578004482375005,0.011151474010068201,1.0,0.9583333333333334
1006,83,50,20,0.0288976641639695,0.0100598335876613,0.0165048882355831,0.0189134223094922,0.0008551651419092,0.0051816818584069,0.0022539181200027,0.0005984959685671,-0.009426671137578,0.0005570654266249,-0.0027065638621562,-0.0072547922367712,-0.0223936888386437,-0.0346662350237444,-0.0198149578341573,-0.007831341265639,0.0088976641639695,-0.0099401664123387,-0.0034951117644169,-0.001086577690507802,0.0008551651419092,0.0051816818584069,0.0022539181200027,0.0005984959685671,-0.009426671137578,0.0005570654266249,-0.0027065638621562,-0.0072547922367712,-0.002393688838643701,-0.014666235023744398,0.00018504216584270053,0.012168658734361,1.0,0.9791666666666666
1007,83,50,random,0.0104862650020054,0.0150172995832694,0.0264826444963576,0.0156228931927028,-0.0022252463145742,-0.0012884924413933,0.0045449706170622,0.0011828456819665,-0.0170729242251413,-0.0008970437515005,-0.0096395404441005,-0.0220997237638947,-0.0301426125512326,-0.0171405750209362,-0.0292098944962367,-0.0218485815075674,-0.009513734997994601,-0.004982700416730601,0.0064826444963576,-0.0043771068072972,-0.0022252463145742,-0.0012884924413933,0.0045449706170622,0.0011828456819665,-0.0170729242251413,-0.0008970437515005,-0.0096395404441005,-0.0220997237638947,-0.0101426125512326,0.0028594249790638016,-0.0092098944962367,-0.0018485815075673998,1.0,0.9583333333333333
1008,84,1000,1,0.012354028184212,0.0245804249034166,0.0134873391866148,0.0174119238983657,0.0064897080100107,-0.0037115639449049,-0.0024158936173999,-0.0004114153423897,-0.009185164338288,-0.0040163586777597,-0.0007529666973674,0.0064678259049528,-0.019279457651751,-0.0155800330728565,-0.0089309808029891,-0.0261740988854353,-0.007645971815788001,0.004580424903416598,-0.006512660813385201,-0.0025880761016343,0.0064897080100107,-0.0037115639449049,-0.0024158936173999,-0.0004114153423897,-0.009185164338288,-0.0040163586777597,-0.0007529666973674,0.0064678259049528,0.0007205423482490002,0.0044199669271435,0.0110690191970109,-0.006174098885435301,1.0,0.9791666666666666
1009,84,1000,10,0.0186928041045332,0.0206886679211565,0.0092929301959029,0.0114225013564765,0.0016649491335218,-0.0055556327166049,-0.0030848307014582,0.0008966324738905,-0.0095060819696909,-0.0028722870635428,0.003856099345476,0.0037122916135344,-0.0170608214027876,-0.0255618382132147,-0.0145595348444595,-0.0243185264092983,-0.001307195895466802,0.0006886679211564987,-0.010707069804097101,-0.008577498643523501,0.0016649491335218,-0.0055556327166049,-0.0030848307014582,0.0008966324738905,-0.0095060819696909,-0.0028722870635428,0.003856099345476,0.0037122916135344,0.0029391785972124017,-0.005561838213214699,0.005440465155540501,-0.0043185264092983,1.0,1.0
1010,84,1000,20,0.0179402700155421,0.0210708748407253,0.0100060127999425,0.0114780648126317,0.0016691201285024,-0.0057031203041908,-0.0036151770543275,0.0007553038168215,-0.0083523413201465,-0.003076403555874,0.0037029096501982,0.0028136168714497,-0.0168858462760363,-0.026169027113747,-0.0151486577677982,-0.0228433937738006,-0.0020597299844579003,0.0010708748407253013,-0.009993987200057501,-0.008521935187368301,0.0016691201285024,-0.0057031203041908,-0.0036151770543275,0.0007553038168215,-0.0083523413201465,-0.003076403555874,0.0037029096501982,0.0028136168714497,0.0031141537239636995,-0.0061690271137469985,0.004851342232201801,-0.0028433937738005996,1.0,1.0
1011,84,1000,random,0.0156452150339877,0.0198310578625445,0.0084173796615036,0.0127332945868926,0.0013343064908411,-0.00829148961217,0.0019843372938468,0.0003305786969837,-0.0048038399387169,-0.0001282061712247,0.0110633076041224,-0.0008630817275183,-0.0101676070671134,-0.0286834884964341,-0.0147295791688773,-0.0248598160555029,-0.004354784966012302,-0.00016894213745550016,-0.011582620338496401,-0.007266705413107401,0.0013343064908411,-0.00829148961217,0.0019843372938468,0.0003305786969837,-0.0048038399387169,-0.0001282061712247,0.0110633076041224,-0.0008630817275183,0.0098323929328866,-0.008683488496434098,0.0052704208311227,-0.0048598160555029,0.9791666666666666,1.0
1012,84,100,1,0.0218656462539456,0.0234840066529976,0.0066790681036286,0.0108468214206939,0.0044284669881529,-0.0017537889561119,-0.0087379292331671,0.0051595972726685,-0.0113443596435299,-0.0092266299030981,0.0019491026363423,0.0075737953938718,-0.0104849356419839,-0.0179582644534105,-0.0152088469939677,-0.0252768312728886,0.0018656462539455992,0.0034840066529975983,-0.0133209318963714,-0.009153178579306101,0.0044284669881529,-0.0017537889561119,-0.0087379292331671,0.0051595972726685,-0.0113443596435299,-0.0092266299030981,0.0019491026363423,0.0075737953938718,0.0095150643580161,0.0020417355465894987,0.004791153006032301,-0.0052768312728886,0.9791666666666666,0.9791666666666666
1013,84,100,10,0.017404939719851,0.0217279974625042,0.0100990680736137,0.0141795371324437,0.003537334073043,-0.0037262110921874,-0.0034185299012753,0.0024371480641476,-0.0097715897969599,-0.0044285123703169,0.0017197593543577,0.0047910969736361,-0.0152484366898043,-0.0240953601126806,-0.0145012348175298,-0.0209237925991587,-0.002595060280149001,0.0017279974625042,-0.009900931926386301,-0.0058204628675563,0.003537334073043,-0.0037262110921874,-0.0034185299012753,0.0024371480641476,-0.0097715897969599,-0.0044285123703169,0.0017197593543577,0.0047910969736361,0.004751563310195701,-0.0040953601126806,0.0054987651824702,-0.000923792599158698,1.0,1.0
1014,84,100,20,0.0175054887952723,0.0215851518766035,0.0097907217005079,0.0136314753443627,0.00277821040765,-0.0050238826038538,-0.0025535315078401,0.0032401310276974,-0.0101036422041045,-0.002116146819108,0.0034693217235347,0.0032419408240122,-0.0159123938745191,-0.0214011657520947,-0.01570396023063,-0.0215604025198144,-0.0024945112047277014,0.001585151876603498,-0.0102092782994921,-0.0063685246556373,0.00277821040765,-0.0050238826038538,-0.0025535315078401,0.0032401310276974,-0.0101036422041045,-0.002116146819108,0.0034693217235347,0.0032419408240122,0.0040876061254809005,-0.0014011657520946984,0.00429603976937,-0.0015604025198143988,1.0,1.0
1015,84,100,random,0.0158814080619361,0.0159350710237348,0.0139280358273858,0.0158280556690789,0.0018390731574705,-0.0004255185498393,0.002439797912202,0.0033416307580933,-0.01245728620205,-0.0008337571904405,0.0089134222472832,0.0055899661166692,-0.0070613636446387,-0.0250602434560375,-0.0119785325036993,-0.0160075538650727,-0.004118591938063899,-0.0040649289762651995,-0.0060719641726142,-0.0041719443309211,0.0018390731574705,-0.0004255185498393,0.002439797912202,0.0033416307580933,-0.01245728620205,-0.0008337571904405,0.0089134222472832,0.0055899661166692,0.0129386363553613,-0.005060243456037498,0.008021467496300701,0.003992446134927299,1.0,0.9583333333333333
1016,84,50,1,0.0241363008224252,0.0160261472003219,0.0080111208024155,0.0029128873699288,0.0051851975902269,-0.0065194258450022,5.4073040432477735e-05,0.0003545622978033,-0.008902599043077,0.0033559701198765,-0.005806067642869,0.0035242413114707,-0.0109039659658538,-0.0367986949432544,-0.0063785247846692,-0.0250801508426349,0.0041363008224252,-0.0039738527996781015,-0.0119888791975845,-0.0170871126300712,0.0051851975902269,-0.0065194258450022,5.4073040432477735e-05,0.0003545622978033,-0.008902599043077,0.0033559701198765,-0.005806067642869,0.0035242413114707,0.0090960340341462,-0.016798694943254398,0.0136214752153308,-0.005080150842634898,0.9375,0.9583333333333334
1017,84,50,10,0.0151789343209071,0.020532574484476,0.0096813166941964,0.0096838452203197,-0.0024145983298801,-0.0025384998435258,-0.0052380946421596,-0.0005786895838903,-0.0116302758471834,-0.0057871816667263,0.0025933242319876,0.0021658201554795,-0.018958626735897,-0.0293809635137923,-0.0134122383900199,-0.027618166034561,-0.004821065679092901,0.0005325744844759984,-0.0103186833058036,-0.0103161547796803,-0.0024145983298801,-0.0025384998435258,-0.0052380946421596,-0.0005786895838903,-0.0116302758471834,-0.0057871816667263,0.0025933242319876,0.0021658201554795,0.0010413732641030016,-0.0093809635137923,0.0065877616099801,-0.007618166034560999,1.0,1.0
1018,84,50,20,0.0129226500401167,0.0204831995942303,0.011323958874343,0.0115676469622778,-0.0003476608456641,-0.0048579433610294,-0.0051187377851334,-0.0007305383902339,-0.0109760059927973,-0.0033943507863938,0.0038639713507436,0.0032124733630163,-0.0208424620697705,-0.0276258462865976,-0.0137692639312924,-0.0251989114973574,-0.0070773499598833,0.0004831995942303005,-0.008676041125657001,-0.0084323530377222,-0.0003476608456641,-0.0048579433610294,-0.0051187377851334,-0.0007305383902339,-0.0109760059927973,-0.0033943507863938,0.0038639713507436,0.0032124733630163,-0.0008424620697705006,-0.0076258462865975984,0.006230736068707601,-0.005198911497357399,1.0,1.0
1019,84,50,random,0.0074996222194635,0.017432111860132,0.0065723694228231,0.0137860781616935,0.0109794226425496,0.002935545826436,-0.0004055145230538,-0.0094490960578986,-0.0102427790300251,0.00793735000577,-0.0157175329194674,-0.0006907585030408,-0.01138324410836,-0.0498567846884516,-0.010929186243027,-0.0259772815728863,-0.0125003777805365,-0.002567888139868,-0.0134276305771769,-0.0062139218383065,0.0109794226425496,0.002935545826436,-0.0004055145230538,-0.0094490960578986,-0.0102427790300251,0.00793735000577,-0.0157175329194674,-0.0006907585030408,0.00861675589164,-0.029856784688451602,0.009070813756973,-0.005977281572886298,0.9166666666666667,0.9583333333333333
1020,85,1000,1,0.0253437463816113,0.0115761825696264,0.0257273237714462,0.0156027524101555,-0.0083875706842151,-0.0020802330065146,-0.0225992987162175,0.00233542334187,0.0012220940214266,-0.0079565920046272,-0.0063520294076319,0.002540764587166,-0.0115236287494593,-0.0190999430581824,0.0018208491717517,-0.0223614839269677,0.005343746381611298,-0.0084238174303736,0.005727323771446198,-0.0043972475898445,-0.0083875706842151,-0.0020802330065146,-0.0225992987162175,0.00233542334187,0.0012220940214266,-0.0079565920046272,-0.0063520294076319,0.002540764587166,0.008476371250540701,0.0009000569418175994,0.0218208491717517,-0.002361483926967698,1.0,0.8125
1021,85,1000,10,0.0196449640263207,0.0170492134567094,0.0215954853052826,0.0151942868395887,-0.0074150346462978,-0.0012200414956236,-0.0218959697143248,0.0010968364366612,0.0002692972218604,-0.0062982870141843,-0.0071762535879984,-0.0015610177718174,-0.0113242204166065,-0.0266208708136407,-0.0113872592035994,-0.0235035061387511,-0.00035503597367930045,-0.0029507865432906004,0.0015954853052825985,-0.0048057131604113,-0.0074150346462978,-0.0012200414956236,-0.0218959697143248,0.0010968364366612,0.0002692972218604,-0.0062982870141843,-0.0071762535879984,-0.0015610177718174,0.0086757795833935,-0.006620870813640701,0.0086127407964006,-0.003503506138751101,1.0,0.9583333333333333
1022,85,1000,20,0.0185475355383795,0.017655520617057,0.0216353161596276,0.0160916816171414,-0.0077282580880589,-0.0012715260114638,-0.0234113802329858,0.0012367643155717,0.0001209706401345,-0.005704281897114,-0.0085317297437464,-0.0014924775901911,-0.0102899962327243,-0.0240666340446923,-0.0064644943518507,-0.0261785717388448,-0.0014524644616204993,-0.0023444793829430002,0.0016353161596276006,-0.0039083183828586,-0.0077282580880589,-0.0012715260114638,-0.0234113802329858,0.0012367643155717,0.0001209706401345,-0.005704281897114,-0.0085317297437464,-0.0014924775901911,0.0097100037672757,-0.004066634044692298,0.013535505648149301,-0.006178571738844799,1.0,0.9166666666666666
1023,85,1000,random,0.0133517037855694,0.0170416251662073,0.0188914867377092,0.0079901367174762,-0.010086070857436,0.0003714268743083,-0.0192965644529459,-0.0023519907562066,-0.0014699186016889,-0.0067786028481437,-0.0105134812962872,0.0009356127788289,-0.0109018785668336,-0.0243851989496454,-0.0043451685487657,-0.0232963954792802,-0.0066482962144306,-0.0029583748337927013,-0.0011085132622908021,-0.0120098632825238,-0.010086070857436,0.0003714268743083,-0.0192965644529459,-0.0023519907562066,-0.0014699186016889,-0.0067786028481437,-0.0105134812962872,0.0009356127788289,0.009098121433166401,-0.0043851989496454,0.0156548314512343,-0.0032963954792801994,1.0,0.8958333333333334
1024,85,100,1,0.0169236873079076,0.0174416483532585,0.0196040502994206,0.0177685627493548,-0.0045254630532981,-0.0013777346183248,-0.0157120509683842,-0.0017143201038907,0.0033292186548123,-0.0013361227662729,-0.0050881422008102,0.0036081945629392,-0.0183930055829514,-0.0359283365950638,-0.0233758450966922,-0.0167864605950874,-0.003076312692092402,-0.002558351646741501,-0.00039594970057939965,-0.002231437250645202,-0.0045254630532981,-0.0013777346183248,-0.0157120509683842,-0.0017143201038907,0.0033292186548123,-0.0013361227662729,-0.0050881422008102,0.0036081945629392,0.001606994417048601,-0.0159283365950638,-0.0033758450966921982,0.0032135394049126013,1.0,1.0
1025,85,100,10,0.0198669749456474,0.0174755157903803,0.0201096704687292,0.0136536180010502,-0.0092335083157776,-0.0005559658677129,-0.0220781983188472,0.0025259522598827,0.0003483154993585,-0.0055242124909942,-0.0050965886167321,-0.0022581322039167,-0.0183345387921264,-0.0310952648716657,-0.02194457037642,-0.022274289595605,-0.0001330250543526007,-0.0025244842096197005,0.0001096704687292005,-0.006346381998949801,-0.0092335083157776,-0.0005559658677129,-0.0220781983188472,0.0025259522598827,0.0003483154993585,-0.0055242124909942,-0.0050965886167321,-0.0022581322039167,0.0016654612078736003,-0.011095264871665698,-0.001944570376419999,-0.002274289595604998,1.0,0.9583333333333333
1026,85,100,20,0.0210540393804589,0.0182687570947301,0.0215590068222857,0.0159909954130497,-0.0099880113804393,-0.0003478661231064,-0.0246210991358003,0.0010714157424193,-0.0006602296226077,-0.0060042636943441,-0.005215380285945,-0.0019935962162498,-0.0172265879380892,-0.0338813037764807,-0.0187358394629004,-0.0227544392380634,0.0010540393804589002,-0.0017312429052699016,0.0015590068222856995,-0.004009004586950301,-0.0099880113804393,-0.0003478661231064,-0.0246210991358003,0.0010714157424193,-0.0006602296226077,-0.0060042636943441,-0.005215380285945,-0.0019935962162498,0.002773412061910799,-0.0138813037764807,0.0012641605370996012,-0.0027544392380633997,1.0,0.9375
1027,85,100,random,0.0120012694142847,0.0226080600010338,0.0199634460509389,0.00399778604355,-0.0153909018535634,-0.002226098122225,-0.014849189761968,0.0020905322794568,0.0033130609657083,-0.007175664418845,-0.0114891756775064,-3.422658849683544e-05,-0.0163306153871339,-0.0267464161936085,0.0088569244519641,-0.0243441820918173,-0.0079987305857153,0.0026080600010338004,-3.655394906109874e-05,-0.01600221395645,-0.0153909018535634,-0.002226098122225,-0.014849189761968,0.0020905322794568,0.0033130609657083,-0.007175664418845,-0.0114891756775064,-3.422658849683544e-05,0.0036693846128660994,-0.006746416193608499,0.0288569244519641,-0.004344182091817299,0.9791666666666666,0.8125
1028,85,50,1,0.0158304591914728,0.0200795538095278,0.0250043518392735,0.0133553890252981,0.0049721734213887,-0.001075251072511,-0.0261031803137117,0.0045733176182604,-0.0011374042310932,-0.0095563026895205,-0.0043598520393046,-0.002089385951066,-0.0128668733060901,-0.043378515646746,-0.020885666490047,-0.0192873191698685,-0.004169540808527199,7.955380952779853e-05,0.0050043518392734986,-0.006644610974701901,0.0049721734213887,-0.001075251072511,-0.0261031803137117,0.0045733176182604,-0.0011374042310932,-0.0095563026895205,-0.0043598520393046,-0.002089385951066,0.0071331266939099,-0.023378515646746003,-0.0008856664900469997,0.000712680830131502,1.0,0.9375
1029,85,50,10,0.020712465714732,0.01486624018345,0.0228745808091293,0.015469471037212,-0.0061106473691865,-0.0017406189466807,-0.0266993203365425,-0.0019038084175543,0.0006466175509757,-0.0075380200915813,-0.005414558380119,3.802647775443477e-05,-0.0124763887168538,-0.0308465328517466,-0.0067192926978336,-0.0235690091502959,0.0007124657147319982,-0.005133759816550001,0.0028745808091293,-0.004530528962788001,-0.0061106473691865,-0.0017406189466807,-0.0266993203365425,-0.0019038084175543,0.0006466175509757,-0.0075380200915813,-0.005414558380119,3.802647775443477e-05,0.0075236112831462,-0.0108465328517466,0.0132807073021664,-0.0035690091502958987,1.0,0.9166666666666667
1030,85,50,20,0.0203505948938356,0.0137944211070626,0.0232766287669155,0.0149738363584749,-0.0069099436509956,-0.002962189710663,-0.0257120554361839,-0.0027873624737544,0.0010739577880267,-0.008883864001414,-0.007999388288865,0.0004821315621201,-0.0217657981352132,-0.0421640250232958,-0.0164901792162937,-0.0249069055706184,0.0003505948938355985,-0.006205578892937401,0.0032766287669155,-0.0050261636415251006,-0.0069099436509956,-0.002962189710663,-0.0257120554361839,-0.0027873624737544,0.0010739577880267,-0.008883864001414,-0.007999388288865,0.0004821315621201,-0.0017657981352132007,-0.022164025023295796,0.0035098207837063015,-0.004906905570618399,1.0,0.9375
1031,85,50,random,0.0185378913507019,0.013330589349617,0.0245135384626645,0.0035454524497903,0.0029602081161279,-0.0096579135878555,-0.0242868049331644,-0.0082964487672927,-0.0100722547836775,-0.0052234465127308,-0.0038863228136595,0.0003289381901677,-0.0119303940089626,-0.0337743595115414,-0.0001267239171953,-0.0113300827421988,-0.0014621086492981016,-0.006669410650383,0.004513538462664498,-0.0164545475502097,0.0029602081161279,-0.0096579135878555,-0.0242868049331644,-0.0082964487672927,-0.0100722547836775,-0.0052234465127308,-0.0038863228136595,0.0003289381901677,0.0080696059910374,-0.013774359511541403,0.0198732760828047,0.0086699172578012,1.0,0.8333333333333333
1032,86,1000,1,0.0254173063583157,0.0118290040700722,0.0111410176805466,0.0206464140598178,-0.0006836410350758,-0.0005105592851928,0.0037274464775585,-0.0017847421928766,0.003095876518656,0.0037849729844888,0.0020620209285483,-0.0044074906964747,-0.0352921760556705,-0.012191686552856,-0.0141308867495043,-0.0155344869967136,0.0054173063583157,-0.0081709959299278,-0.0088589823194534,0.000646414059817798,-0.0006836410350758,-0.0005105592851928,0.0037274464775585,-0.0017847421928766,0.003095876518656,0.0037849729844888,0.0020620209285483,-0.0044074906964747,-0.015292176055670497,0.007808313447144,0.005869113250495701,0.0044655130032864,1.0,1.0
1033,86,1000,10,0.0229142577537646,0.0168337392164204,0.0158820024260432,0.016449592176694,0.0028567392778557,0.0017373843836618,0.0040007336559844,-0.0020579667261152,0.0046113547104852,0.0082419640322959,0.0018774962769285,-0.0035956396121025,-0.0242081126604387,-0.0135005597687999,-0.0116706334332557,-0.0181953408871193,0.0029142577537645993,-0.003166260783579601,-0.0041179975739568005,-0.0035504078233060017,0.0028567392778557,0.0017373843836618,0.0040007336559844,-0.0020579667261152,0.0046113547104852,0.0082419640322959,0.0018774962769285,-0.0035956396121025,-0.0042081126604387,0.006499440231200101,0.0083293665667443,0.0018046591128807014,1.0,1.0
1034,86,1000,20,0.0227990489330636,0.0163837019332461,0.0153727985538366,0.0140160548729666,0.0029215433708472,0.0018541458751805,0.0040409483893642,-0.0011769786083261,0.0042510749477976,0.0076027322224264,0.0015824801220593,-0.0031308536493293,-0.024922559103442,-0.0152797138719082,-0.0127645806634933,-0.0172797420623963,0.0027990489330636005,-0.0036162980667539014,-0.0046272014461634006,-0.0059839451270334,0.0029215433708472,0.0018541458751805,0.0040409483893642,-0.0011769786083261,0.0042510749477976,0.0076027322224264,0.0015824801220593,-0.0031308536493293,-0.004922559103441998,0.0047202861280918,0.007235419336506701,0.0027202579376036998,1.0,1.0
1035,86,1000,random,0.0141590780457778,0.0066209921696641,0.0066721946752527,0.0006369695430017,0.0003655238078685,0.0004614889414251,0.0066650956025411,-0.0014304172888957,0.0087719536033473,0.0099297767215851,-0.0020553146635548,-0.0014437393284038,-0.0211835515105891,-0.0192951245681683,-0.0139733925281252,-0.0167935935861444,-0.0058409219542222,-0.0133790078303359,-0.0133278053247473,-0.0193630304569983,0.0003655238078685,0.0004614889414251,0.0066650956025411,-0.0014304172888957,0.0087719536033473,0.0099297767215851,-0.0020553146635548,-0.0014437393284038,-0.0011835515105891002,0.0007048754318316995,0.006026607471874801,0.003206406413855601,0.8333333333333334,1.0
1036,86,100,1,0.0238023405404908,0.0174064416843087,0.0088233548139059,0.0286415645615793,0.0012716127222505,-0.0003759718877627,0.0049915831469287,-0.0020835828185639,0.0015059785700648,0.0069993296609168,-0.0049094226573506,-0.002837209264738,-0.029791489997138,-0.0094689931005892,-0.0124433725107536,-0.0089960287579966,0.0038023405404907992,-0.0025935583156912988,-0.011176645186094101,0.008641564561579301,0.0012716127222505,-0.0003759718877627,0.0049915831469287,-0.0020835828185639,0.0015059785700648,0.0069993296609168,-0.0049094226573506,-0.002837209264738,-0.009791489997138001,0.0105310068994108,0.0075566274892464,0.011003971242003401,1.0,1.0
1037,86,100,10,0.0224841216148486,0.016804833160153,0.0152177341887124,0.015634431137068,0.0042217496179357,0.0008633858605434,0.0030109302449415,-0.0011109835297971,0.0052753552497301,0.010256635468599,0.0008870878345193,-0.0030595978424013,-0.0213221169357192,-0.0139102313530169,-0.0083346572203163,-0.0210997968773868,0.002484121614848598,-0.0031951668398470003,-0.0047822658112876,-0.004365568862932,0.0042217496179357,0.0008633858605434,0.0030109302449415,-0.0011109835297971,0.0052753552497301,0.010256635468599,0.0008870878345193,-0.0030595978424013,-0.0013221169357191982,0.0060897686469831,0.0116653427796837,-0.0010997968773867987,1.0,1.0
1038,86,100,20,0.0226768837798023,0.0175566367171727,0.0160439735408652,0.022191327346873,0.0035912049207943,0.0017174439777042,0.001993205917667,-0.0010208271343954,0.0042375590160381,0.0078859122054966,0.0010704509505108,-0.0038240687629618,-0.024383004480513,-0.0173751965225966,-0.0110917440178648,-0.0180273466674821,0.0026768837798023006,-0.0024433632828273003,-0.003956026459134801,0.002191327346872999,0.0035912049207943,0.0017174439777042,0.001993205917667,-0.0010208271343954,0.0042375590160381,0.0078859122054966,0.0010704509505108,-0.0038240687629618,-0.004383004480513,0.0026248034774034,0.0089082559821352,0.0019726533325179,1.0,1.0
1039,86,100,random,0.0110152368624395,0.0084898114904384,0.0032404002907274,-0.004945163885386,0.0009934840368557,-0.0041747385321766,0.0061949557851883,-0.0008916245535714,0.0135465088617977,0.0132646685387439,-0.0011628974216846,0.0011372048295763,-0.0227361303900874,-0.0223404929575903,-0.0134605805119652,-0.0227103926481912,-0.008984763137560501,-0.0115101885095616,-0.0167595997092726,-0.024945163885386,0.0009934840368557,-0.0041747385321766,0.0061949557851883,-0.0008916245535714,0.0135465088617977,0.0132646685387439,-0.0011628974216846,0.0011372048295763,-0.0027361303900873997,-0.0023404929575902983,0.006539419488034801,-0.002710392648191201,0.6875,1.0
1040,86,50,1,0.0249288387735646,0.019007708283991,0.0143338553427166,0.0208797075680305,0.0048457669034179,0.0098338142144924,0.0012914980553283,-0.0079561574477436,0.001404861046723,0.0169456118916148,-0.0036338382097276,-0.0085564603529733,-0.0164503130324117,-0.0229501459895476,-0.0153031705221016,-0.0140814368388608,0.004928838773564599,-0.0009922917160090014,-0.005666144657283401,0.000879707568030498,0.0048457669034179,0.0098338142144924,0.0012914980553283,-0.0079561574477436,0.001404861046723,0.0169456118916148,-0.0036338382097276,-0.0085564603529733,0.003549686967588301,-0.002950145989547598,0.004696829477898401,0.005918563161139201,0.9791666666666666,1.0
1041,86,50,10,0.0268837473732571,0.0157094873444449,0.0127759324835403,0.013440616821097,0.0058714669372347,0.001600314217826,0.0026141193719213,-0.0008885857448598,-0.000998169257084,0.0073626437343079,-0.0017858685484477,-0.0051329434508762,-0.0198819282733834,-0.0131019594782686,-0.01112271316,-0.0217543529671719,0.006883747373257098,-0.0042905126555551,-0.0072240675164597,-0.006559383178903,0.0058714669372347,0.001600314217826,0.0026141193719213,-0.0008885857448598,-0.000998169257084,0.0073626437343079,-0.0017858685484477,-0.0051329434508762,0.00011807172661660106,0.0068980405217314005,0.00887728684,-0.0017543529671718988,1.0,1.0
1042,86,50,20,0.0268480248759874,0.0148119904716731,0.0121400457145131,0.0093802823775107,0.0068470011210201,0.0011715687749612,0.0024235160181489,-0.0016158203037929,-0.002546561334716,0.006978801409865,-0.0028001217942455,-0.0046512235234393,-0.0194349848929257,-0.0210148997359341,-0.0137616636025,-0.0204968095588814,0.006848024875987398,-0.0051880095283269,-0.0078599542854869,-0.0106197176224893,0.0068470011210201,0.0011715687749612,0.0024235160181489,-0.0016158203037929,-0.002546561334716,0.006978801409865,-0.0028001217942455,-0.0046512235234393,0.0005650151070742994,-0.001014899735934098,0.0062383363975000005,-0.0004968095588814003,1.0,1.0
1043,86,50,random,0.0115179197032704,-0.0022626562194898,0.0016725504736103,-0.0314141124905475,0.0050152786234969,0.0098612168824457,0.0209785805884397,-0.004449081675878,0.0125353396774215,0.0119263163092448,-0.0131382578871856,0.0016155539340205,-0.0237151716565482,-0.0196434052226176,-0.0159537811396648,-0.0309999513774311,-0.0084820802967296,-0.0222626562194898,-0.018327449526389702,-0.0514141124905475,0.0050152786234969,0.0098612168824457,0.0209785805884397,-0.004449081675878,0.0125353396774215,0.0119263163092448,-0.0131382578871856,0.0016155539340205,-0.003715171656548201,0.0003565947773823998,0.0040462188603352,-0.010999951377431101,0.4583333333333333,0.9166666666666666
1044,87,1000,1,0.0187967024293375,0.0316617659297828,0.0141280433830146,0.026295699716215,-0.0051706491362428,0.0034576139830752,0.0060513111987352,0.0006721687989008,-0.0027236714467891,0.0008773330540251,0.0042788370823915,-0.0026453828945435,-0.018966337308786,-0.0138288671026019,-0.0191016044872914,-0.0160576801983486,-0.001203297570662499,0.0116617659297828,-0.0058719566169854,0.006295699716214999,-0.0051706491362428,0.0034576139830752,0.0060513111987352,0.0006721687989008,-0.0027236714467891,0.0008773330540251,0.0042788370823915,-0.0026453828945435,0.0010336626912140004,0.0061711328973981,0.000898395512708601,0.003942319801651401,1.0,1.0
1045,87,1000,10,0.0208979494584324,0.020377813051788,0.015297579508526,0.0237913995215105,-0.0040375677461095,0.0031668945351558,0.0037544867674397,0.0013475241093238,-0.0027859827364978,-0.0032374334366128,-0.0001017728673044,0.0006973618035974,-0.0172524003728757,-0.0162849871989594,-0.0167638022556404,-0.0195060539843199,0.0008979494584323983,0.00037781305178799865,-0.004702420491474001,0.003791399521510499,-0.0040375677461095,0.0031668945351558,0.0037544867674397,0.0013475241093238,-0.0027859827364978,-0.0032374334366128,-0.0001017728673044,0.0006973618035974,0.0027475996271243003,0.003715012801040602,0.0032361977443596014,0.0004939460156801016,1.0,1.0
1046,87,1000,20,0.0208026763422318,0.0198001221931224,0.0154557463057186,0.0231402479882406,-0.0032188140764278,0.0012430701490567,0.0030309639337465,0.0001063825567522,-0.0019831048697619,-0.0037656424772207,-0.0005473962143168,-0.000141448030082,-0.0161369251188482,-0.0159398068570083,-0.0158174199353763,-0.0205002414120627,0.0008026763422318006,-0.00019987780687760054,-0.0045442536942814,0.0031402479882405993,-0.0032188140764278,0.0012430701490567,0.0030309639337465,0.0001063825567522,-0.0019831048697619,-0.0037656424772207,-0.0005473962143168,-0.000141448030082,0.003863074881151802,0.004060193142991702,0.0041825800646237005,-0.0005002414120626984,1.0,1.0
1047,87,1000,random,0.0119681292840414,0.0256434164293651,0.0128006046710679,0.021391366276047,-0.0058815669720245,0.0050163772293382,0.0021388177504893,-0.0004020321349271,-0.0052983898281185,-0.0044794065063136,-0.0064029625874584,-0.0042467809799957,-0.0160063182206325,-0.014531991834099,-0.0197994449332266,-0.0133835463187472,-0.0080318707159586,0.005643416429365101,-0.007199395328932101,0.0013913662760469993,-0.0058815669720245,0.0050163772293382,0.0021388177504893,-0.0004020321349271,-0.0052983898281185,-0.0044794065063136,-0.0064029625874584,-0.0042467809799957,0.0039936817793675,0.005468008165901001,0.00020055506677340088,0.0066164536812528,1.0,1.0
1048,87,100,1,0.0214691018236144,0.0265805135654654,0.0222407515699702,0.0297148665218354,-0.0020534135797786,0.0014766481369803,-0.0031005163343851,0.0020496569781827,-0.0036842460810905,-0.0072437534509514,0.0061868539807735,-0.0018793020771448,-0.0169957494000836,-0.0240085541056967,-0.0197620969090949,-0.0223453924117355,0.0014691018236143993,0.0065805135654654,0.0022407515699701987,0.0097148665218354,-0.0020534135797786,0.0014766481369803,-0.0031005163343851,0.0020496569781827,-0.0036842460810905,-0.0072437534509514,0.0061868539807735,-0.0018793020771448,0.0030042505999164013,-0.004008554105696699,0.00023790309090510053,-0.002345392411735498,1.0,1.0
1049,87,100,10,0.0199824541654321,0.0251785124172624,0.0172262296455536,0.0265039263371301,-0.0028352886427595,0.0031171377092056,0.0017718737840751,0.0042104113848348,-0.0041528886272399,-0.0026527728141091,0.0009543390865013,-0.0016735773952284,-0.0129321382078835,-0.0209349845801296,-0.0187767891355673,-0.0243265113942471,-1.7545834567901653e-05,0.005178512417262398,-0.002773770354446401,0.006503926337130098,-0.0028352886427595,0.0031171377092056,0.0017718737840751,0.0042104113848348,-0.0041528886272399,-0.0026527728141091,0.0009543390865013,-0.0016735773952284,0.007067861792116501,-0.0009349845801296004,0.0012232108644327014,-0.004326511394247098,1.0,1.0
1050,87,100,20,0.0188747065994009,0.0226440659131311,0.0178926925878655,0.0274416909143702,-0.0015023711841122,0.0006795414321506,0.0021609412887295,0.0026522958021794,-0.0044902704356989,-0.0047003082801077,-0.0004623589686302,-0.0017711762806074,-0.0113224642025103,-0.0212400305414251,-0.0170622052979765,-0.0228696667418924,-0.001125293400599102,0.0026440659131310995,-0.0021073074121344994,0.007441690914370198,-0.0015023711841122,0.0006795414321506,0.0021609412887295,0.0026522958021794,-0.0044902704356989,-0.0047003082801077,-0.0004623589686302,-0.0017711762806074,0.008677535797489701,-0.0012400305414250988,0.002937794702023499,-0.002869666741892398,1.0,1.0
1051,87,100,random,0.0082575868795386,0.0291641680958086,0.0176821119905399,0.0240826246407219,-0.00685771727668,0.0077310523653389,-0.0033690326082144,0.0092754850808843,-0.0043911150040696,-0.0012769145741213,-0.0113305468241414,-0.0101552385199879,-0.0082813272000943,-0.0210664652753381,-0.0284135197387827,-0.0097994705074793,-0.0117424131204614,0.009164168095808601,-0.0023178880094601,0.004082624640721899,-0.00685771727668,0.0077310523653389,-0.0033690326082144,0.0092754850808843,-0.0043911150040696,-0.0012769145741213,-0.0113305468241414,-0.0101552385199879,0.0117186727999057,-0.0010664652753380986,-0.0084135197387827,0.010200529492520701,0.9791666666666666,0.9166666666666667
1052,87,50,1,0.0262035453210537,0.0402432841105503,0.0167321212011249,0.0252511691541507,0.0024312374462072,0.0024875507039864,0.005075044786278,-0.0066962703563249,-0.0008717306844753,-0.0056000225950094,-0.0115379174374646,-0.0056192834631492,-0.0285577035457348,-0.0190067842153875,-0.0160014321336918,-0.0202786509066856,0.006203545321053699,0.020243284110550302,-0.0032678787988751,0.005251169154150699,0.0024312374462072,0.0024875507039864,0.005075044786278,-0.0066962703563249,-0.0008717306844753,-0.0056000225950094,-0.0115379174374646,-0.0056192834631492,-0.008557703545734801,0.0009932157846125021,0.0039985678663082,-0.00027865090668559994,1.0,1.0
1053,87,50,10,0.0233644705513071,0.0260873009737106,0.0177836620906753,0.0282742094094352,-0.0027010315109068,0.0005157760050384,0.0009444682273689,0.0014677052616543,-0.003857197313369,-0.006635598259921,-0.0090840738888933,-0.0006424036302066,-0.018570213039108,-0.0158062195313649,-0.0176935382526406,-0.0225436902190136,0.0033644705513070985,0.006087300973710599,-0.002216337909324701,0.008274209409435199,-0.0027010315109068,0.0005157760050384,0.0009444682273689,0.0014677052616543,-0.003857197313369,-0.006635598259921,-0.0090840738888933,-0.0006424036302066,0.0014297869608920002,0.004193780468635101,0.0023064617473593993,-0.0025436902190136,1.0,1.0
1054,87,50,20,0.0266123992076662,0.0279242629470748,0.0187992615989746,0.0246934325191802,-0.0030643141149417,0.0012474411596018,0.0028646309184647,-0.0011023585276558,-0.001394025119522,-0.00385172938938,-0.0077372720796571,-0.0029868289978397,-0.0163730027497072,-0.015658893829412,-0.017609352212405,-0.0216979834457753,0.006612399207666198,0.007924262947074798,-0.0012007384010254002,0.0046934325191802,-0.0030643141149417,0.0012474411596018,0.0028646309184647,-0.0011023585276558,-0.001394025119522,-0.00385172938938,-0.0077372720796571,-0.0029868289978397,0.0036269972502928002,0.004341106170587999,0.002390647787594999,-0.0016979834457752987,1.0,1.0
1055,87,50,random,0.0207799338066351,0.0455518105105981,0.0171395003352319,0.0201391242616699,0.0053127458039071,0.0135986206841446,0.000282128077135,-0.0044883255629473,-0.0083567538760835,-0.0068724987605886,0.002536368432708,0.0025793254081638,-0.005981742989455,-0.0287692905791119,-0.0175323876895876,-0.016213777100291,0.000779933806635099,0.025551810510598096,-0.0028604996647681007,0.00013912426166989844,0.0053127458039071,0.0135986206841446,0.000282128077135,-0.0044883255629473,-0.0083567538760835,-0.0068724987605886,0.002536368432708,0.0025793254081638,0.014018257010545002,-0.0087692905791119,0.0024676123104124016,0.0037862228997090006,1.0,0.9583333333333334
1056,88,1000,1,0.023279008552422,0.0162658749868578,0.029908352382679,0.0199045171551643,0.0102487569026409,0.003169834634623,0.0063600006541056,0.0007590072878124,0.0012627760074584,3.728639710883255e-05,-0.0007587465510477,0.0057539600651276,-0.0190863049808959,-0.0247265368760719,-0.0212568508958925,-0.0139534903209412,0.0032790085524220004,-0.0037341250131422005,0.009908352382678998,-9.548284483569883e-05,0.0102487569026409,0.003169834634623,0.0063600006541056,0.0007590072878124,0.0012627760074584,3.728639710883255e-05,-0.0007587465510477,0.0057539600651276,0.0009136950191040993,-0.004726536876071899,-0.0012568508958924994,0.006046509679058801,1.0,1.0
1057,88,1000,10,0.0248302155853653,0.0192150330855182,0.0247162547798931,0.0185572814497042,0.0172598673547575,0.0023269892354164,0.0042228861430835,0.0035730041216004,-0.0007087374761664,-4.437362304337673e-05,0.0006694778298312,0.0056648879454332,-0.0153678471029079,-0.0223136639025398,-0.0284222245209801,-0.0177572176975324,0.0048302155853653,-0.0007849669144818008,0.004716254779893101,-0.001442718550295801,0.0172598673547575,0.0023269892354164,0.0042228861430835,0.0035730041216004,-0.0007087374761664,-4.437362304337673e-05,0.0006694778298312,0.0056648879454332,0.004632152897092101,-0.0023136639025398004,-0.008422224520980098,0.0022427823024676018,1.0,1.0
1058,88,1000,20,0.0249257316778613,0.0187772072549906,0.0230125983652625,0.0174506077426054,0.0112331702290113,0.0016177004454356,0.0036378632525834,0.003764356223422,-0.0014812848456221,0.0002743081094146,0.0003215481094974,0.0072260751932139,-0.0157303876900641,-0.0211039068084266,-0.0307838713574766,-0.0164468216130706,0.004925731677861301,-0.0012227927450094017,0.003012598365262499,-0.0025493922573945997,0.0112331702290113,0.0016177004454356,0.0036378632525834,0.003764356223422,-0.0014812848456221,0.0002743081094146,0.0003215481094974,0.0072260751932139,0.004269612309935899,-0.0011039068084265982,-0.0107838713574766,0.003553178386929399,1.0,1.0
1059,88,1000,random,0.0200689181653477,0.0163280572216801,0.0190167188063933,0.0135724344601242,0.0128081258359122,-0.0007657480075895,0.004373551293239,0.0020274924456864,-0.0041435604215642,-0.0030842558490487,-0.0052610772617401,0.0059888071265002,-0.0177229939209693,-0.0154099954870378,-0.0231220955019838,-0.019145859884995,6.891816534769848e-05,-0.003671942778319899,-0.0009832811936066992,-0.0064275655398758,0.0128081258359122,-0.0007657480075895,0.004373551293239,0.0020274924456864,-0.0041435604215642,-0.0030842558490487,-0.0052610772617401,0.0059888071265002,0.0022770060790307,0.0045900045129622005,-0.0031220955019838,0.0008541401150050018,1.0,1.0
1060,88,100,1,0.0264501345388555,0.0169551448317417,0.0271202522424884,0.0225389138967759,0.0173455280637907,0.0027343896447472,-0.0001390781664268,0.0026137021677565,-0.0042655489784461,0.006821217795375,0.0007425523744819,0.00484474095159,-0.0132322647534325,-0.0255750893050857,-0.0190522101372681,-0.0152857006459818,0.006450134538855498,-0.0030448551682582987,0.007120252242488398,0.0025389138967759003,0.0173455280637907,0.0027343896447472,-0.0001390781664268,0.0026137021677565,-0.0042655489784461,0.006821217795375,0.0007425523744819,0.00484474095159,0.006767735246567501,-0.005575089305085698,0.0009477898627319008,0.0047142993540182,0.9791666666666666,1.0
1061,88,100,10,0.0236998029650137,0.0189438041936447,0.0264787699452891,0.0171433615448515,0.0266489768783043,-0.000557570157394,0.0078444921424637,0.0033655164353175,0.0002968145125088,0.0030988692970253,0.0013232493033557,0.0057813375362568,-0.0155470784329635,-0.0168289016770966,-0.0308261477537041,-0.0186131255434004,0.0036998029650136995,-0.0010561958063553013,0.006478769945289099,-0.0028566384551485004,0.0266489768783043,-0.000557570157394,0.0078444921424637,0.0033655164353175,0.0002968145125088,0.0030988692970253,0.0013232493033557,0.0057813375362568,0.0044529215670365,0.003171098322903399,-0.0108261477537041,0.0013868744565996016,0.9166666666666666,1.0
1062,88,100,20,0.0244471765660689,0.0200767792502147,0.0288000553236298,0.0156198814763982,0.0204515853115789,-0.00267634604141,0.0088249131832667,0.0032437327790882,-0.0010420595999491,0.0026747362651732,0.0024642955858201,0.0063837235275159,-0.0128743660757856,-0.0192165793762414,-0.0312359292496932,-0.0183036792572193,0.004447176566068901,7.67792502146987e-05,0.008800055323629801,-0.0043801185236018,0.0204515853115789,-0.00267634604141,0.0088249131832667,0.0032437327790882,-0.0010420595999491,0.0026747362651732,0.0024642955858201,0.0063837235275159,0.0071256339242144005,0.0007834206237586003,-0.011235929249693199,0.0016963207427806992,0.9583333333333333,1.0
1063,88,100,random,0.0210229591409323,0.0160307806574905,0.0286928250879013,0.0117567889426331,0.014434816328079,-0.0017863559078701,0.0117120571007179,0.0057038406950937,-0.0011501226596885,-0.0008112217748206,-0.0046335525934004,0.0045490653505089,-0.0217054772349141,-0.0123057940314998,-0.0217989053882923,-0.017777509768211,0.001022959140932301,-0.0039692193425094995,0.008692825087901299,-0.0082432110573669,0.014434816328079,-0.0017863559078701,0.0117120571007179,0.0057038406950937,-0.0011501226596885,-0.0008112217748206,-0.0046335525934004,0.0045490653505089,-0.001705477234914099,0.007694205968500201,-0.001798905388292301,0.0022224902317890018,0.9791666666666666,1.0
1064,88,50,1,0.0293735438247108,0.0219958054240791,0.0286024792145625,0.0142440279176196,0.0269663750707784,0.0003395378928559,0.0005770871380382,-0.0014240306977526,0.0030993875900736,0.0074746995001408,0.0076886264760532,0.0032399194042955,-0.0156796183097613,-0.0133297597110277,-0.0277335952194474,-0.0187407594153925,0.009373543824710801,0.001995805424079098,0.0086024792145625,-0.005755972082380401,0.0269663750707784,0.0003395378928559,0.0005770871380382,-0.0014240306977526,0.0030993875900736,0.0074746995001408,0.0076886264760532,0.0032399194042955,0.004320381690238701,0.0066702402889723,-0.007733595219447401,0.0012592405846074996,0.9583333333333333,1.0
1065,88,50,10,0.0267436794731348,0.0181991636454521,0.029134855597928,0.0158738305611669,0.0229013894380384,-0.0001802978575783,0.0008013073654128,0.0045967914839337,-0.0017940260657532,0.0017024047474547,0.0032515997285451,0.0047195136100484,-0.0172523440110556,-0.022880706923721,-0.0253815187649936,-0.0171602215477661,0.006743679473134801,-0.0018008363545479016,0.009134855597928,-0.004126169438833101,0.0229013894380384,-0.0001802978575783,0.0008013073654128,0.0045967914839337,-0.0017940260657532,0.0017024047474547,0.0032515997285451,0.0047195136100484,0.0027476559889444002,-0.0028807069237209992,-0.005381518764993598,0.0028397784522339008,0.9583333333333333,1.0
1066,88,50,20,0.0273690950027002,0.0191535396536462,0.0279294548040674,0.0164499666013303,0.0266562436690372,-0.0003304030653343,0.004617609982729,0.0025243750987201,-8.354488563681078e-06,0.0008892094726265,0.0030690606157517,0.006586270572442,-0.0132276132905039,-0.0190310306372435,-0.0307263779641504,-0.0196362376284826,0.0073690950027002,-0.0008464603463538001,0.007929454804067398,-0.003550033398669699,0.0266562436690372,-0.0003304030653343,0.004617609982729,0.0025243750987201,-8.354488563681078e-06,0.0008892094726265,0.0030690606157517,0.006586270572442,0.006772386709496101,0.000968969362756502,-0.0107263779641504,0.0003637623715174003,0.9583333333333333,1.0
1067,88,50,random,0.0090796436955606,0.0145858695971961,0.0116303071950056,-0.0008299925478413,0.012233665934914,-4.5964379122659606e-05,0.0014360316051824,0.0018214105757103,-0.0014513903719176,-0.0001653116004735,0.0003631225489098,0.0026342915958782,-0.0156219303332145,-0.0098695215301518,-0.0110178870065307,-0.0053053648395688,-0.0109203563044394,-0.005414130402803901,-0.0083696928049944,-0.0208299925478413,0.012233665934914,-4.5964379122659606e-05,0.0014360316051824,0.0018214105757103,-0.0014513903719176,-0.0001653116004735,0.0003631225489098,0.0026342915958782,0.0043780696667855,0.0101304784698482,0.0089821129934693,0.0146946351604312,0.8125,1.0
1068,89,1000,1,0.0133324028300636,0.009545250220885,0.0147041971894542,0.0099024117484894,0.0104949906465879,-0.0153648086948029,-0.0030089395308499,-0.0023051988257091,0.0044805206327138,0.0001979771100125,-0.0081517962917993,0.0033279022032353,-0.0233753552013575,-0.0244814946685207,-0.0099130780501148,-0.0276207756545937,-0.006667597169936401,-0.010454749779115001,-0.005295802810545801,-0.0100975882515106,0.0104949906465879,-0.0153648086948029,-0.0030089395308499,-0.0023051988257091,0.0044805206327138,0.0001979771100125,-0.0081517962917993,0.0033279022032353,-0.0033753552013575,-0.0044814946685207,0.0100869219498852,-0.0076207756545936985,0.9583333333333333,0.9791666666666666
1069,89,1000,10,0.0141680078361561,0.0160630793209671,0.0180850139318908,0.0087282548081574,0.0045203409930875,-0.0131060894504142,-0.0032673906398657,-0.0020141107920128,0.0052365865974631,0.0049341659644241,-0.0105868130496197,-0.0032937288569071,-0.0235267746433347,-0.0179212130820199,-0.0100029411386959,-0.0317140253777938,-0.0058319921638439,-0.003936920679032899,-0.0019149860681091993,-0.0112717451918426,0.0045203409930875,-0.0131060894504142,-0.0032673906398657,-0.0020141107920128,0.0052365865974631,0.0049341659644241,-0.0105868130496197,-0.0032937288569071,-0.003526774643334698,0.002078786917980101,0.0099970588613041,-0.011714025377793803,1.0,0.9583333333333334
1070,89,1000,20,0.0133265435218472,0.0167233551604331,0.0181109750860785,0.0080443549272269,0.0037872086505368,-0.0136608781161855,-0.0027786171362606,-0.0034167690609207,0.0030929339184321,0.0048770061447156,-0.0107436263924999,-0.0049838750221481,-0.0232740350433504,-0.0159642156799417,-0.009774538972841,-0.0312066214802566,-0.0066734564781528,-0.003276644839566901,-0.0018890249139215005,-0.011955645072773101,0.0037872086505368,-0.0136608781161855,-0.0027786171362606,-0.0034167690609207,0.0030929339184321,0.0048770061447156,-0.0107436263924999,-0.0049838750221481,-0.003274035043350401,0.0040357843200583,0.010225461027159,-0.011206621480256598,1.0,0.9583333333333334
1071,89,1000,random,0.0140122736690827,0.0219048918352699,0.0218760520346741,0.0095856377996387,0.0038535997144782,-0.0138396509844003,-0.0016743267319223,-0.00536130673691,0.0029511716501907,0.0126984392549894,-0.0139414353963738,-0.0051854853098998,-0.024498533899355,-0.0138772542528511,-0.017196372407053,-0.0262365031974803,-0.005987726330917301,0.0019048918352699007,0.0018760520346741,-0.0104143622003613,0.0038535997144782,-0.0138396509844003,-0.0016743267319223,-0.00536130673691,0.0029511716501907,0.0126984392549894,-0.0139414353963738,-0.0051854853098998,-0.004498533899354999,0.006122745747148901,0.002803627592947,-0.0062365031974803,0.9791666666666666,0.9791666666666666
1072,89,100,1,0.0168847215992895,0.0125232906021324,0.0217615103330096,0.0088201966234969,0.0019740500041829,-0.0110453722167929,-0.0032982614117118,0.0007388544373725,0.0018638820712437,0.0031491869825241,-0.0155913004938301,-0.0017911182087646,-0.0226599488163472,-0.0171882313593493,-0.0066322281207993,-0.0252147756395308,-0.003115278400710502,-0.0074767093978676,0.0017615103330096,-0.0111798033765031,0.0019740500041829,-0.0110453722167929,-0.0032982614117118,0.0007388544373725,0.0018638820712437,0.0031491869825241,-0.0155913004938301,-0.0017911182087646,-0.0026599488163472004,0.002811768640650702,0.0133677718792007,-0.005214775639530801,1.0,0.9583333333333334
1073,89,100,10,0.0131544113156082,0.0164294759412831,0.0167020391310197,0.0076596004657692,0.0021519212120954,-0.0092707118113946,-0.0041425898194826,0.0005466160758797,0.0056996385266106,0.0037087912041269,-0.0120149128003101,-0.0037916583751089,-0.0228194640308167,-0.0168468764305663,-0.0104532718525485,-0.0317381920276036,-0.0068455886843918,-0.0035705240587169014,-0.0032979608689803,-0.0123403995342308,0.0021519212120954,-0.0092707118113946,-0.0041425898194826,0.0005466160758797,0.0056996385266106,0.0037087912041269,-0.0120149128003101,-0.0037916583751089,-0.0028194640308167006,0.003153123569433699,0.0095467281474515,-0.011738192027603598,1.0,0.9791666666666666
1074,89,100,20,0.0121818344105917,0.0181175740373583,0.0169361868288038,0.0090373587265788,0.0016675137214888,-0.0090606697236202,-0.0033695613685487,-0.0013129856736511,0.0032734757025607,0.0018000600706657,-0.0105368651270721,-0.0045604544961981,-0.0235482088837942,-0.0150191028185126,-0.0118175582149436,-0.0307797443693805,-0.0078181655894083,-0.001882425962641699,-0.0030638131711962016,-0.010962641273421201,0.0016675137214888,-0.0090606697236202,-0.0033695613685487,-0.0013129856736511,0.0032734757025607,0.0018000600706657,-0.0105368651270721,-0.0045604544961981,-0.003548208883794198,0.004980897181487401,0.0081824417850564,-0.0107797443693805,1.0,1.0
1075,89,100,random,0.0116466232913625,0.021533502639789,0.015059116066349,0.0004535917761138,0.0026339393291001,-0.0080690888592895,0.0053934350394046,-0.0007405757018009,-0.0003776773589735,0.0164151734476011,-0.0203594740639341,-0.0040733346119952,-0.0284665243396486,-0.0032926035306089,-0.0180170856790748,-0.0213090575584983,-0.0083533767086375,0.0015335026397889986,-0.004940883933651,-0.0195464082238862,0.0026339393291001,-0.0080690888592895,0.0053934350394046,-0.0007405757018009,-0.0003776773589735,0.0164151734476011,-0.0203594740639341,-0.0040733346119952,-0.0084665243396486,0.0167073964693911,0.001982914320925202,-0.0013090575584982986,0.8958333333333334,0.9166666666666666
1076,89,50,1,0.0098761333528069,0.0184948586530536,0.015664286845159,0.0060234495577899,0.0101400222594431,-0.0092667389768137,-0.0001887053875825,-0.0082862353266166,0.0047645566684085,0.0143227191436717,-0.0067212943774114,-0.0032331159311737,-0.028476304210489,-0.0303912544951632,-0.0131000904154071,-0.0367536651620899,-0.0101238666471931,-0.0015051413469464002,-0.004335713154840999,-0.0139765504422101,0.0101400222594431,-0.0092667389768137,-0.0001887053875825,-0.0082862353266166,0.0047645566684085,0.0143227191436717,-0.0067212943774114,-0.0032331159311737,-0.008476304210488998,-0.010391254495163201,0.006899909584592901,-0.0167536651620899,0.9166666666666667,1.0
1077,89,50,10,0.0105093665040488,0.0182869970301865,0.0164058785116636,0.0080679532733016,0.0065650603971796,-0.0113172667892511,-0.0006452387475568,-0.0045871050889706,0.0028832893756697,0.0026809689248488,-0.0081274314645389,-0.0028082664036643,-0.0284430483531595,-0.013201621088863,-0.0079746920525324,-0.039408649818827,-0.0094906334959512,-0.001713002969813502,-0.0035941214883364013,-0.011932046726698401,0.0065650603971796,-0.0113172667892511,-0.0006452387475568,-0.0045871050889706,0.0028832893756697,0.0026809689248488,-0.0081274314645389,-0.0028082664036643,-0.0084430483531595,0.006798378911137,0.0120253079474676,-0.019408649818827003,1.0,0.9583333333333334
1078,89,50,20,0.0099566263894556,0.0188843585464796,0.0154960478063171,0.0075571909971229,0.0058722598670197,-0.0163402888828063,-0.0006884855878001,-0.0074433040840444,0.0004222565092826,0.0084361077462611,-0.0085432837336281,-0.0026160599046518,-0.0316001696756438,-0.0100536401482594,-0.0099006704143484,-0.0381023181352712,-0.010043373610544401,-0.0011156414535203989,-0.0045039521936829,-0.0124428090028771,0.0058722598670197,-0.0163402888828063,-0.0006884855878001,-0.0074433040840444,0.0004222565092826,0.0084361077462611,-0.0085432837336281,-0.0026160599046518,-0.011600169675643802,0.0099463598517406,0.0100993295856516,-0.0181023181352712,0.9791666666666666,0.9583333333333333
1079,89,50,random,0.010238704691585,0.023830418518528,0.0295727729171409,0.0149546495870918,0.0024720622217497,-0.0229256634346466,0.0030624309539472,-0.0058957033555012,0.003777023374986,0.0176070393029629,-0.0082405058414047,0.0020125736485833,-0.0251841317023339,-0.0127862786959203,-0.015106612711787,-0.0193829912035612,-0.009761295308415,0.0038304185185280004,0.009572772917140898,-0.005045350412908201,0.0024720622217497,-0.0229256634346466,0.0030624309539472,-0.0058957033555012,0.003777023374986,0.0176070393029629,-0.0082405058414047,0.0020125736485833,-0.005184131702333901,0.0072137213040797,0.004893387288213001,0.0006170087964387991,0.9583333333333333,0.9375
1080,90,1000,1,0.0312722136009556,0.0206710361743503,0.0169409581828582,0.0115678016660824,0.0092932577943507,-0.0101172231782289,0.0069151905066326,-0.0071997291062197,0.0055686511759064,-0.0051383701867451,0.0075940922842796,-0.0051362709246712,-0.0222023900558923,-0.004996178788692,-0.0145364020904599,-0.0102006139219493,0.011272213600955597,0.0006710361743502979,-0.0030590418171418006,-0.0084321983339176,0.0092932577943507,-0.0101172231782289,0.0069151905066326,-0.0071997291062197,0.0055686511759064,-0.0051383701867451,0.0075940922842796,-0.0051362709246712,-0.0022023900558922997,0.015003821211308,0.0054635979095401,0.0097993860780507,1.0,0.9166666666666667
1081,90,1000,10,0.0252929574698077,0.0191911218530282,0.0158641202834752,0.0150355274085324,0.0055749523096117,-0.0144589170379185,0.0047045955868764,-0.0032300064041149,0.0035786249445272,-0.0034153968786025,0.001763144183715,-0.004583543021339,-0.0162667377216663,-0.013879355070673,-0.0142831911981487,-0.0100912716405874,0.005292957469807701,-0.0008088781469718018,-0.0041358797165248,-0.0049644725914676,0.0055749523096117,-0.0144589170379185,0.0047045955868764,-0.0032300064041149,0.0035786249445272,-0.0034153968786025,0.001763144183715,-0.004583543021339,0.003733262278333701,0.0061206449293270005,0.005716808801851301,0.0099087283594126,1.0,0.9375
1082,90,1000,20,0.0235703081558359,0.0186715181209368,0.0164493173040597,0.0151222538288902,0.0055703852112729,-0.0131749248098369,0.0043471579056788,-0.0020196812494472,0.0015436443776294,-0.0041534919156752,0.0017513635998306,-0.0047136226515548,-0.0172538751418916,-0.0132049956874535,-0.013683826374782,-0.0097308164168883,0.003570308155835901,-0.0013284818790632001,-0.0035506826959403014,-0.0048777461711098005,0.0055703852112729,-0.0131749248098369,0.0043471579056788,-0.0020196812494472,0.0015436443776294,-0.0041534919156752,0.0017513635998306,-0.0047136226515548,0.0027461248581083994,0.006795004312546501,0.006316173625218,0.0102691835831117,1.0,0.9791666666666666
1083,90,1000,random,0.0281852840217259,0.0210115627108253,0.0143403816347853,0.0093773308486835,-0.0004375509732927,-0.0008253995632752,0.0039749138812971,-0.0016110334082039,-0.0076228774367379,-0.0037990245460512,0.0051989698009561,-0.0047360220491814,-0.0226683824875508,-0.006907652652569,-0.0130072344991454,-0.0098851608174721,0.0081852840217259,0.0010115627108252985,-0.0056596183652147004,-0.0106226691513165,-0.0004375509732927,-0.0008253995632752,0.0039749138812971,-0.0016110334082039,-0.0076228774367379,-0.0037990245460512,0.0051989698009561,-0.0047360220491814,-0.0026683824875507987,0.013092347347431001,0.006992765500854601,0.010114839182527901,1.0,0.9791666666666666
1084,90,100,1,0.0237720163342411,0.0158937728164855,0.0102344994226872,0.0125492471207419,0.0044105663514561,-0.016492139720635,0.0010691022745919,-0.0100263071860608,0.0042470695416089,-0.0038286953326504,0.0021713514246509,-0.0042379288625929,-0.0095655505819019,-0.0231173562876267,-0.0191803640196971,-0.0088302680042855,0.0037720163342410996,-0.004106227183514499,-0.0097655005773128,-0.0074507528792581,0.0044105663514561,-0.016492139720635,0.0010691022745919,-0.0100263071860608,0.0042470695416089,-0.0038286953326504,0.0021713514246509,-0.0042379288625929,0.0104344494180981,-0.0031173562876266984,0.0008196359803029005,0.011169731995714501,1.0,0.9166666666666667
1085,90,100,10,0.0254359440056496,0.0191765188360329,0.0142428541893462,0.0116209112220302,0.0052894816127187,-0.0162483192854919,0.00025083517529,-0.0038847750137399,0.0050040489763702,-0.0022787711767787,-0.0002723824491516,-0.0031635441692765,-0.0186099062040094,-0.0206519610803901,-0.0220662306667023,-0.0108936658649013,0.0054359440056496,-0.0008234811639671012,-0.005757145810653801,-0.008379088777969801,0.0052894816127187,-0.0162483192854919,0.00025083517529,-0.0038847750137399,0.0050040489763702,-0.0022787711767787,-0.0002723824491516,-0.0031635441692765,0.0013900937959906018,-0.0006519610803901003,-0.0020662306667022998,0.0091063341350987,1.0,0.9791666666666666
1086,90,100,20,0.0233692405468767,0.019231586541027,0.0154816768582972,0.0153508835180186,0.004594123615445,-0.0135001847454596,0.0008774986703166,0.0012115981290118,0.0030730418216543,-0.0035908748446803,0.0001546422096539,-0.0036012944347806,-0.0178858813308255,-0.0222835356543154,-0.0185833093364485,-0.0107598341324928,0.003369240546876699,-0.000768413458973001,-0.0045183231417028,-0.004649116481981401,0.004594123615445,-0.0135001847454596,0.0008774986703166,0.0012115981290118,0.0030730418216543,-0.0035908748446803,0.0001546422096539,-0.0036012944347806,0.0021141186691744987,-0.0022835356543154,0.0014166906635515002,0.0092401658675072,1.0,0.9791666666666666
1087,90,100,random,0.0242137891570737,0.0183290495055052,0.0069989018853078,0.0153925459442899,-0.0009547736020634,0.0039397759054249,0.0052047309713472,-0.0101094242565977,-0.0060515778784717,-0.0029574731364984,-0.0038453648548006,-0.0027825900859931,-0.0171211814994859,-0.0069405189212975,-0.0151826634538893,-0.0102625679150947,0.0042137891570737,-0.0016709504944948002,-0.0130010981146922,-0.0046074540557101,-0.0009547736020634,0.0039397759054249,0.0052047309713472,-0.0101094242565977,-0.0060515778784717,-0.0029574731364984,-0.0038453648548006,-0.0027825900859931,0.0028788185005141007,0.0130594810787025,0.0048173365461107,0.0097374320849053,1.0,0.9791666666666666
1088,90,50,1,0.0349694928039394,0.0247234897217646,0.019630499444382,0.0118203975285897,0.0046602644908386,-0.0245777192392093,0.0082471294508592,-0.0063808677754864,0.0004172114119385,0.0029530565169154,0.0004807647428403,-0.0121932433273488,-0.0138680807490559,-0.0132501684461145,0.0025812011983682,-0.0152758252388086,0.014969492803939399,0.0047234897217646,-0.0003695005556180013,-0.0081796024714103,0.0046602644908386,-0.0245777192392093,0.0082471294508592,-0.0063808677754864,0.0004172114119385,0.0029530565169154,0.0004807647428403,-0.0121932433273488,0.0061319192509441,0.006749831553885501,0.0225812011983682,0.004724174761191401,1.0,0.8333333333333333
1089,90,50,10,0.0219245949533387,0.0183799101946929,0.0172578925555093,0.0155877207031177,0.0059230008115896,-0.0206200900261505,0.0075727157343031,-0.0040769622943449,0.0031885033996682,-0.0030144138063874,-0.0011479674734784,-0.0064969978774286,-0.0170462890690875,-0.0160364209870208,-0.0090779634144706,-0.0102353984665163,0.0019245949533386979,-0.0016200898053071004,-0.0027421074444907018,-0.0044122792968823,0.0059230008115896,-0.0206200900261505,0.0075727157343031,-0.0040769622943449,0.0031885033996682,-0.0030144138063874,-0.0011479674734784,-0.0064969978774286,0.0029537109309125016,0.003963579012979199,0.0109220365855294,0.009764601533483701,1.0,0.9166666666666666
1090,90,50,20,0.0201687628159632,0.0157115913299879,0.0180863032738966,0.0175447677448311,0.005461632132313,-0.0166965814862923,0.0090558763451628,-0.0028675196648704,0.003976791424708,-0.004630311601025,-0.0016824658745946,-0.0067392598923028,-0.0168668154436788,-0.0105151577919369,-0.0068921234702215,-0.0090835330140612,0.00016876281596319917,-0.004288408670012102,-0.001913696726103399,-0.0024552322551689015,0.005461632132313,-0.0166965814862923,0.0090558763451628,-0.0028675196648704,0.003976791424708,-0.004630311601025,-0.0016824658745946,-0.0067392598923028,0.0031331845563212016,0.0094848422080631,0.0131078765297785,0.0109164669859388,1.0,0.9375
1091,90,50,random,0.0219405539132026,0.0291274783458717,0.015573184826764,0.0136315083528588,-0.0112905842961829,-0.0109988617658767,0.0098858270824021,-0.001169062811134,-0.0126444043214236,-0.001746165191356,0.0033399285543849,-0.0033454994988734,-0.0295751757107778,0.0030052622950974,-0.0087347194754981,-0.0075608911528611,0.001940553913202598,0.0091274783458717,-0.004426815173236001,-0.0063684916471412,-0.0112905842961829,-0.0109988617658767,0.0098858270824021,-0.001169062811134,-0.0126444043214236,-0.001746165191356,0.0033399285543849,-0.0033454994988734,-0.0095751757107778,0.0230052622950974,0.011265280524501901,0.012439108847138901,1.0,0.75
1092,91,1000,1,0.0194867426704773,0.017320908181429,0.0158169557219007,0.0171489793199831,0.0081361575805238,-0.0022369304870789,0.0034655064275101,-0.0094275025957137,0.0030031497926686,-0.0042293722862173,0.0168331688968435,0.0079322988854365,-0.0227121427257178,-0.0154569654589812,-0.0085758386972856,-0.0041523974521189,-0.0005132573295227004,-0.0026790918185710007,-0.004183044278099301,-0.0028510206800168997,0.0081361575805238,-0.0022369304870789,0.0034655064275101,-0.0094275025957137,0.0030031497926686,-0.0042293722862173,0.0168331688968435,0.0079322988854365,-0.002712142725717799,0.0045430345410188006,0.0114241613027144,0.0158476025478811,0.9791666666666666,0.9375
1093,91,1000,10,0.0198826539774919,0.0170959510128767,0.0140672334864766,0.0155766197436416,0.0045632254698988,-0.0006116419502776,0.0038890938672789,-0.0063834528148322,0.0013276790509662,-1.3696952193770228e-05,0.0096731585755353,0.008153550545569,-0.0256105497872102,-0.0150584078603617,-0.0073962832074461,-0.0078033462205553,-0.00011734602250810036,-0.002904048987123299,-0.0059327665135234,-0.004423380256358401,0.0045632254698988,-0.0006116419502776,0.0038890938672789,-0.0063834528148322,0.0013276790509662,-1.3696952193770228e-05,0.0096731585755353,0.008153550545569,-0.005610549787210199,0.004941592139638301,0.0126037167925539,0.012196653779444701,1.0,1.0
1094,91,1000,20,0.0190597081088157,0.0164645044586907,0.0140102351839622,0.0159900367635054,0.0040673384674594,-0.0010303527919222,0.0038169985569918,-0.0070811410342571,0.0010971314956913,-0.0013492366817989,0.0109322578659359,0.0085122100346246,-0.0270682129562212,-0.0147047360191698,-0.0067240552040744,-0.0076397200433117,-0.0009402918911842993,-0.003535495541309299,-0.0059897648160378,-0.0040099632364946,0.0040673384674594,-0.0010303527919222,0.0038169985569918,-0.0070811410342571,0.0010971314956913,-0.0013492366817989,0.0109322578659359,0.0085122100346246,-0.0070682129562212,0.0052952639808302,0.013275944795925601,0.0123602799566883,1.0,0.9791666666666666
1095,91,1000,random,0.0068510497541397,0.0170493236454882,0.0131876117975245,0.0166495470666458,0.005776760661183,-0.0054558479324825,0.0071838434051968,-0.0092851605013517,-0.0026380080465004,-9.388835209931804e-05,0.0100192104007558,0.0042584827937124,-0.0192143720906674,-0.0111907147013031,-0.0071209978055399,-0.004693200857946,-0.0131489502458603,-0.002950676354511801,-0.006812388202475501,-0.0033504529333541998,0.005776760661183,-0.0054558479324825,0.0071838434051968,-0.0092851605013517,-0.0026380080465004,-9.388835209931804e-05,0.0100192104007558,0.0042584827937124,0.0007856279093325994,0.0088092852986969,0.012879002194460101,0.015306799142054,0.9583333333333334,0.9375
1096,91,100,1,0.0148096708198223,0.0146637488690782,0.0151015395915358,0.0156063173408146,0.0015220896814104,-0.0019602488439017,0.0071008279259695,-0.0030813918534277,0.0013652881738211,0.0023218448905506,0.0094880596995603,0.0068462905218168,-0.0315246423846334,-0.0144060064252548,-0.0077954949799595,-0.0116562688577251,-0.0051903291801777,-0.0053362511309218,-0.0048984604084642,-0.0043936826591854,0.0015220896814104,-0.0019602488439017,0.0071008279259695,-0.0030813918534277,0.0013652881738211,0.0023218448905506,0.0094880596995603,0.0068462905218168,-0.0115246423846334,0.0055939935747452,0.012204505020040501,0.0083437311422749,1.0,1.0
1097,91,100,10,0.0198683214103154,0.0136690476638873,0.0145933508185333,0.0158049137994571,0.0057666976969744,-0.0024889007161144,0.0075150407312162,-0.0073388840891405,0.0024779357610516,-0.0009374753761164,0.0131982523146647,0.0071158527755848,-0.0252318122658445,-0.014271883975849,-0.0064591762317278,-0.0131969152854493,-0.00013167858968459942,-0.006330952336112701,-0.0054066491814667005,-0.004195086200542899,0.0057666976969744,-0.0024889007161144,0.0075150407312162,-0.0073388840891405,0.0024779357610516,-0.0009374753761164,0.0131982523146647,0.0071158527755848,-0.005231812265844498,0.005728116024151001,0.0135408237682722,0.006803084714550701,1.0,0.9791666666666666
1098,91,100,20,0.0202879132852986,0.012079741481397,0.0152534364307971,0.0168080369933546,0.0054181531098791,-0.0025729203107663,0.0049076632791156,-0.0083514054279068,0.0021829908791233,-0.002258417420908,0.0130149831423031,0.0074838361155054,-0.0230916111435168,-0.0178421839741026,-0.0063074175851758,-0.0107008289868432,0.000287913285298598,-0.007920258518603,-0.004746563569202901,-0.003191963006645402,0.0054181531098791,-0.0025729203107663,0.0049076632791156,-0.0083514054279068,0.0021829908791233,-0.002258417420908,0.0130149831423031,0.0074838361155054,-0.0030916111435168,0.0021578160258973987,0.013692582414824201,0.0092991710131568,0.9791666666666666,0.9791666666666666
1099,91,100,random,0.0079493929448173,0.016650718281754,0.019938892810581,0.0206992227629965,0.0071254838847538,-0.0114345263849765,0.0189754662894736,-0.0204174581914282,-0.0012910087374779,-0.0041490574061463,0.0197878153328279,0.012540570735789,-0.0172396521600181,-0.0052050844905507,-0.0012060099864331,-0.0091209022659243,-0.0120506070551827,-0.003349281718246,-6.110718941899906e-05,0.0006992227629964987,0.0071254838847538,-0.0114345263849765,0.0189754662894736,-0.0204174581914282,-0.0012910087374779,-0.0041490574061463,0.0197878153328279,0.012540570735789,0.0027603478399819,0.014794915509449301,0.0187939900135669,0.0108790977340757,0.8958333333333333,0.8125000000000001
1100,91,50,1,0.0229047930024969,0.013890481980713,0.0072942100471475,0.0134772573311961,0.0041917724530098,0.0031729097365893,0.0093086925404804,0.0017164270202326,-0.0044040301137538,0.0024647080209188,0.0073557971494485,0.0008853691519291,-0.0206872191987576,-0.0140068570717383,-0.0036280231417666,-0.0115189276279686,0.0029047930024969013,-0.006109518019287,-0.0127057899528525,-0.006522742668803901,0.0041917724530098,0.0031729097365893,0.0093086925404804,0.0017164270202326,-0.0044040301137538,0.0024647080209188,0.0073557971494485,0.0008853691519291,-0.0006872191987576,0.0059931429282617,0.0163719768582334,0.0084810723720314,0.9583333333333334,0.9791666666666666
1101,91,50,10,0.0227540238638484,0.0212597562022836,0.0133277802233528,0.0140863503204593,0.004306434895992,0.0019339504499665,-0.000213555361591,-0.0031353122049953,0.0002498273728049,-0.0016262875048161,0.010908807496949,0.0058972854365613,-0.0240968498120498,-0.0131407897401723,-0.0063181656523437,-0.0050478404074083,0.0027540238638484003,0.0012597562022836004,-0.0066722197766472,-0.0059136496795407,0.004306434895992,0.0019339504499665,-0.000213555361591,-0.0031353122049953,0.0002498273728049,-0.0016262875048161,0.010908807496949,0.0058972854365613,-0.0040968498120497986,0.0068592102598277,0.0136818343476563,0.014952159592591701,1.0,1.0
1102,91,50,20,0.0266844793650202,0.0176932838101238,0.0119469549622815,0.0146917096237778,0.0054792716153474,0.0029403147238,0.0003343604563552,-0.0065108447949518,-0.0005504246046474,-0.0037155761909783,0.012052135899671,0.0077331523231472,-0.0309061088130658,-0.0127055704612685,-0.0078965046207257,-0.0086833021442185,0.006684479365020198,-0.002306716189876202,-0.0080530450377185,-0.005308290376222201,0.0054792716153474,0.0029403147238,0.0003343604563552,-0.0065108447949518,-0.0005504246046474,-0.0037155761909783,0.012052135899671,0.0077331523231472,-0.0109061088130658,0.0072944295387315,0.0121034953792743,0.0113166978557815,0.9791666666666666,1.0
1103,91,50,random,-0.0070453376129324,0.0277220506660046,0.0126607885516936,0.0195921890352694,0.0060228857300375,0.0048503920415633,0.0020310585948489,-0.0184629083331397,-0.0027875602212487,-0.0108062301943765,0.0110677220149932,0.0070955219094712,-0.03282935364385,-0.0218439322295814,-0.0162387516662046,0.0165989834679195,-0.027045337612932402,0.0077220506660046,-0.007339211448306401,-0.000407810964730599,0.0060228857300375,0.0048503920415633,0.0020310585948489,-0.0184629083331397,-0.0027875602212487,-0.0108062301943765,0.0110677220149932,0.0070955219094712,-0.01282935364385,-0.0018439322295813985,0.0037612483337953993,0.036598983467919496,0.8333333333333333,0.7708333333333333
1104,92,1000,1,0.0179544778722247,0.0178012696527126,0.0309725181068597,0.0240756405375191,0.0080422269269841,0.0024692056732967,-0.0064134607077139,0.0023142939222755,-0.0042138885966947,0.007351077086418,0.0074987197389909,0.0017899841550412,-0.0175666967272255,-0.0283632305391376,-0.0136602984394008,-0.0091339488972244,-0.0020455221277753018,-0.0021987303472873997,0.010972518106859699,0.004075640537519101,0.0080422269269841,0.0024692056732967,-0.0064134607077139,0.0023142939222755,-0.0042138885966947,0.007351077086418,0.0074987197389909,0.0017899841550412,0.002433303272774502,-0.008363230539137598,0.0063397015605992,0.0108660511027756,1.0,1.0
1105,92,1000,10,0.0231253017229579,0.0176302039185218,0.0259024922151593,0.0213375159585478,-0.0013430356062516,0.0030294346492603,-0.006729101745348,0.0003126475184109,-0.0017714918326948,-0.0005642831427479,0.0061782758604588,-0.0021956462027959,-0.0196080788906131,-0.0241212306841131,-0.0139603466632715,-0.0125594866494194,0.003125301722957899,-0.0023697960814781996,0.005902492215159299,0.001337515958547801,-0.0013430356062516,0.0030294346492603,-0.006729101745348,0.0003126475184109,-0.0017714918326948,-0.0005642831427479,0.0061782758604588,-0.0021956462027959,0.0003919211093868988,-0.0041212306841130995,0.0060396533367285,0.0074405133505806,1.0,1.0
1106,92,1000,20,0.0222724493479121,0.0173738532973691,0.027221928665165,0.0220214163623547,-0.0028304287477975,0.0015601743112125,-0.0067266342437179,0.0008766785546191,-0.0025963938449474,0.0006870305609168,0.0061298955984041,-0.0013121320035025,-0.0197583701924668,-0.0230577007374674,-0.0145025976523841,-0.0134294438211253,0.002272449347912101,-0.0026261467026309007,0.0072219286651649985,0.0020214163623547,-0.0028304287477975,0.0015601743112125,-0.0067266342437179,0.0008766785546191,-0.0025963938449474,0.0006870305609168,0.0061298955984041,-0.0013121320035025,0.00024162980753320018,-0.0030577007374673996,0.0054974023476159,0.0065705561788747,1.0,1.0
1107,92,1000,random,0.0161732511013683,0.0160859627921601,0.0223443172160245,0.0187303171256787,-0.0069654851040881,-0.0009207707588848,-0.006238402308868,0.0022052434947182,-0.0019980461371235,-0.0068763720390978,0.0090946007985408,-0.0010358313251521,-0.0216905377169621,-0.0180426844900284,-0.0117181326093572,-0.013534147828129,-0.0038267488986317016,-0.0039140372078399,0.002344317216024499,-0.0012696828743213005,-0.0069654851040881,-0.0009207707588848,-0.006238402308868,0.0022052434947182,-0.0019980461371235,-0.0068763720390978,0.0090946007985408,-0.0010358313251521,-0.0016905377169620997,0.001957315509971601,0.008281867390642801,0.006465852171871001,1.0,1.0
1108,92,100,1,0.0251706672308272,0.0195842936574982,0.0289269591927166,0.0230074319102911,-0.0041850540208191,0.0039300249440999,-0.006299505345183,0.0029486746339836,-0.0044898294426689,-0.0028927762261059,0.0072105023737266,-0.0072424353029935,-0.0224233570799983,-0.0177997062567249,-0.0131559225673222,-0.0150484721514184,0.005170667230827198,-0.00041570634250179955,0.008926959192716601,0.003007431910291101,-0.0041850540208191,0.0039300249440999,-0.006299505345183,0.0029486746339836,-0.0044898294426689,-0.0028927762261059,0.0072105023737266,-0.0072424353029935,-0.0024233570799983006,0.0022002937432751,0.0068440774326778,0.0049515278485816,1.0,1.0
1109,92,100,10,0.0241936332146367,0.0188158381182627,0.026455932186791,0.0221433985868342,-0.0051871809725741,0.0041221478350069,-0.0083790050920619,0.0008284242587836,-0.0041607375759427,-0.0006988522575998,0.007162287427292,-0.0032510479420405,-0.0177875625261425,-0.0273817297384508,-0.0114539867794325,-0.0171108375831074,0.0041936332146366995,-0.0011841618817373008,0.006455932186791,0.0021433985868342005,-0.0051871809725741,0.0041221478350069,-0.0083790050920619,0.0008284242587836,-0.0041607375759427,-0.0006988522575998,0.007162287427292,-0.0032510479420405,0.0022124374738574995,-0.007381729738450801,0.0085460132205675,0.002889162416892601,1.0,1.0
1110,92,100,20,0.0250266551634447,0.0166289452399624,0.0272870220888159,0.0219761355287506,-0.0074652682456659,0.0036098682165652,-0.0061118743381156,0.0012390663575929,-0.0041119029938375,-0.0009392877581574,0.010429209168177,-0.0026507369826659,-0.0175282644946573,-0.0268447457150322,-0.0149639413043063,-0.0173942440911527,0.0050266551634447,-0.0033710547600376006,0.0072870220888159,0.0019761355287505993,-0.0074652682456659,0.0036098682165652,-0.0061118743381156,0.0012390663575929,-0.0041119029938375,-0.0009392877581574,0.010429209168177,-0.0026507369826659,0.002471735505342701,-0.006844745715032199,0.0050360586956937,0.0026057559088473008,1.0,1.0
1111,92,100,random,0.0155343881367023,0.0075934845971462,0.0202661374402512,0.0215151415487948,-0.015720234128187,0.0060979031000671,-0.0034698545810149,-0.0030759913523062,-0.0003284602454965,-0.0205570279007765,0.0142919479175478,-0.000556781994472,-0.024041854311207,-0.012135962865342,-0.0103030266525646,-0.0184346805160238,-0.0044656118632977,-0.0124065154028538,0.0002661374402511997,0.001515141548794799,-0.015720234128187,0.0060979031000671,-0.0034698545810149,-0.0030759913523062,-0.0003284602454965,-0.0205570279007765,0.0142919479175478,-0.000556781994472,-0.004041854311206999,0.007864037134658,0.009696973347435401,0.001565319483976202,0.9791666666666666,0.8958333333333334
1112,92,50,1,0.034356222233116,0.0174300696441286,0.025193478215864,0.0234790610760782,-0.0063969894981617,0.0040184971823673,-0.0079484753115489,-0.0022396817077955,0.0002569664940077,0.0084406244315138,0.007038312312501,-0.0092669016021614,-0.0196633502379671,-0.035483041180205,-0.0087353090357437,-0.0151536765671997,0.014356222233115997,-0.0025699303558714,0.005193478215863998,0.003479061076078198,-0.0063969894981617,0.0040184971823673,-0.0079484753115489,-0.0022396817077955,0.0002569664940077,0.0084406244315138,0.007038312312501,-0.0092669016021614,0.00033664976203289995,-0.015483041180204996,0.0112646909642563,0.0048463234328003,1.0,0.9791666666666666
1113,92,50,10,0.0251027304133228,0.0193004189878757,0.0309818525217101,0.0242166194329867,-0.0062191820352193,0.0024623312135853,-0.0073089083210986,0.0003583505600101,-0.0020204671991065,0.0002451908319412,0.0101888142493788,-0.0011853656954868,-0.0216318608001765,-0.0240311639191914,-0.0133460630537466,-0.0154888787463193,0.005102730413322799,-0.0006995810121242993,0.010981852521710099,0.0042166194329867,-0.0062191820352193,0.0024623312135853,-0.0073089083210986,0.0003583505600101,-0.0020204671991065,0.0002451908319412,0.0101888142493788,-0.0011853656954868,-0.0016318608001765003,-0.004031163919191401,0.006653936946253401,0.0045111212536807,1.0,1.0
1114,92,50,20,0.0242452323093314,0.0180819139449296,0.0318091483524969,0.0247504484947127,-0.0055469085411658,-9.710601116462316e-05,-0.0101026241947697,-0.0030282198247685,-0.0031295833824086,0.0022269809051532,0.0093566133919393,0.0030196592009436,-0.0202392245108179,-0.0233290031984828,-0.015490562631726,-0.0164699522552219,0.004245232309331399,-0.001918086055070399,0.011809148352496902,0.004750448494712699,-0.0055469085411658,-9.710601116462316e-05,-0.0101026241947697,-0.0030282198247685,-0.0031295833824086,0.0022269809051532,0.0093566133919393,0.0030196592009436,-0.00023922451081789808,-0.0033290031984828,0.004509437368274,0.0035300477447781017,1.0,1.0
1115,92,50,random,0.0042869525315798,0.0145116156310142,0.0165614744548142,0.0148120634205797,-0.0109572537366403,-0.0027155706660579,-0.0042549348542145,0.0009173069419525,-0.0029026462219186,-0.0057103465091872,0.0083463751426402,-0.0040873576468765,-0.0155858815548695,-0.007610275580936,-0.0045892256639733,-0.0061954859262991,-0.0157130474684202,-0.005488384368985801,-0.0034385255451858006,-0.0051879365794203006,-0.0109572537366403,-0.0027155706660579,-0.0042549348542145,0.0009173069419525,-0.0029026462219186,-0.0057103465091872,0.0083463751426402,-0.0040873576468765,0.0044141184451305,0.012389724419064,0.015410774336026702,0.0138045140737009,0.9791666666666666,0.9166666666666667
1116,93,1000,1,0.0136266750889194,0.0237823032441437,0.0206303921378429,0.0100334542705671,-0.0136037847520214,0.0045136452198851,0.0062304580449965,0.0018900366170256,0.0045608601012478,0.0033003681790685,-0.0080776536346597,-5.00033672616019e-05,-0.0041038715820626,-0.0178897315622461,-0.0113564052668044,-0.0092486722741655,-0.006373324911080601,0.003782303244143699,0.0006303921378429007,-0.0099665457294329,-0.0136037847520214,0.0045136452198851,0.0062304580449965,0.0018900366170256,0.0045608601012478,0.0033003681790685,-0.0080776536346597,-5.00033672616019e-05,0.015896128417937402,0.002110268437753901,0.0086435947331956,0.0107513277258345,1.0,0.9166666666666667
1117,93,1000,10,0.0073930528429563,0.0225482914053286,0.0218262937367156,0.0163919874990559,-0.0146858811621158,0.0039045001211997,-0.0056983030580248,0.004068055406297,0.0034652469865326,-0.0064687159079128,-0.0064141750599097,-0.0032138405928539,-0.0109282608594479,-0.0124877516824637,-0.0108693760622979,-0.0142319265203879,-0.012606947157043701,0.002548291405328598,0.001826293736715598,-0.0036080125009440994,-0.0146858811621158,0.0039045001211997,-0.0056983030580248,0.004068055406297,0.0034652469865326,-0.0064687159079128,-0.0064141750599097,-0.0032138405928539,0.0090717391405521,0.0075122483175363,0.009130623937702101,0.0057680734796121,1.0,0.9166666666666666
1118,93,1000,20,0.0073420463304112,0.0218354835555404,0.0213089353644038,0.0164277757511684,-0.0162787209660538,0.0042301699500569,-0.0061562561558605,0.0038581547939888,0.003525899974662,-0.0064473530781318,-0.0066760052638715,-0.0018631859732028,-0.0121794991013227,-0.0121288013752097,-0.0106405073144436,-0.0142887029849183,-0.0126579536695888,0.0018354835555404007,0.0013089353644037995,-0.0035722242488316,-0.0162787209660538,0.0042301699500569,-0.0061562561558605,0.0038581547939888,0.003525899974662,-0.0064473530781318,-0.0066760052638715,-0.0018631859732028,0.0078205008986773,0.0078711986247903,0.0093594926855564,0.0057112970150817,1.0,0.9166666666666666
1119,93,1000,random,0.0021992475968026,0.0146099427152568,0.0167260781809645,0.0124148751020021,-0.013077479431707,-0.0018681839405077,-0.0058799622528361,0.006364431699838,-0.000491988971342,-0.0072474292229106,-0.0068493991641974,0.0001734360999334,-0.0106830466205377,-0.0099921283571754,-0.0097640865837028,-0.016265084443243,-0.017800752403197402,-0.0053900572847432,-0.0032739218190355017,-0.0075851248979979,-0.013077479431707,-0.0018681839405077,-0.0058799622528361,0.006364431699838,-0.000491988971342,-0.0072474292229106,-0.0068493991641974,0.0001734360999334,0.009316953379462301,0.0100078716428246,0.0102359134162972,0.003734915556757,0.9791666666666666,0.9375
1120,93,100,1,0.009264982361302,0.0266693884704179,0.0252797312419905,0.0177582486717885,-0.0125019792791033,0.007192266589346,-0.0092599865999973,0.0037517026126167,0.0078029618891491,-0.0122067568037943,-0.0143925753559827,-0.0030991826876787,-0.0158217025891968,-0.004598694542922,-0.0091872991875611,-0.0173433659928186,-0.010735017638698,0.006669388470417901,0.0052797312419905,-0.0022417513282115,-0.0125019792791033,0.007192266589346,-0.0092599865999973,0.0037517026126167,0.0078029618891491,-0.0122067568037943,-0.0143925753559827,-0.0030991826876787,0.0041782974108032014,0.015401305457078001,0.0108127008124389,0.0026566340071813993,1.0,0.8333333333333334
1121,93,100,10,0.0079877575655754,0.0245940964478434,0.0217476547736229,0.0156943386775011,-0.0105316103228691,0.0040980265088556,-0.0071558784892566,0.0014578039466275,0.0064255594019675,-0.0086399350436797,-0.0102069918479458,-0.0042514759017985,-0.0119272890791429,-0.0105380818977209,-0.0113634343801676,-0.0147609839616713,-0.0120122424344246,0.0045940964478434,0.0017476547736228996,-0.004305661322498901,-0.0105316103228691,0.0040980265088556,-0.0071558784892566,0.0014578039466275,0.0064255594019675,-0.0086399350436797,-0.0102069918479458,-0.0042514759017985,0.008072710920857101,0.0094619181022791,0.008636565619832401,0.0052390160383287004,1.0,1.0
1122,93,100,20,0.0076336310999974,0.0227114819290494,0.0219601190068505,0.0168072024756701,-0.011500184109906,0.0057860933174632,-0.0065880190461357,0.0031181802990617,0.0059832848506806,-0.0075682256910391,-0.0082821105176041,-0.0043111762437824,-0.0116417981946013,-0.0095882037647978,-0.0120161200122907,-0.015641903167553,-0.0123663689000026,0.002711481929049398,0.001960119006850499,-0.0031927975243298996,-0.011500184109906,0.0057860933174632,-0.0065880190461357,0.0031181802990617,0.0059832848506806,-0.0075682256910391,-0.0082821105176041,-0.0043111762437824,0.0083582018053987,0.0104117962352022,0.0079838799877093,0.004358096832446999,1.0,0.9791666666666666
1123,93,100,random,0.0065967176287484,0.0153332532819964,0.0171603847142636,0.0121763766759958,0.0003979626859753,-0.0045048706231905,-0.0056675741015064,-0.0006035944220846,0.0009950055673253,-0.0106902407100415,-0.0171150923395486,-0.0028051152254906,-0.0068924243706153,-0.0165146730019712,-0.015107450129727,-0.0210464056979698,-0.013403282371251601,-0.0046667467180036,-0.0028396152857364,-0.0078236233240042,0.0003979626859753,-0.0045048706231905,-0.0056675741015064,-0.0006035944220846,0.0009950055673253,-0.0106902407100415,-0.0171150923395486,-0.0028051152254906,0.0131075756293847,0.003485326998028799,0.004892549870273001,-0.0010464056979698003,1.0,0.9166666666666667
1124,93,50,1,0.0051425336383452,0.0197806608616399,0.0189803277959628,0.0179722262515343,-0.0071973214362265,-0.0015373824795492,-0.004245938021203,0.0004553920513516,-0.0004177291846837,-0.0156119099562496,-0.0090354747343171,-0.000212074920934,-0.0131599931019203,-0.0118586162628728,-0.0114796282120238,-0.0232701153999095,-0.0148574663616548,-0.0002193391383601001,-0.0010196722040371996,-0.002027773748465699,-0.0071973214362265,-0.0015373824795492,-0.004245938021203,0.0004553920513516,-0.0004177291846837,-0.0156119099562496,-0.0090354747343171,-0.000212074920934,0.0068400068980797,0.0081413837371272,0.0085203717879762,-0.0032701153999094984,1.0,0.9375
1125,93,50,10,0.0069371388266161,0.0233930088446628,0.0206115261173364,0.0174243582090119,-0.0173250860765153,0.00089795118258,-0.0053034949221682,0.0044531193510568,0.0001200116851877,-0.0108295446257699,-0.0061914985729322,-0.0018564029334307,-0.013616817473607,-0.0150200906696253,-0.0084394450404757,-0.0144659986363793,-0.0130628611733839,0.003393008844662801,0.0006115261173363987,-0.0025756417909881014,-0.0173250860765153,0.00089795118258,-0.0053034949221682,0.0044531193510568,0.0001200116851877,-0.0108295446257699,-0.0061914985729322,-0.0018564029334307,0.006383182526393,0.004979909330374701,0.011560554959524301,0.0055340013636207,1.0,0.8958333333333334
1126,93,50,20,0.0067571633944373,0.0218906974002089,0.0210772767796902,0.0179418424744804,-0.0165046727505096,0.0011423019956056,-0.0090934163869683,0.0063257218887517,0.0019951576265005,-0.0118229096270728,-0.0065325471896663,9.542127395610858e-06,-0.015516138436158,-0.0158113684031858,-0.0092032623744025,-0.0158093777328041,-0.013242836605562702,0.001890697400208901,0.0010772767796901998,-0.0020581575255196015,-0.0165046727505096,0.0011423019956056,-0.0090934163869683,0.0063257218887517,0.0019951576265005,-0.0118229096270728,-0.0065325471896663,9.542127395610858e-06,0.004483861563842,0.0041886315968142004,0.0107967376255975,0.004190622267195899,1.0,0.8958333333333334
1127,93,50,random,0.0003565450343239,0.0126207366193519,0.0278416535181494,0.0085454385896454,-0.0097574211133415,-0.0034905710396443,-0.0185184224939555,0.00593779130503,-0.008265154653728,-0.0147771252660061,-0.0054147360722513,0.0089380388701732,-0.0088128268934187,-0.0092846372535327,-0.0143889644944575,-0.0161709996840904,-0.0196434549656761,-0.0073792633806481,0.007841653518149399,-0.011454561410354601,-0.0097574211133415,-0.0034905710396443,-0.0185184224939555,0.00593779130503,-0.008265154653728,-0.0147771252660061,-0.0054147360722513,0.0089380388701732,0.011187173106581301,0.0107153627464673,0.0056110355055425006,0.0038290003159095996,0.9375,0.8125
1128,94,1000,1,0.0224536286113619,0.0164057042242336,0.018773016856786,0.010967240398925,0.0101673934700214,0.0065365314816164,-0.0011543030775068,-0.0006757048043409,-0.0092015854682901,0.0239798031902668,-0.0038871895640313,-0.0060689142087396,-0.0201352929170288,-0.0246227478965915,-0.0096473964984603,-0.0196091903083274,0.002453628611361898,-0.0035942957757664,-0.0012269831432140006,-0.009032759601075,0.0101673934700214,0.0065365314816164,-0.0011543030775068,-0.0006757048043409,-0.0092015854682901,0.0239798031902668,-0.0038871895640313,-0.0060689142087396,-0.00013529291702879878,-0.004622747896591499,0.0103526035015397,0.00039080969167260005,0.9166666666666666,1.0
1129,94,1000,10,0.0195602268802685,0.012662271214573,0.0214315195492296,0.0169813244958969,0.0037618856650664,0.0068252333163258,-0.0004671071160342,0.0014598954872817,-0.010417006379755,0.0227093278972444,-0.0053059431004575,-0.0037249758254923,-0.0197229209739548,-0.0155211375312905,-0.0103729153557453,-0.0273426565562985,-0.00043977311973149996,-0.007337728785427001,0.0014315195492295985,-0.0030186755041031015,0.0037618856650664,0.0068252333163258,-0.0004671071160342,0.0014598954872817,-0.010417006379755,0.0227093278972444,-0.0053059431004575,-0.0037249758254923,0.00027707902604520024,0.0044788624687095,0.009627084644254701,-0.0073426565562985,0.9166666666666666,0.9791666666666666
1130,94,1000,20,0.0199369059909301,0.0122162337264229,0.0231109435051997,0.0173505850942051,0.0030941431575902,0.0060471965565669,-0.0013822782993366,0.0013223020252644,-0.0110640098701203,0.0200454775640398,-0.0049756288802372,-0.0016924608508572,-0.0173449910009486,-0.0155802507466313,-0.0105996323745761,-0.0288454352656275,-6.309400906990073e-05,-0.007783766273577101,0.0031109435051996995,-0.0026494149057949,0.0030941431575902,0.0060471965565669,-0.0013822782993366,0.0013223020252644,-0.0110640098701203,0.0200454775640398,-0.0049756288802372,-0.0016924608508572,0.002655008999051401,0.0044197492533687,0.0094003676254239,-0.008845435265627498,0.9375,0.9791666666666666
1131,94,1000,random,0.0173647122920033,0.0101244168475527,0.0190632627264882,0.0147653348243899,0.0061637725338711,0.0058872704436076,0.0007088021048367,0.0035888221997247,-0.0185935849414162,0.0268256403254181,-0.0105818553009058,-0.0009669275995648,-0.0079262439894198,-0.0164425171654597,-0.0039409629667489,-0.0304050403567568,-0.0026352877079966995,-0.0098755831524473,-0.0009367372735118,-0.005234665175610101,0.0061637725338711,0.0058872704436076,0.0007088021048367,0.0035888221997247,-0.0185935849414162,0.0268256403254181,-0.0105818553009058,-0.0009669275995648,0.0120737560105802,0.003557482834540302,0.0160590370332511,-0.010405040356756799,0.9166666666666666,0.8958333333333334
1132,94,100,1,0.0148380915163973,0.01529520054045,0.0124763498566644,0.0173370862544728,0.0006210843117998,0.0079740205137814,-0.0040613149484213,0.0036756128474985,-0.0042956984779674,0.0204266081284798,-0.0027985454885642,-0.0013512179765997,-0.0174457449419947,-0.0236206017258758,-0.0169040593592028,-0.0254746826874648,-0.005161908483602701,-0.00470479945955,-0.0075236501433356,-0.002662913745527202,0.0006210843117998,0.0079740205137814,-0.0040613149484213,0.0036756128474985,-0.0042956984779674,0.0204266081284798,-0.0027985454885642,-0.0013512179765997,0.0025542550580053003,-0.003620601725875798,0.003095940640797202,-0.0054746826874647984,0.9166666666666666,1.0
1133,94,100,10,0.0167448428657234,0.0155080883838366,0.0173996758850679,0.0178733298996199,0.0027809936442669,0.0093684131397317,-0.0011949930025465,0.000958931187363,-0.0062436262269033,0.0185755865898573,-0.0003362963071695,-0.0018722817172183,-0.0171509299604037,-0.0168073061558334,-0.0137051444729092,-0.0282425009209569,-0.003255157134276602,-0.004491911616163401,-0.0026003241149320996,-0.0021266701003801007,0.0027809936442669,0.0093684131397317,-0.0011949930025465,0.000958931187363,-0.0062436262269033,0.0185755865898573,-0.0003362963071695,-0.0018722817172183,0.0028490700395963006,0.003192693844166601,0.0062948555270908,-0.0082425009209569,0.9166666666666666,1.0
1134,94,100,20,0.0179553519868172,0.0137056141657007,0.0196545808056442,0.0176868860669551,0.0041067617899302,0.0081941022160326,-0.0023784689938361,0.0002912972296873,-0.0070365885635754,0.0199026792981793,-0.0007719199271114,9.783598033450754e-05,-0.0159256116215551,-0.0177213446118717,-0.0129037773839986,-0.0299013719182491,-0.0020446480131828017,-0.006294385834299301,-0.0003454191943558019,-0.0023131139330449003,0.0041067617899302,0.0081941022160326,-0.0023784689938361,0.0002912972296873,-0.0070365885635754,0.0199026792981793,-0.0007719199271114,9.783598033450754e-05,0.004074388378444902,0.0022786553881283013,0.0070962226160014,-0.0099013719182491,0.9166666666666666,1.0
1135,94,100,random,0.0143165634823967,0.0142456052378714,0.0144681830744108,0.0173577634703075,0.0108673141011502,0.0095580209418817,0.0006808236165056,0.0053309401719305,-0.0113597236297446,0.0424471393957066,-0.0066526652044152,0.0014123287446272,-0.0095450183350891,-0.0127019276964218,0.0052422974216371,-0.056661716842352,-0.0056834365176033005,-0.005754394762128601,-0.005531816925589201,-0.002642236529692501,0.0108673141011502,0.0095580209418817,0.0006808236165056,0.0053309401719305,-0.0113597236297446,0.0424471393957066,-0.0066526652044152,0.0014123287446272,0.010454981664910901,0.0072980723035782,0.0252422974216371,-0.036661716842352005,0.9166666666666666,0.8958333333333334
1136,94,50,1,0.0255325614714816,0.010190382773589,0.0352044403216898,0.0134004941497306,-0.0030851285660122,-0.0017281601747604,-0.0041308467357911,0.0035964354129841,-0.0080292749972266,0.0171470614790718,-0.0140216603478615,-0.003024059401495,-0.0172724688424949,-0.0167659958829418,-0.0096108228865436,-0.0236594607379074,0.005532561471481599,-0.009809617226411,0.015204440321689803,-0.0065995058502694,-0.0030851285660122,-0.0017281601747604,-0.0041308467357911,0.0035964354129841,-0.0080292749972266,0.0171470614790718,-0.0140216603478615,-0.003024059401495,0.002727531157505101,0.003234004117058202,0.0103891771134564,-0.003659460737907398,0.9583333333333333,0.9791666666666666
1137,94,50,10,0.0204561503951602,0.0159579732669059,0.020435124530681,0.0182554750383313,0.0019378343889543,0.0027768483030174,0.003037734595742,-0.0025832453007601,-0.0121095687898222,0.0219592455587648,-0.0067570010215877,0.0009756730487697,-0.0253813469145643,-0.0122893575958265,-0.0140342632709918,-0.0356796167329831,0.0004561503951601986,-0.0040420267330941,0.00043512453068100115,-0.0017445249616687003,0.0019378343889543,0.0027768483030174,0.003037734595742,-0.0025832453007601,-0.0121095687898222,0.0219592455587648,-0.0067570010215877,0.0009756730487697,-0.005381346914564298,0.0077106424041735,0.0059657367290082,-0.0156796167329831,0.9166666666666666,1.0
1138,94,50,20,0.021142321117451,0.0136381168543586,0.0254841303416415,0.0197213061552375,0.0003715449745505,0.0022688695539209,1.8166051324702252e-05,-0.0015914210221089,-0.0123824677230426,0.0202041229851236,-0.0058397190298328,0.0019291113378167,-0.0232256912980557,-0.0150948682340883,-0.0128475955580757,-0.0314101717677378,0.0011423211174509985,-0.0063618831456414004,0.0054841303416415,-0.00027869384476249953,0.0003715449745505,0.0022688695539209,1.8166051324702252e-05,-0.0015914210221089,-0.0123824677230426,0.0202041229851236,-0.0058397190298328,0.0019291113378167,-0.003225691298055701,0.0049051317659117005,0.0071524044419243,-0.011410171767737797,0.9583333333333333,1.0
1139,94,50,random,0.0177818702526495,0.0130170157955412,0.0312084825603724,0.0136808925698763,0.007135267286567,0.001023649639522,0.0066897989784975,-0.0013808784520657,-0.0151866721250925,0.0282548723087239,-0.0147107297065741,0.000157244516372,-0.0043634076953817,-0.0250922522212997,0.0009476766170757,-0.0195792766389834,-0.0022181297473505,-0.0069829842044588,0.0112084825603724,-0.0063191074301237,0.007135267286567,0.001023649639522,0.0066897989784975,-0.0013808784520657,-0.0151866721250925,0.0282548723087239,-0.0147107297065741,0.000157244516372,0.0156365923046183,-0.005092252221299699,0.0209476766170757,0.0004207233610165999,0.9375,0.875
1140,95,1000,1,0.0148594300868187,0.0281437475109503,0.0159646514670849,0.0208812313124761,0.0045912327538161,-0.0134011225642358,-0.0013798829291805,0.004172009373214,0.0109406987852498,-0.0079092023318043,0.0163552494200217,0.0017472568246221,-0.012405683799343,-0.0204841877935115,-0.0174604706062789,-0.013928994986463,-0.005140569913181301,0.0081437475109503,-0.004035348532915102,0.0008812313124761002,0.0045912327538161,-0.0134011225642358,-0.0013798829291805,0.004172009373214,0.0109406987852498,-0.0079092023318043,0.0163552494200217,0.0017472568246221,0.007594316200657,-0.00048418779351150007,0.0025395293937210996,0.0060710050135370005,0.9583333333333333,0.9791666666666666
1141,95,1000,10,0.0137906732308872,0.0234763525876264,0.0181120890864448,0.0219133996320142,0.0036819082974323,-0.0069530311306087,7.506219207523313e-05,-0.0014882312596759,0.0074093635707993,-0.0055743487482986,0.0117573431368504,-0.0001622703519047,-0.0093829011382086,-0.0157685164950089,-0.0163696106659919,-0.01414330590493,-0.006209326769112801,0.003476352587626401,-0.0018879109135551998,0.001913399632014201,0.0036819082974323,-0.0069530311306087,7.506219207523313e-05,-0.0014882312596759,0.0074093635707993,-0.0055743487482986,0.0117573431368504,-0.0001622703519047,0.0106170988617914,0.004231483504991099,0.0036303893340081,0.00585669409507,1.0,1.0
1142,95,1000,20,0.0126572192765604,0.0226542561272352,0.0181214002258091,0.0206150322516365,0.0038475610613204,-0.0074292557709878,0.0006718573039621,-0.0023233241560798,0.0076244531311113,-0.0051455250943776,0.0130274898954767,-0.0012624215116181,-0.0083444659268677,-0.0148332863455112,-0.0175479964343103,-0.0131462513910831,-0.0073427807234396,0.0026542561272351987,-0.0018785997741909005,0.0006150322516365013,0.0038475610613204,-0.0074292557709878,0.0006718573039621,-0.0023233241560798,0.0076244531311113,-0.0051455250943776,0.0130274898954767,-0.0012624215116181,0.011655534073132301,0.0051667136544888,0.002452003565689701,0.006853748608916901,0.9791666666666666,1.0
1143,95,1000,random,0.0087255153066544,0.0134644024025438,0.0124307658007206,0.0160793778303997,0.0024492886868494,-0.0097610813010222,0.008466154196691,0.0010853502173338,0.0042301413659771,-0.0074777650520559,0.0042661496253398,0.0001566287061937,-0.0127396898634933,-0.0101757950672615,-0.0267759345413535,-0.0046634346810972,-0.011274484693345601,-0.0065355975974562,-0.0075692341992794,-0.003920622169600301,0.0024492886868494,-0.0097610813010222,0.008466154196691,0.0010853502173338,0.0042301413659771,-0.0074777650520559,0.0042661496253398,0.0001566287061937,0.007260310136506701,0.0098242049327385,-0.006775934541353501,0.0153365653189028,1.0,0.9583333333333334
1144,95,100,1,0.0131853060872892,0.0237500451070605,0.0251820539664077,0.0238742467545064,0.0029068580399573,-0.01356883571999,-0.0039967209092135,0.0004725964907824,0.0094433307209457,-0.0080831088472239,0.0091689363264325,0.0027938525767461,-0.0085180939981768,-0.0059496187860928,-0.0173564514071432,-0.0172968593161246,-0.006814693912710801,0.0037500451070605,0.005182053966407699,0.0038742467545063997,0.0029068580399573,-0.01356883571999,-0.0039967209092135,0.0004725964907824,0.0094433307209457,-0.0080831088472239,0.0091689363264325,0.0027938525767461,0.0114819060018232,0.014050381213907202,0.002643548592856801,0.0027031406838754005,1.0,0.9375
1145,95,100,10,0.0146821351743062,0.0230738841887932,0.0188289840376048,0.024817261956144,0.0026601195634939,-0.009680130695243,-0.0014005458082331,0.0010060556606019,0.0083906241925289,-0.0063092269783674,0.0140706750569934,0.0014407601313732,-0.006415907438857,-0.0180426024763581,-0.0166598309901177,-0.0148686359330586,-0.0053178648256938,0.0030738841887931988,-0.0011710159623951992,0.0048172619561440005,0.0026601195634939,-0.009680130695243,-0.0014005458082331,0.0010060556606019,0.0083906241925289,-0.0063092269783674,0.0140706750569934,0.0014407601313732,0.013584092561142999,0.0019573975236419003,0.0033401690098823003,0.0051313640669414,1.0,0.9791666666666666
1146,95,100,20,0.013004755276771,0.0211803460135733,0.0184291367489707,0.0211483710647239,0.0037409578882814,-0.0096984133356457,-0.0022347696419049,0.0001351158776555,0.0073479864056321,-0.0069566916264944,0.0122077411028287,-0.002081347986008,-0.0035519069943794,-0.0194935925773795,-0.0239189638105831,-0.0180485565924827,-0.006995244723229,0.001180346013573301,-0.0015708632510293002,0.0011483710647238986,0.0037409578882814,-0.0096984133356457,-0.0022347696419049,0.0001351158776555,0.0073479864056321,-0.0069566916264944,0.0122077411028287,-0.002081347986008,0.0164480930056206,0.0005064074226205015,-0.003918963810583098,0.0019514434075173018,1.0,0.9583333333333334
1147,95,100,random,0.0101355195896105,0.0165491442486627,0.0128556726652693,0.0156088685614396,-0.0010264779040126,-0.0228796840368247,0.0068626478583962,0.0116571170324551,0.0065665420482878,-0.0012117702141138,0.0143885724443265,0.0005404081192883,-0.0077398864030261,-0.0051447325437028,-0.0275280056213605,2.061232607958611e-05,-0.0098644804103895,-0.0034508557513373006,-0.0071443273347307,-0.004391131438560401,-0.0010264779040126,-0.0228796840368247,0.0068626478583962,0.0116571170324551,0.0065665420482878,-0.0012117702141138,0.0143885724443265,0.0005404081192883,0.0122601135969739,0.0148552674562972,-0.007528005621360499,0.020020612326079587,0.9375,0.8958333333333334
1148,95,50,1,0.0116454475252692,0.031950945051274,0.0141076891476979,0.0196618661666838,0.0069831241430742,-0.0046115271023924,0.0010751614666647,-0.0018400638136688,0.0063011110555565,-0.0052656698078604,0.0081338534605353,0.0027641438859097,-0.0172298947937439,-0.0109949468654759,-0.0276124176338442,-0.0107548097912687,-0.008354552474730801,0.011950945051274,-0.0058923108523021,-0.00033813383331620164,0.0069831241430742,-0.0046115271023924,0.0010751614666647,-0.0018400638136688,0.0063011110555565,-0.0052656698078604,0.0081338534605353,0.0027641438859097,0.002770105206256101,0.009005053134524101,-0.007612417633844199,0.0092451902087313,1.0,1.0
1149,95,50,10,0.0141283529451647,0.026276129691564,0.014892334439679,0.02134810321072,0.0032293350476119,-0.0143580998870372,-0.0007694422765022,0.0027328380849647,0.0068995226802956,-0.0105108101383322,0.0092273354408423,-0.001700882273156,-0.0098361756191047,-0.0148265507056534,-0.0188135895979919,-0.0126370443366053,-0.0058716470548353,0.006276129691563999,-0.0051076655603210005,0.0013481032107200003,0.0032293350476119,-0.0143580998870372,-0.0007694422765022,0.0027328380849647,0.0068995226802956,-0.0105108101383322,0.0092273354408423,-0.001700882273156,0.0101638243808953,0.005173449294346601,0.0011864104020080993,0.007362955663394701,1.0,0.9375
1150,95,50,20,0.0122995505409202,0.0207938970623358,0.0163189733253151,0.0170709700194194,0.0051170708784324,-0.0131941214859745,0.0027474140561682,-0.0005135761353399,0.0081311647781275,-0.010524137688204,0.0146036156364537,-0.0007540911393847,-0.0069209276697073,-0.0120701855199979,-0.0155446106448037,-0.0112537101225461,-0.0077004494590798,0.000793897062335798,-0.003681026674684902,-0.002929029980580599,0.0051170708784324,-0.0131941214859745,0.0027474140561682,-0.0005135761353399,0.0081311647781275,-0.010524137688204,0.0146036156364537,-0.0007540911393847,0.0130790723302927,0.007929814480002101,0.0044553893551963,0.0087462898774539,0.9791666666666666,0.9166666666666667
1151,95,50,random,0.0013192009259062,0.0180710615195623,0.0161929953813608,0.0102206631073552,0.0003132018506665,-0.0254032808054575,0.0122929053165414,0.0037385163509364,0.0022002419528744,-0.015531046801026,-0.0010285840419784,0.003073727719089,-0.0211461378591351,-0.0060121626705973,-0.0324053476673725,-0.0055854376275724,-0.018680799074093802,-0.0019289384804377016,-0.0038070046186392016,-0.0097793368926448,0.0003132018506665,-0.0254032808054575,0.0122929053165414,0.0037385163509364,0.0022002419528744,-0.015531046801026,-0.0010285840419784,0.003073727719089,-0.0011461378591350983,0.0139878373294027,-0.012405347667372498,0.014414562372427601,0.8958333333333334,0.8958333333333334
1152,96,1000,1,0.017936117431761,0.018199144958254,0.026661399582534,0.0216560765290327,0.0063892706539662,-0.0082027776410831,-0.0016796550990118,0.0031681862508679,0.0093281225336506,0.0087471323888596,-0.020042789056514,-0.003445427205926,-0.0242426798074485,-0.0223016716648207,-0.0189288835836662,-0.0200885358718159,-0.0020638825682390005,-0.0018008550417459995,0.006661399582533999,0.001656076529032699,0.0063892706539662,-0.0082027776410831,-0.0016796550990118,0.0031681862508679,0.0093281225336506,0.0087471323888596,-0.020042789056514,-0.003445427205926,-0.0042426798074485,-0.0023016716648207,0.0010711164163338012,-8.853587181589795e-05,1.0,0.9791666666666666
1153,96,1000,10,0.017318548702324,0.0176544232338561,0.0222009307789366,0.0216216482138344,0.0044295943906577,-0.0041827594722881,-0.0066634633111766,0.0031069673121269,0.0066782352766289,0.001621773918372,-0.0103822233698762,-0.0033559138493073,-0.0244308461238481,-0.0256200298122886,-0.0160638889202376,-0.0173956449976995,-0.002681451297676,-0.0023455767661439003,0.0022009307789365995,0.001621648213834398,0.0044295943906577,-0.0041827594722881,-0.0066634633111766,0.0031069673121269,0.0066782352766289,0.001621773918372,-0.0103822233698762,-0.0033559138493073,-0.004430846123848101,-0.0056200298122886,0.003936111079762401,0.0026043550023004992,1.0,1.0
1154,96,1000,20,0.0168842169526028,0.0185626604677586,0.0212860166724152,0.0226707631222776,0.0037609544450538,-0.0031224165148249,-0.0068412763363597,0.0027950730985777,0.0064461744393582,0.0016740624356418,-0.0108992382064465,-0.0041678345403622,-0.0254181445689718,-0.0239418057585461,-0.0161259392646397,-0.015762063756009,-0.003115783047397201,-0.0014373395322413995,0.0012860166724152008,0.002670763122277601,0.0037609544450538,-0.0031224165148249,-0.0068412763363597,0.0027950730985777,0.0064461744393582,0.0016740624356418,-0.0108992382064465,-0.0041678345403622,-0.0054181445689718,-0.0039418057585461005,0.003874060735360299,0.004237936243990999,1.0,1.0
1155,96,1000,random,0.0156206130147419,0.0164317827535377,0.024197324952495,0.0177059387162888,-0.000786662515125,0.005561581203811,-0.0066838637594592,0.0066377209138542,0.0067853923314519,0.0025037504418463,-0.0173215245321208,-0.0085534174185113,-0.0299834880121816,-0.0158151657599276,-0.0089115404454556,-0.0197131362778531,-0.0043793869852581,-0.0035682172464623005,0.004197324952494998,-0.0022940612837112004,-0.000786662515125,0.005561581203811,-0.0066838637594592,0.0066377209138542,0.0067853923314519,0.0025037504418463,-0.0173215245321208,-0.0085534174185113,-0.009983488012181598,0.004184834240072401,0.0110884595545444,0.0002868637221468996,1.0,0.9583333333333333
1156,96,100,1,0.0156918016382505,0.0205911627362342,0.0175732346552407,0.0217560783659704,0.0053406093942179,-0.0060766585135764,-0.0034721058034598,0.0021561147823734,0.0059883137593265,0.0024845455739128,-0.0007588438109016,0.0044475637583289,-0.0284693715820993,-0.0216807763914077,-0.0150383850604646,-0.0157410330629351,-0.004308198361749501,0.0005911627362341978,-0.002426765344759302,0.001756078365970401,0.0053406093942179,-0.0060766585135764,-0.0034721058034598,0.0021561147823734,0.0059883137593265,0.0024845455739128,-0.0007588438109016,0.0044475637583289,-0.0084693715820993,-0.0016807763914076998,0.0049616149395354005,0.004258966937064901,1.0,1.0
1157,96,100,10,0.0177789792997948,0.0190122379625017,0.0225323265738315,0.0216941774437217,0.0046870490211666,-0.0071044813405239,-0.00325708735485,0.0028510426237619,0.0072779657663294,0.0041323934187692,-0.0108147995221325,-0.0014143750106569,-0.0259270980003112,-0.0248237530584919,-0.0178759979830933,-0.0167233262996406,-0.0022210207002052,-0.0009877620374982993,0.002532326573831501,0.0016941774437216998,0.0046870490211666,-0.0071044813405239,-0.00325708735485,0.0028510426237619,0.0072779657663294,0.0041323934187692,-0.0108147995221325,-0.0014143750106569,-0.005927098000311201,-0.004823753058491899,0.0021240020169067016,0.0032766737003593997,1.0,1.0
1158,96,100,20,0.0163119123373175,0.0230487224178001,0.0203998919957991,0.0223694146461242,0.0023935179774735,-0.0035012595475714,-0.0036131220288637,0.0030273486477261,0.0060877968478586,0.0025580241121571,-0.0098355945993618,-0.00393903918218,-0.0267280629783016,-0.0216277272719154,-0.0164978219756153,-0.0131384562352485,-0.0036880876626824988,0.0030487224178001003,0.00039989199579909887,0.0023694146461241995,0.0023935179774735,-0.0035012595475714,-0.0036131220288637,0.0030273486477261,0.0060877968478586,0.0025580241121571,-0.0098355945993618,-0.00393903918218,-0.006728062978301599,-0.0016277272719153989,0.0035021780243847007,0.006861543764751501,1.0,1.0
1159,96,100,random,0.0170018431247159,0.0168269457315372,0.0249133486854662,0.01541525932628,0.0035235230195329,-0.0023072660620748,-0.0082098139217452,0.007511492388423,0.0018821800630318,0.0077565645062927,-0.0172074470156028,-0.0009855385643811,-0.0403526468749455,-0.0105464833499539,-0.015894984893028,-0.0120095109997296,-0.0029981568752841005,-0.003173054268462802,0.004913348685466199,-0.00458474067372,0.0035235230195329,-0.0023072660620748,-0.0082098139217452,0.007511492388423,0.0018821800630318,0.0077565645062927,-0.0172074470156028,-0.0009855385643811,-0.020352646874945497,0.0094535166500461,0.004105015106972001,0.0079904890002704,1.0,0.9375
1160,96,50,1,0.0128782467500497,0.0207474942971875,0.0022469717771774,0.0262217957292414,-0.0038622168898086,-0.001270692235172,-0.0070741627380998,-0.0026924762973924,0.0035707218010252,7.767258061161074e-05,-0.0137056661816549,-0.0085065631423239,-0.0222492164116407,-0.0250200628142805,-0.0215771947379299,-0.0191989848902864,-0.0071217532499503,0.0007474942971874982,-0.0177530282228226,0.006221795729241399,-0.0038622168898086,-0.001270692235172,-0.0070741627380998,-0.0026924762973924,0.0035707218010252,7.767258061161074e-05,-0.0137056661816549,-0.0085065631423239,-0.002249216411640699,-0.005020062814280499,-0.0015771947379298983,0.0008010151097136015,0.9791666666666666,1.0
1161,96,50,10,0.0163965742053102,0.016989808753658,0.0160085436409901,0.0239254586325543,0.0069209376074119,-0.0012088167033952,-0.0028039686654717,0.0004624172375878,0.0062636831261637,0.0002444652060894,-0.0130449340521483,-0.0074108714356453,-0.024551224639895,-0.0243035325972415,-0.0192700323844879,-0.0219494072005164,-0.0036034257946898005,-0.0030101912463420012,-0.003991456359009899,0.0039254586325543,0.0069209376074119,-0.0012088167033952,-0.0028039686654717,0.0004624172375878,0.0062636831261637,0.0002444652060894,-0.0130449340521483,-0.0074108714356453,-0.004551224639895001,-0.004303532597241498,0.0007299676155121011,-0.0019494072005163988,1.0,1.0
1162,96,50,20,0.017555069564602,0.0184442437281684,0.0114698920292658,0.0204991008987506,0.0072994344333642,-0.0040911919707438,-0.0058936236388195,-0.0020181609462788,0.0051575235658289,-0.0006001394751388,-0.013750452356665,-0.0056602180000559,-0.0220754114938023,-0.0220489804417598,-0.0171295682669706,-0.0205995111126896,-0.0024449304353980003,-0.0015557562718316008,-0.0085301079707342,0.0004991008987506006,0.0072994344333642,-0.0040911919707438,-0.0058936236388195,-0.0020181609462788,0.0051575235658289,-0.0006001394751388,-0.013750452356665,-0.0056602180000559,-0.0020754114938023004,-0.002048980441759801,0.0028704317330294007,-0.0005995111126896012,1.0,1.0
1163,96,50,random,0.0221621458068954,0.0132641798195747,0.0151561308476141,0.0320999502951036,0.005633713520621,0.0113526883918631,-0.0005164169094864,-0.002630787402943,0.0116395223957252,-0.0015834171351438,-0.0245747987745045,-0.0230256944726796,-0.0331363898535529,-0.0189779208185723,-0.011533996051182,-0.0173007651727094,0.0021621458068953985,-0.0067358201804253,-0.0048438691523859,0.012099950295103603,0.005633713520621,0.0113526883918631,-0.0005164169094864,-0.002630787402943,0.0116395223957252,-0.0015834171351438,-0.0245747987745045,-0.0230256944726796,-0.013136389853552897,0.0010220791814277014,0.008466003948818,0.002699234827290599,1.0,0.875
1164,97,1000,1,0.0159518774977955,0.0231470357545118,0.011881041441696,0.0206445026114628,0.0012976027413487,-0.0087492843942934,-0.0012969398947809,0.002103788887723,-0.0007464808029776,0.0013453824594677,-0.0004696558418278,0.0088683844169035,-0.028687842268755,-0.0055830292350605,-0.0205073420925442,-0.0468246612083281,-0.004048122502204501,0.0031470357545117997,-0.008118958558304001,0.0006445026114627987,0.0012976027413487,-0.0087492843942934,-0.0012969398947809,0.002103788887723,-0.0007464808029776,0.0013453824594677,-0.0004696558418278,0.0088683844169035,-0.008687842268754999,0.0144169707649395,-0.0005073420925441989,-0.0268246612083281,1.0,0.9791666666666666
1165,97,1000,10,0.016682646369188,0.0186605647269876,0.0138828941184232,0.0170716787848707,0.0008124185992257,-0.0084821625910257,-0.0021946969474306,0.0047569466484743,0.0013962020937685,0.0015904489491034,-0.0027664928900302,0.0039723271717502,-0.0273540106591867,-0.0113755288288751,-0.0198774983356942,-0.0418989948915258,-0.003317353630812002,-0.0013394352730124008,-0.0061171058815768006,-0.002928321215129301,0.0008124185992257,-0.0084821625910257,-0.0021946969474306,0.0047569466484743,0.0013962020937685,0.0015904489491034,-0.0027664928900302,0.0039723271717502,-0.007354010659186699,0.0086244711711249,0.0001225016643058019,-0.0218989948915258,1.0,1.0
1166,97,1000,20,0.0174997635329988,0.0177736644045233,0.0138849747437761,0.0176908694751315,0.0007396590988417,-0.0098456448230496,-0.002386021495192,0.0049512432125467,0.001261349067266,0.0010215206114428,-0.0037969521685003,0.0042081667681895,-0.0270100975503211,-0.0120140278182996,-0.0201761634284983,-0.0471704728040266,-0.002500236467001201,-0.002226335595476702,-0.006115025256223901,-0.002309130524868499,0.0007396590988417,-0.0098456448230496,-0.002386021495192,0.0049512432125467,0.001261349067266,0.0010215206114428,-0.0037969521685003,0.0042081667681895,-0.007010097550321101,0.0079859721817004,-0.00017616342849829936,-0.0271704728040266,1.0,1.0
1167,97,1000,random,0.0169341792734795,0.0114893063128329,0.0083781345258308,0.017295776950252,0.0044836778716149,-0.0082562153537967,-0.0046647459114104,0.0085479924833786,0.0013825759841998,-0.0019347181078124,-0.0019975257885955,0.0031099725300028,-0.0367663422336078,-0.0117074991262637,-0.012428078750264,-0.0542364422199576,-0.0030658207265205004,-0.0085106936871671,-0.0116218654741692,-0.0027042230497479995,0.0044836778716149,-0.0082562153537967,-0.0046647459114104,0.0085479924833786,0.0013825759841998,-0.0019347181078124,-0.0019975257885955,0.0031099725300028,-0.0167663422336078,0.0082925008737363,0.007571921249736,-0.0342364422199576,0.9791666666666666,1.0
1168,97,100,1,0.0142924018994843,0.0271246097071881,0.0142487694234335,0.01494203604033,0.0021933967984264,-0.0122870392985751,0.002639025563253,0.0096106637377586,-0.0004787810436966,0.0044561422122664,-0.0045780220456011,0.0044146145910673,-0.0378646384542436,-0.008988363793482,-0.0124547932937919,-0.0513372035953512,-0.005707598100515701,0.0071246097071881,-0.005751230576566501,-0.00505796395967,0.0021933967984264,-0.0122870392985751,0.002639025563253,0.0096106637377586,-0.0004787810436966,0.0044561422122664,-0.0045780220456011,0.0044146145910673,-0.0178646384542436,0.011011636206518,0.007545206706208101,-0.03133720359535119,1.0,0.9791666666666666
1169,97,100,10,0.0180268702901551,0.023413972696426,0.0141324620615929,0.0196391147101517,0.0029712581879327,-0.0084267418194324,-0.0005632513960265,0.0046624219283711,0.001013344542885,0.002779901976847,-0.0018626731767919,0.0054014896360828,-0.0313682195967369,-0.0092972626353162,-0.0170531070984959,-0.0466691587991485,-0.0019731297098448987,0.003413972696425998,-0.005867537938407101,-0.0003608852898482999,0.0029712581879327,-0.0084267418194324,-0.0005632513960265,0.0046624219283711,0.001013344542885,0.002779901976847,-0.0018626731767919,0.0054014896360828,-0.011368219596736898,0.010702737364683801,0.0029468929015041,-0.0266691587991485,1.0,1.0
1170,97,100,20,0.019537015338058,0.0221459464151701,0.0146995396708338,0.0207326648431697,0.0034982975687418,-0.0137243912413228,-0.0003423434590542,0.0058244454119735,0.0018708514658703,0.002017921954833,-0.0038363118338429,0.0060431228983831,-0.0344995730357397,-0.0112127313973727,-0.0186399439417072,-0.0512695019336899,-0.00046298466194200083,0.002145946415170099,-0.005300460329166201,0.0007326648431696982,0.0034982975687418,-0.0137243912413228,-0.0003423434590542,0.0058244454119735,0.0018708514658703,0.002017921954833,-0.0038363118338429,0.0060431228983831,-0.014499573035739701,0.0087872686026273,0.0013600560582927995,-0.031269501933689894,1.0,0.9791666666666666
1171,97,100,random,0.0159330727206023,0.0112041899008107,0.011534830269939,0.0236713002917539,0.001267501518887,-0.0136159814538747,0.0038405963515742,0.0071371542906506,-0.0006893275986509,-5.923833670163558e-05,-0.0021154134640868,0.0075838785689367,-0.0411549476134661,-0.0085719166695236,-0.0107893225779157,-0.0831858635648298,-0.004066927279397701,-0.0087958100991893,-0.008465169730061001,0.003671300291753901,0.001267501518887,-0.0136159814538747,0.0038405963515742,0.0071371542906506,-0.0006893275986509,-5.923833670163558e-05,-0.0021154134640868,0.0075838785689367,-0.0211549476134661,0.0114280833304764,0.0092106774220843,-0.0631858635648298,1.0,0.9583333333333333
1172,97,50,1,0.0189727508086718,0.0139924771632829,0.0212859588132059,0.0125001946432958,0.0020715689274695,-0.0046515377719998,-0.0102470417333029,0.0067028818175272,0.002408242325297,0.0094467528980223,-0.0022433965436144,0.0025520342812306,-0.0363921276430805,-0.0190738021350815,-0.0089305475507986,-0.0334607491582854,-0.0010272491913282007,-0.0060075228367171,0.0012859588132058987,-0.007499805356704201,0.0020715689274695,-0.0046515377719998,-0.0102470417333029,0.0067028818175272,0.002408242325297,0.0094467528980223,-0.0022433965436144,0.0025520342812306,-0.0163921276430805,0.0009261978649185015,0.0110694524492014,-0.013460749158285396,1.0,0.9791666666666666
1173,97,50,10,0.0155310964206471,0.0191968361067602,0.0142836066877915,0.0177488566520569,0.0032244330602119,-0.0076729804124219,-0.0084290285282307,0.0057224377365285,0.0004152260968191,0.003204072144231,-0.0036426281875448,0.0030399598603569,-0.0235757114097052,-0.0146200001507154,-0.0171944078761121,-0.0310379184498241,-0.0044689035793529005,-0.0008031638932398007,-0.0057163933122085005,-0.002251143347943102,0.0032244330602119,-0.0076729804124219,-0.0084290285282307,0.0057224377365285,0.0004152260968191,0.003204072144231,-0.0036426281875448,0.0030399598603569,-0.003575711409705199,0.005379999849284601,0.002805592123887899,-0.011037918449824099,1.0,1.0
1174,97,50,20,0.0172142211751097,0.0202341057581463,0.0164777850850954,0.0194045030208117,0.0058148447929599,-0.0073437613059907,-0.0056756297594716,0.005533276330078,0.0004084825833249,0.0019578766680933,-0.0049565154291691,0.0029810054410187,-0.0184356132239286,-0.0153106557136601,-0.0205854503217349,-0.0291783470313601,-0.002785778824890301,0.00023410575814630102,-0.003522214914904599,-0.0005954969791883008,0.0058148447929599,-0.0073437613059907,-0.0056756297594716,0.005533276330078,0.0004084825833249,0.0019578766680933,-0.0049565154291691,0.0029810054410187,0.001564386776071399,0.004689344286339901,-0.0005854503217349004,-0.009178347031360098,1.0,1.0
1175,97,50,random,0.0176863814349071,0.0174971028142144,0.0102374802925635,0.0165175380349577,0.0105507193009733,-0.0136549392809409,-0.0106766956617532,0.0107239819089592,-0.0062143354205866,0.0083177196679977,6.227711565364591e-05,4.405673792106353e-06,-0.0509813448620661,-0.0197357008613152,-0.0201302850022763,-0.0267826944400327,-0.0023136185650928995,-0.002502897185785599,-0.0097625197074365,-0.0034824619650422987,0.0105507193009733,-0.0136549392809409,-0.0106766956617532,0.0107239819089592,-0.0062143354205866,0.0083177196679977,6.227711565364591e-05,4.405673792106353e-06,-0.030981344862066097,0.00026429913868479885,-0.00013028500227629802,-0.0067826944400327,0.9583333333333334,1.0
1176,98,1000,1,0.0109997992790583,0.0090747663259318,0.0340815002719139,0.0249711033021765,-0.0073733046484386,-0.0014687893361355,-0.0042251950414406,-0.0009277371430288,-0.0118026389260173,0.0040076111812735,-0.0167785086804928,-0.0046825092039452,-0.0210461010383936,-0.0245012256612998,-0.0122151315799869,-0.0359578693492583,-0.0090002007209417,-0.0109252336740682,0.014081500271913901,0.0049711033021765,-0.0073733046484386,-0.0014687893361355,-0.0042251950414406,-0.0009277371430288,-0.0118026389260173,0.0040076111812735,-0.0167785086804928,-0.0046825092039452,-0.001046101038393598,-0.004501225661299801,0.007784868420013101,-0.0159578693492583,1.0,0.9791666666666666
1177,98,1000,10,0.0145913564036769,0.013330917115791,0.0306056671859763,0.024126021214713,-0.0025474600535872,0.0015977793306276,-0.0033855541306903,-0.0029963625784723,-0.0135812100615962,0.0017082606763752,-0.015025827872532,-0.0002993931629123,-0.0188142491662865,-0.021477249755701,-0.0145684700783013,-0.029604670112259,-0.0054086435963231,-0.006669082884209001,0.0106056671859763,0.004126021214712998,-0.0025474600535872,0.0015977793306276,-0.0033855541306903,-0.0029963625784723,-0.0135812100615962,0.0017082606763752,-0.015025827872532,-0.0002993931629123,0.0011857508337135003,-0.0014772497557009982,0.005431529921698701,-0.009604670112259,1.0,0.9791666666666666
1178,98,1000,20,0.0139222611140195,0.0129755358319688,0.03320116331585,0.0240627707947453,-0.0018635314408996,0.0005356743210553,-0.0044356867368759,-0.0019998544135724,-0.0131996403931399,0.0014197965096223,-0.013463379046507,-0.0006533924966718,-0.0201840591346244,-0.0222191233317333,-0.0141508383167382,-0.0310206568087021,-0.0060777388859805,-0.007024464168031201,0.013201163315849997,0.004062770794745301,-0.0018635314408996,0.0005356743210553,-0.0044356867368759,-0.0019998544135724,-0.0131996403931399,0.0014197965096223,-0.013463379046507,-0.0006533924966718,-0.00018405913462439874,-0.0022191233317333005,0.0058491616832618,-0.011020656808702099,1.0,1.0
1179,98,1000,random,0.0100348872851208,0.0103925981388728,0.029179925888964,0.0268127322066295,0.0044615456568783,-0.0038256515436853,-0.0105654142449324,-0.007611972548834,-0.0122474056559553,0.0009508750557548,-0.0213855384200537,-0.0092378617712111,-0.0143919247344513,-0.0184043027895708,-0.0142584016001909,-0.0213787343937735,-0.009965112714879201,-0.0096074018611272,0.009179925888963998,0.0068127322066295,0.0044615456568783,-0.0038256515436853,-0.0105654142449324,-0.007611972548834,-0.0122474056559553,0.0009508750557548,-0.0213855384200537,-0.0092378617712111,0.0056080752655487,0.001595697210429202,0.0057415983998090996,-0.0013787343937734994,1.0,0.9166666666666666
1180,98,100,1,0.0120150270082978,0.0112445860227128,0.030492151466053,0.0201934723003724,-0.0003607008307964,0.000917224912138,-0.0078065898080359,-0.0043645735196475,-0.0148640797393964,-0.0048526152278816,-0.013513480081848,0.0052045963261391,-0.0190659870384363,-0.0206191608678271,-0.0111901628711039,-0.0302796803764359,-0.007984972991702201,-0.008755413977287201,0.010492151466053,0.00019347230037240065,-0.0003607008307964,0.000917224912138,-0.0078065898080359,-0.0043645735196475,-0.0148640797393964,-0.0048526152278816,-0.013513480081848,0.0052045963261391,0.0009340129615637016,-0.0006191608678270989,0.0088098371288961,-0.0102796803764359,1.0,0.9583333333333334
1181,98,100,10,0.0170981382870407,0.0138019000417434,0.0290534862776254,0.0223683767698782,-0.0015603020548735,-0.0003024572662808,-0.0052879741675687,-0.0012320735567429,-0.0135886744591919,0.0009914451882906,-0.0168409754150621,0.001796391599707,-0.0192168688015732,-0.0217253135393842,-0.0150027691601007,-0.0322611399098804,-0.0029018617129593013,-0.006198099958256601,0.009053486277625401,0.0023683767698782013,-0.0015603020548735,-0.0003024572662808,-0.0052879741675687,-0.0012320735567429,-0.0135886744591919,0.0009914451882906,-0.0168409754150621,0.001796391599707,0.0007831311984267987,-0.0017253135393841997,0.004997230839899301,-0.012261139909880401,1.0,0.9791666666666666
1182,98,100,20,0.0166843098133018,0.0119325342898143,0.0319317511079475,0.0230616012675115,0.0002531651787112,-0.0009982439745135,-0.0062010083338141,0.0004963693912125,-0.0142188625145189,0.0004081184364933,-0.0152128031826576,0.0001353102504334,-0.019588406992804,-0.0239337162105631,-0.0160611892377659,-0.0317203150918066,-0.0033156901866982016,-0.008067465710185701,0.011931751107947499,0.0030616012675114997,0.0002531651787112,-0.0009982439745135,-0.0062010083338141,0.0004963693912125,-0.0142188625145189,0.0004081184364933,-0.0152128031826576,0.0001353102504334,0.00041159300719599903,-0.0039337162105630985,0.0039388107622341,-0.011720315091806602,1.0,1.0
1183,98,100,random,0.0089741543701772,0.0070284661058361,0.0253392821127534,0.0297148115503211,0.004457155447416,-0.0093881984682516,-0.0120540790498207,-0.0028166819867096,-0.0138106535337544,0.0017889961161014,-0.0194369116623133,-0.0109700245584194,-0.0139900524519718,-0.0183075853945623,-0.0050629085849242,-0.0290514306381369,-0.011025845629822801,-0.0129715338941639,0.005339282112753401,0.009714811550321098,0.004457155447416,-0.0093881984682516,-0.0120540790498207,-0.0028166819867096,-0.0138106535337544,0.0017889961161014,-0.0194369116623133,-0.0109700245584194,0.006009947548028201,0.0016924146054376997,0.0149370914150758,-0.0090514306381369,1.0,0.8541666666666665
1184,98,50,1,0.015637493040993,0.0133383777160192,0.0157241478293171,0.0289193333627578,0.0093461214696359,0.0031716497779982,0.007009965785554,-0.0016559428816044,-0.0278072486544718,0.0111009094730706,-0.0154164418291227,-0.0068357878210455,-0.0230313430708743,-0.0165453918402211,-0.014609697969164,-0.0300043539138762,-0.004362506959007001,-0.0066616222839808,-0.004275852170682902,0.008919333362757801,0.0093461214696359,0.0031716497779982,0.007009965785554,-0.0016559428816044,-0.0278072486544718,0.0111009094730706,-0.0154164418291227,-0.0068357878210455,-0.0030313430708742983,0.0034546081597789,0.005390302030836,-0.010004353913876201,1.0,0.9166666666666667
1185,98,50,10,0.0149601115988315,0.0110765135090645,0.0336194629304762,0.0242048908040655,-0.0009727707211755,0.0024144744308733,-0.000126167996268,-0.0031485040004904,-0.0145393473077077,0.003441665221738,-0.0176670094324017,-0.000980858505008,-0.0196092002453217,-0.0216085386187183,-0.0156283710888515,-0.0392508074261643,-0.0050398884011685005,-0.0089234864909355,0.013619462930476198,0.004204890804065501,-0.0009727707211755,0.0024144744308733,-0.000126167996268,-0.0031485040004904,-0.0145393473077077,0.003441665221738,-0.0176670094324017,-0.000980858505008,0.0003907997546782997,-0.0016085386187182985,0.004371628911148499,-0.019250807426164297,1.0,0.9791666666666666
1186,98,50,20,0.0166499586282638,0.0102612201319028,0.0323155027998964,0.0238144899360103,0.0053942865556083,0.0008850681777504,-0.0011207585034562,-0.0034289802261941,-0.0195428060114723,0.0030860327257477,-0.0160249852949751,-0.0030069037834226,-0.0198746589271019,-0.0228295154128052,-0.0175912296228056,-0.0426620709865577,-0.003350041371736199,-0.009738779868097201,0.012315502799896402,0.0038144899360103013,0.0053942865556083,0.0008850681777504,-0.0011207585034562,-0.0034289802261941,-0.0195428060114723,0.0030860327257477,-0.0160249852949751,-0.0030069037834226,0.00012534107289810179,-0.002829515412805201,0.0024087703771944018,-0.0226620709865577,1.0,0.9791666666666666
1187,98,50,random,0.0134429555986729,0.0043838156229416,0.0330587050911978,0.0434522795605672,0.0169173318232147,-0.0040538050379201,-0.0063248916514878,-0.007082537504827,-0.0070316417060897,0.0043319980398612,-0.0226815043164451,-0.0084374194703361,-0.0198890287386447,-0.0180494104383695,-0.012793650350892,-0.0210801493491173,-0.0065570444013271,-0.0156161843770584,0.0130587050911978,0.0234522795605672,0.0169173318232147,-0.0040538050379201,-0.0063248916514878,-0.007082537504827,-0.0070316417060897,0.0043319980398612,-0.0226815043164451,-0.0084374194703361,0.00011097126135529989,0.0019505895616305016,0.007206349649108001,-0.0010801493491173,0.9583333333333333,0.9166666666666666
1188,99,1000,1,0.0101677739363048,0.0084603173168338,0.024753863994327,0.025854449852614,0.0082385552187289,-0.0078021487868169,-0.0133809811282388,0.0062962437327722,-0.0013344781493132,-0.0062594205873102,0.0077709820076657,0.0011287972806712,-0.0190387748124964,-0.0157446568353485,-0.0237149358175043,-0.0115667666143006,-0.0098322260636952,-0.0115396826831662,0.004753863994327,0.005854449852613998,0.0082385552187289,-0.0078021487868169,-0.0133809811282388,0.0062962437327722,-0.0013344781493132,-0.0062594205873102,0.0077709820076657,0.0011287972806712,0.000961225187503599,0.004255343164651499,-0.0037149358175042994,0.0084332333856994,1.0,0.9791666666666666
1189,99,1000,10,0.0101406485859636,0.0146360428848852,0.0207284881220655,0.019888768924785,0.0043450997459761,-0.0091043920335082,-0.0103228809535277,0.0050033278450982,-0.0031897491314704,-0.0078792180003896,0.0032709766966246,-0.0028784484452092,-0.0182925331778658,-0.0137280369154334,-0.023807189258477,-0.0146894123317213,-0.009859351414036401,-0.0053639571151148,0.0007284881220654994,-0.00011123107521500072,0.0043450997459761,-0.0091043920335082,-0.0103228809535277,0.0050033278450982,-0.0031897491314704,-0.0078792180003896,0.0032709766966246,-0.0028784484452092,0.0017074668221341988,0.0062719630845666004,-0.0038071892584769992,0.0053105876682787,1.0,1.0
1190,99,1000,20,0.0109050675852881,0.014456669467524,0.0195029203367392,0.018622172905467,0.0045219415579487,-0.009041737133101,-0.0109337726528643,0.0046501898045116,-0.0043288752054548,-0.0068722363985129,0.0039354765224398,-0.0034115406442654,-0.0175304685214355,-0.0130345806227901,-0.023989319719386,-0.0141873521775668,-0.0090949324147119,-0.005543330532476,-0.0004970796632608014,-0.001377827094533001,0.0045219415579487,-0.009041737133101,-0.0109337726528643,0.0046501898045116,-0.0043288752054548,-0.0068722363985129,0.0039354765224398,-0.0034115406442654,0.002469531478564501,0.006965419377209901,-0.003989319719386,0.0058126478224332,1.0,1.0
1191,99,1000,random,0.0123006123238259,0.0130274678352795,0.0171872373296304,0.0290764986302672,0.0018684207044953,-0.0117451340201355,-0.0117750163163559,0.0034874160339926,-0.0101139057511667,-0.0112010760763165,0.0040083663937888,-0.000955009248592,-0.0141300197936724,-0.0134259321917158,-0.0253090198386636,-0.0164752119150723,-0.0076993876761741,-0.006972532164720501,-0.0028127626703696,0.009076498630267198,0.0018684207044953,-0.0117451340201355,-0.0117750163163559,0.0034874160339926,-0.0101139057511667,-0.0112010760763165,0.0040083663937888,-0.000955009248592,0.005869980206327601,0.006574067808284201,-0.0053090198386635985,0.003524788084927701,1.0,1.0
1192,99,100,1,0.0118210228691899,0.0149396503552544,0.0201044357709146,0.0268037437928925,0.0049544920623358,-0.0044156463324771,-0.0112082567201151,0.0054897629435205,-0.004443591126386,-0.0058588127241004,0.0068671212205081,-0.0030919263784757,-0.0143595124382246,-0.0079544356387399,-0.0260757075252355,-0.0127987445897196,-0.008178977130810101,-0.005060349644745601,0.00010443577091459946,0.006803743792892499,0.0049544920623358,-0.0044156463324771,-0.0112082567201151,0.0054897629435205,-0.004443591126386,-0.0058588127241004,0.0068671212205081,-0.0030919263784757,0.0056404875617754,0.0120455643612601,-0.0060757075252355006,0.0072012554102804,1.0,0.9791666666666666
1193,99,100,10,0.0113878967081412,0.0134565841774215,0.0211833471182712,0.0178152029114865,0.0045969142953909,-0.0092021297927568,-0.0102205953280855,0.0037751662007909,-0.0056899221168775,-0.008149920514488,0.0030521987521547,-0.001175176506307,-0.0179055615674719,-0.0127560459118331,-0.0264169271621214,-0.015933616625838,-0.0086121032918588,-0.0065434158225785004,0.0011833471182711996,-0.002184797088513501,0.0045969142953909,-0.0092021297927568,-0.0102205953280855,0.0037751662007909,-0.0056899221168775,-0.008149920514488,0.0030521987521547,-0.001175176506307,0.0020944384325281007,0.007243954088166901,-0.006416927162121399,0.004066383374162,1.0,1.0
1194,99,100,20,0.0129151317400224,0.0179878606739407,0.0218320690015559,0.0168968033101379,0.0062191969073288,-0.0121090875708078,-0.0099920198126081,0.0035749228467527,-0.0072922865689448,-0.0074537466472806,0.0037478963133442,-0.0018807808071751,-0.0184106791882255,-0.0111979360199291,-0.0277443785546385,-0.0160895218446275,-0.0070848682599776,-0.0020121393260593007,0.0018320690015559,-0.0031031966898621005,0.0062191969073288,-0.0121090875708078,-0.0099920198126081,0.0035749228467527,-0.0072922865689448,-0.0074537466472806,0.0037478963133442,-0.0018807808071751,0.0015893208117745,0.0088020639800709,-0.007744378554638498,0.0039104781553725015,1.0,0.9791666666666666
1195,99,100,random,0.0104824126613035,0.0060600054577215,0.0168433626739105,0.0235586487940358,-0.0017070184979744,-0.0151881406126495,-0.0064561123758738,0.0024743543450045,-0.0112865346871323,-0.0126387629435279,0.0061292810022212,-0.0070678821383788,-0.024007666505057,-0.011690924544271,-0.0399933812693178,-0.0183874862863539,-0.0095175873386965,-0.0139399945422785,-0.0031566373260894995,0.0035586487940358,-0.0017070184979744,-0.0151881406126495,-0.0064561123758738,0.0024743543450045,-0.0112865346871323,-0.0126387629435279,0.0061292810022212,-0.0070678821383788,-0.004007666505057,0.008309075455729,-0.0199933812693178,0.0016125137136461,0.9791666666666666,0.9583333333333334
1196,99,50,1,0.0085715580283092,0.0056673111418142,0.0177826041732234,0.0194051540090152,0.0038851633415911,-0.0009652085864771,-0.00185124940126,-0.0014600732121813,-0.0082414982996021,-0.004764145124776,0.0099108317814527,0.002553860658458,-0.019113422052672,-0.0190267443172483,-0.0290613778263696,-0.0115945056513077,-0.0114284419716908,-0.0143326888581858,-0.002217395826776599,-0.0005948459909848013,0.0038851633415911,-0.0009652085864771,-0.00185124940126,-0.0014600732121813,-0.0082414982996021,-0.004764145124776,0.0099108317814527,0.002553860658458,0.0008865779473280003,0.0009732556827517017,-0.0090613778263696,0.0084054943486923,0.9583333333333333,1.0
1197,99,50,10,0.0111440164557483,0.0103372903776034,0.0210354291859255,0.0220589927494416,0.0033761295088111,-0.0129186737899146,-0.0076774210757108,0.0034372620743834,-0.0020522407570394,-0.0093549752050325,0.004279874905111,-0.001212489208053,-0.0154382101799763,-0.01227025366146,-0.0320052720078018,-0.012082692478089,-0.0088559835442517,-0.0096627096223966,0.0010354291859254981,0.002058992749441598,0.0033761295088111,-0.0129186737899146,-0.0076774210757108,0.0034372620743834,-0.0020522407570394,-0.0093549752050325,0.004279874905111,-0.001212489208053,0.0045617898200237,0.007729746338540001,-0.012005272007801802,0.007917307521911,1.0,0.9583333333333333
1198,99,50,20,0.0119171777174346,0.0114837914566163,0.0202331721800136,0.0222246197773424,0.001034614450765,-0.0132084253940188,-0.0075826518732972,0.0013627945960771,-0.0062542059166834,-0.0059126336285444,0.0050178078971172,-0.0021600545451962,-0.0162835917708596,-0.0132221977699745,-0.0291794489245078,-0.0125488304462688,-0.0080828222825654,-0.0085162085433837,0.00023317218001359802,0.0022246197773423994,0.001034614450765,-0.0132084253940188,-0.0075826518732972,0.0013627945960771,-0.0062542059166834,-0.0059126336285444,0.0050178078971172,-0.0021600545451962,0.003716408229140402,0.0067778022300255,-0.0091794489245078,0.0074511695537312,1.0,0.9791666666666666
1199,99,50,random,0.0100737380403879,0.0057081588308137,0.0127870862510131,0.0395223167683871,0.0006729306922741,-0.0135052559588637,-0.0070321703858139,0.0066552654795632,-0.0093378636133394,-0.0089891102788098,0.0111448117385196,0.0027230805084542,-0.0214675984304183,-0.0089289896424005,-0.0365817532145613,-0.0186017298311865,-0.0099262619596121,-0.0142918411691863,-0.0072129137489869,0.0195223167683871,0.0006729306922741,-0.0135052559588637,-0.0070321703858139,0.0066552654795632,-0.0093378636133394,-0.0089891102788098,0.0111448117385196,0.0027230805084542,-0.0014675984304182987,0.011071010357599501,-0.0165817532145613,0.0013982701688135014,0.9375,0.9375
