polymorphic_index,HXB2_index,nucleotide,TF,consensus,epitope,escape,sc_old,sc_MPL,tc_MPL,f_at_0,f_at_13,f_at_41,f_at_69,f_at_174,f_at_420,xp_at_0,xp_at_13,xp_at_41,xp_at_69,xp_at_174,xp_at_420
0,5096,G,A,G,RIKTWKSLVK,True,0.01433,-0.001043,0.08201361,0.0,0.0,0.035714,0.0,0.08,0.090909,0.000000,0.000000,0.071429,0.956522,1.000000,1.000000
1,5097,T,A,A,RIKTWKSLVK,True,0.054757,0.027426,0.08201361,0.0,0.0,0.0,0.95652,0.92,0.90909,0.000000,0.000000,0.071429,0.956522,1.000000,1.000000
2,5106,C,A,A,RIKTWKSLVK,True,-0.004825,-0.014382,0.08201361,0.0,0.0,0.035714,0.0,0.0,0.0,0.000000,0.000000,0.071429,0.956522,1.000000,1.000000
3,5107,G,A,A,RIKTWKSLVK,True,-0.00145,-0.010419,0.08201361,0.0,0.0,0.035714,0.0,0.0,0.0,0.000000,0.000000,0.071429,0.956522,1.000000,1.000000
302,8776,C,T,T,RQGLERALI,True,0.002063,-0.00204,0.03309678,0.0,0.0,0.0,0.0,0.04,0.0,0.000000,0.000000,0.000000,0.000000,0.920000,1.000000
303,8784,A,G,G,RQGLERALI,True,0.021113,0.003908,0.03309678,0.0,0.0,0.0,0.0,0.76,0.45455,0.000000,0.000000,0.000000,0.000000,0.920000,1.000000
304,8785,T,C,C,RQGLERALI,True,0.006572,0.001354,0.03309678,0.0,0.0,0.0,0.0,0.08,0.54545,0.000000,0.000000,0.000000,0.000000,0.920000,1.000000
305,8789,T,A,G,RQGLERALI,True,0.003965,0.001554,0.03309678,0.0,0.0,0.0,0.0,0.04,0.0,0.000000,0.000000,0.000000,0.000000,0.920000,1.000000
352,9359,A,G,G,RLAYQHIAKEK,True,0.028722,-0.002222,0.1481088,0.0,0.071429,0.14286,0.043478,0.0,0.0,0.000000,0.071429,1.000000,1.000000,1.000000,1.000000
352,9359,T,G,G,RLAYQHIAKEK,True,0.029614,0.007074,0.1481088,0.0,0.0,0.28571,0.0,0.04,0.63636,0.000000,0.071429,1.000000,1.000000,1.000000,1.000000
353,9370,A,C,C,RLAYQHIAKEK,True,-0.000218,-0.000292,0.1481088,0.0,0.0,0.071429,0.0,0.04,0.0,0.000000,0.071429,1.000000,1.000000,1.000000,1.000000
355,9383,G,A,G,RLAYQHIAKEK,True,0.072137,0.029415,0.1481088,0.0,0.0,0.57143,1.0,1.0,1.0,0.000000,0.071429,1.000000,1.000000,1.000000,1.000000
