polymorphic_index,HXB2_index,nucleotide,TF,consensus,epitope,escape,sc_old,sc_MPL,tc_MPL,f_at_0,f_at_9,f_at_14,f_at_21,xp_at_0,xp_at_9,xp_at_14,xp_at_21
198,9111,C,A,A,KRREILDLWVY,True,0.008489,0.007948,0.2588864,0.0,0.0,0.0,0.043478,0.310345,0.800000,1.000000,1.000000
199,9116,A,G,A,KRREILDLWVY,True,0.052898,0.020999,0.2588864,0.2069,0.2,0.25,0.43478,0.310345,0.800000,1.000000,1.000000
200,9122,C,T,T,KRREILDLWVY,True,0.009214,0.002775,0.2588864,0.0,0.0,0.125,0.0,0.310345,0.800000,1.000000,1.000000
201,9137,C,T,T,KRREILDLWVY,True,0.004471,0.001432,0.2588864,0.0,0.0,0.0625,0.0,0.310345,0.800000,1.000000,1.000000
202,9139,C,T,T,KRREILDLWVY,True,0.03999,0.018282,0.2588864,0.10345,0.6,0.5625,0.52174,0.310345,0.800000,1.000000,1.000000
