polymorphic_index,HXB2_index,nucleotide,TF,consensus,epitope,escape,sc_old,sc_MPL,tc_MPL,f_at_0,f_at_21,f_at_77,f_at_179,f_at_438,xp_at_0,xp_at_21,xp_at_77,xp_at_179,xp_at_438
30,1979,G,A,A,GKEGHIAKN,True,0.010039905,-0.0018464382999999,0.1126269,0.0,0.0,0.75,0.0,0.0,0.000000,0.000000,1.000000,1.000000,1.000000
31,1990,C,A,A,GKEGHIAKN,True,0.001386123,-0.0006907464,0.1126269,0.0,0.0,0.25,0.0,0.0,0.000000,0.000000,1.000000,1.000000,1.000000
33,1997,G,A,G,GKEGHIAKN,True,0.0591381,0.02244627,0.1126269,0.0,0.0,0.0,1.0,1.0,0.000000,0.000000,1.000000,1.000000,1.000000
