polymorphic_index,HXB2_index,nucleotide,TF,consensus,epitope,escape,sc_old,sc_MPL,tc_MPL,f_at_0,f_at_21,f_at_60,f_at_172,f_at_424,f_at_676,xp_at_0,xp_at_21,xp_at_60,xp_at_172,xp_at_424,xp_at_676
41, 5998,C,A,A,DETLLQAVR,True,-0.0010810836999999, -0.003698481, 0.1176754,0.0,0.0,0.0,0.0,0.625,0.76, 0.222222,0.882353,1.0,1.0,1.0,1.0
41, 5998,G,A,A,DETLLQAVR,True,0.0005851051, -0.010246298, 0.1176754,0.11111,0.0,0.16667,0.0,0.0,0.0, 0.222222,0.882353,1.0,1.0,1.0,1.0
42, 6000,G,A,G,DETLLQAVR,True,0.07369675, 0.03475908, 0.1176754,0.11111,0.88235,0.83333,1.0,1.0,1.0, 0.222222,0.882353,1.0,1.0,1.0,1.0
91, 6732,A,C,C,KQRVHALFY,True,-0.0017582838, -0.0015216261, 0.00749287,0.0,0.0,0.0,0.0,0.0,0.04, 0.0,0.058824,0.166667,0.583333,0.958333,1.0
92, 6733,G,A,A,KQRVHALFY,True,-0.0015731197999999, -0.000873799, 0.00749287,0.0,0.0,0.0,0.0,0.083333,0.04, 0.0,0.058824,0.166667,0.583333,0.958333,1.0
93, 6735,G,A,A,KQRVHALFY,True,0.000579682, 0.0004261896, 0.00749287,0.0,0.0,0.0,0.0,0.25,0.4, 0.0,0.058824,0.166667,0.583333,0.958333,1.0
94, 6736,A,G,A,KQRVHALFY,True,0.013165309, 0.009536611, 0.00749287,0.0,0.0,0.16667,0.58333,0.70833,0.64, 0.0,0.058824,0.166667,0.583333,0.958333,1.0
95, 6737,C,A,A,KQRVHALFY,True,-0.000685793, -0.0001461632, 0.00749287,0.0,0.0,0.0,0.0,0.041667,0.04, 0.0,0.058824,0.166667,0.583333,0.958333,1.0
96, 6739,A,T,T,KQRVHALFY,True,-0.0011604541, -0.0006126329, 0.00749287,0.0,0.0,0.0,0.0,0.0,0.12, 0.0,0.058824,0.166667,0.583333,0.958333,1.0
96, 6739,C,T,T,KQRVHALFY,True,-0.0016658774999999, -0.0015374802, 0.00749287,0.0,0.0,0.0,0.0,0.0,0.04, 0.0,0.058824,0.166667,0.583333,0.958333,1.0
98, 6741,A,C,T,KQRVHALFY,True,-0.0002581688999999, 0.0003039045, 0.00749287,0.0,0.0,0.0,0.0,0.33333,0.52, 0.0,0.058824,0.166667,0.583333,0.958333,1.0
98, 6741,T,C,T,KQRVHALFY,True,0.0013487589, 0.0018498364, 0.00749287,0.0,0.0,0.0,0.0,0.0,0.24, 0.0,0.058824,0.166667,0.583333,0.958333,1.0
99, 6742,G,A,A,KQRVHALFY,True,-0.0020737828, -0.002406005, 0.00749287,0.0,0.0,0.0,0.0,0.16667,0.0, 0.0,0.058824,0.166667,0.583333,0.958333,1.0
101, 6757,A,G,G,KQRVHALFY,True,-0.00442655, -0.007319434, 0.00749287,0.0,0.058824,0.0,0.0,0.0,0.0, 0.0,0.058824,0.166667,0.583333,0.958333,1.0
284, 9116,A,G,A,REILDLWVY,True,-0.0006463116, -0.00024852876, -0.00435466,0.0,0.0,0.0,0.083333,0.0,0.04, 0.0,0.0,0.0,0.083333,0.083333,0.48
285, 9120,C,G,G,REILDLWVY,True,0.00108663199, 0.0020104066, -0.00435466,0.0,0.0,0.0,0.0,0.083333,0.48, 0.0,0.0,0.0,0.083333,0.083333,0.48
