polymorphic_index,HXB2_index,nucleotide,TF,consensus,epitope,escape,sc_old,sc_MPL,tc_MPL,f_at_0,f_at_13,f_at_41,f_at_69,f_at_174,f_at_420,xp_at_0,xp_at_13,xp_at_41,xp_at_69,xp_at_174,xp_at_420
0,5096,G,A,G,RIKTWKSLVK,True,0.014329635,-0.0010364533,0.08194704,0.0,0.0,0.035714,0.0,0.08,0.090909,0.000000,0.000000,0.071429,0.956522,1.000000,1.000000
1,5097,T,A,A,RIKTWKSLVK,True,0.0547566399999999,0.02745267,0.08194704,0.0,0.0,0.0,0.95652,0.92,0.90909,0.000000,0.000000,0.071429,0.956522,1.000000,1.000000
2,5106,C,A,A,RIKTWKSLVK,True,-0.004824794,-0.014390182,0.08194704,0.0,0.0,0.035714,0.0,0.0,0.0,0.000000,0.000000,0.071429,0.956522,1.000000,1.000000
3,5107,G,A,A,RIKTWKSLVK,True,-0.001450432,-0.010424368,0.08194704,0.0,0.0,0.035714,0.0,0.0,0.0,0.000000,0.000000,0.071429,0.956522,1.000000,1.000000
302,8776,C,T,T,RQGLERALI,True,0.0020628266,-0.002053981,0.03321335,0.0,0.0,0.0,0.0,0.04,0.0,0.000000,0.000000,0.000000,0.000000,0.920000,1.000000
303,8784,A,G,G,RQGLERALI,True,0.02111325,0.003863855,0.03321335,0.0,0.0,0.0,0.0,0.76,0.45455,0.000000,0.000000,0.000000,0.000000,0.920000,1.000000
304,8785,T,C,C,RQGLERALI,True,0.006571943,0.0013416756999999,0.03321335,0.0,0.0,0.0,0.0,0.08,0.54545,0.000000,0.000000,0.000000,0.000000,0.920000,1.000000
305,8789,T,A,G,RQGLERALI,True,0.003965298,0.0015477008,0.03321335,0.0,0.0,0.0,0.0,0.04,0.0,0.000000,0.000000,0.000000,0.000000,0.920000,1.000000
352,9359,A,G,G,RLAYQHIAKEK,True,0.028721859,-0.002415789,0.1489701,0.0,0.071429,0.14286,0.043478,0.0,0.0,0.000000,0.071429,1.000000,1.000000,1.000000,1.000000
352,9359,T,G,G,RLAYQHIAKEK,True,0.02961447,0.006923123,0.1489701,0.0,0.0,0.28571,0.0,0.04,0.63636,0.000000,0.071429,1.000000,1.000000,1.000000,1.000000
353,9370,A,C,C,RLAYQHIAKEK,True,-0.0002176196,-0.0002993063999999,0.1489701,0.0,0.0,0.071429,0.0,0.04,0.0,0.000000,0.071429,1.000000,1.000000,1.000000,1.000000
355,9383,G,A,G,RLAYQHIAKEK,True,0.0721368699999999,0.02920511,0.1489701,0.0,0.0,0.57143,1.0,1.0,1.0,0.000000,0.071429,1.000000,1.000000,1.000000,1.000000
