polymorphic_index,HXB2_index,nucleotide,TF,consensus,epitope,escape,sc_old,sc_MPL,tc_MPL,f_at_0,f_at_8,f_at_45,f_at_85,f_at_154,f_at_239,f_at_252,f_at_350,xp_at_0,xp_at_8,xp_at_45,xp_at_85,xp_at_154,xp_at_239,xp_at_252,xp_at_350
16,1514,A,C,C,TSTLQEQIGW,True,0.06509762,0.02744216,0.08656727,0.0,0.0,0.11111,0.22222,0.28571,0.875,0.875,1.0,0.000000,0.000000,0.222222,0.888889,1.000000,1.000000,1.000000,1.000000
17,1532,A,G,G,TSTLQEQIGW,True,0.0326893,-0.012911156,0.08656727,0.0,0.0,0.11111,0.66667,0.71429,0.125,0.125,0.0,0.000000,0.000000,0.222222,0.888889,1.000000,1.000000,1.000000,1.000000
