polymorphic_index,HXB2_index,nucleotide,TF,consensus,epitope,escape,sc_old,sc_MPL,tc_MPL,f_at_0,f_at_16,f_at_45,f_at_111,f_at_181,f_at_283,f_at_412,f_at_552,xp_at_0,xp_at_16,xp_at_45,xp_at_111,xp_at_181,xp_at_283,xp_at_412,xp_at_552
31,1990,C,A,A,CGKEGHIAR,True,0.05631783,0.03071819,0.1547411,0.0,0.0,0.0,0.25,0.18182,1.0,0.45455,0.85714,0.083333,0.000000,1.000000,1.000000,1.000000,1.000000,1.000000,1.000000
32,1997,A,G,A,CGKEGHIAR,True,0.03264849,-0.005064989,0.1547411,0.083333,0.0,1.0,0.75,0.81818,0.25,0.54545,0.14286,0.083333,0.000000,1.000000,1.000000,1.000000,1.000000,1.000000,1.000000
