polymorphic_index,HXB2_index,nucleotide,TF,consensus,epitope,escape,f_at_0,f_at_21,f_at_60,f_at_172,f_at_424,f_at_676,xp_at_0,xp_at_21,xp_at_60,xp_at_172,xp_at_424,xp_at_676
74,6732,A,C,C,KQRVHALFY,True,0.0,0.0,0.0,0.0,0.0,0.04,0.0,0.058824,0.166667,0.583333,0.958333,1.0
75,6733,G,A,A,KQRVHALFY,True,0.0,0.0,0.0,0.0,0.083333,0.04,0.0,0.058824,0.166667,0.583333,0.958333,1.0
76,6735,G,A,A,KQRVHALFY,True,0.0,0.0,0.0,0.0,0.25,0.4,0.0,0.058824,0.166667,0.583333,0.958333,1.0
77,6736,A,G,A,KQRVHALFY,True,0.0,0.0,0.16667,0.58333,0.70833,0.64,0.0,0.058824,0.166667,0.583333,0.958333,1.0
78,6737,C,A,A,KQRVHALFY,True,0.0,0.0,0.0,0.0,0.041667,0.04,0.0,0.058824,0.166667,0.583333,0.958333,1.0
79,6739,A,T,T,KQRVHALFY,True,0.0,0.0,0.0,0.0,0.0,0.12,0.0,0.058824,0.166667,0.583333,0.958333,1.0
79,6739,C,T,T,KQRVHALFY,True,0.0,0.0,0.0,0.0,0.0,0.04,0.0,0.058824,0.166667,0.583333,0.958333,1.0
81,6741,A,C,T,KQRVHALFY,True,0.0,0.0,0.0,0.0,0.33333,0.52,0.0,0.058824,0.166667,0.583333,0.958333,1.0
81,6741,T,C,T,KQRVHALFY,True,0.0,0.0,0.0,0.0,0.0,0.24,0.0,0.058824,0.166667,0.583333,0.958333,1.0
82,6742,G,A,A,KQRVHALFY,True,0.0,0.0,0.0,0.0,0.16667,0.0,0.0,0.058824,0.166667,0.583333,0.958333,1.0
84,6757,A,G,G,KQRVHALFY,True,0.0,0.058824,0.0,0.0,0.0,0.0,0.0,0.058824,0.166667,0.583333,0.958333,1.0
209,8133,-,A,A,NYTDIIYRL,True,0.0,0.058824,0.0,0.0,0.0,0.0,0.0,0.058824,0.0,1.0,1.0,0.96
210,8134,-,A,A,NYTDIIYRL,True,0.0,0.058824,0.0,0.0,0.0,0.0,0.0,0.058824,0.0,1.0,1.0,0.96
211,8135,-,T,T,NYTDIIYRL,True,0.0,0.058824,0.0,0.0,0.0,0.0,0.0,0.058824,0.0,1.0,1.0,0.96
212,8142,A,G,G,NYTDIIYRL,True,0.0,0.0,0.0,0.0,0.041667,0.0,0.0,0.058824,0.0,1.0,1.0,0.96
213,8144,A,T,C,NYTDIIYRL,True,0.0,0.0,0.0,0.083333,0.125,0.28,0.0,0.058824,0.0,1.0,1.0,0.96
213,8144,G,T,C,NYTDIIYRL,True,0.0,0.0,0.0,0.0,0.0,0.12,0.0,0.058824,0.0,1.0,1.0,0.96
214,8146,C,T,C,NYTDIIYRL,True,0.0,0.0,0.0,0.91667,0.875,0.68,0.0,0.058824,0.0,1.0,1.0,0.96
