polymorphic_index,HXB2_index,nucleotide,TF,consensus,epitope,escape,sc_old,sc_MPL,tc_MPL,f_at_0,f_at_14,f_at_28,f_at_70,f_at_183,f_at_434,xp_at_0,xp_at_14,xp_at_28,xp_at_70,xp_at_183,xp_at_434
453,8988,C,A,A,EEVGFPVRPQV,True,-0.0002383899,-2.7695299999999992e-05,0.08938968,0.0,0.0,0.0,0.043478,0.0,0.0,0.000000,0.000000,0.000000,0.956522,1.000000,1.000000
454,8988a,A,G,G,EEVGFPVRPQV,True,0.02559583,0.005266591,0.08938968,0.0,0.0,0.0,0.3913,0.0,0.0,0.000000,0.000000,0.000000,0.956522,1.000000,1.000000
455,8988b,G,A,A,EEVGFPVRPQV,True,0.018760369,0.0016150037,0.08938968,0.0,0.0,0.0,0.13043,0.27273,0.0,0.000000,0.000000,0.000000,0.956522,1.000000,1.000000
456,8988c,C,A,A,EEVGFPVRPQV,True,0.002716611,0.0020409152,0.08938968,0.0,0.0,0.0,0.0,0.0,0.85,0.000000,0.000000,0.000000,0.956522,1.000000,1.000000
457,8990,G,A,A,EEVGFPVRPQV,True,0.02265276,0.002580992,0.08938968,0.0,0.0,0.0,0.3913,0.72727,0.0,0.000000,0.000000,0.000000,0.956522,1.000000,1.000000
458,8991,C,A,A,EEVGFPVRPQV,True,0.0119410759999999,0.002661781,0.08938968,0.0,0.0,0.0,0.043478,0.0,0.15,0.000000,0.000000,0.000000,0.956522,1.000000,1.000000
