polymorphic_index,HXB2_index,nucleotide,TF,consensus,epitope,escape,sc_old,sc_MPL,tc_MPL,f_at_0,f_at_21,f_at_60,f_at_172,f_at_424,f_at_676,xp_at_0,xp_at_21,xp_at_60,xp_at_172,xp_at_424,xp_at_676
29,1225,A,G,G,QMVHQALSP,True,0.05278031,0.007868093,0.1303411,0.0,0.27778,0.28571,0.25,0.095238,0.125,0.000000,0.833333,1.000000,1.000000,1.000000,1.000000
30,1228,A,C,A,QMVHQALSP,True,0.06431255,0.014661162,0.1303411,0.0,0.55556,0.71429,0.75,0.90476,0.875,0.000000,0.833333,1.000000,1.000000,1.000000,1.000000
