polymorphic_index,HXB2_index,nucleotide,TF,consensus,epitope,escape,sc_old,sc_MPL,tc_MPL,f_at_0,f_at_13,f_at_41,f_at_69,f_at_174,f_at_420,f_at_454,xp_at_0,xp_at_13,xp_at_41,xp_at_69,xp_at_174,xp_at_420,xp_at_454
8,871,C,A,A,GGKKKYQLK,True,0.004307167,0.00027136718,0.01556777,0.0,0.0,0.0,0.0,0.11111,0.0,0.0,0.000000,0.000000,0.000000,0.000000,0.111111,1.000000,1.000000
9,872,G,A,A,GGKKKYQLK,True,0.0081259979999999,0.002945145,0.01556777,0.0,0.0,0.0,0.0,0.0,1.0,1.0,0.000000,0.000000,0.000000,0.000000,0.111111,1.000000,1.000000
23,1069,G,A,G,DIKDTKEAL,True,0.0081259979999999,0.002945145,0.009597889,0.0,0.0,0.0,0.0,0.0,1.0,1.0,0.000000,0.000000,0.000000,0.000000,0.111111,1.000000,1.000000
24,1072,C,A,A,DIKDTKEAL,True,0.00042635061,-0.0006181184,0.009597889,0.0,0.0,0.0,0.0,0.0,0.1,0.1,0.000000,0.000000,0.000000,0.000000,0.111111,1.000000,1.000000
25,1082,G,A,A,DIKDTKEAL,True,0.0006295792,-0.0009230018,0.009597889,0.0,0.0,0.0,0.0,0.11111,0.0,0.0,0.000000,0.000000,0.000000,0.000000,0.111111,1.000000,1.000000
78,2236,A,C,C,ELYPMTSLK,True,0.003442319,0.0012661909999999,0.006603546,0.0,0.0,0.0,0.0,0.22222,0.0,0.0,0.000000,0.000000,0.034483,0.000000,0.222222,0.100000,0.100000
79,2249,A,C,C,ELYPMTSLK,True,-0.0002092494,-0.0012537184,0.006603546,0.0,0.0,0.0,0.0,0.0,0.1,0.1,0.000000,0.000000,0.034483,0.000000,0.222222,0.100000,0.100000
81,2258,G,A,G,ELYPMTSLK,True,0.002916118,0.002138488,0.006603546,0.0,0.0,0.034483,0.0,0.0,0.0,0.0,0.000000,0.000000,0.034483,0.000000,0.222222,0.100000,0.100000
149,3931,A,G,G,RGRQKVVSL,True,0.004951634,-0.01135289,0.03783772,0.0,0.0,0.0,0.9,0.11111,0.0,0.0,0.000000,0.000000,0.000000,0.900000,1.000000,1.000000,1.000000
150,3939,A,C,C,RGRQKVVSL,True,0.003671567,-0.00036423282,0.03783772,0.0,0.0,0.0,0.0,0.11111,0.0,0.0,0.000000,0.000000,0.000000,0.900000,1.000000,1.000000,1.000000
151,3946,C,T,T,RGRQKVVSL,True,0.003666984,0.0018115851999999,0.03783772,0.0,0.0,0.0,0.0,0.11111,0.0,0.0,0.000000,0.000000,0.000000,0.900000,1.000000,1.000000,1.000000
152,3951,C,T,T,RGRQKVVSL,True,0.0185386889999999,0.011365043,0.03783772,0.0,0.0,0.0,0.0,0.66667,1.0,1.0,0.000000,0.000000,0.000000,0.900000,1.000000,1.000000,1.000000
