polymorphic_index,HXB2_index,nucleotide,TF,consensus,epitope,escape,sc_old,sc_MPL,tc_MPL,f_at_0,f_at_21,f_at_28,f_at_34,f_at_63,f_at_91,f_at_175,f_at_273,f_at_333,xp_at_0,xp_at_21,xp_at_28,xp_at_34,xp_at_63,xp_at_91,xp_at_175,xp_at_273,xp_at_333
90, 8988a,-,G,G,EEVGFPVKPQV,True,0.005216846, -0.017234428, 0.1651394,0.0,0.0,0.125,0.0,0.0,0.0,0.0,0.0,0.0, 0.0,0.7,0.75,1.0,1.0,1.0,1.0,1.0,1.0
90, 8988a,A,G,G,EEVGFPVKPQV,True,0.014620418, -0.02640394, 0.1651394,0.0,0.3,0.25,0.16667,0.0,0.0,0.0,0.0,0.0, 0.0,0.7,0.75,1.0,1.0,1.0,1.0,1.0,1.0
91, 8988b,-,A,A,EEVGFPVKPQV,True,0.0173858319999999, 0.0019632129999999, 0.1651394,0.0,0.0,0.125,0.0,0.0,0.0,0.0,0.0,0.0, 0.0,0.7,0.75,1.0,1.0,1.0,1.0,1.0,1.0
91, 8988b,G,A,A,EEVGFPVKPQV,True,0.03894738, 0.011980332, 0.1651394,0.0,0.2,0.125,0.41667,0.5,0.11111,0.58333,0.11111,0.33333, 0.0,0.7,0.75,1.0,1.0,1.0,1.0,1.0,1.0
92, 8988c,-,A,A,EEVGFPVKPQV,True,0.031482012, 0.014180812, 0.1651394,0.0,0.0,0.125,0.0,0.0,0.0,0.0,0.0,0.0, 0.0,0.7,0.75,1.0,1.0,1.0,1.0,1.0,1.0
92, 8988c,C,A,A,EEVGFPVKPQV,True,0.0600747499999999, 0.025572283, 0.1651394,0.0,0.1,0.0,0.16667,0.33333,0.77778,0.33333,0.77778,0.66667, 0.0,0.7,0.75,1.0,1.0,1.0,1.0,1.0,1.0
92, 8988c,T,A,A,EEVGFPVKPQV,True,0.039961817, 0.02773161, 0.1651394,0.0,0.0,0.0,0.0,0.083333,0.0,0.083333,0.11111,0.0, 0.0,0.7,0.75,1.0,1.0,1.0,1.0,1.0,1.0
93, 8990,G,A,A,EEVGFPVKPQV,True,0.0350372, 0.02816744, 0.1651394,0.0,0.0,0.125,0.25,0.083333,0.11111,0.0,0.0,0.0, 0.0,0.7,0.75,1.0,1.0,1.0,1.0,1.0,1.0
94, 9008,G,A,G,EEVGFPVKPQV,True,0.0273751299999999, 0.00852536, 0.1651394,0.0,0.1,0.125,0.0,0.0,0.11111,0.58333,0.55556,0.33333, 0.0,0.7,0.75,1.0,1.0,1.0,1.0,1.0,1.0
