polymorphic_index,HXB2_index,nucleotide,TF,consensus,epitope,escape,sc_old,sc_MPL,tc_MPL,f_at_0,f_at_21,f_at_28,f_at_34,f_at_63,f_at_91,f_at_175,f_at_273,f_at_333,xp_at_0,xp_at_21,xp_at_28,xp_at_34,xp_at_63,xp_at_91,xp_at_175,xp_at_273,xp_at_333
560,8370,C,T,T,SPLSFQTLI,True,-0.0020978371,-0.0016225438,-0.006537747,0.0,0.0,0.0,0.0,0.0,0.0,0.0,0.0,0.11111,0.000000,0.000000,0.000000,0.000000,0.000000,0.000000,0.000000,0.222222,0.555556
561,8375,A,C,T,SPLSFQTLI,True,-0.0007763558999999,0.0007800426,-0.006537747,0.0,0.0,0.0,0.0,0.0,0.0,0.0,0.22222,0.44444,0.000000,0.000000,0.000000,0.000000,0.000000,0.000000,0.000000,0.222222,0.555556
618,8988a,-,G,G,EEVGFPVKPQV,True,0.005216846,-0.014699169,0.159069,0.0,0.0,0.125,0.0,0.0,0.0,0.0,0.0,0.0,0.000000,0.700000,0.750000,1.000000,1.000000,1.000000,1.000000,1.000000,1.000000
618,8988a,A,G,G,EEVGFPVKPQV,True,0.014620418,-0.021725583,0.159069,0.0,0.3,0.25,0.16667,0.0,0.0,0.0,0.0,0.0,0.000000,0.700000,0.750000,1.000000,1.000000,1.000000,1.000000,1.000000,1.000000
619,8988b,-,A,A,EEVGFPVKPQV,True,0.0173858319999999,0.002418161,0.159069,0.0,0.0,0.125,0.0,0.0,0.0,0.0,0.0,0.0,0.000000,0.700000,0.750000,1.000000,1.000000,1.000000,1.000000,1.000000,1.000000
619,8988b,G,A,A,EEVGFPVKPQV,True,0.03894738,0.012498071,0.159069,0.0,0.2,0.125,0.41667,0.5,0.11111,0.58333,0.11111,0.33333,0.000000,0.700000,0.750000,1.000000,1.000000,1.000000,1.000000,1.000000,1.000000
620,8988c,-,A,A,EEVGFPVKPQV,True,0.031482012,0.016073371,0.159069,0.0,0.0,0.125,0.0,0.0,0.0,0.0,0.0,0.0,0.000000,0.700000,0.750000,1.000000,1.000000,1.000000,1.000000,1.000000,1.000000
620,8988c,C,A,A,EEVGFPVKPQV,True,0.0600747499999999,0.0347846099999999,0.159069,0.0,0.1,0.0,0.16667,0.33333,0.77778,0.33333,0.77778,0.66667,0.000000,0.700000,0.750000,1.000000,1.000000,1.000000,1.000000,1.000000,1.000000
620,8988c,T,A,A,EEVGFPVKPQV,True,0.039961817,0.0236740849999999,0.159069,0.0,0.0,0.0,0.0,0.083333,0.0,0.083333,0.11111,0.0,0.000000,0.700000,0.750000,1.000000,1.000000,1.000000,1.000000,1.000000,1.000000
621,8990,G,A,A,EEVGFPVKPQV,True,0.0350372,0.019315626,0.159069,0.0,0.0,0.125,0.25,0.083333,0.11111,0.0,0.0,0.0,0.000000,0.700000,0.750000,1.000000,1.000000,1.000000,1.000000,1.000000,1.000000
624,9008,G,A,G,EEVGFPVKPQV,True,0.0273751299999999,0.016377363,0.159069,0.0,0.1,0.125,0.0,0.0,0.11111,0.58333,0.55556,0.33333,0.000000,0.700000,0.750000,1.000000,1.000000,1.000000,1.000000,1.000000,1.000000
