polymorphic_index,HXB2_index,nucleotide,TF,consensus,epitope,escape,sc_old,sc_MPL,tc_MPL,f_at_0,f_at_28,f_at_63,f_at_172,f_at_426,f_at_684,xp_at_0,xp_at_28,xp_at_63,xp_at_172,xp_at_426,xp_at_684
169,3276,T,C,C,PIQLPEKDS,True,0.012388803,0.002944058,0.04613127,0.0,0.0,0.0,0.0,0.625,0.73333,0.000000,0.000000,0.066667,0.615385,1.000000,0.933333
170,3280,C,T,T,PIQLPEKDS,True,-0.0010277702,-0.015218008,0.04613127,0.0,0.0,0.033333,0.0,0.0,0.0,0.000000,0.000000,0.066667,0.615385,1.000000,0.933333
171,3282,A,C,C,PIQLPEKDS,True,0.008692851,0.0001343637,0.04613127,0.0,0.0,0.0,0.076923,0.1875,0.2,0.000000,0.000000,0.066667,0.615385,1.000000,0.933333
172,3283,T,A,A,PIQLPEKDS,True,0.03624176,0.0219475999999999,0.04613127,0.0,0.0,0.0,0.38462,0.125,0.1,0.000000,0.000000,0.066667,0.615385,1.000000,0.933333
174,3293,C,A,A,PIQLPEKDS,True,0.0017940293999999,-0.0009084275999999,0.04613127,0.0,0.0,0.0,0.0,0.0,0.066667,0.000000,0.000000,0.066667,0.615385,1.000000,0.933333
175,3297,A,G,G,PIQLPEKDS,True,0.003383835,0.0005234818,0.04613127,0.0,0.0,0.0,0.0,0.1875,0.1,0.000000,0.000000,0.066667,0.615385,1.000000,0.933333
176,3300,T,A,A,PIQLPEKDS,True,0.00053776039,-0.006654552,0.04613127,0.0,0.0,0.033333,0.0,0.0,0.0,0.000000,0.000000,0.066667,0.615385,1.000000,0.933333
177,3301,A,G,G,PIQLPEKDS,True,0.002326178,-0.003199046,0.04613127,0.0,0.0,0.0,0.15385,0.0,0.0,0.000000,0.000000,0.066667,0.615385,1.000000,0.933333
