polymorphic_index,HXB2_index,nucleotide,TF,consensus,epitope,escape,sc_old,sc_MPL,tc_MPL,f_at_0,f_at_13,f_at_41,f_at_69,f_at_174,f_at_420,xp_at_0,xp_at_13,xp_at_41,xp_at_69,xp_at_174,xp_at_420
0,5096,G,A,G,RIKTWKSLVK,True,0.014329635,-0.0008185001,0.08368563,0.0,0.0,0.035714,0.0,0.08,0.090909,0.000000,0.000000,0.071429,0.956522,1.000000,1.000000
1,5097,T,A,A,RIKTWKSLVK,True,0.0547566399999999,0.02817151,0.08368563,0.0,0.0,0.0,0.95652,0.92,0.90909,0.000000,0.000000,0.071429,0.956522,1.000000,1.000000
2,5106,C,A,A,RIKTWKSLVK,True,-0.004824794,-0.014235648,0.08368563,0.0,0.0,0.035714,0.0,0.0,0.0,0.000000,0.000000,0.071429,0.956522,1.000000,1.000000
3,5107,G,A,A,RIKTWKSLVK,True,-0.001450432,-0.011013444,0.08368563,0.0,0.0,0.035714,0.0,0.0,0.0,0.000000,0.000000,0.071429,0.956522,1.000000,1.000000
352,9359,A,G,G,RLAYQHIAKEK,True,0.028721859,-0.0017112489999999,0.1476285,0.0,0.071429,0.14286,0.043478,0.0,0.0,0.000000,0.071429,1.000000,1.000000,1.000000,1.000000
352,9359,T,G,G,RLAYQHIAKEK,True,0.02961447,0.007896218,0.1476285,0.0,0.0,0.28571,0.0,0.04,0.63636,0.000000,0.071429,1.000000,1.000000,1.000000,1.000000
353,9370,A,C,C,RLAYQHIAKEK,True,-0.0002176196,-8.48848e-05,0.1476285,0.0,0.0,0.071429,0.0,0.04,0.0,0.000000,0.071429,1.000000,1.000000,1.000000,1.000000
355,9383,G,A,G,RLAYQHIAKEK,True,0.0721368699999999,0.02814183,0.1476285,0.0,0.0,0.57143,1.0,1.0,1.0,0.000000,0.071429,1.000000,1.000000,1.000000,1.000000
