polymorphic_index,HXB2_index,nucleotide,TF,consensus,epitope,escape,f_at_0,f_at_21,f_at_77,f_at_179,xp_at_0,xp_at_21,xp_at_77,xp_at_179
15,1979,G,A,A,GKEGHIAKN,True,0.0,0.0,0.75,0.0,0.000000,0.000000,1.000000,1.000000
16,1990,C,A,A,GKEGHIAKN,True,0.0,0.0,0.25,0.0,0.000000,0.000000,1.000000,1.000000
17,1997,G,A,G,GKEGHIAKN,True,0.0,0.0,0.0,1.0,0.000000,0.000000,1.000000,1.000000
19,2361,C,A,A,EEMNLTGKW,True,0.0,0.0,0.0,0.125,0.000000,0.000000,0.000000,1.000000
20,2362,G,A,A,EEMNLTGKW,True,0.0,0.0,0.0,0.25,0.000000,0.000000,0.000000,1.000000
21,2367,G,A,C,EEMNLTGKW,True,0.0,0.0,0.0,0.25,0.000000,0.000000,0.000000,1.000000
22,2374,G,A,A,EEMNLTGKW,True,0.0,0.0,0.0,0.5,0.000000,0.000000,0.000000,1.000000
