polymorphic_index,HXB2_index,nucleotide,TF,consensus,epitope,escape,f_at_0,f_at_21,f_at_60,f_at_172,xp_at_0,xp_at_21,xp_at_60,xp_at_172
396,8133,-,A,A,NYTDIIYRL,True,0.0,0.058824,0.0,0.0,0.000000,0.058824,0.000000,1.000000
397,8134,-,A,A,NYTDIIYRL,True,0.0,0.058824,0.0,0.0,0.000000,0.058824,0.000000,1.000000
398,8135,-,T,T,NYTDIIYRL,True,0.0,0.058824,0.0,0.0,0.000000,0.058824,0.000000,1.000000
399,8144,A,T,C,NYTDIIYRL,True,0.0,0.0,0.0,0.083333,0.000000,0.058824,0.000000,1.000000
400,8146,C,T,C,NYTDIIYRL,True,0.0,0.0,0.0,0.91667,0.000000,0.058824,0.000000,1.000000
