polymorphic_index,HXB2_index,nucleotide,TF,consensus,epitope,escape,f_at_0,f_at_25,f_at_67,xp_at_0,xp_at_25,xp_at_67
2,1003,T,A,A,GTEELRSLY,True,0.0,0.0,0.045455,0.000000,0.062500,1.000000
3,1006,A,G,G,GTEELRSLY,True,0.0,0.0,0.090909,0.000000,0.062500,1.000000
4,1011,C,A,A,GTEELRSLY,True,0.0,0.0,0.090909,0.000000,0.062500,1.000000
5,1016,A,G,G,GTEELRSLY,True,0.0,0.0625,0.0,0.000000,0.062500,1.000000
6,1024,C,T,T,GTEELRSLY,True,0.0,0.0,0.77273,0.000000,0.062500,1.000000
