polymorphic_index,HXB2_index,nucleotide,TF,consensus,epitope,escape,f_at_0,f_at_13,f_at_41,f_at_69,f_at_174,f_at_420,f_at_454,xp_at_0,xp_at_13,xp_at_41,xp_at_69,xp_at_174,xp_at_420,xp_at_454
23,1069,G,A,G,DIKDTKEAL,True,0.0,0.0,0.0,0.0,0.0,1.0,1.0,0.000000,0.000000,0.000000,0.000000,0.111111,1.000000,1.000000
24,1072,C,A,A,DIKDTKEAL,True,0.0,0.0,0.0,0.0,0.0,0.1,0.1,0.000000,0.000000,0.000000,0.000000,0.111111,1.000000,1.000000
25,1082,G,A,A,DIKDTKEAL,True,0.0,0.0,0.0,0.0,0.11111,0.0,0.0,0.000000,0.000000,0.000000,0.000000,0.111111,1.000000,1.000000
78,2236,A,C,C,ELYPMTSLK,True,0.0,0.0,0.0,0.0,0.22222,0.0,0.0,0.000000,0.000000,0.034483,0.000000,0.222222,0.100000,0.100000
79,2249,A,C,C,ELYPMTSLK,True,0.0,0.0,0.0,0.0,0.0,0.1,0.1,0.000000,0.000000,0.034483,0.000000,0.222222,0.100000,0.100000
81,2258,G,A,G,ELYPMTSLK,True,0.0,0.0,0.034483,0.0,0.0,0.0,0.0,0.000000,0.000000,0.034483,0.000000,0.222222,0.100000,0.100000
149,3931,A,G,G,RGRQKVVSL,True,0.0,0.0,0.0,0.9,0.11111,0.0,0.0,0.000000,0.000000,0.000000,0.900000,1.000000,1.000000,1.000000
150,3939,A,C,C,RGRQKVVSL,True,0.0,0.0,0.0,0.0,0.11111,0.0,0.0,0.000000,0.000000,0.000000,0.900000,1.000000,1.000000,1.000000
151,3946,C,T,T,RGRQKVVSL,True,0.0,0.0,0.0,0.0,0.11111,0.0,0.0,0.000000,0.000000,0.000000,0.900000,1.000000,1.000000,1.000000
152,3951,C,T,T,RGRQKVVSL,True,0.0,0.0,0.0,0.0,0.66667,1.0,1.0,0.000000,0.000000,0.000000,0.900000,1.000000,1.000000,1.000000
